ano,lid,cd_tse,zona,nr_local,nome,bairro_tse,lat,lon,aptos,bairro,aprox
2020,0,19,1,1031,SAUL BENNESBY - MUNICIPAL,CAETANO,-10.7683,-65.32639,2075,120,0
2020,1,19,1,1058,SIMON BOLIVAR - ESTADUAL,CENTRO,-10.79118,-65.34381,2674,121,0
2020,2,19,1,1066,PAULO SALDANHA - ESTADUAL,CENTRO,-10.78765,-65.34039,1176,121,0
2020,3,19,1,1104,ROCHA LEAL - ESTADUAL,SAO JOSE,-10.7878,-65.33659,1204,132,0
2020,4,19,1,1112,ALMIRANTE TAMANDARE - ESCOLA ESTADUAL,TAMANDARE,-10.7797,-65.33937,2635,133,0
2020,5,19,1,1139,CAPITAO GODOY - ESCOLA ESTADUAL,SAO JOSE,-10.78766,-65.33417,1377,132,0
2020,6,19,1,1155,IRMA MARIA CELESTE - ESTADUAL,SERRARIA,-10.77775,-65.3315,2591,133,0
2020,7,19,1,1163,GASPAR DUTRA - IATA - ESTADUAL,DISTRITO DO IATA,-10.58765,-65.38556,624,-1,0
2020,8,19,1,1198,SALOMÃO JUSTINIANO DE MELGAR - ESTADUAL,DISTRITO DE SURPRESA,-11.88179,-65.01989,858,-1,0
2020,9,19,1,1201,BARRACAO DO POMPEU - COMUNIDADE,RESERVA RIO ORO PRETO - POMPEU,-10.91749,-65.04297,197,-1,0
2020,10,19,1,1210,ALKINDAR BRASIL DE AROUCA - ESCOLA ESTADUAL,10 DE ABRIL,-10.77538,-65.32122,3709,123,0
2020,11,19,1,1260,JOSE CARLOS NERI - MUNICIPAL,PROSPERO,-10.76734,-65.31031,3168,128,0
2020,12,19,1,1279,IRMA HILDA - MUNICIPAL,SANTA LUZIA,-10.7808,-65.31987,2302,129,0
2020,13,19,1,1295,ESCOLA INDIGENA ABRAAO KOOP,ALDEIA SANTO ANDRE,-11.16399,-65.01713,350,-1,0
2020,14,19,1,1317,MARIA LIBERTY - MUNICIPAL,JARDIM DAS ESMERALDAS,-10.7606,-65.30417,2033,125,0
2020,15,19,1,1325,TEOFILO LIMAO DE SOUZA - MUNICIPAL,RAMAL CACHOEIRINHA,-10.72909,-64.93072,196,-1,0
2020,16,19,1,1333,ESCOLA INDIGENA POSSIDONIO BASTOS,ALDEIA RIO NEGRO OCAIA,-11.18277,-64.8345,471,-1,0
2020,17,19,1,1376,ESCOLA ESTADUAL  INDÍGENA 05 DE JULHO,ALDEIA RICARDO FRANCO,-10.88394,-65.2258,100,-1,1
2020,18,35,2,1015,CARMELA DUTRA INSTITUTO ESTADUAL,ARIGOLANDIA,-8.75991,-63.90942,3541,227,0
2020,19,35,2,1031,MARECHAL CASTELO BRANCO - ESCOLA ESTADUAL,PANAIR,-8.75267,-63.91098,4867,262,0
2020,20,35,2,1074,INSTITUTO LAURA VICUNA - ESCOLA PARTICULAR,OLARIA,-8.75599,-63.89997,3010,261,0
2020,21,35,2,1104,BARÃO DO SOLIMÕES - ESCOLA ESTADUAL,CAIARI,-8.76227,-63.90462,1274,229,0
2020,22,35,2,1120,NACOES UNIDAS - ESCOLA ESTADUAL,PEDRINHAS,-8.74427,-63.90449,1985,263,0
2020,23,35,2,1139,PADRE MORETTI - CENTRO EDUCACIONAL (SAMARITANA),SAO JOAO BOSCO,-8.75511,-63.89924,1563,269,0
2020,24,35,2,1171,SENAC SERVICO NACIONAL DE APRENDIZAGEM COMERCIAL,PANAIR,-8.75172,-63.91074,2268,261,0
2020,25,35,2,1406,SAO SEBASTIAO I  - ESCOLA ESTADUAL,SAO SEBASTIAO,-8.73805,-63.90822,2478,271,0
2020,26,35,2,1449,DR OSWALDO PIANA - ESCOLA ESTADUAL,NACIONAL,-8.72741,-63.90923,3516,255,0
2020,27,35,2,1473,MURILO BRAGA - ESCOLA ESTADUAL,CENTRO,-8.7633,-63.89639,1299,265,0
2020,28,35,2,1481,MARIA IZAURA DA COSTA CRUZ - ESCOLA MUNICIPAL,COSTA E SILVA,-8.7369,-63.89217,3626,238,0
2020,29,35,2,1490,RIO MADEIRA - ESCOLA MUNICIPAL,NOVA ESPERANCA,-8.72358,-63.87691,1931,257,1
2020,30,35,2,1503,TIRADENTES - ESCOLA ESTADUAL,INDUSTRIAL,-8.73807,-63.87914,6694,247,0
2020,31,35,2,1520,JOHN KENNEDY - ESCOLA ESTADUAL,SAO CRISTOVAO,-8.75776,-63.89454,2957,269,0
2020,32,35,2,1538,INTERAÇÃO - PARTICULAR,CENTRO,-8.76518,-63.90226,1075,233,0
2020,33,35,2,1546,21 DE ABRIL - ESCOLA ESTADUAL,LIBERDADE,-8.75061,-63.89106,4461,251,0
2020,34,35,2,1554,MAJOR GUAPINDAIA - ESCOLA ESTADUAL,SAO JOAO BOSCO,-8.74481,-63.89523,4245,270,0
2020,35,35,2,1570,JOSÉ DE FREITAS - ESCOLA MUNICIPAL,PROJETO ASSENTAMENTO JOANA D'ARC I,-8.97859,-64.31598,512,-1,0
2020,36,35,2,1589,RIACHO AZUL - ESCOLA MUNICIPAL,REASSENTAMENTO RIACHO AZUL,-8.80983,-64.02873,199,-1,0
2020,37,35,2,1597,ERMELINDO MONTEIRO BRASIL - ESCOLA MUNICIPAL,CJ HABITACIONAL POPULAR DNIT,-8.73573,-63.93593,925,255,1
2020,38,35,2,1600,ENGENHO DO MADEIRA - ESCOLA MUNICIPAL,AGROVILA NOVO ENGENHO VELHO,-8.77185,-63.93129,215,275,1
2020,39,35,2,1627,ESCOLA JOSÉ RODRIGUES - MUNICIPAL,VILA FRANCISCANA,-8.77,-64.07832,177,-1,0
2020,40,35,2,1635,NACIONAL - ESCOLA MUNICIPAL,NACIONAL,-8.73161,-63.91089,818,255,0
2020,41,35,2,1643,ESCOLA SANTA MARCELINA,EMBRATEL,-8.74543,-63.88143,3043,242,0
2020,42,35,2,1651,JOSE OTINO DE FREITAS - ESCOLA MUNICIPAL,FLODOALDO PONTES PINTO,-8.74207,-63.87539,5086,244,0
2020,43,35,2,1660,ESCOLA SANTA MARCELINA (BRASÍLIA),EMBRATEL,-8.74579,-63.882,5386,242,0
2020,44,35,2,1678,IFRO - INSTITUTO DE EDUCAÇÃO CIÊNCIA E TECNOLOGIA DE RONDONIA,FLODOALDO PONTES PINTO,-8.74519,-63.87149,4158,244,0
2020,45,35,2,1686,LUIZ SOARES DE CÁSSIA - ESCOLA MUNICIPAL,MARINGA,-8.74449,-63.83636,643,273,0
2020,46,35,2,1694,FLORA CALHEIROS COTRIN - ESCOLA MUNICIPAL,ESPERANCA DA COMUNIDADE,-8.75107,-63.84445,5011,243,0
2020,47,35,2,1708,QUATRO DE JANEIRO - ESCOLA ESTADUAL,APONIA,-8.74165,-63.86431,3366,224,0
2020,48,35,2,1716,ROBERTO DUARTE PIRES - ESCOLA ESTADUAL,IGARAPE,-8.74491,-63.86269,3301,246,0
2020,49,35,2,1724,PÉ DE MURICI - ESCOLA MUNICIPAL,PLANALTO,-8.73907,-63.84056,1752,273,0
2020,50,35,2,1732,ELOISA BENTES RAMOS - ESCOLA ESTADUAL,FLODOALDO PONTES PINTO,-8.74892,-63.86641,3535,244,0
2020,51,35,2,1740,ESCOLA MUNICIPAL OLAVO PIRES,APONIA,-8.74213,-63.8564,2938,224,0
2020,52,35,2,1759,DARCY RIBEIRO - ESCOLA MUNICIPAL,ESPERANCA DA COMUNIDADE,-8.74965,-63.84583,2983,243,0
2020,53,35,2,1767,JOÃO RIBEIRO - ESCOLA MUNICIPAL,IGARAPE,-8.74069,-63.84868,3216,264,0
2020,54,35,2,1775,PEDRO TAVARES BATALHA - ESCOLA MUNICIPAL,APONIA,-8.7345,-63.86082,3179,224,0
2020,55,35,6,1040,DOM BOSCO - COLÉGIO PARTICULAR,SANTA BARBARA,-8.76645,-63.89986,2872,268,0
2020,56,35,6,1082,GETÚLIO VARGAS - ESCOLA ESTADUAL,AREAL,-8.77174,-63.90252,4806,225,0
2020,57,35,6,1104,PADRE CHIQUINHO - ESCOLA MUNICIPAL,AREAL,-8.77703,-63.89873,4099,225,0
2020,58,35,6,1147,FRANKLIN DELANO ROOSEVELT - ESCOLA ESTADUAL,TRIANGULO,-8.77531,-63.90922,1893,275,0
2020,59,35,6,1376,RIO BRANCO - ESCOLA ESTADUAL,NOSSA SENHORA DAS GRACAS,-8.76439,-63.88815,3251,256,0
2020,60,35,6,1384,BELA VISTA - ESCOLA ESTADUAL,CONCEIÇÃO,-8.79872,-63.89233,6125,237,0
2020,61,35,6,1392,NOSSA SENHORA DAS GRACAS - ESCOLA ESTADUAL,NOSSA SENHORA DAS GRACAS,-8.76814,-63.89348,2385,252,0
2020,62,35,6,1406,CAPITAO CLAUDIO MANOEL DA COSTA - ESCOLA ESTADUAL,CIDADE DO LOBO,-8.80685,-63.88458,6656,235,0
2020,63,35,6,1414,SAUL BENNESBY - ESCOLA MUNICIPAL,ELETRONORTE,-8.79709,-63.89797,2956,241,0
2020,64,35,6,1422,CLASSE A - UNIDADE II - COLÉGIO PARTICULAR,ELETRONORTE,-8.78681,-63.89671,6936,241,0
2020,65,35,6,1430,TIRADENTES VII - COLÉGIO MILITAR ESTADUAL,ROQUE,-8.7744,-63.89072,2907,267,0
2020,66,35,6,1449,MANOEL APARÍCIO NUNES ALMEIDA - ESCOLA MUNICIPAL,CIDADE NOVA,-8.81141,-63.8807,3168,234,0
2020,67,35,6,1457,JOÃO AFRO VIEIRA - ESCOLA MUNICIPAL - VILA PRINCESA,VILA PRINCESA,-8.84932,-63.94085,419,-1,0
2020,68,35,6,1538,CORA CORALINA - ESCOLA MUNICIPAL - DISTRITO JACY PARANA,DISTRITO JACY PARANA,-9.25295,-64.40552,1870,-1,0
2020,69,35,6,1546,MARIA NAZARE DOS SANTOS - ESCOLA ESTADUAL - DISTRITO JACY PARANA,DISTRITO JACY PARANA,-9.25409,-64.41682,1601,-1,0
2020,70,35,6,1554,RIO PARDO - ESCOLA MUNICIPAL - DISTRITO RIO PARDO,DISTRITO RIO PARDO,-9.62628,-63.96701,1815,-1,0
2020,71,35,6,1562,MARIA CASAROTO ABATI - ESCOLA MUNICIPAL - DISTR VISTA ALEGRE DO ABUNÃ,DISTRITO VISTA ALEGRE DO ABUNA,-8.83567,-63.91929,1725,-1,1
2020,72,35,6,1570,MORADORES DA LINHA 01 - ASSOCIAÇÃO - DISTRITO UNIAO BANDEIRANTE,DISTRITO UNIAO BANDEIRANTE,-9.57382,-64.51496,280,-1,0
2020,73,35,6,1589,CÉSAR FREITAS CASSOL -ESCOLA ESTADUAL - DISTRITO UNIÃO BANDEIRANTE,DISTRITO UNIAO BANDEIRANTE,-9.70133,-64.53303,2925,-1,0
2020,74,35,6,1597,MARIA JACIRA FEITOSA DE CARVALHO - ESCOLA MUN. DISTR. NOVA CALIFÓRNIA,DISTRITO NOVA CALIFORNIA,-8.83567,-63.91929,2757,-1,1
2020,75,35,6,1600,MARCO AZUL - ESCOLA MUNICIPAL - COMUNIDADE MARCO AZUL,COMUNIDADE MARCO AZUL,-9.79158,-63.77732,189,-1,0
2020,76,35,6,1619,NOSSA SENHORA DE NAZARE -ESCOLA MUNICIPAL - DISTRIT NOVA MUTUM PARANA,DISTRITO NOVA MUTUM PARANA,-9.29509,-64.55117,1380,-1,0
2020,77,35,6,1627,MANOEL PEDRO PEREIRA - ESCOLA MUNICIPAL - BR 364 - KM 24,ZONA RURAL,-8.94963,-63.98227,242,-1,0
2020,78,35,6,1635,ANTONIO AUGUSTO VASCONCELOS - ESCOLA MUNICIPAL - CACHOEIRA TEOTONIO,VILA CACHOEIRA DE TEOTONIO,-8.87195,-64.05463,179,-1,0
2020,79,35,6,1643,SANTA JÚLIA - ESCOLA MUNICIPAL - VILA PENHA - TAQUARA,VILA PENHA - TAQUARA,-9.86653,-65.26853,485,-1,0
2020,80,35,6,1651,PROFESSORA ANTONIA VIEIRA FROTA - ESCOLA ESTADUAL - DISTR VISTA ALEGRE,DISTRITO VISTA ALEGRE DO ABUNA,-8.83567,-63.91929,1356,-1,1
2020,81,35,6,1660,FLOR DO CUPUAÇÚ - ESCOLA MUNICIPAL - REASSENTAMENTO SANTA RITA,REASSENTAMENTO SANTA RITA,-9.1118,-64.16779,281,-1,0
2020,82,35,6,1678,03 DE DEZEMBRO - ESCOLA MUNICIPAL - DISTRITO UNIÃO BANDEIRANTE,DISTRITO UNIAO BANDEIRANTE,-9.7099,-64.5342,2890,-1,0
2020,83,35,6,1686,EDUARDO LIMA E SILVA - ESCOLA ESTADUAL,NOVA FLORESTA,-8.79244,-63.89361,6397,258,0
2020,84,35,6,1694,MORADORES DA LINHA 8 - ASSOCIAÇÃO - DISTRITO UNIAO BANDEIRANTE,DISTRITO UNIAO BANDEIRANTE,-9.88629,-64.64973,776,-1,0
2020,85,35,6,1708,MARECHAL CANDIDO RONDON - ESCOLA ESTADUAL - DISTRITO ABUNÃ,DISTRITO ABUNA,-9.69864,-65.36776,509,-1,0
2020,86,35,6,1716,13 DE MAIO- ESCOLA ESTADUAL - DISTRITO EXTREMA,DISTRITO EXTREMA DE RONDONIA,-8.83567,-63.91929,1562,-1,1
2020,87,35,6,1732,FLOR DE LARANJEIRA - ESCOLA MUNICIPAL,NOVA FLORESTA,-8.79254,-63.89362,915,258,0
2020,88,35,6,1740,JOAQUIM VICENTE RONDON - ESCOLA MUNICIPAL - DISTRITO JACY PARANA,DISTRITO JACY PARANA,-9.26123,-64.40243,738,-1,0
2020,89,35,6,1759,BARAO DO RIO BRANCO - ESCOLA ESTADUAL - DISTRITO FORTALEZA DO ABUNÃ,DISTRITO FORTALEZA DO ABUNA,-9.78139,-65.52907,252,-1,0
2020,90,35,6,1767,4 DE AGOSTO - ESCOLA MUNICIPAL - ALDEIA KARITIANA,ALDEIA KARITIANA,-9.29543,-64.00395,97,-1,0
2020,91,35,6,1775,JAYME PEIXOTO DE ALENCAR - ESCOLA MUNICIPAL - DISTRITO EXTREMA,DISTRITO EXTREMA DE RONDONIA,-8.83567,-63.91929,2530,-1,1
2020,92,35,20,1040,GOVERNADOR PETRONIO BARCELOS - ESCOLA ESTADUAL,NOVA PORTO VELHO,-8.76843,-63.87829,3176,259,0
2020,93,35,20,1058,GOVERNADOR ARAÚJO LIMA - ESCOLA ESTADUAL,NOVA PORTO VELHO,-8.75898,-63.87726,3919,259,0
2020,94,35,20,1066,COLEGIO ADVENTISTA - PRIVADO,AGENOR DE CARVALHO,-8.75775,-63.87495,2767,223,0
2020,95,35,20,1074,HERBERT DE ALENCAR - ESCOLA ESTADUAL,NOVA PORTO VELHO,-8.76404,-63.87782,1334,259,0
2020,96,35,20,1082,MARIA CARMOSINA PINHEIRO - ESCOLA ESTADUAL,TIRADENTES,-8.75764,-63.84081,5202,274,0
2020,97,35,20,1090,ULISSES GUIMARAES - ESCOLA ESTADUAL,JARDIM SANTANA,-8.75259,-63.81634,5839,-1,0
2020,98,35,20,1104,PROFESSOR ORLANDO FREIRE - ESCOLA ESTADUAL,LAGOA,-8.76888,-63.86984,4372,249,0
2020,99,35,20,1112,SESI - CENTRO EDUCACIONAL DR GILBERTO MENDES DE AZEVEDO,LAGOA,-8.76912,-63.87112,3939,249,0
2020,100,35,20,1120,ESCOLA PADRÃO - ENGENHEIRO FRANCISCO ERSE - ESCOLA MUNICIPAL,CUNIA,-8.75788,-63.85536,4108,239,0
2020,101,35,20,1139,FRANCISCO ELENILSON NEGREIROS - ESCOLA MUNICIPAL,SOCIALISTA,-8.7601,-63.82687,3659,272,1
2020,102,35,20,1147,JUSCELINO KUBTSCHECK - ESCOLA ESTADUAL,AGENOR DE CARVALHO,-8.76276,-63.86422,5479,223,0
2020,103,35,20,1180,GENERAL OSORIO - ESCOLA MUNICIPAL,DISTRITO CALAMA,-8.83567,-63.91929,733,-1,1
2020,104,35,20,1198,HENRIQUE DIAS - ESCOLA MUNICIPAL - DIST SÃO CARLOS,DISTRITO SAO CARLOS,-8.43757,-63.49949,1100,-1,0
2020,105,35,20,1201,AQUILES CHAVES PARAGUASSU - ESCOLA MUNICIPAL - DIST PAPAGAIOS,DISTRITO PAPAGAIOS,-8.18011,-63.09041,110,-1,0
2020,106,35,20,1210,MARIA ANGELICA QUEIROZ  - ESCOLA MUNICIPAL - DIST NOVA ALIANÇA,DISTRITO NOVA ALIANCA,-8.60972,-63.54231,510,-1,0
2020,107,35,20,1228,RAIMUNDO NONATO VIEIRA DA SILVA- ESCOLA ESTADUAL - CUJUBIM-GRANDE,DISTRITO CUJUBIM GRANDE,-8.58482,-63.72943,199,-1,0
2020,108,35,20,1236,UNIÃO - ESCOLA MUNICIPAL,ZONA RURAL,-8.64563,-63.73645,125,-1,0
2020,109,35,20,1244,MARIA NOBRE DA SILVA - UNIDADE DE SAÚDE FAMILIAR,DISTRITO NAZARE,-8.83567,-63.91929,434,-1,1
2020,110,35,20,1252,DEIGMAR MORAES DE SOUZA - ESCOLA MUNICIPAL,DISTRITO CUJUBIM GRANDE,-8.58579,-63.72992,532,-1,0
2020,111,35,20,1260,JOAO DE BARROS GOUVEIA - ESCOLA ESTADUAL - DIST DEMARCAÇÃO,DISTRITO DEMARCACAO RIO MACHADO,-8.17109,-62.7793,205,-1,0
2020,112,35,20,1279,FRANCISCO BRAGA - ESCOLA MUNICIPAL,RESERVA LAGO DO CUNIA,-8.31786,-63.49762,223,-1,0
2020,113,35,20,1287,HENRIQUE DIAS - ESCOLA MUNICIPAL - DIST SÃO CARLOS,DISTRITO SAO CARLOS,-8.43757,-63.49949,28,-1,1
2020,114,35,20,1295,ESCOLA CASTRO ALVES - ESCOLA MUNICIPAL,LOCALIDADE SANTA CATARINA,-8.75259,-63.81634,272,-1,0
2020,115,35,20,1309,ASSOCIAÇÃO DE MORADORES E PRODUTORES TERRA SANTA - AMOPTS,COMUNIDADE TERRA SANTA,-8.7601,-63.82687,176,272,1
2020,116,35,20,1317,JOÃO DE BARROS GOUVEIA - ESCOLA ESTADUAL -  DISTR DEMARCAÇÃO,DISTRITO DEMARCACAO RIO MACHADO,-8.17109,-62.7793,8,-1,1
2020,117,35,20,1325,ANA ADELAIDE - ESCOLA MUNICIPAL,DISTRITO CALAMA,-8.83567,-63.91929,567,-1,1
2020,118,35,20,1333,DOM PEDRO I - ESCOLA ESTADUAL,CASTANHEIRA,-8.80393,-63.8666,1640,232,0
2020,119,35,20,1341,HÉLIO NEVES BOTELHO - ESCOLA ESTADUAL,CALADINHO,-8.79745,-63.88494,2669,230,0
2020,120,35,20,1350,TANCREDO NEVES - ESCOLA ESTADUAL,CALADINHO,-8.80495,-63.87786,5233,230,0
2020,121,35,20,1368,JOAQUIM VICENTE RONDON - ESCOLA MUNICIPAL,COHAB,-8.79123,-63.88103,6742,236,0
2020,122,35,20,1376,TUCUMÃ - ESCOLA MUNICIPAL,COHAB,-8.78898,-63.87277,1130,236,0
2020,123,35,20,1384,HEITOR VILLA LOBOS - ESCOLA ESTADUAL,CASTANHEIRA,-8.79539,-63.86617,2925,232,0
2020,124,35,20,1392,CANTO DO UIRAPURU - ESCOLA MUNICIPAL,AEROCLUBE,-8.80377,-63.86115,985,222,0
2020,125,35,20,1406,RIO GUAPORE - ESCOLA MUNICIPAL,CASTANHEIRA,-8.80148,-63.86964,2222,232,0
2020,126,35,20,1414,JOÃO BENTO DA COSTA - ESCOLA ESTADUAL,ELDORADO,-8.78384,-63.87413,6274,240,0
2020,127,35,20,1422,ESTRELA DO AMANHA - ESCOLA MUNICIPAL,CALADINHO,-8.80524,-63.87861,670,230,0
2020,128,35,20,1430,MANOEL GRANGEIRO - ESCOLA MUNICIPAL,COMUNIDADE VIÇOSA,-8.84964,-63.83219,274,-1,0
2020,129,35,20,1449,MARIA DE NAZARÉ - CENTRO EDUCACIONAL CENTRO EDUCACIONAL,ELDORADO,-8.78766,-63.86842,2269,240,0
2020,130,35,20,1457,JORGE VICENTE SALAZAR DOS SANTOS - ESCOLA ESTADUAL,COHAB,-8.79301,-63.87487,3390,236,0
2020,131,35,20,1465,JESUS BURLAMAQUI HOSANNAH - ESCOLA ESTADUAL,FLORESTA,-8.77645,-63.88116,5957,245,0
2020,132,35,20,1473,URSO BRANCO - CASA DE DETENÇÃO DR. JOSÉ MARIO ALVES DA SILVA,ZONA RURAL,-8.70507,-63.83803,0,-1,0
2020,133,35,20,1490,CENTRO DE RESSOCIALIZAÇÃO SUELY MARIA MENDONÇA,ESCOLA DE POLICIA,-8.75329,-63.83684,0,243,0
2020,134,35,21,1040,DANIEL NERI DA SILVA - ESCOLA ESTADUAL,JUSCELINO KUBITSCHEK,-8.76677,-63.83611,6291,248,0
2020,135,35,21,1058,RISOLETA NEVES - ESCOLA ESTADUAL,TANCREDO NEVES,-8.76014,-63.83783,6343,272,0
2020,136,35,21,1066,MARCOS FREIRE - ESCOLA ESTADUAL,RONALDO ARAGAO,-8.78374,-63.79992,4116,-1,0
2020,137,35,21,1074,JORGE TEIXEIRA DE OLIVEIRA - ESCOLA ESTADUAL,ULYSSES GUIMARAES,-8.77579,-63.80322,3818,-1,0
2020,138,35,21,1104,SAO LUIZ - ESCOLA ESTADUAL,JUSCELINO KUBITSCHEK,-8.77298,-63.8349,6319,248,0
2020,139,35,21,1112,JANIO DA SILVA QUADROS - ESCOLA ESTADUAL,MARIANA,-8.77079,-63.81822,5343,248,1
2020,140,35,21,1139,WADIH DARWICH ZACARIAS - ESCOLA MUNICIPAL,TRES MARIAS,-8.77671,-63.85431,4935,276,0
2020,141,35,21,1163,ULISSES SOARES FERREIRA - ESCOLA MUNICIPAL,JUSCELINO KUBITSCHEK,-8.76778,-63.83626,3806,248,0
2020,142,35,21,1180,MARIANA - ESCOLA ESTADUAL,SAO FRANCISCO,-8.77161,-63.82425,3263,248,1
2020,143,35,21,1198,ESTELA DE ARAÚJO COMPASSO - ESCOLA MUNICIPAL,MARCOS FREIRE,-8.78178,-63.8061,1596,-1,0
2020,144,35,21,1201,MADRE TEREZA DE CALCUTÁ - ESCOLA MUNICIPAL,LAGOINHA,-8.76579,-63.85117,1613,250,0
2020,145,35,21,1210,PINGO DE GENTE - ESCOLA MUNICIPAL,ULYSSES GUIMARAES,-8.77388,-63.80304,1366,-1,0
2020,146,35,21,1228,BOM PRINCIPIO - ESCOLA MUNICIPAL,TANCREDO NEVES,-8.76211,-63.83728,2757,272,0
2020,147,35,21,1236,12 DE OUTUBRO - ESCOLA MUNICIPAL,TRES MARIAS,-8.77404,-63.84429,2222,276,0
2020,148,35,21,1244,PADRE GEOVANI MENDES - ESCOLA MUNICIPAL,TRES MARIAS,-8.76942,-63.84778,1593,250,0
2020,149,35,21,1252,PAULO LEAL - ESCOLA ESTADUAL,ZONA RURAL,-8.80077,-63.77051,1080,-1,0
2020,150,35,21,1260,FLAMBOYANT - ESCOLA MUNICIPAL,CASCALHEIRA,-8.77695,-63.83441,1318,231,1
2020,151,35,21,1279,VOO DA JURITI - ESCOLA MUNICIPAL,JUSCELINO KUBITSCHEK,-8.76856,-63.83502,399,248,0
2020,152,51,3,1040,SEMAS - SECRETARIA MUNICIPAL DE ASSISTÊNCIA SOCIAL,CENTRO,-10.87665,-61.95201,590,143,0
2020,153,51,3,1082,CEL JORGE TEIXEIRA DE OLIVEIRA - ESCOLA ESTADUAL,NOVA LONDRINA,-11.06269,-62.01152,1280,-1,0
2020,154,51,3,1180,DER - DEPTO DE ESTRADAS DE RODAGEM E TRANSPORTE,ZONA RURAL,-10.84438,-62.00494,320,157,1
2020,155,51,3,1210,13 DE MAIO - ESCOLA ESTADUAL,SANTIAGO,-10.86198,-61.97867,1840,169,0
2020,156,51,3,1228,GONÇALVES DIAS - ESCOLA ESTADUAL,JARDIM DOS MIGRANTES,-10.87438,-61.96251,5201,155,0
2020,157,51,3,1236,RIO URUPA - ESCOLA ESTADUAL,URUPÁ,-10.884,-61.95411,3604,176,0
2020,158,51,3,1287,INACIO DE LOYOLA - ESCOLA ESTADUAL,NOVA LONDRINA,-11.06794,-62.00962,840,-1,0
2020,159,51,3,1295,ULISSES MATOSINHO PERES DE PONTES - ESCOLA MUNICIPAL,ZONA RURAL,-11.00135,-62.00892,335,-1,0
2020,160,51,3,1376,LAURO BENNO PREDIGER - ESCOLA ESTADUAL,SANTIAGO,-10.86791,-61.97292,5788,153,0
2020,161,51,3,1384,INSTITUTO FEDERAL DE EDUC CIÊNCIA E TECN DE RONDÔNIA - IFRO,JARDIM DOS MIGRANTES,-10.88234,-61.96793,3889,155,0
2020,162,51,3,1422,PAULO FREIRE - ESCOLA MUNICIPAL,ZONA RURAL,-10.84737,-61.99369,576,157,1
2020,163,51,3,1430,PROF EDSON LOPES - ESCOLA MUNICIPAL,ZONA RURAL,-10.96282,-62.10615,332,-1,0
2020,164,51,3,1554,JOVEM GONÇALVES VILELA - ESCOLA ESTADUAL,JARDIM PRESIDENCIAL,-10.86787,-61.96886,1601,153,0
2020,165,51,3,1562,ANTÔNIO PRADO - ESCOLA MUNICIPAL,ZONA RURAL,-10.5426,-61.93266,318,-1,0
2020,166,51,3,1597,SEMAGRI - SECRETARIA DO MUNICÍPIO DE AGRICULTURA E PECUARIA,URUPÁ,-10.88041,-61.95293,1175,176,0
2020,167,51,30,1015,MARCOS BISPO DA SILVA - ESCOLA ESTADUAL,BNH,-10.89788,-61.91002,6391,146,0
2020,168,51,30,1023,CORA CORALINA - ESCOLA ESTADUAL,NOVA BRASÍLIA,-10.88778,-61.91166,2466,159,0
2020,169,51,30,1031,ALUÍZIO FERREIRA - ESCOLA ESTADUAL,NOVA BRASÍLIA,-10.8834,-61.91496,6805,159,0
2020,170,51,30,1040,JÚLIO GUERRA / TIRADENTES - ESCOLA ESTADUAL,NOVA BRASÍLIA,-10.88919,-61.92951,5204,159,0
2020,171,51,30,1058,31 DE MARÇO - ESCOLA ESTADUAL,SÃO PEDRO,-10.89244,-61.91949,3311,172,0
2020,172,51,30,1066,TUPÃ - ESCOLA ESTADUAL - DISTRITO DE NOVA COLINA,NOVA COLINA,-10.78975,-61.69312,1052,-1,0
2020,173,51,30,1082,PROFESSOR IRINEU ANTONIO DRESCH - ESCOLA MUNICIPAL,ZONA RURAL,-10.96828,-61.82125,468,-1,0
2020,174,51,30,1112,DR LOURENÇO PEREIRA LIMA - ESCOLA ESTADUAL,CAPELASSO,-10.90173,-61.88265,877,141,0
2020,175,51,30,1120,TANCREDO DE ALMEIDA NEVES - ESCOLA ESTADUAL,RIACHUELO,-10.89806,-61.92338,1746,167,0
2020,176,51,30,1139,JUSCELINO KUBITSCHEK DE OLIVEIRA - ESCOLA ESTADUAL,NOVA BRASÍLIA,-10.88214,-61.92286,5930,159,0
2020,177,51,30,1163,BEATRIZ FERREIRA DA SILVA - ESCOLA ESTADUAL,PRIMAVERA,-10.8975,-61.93778,2026,165,0
2020,178,51,30,1180,SUFRAMA - SUPERINTENDÊNCIA DA ZONA FRANCA DE MANAUS,RIACHUELO,-10.8998,-61.93031,285,167,0
2020,179,51,30,1198,JANETE CLAIR - ESCOLA ESTADUAL,JK,-10.87653,-61.90516,3168,151,0
2020,180,51,30,1201,PARQUE DOS PIONEIROS - ESCOLA ESTADUAL,PARQUE DOS PIONEIROS,-10.90589,-61.91266,1695,154,0
2020,181,51,30,1210,IKOLEN - POSTO INDÍGENA,IKOLEN - NOVA COLINA,-10.74739,-61.58921,262,-1,0
2020,182,51,30,1228,PÉROLA - ESCOLA MUNICIPAL,ZONA RURAL,-10.93592,-61.59817,219,-1,0
2020,183,51,30,1236,SÃO GABRIEL - ESCOLA MUNICIPAL,ZONA RURAL,-10.78237,-61.85933,83,-1,0
2020,184,51,30,1244,ADÃO VALDIR LAMOTA - ESCOLA ESTADUAL,JK,-10.87122,-61.90663,2804,151,0
2020,185,51,30,1252,ALDEIA ITERAP - ALDEIA INDÍGENA,ALDEIA ITERAP,-10.65349,-61.77822,136,-1,0
2020,186,51,30,1260,ALDEIA PAY GAP - ALDEIA INDÍGENA,ALDEIA PAY GAP,-10.87527,-61.9174,43,177,1
2020,187,51,30,1279,CEEJA - TERESA MITSUKO TUSTUMI - ESCOLA ESTADUAL,VILA JOTÃO,-10.88445,-61.9322,260,156,0
2020,188,51,30,1287,RUTH ROCHA - ESCOLA ESTADUAL,NOVA BRASÍLIA,-10.88949,-61.91306,1564,159,0
2020,189,51,30,1295,PROFESSORA CARMEM ROCHA BORGES - ESCOLA ESTADUAL,CASA PRETA,-10.86836,-61.95536,2383,142,0
2020,190,51,30,1309,MARECHAL RONDON - INSTITUTO ESTADUAL DE EDUCAÇÃO,CASA PRETA,-10.87773,-61.94618,4067,142,0
2020,191,51,30,1317,JOSÉ FRANCISCO DOS SANTOS - ESCOLA ESTADUAL,DOM BOSCO,-10.86922,-61.94753,4159,149,0
2020,192,51,30,1325,SÃO PEDRO - ESCOLA ESTADUAL,PARQUE SÃO PEDRO,-10.86246,-61.93623,1424,164,0
2020,193,51,30,1333,PROFESSORA EDILCE DOS SANTOS FREITAS - ESCOLA ESTADUAL,SÃO BERNARDO,-10.85777,-61.96911,2154,170,0
2020,194,51,30,1341,NOVA BRASÍLIA - ESCOLA ESTADUAL,JK,-10.8665,-61.90745,61,151,0
2020,195,78,7,1015,HEITOR VILLA LOBOS - ESCOLA ESTADUAL,SETOR INSTITUCIONAL,-9.91386,-63.03264,4286,40,1
2020,196,78,7,1040,LEVI ALVES DE FREITAS - ESCOLA MUNICIPAL,PARQUE DAS GEMAS,-9.91723,-63.04104,2665,52,1
2020,197,78,7,1058,ANISIO TEIXEIRA - ESCOLA ESTADUAL,SETOR 02,-9.91884,-63.02459,5218,40,0
2020,198,78,7,1066,PINGO DE GENTE - ESCOLA MUNICIPAL,SETOR 02,-9.91543,-63.02492,1265,40,0
2020,199,78,7,1074,CEEJA - CENTRO ESTADUAL DE EDUCAÇÃO DE JOVENS E ADULTOS,SETOR INSTITUCIONAL,-9.90875,-63.03223,994,42,1
2020,200,78,7,1120,MAGDALENA TAGLIAFERRO - ESCOLA MUNICIPAL,JARDIM DAS PALMEIRAS,-9.93151,-63.02527,4323,25,0
2020,201,78,7,1333,MARIO QUINTANA - ESCOLA MUNICIPAL,SETOR 04,-9.90682,-63.02845,4293,42,0
2020,202,78,7,1341,DIRCEU DE ALMEIDA - ESCOLA MUNICIPAL,SETOR 06,-9.90089,-63.02692,2610,45,1
2020,203,78,7,1368,COLÉGIO AGAPE - PARTICULAR,SETOR INSTITUCIONAL,-9.90103,-63.03219,2994,51,1
2020,204,78,7,1376,COLÉGIO TIRADENTES DA POLÍCIA MILITAR III,SETOR 09,-9.93405,-63.02815,3457,43,1
2020,205,78,7,1384,PROFESSOR VENANCIOKOTTWITZ - ESCOLA MUNICIPAL,SETOR 11,-9.89599,-63.02064,1900,16,1
2020,206,78,7,1392,ROBERTO TURBAY - ESCOLA MUNICIPAL,SETOR 10,-9.93513,-63.01599,1795,43,0
2020,207,78,7,1414,PROFESSORA CARMEM IONE DE ARAÚJO ESCOLA ESTADUAL,ROTA DO SOL,-9.89058,-63.02237,1979,39,0
2020,208,78,7,1422,ARCO IRIS - ESCOLA MUNICIPAL,ZONA RURAL (RO-257),-9.93277,-62.66402,245,-1,0
2020,209,78,7,1430,VINICIUS DE MORAIS - ESCOLA MUNICIPAL,ZONA RURAL (BR-421),-9.89106,-63.13311,583,-1,0
2020,210,78,7,1449,MAFALDA RODRIGUES - ESCOLA MUNICIPAL,ZONA RURAL (BR-364),-10.245,-62.72737,659,-1,0
2020,211,78,7,1457,RICARDO CANTANHEDE - ESCOLA ESTADUAL,SETOR 03,-9.90993,-63.04153,5854,41,0
2020,212,78,7,1465,PROFESSOR PEDRO LOUBACK - ESCOLA MUNICIPAL,MONTE CRISTO,-9.91185,-63.06375,1404,46,0
2020,213,78,7,1473,PAULINA MAFINI - ESCOLA MUNICIPAL - DISTR JOELÂNDIA,DISTRITO DE JOELÂNDIA,-10.11832,-63.12784,272,-1,0
2020,214,78,7,1481,MIGRANTES - ESCOLA ESTADUAL,SETOR 01,-9.91585,-63.04138,2364,52,1
2020,215,78,7,1490,EVA DOS SANTOS DE OLIVEIRA - ESCOLA MUNICIPAL,SETOR 01,-9.91448,-63.04217,1107,41,1
2020,216,78,7,1503,CHAPEUZINHO VERMELHO - ESCOLA MUNICIPAL,SETOR 03,-9.90506,-63.04176,830,41,0
2020,217,78,7,1511,ALBINA MARCIO SORDI - ESCOLA ESTADUAL,BNH,-9.90285,-63.04377,1938,41,1
2020,218,78,7,1520,JARDIM DAS PEDRAS - ESCOLA ESTADUAL,JARDIM JORGE TEIXEIRA,-9.92668,-63.03934,2634,35,0
2020,219,78,7,1538,CORA CORALINA - ESCOLA ESTADUAL,SETOR 05,-9.89884,-63.03757,6184,20,1
2020,220,78,7,1546,ALDEMIR DE LIMA CATANHEDE - ESCOLA MUNICIPAL,MARECHAL RONDON,-9.92569,-63.05587,1431,28,0
2020,221,78,7,1554,JORGE LUIZ MOULAZ - ESCOLA MUNICIPAL,ZONA RURAL (BR-364),-10.09764,-62.95969,367,-1,0
2020,222,78,7,1562,PADRE ANGELO SPADARI - ESCOLA MUNICIPAL - GARIMPO BOM FUTURO,DISTRITO DO GARIMPO DE BOM FUTURO,-9.81017,-63.53002,1969,-1,0
2020,223,78,7,1570,UNIR- FUNDAÇÃO UNIVERSIDADE FEDERAL DE RONDÔNIA,SETOR INSTITUCIONAL,-9.90105,-63.03435,1252,41,1
2020,224,94,11,1015,SANTO ANTONIO - COMUNIDADE - LINHA 09,ZONA RURAL 11,-11.37494,-61.37091,457,-1,0
2020,225,94,11,1023,BERNARDO GUIMARÃES - ESCOLA ESTADUAL,PRINCESA ISABEL,-11.43918,-61.44301,3169,80,0
2020,226,94,11,1031,PEDRO ÁLVARES CABRAL - ESCOLA MUNICIPAL - LINHA 09,ZONA RURAL 11,-11.26433,-61.37119,357,-1,0
2020,227,94,11,1040,NOSSA SENHORA APARECIDA - COMUNIDADE - LINHA 10,ZONA RURAL 11,-11.34272,-61.33429,331,-1,0
2020,228,94,11,1066,COOPEC - COOPERATIVA EDUCACIONAL DE CACOAL,CENTRO,-11.43602,-61.44907,1345,55,0
2020,229,94,11,1090,CORA CORALINA - ESCOLA ESTADUAL,CENTRO,-11.43759,-61.45125,1274,55,0
2020,230,94,11,1120,DANIEL BERG - ESCOLA PARTICULAR,JARDIM CLODOALDO NUNES DE ALMEIDA,-11.43279,-61.44846,1105,55,0
2020,231,94,11,1163,UNESC UNIÃO DAS ESCOLAS  SUPERIORES DE CACOAL - FACULDADE PARTICULAR,INCRA,-11.44526,-61.43714,1991,64,0
2020,232,94,11,1228,MARIA MONTESSORI - ESCOLA MUNICIPAL - LINHA 10,ZONA RURAL 11,-11.17454,-61.33338,574,-1,0
2020,233,94,11,1252,MONTEIRO LOBATO - ESCOLA MUNICIPAL - LINHA 11,ZONA RURAL 11,-11.27679,-61.29671,551,-1,0
2020,234,94,11,1260,SANTO ANTONIO - COMUNIDADE - LINHA 11,ZONA RURAL 11,-11.39929,-61.29765,753,-1,0
2020,235,94,11,1287,NOSSA SENHORA DAS GRACAS - COMUNIDADE - LINHA 12,ZONA RURAL 11,-11.45057,-61.26056,200,-1,0
2020,236,94,11,1295,SAO PEDRO - COMUNIDADE - LINHA 12,ZONA RURAL 11,-11.29251,-61.25648,374,-1,0
2020,237,94,11,1317,AURÉLIO BUARQUE DE HOLANDA FERREIRA - ESCOLA ESTADUAL,TEIXEIRAO,-11.43229,-61.43583,4278,86,0
2020,238,94,11,1325,SANTA LUZIA - COMUNIDADE - LINHA 13,ZONA RURAL 11,-11.44687,-61.22412,206,-1,0
2020,239,94,11,1341,NOSSA SENHORA APARECIDA - COMUNIDADE - LINHA 14,ZONA RURAL 11,-11.44225,-61.18785,195,-1,0
2020,240,94,11,1350,DOUTOR JOÃO DE DEUS SIMPLICIO - ESCOLA MUNICIPAL - LINHA 14,ZONA RURAL 11,-11.30838,-61.1872,586,-1,0
2020,241,94,11,1368,CRUZEIRO DO NORTE - ESCOLA MUNICIPAL - LINHA 21,ZONA RURAL 11,-11.37429,-61.14454,542,-1,0
2020,242,94,11,1384,SANTA RITA DE CÁSSIA - COMUNIDADE - LINHA 15A,ZONA RURAL 11,-11.20946,-61.09906,113,-1,0
2020,243,94,11,1392,SANTOS DUMONT - ESCOLA MUNICIPAL - LINHA 07,ZONA RURAL 11,-11.28891,-61.44353,433,-1,0
2020,244,94,11,1406,SANTO ANTONIO - COMUNIDADE - LINHA 08,ZONA RURAL 11,-11.25746,-61.40615,240,-1,0
2020,245,94,11,1414,FREI CANECA - ESCOLA ESTADUAL,VILAGE DO SOL I,-11.4192,-61.43336,2836,88,0
2020,246,94,11,1422,PRESIDENTE MEDICE - ESCOLA MUNICIPAL - LINHA 10,ZONA RURAL 11,-11.42506,-61.33446,444,-1,0
2020,247,94,11,1430,ANITA GARIBALDI - ESCOLA MUNICIPAL - LINHA 12,ZONA RURAL 11,-11.49074,-61.26124,233,-1,0
2020,248,94,11,1449,JOSINO BRITO - ESCOLA ESTADUAL,FLORESTA,-11.43337,-61.43102,3365,53,0
2020,249,94,11,1457,IZIDORO DE SOUZA MEIRELLES - ESCOLA ESTADUAL - ALDEIA PIN PAITER,ZONA RURAL 11,-11.10331,-61.36247,101,-1,0
2020,250,94,11,1473,TANCREDO NEVES - ESCOLA ESTADUAL - ALDEIA LA PETANHA,ZONA RURAL 11,-11.2212,-61.29746,130,-1,0
2020,251,94,11,1481,CLODOALDO NUNES DE ALMEIDA - ESCOLA ESTADUAL,JARDIM CLODOALDO NUNES DE ALMEIDA,-11.42471,-61.44932,4181,67,0
2020,252,94,11,1490,PAULO FREIRE - ESCOLA ESTADUAL DE ENSINO FUNDAMENTAL,TEIXEIRAO,-11.42578,-61.4333,1933,86,0
2020,253,94,11,1503,GRACILIANO RAMOS - ESCOLA ESTADUAL,RESIDENCIAL PARQUE BRIZON,-11.41764,-61.45678,3164,70,0
2020,254,94,11,1511,ANTONIO GONÇALVES DIAS - ESCOLA ESTADUAL,SANTO ANTONIO,-11.45243,-61.44152,1614,82,0
2020,255,94,11,1520,HONORINA LUCAS DE BRITO - ESCOLA ESTADUAL,NOVA ESPERANÇA,-11.42308,-61.46436,2371,75,1
2020,256,94,11,1538,CLÁUDIO MANOEL DA COSTA - ESCOLA MUNICIPAL,ZONA RURAL 11,-11.4812,-61.47405,806,-1,0
2020,257,94,11,1546,FUNDAÇÃO BRADESCO - PARTICULAR,CRISTAL DO ARCO IRIS,-11.43199,-61.46407,4046,59,0
2020,258,94,11,1554,CARLOS DRUMMOND DE ANDRADE - ESCOLA ESTADUAL,VISTA ALEGRE,-11.42881,-61.4744,4064,71,0
2020,259,94,11,1562,MARIA SOCORRO VIANA DE ALMEIDA - ESCOLA MUNICIPAL,HABITAR BRASIL 1 (MUTIRAO),-11.4223,-61.48016,2254,63,0
2020,260,94,11,1589,NOSSA SENHORA DO CARMO - ESCOLA MUNICIPAL,DISTRITO RIOZINHO,-11.51162,-61.35969,1698,-1,0
2020,261,94,11,1597,CARLOS GOMES - ESCOLA ESTADUAL,NOVO CACOAL,-11.42883,-61.45673,3748,75,0
2020,262,94,11,1600,JOSE MAURO DE VASCONCELOS - ESCOLA MUNICIPAL,ZONA RURAL 11,-11.52085,-61.5975,351,-1,0
2020,263,94,11,1619,MARIA AURORA DO NASCIMENTO - ESCOLA ESTADUAL,LIBERDADE,-11.44298,-61.45216,2793,73,0
2020,264,94,11,1627,AGUSTINHO GOES DE OLIVEIRA - ESCOLA MUNICIPAL,VISTA ALEGRE,-11.42445,-61.47256,2896,71,0
2020,265,94,11,1635,FANORTE - INSTITUIÇÃO DE ENSINO SUPERIOR DE CACOAL,CENTRO,-11.43544,-61.45052,1385,55,0
2020,266,116,9,1015,ANISIO SERRAO DE CARVALHO - ESCOLA ESTADUAL,ALVORADA,-11.67686,-61.18353,2269,211,0
2020,267,116,9,1031,MARECHAL CORDEIRO DE FARIAS - ESCOLA ESTADUAL,BNH,-11.6803,-61.17816,3407,213,0
2020,268,116,9,1040,SANDOVAL MEIRA - ESCOLA ESTADUAL,DOS PIONEIROS,-11.67045,-61.19434,1472,219,1
2020,269,116,9,1058,RAIMUNDO EUCLIDES BARBOSA - ESCOLA ESTADUAL,DOS PIONEIROS,-11.67782,-61.19081,3102,219,0
2020,270,116,9,1090,CENTRO TÉCNICO ABAITARÁ,ZONA RURAL,-11.72379,-61.47577,384,-1,0
2020,271,116,9,1163,FAP - FACULDADE DE PIMENTA BUENO,DOS PIONEIROS,-11.67316,-61.18808,1077,219,0
2020,272,116,9,1171,BOM SUCESSO - ESCOLA ESTADUAL,BELA VISTA,-11.65547,-61.18926,1610,219,1
2020,273,116,9,1201,NAIR BARROS - ESCOLA MUNICIPAL,VILA NOVA,-11.68547,-61.16528,2188,217,0
2020,274,116,9,1210,UNIAO DO CALCARIO - ESCOLA MUNICIPAL,ZONA RURAL,-11.69235,-60.64712,63,-1,0
2020,275,116,9,1228,DOMINICAL VITÓRIA - ESCOLA MUNICIPAL,ZONA RURAL,-11.88073,-60.84734,281,-1,0
2020,276,116,9,1236,LUIS CABRAL - ESCOLA POLO ESTADUAL,ZONA RURAL,-11.96385,-60.95679,532,-1,0
2020,277,116,9,1252,URUCUMACUA - ESCOLA MUNICIPAL,ZONA RURAL,-12.22823,-60.68409,198,-1,0
2020,278,116,9,1279,ORLANDO BUENO - ESCOLA ESTADUAL,NOVA PIMENTA,-11.68679,-61.16151,3131,218,0
2020,279,116,9,1317,AGUIA DOURADA - ESCOLA MUNICIPAL,ZONA RURAL,-11.69312,-60.54778,165,-1,0
2020,280,116,9,1325,PROFª LAIRCE SANTIAGO MAINA - ESCOLA MUNICIPAL,BNH,-11.68533,-61.17842,1884,213,0
2020,281,116,9,1333,VALDIR MONFREDINHO - ESCOLA MUNICIPAL,CTG,-11.69201,-61.17049,1298,217,0
2020,282,116,9,1341,ASSUNTA MARIA GIANINI FAVALEÇA - ESCOLA MUNICIPAL,ITAPORANGA,-11.62874,-61.19758,668,-1,0
2020,283,116,9,1350,ASSOCIAÇÃO MARCOS FREIRE - POSTO DE SAÚDE,ZONA RURAL,-11.98095,-61.08875,111,-1,0
2020,284,116,9,1368,MARIA CONCEIÇÃO CRIVELLI - ESCOLA MUNICIPAL,JARDIM DAS OLIVEIRAS,-11.6748,-61.19355,1019,219,1
2020,285,116,9,1376,MARIA JOSÉ ESCOBAR - ESCOLA MUNICIPAL,ENCONTRO DAS AGUAS,-11.68552,-61.15725,557,218,0
2020,286,132,4,1023,CECÍLIA MEIRELES - ESCOLA ESTADUAL,BODANESE,-12.73322,-60.15047,2691,305,0
2020,287,132,4,1082,MARECHAL RONDON - ESCOLA ESTADUAL,CENTRO,-12.74219,-60.1516,2848,308,0
2020,288,132,4,1090,MARIO GRASSO - ESCOLA MUNICIPAL,JARDIM VILHENA,-12.74014,-60.15731,1389,308,1
2020,289,132,4,1104,MARIZETI MENDES DE OLIVEIRA - ESCOLA ESTADUAL,CENTRO,-12.74418,-60.13634,1211,307,1
2020,290,132,4,1112,ALVARES DE AZEVEDO - ESCOLA ESTADUAL,CENTRO,-12.74303,-60.13837,3239,307,1
2020,291,132,4,1120,WILSON CAMARGO - ESCOLA ESTADUAL,CENTRO,-12.74005,-60.14634,1816,308,1
2020,292,132,4,1139,MACHADO DE ASSIS - ESCOLA ESTADUAL,SETOR INDUSTRIAL TANCREDO NEVES,-12.74773,-60.12016,2451,315,0
2020,293,132,4,1147,COLÉGIO MILITAR TIRADENTES (ZILDA) ESCOLA ESTADUAL,BNH,-12.73661,-60.11861,4307,308,0
2020,294,132,4,1236,TENENTE MELO - ESCOLA MUNICIPAL - CACHOEIRA,SÃO LOURENÇO - CACHOEIRA,-12.44674,-60.51406,201,-1,0
2020,295,132,4,1252,PROGRESSO - ESCOLA MUNICIPAL - GLEBA GUAPORE,PEROBAL,-12.98889,-60.40282,232,-1,0
2020,296,132,4,1260,CAMARA MUNICIPAL DE VILHENA,JARDIM AMÉRICA,-12.7356,-60.13367,2904,307,0
2020,297,132,4,1309,MARIA PAULINA DONADON - ESCOLA MUNICIPAL - NOVA CONQUISTA,NOVA CONQUISTA,-12.98559,-60.28622,605,-1,0
2020,298,132,4,1317,MARIA ARLETE TOLEDO - ESCOLA ESTADUAL,ALTO ALEGRE,-12.73235,-60.11308,3447,304,1
2020,299,132,4,1325,CRISTO REI - ESCOLA MUNICIPAL,CRISTO REI,-12.72656,-60.1468,3910,306,0
2020,300,132,4,1333,CASTELO BRANCO - ESCOLA MUNICIPAL - SETOR INDUSTRIAL,SETOR INDUSTRIAL TANCREDO NEVES,-12.75937,-60.10141,1277,313,1
2020,301,132,4,1341,GENIVAL NUNES - ESCOLA ESTADUAL,NOVA ESPERANçA,-12.72646,-60.11145,3581,311,0
2020,302,132,4,1350,RONALDO ARAGÃO - ESCOLA ESTADUAL,SANTO ANTÔNIO,-12.74201,-60.15963,1213,308,1
2020,303,132,4,1368,PAULO FREIRE - ESCOLA ESTADUAL,JARDIM ELDORADO,-12.73533,-60.12691,1409,308,0
2020,304,132,4,1376,IVETE BRUSTOLIN - ESCOLA MUNICIPAL,PARQUE INDUSTRIAL SÃO PAULO,-12.73967,-60.11362,4793,313,0
2020,305,132,4,1384,HERMOGENES ROBERTO NOGUEIRA - ESCOLA MUNICIPAL,JARDIM PRIMAVERA,-12.72503,-60.14235,2659,314,0
2020,306,132,4,1392,MARTIM LUTERO - ESCOLA MUNICIPAL,JARDIM AMÉRICA,-12.73134,-60.14262,2096,307,0
2020,307,132,4,1406,CEEJA - COLEGIO SUPLETIVO,JARDIM ELDORADO,-12.73384,-60.1283,1922,308,0
2020,308,132,4,1422,SHIRLEI CERUTTI - ESCOLA ESTADUAL,JARDIM DAS OLIVEIRAS,-12.7254,-60.13762,2883,314,0
2020,309,132,4,1430,VILMA VIEIRA - ESCOLA MUNICIPAL,COHAB,-12.72537,-60.1064,2581,311,0
2020,310,132,4,1449,IFRO - INSTITUTO FEDERAL DE RONDÔNIA,residencial santo dumont II,-12.70416,-60.11967,2140,312,1
2020,311,132,4,1457,IQUEZINHA - ESCOLA MUNICIPAL,GLEBA IQUE,-12.63472,-60.09385,405,-1,0
2020,312,132,4,1465,NOEME BARROS PEREIRA - ESCOLA MUNICIPAL,BODANESE,-12.73055,-60.15414,1489,310,1
2020,313,132,4,1473,OMAR GODOY - ESCOLA MUNICIPAL,JARDIM DAS OLIVEIRAS,-12.72906,-60.13303,681,314,0
2020,314,132,4,1481,APAE - ASSOCIAÇÃO DE PAIS E AMIGOS EXCEPCIONAIS,MARCOS FREIRE,-12.73053,-60.15213,802,310,0
2020,315,159,10,1015,CAPITAO SILVIO DE FARIAS - ESCOLA ESTADUAL,SETOR 02,-10.43897,-62.46837,4754,-1,0
2020,316,159,10,1031,OLGA DELLAIA - ESCOLA ESTADUAL,SETOR 02,-10.43958,-62.46687,3875,-1,0
2020,317,159,10,1040,PLACIDO DE CASTRO - ESCOLA ESTADUAL,SETOR 01,-10.42749,-62.47073,4444,-1,0
2020,318,159,10,1090,ASSOCIACAO DE PAIS E AMIGOS DOS EXCEPCIONAIS - APAE,SETOR 02,-10.44027,-62.45993,2878,-1,0
2020,319,159,10,1198,MARECHAL COSTA E SILVA - ESCOLA ESTADUAL,DISTRITO BOM JESUS,-10.31712,-62.24022,1288,-1,0
2020,320,159,10,1473,JEAN CARLOS MUNIZ - ESCOLA MUNICIPAL,SETOR 05,-10.42998,-62.4751,2865,-1,0
2020,321,159,10,1520,NILTON DE OLIVEIRA ARAUJO - ESCOLA ESTADUAL,SETOR 08,-10.45192,-62.45898,877,-1,0
2020,322,159,10,1554,PEDRO VIEIRA DE MELO -  ESCOLA ESTADUAL,DISTRITO TARILANDIA,-10.85847,-62.80001,3136,135,1
2020,323,159,10,1562,RAIMUNDO CANTANHEDE - ESCOLA ESTADUAL,SETOR 04,-10.43579,-62.48422,6044,-1,0
2020,324,159,10,1570,JOSE DE SOUZA SILVA - ESCOLA MUNICIPAL,DISTRITO TARILANDIA,-10.85639,-62.79614,784,135,0
2020,325,159,10,1589,DAYSE MARA DE O MARTINS - ESCOLA ESTADUAL,SETOR 06,-10.42095,-62.47644,5403,-1,0
2020,326,159,10,1597,ABRAO ROCHA - ESCOLA MUNICIPAL,SETOR 04,-10.44127,-62.47464,1265,-1,0
2020,327,159,10,1600,JARU-UARU - ESCOLA MUNICIPAL,DISTRITO JARU-UARU,-10.93668,-62.97858,799,-1,0
2020,328,159,10,1619,JOSUÉ MONTELLO - ESCOLA ESTADUAL,DISTRITO DE SANTA CRUZ DA SERRA,-10.65219,-62.58518,600,-1,0
2020,329,159,10,1627,GOVERNADOR JORGE TEIXEIRA - ESCOLA ESTADUAL,SETOR 07,-10.44941,-62.4817,1520,-1,0
2020,330,159,10,1635,MARIA DE LOURDES - ESCOLA MUNICIPAL,SETOR 07,-10.45103,-62.47731,2226,-1,0
2020,331,175,13,1066,CAMARA MUNICIPAL DE OURO PRETO DO OESTE,DA UNIAO,-10.72089,-62.2584,1848,208,0
2020,332,175,13,1074,COLÉGIO TIRADENTES DA POLÍCIA MILITAR - XII (ANTIGO 28 DE NOVEMBRO),DA UNIAO,-10.72096,-62.26108,5595,208,0
2020,333,175,13,1090,MONTEIRO LOBATO - ESCOLA ESTADUAL,DA LIBERDADE,-10.71578,-62.25937,3124,209,0
2020,334,175,13,1210,PROFESSORA MARIA DE MATOS E SILVA - ESCOLA ESTADUAL,DISTRITO DE RONDOMINAS,-10.51194,-61.99859,2248,-1,0
2020,335,175,13,1279,FERNANDO DE AZEVEDO - ESCOLA MUNICIPAL,JARDIM NOVO HORIZONTE,-10.71449,-62.27099,2362,205,0
2020,336,175,13,1309,HORACIO CARELLI - ESCOLA MUNICIPAL CORA CORALINA,JARDIM NOVO ESTADO,-10.70996,-62.25967,2986,204,0
2020,337,175,13,1325,JOAQUIM DE LIMA AVELINO - ESCOLA ESTADUAL,JARDIM TROPICAL,-10.71911,-62.25209,3920,206,0
2020,338,175,13,1333,JOAQUIM NABUCO - ESCOLA ESTADUAL,JARDIM BANDEIRANTES,-10.72809,-62.2592,2104,200,0
2020,339,175,13,1341,COLÉGIO BENJAMIM CONSTANT - ESCOLA MUNICIPAL,JARDIM AEROPORTO II BOA ESPERANÇA,-10.73671,-62.24382,1281,202,0
2020,340,175,13,1350,AURELIO BUARQUE DE HOLANDA - ESCOLA ESTADUAL,JARDIM AEROPORTO,-10.72829,-62.25076,2998,202,0
2020,341,175,13,1368,CEEJA - PROFESSOR ANTONIO DE ALMEIDA - ESCOLA ESTADUAL,ALVORADA,-10.71682,-62.24819,826,199,0
2020,342,175,13,1376,MARGARIDA CUSTÓDIO - ESCOLA ESTADUAL,ALVORADA,-10.71153,-62.24649,1098,201,0
2020,343,191,3,1015,MÉDICI - PRESIDENTE EMÍLIO GARRASTAZU MÉDICI - ESCOLA ESTADUAL,LINO ALVES TEIXEIRA,-11.17195,-61.8967,2150,282,0
2020,344,191,3,1023,15 DE NOVEMBRO - ESCOLA ESTADUAL,CENTRO,-11.17125,-61.90615,2401,282,1
2020,345,191,3,1031,CDA - CARLOS DRUMMOND DE ANDRADE - ESCOLA ESTADUAL,CUNHA E SILVA,-11.1786,-61.90764,1947,280,1
2020,346,191,3,1040,PAULO FREIRE - PROF PAULO FREIRE - ESCOLA ESTADUAL,ERNANDES GONÇALVES,-11.16917,-61.90931,3233,281,1
2020,347,191,3,1058,DONA BENTA - ESCOLA ESTADUAL - RIACHUELO,DISTRITO NOVO RIACHUELO,-11.08407,-61.65938,598,-1,0
2020,348,191,3,1066,EMBURANA - ESCOLA ESTADUAL - DISTRITO ESTRELA DE RONDONIA,DISTRITO ESTRELA DE RONDONIA,-11.30464,-61.78186,1122,-1,0
2020,349,191,3,1074,APOLÔNIA ROSSI JAVARINI - ESCOLA ESTADUAL - VILA BANDEIRA BRANCA,VILA BANDEIRA BRANCA,-11.07878,-61.92063,429,-1,0
2020,350,191,3,1082,CENTRO DE SAUDE DIFERENCIADO VILA CAMARGO,VILA CAMARGO,-11.12762,-61.97438,225,-1,0
2020,351,191,3,1090,SUPLETIVO - CEEJA MARECHAL RONDON - ESCOLA ESTADUAL,CENTRO,-11.16829,-61.90498,1227,279,1
2020,352,191,3,1104,PRIMEIROS TRAÇOS - ESCOLA MUNICIPAL,CUNHA E SILVA,-11.17302,-61.90732,780,280,1
2020,353,191,3,1112,FLORESTAN FERNANDES - ESCOLA MUNICIPAL - ASSENTAMENTO,ASSENTAMENTO CHICO MENDES 1,-11.2833,-61.98489,437,-1,0
2020,354,191,3,1120,DOROTHY - IRMÃ DOROTHY MÃE STANG - ESCOLA ESTADUAL - ASSENT 6 LINHA,ASSENTAMENTO CHICO MENDES 3,-11.27131,-62.13114,265,-1,0
2020,355,191,3,1139,ESCOLA DA 128 - ESCOLA LIMA BARRETO - ESCOLA MUNICIPAL - LINHA 128,ZONA RURAL,-11.0825,-61.82021,222,-1,0
2020,356,191,3,1147,ESCOLA DA 140 - JUNQUEIRA FREIRE - ESCOLA MUNICIPAL - LINHA 140,ZONA RURAL,-11.16045,-61.71047,227,-1,0
2020,357,191,3,1163,RIO SÃO FRANCISCO - ESCOLA ESTADUAL - VILA SANTO ANTONIO,VILA SANTO ANTONIO,-11.08249,-62.11354,126,-1,0
2020,358,213,5,1015,ANGELINA DOS ANJOS - ESCOLA ESTADUAL,CENTRO,-12.43736,-64.23164,3077,-1,0
2020,359,213,5,1023,ILTON JOSE MARTINS - ESCOLA MUNICIPAL,DISTRITO SAO DOMINGOS DO GUAPORE,-12.07525,-64.02949,1269,-1,0
2020,360,213,5,1082,GOMES CARNEIRO - ESCOLA ESTADUAL,CENTRO,-12.44452,-64.22763,1582,-1,0
2020,361,213,5,1112,GENERAL SAMPAIO - ESCOLA MUNICIPAL,DISTRITO FORTE PRINCIPE DA BEIRA,-12.42608,-64.42421,192,-1,0
2020,362,213,5,1120,RAIMUNDO OLIVEIRA DE MESQUITA - ESCOLA ESTADUAL,SETOR 04,-12.43373,-64.22421,1304,-1,0
2020,363,213,5,1139,POLO - MARIA LUCINETE FIRMINO MIRANDA - ESCOLA MUNICIPAL,ZONA RURAL,-12.31204,-64.27132,370,-1,0
2020,364,213,5,1155,DARCY DA SILVEIRA - ESCOLA ESTADUAL,DISTRITO SAO DOMINGOS DO GUAPORE,-12.07406,-64.03338,1570,-1,0
2020,365,230,8,1015,MANOEL BANDEIRA - COLEGIO,CENTRO,-13.11755,-60.53958,3434,108,0
2020,366,230,8,1023,PAULO DE ASSIS RIBEIRO - COLEGIO,CENTRO,-13.12105,-60.54638,2864,99,0
2020,367,230,8,1066,CLAIR DA SILVA WEYH - ESCOLA MUNICIPAL,ZONA RURAL,-13.22859,-60.54475,525,-1,0
2020,368,230,8,1090,DEZESSEIS DE JUNHO - COLEGIO,CENTRO,-13.12828,-60.53589,2050,100,0
2020,369,230,8,1104,ANGELO ANGELIN - COLEGIO,CENTRO,-13.1295,-60.54923,1499,105,0
2020,370,230,8,1120,JULIETA VILELA VELOSO - COLEGIO,SANTA LUZIA,-13.11628,-60.55436,854,107,0
2020,371,230,8,1139,CENTRO DE ENSINO SUPLETIVO,CENTRO,-13.11945,-60.54728,1484,99,0
2020,372,230,8,1163,GETULIO VARGAS - ESCOLA,DISTRITO NOVO COLORADO,-13.29682,-60.70189,310,-1,0
2020,373,230,8,1201,PLANALTO - ESCOLA PLANALTO,ZONA RURAL,-13.04331,-60.68763,278,-1,0
2020,374,230,8,1236,MARCOS DONADON - ESCOLA,SÃO JOSÉ,-13.10804,-60.5364,212,98,0
2020,375,256,12,1015,JEAN PIAGET - ESCOLA ESTADUAL,MORADA DO SOL,-11.52938,-61.0208,3721,115,0
2020,376,256,12,1023,07 DE SETEMBRO - ESCOLA ESTADUAL,CENTRO,-11.52643,-61.01337,3765,111,0
2020,377,256,12,1031,MARIA LOURENCO CASSIANO - ESCOLA ESTADUAL,NOVA ESPERANCA,-11.50398,-61.12999,680,-1,0
2020,378,256,12,1040,BRAS CUBAS - ESCOLA MUNICIPAL,CANELINHA,-11.46154,-60.9236,580,-1,0
2020,379,256,12,1058,TANCREDO DE ALMEIDA NEVES - ESCOLA ESTADUAL,BOA VISTA DO PACARANA,-11.00248,-60.84677,1337,-1,0
2020,380,256,12,1066,VINICIUS DE MORAES - ESCOLA ESTADUAL,CAIXA D'AGUA,-11.52104,-61.01558,1396,110,0
2020,381,256,12,1163,MARIA ROSA DE OLIVEIRA - ESCOLA MUNICIPAL,14 DE ABRIL,-11.40728,-60.75348,508,-1,0
2020,382,256,12,1171,DILSON BELO - ESCOLA MUNICIPAL,ZONA RURAL,-11.46143,-60.60243,222,-1,0
2020,383,256,12,1228,JERRIS ADRIANE TURATTI - ESCOLA ESTADUAL,VISTA ALEGRE,-11.53667,-61.01455,2688,119,0
2020,384,256,12,1252,SANTA ISABEL - IGREJA,ZONA RURAL,-11.67062,-60.85043,108,-1,0
2020,385,256,12,1279,BOM JESUS DA PAZ - IGREJA,ZONA RURAL,-11.57978,-60.74463,343,-1,0
2020,386,256,12,1317,PRODUTORES RURAIS - ASPROKAP - ASSOC,ZONA RURAL,-11.50359,-60.80332,210,-1,0
2020,387,256,12,1333,SAO PEDRO (RIBEIRÃO) - ASSOC - COMU,ZONA RURAL,-11.35914,-60.8976,224,-1,0
2020,388,256,12,1350,RIO CLARO -  ASSOC - QUADRA,ZONA RURAL,-11.38787,-60.96008,339,-1,0
2020,389,256,12,1376,SAO BENTO - IGREJA - COMU,ZONA RURAL,-11.17896,-60.79659,185,-1,0
2020,390,256,12,1414,TEOBALDO FERREIRA - ESCOLA MUNICIPAL,JORGE TEIXEIRA DE OLIVEIRA,-11.53906,-61.00531,2285,113,0
2020,391,256,12,1430,AURELIO BUARQUE DE HOLANDA - ESCOLA MUNICIPAL,SETOR CACHOEIRA,-11.53699,-60.71826,498,-1,0
2020,392,256,12,1473,SIMONE MOURA ROSA - ESCOLA MUNICIPAL,SAO JOSE,-11.53788,-61.02546,1591,118,0
2020,393,256,12,1481,FERNANDA SOUZA DE PAULA - ESCOLA ESTADUAL,LIBERDADE,-11.53109,-61.00693,1842,114,0
2020,394,256,12,1511,MARIA DI SANCTIS SANTOS - ESCOLA ESTADUAL,CIDADE ALTA,-11.51928,-61.01115,770,110,0
2020,395,256,12,1538,JOAO BRAVO - ALDEIA INDÍGENA - CINTA LARGA,ALDEIA JOÃO BRAVO,-11.46599,-60.88598,57,-1,1
2020,396,256,12,1546,ROOSEVELT - ALDEIA INDÍGENA - CINTA LARGA,ALDEIA ROOSEVELT,-11.49127,-60.46533,147,-1,0
2020,397,272,16,1015,CASTRO ALVES - ESCOLA ESTADUAL,CENTRO,-13.18839,-60.82283,3876,97,1
2020,398,272,16,1023,FLORIANO PEIXOTO - ESCOLA ESTADUAL,CENTRO,-13.18937,-60.81866,1876,90,0
2020,399,272,16,1031,TANCREDO DE ALMEIDA NEVES - ESCOLA ESTADUAL,LIBERDADE,-13.19283,-60.8147,4000,96,0
2020,400,272,16,1058,JERÔNIMO GARCIA DE SANTANA - ESCOLA ESTADUAL,JOSÉ DE ANCHIETA,-13.19994,-60.81087,1472,89,1
2020,401,272,16,1082,ISABEL OLIVEIRA DE ALMEIDA - ESCOLA MUNICIPAL,FLORESTA,-13.19695,-60.82552,1322,92,0
2020,402,299,29,1015,ALUIZIO PINHEIRO FERREIRA - ESCOLA ESTADUAL,CENTRO,-11.72821,-61.77522,5058,288,0
2020,403,299,29,1031,NILSON SILVA - ESCOLA ESTADUAL,JARDIM TROPICAL,-11.72724,-61.76241,4173,291,0
2020,404,299,29,1040,TANCREDO DE ALMEIDA NEVES - ESCOLA ESTADUAL,BEIRA RIO,-11.73607,-61.77532,5623,284,0
2020,405,299,29,1066,CER - CENTRO EDUCACIONAL DE ROLIM DE MOURA,BOA ESPERANÇA,-11.73357,-61.78361,1269,285,0
2020,406,299,29,1074,MARIA DO CARMO DE OLIVEIRA RABELO - ESCOLA ESTADUAL,OLÍMPICO,-11.70922,-61.77338,3103,294,0
2020,407,299,29,1090,CARLOS DRUMOND DE ANDRADE - ESCOLA ESTADUAL,SÃO CRISTOVÃO,-11.72908,-61.78962,4522,296,0
2020,408,299,29,1104,JOSE ROSALES DOS SANTOS - ESCOLA ESTADUAL,DISTRITO NOVA ESTRELA,-11.72498,-61.55452,1607,-1,0
2020,409,299,29,1112,ULISSES GUIMARÃES - ESCOLA ESTADUAL,INDUSTRIAL,-11.7418,-61.79037,834,285,0
2020,410,299,29,1120,POLO FRANCISCA DURAN COSTA - ESCOLA MUNICIPAL,ZONA RURAL,-11.72605,-61.65888,412,-1,0
2020,411,299,29,1147,PROFESSOR DIONISIO QUINTINO - ESCOLA ESTADUAL,BEIRA RIO,-11.73901,-61.77056,389,284,0
2020,412,299,29,1155,CEEJA - CENTRO ESTADUAL DE EDUCAÇÃO DE JOVENS E ADULTOS,PLANALTO,-11.72368,-61.78184,2417,288,0
2020,413,299,29,1163,PRISCILA RODRIGUES CHAGAS - ESCOLA ESTADUAL,CIDADE ALTA,-11.71766,-61.79934,5006,289,0
2020,414,299,29,1171,CÂNDIDO PORTINARI - ESCOLA ESTADUAL,PLANALTO,-11.72396,-61.78309,4925,288,0
2020,415,310,17,1015,TANCREDO DE ALMEIDA NEVES - ESCOLA ESTADUAL,PRINCESA ISABEL,-11.92442,-62.00323,2533,3,0
2020,416,310,17,1023,PEDRO ALEIXO - ESCOLA MUNICIPAL - DISTR VILA SANTO ANTÔNIO,DISTRITO VILA SANTO ANTONIO,-12.08878,-62.10503,728,-1,0
2020,417,310,17,1074,EURIDICE LOPES PEDROSO - ESCOLA ESTADUAL,CENTRO,-11.92746,-61.99515,2199,0,0
2020,418,310,17,1082,ANA NERY - ESCOLA MUNICIPAL - DISTR ROLIM DE MOURA DO GUAPORE,DISTRITO DE ROLIM DE MOURA DO GUAPORÉ,-13.08366,-62.27712,372,-1,0
2020,419,310,17,1210,PADRE EZEQUIEL RAMIN - ESCOLA ESTADUAL,REDONDO,-11.93429,-62.00304,4298,4,0
2020,420,310,17,1236,JUSCELINO KUBITSCHEK DE OLIVEIRA - ESCOLA ESTADUAL,SANTA FELICIDADE,-11.9249,-61.98923,3656,5,0
2020,421,310,17,1244,IZIDORO STÉDILE - ESCOLA MUNICIPAL - DISTR IZIDOLÂNDIA,DISTRITO DE IZIDOLÂNDIA,-12.60324,-62.17523,631,-1,0
2020,422,310,17,1252,MARIA DE SOUZA PEGO - ESCOLA MUNICIPAL - DISTR NOVA GEAZA,DISTRITO DE NOVA GEAZA,-11.91792,-62.32096,466,-1,0
2020,423,310,17,1260,PADRE FEIJÓ - ESCOLA MUNICIPAL - DISTR FILADÉLFIA,DISTRITO DE FILADÉLFIA,-12.43688,-62.04247,362,-1,0
2020,424,310,17,1287,PROENC - JOSÉ BASILIO DA GAMA - ESCOLA MUNICIPAL,ZONA RURAL,-11.88532,-62.06719,206,-1,0
2020,425,310,17,1295,7 DE SETEMBRO - ESCOLA MUNICIPAL - SUCURI,ZONA RURAL,-12.04268,-62.17754,317,-1,0
2020,426,310,17,1309,BOATT GERAINNY - ESCOLA ESTADUAL - ALDEIA SÃO LUIZ,RESERVA INDÍGENA RIO BRANCO,-12.00521,-62.48836,178,-1,0
2020,427,310,17,1317,KON KOATT TUPARI - ESCOLA ESTADUAL - ALDEIA CAJUÍ,RESERVA INDÍGENA RIO BRANCO,-12.34724,-62.79646,116,-1,0
2020,428,310,17,1325,BOA ESPERANÇA - ESCOLA MUNICIPAL - DISTR VILA DO MARCÃO,VILA DO MARCÃO,-12.12975,-61.99305,563,-1,0
2020,429,310,17,1333,POTY - ESCOLA MUNICIPAL,ZONA RURAL,-12.04235,-62.03098,362,-1,0
2020,430,310,17,1341,MARTIM AFONSO DE SOUZA - ESCOLA MUNICIPAL,ZONA RURAL,-11.94888,-62.22946,180,-1,0
2020,431,310,17,1368,HEBERT JOSÉ SOUZA - ESCOLA MUNICIPAL,ASSENTAMENTO BETINHO - SEM TERRA,-12.20539,-62.13281,138,-1,0
2020,432,310,17,1376,CEEJA - LUIZ VAZ DE CAMÕES - ESCOLA ESTADUAL,CIDADE ALTA,-11.93075,-61.98649,2000,1,0
2020,433,310,17,1384,ANOMAE TUPARI - ESCOLA ESTADUAL - ALDEIA SERRINHA,RESERVA INDÍGENA RIO BRANCO,-12.08237,-62.60146,173,-1,0
2020,434,337,18,1015,HUMBERTO DE CAMPOS - ESCOLA ESTADUAL,TANCREDOPOLIS,-11.19495,-62.17591,1160,-1,0
2020,435,337,18,1031,MONTEIRO LOBATO - ESCOLA MUNICIPAL - DISTR TERRA BOA,TERRA BOA,-11.51141,-62.46024,1003,-1,0
2020,436,337,18,1139,SANTA ANA - ESCOLA ESTADUAL,CENTRO,-11.34866,-62.28405,4104,-1,0
2020,437,337,18,1198,JOAQUIM XAVIER DE OLIVEIRA - ESCOLA ESTADUAL,CIDADE ALTA,-11.35254,-62.29466,2841,-1,0
2020,438,337,18,1210,MONTE ALEGRE - ESCOLA ESTADUAL,ALTO ALEGRE,-11.33277,-62.27792,542,-1,0
2020,439,337,18,1236,NOVO DESTINO - ESCOLA MUNICIPAL,ZONA RURAL,-11.22239,-62.41572,324,-1,0
2020,440,337,18,1244,MATILDE - PROFESSORA MATILDE DUTRA ROZO - ESCOLA MUNICIPAL,CTG,-11.35858,-62.28418,1707,-1,0
2020,441,337,18,1252,DARCY - SENADOR DARCY RIBEIR0,ZONA RURAL,-11.22333,-62.52416,260,-1,0
2020,442,353,19,1040,ASPRUBE - ASSOCIAÇÃO,ZONA RURAL,-12.12954,-61.74659,156,-1,0
2020,443,353,19,1082,JUSCELINO KUBITSCHEK - ESCOLA ESTADUAL - 1 E 2 GRAU,CENTRO,-11.90852,-61.77926,3460,297,0
2020,444,353,19,1090,IGREJA SAGRADO CORAÇÃO DE JESUS,ZONA RURAL,-11.90638,-61.54866,199,-1,0
2020,445,353,19,1287,ESCOLA MUNICIPAL JOSÉ RONALDO ARAGÃO,SAÚDE,-11.90994,-61.77349,1949,303,0
2020,446,353,19,1333,ESCOLA MANOEL DE LIMA PAZ,CENTRO,-11.90518,-61.77875,993,298,0
2020,447,370,15,1015,AURELIO BUARQUE DE HOLANDA FERREIRA - ESCOLA ESTADUAL,SETOR 14,-11.72852,-62.32032,3167,-1,0
2020,448,370,15,1023,ALEXANDRE DE GUSMÃO - ESCOLA ESTADUAL,SETOR 13,-11.72846,-62.30698,3143,-1,0
2020,449,370,15,1031,ROCHA POMBO - ESCOLA ESTADUAL,SETOR 15,-11.71992,-62.32681,2608,-1,0
2020,450,370,15,1058,MACHADO DE ASSIS - ESCOLA MUNICIPAL,SETOR 14,-11.72012,-62.3172,2541,-1,0
2020,451,370,15,1066,CEEJA - CECILIA MEIRELES - ESCOLA ESTADUAL,SETOR 14,-11.72335,-62.32075,1843,-1,0
2020,452,370,15,1074,ANA CAROLINA DALLA COSTA - ESCOLA MUNICIPAL,SETOR 14,-11.72357,-62.31973,574,-1,0
2020,453,370,15,1082,ASSOCIAÇÃO DOS PRODUTORES RURAIS,ZONA RURAL,-11.32548,-62.02525,221,-1,0
2020,454,396,32,1015,PADRE ANGELO CERRI - ESCOLA MUNICIPAL,NUCLEO RURAL TABAJARA,-8.93331,-62.0559,434,-1,0
2020,455,396,32,1023,ALBERTO NEPOMUCENO - ESCOLA ESTADUAL,CENTRO,-9.42747,-62.00592,3142,182,1
2020,456,396,32,1031,JOAQUIM PEREIRA DA ROCHA - ESCOLA ESTADUAL,CENTRO,-9.42439,-61.99529,4024,191,0
2020,457,396,32,1040,CEEJA PAULO FREIRE - ESCOLA ESTADUAL,CENTRO,-9.42546,-61.9983,636,181,0
2020,458,396,32,1058,VISCONDE DO RIO BRANCO - ESCOLA MUNICIPAL,DISTRITO 5º BEC,-9.68553,-62.20986,1450,-1,0
2020,459,396,32,1066,CARLOS CHAGAS - ESCOLA MUNICIPAL - ORIENTE NOVO,NÚCLEO RURAL ORIENTE NOVO,-9.58978,-62.39387,305,-1,0
2020,460,396,32,1074,ESCOLA VALDOMIRO FRANCISCO DE OLIVEIRA,DISTRITO 5º BEC,-9.6873,-62.20739,171,-1,0
2020,461,396,32,1082,CEEJA PAULO FREIRE - ESCOLA ESTADUAL,CENTRO,-9.42563,-61.9983,2477,181,0
2020,462,396,32,1090,ROBERTO MARINHO - ESCOLA MUNICIPAL,MA 16,-9.68102,-61.97974,295,-1,0
2020,463,396,32,1104,JOVINA DE CARVALHO RIBEIRO - ESCOLA MUNICIPAL,CENTRO,-9.42956,-62.00137,2381,185,0
2020,464,396,32,1112,JOÃO PAULO II - ESCOLA MUNICIPAL,AREA RURAL,-9.17468,-61.7285,331,-1,0
2020,465,396,32,1120,TOM JOBIM - ESCOLA MUNICIPAL,AREA RURAL,-9.25018,-61.82277,343,-1,0
2020,466,396,32,1139,ONOFRE DIAS LOPES - ESCOLA MUNICIPAL,AREA RURAL,-9.41952,-62.01158,1878,192,0
2020,467,396,32,1147,HERMÍNIA CASTOLDI DE OLIVEIRA-ESCOLA MUNICIPAL,AREA RURAL,-9.37413,-62.23316,490,-1,0
2020,468,396,32,1155,BOM FUTURO - ESCOLA MUNICIPAL,BOM FUTURO,-9.42061,-61.9847,1299,180,0
2020,469,396,32,1163,MARIA CONCEIÇÃO DE SOUZA - ESCOLA ESTADUAL,UNIAO,-9.43068,-61.99426,936,191,1
2020,470,396,32,1171,ESCOLA POLO AMIGOS DO CAMPO - ESCOLA MUNICIPAL,NÚCLEO RURAL AMIGOS DO CAMPO,-9.46598,-62.25673,523,-1,0
2020,471,396,32,1180,ESCOLA VALDOMIRO FRANCISCO DE OLIVEIRA,DISTRITO 5º BEC,-9.68726,-62.20744,1551,-1,0
2020,472,418,35,1015,PRINCESA ISABEL - ESCOLA ESTADUAL,CENTRO,-11.69684,-62.71737,5460,316,0
2020,473,418,35,1023,DEONILDO CARAGNATTO - ESCOLA ESTADUAL,CRISTO REI,-11.69083,-62.71355,3485,317,0
2020,474,418,35,1031,PRIMAVERA - ESCOLA MUNICIPAL,SANTANA DO GUAPORÉ,-11.7261,-62.49387,2227,-1,0
2020,475,418,35,1058,LAZARA ALVES DE LIMA - ESCOLA MUNICIPAL,PLANALTO,-11.68572,-62.71404,3754,321,0
2020,476,418,35,1066,TIO TECO - ESCOLA MUNICIPAL,PLANALTO,-11.68952,-62.71423,2539,317,0
2020,477,434,1,1171,CASSIMIRO DE ABREU - ESTADUAL,CENTRO,-10.41231,-65.32923,3207,328,0
2020,478,434,1,1180,MARIA ALEUDA LH 8 D - MUNICIPAL,LINHA 8 D,-10.39356,-65.18879,363,-1,0
2020,479,434,1,1228,NAPOLEÃO LOBO DE MIRANDA - MUNICIPAL,DISTRITO DE ARARAS,-10.06011,-65.31808,455,-1,0
2020,480,434,1,1236,LUCIANA MARONARI LH20 - MUNICIPAL,DISTRITO DE PALMEIRAS,-10.38002,-64.97135,1232,-1,0
2020,481,434,1,1244,ONORINA DE SOUZA - LH 28 - MUNICIPAL,DISTRITO DE NOVA DIMENSAO,-10.36496,-64.80397,2388,-1,0
2020,482,434,1,1287,SALOMAO SILVA - ESTADUAL,CIDADE NOVA,-10.41623,-65.33543,1977,325,0
2020,483,434,1,1295,JORGE TEIXEIRA - MUNICIPAL,PLANALTO,-10.40519,-65.33091,1459,330,0
2020,484,434,1,1309,OSVALDO RIBEIRO DO NASCIMENTO LH 34 - MUNICIPAL,LINHA 34 D,-10.27095,-64.28243,346,-1,0
2020,485,434,1,1333,CANDIDO RONDON 3ª RIBEIRÃO - MUNICIPAL,3ª LINHA DO RIBEIRÃO,-10.13426,-65.17987,890,-1,0
2020,486,434,1,1341,EDUARDO VALVERDE - MUNICIPAL,NOVA REDENCAO,-10.42268,-65.33318,1139,326,0
2020,487,434,1,1350,LAURINDA GROFF - ESTADUAL,DISTRITO DE NOVA DIMENSAO,-10.36964,-64.80462,1626,-1,0
2020,488,434,1,1368,PEDRO MENDES CARDOSO,DISTRITO JACINOPOLIS,-10.27095,-64.28243,2253,-1,0
2020,489,450,8,1015,CHICO MENDES - COLEGIO,DISTRITO ESTRELA DO OESTE,-13.40669,-60.69333,272,-1,0
2020,490,450,8,1040,JOSÉ DE ANCHIETA - COLEGIO,CENTRO,-13.49361,-60.54522,2331,-1,0
2020,491,450,8,1074,PLANALTO - COLEGIO PLANALTO,DISTRITO PLANALTO SAO LUIZ,-13.37441,-60.41676,521,-1,0
2020,492,450,8,1163,CHICO SOLDADO - ESCOLA MUNICIPAL DE EDUCAÇÃO INFANTIL,CENTRO,-13.48877,-60.54509,1557,-1,0
2020,493,477,21,1015,TEODORO DE ASSUNCAO - ESCOLA ESTADUAL,SANTA ISABEL,-8.79821,-63.71144,1435,337,0
2020,494,477,21,1023,DOM JOAO BATISTA COSTA,UNIÃO,-8.79165,-63.70001,4743,334,0
2020,495,477,21,1031,JONATHAS COELHO NEIVA - ESCOLA MUNICIPAL,DISTRITO TRIUNFO,-9.27948,-63.46997,1047,-1,0
2020,496,477,21,1040,CARLOS DRUMOND DE ANDRADE,UNIÃO,-8.79526,-63.70481,3784,339,0
2020,497,477,21,1058,JAIME BACESSAT - ESCOLA ESTADUAL,SATÉLITE,-8.79507,-63.70843,3353,338,0
2020,498,477,21,1066,ALBINO BUTTNER - ESCOLA ESTADUAL,DISTRITO TRIUNFO,-9.27656,-63.46865,1647,-1,0
2020,499,477,21,1074,PRE ESCOLA FRANCISCO ALVES DA SILVA,PALHEIRAL,-8.78205,-63.69963,238,336,0
2020,500,477,21,1082,MÁRIO COVAS - ESCOLA MUNICIPAL,VILA NOVA SAMUEL,-8.65818,-63.41232,961,-1,0
2020,501,477,21,1090,ESCOLA CANDIDO GIACOMETT,PROJETO DE ASSENTAMENTO FLOR DO AMAZONAS,-8.98001,-63.58305,613,-1,0
2020,502,477,21,1104,JEQUITIBÁ - ESCOLA MUNICIPAL,PROJETO DE ASSENTAMENTO JEQUITIBÁ,-8.68551,-63.18276,202,-1,0
2020,503,493,2,1015,DR CUSTÓDIO - ESCOLA MUNICIPAL,CENTRO,-9.19019,-63.18892,1483,-1,0
2020,504,493,2,1023,CECÍLIA MEIRELES - ESCOLA MUNICIPAL,ZONA RURAL,-9.28507,-63.2024,440,-1,0
2020,505,493,2,1031,PAULO FREIRE - ESCOLA ESTADUAL,CENTRO,-9.18589,-63.18685,2941,-1,0
2020,506,493,2,1040,SOSSEGO DA MAMÃE - ESCOLA MUNICIPAL,CENTRO,-9.18496,-63.18607,790,-1,0
2020,507,493,2,1058,JOAO FRANCISCO CORREIA - ESCOLA ESTADUAL,CENTRO,-9.18511,-63.19122,644,-1,0
2020,508,493,2,1066,MONTEIRO LOBATO - ESCOLA MUNICIPAL,ZONA RURAL,-9.15755,-63.36881,99,-1,0
2020,509,515,15,1015,MARECHAL CÂNDIDO RONDON - ESCOLA ESTADUAL,CENTRO,-11.70671,-61.99982,3576,-1,0
2020,510,515,15,1023,AMÉRICO BRASILIENSE - ESCOLA ESTADUAL,DISTRITO MIGRANTINÓPOLIS,-11.72743,-62.14708,3124,-1,0
2020,511,531,15,1015,EUGÊNIO LAZARIN - ESCOLA MUNICIPAL,DISTRITO JARDINÓPOLIS,-11.50007,-61.88748,1364,-1,0
2020,512,531,15,1023,FRANCISCA JULIA DA SILVA - ESCOLA ESTADUAL,BAIRRO CENTRO,-11.43059,-61.9473,498,-1,0
2020,513,531,15,1058,VASCO DA GAMA - ESCOLA MUNICIPAL,BAIRRO CENTRO,-11.43059,-61.9473,1254,-1,1
2020,514,558,28,1015,PREFEITURA MUNICIPAL,CENTRO,-10.42766,-62.13123,5,-1,1
2020,515,558,28,1023,TUBARAO - ESCOLA ESTADUAL,CENTRO,-10.42741,-62.13328,3932,-1,0
2020,516,558,28,1031,CENTRO EDUCACIONAL PROFESSORA MARIA MATILDE- ESCOLA MUNICIPAL,CENTRO,-10.4279,-62.12918,1628,-1,0
2020,517,558,28,1040,JORGE TEIXEIRA - ESCOLA MUNICIPAL - DISTRITO SANTA ROSA,DISTRITO SANTA ROSA,-10.19765,-62.01905,637,-1,0
2020,518,566,18,1015,WALDEMAR HIGINO DE SOUZA - ESCOLA MUNICIPAL,SETOR 1 - SUMAUMA,-11.13522,-62.36525,1812,354,0
2020,519,566,18,1023,ADEILDO MARTINS - ESCOLA MUNICIPAL - URUPA,SETOR 4 - ALTO ALEGRE,-11.12078,-62.37496,3316,350,0
2020,520,566,18,1031,ALTAMIR BILLYS SOARES - ESCOLA ESTADUAL,SETOR 3 - NOVO HORIZONTE,-11.1254,-62.37119,3592,352,0
2020,521,566,18,1066,OLIVEIRA PAIVA - ESCOLA MUNICIPAL,ZONA RURAL,-11.03892,-62.22082,409,-1,0
2020,522,566,18,1082,NOVA ESTRELA - ESCOLA MUNICIPAL - DISTR NOVA ALIANÇA,NOVA ALIANÇA,-11.19003,-62.48772,620,-1,0
2020,523,574,28,1015,MIGRANTES - ESCOLA ESTADUAL,CENTRO,-11.02904,-62.67672,3528,-1,0
2020,524,574,28,1031,PROFESSOR EDSON DUARTE LOPES - ESCOLA MUNICIPAL,CENTRO,-11.02897,-62.66573,1989,-1,0
2020,525,574,28,1040,FLORIZEL LAMEGO FERRARI - ESCOLA MUNICIPAL,CENTRO,-11.03182,-62.66448,3475,-1,0
2020,526,574,28,1066,TERRA INDÍGENA URU-EU-WAU-WAU,ALDEIA URU-EU-WAU-WAU,-11.06524,-62.95268,164,-1,0
2020,527,582,35,1015,RUI BARBOSA DE OLIVEIRA - ESCOLA ESTADUAL,CENTRO,-11.77201,-63.03755,2199,349,0
2020,528,582,35,1023,OSWALDO PIANA - ESCOLA ESTADUAL,CENTRO,-11.76872,-63.03373,3637,347,0
2020,529,582,35,1031,JOSE DO PATROCINIO - ESCOLA MUNICIPAL,BOM SUCESSO,-11.82444,-62.92323,1011,-1,0
2020,530,582,35,1040,PRINCESA ISABEL - ESCOLA MUNICIPAL,NOVO PLANALTO,-11.90163,-63.09654,1645,-1,0
2020,531,582,35,1058,VENCESLAU BRAS - ESCOLA MUNICIPAL,MENDES JUNIOR,-11.84256,-63.16498,503,-1,0
2020,532,582,35,1066,COMUNIDADE IMACULADA CONCEIÇÃO,VILA GUARUJÁ,-11.86737,-62.98996,248,-1,0
2020,533,582,35,1074,PINÓQUIO- ESCOLA MUNICIPAL,CRISTO REI,-11.77148,-63.03383,754,347,0
2020,534,590,27,1023,PAPA PAULO VI - ESCOLA MUNICIPAL,ZONA RURAL,-10.28063,-62.49378,407,-1,0
2020,535,590,27,1031,ESCOLA PRIMAVERA - ESCOLA ESTADUAL,CENTRO,-10.24639,-62.34972,3708,-1,0
2020,536,590,27,1040,MANOEL RIBEIRO - ESCOLA MUNICIPAL,DISTRITO VILA PALMARES DO OESTE,-10.02969,-62.34916,2198,-1,0
2020,537,590,27,1058,JOÃO MARQUES FERREIRA - ESCOLA MUNICIPAL,ZONA RURAL,-10.19191,-62.28055,560,-1,0
2020,538,590,27,1066,JOSILEI DA SILVA NASCIMENTO - ESCOLA MUNICIPAL,ZONA RURAL,-10.09912,-62.22228,806,-1,0
2020,539,590,27,1082,ESCOLA ANTONIO CONSELHEIRO - ESCOLA MUNICIPAL,ZONA RURAL,-10.04685,-62.47143,496,-1,0
2020,540,604,11,1015,NILO COELHO - ESCOLA ESTADUAL,CENTRO,-11.19572,-61.51895,3067,-1,0
2020,541,604,11,1023,CECÍLIA MEIRELES - ESCOLA MUNICIPAL,CENTRO,-11.19747,-61.52003,1360,-1,0
2020,542,604,11,1031,BALÃO MÁGICO - ESCOLA MUNICIPAL,CENTRO,-11.1978,-61.52002,1060,-1,0
2020,543,604,11,1040,QUINTINO BOCAIÚVA - ESCOLA MUNICIPAL,ZONA RURAL,-11.20767,-61.61954,301,-1,0
2020,544,604,11,1058,AMADO FONTES - ESCOLA MUNICIPAL,ZONA RURAL,-11.106,-61.44482,327,-1,0
2020,545,612,27,1023,COSTA JUNIOR - ESCOLA ESTADUAL,CENTRO,-10.61228,-62.73246,3272,342,0
2020,546,612,27,1031,CLAUDIO MANOEL DA COSTA - ESCOLA ESTADUAL,DISTRITO COLINA VERDE,-10.54208,-63.0178,2333,-1,0
2020,547,612,27,1040,FERNAO DIAS PAES - ESCOLA MUNICIPAL,COMUNIDADE RURAL DE SÃO VICENTE,-10.71916,-62.881,411,-1,0
2020,548,612,27,1058,SUED ALVES -  ESCOLA MUNICIPAL,ZONA RURAL,-10.77287,-62.93476,666,-1,0
2020,549,612,27,1066,ARMINDO FERREIRA FRAGA - ESCOLA MUNICIPAL,CENTRO,-10.61794,-62.72921,597,341,0
2020,550,612,27,1074,ANTONIO AUGUSTO DE LIMA - ESCOLA MUNICIPAL,ZONA RURAL,-10.71696,-62.95722,280,-1,0
2020,551,620,26,1023,FREI HENRIQUE DE COIMBRA - ESCOLA ESTADUAL,SETOR 01,-10.34338,-62.90128,2163,-1,0
2020,552,620,26,1031,NELSO ALQUIERI - ESCOLA MUNICIPAL,SETOR 05,-10.33822,-62.89857,1095,-1,0
2020,553,620,26,1040,VALDIR ALBERTON - ESCOLA MUNICIPAL - TRAVESSÃO B-40,ZONA RURAL,-10.24876,-63.13014,343,-1,0
2020,554,620,26,1058,WALDEMIRO DA SILVA MOURA - ESCOLA MUNICIPAL - CUNHA DO MARECHAL,ZONA RURAL,-10.31304,-62.74449,362,-1,0
2020,555,639,25,1015,LAURINDO RABELO - ESCOLA ESTADUAL,CENTRO,-9.72025,-63.31697,4188,-1,0
2020,556,639,25,1031,ROGÉRIO DA SILVA GONÇALVES - ESCOLA MUNICIPAL,CENTRO,-9.72641,-63.31557,2618,-1,0
2020,557,639,25,1040,SANTA MARCELINA - ESCOLA MUNICIPAL,CENTRO,-9.71884,-63.3202,2172,-1,0
2020,558,639,25,1058,13 DE SETEMBRO - ESCOLA MUNICIPAL - DISTRITO DE VILA NOVA,DISTrito VILA NOVA,-9.52443,-63.07977,99,-1,0
2020,559,639,25,1066,UNIÃO DO ALTO ALEGRE - ESCOLA MUNICIPAL,zona RURAL,-9.71396,-63.51558,592,-1,0
2020,560,639,25,1074,MAURÍCIO DE NASSAU - ESCOLA MUNICIPAL - LINHA C-110,zona RURAL,-9.48698,-63.41775,608,-1,0
2020,561,639,25,1082,PADRE ANGELO SPADARI - ESCOLA MUNICIPAL - LINHA C-100,zona RURAL,-9.57438,-63.34223,418,-1,0
2020,562,639,25,1104,TEREZA CRISTINA - ESCOLA MUNICIPAL,zona RURAL,-9.50822,-63.20722,135,-1,0
2020,563,639,25,1112,CUSTÓDIO GABRIEL FILHO - ESCOLA ESTADUAL DE ENSINO FUNDAMENTAL,JARDIM ALVORADA II,-9.71784,-63.31299,936,-1,0
2020,564,647,26,1023,FRANCISCO MIGNONE - ESCOLA ESTADUAL,SETOR 01,-9.70388,-62.89904,3412,-1,0
2020,565,655,16,1015,PROFESSOR LUIZ BENVENOTO DALA COSTA - ESCOLA MUNICIPAL,DISTRITO DE ALTO GUARAJUS,-12.96254,-60.88409,618,-1,0
2020,566,655,16,1023,COLINA VERDE - ESCOLA ESTADUAL,DISTRITO DE RONDOLANDIA,-13.01205,-60.82129,477,-1,0
2020,567,655,16,1031,OSWALDO PIANA - ESCOLA ESTADUAL,CENTRO,-12.99626,-60.94937,1524,-1,0
2020,568,655,16,1040,MARECHAL RONDON - ESCOLA ESTADUAL,DISTRITO DE VITORIA DA UNIAO,-13.00993,-61.12603,1042,-1,0
2020,569,655,16,1058,UBS NIVALDO RODRIGUES DA SILVA - UNIDADE BÁSICA DE SAÚDE,DISTRITO DE VERDE SERINGAL,-12.87161,-60.72573,255,-1,0
2020,570,655,16,1074,MUNDO MAGICO - ESCOLA MUNICIPAL,CENTRO,-12.99964,-60.93823,1696,-1,0
2020,571,663,25,1015,MATO GROSSO - ESCOLA ESTADUAL,SETOR 01,-10.26344,-63.299,3310,-1,0
2020,572,663,25,1023,AURELIO BUARQUE DE HOLANDA FERREIRA - ESCOLA ESTADUAL,SETOR 01,-10.26314,-63.29864,3480,-1,0
2020,573,663,25,1040,MARIA DE ABREU BIANCO - ESCOLA MUNICIPAL,SETOR 03,-10.25443,-63.29734,2046,-1,0
2020,574,663,25,1058,MÁRIO PALMÉRIO - ESCOLA MUNICIPAL - DISTR MASSANGANA,DISTRITO DE MASSANGANA,-10.02478,-63.28773,589,-1,0
2020,575,663,25,1066,22 DE ABRIL - ESCOLA MUNICIPAL,ZONA RURAL,-10.16042,-63.31784,524,-1,0
2020,576,671,34,1015,15 DE OUTUBRO - ESCOLA ESTADUAL,SETOR 02,-10.571,-63.61809,2567,-1,0
2020,577,671,34,1023,CASSIANO RICARDO - ESCOLA MUNICIPAL,CENTRO,-10.57108,-63.62227,1351,-1,0
2020,578,671,34,1031,RIO BRANCO - ESCOLA MUNICIPAL - DISTR CAMPO NOVO,VILA RIO BRANCO,-10.26428,-64.06112,1811,-1,0
2020,579,671,34,1040,TANCREDO NEVES II - ESCOLA MUNICIPAL - DISTR CAMPO NOVO,VILA UNIAO,-10.34179,-63.65577,1112,-1,0
2020,580,671,34,1066,7 DE SETEMBRO - ESCOLA MUNICIPAL - DISTR TRÊS COQUEIROS,AREA RURAL,-10.44498,-63.97305,932,-1,0
2020,581,680,26,1015,ANTONIO FRANCISCO LISBOA - ESCOLA ESTADUAL,SETOR 03,-9.36814,-62.58407,3842,-1,0
2020,582,680,26,1023,PEQUENO PRÍNCIPE - ESCOLA MUNICIPAL,SETOR 02,-9.36863,-62.58223,4799,-1,0
2020,583,680,26,1031,ANTONIO FREDERICO DE CASTRO ALVES - ESCOLA MUNICIPAL - AMÉRICO VENTURA,ZONA RURAL,-9.47823,-63.01108,268,-1,0
2020,584,680,26,1040,TEOTÔNIO BRANDÃO VILELA - ESCOLA MUNICIPAL - CASTANHEIRAS,ZONA RURAL,-9.48375,-62.65767,466,-1,0
2020,585,680,26,1058,ALUÍSIO BECKER - ESCOLA MUNICIPAL,SETOR 01,-9.36222,-62.58016,1169,-1,0
2020,586,698,32,1015,BARTOLOMEU LOURENCO DE GUSMAO-ESCOLA ESTADUAL,CENTRO,-9.85716,-62.17374,2569,-1,0
2020,587,698,32,1023,DARCI RIBEIRO-ESCOLA MUNICIPAL,CENTRO,-9.86349,-62.17543,3009,-1,0
2020,588,698,32,1031,ORIBE ANTONIO DOS SANTOS-ESCOLA MUNICIPAL-NÚCLEO SÃO MARCOS,NUCLEO RURAL SAO MARCOS,-9.66958,-62.10137,757,-1,0
2020,589,701,19,1015,JOSÉ CESTARI - ESCOLA MUNICIPAL,CENTRO,-12.18073,-61.60159,2615,-1,0
2020,590,701,19,1023,ASSOCIAÇÃO RURAL - ASPRUNO,ZONA RURAL,-12.45931,-61.61708,123,-1,0
2020,591,701,19,1040,ANTONIO CANDIDO DA SILVEIRA- ESCOLA MUNICIPAL,ZONA RURAL,-12.31482,-61.54389,100,-1,0
2020,592,701,19,1074,POSTO DE SAÚDE DA ZONA RURAL,ZONA RURAL,-12.23964,-61.48947,231,-1,0
2020,593,701,19,1082,DOM PEDRO II - ESCOLA MUNICIPAL,ZONA RURAL,-12.32342,-61.28679,210,-1,0
2020,594,710,19,1031,FELIPE CAMARAO - ESCOLA ESTADUAL,CENTRO,-11.90863,-61.5117,2421,-1,0
2020,595,710,19,1112,COMUNIDADE SÃO JOÃO - IGREJA,ZONA RURAL,-11.90597,-61.41925,330,-1,0
2020,596,710,19,1171,IGREJA SÃO LUIZ REIS,ZONA RURAL,-11.86605,-61.48807,194,-1,0
2020,597,710,19,1201,ESCOLA MUNICIPAL ORLINDO GONÇALVES DA ROCHA,CENTRO,-11.79896,-61.47391,1431,-1,0
2020,598,728,9,1015,JOSE ANTONIO RODRIGUES - ESCOLA MUNICIPAL,CENTRO,-11.83089,-61.31864,672,-1,0
2020,599,728,9,1023,JOSE SEVERINO DOS SANTOS - ESCOLA ESTADUAL,CENTRO,-11.8327,-61.31784,1394,-1,0
2020,600,728,9,1031,ESTACIO DE SA - ESCOLA ESTADUAL,QUERENCIA DO NORTE,-11.97502,-61.37681,737,-1,0
2020,601,736,19,1015,ARTUR COSTA E SILVA - ESCOLA ESTADUAL - 1 E 2 GRAU,CENTRO,-12.13528,-61.85818,4088,-1,0
2020,602,736,19,1023,FERNANDO SABINO - ESCOLA MUNICIPAL,DISTRITO FLOR DA SERRA,-12.45675,-61.91397,520,-1,0
2020,603,736,19,1040,PAULO FREIRE - ESCOLA MUNICIPAL,CENTRO,-12.13453,-61.85457,3310,-1,0
2020,604,736,19,1066,JOÃO PAULO I - ESCOLA MUNICIPAL,ZONA RURAL,-12.50801,-61.61852,175,-1,0
2020,605,744,28,1015,PREFEITURA MUNICIPAL,CENTRO,-10.91518,-62.55501,12,-1,1
2020,606,744,28,1023,MARIA GORETTI - ESCOLA ESTADUAL,CENTRO,-10.91603,-62.55451,3191,-1,0
2020,607,744,28,1031,MARCOS ADRIANO ISSLER - ESCOLA MUNICIPAL,CENTRO,-10.91488,-62.55471,1662,-1,0
2020,608,744,28,1040,MANOEL FRANCISCO DE OLIVEIRA - ESCOLA MUNICIPAL,CENTRO,-10.91463,-62.55581,699,-1,0
2020,609,752,13,1015,PIONEIRA - ESCOLA ESTADUAL,CENTRO,-10.93264,-62.25635,2914,-1,0
2020,610,752,13,1023,SEBASTIAO AMORIM DA SILVA - ESCOLA MUNICIPAL,CENTRO,-10.93293,-62.25994,1196,-1,0
2020,611,779,34,1015,BURITIS - ESCOLA ESTADUAL,SETOR 03,-10.20722,-63.83009,4129,-1,0
2020,612,779,34,1023,ESCOLA ELVANDA MARIA SIQUEIRA,SETOR 01,-10.2134,-63.82758,3433,-1,0
2020,613,779,34,1031,ESCOLA MARECHAL RONDON,SETOR 04,-10.19997,-63.83071,5200,-1,0
2020,614,779,34,1040,MARIA DE ABREU BIANCO - ESCOLA ESTADUAL,SETOR 03,-10.20697,-63.83599,4266,-1,0
2020,615,779,34,1058,ESCOLA FRANCISCO JOSE CHIQUILITO ERSE,SETOR 07,-10.21128,-63.84473,1413,-1,0
2020,616,779,34,1066,PAULO FREIRE - ESCOLA MUNICIPAL,SETOR 02,-10.21056,-63.82253,1898,-1,0
2020,617,779,34,1074,CASA DE DETENÇÃO DE BURITIS,SETOR 01,-10.2134,-63.82758,6,-1,1
2020,618,779,34,1090,JOSÉ BONIFÁCIO DE ANDRADA E SILVA - ESCOLA MUNICIPAL,AREA RURAL,-10.19012,-63.67514,567,-1,0
2020,619,779,34,1104,TIRADENTES - ESCOLA MUNICIPAL,AREA RURAL,-10.02931,-63.91081,694,-1,0
2020,620,779,34,1112,MARIA MARTA BRAGA - ESCOLA MUNICIPAL,AREA RURAL,-10.11752,-64.08655,628,-1,0
2020,621,779,34,1120,JOSÉ AMÉRICO DE ALMEIDA - ESCOLA MUNICIPAL,AREA RURAL,-10.15145,-63.90495,374,-1,0
2020,622,787,16,1015,INACIO DE CASTRO - ESCOLA ESTADUAL,CENTRO,-13.48098,-61.04774,1944,-1,0
2020,623,795,5,1015,ESCOLA INDÍGENA ESTADUAL DE ENSINO FUNDAMENTAL IRIA DOS REIS FREITAS,DISTRITO PORTO MURTINHO,-12.06105,-63.5762,462,-1,0
2020,624,795,5,1023,CAMPOS SALES - ESCOLA ESTADUAL,CENTRO,-12.06208,-63.56744,3184,-1,0
2020,625,795,5,1031,POLO - PEREIRA E CACERES - ESCOLA MUNICIPAL,DISTRITO PORTO MURTINHO,-12.05635,-63.56978,888,-1,0
2020,626,795,5,1040,POLO - JOÃO MELO ZEFERINO - ESCOLA MUNICIPAL,ZONA RURAL,-12.08132,-63.87223,192,-1,0
2020,627,795,5,1058,EUCLIDES CUNHA - ESCOLA MUNICIPAL,DISTRITO PEDRAS NEGRAS,-12.85223,-62.90228,70,-1,0
2020,628,795,5,1074,SENADOR RONALDO ARAGAO - ESCOLA MUNICIPAL,CENTRO,-12.06134,-63.56529,1862,-1,0
2020,629,795,5,1082,NEUZA DE OLIVEIRA BRAVIN - ESCOLA MUNICIPAL,ZONA RURAL,-12.07146,-63.71959,1208,-1,0
2020,630,795,5,1090,MARCILENE DE CARVALHO - ESCOLA ESTADUAL,SETOR 08,-12.07316,-63.56854,2562,-1,0
2020,631,795,5,1104,REGINA ALMEIDA DE ARAUJO,CIDADE ALTA,-12.05368,-63.57084,1820,-1,0
2020,632,809,8,1023,ESCOLA IRMÃS JULIANE E ALINE DOS SANTOS MARCOS - ESCOLA MUNICIPAL,CENTRO,-12.55864,-60.90594,2069,-1,0
2020,633,809,8,1031,ANA PAULA MARQUES - ESCOLA MUNICIPAL - DISTRITO DE BOA ESPERANÇA,DISTRITO BOA ESPERANCA,-12.29742,-61.04774,712,-1,0
2020,634,809,8,1040,SANTO ANTÔNIO - ESCOLA MUNCIPAL - PORTO RICO,DISTRITO NOVA ANDRADINA,-12.27159,-61.12122,194,-1,0
2020,635,809,8,1058,ESCOLA GUAPORÉ - VALTER JOSÉ ZANELLA - DISTRITO DE GUAPORÉ,DISTRITO GUAPORÉ,-12.22945,-60.68701,503,-1,0
2020,636,809,8,1066,ESCOLA NOVO PLANO - CLEBERSON DIAS - ESCOLA MUNICIPAL,DISTRITO NOVO PLANO,-12.44521,-61.10498,1114,-1,0
2020,637,809,8,1082,ÁGUA VIVA - ESCOLA MUNICIPAL - ZÉ BENTÃO,ASSENTAMENTO ZÉ BENTÃO,-12.79835,-60.84974,374,-1,0
2020,638,809,8,1090,ESCOLA ESTADUAL - MOACYR CARAMELLO,CENTRO,-12.55111,-60.89703,2300,-1,0
2022,0,19,1,1031,E.M.E.I.F. SAUL BENNESBY,CAETANO,-10.7683,-65.32639,2124,120,0
2022,1,19,1,1058,E.E.E.M.T.I. SIMON BOLIVAR ,CENTRO,-10.79118,-65.34381,2751,121,0
2022,2,19,1,1066,I.E.E. PAULO SALDANHA ,CENTRO,-10.78765,-65.34039,1172,121,0
2022,3,19,1,1104,E.E.E.F ROCHA LEAL,SAO JOSE,-10.7878,-65.33659,1200,132,0
2022,4,19,1,1112,E.M.E.F. ALMIRANTE TAMANDARÉ ,TAMANDARE,-10.7797,-65.33937,2631,133,0
2022,5,19,1,1139,E.E.E.F. CAPITÃO GODOY,SAO JOSE,-10.78766,-65.33417,1393,132,0
2022,6,19,1,1155,E.E.C.M. IRMÃ MARIA CELESTE,SERRARIA,-10.77775,-65.3315,2555,133,0
2022,7,19,1,1163,GASPAR DUTRA - IATA - ESCOLA ESTADUAL,DISTRITO DO IATA,-10.58765,-65.38556,650,-1,0
2022,8,19,1,1201,RESERVA OURO PRETO - RESEX - BARRACÃO DO POMPEU,RESERVA RIO ORO PRETO - POMPEU,-10.91749,-65.04297,206,-1,0
2022,9,19,1,1210,COLÉGIO TIRADENTES DA POLÍCIA MILITAR - CTPM - UNIDADE 10,10 DE ABRIL,-10.77538,-65.32122,3864,123,0
2022,10,19,1,1260,E.M.E.I. JOSÉ CARLOS NERI,PROSPERO,-10.76734,-65.31031,3161,128,0
2022,11,19,1,1279,E.M.E.I.F. IRMÃ HILDA,SANTA LUZIA,-10.7808,-65.31987,2402,129,0
2022,12,19,1,1295,ESCOLA INDIGENA ABRAAO KOOP,ALDEIA SANTO ANDRE,-11.16399,-65.01713,366,-1,0
2022,13,19,1,1317,E.M.E.I.F. PROFESSORA MARIA LIBERTY DE FREITAS ,JARDIM DAS ESMERALDAS,-10.7606,-65.30417,2062,125,0
2022,14,19,1,1325,E.M.R.E.F. TEÓFILO LIMÃO DE SOUZA  ,RAMAL CACHOEIRINHA,-10.72909,-64.93072,211,-1,0
2022,15,19,1,1333,ESCOLA INDIGENA POSSIDONIO BASTOS,ALDEIA RIO NEGRO OCAIA,-11.18277,-64.8345,482,-1,0
2022,16,19,1,1376,ESCOLA ESTADUAL  INDÍGENA 05 DE JULHO,ALDEIA RICARDO FRANCO,-10.82157,-65.23867,105,-1,1
2022,17,19,1,1406,SÃO JUDAS TADEU - ESCOLA MUNICIPAL,DISTRITO DE SURPRESA,-10.82157,-65.23867,973,-1,1
2022,18,35,2,1015,CARMELA DUTRA INSTITUTO ESTADUAL,ARIGOLANDIA,-8.75991,-63.90942,4458,227,0
2022,19,35,2,1074,INSTITUTO LAURA VICUNA - ESCOLA PARTICULAR,OLARIA,-8.75599,-63.89997,3314,261,0
2022,20,35,2,1104,BARÃO DO SOLIMÕES - ESCOLA ESTADUAL,CAIARI,-8.76227,-63.90462,1459,229,0
2022,21,35,2,1120,NACOES UNIDAS - ESCOLA ESTADUAL,PEDRINHAS,-8.74427,-63.90449,2103,263,0
2022,22,35,2,1139,PADRE MORETTI - CENTRO EDUCACIONAL (SAMARITANA),SAO JOAO BOSCO,-8.75511,-63.89924,1617,269,0
2022,23,35,2,1406,SAO SEBASTIAO I  - ESCOLA ESTADUAL,SAO SEBASTIAO,-8.73805,-63.90822,2505,271,0
2022,24,35,2,1449,DR OSWALDO PIANA - ESCOLA ESTADUAL,NACIONAL,-8.72741,-63.90923,3461,255,0
2022,25,35,2,1473,MURILO BRAGA - ESCOLA ESTADUAL,CENTRO,-8.7633,-63.89639,1426,265,0
2022,26,35,2,1481,MARIA IZAURA DA COSTA CRUZ - ESCOLA MUNICIPAL,COSTA E SILVA,-8.7369,-63.89217,3790,238,0
2022,27,35,2,1490,RIO MADEIRA - ESCOLA MUNICIPAL,NOVA ESPERANCA,-8.72358,-63.87691,1918,257,1
2022,28,35,2,1503,TIRADENTES - ESCOLA ESTADUAL,INDUSTRIAL,-8.73807,-63.87914,6659,247,0
2022,29,35,2,1520,JOHN KENNEDY - ESCOLA ESTADUAL,SAO CRISTOVAO,-8.75776,-63.89454,3024,269,0
2022,30,35,2,1538,INTERAÇÃO - ESCOLA PARTICULAR,CENTRO,-8.76518,-63.90226,1053,233,0
2022,31,35,2,1546,21 DE ABRIL - ESCOLA ESTADUAL,LIBERDADE,-8.75061,-63.89106,5388,251,0
2022,32,35,2,1554,MAJOR GUAPINDAIA - ESCOLA ESTADUAL,SAO JOAO BOSCO,-8.74481,-63.89523,4133,270,0
2022,33,35,2,1570,JOSÉ DE FREITAS - ESCOLA MUNICIPAL,PROJETO ASSENTAMENTO JOANA D'ARC I,-8.97859,-64.31598,559,-1,0
2022,34,35,2,1589,RIACHO AZUL - ESCOLA MUNICIPAL,REASSENTAMENTO RIACHO AZUL,-8.80983,-64.02873,204,-1,0
2022,35,35,2,1597,ERMELINDO MONTEIRO BRASIL - ESCOLA MUNICIPAL,CJ HABITACIONAL POPULAR DNIT,-8.73573,-63.93593,1005,255,1
2022,36,35,2,1600,ENGENHO DO MADEIRA - ESCOLA MUNICIPAL,AGROVILA NOVO ENGENHO VELHO,-8.77185,-63.93129,238,275,1
2022,37,35,2,1627,JOSÉ RODRIGUES - ESCOLA MUNICIPAL,VILA FRANCISCANA,-8.77,-64.07832,175,-1,0
2022,38,35,2,1635,NACIONAL - ESCOLA MUNICIPAL,NACIONAL,-8.73161,-63.91089,1099,255,0
2022,39,35,2,1643,ESCOLA SANTA MARCELINA,EMBRATEL,-8.74543,-63.88143,3192,242,0
2022,40,35,2,1651,JOSE OTINO DE FREITAS - ESCOLA MUNICIPAL,FLODOALDO PONTES PINTO,-8.74207,-63.87539,5083,244,0
2022,41,35,2,1660,ESCOLA SANTA MARCELINA (BRASÍLIA),EMBRATEL,-8.74579,-63.882,5381,242,0
2022,42,35,2,1678,IFRO - INSTITUTO DE EDUCAÇÃO CIÊNCIA E TECNOLOGIA DE RONDONIA,FLODOALDO PONTES PINTO,-8.74519,-63.87149,4114,244,0
2022,43,35,2,1686,LUIZ SOARES DE CÁSSIA - ESCOLA MUNICIPAL,MARINGA,-8.74449,-63.83636,686,273,0
2022,44,35,2,1694,FLORA CALHEIROS COTRIN - ESCOLA MUNICIPAL,ESPERANCA DA COMUNIDADE,-8.75107,-63.84445,5757,243,0
2022,45,35,2,1708,QUATRO DE JANEIRO - ESCOLA ESTADUAL,APONIA,-8.74165,-63.86431,3229,224,0
2022,46,35,2,1716,ROBERTO DUARTE PIRES - ESCOLA ESTADUAL,IGARAPE,-8.74491,-63.86269,3153,246,0
2022,47,35,2,1724,PÉ DE MURICI - ESCOLA MUNICIPAL,PLANALTO,-8.73907,-63.84056,2177,273,0
2022,48,35,2,1740,OLAVO GOMES PIRES - ESCOLA MUNICIPAL,APONIA,-8.74213,-63.8564,2865,224,0
2022,49,35,2,1759,DARCY RIBEIRO - ESCOLA MUNICIPAL,ESPERANCA DA COMUNIDADE,-8.74965,-63.84583,3148,243,0
2022,50,35,2,1767,JOÃO RIBEIRO - ESCOLA MUNICIPAL,IGARAPE,-8.74069,-63.84868,3182,264,0
2022,51,35,2,1775,PEDRO TAVARES BATALHA - ESCOLA MUNICIPAL,APONIA,-8.7345,-63.86082,3163,224,0
2022,52,35,2,1791,CENTRO DE ENSINO MINEIRO - COLÉGIO MINEIRO -  PARTICULAR,FLODOALDO PONTES PINTO,-8.74363,-63.87344,3497,244,1
2022,53,35,2,1805,DUQUE DE CAXIAS - ESCOLA ESTADUAL,ARIGOLANDIA,-8.7592,-63.90951,4863,261,0
2022,54,35,2,1813,SESC - ESCOLA,OLARIA,-8.75599,-63.89997,2278,261,1
2022,55,35,6,1040,SÃO LUCAS - CENTRO UNIVERSITÁRIO PARTICULAR,AREAL,-8.76645,-63.89986,2630,268,0
2022,56,35,6,1104,PADRE CHIQUINHO - ESCOLA MUNICIPAL,AREAL,-8.77703,-63.89873,2044,225,0
2022,57,35,6,1147,FRANKLIN DELANO ROOSEVELT - ESCOLA ESTADUAL,TRIANGULO,-8.77531,-63.90922,2001,275,0
2022,58,35,6,1376,RIO BRANCO - ESCOLA ESTADUAL,NOSSA SENHORA DAS GRACAS,-8.76439,-63.88815,3363,256,0
2022,59,35,6,1384,BELA VISTA - ESCOLA ESTADUAL,CONCEIÇÃO,-8.79872,-63.89233,6613,237,0
2022,60,35,6,1392,NOSSA SENHORA DAS GRACAS - ESCOLA ESTADUAL,NOSSA SENHORA DAS GRACAS,-8.76814,-63.89348,2466,252,0
2022,61,35,6,1406,CAPITAO CLAUDIO MANOEL DA COSTA - ESCOLA ESTADUAL,CIDADE DO LOBO,-8.80685,-63.88458,6452,235,0
2022,62,35,6,1414,SAUL BENNESBY - ESCOLA MUNICIPAL,ELETRONORTE,-8.79709,-63.89797,3059,241,0
2022,63,35,6,1422,CLASSE A - UNIDADE II - COLÉGIO PARTICULAR,ELETRONORTE,-8.78681,-63.89671,7310,241,0
2022,64,35,6,1430,TIRADENTES VII - COLÉGIO MILITAR ESTADUAL,ROQUE,-8.7744,-63.89072,2998,267,0
2022,65,35,6,1449,MANOEL APARÍCIO NUNES ALMEIDA - ESCOLA MUNICIPAL,CIDADE NOVA,-8.81141,-63.8807,3597,234,0
2022,66,35,6,1457,JOÃO AFRO VIEIRA - ESCOLA MUNICIPAL - VILA PRINCESA,VILA PRINCESA,-8.84932,-63.94085,421,-1,0
2022,67,35,6,1538,CORA CORALINA - ESCOLA MUNICIPAL - DISTRITO JACY PARANA,DISTRITO JACY PARANA,-9.25295,-64.40552,1950,-1,0
2022,68,35,6,1546,ABC DE JACI - ESCOLA MUNICIPAL - DISTRITO JACY PARANA,DISTRITO JACY PARANA,-9.25409,-64.41682,1564,-1,0
2022,69,35,6,1554,RIO PARDO - ESCOLA MUNICIPAL - DISTRITO RIO PARDO,DISTRITO RIO PARDO,-9.62628,-63.96701,2404,-1,0
2022,70,35,6,1562,MARIA CASAROTO ABATI - ESCOLA MUNICIPAL - DISTR VISTA ALEGRE DO ABUNÃ,DISTRITO VISTA ALEGRE DO ABUNA,-8.845,-63.93189,2268,-1,1
2022,71,35,6,1570,MORADORES DA LINHA 01 - ASSOCIAÇÃO - DISTRITO UNIAO BANDEIRANTE,DISTRITO UNIAO BANDEIRANTE,-9.57382,-64.51496,308,-1,0
2022,72,35,6,1589,CÉSAR FREITAS CASSOL -ESCOLA ESTADUAL - DISTRITO UNIÃO BANDEIRANTE,DISTRITO UNIAO BANDEIRANTE,-9.70133,-64.53303,3131,-1,0
2022,73,35,6,1597,MARIA JACIRA FEITOSA DE CARVALHO - ESCOLA MUN. DISTR. NOVA CALIFÓRNIA,DISTRITO NOVA CALIFORNIA,-8.845,-63.93189,3085,-1,1
2022,74,35,6,1600,MARCO AZUL - ESCOLA MUNICIPAL - COMUNIDADE MARCO AZUL,COMUNIDADE MARCO AZUL,-9.79158,-63.77732,230,-1,0
2022,75,35,6,1619,NOSSA SENHORA DE NAZARE -ESCOLA MUNICIPAL - DISTRIT NOVA MUTUM PARANA,DISTRITO NOVA MUTUM PARANA,-9.29509,-64.55117,1630,-1,0
2022,76,35,6,1627,MANOEL PEDRO PEREIRA - ESCOLA MUNICIPAL - BR 364 - KM 24,ZONA RURAL,-8.94963,-63.98227,271,-1,0
2022,77,35,6,1635,ANTONIO AUGUSTO VASCONCELOS - ESCOLA MUNICIPAL - CACHOEIRA TEOTONIO,VILA CACHOEIRA DE TEOTONIO,-8.87195,-64.05463,212,-1,0
2022,78,35,6,1643,SANTA JÚLIA - ESCOLA MUNICIPAL - VILA PENHA - TAQUARA,VILA PENHA - TAQUARA,-9.86653,-65.26853,533,-1,0
2022,79,35,6,1651,PROFESSORA ANTONIA VIEIRA FROTA - ESCOLA ESTADUAL - DISTR VISTA ALEGRE,DISTRITO VISTA ALEGRE DO ABUNA,-8.845,-63.93189,1923,-1,1
2022,80,35,6,1660,FLOR DO CUPUAÇÚ - ESCOLA MUNICIPAL - REASSENTAMENTO SANTA RITA,REASSENTAMENTO SANTA RITA,-9.1118,-64.16779,279,-1,0
2022,81,35,6,1678,03 DE DEZEMBRO - ESCOLA MUNICIPAL - DISTRITO UNIÃO BANDEIRANTE,DISTRITO UNIAO BANDEIRANTE,-9.7099,-64.5342,3117,-1,0
2022,82,35,6,1686,EDUARDO LIMA E SILVA - ESCOLA ESTADUAL,NOVA FLORESTA,-8.79244,-63.89361,6667,258,0
2022,83,35,6,1694,MORADORES DA LINHA 8 - ASSOCIAÇÃO - DISTRITO UNIAO BANDEIRANTE,DISTRITO UNIAO BANDEIRANTE,-9.88629,-64.64973,908,-1,0
2022,84,35,6,1708,MARECHAL CANDIDO RONDON - ESCOLA ESTADUAL - DISTRITO ABUNÃ,DISTRITO ABUNA,-9.69864,-65.36776,481,-1,0
2022,85,35,6,1716,13 DE MAIO- ESCOLA ESTADUAL - DISTRITO EXTREMA,DISTRITO EXTREMA DE RONDONIA,-8.845,-63.93189,1698,-1,1
2022,86,35,6,1732,FLOR DE LARANJEIRA - ESCOLA MUNICIPAL,NOVA FLORESTA,-8.79254,-63.89362,1070,258,0
2022,87,35,6,1740,JOAQUIM VICENTE RONDON - ESCOLA MUNICIPAL - DISTRITO JACY PARANA,DISTRITO JACY PARANA,-9.26123,-64.40243,664,-1,0
2022,88,35,6,1759,BARAO DO RIO BRANCO - ESCOLA ESTADUAL - DISTRITO FORTALEZA DO ABUNÃ,DISTRITO FORTALEZA DO ABUNA,-9.78139,-65.52907,261,-1,0
2022,89,35,6,1767,KYOWÃ - ESCOLA ESTADUAL - ALDEIA KARITIANA,ALDEIA KARITIANA,-9.29543,-64.00395,100,-1,0
2022,90,35,6,1775,JAYME PEIXOTO DE ALENCAR - ESCOLA MUNICIPAL - DISTRITO EXTREMA,DISTRITO EXTREMA DE RONDONIA,-8.845,-63.93189,2634,-1,1
2022,91,35,6,1805,PADRE MARIO CASTAGNA - ESCOLA ESTADUAL,TUPI,-8.845,-63.93189,2293,-1,1
2022,92,35,6,1813,SÃO LUCAS EDUCACIONAL CAMPUS 2 - ANTIGA ULBRA,MATO GROSSO,-8.845,-63.93189,4946,-1,1
2022,93,35,20,1040,COLÉGIO MILITAR DOM PEDRO II,NOVA PORTO VELHO,-8.76843,-63.87829,3306,259,0
2022,94,35,20,1058,GOVERNADOR ARAÚJO LIMA - ESCOLA ESTADUAL,NOVA PORTO VELHO,-8.75898,-63.87726,3976,259,0
2022,95,35,20,1066,COLEGIO ADVENTISTA - PRIVADO,AGENOR DE CARVALHO,-8.75775,-63.87495,3275,223,0
2022,96,35,20,1074,HERBERT DE ALENCAR - ESCOLA ESTADUAL,NOVA PORTO VELHO,-8.76404,-63.87782,1313,259,0
2022,97,35,20,1082,MARIA CARMOSINA PINHEIRO - ESCOLA ESTADUAL,TIRADENTES,-8.75764,-63.84081,5390,274,0
2022,98,35,20,1104,PROFESSOR ORLANDO FREIRE - ESCOLA ESTADUAL,LAGOA,-8.76888,-63.86984,4393,249,0
2022,99,35,20,1112,SESI - CENTRO EDUCACIONAL DR GILBERTO MENDES DE AZEVEDO,LAGOA,-8.76912,-63.87112,4049,249,0
2022,100,35,20,1120,ESCOLA PADRÃO - ENGENHEIRO FRANCISCO ERSE - ESCOLA MUNICIPAL,CUNIA,-8.75788,-63.85536,4323,239,0
2022,101,35,20,1147,JUSCELINO KUBTSCHECK - ESCOLA ESTADUAL,AGENOR DE CARVALHO,-8.76276,-63.86422,5641,223,0
2022,102,35,20,1180,GENERAL OSORIO - ESCOLA MUNICIPAL,DISTRITO CALAMA,-8.845,-63.93189,766,-1,1
2022,103,35,20,1198,HENRIQUE DIAS - ESCOLA MUNICIPAL - DIST SÃO CARLOS,DISTRITO SAO CARLOS,-8.43757,-63.49949,1220,-1,0
2022,104,35,20,1201,AQUILES CHAVES PARAGUASSU - ESCOLA MUNICIPAL - DIST PAPAGAIOS,DISTRITO PAPAGAIOS,-8.18011,-63.09041,108,-1,0
2022,105,35,20,1210,MARIA ANGELICA QUEIROZ  - ESCOLA MUNICIPAL - DIST NOVA ALIANÇA,DISTRITO NOVA ALIANCA,-8.60972,-63.54231,649,-1,0
2022,106,35,20,1228,RAIMUNDO NONATO VIEIRA DA SILVA- ESCOLA ESTADUAL - CUJUBIM-GRANDE,DISTRITO CUJUBIM GRANDE,-8.58482,-63.72943,223,-1,0
2022,107,35,20,1236,UNIÃO - ESCOLA MUNICIPAL,ZONA RURAL,-8.64563,-63.73645,167,-1,0
2022,108,35,20,1244,ESCOLA MUNICIPAL - MANOEL MACIEL NUNES,DISTRITO NAZARE,-8.845,-63.93189,451,-1,1
2022,109,35,20,1252,DEIGMAR MORAES DE SOUZA - ESCOLA MUNICIPAL,DISTRITO CUJUBIM GRANDE,-8.58579,-63.72992,551,-1,0
2022,110,35,20,1260,JOAO DE BARROS GOUVEIA - ESCOLA ESTADUAL - DIST DEMARCAÇÃO,DISTRITO DEMARCACAO RIO MACHADO,-8.17109,-62.7793,279,-1,0
2022,111,35,20,1279,FRANCISCO BRAGA - ESCOLA MUNICIPAL,RESERVA LAGO DO CUNIA,-8.31786,-63.49762,220,-1,0
2022,112,35,20,1295,CASTRO ALVES - ESCOLA MUNICIPAL,LOCALIDADE SANTA CATARINA,-8.75259,-63.81634,288,-1,0
2022,113,35,20,1309,ASSOCIAÇÃO DE MORADORES E PRODUTORES TERRA SANTA - AMOPTS,COMUNIDADE TERRA SANTA,-8.7601,-63.82687,244,272,1
2022,114,35,20,1325,ANA ADELAIDE - ESCOLA MUNICIPAL,DISTRITO CALAMA,-8.845,-63.93189,606,-1,1
2022,115,35,20,1333,DOM PEDRO I - ESCOLA ESTADUAL,CASTANHEIRA,-8.80393,-63.8666,1840,232,0
2022,116,35,20,1341,HÉLIO NEVES BOTELHO - ESCOLA ESTADUAL,CALADINHO,-8.79745,-63.88494,2752,230,0
2022,117,35,20,1350,TANCREDO NEVES - ESCOLA ESTADUAL,CALADINHO,-8.80495,-63.87786,5359,230,0
2022,118,35,20,1368,JOAQUIM VICENTE RONDON - ESCOLA MUNICIPAL,COHAB,-8.79123,-63.88103,6816,236,0
2022,119,35,20,1376,TUCUMÃ - ESCOLA MUNICIPAL,COHAB,-8.78898,-63.87277,1164,236,0
2022,120,35,20,1392,CANTO DO UIRAPURU - ESCOLA MUNICIPAL,AEROCLUBE,-8.80377,-63.86115,1256,222,0
2022,121,35,20,1406,RIO GUAPORE - ESCOLA MUNICIPAL,CASTANHEIRA,-8.80148,-63.86964,2240,232,0
2022,122,35,20,1414,JOÃO BENTO DA COSTA - ESCOLA ESTADUAL,ELDORADO,-8.78384,-63.87413,6764,240,0
2022,123,35,20,1422,ESTRELA DO AMANHA - ESCOLA MUNICIPAL,CALADINHO,-8.80524,-63.87861,698,230,0
2022,124,35,20,1430,MANOEL GRANGEIRO - ESCOLA MUNICIPAL,COMUNIDADE VIÇOSA,-8.84964,-63.83219,288,-1,0
2022,125,35,20,1449,MARIA DE NAZARÉ - CENTRO EDUCACIONAL CENTRO EDUCACIONAL,ELDORADO,-8.78766,-63.86842,2310,240,0
2022,126,35,20,1457,JORGE VICENTE SALAZAR DOS SANTOS - ESCOLA ESTADUAL,COHAB,-8.79301,-63.87487,3490,236,0
2022,127,35,20,1465,JESUS BURLAMAQUI HOSANNAH - ESCOLA ESTADUAL,FLORESTA,-8.77645,-63.88116,6155,245,0
2022,128,35,20,1473,URSO BRANCO - CASA DE DETENÇÃO DR. JOSÉ MARIO ALVES DA SILVA,ZONA RURAL,-8.70507,-63.83803,0,-1,0
2022,129,35,20,1503,CENTRO MUSICAL  ARTES CULTURAS INTEGRADAS FRANCISCO LÁZARO DOS SANTOS,CASTANHEIRA,-8.80271,-63.86812,3067,232,1
2022,130,35,21,1040,DANIEL NERI DA SILVA - ESCOLA ESTADUAL,JUSCELINO KUBITSCHEK,-8.76677,-63.83611,6263,248,0
2022,131,35,21,1058,RISOLETA NEVES - ESCOLA ESTADUAL,TANCREDO NEVES,-8.76014,-63.83783,6264,272,0
2022,132,35,21,1066,MARCOS FREIRE - ESCOLA ESTADUAL,RONALDO ARAGAO,-8.78374,-63.79992,4453,-1,0
2022,133,35,21,1074,JORGE TEIXEIRA DE OLIVEIRA - ESCOLA ESTADUAL,ULYSSES GUIMARAES,-8.77579,-63.80322,3738,-1,0
2022,134,35,21,1104,SAO LUIZ - ESCOLA ESTADUAL,JUSCELINO KUBITSCHEK,-8.77298,-63.8349,6261,248,0
2022,135,35,21,1112,JANIO DA SILVA QUADROS - ESCOLA ESTADUAL,MARIANA,-8.77079,-63.81822,5270,248,1
2022,136,35,21,1139,WADIH DARWICH ZACARIAS - ESCOLA MUNICIPAL,TRES MARIAS,-8.77671,-63.85431,5022,276,0
2022,137,35,21,1163,ULISSES SOARES FERREIRA - ESCOLA MUNICIPAL,JUSCELINO KUBITSCHEK,-8.76778,-63.83626,3811,248,0
2022,138,35,21,1180,MARIANA - ESCOLA ESTADUAL,SAO FRANCISCO,-8.77161,-63.82425,3435,248,1
2022,139,35,21,1198,ESTELA DE ARAÚJO COMPASSO - ESCOLA MUNICIPAL,MARCOS FREIRE,-8.78178,-63.8061,1802,-1,0
2022,140,35,21,1201,MADRE TEREZA DE CALCUTÁ - ESCOLA MUNICIPAL,LAGOINHA,-8.76579,-63.85117,1581,250,0
2022,141,35,21,1210,PINGO DE GENTE - ESCOLA MUNICIPAL,ULYSSES GUIMARAES,-8.77388,-63.80304,1698,-1,0
2022,142,35,21,1228,BOM PRINCIPIO - ESCOLA MUNICIPAL,TANCREDO NEVES,-8.76211,-63.83728,2852,272,0
2022,143,35,21,1236,12 DE OUTUBRO - ESCOLA MUNICIPAL,TRES MARIAS,-8.77404,-63.84429,2211,276,0
2022,144,35,21,1244,PADRE GEOVANI MENDES - ESCOLA MUNICIPAL,TRES MARIAS,-8.76942,-63.84778,1570,250,0
2022,145,35,21,1252,PAULO LEAL - ESCOLA ESTADUAL,ZONA RURAL,-8.80077,-63.77051,1171,-1,0
2022,146,35,21,1260,FLAMBOYANT - ESCOLA MUNICIPAL,CASCALHEIRA,-8.77695,-63.83441,2430,231,1
2022,147,35,21,1279,VOO DA JURITI - ESCOLA MUNICIPAL,JUSCELINO KUBITSCHEK,-8.76856,-63.83502,1654,248,0
2022,148,35,21,1287,MARIA FRANCISCA DE JESUS GONÇALVES - ESCOLA MUNICIPAL,JARDIM SANTANA,-8.76168,-63.81306,444,-1,0
2022,149,35,21,1295,ULISSES GUIMARAES - ESCOLA ESTADUAL,JARDIM SANTANA,-8.75259,-63.81634,6288,-1,0
2022,150,35,21,1309,FRANCISCO ELENILSON NEGREIROS - ESCOLA MUNICIPAL,SOCIALISTA,-8.7601,-63.82687,3784,272,1
2022,151,51,3,1040,SEMAS - SECRETARIA MUNICIPAL DE ASSISTÊNCIA SOCIAL,CENTRO,-10.87665,-61.95201,608,143,0
2022,152,51,3,1082,CEL JORGE TEIXEIRA DE OLIVEIRA - ESCOLA ESTADUAL,NOVA LONDRINA,-11.06269,-62.01152,1310,-1,0
2022,153,51,3,1180,DER - DEPTO DE ESTRADAS DE RODAGEM E TRANSPORTE,ZONA RURAL,-10.84438,-62.00494,308,157,1
2022,154,51,3,1228,GONÇALVES DIAS - ESCOLA ESTADUAL,JARDIM DOS MIGRANTES,-10.87438,-61.96251,5551,155,0
2022,155,51,3,1236,RIO URUPA - ESCOLA ESTADUAL,URUPÁ,-10.884,-61.95411,3725,176,0
2022,156,51,3,1287,INACIO DE LOYOLA - ESCOLA ESTADUAL,NOVA LONDRINA,-11.06794,-62.00962,827,-1,0
2022,157,51,3,1295,ULISSES MATOSINHO PERES DE PONTES - ESCOLA MUNICIPAL,ZONA RURAL,-11.00135,-62.00892,346,-1,0
2022,158,51,3,1376,COLÉGIO TIRADENTES DA POLÍCIA MILITAR - CTPM VI ANTIGA ESC. LAURO BENO,SANTIAGO,-10.86791,-61.97292,5934,153,0
2022,159,51,3,1384,INSTITUTO FEDERAL DE EDUC CIÊNCIA E TECN DE RONDÔNIA - IFRO,JARDIM DOS MIGRANTES,-10.88234,-61.96793,4071,155,0
2022,160,51,3,1422,PAULO FREIRE - ESCOLA MUNICIPAL,ZONA RURAL,-10.84737,-61.99369,586,157,1
2022,161,51,3,1430,PROF EDSON LOPES - ESCOLA MUNICIPAL,ZONA RURAL,-10.96282,-62.10615,337,-1,0
2022,162,51,3,1554,JOVEM GONÇALVES VILELA - ESCOLA ESTADUAL,JARDIM PRESIDENCIAL,-10.86787,-61.96886,1792,153,0
2022,163,51,3,1562,ANTÔNIO PRADO - ESCOLA MUNICIPAL,ZONA RURAL,-10.5426,-61.93266,323,-1,0
2022,164,51,3,1597,SEMAGRI - SECRETARIA DO MUNICÍPIO DE AGRICULTURA E PECUARIA,URUPÁ,-10.88041,-61.95293,1115,176,0
2022,165,51,3,1600,PROF. MARIA ANTONIA - ESCOLA MUNICIPAL,JARDIM PRESIDENCIAL,-10.87039,-61.97695,1954,153,0
2022,166,51,30,1015,MARCOS BISPO DA SILVA - ESCOLA ESTADUAL,BNH,-10.89788,-61.91002,6347,146,0
2022,167,51,30,1023,CORA CORALINA - ESCOLA ESTADUAL,NOVA BRASÍLIA,-10.88778,-61.91166,2717,159,0
2022,168,51,30,1031,ALUÍZIO FERREIRA - ESCOLA ESTADUAL,NOVA BRASÍLIA,-10.8834,-61.91496,7265,159,0
2022,169,51,30,1040,JÚLIO GUERRA / TIRADENTES - ESCOLA ESTADUAL,NOVA BRASÍLIA,-10.88919,-61.92951,5235,159,0
2022,170,51,30,1058,31 DE MARÇO - ESCOLA ESTADUAL,SÃO PEDRO,-10.89244,-61.91949,3614,172,0
2022,171,51,30,1066,TUPÃ - ESCOLA ESTADUAL - DISTRITO DE NOVA COLINA,NOVA COLINA,-10.78975,-61.69312,1135,-1,0
2022,172,51,30,1082,PROFESSOR IRINEU ANTONIO DRESCH - ESCOLA MUNICIPAL,ZONA RURAL,-10.96828,-61.82125,461,-1,0
2022,173,51,30,1112,DR LOURENÇO PEREIRA LIMA - ESCOLA ESTADUAL,CAPELASSO,-10.90173,-61.88265,1005,141,0
2022,174,51,30,1120,TANCREDO DE ALMEIDA NEVES - ESCOLA ESTADUAL,RIACHUELO,-10.89806,-61.92338,1798,167,0
2022,175,51,30,1139,JUSCELINO KUBITSCHEK DE OLIVEIRA - ESCOLA ESTADUAL,NOVA BRASÍLIA,-10.88214,-61.92286,6072,159,0
2022,176,51,30,1163,BEATRIZ FERREIRA DA SILVA - ESCOLA ESTADUAL,PRIMAVERA,-10.8975,-61.93778,2105,165,0
2022,177,51,30,1180,SUFRAMA - SUPERINTENDÊNCIA DA ZONA FRANCA DE MANAUS,RIACHUELO,-10.8998,-61.93031,283,167,0
2022,178,51,30,1198,JANETE CLAIR - ESCOLA ESTADUAL,JK,-10.87653,-61.90516,3256,151,0
2022,179,51,30,1201,PARQUE DOS PIONEIROS - ESCOLA MUNICIPAL,PARQUE DOS PIONEIROS,-10.90589,-61.91266,1792,154,0
2022,180,51,30,1210,IKOLEN - POSTO INDÍGENA,IKOLEN - NOVA COLINA,-10.74739,-61.58921,306,-1,0
2022,181,51,30,1228,PÉROLA - ESCOLA MUNICIPAL,ZONA RURAL,-10.93592,-61.59817,231,-1,0
2022,182,51,30,1244,ADÃO VALDIR LAMOTA - ESCOLA MUNICIPAL,JK,-10.87122,-61.90663,3149,151,0
2022,183,51,30,1252,ALDEIA ITERAP - ALDEIA INDÍGENA,ALDEIA ITERAP,-10.65349,-61.77822,170,-1,0
2022,184,51,30,1279,CEEJA - TERESA MITSUKO TUSTUMI - ESCOLA ESTADUAL,VILA JOTÃO,-10.88445,-61.9322,327,156,0
2022,185,51,30,1287,RUTH ROCHA - ESCOLA MUNICIPAL,NOVA BRASÍLIA,-10.88949,-61.91306,1697,159,0
2022,186,51,30,1295,PROFESSORA CARMEM ROCHA BORGES - ESCOLA ESTADUAL,CASA PRETA,-10.86836,-61.95536,2621,142,0
2022,187,51,30,1309,MARECHAL RONDON - INSTITUTO ESTADUAL DE EDUCAÇÃO,CASA PRETA,-10.87773,-61.94618,4202,142,0
2022,188,51,30,1317,JOSÉ FRANCISCO DOS SANTOS - ESCOLA ESTADUAL,DOM BOSCO,-10.86922,-61.94753,4229,149,0
2022,189,51,30,1325,SÃO PEDRO - ESCOLA ESTADUAL,PARQUE SÃO PEDRO,-10.86246,-61.93623,1534,164,0
2022,190,51,30,1333,PROFESSORA EDILCE DOS SANTOS FREITAS - ESCOLA ESTADUAL,SÃO BERNARDO,-10.85777,-61.96911,2307,170,0
2022,191,78,7,1015,HEITOR VILLA LOBOS - ESCOLA ESTADUAL,SETOR INSTITUCIONAL,-9.91386,-63.03264,4588,40,1
2022,192,78,7,1040,LEVI ALVES DE FREITAS - ESCOLA MUNICIPAL,PARQUE DAS GEMAS,-9.91723,-63.04104,2772,52,1
2022,193,78,7,1058,ANISIO TEIXEIRA - ESCOLA ESTADUAL,SETOR 02,-9.91884,-63.02459,5730,40,0
2022,194,78,7,1066,PINGO DE GENTE - ESCOLA MUNICIPAL,SETOR 02,-9.91543,-63.02492,1296,40,0
2022,195,78,7,1074,CEEJAR - CENTRO ESTADUAL DE EDUCAÇÃO DE JOVENS E ADULTOS,SETOR INSTITUCIONAL,-9.90875,-63.03223,1141,42,1
2022,196,78,7,1120,MAGDALENA TAGLIAFERRO - ESCOLA MUNICIPAL,JARDIM DAS PALMEIRAS,-9.93151,-63.02527,4455,25,0
2022,197,78,7,1333,MARIO QUINTANA - ESCOLA MUNICIPAL,SETOR 04,-9.90682,-63.02845,4324,42,0
2022,198,78,7,1341,DIRCEU DE ALMEIDA - ESCOLA MUNICIPAL,SETOR 06,-9.90089,-63.02692,2859,45,1
2022,199,78,7,1368,COLÉGIO CRISTÃO - PARTICULAR,SETOR INSTITUCIONAL,-9.90103,-63.03219,3055,51,1
2022,200,78,7,1376,COLÉGIO TIRADENTES DA POLÍCIA MILITAR III,SETOR 09,-9.93405,-63.02815,3746,43,1
2022,201,78,7,1384,PROFESSOR VENANCIO KOTTWITZ - ESCOLA MUNICIPAL,SETOR 11,-9.89599,-63.02064,2007,16,1
2022,202,78,7,1392,ROBERTO TURBAY - ESCOLA MUNICIPAL,SETOR 10,-9.93513,-63.01599,1935,43,0
2022,203,78,7,1414,PROFESSORA CARMEM IONE DE ARAÚJO ESCOLA ESTADUAL,ROTA DO SOL,-9.89058,-63.02237,2243,39,0
2022,204,78,7,1422,ARCO IRIS - ESCOLA MUNICIPAL,ZONA RURAL (RO-257),-9.93277,-62.66402,281,-1,0
2022,205,78,7,1430,VINICIUS DE MORAIS - ESCOLA MUNICIPAL,ZONA RURAL (BR-421),-9.89106,-63.13311,591,-1,0
2022,206,78,7,1449,MAFALDA RODRIGUES - ESCOLA MUNICIPAL,ZONA RURAL (BR-364),-10.245,-62.72737,713,-1,0
2022,207,78,7,1457,RICARDO CANTANHEDE - ESCOLA ESTADUAL,SETOR 03,-9.90993,-63.04153,5482,41,0
2022,208,78,7,1465,PROFESSOR PEDRO LOUBACK - ESCOLA MUNICIPAL,MONTE CRISTO,-9.91185,-63.06375,1480,46,0
2022,209,78,7,1473,PAULINA MAFINI - ESCOLA MUNICIPAL - DISTR JOELÂNDIA,DISTRITO DE JOELÂNDIA,-10.11832,-63.12784,267,-1,0
2022,210,78,7,1481,MIGRANTES - ESCOLA ESTADUAL,SETOR 01,-9.91585,-63.04138,2466,52,1
2022,211,78,7,1490,EVA DOS SANTOS DE OLIVEIRA - ESCOLA MUNICIPAL,SETOR 01,-9.91448,-63.04217,1161,41,1
2022,212,78,7,1503,CHAPEUZINHO VERMELHO - ESCOLA MUNICIPAL,SETOR 03,-9.90506,-63.04176,1087,41,0
2022,213,78,7,1511,ALBINA MARCIO SORDI - ESCOLA ESTADUAL,BNH,-9.90285,-63.04377,2390,41,1
2022,214,78,7,1520,JARDIM DAS PEDRAS - ESCOLA ESTADUAL,JARDIM JORGE TEIXEIRA,-9.92668,-63.03934,2740,35,0
2022,215,78,7,1538,CORA CORALINA - ESCOLA ESTADUAL,SETOR 05,-9.89884,-63.03757,5819,20,1
2022,216,78,7,1546,ALDEMIR DE LIMA CATANHEDE - ESCOLA MUNICIPAL,MARECHAL RONDON,-9.92569,-63.05587,1500,28,0
2022,217,78,7,1554,JORGE LUIZ MOULAZ - ESCOLA MUNICIPAL,ZONA RURAL (BR-364),-10.09764,-62.95969,391,-1,0
2022,218,78,7,1562,PADRE ANGELO SPADARI - ESCOLA MUNICIPAL - GARIMPO BOM FUTURO,DISTRITO DO GARIMPO DE BOM FUTURO,-9.81017,-63.53002,1901,-1,0
2022,219,78,7,1570,UNIR- FUNDAÇÃO UNIVERSIDADE FEDERAL DE RONDÔNIA,SETOR INSTITUCIONAL,-9.90105,-63.03435,1606,41,1
2022,220,94,11,1015,SANTO ANTONIO - COMUNIDADE - LINHA 09,ZONA RURAL 11,-11.37494,-61.37091,452,-1,0
2022,221,94,11,1023,BERNARDO GUIMARÃES - ESCOLA ESTADUAL,PRINCESA ISABEL,-11.43918,-61.44301,3400,80,0
2022,222,94,11,1031,PEDRO ÁLVARES CABRAL - ESCOLA MUNICIPAL - LINHA 09,ZONA RURAL 11,-11.26433,-61.37119,353,-1,0
2022,223,94,11,1040,NOSSA SENHORA APARECIDA - COMUNIDADE - LINHA 10,ZONA RURAL 11,-11.34272,-61.33429,329,-1,0
2022,224,94,11,1066,COOPEC - COOPERATIVA EDUCACIONAL DE CACOAL - ESCOLA PARTICULAR,CENTRO,-11.43602,-61.44907,1419,55,0
2022,225,94,11,1090,CORA CORALINA - ESCOLA ESTADUAL,CENTRO,-11.43759,-61.45125,1422,55,0
2022,226,94,11,1120,DANIEL BERG - ESCOLA PARTICULAR,JARDIM CLODOALDO NUNES DE ALMEIDA,-11.43279,-61.44846,1208,55,0
2022,227,94,11,1163,UNESC UNIÃO DAS ESCOLAS  SUPERIORES DE CACOAL - FACULDADE PARTICULAR,INCRA,-11.44526,-61.43714,2136,64,0
2022,228,94,11,1228,MARIA MONTESSORI - ESCOLA MUNICIPAL - LINHA 10,ZONA RURAL 11,-11.17454,-61.33338,576,-1,0
2022,229,94,11,1252,MONTEIRO LOBATO - ESCOLA MUNICIPAL - LINHA 11,ZONA RURAL 11,-11.27679,-61.29671,548,-1,0
2022,230,94,11,1260,SANTO ANTONIO - COMUNIDADE - LINHA 11,ZONA RURAL 11,-11.39929,-61.29765,739,-1,0
2022,231,94,11,1287,NOSSA SENHORA DAS GRACAS - COMUNIDADE - LINHA 12,ZONA RURAL 11,-11.45057,-61.26056,195,-1,0
2022,232,94,11,1295,SAO PEDRO - COMUNIDADE - LINHA 12,ZONA RURAL 11,-11.29251,-61.25648,401,-1,0
2022,233,94,11,1317,TIRADENTES DA POLÍCIA MILITAR - UNIDADE IX - ESCOLA ESTADUAL,TEIXEIRAO,-11.43229,-61.43583,4431,86,0
2022,234,94,11,1325,SANTA LUZIA - COMUNIDADE - LINHA 13,ZONA RURAL 11,-11.44687,-61.22412,209,-1,0
2022,235,94,11,1341,NOSSA SENHORA APARECIDA - COMUNIDADE - LINHA 14,ZONA RURAL 11,-11.44225,-61.18785,195,-1,0
2022,236,94,11,1350,DOUTOR JOÃO DE DEUS SIMPLICIO - ESCOLA MUNICIPAL - LINHA 14,ZONA RURAL 11,-11.30838,-61.1872,642,-1,0
2022,237,94,11,1368,CRUZEIRO DO NORTE - ESCOLA MUNICIPAL - LINHA 21,ZONA RURAL 11,-11.37429,-61.14454,537,-1,0
2022,238,94,11,1384,SANTA RITA DE CÁSSIA - COMUNIDADE - LINHA 15A,ZONA RURAL 11,-11.20946,-61.09906,118,-1,0
2022,239,94,11,1392,SANTOS DUMONT - ESCOLA MUNICIPAL - LINHA 07,ZONA RURAL 11,-11.28891,-61.44353,424,-1,0
2022,240,94,11,1406,SANTO ANTONIO - COMUNIDADE - LINHA 08,ZONA RURAL 11,-11.25746,-61.40615,239,-1,0
2022,241,94,11,1414,FREI CANECA - ESCOLA ESTADUAL,VILAGE DO SOL I,-11.4192,-61.43336,3077,88,0
2022,242,94,11,1422,PRESIDENTE MEDICE - ESCOLA MUNICIPAL - LINHA 10,ZONA RURAL 11,-11.42506,-61.33446,458,-1,0
2022,243,94,11,1430,ANITA GARIBALDI - ESCOLA MUNICIPAL - LINHA 12,ZONA RURAL 11,-11.49074,-61.26124,234,-1,0
2022,244,94,11,1449,JOSINO BRITO - ESCOLA ESTADUAL,FLORESTA,-11.43337,-61.43102,3641,53,0
2022,245,94,11,1457,IZIDORO DE SOUZA MEIRELLES - ESCOLA ESTADUAL - ALDEIA PIN PAITER,ZONA RURAL 11,-11.10331,-61.36247,124,-1,0
2022,246,94,11,1473,TANCREDO NEVES - ESCOLA ESTADUAL - ALDEIA LA PETANHA,ZONA RURAL 11,-11.2212,-61.29746,168,-1,0
2022,247,94,11,1481,CLODOALDO NUNES DE ALMEIDA - ESCOLA ESTADUAL,JARDIM CLODOALDO NUNES DE ALMEIDA,-11.42471,-61.44932,4404,67,0
2022,248,94,11,1490,PAULO FREIRE - ESCOLA ESTADUAL DE ENSINO FUNDAMENTAL,TEIXEIRAO,-11.42578,-61.4333,1999,86,0
2022,249,94,11,1503,GRACILIANO RAMOS - ESCOLA ESTADUAL,RESIDENCIAL PARQUE BRIZON,-11.41764,-61.45678,3172,70,0
2022,250,94,11,1511,ANTONIO GONÇALVES DIAS - ESCOLA ESTADUAL,SANTO ANTONIO,-11.45243,-61.44152,1613,82,0
2022,251,94,11,1520,HONORINA LUCAS DE BRITO - ESCOLA ESTADUAL,NOVA ESPERANÇA,-11.42308,-61.46436,2450,75,1
2022,252,94,11,1538,CLÁUDIO MANOEL DA COSTA - ESCOLA MUNICIPAL,ZONA RURAL 11,-11.4812,-61.47405,855,-1,0
2022,253,94,11,1546,FUNDAÇÃO BRADESCO - PARTICULAR,CRISTAL DO ARCO IRIS,-11.43199,-61.46407,4264,59,0
2022,254,94,11,1554,CARLOS DRUMMOND DE ANDRADE - ESCOLA ESTADUAL,VISTA ALEGRE,-11.42881,-61.4744,4324,71,0
2022,255,94,11,1562,MARIA SOCORRO VIANA DE ALMEIDA - ESCOLA MUNICIPAL,HABITAR BRASIL 1 (MUTIRAO),-11.4223,-61.48016,2316,63,0
2022,256,94,11,1589,NOSSA SENHORA DO CARMO - ESCOLA MUNICIPAL,DISTRITO RIOZINHO,-11.51162,-61.35969,1735,-1,0
2022,257,94,11,1597,ESCOLA CARLOS GOMES - ESTADUAL,NOVO CACOAL,-11.42883,-61.45673,4030,75,0
2022,258,94,11,1600,JOSE MAURO DE VASCONCELOS - ESCOLA MUNICIPAL,ZONA RURAL 11,-11.52085,-61.5975,350,-1,0
2022,259,94,11,1619,MARIA AURORA DO NASCIMENTO - ESCOLA ESTADUAL,LIBERDADE,-11.44298,-61.45216,2928,73,0
2022,260,94,11,1627,AGUSTINHO GOES DE OLIVEIRA - ESCOLA MUNICIPAL,VISTA ALEGRE,-11.42445,-61.47256,3099,71,0
2022,261,94,11,1635,E.M.E.I.E.F. JOSÉ DE ALMEIDA E SILVA,CENTRO,-11.43544,-61.45052,1397,55,0
2022,262,116,9,1015,ANISIO SERRAO DE CARVALHO - ESCOLA ESTADUAL,ALVORADA,-11.67686,-61.18353,2356,211,0
2022,263,116,9,1031,MARECHAL CORDEIRO DE FARIAS - ESCOLA ESTADUAL,BNH,-11.6803,-61.17816,3589,213,0
2022,264,116,9,1040,SANDOVAL MEIRA - ESCOLA ESTADUAL,DOS PIONEIROS,-11.67045,-61.19434,1491,219,1
2022,265,116,9,1058,RAIMUNDO EUCLIDES BARBOSA - ESCOLA ESTADUAL,DOS PIONEIROS,-11.67782,-61.19081,3206,219,0
2022,266,116,9,1090,CENTRO TÉCNICO ABAITARÁ,ZONA RURAL,-11.72379,-61.47577,395,-1,0
2022,267,116,9,1163,FACULDADE ESTÁCIO DE PIMENTA BUENO- ESTÁCIO FAP,DOS PIONEIROS,-11.67316,-61.18808,1183,219,0
2022,268,116,9,1171,BOM SUCESSO - ESCOLA ESTADUAL,BELA VISTA,-11.65547,-61.18926,1706,219,1
2022,269,116,9,1201,NAIR BARROS - ESCOLA MUNICIPAL,VILA NOVA,-11.68547,-61.16528,2236,217,0
2022,270,116,9,1210,UNIAO DO CALCARIO - ESCOLA MUNICIPAL,SETOR CALCARIO,-11.69235,-60.64712,59,-1,0
2022,271,116,9,1228,DOMINICAL VITÓRIA - ESCOLA MUNICIPAL,ZONA RURAL,-11.88073,-60.84734,286,-1,0
2022,272,116,9,1236,LUIZ CABRAL DE SOUZA - ESCOLA POLO ESTADUAL,SETOR DIMBA,-11.96385,-60.95679,560,-1,0
2022,273,116,9,1252,URUCUMACUA - ESCOLA MUNICIPAL,URUCUMACUÃ,-12.22823,-60.68409,204,-1,0
2022,274,116,9,1279,ORLANDO BUENO DA SILVA - ESCOLA ESTADUAL,NOVA PIMENTA,-11.68679,-61.16151,3308,218,0
2022,275,116,9,1309,CASA DE DETENÇÃO DE PIMENTA BUENO,DOS PIONEIROS,-11.67381,-61.19108,0,219,1
2022,276,116,9,1317,AGUIA DOURADA - ESCOLA MUNICIPAL,ZONA RURAL,-11.69312,-60.54778,151,-1,0
2022,277,116,9,1333,PROF. VALDIR MONFREDINHO - ESCOLA ESTADUAL,CTG,-11.69201,-61.17049,1359,217,0
2022,278,116,9,1341,ASSUNTA MARIA GIANINI FAVALEÇA - ESCOLA MUNICIPAL,ITAPORANGA,-11.62874,-61.19758,748,-1,0
2022,279,116,9,1350,POSTO DE SAÚDE ANA ERNESTINA DE CASTRO BUENO,ZONA RURAL,-11.98095,-61.08875,112,-1,0
2022,280,116,9,1368,MARIA CONCEIÇÃO RAMOS DO A. CRIVELLI - ESCOLA MUNICIPAL,JARDIM DAS OLIVEIRAS,-11.6748,-61.19355,1051,219,1
2022,281,116,9,1376,MARIA JOSÉ ESCOBAR - ESCOLA MUNICIPAL,ENCONTRO DAS AGUAS,-11.68552,-61.15725,560,218,0
2022,282,116,9,1392,C.M.E.I PROFESSORA MARIA APARECIDA GOMES,VILA NOVA,-11.68969,-61.16866,1922,217,0
2022,283,132,4,1023,CECÍLIA MEIRELES - ESCOLA ESTADUAL,BODANESE,-12.73322,-60.15047,3053,305,0
2022,284,132,4,1082,MARECHAL RONDON - ESCOLA ESTADUAL,CENTRO,-12.74219,-60.1516,5210,308,0
2022,285,132,4,1090,MARIO GRASSO - ESCOLA MUNICIPAL,JARDIM VILHENA,-12.74014,-60.15731,428,308,1
2022,286,132,4,1104,MARIZETI MENDES DE OLIVEIRA - ESCOLA ESTADUAL,CENTRO,-12.74418,-60.13634,1265,307,1
2022,287,132,4,1112,ALVARES DE AZEVEDO - ESCOLA ESTADUAL,CENTRO,-12.74303,-60.13837,3709,307,1
2022,288,132,4,1120,WILSON CAMARGO - ESCOLA ESTADUAL,CENTRO,-12.74005,-60.14634,1888,308,1
2022,289,132,4,1139,MACHADO DE ASSIS - ESCOLA ESTADUAL,SETOR INDUSTRIAL TANCREDO NEVES,-12.74773,-60.12016,3770,315,0
2022,290,132,4,1147,COLÉGIO MILITAR TIRADENTES (ZILDA) ESCOLA ESTADUAL,BNH,-12.73661,-60.11861,4733,308,0
2022,291,132,4,1236,TENENTE MELO - ESCOLA MUNICIPAL - CACHOEIRA,SÃO LOURENÇO - CACHOEIRA,-12.44674,-60.51406,205,-1,0
2022,292,132,4,1252,PROGRESSO - ESCOLA MUNICIPAL - GLEBA GUAPORE,PEROBAL,-12.98889,-60.40282,224,-1,0
2022,293,132,4,1260,CAMARA MUNICIPAL DE VILHENA,JARDIM AMÉRICA,-12.7356,-60.13367,3217,307,0
2022,294,132,4,1309,MARIA PAULINA DONADON - ESCOLA MUNICIPAL - NOVA CONQUISTA,NOVA CONQUISTA,-12.98559,-60.28622,600,-1,0
2022,295,132,4,1317,MARIA ARLETE TOLEDO - ESCOLA ESTADUAL,ALTO ALEGRE,-12.73235,-60.11308,3776,304,1
2022,296,132,4,1325,CRISTO REI - ESCOLA MUNICIPAL,CRISTO REI,-12.72656,-60.1468,4073,306,0
2022,297,132,4,1341,GENIVAL NUNES - ESCOLA ESTADUAL,NOVA ESPERANçA,-12.72646,-60.11145,3974,311,0
2022,298,132,4,1368,PAULO FREIRE - ESCOLA ESTADUAL,JARDIM ELDORADO,-12.73533,-60.12691,1594,308,0
2022,299,132,4,1376,IVETE BRUSTOLIN - ESCOLA MUNICIPAL,PARQUE INDUSTRIAL SÃO PAULO,-12.73967,-60.11362,5102,313,0
2022,300,132,4,1384,HERMOGENES ROBERTO NOGUEIRA - ESCOLA MUNICIPAL,JARDIM PRIMAVERA,-12.72503,-60.14235,2824,314,0
2022,301,132,4,1392,MARTIM LUTERO - ESCOLA MUNICIPAL,JARDIM AMÉRICA,-12.73134,-60.14262,2145,307,0
2022,302,132,4,1406,CEEJA - COLEGIO SUPLETIVO,JARDIM ELDORADO,-12.73384,-60.1283,1933,308,0
2022,303,132,4,1422,SHIRLEI CERUTTI - ESCOLA ESTADUAL,JARDIM DAS OLIVEIRAS,-12.7254,-60.13762,3187,314,0
2022,304,132,4,1430,VILMA VIEIRA - ESCOLA MUNICIPAL,COHAB,-12.72537,-60.1064,2563,311,0
2022,305,132,4,1449,IFRO - INSTITUTO FEDERAL DE RONDÔNIA,residencial santo dumont II,-12.70416,-60.11967,2521,312,1
2022,306,132,4,1457,IQUEZINHA - ESCOLA MUNICIPAL,GLEBA IQUE,-12.63472,-60.09385,399,-1,0
2022,307,132,4,1465,NOEME BARROS PEREIRA - ESCOLA MUNICIPAL,BODANESE,-12.73055,-60.15414,1424,310,1
2022,308,132,4,1473,OMAR GODOY - ESCOLA MUNICIPAL,JARDIM DAS OLIVEIRAS,-12.72906,-60.13303,792,314,0
2022,309,132,4,1481,APAE - ASSOCIAÇÃO DE PAIS E AMIGOS EXCEPCIONAIS,MARCOS FREIRE,-12.73053,-60.15213,1046,310,0
2022,310,159,10,1015,CAPITAO SILVIO DE FARIAS - ESCOLA ESTADUAL,SETOR 02,-10.43897,-62.46837,4860,-1,0
2022,311,159,10,1031,OLGA DELLAIA - ESCOLA ESTADUAL,SETOR 02,-10.43958,-62.46687,3897,-1,0
2022,312,159,10,1040,PLACIDO DE CASTRO - ESCOLA ESTADUAL,SETOR 01,-10.42749,-62.47073,4561,-1,0
2022,313,159,10,1090,ASSOCIACAO DE PAIS E AMIGOS DOS EXCEPCIONAIS - APAE,SETOR 02,-10.44027,-62.45993,2878,-1,0
2022,314,159,10,1198,MARECHAL COSTA E SILVA - ESCOLA ESTADUAL,DISTRITO BOM JESUS,-10.31712,-62.24022,1232,-1,0
2022,315,159,10,1473,JEAN CARLOS MUNIZ - ESCOLA MUNICIPAL,SETOR 05,-10.42998,-62.4751,3018,-1,0
2022,316,159,10,1520,NILTON DE OLIVEIRA ARAUJO - ESCOLA ESTADUAL,SETOR 08,-10.45192,-62.45898,860,-1,0
2022,317,159,10,1554,PEDRO VIEIRA DE MELO -  ESCOLA ESTADUAL,DISTRITO TARILANDIA,-10.85847,-62.80001,3028,135,1
2022,318,159,10,1562,COLÉGIO TIRADENTES DA POLÍCIA MILITAR,SETOR 04,-10.43579,-62.48422,5747,-1,0
2022,319,159,10,1570,JOSE DE SOUZA SILVA - ESCOLA MUNICIPAL,DISTRITO TARILANDIA,-10.85639,-62.79614,768,135,0
2022,320,159,10,1589,DAYSE MARA DE O MARTINS - ESCOLA ESTADUAL,SETOR 06,-10.42095,-62.47644,5603,-1,0
2022,321,159,10,1597,ABRAO ROCHA - ESCOLA MUNICIPAL,SETOR 04,-10.44127,-62.47464,1415,-1,0
2022,322,159,10,1600,JARU-UARU - ESCOLA MUNICIPAL,DISTRITO JARU-UARU,-10.93668,-62.97858,760,-1,0
2022,323,159,10,1619,JOSUÉ MONTELLO - ESCOLA ESTADUAL,DISTRITO DE SANTA CRUZ DA SERRA,-10.65219,-62.58518,597,-1,0
2022,324,159,10,1627,GOVERNADOR JORGE TEIXEIRA - ESCOLA ESTADUAL,SETOR 07,-10.44941,-62.4817,1659,-1,0
2022,325,159,10,1635,MARIA DE LOURDES - ESCOLA MUNICIPAL,SETOR 07,-10.45103,-62.47731,2210,-1,0
2022,326,175,13,1066,CAMARA MUNICIPAL DE OURO PRETO DO OESTE,DA UNIAO,-10.72089,-62.2584,1817,208,0
2022,327,175,13,1074,COLÉGIO TIRADENTES DA POLÍCIA MILITAR - XII (ANTIGO 28 DE NOVEMBRO),DA UNIAO,-10.72096,-62.26108,5598,208,0
2022,328,175,13,1090,MONTEIRO LOBATO - ESCOLA ESTADUAL,DA LIBERDADE,-10.71578,-62.25937,3085,209,0
2022,329,175,13,1210,PROFESSORA MARIA DE MATOS E SILVA - ESCOLA ESTADUAL,DISTRITO DE RONDOMINAS,-10.51194,-61.99859,2230,-1,0
2022,330,175,13,1279,EMEF FERNANDO DE AZEVEDO  ,JARDIM NOVO HORIZONTE,-10.71449,-62.27099,2366,205,0
2022,331,175,13,1309,EMEF CORA CORALINA - HORÁCIO CARELLI,JARDIM NOVO ESTADO,-10.70996,-62.25967,2964,204,0
2022,332,175,13,1325,EEEFM JOAQUIM DE LIMA AVELINO ,JARDIM TROPICAL,-10.71911,-62.25209,4022,206,0
2022,333,175,13,1333,EMEF JOAQUIM NABUCO,JARDIM BANDEIRANTES,-10.72809,-62.2592,2077,200,0
2022,334,175,13,1341,COLÉGIO BENJAMIM CONSTANT - ESCOLA MUNICIPAL,JARDIM AEROPORTO II BOA ESPERANÇA,-10.73671,-62.24382,1286,202,0
2022,335,175,13,1350,AURELIO BUARQUE DE HOLANDA - ESCOLA ESTADUAL,JARDIM AEROPORTO,-10.72829,-62.25076,3009,202,0
2022,336,175,13,1368,CEEJA - PROFESSOR ANTONIO DE ALMEIDA - ESCOLA ESTADUAL ,ALVORADA,-10.71682,-62.24819,824,199,0
2022,337,175,13,1376,EEEF MARGARIDA CUSTÓDIO,ALVORADA,-10.71153,-62.24649,1108,201,0
2022,338,191,3,1015,MÉDICI - PRESIDENTE EMÍLIO GARRASTAZU MÉDICI - ESCOLA ESTADUAL,LINO ALVES TEIXEIRA,-11.17195,-61.8967,2194,282,0
2022,339,191,3,1023,15 DE NOVEMBRO - ESCOLA ESTADUAL,CENTRO,-11.17125,-61.90615,2429,282,1
2022,340,191,3,1031,CDA - CARLOS DRUMMOND DE ANDRADE - ESCOLA ESTADUAL,CUNHA E SILVA,-11.1786,-61.90764,1995,280,1
2022,341,191,3,1040,PAULO FREIRE - PROF PAULO FREIRE - ESCOLA ESTADUAL,ERNANDES GONÇALVES,-11.16917,-61.90931,3332,281,1
2022,342,191,3,1058,DONA BENTA - ESCOLA ESTADUAL - RIACHUELO,DISTRITO NOVO RIACHUELO,-11.08407,-61.65938,577,-1,0
2022,343,191,3,1066,EMBURANA - ESCOLA ESTADUAL - DISTRITO ESTRELA DE RONDONIA,DISTRITO ESTRELA DE RONDONIA,-11.30464,-61.78186,1118,-1,0
2022,344,191,3,1074,APOLÔNIA ROSSI JAVARINI - ESCOLA ESTADUAL - VILA BANDEIRA BRANCA,VILA BANDEIRA BRANCA,-11.07878,-61.92063,442,-1,0
2022,345,191,3,1082,CENTRO DE SAUDE DIFERENCIADO VILA CAMARGO,VILA CAMARGO,-11.12697,-61.97407,224,-1,0
2022,346,191,3,1090,SUPLETIVO - CEEJA MARECHAL RONDON - ESCOLA ESTADUAL,CENTRO,-11.16829,-61.90498,1230,279,1
2022,347,191,3,1104,PRIMEIROS TRAÇOS - ESCOLA MUNICIPAL,CUNHA E SILVA,-11.17302,-61.90732,773,280,1
2022,348,191,3,1112,FLORESTAN FERNANDES - ESCOLA MUNICIPAL - ASSENTAMENTO,ASSENTAMENTO CHICO MENDES 1,-11.2833,-61.98489,440,-1,0
2022,349,191,3,1120,DOROTHY - IRMÃ DOROTHY MÃE STANG - ESCOLA ESTADUAL - ASSENT 6 LINHA,ASSENTAMENTO CHICO MENDES 3,-11.27131,-62.13114,262,-1,0
2022,350,191,3,1139,ESCOLA DA 128 - ESCOLA LIMA BARRETO - ESCOLA MUNICIPAL - LINHA 128,ZONA RURAL,-11.08026,-61.81882,235,-1,0
2022,351,191,3,1147,ESCOLA DA 140 - JUNQUEIRA FREIRE - ESCOLA MUNICIPAL - LINHA 140,ZONA RURAL,-11.16045,-61.71047,227,-1,0
2022,352,191,3,1163,RIO SÃO FRANCISCO - ESCOLA ESTADUAL - VILA SANTO ANTONIO,VILA SANTO ANTONIO,-11.08249,-62.11354,131,-1,0
2022,353,213,5,1015,ANGELINA DOS ANJOS - ESCOLA ESTADUAL,CENTRO,-12.43736,-64.23164,3151,-1,0
2022,354,213,5,1023,ILTON JOSE MARTINS - ESCOLA MUNICIPAL,DISTRITO SAO DOMINGOS DO GUAPORE,-12.07525,-64.02949,1232,-1,0
2022,355,213,5,1082,GOMES CARNEIRO - ESCOLA ESTADUAL,CENTRO,-12.44452,-64.22763,1629,-1,0
2022,356,213,5,1112,GENERAL SAMPAIO - ESCOLA MUNICIPAL,DISTRITO FORTE PRINCIPE DA BEIRA,-12.42608,-64.42421,200,-1,0
2022,357,213,5,1120,RAIMUNDO OLIVEIRA DE MESQUITA - ESCOLA ESTADUAL,SETOR 04,-12.43373,-64.22421,1338,-1,0
2022,358,213,5,1139,POLO - MARIA LUCINETE FIRMINO MIRANDA - ESCOLA MUNICIPAL,ZONA RURAL,-12.31204,-64.27132,367,-1,0
2022,359,213,5,1155,DARCY DA SILVEIRA - ESCOLA ESTADUAL,DISTRITO SAO DOMINGOS DO GUAPORE,-12.07406,-64.03338,1589,-1,0
2022,360,230,8,1015,MANUEL BANDEIRA - COLEGIO,CENTRO,-13.11755,-60.53958,3454,108,0
2022,361,230,8,1023,PAULO DE ASSIS RIBEIRO - COLEGIO,CENTRO,-13.12105,-60.54638,2965,99,0
2022,362,230,8,1066,CLAIR DA SILVA WEYH - ESCOLA MUNICIPAL,ZONA RURAL,-13.22859,-60.54475,528,-1,0
2022,363,230,8,1090,DEZESSEIS DE JUNHO - COLEGIO,CENTRO,-13.12828,-60.53589,2094,100,0
2022,364,230,8,1104,ANGELO ANGELIN - ESCOLA ESTADUAL,CENTRO,-13.1295,-60.54923,1543,105,0
2022,365,230,8,1120,JULIETA VILELA VELOSO - COLEGIO,SANTA LUZIA,-13.11628,-60.55436,878,107,0
2022,366,230,8,1139,CENTRO DE ENSINO SUPLETIVO,CENTRO,-13.11945,-60.54728,1483,99,0
2022,367,230,8,1163,GETULIO VARGAS - ESCOLA,DISTRITO NOVO COLORADO,-13.29682,-60.70189,306,-1,0
2022,368,230,8,1201,PLANALTO - ESCOLA PLANALTO,ZONA RURAL,-13.04331,-60.68763,273,-1,0
2022,369,230,8,1236,MARCOS DONADON - ESCOLA,SÃO JOSÉ,-13.10804,-60.5364,250,98,0
2022,370,256,12,1015,JEAN PIAGET - ESCOLA ESTADUAL,MORADA DO SOL,-11.52938,-61.0208,3772,115,0
2022,371,256,12,1023,07 DE SETEMBRO - ESCOLA ESTADUAL,CENTRO,-11.52643,-61.01337,3843,111,0
2022,372,256,12,1031,MARIA LOURENCO CASSIANO - ESCOLA ESTADUAL,NOVA ESPERANCA,-11.50398,-61.12999,662,-1,0
2022,373,256,12,1040,BRAS CUBAS - ESCOLA MUNICIPAL,CANELINHA,-11.46154,-60.9236,571,-1,0
2022,374,256,12,1058,TANCREDO DE ALMEIDA NEVES - ESCOLA ESTADUAL,BOA VISTA DO PACARANA,-11.00248,-60.84677,1299,-1,0
2022,375,256,12,1066,VINICIUS DE MORAES - ESCOLA ESTADUAL,CAIXA D'AGUA,-11.52104,-61.01558,1398,110,0
2022,376,256,12,1163,MARIA ROSA DE OLIVEIRA - ESCOLA MUNICIPAL,14 DE ABRIL,-11.40728,-60.75348,529,-1,0
2022,377,256,12,1171,DILSON BELO - ESCOLA MUNICIPAL,ZONA RURAL,-11.46143,-60.60243,219,-1,0
2022,378,256,12,1228,JERRIS ADRIANE TURATTI - ESCOLA ESTADUAL,VISTA ALEGRE,-11.53667,-61.01455,2794,119,0
2022,379,256,12,1252,SANTA ISABEL - IGREJA,ZONA RURAL,-11.67062,-60.85043,103,-1,0
2022,380,256,12,1279,BOM JESUS DA PAZ - IGREJA,ZONA RURAL,-11.57978,-60.74463,323,-1,0
2022,381,256,12,1317,PRODUTORES RURAIS - ASPROKAP - ASSOC,ZONA RURAL,-11.50359,-60.80332,206,-1,0
2022,382,256,12,1333,SAO PEDRO (RIBEIRÃO) - ASSOC - COMU,ZONA RURAL,-11.35914,-60.8976,225,-1,0
2022,383,256,12,1350,RIO CLARO -  ASSOC - QUADRA,ZONA RURAL,-11.38787,-60.96008,339,-1,0
2022,384,256,12,1376,SAO BENTO - IGREJA - COMU,ZONA RURAL,-11.17896,-60.79659,202,-1,0
2022,385,256,12,1414,TEOBALDO FERREIRA - ESCOLA MUNICIPAL,JORGE TEIXEIRA DE OLIVEIRA,-11.53906,-61.00531,2350,113,0
2022,386,256,12,1430,AURELIO BUARQUE DE HOLANDA - ESCOLA MUNICIPAL,SETOR CACHOEIRA,-11.53699,-60.71826,493,-1,0
2022,387,256,12,1473,SIMONE MOURA ROSA - ESCOLA MUNICIPAL,SAO JOSE,-11.53788,-61.02546,1645,118,0
2022,388,256,12,1481,FERNANDA SOUZA DE PAULA - ESCOLA ESTADUAL,LIBERDADE,-11.53109,-61.00693,1885,114,0
2022,389,256,12,1511,MARIA DI SANCTIS SANTOS - ESCOLA ESTADUAL,CIDADE ALTA,-11.51928,-61.01115,782,110,0
2022,390,256,12,1546,ROOSEVELT - ALDEIA INDÍGENA - CINTA LARGA,ALDEIA ROOSEVELT,-11.49127,-60.46533,261,-1,0
2022,391,272,16,1015,CASTRO ALVES - ESCOLA ESTADUAL,CENTRO,-13.18839,-60.82283,4019,97,1
2022,392,272,16,1023,FLORIANO PEIXOTO - ESCOLA ESTADUAL,CENTRO,-13.18937,-60.81866,1881,90,0
2022,393,272,16,1031,TANCREDO DE ALMEIDA NEVES - ESCOLA ESTADUAL,JARDIM SÃO PAULO,-13.19283,-60.8147,4213,96,0
2022,394,272,16,1058,JERÔNIMO GARCIA DE SANTANA - ESCOLA ESTADUAL,JOSÉ DE ANCHIETA,-13.19994,-60.81087,1498,89,1
2022,395,272,16,1082,ISABEL OLIVEIRA DE ALMEIDA - ESCOLA MUNICIPAL,FLORESTA,-13.19695,-60.82552,1334,92,0
2022,396,299,29,1015,ALUIZIO PINHEIRO FERREIRA - ESCOLA ESTADUAL,CENTRO,-11.72821,-61.77522,5262,288,0
2022,397,299,29,1031,NILSON SILVA - ESCOLA ESTADUAL,JARDIM TROPICAL,-11.72724,-61.76241,4268,291,0
2022,398,299,29,1040,TANCREDO DE ALMEIDA NEVES - ESCOLA ESTADUAL,BEIRA RIO,-11.73607,-61.77532,5643,284,0
2022,399,299,29,1066,CER - CENTRO EDUCACIONAL DE ROLIM DE MOURA,BOA ESPERANÇA,-11.73357,-61.78361,1259,285,0
2022,400,299,29,1074,MARIA DO CARMO DE OLIVEIRA RABELO - ESCOLA ESTADUAL,OLÍMPICO,-11.70922,-61.77338,3168,294,0
2022,401,299,29,1090,CARLOS DRUMOND DE ANDRADE - ESCOLA ESTADUAL,SÃO CRISTOVÃO,-11.72908,-61.78962,4654,296,0
2022,402,299,29,1104,JOSE ROSALES DOS SANTOS - ESCOLA ESTADUAL,DISTRITO NOVA ESTRELA,-11.72498,-61.55452,1638,-1,0
2022,403,299,29,1112,ULISSES GUIMARÃES - ESCOLA ESTADUAL,INDUSTRIAL,-11.7418,-61.79037,879,285,0
2022,404,299,29,1120,POLO FRANCISCA DURAN COSTA - ESCOLA MUNICIPAL,ZONA RURAL,-11.72605,-61.65888,415,-1,0
2022,405,299,29,1147,PROFESSOR DIONISIO QUINTINO - ESCOLA MUNICIPAL,BEIRA RIO,-11.73901,-61.77056,453,284,0
2022,406,299,29,1155,CEEJA - CENTRO ESTADUAL DE EDUCAÇÃO DE JOVENS E ADULTOS,PLANALTO,-11.72368,-61.78184,2525,288,0
2022,407,299,29,1163,COLÉGIO TIRADENTES DA POLÍCIA MILITAR - CTPM VIII - ESCOLA ESTADUAL,CIDADE ALTA,-11.71766,-61.79934,5141,289,0
2022,408,299,29,1171,CÂNDIDO PORTINARI - ESCOLA ESTADUAL,PLANALTO,-11.72396,-61.78309,5088,288,0
2022,409,299,29,1210,MONTEIRO LOBATO - ESCOLA ESTADUAL,PLANALTO,-11.71451,-61.78534,180,295,0
2022,410,310,17,1015,TANCREDO DE ALMEIDA NEVES - ESCOLA ESTADUAL,PRINCESA ISABEL,-11.92442,-62.00323,2488,3,0
2022,411,310,17,1023,PEDRO ALEIXO - ESCOLA MUNICIPAL - DISTR VILA SANTO ANTÔNIO,DISTRITO VILA SANTO ANTONIO,-12.08878,-62.10503,719,-1,0
2022,412,310,17,1074,EURIDICE LOPES PEDROSO - ESCOLA ESTADUAL,CENTRO,-11.92746,-61.99515,2215,0,0
2022,413,310,17,1082,ANA NERY - ESCOLA MUNICIPAL - DISTR ROLIM DE MOURA DO GUAPORE,DISTRITO DE ROLIM DE MOURA DO GUAPORÉ,-13.08366,-62.27712,357,-1,0
2022,414,310,17,1210,COLÉGIO TIRADENTES DA POLÍCIA MILITAR (CTPM),REDONDO,-11.93429,-62.00304,4246,4,0
2022,415,310,17,1236,JUSCELINO KUBITSCHEK DE OLIVEIRA - ESCOLA ESTADUAL,SANTA FELICIDADE,-11.9249,-61.98923,3692,5,0
2022,416,310,17,1244,IZIDORO STÉDILE - ESCOLA MUNICIPAL - DISTR IZIDOLÂNDIA,DISTRITO DE IZIDOLÂNDIA,-12.60324,-62.17523,577,-1,0
2022,417,310,17,1252,MARIA DE SOUZA PEGO - ESCOLA MUNICIPAL - DISTR NOVA GEAZA,DISTRITO DE NOVA GEAZA,-11.91792,-62.32096,446,-1,0
2022,418,310,17,1260,PADRE FEIJÓ - ESCOLA MUNICIPAL - DISTR FILADÉLFIA,DISTRITO DE FILADÉLFIA,-12.43688,-62.04247,342,-1,0
2022,419,310,17,1287,PROENC - JOSÉ BASILIO DA GAMA - ESCOLA MUNICIPAL,ZONA RURAL,-11.88532,-62.06719,212,-1,0
2022,420,310,17,1295,7 DE SETEMBRO - ESCOLA MUNICIPAL - SUCURI,ZONA RURAL,-12.04268,-62.17754,310,-1,0
2022,421,310,17,1309,BOATT GERAINNY - ESCOLA ESTADUAL - ALDEIA SÃO LUIZ,RESERVA INDÍGENA RIO BRANCO,-12.00521,-62.48836,200,-1,0
2022,422,310,17,1317,KON KOATT TUPARI - ESCOLA ESTADUAL - ALDEIA CAJUÍ,RESERVA INDÍGENA RIO BRANCO,-12.34724,-62.79646,117,-1,0
2022,423,310,17,1325,BOA ESPERANÇA - ESCOLA MUNICIPAL - DISTR VILA DO MARCÃO,VILA DO MARCÃO,-12.12975,-61.99305,566,-1,0
2022,424,310,17,1333,POTY - ESCOLA MUNICIPAL,ZONA RURAL,-12.04235,-62.03098,381,-1,0
2022,425,310,17,1341,MARTIM AFONSO DE SOUZA - ESCOLA MUNICIPAL,ZONA RURAL,-11.94888,-62.22946,178,-1,0
2022,426,310,17,1368,HEBERT JOSÉ SOUZA - ESCOLA MUNICIPAL,ASSENTAMENTO BETINHO - SEM TERRA,-12.20539,-62.13281,139,-1,0
2022,427,310,17,1376,CEEJA - LUIZ VAZ DE CAMÕES - ESCOLA ESTADUAL,CIDADE ALTA,-11.93075,-61.98649,2012,1,0
2022,428,310,17,1384,ANOMAE TUPARI - ESCOLA ESTADUAL - ALDEIA SERRINHA,RESERVA INDÍGENA RIO BRANCO,-12.08237,-62.60146,199,-1,0
2022,429,337,18,1015,HUMBERTO DE CAMPOS - ESCOLA ESTADUAL,TANCREDOPOLIS,-11.19495,-62.17591,1138,-1,0
2022,430,337,18,1031,MONTEIRO LOBATO - ESCOLA MUNICIPAL - DISTR TERRA BOA,TERRA BOA,-11.51141,-62.46024,1018,-1,0
2022,431,337,18,1139,SANTA ANA - ESCOLA ESTADUAL,CENTRO,-11.34866,-62.28405,4129,-1,0
2022,432,337,18,1198,JOAQUIM XAVIER DE OLIVEIRA - ESCOLA ESTADUAL,CIDADE ALTA,-11.35254,-62.29466,2780,-1,0
2022,433,337,18,1210,MONTE ALEGRE - ESCOLA ESTADUAL,ALTO ALEGRE,-11.33277,-62.27792,559,-1,0
2022,434,337,18,1236,NOVO DESTINO - ESCOLA MUNICIPAL,ZONA RURAL,-11.22239,-62.41572,323,-1,0
2022,435,337,18,1244,PROFESSORA MATILDE DUTRA ROZO - ESCOLA MUNICIPAL,CTG,-11.35858,-62.28418,1671,-1,0
2022,436,337,18,1252,SENADOR DARCY RIBEIRO - ESCOLA MUNICIPAL,ZONA RURAL,-11.22333,-62.52416,256,-1,0
2022,437,353,19,1040,ASPRUBE - ASSOCIAÇÃO,ZONA RURAL,-12.12951,-61.74667,163,-1,0
2022,438,353,19,1082,JUSCELINO KUBITSCHEK - ESCOLA ESTADUAL - 1 E 2 GRAU,CENTRO,-11.90852,-61.77926,3427,297,0
2022,439,353,19,1090,IGREJA SAGRADO CORAÇÃO DE JESUS,ZONA RURAL,-11.90638,-61.54867,204,-1,0
2022,440,353,19,1287,JOSÉ RONALDO ARAGÃO - ESCOLA MUNICIPAL,SAÚDE,-11.90994,-61.77349,1866,303,0
2022,441,353,19,1333,MANOEL DE LIMA PAZ - ESCOLA MUNICIPAL,CENTRO,-11.90518,-61.77875,1174,298,0
2022,442,370,15,1015,AURELIO BUARQUE DE HOLANDA FERREIRA - ESCOLA ESTADUAL,SETOR 14,-11.72852,-62.32032,3244,-1,0
2022,443,370,15,1023,ALEXANDRE DE GUSMÃO - ESCOLA ESTADUAL,SETOR 13,-11.72846,-62.30698,3171,-1,0
2022,444,370,15,1031,ROCHA POMBO - ESCOLA ESTADUAL,SETOR 15,-11.71992,-62.32681,2540,-1,0
2022,445,370,15,1058,MACHADO DE ASSIS - ESCOLA MUNICIPAL,SETOR 14,-11.72012,-62.3172,2496,-1,0
2022,446,370,15,1066,CEEJA - CECILIA MEIRELES - ESCOLA ESTADUAL,SETOR 14,-11.72335,-62.32075,1798,-1,0
2022,447,370,15,1074,ANA CAROLINA DALLA COSTA - ESCOLA MUNICIPAL,SETOR 14,-11.72357,-62.31973,630,-1,0
2022,448,370,15,1082,ASSOCIAÇÃO DOS PRODUTORES RURAIS,ZONA RURAL,-11.32548,-62.02525,208,-1,0
2022,449,396,32,1015,PADRE ANGELO CERRI - ESCOLA MUNICIPAL,NUCLEO RURAL TABAJARA,-8.93331,-62.0559,451,-1,0
2022,450,396,32,1023,ALBERTO NEPOMUCENO - ESCOLA ESTADUAL,CENTRO,-9.42747,-62.00592,3156,182,1
2022,451,396,32,1031,JOAQUIM PEREIRA DA ROCHA - ESCOLA ESTADUAL,CENTRO,-9.42439,-61.99529,4144,191,0
2022,452,396,32,1058,VISCONDE DO RIO BRANCO - ESCOLA MUNICIPAL,DISTRITO 5º BEC,-9.68553,-62.20986,1475,-1,0
2022,453,396,32,1066,CARLOS CHAGAS - ESCOLA MUNICIPAL - ORIENTE NOVO,NÚCLEO RURAL ORIENTE NOVO,-9.58978,-62.39387,344,-1,0
2022,454,396,32,1074,ESCOLA VALDOMIRO FRANCISCO DE OLIVEIRA,DISTRITO 5º BEC,-9.6873,-62.20739,1865,-1,0
2022,455,396,32,1082,CEEJA PAULO FREIRE - ESCOLA ESTADUAL,CENTRO,-9.42563,-61.9983,3220,181,0
2022,456,396,32,1090,ROBERTO MARINHO - ESCOLA MUNICIPAL,MA 16,-9.68102,-61.97974,297,-1,0
2022,457,396,32,1104,JOVINA DE CARVALHO RIBEIRO - ESCOLA MUNICIPAL,CENTRO,-9.42956,-62.00137,2409,185,0
2022,458,396,32,1112,JOÃO PAULO II - ESCOLA MUNICIPAL,AREA RURAL,-9.17468,-61.7285,325,-1,0
2022,459,396,32,1120,TOM JOBIM - ESCOLA MUNICIPAL,AREA RURAL,-9.25018,-61.82277,352,-1,0
2022,460,396,32,1139,ONOFRE DIAS LOPES - ESCOLA MUNICIPAL,AREA RURAL,-9.41952,-62.01158,1974,192,0
2022,461,396,32,1147,HERMÍNIA CASTOLDI DE OLIVEIRA-ESCOLA MUNICIPAL,AREA RURAL,-9.37413,-62.23316,531,-1,0
2022,462,396,32,1155,BOM FUTURO - ESCOLA MUNICIPAL,BOM FUTURO,-9.42061,-61.9847,1399,180,0
2022,463,396,32,1163,MARIA CONCEIÇÃO DE SOUZA - ESCOLA ESTADUAL,UNIAO,-9.43068,-61.99426,1122,191,1
2022,464,396,32,1171,ESCOLA POLO AMIGOS DO CAMPO - ESCOLA MUNICIPAL,NÚCLEO RURAL AMIGOS DO CAMPO,-9.46598,-62.25673,595,-1,0
2022,465,396,32,1201,CENTRO DE RESSOCIALIZAÇÃO DE MACHADINHO D'OESTE,AREA RURAL,-9.30463,-61.949,0,-1,1
2022,466,418,35,1015,PRINCESA ISABEL - ESCOLA ESTADUAL,CENTRO,-11.69684,-62.71737,5718,316,0
2022,467,418,35,1023,DEONILDO CARAGNATTO - ESCOLA ESTADUAL,CRISTO REI,-11.69083,-62.71355,3450,317,0
2022,468,418,35,1031,PRIMAVERA - ESCOLA MUNICIPAL,SANTANA DO GUAPORÉ,-11.7261,-62.49387,2171,-1,0
2022,469,418,35,1058,LAZARA ALVES DE LIMA - ESCOLA MUNICIPAL,PLANALTO,-11.68572,-62.71404,3665,321,0
2022,470,418,35,1066,TIO TECO - ESCOLA MUNICIPAL,PLANALTO,-11.68952,-62.71423,2411,317,0
2022,471,434,1,1171,E.E.E.F.M. CASSIMIRO DE ABREU,CENTRO,-10.41231,-65.32923,3444,328,0
2022,472,434,1,1180,MARIA ALEUDA LH 8 D - MUNICIPAL,LINHA 8 D,-10.39356,-65.18879,374,-1,0
2022,473,434,1,1228,E.M.E.I.F. NAPOLEÃO LOBO DE MIRANDA,DISTRITO DE ARARAS,-10.06011,-65.31808,444,-1,0
2022,474,434,1,1236,LUCIANA MARONARI LH20 - ESCOLA MUNICIPAL,DISTRITO DE PALMEIRAS,-10.38002,-64.97135,473,-1,0
2022,475,434,1,1244,ONORINA DE SOUZA - LH 28 - MUNICIPAL,DISTRITO DE NOVA DIMENSAO,-10.36496,-64.80397,727,-1,0
2022,476,434,1,1309,OSVALDO RIBEIRO DO NASCIMENTO LH 34 - MUNICIPAL,LINHA 34 D,-10.27095,-64.28243,332,-1,0
2022,477,434,1,1333,E.M.E.I.F. MARECHAL CANDIDO RONDON ,3ª LINHA DO RIBEIRÃO,-10.13426,-65.17987,899,-1,0
2022,478,434,1,1341,EDUARDO VALVERDE - ESCOLA MUNICIPAL,NOVA REDENCAO,-10.42268,-65.33318,1162,326,0
2022,479,434,1,1350,E.E.E.F.M. PROFª MARIA LAURINDA GROFF,DISTRITO DE NOVA DIMENSAO,-10.36964,-64.80462,3316,-1,0
2022,480,434,1,1368,E.E.E.F.M. PEDRO MENDES CARDOSO,DISTRITO JACINOPOLIS,-10.27095,-64.28243,2602,-1,0
2022,481,434,1,1376,PARAÍSO DA CRIANÇA - ESCOLA MUNICIPAL,SAO JOSE,-10.32265,-64.98288,1946,-1,1
2022,482,434,1,1384,CENTRO EDUCACIONAL PAULO FREIRE,CENTRO,-10.41231,-65.32923,1522,328,1
2022,483,434,1,1392,EXTENSÃO DA E.E.E.F.M. PROFESSORA LAURINDA GROFF - LH 20,DISTRITO DE PALMEIRAS,-10.38002,-64.97135,743,-1,1
2022,484,450,8,1015,CHICO MENDES - COLEGIO,DISTRITO ESTRELA DO OESTE,-13.40669,-60.69333,277,-1,0
2022,485,450,8,1040,JOSÉ DE ANCHIETA - COLEGIO,CENTRO,-13.49361,-60.54522,2410,-1,0
2022,486,450,8,1074,PLANALTO - COLEGIO PLANALTO,DISTRITO PLANALTO SAO LUIZ,-13.37441,-60.41676,516,-1,0
2022,487,450,8,1163,CHICO SOLDADO - ESCOLA MUNICIPAL DE EDUCAÇÃO INFANTIL,CENTRO,-13.48877,-60.54509,1567,-1,0
2022,488,477,21,1015,TEODORO DE ASSUNCAO - ESCOLA ESTADUAL,SANTA ISABEL,-8.79821,-63.71144,1418,337,0
2022,489,477,21,1023,DOM JOAO BATISTA COSTA - ESCOLA MUNICIPAL,UNIÃO,-8.79165,-63.70001,4719,334,0
2022,490,477,21,1031,JONATHAS COELHO NEIVA - ESCOLA MUNICIPAL,DISTRITO TRIUNFO,-9.27948,-63.46997,1065,-1,0
2022,491,477,21,1040,CARLOS DRUMOND DE ANDRADE - ESCOLA ESTADUAL,UNIÃO,-8.79526,-63.70481,3783,339,0
2022,492,477,21,1058,JAIME BACESSAT - ESCOLA ESTADUAL,SATÉLITE,-8.79507,-63.70843,3461,338,0
2022,493,477,21,1066,ALBINO BUTTNER - ESCOLA ESTADUAL,DISTRITO TRIUNFO,-9.27656,-63.46865,1806,-1,0
2022,494,477,21,1074,PRE ESCOLA FRANCISCO ALVES DA SILVA,PALHEIRAL,-8.78205,-63.69963,410,336,0
2022,495,477,21,1082,MÁRIO COVAS - ESCOLA MUNICIPAL,VILA NOVA SAMUEL,-8.65818,-63.41232,1289,-1,0
2022,496,477,21,1090,CANDIDO GIACOMETT - ESCOLA MUNICIPAL,PROJETO DE ASSENTAMENTO FLOR DO AMAZONAS,-8.98001,-63.58305,610,-1,0
2022,497,477,21,1104,JEQUITIBÁ - ESCOLA MUNICIPAL,PROJETO DE ASSENTAMENTO JEQUITIBÁ,-8.68551,-63.18276,323,-1,0
2022,498,493,2,1015,DR CUSTÓDIO - ESCOLA MUNICIPAL,CENTRO,-9.19019,-63.18892,1463,-1,0
2022,499,493,2,1023,CECÍLIA MEIRELES - ESCOLA MUNICIPAL,ZONA RURAL,-9.28507,-63.2024,462,-1,0
2022,500,493,2,1031,PAULO FREIRE - ESCOLA ESTADUAL,CENTRO,-9.18589,-63.18685,2966,-1,0
2022,501,493,2,1040,SOSSEGO DA MAMÃE - ESCOLA MUNICIPAL,CENTRO,-9.18496,-63.18607,800,-1,0
2022,502,493,2,1058,JOAO FRANCISCO CORREIA - ESCOLA ESTADUAL,CENTRO,-9.18511,-63.19122,653,-1,0
2022,503,493,2,1066,MONTEIRO LOBATO - ESCOLA MUNICIPAL,ZONA RURAL,-9.15755,-63.36881,98,-1,0
2022,504,515,15,1015,MARECHAL CÂNDIDO RONDON - ESCOLA ESTADUAL,CENTRO,-11.70671,-61.99982,3660,-1,0
2022,505,515,15,1023,AMÉRICO BRASILIENSE - ESCOLA ESTADUAL,DISTRITO MIGRANTINÓPOLIS,-11.72743,-62.14708,3178,-1,0
2022,506,531,15,1015,EUGÊNIO LAZARIN - ESCOLA MUNICIPAL,DISTRITO JARDINÓPOLIS,-11.50007,-61.88748,1319,-1,0
2022,507,531,15,1066,VASCO DA GAMA - ESCOLA MUNICIPAL,BAIRRO CENTRO,-11.50007,-61.88748,1758,-1,1
2022,508,558,28,1023,ESCOLA ESTADUAL - TUBARAO,CENTRO,-10.42741,-62.13328,3753,-1,0
2022,509,558,28,1031,CENTRO EDUCACIONAL PROFESSORA MARIA MATILDE- ESCOLA MUNICIPAL,CENTRO,-10.4279,-62.12918,1797,-1,0
2022,510,558,28,1040,ESCOLA MUNICIPAL JORGE TEIXEIRA,DISTRITO SANTA ROSA,-10.19765,-62.01905,637,-1,0
2022,511,566,18,1015,WALDEMAR HIGINO DE SOUZA - ESCOLA MUNICIPAL,SETOR 1 - SUMAUMA,-11.13522,-62.36525,1786,354,0
2022,512,566,18,1023,ADEILDO MARTINS - ESCOLA MUNICIPAL,SETOR 4 - ALTO ALEGRE,-11.12078,-62.37496,3151,350,0
2022,513,566,18,1031,ALTAMIR BILLYS SOARES - ESCOLA ESTADUAL,SETOR 3 - NOVO HORIZONTE,-11.1254,-62.37119,3619,352,0
2022,514,566,18,1066,OLIVEIRA PAIVA - ESCOLA MUNICIPAL,ZONA RURAL,-11.03892,-62.22082,390,-1,0
2022,515,566,18,1082,NOVA ESTRELA - ESCOLA MUNICIPAL - DISTR NOVA ALIANÇA,NOVA ALIANÇA,-11.19003,-62.48772,601,-1,0
2022,516,574,28,1015,ESCOLA ESTADUAL MIGRANTES,CENTRO,-11.02904,-62.67672,2301,-1,0
2022,517,574,28,1031,ESCOLA MUNICIPAL PROFESSOR EDSON DUARTE LOPES,CENTRO,-11.02897,-62.66573,1985,-1,0
2022,518,574,28,1040,ESCOLA ESTADUAL FLORIZEL LAMEGO FERRARI,CENTRO,-11.03182,-62.66448,2844,-1,0
2022,519,574,28,1066,ESCOLA INDÍGENA AMONDAWA,ALDEIA URU-EU-WAU-WAU,-11.06524,-62.95268,158,-1,0
2022,520,574,28,1074,ESCOLA MUNICIPAL DE ENSINO INFANTIL E FUNDAMENTAL ARQUIMEDES FERNANDES,CENTRO,-11.03822,-62.67404,1854,-1,0
2022,521,582,35,1015,RUI BARBOSA DE OLIVEIRA - ESCOLA ESTADUAL,CENTRO,-11.77201,-63.03755,2161,349,0
2022,522,582,35,1023,OSWALDO PIANA - ESCOLA ESTADUAL,CRISTO REI,-11.76872,-63.03373,3724,347,0
2022,523,582,35,1031,JOSE DO PATROCINIO - ESCOLA MUNICIPAL,BOM SUCESSO,-11.82444,-62.92323,1016,-1,0
2022,524,582,35,1040,PRINCESA ISABEL - ESCOLA MUNICIPAL,NOVO PLANALTO,-11.90163,-63.09654,1648,-1,0
2022,525,582,35,1058,VENCESLAU BRAS - ESCOLA MUNICIPAL,MENDES JUNIOR,-11.84256,-63.16498,516,-1,0
2022,526,582,35,1066,COMUNIDADE IMACULADA CONCEIÇÃO,VILA GUARUJÁ,-11.86737,-62.98996,246,-1,0
2022,527,582,35,1074,PINÓQUIO - ESCOLA MUNICIPAL,CRISTO REI,-11.77148,-63.03383,751,347,0
2022,528,590,27,1023,PAPA PAULO VI - ESCOLA MUNICIPAL,ZONA RURAL,-10.28063,-62.49378,401,-1,0
2022,529,590,27,1031,ESCOLA PRIMAVERA - ESCOLA ESTADUAL,CENTRO,-10.24639,-62.34972,3631,-1,0
2022,530,590,27,1040,MANOEL RIBEIRO - ESCOLA MUNICIPAL,DISTRITO VILA PALMARES DO OESTE,-10.02969,-62.34916,2133,-1,0
2022,531,590,27,1058,JOÃO MARQUES FERREIRA - ESCOLA MUNICIPAL,ZONA RURAL,-10.19191,-62.28055,548,-1,0
2022,532,590,27,1066,JOSILEI DA SILVA NASCIMENTO - ESCOLA MUNICIPAL,ZONA RURAL,-10.09912,-62.22228,782,-1,0
2022,533,590,27,1082,ESCOLA JOSUÉ DE CASTRO (ANTÔNIO CONSELHEIRO) - ESCOLA MUNICIPAL,ZONA RURAL,-10.04685,-62.47143,527,-1,0
2022,534,604,11,1015,NILO COELHO - ESCOLA ESTADUAL,CENTRO,-11.19572,-61.51895,3040,-1,0
2022,535,604,11,1023,CECÍLIA MEIRELES - ESCOLA MUNICIPAL,CENTRO,-11.19747,-61.52003,1316,-1,0
2022,536,604,11,1031,BALÃO MÁGICO - ESCOLA MUNICIPAL,CENTRO,-11.1978,-61.52002,1020,-1,0
2022,537,604,11,1040,QUINTINO BOCAIÚVA - ESCOLA MUNICIPAL,ZONA RURAL,-11.20767,-61.61954,301,-1,0
2022,538,604,11,1058,AMADO FONTES - ESCOLA MUNICIPAL,ZONA RURAL,-11.106,-61.44482,319,-1,0
2022,539,612,27,1023,COSTA JUNIOR - ESCOLA ESTADUAL,CENTRO,-10.61228,-62.73246,3250,342,0
2022,540,612,27,1031,CLAUDIO MANOEL DA COSTA - ESCOLA ESTADUAL,DISTRITO COLINA VERDE,-10.54208,-63.0178,2235,-1,0
2022,541,612,27,1040,FERNAO DIAS PAES - ESCOLA MUNICIPAL,COMUNIDADE RURAL DE SÃO VICENTE,-10.71916,-62.881,394,-1,0
2022,542,612,27,1058,POSTO DE SAÚDE VALDIRÃO (ESCOLA SUED ALVES - LH 621 KM 60).,ZONA RURAL,-10.77287,-62.93476,648,-1,0
2022,543,612,27,1066,ARMINDO FERREIRA FRAGA - ESCOLA MUNICIPAL,CENTRO,-10.61794,-62.72921,593,341,0
2022,544,612,27,1074,ANTONIO AUGUSTO DE LIMA - ESCOLA MUNICIPAL,ZONA RURAL,-10.71696,-62.95722,264,-1,0
2022,545,620,26,1023,FREI HENRIQUE DE COIMBRA - ESCOLA ESTADUAL,SETOR 01,-10.34338,-62.90128,2160,-1,0
2022,546,620,26,1031,NELSO ALQUIERI - ESCOLA MUNICIPAL,SETOR 05,-10.33822,-62.89857,1073,-1,0
2022,547,620,26,1040,VALDIR ALBERTON - ESCOLA MUNICIPAL - TRAVESSÃO B-40,ZONA RURAL,-10.24876,-63.13014,338,-1,0
2022,548,620,26,1058,WALDEMIRO DA SILVA MOURA - ESCOLA MUNICIPAL - CUNHA DO MARECHAL,ZONA RURAL,-10.31304,-62.74449,363,-1,0
2022,549,639,25,1015,LAURINDO RABELO - ESCOLA ESTADUAL,CENTRO,-9.72025,-63.31697,4293,-1,0
2022,550,639,25,1031,ROGÉRIO DA SILVA GONÇALVES - ESCOLA MUNICIPAL,CENTRO,-9.72641,-63.31557,2606,-1,0
2022,551,639,25,1040,SANTA MARCELINA - ESCOLA MUNICIPAL,CENTRO,-9.71884,-63.3202,2116,-1,0
2022,552,639,25,1058,POSTO DE SAÚDE - DISTRITO DE VILA NOVA,DISTrito VILA NOVA,-9.52443,-63.07977,92,-1,0
2022,553,639,25,1066,UNIÃO DO ALTO ALEGRE - ESCOLA MUNICIPAL,zona RURAL,-9.71396,-63.51558,570,-1,0
2022,554,639,25,1074,MAURÍCIO DE NASSAU - ESCOLA MUNICIPAL - LINHA C-110,zona RURAL,-9.48698,-63.41775,705,-1,0
2022,555,639,25,1082,PADRE ANGELO SPADARI - ESCOLA MUNICIPAL - LINHA C-100,zona RURAL,-9.57438,-63.34223,405,-1,0
2022,556,639,25,1112,CUSTÓDIO GABRIEL FILHO - ESCOLA ESTADUAL DE ENSINO FUNDAMENTAL,JARDIM ALVORADA II,-9.71784,-63.31299,929,-1,0
2022,557,647,26,1023,FRANCISCO MIGNONE - ESCOLA ESTADUAL,SETOR 01,-9.70388,-62.89904,3320,-1,0
2022,558,655,16,1015,PROFESSOR LUIZ BENVENOTO DALA COSTA - ESCOLA MUNICIPAL,DISTRITO DE ALTO GUARAJUS,-12.96254,-60.88409,601,-1,0
2022,559,655,16,1023,COLINA VERDE - ESCOLA ESTADUAL,DISTRITO DE RONDOLANDIA,-13.01205,-60.82129,474,-1,0
2022,560,655,16,1031,OSWALDO PIANNA - ESCOLA ESTADUAL,CENTRO,-12.99626,-60.94937,1558,-1,0
2022,561,655,16,1040,MARECHAL RONDON - ESCOLA ESTADUAL,DISTRITO DE VITORIA DA UNIAO,-13.00993,-61.12603,1036,-1,0
2022,562,655,16,1058,UBS NIVALDO RODRIGUES DA SILVA - UNIDADE BÁSICA DE SAÚDE,DISTRITO DE VERDE SERINGAL,-12.87161,-60.72573,262,-1,0
2022,563,655,16,1074,MUNDO MAGICO - ESCOLA MUNICIPAL,CENTRO,-12.99964,-60.93823,1681,-1,0
2022,564,663,25,1015,MATO GROSSO - ESCOLA ESTADUAL,SETOR 01,-10.26344,-63.299,3274,-1,0
2022,565,663,25,1023,AURELIO BUARQUE DE HOLANDA FERREIRA - ESCOLA ESTADUAL,SETOR 01,-10.26314,-63.29864,3562,-1,0
2022,566,663,25,1040,MARIA DE ABREU BIANCO - ESCOLA MUNICIPAL,SETOR 03,-10.25443,-63.29734,2032,-1,0
2022,567,663,25,1058,MÁRIO PALMÉRIO - ESCOLA MUNICIPAL - DISTR MASSANGANA,DISTRITO DE MASSANGANA,-10.02478,-63.28773,633,-1,0
2022,568,663,25,1066,22 DE ABRIL - ESCOLA MUNICIPAL,ZONA RURAL,-10.16042,-63.31784,568,-1,0
2022,569,671,34,1015,15 DE OUTUBRO - ESCOLA ESTADUAL,SETOR 02,-10.571,-63.61809,2566,-1,0
2022,570,671,34,1023,CASSIANO RICARDO - ESCOLA MUNICIPAL,CENTRO,-10.57108,-63.62227,1270,-1,0
2022,571,671,34,1031,RIO BRANCO - ESCOLA MUNICIPAL - DISTR CAMPO NOVO,VILA RIO BRANCO,-10.26428,-64.06112,1815,-1,0
2022,572,671,34,1040,TANCREDO NEVES II - ESCOLA MUNICIPAL - DISTR CAMPO NOVO,VILA UNIAO,-10.34179,-63.65577,1169,-1,0
2022,573,671,34,1066,7 DE SETEMBRO - ESCOLA MUNICIPAL - DISTR TRÊS COQUEIROS,AREA RURAL,-10.44498,-63.97305,930,-1,0
2022,574,680,26,1015,ANTONIO FRANCISCO LISBOA - ESCOLA ESTADUAL,SETOR 03,-9.36814,-62.58407,3846,-1,0
2022,575,680,26,1023,PEQUENO PRÍNCIPE - ESCOLA MUNICIPAL,SETOR 02,-9.36863,-62.58223,5057,-1,0
2022,576,680,26,1031,ANTONIO FREDERICO DE CASTRO ALVES - ESCOLA MUNICIPAL - AMÉRICO VENTURA,ZONA RURAL,-9.47823,-63.01108,261,-1,0
2022,577,680,26,1040,TEOTÔNIO BRANDÃO VILELA - ESCOLA MUNICIPAL - CASTANHEIRAS,ZONA RURAL,-9.48375,-62.65767,529,-1,0
2022,578,680,26,1058,ALUÍSIO BECKER - ESCOLA MUNICIPAL,SETOR 01,-9.36222,-62.58016,1408,-1,0
2022,579,698,32,1015,BARTOLOMEU LOURENCO DE GUSMAO-ESCOLA ESTADUAL,CENTRO,-9.85716,-62.17374,2587,-1,0
2022,580,698,32,1023,DARCI RIBEIRO-ESCOLA MUNICIPAL,CENTRO,-9.86349,-62.17543,3061,-1,0
2022,581,698,32,1031,ORIBE ANTONIO DOS SANTOS-ESCOLA MUNICIPAL-NÚCLEO SÃO MARCOS,NUCLEO RURAL SAO MARCOS,-9.66958,-62.10137,742,-1,0
2022,582,701,19,1015,JOSÉ CESTARI - ESCOLA MUNICIPAL,CENTRO,-12.18066,-61.60169,2621,-1,0
2022,583,701,19,1023,ASSOCIAÇÃO RURAL - ASPRUNO,ZONA RURAL,-12.45937,-61.61707,113,-1,0
2022,584,701,19,1040,ANTONIO CANDIDO DA SILVEIRA- ESCOLA MUNICIPAL,ZONA RURAL,-12.31487,-61.54371,95,-1,0
2022,585,701,19,1074,POSTO DE SAÚDE DA ZONA RURAL,ZONA RURAL,-12.23972,-61.48925,223,-1,0
2022,586,701,19,1082,DOM PEDRO II - ESCOLA MUNICIPAL,ZONA RURAL,-12.32373,-61.2866,209,-1,0
2022,587,710,19,1031,FELIPE CAMARAO - ESCOLA ESTADUAL,CENTRO,-11.90867,-61.51154,2293,-1,0
2022,588,710,19,1066,IGREJA JESUS DE NAZARÉ,ZONA RURAL,-11.94261,-61.48662,189,-1,0
2022,589,710,19,1112,COMUNIDADE SÃO JOÃO - IGREJA,ZONA RURAL,-11.90585,-61.41911,332,-1,0
2022,590,710,19,1171,IGREJA SÃO LUIZ REIS,ZONA RURAL,-11.86608,-61.48815,192,-1,0
2022,591,710,19,1201,ORLINDO GONÇALVES DA ROCHA - ESCOLA MUNICIPAL,CENTRO,-11.79897,-61.47393,1425,-1,0
2022,592,728,9,1015,JOSE ANTONIO RODRIGUES - ESCOLA MUNICIPAL,CENTRO,-11.83089,-61.31864,689,-1,0
2022,593,728,9,1023,JOSE SEVERINO DOS SANTOS - ESCOLA ESTADUAL,CENTRO,-11.8327,-61.31784,1424,-1,0
2022,594,728,9,1031,ESTÁCIO DE SÁ - ESCOLA ESTADUAL,QUERENCIA DO NORTE,-11.97502,-61.37681,759,-1,0
2022,595,736,19,1015,ARTUR COSTA E SILVA - ESCOLA ESTADUAL,CENTRO,-12.13528,-61.85818,4279,-1,0
2022,596,736,19,1023,FERNANDO SABINO - ESCOLA MUNICIPAL,DISTRITO FLOR DA SERRA,-12.45675,-61.91397,526,-1,0
2022,597,736,19,1040,PAULO FREIRE - ESCOLA MUNICIPAL,CENTRO,-12.13463,-61.85473,3366,-1,0
2022,598,736,19,1066,JOÃO PAULO I - ESCOLA MUNICIPAL,ZONA RURAL,-12.50793,-61.61932,183,-1,0
2022,599,744,28,1023,ESCOLA ESTADUAL - MARIA GORETTI,CENTRO,-10.91603,-62.55451,3043,-1,0
2022,600,744,28,1031,ESCOLA MUNICIPAL - MARCOS ADRIANO ISSLER,CENTRO,-10.91488,-62.55471,1564,-1,0
2022,601,744,28,1040,ESCOLA MUNICIPAL - MANOEL FRANCISCO DE OLIVEIRA,CENTRO,-10.91463,-62.55581,964,-1,0
2022,602,752,13,1015,PIONEIRA - ESCOLA ESTADUAL,CENTRO,-10.93264,-62.25635,2905,-1,0
2022,603,752,13,1023,SEBASTIÃO AMORIM DA SILVA - ESCOLA MUNICIPAL,CENTRO,-10.93293,-62.25994,1186,-1,0
2022,604,779,34,1015,BURITI - ESCOLA ESTADUAL,SETOR 03,-10.20722,-63.83009,4094,-1,0
2022,605,779,34,1023,ELVANDAS MARIA DE SIQUEIRA - ESCOLA ESTADUAL,SETOR 01,-10.2134,-63.82758,3486,-1,0
2022,606,779,34,1031,MARECHAL RONDON - ESCOLA MUNICIPAL,SETOR 04,-10.19997,-63.83071,5219,-1,0
2022,607,779,34,1040,MARIA DE ABREU BIANCO - ESCOLA ESTADUAL,SETOR 03,-10.20697,-63.83599,4392,-1,0
2022,608,779,34,1058,FRANCISCO JOSE CHIQUILITO ERSE - ESCOLA MUNICIPAL,SETOR 07,-10.21128,-63.84473,1552,-1,0
2022,609,779,34,1066,PAULO FREIRE - ESCOLA MUNICIPAL,SETOR 02,-10.21056,-63.82253,1961,-1,0
2022,610,779,34,1104,TIRADENTES - ESCOLA MUNICIPAL,AREA RURAL,-10.02931,-63.91081,164,-1,0
2022,611,779,34,1120,JOSÉ AMÉRICO DE ALMEIDA - ESCOLA MUNICIPAL,AREA RURAL,-10.15145,-63.90495,989,-1,0
2022,612,779,34,1147,EMEIEF MARIA ALVES DE SOUZA,AREA RURAL,-10.09038,-63.90788,572,-1,1
2022,613,779,34,1155,EMEIF JOSUÉ DE CASTRO,SETOR 04,-10.19991,-63.8336,541,-1,0
2022,614,787,16,1015,INACIO DE CASTRO - ESCOLA ESTADUAL,CENTRO,-13.48098,-61.04774,1988,-1,0
2022,615,795,5,1015,ESCOLA INDÍGENA ESTADUAL DE ENSINO FUNDAMENTAL IRIA DOS REIS FREITAS,DISTRITO PORTO MURTINHO,-12.06105,-63.5762,461,-1,0
2022,616,795,5,1023,CAMPOS SALES - ESCOLA ESTADUAL,CENTRO,-12.06208,-63.56744,3302,-1,0
2022,617,795,5,1031,POLO - PEREIRA E CACERES - ESCOLA MUNICIPAL,DISTRITO PORTO MURTINHO,-12.05635,-63.56978,917,-1,0
2022,618,795,5,1058,EUCLIDES CUNHA - ESCOLA MUNICIPAL,DISTRITO PEDRAS NEGRAS,-12.85223,-62.90228,68,-1,0
2022,619,795,5,1074,SENADOR RONALDO ARAGAO - ESCOLA MUNICIPAL,CENTRO,-12.06134,-63.56529,1885,-1,0
2022,620,795,5,1082,NEUZA DE OLIVEIRA BRAVIN - ESCOLA MUNICIPAL,ZONA RURAL,-12.07146,-63.71959,1414,-1,0
2022,621,795,5,1090,MARCILENE DE CARVALHO - ESCOLA ESTADUAL,SETOR 08,-12.07316,-63.56854,2593,-1,0
2022,622,795,5,1104,REGINA ALMEIDA DE ARAUJO - ESCOLA MUNICIPAL,CIDADE ALTA,-12.05368,-63.57084,1915,-1,0
2022,623,809,8,1023,ESCOLA IRMÃS JULIANE E ALINE DOS SANTOS MARCOS - ESCOLA MUNICIPAL,CENTRO,-12.55864,-60.90594,2038,-1,0
2022,624,809,8,1031,ANA PAULA MARQUES - ESCOLA MUNICIPAL - DISTRITO DE BOA ESPERANÇA,DISTRITO BOA ESPERANCA,-12.29742,-61.04774,719,-1,0
2022,625,809,8,1040,SANTO ANTÔNIO - ESCOLA MUNICIPAL - PORTO RICO,DISTRITO NOVA ANDRADINA,-12.27159,-61.12122,191,-1,0
2022,626,809,8,1058,ESCOLA GUAPORÉ - VALTER JOSÉ ZANELLA - DISTRITO DE GUAPORÉ,DISTRITO GUAPORÉ,-12.22945,-60.68701,482,-1,0
2022,627,809,8,1066,ESCOLA NOVO PLANO - CLEBERSON DIAS - ESCOLA MUNICIPAL,DISTRITO NOVO PLANO,-12.44521,-61.10498,1110,-1,0
2022,628,809,8,1082,ÁGUA VIVA - ESCOLA MUNICIPAL - ZÉ BENTÃO,ASSENTAMENTO ZÉ BENTÃO,-12.79835,-60.84974,394,-1,0
2022,629,809,8,1090,MOACYR CARAMELLO - ESCOLA ESTADUAL,CENTRO,-12.55111,-60.89703,2378,-1,0
2024,0,19,1,1031,E.M.E.I.F. SAUL BENNESBY,CAETANO,-10.7683,-65.32639,2197,120,0
2024,1,19,1,1058,E.E.E.M.T.I. SIMON BOLIVAR ,CENTRO,-10.79118,-65.34381,2948,121,0
2024,2,19,1,1066,I.E.E. PAULO SALDANHA ,CENTRO,-10.78765,-65.34039,1155,121,0
2024,3,19,1,1104,E.E.E.F ROCHA LEAL,SAO JOSE,-10.7878,-65.33659,1247,132,0
2024,4,19,1,1112,E.M.E.F. ALMIRANTE TAMANDARÉ ,TAMANDARE,-10.7797,-65.33937,2643,133,0
2024,5,19,1,1139,E.E.E.F. CAPITÃO GODOY,SAO JOSE,-10.78766,-65.33417,1409,132,0
2024,6,19,1,1155,IRMÃ MARIA CELESTE - ESCOLA CÍVICO MILITAR,SERRARIA,-10.77775,-65.3315,2587,133,0
2024,7,19,1,1163,PRES. EURICO GASPAR DUTRA - ESCOLA ESTADUAL,DISTRITO DO IATA,-10.58765,-65.38556,609,-1,0
2024,8,19,1,1198,SALOMÃO JUSTINIANO DE MELGAR - ESTADUAL,DISTRITO DE SURPRESA,-11.88179,-65.01989,1078,-1,0
2024,9,19,1,1201,RESERVA OURO PRETO - RESEX - BARRACÃO DO POMPEU,RESERVA RIO ORO PRETO - POMPEU,-10.91749,-65.04297,231,-1,0
2024,10,19,1,1210,COLÉGIO TIRADENTES DA POLÍCIA MILITAR - CTPM - UNIDADE 10,10 DE ABRIL,-10.77538,-65.32122,3937,123,0
2024,11,19,1,1260,E.M.E.I. JOSÉ CARLOS NERI,PROSPERO,-10.76734,-65.31031,3174,128,0
2024,12,19,1,1295,ESCOLA INDIGENA ABRAAO KOOP,ALDEIA SANTO ANDRE,-11.16399,-65.01713,482,-1,0
2024,13,19,1,1317,E.M.E.I.F. PROFESSORA MARIA LIBERTY DE FREITAS ,JARDIM DAS ESMERALDAS,-10.7606,-65.30417,2175,125,0
2024,14,19,1,1325,E.M.R.E.F. TEÓFILO LIMÃO DE SOUZA  ,RAMAL CACHOEIRINHA,-10.72909,-64.93072,229,-1,0
2024,15,19,1,1333,ESCOLA INDIGENA POSSIDONIO BASTOS,ALDEIA RIO NEGRO OCAIA,-11.18277,-64.8345,606,-1,0
2024,16,19,1,1376,ESCOLA ESTADUAL  INDÍGENA 05 DE JULHO,ALDEIA RICARDO FRANCO,-10.88368,-65.22535,255,-1,1
2024,17,19,1,1430,E.M.E.F CANDIDA MARIA MOURA DE PAULA,NOSSA SENHORA DE FATIMA,-10.77641,-65.31235,2595,124,1
2024,18,35,2,1015,CARMELA DUTRA INSTITUTO ESTADUAL,ARIGOLANDIA,-8.75991,-63.90942,4695,227,0
2024,19,35,2,1074,INSTITUTO LAURA VICUÑA - ESCOLA PARTICULAR,OLARIA,-8.75599,-63.89997,3424,261,0
2024,20,35,2,1104,BARÃO DO SOLIMÕES - ESCOLA ESTADUAL,CAIARI,-8.76227,-63.90462,1572,229,0
2024,21,35,2,1120,NAÇÕES UNIDAS - ESCOLA ESTADUAL,PEDRINHAS,-8.74427,-63.90449,2112,263,0
2024,22,35,2,1139,PADRE MORETTI - CENTRO EDUCACIONAL (SAMARITANA),SAO JOAO BOSCO,-8.75511,-63.89924,1674,269,0
2024,23,35,2,1406,SÃO SEBASTIÃO I  - ESCOLA ESTADUAL,SAO SEBASTIAO,-8.73805,-63.90822,2485,271,0
2024,24,35,2,1449,DR OSWALDO PIANA - ESCOLA ESTADUAL,NACIONAL,-8.72741,-63.90923,3449,255,0
2024,25,35,2,1473,MURILO BRAGA - ESCOLA ESTADUAL,CENTRO,-8.7633,-63.89639,2456,265,0
2024,26,35,2,1481,MARIA IZAURA DA COSTA CRUZ - ESCOLA MUNICIPAL,COSTA E SILVA,-8.7369,-63.89217,3738,238,0
2024,27,35,2,1490,RIO MADEIRA - ESCOLA MUNICIPAL,NOVA ESPERANCA,-8.72358,-63.87691,1867,257,1
2024,28,35,2,1503,TIRADENTES - ESCOLA ESTADUAL,INDUSTRIAL,-8.73807,-63.87914,6579,247,0
2024,29,35,2,1520,JOHN KENNEDY - ESCOLA ESTADUAL,SAO CRISTOVAO,-8.75776,-63.89454,2027,269,0
2024,30,35,2,1538,COLÉGIO INTERAÇÃO - ESCOLA PARTICULAR,CENTRO,-8.76518,-63.90226,1022,233,0
2024,31,35,2,1554,MAJOR GUAPINDAIA - ESCOLA ESTADUAL,SAO JOAO BOSCO,-8.74481,-63.89523,4093,270,0
2024,32,35,2,1570,JOSÉ DE FREITAS - ESCOLA MUNICIPAL,PROJETO ASSENTAMENTO JOANA D'ARC I,-8.97859,-64.31598,585,-1,0
2024,33,35,2,1589,RIACHO AZUL - ESCOLA MUNICIPAL,REASSENTAMENTO RIACHO AZUL,-8.80983,-64.02873,231,-1,0
2024,34,35,2,1597,ERMELINDO MONTEIRO BRASIL - ESCOLA MUNICIPAL,CJ HABITACIONAL POPULAR DNIT,-8.73573,-63.93593,1231,255,1
2024,35,35,2,1600,ENGENHO DO MADEIRA - ESCOLA MUNICIPAL,AGROVILA NOVO ENGENHO VELHO,-8.77185,-63.93129,278,275,1
2024,36,35,2,1627,JOSÉ RODRIGUES - ESCOLA MUNICIPAL,VILA FRANCISCANA,-8.77,-64.07832,175,-1,0
2024,37,35,2,1635,NACIONAL - ESCOLA MUNICIPAL,NACIONAL,-8.73161,-63.91089,1428,255,0
2024,38,35,2,1643,CRECHE SANTA MARCELINA,EMBRATEL,-8.74543,-63.88143,3139,242,0
2024,39,35,2,1651,JOSÉ OTINO DE FREITAS - ESCOLA MUNICIPAL,FLODOALDO PONTES PINTO,-8.74207,-63.87539,5018,244,0
2024,40,35,2,1660,ESCOLA  BRASÍLIA,EMBRATEL,-8.74579,-63.882,5287,242,0
2024,41,35,2,1678,"IFRO - INSTITUTO FEDERAL DE EDUCAÇÃO, CIÊNCIA E TECNOLOGIA DE RONDONIA",FLODOALDO PONTES PINTO,-8.74519,-63.87149,4067,244,0
2024,42,35,2,1686,LUIZ SOARES DE CÁSSIA - ESCOLA MUNICIPAL,MARINGA,-8.74449,-63.83636,738,273,0
2024,43,35,2,1694,PROF.ª FLORA CALHEIROS COTRIN - ESCOLA ESTADUAL,ESPERANCA DA COMUNIDADE,-8.75107,-63.84445,6199,243,0
2024,44,35,2,1716,ROBERTO DUARTE PIRES - ESCOLA ESTADUAL,IGARAPE,-8.74491,-63.86269,3117,246,0
2024,45,35,2,1724,PÉ DE MURICI - ESCOLA MUNICIPAL,PLANALTO,-8.73907,-63.84056,2773,273,0
2024,46,35,2,1732,PROF.ª ELOÍSA BENTES RAMOS - ESCOLA ESTADUAL,FLODOALDO PONTES PINTO,-8.74892,-63.86641,3471,244,0
2024,47,35,2,1740,SENADOR OLAVO GOMES PIRES - ESCOLA MUNICIPAL,APONIA,-8.74213,-63.8564,2973,224,0
2024,48,35,2,1759,SENADOR DARCY RIBEIRO - ESCOLA MUNICIPAL,ESPERANCA DA COMUNIDADE,-8.74965,-63.84583,3096,243,0
2024,49,35,2,1767,JOÃO RIBEIRO SOARES - ESCOLA MUNICIPAL,IGARAPE,-8.74069,-63.84868,3133,264,0
2024,50,35,2,1775,PROF. PEDRO TAVARES BATALHA - ESCOLA MUNICIPAL,APONIA,-8.7345,-63.86082,3139,224,0
2024,51,35,2,1805,DUQUE DE CAXIAS - ESCOLA ESTADUAL,ARIGOLANDIA,-8.7592,-63.90951,4693,261,0
2024,52,35,2,1821,CENTRO DE ENSINO MINEIRO - COLÉGIO PARTICULAR,FLODOALDO PONTES PINTO,-8.74496,-63.86877,590,244,0
2024,53,35,2,1830,"IFRO - INSTITUTO FEDERAL DE EDUCAÇÃO, CIÊNCIA E TECNOLOGIA DE RONDÔNIA",INDUSTRIAL,-8.74112,-63.88959,372,247,0
2024,54,35,2,1856,GUADALUPE - ESCOLA MUNICIPAL,APONIA,-8.73667,-63.85745,371,224,0
2024,55,35,2,1864,LYDIA JOHNSON DE MACEDO - ESCOLA ESTADUAL,COSTA E SILVA,-8.73833,-63.89817,2384,238,0
2024,56,35,2,1899,ESCOLA SANTA MARCELINA,EMBRATEL,-8.74585,-63.88189,5603,242,0
2024,57,35,2,1910,BELEZAS DO BURITI - ESCOLA MUNICIPAL DE ENSINO INFANTIL E FUNDAMENTAL,FLODOALDO PONTES PINTO,-8.74529,-63.87052,3155,244,1
2024,58,35,6,1040,SÃO LUCAS - CENTRO UNIVERSITÁRIO PARTICULAR,AREAL,-8.76645,-63.89986,2788,268,0
2024,59,35,6,1104,PADRE CHIQUINHO - ESCOLA MUNICIPAL,AREAL,-8.77703,-63.89873,4254,225,0
2024,60,35,6,1147,FRANKLIN DELANO ROOSEVELT - ESCOLA ESTADUAL,TRIANGULO,-8.77531,-63.90922,2125,275,0
2024,61,35,6,1376,RIO BRANCO - ESCOLA ESTADUAL,NOSSA SENHORA DAS GRACAS,-8.76439,-63.88815,3316,256,0
2024,62,35,6,1384,BELA VISTA - ESCOLA ESTADUAL,CONCEIÇÃO,-8.79872,-63.89233,6473,237,0
2024,63,35,6,1392,NOSSA SENHORA DAS GRACAS - ESCOLA ESTADUAL,NOSSA SENHORA DAS GRACAS,-8.76814,-63.89348,2461,252,0
2024,64,35,6,1406,CAPITAO CLAUDIO MANOEL DA COSTA - ESCOLA ESTADUAL,CIDADE DO LOBO,-8.80685,-63.88458,6505,235,0
2024,65,35,6,1414,SAUL BENNESBY - ESCOLA MUNICIPAL,ELETRONORTE,-8.79709,-63.89797,3114,241,0
2024,66,35,6,1422,CLASSE A - UNIDADE II - COLÉGIO PARTICULAR,ELETRONORTE,-8.78681,-63.89671,7456,241,0
2024,67,35,6,1430,TIRADENTES VII - COLÉGIO MILITAR ESTADUAL,ROQUE,-8.7744,-63.89072,2961,267,0
2024,68,35,6,1449,MANOEL APARÍCIO NUNES ALMEIDA - ESCOLA MUNICIPAL,CIDADE NOVA,-8.81141,-63.8807,3856,234,0
2024,69,35,6,1457,JOÃO AFRO VIEIRA - ESCOLA MUNICIPAL - VILA PRINCESA,VILA PRINCESA,-8.84932,-63.94085,453,-1,0
2024,70,35,6,1538,DISTRITO JACY PARANA - ESCOLA CORA CORALINA,DISTRITO JACY PARANA,-9.25295,-64.40552,2496,-1,0
2024,71,35,6,1546,ABC DE JACI - ESCOLA MUNICIPAL - DISTRITO JACY PARANA,DISTRITO JACY PARANA,-9.25409,-64.41682,1561,-1,0
2024,72,35,6,1554,RIO PARDO - ESCOLA MUNICIPAL - DISTRITO RIO PARDO,DISTRITO RIO PARDO,-9.62628,-63.96701,2488,-1,0
2024,73,35,6,1562,MARIA CASAROTO ABATI - ESCOLA MUNICIPAL - DISTR VISTA ALEGRE DO ABUNÃ,DISTRITO VISTA ALEGRE DO ABUNA,-8.83487,-63.92134,2301,-1,1
2024,74,35,6,1570,MORADORES DA LINHA 01 - ASSOCIAÇÃO - DISTRITO UNIAO BANDEIRANTE,DISTRITO UNIAO BANDEIRANTE,-9.57382,-64.51496,310,-1,0
2024,75,35,6,1589,CÉSAR FREITAS CASSOL -ESCOLA ESTADUAL - DISTRITO UNIÃO BANDEIRANTE,DISTRITO UNIAO BANDEIRANTE,-9.70133,-64.53303,3343,-1,0
2024,76,35,6,1597,MARIA JACIRA FEITOSA DE CARVALHO - ESCOLA MUN. DISTR. NOVA CALIFÓRNIA,DISTRITO NOVA CALIFORNIA,-8.83487,-63.92134,3138,-1,1
2024,77,35,6,1600,MARCO AZUL - ESCOLA MUNICIPAL - COMUNIDADE MARCO AZUL,COMUNIDADE MARCO AZUL,-9.79158,-63.77732,228,-1,0
2024,78,35,6,1619,NOSSA SENHORA DE NAZARE -ESCOLA MUNICIPAL - DISTRIT NOVA MUTUM PARANA,DISTRITO NOVA MUTUM PARANA,-9.29509,-64.55117,1986,-1,0
2024,79,35,6,1627,MANOEL PEDRO PEREIRA - ESCOLA MUNICIPAL - BR 364 - KM 24,ZONA RURAL,-8.94963,-63.98227,337,-1,0
2024,80,35,6,1635,ANTONIO AUGUSTO VASCONCELOS - ESCOLA MUNICIPAL - CACHOEIRA TEOTONIO,VILA CACHOEIRA DE TEOTONIO,-8.87195,-64.05463,219,-1,0
2024,81,35,6,1643,SANTA JÚLIA - ESCOLA MUNICIPAL - VILA PENHA - TAQUARA,VILA PENHA - TAQUARA,-9.86653,-65.26853,671,-1,0
2024,82,35,6,1651,PROFESSORA ANTONIA VIEIRA FROTA - ESCOLA ESTADUAL - DISTR VISTA ALEGRE,DISTRITO VISTA ALEGRE DO ABUNA,-8.83487,-63.92134,1877,-1,1
2024,83,35,6,1660,FLOR DO CUPUAÇÚ - ESCOLA MUNICIPAL - REASSENTAMENTO SANTA RITA,REASSENTAMENTO SANTA RITA,-9.1118,-64.16779,286,-1,0
2024,84,35,6,1678,03 DE DEZEMBRO - ESCOLA MUNICIPAL - DISTRITO UNIÃO BANDEIRANTE,DISTRITO UNIAO BANDEIRANTE,-9.7099,-64.5342,3066,-1,0
2024,85,35,6,1686,EDUARDO LIMA E SILVA - ESCOLA ESTADUAL,NOVA FLORESTA,-8.79244,-63.89361,6908,258,0
2024,86,35,6,1694,MORADORES DA LINHA 8 - ASSOCIAÇÃO - DISTRITO UNIAO BANDEIRANTE,DISTRITO UNIAO BANDEIRANTE,-9.88629,-64.64973,1020,-1,0
2024,87,35,6,1708,MARECHAL CANDIDO RONDON - ESCOLA ESTADUAL - DISTRITO ABUNÃ,DISTRITO ABUNA,-9.69864,-65.36776,502,-1,0
2024,88,35,6,1716,13 DE MAIO- ESCOLA ESTADUAL - DISTRITO EXTREMA,DISTRITO EXTREMA DE RONDONIA,-8.83487,-63.92134,2042,-1,1
2024,89,35,6,1732,FLOR DE LARANJEIRA - ESCOLA MUNICIPAL,NOVA FLORESTA,-8.79254,-63.89362,1188,258,0
2024,90,35,6,1740,DISTRITO JACY PARANA - ESCOLA JOAQUIM VICENTE RONDON,DISTRITO JACY PARANA,-9.26123,-64.40243,296,-1,0
2024,91,35,6,1759,DISTRITO FORTALEZA DO ABUNÃ - BARAO DO RIO BRANCO - ESCOLA ESTADUAL,DISTRITO FORTALEZA DO ABUNA,-9.78139,-65.52907,282,-1,0
2024,92,35,6,1767,KYOWÃ - ESCOLA ESTADUAL - ALDEIA KARITIANA,ALDEIA KARITIANA,-9.29543,-64.00395,121,-1,0
2024,93,35,6,1775,JAYME PEIXOTO DE ALENCAR - ESCOLA MUNICIPAL - DISTRITO EXTREMA,DISTRITO EXTREMA DE RONDONIA,-8.83487,-63.92134,2691,-1,1
2024,94,35,6,1821,BROTO DO AÇAÍ - ESCOLA MUNICIPAL,CONCEIÇÃO,-8.79872,-63.89233,179,237,1
2024,95,35,6,1830,PROFESSORA RONILZA CORDEIRO AFONSO DIAS - ESCOLA MUNICIPAL,NOVO HORIZONTE,-8.80166,-63.8943,218,260,0
2024,96,35,6,1848,KAWAPU - ESCOLA ESTADUAL - ALDEIA KAWAPU - DISTRITO DE EXTREMA,DISTRITO EXTREMA DE RONDONIA,-8.83487,-63.92134,167,-1,1
2024,97,35,6,1872,PADRE MARIO CASTAGNA,TUPI,-8.83487,-63.92134,4790,-1,1
2024,98,35,20,1058,GOVERNADOR ARAÚJO LIMA - ESCOLA ESTADUAL,NOVA PORTO VELHO,-8.75898,-63.87726,4008,259,0
2024,99,35,20,1066,COLEGIO ADVENTISTA - PRIVADO,AGENOR DE CARVALHO,-8.75775,-63.87495,3329,223,0
2024,100,35,20,1074,HERBERT DE ALENCAR - ESCOLA ESTADUAL,NOVA PORTO VELHO,-8.76404,-63.87782,1327,259,0
2024,101,35,20,1082,MARIA CARMOSINA PINHEIRO - ESCOLA ESTADUAL,TIRADENTES,-8.75764,-63.84081,5383,274,0
2024,102,35,20,1104,PROFESSOR ORLANDO FREIRE - ESCOLA ESTADUAL,LAGOA,-8.76888,-63.86984,4365,249,0
2024,103,35,20,1112,SESI - CENTRO EDUCACIONAL DR GILBERTO MENDES DE AZEVEDO,LAGOA,-8.76912,-63.87112,4010,249,0
2024,104,35,20,1120,ESCOLA PADRÃO - ENGENHEIRO FRANCISCO ERSE - ESCOLA MUNICIPAL,CUNIA,-8.75788,-63.85536,4474,239,0
2024,105,35,20,1147,JUSCELINO KUBTSCHECK - ESCOLA ESTADUAL,AGENOR DE CARVALHO,-8.76276,-63.86422,5644,223,0
2024,106,35,20,1180,GENERAL OSORIO - ESCOLA MUNICIPAL,DISTRITO CALAMA,-8.83487,-63.92134,791,-1,1
2024,107,35,20,1198,HENRIQUE DIAS - ESCOLA MUNICIPAL - DIST SÃO CARLOS,DISTRITO SAO CARLOS,-8.43757,-63.49949,1251,-1,0
2024,108,35,20,1201,AQUILES CHAVES PARAGUASSU - ESCOLA MUNICIPAL - DIST PAPAGAIOS,DISTRITO PAPAGAIOS,-8.18011,-63.09041,128,-1,0
2024,109,35,20,1210,MARIA ANGELICA QUEIROZ  - ESCOLA MUNICIPAL - DIST NOVA ALIANÇA,DISTRITO NOVA ALIANCA,-8.60972,-63.54231,754,-1,0
2024,110,35,20,1228,RAIMUNDO NONATO VIEIRA DA SILVA- ESCOLA ESTADUAL - CUJUBIM-GRANDE,DISTRITO CUJUBIM GRANDE,-8.58482,-63.72943,262,-1,0
2024,111,35,20,1236,UNIÃO - ESCOLA MUNICIPAL,ZONA RURAL,-8.64563,-63.73645,146,-1,0
2024,112,35,20,1252,DEIGMAR MORAES DE SOUZA - ESCOLA MUNICIPAL,DISTRITO CUJUBIM GRANDE,-8.58579,-63.72992,567,-1,0
2024,113,35,20,1260,JOAO DE BARROS GOUVEIA - ESCOLA ESTADUAL - DIST DEMARCAÇÃO,DISTRITO DEMARCACAO RIO MACHADO,-8.17109,-62.7793,359,-1,0
2024,114,35,20,1279,FRANCISCO BRAGA - ESCOLA MUNICIPAL,RESERVA LAGO DO CUNIA,-8.31786,-63.49762,229,-1,0
2024,115,35,20,1295,CASTRO ALVES - ESCOLA MUNICIPAL,LOCALIDADE SANTA CATARINA,-8.23509,-63.25381,303,-1,0
2024,116,35,20,1309,ASSOCIAÇÃO DE MORADORES E PRODUTORES TERRA SANTA - AMOPTS,COMUNIDADE TERRA SANTA,-8.69247,-63.84156,308,-1,0
2024,117,35,20,1325,ANA ADELAIDE - ESCOLA MUNICIPAL,DISTRITO CALAMA,-8.83487,-63.92134,660,-1,1
2024,118,35,20,1333,DOM PEDRO I - ESCOLA ESTADUAL,CASTANHEIRA,-8.80393,-63.8666,1966,232,0
2024,119,35,20,1341,HÉLIO NEVES BOTELHO - ESCOLA ESTADUAL,CALADINHO,-8.79745,-63.88494,2795,230,0
2024,120,35,20,1350,TANCREDO NEVES - ESCOLA ESTADUAL,CALADINHO,-8.80495,-63.87786,5347,230,0
2024,121,35,20,1368,JOAQUIM VICENTE RONDON - ESCOLA MUNICIPAL,COHAB,-8.79123,-63.88103,6796,236,0
2024,122,35,20,1376,TUCUMÃ - ESCOLA MUNICIPAL,COHAB,-8.78898,-63.87277,1141,236,0
2024,123,35,20,1384,ESCOLA HEITOR VILLA LOBOS,CASTANHEIRA,-8.79539,-63.86617,3131,232,0
2024,124,35,20,1392,CANTO DO UIRAPURU - ESCOLA MUNICIPAL,AEROCLUBE,-8.80377,-63.86115,1589,222,0
2024,125,35,20,1406,RIO GUAPORE - ESCOLA MUNICIPAL,CASTANHEIRA,-8.80148,-63.86964,2280,232,0
2024,126,35,20,1414,JOÃO BENTO DA COSTA - ESCOLA ESTADUAL,ELDORADO,-8.78384,-63.87413,7037,240,0
2024,127,35,20,1422,ESTRELA DO AMANHA - ESCOLA MUNICIPAL,CALADINHO,-8.80524,-63.87861,712,230,0
2024,128,35,20,1430,MANOEL GRANGEIRO - ESCOLA MUNICIPAL,COMUNIDADE VIÇOSA,-8.84964,-63.83219,327,-1,0
2024,129,35,20,1449,MARIA DE NAZARÉ - CENTRO EDUCACIONAL CENTRO EDUCACIONAL,ELDORADO,-8.78766,-63.86842,2281,240,0
2024,130,35,20,1457,JORGE VICENTE SALAZAR DOS SANTOS - ESCOLA ESTADUAL,COHAB,-8.79301,-63.87487,3599,236,0
2024,131,35,20,1465,JESUS BURLAMAQUI HOSANNAH - ESCOLA ESTADUAL,FLORESTA,-8.77645,-63.88116,6246,245,0
2024,132,35,20,1511,CHAPEUZINHO VERMELHO,PANTANAL,-8.74625,-63.83634,104,273,0
2024,133,35,20,1538,SESC ESCOLA,LAGOA,-8.769,-63.87048,3293,249,1
2024,134,35,20,1546,UNIDADE DE SAÚDE MARIA NOBRE DA SILVA,DISTRITO NAZARE,-8.83487,-63.92134,481,-1,1
2024,135,35,21,1040,DANIEL NERI DA SILVA - ESCOLA ESTADUAL,JUSCELINO KUBITSCHEK,-8.76677,-63.83611,6253,248,0
2024,136,35,21,1058,RISOLETA NEVES - ESCOLA ESTADUAL,TANCREDO NEVES,-8.76014,-63.83783,6262,272,0
2024,137,35,21,1066,MARCOS FREIRE - ESCOLA ESTADUAL,RONALDO ARAGAO,-8.78374,-63.79992,4697,-1,0
2024,138,35,21,1074,JORGE TEIXEIRA DE OLIVEIRA - ESCOLA ESTADUAL,ULYSSES GUIMARAES,-8.77579,-63.80322,3859,-1,0
2024,139,35,21,1104,SAO LUIZ - ESCOLA ESTADUAL,JUSCELINO KUBITSCHEK,-8.77298,-63.8349,6173,248,0
2024,140,35,21,1112,JANIO DA SILVA QUADROS - ESCOLA ESTADUAL,MARIANA,-8.77079,-63.81822,5281,248,1
2024,141,35,21,1163,ULISSES SOARES FERREIRA - ESCOLA MUNICIPAL,JUSCELINO KUBITSCHEK,-8.76778,-63.83626,3782,248,0
2024,142,35,21,1180,MARIANA - ESCOLA ESTADUAL,SAO FRANCISCO,-8.77161,-63.82425,3422,248,1
2024,143,35,21,1198,ESTELA DE ARAÚJO COMPASSO - ESCOLA MUNICIPAL,MARCOS FREIRE,-8.78178,-63.8061,2014,-1,0
2024,144,35,21,1201,MADRE TEREZA DE CALCUTÁ - ESCOLA MUNICIPAL,LAGOINHA,-8.76579,-63.85117,1583,250,0
2024,145,35,21,1210,PINGO DE GENTE - ESCOLA MUNICIPAL,ULYSSES GUIMARAES,-8.77388,-63.80304,1755,-1,0
2024,146,35,21,1228,BOM PRINCIPIO - ESCOLA MUNICIPAL,TANCREDO NEVES,-8.76211,-63.83728,2824,272,0
2024,147,35,21,1236,12 DE OUTUBRO - ESCOLA MUNICIPAL,TRES MARIAS,-8.77404,-63.84429,2188,276,0
2024,148,35,21,1244,PADRE GEOVANI MENDES - ESCOLA MUNICIPAL,TRES MARIAS,-8.76942,-63.84778,1563,250,0
2024,149,35,21,1252,PAULO LEAL - ESCOLA ESTADUAL,ZONA RURAL,-8.80077,-63.77051,1225,-1,0
2024,150,35,21,1260,FLAMBOYANT - ESCOLA MUNICIPAL,CASCALHEIRA,-8.77695,-63.83441,3099,231,1
2024,151,35,21,1279,VOO DA JURITI - ESCOLA MUNICIPAL,JUSCELINO KUBITSCHEK,-8.76856,-63.83502,1974,248,0
2024,152,35,21,1287,MARIA FRANCISCA DE JESUS GONÇALVES - ESCOLA MUNICIPAL,JARDIM SANTANA,-8.76168,-63.81306,1590,-1,0
2024,153,35,21,1295,ULISSES GUIMARAES - ESCOLA ESTADUAL,JARDIM SANTANA,-8.75259,-63.81634,6225,-1,0
2024,154,35,21,1309,FRANCISCO ELENILSON NEGREIROS - ESCOLA MUNICIPAL,SOCIALISTA,-8.7601,-63.82687,3762,272,1
2024,155,35,21,1317,SOM DA CRAVIOLA - ESCOLA MUNICIPAL,TANCREDO NEVES,-8.76369,-63.83356,204,272,0
2024,156,35,21,1325,EDUARDO VALVERDE - ESCOLA MUNICIPAL,MARIANA,-8.77249,-63.8096,163,-1,0
2024,157,35,21,1333,ELY BEZERRA DE SALES - ESCOLA MUNICIPAL,MARIANA,-8.77317,-63.80847,227,-1,0
2024,158,35,21,1341,AUTA DE SOUZA - ESCOLA MUNICIPAL,SAO FRANCISCO,-8.78296,-63.83204,5386,231,1
2024,159,35,21,1350,JESUS DE NAZARÉ - ESCOLA MUNICIPAL,SOCIALISTA,-8.76209,-63.82739,253,272,1
2024,160,35,21,1368,ENGENHEIRO WALMER ADAO DENNY SIQUEIRA - ESCOLA MUNICIPAL,SOCIALISTA,-8.76514,-63.82741,149,248,1
2024,161,51,3,1040,SEMAS - SECRETARIA MUNICIPAL DE ASSISTÊNCIA SOCIAL,CENTRO,-10.87665,-61.95201,672,143,0
2024,162,51,3,1082,CORONEL JORGE TEIXEIRA DE OLIVEIRA - ESCOLA ESTADUAL - NOVA LONDRINA,NOVA LONDRINA,-11.06269,-62.01152,1312,-1,0
2024,163,51,3,1180,DER - DEPARTAMENTO DE ESTRADAS DE RODAGEM E TRANSPORTE,ZONA RURAL,-10.84438,-62.00494,294,157,1
2024,164,51,3,1228,GONÇALVES DIAS - ESCOLA ESTADUAL,JARDIM DOS MIGRANTES,-10.87438,-61.96251,5709,155,0
2024,165,51,3,1236,RIO URUPÁ - ESCOLA ESTADUAL,URUPÁ,-10.884,-61.95411,3937,176,0
2024,166,51,3,1287,INACIO DE LOYOLA - ESCOLA ESTADUAL - NOVA LONDRINA,NOVA LONDRINA,-11.06794,-62.00962,837,-1,0
2024,167,51,3,1295,ULISSES MATOSINHO PERES DE PONTES - ESCOLA MUNICIPAL - GLEBA G,ZONA RURAL,-11.00135,-62.00892,365,-1,0
2024,168,51,3,1376,TIRADENTES CTPM VI / LAURO BENO - ESCOLA ESTADUAL,SANTIAGO,-10.86791,-61.97292,6246,153,0
2024,169,51,3,1384,IFRO CAMPUS JI-PARANÁ - ESCOLA FEDERAL,JARDIM DOS MIGRANTES,-10.88234,-61.96793,4375,155,0
2024,170,51,3,1422,PAULO FREIRE - ESCOLA MUNICIPAL - LINHA 153,ZONA RURAL,-10.84737,-61.99369,602,157,1
2024,171,51,3,1430,PROFESSOR EDSON LOPES - ESCOLA MUNICIPAL - LINHA 20,ZONA RURAL,-10.96282,-62.10615,331,-1,0
2024,172,51,3,1554,JOVEM GONÇALVES VILELA - ESCOLA ESTADUAL,JARDIM PRESIDENCIAL,-10.86787,-61.96886,1866,153,0
2024,173,51,3,1562,ANTÔNIO PRADO - ESCOLA MUNICIPAL - LINHA 206,ZONA RURAL,-10.5426,-61.93266,332,-1,0
2024,174,51,3,1597,SEMAGRI - SECRETARIA DO MUNICÍPIO DE AGRICULTURA E PECUÁRIA,URUPÁ,-10.88041,-61.95293,1055,176,0
2024,175,51,3,1600,PROFESSORA MARIA ANTÔNIA - CMEIEF,JARDIM PRESIDENCIAL,-10.87039,-61.97695,1933,153,0
2024,176,51,30,1015,MARCOS BISPO DA SILVA - ESCOLA ESTADUAL,BNH,-10.89788,-61.91002,6632,146,0
2024,177,51,30,1023,CORA CORALINA - ESCOLA ESTADUAL,NOVA BRASÍLIA,-10.88778,-61.91166,2846,159,0
2024,178,51,30,1031,ALUÍZIO FERREIRA - ESCOLA ESTADUAL,NOVA BRASÍLIA,-10.8834,-61.91496,7286,159,0
2024,179,51,30,1040,JÚLIO GUERRA / TIRADENTES - CTPM IV - ESCOLA ESTADUAL,NOVA BRASÍLIA,-10.88919,-61.92951,5227,159,0
2024,180,51,30,1058,31 DE MARÇO - ESCOLA ESTADUAL,SÃO PEDRO,-10.89244,-61.91949,3771,172,0
2024,181,51,30,1066,TUPÃ - ESCOLA ESTADUAL - DISTRITO NOVA COLINA,NOVA COLINA,-10.78975,-61.69312,1186,-1,0
2024,182,51,30,1082,PROFESSOR IRINEU ANTONIO DRESCH - ESCOLA MUNICIPAL,ZONA RURAL,-10.96828,-61.82125,448,-1,0
2024,183,51,30,1112,DR. LOURENÇO PEREIRA LIMA - ESCOLA ESTADUAL,CAPELASSO,-10.90173,-61.88265,1308,141,0
2024,184,51,30,1120,TANCREDO DE ALMEIDA NEVES - ESCOLA ESTADUAL,RIACHUELO,-10.89806,-61.92338,1895,167,0
2024,185,51,30,1139,JUSCELINO KUBITSCHEK DE OLIVEIRA - ESCOLA ESTADUAL,NOVA BRASÍLIA,-10.88214,-61.92286,6325,159,0
2024,186,51,30,1163,BEATRIZ FERREIRA DA SILVA - ESCOLA ESTADUAL,PRIMAVERA,-10.8975,-61.93778,2230,165,0
2024,187,51,30,1180,SUFRAMA - SUPERINTENDÊNCIA DA ZONA FRANCA DE MANAUS,RIACHUELO,-10.8998,-61.93031,295,167,0
2024,188,51,30,1198,JANETE CLAIR - ESCOLA ESTADUAL,JK,-10.87653,-61.90516,3250,151,0
2024,189,51,30,1201,PARQUE DOS PIONEIROS - ESCOLA MUNICIPAL,PARQUE DOS PIONEIROS,-10.90589,-61.91266,2023,154,0
2024,190,51,30,1210,IKOLEN - POSTO INDÍGENA,IKOLEN - NOVA COLINA,-10.74739,-61.58921,467,-1,0
2024,191,51,30,1228,PÉROLA - ESCOLA MUNICIPAL,ZONA RURAL,-10.93592,-61.59817,245,-1,0
2024,192,51,30,1244,ADÃO VALDIR LAMOTA - ESCOLA MUNICIPAL,JK,-10.87122,-61.90663,3177,151,0
2024,193,51,30,1252,ALDEIA ITERAP - ALDEIA INDÍGENA,ALDEIA ITERAP,-10.65349,-61.77822,192,-1,0
2024,194,51,30,1279,CEEJA - TERESA MITSUKO TUSTUMI - ESCOLA ESTADUAL,VILA JOTÃO,-10.88445,-61.9322,356,156,0
2024,195,51,30,1287,RUTH ROCHA - ESCOLA MUNICIPAL,NOVA BRASÍLIA,-10.88949,-61.91306,1842,159,0
2024,196,51,30,1295,PROFESSORA CARMEM ROCHA BORGES - ESCOLA ESTADUAL,CASA PRETA,-10.86836,-61.95536,2808,142,0
2024,197,51,30,1309,MARECHAL RONDON - INSTITUTO ESTADUAL DE EDUCAÇÃO,CASA PRETA,-10.87773,-61.94618,4185,142,0
2024,198,51,30,1317,JOSÉ FRANCISCO DOS SANTOS - ESCOLA ESTADUAL,DOM BOSCO,-10.86922,-61.94753,4439,149,0
2024,199,51,30,1325,SÃO PEDRO - ESCOLA ESTADUAL,PARQUE SÃO PEDRO,-10.86246,-61.93623,1576,164,0
2024,200,51,30,1333,PROFESSORA EDILCE DOS SANTOS FREITAS - ESCOLA ESTADUAL,SÃO BERNARDO,-10.85777,-61.96911,2511,170,0
2024,201,51,30,1341,NOVA BRASÍLIA - ESCOLA ESTADUAL,JK,-10.8665,-61.90745,400,151,0
2024,202,51,30,1376,PROFESSOR CELSO AUGUSTO ROCCO - ESCOLA MUNICIPAL,HABITAR BRASIL,-10.88412,-61.8938,173,158,0
2024,203,78,7,1015,HEITOR VILLA LOBOS - ESCOLA ESTADUAL,SETOR INSTITUCIONAL,-9.91386,-63.03264,4756,40,1
2024,204,78,7,1040,LEVI ALVES DE FREITAS - ESCOLA MUNICIPAL,PARQUE DAS GEMAS,-9.91723,-63.04104,2935,52,1
2024,205,78,7,1058,ANISIO TEIXEIRA - ESCOLA ESTADUAL,SETOR 02,-9.91884,-63.02459,6057,40,0
2024,206,78,7,1066,PINGO DE GENTE - ESCOLA MUNICIPAL,SETOR 02,-9.91543,-63.02492,1299,40,0
2024,207,78,7,1074,CEEJAR - CENTRO ESTADUAL DE EDUCAÇÃO DE JOVENS E ADULTOS,SETOR INSTITUCIONAL,-9.90875,-63.03223,1306,42,1
2024,208,78,7,1120,MAGDALENA TAGLIAFERRO - ESCOLA MUNICIPAL,JARDIM DAS PALMEIRAS,-9.93151,-63.02527,4573,25,0
2024,209,78,7,1333,MARIO QUINTANA - ESCOLA MUNICIPAL,SETOR 04,-9.90682,-63.02845,4390,42,0
2024,210,78,7,1341,DIRCEU DE ALMEIDA - ESCOLA MUNICIPAL,SETOR 06,-9.90089,-63.02692,3095,45,1
2024,211,78,7,1368,COLÉGIO CRISTÃO - PARTICULAR,SETOR INSTITUCIONAL,-9.90103,-63.03219,3019,51,1
2024,212,78,7,1376,COLÉGIO TIRADENTES DA POLÍCIA MILITAR III,SETOR 09,-9.93405,-63.02815,3962,43,1
2024,213,78,7,1384,PROFESSOR VENANCIO KOTTWITZ - ESCOLA MUNICIPAL,SETOR 11,-9.89599,-63.02064,2084,16,1
2024,214,78,7,1392,ROBERTO TURBAY - ESCOLA MUNICIPAL,SETOR 10,-9.93513,-63.01599,2225,43,0
2024,215,78,7,1414,PROFESSORA CARMEM IONE DE ARAÚJO ESCOLA ESTADUAL,ROTA DO SOL,-9.89058,-63.02237,2651,39,0
2024,216,78,7,1422,ARCO IRIS - ESCOLA MUNICIPAL,ZONA RURAL (RO-257),-9.93277,-62.66402,338,-1,0
2024,217,78,7,1430,VINICIUS DE MORAIS - ESCOLA MUNICIPAL,ZONA RURAL (BR-421),-9.89106,-63.13311,624,-1,0
2024,218,78,7,1449,MAFALDA RODRIGUES - ESCOLA MUNICIPAL,ZONA RURAL (BR-364),-10.245,-62.72737,726,-1,0
2024,219,78,7,1457,RICARDO CANTANHEDE - ESCOLA ESTADUAL,SETOR 03,-9.90993,-63.04153,5172,41,0
2024,220,78,7,1465,PROFESSOR PEDRO LOUBACK - ESCOLA MUNICIPAL,MONTE CRISTO,-9.91185,-63.06375,1575,46,0
2024,221,78,7,1473,PAULINA MAFINI - ESCOLA MUNICIPAL - DISTR JOELÂNDIA,DISTRITO DE JOELÂNDIA,-10.11832,-63.12784,304,-1,0
2024,222,78,7,1481,MIGRANTES - ESCOLA ESTADUAL,SETOR 01,-9.91585,-63.04138,2526,52,1
2024,223,78,7,1490,EVA DOS SANTOS DE OLIVEIRA - ESCOLA MUNICIPAL,SETOR 01,-9.91448,-63.04217,1205,41,1
2024,224,78,7,1503,CHAPEUZINHO VERMELHO - ESCOLA MUNICIPAL,SETOR 03,-9.90506,-63.04176,1266,41,0
2024,225,78,7,1511,ALBINA MARCIO SORDI - ESCOLA ESTADUAL,BNH,-9.90285,-63.04377,2843,41,1
2024,226,78,7,1520,JARDIM DAS PEDRAS - ESCOLA ESTADUAL,JARDIM JORGE TEIXEIRA,-9.92668,-63.03934,2884,35,0
2024,227,78,7,1538,CORA CORALINA - ESCOLA ESTADUAL,SETOR 05,-9.89884,-63.03757,5460,20,1
2024,228,78,7,1546,ALDEMIR DE LIMA CATANHEDE - ESCOLA MUNICIPAL,MARECHAL RONDON,-9.92569,-63.05587,1546,28,0
2024,229,78,7,1554,JORGE LUIZ MOULAZ - ESCOLA MUNICIPAL,ZONA RURAL (BR-364),-10.09764,-62.95969,415,-1,0
2024,230,78,7,1562,PADRE ANGELO SPADARI - ESCOLA MUNICIPAL - GARIMPO BOM FUTURO,DISTRITO DO GARIMPO DE BOM FUTURO,-9.81017,-63.53002,2020,-1,0
2024,231,78,7,1570,UNIR- FUNDAÇÃO UNIVERSIDADE FEDERAL DE RONDÔNIA,SETOR INSTITUCIONAL,-9.90105,-63.03435,1945,41,1
2024,232,94,11,1015,SANTO ANTONIO - COMUNIDADE - LINHA 09,ZONA RURAL 11,-11.37494,-61.37091,454,-1,0
2024,233,94,11,1023,BERNARDO GUIMARÃES - ESCOLA ESTADUAL,PRINCESA ISABEL,-11.43918,-61.44301,3507,80,0
2024,234,94,11,1031,PEDRO ÁLVARES CABRAL - ESCOLA MUNICIPAL - LINHA 09,ZONA RURAL 11,-11.26433,-61.37119,346,-1,0
2024,235,94,11,1040,NOSSA SENHORA APARECIDA - COMUNIDADE - LINHA 10,ZONA RURAL 11,-11.34272,-61.33429,323,-1,0
2024,236,94,11,1066,COOPEC - COOPERATIVA EDUCACIONAL DE CACOAL - ESCOLA PARTICULAR,CENTRO,-11.43602,-61.44907,1518,55,0
2024,237,94,11,1090,CORA CORALINA - ESCOLA ESTADUAL,CENTRO,-11.43759,-61.45125,1514,55,0
2024,238,94,11,1120,DANIEL BERG - ESCOLA PARTICULAR,JARDIM CLODOALDO NUNES DE ALMEIDA,-11.43279,-61.44846,1307,55,0
2024,239,94,11,1163,UNINASSAU CENTRO UNIVERS. MAURICIO DE NASSAU CACOAL (ANTIGA UNESC),INCRA,-11.44526,-61.43714,2214,64,0
2024,240,94,11,1228,MARIA MONTESSORI - ESCOLA MUNICIPAL - LINHA 10,ZONA RURAL 11,-11.17454,-61.33338,607,-1,0
2024,241,94,11,1252,MONTEIRO LOBATO - ESCOLA MUNICIPAL - LINHA 11,ZONA RURAL 11,-11.27679,-61.29671,589,-1,0
2024,242,94,11,1260,SANTO ANTONIO - COMUNIDADE - LINHA 11,ZONA RURAL 11,-11.39929,-61.29765,746,-1,0
2024,243,94,11,1287,NOSSA SENHORA DAS GRACAS - COMUNIDADE - LINHA 12,ZONA RURAL 11,-11.45057,-61.26056,193,-1,0
2024,244,94,11,1295,SAO PEDRO - COMUNIDADE - LINHA 12,ZONA RURAL 11,-11.29251,-61.25648,440,-1,0
2024,245,94,11,1317,TIRADENTES DA POLÍCIA MILITAR - UNIDADE IX - ESCOLA ESTADUAL,TEIXEIRAO,-11.43229,-61.43583,4404,86,0
2024,246,94,11,1325,SANTA LUZIA - COMUNIDADE - LINHA 13,ZONA RURAL 11,-11.44687,-61.22412,219,-1,0
2024,247,94,11,1341,NOSSA SENHORA APARECIDA - COMUNIDADE - LINHA 14,ZONA RURAL 11,-11.44225,-61.18785,203,-1,0
2024,248,94,11,1350,DOUTOR JOÃO DE DEUS SIMPLICIO - ESCOLA MUNICIPAL - LINHA 14,ZONA RURAL 11,-11.30838,-61.1872,689,-1,0
2024,249,94,11,1368,CRUZEIRO DO NORTE - ESCOLA MUNICIPAL - LINHA 21,ZONA RURAL 11,-11.37429,-61.14454,603,-1,0
2024,250,94,11,1384,SANTA RITA DE CÁSSIA - COMUNIDADE - LINHA 15A,ZONA RURAL 11,-11.20946,-61.09906,128,-1,0
2024,251,94,11,1392,SANTOS DUMONT - ESCOLA MUNICIPAL - LINHA 07,ZONA RURAL 11,-11.28891,-61.44353,406,-1,0
2024,252,94,11,1406,SANTO ANTONIO - COMUNIDADE - LINHA 08,ZONA RURAL 11,-11.25746,-61.40615,229,-1,0
2024,253,94,11,1414,FREI CANECA - ESCOLA ESTADUAL,VILAGE DO SOL I,-11.4192,-61.43336,3148,88,0
2024,254,94,11,1422,PRESIDENTE MEDICE - ESCOLA MUNICIPAL - LINHA 10,ZONA RURAL 11,-11.42506,-61.33446,469,-1,0
2024,255,94,11,1430,ANITA GARIBALDI - ESCOLA MUNICIPAL - LINHA 12,ZONA RURAL 11,-11.49074,-61.26124,240,-1,0
2024,256,94,11,1449,JOSINO BRITO - ESCOLA ESTADUAL,FLORESTA,-11.43337,-61.43102,3855,53,0
2024,257,94,11,1457,IZIDORO DE SOUZA MEIRELLES - ESCOLA ESTADUAL - ALDEIA PIN PAITER,ZONA RURAL 11,-11.10331,-61.36247,127,-1,0
2024,258,94,11,1473,TANCREDO NEVES - ESCOLA ESTADUAL - ALDEIA LA PETANHA,ZONA RURAL 11,-11.2212,-61.29746,177,-1,0
2024,259,94,11,1481,CLODOALDO NUNES DE ALMEIDA - ESCOLA ESTADUAL,JARDIM CLODOALDO NUNES DE ALMEIDA,-11.42471,-61.44932,4428,67,0
2024,260,94,11,1490,PAULO FREIRE - ESCOLA ESTADUAL DE ENSINO FUNDAMENTAL,TEIXEIRAO,-11.42578,-61.4333,2018,86,0
2024,261,94,11,1503,GRACILIANO RAMOS - ESCOLA ESTADUAL,RESIDENCIAL PARQUE BRIZON,-11.41764,-61.45678,3151,70,0
2024,262,94,11,1511,ANTONIO GONÇALVES DIAS - ESCOLA ESTADUAL,SANTO ANTONIO,-11.45243,-61.44152,1637,82,0
2024,263,94,11,1520,HONORINA LUCAS DE BRITO - ESCOLA ESTADUAL,NOVA ESPERANÇA,-11.42308,-61.46436,2444,75,1
2024,264,94,11,1538,CLÁUDIO MANOEL DA COSTA - ESCOLA MUNICIPAL,ZONA RURAL 11,-11.4812,-61.47405,927,-1,0
2024,265,94,11,1546,FUNDAÇÃO BRADESCO - PARTICULAR,CRISTAL DO ARCO IRIS,-11.43199,-61.46407,4425,59,0
2024,266,94,11,1554,CARLOS DRUMMOND DE ANDRADE - ESCOLA ESTADUAL,VISTA ALEGRE,-11.42881,-61.4744,4401,71,0
2024,267,94,11,1562,MARIA SOCORRO VIANA DE ALMEIDA - ESCOLA MUNICIPAL,HABITAR BRASIL 1 (MUTIRAO),-11.4223,-61.48016,2330,63,0
2024,268,94,11,1589,NOSSA SENHORA DO CARMO - ESCOLA MUNICIPAL,DISTRITO RIOZINHO,-11.51162,-61.35969,1833,-1,0
2024,269,94,11,1597,ESCOLA CARLOS GOMES - ESTADUAL,NOVO CACOAL,-11.42883,-61.45673,4126,75,0
2024,270,94,11,1600,JOSE MAURO DE VASCONCELOS - ESCOLA MUNICIPAL,ZONA RURAL 11,-11.52085,-61.5975,364,-1,0
2024,271,94,11,1619,MARIA AURORA DO NASCIMENTO - ESCOLA ESTADUAL,LIBERDADE,-11.44298,-61.45216,3019,73,0
2024,272,94,11,1627,AGUSTINHO GOES DE OLIVEIRA - ESCOLA MUNICIPAL,VISTA ALEGRE,-11.42445,-61.47256,3131,71,0
2024,273,94,11,1635,E.M.E.I.E.F. JOSÉ DE ALMEIDA E SILVA,CENTRO,-11.43544,-61.45052,1370,55,0
2024,274,94,11,1678,CENTRO DE EDUCAÇÃO INFANTIL DERCY GOMES RODRIGUES,GREENVILLE,-11.4297,-61.4849,313,87,0
2024,275,94,11,1686,CENTRO DE EDUCAÇÃO INFANTIL JOSINO BRITO,JOSINO BRITO,-11.41481,-61.47158,224,72,0
2024,276,94,11,1694,UBS SÃO MARCOS,LOT SÃO MARCOS,-11.38945,-61.38368,292,-1,1
2024,277,116,9,1031,MARECHAL CORDEIRO DE FARIAS - ESCOLA ESTADUAL,BNH,-11.6803,-61.17816,3647,213,0
2024,278,116,9,1040,SANDOVAL MEIRA - ESCOLA MUNICIPAL,DOS PIONEIROS,-11.67045,-61.19434,1509,219,1
2024,279,116,9,1058,RAIMUNDO EUCLIDES BARBOSA - ESCOLA ESTADUAL,DOS PIONEIROS,-11.67782,-61.19081,3310,219,0
2024,280,116,9,1090,ABAITARÁ - CENTRO TÉCNICO,ZONA RURAL,-11.72379,-61.47577,368,-1,0
2024,281,116,9,1163,FACULDADE ESTÁCIO DE PIMENTA BUENO - ESTÁCIO FAP,DOS PIONEIROS,-11.67316,-61.18808,1241,219,0
2024,282,116,9,1171,BOM SUCESSO - ESCOLA ESTADUAL,BELA VISTA,-11.65547,-61.18926,1783,219,1
2024,283,116,9,1201,NAIR BARROS - ESCOLA MUNICIPAL,VILA NOVA,-11.68547,-61.16528,2172,217,0
2024,284,116,9,1210,UNIAO DO CALCARIO - ESCOLA MUNICIPAL,ZONA RURAL,-11.69235,-60.64712,85,-1,0
2024,285,116,9,1228,DOMINICAL VITÓRIA - ESCOLA MUNICIPAL,ZONA RURAL,-11.88073,-60.84734,276,-1,0
2024,286,116,9,1236,LUIZ CABRAL DE SOUZA - ESCOLA POLO MUNICIPAL,SETOR DIMBA,-11.96385,-60.95679,708,-1,0
2024,287,116,9,1252,URUCUMACUA - ESCOLA MUNICIPAL,ZONA RURAL,-12.22823,-60.68409,241,-1,0
2024,288,116,9,1279,ORLANDO BUENO DA SILVA - ESCOLA ESTADUAL,NOVA PIMENTA,-11.68679,-61.16151,3272,218,0
2024,289,116,9,1317,AGUIA DOURADA - ESCOLA MUNICIPAL,ZONA RURAL,-11.69312,-60.54778,157,-1,0
2024,290,116,9,1325,PROFª LAIRCE SANTIAGO MAINA - ESCOLA MUNICIPAL,BNH,-11.68533,-61.17842,2010,213,0
2024,291,116,9,1333,PROF. VALDIR MONFREDINHO - ESCOLA ESTADUAL,CTG,-11.69201,-61.17049,1601,217,0
2024,292,116,9,1341,ASSUNTA MARIA GIANINI FAVALEÇA - ESCOLA MUNICIPAL,ITAPORANGA,-11.62874,-61.19758,827,-1,0
2024,293,116,9,1368,MARIA CONCEIÇÃO RAMOS DO A. CRIVELLI - ESCOLA MUNICIPAL,JARDIM DAS OLIVEIRAS,-11.6748,-61.19355,1144,219,1
2024,294,116,9,1376,MARIA JOSÉ ESCOBAR - ESCOLA MUNICIPAL,ENCONTRO DAS AGUAS,-11.68552,-61.15725,771,218,0
2024,295,116,9,1406,ROSANA CINTA LARGA - ESCOLA ESTADUAL,ALDEIA TENENTE MARQUES,-11.63887,-60.45139,76,-1,0
2024,296,116,9,1414,SESI PIMENTA BUENO,ALVORADA,-11.67775,-61.17968,2358,211,0
2024,297,132,4,1023,CECÍLIA MEIRELES - ESCOLA ESTADUAL,BODANESE,-12.73322,-60.15047,3000,305,0
2024,298,132,4,1082,MARECHAL RONDON - ESCOLA ESTADUAL,CENTRO,-12.74219,-60.1516,2999,308,0
2024,299,132,4,1090,MARIO GRASSO - ESCOLA MUNICIPAL,JARDIM VILHENA,-12.74014,-60.15731,1477,308,1
2024,300,132,4,1104,MARIZETI MENDES DE OLIVEIRA - ESCOLA ESTADUAL,CENTRO,-12.74418,-60.13634,1301,307,1
2024,301,132,4,1112,ALVARES DE AZEVEDO - ESCOLA ESTADUAL,CENTRO,-12.74303,-60.13837,1797,307,1
2024,302,132,4,1120,WILSON CAMARGO - ESCOLA ESTADUAL,CENTRO,-12.74005,-60.14634,3958,308,1
2024,303,132,4,1139,MACHADO DE ASSIS - ESCOLA ESTADUAL,SETOR INDUSTRIAL TANCREDO NEVES,-12.74773,-60.12016,2537,315,0
2024,304,132,4,1147,COLÉGIO MILITAR TIRADENTES (ZILDA) ESCOLA ESTADUAL,BNH,-12.73661,-60.11861,4680,308,0
2024,305,132,4,1236,TENENTE MELO - ESCOLA MUNICIPAL - CACHOEIRA,SÃO LOURENÇO - CACHOEIRA,-12.44674,-60.51406,250,-1,0
2024,306,132,4,1252,PROGRESSO - ESCOLA MUNICIPAL - GLEBA GUAPORE,PEROBAL,-12.98889,-60.40282,230,-1,0
2024,307,132,4,1260,CAMARA MUNICIPAL DE VILHENA,JARDIM AMÉRICA,-12.7356,-60.13367,3132,307,0
2024,308,132,4,1309,MARIA PAULINA DONADON - ESCOLA MUNICIPAL - NOVA CONQUISTA,NOVA CONQUISTA,-12.98559,-60.28622,626,-1,0
2024,309,132,4,1317,MARIA ARLETE TOLEDO - ESCOLA ESTADUAL,ALTO ALEGRE,-12.73235,-60.11308,3776,304,1
2024,310,132,4,1325,CRISTO REI - ESCOLA MUNICIPAL,CRISTO REI,-12.72656,-60.1468,4118,306,0
2024,311,132,4,1333,CASTELO BRANCO - ESCOLA MUNICIPAL - SETOR INDUSTRIAL,SETOR INDUSTRIAL TANCREDO NEVES,-12.75937,-60.10141,1319,313,1
2024,312,132,4,1341,GENIVAL NUNES - ESCOLA ESTADUAL,NOVA ESPERANçA,-12.72646,-60.11145,4005,311,0
2024,313,132,4,1350,RONALDO ARAGÃO - ESCOLA ESTADUAL,SANTO ANTÔNIO,-12.74201,-60.15963,1265,308,1
2024,314,132,4,1368,PAULO FREIRE - ESCOLA ESTADUAL,JARDIM ELDORADO,-12.73533,-60.12691,1581,308,0
2024,315,132,4,1376,IVETE BRUSTOLIN - ESCOLA MUNICIPAL,PARQUE INDUSTRIAL SÃO PAULO,-12.73967,-60.11362,4895,313,0
2024,316,132,4,1384,HERMOGENES ROBERTO NOGUEIRA - ESCOLA MUNICIPAL,JARDIM PRIMAVERA,-12.72503,-60.14235,2962,314,0
2024,317,132,4,1392,MARTIM LUTERO - ESCOLA MUNICIPAL,JARDIM AMÉRICA,-12.73134,-60.14262,2177,307,0
2024,318,132,4,1406,CEEJA - COLEGIO SUPLETIVO,JARDIM ELDORADO,-12.73384,-60.1283,1909,308,0
2024,319,132,4,1422,SHIRLEI CERUTTI - ESCOLA ESTADUAL,JARDIM DAS OLIVEIRAS,-12.7254,-60.13762,3405,314,0
2024,320,132,4,1430,VILMA VIEIRA - ESCOLA MUNICIPAL,COHAB,-12.72537,-60.1064,2640,311,0
2024,321,132,4,1449,IFRO - INSTITUTO FEDERAL DE RONDÔNIA,residencial santo dumont II,-12.70416,-60.11967,2801,312,1
2024,322,132,4,1457,IQUEZINHA - ESCOLA MUNICIPAL,GLEBA IQUE,-12.63472,-60.09385,404,-1,0
2024,323,132,4,1465,NOEME BARROS PEREIRA - ESCOLA MUNICIPAL,BODANESE,-12.73055,-60.15414,1410,310,1
2024,324,132,4,1473,OMAR GODOY - ESCOLA MUNICIPAL,JARDIM DAS OLIVEIRAS,-12.72906,-60.13303,866,314,0
2024,325,132,4,1481,APAE - ASSOCIAÇÃO DE PAIS E AMIGOS EXCEPCIONAIS,MARCOS FREIRE,-12.73053,-60.15213,1091,310,0
2024,326,132,4,1490,ESCOLA MUNICIPAL LUIZ EDUARDO SILVA ROVER,SETOR 29,-12.71871,-60.15304,354,306,1
2024,327,132,4,1503,ESCOLA MUNICIPAL JOSÉ PAULO PAES,MOYSÉS DE FREITAS,-12.71297,-60.14378,617,312,1
2024,328,132,4,1511,ESCOLA MUNICIPAL FELIPE ROCHA DE LIMA,RESIDENCIAL ALPHAVILLE,-12.73068,-60.09839,693,311,1
2024,329,132,4,1520,ESCOLA MUNICIPAL PROF. DIRCE BIANCHIN DE ÁVILA,BELA VISTA,-12.72746,-60.12338,465,304,1
2024,330,132,4,1538,ESCOLA PROF. LUIZ CARLOS PAULO ASSIS,PARQUE SÃO PAULO,-12.73776,-60.10938,605,313,0
2024,331,159,10,1015,CAPITAO SILVIO DE FARIAS - ESCOLA ESTADUAL,SETOR 02,-10.43897,-62.46837,4525,-1,0
2024,332,159,10,1031,OLGA DELLAIA - ESCOLA ESTADUAL,SETOR 02,-10.43958,-62.46687,3515,-1,0
2024,333,159,10,1040,PLACIDO DE CASTRO - ESCOLA ESTADUAL,SETOR 01,-10.42749,-62.47073,4415,-1,0
2024,334,159,10,1090,ASSOCIACAO DE PAIS E AMIGOS DOS EXCEPCIONAIS - APAE,SETOR 02,-10.44027,-62.45993,2544,-1,0
2024,335,159,10,1198,MARECHAL COSTA E SILVA - ESCOLA ESTADUAL,DISTRITO BOM JESUS,-10.31712,-62.24022,1102,-1,0
2024,336,159,10,1473,JEAN CARLOS MUNIZ - ESCOLA MUNICIPAL,SETOR 05,-10.42998,-62.4751,2987,-1,0
2024,337,159,10,1520,NILTON DE OLIVEIRA ARAUJO - ESCOLA ESTADUAL,SETOR 08,-10.45192,-62.45898,951,-1,0
2024,338,159,10,1554,PEDRO VIEIRA DE MELO -  ESCOLA ESTADUAL,DISTRITO TARILANDIA,-10.85847,-62.80001,2809,135,1
2024,339,159,10,1562,COLÉGIO TIRADENTES DA POLÍCIA MILITAR,SETOR 04,-10.43579,-62.48422,5542,-1,0
2024,340,159,10,1570,JOSE DE SOUZA SILVA - ESCOLA MUNICIPAL,DISTRITO TARILANDIA,-10.85639,-62.79614,713,135,0
2024,341,159,10,1589,DAYSE MARA DE O MARTINS - ESCOLA ESTADUAL,SETOR 06,-10.42095,-62.47644,5445,-1,0
2024,342,159,10,1597,ABRAO ROCHA - ESCOLA MUNICIPAL,SETOR 04,-10.44127,-62.47464,1262,-1,0
2024,343,159,10,1600,JARU-UARU - ESCOLA MUNICIPAL,DISTRITO JARU-UARU,-10.93668,-62.97858,758,-1,0
2024,344,159,10,1619,JOSUÉ MONTELLO - ESCOLA ESTADUAL,DISTRITO DE SANTA CRUZ DA SERRA,-10.65219,-62.58518,577,-1,0
2024,345,159,10,1627,GOVERNADOR JORGE TEIXEIRA - ESCOLA ESTADUAL,SETOR 07,-10.44941,-62.4817,1583,-1,0
2024,346,159,10,1635,MARIA DE LOURDES - ESCOLA MUNICIPAL,SETOR 07,-10.45103,-62.47731,2209,-1,0
2024,347,175,13,1066,CAMARA MUNICIPAL DE OURO PRETO DO OESTE,DA UNIAO,-10.72089,-62.2584,1294,208,0
2024,348,175,13,1074,COLÉGIO TIRADENTES DA POLÍCIA MILITAR - XII (ANTIGO 28 DE NOVEMBRO),DA UNIAO,-10.72096,-62.26108,5208,208,0
2024,349,175,13,1090,MONTEIRO LOBATO - ESCOLA ESTADUAL,DA LIBERDADE,-10.71578,-62.25937,2737,209,0
2024,350,175,13,1210,PROFESSORA MARIA DE MATOS E SILVA - ESCOLA ESTADUAL,DISTRITO DE RONDOMINAS,-10.51194,-61.99859,2119,-1,0
2024,351,175,13,1279,EMEF FERNANDO DE AZEVEDO  ,JARDIM NOVO HORIZONTE,-10.71449,-62.27099,2328,205,0
2024,352,175,13,1309,EMEF CORA CORALINA - HORÁCIO CARELLI,JARDIM NOVO ESTADO,-10.70996,-62.25967,2752,204,0
2024,353,175,13,1325,EEEFM JOAQUIM DE LIMA AVELINO ,JARDIM TROPICAL,-10.71911,-62.25209,3673,206,0
2024,354,175,13,1333,EMEF JOAQUIM NABUCO,JARDIM BANDEIRANTES,-10.72809,-62.2592,1950,200,0
2024,355,175,13,1341,COLÉGIO BENJAMIM CONSTANT - ESCOLA MUNICIPAL,JARDIM AEROPORTO II BOA ESPERANÇA,-10.73671,-62.24382,1313,202,0
2024,356,175,13,1350,AURELIO BUARQUE DE HOLANDA - ESCOLA ESTADUAL,JARDIM AEROPORTO,-10.72829,-62.25076,2889,202,0
2024,357,175,13,1368,CEEJA - PROFESSOR ANTONIO DE ALMEIDA - ESCOLA ESTADUAL ,ALVORADA,-10.71682,-62.24819,753,199,0
2024,358,175,13,1376,EEEF MARGARIDA CUSTÓDIO,ALVORADA,-10.71153,-62.24649,1119,201,0
2024,359,175,13,1384,ESCOLA EMEI SININHO,JARDIM BANDEIRANTES,-10.72636,-62.26191,366,203,0
2024,360,191,3,1015,PRESIDENTE EMÍLIO GARRASTAZU MÉDICI - ESCOLA ESTADUAL,LINO ALVES TEIXEIRA,-11.17195,-61.8967,2270,282,0
2024,361,191,3,1023,15 DE NOVEMBRO - ESCOLA ESTADUAL,CENTRO,-11.17125,-61.90615,2390,282,1
2024,362,191,3,1031,CDA - CARLOS DRUMMOND DE ANDRADE - ESCOLA ESTADUAL,CUNHA E SILVA,-11.1786,-61.90764,2115,280,1
2024,363,191,3,1040,PROFESSOR PAULO FREIRE - ESCOLA ESTADUAL,ERNANDES GONÇALVES,-11.16917,-61.90931,3409,281,1
2024,364,191,3,1058,DONA BENTA - ESCOLA ESTADUAL - DISTRITO NOVO RIACHUELO,DISTRITO NOVO RIACHUELO,-11.08407,-61.65938,620,-1,0
2024,365,191,3,1066,EMBURANA - ESCOLA ESTADUAL - DISTRITO ESTRELA DE RONDÔNIA,DISTRITO ESTRELA DE RONDONIA,-11.30464,-61.78186,1164,-1,0
2024,366,191,3,1074,APOLÔNIA ROSSI JAVARINI - ESCOLA ESTADUAL - VILA BANDEIRA BRANCA,VILA BANDEIRA BRANCA,-11.07878,-61.92063,497,-1,0
2024,367,191,3,1082,ASSOCIAÇÃO DE PRODUTORES RURAIS JULIA MARIA DA COSTA - AMARJUMAC,VILA CAMARGO,-11.12697,-61.97407,216,-1,0
2024,368,191,3,1090,CEEJA MARECHAL RONDON - SUPLETIVO - ESCOLA ESTADUAL,CENTRO,-11.16829,-61.90498,1247,279,1
2024,369,191,3,1104,PRIMEIROS TRAÇOS - ESCOLA MUNICIPAL,CUNHA E SILVA,-11.17302,-61.90732,766,280,1
2024,370,191,3,1112,FLORESTAN FERNANDES - ESCOLA MUNICIPAL - CHICO MENDES 1 - 4 LINHA,ASSENTAMENTO CHICO MENDES 1,-11.2833,-61.98489,468,-1,0
2024,371,191,3,1120,IRMÃ DOROTHY MÃE STANG - ESCOLA ESTADUAL - CHICO MENDES 3 - 6 LINHA,ASSENTAMENTO CHICO MENDES 3,-11.27131,-62.13114,250,-1,0
2024,372,191,3,1139,IGREJA CATÓLICA - COMUNIDADE NOSSA SENHORA DA GLÓRIA - LINHA 128,ZONA RURAL,-11.08026,-61.81882,238,-1,0
2024,373,191,3,1147,JUNQUEIRA FREIRE - ESCOLA MUNICIPAL - LINHA 140,ZONA RURAL,-11.16045,-61.71047,230,-1,0
2024,374,191,3,1163,RIO SÃO FRANCISCO - ESCOLA ESTADUAL - VILA SANTO ANTÔNIO,VILA SANTO ANTONIO,-11.08249,-62.11354,173,-1,0
2024,375,213,5,1015,ANGELINA DOS ANJOS - ESCOLA ESTADUAL,CENTRO,-12.43736,-64.23164,3038,-1,0
2024,376,213,5,1023,ILTON JOSE MARTINS - ESCOLA MUNICIPAL,DISTRITO SAO DOMINGOS DO GUAPORE,-12.07525,-64.02949,1168,-1,0
2024,377,213,5,1082,GOMES CARNEIRO - ESCOLA MUNICIPAL ,CENTRO,-12.44452,-64.22763,1519,-1,0
2024,378,213,5,1112,GENERAL SAMPAIO - ESCOLA MUNICIPAL,DISTRITO FORTE PRINCIPE DA BEIRA,-12.42608,-64.42421,181,-1,0
2024,379,213,5,1120,RAIMUNDO OLIVEIRA DE MESQUITA - ESCOLA ESTADUAL,SETOR 04,-12.43373,-64.22421,1316,-1,0
2024,380,213,5,1139,POLO - MARIA LUCINETE FIRMINO MIRANDA - ESCOLA MUNICIPAL,ZONA RURAL,-12.31204,-64.27132,398,-1,0
2024,381,213,5,1155,DARCY DA SILVEIRA - ESCOLA ESTADUAL,DISTRITO SAO DOMINGOS DO GUAPORE,-12.07406,-64.03338,1506,-1,0
2024,382,230,8,1015,MANUEL BANDEIRA - MANUEL BANDEIRA - COLEGIO,CENTRO,-13.11755,-60.53958,3423,108,0
2024,383,230,8,1023,PAULO DE ASSIS RIBEIRO - PAULO DE ASSIS RIBEIRO - COLEGIO,CENTRO,-13.12105,-60.54638,3060,99,0
2024,384,230,8,1066,CLAIR DA SILVA WEYH - ESCOLA MUNICIPAL,ZONA RURAL,-13.22859,-60.54475,542,-1,0
2024,385,230,8,1090,DEZESSEIS DE JUNHO - DEZESSEIS DE JUNHO - COLEGIO,CENTRO,-13.12828,-60.53589,2127,100,0
2024,386,230,8,1104,ANGELO ANGELIN - ESCOLA ESTADUAL,CENTRO,-13.1295,-60.54923,1593,105,0
2024,387,230,8,1120,JULIETA VILELA VELOSO - JULIETA VILELA VELOSO - COLEGIO,SANTA LUZIA,-13.11628,-60.55436,897,107,0
2024,388,230,8,1139,CEEJA - CENTRO DE ENSINO SUPLETIVO - ESCOLA ESTADUAL,CENTRO,-13.11945,-60.54728,1452,99,0
2024,389,230,8,1163,GETULIO VARGAS - GETULIO VARGAS - ESCOLA,DISTRITO NOVO COLORADO,-13.29682,-60.70189,306,-1,0
2024,390,230,8,1201,PLANALTO - ESCOLA PLANALTO,ZONA RURAL,-13.04331,-60.68763,274,-1,0
2024,391,230,8,1236,MARCOS DONADON - MARCOS DONADON - ESCOLA,SÃO JOSÉ,-13.10804,-60.5364,355,98,0
2024,392,256,12,1015,JEAN PIAGET - ESCOLA ESTADUAL,MORADA DO SOL,-11.52938,-61.0208,3755,115,0
2024,393,256,12,1023,07 DE SETEMBRO - ESCOLA ESTADUAL,CENTRO,-11.52643,-61.01337,3763,111,0
2024,394,256,12,1031,MARIA LOURENCO CASSIANO - ESCOLA ESTADUAL,NOVA ESPERANCA,-11.50398,-61.12999,637,-1,0
2024,395,256,12,1040,BRAS CUBAS - ESCOLA MUNICIPAL,CANELINHA,-11.46154,-60.9236,577,-1,0
2024,396,256,12,1058,TANCREDO DE ALMEIDA NEVES - ESCOLA ESTADUAL,BOA VISTA DO PACARANA,-11.00248,-60.84677,1248,-1,0
2024,397,256,12,1066,VINICIUS DE MORAES - ESCOLA ESTADUAL,CAIXA D'AGUA,-11.52104,-61.01558,1389,110,0
2024,398,256,12,1163,MARIA ROSA DE OLIVEIRA - ESCOLA MUNICIPAL,14 DE ABRIL,-11.40728,-60.75348,565,-1,0
2024,399,256,12,1171,DILSON BELO - ESCOLA MUNICIPAL,ZONA RURAL,-11.46143,-60.60243,209,-1,0
2024,400,256,12,1228,JERRIS ADRIANE TURATTI - ESCOLA ESTADUAL,VISTA ALEGRE,-11.53667,-61.01455,2838,119,0
2024,401,256,12,1252,SANTA ISABEL - IGREJA,ZONA RURAL,-11.67062,-60.85043,98,-1,0
2024,402,256,12,1279,BOM JESUS DA PAZ - IGREJA,ZONA RURAL,-11.57978,-60.74463,320,-1,0
2024,403,256,12,1317,PRODUTORES RURAIS - ASPROKAP - ASSOC,ZONA RURAL,-11.50359,-60.80332,222,-1,0
2024,404,256,12,1333,SAO PEDRO (RIBEIRÃO) - ASSOC - COMU,ZONA RURAL,-11.35914,-60.8976,211,-1,0
2024,405,256,12,1350,RIO CLARO -  ASSOC - QUADRA,ZONA RURAL,-11.38787,-60.96008,351,-1,0
2024,406,256,12,1376,SAO BENTO - IGREJA - COMU,ZONA RURAL,-11.17896,-60.79659,206,-1,0
2024,407,256,12,1414,TEOBALDO FERREIRA - ESCOLA MUNICIPAL,JORGE TEIXEIRA DE OLIVEIRA,-11.53906,-61.00531,2419,113,0
2024,408,256,12,1430,AURELIO BUARQUE DE HOLANDA - ESCOLA MUNICIPAL,SETOR CACHOEIRA,-11.53699,-60.71826,494,-1,0
2024,409,256,12,1473,SIMONE MOURA ROSA - ESCOLA MUNICIPAL,SAO JOSE,-11.53788,-61.02546,1696,118,0
2024,410,256,12,1481,FERNANDA SOUZA DE PAULA - ESCOLA ESTADUAL,LIBERDADE,-11.53109,-61.00693,1920,114,0
2024,411,256,12,1511,MARIA DI SANCTIS SANTOS - ESCOLA ESTADUAL,CIDADE ALTA,-11.51928,-61.01115,791,110,0
2024,412,256,12,1546,ROOSEVELT - ALDEIA INDÍGENA - CINTA LARGA,ALDEIA ROOSEVELT,-11.49127,-60.46533,234,-1,0
2024,413,272,16,1015,CASTRO ALVES - ESCOLA ESTADUAL,CENTRO,-13.18839,-60.82283,4081,97,1
2024,414,272,16,1023,FLORIANO PEIXOTO - ESCOLA ESTADUAL,CENTRO,-13.18937,-60.81866,1893,90,0
2024,415,272,16,1031,TANCREDO DE ALMEIDA NEVES - ESCOLA ESTADUAL,JARDIM SÃO PAULO,-13.19283,-60.8147,4276,96,0
2024,416,272,16,1058,JERÔNIMO GARCIA DE SANTANA - ESCOLA ESTADUAL,JOSÉ DE ANCHIETA,-13.19994,-60.81087,1554,89,1
2024,417,272,16,1082,ISABEL OLIVEIRA DE ALMEIDA - ESCOLA MUNICIPAL,FLORESTA,-13.19695,-60.82552,1389,92,0
2024,418,299,29,1015,ALUIZIO PINHEIRO FERREIRA - ESCOLA ESTADUAL,CENTRO,-11.72821,-61.77522,5356,288,0
2024,419,299,29,1031,NILSON SILVA - ESCOLA ESTADUAL,JARDIM TROPICAL,-11.72724,-61.76241,4266,291,0
2024,420,299,29,1040,TANCREDO DE ALMEIDA NEVES - ESCOLA ESTADUAL,BEIRA RIO,-11.73607,-61.77532,5680,284,0
2024,421,299,29,1066,CER - CENTRO EDUCACIONAL DE ROLIM DE MOURA,BOA ESPERANÇA,-11.73357,-61.78361,1192,285,0
2024,422,299,29,1074,MARIA DO CARMO DE OLIVEIRA RABELO - ESCOLA ESTADUAL,OLÍMPICO,-11.70922,-61.77338,3316,294,0
2024,423,299,29,1090,CARLOS DRUMOND DE ANDRADE - ESCOLA ESTADUAL,SÃO CRISTOVÃO,-11.72908,-61.78962,2932,296,0
2024,424,299,29,1104,JOSE ROSALES DOS SANTOS - ESCOLA ESTADUAL,DISTRITO NOVA ESTRELA,-11.72498,-61.55452,1680,-1,0
2024,425,299,29,1112,ULISSES GUIMARÃES - ESCOLA ESTADUAL,BOA ESPERANÇA,-11.7418,-61.79037,952,285,0
2024,426,299,29,1120,POLO FRANCISCA DURAN COSTA - ESCOLA MUNICIPAL,ZONA RURAL,-11.72605,-61.65888,449,-1,0
2024,427,299,29,1147,PROFESSOR DIONISIO QUINTINO - ESCOLA MUNICIPAL,BEIRA RIO,-11.73901,-61.77056,489,284,0
2024,428,299,29,1155,CEEJA - CENTRO ESTADUAL DE EDUCAÇÃO DE JOVENS E ADULTOS,PLANALTO,-11.72368,-61.78184,2411,288,0
2024,429,299,29,1163,COLÉGIO TIRADENTES DA POLÍCIA MILITAR - CTPM VIII - ESCOLA ESTADUAL,CIDADE ALTA,-11.71766,-61.79934,5357,289,0
2024,430,299,29,1171,CÂNDIDO PORTINARI - ESCOLA ESTADUAL,PLANALTO,-11.72396,-61.78309,5103,288,0
2024,431,299,29,1210,MONTEIRO LOBATO - ESCOLA ESTADUAL,PLANALTO,-11.71451,-61.78534,416,295,0
2024,432,299,29,1244,MARIA DE FÁTIMA DE OLIVEIRA - ESCOLA MUNICIPAL,SÃO CRISTOVÃO,-11.72959,-61.78814,1770,296,0
2024,433,310,17,1015,COLÉGIO TANCREDO DE  ALMEIDA  NEVES - ESCOLA ESTADUAL,PRINCESA ISABEL,-11.92442,-62.00323,2368,3,0
2024,434,310,17,1023,PEDRO ALEIXO - ESCOLA MUNICIPAL - DISTR VILA SANTO ANTÔNIO,DISTRITO VILA SANTO ANTONIO,-12.08878,-62.10503,1040,-1,0
2024,435,310,17,1074,EURIDICE LOPES PEDROSO - ESCOLA ESTADUAL,CENTRO,-11.92746,-61.99515,2087,0,0
2024,436,310,17,1082,ANA NERY - ESCOLA MUNICIPAL - DISTR ROLIM DE MOURA DO GUAPORE,DISTRITO DE ROLIM DE MOURA DO GUAPORÉ,-13.08366,-62.27712,375,-1,0
2024,437,310,17,1210,TIRADENTES DA POLÍCIA MILITAR (CTPM) - ESCOLA ESTADUAL,REDONDO,-11.93429,-62.00304,3878,4,0
2024,438,310,17,1236,JUSCELINO KUBITSCHEK DE OLIVEIRA - ESCOLA ESTADUAL,SANTA FELICIDADE,-11.9249,-61.98923,3414,5,0
2024,439,310,17,1244,IZIDORO STÉDILE - ESCOLA MUNICIPAL - DISTR IZIDOLÂNDIA,DISTRITO DE IZIDOLÂNDIA,-12.60324,-62.17523,554,-1,0
2024,440,310,17,1252,MARIA DE SOUZA PEGO - ESCOLA MUNICIPAL - DISTR NOVA GEAZA,DISTRITO DE NOVA GEAZA,-11.91792,-62.32096,397,-1,0
2024,441,310,17,1260,PADRE FEIJÓ - ESCOLA MUNICIPAL - DISTR FILADÉLFIA,DISTRITO DE FILADÉLFIA,-12.43688,-62.04247,318,-1,0
2024,442,310,17,1287,PROENC - JOSÉ BASILIO DA GAMA - ESCOLA MUNICIPAL,ZONA RURAL,-11.88532,-62.06719,226,-1,0
2024,443,310,17,1295,7 DE SETEMBRO - ESCOLA MUNICIPAL - SUCURI,ZONA RURAL,-12.04268,-62.17754,51,-1,0
2024,444,310,17,1309,BOATT GERAINNY - ESCOLA ESTADUAL - ALDEIA SÃO LUIZ,RESERVA INDÍGENA RIO BRANCO,-12.00521,-62.48836,184,-1,0
2024,445,310,17,1317,KON KOATT TUPARI - ESCOLA ESTADUAL - ALDEIA CAJUÍ,RESERVA INDÍGENA RIO BRANCO,-12.34724,-62.79646,151,-1,0
2024,446,310,17,1325,BOA ESPERANÇA - ESCOLA MUNICIPAL - DISTR VILA DO MARCÃO,VILA DO MARCÃO,-12.12975,-61.99305,549,-1,0
2024,447,310,17,1333,POTY - ESCOLA MUNICIPAL,ZONA RURAL,-12.04235,-62.03098,390,-1,0
2024,448,310,17,1341,MARTIM AFONSO DE SOUZA - ESCOLA MUNICIPAL,ZONA RURAL,-11.94888,-62.22946,176,-1,0
2024,449,310,17,1384,ANOMAE TUPARI - ESCOLA ESTADUAL - ALDEIA SERRINHA,RESERVA INDÍGENA RIO BRANCO,-12.08237,-62.60146,177,-1,0
2024,450,310,17,1392,FLORESTA ENCANTADA - ESCOLA MUNICIPAL,CIDADE ALTA,-11.93157,-61.98824,1851,1,0
2024,451,337,18,1015,HUMBERTO DE CAMPOS - ESCOLA ESTADUAL,TANCREDOPOLIS,-11.19495,-62.17591,1030,-1,0
2024,452,337,18,1031,MONTEIRO LOBATO - ESCOLA MUNICIPAL - DISTR TERRA BOA,TERRA BOA,-11.51141,-62.46024,958,-1,0
2024,453,337,18,1139,SANTA ANA - ESCOLA ESTADUAL,CENTRO,-11.34866,-62.28405,2496,-1,0
2024,454,337,18,1198,JOAQUIM XAVIER DE OLIVEIRA - ESCOLA ESTADUAL,CIDADE ALTA,-11.35254,-62.29466,2603,-1,0
2024,455,337,18,1210,MONTE ALEGRE - ESCOLA ESTADUAL,ALTO ALEGRE,-11.33277,-62.27792,571,-1,0
2024,456,337,18,1236,NOVO DESTINO - ESCOLA MUNICIPAL,ZONA RURAL,-11.22239,-62.41572,321,-1,0
2024,457,337,18,1244,PROFESSORA MATILDE DUTRA ROZO - ESCOLA MUNICIPAL,CTG,-11.35858,-62.28418,1520,-1,0
2024,458,337,18,1252,SENADOR DARCY RIBEIRO - ESCOLA MUNICIPAL,ZONA RURAL,-11.22333,-62.52416,233,-1,0
2024,459,337,18,1279,CENTRO EDUCACIONAL INFANTIL CRIANÇA FELIZ,CENTRO,-11.343,-62.28707,1252,-1,0
2024,460,353,19,1040,ASPRUBE - ASSOCIAÇÃO,ZONA RURAL,-12.12951,-61.74667,172,-1,0
2024,461,353,19,1082,JUSCELINO KUBITSCHEK - ESCOLA ESTADUAL - 1 E 2 GRAU,CENTRO,-11.90843,-61.77924,3198,297,0
2024,462,353,19,1090,IGREJA SAGRADO CORAÇÃO DE JESUS,ZONA RURAL,-11.90638,-61.54867,236,-1,0
2024,463,353,19,1287,JOSÉ RONALDO ARAGÃO - ESCOLA MUNICIPAL,SAÚDE,-11.90994,-61.77349,1927,303,0
2024,464,353,19,1333,MANOEL DE LIMA PAZ - ESCOLA MUNICIPAL,CENTRO,-11.90529,-61.77844,1504,298,0
2024,465,370,15,1015,AURELIO BUARQUE DE HOLANDA FERREIRA - ESCOLA ESTADUAL,SETOR 14,-11.72852,-62.32032,3072,-1,0
2024,466,370,15,1023,ALEXANDRE DE GUSMÃO - ESCOLA ESTADUAL,SETOR 13,-11.72846,-62.30698,2970,-1,0
2024,467,370,15,1031,ROCHA POMBO - ESCOLA ESTADUAL,SETOR 15,-11.71992,-62.32681,2488,-1,0
2024,468,370,15,1058,MACHADO DE ASSIS - ESCOLA MUNICIPAL,SETOR 14,-11.72012,-62.3172,2247,-1,0
2024,469,370,15,1066,CEEJA - CECILIA MEIRELES - ESCOLA ESTADUAL,SETOR 14,-11.72335,-62.32075,1573,-1,0
2024,470,370,15,1074,ANA CAROLINA DALLA COSTA - ESCOLA MUNICIPAL,SETOR 14,-11.72357,-62.31973,846,-1,0
2024,471,370,15,1082,ASSOCIAÇÃO DOS PRODUTORES RURAIS,ZONA RURAL,-11.32548,-62.02525,248,-1,0
2024,472,396,32,1015,PADRE ANGELO CERRI - ESCOLA MUNICIPAL,NUCLEO RURAL TABAJARA,-8.93331,-62.0559,499,-1,0
2024,473,396,32,1023,ALBERTO NEPOMUCENO - ESCOLA ESTADUAL,CENTRO,-9.42747,-62.00592,3451,182,1
2024,474,396,32,1031,JOAQUIM PEREIRA DA ROCHA - ESCOLA ESTADUAL,CENTRO,-9.42439,-61.99529,4203,191,0
2024,475,396,32,1058,VISCONDE DO RIO BRANCO - ESCOLA MUNICIPAL,DISTRITO 5º BEC,-9.68553,-62.20986,1482,-1,0
2024,476,396,32,1066,CARLOS CHAGAS - ESCOLA MUNICIPAL - ORIENTE NOVO,NÚCLEO RURAL ORIENTE NOVO,-9.58978,-62.39387,173,-1,0
2024,477,396,32,1074,ESCOLA VALDOMIRO FRANCISCO DE OLIVEIRA,DISTRITO 5º BEC,-9.6873,-62.20739,1956,-1,0
2024,478,396,32,1082,CEEJA PAULO FREIRE - ESCOLA ESTADUAL,CENTRO,-9.42563,-61.9983,3139,181,0
2024,479,396,32,1090,ROBERTO MARINHO - ESCOLA MUNICIPAL,NÚCLEO RURAL MA 16,-9.68102,-61.97974,294,-1,0
2024,480,396,32,1104,JOVINA DE CARVALHO RIBEIRO - ESCOLA MUNICIPAL,CENTRO,-9.42956,-62.00137,2378,185,0
2024,481,396,32,1112,JOÃO PAULO II - ESCOLA MUNICIPAL,AREA RURAL,-9.17468,-61.7285,338,-1,0
2024,482,396,32,1120,TOM JOBIM - ESCOLA MUNICIPAL,AREA RURAL,-9.25018,-61.82277,348,-1,0
2024,483,396,32,1139,ESCOLA VIVALDINO FERNANDES DE AVILA,DISTRITO ESTRELA AZUL,-9.41952,-62.01158,2139,192,0
2024,484,396,32,1147,HERMÍNIA CASTOLDI DE OLIVEIRA-ESCOLA MUNICIPAL,AREA RURAL,-9.37413,-62.23316,597,-1,0
2024,485,396,32,1155,BOM FUTURO - ESCOLA MUNICIPAL,BOM FUTURO,-9.42061,-61.9847,1493,180,0
2024,486,396,32,1163,MARIA CONCEIÇÃO DE SOUZA - ESCOLA ESTADUAL,UNIAO,-9.43068,-61.99426,1400,191,1
2024,487,396,32,1171,ESCOLA POLO AMIGOS DO CAMPO - ESCOLA MUNICIPAL,NÚCLEO RURAL AMIGOS DO CAMPO,-9.46598,-62.25673,720,-1,0
2024,488,396,32,1210,ESCOLA ANTONIO FRANCISCO LISBOA,CEDRO JEQUITIBÁ,-9.58789,-62.28094,137,-1,0
2024,489,396,32,1228,ASSOCIAÇÃO DOS PEQUENOS PRODUTORES RURAIS DO PA,NÚCLEO RURAL ORIENTE NOVO,-9.58978,-62.39387,175,-1,1
2024,490,418,35,1015, ESCOLA ESTADUAL - PRINCESA ISABEL,CENTRO,-11.69684,-62.71737,5419,316,0
2024,491,418,35,1023,ESCOLA ESTADUAL - DEONILDO CARAGNATTO,CRISTO REI,-11.69083,-62.71355,3446,317,0
2024,492,418,35,1031,ESCOLA MUNICIPAL - PRIMAVERA - SANTANA,SANTANA DO GUAPORÉ,-11.72607,-62.49389,2168,-1,0
2024,493,418,35,1058,ESCOLA MUNICIPAL - LAZARA ALVES DE LIMA,PLANALTO,-11.68572,-62.71404,3514,321,0
2024,494,418,35,1066,ESCOLA MUNICIPAL - TIO TECO,CRISTO REI,-11.68952,-62.71423,2459,317,0
2024,495,418,35,1082,ALDEIA INDÍGENA TRINDADE - RESERVA NO RIO BRANCO,ZONA RURAL,-12.09342,-62.61303,46,-1,0
2024,496,434,1,1171,E.E.E.F.M. CASIMIRO DE ABREU,CENTRO,-10.41231,-65.32923,3879,328,0
2024,497,434,1,1180,MARIA ALEUDA LH 8 D - MUNICIPAL,LINHA 8 D,-10.39356,-65.18879,469,-1,0
2024,498,434,1,1228,E.M.E.I.F. NAPOLEÃO LOBO DE MIRANDA,DISTRITO DE ARARAS,-10.06011,-65.31808,489,-1,0
2024,499,434,1,1236,LUCIANA MARONARI LH20 - ESCOLA MUNICIPAL,DISTRITO DE PALMEIRAS,-10.38002,-64.97135,1375,-1,0
2024,500,434,1,1244,ONORINA DE SOUZA - LH 28 - MUNICIPAL,DISTRITO DE NOVA DIMENSAO,-10.36496,-64.80397,2424,-1,0
2024,501,434,1,1287,SALOMAO SILVA - ESTADUAL,CIDADE NOVA,-10.41623,-65.33543,2116,325,0
2024,502,434,1,1295,JORGE TEIXEIRA - ESCOLA MUNICIPAL,PLANALTO,-10.40519,-65.33091,1691,330,0
2024,503,434,1,1309,OSVALDO RIBEIRO DO NASCIMENTO -  ESCOLA MUNICIPAL,LINHA 34 D,-10.27095,-64.28243,337,-1,0
2024,504,434,1,1333,E.M.E.I.F. MARECHAL CANDIDO RONDON ,3ª LINHA DO RIBEIRÃO,-10.13426,-65.17987,1276,-1,0
2024,505,434,1,1341,EDUARDO VALVERDE - ESCOLA MUNICIPAL,NOVA REDENCAO,-10.42268,-65.33318,1223,326,0
2024,506,434,1,1350,E.E.E.F.M. PROFª MARIA LAURINDA GROFF,DISTRITO DE NOVA DIMENSAO,-10.36964,-64.80462,2067,-1,0
2024,507,434,1,1368,E.E.E.F.M. PEDRO MENDES CARDOSO,DISTRITO JACINOPOLIS,-10.27095,-64.28243,2870,-1,0
2024,508,450,8,1015,CHICO MENDES - CHICO MENDES - COLEGIO,DISTRITO ESTRELA DO OESTE,-13.40669,-60.69333,289,-1,0
2024,509,450,8,1040,JOSÉ DE ANCHIETA - COLEGIO,CENTRO,-13.49361,-60.54522,2562,-1,0
2024,510,450,8,1074,PLANALTO - COLEGIO PLANALTO,DISTRITO PLANALTO SAO LUIZ,-13.37441,-60.41676,507,-1,0
2024,511,450,8,1163,CHICO SOLDADO - CHICO SOLDADO - ESCOLA MUNICIPAL DE EDUCAÇÃO INFANTIL,CENTRO,-13.48877,-60.54509,1648,-1,0
2024,512,477,21,1015,TEODORO DE ASSUNCAO - ESCOLA ESTADUAL,SANTA ISABEL,-8.79821,-63.71144,1616,337,0
2024,513,477,21,1023,DOM JOAO BATISTA COSTA - ESCOLA MUNICIPAL,UNIÃO,-8.79165,-63.70001,4549,334,0
2024,514,477,21,1031,JONATHAS COELHO NEIVA - ESCOLA MUNICIPAL,DISTRITO TRIUNFO,-9.27948,-63.46997,1064,-1,0
2024,515,477,21,1040,CARLOS DRUMOND DE ANDRADE - ESCOLA ESTADUAL,UNIÃO,-8.79526,-63.70481,3693,339,0
2024,516,477,21,1058,JAIME BACESSAT - ESCOLA ESTADUAL,SATÉLITE,-8.79507,-63.70843,3667,338,0
2024,517,477,21,1066,ALBINO BUTTNER - ESCOLA ESTADUAL,DISTRITO TRIUNFO,-9.27656,-63.46865,2022,-1,0
2024,518,477,21,1074,PRE ESCOLA FRANCISCO ALVES DA SILVA,PALHEIRAL,-8.78205,-63.69963,626,336,0
2024,519,477,21,1082,MÁRIO COVAS - ESCOLA MUNICIPAL,DISTRITO VILA NOVA SAMUEL,-8.65818,-63.41232,1695,-1,0
2024,520,477,21,1090,CANDIDO GIACOMETT - ESCOLA MUNICIPAL,PROJETO DE ASSENTAMENTO FLOR DO AMAZONAS,-8.98001,-63.58305,747,-1,0
2024,521,477,21,1104,JEQUITIBÁ - ESCOLA MUNICIPAL,PROJETO DE ASSENTAMENTO JEQUITIBÁ,-8.68551,-63.18276,304,-1,0
2024,522,477,21,1112,VOVÓ GINOCA - ESCOLA MUNICIPAL,UNIÃO,-8.79433,-63.70636,725,339,0
2024,523,477,21,1120,MARIA GORETE ALVES SOUZA - ESCOLA MUNICIPAL,SANTA LETÍCIA,-8.79037,-63.69507,694,334,1
2024,524,493,2,1015,DR CUSTÓDIO - ESCOLA MUNICIPAL,CENTRO,-9.19019,-63.18892,1873,-1,0
2024,525,493,2,1023,CECÍLIA MEIRELES - ESCOLA MUNICIPAL,ZONA RURAL,-9.28507,-63.2024,485,-1,0
2024,526,493,2,1031,PAULO FREIRE - ESCOLA ESTADUAL,CENTRO,-9.18589,-63.18685,3168,-1,0
2024,527,493,2,1040,SOSSEGO DA MAMÃE - ESCOLA MUNICIPAL,CENTRO,-9.18496,-63.18607,874,-1,0
2024,528,493,2,1058,JOAO FRANCISCO CORREIA - ESCOLA ESTADUAL,CENTRO,-9.18511,-63.19122,880,-1,0
2024,529,515,15,1015,MARECHAL CÂNDIDO RONDON - ESCOLA ESTADUAL,CENTRO,-11.70671,-61.99982,3930,-1,0
2024,530,515,15,1023,AMÉRICO BRASILIENSE - ESCOLA ESTADUAL,DISTRITO MIGRANTINÓPOLIS,-11.72743,-62.14708,3258,-1,0
2024,531,531,15,1015,EUGÊNIO LAZARIN - ESCOLA MUNICIPAL,DISTRITO JARDINÓPOLIS,-11.50007,-61.88748,1559,-1,0
2024,532,531,15,1023,FRANCISCA JULIA DA SILVA - ESCOLA ESTADUAL,BAIRRO CENTRO,-11.43059,-61.9473,2064,-1,0
2024,533,558,28,1023,ESCOLA ESTADUAL - TUBARAO,CENTRO,-10.42741,-62.13328,2636,-1,0
2024,534,558,28,1031,CENTRO EDUCACIONAL PROFESSORA MARIA MATILDE- ESCOLA MUNICIPAL,CENTRO,-10.4279,-62.12918,1332,-1,0
2024,535,558,28,1040,ESCOLA MUNICIPAL JORGE TEIXEIRA,DISTRITO SANTA ROSA,-10.19765,-62.01905,587,-1,0
2024,536,558,28,1066,ESCOLA MUNICIPAL DE ENSINO FUNDAMENTAL PROFESSORA IVONETE VENÂNCIO,SETOR 04,-10.42966,-62.12338,1229,-1,0
2024,537,566,18,1015,WALDEMAR HIGINO DE SOUZA - ESCOLA MUNICIPAL,SETOR 1 - SUMAUMA,-11.13522,-62.36525,1682,354,0
2024,538,566,18,1023,ADEILDO MARTINS - ESCOLA MUNICIPAL,SETOR 4 - ALTO ALEGRE,-11.12078,-62.37496,3003,350,0
2024,539,566,18,1031,ALTAMIR BILLYS SOARES - ESCOLA ESTADUAL,SETOR 3 - NOVO HORIZONTE,-11.1254,-62.37119,3676,352,0
2024,540,566,18,1066,OLIVEIRA PAIVA - ESCOLA MUNICIPAL,ZONA RURAL,-11.03892,-62.22082,371,-1,0
2024,541,566,18,1082,NOVA ESTRELA - ESCOLA MUNICIPAL - DISTR NOVA ALIANÇA,NOVA ALIANÇA,-11.19003,-62.48772,571,-1,0
2024,542,574,28,1015,ESCOLA ESTADUAL MIGRANTES,CENTRO,-11.02904,-62.67672,2062,-1,0
2024,543,574,28,1031,ESCOLA MUNICIPAL PROFESSOR EDSON DUARTE LOPES,CENTRO,-11.02897,-62.66573,2189,-1,0
2024,544,574,28,1040,ESCOLA ESTADUAL FLORIZEL LAMEGO FERRARI,CENTRO,-11.03182,-62.66448,2428,-1,0
2024,545,574,28,1066,ESCOLA INDÍGENA AMONDAWA,ALDEIA URU-EU-WAU-WAU,-11.06524,-62.95268,172,-1,0
2024,546,574,28,1074,ESCOLA MUNICIPAL DE ENSINO INFANTIL E FUNDAMENTAL ARQUIMEDES FERNANDES,CENTRO,-11.03822,-62.67404,1664,-1,0
2024,547,582,35,1015,ESCOLA ESTADUAL - RUI BARBOSA DE OLIVEIRA,CENTRO,-11.77201,-63.03755,1987,349,0
2024,548,582,35,1023,ESCOLA ESTADUAL - OSWALDO PIANA,CRISTO REI,-11.76872,-63.03373,3546,347,0
2024,549,582,35,1031,ESCOLA MUNICIPAL - JOSE DO PATROCINIO - BOM SUCESSO,BOM SUCESSO,-11.8244,-62.9233,1045,-1,0
2024,550,582,35,1040,ESCOLA MUNICIPAL - PRINCESA ISABEL - PLANALTO,NOVO PLANALTO,-11.90169,-63.09653,1535,-1,0
2024,551,582,35,1058,ESCOLA MUNICIPAL - VENCESLAU BRÁS,MENDES JUNIOR,-11.84256,-63.16498,491,-1,0
2024,552,582,35,1066,COMUNIDADE IMACULADA CONCEIÇÃO,VILA GUARUJÁ,-11.86737,-62.98996,229,-1,0
2024,553,582,35,1074,ESCOLA MUNICIPAL - PINÓQUIO,CRISTO REI,-11.77148,-63.03383,787,347,0
2024,554,590,27,1023,PAPA PAULO VI - ESCOLA MUNICIPAL,ZONA RURAL,-10.28063,-62.49378,366,-1,0
2024,555,590,27,1031,ESCOLA PRIMAVERA - ESCOLA ESTADUAL,CENTRO,-10.24639,-62.34972,3665,-1,0
2024,556,590,27,1040,MANOEL RIBEIRO - ESCOLA MUNICIPAL,DISTRITO VILA PALMARES DO OESTE,-10.02969,-62.34916,2011,-1,0
2024,557,590,27,1058,JOÃO MARQUES FERREIRA - ESCOLA MUNICIPAL,ZONA RURAL,-10.19191,-62.28055,522,-1,0
2024,558,590,27,1066,JOSILEI DA SILVA NASCIMENTO - ESCOLA MUNICIPAL,ZONA RURAL,-10.09912,-62.22228,746,-1,0
2024,559,590,27,1082,ESCOLA JOSUÉ DE CASTRO - ESCOLA MUNICIPAL (P. A. ANT. CONS.),ZONA RURAL,-10.04685,-62.47143,570,-1,0
2024,560,604,11,1015,NILO COELHO - ESCOLA ESTADUAL,CENTRO,-11.19572,-61.51895,3240,-1,0
2024,561,604,11,1023,CECÍLIA MEIRELES - ESCOLA MUNICIPAL,CENTRO,-11.19747,-61.52003,1307,-1,0
2024,562,604,11,1031,BALÃO MÁGICO - ESCOLA MUNICIPAL,CENTRO,-11.1978,-61.52002,1106,-1,0
2024,563,604,11,1040,QUINTINO BOCAIÚVA - ESCOLA MUNICIPAL,ZONA RURAL,-11.20767,-61.61954,328,-1,0
2024,564,604,11,1058,AMADO FONTES - ESCOLA MUNICIPAL,ZONA RURAL,-11.106,-61.44482,340,-1,0
2024,565,612,27,1023,COSTA JUNIOR - ESCOLA ESTADUAL,CENTRO,-10.61228,-62.73246,2268,342,0
2024,566,612,27,1031,ESCOLA MUNICIPAL - JOSÉ SERAFIM BARBOSA,DISTRITO COLINA VERDE,-10.54208,-63.0178,2237,-1,0
2024,567,612,27,1040,FERNAO DIAS PAES - ESCOLA MUNICIPAL,COMUNIDADE RURAL DE SÃO VICENTE,-10.71916,-62.881,405,-1,0
2024,568,612,27,1058,POSTO DE SAÚDE VALDIRÃO - LH 621 KM 62,ZONA RURAL,-10.77287,-62.93476,573,-1,0
2024,569,612,27,1066,ARMINDO FERREIRA FRAGA - ESCOLA MUNICIPAL,CENTRO,-10.61794,-62.72921,1661,341,0
2024,570,612,27,1074,ANTONIO AUGUSTO DE LIMA - ESCOLA MUNICIPAL,ZONA RURAL,-10.71696,-62.95722,248,-1,0
2024,571,620,26,1023,FREI HENRIQUE DE COIMBRA - ESCOLA ESTADUAL,SETOR 01,-10.34315,-62.90135,2337,-1,0
2024,572,620,26,1031,NELSO ALQUIERI - ESCOLA MUNICIPAL,SETOR 05,-10.33818,-62.89871,1097,-1,0
2024,573,620,26,1040,VALDIR ALBERTON - ESCOLA MUNICIPAL - TRAVESSÃO B-40,ZONA RURAL,-10.24883,-63.13005,340,-1,0
2024,574,620,26,1058,WALDEMIRO DA SILVA MOURA - ESCOLA MUNICIPAL - CUNHA DO MARECHAL,ZONA RURAL,-10.31298,-62.7442,352,-1,0
2024,575,639,25,1015,LAURINDO RABELO - ESCOLA ESTADUAL,CENTRO,-9.72025,-63.31697,4793,-1,0
2024,576,639,25,1031,ROGÉRIO DA SILVA GONÇALVES - ESCOLA MUNICIPAL,CENTRO,-9.72641,-63.31557,2673,-1,0
2024,577,639,25,1040,SANTA MARCELINA - ESCOLA MUNICIPAL,CENTRO,-9.71884,-63.3202,2159,-1,0
2024,578,639,25,1058,POSTO DE SAÚDE - DISTRITO DE VILA NOVA,DISTrito VILA NOVA,-9.52443,-63.07977,109,-1,0
2024,579,639,25,1066,UNIÃO DO ALTO ALEGRE - ESCOLA MUNICIPAL,zona RURAL,-9.71396,-63.51558,632,-1,0
2024,580,639,25,1074,MAURÍCIO DE NASSAU - ESCOLA MUNICIPAL - LINHA C-110,zona RURAL,-9.48698,-63.41775,646,-1,0
2024,581,639,25,1082,PADRE ANGELO SPADARI - ESCOLA MUNICIPAL - LINHA C-100,zona RURAL,-9.57438,-63.34223,426,-1,0
2024,582,639,25,1112,CUSTÓDIO GABRIEL FILHO - ESCOLA ESTADUAL DE ENSINO FUNDAMENTAL,JARDIM ALVORADA II,-9.71784,-63.31299,960,-1,0
2024,583,647,26,1023,FRANCISCO MIGNONE - ESCOLA ESTADUAL,SETOR 01,-9.70381,-62.89879,3811,-1,0
2024,584,655,16,1015,PROFESSOR LUIZ BENVENOTO DALA COSTA - ESCOLA MUNICIPAL,DISTRITO DE ALTO GUARAJUS,-12.96254,-60.88409,598,-1,0
2024,585,655,16,1023,COLINA VERDE - ESCOLA ESTADUAL,DISTRITO DE RONDOLANDIA,-13.01205,-60.82129,456,-1,0
2024,586,655,16,1031,OSWALDO PIANNA - ESCOLA ESTADUAL,CENTRO,-12.99626,-60.94937,1730,-1,0
2024,587,655,16,1040,MARECHAL RONDON - ESCOLA ESTADUAL,DISTRITO DE VITORIA DA UNIAO,-13.00993,-61.12603,1074,-1,0
2024,588,655,16,1058,NIVALDO RODRIGUES DA SILVA - UNIDADE BÁSICA DE SAÚDE,DISTRITO DE VERDE SERINGAL,-12.87161,-60.72573,268,-1,0
2024,589,655,16,1074,MUNDO MAGICO - ESCOLA MUNICIPAL,CENTRO,-12.99964,-60.93823,1715,-1,0
2024,590,663,25,1015,MATO GROSSO - ESCOLA ESTADUAL,SETOR 01,-10.26344,-63.299,3387,-1,0
2024,591,663,25,1023,AURELIO BUARQUE DE HOLANDA FERREIRA - ESCOLA ESTADUAL,SETOR 01,-10.26314,-63.29864,3777,-1,0
2024,592,663,25,1040,MARIA DE ABREU BIANCO - ESCOLA MUNICIPAL,SETOR 03,-10.25443,-63.29734,2088,-1,0
2024,593,663,25,1058,MÁRIO PALMÉRIO - ESCOLA MUNICIPAL - DISTR MASSANGANA,DISTRITO DE MASSANGANA,-10.02478,-63.28773,760,-1,0
2024,594,663,25,1066,FRANCISCO DOS SANTOS - ESCOLA MUNICIPAL,ZONA RURAL,-10.16042,-63.31784,586,-1,0
2024,595,671,34,1015,15 DE OUTUBRO - ESCOLA ESTADUAL,SETOR 02,-10.571,-63.61809,2614,-1,0
2024,596,671,34,1023,CASSIANO RICARDO - ESCOLA MUNICIPAL,CENTRO,-10.57108,-63.62227,1232,-1,0
2024,597,671,34,1031,RIO BRANCO - ESCOLA MUNICIPAL - DISTR CAMPO NOVO,VILA RIO BRANCO,-10.26428,-64.06112,1773,-1,0
2024,598,671,34,1040,TANCREDO NEVES II - ESCOLA MUNICIPAL - DISTR CAMPO NOVO,VILA UNIAO,-10.34179,-63.65577,1209,-1,0
2024,599,671,34,1066,7 DE SETEMBRO - ESCOLA MUNICIPAL - DISTR TRÊS COQUEIROS,AREA RURAL,-10.44498,-63.97305,998,-1,0
2024,600,680,26,1015,ANTONIO FRANCISCO LISBOA - ESCOLA ESTADUAL,SETOR 03,-9.36795,-62.58412,3797,-1,0
2024,601,680,26,1023,PEQUENO PRÍNCIPE - ESCOLA MUNICIPAL,SETOR 02,-9.36883,-62.58227,5258,-1,0
2024,602,680,26,1031,ANTONIO FREDERICO DE CASTRO ALVES - ESCOLA MUNICIPAL - AMÉRICO VENTURA,ZONA RURAL,-9.47824,-63.0111,254,-1,0
2024,603,680,26,1040,TEOTÔNIO BRANDÃO VILELA - ESCOLA MUNICIPAL - CASTANHEIRAS,ZONA RURAL,-9.48379,-62.65756,560,-1,0
2024,604,680,26,1058,ALUÍSIO BECKER - ESCOLA MUNICIPAL,SETOR 01,-9.36239,-62.58039,1748,-1,0
2024,605,698,32,1015,BARTOLOMEU LOURENCO DE GUSMAO-ESCOLA ESTADUAL,CENTRO,-9.85716,-62.17374,3002,-1,0
2024,606,698,32,1023,DARCI RIBEIRO-ESCOLA MUNICIPAL,CENTRO,-9.86349,-62.17543,2979,-1,0
2024,607,698,32,1031,ORIBE ANTONIO DOS SANTOS-ESCOLA MUNICIPAL-NÚCLEO SÃO MARCOS,NUCLEO RURAL SAO MARCOS,-9.66958,-62.10137,741,-1,0
2024,608,701,19,1015,JOSÉ CESTARI - ESCOLA MUNICIPAL,CENTRO,-12.18066,-61.60169,3014,-1,0
2024,609,701,19,1023,ASSOCIAÇÃO RURAL - ASPRUNO,ZONA RURAL,-12.45937,-61.61707,129,-1,0
2024,610,701,19,1040,ANTONIO CANDIDO DA SILVEIRA- ESCOLA MUNICIPAL,ZONA RURAL,-12.31487,-61.54371,98,-1,0
2024,611,701,19,1074,POSTO DE SAÚDE DA ZONA RURAL,ZONA RURAL,-12.23972,-61.48925,238,-1,0
2024,612,701,19,1082,DOM PEDRO II - ESCOLA MUNICIPAL,ZONA RURAL,-12.32373,-61.2866,329,-1,0
2024,613,701,19,1112,ASSENTAMENTO FLOR DA SELVA,ZONA RURAL,-12.08729,-61.39891,244,-1,0
2024,614,710,19,1031,FELIPE CAMARAO - ESCOLA ESTADUAL,CENTRO,-11.90867,-61.51154,2666,-1,0
2024,615,710,19,1112,COMUNIDADE SÃO JOÃO - IGREJA,ZONA RURAL,-11.90585,-61.41911,341,-1,0
2024,616,710,19,1171,IGREJA SÃO LUIZ REIS,ZONA RURAL,-11.86608,-61.48815,217,-1,0
2024,617,710,19,1201,ORLINDO GONÇALVES DA ROCHA - ESCOLA MUNICIPAL,CENTRO,-11.79897,-61.47393,1398,-1,0
2024,618,728,9,1015,JOSE ANTONIO RODRIGUES - ESCOLA MUNICIPAL,CENTRO,-11.83089,-61.31864,719,-1,0
2024,619,728,9,1023,JOSE SEVERINO DOS SANTOS - ESCOLA ESTADUAL,CENTRO,-11.8327,-61.31784,1588,-1,0
2024,620,728,9,1031,ESTÁCIO DE SÁ - ESCOLA ESTADUAL,QUERENCIA DO NORTE,-11.97502,-61.37681,737,-1,0
2024,621,736,19,1015,ARTUR COSTA E SILVA - ESCOLA ESTADUAL,CENTRO,-12.13567,-61.85861,4139,-1,0
2024,622,736,19,1023,FERNANDO SABINO - ESCOLA MUNICIPAL,DISTRITO FLOR DA SERRA,-12.457,-61.91417,579,-1,0
2024,623,736,19,1040,PAULO FREIRE - ESCOLA MUNICIPAL,CENTRO,-12.13463,-61.85473,4055,-1,0
2024,624,736,19,1066,JOÃO PAULO I - ESCOLA MUNICIPAL,ZONA RURAL,-12.50793,-61.61932,167,-1,0
2024,625,744,28,1023,ESCOLA ESTADUAL - MARIA GORETTI,CENTRO,-10.91603,-62.55451,2628,-1,0
2024,626,744,28,1031,ESCOLA MUNICIPAL - MARCOS ADRIANO ISSLER,CENTRO,-10.91488,-62.55471,1398,-1,0
2024,627,744,28,1040,ESCOLA MUNICIPAL - MANOEL FRANCISCO DE OLIVEIRA,CENTRO,-10.91463,-62.55581,1394,-1,0
2024,628,752,13,1015,PIONEIRA - ESCOLA ESTADUAL,CENTRO,-10.93264,-62.25635,2826,-1,0
2024,629,752,13,1023,SEBASTIÃO AMORIM DA SILVA - ESCOLA MUNICIPAL,CENTRO,-10.93293,-62.25994,1192,-1,0
2024,630,779,34,1015,BURITI - ESCOLA ESTADUAL,SETOR 03,-10.20722,-63.83009,4112,-1,0
2024,631,779,34,1023,ELVANDAS MARIA DE SIQUEIRA - ESCOLA ESTADUAL,SETOR 01,-10.2134,-63.82758,3805,-1,0
2024,632,779,34,1040,MARIA DE ABREU BIANCO - ESCOLA ESTADUAL,SETOR 03,-10.20697,-63.83599,4639,-1,0
2024,633,779,34,1058,FRANCISCO JOSE CHIQUILITO ERSE - ESCOLA MUNICIPAL,SETOR 07,-10.21128,-63.84473,1702,-1,0
2024,634,779,34,1066,PAULO FREIRE - ESCOLA MUNICIPAL,SETOR 02,-10.21056,-63.82253,2260,-1,0
2024,635,779,34,1090,JOSÉ BONIFÁCIO DE ANDRADA E SILVA - ESCOLA MUNICIPAL,AREA RURAL,-10.19012,-63.67514,567,-1,0
2024,636,779,34,1104,TIRADENTES - ESCOLA MUNICIPAL,AREA RURAL,-10.02931,-63.91081,709,-1,0
2024,637,779,34,1112,MARIA MARTA BRAGA - ESCOLA MUNICIPAL,AREA RURAL,-10.11752,-64.08655,600,-1,0
2024,638,779,34,1120,JOSÉ AMÉRICO DE ALMEIDA - ESCOLA MUNICIPAL,AREA RURAL,-10.15145,-63.90495,371,-1,0
2024,639,779,34,1155,JOSUÉ DE CASTRO - ESCOLA MUNICIPAL,SETOR 04,-10.19991,-63.8336,5380,-1,0
2024,640,787,16,1015,INACIO DE CASTRO - ESCOLA ESTADUAL,CENTRO,-13.48098,-61.04774,2351,-1,0
2024,641,795,5,1015,ESCOLA INDÍGENA ESTADUAL DE ENSINO FUNDAMENTAL IRIA DOS REIS FREITAS,DISTRITO PORTO MURTINHO,-12.06105,-63.5762,452,-1,0
2024,642,795,5,1023,CAMPOS SALES - ESCOLA ESTADUAL,CENTRO,-12.06208,-63.56744,3486,-1,0
2024,643,795,5,1031,POLO - PEREIRA E CACERES - ESCOLA MUNICIPAL,DISTRITO PORTO MURTINHO,-12.05635,-63.56978,914,-1,0
2024,644,795,5,1058,EUCLIDES DA CUNHA - ESCOLA MUNICIPAL,DISTRITO PEDRAS NEGRAS,-12.85223,-62.90228,51,-1,0
2024,645,795,5,1074,SENADOR RONALDO ARAGAO - ESCOLA MUNICIPAL,CENTRO,-12.06134,-63.56529,1872,-1,0
2024,646,795,5,1082,NEUZA DE OLIVEIRA BRAVIN - ESCOLA MUNICIPAL,ZONA RURAL,-12.07146,-63.71959,1425,-1,0
2024,647,795,5,1090,MARCILENE CARVALHO RICARDO- ESCOLA ESTADUAL,SETOR 08,-12.07316,-63.56854,2530,-1,0
2024,648,795,5,1104,REGINA ALMEIDA DE ARAUJO - ESCOLA MUNICIPAL,CIDADE ALTA,-12.05368,-63.57084,1950,-1,0
2024,649,809,8,1023,ESCOLA IRMÃS JULIANE E ALINE DOS SANTOS MARCOS - ESCOLA MUNICIPAL,CENTRO,-12.55864,-60.90594,2359,-1,0
2024,650,809,8,1031,ANA PAULA MARQUES - ESCOLA MUNICIPAL - DISTRITO DE BOA ESPERANÇA,DISTRITO BOA ESPERANCA,-12.29742,-61.04774,749,-1,0
2024,651,809,8,1040,JACOB ARNALDO PEREIRA - DISTRITO NOVA ANDRADINA - ESCOLA MUNICIPAL,DISTRITO NOVA ANDRADINA,-12.27159,-61.12122,157,-1,0
2024,652,809,8,1058,ESCOLA GUAPORÉ - VALTER JOSÉ ZANELLA - DISTRITO DE GUAPORÉ,DISTRITO GUAPORÉ,-12.22945,-60.68701,622,-1,0
2024,653,809,8,1066,ESCOLA NOVO PLANO - CLEBERSON DIAS - ESCOLA MUNICIPAL,DISTRITO NOVO PLANO,-12.44525,-61.10485,1152,-1,0
2024,654,809,8,1082,ÁGUA VIVA - ASSENTAMENTO ZÉ BENTÃO - ESCOLA MUNICIPAL,ASSENTAMENTO ZÉ BENTÃO,-12.79835,-60.84974,421,-1,0
2024,655,809,8,1090,MOACYR CARAMELLO - ESCOLA ESTADUAL,CENTRO,-12.55111,-60.89703,2615,-1,0
2026,0,19,1,1031,SAUL BENNESBY - ESCOLA MUNICIPAL,CAETANO,-10.76858,-65.32666,2274,120,0
2026,1,19,1,1058,SIMON BOLIVAR - ESCOLA ESTADUAL,CENTRO,-10.79082,-65.34415,2666,121,0
2026,2,19,1,1066,PAULO SALDANHA - ESCOLA ESTADUAL,CENTRO,-10.7879,-65.34063,1076,121,0
2026,3,19,1,1104,ROCHA LEAL - ESCOLA ESTADUAL,SAO JOSE,-10.788,-65.33627,1209,132,0
2026,4,19,1,1112,ALMIRANTE TAMANDARÉ - ESCOLA MUNICIPAL,TAMANDARE,-10.77962,-65.33943,2515,133,0
2026,5,19,1,1139,CAPITÃO GODOY - ESCOLA ESTADUAL,SAO JOSE,-10.78767,-65.3342,1371,132,0
2026,6,19,1,1155,IRMÃ MARIA CELESTE - ESCOLA CÍVICO MILITAR,SERRARIA,-10.77764,-65.33129,2431,133,0
2026,7,19,1,1163,PRES. EURICO GASPAR DUTRA - ESCOLA ESTADUAL,DISTRITO DO IATA,-10.58766,-65.38535,608,-1,0
2026,8,19,1,1198,SALOMÃO JUSTINIANO DE MELGAR - ESCOLA ESTADUAL,DISTRITO DE SURPRESA,-11.88179,-65.01991,885,-1,0
2026,9,19,1,1201,BARRACÃO DO POMPEU - RESEX RIO OURO PRETO,RESERVA RIO OURO PRETO - POMPEU,-10.91752,-65.04302,255,-1,0
2026,10,19,1,1210,COLÉGIO TIRADENTES DA POLÍCIA MILITAR - UNIDADE 10,10 DE ABRIL,-10.77538,-65.32122,3760,123,0
2026,11,19,1,1260,JOSÉ CARLOS NERI - ESCOLA MUNICIPAL,PROSPERO,-10.76734,-65.31038,3087,128,0
2026,12,19,1,1279,IRMÃ HILDA - ESCOLA MUNICIPAL,SANTA LUZIA,-10.78083,-65.31997,2667,129,0
2026,13,19,1,1295,ABRAAO KOOP - ESCOLA INDÍGENA,ALDEIA SANTO ANDRE,-11.16399,-65.01713,407,-1,0
2026,14,19,1,1317,PROFA MARIA LIBERTY DE FREITAS - ESCOLA MUNICIPAL,JARDIM DAS ESMERALDAS,-10.76061,-65.30421,2164,125,0
2026,15,19,1,1325,TEÓFILO LIMÃO DE SOUZA - ESCOLA MUNICIPAL RURAL,RAMAL CACHOEIRINHA,-10.72919,-64.93069,229,-1,0
2026,16,19,1,1333,POSSIDONIO BASTOS - ESCOLA INDÍGENA,ALDEIA RIO NEGRO OCAIA,-11.18225,-64.83473,578,-1,0
2026,17,19,1,1376,05 DE JULHO - ESCOLA INDÍGENA,ALDEIA RICARDO FRANCO,-12.01636,-64.82774,262,-1,0
2026,18,19,1,1449,JOÃO FARIAS DE BARROS - ESCOLA INDÍGENA,ALDEIA SÃO LUIZ,-11.08692,-64.08072,74,-1,0
2026,19,19,1,1457,MARECHAL RONDON - ESCOLA INDÍGENA,ALDEIA TANAJURA,-11.04494,-65.17705,244,-1,0
2026,20,19,1,1465,FRANCISCO JOSÉ DE LACERDA - ESCOLA INDÍGENA,ALDEIA SOTÉRIO,-11.61572,-65.13428,278,-1,0
2026,21,35,2,1015,CARMELA DUTRA INSTITUTO ESTADUAL,ARIGOLANDIA,-8.75991,-63.90942,4541,227,0
2026,22,35,2,1074,INSTITUTO LAURA VICUÑA - ESCOLA PARTICULAR,OLARIA,-8.75599,-63.89997,3444,261,0
2026,23,35,2,1104,BARÃO DO SOLIMÕES - ESCOLA ESTADUAL,CAIARI,-8.76227,-63.90462,1513,229,0
2026,24,35,2,1120,NAÇÕES UNIDAS - ESCOLA ESTADUAL,PEDRINHAS,-8.74427,-63.90449,2092,263,0
2026,25,35,2,1139,PADRE MORETTI - CENTRO EDUCACIONAL (SAMARITANA),SAO JOAO BOSCO,-8.75511,-63.89924,1606,269,0
2026,26,35,2,1171,SENAC SERVICO NACIONAL DE APRENDIZAGEM COMERCIAL,PANAIR,-8.75172,-63.91074,2083,261,0
2026,27,35,2,1406,SÃO SEBASTIÃO I  - ESCOLA ESTADUAL,SAO SEBASTIAO,-8.73805,-63.90822,2482,271,0
2026,28,35,2,1449,DR OSWALDO PIANA - ESCOLA ESTADUAL,NACIONAL,-8.72741,-63.90923,3488,255,0
2026,29,35,2,1473,MURILO BRAGA - ESCOLA ESTADUAL,CENTRO,-8.7633,-63.89639,1384,265,0
2026,30,35,2,1481,MARIA IZAURA DA COSTA CRUZ - ESCOLA MUNICIPAL,COSTA E SILVA,-8.7369,-63.89217,3576,238,0
2026,31,35,2,1490,RIO MADEIRA - ESCOLA MUNICIPAL,NOVA ESPERANCA,-8.72358,-63.87691,1924,257,1
2026,32,35,2,1503,TIRADENTES - ESCOLA ESTADUAL,INDUSTRIAL,-8.73807,-63.87914,6667,247,0
2026,33,35,2,1520,JOHN KENNEDY - ESCOLA ESTADUAL,SAO CRISTOVAO,-8.75776,-63.89454,1455,269,0
2026,34,35,2,1538,COLÉGIO INTERAÇÃO - ESCOLA PARTICULAR,CENTRO,-8.76518,-63.90226,941,233,0
2026,35,35,2,1546,21 DE ABRIL - ESCOLA ESTADUAL,LIBERDADE,-8.75061,-63.89106,5111,251,0
2026,36,35,2,1554,MAJOR GUAPINDAIA - ESCOLA ESTADUAL,SAO JOAO BOSCO,-8.74481,-63.89523,4145,270,0
2026,37,35,2,1570,JOSÉ DE FREITAS - ESCOLA MUNICIPAL,PROJETO ASSENTAMENTO JOANA D'ARC I,-8.97859,-64.31598,633,-1,0
2026,38,35,2,1589,RIACHO AZUL - ESCOLA MUNICIPAL,REASSENTAMENTO RIACHO AZUL,-8.80983,-64.02873,312,-1,0
2026,39,35,2,1597,ERMELINDO MONTEIRO BRASIL - ESCOLA MUNICIPAL,CJ HABITACIONAL POPULAR DNIT,-8.73573,-63.93593,1587,255,1
2026,40,35,2,1600,ENGENHO DO MADEIRA - ESCOLA MUNICIPAL,AGROVILA NOVO ENGENHO VELHO,-8.77185,-63.93129,307,275,1
2026,41,35,2,1627,JOSÉ RODRIGUES - ESCOLA MUNICIPAL,VILA FRANCISCANA,-8.77,-64.07832,247,-1,0
2026,42,35,2,1635,NACIONAL - ESCOLA MUNICIPAL,NACIONAL,-8.73161,-63.91089,1696,255,0
2026,43,35,2,1643,CRECHE SANTA MARCELINA,EMBRATEL,-8.74543,-63.88143,3080,242,0
2026,44,35,2,1651,JOSÉ OTINO DE FREITAS - ESCOLA MUNICIPAL,FLODOALDO PONTES PINTO,-8.74207,-63.87539,5075,244,0
2026,45,35,2,1660,ESCOLA  BRASÍLIA,EMBRATEL,-8.74579,-63.882,5128,242,0
2026,46,35,2,1678,IFRO - INSTITUTO FEDERAL DE RONDONIA - CALAMA,FLODOALDO PONTES PINTO,-8.74519,-63.87149,4072,244,0
2026,47,35,2,1686,LUIZ SOARES DE CÁSSIA - ESCOLA MUNICIPAL,MARINGA,-8.74449,-63.83636,828,273,0
2026,48,35,2,1694,PROF.ª FLORA CALHEIROS COTRIN - ESCOLA ESTADUAL,ESPERANCA DA COMUNIDADE,-8.75107,-63.84445,6438,243,0
2026,49,35,2,1716,ROBERTO DUARTE PIRES - ESCOLA ESTADUAL,IGARAPE,-8.74491,-63.86269,3164,246,0
2026,50,35,2,1724,PÉ DE MURICI - ESCOLA MUNICIPAL,PLANALTO,-8.73907,-63.84056,3456,273,0
2026,51,35,2,1732,PROF.ª ELOÍSA BENTES RAMOS - ESCOLA ESTADUAL,FLODOALDO PONTES PINTO,-8.74892,-63.86641,3241,244,0
2026,52,35,2,1740,SENADOR OLAVO GOMES PIRES - ESCOLA MUNICIPAL,APONIA,-8.74213,-63.8564,2856,224,0
2026,53,35,2,1759,SENADOR DARCY RIBEIRO - ESCOLA MUNICIPAL,ESPERANCA DA COMUNIDADE,-8.74965,-63.84583,2909,243,0
2026,54,35,2,1767,JOÃO RIBEIRO SOARES - ESCOLA MUNICIPAL,IGARAPE,-8.74069,-63.84868,3124,264,0
2026,55,35,2,1775,PROF. PEDRO TAVARES BATALHA - ESCOLA MUNICIPAL,APONIA,-8.7345,-63.86082,3194,224,0
2026,56,35,2,1805,DUQUE DE CAXIAS - ESCOLA ESTADUAL,ARIGOLANDIA,-8.7592,-63.90951,4245,261,0
2026,57,35,2,1821,CENTRO DE ENSINO MINEIRO - COLÉGIO PARTICULAR,FLODOALDO PONTES PINTO,-8.74496,-63.86877,886,244,0
2026,58,35,2,1830,"IFRO - INSTITUTO FEDERAL DE EDUCAÇÃO, CIÊNCIA E TECNOLOGIA DE RONDÔNIA",INDUSTRIAL,-8.74112,-63.88959,794,247,0
2026,59,35,2,1848,BILÍNGUE - ESCOLA MUNICIPAL,FLODOALDO PONTES PINTO,-8.74962,-63.86672,81,244,0
2026,60,35,2,1856,GUADALUPE - ESCOLA MUNICIPAL,APONIA,-8.73667,-63.85745,764,224,0
2026,61,35,2,1864,LYDIA JOHNSON DE MACEDO - ESCOLA ESTADUAL,COSTA E SILVA,-8.73833,-63.89817,258,238,0
2026,62,35,2,1872,PROF. ANTÔNIO AUGUSTO REBELO DAS CHAGAS - ESCOLA MUNICIPAL,SÃO SEBASTIÃO II,-8.73897,-63.90952,35,271,0
2026,63,35,2,1880,PROF.ª MARIA APARECIDA DA SILVA RODRIGUES - ESCOLA ESTADUAL,IGARAPE,-8.74518,-63.85685,233,246,0
2026,64,35,2,1899,ESCOLA SANTA MARCELINA,EMBRATEL,-8.74585,-63.88189,495,242,0
2026,65,35,2,1910,BELEZAS DO BURITI - ESCOLA MUNICIPAL DE ENSINO INFANTIL E FUNDAMENTAL,FLODOALDO PONTES PINTO,-8.74309,-63.86591,3175,244,0
2026,66,35,2,1937,ANTONIO FERREIRA DA SILVA - MUNICIPAL,SAO CRISTOVAO,-8.75774,-63.89048,1454,269,0
2026,67,35,6,1040,SÃO LUCAS - CENTRO UNIVERSITÁRIO PARTICULAR,AREAL,-8.76645,-63.89986,2932,268,0
2026,68,35,6,1104,PADRE CHIQUINHO - ESCOLA MUNICIPAL,AREAL,-8.77703,-63.89873,987,225,0
2026,69,35,6,1147,FRANKLIN DELANO ROOSEVELT - ESCOLA ESTADUAL,TRIANGULO,-8.77531,-63.90922,2259,275,0
2026,70,35,6,1376,RIO BRANCO - ESCOLA ESTADUAL,NOSSA SENHORA DAS GRACAS,-8.76439,-63.88815,3231,256,0
2026,71,35,6,1384,BELA VISTA - ESCOLA ESTADUAL,CONCEIÇÃO,-8.79872,-63.89233,6006,237,0
2026,72,35,6,1392,NOSSA SENHORA DAS GRACAS - ESCOLA ESTADUAL,NOSSA SENHORA DAS GRACAS,-8.76814,-63.89348,2374,252,0
2026,73,35,6,1406,CAPITAO CLAUDIO MANOEL DA COSTA - ESCOLA ESTADUAL,CIDADE DO LOBO,-8.80685,-63.88458,6130,235,0
2026,74,35,6,1414,SAUL BENNESBY - ESCOLA MUNICIPAL,ELETRONORTE,-8.79709,-63.89797,3057,241,0
2026,75,35,6,1422,CLASSE A - UNIDADE II - COLÉGIO PARTICULAR,ELETRONORTE,-8.78681,-63.89671,7619,241,0
2026,76,35,6,1449,MANOEL APARÍCIO NUNES ALMEIDA - ESCOLA MUNICIPAL,CIDADE NOVA,-8.81141,-63.8807,4066,234,0
2026,77,35,6,1457,JOÃO AFRO VIEIRA - ESCOLA MUNICIPAL - VILA PRINCESA,VILA PRINCESA,-8.84932,-63.94085,482,-1,0
2026,78,35,6,1538,DISTRITO JACY PARANA - ESCOLA CORA CORALINA,DISTRITO JACY PARANA,-9.25295,-64.40552,2287,-1,0
2026,79,35,6,1546,ABC DE JACI - ESCOLA MUNICIPAL - DISTRITO JACY PARANA,DISTRITO JACY PARANA,-9.25409,-64.41682,1476,-1,0
2026,80,35,6,1554,RIO PARDO - ESCOLA MUNICIPAL - DISTRITO RIO PARDO,DISTRITO RIO PARDO,-9.62628,-63.96701,2500,-1,0
2026,81,35,6,1562,MARIA CASAROTO ABATI - ESCOLA MUNICIPAL - DISTR VISTA ALEGRE DO ABUNÃ,DISTRITO VISTA ALEGRE DO ABUNA,-8.82422,-63.90895,2705,226,1
2026,82,35,6,1570,MORADORES DA LINHA 01 - ASSOCIAÇÃO - DISTRITO UNIAO BANDEIRANTE,DISTRITO UNIAO BANDEIRANTE,-9.57382,-64.51496,289,-1,0
2026,83,35,6,1589,CÉSAR FREITAS CASSOL -ESCOLA ESTADUAL - DISTRITO UNIÃO BANDEIRANTE,DISTRITO UNIAO BANDEIRANTE,-9.70133,-64.53303,3272,-1,0
2026,84,35,6,1597,MARIA JACIRA FEITOSA DE CARVALHO - ESCOLA MUN. DISTR. NOVA CALIFÓRNIA,DISTRITO NOVA CALIFORNIA,-8.82422,-63.90895,3233,226,1
2026,85,35,6,1600,MARCO AZUL - ESCOLA MUNICIPAL - COMUNIDADE MARCO AZUL,COMUNIDADE MARCO AZUL,-9.79158,-63.77732,220,-1,0
2026,86,35,6,1619,NOSSA SENHORA DE NAZARE -ESCOLA MUNICIPAL - DISTRIT NOVA MUTUM PARANA,DISTRITO NOVA MUTUM PARANA,-9.29509,-64.55117,2034,-1,0
2026,87,35,6,1627,MANOEL PEDRO PEREIRA - ESCOLA MUNICIPAL - BR 364 - KM 24,ZONA RURAL,-8.94963,-63.98227,397,-1,0
2026,88,35,6,1635,ANTONIO AUGUSTO VASCONCELOS - ESCOLA MUNICIPAL - CACHOEIRA TEOTONIO,VILA CACHOEIRA DE TEOTONIO,-8.87195,-64.05463,217,-1,0
2026,89,35,6,1643,SANTA JÚLIA - ESCOLA MUNICIPAL - VILA PENHA - TAQUARA,VILA PENHA - TAQUARA,-9.86653,-65.26853,728,-1,0
2026,90,35,6,1651,PROFESSORA ANTONIA VIEIRA FROTA - ESCOLA ESTADUAL - DISTR VISTA ALEGRE,DISTRITO VISTA ALEGRE DO ABUNA,-8.82422,-63.90895,2308,226,1
2026,91,35,6,1660,FLOR DO CUPUAÇU - ESCOLA MUNICIPAL - REASSENTAMENTO SANTA RITA,REASSENTAMENTO SANTA RITA,-9.1118,-64.16779,275,-1,0
2026,92,35,6,1678,03 DE DEZEMBRO - ESCOLA MUNICIPAL - DISTRITO UNIÃO BANDEIRANTE,DISTRITO UNIAO BANDEIRANTE,-9.7099,-64.5342,2731,-1,0
2026,93,35,6,1686,EDUARDO LIMA E SILVA - ESCOLA ESTADUAL,NOVA FLORESTA,-8.79244,-63.89361,7123,258,0
2026,94,35,6,1694,MORADORES DA LINHA 8 - ASSOCIAÇÃO - DISTRITO UNIAO BANDEIRANTE,DISTRITO UNIAO BANDEIRANTE,-9.88629,-64.64973,1065,-1,0
2026,95,35,6,1708,MARECHAL CANDIDO RONDON - ESCOLA ESTADUAL - DISTRITO ABUNÃ,DISTRITO ABUNA,-9.69864,-65.36776,470,-1,0
2026,96,35,6,1716,13 DE MAIO - ESCOLA MUNICIPAL - DISTRITO EXTREMA,DISTRITO EXTREMA DE RONDONIA,-8.82422,-63.90895,2082,226,1
2026,97,35,6,1732,FLOR DE LARANJEIRA - ESCOLA MUNICIPAL,NOVA FLORESTA,-8.79254,-63.89362,1418,258,0
2026,98,35,6,1740,DISTRITO JACY PARANA - ESCOLA JOAQUIM VICENTE RONDON,DISTRITO JACY PARANA,-9.26123,-64.40243,251,-1,0
2026,99,35,6,1759,DISTRITO FORTALEZA DO ABUNÃ - BARAO DO RIO BRANCO - ESCOLA ESTADUAL,DISTRITO FORTALEZA DO ABUNA,-9.78139,-65.52907,265,-1,0
2026,100,35,6,1767,KYOWÃ - ESCOLA ESTADUAL - ALDEIA KARITIANA,ALDEIA KARITIANA,-9.29543,-64.00395,113,-1,0
2026,101,35,6,1775,JAYME PEIXOTO DE ALENCAR - ESCOLA ESTADUAL - DISTRITO EXTREMA,DISTRITO EXTREMA DE RONDONIA,-8.82422,-63.90895,2799,226,1
2026,102,35,6,1821,BROTO DO AÇAÍ - ESCOLA MUNICIPAL,CONCEIÇÃO,-8.79891,-63.88695,540,237,0
2026,103,35,6,1830,PROFESSORA RONILZA CORDEIRO AFONSO DIAS - ESCOLA MUNICIPAL,NOVO HORIZONTE,-8.80166,-63.8943,639,260,0
2026,104,35,6,1848,KAWAPU - ESCOLA ESTADUAL - ALDEIA KAWAPU - DISTRITO DE EXTREMA,ALDEIA KAWAPU - DISTRITO DE EXTREMA,-8.82422,-63.90895,206,226,1
2026,105,35,6,1872,PADRE MARIO CASTAGNA,TUPI,-8.78099,-63.89827,3129,278,0
2026,106,35,6,1880,SÃO LUCAS EDUCACIONAL CAMPUS 2,MATO GROSSO,-8.77096,-63.88845,7330,267,0
2026,107,35,20,1058,GOVERNADOR ARAÚJO LIMA - ESCOLA ESTADUAL,NOVA PORTO VELHO,-8.75898,-63.87726,4030,259,0
2026,108,35,20,1066,COLÉGIO ADVENTISTA - PRIVADO,AGENOR DE CARVALHO,-8.75775,-63.87495,3475,223,0
2026,109,35,20,1074,HERBERT DE ALENCAR - ESCOLA ESTADUAL,NOVA PORTO VELHO,-8.76404,-63.87782,1302,259,0
2026,110,35,20,1082,MARIA CARMOSINA PINHEIRO - ESCOLA ESTADUAL,TIRADENTES,-8.75764,-63.84081,4992,274,0
2026,111,35,20,1104,PROFESSOR ORLANDO FREIRE - ESCOLA ESTADUAL,LAGOA,-8.76888,-63.86984,4213,249,0
2026,112,35,20,1112,SESI - CENTRO EDUCACIONAL DR GILBERTO MENDES DE AZEVEDO,LAGOA,-8.76912,-63.87112,3993,249,0
2026,113,35,20,1120,ESCOLA PADRÃO - ENGENHEIRO FRANCISCO ERSE - ESCOLA MUNICIPAL,CUNIA,-8.75788,-63.85536,4529,239,0
2026,114,35,20,1147,JUSCELINO KUBITSCHEK DE OLIVEIRA - ESCOLA ESTADUAL,AGENOR DE CARVALHO,-8.76276,-63.86422,5512,223,0
2026,115,35,20,1180,GENERAL OSÓRIO - ESCOLA MUNICIPAL,DISTRITO CALAMA,-8.82422,-63.90895,691,226,1
2026,116,35,20,1198,HENRIQUE DIAS - ESCOLA MUNICIPAL - DIST SÃO CARLOS,DISTRITO SAO CARLOS,-8.43757,-63.49949,1238,-1,0
2026,117,35,20,1201,AQUILES CHAVES PARAGUASSU - ESCOLA MUNICIPAL,DISTRITO PAPAGAIOS,-8.18011,-63.09041,132,-1,0
2026,118,35,20,1210,MARIA ANGÉLICA QUEIROZ  - ESCOLA MUNICIPAL,DISTRITO NOVA ALIANCA,-8.60972,-63.54231,802,-1,0
2026,119,35,20,1236,UNIÃO - ESCOLA MUNICIPAL,ZONA RURAL,-8.64563,-63.73645,143,-1,0
2026,120,35,20,1244,ESCOLA MUNICIPAL MANOEL MACIEL NUNES,DISTRITO NAZARE,-8.82422,-63.90895,488,226,1
2026,121,35,20,1252,DEIGMAR MORAES DE SOUZA - ESCOLA MUNICIPAL,DISTRITO CUJUBIM GRANDE,-8.58579,-63.72992,760,-1,0
2026,122,35,20,1260,JOÃO DE BARROS GOUVEIA - ESCOLA ESTADUAL - DIST DEMARCAÇÃO,DISTRITO DEMARCACAO RIO MACHADO,-8.17109,-62.7793,286,-1,0
2026,123,35,20,1279,FRANCISCO BRAGA - ESCOLA MUNICIPAL,RESERVA LAGO DO CUNIA,-8.31786,-63.49762,255,-1,0
2026,124,35,20,1295,CASTRO ALVES - ESCOLA MUNICIPAL,LOCALIDADE SANTA CATARINA,-8.23509,-63.25381,334,-1,0
2026,125,35,20,1309,ASSOCIAÇÃO DE MORADORES E PRODUTORES TERRA SANTA - AMOPTS,COMUNIDADE TERRA SANTA,-8.69247,-63.84156,315,-1,0
2026,126,35,20,1325,ANA ADELAIDE - ESCOLA MUNICIPAL,DISTRITO CALAMA,-8.82422,-63.90895,659,226,1
2026,127,35,20,1333,DOM PEDRO I - ESCOLA ESTADUAL,CASTANHEIRA,-8.80393,-63.8666,2038,232,0
2026,128,35,20,1341,HÉLIO NEVES BOTELHO - ESCOLA ESTADUAL,CALADINHO,-8.79745,-63.88494,2746,230,0
2026,129,35,20,1350,TANCREDO DE ALMEIDA NEVES - ESCOLA ESTADUAL,CALADINHO,-8.80495,-63.87786,5321,230,0
2026,130,35,20,1368,JOAQUIM VICENTE RONDON - ESCOLA MUNICIPAL,COHAB,-8.79123,-63.88103,6653,236,0
2026,131,35,20,1376,TUCUMÃ - ESCOLA MUNICIPAL,COHAB,-8.78898,-63.87277,1121,236,0
2026,132,35,20,1384,ESCOLA HEITOR VILLA LOBOS,CASTANHEIRA,-8.79539,-63.86617,3137,232,0
2026,133,35,20,1392,CANTO DO UIRAPURU - ESCOLA MUNICIPAL,AEROCLUBE,-8.80377,-63.86115,2045,222,0
2026,134,35,20,1406,RIO GUAPORÉ - ESCOLA MUNICIPAL,CASTANHEIRA,-8.80148,-63.86964,2259,232,0
2026,135,35,20,1414,JOÃO BENTO DA COSTA - ESCOLA ESTADUAL,ELDORADO,-8.78384,-63.87413,7177,240,0
2026,136,35,20,1422,ESTRELA DO AMANHÃ - ESCOLA MUNICIPAL,CALADINHO,-8.80524,-63.87861,683,230,0
2026,137,35,20,1430,MANOEL GRANGEIRO - ESCOLA MUNICIPAL,COMUNIDADE VIÇOSA,-8.84964,-63.83219,352,-1,0
2026,138,35,20,1449,MARIA DE NAZARÉ - CENTRO EDUCACIONAL,ELDORADO,-8.78766,-63.86842,2237,240,0
2026,139,35,20,1457,JORGE VICENTE SALAZAR DOS SANTOS - ESCOLA ESTADUAL,COHAB,-8.79301,-63.87487,3725,236,0
2026,140,35,20,1465,JESUS BURLAMAQUI HOSANNAH - ESCOLA ESTADUAL,FLORESTA,-8.77645,-63.88116,6287,245,0
2026,141,35,20,1473,CENTRO DE DETENÇAO PROVISÓRIA - CDPPVH - URSO BRANCO,ZONA RURAL,-8.70507,-63.83803,0,-1,0
2026,142,35,20,1490,PENITENCIÁRIA ESTADUAL SUELY MARIA MENDONÇA - SEJUS - PESMM,ESCOLA DE POLICIA,-8.75329,-63.83684,0,243,0
2026,143,35,20,1511,CHAPEUZINHO VERMELHO,PANTANAL,-8.74625,-63.83634,376,273,0
2026,144,35,20,1538,SESC ESCOLA,LAGOA,-8.76967,-63.86869,3071,249,0
2026,145,35,20,1554,UNIDADE DE SAÚDE BÁSICA - COMUNIDADE SÃO MIGUEL,COMUNIDADE SÃO MIGUEL,-8.60754,-63.81753,179,-1,0
2026,146,35,20,1562,ESCOLA MUNICIPAL DE ENSINO FUNDAMENTAL RIO VERDE,AGROVILA RIO VERDE,-8.55633,-63.48423,186,-1,0
2026,147,35,20,1570,EMEF PADRE JOSÉ DE ANCHIETA,ZONA RURAL,-8.33399,-62.89073,263,-1,0
2026,148,35,21,1040,DANIEL NERI DA SILVA - ESCOLA ESTADUAL,JUSCELINO KUBITSCHEK,-8.76677,-63.83611,6288,248,0
2026,149,35,21,1058,RISOLETA NEVES - ESCOLA ESTADUAL,TANCREDO NEVES,-8.76014,-63.83783,6278,272,0
2026,150,35,21,1066,MARCOS FREIRE - ESCOLA ESTADUAL,RONALDO ARAGAO,-8.78374,-63.79992,4640,-1,0
2026,151,35,21,1074,JORGE TEIXEIRA DE OLIVEIRA - ESCOLA ESTADUAL,ULYSSES GUIMARAES,-8.77579,-63.80322,3955,-1,0
2026,152,35,21,1112,JANIO DA SILVA QUADROS - ESCOLA ESTADUAL,MARIANA,-8.77079,-63.81822,5284,248,1
2026,153,35,21,1163,ULISSES SOARES FERREIRA - ESCOLA MUNICIPAL,JUSCELINO KUBITSCHEK,-8.76778,-63.83626,3717,248,0
2026,154,35,21,1180,MARIANA - ESCOLA ESTADUAL,SAO FRANCISCO,-8.77161,-63.82425,3627,248,1
2026,155,35,21,1198,ESTELA DE ARAÚJO COMPASSO - ESCOLA MUNICIPAL,MARCOS FREIRE,-8.78178,-63.8061,2096,-1,0
2026,156,35,21,1201,MADRE TEREZA DE CALCUTÁ - ESCOLA MUNICIPAL,LAGOINHA,-8.76579,-63.85117,1581,250,0
2026,157,35,21,1210,PINGO DE GENTE - ESCOLA MUNICIPAL,ULYSSES GUIMARAES,-8.77388,-63.80304,1699,-1,0
2026,158,35,21,1228,BOM PRINCIPIO - ESCOLA MUNICIPAL,TANCREDO NEVES,-8.76211,-63.83728,2839,272,0
2026,159,35,21,1236,12 DE OUTUBRO - ESCOLA MUNICIPAL,TRES MARIAS,-8.77404,-63.84429,2170,276,0
2026,160,35,21,1244,PADRE GEOVANI MENDES - ESCOLA MUNICIPAL,TRES MARIAS,-8.76942,-63.84778,1561,250,0
2026,161,35,21,1252,PAULO LEAL - ESCOLA ESTADUAL,ZONA RURAL,-8.80077,-63.77051,1405,-1,0
2026,162,35,21,1260,FLAMBOYANT - ESCOLA MUNICIPAL,CASCALHEIRA,-8.77695,-63.83441,3108,231,1
2026,163,35,21,1279,VOO DA JURITI - ESCOLA MUNICIPAL,JUSCELINO KUBITSCHEK,-8.76856,-63.83502,1947,248,0
2026,164,35,21,1287,MARIA FRANCISCA DE JESUS GONÇALVES - ESCOLA MUNICIPAL,JARDIM SANTANA,-8.76168,-63.81306,2396,-1,0
2026,165,35,21,1295,ULISSES GUIMARAES - ESCOLA ESTADUAL,JARDIM SANTANA,-8.75259,-63.81634,6259,-1,0
2026,166,35,21,1309,FRANCISCO ELENILSON NEGREIROS - ESCOLA MUNICIPAL,SOCIALISTA,-8.7601,-63.82687,3757,272,1
2026,167,35,21,1317,SOM DA CRAVIOLA - ESCOLA MUNICIPAL,TANCREDO NEVES,-8.76369,-63.83356,346,272,0
2026,168,35,21,1325,EDUARDO VALVERDE - ESCOLA MUNICIPAL,MARIANA,-8.77249,-63.8096,372,-1,0
2026,169,35,21,1333,ELY BEZERRA DE SALES - ESCOLA MUNICIPAL,MARIANA,-8.77317,-63.80847,397,-1,0
2026,170,35,21,1341,AUTA DE SOUZA - ESCOLA MUNICIPAL,SAO FRANCISCO,-8.78296,-63.83204,5865,231,1
2026,171,35,21,1350,JESUS DE NAZARÉ - ESCOLA MUNICIPAL,SOCIALISTA,-8.76209,-63.82739,740,272,1
2026,172,35,21,1368,ENGENHEIRO WALMER ADAO DENNY SIQUEIRA - ESCOLA MUNICIPAL,SOCIALISTA,-8.76514,-63.82741,347,248,1
2026,173,35,21,1376,ESCOLA SÃO LUIZ - PRÉDIO ANTIGA UNIRON,CASCALHEIRA,-8.78158,-63.839,5981,276,1
2026,174,51,3,1040,SEMAS - SECRETARIA MUNICIPAL DE ASSISTÊNCIA SOCIAL,CENTRO,-10.87665,-61.95201,713,143,0
2026,175,51,3,1082,CORONEL JORGE TEIXEIRA DE OLIVEIRA - ESCOLA ESTADUAL - NOVA LONDRINA,DISTRITO NOVA LONDRINA,-11.06269,-62.01152,1261,-1,0
2026,176,51,3,1180,DER - DEPARTAMENTO DE ESTRADAS DE RODAGEM E TRANSPORTE,ZONA RURAL,-10.84438,-62.00494,289,157,1
2026,177,51,3,1210,13 DE MAIO - ESCOLA ESTADUAL,SANTIAGO,-10.86198,-61.97867,2069,169,0
2026,178,51,3,1228,GONÇALVES DIAS - ESCOLA ESTADUAL,JARDIM DOS MIGRANTES,-10.87438,-61.96251,5723,155,0
2026,179,51,3,1236,RIO URUPÁ - ESCOLA ESTADUAL,URUPÁ,-10.884,-61.95411,4057,176,0
2026,180,51,3,1287,INACIO DE LOYOLA - ESCOLA ESTADUAL - NOVA LONDRINA,DISTRITO NOVA LONDRINA,-11.06794,-62.00962,829,-1,0
2026,181,51,3,1295,ULISSES MATOSINHO PERES DE PONTES - ESCOLA MUNICIPAL - GLEBA G,ZONA RURAL,-11.00135,-62.00892,387,-1,0
2026,182,51,3,1376,TIRADENTES CTPM VI / LAURO BENO - ESCOLA ESTADUAL,SANTIAGO,-10.86791,-61.97292,6169,153,0
2026,183,51,3,1384,IFRO CAMPUS JI-PARANÁ - INSTITUTO FEDERAL,JARDIM DOS MIGRANTES,-10.88234,-61.96793,4464,155,0
2026,184,51,3,1422,PAULO FREIRE - ESCOLA MUNICIPAL - LINHA 153,ZONA RURAL,-10.84737,-61.99369,596,157,1
2026,185,51,3,1430,PROFESSOR EDSON LOPES - ESCOLA MUNICIPAL - LINHA 20,ZONA RURAL,-10.96282,-62.10615,310,-1,0
2026,186,51,3,1554,JOVEM GONÇALVES VILELA - ESCOLA ESTADUAL,JARDIM PRESIDENCIAL,-10.86787,-61.96886,1921,153,0
2026,187,51,3,1562,ANTÔNIO PRADO - ESCOLA MUNICIPAL - LINHA 206,ZONA RURAL,-10.5426,-61.93266,321,-1,0
2026,188,51,3,1570,CASA DE DETENÇÃO DE JI-PARANÁ - SEJUS-CDJP,URUPÁ,-10.88221,-61.95352,0,176,1
2026,189,51,3,1597,SEMAGRI - SECRETARIA DO MUNICÍPIO DE AGRICULTURA E PECUÁRIA,URUPÁ,-10.88041,-61.95293,949,176,0
2026,190,51,30,1015,MARCOS BISPO DA SILVA - ESCOLA ESTADUAL,BNH,-10.89788,-61.91002,6837,146,0
2026,191,51,30,1023,CORA CORALINA - ESCOLA ESTADUAL,NOVA BRASÍLIA,-10.88778,-61.91166,2861,159,0
2026,192,51,30,1031,ALUÍZIO FERREIRA - ESCOLA ESTADUAL,NOVA BRASÍLIA,-10.8834,-61.91496,7265,159,0
2026,193,51,30,1040,JÚLIO GUERRA / TIRADENTES - CTPM IV - ESCOLA ESTADUAL,NOVA BRASÍLIA,-10.88919,-61.92951,5065,159,0
2026,194,51,30,1058,31 DE MARÇO - ESCOLA ESTADUAL,SÃO PEDRO,-10.89244,-61.91949,3798,172,0
2026,195,51,30,1066,TUPÃ - ESCOLA ESTADUAL - DISTRITO NOVA COLINA,DISTRITO NOVA COLINA,-10.78975,-61.69312,1103,-1,0
2026,196,51,30,1082,PROFESSOR IRINEU ANTONIO DRESCH - ESCOLA MUNICIPAL,ZONA RURAL,-10.96828,-61.82125,434,-1,0
2026,197,51,30,1112,DR. LOURENÇO PEREIRA LIMA - ESCOLA ESTADUAL,CAPELASSO,-10.90173,-61.88265,1686,141,0
2026,198,51,30,1120,TANCREDO DE ALMEIDA NEVES - ESCOLA ESTADUAL,RIACHUELO,-10.89806,-61.92338,1897,167,0
2026,199,51,30,1139,JUSCELINO KUBITSCHEK DE OLIVEIRA - ESCOLA ESTADUAL,NOVA BRASÍLIA,-10.88214,-61.92286,6194,159,0
2026,200,51,30,1163,BEATRIZ FERREIRA DA SILVA - ESCOLA ESTADUAL,PRIMAVERA,-10.8975,-61.93778,2270,165,0
2026,201,51,30,1180,SUFRAMA - SUPERINTENDÊNCIA DA ZONA FRANCA DE MANAUS,RIACHUELO,-10.8998,-61.93031,299,167,0
2026,202,51,30,1198,JANETE CLAIR - ESCOLA ESTADUAL,JK,-10.87653,-61.90516,3508,151,0
2026,203,51,30,1201,PARQUE DOS PIONEIROS - ESCOLA MUNICIPAL,PARQUE DOS PIONEIROS,-10.90589,-61.91266,2043,154,0
2026,204,51,30,1210,IKOLEN - POSTO INDÍGENA,ALDEIA IKOLEN - DISTRITO NOVA COLINA,-10.74739,-61.58921,527,-1,0
2026,205,51,30,1228,PÉROLA - ESCOLA MUNICIPAL,ZONA RURAL,-10.93592,-61.59817,241,-1,0
2026,206,51,30,1244,ADÃO VALDIR LAMOTA - ESCOLA MUNICIPAL,JK,-10.87122,-61.90663,3118,151,0
2026,207,51,30,1252,ALDEIA ITERAP - ALDEIA INDÍGENA,ALDEIA ITERAP,-10.65349,-61.77822,209,-1,0
2026,208,51,30,1260,ALDEIA PAY GAP - ALDEIA INDÍGENA,ALDEIA PAY GAP,-10.71329,-61.65611,91,-1,0
2026,209,51,30,1279,CEEJA - TERESA MITSUKO TUSTUMI - ESCOLA ESTADUAL,VILA JOTÃO,-10.88445,-61.9322,379,156,0
2026,210,51,30,1287,RUTH ROCHA - ESCOLA MUNICIPAL,NOVA BRASÍLIA,-10.88949,-61.91306,1877,159,0
2026,211,51,30,1295,PROFESSORA CARMEM ROCHA BORGES - ESCOLA ESTADUAL,CASA PRETA,-10.86836,-61.95536,2920,142,0
2026,212,51,30,1309,MARECHAL RONDON - INSTITUTO ESTADUAL DE EDUCAÇÃO,CASA PRETA,-10.87773,-61.94618,4003,142,0
2026,213,51,30,1317,JOSÉ FRANCISCO DOS SANTOS - ESCOLA ESTADUAL,DOM BOSCO,-10.86922,-61.94753,4418,149,0
2026,214,51,30,1325,SÃO PEDRO - ESCOLA ESTADUAL,PARQUE SÃO PEDRO,-10.86246,-61.93623,1632,164,0
2026,215,51,30,1333,PROFESSORA EDILCE DOS SANTOS FREITAS - ESCOLA ESTADUAL,SÃO BERNARDO,-10.85777,-61.96911,2554,170,0
2026,216,51,30,1341,NOVA BRASÍLIA - ESCOLA ESTADUAL,JK,-10.8665,-61.90745,575,151,0
2026,217,51,30,1376,PROFESSOR CELSO AUGUSTO ROCCO - ESCOLA MUNICIPAL,HABITAR BRASIL,-10.88412,-61.8938,324,158,0
2026,218,78,7,1015,HEITOR VILLA LOBOS - ESCOLA ESTADUAL,SETOR INSTITUCIONAL,-9.91386,-63.03264,4779,40,1
2026,219,78,7,1040,PROFESSORA MARIA INÊS ALVES DE FREITAS,PARQUE DAS GEMAS,-9.91723,-63.04104,3034,52,1
2026,220,78,7,1058,ANISIO TEIXEIRA - ESCOLA ESTADUAL,SETOR 02,-9.91884,-63.02459,5355,40,0
2026,221,78,7,1066,PINGO DE GENTE - ESCOLA MUNICIPAL,SETOR 02,-9.91543,-63.02492,1635,40,0
2026,222,78,7,1074,CEEJAR - CENTRO ESTADUAL DE EDUCAÇÃO DE JOVENS E ADULTOS,SETOR INSTITUCIONAL,-9.90875,-63.03223,1318,42,1
2026,223,78,7,1120,MAGDALENA TAGLIAFERRO - ESCOLA MUNICIPAL,JARDIM DAS PALMEIRAS,-9.93151,-63.02527,4433,25,0
2026,224,78,7,1333,MARIO QUINTANA - ESCOLA MUNICIPAL,SETOR 04,-9.90682,-63.02845,4259,42,0
2026,225,78,7,1341,DIRCEU DE ALMEIDA - ESCOLA MUNICIPAL,SETOR 06,-9.90089,-63.02692,3217,45,1
2026,226,78,7,1368,COLÉGIO CRISTÃO - PARTICULAR,SETOR INSTITUCIONAL,-9.90103,-63.03219,2922,51,1
2026,227,78,7,1376,COLÉGIO TIRADENTES DA POLÍCIA MILITAR III,SETOR 09,-9.93405,-63.02815,3939,43,1
2026,228,78,7,1384,PROFESSORA EONISSE MARTINS - ESCOLA MUNICIPAL,SETOR 11,-9.89599,-63.02064,2029,16,1
2026,229,78,7,1392,ROBERTO TURBAY - ESCOLA MUNICIPAL,SETOR 10,-9.93513,-63.01599,2345,43,0
2026,230,78,7,1414,PROFESSORA CARMEM IONE DE ARAÚJO ESCOLA ESTADUAL,ROTA DO SOL,-9.89058,-63.02237,2865,39,0
2026,231,78,7,1422,ARCO IRIS - ESCOLA MUNICIPAL,ZONA RURAL (RO-257),-9.93277,-62.66402,387,-1,0
2026,232,78,7,1430,VINICIUS DE MORAIS - ESCOLA MUNICIPAL,ZONA RURAL (BR-421),-9.89106,-63.13311,629,-1,0
2026,233,78,7,1449,MAFALDA RODRIGUES - ESCOLA MUNICIPAL,ZONA RURAL (BR-364),-10.245,-62.72737,744,-1,0
2026,234,78,7,1457,RICARDO CANTANHEDE - ESCOLA ESTADUAL,SETOR 03,-9.90993,-63.04153,4700,41,0
2026,235,78,7,1465,PROFESSOR PEDRO LOUBACK - ESCOLA MUNICIPAL,MONTE CRISTO,-9.91185,-63.06375,1556,46,0
2026,236,78,7,1473,PROFESSOR ENOQUE NUNES DA SILVA -  DISTRITO DE JOELÂNDIA,DISTRITO DE JOELÂNDIA,-10.11832,-63.12784,336,-1,0
2026,237,78,7,1481,MIGRANTES - ESCOLA ESTADUAL,SETOR 01,-9.91585,-63.04138,2510,52,1
2026,238,78,7,1490,PROFESSORA LAURA DE AVILA,SETOR 01,-9.91448,-63.04217,1201,41,1
2026,239,78,7,1503,CHAPEUZINHO VERMELHO - ESCOLA MUNICIPAL,SETOR 03,-9.90506,-63.04176,1452,41,0
2026,240,78,7,1511,ALBINA MARCIO SORDI - ESCOLA ESTADUAL,BNH,-9.90285,-63.04377,3210,41,1
2026,241,78,7,1520,JARDIM DAS PEDRAS - ESCOLA ESTADUAL,JARDIM JORGE TEIXEIRA,-9.92668,-63.03934,2882,35,0
2026,242,78,7,1538,CORA CORALINA - ESCOLA ESTADUAL,SETOR 05,-9.89884,-63.03757,4957,20,1
2026,243,78,7,1546,ALDEMIR DE LIMA CATANHEDE - ESCOLA MUNICIPAL,MARECHAL RONDON,-9.92569,-63.05587,1554,28,0
2026,244,78,7,1554,JORGE LUIZ MOULAZ - ESCOLA MUNICIPAL,ZONA RURAL (BR-364),-10.09764,-62.95969,437,-1,0
2026,245,78,7,1562,PADRE ANGELO SPADARI - ESCOLA MUNICIPAL - GARIMPO BOM FUTURO,DISTRITO DO GARIMPO DE BOM FUTURO,-9.81017,-63.53002,2010,-1,0
2026,246,78,7,1570,UNIR- FUNDAÇÃO UNIVERSIDADE FEDERAL DE RONDÔNIA,SETOR INSTITUCIONAL,-9.90105,-63.03435,2057,41,1
2026,247,94,11,1015,SANTO ANTONIO - COMUNIDADE - LINHA 09,ZONA RURAL 11,-11.37494,-61.37091,443,-1,0
2026,248,94,11,1023,BERNARDO GUIMARÃES - ESCOLA ESTADUAL,PRINCESA ISABEL,-11.43918,-61.44301,3542,80,0
2026,249,94,11,1031,PEDRO ÁLVARES CABRAL - ESCOLA MUNICIPAL - LINHA 09,ZONA RURAL 11,-11.26433,-61.37119,316,-1,0
2026,250,94,11,1040,NOSSA SENHORA APARECIDA - COMUNIDADE - LINHA 10,ZONA RURAL 11,-11.34272,-61.33429,309,-1,0
2026,251,94,11,1066,COOPEC - COOPERATIVA EDUCACIONAL DE CACOAL - ESCOLA PARTICULAR,CENTRO,-11.43602,-61.44907,1554,55,0
2026,252,94,11,1090,CORA CORALINA - ESCOLA ESTADUAL,CENTRO,-11.43759,-61.45125,1532,55,0
2026,253,94,11,1120,DANIEL BERG - ESCOLA PARTICULAR,JARDIM CLODOALDO NUNES DE ALMEIDA,-11.43279,-61.44846,1385,55,0
2026,254,94,11,1163,UNINASSAU CENTRO UNIVERS. MAURICIO DE NASSAU CACOAL (ANTIGA UNESC),INCRA,-11.44526,-61.43714,2245,64,0
2026,255,94,11,1228,MARIA MONTESSORI - ESCOLA MUNICIPAL - LINHA 10,ZONA RURAL 11,-11.17454,-61.33338,617,-1,0
2026,256,94,11,1252,MONTEIRO LOBATO - ESCOLA MUNICIPAL - LINHA 11,ZONA RURAL 11,-11.27679,-61.29671,584,-1,0
2026,257,94,11,1260,SANTO ANTONIO - COMUNIDADE - LINHA 11,ZONA RURAL 11,-11.39929,-61.29765,718,-1,0
2026,258,94,11,1287,NOSSA SENHORA DAS GRACAS - COMUNIDADE - LINHA 12,ZONA RURAL 11,-11.45057,-61.26056,188,-1,0
2026,259,94,11,1295,SAO PEDRO - COMUNIDADE - LINHA 12,ZONA RURAL 11,-11.29251,-61.25648,441,-1,0
2026,260,94,11,1317,TIRADENTES DA POLÍCIA MILITAR - UNIDADE IX - ESCOLA ESTADUAL,TEIXEIRAO,-11.43229,-61.43583,4222,86,0
2026,261,94,11,1325,SANTA LUZIA - COMUNIDADE - LINHA 13,ZONA RURAL 11,-11.44687,-61.22412,217,-1,0
2026,262,94,11,1341,NOSSA SENHORA APARECIDA - COMUNIDADE - LINHA 14,ZONA RURAL 11,-11.44225,-61.18785,204,-1,0
2026,263,94,11,1350,DOUTOR JOÃO DE DEUS SIMPLICIO - ESCOLA MUNICIPAL - LINHA 14,ZONA RURAL 11,-11.30838,-61.1872,729,-1,0
2026,264,94,11,1368,CRUZEIRO DO NORTE - ESCOLA MUNICIPAL - LINHA 21,ZONA RURAL 11,-11.37429,-61.14454,619,-1,0
2026,265,94,11,1384,SANTA RITA DE CÁSSIA - COMUNIDADE - LINHA 15A,ZONA RURAL 11,-11.20946,-61.09906,122,-1,0
2026,266,94,11,1392,SANTOS DUMONT - ESCOLA MUNICIPAL - LINHA 07,ZONA RURAL 11,-11.28891,-61.44353,383,-1,0
2026,267,94,11,1406,SANTO ANTONIO - COMUNIDADE - LINHA 08,ZONA RURAL 11,-11.25746,-61.40615,223,-1,0
2026,268,94,11,1414,FREI CANECA - ESCOLA ESTADUAL,VILAGE DO SOL I,-11.4192,-61.43336,3259,88,0
2026,269,94,11,1422,PRESIDENTE MEDICE - ESCOLA MUNICIPAL - LINHA 10,ZONA RURAL 11,-11.42506,-61.33446,474,-1,0
2026,270,94,11,1430,ANITA GARIBALDI - ESCOLA MUNICIPAL - LINHA 12,ZONA RURAL 11,-11.49074,-61.26124,233,-1,0
2026,271,94,11,1449,JOSINO BRITO - ESCOLA ESTADUAL,FLORESTA,-11.43337,-61.43102,3898,53,0
2026,272,94,11,1457,IZIDORO DE SOUZA MEIRELLES - ESCOLA ESTADUAL - ALDEIA PIN PAITER,ZONA RURAL 11,-11.10331,-61.36247,135,-1,0
2026,273,94,11,1473,TANCREDO NEVES - ESCOLA ESTADUAL - ALDEIA LA PETANHA,ZONA RURAL 11,-11.2212,-61.29746,179,-1,0
2026,274,94,11,1481,CLODOALDO NUNES DE ALMEIDA - ESCOLA ESTADUAL,JARDIM CLODOALDO NUNES DE ALMEIDA,-11.42471,-61.44932,4395,67,0
2026,275,94,11,1490,PAULO FREIRE - ESCOLA ESTADUAL DE ENSINO FUNDAMENTAL,TEIXEIRAO,-11.42578,-61.4333,1926,86,0
2026,276,94,11,1503,GRACILIANO RAMOS - ESCOLA ESTADUAL,RESIDENCIAL PARQUE BRIZON,-11.41764,-61.45678,3093,70,0
2026,277,94,11,1511,ANTONIO GONÇALVES DIAS - ESCOLA ESTADUAL,SANTO ANTONIO,-11.45243,-61.44152,1578,82,0
2026,278,94,11,1520,HONORINA LUCAS DE BRITO - ESCOLA ESTADUAL,NOVA ESPERANÇA,-11.42308,-61.46436,2399,75,1
2026,279,94,11,1538,CLÁUDIO MANOEL DA COSTA - ESCOLA MUNICIPAL,ZONA RURAL 11,-11.4812,-61.47405,964,-1,0
2026,280,94,11,1546,FUNDAÇÃO BRADESCO - PARTICULAR,CRISTAL DO ARCO IRIS,-11.43199,-61.46407,4411,59,0
2026,281,94,11,1554,CARLOS DRUMMOND DE ANDRADE - ESCOLA ESTADUAL,VISTA ALEGRE,-11.42881,-61.4744,4350,71,0
2026,282,94,11,1562,MARIA SOCORRO VIANA DE ALMEIDA - ESCOLA MUNICIPAL,HABITAR BRASIL 1 (MUTIRAO),-11.4223,-61.48016,2325,63,0
2026,283,94,11,1589,NOSSA SENHORA DO CARMO - ESCOLA MUNICIPAL,DISTRITO RIOZINHO,-11.51162,-61.35969,1867,-1,0
2026,284,94,11,1597,ESCOLA CARLOS GOMES - ESTADUAL,NOVO CACOAL,-11.42883,-61.45673,4131,75,0
2026,285,94,11,1600,JOSE MAURO DE VASCONCELOS - ESCOLA MUNICIPAL,ZONA RURAL 11,-11.52085,-61.5975,350,-1,0
2026,286,94,11,1619,MARIA AURORA DO NASCIMENTO - ESCOLA ESTADUAL,LIBERDADE,-11.44298,-61.45216,3019,73,0
2026,287,94,11,1627,AGUSTINHO GOES DE OLIVEIRA - ESCOLA MUNICIPAL,VISTA ALEGRE,-11.42445,-61.47256,3119,71,0
2026,288,94,11,1635,E.M.E.I.E.F. JOSÉ DE ALMEIDA E SILVA,CENTRO,-11.43544,-61.45052,1292,55,0
2026,289,94,11,1660,CENTRO DE EDUCAÇÃO INFANTIL JOSÉ SIMÕES,LOT SÃO MARCOS,-11.41487,-61.40813,684,56,0
2026,290,94,11,1678,CENTRO DE EDUCAÇÃO INFANTIL DERCY GOMES RODRIGUES,GREENVILLE,-11.4297,-61.4849,778,87,0
2026,291,94,11,1686,CENTRO DE EDUCAÇÃO INFANTIL JOSINO BRITO,JOSINO BRITO,-11.41481,-61.47158,445,72,0
2026,292,94,11,1708,CACOAL SHOPPING,FLORESTA,-11.43938,-61.43486,251,62,0
2026,293,116,9,1015,SESI PIMENTA BUENO,ALVORADA,-11.67788,-61.18074,2316,211,0
2026,294,116,9,1031,MARECHAL CORDEIRO DE FARIAS - ESCOLA ESTADUAL,BNH,-11.6803,-61.17816,3596,213,0
2026,295,116,9,1040,SANDOVAL MEIRA - ESCOLA MUNICIPAL,DOS PIONEIROS,-11.67045,-61.19434,1452,219,1
2026,296,116,9,1058,RAIMUNDO EUCLIDES BARBOSA - ESCOLA ESTADUAL,DOS PIONEIROS,-11.67782,-61.19081,3364,219,0
2026,297,116,9,1090,ABAITARÁ - CENTRO TÉCNICO,ZONA RURAL,-11.72379,-61.47577,394,-1,0
2026,298,116,9,1163,FAP - FACULDADE ESTÁCIO DE PIMENTA BUENO,DOS PIONEIROS,-11.67316,-61.18808,1227,219,0
2026,299,116,9,1171,BOM SUCESSO - ESCOLA ESTADUAL,BELA VISTA,-11.65547,-61.18926,1899,219,1
2026,300,116,9,1201,NAIR BARROS - ESCOLA MUNICIPAL,VILA NOVA,-11.68547,-61.16528,2096,217,0
2026,301,116,9,1210,UNIAO DO CALCARIO - ESCOLA MUNICIPAL,ZONA RURAL,-11.69235,-60.64712,84,-1,0
2026,302,116,9,1228,DOMINICAL VITÓRIA - ESCOLA MUNICIPAL,ZONA RURAL,-11.88073,-60.84734,267,-1,0
2026,303,116,9,1236,LUIZ CABRAL DE SOUZA - ESCOLA POLO MUNICIPAL,SETOR DIMBA,-11.96385,-60.95679,614,-1,0
2026,304,116,9,1252,URUCUMACUA - ESCOLA MUNICIPAL,ZONA RURAL,-12.22823,-60.68409,210,-1,0
2026,305,116,9,1279,ORLANDO BUENO DA SILVA - ESCOLA ESTADUAL,NOVA PIMENTA,-11.68679,-61.16151,3257,218,0
2026,306,116,9,1309,CASA DE DETENÇÃO DE PIMENTA BUENO - SEJES-CDPIB,DOS PIONEIROS,-11.67381,-61.19108,0,219,1
2026,307,116,9,1317,AGUIA DOURADA - ESCOLA MUNICIPAL,ZONA RURAL,-11.69312,-60.54778,158,-1,0
2026,308,116,9,1325,LAIRCE SANTIAGO MAINA - ESCOLA MUNICIPAL,BNH,-11.68533,-61.17842,1979,213,0
2026,309,116,9,1333,PROF. VALDIR MONFREDINHO - ESCOLA ESTADUAL,CTG,-11.69201,-61.17049,1599,217,0
2026,310,116,9,1341,ASSUNTA MARIA GIANINI FAVALEÇA - ESCOLA MUNICIPAL,ITAPORANGA,-11.62874,-61.19758,865,-1,0
2026,311,116,9,1350,POSTO DE SAUDE -  ANA ERNESTINA DE CASTRO BUENO,ZONA RURAL,-11.98095,-61.08875,115,-1,0
2026,312,116,9,1368,CRIVELLI - ESCOLA MUNICIPAL MARIA CONCEIÇÃO RAMOS DO AMARAL CRIVELLI,JARDIM DAS OLIVEIRAS,-11.6748,-61.19355,1189,219,1
2026,313,116,9,1376,MARIA JOSÉ ESCOBAR - ESCOLA MUNICIPAL,ENCONTRO DAS AGUAS,-11.68552,-61.15725,766,218,0
2026,314,116,9,1406,ROSANA CINTA LARGA - ESCOLA ESTADUAL INDÍGENA,COMUNIDADE INDÍGENA TENENTE MARQUES,-11.63887,-60.45139,58,-1,0
2026,315,132,4,1023,COLÉGIO MILITAR DOM PEDRO II (CECÍLIA MEIRELES),BODANESE,-12.73322,-60.15047,2865,305,0
2026,316,132,4,1082,MARECHAL RONDON - ESCOLA ESTADUAL,CENTRO,-12.74219,-60.1516,2929,308,0
2026,317,132,4,1090,MARIO GRASSO - ESCOLA MUNICIPAL,JARDIM VILHENA,-12.74014,-60.15731,1472,308,1
2026,318,132,4,1104,MARIZETI MENDES DE OLIVEIRA - ESCOLA ESTADUAL,CENTRO,-12.74418,-60.13634,1488,307,1
2026,319,132,4,1112,ALVARES DE AZEVEDO - ESCOLA ESTADUAL,CENTRO,-12.74303,-60.13837,3772,307,1
2026,320,132,4,1120,WILSON CAMARGO - ESCOLA ESTADUAL,CENTRO,-12.74005,-60.14634,2005,308,1
2026,321,132,4,1139,MACHADO DE ASSIS - ESCOLA ESTADUAL,SETOR INDUSTRIAL TANCREDO NEVES,-12.74773,-60.12016,2517,315,0
2026,322,132,4,1147,COLÉGIO MILITAR TIRADENTES (ZILDA) ESCOLA ESTADUAL,BNH,-12.73661,-60.11861,4419,308,0
2026,323,132,4,1236,TENENTE MELO - ESCOLA MUNICIPAL - CACHOEIRA,SÃO LOURENÇO - CACHOEIRA,-12.44674,-60.51406,303,-1,0
2026,324,132,4,1252,PROGRESSO - ESCOLA MUNICIPAL - GLEBA GUAPORE,PEROBAL,-12.98889,-60.40282,242,-1,0
2026,325,132,4,1260,CAMARA MUNICIPAL DE VILHENA,JARDIM AMÉRICA,-12.7356,-60.13367,3003,307,0
2026,326,132,4,1309,MARIA PAULINA DONADON - ESCOLA MUNICIPAL - NOVA CONQUISTA,NOVA CONQUISTA,-12.98559,-60.28622,597,-1,0
2026,327,132,4,1317,MARIA ARLETE TOLEDO - ESCOLA ESTADUAL,ALTO ALEGRE,-12.73235,-60.11308,3628,304,1
2026,328,132,4,1325,COLÉGIO MILITAR ALMIRANTE TAMANDARÉ (CRISTO REI),CRISTO REI,-12.72656,-60.1468,3864,306,0
2026,329,132,4,1333,CASTELO BRANCO - ESCOLA MUNICIPAL - SETOR INDUSTRIAL,SETOR INDUSTRIAL TANCREDO NEVES,-12.75937,-60.10141,1367,313,1
2026,330,132,4,1341,GENIVAL NUNES - ESCOLA ESTADUAL,NOVA ESPERANçA,-12.72646,-60.11145,3805,311,0
2026,331,132,4,1350,RONALDO ARAGÃO - ESCOLA ESTADUAL,SANTO ANTÔNIO,-12.74201,-60.15963,1217,308,1
2026,332,132,4,1368,PAULO FREIRE - ESCOLA ESTADUAL,JARDIM ELDORADO,-12.73533,-60.12691,1578,308,0
2026,333,132,4,1376,IVETE BRUSTOLIN - ESCOLA MUNICIPAL,PARQUE INDUSTRIAL SÃO PAULO,-12.73967,-60.11362,4459,313,0
2026,334,132,4,1384,HERMOGENES ROBERTO NOGUEIRA - ESCOLA MUNICIPAL,JARDIM PRIMAVERA,-12.72503,-60.14235,3003,314,0
2026,335,132,4,1392,MARTIM LUTERO - ESCOLA MUNICIPAL,JARDIM AMÉRICA,-12.73134,-60.14262,2144,307,0
2026,336,132,4,1406,CEEJA - COLEGIO SUPLETIVO,JARDIM ELDORADO,-12.73384,-60.1283,1907,308,0
2026,337,132,4,1414,CASA DE DETENÇÃO DE VILHENA -  SEJUS-CDVHA,CENTRO,-12.74236,-60.14316,0,307,1
2026,338,132,4,1422,SHIRLEI CERUTTI - ESCOLA ESTADUAL,JARDIM DAS OLIVEIRAS,-12.7254,-60.13762,3372,314,0
2026,339,132,4,1430,VILMA VIEIRA - ESCOLA MUNICIPAL,COHAB,-12.72537,-60.1064,2744,311,0
2026,340,132,4,1449,IFRO - INSTITUTO FEDERAL DE RONDÔNIA,residencial santo dumont II,-12.70416,-60.11967,3346,312,1
2026,341,132,4,1457,IQUEZINHA - ESCOLA MUNICIPAL,GLEBA IQUE,-12.63472,-60.09385,446,-1,0
2026,342,132,4,1465,NOEME BARROS PEREIRA - ESCOLA MUNICIPAL,BODANESE,-12.73055,-60.15414,1331,310,1
2026,343,132,4,1473,OMAR GODOY - ESCOLA MUNICIPAL,JARDIM DAS OLIVEIRAS,-12.72906,-60.13303,949,314,0
2026,344,132,4,1481,APAE - ASSOCIAÇÃO DE PAIS E AMIGOS EXCEPCIONAIS,MARCOS FREIRE,-12.73053,-60.15213,1089,310,0
2026,345,132,4,1490,ESCOLA MUNICIPAL LUIZ EDUARDO SILVA ROVER,SETOR 29,-12.71871,-60.15304,865,306,1
2026,346,132,4,1503,ESCOLA MUNICIPAL JOSÉ PAULO PAES,MOYSÉS DE FREITAS,-12.71297,-60.14378,1252,312,1
2026,347,132,4,1511,ESCOLA MUNICIPAL FELIPE ROCHA DE LIMA,RESIDENCIAL ALPHAVILLE,-12.73068,-60.09839,1587,311,1
2026,348,132,4,1520,ESCOLA MUNICIPAL PROF. DIRCE BIANCHIN DE ÁVILA,BELA VISTA,-12.72746,-60.12338,981,304,1
2026,349,132,4,1538,ESCOLA PROF. LUIZ CARLOS PAULO ASSIS,PARQUE SÃO PAULO,-12.73776,-60.10938,1202,313,0
2026,350,159,10,1015,CAPITAO SILVIO DE FARIAS - ESCOLA ESTADUAL,SETOR 02,-10.43897,-62.46837,4502,-1,0
2026,351,159,10,1031,OLGA DELLAIA - ESCOLA ESTADUAL,SETOR 02,-10.43958,-62.46687,3486,-1,0
2026,352,159,10,1040,PLACIDO DE CASTRO - ESCOLA ESTADUAL,SETOR 01,-10.42749,-62.47073,4584,-1,0
2026,353,159,10,1090,ASSOCIACAO DE PAIS E AMIGOS DOS EXCEPCIONAIS - APAE,SETOR 02,-10.44027,-62.45993,2555,-1,0
2026,354,159,10,1198,MARECHAL COSTA E SILVA - ESCOLA ESTADUAL,DISTRITO BOM JESUS,-10.31712,-62.24022,1072,-1,0
2026,355,159,10,1473,JEAN CARLOS MUNIZ - ESCOLA MUNICIPAL,SETOR 05,-10.42998,-62.4751,3080,-1,0
2026,356,159,10,1520,NILTON DE OLIVEIRA ARAUJO - ESCOLA ESTADUAL,SETOR 08,-10.45192,-62.45898,964,-1,0
2026,357,159,10,1554,PEDRO VIEIRA DE MELO -  ESCOLA ESTADUAL,DISTRITO TARILANDIA,-10.85847,-62.80001,2705,135,1
2026,358,159,10,1562,COLÉGIO TIRADENTES DA POLÍCIA MILITAR,SETOR 04,-10.43579,-62.48422,5619,-1,0
2026,359,159,10,1570,JOSE DE SOUZA SILVA - ESCOLA MUNICIPAL,DISTRITO TARILANDIA,-10.85639,-62.79614,666,135,0
2026,360,159,10,1589,DAYSE MARA DE O MARTINS - ESCOLA ESTADUAL,SETOR 06,-10.42095,-62.47644,5660,-1,0
2026,361,159,10,1597,ABRAO ROCHA - ESCOLA MUNICIPAL,SETOR 04,-10.44127,-62.47464,1273,-1,0
2026,362,159,10,1600,JARU-UARU - ESCOLA MUNICIPAL,DISTRITO JARU-UARU,-10.93668,-62.97858,751,-1,0
2026,363,159,10,1619,JOSUÉ MONTELLO - ESCOLA ESTADUAL,DISTRITO DE SANTA CRUZ DA SERRA,-10.65219,-62.58518,589,-1,0
2026,364,159,10,1627,GOVERNADOR JORGE TEIXEIRA - ESCOLA ESTADUAL,SETOR 07,-10.44941,-62.4817,1596,-1,0
2026,365,159,10,1635,MARIA DE LOURDES - ESCOLA MUNICIPAL,SETOR 07,-10.45103,-62.47731,2194,-1,0
2026,366,175,13,1066,CAMARA MUNICIPAL DE OURO PRETO DO OESTE,DA UNIAO,-10.72089,-62.2584,1251,208,0
2026,367,175,13,1074,COLÉGIO TIRADENTES DA POLÍCIA MILITAR - XII (ANTIGO 28 DE NOVEMBRO),DA UNIAO,-10.72096,-62.26108,5097,208,0
2026,368,175,13,1082,TEATRO - PREFEITURA MUNICIPAL,JARDIM TROPICAL,-10.71867,-62.25637,533,208,0
2026,369,175,13,1090,MONTEIRO LOBATO - ESCOLA ESTADUAL,DA LIBERDADE,-10.71578,-62.25937,2158,209,0
2026,370,175,13,1210,PROFESSORA MARIA DE MATOS E SILVA - ESCOLA ESTADUAL,DISTRITO DE RONDOMINAS,-10.51194,-61.99859,2036,-1,0
2026,371,175,13,1279,EMEF FERNANDO DE AZEVEDO  ,JARDIM NOVO HORIZONTE,-10.71449,-62.27099,2390,205,0
2026,372,175,13,1309,EMEF CORA CORALINA - HORÁCIO CARELLI,JARDIM NOVO ESTADO,-10.70996,-62.25967,2765,204,0
2026,373,175,13,1325,EEEFM JOAQUIM DE LIMA AVELINO ,JARDIM TROPICAL,-10.71911,-62.25209,3686,206,0
2026,374,175,13,1333,EMEF JOAQUIM NABUCO,JARDIM BANDEIRANTES,-10.72809,-62.2592,1960,200,0
2026,375,175,13,1341,COLÉGIO BENJAMIM CONSTANT - ESCOLA MUNICIPAL,JARDIM AEROPORTO II BOA ESPERANÇA,-10.73671,-62.24382,1324,202,0
2026,376,175,13,1350,AURELIO BUARQUE DE HOLANDA - ESCOLA ESTADUAL,JARDIM AEROPORTO,-10.72829,-62.25076,2898,202,0
2026,377,175,13,1368,CEEJA - PROFESSOR ANTONIO DE ALMEIDA - ESCOLA ESTADUAL ,ALVORADA,-10.71682,-62.24819,744,199,0
2026,378,175,13,1376,EEEF MARGARIDA CUSTÓDIO,ALVORADA,-10.71153,-62.24649,1121,201,0
2026,379,175,13,1384,ESCOLA EMEI SININHO,JARDIM BANDEIRANTES,-10.72636,-62.26191,364,203,0
2026,380,191,3,1015,PRESIDENTE EMÍLIO GARRASTAZU MÉDICI - ESCOLA ESTADUAL,LINO ALVES TEIXEIRA,-11.17195,-61.8967,2206,282,0
2026,381,191,3,1023,15 DE NOVEMBRO - ESCOLA ESTADUAL,CENTRO,-11.17125,-61.90615,2247,282,1
2026,382,191,3,1031,CDA - CARLOS DRUMMOND DE ANDRADE - ESCOLA ESTADUAL,CUNHA E SILVA,-11.1786,-61.90764,2163,280,1
2026,383,191,3,1040,PROFESSOR PAULO FREIRE - ESCOLA ESTADUAL,ERNANDES GONÇALVES,-11.16917,-61.90931,3396,281,1
2026,384,191,3,1058,DONA BENTA - ESCOLA ESTADUAL - DISTRITO NOVO RIACHUELO,DISTRITO NOVO RIACHUELO,-11.08407,-61.65938,578,-1,0
2026,385,191,3,1066,EMBURANA - ESCOLA ESTADUAL - DISTRITO ESTRELA DE RONDÔNIA,DISTRITO ESTRELA DE RONDONIA,-11.30464,-61.78186,1151,-1,0
2026,386,191,3,1074,APOLÔNIA ROSSI JAVARINI - ESCOLA ESTADUAL - VILA BANDEIRA BRANCA,VILA BANDEIRA BRANCA,-11.07878,-61.92063,506,-1,0
2026,387,191,3,1082,ASSOCIAÇÃO DE PRODUTORES RURAIS JULIA MARIA DA COSTA - AMARJUMAC,VILA CAMARGO,-11.12697,-61.97407,216,-1,0
2026,388,191,3,1090,CEEJA MARECHAL RONDON - SUPLETIVO - ESCOLA ESTADUAL,CENTRO,-11.16829,-61.90498,1193,279,1
2026,389,191,3,1104,PRIMEIROS TRAÇOS - ESCOLA MUNICIPAL,CUNHA E SILVA,-11.17302,-61.90732,727,280,1
2026,390,191,3,1112,FLORESTAN FERNANDES - ESCOLA MUNICIPAL - CHICO MENDES 1 - 4 LINHA,ASSENTAMENTO CHICO MENDES 1,-11.2833,-61.98489,447,-1,0
2026,391,191,3,1120,PS CHICO MENDES I II III - UNIDADE BÁSICA DE SAÚDE,ASSENTAMENTO CHICO MENDES 3,-11.27175,-62.13188,236,-1,0
2026,392,191,3,1139,LIMA BARRETO - ESCOLA MUNICIPAL - LINHA 128,ZONA RURAL,-11.08236,-61.82019,227,-1,0
2026,393,191,3,1147,JUNQUEIRA FREIRE - ESCOLA MUNICIPAL - LINHA 140,ZONA RURAL,-11.16045,-61.71047,231,-1,0
2026,394,191,3,1163,RIO SÃO FRANCISCO - ESCOLA ESTADUAL - VILA SANTO ANTÔNIO,VILA SANTO ANTONIO,-11.08249,-62.11354,161,-1,0
2026,395,213,5,1015,ANGELINA DOS ANJOS - ESCOLA ESTADUAL,CENTRO,-12.43736,-64.23164,3048,-1,0
2026,396,213,5,1023,ILTON JOSE MARTINS - ESCOLA MUNICIPAL,DISTRITO SAO DOMINGOS DO GUAPORE,-12.07525,-64.02949,1124,-1,0
2026,397,213,5,1082,GOMES CARNEIRO - ESCOLA MUNICIPAL ,CENTRO,-12.44452,-64.22763,1491,-1,0
2026,398,213,5,1112,GENERAL SAMPAIO - ESCOLA MUNICIPAL,DISTRITO FORTE PRINCIPE DA BEIRA,-12.42608,-64.42421,180,-1,0
2026,399,213,5,1120,RAIMUNDO OLIVEIRA DE MESQUITA - ESCOLA ESTADUAL,SETOR 04,-12.43373,-64.22421,1314,-1,0
2026,400,213,5,1139,POLO - MARIA LUCINETE FIRMINO MIRANDA - ESCOLA MUNICIPAL,ZONA RURAL,-12.31204,-64.27132,381,-1,0
2026,401,213,5,1155,DARCY DA SILVEIRA - ESCOLA ESTADUAL,DISTRITO SAO DOMINGOS DO GUAPORE,-12.07406,-64.03338,1563,-1,0
2026,402,230,8,1015,MANUEL BANDEIRA - MANUEL BANDEIRA - COLEGIO,CENTRO,-13.11755,-60.53958,3249,108,0
2026,403,230,8,1023,PAULO DE ASSIS RIBEIRO - PAULO DE ASSIS RIBEIRO - COLEGIO,CENTRO,-13.12105,-60.54638,2927,99,0
2026,404,230,8,1066,CLAIR DA SILVA WEYH - CLAIR DA SILVA WEYH - ESCOLA MUNICIPAL,ZONA RURAL,-13.22859,-60.54475,544,-1,0
2026,405,230,8,1090,DEZESSEIS DE JUNHO - DEZESSEIS DE JUNHO - COLEGIO,CENTRO,-13.12828,-60.53589,2041,100,0
2026,406,230,8,1104,ANGELO ANGELIN - ANGELO ANGELIN - ESCOLA ESTADUAL,CENTRO,-13.1295,-60.54923,1563,105,0
2026,407,230,8,1120,JULIETA VILELA VELOSO - JULIETA VILELA VELOSO - COLEGIO,SANTA LUZIA,-13.11628,-60.55436,868,107,0
2026,408,230,8,1139,CEEJA - CENTRO DE ENSINO SUPLETIVO - ESCOLA ESTADUAL,CENTRO,-13.11945,-60.54728,1377,99,0
2026,409,230,8,1163,GETULIO VARGAS - GETULIO VARGAS - ESCOLA,DISTRITO NOVO COLORADO,-13.29682,-60.70189,282,-1,0
2026,410,230,8,1201,PLANALTO - PLANALTO - ESCOLA PLANALTO,ZONA RURAL,-13.04331,-60.68763,248,-1,0
2026,411,230,8,1236,MARCOS DONADON - MARCOS DONADON - ESCOLA,SÃO JOSÉ,-13.10804,-60.5364,400,98,0
2026,412,256,12,1015,JEAN PIAGET - ESCOLA ESTADUAL,MORADA DO SOL,-11.52938,-61.0208,3668,115,0
2026,413,256,12,1023,07 DE SETEMBRO - ESCOLA ESTADUAL,CENTRO,-11.52643,-61.01337,3639,111,0
2026,414,256,12,1031,MARIA LOURENCO CASSIANO - ESCOLA ESTADUAL,NOVA ESPERANCA,-11.50398,-61.12999,635,-1,0
2026,415,256,12,1040,BRAS CUBAS - ESCOLA MUNICIPAL,CANELINHA,-11.46154,-60.9236,585,-1,0
2026,416,256,12,1058,TANCREDO DE ALMEIDA NEVES - ESCOLA ESTADUAL,BOA VISTA DO PACARANA,-11.00248,-60.84677,1148,-1,0
2026,417,256,12,1066,VINICIUS DE MORAES - ESCOLA ESTADUAL,CAIXA D'AGUA,-11.52104,-61.01558,1321,110,0
2026,418,256,12,1163,MARIA ROSA DE OLIVEIRA - ESCOLA MUNICIPAL,ZONA RURAL,-11.40728,-60.75348,528,-1,0
2026,419,256,12,1171,DILSON BELO - ESCOLA MUNICIPAL,ZONA RURAL,-11.46143,-60.60243,192,-1,0
2026,420,256,12,1228,JERRIS ADRIANE TURATTI - ESCOLA ESTADUAL,VISTA ALEGRE,-11.53667,-61.01455,2836,119,0
2026,421,256,12,1252,SANTA ISABEL - IGREJA,ZONA RURAL,-11.67062,-60.85043,97,-1,0
2026,422,256,12,1279,BOM JESUS DA PAZ - IGREJA,ZONA RURAL,-11.57978,-60.74463,296,-1,0
2026,423,256,12,1317,PRODUTORES RURAIS - ASPROKAP - ASSOC,ZONA RURAL,-11.50359,-60.80332,224,-1,0
2026,424,256,12,1333,SAO PEDRO (RIBEIRÃO) - ASSOC - COMU,ZONA RURAL,-11.35914,-60.8976,215,-1,0
2026,425,256,12,1350,RIO CLARO -  ASSOC - QUADRA,ZONA RURAL,-11.38787,-60.96008,339,-1,0
2026,426,256,12,1376,SAO BENTO - IGREJA - COMU,ZONA RURAL,-11.17896,-60.79659,194,-1,0
2026,427,256,12,1414,TEOBALDO FERREIRA - ESCOLA MUNICIPAL,JORGE TEIXEIRA DE OLIVEIRA,-11.53906,-61.00531,2414,113,0
2026,428,256,12,1430,AURELIO BUARQUE DE HOLANDA - ESCOLA MUNICIPAL,SETOR CACHOEIRA,-11.53699,-60.71826,464,-1,0
2026,429,256,12,1473,SIMONE MOURA ROSA - ESCOLA MUNICIPAL,SAO JOSE,-11.53788,-61.02546,1677,118,0
2026,430,256,12,1481,FERNANDA SOUZA DE PAULA - ESCOLA ESTADUAL,LIBERDADE,-11.53109,-61.00693,1851,114,0
2026,431,256,12,1511,MARIA DI SANCTIS SANTOS - ESCOLA ESTADUAL,CIDADE ALTA,-11.51928,-61.01115,790,110,0
2026,432,256,12,1538,JOAO BRAVO - ALDEIA INDÍGENA - CINTA LARGA,ALDEIA JOÃO BRAVO,-11.46599,-60.88598,19,-1,1
2026,433,256,12,1546,ROOSEVELT - ALDEIA INDÍGENA - CINTA LARGA,ALDEIA ROOSEVELT,-11.49127,-60.46533,206,-1,0
2026,434,272,16,1015,CASTRO ALVES - ESCOLA ESTADUAL,CENTRO,-13.18839,-60.82283,4125,97,1
2026,435,272,16,1023,FLORIANO PEIXOTO - ESCOLA ESTADUAL,CENTRO,-13.18937,-60.81866,1890,90,0
2026,436,272,16,1031,TANCREDO DE ALMEIDA NEVES - ESCOLA ESTADUAL,LIBERDADE,-13.19283,-60.8147,4299,96,0
2026,437,272,16,1058,JERÔNIMO GARCIA DE SANTANA - ESCOLA ESTADUAL,JOSÉ DE ANCHIETA,-13.19994,-60.81087,1580,89,1
2026,438,272,16,1082,ISABEL OLIVEIRA DE ALMEIDA - ESCOLA MUNICIPAL,FLORESTA,-13.19695,-60.82552,1396,92,0
2026,439,299,29,1015,ALUIZIO PINHEIRO FERREIRA - ESCOLA ESTADUAL,CENTRO,-11.72821,-61.77522,5369,288,0
2026,440,299,29,1031,NILSON SILVA - ESCOLA ESTADUAL,JARDIM TROPICAL,-11.72724,-61.76241,4232,291,0
2026,441,299,29,1040,TANCREDO DE ALMEIDA NEVES - ESCOLA ESTADUAL,BEIRA RIO,-11.73607,-61.77532,5605,284,0
2026,442,299,29,1066,CER - CENTRO EDUCACIONAL DE ROLIM DE MOURA,BOA ESPERANÇA,-11.73357,-61.78361,1103,285,0
2026,443,299,29,1090,CARLOS DRUMOND DE ANDRADE - ESCOLA ESTADUAL,SÃO CRISTOVÃO,-11.72908,-61.78962,3004,296,0
2026,444,299,29,1104,JOSE ROSALES DOS SANTOS - ESCOLA ESTADUAL,DISTRITO NOVA ESTRELA,-11.72498,-61.55452,841,-1,0
2026,445,299,29,1112,ULISSES GUIMARÃES - ESCOLA ESTADUAL,BOA ESPERANÇA,-11.7418,-61.79037,1026,285,0
2026,446,299,29,1120,POLO FRANCISCA DURAN COSTA - ESCOLA MUNICIPAL,ZONA RURAL,-11.72605,-61.65888,477,-1,0
2026,447,299,29,1147,PROFESSOR DIONISIO QUINTINO - ESCOLA MUNICIPAL,BEIRA RIO,-11.73901,-61.77056,526,284,0
2026,448,299,29,1155,CEEJA - CENTRO ESTADUAL DE EDUCAÇÃO DE JOVENS E ADULTOS,PLANALTO,-11.72368,-61.78184,2285,288,0
2026,449,299,29,1163,COLÉGIO TIRADENTES DA POLÍCIA MILITAR - CTPM VIII - ESCOLA ESTADUAL,CIDADE ALTA,-11.71766,-61.79934,5182,289,0
2026,450,299,29,1171,CÂNDIDO PORTINARI - ESCOLA ESTADUAL,PLANALTO,-11.72396,-61.78309,4969,288,0
2026,451,299,29,1210,MONTEIRO LOBATO - ESCOLA ESTADUAL,PLANALTO,-11.71451,-61.78534,585,295,0
2026,452,299,29,1244,MARIA DE FÁTIMA DE OLIVEIRA - ESCOLA MUNICIPAL,SÃO CRISTOVÃO,-11.72959,-61.78814,1596,296,0
2026,453,299,29,1252,JOÃO BATISTA DIAS - ESCOLA MUNICIPAL,CIDADE ALTA,-11.71938,-61.79934,294,289,0
2026,454,299,29,1260,UNIR - UNIVERSIDADE FEDERAL DE RONDÔNIA,NOVA MORADA,-11.70487,-61.77672,3277,293,0
2026,455,299,29,1287,PEQUENO PRÍNCIPE - ESCOLA MUNICIPAL,DISTRITO NOVA ESTRELA,-11.7274,-61.54881,833,-1,0
2026,456,310,17,1015,TANCREDO DE  ALMEIDA  NEVES - ESCOLA ESTADUAL,PRINCESA ISABEL,-11.92442,-62.00323,2377,3,0
2026,457,310,17,1023,PEDRO ALEIXO - ESCOLA MUNICIPAL - DISTR VILA SANTO ANTÔNIO,DISTRITO VILA SANTO ANTONIO,-12.08878,-62.10503,1046,-1,0
2026,458,310,17,1074,EURIDICE LOPES PEDROSO - ESCOLA ESTADUAL,CENTRO,-11.92746,-61.99515,2122,0,0
2026,459,310,17,1082,ANA NERY - ESCOLA MUNICIPAL - DISTR ROLIM DE MOURA DO GUAPORE,DISTRITO DE ROLIM DE MOURA DO GUAPORÉ,-13.08366,-62.27712,377,-1,0
2026,460,310,17,1210,TIRADENTES DA POLÍCIA MILITAR (CTPM) - ESCOLA ESTADUAL,REDONDO,-11.93429,-62.00304,3853,4,0
2026,461,310,17,1236,JUSCELINO KUBITSCHEK DE OLIVEIRA - ESCOLA ESTADUAL,SANTA FELICIDADE,-11.9249,-61.98923,3388,5,0
2026,462,310,17,1244,IZIDORO STÉDILE - ESCOLA MUNICIPAL - DISTR IZIDOLÂNDIA,DISTRITO DE IZIDOLÂNDIA,-12.60324,-62.17523,533,-1,0
2026,463,310,17,1252,MARIA DE SOUZA PEGO - ESCOLA MUNICIPAL - DISTR NOVA GEAZA,DISTRITO DE NOVA GEAZA,-11.91792,-62.32096,378,-1,0
2026,464,310,17,1260,PADRE FEIJÓ - ESCOLA MUNICIPAL - DISTR FILADÉLFIA,DISTRITO DE FILADÉLFIA,-12.43688,-62.04247,347,-1,0
2026,465,310,17,1287,PROENC - JOSÉ BASILIO DA GAMA - ESCOLA MUNICIPAL,ZONA RURAL,-11.88532,-62.06719,223,-1,0
2026,466,310,17,1295,7 DE SETEMBRO - ESCOLA MUNICIPAL - SUCURI,ZONA RURAL,-12.04268,-62.17754,55,-1,0
2026,467,310,17,1309,BOATT GERAINNY - ESCOLA ESTADUAL - ALDEIA SÃO LUIZ,RESERVA INDÍGENA RIO BRANCO,-12.00521,-62.48836,188,-1,0
2026,468,310,17,1317,KON KOATT TUPARI - ESCOLA ESTADUAL - ALDEIA CAJUÍ,RESERVA INDÍGENA RIO BRANCO,-12.34724,-62.79646,156,-1,0
2026,469,310,17,1325,BOA ESPERANÇA - ESCOLA MUNICIPAL - DISTR VILA DO MARCÃO,VILA DO MARCÃO,-12.12975,-61.99305,558,-1,0
2026,470,310,17,1333,POTY - ESCOLA MUNICIPAL,ZONA RURAL,-12.04235,-62.03098,374,-1,0
2026,471,310,17,1341,MARTIM AFONSO DE SOUZA - ESCOLA MUNICIPAL,ZONA RURAL,-11.94888,-62.22946,187,-1,0
2026,472,310,17,1384,ANOMAE TUPARI - ESCOLA ESTADUAL - ALDEIA SERRINHA,RESERVA INDÍGENA RIO BRANCO,-12.08237,-62.60146,182,-1,0
2026,473,310,17,1392,FLORESTA ENCANTADA - ESCOLA MUNICIPAL,CIDADE ALTA,-11.93157,-61.98824,1832,1,0
2026,474,337,18,1015,HUMBERTO DE CAMPOS - ESCOLA ESTADUAL,TANCREDOPOLIS,-11.19495,-62.17591,1021,-1,0
2026,475,337,18,1031,MONTEIRO LOBATO - ESCOLA MUNICIPAL - DISTR TERRA BOA,TERRA BOA,-11.51141,-62.46024,984,-1,0
2026,476,337,18,1139,SANTA ANA - ESCOLA ESTADUAL,CENTRO,-11.34874,-62.28398,3798,-1,0
2026,477,337,18,1198,JOAQUIM XAVIER DE OLIVEIRA - ESCOLA ESTADUAL,CIDADE ALTA,-11.35254,-62.29466,2588,-1,0
2026,478,337,18,1210,MONTE ALEGRE - ESCOLA ESTADUAL,ALTO ALEGRE,-11.33277,-62.27792,575,-1,0
2026,479,337,18,1236,NOVO DESTINO - ESCOLA MUNICIPAL,ZONA RURAL,-11.22239,-62.41572,308,-1,0
2026,480,337,18,1252,SENADOR DARCY RIBEIRO - ESCOLA MUNICIPAL,ZONA RURAL,-11.22333,-62.52416,230,-1,0
2026,481,337,18,1279,CENTRO EDUCACIONAL INFANTIL CRIANÇA FELIZ,CENTRO,-11.343,-62.28707,1528,-1,0
2026,482,353,19,1040,ASPRUBE - ASSOCIAÇÃO,ZONA RURAL,-12.12951,-61.74667,161,-1,0
2026,483,353,19,1082,JUSCELINO KUBITSCHEK - ESCOLA ESTADUAL - 1 E 2 GRAU,CENTRO,-11.90843,-61.77924,3076,297,0
2026,484,353,19,1090,IGREJA SAGRADO CORAÇÃO DE JESUS,ZONA RURAL,-11.90638,-61.54867,237,-1,0
2026,485,353,19,1287,JOSÉ RONALDO ARAGÃO - ESCOLA MUNICIPAL,SAÚDE,-11.90994,-61.77349,943,303,0
2026,486,353,19,1333,MANOEL DE LIMA PAZ - ESCOLA MUNICIPAL,CENTRO,-11.90529,-61.77844,1461,298,0
2026,487,353,19,1350,CRECHE EMEI TIA LILI,SAÚDE,-11.91271,-61.7722,947,300,0
2026,488,370,15,1015,AURELIO BUARQUE DE HOLANDA FERREIRA - ESCOLA ESTADUAL,SETOR 14,-11.72852,-62.32032,3123,-1,0
2026,489,370,15,1023,ALEXANDRE DE GUSMÃO - ESCOLA ESTADUAL,SETOR 13,-11.72846,-62.30698,2981,-1,0
2026,490,370,15,1031,ROCHA POMBO - ESCOLA ESTADUAL,SETOR 15,-11.71992,-62.32681,2501,-1,0
2026,491,370,15,1040,MARIA APARECIDA VILA NOVA PIRES FARIAS - ESCOLA MUNICIPAL,ZONA RURAL,-11.32536,-62.02524,276,-1,0
2026,492,370,15,1058,MACHADO DE ASSIS - ESCOLA MUNICIPAL,SETOR 14,-11.72012,-62.3172,2216,-1,0
2026,493,370,15,1066,CEEJA - CECILIA MEIRELES - ESCOLA ESTADUAL,SETOR 14,-11.72335,-62.32075,1482,-1,0
2026,494,370,15,1074,ANA CAROLINA DALLA COSTA - ESCOLA MUNICIPAL,SETOR 14,-11.72357,-62.31973,822,-1,0
2026,495,396,32,1015,PADRE ANGELO CERRI - ESCOLA MUNICIPAL,NUCLEO RURAL TABAJARA,-8.93331,-62.0559,486,-1,0
2026,496,396,32,1023,ALBERTO NEPOMUCENO - ESCOLA ESTADUAL,CENTRO,-9.42747,-62.00592,3445,182,1
2026,497,396,32,1031,JOAQUIM PEREIRA DA ROCHA - ESCOLA ESTADUAL,CENTRO,-9.42439,-61.99529,4052,191,0
2026,498,396,32,1058,VISCONDE DO RIO BRANCO - ESCOLA MUNICIPAL,DISTRITO 5º BEC,-9.68553,-62.20986,1393,-1,0
2026,499,396,32,1074,VALDOMIRO FRANCISCO DE OLIVEIRA - ESCOLA ESTADUAL,DISTRITO 5º BEC,-9.6873,-62.20739,1998,-1,0
2026,500,396,32,1082,CEEJA PAULO FREIRE - ESCOLA ESTADUAL,CENTRO,-9.42563,-61.9983,2825,181,0
2026,501,396,32,1090,ROBERTO MARINHO - ESCOLA MUNICIPAL,NÚCLEO RURAL MA 16,-9.68102,-61.97974,260,-1,0
2026,502,396,32,1104,JOVINA DE CARVALHO RIBEIRO - ESCOLA MUNICIPAL,CENTRO,-9.42956,-62.00137,2305,185,0
2026,503,396,32,1112,JOÃO PAULO II - ESCOLA MUNICIPAL,AREA RURAL,-9.17468,-61.7285,364,-1,0
2026,504,396,32,1120,TOM JOBIM - ESCOLA MUNICIPAL,AREA RURAL,-9.25018,-61.82277,301,-1,0
2026,505,396,32,1139,VIVALDINO FERNANDES DE AVILA - ESCOLA ESTADUAL,DISTRITO ESTRELA AZUL,-9.41952,-62.01158,2227,192,0
2026,506,396,32,1147,HERMÍNIA CASTOLDI DE OLIVEIRA-ESCOLA MUNICIPAL,AREA RURAL,-9.37413,-62.23316,645,-1,0
2026,507,396,32,1155,BOM FUTURO - ESCOLA MUNICIPAL,BOM FUTURO,-9.42061,-61.9847,1616,180,0
2026,508,396,32,1163,MARIA CONCEIÇÃO DE SOUZA - ESCOLA ESTADUAL,UNIAO,-9.43068,-61.99426,1644,191,1
2026,509,396,32,1171,AMIGOS DO CAMPO - ESCOLA POLO - ESCOLA MUNICIPAL,NÚCLEO RURAL AMIGOS DO CAMPO,-9.46598,-62.25673,703,-1,0
2026,510,396,32,1210,ANTONIO FRANCISCO LISBOA-ESCOLA MUNICIPAL,CEDRO JEQUITIBÁ,-9.58789,-62.28094,157,-1,0
2026,511,396,32,1228,ASSOCIAÇÃO DOS PEQ. PRODUTORES RURAIS DO PA UNIÃO (ESTRELA DO ORIENTE),NÚCLEO RURAL ORIENTE NOVO,-9.60151,-62.33594,333,-1,0
2026,512,396,32,1236,PROFESSOR CLAUDIOMIR CAMPESTRINI - ESCOLA MUNICIPAL,PRIMAVERA,-9.41526,-62.0076,241,193,0
2026,513,418,35,1015,PRINCESA ISABEL - ESCOLA ESTADUAL,CENTRO,-11.69684,-62.71737,5159,316,0
2026,514,418,35,1023,DEONILDO CARAGNATTO - ESCOLA ESTADUAL,CRISTO REI,-11.69083,-62.71355,3364,317,0
2026,515,418,35,1031,PRIMAVERA - DISTR SANTANA - ESCOLA MUNICIPAL,SANTANA DO GUAPORÉ,-11.72607,-62.49389,2180,-1,0
2026,516,418,35,1058,LAZARA ALVES DE LIMA - ESCOLA MUNICIPAL,PLANALTO,-11.68572,-62.71404,3615,321,0
2026,517,418,35,1066,TIO TECO - ESCOLA MUNICIPAL,CRISTO REI,-11.68952,-62.71423,2699,317,0
2026,518,418,35,1082,TRINDADE - RESERVA NO RIO BRANCO,ALDEIA,-12.09342,-62.61303,52,-1,0
2026,519,418,35,1090,COMUNIDADE QUILOMBOLA DE JESUS,ZONA RURAL,-12.17522,-63.11728,25,-1,0
2026,520,434,1,1171,CASIMIRO DE ABREU - ESCOLA ESTADUAL,CENTRO,-10.41253,-65.32922,3802,328,0
2026,521,434,1,1180,MARIA ALEUDA  - ESCOLA MUNICIPAL,LINHA 8 D,-10.39359,-65.18888,459,-1,0
2026,522,434,1,1228,NAPOLEÃO LOBO DE MIRANDA - ESCOLA MUNICIPAL,DISTRITO DE ARARAS,-10.06001,-65.31806,455,-1,0
2026,523,434,1,1236,LUCIANA MARONARI LH20 - ESCOLA MUNICIPAL,DISTRITO DE PALMEIRAS,-10.38008,-64.97118,1276,-1,0
2026,524,434,1,1244,ONORINA DE SOUZA - ESCOLA MUNICIPAL,DISTRITO DE NOVA DIMENSAO,-10.3649,-64.80385,2212,-1,0
2026,525,434,1,1287,SALOMAO SILVA - ESCOLA ESTADUAL,CIDADE NOVA,-10.41616,-65.33556,2054,325,0
2026,526,434,1,1295,JORGE TEIXEIRA - ESCOLA MUNICIPAL,PLANALTO,-10.40519,-65.33073,1658,330,0
2026,527,434,1,1309,OSVALDO RIBEIRO DO NASCIMENTO -  ESCOLA MUNICIPAL,LINHA 34 D,-10.3221,-64.59671,316,-1,0
2026,528,434,1,1333,MARECHAL CANDIDO RONDON - ESCOLA MUNICIPAL,3ª LINHA DO RIBEIRÃO,-10.13441,-65.17988,1266,-1,0
2026,529,434,1,1341,EDUARDO VALVERDE - ESCOLA MUNICIPAL,NOVA REDENCAO,-10.42268,-65.33318,1156,326,0
2026,530,434,1,1350,PROFA MARIA LAURINDA GROFF - ESCOLA ESTADUAL,DISTRITO DE NOVA DIMENSAO,-10.36964,-64.80462,1986,-1,0
2026,531,434,1,1368,PEDRO MENDES CARDOSO - ESCOLA ESTADUAL,DISTRITO JACINOPOLIS,-10.27101,-64.28257,2811,-1,0
2026,532,450,8,1015,CHICO MENDES - CHICO MENDES - COLEGIO,DISTRITO ESTRELA DO OESTE,-13.40669,-60.69333,284,-1,0
2026,533,450,8,1040,JOSÉ DE ANCHIETA - JOSÉ DE ANCHIETA - ESCOLA,CENTRO,-13.49361,-60.54522,2551,-1,0
2026,534,450,8,1074,PLANALTO - PLANALTO - COLEGIO PLANALTO,DISTRITO PLANALTO SAO LUIZ,-13.37441,-60.41676,485,-1,0
2026,535,450,8,1163,CHICO SOLDADO - CHICO SOLDADO - ESCOLA MUNICIPAL DE EDUCAÇÃO INFANTIL,CENTRO,-13.48877,-60.54509,1627,-1,0
2026,536,477,21,1015,TEODORO DE ASSUNCAO - ESCOLA ESTADUAL,SANTA ISABEL,-8.79821,-63.71144,1572,337,0
2026,537,477,21,1023,DOM JOAO BATISTA COSTA - ESCOLA MUNICIPAL,UNIÃO,-8.79165,-63.70001,3874,334,0
2026,538,477,21,1031,JONATHAS COELHO NEIVA - ESCOLA MUNICIPAL,DISTRITO TRIUNFO,-9.27948,-63.46997,934,-1,0
2026,539,477,21,1040,CARLOS DRUMOND DE ANDRADE - ESCOLA ESTADUAL,UNIÃO,-8.79526,-63.70481,3287,339,0
2026,540,477,21,1058,JAIME BACESSAT - ESCOLA ESTADUAL,SATÉLITE,-8.79507,-63.70843,3120,338,0
2026,541,477,21,1066,ALBINO BUTTNER - ESCOLA ESTADUAL,DISTRITO TRIUNFO,-9.27656,-63.46865,1902,-1,0
2026,542,477,21,1074,PRE ESCOLA FRANCISCO ALVES DA SILVA,PALHEIRAL,-8.78205,-63.69963,628,336,0
2026,543,477,21,1082,MÁRIO COVAS - ESCOLA MUNICIPAL,DISTRITO VILA NOVA SAMUEL,-8.65818,-63.41232,1799,-1,0
2026,544,477,21,1090,CANDIDO GIACOMETT - ESCOLA MUNICIPAL,PROJETO DE ASSENTAMENTO FLOR DO AMAZONAS,-8.98001,-63.58305,721,-1,0
2026,545,477,21,1112,VOVÓ GINOCA - ESCOLA MUNICIPAL,UNIÃO,-8.79433,-63.70636,1076,339,0
2026,546,477,21,1120,MARIA GORETE ALVES SOUZA - ESCOLA MUNICIPAL,SANTA LETÍCIA,-8.79037,-63.69507,1212,334,1
2026,547,477,21,1139,ESCOLA MÁRIO COVAS - VILA MIRITI,vila miriti,-8.6831,-63.00105,366,-1,0
2026,548,493,2,1015,DR CUSTÓDIO - ESCOLA MUNICIPAL,CENTRO,-9.19019,-63.18892,1819,-1,0
2026,549,493,2,1023,CECÍLIA MEIRELES - ESCOLA MUNICIPAL,ZONA RURAL,-9.28507,-63.2024,471,-1,0
2026,550,493,2,1031,PAULO FREIRE - ESCOLA ESTADUAL,CENTRO,-9.18589,-63.18685,3089,-1,0
2026,551,493,2,1040,SOSSEGO DA MAMÃE - ESCOLA MUNICIPAL,CENTRO,-9.18496,-63.18607,1838,-1,0
2026,552,515,15,1015,MARECHAL CÂNDIDO RONDON - ESCOLA ESTADUAL,CENTRO,-11.70671,-61.99982,3840,-1,0
2026,553,515,15,1023,AMÉRICO BRASILIENSE - ESCOLA ESTADUAL,DISTRITO MIGRANTINÓPOLIS,-11.72743,-62.14708,3184,-1,0
2026,554,531,15,1015,EUGÊNIO LAZARIN - ESCOLA MUNICIPAL,DISTRITO JARDINÓPOLIS,-11.50007,-61.88748,1467,-1,0
2026,555,531,15,1023,FRANCISCA JULIA DA SILVA - ESCOLA ESTADUAL,BAIRRO CENTRO,-11.43059,-61.9473,1928,-1,0
2026,556,558,28,1023,ESCOLA ESTADUAL - TUBARAO,CENTRO,-10.42741,-62.13328,2473,-1,0
2026,557,558,28,1031,CENTRO EDUCACIONAL PROFESSORA MARIA MATILDE- ESCOLA MUNICIPAL,CENTRO,-10.4279,-62.12918,1232,-1,0
2026,558,558,28,1040,ESCOLA MUNICIPAL JORGE TEIXEIRA,DISTRITO SANTA ROSA,-10.19765,-62.01905,563,-1,0
2026,559,558,28,1066,ESCOLA MUNICIPAL DE ENSINO FUNDAMENTAL PROFESSORA IVONETE VENÂNCIO,SETOR 04,-10.42966,-62.12338,1257,-1,0
2026,560,566,18,1015,WALDEMAR HIGINO DE SOUZA - ESCOLA MUNICIPAL,SETOR 1 - SUMAUMA,-11.13522,-62.36525,1637,354,0
2026,561,566,18,1023,ADEILDO MARTINS - ESCOLA MUNICIPAL,SETOR 4 - ALTO ALEGRE,-11.12078,-62.37496,2873,350,0
2026,562,566,18,1031,ALTAMIR BILLYS SOARES - ESCOLA ESTADUAL,SETOR 3 - NOVO HORIZONTE,-11.1254,-62.37119,3778,352,0
2026,563,566,18,1082,NOVA ESTRELA - ESCOLA MUNICIPAL - DISTR NOVA ALIANÇA,NOVA ALIANÇA,-11.19003,-62.48772,558,-1,0
2026,564,566,18,1090,EUCLIDES DA CUNHA - ESCOLA MUNICIPAL,ZONA RURAL,-11.0862,-62.30252,338,-1,0
2026,565,574,28,1015,ESCOLA ESTADUAL MIGRANTES,CENTRO,-11.02904,-62.67672,2080,-1,0
2026,566,574,28,1031,ESCOLA MUNICIPAL PROFESSOR EDSON DUARTE LOPES,CENTRO,-11.02897,-62.66573,2284,-1,0
2026,567,574,28,1040,ESCOLA ESTADUAL FLORIZEL LAMEGO FERRARI,CENTRO,-11.03182,-62.66448,2236,-1,0
2026,568,574,28,1066,ESCOLA INDÍGENA AMONDAWA,ALDEIA URU-EU-WAU-WAU,-11.06524,-62.95268,166,-1,0
2026,569,574,28,1074,ESCOLA MUNICIPAL DE ENSINO INFANTIL E FUNDAMENTAL ARQUIMEDES FERNANDES,CENTRO,-11.03822,-62.67404,1557,-1,0
2026,570,582,35,1015,RUI BARBOSA DE OLIVEIRA - ESCOLA ESTADUAL,CENTRO,-11.77201,-63.03755,1951,349,0
2026,571,582,35,1023,OSWALDO PIANA - ESCOLA ESTADUAL,CRISTO REI,-11.76872,-63.03373,3610,347,0
2026,572,582,35,1031,JOSE DO PATROCINIO - DISTR BOM SUCESSO - ESCOLA MUNICIPAL,BOM SUCESSO,-11.8244,-62.9233,1071,-1,0
2026,573,582,35,1040,PRINCESA ISABEL - DISTR NOVO PLANALTO - ESCOLA MUNICIPAL,NOVO PLANALTO,-11.90169,-63.09653,1513,-1,0
2026,574,582,35,1058,VENCESLAU BRÁS - ESCOLA MUNICIPAL,MENDES JUNIOR,-11.84256,-63.16498,501,-1,0
2026,575,582,35,1066,COMUNIDADE IMACULADA CONCEIÇÃO,VILA GUARUJÁ,-11.86737,-62.98996,232,-1,0
2026,576,582,35,1074,PINÓQUIO - ESCOLA MUNICIPAL,CRISTO REI,-11.77148,-63.03383,780,347,0
2026,577,590,27,1023,PAPA PAULO VI - ESCOLA MUNICIPAL,ZONA RURAL,-10.2807,-62.49368,360,-1,0
2026,578,590,27,1031,PRIMAVERA - ESCOLA ESTADUAL,CENTRO,-10.24627,-62.34973,3508,-1,0
2026,579,590,27,1040,MANOEL RIBEIRO - ESCOLA MUNICIPAL,DISTRITO VILA PALMARES DO OESTE,-10.02885,-62.34877,1931,-1,0
2026,580,590,27,1058,JOÃO MARQUES FERREIRA - ESCOLA MUNICIPAL,ZONA RURAL,-10.19201,-62.28047,488,-1,0
2026,581,590,27,1066,JOSILEI DA SILVA NASCIMENTO - ESCOLA MUNICIPAL,ZONA RURAL,-10.09925,-62.22218,736,-1,0
2026,582,590,27,1082,JOSUÉ DE CASTRO - ESCOLA MUNICIPAL,ZONA RURAL,-10.04688,-62.47137,546,-1,0
2026,583,604,11,1015,NILO COELHO - ESCOLA ESTADUAL,CENTRO,-11.19572,-61.51895,3146,-1,0
2026,584,604,11,1023,CECÍLIA MEIRELES - ESCOLA MUNICIPAL,CENTRO,-11.19747,-61.52003,1247,-1,0
2026,585,604,11,1031,BALÃO MÁGICO - ESCOLA MUNICIPAL,CENTRO,-11.1978,-61.52002,1080,-1,0
2026,586,604,11,1040,QUINTINO BOCAIÚVA - ESCOLA MUNICIPAL,ZONA RURAL,-11.20767,-61.61954,325,-1,0
2026,587,604,11,1058,AMADO FONTES - ESCOLA MUNICIPAL,ZONA RURAL,-11.106,-61.44482,344,-1,0
2026,588,612,27,1023,COSTA JÚNIOR - ESCOLA ESTADUAL,CENTRO,-10.61196,-62.73276,2226,342,0
2026,589,612,27,1031,JOSÉ SERAFIM BARBOSA - ESCOLA MUNICIPAL,DISTRITO COLINA VERDE,-10.5424,-63.01381,2055,-1,0
2026,590,612,27,1040,FERNAO DIAS PAES - ESCOLA MUNICIPAL,COMUNIDADE RURAL DE SÃO VICENTE,-10.71912,-62.88091,399,-1,0
2026,591,612,27,1058,VALDIRÃO - POSTO DE SAÚDE,ZONA RURAL,-10.77285,-62.93485,548,-1,0
2026,592,612,27,1066,ARMINDO FERREIRA FRAGA - ESCOLA MUNICIPAL,CENTRO,-10.61779,-62.72931,1518,341,0
2026,593,612,27,1074,ANTONIO AUGUSTO DE LIMA - ESCOLA MUNICIPAL,ZONA RURAL,-10.717,-62.95704,223,-1,0
2026,594,612,27,1082,ASSOCIAÇÃO VILA NOVA ESPERANÇA,ZONA RURAL,-10.59457,-63.49892,215,-1,0
2026,595,620,26,1023,FREI HENRIQUE DE COIMBRA - ESCOLA ESTADUAL,SETOR 01,-10.34315,-62.90135,2229,-1,0
2026,596,620,26,1031,NELSO ALQUIERI - ESCOLA MUNICIPAL,SETOR 05,-10.33818,-62.89871,1011,-1,0
2026,597,620,26,1040,VALDIR ALBERTON - ESCOLA MUNICIPAL - TRAVESSÃO B-40,ZONA RURAL,-10.24883,-63.13005,312,-1,0
2026,598,620,26,1058,WALDEMIRO DA SILVA MOURA - ESCOLA MUNICIPAL - CUNHA DO MARECHAL,ZONA RURAL,-10.31298,-62.7442,333,-1,0
2026,599,639,25,1015,LAURINDO RABELO - ESCOLA ESTADUAL,CENTRO,-9.72025,-63.31697,4433,-1,0
2026,600,639,25,1031,ROGÉRIO DA SILVA GONÇALVES - ESCOLA MUNICIPAL,CENTRO,-9.72641,-63.31557,2724,-1,0
2026,601,639,25,1040,SANTA MARCELINA - ESCOLA MUNICIPAL,CENTRO,-9.71884,-63.3202,2125,-1,0
2026,602,639,25,1058,POSTO DE SAÚDE - DISTRITO DE VILA NOVA,DISTRITO VILA NOVA,-9.52443,-63.07977,120,-1,0
2026,603,639,25,1066,UNIÃO DO ALTO ALEGRE - ESCOLA MUNICIPAL,ZONA RURAL,-9.71396,-63.51558,636,-1,0
2026,604,639,25,1074,MAURÍCIO DE NASSAU - ESCOLA MUNICIPAL - LINHA C-110,ZONA RURAL,-9.48698,-63.41775,600,-1,0
2026,605,639,25,1082,PADRE ANGELO SPADARI - ESCOLA MUNICIPAL - LINHA C-100,ZONA RURAL,-9.57438,-63.34223,438,-1,0
2026,606,639,25,1112,CUSTÓDIO GABRIEL FILHO - ESCOLA ESTADUAL DE ENSINO FUNDAMENTAL,JARDIM ALVORADA II,-9.71784,-63.31299,985,-1,0
2026,607,647,26,1023,FRANCISCO MIGNONE - ESCOLA ESTADUAL,SETOR 01,-9.70381,-62.89879,3505,-1,0
2026,608,655,16,1015,PROFESSOR LUIZ BENVENOTO DALA COSTA - ESCOLA MUNICIPAL,DISTRITO DE ALTO GUARAJUS,-12.96254,-60.88409,568,-1,0
2026,609,655,16,1023,COLINA VERDE - ESCOLA ESTADUAL,DISTRITO DE RONDOLANDIA,-13.01205,-60.82129,437,-1,0
2026,610,655,16,1031,OSWALDO PIANNA - ESCOLA ESTADUAL,CENTRO,-12.99626,-60.94937,1774,-1,0
2026,611,655,16,1040,MARECHAL RONDON - ESCOLA ESTADUAL,DISTRITO DE VITORIA DA UNIAO,-13.00993,-61.12603,1035,-1,0
2026,612,655,16,1058,NIVALDO RODRIGUES DA SILVA - UNIDADE BÁSICA DE SAÚDE,DISTRITO DE VERDE SERINGAL,-12.87161,-60.72573,278,-1,0
2026,613,655,16,1074,MUNDO MAGICO - ESCOLA MUNICIPAL,CENTRO,-12.99964,-60.93823,1655,-1,0
2026,614,663,25,1015,MATO GROSSO - ESCOLA ESTADUAL,SETOR 01,-10.26344,-63.299,3244,-1,0
2026,615,663,25,1023,AURELIO BUARQUE DE HOLANDA FERREIRA - ESCOLA ESTADUAL,SETOR 01,-10.26314,-63.29864,3597,-1,0
2026,616,663,25,1040,MARIA DE ABREU BIANCO - ESCOLA MUNICIPAL,SETOR 03,-10.25443,-63.29734,2048,-1,0
2026,617,663,25,1058,MÁRIO PALMÉRIO - ESCOLA MUNICIPAL - DISTR MASSANGANA,DISTRITO DE MASSANGANA,-10.02478,-63.28773,735,-1,0
2026,618,663,25,1066,FRANCISCO DOS SANTOS - ESCOLA MUNICIPAL,ZONA RURAL,-10.16042,-63.31784,557,-1,0
2026,619,671,34,1015,15 DE OUTUBRO - ESCOLA ESTADUAL,SETOR 02,-10.571,-63.61809,2576,-1,0
2026,620,671,34,1023,CASSIANO RICARDO - ESCOLA MUNICIPAL,CENTRO,-10.57108,-63.62227,1154,-1,0
2026,621,671,34,1031,RIO BRANCO - ESCOLA MUNICIPAL - DISTR CAMPO NOVO,VILA RIO BRANCO,-10.26428,-64.06112,1607,-1,0
2026,622,671,34,1040,TANCREDO NEVES II - ESCOLA MUNICIPAL - DISTR CAMPO NOVO,VILA UNIAO,-10.34179,-63.65577,1175,-1,0
2026,623,671,34,1066,7 DE SETEMBRO - ESCOLA MUNICIPAL - DISTR TRÊS COQUEIROS,AREA RURAL,-10.44498,-63.97305,1006,-1,0
2026,624,680,26,1015,ANTONIO FRANCISCO LISBOA - ESCOLA ESTADUAL,SETOR 03,-9.36795,-62.58412,4295,-1,0
2026,625,680,26,1023,PEQUENO PRÍNCIPE - ESCOLA MUNICIPAL,SETOR 02,-9.36883,-62.58227,4203,-1,0
2026,626,680,26,1031,ANTONIO FREDERICO DE CASTRO ALVES - POSTO DE SAÚDE - AMÉRICO VENTURA,ZONA RURAL,-9.47824,-63.0111,250,-1,0
2026,627,680,26,1040,TEOTÔNIO BRANDÃO VILELA - ESCOLA MUNICIPAL - CASTANHEIRAS,ZONA RURAL,-9.48379,-62.65756,565,-1,0
2026,628,680,26,1058,ALUÍSIO BECKER - ESCOLA MUNICIPAL,SETOR 01,-9.36239,-62.58039,1847,-1,0
2026,629,698,32,1015,BARTOLOMEU LOURENCO DE GUSMAO-ESCOLA ESTADUAL,CENTRO,-9.85716,-62.17374,3074,-1,0
2026,630,698,32,1023,DARCI RIBEIRO-ESCOLA MUNICIPAL,CENTRO,-9.86349,-62.17543,2703,-1,0
2026,631,698,32,1031,ORIBE ANTONIO DOS SANTOS-ESCOLA MUNICIPAL-NÚCLEO SÃO MARCOS,NUCLEO RURAL SAO MARCOS,-9.66958,-62.10137,628,-1,0
2026,632,698,32,1058,VANDERNEI SEBASTIÃO DOS SANTOS JÚNIOR - ESCOLA MUNICIPAL,AREA RURAL,-9.72747,-61.91632,217,-1,0
2026,633,701,19,1015,JOSÉ CESTARI - ESCOLA MUNICIPAL,CENTRO,-12.18066,-61.60169,2929,-1,0
2026,634,701,19,1023,ASSOCIAÇÃO RURAL - ASPRUNO,ZONA RURAL,-12.45937,-61.61707,114,-1,0
2026,635,701,19,1074,POSTO DE SAÚDE DA ZONA RURAL,ZONA RURAL,-12.23972,-61.48925,238,-1,0
2026,636,701,19,1082,DOM PEDRO II - ESCOLA MUNICIPAL,ZONA RURAL,-12.32373,-61.2866,310,-1,0
2026,637,701,19,1120,IGREJA EVANGÉLICA ASSEMBLEIA DE DEUS,ZONA RURAL,-12.34094,-61.46431,270,-1,1
2026,638,710,19,1112,COMUNIDADE SÃO JOÃO - IGREJA,ZONA RURAL,-11.90585,-61.41911,342,-1,0
2026,639,710,19,1171,IGREJA SÃO LUIZ REIS,ZONA RURAL,-11.86608,-61.48815,198,-1,0
2026,640,710,19,1201,ORLINDO GONÇALVES DA ROCHA - ESCOLA MUNICIPAL,CENTRO,-11.79897,-61.47393,1367,-1,0
2026,641,710,19,1210,E.M.E.I.E.F. GEONE SILVA FERREIRA,CENTRO,-11.91299,-61.50951,2616,-1,0
2026,642,728,9,1015,JOSE ANTONIO RODRIGUES - ESCOLA MUNICIPAL,CENTRO,-11.83089,-61.31864,753,-1,0
2026,643,728,9,1023,JOSE SEVERINO DOS SANTOS - ESCOLA ESTADUAL,CENTRO,-11.8327,-61.31784,1548,-1,0
2026,644,728,9,1031,ESTÁCIO DE SÁ - ESCOLA ESTADUAL,QUERENCIA DO NORTE,-11.97502,-61.37681,727,-1,0
2026,645,736,19,1015,ARTUR COSTA E SILVA - ESCOLA ESTADUAL,CENTRO,-12.13567,-61.85861,4152,-1,0
2026,646,736,19,1023,FERNANDO SABINO - ESCOLA MUNICIPAL,DISTRITO FLOR DA SERRA,-12.45667,-61.91396,567,-1,0
2026,647,736,19,1040,PAULO FREIRE - ESCOLA MUNICIPAL,CENTRO,-12.13453,-61.85452,3913,-1,0
2026,648,736,19,1066,JOÃO PAULO I - ESCOLA MUNICIPAL,ZONA RURAL,-12.50793,-61.61932,210,-1,0
2026,649,744,28,1023,ESCOLA ESTADUAL - MARIA GORETTI,CENTRO,-10.91603,-62.55451,2546,-1,0
2026,650,744,28,1031,ESCOLA MUNICIPAL - MARCOS ADRIANO ISSLER,CENTRO,-10.91488,-62.55471,1322,-1,0
2026,651,744,28,1040,ESCOLA MUNICIPAL - MANOEL FRANCISCO DE OLIVEIRA,CENTRO,-10.91463,-62.55581,1476,-1,0
2026,652,752,13,1015,PIONEIRA - ESCOLA ESTADUAL,CENTRO,-10.93264,-62.25635,2782,-1,0
2026,653,752,13,1023,SEBASTIÃO AMORIM DA SILVA - ESCOLA MUNICIPAL,CENTRO,-10.93293,-62.25994,1142,-1,0
2026,654,779,34,1015,BURITI - ESCOLA ESTADUAL,SETOR 03,-10.20722,-63.83009,4054,-1,0
2026,655,779,34,1023,ELVANDAS MARIA DE SIQUEIRA - ESCOLA ESTADUAL,SETOR 01,-10.2134,-63.82758,3800,-1,0
2026,656,779,34,1031,MARECHAL RONDON - ESCOLA MUNICIPAL,SETOR 04,-10.19997,-63.83071,4989,-1,0
2026,657,779,34,1040,MARIA DE ABREU BIANCO - ESCOLA ESTADUAL,SETOR 03,-10.20697,-63.83599,4476,-1,0
2026,658,779,34,1058,FRANCISCO JOSE CHIQUILITO ERSE - ESCOLA MUNICIPAL,SETOR 07,-10.21128,-63.84473,1702,-1,0
2026,659,779,34,1066,PAULO FREIRE - ESCOLA MUNICIPAL,SETOR 02,-10.21056,-63.82253,2122,-1,0
2026,660,779,34,1090,JOSÉ BONIFÁCIO DE ANDRADA E SILVA - ESCOLA MUNICIPAL,AREA RURAL,-10.19012,-63.67514,551,-1,0
2026,661,779,34,1104,TIRADENTES - ESCOLA MUNICIPAL,AREA RURAL,-10.02931,-63.91081,681,-1,0
2026,662,779,34,1112,MARIA MARTA BRAGA - ESCOLA MUNICIPAL,AREA RURAL,-10.11752,-64.08655,593,-1,0
2026,663,779,34,1120,JOSÉ AMÉRICO DE ALMEIDA - ESCOLA MUNICIPAL,AREA RURAL,-10.15145,-63.90495,366,-1,0
2026,664,787,16,1015,INACIO DE CASTRO - ESCOLA ESTADUAL,CENTRO,-13.48098,-61.04774,2286,-1,0
2026,665,795,5,1015,ESCOLA INDÍGENA ESTADUAL DE ENSINO FUNDAMENTAL IRIA DOS REIS FREITAS,DISTRITO PORTO MURTINHO,-12.06105,-63.5762,466,-1,0
2026,666,795,5,1023,CAMPOS SALES - ESCOLA ESTADUAL,CENTRO,-12.06208,-63.56744,3646,-1,0
2026,667,795,5,1031,POLO - PEREIRA E CACERES - ESCOLA MUNICIPAL,DISTRITO PORTO MURTINHO,-12.05635,-63.56978,893,-1,0
2026,668,795,5,1058,EUCLIDES DA CUNHA - ESCOLA MUNICIPAL,DISTRITO PEDRAS NEGRAS,-12.85223,-62.90228,57,-1,0
2026,669,795,5,1074,SENADOR RONALDO ARAGAO - ESCOLA MUNICIPAL,CENTRO,-12.06134,-63.56529,1786,-1,0
2026,670,795,5,1082,NEUZA DE OLIVEIRA BRAVIN - ESCOLA MUNICIPAL,ZONA RURAL,-12.07146,-63.71959,1410,-1,0
2026,671,795,5,1090,MARCILENE CARVALHO RICARDO- ESCOLA ESTADUAL,SETOR 08,-12.07316,-63.56854,2456,-1,0
2026,672,795,5,1104,REGINA ALMEIDA DE ARAUJO - ESCOLA MUNICIPAL,CIDADE ALTA,-12.05368,-63.57084,1999,-1,0
2026,673,809,8,1023,ESCOLA IRMÃS JULIANA E ALINI DOS SANTOS MARCOS - ESCOLA MUNICIPAL,CENTRO,-12.55864,-60.90594,2325,-1,0
2026,674,809,8,1031,ANA PAULA MARQUES - DISTRITO DE BOA ESPERANÇA - ESCOLA MUNICIPAL,DISTRITO BOA ESPERANCA,-12.29742,-61.04774,852,-1,0
2026,675,809,8,1058,ESCOLA GUAPORÉ - VALTER JOSÉ ZANELLA - DISTRITO DE GUAPORÉ,DISTRITO GUAPORÉ,-12.22945,-60.68701,597,-1,0
2026,676,809,8,1066,ESCOLA NOVO PLANO - CLEBERSON DIAS MEIRELES GERMINI - ESCOLA MUNICIPAL,DISTRITO NOVO PLANO,-12.44525,-61.10485,1087,-1,0
2026,677,809,8,1082,ÁGUA VIVA - ASSENTAMENTO ZÉ BENTÃO - ESCOLA MUNICIPAL,ASSENTAMENTO ZÉ BENTÃO,-12.79835,-60.84974,388,-1,0
2026,678,809,8,1090,MOACYR CARAMELLO - MOACYR CARAMELLO - ESCOLA ESTADUAL,CENTRO,-12.55111,-60.89703,2446,-1,0
