ano,lid,cd_tse,zona,nr_local,nome,bairro_tse,lat,lon,aptos,bairro,aprox
2020,0,73008,7,1015,COLÉGIO ESTADUAL SÃO PEDRO,CENTRO,-9.6243,-49.1563,1202,-1,0
2020,1,73008,7,1023,ESCOLA MUNICIPAL PAULO FREIRE,ZONA RURAL,-9.27373,-49.58077,168,-1,0
2020,2,73008,7,1031,ESCOLA MUNICIPAL JÚLIO PINHEIRO,CENTRO,-9.62052,-49.15573,869,-1,0
2020,3,73016,27,1015,COLEGIO ESTADUAL SAO JOSE,CENTRO,-6.76909,-48.29369,1184,-1,0
2020,4,73016,27,1023,ESCOLA MUNICIPAL PADRE ANTONIO,CENTRO,-6.7695,-48.29433,678,-1,0
2020,5,73016,27,1066,ESCOLA MUNICIPAL MONTE SINAI,ZONA RURAL,-6.96498,-48.2544,177,-1,0
2020,6,73016,27,1074,ESCOLA MUNICIPAL GILMAR ALVES BATISTA,ZONA RURAL,-6.94707,-48.19476,176,-1,0
2020,7,73024,27,1015,COLÉGIO ESTADUAL JOÃO XXIII,CENTRO,-6.44177,-48.13952,1333,-1,0
2020,8,73024,27,1023,ESCOLA MUNICIPAL TANCREDO NEVES,ZONA RURAL,-6.50195,-48.05638,925,-1,0
2020,9,73024,27,1031,ESCOLA MUNICIPAL DOM PEDRO I,ZONA RURAL,-6.48582,-48.08953,171,-1,0
2020,10,73024,27,1040,ESCOLA MUNICIPAL TIRADENTES,ZONA RURAL,-6.37509,-48.15551,147,-1,0
2020,11,73024,27,1066,ESCOLA MUNICIPAL TEODORO SÁ,CENTRO,-6.44222,-48.13886,794,-1,0
2020,12,73024,27,1074,ASSOCIAÇÃO DOS TRABALHADORES RURAIS DO PA CANOA,ZONA RURAL,-6.54891,-48.09952,308,-1,0
2020,13,73032,27,1015,COLEGIO ESTADUAL JOSE DE SOUSA PORTO,CENTRO,-6.71057,-47.7503,2534,-1,0
2020,14,73032,27,1031,ESCOLA MUNICIPAL DOM PEDRO I,ZONA RURAL,-6.93905,-47.60563,96,-1,0
2020,15,73032,27,1040,ESCOLA MUNICIPAL VITOR DIAS,CENTRO,-6.70927,-47.75254,1002,-1,0
2020,16,73032,27,1058,ESCOLA MUNICIPAL MARIA ZILDA PEREIRA ALVES,ZONA RURAL,-6.67149,-47.87092,330,-1,0
2020,17,73040,27,1015,ESCOLA ESTADUAL RAIMUNDO NEIVA DE CARVALHO,CENTRO,-6.60862,-47.5444,3290,-1,0
2020,18,73040,27,1031,ESCOLA MUNICIPAL PADRE JOSIMO,ZONA RURAL,-6.6285,-47.66271,411,-1,0
2020,19,73040,27,1040,ESCOLA MUNICIPAL DUQUE DE CAXIAS,ZONA RURAL,-6.62544,-47.7754,320,-1,0
2020,20,73059,11,1015,CENTRO DE REFERÊNCIA DE ASSISTÊNCIA SOCIAL (CRAS),CENTRO,-5.95552,-47.50566,588,-1,0
2020,21,73059,11,1023,ESCOLA MUNICIPAL CONSTANCIA DE MORAES,CENTRO,-5.95186,-47.51137,1351,-1,0
2020,22,73059,11,1031,ESCOLA ESTADUAL PEDRO LUDOVICO TEIXEIRA,CENTRO,-5.94776,-47.50769,908,-1,0
2020,23,73059,11,1058,ESCOLA INFANTIL VOVÓ TIMÓTEA,CENTRO,-5.95172,-47.50824,78,-1,1
2020,24,73067,10,1015,ESCOLA ESTADUAL RAIMUNDO NONATO TORRES,CENTRO,-6.11317,-47.91544,1927,-1,0
2020,25,73075,9,1015,COLÉGIO ESTADUAL DULCE COELHO DE SOUSA,CENTRO,-6.39194,-47.86731,2365,-1,0
2020,26,73075,9,1058,ESCOLA MUNICIPAL RAIMUNDO BARBOSA LIMA,ZONA RURAL,-6.55004,-47.99067,258,-1,0
2020,27,73083,8,1015,ESCOLA ESTADUAL JOÃO AIRES GABRIEL,CENTRO,-7.85933,-47.92871,1421,-1,0
2020,28,73083,8,1023,ESCOLA MUNICIPAL BARNABÉ PEREIRA DO NASCIMENTO,ZONA RURAL,-7.9292,-48.08888,424,-1,0
2020,29,73083,8,1031,ESCOLA MUNICIPAL FIRMINO COELHO DE ARAÚJO,ZONA RURAL,-8.07773,-48.18809,624,-1,0
2020,30,73083,8,1058,ESCOLA MUNICIPAL MARGARIDA OLIVEIRA DE SOUSA,ZONA RURAL,-7.69716,-48.02599,454,-1,0
2020,31,73083,8,1074,ESCOLA MUNICIPAL MENINO JESUS,CENTRO,-7.86132,-47.92963,771,-1,0
2020,32,73091,32,1015,ESCOLA MUNICIPAL DUARTE ARAUJO,ZONA RURAL,-8.30346,-46.97905,169,-1,0
2020,33,73091,32,1031,ESCOLA SEBASTIÃO LIRA MOURÃO,ZONA RURAL,-8.20791,-46.94961,464,-1,0
2020,34,73091,32,1040,ESCOLA ESTADUAL MANOEL ALVES GRANDE,CENTRO,-7.96707,-46.80817,3060,-1,0
2020,35,73091,32,1058,ESCOLA MUNICIPAL ARCANJO SOARES,ZONA RURAL,-8.0457,-46.48466,188,-1,0
2020,36,73091,32,1074,ESCOLA MUNICIPAL JOSÉ EDIMAR DE BRITO MIRANDA,CENTRO,-7.97612,-46.80254,2060,-1,0
2020,37,73105,35,1015,ESCOLA ESTADUAL SAGRADO CORAÇÃO DE JESUS,CENTRO,-10.17028,-46.65855,1383,-1,0
2020,38,73105,35,1031,ESCOLA MUNICIPAL MIGUEL RODRIGUES DE SOUSA,ZONA RURAL,-10.13986,-46.49877,171,-1,0
2020,39,73113,35,1015,ESCOLA MUNICIPAL DELCI RIBEIRO BARROS,CENTRO,-10.29839,-47.56555,1493,-1,0
2020,40,73113,35,1023,ESCOLA ESTADUAL SALMON DO AMARAL BRITO,CENTRO,-10.29634,-47.56452,1411,-1,0
2020,41,73121,23,1015,ESCOLA ESTADUAL ALFREDO NASSER,CENTRO,-8.96555,-48.16607,1704,-1,0
2020,42,73121,23,1023,ESCOLA MUNICIPAL PARAÍSO,CENTRO,-8.96681,-48.16229,1284,-1,0
2020,43,73121,23,1040,ESCOLA MUNICIPAL SANTA LUZIA,ZONA RURAL,-9.02243,-47.83822,116,-1,0
2020,44,73130,33,1015,COLEGIO ESTADUAL DE SANTA MARIA DO TOCANTINS,CENTRO,-8.77467,-47.74614,1829,-1,0
2020,45,73130,33,1023,CENTRO EDUCACIONAL ZEFERINO PEREIRA DA SILVA,CENTRO,-8.77712,-47.74623,691,-1,0
2020,46,73148,22,1015,GRUPO ESCOLAR DR JOAO D'ABREU,CENTRO,-12.91186,-46.57471,2132,-1,0
2020,47,73156,14,1015,COLEGIO ESTADUAL NOSSA SENHORA APARECIDA,CENTRO,-12.54325,-49.93193,1241,-1,0
2020,48,73156,14,1023,COLÉGIO MUNICIPAL CANTINHO DO SABER,CENTRO,-12.536,-49.9267,1581,-1,0
2020,49,73156,14,1058,POVOADO DORILÂNDIA - COLEGIO ESTADUAL PADRE JOSÉ DE ANCHIETA,DORILÂNDIA,-12.24097,-49.74655,385,-1,0
2020,50,73164,25,1015,ESCOLA ESTADUAL JOAQUIM FRANCISCO DE AZEVEDO,CENTRO,-12.19536,-46.98919,1845,-1,0
2020,51,73172,25,1015,ESCOLA ESTADUAL  JARDIM,CENTRO,-11.82242,-46.62863,1342,-1,0
2020,52,73172,25,1023,ESCOLA MUNICIPAL MYRTHES AIRES SILVA,POVOADO AMARALINA,-11.71344,-46.74161,191,-1,0
2020,53,73172,25,1031,ESCOLA MUNICIPAL SANTO ANTÔNIO,CENTRO,-11.81976,-46.62557,513,-1,0
2020,54,73180,11,1015,ESCOLA MUNICIPAL ALTO BONITO,BELA VISTA,-5.54307,-47.51563,646,-1,0
2020,55,73180,11,1023,ESCOLA MUNICIPAL JOAO PESSOA,CENTRO,-5.55617,-47.57697,1118,-1,0
2020,56,73180,11,1031,ESCOLA ESTADUAL BELA VISTA,BELA VISTA,-5.54041,-47.50604,1974,-1,0
2020,57,73180,11,1040,ESCOLA MUNICIPAL JOAO  XXIII,POVOADO GROTA DO MEIO,-5.5481,-47.53678,1174,-1,0
2020,58,73180,11,1058,ESCOLA ESTADUAL SAO MIGUEL,CENTRO,-5.55348,-47.57693,1315,-1,0
2020,59,73180,11,1066,ESCOLA MUNICIPAL ANTONIO FARIAS,POVOADO SÃO FRANCISCO,-5.58785,-47.5615,219,-1,0
2020,60,73180,11,1074,ESCOLA MUNICIPAL BOA ESPERANCA,POVOADO IMBIRAL,-5.46817,-47.55939,232,-1,0
2020,61,73180,11,1082,ESCOLA MUNICIPAL RUI BARBOSA,POVOADO BURITI,-5.62686,-47.55779,163,-1,0
2020,62,73180,11,1090,ESCOLA MUNICIPAL SETE BARRACAS,POVOADO SETE BARRACAS,-5.52041,-47.57961,187,-1,0
2020,63,73180,11,1104,ESCOLA MUNICIPAL PESO DURO,POVOADO PESO DURO,-5.59001,-47.52266,198,-1,0
2020,64,73199,6,1015,COLÉGIO ESTADUAL MAJOR JUVENAL PEREIRA DE SOUSA,CENTRO,-9.05765,-48.51974,2965,-1,0
2020,65,73202,33,1015,COLEGIO ESTADUAL REZENDE DE ALMEIDA,CENTRO,-8.38464,-48.1074,1793,-1,0
2020,66,73202,33,1023,ESCOLA MUNICIPAL HERMES DA SILVA PIRES,CENTRO,-8.39126,-48.09983,1368,-1,0
2020,67,73210,33,1015,ESCOLA MUNICIPAL GUSTAVO COSTA,CENTRO,-8.95712,-47.33224,868,-1,0
2020,68,73210,33,1023,COLEGIO ESTADUAL OTONIEL CAVALCANTE DE JESUS,CENTRO,-8.95564,-47.33261,904,-1,0
2020,69,73229,33,1015,ESCOLA ESTADUAL RECURSO I,CENTRO,-8.73762,-47.24193,1637,-1,0
2020,70,73229,33,1023,ESCOLA MUNICIPAL RECURSO,CENTRO,-8.73565,-47.24201,1029,-1,0
2020,71,73237,6,1015,ESCOLA ESTADUAL SANTO TOMAZ DE AQUINO,CENTRO,-8.39525,-48.11534,1838,-1,0
2020,72,73245,4,1015,ESCOLA MUNICIPAL NESTOR PEREIRA DE SOUSA,ZONA RURAL,-8.28871,-48.47104,398,-1,0
2020,73,73245,4,1023,COLEGIO ESTADUAL SEBASTIAO RODRIGUES SALES,CENTRO,-8.38898,-48.4857,1379,-1,0
2020,74,73253,4,1015,COLEGIO ESTADUAL ZICO DORNELAS,CENTRO,-8.11946,-49.09356,2018,-1,0
2020,75,73261,31,1015,ESCOLA MUNICIPAL DOMINGAS RIBEIRO,CENTRO,-7.54006,-49.37153,442,-1,0
2020,76,73261,31,1023,ESCOLA ESTADUAL JUSCELINO KUBSTCHEK DE OLIVEIRA,CENTRO,-7.54118,-49.3701,739,-1,0
2020,77,73261,31,1031,ESCOLA ESTADUAL ULISSES GUIMARAES,CENTRO,-7.53765,-49.36665,1540,-1,0
2020,78,73261,31,1040,ESCOLA MUNICIPAL POLIANA KENIA,ZONA RURAL,-7.48527,-48.86222,329,-1,0
2020,79,73261,31,1058,ESCOLA MUNICIPAL DE 1 GRAU OSVALDO FREITAS,ZONA RURAL,-7.51358,-48.8396,255,-1,0
2020,80,73270,26,1015,ESCOLA ESTADUAL ESTEFANIO TELLES DAS CHAGAS,CENTRO,-10.54609,-46.42188,960,-1,0
2020,81,73270,26,1023,ESCOLA MUNICIPAL PROFESSORA ERNESTINA VIEIRA SOARES,CENTRO,-10.54456,-46.41793,550,-1,0
2020,82,73270,26,1031,ESCOLA ESTADUAL COOPERATIVA CHAPADÃO,ZONA RURAL,-10.95134,-46.27488,152,-1,0
2020,83,73270,26,1040,ESCOLA ESTADUAL SILVÉRIO RIBEIRO MATOS,ZONA RURAL,-10.34493,-46.57123,167,-1,0
2020,84,73288,10,1015,COLEGIO ESTADUAL IRMAOS FILGUEIRAS,CENTRO,-6.02658,-47.92433,3517,-1,0
2020,85,73288,10,1023,ESCOLA ESTADUAL ANAIDES BRITO DE MIRANDA,ZONA RURAL,-6.02542,-48.14696,751,-1,0
2020,86,73296,10,1015,ESCOLA MUNICIPAL BOAS NOVAS,CENTRO,-5.37052,-48.54194,1445,-1,0
2020,87,73296,10,1023,ESCOLA ESTADUAL DOUTOR ULISSES GUIMARAES,ZONA RURAL,-5.31526,-48.46691,1620,-1,0
2020,88,73296,10,1031,COLEGIO ESTADUAL JOAQUINA MARIA DA SILVA,NOVA ESPERANTINA,-5.36523,-48.54646,958,-1,0
2020,89,73296,10,1040,ESCOLA MUNICIPAL NOVA UNIAO,CENTRO,-5.36304,-48.53641,1137,-1,0
2020,90,73296,10,1058,ESCOLA MUNICIPAL D. PEDRO I,VILA TOCANTINS,-5.31416,-48.46501,598,-1,0
2020,91,73300,2,1015,ESCOLA DE 1. GRAU TARSO DUTRA,CENTRO,-11.88994,-49.16288,1462,-1,0
2020,92,73300,2,1031,ESCOLA MUNICIPAL DIVINA RIBEIRO BORGES,CENTRO,-11.89062,-49.16246,2012,-1,0
2020,93,73318,12,1015,ESCOLA MUNICIPAL JOSE DE ALENCAR,ZONA RURAL,-6.79369,-48.61672,172,-1,0
2020,94,73318,12,1023,ESCOLA ESTADUAL MACHADO DE ASSIS,CENTRO,-6.58163,-48.64333,1609,-1,0
2020,95,73318,12,1031,ESCOLA ESTADUAL SÃO PEDRO,JACILÂNDIA,-6.84741,-48.51673,573,-1,0
2020,96,73318,12,1040,ESCOLA MUNICIPAL JOSE PEREIRA DE MIRANDA,LOPES SILVA,-6.71409,-48.59888,693,-1,1
2020,97,73318,12,1058,ESCOLA MUNICIPAL CASTRO ALVES,ZONA RURAL,-6.76796,-48.57499,156,-1,0
2020,98,73318,12,1066,CMEI - CENTRO MUNICIPAL DE EDUC. INFANTIL MARIA DE NAZARÉ SILVA COSTA,CENTRO,-6.57975,-48.64265,304,-1,0
2020,99,73326,34,1015,ESCOLA ESTADUAL BARTOLOMEU BUENO DA SILVA,CENTRO,-7.03619,-48.39536,2074,-1,0
2020,100,73334,34,1015,COLEGIO ESTADUAL GETULIO VARGAS,CENTRO,-7.16584,-48.52672,1577,-1,0
2020,101,73334,34,1023,ESCOLA MUNICIPAL GERALDO DA CUNHA FERREIRA,CENTRO,-7.16803,-48.52356,636,-1,0
2020,102,73334,34,1040,EXTENSÃO DO COLEGIO ESTADUAL GETULIO VARGAS,ZONA RURAL,-6.84201,-48.6995,1009,-1,0
2020,103,73334,34,1058,ESCOLA MUNICIPAL JOSÉ MOTA GOMES DA SILVA,ZONA RURAL,-6.83309,-48.82946,500,-1,0
2020,104,73334,34,1066,EXTENSÃO DA ESCOLA MUNICIPAL CIRILO RIBEIRO DA SILVA,ZONA RURAL,-6.69067,-48.69728,401,-1,0
2020,105,73342,34,1015,COLEGIO ESTADUAL MARECHAL COSTA E SILVA,CENTRO,-7.14478,-48.60637,2210,-1,0
2020,106,73342,34,1023,ESCOLA MUNICIPAL DOM PEDRO I - COCALANDIA,ZONA RURAL,-7.22375,-48.62193,158,-1,0
2020,107,73342,34,1031,ESCOLA MUNICIPAL AIRTON SENA,ZONA RURAL,-7.00683,-48.6472,225,-1,0
2020,108,73350,34,1015,ESCOLA ESTADUAL CASTRO ALVES,CENTRO,-7.15382,-48.69281,1686,-1,0
2020,109,73350,34,1023,ESCOLA MUNICIPAL EMMANUEL,ZONA RURAL,-7.09858,-48.70741,358,-1,0
2020,110,73350,34,1031,ALDEIA XAMBIOA,ALDEIA INDIGENA,-7.1504,-49.18278,228,-1,0
2020,111,73350,34,1040,ESCOLA MUNICIPAL SAO PAULO,ZONA RURAL,-6.86979,-49.09896,96,-1,0
2020,112,73350,34,1058,COLEGIO ESTADUAL ANAIDES BRITO MIRANDA,CENTRO,-7.15289,-48.69094,2419,-1,0
2020,113,73369,20,1015,ESCOLA MUNICIPAL PEDRO LUIZ BOMFIM,CENTRO,-12.65169,-48.5944,1060,-1,0
2020,114,73369,20,1023,COLÉGIO ESTADUAL ADELAIDE FRANCISCO SOARES,VILA UNIÃO,-12.6554,-48.58834,774,-1,0
2020,115,73369,20,1031,COLEGIO ANIZIO BRAGA,ZONA RURAL,-12.83938,-48.57776,701,-1,0
2020,116,73369,20,1066,ESCOLA MUNICIPAL LOURENCO BORGES,ZONA RURAL,-12.85583,-48.7618,189,-1,0
2020,117,73377,20,1015,ESCOLA ESTADUAL OLAVO BILAC,CENTRO,-11.98721,-48.91024,1554,-1,0
2020,118,73385,13,1015,COLEGIO ESTADUAL LAGOA DA CONFUSAO,CENTRO,-10.7924,-49.62535,3423,-1,0
2020,119,73385,13,1023,ESCOLA INDIGENA DO 1O GRAU HERYRI HAWA,ALDEIA INDÍGENA,-10.47313,-50.48182,278,-1,0
2020,120,73385,13,1031,COLEGIO MUNICIPAL PEDRO GUERRA,CENTRO,-10.794,-49.62438,1505,-1,0
2020,121,73385,13,1040,COLEGIO MUNICIPAL ASSENTAMENTO LOROTY,ZONA RURAL,-11.17301,-49.87359,662,-1,0
2020,122,73385,13,1058,GRUPO ESCOLAR PROFESSORA DAMIANA DA CUNHA,ALDEIA INDÍGENA,-11.57671,-50.66752,458,-1,0
2020,123,73385,13,1066,ESCOLA 1O GRAU INDIGENA WAJUREMA,ALDEIA INDÍGENA,-11.34307,-50.6981,304,-1,0
2020,124,73385,13,1074,ESCOLA MUNICIPAL DONA JÚLIA PELEGRIN,CENTRO,-10.78159,-49.61591,1325,-1,0
2020,125,73385,13,1090,ESCOLA INDÍGENA INY WEBOHONA,ALDEIA INDÍGENA,-10.56777,-49.96031,64,-1,0
2020,126,73393,18,1015,COLÉGIO ESTADUAL PORTO RIO MARANHÃO,CENTRO,-12.74752,-48.23802,999,-1,0
2020,127,73393,18,1023,COLÉGIO ESTADUAL RETIRO,POVOADO RETIRO,-12.61022,-48.28356,794,-1,0
2020,128,73393,18,1090,COLÉGIO MUNICIPAL BRASIL PARA TODOS,CENTRO,-12.74783,-48.2397,588,-1,0
2020,129,73407,5,1015,ESCOLA MUN. SEBASTIÃO DE SALES MONTEIRO,CENTRO,-9.7526,-48.35625,1014,-1,0
2020,130,73407,5,1023,COL. EST. NOSSA SENHORA DA PROVIDENCIA,CENTRO,-9.75345,-48.35822,1029,-1,0
2020,131,73407,5,1031,ESC. MUN. JK (POV. PEDREIRA),ZONA RURAL,-9.92674,-48.26609,540,-1,0
2020,132,73407,5,1040,CRAS - CENTRO DE REFERENCIA DE ASSISTENCIA SOCIAL,SETOR AEROPORTO,-9.75974,-48.35938,740,-1,0
2020,133,73415,28,1015,ESCOLA ESTADUAL VALDECY PINHEIRO,CENTRO,-9.34148,-48.53467,1604,-1,0
2020,134,73415,28,1023,ESCOLA MUNICIPAL ILANNA TAVARES DA COSTA,SETOR JABAQUARA,-9.34431,-48.538,827,-1,0
2020,135,73423,21,1015,ESCOLA MUNICIPAL ALINE MARTINS DE SOUSA,CENTRO,-5.31915,-48.03941,463,-1,0
2020,136,73423,21,1023,ESCOLA ESTADUAL INÊS VIANA COSTA,ZONA RURAL,-5.40734,-48.00685,480,-1,0
2020,137,73423,21,1031,ESCOLA ESTADUAL CÍCERO GOMES DE JESUS,CENTRO,-5.32355,-48.03501,1148,-1,0
2020,138,73423,21,1040,ESCOLA MUNICIPAL JOÃO FIRMINO SANTOS,ZONA RURAL,-5.41109,-47.99968,379,-1,0
2020,139,73423,21,1058,ESCOLA MUNICIPAL JOÃO DEMETIL TOBIAS,ZONA RURAL,-5.38437,-48.05159,408,-1,0
2020,140,73431,25,1015,ESCOLA ESTADUAL VIRGILIO FERREIRA DE FRANCA,CENTRO,-11.39653,-46.8853,1346,-1,0
2020,141,73431,25,1023,ESCOLA MUNICIPAL PROFESSOR AURELINO RODRIGUES DE ARAÚJO,CENTRO,-11.40105,-46.88306,592,-1,0
2020,142,73440,29,1015,COLÉGIO ESTADUAL FREDERICO PEDREIRA NETO,CENTRO,-10.18761,-48.32406,3123,-1,0
2020,143,73440,29,1023,CENTRO DE ENSINO MÉDIO SANTA RITA DE CÁSSIA,JARDIM AURENY I,-10.31794,-48.29929,4590,-1,0
2020,144,73440,29,1058,ESCOLA MUNICIPAL THIAGO BARBOSA,JARDIM AURENY II,-10.32761,-48.30169,3290,-1,0
2020,145,73440,29,1082,COLÉGIO ESTADUAL DUQUE DE CAXIAS,TAQUARUÇU,-10.3207,-48.15411,2176,-1,0
2020,146,73440,29,1104,ESCOLA MUNICIPAL DE TEMPO INTEGRAL LUIZ NUNES DE OLIVEIRA,BURITIRANA,-10.25213,-47.8882,924,-1,0
2020,147,73440,29,1112,ESCOLA MUNICIPAL BENEDITA GALVÃO,SETOR BELA VISTA,-10.35022,-48.29092,2830,-1,0
2020,148,73440,29,1120,ESCOLA MUNICIPAL ESTEVÃO CASTRO,JARDIM AURENY III,-10.31459,-48.31886,3196,-1,0
2020,149,73440,29,1139,ESCOLA MUNICIPAL CRISPIM PEREIRA ALENCAR,TAQUARUÇU,-10.31645,-48.15421,1617,-1,0
2020,150,73440,29,1147,COLÉGIO ESTADUAL DOM ALANO MARIE DU NODAY,CENTRO,-10.19528,-48.31899,3092,-1,0
2020,151,73440,29,1155,ESCOLA ESTADUAL LIBERDADE,JARDIM AURENY III,-10.31061,-48.31461,3388,-1,0
2020,152,73440,29,1163,ESCOLA ESTADUAL NOVO HORIZONTE,JARDIM AURENY IV,-10.3062,-48.3009,4238,-1,0
2020,153,73440,29,1171,COLÉGIO ESTADUAL CRIANÇA ESPERANÇA,PLANO DIRETOR NORTE,-10.16889,-48.33966,2817,-1,0
2020,154,73440,29,1180,ESCOLA ESTADUAL VILA UNIÃO,PLANO DIRETOR NORTE,-10.16536,-48.34775,2388,-1,0
2020,155,73440,29,1198,CENTRO DE ENSINO MÉDIO TIRADENTES,PLANO DIRETOR SUL,-10.23304,-48.32168,3504,-1,0
2020,156,73440,29,1201,ESCOLA ESTADUAL SANTA FÉ,SETOR SANTA FE,-10.32527,-48.29565,1789,-1,0
2020,157,73440,29,1210,ESCOLA ESTADUAL VALE DO SOL,SETOR VALE DO SOL,-10.3343,-48.28454,1887,-1,0
2020,158,73440,29,1228,COLEGIO MILITAR DE PALMAS,CENTRO,-10.177,-48.31722,3019,-1,0
2020,159,73440,29,1244,COLÉGIO ULBRA PALMAS,CENTRO,-10.18344,-48.31476,4304,-1,0
2020,160,73440,29,1252,COLÉGIO  ESTADUAL SÃO JOSÉ,PLANO DIRETOR SUL,-10.25301,-48.32173,3571,-1,0
2020,161,73440,29,1260,ESCOLA MUNICIPAL LUIZ GONZAGA,PLANO DIRETOR NORTE,-10.15674,-48.32788,2270,-1,0
2020,162,73440,29,1279,COLÉGIO DA POLÍCIA MILITAR DO TOCANTINS - UNIDADE I,PLANO DIRETOR SUL,-10.22783,-48.3349,2998,-1,0
2020,163,73440,29,1287,ESCOLA MUNICIPAL DE TEMPO INTEGRAL VINÍCIUS DE MORAES,PLANO DIRETOR SUL,-10.22459,-48.32071,3532,-1,0
2020,164,73440,29,1295,ESCOLA MUNICIPAL DARCY RIBEIRO,PLANO DIRETOR SUL,-10.24013,-48.32684,2571,-1,0
2020,165,73440,29,1309,ESCOLA MUNICIPAL DEGRAUS DO SABER,PLANO DIRETOR SUL,-10.24594,-48.32747,1444,-1,0
2020,166,73440,29,1317,ESCOLA MUNICIPAL ANTÔNIO CARLOS JOBIM,PLANO DIRETOR SUL,-10.25691,-48.32109,3161,-1,0
2020,167,73440,29,1325,ESCOLA MUNICIPAL PASTOR PAULO LEIVAS MACALÃO,PLANO DIRETOR NORTE,-10.16067,-48.34873,2125,-1,0
2020,168,73440,29,1333,ESCOLA MUNICIPAL PAULO FREIRE,PLANO DIRETOR NORTE,-10.16749,-48.34445,2655,-1,0
2020,169,73440,29,1341,CMEI PEQUENOS BRILHANTES,PLANO DIRETOR NORTE,-10.16375,-48.33873,1142,-1,0
2020,170,73440,29,1350,ESCOLA MUNICIPAL DE TEMPO INTEGRAL MONSENHOR PEDRO PEREIRA PIAGEM,PLANO DIRETOR NORTE,-10.16875,-48.32205,2827,-1,0
2020,171,73440,29,1368,ESCOLA MUNICIPAL DE TEMPO INTEGRAL CORA CORALINA,PLANO DIRETOR NORTE,-10.15284,-48.32662,2732,-1,0
2020,172,73440,29,1376,ESCOLA MUNICIPAL ANNE FRANK,CENTRO,-10.17944,-48.31108,1480,-1,0
2020,173,73440,29,1384,ESCOLA MUNICIPAL HENRIQUE TALONE PINHEIRO,CENTRO,-10.19405,-48.31034,1834,-1,0
2020,174,73440,29,1392,ESCOLA MUNICIPAL DE TEMPO INTEGRAL OLGA BENÁRIO,PLANO DIRETOR SUL,-10.21876,-48.34236,3387,-1,0
2020,175,73440,29,1406,ESCOLA MUNICIPAL ROSEMIR FERNANDES DE SOUZA,JARDIM AURENY III,-10.32243,-48.31911,3090,-1,0
2020,176,73440,29,1414,ESCOLA MUNICIPAL AURÉLIO BUARQUE DE HOLANDA,JARDIM AURENY I,-10.31732,-48.30176,2511,-1,0
2020,177,73440,29,1422,COLÉGIO MARISTA DE PALMAS,CENTRO,-10.19099,-48.31262,4083,-1,0
2020,178,73440,29,1430,ESCOLA MUNICIPAL JORGE AMADO,SETOR SANTA FE,-10.33312,-48.29789,2487,-1,0
2020,179,73440,29,1449,ESCOLA ESTADUAL SETOR SUL,SETOR SUL,-10.34163,-48.29621,2279,-1,0
2020,180,73440,29,1465,COLÉGIO OBJETIVO,PLANO DIRETOR SUL,-10.20864,-48.33212,3632,-1,0
2020,181,73440,29,1481,COLÉGIO MADRE CLÉLIA MERLONI,CENTRO,-10.18008,-48.3111,2034,-1,0
2020,182,73440,29,1511,CENTRO DE ENSINO MÉDIO CASTRO ALVES,PLANO DIRETOR NORTE,-10.16471,-48.34524,2853,-1,0
2020,183,73440,29,1520,ESCOLA MUNICIPAL MONTEIRO LOBATO,PLANO DIRETOR SUL,-10.2449,-48.32029,3247,-1,0
2020,184,73440,29,1554,ESCOLA MUNICIPAL DE TEMPO INTEGRAL MARCOS FREIRE,ZONA RURAL,-10.35835,-48.18789,348,-1,0
2020,185,73440,29,1570,CENTRO DE ENSINO MÉDIO DE TAQUARALTO,TAQUARALTO,-10.3345,-48.29294,4000,-1,0
2020,186,73440,29,1660,CENTRO MUNICIPAL DE EDUCAÇÃO INFANTIL SONHO ENCANTADO,PLANO DIRETOR SUL,-10.24986,-48.32548,1330,-1,0
2020,187,73440,29,1694,COLÉGIO ALBERT EINSTEIN,PLANO DIRETOR SUL,-10.22921,-48.32122,2186,-1,0
2020,188,73440,29,1724,ESCOLA MUNICIPAL MESTRE PACÍFICO SIQUEIRA CAMPOS,PLANO DIRETOR NORTE,-10.15547,-48.34518,2099,-1,0
2020,189,73440,29,1740,ESCOLA JOÃO PAULO II,PLANO DIRETOR NORTE,-10.15552,-48.32807,570,-1,0
2020,190,73440,29,1759,ESCOLA ADVENTISTA DE PALMAS,CENTRO,-10.19493,-48.31149,990,-1,0
2020,191,73440,29,1767,IFTO - INSTITUTO FEDERAL DE EDUCAÇÃO CIÊNCIA E TECNOLOGIA DO TOCANTINS,CENTRO,-10.19849,-48.31185,2150,-1,0
2020,192,73440,29,1783,COLÉGIO BATISTA DE PALMAS,PLANO DIRETOR SUL,-10.22711,-48.32702,1834,-1,0
2020,193,73440,29,1791,ESCOLA MUNICIPAL DE TEMPO INTEGRAL DANIEL BATISTA,PLANO DIRETOR NORTE,-10.16538,-48.30843,2232,-1,0
2020,194,73440,29,1813,ESCOLA MUNICIPAL MARIA JULIA AMORIM SOARES RODRIGUES,JARDIM AURENY III,-10.32413,-48.32179,3161,-1,0
2020,195,73440,29,1848,ESCOLA MUNICIPAL DE TEMPO INTEGRAL SANTA BÁRBARA,SETOR SANTA BARBARA,-10.33774,-48.30526,3940,-1,0
2020,196,73440,29,1856,ESCOLA MUNICIPAL MARIA ROSA DE CASTRO SALES,SETOR MORADA DO SOL,-10.34212,-48.28691,2617,-1,0
2020,197,73440,29,1864,CENTRO EDUCACIONAL SÃO FRANCISCO DE ASSIS,CENTRO,-10.1839,-48.31863,2356,-1,0
2020,198,73440,29,1970,ESCOLA MUNICIPAL BEATRIZ RODRIGUES DA SILVA,PLANO DIRETOR NORTE,-10.16275,-48.34084,2524,-1,0
2020,199,73440,29,1988,ESCOLA MUNICIPAL ANTONIO GONÇALVES DE CARVALHO FILHO,PLANO DIRETOR SUL,-10.25171,-48.34035,3002,-1,0
2020,200,73440,29,1996,EMTI - PROFESSOR FIDÊNCIO BOGO,ZONA RURAL,-10.24399,-48.22177,655,-1,0
2020,201,73440,29,2011,ESCOLA MUNICIPAL DE TEMPO INTEGRAL PADRE JOSIMO TAVARES,PLANO DIRETOR NORTE,-10.17076,-48.33497,2021,-1,0
2020,202,73440,29,2020,ESCOLA ESTADUAL MARIA DOS REIS ALVES BARROS,JARDIM TAQUARI,-10.34527,-48.33848,4031,-1,0
2020,203,73440,29,2038,ESCOLA MUNICIPAL PROFESSORA FRANCISCA BRANDÃO RAMALHO,PLANO DIRETOR SUL,-10.25626,-48.32452,2643,-1,0
2020,204,73440,29,2046,ESCOLA MUNICIPAL DE TEMPO INTEGRAL EURÍDICE FERREIRA DE MELLO,JARDIM AURENY III,-10.31257,-48.32089,3625,-1,0
2020,205,73440,29,2097,ESCOLA MUNICIPAL DE TEMPO INTEGRAL CAROLINE CAMPELO CRUZ DA SILVA,SETOR SANTA FÉ 2º ETAPA,-10.33225,-48.28731,1344,-1,0
2020,206,73440,29,2119,ESCOLA MUNICIPAL MARIA VERÔNICA ALVES DE SOUSA,JARDIM AURENY IV,-10.30179,-48.30383,1585,-1,0
2020,207,73440,29,2127,ESCOLA MUNICIPAL SÁVIA FERNANDES JÁCOME,SETOR BELA VISTA,-10.35171,-48.29495,995,-1,0
2020,208,73440,29,2135,ESCOLA MUNICIPAL LÚCIA SALES PEREIRA RAMOS,JARDIM TAQUARI,-10.34234,-48.34067,1819,-1,0
2020,209,73440,29,2186,COLÉGIO PRESBITERIANO MACKENZIE PALMAS,PLANO DIRETOR SUL,-10.18747,-48.31958,2015,-1,0
2020,210,73440,29,2194,ETI ESTADUAL PROFESSORA ELIZÂNGELA GLÓRIA CARDOSO,PLANO DIRETOR SUL,-10.20723,-48.33646,4058,-1,0
2020,211,73440,29,2216,EMTI - COLÉGIO FORÇAS NO ESPORTE ALMIRANTE TAMANDARÉ,PLANO DIRETOR SUL,-10.26724,-48.32351,428,-1,0
2020,212,73440,29,2224,EMTI - ANÍSIO SPÍNOLA TEIXEIRA,SETOR BERTAVILLE,-10.296,-48.3142,3374,-1,0
2020,213,73440,29,2232,EMTI - LUIZ RODRIGUES MONTEIRO,TAQUARALTO,-10.33511,-48.29425,36,-1,0
2020,214,73440,29,2240,CEMIL - PROFESSORA MARGARIDA LEMOS GONÇALVES,SETOR LAGO SUL,-10.33132,-48.32001,108,-1,0
2020,215,73440,29,2259,FACULDADE CATÓLICA DO TOCANTINS,PLANO DIRETOR SUL,-10.27034,-48.33224,164,-1,0
2020,216,73440,29,2267,COLÉGIO ESTADUAL GIRASSOL DE TEMPO INTEGRAL RACHEL DE QUEIROZ,JARDIM AURENY III,-10.32123,-48.31884,167,-1,0
2020,217,73458,23,1015,ESCOLA EM TEMPO INTEGRAL MARIA DA GLÓRIA,CENTRO,-8.97489,-48.19126,1929,-1,0
2020,218,73466,13,1015,ESCOLA ESTADUAL RIACHUELO,CENTRO,-10.71062,-48.90586,1611,-1,0
2020,219,73474,13,1015,ESCOLA MUNICIPAL AMERICA ALVES DE OLIVEIRA,CENTRO,-10.14189,-49.17744,2160,-1,0
2020,220,73482,19,1015,COLÉGIO ESTADUAL FULGENCIO NUNES,CENTRO,-11.61344,-47.74971,1830,-1,0
2020,221,73482,19,1058,ESCOLA MUNICIPAL MARCOLINA PINTO RABELO,CENTRO,-11.61618,-47.75194,824,-1,0
2020,222,73504,14,1015,COLEGIO ESTADUAL DE TALISMA,CENTRO,-12.80073,-49.09144,1133,-1,0
2020,223,73504,14,1023,ESCOLA MUNICIPAL VILA UNIAO,VILA UNIAO,-12.39505,-48.817,251,-1,0
2020,224,73504,14,1031,ESCOLA MUNICIPAL ANTÔNIA DOS REIS RODRIGUES BATISTA,CENTRO,-12.79518,-49.09148,964,-1,0
2020,225,73504,14,1058,ESCOLA MUNICIPAL MORRO ALEGRE - PA TALISMÃ,ZONA RURAL,-12.69926,-49.25033,218,-1,0
2020,226,73512,9,1015,COLÉGIO ESTADUAL NAZARÉ NUNES DA SILVA,CENTRO,-6.5601,-47.47756,3435,-1,0
2020,227,73520,9,1015,ESCOLA ESTADUAL JUSCELINO KUBITSCHEK DE OLIVEIRA,CENTRO,-6.19045,-47.85315,2280,-1,0
2020,228,73539,9,1015,ESCOLA ESTADUAL DR. JOSE FELICIANO FERREIRA,CENTRO,-6.43563,-47.6733,1513,-1,0
2020,229,73539,9,1040,ESCOLA MUNICIPAL SAO PEDRO,ZONA RURAL,-6.4548,-47.73135,490,-1,0
2020,230,73547,3,1023,ESCOLA MUNICIPAL RURAL MENINO JESUS,ZONA RURAL,-11.03462,-49.5908,549,-1,0
2020,231,73547,3,1031,ESCOLA ESTADUAL BOA NOVA,CENTRO,-10.86594,-48.90944,1414,-1,0
2020,232,73555,2,1015,COLEGIO MUNICIPAL DE CRIXAS,CENTRO,-11.10385,-48.91835,872,-1,0
2020,233,73555,2,1023,COLÉGIO ESTADUAL OLAVO BILAC,CENTRO,-11.10273,-48.91924,651,-1,0
2020,234,73563,7,1015,ESCOLA MUNICIPAL JOSE BENICIO MARIZ,CENTRO,-10.00551,-48.99472,1139,-1,0
2020,235,73563,7,1023,ESCOLA MUNICIPAL TOCANTINS,CAMPINA VERDE,-9.97049,-49.03991,1146,-1,0
2020,236,73571,7,1015,COLÉGIO ESTADUAL DARCY RIBEIRO,CENTRO,-10.42587,-48.89343,1135,-1,0
2020,237,73571,7,1031,ESCOLA MUNICIPAL JOSÉ BATISTA MACIEL BASTOS,CENTRO,-10.42436,-48.89554,793,-1,0
2020,238,73580,31,1023,ESCOLA MUNICIPAL FRANCISCO DIVINO VASCONCELOS,CENTRO,-7.75982,-48.5758,749,-1,0
2020,239,73580,31,1031,ESCOLA ESTADUAL ARCELINO FRANCISCO DO NASCIMENTO,CENTRO,-7.75723,-48.57634,1297,-1,0
2020,240,73580,31,1040,ESCOLA MUNICIPAL OSMAR FRANCISCO GONZAGA,ZONA RURAL,-7.74658,-48.67594,323,-1,0
2020,241,73580,31,1058,ESCOLA MUNICIPAL NOSSA SENHORA DA CONCEICAO,ZONA RURAL,-7.90467,-48.56112,196,-1,0
2020,242,73580,31,1066,ESCOLA MUNICIPAL HOMERO OLIVEIRA TEIXEIRA,ZONA RURAL,-7.64064,-48.61582,67,-1,0
2020,243,73598,3,1023,ESCOLA MUNICIPAL MARIA ANGÉLICA MARTINS DE SOUSA,ZONA RURAL,-11.04901,-48.43014,437,-1,0
2020,244,73598,3,1031,COLÉGIO ESTADUAL FELIX CAMOA II,CENTRO,-11.23908,-48.44358,1179,-1,0
2020,245,73601,17,1015,COLEGIO ESTADUAL DA LAVANDEIRA,CENTRO,-12.78801,-46.50482,1738,-1,0
2020,246,73610,32,1015,ESCOLA ESTADUAL BREJÃO,ZONA RURAL,-7.84944,-47.53951,1050,-1,0
2020,247,73610,32,1031,ESCOLA MUNICIPAL NEMÉZIO MENDES DE MIRANDA,ZONA RURAL,-7.49105,-47.52278,305,-1,0
2020,248,73610,32,1040,ESCOLA ESTADUAL PROFESSOR VICENTE JOSÉ VIEIRA,CENTRO,-7.71436,-47.67231,2184,-1,0
2020,249,92002,4,1015,COLEGIO ESTADUAL BERNARDO SAYAO,CENTRO,-7.87861,-48.89574,2377,-1,0
2020,250,92002,4,1031,ESCOLA MUNICIPAL SIMAO ALVES MOURA,ZONA RURAL,-7.96703,-49.15532,324,-1,0
2020,251,92002,4,1040,ESCOLA MUNICIPAL TANCREDO DE ALMEIDA NEVES,ZONA RURAL,-8.06588,-48.87694,416,-1,0
2020,252,92002,4,1058,ESCOLA MUNICIPAL EVERTON DE ALMEIDA JÚNIOR,ZONA RURAL,-7.94239,-49.06907,183,-1,0
2020,253,92045,10,1015,ESCOLA ESTADUAL MINISTRO NEY BRAGA,ZONA RURAL,-5.34271,-48.19098,460,-1,0
2020,254,92045,10,1023,COLEGIO ESTADUAL BURITI,CENTRO,-5.31608,-48.22698,1997,-1,0
2020,255,92045,10,1031,ESCOLA ESTADUAL DARCINOPOLIS,ZONA RURAL,-5.359,-48.10694,690,-1,0
2020,256,92045,10,1040,ESCOLA ESTADUAL VICENTE CARLOS DE SOUSA,CENTRO,-5.31776,-48.2261,1692,-1,0
2020,257,92045,10,1058,ESCOLA ESTADUAL TANCREDO NEVES,CENTRO,-5.31741,-48.23206,1086,-1,0
2020,258,92070,19,1040,ESCOLA MUNICIPAL RAIMUNDO CORDEIRO DE OLIVEIRA,SETOR MONJOLO,-11.56575,-47.17282,647,-1,0
2020,259,92070,19,1058,COLEGIO ESTADUAL DR ABNER DE ARAUJO PACINI,CENTRO,-11.57834,-47.17479,1336,-1,0
2020,260,92070,19,1066,ESCOLA ESTADUAL DEOCLIDES MUNIZ,CENTRO,-11.56938,-47.16555,2081,-1,0
2020,261,92070,19,1074,ESCOLA ARI  PEREIRA BORGES,SETOR AEROPORTO,-11.56504,-47.16897,680,-1,0
2020,262,92088,28,1015,COLÉGIO ESTADUAL TRAJANO DE ALMEIDA,CENTRO,-9.27524,-49.95429,1953,-1,0
2020,263,92088,28,1023,COLÉGIO ESTADUAL JOSÉ ALVES DE ASSIS,CENTRO,-9.2713,-49.96054,1638,-1,0
2020,264,92134,14,1015,COLEGIO ESTADUAL DE ALVORADA,CENTRO,-12.47916,-49.12443,1581,-1,0
2020,265,92134,14,1031,COLEGIO MILITAR DO ESTADO DO TOCANTINS ADJÚLIO BALTHAZAR,CENTRO,-12.48403,-49.12481,1108,-1,0
2020,266,92134,14,1104,COLEGIO ESTADUAL ANA MARIA DE JESUS,CENTRO,-12.4866,-49.12109,714,-1,0
2020,267,92134,14,1120,ESCOLA MUNICIPAL GERALDO OLIVEIRA COSTA,VILA MUTIRAO,-12.48143,-49.13052,1233,-1,0
2020,268,92134,14,1139,ESCOLA MUNICIPAL PROFESSORA FILOMENA ROCHA SOARES,CENTRO,-12.47681,-49.12392,908,-1,0
2020,269,92134,14,1147,ESCOLA MUNICIPAL LEOMAR DE SOUZA BARROS,ALVORADINHA,-12.4704,-49.11987,437,-1,0
2020,270,92134,14,1171,CENTRO DE REFERÊNCIA DE ASSISTÊNCIA SOCIAL - CRAS,CENTRO,-12.47934,-49.12367,967,-1,0
2020,271,92142,22,1015,ESCOLA ESTADUAL COMBINADO,CENTRO,-12.81662,-46.54983,1661,-1,0
2020,272,92142,22,1023,COLEGIO ESTADUAL JOAQUIM DE SENA E SILVA,CENTRO,-12.81446,-46.54593,1972,-1,0
2020,273,92185,7,1201,ESCOLA ESTADUAL DONA CÂNDIDA DE FREITAS,SETOR AEROPORTO,-9.79877,-49.20825,1636,-1,0
2020,274,92185,7,1228,COLÉGIO ESTADUAL JOÃO DIAS SOBRINHO,CENTRO,-9.79986,-49.21547,1662,-1,0
2020,275,92185,7,1236,ESCOLA MUNICIPAL JOSÉ DE RIBAMAR BARBOSA,SETOR SOL NASCENTE,-9.79703,-49.20291,861,-1,0
2020,276,92185,7,1244,ESCOLA MUNICIPAL ISABEL CARLOS WANDERLEY,SETOR FERNANDINHO,-9.80827,-49.21753,1030,-1,0
2020,277,92193,12,1015,ESCOLA PAROQUIAL SAO PEDRO,CENTRO,-6.3659,-48.07324,1471,-1,0
2020,278,92193,12,1023,ESCOLA MUNICIPAL CHAPADINHA 2,CENTRO,-6.37125,-48.06854,1124,-1,0
2020,279,92193,12,1031,COLÉGIO ESTADUAL GETULIO VARGAS,CENTRO,-6.36436,-48.07297,1544,-1,0
2020,280,92193,12,1066,ESCOLA ESTADUAL PRESIDENTE COSTA E SILVA,POVOADO SÃO JOÃO,-6.3017,-48.29465,352,-1,0
2020,281,92193,12,1090,ESCOLA MUNICIPAL JOÃO DIAS BORGES,CENTRO,-6.36572,-48.07157,826,-1,0
2020,282,92193,12,1120,POSTO DE SAÚDE SÃO RAIMUNDO,ZONA RURAL,-6.40283,-48.09423,225,-1,0
2020,283,92193,12,1139,CEM - CENTRO DE ENSINO MÉDIO CABO APARÍCIO ARAÚJO PAZ,MANGUEIRA,-6.37,-48.08189,1354,-1,0
2020,284,92193,12,1155,ESCOLA MUNICIPAL CHAPADINHA I,CHAPADINHA I,-6.37314,-48.07429,111,-1,0
2020,285,92240,16,1023,COLÉGIO ESTADUAL ANTENOR BARREIRA,CENTRO,-8.77604,-48.93342,1145,-1,0
2020,286,92240,16,1031,ESCOLA ESTADUAL MORRO DO MATO,SETOR PALMEIRAS,-8.77043,-48.93729,1467,-1,0
2020,287,92240,16,1040,ESCOLA ESTADUAL CIDADE LEER,ZONA RURAL,-8.73593,-48.75265,262,-1,0
2020,288,92240,16,1066,ESCOLA MUNICIPAL SÃO BENTO - P.A. SANTA RITA II,ZONA RURAL,-8.73593,-48.75265,241,-1,0
2020,289,92240,16,1074,ESCOLA MUNICIPAL DR. JOSÉ RODRIGUES FERREIRA,CENTRO,-8.77624,-48.93515,547,-1,0
2020,290,92240,16,1082,CRECHE MUNICIPAL EDILEUZA MARIA ARAUJO,CENTRO,-8.77322,-48.93235,572,-1,0
2020,291,92304,7,1201,COLÉGIO ESTADUAL DAVID BARBOSA ROLINS,CENTRO,-9.80067,-49.65611,1462,-1,0
2020,292,92304,7,1210,ESCOLA AMAZILIO RIBEIRO,CENTRO,-9.7933,-49.65439,968,-1,0
2020,293,92304,7,1228,ESCOLA MUNICIPAL JOAO BRAGA DE OLIVEIRA,ZONA RURAL,-9.74465,-49.97275,543,-1,0
2020,294,92304,7,1236,ESCOLA MUNICIPAL PIRACEMA,ZONA RURAL,-9.57407,-49.64657,212,-1,0
2020,295,92371,28,1015,COLÉGIO ESTADUAL DE ARAGUACEMA,CENTRO,-8.80945,-49.55584,2846,-1,0
2020,296,92371,28,1023,ESCOLA ESTADUAL SENHOR DO BONFIM,ZONA RURAL,-8.66455,-49.44843,209,-1,0
2020,297,92371,28,1031,ESCOLA MUNICIPAL  SANTA CLARA,ZONA RURAL,-9.17214,-49.63284,543,-1,0
2020,298,92371,28,1040,ESCOLA MUNICIPAL NOVA ESPERANÇA,ZONA RURAL,-8.74247,-49.37677,563,-1,0
2020,299,92371,28,1058,COLÉGIO BOM SUCESSO,ZONA RURAL,-8.68454,-49.28556,131,-1,0
2020,300,92371,28,1074,ESCOLA MUNICIPAL JOSÉ WILSON LEITE,JARDIM PLANALTO,-8.82474,-49.55832,343,-1,0
2020,301,92398,14,1015,POVOADO BAIANÓPOLIS - ESCOLA MUNICIPAL MARTINIANO PEREIRA,ZONA RURAL,-12.75394,-50.02425,234,-1,0
2020,302,92398,14,1023,POVOADO MARILÂNDIA - ESCOLA MUNICIPAL ANGELO SIRIANO,ZONA RURAL,-12.98791,-49.59147,244,-1,0
2020,303,92398,14,1040,SALÃO PAROQUIAL,CENTRO,-12.93227,-49.82544,892,-1,0
2020,304,92398,14,1074,COLÉGIO ESTADUAL DE PRIMEIRO GRAU SALVADOR CAETANO ,CENTRO,-12.92653,-49.83235,1376,-1,0
2020,305,92398,14,1090,COLEGIO ESTADUAL JOAO TAVARES MARTINS,VALE DO ARAGUAIA,-12.94023,-49.82297,1370,-1,0
2020,306,92398,14,1155,INSTITUTO EDUCACIONAL E SOCIAL EVANGELICO DE ARAGUACU - IESEA,CENTRO,-12.92582,-49.82983,802,-1,0
2020,307,92398,14,1210,ESCOLA MUNICIPAL ALDENORA MENDES MASCARENHAS,CENTRO,-12.92835,-49.82731,1324,-1,0
2020,308,92401,13,1015,ESCOLA ESTADUAL 1 GRAU PEDRO XAVIER,CENTRO,-10.56891,-48.91276,1835,-1,0
2020,309,92401,13,1023,ESCOLA ESTADUAL REGINA SIQUEIRA CAMPOS,CENTRO,-10.56214,-48.91193,810,-1,0
2020,310,92410,1,1015,ESCOLA MUNICIPAL SIMÃO LUTZ,LOTEAMENTO ARAGUAINA SUL,-7.1889,-48.19281,3852,-1,0
2020,311,92410,1,1023,COLEGIO SANTA CRUZ DE ARAGUAINA,CENTRO,-7.19122,-48.20616,4173,-1,0
2020,312,92410,1,1031,ESCOLA ESTADUAL JOAO ALVES BATISTA,CENTRO,-7.19216,-48.22223,1731,-1,0
2020,313,92410,1,1040,ESCOLA ESTADUAL MARECHAL RONDON,NEBLINA,-7.18598,-48.21547,3612,-1,0
2020,314,92410,1,1058,CENTRO DE ENSINO MEDIO CASTELO BRANCO,VILA ALIANCA,-7.2019,-48.20642,3974,-1,0
2020,315,92410,1,1074,COLEGIO ESTADUAL GUILHERME DOURADO,CENTRO,-7.19094,-48.20311,4410,-1,0
2020,316,92410,1,1082,ESCOLA ESTADUAL PROFESSOR ALFREDO NASSER,CENTRO,-7.18738,-48.20277,2299,-1,0
2020,317,92410,1,1104,ESCOLA ESTADUAL MODELO,CENTRO,-7.18976,-48.20907,2190,-1,0
2020,318,92410,1,1112,COLEGIO ESTADUAL CAMPOS BRASIL,FATIMA,-7.23416,-48.252,2476,-1,0
2020,319,92410,1,1120,COLEGIO ESTADUAL JORGE AMADO,SETOR NOROESTE,-7.18201,-48.20729,3560,-1,0
2020,320,92410,1,1139,ESCOLA MUNICIPAL TOMAZ BATISTA,VILA ALIANCA,-7.20188,-48.2027,569,-1,0
2020,321,92410,1,1171,ESCOLA PAROQUIAL LUIZ AUGUSTO,SÃO JOÃO,-7.1953,-48.19775,3375,-1,0
2020,322,92410,1,1198,CENTRO DE ENSINO MEDIO BEJAMIN JOSE DE ALMEIDA,CONJUNTO URBANISTICO,-7.18314,-48.22088,3039,-1,0
2020,323,92410,1,1201,COLEGIO ESTADUAL RUI BARBOSA,JK,-7.20658,-48.23971,2018,-1,0
2020,324,92410,1,1228,ESCOLA ESTADUAL DEPUTADO FEDERAL JOSE ALVES DE ASSIS,SETOR RODOVIARIO,-7.18579,-48.21265,2655,-1,0
2020,325,92410,1,1244,COLEGIO ESTADUAL SANCHA FERREIRA,SETOR TECNORTE,-7.20348,-48.21698,1158,-1,0
2020,326,92410,1,1252,ESCOLA ESTADUAL JOAQUIM DE BRITO PARANAGUA,ELDORADO,-7.20875,-48.19783,2187,-1,0
2020,327,92410,1,1260,ESCOLA ESTADUAL NORTE GOIANO,ENTRONCAMENTO,-7.18166,-48.22274,2077,-1,0
2020,328,92410,1,1287,UNIVERSIDADE FEDERAL DO TOCANTINS - CAMPUS UNIVERSITÁRIO DE ARAGUAÍNA,CIMBA,-7.18106,-48.19786,1887,-1,0
2020,329,92410,1,1333,SENAI - SERVICO NACIONAL DE APRENDIZAGEM INDUSTRIAL,SENADOR,-7.19911,-48.20801,2139,-1,0
2020,330,92410,1,1481,COLEGIO ESTADUAL PROFESSORA SILVANDIRA SOUSA LIMA,VILA COUTO MAGALHAES,-7.16362,-48.20377,2392,-1,0
2020,331,92410,1,1490,ESCOLA ESTADUAL WELDER DE ABREU SALES,ELDORADO,-7.20835,-48.19971,2115,-1,0
2020,332,92410,1,1503,ESCOLA ESTADUAL VILA NOVA,VILA NORTE,-7.15999,-48.19864,1788,-1,0
2020,333,92410,1,1511,ESCOLA MUNICIPAL GENTIL FERREIRA DE BRITO,SETOR BRASIL,-7.1817,-48.20191,1820,-1,0
2020,334,92410,1,1520,ESCOLA ESTADUAL JOAO GUILHERME LEITE KUNZE,SETOR SAO MIGUEL,-7.19833,-48.23053,2231,-1,0
2020,335,92410,1,1538,ESCOLA MUNICIPAL DR CESAR BELMINO EVANGELISTA,SETOR TEREZA HILARIO RIBEIRO,-7.18784,-48.18047,1431,-1,0
2020,336,92410,1,1546,CENTRO DE ENSINO MEDIO PAULO FREIRE,CENTRO,-7.19496,-48.20961,2402,-1,0
2020,337,92410,1,1554,COLEGIO APLICACAO,SETOR COUTO MAGALHAES,-7.1723,-48.20927,1823,-1,0
2020,338,92410,1,1562,CAIC - JORGE HUMBERTO CAMARGO,SETOR COIMBRA,-7.19565,-48.192,3018,-1,0
2020,339,92410,1,1570,FACULDADE UNOPAR,SETOR URBANO,-7.20515,-48.20262,2215,-1,0
2020,340,92410,1,1589,INSTITUTO DE ENSINO SUPERIOR VALE DO ARAGUAIA - IESVA,CENTRO,-7.19097,-48.20403,597,-1,0
2020,341,92410,1,1597,COLÉGIO DA POLÍCIA MILITAR DE ARAGUAÍNA,SETOR COIMBRA,-7.19378,-48.18699,3542,-1,0
2020,342,92410,1,1600,ESCOLA ESTADUAL JARDIM PAULISTA,JARDIM PAULISTA,-7.21504,-48.20074,1554,-1,0
2020,343,92410,1,1660,ESCOLA MUNICIPAL UNIAO,ZONA RURAL,-7.33997,-48.30068,159,-1,0
2020,344,92410,1,1678,ESCOLA MUNICIPAL JOSE FERREIRA BARROS,LOTEAMENTO CEU AZUL,-7.21864,-48.18472,1461,-1,0
2020,345,92410,1,1686,ESCOLA MUNICIPAL MANOEL LIRA,SETOR NOVA ARAGUAINA,-7.22175,-48.24219,2830,-1,0
2020,346,92410,1,1694,ESCOLA MUNICIPAL ARNON FERREIRA LEAL,CONJUNTO RESIDENCIAL PATROCINIO,-7.19733,-48.18113,1158,-1,0
2020,347,92410,1,1724,ESCOLA MUNICIPAL PREFEITO JOÃO DE SOUSA LIMA,SETOR ITAPUÃ,-7.17636,-48.2125,646,-1,0
2020,348,92410,1,1732,ESCOLA ESTADUAL FRANCISCO MÁXIMO DE SOUSA,SANTA TEREZINHA,-7.20407,-48.19585,2316,-1,0
2020,349,92410,1,1740,ESCOLA MUNICIPAL DOMINGOS SOUSA LEMOS,JARDIM DAS FLORES,-7.20386,-48.17652,1517,-1,0
2020,350,92410,1,1759,ESCOLA MUNICIPAL FRANCISCO BUENO DE FREITAS,SETOR MARACANÃ,-7.15663,-48.19391,1701,-1,0
2020,351,92410,1,1767,ESCOLA MUNICIPAL LEIA RAQUEL DIAS MOTA,VILA RIBEIRO,-7.21017,-48.18359,1389,-1,0
2020,352,92410,1,1805,ESCOLA MUNICIPAL LUIZ GONZAGA,COSTA ESMERALDA,-7.13203,-48.19199,873,-1,0
2020,353,92410,1,1848,ESCOLA MUNICIPAL OLAVO BILAC,JARDIM DAS PALMEIRAS,-7.19931,-48.2246,333,-1,0
2020,354,92410,1,1856,ESCOLA MUNICIPAL DE TEMPO INTEGRAL JOAQUIM CARLOS SABINO DOS SANTOS,RESIDENCIAL LAGO AZUL IV,-7.22881,-48.22375,383,-1,0
2020,355,92410,1,1880,CEI NATALINA MARIA DE JESUS,SÃO JOÃO,-7.20194,-48.20262,1708,-1,0
2020,356,92410,34,1015,ESCOLA ESTADUAL MANOEL GOMES DA CUNHA,SETOR NOVO HORIZONTE,-7.18635,-48.34,1186,-1,0
2020,357,92410,34,1023,ESCOLA MUNICIPAL DUQUE DE CAXIAS,ZONA RURAL,-7.03342,-48.23021,116,-1,0
2020,358,92410,34,1031,ESCOLA MUNICIPAL SANTA TEREZINHA,PA PARAÍSO,-7.44164,-48.80936,148,-1,0
2020,359,92410,34,1040,ESCOLA MUNICIPAL PE DA SERRA,ZONA RURAL,-7.13765,-48.25898,259,-1,0
2020,360,92410,34,1058,COLEGIO ESTADUAL ADEMAR VICENTE FERREIRA SOBRINHO,JK,-7.20224,-48.24023,2438,-1,0
2020,361,92410,34,1066,ESCOLA MUNICIPAL CANDIDO BARREIRAS GUIMARAES,ZONA RURAL,-7.33214,-49.2217,80,-1,0
2020,362,92410,34,1074,ESCOLA MUNICIPAL SAO MIGUEL,ZONA RURAL,-7.20843,-48.2974,410,-1,0
2020,363,92410,34,1082,ESCOLA MUNICIPAL JOSE NOGUEIRA,ZONA RURAL,-7.31783,-48.6948,190,-1,0
2020,364,92410,34,1090,ESCOLA MUNICIPAL SANTOS DUMONT,ZONA RURAL,-7.30109,-48.60991,74,-1,0
2020,365,92410,34,1104,ESCOLA ESTADUAL HENRIQUE CIRQUEIRA AMORIM,SETOR BARROS,-7.1381,-48.20224,1500,-1,0
2020,366,92410,34,1112,ESCOLA MUNICIPAL WILLIAM CASTELO BRANCO MARTINS,PARQUE SONHOS DOURADOS,-7.1827,-48.23203,758,-1,0
2020,367,92410,34,1120,EXTENSÃO DA ESCOLA MUNICIPAL DUQUE DE CAXIAS,ZONA RURAL,-7.2441,-48.48632,148,-1,1
2020,368,92410,34,1139,CENTRO DE ENSINO INFANTIL SÍTIO DA DONA BENTA,VILA AZUL,-7.21551,-48.25797,417,-1,0
2020,369,92410,34,1147,ESCOLA MUNICIPAL JOSÉ GOMES SOBRINHO,SETOR MONTE SINAI,-7.23083,-48.25525,279,-1,0
2020,370,92410,34,1155,ESCOLA MUNICIPAL CABO LUZIMAR MACHADO,ZONA RURAL,-7.28228,-48.27685,502,-1,0
2020,371,92436,10,1015,ESCOLA MUNICIPAL PROFESSORA NAIR DUARTE,CENTRO,-5.64829,-48.1227,1897,-1,0
2020,372,92436,10,1023,ESCOLA ESTADUAL LEONIDAS GONCALVES DUARTE,CENTRO,-5.64984,-48.12645,1742,-1,0
2020,373,92436,10,1031,ESCOLA ESTADUAL OSVALDO FRANCO,CENTRO,-5.65143,-48.12594,2243,-1,0
2020,374,92436,10,1040,ESCOLA ESTADUAL DENIZE GOMIDE AMUI,CENTRO,-5.65255,-48.11877,1712,-1,0
2020,375,92436,10,1066,ESCOLA MUNICIPAL SÃO VICENTE FERRER,CENTRO,-5.64821,-48.12911,1909,-1,0
2020,376,92436,10,1074,ESCOLA MUNICIPAL PROFESSORA ADELINA DE ANDRADE,ZONA RURAL,-5.52258,-48.20272,152,-1,0
2020,377,92436,10,1082,ESCOLA ESTADUAL FREI SAVINO,ZONA RURAL,-5.90763,-48.21536,561,-1,0
2020,378,92436,10,1090,ESCOLA MUNICIPAL EDGAR TOLENTINO,ZONA RURAL,-5.71932,-48.14759,484,-1,0
2020,379,92436,10,1104,ESCOLA MUNICIPAL AURELIANO JOSÉ FERREIRA,ZONA RURAL,-5.89349,-47.93702,839,-1,0
2020,380,92436,10,1120,ESCOLA MUNICIPAL PADRE VITORIO,ZONA RURAL,-5.45409,-48.3039,475,-1,0
2020,381,92436,10,1139,ESCOLA ESTADUAL SANTA GERTRUDES,ZONA RURAL,-5.90736,-48.2151,582,-1,0
2020,382,92436,10,1147,ESCOLA MUNICIPAL LUIS BORGES DE ARRUDA,ZONA RURAL,-5.73624,-47.95105,132,-1,0
2020,383,92436,10,1155,ESCOLA MUNICIPAL SANTA CRUZ II,ZONA RURAL,-5.36142,-48.3775,115,-1,0
2020,384,92436,10,1163,ESCOLA MUNICIPAL SANTO IZIDIO,ZONA RURAL,-5.42808,-48.26475,105,-1,0
2020,385,92436,10,1171,CPM - COLEGIO DA POLICIA MILITAR,CENTRO,-5.64918,-48.11786,3013,-1,0
2020,386,92436,10,1180,ESCOLA MUNICIPAL PROFESSORA MARIA DE LOURDES,CENTRO,-5.65692,-48.11638,1052,-1,0
2020,387,92436,10,1198,ESCOLA MUNICIPAL LUIZ RODRIGUES DA SILVA,ZONA RURAL,-5.9878,-48.21484,188,-1,0
2020,388,92436,10,1201,ESCOLA ESTADUAL ALDINAR GONÇALVES DE CARVALHO,NOVA ARAGUATINS,-5.65038,-48.11171,2309,-1,0
2020,389,92436,10,1210,ESCOLA MUNICIPAL MARINGÁ I,ZONA RURAL,-5.47417,-48.12176,287,-1,0
2020,390,92436,10,1228,ESCOLA MUNICIPAL RUI BARBOSA,ZONA RURAL,-5.78639,-48.17745,217,-1,0
2020,391,92436,10,1236,ESCOLA MUNICIPAL VANOR DA COSTA PARREÃO,VILA CIDINHA,-5.64479,-48.10844,534,-1,0
2020,392,92452,31,1015,ESCOLA MUNICIPAL MARIA JOSE GOMES DE SALES,SETOR PLANO NOVO,-7.65346,-49.06515,832,-1,0
2020,393,92452,31,1023,ESCOLA ESTADUAL ANTONIO DELFINO GUIMARAES,SETOR PLANO NOVO,-7.65524,-49.06542,826,-1,0
2020,394,92452,31,1031,ESCOLA MUNICIPAL FRANCISCO JOSÉ PEREIRA,SETOR PLANO NOVO,-7.65726,-49.06525,717,-1,0
2020,395,92452,31,1040,COLEGIO ESTADUAL RUILON DIAS CARNEIRO,JARDIM PRIMAVERA,-7.66015,-49.06515,1297,-1,0
2020,396,92452,31,1058,ESCOLA MUNICIPAL RUI BARBOSA,ZONA RURAL,-7.80499,-48.93079,121,-1,0
2020,397,92452,31,1066,ESCOLA MUNICIPAL JOSE DE ANCHIETA,ZONA RURAL,-7.64203,-48.80112,184,-1,0
2020,398,92452,31,1074,ESCOLA MUNICIPAL TIRADENTES,ZONA RURAL,-7.8567,-49.13416,59,-1,0
2020,399,92452,31,1082,ESCOLA MUNICIPAL IRMA RITA,SETOR DOS TEREZIANOS,-7.65234,-49.06534,543,-1,0
2020,400,92479,22,1015,ESCOLA ESTADUAL BRIGADEIRO FELIPE,CENTRO,-12.93461,-46.9372,2120,-1,0
2020,401,92479,22,1031,COLEGIO ESTADUAL JOANA BATISTA CORDEIRO,CENTRO,-12.93327,-46.93529,1959,-1,0
2020,402,92479,22,1040,GRUPO ESCOLAR SILVA DOURADO,CENTRO,-12.92652,-46.94151,2078,-1,0
2020,403,92479,22,1074,ESCOLA ESTADUAL ZULMIRA MAGALHAES,ZONA RURAL,-12.84675,-46.80841,597,-1,0
2020,404,92479,22,1139,CENTRO MUNICIPAL DE EDUCAÇÃO BÁSICA PROFESSORA LIVIA LORENE BUENO MAIA,BURITIZINHO,-12.91961,-46.95388,723,-1,0
2020,405,92479,22,1155,CARTÓRIO ELEITORAL DA 22ª ZONA,ARNALDO PRIETO,-12.9326,-46.94473,26,-1,0
2020,406,92487,16,1015,COLÉGIO ESTADUAL BERNARDO SAYÃO,CENTRO,-8.59348,-48.93283,1045,-1,0
2020,407,92487,16,1023,COLÉGIO ESTADUAL PRIMEIRO DE JUNHO,SETOR RABELO,-8.59974,-48.93314,1104,-1,0
2020,408,92487,16,1031,ESCOLA MUNICIPAL AMAZONAS,ZONA RURAL,-8.22291,-48.95294,211,-1,0
2020,409,92487,16,1040,ESCOLA MUNICIPAL MATA AZUL,ZONA RURAL,-8.29435,-48.83432,295,-1,0
2020,410,92487,16,1058,ESCOLA MUNICIPAL PAULO FREIRE - P.A. PROGRESSO,ZONA RURAL,-8.40111,-48.9145,552,-1,0
2020,411,92487,16,1066,ESCOLA MUNICIPAL AYRTON SENNA,SETOR AEROPORTO,-8.59447,-48.93717,406,-1,0
2020,412,92487,16,1074,CMEI MÃE TEREZA HILÁRIO RIBEIRO,SETOR AEROPORTO,-8.594,-48.93717,343,-1,0
2020,413,92509,25,1015,ESCOLA ESTADUAL ALFREDO NASSER,CENTRO,-11.60979,-47.04902,1599,-1,0
2020,414,92509,25,1040,ESCOLA MUNICIPAL JOAQUIM ARAÚJO,CENTRO,-11.60896,-47.05028,522,-1,0
2020,415,92525,21,1015,ESCOLA MUNICIPAL CAETANA DE MORAES COSTA,ZONA RURAL,-5.44591,-47.64541,773,-1,0
2020,416,92525,21,1023,ESCOLA MUNICIPAL GENÉSIO GOMES,CENTRO,-5.39472,-47.81201,1187,-1,0
2020,417,92525,21,1031,ESCOLA MUNICIPAL ALFREDO NASSER,ZONA RURAL,-5.44773,-47.78856,383,-1,0
2020,418,92525,21,1040,ESCOLA MUNICIPAL JOSÉ LOPES DA SILVA,ZONA RURAL,-5.47789,-47.79356,185,-1,0
2020,419,92525,21,1058,ESCOLA ESTADUAL GENÉSIO GOMES,CENTRO,-5.39749,-47.81232,1287,-1,0
2020,420,92525,21,1074,ESCOLA MUNICIPAL REDENÇÃO,ZONA RURAL,-5.44181,-47.71192,424,-1,0
2020,421,92525,21,1090,ESCOLA ESTADUAL PRIMEIRO DE JUNHO,CENTRO,-5.39866,-47.81268,816,-1,0
2020,422,92525,21,1104,ESCOLA MUNICIPAL MELQUÍADES CARDOSO,VILA TOCANTINS,-5.40094,-47.81351,313,-1,0
2020,423,92533,17,1023,ESCOLA ESTADUAL PROFESSORA RANULFA,CENTRO,-12.71428,-46.4091,3059,-1,0
2020,424,92541,21,1015,COLÉGIO ESTADUAL SAMPAIO,CENTRO,-5.35081,-47.87763,1965,-1,0
2020,425,92541,21,1023,ESCOLA MUNICIPAL PRIMEIRO DE JUNHO,CENTRO,-5.35199,-47.87816,1296,-1,0
2020,426,92576,11,1015,GRUPO ESTADUAL RIBAS JUNIOR,CENTRO,-5.61961,-47.77322,2181,-1,0
2020,427,92576,11,1031,ESCOLA ESTADUAL SAO FRANCISCO DE ASSIS,CENTRO,-5.6132,-47.76307,1562,-1,0
2020,428,92576,11,1058,ESCOLA ESTADUAL JOAO PAULO II,CENTRO,-5.61486,-47.77028,2120,-1,1
2020,429,92576,11,1066,ESCOLA MUNICIPAL PAULO FREIRE,CENTRO,-5.61486,-47.77028,283,-1,1
2020,430,92576,11,1074,ESCOLA MUNICIPAL MARECHAL RONDON,CENTRO,-5.61389,-47.77418,731,-1,0
2020,431,92576,11,1104,ESCOLA MUNICIPAL PADRE IRTON,CENTRO,-5.61273,-47.77066,593,-1,0
2020,432,92576,11,1120,ESCOLA MUNICIPAL SÃO JOSÉ,POVOADO PEQUIZEIRO,-5.70277,-47.74197,260,-1,0
2020,433,92576,11,1139,ESCOLA MUNICIPAL DOM PEDRO,POVOADO GROTÃO,-5.56706,-47.80524,354,-1,0
2020,434,92576,11,1147,ESCOLA MUNICIPAL SANTO ANTONIO,POVOADO ALTO DO ZUMBI,-5.6218,-47.76728,2,-1,1
2020,435,92576,11,1163,ESCOLA MUNICIPAL MENINO JESUS,LAGOA DE SÃO SALVADOR,-5.64693,-47.73788,250,-1,0
2020,436,92576,11,1180,ESCOLA MUNICIPAL OSVALDO REIS,SÃO RAIMUNDO,-5.61211,-47.76602,7,-1,0
2020,437,92584,19,1015,COLÉGIO MUNICIPAL PEDRO RODRIGUES NETO,ZONA RURAL,-11.29982,-47.90968,628,-1,0
2020,438,92584,19,1023,ESCOLA ESTADUAL ZACARIAS NUNES DA SILVEIRA,CENTRO,-11.44884,-48.12034,678,-1,0
2020,439,92584,19,1040,ESCOLA MUNICIPAL VEREADOR JOSE AYRES DA SILVA,ZONA RURAL,-11.32717,-48.3547,162,-1,0
2020,440,92584,19,1058,ESCOLA MUNICIPAL TIA MIRETA,CENTRO,-11.45409,-48.11704,1341,-1,0
2020,441,92584,19,1066,COLÉGIO TENENTE SALVADOR RIBEIRO,CENTRO,-11.44864,-48.1171,1045,-1,0
2020,442,92592,8,1015,ESCOLA ESTADUAL LEOPOLDO DE BULHOES,NOVO MILÊNIO I,-7.20296,-47.76165,1955,-1,0
2020,443,92592,8,1074,ESCOLA ESTADUAL RUI BARBOSA,AREIA,-7.19312,-47.78318,1704,-1,0
2020,444,92592,8,1104,ESCOLA MUNICIPAL SAO FRANCISCO,ZONA RURAL,-7.22948,-47.92901,651,-1,0
2020,445,92592,8,1112,ESCOLA MUNICIPAL SANTA PAZ,ZONA RURAL,-7.36567,-48.01015,392,-1,0
2020,446,92592,8,1120,ESCOLA MUNICIPAL POETA JOSÉ GOMES,CENTRO,-7.20396,-47.7597,1146,-1,0
2020,447,92592,8,1139,ESCOLA MUNICIPAL BENJAMIN DE SOUSA PARENTE,ZONA RURAL,-7.24756,-48.03306,285,-1,0
2020,448,92606,35,1015,ESCOLA ESTADUAL PROFESSOR MANOEL SILVÉRIO DOURADO,CENTRO,-10.28448,-47.80789,1632,-1,0
2020,449,92606,35,1023,ESCOLA MUNICIPAL HORÁCIO JOSÉ RODRIGUES,ZONA RURAL,-10.27846,-47.71283,291,-1,0
2020,450,92606,35,1031,ESCOLA MUNICIPAL FRANCISCO SOUSA BARROS,CENTRO,-10.28524,-47.80749,930,-1,0
2020,451,92681,20,1015,ESCOLA MUNICIPAL JUCELINO KUBITSCHEK,ZONA RURAL,-11.53616,-48.29545,100,-1,0
2020,452,92681,20,1023,ESCOLA MUNICIPAL JOSE LOPES CHAVES,CENTRO,-11.96502,-48.2374,1591,-1,0
2020,453,92681,20,1031,ESCOLA MUNICIPAL CASTELO BRANCO,ZONA RURAL,-12.09094,-47.84123,191,-1,0
2020,454,92681,20,1040,ESCOLA MUNICIPAL RIACHAO I,ZONA RURAL,-11.6756,-48.28017,185,-1,0
2020,455,92681,20,1058,ESCOLA MUNICIPAL GETULIO VARGAS,CENTRO,-11.96398,-48.23345,1493,-1,0
2020,456,92738,3,1015,ESCOLA ESTADUAL JONAS PEREIRA LIMA - ANTIGA LIDIA ANDRADE,CENTRO,-11.01701,-48.56725,677,-1,0
2020,457,92738,3,1023,ESCOLA ESTADUAL PADRAO,CENTRO,-11.01992,-48.56537,2171,-1,0
2020,458,92738,3,1074,ESCOLA MUNICIPAL MALHADINHA,ZONA RURAL,-10.84265,-48.45985,220,-1,0
2020,459,92738,3,1082,ESCOLA MUNICIPAL WANDA FERREIRA DA CUNHA,JANUARIO DIAS,-11.02259,-48.56596,684,-1,0
2020,460,93114,4,1015,FIESC-FACULDADE DE COLINAS,NOVO PLANALTO,-8.04999,-48.48893,2091,-1,0
2020,461,93114,4,1031,ESCOLA MUNICIPAL JOSÉ TEODORO RODRIGUES,VILA SÃO JOÃO,-8.05498,-48.5004,840,-1,0
2020,462,93114,4,1040,COLÉGIO ESTADUAL GIRASSOL DE TEMPO INTEGRAL ERNESTO BARROS,CENTRO,-8.05674,-48.48172,1820,-1,0
2020,463,93114,4,1066,ESCOLA PAROQUIAL NOSSA SENHORA APARECIDA,CENTRO,-8.05725,-48.48057,1439,-1,0
2020,464,93114,4,1074,COLÉGIO ALBERT EINSTEIN,CENTRO,-8.05826,-48.48123,1172,-1,0
2020,465,93114,4,1082,COLÉGIO DA POLÍCIA MILITAR JOÃO XXIII,CENTRO,-8.05947,-48.47452,2504,-1,0
2020,466,93114,4,1112,CENTRO DE ENSINO MÉDIO CASTELO BRANCO,SETOR RODOVIÁRIO,-8.06194,-48.47462,2734,-1,0
2020,467,93114,4,1139,ESCOLA MUNICIPAL CANTINHO DA ALEGRIA,CENTRO,-8.05307,-48.48403,1485,-1,0
2020,468,93114,4,1147,ESCOLA MUNICIPAL PROFESSORA ODETE CARVALHO DOS SANTOS,VILA SANTA MARIA,-8.07742,-48.48081,1763,-1,0
2020,469,93114,4,1171,ESCOLA MUNICIPAL DR. PEDRO LUDOVICO TEIXEIRA,SETOR NOVO HORIZONTE,-8.04762,-48.4898,1381,-1,0
2020,470,93114,4,1180,ESCOLA MUNICIPAL MARIA PEREIRA GUIMARÃES,SETOR CAMPINAS,-8.05796,-48.46964,1585,-1,0
2020,471,93114,4,1198,ESCOLA MUNICIPAL PROFESSOR ODIMAR LOPES DA SILVA,SETOR DOIRADO,-8.04822,-48.47963,913,-1,0
2020,472,93114,4,1201,CRECHE MUNICIPAL CACAUZINHO,SANTO ANTONIO II,-8.04443,-48.45835,2446,-1,0
2020,473,93130,22,1015,ESCOLA ESTADUAL ISABEL COSTA,CENTRO,-12.21984,-47.29211,1803,-1,0
2020,474,93130,22,1031,COL. EST. CEL. JOSÉ FRANCISCO DE AZEVEDO,CENTRO,-12.21836,-47.29654,1418,-1,0
2020,475,93211,16,1015,COLÉGIO ESTADUAL ARCHÂNGELA MILHOMEM,CENTRO,-8.36084,-49.18398,1110,-1,0
2020,476,93211,16,1023,ESCOLA ESTADUAL ARLINDA ROSA DE SOUSA,CENTRO,-8.35973,-49.17363,990,-1,0
2020,477,93211,16,1066,ESCOLA MUNICIPAL CORDOLINA COSTA REGO,CENTRO,-8.36164,-49.17696,1111,-1,0
2020,478,93211,16,1074,POSTO DE SAÚDE DONA MARTINHA,ZONA RURAL,-8.28541,-49.24591,159,-1,0
2020,479,93211,16,1082,ESCOLA ESTADUAL ÚLTIMO DE CARVALHO,ZONA RURAL,-8.36537,-49.26458,266,-1,0
2020,480,93211,16,1090,CRECHE DORVALINA MARTINS DA SILVA,SETOR BRASIL,-8.36301,-49.18545,553,-1,0
2020,481,93238,13,1015,ESCOLA MUNICIPAL DOM JAIME ANTONIO SCHUCK,CENTRO,-10.59971,-49.19471,791,-1,0
2020,482,93238,13,1023,ESCOLA PAROQUIAL SAO FRANCISCO DE ASSIS,CENTRO,-10.59768,-49.19406,553,-1,0
2020,483,93238,13,1031,ESCOLA ESTADUAL CASTELO BRANCO,CENTRO,-10.59566,-49.19318,696,-1,0
2020,484,93238,13,1040,COLEGIO ESTADUAL DE CRISTALANDIA,CENTRO,-10.59727,-49.19246,1529,-1,0
2020,485,93238,13,1058,ESCOLA MUNICIPAL OTACILIO MARQUES ROSAL,SETOR AEROPORTO,-10.60828,-49.20286,1161,-1,0
2020,486,93238,13,1066,CENTRO CULTURAL,CENTRO,-10.60194,-49.19525,556,-1,0
2020,487,93416,25,1015,ESCOLA MUNICIPAL SÃO JOSÉ,CENTRO,-11.62553,-46.81827,1317,-1,0
2020,488,93416,25,1023,ESCOLA ESTADUAL  ABILIO WOLNEY,CENTRO,-11.6292,-46.82132,1620,-1,0
2020,489,93416,25,1031,ESCOLA ESTADUAL ANTONIO POVOA,CAVALCANTE,-11.61644,-46.82345,1834,-1,0
2020,490,93416,25,1040,COLEGIO JOAO D' ABREU,CENTRO,-11.62553,-46.81921,3448,-1,0
2020,491,93416,25,1058,ESCOLA BATISTA B. H. FOREMAN,CENTRO,-11.62709,-46.81823,764,-1,0
2020,492,93416,25,1082,ESCOLA MUNICIPAL SANTA LUZIA,SANTA LUZIA,-11.61049,-46.82098,598,-1,0
2020,493,93416,25,1090,UNIVERSIDADE DO TOCANTINS - UNITINS,CENTRO,-11.62344,-46.81878,512,-1,0
2020,494,93416,25,1112,ESCOLA MUNICIPAL FELIPE BATISTA DOS SANTOS,POVOADO BOA SORTE,-11.90832,-46.78218,212,-1,0
2020,495,93416,25,1139,ESCOLA ESTADUAL JOCA COSTA,CAVALCANTE,-11.61601,-46.82874,999,-1,0
2020,496,93416,25,1147,ESCOLA MUNICIPAL PROFESSOR RENATO RODRIGUES ALVES,NOVA CIDADE,-11.6215,-46.82996,680,-1,0
2020,497,93459,28,1015,COLEGIO ESTADUAL PRESIDENTE CASTELO BRANCO,CENTRO,-9.25655,-49.06523,3187,-1,0
2020,498,93459,28,1040,ESCOLA MUNICIPAL PETRONIO LIMA ARBUES,CENTRO,-9.26253,-49.06529,1104,-1,0
2020,499,93459,28,1058,CENTRO MUNICIPAL DE EDUCAÇÃO INFANTIL - SÃO JOÃO BATISTA,CENTRO,-9.25117,-49.06581,576,-1,0
2020,500,93475,15,1015,COLÉGIO ESTADUAL ELESBÃO LIMA,CENTRO,-11.34276,-49.27222,1905,-1,0
2020,501,93475,15,1058,ESCOLA MUNICIPAL MINHA INFÂNCIA,CENTRO,-11.34211,-49.26779,884,-1,0
2020,502,93475,15,1066,ESCOLA MUNICIPAL NOEME LUSTOSA BARROS,SETOR AEROPORTO,-11.33713,-49.25992,537,-1,0
2020,503,93556,8,1015,ESCOLA ESTADUAL ADEUVALDO DE OLIVEIRA MORAIS,CENTRO,-7.33699,-47.49804,1510,-1,0
2020,504,93556,8,1058,COLEGIO ESTADUAL DE FILADELFIA,CENTRO,-7.33383,-47.50019,1312,-1,0
2020,505,93556,8,1104,MONUMENTO NATURAL DAS ARVORES FOSSILIZADAS DO TOCANTINS,ZONA RURAL,-7.48649,-47.85657,328,-1,0
2020,506,93556,8,1147,ESCOLA MUNICIPAL  NOSSA SENHORA DO PERPETUO SOCORRO,ZONA RURAL,-7.48585,-47.86016,1159,-1,0
2020,507,93556,8,1155,ESCOLA MUNICIPAL TENENTE COSTA LEITE,ZONA RURAL,-7.32258,-47.65918,193,-1,0
2020,508,93556,8,1163,ESCOLA MUNICIPAL DONA MAURA LEAL VALADARES,CENTRO,-7.34141,-47.49809,759,-1,0
2020,509,93556,8,1171,ESCOLA ESTADUAL PROF. JOSÉ FRANCISCO DOS MONTES,ZONA RURAL,-7.48378,-47.86505,639,-1,0
2020,510,93653,15,1015,COLÉGIO MUNICIPAL DON ALANO,CENTRO,-11.79905,-49.53098,1000,-1,0
2020,511,93653,15,1031,COOPERATIVA DE EDUCADORES DE FORMOSO DO ARAGUAIA,CENTRO,-11.79991,-49.53157,1036,-1,0
2020,512,93653,15,1040,COLÉGIO ESTADUAL TIRADENTES,CENTRO,-11.80116,-49.53014,1723,-1,0
2020,513,93653,15,1082,COLÉGIO MUNICIPAL HERMÍNIO AZEVEDO SOARES,CENTRO,-11.8016,-49.52453,1752,-1,0
2020,514,93653,15,1090,COLÉGIO ESTADUAL DONA GERCINA BORGES TEIXEIRA,CENTRO,-11.80558,-49.52661,1397,-1,0
2020,515,93653,15,1112,ESCOLA MUNICIPAL PROFESSOR JOÃO QUEIROZ,SETOR SÃO JOSÉ I,-11.80755,-49.52042,1195,-1,0
2020,516,93653,15,1120,ESCOLA MUNICIPAL DOMINGOS ALVES GAMA,SETOR SÃO JOSÉ I,-11.81056,-49.52437,1224,-1,0
2020,517,93653,15,1139,ESCOLA ESTADUAL BENEDITO PEREIRA BANDEIRA,SETOR ALIANÇA,-11.81874,-49.52217,1506,-1,0
2020,518,93653,15,1163,ESCOLA MUNICIPAL HENRIQUE PEREIRA DA SILVA,SETOR SÃO JOSE II,-11.8116,-49.51417,280,-1,0
2020,519,93653,15,1171,ESCOLA MUNICIPAL DALCI BARROS MILHOMENS,SETOR JARDIM PLANALTO,-11.8013,-49.51997,559,-1,0
2020,520,93653,15,1180,ALDEIA CANOANÃ,ALDEIA INDÍGENA,-11.97215,-49.91573,264,-1,0
2020,521,93653,15,1198,ALDEIA TXUIRÍ,ALDEIA INDÍGENA,-11.78266,-49.93506,67,-1,0
2020,522,93653,15,1210,ESCOLA MUNICIPAL RURAL SEBASTIÃO LOPES DA SILVA,ZONA RURAL,-11.6324,-49.84993,449,-1,0
2020,523,93653,15,1236,ALDEIA SÃO JOÃO,ALDEIA INDÍGENA,-12.08997,-49.96016,123,-1,0
2020,524,93653,15,1260,ESCOLA MUNICIPAL SILAS RAIMUNDO MILHOMEM,SETOR ALIANÇA,-11.81767,-49.51797,368,-1,0
2020,525,93653,15,1279,ALDEIA BOA ESPERANÇA,ALDEIA INDÍGENA,-11.44803,-50.01686,56,-1,0
2020,526,93858,2,1015,COLEGIO PAROQUIAL BERNARDO SAYAO,CENTRO,-11.72683,-49.06246,3222,-1,0
2020,527,93858,2,1023,COLEGIO POSITIVO DE GURUPI,CENTRO,-11.73151,-49.06274,2642,-1,0
2020,528,93858,2,1031,CENTRO UNIVERSITÁRIO-UNIRG,CENTRO,-11.72454,-49.07651,4689,-1,0
2020,529,93858,2,1040,CEM GURUPI (ANTIGO COLEGIO ESTADUAL DE GURUPI),CENTRO,-11.72569,-49.07064,4419,-1,0
2020,530,93858,2,1090,COLÉGIO DE TEMPO INTEGRAL PRESIDENTE COSTA E SILVA,CENTRO,-11.72158,-49.07468,3013,-1,0
2020,531,93858,2,1112,ESCOLA PRESBITERIANA ARAGUAIA DE GURUPI,CENTRO,-11.72992,-49.06768,1221,-1,0
2020,532,93858,2,1147,ESCOLA MUNICIPAL TREVO DO TOCANTINS,ZONA RURAL,-11.43831,-48.64331,449,-1,0
2020,533,93858,2,1155,COLEGIO ESTADUAL VILA GUARACY,VILA GUARACY,-11.74025,-49.07963,1162,-1,0
2020,534,93858,2,1163,CENTRO DE ENSINO MEDIO ARY RIBEIRO VALADÃO FILHO,SETOR VALDIR LINS II,-11.73558,-49.07921,185,-1,0
2020,535,93858,2,1171,ESCOLA MUNICIPAL ODAIR LUCIO,CENTRO,-11.72344,-49.08082,1309,-1,0
2020,536,93858,2,1180,ESCOLA MUNICIPAL ANTÔNIO LINO DE SOUZA,CENTRO,-11.73213,-49.04697,733,-1,0
2020,537,93858,2,1198,COLEGIO ESTADUAL BOM JESUS,CENTRO,-11.729,-49.05756,2729,-1,0
2020,538,93858,2,1244,ESCOLA ORLINDO PEREIRA DA MOTA,SETOR UNIAO V,-11.73995,-49.069,1157,-1,0
2020,539,93858,2,1252,COLEGIO ESTADUAL JOSE SEABRA LEMOS,CENTRO,-11.73428,-49.06005,2730,-1,0
2020,540,93858,2,1260,ESCOLA MUNICIPAL ANTONIO DE ALMEIDA VERAS,CENTRO,-11.73071,-49.05399,2953,-1,0
2020,541,93858,2,1279,ESCOLA MUNICIPAL GILBERTO REZENDE ROCHA FILHO,CENTRO,-11.717,-49.08679,2154,-1,0
2020,542,93858,2,1287,ESCOLA MUNICIPAL JOEL FERREIRA SOARES,CENTRO,-11.74869,-49.07206,960,-1,0
2020,543,93858,2,1295,ESCOLA MUNICIPAL VILA NOVA,CENTRO,-11.711,-49.04766,1256,-1,0
2020,544,93858,2,1309,ESCOLA MUNICIPAL DOMINGOS BARREIRA DE AMORIM,RESIDENCIAL JARDIM DOS BURITIS,-11.72207,-49.09735,1146,-1,0
2020,545,93858,2,1317,ESCOLA MUNICIPAL JOSE PEREIRA DA CRUZ,SETOR SÃO JOSÉ,-11.73905,-49.04848,1356,-1,0
2020,546,93858,2,1333,ESCOLA ESTADUAL DR JOAQUIM PEREIRA DA COSTA,SETOR SOL NASCENTE,-11.72756,-49.09574,2338,-1,0
2020,547,93858,2,1376,ESCOLA ESTADUAL SETOR AEROPORTO,CENTRO,-11.71573,-49.056,1445,-1,0
2020,548,93858,2,1384,ESCOLA MUNICIPAL PROFª ILZA BORGES VIEIRA (ANTIGO COL.CUSTODIO RIBEIRO,PARQUE RESIDENCIAL NOVA FRONTEIRA,-11.74933,-49.06539,1357,-1,0
2020,549,93858,2,1406,ESCOLA MUNICIPAL DR ULISSES GUIMARAES,PARQUE DAS ACÁCIAS,-11.73043,-49.115,1400,-1,0
2020,550,93858,2,1414,ESCOLA MUNICIPAL ELIZEU DE CARVALHO,SETOR INDUSTRIAL,-11.64086,-49.0398,271,-1,0
2020,551,93858,2,1422,ASSOCIAÇÃO DE PAIS E AMIGOS DOS EXCEPCIONAIS APAE,WALDIR LINS,-11.73999,-49.08506,1270,-1,0
2020,552,93858,2,1430,ESCOLA MUNICIPAL AGRIPINO DE SOUZA GALVÃO,SETOR BELA VISTA,-11.76597,-49.07258,1185,-1,0
2020,553,93858,2,1449,ESCOLA MUNICIPAL LENIVAL CORRÊA FERREIRA,ALTO DA BOA VISTA,-11.73189,-49.09846,1423,-1,0
2020,554,93858,2,1457,INSTITUTO FEDERAL DE CIÊNCIA E TECNOLOGIA DO TOCANTINS,JARDIM SEVILHA,-11.73879,-49.05502,1778,-1,0
2020,555,93858,2,1465,POSTO DE ATENDIMENTO MÉDICO VALE VERDE,ZONA RURAL,-11.8796,-48.98529,96,-1,0
2020,556,93858,2,1511,SESI - CIAT ALBANO FRANCO DE GURUPI,VILA ALAGOANA,-11.72294,-49.08307,986,-1,0
2020,557,93858,2,1520,ESCOLA MUNICIPAL VALNIR DE SOUZA SOARES,JARDIM MEDEIROS,-11.71153,-49.08619,123,-1,0
2020,558,93858,2,1562,CRECHE CEMEI TÂNIA SCOTTA,PARQUE RESIDENCIAL NOVA FRONTEIRA,-11.7502,-49.06471,1146,-1,0
2020,559,94056,33,1015,COLEGIO ESTADUAL DE ITACAJA,CENTRO,-8.39248,-47.76795,2305,-1,0
2020,560,94056,33,1023,ESCOLA MUNICIPAL TANCREDO NEVES,CENTRO,-8.39495,-47.77023,1037,-1,0
2020,561,94056,33,1066,ESCOLA DA ALDEIA MANOEL ALVES PEQUENO,ALDEIA INDÍGENA,-8.41822,-47.73396,241,-1,0
2020,562,94056,33,1074,ESCOLA DA ALDEIA SANTA CRUZ,ALDEIA INDÍGENA,-8.49547,-47.67563,442,-1,0
2020,563,94056,33,1082,CEMEI - ANTONIA DE ALENCAR FERNANDES,SETOR AEROPORTO,-8.39695,-47.77491,1084,-1,0
2020,564,94099,11,1031,ESCOLA ESTADUAL DESCARRETO,DESCARRETO,-5.78653,-47.47206,343,-1,0
2020,565,94099,11,1058,ESCOLA MUNICIPAL JAIME NUNES,CENTRO,-5.77463,-47.4784,748,-1,0
2020,566,94099,11,1074,ESCOLA ESTADUAL OLAVO BILAC,CENTRO,-5.77864,-47.48321,1087,-1,0
2020,567,94099,11,1090,ESCOLA MUNICIPAL COCAL GRANDE,POVOADO COCAL GRANDE,-5.74316,-47.55444,123,-1,1
2020,568,94099,11,1104,ESCOLA  MUNICIPAL TOCANTINS,POVOADO ALTO DA CRUZ,-5.7213,-47.74976,138,-1,0
2020,569,94099,11,1112,ESCOLA MUNICIPAL SANTO ANTONIO DA CACHOEIRA,CENTRO,-5.76826,-47.4832,779,-1,0
2020,570,94099,11,1120,ESCOLA MUNICIPAL ANGICO,POVOADO ANGICO,-5.66721,-47.49837,123,-1,0
2020,571,94099,11,1139,ESCOLA MUNICIPAL SAO BENTO,ASSENTAMENTO FAZENDA REIS,-5.76967,-47.7025,605,-1,0
2020,572,94099,11,1147,ESCOLA MUNICIPAL SÃO DOMINGOS,POVOADO SÃO DOMINGO DO LAGO,-5.74316,-47.55444,121,-1,1
2020,573,94099,11,1155,ESCOLA MUNICIPAL MARIA SILVA BARRETO,POVOADO CASTANHEIRA,-5.67902,-47.56801,146,-1,0
2020,574,94170,16,1015,COLÉGIO ESTADUAL FRANCISCA ALVES DE ALENCAR,CENTRO,-8.57333,-48.69001,1318,-1,0
2020,575,94170,16,1031,ESCOLA MUNICIPAL DONA AUGUSTA MARIA DE JESUS,CENTRO,-8.57476,-48.69127,951,-1,0
2020,576,94617,5,1015,CEM SANTA TEREZINHA,CENTRO,-9.56519,-48.38935,2009,-1,0
2020,577,94617,5,1023,COLEGIO TOCANTINS,CENTRO,-9.56875,-48.38724,1834,-1,0
2020,578,94617,5,1031,ESC. EST. ONESINA BANDEIRA,FLAMBOYANT 2,-9.5627,-48.41084,1748,-1,0
2020,579,94617,5,1040,ESC. EST. JOSE DAMASCENO VASCONCELOS,CENTRO,-9.5735,-48.39437,1108,-1,0
2020,580,94617,5,1058,ESC. MUN. VILMAR VASCONCELOS FEITOSA,SETOR BRASIL,-9.55273,-48.41004,760,-1,0
2020,581,94617,5,1074,CEM DONA FILOMENA MOREIRA DE PAULA,SETOR SANTA FILOMENA,-9.56026,-48.40778,1917,-1,0
2020,582,94617,5,1090,ESCOLA EST. OSCAR SARDINHA,VILA MARIA,-9.55842,-48.39625,775,-1,0
2020,583,94617,5,1104,ESC. MUN. BRIGADEIRO LISIAS RODRIGUES,SETOR CORRENTINHO,-9.58756,-48.4003,322,-1,0
2020,584,94617,5,1112,UNIVERSIDADE FEDERAL DO TOCANTINS,SETOR UNIVERSITARIO,-9.56921,-48.40533,2742,-1,0
2020,585,94617,5,1139,ESC. MUN. VALE DO TOCANTINS,ZONA RURAL,-9.56032,-48.39032,533,-1,0
2020,586,94617,5,1171,ESC. MUN. BOANERGES MOREIRA DE PAULA,ZONA RURAL,-9.69645,-48.59314,158,-1,0
2020,587,94633,28,1015,ESCOLA ESTADUAL NOSSA SENHORA DA PROVIDENCIA,CENTRO,-9.53728,-48.59081,2916,-1,0
2020,588,94633,28,1023,CEM - CENTRO DE ENSINO MEDIO RUI BRASIL CAVALCANTE,VILA MARIA,-9.53602,-48.59101,4047,-1,0
2020,589,94633,28,1031,ESCOLA MUNICIPAL ANTONIO PEREIRA DE SOUSA,CENTRO,-9.53097,-48.58951,872,-1,0
2020,590,94633,28,1040,ESCOLA MUNICIPAL ANTÔNIO PEREIRA DE SOUSA - ANEXO I,CENTRO,-9.53307,-48.58798,1596,-1,0
2020,591,94692,3,1015,ESCOLA ESTADUAL PADRE GAMA,CENTRO,-10.76552,-48.11192,1649,-1,0
2020,592,94692,3,1023,ESCOLA MUNICIPAL DURVAL SILVA,SETOR IPIRANGA,-10.77198,-48.11364,1140,-1,0
2020,593,94692,3,1058,ESCOLA MUNICIPAL MC 4,ZONA RURAL,-11.10849,-48.10524,77,-1,0
2020,594,94692,3,1074,ESCOLA ESTADUAL MESTRA BELA,CENTRO,-10.7622,-48.10717,1051,-1,0
2020,595,94692,3,1120,ESCOLA ESTADUAL CHE GUEVARA - ANTIGO PROF. ADONIAS.,ZONA RURAL,-10.96093,-48.09162,338,-1,0
2020,596,94692,3,1155,ESCOLA MUNICIPAL ZEZÉ PEDREIRA,ZONA RURAL,-10.5593,-48.23902,185,-1,0
2020,597,94811,19,1015,COLEGIO ESTADUAL 'DR QUINTILIANO DA SILVA',CENTRO,-11.70998,-47.72643,1475,-1,0
2020,598,94811,19,1023,ESCOLA ESTADUAL NOSSA SENHORA DE FATIMA/O PELICANO,CENTRO,-11.70446,-47.72516,1152,-1,0
2020,599,94811,19,1031,ESCOLA ESPECIAL CORACI DE SENA FERNANDES (APAE),CENTRO,-11.71083,-47.72781,640,-1,0
2020,600,94811,19,1040,ESCOLA ESTADUAL JOAQUIM LINO SUARTE,CENTRO,-11.69824,-47.7209,655,-1,0
2020,601,94811,19,1090,ESCOLA MUNICIPAL DONA JOSINA PEREIRA NUNES,ZONA RURAL,-11.93863,-47.61393,480,-1,0
2020,602,94811,19,1104,ESPAÇO DE ACOL. D. FELIPA F. DE OLIVEIRA  DO SANT. SR. DO BONFIM,ZONA RURAL,-11.82851,-47.61409,117,-1,0
2020,603,94811,19,1112,ESCOLA MUNICIPAL JACUBINHA I,ZONA RURAL,-11.67813,-47.55918,178,-1,0
2020,604,94811,19,1120,ESCOLA MUNICIPAL ARCHCELINA PACINI VIEIRA,CENTRO,-11.70627,-47.72934,844,-1,0
2020,605,94811,19,1163,CRECHE TIA CHIQUINHA,NOVA ESPERANÇA,-11.70328,-47.73227,764,-1,0
2020,606,94838,9,1023,ESCOLA ESTADUAL PRESIDENTE CASTELO BRANCO (PADRÃO),CENTRO,-6.37436,-47.66012,1877,-1,0
2020,607,94838,9,1074,ESCOLA ESTADUAL PIAÇAVA,ZONA RURAL,-6.31568,-47.79319,501,-1,0
2020,608,94838,9,1082,ESCOLA ESTADUAL DOM CORNÉLIO CHIZZINI,ZONA RURAL,-6.33271,-47.84085,511,-1,0
2020,609,94838,9,1104,ESCOLA MUNICIPAL SANTO ANTÔNIO,ZONA RURAL,-6.27457,-47.86119,317,-1,0
2020,610,94838,9,1112,ESCOLA MUNICIPAL MARIANO MORAIS,ZONA RURAL,-6.37354,-47.74134,285,-1,0
2020,611,94838,9,1163,ESCOLA ESTADUAL PRESIDENTE CASTELO BRANCO,CENTRO,-6.37436,-47.66012,354,-1,1
2020,612,94994,35,1015,ESCOLA ESTADUAL PROFª ELIACENA MOURA LEITÃO,CENTRO,-9.96342,-47.6757,1902,-1,0
2020,613,94994,35,1023,ESCOLA MUNICIPAL DEUSIANO COELHO DE SOUSA,ZONA RURAL,-10.1362,-47.77219,251,-1,0
2020,614,94994,35,1031,ESCOLA MUNICIPAL RUIDELMAR LIMEIRA BORGES,CENTRO,-9.96504,-47.68122,1570,-1,0
2020,615,95192,7,1015,ESCOLA ESTADUAL DEUSA DE MORAES,CENTRO,-10.17416,-48.88365,1057,-1,0
2020,616,95192,7,1023,ESCOLA ESTADUAL TRAJANO COELHO NETO,CENTRO,-10.17296,-48.88719,1230,-1,0
2020,617,95192,7,1031,COLEGIO SAO GERALDO,CENTRO,-10.1775,-48.8874,2456,-1,0
2020,618,95192,7,1040,CENTRO DE ENSINO MEDIO JOSE ALVES DE ASSIS,CENTRO,-10.17451,-48.8888,2305,-1,0
2020,619,95192,7,1058,ESCOLA ESTADUAL AMANCIO DE MORAIS,CENTRO,-10.17796,-48.8871,1392,-1,0
2020,620,95192,7,1066,INSTITUTO PRESBITERIANO VALE DO TOCANTINS,CENTRO,-10.17503,-48.8818,1794,-1,0
2020,621,95192,7,1082,ESCOLA RAIO DE SOL,CENTRO,-10.17113,-48.88443,662,-1,0
2020,622,95192,7,1090,COLÉGIO ESTADUAL IDALINA DE PAULA,SETOR OESTE,-10.18138,-48.89645,1527,-1,0
2020,623,95192,7,1104,"FACULDADE DE EDUCAÇÃO, CIÊNCIAS E LETRAS DE PARAÍSO-TO - FECIPAR",SETOR INTERLAGOS,-10.16489,-48.88296,762,-1,0
2020,624,95192,7,1112,ESCOLA MUNICIPAL 23 DE OUTUBRO,SETOR OESTE,-10.18022,-48.89101,843,-1,0
2020,625,95192,7,1120,ESCOLA ESTADUAL JUSCELINO KUBITSCHEK,SETOR SERRANO,-10.16707,-48.87445,1118,-1,0
2020,626,95192,7,1139,ESCOLA MUNICIPAL JARDIM PAULISTA,JARDIM PAULISTA,-10.17346,-48.89525,1180,-1,0
2020,627,95192,7,1147,ESCOLA MUNICIPAL DE 1 GRAU POUSO ALEGRE,POUSO ALEGRE,-10.19317,-48.89054,1238,-1,0
2020,628,95192,7,1155,ESCOLA MUNICIPAL PEDRO LUDOVICO TEIXEIRA,VILA CHAPADAO,-10.14566,-48.88642,249,-1,0
2020,629,95192,7,1198,ESCOLA MUNICIPAL DE 1 GRAU SANTA ROSA,SANTA ROSA,-10.03458,-48.76688,174,-1,0
2020,630,95192,7,1201,COLEGIO ESTADUAL PROFESSOR JOSÉ NEZIO RAMOS,POUSO ALEGRE,-10.19301,-48.88963,1425,-1,0
2020,631,95192,7,1210,COLEGIO ESTADUAL SAO JOSE OPERARIO,JARDIM PAULISTA,-10.16755,-48.89781,2043,-1,0
2020,632,95192,7,1236,ESCOLA MUNICIPAL IRMA JULITA,SETOR AEROPORTO,-10.17975,-48.90288,1270,-1,0
2020,633,95192,7,1244,ESCOLA MUNICIPAL LUZIA TAVARES,POUSO ALEGRE,-10.1938,-48.88893,1065,-1,0
2020,634,95192,7,1252,"INSTITUTO FEDERAL DE EDUCAÇÃO, CIÊNCIA E TECNOLOGIA DO TOCANTINS",POVOADO SANTANA,-10.26848,-48.88807,229,-1,0
2020,635,95192,7,1260,ESCOLA MUL PROF ADÉLIA AGUIAR BARBOSA,VILA REGINA,-10.20156,-48.90291,1399,-1,0
2020,636,95192,7,1279,ESCOLA MUNICIPAL VEREADOR JOSÉ ODETE,VILA MILENA,-10.1571,-48.88746,1155,-1,0
2020,637,95192,7,1287,ESCOLA MUNICIPAL JOSÉ RIBEIRO TORRES,ALTO PARAÍSO,-10.19354,-48.88473,1236,-1,0
2020,638,95192,7,1309,CENTRO DE ENSINO MÉDIO DIACONÍZIO BEZERRA DA SILVA,JARDIM AMÉRICA,-10.19618,-48.89972,1421,-1,0
2020,639,95192,7,1317,CENTRO ESTUDANTIL EBENÉZER,SETOR OESTE,-10.18191,-48.89635,720,-1,0
2020,640,95192,7,1325,SESC LER - SERVIÇO SOCIAL DO COMÉRCIO TOCANTINS,JARDIM PAULISTA,-10.15421,-48.88956,697,-1,0
2020,641,95192,7,1333,SENAI - PARAÍSO DO TOCANTINS,SETOR NOVA FRONTEIRA,-10.20242,-48.8945,574,-1,0
2020,642,95214,18,1015,COLÉGIO ESTADUAL DES VIRGILIO DE MELO FRANCO,CENTRO,-12.6161,-47.87911,1639,-1,0
2020,643,95214,18,1040,COLÉGIO ESTADUAL EUCLIDES BEZERRA GERAIS,CENTRO,-12.61632,-47.87963,1423,-1,0
2020,644,95214,18,1074,COLÉGIO ESTADUAL FLORESTA,POVOADO CAMPO ALEGRE,-13.11631,-47.76667,703,-1,0
2020,645,95214,18,1082,COLEGIO ESTADUAL SANTA RITA DO RIO PALMA,POVOADO BOM JESUS DA PALMA,-12.62545,-47.56129,744,-1,0
2020,646,95214,18,1090,COLÉGIO MUNICIPAL DO TIGRE,POVOADO TIGRE,-12.1625,-48.0559,227,-1,0
2020,647,95214,18,1180,PREDIO DA INCLUSÃO DIGITAL(AUDITÓRIO DA INCLUSÃO DIGITAL),CENTRO,-12.61592,-47.88174,557,-1,0
2020,648,95214,18,1210,ESCOLA MUNICIPAL FLORACY BONFIM  PEREIRA DE ARAUJO,VILA NOVA,-12.61441,-47.87203,1387,-1,0
2020,649,95214,18,1228,ESCOLA MUNICIPAL SOLDADINHO DE JESUS,CENTRO,-12.61601,-47.88014,946,-1,0
2020,650,95257,23,1015,COLÉGIO CRISTO REI,CENTRO,-8.96752,-48.17596,2005,-1,0
2020,651,95257,23,1023,ESCOLA MUNICIPAL JANDEVAN,CENTRO,-8.96883,-48.17596,349,-1,0
2020,652,95257,23,1031,ESCOLA ESTADUAL ANA AMORIM,CENTRO,-8.97533,-48.17613,1522,-1,0
2020,653,95257,23,1066,ESCOLA ESTADUAL DE ANAJANÓPOLIS,POVOADO ANAJANÓPOLIS,-9.30731,-47.93016,283,-1,0
2020,654,95257,23,1082,ESCOLA ESTADUAL BOM TEMPO,POVOADO AGROVILA BOM TEMPO,-9.17138,-48.02102,154,-1,0
2020,655,95257,23,1090,ESCOLA MUNICIPAL SOUSA AGUIAR,CENTRO,-8.98226,-48.1696,2198,-1,0
2020,656,95257,23,1104,ESCOLA MUNICIPAL BOA ESPERANÇA,POVOADO MATA VERDE,-9.3091,-48.20898,125,-1,0
2020,657,95257,23,1120,UNIDADE BÁSICA DE SAÚDE MARIA CLARA BRASIL DE CARVALHO,CENTRO,-9.01397,-48.17303,265,-1,0
2020,658,95257,23,1139,ESCOLA ESTADUAL INDÍGENA WAKRERO KÂTOPKUZE,ALDEIA INDÍGENA LAGEADO,-9.42999,-48.09998,67,-1,0
2020,659,95257,23,1155,ESCOLA MUNICIPAL JOSÉ COMBAS ALAMEDA,CENTRO,-8.99155,-48.15867,757,-1,0
2020,660,95257,23,1163,INSTITUTO FEDERAL DO TOCANTINS - CAMPUS AVANÇADO PEDRO AFONSO,SETOR ZACARIAS CAMPELLO,-8.98804,-48.16146,1744,-1,0
2020,661,95273,20,1015,ESCOLA ESTADUAL DOM ALANO,CENTRO,-12.02849,-48.53797,1647,-1,0
2020,662,95273,20,1023,ESCOLA ESTADUAL JUCELINO KUBITSCHEK DE OLIVEIRA,SETOR AEROPORTO,-12.0361,-48.545,1011,-1,0
2020,663,95273,20,1031,ESCOLA ESTADUAL TANCREDO NEVES,CENTRO,-12.02833,-48.53934,870,-1,0
2020,664,95273,20,1082,ESCOLA MUNICIPAL OLAVO BILAC,ZONA RURAL,-11.88012,-48.83797,682,-1,0
2020,665,95273,20,1090,ESCOLA MUNICIPAL RUI IRINEU SILVA,ZONA RURAL,-11.84048,-48.39103,493,-1,0
2020,666,95273,20,1139,ESCOLA MUNICIPAL HERCULANO DE QUEIROZ,ZONA RURAL,-11.59383,-48.52888,976,-1,0
2020,667,95273,20,1147,ESCOLA MUNICIPAL JOSE BEZERRA DA SILVA,ZONA RURAL,-12.34396,-48.63935,108,-1,0
2020,668,95273,20,1163,ESCOLA MUNICIPAL SOL NASCENTE,ZONA RURAL,-12.10572,-48.41827,193,-1,0
2020,669,95273,20,1180,ESCOLA MUNICIPAL SAO JOSE,VILA SÃO JOSÉ,-12.02264,-48.54316,423,-1,0
2020,670,95273,20,1201,ESCOLA MUNICIPAL MESTRE FRANCISCO RIBEIRO,SETOR SUL,-12.04198,-48.53989,605,-1,0
2020,671,95290,16,1015,COLÉGIO ESTADUAL SERRA DAS CORDILHEIRAS,CENTRO,-8.729,-48.75806,1135,-1,0
2020,672,95290,16,1031,ESCOLA ESTADUAL PEDRO LUDOVICO TEIXEIRA,CENTRO,-8.73164,-48.76255,855,-1,0
2020,673,95290,16,1040,COLÉGIO ESTADUAL ARY RIBEIRO VALADÃO FILHO,SETOR SUL,-8.7351,-48.74954,918,-1,0
2020,674,95290,16,1058,ESCOLA ESTADUAL JUSCELINO KUBITSCHEK DE OLIVEIRA,ZONA RURAL,-8.65092,-48.85232,418,-1,0
2020,675,95290,16,1104,ESCOLA MUNICIPAL JOSEFINA RIBEIRO DOS SANTOS,SETOR SUL,-8.73989,-48.7487,670,-1,0
2020,676,95290,16,1112,ESCOLA MUNICIPAL CARLOS CHAGAS,ZONA RURAL,-8.78661,-48.64313,106,-1,0
2020,677,95290,16,1139,CMEI FABIANO RIBEIRO DE OLIVEIRA,CENTRO,-8.73605,-48.75385,559,-1,0
2020,678,95290,16,1147,CENTRO EDUCACIONAL ARTE DO SABER,CENTRO,-8.73062,-48.76383,301,-1,0
2020,679,95290,16,1155,CMEI EURIPADES VIEIRA DE SOUSA,CENTRO,-8.73004,-48.75717,774,-1,0
2020,680,95290,16,1163,ESCOLA MUNICIPAL MARECHAL HUMBERTO CASTELO BRANCO,CENTRO,-8.73255,-48.75778,456,-1,0
2020,681,95338,32,1023,COLEGIO ESTADUAL ADA DE ASSIS TEIXEIRA,CENTRO,-7.71407,-47.31478,2665,-1,0
2020,682,95338,32,1031,CRECHE MUNICIPAL GENTE PEQUENA,CENTRO,-7.71295,-47.31923,1165,-1,0
2020,683,95338,32,1074,ESCOLA MUNICIPAL PEDRO BENTO DA LUZ,ZONA RURAL,-8.10587,-47.64998,347,-1,0
2020,684,95338,32,1082,ESCOLA MAURICIO DE ANDRADE,ZONA RURAL,-7.99031,-47.1103,275,-1,0
2020,685,95338,32,1090,ESCOLA MUNICIPAL GREGÓRIO DE ASSIS,ZONA RURAL,-8.38456,-47.76357,1064,-1,0
2020,686,95338,32,1104,ESCOLA HONORATO JOSE DA CRUZ,ZONA RURAL,-7.97973,-47.697,479,-1,0
2020,687,95338,32,1112,GRUPO MUNICIPAL JOSE DE CARVALHO,ZONA RURAL,-8.1056,-47.19114,542,-1,0
2020,688,95338,32,1139,ESCOLA MUNICIPAL SAO MIGUEL,ZONA RURAL,-7.91509,-47.30315,151,-1,0
2020,689,95338,32,1171,ESCOLA INDIGENA TXUARET,ALDEIA INDÍGENA,-8.0464,-47.25694,104,-1,0
2020,690,95338,32,1180,ESCOLA INDIGENA TOROAKO,ALDEIA INDÍGENA,-8.29981,-47.63652,304,-1,0
2020,691,95338,32,1198,ESCOLA ESTADUAL INDÍGENA CROKROC,ALDEIA INDÍGENA,-8.25829,-47.51543,233,-1,0
2020,692,95338,32,1201,ESCOLA MUNICIPAL LUZIA MACHADO FEITOSA,SETOR AEROPORTO,-7.70484,-47.32539,260,-1,0
2020,693,95370,26,1015,ESCOLA ESTADUAL JOSÉ ALVES DE ASSIS,SETOR VILA NOVA,-11.13483,-47.58108,912,-1,0
2020,694,95370,26,1023,COLÉGIO DE TEMPO INTEGRAL GIRASSOL MANOEL DOS SANTOS ROSAL,CENTRO,-11.14085,-47.57611,1433,-1,0
2020,695,95370,26,1031,ESCOLA MUNICIPAL JOSEFA BELEM,CENTRO,-11.13397,-47.57783,877,-1,0
2020,696,95370,26,1040,CENTRO MUNICIPAL DE EDUCAÇÃO INFANTIL TIA CARMOSINA GONÇALVES,SETOR VILA NOVA,-11.13462,-47.58237,297,-1,0
2020,697,95478,13,1015,ESCOLA MUNICIPAL DONA LINDAURA OLIVEIRA MORAES,CENTRO,-10.44255,-49.17405,1854,-1,0
2020,698,95478,13,1023,ESCOLA ESTADUAL BARTOLOMEU BUENO,CENTRO,-10.44156,-49.17962,3118,-1,0
2020,699,95478,13,1031,ESCOLA MUNICIPAL JOÃO TEIXEIRA FILHO,ZONA RURAL,-10.04793,-49.6392,504,-1,0
2020,700,95516,17,1015,ESCOLA ESTADUAL ANTONIO CARLOS DE FRANCA,CENTRO,-12.09129,-46.48058,1365,-1,0
2020,701,95516,17,1023,ESCOLA ESTADUAL DONA ALZIRA,CENTRO,-12.08651,-46.47851,1182,-1,0
2020,702,95516,17,1040,ESCOLA DONA DAMIANA,ZONA RURAL,-12.25072,-46.669,386,-1,0
2020,703,95516,17,1058,ESCOLA ESTADUAL BOA VISTA DE BELEM,ZONA RURAL,-11.91538,-46.50092,375,-1,0
2020,704,95532,26,1015,CAMARA MUNICIPAL DE PONTE ALTA DO TOCANTINS,CENTRO,-10.74667,-47.5386,265,-1,0
2020,705,95532,26,1023,ESCOLA MUNICIPAL DE EDUCAÇÃO BÁSICA CLEYTON MAIA BARROS,CENTRO,-10.74632,-47.53801,1004,-1,0
2020,706,95532,26,1031,COLÉGIO ESTADUAL ODOLFO SOARES,SETOR JARDIM BRASÍLIA,-10.74357,-47.53905,1420,-1,0
2020,707,95532,26,1040,PREFEITURA MUNICIPAL DE PONTE ALTA DO TOCANTINS,CENTRO,-10.74643,-47.53884,260,-1,0
2020,708,95532,26,1058,ESCOLA ESTADUAL GIRASSOL DE TEMPO INTEGRAL ALCIDES RUFO,SETOR SUL,-10.75316,-47.53158,599,-1,0
2020,709,95532,26,1082,ESCOLA MUNICIPAL SABINO FERREIRA MEDEIROS,BOA ESPERANCA,-10.73949,-47.53206,541,-1,0
2020,710,95532,26,1120,ESCOLA MUNICIPAL DO DISTRITO DO GATO,ZONA RURAL,-10.90821,-47.61778,94,-1,0
2020,711,95532,26,1180,ESCOLA MUNICIPAL DOS ASSENTAMENTOS SANTA TEREZA E SANTO ONOFRE,ZONA RURAL,-10.44339,-47.75914,112,-1,0
2020,712,95532,26,1198,CRECHE PROINFÂNCIA PROFESSORA ADELAIDE AIRES DA SILVA BARROS,SETOR SUL,-10.753,-47.53242,569,-1,0
2020,713,95532,26,1201,ESCOLA DE EDUCAÇÃO ESPECIAL AMILSON FRAZÃO DOS REIS - APAE,SETOR AEROPORTO,-10.75053,-47.53627,250,-1,0
2020,714,95591,3,1023,DIRETORIA REGIONAL DE ENSINO,SETOR AEROPORTO,-10.71106,-48.40537,1254,-1,0
2020,715,95591,3,1031,CENTRO DE ENSINO MEDIO FLORÊNCIO AIRES - CEM,JARDIM BRASILIA,-10.7143,-48.41098,2370,-1,0
2020,716,95591,3,1040,SECRETARIA MUNICIPAL DE EDUCAÇÃO,SETOR AEROPORTO,-10.70659,-48.41398,264,-1,0
2020,717,95591,3,1066,ESCOLA ESTADUAL ALFREDO NASSER,ZONA RURAL,-10.74658,-48.45908,637,-1,0
2020,718,95591,3,1082,ESCOLA ESTADUAL DOM DOMINGOS CARREROT,SETOR AEROPORTO,-10.71111,-48.40705,1195,-1,0
2020,719,95591,3,1090,ESCOLA ESTADUAL DOM PEDRO II,CENTRO,-10.71015,-48.41147,1740,-1,0
2020,720,95591,3,1104,ESCOLA ESTADUAL IRMA ASPASIA,CENTRO,-10.70212,-48.41083,2482,-1,0
2020,721,95591,3,1112,ESCOLA EST. MAL. ARTUR DA COSTA E SILVA,JARDIM QUERIDO,-10.7054,-48.39881,2003,-1,0
2020,722,95591,3,1120,ESCOLA ESTADUAL ANGELICA RIBEIRO ARANHA,PORTO IMPERIAL,-10.7341,-48.4063,1820,-1,0
2020,723,95591,3,1139,ESCOLA EST FELIX CAMOA I,VILA NOVA,-10.69402,-48.40982,3086,-1,0
2020,724,95591,3,1147,ESCOLA ESTADUAL PEDRO LUDOVICO TEIXEIRA,NOVO PLANALTO,-10.72015,-48.39507,2298,-1,0
2020,725,95591,3,1163,ESCOLA  ESTADUAL BRASIL,ZONA RURAL,-10.68503,-48.53802,496,-1,0
2020,726,95591,3,1210,ESCOLA ESTADUAL FREI JOSE MARIA AUDRIN,JARDIM MUNICIPAL,-10.70246,-48.41575,851,-1,0
2020,727,95591,3,1236,ESCOLA ESTADUAL BEIRA RIO,distrito de luzimangues,-10.17321,-48.4561,2929,-1,0
2020,728,95591,3,1244,ESCOLA ESTADUAL PROFESSORA CARMENIA MATOS MAIA,CONJUNTO BRIGADEIRO EDUARDO GOMES,-10.73036,-48.38635,1410,-1,0
2020,729,95591,3,1252,ESCOLA MUNICIPAL DELZA DA PAIXAO,VILA NOVA,-10.67503,-48.40374,1237,-1,0
2020,730,95591,3,1260,ESCOLA MUNICIPAL UNIÃO E PROGRESSO,ALTO DA COLINA,-10.73247,-48.41115,896,-1,0
2020,731,95591,3,1279,COLEGIO SAGRADO CORACAO DE JESUS,CENTRO,-10.70842,-48.41307,2082,-1,0
2020,732,95591,3,1287,CEMEI (ANTIGA ASSOCIAÇÃO JARDIM QUERIDO),JARDIM QUERIDO,-10.70339,-48.39924,418,-1,0
2020,733,95591,3,1295,(SENAI)  ANTIGO ESCOLA ESTADUAL PROFESSOR RAIMUNDO GABRIEL DE OLIVEIRA,JARDIM BRASILIA,-10.71865,-48.41593,1196,-1,0
2020,734,95591,3,1309,ESCOLA MUNICIPAL FANY MACEDO,NOVO PLANALTO,-10.72276,-48.39957,662,-1,0
2020,735,95591,3,1317,ESCOLA MUNICIPAL PROFESSORA DEASIL AIRES DA SILVA,SETOR CASINHAS,-10.73186,-48.38428,384,-1,0
2020,736,95591,3,1325,ESCOLA ESTADUAL ALCIDES RODRIGUES AIRES,NOVA CAPITAL,-10.68267,-48.4009,2291,-1,0
2020,737,95591,3,1333,ESCOLA MUNICIPAL PAU D'ARCO,ZONA RURAL,-10.42695,-48.6913,138,-1,0
2020,738,95591,3,1341,ESCOLA MUNICIPAL ERCINA MONTEIRO PEREIRA,ZONA RURAL,-10.43999,-48.34731,159,-1,0
2020,739,95591,3,1350,ESCOLA MUNICIPAL PROFESSORA CARMECITA MATOS MAIA,ZONA RURAL,-10.87101,-48.29121,36,-1,0
2020,740,95591,3,1368,ESCOLA MUNICIPAL FAUSTINO DIAS DOS SANTOS,ZONA RURAL,-10.56011,-48.53969,143,-1,0
2020,741,95591,3,1376,ESCOLA MUNICIPAL VER. MARIETA PEREIRA DE MACEDO,SAO FRANCISCO,-10.72309,-48.3843,512,-1,0
2020,742,95591,3,1406,ESCOLA MUNICIPAL CELSO ALVES MOURÃO,VILA NOVA,-10.69165,-48.40782,1017,-1,0
2020,743,95591,3,1414,"INSTITUTO FEDERAL DE EDUCAÇÃO, CIÊNCIA E TECNOLOGIA DO TOCANTINS-IFTO",JARDIM AMÉRICA,-10.69213,-48.39862,1069,-1,0
2020,744,95591,3,1422,ESCOLA MUNICIPAL JACINTO BISPO ARANTES,distrito de luzimangues,-10.20305,-48.46251,3015,-1,0
2020,745,95591,3,1449,ESCOLA MUNICIPAL EULINA BRAGA,distrito de luzimangues,-10.1627,-48.51934,133,-1,0
2020,746,95591,3,1457,ESCOLA MUNICIPAL MANOEL JOÃO,ZONA RURAL,-10.79726,-48.61404,96,-1,0
2020,747,95699,35,1015,COLÉGIO ESTADUAL 31 DE MARÇO,CENTRO,-9.59625,-46.67467,1511,-1,0
2020,748,95699,35,1031,ESCOLA ESTADUAL REGINA SIQUEIRA CAMPOS,CENTRO,-9.5942,-46.67626,897,-1,0
2020,749,95699,35,1040,ESCOLA MUNICIPAL SANTA LUZIA,ZONA RURAL,-8.96071,-47.2277,70,-1,0
2020,750,95699,35,1058,ESCOLA MUNICIPAL EMA,ZONA RURAL,-9.82051,-46.93892,100,-1,0
2020,751,95699,35,1066,ESCOLA ESTADUAL AYRTON SENNA DA SILVA,DISTRITO DE ALTO BONITO,-9.20623,-47.05046,336,-1,0
2020,752,96032,21,1015,COLÉGIO ESTADUAL  ÍRIO OLIVEIRA SOUSA,CENTRO,-5.25773,-48.20128,1203,-1,0
2020,753,96032,21,1023,ESCOLA MUNICIPAL LETÍCIA CARNEIRO DE SOUSA,CENTRO,-5.26048,-48.20573,885,-1,0
2020,754,96032,21,1031,ESCOLA ESTADUAL DR. PEDRO LUDOVICO SOARES,CENTRO,-5.25989,-48.20703,785,-1,0
2020,755,96032,21,1040,ESCOLA MUNICIPAL BELA VISTA,ZONA RURAL,-5.26547,-48.32667,166,-1,0
2020,756,96130,11,1023,UNIDADE ESCOLAR SAO PEDRO,POVOADO SÃO PEDRO,-5.54836,-47.63551,330,-1,0
2020,757,96130,11,1040,ESCOLA JARBAS PASSARINHO,POVOADO OLHO D'ÁGUA,-5.58932,-47.60421,754,-1,0
2020,758,96130,11,1058,ESCOLA ESTADUAL RIBAS JUNIOR,CENTRO,-5.60205,-47.64023,2322,-1,0
2020,759,96130,11,1066,ESCOLA  ESTADUAL TEOTONIO SEGURADO,POVOADO SUMAÚMA,-5.53276,-47.69232,559,-1,0
2020,760,96130,11,1074,ESCOLA MUNICIPAL DUQUE DE CAXIAS,CENTRO,-5.60108,-47.64255,596,-1,0
2020,761,96130,11,1082,ESCOLA MUNICIPAL DOM PEDRO I,POVOADO BOA ESPERANÇA,-5.62958,-47.65397,276,-1,0
2020,762,96130,11,1104,ESCOLA MUNICIPAL 14 DE OUTUBRO,CENTRO,-5.60353,-47.63839,1394,-1,0
2020,763,96130,11,1120,CENTRO RECREATIVO,POVOADO OLHO D'ÁGUA,-5.58932,-47.60421,1,-1,1
2020,764,96130,11,1139,ESCOLA MUNICIPAL SETE DE SETEMBRO,POVOADO SANTA INÊS,-5.67243,-47.68133,343,-1,0
2020,765,96130,11,1147,ESCOLA MUNICIPAL GETULIO VARGAS,POVOADO JUVERLÂNDIA,-5.5101,-47.74034,380,-1,0
2020,766,96130,11,1163,ESCOLA ESTADUAL MANOEL ESTEVÃO DE SOUZA,CENTRO,-5.60317,-47.6328,293,-1,0
2020,767,96156,17,1015,COLEGIO ESTADUAL PROFESSOR AURELIANO,CENTRO,-12.40466,-46.43934,1773,-1,0
2020,768,96156,17,1023,GRUPO ESCOLAR AGOSTINHO DE ALMEIDA,CENTRO,-12.40709,-46.43458,920,-1,0
2020,769,96156,17,1031,COLEGIO ESTADUAL JUSTINO DE ALMEIDA,CENTRO,-12.40151,-46.43854,1492,-1,0
2020,770,96156,17,1040,GRUPO ESCOLAR ALTAMIRA,ZONA RURAL,-12.15495,-46.45307,460,-1,0
2020,771,96156,17,1058,GRUPO ESCOLAR JOAQUIM JOSE DE ALMEIDA,VILA SANTA MARIA,-12.404,-46.42962,1479,-1,0
2020,772,96156,17,1066,ESCOLA MUNICIPAL LAURA DO CARMO,SETOR NORTE,-12.39884,-46.43844,1523,-1,0
2020,773,96156,17,1074,ESCOLA MUNICIPAL JOSE DE ALMEIDA,SETOR INDUSTRIAL,-12.41203,-46.42614,1149,-1,0
2020,774,96156,17,1082,ESCOLA MUNICIPAL JUVÊNCIA URCINO DE SANTANA,ZONA RURAL,-12.40397,-46.72828,105,-1,0
2020,775,96156,17,1104,ESCOLA MARIA GUEDES LIMA,SETOR BELA VISTA,-12.3974,-46.43216,983,-1,0
2020,776,96199,5,1015,ESC. EST. ANTONIO BENVINDO DA LUZ,CENTRO,-9.5721,-48.37586,1565,-1,0
2020,777,96199,5,1023,COL. EST. FREI ANTONIO,CENTRO,-9.56942,-48.37912,1033,-1,0
2020,778,96199,5,1031,ESC. EST. INDÍGENA SRÊMTÔWE (ALDEIA PORTEIRA),ALDEIA INDÍGENA,-9.45091,-48.36891,441,-1,0
2020,779,96199,5,1040,ESC. MUN. PROF. CONSTANTINO PEDRO DE CASTRO,VILA PLANALTO,-9.56178,-48.37136,507,-1,0
2020,780,96199,5,1058,ESC. EST. INDÍGENA RIO SONO (ALDEIA RIO SONO),ALDEIA INDÍGENA,-9.59273,-47.92461,152,-1,0
2020,781,96199,5,1066,ESC. EST. INDÍGENA SUZAWRE (ALDEIA BREJO COMPRIDO),ALDEIA INDÍGENA,-9.68321,-48.09153,250,-1,0
2020,782,96199,5,1074,ESC. MUN. ANA ALVES DE BRITO (PALMINHA),ZONA RURAL,-9.83251,-48.10836,221,-1,0
2020,783,96199,5,1090,ESC. EST. INDÍGENA SAKRUIWE (ALDEIA FUNIL),ALDEIA INDÍGENA,-9.64735,-48.37159,206,-1,0
2020,784,96199,5,1104,ESC. MUN. BENVINDO SOUZA LUZ (ÁGUA FRIA II),ZONA RURAL,-9.77284,-48.17789,231,-1,0
2020,785,96210,9,1023,UFT - CAMPUS UNIVERSITÁRIO DE TOCANTINÓPOLIS (CENTRO),SETOR DERGO,-6.32463,-47.42876,2054,-1,0
2020,786,96210,9,1031,COLÉGIO DOM ORIONE,CENTRO,-6.32866,-47.41605,1692,-1,0
2020,787,96210,9,1040,ESCOLA PAROQUIAL CRISTO REI,CEU AZUL,-6.32531,-47.42517,1268,-1,0
2020,788,96210,9,1058,COLÉGIO ESTADUAL DARCY MARINHO,AEROPORTO,-6.32714,-47.42561,1800,-1,0
2020,789,96210,9,1090,ESCOLA ESTADUAL XV DE NOVEMBRO,CENTRO,-6.32897,-47.41648,889,-1,0
2020,790,96210,9,1120,ESCOLA REUNIDA MANOEL DE SOUSA LIMA,ZONA RURAL,-6.29616,-47.44207,418,-1,0
2020,791,96210,9,1201,ESCOLA REUNIDA 07 DE SETEMBRO,ZONA RURAL,-6.35866,-47.49135,330,-1,0
2020,792,96210,9,1210,ESCOLA MUNICIPAL ALTO DA BOA VISTA II,ALTO DA BOA VISTA I,-6.31909,-47.42007,1731,-1,0
2020,793,96210,9,1236,ESCOLA MUNICIPAL PROF. ANTÔNIO FARIAS,VILA MATILDE,-6.32106,-47.43398,1010,-1,0
2020,794,96210,9,1252,ESCOLA INDÍGENA MANTY'Q SÃO JOSÉ,ALDEIA INDÍGENA,-6.33929,-47.5528,656,-1,0
2020,795,96210,9,1260,ESCOLA ESTADUAL JOSÉ CARNEIRO DE BRITO (PADRÃO),ALTO BONITO,-6.33766,-47.42559,2416,-1,0
2020,796,96210,9,1279,ESCOLA ESTADUAL INDÍGENA TEKATOR,ALDEIA INDÍGENA,-6.2029,-47.45593,310,-1,0
2020,797,96210,9,1287,ESCOLA MUNICIPAL ANTÔNIO FERNANDES DOS SANTOS,ZONA RURAL,-6.25225,-47.46368,127,-1,0
2020,798,96210,9,1295,ESCOLA MUNICIPAL NOVO AEROPORTO,ZONA RURAL,-6.33817,-47.47096,82,-1,0
2020,799,96270,6,1023,COLÉGIO ESTADUAL DONA ANAÍDES BRITO MIRANDA,CENTRO,-8.83227,-48.51647,1348,-1,0
2020,800,96270,6,1031,CENTRO DE ENSINO MÉDIO OQUERLINA TORRES,CENTRO,-8.83364,-48.51006,2197,-1,0
2020,801,96270,6,1040,COLÉGIO ESTADUAL ANTONIO ALENCAR LEÃO,CENTRO,-8.84284,-48.50834,1369,-1,0
2020,802,96270,6,1058,ESCOLA ESTADUAL IRINEU ALBANO HENDGES,SETOR AEROPORTO,-8.8515,-48.50383,2282,-1,0
2020,803,96270,6,1066,ESCOLA MUNICIPAL LEÔNCIO DE SOUSA MIRANDA,SETOR PESTANA,-8.82697,-48.50705,975,-1,0
2020,804,96270,6,1082,COLÉGIO ESTADUAL RAIMUNDO ALENCAR  LEÃO,SETOR UNIVERSITÁRIO,-8.84165,-48.50576,1772,-1,0
2020,805,96270,6,1090,ESCOLA MUNICIPAL SOSSEGO DA MAMÃE,CENTRO,-8.83911,-48.51391,1412,-1,0
2020,806,96270,6,1112,FAG - FACULDADE DE GUARAI,CENTRO,-8.83995,-48.50578,1400,-1,0
2020,807,96270,6,1120,COLÉGIO ESTADUAL JOSÉ DA COSTA SOARES,SETOR PESTANA,-8.82982,-48.50954,1261,-1,0
2020,808,96270,6,1139,APAE - ASSOCIAÇÃO DOS PAIS E AMIGOS DOS EXCEPCIONAIS,SETOR UNIVERSITÁRIO,-8.84101,-48.50575,626,-1,0
2020,809,96270,6,1147,ESCOLA MUNICIPAL PRESIDENTE JK,CENTRO,-8.84698,-48.50537,769,-1,0
2020,810,96270,6,1155,ESCOLA MUNICIPAL LUIZ DE CAMÕES,SETOR NOVA QUERÊNCIA,-8.84895,-48.51826,593,-1,0
2020,811,96296,4,1015,COLÉGIO ESTADUAL JUSCELINO KUBITSCHEK,CENTRO,-8.53236,-48.50019,1321,-1,0
2020,812,96296,4,1040,ESCOLA MUNICIPAL RAIMUNDO BARBOSA DE SOUSA,CENTRO,-8.53276,-48.50425,1337,-1,0
2020,813,96431,12,1058,CAMARA MUNICIPAL,CENTRO,-6.40884,-48.53816,263,-1,0
2020,814,96431,12,1066,ESCOLA PAROQUIAL SAO MIGUEL,CENTRO,-6.4111,-48.53669,810,-1,0
2020,815,96431,12,1082,CRECHE MUNICIPAL RODOLFO MALINSKI,CENTRO,-6.41149,-48.53731,932,-1,0
2020,816,96431,12,1090,ESCOLA ESTADUAL EURICO MOTA,CENTRO,-6.41224,-48.5333,1565,-1,0
2020,817,96431,12,1104,COLEGIO ESTADUAL JULIANA BARROS,LESTE,-6.41307,-48.53109,1803,-1,0
2020,818,96431,12,1120,ESCOLA MUNICIPAL FRANCISCO DE OLIVEIRA,BAIXA FRIA,-6.41468,-48.53804,723,-1,0
2020,819,96431,12,1163,ESCOLA MUNICIPAL DOM CORNÉLIO CHIZZINI,SÃO JOSÉ,-6.40676,-48.52986,1456,-1,0
2020,820,96431,12,1171,ESCOLA MUNICIPAL SEVERINO TEIXEIRA ROCHA,TRECHO SECO,-6.42265,-48.53501,439,-1,0
2020,821,96431,12,1180,ESCOLA MUNICIPAL GENÍSIA BERNARDO GRANJEIRO,ZONA RURAL,-6.47475,-48.37738,117,-1,0
2020,822,96490,18,1015,COLÉGIO ESTADUAL  MARIA GUEDES,CENTRO,-13.04237,-48.4069,1261,-1,0
2020,823,96490,18,1082,COLÉGIO ESTADUAL PROFESSORA ONEIDES ROSA DE MOURA,CENTRO,-13.04412,-48.41161,1551,-1,0
2020,824,96490,18,1104,CENTRO MUNICIPAL DE EDUCAÇÃO INFANTIL PEQUENOS BRILHANTES - CMEI,CENTRO,-13.04033,-48.4022,996,-1,0
2020,825,96490,18,1120,ESCOLA MUNICIPAL ELDA SILVA BARROS,ST ALTO DA BOA VISTA,-13.03867,-48.41248,1373,-1,0
2020,826,96598,3,1015,ESCOLA ESTADUAL JOÃO PIRES QUERIDO,SETOR OESTE,-11.15449,-48.16676,1679,-1,0
2020,827,96598,3,1023,COLÉGIO ESTADUAL JOÃO DA SILVA GUIMARÃES,CENTRO,-11.14655,-48.17162,2528,-1,0
2020,828,96598,3,1031,ESCOLA MUNICIPAL CAMINHO SUAVE,ZONA RURAL,-10.9781,-47.74319,63,-1,0
2020,829,96598,3,1040,ESCOLA MUNICIPAL DIRCEU BONANCIM,ZONA RURAL,-11.16557,-47.82337,164,-1,0
2020,830,96636,31,1015,ESCOLA ESTADUAL HAMEDY CURI QUEIROZ,CENTRO,-7.63271,-48.41962,1319,-1,0
2020,831,96636,31,1023,ESCOLA ESTADUAL DR HELIO DE SOUSA BUENO,CENTRO,-7.63549,-48.42093,2739,-1,0
2020,832,96636,31,1031,ESCOLA MUNICIPAL PEDRO CHICOU DE ALENCAR,CENTRO,-7.63229,-48.42145,977,-1,0
2020,833,96636,31,1040,ESCOLA MUNICIPAL LADISLAU DE OLIVEIRA,CENTRO,-7.62636,-48.42518,651,-1,0
2020,834,96636,31,1058,ESCOLA MUNICIPAL MARIA LIRA,CENTRO,-7.63837,-48.41841,923,-1,0
2020,835,96636,31,1082,ESCOLA MUNICIPAL DO POVOADO CAMPO ALEGRE,ZONA RURAL,-7.48753,-48.37903,92,-1,0
2020,836,96636,31,1090,ESCOLA ADRIANO MARTINS BRILHANTE,ZONA RURAL,-7.74875,-48.3257,242,-1,0
2020,837,96636,31,1104,ESCOLA MUNICIPAL ANTONIO PEREIRA DOS SANTOS,ZONA RURAL,-7.6427,-48.28705,234,-1,0
2020,838,96636,31,1112,CEMEI - ANTÔNIO FILEMON GOMES,CENTRO,-7.63604,-48.42076,223,-1,0
2020,839,96652,27,1015,COLEGIO NOSSA SENHORA DA CONCEICAO,CENTRO,-6.85277,-47.96121,487,-1,0
2020,840,96652,27,1023,GRUPO ESCOLAR DOM PEDRO II,CENTRO,-6.85212,-47.96211,836,-1,0
2020,841,96652,27,1031,COLEGIO JOSE LUIZ SIQUEIRA,CENTRO,-6.84615,-47.96743,1923,-1,0
2020,842,96652,27,1066,ESCOLA MUNICIPAL CÂNDIDO ARAÚJO,ZONA RURAL,-6.94326,-48.0865,494,-1,0
2020,843,96652,27,1082,ESCOLA MUNICIPAL BERNARDO SAYAO,ZONA RURAL,-7.0877,-48.15953,457,-1,0
2020,844,96652,27,1090,ESCOLA MUNICIPAL JOSÉ HENRIQUE DOS SANTOS,ZONA RURAL,-7.09823,-48.1338,652,-1,0
2020,845,96652,27,1120,ESCOLA MUNICIPAL BOM JESUS,ZONA RURAL,-6.77664,-48.05795,262,-1,0
2020,846,96652,27,1163,CENTRO MUNICIPAL DE EDUCAÇÃO INFANTIL - CEMEI,CENTRO,-6.85277,-47.96121,1462,-1,0
2020,847,96679,14,1015,COLEGIO ESTADUAL CÂNDIDO FIGUEIRA,CENTRO,-12.13357,-49.16771,1100,-1,0
2020,848,96679,14,1023,COLEGIO ESTADUAL ALAIR SENA CONCEICAO,CENTRO,-12.14187,-49.17236,1291,-1,0
2020,849,96679,14,1040,ESCOLA MUNICIPAL PROFESSORA EDILEUZA BAROSA DA SILVA SANTOS,CENTRO,-12.13771,-49.16528,1902,-1,0
2020,850,96792,23,1015,COLÉGIO ESTADUAL DE RIO SONO,CENTRO,-9.34548,-47.90002,1821,-1,0
2020,851,96792,23,1023,ESCOLA MUNICIPAL TOMÁS DE AQUINO,CENTRO,-9.3475,-47.89099,900,-1,0
2020,852,96792,23,1031,ESCOLA ESTADUAL IMACULADA CONCEIÇÃO,ZONA RURAL,-9.45936,-47.32683,424,-1,0
2020,853,96792,23,1058,ESCOLA MUNICIPAL BERNARDO GUIMARÃES,ZONA RURAL,-9.65787,-47.67907,667,-1,0
2020,854,96792,23,1066,ESCOLA CRISTO REI,ZONA RURAL,-9.81267,-47.81296,190,-1,0
2020,855,96792,23,1112,ESCOLA MUNICIPAL CASTRO ALVES,POVOADO NOVO HORIZONTE,-9.95846,-47.67373,61,-1,0
2020,856,96830,13,1015,COLÉGIO ESTADUAL NOVA FÁTIMA,CENTRO,-10.7582,-48.9041,1352,-1,0
2020,857,96830,13,1031,COLEGIO ESTADUAL CONCEICAO BRITO,CENTRO,-10.75679,-48.89926,1811,-1,0
2020,858,96857,21,1015,COLÉGIO ESTADUAL AUGUSTINÓPOLIS,CENTRO,-5.4637,-47.88568,2567,-1,0
2020,859,96857,21,1023,COLEGIO ESTADUAL MANOEL VICENTE DE SOUSA,CENTRO,-5.46866,-47.88472,2899,-1,0
2020,860,96857,21,1031,ESCOLA EMÍLIO MÉDICE,ZONA RURAL,-5.43001,-47.85789,246,-1,0
2020,861,96857,21,1040,ESCOLA MUNICIPAL PRESIDENTE KENNEDY,CENTRO,-5.46341,-47.89039,747,-1,0
2020,862,96857,21,1058,COLÉGIO MILITAR DO ESTADO DO TOCANTINS LA SALLE,BOA VISTA,-5.46864,-47.89382,2716,-1,0
2020,863,96857,21,1066,ESCOLA ESTADUAL SANTA GENOVEVA,CENTRO,-5.476,-47.89265,1932,-1,0
2020,864,96857,21,1074,ESCOLA ESTADUAL FAZENDA 16,ZONA RURAL,-5.50776,-47.9351,433,-1,0
2020,865,96857,21,1090,ESSCOLA MUNICIPAL AGROVILA I,ZONA RURAL,-5.59107,-47.89269,193,-1,0
2020,866,96954,2,1015,COLEGIO DUQUE DE CAXIAS,CENTRO,-11.30377,-48.93871,2514,-1,0
2020,867,96954,2,1023,COLEGIO MUNICIPAL NOSSA SENHORA DO CARMO,CENTRO,-11.30255,-48.93376,213,-1,0
2020,868,96954,2,1031,COLEGIO ESTADUAL ANITA CASSIMIRO MORENO,SETOR JARDIM ALIANCA,-11.30644,-48.94671,1286,-1,0
2020,869,96970,35,1015,ESCOLA ESTADUAL GIRASSOL DE TEMPO INTEGRAL MEIRA MATOS,AEROPORTO,-9.95505,-47.97812,1930,-1,0
2020,870,96970,35,1023,ESCOLA MUNICIPAL LUZA MACHADO DE MIRANDA,SÃO DOMINGOS,-9.95325,-47.9697,1785,-1,0
2020,871,96997,28,1015,COLEGIO ESTADUAL PRESIDENTE TANCREDO NEVES,CENTRO,-9.83818,-48.72773,2129,-1,0
2020,872,96997,28,1023,ESCOLA MUNICIPAL CRIANÇA FELIZ,VILA NOVA,-9.8421,-48.72654,976,-1,0
2020,873,96997,28,1031,COLEGIO ESTADUAL PRESIDENTE COSTA  E SILVA,CENTRO,-9.83231,-48.72642,1274,-1,0
2022,0,73008,7,1015,COLÉGIO ESTADUAL SÃO PEDRO,CENTRO,-9.6243,-49.1563,1239,-1,0
2022,1,73008,7,1023,ESCOLA MUNICIPAL PAULO FREIRE,ZONA RURAL,-9.27373,-49.58077,173,-1,0
2022,2,73008,7,1031,ESCOLA MUNICIPAL JÚLIO PINHEIRO,CENTRO,-9.62052,-49.15573,928,-1,0
2022,3,73016,27,1015,ESCOLA ESTADUAL SAO JOSE,CENTRO,-6.76909,-48.29369,1184,-1,0
2022,4,73016,27,1023,ESCOLA MUNICIPAL PADRE ANTONIO,CENTRO,-6.7695,-48.29433,637,-1,0
2022,5,73016,27,1066,ESCOLA MUNICIPAL MONTE SINAI,ZONA RURAL,-6.96498,-48.2544,180,-1,0
2022,6,73016,27,1074,ESCOLA MUNICIPAL GILMAR ALVES BATISTA,ZONA RURAL,-6.94707,-48.19476,192,-1,0
2022,7,73024,27,1015,COLÉGIO ESTADUAL JOÃO XXIII,CENTRO,-6.44177,-48.13952,1327,-1,0
2022,8,73024,27,1023,ESCOLA MUNICIPAL TANCREDO NEVES,ZONA RURAL,-6.50195,-48.05638,908,-1,0
2022,9,73024,27,1031,ESCOLA MUNICIPAL DOM PEDRO I,ZONA RURAL,-6.48582,-48.08953,164,-1,0
2022,10,73024,27,1040,ESCOLA MUNICIPAL TIRADENTES,ZONA RURAL,-6.37509,-48.15551,150,-1,0
2022,11,73024,27,1066,ESCOLA MUNICIPAL TEODORO SÁ,CENTRO,-6.44222,-48.13886,760,-1,0
2022,12,73024,27,1074,ASSOCIAÇÃO DOS TRABALHADORES RURAIS DO PA CANOA,ZONA RURAL,-6.54891,-48.09952,299,-1,0
2022,13,73032,27,1015,COLEGIO ESTADUAL JOSE DE SOUSA PORTO,CENTRO,-6.71057,-47.7503,2609,-1,0
2022,14,73032,27,1031,ESCOLA MUNICIPAL DOM PEDRO I,ZONA RURAL,-6.93905,-47.60563,100,-1,0
2022,15,73032,27,1040,ESCOLA MUNICIPAL VITOR DIAS,CENTRO,-6.70927,-47.75254,1044,-1,0
2022,16,73032,27,1058,ESCOLA MUNICIPAL MARIA ZILDA PEREIRA ALVES,ZONA RURAL,-6.67149,-47.87092,351,-1,0
2022,17,73040,27,1015,ESCOLA ESTADUAL RAIMUNDO NEIVA DE CARVALHO,CENTRO,-6.60862,-47.5444,3347,-1,0
2022,18,73040,27,1031,ESCOLA MUNICIPAL PADRE JOSIMO,ZONA RURAL,-6.6285,-47.66271,438,-1,0
2022,19,73040,27,1040,ESCOLA MUNICIPAL DUQUE DE CAXIAS,ZONA RURAL,-6.62544,-47.7754,308,-1,0
2022,20,73059,11,1023,ESCOLA MUNICIPAL CONSTANCIA DE MORAES,CENTRO,-5.95186,-47.51137,2075,-1,0
2022,21,73059,11,1031,ESCOLA ESTADUAL PEDRO LUDOVICO TEIXEIRA,CENTRO,-5.94776,-47.50769,990,-1,0
2022,22,73059,11,1066,SECRETARIA DE SANEAMENTO E MEIO AMBIENTE - SEÇÃO ESPECIAL INDÍGINA,VILA SÃO CRISTOVÃO II,-5.94811,-47.51342,122,-1,0
2022,23,73067,10,1015,ESCOLA ESTADUAL RAIMUNDO NONATO TORRES,CENTRO,-6.11317,-47.91544,1859,-1,0
2022,24,73075,9,1015,COLÉGIO ESTADUAL DULCE COELHO DE SOUSA,CENTRO,-6.39194,-47.86731,2420,-1,0
2022,25,73075,9,1058,ESCOLA MUNICIPAL RAIMUNDO BARBOSA LIMA,ZONA RURAL,-6.55004,-47.99067,263,-1,0
2022,26,73083,8,1015,ESCOLA ESTADUAL JOÃO AIRES GABRIEL,CENTRO,-7.85933,-47.92871,1441,-1,0
2022,27,73083,8,1023,ESCOLA MUNICIPAL BARNABÉ PEREIRA DO NASCIMENTO,ZONA RURAL,-7.9292,-48.08888,407,-1,0
2022,28,73083,8,1031,ESCOLA MUNICIPAL FIRMINO COELHO DE ARAÚJO,ZONA RURAL,-8.07773,-48.18809,677,-1,0
2022,29,73083,8,1058,ESCOLA MUNICIPAL MARGARIDA OLIVEIRA DE SOUSA,ZONA RURAL,-7.69716,-48.02599,456,-1,0
2022,30,73083,8,1074,ESCOLA MUNICIPAL MENINO JESUS,CENTRO,-7.86132,-47.92963,770,-1,0
2022,31,73091,32,1015,ESCOLA MUNICIPAL DUARTE ARAUJO,ZONA RURAL,-8.30346,-46.97905,177,-1,0
2022,32,73091,32,1031,ESCOLA SEBASTIÃO LIRA MOURÃO,ZONA RURAL,-8.20791,-46.94961,479,-1,0
2022,33,73091,32,1040,ESCOLA ESTADUAL MANOEL ALVES GRANDE,CENTRO,-7.96707,-46.80817,3165,-1,0
2022,34,73091,32,1058,ESCOLA MUNICIPAL ARCANJO SOARES,ZONA RURAL,-8.0457,-46.48466,189,-1,0
2022,35,73091,32,1074,ESCOLA MUNICIPAL JOSÉ EDIMAR DE BRITO MIRANDA,CENTRO,-7.97612,-46.80254,2075,-1,0
2022,36,73105,35,1015,ESCOLA ESTADUAL SAGRADO CORAÇÃO DE JESUS,CENTRO,-10.16991,-46.6587,1436,-1,0
2022,37,73105,35,1031,ESCOLA MUNICIPAL MIGUEL RODRIGUES DE SOUSA,ZONA RURAL,-10.13966,-46.49888,170,-1,0
2022,38,73113,35,1015,ESCOLA MUNICIPAL DELCI RIBEIRO BARROS,CENTRO,-10.29848,-47.56566,1449,-1,0
2022,39,73113,35,1023,ESCOLA ESTADUAL SALMON DO AMARAL BRITO,CENTRO,-10.29638,-47.56439,1543,-1,0
2022,40,73121,23,1015,ESCOLA ESTADUAL ALFREDO NASSER,CENTRO,-8.96555,-48.16607,1771,-1,0
2022,41,73121,23,1023,"ESCOLA MUNICIPAL MARIA LIMA BARBOSA ""GUARDA LUPE""",CENTRO,-8.96681,-48.16229,1313,-1,0
2022,42,73121,23,1040,ESCOLA MUNICIPAL SANTA LUZIA,ZONA RURAL,-9.02243,-47.83822,131,-1,0
2022,43,73130,33,1015,COLEGIO ESTADUAL DE SANTA MARIA DO TOCANTINS,CENTRO,-8.77467,-47.74614,1811,-1,0
2022,44,73130,33,1023,CENTRO EDUCACIONAL ZEFERINO PEREIRA DA SILVA,CENTRO,-8.77712,-47.74623,708,-1,0
2022,45,73148,22,1015,COLEGIO ESTADUAL DR JOAO D'ABREU,CENTRO,-12.91774,-46.57674,2056,-1,0
2022,46,73156,14,1015,COLÉGIO ESTADUAL NOSSA SENHORA APARECIDA,CENTRO,-12.54325,-49.93193,1198,-1,0
2022,47,73156,14,1023,ESCOLA MUNICIPAL CANTINHO DO SABER,CENTRO,-12.536,-49.9267,1774,-1,0
2022,48,73156,14,1058,COLÉGIO ESTADUAL PADRE JOSÉ DE ANCHIETA - POVOADO DE DORILÂNDIA,DORILÂNDIA,-12.24097,-49.74655,374,-1,0
2022,49,73164,25,1015,ESCOLA ESTADUAL JOAQUIM FRANCISCO DE AZEVEDO,CENTRO,-12.19536,-46.98919,1931,-1,0
2022,50,73172,25,1015,ESCOLA ESTADUAL  JARDIM,CENTRO,-11.82242,-46.62863,1384,-1,0
2022,51,73172,25,1023,ESCOLA MUNICIPAL MYRTHES AIRES SILVA,POVOADO AMARALINA,-11.71344,-46.74161,200,-1,0
2022,52,73172,25,1031,ESCOLA MUNICIPAL SANTO ANTÔNIO,CENTRO,-11.81976,-46.62557,552,-1,0
2022,53,73180,11,1015,ESCOLA MUNICIPAL ALTO BONITO - BELA VISTA,BELA VISTA,-5.54307,-47.51563,673,-1,0
2022,54,73180,11,1023,ESCOLA MUNICIPAL JOAO PESSOA,CENTRO,-5.55617,-47.57697,1140,-1,0
2022,55,73180,11,1031,ESCOLA ESTADUAL BELA VISTA,BELA VISTA,-5.54041,-47.50604,2150,-1,0
2022,56,73180,11,1040,ESCOLA MUNICIPAL JOAO  XXIII - POVOADO GROTA DO MEIO,ZONA RURAL,-5.5481,-47.53678,1290,-1,0
2022,57,73180,11,1058,ESCOLA ESTADUAL SAO MIGUEL,CENTRO,-5.55348,-47.57693,1409,-1,0
2022,58,73180,11,1066,ESCOLA MUNICIPAL ANTONIO FARIAS - POVOADO SÃO FRANCISCO,ZONA RURAL,-5.58785,-47.5615,251,-1,0
2022,59,73180,11,1074,ESCOLA MUNICIPAL BOA ESPERANCA - POVOADO IMBIRAL,ZONA RURAL,-5.46817,-47.55939,228,-1,0
2022,60,73180,11,1082,ESCOLA MUNICIPAL RUI BARBOSA - POVOADO BURITI,ZONA RURAL,-5.62686,-47.55779,195,-1,0
2022,61,73180,11,1090,ESCOLA MUNICIPAL SETE BARRACAS,ZONA RURAL,-5.52041,-47.57961,237,-1,0
2022,62,73180,11,1104,ESCOLA MUNICIPAL PESO DURO,ZONA RURAL,-5.59001,-47.52266,229,-1,0
2022,63,73199,6,1015,COLÉGIO ESTADUAL MAJOR JUVENAL PEREIRA DE SOUSA,CENTRO,-9.05765,-48.51974,3063,-1,0
2022,64,73202,33,1015,COLEGIO ESTADUAL REZENDE DE ALMEIDA,CENTRO,-8.38464,-48.1074,1780,-1,0
2022,65,73202,33,1023,ESCOLA MUNICIPAL HERMES DA SILVA PIRES,CENTRO,-8.39126,-48.09983,1473,-1,0
2022,66,73210,33,1015,ESCOLA MUNICIPAL GUSTAVO COSTA,CENTRO,-8.95712,-47.33224,873,-1,0
2022,67,73210,33,1023,COLEGIO ESTADUAL OTONIEL CAVALCANTE DE JESUS,CENTRO,-8.95564,-47.33261,944,-1,0
2022,68,73229,33,1015,ESCOLA ESTADUAL RECURSO I,CENTRO,-8.73762,-47.24193,1772,-1,0
2022,69,73229,33,1023,ESCOLA MUNICIPAL RECURSO,CENTRO,-8.73565,-47.24201,1065,-1,0
2022,70,73237,6,1015,ESCOLA ESTADUAL SANTO TOMAZ DE AQUINO,CENTRO,-8.39525,-48.11534,1849,-1,0
2022,71,73245,4,1015,1015 - ESCOLA MUNICIPAL NESTOR PEREIRA DE SOUSA,ZONA RURAL,-8.28871,-48.47104,403,-1,0
2022,72,73245,4,1023,1023 - COLÉGIO ESTADUAL SEBASTIÃO RODRIGUES SALES,CENTRO,-8.38898,-48.4857,710,-1,0
2022,73,73245,4,1031,1031 - ESCOLA MUNICIPAL PAULO VI,CENTRO,-8.3917,-48.482,689,-1,0
2022,74,73253,4,1015,COLEGIO ESTADUAL ZICO DORNELAS,CENTRO,-8.11946,-49.09356,2039,-1,0
2022,75,73261,31,1023,ESCOLA ESTADUAL JUSCELINO KUBSTCHEK DE OLIVEIRA,CENTRO,-7.54118,-49.3701,1213,-1,0
2022,76,73261,31,1031,ESCOLA ESTADUAL ULISSES GUIMARAES,CENTRO,-7.53765,-49.36665,1611,-1,0
2022,77,73261,31,1040,ESCOLA MUNICIPAL POLIANA KENIA,ZONA RURAL,-7.48527,-48.86222,329,-1,0
2022,78,73261,31,1058,ESCOLA MUNICIPAL DE 1 GRAU OSVALDO FREITAS,ZONA RURAL,-7.51358,-48.8396,239,-1,0
2022,79,73270,26,1015,ESCOLA ESTADUAL ESTEFANIO TELLES DAS CHAGAS,CENTRO,-10.54609,-46.42188,1042,-1,0
2022,80,73270,26,1023,ESCOLA MUNICIPAL PROFESSORA ERNESTINA VIEIRA SOARES,CENTRO,-10.54456,-46.41793,567,-1,0
2022,81,73270,26,1031,ESCOLA ESTADUAL COOPERATIVA CHAPADÃO,ZONA RURAL,-10.95134,-46.27488,172,-1,0
2022,82,73270,26,1040,ESCOLA ESTADUAL SILVÉRIO RIBEIRO MATOS,ZONA RURAL,-10.34493,-46.57123,183,-1,0
2022,83,73288,10,1015,COLEGIO ESTADUAL IRMAOS FILGUEIRAS,CENTRO,-6.02658,-47.92433,3737,-1,0
2022,84,73288,10,1023,ESCOLA ESTADUAL ANAIDES BRITO DE MIRANDA,ZONA RURAL,-6.02542,-48.14696,777,-1,0
2022,85,73296,10,1015,ESCOLA MUNICIPAL BOAS NOVAS,CENTRO,-5.37052,-48.54194,1502,-1,0
2022,86,73296,10,1023,ESCOLA ESTADUAL DOUTOR ULISSES GUIMARAES,ZONA RURAL,-5.31526,-48.46691,1610,-1,0
2022,87,73296,10,1031,COLEGIO ESTADUAL JOAQUINA MARIA DA SILVA,NOVA ESPERANTINA,-5.36523,-48.54646,1000,-1,0
2022,88,73296,10,1040,ESCOLA MUNICIPAL NOVA UNIAO,CENTRO,-5.36304,-48.53641,1198,-1,0
2022,89,73296,10,1058,ESCOLA MUNICIPAL D. PEDRO I,VILA TOCANTINS,-5.31416,-48.46501,708,-1,0
2022,90,73300,2,1015,ESCOLA DE 1. GRAU TARSO DUTRA,CENTRO,-11.88994,-49.16288,1512,-1,0
2022,91,73300,2,1031,ESCOLA MUNICIPAL DIVINA RIBEIRO BORGES,CENTRO,-11.89062,-49.16246,1993,-1,0
2022,92,73318,12,1015,ESCOLA MUNICIPAL JOSE DE ALENCAR,ZONA RURAL,-6.79369,-48.61672,178,-1,0
2022,93,73318,12,1023,ESCOLA ESTADUAL MACHADO DE ASSIS,CENTRO,-6.58163,-48.64333,1653,-1,0
2022,94,73318,12,1031,ESCOLA ESTADUAL SÃO PEDRO,JACILÂNDIA,-6.84741,-48.51673,582,-1,0
2022,95,73318,12,1058,ESCOLA MUNICIPAL CASTRO ALVES,ZONA RURAL,-6.76796,-48.57499,166,-1,0
2022,96,73318,12,1066,CMEI - CENTRO MUNICIPAL DE EDUC. INFANTIL MARIA DE NAZARÉ SILVA COSTA,CENTRO,-6.57975,-48.64265,987,-1,0
2022,97,73326,34,1015,ESCOLA ESTADUAL BARTOLOMEU BUENO DA SILVA,CENTRO,-7.03619,-48.39536,2334,-1,0
2022,98,73334,34,1015,COLEGIO ESTADUAL GETULIO VARGAS,CENTRO,-7.16584,-48.52672,1702,-1,0
2022,99,73334,34,1023,ESCOLA MUNICIPAL GERALDO DA CUNHA FERREIRA,CENTRO,-7.16803,-48.52356,653,-1,0
2022,100,73334,34,1040,ESCOLA ESTADUAL JOSÉ DOMINGOS CARVALHO BARBOSA,ZONA RURAL,-6.84201,-48.6995,1102,-1,0
2022,101,73334,34,1058,ESCOLA MUNICIPAL JOSÉ MOTA GOMES DA SILVA,ZONA RURAL,-6.83309,-48.82946,577,-1,0
2022,102,73334,34,1066,EXTENSÃO DA ESCOLA MUNICIPAL CIRILO RIBEIRO DA SILVA,ZONA RURAL,-6.69067,-48.69728,408,-1,0
2022,103,73342,34,1015,COLEGIO ESTADUAL MARECHAL COSTA E SILVA,CENTRO,-7.14478,-48.60637,2247,-1,0
2022,104,73342,34,1023,ESCOLA MUNICIPAL DOM PEDRO I - COCALANDIA,ZONA RURAL,-7.22375,-48.62193,177,-1,0
2022,105,73342,34,1031,ESCOLA MUNICIPAL AIRTON SENA,ZONA RURAL,-7.00683,-48.6472,228,-1,0
2022,106,73350,34,1015,ESCOLA ESTADUAL CASTRO ALVES,CENTRO,-7.15382,-48.69281,1788,-1,0
2022,107,73350,34,1023,ESCOLA MUNICIPAL EMMANUEL,ZONA RURAL,-7.09858,-48.70741,406,-1,0
2022,108,73350,34,1031,ESCOLA INDÍGENA MANOEL ACHURÊ,ALDEIA INDIGENA,-7.1504,-49.18278,152,-1,0
2022,109,73350,34,1040,ESCOLA MUNICIPAL SAO PAULO,ZONA RURAL,-6.86979,-49.09896,87,-1,0
2022,110,73350,34,1058,ESCOLA ESTADUAL ANAIDES BRITO MIRANDA,CENTRO,-7.15289,-48.69094,2597,-1,0
2022,111,73350,34,1074,CENTRO DE ENSINO MÉDIO INDÍGENA KARAJÁ XAMBIOÁ - CEMI KARAJÁ,ALDEIA INDIGENA,-7.12578,-49.17849,119,-1,0
2022,112,73369,20,1015,ESCOLA MUNICIPAL PEDRO LUIZ BOMFIM,CENTRO,-12.65169,-48.5944,1089,-1,0
2022,113,73369,20,1023,COLÉGIO ESTADUAL ADELAIDE FRANCISCO SOARES,VILA UNIÃO,-12.6554,-48.58834,828,-1,0
2022,114,73369,20,1031,COLEGIO ANIZIO BRAGA,ZONA RURAL,-12.83938,-48.57776,716,-1,0
2022,115,73369,20,1066,ESCOLA MUNICIPAL LOURENCO BORGES,ZONA RURAL,-12.85583,-48.7618,189,-1,0
2022,116,73377,20,1015,ESCOLA ESTADUAL OLAVO BILAC,CENTRO,-11.98721,-48.91024,1623,-1,0
2022,117,73385,13,1015,COLEGIO ESTADUAL LAGOA DA CONFUSAO,CENTRO,-10.7924,-49.62535,3443,-1,0
2022,118,73385,13,1031,COLEGIO MUNICIPAL PEDRO GUERRA,CENTRO,-10.794,-49.62438,1752,-1,0
2022,119,73385,13,1040,COLEGIO MUNICIPAL ASSENTAMENTO LOROTY,ZONA RURAL,-11.17301,-49.87359,674,-1,0
2022,120,73385,13,1058,GRUPO ESCOLAR PROFESSORA DAMIANA DA CUNHA,ALDEIA INDÍGENA,-11.57671,-50.66752,527,-1,0
2022,121,73385,13,1066,ESCOLA 1O GRAU INDIGENA WAJUREMA,ALDEIA INDÍGENA,-11.34307,-50.6981,381,-1,0
2022,122,73385,13,1074,ESCOLA MUNICIPAL DONA JÚLIA PELEGRIN,CENTRO,-10.78159,-49.61591,1675,-1,0
2022,123,73385,13,1090,ESCOLA INDÍGENA INY WEBOHONA,ALDEIA INDÍGENA,-10.56777,-49.96031,64,-1,0
2022,124,73393,18,1015,COLÉGIO ESTADUAL PORTO RIO MARANHÃO,CENTRO,-12.74752,-48.23802,992,-1,0
2022,125,73393,18,1023,COLÉGIO ESTADUAL RETIRO,POVOADO RETIRO,-12.61022,-48.28356,797,-1,0
2022,126,73393,18,1090,COLÉGIO MUNICIPAL BRASIL PARA TODOS,CENTRO,-12.74783,-48.23966,581,-1,0
2022,127,73407,5,1015,ESCOLA MUN. SEBASTIÃO DE SALES MONTEIRO,CENTRO,-9.75253,-48.35633,1063,-1,0
2022,128,73407,5,1023,COL. EST. NOSSA SENHORA DA PROVIDENCIA,CENTRO,-9.75341,-48.35823,942,-1,0
2022,129,73407,5,1031,ESC. MUN. JK (POV. PEDREIRA),ZONA RURAL,-9.92678,-48.26611,526,-1,0
2022,130,73407,5,1040,CRAS - CENTRO DE REFERENCIA DE ASSISTENCIA SOCIAL,SETOR AEROPORTO,-9.75996,-48.35921,748,-1,0
2022,131,73415,28,1015,ESCOLA ESTADUAL VALDECY PINHEIRO,CENTRO,-9.34148,-48.53467,1636,-1,0
2022,132,73415,28,1023,ESCOLA MUNICIPAL ILANNA TAVARES DA COSTA,SETOR JABAQUARA,-9.34431,-48.538,866,-1,0
2022,133,73423,21,1015,ESCOLA MUNICIPAL ALINE MARTINS DE SOUSA,CENTRO,-5.31915,-48.03941,501,-1,0
2022,134,73423,21,1023,ESCOLA ESTADUAL INÊS VIANA COSTA,ZONA RURAL,-5.40734,-48.00685,526,-1,0
2022,135,73423,21,1031,ESCOLA ESTADUAL CÍCERO GOMES DE JESUS,CENTRO,-5.32355,-48.03501,1167,-1,0
2022,136,73423,21,1040,ESCOLA MUNICIPAL JOÃO FIRMINO SANTOS,ZONA RURAL,-5.41109,-47.99968,394,-1,0
2022,137,73423,21,1058,ESCOLA MUNICIPAL JOÃO DEMETIL TOBIAS,ZONA RURAL,-5.38437,-48.05159,475,-1,0
2022,138,73431,25,1015,ESCOLA ESTADUAL VIRGILIO FERREIRA DE FRANCA,CENTRO,-11.39653,-46.8853,1330,-1,0
2022,139,73431,25,1023,ESCOLA MUNICIPAL PROFESSOR AURELINO RODRIGUES DE ARAÚJO,CENTRO,-11.40105,-46.88306,716,-1,0
2022,140,73440,29,1015,COLÉGIO ESTADUAL FREDERICO PEDREIRA NETO,CENTRO,-10.18761,-48.32406,3539,-1,0
2022,141,73440,29,1023,CENTRO DE ENSINO MÉDIO SANTA RITA DE CÁSSIA,JARDIM AURENY I,-10.31794,-48.29929,5208,-1,0
2022,142,73440,29,1058,ESCOLA MUNICIPAL THIAGO BARBOSA,JARDIM AURENY II,-10.32761,-48.30169,3520,-1,0
2022,143,73440,29,1082,COLÉGIO ESTADUAL DUQUE DE CAXIAS,TAQUARUÇU,-10.3207,-48.15411,2434,-1,0
2022,144,73440,29,1104,ESCOLA MUNICIPAL DE TEMPO INTEGRAL LUIZ NUNES DE OLIVEIRA,BURITIRANA,-10.25213,-47.8882,940,-1,0
2022,145,73440,29,1112,ESCOLA MUNICIPAL BENEDITA GALVÃO,SETOR BELA VISTA,-10.35022,-48.29092,3082,-1,0
2022,146,73440,29,1120,ESCOLA MUNICIPAL ESTEVÃO CASTRO,JARDIM AURENY III,-10.31459,-48.31886,3209,-1,0
2022,147,73440,29,1139,ESCOLA MUNICIPAL CRISPIM PEREIRA ALENCAR,TAQUARUÇU,-10.31645,-48.15421,1698,-1,0
2022,148,73440,29,1147,COLÉGIO ESTADUAL DOM ALANO MARIE DU NODAY,CENTRO,-10.19528,-48.31899,3388,-1,0
2022,149,73440,29,1155,ESCOLA ESTADUAL LIBERDADE,JARDIM AURENY III,-10.31061,-48.31461,3695,-1,0
2022,150,73440,29,1163,ESCOLA ESTADUAL NOVO HORIZONTE,JARDIM AURENY IV,-10.3062,-48.3009,4480,-1,0
2022,151,73440,29,1171,COLÉGIO ESTADUAL CRIANÇA ESPERANÇA,PLANO DIRETOR NORTE,-10.16889,-48.33966,2951,-1,0
2022,152,73440,29,1180,ESCOLA ESTADUAL VILA UNIÃO,PLANO DIRETOR NORTE,-10.16536,-48.34775,2499,-1,0
2022,153,73440,29,1198,CENTRO DE ENSINO MÉDIO TIRADENTES,PLANO DIRETOR SUL,-10.23304,-48.32168,3963,-1,0
2022,154,73440,29,1201,ESCOLA ESTADUAL SANTA FÉ,SETOR SANTA FE,-10.32527,-48.29565,1935,-1,0
2022,155,73440,29,1210,ESCOLA ESTADUAL VALE DO SOL,SETOR VALE DO SOL,-10.3343,-48.28454,2322,-1,0
2022,156,73440,29,1228,COLEGIO MILITAR DO ESTADO DO TOCANTINS - SENADOR ANTONIO LUIZ MAYA,CENTRO,-10.177,-48.31722,3301,-1,0
2022,157,73440,29,1244,COLÉGIO ULBRA PALMAS,CENTRO,-10.18344,-48.31476,4631,-1,0
2022,158,73440,29,1252,COLÉGIO  ESTADUAL SÃO JOSÉ,PLANO DIRETOR SUL,-10.25301,-48.32173,4230,-1,0
2022,159,73440,29,1260,ESCOLA MUNICIPAL LUIZ GONZAGA,PLANO DIRETOR NORTE,-10.15674,-48.32788,2907,-1,0
2022,160,73440,29,1279,INSTITUTO TOCANTINENSE DE EDUCAÇÃO SUPERIOR E PESQUISA LTDA - ITOP,PLANO DIRETOR SUL,-10.22783,-48.3349,3300,-1,0
2022,161,73440,29,1287,ESCOLA MUNICIPAL DE TEMPO INTEGRAL VINÍCIUS DE MORAES,PLANO DIRETOR SUL,-10.22459,-48.32071,3731,-1,0
2022,162,73440,29,1295,ESCOLA MUNICIPAL DARCY RIBEIRO,PLANO DIRETOR SUL,-10.24013,-48.32684,2685,-1,0
2022,163,73440,29,1309,ESCOLA MUNICIPAL DEGRAUS DO SABER,PLANO DIRETOR SUL,-10.24594,-48.32747,1462,-1,0
2022,164,73440,29,1317,ESCOLA MUNICIPAL ANTÔNIO CARLOS JOBIM,PLANO DIRETOR SUL,-10.25691,-48.32109,3260,-1,0
2022,165,73440,29,1325,ESCOLA MUNICIPAL PASTOR PAULO LEIVAS MACALÃO,PLANO DIRETOR NORTE,-10.16067,-48.34873,2192,-1,0
2022,166,73440,29,1333,ESCOLA MUNICIPAL PAULO FREIRE,PLANO DIRETOR NORTE,-10.16749,-48.34445,2852,-1,0
2022,167,73440,29,1341,CMEI PEQUENOS BRILHANTES,PLANO DIRETOR NORTE,-10.16375,-48.33873,1408,-1,0
2022,168,73440,29,1350,ESCOLA MUNICIPAL DE TEMPO INTEGRAL MONSENHOR PEDRO PEREIRA PIAGEM,PLANO DIRETOR NORTE,-10.16875,-48.32205,3094,-1,0
2022,169,73440,29,1368,ESCOLA MUNICIPAL DE TEMPO INTEGRAL CORA CORALINA,PLANO DIRETOR NORTE,-10.15284,-48.32662,2837,-1,0
2022,170,73440,29,1376,ESCOLA MUNICIPAL ANNE FRANK,CENTRO,-10.17944,-48.31108,1529,-1,0
2022,171,73440,29,1384,ESCOLA MUNICIPAL HENRIQUE TALONE PINHEIRO,CENTRO,-10.19405,-48.31034,1881,-1,0
2022,172,73440,29,1392,ESCOLA MUNICIPAL DE TEMPO INTEGRAL OLGA BENÁRIO,PLANO DIRETOR SUL,-10.21876,-48.34236,3660,-1,0
2022,173,73440,29,1406,ESCOLA MUNICIPAL ROSEMIR FERNANDES DE SOUZA,JARDIM AURENY III,-10.32243,-48.31911,3136,-1,0
2022,174,73440,29,1414,ESCOLA MUNICIPAL AURÉLIO BUARQUE DE HOLANDA,JARDIM AURENY I,-10.31732,-48.30176,2564,-1,0
2022,175,73440,29,1422,COLÉGIO MARISTA DE PALMAS,CENTRO,-10.19099,-48.31262,4483,-1,0
2022,176,73440,29,1430,ESCOLA MUNICIPAL JORGE AMADO,SETOR SANTA FE,-10.33312,-48.29789,2552,-1,0
2022,177,73440,29,1449,ESCOLA ESTADUAL SETOR SUL,SETOR SUL,-10.34163,-48.29621,2441,-1,0
2022,178,73440,29,1465,COLÉGIO OBJETIVO,PLANO DIRETOR SUL,-10.20864,-48.33212,3749,-1,0
2022,179,73440,29,1481,COLÉGIO MADRE CLÉLIA MERLONI,CENTRO,-10.18008,-48.3111,2201,-1,0
2022,180,73440,29,1511,CENTRO DE ENSINO MÉDIO CASTRO ALVES,PLANO DIRETOR NORTE,-10.16471,-48.34524,3551,-1,0
2022,181,73440,29,1520,ESCOLA MUNICIPAL MONTEIRO LOBATO,PLANO DIRETOR SUL,-10.2449,-48.32029,3243,-1,0
2022,182,73440,29,1554,ESCOLA MUNICIPAL DE TEMPO INTEGRAL MARCOS FREIRE,ZONA RURAL,-10.35835,-48.18789,371,-1,0
2022,183,73440,29,1570,CENTRO DE ENSINO MÉDIO DE TAQUARALTO,TAQUARALTO,-10.3345,-48.29294,4495,-1,0
2022,184,73440,29,1660,CENTRO MUNICIPAL DE EDUCAÇÃO INFANTIL SONHO ENCANTADO,PLANO DIRETOR SUL,-10.24986,-48.32548,1657,-1,0
2022,185,73440,29,1694,COLÉGIO ALBERT EINSTEIN,PLANO DIRETOR SUL,-10.22921,-48.32122,2652,-1,0
2022,186,73440,29,1724,ESCOLA MUNICIPAL MESTRE PACÍFICO SIQUEIRA CAMPOS,PLANO DIRETOR NORTE,-10.15547,-48.34518,2254,-1,0
2022,187,73440,29,1759,ESCOLA ADVENTISTA DE PALMAS,CENTRO,-10.19493,-48.31149,1067,-1,0
2022,188,73440,29,1767,IFTO - INSTITUTO FEDERAL DE EDUCAÇÃO CIÊNCIA E TECNOLOGIA DO TOCANTINS,CENTRO,-10.19849,-48.31185,2286,-1,0
2022,189,73440,29,1783,COLÉGIO BATISTA DE PALMAS,PLANO DIRETOR SUL,-10.22711,-48.32702,2047,-1,0
2022,190,73440,29,1791,ESCOLA MUNICIPAL DE TEMPO INTEGRAL DANIEL BATISTA,PLANO DIRETOR NORTE,-10.16538,-48.30843,2586,-1,0
2022,191,73440,29,1813,ESCOLA MUNICIPAL MARIA JULIA AMORIM SOARES RODRIGUES,JARDIM AURENY III,-10.32413,-48.32179,3337,-1,0
2022,192,73440,29,1848,ESCOLA MUNICIPAL DE TEMPO INTEGRAL SANTA BÁRBARA,SETOR SANTA BARBARA,-10.33774,-48.30526,4417,-1,0
2022,193,73440,29,1856,ESCOLA MUNICIPAL MARIA ROSA DE CASTRO SALES,SETOR MORADA DO SOL,-10.34212,-48.28691,2866,-1,0
2022,194,73440,29,1864,CENTRO EDUCACIONAL SÃO FRANCISCO DE ASSIS,CENTRO,-10.1839,-48.31863,2726,-1,0
2022,195,73440,29,1970,ESCOLA MUNICIPAL BEATRIZ RODRIGUES DA SILVA,PLANO DIRETOR NORTE,-10.16275,-48.34084,2702,-1,0
2022,196,73440,29,1988,ESCOLA MUNICIPAL ANTONIO GONÇALVES DE CARVALHO FILHO,PLANO DIRETOR SUL,-10.25171,-48.34035,3432,-1,0
2022,197,73440,29,1996,EMTI - PROFESSOR FIDÊNCIO BOGO,ZONA RURAL,-10.24399,-48.22177,743,-1,0
2022,198,73440,29,2011,ESCOLA MUNICIPAL DE TEMPO INTEGRAL PADRE JOSIMO TAVARES,PLANO DIRETOR NORTE,-10.17076,-48.33497,2081,-1,0
2022,199,73440,29,2020,ESCOLA ESTADUAL MARIA DOS REIS ALVES BARROS,JARDIM TAQUARI,-10.34527,-48.33848,4551,-1,0
2022,200,73440,29,2038,ESCOLA MUNICIPAL PROFESSORA FRANCISCA BRANDÃO RAMALHO,PLANO DIRETOR SUL,-10.25626,-48.32452,2685,-1,0
2022,201,73440,29,2046,ESCOLA MUNICIPAL DE TEMPO INTEGRAL EURÍDICE FERREIRA DE MELLO,JARDIM AURENY III,-10.31257,-48.32089,4274,-1,0
2022,202,73440,29,2097,ESCOLA MUNICIPAL DE TEMPO INTEGRAL CAROLINE CAMPELO CRUZ DA SILVA,SETOR SANTA FÉ 2º ETAPA,-10.33225,-48.28731,1749,-1,0
2022,203,73440,29,2119,ESCOLA MUNICIPAL MARIA VERÔNICA ALVES DE SOUSA,JARDIM AURENY IV,-10.30179,-48.30383,1654,-1,0
2022,204,73440,29,2127,ESCOLA MUNICIPAL SÁVIA FERNANDES JÁCOME,SETOR BELA VISTA,-10.35171,-48.29495,1119,-1,0
2022,205,73440,29,2135,ESCOLA MUNICIPAL LÚCIA SALES PEREIRA RAMOS,JARDIM TAQUARI,-10.34234,-48.34067,2292,-1,0
2022,206,73440,29,2186,COLÉGIO PRESBITERIANO MACKENZIE PALMAS,PLANO DIRETOR SUL,-10.18747,-48.31958,2197,-1,0
2022,207,73440,29,2194,ETI ESTADUAL PROFESSORA ELIZÂNGELA GLÓRIA CARDOSO,PLANO DIRETOR SUL,-10.20723,-48.33646,4890,-1,0
2022,208,73440,29,2216,EMTI - COLÉGIO FORÇAS NO ESPORTE ALMIRANTE TAMANDARÉ,PLANO DIRETOR SUL,-10.26724,-48.32351,1316,-1,0
2022,209,73440,29,2224,EMTI - ANÍSIO SPÍNOLA TEIXEIRA,SETOR BERTAVILLE,-10.296,-48.3142,3522,-1,0
2022,210,73440,29,2240,CEMIL - PROFESSORA MARGARIDA LEMOS GONÇALVES,SETOR LAGO SUL,-10.33132,-48.32001,504,-1,0
2022,211,73458,23,1015,ESCOLA ESTADUAL GIRASSOL DE TEMPO INTEGRAL MARIA DA GLÓRIA,CENTRO,-8.97489,-48.19126,1889,-1,0
2022,212,73466,13,1015,ESCOLA ESTADUAL RIACHUELO,CENTRO,-10.71062,-48.90586,1587,-1,0
2022,213,73474,13,1015,ESCOLA MUNICIPAL AMERICA ALVES DE OLIVEIRA,CENTRO,-10.14189,-49.17744,2194,-1,0
2022,214,73482,19,1015,COLÉGIO ESTADUAL FULGENCIO NUNES,CENTRO,-11.61344,-47.74971,1930,-1,0
2022,215,73482,19,1058,ESCOLA MUNICIPAL MARCOLINA PINTO RABELO,CENTRO,-11.61618,-47.75194,841,-1,0
2022,216,73504,14,1015,COLÉGIO ESTADUAL DE TALISMÃ,CENTRO,-12.80073,-49.09144,1167,-1,0
2022,217,73504,14,1023,ESCOLA MUNICIPAL VILA UNIÃO,VILA UNIAO,-12.39505,-48.817,257,-1,0
2022,218,73504,14,1031,ESCOLA MUNICIPAL ANTÔNIA DOS REIS RODRIGUES BATISTA,CENTRO,-12.79518,-49.09148,933,-1,0
2022,219,73504,14,1058,ESCOLA MUNICIPAL MORRO ALEGRE - PA TALISMÃ,ZONA RURAL,-12.69926,-49.25033,204,-1,0
2022,220,73512,9,1015,COLÉGIO ESTADUAL NAZARÉ NUNES DA SILVA,CENTRO,-6.5601,-47.47756,3752,-1,0
2022,221,73520,9,1015,ESCOLA ESTADUAL JUSCELINO KUBITSCHEK DE OLIVEIRA,CENTRO,-6.19045,-47.85315,2456,-1,0
2022,222,73539,9,1015,ESCOLA ESTADUAL DR. JOSE FELICIANO FERREIRA,CENTRO,-6.43563,-47.6733,1548,-1,0
2022,223,73539,9,1031,ESCOLA MUNICIPAL SAO PEDRO,ZONA RURAL,-6.4548,-47.73135,19,-1,0
2022,224,73539,9,1040,ESCOLA MUNICIPAL SAO PEDRO,ZONA RURAL,-6.4548,-47.73135,484,-1,0
2022,225,73547,3,1023,ESCOLA MUNICIPAL RURAL MENINO JESUS,ZONA RURAL,-11.03462,-49.5908,597,-1,0
2022,226,73547,3,1031,ESCOLA ESTADUAL BOA NOVA,CENTRO,-10.86594,-48.90944,1421,-1,0
2022,227,73555,2,1015,COLEGIO MUNICIPAL DE CRIXAS,CENTRO,-11.10385,-48.91835,856,-1,0
2022,228,73555,2,1023,COLÉGIO ESTADUAL OLAVO BILAC,CENTRO,-11.10273,-48.91924,743,-1,0
2022,229,73563,7,1015,ESCOLA MUNICIPAL JOSE BENICIO MARIZ,CENTRO,-10.00551,-48.99472,1179,-1,0
2022,230,73563,7,1023,ESCOLA MUNICIPAL TOCANTINS,CAMPINA VERDE,-9.97049,-49.03991,1197,-1,0
2022,231,73571,7,1015,COLÉGIO ESTADUAL DARCY RIBEIRO,CENTRO,-10.42587,-48.89343,1170,-1,0
2022,232,73571,7,1031,ESCOLA MUNICIPAL JOSÉ BATISTA MACIEL BASTOS,CENTRO,-10.42436,-48.89554,877,-1,0
2022,233,73580,31,1023,ESCOLA MUNICIPAL FRANCISCO DIVINO VASCONCELOS,CENTRO,-7.75982,-48.5758,836,-1,0
2022,234,73580,31,1031,ESCOLA ESTADUAL ARCELINO FRANCISCO DO NASCIMENTO,CENTRO,-7.75723,-48.57634,1292,-1,0
2022,235,73580,31,1040,ESCOLA MUNICIPAL OSMAR FRANCISCO GONZAGA,ZONA RURAL,-7.74658,-48.67594,330,-1,0
2022,236,73580,31,1058,ESCOLA MUNICIPAL NOSSA SENHORA DA CONCEICAO,ZONA RURAL,-7.90467,-48.56112,178,-1,0
2022,237,73598,3,1023,ESCOLA MUNICIPAL MARIA ANGÉLICA MARTINS DE SOUSA,ZONA RURAL,-11.04901,-48.43014,479,-1,0
2022,238,73598,3,1031,COLÉGIO ESTADUAL FELIX CAMOA II,CENTRO,-11.23908,-48.44358,1209,-1,0
2022,239,73601,17,1015,COLEGIO ESTADUAL DA LAVANDEIRA,CENTRO,-12.78801,-46.50482,1772,-1,0
2022,240,73610,32,1015,ESCOLA ESTADUAL BREJÃO,ZONA RURAL,-7.84944,-47.53951,1119,-1,0
2022,241,73610,32,1031,ESCOLA MUNICIPAL NEMÉZIO MENDES DE MIRANDA,ZONA RURAL,-7.49105,-47.52278,304,-1,0
2022,242,73610,32,1040,ESCOLA ESTADUAL PROFESSOR VICENTE JOSÉ VIEIRA,CENTRO,-7.71436,-47.67231,2181,-1,0
2022,243,92002,4,1015,1015 - COLEGIO ESTADUAL BERNARDO SAYAO,CENTRO,-7.87861,-48.89574,2443,-1,0
2022,244,92002,4,1031,ESCOLA MUNICIPAL SIMAO ALVES MOURA,ZONA RURAL,-7.96703,-49.15532,316,-1,0
2022,245,92002,4,1040,ESCOLA MUNICIPAL TANCREDO DE ALMEIDA NEVES,ZONA RURAL,-8.06588,-48.87694,427,-1,0
2022,246,92002,4,1058,ESCOLA MUNICIPAL EVERTON DE ALMEIDA JÚNIOR,ZONA RURAL,-7.94239,-49.06907,197,-1,0
2022,247,92045,10,1015,ESCOLA ESTADUAL MINISTRO NEY BRAGA,ZONA RURAL,-5.34271,-48.19098,495,-1,0
2022,248,92045,10,1023,COLEGIO ESTADUAL BURITI,CENTRO,-5.31608,-48.22698,2039,-1,0
2022,249,92045,10,1031,ESCOLA ESTADUAL DARCINOPOLIS,ZONA RURAL,-5.359,-48.10694,737,-1,0
2022,250,92045,10,1040,ESCOLA ESTADUAL VICENTE CARLOS DE SOUSA,CENTRO,-5.31776,-48.2261,1911,-1,0
2022,251,92045,10,1058,ESCOLA ESTADUAL TANCREDO NEVES,CENTRO,-5.31741,-48.23206,1160,-1,0
2022,252,92070,19,1040,ESCOLA MUNICIPAL RAIMUNDO CORDEIRO DE OLIVEIRA,SETOR MONJOLO,-11.56575,-47.17282,702,-1,0
2022,253,92070,19,1058,COLEGIO ESTADUAL DR ABNER DE ARAUJO PACINI,CENTRO,-11.57834,-47.17479,1430,-1,0
2022,254,92070,19,1066,ESCOLA ESTADUAL DEOCLIDES MUNIZ,CENTRO,-11.56938,-47.16555,2245,-1,0
2022,255,92070,19,1074,ESCOLA ARI  PEREIRA BORGES,SETOR AEROPORTO,-11.56504,-47.16897,723,-1,0
2022,256,92088,28,1015,COLÉGIO ESTADUAL TRAJANO DE ALMEIDA,CENTRO,-9.27524,-49.95429,2078,-1,0
2022,257,92088,28,1023,ESCOLA ESTADUAL JOSÉ ALVES DE ASSIS,CENTRO,-9.2713,-49.96054,1688,-1,0
2022,258,92134,14,1015,COLÉGIO ESTADUAL DE ALVORADA - CEA,CENTRO,-12.47916,-49.12443,1516,-1,0
2022,259,92134,14,1031,COLÉGIO MILITAR DO ESTADO DO TOCANTINS ADJÚLIO BALTHAZAR,CENTRO,-12.48403,-49.12481,1047,-1,0
2022,260,92134,14,1104,COLÉGIO ESTADUAL ANA MARIA DE JESUS,CENTRO,-12.4866,-49.12109,707,-1,0
2022,261,92134,14,1112,ESCOLA MUNICIPAL DIVINA GOMES DA SILVEIRA COSTA,SANTA ANGELA,-12.47301,-49.12576,557,-1,0
2022,262,92134,14,1120, ESCOLA MUNICIPAL GERALDO OLIVEIRA COSTA,VILA MUTIRAO,-12.48143,-49.13052,1204,-1,0
2022,263,92134,14,1139,ESCOLA MUNICIPAL PROFESSORA FILOMENA ROCHA SOARES,CENTRO,-12.47681,-49.12392,888,-1,0
2022,264,92134,14,1147,ESCOLA MUNICIPAL LIOMAR DE SOUZA BARROS,ALVORADINHA,-12.4704,-49.11987,432,-1,0
2022,265,92134,14,1171,CENTRO DE REFERÊNCIA DE ASSISTÊNCIA SOCIAL - CRAS,CENTRO,-12.47934,-49.12367,931,-1,0
2022,266,92142,22,1015,ESCOLA ESTADUAL GIRASSOL DE TEMPO INTEGRAL COMBINADO,CENTRO,-12.81676,-46.54995,1697,-1,0
2022,267,92142,22,1023,COLEGIO ESTADUAL JOAQUIM DE SENA E SILVA,CENTRO,-12.8144,-46.54551,1978,-1,0
2022,268,92185,7,1201,ESCOLA ESTADUAL DONA CÂNDIDA DE FREITAS,SETOR AEROPORTO,-9.79877,-49.20825,1702,-1,0
2022,269,92185,7,1228,COLÉGIO ESTADUAL JOÃO DIAS SOBRINHO,CENTRO,-9.79986,-49.21547,1679,-1,0
2022,270,92185,7,1236,ESCOLA MUNICIPAL JOSÉ RIBAMAR BARBOSA,SETOR SOL NASCENTE,-9.79703,-49.20291,859,-1,0
2022,271,92185,7,1244,ESCOLA MUNICIPAL ISABEL CARLOS WANDERLEY,SETOR FERNANDINHO,-9.80827,-49.21753,1111,-1,0
2022,272,92193,12,1015,ESCOLA PAROQUIAL SAO PEDRO,CENTRO,-6.3659,-48.07324,1494,-1,0
2022,273,92193,12,1023,ESCOLA MUNICIPAL LEONTINO PEREIRA DE SOUSA,CENTRO,-6.37125,-48.06854,1123,-1,0
2022,274,92193,12,1031,COLÉGIO ESTADUAL GETULIO VARGAS,CENTRO,-6.36436,-48.07297,1598,-1,0
2022,275,92193,12,1066,ESCOLA ESTADUAL PRESIDENTE COSTA E SILVA,POVOADO SÃO JOÃO,-6.3017,-48.29465,361,-1,0
2022,276,92193,12,1090,ESCOLA MUNICIPAL JOÃO DIAS BORGES,CENTRO,-6.36572,-48.07157,819,-1,0
2022,277,92193,12,1139,CEM - CENTRO DE ENSINO MÉDIO CABO APARÍCIO ARAÚJO PAZ,MANGUEIRA,-6.37,-48.08189,1402,-1,0
2022,278,92193,12,1155,POLO DA UNIVERSIDADE ABERTA DO BRASIL,CHAPADINHA I,-6.37314,-48.07429,366,-1,0
2022,279,92240,16,1023,COLÉGIO ESTADUAL ANTENOR BARREIRA,CENTRO,-8.77604,-48.93342,1263,-1,0
2022,280,92240,16,1031,ESCOLA ESTADUAL MORRO DO MATO,SETOR PALMEIRAS,-8.77043,-48.93729,1500,-1,0
2022,281,92240,16,1040,ESCOLA ESTADUAL CIDADE LEER,ZONA RURAL,-8.73593,-48.75265,258,-1,0
2022,282,92240,16,1066,ESCOLA MUNICIPAL SÃO BENTO - P.A. SANTA RITA II,ZONA RURAL,-8.73593,-48.75265,225,-1,0
2022,283,92240,16,1074,ESCOLA MUNICIPAL DR. JOSÉ RODRIGUES FERREIRA,CENTRO,-8.77624,-48.93515,526,-1,0
2022,284,92240,16,1082,CRECHE MUNICIPAL EDILEUZA MARIA ARAUJO,CENTRO,-8.77322,-48.93235,591,-1,0
2022,285,92304,7,1201,COLÉGIO ESTADUAL DAVID BARBOSA ROLINS,CENTRO,-9.80067,-49.65611,1568,-1,0
2022,286,92304,7,1210,ESCOLA MUNICIPAL AMAZILIO DE SOUZA RIBEIRO,CENTRO,-9.7933,-49.65439,1014,-1,0
2022,287,92304,7,1228,ESCOLA MUNICIPAL JOÃO BRAGA DE OLIVEIRA,ZONA RURAL,-9.74465,-49.97275,610,-1,0
2022,288,92304,7,1236,ESCOLA MUNICIPAL PIRACEMA,ZONA RURAL,-9.57407,-49.64657,253,-1,0
2022,289,92371,28,1015,COLÉGIO ESTADUAL DE ARAGUACEMA,CENTRO,-8.80945,-49.55584,2742,-1,0
2022,290,92371,28,1023,ESCOLA ESTADUAL SENHOR DO BONFIM,ZONA RURAL,-8.66455,-49.44843,212,-1,0
2022,291,92371,28,1031,ESCOLA MUNICIPAL  SANTA CLARA,ZONA RURAL,-9.17214,-49.63284,523,-1,0
2022,292,92371,28,1040,ESCOLA MUNICIPAL NOVA ESPERANÇA,ZONA RURAL,-8.74247,-49.37677,605,-1,0
2022,293,92371,28,1058,COLÉGIO BOM SUCESSO,ZONA RURAL,-8.68454,-49.28556,142,-1,0
2022,294,92371,28,1074,ESCOLA MUNICIPAL JOSÉ WILSON LEITE,JARDIM PLANALTO,-8.82474,-49.55832,565,-1,0
2022,295,92398,14,1015,POVOADO BAIANÓPOLIS - ESCOLA MUNICIPAL MARTINIANO PEREIRA,ZONA RURAL,-12.75394,-50.02425,239,-1,0
2022,296,92398,14,1023,POVOADO MARILÂNDIA - ESCOLA MUNICIPAL ANGELO SIRIANO,ZONA RURAL,-12.98791,-49.59147,253,-1,0
2022,297,92398,14,1040,SALÃO PAROQUIAL,CENTRO,-12.93227,-49.82544,823,-1,0
2022,298,92398,14,1074,COLÉGIO ESTADUAL DE PRIMEIRO GRAU SALVADOR CAETANO,CENTRO,-12.92653,-49.83235,1329,-1,0
2022,299,92398,14,1090,COLÉGIO ESTADUAL JOÃO TAVARES MARTINS,VALE DO ARAGUAIA,-12.94023,-49.82297,1325,-1,0
2022,300,92398,14,1155,INSTITUTO EDUCACIONAL E SOCIAL EVANGELICO DE ARAGUAÇU - IESEA,CENTRO,-12.92582,-49.82983,770,-1,0
2022,301,92398,14,1210,ESCOLA MUNICIPAL ALDENORA MENDES MASCARENHAS,CENTRO,-12.92835,-49.82731,1239,-1,0
2022,302,92398,14,1228,ESCOLA MUNICIPAL BRÍCIO LUAN QUEIROZ DIVINO,VALE DO ARAGUAIA,-12.94296,-49.82173,344,-1,0
2022,303,92401,13,1015,ESCOLA ESTADUAL 1 GRAU PEDRO XAVIER,CENTRO,-10.56891,-48.91276,1889,-1,0
2022,304,92401,13,1023,ESCOLA ESTADUAL REGINA SIQUEIRA CAMPOS,CENTRO,-10.56214,-48.91193,831,-1,0
2022,305,92410,1,1015,ESCOLA MUNICIPAL SIMÃO LUTZ,LOTEAMENTO ARAGUAINA SUL,-7.1889,-48.19281,1548,-1,0
2022,306,92410,1,1023,COLEGIO SANTA CRUZ DE ARAGUAINA,CENTRO,-7.19122,-48.20616,4355,-1,0
2022,307,92410,1,1031,ESCOLA ESTADUAL JOAO ALVES BATISTA,CENTRO,-7.19241,-48.21027,1750,-1,0
2022,308,92410,1,1040,ESCOLA ESTADUAL MARECHAL RONDON,NEBLINA,-7.18598,-48.21547,3683,-1,0
2022,309,92410,1,1058,CENTRO DE ENSINO MEDIO CASTELO BRANCO,VILA ALIANCA,-7.2019,-48.20642,4312,-1,0
2022,310,92410,1,1074,COLEGIO ESTADUAL GUILHERME DOURADO,CENTRO,-7.19094,-48.20311,5142,-1,0
2022,311,92410,1,1082,ESCOLA ESTADUAL PROFESSOR ALFREDO NASSER,CENTRO,-7.18738,-48.20277,2394,-1,0
2022,312,92410,1,1104,ESCOLA ESTADUAL MODELO,CENTRO,-7.18976,-48.20907,2283,-1,0
2022,313,92410,1,1112,COLEGIO ESTADUAL CAMPOS BRASIL,FATIMA,-7.23416,-48.252,2662,-1,0
2022,314,92410,1,1120,COLEGIO ESTADUAL JORGE AMADO,SETOR NOROESTE,-7.18201,-48.20729,3800,-1,0
2022,315,92410,1,1139,ESCOLA MUNICIPAL TOMAZ BATISTA,VILA ALIANCA,-7.20188,-48.2027,578,-1,0
2022,316,92410,1,1171,ESCOLA PAROQUIAL LUIZ AUGUSTO,SÃO JOÃO,-7.1953,-48.19775,3252,-1,0
2022,317,92410,1,1198,CENTRO DE ENSINO MEDIO BEJAMIN JOSE DE ALMEIDA,CONJUNTO URBANISTICO,-7.18314,-48.22088,3320,-1,0
2022,318,92410,1,1201,COLEGIO ESTADUAL RUI BARBOSA,JK,-7.20658,-48.23971,2229,-1,0
2022,319,92410,1,1210,COLEGIO ESTADUAL ADOLFO BEZERRA DE MENEZES,SÃO JOÃO,-7.1913,-48.19435,4430,-1,0
2022,320,92410,1,1228,ESCOLA ESTADUAL DEPUTADO FEDERAL JOSE ALVES DE ASSIS,SETOR RODOVIARIO,-7.18579,-48.21265,2767,-1,0
2022,321,92410,1,1244,COLEGIO ESTADUAL SANCHA FERREIRA,SETOR TECNORTE,-7.20348,-48.21698,1239,-1,0
2022,322,92410,1,1252,ESCOLA ESTADUAL JOAQUIM DE BRITO PARANAGUA,ELDORADO,-7.20875,-48.19783,2290,-1,0
2022,323,92410,1,1260,ESCOLA ESTADUAL NORTE GOIANO,ENTRONCAMENTO,-7.18166,-48.22274,2206,-1,0
2022,324,92410,1,1287,UNIVERSIDADE FEDERAL DO TOCANTINS - CAMPUS UNIVERSITÁRIO DE ARAGUAÍNA,CIMBA,-7.18106,-48.19786,2159,-1,0
2022,325,92410,1,1333,SENAI - SERVICO NACIONAL DE APRENDIZAGEM INDUSTRIAL,SENADOR,-7.19911,-48.20801,2222,-1,0
2022,326,92410,1,1481,COLEGIO ESTADUAL PROFESSORA SILVANDIRA SOUSA LIMA,VILA COUTO MAGALHAES,-7.16362,-48.20377,2463,-1,0
2022,327,92410,1,1490,ESCOLA ESTADUAL WELDER DE ABREU SALES,ELDORADO,-7.20835,-48.19971,2249,-1,0
2022,328,92410,1,1503,ESCOLA ESTADUAL VILA NOVA,VILA NORTE,-7.15999,-48.19864,1904,-1,0
2022,329,92410,1,1511,ESCOLA MUNICIPAL GENTIL FERREIRA DE BRITO,SETOR BRASIL,-7.1817,-48.20191,1895,-1,0
2022,330,92410,1,1520,ESCOLA ESTADUAL JOAO GUILHERME LEITE KUNZE,SETOR SAO MIGUEL,-7.19833,-48.23053,2389,-1,0
2022,331,92410,1,1538,ESCOLA MUNICIPAL DR CESAR BELMINO EVANGELISTA,SETOR TEREZA HILARIO RIBEIRO,-7.18784,-48.18047,1569,-1,0
2022,332,92410,1,1546,CENTRO DE ENSINO MEDIO PAULO FREIRE,CENTRO,-7.19496,-48.20961,2796,-1,0
2022,333,92410,1,1554,COLEGIO APLICACAO,SETOR COUTO MAGALHAES,-7.1723,-48.20927,1952,-1,0
2022,334,92410,1,1562,COLEGIO MILITAR DO ESTADO DO TOCANTINS - JORGE HUMBERTO CAMARGO,SETOR COIMBRA,-7.19565,-48.192,3679,-1,0
2022,335,92410,1,1570,FACULDADE UNOPAR,SETOR URBANO,-7.20515,-48.20262,2285,-1,0
2022,336,92410,1,1597,COLÉGIO MILITAR DO ESTADO DO TOCANTINS DR JOSÉ ALUISIO DA SILVA LUZ,SETOR COIMBRA,-7.19378,-48.18699,3407,-1,0
2022,337,92410,1,1600,ESCOLA ESTADUAL JARDIM PAULISTA,JARDIM PAULISTA,-7.21504,-48.20074,1724,-1,0
2022,338,92410,1,1660,ESCOLA MUNICIPAL UNIAO,ZONA RURAL,-7.33997,-48.30068,163,-1,0
2022,339,92410,1,1678,ESCOLA MUNICIPAL JOSE FERREIRA BARROS,LOTEAMENTO CEU AZUL,-7.21864,-48.18472,1574,-1,0
2022,340,92410,1,1686,ESCOLA MUNICIPAL MANOEL LIRA,SETOR NOVA ARAGUAINA,-7.22175,-48.24219,2988,-1,0
2022,341,92410,1,1694,ESCOLA MUNICIPAL ARNON FERREIRA LEAL,CONJUNTO RESIDENCIAL PATROCINIO,-7.19733,-48.18113,1224,-1,0
2022,342,92410,1,1724,ESCOLA MUNICIPAL PREFEITO JOÃO DE SOUSA LIMA,SETOR ITAPUÃ,-7.17636,-48.2125,698,-1,0
2022,343,92410,1,1732,ESCOLA ESTADUAL FRANCISCO MÁXIMO DE SOUSA,SANTA TEREZINHA,-7.20407,-48.19585,2571,-1,0
2022,344,92410,1,1740,ESCOLA MUNICIPAL DOMINGOS SOUSA LEMOS,JARDIM DAS FLORES,-7.20386,-48.17652,1668,-1,0
2022,345,92410,1,1759,ESCOLA MUNICIPAL FRANCISCO BUENO DE FREITAS,SETOR MARACANÃ,-7.15663,-48.19391,1895,-1,0
2022,346,92410,1,1767,ESCOLA MUNICIPAL LEIA RAQUEL DIAS MOTA,VILA RIBEIRO,-7.21017,-48.18359,1546,-1,0
2022,347,92410,1,1805,ESCOLA MUNICIPAL LUIZ GONZAGA,COSTA ESMERALDA,-7.13203,-48.19199,1154,-1,0
2022,348,92410,1,1848,ESCOLA MUNICIPAL OLAVO BILAC,JARDIM DAS PALMEIRAS,-7.19931,-48.2246,376,-1,0
2022,349,92410,1,1856,ESCOLA MUNICIPAL DE TEMPO INTEGRAL JOAQUIM CARLOS SABINO DOS SANTOS,RESIDENCIAL LAGO AZUL IV,-7.22881,-48.22375,751,-1,0
2022,350,92410,34,1015,ESCOLA ESTADUAL MANOEL GOMES DA CUNHA,SETOR NOVO HORIZONTE,-7.18635,-48.34,1305,-1,0
2022,351,92410,34,1023,ESCOLA MUNICIPAL DUQUE DE CAXIAS,ZONA RURAL,-7.03342,-48.23021,277,-1,0
2022,352,92410,34,1031,ESCOLA MUNICIPAL SANTA TEREZA,PA PARAÍSO,-7.44164,-48.80936,162,-1,0
2022,353,92410,34,1040,ESCOLA MUNICIPAL SANTA ROSA,ZONA RURAL,-7.13765,-48.25898,292,-1,0
2022,354,92410,34,1058,COLEGIO ESTADUAL ADEMAR VICENTE FERREIRA SOBRINHO,JK,-7.20224,-48.24023,2375,-1,0
2022,355,92410,34,1066,ESCOLA MUNICIPAL CANDIDO BARREIRAS GUIMARAES,ZONA RURAL,-7.33214,-49.2217,95,-1,0
2022,356,92410,34,1074,ESCOLA MUNICIPAL SAO MIGUEL,ZONA RURAL,-7.20843,-48.2974,443,-1,0
2022,357,92410,34,1082,ESCOLA MUNICIPAL JOSE NOGUEIRA,ZONA RURAL,-7.31783,-48.6948,206,-1,0
2022,358,92410,34,1090,ESCOLA MUNICIPAL SANTOS DUMONT,ZONA RURAL,-7.30109,-48.60991,92,-1,0
2022,359,92410,34,1104,ESCOLA ESTADUAL HENRIQUE CIRQUEIRA AMORIM,SETOR BARROS,-7.1381,-48.20224,1640,-1,0
2022,360,92410,34,1112,ESCOLA MUNICIPAL WILLIAM CASTELO BRANCO MARTINS,PARQUE SONHOS DOURADOS,-7.1827,-48.23203,826,-1,0
2022,361,92410,34,1139,CENTRO DE EDUCAÇÃO INFANTIL MUNICIPAL SITIO DA DONA BENTA,VILA AZUL,-7.21551,-48.25797,713,-1,0
2022,362,92410,34,1147,ESCOLA MUNICIPAL JOSÉ GOMES SOBRINHO,SETOR MONTE SINAI,-7.23083,-48.25525,436,-1,0
2022,363,92410,34,1155,ESCOLA MUNICIPAL CABO LUZIMAR MACHADO,POVOADO PONTE,-7.28228,-48.27685,510,-1,0
2022,364,92436,10,1015,ESCOLA MUNICIPAL PROFESSORA NAIR DUARTE,CENTRO,-5.64829,-48.1227,1886,-1,0
2022,365,92436,10,1023,ESCOLA ESTADUAL LEONIDAS GONCALVES DUARTE,CENTRO,-5.64984,-48.12645,1762,-1,0
2022,366,92436,10,1031,ESCOLA ESTADUAL OSVALDO FRANCO,CENTRO,-5.65143,-48.12594,2241,-1,0
2022,367,92436,10,1040,ESCOLA ESTADUAL DENIZE GOMIDE AMUI,CENTRO,-5.65255,-48.11877,1832,-1,0
2022,368,92436,10,1066,ESCOLA MUNICIPAL SÃO VICENTE FERRER,CENTRO,-5.64821,-48.12911,1905,-1,0
2022,369,92436,10,1074,ESCOLA MUNICIPAL PROFESSORA ADELINA DE ANDRADE,ZONA RURAL,-5.52258,-48.20272,146,-1,0
2022,370,92436,10,1082,ESCOLA ESTADUAL FREI SAVINO,ZONA RURAL,-5.90763,-48.21536,573,-1,0
2022,371,92436,10,1090,ESCOLA MUNICIPAL EDGAR TOLENTINO,ZONA RURAL,-5.71932,-48.14759,493,-1,0
2022,372,92436,10,1104,ESCOLA MUNICIPAL AURELIANO JOSÉ FERREIRA,ZONA RURAL,-5.89349,-47.93702,876,-1,0
2022,373,92436,10,1120,ESCOLA MUNICIPAL PADRE VITORIO,ZONA RURAL,-5.45409,-48.3039,497,-1,0
2022,374,92436,10,1139,ESCOLA ESTADUAL SANTA GERTRUDES,ZONA RURAL,-5.90736,-48.2151,596,-1,0
2022,375,92436,10,1147,ESCOLA MUNICIPAL LUIS BORGES DE ARRUDA,ZONA RURAL,-5.73624,-47.95105,140,-1,0
2022,376,92436,10,1155,ESCOLA MUNICIPAL SANTA CRUZ II,ZONA RURAL,-5.36142,-48.3775,115,-1,0
2022,377,92436,10,1163,ESCOLA MUNICIPAL SANTO IZIDIO,ZONA RURAL,-5.42808,-48.26475,100,-1,0
2022,378,92436,10,1171,CPM - COLEGIO DA POLICIA MILITAR,CENTRO,-5.64918,-48.11786,3223,-1,0
2022,379,92436,10,1180,ESCOLA MUNICIPAL PROFESSORA MARIA DE LOURDES,CENTRO,-5.65692,-48.11638,1079,-1,0
2022,380,92436,10,1198,ESCOLA MUNICIPAL LUIZ RODRIGUES DA SILVA,ZONA RURAL,-5.9878,-48.21484,175,-1,0
2022,381,92436,10,1201,ESCOLA ESTADUAL ALDINAR GONÇALVES DE CARVALHO,NOVA ARAGUATINS,-5.65038,-48.11171,2656,-1,0
2022,382,92436,10,1210,ESCOLA MUNICIPAL MARINGÁ I,ZONA RURAL,-5.47417,-48.12176,292,-1,0
2022,383,92436,10,1228,ESCOLA MUNICIPAL RUI BARBOSA,ZONA RURAL,-5.78639,-48.17745,220,-1,0
2022,384,92436,10,1236,ESCOLA MUNICIPAL VANOR DA COSTA PARREÃO,VILA CIDINHA,-5.64479,-48.10844,567,-1,0
2022,385,92452,31,1023,ESCOLA ESTADUAL ANTONIO DELFINO GUIMARAES,SETOR PLANO NOVO,-7.65524,-49.06542,1784,-1,0
2022,386,92452,31,1031,ESCOLA MUNICIPAL FRANCISCO JOSÉ PEREIRA,SETOR PLANO NOVO,-7.65726,-49.06525,1219,-1,0
2022,387,92452,31,1040,COLEGIO ESTADUAL RUILON DIAS CARNEIRO,JARDIM PRIMAVERA,-7.66015,-49.06515,1410,-1,0
2022,388,92452,31,1058,MERCADINHO PEREIRA - SEU TOTO,ZONA RURAL,-7.80499,-48.93079,121,-1,0
2022,389,92452,31,1066,ESCOLA MUNICIPAL JOSÉ DE ANCHIETA,ZONA RURAL,-7.64203,-48.80112,178,-1,0
2022,390,92479,22,1015,ESCOLA ESTADUAL BRIGADEIRO FELIPE,CENTRO,-12.93457,-46.93688,2151,-1,0
2022,391,92479,22,1031,COLEGIO ESTADUAL PROF. JOANA BATISTA CORDEIRO,CENTRO,-12.93354,-46.93572,2016,-1,0
2022,392,92479,22,1040,ESCOLA ESTADUAL SILVA DOURADO,CENTRO,-12.92669,-46.94142,2087,-1,0
2022,393,92479,22,1074,ESCOLA ESTADUAL PROFESSORA ZULMIRA MAGALHAES,ZONA RURAL,-12.84675,-46.80834,627,-1,0
2022,394,92479,22,1139,CENTRO MUN. DE EDUCAÇÃO BÁSICA PROFA. LIVIA LORENE BUENO MAIA,BURITIZINHO,-12.91976,-46.95373,810,-1,0
2022,395,92479,22,1147,COLÉGIO MILITAR DO TOCANTINS - JACY ALVES DE BARROS,ARNALDO PRIETO,-12.93334,-46.94397,173,-1,0
2022,396,92487,16,1015,COLÉGIO ESTADUAL BERNARDO SAYÃO,CENTRO,-8.59348,-48.93283,1092,-1,0
2022,397,92487,16,1023,COLÉGIO ESTADUAL PRIMEIRO DE JUNHO,SETOR RABELO,-8.59974,-48.93314,1141,-1,0
2022,398,92487,16,1031,ESCOLA MUNICIPAL AMAZONAS,ZONA RURAL,-8.22291,-48.95294,252,-1,0
2022,399,92487,16,1040,ESCOLA MUNICIPAL MATA AZUL,ZONA RURAL,-8.29435,-48.83432,294,-1,0
2022,400,92487,16,1058,ESCOLA MUNICIPAL PAULO FREIRE - P.A. PROGRESSO,ZONA RURAL,-8.40111,-48.9145,585,-1,0
2022,401,92487,16,1066,ESCOLA MUNICIPAL AYRTON SENNA,SETOR AEROPORTO,-8.59447,-48.93717,749,-1,0
2022,402,92509,25,1015,ESCOLA ESTADUAL ALFREDO NASSER,CENTRO,-11.60979,-47.04902,1656,-1,0
2022,403,92509,25,1040,ESCOLA MUNICIPAL JOAQUIM ARAÚJO,CENTRO,-11.60896,-47.05028,615,-1,0
2022,404,92525,21,1015,ESCOLA MUNICIPAL CAETANA DE MORAES COSTA,ZONA RURAL,-5.44591,-47.64541,803,-1,0
2022,405,92525,21,1023,ESCOLA MUNICIPAL GENÉSIO GOMES,CENTRO,-5.39472,-47.81201,1164,-1,0
2022,406,92525,21,1031,ESCOLA MUNICIPAL ALFREDO NASSER,ZONA RURAL,-5.44773,-47.78856,396,-1,0
2022,407,92525,21,1040,ESCOLA MUNICIPAL JOSÉ LOPES DA SILVA,ZONA RURAL,-5.47789,-47.79356,183,-1,0
2022,408,92525,21,1058,ESCOLA ESTADUAL GENÉSIO GOMES,CENTRO,-5.39749,-47.81232,1313,-1,0
2022,409,92525,21,1074,ESCOLA MUNICIPAL REDENÇÃO,ZONA RURAL,-5.44181,-47.71192,431,-1,0
2022,410,92525,21,1090,ESCOLA ESTADUAL PRIMEIRO DE JUNHO,CENTRO,-5.39866,-47.81268,878,-1,0
2022,411,92525,21,1104,ESCOLA MUNICIPAL MELQUÍADES CARDOSO,VILA TOCANTINS,-5.40094,-47.81351,346,-1,0
2022,412,92533,17,1023,ESCOLA ESTADUAL PROFESSORA RANULFA,CENTRO,-12.71428,-46.4091,3049,-1,0
2022,413,92541,21,1015,COLÉGIO ESTADUAL SAMPAIO,CENTRO,-5.35081,-47.87763,2202,-1,0
2022,414,92541,21,1023,ESCOLA MUNICIPAL PRIMEIRO DE JUNHO,CENTRO,-5.35199,-47.87816,1474,-1,0
2022,415,92576,11,1015,COLÉGIO ESTADUAL MARECHAL RIBAS JUNIOR,CENTRO,-5.61961,-47.77322,2420,-1,0
2022,416,92576,11,1031,ESCOLA ESTADUAL SAO FRANCISCO DE ASSIS,CENTRO,-5.6132,-47.76307,1953,-1,0
2022,417,92576,11,1074,ESCOLA MUNICIPAL MARECHAL RONDON,CENTRO,-5.61389,-47.77418,742,-1,0
2022,418,92576,11,1104,ESCOLA MUNICIPAL PADRE IRTON,CENTRO,-5.61273,-47.77066,2689,-1,0
2022,419,92576,11,1120,ESCOLA MUNICIPAL SÃO JOSÉ - POVOADO PEQUIZEIRO,ZONA RURAL,-5.70277,-47.74197,284,-1,0
2022,420,92576,11,1139,ESCOLA MUNICIPAL DOM PEDRO I - POVOADO GROTÃO,ZONA RURAL,-5.56706,-47.80524,405,-1,0
2022,421,92576,11,1163,ESCOLA MUNICIPAL MENINO JESUS - POVOADO LAGOA DE SÃO SALVADOR,LAGOA DE SÃO SALVADOR,-5.64693,-47.73788,275,-1,0
2022,422,92584,19,1015,COLÉGIO MUNICIPAL PEDRO RODRIGUES NETO,ZONA RURAL,-11.29982,-47.90968,648,-1,0
2022,423,92584,19,1023,ESCOLA ESTADUAL ZACARIAS NUNES DA SILVEIRA,CENTRO,-11.44884,-48.12034,702,-1,0
2022,424,92584,19,1040,ESCOLA MUNICIPAL VEREADOR JOSE AYRES DA SILVA,ZONA RURAL,-11.32717,-48.3547,159,-1,0
2022,425,92584,19,1058,ESCOLA MUNICIPAL TIA MIRETA,CENTRO,-11.45409,-48.11704,1381,-1,0
2022,426,92584,19,1066,COLÉGIO TENENTE SALVADOR RIBEIRO,CENTRO,-11.44864,-48.1171,1121,-1,0
2022,427,92592,8,1015,ESCOLA ESTADUAL LEOPOLDO DE BULHOES,NOVO MILÊNIO I,-7.20296,-47.76165,2047,-1,0
2022,428,92592,8,1074,ESCOLA ESTADUAL RUI BARBOSA,AREIA,-7.19312,-47.78318,1787,-1,0
2022,429,92592,8,1104,ESCOLA MUNICIPAL SAO FRANCISCO,ZONA RURAL,-7.22948,-47.92901,658,-1,0
2022,430,92592,8,1112,ESCOLA MUNICIPAL SANTA PAZ,ZONA RURAL,-7.36567,-48.01015,398,-1,0
2022,431,92592,8,1120,ESCOLA MUNICIPAL POETA JOSÉ GOMES,CENTRO,-7.20396,-47.7597,1130,-1,0
2022,432,92592,8,1139,ESCOLA MUNICIPAL BENJAMIN DE SOUSA PARENTE,ZONA RURAL,-7.24756,-48.03306,291,-1,0
2022,433,92606,35,1015,ESCOLA ESTADUAL PROFESSOR MANOEL SILVÉRIO DOURADO,CENTRO,-10.28485,-47.80792,1590,-1,0
2022,434,92606,35,1023,ESCOLA MUNICIPAL HORÁCIO JOSÉ RODRIGUES,ZONA RURAL,-10.27853,-47.71268,293,-1,0
2022,435,92606,35,1031,ESCOLA MUNICIPAL FRANCISCO SOUSA BARROS,CENTRO,-10.28514,-47.80764,978,-1,0
2022,436,92681,20,1015,ESCOLA MUNICIPAL JUCELINO KUBITSCHEK,ZONA RURAL,-11.53616,-48.29545,106,-1,0
2022,437,92681,20,1023,ESCOLA MUNICIPAL JOSE LOPES CHAVES,CENTRO,-11.96502,-48.2374,1684,-1,0
2022,438,92681,20,1031,ESCOLA MUNICIPAL CASTELO BRANCO,ZONA RURAL,-12.09094,-47.84123,189,-1,0
2022,439,92681,20,1040,ESCOLA MUNICIPAL RIACHAO I,ZONA RURAL,-11.6756,-48.28017,183,-1,0
2022,440,92681,20,1058,ESCOLA MUNICIPAL GETULIO VARGAS,CENTRO,-11.96398,-48.23345,1564,-1,0
2022,441,92738,3,1015,ESCOLA ESTADUAL JONAS PEREIRA LIMA - ANTIGA LIDIA ANDRADE,CENTRO,-11.01701,-48.56725,697,-1,0
2022,442,92738,3,1023,ESCOLA ESTADUAL PADRAO,CENTRO,-11.01992,-48.56537,2229,-1,0
2022,443,92738,3,1074,ESCOLA MUNICIPAL MALHADINHA,ZONA RURAL,-10.84265,-48.45985,242,-1,0
2022,444,92738,3,1082,ESCOLA MUNICIPAL WANDA FERREIRA DA CUNHA,JANUARIO DIAS,-11.02259,-48.56596,694,-1,0
2022,445,93114,4,1015,FIESC-FACULDADE DE COLINAS,NOVO PLANALTO,-8.04999,-48.48893,2141,-1,0
2022,446,93114,4,1031,ESCOLA MUNICIPAL JOSÉ TEODORO RODRIGUES,VILA SÃO JOÃO,-8.05498,-48.5004,902,-1,0
2022,447,93114,4,1040,COLÉGIO ESTADUAL GIRASSOL DE TEMPO INTEGRAL ERNESTO BARROS,CENTRO,-8.05674,-48.48172,2323,-1,0
2022,448,93114,4,1066,ESCOLA PAROQUIAL NOSSA SENHORA APARECIDA,CENTRO,-8.05725,-48.48057,1035,-1,0
2022,449,93114,4,1074,COLÉGIO ALBERT EINSTEIN,CENTRO,-8.05826,-48.48123,1394,-1,0
2022,450,93114,4,1082,COLÉGIO DA POLÍCIA MILITAR JOÃO XXIII,CENTRO,-8.05947,-48.47452,2603,-1,0
2022,451,93114,4,1112,CENTRO DE ENSINO MÉDIO PRESIDENTE CASTELO BRANCO,SETOR RODOVIÁRIO,-8.06194,-48.47462,2785,-1,0
2022,452,93114,4,1120,COLÉGIO ESTADUAL LACERDINO OLIVEIRA CAMPOS,SANTO ANTONIO I,-8.04194,-48.46458,2561,-1,0
2022,453,93114,4,1139,ESCOLA MUNICIPAL CANTINHO DA ALEGRIA,CENTRO,-8.05307,-48.48403,1443,-1,0
2022,454,93114,4,1147,ESCOLA MUNICIPAL PROFESSORA ODETE CARVALHO DOS SANTOS,VILA SANTA MARIA,-8.07742,-48.48081,1860,-1,0
2022,455,93114,4,1171,ESCOLA MUNICIPAL DR. PEDRO LUDOVICO TEIXEIRA,SETOR NOVO HORIZONTE,-8.04762,-48.4898,1485,-1,0
2022,456,93114,4,1180,ESCOLA MUNICIPAL MARIA PEREIRA GUIMARÃES,SETOR CAMPINAS,-8.05796,-48.46964,1582,-1,0
2022,457,93114,4,1198,ESCOLA MUNICIPAL PROFESSOR ODIMAR LOPES DA SILVA,SETOR DOIRADO,-8.04822,-48.47963,997,-1,0
2022,458,93130,22,1015,ESCOLA MUNICIPAL ISABEL COSTA,CENTRO,-12.21974,-47.29209,1838,-1,0
2022,459,93130,22,1031,COL. EST. CEL. JOSÉ FRANCISCO DE AZEVEDO,CENTRO,-12.21844,-47.29696,1487,-1,0
2022,460,93211,16,1015,COLÉGIO ESTADUAL ARCHÂNGELA MILHOMEM,CENTRO,-8.36084,-49.18398,1257,-1,0
2022,461,93211,16,1023,ESCOLA ESTADUAL ARLINDA ROSA DE SOUSA,CENTRO,-8.35973,-49.17363,963,-1,0
2022,462,93211,16,1066,ESCOLA MUNICIPAL CORDOLINA COSTA REGO,CENTRO,-8.36164,-49.17696,1108,-1,0
2022,463,93211,16,1074,POSTO DE SAÚDE DONA MARTINHA,ZONA RURAL,-8.28541,-49.24591,175,-1,0
2022,464,93211,16,1082,ESCOLA ESTADUAL ÚLTIMO DE CARVALHO,ZONA RURAL,-8.36537,-49.26458,279,-1,0
2022,465,93211,16,1090,CRECHE DORVALINA MARTINS DA SILVA,SETOR BRASIL,-8.36301,-49.18545,512,-1,0
2022,466,93238,13,1023,APAE - ASSOCIAÇÃO DE PAIS E AMIGOS EXCEPCIONAIS,CENTRO,-10.59768,-49.19406,1289,-1,0
2022,467,93238,13,1031,ESCOLA MUNICIPAL DOM JAIME ANTONIO SCHUCK,CENTRO,-10.59566,-49.19318,694,-1,0
2022,468,93238,13,1040,COLEGIO ESTADUAL DE CRISTALANDIA,CENTRO,-10.59727,-49.19246,1631,-1,0
2022,469,93238,13,1058,ESCOLA MUNICIPAL OTACILIO MARQUES ROSAL,SETOR AEROPORTO,-10.60828,-49.20286,1195,-1,0
2022,470,93238,13,1066,CENTRO CULTURAL,CENTRO,-10.60194,-49.19525,576,-1,0
2022,471,93416,25,1015,ESCOLA MUNICIPAL SÃO JOSÉ,CENTRO,-11.62553,-46.81827,1329,-1,0
2022,472,93416,25,1023,ESCOLA ESTADUAL  ABILIO WOLNEY,CENTRO,-11.6292,-46.82132,1773,-1,0
2022,473,93416,25,1031,ESCOLA ESTADUAL ANTONIO POVOA,CAVALCANTE,-11.61644,-46.82345,1976,-1,0
2022,474,93416,25,1040,COLEGIO JOAO D' ABREU,CENTRO,-11.62553,-46.81921,3720,-1,0
2022,475,93416,25,1058,ESCOLA BATISTA B. H. FOREMAN,CENTRO,-11.62709,-46.81823,794,-1,0
2022,476,93416,25,1082,ESCOLA MUNICIPAL SANTA LUZIA,SANTA LUZIA,-11.61049,-46.82098,654,-1,0
2022,477,93416,25,1090,UNIVERSIDADE DO TOCANTINS - UNITINS,CENTRO,-11.62344,-46.81878,491,-1,0
2022,478,93416,25,1112,ESCOLA MUNICIPAL FELIPE BATISTA DOS SANTOS,POVOADO BOA SORTE,-11.90832,-46.78218,210,-1,0
2022,479,93416,25,1139,ESCOLA ESTADUAL JOCA COSTA,CAVALCANTE,-11.61601,-46.82874,1057,-1,0
2022,480,93416,25,1147,ESCOLA MUNICIPAL PROFESSOR RENATO RODRIGUES ALVES,NOVA CIDADE,-11.6215,-46.82996,749,-1,0
2022,481,93459,28,1015,COLEGIO ESTADUAL PRESIDENTE CASTELO BRANCO,CENTRO,-9.25655,-49.06523,3064,-1,0
2022,482,93459,28,1040,ESCOLA MUNICIPAL PETRONIO LIMA ARBUES,CENTRO,-9.26253,-49.06529,1165,-1,0
2022,483,93459,28,1058,CENTRO MUNICIPAL DE EDUCAÇÃO INFANTIL - SÃO JOÃO BATISTA,CENTRO,-9.25117,-49.06581,681,-1,0
2022,484,93475,15,1015,COLÉGIO ESTADUAL ELESBÃO LIMA,CENTRO,-11.34276,-49.27222,1918,-1,0
2022,485,93475,15,1058,ESCOLA MUNICIPAL CECÍLIA DE ARAÚJO MELO (MINHA INFÂNCIA),CENTRO,-11.34211,-49.26779,864,-1,0
2022,486,93475,15,1066,ESCOLA MUNICIPAL NOEME LUSTOSA BARROS,SETOR AEROPORTO,-11.33713,-49.25992,553,-1,0
2022,487,93556,8,1015,ESCOLA ESTADUAL ADEUVALDO DE OLIVEIRA MORAIS,CENTRO,-7.33699,-47.49804,1611,-1,0
2022,488,93556,8,1058,COLEGIO ESTADUAL DE FILADELFIA,CENTRO,-7.33383,-47.50019,1350,-1,0
2022,489,93556,8,1104,MONUMENTO NATURAL DAS ARVORES FOSSILIZADAS DO TOCANTINS,ZONA RURAL,-7.48649,-47.85657,343,-1,0
2022,490,93556,8,1147,ESCOLA MUNICIPAL  NOSSA SENHORA DO PERPETUO SOCORRO,ZONA RURAL,-7.48585,-47.86016,1203,-1,0
2022,491,93556,8,1155,ESCOLA MUNICIPAL TENENTE COSTA LEITE,ZONA RURAL,-7.32258,-47.65918,195,-1,0
2022,492,93556,8,1163,ESCOLA MUNICIPAL DONA MAURA LEAL VALADARES,CENTRO,-7.34141,-47.49809,801,-1,0
2022,493,93556,8,1171,ESCOLA ESTADUAL PROF. JOSÉ FRANCISCO DOS MONTES,ZONA RURAL,-7.48378,-47.86505,684,-1,0
2022,494,93653,15,1015,COLÉGIO MUNICIPAL DOM ALANO,CENTRO,-11.79905,-49.53098,1023,-1,0
2022,495,93653,15,1031,COOPERATIVA DE EDUCADORES DE FORMOSO DO ARAGUAIA,CENTRO,-11.79991,-49.53157,1016,-1,0
2022,496,93653,15,1040,COLÉGIO ESTADUAL TIRADENTES,CENTRO,-11.80116,-49.53014,2008,-1,0
2022,497,93653,15,1082,COLÉGIO MUNICIPAL HERMÍNIO AZEVEDO SOARES,CENTRO,-11.8016,-49.52453,1854,-1,0
2022,498,93653,15,1090,COLÉGIO ESTADUAL DONA GERCINA BORGES TEIXEIRA,CENTRO,-11.80558,-49.52661,1337,-1,0
2022,499,93653,15,1112,CRECHE MUNICIPAL PROF FRANCISCO NOGUEIRA DA ROCHA,SETOR SÃO JOSÉ I,-11.80755,-49.52042,1311,-1,0
2022,500,93653,15,1120,CENTRO MUNICIPAL DE EDUCACAO INFANTIL - ANTIGO DOMINGOS ALVES GAMA,SETOR SÃO JOSÉ I,-11.81056,-49.52437,1248,-1,0
2022,501,93653,15,1139,ESCOLA ESTADUAL BENEDITO PEREIRA BANDEIRA,SETOR ALIANÇA,-11.81874,-49.52217,1454,-1,0
2022,502,93653,15,1171,ESCOLA MUNICIPAL DALCI BARROS MILHOMENS,SETOR JARDIM PLANALTO,-11.8013,-49.51997,614,-1,0
2022,503,93653,15,1180,ALDEIA CANOANÃ,ALDEIA INDÍGENA,-11.97215,-49.91573,285,-1,0
2022,504,93653,15,1198,ALDEIA TXUIRÍ,ALDEIA INDÍGENA,-11.78266,-49.93506,91,-1,0
2022,505,93653,15,1210,ESCOLA MUNICIPAL RURAL SEBASTIÃO LOPES DA SILVA,ZONA RURAL,-11.6324,-49.84993,469,-1,0
2022,506,93653,15,1236,ALDEIA SÃO JOÃO,ALDEIA INDÍGENA,-12.08997,-49.96016,133,-1,0
2022,507,93653,15,1260,ESCOLA MUNICIPAL SILAS RAIMUNDO MILHOMEM,SETOR ALIANÇA,-11.81767,-49.51797,784,-1,0
2022,508,93653,15,1279,ALDEIA BOA ESPERANÇA,ALDEIA INDÍGENA,-11.44803,-50.01686,79,-1,0
2022,509,93858,2,1015,COLEGIO PAROQUIAL BERNARDO SAYAO,CENTRO,-11.72683,-49.06246,3275,-1,0
2022,510,93858,2,1023,COLEGIO POSITIVO DE GURUPI,CENTRO,-11.73151,-49.06274,2748,-1,0
2022,511,93858,2,1031,CENTRO UNIVERSITÁRIO-UNIRG,CENTRO,-11.72454,-49.07651,4202,-1,0
2022,512,93858,2,1040,CEM GURUPI (ANTIGO COLEGIO ESTADUAL DE GURUPI),CENTRO,-11.72569,-49.07064,4754,-1,0
2022,513,93858,2,1090,COLÉGIO DE TEMPO INTEGRAL PRESIDENTE COSTA E SILVA,CENTRO,-11.72158,-49.07468,3186,-1,0
2022,514,93858,2,1112,ESCOLA PRESBITERIANA ARAGUAIA DE GURUPI,CENTRO,-11.72992,-49.06768,1224,-1,0
2022,515,93858,2,1147,ESCOLA MUNICIPAL TREVO DO TOCANTINS,ZONA RURAL,-11.43831,-48.64331,431,-1,0
2022,516,93858,2,1155,COLEGIO ESTADUAL VILA GUARACY,VILA GUARACY,-11.74025,-49.07963,1279,-1,0
2022,517,93858,2,1163,CENTRO DE ENSINO MEDIO ARY RIBEIRO VALADÃO FILHO,SETOR VALDIR LINS II,-11.73558,-49.07921,979,-1,0
2022,518,93858,2,1171,ESCOLA MUNICIPAL ODAIR LUCIO,CENTRO,-11.72344,-49.08082,1355,-1,0
2022,519,93858,2,1180,ESCOLA MUNICIPAL ANTÔNIO LINO DE SOUZA,CENTRO,-11.73213,-49.04697,799,-1,0
2022,520,93858,2,1198,COLEGIO ESTADUAL BOM JESUS,CENTRO,-11.729,-49.05756,2985,-1,0
2022,521,93858,2,1244,ESCOLA ORLINDO PEREIRA DA MOTA,SETOR UNIAO V,-11.73995,-49.069,1223,-1,0
2022,522,93858,2,1252,COLEGIO ESTADUAL JOSE SEABRA LEMOS,CENTRO,-11.73428,-49.06005,2812,-1,0
2022,523,93858,2,1260,ESCOLA MUNICIPAL ANTONIO DE ALMEIDA VERAS,CENTRO,-11.73071,-49.05399,3081,-1,0
2022,524,93858,2,1279,ESCOLA MUNICIPAL GILBERTO REZENDE ROCHA FILHO,CENTRO,-11.717,-49.08679,2250,-1,0
2022,525,93858,2,1287,ESCOLA MUNICIPAL JOEL FERREIRA SOARES,CENTRO,-11.74869,-49.07206,1054,-1,0
2022,526,93858,2,1295,ESCOLA MUNICIPAL VILA NOVA,CENTRO,-11.711,-49.04766,1402,-1,0
2022,527,93858,2,1309,ESCOLA MUNICIPAL DOMINGOS BARREIRA DE AMORIM,RESIDENCIAL JARDIM DOS BURITIS,-11.72207,-49.09735,1222,-1,0
2022,528,93858,2,1317,ESCOLA MUNICIPAL JOSE PEREIRA DA CRUZ,SETOR SÃO JOSÉ,-11.73905,-49.04848,1412,-1,0
2022,529,93858,2,1333,ESCOLA ESTADUAL DR JOAQUIM PEREIRA DA COSTA,SETOR SOL NASCENTE,-11.72756,-49.09574,2659,-1,0
2022,530,93858,2,1376,ESCOLA ESTADUAL SETOR AEROPORTO,CENTRO,-11.71573,-49.056,1539,-1,0
2022,531,93858,2,1384,ESCOLA MUNICIPAL PROFª ILZA BORGES VIEIRA (ANTIGO COL.CUSTODIO RIBEIRO,PARQUE RESIDENCIAL NOVA FRONTEIRA,-11.74933,-49.06539,1458,-1,0
2022,532,93858,2,1406,ESCOLA MUNICIPAL DR ULISSES GUIMARAES,PARQUE DAS ACÁCIAS,-11.73043,-49.115,1297,-1,0
2022,533,93858,2,1414,ESCOLA MUNICIPAL ELIZEU DE CARVALHO,SETOR INDUSTRIAL,-11.64086,-49.0398,339,-1,0
2022,534,93858,2,1422,ASSOCIAÇÃO DE PAIS E AMIGOS DOS EXCEPCIONAIS APAE,WALDIR LINS,-11.73999,-49.08506,1508,-1,0
2022,535,93858,2,1430,ESCOLA MUNICIPAL AGRIPINO DE SOUZA GALVÃO,SETOR BELA VISTA,-11.76597,-49.07258,1289,-1,0
2022,536,93858,2,1449,ESCOLA MUNICIPAL LENIVAL CORRÊA FERREIRA,ALTO DA BOA VISTA,-11.73189,-49.09846,1614,-1,0
2022,537,93858,2,1457,INSTITUTO FEDERAL DE CIÊNCIA E TECNOLOGIA DO TOCANTINS,JARDIM SEVILHA,-11.73879,-49.05502,1831,-1,0
2022,538,93858,2,1465,POSTO DE ATENDIMENTO MÉDICO VALE VERDE,ZONA RURAL,-11.8796,-48.98529,109,-1,0
2022,539,93858,2,1511,SESI - CIAT ALBANO FRANCO DE GURUPI,VILA ALAGOANA,-11.72294,-49.08307,1060,-1,0
2022,540,93858,2,1520,ESCOLA MUNICIPAL VALNIR DE SOUZA SOARES,JARDIM MEDEIROS,-11.71153,-49.08619,246,-1,0
2022,541,93858,2,1538,CEMEI ONEIDE DE SOUZA COELHO,CAMPO BELLO,-11.72399,-49.12961,408,-1,0
2022,542,93858,2,1562,CRECHE CEMEI TÂNIA SCOTTA,PARQUE RESIDENCIAL NOVA FRONTEIRA,-11.7502,-49.06471,1181,-1,0
2022,543,94056,33,1015,COLEGIO ESTADUAL DE ITACAJA,CENTRO,-8.39248,-47.76795,2379,-1,0
2022,544,94056,33,1023,ESCOLA MUNICIPAL TANCREDO NEVES,CENTRO,-8.39495,-47.77023,1042,-1,0
2022,545,94056,33,1066,ESCOLA DA ALDEIA MANOEL ALVES PEQUENO,ALDEIA INDÍGENA,-8.41822,-47.73396,251,-1,0
2022,546,94056,33,1074,ESCOLA DA ALDEIA SANTA CRUZ,ALDEIA INDÍGENA,-8.49547,-47.67563,530,-1,0
2022,547,94056,33,1082,CEMEI - ANTONIA DE ALENCAR FERNANDES,SETOR AEROPORTO,-8.39695,-47.77491,1143,-1,0
2022,548,94099,11,1031,ESCOLA MUNICIPAL SUELY BARBOSA - DESCARRETO,DESCARRETO,-5.78653,-47.47206,352,-1,0
2022,549,94099,11,1058,ESCOLA MUNICIPAL JAIME NUNES,CENTRO,-5.77463,-47.4784,798,-1,0
2022,550,94099,11,1074,ESCOLA ESTADUAL OLAVO BILAC,CENTRO,-5.77864,-47.48321,1528,-1,0
2022,551,94099,11,1104,ESCOLA  MUNICIPAL TOCANTINS - POVOADO ALTO DA CRUZ,ZONA RURAL,-5.7213,-47.74976,141,-1,0
2022,552,94099,11,1112,ESCOLA MUNICIPAL SANTO ANTONIO DA CACHOEIRA,CENTRO,-5.76826,-47.4832,929,-1,0
2022,553,94099,11,1139,ESCOLA MUNICIPAL SAO BENTO - ASSENTAMENTO FAZENDA REIS,ZONA RURAL,-5.76967,-47.7025,668,-1,0
2022,554,94170,16,1015,COLÉGIO ESTADUAL FRANCISCA ALVES DE ALENCAR,CENTRO,-8.57333,-48.69001,1363,-1,0
2022,555,94170,16,1031,ESCOLA MUNICIPAL DONA AUGUSTA MARIA DE JESUS,CENTRO,-8.57476,-48.69127,977,-1,0
2022,556,94617,5,1015,COLEGIO MILITAR SANTA TEREZINHA,CENTRO,-9.56517,-48.38946,1913,-1,0
2022,557,94617,5,1023,COLEGIO TOCANTINS,CENTRO,-9.56892,-48.38692,1938,-1,0
2022,558,94617,5,1031,ESC. EST. ONESINA BANDEIRA,FLAMBOYANT 2,-9.56264,-48.41098,1653,-1,0
2022,559,94617,5,1040,ESC. EST. JOSE DAMASCENO VASCONCELOS,CENTRO,-9.57362,-48.39418,1181,-1,0
2022,560,94617,5,1058,ESC. MUN. VILMAR VASCONCELOS FEITOSA,SETOR BRASIL,-9.55254,-48.4101,757,-1,0
2022,561,94617,5,1074,CEM DONA FILOMENA MOREIRA DE PAULA,SETOR SANTA FILOMENA,-9.56034,-48.40712,2026,-1,0
2022,562,94617,5,1090,ESCOLA EST. OSCAR SARDINHA,VILA MARIA,-9.55857,-48.39633,839,-1,0
2022,563,94617,5,1104,ESC. MUN. BRIGADEIRO LISIAS RODRIGUES,SETOR CORRENTINHO,-9.58755,-48.4004,324,-1,0
2022,564,94617,5,1112,UNIVERSIDADE FEDERAL DO TOCANTINS,SETOR UNIVERSITARIO,-9.56926,-48.40545,2809,-1,0
2022,565,94617,5,1139,ESC. MUN. VALE DO TOCANTINS,ZONA RURAL,-10.01304,-48.5474,499,-1,0
2022,566,94617,5,1171,ESC. MUN. BOANERGES MOREIRA DE PAULA,ZONA RURAL,-9.69634,-48.59299,162,-1,0
2022,567,94633,28,1015,ESCOLA ESTADUAL NOSSA SENHORA DA PROVIDENCIA,CENTRO,-9.53728,-48.59081,3707,-1,0
2022,568,94633,28,1023,CEM - RUI BRASIL CAVALCANTE,VILA MARIA,-9.53602,-48.59101,3565,-1,0
2022,569,94633,28,1031,ESCOLA MUNICIPAL ANTONIO PEREIRA DE SOUSA,CENTRO,-9.53097,-48.58951,829,-1,0
2022,570,94633,28,1040,ESCOLA MUNICIPAL ANTÔNIO PEREIRA DE SOUSA - ANEXO I,CENTRO,-9.53307,-48.58798,1640,-1,0
2022,571,94692,3,1015,ESCOLA ESTADUAL PADRE GAMA,CENTRO,-10.76552,-48.11192,1733,-1,0
2022,572,94692,3,1023,ESCOLA MUNICIPAL DURVAL SILVA,SETOR IPIRANGA,-10.77198,-48.11364,1171,-1,0
2022,573,94692,3,1058,ESCOLA MUNICIPAL MC 4,ZONA RURAL,-11.10849,-48.10524,84,-1,0
2022,574,94692,3,1074,ESCOLA ESTADUAL MESTRA BELA,CENTRO,-10.7622,-48.10717,1064,-1,0
2022,575,94692,3,1120,ESCOLA ESTADUAL CHE GUEVARA - ANTIGO PROF. ADONIAS.,ZONA RURAL,-10.96093,-48.09162,353,-1,0
2022,576,94692,3,1155,ESCOLA MUNICIPAL ZEZÉ PEDREIRA,ZONA RURAL,-10.5593,-48.23902,194,-1,0
2022,577,94811,19,1015,COLEGIO ESTADUAL 'DR QUINTILIANO DA SILVA',CENTRO,-11.70998,-47.72643,1629,-1,0
2022,578,94811,19,1023,ESCOLA ESTADUAL NOSSA SENHORA DE FATIMA/O PELICANO,CENTRO,-11.70446,-47.72516,1179,-1,0
2022,579,94811,19,1031,ESCOLA ESPECIAL CORACI DE SENA FERNANDES (APAE),CENTRO,-11.71083,-47.72781,637,-1,0
2022,580,94811,19,1040,ESCOLA ESTADUAL JOAQUIM LINO SUARTE,CENTRO,-11.69824,-47.7209,705,-1,0
2022,581,94811,19,1090,ESCOLA MUNICIPAL DONA JOSINA PEREIRA NUNES,ZONA RURAL,-11.93863,-47.61393,493,-1,0
2022,582,94811,19,1104,ESPAÇO DE ACOL. D. FELIPA F. DE OLIVEIRA  DO SANT. SR. DO BONFIM,ZONA RURAL,-11.82851,-47.61409,117,-1,0
2022,583,94811,19,1112,ESCOLA MUNICIPAL JACUBINHA I,ZONA RURAL,-11.67813,-47.55918,182,-1,0
2022,584,94811,19,1120,ESCOLA MUNICIPAL ARCHCELINA PACINI VIEIRA,CENTRO,-11.70627,-47.72934,844,-1,0
2022,585,94811,19,1163,CRECHE TIA CHIQUINHA,NOVA ESPERANÇA,-11.70328,-47.73227,789,-1,0
2022,586,94838,9,1023,ESCOLA ESTADUAL PRESIDENTE CASTELO BRANCO (PADRÃO),CENTRO,-6.37436,-47.66012,2378,-1,0
2022,587,94838,9,1074,ESCOLA ESTADUAL PIAÇAVA,ZONA RURAL,-6.31568,-47.79319,513,-1,0
2022,588,94838,9,1082,ESCOLA ESTADUAL DOM CORNÉLIO CHIZZINI,ZONA RURAL,-6.33271,-47.84085,527,-1,0
2022,589,94838,9,1104,ESCOLA MUNICIPAL SANTO ANTÔNIO,ZONA RURAL,-6.27457,-47.86119,312,-1,0
2022,590,94838,9,1112,ESCOLA MUNICIPAL MARIANO MORAIS,ZONA RURAL,-6.37354,-47.74134,302,-1,0
2022,591,94994,35,1015,ESCOLA ESTADUAL PROFª ELIACENA MOURA LEITÃO,CENTRO,-9.96338,-47.6756,1996,-1,0
2022,592,94994,35,1023,ESCOLA MUNICIPAL DEUSIANO COELHO DE SOUSA,ZONA RURAL,-10.13604,-47.77261,252,-1,0
2022,593,94994,35,1031,ESCOLA MUNICIPAL RUIDELMAR LIMEIRA BORGES,CENTRO,-9.96516,-47.68113,1558,-1,0
2022,594,95192,7,1015,ESCOLA ESTADUAL DEUSA MORAES,CENTRO,-10.17416,-48.88365,1020,-1,0
2022,595,95192,7,1023,UNITINS - UNIVERSIDADE ESTADUAL DO TOCANTINS- CAMPUS DE PARAÍSO,CENTRO,-10.17296,-48.88719,1229,-1,0
2022,596,95192,7,1031,COLEGIO SÃO GERALDO,CENTRO,-10.1775,-48.8874,2706,-1,0
2022,597,95192,7,1040,CENTRO DE ENSINO MÉDIO JOSÉ ALVES DE ASSIS,CENTRO,-10.17451,-48.8888,2527,-1,0
2022,598,95192,7,1058,ESCOLA ESTADUAL AMÂNCIO DE MORAES,CENTRO,-10.17796,-48.8871,1397,-1,0
2022,599,95192,7,1066,INSTITUTO PRESBITERIANO VALE DO TOCANTINS,CENTRO,-10.17503,-48.8818,1861,-1,0
2022,600,95192,7,1082,ESCOLA RAIO DE SOL,CENTRO,-10.17113,-48.88443,714,-1,0
2022,601,95192,7,1090,COLÉGIO ESTADUAL IDALINA DE PAULA,SETOR OESTE,-10.18138,-48.89645,1690,-1,0
2022,602,95192,7,1104,"FACULDADE DE EDUCAÇÃO, CIÊNCIAS E LETRAS DE PARAÍSO-TO - FECIPAR",SETOR INTERLAGOS,-10.16489,-48.88296,771,-1,0
2022,603,95192,7,1112,ESCOLA MUNICIPAL DE 1° GRAU 23 DE OUTUBRO,SETOR OESTE,-10.18022,-48.89101,881,-1,0
2022,604,95192,7,1120,ESCOLA ESTADUAL JUSCELINO KUBITSCHEK DE OLIVEIRA,SETOR SERRANO,-10.16707,-48.87445,1177,-1,0
2022,605,95192,7,1147,ESCOLA MUNICIPAL DE 1 GRAU POUSO ALEGRE,POUSO ALEGRE,-10.19317,-48.89054,1245,-1,0
2022,606,95192,7,1155,ESCOLA MUNICIPAL PEDRO LUDOVICO TEIXEIRA,VILA CHAPADAO,-10.14566,-48.88642,286,-1,0
2022,607,95192,7,1198,ESCOLA MUNICIPAL SANTA ROSA,SANTA ROSA,-10.03458,-48.76688,187,-1,0
2022,608,95192,7,1201,COLEGIO ESTADUAL PROFESSOR JOSÉ NEZIO RAMOS,POUSO ALEGRE,-10.19301,-48.88963,1513,-1,0
2022,609,95192,7,1210,COLEGIO ESTADUAL CÍVICO E MILITAR SAO JOSE OPERARIO,JARDIM PAULISTA,-10.16755,-48.89781,2160,-1,0
2022,610,95192,7,1236,ESCOLA MUNICIPAL IRMÃ JULITA,SETOR AEROPORTO,-10.17975,-48.90288,1315,-1,0
2022,611,95192,7,1244,ESCOLA MUNICIPAL LUZIA TAVARES,POUSO ALEGRE,-10.1938,-48.88893,1207,-1,0
2022,612,95192,7,1252,"INSTITUTO FEDERAL DE EDUCAÇÃO, CIÊNCIA E TECNOLOGIA DO TOCANTINS",POVOADO SANTANA,-10.26848,-48.88807,235,-1,0
2022,613,95192,7,1260,ESCOLA MUL PROF ADÉLIA AGUIAR BARBOSA,VILA REGINA,-10.20156,-48.90291,1543,-1,0
2022,614,95192,7,1279,ESCOLA MUNICIPAL VEREADOR JOSÉ ODETE,VILA MILENA,-10.1571,-48.88746,1184,-1,0
2022,615,95192,7,1287,ESCOLA MUNICIPAL JOSÉ RIBEIRO TORRES,ALTO PARAÍSO,-10.19354,-48.88473,1376,-1,0
2022,616,95192,7,1309,COLÉGIO MILITAR DO ESTADO DO TOCANTINS DIACONÍZIO BEZERRA DA SILVA,JARDIM AMÉRICA,-10.19618,-48.89972,1698,-1,0
2022,617,95192,7,1317,ESCOLA  PRESBITERIANA EBENÉZER,SETOR OESTE,-10.18191,-48.89635,719,-1,0
2022,618,95192,7,1325,SESC LER - SERVIÇO SOCIAL DO COMÉRCIO TOCANTINS,JARDIM PAULISTA,-10.15067,-48.88852,685,-1,0
2022,619,95192,7,1333,SENAI - PARAÍSO DO TOCANTINS,SETOR NOVA FRONTEIRA,-10.20242,-48.8945,618,-1,0
2022,620,95192,7,1341,CMEI - SONHO DE CRIANÇA - ARCO-ÍRIS,JARDIM PAULISTA,-10.16764,-48.88647,1233,-1,0
2022,621,95214,18,1015,COLÉGIO ESTADUAL DES VIRGILIO DE MELO FRANCO,CENTRO,-12.6161,-47.87911,1588,-1,0
2022,622,95214,18,1040,COLÉGIO ESTADUAL EUCLIDES BEZERRA GERAIS,CENTRO,-12.61632,-47.87963,1371,-1,0
2022,623,95214,18,1074,COLÉGIO ESTADUAL FLORESTA,POVOADO CAMPO ALEGRE,-13.11631,-47.76667,735,-1,0
2022,624,95214,18,1082,COLEGIO ESTADUAL SANTA RITA DO RIO PALMA,POVOADO BOM JESUS DA PALMA,-12.62545,-47.56129,758,-1,0
2022,625,95214,18,1090,COLÉGIO MUNICIPAL DO TIGRE,POVOADO TIGRE,-12.1625,-48.0559,214,-1,0
2022,626,95214,18,1180,PREDIO DA INCLUSÃO DIGITAL(AUDITÓRIO DA INCLUSÃO DIGITAL),CENTRO,-12.61592,-47.88174,571,-1,0
2022,627,95214,18,1210,ESCOLA MUNICIPAL FLORACY BONFIM  PEREIRA DE ARAUJO,VILA NOVA,-12.61441,-47.87203,1521,-1,0
2022,628,95214,18,1228,ESCOLA MUNICIPAL SOLDADINHO DE JESUS,CENTRO,-12.61595,-47.88032,1176,-1,0
2022,629,95257,23,1015,COLÉGIO CRISTO REI,CENTRO,-8.96752,-48.17596,2039,-1,0
2022,630,95257,23,1023,ESCOLA MUNICIPAL JANDEVAN,CENTRO,-8.96883,-48.17596,442,-1,0
2022,631,95257,23,1031,ESCOLA ESTADUAL ANA AMORIM,CENTRO,-8.97533,-48.17613,1413,-1,0
2022,632,95257,23,1066,ESCOLA ESTADUAL DE ANAJANÓPOLIS,ZONA RURAL,-9.30731,-47.93016,284,-1,0
2022,633,95257,23,1082,ESCOLA ESTADUAL BOM TEMPO,ZONA RURAL,-9.17138,-48.02102,152,-1,0
2022,634,95257,23,1090,ESCOLA MUNICIPAL SOUSA AGUIAR,CENTRO,-8.98226,-48.1696,2256,-1,0
2022,635,95257,23,1104,ESCOLA MUNICIPAL BOA ESPERANÇA,ZONA RURAL,-9.3091,-48.20898,133,-1,0
2022,636,95257,23,1120,UNIDADE BÁSICA DE SAÚDE MARIA CLARA BRASIL DE CARVALHO,CENTRO,-9.01397,-48.17303,310,-1,0
2022,637,95257,23,1139,ESCOLA ESTADUAL INDÍGENA WAKRERO KÂTOPKUZE,ZONA RURAL,-9.43014,-48.10001,73,-1,0
2022,638,95257,23,1155,ESCOLA MUNICIPAL JOSÉ COMBAS ALAMEDA,CENTRO,-8.99155,-48.15867,935,-1,0
2022,639,95257,23,1163,INSTITUTO FEDERAL DO TOCANTINS - CAMPUS AVANÇADO PEDRO AFONSO,SETOR ZACARIAS CAMPELLO,-8.98804,-48.16146,1835,-1,0
2022,640,95273,20,1015,ESCOLA ESTADUAL DOM ALANO,CENTRO,-12.02849,-48.53797,1671,-1,0
2022,641,95273,20,1023,ESCOLA ESTADUAL JUCELINO KUBITSCHEK DE OLIVEIRA,SETOR AEROPORTO,-12.0361,-48.545,1010,-1,0
2022,642,95273,20,1031,ESCOLA ESTADUAL TANCREDO NEVES,CENTRO,-12.02833,-48.53934,873,-1,0
2022,643,95273,20,1082,ESCOLA MUNICIPAL OLAVO BILAC,ZONA RURAL,-11.88012,-48.83797,669,-1,0
2022,644,95273,20,1090,ESCOLA MUNICIPAL RUI IRINEU SILVA,ZONA RURAL,-11.84048,-48.39103,495,-1,0
2022,645,95273,20,1139,ESCOLA MUNICIPAL HERCULANO DE QUEIROZ,ZONA RURAL,-11.59383,-48.52888,987,-1,0
2022,646,95273,20,1147,ESCOLA MUNICIPAL JOSE BEZERRA DA SILVA,ZONA RURAL,-12.34396,-48.63935,112,-1,0
2022,647,95273,20,1163,ESCOLA MUNICIPAL SOL NASCENTE,ZONA RURAL,-12.10572,-48.41827,194,-1,0
2022,648,95273,20,1180,ESCOLA MUNICIPAL SAO JOSE,VILA SÃO JOSÉ,-12.02264,-48.54316,422,-1,0
2022,649,95273,20,1201,ESCOLA MUNICIPAL MESTRE FRANCISCO RIBEIRO,SETOR SUL,-12.04198,-48.53989,626,-1,0
2022,650,95290,16,1015,COLÉGIO ESTADUAL SERRA DAS CORDILHEIRAS,CENTRO,-8.729,-48.75806,1260,-1,0
2022,651,95290,16,1031,ESCOLA ESTADUAL PEDRO LUDOVICO TEIXEIRA,CENTRO,-8.73583,-48.75178,859,-1,0
2022,652,95290,16,1040,COLÉGIO ESTADUAL ARY RIBEIRO VALADÃO FILHO,SETOR SUL,-8.7351,-48.74954,948,-1,0
2022,653,95290,16,1058,ESCOLA ESTADUAL JUSCELINO KUBITSCHEK DE OLIVEIRA,ZONA RURAL,-8.65092,-48.85232,416,-1,0
2022,654,95290,16,1104,ESCOLA MUNICIPAL JOSEFINA RIBEIRO DOS SANTOS,SETOR SUL,-8.73989,-48.7487,715,-1,0
2022,655,95290,16,1112,ESCOLA MUNICIPAL CARLOS CHAGAS,ZONA RURAL,-8.78661,-48.64313,117,-1,0
2022,656,95290,16,1139,CMEI FABIANO RIBEIRO DE OLIVEIRA,CENTRO,-8.73605,-48.75385,592,-1,0
2022,657,95290,16,1147,CENTRO EDUCACIONAL ARTE DO SABER,CENTRO,-8.73062,-48.76383,301,-1,0
2022,658,95290,16,1155,CMEI EURIPADES VIEIRA DE SOUSA,CENTRO,-8.73004,-48.75717,771,-1,0
2022,659,95290,16,1163,ESCOLA MUNICIPAL MARECHAL HUMBERTO CASTELO BRANCO,CENTRO,-8.73255,-48.75778,423,-1,0
2022,660,95338,32,1023,COLEGIO ESTADUAL ADA DE ASSIS TEIXEIRA,CENTRO,-7.71407,-47.31478,2847,-1,0
2022,661,95338,32,1031,CRECHE MUNICIPAL GENTE PEQUENA,CENTRO,-7.71295,-47.31923,1192,-1,0
2022,662,95338,32,1074,ESCOLA MUNICIPAL PEDRO BENTO DA LUZ,ZONA RURAL,-8.10587,-47.64998,386,-1,0
2022,663,95338,32,1082,ESCOLA MAURICIO DE ANDRADE,ZONA RURAL,-7.99031,-47.1103,303,-1,0
2022,664,95338,32,1090,ESCOLA MUNICIPAL GREGÓRIO DE ASSIS,ZONA RURAL,-8.38456,-47.76357,1125,-1,0
2022,665,95338,32,1104,ESCOLA HONORATO JOSE DA CRUZ,ZONA RURAL,-7.97973,-47.697,522,-1,0
2022,666,95338,32,1112,GRUPO MUNICIPAL JOSE DE CARVALHO,ZONA RURAL,-8.1056,-47.19114,562,-1,0
2022,667,95338,32,1139,ESCOLA MUNICIPAL SAO MIGUEL,ZONA RURAL,-7.91509,-47.30315,170,-1,0
2022,668,95338,32,1171,ESCOLA INDIGENA TXUARET,ALDEIA INDÍGENA,-8.0464,-47.25694,120,-1,0
2022,669,95338,32,1180,ESCOLA INDIGENA TOROAKO,ALDEIA INDÍGENA,-8.29981,-47.63652,335,-1,0
2022,670,95338,32,1198,ESCOLA ESTADUAL INDÍGENA CROKROC,ALDEIA INDÍGENA,-8.25829,-47.51543,285,-1,0
2022,671,95338,32,1201,ESCOLA MUNICIPAL LUZIA MACHADO FEITOSA,SETOR AEROPORTO,-7.70484,-47.32539,285,-1,0
2022,672,95370,26,1015,ESCOLA ESTADUAL JOSÉ ALVES DE ASSIS,SETOR VILA NOVA,-11.13483,-47.58108,891,-1,0
2022,673,95370,26,1023,COLÉGIO DE TEMPO INTEGRAL GIRASSOL MANOEL DOS SANTOS ROSAL,CENTRO,-11.14085,-47.57611,1519,-1,0
2022,674,95370,26,1031,ESCOLA MUNICIPAL JOSEFA BELEM,CENTRO,-11.13397,-47.57783,872,-1,0
2022,675,95370,26,1040,CENTRO MUNICIPAL DE EDUCAÇÃO INFANTIL TIA CARMOSINA GONÇALVES,SETOR VILA NOVA,-11.13462,-47.58237,292,-1,0
2022,676,95478,13,1015,ESCOLA MUNICIPAL DONA LINDAURA OLIVEIRA MORAES,CENTRO,-10.44255,-49.17405,1835,-1,0
2022,677,95478,13,1023,ESCOLA ESTADUAL BARTOLOMEU BUENO,CENTRO,-10.44156,-49.17962,3161,-1,0
2022,678,95478,13,1031,ESCOLA MUNICIPAL JOÃO TEIXEIRA FILHO,ZONA RURAL,-10.04793,-49.6392,537,-1,0
2022,679,95478,13,1058,ESCOLA INDIGENA DO 1O GRAU HERYRI HAWA,ALDEIA INDÍGENA,-10.47313,-50.48182,299,-1,0
2022,680,95516,17,1015,ESCOLA ESTADUAL ANTONIO CARLOS DE FRANCA,CENTRO,-12.09129,-46.48058,1458,-1,0
2022,681,95516,17,1023,ESCOLA ESTADUAL DONA ALZIRA,CENTRO,-12.08651,-46.47851,1170,-1,0
2022,682,95516,17,1040,ESCOLA DONA DAMIANA,ZONA RURAL,-12.25072,-46.669,387,-1,0
2022,683,95516,17,1058,ESCOLA ESTADUAL BOA VISTA DE BELEM,ZONA RURAL,-11.91538,-46.50092,386,-1,0
2022,684,95532,26,1015,CAMARA MUNICIPAL DE PONTE ALTA DO TOCANTINS,CENTRO,-10.74667,-47.5386,281,-1,0
2022,685,95532,26,1023,ESCOLA MUNICIPAL DE EDUCAÇÃO BÁSICA CLEYTON MAIA BARROS,CENTRO,-10.74632,-47.53801,997,-1,0
2022,686,95532,26,1031,COLÉGIO ESTADUAL ODOLFO SOARES,SETOR JARDIM BRASÍLIA,-10.74364,-47.53911,1554,-1,0
2022,687,95532,26,1040,PREFEITURA MUNICIPAL DE PONTE ALTA DO TOCANTINS,CENTRO,-10.74643,-47.53884,263,-1,0
2022,688,95532,26,1058,ESCOLA ESTADUAL GIRASSOL DE TEMPO INTEGRAL ALCIDES RUFO,SETOR SUL,-10.75316,-47.53158,659,-1,0
2022,689,95532,26,1082,ESCOLA MUNICIPAL SABINO FERREIRA MEDEIROS,BOA ESPERANCA,-10.73949,-47.53206,559,-1,0
2022,690,95532,26,1120,ANTIGO POSTO DE SAÚDE DO MORRO LIMPO,ZONA RURAL,-10.90821,-47.61778,96,-1,0
2022,691,95532,26,1180,ESCOLA MUNICIPAL DOS ASSENTAMENTOS SANTA TEREZA E SANTO ONOFRE,ZONA RURAL,-10.44339,-47.75914,122,-1,0
2022,692,95532,26,1198,CRECHE PROINFÂNCIA PROFESSORA ADELAIDE AIRES DA SILVA BARROS,SETOR SUL,-10.753,-47.53242,567,-1,0
2022,693,95532,26,1201,ESCOLA DE EDUCAÇÃO ESPECIAL AMILSON FRAZÃO DOS REIS - APAE,SETOR AEROPORTO,-10.75053,-47.53627,267,-1,0
2022,694,95591,3,1023,DIRETORIA REGIONAL DE ENSINO,SETOR AEROPORTO,-10.71106,-48.40537,1252,-1,0
2022,695,95591,3,1031,CENTRO DE ENSINO MEDIO FLORÊNCIO AIRES - CEM,JARDIM BRASILIA,-10.7143,-48.41098,2495,-1,0
2022,696,95591,3,1066,ESCOLA ESTADUAL ALFREDO NASSER,ZONA RURAL,-10.74658,-48.45908,671,-1,0
2022,697,95591,3,1082,ESCOLA ESTADUAL DOM DOMINGOS CARREROT,SETOR AEROPORTO,-10.71111,-48.40705,1459,-1,0
2022,698,95591,3,1090,ESCOLA ESTADUAL DOM PEDRO II,CENTRO,-10.71015,-48.41147,1729,-1,0
2022,699,95591,3,1104,ESCOLA ESTADUAL IRMA ASPASIA,CENTRO,-10.70212,-48.41083,3358,-1,0
2022,700,95591,3,1112,ESCOLA EST. MAL. ARTUR DA COSTA E SILVA,JARDIM QUERIDO,-10.7054,-48.39881,2122,-1,0
2022,701,95591,3,1120,ESCOLA ESTADUAL ANGELICA RIBEIRO ARANHA,PORTO IMPERIAL,-10.7341,-48.4063,1924,-1,0
2022,702,95591,3,1139,ESCOLA EST FELIX CAMOA I,VILA NOVA,-10.69406,-48.40968,3257,-1,0
2022,703,95591,3,1147,ESCOLA ESTADUAL PEDRO LUDOVICO TEIXEIRA,NOVO PLANALTO,-10.72015,-48.39507,2503,-1,0
2022,704,95591,3,1163,ESCOLA MUNICIPAL ELISA LOPES BARROS,ZONA RURAL,-10.68503,-48.53802,505,-1,0
2022,705,95591,3,1236,ESCOLA ESTADUAL BEIRA RIO,distrito de luzimangues,-10.17321,-48.4561,3269,-1,0
2022,706,95591,3,1244,ESCOLA ESTADUAL PROFESSORA CARMENIA MATOS MAIA,CONJUNTO BRIGADEIRO EDUARDO GOMES,-10.73036,-48.38635,1458,-1,0
2022,707,95591,3,1252,ESCOLA MUNICIPAL DELZA DA PAIXAO,VILA NOVA,-10.67503,-48.40374,1276,-1,0
2022,708,95591,3,1260,ESCOLA MUNICIPAL UNIÃO E PROGRESSO,PORTO IMPERIAL,-10.73247,-48.41115,902,-1,0
2022,709,95591,3,1279,COLEGIO SAGRADO CORACAO DE JESUS,CENTRO,-10.70842,-48.41307,2248,-1,0
2022,710,95591,3,1287,CEMEI - IZIDORIA QUIRINO DOS SANTOS (ANTIGA ASSOCIAÇÃO JARDIM QUERIDO),JARDIM QUERIDO,-10.70339,-48.39924,453,-1,0
2022,711,95591,3,1295,ESCOLA MUNICIPAL DIVINO ESPÍRITO SANTO,JARDIM BRASILIA,-10.71865,-48.41593,1173,-1,0
2022,712,95591,3,1309,ESCOLA MUNICIPAL FANY MACEDO,NOVO PLANALTO,-10.72276,-48.39957,677,-1,0
2022,713,95591,3,1317,ESCOLA MUNICIPAL PROFESSORA DEASIL AIRES DA SILVA,SETOR CASINHAS,-10.73186,-48.38428,412,-1,0
2022,714,95591,3,1325,ESCOLA ESTADUAL ALCIDES RODRIGUES AIRES,NOVA CAPITAL,-10.68267,-48.4009,2456,-1,0
2022,715,95591,3,1333,ESCOLA MUNICIPAL PAU D'ARCO,ZONA RURAL,-10.42695,-48.6913,132,-1,0
2022,716,95591,3,1341,ESCOLA MUNICIPAL ERCINA MONTEIRO PEREIRA,ZONA RURAL,-10.43999,-48.34731,261,-1,0
2022,717,95591,3,1368,ESCOLA MUNICIPAL FAUSTINO DIAS DOS SANTOS,ZONA RURAL,-10.56011,-48.53969,159,-1,0
2022,718,95591,3,1376,ESCOLA MUNICIPAL VER. MARIETA PEREIRA DE MACEDO,SAO FRANCISCO,-10.72309,-48.3843,549,-1,0
2022,719,95591,3,1406,ESCOLA MUNICIPAL CELSO ALVES MOURÃO,VILA NOVA,-10.69165,-48.40782,1065,-1,0
2022,720,95591,3,1414,"INSTITUTO FEDERAL DE EDUCAÇÃO, CIÊNCIA E TECNOLOGIA DO TOCANTINS-IFTO",JARDIM AMÉRICA,-10.69213,-48.39862,1211,-1,0
2022,721,95591,3,1422,ESCOLA MUNICIPAL JACINTO BISPO ARANTES,distrito de luzimangues,-10.20305,-48.46251,3686,-1,0
2022,722,95591,3,1449,ESCOLA MUNICIPAL EULINA BRAGA,distrito de luzimangues,-10.1627,-48.51934,134,-1,0
2022,723,95591,3,1457,ESCOLA MUNICIPAL MANOEL JOÃO,ZONA RURAL,-10.79726,-48.61404,89,-1,0
2022,724,95699,35,1015,COLÉGIO ESTADUAL 31 DE MARÇO,CENTRO,-9.59605,-46.67493,1532,-1,0
2022,725,95699,35,1031,ESCOLA ESTADUAL REGINA SIQUEIRA CAMPOS,CENTRO,-9.59397,-46.67587,898,-1,0
2022,726,95699,35,1040,ESCOLA MUNICIPAL SANTA LUZIA,ZONA RURAL,-8.96073,-47.22771,78,-1,0
2022,727,95699,35,1058,ESCOLA MUNICIPAL EMA,ZONA RURAL,-9.8205,-46.93856,100,-1,0
2022,728,95699,35,1066,ESCOLA ESTADUAL AYRTON SENNA DA SILVA,DISTRITO DE ALTO BONITO,-9.20641,-47.05086,353,-1,0
2022,729,96032,21,1015,COLÉGIO ESTADUAL  ÍRIO OLIVEIRA SOUSA,CENTRO,-5.25773,-48.20128,1260,-1,0
2022,730,96032,21,1023,ESCOLA MUNICIPAL LETÍCIA CARNEIRO DE SOUSA,CENTRO,-5.26048,-48.20573,928,-1,0
2022,731,96032,21,1031,ESCOLA ESTADUAL DR. PEDRO LUDOVICO SOARES,CENTRO,-5.25989,-48.20703,817,-1,0
2022,732,96032,21,1040,ESCOLA MUNICIPAL ARMANDO ALVES DA SILVA,ZONA RURAL,-5.26547,-48.32667,191,-1,0
2022,733,96130,11,1023,ESCOLA MUNICIPAL SÃO PEDRO - POVOADO SÃO PEDRO,ZONA RURAL,-5.54836,-47.63551,372,-1,0
2022,734,96130,11,1040,ESCOLA MUNICIPAL JARBAS PASSARINHO - POVOADO OLHO D'ÁGUA DO CÔCO,ZONA RURAL,-5.58932,-47.60421,801,-1,0
2022,735,96130,11,1058,ESCOLA ESTADUAL MARECHAL RIBAS JUNIOR,CENTRO,-5.60205,-47.64023,2445,-1,0
2022,736,96130,11,1066,ESCOLA  ESTADUAL TEOTONIO SEGURADO - POVOADO SUMAÚMA,ZONA RURAL,-5.53276,-47.69232,616,-1,0
2022,737,96130,11,1074,ESCOLA MUNICIPAL DUQUE DE CAXIAS,CENTRO,-5.60108,-47.64255,601,-1,0
2022,738,96130,11,1082,UBS - UNIDADE BÁSICA DE SAÚDE - POVOADO BOA ESPERANÇA,ZONA RURAL,-5.62958,-47.65397,298,-1,0
2022,739,96130,11,1104,ESCOLA MUNICIPAL 14 DE OUTUBRO,CENTRO,-5.60353,-47.63839,1371,-1,0
2022,740,96130,11,1139,ESCOLA MUNICIPAL SETE DE SETEMBRO - POVOADO SANTA INÊS,ZONA RURAL,-5.67243,-47.68133,384,-1,0
2022,741,96130,11,1147,ESCOLA MUNICIPAL GETULIO VARGAS - POVOADO JUVERLÂNDIA,ZONA RURAL,-5.5101,-47.74034,403,-1,0
2022,742,96130,11,1163,ESCOLA ESTADUAL MANOEL ESTEVÃO DE SOUZA,CENTRO,-5.60317,-47.6328,403,-1,0
2022,743,96156,17,1015,COLEGIO ESTADUAL PROFESSOR AURELIANO,CENTRO,-12.40466,-46.43934,2032,-1,0
2022,744,96156,17,1023,GRUPO ESCOLAR AGOSTINHO DE ALMEIDA,CENTRO,-12.40709,-46.43458,869,-1,0
2022,745,96156,17,1031,COLEGIO ESTADUAL JUSTINO DE ALMEIDA,CENTRO,-12.40151,-46.43854,1441,-1,0
2022,746,96156,17,1040,GRUPO ESCOLAR ALTAMIRA,ZONA RURAL,-12.15495,-46.45307,471,-1,0
2022,747,96156,17,1058,GRUPO ESCOLAR JOAQUIM JOSE DE ALMEIDA,VILA SANTA MARIA,-12.404,-46.42962,1421,-1,0
2022,748,96156,17,1066,ESCOLA MUNICIPAL LAURA DO CARMO,SETOR NORTE,-12.39884,-46.43844,1641,-1,0
2022,749,96156,17,1074,ESCOLA MUNICIPAL JOSE DE ALMEIDA,SETOR INDUSTRIAL,-12.41203,-46.42614,1266,-1,0
2022,750,96156,17,1082,ESCOLA MUNICIPAL JUVÊNCIA URCINO DE SANTANA,ZONA RURAL,-12.40397,-46.72828,115,-1,0
2022,751,96156,17,1104,ESCOLA MARIA GUEDES LIMA,SETOR BELA VISTA,-12.3974,-46.43216,1181,-1,0
2022,752,96199,5,1015,ESC. EST. ANTONIO BENVINDO DA LUZ,CENTRO,-9.5718,-48.37588,1595,-1,0
2022,753,96199,5,1023,COL. EST. FREI ANTONIO,CENTRO,-9.56939,-48.37896,1086,-1,0
2022,754,96199,5,1031,ESC. EST. INDÍGENA SRÊMTÔWE (ALDEIA PORTEIRA),ALDEIA INDÍGENA,-9.4509,-48.36878,491,-1,0
2022,755,96199,5,1040,ESC. MUN. PROF. CONSTANTINO PEDRO DE CASTRO,VILA PLANALTO,-9.56181,-48.37123,509,-1,0
2022,756,96199,5,1058,ESC. EST. INDÍGENA RIO SONO (ALDEIA RIO SONO),ALDEIA INDÍGENA,-9.5929,-47.92445,158,-1,0
2022,757,96199,5,1066,ESC. EST. INDÍGENA SUZAWRE (ALDEIA BREJO COMPRIDO),ALDEIA INDÍGENA,-9.68329,-48.0915,286,-1,0
2022,758,96199,5,1074,ESC. MUN. ANA ALVES DE BRITO (PALMINHA),ZONA RURAL,-9.83251,-48.10818,248,-1,0
2022,759,96199,5,1090,ESC. EST. INDÍGENA SAKRUIWE (ALDEIA FUNIL),ALDEIA INDÍGENA,-9.64721,-48.37147,251,-1,0
2022,760,96199,5,1104,ESC. MUN. BENVINDO SOUZA LUZ (ÁGUA FRIA II),ZONA RURAL,-9.77294,-48.17765,250,-1,0
2022,761,96210,9,1023,UFT - CAMPUS UNIVERSITÁRIO DE TOCANTINÓPOLIS (CENTRO),SETOR DERGO,-6.32463,-47.42876,2067,-1,0
2022,762,96210,9,1031,COLÉGIO DOM ORIONE,CENTRO,-6.32866,-47.41605,1864,-1,0
2022,763,96210,9,1040,ESCOLA PAROQUIAL CRISTO REI,CEU AZUL,-6.32531,-47.42517,1330,-1,0
2022,764,96210,9,1058,COLÉGIO ESTADUAL DARCY MARINHO,AEROPORTO,-6.32714,-47.42561,1922,-1,0
2022,765,96210,9,1090,ESCOLA ESTADUAL XV DE NOVEMBRO,CENTRO,-6.32897,-47.41648,885,-1,0
2022,766,96210,9,1120,ESCOLA MUNICIPAL MANOEL DE SOUSA LIMA,ZONA RURAL,-6.29616,-47.44207,443,-1,0
2022,767,96210,9,1201,ESCOLA MUNICIPAL 7 DE SETEMBRO,ZONA RURAL,-6.35866,-47.49135,419,-1,0
2022,768,96210,9,1210,ESCOLA MUNICIPAL ALTO DA BOA VISTA II,ALTO DA BOA VISTA I,-6.31909,-47.42007,1875,-1,0
2022,769,96210,9,1236,ESCOLA MUNICIPAL PROF. ANTÔNIO FARIAS,VILA MATILDE,-6.32106,-47.43398,1082,-1,0
2022,770,96210,9,1252,ESCOLA INDÍGENA MANTY'Q SÃO JOSÉ,ALDEIA INDÍGENA,-6.33929,-47.5528,762,-1,0
2022,771,96210,9,1260,ESCOLA ESTADUAL JOSÉ CARNEIRO DE BRITO (PADRÃO),ALTO BONITO,-6.33766,-47.42559,2650,-1,0
2022,772,96210,9,1279,ESCOLA ESTADUAL INDÍGENA TEKATOR,ALDEIA INDÍGENA,-6.2029,-47.45593,314,-1,0
2022,773,96210,9,1287,ESCOLA MUNICIPAL ANTÔNIO FERNANDES DOS SANTOS,ZONA RURAL,-6.25225,-47.46368,132,-1,0
2022,774,96270,6,1023,COLÉGIO ESTADUAL DONA ANAÍDES BRITO MIRANDA,CENTRO,-8.83227,-48.51647,1394,-1,0
2022,775,96270,6,1031,CENTRO DE ENSINO MÉDIO OQUERLINA TORRES,CENTRO,-8.83364,-48.51006,2334,-1,0
2022,776,96270,6,1040,COLÉGIO ESTADUAL ANTONIO ALENCAR LEÃO,CENTRO,-8.84284,-48.50834,1411,-1,0
2022,777,96270,6,1058,ESCOLA ESTADUAL IRINEU ALBANO HENDGES,SETOR AEROPORTO,-8.8515,-48.50383,2464,-1,0
2022,778,96270,6,1066,ESCOLA MUNICIPAL LEÔNCIO DE SOUSA MIRANDA,SETOR PESTANA,-8.82697,-48.50705,1042,-1,0
2022,779,96270,6,1082,COLÉGIO ESTADUAL RAIMUNDO ALENCAR  LEÃO,SETOR UNIVERSITÁRIO,-8.84165,-48.50576,1901,-1,0
2022,780,96270,6,1090,ESCOLA MUNICIPAL SOSSEGO DA MAMÃE,CENTRO,-8.83911,-48.51391,1467,-1,0
2022,781,96270,6,1112,FAG - FACULDADE DE GUARAI,CENTRO,-8.83995,-48.50578,1402,-1,0
2022,782,96270,6,1120,COLÉGIO ESTADUAL JOSÉ DA COSTA SOARES,SETOR PESTANA,-8.82982,-48.50954,1331,-1,0
2022,783,96270,6,1139,APAE - ASSOCIAÇÃO DOS PAIS E AMIGOS DOS EXCEPCIONAIS,SETOR UNIVERSITÁRIO,-8.84101,-48.50575,672,-1,0
2022,784,96270,6,1147,ESCOLA MUNICIPAL PRESIDENTE JK,CENTRO,-8.84698,-48.50537,809,-1,0
2022,785,96270,6,1155,ESCOLA MUNICIPAL LUIZ DE CAMÕES,SETOR NOVA QUERÊNCIA,-8.84895,-48.51826,617,-1,0
2022,786,96296,4,1015,1015 - COLÉGIO ESTADUAL JUSCELINO KUBITSCHEK,CENTRO,-8.53236,-48.50019,1373,-1,0
2022,787,96296,4,1040,ESCOLA MUNICIPAL RAIMUNDO BARBOSA DE SOUSA,CENTRO,-8.53276,-48.50425,1303,-1,0
2022,788,96431,12,1058,CAMARA MUNICIPAL,CENTRO,-6.40884,-48.53816,267,-1,0
2022,789,96431,12,1066,ESCOLA PAROQUIAL SAO MIGUEL,CENTRO,-6.4111,-48.53669,850,-1,0
2022,790,96431,12,1082,CRECHE MUNICIPAL RODOLFO MALINSKI,CENTRO,-6.41149,-48.53731,899,-1,0
2022,791,96431,12,1090,ESCOLA ESTADUAL EURICO MOTA,CENTRO,-6.41224,-48.5333,1641,-1,0
2022,792,96431,12,1104,COLEGIO ESTADUAL JULIANA BARROS,SETOR LESTE,-6.41307,-48.53109,1912,-1,0
2022,793,96431,12,1120,ESCOLA MUNICIPAL FRANCISCO DE OLIVEIRA,BAIXA FRIA,-6.41468,-48.53804,759,-1,0
2022,794,96431,12,1163,ESCOLA MUNICIPAL DOM CORNÉLIO CHIZZINI,SÃO JOSÉ,-6.40676,-48.52986,1446,-1,0
2022,795,96431,12,1171,ESCOLA MUNICIPAL SEVERINO TEIXEIRA ROCHA,TRECHO SECO,-6.42265,-48.53501,454,-1,0
2022,796,96431,12,1180,ESCOLA MUNICIPAL GENÍSIA BERNARDO GRANJEIRO,ZONA RURAL,-6.47475,-48.37738,143,-1,0
2022,797,96490,18,1015,COLÉGIO ESTADUAL  MARIA GUEDES,CENTRO,-13.04237,-48.4069,1190,-1,0
2022,798,96490,18,1082,COLÉGIO ESTADUAL PROFESSORA ONEIDES ROSA DE MOURA,CENTRO,-13.04412,-48.41161,1864,-1,0
2022,799,96490,18,1104,CENTRO MUNICIPAL DE EDUCAÇÃO INFANTIL PEQUENOS BRILHANTES - CMEI,CENTRO,-13.04033,-48.4022,1047,-1,0
2022,800,96490,18,1120,ESCOLA MUNICIPAL ELDA SILVA BARROS,ST ALTO DA BOA VISTA,-13.03867,-48.41248,1425,-1,0
2022,801,96598,3,1015,ESCOLA ESTADUAL JOÃO PIRES QUERIDO,SETOR OESTE,-11.15449,-48.16676,1710,-1,0
2022,802,96598,3,1023,COLÉGIO ESTADUAL JOÃO DA SILVA GUIMARÃES,CENTRO,-11.14655,-48.17162,2564,-1,0
2022,803,96598,3,1031,ESCOLA MUNICIPAL CAMINHO SUAVE,ZONA RURAL,-10.9781,-47.74319,60,-1,0
2022,804,96598,3,1040,ESCOLA MUNICIPAL DIRCEU BONANCIM,ZONA RURAL,-11.16557,-47.82337,152,-1,0
2022,805,96636,31,1015,ESCOLA ESTADUAL HAMEDY CURI QUEIROZ,CENTRO,-7.63271,-48.41962,1382,-1,0
2022,806,96636,31,1023,ESCOLA ESTADUAL DR HELIO DE SOUSA BUENO,CENTRO,-7.63549,-48.42093,2790,-1,0
2022,807,96636,31,1031,ESCOLA MUNICIPAL PEDRO CHICOU DE ALENCAR,CENTRO,-7.63229,-48.42145,1024,-1,0
2022,808,96636,31,1040,ESCOLA MUNICIPAL LADISLAU DE OLIVEIRA,CENTRO,-7.62636,-48.42518,724,-1,0
2022,809,96636,31,1058,ESCOLA MUNICIPAL MARIA LIRA,CENTRO,-7.63837,-48.41841,1027,-1,0
2022,810,96636,31,1090,ESCOLA ADRIANO MARTINS BRILHANTE,ZONA RURAL,-7.74875,-48.3257,247,-1,0
2022,811,96636,31,1104,ESCOLA MUNICIPAL ANTONIO PEREIRA DOS SANTOS,ZONA RURAL,-7.6427,-48.28705,267,-1,0
2022,812,96636,31,1112,CEMEI - ANTÔNIO FILEMON GOMES,CENTRO,-7.63604,-48.42076,361,-1,0
2022,813,96652,27,1015,CENTRO MUNICIPAL DE EDUCAÇÃO INFANTIL PROFESSORA MARIA DARLETE,CENTRO,-6.85277,-47.96121,1900,-1,0
2022,814,96652,27,1023,ESCOLA ESTADUAL DOM PEDRO II,CENTRO,-6.85212,-47.96211,908,-1,0
2022,815,96652,27,1031,COLEGIO ESTADUAL JOSE LUIZ SIQUEIRA,CENTRO,-6.84615,-47.96743,2137,-1,0
2022,816,96652,27,1066,ESCOLA MUNICIPAL CÂNDIDO ARAÚJO,ZONA RURAL,-6.94326,-48.0865,526,-1,0
2022,817,96652,27,1082,ESCOLA MUNICIPAL ENGENHEIRO BERNARDO SAYAO,ZONA RURAL,-7.0877,-48.15953,500,-1,0
2022,818,96652,27,1090,ESCOLA MUNICIPAL JOSÉ HENRIQUE DOS SANTOS,ZONA RURAL,-7.09823,-48.1338,674,-1,0
2022,819,96652,27,1120,ESCOLA MUNICIPAL BOM JESUS,ZONA RURAL,-6.77664,-48.05795,259,-1,0
2022,820,96679,14,1015,COLÉGIO ESTADUAL CÂNDIDO FIGUEIRA,CENTRO,-12.13357,-49.16771,1405,-1,0
2022,821,96679,14,1023,COLÉGIO ESTADUAL ALAIR SENA CONCEIÇÃO,CENTRO,-12.14187,-49.17236,1237,-1,0
2022,822,96679,14,1040,ESCOLA MUNICIPAL PROFESSORA EDILEUZA BARBOSA DA SILVA SANTOS,CENTRO,-12.13771,-49.16528,1803,-1,0
2022,823,96792,23,1015,COLÉGIO ESTADUAL DE RIO SONO,CENTRO,-9.34548,-47.90002,1798,-1,0
2022,824,96792,23,1023,ESCOLA MUNICIPAL TOMÁS DE AQUINO,CENTRO,-9.3475,-47.89099,908,-1,0
2022,825,96792,23,1031,ESCOLA ESTADUAL IMACULADA CONCEIÇÃO,ZONA RURAL,-9.45936,-47.32683,430,-1,0
2022,826,96792,23,1058,ESCOLA MUNICIPAL BERNARDO GUIMARÃES,ZONA RURAL,-9.65787,-47.67907,645,-1,0
2022,827,96792,23,1066,ESCOLA CRISTO REI,ZONA RURAL,-9.81267,-47.81296,186,-1,0
2022,828,96792,23,1112,ESCOLA MUNICIPAL CASTRO ALVES,ZONA RURAL,-9.95846,-47.67373,89,-1,0
2022,829,96830,13,1015,COLÉGIO ESTADUAL CONCEIÇÃO BRITO,CENTRO,-10.7582,-48.9041,3195,-1,0
2022,830,96857,21,1015,ESCOLA ESTADUAL GIRASSOL DE TEMPO INTEGRAL AUGUSTINÓPOLIS,CENTRO,-5.4637,-47.88568,2781,-1,0
2022,831,96857,21,1023,COLEGIO ESTADUAL MANOEL VICENTE DE SOUSA,CENTRO,-5.46866,-47.88472,2974,-1,0
2022,832,96857,21,1031,ESCOLA EMÍLIO MÉDICE,ZONA RURAL,-5.43001,-47.85789,269,-1,0
2022,833,96857,21,1040,ESCOLA MUNICIPAL PRESIDENTE KENNEDY,CENTRO,-5.46341,-47.89039,770,-1,0
2022,834,96857,21,1058,COLÉGIO MILITAR DO ESTADO DO TOCANTINS LA SALLE,BOA VISTA,-5.46864,-47.89382,1911,-1,0
2022,835,96857,21,1066,ESCOLA ESTADUAL SANTA GENOVEVA,CENTRO,-5.476,-47.89265,2200,-1,0
2022,836,96857,21,1074,ESCOLA ESTADUAL FAZENDA 16,ZONA RURAL,-5.50776,-47.9351,466,-1,0
2022,837,96857,21,1090,ESSCOLA MUNICIPAL AGROVILA I,ZONA RURAL,-5.59107,-47.89269,200,-1,0
2022,838,96857,21,1104,CRECHE MUNICIPAL MARIA CAYRES DE ALMEIDA,BOA VISTA,-5.46864,-47.89382,952,-1,1
2022,839,96954,2,1015,COLEGIO DUQUE DE CAXIAS,CENTRO,-11.30377,-48.93871,1555,-1,0
2022,840,96954,2,1023,COLEGIO MUNICIPAL NOSSA SENHORA DO CARMO,CENTRO,-11.30255,-48.93376,1226,-1,0
2022,841,96954,2,1031,COLEGIO ESTADUAL ANITA CASSIMIRO MORENO,SETOR JARDIM ALIANCA,-11.30644,-48.94671,1425,-1,0
2022,842,96970,35,1015,ESCOLA ESTADUAL GIRASSOL DE TEMPO INTEGRAL MEIRA MATOS,AEROPORTO,-9.95543,-47.97801,2105,-1,0
2022,843,96970,35,1023,ESCOLA MUNICIPAL LUZA MACHADO DE MIRANDA,SÃO DOMINGOS,-9.95348,-47.9698,1802,-1,0
2022,844,96997,28,1015,COLEGIO ESTADUAL PRESIDENTE TANCREDO NEVES,CENTRO,-9.83818,-48.72773,2164,-1,0
2022,845,96997,28,1023,ESCOLA MUNICIPAL CRIANÇA FELIZ,VILA NOVA,-9.8421,-48.72654,998,-1,0
2022,846,96997,28,1031,COLEGIO ESTADUAL PRESIDENTE COSTA  E SILVA,CENTRO,-9.83231,-48.72642,1303,-1,0
2024,0,73008,7,1015,COLÉGIO ESTADUAL SÃO PEDRO,CENTRO,-9.6243,-49.1563,1108,-1,0
2024,1,73008,7,1023,ESCOLA MUNICIPAL PAULO FREIRE,ZONA RURAL,-9.27373,-49.58077,159,-1,0
2024,2,73008,7,1031,ESCOLA MUNICIPAL JÚLIO PINHEIRO,CENTRO,-9.62052,-49.15573,1195,-1,0
2024,3,73016,27,1015,ESCOLA ESTADUAL SAO JOSE,CENTRO,-6.76909,-48.29369,1316,-1,0
2024,4,73016,27,1023,ESCOLA MUNICIPAL PADRE ANTONIO,CENTRO,-6.7695,-48.29433,695,-1,0
2024,5,73016,27,1066,ESCOLA MUNICIPAL MONTE SINAI,ZONA RURAL,-6.96498,-48.2544,240,-1,0
2024,6,73016,27,1074,ESCOLA MUNICIPAL GILMAR ALVES BATISTA,ZONA RURAL,-6.94707,-48.19476,219,-1,0
2024,7,73024,27,1015,COLÉGIO ESTADUAL JOÃO XXIII,CENTRO,-6.44177,-48.13952,1362,-1,0
2024,8,73024,27,1023,ESCOLA MUNICIPAL TANCREDO NEVES,ZONA RURAL,-6.50195,-48.05638,919,-1,0
2024,9,73024,27,1031,POSTO DE SAÚDE DO POVOADO SOROROCA,ZONA RURAL,-6.48582,-48.08953,155,-1,0
2024,10,73024,27,1040,ESCOLA MUNICIPAL TIRADENTES,ZONA RURAL,-6.37509,-48.15551,135,-1,0
2024,11,73024,27,1066,ESCOLA MUNICIPAL TEODORO SÁ,CENTRO,-6.44222,-48.13886,757,-1,0
2024,12,73024,27,1074,POSTO DE SAUDE PA CANOA,ZONA RURAL,-6.54891,-48.09952,303,-1,0
2024,13,73032,27,1015,COLEGIO ESTADUAL JOSE DE SOUSA PORTO,CENTRO,-6.71057,-47.7503,2721,-1,0
2024,14,73032,27,1031,ESCOLA MUNICIPAL DOM PEDRO I,ZONA RURAL,-6.93905,-47.60563,121,-1,0
2024,15,73032,27,1040,ESCOLA MUNICIPAL VITOR DIAS,CENTRO,-6.70927,-47.75254,1560,-1,0
2024,16,73032,27,1058,ESCOLA MUNICIPAL MARIA ZILDA PEREIRA ALVES,ZONA RURAL,-6.67149,-47.87092,409,-1,0
2024,17,73040,27,1015,ESCOLA ESTADUAL RAIMUNDO NEIVA DE CARVALHO,CENTRO,-6.60862,-47.5444,3546,-1,0
2024,18,73040,27,1031,ESCOLA MUNICIPAL PADRE JOSIMO,ZONA RURAL,-6.6285,-47.66271,446,-1,0
2024,19,73040,27,1040,ESCOLA MUNICIPAL DUQUE DE CAXIAS,ZONA RURAL,-6.62544,-47.7754,331,-1,0
2024,20,73059,11,1023,ESCOLA MUNICIPAL CONSTANCIA DE MORAES,CENTRO,-5.95186,-47.51137,1327,-1,0
2024,21,73059,11,1031,ESCOLA ESTADUAL PEDRO LUDOVICO TEIXEIRA,CENTRO,-5.94776,-47.50769,1000,-1,0
2024,22,73059,11,1066,SECRETARIA DE SANEAMENTO E MEIO AMBIENTE - SEÇÃO ESPECIAL INDÍGENA,VILA SÃO CRISTOVÃO II,-5.94811,-47.51342,382,-1,0
2024,23,73059,11,1074,CRECHE VOVÓ TIMÓTEA - CMEI TIMÓTEA ALVES DE LIMA,CENTRO,-5.95231,-47.51019,1036,-1,0
2024,24,73067,10,1015,ESCOLA ESTADUAL RAIMUNDO NONATO TORRES,CENTRO,-6.11317,-47.91544,2146,-1,0
2024,25,73075,9,1015,COLÉGIO ESTADUAL DULCE COELHO DE SOUSA,CENTRO,-6.39194,-47.86731,2614,-1,0
2024,26,73075,9,1058,ESCOLA MUNICIPAL RAIMUNDO BARBOSA LIMA,ZONA RURAL,-6.55004,-47.99067,255,-1,0
2024,27,73083,8,1015,ESCOLA ESTADUAL JOÃO AIRES GABRIEL,CENTRO,-7.85933,-47.92871,1663,-1,0
2024,28,73083,8,1023,ESCOLA MUNICIPAL BARNABÉ PEREIRA DO NASCIMENTO,ZONA RURAL,-7.9292,-48.08888,382,-1,0
2024,29,73083,8,1031,ESCOLA MUNICIPAL FIRMINO COELHO DE ARAÚJO,ZONA RURAL,-8.07773,-48.18809,910,-1,0
2024,30,73083,8,1058,ESCOLA MUNICIPAL MARGARIDA OLIVEIRA DE SOUSA,ZONA RURAL,-7.69716,-48.02599,562,-1,0
2024,31,73083,8,1074,ESCOLA MUNICIPAL MENINO JESUS,CENTRO,-7.86132,-47.92963,800,-1,0
2024,32,73091,32,1015,ESCOLA MUNICIPAL DUARTE ARAUJO,ZONA RURAL,-8.30346,-46.97905,181,-1,0
2024,33,73091,32,1031,ESCOLA MUNICIPAL JOSÉ RAMOS DE SOUSA,ZONA RURAL,-8.20791,-46.94961,495,-1,0
2024,34,73091,32,1040,ESCOLA ESTADUAL MANOEL ALVES GRANDE,CENTRO,-7.96707,-46.80817,3632,-1,0
2024,35,73091,32,1058,ESCOLA MUNICIPAL ARCANJO SOARES,ZONA RURAL,-8.0457,-46.48466,195,-1,0
2024,36,73091,32,1074,ESCOLA MUNICIPAL  PROFESSORA SAFIRA CAMÊLO GOMES,CENTRO,-7.97612,-46.80254,2422,-1,0
2024,37,73105,35,1015,ESCOLA ESTADUAL SAGRADO CORAÇÃO DE JESUS,CENTRO,-10.16991,-46.6587,1692,-1,0
2024,38,73105,35,1031,ESCOLA MUNICIPAL MIGUEL RODRIGUES DE SOUSA,ZONA RURAL,-10.13966,-46.49888,179,-1,0
2024,39,73113,35,1015,ESCOLA MUNICIPAL DELCI RIBEIRO BARROS,CENTRO,-10.29848,-47.56566,1504,-1,0
2024,40,73113,35,1023,ESCOLA ESTADUAL SALMON DO AMARAL BRITO,CENTRO,-10.29638,-47.56439,1827,-1,0
2024,41,73121,23,1015,ESCOLA ESTADUAL ALFREDO NASSER,CENTRO,-8.96555,-48.16607,2036,-1,0
2024,42,73121,23,1023,ESCOLA MUNICIPAL MARIA LIMA BARBOSA (GUARDA LUPE),CENTRO,-8.96681,-48.16229,1434,-1,0
2024,43,73121,23,1040,ESCOLA MUNICIPAL SANTA LUZIA,ZONA RURAL,-9.02243,-47.83822,142,-1,0
2024,44,73130,33,1015,COLÉGIO ESTADUAL GIRASSOL DE TEMPO INTEGRAL SANTA MARIA,CENTRO,-8.77467,-47.74614,1895,-1,0
2024,45,73130,33,1023,CENTRO EDUCACIONAL ZEFERINO PEREIRA DA SILVA,CENTRO,-8.77712,-47.74623,752,-1,0
2024,46,73148,22,1015,COLEGIO ESTADUAL DR JOAO D'ABREU,CENTRO,-12.91774,-46.57674,2252,-1,0
2024,47,73156,14,1015,COLÉGIO ESTADUAL NOSSA SENHORA APARECIDA,CENTRO,-12.54325,-49.93193,1551,-1,0
2024,48,73156,14,1023,ESCOLA MUNICIPAL CANTINHO DO SABER,CENTRO,-12.536,-49.9267,1783,-1,0
2024,49,73156,14,1058,COLÉGIO ESTADUAL PADRE JOSÉ DE ANCHIETA - POVOADO DE DORILÂNDIA,DORILÂNDIA,-12.24097,-49.74655,430,-1,0
2024,50,73164,25,1015,ESCOLA ESTADUAL JOAQUIM FRANCISCO DE AZEVEDO,CENTRO,-12.19536,-46.98919,2073,-1,0
2024,51,73172,25,1015,ESCOLA ESTADUAL  JARDIM,CENTRO,-11.82242,-46.62863,1573,-1,0
2024,52,73172,25,1023,ESCOLA MUNICIPAL MYRTHES AIRES SILVA,POVOADO AMARALINA,-11.71344,-46.74161,223,-1,0
2024,53,73172,25,1031,ESCOLA MUNICIPAL PROFESSORA ANORELINA,CENTRO,-11.81976,-46.62557,654,-1,0
2024,54,73180,11,1015,ESCOLA MUNICIPAL BELA VISTA - POVOADO ALTO BONITO,BELA VISTA,-5.54307,-47.51563,790,-1,0
2024,55,73180,11,1023,ESCOLA MUNICIPAL JOAO PESSOA,CENTRO,-5.55617,-47.57697,1467,-1,0
2024,56,73180,11,1031,ESCOLA ESTADUAL BELA VISTA,BELA VISTA,-5.54041,-47.50604,2301,-1,0
2024,57,73180,11,1040,ESCOLA MUNICIPAL JOAO  XXIII - POVOADO GROTA DO MEIO,ZONA RURAL,-5.5481,-47.53678,1537,-1,0
2024,58,73180,11,1058,ESCOLA ESTADUAL SAO MIGUEL,CENTRO,-5.55348,-47.57693,1466,-1,0
2024,59,73180,11,1066,ESCOLA MUNICIPAL GERCINA SILVA DE ABREU,ZONA RURAL,-5.58785,-47.5615,315,-1,0
2024,60,73180,11,1074,ESCOLA MUNICIPAL BOA ESPERANCA - POVOADO IMBIRAL,ZONA RURAL,-5.46817,-47.55939,291,-1,0
2024,61,73180,11,1082,ESCOLA MUNICIPAL RUI BARBOSA - POVOADO BURITI,ZONA RURAL,-5.62686,-47.55779,203,-1,0
2024,62,73180,11,1090,ESCOLA MUNICIPAL SETE BARRACAS,ZONA RURAL,-5.52041,-47.57961,287,-1,0
2024,63,73180,11,1104,ESCOLA MUNICIPAL PESO DURO,ZONA RURAL,-5.59001,-47.52266,303,-1,0
2024,64,73180,11,1120,ESCOLA MUNICIPAL TURMA DA MÔNICA - POVOADO BELA VISTA,BELA VISTA,-5.54132,-47.50384,459,-1,0
2024,65,73199,6,1015,COLÉGIO ESTADUAL MAJOR JUVENAL PEREIRA DE SOUSA,CENTRO,-9.05765,-48.51974,1624,-1,0
2024,66,73199,6,1023,ESC. MUNICIPAL FRANCISCO PINHEIRO DA SILVEIRA,SETOR CENTENARIO,-9.05765,-48.51974,1585,-1,1
2024,67,73202,33,1015,COLEGIO ESTADUAL REZENDE DE ALMEIDA,CENTRO,-8.38464,-48.1074,1890,-1,0
2024,68,73202,33,1023,ESCOLA MUNICIPAL HERMES DA SILVA PIRES,CENTRO,-8.39126,-48.09983,1536,-1,0
2024,69,73210,33,1015,ESCOLA MUNICIPAL GUSTAVO COSTA,CENTRO,-8.95712,-47.33224,922,-1,0
2024,70,73210,33,1023,COLEGIO ESTADUAL OTONIEL CAVALCANTE DE JESUS,CENTRO,-8.95564,-47.33261,1083,-1,0
2024,71,73229,33,1015,ESCOLA ESTADUAL RECURSO I,CENTRO,-8.73762,-47.24193,1863,-1,0
2024,72,73229,33,1023,ESCOLA MUNICIPAL RECURSO,CENTRO,-8.73565,-47.24201,1106,-1,0
2024,73,73237,6,1015,ESCOLA ESTADUAL SÃO TOMÁS DE AQUINO,CENTRO,-8.39525,-48.11534,1926,-1,0
2024,74,73245,4,1015,ESCOLA MUNICIPAL NESTOR PEREIRA DE SOUSA,ZONA RURAL,-8.28871,-48.47104,466,-1,0
2024,75,73245,4,1023,COLÉGIO ESTADUAL SEBASTIÃO RODRIGUES SALES,CENTRO,-8.38898,-48.4857,814,-1,0
2024,76,73245,4,1031,ESCOLA MUNICIPAL PAULO VI,CENTRO,-8.3917,-48.482,714,-1,0
2024,77,73253,4,1015,COLEGIO ESTADUAL ZICO DORNELAS,CENTRO,-8.11946,-49.09356,1104,-1,0
2024,78,73253,4,1040,ESCOLA MUNICIPAL PINGO DE GENTE,CENTRO,-8.12206,-49.09688,1198,-1,0
2024,79,73261,31,1015,ESCOLA MUNICIPAL DOMINGAS RIBEIRO,CENTRO,-7.54006,-49.37153,435,-1,0
2024,80,73261,31,1023,ESCOLA ESTADUAL JUSCELINO KUBSTCHEK DE OLIVEIRA,CENTRO,-7.54118,-49.3701,839,-1,0
2024,81,73261,31,1031,ESCOLA ESTADUAL ULISSES GUIMARAES,CENTRO,-7.53765,-49.36665,1786,-1,0
2024,82,73261,31,1040,ESCOLA MUNICIPAL POLIANA KENIA,ZONA RURAL,-7.48527,-48.86222,338,-1,0
2024,83,73261,31,1058,ESCOLA MUNICIPAL DE 1 GRAU OSVALDO FREITAS,ZONA RURAL,-7.51358,-48.8396,231,-1,0
2024,84,73270,26,1015,ESCOLA ESTADUAL ESTEFANIO TELLES DAS CHAGAS,CENTRO,-10.54609,-46.42188,1160,-1,0
2024,85,73270,26,1023,ESCOLA MUNICIPAL PROFESSORA ERNESTINA VIEIRA SOARES,CENTRO,-10.54456,-46.41793,760,-1,0
2024,86,73270,26,1040,ESCOLA ESTADUAL SILVÉRIO RIBEIRO MATOS,ZONA RURAL,-10.34493,-46.57123,179,-1,0
2024,87,73288,10,1015,COLEGIO ESTADUAL IRMAOS FILGUEIRAS,CENTRO,-6.02658,-47.92433,2589,-1,0
2024,88,73288,10,1023,ESCOLA ESTADUAL ANAIDES BRITO DE MIRANDA,ZONA RURAL,-6.02542,-48.14696,893,-1,0
2024,89,73288,10,1031,ESCOLA MUN. N. SENHORA DA CONSOLAÇÃO,ZONA RURAL,-5.89516,-47.82191,313,-1,0
2024,90,73288,10,1074,ESC. MUNIC. JOÃO PAULO CARNEIRO RODRIGUES,CENTRO,-6.0265,-47.92158,1659,-1,0
2024,91,73296,10,1015,ESCOLA MUNICIPAL BOAS NOVAS,CENTRO,-5.37052,-48.54194,1615,-1,0
2024,92,73296,10,1023,ESCOLA ESTADUAL DOUTOR ULISSES GUIMARAES,ZONA RURAL,-5.31526,-48.46691,1703,-1,0
2024,93,73296,10,1031,COLEGIO ESTADUAL JOAQUINA MARIA DA SILVA,NOVA ESPERANTINA,-5.36523,-48.54646,1149,-1,0
2024,94,73296,10,1040,ESCOLA MUNICIPAL NOVA UNIAO,CENTRO,-5.36304,-48.53641,1266,-1,0
2024,95,73296,10,1058,ESCOLA MUNICIPAL D. PEDRO I,VILA TOCANTINS,-5.31416,-48.46501,882,-1,0
2024,96,73300,2,1015,ESCOLA DE 1. GRAU TARSO DUTRA,CENTRO,-11.88994,-49.16288,1703,-1,0
2024,97,73300,2,1031,ESCOLA MUNICIPAL DIVINA RIBEIRO BORGES,CENTRO,-11.89062,-49.16246,2145,-1,0
2024,98,73318,12,1015,ESCOLA MUNICIPAL JOSE DE ALENCAR,ZONA RURAL,-6.79369,-48.61672,181,-1,0
2024,99,73318,12,1023,ESCOLA ESTADUAL MACHADO DE ASSIS,CENTRO,-6.58163,-48.64333,1494,-1,0
2024,100,73318,12,1031,ESCOLA ESTADUAL SÃO PEDRO,JACILÂNDIA,-6.84741,-48.51673,633,-1,0
2024,101,73318,12,1058,ESCOLA MUNICIPAL CASTRO ALVES,ZONA RURAL,-6.76796,-48.57499,173,-1,0
2024,102,73318,12,1066,CMEI - CENTRO MUNICIPAL DE EDUC. INFANTIL MARIA DE NAZARÉ SILVA COSTA,CENTRO,-6.57975,-48.64265,859,-1,0
2024,103,73318,12,1074,ESCOLA MUNICIPAL TIRADENTES,CENTRO,-6.57942,-48.6441,383,-1,0
2024,104,73326,34,1015,ESCOLA ESTADUAL BARTOLOMEU BUENO DA SILVA,CENTRO,-7.03619,-48.39536,2481,-1,0
2024,105,73334,34,1015,COLEGIO ESTADUAL GETULIO VARGAS,CENTRO,-7.16584,-48.52672,1714,-1,0
2024,106,73334,34,1023,ESCOLA MUNICIPAL INFANTIL CRECHE MARIA MOTA,CENTRO,-7.16803,-48.52356,715,-1,0
2024,107,73334,34,1040,ESCOLA ESTADUAL JOSÉ DOMINGOS CARVALHO BARBOSA,ZONA RURAL,-6.84201,-48.6995,1116,-1,0
2024,108,73334,34,1058,ESCOLA MUNICIPAL JOSÉ MOTA GOMES DA SILVA,ZONA RURAL,-6.83309,-48.82946,588,-1,0
2024,109,73334,34,1066,EXTENSÃO DA ESCOLA MUNICIPAL CIRILO RIBEIRO DA SILVA,ZONA RURAL,-6.69067,-48.69728,429,-1,0
2024,110,73342,34,1015,COLEGIO ESTADUAL MARECHAL COSTA E SILVA,CENTRO,-7.14478,-48.60637,1434,-1,0
2024,111,73342,34,1023,ESCOLA MUNICIPAL DOM PEDRO I,ZONA RURAL,-7.22375,-48.62193,226,-1,0
2024,112,73342,34,1031,ESCOLA MUNICIPAL AIRTON SENA,ZONA RURAL,-7.00683,-48.6472,245,-1,0
2024,113,73342,34,1040,ESCOLA ESTADUAL DE MURICILÂNDIA,CENTRO,-7.14728,-48.60486,1034,-1,0
2024,114,73350,34,1015,ESCOLA ESTADUAL CASTRO ALVES,CENTRO,-7.15382,-48.69281,1273,-1,0
2024,115,73350,34,1023,ESCOLA MUNICIPAL EMMANUEL,ZONA RURAL,-7.09858,-48.70741,452,-1,0
2024,116,73350,34,1031,ESCOLA INDÍGENA MANOEL ACHURÊ,ALDEIA INDIGENA,-7.1504,-49.18278,152,-1,0
2024,117,73350,34,1040,ESCOLA MUNICIPAL SAO PAULO,ZONA RURAL,-6.86979,-49.09896,104,-1,0
2024,118,73350,34,1058,ESCOLA ESTADUAL ANAIDES BRITO MIRANDA,CENTRO,-7.15289,-48.69094,1725,-1,0
2024,119,73350,34,1074,CENTRO DE ENSINO MÉDIO INDÍGENA KARAJÁ XAMBIOÁ - CEMI KARAJÁ,ALDEIA INDIGENA,-7.12578,-49.17849,170,-1,0
2024,120,73350,34,1090,ESCOLA MUNICIPAL EURIPIA PEREIRA LOPES,SETOR PLANALTO,-7.15781,-48.68841,1718,-1,0
2024,121,73369,20,1015,ESCOLA MUNICIPAL PEDRO LUIZ BOMFIM,CENTRO,-12.65169,-48.5944,1182,-1,0
2024,122,73369,20,1023,COLÉGIO ESTADUAL ADELAIDE FRANCISCO SOARES,VILA UNIÃO,-12.6554,-48.58834,1026,-1,0
2024,123,73369,20,1031,ESCOLA MUNICIPAL ANIZIO BRAGA,ZONA RURAL,-12.83938,-48.57776,790,-1,0
2024,124,73369,20,1066,ESCOLA MUNICIPAL LOURENCO BORGES,ZONA RURAL,-12.85583,-48.7618,241,-1,0
2024,125,73377,20,1015,COLÉGIO ESTADUAL OLAVO BILAC,CENTRO,-11.98721,-48.91024,997,-1,0
2024,126,73377,20,1023,ESCOLA MUNICIPAL MACHADO DE ASSIS,setor vitória,-11.98761,-48.91233,738,-1,0
2024,127,73385,13,1015,COLEGIO ESTADUAL LAGOA DA CONFUSAO,CENTRO,-10.7924,-49.62535,3260,-1,0
2024,128,73385,13,1031,COLEGIO MUNICIPAL PEDRO GUERRA,CENTRO,-10.794,-49.62438,2032,-1,0
2024,129,73385,13,1040,COLEGIO MUNICIPAL ASSENTAMENTO LOROTY,ZONA RURAL,-11.17301,-49.87359,893,-1,0
2024,130,73385,13,1058,GRUPO ESCOLAR PROFESSORA DAMIANA DA CUNHA,ALDEIA INDÍGENA,-11.57671,-50.66752,559,-1,0
2024,131,73385,13,1066,ESCOLA ESTADUAL INDÍGENA KUMANA,ALDEIA INDÍGENA,-11.34307,-50.6981,409,-1,0
2024,132,73385,13,1074,ESCOLA MUNICIPAL DONA JÚLIA PELEGRIN,CENTRO,-10.78159,-49.61591,2478,-1,0
2024,133,73385,13,1090,ESCOLA INDÍGENA INY WEBOHONA,ALDEIA INDÍGENA,-10.56777,-49.96031,116,-1,0
2024,134,73385,13,1104,IFTO - INSTITUTO FEDERAL DE EDUCAÇÃO CIÊNCIA E TECNOLOGIA DO TOCANTINS,LAGOA DA ILHA,-10.8004,-49.62899,441,-1,0
2024,135,73393,18,1015,COLÉGIO ESTADUAL PORTO DO RIO MARANHÃO,CENTRO,-12.74752,-48.23802,1241,-1,0
2024,136,73393,18,1023,COLÉGIO ESTADUAL RETIRO,POVOADO RETIRO,-12.61022,-48.28356,928,-1,0
2024,137,73393,18,1090,COLÉGIO MUNICIPAL BRASIL PARA TODOS,CENTRO,-12.74783,-48.23966,619,-1,0
2024,138,73407,5,1015,ESCOLA MUN. SEBASTIÃO DE SALES MONTEIRO,CENTRO,-9.75253,-48.35633,1537,-1,0
2024,139,73407,5,1023,COL. EST. NOSSA SENHORA DA PROVIDENCIA,CENTRO,-9.75341,-48.35823,867,-1,0
2024,140,73407,5,1031,ESC. MUN. JK (POV. PEDREIRA),ZONA RURAL,-9.92678,-48.26611,574,-1,0
2024,141,73407,5,1040,CRAS - CENTRO DE REFERENCIA DE ASSISTENCIA SOCIAL,SETOR AEROPORTO,-9.75996,-48.35921,632,-1,0
2024,142,73415,28,1015,ESCOLA ESTADUAL VALDECY PINHEIRO,CENTRO,-9.34148,-48.53467,1743,-1,0
2024,143,73415,28,1023,ESCOLA MUNICIPAL ILANNA TAVARES DA COSTA,SETOR JABAQUARA,-9.34431,-48.538,931,-1,0
2024,144,73423,21,1015,ESCOLA MUNICIPAL ALINE MARTINS DE SOUSA,CENTRO,-5.31915,-48.03941,804,-1,0
2024,145,73423,21,1023,ESCOLA ESTADUAL INÊS VIANA COSTA,ZONA RURAL,-5.40734,-48.00685,662,-1,0
2024,146,73423,21,1031,ESCOLA ESTADUAL CÍCERO GOMES DE JESUS,CENTRO,-5.32355,-48.03501,1262,-1,0
2024,147,73423,21,1040,ESCOLA MUNICIPAL JOÃO FIRMINO SANTOS,ZONA RURAL,-5.41109,-47.99968,400,-1,0
2024,148,73423,21,1058,ESCOLA MUNICIPAL JOÃO DEMETIL TOBIAS,ZONA RURAL,-5.38437,-48.05159,565,-1,0
2024,149,73431,25,1015,ESCOLA ESTADUAL VIRGILIO FERREIRA DE FRANCA,CENTRO,-11.39653,-46.8853,1212,-1,0
2024,150,73431,25,1023,ESCOLA MUNICIPAL PROFESSOR AURELINO RODRIGUES DE ARAÚJO,CENTRO,-11.40105,-46.88306,1035,-1,0
2024,151,73440,29,1015,COLÉGIO ESTADUAL FREDERICO PEDREIRA NETO,CENTRO,-10.18761,-48.32406,3519,-1,0
2024,152,73440,29,1023,CENTRO DE ENSINO MÉDIO SANTA RITA DE CÁSSIA,JARDIM AURENY I,-10.31794,-48.29929,5286,-1,0
2024,153,73440,29,1058,ESCOLA MUNICIPAL THIAGO BARBOSA,JARDIM AURENY II,-10.32761,-48.30169,3754,-1,0
2024,154,73440,29,1082,COLÉGIO ESTADUAL DUQUE DE CAXIAS,TAQUARUÇU,-10.3207,-48.15411,2520,-1,0
2024,155,73440,29,1104,ESCOLA MUNICIPAL DE TEMPO INTEGRAL LUIZ NUNES DE OLIVEIRA,BURITIRANA,-10.25213,-47.8882,988,-1,0
2024,156,73440,29,1112,ESCOLA MUNICIPAL BENEDITA GALVÃO,SETOR BELA VISTA,-10.35022,-48.29092,3278,-1,0
2024,157,73440,29,1120,ESCOLA MUNICIPAL ESTEVÃO CASTRO,JARDIM AURENY III,-10.31459,-48.31886,3412,-1,0
2024,158,73440,29,1139,ESCOLA MUNICIPAL CRISPIM PEREIRA ALENCAR,TAQUARUÇU,-10.31645,-48.15421,1720,-1,0
2024,159,73440,29,1147,COLÉGIO ESTADUAL DOM ALANO MARIE DU NODAY,CENTRO,-10.19528,-48.31899,3384,-1,0
2024,160,73440,29,1155,ESCOLA ESTADUAL LIBERDADE,JARDIM AURENY III,-10.31061,-48.31461,3766,-1,0
2024,161,73440,29,1163,ESCOLA ESTADUAL NOVO HORIZONTE,JARDIM AURENY IV,-10.3062,-48.3009,4447,-1,0
2024,162,73440,29,1171,COLÉGIO ESTADUAL CRIANÇA ESPERANÇA,PLANO DIRETOR NORTE,-10.16889,-48.33966,3039,-1,0
2024,163,73440,29,1180,ESCOLA ESTADUAL VILA UNIÃO,PLANO DIRETOR NORTE,-10.16536,-48.34775,2656,-1,0
2024,164,73440,29,1198,CENTRO DE ENSINO MÉDIO TIRADENTES,PLANO DIRETOR SUL,-10.23304,-48.32168,3953,-1,0
2024,165,73440,29,1201,ESCOLA ESTADUAL SANTA FÉ,SETOR SANTA FE,-10.32527,-48.29565,2040,-1,0
2024,166,73440,29,1210,ESCOLA ESTADUAL VALE DO SOL,SETOR VALE DO SOL,-10.3343,-48.28454,2378,-1,0
2024,167,73440,29,1228,COLEGIO MILITAR DO ESTADO DO TOCANTINS - SENADOR ANTONIO LUIZ MAYA,CENTRO,-10.177,-48.31722,3467,-1,0
2024,168,73440,29,1244,COLÉGIO ULBRA PALMAS,CENTRO,-10.18344,-48.31476,4654,-1,0
2024,169,73440,29,1252,COLÉGIO  ESTADUAL SÃO JOSÉ,PLANO DIRETOR SUL,-10.25301,-48.32173,4311,-1,0
2024,170,73440,29,1260,ESCOLA MUNICIPAL LUIZ GONZAGA,PLANO DIRETOR NORTE,-10.15674,-48.32788,2416,-1,0
2024,171,73440,29,1279,MAPLE BEAR PALMAS,PLANO DIRETOR SUL,-10.22783,-48.3349,3069,-1,0
2024,172,73440,29,1287,ESCOLA MUNICIPAL DE TEMPO INTEGRAL VINÍCIUS DE MORAES,PLANO DIRETOR SUL,-10.22459,-48.32071,3801,-1,0
2024,173,73440,29,1295,ESCOLA MUNICIPAL DARCY RIBEIRO,PLANO DIRETOR SUL,-10.24013,-48.32684,2781,-1,0
2024,174,73440,29,1309,ESCOLA MUNICIPAL DEGRAUS DO SABER,PLANO DIRETOR SUL,-10.24594,-48.32747,1525,-1,0
2024,175,73440,29,1317,ESCOLA MUNICIPAL ANTÔNIO CARLOS JOBIM,PLANO DIRETOR SUL,-10.25691,-48.32109,3298,-1,0
2024,176,73440,29,1325,ESCOLA MUNICIPAL PASTOR PAULO LEIVAS MACALÃO,PLANO DIRETOR NORTE,-10.16067,-48.34873,2247,-1,0
2024,177,73440,29,1333,ESCOLA MUNICIPAL PAULO FREIRE,PLANO DIRETOR NORTE,-10.16749,-48.34445,2941,-1,0
2024,178,73440,29,1341,CMEI PEQUENOS BRILHANTES,PLANO DIRETOR NORTE,-10.16375,-48.33873,1493,-1,0
2024,179,73440,29,1350,ESCOLA MUNICIPAL DE TEMPO INTEGRAL MONSENHOR PEDRO PEREIRA PIAGEM,PLANO DIRETOR NORTE,-10.16875,-48.32205,3377,-1,0
2024,180,73440,29,1368,ESCOLA MUNICIPAL DE TEMPO INTEGRAL CORA CORALINA,PLANO DIRETOR NORTE,-10.15284,-48.32662,3604,-1,0
2024,181,73440,29,1376,ESCOLA MUNICIPAL ANNE FRANK,CENTRO,-10.17944,-48.31108,1609,-1,0
2024,182,73440,29,1384,ESCOLA MUNICIPAL HENRIQUE TALONE PINHEIRO,CENTRO,-10.19405,-48.31034,1979,-1,0
2024,183,73440,29,1392,ESCOLA MUNICIPAL DE TEMPO INTEGRAL OLGA BENÁRIO,PLANO DIRETOR SUL,-10.21876,-48.34236,3741,-1,0
2024,184,73440,29,1406,ESCOLA MUNICIPAL ROSEMIR FERNANDES DE SOUZA,JARDIM AURENY III,-10.32243,-48.31911,3188,-1,0
2024,185,73440,29,1414,ESCOLA MUNICIPAL AURÉLIO BUARQUE DE HOLANDA,JARDIM AURENY I,-10.31732,-48.30176,2704,-1,0
2024,186,73440,29,1422,COLÉGIO MARISTA DE PALMAS,CENTRO,-10.19099,-48.31262,4475,-1,0
2024,187,73440,29,1430,ESCOLA MUNICIPAL JORGE AMADO,SETOR SANTA FE,-10.33312,-48.29789,2751,-1,0
2024,188,73440,29,1449,ESCOLA ESTADUAL SETOR SUL,SETOR SUL,-10.34163,-48.29621,2594,-1,0
2024,189,73440,29,1465,COLÉGIO OBJETIVO,PLANO DIRETOR SUL,-10.20864,-48.33212,3778,-1,0
2024,190,73440,29,1481,COLÉGIO MADRE CLÉLIA MERLONI,CENTRO,-10.18008,-48.3111,2268,-1,0
2024,191,73440,29,1511,CENTRO DE ENSINO MÉDIO CASTRO ALVES,PLANO DIRETOR NORTE,-10.16471,-48.34524,3507,-1,0
2024,192,73440,29,1520,ESCOLA MUNICIPAL MONTEIRO LOBATO,PLANO DIRETOR SUL,-10.2449,-48.32029,3241,-1,0
2024,193,73440,29,1554,ESCOLA MUNICIPAL DE TEMPO INTEGRAL MARCOS FREIRE,ZONA RURAL,-10.35835,-48.18789,417,-1,0
2024,194,73440,29,1570,CENTRO DE ENSINO MÉDIO DE TAQUARALTO,TAQUARALTO,-10.3345,-48.29294,4455,-1,0
2024,195,73440,29,1660,CENTRO MUNICIPAL DE EDUCAÇÃO INFANTIL SONHO ENCANTADO,PLANO DIRETOR SUL,-10.24986,-48.32548,1710,-1,0
2024,196,73440,29,1694,COLÉGIO ALBERT EINSTEIN,PLANO DIRETOR SUL,-10.22921,-48.32122,2752,-1,0
2024,197,73440,29,1724,ESCOLA MUNICIPAL MESTRE PACÍFICO SIQUEIRA CAMPOS,PLANO DIRETOR NORTE,-10.15547,-48.34518,2442,-1,0
2024,198,73440,29,1759,ESCOLA ADVENTISTA DE PALMAS,CENTRO,-10.19493,-48.31149,1167,-1,0
2024,199,73440,29,1767,IFTO - INSTITUTO FEDERAL DE EDUCAÇÃO CIÊNCIA E TECNOLOGIA DO TOCANTINS,CENTRO,-10.19849,-48.31185,2402,-1,0
2024,200,73440,29,1783,COLÉGIO BATISTA DE PALMAS,PLANO DIRETOR SUL,-10.22711,-48.32702,2261,-1,0
2024,201,73440,29,1791,ESCOLA MUNICIPAL DE TEMPO INTEGRAL DANIEL BATISTA,PLANO DIRETOR NORTE,-10.16538,-48.30843,2659,-1,0
2024,202,73440,29,1813,ESCOLA MUNICIPAL MARIA JULIA AMORIM SOARES RODRIGUES,JARDIM AURENY III,-10.32413,-48.32179,3632,-1,0
2024,203,73440,29,1848,ESCOLA MUNICIPAL DE TEMPO INTEGRAL SANTA BÁRBARA,SETOR SANTA BARBARA,-10.33774,-48.30526,4533,-1,0
2024,204,73440,29,1856,ESCOLA MUNICIPAL MARIA ROSA DE CASTRO SALES,SETOR MORADA DO SOL,-10.34212,-48.28691,2987,-1,0
2024,205,73440,29,1864,CENTRO EDUCACIONAL SÃO FRANCISCO DE ASSIS,CENTRO,-10.1839,-48.31863,2745,-1,0
2024,206,73440,29,1970,ESCOLA MUNICIPAL BEATRIZ RODRIGUES DA SILVA,PLANO DIRETOR NORTE,-10.16275,-48.34084,2921,-1,0
2024,207,73440,29,1988,ESCOLA MUNICIPAL ANTONIO GONÇALVES DE CARVALHO FILHO,PLANO DIRETOR SUL,-10.25171,-48.34035,3551,-1,0
2024,208,73440,29,1996,EMTI - PROFESSOR FIDÊNCIO BOGO,ZONA RURAL,-10.24399,-48.22177,898,-1,0
2024,209,73440,29,2011,ESCOLA MUNICIPAL DE TEMPO INTEGRAL PADRE JOSIMO TAVARES,PLANO DIRETOR NORTE,-10.17076,-48.33497,2239,-1,0
2024,210,73440,29,2020,ESCOLA ESTADUAL MARIA DOS REIS ALVES BARROS,JARDIM TAQUARI,-10.34527,-48.33848,4453,-1,0
2024,211,73440,29,2038,ESCOLA MUNICIPAL PROFESSORA FRANCISCA BRANDÃO RAMALHO,PLANO DIRETOR SUL,-10.25626,-48.32452,2704,-1,0
2024,212,73440,29,2046,ESCOLA MUNICIPAL DE TEMPO INTEGRAL EURÍDICE FERREIRA DE MELLO,JARDIM AURENY III,-10.31257,-48.32089,4208,-1,0
2024,213,73440,29,2097,ESCOLA MUNICIPAL DE TEMPO INTEGRAL CAROLINE CAMPELO CRUZ DA SILVA,SETOR SANTA FÉ 2º ETAPA,-10.33225,-48.28731,1941,-1,0
2024,214,73440,29,2119,ESCOLA MUNICIPAL MARIA VERÔNICA ALVES DE SOUSA,JARDIM AURENY IV,-10.30179,-48.30383,1989,-1,0
2024,215,73440,29,2127,ESCOLA MUNICIPAL SÁVIA FERNANDES JÁCOME,SETOR BELA VISTA,-10.35171,-48.29495,1297,-1,0
2024,216,73440,29,2135,ESCOLA MUNICIPAL LÚCIA SALES PEREIRA RAMOS,JARDIM TAQUARI,-10.34234,-48.34067,2236,-1,0
2024,217,73440,29,2186,COLÉGIO PRESBITERIANO MACKENZIE PALMAS,PLANO DIRETOR SUL,-10.18747,-48.31958,2569,-1,0
2024,218,73440,29,2194,ETI ESTADUAL PROFESSORA ELIZÂNGELA GLÓRIA CARDOSO,PLANO DIRETOR SUL,-10.20723,-48.33646,5536,-1,0
2024,219,73440,29,2216,EMTI - COLÉGIO FORÇAS NO ESPORTE ALMIRANTE TAMANDARÉ,PLANO DIRETOR SUL,-10.26724,-48.32351,2377,-1,0
2024,220,73440,29,2224,EMTI - ANÍSIO SPÍNOLA TEIXEIRA,SETOR BERTAVILLE,-10.296,-48.3142,3725,-1,0
2024,221,73440,29,2232,EMTI - LUIZ RODRIGUES MONTEIRO,TAQUARALTO,-10.33511,-48.29425,259,-1,0
2024,222,73440,29,2240,CEMIL - PROFESSORA MARGARIDA LEMOS GONÇALVES,SETOR LAGO SUL,-10.33132,-48.32001,882,-1,0
2024,223,73440,29,2259,FACULDADE CATÓLICA DO TOCANTINS,PLANO DIRETOR SUL,-10.27034,-48.33224,339,-1,0
2024,224,73440,29,2267,COLÉGIO ESTADUAL GIRASSOL DE TEMPO INTEGRAL RACHEL DE QUEIROZ,JARDIM AURENY III,-10.32123,-48.31884,370,-1,0
2024,225,73440,29,2283,CENTRO MUNICIPAL DE EDUCAÇÃO INFANTIL FONTES DO SABER,JARDIM TAQUARI,-10.34876,-48.33547,1094,-1,0
2024,226,73440,29,2305,CMEI VITÓRIA-RÉGIA,JARDIM VITÓRIA1,-10.35998,-48.31738,156,-1,0
2024,227,73440,29,2313,CENTRO MUNICIPAL DE EDUCACAO INFANTIL SITIO DO PICA-PAU AMARELO,JARDIM AURENY IV,-10.30015,-48.30718,78,-1,0
2024,228,73440,29,2321,CENTRO MUNICIPAL DE EDUCACAO INFANTIL SONHO DE CRIANCA,SETOR MORADA DO SOL,-10.34416,-48.28229,106,-1,0
2024,229,73440,29,2348,CENTRO MUNICIPAL DE EDUCACAO INFANTIL CANTINHO DA ALEGRIA,SETOR SANTA BARBARA,-10.33959,-48.30557,97,-1,0
2024,230,73440,29,2356,INSTITUTO PRESBITERIANO EDUCACIONAL E SOCIAL - IPES,PLANO DIRETOR SUL,-10.2256,-48.31876,193,-1,0
2024,231,73440,29,2429,UNIVERSIDADE DO ESTADO DO TOCANTINS - UNITINS,PLANO DIRETOR NORTE,-10.16901,-48.34168,59,-1,0
2024,232,73440,29,2437,CENTRO MUNICIPAL DE EDUCACAO INFANTIL CIRANDA CIRANDINHA,PLANO DIRETOR NORTE,-10.16909,-48.3394,126,-1,0
2024,233,73458,23,1015,ESCOLA ESTADUAL GIRASSOL DE TEMPO INTEGRAL MARIA DA GLÓRIA,CENTRO,-8.97489,-48.19126,1896,-1,0
2024,234,73466,13,1015,ESCOLA ESTADUAL RIACHUELO,CENTRO,-10.71062,-48.90586,964,-1,0
2024,235,73466,13,1023,ESCOLA MUNICIPAL COMANDANTE SILVINO MASCARENHAS REIS,CENTRO,-10.7102,-48.90699,829,-1,0
2024,236,73474,13,1015,ESCOLA MUNICIPAL AMERICA ALVES DE OLIVEIRA,CENTRO,-10.14189,-49.17744,1595,-1,0
2024,237,73474,13,1023,CMEI RICARDO AIRES,CENTRO,-10.14347,-49.18013,957,-1,0
2024,238,73482,19,1015,COLÉGIO ESTADUAL FULGÊNCIO NUNES,CENTRO,-11.61344,-47.74971,2236,-1,0
2024,239,73482,19,1058,ESCOLA MUNICIPAL MARCOLINA PINTO RABELO,CENTRO,-11.61618,-47.75194,931,-1,0
2024,240,73504,14,1015,COLÉGIO ESTADUAL DE TALISMÃ,CENTRO,-12.80073,-49.09144,1334,-1,0
2024,241,73504,14,1023,ESCOLA MUNICIPAL VILA UNIÃO,VILA UNIAO,-12.39505,-48.817,284,-1,0
2024,242,73504,14,1031,ESCOLA MUNICIPAL ANTÔNIA DOS REIS RODRIGUES BATISTA,CENTRO,-12.79518,-49.09148,856,-1,0
2024,243,73504,14,1058,ESCOLA MUNICIPAL MORRO ALEGRE - PA TALISMÃ,ZONA RURAL,-12.69926,-49.25033,216,-1,0
2024,244,73512,9,1015,COLÉGIO ESTADUAL NAZARÉ NUNES DA SILVA,CENTRO,-6.5601,-47.47756,4073,-1,0
2024,245,73520,9,1015,ESCOLA ESTADUAL JUSCELINO KUBITSCHEK DE OLIVEIRA,CENTRO,-6.19045,-47.85315,2606,-1,0
2024,246,73539,9,1015,ESCOLA ESTADUAL DR. JOSE FELICIANO FERREIRA,CENTRO,-6.43563,-47.6733,1613,-1,0
2024,247,73539,9,1040,ESCOLA MUNICIPAL SAO PEDRO,ZONA RURAL,-6.4548,-47.73135,538,-1,0
2024,248,73547,3,1023,ESCOLA MUNICIPAL RURAL MENINO JESUS,ZONA RURAL,-11.03462,-49.5908,717,-1,0
2024,249,73547,3,1031,ESCOLA ESTADUAL BOA NOVA,CENTRO,-10.86594,-48.90944,1479,-1,0
2024,250,73555,2,1015,COLEGIO MUNICIPAL DE CRIXAS,CENTRO,-11.10385,-48.91835,990,-1,0
2024,251,73555,2,1023,COLÉGIO ESTADUAL OLAVO BILAC,CENTRO,-11.10273,-48.91924,878,-1,0
2024,252,73563,7,1015,ESCOLA MUNICIPAL JOSE BENICIO MARIZ,CENTRO,-10.00551,-48.99472,1137,-1,0
2024,253,73563,7,1023,ESCOLA MUNICIPAL TOCANTINS,CAMPINA VERDE,-9.97049,-49.03991,1471,-1,0
2024,254,73571,7,1015,COLÉGIO ESTADUAL DARCY RIBEIRO,CENTRO,-10.42587,-48.89343,1125,-1,0
2024,255,73571,7,1031,ESCOLA MUNICIPAL JOSÉ BATISTA MACIEL BASTOS,CENTRO,-10.42436,-48.89554,1136,-1,0
2024,256,73580,31,1023,ESCOLA MUNICIPAL FRANCISCO DIVINO VASCONCELOS,CENTRO,-7.75982,-48.5758,868,-1,0
2024,257,73580,31,1031,ESCOLA ESTADUAL ARCELINO FRANCISCO DO NASCIMENTO,CENTRO,-7.75723,-48.57634,1401,-1,0
2024,258,73580,31,1040,ESCOLA MUNICIPAL OSMAR FRANCISCO GONZAGA,ZONA RURAL,-7.74658,-48.67594,364,-1,0
2024,259,73580,31,1058,ESCOLA MUNICIPAL NOSSA SENHORA DA CONCEICAO,ZONA RURAL,-7.90467,-48.56112,189,-1,0
2024,260,73598,3,1023,ESCOLA MUNICIPAL MARIA ANGÉLICA MARTINS DE SOUSA,ZONA RURAL,-11.04901,-48.43014,670,-1,0
2024,261,73598,3,1031,ESCOLA ESTADUAL ANA DE SOUZA PAIVA (ANTIGO COL. EST. FELIX CAMOA II),CENTRO,-11.23908,-48.44358,1371,-1,0
2024,262,73601,17,1015,COLEGIO ESTADUAL DA LAVANDEIRA,CENTRO,-12.78801,-46.50482,2053,-1,0
2024,263,73610,32,1015,ESCOLA ESTADUAL BREJÃO,ZONA RURAL,-7.84944,-47.53951,1232,-1,0
2024,264,73610,32,1031,ESCOLA MUNICIPAL NEMÉZIO MENDES DE MIRANDA,ZONA RURAL,-7.49105,-47.52278,340,-1,0
2024,265,73610,32,1040,ESCOLA ESTADUAL PROFESSOR VICENTE JOSÉ VIEIRA,CENTRO,-7.71436,-47.67231,2484,-1,0
2024,266,92002,4,1015,COLÉGIO ESTADUAL BERNARDO SAYÃO,CENTRO,-7.87861,-48.89574,1271,-1,0
2024,267,92002,4,1031,ESCOLA MUNICIPAL SIMÃO ALVES MOURA,ZONA RURAL,-7.96703,-49.15532,320,-1,0
2024,268,92002,4,1040,ESCOLA MUNICIPAL TANCREDO DE ALMEIDA NEVES,ZONA RURAL,-8.06588,-48.87694,443,-1,0
2024,269,92002,4,1058,ESCOLA MUNICIPAL EVERTON DE ALMEIDA JÚNIOR,ZONA RURAL,-7.94239,-49.06907,203,-1,0
2024,270,92002,4,1066,ESCOLA MUNICIPAL CRIANÇA FELIZ,CENTRO,-7.8783,-48.89484,1334,-1,0
2024,271,92045,10,1015,ESCOLA ESTADUAL MINISTRO NEY BRAGA,ZONA RURAL,-5.34271,-48.19098,536,-1,0
2024,272,92045,10,1023,COLEGIO ESTADUAL BURITI,CENTRO,-5.31608,-48.22698,1886,-1,0
2024,273,92045,10,1031,ESCOLA ESTADUAL DARCINOPOLIS,FERREIROPOLIS,-5.359,-48.10694,758,-1,0
2024,274,92045,10,1040,ESCOLA ESTADUAL VICENTE CARLOS DE SOUSA,CENTRO,-5.31776,-48.2261,2342,-1,0
2024,275,92045,10,1058,ESCOLA ESTADUAL TANCREDO NEVES,CENTRO,-5.31741,-48.23206,1174,-1,0
2024,276,92070,19,1040,ESCOLA MUNICIPAL RAIMUNDO CORDEIRO DE OLIVEIRA,SETOR MONJOLO,-11.56575,-47.17282,815,-1,0
2024,277,92070,19,1058,COLEGIO ESTADUAL DR ABNER DE ARAUJO PACINI,CENTRO,-11.57834,-47.17479,1607,-1,0
2024,278,92070,19,1066,ESCOLA ESTADUAL DEOCLIDES MUNIZ,CENTRO,-11.56938,-47.16555,2424,-1,0
2024,279,92070,19,1074,ESCOLA ARI  PEREIRA BORGES,SETOR AEROPORTO,-11.56526,-47.16904,772,-1,0
2024,280,92088,28,1015,COLÉGIO ESTADUAL TRAJANO DE ALMEIDA,CENTRO,-9.27524,-49.95429,2218,-1,0
2024,281,92088,28,1023,ESCOLA ESTADUAL JOSÉ ALVES DE ASSIS,CENTRO,-9.2713,-49.96054,1763,-1,0
2024,282,92134,14,1015,COLÉGIO ESTADUAL DE ALVORADA - CEA,CENTRO,-12.47916,-49.12443,1398,-1,0
2024,283,92134,14,1031,COLÉGIO MILITAR DO ESTADO DO TOCANTINS ADJÚLIO BALTHAZAR,CENTRO,-12.48403,-49.12481,983,-1,0
2024,284,92134,14,1104,COLÉGIO ESTADUAL ANA MARIA DE JESUS,CENTRO,-12.4866,-49.12109,915,-1,0
2024,285,92134,14,1112,ESCOLA MUNICIPAL DIVINA GOMES DA SILVEIRA COSTA,SANTA ANGELA,-12.47301,-49.12576,775,-1,0
2024,286,92134,14,1120, ESCOLA MUNICIPAL GERALDO OLIVEIRA COSTA,VILA MUTIRAO,-12.48143,-49.13052,1456,-1,0
2024,287,92134,14,1139,ESCOLA MUNICIPAL PROFESSORA FILOMENA ROCHA SOARES,CENTRO,-12.47681,-49.12392,1092,-1,0
2024,288,92134,14,1147,ESCOLA MUNICIPAL LIOMAR DE SOUZA BARROS,ALVORADINHA,-12.4704,-49.11987,482,-1,0
2024,289,92134,14,1171,CENTRO DE REFERÊNCIA DE ASSISTÊNCIA SOCIAL - CRAS,CENTRO,-12.47934,-49.12367,872,-1,0
2024,290,92142,22,1015,ESCOLA ESTADUAL GIRASSOL DE TEMPO INTEGRAL COMBINADO,CENTRO,-12.81676,-46.54995,1981,-1,0
2024,291,92142,22,1023,COLEGIO ESTADUAL JOAQUIM DE SENA E SILVA,CENTRO,-12.8144,-46.54551,1985,-1,0
2024,292,92185,7,1201,ESCOLA ESTADUAL DONA CÂNDIDA DE FREITAS,SETOR AEROPORTO,-9.79877,-49.20825,1672,-1,0
2024,293,92185,7,1228,COLÉGIO ESTADUAL JOÃO DIAS SOBRINHO,CENTRO,-9.79986,-49.21547,1606,-1,0
2024,294,92185,7,1236,ESCOLA MUNICIPAL JOSÉ RIBAMAR BARBOSA,SETOR SOL NASCENTE,-9.79703,-49.20291,1032,-1,0
2024,295,92185,7,1244,ESCOLA MUNICIPAL ISABEL CARLOS WANDERLEY,SETOR FERNANDINHO,-9.80827,-49.21753,1093,-1,0
2024,296,92185,7,1252,CMEI - NOSSA SENHORA DO CARMO,CENTRO,-9.80397,-49.21468,383,-1,0
2024,297,92193,12,1015,ESCOLA PAROQUIAL SAO PEDRO,CENTRO,-6.3659,-48.07324,1624,-1,0
2024,298,92193,12,1023,ESCOLA MUNICIPAL LEONTINO PEREIRA DE SOUSA,CENTRO,-6.37125,-48.06854,1170,-1,0
2024,299,92193,12,1031,COLÉGIO ESTADUAL GETULIO VARGAS,CENTRO,-6.36436,-48.07297,1683,-1,0
2024,300,92193,12,1066,ESCOLA ESTADUAL PRESIDENTE COSTA E SILVA,POVOADO SÃO JOÃO,-6.3017,-48.29465,375,-1,0
2024,301,92193,12,1090,ESCOLA MUNICIPAL JOÃO DIAS BORGES,CENTRO,-6.36572,-48.07157,866,-1,0
2024,302,92193,12,1139,CEM - CENTRO DE ENSINO MÉDIO CABO APARÍCIO ARAÚJO PAZ,MANGUEIRA,-6.37,-48.08189,1552,-1,0
2024,303,92193,12,1155,POLO DA UNIVERSIDADE ABERTA DO BRASIL,CHAPADINHA I,-6.37314,-48.07429,410,-1,0
2024,304,92240,16,1023,COLÉGIO ESTADUAL ANTENOR BARREIRA,CENTRO,-8.77604,-48.93342,1429,-1,0
2024,305,92240,16,1031,ESCOLA ESTADUAL MORRO DO MATO,SETOR PALMEIRAS,-8.77043,-48.93729,1486,-1,0
2024,306,92240,16,1040,ESCOLA ESTADUAL CIDADE LEER,ZONA RURAL,-8.73593,-48.75265,265,-1,0
2024,307,92240,16,1066,ESCOLA MUNICIPAL ANTONIO COELHO RIBEIRO,ZONA RURAL,-8.73593,-48.75265,207,-1,0
2024,308,92240,16,1074,ESCOLA MUNICIPAL DR. JOSÉ RODRIGUES FERREIRA,CENTRO,-8.77624,-48.93515,532,-1,0
2024,309,92240,16,1082,CRECHE MUNICIPAL EDILEUZA MARIA ARAUJO,CENTRO,-8.77322,-48.93235,615,-1,0
2024,310,92304,7,1201,COLÉGIO ESTADUAL DAVID BARBOSA ROLINS,CENTRO,-9.80067,-49.65611,1696,-1,0
2024,311,92304,7,1210,ESCOLA MUNICIPAL AMAZILIO DE SOUZA RIBEIRO,CENTRO,-9.7933,-49.65439,1151,-1,0
2024,312,92304,7,1228,ESCOLA MUNICIPAL JOÃO BRAGA DE OLIVEIRA,ZONA RURAL,-9.74465,-49.97275,682,-1,0
2024,313,92304,7,1236,ESCOLA MUNICIPAL PIRACEMA,ZONA RURAL,-9.57407,-49.64657,285,-1,0
2024,314,92371,28,1015,COLÉGIO ESTADUAL DE ARAGUACEMA,CENTRO,-8.80945,-49.55584,2820,-1,0
2024,315,92371,28,1023,ESCOLA ESTADUAL SENHOR DO BONFIM,ZONA RURAL,-8.66455,-49.44843,237,-1,0
2024,316,92371,28,1031,ESCOLA MUNICIPAL  SANTA CLARA,ZONA RURAL,-9.17214,-49.63284,640,-1,0
2024,317,92371,28,1040,ESCOLA MUNICIPAL NOVA ESPERANÇA,ZONA RURAL,-8.74247,-49.37677,677,-1,0
2024,318,92371,28,1058,COLÉGIO BOM SUCESSO,ZONA RURAL,-8.68454,-49.28556,180,-1,0
2024,319,92371,28,1074,ESCOLA MUNICIPAL JOSÉ WILSON LEITE,JARDIM PLANALTO,-8.82474,-49.55832,729,-1,0
2024,320,92398,14,1015,POVOADO BAIANÓPOLIS - ESCOLA MUNICIPAL MARTINIANO PEREIRA,ZONA RURAL,-12.75394,-50.02425,242,-1,0
2024,321,92398,14,1023,POVOADO MARILÂNDIA - ESCOLA MUNICIPAL ÂNGELO SIRIANO,ZONA RURAL,-12.98791,-49.59147,287,-1,0
2024,322,92398,14,1040,SALÃO PAROQUIAL,CENTRO,-12.93227,-49.82544,843,-1,0
2024,323,92398,14,1074,CMTO SALVADOR CAETANO UNIDADE 23,CENTRO,-12.92653,-49.83235,1485,-1,0
2024,324,92398,14,1090,COLÉGIO ESTADUAL JOÃO TAVARES MARTINS,VALE DO ARAGUAIA,-12.94023,-49.82297,1235,-1,0
2024,325,92398,14,1155,INSTITUTO EDUCACIONAL E SOCIAL EVANGELICO DE ARAGUAÇU - IESEA,CENTRO,-12.92582,-49.82983,347,-1,0
2024,326,92398,14,1210,ESCOLA MUNICIPAL ALDENORA MENDES MASCARENHAS,CENTRO,-12.92835,-49.82731,1795,-1,0
2024,327,92398,14,1228,ESCOLA MUNICIPAL BRÍCIO LUAN QUEIROZ DIVINO,VALE DO ARAGUAIA,-12.94296,-49.82173,551,-1,0
2024,328,92401,13,1015,ESCOLA ESTADUAL 1 GRAU PEDRO XAVIER,CENTRO,-10.56891,-48.91276,1883,-1,0
2024,329,92401,13,1023,ESCOLA ESTADUAL REGINA SIQUEIRA CAMPOS,CENTRO,-10.56214,-48.91193,1064,-1,0
2024,330,92410,1,1015,ESCOLA MUNICIPAL SIMÃO LUTZ,LOTEAMENTO ARAGUAINA SUL,-7.1889,-48.19281,1926,-1,0
2024,331,92410,1,1023,COLEGIO SANTA CRUZ DE ARAGUAINA,CENTRO,-7.19122,-48.20616,4502,-1,0
2024,332,92410,1,1031,ESCOLA ESTADUAL JOÃO ALVES BATISTA,CENTRO,-7.19241,-48.21027,1802,-1,0
2024,333,92410,1,1040,ESCOLA ESTADUAL MARECHAL RONDON,NEBLINA,-7.18598,-48.21547,3678,-1,0
2024,334,92410,1,1058,CENTRO DE ENSINO MEDIO CASTELO BRANCO,VILA ALIANCA,-7.2019,-48.20642,4252,-1,0
2024,335,92410,1,1074,COLEGIO ESTADUAL GUILHERME DOURADO,CENTRO,-7.19094,-48.20311,5067,-1,0
2024,336,92410,1,1082,ESCOLA ESTADUAL PROFESSOR ALFREDO NASSER,CENTRO,-7.18738,-48.20277,2556,-1,0
2024,337,92410,1,1104,ESCOLA ESTADUAL MODELO,CENTRO,-7.18976,-48.20907,2364,-1,0
2024,338,92410,1,1112,COLEGIO ESTADUAL CAMPOS BRASIL,FATIMA,-7.23416,-48.252,2872,-1,0
2024,339,92410,1,1120,COLEGIO ESTADUAL JORGE AMADO,SETOR NOROESTE,-7.18201,-48.20729,3773,-1,0
2024,340,92410,1,1139,ESCOLA MUNICIPAL TOMAZ BATISTA,VILA ALIANCA,-7.20188,-48.2027,604,-1,0
2024,341,92410,1,1171,ESCOLA PAROQUIAL LUIZ AUGUSTO,SÃO JOÃO,-7.1953,-48.19775,3064,-1,0
2024,342,92410,1,1198,CENTRO DE ENSINO MEDIO BENJAMIM JOSE DE ALMEIDA,CONJUNTO URBANISTICO,-7.18314,-48.22088,3464,-1,0
2024,343,92410,1,1201,COLEGIO ESTADUAL RUI BARBOSA,JK,-7.20658,-48.23971,2314,-1,0
2024,344,92410,1,1210,COLEGIO ESTADUAL ADOLFO BEZERRA DE MENEZES,SÃO JOÃO,-7.1913,-48.19435,4764,-1,0
2024,345,92410,1,1228,ESCOLA ESTADUAL DEPUTADO FEDERAL JOSE ALVES DE ASSIS,SETOR RODOVIARIO,-7.18579,-48.21265,2754,-1,0
2024,346,92410,1,1244,COLEGIO ESTADUAL SANCHA FERREIRA,SETOR TECNORTE,-7.20348,-48.21698,1276,-1,0
2024,347,92410,1,1252,ESCOLA ESTADUAL JOAQUIM DE BRITO PARANAGUA,ELDORADO,-7.20875,-48.19783,2329,-1,0
2024,348,92410,1,1260,ESCOLA ESTADUAL NORTE GOIANO,ENTRONCAMENTO,-7.18166,-48.22274,2252,-1,0
2024,349,92410,1,1287,UNIVERSIDADE FEDERAL DO TOCANTINS - CAMPUS UNIVERSITÁRIO DE ARAGUAÍNA,CIMBA,-7.18106,-48.19786,2395,-1,0
2024,350,92410,1,1333,SENAI - SERVICO NACIONAL DE APRENDIZAGEM INDUSTRIAL,SENADOR,-7.19911,-48.20801,2253,-1,0
2024,351,92410,1,1481,COLEGIO ESTADUAL PROFESSORA SILVANDIRA SOUSA LIMA,VILA COUTO MAGALHAES,-7.16362,-48.20377,2609,-1,0
2024,352,92410,1,1490,ESCOLA ESTADUAL WELDER DE ABREU SALES,ELDORADO,-7.20835,-48.19971,2334,-1,0
2024,353,92410,1,1503,ESCOLA ESTADUAL VILA NOVA,VILA NORTE,-7.15999,-48.19864,1973,-1,0
2024,354,92410,1,1511,ESCOLA MUNICIPAL GENTIL FERREIRA DE BRITO,SETOR BRASIL,-7.1817,-48.20191,1953,-1,0
2024,355,92410,1,1520,ESCOLA ESTADUAL JOAO GUILHERME LEITE KUNZE,SETOR SAO MIGUEL,-7.19833,-48.23053,2382,-1,0
2024,356,92410,1,1538,ESCOLA MUNICIPAL DR CESAR BELMINO EVANGELISTA,SETOR TEREZA HILARIO RIBEIRO,-7.18784,-48.18047,1734,-1,0
2024,357,92410,1,1546,CENTRO DE ENSINO MEDIO PAULO FREIRE,CENTRO,-7.19496,-48.20961,2864,-1,0
2024,358,92410,1,1554,COLEGIO APLICACAO,SETOR COUTO MAGALHAES,-7.1723,-48.20927,2000,-1,0
2024,359,92410,1,1562,COLEGIO MILITAR DO ESTADO DO TOCANTINS - JORGE HUMBERTO CAMARGO,SETOR COIMBRA,-7.19565,-48.192,3733,-1,0
2024,360,92410,1,1570,FACULDADE UNOPAR,SETOR URBANO,-7.20515,-48.20262,2298,-1,0
2024,361,92410,1,1597,COLÉGIO MILITAR DO ESTADO DO TOCANTINS DR JOSÉ ALUISIO DA SILVA LUZ,SETOR COIMBRA,-7.19378,-48.18699,3227,-1,0
2024,362,92410,1,1600,ESCOLA ESTADUAL JARDIM PAULISTA,JARDIM PAULISTA,-7.21504,-48.20074,1948,-1,0
2024,363,92410,1,1660,ESCOLA MUNICIPAL UNIAO,ZONA RURAL,-7.33997,-48.30068,156,-1,0
2024,364,92410,1,1678,ESCOLA MUNICIPAL JOSE FERREIRA BARROS,LOTEAMENTO CEU AZUL,-7.21864,-48.18472,1711,-1,0
2024,365,92410,1,1686,ESCOLA MUNICIPAL MANOEL LIRA,SETOR NOVA ARAGUAINA,-7.22175,-48.24219,3143,-1,0
2024,366,92410,1,1694,ESCOLA MUNICIPAL ARNON FERREIRA LEAL,CONJUNTO RESIDENCIAL PATROCINIO,-7.19733,-48.18113,1382,-1,0
2024,367,92410,1,1724,ESCOLA MUNICIPAL PREFEITO JOÃO DE SOUSA LIMA,SETOR ITAPUÃ,-7.17636,-48.2125,776,-1,0
2024,368,92410,1,1732,ESCOLA ESTADUAL FRANCISCO MÁXIMO DE SOUSA,SANTA TEREZINHA,-7.20407,-48.19585,2798,-1,0
2024,369,92410,1,1740,ESCOLA MUNICIPAL DOMINGOS SOUSA LEMOS,JARDIM DAS FLORES,-7.20386,-48.17652,1867,-1,0
2024,370,92410,1,1759,ESCOLA MUNICIPAL FRANCISCO BUENO DE FREITAS,SETOR MARACANÃ,-7.15663,-48.19391,2169,-1,0
2024,371,92410,1,1767,ESCOLA MUNICIPAL LEIA RAQUEL DIAS MOTA,VILA RIBEIRO,-7.21017,-48.18359,1759,-1,0
2024,372,92410,1,1805,ESCOLA MUNICIPAL LUIZ GONZAGA,COSTA ESMERALDA,-7.13203,-48.19199,1656,-1,0
2024,373,92410,1,1848,ESCOLA MUNICIPAL OLAVO BILAC,JARDIM DAS PALMEIRAS,-7.19931,-48.2246,474,-1,0
2024,374,92410,1,1856,ESCOLA MUNICIPAL DE TEMPO INTEGRAL JOAQUIM CARLOS SABINO DOS SANTOS,RESIDENCIAL LAGO AZUL IV,-7.22881,-48.22375,1414,-1,0
2024,375,92410,1,1899,CEI NOSSA SENHORA DOS MILAGRES,SETOR ITAIPU,-7.20806,-48.1884,189,-1,0
2024,376,92410,34,1015,ESCOLA ESTADUAL MANOEL GOMES DA CUNHA,SETOR NOVO HORIZONTE,-7.18635,-48.34,1301,-1,0
2024,377,92410,34,1023,ESCOLA MUNICIPAL DUQUE DE CAXIAS,ZONA RURAL,-7.03342,-48.23021,284,-1,0
2024,378,92410,34,1031,ESCOLA MUNICIPAL SANTA TEREZA,PA PARAÍSO,-7.44164,-48.80936,146,-1,0
2024,379,92410,34,1040,ESCOLA MUNICIPAL SANTA ROSA,ZONA RURAL,-7.13765,-48.25898,312,-1,0
2024,380,92410,34,1058,COLEGIO ESTADUAL ADEMAR VICENTE FERREIRA SOBRINHO,JK,-7.20224,-48.24023,2417,-1,0
2024,381,92410,34,1066,ESCOLA MUNICIPAL CANDIDO BARREIRAS GUIMARAES,ZONA RURAL,-7.33214,-49.2217,107,-1,0
2024,382,92410,34,1074,ESCOLA MUNICIPAL SAO MIGUEL,ZONA RURAL,-7.20843,-48.2974,464,-1,0
2024,383,92410,34,1082,ESCOLA MUNICIPAL JOSE NOGUEIRA,ZONA RURAL,-7.31783,-48.6948,210,-1,0
2024,384,92410,34,1090,ESCOLA MUNICIPAL ANATÓLIO DIAS CARNEIRO,ZONA RURAL,-7.30109,-48.60991,99,-1,0
2024,385,92410,34,1104,ESCOLA ESTADUAL HENRIQUE CIRQUEIRA AMORIM,SETOR BARROS,-7.1381,-48.20224,1845,-1,0
2024,386,92410,34,1112,ESCOLA MUNICIPAL WILLIAM CASTELO BRANCO MARTINS,PARQUE SONHOS DOURADOS,-7.1827,-48.23203,990,-1,0
2024,387,92410,34,1139,CENTRO DE EDUCAÇÃO INFANTIL MUNICIPAL SITIO DA DONA BENTA,VILA AZUL,-7.21551,-48.25797,848,-1,0
2024,388,92410,34,1147,ESCOLA MUNICIPAL JOSÉ GOMES SOBRINHO,SETOR MONTE SINAI,-7.23083,-48.25525,633,-1,0
2024,389,92410,34,1155,ESCOLA MUNICIPAL CABO LUZIMAR MACHADO,POVOADO PONTE,-7.28228,-48.27685,524,-1,0
2024,390,92436,10,1015,ESCOLA MUNICIPAL PROFESSORA NAIR DUARTE,CENTRO,-5.64829,-48.1227,1868,-1,0
2024,391,92436,10,1023,ESCOLA ESTADUAL LEONIDAS GONCALVES DUARTE,CENTRO,-5.64984,-48.12645,1807,-1,0
2024,392,92436,10,1031,FACULDADE UNITINS,CENTRO,-5.65143,-48.12594,2092,-1,0
2024,393,92436,10,1040,ESCOLA ESTADUAL DENIZE GOMIDE AMUI,CENTRO,-5.65255,-48.11877,1993,-1,0
2024,394,92436,10,1066,ESCOLA MUNICIPAL SÃO VICENTE FERRER,CENTRO,-5.64821,-48.12911,1948,-1,0
2024,395,92436,10,1074,ESCOLA MUNICIPAL PROFESSORA ADELINA DE ANDRADE,ZONA RURAL,-5.52258,-48.20272,143,-1,0
2024,396,92436,10,1082,ESCOLA ESTADUAL FREI SAVINO,ZONA RURAL,-5.90763,-48.21536,557,-1,0
2024,397,92436,10,1090,ESCOLA MUNICIPAL EDGAR TOLENTINO,ZONA RURAL,-5.71932,-48.14759,563,-1,0
2024,398,92436,10,1104,ESCOLA MUNICIPAL AURELIANO JOSÉ FERREIRA,ZONA RURAL,-5.89349,-47.93702,815,-1,0
2024,399,92436,10,1120,ESCOLA MUNICIPAL PADRE VITORIO,ZONA RURAL,-5.45409,-48.3039,484,-1,0
2024,400,92436,10,1139,ESCOLA ESTADUAL SANTA GERTRUDES,ZONA RURAL,-5.90736,-48.2151,601,-1,0
2024,401,92436,10,1147,ESCOLA MUNICIPAL LUIS BORGES DE ARRUDA,ZONA RURAL,-5.73624,-47.95105,138,-1,0
2024,402,92436,10,1155,ESCOLA MUNICIPAL SANTA CRUZ II,ZONA RURAL,-5.36142,-48.3775,95,-1,0
2024,403,92436,10,1163,ESCOLA MUNICIPAL SANTO IZIDIO,ZONA RURAL,-5.42808,-48.26475,94,-1,0
2024,404,92436,10,1171,CPM - COLEGIO DA POLICIA MILITAR,CENTRO,-5.64918,-48.11786,3200,-1,0
2024,405,92436,10,1180,ESCOLA MUNICIPAL PROFESSORA MARIA DE LOURDES,CENTRO,-5.65692,-48.11638,1158,-1,0
2024,406,92436,10,1198,ESCOLA MUNICIPAL LUIZ RODRIGUES DA SILVA,ZONA RURAL,-5.9878,-48.21484,136,-1,0
2024,407,92436,10,1201,ESTADUAL OSVALDO FRANCO,NOVA ARAGUATINS,-5.65038,-48.11171,2788,-1,0
2024,408,92436,10,1210,ESCOLA MUNICIPAL MARINGÁ I,ZONA RURAL,-5.47417,-48.12176,291,-1,0
2024,409,92436,10,1228,ESCOLA MUNICIPAL RUI BARBOSA,ZONA RURAL,-5.78639,-48.17745,221,-1,0
2024,410,92436,10,1236,ESCOLA MUNICIPAL VANOR DA COSTA PARREÃO,VILA CIDINHA,-5.64479,-48.10844,751,-1,0
2024,411,92452,31,1023,ESCOLA ESTADUAL ANTONIO DELFINO GUIMARAES,SETOR PLANO NOVO,-7.65524,-49.06542,1821,-1,0
2024,412,92452,31,1031,ESCOLA MUNICIPAL FRANCISCO JOSÉ PEREIRA,SETOR PLANO NOVO,-7.65726,-49.06525,1186,-1,0
2024,413,92452,31,1040,COLEGIO ESTADUAL RUILON DIAS CARNEIRO,JARDIM PRIMAVERA,-7.66015,-49.06515,1488,-1,0
2024,414,92452,31,1058,MERCADINHO PEREIRA - SEU TOTO,ZONA RURAL,-7.80499,-48.93079,107,-1,0
2024,415,92452,31,1066,ESCOLA MUNICIPAL JOSÉ DE ANCHIETA,ZONA RURAL,-7.64203,-48.80112,165,-1,0
2024,416,92479,22,1015,ESCOLA ESTADUAL BRIGADEIRO FELIPE,CENTRO,-12.93457,-46.93688,2209,-1,0
2024,417,92479,22,1031,COLEGIO ESTADUAL PROF. JOANA BATISTA CORDEIRO,CENTRO,-12.93354,-46.93572,1970,-1,0
2024,418,92479,22,1040,ESCOLA ESTADUAL SILVA DOURADO,CENTRO,-12.92669,-46.94142,2053,-1,0
2024,419,92479,22,1074,ESCOLA ESTADUAL PROFESSORA ZULMIRA MAGALHAES,ZONA RURAL,-12.84675,-46.80834,682,-1,0
2024,420,92479,22,1139,EMEF APOENAN DE DE ABREU TEIXEIRA,BURITIZINHO,-12.91976,-46.95373,936,-1,0
2024,421,92479,22,1147,COLÉGIO MILITAR DO TOCANTINS - JACY ALVES DE BARROS,ARNALDO PRIETO,-12.93334,-46.94397,383,-1,0
2024,422,92487,16,1015,COLÉGIO ESTADUAL BERNARDO SAYÃO,CENTRO,-8.59348,-48.93283,1197,-1,0
2024,423,92487,16,1023,COLÉGIO ESTADUAL PRIMEIRO DE JUNHO,SETOR RABELO,-8.59974,-48.93314,1192,-1,0
2024,424,92487,16,1031,ESCOLA MUNICIPAL AMAZONAS,ZONA RURAL,-8.22291,-48.95294,277,-1,0
2024,425,92487,16,1040,ESCOLA MUNICIPAL MATA AZUL,ZONA RURAL,-8.29435,-48.83432,279,-1,0
2024,426,92487,16,1058,ESCOLA MUNICIPAL PAULO FREIRE - P.A. PROGRESSO,ZONA RURAL,-8.40111,-48.9145,586,-1,0
2024,427,92487,16,1066,ESCOLA MUNICIPAL AYRTON SENNA,SETOR AEROPORTO,-8.59447,-48.93717,862,-1,0
2024,428,92509,25,1015,ESCOLA ESTADUAL ALFREDO NASSER,CENTRO,-11.60979,-47.04902,1571,-1,0
2024,429,92509,25,1040,ESCOLA MUNICIPAL JOAQUIM ARAÚJO,CENTRO,-11.60896,-47.05028,1146,-1,0
2024,430,92525,21,1015,ESCOLA MUNICIPAL CAETANA DE MORAES COSTA,ZONA RURAL,-5.44591,-47.64541,872,-1,0
2024,431,92525,21,1023,ESCOLA MUNICIPAL GENÉSIO GOMES,CENTRO,-5.39472,-47.81201,1213,-1,0
2024,432,92525,21,1031,ESCOLA MUNICIPAL ALFREDO NASSER,ZONA RURAL,-5.44773,-47.78856,441,-1,0
2024,433,92525,21,1040,ESCOLA MUNICIPAL JOSÉ LOPES DA SILVA,ZONA RURAL,-5.47789,-47.79356,181,-1,0
2024,434,92525,21,1058,ESCOLA ESTADUAL GENÉSIO GOMES,CENTRO,-5.39749,-47.81232,1295,-1,0
2024,435,92525,21,1074,ESCOLA MUNICIPAL REDENÇÃO,ZONA RURAL,-5.44181,-47.71192,440,-1,0
2024,436,92525,21,1090,ESCOLA ESTADUAL PRIMEIRO DE JUNHO,CENTRO,-5.39866,-47.81268,1019,-1,0
2024,437,92525,21,1112,ESCOLA MUNICIPAL JEAN PIAGET,ZONA RURAL,-5.50071,-47.73122,71,-1,0
2024,438,92525,21,1120,CENTRO EDUCACIONAL NOGUEIRA LIMA,CENTRO,-5.39696,-47.81234,457,-1,1
2024,439,92533,17,1023,ESCOLA ESTADUAL PROFESSORA RANULFA,CENTRO,-12.71428,-46.4091,2460,-1,0
2024,440,92533,17,1031,ESCOLA ESTADUAL DONA INES,CENTRO,-12.71192,-46.40956,980,-1,0
2024,441,92541,21,1015,COLÉGIO ESTADUAL SAMPAIO,CENTRO,-5.35081,-47.87763,2235,-1,0
2024,442,92541,21,1023,ESCOLA MUNICIPAL PRIMEIRO DE JUNHO,CENTRO,-5.35199,-47.87816,1452,-1,0
2024,443,92541,21,1031,SECRETARIA MUNICIPAL DE SAÚDE,CENTRO,-5.3527,-47.87843,342,-1,0
2024,444,92541,21,1040,ESCOLA MUNICIPAL ANTÔNIO FIRMINO DA SILVA,ZONA RURAL,-5.35157,-47.93963,146,-1,0
2024,445,92576,11,1015,COLÉGIO ESTADUAL MARECHAL RIBAS JUNIOR,CENTRO,-5.61961,-47.77322,2495,-1,0
2024,446,92576,11,1031,ESCOLA ESTADUAL SAO FRANCISCO DE ASSIS,CENTRO,-5.6132,-47.76307,2084,-1,0
2024,447,92576,11,1074,ESCOLA MUNICIPAL MARECHAL RONDON,CENTRO,-5.61389,-47.77418,749,-1,0
2024,448,92576,11,1104,ESCOLA MUNICIPAL PADRE IRTON,CENTRO,-5.61273,-47.77066,2607,-1,0
2024,449,92576,11,1120,ESCOLA MUNICIPAL SÃO JOSÉ - POVOADO PEQUIZEIRO,ZONA RURAL,-5.70277,-47.74197,332,-1,0
2024,450,92576,11,1139,ESCOLA MUNICIPAL DOM PEDRO I - POVOADO GROTÃO,ZONA RURAL,-5.56706,-47.80524,434,-1,0
2024,451,92576,11,1163,ESCOLA MUNICIPAL MENINO JESUS - POVOADO LAGOA DE SÃO SALVADOR,LAGOA DE SÃO SALVADOR,-5.64693,-47.73788,276,-1,0
2024,452,92576,11,1180,ESCOLA MUNICIPAL OSVALDO REIS,SÃO RAIMUNDO,-5.61211,-47.76602,237,-1,0
2024,453,92584,19,1015,COLÉGIO MUNICIPAL PEDRO RODRIGUES NETO,ZONA RURAL,-11.29982,-47.90968,692,-1,0
2024,454,92584,19,1023,ESCOLA ESTADUAL ZACARIAS NUNES DA SILVEIRA,CENTRO,-11.44884,-48.12034,779,-1,0
2024,455,92584,19,1040,ESCOLA MUNICIPAL VEREADOR JOSE AYRES DA SILVA,ZONA RURAL,-11.32717,-48.3547,163,-1,0
2024,456,92584,19,1058,ESCOLA MUNICIPAL TIA MIRETA,CENTRO,-11.45409,-48.11704,1501,-1,0
2024,457,92584,19,1066,COLÉGIO TENENTE SALVADOR RIBEIRO,CENTRO,-11.44864,-48.1171,1212,-1,0
2024,458,92592,8,1015,ESCOLA ESTADUAL LEOPOLDO DE BULHOES,NOVO MILÊNIO I,-7.20296,-47.76165,2141,-1,0
2024,459,92592,8,1074,ESCOLA ESTADUAL RUI BARBOSA,AREIA,-7.19312,-47.78318,1921,-1,0
2024,460,92592,8,1104,ESCOLA MUNICIPAL SAO FRANCISCO,ZONA RURAL,-7.22948,-47.92901,762,-1,0
2024,461,92592,8,1112,ESCOLA MUNICIPAL SANTA PAZ,ZONA RURAL,-7.36567,-48.01015,482,-1,0
2024,462,92592,8,1120,ESCOLA MUNICIPAL POETA JOSÉ GOMES,CENTRO,-7.20396,-47.7597,1118,-1,0
2024,463,92592,8,1139,ESCOLA MUNICIPAL BENJAMIM DE SOUSA PARENTE,ZONA RURAL,-7.24756,-48.03306,410,-1,0
2024,464,92606,35,1015,ESCOLA ESTADUAL PROFESSOR MANOEL SILVÉRIO DOURADO,CENTRO,-10.28485,-47.80792,1733,-1,0
2024,465,92606,35,1023,ESCOLA MUNICIPAL HORÁCIO JOSÉ RODRIGUES,ZONA RURAL,-10.27853,-47.71268,317,-1,0
2024,466,92606,35,1031,ESCOLA MUNICIPAL FRANCISCO SOUSA BARROS,CENTRO,-10.28514,-47.80764,1040,-1,0
2024,467,92681,20,1015,ESCOLA MUNICIPAL JUCELINO KUBITSCHEK,ZONA RURAL,-11.53616,-48.29545,121,-1,0
2024,468,92681,20,1023,ESCOLA MUNICIPAL DE TEMPO INTEGRAL JOÃO PEREIRA SOBRINHO,CENTRO,-11.96502,-48.2374,1776,-1,0
2024,469,92681,20,1031,ESCOLA MUNICIPAL CASTELO BRANCO,ZONA RURAL,-12.09094,-47.84123,188,-1,0
2024,470,92681,20,1040,ESCOLA MUNICIPAL RIACHAO I,ZONA RURAL,-11.6756,-48.28017,181,-1,0
2024,471,92681,20,1058,ESCOLA MUNICIPAL GETULIO VARGAS,CENTRO,-11.96398,-48.23345,1879,-1,0
2024,472,92738,3,1015,ESCOLA ESTADUAL JONAS PEREIRA LIMA - ANTIGA LIDIA ANDRADE,CENTRO,-11.01701,-48.56725,749,-1,0
2024,473,92738,3,1023,ESCOLA ESTADUAL PADRAO,CENTRO,-11.01992,-48.56537,2459,-1,0
2024,474,92738,3,1074,ESCOLA MUNICIPAL MALHADINHA,ZONA RURAL,-10.84265,-48.45985,297,-1,0
2024,475,92738,3,1082,ESCOLA MUNICIPAL WANDA FERREIRA DA CUNHA,JANUARIO DIAS,-11.02259,-48.56596,793,-1,0
2024,476,93114,4,1031,ESCOLA MUNICIPAL JOSÉ TEODORO RODRIGUES,VILA SÃO JOÃO,-8.05498,-48.5004,1057,-1,0
2024,477,93114,4,1040,COLÉGIO ESTADUAL GIRASSOL DE TEMPO INTEGRAL ERNESTO BARROS,CENTRO,-8.05674,-48.48172,1516,-1,0
2024,478,93114,4,1066,ESCOLA PAROQUIAL NOSSA SENHORA APARECIDA,CENTRO,-8.05725,-48.48057,1273,-1,0
2024,479,93114,4,1074,COLÉGIO ALBERT EINSTEIN,CENTRO,-8.05826,-48.48123,1310,-1,0
2024,480,93114,4,1082,COLÉGIO DA POLÍCIA MILITAR JOÃO XXIII,CENTRO,-8.05947,-48.47452,1523,-1,0
2024,481,93114,4,1112,CENTRO DE ENSINO MÉDIO PRESIDENTE CASTELO BRANCO,SETOR RODOVIÁRIO,-8.06194,-48.47462,1722,-1,0
2024,482,93114,4,1120,COLÉGIO ESTADUAL LACERDINO OLIVEIRA CAMPOS,SANTO ANTONIO I,-8.04194,-48.46458,1667,-1,0
2024,483,93114,4,1139,CEMEI MARGARIDINHA (ANTIGA ESCOLA MUNICIPAL CANTINHO DA ALEGRIA),CENTRO,-8.05307,-48.48403,1316,-1,0
2024,484,93114,4,1147,ESCOLA MUNICIPAL PROFESSORA ODETE CARVALHO DOS SANTOS,VILA SANTA MARIA,-8.07742,-48.48081,2268,-1,0
2024,485,93114,4,1171,ESCOLA MUNICIPAL DR. PEDRO LUDOVICO TEIXEIRA,SETOR NOVO HORIZONTE,-8.04762,-48.4898,1618,-1,0
2024,486,93114,4,1180,ESCOLA MUNICIPAL MARIA PEREIRA GUIMARÃES,SETOR CAMPINAS,-8.05796,-48.46964,1672,-1,0
2024,487,93114,4,1198,ESCOLA MUNICIPAL PROFESSOR ODIMAR LOPES DA SILVA,SETOR DOIRADO,-8.04822,-48.47963,1297,-1,0
2024,488,93114,4,1228,ESCOLA PRESBITERIANA DE COLINAS DO TOCANTINS,CENTRO,-8.05764,-48.47441,1204,-1,0
2024,489,93114,4,1236,ESCOLA ESTADUAL FRANCISCO PEREIRA FELÍCIO,NOVO PLANALTO,-8.0512,-48.49047,1213,-1,0
2024,490,93114,4,1244,ESCOLA MUNICIPAL PRIMAVERA,SETOR RODOVIÁRIO,-8.06681,-48.46922,1040,-1,0
2024,491,93114,4,1279,ESCOLA MUNICIPAL CANTINHO DA ALEGRIA,SETOR AEROPORTO II,-8.06076,-48.4886,1977,-1,0
2024,492,93114,4,1287,ESCOLA MUNICIPAL TEODOMIRO RODRIGUES DA ROCHA (PRÉDIO ANTIGO),SANTO ANTONIO I,-8.04436,-48.46013,1224,-1,0
2024,493,93130,22,1015,ESCOLA MUNICIPAL ISABEL COSTA,CENTRO,-12.21974,-47.29209,2066,-1,0
2024,494,93130,22,1031,COL. EST. CEL. JOSÉ FRANCISCO DE AZEVEDO,CENTRO,-12.21844,-47.29696,1681,-1,0
2024,495,93211,16,1015,COLÉGIO ESTADUAL ARCHÂNGELA MILHOMEM,CENTRO,-8.36084,-49.18398,1471,-1,0
2024,496,93211,16,1023,ESCOLA ESTADUAL ARLINDA ROSA DE SOUSA,CENTRO,-8.35973,-49.17363,1074,-1,0
2024,497,93211,16,1066,ESCOLA MUNICIPAL CORDOLINA COSTA REGO,CENTRO,-8.36164,-49.17696,1177,-1,0
2024,498,93211,16,1074,POSTO DE SAÚDE DONA MARTINHA,ZONA RURAL,-8.28541,-49.24591,191,-1,0
2024,499,93211,16,1082,ESCOLA ESTADUAL ÚLTIMO DE CARVALHO,ZONA RURAL,-8.36537,-49.26458,339,-1,0
2024,500,93211,16,1090,CRECHE DORVALINA MARTINS DA SILVA,SETOR BRASIL,-8.36301,-49.18545,482,-1,0
2024,501,93238,13,1023,APAE - ASSOCIAÇÃO DE PAIS E AMIGOS EXCEPCIONAIS,CENTRO,-10.59768,-49.19406,1230,-1,0
2024,502,93238,13,1031,ESCOLA MUNICIPAL DOM JAIME ANTONIO SCHUCK,CENTRO,-10.59566,-49.19318,1266,-1,0
2024,503,93238,13,1040,COLEGIO ESTADUAL DE CRISTALANDIA,CENTRO,-10.59727,-49.19246,1857,-1,0
2024,504,93238,13,1058,COLÉGIO MILITAR OTACÍLIO MARQUES ROSAL,SETOR AEROPORTO,-10.60828,-49.20286,1261,-1,0
2024,505,93416,25,1015,ESCOLA MUNICIPAL SÃO JOSÉ,CENTRO,-11.62553,-46.81827,1289,-1,0
2024,506,93416,25,1023,ESCOLA ESTADUAL  ABILIO WOLNEY,CENTRO,-11.6292,-46.82132,1859,-1,0
2024,507,93416,25,1031,ESCOLA ESTADUAL ANTONIO POVOA,CAVALCANTE,-11.61644,-46.82345,2055,-1,0
2024,508,93416,25,1040,COLEGIO JOAO D' ABREU,CENTRO,-11.62553,-46.81921,3855,-1,0
2024,509,93416,25,1058,ESCOLA BATISTA B. H. FOREMAN,CENTRO,-11.62709,-46.81823,835,-1,0
2024,510,93416,25,1082,ESCOLA MUNICIPAL SANTA LUZIA,SANTA LUZIA,-11.61049,-46.82098,687,-1,0
2024,511,93416,25,1090,UNIVERSIDADE DO TOCANTINS - UNITINS,CENTRO,-11.62344,-46.81878,518,-1,0
2024,512,93416,25,1112,ESCOLA MUNICIPAL FELIPE BATISTA DOS SANTOS,POVOADO BOA SORTE,-11.90832,-46.78218,205,-1,0
2024,513,93416,25,1139,ESCOLA ESTADUAL JOCA COSTA,CAVALCANTE,-11.61601,-46.82874,1073,-1,0
2024,514,93416,25,1147,ESCOLA MUNICIPAL PROFESSOR RENATO RODRIGUES ALVES,NOVA CIDADE,-11.6215,-46.82996,867,-1,0
2024,515,93459,28,1015,COLEGIO ESTADUAL PRESIDENTE CASTELO BRANCO,CENTRO,-9.25655,-49.06523,3120,-1,0
2024,516,93459,28,1040,ESCOLA MUNICIPAL PETRONIO LIMA ARBUES,CENTRO,-9.26253,-49.06529,1203,-1,0
2024,517,93459,28,1058,CENTRO MUNICIPAL DE EDUCAÇÃO INFANTIL - SÃO JOÃO BATISTA,CENTRO,-9.25117,-49.06581,915,-1,0
2024,518,93475,15,1015,COLÉGIO ESTADUAL ELESBÃO LIMA,CENTRO,-11.34276,-49.27222,2051,-1,0
2024,519,93475,15,1058,ESCOLA MUNICIPAL CECÍLIA DE ARAÚJO MELO (MINHA INFÂNCIA),CENTRO,-11.34211,-49.26779,999,-1,0
2024,520,93475,15,1066,ESCOLA MUNICIPAL NOEME LUSTOSA BARROS,SETOR AEROPORTO,-11.33713,-49.25992,651,-1,0
2024,521,93556,8,1015,ESCOLA ESTADUAL ADEUVALDO DE OLIVEIRA MORAIS,CENTRO,-7.33699,-47.49804,1701,-1,0
2024,522,93556,8,1058,COLEGIO ESTADUAL PROFESSORA ANA FRANCISCA MARANHÃO DE SOUSA,CENTRO,-7.33383,-47.50019,1325,-1,0
2024,523,93556,8,1104,MONUMENTO NATURAL DAS ARVORES FOSSILIZADAS DO TOCANTINS,ZONA RURAL,-7.48649,-47.85657,397,-1,0
2024,524,93556,8,1147,ESCOLA MUNICIPAL  NOSSA SENHORA DO PERPETUO SOCORRO,ZONA RURAL,-7.48585,-47.86016,1184,-1,0
2024,525,93556,8,1155,ESCOLA MUNICIPAL TENENTE COSTA LEITE,ZONA RURAL,-7.32258,-47.65918,198,-1,0
2024,526,93556,8,1163,ESCOLA MUNICIPAL DONA MAURA LEAL VALADARES,CENTRO,-7.34141,-47.49809,809,-1,0
2024,527,93556,8,1171,ESCOLA ESTADUAL PROF. JOSÉ FRANCISCO DOS MONTES,ZONA RURAL,-7.48378,-47.86505,666,-1,0
2024,528,93556,8,1180,ESCOLA MUNICIPAL CRIANÇA ALEGRE,ZONA RURAL,-7.62834,-47.95179,74,-1,0
2024,529,93653,15,1015,COLÉGIO MUNICIPAL DOM ALANO,CENTRO,-11.79905,-49.53098,1053,-1,0
2024,530,93653,15,1031,COOPERATIVA DE EDUCADORES DE FORMOSO DO ARAGUAIA,CENTRO,-11.79991,-49.53157,1035,-1,0
2024,531,93653,15,1040,COLÉGIO ESTADUAL TIRADENTES,CENTRO,-11.80116,-49.53014,2078,-1,0
2024,532,93653,15,1082,COLÉGIO MUNICIPAL HERMÍNIO AZEVEDO SOARES,CENTRO,-11.8016,-49.52453,1884,-1,0
2024,533,93653,15,1090,COLÉGIO ESTADUAL DONA GERCINA BORGES TEIXEIRA,CENTRO,-11.80558,-49.52661,1226,-1,0
2024,534,93653,15,1112,ESCOLA MUNICIPAL PROFESSOR JOÃO QUEIROZ,SETOR SÃO JOSÉ I,-11.80755,-49.52042,1475,-1,0
2024,535,93653,15,1120,CENTRO MUNICIPAL DE EDUCACAO INFANTIL - ANTIGO DOMINGOS ALVES GAMA,SETOR SÃO JOSÉ I,-11.81056,-49.52437,1261,-1,0
2024,536,93653,15,1139,ESCOLA ESTADUAL BENEDITO PEREIRA BANDEIRA,SETOR ALIANÇA,-11.81874,-49.52217,1352,-1,0
2024,537,93653,15,1171,ESCOLA MUNICIPAL DALCI BARROS MILHOMENS,SETOR JARDIM PLANALTO,-11.8013,-49.51997,670,-1,0
2024,538,93653,15,1180,ALDEIA CANOANÃ,ALDEIA INDÍGENA,-11.97215,-49.91573,278,-1,0
2024,539,93653,15,1198,ALDEIA TXUIRÍ,ALDEIA INDÍGENA,-11.78266,-49.93506,92,-1,0
2024,540,93653,15,1210,ESCOLA MUNICIPAL RURAL SEBASTIÃO LOPES DA SILVA,ZONA RURAL,-11.6324,-49.84993,482,-1,0
2024,541,93653,15,1236,ALDEIA SÃO JOÃO,ALDEIA INDÍGENA,-12.08997,-49.96016,151,-1,0
2024,542,93653,15,1260,ESCOLA MUNICIPAL SILAS RAIMUNDO MILHOMEM,SETOR ALIANÇA,-11.81767,-49.51797,930,-1,0
2024,543,93653,15,1279,ALDEIA BOA ESPERANÇA,ALDEIA INDÍGENA,-11.44803,-50.01686,79,-1,0
2024,544,93858,2,1015,COLEGIO PAROQUIAL BERNARDO SAYAO,CENTRO,-11.72683,-49.06246,3339,-1,0
2024,545,93858,2,1023,COLEGIO POSITIVO DE GURUPI,CENTRO,-11.73151,-49.06274,2793,-1,0
2024,546,93858,2,1031,UNIVERSIDADE DE GURUPI - UNIRG,CENTRO,-11.72454,-49.07651,3892,-1,0
2024,547,93858,2,1040,CEM GURUPI (ANTIGO COLEGIO ESTADUAL DE GURUPI),CENTRO,-11.72569,-49.07064,4784,-1,0
2024,548,93858,2,1090,COLÉGIO DE TEMPO INTEGRAL PRESIDENTE COSTA E SILVA,CENTRO,-11.72158,-49.07468,3213,-1,0
2024,549,93858,2,1112,ESCOLA PRESBITERIANA ARAGUAIA DE GURUPI,CENTRO,-11.72992,-49.06768,1246,-1,0
2024,550,93858,2,1147,ESCOLA MUNICIPAL TREVO DO TOCANTINS,ZONA RURAL,-11.43831,-48.64331,455,-1,0
2024,551,93858,2,1155,COLEGIO ESTADUAL VILA GUARACY,VILA GUARACY,-11.74025,-49.07963,1347,-1,0
2024,552,93858,2,1163,CENTRO DE ENSINO MEDIO ARY RIBEIRO VALADÃO FILHO,SETOR VALDIR LINS II,-11.73558,-49.07921,1102,-1,0
2024,553,93858,2,1180,ESCOLA MUNICIPAL ANTÔNIO LINO DE SOUZA,CENTRO,-11.73213,-49.04697,808,-1,0
2024,554,93858,2,1198,COLEGIO ESTADUAL BOM JESUS,CENTRO,-11.729,-49.05756,3191,-1,0
2024,555,93858,2,1201,COLEGIO ESTADUAL WALDIR LINS,WALDIR LINS,-11.73794,-49.08812,838,-1,0
2024,556,93858,2,1244,ESCOLA ORLINDO PEREIRA DA MOTA,SETOR UNIAO V,-11.73995,-49.069,1275,-1,0
2024,557,93858,2,1252,COLEGIO ESTADUAL JOSE SEABRA LEMOS,CENTRO,-11.73428,-49.06005,2785,-1,0
2024,558,93858,2,1260,ESCOLA MUNICIPAL ANTONIO DE ALMEIDA VERAS,CENTRO,-11.73071,-49.05399,3193,-1,0
2024,559,93858,2,1279,ESCOLA MUNICIPAL GILBERTO REZENDE ROCHA FILHO,CENTRO,-11.717,-49.08679,2401,-1,0
2024,560,93858,2,1287,ESCOLA MUNICIPAL JOEL FERREIRA SOARES,CENTRO,-11.74869,-49.07206,1118,-1,0
2024,561,93858,2,1295,ESCOLA MUNICIPAL VILA NOVA,CENTRO,-11.711,-49.04766,1559,-1,0
2024,562,93858,2,1309,ESCOLA MUNICIPAL DOMINGOS BARREIRA DE AMORIM,RESIDENCIAL JARDIM DOS BURITIS,-11.72207,-49.09735,1280,-1,0
2024,563,93858,2,1317,ESCOLA MUNICIPAL JOSE PEREIRA DA CRUZ,SETOR SÃO JOSÉ,-11.73905,-49.04848,1409,-1,0
2024,564,93858,2,1333,ESCOLA ESTADUAL DR JOAQUIM PEREIRA DA COSTA,SETOR SOL NASCENTE,-11.72756,-49.09574,2881,-1,0
2024,565,93858,2,1376,ESCOLA ESTADUAL SETOR AEROPORTO,CENTRO,-11.71573,-49.056,1670,-1,0
2024,566,93858,2,1384,ESCOLA MUNICIPAL PROFª ILZA BORGES VIEIRA,PARQUE RESIDENCIAL NOVA FRONTEIRA,-11.74933,-49.06539,1709,-1,0
2024,567,93858,2,1406,ESCOLA MUNICIPAL DR ULISSES GUIMARAES,PARQUE DAS ACÁCIAS,-11.73043,-49.115,1366,-1,0
2024,568,93858,2,1414,ESCOLA MUNICIPAL ELIZEU DE CARVALHO,SETOR INDUSTRIAL,-11.64086,-49.0398,424,-1,0
2024,569,93858,2,1422,ASSOCIAÇÃO DE PAIS E AMIGOS DOS EXCEPCIONAIS APAE,WALDIR LINS,-11.73999,-49.08506,793,-1,0
2024,570,93858,2,1430,ESCOLA MUNICIPAL AGRIPINO DE SOUZA GALVÃO,SETOR BELA VISTA,-11.76597,-49.07258,1432,-1,0
2024,571,93858,2,1449,ESCOLA MUNICIPAL LENIVAL CORRÊA FERREIRA,ALTO DA BOA VISTA,-11.73189,-49.09846,1755,-1,0
2024,572,93858,2,1457,INSTITUTO FEDERAL DE CIÊNCIA E TECNOLOGIA DO TOCANTINS,JARDIM SEVILHA,-11.73879,-49.05502,1841,-1,0
2024,573,93858,2,1465,POSTO DE ATENDIMENTO MÉDICO VALE VERDE,ZONA RURAL,-11.8796,-48.98529,116,-1,0
2024,574,93858,2,1511,SESI - CIAT ALBANO FRANCO DE GURUPI,VILA ALAGOANA,-11.72294,-49.08307,1142,-1,0
2024,575,93858,2,1520,ESCOLA MUNICIPAL VALNIR DE SOUZA SOARES,JARDIM MEDEIROS,-11.71153,-49.08619,330,-1,0
2024,576,93858,2,1538,CEMEI ONEIDE DE SOUZA COELHO,CAMPO BELLO,-11.72399,-49.12961,733,-1,0
2024,577,93858,2,1562,CRECHE CEMEI TÂNIA SCOTTA,PARQUE RESIDENCIAL NOVA FRONTEIRA,-11.7502,-49.06471,1175,-1,0
2024,578,93858,2,1570,INSTITUTO EDUCACIONAL PASSO A PASSO,VILA ALAGOANA,-11.72326,-49.08439,1366,-1,0
2024,579,94056,33,1015,COLEGIO ESTADUAL DE ITACAJA,CENTRO,-8.39248,-47.76795,2428,-1,0
2024,580,94056,33,1023,ESCOLA MUNICIPAL TANCREDO NEVES,CENTRO,-8.39495,-47.77023,1005,-1,0
2024,581,94056,33,1066,ESCOLA DA ALDEIA MANOEL ALVES PEQUENO,ALDEIA INDÍGENA,-8.41822,-47.73396,227,-1,0
2024,582,94056,33,1074,ESCOLA DA ALDEIA SANTA CRUZ,ALDEIA INDÍGENA,-8.49547,-47.67563,385,-1,0
2024,583,94056,33,1082,CEMEI - ANTONIA DE ALENCAR FERNANDES,SETOR AEROPORTO,-8.39695,-47.77491,1165,-1,0
2024,584,94056,33,1090,ESCOLA ESTADUAL INDÍGENA JUHKWYJ,ALDEIA INDÍGENA,-8.53915,-47.51033,246,-1,0
2024,585,94099,11,1031,ESCOLA MUNICIPAL SUELY BARBOSA - DESCARRETO,DESCARRETO,-5.78653,-47.47206,391,-1,0
2024,586,94099,11,1058,ESCOLA MUNICIPAL JAIME NUNES,CENTRO,-5.77463,-47.4784,871,-1,0
2024,587,94099,11,1074,ESCOLA ESTADUAL OLAVO BILAC,CENTRO,-5.77864,-47.48321,1432,-1,0
2024,588,94099,11,1104,ESCOLA  MUNICIPAL TOCANTINS - POVOADO ALTO DA CRUZ,ZONA RURAL,-5.7213,-47.74976,149,-1,0
2024,589,94099,11,1112,ESCOLA MUNICIPAL SANTO ANTONIO DA CACHOEIRA,CENTRO,-5.76826,-47.4832,889,-1,0
2024,590,94099,11,1139,ESCOLA MUNICIPAL SAO BENTO - ASSENTAMENTO FAZENDA REIS,ZONA RURAL,-5.76967,-47.7025,743,-1,0
2024,591,94099,11,1171,ESCOLA MUNICIPAL ANGICO - POVOADO ANGICO,POVOADO ANGICO,-5.66711,-47.49841,110,-1,0
2024,592,94099,11,1180,ESCOLA MUNICIPAL MARIA SILVA BARRETO - POVOADO CASTANHEIRO,POVOADO CASTANHEIRA,-5.67894,-47.56798,121,-1,0
2024,593,94099,11,1198,ESCOLA MUNICIPAL SÃO LUÍS DAS PALMEIRAS,POVOADO SÃO LUÍS DAS PALMEIRAS,-5.87282,-47.47358,64,-1,0
2024,594,94170,16,1015,COLÉGIO ESTADUAL FRANCISCA ALVES DE ALENCAR,CENTRO,-8.57333,-48.69001,1700,-1,0
2024,595,94170,16,1031,ESCOLA MUNICIPAL DONA AUGUSTA MARIA DE JESUS,CENTRO,-8.57476,-48.69127,1129,-1,0
2024,596,94617,5,1015,COLEGIO MILITAR SANTA TEREZINHA,CENTRO,-9.56517,-48.38946,1765,-1,0
2024,597,94617,5,1023,COLEGIO TOCANTINS,CENTRO,-9.56892,-48.38692,2141,-1,0
2024,598,94617,5,1031,ESC. EST. ONESINA BANDEIRA,FLAMBOYANT 2,-9.56264,-48.41098,1901,-1,0
2024,599,94617,5,1040,ESC. EST. JOSE DAMASCENO VASCONCELOS,CENTRO,-9.57362,-48.39418,1310,-1,0
2024,600,94617,5,1058,ESC. MUN. VILMAR VASCONCELOS FEITOSA,SETOR BRASIL,-9.55254,-48.4101,784,-1,0
2024,601,94617,5,1074,CEM DONA FILOMENA MOREIRA DE PAULA,SETOR SANTA FILOMENA,-9.56034,-48.40712,2242,-1,0
2024,602,94617,5,1090,ESCOLA EST. OSCAR SARDINHA,VILA MARIA,-9.55857,-48.39633,944,-1,0
2024,603,94617,5,1104,ESC. MUN. BRIGADEIRO LISIAS RODRIGUES,SETOR CORRENTINHO,-9.58755,-48.4004,370,-1,0
2024,604,94617,5,1112,UNIVERSIDADE FEDERAL DO TOCANTINS,SETOR UNIVERSITARIO,-9.56926,-48.40545,2522,-1,0
2024,605,94617,5,1139,ESC. MUN. VALE DO TOCANTINS,ZONA RURAL,-10.01304,-48.5474,616,-1,0
2024,606,94617,5,1171,ESC. MUN. BOANERGES MOREIRA DE PAULA,ZONA RURAL,-9.69634,-48.59299,169,-1,0
2024,607,94633,28,1015,ESCOLA ESTADUAL NOSSA SENHORA DA PROVIDENCIA,CENTRO,-9.53728,-48.59081,3608,-1,0
2024,608,94633,28,1023,CEM - RUI BRASIL CAVALCANTE,VILA MARIA,-9.53602,-48.59101,4017,-1,0
2024,609,94633,28,1031,ESCOLA MUNICIPAL ANTONIO PEREIRA DE SOUSA,CENTRO,-9.53097,-48.58951,888,-1,0
2024,610,94633,28,1040,ESCOLA MUNICIPAL ANTÔNIO PEREIRA DE SOUSA - ANEXO I,CENTRO,-9.53307,-48.58798,1570,-1,0
2024,611,94692,3,1015,ESCOLA ESTADUAL PADRE GAMA,CENTRO,-10.76552,-48.11192,2046,-1,0
2024,612,94692,3,1023,ESCOLA MUNICIPAL DURVAL SILVA,SETOR IPIRANGA,-10.77198,-48.11364,1351,-1,0
2024,613,94692,3,1058,ESCOLA MUNICIPAL MC 4,ZONA RURAL,-11.10849,-48.10524,82,-1,0
2024,614,94692,3,1074,ESCOLA ESTADUAL MESTRA BELA,CENTRO,-10.7622,-48.10717,1162,-1,0
2024,615,94692,3,1120,ESCOLA ESTADUAL CHE GUEVARA - ANTIGO PROF. ADONIAS.,ZONA RURAL,-10.96093,-48.09162,332,-1,0
2024,616,94692,3,1155,ESCOLA MUNICIPAL ZEZÉ PEDREIRA,ZONA RURAL,-10.5593,-48.23902,243,-1,0
2024,617,94692,3,1163,ESCOLA ESTADUAL DINA DE OLIVEIRA,ZONA RURAL,-10.92902,-47.99886,98,-1,0
2024,618,94811,19,1015,ESCOLA ESTADUAL DR QUINTILIANO DA SILVA ,CENTRO,-11.70998,-47.72643,1743,-1,0
2024,619,94811,19,1023,ESCOLA ESTADUAL NOSSA SENHORA DE FÁTIMA / O PELICANO,CENTRO,-11.70446,-47.72516,1211,-1,0
2024,620,94811,19,1031,ESCOLA ESPECIAL CORACI DE SENA FERNANDES,CENTRO,-11.71083,-47.72781,676,-1,0
2024,621,94811,19,1040,ESCOLA ESTADUAL JOAQUIM LINO SUARTE,CENTRO,-11.69824,-47.7209,810,-1,0
2024,622,94811,19,1090,ESCOLA MUNICIPAL DONA JOSINA PEREIRA NUNES,ZONA RURAL,-11.93863,-47.61393,519,-1,0
2024,623,94811,19,1104,ESPAÇO ACOL. D. FELIPA F. DE OLIVEIRA DO SANT. SENHOR. DO BONFIM,ZONA RURAL,-11.82851,-47.61409,124,-1,0
2024,624,94811,19,1112,ESCOLA MUNICIPAL JACUBINHA I,ZONA RURAL,-11.67813,-47.55918,181,-1,0
2024,625,94811,19,1120,ESCOLA MUNICIPAL ARCHCELINA PACINI VIEIRA,CENTRO,-11.70627,-47.72934,857,-1,0
2024,626,94811,19,1163,CRECHE TIA CHIQUINHA,NOVA ESPERANÇA,-11.70328,-47.73227,827,-1,0
2024,627,94838,9,1023,ESCOLA ESTADUAL PRESIDENTE CASTELO BRANCO (PADRÃO),CENTRO,-6.37436,-47.66012,2471,-1,0
2024,628,94838,9,1074,ESCOLA ESTADUAL PIAÇAVA,ZONA RURAL,-6.31568,-47.79319,523,-1,0
2024,629,94838,9,1082,ESCOLA ESTADUAL DOM CORNÉLIO CHIZZINI,ZONA RURAL,-6.33271,-47.84085,552,-1,0
2024,630,94838,9,1104,ESCOLA MUNICIPAL SANTO ANTÔNIO,ZONA RURAL,-6.27457,-47.86119,296,-1,0
2024,631,94838,9,1112,ESCOLA MUNICIPAL MARIANO MORAIS,ZONA RURAL,-6.37354,-47.74134,324,-1,0
2024,632,94994,35,1015,ESCOLA ESTADUAL PROFª ELIACENA MOURA LEITÃO,CENTRO,-9.96338,-47.6756,2275,-1,0
2024,633,94994,35,1023,ESCOLA MUNICIPAL DEUSIANO COELHO DE SOUSA,ZONA RURAL,-10.13604,-47.77261,277,-1,0
2024,634,94994,35,1031,ESCOLA MUNICIPAL RUIDELMAR LIMEIRA BORGES,CENTRO,-9.96516,-47.68113,1664,-1,0
2024,635,95192,7,1015,ESCOLA ESTADUAL DEUSA MORAES,CENTRO,-10.17416,-48.88365,1112,-1,0
2024,636,95192,7,1023,UNITINS - UNIVERSIDADE ESTADUAL DO TOCANTINS- CAMPUS DE PARAÍSO,CENTRO,-10.17296,-48.88719,1222,-1,0
2024,637,95192,7,1031,COLEGIO SÃO GERALDO,CENTRO,-10.1775,-48.8874,2786,-1,0
2024,638,95192,7,1040,CENTRO DE ENSINO MÉDIO JOSÉ ALVES DE ASSIS,CENTRO,-10.17451,-48.8888,2507,-1,0
2024,639,95192,7,1058,ESCOLA ESTADUAL AMÂNCIO DE MORAES,CENTRO,-10.17796,-48.8871,1431,-1,0
2024,640,95192,7,1066,INSTITUTO PRESBITERIANO VALE DO TOCANTINS,CENTRO,-10.17503,-48.8818,1911,-1,0
2024,641,95192,7,1082,ESCOLA RAIO DE SOL,CENTRO,-10.17113,-48.88443,744,-1,0
2024,642,95192,7,1090,COLÉGIO ESTADUAL IDALINA DE PAULA,SETOR OESTE,-10.18138,-48.89645,1649,-1,0
2024,643,95192,7,1104,"FACULDADE DE EDUCAÇÃO, CIÊNCIAS E LETRAS DE PARAÍSO-TO - FECIPAR",SETOR INTERLAGOS,-10.16489,-48.88296,773,-1,0
2024,644,95192,7,1112,ESCOLA MUNICIPAL DE 1 GRAU 23 DE OUTUBRO,SETOR OESTE,-10.18022,-48.89101,1112,-1,0
2024,645,95192,7,1120,ESCOLA ESTADUAL JUSCELINO KUBITSCHEK DE OLIVEIRA,SETOR SERRANO,-10.16707,-48.87445,1244,-1,0
2024,646,95192,7,1139,ESCOLA MUNICIPAL DE 1 GRAU JARDIM PAULISTA,JARDIM PAULISTA,-10.17346,-48.89525,1157,-1,0
2024,647,95192,7,1147,ESCOLA MUNICIPAL DE 1 GRAU POUSO ALEGRE,POUSO ALEGRE,-10.19317,-48.89054,1486,-1,0
2024,648,95192,7,1155,CMEI - PROFESSORA CONCEIÇÃO VILANI CAMPOS DUTRA BRAGA,VILA CHAPADAO,-10.14566,-48.88642,302,-1,0
2024,649,95192,7,1198,ESCOLA MUNICIPAL SANTA ROSA,DISTRITO DE SANTA LUZIA,-10.03458,-48.76688,197,-1,0
2024,650,95192,7,1201,COLEGIO ESTADUAL PROFESSOR JOSÉ NEZIO RAMOS,POUSO ALEGRE,-10.19301,-48.88963,1432,-1,0
2024,651,95192,7,1210,COLEGIO ESTADUAL CÍVICO E MILITAR SAO JOSE OPERARIO,JARDIM PAULISTA,-10.16755,-48.89781,2012,-1,0
2024,652,95192,7,1236,ESCOLA MUNICIPAL IRMÃ JULITA,SETOR AEROPORTO,-10.17975,-48.90288,1412,-1,0
2024,653,95192,7,1244,ESCOLA MUNICIPAL LUZIA TAVARES,POUSO ALEGRE,-10.1938,-48.88893,1482,-1,0
2024,654,95192,7,1252,"INSTITUTO FEDERAL DE EDUCAÇÃO, CIÊNCIA E TECNOLOGIA DO TOCANTINS",POVOADO SANTANA,-10.26852,-48.88802,252,-1,0
2024,655,95192,7,1260,ESCOLA MUL PROF ADÉLIA AGUIAR BARBOSA,VILA REGINA,-10.20156,-48.90291,1582,-1,0
2024,656,95192,7,1279,ESCOLA MUNICIPAL VEREADOR JOSÉ ODETE,VILA MILENA,-10.1571,-48.88746,1110,-1,0
2024,657,95192,7,1287,ESCOLA MUNICIPAL JOSÉ RIBEIRO TORRES,ALTO PARAÍSO,-10.19354,-48.88473,1362,-1,0
2024,658,95192,7,1309,COLÉGIO MILITAR DO ESTADO DO TOCANTINS DIACONÍZIO BEZERRA DA SILVA,JARDIM AMÉRICA,-10.19618,-48.89972,1905,-1,0
2024,659,95192,7,1317,ANEXO - ESCOLA MUNICIPAL IRMÃ JULITA,SETOR OESTE,-10.18191,-48.89635,733,-1,0
2024,660,95192,7,1325,SESC LER - SERVIÇO SOCIAL DO COMÉRCIO TOCANTINS,JARDIM PAULISTA,-10.15067,-48.88852,758,-1,0
2024,661,95192,7,1333,SENAI - PARAÍSO DO TOCANTINS,SETOR NOVA FRONTEIRA,-10.20242,-48.8945,883,-1,0
2024,662,95192,7,1350,CMEI - SONHO DE CRIANÇA - ARCO-ÍRIS,JARDIM PAULISTA,-10.17213,-48.89444,790,-1,0
2024,663,95214,18,1015,COLÉGIO ESTADUAL DES VIRGILIO DE MELO FRANCO,CENTRO,-12.6161,-47.87911,1519,-1,0
2024,664,95214,18,1040,COLÉGIO ESTADUAL EUCLIDES BEZERRA GERAIS,CENTRO,-12.61632,-47.87963,1744,-1,0
2024,665,95214,18,1074,COLÉGIO ESTADUAL FLORESTA,POVOADO CAMPO ALEGRE,-13.11631,-47.76667,763,-1,0
2024,666,95214,18,1082,ESCOLA ESTADUAL SANTA RITA DO RIO PALMA,POVOADO BOM JESUS DA PALMA,-12.62545,-47.56129,801,-1,0
2024,667,95214,18,1090,COLÉGIO MUNICIPAL DO TIGRE,POVOADO TIGRE,-12.1625,-48.0559,211,-1,0
2024,668,95214,18,1180,PREDIO DA INCLUSÃO DIGITAL(AUDITÓRIO DA INCLUSÃO DIGITAL),CENTRO,-12.61592,-47.88174,585,-1,0
2024,669,95214,18,1210,ESCOLA MUNICIPAL FLORACY BONFIM  PEREIRA DE ARAÚJO,VILA NOVA,-12.61441,-47.87203,1760,-1,0
2024,670,95214,18,1228,ESCOLA MUNICIPAL SOLDADINHO DE JESUS,CENTRO,-12.61595,-47.88032,1324,-1,0
2024,671,95257,23,1015,COLÉGIO CRISTO REI,CENTRO,-8.96752,-48.17596,2181,-1,0
2024,672,95257,23,1023,ESCOLA MUNICIPAL JANDEVAN,CENTRO,-8.96883,-48.17596,593,-1,0
2024,673,95257,23,1031,ESCOLA ESTADUAL ANA AMORIM,CENTRO,-8.97533,-48.17613,1319,-1,0
2024,674,95257,23,1066,ESCOLA ESTADUAL DE ANAJANÓPOLIS,ZONA RURAL,-9.30731,-47.93016,297,-1,0
2024,675,95257,23,1082,ESCOLA ESTADUAL BOM TEMPO,ZONA RURAL,-9.17138,-48.02102,147,-1,0
2024,676,95257,23,1090,ESCOLA MUNICIPAL SOUSA AGUIAR,CENTRO,-8.98226,-48.1696,2575,-1,0
2024,677,95257,23,1104,ESCOLA MUNICIPAL BOA ESPERANÇA,ZONA RURAL,-9.3091,-48.20898,140,-1,0
2024,678,95257,23,1120,UNIDADE BÁSICA DE SAÚDE MARIA CLARA BRASIL DE CARVALHO,CENTRO,-9.01397,-48.17303,521,-1,0
2024,679,95257,23,1139,ESCOLA ESTADUAL INDÍGENA WAKRERO KÂTOPKUZE,ALDEIA INDÍGENA LAGEADO,-9.43014,-48.10001,51,-1,0
2024,680,95257,23,1155,ESCOLA MUNICIPAL JOSÉ COMBAS ALAMEDA,CENTRO,-8.99155,-48.15867,1221,-1,0
2024,681,95257,23,1163,INSTITUTO FEDERAL DO TOCANTINS - CAMPUS AVANÇADO PEDRO AFONSO,SETOR ZACARIAS CAMPELLO,-8.98804,-48.16146,1775,-1,0
2024,682,95273,20,1015,COLÉGIO ESTADUAL DOM ALANO,CENTRO,-12.02849,-48.53797,1726,-1,0
2024,683,95273,20,1023,ESCOLA MUNICIPAL JUCELINO KUBITSCHEK DE OLIVEIRA,SETOR AEROPORTO,-12.0361,-48.545,984,-1,0
2024,684,95273,20,1031,ESCOLA ESTADUAL TANCREDO NEVES,CENTRO,-12.02833,-48.53934,852,-1,0
2024,685,95273,20,1082,ESCOLA MUNICIPAL OLAVO BILAC,ZONA RURAL,-11.88012,-48.83797,639,-1,0
2024,686,95273,20,1090,ESCOLA MUNICIPAL RUI IRINEU SILVA,ZONA RURAL,-11.84048,-48.39103,515,-1,0
2024,687,95273,20,1139,ESCOLA MUNICIPAL HERCULANO DE QUEIROZ,ZONA RURAL,-11.59383,-48.52888,1106,-1,0
2024,688,95273,20,1147,ESCOLA MUNICIPAL JOSE BEZERRA DA SILVA,ZONA RURAL,-12.34396,-48.63935,120,-1,0
2024,689,95273,20,1163,ESCOLA MUNICIPAL SOL NASCENTE,ZONA RURAL,-12.10572,-48.41827,215,-1,0
2024,690,95273,20,1180,ESCOLA MUNICIPAL SAO JOSE,VILA SÃO JOSÉ,-12.02264,-48.54316,427,-1,0
2024,691,95273,20,1201,ESCOLA MUNICIPAL MESTRE FRANCISCO RIBEIRO,SETOR SUL,-12.04198,-48.53989,760,-1,0
2024,692,95273,20,1210,ASSOCIAÇÃO DOS PRODUTORES RURAIS DO ASSENTAMENTO SÃO JOSE,ZONA RURAL,-11.9355,-48.67403,205,-1,0
2024,693,95290,16,1015,COLÉGIO ESTADUAL SERRA DAS CORDILHEIRAS,CENTRO,-8.729,-48.75806,1266,-1,0
2024,694,95290,16,1031,APAE - ASSOCIAÇÃO DE PAES E AMIGOS DOS EXEPCIONAIS ,CENTRO,-8.73583,-48.75178,817,-1,0
2024,695,95290,16,1040,COLÉGIO ESTADUAL ARY RIBEIRO VALADÃO FILHO CMTO XXII,SETOR SUL,-8.7351,-48.74954,940,-1,0
2024,696,95290,16,1058,ESCOLA ESTADUAL JUSCELINO KUBITSCHEK DE OLIVEIRA,ZONA RURAL,-8.65092,-48.85232,418,-1,0
2024,697,95290,16,1104,ESCOLA MUNICIPAL JOSEFINA RIBEIRO DOS SANTOS,SETOR SUL,-8.73989,-48.7487,753,-1,0
2024,698,95290,16,1112,ESCOLA MUNICIPAL CARLOS CHAGAS,ZONA RURAL,-8.78661,-48.64313,159,-1,0
2024,699,95290,16,1139,CMEI FABIANO RIBEIRO DE OLIVEIRA,CENTRO,-8.73605,-48.75385,617,-1,0
2024,700,95290,16,1147,CENTRO EDUCACIONAL ARTE DO SABER,CENTRO,-8.73062,-48.76383,292,-1,0
2024,701,95290,16,1155,CMEI EURIPADES VIEIRA DE SOUSA,CENTRO,-8.73004,-48.75717,774,-1,0
2024,702,95290,16,1163,ESCOLA MUNICIPAL MARECHAL HUMBERTO CASTELO BRANCO,CENTRO,-8.73255,-48.75778,429,-1,0
2024,703,95338,32,1023,COLEGIO ESTADUAL ADA DE ASSIS TEIXEIRA,CENTRO,-7.71407,-47.31478,3016,-1,0
2024,704,95338,32,1031,CRECHE MUNICIPAL GENTE PEQUENA,CENTRO,-7.71295,-47.31923,1254,-1,0
2024,705,95338,32,1074,ESCOLA MUNICIPAL PEDRO BENTO DA LUZ,ZONA RURAL,-8.10587,-47.64998,388,-1,0
2024,706,95338,32,1082,ESCOLA MAURICIO DE ANDRADE,ZONA RURAL,-7.99031,-47.1103,306,-1,0
2024,707,95338,32,1090,ESCOLA MUNICIPAL GREGÓRIO DE ASSIS,ZONA RURAL,-8.38456,-47.76357,1327,-1,0
2024,708,95338,32,1104,ESCOLA HONORATO JOSE DA CRUZ,ZONA RURAL,-7.97973,-47.697,534,-1,0
2024,709,95338,32,1112,GRUPO MUNICIPAL JOSE DE CARVALHO,ZONA RURAL,-8.1056,-47.19114,635,-1,0
2024,710,95338,32,1139,ESCOLA MUNICIPAL SAO MIGUEL,ZONA RURAL,-7.91509,-47.30315,178,-1,0
2024,711,95338,32,1171,ESCOLA INDIGENA TXUARET,ALDEIA INDÍGENA,-8.0464,-47.25694,119,-1,0
2024,712,95338,32,1180,ESCOLA INDIGENA TOROAKO,ALDEIA INDÍGENA,-8.29981,-47.63652,369,-1,0
2024,713,95338,32,1198,ESCOLA ESTADUAL INDÍGENA CROKROC,ALDEIA INDÍGENA,-8.25829,-47.51543,343,-1,0
2024,714,95338,32,1201,ESCOLA MUNICIPAL LUZIA MACHADO FEITOSA,SETOR AEROPORTO,-7.70484,-47.32539,314,-1,0
2024,715,95370,26,1015,ESCOLA ESTADUAL JOSÉ ALVES DE ASSIS,SETOR VILA NOVA,-11.13483,-47.58108,927,-1,0
2024,716,95370,26,1023,COLÉGIO DE TEMPO INTEGRAL GIRASSOL MANOEL DOS SANTOS ROSAL,CENTRO,-11.14085,-47.57612,1688,-1,0
2024,717,95370,26,1031,ESCOLA MUNICIPAL JOSEFA BELEM,CENTRO,-11.13397,-47.57783,967,-1,0
2024,718,95370,26,1040,CENTRO MUNICIPAL DE EDUCAÇÃO INFANTIL TIA CARMOSINA GONÇALVES,SETOR VILA NOVA,-11.13462,-47.58237,300,-1,0
2024,719,95478,13,1015,ESCOLA MUNICIPAL DONA LINDAURA OLIVEIRA MORAES,CENTRO,-10.44255,-49.17405,2146,-1,0
2024,720,95478,13,1023,ESCOLA ESTADUAL BARTOLOMEU BUENO,CENTRO,-10.44156,-49.17962,3107,-1,0
2024,721,95478,13,1031,ESCOLA MUNICIPAL JOÃO TEIXEIRA FILHO,ZONA RURAL,-10.04793,-49.6392,604,-1,0
2024,722,95478,13,1058,ESCOLA INDIGENA DO 1O GRAU HERYRI HAWA,ALDEIA INDÍGENA,-10.47313,-50.48182,402,-1,0
2024,723,95516,17,1015,ESCOLA ESTADUAL ANTONIO CARLOS DE FRANCA,CENTRO,-12.09129,-46.48058,1525,-1,0
2024,724,95516,17,1023,ESCOLA MUNIPAL DONA ALZIRA,CENTRO,-12.08651,-46.47851,1372,-1,0
2024,725,95516,17,1040,ESCOLA DONA DAMIANA,ZONA RURAL,-12.25072,-46.669,455,-1,0
2024,726,95516,17,1058,ESCOLA ESTADUAL BOA VISTA DE BELEM,ZONA RURAL,-11.91538,-46.50092,473,-1,0
2024,727,95532,26,1015,CAMARA MUNICIPAL DE PONTE ALTA DO TOCANTINS,CENTRO,-10.74667,-47.5386,298,-1,0
2024,728,95532,26,1023,ESCOLA MUNICIPAL DE EDUCAÇÃO BÁSICA CLEYTON MAIA BARROS,CENTRO,-10.74632,-47.53801,993,-1,0
2024,729,95532,26,1031,COLÉGIO ESTADUAL ODOLFO SOARES,SETOR JARDIM BRASÍLIA,-10.74364,-47.53911,1721,-1,0
2024,730,95532,26,1040,PREFEITURA MUNICIPAL DE PONTE ALTA DO TOCANTINS,CENTRO,-10.74643,-47.53884,294,-1,0
2024,731,95532,26,1058,ESCOLA ESTADUAL GIRASSOL DE TEMPO INTEGRAL ALCIDES RUFO,SETOR SUL,-10.75316,-47.53158,706,-1,0
2024,732,95532,26,1082,ESCOLA MUNICIPAL SABINO FERREIRA MEDEIROS,BOA ESPERANCA,-10.73949,-47.53206,581,-1,0
2024,733,95532,26,1120,ANTIGO POSTO DE SAÚDE DO MORRO LIMPO,ZONA RURAL,-10.90821,-47.61778,102,-1,0
2024,734,95532,26,1180,ESCOLA MUNICIPAL DOS ASSENTAMENTOS SANTA TEREZA E SANTO ONOFRE,ZONA RURAL,-10.44339,-47.75914,113,-1,0
2024,735,95532,26,1198,CRECHE PROINFÂNCIA PROFESSORA ADELAIDE AIRES DA SILVA BARROS,SETOR SUL,-10.753,-47.53242,585,-1,0
2024,736,95532,26,1201,ESCOLA DE EDUCAÇÃO ESPECIAL AMILSON FRAZÃO DOS REIS - APAE,SETOR AEROPORTO,-10.75053,-47.53627,266,-1,0
2024,737,95591,3,1023,APAE - ESCOLA ESPECIAL MÃE TIA EULINA BRAGA (ANTIGA DRE),SETOR AEROPORTO,-10.71106,-48.40537,1206,-1,0
2024,738,95591,3,1031,CENTRO DE ENSINO MEDIO FLORÊNCIO AIRES - CEM,JARDIM BRASILIA,-10.7143,-48.41098,2594,-1,0
2024,739,95591,3,1066,ESCOLA ESTADUAL ALFREDO NASSER,ZONA RURAL,-10.74658,-48.45908,750,-1,0
2024,740,95591,3,1082,ESCOLA ESTADUAL DOM DOMINGOS CARREROT,SETOR AEROPORTO,-10.71111,-48.40705,1453,-1,0
2024,741,95591,3,1090,ESCOLA ESTADUAL DOM PEDRO II,CENTRO,-10.71015,-48.41147,1670,-1,0
2024,742,95591,3,1104,ESCOLA ESTADUAL IRMA ASPASIA,CENTRO,-10.70212,-48.41083,3389,-1,0
2024,743,95591,3,1112,ESCOLA EST. MAL. ARTUR DA COSTA E SILVA,JARDIM QUERIDO,-10.7054,-48.39881,2262,-1,0
2024,744,95591,3,1120,ESCOLA ESTADUAL ANGELICA RIBEIRO ARANHA,PORTO IMPERIAL,-10.7341,-48.4063,2043,-1,0
2024,745,95591,3,1139,ESCOLA EST FELIX CAMOA I,VILA NOVA,-10.69406,-48.40968,3332,-1,0
2024,746,95591,3,1147,ESCOLA ESTADUAL PEDRO LUDOVICO TEIXEIRA,NOVO PLANALTO,-10.72015,-48.39507,2780,-1,0
2024,747,95591,3,1163,ESCOLA MUNICIPAL ELISA LOPES BARROS,ZONA RURAL,-10.68503,-48.53802,615,-1,0
2024,748,95591,3,1236,ESCOLA ESTADUAL BEIRA RIO,distrito de luzimangues,-10.17321,-48.4561,3631,-1,0
2024,749,95591,3,1244,ESCOLA ESTADUAL PROFESSORA CARMENIA MATOS MAIA,CONJUNTO BRIGADEIRO EDUARDO GOMES,-10.73036,-48.38635,1598,-1,0
2024,750,95591,3,1252,ESCOLA EST. CUSTODIA DA SILVA PEDREIRA  (COLÉGIO DA POLÍCIA MILITAR),SÃO VICENTE,-10.67503,-48.40374,1381,-1,0
2024,751,95591,3,1260,ESCOLA MUNICIPAL UNIÃO E PROGRESSO,PORTO IMPERIAL,-10.73247,-48.41115,909,-1,0
2024,752,95591,3,1279,COLEGIO SAGRADO CORACAO DE JESUS,CENTRO,-10.70842,-48.41307,2241,-1,0
2024,753,95591,3,1287,CEMEI - IZIDORIA QUIRINO DOS SANTOS (ANTIGA ASSOCIAÇÃO JARDIM QUERIDO),JARDIM QUERIDO,-10.70339,-48.39924,483,-1,0
2024,754,95591,3,1295,ESCOLA MUNICIPAL DIVINO ESPÍRITO SANTO,JARDIM BRASILIA,-10.71865,-48.41593,1139,-1,0
2024,755,95591,3,1309,ESCOLA MUNICIPAL FANY MACEDO,NOVO PLANALTO,-10.72276,-48.39957,709,-1,0
2024,756,95591,3,1317,ESCOLA MUNICIPAL PROFESSORA DEASIL AIRES DA SILVA,SETOR CASINHAS,-10.73186,-48.38428,497,-1,0
2024,757,95591,3,1325,ESCOLA ESTADUAL ALCIDES RODRIGUES AIRES,NOVA CAPITAL,-10.68267,-48.4009,2651,-1,0
2024,758,95591,3,1333,ESCOLA MUNICIPAL PAU D'ARCO,ZONA RURAL,-10.42695,-48.6913,118,-1,0
2024,759,95591,3,1341,ESCOLA MUNICIPAL ERCINA MONTEIRO PEREIRA,ZONA RURAL,-10.43999,-48.34731,301,-1,0
2024,760,95591,3,1368,ESCOLA MUNICIPAL FAUSTINO DIAS DOS SANTOS,ZONA RURAL,-10.56011,-48.53969,186,-1,0
2024,761,95591,3,1376,ESCOLA MUNICIPAL VER. MARIETA PEREIRA DE MACEDO,SAO FRANCISCO,-10.72309,-48.3843,687,-1,0
2024,762,95591,3,1406,ESCOLA MUNICIPAL CELSO ALVES MOURÃO,VILA NOVA,-10.69165,-48.40782,1143,-1,0
2024,763,95591,3,1414,"INSTITUTO FEDERAL DE EDUCAÇÃO, CIÊNCIA E TECNOLOGIA DO TOCANTINS-IFTO",JARDIM AMÉRICA,-10.69213,-48.39862,1460,-1,0
2024,764,95591,3,1422,ESCOLA MUNICIPAL JACINTO BISPO ARANTES,distrito de luzimangues,-10.20305,-48.46251,4412,-1,0
2024,765,95591,3,1449,ESCOLA MUNICIPAL EULINA BRAGA,distrito de luzimangues,-10.1627,-48.51934,164,-1,0
2024,766,95591,3,1465,SUB PREFEITURA DO DISTRITO DE LUZIMANGUES,distrito de luzimangues,-10.19432,-48.44771,544,-1,0
2024,767,95699,35,1015,COLÉGIO ESTADUAL 31 DE MARÇO,CENTRO,-9.59605,-46.67493,1763,-1,0
2024,768,95699,35,1031,ESCOLA ESTADUAL REGINA SIQUEIRA CAMPOS,CENTRO,-9.59397,-46.67587,944,-1,0
2024,769,95699,35,1040,ESCOLA MUNICIPAL SANTA LUZIA,ZONA RURAL,-8.96073,-47.22771,81,-1,0
2024,770,95699,35,1058,ESCOLA MUNICIPAL EMA,ZONA RURAL,-9.8205,-46.93856,104,-1,0
2024,771,95699,35,1066,ESCOLA ESTADUAL AYRTON SENNA DA SILVA,DISTRITO DE ALTO BONITO,-9.20641,-47.05086,361,-1,0
2024,772,96032,21,1015,COLÉGIO ESTADUAL  ÍRIO OLIVEIRA SOUSA,CENTRO,-5.25773,-48.20128,1373,-1,0
2024,773,96032,21,1023,ESCOLA MUNICIPAL LETÍCIA CARNEIRO DE SOUSA,CENTRO,-5.26048,-48.20573,1019,-1,0
2024,774,96032,21,1031,ESCOLA ESTADUAL DR. PEDRO LUDOVICO SOARES,CENTRO,-5.25989,-48.20703,863,-1,0
2024,775,96032,21,1040,ESCOLA MUNICIPAL ARMANDO ALVES DA SILVA,ZONA RURAL,-5.26547,-48.32667,214,-1,0
2024,776,96130,11,1023,ESCOLA MUNICIPAL SÃO PEDRO - POVOADO SÃO PEDRO,ZONA RURAL,-5.54836,-47.63551,376,-1,0
2024,777,96130,11,1040,ESCOLA MUNICIPAL JARBAS PASSARINHO - POVOADO OLHO D'ÁGUA DO CÔCO,ZONA RURAL,-5.58932,-47.60421,858,-1,0
2024,778,96130,11,1058,ESCOLA ESTADUAL MARECHAL RIBAS JUNIOR,CENTRO,-5.60205,-47.64023,2442,-1,0
2024,779,96130,11,1066,ESCOLA  ESTADUAL TEOTONIO SEGURADO - POVOADO SUMAÚMA,ZONA RURAL,-5.53276,-47.69232,675,-1,0
2024,780,96130,11,1074,ESCOLA MUNICIPAL DUQUE DE CAXIAS,CENTRO,-5.60108,-47.64255,611,-1,0
2024,781,96130,11,1082,UBS - UNIDADE BÁSICA DE SAÚDE - POVOADO BOA ESPERANÇA,ZONA RURAL,-5.62958,-47.65397,303,-1,0
2024,782,96130,11,1104,ESCOLA MUNICIPAL 14 DE OUTUBRO,CENTRO,-5.60353,-47.63839,1425,-1,0
2024,783,96130,11,1139,ESCOLA MUNICIPAL SETE DE SETEMBRO - POVOADO SANTA INÊS,ZONA RURAL,-5.67243,-47.68133,409,-1,0
2024,784,96130,11,1147,ESCOLA MUNICIPAL GETULIO VARGAS - POVOADO JUVERLÂNDIA,ZONA RURAL,-5.5101,-47.74034,360,-1,0
2024,785,96130,11,1163,ESCOLA ESTADUAL MANOEL ESTEVÃO DE SOUZA,CENTRO,-5.60317,-47.6328,511,-1,0
2024,786,96156,17,1015,COLEGIO ESTADUAL PROFESSOR AURELIANO,CENTRO,-12.40466,-46.43934,2075,-1,0
2024,787,96156,17,1023,COLEGIO MILITAR DO ESTADO DO TOCANTINS AGOSTINHO DE ALMEIDA,CENTRO,-12.40709,-46.43458,1066,-1,0
2024,788,96156,17,1031,COLEGIO ESTADUAL JUSTINO DE ALMEIDA,CENTRO,-12.40151,-46.43854,1396,-1,0
2024,789,96156,17,1040,GRUPO ESCOLAR ALTAMIRA,ZONA RURAL,-12.15495,-46.45307,504,-1,0
2024,790,96156,17,1058,ESCOLA MUNICIPAL JOAQUIM JOSE DE ALMEIDA,VILA SANTA MARIA,-12.404,-46.42962,1441,-1,0
2024,791,96156,17,1066,ESCOLA MUNICIPAL LAURA DO CARMO,SETOR NORTE,-12.39884,-46.43844,1981,-1,0
2024,792,96156,17,1074,ESCOLA MUNICIPAL JOSE DE ALMEIDA,SETOR INDUSTRIAL,-12.41203,-46.42614,1380,-1,0
2024,793,96156,17,1082,ESCOLA MUNICIPAL JUVÊNCIA URCINO DE SANTANA,ZONA RURAL,-12.40397,-46.72828,102,-1,0
2024,794,96156,17,1104,ESCOLA MARIA GUEDES LIMA,SETOR BELA VISTA,-12.3974,-46.43216,1243,-1,0
2024,795,96199,5,1015,ESC. EST. ANTONIO BENVINDO DA LUZ,CENTRO,-9.5718,-48.37588,1576,-1,0
2024,796,96199,5,1023,COL. EST. FREI ANTONIO,CENTRO,-9.56939,-48.37896,1092,-1,0
2024,797,96199,5,1031,ESC. EST. INDÍGENA SRÊMTÔWE (ALDEIA PORTEIRA),ALDEIA INDÍGENA,-9.4509,-48.36878,584,-1,0
2024,798,96199,5,1040,ESC. MUN. PROF. CONSTANTINO PEDRO DE CASTRO,VILA PLANALTO,-9.56181,-48.37123,536,-1,0
2024,799,96199,5,1058,ESC. EST. INDÍGENA RIO SONO (ALDEIA RIO SONO),ALDEIA INDÍGENA,-9.5929,-47.92445,207,-1,0
2024,800,96199,5,1066,ESC. EST. INDÍGENA SUZAWRE (ALDEIA BREJO COMPRIDO),ALDEIA INDÍGENA,-9.68329,-48.0915,328,-1,0
2024,801,96199,5,1074,ESC. MUN. ANA ALVES DE BRITO (PALMINHA),ZONA RURAL,-9.83251,-48.10818,258,-1,0
2024,802,96199,5,1090,ESC. EST. INDÍGENA SAKRUIWE (ALDEIA FUNIL),ALDEIA INDÍGENA,-9.64721,-48.37147,302,-1,0
2024,803,96199,5,1104,ESC. MUN. BENVINDO SOUZA LUZ (ÁGUA FRIA II),ZONA RURAL,-9.77294,-48.17765,284,-1,0
2024,804,96199,5,1112,ESC. EST. INDÍGENA KRASAPTE (ALDEIA BRUPRE),ALDEIA INDÍGENA,-9.45834,-48.11662,183,-1,0
2024,805,96199,5,1120,CEMIX - WARA,ALDEIA INDÍGENA,-9.5742,-48.27592,135,-1,0
2024,806,96210,9,1023,UFT - CAMPUS UNIVERSITÁRIO DE TOCANTINÓPOLIS (CENTRO),SETOR DERGO,-6.32463,-47.42876,2018,-1,0
2024,807,96210,9,1031,COLÉGIO DOM ORIONE,CENTRO,-6.32866,-47.41605,1841,-1,0
2024,808,96210,9,1040,ESCOLA PAROQUIAL CRISTO REI,CEU AZUL,-6.32531,-47.42517,1287,-1,0
2024,809,96210,9,1058,COLÉGIO ESTADUAL DARCY MARINHO,AEROPORTO,-6.32714,-47.42561,1938,-1,0
2024,810,96210,9,1090,ESCOLA ESTADUAL XV DE NOVEMBRO,CENTRO,-6.32897,-47.41648,940,-1,0
2024,811,96210,9,1120,ESCOLA MUNICIPAL MANOEL DE SOUSA LIMA,ZONA RURAL,-6.29616,-47.44207,445,-1,0
2024,812,96210,9,1201,ESCOLA MUNICIPAL 7 DE SETEMBRO,ZONA RURAL,-6.35866,-47.49135,316,-1,0
2024,813,96210,9,1210,ESCOLA MUNICIPAL ALTO DA BOA VISTA II,ALTO DA BOA VISTA I,-6.31909,-47.42007,1902,-1,0
2024,814,96210,9,1236,ESCOLA MUNICIPAL PROF. ANTÔNIO FARIAS,VILA MATILDE,-6.32106,-47.43398,1090,-1,0
2024,815,96210,9,1252,ESCOLA INDÍGENA MANTY'Q SÃO JOSÉ,ALDEIA INDÍGENA,-6.33929,-47.5528,694,-1,0
2024,816,96210,9,1260,ESCOLA ESTADUAL JOSÉ CARNEIRO DE BRITO (PADRÃO),ALTO BONITO,-6.33766,-47.42559,2745,-1,0
2024,817,96210,9,1279,ESCOLA ESTADUAL INDÍGENA TEKATOR,ALDEIA INDÍGENA,-6.2029,-47.45593,276,-1,0
2024,818,96210,9,1287,ESCOLA MUNICIPAL ANTÔNIO FERNANDES DOS SANTOS,ZONA RURAL,-6.25225,-47.46368,168,-1,0
2024,819,96210,9,1295,ESCOLA MUNICIPAL NOVO AEROPORTO,ZONA RURAL,-6.33817,-47.47096,132,-1,0
2024,820,96210,9,1414,ESCOLA MUNICIPAL ALVINO NUNES DA SILVA,ZONA RURAL,-6.31442,-47.45636,60,-1,0
2024,821,96270,6,1023,COLÉGIO ESTADUAL DONA ANAÍDES BRITO MIRANDA,Centro,-8.83227,-48.51647,1465,-1,0
2024,822,96270,6,1031,CENTRO DE ENSINO MÉDIO OQUERLINA TORRES,Centro,-8.83364,-48.51006,2367,-1,0
2024,823,96270,6,1040,COLÉGIO ESTADUAL ANTONIO ALENCAR LEÃO,Centro,-8.84284,-48.50834,1483,-1,0
2024,824,96270,6,1058,ESCOLA ESTADUAL IRINEU ALBANO HENDGES,SETOR AEROPORTO,-8.8515,-48.50383,1284,-1,0
2024,825,96270,6,1066,ESCOLA MUNICIPAL LEÔNCIO DE SOUSA MIRANDA,SETOR PESTANA,-8.82697,-48.50705,1110,-1,0
2024,826,96270,6,1082,COLÉGIO ESTADUAL RAIMUNDO ALENCAR  LEÃO,SETOR UNIVERSITÁRIO,-8.84165,-48.50576,1992,-1,0
2024,827,96270,6,1090,ESCOLA MUNICIPAL SOSSEGO DA MAMÃE,Centro,-8.83911,-48.51391,1521,-1,0
2024,828,96270,6,1112,FAG - FACULDADE DE GUARAI,Centro,-8.83995,-48.50578,1432,-1,0
2024,829,96270,6,1120,CEMEI - PROFESSORA AUREA GONÇALVES MACEDO,SETOR PESTANA,-8.82736,-48.50766,1320,-1,0
2024,830,96270,6,1139,APAE - ASSOCIAÇÃO DOS PAIS E AMIGOS DOS EXCEPCIONAIS,SETOR UNIVERSITÁRIO,-8.84101,-48.50575,681,-1,0
2024,831,96270,6,1147,ESCOLA MUNICIPAL JK,Centro,-8.84698,-48.50537,862,-1,0
2024,832,96270,6,1155,ESCOLA MUNICIPAL LUIZ DE CAMÕES,SETOR NOVA QUERÊNCIA,-8.84895,-48.51826,689,-1,0
2024,833,96270,6,1244,ESC. MUN. PROFª MARIA DO SOCORRO COELHO SILVA,SETOR SÃO LUIZ,-8.83935,-48.50902,1363,-1,1
2024,834,96296,4,1015,COLÉGIO ESTADUAL JUSCELINO KUBITSCHEK,CENTRO,-8.53236,-48.50019,1562,-1,0
2024,835,96296,4,1040,ESCOLA MUNICIPAL RAIMUNDO BARBOSA DE SOUSA,CENTRO,-8.53276,-48.50425,1362,-1,0
2024,836,96431,12,1058,CAMARA MUNICIPAL,CENTRO,-6.40884,-48.53816,288,-1,0
2024,837,96431,12,1066,ESCOLA PAROQUIAL SAO MIGUEL,CENTRO,-6.4111,-48.53669,951,-1,0
2024,838,96431,12,1082,CRECHE MUNICIPAL RODOLFO MALINSKI,CENTRO,-6.41149,-48.53731,832,-1,0
2024,839,96431,12,1090,ESCOLA ESTADUAL EURICO MOTA,CENTRO,-6.41224,-48.5333,1759,-1,0
2024,840,96431,12,1104,COLEGIO ESTADUAL JULIANA BARROS,SETOR LESTE,-6.41307,-48.53109,1933,-1,0
2024,841,96431,12,1120,ESCOLA MUNICIPAL FRANCISCO DE OLIVEIRA,BAIXA FRIA,-6.41468,-48.53804,786,-1,0
2024,842,96431,12,1163,ESCOLA MUNICIPAL DOM CORNÉLIO CHIZZINI,SÃO JOSÉ,-6.40676,-48.52986,1490,-1,0
2024,843,96431,12,1171,ESCOLA MUNICIPAL SEVERINO TEIXEIRA ROCHA,TRECHO SECO,-6.42265,-48.53501,488,-1,0
2024,844,96431,12,1180,ESCOLA MUNICIPAL GENÍSIA BERNARDO GRANJEIRO,ZONA RURAL,-6.47475,-48.37738,156,-1,0
2024,845,96490,18,1015,COLÉGIO ESTADUAL  MARIA GUEDES,CENTRO,-13.04237,-48.4069,1178,-1,0
2024,846,96490,18,1082,COLÉGIO ESTADUAL PROFESSORA ONEIDES ROSA DE MOURA,CENTRO,-13.04412,-48.41161,2052,-1,0
2024,847,96490,18,1104,ESCOLA MUNICIPAL ESPAÇO CONEXÃO,CENTRO,-13.04033,-48.4022,1181,-1,0
2024,848,96490,18,1120,ESCOLA MUNICIPAL ELDA SILVA BARROS,ST ALTO DA BOA VISTA,-13.03867,-48.41248,1684,-1,0
2024,849,96598,3,1015,ESCOLA ESTADUAL JOÃO PIRES QUERIDO,SETOR OESTE,-11.15449,-48.16676,1843,-1,0
2024,850,96598,3,1023,COLÉGIO ESTADUAL JOÃO DA SILVA GUIMARÃES,CENTRO,-11.14655,-48.17162,2828,-1,0
2024,851,96598,3,1031,ESCOLA MUNICIPAL CAMINHO SUAVE,ZONA RURAL,-10.9781,-47.74319,66,-1,0
2024,852,96598,3,1040,ESCOLA MUNICIPAL DIRCEU BONANCIM,ZONA RURAL,-11.16557,-47.82337,192,-1,0
2024,853,96636,31,1015,ESCOLA ESTADUAL HAMEDY CURI QUEIROZ,CENTRO,-7.63271,-48.41962,1564,-1,0
2024,854,96636,31,1023,ESCOLA ESTADUAL DR HELIO DE SOUSA BUENO,CENTRO,-7.63549,-48.42093,2593,-1,0
2024,855,96636,31,1031,ESCOLA MUNICIPAL PEDRO CHICOU DE ALENCAR,CENTRO,-7.63229,-48.42145,1094,-1,0
2024,856,96636,31,1040,ESCOLA MUNICIPAL LADISLAU DE OLIVEIRA,CENTRO,-7.62636,-48.42518,804,-1,0
2024,857,96636,31,1058,ESCOLA MUNICIPAL MARIA LIRA,CENTRO,-7.63837,-48.41841,1174,-1,0
2024,858,96636,31,1090,ESCOLA ADRIANO MARTINS BRILHANTE,ZONA RURAL,-7.74875,-48.3257,289,-1,0
2024,859,96636,31,1104,ESCOLA MUNICIPAL ANTONIO PEREIRA DOS SANTOS,ZONA RURAL,-7.6427,-48.28705,325,-1,0
2024,860,96636,31,1112,CEMEI - ANTÔNIO FILEMON GOMES,CENTRO,-7.63604,-48.42076,519,-1,0
2024,861,96652,27,1015,CENTRO MUNICIPAL DE EDUCAÇÃO INFANTIL PROFESSORA MARIA DARLETE,CENTRO,-6.85277,-47.96121,1827,-1,0
2024,862,96652,27,1023,ESCOLA ESTADUAL DOM PEDRO II,CENTRO,-6.85212,-47.96211,1060,-1,0
2024,863,96652,27,1031,COLEGIO ESTADUAL JOSE LUIZ SIQUEIRA,CENTRO,-6.84615,-47.96743,2294,-1,0
2024,864,96652,27,1066,ESCOLA MUNICIPAL CÂNDIDO ARAÚJO,ZONA RURAL,-6.94326,-48.0865,636,-1,0
2024,865,96652,27,1082,ESCOLA MUNICIPAL ENGENHEIRO BERNARDO SAYAO,ZONA RURAL,-7.0877,-48.15953,584,-1,0
2024,866,96652,27,1090,ESCOLA MUNICIPAL JOSÉ HENRIQUE DOS SANTOS,ZONA RURAL,-7.09823,-48.1338,748,-1,0
2024,867,96652,27,1120,ESCOLA MUNICIPAL BOM JESUS,ZONA RURAL,-6.77664,-48.05795,265,-1,0
2024,868,96679,14,1015,COLÉGIO ESTADUAL CÂNDIDO FIGUEIRA,CENTRO,-12.13357,-49.16771,1741,-1,0
2024,869,96679,14,1023,COLÉGIO ESTADUAL ALAIR SENA CONCEIÇÃO,CENTRO,-12.14187,-49.17236,1494,-1,0
2024,870,96679,14,1040,ESCOLA MUNICIPAL PROFESSORA EDILEUZA BARBOSA DA SILVA SANTOS,CENTRO,-12.13771,-49.16528,1667,-1,0
2024,871,96792,23,1015,COLÉGIO ESTADUAL DE RIO SONO,CENTRO,-9.34548,-47.90002,1881,-1,0
2024,872,96792,23,1023,ESCOLA MUNICIPAL TOMÁS DE AQUINO,CENTRO,-9.3475,-47.89099,912,-1,0
2024,873,96792,23,1031,ESCOLA ESTADUAL IMACULADA CONCEIÇÃO,ZONA RURAL,-9.45936,-47.32683,490,-1,0
2024,874,96792,23,1058,ESCOLA MUNICIPAL BERNARDO GUIMARÃES,ZONA RURAL,-9.65787,-47.67907,687,-1,0
2024,875,96792,23,1066,ESCOLA CRISTO REI,ZONA RURAL,-9.81267,-47.81296,247,-1,0
2024,876,96792,23,1112,ESCOLA MUNICIPAL CASTRO ALVES,ZONA RURAL,-9.95846,-47.67373,128,-1,0
2024,877,96830,13,1015,COLÉGIO ESTADUAL CONCEIÇÃO BRITO,CENTRO,-10.7582,-48.9041,3434,-1,0
2024,878,96857,21,1015,ESCOLA ESTADUAL GIRASSOL DE TEMPO INTEGRAL AUGUSTINÓPOLIS,CENTRO,-5.4637,-47.88568,1829,-1,0
2024,879,96857,21,1023,COLEGIO ESTADUAL MANOEL VICENTE DE SOUSA,CENTRO,-5.46866,-47.88472,2885,-1,0
2024,880,96857,21,1031,ESCOLA EMÍLIO MÉDICE,ZONA RURAL,-5.43001,-47.85789,276,-1,0
2024,881,96857,21,1040,ESCOLA MUNICIPAL PRESIDENTE KENNEDY,CENTRO,-5.46341,-47.89039,812,-1,0
2024,882,96857,21,1058,COLÉGIO MILITAR DO ESTADO DO TOCANTINS LA SALLE,BOA VISTA,-5.46864,-47.89382,2044,-1,0
2024,883,96857,21,1066,ESCOLA ESTADUAL SANTA GENOVEVA,CENTRO,-5.476,-47.89265,2261,-1,0
2024,884,96857,21,1074,ESCOLA ESTADUAL FAZENDA 16,ZONA RURAL,-5.50776,-47.9351,504,-1,0
2024,885,96857,21,1090,ESCOLA MUNICIPAL AGROVILA I,ZONA RURAL,-5.59107,-47.89269,210,-1,0
2024,886,96857,21,1112,ESCOLA MUNICIPAL GABRIEL ALVES PEREIRA,SAO PEDRO,-5.46031,-47.88537,1165,-1,0
2024,887,96857,21,1120,ESCOLA MUNICIPAL ANACLETO PAULINO DA SILVA,BOA VISTA,-5.4674,-47.8943,972,-1,0
2024,888,96857,21,1139,ESCOLA MUNICIPAL ALFREDO PAULINO,SANTA RITA,-5.47257,-47.88681,340,-1,0
2024,889,96954,2,1015,COLEGIO DUQUE DE CAXIAS,CENTRO,-11.30377,-48.93871,1635,-1,0
2024,890,96954,2,1023,COLEGIO MUNICIPAL NOSSA SENHORA DO CARMO,CENTRO,-11.30255,-48.93376,1230,-1,0
2024,891,96954,2,1031,COLEGIO ESTADUAL ANITA CASSIMIRO MORENO,SETOR JARDIM ALIANCA,-11.30644,-48.94671,1564,-1,0
2024,892,96970,35,1015,ESCOLA ESTADUAL GIRASSOL DE TEMPO INTEGRAL MEIRA MATOS,AEROPORTO,-9.95543,-47.97801,2809,-1,0
2024,893,96970,35,1023,ESCOLA MUNICIPAL LUZA MACHADO DE MIRANDA,SÃO DOMINGOS,-9.95348,-47.9698,1950,-1,0
2024,894,96997,28,1023,ESCOLA MUNICIPAL CRIANÇA FELIZ,VILA NOVA,-9.8421,-48.72654,1155,-1,0
2024,895,96997,28,1031,COLEGIO ESTADUAL PRESIDENTE COSTA  E SILVA,CENTRO,-9.83231,-48.72642,1566,-1,0
2024,896,96997,28,1058,ESCOLA ESTADUAL PAULINA CAMARA,VILA NOVA,-9.8412,-48.73,2304,-1,0
2026,0,73008,7,1015,COLÉGIO ESTADUAL SÃO PEDRO,CENTRO,-9.62423,-49.15623,1232,-1,0
2026,1,73008,7,1023,ESCOLA MUNICIPAL PAULO FREIRE,ZONA RURAL,-9.2738,-49.58062,160,-1,0
2026,2,73008,7,1031,ESCOLA MUNICIPAL JÚLIO PINHEIRO,CENTRO,-9.6205,-49.15569,1130,-1,0
2026,3,73016,27,1015,ESCOLA ESTADUAL SAO JOSE,CENTRO,-6.76895,-48.29382,1325,-1,0
2026,4,73016,27,1023,ESCOLA MUNICIPAL PADRE ANTONIO,CENTRO,-6.7695,-48.29433,617,-1,0
2026,5,73016,27,1066,ESCOLA MUNICIPAL MONTE SINAI,ZONA RURAL,-6.96505,-48.25434,229,-1,0
2026,6,73016,27,1074,ESCOLA MUNICIPAL GILMAR ALVES BATISTA,ZONA RURAL,-6.94717,-48.19478,226,-1,0
2026,7,73024,27,1015,COLÉGIO ESTADUAL JOÃO XXIII,CENTRO,-6.44185,-48.13922,1241,-1,0
2026,8,73024,27,1023,ESCOLA MUNICIPAL TANCREDO NEVES,ZONA RURAL,-6.50182,-48.05636,911,-1,0
2026,9,73024,27,1031,POSTO DE SAÚDE DO POVOADO SOROROCA,ZONA RURAL,-6.48584,-48.08949,154,-1,0
2026,10,73024,27,1040,ESCOLA MUNICIPAL TIRADENTES,ZONA RURAL,-6.37505,-48.15549,125,-1,0
2026,11,73024,27,1066,ESCOLA MUNICIPAL TEODORO SÁ,CENTRO,-6.44228,-48.13888,792,-1,0
2026,12,73024,27,1074,POSTO DE SAUDE PA CANOA,ZONA RURAL,-6.54902,-48.10024,278,-1,0
2026,13,73032,27,1015,COLEGIO ESTADUAL JOSE DE SOUSA PORTO,CENTRO,-6.7106,-47.75035,2487,-1,0
2026,14,73032,27,1023,GRUPO MUNICIPAL DOS MACACOS,ZONA RURAL,-6.80517,-47.73833,9,-1,1
2026,15,73032,27,1031,ESCOLA MUNICIPAL DOM PEDRO I,ZONA RURAL,-6.93897,-47.60556,121,-1,0
2026,16,73032,27,1040,ESCOLA MUNICIPAL VITOR DIAS,CENTRO,-6.70924,-47.75243,1737,-1,0
2026,17,73032,27,1058,ESCOLA MUNICIPAL MARIA ZILDA PEREIRA ALVES,ZONA RURAL,-6.67137,-47.8711,393,-1,0
2026,18,73040,27,1015,ESCOLA ESTADUAL RAIMUNDO NEIVA DE CARVALHO,CENTRO,-6.60856,-47.54458,3453,-1,0
2026,19,73040,27,1031,ESCOLA MUNICIPAL PADRE JOSIMO,ZONA RURAL,-6.62841,-47.66276,460,-1,0
2026,20,73040,27,1040,ESCOLA MUNICIPAL DUQUE DE CAXIAS,ZONA RURAL,-6.62544,-47.7754,327,-1,0
2026,21,73059,11,1023,ESCOLA MUNICIPAL CONSTANCIA DE MORAES,CENTRO,-5.95185,-47.51139,1293,-1,0
2026,22,73059,11,1031,ESCOLA ESTADUAL PEDRO LUDOVICO TEIXEIRA,CENTRO,-5.94769,-47.50774,1028,-1,0
2026,23,73059,11,1066,SECRETARIA DE SANEAMENTO E MEIO AMBIENTE - SEÇÃO ESPECIAL INDÍGENA,VILA SÃO CRISTOVÃO II,-5.94802,-47.51358,260,-1,0
2026,24,73059,11,1074,CRECHE VOVÓ TIMÓTEA - CMEI TIMÓTEA ALVES DE LIMA,CENTRO,-5.95229,-47.51023,1009,-1,0
2026,25,73067,10,1015,ESCOLA ESTADUAL RAIMUNDO NONATO TORRES,CENTRO,-6.11304,-47.91557,1979,-1,0
2026,26,73067,10,1023,ESCOLA MUNICIPAL PEQUENO PRINCIPE,CENTRO,-6.12243,-47.92261,62,-1,0
2026,27,73075,9,1015,COLÉGIO ESTADUAL DULCE COELHO DE SOUSA,CENTRO,-6.39165,-47.86731,2560,-1,0
2026,28,73075,9,1058,ESCOLA MUNICIPAL RAIMUNDO BARBOSA LIMA,ZONA RURAL,-6.55002,-47.99071,258,-1,0
2026,29,73083,8,1015,ESCOLA ESTADUAL JOÃO AIRES GABRIEL,CENTRO,-7.8593,-47.92865,1662,-1,0
2026,30,73083,8,1023,ESCOLA MUNICIPAL BARNABÉ PEREIRA DO NASCIMENTO,ZONA RURAL,-7.92907,-48.08892,366,-1,0
2026,31,73083,8,1031,ESCOLA MUNICIPAL FIRMINO COELHO DE ARAÚJO,ZONA RURAL,-8.07781,-48.1881,942,-1,0
2026,32,73083,8,1058,ESCOLA MUNICIPAL MARGARIDA OLIVEIRA DE SOUSA,ZONA RURAL,-7.69743,-48.02605,553,-1,0
2026,33,73083,8,1074,ESCOLA MUNICIPAL MENINO JESUS,CENTRO,-7.86131,-47.92966,787,-1,0
2026,34,73091,32,1015,ESCOLA MUNICIPAL DUARTE ARAUJO,ZONA RURAL,-8.3035,-46.97898,168,-1,0
2026,35,73091,32,1031,ESCOLA MUNICIPAL JOSÉ RAMOS DE SOUSA,ZONA RURAL,-8.208,-46.9496,487,-1,0
2026,36,73091,32,1040,ESCOLA ESTADUAL MANOEL ALVES GRANDE,CENTRO,-7.96705,-46.80809,3420,-1,0
2026,37,73091,32,1058,ESCOLA MUNICIPAL ARCANJO SOARES,ZONA RURAL,-8.04558,-46.48466,193,-1,0
2026,38,73091,32,1074,ESCOLA MUNICIPAL  PROFESSORA SAFIRA CAMÊLO GOMES,CENTRO,-7.97607,-46.8024,2629,-1,0
2026,39,73105,35,1015,ESCOLA ESTADUAL SAGRADO CORAÇÃO DE JESUS,CENTRO,-10.17025,-46.65872,1684,-1,0
2026,40,73105,35,1031,ESCOLA MUNICIPAL MIGUEL RODRIGUES DE SOUSA,ZONA RURAL,-10.1398,-46.49878,190,-1,0
2026,41,73113,35,1015,ESCOLA MUNICIPAL DELCI RIBEIRO BARROS,CENTRO,-10.2985,-47.56546,1484,-1,0
2026,42,73113,35,1023,ESCOLA ESTADUAL SALMON DO AMARAL BRITO,CENTRO,-10.29605,-47.56441,1827,-1,0
2026,43,73121,23,1015,ESCOLA ESTADUAL ALFREDO NASSER,CENTRO,-8.96374,-48.16676,2112,-1,0
2026,44,73121,23,1023,ESCOLA MUNICIPAL MARIA LIMA BARBOSA (GUARDA LUPE),CENTRO,-8.96684,-48.1623,1429,-1,0
2026,45,73121,23,1040,ESCOLA MUNICIPAL SANTA LUZIA,ZONA RURAL,-9.02252,-47.83834,142,-1,0
2026,46,73130,33,1015,COLÉGIO ESTADUAL GIRASSOL DE TEMPO INTEGRAL SANTA MARIA,CENTRO,-8.77457,-47.7461,1742,-1,0
2026,47,73130,33,1023,CENTRO EDUCACIONAL ZEFERINO PEREIRA DA SILVA,CENTRO,-8.7772,-47.74616,815,-1,0
2026,48,73148,22,1015,COLEGIO ESTADUAL DR JOAO D'ABREU,CENTRO,-12.91773,-46.57674,2133,-1,0
2026,49,73156,14,1015,COLÉGIO ESTADUAL NOSSA SENHORA APARECIDA,CENTRO,-12.5432,-49.93179,1531,-1,0
2026,50,73156,14,1023,ESCOLA MUNICIPAL CANTINHO DO SABER,CENTRO,-12.53626,-49.92668,1647,-1,0
2026,51,73156,14,1058,COLÉGIO ESTADUAL PADRE JOSÉ DE ANCHIETA - POVOADO DE DORILÂNDIA,DORILÂNDIA,-12.24077,-49.74642,392,-1,0
2026,52,73164,25,1015,ESCOLA ESTADUAL JOAQUIM FRANCISCO DE AZEVEDO,CENTRO,-12.19528,-46.98914,2037,-1,0
2026,53,73172,25,1015,ESCOLA ESTADUAL  JARDIM,CENTRO,-11.82234,-46.629,1520,-1,0
2026,54,73172,25,1023,ESCOLA MUNICIPAL MYRTHES AIRES SILVA,POVOADO AMARALINA,-11.71361,-46.74157,221,-1,0
2026,55,73172,25,1031,ESCOLA MUNICIPAL PROFESSORA ANORELINA,CENTRO,-11.81964,-46.6254,610,-1,0
2026,56,73180,11,1015,ESCOLA MUNICIPAL BELA VISTA - POVOADO ALTO BONITO,BELA VISTA,-5.54304,-47.51554,824,-1,0
2026,57,73180,11,1023,ESCOLA MUNICIPAL JOAO PESSOA,CENTRO,-5.55624,-47.57699,1539,-1,0
2026,58,73180,11,1031,ESCOLA ESTADUAL BELA VISTA,BELA VISTA,-5.54042,-47.50599,2137,-1,0
2026,59,73180,11,1040,ESCOLA MUNICIPAL JOAO  XXIII - POVOADO GROTA DO MEIO,ZONA RURAL,-5.54808,-47.53666,1649,-1,0
2026,60,73180,11,1058,ESCOLA ESTADUAL SAO MIGUEL,CENTRO,-5.55347,-47.57695,1501,-1,0
2026,61,73180,11,1066,ESCOLA MUNICIPAL GERCINA SILVA DE ABREU,ZONA RURAL,-5.58283,-47.56114,323,-1,0
2026,62,73180,11,1074,ESCOLA MUNICIPAL BOA ESPERANCA - POVOADO IMBIRAL,ZONA RURAL,-5.46815,-47.55938,297,-1,0
2026,63,73180,11,1082,ESCOLA MUNICIPAL RUI BARBOSA - POVOADO BURITI,ZONA RURAL,-5.62686,-47.55792,199,-1,0
2026,64,73180,11,1090,ESCOLA MUNICIPAL SETE BARRACAS,ZONA RURAL,-5.52048,-47.5793,300,-1,0
2026,65,73180,11,1104,ESCOLA MUNICIPAL PESO DURO,ZONA RURAL,-5.59027,-47.52306,295,-1,0
2026,66,73180,11,1120,ESCOLA MUNICIPAL TURMA DA MÔNICA - POVOADO BELA VISTA,BELA VISTA,-5.54138,-47.5038,737,-1,0
2026,67,73180,11,1139,ESCOLA MUNICIPAL BIANOR RODRIGUES BANDEIRA ,POVOADO BOCA DA BARRA / PRAIA ALTA,-5.52405,-47.5063,43,-1,0
2026,68,73199,6,1015,COLÉGIO ESTADUAL MAJOR JUVENAL PEREIRA DE SOUSA,CENTRO,-9.05769,-48.51986,2921,-1,0
2026,69,73199,6,1023,ESC. MUNICIPAL FRANCISCO PINHEIRO DA SILVEIRA,SETOR CENTENARIO,-9.05644,-48.52719,155,-1,0
2026,70,73202,33,1015,COLEGIO ESTADUAL REZENDE DE ALMEIDA,CENTRO,-8.3846,-48.10745,1768,-1,0
2026,71,73202,33,1023,ESCOLA MUNICIPAL HERMES DA SILVA PIRES,CENTRO,-8.39131,-48.09975,1635,-1,0
2026,72,73210,33,1015,ESCOLA MUNICIPAL GUSTAVO COSTA,CENTRO,-8.95726,-47.33258,911,-1,0
2026,73,73210,33,1023,COLEGIO ESTADUAL OTONIEL CAVALCANTE DE JESUS,CENTRO,-8.95579,-47.33296,1022,-1,0
2026,74,73229,33,1015,ESCOLA ESTADUAL RECURSO I,CENTRO,-8.73776,-47.24192,1760,-1,0
2026,75,73229,33,1023,ESCOLA MUNICIPAL RECURSO,CENTRO,-8.73568,-47.24203,1192,-1,0
2026,76,73237,6,1015,ESCOLA ESTADUAL SÃO TOMÁS DE AQUINO,CENTRO,-8.39516,-48.11538,1804,-1,0
2026,77,73245,4,1015,ESCOLA MUNICIPAL NESTOR PEREIRA DE SOUSA,ZONA RURAL,-8.28871,-48.47102,466,-1,0
2026,78,73245,4,1023,COLÉGIO ESTADUAL SEBASTIÃO RODRIGUES SALES,CENTRO,-8.38901,-48.48574,751,-1,0
2026,79,73245,4,1031,ESCOLA MUNICIPAL PAULO VI,CENTRO,-8.39169,-48.48202,774,-1,0
2026,80,73253,4,1015,COLEGIO ESTADUAL ZICO DORNELAS,CENTRO,-8.11948,-49.09367,1169,-1,0
2026,81,73253,4,1040,ESCOLA MUNICIPAL PINGO DE GENTE,CENTRO,-8.12209,-49.09694,1104,-1,0
2026,82,73261,31,1015,ESCOLA MUNICIPAL DOMINGAS RIBEIRO,CENTRO,-7.54,-49.37137,438,-1,0
2026,83,73261,31,1023,ESCOLA ESTADUAL JUSCELINO KUBSTCHEK DE OLIVEIRA,CENTRO,-7.54076,-49.37044,817,-1,0
2026,84,73261,31,1031,ESCOLA ESTADUAL ULISSES GUIMARAES,CENTRO,-7.53769,-49.36661,1760,-1,0
2026,85,73261,31,1040,ESCOLA MUNICIPAL POLIANA KENIA,ZONA RURAL,-7.48477,-48.86225,323,-1,0
2026,86,73261,31,1058,ESCOLA MUNICIPAL DE 1 GRAU OSVALDO FREITAS,ZONA RURAL,-7.51386,-48.83959,217,-1,0
2026,87,73270,26,1015,ESCOLA ESTADUAL ESTEFANIO TELLES DAS CHAGAS,CENTRO,-10.54602,-46.42183,694,-1,0
2026,88,73270,26,1023,ESCOLA MUNICIPAL PROFESSORA ERNESTINA VIEIRA SOARES,CENTRO,-10.54475,-46.41793,566,-1,0
2026,89,73270,26,1040,ESCOLA ESTADUAL SILVÉRIO RIBEIRO MATOS,ZONA RURAL,-10.34493,-46.57123,174,-1,0
2026,90,73270,26,1066,ESCOLA MUNICIPAL DA COMUNIDADE GALHÃO,ZONA RURAL,-10.54655,-46.12776,39,-1,0
2026,91,73270,26,1074,CENTRO DE REFERÊNCIA DE ASSISTÊNCIA SOCIAL - CRAS,CENTRO,-10.54768,-46.41629,217,-1,0
2026,92,73270,26,1082,ANEXO I DA SECRETARIA DE SAÚDE (ANTIGO CRAS),CENTRO,-10.54724,-46.41986,205,-1,0
2026,93,73270,26,1090,CRECHE COMEÇO DE VIDA,CENTRO,-10.54894,-46.41489,114,-1,0
2026,94,73288,10,1015,COLEGIO ESTADUAL IRMAOS FILGUEIRAS,CENTRO,-6.02674,-47.92426,2554,-1,0
2026,95,73288,10,1023,ESCOLA ESTADUAL ANAIDES BRITO DE MIRANDA,ZONA RURAL,-6.02534,-48.14711,808,-1,0
2026,96,73288,10,1031,ESCOLA MUN. N. SENHORA DA CONSOLAÇÃO,ZONA RURAL,-5.89528,-47.82195,405,-1,0
2026,97,73288,10,1040,ESCOLA MUNICIPAL JOSÉ PEREIRA DE ARAÚJO,ZONA RURAL,-6.08155,-48.12776,64,-1,0
2026,98,73288,10,1058,ESCOLA MUNICIPAL TRANSBICO,Povoado veredão,-5.97978,-47.87455,19,-1,0
2026,99,73288,10,1074,ESC. MUNIC. JOÃO PAULO CARNEIRO RODRIGUES,CENTRO,-6.02655,-47.92175,1612,-1,0
2026,100,73296,10,1015,ESCOLA MUNICIPAL BOAS NOVAS,CENTRO,-5.37042,-48.54173,1615,-1,0
2026,101,73296,10,1023,ESCOLA ESTADUAL DOUTOR ULISSES GUIMARAES,ZONA RURAL,-5.31531,-48.46696,1666,-1,0
2026,102,73296,10,1031,COLEGIO ESTADUAL JOAQUINA MARIA DA SILVA,NOVA ESPERANTINA,-5.36529,-48.54645,1145,-1,0
2026,103,73296,10,1040,ESCOLA MUNICIPAL NOVA UNIAO,CENTRO,-5.3633,-48.53619,1257,-1,0
2026,104,73296,10,1058,ESCOLA MUNICIPAL D. PEDRO I,VILA TOCANTINS,-5.31409,-48.4648,946,-1,0
2026,105,73300,2,1015,ESCOLA DE 1. GRAU TARSO DUTRA,CENTRO,-11.88978,-49.16288,1584,-1,0
2026,106,73300,2,1031,ESCOLA MUNICIPAL DIVINA RIBEIRO BORGES,CENTRO,-11.89069,-49.16242,2216,-1,0
2026,107,73318,12,1015,ESCOLA MUNICIPAL JOSE DE ALENCAR,ZONA RURAL,-6.79366,-48.6167,321,-1,0
2026,108,73318,12,1023,ESCOLA ESTADUAL MACHADO DE ASSIS,CENTRO,-6.5815,-48.6434,1383,-1,0
2026,109,73318,12,1031,ESCOLA ESTADUAL SÃO PEDRO,JACILÂNDIA,-6.84756,-48.51668,628,-1,0
2026,110,73318,12,1066,CMEI - CENTRO MUNICIPAL DE EDUC. INFANTIL MARIA DE NAZARÉ SILVA COSTA,CENTRO,-6.57966,-48.64246,760,-1,0
2026,111,73318,12,1074,ESCOLA MUNICIPAL TIRADENTES,CENTRO,-6.57939,-48.6441,457,-1,0
2026,112,73326,34,1015,ESCOLA ESTADUAL BARTOLOMEU BUENO DA SILVA,CENTRO,-7.03597,-48.39512,2412,-1,0
2026,113,73334,34,1015,COLEGIO ESTADUAL GETULIO VARGAS,CENTRO,-7.1658,-48.5268,1649,-1,0
2026,114,73334,34,1023,ESCOLA MUNICIPAL INFANTIL CRECHE MARIA MOTA,CENTRO,-7.16789,-48.52363,722,-1,0
2026,115,73334,34,1040,ESCOLA ESTADUAL JOSÉ DOMINGOS CARVALHO BARBOSA,ZONA RURAL,-6.8421,-48.69929,1109,-1,0
2026,116,73334,34,1058,ESCOLA MUNICIPAL JOSÉ MOTA GOMES DA SILVA ,ZONA RURAL,-6.83311,-48.82937,570,-1,0
2026,117,73334,34,1066,EXTENSÃO DA ESCOLA MUNICIPAL CIRILO RIBEIRO DA SILVA,ZONA RURAL,-6.6906,-48.6971,399,-1,0
2026,118,73342,34,1015,COLEGIO ESTADUAL MARECHAL COSTA E SILVA,CENTRO,-7.14487,-48.60628,1381,-1,0
2026,119,73342,34,1023,ESCOLA MUNICIPAL DOM PEDRO I,ZONA RURAL,-7.22365,-48.62204,218,-1,0
2026,120,73342,34,1031,ESCOLA MUNICIPAL AIRTON SENA,ZONA RURAL,-7.00702,-48.64707,245,-1,0
2026,121,73342,34,1040,ESCOLA ESTADUAL DE MURICILÂNDIA,CENTRO,-7.14726,-48.60482,1026,-1,0
2026,122,73350,34,1015,ESCOLA ESTADUAL CASTRO ALVES,CENTRO,-7.1537,-48.69287,1359,-1,0
2026,123,73350,34,1023,ESCOLA MUNICIPAL EMMANUEL,ZONA RURAL,-7.0988,-48.7073,441,-1,0
2026,124,73350,34,1031,ESCOLA INDÍGENA MANOEL ACHURÊ,ALDEIA INDIGENA,-7.15036,-49.18283,140,-1,0
2026,125,73350,34,1040,ESCOLA MUNICIPAL SAO PAULO,ZONA RURAL,-6.8697,-49.09909,101,-1,0
2026,126,73350,34,1058,ESCOLA ESTADUAL ANAIDES BRITO MIRANDA,CENTRO,-7.15282,-48.69092,1688,-1,0
2026,127,73350,34,1074,CENTRO DE ENSINO MÉDIO INDÍGENA KARAJÁ XAMBIOÁ - CEMI KARAJÁ,ALDEIA INDIGENA,-7.12581,-49.17849,176,-1,0
2026,128,73350,34,1082,ESCOLA MUNICIPAL CRISTIANO RAMIRO DA SILVA,ZONA RURAL,-6.98425,-48.90319,27,-1,1
2026,129,73350,34,1090,ESCOLA MUNICIPAL EURIPIA PEREIRA LOPES,SETOR PLANALTO,-7.15771,-48.68848,1586,-1,0
2026,130,73369,20,1015,ESCOLA MUNICIPAL PEDRO LUIZ BOMFIM,CENTRO,-12.65143,-48.59411,1113,-1,0
2026,131,73369,20,1023,COLÉGIO ESTADUAL ADELAIDE FRANCISCO SOARES,VILA UNIÃO,-12.65543,-48.58835,1008,-1,0
2026,132,73369,20,1031,ESCOLA MUNICIPAL ANIZIO BRAGA,ZONA RURAL,-12.83916,-48.57809,738,-1,0
2026,133,73369,20,1066,ESCOLA MUNICIPAL LOURENÇO BORGES,ZONA RURAL,-12.85589,-48.76176,235,-1,0
2026,134,73377,20,1015,ESCOLA ESTADUAL PROFESSORA DIVA GOMES DA SILVEIRA COSTA,CENTRO,-11.98734,-48.91034,1026,-1,0
2026,135,73377,20,1023,ESCOLA MUNICIPAL MACHADO DE ASSIS,setor vitória,-11.98753,-48.91226,736,-1,0
2026,136,73385,13,1015,COLEGIO ESTADUAL LAGOA DA CONFUSAO,CENTRO,-10.7923,-49.62546,3028,-1,0
2026,137,73385,13,1031,COLEGIO MUNICIPAL PEDRO GUERRA,CENTRO,-10.79405,-49.62458,2059,-1,0
2026,138,73385,13,1040,ESCOLA MUNICIPAL ASSENTAMENTO LOROTY,ZONA RURAL,-11.17306,-49.87356,883,-1,0
2026,139,73385,13,1058,ESCOLA ESTADUAL INDÍGENA MALUA,ALDEIA INDÍGENA,-11.57671,-50.66751,572,-1,0
2026,140,73385,13,1066,ESCOLA ESTADUAL INDÍGENA KUMANA,ALDEIA INDÍGENA,-11.34289,-50.69809,432,-1,0
2026,141,73385,13,1074,ESCOLA MUNICIPAL DONA JÚLIA PELEGRIN,CENTRO,-10.78165,-49.61599,2575,-1,0
2026,142,73385,13,1090,ESCOLA INDÍGENA INY WEBOHONA,ALDEIA INDÍGENA,-10.56797,-49.96052,125,-1,0
2026,143,73385,13,1104,IFTO - INSTITUTO FEDERAL DE EDUCAÇÃO CIÊNCIA E TECNOLOGIA DO TOCANTINS,LAGOA DA ILHA,-10.80033,-49.62904,559,-1,0
2026,144,73393,18,1015,COLÉGIO ESTADUAL PORTO DO RIO MARANHÃO,CENTRO,-12.7475,-48.23806,1216,-1,0
2026,145,73393,18,1023,COLÉGIO ESTADUAL RETIRO,POVOADO RETIRO,-12.61024,-48.28364,915,-1,0
2026,146,73393,18,1090,COLÉGIO MUNICIPAL BRASIL PARA TODOS,CENTRO,-12.74784,-48.23968,584,-1,0
2026,147,73407,5,1015,ESCOLA MUN. SEBASTIÃO DE SALES MONTEIRO,CENTRO,-9.75243,-48.35652,1323,-1,0
2026,148,73407,5,1023,COL. EST. NOSSA SENHORA DA PROVIDENCIA,CENTRO,-9.7533,-48.358,795,-1,0
2026,149,73407,5,1031,ESC. MUN. JK (POV. PEDREIRA),ZONA RURAL,-9.92675,-48.26607,560,-1,0
2026,150,73407,5,1040,COLÉGIO NATIVIDADE,SETOR AEROPORTO,-9.75989,-48.35917,837,-1,0
2026,151,73415,28,1015,ESCOLA ESTADUAL VALDECY PINHEIRO,CENTRO,-9.34143,-48.53451,1725,-1,0
2026,152,73415,28,1023,ESCOLA MUNICIPAL ILANNA TAVARES DA COSTA,SETOR JABAQUARA,-9.34424,-48.53804,942,-1,0
2026,153,73423,21,1015,ESCOLA MUNICIPAL ALINE MARTINS DE SOUSA,CENTRO,-5.31907,-48.03942,744,-1,0
2026,154,73423,21,1023,ESCOLA ESTADUAL INÊS VIANA COSTA,ZONA RURAL,-5.40728,-48.00709,660,-1,0
2026,155,73423,21,1031,ESCOLA ESTADUAL CÍCERO GOMES DE JESUS,CENTRO,-5.32364,-48.03502,1215,-1,0
2026,156,73423,21,1040,ESCOLA MUNICIPAL JOÃO FIRMINO SANTOS,ZONA RURAL,-5.41118,-47.99974,385,-1,0
2026,157,73423,21,1058,ESCOLA MUNICIPAL JOÃO DEMETIL TOBIAS,ZONA RURAL,-5.38542,-48.05199,566,-1,0
2026,158,73431,25,1015,ESCOLA ESTADUAL VIRGILIO FERREIRA DE FRANCA,CENTRO,-11.39653,-46.88531,241,-1,0
2026,159,73431,25,1023,ESCOLA MUNICIPAL PROFESSOR AURELINO RODRIGUES DE ARAÚJO,CENTRO,-11.4011,-46.883,1904,-1,0
2026,160,73440,29,1015,COLÉGIO ESTADUAL FREDERICO PEDREIRA NETO,CENTRO,-10.1875,-48.32409,3274,-1,0
2026,161,73440,29,1023,CENTRO DE ENSINO MÉDIO SANTA RITA DE CÁSSIA,JARDIM AURENY I,-10.31789,-48.29881,5011,-1,0
2026,162,73440,29,1058,ESCOLA MUNICIPAL THIAGO BARBOSA,JARDIM AURENY II,-10.3275,-48.30165,3528,-1,0
2026,163,73440,29,1082,COLÉGIO ESTADUAL DUQUE DE CAXIAS,TAQUARUÇU,-10.32072,-48.1542,2552,-1,0
2026,164,73440,29,1104,ESCOLA MUNICIPAL DE TEMPO INTEGRAL LUIZ NUNES DE OLIVEIRA,BURITIRANA,-10.2522,-47.88818,1004,-1,0
2026,165,73440,29,1112,ESCOLA MUNICIPAL BENEDITA GALVÃO,SETOR BELA VISTA,-10.35018,-48.29089,3101,-1,0
2026,166,73440,29,1120,ESCOLA MUNICIPAL ESTEVÃO CASTRO,JARDIM AURENY III,-10.31456,-48.3191,3331,-1,0
2026,167,73440,29,1139,ESCOLA MUNICIPAL CRISPIM PEREIRA ALENCAR,TAQUARUÇU,-10.31646,-48.15419,1807,-1,0
2026,168,73440,29,1147,COLÉGIO ESTADUAL DOM ALANO MARIE DU NODAY,CENTRO,-10.19521,-48.31902,3163,-1,0
2026,169,73440,29,1155,ESCOLA ESTADUAL LIBERDADE,JARDIM AURENY III,-10.31096,-48.31449,3487,-1,0
2026,170,73440,29,1163,ESCOLA ESTADUAL NOVO HORIZONTE,JARDIM AURENY IV,-10.30613,-48.30072,4204,-1,0
2026,171,73440,29,1171,COLÉGIO ESTADUAL CRIANÇA ESPERANÇA,PLANO DIRETOR NORTE,-10.16907,-48.33982,3246,-1,0
2026,172,73440,29,1180,ESCOLA ESTADUAL VILA UNIÃO,PLANO DIRETOR NORTE,-10.16534,-48.34774,2754,-1,0
2026,173,73440,29,1198,CENTRO DE ENSINO MÉDIO TIRADENTES,PLANO DIRETOR SUL,-10.23303,-48.3215,3736,-1,0
2026,174,73440,29,1201,ESCOLA ESTADUAL SANTA FÉ,SETOR SANTA FE,-10.32528,-48.29562,2061,-1,0
2026,175,73440,29,1210,ESCOLA ESTADUAL VALE DO SOL,SETOR VALE DO SOL,-10.33432,-48.28458,2219,-1,0
2026,176,73440,29,1228,COLEGIO MILITAR DO ESTADO DO TOCANTINS - SENADOR ANTONIO LUIZ MAYA,CENTRO,-10.17711,-48.31739,3783,-1,0
2026,177,73440,29,1244,COLÉGIO PRESBITERIANO MACKENZIE PALMAS,CENTRO,-10.18355,-48.31464,4613,-1,0
2026,178,73440,29,1252,COLÉGIO  ESTADUAL SÃO JOSÉ,PLANO DIRETOR SUL,-10.25309,-48.32165,3967,-1,0
2026,179,73440,29,1260,ESCOLA MUNICIPAL LUIZ GONZAGA,PLANO DIRETOR NORTE,-10.15672,-48.32778,2549,-1,0
2026,180,73440,29,1279,MAPLE BEAR PALMAS,PLANO DIRETOR SUL,-10.22797,-48.33467,3139,-1,0
2026,181,73440,29,1287,ESCOLA MUNICIPAL DE TEMPO INTEGRAL VINÍCIUS DE MORAES,PLANO DIRETOR SUL,-10.22456,-48.32067,3809,-1,0
2026,182,73440,29,1295,ESCOLA MUNICIPAL DARCY RIBEIRO,PLANO DIRETOR SUL,-10.24013,-48.32663,2755,-1,0
2026,183,73440,29,1309,ESCOLA MUNICIPAL DEGRAUS DO SABER,PLANO DIRETOR SUL,-10.24596,-48.3275,1737,-1,0
2026,184,73440,29,1317,ESCOLA MUNICIPAL ANTÔNIO CARLOS JOBIM,PLANO DIRETOR SUL,-10.25708,-48.32104,3462,-1,0
2026,185,73440,29,1325,ESCOLA MUNICIPAL PASTOR PAULO LEIVAS MACALÃO,PLANO DIRETOR NORTE,-10.16129,-48.34849,2531,-1,0
2026,186,73440,29,1333,ESCOLA MUNICIPAL PAULO FREIRE,PLANO DIRETOR NORTE,-10.16747,-48.34436,3046,-1,0
2026,187,73440,29,1341,CMEI PEQUENOS BRILHANTES,PLANO DIRETOR NORTE,-10.16378,-48.33868,1715,-1,0
2026,188,73440,29,1350,ESCOLA MUNICIPAL DE TEMPO INTEGRAL MONSENHOR PEDRO PEREIRA PIAGEM,PLANO DIRETOR NORTE,-10.16877,-48.32206,3568,-1,0
2026,189,73440,29,1368,ESCOLA MUNICIPAL DE TEMPO INTEGRAL CORA CORALINA,PLANO DIRETOR NORTE,-10.15268,-48.32655,3777,-1,0
2026,190,73440,29,1376,ESCOLA MUNICIPAL ANNE FRANK,CENTRO,-10.17941,-48.31099,1880,-1,0
2026,191,73440,29,1384,ESCOLA MUNICIPAL HENRIQUE TALONE PINHEIRO,CENTRO,-10.19405,-48.31035,2178,-1,0
2026,192,73440,29,1392,ESCOLA MUNICIPAL DE TEMPO INTEGRAL OLGA BENÁRIO,PLANO DIRETOR SUL,-10.21885,-48.34235,3524,-1,0
2026,193,73440,29,1406,ESCOLA MUNICIPAL ROSEMIR FERNANDES DE SOUZA,JARDIM AURENY III,-10.32224,-48.31908,3300,-1,0
2026,194,73440,29,1414,ESCOLA MUNICIPAL AURÉLIO BUARQUE DE HOLANDA,JARDIM AURENY I,-10.31741,-48.30174,3022,-1,0
2026,195,73440,29,1422,COLÉGIO MARISTA DE PALMAS,CENTRO,-10.19114,-48.31332,4197,-1,0
2026,196,73440,29,1430,ESCOLA MUNICIPAL JORGE AMADO,SETOR SANTA FE,-10.33311,-48.29787,2924,-1,0
2026,197,73440,29,1449,ESCOLA ESTADUAL SETOR SUL,SETOR SUL,-10.34179,-48.29634,2811,-1,0
2026,198,73440,29,1465,UNOPAR - UNIVERSIDADE NORTE DO PARANÁ,PLANO DIRETOR SUL,-10.19354,-48.33033,3739,-1,0
2026,199,73440,29,1481,COLÉGIO MADRE CLÉLIA MERLONI,CENTRO,-10.18249,-48.3105,2518,-1,0
2026,200,73440,29,1511,CENTRO DE ENSINO MÉDIO CASTRO ALVES,PLANO DIRETOR NORTE,-10.16478,-48.3452,3232,-1,0
2026,201,73440,29,1520,ESCOLA MUNICIPAL MONTEIRO LOBATO,PLANO DIRETOR SUL,-10.24505,-48.32036,3469,-1,0
2026,202,73440,29,1554,ESCOLA MUNICIPAL DE TEMPO INTEGRAL MARCOS FREIRE,ZONA RURAL,-10.3585,-48.18801,425,-1,0
2026,203,73440,29,1570,CENTRO DE ENSINO MÉDIO DE TAQUARALTO,TAQUARALTO,-10.33449,-48.29287,4105,-1,0
2026,204,73440,29,1660,CENTRO MUNICIPAL DE EDUCAÇÃO INFANTIL SONHO ENCANTADO,PLANO DIRETOR SUL,-10.24982,-48.32529,1727,-1,0
2026,205,73440,29,1694,COLÉGIO ALBERT EINSTEIN,PLANO DIRETOR SUL,-10.22914,-48.32111,2519,-1,0
2026,206,73440,29,1724,ESCOLA MUNICIPAL MESTRE PACÍFICO SIQUEIRA CAMPOS,PLANO DIRETOR NORTE,-10.15531,-48.34504,2408,-1,0
2026,207,73440,29,1759,ESCOLA ADVENTISTA DE PALMAS,CENTRO,-10.19502,-48.31162,1469,-1,0
2026,208,73440,29,1767,IFTO - INSTITUTO FEDERAL DE EDUCAÇÃO CIÊNCIA E TECNOLOGIA DO TOCANTINS,CENTRO,-10.19774,-48.31212,5285,-1,0
2026,209,73440,29,1783,COLÉGIO BATISTA DE PALMAS,PLANO DIRETOR SUL,-10.22709,-48.32706,2083,-1,0
2026,210,73440,29,1791,ESCOLA MUNICIPAL DE TEMPO INTEGRAL DANIEL BATISTA,PLANO DIRETOR NORTE,-10.16533,-48.30833,3034,-1,0
2026,211,73440,29,1813,ESCOLA MUNICIPAL MARIA JULIA AMORIM SOARES RODRIGUES,JARDIM AURENY III,-10.3242,-48.3219,3357,-1,0
2026,212,73440,29,1848,ESCOLA MUNICIPAL DE TEMPO INTEGRAL SANTA BÁRBARA,SETOR SANTA BARBARA,-10.33759,-48.30508,4206,-1,0
2026,213,73440,29,1856,ESCOLA MUNICIPAL MARIA ROSA DE CASTRO SALES,SETOR MORADA DO SOL,-10.34209,-48.2869,2829,-1,0
2026,214,73440,29,1864,CENTRO EDUCACIONAL SÃO FRANCISCO DE ASSIS,CENTRO,-10.18391,-48.31859,2535,-1,0
2026,215,73440,29,1970,ESCOLA MUNICIPAL BEATRIZ RODRIGUES DA SILVA,PLANO DIRETOR NORTE,-10.1629,-48.34035,2714,-1,0
2026,216,73440,29,1988,ESCOLA MUNICIPAL ANTONIO GONÇALVES DE CARVALHO FILHO,PLANO DIRETOR SUL,-10.25168,-48.34042,3360,-1,0
2026,217,73440,29,1996,EMTI - PROFESSOR FIDÊNCIO BOGO,ZONA RURAL,-10.24386,-48.22163,1024,-1,0
2026,218,73440,29,2011,ESCOLA MUNICIPAL DE TEMPO INTEGRAL PADRE JOSIMO TAVARES,PLANO DIRETOR NORTE,-10.17086,-48.33507,2449,-1,0
2026,219,73440,29,2020,ESCOLA ESTADUAL MARIA DOS REIS ALVES BARROS,JARDIM TAQUARI,-10.34539,-48.33856,4197,-1,0
2026,220,73440,29,2038,ESCOLA MUNICIPAL PROFESSORA FRANCISCA BRANDÃO RAMALHO,PLANO DIRETOR SUL,-10.25625,-48.32457,2849,-1,0
2026,221,73440,29,2046,ESCOLA MUNICIPAL DE TEMPO INTEGRAL EURÍDICE FERREIRA DE MELLO,JARDIM AURENY III,-10.31265,-48.3209,4038,-1,0
2026,222,73440,29,2054,UNIDADE PENAL DE PALMAS,ZONA RURAL,-10.2327,-48.30324,0,-1,0
2026,223,73440,29,2089,IFTO - (VOTO EM TRÂNSITO),CENTRO,-10.19772,-48.31222,0,-1,0
2026,224,73440,29,2097,ESCOLA MUNICIPAL DE TEMPO INTEGRAL CAROLINE CAMPELO CRUZ DA SILVA,SETOR SANTA FÉ 2º ETAPA,-10.3321,-48.28731,2243,-1,0
2026,225,73440,29,2119,ESCOLA MUNICIPAL MARIA VERÔNICA ALVES DE SOUSA,JARDIM AURENY IV,-10.30179,-48.30394,1959,-1,0
2026,226,73440,29,2127,ESCOLA MUNICIPAL SÁVIA FERNANDES JÁCOME,SETOR BELA VISTA,-10.35173,-48.29496,1340,-1,0
2026,227,73440,29,2135,ESCOLA MUNICIPAL LÚCIA SALES PEREIRA RAMOS,JARDIM TAQUARI,-10.34231,-48.3407,2055,-1,0
2026,228,73440,29,2194,ETI ESTADUAL PROFESSORA ELIZÂNGELA GLÓRIA CARDOSO,PLANO DIRETOR SUL,-10.20721,-48.33635,5260,-1,0
2026,229,73440,29,2208,ETI - CAROLINE CAMPELO CRUZ DA SILVA (VOTO EM TRÂNSITO),SETOR SANTA FÉ 2º ETAPA,-10.33209,-48.28734,0,-1,0
2026,230,73440,29,2216,EMTI - COLÉGIO FORÇAS NO ESPORTE ALMIRANTE TAMANDARÉ,PLANO DIRETOR SUL,-10.26724,-48.32337,3363,-1,0
2026,231,73440,29,2224,EMTI - ANÍSIO SPÍNOLA TEIXEIRA,SETOR BERTAVILLE,-10.29592,-48.31424,3924,-1,0
2026,232,73440,29,2232,EMTI - LUIZ RODRIGUES MONTEIRO,TAQUARALTO,-10.33516,-48.29431,872,-1,0
2026,233,73440,29,2240,CEMIL - PROFESSORA MARGARIDA LEMOS GONÇALVES,SETOR LAGO SUL,-10.33115,-48.32006,1385,-1,0
2026,234,73440,29,2259,FACULDADE CATÓLICA DO TOCANTINS,PLANO DIRETOR SUL,-10.27036,-48.33224,1015,-1,0
2026,235,73440,29,2267,COLÉGIO ESTADUAL GIRASSOL DE TEMPO INTEGRAL RACHEL DE QUEIROZ,JARDIM AURENY III,-10.32128,-48.31888,1514,-1,0
2026,236,73440,29,2283,CENTRO MUNICIPAL DE EDUCAÇÃO INFANTIL FONTES DO SABER,JARDIM TAQUARI,-10.34862,-48.33534,1763,-1,0
2026,237,73440,29,2291,CENTRO MUNICIPAL DE EDUCAÇÃO INFANTIL IRMÃ MARIA CUSTÓDIA DE JESUS,JARDIM AURENY II,-10.32851,-48.30458,211,-1,0
2026,238,73440,29,2305,CMEI VITÓRIA-RÉGIA,JARDIM VITÓRIA1,-10.35991,-48.31748,369,-1,0
2026,239,73440,29,2313,CENTRO MUNICIPAL DE EDUCACAO INFANTIL SITIO DO PICA-PAU AMARELO,JARDIM AURENY IV,-10.3,-48.30709,429,-1,0
2026,240,73440,29,2321,CENTRO MUNICIPAL DE EDUCACAO INFANTIL SONHO DE CRIANCA,SETOR MORADA DO SOL,-10.34408,-48.28231,424,-1,0
2026,241,73440,29,2330,CENTRO MUNICIPAL DE EDUCACAO INFANTIL SEMENTINHAS DO SABER,SETOR SANTA FÉ 4º ETAPA,-10.33195,-48.28038,135,-1,0
2026,242,73440,29,2348,CENTRO MUNICIPAL DE EDUCACAO INFANTIL CANTINHO DA ALEGRIA,SETOR SANTA BARBARA,-10.33966,-48.30569,763,-1,0
2026,243,73440,29,2356,INSTITUTO PRESBITERIANO EDUCACIONAL E SOCIAL - IPES,PLANO DIRETOR SUL,-10.2258,-48.3187,1199,-1,0
2026,244,73440,29,2429,UNIVERSIDADE DO ESTADO DO TOCANTINS - UNITINS,PLANO DIRETOR NORTE,-10.18289,-48.36017,636,-1,0
2026,245,73440,29,2437,CENTRO MUNICIPAL DE EDUCACAO INFANTIL CIRANDA CIRANDINHA,PLANO DIRETOR NORTE,-10.16914,-48.33944,466,-1,0
2026,246,73440,29,2445,COLÉGIO SELLETUS,PLANO DIRETOR SUL,-10.18883,-48.34042,553,-1,0
2026,247,73440,29,2453,ESCOLA SESI DE REFERÊNCIA,PLANO DIRETOR SUL,-10.22598,-48.33479,290,-1,0
2026,248,73458,23,1015,ESCOLA ESTADUAL GIRASSOL DE TEMPO INTEGRAL MARIA DA GLÓRIA,CENTRO,-8.97499,-48.19107,984,-1,0
2026,249,73458,23,1023,ESCOLA MUNICIPAL DE TEMPO INTEGRAL MARIA JOSÉ ALVES MIRANDA,SETOR NOVO HORIZONTE,-8.97873,-48.18687,870,-1,0
2026,250,73466,13,1015,ESCOLA ESTADUAL RIACHUELO,CENTRO,-10.71069,-48.90582,873,-1,0
2026,251,73466,13,1031,ESCOLA MUNICIPAL COMANDANTE SILVINO MASCARENHAS REIS,CENTRO,-10.71021,-48.9071,820,-1,0
2026,252,73474,13,1015,ESCOLA MUNICIPAL AMERICA ALVES DE OLIVEIRA,CENTRO,-10.14192,-49.17758,1360,-1,0
2026,253,73474,13,1031,CMEI RICARDO AIRES,CENTRO,-10.14347,-49.18014,1184,-1,0
2026,254,73482,19,1015,COLÉGIO QUILOMBOLA ESTADUAL FULGÊNCIO NUNES,CENTRO,-11.61337,-47.74953,2170,-1,0
2026,255,73482,19,1058,ESCOLA MUNICIPAL MARCOLINA PINTO RABELO,CENTRO,-11.61614,-47.75202,940,-1,0
2026,256,73504,14,1015,COLÉGIO ESTADUAL DE TALISMÃ,CENTRO,-12.80073,-49.09146,603,-1,0
2026,257,73504,14,1023,ESCOLA MUNICIPAL VILA UNIÃO,VILA UNIAO,-12.39509,-48.81689,271,-1,0
2026,258,73504,14,1031,ESCOLA MUNICIPAL ANTÔNIA DOS REIS RODRIGUES BATISTA,CENTRO,-12.79519,-49.09145,889,-1,0
2026,259,73504,14,1058,ESCOLA MUNICIPAL MORRO ALEGRE - PA TALISMÃ,ZONA RURAL,-12.69925,-49.2502,203,-1,0
2026,260,73504,14,1082,ESCOLA MUNICIPAL ADÃO GOMES DE MELO,CENTRO,-12.79379,-49.09123,594,-1,0
2026,261,73512,9,1015,COLÉGIO ESTADUAL NAZARÉ NUNES DA SILVA,CENTRO,-6.55993,-47.47771,2165,-1,0
2026,262,73512,9,1040,ESCOLA MUNICIPAL DEGRAUS DO SABER,LOTEAMENTO HIDROFERROVIÁRIO,-6.5583,-47.48077,1789,-1,0
2026,263,73520,9,1015,ESCOLA ESTADUAL JUSCELINO KUBITSCHEK DE OLIVEIRA,CENTRO,-6.19044,-47.85322,2607,-1,0
2026,264,73539,9,1015,ESCOLA ESTADUAL DR. JOSE FELICIANO FERREIRA,CENTRO,-6.4358,-47.67337,1593,-1,0
2026,265,73539,9,1040,ESCOLA MUNICIPAL SAO PEDRO,ZONA RURAL,-6.4548,-47.73142,514,-1,0
2026,266,73547,3,1023,ESCOLA MUNICIPAL RURAL MENINO JESUS,ZONA RURAL,-11.03463,-49.59079,721,-1,0
2026,267,73547,3,1031,ESCOLA ESTADUAL BOA NOVA,CENTRO,-10.86587,-48.90944,1407,-1,0
2026,268,73555,2,1015,COLEGIO MUNICIPAL DE CRIXAS,CENTRO,-11.10395,-48.91827,993,-1,0
2026,269,73555,2,1023,COLÉGIO ESTADUAL OLAVO BILAC,CENTRO,-11.10266,-48.91912,834,-1,0
2026,270,73563,7,1015,ESCOLA MUNICIPAL JOSE BENICIO MARIZ,CENTRO,-10.00543,-48.99474,1076,-1,0
2026,271,73563,7,1023,ESCOLA MUNICIPAL TOCANTINS,CAMPINA VERDE,-9.9707,-49.04004,1479,-1,0
2026,272,73571,7,1015,COLÉGIO ESTADUAL DARCY RIBEIRO,CENTRO,-10.42588,-48.89342,1240,-1,0
2026,273,73571,7,1031,ESCOLA MUNICIPAL JOSÉ BATISTA MACIEL BASTOS,CENTRO,-10.42446,-48.89555,1086,-1,0
2026,274,73580,31,1023,ESCOLA MUNICIPAL FRANCISCO DIVINO VASCONCELOS,CENTRO,-7.75933,-48.57554,836,-1,0
2026,275,73580,31,1031,ESCOLA ESTADUAL ARCELINO FRANCISCO DO NASCIMENTO,CENTRO,-7.75733,-48.57626,1414,-1,0
2026,276,73580,31,1040,ESCOLA MUNICIPAL OSMAR FRANCISCO GONZAGA,ZONA RURAL,-7.7463,-48.67595,352,-1,0
2026,277,73580,31,1058,ESCOLA MUNICIPAL NOSSA SENHORA DA CONCEICAO,ZONA RURAL,-7.90475,-48.5613,198,-1,0
2026,278,73598,3,1023,ESCOLA MUNICIPAL MARIA ANGÉLICA MARTINS DE SOUSA,ZONA RURAL,-11.04911,-48.43031,640,-1,0
2026,279,73598,3,1031,ESCOLA ESTADUAL ANA DE SOUZA PAIVA (ANTIGO COL. EST. FELIX CAMOA II),CENTRO,-11.23891,-48.44365,1355,-1,0
2026,280,73601,17,1015,COLEGIO ESTADUAL DA LAVANDEIRA,CENTRO,-12.78746,-46.50521,2016,-1,0
2026,281,73610,32,1015,ESCOLA ESTADUAL BREJÃO,ZONA RURAL,-7.84946,-47.53964,1223,-1,0
2026,282,73610,32,1031,ESCOLA MUNICIPAL NEMÉZIO MENDES DE MIRANDA,ZONA RURAL,-7.49107,-47.52276,326,-1,0
2026,283,73610,32,1040,ESCOLA ESTADUAL PROFESSOR VICENTE JOSÉ VIEIRA,CENTRO,-7.71414,-47.67255,2473,-1,0
2026,284,92002,4,1015,COLÉGIO ESTADUAL BERNARDO SAYÃO,CENTRO,-7.87863,-48.89573,1311,-1,0
2026,285,92002,4,1031,ESCOLA MUNICIPAL SIMÃO ALVES MOURA,ZONA RURAL,-7.96707,-49.15533,305,-1,0
2026,286,92002,4,1040,ESCOLA MUNICIPAL TANCREDO DE ALMEIDA NEVES,ZONA RURAL,-8.06587,-48.87688,475,-1,0
2026,287,92002,4,1058,ESCOLA MUNICIPAL EVERTON DE ALMEIDA JÚNIOR,ZONA RURAL,-7.94235,-49.06903,216,-1,0
2026,288,92002,4,1066,ESCOLA MUNICIPAL CRIANÇA FELIZ,CENTRO,-7.87833,-48.89482,1282,-1,0
2026,289,92045,10,1015,ESCOLA ESTADUAL MINISTRO NEY BRAGA,ZONA RURAL,-5.34175,-48.19067,526,-1,0
2026,290,92045,10,1023,COLEGIO ESTADUAL BURITI,CENTRO,-5.31614,-48.22677,1774,-1,0
2026,291,92045,10,1031,ESCOLA ESTADUAL DARCINOPOLIS,FERREIROPOLIS,-5.35905,-48.10699,761,-1,0
2026,292,92045,10,1040,ESCOLA ESTADUAL VICENTE CARLOS DE SOUSA,CENTRO,-5.31774,-48.22619,2380,-1,0
2026,293,92045,10,1058,ESCOLA ESTADUAL TANCREDO NEVES,CENTRO,-5.31732,-48.232,1190,-1,0
2026,294,92045,10,1074,CENTRO INFANTIL  TIA ARA,CENTRO,-5.31926,-48.22641,65,-1,0
2026,295,92070,19,1040,ESCOLA MUNICIPAL RAIMUNDO CORDEIRO DE OLIVEIRA,SETOR MONJOLO,-11.56574,-47.17291,825,-1,0
2026,296,92070,19,1058,COLEGIO ESTADUAL DR ABNER DE ARAUJO PACINI,CENTRO,-11.5782,-47.17461,1644,-1,0
2026,297,92070,19,1066,ESCOLA ESTADUAL DEOCLIDES MUNIZ,CENTRO,-11.56929,-47.16592,2384,-1,0
2026,298,92070,19,1074,ESCOLA ARI  PEREIRA BORGES,SETOR AEROPORTO,-11.56518,-47.16902,749,-1,0
2026,299,92088,28,1015,COLÉGIO ESTADUAL TRAJANO DE ALMEIDA,CENTRO,-9.27506,-49.95456,2142,-1,0
2026,300,92088,28,1023,ESCOLA ESTADUAL JOSÉ ALVES DE ASSIS,CENTRO,-9.27123,-49.9606,1812,-1,0
2026,301,92134,14,1015,COLÉGIO ESTADUAL DE ALVORADA - CEA,CENTRO,-12.47887,-49.12421,1287,-1,0
2026,302,92134,14,1031,COLÉGIO MILITAR DO ESTADO DO TOCANTINS ADJÚLIO BALTHAZAR,CENTRO,-12.48405,-49.12486,921,-1,0
2026,303,92134,14,1104,COLÉGIO ESTADUAL ANA MARIA DE JESUS,CENTRO,-12.48636,-49.12106,1011,-1,0
2026,304,92134,14,1112,ESCOLA MUNICIPAL DIVINA GOMES DA SILVEIRA COSTA,SANTA ANGELA,-12.47296,-49.12588,825,-1,0
2026,305,92134,14,1120,ESCOLA MUNICIPAL GERALDO OLIVEIRA COSTA,VILA MUTIRAO,-12.48155,-49.13047,1567,-1,0
2026,306,92134,14,1139,ESCOLA MUNICIPAL PROFESSORA FILOMENA ROCHA SOARES,CENTRO,-12.47679,-49.12393,1163,-1,0
2026,307,92134,14,1147,ESCOLA MUNICIPAL LIOMAR DE SOUZA BARROS,ALVORADINHA,-12.47054,-49.11981,496,-1,0
2026,308,92134,14,1171,CENTRO DE REFERÊNCIA DE ASSISTÊNCIA SOCIAL - CRAS,CENTRO,-12.47942,-49.12369,799,-1,0
2026,309,92142,22,1015,ESCOLA ESTADUAL GIRASSOL DE TEMPO INTEGRAL COMBINADO,CENTRO,-12.81675,-46.54993,2077,-1,0
2026,310,92142,22,1023,COLEGIO ESTADUAL JOAQUIM DE SENA E SILVA,CENTRO,-12.81429,-46.54576,1817,-1,0
2026,311,92185,7,1201,ESCOLA ESTADUAL DONA CÂNDIDA DE FREITAS,SETOR AEROPORTO,-9.79883,-49.20818,1577,-1,0
2026,312,92185,7,1228,COLÉGIO ESTADUAL JOÃO DIAS SOBRINHO,CENTRO,-9.80009,-49.21534,1614,-1,0
2026,313,92185,7,1236,ESCOLA MUNICIPAL JOSÉ RIBAMAR BARBOSA,SETOR SOL NASCENTE,-9.79714,-49.20334,1013,-1,0
2026,314,92185,7,1244,ESCOLA MUNICIPAL ISABEL CARLOS WANDERLEY,SETOR FERNANDINHO,-9.80811,-49.21742,1060,-1,0
2026,315,92185,7,1252,CMEI - NOSSA SENHORA DO CARMO,CENTRO,-9.80402,-49.21488,523,-1,0
2026,316,92193,12,1015,ESCOLA PAROQUIAL SAO PEDRO,CENTRO,-6.3656,-48.07308,1603,-1,0
2026,317,92193,12,1023,ESCOLA MUNICIPAL LEONTINO PEREIRA DE SOUSA,CENTRO,-6.37109,-48.06859,1167,-1,0
2026,318,92193,12,1031,COLÉGIO ESTADUAL GETULIO VARGAS,CENTRO,-6.36421,-48.07298,1649,-1,0
2026,319,92193,12,1066,ESCOLA ESTADUAL PRESIDENTE COSTA E SILVA,POVOADO SÃO JOÃO,-6.30187,-48.29454,368,-1,0
2026,320,92193,12,1090,ESCOLA MUNICIPAL JOÃO DIAS BORGES,CENTRO,-6.36561,-48.07182,851,-1,0
2026,321,92193,12,1139,CEM - CENTRO DE ENSINO MÉDIO CABO APARÍCIO ARAÚJO PAZ,MANGUEIRA,-6.37006,-48.08176,1559,-1,0
2026,322,92193,12,1155,POLO DA UNIVERSIDADE ABERTA DO BRASIL,CHAPADINHA I,-6.37312,-48.07424,403,-1,0
2026,323,92240,16,1023,COLÉGIO ESTADUAL ANTENOR BARREIRA,CENTRO,-8.77604,-48.93342,1461,-1,0
2026,324,92240,16,1031,ESCOLA ESTADUAL MORRO DO MATO,SETOR PALMEIRAS,-8.77043,-48.93729,1472,-1,0
2026,325,92240,16,1040,ESCOLA ESTADUAL CIDADE LEER,ZONA RURAL,-8.73593,-48.75265,244,-1,0
2026,326,92240,16,1066,ESCOLA MUNICIPAL ANTONIO COELHO RIBEIRO,ZONA RURAL,-8.73593,-48.75265,197,-1,0
2026,327,92240,16,1074,ESCOLA MUNICIPAL DR. JOSÉ RODRIGUES FERREIRA,CENTRO,-8.77624,-48.93515,527,-1,0
2026,328,92240,16,1082,CRECHE MUNICIPAL EDILEUZA MARIA ARAUJO,CENTRO,-8.77322,-48.93235,602,-1,0
2026,329,92304,7,1201,COLÉGIO ESTADUAL DAVID BARBOSA ROLINS,CENTRO,-9.80078,-49.65663,1585,-1,0
2026,330,92304,7,1210,ESCOLA MUNICIPAL AMAZILIO DE SOUZA RIBEIRO,CENTRO,-9.79338,-49.65464,1218,-1,0
2026,331,92304,7,1228,ESCOLA MUNICIPAL JOÃO BRAGA DE OLIVEIRA,ZONA RURAL,-9.74485,-49.9728,685,-1,0
2026,332,92304,7,1236,ESCOLA MUNICIPAL PIRACEMA,ZONA RURAL,-9.57418,-49.64652,308,-1,0
2026,333,92371,28,1015,COLÉGIO ESTADUAL DE ARAGUACEMA,CENTRO,-8.80929,-49.55582,2662,-1,0
2026,334,92371,28,1031,ESCOLA MUNICIPAL  SANTA CLARA,ZONA RURAL,-9.17217,-49.63274,622,-1,0
2026,335,92371,28,1040,ESCOLA MUNICIPAL NOVA ESPERANÇA,ZONA RURAL,-8.74246,-49.37675,665,-1,0
2026,336,92371,28,1058,COLÉGIO BOM SUCESSO,ZONA RURAL,-8.68454,-49.28548,187,-1,0
2026,337,92371,28,1074,ESCOLA MUNICIPAL JOSÉ WILSON LEITE,JARDIM PLANALTO,-8.82482,-49.55833,778,-1,0
2026,338,92371,28,1090,POSTO DE SAÚDE DE SENHOR DO BOMFIM,ZONA RURAL,-8.66516,-49.44712,231,-1,0
2026,339,92398,14,1015,POVOADO BAIANÓPOLIS - ESCOLA MUNICIPAL MARTINIANO PEREIRA,ZONA RURAL,-12.75397,-50.02427,251,-1,0
2026,340,92398,14,1023,POVOADO MARILÂNDIA - ESCOLA MUNICIPAL ÂNGELO SIRIANO,ZONA RURAL,-12.98788,-49.59147,280,-1,0
2026,341,92398,14,1040,SALÃO PAROQUIAL,CENTRO,-12.93248,-49.82612,855,-1,0
2026,342,92398,14,1074,CMTO SALVADOR CAETANO UNIDADE 23,CENTRO,-12.92627,-49.83223,1480,-1,0
2026,343,92398,14,1090,COLÉGIO ESTADUAL JOÃO TAVARES MARTINS,VALE DO ARAGUAIA,-12.94023,-49.8227,1140,-1,0
2026,344,92398,14,1210,ESCOLA MUNICIPAL ALDENORA MENDES MASCARENHAS,CENTRO,-12.92807,-49.82716,2064,-1,0
2026,345,92398,14,1228,ESCOLA MUNICIPAL BRÍCIO LUAN QUEIROZ DIVINO,VALE DO ARAGUAIA,-12.94287,-49.82176,586,-1,0
2026,346,92401,13,1015,ESCOLA ESTADUAL 1 GRAU PEDRO XAVIER,CENTRO,-10.56898,-48.91267,1770,-1,0
2026,347,92401,13,1023,ESCOLA ESTADUAL REGINA SIQUEIRA CAMPOS,CENTRO,-10.56236,-48.91187,1109,-1,0
2026,348,92410,1,1015,ESCOLA MUNICIPAL SIMÃO LUTZ,LOTEAMENTO ARAGUAINA SUL,-7.1889,-48.19281,2320,-1,0
2026,349,92410,1,1023,COLEGIO SANTA CRUZ DE ARAGUAINA,CENTRO,-7.19122,-48.20616,4224,-1,0
2026,350,92410,1,1031,ESCOLA ESTADUAL JOÃO ALVES BATISTA,CENTRO,-7.19241,-48.21027,1912,-1,0
2026,351,92410,1,1040,ESCOLA ESTADUAL MARECHAL RONDON,NEBLINA,-7.18598,-48.21547,3540,-1,0
2026,352,92410,1,1058,CENTRO DE ENSINO MEDIO CASTELO BRANCO,VILA ALIANCA,-7.2019,-48.20642,4061,-1,0
2026,353,92410,1,1074,COLEGIO ESTADUAL GUILHERME DOURADO,CENTRO,-7.19094,-48.20311,4741,-1,0
2026,354,92410,1,1082,ESCOLA ESTADUAL PROFESSOR ALFREDO NASSER,CENTRO,-7.18738,-48.20277,2898,-1,0
2026,355,92410,1,1104,ESCOLA ESTADUAL MODELO,CENTRO,-7.18976,-48.20907,2725,-1,0
2026,356,92410,1,1112,COLEGIO ESTADUAL CAMPOS BRASIL,FATIMA,-7.23416,-48.252,2983,-1,0
2026,357,92410,1,1120,COLEGIO ESTADUAL JORGE AMADO,SETOR NOROESTE,-7.18201,-48.20729,3562,-1,0
2026,358,92410,1,1139,ESCOLA MUNICIPAL TOMAZ BATISTA,VILA ALIANCA,-7.20188,-48.2027,655,-1,0
2026,359,92410,1,1171,ESCOLA PAROQUIAL LUIZ AUGUSTO,SÃO JOÃO,-7.1953,-48.19775,2981,-1,0
2026,360,92410,1,1198,CENTRO DE ENSINO MEDIO BENJAMIM JOSE DE ALMEIDA,CONJUNTO URBANISTICO,-7.18314,-48.22088,3805,-1,0
2026,361,92410,1,1201,COLEGIO ESTADUAL RUI BARBOSA,JK,-7.20658,-48.23971,2271,-1,0
2026,362,92410,1,1210,COLEGIO ESTADUAL ADOLFO BEZERRA DE MENEZES,SÃO JOÃO,-7.1913,-48.19435,3203,-1,0
2026,363,92410,1,1228,ESCOLA ESTADUAL DEPUTADO FEDERAL JOSE ALVES DE ASSIS,SETOR RODOVIARIO,-7.18579,-48.21265,2595,-1,0
2026,364,92410,1,1244,COLEGIO ESTADUAL SANCHA FERREIRA,SETOR TECNORTE,-7.20348,-48.21698,1369,-1,0
2026,365,92410,1,1252,ESCOLA MUNICIPAL JOAQUIM DE BRITO PARANAGUA,ELDORADO,-7.20875,-48.19783,2514,-1,0
2026,366,92410,1,1260,ESCOLA ESTADUAL NORTE GOIANO,ENTRONCAMENTO,-7.18166,-48.22274,2222,-1,0
2026,367,92410,1,1287,UNIVERSIDADE FEDERAL DO NORTE TOCANTINS - ARAGUAÍNA,CIMBA,-7.18106,-48.19786,2903,-1,0
2026,368,92410,1,1333,SENAI - SERVICO NACIONAL DE APRENDIZAGEM INDUSTRIAL,SENADOR,-7.19911,-48.20801,2441,-1,0
2026,369,92410,1,1481,COLEGIO ESTADUAL PROFESSORA SILVANDIRA SOUSA LIMA,VILA COUTO MAGALHAES,-7.16362,-48.20377,2596,-1,0
2026,370,92410,1,1490,ESCOLA ESTADUAL WELDER DE ABREU SALES,ELDORADO,-7.20835,-48.19971,2352,-1,0
2026,371,92410,1,1503,ESCOLA DE TEMPO INTEGRAL JARDENIR JORGE FREDERICO,SETOR MARACANÃ,-7.15999,-48.19864,1968,-1,0
2026,372,92410,1,1511,ESCOLA MUNICIPAL GENTIL FERREIRA DE BRITO,SETOR BRASIL,-7.1817,-48.20191,1952,-1,0
2026,373,92410,1,1520,ESCOLA ESTADUAL JOAO GUILHERME LEITE KUNZE,SETOR SAO MIGUEL,-7.19833,-48.23053,2208,-1,0
2026,374,92410,1,1538,ESCOLA MUNICIPAL DR CESAR BELMINO EVANGELISTA,SETOR TEREZA HILARIO RIBEIRO,-7.18784,-48.18047,1837,-1,0
2026,375,92410,1,1546,CENTRO DE ENSINO MEDIO PAULO FREIRE,CENTRO,-7.19496,-48.20961,2936,-1,0
2026,376,92410,1,1554,COLEGIO APLICACAO,SETOR COUTO MAGALHAES,-7.1723,-48.20927,2074,-1,0
2026,377,92410,1,1562,COLEGIO MILITAR DO ESTADO DO TOCANTINS - JORGE HUMBERTO CAMARGO,SETOR COIMBRA,-7.19565,-48.192,3452,-1,0
2026,378,92410,1,1570,FACULDADE UNOPAR,SETOR URBANO,-7.20515,-48.20262,2186,-1,0
2026,379,92410,1,1597,COLÉGIO MILITAR DO ESTADO DO TOCANTINS DR JOSÉ ALUISIO DA SILVA LUZ,SETOR COIMBRA,-7.19378,-48.18699,3181,-1,0
2026,380,92410,1,1600,ESCOLA ESTADUAL JARDIM PAULISTA,JARDIM PAULISTA,-7.21504,-48.20074,2132,-1,0
2026,381,92410,1,1660,ESCOLA MUNICIPAL UNIAO,ZONA RURAL,-7.33997,-48.30068,153,-1,0
2026,382,92410,1,1678,ESCOLA MUNICIPAL JOSE FERREIRA BARROS,LOTEAMENTO CEU AZUL,-7.21864,-48.18472,1637,-1,0
2026,383,92410,1,1686,ESCOLA MUNICIPAL MANOEL LIRA,SETOR NOVA ARAGUAINA,-7.22175,-48.24219,3384,-1,0
2026,384,92410,1,1694,ESCOLA MUNICIPAL ARNON FERREIRA LEAL,CONJUNTO RESIDENCIAL PATROCINIO,-7.19733,-48.18113,1546,-1,0
2026,385,92410,1,1724,ESCOLA MUNICIPAL PREFEITO JOÃO DE SOUSA LIMA,SETOR ITAPUÃ,-7.17636,-48.2125,887,-1,0
2026,386,92410,1,1732,ESCOLA ESTADUAL FRANCISCO MÁXIMO DE SOUSA,SANTA TEREZINHA,-7.20407,-48.19585,2779,-1,0
2026,387,92410,1,1740,ESCOLA MUNICIPAL DOMINGOS SOUSA LEMOS,JARDIM DAS FLORES,-7.20386,-48.17652,2160,-1,0
2026,388,92410,1,1759,ESCOLA MUNICIPAL FRANCISCO BUENO DE FREITAS,SETOR MARACANÃ,-7.15663,-48.19391,2528,-1,0
2026,389,92410,1,1775,CASA DE PRISÃO PROVISÓRIA DE ARAGUAÍNA,SETOR URBANO,-7.2047,-48.20621,0,-1,0
2026,390,92410,1,1805,ESCOLA MUNICIPAL LUIZ GONZAGA,COSTA ESMERALDA,-7.13203,-48.19199,2007,-1,0
2026,391,92410,1,1848,ESCOLA MUNICIPAL OLAVO BILAC,JARDIM DAS PALMEIRAS,-7.19931,-48.2246,646,-1,0
2026,392,92410,1,1856,ESCOLA MUNICIPAL DE TEMPO INTEGRAL JOAQUIM CARLOS SABINO DOS SANTOS,RESIDENCIAL LAGO AZUL IV,-7.22881,-48.22375,2056,-1,0
2026,393,92410,1,1899,CEI NOSSA SENHORA DOS MILAGRES,SETOR ITAIPU,-7.20806,-48.1884,459,-1,0
2026,394,92410,1,1910,ESCOLA MUNICIPAL TEREZA HILÁRIO RIBEIRO,SETOR RAIZAL,-7.19462,-48.1831,300,-1,0
2026,395,92410,1,1929,ESCOLA MUNICIPAL BENEDITO CANUTO BRAGA,SETOR COUTO MAGALHÃES,-7.17687,-48.20652,107,-1,0
2026,396,92410,1,1937,CENTRO EDUCACIONAL INFANTIL MUNICIPAL VOVO JORGE FREDERICO,SETOR SÃO MIGUEL,-7.20192,-48.23117,271,-1,0
2026,397,92410,1,1945,CENTRO EDUCACIONAL INFANTIL MUNICIPAL NATALINA MARIA DE JESUS,BAIRRO SÃO JOÃO,-7.19077,-48.19423,1244,-1,0
2026,398,92410,1,1953,CENTRO EDUCACIONAL INFANTIL MUNICIPAL JOAQUINA MOTA,VILA RIBEIRO,-7.2098,-48.183,1891,-1,0
2026,399,92410,34,1015,ESCOLA ESTADUAL MANOEL GOMES DA CUNHA,SETOR NOVO HORIZONTE,-7.18632,-48.33998,1371,-1,0
2026,400,92410,34,1023,ESCOLA MUNICIPAL DUQUE DE CAXIAS,ZONA RURAL,-7.03362,-48.23015,280,-1,0
2026,401,92410,34,1031,ESCOLA MUNICIPAL SANTA TEREZA,PA PARAÍSO,-7.4416,-48.8093,155,-1,0
2026,402,92410,34,1040,ESCOLA MUNICIPAL SANTA ROSA,ZONA RURAL,-7.13753,-48.25881,328,-1,0
2026,403,92410,34,1058,COLEGIO ESTADUAL ADEMAR VICENTE FERREIRA SOBRINHO,JK,-7.20233,-48.2401,2474,-1,0
2026,404,92410,34,1066,ESCOLA MUNICIPAL CANDIDO BARREIRAS GUIMARAES,ZONA RURAL,-7.33213,-49.22172,105,-1,0
2026,405,92410,34,1074,ESCOLA MUNICIPAL SAO MIGUEL,ZONA RURAL,-7.20822,-48.29747,473,-1,0
2026,406,92410,34,1082,ESCOLA MUNICIPAL JOSE NOGUEIRA,ZONA RURAL,-7.31762,-48.69471,223,-1,0
2026,407,92410,34,1090,ESCOLA MUNICIPAL ANATÓLIO DIAS CARNEIRO,ZONA RURAL,-7.30102,-48.61004,98,-1,0
2026,408,92410,34,1104,CENTRO EDUCACIONAL INFANTIL MUNICIPAL PEDRO CARREIRO,SETOR BARROS,-7.13782,-48.2031,2021,-1,0
2026,409,92410,34,1112,ESCOLA MUNICIPAL WILLIAM CASTELO BRANCO MARTINS,PARQUE SONHOS DOURADOS,-7.18252,-48.23179,1243,-1,0
2026,410,92410,34,1139,CENTRO DE EDUCAÇÃO INFANTIL MUNICIPAL SITIO DA DONA BENTA,VILA AZUL,-7.21568,-48.25797,971,-1,0
2026,411,92410,34,1147,ESCOLA MUNICIPAL JOSÉ GOMES SOBRINHO,SETOR MONTE SINAI,-7.23106,-48.25532,853,-1,0
2026,412,92410,34,1155,ESCOLA MUNICIPAL CABO LUZIMAR MACHADO,POVOADO PONTE,-7.28225,-48.27675,551,-1,0
2026,413,92436,10,1015,ESCOLA MUNICIPAL PROFESSORA NAIR DUARTE,CENTRO,-5.64817,-48.12281,1941,-1,0
2026,414,92436,10,1023,ESCOLA ESTADUAL LEONIDAS GONCALVES DUARTE,CENTRO,-5.65001,-48.12656,1842,-1,0
2026,415,92436,10,1031,FACULDADE UNITINS,CENTRO,-5.65158,-48.12556,2009,-1,0
2026,416,92436,10,1040,ESCOLA ESTADUAL DENIZE GOMIDE AMUI,CENTRO,-5.65261,-48.11879,2212,-1,0
2026,417,92436,10,1066,ESCOLA MUNICIPAL SÃO VICENTE FERRER,CENTRO,-5.64831,-48.12894,1997,-1,0
2026,418,92436,10,1082,ESCOLA ESTADUAL FREI SAVINO,ZONA RURAL,-5.8817,-48.15902,517,-1,0
2026,419,92436,10,1090,ESCOLA MUNICIPAL EDGAR TOLENTINO,ZONA RURAL,-5.71934,-48.1475,698,-1,0
2026,420,92436,10,1104,ESCOLA MUNICIPAL AURELIANO JOSÉ FERREIRA,ZONA RURAL,-5.89343,-47.9371,797,-1,0
2026,421,92436,10,1120,ESCOLA MUNICIPAL PADRE VITORIO,ZONA RURAL,-5.45409,-48.30383,780,-1,0
2026,422,92436,10,1139,ESCOLA ESTADUAL SANTA GERTRUDES,ZONA RURAL,-5.90752,-48.21529,740,-1,0
2026,423,92436,10,1171,CPM - COLEGIO DA POLICIA MILITAR,CENTRO,-5.64912,-48.11788,2980,-1,0
2026,424,92436,10,1180,ESCOLA MUNICIPAL PROFESSORA MARIA DE LOURDES,CENTRO,-5.65699,-48.11643,1289,-1,0
2026,425,92436,10,1201,ESTADUAL OSVALDO FRANCO,NOVA ARAGUATINS,-5.65041,-48.1117,2554,-1,0
2026,426,92436,10,1210,ESCOLA MUNICIPAL MARINGÁ I,ZONA RURAL,-5.47416,-48.1217,277,-1,0
2026,427,92436,10,1228,ESCOLA MUNICIPAL RUI BARBOSA,ZONA RURAL,-5.78633,-48.17755,227,-1,0
2026,428,92436,10,1252,ETI PROFESSORA ONEIDE DA CRUZ MOUSINHO,VILA CIDINHA,-5.64838,-48.10775,1420,-1,0
2026,429,92436,10,1260,ESCOLA MUNICIPAL BLANDINA SEIXAS,ZONA RURAL,-5.6873,-48.02586,132,-1,0
2026,430,92452,31,1023,ESCOLA ESTADUAL ANTONIO DELFINO GUIMARAES,SETOR PLANO NOVO,-7.65541,-49.06571,1763,-1,0
2026,431,92452,31,1031,ESCOLA MUNICIPAL FRANCISCO JOSÉ PEREIRA,SETOR PLANO NOVO,-7.6575,-49.06505,578,-1,0
2026,432,92452,31,1040,COLEGIO ESTADUAL RUILON DIAS CARNEIRO,JARDIM PRIMAVERA,-7.66003,-49.06496,1468,-1,0
2026,433,92452,31,1082,ESCOLA MUNICIPAL IRMA RITA,SETOR DOS TEREZIANOS,-7.65224,-49.06518,584,-1,0
2026,434,92452,31,1112,TEMPLO DO KM 19,ZONA RURAL,-7.64132,-48.80267,141,-1,0
2026,435,92452,31,1120,TEMPLO CIADSETA,ZONA RURAL,-7.80339,-48.93094,104,-1,0
2026,436,92479,22,1015,ESCOLA ESTADUAL BRIGADEIRO FELIPE,CENTRO,-12.9345,-46.93709,2085,-1,0
2026,437,92479,22,1031,COLEGIO ESTADUAL PROF. JOANA BATISTA CORDEIRO,CENTRO,-12.93337,-46.93551,1882,-1,0
2026,438,92479,22,1040,ESCOLA ESTADUAL SILVA DOURADO,CENTRO,-12.92667,-46.94127,1974,-1,0
2026,439,92479,22,1074,ESCOLA ESTADUAL PROFESSORA ZULMIRA MAGALHAES,ZONA RURAL,-12.84684,-46.8084,664,-1,0
2026,440,92479,22,1139,EMEF APOENAN DE DE ABREU TEIXEIRA,BURITIZINHO,-12.91973,-46.95378,982,-1,0
2026,441,92479,22,1147,COLÉGIO MILITAR DO TOCANTINS - JACY ALVES DE BARROS,ARNALDO PRIETO,-12.93325,-46.94373,484,-1,0
2026,442,92479,22,1163,ESCOLA MUNICIPAL POLO DAS MATAS SABINO DOS SANTOS ROSA,ZONA RURAL,-13.16882,-47.456,154,-1,0
2026,443,92487,16,1015,COLÉGIO ESTADUAL BERNARDO SAYÃO,CENTRO,-8.59348,-48.93283,1179,-1,0
2026,444,92487,16,1023,COLÉGIO ESTADUAL PRIMEIRO DE JUNHO,SETOR RABELO,-8.59974,-48.93314,1187,-1,0
2026,445,92487,16,1031,ESCOLA MUNICIPAL AMAZONAS,ZONA RURAL,-8.22291,-48.95294,271,-1,0
2026,446,92487,16,1040,ESCOLA MUNICIPAL MATA AZUL,ZONA RURAL,-8.29422,-48.8342,283,-1,0
2026,447,92487,16,1058,ESCOLA MUNICIPAL PAULO FREIRE - P.A. PROGRESSO,ZONA RURAL,-8.40111,-48.9145,581,-1,0
2026,448,92487,16,1066,ESCOLA MUNICIPAL AYRTON SENNA,SETOR AEROPORTO,-8.59447,-48.93717,829,-1,0
2026,449,92487,16,1074,CMEI MÃE TEREZA HILÁRIO RIBEIRO,SETOR AEROPORTO,-8.594,-48.93717,46,-1,0
2026,450,92509,25,1015,ESCOLA ESTADUAL ALFREDO NASSER,CENTRO,-11.60988,-47.04881,1601,-1,0
2026,451,92509,25,1040,ESCOLA MUNICIPAL JOAQUIM ARAÚJO,CENTRO,-11.60892,-47.05029,1042,-1,0
2026,452,92525,21,1015,ESCOLA MUNICIPAL CAETANA DE MORAES COSTA,ZONA RURAL,-5.44588,-47.64544,840,-1,0
2026,453,92525,21,1023,ESCOLA MUNICIPAL GENÉSIO GOMES,CENTRO,-5.3947,-47.81196,1185,-1,0
2026,454,92525,21,1031,ESCOLA MUNICIPAL ALFREDO NASSER,ZONA RURAL,-5.44788,-47.78877,436,-1,0
2026,455,92525,21,1040,ESCOLA MUNICIPAL JOSÉ LOPES DA SILVA,ZONA RURAL,-5.47769,-47.79423,181,-1,0
2026,456,92525,21,1058,ESCOLA ESTADUAL GENÉSIO GOMES,CENTRO,-5.39747,-47.81249,1207,-1,0
2026,457,92525,21,1074,ESCOLA MUNICIPAL REDENÇÃO,ZONA RURAL,-5.44166,-47.71195,425,-1,0
2026,458,92525,21,1090,ESCOLA ESTADUAL PRIMEIRO DE JUNHO,CENTRO,-5.39859,-47.81255,1066,-1,0
2026,459,92525,21,1104,ESCOLA MUNICIPAL MELQUÍADES CARDOSO,VILA TOCANTINS,-5.4006,-47.81358,468,-1,0
2026,460,92525,21,1112,ESCOLA MUNICIPAL JEAN PIAGET,ZONA RURAL,-5.5007,-47.73116,60,-1,0
2026,461,92525,21,1120,CENTRO EDUCACIONAL NOGUEIRA LIMA,CENTRO,-5.39692,-47.81233,7,-1,1
2026,462,92533,17,1023,ESCOLA ESTADUAL PROFESSORA RANULFA,CENTRO,-12.71432,-46.40892,2300,-1,0
2026,463,92533,17,1031,ESCOLA ESTADUAL DONA INES,CENTRO,-12.71209,-46.40963,1033,-1,0
2026,464,92541,21,1015,COLÉGIO ESTADUAL SAMPAIO,CENTRO,-5.35083,-47.87757,2062,-1,0
2026,465,92541,21,1023,ESCOLA MUNICIPAL PRIMEIRO DE JUNHO,CENTRO,-5.35214,-47.87868,1935,-1,0
2026,466,92541,21,1040,ESCOLA MUNICIPAL ANTÔNIO FIRMINO DA SILVA,ZONA RURAL,-5.35165,-47.93957,165,-1,0
2026,467,92576,11,1015,COLÉGIO ESTADUAL MARECHAL RIBAS JUNIOR,CENTRO,-5.61992,-47.77324,2387,-1,0
2026,468,92576,11,1031,ESCOLA ESTADUAL SAO FRANCISCO DE ASSIS,CENTRO,-5.61318,-47.76313,2149,-1,0
2026,469,92576,11,1074,ESCOLA MUNICIPAL MARECHAL RONDON,CENTRO,-5.61388,-47.77415,776,-1,0
2026,470,92576,11,1104,ESCOLA MUNICIPAL PADRE IRTON,CENTRO,-5.61273,-47.77063,2451,-1,0
2026,471,92576,11,1120,ESCOLA MUNICIPAL SÃO JOSÉ - POVOADO PEQUIZEIRO,ZONA RURAL,-5.70279,-47.74199,340,-1,0
2026,472,92576,11,1139,ESCOLA MUNICIPAL DOM PEDRO I - POVOADO GROTÃO,ZONA RURAL,-5.56848,-47.80411,442,-1,0
2026,473,92576,11,1163,ESCOLA MUNICIPAL MENINO JESUS - POVOADO LAGOA DE SÃO SALVADOR,LAGOA DE SÃO SALVADOR,-5.64693,-47.73788,278,-1,0
2026,474,92576,11,1180,ESCOLA MUNICIPAL OSVALDO REIS,SÃO RAIMUNDO,-5.61206,-47.76606,165,-1,0
2026,475,92576,11,1201,UBS SANTA MARIA (AUDITÓRIO),CENTRO,-5.61446,-47.77125,89,-1,0
2026,476,92576,11,1210,CENTRO DE CONVIVÊNCIA DO IDOSO,CENTRO,-5.61704,-47.77399,119,-1,0
2026,477,92576,11,1228,ESCOLA MUNICIPAL SANTO ANTÔNIO - POVOADO ALTO DO ZUMBI,POVOADO ALTO DO ZUMBI,-5.59211,-47.72578,1,-1,0
2026,478,92584,19,1015,COLÉGIO MUNICIPAL PEDRO RODRIGUES NETO,ZONA RURAL,-11.29967,-47.90957,681,-1,0
2026,479,92584,19,1023,ESCOLA ESTADUAL ZACARIAS NUNES DA SILVEIRA,CENTRO,-11.44878,-48.1203,757,-1,0
2026,480,92584,19,1040,CENTRO CULTURAL DA COM. QUIL. MORRO SÃO JOÃO - VER. E PROF. ELI,ZONA RURAL,-11.32771,-48.35672,165,-1,0
2026,481,92584,19,1058,ESCOLA MUNICIPAL TIA MIRETA,CENTRO,-11.45407,-48.11618,1481,-1,0
2026,482,92584,19,1066,COLÉGIO TENENTE SALVADOR RIBEIRO,CENTRO,-11.44906,-48.11522,1172,-1,0
2026,483,92592,8,1015,ESCOLA ESTADUAL LEOPOLDO DE BULHOES,NOVO MILÊNIO I,-7.20271,-47.76256,2067,-1,0
2026,484,92592,8,1074,ESCOLA ESTADUAL RUI BARBOSA,AREIA,-7.33861,-47.49583,1858,-1,0
2026,485,92592,8,1104,ESCOLA MUNICIPAL SAO FRANCISCO,ZONA RURAL,-7.22958,-47.92926,763,-1,0
2026,486,92592,8,1112,ESCOLA MUNICIPAL SANTA PAZ,ZONA RURAL,-7.36586,-48.01004,473,-1,0
2026,487,92592,8,1120,ESCOLA MUNICIPAL POETA JOSÉ GOMES,CENTRO,-7.2036,-47.75955,1069,-1,0
2026,488,92592,8,1139,ESCOLA MUNICIPAL BENJAMIM DE SOUSA PARENTE,ZONA RURAL,-7.24763,-48.03328,413,-1,0
2026,489,92606,35,1015,ESCOLA ESTADUAL PROFESSOR MANOEL SILVÉRIO DOURADO,CENTRO,-10.28449,-47.80789,1709,-1,0
2026,490,92606,35,1023,ESCOLA MUNICIPAL HORÁCIO JOSÉ RODRIGUES,ZONA RURAL,-10.278,-47.71268,339,-1,0
2026,491,92606,35,1031,ESCOLA MUNICIPAL FRANCISCO SOUSA BARROS,CENTRO,-10.28509,-47.80757,1025,-1,0
2026,492,92681,20,1015,ESCOLA MUNICIPAL JUCELINO KUBITSCHEK,ZONA RURAL,-11.53603,-48.2956,115,-1,0
2026,493,92681,20,1023,ESCOLA MUNICIPAL DE TEMPO INTEGRAL JOÃO PEREIRA SOBRINHO,CENTRO,-11.96492,-48.23731,1733,-1,0
2026,494,92681,20,1031,ESCOLA MUNICIPAL CASTELO BRANCO,ZONA RURAL,-12.09077,-47.8414,185,-1,0
2026,495,92681,20,1040,ESCOLA MUNICIPAL RIACHAO I,ZONA RURAL,-11.67555,-48.28029,169,-1,0
2026,496,92681,20,1058,ESCOLA MUNICIPAL JOSÉ LOPES CHAVES ,CENTRO,-11.97555,-48.23365,1873,-1,0
2026,497,92738,3,1015,ESCOLA ESTADUAL JONAS PEREIRA LIMA - ANTIGA LIDIA ANDRADE,CENTRO,-11.01751,-48.5666,727,-1,0
2026,498,92738,3,1023,ESCOLA ESTADUAL PADRAO,CENTRO,-11.01986,-48.56547,2433,-1,0
2026,499,92738,3,1074,ESCOLA MUNICIPAL MALHADINHA,ZONA RURAL,-10.8427,-48.45978,287,-1,0
2026,500,92738,3,1082,ESCOLA MUNICIPAL WANDA FERREIRA DA CUNHA,JANUARIO DIAS,-11.0225,-48.56615,777,-1,0
2026,501,93114,4,1015,UNIRG - CAMPUS COLINAS DO TOCANTINS (ANTIGA FIESC),NOVO PLANALTO,-8.04995,-48.48889,1819,-1,0
2026,502,93114,4,1031,ESCOLA MUNICIPAL JOSÉ TEODORO RODRIGUES,VILA SÃO JOÃO,-8.05491,-48.50045,1131,-1,0
2026,503,93114,4,1040,COLÉGIO ESTADUAL GIRASSOL DE TEMPO INTEGRAL ERNESTO BARROS,CENTRO,-8.0567,-48.48171,1643,-1,0
2026,504,93114,4,1066,ESCOLA MUNICIPAL NOSSA SENHORA APARECIDA,CENTRO,-8.05721,-48.48058,1206,-1,0
2026,505,93114,4,1074,COLÉGIO ALBERT EINSTEIN,CENTRO,-8.05833,-48.48116,1208,-1,0
2026,506,93114,4,1082,COLÉGIO DA POLÍCIA MILITAR JOÃO XXIII,CENTRO,-8.05958,-48.47448,1433,-1,0
2026,507,93114,4,1112,CENTRO DE ENSINO MÉDIO PRESIDENTE CASTELO BRANCO,SETOR RODOVIÁRIO,-8.06191,-48.47454,1817,-1,0
2026,508,93114,4,1120,COLÉGIO ESTADUAL LACERDINO OLIVEIRA CAMPOS,SANTO ANTONIO I,-8.04193,-48.46456,1806,-1,0
2026,509,93114,4,1139,CEMEI MARGARIDINHA (ANTIGA ESCOLA MUNICIPAL CANTINHO DA ALEGRIA),CENTRO,-8.05307,-48.48406,1424,-1,0
2026,510,93114,4,1147,ESCOLA MUNICIPAL PROFESSORA ODETE CARVALHO DOS SANTOS,VILA SANTA MARIA,-8.07737,-48.4808,2345,-1,0
2026,511,93114,4,1171,ESCOLA MUNICIPAL DR. PEDRO LUDOVICO TEIXEIRA,SETOR NOVO HORIZONTE,-8.04761,-48.48984,1768,-1,0
2026,512,93114,4,1180,ESCOLA MUNICIPAL MARIA PEREIRA GUIMARÃES,SETOR CAMPINAS,-8.05799,-48.46961,1639,-1,0
2026,513,93114,4,1198,ESCOLA MUNICIPAL PROFESSOR ODIMAR LOPES DA SILVA,SETOR DOIRADO,-8.04833,-48.47971,1460,-1,0
2026,514,93114,4,1228,ESCOLA PRESBITERIANA DE COLINAS DO TOCANTINS,CENTRO,-8.05768,-48.47442,1285,-1,0
2026,515,93114,4,1236,ESCOLA ESTADUAL FRANCISCO PEREIRA FELÍCIO,NOVO PLANALTO,-8.0512,-48.49052,1169,-1,0
2026,516,93114,4,1244,ESCOLA MUNICIPAL PRIMAVERA,SETOR RODOVIÁRIO,-8.06678,-48.46922,1060,-1,0
2026,517,93114,4,1252,ESCOLA MUNICIPAL TEODOMIRO RODRIGUES DA ROCHA (PRÉDIO NOVO),SANTO ANTONIO II,-8.04547,-48.45747,1196,-1,0
2026,518,93130,22,1015,ESCOLA MUNICIPAL IZABEL COSTA,CENTRO,-12.21982,-47.29208,2038,-1,0
2026,519,93130,22,1031,COL. EST. CEL. JOSÉ FRANCISCO DE AZEVEDO,CENTRO,-12.21868,-47.29676,1636,-1,0
2026,520,93211,16,1015,COLÉGIO ESTADUAL ARCHÂNGELA MILHOMEM,CENTRO,-8.36084,-49.18398,1465,-1,0
2026,521,93211,16,1023,ESCOLA ESTADUAL ARLINDA ROSA DE SOUSA,CENTRO,-8.35973,-49.17363,1107,-1,0
2026,522,93211,16,1066,ESCOLA MUNICIPAL CORDOLINA COSTA REGO,CENTRO,-8.36164,-49.17696,1186,-1,0
2026,523,93211,16,1074,POSTO DE SAÚDE DONA MARTINHA,ZONA RURAL,-8.28541,-49.24591,199,-1,0
2026,524,93211,16,1082,ESCOLA ESTADUAL ÚLTIMO DE CARVALHO,ZONA RURAL,-8.36537,-49.26458,290,-1,0
2026,525,93211,16,1090,CRECHE DORVALINA MARTINS DA SILVA,SETOR BRASIL,-8.36301,-49.18545,571,-1,0
2026,526,93238,13,1023,APAE - ASSOCIAÇÃO DE PAIS E AMIGOS EXCEPCIONAIS,CENTRO,-10.59759,-49.19412,649,-1,0
2026,527,93238,13,1031,ESCOLA MUNICIPAL DOM JAIME ANTONIO SCHUCK,CENTRO,-10.59563,-49.19333,1766,-1,0
2026,528,93238,13,1040,COLEGIO ESTADUAL DE CRISTALANDIA,CENTRO,-10.59713,-49.19258,1937,-1,0
2026,529,93238,13,1058,COLÉGIO MILITAR OTACÍLIO MARQUES ROSAL,SETOR AEROPORTO,-10.6083,-49.20275,1222,-1,0
2026,530,93416,25,1015,ESCOLA MUNICIPAL SÃO JOSÉ,CENTRO,-11.62565,-46.81827,1382,-1,0
2026,531,93416,25,1023,ESCOLA ESTADUAL  ABILIO WOLNEY,CENTRO,-11.62914,-46.82125,1915,-1,0
2026,532,93416,25,1031,CENTRO DE ENSINO MÉDIO ANTONIO POVOA,CAVALCANTE,-11.61639,-46.82343,2029,-1,0
2026,533,93416,25,1040,COLEGIO JOAO D' ABREU,CENTRO,-11.62542,-46.81903,4154,-1,0
2026,534,93416,25,1058,ESCOLA BATISTA B. H. FOREMAN,CENTRO,-11.62718,-46.81841,838,-1,0
2026,535,93416,25,1082,ESCOLA MUNICIPAL SANTA LUZIA,SANTA LUZIA,-11.61067,-46.82074,709,-1,0
2026,536,93416,25,1112,ESCOLA MUNICIPAL FELIPE BATISTA DOS SANTOS,POVOADO BOA SORTE,-11.90815,-46.78235,191,-1,0
2026,537,93416,25,1139,COLÉGIO MILITAR DO ESTADO DO TOCANTINS JOCA COSTA,CAVALCANTE,-11.61587,-46.8287,1146,-1,0
2026,538,93416,25,1147,ESCOLA MUNICIPAL PROFESSOR RENATO RODRIGUES ALVES,NOVA CIDADE,-11.62154,-46.82994,885,-1,0
2026,539,93459,28,1015,COLEGIO ESTADUAL PRESIDENTE CASTELO BRANCO,CENTRO,-9.2567,-49.06514,3049,-1,0
2026,540,93459,28,1040,ESCOLA MUNICIPAL PETRONIO LIMA ARBUES,CENTRO,-9.26262,-49.06538,1163,-1,0
2026,541,93459,28,1058,CENTRO MUNICIPAL DE EDUCAÇÃO INFANTIL - SÃO JOÃO BATISTA,CENTRO,-9.25107,-49.06603,880,-1,0
2026,542,93475,15,1015,COLÉGIO ESTADUAL ELESBÃO LIMA,CENTRO,-11.34279,-49.27237,1995,-1,0
2026,543,93475,15,1058,ESCOLA MUNICIPAL CECÍLIA DE ARAÚJO MELO (MINHA INFÂNCIA),CENTRO,-11.34187,-49.26791,1003,-1,0
2026,544,93475,15,1066,ESCOLA MUNICIPAL NOEME LUSTOSA BARROS,SETOR AEROPORTO,-11.33706,-49.25979,670,-1,0
2026,545,93556,8,1015,ESCOLA ESTADUAL ADEUVALDO DE OLIVEIRA MORAIS,CENTRO,-7.33713,-47.49809,1711,-1,0
2026,546,93556,8,1058,COLEGIO ESTADUAL PROFESSORA ANA FRANCISCA MARANHÃO DE SOUSA,CENTRO,-7.33397,-47.49998,1304,-1,0
2026,547,93556,8,1104,MONUMENTO NATURAL DAS ARVORES FOSSILIZADAS DO TOCANTINS,ZONA RURAL,-7.48633,-47.85632,386,-1,0
2026,548,93556,8,1147,ESCOLA MUNICIPAL  NOSSA SENHORA DO PERPETUO SOCORRO,ZONA RURAL,-7.48567,-47.8602,1165,-1,0
2026,549,93556,8,1155,ESCOLA MUNICIPAL TENENTE COSTA LEITE,ZONA RURAL,-7.32264,-47.6589,192,-1,0
2026,550,93556,8,1163,ESCOLA MUNICIPAL DONA MAURA LEAL VALADARES,CENTRO,-7.34124,-47.49801,792,-1,0
2026,551,93556,8,1171,ESCOLA ESTADUAL PROF. JOSÉ FRANCISCO DOS MONTES,ZONA RURAL,-7.48377,-47.86494,657,-1,0
2026,552,93556,8,1180,ESCOLA MUNICIPAL CRIANÇA ALEGRE,ZONA RURAL,-7.6283,-47.95181,77,-1,0
2026,553,93653,15,1015,COLÉGIO MUNICIPAL DOM ALANO,CENTRO,-11.7993,-49.53103,1059,-1,0
2026,554,93653,15,1031,COOPERATIVA DE EDUCADORES DE FORMOSO DO ARAGUAIA,CENTRO,-11.79982,-49.5315,1030,-1,0
2026,555,93653,15,1040,COLÉGIO ESTADUAL TIRADENTES,CENTRO,-11.80113,-49.53022,2113,-1,0
2026,556,93653,15,1082,COLÉGIO MUNICIPAL HERMÍNIO AZEVEDO SOARES,CENTRO,-11.80157,-49.52462,1862,-1,0
2026,557,93653,15,1090,COLÉGIO ESTADUAL DONA GERCINA BORGES TEIXEIRA,CENTRO,-11.80542,-49.52666,1263,-1,0
2026,558,93653,15,1112,ESCOLA MUNICIPAL PROFESSOR JOÃO QUEIROZ,SETOR SÃO JOSÉ I,-11.80742,-49.52054,1517,-1,0
2026,559,93653,15,1139,ESCOLA ESTADUAL BENEDITO PEREIRA BANDEIRA,SETOR ALIANÇA,-11.81873,-49.52217,1381,-1,0
2026,560,93653,15,1171,ESCOLA MUNICIPAL DALCI BARROS MILHOMENS,SETOR JARDIM PLANALTO,-11.80125,-49.51995,663,-1,0
2026,561,93653,15,1180,ALDEIA CANOANÃ,ALDEIA INDÍGENA,-11.97216,-49.91567,267,-1,0
2026,562,93653,15,1198,ALDEIA TXUIRÍ,ALDEIA INDÍGENA,-11.78264,-49.9349,121,-1,0
2026,563,93653,15,1210,ESCOLA MUNICIPAL RURAL SEBASTIÃO LOPES DA SILVA,ZONA RURAL,-11.63232,-49.84995,467,-1,0
2026,564,93653,15,1236,ALDEIA SÃO JOÃO,ALDEIA INDÍGENA,-12.08987,-49.96024,159,-1,0
2026,565,93653,15,1260,ESCOLA MUNICIPAL SILAS RAIMUNDO MILHOMEM,SETOR ALIANÇA,-11.81765,-49.51783,918,-1,0
2026,566,93653,15,1279,ALDEIA BOA ESPERANÇA,ALDEIA INDÍGENA,-11.44803,-50.01684,102,-1,0
2026,567,93653,15,1287,ASSOCIAÇÃO DE PAIS E AMIGOS DOS EXCEPCIONAIS,SETOR SÃO JOSÉ I,-11.81166,-49.51861,1237,-1,0
2026,568,93858,2,1015,COLEGIO PAROQUIAL BERNARDO SAYAO,CENTRO,-11.72679,-49.06223,3369,-1,0
2026,569,93858,2,1023,COLEGIO POSITIVO DE GURUPI,CENTRO,-11.73146,-49.06289,1813,-1,0
2026,570,93858,2,1031,UNIVERSIDADE DE GURUPI - UNIRG,CENTRO,-11.72438,-49.07662,3573,-1,0
2026,571,93858,2,1040,CEM GURUPI (ANTIGO COLEGIO ESTADUAL DE GURUPI),CENTRO,-11.72556,-49.0704,4460,-1,0
2026,572,93858,2,1090,COLÉGIO DE TEMPO INTEGRAL PRESIDENTE COSTA E SILVA,CENTRO,-11.72148,-49.0746,3191,-1,0
2026,573,93858,2,1112,ESCOLA PRESBITERIANA ARAGUAIA DE GURUPI,CENTRO,-11.72986,-49.0677,1074,-1,0
2026,574,93858,2,1147,ESCOLA MUNICIPAL TREVO DO TOCANTINS,ZONA RURAL,-11.43835,-48.64332,468,-1,0
2026,575,93858,2,1155,COLEGIO ESTADUAL VILA GUARACY,VILA GUARACY,-11.74013,-49.07966,1397,-1,0
2026,576,93858,2,1163,CENTRO DE ENSINO MEDIO ARY RIBEIRO VALADÃO FILHO,SETOR VALDIR LINS II,-11.73552,-49.07922,1227,-1,0
2026,577,93858,2,1180,ESCOLA MUNICIPAL ANTÔNIO LINO DE SOUZA,CENTRO,-11.73215,-49.04699,886,-1,0
2026,578,93858,2,1198,COLEGIO ESTADUAL BOM JESUS,CENTRO,-11.72897,-49.05787,3128,-1,0
2026,579,93858,2,1201,COLEGIO ESTADUAL WALDIR LINS,WALDIR LINS,-11.73788,-49.08798,906,-1,0
2026,580,93858,2,1244,ESCOLA ORLINDO PEREIRA DA MOTA,SETOR UNIAO V,-11.73991,-49.06908,1276,-1,0
2026,581,93858,2,1252,COLEGIO ESTADUAL JOSE SEABRA LEMOS,CENTRO,-11.73422,-49.05997,2322,-1,0
2026,582,93858,2,1260,ESCOLA MUNICIPAL ANTONIO DE ALMEIDA VERAS,CENTRO,-11.73071,-49.0539,3121,-1,0
2026,583,93858,2,1279,ESCOLA MUNICIPAL GILBERTO REZENDE ROCHA FILHO,CENTRO,-11.7168,-49.08665,2476,-1,0
2026,584,93858,2,1287,ESCOLA MUNICIPAL JOEL FERREIRA SOARES,CENTRO,-11.74887,-49.07221,1233,-1,0
2026,585,93858,2,1295,ESCOLA MUNICIPAL VILA NOVA,CENTRO,-11.71086,-49.04753,899,-1,0
2026,586,93858,2,1309,ESCOLA MUNICIPAL DOMINGOS BARREIRA DE AMORIM,RESIDENCIAL JARDIM DOS BURITIS,-11.72193,-49.09731,1358,-1,0
2026,587,93858,2,1317,ESCOLA MUNICIPAL JOSE PEREIRA DA CRUZ,SETOR SÃO JOSÉ,-11.73899,-49.04837,1402,-1,0
2026,588,93858,2,1333,ESCOLA ESTADUAL DR JOAQUIM PEREIRA DA COSTA,SETOR SOL NASCENTE,-11.72771,-49.09566,2913,-1,0
2026,589,93858,2,1376,ESCOLA ESTADUAL SETOR AEROPORTO,CENTRO,-11.7156,-49.05619,1080,-1,0
2026,590,93858,2,1384,ESCOLA MUNICIPAL PROFª ILZA BORGES VIEIRA,PARQUE RESIDENCIAL NOVA FRONTEIRA,-11.7493,-49.0654,1819,-1,0
2026,591,93858,2,1406,ESCOLA MUNICIPAL DR ULISSES GUIMARAES,PARQUE DAS ACÁCIAS,-11.73023,-49.11536,1393,-1,0
2026,592,93858,2,1414,ESCOLA MUNICIPAL ELIZEU DE CARVALHO,SETOR INDUSTRIAL,-11.64085,-49.03957,453,-1,0
2026,593,93858,2,1422,ASSOCIAÇÃO DE PAIS E AMIGOS DOS EXCEPCIONAIS APAE,WALDIR LINS,-11.73991,-49.08514,885,-1,0
2026,594,93858,2,1430,ESCOLA MUNICIPAL AGRIPINO DE SOUZA GALVÃO,SETOR BELA VISTA,-11.76601,-49.07234,1485,-1,0
2026,595,93858,2,1449,ESCOLA MUNICIPAL LENIVAL CORRÊA FERREIRA,ALTO DA BOA VISTA,-11.73182,-49.0985,1844,-1,0
2026,596,93858,2,1457,INSTITUTO FEDERAL DE CIÊNCIA E TECNOLOGIA DO TOCANTINS,JARDIM SEVILHA,-11.7384,-49.05492,1849,-1,0
2026,597,93858,2,1465,POSTO DE ATENDIMENTO MÉDICO VALE VERDE,ZONA RURAL,-11.87949,-48.98518,143,-1,0
2026,598,93858,2,1511,SESI - CIAT ALBANO FRANCO DE GURUPI,VILA ALAGOANA,-11.72247,-49.08348,1101,-1,0
2026,599,93858,2,1520,ESCOLA MUNICIPAL VALNIR DE SOUZA SOARES,JARDIM MEDEIROS,-11.71145,-49.08632,402,-1,0
2026,600,93858,2,1538,CEMEI ONEIDE DE SOUZA COELHO,CAMPO BELLO,-11.72411,-49.12943,840,-1,0
2026,601,93858,2,1562,CRECHE CEMEI TÂNIA SCOTTA,PARQUE RESIDENCIAL NOVA FRONTEIRA,-11.75032,-49.06477,1141,-1,0
2026,602,93858,2,1570,INSTITUTO EDUCACIONAL PASSO A PASSO,VILA ALAGOANA,-11.72327,-49.08437,1440,-1,0
2026,603,93858,2,1589,INSTITUTO MUNICIPAL SILNY RODRIGUES DOS SANTOS,CENTRO,-11.73373,-49.06456,1712,-1,0
2026,604,93858,2,1597,CEMEI PROFESSORA RAIMUNDA REGINO DE LIMA,SETOR AEROPORTO II,-11.71428,-49.04662,1328,-1,0
2026,605,94056,33,1015,COLEGIO ESTADUAL DE ITACAJA,CENTRO,-8.39236,-47.76788,2382,-1,0
2026,606,94056,33,1023,ESCOLA MUNICIPAL TANCREDO NEVES,CENTRO,-8.39496,-47.77024,979,-1,0
2026,607,94056,33,1066,ESCOLA DA ALDEIA MANOEL ALVES PEQUENO,ALDEIA INDÍGENA,-8.41809,-47.73409,220,-1,0
2026,608,94056,33,1074,ESCOLA DA ALDEIA SANTA CRUZ,ALDEIA INDÍGENA,-8.49529,-47.6757,417,-1,0
2026,609,94056,33,1082,CEMEI - ANTONIA DE ALENCAR FERNANDES,SETOR AEROPORTO,-8.39672,-47.77479,1189,-1,0
2026,610,94056,33,1090,ESCOLA ESTADUAL INDÍGENA JUHKWYJ,ALDEIA INDÍGENA,-8.53893,-47.51047,289,-1,0
2026,611,94099,11,1031,ESCOLA MUNICIPAL SUELY BARBOSA - DESCARRETO,DESCARRETO,-5.78653,-47.47206,382,-1,0
2026,612,94099,11,1058,ESCOLA MUNICIPAL JAIME NUNES,CENTRO,-5.77465,-47.47826,910,-1,0
2026,613,94099,11,1074,ESCOLA ESTADUAL OLAVO BILAC,CENTRO,-5.77841,-47.48297,1308,-1,0
2026,614,94099,11,1104,ESCOLA  MUNICIPAL TOCANTINS - POVOADO ALTO DA CRUZ,ZONA RURAL,-5.72112,-47.74984,150,-1,0
2026,615,94099,11,1112,ESCOLA MUNICIPAL SANTO ANTONIO DA CACHOEIRA,CENTRO,-5.7684,-47.48323,911,-1,0
2026,616,94099,11,1139,ESCOLA MUNICIPAL SAO BENTO - ASSENTAMENTO FAZENDA REIS,ZONA RURAL,-5.76969,-47.70264,718,-1,0
2026,617,94099,11,1171,ESCOLA MUNICIPAL ANGICO - POVOADO ANGICO,POVOADO ANGICO,-5.6671,-47.49839,107,-1,0
2026,618,94099,11,1180,ESCOLA MUNICIPAL MARIA SILVA BARRETO - POVOADO CASTANHEIRO,POVOADO CASTANHEIRA,-5.67886,-47.56796,168,-1,0
2026,619,94099,11,1198,ESCOLA MUNICIPAL SÃO LUÍS DAS PALMEIRAS,POVOADO SÃO LUÍS DAS PALMEIRAS,-5.87291,-47.47355,71,-1,0
2026,620,94170,16,1015,COLÉGIO ESTADUAL FRANCISCA ALVES DE ALENCAR,CENTRO,-8.57333,-48.69001,1643,-1,0
2026,621,94170,16,1031,ESCOLA MUNICIPAL DONA AUGUSTA MARIA DE JESUS,CENTRO,-8.57476,-48.69127,1065,-1,0
2026,622,94617,5,1015,COLEGIO MILITAR SANTA TEREZINHA,CENTRO,-9.56524,-48.38956,1697,-1,0
2026,623,94617,5,1023,COLEGIO TOCANTINS,CENTRO,-9.5688,-48.38703,2108,-1,0
2026,624,94617,5,1031,ESC. EST. ONESINA BANDEIRA,FLAMBOYANT 2,-9.56271,-48.4108,1991,-1,0
2026,625,94617,5,1040,ESC. EST. JOSE DAMASCENO VASCONCELOS,CENTRO,-9.57346,-48.39433,1310,-1,0
2026,626,94617,5,1074,CEM DONA FILOMENA MOREIRA DE PAULA,SETOR SANTA FILOMENA,-9.55998,-48.40756,2195,-1,0
2026,627,94617,5,1090,ESCOLA EST. OSCAR SARDINHA,VILA MARIA,-9.55858,-48.39635,945,-1,0
2026,628,94617,5,1104,ESC. MUN. BRIGADEIRO LISIAS RODRIGUES,SETOR CORRENTINHO,-9.58755,-48.40036,357,-1,0
2026,629,94617,5,1112,UNIVERSIDADE FEDERAL DO TOCANTINS,SETOR UNIVERSITARIO,-9.56927,-48.40548,2317,-1,0
2026,630,94617,5,1139,ESC. MUN. VALE DO TOCANTINS,ZONA RURAL,-10.01312,-48.54758,590,-1,0
2026,631,94617,5,1171,ESC. MUN. BOANERGES MOREIRA DE PAULA,ZONA RURAL,-9.69644,-48.59325,165,-1,0
2026,632,94617,5,1198,CMEI VOVÓ LUÍZA BUCAR,VILA MARIA,-9.55858,-48.39635,778,-1,1
2026,633,94633,28,1015,ESCOLA ESTADUAL NOSSA SENHORA DA PROVIDENCIA,CENTRO,-9.53721,-48.59049,3682,-1,0
2026,634,94633,28,1023,CEM - RUI BRASIL CAVALCANTE,VILA MARIA,-9.53615,-48.59103,3907,-1,0
2026,635,94633,28,1031,ESCOLA MUNICIPAL ANTONIO PEREIRA DE SOUSA,CENTRO,-9.53094,-48.5895,948,-1,0
2026,636,94633,28,1040,ESCOLA MUNICIPAL ANTÔNIO PEREIRA DE SOUSA - ANEXO I,CENTRO,-9.5331,-48.58766,1574,-1,0
2026,637,94692,3,1015,ESCOLA ESTADUAL PADRE GAMA,CENTRO,-10.76552,-48.11195,1970,-1,0
2026,638,94692,3,1023,ESCOLA MUNICIPAL DURVAL SILVA,SETOR IPIRANGA,-10.77198,-48.11364,1306,-1,0
2026,639,94692,3,1058,ESCOLA MUNICIPAL MC 4,ZONA RURAL,-11.10842,-48.10528,83,-1,0
2026,640,94692,3,1074,ESCOLA ESTADUAL MESTRA BELA,CENTRO,-10.76219,-48.10727,1120,-1,0
2026,641,94692,3,1120,ESCOLA ESTADUAL CHE GUEVARA - ANTIGO PROF. ADONIAS.,ZONA RURAL,-10.96098,-48.09182,298,-1,0
2026,642,94692,3,1155,ESCOLA MUNICIPAL ZEZÉ PEDREIRA,ZONA RURAL,-10.55945,-48.239,228,-1,0
2026,643,94692,3,1163,ESCOLA ESTADUAL DINA DE OLIVEIRA,ZONA RURAL,-10.92912,-47.99886,113,-1,0
2026,644,94811,19,1015,ESCOLA ESTADUAL DR QUINTILIANO DA SILVA ,CENTRO,-11.71006,-47.72637,1735,-1,0
2026,645,94811,19,1023,ESCOLA ESTADUAL NOSSA SENHORA DE FÁTIMA / O PELICANO,CENTRO,-11.70463,-47.72522,1175,-1,0
2026,646,94811,19,1031,ESCOLA ESPECIAL CORACI DE SENA FERNANDES,CENTRO,-11.71094,-47.72807,662,-1,0
2026,647,94811,19,1040,ESCOLA ESTADUAL JOAQUIM LINO SUARTE,CENTRO,-11.69792,-47.72088,816,-1,0
2026,648,94811,19,1090,ESCOLA MUNICIPAL DONA JOSINA PEREIRA NUNES,ZONA RURAL,-11.93882,-47.61366,492,-1,0
2026,649,94811,19,1104,ESPAÇO ACOL. D. FELIPA F. DE OLIVEIRA DO SANT. SENHOR. DO BONFIM,ZONA RURAL,-11.8286,-47.614,121,-1,0
2026,650,94811,19,1112,ESCOLA MUNICIPAL JACUBINHA I,ZONA RURAL,-11.67812,-47.55908,171,-1,0
2026,651,94811,19,1120,ESCOLA MUNICIPAL ARCHCELINA PACINI VIEIRA,CENTRO,-11.70672,-47.72948,842,-1,0
2026,652,94811,19,1163,CRECHE TIA CHIQUINHA,NOVA ESPERANÇA,-11.70325,-47.7322,820,-1,0
2026,653,94838,9,1023,ESCOLA ESTADUAL PRESIDENTE CASTELO BRANCO (PADRÃO),CENTRO,-6.37422,-47.66023,2457,-1,0
2026,654,94838,9,1074,ESCOLA ESTADUAL PIAÇAVA,ZONA RURAL,-6.31557,-47.79326,511,-1,0
2026,655,94838,9,1082,ESCOLA MUNICIPAL DOMINGOS DE CASTRO RIBEIRO,ZONA RURAL,-6.33286,-47.84131,552,-1,0
2026,656,94838,9,1104,ESCOLA MUNICIPAL SANTO ANTÔNIO,ZONA RURAL,-6.27454,-47.86106,294,-1,0
2026,657,94838,9,1112,ESCOLA MUNICIPAL MARIANO MORAIS,ZONA RURAL,-6.37349,-47.74118,317,-1,0
2026,658,94994,35,1015,ESCOLA ESTADUAL PROFª ELIACENA MOURA LEITÃO,CENTRO,-9.96338,-47.6756,2182,-1,0
2026,659,94994,35,1023,ESCOLA MUNICIPAL DEUSIANO COELHO DE SOUSA,ZONA RURAL,-10.13604,-47.77261,279,-1,0
2026,660,94994,35,1031,ESCOLA MUNICIPAL RUIDELMAR LIMEIRA BORGES,CENTRO,-9.96516,-47.68113,1682,-1,0
2026,661,95192,7,1015,ESCOLA ESTADUAL DEUSA MORAES,CENTRO,-10.17415,-48.88369,1158,-1,0
2026,662,95192,7,1023,UNITINS - UNIVERSIDADE ESTADUAL DO TOCANTINS- CAMPUS DE PARAÍSO,CENTRO,-10.17302,-48.88742,1130,-1,0
2026,663,95192,7,1031,COLEGIO SÃO GERALDO,CENTRO,-10.1775,-48.8876,2819,-1,0
2026,664,95192,7,1040,CENTRO DE ENSINO MÉDIO JOSÉ ALVES DE ASSIS,CENTRO,-10.17451,-48.88889,2549,-1,0
2026,665,95192,7,1058,ESCOLA ESTADUAL AMÂNCIO DE MORAES,CENTRO,-10.17797,-48.88713,1426,-1,0
2026,666,95192,7,1066,INSTITUTO PRESBITERIANO VALE DO TOCANTINS,CENTRO,-10.17543,-48.88168,1848,-1,0
2026,667,95192,7,1082,ESCOLA RAIO DE SOL,CENTRO,-10.17102,-48.88429,731,-1,0
2026,668,95192,7,1090,COLÉGIO ESTADUAL IDALINA DE PAULA,SETOR OESTE,-10.18133,-48.8964,1640,-1,0
2026,669,95192,7,1104,"FACULDADE DE EDUCAÇÃO, CIÊNCIAS E LETRAS DE PARAÍSO-TO - FECIPAR",SETOR INTERLAGOS,-10.16492,-48.88312,751,-1,0
2026,670,95192,7,1112,ESCOLA MUNICIPAL DE 1 GRAU 23 DE OUTUBRO,SETOR OESTE,-10.18021,-48.89134,1136,-1,0
2026,671,95192,7,1120,ESCOLA ESTADUAL JUSCELINO KUBITSCHEK DE OLIVEIRA,SETOR SERRANO,-10.16714,-48.87441,1315,-1,0
2026,672,95192,7,1139,ESCOLA MUNICIPAL DE 1 GRAU JARDIM PAULISTA,JARDIM PAULISTA,-10.1735,-48.89527,1118,-1,0
2026,673,95192,7,1147,ESCOLA MUNICIPAL DE 1 GRAU POUSO ALEGRE,POUSO ALEGRE,-10.19323,-48.89035,1635,-1,0
2026,674,95192,7,1155,CMEI - PROFESSORA CONCEIÇÃO VILANI CAMPOS DUTRA BRAGA,VILA CHAPADAO,-10.14566,-48.88651,279,-1,0
2026,675,95192,7,1198,ESCOLA MUNICIPAL SANTA ROSA,DISTRITO DE SANTA LUZIA,-10.03458,-48.76692,200,-1,0
2026,676,95192,7,1201,COLEGIO ESTADUAL PROFESSOR JOSÉ NEZIO RAMOS,POUSO ALEGRE,-10.19304,-48.88965,1409,-1,0
2026,677,95192,7,1210,COLEGIO ESTADUAL CÍVICO E MILITAR SAO JOSE OPERARIO,JARDIM PAULISTA,-10.16757,-48.89789,1976,-1,0
2026,678,95192,7,1244,ESCOLA MUNICIPAL LUZIA TAVARES,POUSO ALEGRE,-10.19387,-48.88906,1600,-1,0
2026,679,95192,7,1252,"INSTITUTO FEDERAL DE EDUCAÇÃO, CIÊNCIA E TECNOLOGIA DO TOCANTINS",POVOADO SANTANA,-10.2686,-48.88791,258,-1,0
2026,680,95192,7,1260,ESCOLA MUL PROF ADÉLIA AGUIAR BARBOSA,VILA REGINA,-10.20154,-48.90294,1571,-1,0
2026,681,95192,7,1279,ESCOLA MUNICIPAL VEREADOR JOSÉ ODETE,VILA MILENA,-10.15718,-48.88743,1074,-1,0
2026,682,95192,7,1287,ESCOLA MUNICIPAL JOSÉ RIBEIRO TORRES,ALTO PARAÍSO,-10.19352,-48.88476,1367,-1,0
2026,683,95192,7,1309,COLÉGIO MILITAR DO ESTADO DO TOCANTINS DIACONÍZIO BEZERRA DA SILVA,JARDIM AMÉRICA,-10.19595,-48.89984,1996,-1,0
2026,684,95192,7,1317,ANEXO - ESCOLA MUNICIPAL IRMÃ JULITA,SETOR OESTE,-10.18213,-48.89629,787,-1,0
2026,685,95192,7,1325,SESC LER - SERVIÇO SOCIAL DO COMÉRCIO TOCANTINS,JARDIM PAULISTA,-10.15412,-48.88961,796,-1,0
2026,686,95192,7,1333,SENAI - PARAÍSO DO TOCANTINS,SETOR NOVA FRONTEIRA,-10.20225,-48.89441,1024,-1,0
2026,687,95192,7,1350,CMEI - SONHO DE CRIANÇA - ARCO-ÍRIS,JARDIM PAULISTA,-10.17205,-48.89465,1139,-1,0
2026,688,95192,7,1368,UNIRG - CAMPUS DE PARAÍSO DO TOCANTINS,SETOR OESTE,-10.18046,-48.89121,1390,-1,0
2026,689,95214,18,1015,COLÉGIO ESTADUAL DES VIRGILIO DE MELO FRANCO,CENTRO,-12.61606,-47.87918,1443,-1,0
2026,690,95214,18,1040,COLÉGIO ESTADUAL EUCLIDES BEZERRA GERAIS,CENTRO,-12.6162,-47.87969,1666,-1,0
2026,691,95214,18,1074,COLÉGIO ESTADUAL FLORESTA,POVOADO CAMPO ALEGRE,-13.11607,-47.76664,674,-1,0
2026,692,95214,18,1082,ESCOLA ESTADUAL SANTA RITA DO RIO PALMA,POVOADO BOM JESUS DA PALMA,-12.6254,-47.56125,801,-1,0
2026,693,95214,18,1090,COLÉGIO MUNICIPAL DO TIGRE,POVOADO TIGRE,-12.16242,-48.05586,179,-1,0
2026,694,95214,18,1210,ESCOLA MUNICIPAL FLORACY BONFIM  PEREIRA DE ARAÚJO,VILA NOVA,-12.61447,-47.87209,1657,-1,0
2026,695,95214,18,1228,ESCOLA MUNICIPAL SOLDADINHO DE JESUS,CENTRO,-12.61574,-47.88031,1273,-1,0
2026,696,95214,18,1236,CMEI PROFª CLEUSA SOUZA BENEVIDES BEZERRA,AEROPORTO,-12.622,-47.86595,789,-1,0
2026,697,95214,18,1244,ESCOLA MUNICIPAL MUCAMBO,POVOADO MUCAMBO,-13.22093,-47.86052,74,-1,0
2026,698,95214,18,1252,ESCOLA MUNICIPAL ALBINO,POVOADO ALBINO,-13.10739,-47.58582,43,-1,0
2026,699,95257,23,1015,COLÉGIO CRISTO REI,CENTRO,-8.9675,-48.17599,2131,-1,0
2026,700,95257,23,1023,ESCOLA MUNICIPAL JANDEVAN,CENTRO,-8.96894,-48.1757,604,-1,0
2026,701,95257,23,1031,ESCOLA ESTADUAL ANA AMORIM,CENTRO,-8.97533,-48.17612,1384,-1,0
2026,702,95257,23,1066,ESCOLA ESTADUAL DE ANAJANÓPOLIS,ZONA RURAL,-9.3073,-47.93019,294,-1,0
2026,703,95257,23,1082,ESCOLA ESTADUAL BOM TEMPO,ZONA RURAL,-9.1714,-48.02102,140,-1,0
2026,704,95257,23,1090,ESCOLA MUNICIPAL SOUSA AGUIAR,CENTRO,-8.98236,-48.1695,2340,-1,0
2026,705,95257,23,1104,ESCOLA MUNICIPAL BOA ESPERANÇA,ZONA RURAL,-9.30897,-48.20927,139,-1,0
2026,706,95257,23,1120,UNIDADE BÁSICA DE SAÚDE MARIA CLARA BRASIL DE CARVALHO,CENTRO,-9.01414,-48.17305,554,-1,0
2026,707,95257,23,1139,ESCOLA ESTADUAL INDÍGENA WAKRERO KÂTOPKUZE,ALDEIA INDÍGENA LAGEADO,-9.43017,-48.09981,52,-1,0
2026,708,95257,23,1155,ESCOLA MUNICIPAL JOSÉ COMBAS ALAMEDA,CENTRO,-8.99176,-48.15846,1370,-1,0
2026,709,95257,23,1163,INSTITUTO FEDERAL DO TOCANTINS - CAMPUS AVANÇADO PEDRO AFONSO,SETOR ZACARIAS CAMPELLO,-8.98771,-48.16147,1823,-1,0
2026,710,95273,20,1015,COLÉGIO ESTADUAL DOM ALANO,CENTRO,-12.02835,-48.53794,1677,-1,0
2026,711,95273,20,1023,ESCOLA MUNICIPAL JUCELINO KUBITSCHEK DE OLIVEIRA,SETOR AEROPORTO,-12.0362,-48.54502,967,-1,0
2026,712,95273,20,1031,ESCOLA ESTADUAL TANCREDO NEVES,CENTRO,-12.02827,-48.53921,807,-1,0
2026,713,95273,20,1082,ESCOLA MUNICIPAL OLAVO BILAC,ZONA RURAL,-11.88004,-48.8379,612,-1,0
2026,714,95273,20,1090,ESCOLA MUNICIPAL RUI IRINEU SILVA,ZONA RURAL,-11.84047,-48.39091,497,-1,0
2026,715,95273,20,1139,ESCOLA MUNICIPAL HERCULANO DE QUEIROZ,ZONA RURAL,-11.59385,-48.52884,1061,-1,0
2026,716,95273,20,1147,ESCOLA MUNICIPAL JOSE BEZERRA DA SILVA,ZONA RURAL,-12.34423,-48.63907,122,-1,0
2026,717,95273,20,1163,ESCOLA MUNICIPAL SOL NASCENTE,ZONA RURAL,-12.10587,-48.41826,199,-1,0
2026,718,95273,20,1180,ESCOLA MUNICIPAL SAO JOSE,VILA SÃO JOSÉ,-12.02266,-48.54306,413,-1,0
2026,719,95273,20,1201,ESCOLA MUNICIPAL MESTRE FRANCISCO RIBEIRO,SETOR SUL,-12.04205,-48.53984,741,-1,0
2026,720,95273,20,1210,ASSOCIAÇÃO DOS PRODUTORES RURAIS DO ASSENTAMENTO SÃO JOSE,ZONA RURAL,-11.93503,-48.67286,208,-1,0
2026,721,95290,16,1015,COLÉGIO ESTADUAL SERRA DAS CORDILHEIRAS,CENTRO,-8.729,-48.75806,1252,-1,0
2026,722,95290,16,1031,APAE - ASSOCIAÇÃO DE PAES E AMIGOS DOS EXEPCIONAIS ,CENTRO,-8.73583,-48.75178,765,-1,0
2026,723,95290,16,1040,COLÉGIO ESTADUAL ARY RIBEIRO VALADÃO FILHO CMTO XXII,SETOR SUL,-8.7351,-48.74954,942,-1,0
2026,724,95290,16,1058,ESCOLA ESTADUAL JUSCELINO KUBITSCHEK DE OLIVEIRA,ZONA RURAL,-8.65092,-48.85232,415,-1,0
2026,725,95290,16,1104,ESCOLA MUNICIPAL JOSEFINA RIBEIRO DOS SANTOS,SETOR SUL,-8.73989,-48.7487,779,-1,0
2026,726,95290,16,1112,ESCOLA MUNICIPAL CARLOS CHAGAS,ZONA RURAL,-8.78661,-48.64313,159,-1,0
2026,727,95290,16,1139,CMEI FABIANO RIBEIRO DE OLIVEIRA,CENTRO,-8.73605,-48.75385,673,-1,0
2026,728,95290,16,1147,CENTRO EDUCACIONAL ARTE DO SABER,CENTRO,-8.73062,-48.76383,308,-1,0
2026,729,95290,16,1155,CMEI EURIPADES VIEIRA DE SOUSA,CENTRO,-8.73004,-48.75717,826,-1,0
2026,730,95290,16,1163,ESCOLA MUNICIPAL MARECHAL HUMBERTO CASTELO BRANCO,CENTRO,-8.73255,-48.75778,443,-1,0
2026,731,95338,32,1023,COLEGIO ESTADUAL ADA DE ASSIS TEIXEIRA,CENTRO,-7.71407,-47.31478,2938,-1,0
2026,732,95338,32,1031,CRECHE MUNICIPAL GENTE PEQUENA,CENTRO,-7.71292,-47.31921,1313,-1,0
2026,733,95338,32,1074,ESCOLA MUNICIPAL PEDRO BENTO DA LUZ,ZONA RURAL,-8.10601,-47.65,376,-1,0
2026,734,95338,32,1082,ESCOLA MAURICIO DE ANDRADE,ZONA RURAL,-7.99039,-47.11037,293,-1,0
2026,735,95338,32,1090,ESCOLA MUNICIPAL GREGÓRIO DE ASSIS,ZONA RURAL,-8.38429,-47.76374,1370,-1,0
2026,736,95338,32,1104,ESCOLA HONORATO JOSE DA CRUZ,ZONA RURAL,-7.97975,-47.6971,530,-1,0
2026,737,95338,32,1112,GRUPO MUNICIPAL JOSE DE CARVALHO,ZONA RURAL,-8.10512,-47.19117,647,-1,0
2026,738,95338,32,1139,ESCOLA MUNICIPAL SAO MIGUEL,ZONA RURAL,-7.91517,-47.30318,167,-1,0
2026,739,95338,32,1171,ESCOLA INDIGENA TXUARET,ALDEIA INDÍGENA,-8.04648,-47.25692,129,-1,0
2026,740,95338,32,1180,ESCOLA INDIGENA TOROAKO,ALDEIA INDÍGENA,-8.2997,-47.63638,390,-1,0
2026,741,95338,32,1198,ESCOLA ESTADUAL INDÍGENA CROKROC,ALDEIA INDÍGENA,-8.25635,-47.51367,343,-1,0
2026,742,95338,32,1201,ESCOLA MUNICIPAL LUZIA MACHADO FEITOSA,SETOR AEROPORTO,-7.7048,-47.32528,332,-1,0
2026,743,95370,26,1015,ESCOLA ESTADUAL JOSÉ ALVES DE ASSIS,SETOR VILA NOVA,-11.13481,-47.58104,875,-1,0
2026,744,95370,26,1023,COLÉGIO DE TEMPO INTEGRAL GIRASSOL MANOEL DOS SANTOS ROSAL,CENTRO,-11.14073,-47.5763,1364,-1,0
2026,745,95370,26,1031,ESCOLA MUNICIPAL JOSEFA BELEM,CENTRO,-11.13404,-47.57791,942,-1,0
2026,746,95370,26,1040,CENTRO MUNICIPAL DE EDUCAÇÃO INFANTIL TIA CARMOSINA GONÇALVES,SETOR VILA NOVA,-11.13446,-47.58265,289,-1,0
2026,747,95370,26,1066,CÂMARA MUNICIPAL,CENTRO,-11.14015,-47.57722,243,-1,0
2026,748,95478,13,1015,ESCOLA MUNICIPAL DONA LINDAURA OLIVEIRA MORAES,CENTRO,-10.44242,-49.17396,2026,-1,0
2026,749,95478,13,1023,ESCOLA ESTADUAL BARTOLOMEU BUENO,CENTRO,-10.44163,-49.17957,2928,-1,0
2026,750,95478,13,1031,ESCOLA MUNICIPAL JOÃO TEIXEIRA FILHO,ZONA RURAL,-10.04811,-49.63919,592,-1,0
2026,751,95478,13,1058,ESCOLA INDIGENA DO 1O GRAU HERYRI HAWA,ALDEIA INDÍGENA,-10.47314,-50.4817,425,-1,0
2026,752,95516,17,1015,COLÉGIO ESTADUAL ANTÔNIO CARLOS DE FRANÇA ,CENTRO,-12.09128,-46.48047,1423,-1,0
2026,753,95516,17,1023,ESCOLA MUNICIPAL DONA ALZIRA FREIRE DE QUEIROZ,CENTRO,-12.08674,-46.47851,1359,-1,0
2026,754,95516,17,1040,ESCOLA DONA DAMIANA,ZONA RURAL,-12.2507,-46.66901,423,-1,0
2026,755,95516,17,1058,ESCOLA ESTADUAL BOA VISTA DE BELEM,ZONA RURAL,-11.91507,-46.50085,466,-1,0
2026,756,95532,26,1015,CAMARA MUNICIPAL DE PONTE ALTA DO TOCANTINS,CENTRO,-10.74669,-47.53875,292,-1,0
2026,757,95532,26,1023,ESCOLA MUNICIPAL DE EDUCAÇÃO BÁSICA CLEYTON MAIA BARROS,CENTRO,-10.74629,-47.538,961,-1,0
2026,758,95532,26,1031,COLÉGIO ESTADUAL ODOLFO SOARES,SETOR JARDIM BRASÍLIA,-10.7436,-47.53901,1430,-1,0
2026,759,95532,26,1040,PREFEITURA MUNICIPAL DE PONTE ALTA DO TOCANTINS,CENTRO,-10.74646,-47.53895,281,-1,0
2026,760,95532,26,1058,ESCOLA ESTADUAL GIRASSOL DE TEMPO INTEGRAL ALCIDES RUFO,SETOR SUL,-10.75315,-47.5318,704,-1,0
2026,761,95532,26,1082,ESCOLA MUNICIPAL SABINO FERREIRA MEDEIROS,BOA ESPERANCA,-10.73935,-47.53216,605,-1,0
2026,762,95532,26,1120,ANTIGO POSTO DE SAÚDE DO MORRO LIMPO,ZONA RURAL,-10.90848,-47.61758,99,-1,0
2026,763,95532,26,1180,ESCOLA MUNICIPAL DOS ASSENTAMENTOS SANTA TEREZA E SANTO ONOFRE,ZONA RURAL,-10.75108,-47.53679,108,-1,0
2026,764,95532,26,1198,CRECHE PROINFÂNCIA PROFESSORA ADELAIDE AIRES DA SILVA BARROS,SETOR SUL,-10.75309,-47.53236,611,-1,0
2026,765,95532,26,1201,ESCOLA DE EDUCAÇÃO ESPECIAL AMILSON FRAZÃO DOS REIS - APAE,SETOR AEROPORTO,-10.7507,-47.53627,270,-1,0
2026,766,95532,26,1228,CENTRO MUNICIPAL DE EDUCAÇÃO INFANTIL RECANTO DO SABER,CENTRO,-10.7435,-47.53842,290,-1,0
2026,767,95591,3,1023,APAE - ESCOLA ESPECIAL MÃE TIA EULINA BRAGA (ANTIGA DRE),SETOR AEROPORTO,-10.70971,-48.40936,1154,-1,0
2026,768,95591,3,1031,CENTRO DE ENSINO MEDIO FLORÊNCIO AIRES - CEM,JARDIM BRASILIA,-10.71436,-48.41138,2621,-1,0
2026,769,95591,3,1066,ESCOLA ESTADUAL ALFREDO NASSER,ZONA RURAL,-10.74653,-48.45905,797,-1,0
2026,770,95591,3,1082,ESCOLA ESTADUAL DOM DOMINGOS CARREROT,SETOR AEROPORTO,-10.71135,-48.40682,1468,-1,0
2026,771,95591,3,1090,ESCOLA MUNICIPAL PADRE LUSO MATOS  (ANTIGA FREI AUDRIN),JARDIM MUNICIPAL,-10.70234,-48.41561,1559,-1,0
2026,772,95591,3,1104,ESCOLA ESTADUAL IRMA ASPASIA,CENTRO,-10.70209,-48.41076,3377,-1,0
2026,773,95591,3,1112,ESCOLA EST. MAL. ARTUR DA COSTA E SILVA,JARDIM QUERIDO,-10.70543,-48.39883,2279,-1,0
2026,774,95591,3,1120,ESCOLA ESTADUAL ANGELICA RIBEIRO ARANHA,PORTO IMPERIAL,-10.73413,-48.40634,2051,-1,0
2026,775,95591,3,1139,ESCOLA EST FELIX CAMOA I,VILA NOVA,-10.69413,-48.40963,3350,-1,0
2026,776,95591,3,1147,ESCOLA ESTADUAL PEDRO LUDOVICO TEIXEIRA,NOVO PLANALTO,-10.72014,-48.39521,2832,-1,0
2026,777,95591,3,1163,ESCOLA ESTADUAL BRASIL,ZONA RURAL,-10.68354,-48.53511,613,-1,0
2026,778,95591,3,1236,ESCOLA ESTADUAL BEIRA RIO,distrito de luzimangues,-10.1734,-48.45616,3977,-1,0
2026,779,95591,3,1244,ESCOLA ESTADUAL PROFESSORA CARMENIA MATOS MAIA,CONJUNTO BRIGADEIRO EDUARDO GOMES,-10.73033,-48.38642,1602,-1,0
2026,780,95591,3,1252,ESCOLA EST. CUSTODIA DA SILVA PEDREIRA  (COLÉGIO DA POLÍCIA MILITAR),SÃO VICENTE,-10.67504,-48.40372,1456,-1,0
2026,781,95591,3,1260,ESCOLA MUNICIPAL UNIÃO E PROGRESSO,PORTO IMPERIAL,-10.73247,-48.41101,883,-1,0
2026,782,95591,3,1279,COLEGIO SAGRADO CORACAO DE JESUS,CENTRO,-10.71029,-48.41225,2275,-1,0
2026,783,95591,3,1287,CEMEI - IZIDORIA QUIRINO DOS SANTOS (ANTIGA ASSOCIAÇÃO JARDIM QUERIDO),JARDIM QUERIDO,-10.70336,-48.39925,503,-1,0
2026,784,95591,3,1295,ESCOLA MUNICIPAL DIVINO ESPÍRITO SANTO,JARDIM BRASILIA,-10.71873,-48.41609,1110,-1,0
2026,785,95591,3,1309,ESCOLA MUNICIPAL FANY MACEDO,NOVO PLANALTO,-10.72249,-48.39946,704,-1,0
2026,786,95591,3,1317,ESCOLA MUNICIPAL PROFESSORA DEASIL AIRES DA SILVA,PARQUE ELDORADO,-10.73185,-48.38415,492,-1,0
2026,787,95591,3,1325,ESCOLA ESTADUAL ALCIDES RODRIGUES AIRES,NOVA CAPITAL,-10.68265,-48.40083,2611,-1,0
2026,788,95591,3,1333,ESCOLA MUNICIPAL PAU D'ARCO,ZONA RURAL,-10.42695,-48.69141,106,-1,0
2026,789,95591,3,1341,ESCOLA MUNICIPAL ERCINA MONTEIRO PEREIRA,ZONA RURAL,-10.43995,-48.34737,312,-1,0
2026,790,95591,3,1368,ESCOLA MUNICIPAL FAUSTINO DIAS DOS SANTOS,ZONA RURAL,-10.56007,-48.53987,196,-1,0
2026,791,95591,3,1376,ESCOLA MUNICIPAL VER. MARIETA PEREIRA DE MACEDO,SAO FRANCISCO,-10.72306,-48.38444,723,-1,0
2026,792,95591,3,1406,ESCOLA MUNICIPAL CELSO ALVES MOURÃO,VILA NOVA,-10.69179,-48.40795,1170,-1,0
2026,793,95591,3,1414,"INSTITUTO FEDERAL DE EDUCAÇÃO, CIÊNCIA E TECNOLOGIA DO TOCANTINS-IFTO",JARDIM AMÉRICA,-10.69222,-48.39867,1624,-1,0
2026,794,95591,3,1422,ESCOLA MUNICIPAL JACINTO BISPO ARANTES,distrito de luzimangues,-10.20305,-48.46244,4125,-1,0
2026,795,95591,3,1449,ESCOLA MUNICIPAL EULINA BRAGA,distrito de luzimangues,-10.16264,-48.51943,173,-1,0
2026,796,95591,3,1465,SUB PREFEITURA DO DISTRITO DE LUZIMANGUES,distrito de luzimangues,-10.1943,-48.44759,657,-1,0
2026,797,95591,3,1473,ESCOLA MUNICIPAL ANTONIO BENEDITO BORGES,ZONA RURAL,-10.48187,-48.22587,26,-1,0
2026,798,95591,3,1481,ESCOLA MUNICIPAL PROFESSORA MAGNÓLIA SILVA DOS SANTOS,distrito de luzimangues,-10.2258,-48.45104,375,-1,0
2026,799,95699,35,1015,COLÉGIO ESTADUAL 31 DE MARÇO,CENTRO,-9.5963,-46.6745,1661,-1,0
2026,800,95699,35,1031,ESCOLA ESTADUAL REGINA SIQUEIRA CAMPOS,CENTRO,-9.59411,-46.676,930,-1,0
2026,801,95699,35,1040,ESCOLA MUNICIPAL SANTA LUZIA,ZONA RURAL,-8.96046,-47.22798,77,-1,0
2026,802,95699,35,1058,ESCOLA MUNICIPAL EMA,ZONA RURAL,-9.82061,-46.93873,103,-1,0
2026,803,95699,35,1066,ESCOLA ESTADUAL AYRTON SENNA DA SILVA,DISTRITO DE ALTO BONITO,-9.20642,-47.05079,352,-1,0
2026,804,96032,21,1015,COLÉGIO ESTADUAL  ÍRIO OLIVEIRA SOUSA,CENTRO,-5.25783,-48.20112,1318,-1,0
2026,805,96032,21,1023,ESCOLA MUNICIPAL LETÍCIA CARNEIRO DE SOUSA,CENTRO,-5.26041,-48.20601,970,-1,0
2026,806,96032,21,1031,ESCOLA ESTADUAL DR. PEDRO LUDOVICO SOARES,CENTRO,-5.26018,-48.20731,872,-1,0
2026,807,96032,21,1040,ESCOLA MUNICIPAL ARMANDO ALVES DA SILVA,ZONA RURAL,-5.2654,-48.32663,213,-1,0
2026,808,96130,11,1023,ESCOLA MUNICIPAL SÃO PEDRO - POVOADO SÃO PEDRO,ZONA RURAL,-5.54831,-47.63548,373,-1,0
2026,809,96130,11,1040,ESCOLA MUNICIPAL JARBAS PASSARINHO - POVOADO OLHO D'ÁGUA DO CÔCO,ZONA RURAL,-5.58934,-47.60424,882,-1,0
2026,810,96130,11,1058,ESCOLA ESTADUAL MARECHAL RIBAS JUNIOR,CENTRO,-5.60214,-47.64022,2367,-1,0
2026,811,96130,11,1066,ESCOLA  ESTADUAL TEOTONIO SEGURADO - POVOADO SUMAÚMA,ZONA RURAL,-5.53284,-47.69224,674,-1,0
2026,812,96130,11,1074,ESCOLA MUNICIPAL DUQUE DE CAXIAS,CENTRO,-5.60116,-47.64244,613,-1,0
2026,813,96130,11,1082,UBS - UNIDADE BÁSICA DE SAÚDE - POVOADO BOA ESPERANÇA,ZONA RURAL,-5.62952,-47.65384,300,-1,0
2026,814,96130,11,1104,ESCOLA MUNICIPAL 14 DE OUTUBRO,CENTRO,-5.60356,-47.6384,1422,-1,0
2026,815,96130,11,1139,ESCOLA MUNICIPAL SETE DE SETEMBRO - POVOADO SANTA INÊS,ZONA RURAL,-5.67249,-47.68136,418,-1,0
2026,816,96130,11,1147,ESCOLA MUNICIPAL GETULIO VARGAS - POVOADO JUVERLÂNDIA,ZONA RURAL,-5.51015,-47.74041,379,-1,0
2026,817,96130,11,1163,ESCOLA ESTADUAL MANOEL ESTEVÃO DE SOUZA,CENTRO,-5.6032,-47.63276,664,-1,0
2026,818,96156,17,1015,COLEGIO ESTADUAL PROFESSOR AURELIANO,CENTRO,-12.40463,-46.43943,2084,-1,0
2026,819,96156,17,1023,COLEGIO MILITAR DO ESTADO DO TOCANTINS AGOSTINHO DE ALMEIDA,CENTRO,-12.40692,-46.43488,1171,-1,0
2026,820,96156,17,1031,COLEGIO ESTADUAL JUSTINO DE ALMEIDA,CENTRO,-12.40168,-46.43861,1317,-1,0
2026,821,96156,17,1040,GRUPO ESCOLAR ALTAMIRA,ZONA RURAL,-12.15489,-46.45272,493,-1,0
2026,822,96156,17,1058,ESCOLA MUNICIPAL JOAQUIM JOSE DE ALMEIDA,VILA SANTA MARIA,-12.40393,-46.42967,1623,-1,0
2026,823,96156,17,1066,ESCOLA MUNICIPAL LAURA DO CARMO,SETOR NORTE,-12.39893,-46.43846,2044,-1,0
2026,824,96156,17,1074,ESCOLA MUNICIPAL JOSE DE ALMEIDA,SETOR INDUSTRIAL,-12.41246,-46.4264,1287,-1,0
2026,825,96156,17,1082,ESCOLA MUNICIPAL JUVÊNCIA URCINO DE SANTANA,ZONA RURAL,-12.40383,-46.72821,103,-1,0
2026,826,96156,17,1104,ESCOLA MARIA GUEDES LIMA,SETOR BELA VISTA,-12.40087,-46.43688,1167,-1,0
2026,827,96199,5,1015,ESC. MUN. ANTONIO BENVINDO DA LUZ,CENTRO,-9.57201,-48.37606,1470,-1,0
2026,828,96199,5,1023,COL. EST. FREI ANTONIO,CENTRO,-9.56861,-48.37847,1085,-1,0
2026,829,96199,5,1031,ESC. EST. INDÍGENA SRÊMTÔWE (ALDEIA PORTEIRA),ALDEIA INDÍGENA,-9.45082,-48.36895,605,-1,0
2026,830,96199,5,1040,ESC. MUN. PROF. CONSTANTINO PEDRO DE CASTRO,VILA PLANALTO,-9.5619,-48.37146,599,-1,0
2026,831,96199,5,1058,ESC. EST. INDÍGENA SINÃ (ALDEIA RIO SONO),ALDEIA INDÍGENA,-9.59293,-47.92453,200,-1,0
2026,832,96199,5,1066,ESC. EST. INDÍGENA SUZAWRE (ALDEIA BREJO COMPRIDO),ALDEIA INDÍGENA,-9.68335,-48.09142,327,-1,0
2026,833,96199,5,1074,ESC. MUN. ANA ALVES DE BRITO (PALMINHA),ZONA RURAL,-9.83254,-48.10816,245,-1,0
2026,834,96199,5,1090,ESC. EST. INDÍGENA SAKRUIWE (ALDEIA FUNIL),ALDEIA INDÍGENA,-9.64724,-48.37175,301,-1,0
2026,835,96199,5,1104,ESC. MUN. BENVINDO SOUZA LUZ (ÁGUA FRIA II),ZONA RURAL,-9.77298,-48.17777,290,-1,0
2026,836,96199,5,1112,ESC. EST. INDÍGENA KRASAPTE (ALDEIA BRUPRE),ALDEIA INDÍGENA,-9.45834,-48.11672,179,-1,0
2026,837,96199,5,1120,CEMIX - WARA,ALDEIA INDÍGENA,-9.57404,-48.27587,139,-1,0
2026,838,96210,9,1023,UFT - CAMPUS UNIVERSITÁRIO DE TOCANTINÓPOLIS (CENTRO),SETOR DERGO,-6.32472,-47.42874,1926,-1,0
2026,839,96210,9,1031,COLÉGIO DOM ORIONE,CENTRO,-6.32881,-47.41597,1839,-1,0
2026,840,96210,9,1040,ESCOLA PAROQUIAL CRISTO REI,CEU AZUL,-6.32519,-47.42519,1303,-1,0
2026,841,96210,9,1058,COLÉGIO ESTADUAL DARCY MARINHO,AEROPORTO,-6.32717,-47.42551,1903,-1,0
2026,842,96210,9,1090,ESCOLA ESTADUAL XV DE NOVEMBRO,CENTRO,-6.32894,-47.41657,906,-1,0
2026,843,96210,9,1120,ESCOLA MUNICIPAL MANOEL DE SOUSA LIMA,ZONA RURAL,-6.29623,-47.44205,470,-1,0
2026,844,96210,9,1201,ESCOLA MUNICIPAL 7 DE SETEMBRO,ZONA RURAL,-6.35875,-47.49129,303,-1,0
2026,845,96210,9,1210,ESCOLA MUNICIPAL ALTO DA BOA VISTA II,ALTO DA BOA VISTA I,-6.31904,-47.42012,1953,-1,0
2026,846,96210,9,1236,ESCOLA MUNICIPAL PROF. ANTÔNIO FARIAS,VILA MATILDE,-6.32121,-47.43404,1123,-1,0
2026,847,96210,9,1252,ESCOLA INDÍGENA MANTY'Q SÃO JOSÉ,ALDEIA INDÍGENA,-6.33899,-47.5527,711,-1,0
2026,848,96210,9,1260,ESCOLA ESTADUAL JOSÉ CARNEIRO DE BRITO (PADRÃO),ALTO BONITO,-6.33774,-47.42569,1436,-1,0
2026,849,96210,9,1279,ESCOLA ESTADUAL INDÍGENA TEKATOR,ALDEIA INDÍGENA,-6.20308,-47.45582,372,-1,0
2026,850,96210,9,1287,ESCOLA MUNICIPAL ANTÔNIO FERNANDES DOS SANTOS,ZONA RURAL,-6.25214,-47.4636,185,-1,0
2026,851,96210,9,1295,ESCOLA MUNICIPAL NOVO AEROPORTO,ZONA RURAL,-6.33797,-47.47075,146,-1,0
2026,852,96210,9,1406,ESCOLA ESTADUAL INDÍGENA KUNITIK,ALDEIA INDÍGENA,-6.21723,-47.62869,62,-1,0
2026,853,96210,9,1414,ESCOLA MUNICIPAL ALVINO NUNES DA SILVA,ZONA RURAL,-6.3144,-47.45632,73,-1,0
2026,854,96210,9,1422,UBS PEDRO ISAÍAS,ZONA RURAL,-6.3119,-47.4648,43,-1,1
2026,855,96210,9,1457,ESCOLA MUNICIPAL WALFREDO CAMPOS MAIA,VILA SANTA RITA,-6.33916,-47.42866,1379,-1,0
2026,856,96270,6,1023,COL. MILITAR DO ESTADO DO TOCANTINS UND. VIII Dª ANAÍDES BRITO MIRANDA,Centro,-8.83227,-48.51657,1545,-1,0
2026,857,96270,6,1031,CENTRO DE ENSINO MÉDIO OQUERLINA TORRES,Centro,-8.83323,-48.51007,2380,-1,0
2026,858,96270,6,1040,COLÉGIO ESTADUAL ANTONIO ALENCAR LEÃO,Centro,-8.84282,-48.50835,1495,-1,0
2026,859,96270,6,1058,ESCOLA ESTADUAL IRINEU ALBANO HENDGES,SETOR AEROPORTO,-8.85147,-48.50381,2517,-1,0
2026,860,96270,6,1066,ESCOLA MUNICIPAL LEÔNCIO DE SOUSA MIRANDA,SETOR PESTANA,-8.82689,-48.50727,1115,-1,0
2026,861,96270,6,1082,COLÉGIO ESTADUAL RAIMUNDO ALENCAR  LEÃO,SETOR UNIVERSITÁRIO,-8.84144,-48.50548,1959,-1,0
2026,862,96270,6,1090,ESCOLA MUNICIPAL SOSSEGO DA MAMÃE,Centro,-8.83909,-48.51384,1511,-1,0
2026,863,96270,6,1112,FAG - FACULDADE DE GUARAI,Centro,-8.83982,-48.50579,1398,-1,0
2026,864,96270,6,1120,CEMEI - PROFESSORA AUREA GONÇALVES MACEDO,SETOR PESTANA,-8.82731,-48.50771,1278,-1,0
2026,865,96270,6,1139,APAE - ASSOCIAÇÃO DOS PAIS E AMIGOS DOS EXCEPCIONAIS,SETOR UNIVERSITÁRIO,-8.84103,-48.50571,684,-1,0
2026,866,96270,6,1147,ESCOLA MUNICIPAL JK,Centro,-8.84694,-48.5055,862,-1,0
2026,867,96270,6,1155,ESCOLA MUNICIPAL LUIZ DE CAMÕES,SETOR NOVA QUERÊNCIA,-8.84895,-48.51826,737,-1,0
2026,868,96270,6,1244,ESC. MUN. PROFª MARIA DO SOCORRO COELHO SILVA,SETOR SÃO LUIZ,-8.85432,-48.49941,152,-1,0
2026,869,96296,4,1015,COLÉGIO ESTADUAL JUSCELINO KUBITSCHEK,CENTRO,-8.53233,-48.50011,1437,-1,0
2026,870,96296,4,1040,ESCOLA MUNICIPAL RAIMUNDO BARBOSA DE SOUSA,CENTRO,-8.53267,-48.50417,1393,-1,0
2026,871,96431,12,1058,CAMARA MUNICIPAL,CENTRO,-6.40886,-48.5383,291,-1,0
2026,872,96431,12,1066,ESCOLA PAROQUIAL SAO MIGUEL,CENTRO,-6.41129,-48.53671,933,-1,0
2026,873,96431,12,1082,CRECHE MUNICIPAL VEREADORA MARIA DE FÁTIMA MATOS,CENTRO,-6.40803,-48.53417,793,-1,0
2026,874,96431,12,1090,ESCOLA ESTADUAL EURICO MOTA,CENTRO,-6.41211,-48.53302,1816,-1,0
2026,875,96431,12,1104,COLEGIO ESTADUAL JULIANA BARROS,SETOR LESTE,-6.41301,-48.53114,1934,-1,0
2026,876,96431,12,1120,ESCOLA MUNICIPAL FRANCISCO DE OLIVEIRA,BAIXA FRIA,-6.41478,-48.53819,799,-1,0
2026,877,96431,12,1163,ESCOLA MUNICIPAL DOM CORNÉLIO CHIZZINI,SÃO JOSÉ,-6.40681,-48.52991,1456,-1,0
2026,878,96431,12,1171,ESCOLA MUNICIPAL SEVERINO TEIXEIRA ROCHA,TRECHO SECO,-6.42254,-48.53506,507,-1,0
2026,879,96431,12,1180,ESCOLA MUNICIPAL GENÍSIA BERNARDO GRANJEIRO,ZONA RURAL,-6.4747,-48.37741,137,-1,0
2026,880,96490,18,1015,COLÉGIO MILITAR DO ESTADO TOCANTINS PROFESSORA MARIA GUEDES,CENTRO,-13.04241,-48.40707,1165,-1,0
2026,881,96490,18,1082,COLÉGIO ESTADUAL PROFESSORA ONEIDES ROSA DE MOURA,CENTRO,-13.04406,-48.4113,1986,-1,0
2026,882,96490,18,1104,ESCOLA MUNICIPAL ESPAÇO CONEXÃO,CENTRO,-13.04203,-48.41112,1319,-1,0
2026,883,96490,18,1120,ESCOLA MUNICIPAL ELDA SILVA BARROS,ST ALTO DA BOA VISTA,-13.03874,-48.41248,1701,-1,0
2026,884,96598,3,1015,ESCOLA ESTADUAL GIRASSOL DE TEMPO IINTEGRAL JOÃO PIRES QUERIDO,SETOR OESTE,-11.15449,-48.16694,1808,-1,0
2026,885,96598,3,1023,COLÉGIO ESTADUAL JOÃO DA SILVA GUIMARÃES,CENTRO,-11.1466,-48.17138,2804,-1,0
2026,886,96598,3,1031,ESCOLA MUNICIPAL CAMINHO SUAVE,ZONA RURAL,-10.97783,-47.74315,64,-1,0
2026,887,96598,3,1040,ESCOLA MUNICIPAL DIRCEU BONANCIM,ZONA RURAL,-11.16559,-47.82331,185,-1,0
2026,888,96636,31,1015,ESCOLA ESTADUAL HAMEDY CURI QUEIROZ,CENTRO,-7.63289,-48.41958,1548,-1,0
2026,889,96636,31,1023,ESCOLA ESTADUAL DR HELIO DE SOUSA BUENO,CENTRO,-7.63552,-48.42079,2452,-1,0
2026,890,96636,31,1031,ESCOLA MUNICIPAL PEDRO CHICOU DE ALENCAR,CENTRO,-7.63229,-48.42135,1060,-1,0
2026,891,96636,31,1040,ESCOLA MUNICIPAL LADISLAU DE OLIVEIRA,CENTRO,-7.62657,-48.42502,787,-1,0
2026,892,96636,31,1058,ESCOLA MUNICIPAL MARIA LIRA,CENTRO,-7.63834,-48.41863,1169,-1,0
2026,893,96636,31,1082,ESCOLA MUNICIPAL DO POVOADO CAMPO ALEGRE,ZONA RURAL,-7.48753,-48.37903,4,-1,0
2026,894,96636,31,1090,ESCOLA ADRIANO MARTINS BRILHANTE,ZONA RURAL,-7.749,-48.32567,276,-1,0
2026,895,96636,31,1104,ESCOLA MUNICIPAL ANTONIO PEREIRA DOS SANTOS,ZONA RURAL,-7.64217,-48.28689,313,-1,0
2026,896,96636,31,1112,CEMEI - ANTÔNIO FILEMON GOMES,CENTRO,-7.63586,-48.42081,528,-1,0
2026,897,96652,27,1015,CENTRO MUNICIPAL DE EDUCAÇÃO INFANTIL PROFESSORA MARIA DARLETE,CENTRO,-6.85277,-47.96121,1733,-1,0
2026,898,96652,27,1023,ESCOLA ESTADUAL DOM PEDRO II,CENTRO,-6.85212,-47.96211,1011,-1,0
2026,899,96652,27,1031,COLEGIO ESTADUAL JOSE LUIZ SIQUEIRA,CENTRO,-6.84615,-47.96743,2355,-1,0
2026,900,96652,27,1066,ESCOLA MUNICIPAL CÂNDIDO ARAÚJO,ZONA RURAL,-6.94326,-48.0865,631,-1,0
2026,901,96652,27,1082,ESCOLA MUNICIPAL ENGENHEIRO BERNARDO SAYAO,ZONA RURAL,-7.0877,-48.15953,620,-1,0
2026,902,96652,27,1090,ESCOLA MUNICIPAL JOSÉ HENRIQUE DOS SANTOS,ZONA RURAL,-7.09823,-48.1338,782,-1,0
2026,903,96652,27,1120,ESCOLA MUNICIPAL BOM JESUS,ZONA RURAL,-6.77664,-48.05795,265,-1,0
2026,904,96679,14,1015,COLÉGIO ESTADUAL CÂNDIDO FIGUEIRA,CENTRO,-12.13363,-49.16771,1084,-1,0
2026,905,96679,14,1023,COLÉGIO ESTADUAL ALAIR SENA CONCEIÇÃO,CENTRO,-12.14211,-49.17248,1558,-1,0
2026,906,96679,14,1040,ESCOLA MUNICIPAL PROFESSORA EDILEUZA BARBOSA DA SILVA SANTOS,CENTRO,-12.13777,-49.16542,2049,-1,0
2026,907,96792,23,1015,COLÉGIO ESTADUAL DE RIO SONO,CENTRO,-9.34581,-47.89985,1814,-1,0
2026,908,96792,23,1023,ESCOLA MUNICIPAL TOMÁS DE AQUINO,CENTRO,-9.34743,-47.89099,881,-1,0
2026,909,96792,23,1031,ESCOLA ESTADUAL IMACULADA CONCEIÇÃO,ZONA RURAL,-9.45948,-47.3268,495,-1,0
2026,910,96792,23,1058,ESCOLA MUNICIPAL BERNARDO GUIMARÃES,ZONA RURAL,-9.65799,-47.67919,680,-1,0
2026,911,96792,23,1066,ESCOLA CRISTO REI,ZONA RURAL,-9.81266,-47.81292,291,-1,0
2026,912,96792,23,1112,ESCOLA MUNICIPAL CASTRO ALVES,ZONA RURAL,-9.95827,-47.67375,140,-1,0
2026,913,96830,13,1015,COLÉGIO ESTADUAL CONCEIÇÃO BRITO,CENTRO,-10.75822,-48.90414,3391,-1,0
2026,914,96857,21,1015,ESCOLA ESTADUAL GIRASSOL DE TEMPO INTEGRAL AUGUSTINÓPOLIS,CENTRO,-5.46393,-47.88574,2657,-1,0
2026,915,96857,21,1023,COLEGIO ESTADUAL MANOEL VICENTE DE SOUSA,CENTRO,-5.46824,-47.88452,2632,-1,0
2026,916,96857,21,1031,ESCOLA EMÍLIO MÉDICE,ZONA RURAL,-5.43006,-47.85805,292,-1,0
2026,917,96857,21,1040,ESCOLA MUNICIPAL PRESIDENTE KENNEDY,CENTRO,-5.46357,-47.89023,841,-1,0
2026,918,96857,21,1058,COLÉGIO MILITAR DO ESTADO DO TOCANTINS LA SALLE,BOA VISTA,-5.46778,-47.89338,2245,-1,0
2026,919,96857,21,1066,ESCOLA ESTADUAL SANTA GENOVEVA,CENTRO,-5.47606,-47.89243,2052,-1,0
2026,920,96857,21,1074,ESCOLA ESTADUAL FAZENDA 16,ZONA RURAL,-5.50756,-47.93515,517,-1,0
2026,921,96857,21,1090,ESCOLA MUNICIPAL AGROVILA I,ZONA RURAL,-5.59054,-47.89232,212,-1,0
2026,922,96857,21,1112,ESCOLA MUNICIPAL GABRIEL ALVES PEREIRA,SAO PEDRO,-5.46037,-47.88533,542,-1,0
2026,923,96857,21,1120,ESCOLA MUNICIPAL ANACLETO PAULINO DA SILVA,BOA VISTA,-5.46673,-47.89385,943,-1,0
2026,924,96857,21,1139,ESCOLA MUNICIPAL ALFREDO PAULINO,SANTA RITA,-5.47264,-47.88671,748,-1,0
2026,925,96954,2,1015,COLEGIO DUQUE DE CAXIAS,CENTRO,-11.30373,-48.9387,1584,-1,0
2026,926,96954,2,1023,COLEGIO MUNICIPAL NOSSA SENHORA DO CARMO,CENTRO,-11.30252,-48.93383,1166,-1,0
2026,927,96954,2,1031,COLEGIO ESTADUAL ANITA CASSIMIRO MORENO,SETOR JARDIM ALIANCA,-11.30639,-48.94678,1560,-1,0
2026,928,96970,35,1015,ESCOLA ESTADUAL GIRASSOL DE TEMPO INTEGRAL MEIRA MATOS,AEROPORTO,-9.9552,-47.97815,2804,-1,0
2026,929,96970,35,1023,ESCOLA MUNICIPAL LUZA MACHADO DE MIRANDA,SÃO DOMINGOS,-9.94926,-47.97421,1886,-1,0
2026,930,96997,28,1015,COLEGIO ESTADUAL PRESIDENTE TANCREDO NEVES,CENTRO,-9.83831,-48.72758,2246,-1,0
2026,931,96997,28,1023,ESCOLA MUNICIPAL CRIANÇA FELIZ,VILA NOVA,-9.84208,-48.72678,1114,-1,0
2026,932,96997,28,1031,COLEGIO ESTADUAL PRESIDENTE COSTA  E SILVA,CENTRO,-9.83233,-48.72617,1539,-1,0
