cid,lid,votos
c0001,26,1
c0001,36,3
c0001,37,1
c0001,41,1
c0001,45,5
c0001,50,9
c0001,51,10
c0001,52,3
c0001,72,1
c0001,73,1
c0001,76,1
c0001,79,1
c0001,82,1
c0001,85,10
c0001,87,1
c0001,118,2
c0001,138,2
c0001,139,2
c0001,140,11
c0001,141,2
c0001,142,1
c0001,143,2
c0001,145,3
c0001,146,2
c0001,147,1
c0001,148,4
c0001,149,2
c0001,150,1
c0001,151,2
c0001,152,4
c0001,153,1
c0001,154,3
c0001,155,1
c0001,157,5
c0001,158,5
c0001,159,2
c0001,160,2
c0001,161,2
c0001,162,3
c0001,163,4
c0001,164,6
c0001,165,5
c0001,167,6
c0001,168,5
c0001,169,2
c0001,170,4
c0001,171,2
c0001,172,1
c0001,175,2
c0001,176,1
c0001,177,1
c0001,178,2
c0001,179,1
c0001,180,3
c0001,181,1
c0001,183,3
c0001,184,1
c0001,185,2
c0001,186,3
c0001,188,2
c0001,189,1
c0001,190,6
c0001,191,2
c0001,192,1
c0001,193,4
c0001,194,7
c0001,195,2
c0001,196,4
c0001,198,2
c0001,200,2
c0001,201,2
c0001,202,2
c0001,205,1
c0001,206,1
c0001,207,4
c0001,208,2
c0001,209,6
c0001,215,2
c0001,239,2
c0001,240,1
c0001,252,13
c0001,253,43
c0001,254,31
c0001,255,8
c0001,266,1
c0001,267,1
c0001,306,1
c0001,308,2
c0001,309,1
c0001,312,2
c0001,313,1
c0001,317,2
c0001,318,1
c0001,319,1
c0001,320,1
c0001,322,1
c0001,324,1
c0001,326,2
c0001,327,2
c0001,332,1
c0001,333,1
c0001,336,1
c0001,343,1
c0001,344,1
c0001,347,1
c0001,362,1
c0001,364,1
c0001,365,3
c0001,366,1
c0001,368,2
c0001,378,1
c0001,381,5
c0001,384,1
c0001,390,46
c0001,391,50
c0001,392,36
c0001,393,50
c0001,394,23
c0001,395,4
c0001,402,47
c0001,403,11
c0001,412,37
c0001,429,2
c0001,437,2
c0001,449,1
c0001,451,1
c0001,454,1
c0001,455,1
c0001,458,3
c0001,459,5
c0001,468,2
c0001,471,41
c0001,472,48
c0001,473,47
c0001,474,112
c0001,475,25
c0001,476,26
c0001,477,11
c0001,478,5
c0001,479,30
c0001,480,20
c0001,488,1
c0001,512,1
c0001,520,2
c0001,522,2
c0001,523,3
c0001,524,1
c0001,528,1
c0001,537,6
c0001,556,1
c0001,558,1
c0001,564,1
c0001,572,3
c0001,577,1
c0001,578,4
c0001,580,1
c0001,583,3
c0001,584,1
c0001,585,1
c0001,594,1
c0001,598,2
c0001,618,1
c0001,621,2
c0001,623,3
c0001,624,1
c0001,625,1
c0001,636,1
c0001,639,1
c0001,644,1
c0001,680,5
c0001,681,1
c0001,685,1
c0001,687,2
c0001,692,1
c0001,695,2
c0001,705,5
c0001,706,2
c0001,707,1
c0001,711,1
c0001,718,1
c0001,720,1
c0001,721,3
c0001,743,6
c0001,744,1
c0001,745,12
c0001,746,3
c0001,747,6
c0001,748,4
c0001,749,13
c0001,750,2
c0001,751,2
c0001,761,1
c0001,764,2
c0001,768,4
c0001,830,1
c0001,845,1
c0002,7,1
c0002,23,1
c0002,24,3
c0002,26,2
c0002,28,1
c0002,38,1
c0002,39,2
c0002,43,1
c0002,55,1
c0002,63,1
c0002,68,1
c0002,69,1
c0002,73,2
c0002,74,9
c0002,75,9
c0002,76,13
c0002,83,5
c0002,85,1
c0002,90,1
c0002,106,1
c0002,124,2
c0002,131,1
c0002,132,3
c0002,140,2
c0002,142,1
c0002,143,1
c0002,145,1
c0002,146,2
c0002,148,1
c0002,149,1
c0002,150,1
c0002,156,1
c0002,159,4
c0002,160,1
c0002,167,1
c0002,168,1
c0002,176,1
c0002,177,1
c0002,181,1
c0002,184,1
c0002,186,2
c0002,190,3
c0002,192,1
c0002,193,4
c0002,194,1
c0002,195,1
c0002,200,1
c0002,201,1
c0002,203,1
c0002,206,6
c0002,207,1
c0002,209,1
c0002,213,1
c0002,214,1
c0002,222,1
c0002,230,1
c0002,236,1
c0002,243,3
c0002,244,1
c0002,245,1
c0002,246,2
c0002,250,1
c0002,256,1
c0002,267,1
c0002,272,2
c0002,280,3
c0002,283,2
c0002,284,3
c0002,290,3
c0002,308,1
c0002,309,1
c0002,311,1
c0002,312,4
c0002,314,1
c0002,316,1
c0002,318,2
c0002,323,1
c0002,327,2
c0002,328,1
c0002,330,1
c0002,344,1
c0002,345,1
c0002,350,1
c0002,351,1
c0002,359,1
c0002,367,1
c0002,368,1
c0002,396,40
c0002,397,52
c0002,399,3
c0002,400,32
c0002,401,20
c0002,402,1
c0002,408,1
c0002,414,1
c0002,447,2
c0002,450,2
c0002,451,2
c0002,452,2
c0002,454,1
c0002,455,2
c0002,456,1
c0002,460,10
c0002,461,11
c0002,462,8
c0002,463,1
c0002,465,8
c0002,471,1
c0002,499,1
c0002,510,1
c0002,519,1
c0002,523,1
c0002,524,1
c0002,528,1
c0002,534,2
c0002,544,1
c0002,546,1
c0002,550,1
c0002,554,2
c0002,555,1
c0002,569,1
c0002,597,2
c0002,605,1
c0002,609,1
c0002,613,1
c0002,616,1
c0002,620,2
c0002,640,1
c0002,650,7
c0002,651,11
c0002,652,8
c0002,653,24
c0002,654,2
c0002,656,6
c0002,658,4
c0002,672,1
c0002,692,1
c0002,712,1
c0002,715,1
c0002,730,1
c0002,752,1
c0002,761,16
c0002,762,12
c0002,763,11
c0002,764,14
c0002,765,5
c0002,766,1
c0002,767,1
c0002,768,29
c0002,769,2
c0002,770,1
c0002,771,29
c0002,772,1
c0002,774,7
c0002,775,1
c0002,779,4
c0002,780,3
c0002,805,12
c0002,806,25
c0002,807,9
c0002,808,6
c0002,809,17
c0002,810,2
c0002,813,1
c0002,844,2
c0003,39,1
c0003,41,1
c0003,50,2
c0003,52,1
c0003,67,1
c0003,83,1
c0003,84,6
c0003,113,1
c0003,125,1
c0003,128,1
c0003,138,2
c0003,141,1
c0003,145,2
c0003,150,1
c0003,151,1
c0003,152,1
c0003,154,1
c0003,157,4
c0003,158,2
c0003,159,1
c0003,160,2
c0003,165,1
c0003,168,1
c0003,169,1
c0003,170,1
c0003,171,2
c0003,172,1
c0003,174,1
c0003,178,1
c0003,180,1
c0003,181,3
c0003,184,1
c0003,185,1
c0003,186,2
c0003,188,1
c0003,191,1
c0003,192,1
c0003,194,2
c0003,195,3
c0003,199,2
c0003,200,1
c0003,205,1
c0003,207,2
c0003,208,1
c0003,209,1
c0003,212,1
c0003,218,1
c0003,220,2
c0003,238,3
c0003,248,1
c0003,250,4
c0003,251,3
c0003,256,1
c0003,259,1
c0003,266,3
c0003,289,1
c0003,306,2
c0003,307,1
c0003,309,1
c0003,319,1
c0003,320,1
c0003,323,1
c0003,324,1
c0003,327,1
c0003,330,2
c0003,350,1
c0003,354,1
c0003,364,36
c0003,365,16
c0003,366,36
c0003,367,45
c0003,368,28
c0003,369,1
c0003,370,12
c0003,371,17
c0003,372,3
c0003,373,5
c0003,374,5
c0003,375,4
c0003,377,1
c0003,378,52
c0003,379,68
c0003,380,9
c0003,381,92
c0003,382,3
c0003,383,11
c0003,384,17
c0003,408,1
c0003,413,2
c0003,415,2
c0003,418,3
c0003,425,1
c0003,440,1
c0003,455,1
c0003,466,2
c0003,468,1
c0003,472,1
c0003,473,1
c0003,484,1
c0003,497,1
c0003,499,1
c0003,511,1
c0003,513,1
c0003,516,1
c0003,518,1
c0003,520,5
c0003,522,1
c0003,523,1
c0003,524,1
c0003,525,1
c0003,526,4
c0003,528,1
c0003,531,2
c0003,532,1
c0003,537,1
c0003,546,1
c0003,549,1
c0003,567,1
c0003,568,1
c0003,579,1
c0003,580,1
c0003,585,1
c0003,593,2
c0003,602,1
c0003,613,1
c0003,616,3
c0003,622,1
c0003,631,1
c0003,643,1
c0003,683,2
c0003,705,2
c0003,720,1
c0003,733,1
c0003,735,5
c0003,739,2
c0003,748,3
c0003,776,1
c0003,792,1
c0003,799,1
c0003,806,1
c0003,830,1
c0003,831,2
c0003,834,2
c0003,835,1
c0003,838,2
c0003,840,2
c0003,841,2
c0004,36,2
c0004,67,1
c0004,75,1
c0004,76,2
c0004,79,3
c0004,87,1
c0004,125,1
c0004,128,1
c0004,140,3
c0004,141,1
c0004,142,5
c0004,144,1
c0004,145,1
c0004,146,5
c0004,148,12
c0004,149,5
c0004,150,5
c0004,152,3
c0004,153,2
c0004,154,3
c0004,155,3
c0004,156,3
c0004,157,3
c0004,158,6
c0004,159,1
c0004,160,4
c0004,161,3
c0004,162,2
c0004,164,1
c0004,165,6
c0004,166,1
c0004,168,1
c0004,169,3
c0004,170,1
c0004,171,2
c0004,172,3
c0004,173,2
c0004,174,4
c0004,175,4
c0004,177,2
c0004,178,3
c0004,179,4
c0004,180,3
c0004,181,1
c0004,183,2
c0004,184,1
c0004,185,2
c0004,186,1
c0004,188,3
c0004,190,3
c0004,192,5
c0004,194,1
c0004,195,1
c0004,199,1
c0004,200,1
c0004,201,2
c0004,202,1
c0004,203,1
c0004,206,1
c0004,207,6
c0004,209,2
c0004,210,1
c0004,214,9
c0004,215,11
c0004,221,1
c0004,239,2
c0004,256,1
c0004,257,1
c0004,280,1
c0004,285,2
c0004,312,1
c0004,316,1
c0004,318,1
c0004,319,2
c0004,320,2
c0004,324,3
c0004,325,1
c0004,329,1
c0004,330,2
c0004,332,1
c0004,335,1
c0004,343,3
c0004,359,1
c0004,410,1
c0004,412,1
c0004,466,1
c0004,471,2
c0004,472,2
c0004,473,2
c0004,474,7
c0004,478,1
c0004,479,1
c0004,480,1
c0004,481,3
c0004,482,3
c0004,483,1
c0004,485,1
c0004,486,1
c0004,490,1
c0004,510,1
c0004,513,1
c0004,529,1
c0004,530,1
c0004,537,1
c0004,543,1
c0004,558,2
c0004,560,1
c0004,561,2
c0004,563,1
c0004,564,4
c0004,568,1
c0004,569,1
c0004,594,1
c0004,597,1
c0004,609,3
c0004,614,3
c0004,620,2
c0004,663,1
c0004,664,1
c0004,677,1
c0004,680,8
c0004,681,2
c0004,683,1
c0004,699,3
c0004,702,2
c0004,703,2
c0004,705,4
c0004,706,1
c0004,708,1
c0004,712,1
c0004,721,2
c0004,743,3
c0004,745,5
c0004,748,1
c0004,749,2
c0004,752,6
c0004,765,2
c0004,769,1
c0004,783,1
c0004,801,2
c0004,829,2
c0004,831,1
c0004,842,1
c0004,843,4
c0004,846,1
c0005,0,2
c0005,1,1
c0005,2,1
c0005,3,1
c0005,4,2
c0005,8,1
c0005,11,2
c0005,13,3
c0005,14,1
c0005,16,2
c0005,17,4
c0005,18,6
c0005,21,2
c0005,22,8
c0005,24,22
c0005,25,2
c0005,26,166
c0005,27,99
c0005,28,177
c0005,29,89
c0005,30,113
c0005,32,1
c0005,33,45
c0005,34,11
c0005,35,37
c0005,36,2
c0005,38,1
c0005,39,2
c0005,40,1
c0005,41,3
c0005,43,3
c0005,44,1
c0005,46,5
c0005,47,11
c0005,52,2
c0005,53,1
c0005,54,8
c0005,55,14
c0005,56,18
c0005,57,9
c0005,59,5
c0005,61,37
c0005,62,1
c0005,64,5
c0005,65,7
c0005,66,2
c0005,68,18
c0005,69,15
c0005,70,23
c0005,71,71
c0005,72,155
c0005,73,145
c0005,74,111
c0005,75,66
c0005,76,90
c0005,77,15
c0005,78,5
c0005,79,4
c0005,83,3
c0005,84,4
c0005,85,72
c0005,86,91
c0005,87,36
c0005,88,54
c0005,89,46
c0005,90,5
c0005,91,4
c0005,93,1
c0005,94,1
c0005,96,4
c0005,98,2
c0005,106,1
c0005,109,1
c0005,110,1
c0005,115,2
c0005,116,1
c0005,117,1
c0005,118,2
c0005,127,8
c0005,128,1
c0005,130,1
c0005,131,5
c0005,133,1
c0005,135,2
c0005,138,346
c0005,139,177
c0005,140,29
c0005,141,16
c0005,142,17
c0005,143,6
c0005,144,6
c0005,145,6
c0005,146,16
c0005,147,4
c0005,148,23
c0005,149,13
c0005,150,6
c0005,151,20
c0005,152,14
c0005,153,15
c0005,154,5
c0005,155,18
c0005,156,20
c0005,157,28
c0005,158,21
c0005,159,22
c0005,160,8
c0005,161,16
c0005,162,5
c0005,163,7
c0005,164,24
c0005,165,11
c0005,166,15
c0005,167,16
c0005,168,29
c0005,169,23
c0005,170,19
c0005,171,19
c0005,172,29
c0005,173,6
c0005,174,14
c0005,175,18
c0005,176,9
c0005,177,4
c0005,178,20
c0005,179,16
c0005,180,17
c0005,181,9
c0005,182,2
c0005,183,24
c0005,184,4
c0005,185,13
c0005,186,18
c0005,187,5
c0005,188,24
c0005,189,15
c0005,190,18
c0005,191,9
c0005,192,13
c0005,193,6
c0005,194,12
c0005,195,19
c0005,196,13
c0005,197,6
c0005,198,15
c0005,199,35
c0005,200,25
c0005,201,15
c0005,202,4
c0005,203,1
c0005,204,2
c0005,205,17
c0005,206,16
c0005,207,35
c0005,208,13
c0005,209,5
c0005,210,2
c0005,211,4
c0005,212,2
c0005,213,4
c0005,214,7
c0005,215,4
c0005,218,1
c0005,220,15
c0005,221,7
c0005,226,1
c0005,229,1
c0005,230,12
c0005,231,3
c0005,232,3
c0005,233,26
c0005,234,34
c0005,235,15
c0005,236,45
c0005,238,2
c0005,242,1
c0005,243,165
c0005,244,12
c0005,245,51
c0005,246,3
c0005,247,3
c0005,248,23
c0005,249,1
c0005,250,35
c0005,251,14
c0005,254,2
c0005,256,1
c0005,257,1
c0005,258,1
c0005,260,1
c0005,262,1
c0005,268,8
c0005,269,11
c0005,270,3
c0005,271,9
c0005,272,8
c0005,273,10
c0005,274,9
c0005,276,6
c0005,277,7
c0005,279,1
c0005,280,5
c0005,281,4
c0005,284,1
c0005,289,1
c0005,290,1
c0005,294,1
c0005,298,1
c0005,299,1
c0005,303,1
c0005,304,1
c0005,305,3
c0005,306,11
c0005,307,3
c0005,308,18
c0005,309,12
c0005,310,8
c0005,311,9
c0005,312,10
c0005,313,4
c0005,314,10
c0005,315,4
c0005,316,4
c0005,317,5
c0005,318,6
c0005,319,15
c0005,320,4
c0005,321,1
c0005,322,5
c0005,323,2
c0005,324,8
c0005,325,7
c0005,326,17
c0005,327,4
c0005,328,4
c0005,329,7
c0005,330,7
c0005,332,9
c0005,333,14
c0005,334,4
c0005,335,8
c0005,336,7
c0005,339,2
c0005,340,16
c0005,341,3
c0005,342,1
c0005,343,2
c0005,344,6
c0005,345,7
c0005,346,6
c0005,347,1
c0005,348,1
c0005,349,4
c0005,350,3
c0005,352,3
c0005,354,7
c0005,355,6
c0005,359,4
c0005,360,3
c0005,361,1
c0005,362,1
c0005,364,7
c0005,365,4
c0005,366,7
c0005,367,5
c0005,368,3
c0005,370,1
c0005,373,2
c0005,376,2
c0005,377,16
c0005,378,10
c0005,379,7
c0005,380,1
c0005,381,11
c0005,382,2
c0005,384,4
c0005,385,40
c0005,386,20
c0005,387,18
c0005,388,4
c0005,389,2
c0005,392,3
c0005,396,16
c0005,397,27
c0005,398,15
c0005,399,29
c0005,400,28
c0005,401,8
c0005,402,19
c0005,403,13
c0005,405,1
c0005,408,1
c0005,411,1
c0005,413,54
c0005,414,22
c0005,415,15
c0005,416,25
c0005,417,13
c0005,418,19
c0005,419,2
c0005,420,10
c0005,422,1
c0005,425,1
c0005,426,2
c0005,427,20
c0005,428,43
c0005,429,3
c0005,431,8
c0005,432,1
c0005,433,4
c0005,434,1
c0005,437,2
c0005,440,1
c0005,444,1
c0005,445,353
c0005,446,162
c0005,447,281
c0005,448,109
c0005,449,135
c0005,450,209
c0005,451,284
c0005,452,302
c0005,453,182
c0005,454,248
c0005,455,231
c0005,456,152
c0005,457,99
c0005,458,2
c0005,460,419
c0005,461,254
c0005,462,314
c0005,463,63
c0005,464,88
c0005,465,120
c0005,468,1
c0005,471,2
c0005,472,4
c0005,473,23
c0005,474,11
c0005,475,2
c0005,476,9
c0005,477,1
c0005,479,4
c0005,480,4
c0005,481,54
c0005,482,13
c0005,483,9
c0005,487,2
c0005,488,3
c0005,490,4
c0005,493,1
c0005,499,1
c0005,509,11
c0005,510,2
c0005,511,10
c0005,512,11
c0005,513,4
c0005,514,4
c0005,516,2
c0005,517,3
c0005,518,6
c0005,519,1
c0005,520,6
c0005,521,3
c0005,522,9
c0005,523,11
c0005,524,3
c0005,525,2
c0005,527,1
c0005,528,5
c0005,529,4
c0005,530,5
c0005,531,5
c0005,532,1
c0005,534,7
c0005,535,2
c0005,536,1
c0005,537,2
c0005,538,3
c0005,539,4
c0005,542,1
c0005,544,2
c0005,547,1
c0005,550,1
c0005,554,13
c0005,555,12
c0005,556,3
c0005,557,2
c0005,558,1
c0005,559,1
c0005,561,3
c0005,564,3
c0005,565,3
c0005,567,2
c0005,568,5
c0005,569,1
c0005,570,2
c0005,571,3
c0005,572,4
c0005,573,6
c0005,575,1
c0005,577,5
c0005,578,2
c0005,580,3
c0005,583,2
c0005,584,1
c0005,585,3
c0005,586,2
c0005,588,1
c0005,594,5
c0005,595,7
c0005,596,8
c0005,597,14
c0005,598,13
c0005,599,3
c0005,600,6
c0005,601,8
c0005,602,11
c0005,603,6
c0005,604,4
c0005,605,13
c0005,606,1
c0005,608,8
c0005,609,13
c0005,610,5
c0005,611,8
c0005,613,24
c0005,614,5
c0005,615,11
c0005,616,24
c0005,617,1
c0005,618,2
c0005,619,5
c0005,620,13
c0005,621,11
c0005,622,6
c0005,626,5
c0005,627,4
c0005,628,3
c0005,629,20
c0005,630,2
c0005,631,16
c0005,633,5
c0005,634,7
c0005,638,3
c0005,639,3
c0005,640,1
c0005,649,1
c0005,650,3
c0005,651,4
c0005,652,3
c0005,653,1
c0005,654,3
c0005,655,4
c0005,656,1
c0005,658,4
c0005,660,7
c0005,661,2
c0005,664,1
c0005,665,4
c0005,666,1
c0005,672,3
c0005,673,5
c0005,674,2
c0005,675,4
c0005,676,2
c0005,677,1
c0005,678,1
c0005,686,3
c0005,687,1
c0005,688,5
c0005,689,2
c0005,691,1
c0005,692,4
c0005,693,1
c0005,694,1
c0005,695,8
c0005,697,1
c0005,698,1
c0005,699,2
c0005,701,1
c0005,703,5
c0005,704,1
c0005,705,3
c0005,706,1
c0005,708,2
c0005,709,3
c0005,710,1
c0005,711,3
c0005,712,1
c0005,713,4
c0005,714,1
c0005,718,1
c0005,720,2
c0005,721,15
c0005,730,2
c0005,731,1
c0005,735,2
c0005,736,3
c0005,741,2
c0005,743,4
c0005,744,1
c0005,745,1
c0005,748,1
c0005,752,3
c0005,753,1
c0005,761,31
c0005,762,20
c0005,763,22
c0005,764,35
c0005,765,2
c0005,766,38
c0005,767,5
c0005,768,49
c0005,769,13
c0005,770,185
c0005,771,96
c0005,772,37
c0005,773,7
c0005,774,2
c0005,775,14
c0005,776,15
c0005,777,7
c0005,778,2
c0005,779,9
c0005,780,5
c0005,781,13
c0005,782,7
c0005,783,5
c0005,784,3
c0005,786,9
c0005,787,14
c0005,789,12
c0005,790,8
c0005,791,20
c0005,792,31
c0005,793,7
c0005,794,28
c0005,795,10
c0005,796,3
c0005,797,1
c0005,801,63
c0005,802,69
c0005,803,1
c0005,804,28
c0005,805,67
c0005,806,158
c0005,807,63
c0005,808,24
c0005,809,69
c0005,810,50
c0005,811,113
c0005,812,20
c0005,813,14
c0005,814,7
c0005,815,20
c0005,816,3
c0005,817,1
c0005,819,10
c0005,821,2
c0005,822,2
c0005,823,1
c0005,824,1
c0005,826,8
c0005,829,6
c0005,830,5
c0005,831,5
c0005,832,5
c0005,834,8
c0005,835,1
c0005,838,5
c0005,839,2
c0005,840,1
c0005,841,1
c0005,842,8
c0005,843,4
c0005,844,25
c0005,845,24
c0005,846,21
c0006,0,1
c0006,3,1
c0006,7,2
c0006,8,2
c0006,12,2
c0006,13,8
c0006,15,2
c0006,16,3
c0006,17,14
c0006,18,21
c0006,19,2
c0006,20,9
c0006,21,1
c0006,22,1
c0006,23,35
c0006,24,2
c0006,27,2
c0006,28,6
c0006,29,1
c0006,30,6
c0006,31,1
c0006,33,3
c0006,36,1
c0006,43,1
c0006,45,1
c0006,47,1
c0006,53,1
c0006,54,8
c0006,55,4
c0006,56,5
c0006,57,8
c0006,58,3
c0006,63,51
c0006,65,1
c0006,66,1
c0006,68,6
c0006,69,3
c0006,74,11
c0006,78,1
c0006,79,1
c0006,83,32
c0006,84,28
c0006,85,15
c0006,86,6
c0006,87,3
c0006,88,1
c0006,90,2
c0006,91,6
c0006,102,1
c0006,103,9
c0006,104,9
c0006,110,3
c0006,112,37
c0006,113,21
c0006,114,7
c0006,115,1
c0006,116,1
c0006,117,2
c0006,118,2
c0006,119,3
c0006,122,6
c0006,125,3
c0006,130,1
c0006,131,26
c0006,132,14
c0006,133,14
c0006,135,21
c0006,136,2
c0006,137,1
c0006,138,3
c0006,139,1
c0006,140,8
c0006,141,19
c0006,142,7
c0006,144,1
c0006,145,6
c0006,146,10
c0006,147,4
c0006,148,6
c0006,149,19
c0006,150,5
c0006,151,8
c0006,152,7
c0006,153,11
c0006,154,2
c0006,155,3
c0006,156,21
c0006,157,8
c0006,158,13
c0006,159,5
c0006,160,5
c0006,161,6
c0006,162,8
c0006,163,2
c0006,164,12
c0006,166,4
c0006,167,6
c0006,168,6
c0006,169,3
c0006,170,9
c0006,171,3
c0006,172,18
c0006,173,14
c0006,174,1
c0006,175,12
c0006,176,3
c0006,177,3
c0006,178,9
c0006,179,3
c0006,180,6
c0006,181,17
c0006,182,2
c0006,183,11
c0006,184,3
c0006,185,7
c0006,186,3
c0006,187,1
c0006,188,14
c0006,189,3
c0006,190,7
c0006,191,11
c0006,192,7
c0006,193,7
c0006,194,5
c0006,195,3
c0006,196,3
c0006,197,3
c0006,198,7
c0006,199,18
c0006,200,3
c0006,201,14
c0006,202,8
c0006,203,4
c0006,204,1
c0006,205,8
c0006,206,6
c0006,207,9
c0006,208,1
c0006,209,9
c0006,210,1
c0006,212,23
c0006,213,1
c0006,215,1
c0006,216,2
c0006,218,1
c0006,220,5
c0006,221,14
c0006,226,9
c0006,227,11
c0006,228,10
c0006,231,1
c0006,236,1
c0006,237,30
c0006,238,22
c0006,239,39
c0006,242,1
c0006,248,10
c0006,249,1
c0006,250,10
c0006,251,3
c0006,253,1
c0006,256,32
c0006,257,36
c0006,258,2
c0006,259,1
c0006,262,1
c0006,263,1
c0006,266,6
c0006,267,2
c0006,268,1
c0006,269,1
c0006,270,1
c0006,272,20
c0006,273,6
c0006,274,26
c0006,275,2
c0006,276,24
c0006,277,8
c0006,278,5
c0006,279,2
c0006,280,4
c0006,282,1
c0006,285,1
c0006,286,2
c0006,288,3
c0006,289,2
c0006,291,12
c0006,303,7
c0006,304,3
c0006,305,2
c0006,306,10
c0006,307,3
c0006,308,4
c0006,309,4
c0006,310,6
c0006,311,8
c0006,312,2
c0006,313,5
c0006,314,4
c0006,316,5
c0006,317,2
c0006,319,6
c0006,320,7
c0006,322,6
c0006,323,3
c0006,324,8
c0006,325,1
c0006,326,4
c0006,327,3
c0006,328,7
c0006,329,5
c0006,330,2
c0006,331,13
c0006,332,2
c0006,333,1
c0006,334,9
c0006,335,2
c0006,336,9
c0006,339,3
c0006,340,6
c0006,341,1
c0006,343,5
c0006,344,2
c0006,346,1
c0006,349,2
c0006,354,6
c0006,356,3
c0006,357,1
c0006,358,2
c0006,359,3
c0006,362,1
c0006,363,1
c0006,364,9
c0006,365,1
c0006,366,1
c0006,367,6
c0006,368,4
c0006,373,18
c0006,376,2
c0006,378,3
c0006,381,5
c0006,382,2
c0006,384,2
c0006,385,1
c0006,387,1
c0006,389,1
c0006,390,37
c0006,391,30
c0006,392,42
c0006,393,1
c0006,394,23
c0006,395,5
c0006,399,1
c0006,400,9
c0006,404,2
c0006,405,5
c0006,406,4
c0006,408,4
c0006,410,1
c0006,411,2
c0006,412,23
c0006,413,3
c0006,415,14
c0006,416,13
c0006,417,2
c0006,418,14
c0006,419,2
c0006,421,3
c0006,422,1
c0006,425,4
c0006,426,4
c0006,428,2
c0006,429,1
c0006,431,1
c0006,436,1
c0006,437,1
c0006,441,10
c0006,442,14
c0006,444,9
c0006,445,2
c0006,446,1
c0006,447,3
c0006,451,4
c0006,452,2
c0006,453,2
c0006,454,3
c0006,456,1
c0006,458,30
c0006,459,19
c0006,460,9
c0006,461,9
c0006,462,5
c0006,463,1
c0006,464,1
c0006,465,6
c0006,469,1
c0006,472,3
c0006,474,5
c0006,475,1
c0006,476,1
c0006,477,1
c0006,480,1
c0006,481,9
c0006,482,4
c0006,483,2
c0006,484,3
c0006,485,3
c0006,486,3
c0006,488,2
c0006,492,4
c0006,493,1
c0006,494,1
c0006,495,4
c0006,496,10
c0006,497,4
c0006,498,9
c0006,499,13
c0006,500,5
c0006,501,4
c0006,502,1
c0006,505,2
c0006,507,5
c0006,509,3
c0006,510,1
c0006,511,4
c0006,512,4
c0006,513,5
c0006,514,4
c0006,515,1
c0006,516,6
c0006,518,3
c0006,520,4
c0006,521,1
c0006,522,1
c0006,523,4
c0006,524,2
c0006,525,1
c0006,526,1
c0006,527,5
c0006,528,1
c0006,529,1
c0006,530,1
c0006,531,2
c0006,533,2
c0006,534,3
c0006,535,7
c0006,536,2
c0006,539,1
c0006,541,1
c0006,542,1
c0006,543,4
c0006,544,1
c0006,545,1
c0006,547,2
c0006,548,2
c0006,549,2
c0006,550,10
c0006,551,2
c0006,552,7
c0006,553,13
c0006,554,1
c0006,556,1
c0006,561,4
c0006,564,4
c0006,565,5
c0006,567,2
c0006,568,3
c0006,569,5
c0006,570,1
c0006,571,1
c0006,572,2
c0006,575,3
c0006,576,1
c0006,580,1
c0006,585,1
c0006,586,3
c0006,593,1
c0006,595,2
c0006,596,2
c0006,597,1
c0006,598,4
c0006,600,1
c0006,601,5
c0006,603,1
c0006,604,2
c0006,605,2
c0006,606,1
c0006,608,1
c0006,609,3
c0006,610,4
c0006,613,3
c0006,615,6
c0006,616,5
c0006,620,2
c0006,621,25
c0006,622,37
c0006,623,28
c0006,624,1
c0006,626,11
c0006,627,23
c0006,628,19
c0006,629,1
c0006,631,1
c0006,633,1
c0006,635,1
c0006,636,3
c0006,638,1
c0006,641,1
c0006,642,2
c0006,645,5
c0006,651,3
c0006,652,1
c0006,657,1
c0006,660,1
c0006,661,2
c0006,666,1
c0006,668,1
c0006,669,6
c0006,676,1
c0006,677,1
c0006,691,1
c0006,694,4
c0006,695,5
c0006,696,7
c0006,697,3
c0006,698,3
c0006,699,7
c0006,700,4
c0006,701,8
c0006,702,8
c0006,703,5
c0006,704,1
c0006,705,5
c0006,706,9
c0006,707,1
c0006,708,5
c0006,711,3
c0006,713,2
c0006,714,8
c0006,716,2
c0006,718,1
c0006,719,1
c0006,720,5
c0006,721,4
c0006,723,1
c0006,724,1
c0006,729,1
c0006,730,3
c0006,731,1
c0006,732,6
c0006,733,1
c0006,734,5
c0006,735,25
c0006,737,3
c0006,738,2
c0006,739,18
c0006,740,9
c0006,741,3
c0006,742,3
c0006,743,13
c0006,744,6
c0006,745,8
c0006,746,1
c0006,747,4
c0006,748,9
c0006,749,4
c0006,750,1
c0006,751,1
c0006,760,1
c0006,761,6
c0006,762,7
c0006,763,6
c0006,764,3
c0006,766,2
c0006,767,1
c0006,768,4
c0006,770,80
c0006,771,14
c0006,772,2
c0006,773,1
c0006,774,6
c0006,775,6
c0006,776,4
c0006,777,3
c0006,778,1
c0006,779,2
c0006,780,3
c0006,781,1
c0006,782,2
c0006,784,1
c0006,785,1
c0006,787,1
c0006,789,1
c0006,791,1
c0006,792,1
c0006,794,3
c0006,797,5
c0006,798,2
c0006,799,4
c0006,800,4
c0006,801,6
c0006,802,7
c0006,804,1
c0006,805,4
c0006,806,2
c0006,807,3
c0006,808,1
c0006,809,5
c0006,810,1
c0006,812,2
c0006,813,1
c0006,814,6
c0006,815,5
c0006,818,1
c0006,819,2
c0006,820,1
c0006,822,1
c0006,823,14
c0006,824,11
c0006,826,4
c0006,829,15
c0006,830,23
c0006,831,17
c0006,832,2
c0006,833,5
c0006,834,18
c0006,835,19
c0006,836,12
c0006,837,3
c0006,838,8
c0006,839,9
c0006,840,3
c0006,841,1
c0006,842,2
c0006,843,4
c0006,844,2
c0006,846,3
c0007,0,25
c0007,1,2
c0007,2,27
c0007,7,14
c0007,11,10
c0007,13,13
c0007,15,6
c0007,16,1
c0007,19,9
c0007,24,1
c0007,26,1
c0007,27,9
c0007,28,3
c0007,29,1
c0007,30,2
c0007,32,4
c0007,33,62
c0007,34,9
c0007,35,45
c0007,38,56
c0007,39,44
c0007,40,58
c0007,41,58
c0007,42,3
c0007,43,3
c0007,44,2
c0007,45,9
c0007,46,3
c0007,47,1
c0007,49,2
c0007,50,2
c0007,53,13
c0007,54,20
c0007,55,32
c0007,56,9
c0007,57,16
c0007,58,16
c0007,59,1
c0007,60,2
c0007,61,20
c0007,62,6
c0007,63,29
c0007,64,63
c0007,65,42
c0007,66,34
c0007,67,34
c0007,68,1
c0007,70,7
c0007,73,2
c0007,74,28
c0007,77,1
c0007,79,3
c0007,80,1
c0007,83,2
c0007,85,1
c0007,86,31
c0007,87,3
c0007,88,3
c0007,89,10
c0007,90,15
c0007,91,17
c0007,93,2
c0007,96,3
c0007,97,2
c0007,98,66
c0007,99,19
c0007,100,8
c0007,101,6
c0007,102,20
c0007,103,5
c0007,105,3
c0007,106,54
c0007,109,1
c0007,110,78
c0007,112,33
c0007,113,20
c0007,114,11
c0007,115,1
c0007,116,23
c0007,117,37
c0007,118,18
c0007,119,1
c0007,122,29
c0007,123,1
c0007,124,63
c0007,125,65
c0007,126,24
c0007,127,2
c0007,128,1
c0007,131,21
c0007,132,8
c0007,135,1
c0007,138,4
c0007,139,2
c0007,140,12
c0007,141,7
c0007,142,10
c0007,143,4
c0007,144,2
c0007,145,7
c0007,146,4
c0007,148,10
c0007,149,5
c0007,150,14
c0007,151,12
c0007,152,4
c0007,153,11
c0007,154,2
c0007,155,4
c0007,156,13
c0007,157,8
c0007,158,9
c0007,159,11
c0007,160,3
c0007,161,4
c0007,162,10
c0007,163,2
c0007,164,7
c0007,165,5
c0007,166,14
c0007,167,1
c0007,168,4
c0007,169,8
c0007,170,2
c0007,171,7
c0007,172,4
c0007,173,11
c0007,174,1
c0007,175,3
c0007,176,9
c0007,177,1
c0007,178,11
c0007,179,3
c0007,180,6
c0007,181,1
c0007,182,2
c0007,183,5
c0007,184,4
c0007,185,3
c0007,186,1
c0007,187,2
c0007,188,3
c0007,189,3
c0007,190,4
c0007,191,9
c0007,192,11
c0007,193,9
c0007,194,2
c0007,195,8
c0007,196,8
c0007,197,2
c0007,198,3
c0007,199,13
c0007,200,3
c0007,201,3
c0007,202,2
c0007,203,4
c0007,204,2
c0007,205,6
c0007,206,2
c0007,207,9
c0007,208,2
c0007,209,4
c0007,211,6
c0007,213,21
c0007,214,20
c0007,215,29
c0007,216,40
c0007,217,1
c0007,218,32
c0007,219,12
c0007,221,6
c0007,225,20
c0007,226,1
c0007,229,2
c0007,230,4
c0007,231,1
c0007,237,7
c0007,239,1
c0007,242,4
c0007,243,1
c0007,244,2
c0007,246,1
c0007,247,3
c0007,248,75
c0007,249,2
c0007,250,47
c0007,251,64
c0007,252,4
c0007,253,4
c0007,254,21
c0007,256,83
c0007,257,74
c0007,258,22
c0007,259,15
c0007,260,16
c0007,261,9
c0007,262,29
c0007,263,12
c0007,264,11
c0007,265,18
c0007,266,4
c0007,267,3
c0007,268,32
c0007,269,36
c0007,270,12
c0007,271,10
c0007,273,1
c0007,277,1
c0007,279,3
c0007,280,9
c0007,282,1
c0007,283,1
c0007,285,13
c0007,286,4
c0007,287,3
c0007,289,40
c0007,291,13
c0007,292,15
c0007,293,3
c0007,294,5
c0007,297,6
c0007,298,18
c0007,299,9
c0007,300,4
c0007,301,15
c0007,302,4
c0007,303,3
c0007,304,5
c0007,305,2
c0007,306,16
c0007,307,3
c0007,308,3
c0007,309,11
c0007,310,10
c0007,311,6
c0007,312,8
c0007,313,27
c0007,314,9
c0007,316,9
c0007,317,1
c0007,318,8
c0007,319,7
c0007,320,2
c0007,322,3
c0007,323,5
c0007,325,5
c0007,326,7
c0007,327,2
c0007,328,3
c0007,330,2
c0007,331,4
c0007,332,3
c0007,333,5
c0007,334,13
c0007,335,5
c0007,336,6
c0007,337,2
c0007,338,4
c0007,339,4
c0007,340,7
c0007,341,5
c0007,343,4
c0007,344,17
c0007,345,5
c0007,346,14
c0007,347,4
c0007,350,4
c0007,351,1
c0007,354,4
c0007,356,2
c0007,359,3
c0007,360,1
c0007,361,1
c0007,362,5
c0007,363,4
c0007,364,10
c0007,365,7
c0007,366,7
c0007,367,5
c0007,368,3
c0007,369,2
c0007,371,8
c0007,372,2
c0007,373,6
c0007,374,1
c0007,376,1
c0007,377,15
c0007,378,9
c0007,379,2
c0007,380,3
c0007,381,7
c0007,382,6
c0007,383,1
c0007,384,5
c0007,385,33
c0007,386,20
c0007,387,16
c0007,388,1
c0007,390,1
c0007,392,1
c0007,396,4
c0007,397,3
c0007,400,2
c0007,401,1
c0007,402,73
c0007,403,22
c0007,405,4
c0007,407,2
c0007,408,1
c0007,410,2
c0007,413,36
c0007,414,23
c0007,415,61
c0007,416,41
c0007,417,18
c0007,418,45
c0007,419,1
c0007,420,20
c0007,421,2
c0007,422,3
c0007,423,10
c0007,425,17
c0007,426,18
c0007,427,7
c0007,428,17
c0007,431,12
c0007,432,1
c0007,433,3
c0007,434,7
c0007,435,2
c0007,437,7
c0007,439,6
c0007,440,4
c0007,441,2
c0007,442,2
c0007,445,7
c0007,446,15
c0007,447,10
c0007,448,1
c0007,449,4
c0007,450,2
c0007,451,9
c0007,452,5
c0007,453,2
c0007,454,7
c0007,455,5
c0007,456,1
c0007,457,1
c0007,458,32
c0007,459,24
c0007,460,13
c0007,461,11
c0007,462,8
c0007,465,6
c0007,466,9
c0007,467,4
c0007,468,3
c0007,470,1
c0007,471,10
c0007,472,19
c0007,473,61
c0007,474,48
c0007,475,6
c0007,476,39
c0007,477,3
c0007,479,31
c0007,480,18
c0007,481,63
c0007,482,24
c0007,483,3
c0007,484,13
c0007,485,8
c0007,486,6
c0007,487,2
c0007,490,1
c0007,491,2
c0007,493,2
c0007,494,26
c0007,495,20
c0007,496,27
c0007,497,30
c0007,498,20
c0007,499,27
c0007,500,26
c0007,501,26
c0007,502,10
c0007,503,1
c0007,505,35
c0007,507,24
c0007,509,20
c0007,510,13
c0007,511,7
c0007,512,17
c0007,513,15
c0007,514,2
c0007,515,5
c0007,516,5
c0007,517,7
c0007,518,6
c0007,519,9
c0007,520,14
c0007,521,8
c0007,522,21
c0007,523,31
c0007,524,17
c0007,525,6
c0007,526,8
c0007,527,19
c0007,528,13
c0007,529,12
c0007,530,12
c0007,531,6
c0007,532,6
c0007,533,11
c0007,534,4
c0007,535,18
c0007,536,11
c0007,537,13
c0007,538,1
c0007,539,8
c0007,540,2
c0007,541,1
c0007,542,5
c0007,543,10
c0007,544,1
c0007,546,1
c0007,547,3
c0007,551,1
c0007,552,5
c0007,553,2
c0007,556,2
c0007,557,1
c0007,559,3
c0007,562,2
c0007,564,4
c0007,565,4
c0007,567,33
c0007,568,31
c0007,569,7
c0007,570,14
c0007,571,3
c0007,572,7
c0007,573,5
c0007,574,8
c0007,575,16
c0007,576,3
c0007,577,14
c0007,578,11
c0007,579,2
c0007,580,5
c0007,581,3
c0007,582,2
c0007,583,19
c0007,584,3
c0007,585,2
c0007,586,1
c0007,589,1
c0007,591,12
c0007,592,1
c0007,593,6
c0007,594,2
c0007,595,6
c0007,596,13
c0007,597,12
c0007,598,8
c0007,599,4
c0007,600,1
c0007,601,10
c0007,602,1
c0007,603,7
c0007,604,1
c0007,605,22
c0007,606,9
c0007,607,3
c0007,608,25
c0007,609,23
c0007,610,17
c0007,611,11
c0007,613,34
c0007,614,4
c0007,615,13
c0007,616,32
c0007,617,2
c0007,618,4
c0007,619,8
c0007,620,4
c0007,621,1
c0007,623,1
c0007,624,1
c0007,627,5
c0007,628,3
c0007,629,10
c0007,630,1
c0007,631,10
c0007,632,3
c0007,633,1
c0007,634,19
c0007,635,1
c0007,636,10
c0007,638,14
c0007,639,22
c0007,640,29
c0007,641,20
c0007,642,16
c0007,643,13
c0007,644,9
c0007,645,9
c0007,646,1
c0007,647,1
c0007,648,17
c0007,649,17
c0007,650,2
c0007,651,2
c0007,652,1
c0007,656,2
c0007,664,2
c0007,665,2
c0007,666,1
c0007,670,1
c0007,672,33
c0007,673,33
c0007,674,39
c0007,675,5
c0007,676,12
c0007,677,13
c0007,678,10
c0007,680,3
c0007,681,2
c0007,684,1
c0007,685,3
c0007,686,1
c0007,689,5
c0007,691,2
c0007,692,3
c0007,693,3
c0007,696,3
c0007,698,7
c0007,699,3
c0007,700,1
c0007,701,6
c0007,702,2
c0007,703,5
c0007,705,20
c0007,706,7
c0007,707,2
c0007,708,1
c0007,709,2
c0007,710,1
c0007,712,3
c0007,713,1
c0007,714,2
c0007,716,1
c0007,720,2
c0007,721,32
c0007,722,3
c0007,729,1
c0007,730,2
c0007,731,2
c0007,733,4
c0007,734,2
c0007,735,8
c0007,736,22
c0007,737,3
c0007,739,9
c0007,741,1
c0007,742,2
c0007,743,17
c0007,744,6
c0007,745,20
c0007,747,9
c0007,748,18
c0007,749,22
c0007,750,2
c0007,751,11
c0007,752,1
c0007,753,1
c0007,760,2
c0007,761,7
c0007,762,3
c0007,763,2
c0007,764,5
c0007,765,3
c0007,766,1
c0007,767,1
c0007,769,1
c0007,770,14
c0007,771,10
c0007,773,1
c0007,774,7
c0007,775,7
c0007,776,9
c0007,777,56
c0007,778,22
c0007,779,17
c0007,780,3
c0007,781,9
c0007,782,7
c0007,783,6
c0007,784,15
c0007,785,6
c0007,797,3
c0007,798,8
c0007,799,5
c0007,800,8
c0007,801,30
c0007,802,31
c0007,803,1
c0007,804,2
c0007,805,7
c0007,806,9
c0007,807,3
c0007,808,1
c0007,809,12
c0007,810,4
c0007,811,1
c0007,812,2
c0007,813,1
c0007,820,159
c0007,821,98
c0007,822,168
c0007,823,10
c0007,824,20
c0007,826,9
c0007,827,2
c0007,829,1
c0007,830,9
c0007,831,14
c0007,832,12
c0007,833,6
c0007,834,17
c0007,835,35
c0007,838,9
c0007,839,30
c0007,840,19
c0007,841,26
c0007,842,7
c0007,843,12
c0007,845,4
c0007,846,5
c0008,0,1
c0008,2,2
c0008,3,1
c0008,7,2
c0008,13,1
c0008,17,4
c0008,23,1
c0008,26,1
c0008,30,2
c0008,48,1
c0008,54,1
c0008,85,1
c0008,86,1
c0008,88,4
c0008,98,1
c0008,100,1
c0008,103,2
c0008,106,2
c0008,110,3
c0008,140,1
c0008,141,2
c0008,142,1
c0008,145,1
c0008,148,1
c0008,151,1
c0008,152,3
c0008,156,3
c0008,158,1
c0008,159,1
c0008,160,1
c0008,161,1
c0008,164,1
c0008,166,1
c0008,168,6
c0008,169,4
c0008,170,1
c0008,173,1
c0008,175,2
c0008,178,1
c0008,179,1
c0008,180,1
c0008,181,4
c0008,190,3
c0008,191,1
c0008,195,2
c0008,196,1
c0008,198,1
c0008,207,1
c0008,221,1
c0008,222,4
c0008,234,2
c0008,242,1
c0008,243,2
c0008,245,1
c0008,273,1
c0008,285,1
c0008,299,1
c0008,305,2
c0008,306,2
c0008,308,4
c0008,309,6
c0008,310,3
c0008,311,9
c0008,312,3
c0008,313,4
c0008,314,3
c0008,316,8
c0008,317,2
c0008,318,4
c0008,319,4
c0008,320,2
c0008,322,1
c0008,323,2
c0008,324,3
c0008,326,5
c0008,328,1
c0008,329,7
c0008,330,3
c0008,331,9
c0008,332,3
c0008,334,8
c0008,335,7
c0008,336,10
c0008,337,1
c0008,338,2
c0008,339,1
c0008,340,17
c0008,343,7
c0008,344,3
c0008,345,2
c0008,346,1
c0008,347,1
c0008,351,1
c0008,354,3
c0008,361,2
c0008,363,14
c0008,367,4
c0008,378,4
c0008,381,1
c0008,413,5
c0008,414,2
c0008,415,1
c0008,420,5
c0008,427,3
c0008,428,10
c0008,431,8
c0008,469,1
c0008,505,1
c0008,520,1
c0008,557,1
c0008,586,14
c0008,587,1
c0008,588,1
c0008,589,4
c0008,676,1
c0008,712,1
c0008,721,2
c0008,734,1
c0008,768,2
c0008,813,1
c0008,816,1
c0009,11,1
c0009,15,2
c0009,63,1
c0009,76,1
c0009,83,1
c0009,93,1
c0009,98,2
c0009,101,1
c0009,103,1
c0009,129,1
c0009,131,7
c0009,132,2
c0009,151,1
c0009,157,1
c0009,158,1
c0009,159,1
c0009,171,1
c0009,172,3
c0009,183,1
c0009,188,4
c0009,194,2
c0009,195,1
c0009,207,2
c0009,220,1
c0009,221,2
c0009,305,2
c0009,306,14
c0009,307,4
c0009,308,6
c0009,309,1
c0009,310,17
c0009,311,5
c0009,312,6
c0009,314,9
c0009,316,4
c0009,317,4
c0009,318,3
c0009,319,7
c0009,320,7
c0009,321,4
c0009,322,8
c0009,323,4
c0009,324,29
c0009,325,3
c0009,326,8
c0009,327,6
c0009,329,2
c0009,330,4
c0009,331,6
c0009,332,7
c0009,333,5
c0009,334,15
c0009,335,3
c0009,336,8
c0009,337,4
c0009,339,7
c0009,340,13
c0009,341,4
c0009,342,1
c0009,344,3
c0009,345,4
c0009,346,17
c0009,347,4
c0009,348,1
c0009,354,1
c0009,359,1
c0009,360,6
c0009,427,1
c0009,445,3
c0009,447,1
c0009,454,1
c0009,456,1
c0009,512,2
c0009,545,1
c0009,590,1
c0009,599,1
c0009,612,2
c0009,664,1
c0009,669,3
c0009,692,1
c0009,702,2
c0009,754,2
c0009,761,10
c0009,762,5
c0009,764,3
c0009,765,4
c0009,768,1
c0009,769,4
c0009,771,2
c0009,812,1
c0009,815,2
c0010,0,1
c0010,38,2
c0010,41,1
c0010,49,25
c0010,52,1
c0010,54,2
c0010,117,2
c0010,118,1
c0010,122,2
c0010,127,1
c0010,141,4
c0010,142,1
c0010,143,4
c0010,145,13
c0010,146,1
c0010,147,5
c0010,148,3
c0010,149,3
c0010,150,1
c0010,151,1
c0010,152,2
c0010,154,4
c0010,155,3
c0010,156,1
c0010,158,3
c0010,159,1
c0010,160,2
c0010,163,2
c0010,164,2
c0010,165,3
c0010,167,1
c0010,172,5
c0010,174,2
c0010,176,5
c0010,177,2
c0010,178,2
c0010,181,1
c0010,183,5
c0010,186,1
c0010,191,2
c0010,192,4
c0010,193,1
c0010,195,1
c0010,196,8
c0010,199,2
c0010,200,5
c0010,202,1
c0010,204,4
c0010,205,3
c0010,206,2
c0010,207,1
c0010,208,1
c0010,209,3
c0010,210,1
c0010,257,1
c0010,268,1
c0010,316,1
c0010,334,1
c0010,367,1
c0010,402,2
c0010,433,1
c0010,437,1
c0010,458,18
c0010,459,6
c0010,472,1
c0010,473,5
c0010,474,1
c0010,475,1
c0010,476,1
c0010,477,1
c0010,478,1
c0010,481,4
c0010,482,1
c0010,483,1
c0010,498,1
c0010,507,1
c0010,522,2
c0010,561,1
c0010,567,2
c0010,568,5
c0010,569,1
c0010,570,2
c0010,583,1
c0010,584,1
c0010,591,2
c0010,598,1
c0010,599,1
c0010,620,1
c0010,672,1
c0010,673,3
c0010,674,5
c0010,680,1
c0010,681,1
c0010,682,6
c0010,700,1
c0010,705,3
c0010,721,2
c0010,739,1
c0010,743,3
c0010,744,4
c0010,745,5
c0010,746,1
c0010,747,5
c0010,748,4
c0010,749,1
c0010,751,3
c0010,840,1
c0011,15,1
c0011,26,3
c0011,37,2
c0011,38,1
c0011,40,1
c0011,41,1
c0011,43,6
c0011,44,7
c0011,46,1
c0011,49,1
c0011,55,2
c0011,63,1
c0011,72,1
c0011,79,1
c0011,90,1
c0011,91,1
c0011,93,7
c0011,96,1
c0011,116,1
c0011,122,1
c0011,130,1
c0011,131,1
c0011,140,4
c0011,141,5
c0011,142,6
c0011,143,9
c0011,144,1
c0011,145,14
c0011,146,9
c0011,147,22
c0011,148,3
c0011,149,8
c0011,150,1
c0011,151,2
c0011,152,7
c0011,153,4
c0011,154,9
c0011,155,3
c0011,156,3
c0011,157,4
c0011,158,6
c0011,160,3
c0011,161,4
c0011,162,5
c0011,163,1
c0011,165,4
c0011,166,8
c0011,167,2
c0011,168,1
c0011,169,3
c0011,170,3
c0011,171,2
c0011,173,8
c0011,174,7
c0011,175,10
c0011,176,4
c0011,177,4
c0011,178,4
c0011,179,2
c0011,180,6
c0011,181,4
c0011,183,5
c0011,184,1
c0011,185,3
c0011,186,2
c0011,187,4
c0011,188,1
c0011,189,2
c0011,190,6
c0011,191,4
c0011,192,4
c0011,193,4
c0011,194,1
c0011,195,1
c0011,196,5
c0011,197,1
c0011,198,6
c0011,199,5
c0011,200,1
c0011,201,7
c0011,202,2
c0011,203,3
c0011,204,2
c0011,205,7
c0011,206,3
c0011,207,4
c0011,208,2
c0011,209,8
c0011,211,2
c0011,213,1
c0011,214,5
c0011,215,5
c0011,216,1
c0011,225,1
c0011,226,3
c0011,233,1
c0011,234,1
c0011,237,2
c0011,238,11
c0011,239,1
c0011,248,1
c0011,250,1
c0011,251,1
c0011,255,2
c0011,256,1
c0011,257,1
c0011,284,1
c0011,285,6
c0011,286,2
c0011,289,3
c0011,301,1
c0011,302,1
c0011,305,2
c0011,306,6
c0011,307,4
c0011,308,1
c0011,309,13
c0011,310,14
c0011,311,4
c0011,312,1
c0011,313,8
c0011,314,4
c0011,315,1
c0011,316,11
c0011,317,2
c0011,318,7
c0011,319,9
c0011,320,4
c0011,322,4
c0011,323,1
c0011,324,4
c0011,325,1
c0011,326,3
c0011,327,1
c0011,328,2
c0011,329,3
c0011,330,32
c0011,331,2
c0011,332,3
c0011,333,1
c0011,334,2
c0011,335,3
c0011,336,5
c0011,337,2
c0011,339,8
c0011,340,1
c0011,341,2
c0011,342,2
c0011,343,4
c0011,344,1
c0011,345,2
c0011,346,2
c0011,348,1
c0011,350,2
c0011,354,5
c0011,356,3
c0011,359,2
c0011,362,1
c0011,364,1
c0011,378,1
c0011,381,1
c0011,387,1
c0011,390,2
c0011,391,1
c0011,392,1
c0011,402,3
c0011,413,1
c0011,414,3
c0011,415,3
c0011,416,2
c0011,418,1
c0011,423,2
c0011,428,1
c0011,434,1
c0011,435,2
c0011,436,2
c0011,437,2
c0011,440,1
c0011,441,3
c0011,442,6
c0011,444,3
c0011,445,4
c0011,447,7
c0011,448,2
c0011,449,4
c0011,450,4
c0011,451,6
c0011,454,2
c0011,455,3
c0011,457,2
c0011,458,2
c0011,466,4
c0011,468,4
c0011,471,1
c0011,472,2
c0011,473,4
c0011,474,4
c0011,476,1
c0011,479,1
c0011,480,2
c0011,482,1
c0011,484,3
c0011,486,3
c0011,495,1
c0011,500,2
c0011,509,3
c0011,510,2
c0011,512,4
c0011,513,1
c0011,517,2
c0011,518,4
c0011,519,2
c0011,520,2
c0011,522,2
c0011,523,4
c0011,526,3
c0011,527,1
c0011,529,2
c0011,530,2
c0011,531,3
c0011,532,4
c0011,534,2
c0011,535,2
c0011,536,2
c0011,537,4
c0011,539,2
c0011,541,1
c0011,542,2
c0011,543,1
c0011,544,1
c0011,547,1
c0011,556,6
c0011,557,1
c0011,558,9
c0011,559,8
c0011,560,1
c0011,561,5
c0011,563,1
c0011,564,8
c0011,567,2
c0011,568,4
c0011,570,4
c0011,571,2
c0011,572,3
c0011,574,5
c0011,575,4
c0011,576,1
c0011,587,1
c0011,591,2
c0011,593,1
c0011,596,1
c0011,597,2
c0011,598,2
c0011,604,2
c0011,608,2
c0011,614,2
c0011,616,2
c0011,620,1
c0011,621,3
c0011,622,2
c0011,626,2
c0011,627,4
c0011,628,4
c0011,629,1
c0011,634,3
c0011,640,2
c0011,641,4
c0011,642,1
c0011,643,2
c0011,644,6
c0011,647,2
c0011,648,2
c0011,649,5
c0011,660,1
c0011,666,1
c0011,674,1
c0011,676,1
c0011,677,1
c0011,680,2
c0011,687,1
c0011,691,3
c0011,692,1
c0011,694,18
c0011,695,38
c0011,696,26
c0011,697,12
c0011,698,17
c0011,699,22
c0011,700,20
c0011,701,48
c0011,702,24
c0011,703,34
c0011,704,84
c0011,705,1
c0011,706,26
c0011,707,12
c0011,708,14
c0011,709,15
c0011,710,3
c0011,711,18
c0011,712,9
c0011,713,2
c0011,714,39
c0011,716,2
c0011,717,6
c0011,718,8
c0011,719,13
c0011,720,6
c0011,721,7
c0011,723,16
c0011,725,1
c0011,735,2
c0011,743,6
c0011,744,2
c0011,745,3
c0011,747,4
c0011,748,1
c0011,753,1
c0011,763,1
c0011,774,6
c0011,775,13
c0011,776,12
c0011,777,5
c0011,778,5
c0011,779,9
c0011,780,4
c0011,781,5
c0011,782,7
c0011,783,3
c0011,784,8
c0011,785,3
c0011,801,7
c0011,802,7
c0011,804,1
c0011,806,3
c0011,807,1
c0011,809,1
c0011,817,2
c0011,823,3
c0011,827,2
c0011,829,3
c0011,830,1
c0011,831,1
c0011,833,2
c0011,834,3
c0011,838,2
c0011,842,1
c0011,844,2
c0011,846,1
c0012,0,1
c0012,2,3
c0012,3,3
c0012,5,7
c0012,13,5
c0012,16,1
c0012,18,1
c0012,22,1
c0012,23,2
c0012,28,1
c0012,38,2
c0012,54,5
c0012,55,3
c0012,56,8
c0012,57,5
c0012,60,1
c0012,61,1
c0012,63,1
c0012,75,1
c0012,83,3
c0012,90,1
c0012,91,1
c0012,93,2
c0012,96,1
c0012,97,6
c0012,98,4
c0012,100,2
c0012,106,1
c0012,110,4
c0012,111,1
c0012,116,1
c0012,118,2
c0012,127,2
c0012,129,2
c0012,130,4
c0012,131,1
c0012,132,3
c0012,135,1
c0012,140,57
c0012,141,35
c0012,142,13
c0012,143,19
c0012,144,1
c0012,145,9
c0012,146,20
c0012,147,14
c0012,148,48
c0012,149,25
c0012,150,13
c0012,151,22
c0012,152,12
c0012,153,40
c0012,154,9
c0012,155,9
c0012,156,46
c0012,157,79
c0012,158,35
c0012,159,18
c0012,160,36
c0012,161,26
c0012,162,31
c0012,163,26
c0012,164,59
c0012,165,9
c0012,166,15
c0012,167,8
c0012,168,29
c0012,169,24
c0012,170,26
c0012,171,20
c0012,172,65
c0012,173,19
c0012,174,14
c0012,175,63
c0012,176,7
c0012,177,6
c0012,178,38
c0012,179,39
c0012,180,23
c0012,181,32
c0012,182,3
c0012,183,21
c0012,184,14
c0012,185,36
c0012,186,19
c0012,187,7
c0012,188,38
c0012,189,25
c0012,190,20
c0012,191,28
c0012,192,15
c0012,193,12
c0012,194,37
c0012,195,20
c0012,196,32
c0012,197,2
c0012,198,32
c0012,199,20
c0012,200,62
c0012,201,24
c0012,202,12
c0012,203,7
c0012,204,3
c0012,205,6
c0012,206,27
c0012,207,76
c0012,208,27
c0012,209,15
c0012,210,9
c0012,211,1
c0012,213,1
c0012,220,2
c0012,226,1
c0012,229,1
c0012,232,1
c0012,235,1
c0012,238,1
c0012,239,3
c0012,240,2
c0012,242,3
c0012,256,1
c0012,263,1
c0012,266,2
c0012,267,1
c0012,269,1
c0012,273,2
c0012,274,1
c0012,280,1
c0012,285,1
c0012,286,1
c0012,297,1
c0012,303,1
c0012,304,2
c0012,305,23
c0012,306,31
c0012,307,7
c0012,308,40
c0012,309,17
c0012,310,43
c0012,311,24
c0012,312,22
c0012,313,28
c0012,314,33
c0012,315,5
c0012,316,31
c0012,317,44
c0012,318,27
c0012,319,67
c0012,320,24
c0012,321,14
c0012,322,24
c0012,323,27
c0012,324,26
c0012,325,14
c0012,326,17
c0012,327,24
c0012,328,27
c0012,329,19
c0012,330,25
c0012,331,55
c0012,332,21
c0012,333,23
c0012,334,50
c0012,335,10
c0012,336,61
c0012,337,14
c0012,338,1
c0012,339,22
c0012,340,53
c0012,341,21
c0012,342,12
c0012,343,25
c0012,344,19
c0012,345,27
c0012,346,16
c0012,347,50
c0012,348,2
c0012,349,8
c0012,350,2
c0012,351,17
c0012,353,1
c0012,354,32
c0012,356,5
c0012,359,37
c0012,360,11
c0012,361,8
c0012,362,6
c0012,363,8
c0012,364,1
c0012,368,1
c0012,371,2
c0012,381,2
c0012,390,3
c0012,391,5
c0012,393,2
c0012,394,2
c0012,401,1
c0012,412,1
c0012,415,1
c0012,418,1
c0012,422,1
c0012,427,1
c0012,428,4
c0012,431,3
c0012,432,1
c0012,434,2
c0012,440,1
c0012,442,2
c0012,447,1
c0012,448,1
c0012,452,1
c0012,454,1
c0012,455,1
c0012,456,1
c0012,466,5
c0012,467,3
c0012,468,10
c0012,469,1
c0012,470,1
c0012,471,1
c0012,473,2
c0012,474,3
c0012,481,16
c0012,482,3
c0012,485,1
c0012,486,2
c0012,487,9
c0012,488,1
c0012,492,4
c0012,496,3
c0012,497,1
c0012,507,1
c0012,509,3
c0012,510,7
c0012,511,9
c0012,512,15
c0012,513,8
c0012,514,3
c0012,516,5
c0012,517,2
c0012,518,1
c0012,520,4
c0012,521,1
c0012,522,10
c0012,523,6
c0012,524,6
c0012,525,4
c0012,526,6
c0012,528,4
c0012,529,7
c0012,530,8
c0012,531,1
c0012,532,3
c0012,534,1
c0012,535,2
c0012,536,1
c0012,537,5
c0012,539,1
c0012,541,1
c0012,542,1
c0012,543,3
c0012,544,1
c0012,545,7
c0012,546,100
c0012,552,3
c0012,554,3
c0012,555,7
c0012,556,3
c0012,557,8
c0012,558,8
c0012,559,5
c0012,560,2
c0012,561,5
c0012,562,7
c0012,564,16
c0012,565,3
c0012,566,1
c0012,567,52
c0012,568,60
c0012,569,9
c0012,570,26
c0012,571,7
c0012,575,1
c0012,592,2
c0012,593,2
c0012,594,1
c0012,596,5
c0012,597,2
c0012,598,2
c0012,599,1
c0012,600,1
c0012,601,2
c0012,602,1
c0012,604,1
c0012,606,1
c0012,608,2
c0012,611,2
c0012,615,2
c0012,618,2
c0012,620,1
c0012,629,2
c0012,631,2
c0012,634,2
c0012,640,1
c0012,642,1
c0012,645,1
c0012,650,1
c0012,657,1
c0012,659,1
c0012,664,1
c0012,666,4
c0012,668,1
c0012,669,3
c0012,670,1
c0012,672,1
c0012,677,1
c0012,680,1
c0012,682,1
c0012,683,1
c0012,688,1
c0012,693,1
c0012,694,2
c0012,695,1
c0012,696,1
c0012,697,3
c0012,699,4
c0012,701,2
c0012,702,2
c0012,703,5
c0012,705,20
c0012,706,7
c0012,707,2
c0012,708,1
c0012,709,7
c0012,712,1
c0012,714,3
c0012,716,2
c0012,719,1
c0012,720,4
c0012,721,15
c0012,722,2
c0012,730,1
c0012,731,3
c0012,737,1
c0012,743,1
c0012,752,2
c0012,753,3
c0012,755,1
c0012,761,4
c0012,762,9
c0012,763,4
c0012,764,9
c0012,765,3
c0012,768,2
c0012,769,1
c0012,771,3
c0012,772,2
c0012,775,2
c0012,777,3
c0012,780,3
c0012,781,3
c0012,782,1
c0012,783,1
c0012,784,2
c0012,786,1
c0012,787,1
c0012,789,1
c0012,790,1
c0012,793,1
c0012,799,1
c0012,800,1
c0012,802,4
c0012,805,2
c0012,806,1
c0012,813,2
c0012,814,1
c0012,815,2
c0012,816,3
c0012,817,2
c0012,818,3
c0012,823,1
c0012,824,2
c0012,829,5
c0012,830,2
c0012,834,1
c0012,839,7
c0012,841,3
c0012,843,1
c0012,844,5
c0012,846,1
c0013,39,1
c0013,45,1
c0013,54,1
c0013,65,1
c0013,83,3
c0013,85,1
c0013,106,1
c0013,117,1
c0013,127,1
c0013,137,1
c0013,140,11
c0013,141,10
c0013,142,5
c0013,143,10
c0013,145,4
c0013,146,3
c0013,147,8
c0013,148,13
c0013,149,4
c0013,150,5
c0013,151,6
c0013,152,4
c0013,153,12
c0013,154,2
c0013,155,3
c0013,156,20
c0013,157,29
c0013,158,6
c0013,159,7
c0013,160,14
c0013,161,11
c0013,162,9
c0013,163,4
c0013,164,1
c0013,165,10
c0013,166,6
c0013,167,3
c0013,168,10
c0013,169,3
c0013,170,7
c0013,171,7
c0013,172,21
c0013,173,7
c0013,174,3
c0013,175,13
c0013,176,2
c0013,177,3
c0013,178,14
c0013,179,14
c0013,180,9
c0013,181,7
c0013,183,11
c0013,184,5
c0013,185,9
c0013,186,7
c0013,187,3
c0013,188,17
c0013,189,9
c0013,190,6
c0013,191,3
c0013,192,4
c0013,193,2
c0013,194,22
c0013,195,8
c0013,196,8
c0013,197,2
c0013,198,10
c0013,199,4
c0013,200,11
c0013,201,11
c0013,202,2
c0013,203,4
c0013,205,1
c0013,206,8
c0013,207,26
c0013,208,8
c0013,209,10
c0013,212,1
c0013,214,4
c0013,229,2
c0013,230,1
c0013,237,2
c0013,250,1
c0013,253,1
c0013,260,1
c0013,267,1
c0013,287,1
c0013,302,1
c0013,303,1
c0013,304,1
c0013,305,3
c0013,306,10
c0013,307,1
c0013,308,7
c0013,309,1
c0013,310,5
c0013,311,1
c0013,312,4
c0013,313,2
c0013,314,1
c0013,315,1
c0013,316,1
c0013,317,2
c0013,318,1
c0013,319,3
c0013,320,3
c0013,321,2
c0013,323,1
c0013,324,4
c0013,325,1
c0013,327,3
c0013,328,2
c0013,332,2
c0013,334,2
c0013,335,1
c0013,336,1
c0013,340,1
c0013,343,2
c0013,344,3
c0013,359,1
c0013,361,2
c0013,381,3
c0013,390,2
c0013,391,1
c0013,392,2
c0013,402,1
c0013,404,1
c0013,405,1
c0013,406,1
c0013,408,4
c0013,410,1
c0013,425,1
c0013,443,1
c0013,447,1
c0013,455,1
c0013,456,1
c0013,466,2
c0013,468,3
c0013,471,1
c0013,473,1
c0013,484,4
c0013,485,1
c0013,495,2
c0013,497,2
c0013,498,1
c0013,509,3
c0013,510,7
c0013,511,5
c0013,512,10
c0013,513,5
c0013,514,1
c0013,516,2
c0013,517,2
c0013,518,2
c0013,520,3
c0013,521,4
c0013,522,2
c0013,523,4
c0013,525,1
c0013,526,4
c0013,528,1
c0013,529,2
c0013,530,2
c0013,531,2
c0013,532,2
c0013,534,6
c0013,535,1
c0013,536,1
c0013,537,5
c0013,547,1
c0013,557,1
c0013,558,1
c0013,560,3
c0013,561,1
c0013,562,2
c0013,564,6
c0013,567,3
c0013,571,4
c0013,572,2
c0013,577,1
c0013,578,1
c0013,581,1
c0013,594,2
c0013,596,3
c0013,597,1
c0013,598,1
c0013,603,1
c0013,604,1
c0013,605,1
c0013,609,1
c0013,611,1
c0013,615,1
c0013,619,1
c0013,620,1
c0013,629,2
c0013,636,2
c0013,641,1
c0013,643,1
c0013,645,1
c0013,660,1
c0013,672,1
c0013,676,1
c0013,677,1
c0013,678,1
c0013,686,3
c0013,692,1
c0013,694,15
c0013,695,15
c0013,697,13
c0013,698,15
c0013,699,29
c0013,700,38
c0013,701,12
c0013,702,19
c0013,703,20
c0013,704,1
c0013,706,10
c0013,707,11
c0013,708,9
c0013,709,20
c0013,710,10
c0013,711,8
c0013,712,3
c0013,713,5
c0013,714,19
c0013,717,1
c0013,718,9
c0013,719,3
c0013,720,19
c0013,721,4
c0013,723,1
c0013,736,1
c0013,752,2
c0013,753,1
c0013,762,1
c0013,763,1
c0013,764,2
c0013,767,1
c0013,768,1
c0013,769,1
c0013,776,1
c0013,779,1
c0013,785,1
c0013,793,1
c0013,794,1
c0013,797,1
c0013,799,1
c0013,802,6
c0013,806,2
c0013,807,1
c0013,821,1
c0013,829,2
c0013,830,4
c0013,831,6
c0013,833,1
c0013,834,2
c0013,835,2
c0013,842,1
c0013,843,3
c0013,844,1
c0014,17,3
c0014,35,1
c0014,45,1
c0014,63,3
c0014,70,1
c0014,97,1
c0014,98,3
c0014,117,6
c0014,118,8
c0014,124,1
c0014,125,1
c0014,127,2
c0014,130,2
c0014,131,1
c0014,139,2
c0014,140,9
c0014,141,5
c0014,142,4
c0014,143,5
c0014,144,1
c0014,146,4
c0014,147,3
c0014,148,9
c0014,149,1
c0014,150,5
c0014,151,5
c0014,152,7
c0014,153,15
c0014,155,3
c0014,156,8
c0014,157,11
c0014,158,8
c0014,159,5
c0014,160,5
c0014,161,6
c0014,162,7
c0014,163,2
c0014,164,4
c0014,165,7
c0014,166,5
c0014,167,2
c0014,168,6
c0014,169,3
c0014,170,8
c0014,171,4
c0014,172,20
c0014,173,2
c0014,174,1
c0014,175,10
c0014,176,4
c0014,177,2
c0014,178,9
c0014,179,2
c0014,180,10
c0014,181,8
c0014,182,2
c0014,183,4
c0014,184,1
c0014,185,6
c0014,186,2
c0014,187,5
c0014,188,9
c0014,189,4
c0014,190,6
c0014,192,2
c0014,193,3
c0014,194,7
c0014,195,4
c0014,196,8
c0014,198,5
c0014,199,7
c0014,200,1
c0014,201,2
c0014,202,2
c0014,203,1
c0014,204,1
c0014,205,1
c0014,206,4
c0014,207,13
c0014,208,5
c0014,209,3
c0014,214,2
c0014,215,1
c0014,217,1
c0014,229,1
c0014,230,1
c0014,238,1
c0014,243,1
c0014,258,1
c0014,260,1
c0014,264,1
c0014,266,1
c0014,267,5
c0014,285,1
c0014,306,1
c0014,307,1
c0014,308,2
c0014,309,1
c0014,311,2
c0014,312,2
c0014,313,1
c0014,314,4
c0014,316,2
c0014,317,2
c0014,319,4
c0014,320,1
c0014,324,4
c0014,325,3
c0014,332,1
c0014,333,1
c0014,337,2
c0014,341,1
c0014,344,1
c0014,345,2
c0014,348,1
c0014,350,1
c0014,354,2
c0014,365,1
c0014,366,1
c0014,370,2
c0014,387,1
c0014,390,27
c0014,391,36
c0014,392,34
c0014,393,1
c0014,394,18
c0014,395,11
c0014,418,2
c0014,423,2
c0014,424,1
c0014,431,1
c0014,437,1
c0014,440,1
c0014,442,2
c0014,450,1
c0014,453,1
c0014,456,3
c0014,466,2
c0014,468,4
c0014,471,2
c0014,472,2
c0014,474,3
c0014,475,1
c0014,477,1
c0014,479,4
c0014,480,3
c0014,481,15
c0014,482,2
c0014,483,1
c0014,484,1
c0014,485,1
c0014,501,1
c0014,502,1
c0014,510,3
c0014,511,4
c0014,512,1
c0014,513,1
c0014,518,1
c0014,520,2
c0014,521,1
c0014,522,3
c0014,525,2
c0014,526,2
c0014,528,1
c0014,532,1
c0014,534,1
c0014,535,1
c0014,536,1
c0014,537,4
c0014,539,1
c0014,541,1
c0014,542,2
c0014,557,2
c0014,558,1
c0014,559,1
c0014,561,1
c0014,564,3
c0014,567,3
c0014,569,1
c0014,571,1
c0014,576,1
c0014,577,2
c0014,580,2
c0014,594,1
c0014,595,3
c0014,597,3
c0014,598,1
c0014,610,2
c0014,611,1
c0014,613,1
c0014,614,2
c0014,615,1
c0014,616,3
c0014,618,2
c0014,623,1
c0014,629,1
c0014,638,1
c0014,640,1
c0014,644,2
c0014,673,1
c0014,677,3
c0014,685,1
c0014,688,1
c0014,694,2
c0014,695,13
c0014,696,2
c0014,697,9
c0014,698,8
c0014,699,7
c0014,700,11
c0014,701,7
c0014,702,11
c0014,703,10
c0014,704,1
c0014,705,1
c0014,706,4
c0014,707,3
c0014,708,4
c0014,709,10
c0014,710,5
c0014,711,9
c0014,712,2
c0014,714,6
c0014,719,10
c0014,720,21
c0014,721,3
c0014,751,3
c0014,752,3
c0014,753,1
c0014,756,1
c0014,761,4
c0014,762,3
c0014,764,2
c0014,771,1
c0014,777,1
c0014,781,1
c0014,782,2
c0014,800,1
c0014,801,1
c0014,802,4
c0014,829,1
c0014,840,1
c0014,841,3
c0014,844,5
c0014,846,3
c0015,3,1
c0015,4,2
c0015,9,2
c0015,15,1
c0015,16,3
c0015,17,2
c0015,24,3
c0015,28,1
c0015,33,6
c0015,35,4
c0015,70,2
c0015,74,3
c0015,85,3
c0015,87,2
c0015,88,2
c0015,93,24
c0015,94,1
c0015,96,20
c0015,97,9
c0015,98,4
c0015,99,2
c0015,100,6
c0015,101,4
c0015,103,33
c0015,105,2
c0015,106,73
c0015,107,9
c0015,108,20
c0015,109,6
c0015,110,102
c0015,111,4
c0015,140,4
c0015,141,2
c0015,142,1
c0015,146,1
c0015,149,7
c0015,153,3
c0015,157,3
c0015,158,2
c0015,160,1
c0015,164,1
c0015,166,1
c0015,167,1
c0015,171,1
c0015,173,1
c0015,176,1
c0015,177,6
c0015,178,2
c0015,183,1
c0015,185,1
c0015,188,2
c0015,189,1
c0015,190,1
c0015,191,2
c0015,192,3
c0015,194,1
c0015,200,2
c0015,201,3
c0015,207,1
c0015,208,2
c0015,210,1
c0015,212,1
c0015,221,2
c0015,232,1
c0015,238,1
c0015,240,17
c0015,241,3
c0015,242,8
c0015,247,1
c0015,250,1
c0015,252,1
c0015,272,1
c0015,274,1
c0015,276,1
c0015,277,1
c0015,286,1
c0015,305,13
c0015,306,29
c0015,307,5
c0015,308,20
c0015,309,28
c0015,310,32
c0015,311,12
c0015,312,23
c0015,313,39
c0015,314,27
c0015,315,4
c0015,316,17
c0015,317,9
c0015,318,17
c0015,319,9
c0015,320,13
c0015,321,3
c0015,322,14
c0015,323,7
c0015,324,16
c0015,325,31
c0015,326,10
c0015,327,7
c0015,328,20
c0015,329,6
c0015,330,12
c0015,331,19
c0015,332,13
c0015,333,7
c0015,334,27
c0015,335,6
c0015,336,17
c0015,337,6
c0015,339,6
c0015,340,17
c0015,342,7
c0015,343,13
c0015,344,13
c0015,345,19
c0015,346,5
c0015,347,6
c0015,349,3
c0015,350,2
c0015,354,17
c0015,356,2
c0015,357,2
c0015,359,9
c0015,360,4
c0015,362,10
c0015,365,1
c0015,368,1
c0015,427,3
c0015,428,1
c0015,429,2
c0015,430,2
c0015,447,1
c0015,461,1
c0015,462,1
c0015,474,1
c0015,478,1
c0015,484,6
c0015,485,5
c0015,486,5
c0015,487,7
c0015,488,2
c0015,489,3
c0015,490,7
c0015,492,3
c0015,493,3
c0015,497,1
c0015,502,1
c0015,509,1
c0015,512,1
c0015,517,1
c0015,529,2
c0015,556,1
c0015,595,1
c0015,630,1
c0015,631,1
c0015,639,2
c0015,650,1
c0015,656,1
c0015,660,4
c0015,663,2
c0015,671,1
c0015,677,2
c0015,686,1
c0015,689,1
c0015,696,2
c0015,702,1
c0015,705,1
c0015,709,1
c0015,710,1
c0015,721,2
c0015,734,1
c0015,735,1
c0015,763,1
c0015,765,3
c0015,768,1
c0015,769,1
c0015,771,4
c0015,774,1
c0015,775,2
c0015,777,1
c0015,781,1
c0015,786,1
c0015,790,1
c0015,791,4
c0015,792,5
c0015,794,2
c0015,799,1
c0015,805,1
c0015,806,3
c0015,807,1
c0015,809,1
c0015,813,3
c0015,815,1
c0015,816,5
c0015,818,3
c0015,829,1
c0015,844,1
c0015,846,2
c0016,0,1
c0016,1,2
c0016,3,1
c0016,4,1
c0016,18,2
c0016,20,3
c0016,33,1
c0016,41,8
c0016,42,9
c0016,43,3
c0016,46,3
c0016,48,1
c0016,50,1
c0016,51,1
c0016,70,1
c0016,71,1
c0016,72,4
c0016,73,5
c0016,75,1
c0016,76,8
c0016,80,22
c0016,81,13
c0016,94,1
c0016,103,1
c0016,105,3
c0016,106,9
c0016,107,1
c0016,112,1
c0016,134,7
c0016,135,7
c0016,136,17
c0016,137,11
c0016,141,28
c0016,143,2
c0016,145,1
c0016,149,1
c0016,152,2
c0016,160,5
c0016,161,6
c0016,162,4
c0016,163,4
c0016,164,3
c0016,166,6
c0016,168,1
c0016,169,5
c0016,170,5
c0016,171,5
c0016,172,4
c0016,173,7
c0016,174,4
c0016,176,4
c0016,177,9
c0016,178,4
c0016,179,3
c0016,180,8
c0016,181,15
c0016,182,7
c0016,183,1
c0016,184,8
c0016,185,3
c0016,186,4
c0016,187,3
c0016,188,3
c0016,189,3
c0016,190,4
c0016,191,5
c0016,192,6
c0016,193,8
c0016,194,6
c0016,195,6
c0016,196,6
c0016,197,3
c0016,198,4
c0016,200,7
c0016,201,1
c0016,202,4
c0016,203,2
c0016,205,3
c0016,206,2
c0016,207,2
c0016,208,5
c0016,209,6
c0016,210,5
c0016,211,8
c0016,212,5
c0016,213,3
c0016,214,3
c0016,215,3
c0016,216,2
c0016,217,37
c0016,218,5
c0016,219,5
c0016,220,3
c0016,221,2
c0016,224,3
c0016,225,3
c0016,226,1
c0016,227,2
c0016,228,9
c0016,230,7
c0016,231,4
c0016,233,3
c0016,234,1
c0016,236,1
c0016,239,1
c0016,240,1
c0016,243,3
c0016,246,1
c0016,250,3
c0016,251,3
c0016,253,2
c0016,254,2
c0016,256,4
c0016,257,1
c0016,258,21
c0016,259,2
c0016,260,8
c0016,266,43
c0016,269,1
c0016,278,4
c0016,279,2
c0016,284,4
c0016,286,5
c0016,288,1
c0016,295,3
c0016,296,6
c0016,297,17
c0016,298,10
c0016,299,5
c0016,300,8
c0016,301,23
c0016,302,14
c0016,303,9
c0016,304,8
c0016,305,27
c0016,306,11
c0016,307,5
c0016,308,4
c0016,311,1
c0016,312,2
c0016,313,3
c0016,314,1
c0016,319,1
c0016,321,1
c0016,331,1
c0016,333,5
c0016,334,57
c0016,335,1
c0016,341,2
c0016,342,6
c0016,343,4
c0016,344,6
c0016,345,3
c0016,349,5
c0016,350,3
c0016,351,3
c0016,352,2
c0016,353,3
c0016,355,2
c0016,356,1
c0016,357,1
c0016,359,1
c0016,361,1
c0016,363,1
c0016,366,1
c0016,368,2
c0016,373,1
c0016,374,1
c0016,375,2
c0016,378,1
c0016,380,1
c0016,382,4
c0016,384,2
c0016,385,2
c0016,392,1
c0016,397,1
c0016,414,1
c0016,424,1
c0016,443,3
c0016,444,5
c0016,445,1
c0016,446,4
c0016,447,19
c0016,448,5
c0016,450,1
c0016,451,2
c0016,458,1
c0016,470,2
c0016,479,2
c0016,481,1
c0016,482,5
c0016,483,1
c0016,487,2
c0016,491,1
c0016,495,2
c0016,498,2
c0016,500,2
c0016,503,1
c0016,504,1
c0016,505,1
c0016,509,2
c0016,510,4
c0016,512,2
c0016,513,2
c0016,515,2
c0016,520,14
c0016,521,3
c0016,522,7
c0016,525,6
c0016,526,2
c0016,527,6
c0016,528,3
c0016,529,5
c0016,535,1
c0016,539,2
c0016,540,1
c0016,541,1
c0016,542,3
c0016,543,2
c0016,544,1
c0016,554,2
c0016,555,2
c0016,557,2
c0016,560,1
c0016,567,2
c0016,568,5
c0016,570,1
c0016,571,7
c0016,572,1
c0016,575,2
c0016,577,3
c0016,578,3
c0016,582,2
c0016,583,2
c0016,585,2
c0016,586,1
c0016,587,2
c0016,588,5
c0016,590,3
c0016,594,1
c0016,595,3
c0016,596,2
c0016,598,1
c0016,600,1
c0016,602,2
c0016,603,3
c0016,604,1
c0016,605,1
c0016,609,1
c0016,612,1
c0016,620,2
c0016,621,1
c0016,626,1
c0016,636,2
c0016,637,5
c0016,638,15
c0016,639,2
c0016,640,6
c0016,641,4
c0016,642,19
c0016,643,13
c0016,644,1
c0016,645,1
c0016,647,1
c0016,651,1
c0016,653,1
c0016,658,3
c0016,660,1
c0016,662,1
c0016,663,1
c0016,664,8
c0016,665,2
c0016,666,3
c0016,667,1
c0016,668,2
c0016,670,1
c0016,672,2
c0016,673,5
c0016,676,4
c0016,677,6
c0016,678,4
c0016,680,9
c0016,681,5
c0016,683,3
c0016,684,1
c0016,686,4
c0016,687,1
c0016,699,1
c0016,701,2
c0016,704,1
c0016,708,3
c0016,710,4
c0016,711,1
c0016,712,2
c0016,714,1
c0016,718,1
c0016,743,3
c0016,744,3
c0016,745,9
c0016,748,10
c0016,749,6
c0016,750,12
c0016,753,1
c0016,756,1
c0016,757,1
c0016,758,3
c0016,761,1
c0016,765,1
c0016,767,1
c0016,768,2
c0016,769,6
c0016,770,4
c0016,771,2
c0016,772,4
c0016,773,4
c0016,774,6
c0016,775,6
c0016,776,7
c0016,777,1
c0016,778,3
c0016,779,1
c0016,780,6
c0016,781,1
c0016,782,1
c0016,784,6
c0016,785,1
c0016,787,7
c0016,789,1
c0016,791,1
c0016,792,3
c0016,793,3
c0016,794,1
c0016,795,3
c0016,801,2
c0016,809,1
c0016,810,10
c0016,813,1
c0016,814,4
c0016,817,3
c0016,823,1
c0016,840,1
c0016,842,1
c0016,861,1
c0016,862,1
c0016,864,1
c0016,871,1
c0016,877,1
c0016,878,1
c0016,884,1
c0016,888,6
c0016,889,15
c0016,890,4
c0016,891,3
c0016,892,2
c0016,896,4
c0016,897,2
c0016,898,3
c0016,904,78
c0016,905,104
c0016,906,168
c0016,913,1
c0016,915,1
c0016,929,2
c0016,932,3
c0017,99,1
c0017,160,1
c0017,161,1
c0017,165,1
c0017,168,2
c0017,169,1
c0017,176,4
c0017,177,2
c0017,178,2
c0017,181,1
c0017,182,3
c0017,186,2
c0017,188,1
c0017,189,2
c0017,191,2
c0017,192,2
c0017,195,1
c0017,198,1
c0017,199,2
c0017,200,2
c0017,208,2
c0017,209,2
c0017,210,1
c0017,214,1
c0017,218,1
c0017,221,1
c0017,230,1
c0017,231,4
c0017,233,1
c0017,243,3
c0017,244,1
c0017,267,1
c0017,297,1
c0017,520,1
c0017,521,1
c0017,522,2
c0017,525,2
c0017,568,1
c0017,581,1
c0017,594,1
c0017,622,1
c0017,623,2
c0017,646,1
c0017,664,2
c0017,665,1
c0017,668,1
c0017,669,1
c0017,670,1
c0017,672,2
c0017,682,1
c0017,684,1
c0017,687,1
c0017,782,1
c0017,857,1
c0017,885,1
c0018,0,9
c0018,2,5
c0018,3,2
c0018,4,1
c0018,7,8
c0018,11,3
c0018,13,4
c0018,16,6
c0018,17,3
c0018,18,1
c0018,21,3
c0018,22,3
c0018,23,4
c0018,24,3
c0018,25,10
c0018,27,1
c0018,29,9
c0018,36,7
c0018,38,5
c0018,39,2
c0018,41,6
c0018,42,8
c0018,43,8
c0018,44,6
c0018,45,1
c0018,46,2
c0018,47,3
c0018,50,4
c0018,51,2
c0018,52,2
c0018,53,2
c0018,54,2
c0018,55,1
c0018,56,1
c0018,57,19
c0018,58,19
c0018,59,7
c0018,60,15
c0018,61,8
c0018,62,1
c0018,63,2
c0018,64,21
c0018,65,2
c0018,66,4
c0018,70,4
c0018,72,24
c0018,73,23
c0018,74,48
c0018,75,29
c0018,76,17
c0018,79,1
c0018,80,11
c0018,81,11
c0018,82,1
c0018,83,1
c0018,84,4
c0018,87,1
c0018,94,8
c0018,95,1
c0018,99,7
c0018,100,1
c0018,101,2
c0018,105,2
c0018,106,1
c0018,110,1
c0018,111,1
c0018,112,3
c0018,114,1
c0018,115,2
c0018,116,1
c0018,119,1
c0018,121,1
c0018,122,13
c0018,123,2
c0018,124,1
c0018,126,8
c0018,129,12
c0018,130,10
c0018,131,3
c0018,132,6
c0018,133,1
c0018,135,1
c0018,136,1
c0018,138,2
c0018,141,3
c0018,144,33
c0018,145,62
c0018,146,12
c0018,147,5
c0018,148,2
c0018,151,5
c0018,157,1
c0018,159,1
c0018,160,13
c0018,161,12
c0018,162,16
c0018,163,1
c0018,164,1
c0018,165,3
c0018,166,17
c0018,167,4
c0018,168,14
c0018,169,18
c0018,170,13
c0018,171,12
c0018,172,8
c0018,173,10
c0018,174,3
c0018,175,2
c0018,176,10
c0018,177,8
c0018,178,13
c0018,179,8
c0018,180,11
c0018,181,6
c0018,182,5
c0018,183,5
c0018,184,10
c0018,185,13
c0018,186,18
c0018,187,8
c0018,188,10
c0018,189,14
c0018,190,4
c0018,191,4
c0018,192,13
c0018,193,6
c0018,194,9
c0018,195,11
c0018,196,14
c0018,197,10
c0018,198,7
c0018,199,5
c0018,200,13
c0018,201,12
c0018,202,1
c0018,203,8
c0018,204,7
c0018,205,3
c0018,206,4
c0018,207,6
c0018,208,21
c0018,209,8
c0018,210,8
c0018,211,11
c0018,212,12
c0018,213,8
c0018,214,11
c0018,215,10
c0018,216,16
c0018,217,4
c0018,218,7
c0018,219,14
c0018,220,7
c0018,221,13
c0018,223,2
c0018,224,15
c0018,225,6
c0018,226,3
c0018,227,3
c0018,228,20
c0018,229,1
c0018,230,9
c0018,231,10
c0018,232,2
c0018,233,5
c0018,234,1
c0018,235,7
c0018,236,4
c0018,237,1
c0018,238,3
c0018,239,1
c0018,242,2
c0018,243,1
c0018,245,1
c0018,246,1
c0018,249,1
c0018,252,4
c0018,253,6
c0018,254,7
c0018,255,5
c0018,256,11
c0018,258,17
c0018,259,6
c0018,260,8
c0018,261,4
c0018,262,10
c0018,263,4
c0018,264,5
c0018,265,2
c0018,267,1
c0018,268,1
c0018,270,3
c0018,271,4
c0018,272,2
c0018,275,2
c0018,278,2
c0018,279,1
c0018,281,11
c0018,283,23
c0018,284,1
c0018,285,2
c0018,287,2
c0018,289,3
c0018,290,24
c0018,291,2
c0018,292,16
c0018,293,25
c0018,296,1
c0018,297,1
c0018,299,18
c0018,300,13
c0018,301,2
c0018,302,2
c0018,303,2
c0018,304,2
c0018,306,3
c0018,308,1
c0018,309,2
c0018,310,1
c0018,311,43
c0018,312,42
c0018,313,12
c0018,314,19
c0018,315,9
c0018,316,6
c0018,317,2
c0018,318,7
c0018,321,3
c0018,322,2
c0018,323,10
c0018,324,13
c0018,327,4
c0018,328,1
c0018,329,8
c0018,330,3
c0018,331,3
c0018,333,5
c0018,334,1
c0018,335,1
c0018,337,1
c0018,338,2
c0018,339,2
c0018,341,3
c0018,342,5
c0018,343,7
c0018,344,15
c0018,345,1
c0018,346,3
c0018,347,4
c0018,348,11
c0018,349,12
c0018,350,3
c0018,351,10
c0018,352,6
c0018,353,6
c0018,354,14
c0018,355,8
c0018,356,2
c0018,357,8
c0018,358,1
c0018,359,3
c0018,360,11
c0018,361,3
c0018,362,4
c0018,363,3
c0018,364,5
c0018,365,4
c0018,366,1
c0018,367,7
c0018,368,8
c0018,369,2
c0018,370,4
c0018,371,1
c0018,372,5
c0018,374,1
c0018,375,4
c0018,376,6
c0018,377,10
c0018,378,1
c0018,379,4
c0018,380,4
c0018,382,6
c0018,383,5
c0018,384,2
c0018,385,2
c0018,386,4
c0018,387,6
c0018,388,5
c0018,392,6
c0018,393,1
c0018,396,1
c0018,397,2
c0018,398,4
c0018,399,2
c0018,400,1
c0018,401,1
c0018,403,3
c0018,405,2
c0018,408,6
c0018,409,3
c0018,411,1
c0018,413,16
c0018,414,4
c0018,415,7
c0018,416,11
c0018,417,6
c0018,418,2
c0018,419,15
c0018,421,1
c0018,423,17
c0018,424,7
c0018,425,11
c0018,428,7
c0018,430,1
c0018,432,3
c0018,436,9
c0018,437,5
c0018,438,6
c0018,440,5
c0018,441,2
c0018,443,19
c0018,444,14
c0018,446,4
c0018,447,8
c0018,448,10
c0018,450,44
c0018,451,29
c0018,452,2
c0018,453,3
c0018,455,1
c0018,456,1
c0018,458,1
c0018,459,1
c0018,464,5
c0018,465,8
c0018,467,41
c0018,468,30
c0018,469,8
c0018,470,30
c0018,471,14
c0018,472,11
c0018,473,3
c0018,474,2
c0018,476,3
c0018,483,5
c0018,484,1
c0018,487,1
c0018,489,6
c0018,493,1
c0018,494,3
c0018,496,2
c0018,497,7
c0018,498,12
c0018,500,4
c0018,501,1
c0018,504,1
c0018,505,1
c0018,507,4
c0018,508,2
c0018,509,2
c0018,511,3
c0018,513,1
c0018,515,1
c0018,516,1
c0018,518,91
c0018,519,80
c0018,520,11
c0018,521,21
c0018,522,12
c0018,525,7
c0018,526,1
c0018,527,2
c0018,528,7
c0018,529,4
c0018,530,6
c0018,531,5
c0018,532,20
c0018,533,29
c0018,534,2
c0018,535,13
c0018,537,22
c0018,538,8
c0018,539,30
c0018,540,8
c0018,541,8
c0018,543,2
c0018,545,6
c0018,546,1
c0018,548,2
c0018,551,1
c0018,553,30
c0018,554,31
c0018,555,25
c0018,556,25
c0018,557,20
c0018,558,26
c0018,559,39
c0018,560,8
c0018,561,3
c0018,563,33
c0018,565,26
c0018,567,16
c0018,568,7
c0018,569,1
c0018,570,2
c0018,571,7
c0018,572,6
c0018,573,1
c0018,575,4
c0018,577,2
c0018,578,8
c0018,579,6
c0018,580,5
c0018,581,9
c0018,582,3
c0018,583,2
c0018,584,5
c0018,585,2
c0018,586,7
c0018,587,3
c0018,588,8
c0018,589,6
c0018,590,2
c0018,591,2
c0018,592,5
c0018,593,2
c0018,594,8
c0018,595,4
c0018,596,3
c0018,598,1
c0018,599,1
c0018,600,3
c0018,601,1
c0018,602,1
c0018,603,1
c0018,604,1
c0018,605,4
c0018,606,4
c0018,609,1
c0018,613,2
c0018,616,2
c0018,620,1
c0018,621,2
c0018,622,1
c0018,623,1
c0018,624,4
c0018,625,6
c0018,626,6
c0018,627,4
c0018,628,2
c0018,629,3
c0018,630,1
c0018,631,8
c0018,632,2
c0018,633,10
c0018,634,6
c0018,635,2
c0018,637,5
c0018,638,2
c0018,640,2
c0018,641,1
c0018,642,2
c0018,644,10
c0018,645,24
c0018,646,6
c0018,647,22
c0018,648,3
c0018,650,17
c0018,651,8
c0018,652,14
c0018,653,5
c0018,658,2
c0018,660,6
c0018,661,6
c0018,662,5
c0018,663,6
c0018,664,12
c0018,665,4
c0018,666,6
c0018,667,1
c0018,668,5
c0018,669,11
c0018,670,1
c0018,671,2
c0018,672,7
c0018,673,4
c0018,674,2
c0018,676,6
c0018,677,12
c0018,678,2
c0018,679,3
c0018,680,9
c0018,681,9
c0018,682,5
c0018,683,5
c0018,684,4
c0018,685,5
c0018,686,3
c0018,687,11
c0018,688,5
c0018,689,6
c0018,690,7
c0018,692,14
c0018,694,14
c0018,695,6
c0018,696,6
c0018,699,2
c0018,701,4
c0018,703,1
c0018,704,4
c0018,709,2
c0018,710,1
c0018,711,2
c0018,712,2
c0018,715,9
c0018,718,1
c0018,727,2
c0018,729,1
c0018,731,5
c0018,732,3
c0018,743,9
c0018,744,13
c0018,745,15
c0018,746,6
c0018,748,3
c0018,749,2
c0018,754,1
c0018,756,2
c0018,757,5
c0018,758,16
c0018,759,1
c0018,760,13
c0018,761,10
c0018,762,3
c0018,763,1
c0018,764,14
c0018,765,5
c0018,766,2
c0018,767,2
c0018,768,7
c0018,769,27
c0018,770,1
c0018,771,4
c0018,772,4
c0018,773,4
c0018,774,12
c0018,775,6
c0018,776,6
c0018,778,16
c0018,779,1
c0018,780,1
c0018,781,4
c0018,782,5
c0018,783,1
c0018,785,2
c0018,786,3
c0018,787,1
c0018,789,1
c0018,792,2
c0018,793,3
c0018,794,11
c0018,795,2
c0018,796,2
c0018,804,1
c0018,808,5
c0018,809,2
c0018,810,9
c0018,811,15
c0018,812,2
c0018,813,3
c0018,814,9
c0018,815,2
c0018,817,2
c0018,818,3
c0018,819,2
c0018,820,4
c0018,822,3
c0018,823,8
c0018,824,5
c0018,827,1
c0018,830,1
c0018,835,5
c0018,838,14
c0018,839,7
c0018,840,14
c0018,841,9
c0018,842,8
c0018,843,3
c0018,844,8
c0018,845,18
c0018,846,8
c0018,847,60
c0018,848,29
c0018,849,8
c0018,850,2
c0018,851,1
c0018,852,21
c0018,855,21
c0018,856,12
c0018,857,29
c0018,858,12
c0018,859,67
c0018,860,12
c0018,861,14
c0018,862,7
c0018,863,8
c0018,864,15
c0018,865,4
c0018,866,15
c0018,867,3
c0018,868,1
c0018,874,1
c0018,875,2
c0018,880,2
c0018,881,1
c0018,882,2
c0018,883,2
c0018,884,2
c0018,885,3
c0018,888,6
c0018,889,5
c0018,890,1
c0018,892,10
c0018,896,2
c0018,899,1
c0018,902,1
c0018,904,1
c0018,905,5
c0018,906,3
c0018,907,5
c0018,908,10
c0018,910,14
c0018,913,5
c0018,914,9
c0018,915,15
c0018,916,2
c0018,917,3
c0018,918,10
c0018,919,14
c0018,920,4
c0018,922,2
c0018,923,5
c0018,924,3
c0018,925,8
c0018,926,6
c0018,927,6
c0018,928,8
c0018,929,6
c0018,930,28
c0018,931,17
c0018,932,29
c0019,3,6
c0019,4,2
c0019,5,3
c0019,6,2
c0019,8,1
c0019,13,12
c0019,16,5
c0019,17,1
c0019,18,7
c0019,19,4
c0019,21,7
c0019,22,2
c0019,23,5
c0019,24,3
c0019,25,1
c0019,27,4
c0019,31,3
c0019,32,4
c0019,33,1
c0019,35,1
c0019,36,13
c0019,37,2
c0019,38,7
c0019,43,2
c0019,44,1
c0019,46,1
c0019,47,3
c0019,48,2
c0019,50,1
c0019,52,1
c0019,57,2
c0019,66,1
c0019,70,3
c0019,71,1
c0019,72,2
c0019,74,1
c0019,75,1
c0019,84,4
c0019,85,4
c0019,94,1
c0019,95,4
c0019,100,1
c0019,102,1
c0019,106,2
c0019,107,1
c0019,108,9
c0019,109,6
c0019,110,16
c0019,111,3
c0019,112,3
c0019,113,8
c0019,114,2
c0019,115,3
c0019,116,1
c0019,117,1
c0019,121,1
c0019,122,2
c0019,126,2
c0019,129,2
c0019,130,3
c0019,132,8
c0019,136,1
c0019,137,2
c0019,141,1
c0019,143,1
c0019,144,1
c0019,147,2
c0019,148,1
c0019,151,2
c0019,155,1
c0019,161,2
c0019,162,3
c0019,163,1
c0019,166,2
c0019,168,3
c0019,169,3
c0019,170,1
c0019,171,4
c0019,172,2
c0019,173,2
c0019,176,1
c0019,177,5
c0019,179,5
c0019,180,2
c0019,181,4
c0019,182,2
c0019,183,6
c0019,184,2
c0019,185,1
c0019,186,1
c0019,187,1
c0019,188,3
c0019,189,2
c0019,190,1
c0019,191,1
c0019,192,3
c0019,193,3
c0019,194,2
c0019,195,1
c0019,197,1
c0019,198,3
c0019,199,1
c0019,200,3
c0019,201,4
c0019,203,1
c0019,205,3
c0019,206,1
c0019,207,2
c0019,208,3
c0019,210,2
c0019,211,2
c0019,212,1
c0019,213,1
c0019,214,1
c0019,215,1
c0019,216,1
c0019,217,4
c0019,218,4
c0019,219,4
c0019,220,3
c0019,224,1
c0019,227,2
c0019,228,3
c0019,230,1
c0019,231,3
c0019,233,1
c0019,235,1
c0019,236,1
c0019,239,1
c0019,243,2
c0019,246,1
c0019,249,1
c0019,252,1
c0019,253,2
c0019,255,1
c0019,256,1
c0019,265,1
c0019,268,1
c0019,270,4
c0019,271,3
c0019,282,1
c0019,283,4
c0019,286,10
c0019,297,1
c0019,301,1
c0019,302,1
c0019,303,1
c0019,305,1
c0019,306,1
c0019,309,3
c0019,310,1
c0019,311,3
c0019,312,2
c0019,316,8
c0019,317,8
c0019,318,3
c0019,320,3
c0019,321,4
c0019,323,1
c0019,326,1
c0019,329,3
c0019,341,1
c0019,342,1
c0019,346,1
c0019,348,8
c0019,349,30
c0019,350,7
c0019,351,17
c0019,352,33
c0019,353,31
c0019,354,14
c0019,355,20
c0019,356,25
c0019,357,17
c0019,358,2
c0019,359,9
c0019,360,17
c0019,361,14
c0019,362,9
c0019,363,16
c0019,364,8
c0019,365,14
c0019,366,17
c0019,367,16
c0019,368,5
c0019,369,12
c0019,370,8
c0019,371,14
c0019,372,4
c0019,373,24
c0019,374,8
c0019,375,19
c0019,376,14
c0019,377,15
c0019,378,13
c0019,379,17
c0019,380,11
c0019,382,8
c0019,383,35
c0019,384,5
c0019,385,2
c0019,386,19
c0019,387,9
c0019,388,18
c0019,390,9
c0019,391,3
c0019,392,9
c0019,394,2
c0019,396,2
c0019,397,5
c0019,398,8
c0019,399,2
c0019,400,1
c0019,401,2
c0019,402,1
c0019,403,15
c0019,404,2
c0019,405,4
c0019,406,2
c0019,408,6
c0019,409,6
c0019,410,6
c0019,411,18
c0019,412,1
c0019,417,2
c0019,430,7
c0019,432,1
c0019,436,3
c0019,438,2
c0019,443,2
c0019,444,5
c0019,448,1
c0019,453,2
c0019,464,7
c0019,465,5
c0019,467,2
c0019,468,5
c0019,469,1
c0019,470,1
c0019,472,1
c0019,474,1
c0019,481,1
c0019,483,4
c0019,484,10
c0019,485,1
c0019,486,5
c0019,487,8
c0019,488,1
c0019,491,1
c0019,497,1
c0019,501,1
c0019,505,1
c0019,506,2
c0019,507,2
c0019,509,1
c0019,510,3
c0019,511,2
c0019,512,3
c0019,513,2
c0019,514,2
c0019,516,2
c0019,522,1
c0019,524,1
c0019,530,1
c0019,533,1
c0019,537,1
c0019,547,2
c0019,548,3
c0019,551,3
c0019,556,1
c0019,557,1
c0019,558,3
c0019,559,2
c0019,565,1
c0019,567,2
c0019,569,2
c0019,570,1
c0019,571,3
c0019,572,3
c0019,573,1
c0019,576,2
c0019,578,1
c0019,579,2
c0019,580,1
c0019,582,1
c0019,585,1
c0019,586,2
c0019,588,1
c0019,589,3
c0019,593,2
c0019,594,2
c0019,595,2
c0019,596,1
c0019,602,1
c0019,603,1
c0019,604,1
c0019,605,7
c0019,606,10
c0019,608,3
c0019,609,7
c0019,611,1
c0019,612,19
c0019,613,18
c0019,614,1
c0019,615,13
c0019,616,14
c0019,617,1
c0019,626,1
c0019,627,1
c0019,629,3
c0019,632,2
c0019,633,8
c0019,634,5
c0019,635,1
c0019,636,3
c0019,637,1
c0019,638,4
c0019,646,3
c0019,648,1
c0019,650,1
c0019,653,2
c0019,661,1
c0019,668,1
c0019,669,1
c0019,672,1
c0019,674,1
c0019,677,1
c0019,681,1
c0019,682,1
c0019,685,1
c0019,687,3
c0019,689,2
c0019,690,3
c0019,691,2
c0019,694,3
c0019,696,1
c0019,699,3
c0019,701,1
c0019,703,1
c0019,704,1
c0019,708,2
c0019,709,3
c0019,710,7
c0019,711,2
c0019,712,3
c0019,714,4
c0019,715,2
c0019,719,2
c0019,721,1
c0019,723,1
c0019,725,1
c0019,728,1
c0019,731,7
c0019,732,3
c0019,735,8
c0019,740,2
c0019,742,1
c0019,743,4
c0019,767,4
c0019,770,2
c0019,771,4
c0019,772,5
c0019,773,2
c0019,774,1
c0019,775,1
c0019,776,4
c0019,778,1
c0019,779,6
c0019,781,1
c0019,782,1
c0019,784,3
c0019,785,5
c0019,786,1
c0019,787,7
c0019,794,2
c0019,796,1
c0019,799,1
c0019,804,2
c0019,810,7
c0019,812,2
c0019,814,7
c0019,815,1
c0019,817,4
c0019,818,1
c0019,820,1
c0019,823,1
c0019,824,2
c0019,826,2
c0019,828,1
c0019,838,1
c0019,839,1
c0019,841,1
c0019,842,1
c0019,847,1
c0019,849,2
c0019,855,1
c0019,859,2
c0019,860,1
c0019,861,1
c0019,862,3
c0019,863,1
c0019,864,1
c0019,866,1
c0019,870,1
c0019,871,1
c0019,873,1
c0019,874,13
c0019,875,12
c0019,876,3
c0019,877,5
c0019,878,1
c0019,879,6
c0019,880,6
c0019,881,5
c0019,882,6
c0019,883,7
c0019,888,10
c0019,889,14
c0019,890,4
c0019,891,2
c0019,892,4
c0019,895,1
c0019,896,1
c0019,897,2
c0019,898,1
c0019,899,1
c0019,900,1
c0019,901,3
c0019,902,4
c0019,907,2
c0019,910,1
c0019,911,1
c0019,914,2
c0019,915,2
c0019,918,1
c0019,919,4
c0019,925,4
c0019,929,1
c0020,0,1
c0020,25,1
c0020,32,2
c0020,39,1
c0020,41,1
c0020,42,2
c0020,44,2
c0020,55,1
c0020,59,2
c0020,60,7
c0020,78,1
c0020,80,1
c0020,87,1
c0020,92,1
c0020,94,1
c0020,106,2
c0020,112,2
c0020,117,1
c0020,121,1
c0020,136,1
c0020,139,1
c0020,141,1
c0020,143,3
c0020,151,3
c0020,152,1
c0020,159,1
c0020,160,15
c0020,161,9
c0020,162,2
c0020,163,14
c0020,164,1
c0020,165,1
c0020,166,6
c0020,167,6
c0020,168,9
c0020,169,6
c0020,170,3
c0020,171,11
c0020,172,5
c0020,173,15
c0020,174,2
c0020,175,1
c0020,176,17
c0020,177,24
c0020,178,20
c0020,179,3
c0020,180,6
c0020,181,9
c0020,182,14
c0020,183,9
c0020,184,3
c0020,185,7
c0020,186,7
c0020,187,5
c0020,188,16
c0020,189,11
c0020,190,11
c0020,191,5
c0020,192,16
c0020,193,4
c0020,194,3
c0020,195,24
c0020,196,2
c0020,197,1
c0020,198,7
c0020,199,15
c0020,200,3
c0020,201,14
c0020,203,4
c0020,204,9
c0020,205,9
c0020,206,3
c0020,207,8
c0020,208,28
c0020,209,11
c0020,210,14
c0020,211,4
c0020,212,5
c0020,213,4
c0020,214,9
c0020,215,8
c0020,216,14
c0020,218,7
c0020,219,2
c0020,220,7
c0020,221,4
c0020,222,7
c0020,223,3
c0020,224,3
c0020,227,2
c0020,228,23
c0020,229,1
c0020,230,6
c0020,231,3
c0020,232,2
c0020,233,5
c0020,234,3
c0020,235,3
c0020,236,4
c0020,239,1
c0020,240,3
c0020,242,1
c0020,243,11
c0020,244,5
c0020,246,3
c0020,247,5
c0020,253,1
c0020,262,1
c0020,273,1
c0020,284,4
c0020,295,1
c0020,301,1
c0020,308,1
c0020,314,1
c0020,316,1
c0020,321,2
c0020,331,1
c0020,348,1
c0020,349,5
c0020,350,1
c0020,351,2
c0020,353,2
c0020,354,4
c0020,355,3
c0020,356,1
c0020,357,4
c0020,359,1
c0020,360,5
c0020,364,3
c0020,365,1
c0020,366,2
c0020,371,1
c0020,375,1
c0020,378,1
c0020,379,1
c0020,380,1
c0020,384,1
c0020,387,2
c0020,388,3
c0020,390,2
c0020,403,1
c0020,408,3
c0020,409,3
c0020,415,3
c0020,417,1
c0020,457,1
c0020,458,1
c0020,464,4
c0020,465,1
c0020,470,2
c0020,479,3
c0020,483,1
c0020,488,2
c0020,493,1
c0020,497,1
c0020,505,1
c0020,506,1
c0020,508,2
c0020,512,1
c0020,519,1
c0020,526,1
c0020,531,1
c0020,532,1
c0020,534,1
c0020,539,1
c0020,543,1
c0020,545,1
c0020,555,3
c0020,556,1
c0020,568,3
c0020,571,6
c0020,572,2
c0020,573,1
c0020,581,2
c0020,582,1
c0020,583,2
c0020,585,1
c0020,588,1
c0020,590,3
c0020,591,2
c0020,595,1
c0020,596,2
c0020,598,1
c0020,602,1
c0020,603,1
c0020,604,1
c0020,606,1
c0020,623,2
c0020,624,1
c0020,625,1
c0020,626,1
c0020,627,1
c0020,633,3
c0020,634,2
c0020,636,1
c0020,637,1
c0020,638,2
c0020,660,1
c0020,661,2
c0020,662,1
c0020,663,1
c0020,664,1
c0020,667,1
c0020,669,1
c0020,676,1
c0020,678,1
c0020,679,1
c0020,680,2
c0020,682,1
c0020,687,2
c0020,689,1
c0020,699,1
c0020,700,1
c0020,709,2
c0020,713,1
c0020,715,1
c0020,723,1
c0020,728,1
c0020,731,1
c0020,758,1
c0020,770,1
c0020,771,2
c0020,772,8
c0020,773,1
c0020,776,4
c0020,778,1
c0020,779,1
c0020,782,4
c0020,786,1
c0020,787,2
c0020,792,4
c0020,794,2
c0020,798,1
c0020,799,1
c0020,811,1
c0020,820,2
c0020,823,2
c0020,834,1
c0020,846,1
c0020,857,1
c0020,858,1
c0020,861,3
c0020,862,2
c0020,863,1
c0020,870,1
c0020,874,1
c0020,875,1
c0020,877,1
c0020,879,1
c0020,880,1
c0020,882,1
c0020,884,1
c0020,889,1
c0020,890,2
c0020,897,1
c0020,913,3
c0020,914,2
c0020,915,3
c0020,918,3
c0020,927,1
c0020,928,1
c0020,929,1
c0020,930,1
c0021,2,1
c0021,3,8
c0021,6,1
c0021,7,1
c0021,8,2
c0021,13,2
c0021,16,3
c0021,17,1
c0021,18,3
c0021,19,2
c0021,23,3
c0021,24,4
c0021,25,60
c0021,27,2
c0021,29,17
c0021,30,4
c0021,31,21
c0021,32,4
c0021,33,11
c0021,36,2
c0021,38,4
c0021,39,3
c0021,41,1
c0021,42,1
c0021,43,3
c0021,44,4
c0021,46,1
c0021,48,5
c0021,49,2
c0021,50,3
c0021,52,1
c0021,53,1
c0021,55,1
c0021,56,6
c0021,57,43
c0021,58,6
c0021,59,7
c0021,60,5
c0021,61,1
c0021,62,2
c0021,64,19
c0021,66,6
c0021,68,59
c0021,69,11
c0021,70,1
c0021,73,2
c0021,74,1
c0021,75,3
c0021,76,4
c0021,80,12
c0021,81,2
c0021,82,2
c0021,83,3
c0021,84,3
c0021,85,2
c0021,86,1
c0021,87,2
c0021,88,1
c0021,94,26
c0021,95,14
c0021,96,1
c0021,97,4
c0021,99,15
c0021,100,2
c0021,101,7
c0021,102,1
c0021,103,2
c0021,104,1
c0021,105,4
c0021,106,3
c0021,108,2
c0021,109,1
c0021,111,3
c0021,112,5
c0021,113,5
c0021,114,1
c0021,115,6
c0021,116,5
c0021,117,2
c0021,118,2
c0021,119,2
c0021,121,4
c0021,122,9
c0021,126,11
c0021,129,6
c0021,130,6
c0021,134,1
c0021,135,2
c0021,136,3
c0021,137,3
c0021,138,1
c0021,139,5
c0021,140,1
c0021,141,4
c0021,143,3
c0021,145,1
c0021,146,3
c0021,147,6
c0021,149,3
c0021,150,2
c0021,151,16
c0021,152,4
c0021,153,8
c0021,154,2
c0021,155,15
c0021,156,3
c0021,159,2
c0021,160,15
c0021,161,33
c0021,162,27
c0021,163,4
c0021,164,1
c0021,165,14
c0021,166,20
c0021,167,10
c0021,168,13
c0021,169,17
c0021,170,15
c0021,171,10
c0021,172,16
c0021,173,9
c0021,174,7
c0021,175,9
c0021,176,24
c0021,177,21
c0021,178,16
c0021,179,21
c0021,180,6
c0021,181,18
c0021,182,12
c0021,183,5
c0021,184,10
c0021,185,8
c0021,186,13
c0021,187,8
c0021,188,22
c0021,189,36
c0021,190,6
c0021,191,5
c0021,192,25
c0021,193,32
c0021,194,15
c0021,195,14
c0021,196,12
c0021,197,14
c0021,198,13
c0021,199,15
c0021,200,11
c0021,201,21
c0021,202,2
c0021,203,22
c0021,204,5
c0021,205,7
c0021,206,10
c0021,207,9
c0021,208,31
c0021,209,7
c0021,210,14
c0021,211,22
c0021,212,41
c0021,213,18
c0021,214,13
c0021,215,8
c0021,216,8
c0021,217,5
c0021,218,12
c0021,219,33
c0021,220,10
c0021,221,23
c0021,222,1
c0021,223,9
c0021,224,16
c0021,225,8
c0021,226,14
c0021,227,9
c0021,228,17
c0021,230,12
c0021,231,19
c0021,232,7
c0021,233,13
c0021,234,4
c0021,235,8
c0021,236,21
c0021,237,4
c0021,238,8
c0021,239,5
c0021,240,8
c0021,241,1
c0021,242,11
c0021,243,9
c0021,244,2
c0021,245,4
c0021,246,3
c0021,248,5
c0021,249,5
c0021,250,19
c0021,251,9
c0021,253,2
c0021,254,1
c0021,255,6
c0021,260,2
c0021,261,4
c0021,262,3
c0021,263,26
c0021,266,3
c0021,267,6
c0021,268,48
c0021,269,41
c0021,271,1
c0021,272,2
c0021,273,2
c0021,274,4
c0021,275,5
c0021,278,19
c0021,279,13
c0021,280,4
c0021,281,1
c0021,283,2
c0021,284,1
c0021,285,1
c0021,288,2
c0021,289,3
c0021,290,11
c0021,291,3
c0021,292,10
c0021,293,7
c0021,294,2
c0021,295,2
c0021,296,1
c0021,297,1
c0021,299,31
c0021,300,21
c0021,301,2
c0021,302,4
c0021,303,2
c0021,304,3
c0021,305,3
c0021,306,1
c0021,311,2
c0021,312,5
c0021,313,3
c0021,314,1
c0021,315,1
c0021,316,12
c0021,317,4
c0021,318,18
c0021,320,20
c0021,321,4
c0021,322,1
c0021,327,1
c0021,329,9
c0021,330,14
c0021,331,1
c0021,332,27
c0021,333,5
c0021,334,8
c0021,336,1
c0021,343,1
c0021,344,1
c0021,346,15
c0021,347,13
c0021,348,14
c0021,349,12
c0021,350,6
c0021,351,5
c0021,352,5
c0021,353,13
c0021,354,12
c0021,355,17
c0021,356,6
c0021,357,10
c0021,358,1
c0021,359,8
c0021,360,19
c0021,361,6
c0021,362,16
c0021,363,12
c0021,364,6
c0021,365,8
c0021,366,4
c0021,367,32
c0021,368,5
c0021,369,9
c0021,370,5
c0021,371,6
c0021,372,11
c0021,373,8
c0021,374,28
c0021,375,7
c0021,376,4
c0021,377,14
c0021,378,8
c0021,379,10
c0021,380,8
c0021,382,6
c0021,383,13
c0021,384,4
c0021,385,3
c0021,386,9
c0021,387,15
c0021,388,20
c0021,390,5
c0021,391,1
c0021,392,10
c0021,393,3
c0021,394,2
c0021,396,3
c0021,397,5
c0021,398,7
c0021,399,1
c0021,400,2
c0021,403,6
c0021,404,7
c0021,405,2
c0021,406,1
c0021,407,7
c0021,408,7
c0021,409,4
c0021,410,1
c0021,411,4
c0021,412,2
c0021,413,17
c0021,414,11
c0021,415,9
c0021,416,13
c0021,417,8
c0021,418,3
c0021,421,18
c0021,422,1
c0021,423,11
c0021,424,3
c0021,425,21
c0021,426,2
c0021,427,1
c0021,428,6
c0021,430,2
c0021,431,2
c0021,432,1
c0021,433,2
c0021,436,15
c0021,437,16
c0021,438,8
c0021,439,2
c0021,440,11
c0021,441,2
c0021,442,2
c0021,444,1
c0021,446,4
c0021,447,7
c0021,448,2
c0021,450,2
c0021,451,3
c0021,452,4
c0021,453,4
c0021,454,1
c0021,455,3
c0021,456,1
c0021,457,2
c0021,458,2
c0021,464,10
c0021,465,12
c0021,467,14
c0021,468,6
c0021,469,7
c0021,470,8
c0021,471,2
c0021,472,11
c0021,474,3
c0021,476,2
c0021,479,2
c0021,481,4
c0021,482,3
c0021,483,3
c0021,484,2
c0021,485,1
c0021,488,4
c0021,490,2
c0021,491,1
c0021,493,8
c0021,496,5
c0021,497,2
c0021,498,5
c0021,499,1
c0021,500,2
c0021,501,9
c0021,502,11
c0021,503,9
c0021,504,5
c0021,505,5
c0021,506,7
c0021,507,8
c0021,508,27
c0021,509,7
c0021,510,15
c0021,511,9
c0021,512,11
c0021,513,9
c0021,514,4
c0021,515,2
c0021,516,7
c0021,517,18
c0021,518,1
c0021,519,1
c0021,520,29
c0021,521,18
c0021,522,21
c0021,524,6
c0021,525,23
c0021,526,1
c0021,527,4
c0021,528,5
c0021,529,3
c0021,530,2
c0021,531,3
c0021,532,4
c0021,533,3
c0021,534,3
c0021,535,1
c0021,537,2
c0021,538,4
c0021,539,9
c0021,540,1
c0021,542,12
c0021,543,10
c0021,544,10
c0021,545,4
c0021,546,1
c0021,548,1
c0021,553,1
c0021,555,3
c0021,556,1
c0021,557,2
c0021,558,4
c0021,561,1
c0021,563,2
c0021,565,3
c0021,566,1
c0021,567,2
c0021,568,9
c0021,569,8
c0021,570,12
c0021,571,24
c0021,572,21
c0021,573,3
c0021,574,1
c0021,575,3
c0021,576,2
c0021,577,1
c0021,578,5
c0021,579,1
c0021,580,2
c0021,581,7
c0021,582,7
c0021,583,13
c0021,585,14
c0021,586,9
c0021,587,2
c0021,588,11
c0021,589,8
c0021,590,9
c0021,591,7
c0021,592,4
c0021,593,2
c0021,594,10
c0021,595,3
c0021,596,12
c0021,598,3
c0021,599,2
c0021,600,5
c0021,601,6
c0021,602,7
c0021,603,6
c0021,604,8
c0021,605,1
c0021,606,1
c0021,608,1
c0021,609,1
c0021,610,1
c0021,613,1
c0021,614,2
c0021,616,1
c0021,618,1
c0021,620,1
c0021,622,3
c0021,623,5
c0021,624,7
c0021,625,1
c0021,626,4
c0021,627,3
c0021,628,1
c0021,629,3
c0021,630,1
c0021,631,1
c0021,632,1
c0021,633,9
c0021,634,9
c0021,635,5
c0021,636,2
c0021,637,6
c0021,638,7
c0021,640,4
c0021,641,4
c0021,642,2
c0021,644,1
c0021,645,1
c0021,653,4
c0021,655,1
c0021,656,1
c0021,658,6
c0021,660,2
c0021,662,1
c0021,663,3
c0021,664,2
c0021,665,3
c0021,666,4
c0021,670,3
c0021,671,3
c0021,672,3
c0021,673,5
c0021,676,2
c0021,678,7
c0021,680,7
c0021,681,1
c0021,682,1
c0021,683,8
c0021,684,1
c0021,686,3
c0021,687,4
c0021,688,1
c0021,689,3
c0021,690,4
c0021,691,1
c0021,694,1
c0021,695,8
c0021,696,2
c0021,699,6
c0021,700,4
c0021,701,9
c0021,703,1
c0021,704,13
c0021,706,8
c0021,708,11
c0021,709,16
c0021,711,2
c0021,712,2
c0021,713,1
c0021,715,2
c0021,717,1
c0021,723,2
c0021,724,1
c0021,729,2
c0021,731,3
c0021,732,3
c0021,735,2
c0021,737,3
c0021,740,1
c0021,742,5
c0021,748,2
c0021,749,4
c0021,752,1
c0021,753,1
c0021,754,2
c0021,760,3
c0021,763,2
c0021,764,2
c0021,765,6
c0021,767,8
c0021,768,5
c0021,769,23
c0021,770,9
c0021,771,3
c0021,772,24
c0021,773,5
c0021,774,16
c0021,775,16
c0021,776,14
c0021,777,13
c0021,778,16
c0021,779,7
c0021,780,8
c0021,781,6
c0021,782,9
c0021,784,9
c0021,785,2
c0021,786,2
c0021,787,18
c0021,789,4
c0021,791,6
c0021,792,4
c0021,793,9
c0021,794,23
c0021,796,3
c0021,798,4
c0021,799,5
c0021,804,1
c0021,805,1
c0021,809,6
c0021,810,15
c0021,811,16
c0021,812,3
c0021,813,1
c0021,814,13
c0021,815,19
c0021,816,6
c0021,817,2
c0021,818,27
c0021,819,13
c0021,820,23
c0021,821,2
c0021,822,32
c0021,823,49
c0021,824,22
c0021,825,15
c0021,826,10
c0021,827,9
c0021,828,1
c0021,830,4
c0021,833,1
c0021,835,6
c0021,838,2
c0021,839,9
c0021,840,3
c0021,841,9
c0021,842,1
c0021,845,2
c0021,847,32
c0021,848,1
c0021,849,1
c0021,852,6
c0021,855,5
c0021,856,15
c0021,857,11
c0021,858,7
c0021,859,23
c0021,860,20
c0021,861,9
c0021,862,5
c0021,863,10
c0021,864,6
c0021,865,4
c0021,866,6
c0021,867,2
c0021,868,1
c0021,869,1
c0021,870,4
c0021,871,1
c0021,872,3
c0021,873,2
c0021,874,6
c0021,875,10
c0021,876,2
c0021,877,2
c0021,880,1
c0021,881,5
c0021,883,3
c0021,884,4
c0021,885,2
c0021,888,9
c0021,889,13
c0021,890,5
c0021,891,5
c0021,892,6
c0021,895,1
c0021,896,3
c0021,897,1
c0021,898,1
c0021,899,1
c0021,901,1
c0021,905,3
c0021,906,2
c0021,907,8
c0021,908,19
c0021,910,1
c0021,911,1
c0021,913,18
c0021,914,40
c0021,915,35
c0021,916,3
c0021,917,6
c0021,918,37
c0021,919,37
c0021,920,21
c0021,921,2
c0021,922,8
c0021,923,13
c0021,924,12
c0021,925,4
c0021,926,7
c0021,927,5
c0021,928,6
c0021,929,7
c0021,930,3
c0021,931,2
c0021,932,2
c0022,2,1
c0022,13,3
c0022,20,3
c0022,27,2
c0022,42,1
c0022,43,2
c0022,44,4
c0022,48,4
c0022,52,1
c0022,57,1
c0022,60,1
c0022,68,1
c0022,69,1
c0022,71,2
c0022,76,1
c0022,79,1
c0022,86,1
c0022,94,1
c0022,95,1
c0022,99,2
c0022,105,1
c0022,106,1
c0022,110,1
c0022,113,1
c0022,115,1
c0022,126,1
c0022,137,2
c0022,141,1
c0022,143,1
c0022,144,2
c0022,151,2
c0022,160,5
c0022,161,6
c0022,162,3
c0022,163,2
c0022,165,1
c0022,166,1
c0022,167,2
c0022,168,1
c0022,170,1
c0022,171,2
c0022,172,3
c0022,173,10
c0022,174,1
c0022,175,1
c0022,176,5
c0022,177,4
c0022,178,6
c0022,179,1
c0022,180,3
c0022,181,7
c0022,182,6
c0022,183,6
c0022,184,5
c0022,185,8
c0022,186,7
c0022,187,7
c0022,188,6
c0022,190,3
c0022,191,5
c0022,192,5
c0022,193,4
c0022,194,2
c0022,195,6
c0022,196,4
c0022,197,2
c0022,198,5
c0022,199,5
c0022,200,3
c0022,201,7
c0022,203,4
c0022,204,2
c0022,205,6
c0022,206,2
c0022,207,1
c0022,208,13
c0022,209,5
c0022,210,3
c0022,211,2
c0022,212,6
c0022,213,1
c0022,214,4
c0022,215,3
c0022,216,3
c0022,217,2
c0022,218,2
c0022,219,4
c0022,220,1
c0022,221,4
c0022,223,1
c0022,224,2
c0022,225,1
c0022,227,2
c0022,228,14
c0022,229,1
c0022,230,3
c0022,231,7
c0022,233,5
c0022,234,2
c0022,235,1
c0022,236,3
c0022,238,1
c0022,239,1
c0022,242,1
c0022,243,3
c0022,246,2
c0022,249,1
c0022,250,1
c0022,270,3
c0022,272,1
c0022,273,1
c0022,274,1
c0022,275,2
c0022,280,1
c0022,283,2
c0022,284,1
c0022,295,1
c0022,304,2
c0022,305,3
c0022,306,1
c0022,309,5
c0022,310,6
c0022,316,1
c0022,317,1
c0022,320,1
c0022,321,2
c0022,343,2
c0022,344,1
c0022,346,1
c0022,347,2
c0022,348,3
c0022,349,3
c0022,350,1
c0022,351,2
c0022,352,8
c0022,353,3
c0022,354,2
c0022,355,4
c0022,356,3
c0022,357,5
c0022,358,1
c0022,359,1
c0022,360,9
c0022,361,1
c0022,362,2
c0022,363,6
c0022,365,1
c0022,366,2
c0022,367,8
c0022,368,2
c0022,369,3
c0022,371,2
c0022,373,2
c0022,374,1
c0022,375,8
c0022,376,2
c0022,377,4
c0022,378,3
c0022,379,1
c0022,380,2
c0022,382,5
c0022,383,6
c0022,385,3
c0022,386,9
c0022,387,8
c0022,388,2
c0022,390,9
c0022,391,5
c0022,392,6
c0022,394,1
c0022,396,1
c0022,397,4
c0022,398,1
c0022,399,2
c0022,403,1
c0022,408,1
c0022,410,3
c0022,411,2
c0022,415,2
c0022,417,1
c0022,423,4
c0022,424,2
c0022,425,4
c0022,426,1
c0022,428,4
c0022,436,104
c0022,437,118
c0022,438,149
c0022,439,8
c0022,440,57
c0022,441,26
c0022,442,4
c0022,447,1
c0022,450,1
c0022,456,1
c0022,458,1
c0022,462,4
c0022,463,3
c0022,465,2
c0022,467,1
c0022,469,1
c0022,470,1
c0022,479,1
c0022,483,1
c0022,484,2
c0022,491,1
c0022,493,1
c0022,497,1
c0022,498,1
c0022,501,3
c0022,503,1
c0022,505,2
c0022,506,3
c0022,507,1
c0022,509,4
c0022,510,1
c0022,512,2
c0022,513,2
c0022,514,4
c0022,515,2
c0022,516,1
c0022,518,1
c0022,519,3
c0022,527,1
c0022,530,12
c0022,531,4
c0022,532,3
c0022,533,20
c0022,534,6
c0022,535,1
c0022,537,2
c0022,538,4
c0022,542,1
c0022,545,5
c0022,553,1
c0022,555,2
c0022,558,1
c0022,559,1
c0022,569,1
c0022,570,3
c0022,571,3
c0022,572,3
c0022,573,4
c0022,575,4
c0022,576,2
c0022,577,1
c0022,578,4
c0022,579,1
c0022,580,5
c0022,581,4
c0022,583,6
c0022,584,5
c0022,585,1
c0022,587,1
c0022,588,1
c0022,589,1
c0022,590,4
c0022,594,3
c0022,595,1
c0022,596,2
c0022,598,1
c0022,601,3
c0022,602,1
c0022,603,4
c0022,604,1
c0022,605,1
c0022,613,1
c0022,615,1
c0022,623,4
c0022,624,1
c0022,625,3
c0022,626,1
c0022,628,1
c0022,629,1
c0022,631,2
c0022,632,1
c0022,633,5
c0022,634,4
c0022,636,3
c0022,638,1
c0022,640,6
c0022,651,2
c0022,661,3
c0022,663,3
c0022,664,1
c0022,665,3
c0022,666,2
c0022,669,2
c0022,671,3
c0022,673,1
c0022,676,1
c0022,678,2
c0022,680,1
c0022,681,2
c0022,682,5
c0022,683,2
c0022,685,2
c0022,688,1
c0022,689,7
c0022,690,6
c0022,691,3
c0022,692,5
c0022,694,7
c0022,695,4
c0022,696,7
c0022,698,1
c0022,700,2
c0022,704,1
c0022,708,4
c0022,709,2
c0022,713,1
c0022,715,2
c0022,731,2
c0022,734,1
c0022,757,2
c0022,758,2
c0022,759,1
c0022,760,2
c0022,767,2
c0022,768,3
c0022,772,7
c0022,773,4
c0022,774,5
c0022,775,4
c0022,776,5
c0022,778,5
c0022,779,2
c0022,780,2
c0022,782,2
c0022,786,3
c0022,787,5
c0022,792,1
c0022,793,2
c0022,794,6
c0022,796,2
c0022,798,1
c0022,805,1
c0022,818,4
c0022,819,4
c0022,822,1
c0022,823,1
c0022,824,3
c0022,826,1
c0022,835,1
c0022,838,1
c0022,842,1
c0022,855,2
c0022,856,5
c0022,857,3
c0022,858,1
c0022,859,1
c0022,862,2
c0022,863,1
c0022,870,1
c0022,872,1
c0022,874,1
c0022,883,1
c0022,885,4
c0022,888,2
c0022,889,2
c0022,890,2
c0022,891,1
c0022,894,4
c0022,905,1
c0022,913,2
c0022,914,2
c0022,917,1
c0022,918,3
c0022,919,2
c0022,922,1
c0022,925,2
c0022,927,2
c0022,928,2
c0022,930,1
c0023,3,2
c0023,7,1
c0023,11,2
c0023,13,2
c0023,16,1
c0023,18,4
c0023,25,3
c0023,27,1
c0023,29,3
c0023,31,1
c0023,34,3
c0023,36,1
c0023,38,1
c0023,40,4
c0023,41,3
c0023,42,1
c0023,43,2
c0023,44,2
c0023,49,1
c0023,53,2
c0023,54,1
c0023,55,1
c0023,57,3
c0023,58,1
c0023,59,1
c0023,60,3
c0023,64,1
c0023,66,1
c0023,68,2
c0023,78,2
c0023,82,1
c0023,84,2
c0023,87,1
c0023,94,3
c0023,95,3
c0023,99,7
c0023,100,2
c0023,101,6
c0023,102,1
c0023,104,1
c0023,105,5
c0023,106,5
c0023,108,2
c0023,110,2
c0023,112,2
c0023,113,2
c0023,114,3
c0023,115,1
c0023,121,2
c0023,126,2
c0023,129,2
c0023,132,1
c0023,136,3
c0023,137,4
c0023,141,2
c0023,142,1
c0023,143,1
c0023,147,1
c0023,149,3
c0023,151,4
c0023,153,1
c0023,157,1
c0023,159,2
c0023,160,46
c0023,161,34
c0023,162,25
c0023,163,35
c0023,164,5
c0023,165,61
c0023,166,22
c0023,167,36
c0023,168,63
c0023,169,41
c0023,170,35
c0023,171,45
c0023,172,25
c0023,173,49
c0023,174,26
c0023,175,22
c0023,176,73
c0023,177,83
c0023,178,49
c0023,179,15
c0023,180,55
c0023,181,33
c0023,182,31
c0023,183,39
c0023,184,46
c0023,185,33
c0023,186,53
c0023,187,26
c0023,188,40
c0023,189,45
c0023,190,50
c0023,191,33
c0023,192,77
c0023,193,24
c0023,194,28
c0023,195,67
c0023,196,26
c0023,197,36
c0023,198,65
c0023,199,38
c0023,200,36
c0023,201,52
c0023,203,29
c0023,204,21
c0023,205,35
c0023,206,22
c0023,207,17
c0023,208,118
c0023,209,34
c0023,210,36
c0023,211,33
c0023,212,29
c0023,213,28
c0023,214,49
c0023,215,36
c0023,216,39
c0023,217,6
c0023,218,53
c0023,219,21
c0023,220,51
c0023,221,39
c0023,222,2
c0023,223,17
c0023,224,37
c0023,225,13
c0023,226,11
c0023,227,14
c0023,228,92
c0023,230,83
c0023,231,45
c0023,232,10
c0023,233,11
c0023,234,13
c0023,235,21
c0023,236,19
c0023,237,3
c0023,238,6
c0023,239,7
c0023,240,10
c0023,241,4
c0023,242,16
c0023,243,22
c0023,244,15
c0023,245,14
c0023,246,10
c0023,247,9
c0023,248,2
c0023,251,1
c0023,263,1
c0023,267,1
c0023,270,1
c0023,272,2
c0023,273,2
c0023,278,5
c0023,279,4
c0023,283,2
c0023,286,2
c0023,288,2
c0023,290,2
c0023,292,1
c0023,296,2
c0023,297,1
c0023,299,1
c0023,300,6
c0023,301,2
c0023,303,1
c0023,304,3
c0023,305,1
c0023,314,1
c0023,315,2
c0023,317,1
c0023,318,3
c0023,320,2
c0023,321,1
c0023,328,1
c0023,331,7
c0023,333,1
c0023,337,1
c0023,342,2
c0023,344,2
c0023,345,1
c0023,346,4
c0023,347,5
c0023,348,19
c0023,349,30
c0023,350,10
c0023,351,28
c0023,352,22
c0023,353,36
c0023,354,21
c0023,355,22
c0023,356,26
c0023,357,25
c0023,358,7
c0023,359,19
c0023,360,28
c0023,361,26
c0023,362,16
c0023,363,15
c0023,364,3
c0023,365,12
c0023,366,18
c0023,367,36
c0023,368,15
c0023,369,13
c0023,370,16
c0023,371,10
c0023,372,11
c0023,373,13
c0023,374,18
c0023,375,20
c0023,376,18
c0023,377,15
c0023,378,4
c0023,379,20
c0023,380,17
c0023,382,14
c0023,383,41
c0023,384,19
c0023,385,10
c0023,386,19
c0023,387,9
c0023,388,16
c0023,389,1
c0023,390,42
c0023,391,5
c0023,392,21
c0023,393,5
c0023,394,3
c0023,395,3
c0023,396,4
c0023,397,8
c0023,398,9
c0023,399,4
c0023,400,4
c0023,403,20
c0023,405,3
c0023,407,2
c0023,408,16
c0023,409,7
c0023,410,8
c0023,411,10
c0023,413,5
c0023,414,16
c0023,415,5
c0023,416,5
c0023,417,11
c0023,423,13
c0023,424,2
c0023,425,17
c0023,428,3
c0023,436,8
c0023,437,15
c0023,438,11
c0023,439,5
c0023,440,3
c0023,441,1
c0023,442,21
c0023,443,2
c0023,450,15
c0023,451,7
c0023,452,3
c0023,453,22
c0023,454,4
c0023,455,1
c0023,456,10
c0023,457,2
c0023,458,13
c0023,459,3
c0023,464,4
c0023,465,5
c0023,467,5
c0023,468,1
c0023,470,1
c0023,471,2
c0023,479,2
c0023,481,9
c0023,482,3
c0023,483,2
c0023,484,7
c0023,485,1
c0023,490,13
c0023,492,16
c0023,493,2
c0023,496,1
c0023,497,4
c0023,498,11
c0023,500,5
c0023,501,1
c0023,503,2
c0023,504,1
c0023,506,1
c0023,508,2
c0023,509,2
c0023,511,1
c0023,512,6
c0023,513,3
c0023,514,1
c0023,515,2
c0023,516,3
c0023,519,1
c0023,520,1
c0023,521,2
c0023,522,2
c0023,524,2
c0023,525,1
c0023,526,4
c0023,527,6
c0023,528,11
c0023,530,4
c0023,531,2
c0023,533,8
c0023,535,1
c0023,537,2
c0023,538,3
c0023,539,5
c0023,540,1
c0023,541,1
c0023,545,1
c0023,550,3
c0023,551,2
c0023,552,6
c0023,555,3
c0023,556,1
c0023,557,3
c0023,558,3
c0023,563,1
c0023,565,2
c0023,567,2
c0023,568,7
c0023,569,7
c0023,570,13
c0023,571,9
c0023,572,11
c0023,573,4
c0023,575,9
c0023,576,4
c0023,577,2
c0023,578,4
c0023,579,2
c0023,580,1
c0023,581,5
c0023,582,7
c0023,583,3
c0023,584,7
c0023,586,6
c0023,588,9
c0023,589,2
c0023,590,9
c0023,591,3
c0023,593,1
c0023,594,3
c0023,595,5
c0023,596,2
c0023,597,1
c0023,598,2
c0023,601,3
c0023,602,3
c0023,603,5
c0023,604,6
c0023,609,1
c0023,622,4
c0023,623,11
c0023,624,10
c0023,625,6
c0023,626,9
c0023,627,1
c0023,629,12
c0023,630,20
c0023,631,1
c0023,632,3
c0023,633,9
c0023,634,5
c0023,635,3
c0023,636,2
c0023,637,1
c0023,638,5
c0023,640,6
c0023,641,1
c0023,642,3
c0023,644,3
c0023,645,1
c0023,652,2
c0023,653,2
c0023,657,1
c0023,658,2
c0023,661,2
c0023,662,1
c0023,663,10
c0023,664,5
c0023,665,1
c0023,666,6
c0023,667,1
c0023,668,3
c0023,669,2
c0023,670,2
c0023,671,4
c0023,672,2
c0023,676,2
c0023,677,5
c0023,678,3
c0023,680,1
c0023,681,2
c0023,684,2
c0023,687,5
c0023,688,1
c0023,689,2
c0023,690,2
c0023,694,2
c0023,695,1
c0023,699,3
c0023,701,4
c0023,704,2
c0023,708,1
c0023,709,1
c0023,711,1
c0023,712,1
c0023,715,1
c0023,721,1
c0023,725,1
c0023,727,1
c0023,730,1
c0023,731,1
c0023,732,2
c0023,737,2
c0023,743,2
c0023,744,2
c0023,745,1
c0023,746,1
c0023,748,2
c0023,758,2
c0023,766,1
c0023,767,7
c0023,768,10
c0023,769,3
c0023,770,6
c0023,771,9
c0023,772,26
c0023,773,9
c0023,774,2
c0023,775,22
c0023,776,4
c0023,778,23
c0023,779,7
c0023,780,11
c0023,781,5
c0023,782,24
c0023,783,2
c0023,784,5
c0023,785,2
c0023,787,18
c0023,789,3
c0023,790,1
c0023,791,3
c0023,792,3
c0023,793,14
c0023,794,22
c0023,795,2
c0023,796,5
c0023,798,2
c0023,806,1
c0023,811,6
c0023,812,1
c0023,816,4
c0023,818,1
c0023,819,1
c0023,823,1
c0023,824,1
c0023,827,3
c0023,828,1
c0023,835,1
c0023,839,4
c0023,841,1
c0023,845,1
c0023,848,1
c0023,855,3
c0023,856,1
c0023,857,4
c0023,858,1
c0023,859,2
c0023,860,1
c0023,862,9
c0023,863,4
c0023,864,1
c0023,865,1
c0023,866,2
c0023,867,1
c0023,870,1
c0023,872,2
c0023,873,3
c0023,874,5
c0023,875,4
c0023,876,1
c0023,877,1
c0023,878,2
c0023,879,1
c0023,881,1
c0023,882,1
c0023,883,4
c0023,884,1
c0023,885,2
c0023,887,1
c0023,888,5
c0023,889,3
c0023,892,5
c0023,898,1
c0023,902,1
c0023,908,1
c0023,911,3
c0023,913,3
c0023,914,35
c0023,915,29
c0023,916,5
c0023,917,10
c0023,918,28
c0023,919,17
c0023,920,5
c0023,921,1
c0023,922,7
c0023,923,11
c0023,924,11
c0023,925,3
c0023,926,1
c0023,927,2
c0023,928,2
c0023,929,1
c0023,930,4
c0023,931,3
c0023,932,4
c0024,25,1
c0024,29,1
c0024,31,1
c0024,47,1
c0024,59,1
c0024,66,1
c0024,160,2
c0024,161,1
c0024,162,4
c0024,169,1
c0024,170,3
c0024,171,6
c0024,172,2
c0024,176,2
c0024,177,5
c0024,178,1
c0024,179,1
c0024,180,2
c0024,181,2
c0024,182,1
c0024,185,4
c0024,186,6
c0024,187,2
c0024,188,7
c0024,189,6
c0024,190,2
c0024,191,2
c0024,192,3
c0024,193,2
c0024,194,1
c0024,196,1
c0024,198,1
c0024,200,5
c0024,201,2
c0024,204,2
c0024,205,1
c0024,207,1
c0024,208,1
c0024,210,1
c0024,212,3
c0024,214,2
c0024,215,5
c0024,218,1
c0024,219,2
c0024,220,1
c0024,221,2
c0024,225,1
c0024,226,2
c0024,228,1
c0024,230,3
c0024,231,1
c0024,232,1
c0024,234,2
c0024,238,1
c0024,246,2
c0024,247,2
c0024,292,1
c0024,294,1
c0024,312,1
c0024,318,1
c0024,324,1
c0024,330,2
c0024,332,1
c0024,349,1
c0024,351,2
c0024,353,1
c0024,363,1
c0024,365,2
c0024,368,1
c0024,372,1
c0024,373,2
c0024,378,2
c0024,387,1
c0024,390,1
c0024,419,1
c0024,421,1
c0024,439,1
c0024,467,1
c0024,501,1
c0024,526,1
c0024,527,1
c0024,528,1
c0024,545,1
c0024,558,1
c0024,559,1
c0024,568,1
c0024,569,3
c0024,571,1
c0024,573,1
c0024,593,1
c0024,594,1
c0024,596,1
c0024,598,1
c0024,602,1
c0024,625,1
c0024,626,1
c0024,627,1
c0024,664,1
c0024,676,1
c0024,678,3
c0024,680,2
c0024,682,1
c0024,683,1
c0024,741,1
c0024,745,1
c0024,748,1
c0024,749,1
c0024,770,3
c0024,771,1
c0024,773,1
c0024,775,1
c0024,776,1
c0024,782,2
c0024,784,1
c0024,785,1
c0024,786,3
c0024,794,1
c0024,798,2
c0024,819,1
c0024,820,1
c0024,822,1
c0024,841,1
c0024,845,2
c0024,846,2
c0024,848,1
c0024,859,1
c0024,865,1
c0024,874,1
c0024,875,1
c0024,878,1
c0024,895,1
c0024,915,1
c0024,923,1
c0024,928,2
c0024,930,1
c0024,931,2
c0024,932,1
c0025,3,5
c0025,5,1
c0025,12,5
c0025,13,13
c0025,16,9
c0025,17,2
c0025,18,21
c0025,19,1
c0025,20,7
c0025,21,3
c0025,23,7
c0025,25,6
c0025,27,9
c0025,29,6
c0025,30,5
c0025,31,24
c0025,33,3
c0025,36,15
c0025,37,1
c0025,38,4
c0025,39,1
c0025,41,9
c0025,42,13
c0025,46,5
c0025,47,4
c0025,48,2
c0025,49,1
c0025,51,1
c0025,52,5
c0025,56,1
c0025,57,4
c0025,58,1
c0025,60,1
c0025,61,2
c0025,68,2
c0025,73,2
c0025,74,32
c0025,75,23
c0025,76,3
c0025,77,1
c0025,78,2
c0025,80,54
c0025,81,46
c0025,82,1
c0025,83,3
c0025,84,2
c0025,85,5
c0025,87,4
c0025,88,3
c0025,89,1
c0025,91,1
c0025,92,2
c0025,93,2
c0025,95,2
c0025,100,12
c0025,101,10
c0025,102,10
c0025,103,7
c0025,104,2
c0025,105,1
c0025,106,2
c0025,108,1
c0025,110,2
c0025,112,1
c0025,113,1
c0025,114,1
c0025,118,1
c0025,121,1
c0025,122,2
c0025,130,3
c0025,131,1
c0025,132,4
c0025,134,4
c0025,136,4
c0025,137,3
c0025,139,1
c0025,141,1
c0025,143,1
c0025,147,6
c0025,148,5
c0025,150,3
c0025,151,1
c0025,152,6
c0025,154,1
c0025,157,1
c0025,160,50
c0025,161,18
c0025,162,5
c0025,163,5
c0025,165,6
c0025,166,8
c0025,167,8
c0025,168,37
c0025,169,14
c0025,170,13
c0025,171,15
c0025,172,18
c0025,173,27
c0025,174,2
c0025,175,5
c0025,176,66
c0025,177,92
c0025,178,22
c0025,179,8
c0025,180,37
c0025,181,37
c0025,182,27
c0025,183,23
c0025,184,26
c0025,185,13
c0025,186,12
c0025,187,13
c0025,188,31
c0025,189,12
c0025,190,37
c0025,191,27
c0025,192,44
c0025,193,9
c0025,194,8
c0025,195,28
c0025,196,18
c0025,197,9
c0025,198,45
c0025,199,39
c0025,200,25
c0025,201,26
c0025,202,1
c0025,203,16
c0025,204,10
c0025,205,18
c0025,206,16
c0025,207,11
c0025,208,93
c0025,209,15
c0025,210,30
c0025,211,4
c0025,212,11
c0025,213,4
c0025,214,39
c0025,215,18
c0025,216,23
c0025,217,6
c0025,218,29
c0025,219,15
c0025,220,30
c0025,221,7
c0025,222,3
c0025,223,3
c0025,224,9
c0025,225,5
c0025,226,4
c0025,227,8
c0025,228,63
c0025,229,4
c0025,230,43
c0025,231,12
c0025,232,4
c0025,233,8
c0025,234,4
c0025,235,6
c0025,236,3
c0025,237,1
c0025,238,4
c0025,239,1
c0025,240,2
c0025,242,4
c0025,243,13
c0025,244,20
c0025,245,5
c0025,246,14
c0025,247,5
c0025,250,6
c0025,251,5
c0025,252,2
c0025,253,4
c0025,254,8
c0025,255,8
c0025,257,1
c0025,259,1
c0025,261,1
c0025,262,1
c0025,264,1
c0025,267,2
c0025,268,2
c0025,269,1
c0025,272,1
c0025,273,4
c0025,274,2
c0025,275,2
c0025,279,1
c0025,280,1
c0025,283,1
c0025,284,3
c0025,285,4
c0025,286,4
c0025,287,2
c0025,288,9
c0025,290,3
c0025,292,1
c0025,297,1
c0025,299,5
c0025,300,1
c0025,301,1
c0025,305,1
c0025,309,1
c0025,311,1
c0025,312,2
c0025,315,2
c0025,316,6
c0025,317,8
c0025,318,8
c0025,320,2
c0025,321,4
c0025,324,2
c0025,327,1
c0025,328,1
c0025,329,1
c0025,333,1
c0025,341,1
c0025,342,1
c0025,348,7
c0025,349,4
c0025,350,5
c0025,351,2
c0025,352,8
c0025,353,9
c0025,354,5
c0025,355,9
c0025,356,2
c0025,357,13
c0025,358,3
c0025,359,7
c0025,360,5
c0025,361,4
c0025,362,1
c0025,363,4
c0025,364,5
c0025,365,5
c0025,366,1
c0025,367,19
c0025,368,6
c0025,369,12
c0025,370,5
c0025,371,3
c0025,372,1
c0025,373,3
c0025,374,2
c0025,375,7
c0025,376,6
c0025,377,11
c0025,378,2
c0025,379,7
c0025,380,6
c0025,383,3
c0025,384,5
c0025,386,4
c0025,387,8
c0025,388,8
c0025,389,1
c0025,390,1
c0025,391,2
c0025,392,1
c0025,393,6
c0025,394,2
c0025,396,3
c0025,397,2
c0025,398,6
c0025,399,1
c0025,400,2
c0025,401,6
c0025,403,5
c0025,405,1
c0025,408,4
c0025,409,4
c0025,413,12
c0025,414,9
c0025,415,7
c0025,416,14
c0025,417,5
c0025,418,4
c0025,419,35
c0025,420,3
c0025,421,1
c0025,422,3
c0025,423,7
c0025,424,23
c0025,425,18
c0025,427,1
c0025,428,9
c0025,430,9
c0025,431,1
c0025,432,2
c0025,437,2
c0025,438,2
c0025,440,3
c0025,445,3
c0025,446,2
c0025,447,3
c0025,456,1
c0025,462,3
c0025,467,1
c0025,470,3
c0025,478,3
c0025,479,1
c0025,480,3
c0025,481,1
c0025,483,6
c0025,484,3
c0025,487,1
c0025,488,1
c0025,489,1
c0025,493,2
c0025,496,1
c0025,498,4
c0025,499,1
c0025,501,24
c0025,502,14
c0025,503,24
c0025,504,9
c0025,505,10
c0025,506,16
c0025,507,15
c0025,508,3
c0025,509,16
c0025,510,35
c0025,511,21
c0025,512,8
c0025,513,16
c0025,514,12
c0025,515,13
c0025,516,9
c0025,517,3
c0025,518,6
c0025,519,7
c0025,520,18
c0025,521,14
c0025,522,25
c0025,523,1
c0025,524,3
c0025,525,5
c0025,528,4
c0025,529,1
c0025,530,1
c0025,531,2
c0025,533,4
c0025,534,1
c0025,535,3
c0025,539,10
c0025,540,1
c0025,542,4
c0025,544,1
c0025,545,14
c0025,546,15
c0025,547,3
c0025,548,1
c0025,549,7
c0025,550,11
c0025,551,2
c0025,553,10
c0025,554,2
c0025,555,5
c0025,556,3
c0025,557,4
c0025,558,2
c0025,559,7
c0025,560,1
c0025,561,1
c0025,565,4
c0025,567,3
c0025,568,10
c0025,569,4
c0025,570,9
c0025,571,14
c0025,572,9
c0025,575,4
c0025,576,6
c0025,577,6
c0025,578,6
c0025,579,2
c0025,580,4
c0025,581,5
c0025,582,11
c0025,583,4
c0025,584,6
c0025,585,1
c0025,586,3
c0025,587,11
c0025,588,3
c0025,589,6
c0025,590,3
c0025,591,6
c0025,593,2
c0025,594,9
c0025,595,3
c0025,596,6
c0025,597,3
c0025,598,3
c0025,599,3
c0025,600,5
c0025,601,2
c0025,602,9
c0025,603,4
c0025,604,4
c0025,605,3
c0025,606,1
c0025,607,1
c0025,608,3
c0025,609,2
c0025,610,17
c0025,612,1
c0025,613,1
c0025,622,2
c0025,623,3
c0025,624,10
c0025,625,2
c0025,626,9
c0025,628,1
c0025,629,3
c0025,630,4
c0025,633,8
c0025,634,2
c0025,635,5
c0025,636,2
c0025,637,3
c0025,640,2
c0025,644,3
c0025,645,5
c0025,646,3
c0025,647,6
c0025,650,7
c0025,651,2
c0025,652,11
c0025,655,3
c0025,661,12
c0025,662,7
c0025,663,6
c0025,664,12
c0025,665,13
c0025,666,12
c0025,667,4
c0025,668,13
c0025,669,1
c0025,670,7
c0025,671,6
c0025,672,2
c0025,673,11
c0025,674,1
c0025,675,6
c0025,676,4
c0025,677,6
c0025,678,9
c0025,679,2
c0025,680,17
c0025,681,6
c0025,682,12
c0025,683,16
c0025,684,7
c0025,685,2
c0025,686,6
c0025,687,7
c0025,688,9
c0025,689,9
c0025,690,14
c0025,691,2
c0025,694,10
c0025,695,3
c0025,696,7
c0025,699,2
c0025,700,3
c0025,701,2
c0025,704,1
c0025,709,1
c0025,710,11
c0025,711,5
c0025,712,8
c0025,713,5
c0025,714,1
c0025,715,5
c0025,716,2
c0025,718,7
c0025,719,11
c0025,721,1
c0025,728,1
c0025,729,1
c0025,731,4
c0025,732,1
c0025,735,1
c0025,737,5
c0025,740,55
c0025,741,1
c0025,743,1
c0025,744,1
c0025,745,1
c0025,748,1
c0025,749,3
c0025,757,7
c0025,758,1
c0025,759,1
c0025,760,4
c0025,761,3
c0025,763,5
c0025,764,3
c0025,766,2
c0025,767,4
c0025,768,12
c0025,769,2
c0025,770,8
c0025,771,1
c0025,772,3
c0025,773,2
c0025,774,7
c0025,775,20
c0025,776,3
c0025,777,1
c0025,778,5
c0025,779,4
c0025,780,4
c0025,781,3
c0025,782,4
c0025,783,2
c0025,784,3
c0025,785,1
c0025,787,6
c0025,789,1
c0025,791,2
c0025,792,2
c0025,793,5
c0025,794,14
c0025,795,1
c0025,799,1
c0025,800,2
c0025,808,2
c0025,810,2
c0025,814,2
c0025,818,2
c0025,819,4
c0025,822,2
c0025,823,3
c0025,826,2
c0025,827,15
c0025,828,5
c0025,829,11
c0025,830,2
c0025,831,4
c0025,832,9
c0025,834,2
c0025,835,6
c0025,836,3
c0025,837,2
c0025,838,13
c0025,839,9
c0025,840,3
c0025,841,5
c0025,845,2
c0025,847,30
c0025,848,1
c0025,849,6
c0025,850,1
c0025,852,4
c0025,855,1
c0025,856,1
c0025,857,2
c0025,858,2
c0025,859,2
c0025,860,2
c0025,861,2
c0025,862,3
c0025,863,3
c0025,865,1
c0025,866,4
c0025,867,3
c0025,870,2
c0025,871,2
c0025,872,2
c0025,873,3
c0025,874,1
c0025,875,2
c0025,877,1
c0025,880,1
c0025,881,2
c0025,882,1
c0025,883,1
c0025,884,9
c0025,885,7
c0025,888,12
c0025,889,19
c0025,890,12
c0025,891,6
c0025,892,17
c0025,894,33
c0025,895,1
c0025,896,4
c0025,898,1
c0025,899,1
c0025,904,1
c0025,906,3
c0025,907,3
c0025,911,1
c0025,913,1
c0025,914,1
c0025,918,1
c0025,919,3
c0025,923,1
c0025,925,3
c0025,926,9
c0025,927,3
c0025,928,2
c0025,929,2
c0025,930,3
c0025,931,2
c0025,932,2
c0026,18,1
c0026,19,1
c0026,23,1
c0026,36,1
c0026,38,1
c0026,49,2
c0026,50,2
c0026,52,1
c0026,101,2
c0026,105,4
c0026,106,8
c0026,112,1
c0026,113,1
c0026,117,2
c0026,130,1
c0026,132,2
c0026,146,1
c0026,147,1
c0026,150,1
c0026,160,6
c0026,161,4
c0026,162,2
c0026,163,2
c0026,165,2
c0026,166,1
c0026,168,2
c0026,169,2
c0026,170,1
c0026,171,1
c0026,173,3
c0026,176,1
c0026,177,5
c0026,178,2
c0026,180,1
c0026,181,1
c0026,183,2
c0026,185,2
c0026,186,1
c0026,188,3
c0026,190,2
c0026,191,1
c0026,192,2
c0026,195,3
c0026,198,1
c0026,199,2
c0026,201,3
c0026,207,1
c0026,208,1
c0026,209,1
c0026,210,1
c0026,211,3
c0026,214,3
c0026,216,2
c0026,218,1
c0026,221,1
c0026,228,7
c0026,232,1
c0026,238,2
c0026,240,1
c0026,246,1
c0026,251,2
c0026,256,2
c0026,258,1
c0026,259,1
c0026,260,1
c0026,267,1
c0026,269,1
c0026,299,1
c0026,301,3
c0026,302,1
c0026,303,4
c0026,304,2
c0026,305,3
c0026,307,1
c0026,308,1
c0026,323,1
c0026,324,1
c0026,331,2
c0026,333,2
c0026,346,1
c0026,347,1
c0026,348,1
c0026,349,1
c0026,350,1
c0026,351,1
c0026,353,2
c0026,355,1
c0026,356,1
c0026,357,2
c0026,360,1
c0026,361,1
c0026,362,2
c0026,363,1
c0026,364,1
c0026,366,1
c0026,367,1
c0026,370,1
c0026,372,3
c0026,374,1
c0026,375,1
c0026,377,2
c0026,378,3
c0026,379,2
c0026,383,2
c0026,386,1
c0026,387,1
c0026,388,1
c0026,391,3
c0026,398,1
c0026,409,1
c0026,425,1
c0026,433,1
c0026,438,3
c0026,440,1
c0026,496,1
c0026,500,1
c0026,513,1
c0026,515,1
c0026,530,1
c0026,542,2
c0026,543,1
c0026,547,2
c0026,548,1
c0026,553,5
c0026,555,2
c0026,556,1
c0026,557,4
c0026,558,2
c0026,559,3
c0026,560,1
c0026,563,3
c0026,565,3
c0026,567,2
c0026,568,11
c0026,569,7
c0026,570,12
c0026,571,24
c0026,572,18
c0026,573,3
c0026,574,4
c0026,575,6
c0026,576,3
c0026,577,4
c0026,578,13
c0026,579,2
c0026,580,8
c0026,581,15
c0026,582,21
c0026,583,20
c0026,584,6
c0026,585,3
c0026,586,21
c0026,587,7
c0026,588,18
c0026,589,1
c0026,590,10
c0026,591,8
c0026,592,1
c0026,593,4
c0026,594,15
c0026,595,7
c0026,596,7
c0026,598,7
c0026,599,6
c0026,600,3
c0026,601,5
c0026,602,4
c0026,603,8
c0026,604,4
c0026,608,1
c0026,613,1
c0026,615,1
c0026,622,1
c0026,630,2
c0026,644,3
c0026,645,1
c0026,650,1
c0026,659,1
c0026,665,1
c0026,680,1
c0026,689,8
c0026,690,4
c0026,691,3
c0026,694,1
c0026,695,3
c0026,710,4
c0026,711,2
c0026,712,2
c0026,716,1
c0026,718,1
c0026,719,1
c0026,731,1
c0026,757,1
c0026,770,3
c0026,771,1
c0026,778,1
c0026,782,1
c0026,792,3
c0026,793,1
c0026,794,2
c0026,796,1
c0026,818,1
c0026,819,1
c0026,822,1
c0026,824,1
c0026,827,1
c0026,828,1
c0026,858,2
c0026,860,2
c0026,874,1
c0026,880,2
c0026,882,1
c0026,883,1
c0026,888,1
c0026,889,1
c0026,904,4
c0026,905,1
c0026,925,4
c0026,927,3
c0026,932,1
c0027,0,1
c0027,2,2
c0027,3,3
c0027,8,1
c0027,12,1
c0027,13,3
c0027,16,6
c0027,17,1
c0027,18,28
c0027,19,23
c0027,20,1
c0027,21,2
c0027,23,6
c0027,25,6
c0027,27,1
c0027,36,8
c0027,37,1
c0027,38,6
c0027,39,1
c0027,41,1
c0027,43,1
c0027,47,1
c0027,48,2
c0027,52,12
c0027,56,3
c0027,57,3
c0027,58,1
c0027,59,3
c0027,60,2
c0027,65,1
c0027,66,1
c0027,68,29
c0027,69,1
c0027,70,1
c0027,72,9
c0027,76,3
c0027,80,1
c0027,81,3
c0027,84,2
c0027,87,1
c0027,94,1
c0027,96,1
c0027,99,2
c0027,100,36
c0027,101,67
c0027,102,15
c0027,103,25
c0027,104,53
c0027,106,2
c0027,108,2
c0027,129,1
c0027,130,5
c0027,131,5
c0027,132,2
c0027,136,3
c0027,137,2
c0027,139,120
c0027,140,58
c0027,141,4
c0027,144,1
c0027,145,1
c0027,147,3
c0027,151,4
c0027,152,1
c0027,153,3
c0027,154,1
c0027,155,9
c0027,156,2
c0027,157,7
c0027,159,4
c0027,160,14
c0027,161,4
c0027,162,9
c0027,163,8
c0027,164,3
c0027,165,6
c0027,166,11
c0027,167,5
c0027,168,13
c0027,169,10
c0027,170,6
c0027,171,13
c0027,172,11
c0027,173,9
c0027,174,2
c0027,175,5
c0027,176,12
c0027,177,10
c0027,178,12
c0027,179,13
c0027,180,6
c0027,181,7
c0027,182,6
c0027,183,5
c0027,184,4
c0027,185,7
c0027,186,8
c0027,187,14
c0027,188,13
c0027,189,21
c0027,190,4
c0027,191,6
c0027,192,9
c0027,193,11
c0027,194,3
c0027,195,12
c0027,196,13
c0027,197,8
c0027,198,10
c0027,199,6
c0027,200,14
c0027,201,5
c0027,202,6
c0027,203,22
c0027,204,1
c0027,205,8
c0027,206,13
c0027,207,2
c0027,208,21
c0027,209,8
c0027,210,12
c0027,211,7
c0027,212,11
c0027,213,10
c0027,214,8
c0027,215,21
c0027,216,8
c0027,217,2
c0027,218,13
c0027,219,12
c0027,220,9
c0027,221,8
c0027,223,5
c0027,224,12
c0027,225,8
c0027,226,2
c0027,227,4
c0027,228,18
c0027,230,3
c0027,231,10
c0027,232,1
c0027,233,2
c0027,234,3
c0027,235,1
c0027,236,5
c0027,238,1
c0027,239,1
c0027,240,2
c0027,242,1
c0027,243,3
c0027,244,1
c0027,245,3
c0027,246,3
c0027,250,1
c0027,252,2
c0027,253,1
c0027,254,2
c0027,255,2
c0027,261,3
c0027,262,1
c0027,264,1
c0027,267,3
c0027,270,1
c0027,271,3
c0027,272,5
c0027,273,3
c0027,277,3
c0027,278,1
c0027,279,3
c0027,283,1
c0027,284,1
c0027,288,2
c0027,289,1
c0027,290,15
c0027,291,1
c0027,292,27
c0027,293,13
c0027,296,1
c0027,299,3
c0027,300,6
c0027,301,1
c0027,306,1
c0027,311,4
c0027,312,1
c0027,313,1
c0027,314,3
c0027,315,1
c0027,316,3
c0027,317,1
c0027,320,1
c0027,323,4
c0027,324,2
c0027,327,2
c0027,328,2
c0027,329,2
c0027,331,10
c0027,333,3
c0027,336,1
c0027,341,1
c0027,342,1
c0027,344,6
c0027,346,1
c0027,347,2
c0027,348,11
c0027,349,14
c0027,350,10
c0027,351,10
c0027,352,2
c0027,353,9
c0027,354,8
c0027,355,6
c0027,356,10
c0027,357,8
c0027,358,1
c0027,359,11
c0027,360,7
c0027,361,3
c0027,362,8
c0027,363,3
c0027,365,2
c0027,366,5
c0027,367,8
c0027,368,15
c0027,369,11
c0027,370,3
c0027,371,10
c0027,372,2
c0027,373,8
c0027,374,3
c0027,375,1
c0027,376,6
c0027,377,6
c0027,378,4
c0027,379,8
c0027,380,5
c0027,382,7
c0027,383,8
c0027,384,9
c0027,385,2
c0027,386,7
c0027,387,12
c0027,388,11
c0027,390,4
c0027,391,4
c0027,392,3
c0027,397,6
c0027,398,5
c0027,402,2
c0027,403,3
c0027,406,1
c0027,408,5
c0027,409,4
c0027,410,1
c0027,412,4
c0027,413,2
c0027,414,2
c0027,415,6
c0027,416,3
c0027,417,2
c0027,421,14
c0027,423,7
c0027,424,3
c0027,425,9
c0027,426,2
c0027,428,5
c0027,430,16
c0027,431,1
c0027,432,8
c0027,433,4
c0027,435,1
c0027,437,1
c0027,438,3
c0027,440,4
c0027,445,1
c0027,446,4
c0027,447,7
c0027,451,1
c0027,453,1
c0027,456,1
c0027,458,3
c0027,464,6
c0027,465,8
c0027,467,3
c0027,468,4
c0027,469,5
c0027,470,8
c0027,474,1
c0027,476,1
c0027,487,1
c0027,489,2
c0027,491,2
c0027,497,2
c0027,498,3
c0027,500,1
c0027,501,11
c0027,502,8
c0027,503,14
c0027,504,4
c0027,505,9
c0027,506,8
c0027,507,14
c0027,508,10
c0027,509,6
c0027,510,36
c0027,511,15
c0027,512,6
c0027,513,12
c0027,514,8
c0027,515,6
c0027,516,4
c0027,517,9
c0027,520,2
c0027,522,1
c0027,526,6
c0027,527,12
c0027,528,13
c0027,529,4
c0027,530,3
c0027,532,2
c0027,533,1
c0027,536,1
c0027,539,61
c0027,540,9
c0027,541,9
c0027,544,1
c0027,546,1
c0027,554,2
c0027,555,3
c0027,557,3
c0027,558,2
c0027,559,1
c0027,561,2
c0027,562,4
c0027,563,1
c0027,565,2
c0027,567,2
c0027,568,3
c0027,569,3
c0027,570,2
c0027,571,5
c0027,572,6
c0027,573,2
c0027,575,4
c0027,576,2
c0027,577,1
c0027,578,1
c0027,579,1
c0027,580,2
c0027,581,7
c0027,582,3
c0027,583,11
c0027,585,1
c0027,588,1
c0027,589,2
c0027,590,3
c0027,591,2
c0027,594,1
c0027,595,3
c0027,598,3
c0027,601,1
c0027,602,3
c0027,603,3
c0027,604,3
c0027,607,1
c0027,608,6
c0027,610,6
c0027,613,1
c0027,615,1
c0027,616,1
c0027,620,4
c0027,621,2
c0027,622,2
c0027,623,2
c0027,624,8
c0027,625,2
c0027,626,1
c0027,627,9
c0027,629,3
c0027,630,5
c0027,631,1
c0027,632,1
c0027,633,4
c0027,634,4
c0027,635,1
c0027,636,7
c0027,637,5
c0027,638,2
c0027,640,7
c0027,641,4
c0027,643,1
c0027,644,1
c0027,653,1
c0027,658,1
c0027,661,4
c0027,662,5
c0027,663,9
c0027,664,14
c0027,665,6
c0027,666,4
c0027,667,6
c0027,668,1
c0027,669,6
c0027,670,2
c0027,671,6
c0027,672,4
c0027,673,6
c0027,674,3
c0027,676,5
c0027,677,12
c0027,678,2
c0027,680,2
c0027,681,2
c0027,682,7
c0027,683,10
c0027,685,5
c0027,687,3
c0027,688,3
c0027,689,2
c0027,690,2
c0027,691,1
c0027,695,1
c0027,696,1
c0027,699,2
c0027,700,2
c0027,701,2
c0027,704,3
c0027,706,3
c0027,708,1
c0027,709,2
c0027,710,1
c0027,711,2
c0027,712,1
c0027,715,1
c0027,719,1
c0027,720,1
c0027,723,1
c0027,725,1
c0027,734,2
c0027,735,3
c0027,737,9
c0027,738,4
c0027,740,4
c0027,741,4
c0027,743,1
c0027,745,2
c0027,748,1
c0027,749,2
c0027,752,2
c0027,753,1
c0027,756,3
c0027,757,1
c0027,758,4
c0027,767,8
c0027,768,19
c0027,770,10
c0027,771,8
c0027,772,10
c0027,773,6
c0027,774,7
c0027,775,14
c0027,776,2
c0027,777,3
c0027,778,11
c0027,779,6
c0027,780,9
c0027,781,3
c0027,782,13
c0027,783,1
c0027,784,5
c0027,785,2
c0027,787,12
c0027,789,3
c0027,791,2
c0027,792,3
c0027,793,3
c0027,794,11
c0027,796,2
c0027,798,1
c0027,804,1
c0027,805,5
c0027,807,4
c0027,809,1
c0027,810,1
c0027,814,4
c0027,818,3
c0027,819,1
c0027,820,2
c0027,822,1
c0027,823,4
c0027,824,2
c0027,827,3
c0027,828,2
c0027,838,1
c0027,839,2
c0027,840,1
c0027,842,1
c0027,845,1
c0027,847,4
c0027,849,3
c0027,852,3
c0027,856,4
c0027,857,3
c0027,858,2
c0027,859,3
c0027,861,2
c0027,863,1
c0027,865,1
c0027,866,4
c0027,867,3
c0027,869,10
c0027,870,14
c0027,884,8
c0027,885,18
c0027,887,11
c0027,888,1
c0027,889,1
c0027,890,3
c0027,891,3
c0027,892,5
c0027,894,1
c0027,896,1
c0027,897,14
c0027,898,8
c0027,899,26
c0027,900,10
c0027,901,3
c0027,902,3
c0027,903,6
c0027,904,1
c0027,905,3
c0027,906,2
c0027,907,1
c0027,908,1
c0027,910,4
c0027,913,6
c0027,914,5
c0027,915,1
c0027,916,3
c0027,917,1
c0027,918,4
c0027,919,2
c0027,922,1
c0027,923,2
c0027,924,1
c0027,925,2
c0027,927,1
c0027,928,1
c0027,930,3
c0027,931,2
c0027,932,6
c0028,35,1
c0028,50,1
c0028,53,1
c0028,126,2
c0028,129,1
c0028,136,1
c0028,137,2
c0028,147,1
c0028,149,2
c0028,150,2
c0028,159,2
c0028,160,1
c0028,161,1
c0028,162,2
c0028,166,2
c0028,167,2
c0028,168,4
c0028,169,1
c0028,171,1
c0028,172,1
c0028,173,4
c0028,174,1
c0028,175,2
c0028,176,6
c0028,178,1
c0028,179,2
c0028,180,2
c0028,181,6
c0028,182,1
c0028,183,2
c0028,184,4
c0028,185,6
c0028,186,2
c0028,188,7
c0028,189,4
c0028,190,2
c0028,191,2
c0028,192,6
c0028,193,2
c0028,194,3
c0028,195,1
c0028,196,1
c0028,198,7
c0028,199,3
c0028,200,3
c0028,201,1
c0028,203,3
c0028,204,1
c0028,205,3
c0028,206,3
c0028,208,9
c0028,209,3
c0028,210,1
c0028,211,3
c0028,212,2
c0028,213,5
c0028,214,4
c0028,215,2
c0028,217,1
c0028,218,1
c0028,219,5
c0028,220,4
c0028,221,1
c0028,223,4
c0028,224,1
c0028,228,8
c0028,230,9
c0028,231,2
c0028,233,1
c0028,236,2
c0028,238,2
c0028,242,1
c0028,243,1
c0028,278,1
c0028,355,2
c0028,357,1
c0028,359,1
c0028,367,1
c0028,375,2
c0028,436,9
c0028,437,4
c0028,438,3
c0028,440,4
c0028,441,2
c0028,442,10
c0028,451,1
c0028,480,2
c0028,481,1
c0028,497,1
c0028,509,1
c0028,512,1
c0028,528,1
c0028,530,2
c0028,531,4
c0028,532,5
c0028,533,15
c0028,535,1
c0028,538,2
c0028,539,1
c0028,540,2
c0028,571,3
c0028,573,1
c0028,578,1
c0028,581,1
c0028,625,1
c0028,629,1
c0028,638,2
c0028,689,1
c0028,694,1
c0028,743,1
c0028,751,7
c0028,767,1
c0028,768,6
c0028,769,2
c0028,771,1
c0028,772,4
c0028,773,9
c0028,774,2
c0028,775,14
c0028,776,1
c0028,778,2
c0028,779,2
c0028,780,2
c0028,782,8
c0028,783,2
c0028,784,2
c0028,785,1
c0028,787,1
c0028,791,1
c0028,792,2
c0028,793,12
c0028,794,5
c0028,796,3
c0028,798,1
c0028,799,1
c0028,818,1
c0028,830,2
c0028,884,5
c0028,885,5
c0028,907,1
c0028,926,1
c0028,927,2
c0028,928,1
c0028,930,3
c0029,1,1
c0029,31,1
c0029,38,1
c0029,42,1
c0029,43,34
c0029,44,28
c0029,49,1
c0029,53,1
c0029,54,1
c0029,55,1
c0029,59,1
c0029,70,1
c0029,79,1
c0029,80,1
c0029,83,1
c0029,85,1
c0029,94,3
c0029,100,1
c0029,106,1
c0029,116,1
c0029,136,1
c0029,141,1
c0029,159,3
c0029,161,3
c0029,162,5
c0029,165,4
c0029,166,3
c0029,167,2
c0029,168,1
c0029,169,1
c0029,171,2
c0029,172,6
c0029,173,3
c0029,174,2
c0029,175,2
c0029,176,3
c0029,177,1
c0029,178,13
c0029,179,1
c0029,180,1
c0029,183,2
c0029,184,12
c0029,185,3
c0029,186,4
c0029,187,2
c0029,188,2
c0029,189,2
c0029,191,4
c0029,192,2
c0029,193,1
c0029,194,4
c0029,195,3
c0029,196,1
c0029,197,4
c0029,198,1
c0029,199,2
c0029,201,4
c0029,202,1
c0029,203,1
c0029,204,1
c0029,207,1
c0029,208,4
c0029,210,1
c0029,211,5
c0029,212,3
c0029,213,2
c0029,215,1
c0029,216,2
c0029,218,4
c0029,219,2
c0029,220,2
c0029,221,4
c0029,222,1
c0029,223,2
c0029,224,2
c0029,227,3
c0029,228,8
c0029,230,7
c0029,231,3
c0029,233,1
c0029,235,2
c0029,236,2
c0029,243,1
c0029,244,2
c0029,247,1
c0029,248,4
c0029,249,1
c0029,252,1
c0029,254,1
c0029,260,1
c0029,261,1
c0029,263,5
c0029,283,2
c0029,284,1
c0029,288,1
c0029,291,1
c0029,299,1
c0029,300,1
c0029,302,1
c0029,309,1
c0029,311,1
c0029,312,1
c0029,313,1
c0029,315,1
c0029,316,3
c0029,317,1
c0029,321,1
c0029,323,1
c0029,327,1
c0029,329,1
c0029,330,1
c0029,341,1
c0029,343,1
c0029,347,1
c0029,348,1
c0029,349,3
c0029,350,2
c0029,351,5
c0029,352,3
c0029,353,4
c0029,354,3
c0029,356,4
c0029,357,3
c0029,359,3
c0029,361,1
c0029,362,2
c0029,363,1
c0029,364,2
c0029,365,1
c0029,367,5
c0029,368,1
c0029,369,3
c0029,370,2
c0029,371,2
c0029,372,1
c0029,373,4
c0029,375,1
c0029,376,1
c0029,377,3
c0029,378,2
c0029,382,1
c0029,383,6
c0029,386,2
c0029,387,2
c0029,388,2
c0029,390,1
c0029,392,1
c0029,398,1
c0029,399,1
c0029,403,1
c0029,408,2
c0029,409,3
c0029,410,1
c0029,411,1
c0029,413,1
c0029,416,1
c0029,419,5
c0029,423,1
c0029,430,1
c0029,431,2
c0029,432,1
c0029,436,1
c0029,437,1
c0029,438,1
c0029,439,2
c0029,440,2
c0029,450,1
c0029,451,1
c0029,452,2
c0029,453,1
c0029,464,1
c0029,467,3
c0029,468,2
c0029,469,1
c0029,470,1
c0029,481,1
c0029,482,1
c0029,487,1
c0029,489,3
c0029,491,1
c0029,501,1
c0029,503,2
c0029,511,1
c0029,512,1
c0029,518,2
c0029,519,1
c0029,520,1
c0029,522,1
c0029,528,1
c0029,530,1
c0029,531,1
c0029,532,2
c0029,533,7
c0029,537,2
c0029,538,1
c0029,539,1
c0029,540,1
c0029,546,1
c0029,551,1
c0029,554,1
c0029,555,1
c0029,557,1
c0029,558,5
c0029,559,3
c0029,568,1
c0029,569,1
c0029,570,2
c0029,571,1
c0029,572,5
c0029,573,2
c0029,578,3
c0029,581,1
c0029,582,2
c0029,583,2
c0029,584,1
c0029,586,1
c0029,587,1
c0029,588,3
c0029,590,1
c0029,591,3
c0029,595,2
c0029,605,1
c0029,608,2
c0029,609,1
c0029,610,1
c0029,616,3
c0029,621,1
c0029,626,2
c0029,627,1
c0029,629,4
c0029,633,1
c0029,634,2
c0029,635,1
c0029,637,1
c0029,638,3
c0029,644,1
c0029,645,1
c0029,660,1
c0029,661,1
c0029,666,2
c0029,668,1
c0029,673,2
c0029,677,2
c0029,678,1
c0029,680,1
c0029,682,1
c0029,683,3
c0029,690,1
c0029,691,2
c0029,694,1
c0029,695,1
c0029,699,11
c0029,700,5
c0029,701,9
c0029,704,24
c0029,706,1
c0029,708,8
c0029,709,18
c0029,711,1
c0029,731,1
c0029,732,2
c0029,748,1
c0029,753,1
c0029,755,3
c0029,757,2
c0029,758,1
c0029,760,2
c0029,764,1
c0029,768,2
c0029,770,1
c0029,771,5
c0029,772,3
c0029,773,4
c0029,774,4
c0029,775,4
c0029,776,3
c0029,777,1
c0029,778,3
c0029,779,2
c0029,780,8
c0029,781,1
c0029,782,4
c0029,783,1
c0029,785,3
c0029,787,7
c0029,791,2
c0029,793,2
c0029,794,2
c0029,818,1
c0029,820,1
c0029,822,2
c0029,827,1
c0029,856,2
c0029,859,1
c0029,861,1
c0029,862,2
c0029,863,1
c0029,864,2
c0029,867,1
c0029,869,1
c0029,870,1
c0029,881,1
c0029,884,2
c0029,889,1
c0029,890,1
c0029,892,2
c0029,894,1
c0029,899,2
c0029,900,1
c0029,908,1
c0029,914,1
c0029,917,1
c0029,918,1
c0029,919,1
c0029,920,1
c0029,925,2
c0029,927,2
c0029,928,2
c0029,929,2
c0029,930,1
c0030,2,2
c0030,11,1
c0030,12,1
c0030,13,5
c0030,16,5
c0030,18,20
c0030,19,1
c0030,22,5
c0030,23,4
c0030,24,2
c0030,25,2
c0030,27,7
c0030,29,1
c0030,31,1
c0030,33,1
c0030,43,1
c0030,48,2
c0030,50,1
c0030,56,1
c0030,57,3
c0030,68,3
c0030,76,2
c0030,99,4
c0030,108,5
c0030,110,1
c0030,111,1
c0030,112,1
c0030,118,2
c0030,122,1
c0030,137,1
c0030,151,7
c0030,153,1
c0030,159,2
c0030,160,1
c0030,161,5
c0030,162,4
c0030,163,2
c0030,165,5
c0030,166,6
c0030,167,3
c0030,168,2
c0030,169,4
c0030,170,1
c0030,171,1
c0030,173,1
c0030,174,2
c0030,176,2
c0030,177,4
c0030,178,1
c0030,180,4
c0030,181,1
c0030,182,3
c0030,183,2
c0030,184,3
c0030,185,1
c0030,186,3
c0030,187,1
c0030,188,2
c0030,189,2
c0030,190,3
c0030,191,1
c0030,192,1
c0030,193,1
c0030,195,3
c0030,196,2
c0030,197,2
c0030,198,2
c0030,199,5
c0030,200,3
c0030,205,1
c0030,207,2
c0030,218,2
c0030,219,4
c0030,220,4
c0030,221,3
c0030,223,2
c0030,227,2
c0030,228,4
c0030,230,5
c0030,231,2
c0030,233,1
c0030,240,1
c0030,243,1
c0030,246,1
c0030,247,1
c0030,258,1
c0030,261,12
c0030,262,8
c0030,263,10
c0030,264,6
c0030,265,3
c0030,273,1
c0030,280,1
c0030,293,1
c0030,296,3
c0030,305,1
c0030,309,1
c0030,310,3
c0030,333,1
c0030,348,2
c0030,349,8
c0030,350,2
c0030,351,4
c0030,352,1
c0030,353,10
c0030,354,4
c0030,355,5
c0030,356,1
c0030,357,9
c0030,359,4
c0030,360,3
c0030,361,2
c0030,362,1
c0030,363,2
c0030,364,2
c0030,366,7
c0030,367,7
c0030,368,9
c0030,369,2
c0030,370,1
c0030,371,1
c0030,372,4
c0030,373,1
c0030,374,3
c0030,375,3
c0030,376,2
c0030,377,5
c0030,378,1
c0030,379,1
c0030,380,2
c0030,382,1
c0030,383,3
c0030,385,3
c0030,386,3
c0030,387,5
c0030,388,1
c0030,391,1
c0030,392,1
c0030,398,2
c0030,408,7
c0030,414,1
c0030,415,1
c0030,424,2
c0030,425,1
c0030,428,2
c0030,430,1
c0030,436,3
c0030,437,2
c0030,438,2
c0030,441,1
c0030,450,1
c0030,451,2
c0030,462,5
c0030,463,1
c0030,467,1
c0030,468,1
c0030,469,1
c0030,473,2
c0030,483,1
c0030,484,11
c0030,498,1
c0030,505,3
c0030,507,1
c0030,511,1
c0030,516,1
c0030,530,2
c0030,532,3
c0030,533,4
c0030,535,6
c0030,540,1
c0030,542,1
c0030,557,1
c0030,568,2
c0030,569,2
c0030,570,1
c0030,571,2
c0030,572,2
c0030,579,2
c0030,580,1
c0030,581,1
c0030,585,1
c0030,588,3
c0030,589,1
c0030,603,3
c0030,604,2
c0030,622,12
c0030,623,6
c0030,624,9
c0030,625,4
c0030,626,14
c0030,627,5
c0030,629,12
c0030,632,8
c0030,633,13
c0030,634,14
c0030,635,5
c0030,636,6
c0030,637,1
c0030,640,1
c0030,648,1
c0030,653,9
c0030,654,6
c0030,657,2
c0030,672,1
c0030,686,1
c0030,689,1
c0030,694,2
c0030,695,2
c0030,701,2
c0030,706,2
c0030,735,1
c0030,767,4
c0030,768,9
c0030,769,2
c0030,770,4
c0030,771,4
c0030,772,10
c0030,773,2
c0030,774,2
c0030,775,8
c0030,776,2
c0030,777,12
c0030,779,3
c0030,780,4
c0030,781,1
c0030,782,2
c0030,784,7
c0030,785,1
c0030,787,1
c0030,790,2
c0030,792,4
c0030,793,1
c0030,794,1
c0030,796,1
c0030,808,3
c0030,811,1
c0030,818,4
c0030,820,1
c0030,822,1
c0030,824,2
c0030,838,53
c0030,839,53
c0030,840,55
c0030,841,66
c0030,842,34
c0030,843,13
c0030,844,9
c0030,845,38
c0030,846,27
c0030,848,28
c0030,849,26
c0030,850,3
c0030,851,2
c0030,853,1
c0030,855,28
c0030,856,5
c0030,857,2
c0030,858,3
c0030,859,2
c0030,860,2
c0030,861,3
c0030,862,2
c0030,863,2
c0030,864,1
c0030,867,3
c0030,885,1
c0030,888,4
c0030,889,2
c0030,890,3
c0030,897,2
c0030,905,1
c0030,907,6
c0030,914,1
c0030,915,1
c0030,917,1
c0030,918,1
c0030,922,1
c0030,923,1
c0030,926,1
c0030,929,1
c0030,932,2
c0031,0,372
c0031,1,56
c0031,2,238
c0031,3,27
c0031,4,17
c0031,5,17
c0031,6,15
c0031,7,11
c0031,8,87
c0031,9,6
c0031,11,10
c0031,12,47
c0031,13,40
c0031,14,10
c0031,15,20
c0031,16,50
c0031,17,57
c0031,18,45
c0031,19,14
c0031,20,13
c0031,21,7
c0031,23,68
c0031,24,37
c0031,25,5
c0031,26,15
c0031,27,20
c0031,28,64
c0031,29,26
c0031,30,24
c0031,32,13
c0031,33,141
c0031,34,12
c0031,35,113
c0031,36,8
c0031,37,2
c0031,38,15
c0031,39,10
c0031,40,18
c0031,41,18
c0031,42,1
c0031,43,34
c0031,44,20
c0031,45,12
c0031,46,8
c0031,47,15
c0031,48,1
c0031,49,5
c0031,50,20
c0031,51,7
c0031,52,7
c0031,53,4
c0031,54,30
c0031,55,20
c0031,56,28
c0031,57,29
c0031,58,4
c0031,59,5
c0031,60,2
c0031,61,33
c0031,62,1
c0031,63,76
c0031,64,7
c0031,65,6
c0031,66,152
c0031,67,145
c0031,68,593
c0031,69,395
c0031,70,22
c0031,71,3
c0031,72,8
c0031,73,7
c0031,74,41
c0031,75,91
c0031,76,88
c0031,77,10
c0031,78,3
c0031,79,12
c0031,80,6
c0031,81,1
c0031,83,302
c0031,84,150
c0031,85,160
c0031,86,135
c0031,87,67
c0031,88,98
c0031,89,72
c0031,90,10
c0031,91,24
c0031,93,55
c0031,94,6
c0031,95,3
c0031,96,51
c0031,97,24
c0031,98,40
c0031,99,7
c0031,100,85
c0031,101,56
c0031,102,37
c0031,103,90
c0031,104,8
c0031,105,7
c0031,106,134
c0031,107,36
c0031,108,46
c0031,109,11
c0031,110,155
c0031,111,27
c0031,112,74
c0031,113,52
c0031,114,107
c0031,115,10
c0031,116,7
c0031,117,20
c0031,118,14
c0031,119,11
c0031,122,19
c0031,124,127
c0031,125,124
c0031,126,74
c0031,127,26
c0031,128,18
c0031,129,7
c0031,130,21
c0031,131,108
c0031,132,36
c0031,133,31
c0031,134,1
c0031,135,53
c0031,136,3
c0031,137,6
c0031,138,302
c0031,139,150
c0031,140,119
c0031,141,87
c0031,142,53
c0031,143,38
c0031,144,12
c0031,145,59
c0031,146,88
c0031,147,40
c0031,148,93
c0031,149,85
c0031,150,53
c0031,151,61
c0031,152,54
c0031,153,81
c0031,154,30
c0031,155,25
c0031,156,127
c0031,157,119
c0031,158,110
c0031,159,55
c0031,160,91
c0031,161,92
c0031,162,70
c0031,163,46
c0031,164,96
c0031,165,46
c0031,166,70
c0031,167,42
c0031,168,74
c0031,169,47
c0031,170,71
c0031,171,73
c0031,172,122
c0031,173,67
c0031,174,46
c0031,175,121
c0031,176,37
c0031,177,25
c0031,178,97
c0031,179,87
c0031,180,56
c0031,181,89
c0031,182,8
c0031,183,60
c0031,184,28
c0031,185,77
c0031,186,43
c0031,187,22
c0031,188,112
c0031,189,60
c0031,190,50
c0031,191,64
c0031,192,57
c0031,193,46
c0031,194,79
c0031,195,54
c0031,196,72
c0031,197,19
c0031,198,60
c0031,199,56
c0031,200,97
c0031,201,73
c0031,202,53
c0031,203,21
c0031,204,10
c0031,205,31
c0031,206,70
c0031,207,167
c0031,208,52
c0031,209,64
c0031,210,8
c0031,211,11
c0031,212,40
c0031,213,15
c0031,214,77
c0031,215,43
c0031,216,3
c0031,217,4
c0031,218,3
c0031,220,22
c0031,221,68
c0031,222,9
c0031,224,2
c0031,225,7
c0031,226,15
c0031,227,14
c0031,228,14
c0031,229,11
c0031,230,15
c0031,231,7
c0031,232,9
c0031,233,13
c0031,234,21
c0031,235,2
c0031,236,7
c0031,237,43
c0031,238,101
c0031,239,118
c0031,240,40
c0031,242,35
c0031,243,82
c0031,244,1
c0031,245,32
c0031,246,2
c0031,247,19
c0031,248,86
c0031,249,7
c0031,250,80
c0031,251,77
c0031,252,22
c0031,253,29
c0031,254,23
c0031,255,8
c0031,256,58
c0031,257,55
c0031,258,10
c0031,259,7
c0031,260,7
c0031,261,6
c0031,262,8
c0031,263,7
c0031,264,1
c0031,265,5
c0031,266,29
c0031,267,36
c0031,268,24
c0031,269,33
c0031,270,5
c0031,271,23
c0031,272,105
c0031,273,88
c0031,274,92
c0031,275,2
c0031,276,62
c0031,277,56
c0031,278,25
c0031,279,18
c0031,280,14
c0031,281,3
c0031,282,4
c0031,283,6
c0031,284,8
c0031,285,5
c0031,286,12
c0031,287,6
c0031,288,5
c0031,289,19
c0031,291,21
c0031,292,3
c0031,294,2
c0031,297,1
c0031,298,3
c0031,299,2
c0031,300,2
c0031,301,4
c0031,302,2
c0031,303,10
c0031,304,4
c0031,305,83
c0031,306,192
c0031,307,56
c0031,308,181
c0031,309,180
c0031,310,187
c0031,311,141
c0031,312,132
c0031,313,140
c0031,314,178
c0031,315,29
c0031,316,154
c0031,317,111
c0031,318,86
c0031,319,193
c0031,320,113
c0031,321,45
c0031,322,105
c0031,323,89
c0031,324,151
c0031,325,107
c0031,326,117
c0031,327,62
c0031,328,108
c0031,329,117
c0031,330,93
c0031,331,125
c0031,332,103
c0031,333,104
c0031,334,145
c0031,335,79
c0031,336,179
c0031,337,44
c0031,338,2
c0031,339,60
c0031,340,143
c0031,341,57
c0031,342,50
c0031,343,107
c0031,344,82
c0031,345,97
c0031,346,54
c0031,347,83
c0031,348,16
c0031,349,36
c0031,350,15
c0031,351,42
c0031,352,2
c0031,353,3
c0031,354,112
c0031,355,34
c0031,356,18
c0031,357,3
c0031,358,1
c0031,359,104
c0031,360,30
c0031,361,27
c0031,362,29
c0031,363,21
c0031,364,28
c0031,365,19
c0031,366,30
c0031,367,28
c0031,368,23
c0031,370,5
c0031,371,5
c0031,372,1
c0031,373,49
c0031,374,1
c0031,376,4
c0031,377,38
c0031,378,36
c0031,379,12
c0031,380,1
c0031,381,41
c0031,382,18
c0031,384,8
c0031,385,32
c0031,386,16
c0031,387,15
c0031,388,2
c0031,389,2
c0031,390,217
c0031,391,224
c0031,392,209
c0031,393,101
c0031,394,89
c0031,395,26
c0031,396,56
c0031,397,53
c0031,398,6
c0031,399,50
c0031,400,50
c0031,401,25
c0031,402,78
c0031,403,19
c0031,404,12
c0031,405,24
c0031,406,19
c0031,407,4
c0031,408,22
c0031,409,4
c0031,410,5
c0031,411,7
c0031,412,159
c0031,413,41
c0031,414,20
c0031,415,43
c0031,416,40
c0031,417,24
c0031,418,54
c0031,419,6
c0031,420,1
c0031,421,6
c0031,422,4
c0031,423,11
c0031,425,18
c0031,426,18
c0031,427,58
c0031,428,117
c0031,429,16
c0031,430,3
c0031,431,41
c0031,432,6
c0031,433,11
c0031,434,2
c0031,435,6
c0031,436,5
c0031,437,19
c0031,440,21
c0031,441,15
c0031,442,26
c0031,443,1
c0031,444,11
c0031,445,190
c0031,446,98
c0031,447,135
c0031,448,59
c0031,449,70
c0031,450,127
c0031,451,183
c0031,452,193
c0031,453,95
c0031,454,189
c0031,455,119
c0031,456,81
c0031,457,58
c0031,458,47
c0031,459,39
c0031,460,233
c0031,461,178
c0031,462,181
c0031,463,15
c0031,464,32
c0031,465,88
c0031,466,18
c0031,467,13
c0031,468,25
c0031,469,3
c0031,470,3
c0031,471,175
c0031,472,246
c0031,473,223
c0031,474,430
c0031,475,96
c0031,476,86
c0031,477,44
c0031,478,20
c0031,479,137
c0031,480,74
c0031,481,150
c0031,482,48
c0031,483,29
c0031,484,126
c0031,485,55
c0031,486,91
c0031,487,26
c0031,488,12
c0031,489,5
c0031,490,14
c0031,492,12
c0031,493,5
c0031,494,7
c0031,495,10
c0031,496,20
c0031,497,14
c0031,498,15
c0031,499,21
c0031,500,12
c0031,501,19
c0031,502,2
c0031,505,9
c0031,507,12
c0031,509,54
c0031,510,47
c0031,511,44
c0031,512,59
c0031,513,43
c0031,514,21
c0031,515,10
c0031,516,24
c0031,517,11
c0031,518,19
c0031,519,15
c0031,520,37
c0031,521,20
c0031,522,39
c0031,523,55
c0031,524,27
c0031,525,15
c0031,526,23
c0031,527,10
c0031,528,14
c0031,529,30
c0031,530,23
c0031,531,24
c0031,532,10
c0031,533,4
c0031,534,13
c0031,535,16
c0031,536,16
c0031,537,31
c0031,538,8
c0031,539,14
c0031,540,3
c0031,541,4
c0031,542,11
c0031,543,14
c0031,544,14
c0031,545,14
c0031,546,146
c0031,547,11
c0031,548,5
c0031,549,18
c0031,550,23
c0031,551,2
c0031,552,19
c0031,553,51
c0031,554,23
c0031,555,10
c0031,556,30
c0031,557,40
c0031,558,44
c0031,559,27
c0031,560,6
c0031,561,37
c0031,562,11
c0031,563,1
c0031,564,55
c0031,565,28
c0031,566,3
c0031,567,91
c0031,568,79
c0031,569,23
c0031,570,42
c0031,571,20
c0031,572,17
c0031,573,5
c0031,574,12
c0031,575,9
c0031,576,19
c0031,577,22
c0031,578,18
c0031,579,14
c0031,580,17
c0031,581,2
c0031,583,5
c0031,584,7
c0031,585,6
c0031,586,67
c0031,587,6
c0031,588,10
c0031,589,18
c0031,590,5
c0031,591,9
c0031,593,14
c0031,594,17
c0031,595,20
c0031,596,42
c0031,597,34
c0031,598,39
c0031,599,22
c0031,600,13
c0031,601,24
c0031,602,29
c0031,603,15
c0031,604,17
c0031,605,34
c0031,606,5
c0031,607,2
c0031,608,24
c0031,609,44
c0031,610,20
c0031,611,24
c0031,613,42
c0031,614,37
c0031,615,35
c0031,616,49
c0031,617,13
c0031,618,18
c0031,619,13
c0031,620,28
c0031,621,92
c0031,622,69
c0031,623,94
c0031,624,15
c0031,625,1
c0031,626,29
c0031,627,77
c0031,628,48
c0031,629,36
c0031,630,6
c0031,631,32
c0031,632,6
c0031,633,12
c0031,634,46
c0031,635,14
c0031,636,16
c0031,637,3
c0031,638,18
c0031,639,31
c0031,640,20
c0031,641,16
c0031,642,13
c0031,643,3
c0031,644,2
c0031,645,20
c0031,647,4
c0031,648,5
c0031,649,14
c0031,650,19
c0031,651,8
c0031,652,6
c0031,654,5
c0031,655,9
c0031,656,6
c0031,657,4
c0031,658,2
c0031,659,5
c0031,660,116
c0031,661,43
c0031,662,4
c0031,663,8
c0031,664,8
c0031,665,8
c0031,666,54
c0031,667,4
c0031,668,11
c0031,669,17
c0031,670,54
c0031,671,7
c0031,672,4
c0031,673,1
c0031,675,2
c0031,676,6
c0031,677,13
c0031,678,5
c0031,680,13
c0031,681,2
c0031,682,1
c0031,683,4
c0031,684,11
c0031,685,52
c0031,686,65
c0031,687,11
c0031,688,25
c0031,689,16
c0031,690,3
c0031,691,12
c0031,692,22
c0031,693,3
c0031,694,53
c0031,695,84
c0031,696,26
c0031,697,47
c0031,698,70
c0031,699,100
c0031,700,66
c0031,701,96
c0031,702,96
c0031,703,112
c0031,704,41
c0031,705,54
c0031,706,59
c0031,707,45
c0031,708,33
c0031,709,71
c0031,710,10
c0031,711,47
c0031,712,22
c0031,713,27
c0031,714,90
c0031,715,35
c0031,716,10
c0031,717,12
c0031,718,24
c0031,719,27
c0031,720,49
c0031,721,54
c0031,722,5
c0031,723,27
c0031,724,47
c0031,725,17
c0031,726,9
c0031,729,20
c0031,730,17
c0031,731,9
c0031,732,14
c0031,733,8
c0031,734,13
c0031,735,64
c0031,736,56
c0031,737,20
c0031,738,7
c0031,739,38
c0031,740,14
c0031,741,61
c0031,742,7
c0031,743,61
c0031,744,16
c0031,745,42
c0031,746,8
c0031,747,30
c0031,748,33
c0031,749,31
c0031,750,30
c0031,751,18
c0031,752,140
c0031,753,88
c0031,754,6
c0031,755,48
c0031,756,4
c0031,757,3
c0031,758,134
c0031,759,6
c0031,760,58
c0031,761,58
c0031,762,43
c0031,763,35
c0031,764,39
c0031,765,17
c0031,766,8
c0031,767,6
c0031,768,23
c0031,769,10
c0031,770,114
c0031,771,49
c0031,772,2
c0031,773,2
c0031,774,35
c0031,775,67
c0031,776,40
c0031,777,26
c0031,778,12
c0031,779,20
c0031,780,34
c0031,781,32
c0031,782,37
c0031,783,7
c0031,784,13
c0031,785,7
c0031,786,37
c0031,787,45
c0031,789,18
c0031,790,14
c0031,791,33
c0031,792,55
c0031,793,13
c0031,794,40
c0031,795,14
c0031,796,8
c0031,797,40
c0031,798,40
c0031,799,31
c0031,800,54
c0031,801,64
c0031,802,60
c0031,803,18
c0031,804,31
c0031,805,49
c0031,806,78
c0031,807,40
c0031,808,21
c0031,809,48
c0031,810,50
c0031,811,7
c0031,812,6
c0031,813,208
c0031,814,91
c0031,815,211
c0031,816,25
c0031,817,11
c0031,818,24
c0031,819,43
c0031,820,4
c0031,821,4
c0031,822,5
c0031,823,212
c0031,824,132
c0031,825,9
c0031,826,217
c0031,827,18
c0031,828,22
c0031,829,68
c0031,830,41
c0031,831,40
c0031,832,3
c0031,833,11
c0031,834,48
c0031,835,35
c0031,836,19
c0031,837,1
c0031,838,22
c0031,839,22
c0031,840,8
c0031,841,16
c0031,842,23
c0031,843,30
c0031,844,37
c0031,845,30
c0031,846,33
c0032,23,2
c0032,26,2
c0032,31,2
c0032,33,41
c0032,35,53
c0032,40,20
c0032,41,20
c0032,43,3
c0032,44,2
c0032,47,4
c0032,48,1
c0032,54,1
c0032,63,121
c0032,64,1
c0032,66,1
c0032,68,1
c0032,74,4
c0032,89,1
c0032,90,4
c0032,91,4
c0032,93,1
c0032,97,2
c0032,98,1
c0032,106,1
c0032,112,1
c0032,113,1
c0032,116,4
c0032,117,7
c0032,118,2
c0032,119,9
c0032,122,4
c0032,124,1
c0032,125,1
c0032,131,22
c0032,132,6
c0032,134,1
c0032,137,1
c0032,140,11
c0032,141,2
c0032,142,4
c0032,143,2
c0032,144,2
c0032,145,6
c0032,146,8
c0032,147,4
c0032,148,10
c0032,149,2
c0032,151,5
c0032,152,3
c0032,153,8
c0032,154,1
c0032,156,5
c0032,157,12
c0032,158,4
c0032,159,2
c0032,160,9
c0032,161,9
c0032,162,2
c0032,163,4
c0032,164,6
c0032,165,4
c0032,166,5
c0032,167,2
c0032,168,3
c0032,169,4
c0032,170,3
c0032,171,3
c0032,172,9
c0032,173,6
c0032,174,1
c0032,175,6
c0032,176,2
c0032,177,1
c0032,178,4
c0032,179,7
c0032,180,5
c0032,181,3
c0032,183,5
c0032,184,1
c0032,185,2
c0032,186,2
c0032,187,5
c0032,188,4
c0032,189,2
c0032,190,8
c0032,191,2
c0032,192,2
c0032,193,1
c0032,194,6
c0032,195,5
c0032,196,4
c0032,197,3
c0032,198,7
c0032,199,3
c0032,200,3
c0032,201,4
c0032,202,1
c0032,203,1
c0032,204,1
c0032,205,6
c0032,206,5
c0032,207,7
c0032,208,1
c0032,209,5
c0032,211,2
c0032,212,1
c0032,216,1
c0032,220,2
c0032,225,25
c0032,226,1
c0032,227,1
c0032,229,3
c0032,238,1
c0032,243,2
c0032,245,1
c0032,250,2
c0032,253,1
c0032,259,1
c0032,264,2
c0032,276,1
c0032,277,2
c0032,298,1
c0032,299,1
c0032,305,1
c0032,306,2
c0032,308,4
c0032,309,5
c0032,310,2
c0032,311,2
c0032,312,3
c0032,313,3
c0032,314,5
c0032,316,3
c0032,317,4
c0032,318,5
c0032,319,3
c0032,320,3
c0032,321,1
c0032,322,2
c0032,323,1
c0032,324,1
c0032,325,1
c0032,327,3
c0032,329,2
c0032,330,4
c0032,332,1
c0032,333,3
c0032,335,1
c0032,336,1
c0032,337,2
c0032,339,2
c0032,340,1
c0032,345,1
c0032,350,4
c0032,356,2
c0032,362,2
c0032,363,1
c0032,364,2
c0032,366,2
c0032,368,2
c0032,372,2
c0032,373,1
c0032,378,1
c0032,386,1
c0032,387,1
c0032,389,1
c0032,390,2
c0032,391,1
c0032,392,3
c0032,396,3
c0032,397,3
c0032,398,1
c0032,399,1
c0032,401,1
c0032,404,1
c0032,407,2
c0032,408,1
c0032,414,1
c0032,415,21
c0032,416,23
c0032,417,11
c0032,418,33
c0032,419,3
c0032,420,1
c0032,421,1
c0032,423,1
c0032,425,2
c0032,427,1
c0032,437,1
c0032,442,9
c0032,445,13
c0032,446,3
c0032,447,22
c0032,448,8
c0032,449,7
c0032,450,11
c0032,451,21
c0032,452,8
c0032,453,7
c0032,454,17
c0032,455,10
c0032,456,12
c0032,457,2
c0032,468,2
c0032,472,1
c0032,473,3
c0032,481,1
c0032,482,3
c0032,483,1
c0032,484,330
c0032,485,147
c0032,486,69
c0032,494,2
c0032,495,3
c0032,496,9
c0032,497,8
c0032,498,4
c0032,499,5
c0032,500,1
c0032,501,3
c0032,505,10
c0032,507,4
c0032,509,7
c0032,510,5
c0032,511,22
c0032,512,27
c0032,513,30
c0032,514,4
c0032,515,2
c0032,516,7
c0032,517,3
c0032,518,6
c0032,519,2
c0032,520,14
c0032,521,4
c0032,522,16
c0032,523,12
c0032,524,22
c0032,525,4
c0032,526,11
c0032,527,6
c0032,528,8
c0032,529,14
c0032,530,9
c0032,531,5
c0032,532,6
c0032,534,7
c0032,535,6
c0032,536,13
c0032,537,8
c0032,539,6
c0032,540,1
c0032,541,2
c0032,542,5
c0032,543,29
c0032,544,13
c0032,546,6
c0032,547,16
c0032,549,1
c0032,554,1
c0032,556,3
c0032,557,2
c0032,558,1
c0032,559,2
c0032,560,1
c0032,561,4
c0032,564,3
c0032,565,2
c0032,567,4
c0032,568,2
c0032,570,2
c0032,574,2
c0032,575,2
c0032,576,5
c0032,577,1
c0032,578,2
c0032,587,1
c0032,592,1
c0032,594,1
c0032,596,2
c0032,597,5
c0032,599,1
c0032,602,2
c0032,608,1
c0032,609,1
c0032,611,2
c0032,616,4
c0032,619,4
c0032,621,1
c0032,629,3
c0032,630,2
c0032,634,4
c0032,636,2
c0032,638,2
c0032,639,5
c0032,640,8
c0032,641,1
c0032,645,2
c0032,649,2
c0032,650,1
c0032,655,1
c0032,658,1
c0032,660,1
c0032,661,1
c0032,664,5
c0032,669,1
c0032,670,1
c0032,672,1
c0032,677,1
c0032,678,1
c0032,685,1
c0032,686,1
c0032,694,2
c0032,695,6
c0032,696,1
c0032,697,4
c0032,699,3
c0032,700,3
c0032,701,1
c0032,702,3
c0032,703,14
c0032,704,1
c0032,705,10
c0032,706,5
c0032,707,1
c0032,708,1
c0032,709,9
c0032,711,4
c0032,712,7
c0032,713,2
c0032,714,3
c0032,717,1
c0032,719,1
c0032,720,4
c0032,721,5
c0032,739,2
c0032,741,1
c0032,745,1
c0032,751,1
c0032,752,2
c0032,761,1
c0032,762,1
c0032,764,1
c0032,765,1
c0032,767,1
c0032,768,1
c0032,769,1
c0032,774,3
c0032,775,6
c0032,776,5
c0032,777,26
c0032,778,1
c0032,779,4
c0032,780,1
c0032,781,4
c0032,782,2
c0032,783,1
c0032,785,3
c0032,786,1
c0032,788,1
c0032,792,1
c0032,794,1
c0032,798,1
c0032,801,1
c0032,802,2
c0032,805,2
c0032,806,9
c0032,807,1
c0032,809,5
c0032,810,3
c0032,811,2
c0032,820,2
c0032,821,2
c0032,823,1
c0032,830,2
c0032,831,4
c0032,835,2
c0032,839,2
c0032,840,1
c0032,841,5
c0032,844,2
c0032,846,3
c0033,5,2
c0033,7,2
c0033,8,2
c0033,9,1
c0033,11,2
c0033,24,5
c0033,26,2
c0033,29,5
c0033,71,1
c0033,72,3
c0033,73,1
c0033,130,1
c0033,142,1
c0033,148,1
c0033,150,1
c0033,151,1
c0033,152,2
c0033,153,1
c0033,154,2
c0033,158,2
c0033,161,1
c0033,162,2
c0033,164,1
c0033,165,2
c0033,173,1
c0033,176,1
c0033,183,1
c0033,188,1
c0033,192,3
c0033,194,3
c0033,202,1
c0033,208,3
c0033,273,5
c0033,274,2
c0033,276,4
c0033,277,3
c0033,278,1
c0033,289,1
c0033,306,16
c0033,307,4
c0033,308,4
c0033,309,12
c0033,310,17
c0033,311,3
c0033,312,2
c0033,313,1
c0033,314,2
c0033,316,14
c0033,317,2
c0033,318,17
c0033,319,5
c0033,320,7
c0033,321,1
c0033,322,11
c0033,323,2
c0033,324,3
c0033,325,3
c0033,326,2
c0033,327,4
c0033,328,2
c0033,329,2
c0033,330,3
c0033,331,4
c0033,332,12
c0033,333,2
c0033,334,12
c0033,335,7
c0033,336,14
c0033,337,3
c0033,338,1
c0033,339,14
c0033,340,5
c0033,341,2
c0033,342,1
c0033,343,10
c0033,344,3
c0033,345,1
c0033,346,18
c0033,347,2
c0033,348,2
c0033,349,2
c0033,354,7
c0033,356,1
c0033,359,7
c0033,360,4
c0033,361,1
c0033,365,1
c0033,385,4
c0033,386,3
c0033,387,2
c0033,389,2
c0033,390,2
c0033,391,1
c0033,427,6
c0033,428,7
c0033,429,4
c0033,430,3
c0033,431,6
c0033,432,1
c0033,437,1
c0033,440,1
c0033,456,1
c0033,482,1
c0033,487,3
c0033,488,1
c0033,489,2
c0033,490,1
c0033,492,2
c0033,493,4
c0033,496,1
c0033,510,1
c0033,511,1
c0033,512,1
c0033,534,1
c0033,537,1
c0033,568,2
c0033,604,2
c0033,610,2
c0033,623,1
c0033,654,1
c0033,660,1
c0033,709,1
c0033,787,1
c0033,788,1
c0033,789,1
c0033,790,1
c0033,791,1
c0033,792,1
c0033,794,1
c0033,815,1
c0033,830,1
c0034,20,2
c0034,22,6
c0034,38,1
c0034,39,2
c0034,55,1
c0034,63,2
c0034,79,1
c0034,82,1
c0034,85,1
c0034,90,1
c0034,97,1
c0034,98,1
c0034,99,1
c0034,103,1
c0034,106,3
c0034,110,3
c0034,116,1
c0034,118,2
c0034,122,2
c0034,124,1
c0034,127,12
c0034,130,7
c0034,140,29
c0034,141,21
c0034,142,12
c0034,143,9
c0034,145,11
c0034,146,27
c0034,147,7
c0034,148,27
c0034,149,35
c0034,150,24
c0034,151,37
c0034,152,37
c0034,153,21
c0034,154,7
c0034,155,13
c0034,156,27
c0034,157,38
c0034,158,16
c0034,159,18
c0034,160,13
c0034,161,32
c0034,162,18
c0034,163,11
c0034,164,23
c0034,165,27
c0034,166,30
c0034,167,18
c0034,168,27
c0034,169,21
c0034,170,13
c0034,171,13
c0034,172,26
c0034,173,12
c0034,174,15
c0034,175,23
c0034,176,8
c0034,177,16
c0034,178,10
c0034,179,16
c0034,180,27
c0034,181,11
c0034,183,28
c0034,184,7
c0034,185,10
c0034,186,13
c0034,187,3
c0034,188,14
c0034,189,9
c0034,190,32
c0034,191,13
c0034,192,12
c0034,193,9
c0034,194,13
c0034,195,22
c0034,196,16
c0034,198,20
c0034,199,17
c0034,200,14
c0034,201,21
c0034,202,11
c0034,203,8
c0034,204,1
c0034,205,7
c0034,206,9
c0034,207,35
c0034,208,8
c0034,209,22
c0034,210,1
c0034,213,1
c0034,229,1
c0034,254,1
c0034,256,1
c0034,268,2
c0034,269,3
c0034,270,2
c0034,271,1
c0034,272,1
c0034,274,1
c0034,279,2
c0034,284,1
c0034,294,1
c0034,302,1
c0034,304,2
c0034,306,2
c0034,307,1
c0034,308,3
c0034,309,1
c0034,310,3
c0034,311,1
c0034,312,7
c0034,313,1
c0034,314,2
c0034,315,1
c0034,316,1
c0034,318,1
c0034,320,2
c0034,323,4
c0034,324,7
c0034,325,2
c0034,326,3
c0034,327,1
c0034,328,1
c0034,329,2
c0034,331,1
c0034,332,1
c0034,333,1
c0034,334,2
c0034,335,1
c0034,336,2
c0034,343,4
c0034,344,2
c0034,345,3
c0034,346,1
c0034,347,2
c0034,354,5
c0034,366,3
c0034,378,1
c0034,385,1
c0034,387,1
c0034,390,1
c0034,391,1
c0034,392,1
c0034,396,1
c0034,397,2
c0034,402,1
c0034,405,1
c0034,418,1
c0034,428,5
c0034,431,2
c0034,434,5
c0034,435,2
c0034,442,3
c0034,444,2
c0034,449,1
c0034,451,1
c0034,453,1
c0034,466,5
c0034,467,1
c0034,468,3
c0034,471,2
c0034,473,1
c0034,474,3
c0034,476,2
c0034,479,2
c0034,485,2
c0034,487,9
c0034,488,2
c0034,492,2
c0034,494,2
c0034,495,2
c0034,496,1
c0034,497,3
c0034,499,3
c0034,504,1
c0034,509,10
c0034,510,4
c0034,511,3
c0034,512,8
c0034,513,6
c0034,514,1
c0034,516,1
c0034,517,2
c0034,520,1
c0034,521,2
c0034,522,5
c0034,523,5
c0034,524,4
c0034,525,2
c0034,526,5
c0034,528,5
c0034,529,4
c0034,530,7
c0034,531,1
c0034,532,1
c0034,534,1
c0034,535,2
c0034,536,2
c0034,537,4
c0034,538,3
c0034,539,1
c0034,546,27
c0034,552,1
c0034,554,1
c0034,556,2
c0034,557,2
c0034,559,4
c0034,561,2
c0034,562,3
c0034,564,1
c0034,567,3
c0034,568,3
c0034,572,1
c0034,574,2
c0034,576,2
c0034,577,1
c0034,578,1
c0034,580,3
c0034,591,1
c0034,593,2
c0034,596,4
c0034,598,1
c0034,602,2
c0034,603,1
c0034,604,1
c0034,605,2
c0034,607,1
c0034,608,2
c0034,609,3
c0034,611,1
c0034,613,1
c0034,614,1
c0034,615,2
c0034,616,2
c0034,618,1
c0034,621,1
c0034,640,4
c0034,641,2
c0034,649,2
c0034,652,1
c0034,668,25
c0034,673,3
c0034,674,1
c0034,676,1
c0034,681,1
c0034,694,3
c0034,695,10
c0034,696,2
c0034,697,5
c0034,698,4
c0034,699,12
c0034,700,4
c0034,701,4
c0034,702,11
c0034,703,6
c0034,705,14
c0034,706,5
c0034,707,1
c0034,708,1
c0034,709,10
c0034,710,3
c0034,711,3
c0034,714,5
c0034,716,2
c0034,718,5
c0034,719,9
c0034,720,9
c0034,721,16
c0034,724,2
c0034,729,3
c0034,730,5
c0034,731,4
c0034,732,1
c0034,735,2
c0034,739,1
c0034,743,1
c0034,748,1
c0034,752,1
c0034,753,1
c0034,757,2
c0034,760,1
c0034,762,1
c0034,764,1
c0034,768,1
c0034,770,1
c0034,772,2
c0034,775,1
c0034,782,1
c0034,785,1
c0034,792,1
c0034,797,2
c0034,799,2
c0034,800,1
c0034,802,1
c0034,807,1
c0034,809,1
c0034,822,1
c0034,823,1
c0034,826,1
c0034,829,3
c0034,831,1
c0034,836,1
c0034,838,1
c0034,839,1
c0034,842,8
c0034,843,3
c0034,844,8
c0034,845,3
c0034,846,3
c0035,0,94
c0035,1,18
c0035,2,66
c0035,3,5
c0035,4,1
c0035,7,18
c0035,8,3
c0035,11,13
c0035,12,1
c0035,13,24
c0035,15,12
c0035,16,1
c0035,17,9
c0035,19,6
c0035,20,1
c0035,21,1
c0035,23,2
c0035,24,1
c0035,26,7
c0035,27,4
c0035,28,4
c0035,29,3
c0035,30,5
c0035,32,7
c0035,33,97
c0035,34,21
c0035,35,62
c0035,36,3
c0035,38,79
c0035,39,90
c0035,40,102
c0035,41,103
c0035,42,14
c0035,43,10
c0035,44,8
c0035,45,20
c0035,46,1
c0035,47,3
c0035,49,13
c0035,50,12
c0035,51,2
c0035,52,3
c0035,53,10
c0035,54,53
c0035,55,31
c0035,56,7
c0035,57,35
c0035,58,28
c0035,59,6
c0035,60,4
c0035,61,38
c0035,62,10
c0035,63,205
c0035,64,125
c0035,65,97
c0035,66,61
c0035,67,65
c0035,68,10
c0035,69,5
c0035,70,5
c0035,71,1
c0035,72,2
c0035,73,3
c0035,74,136
c0035,75,8
c0035,76,7
c0035,79,7
c0035,80,6
c0035,83,3
c0035,84,5
c0035,85,13
c0035,86,57
c0035,87,4
c0035,88,15
c0035,89,18
c0035,90,15
c0035,91,14
c0035,93,4
c0035,95,1
c0035,96,3
c0035,97,3
c0035,98,100
c0035,99,35
c0035,100,5
c0035,101,2
c0035,103,8
c0035,104,1
c0035,105,3
c0035,106,65
c0035,108,2
c0035,110,110
c0035,112,40
c0035,113,36
c0035,114,20
c0035,116,8
c0035,117,59
c0035,118,31
c0035,119,3
c0035,122,34
c0035,123,1
c0035,124,144
c0035,125,96
c0035,126,75
c0035,127,25
c0035,128,26
c0035,129,3
c0035,130,18
c0035,131,70
c0035,132,33
c0035,135,4
c0035,137,1
c0035,138,116
c0035,139,60
c0035,140,40
c0035,141,42
c0035,142,44
c0035,143,16
c0035,144,5
c0035,145,34
c0035,146,34
c0035,147,10
c0035,148,42
c0035,149,35
c0035,150,61
c0035,151,48
c0035,152,46
c0035,153,52
c0035,154,28
c0035,155,28
c0035,156,45
c0035,157,52
c0035,158,46
c0035,159,61
c0035,160,30
c0035,161,29
c0035,162,31
c0035,163,19
c0035,164,42
c0035,165,34
c0035,166,68
c0035,167,18
c0035,168,32
c0035,169,70
c0035,170,20
c0035,171,33
c0035,172,51
c0035,173,42
c0035,174,23
c0035,175,29
c0035,176,25
c0035,177,20
c0035,178,37
c0035,179,28
c0035,180,65
c0035,181,35
c0035,182,5
c0035,183,36
c0035,184,14
c0035,185,20
c0035,186,38
c0035,187,7
c0035,188,24
c0035,189,21
c0035,190,58
c0035,191,35
c0035,192,56
c0035,193,39
c0035,194,19
c0035,195,41
c0035,196,45
c0035,197,7
c0035,198,32
c0035,199,57
c0035,200,39
c0035,201,25
c0035,202,15
c0035,203,22
c0035,204,22
c0035,205,28
c0035,206,21
c0035,207,55
c0035,208,10
c0035,209,33
c0035,210,4
c0035,211,21
c0035,212,2
c0035,213,35
c0035,214,41
c0035,215,36
c0035,216,64
c0035,218,63
c0035,219,21
c0035,220,3
c0035,221,1
c0035,222,8
c0035,224,1
c0035,225,8
c0035,226,7
c0035,229,8
c0035,230,10
c0035,231,4
c0035,232,2
c0035,233,1
c0035,234,2
c0035,236,2
c0035,237,70
c0035,238,32
c0035,239,1
c0035,240,31
c0035,242,55
c0035,243,12
c0035,244,8
c0035,245,6
c0035,246,9
c0035,247,7
c0035,248,109
c0035,249,4
c0035,250,85
c0035,251,105
c0035,252,6
c0035,253,11
c0035,254,26
c0035,255,2
c0035,256,139
c0035,257,132
c0035,258,21
c0035,259,25
c0035,260,19
c0035,261,21
c0035,262,30
c0035,263,16
c0035,264,14
c0035,265,22
c0035,266,18
c0035,267,19
c0035,268,104
c0035,269,107
c0035,270,46
c0035,271,45
c0035,276,1
c0035,277,2
c0035,278,2
c0035,279,49
c0035,280,60
c0035,281,5
c0035,282,9
c0035,283,16
c0035,284,22
c0035,285,16
c0035,286,10
c0035,287,5
c0035,289,134
c0035,290,3
c0035,291,15
c0035,292,24
c0035,293,9
c0035,294,18
c0035,297,9
c0035,298,16
c0035,299,9
c0035,300,8
c0035,301,18
c0035,302,5
c0035,303,6
c0035,304,2
c0035,305,16
c0035,306,32
c0035,307,6
c0035,308,19
c0035,309,23
c0035,310,30
c0035,311,24
c0035,312,20
c0035,313,45
c0035,314,24
c0035,315,3
c0035,316,19
c0035,317,11
c0035,318,15
c0035,319,29
c0035,320,12
c0035,321,5
c0035,322,12
c0035,323,13
c0035,324,17
c0035,325,13
c0035,326,14
c0035,327,9
c0035,328,9
c0035,329,16
c0035,330,21
c0035,331,19
c0035,332,12
c0035,333,13
c0035,334,50
c0035,335,9
c0035,336,26
c0035,337,11
c0035,338,7
c0035,339,16
c0035,340,38
c0035,341,8
c0035,343,31
c0035,344,30
c0035,345,12
c0035,346,38
c0035,347,9
c0035,349,4
c0035,350,9
c0035,351,2
c0035,353,1
c0035,354,14
c0035,356,2
c0035,359,6
c0035,360,5
c0035,361,4
c0035,362,5
c0035,363,24
c0035,364,58
c0035,365,30
c0035,366,37
c0035,367,65
c0035,368,51
c0035,369,5
c0035,370,15
c0035,371,34
c0035,372,9
c0035,373,21
c0035,374,5
c0035,375,2
c0035,376,1
c0035,377,20
c0035,378,67
c0035,379,60
c0035,380,10
c0035,381,111
c0035,382,7
c0035,383,11
c0035,384,28
c0035,385,33
c0035,386,19
c0035,387,20
c0035,388,3
c0035,389,2
c0035,390,194
c0035,391,163
c0035,392,255
c0035,393,29
c0035,394,98
c0035,395,19
c0035,396,88
c0035,397,119
c0035,398,11
c0035,399,13
c0035,400,71
c0035,401,64
c0035,402,120
c0035,403,49
c0035,404,1
c0035,405,8
c0035,407,2
c0035,408,6
c0035,409,5
c0035,410,3
c0035,411,2
c0035,412,8
c0035,413,126
c0035,414,76
c0035,415,90
c0035,416,73
c0035,417,30
c0035,418,78
c0035,419,2
c0035,420,46
c0035,421,3
c0035,422,8
c0035,423,22
c0035,425,54
c0035,426,43
c0035,427,57
c0035,428,43
c0035,429,7
c0035,431,30
c0035,432,3
c0035,433,10
c0035,434,16
c0035,435,6
c0035,437,10
c0035,439,8
c0035,440,15
c0035,441,2
c0035,442,2
c0035,444,1
c0035,445,29
c0035,446,25
c0035,447,31
c0035,448,6
c0035,449,7
c0035,450,21
c0035,451,34
c0035,452,11
c0035,453,15
c0035,454,24
c0035,455,19
c0035,456,7
c0035,457,9
c0035,458,152
c0035,459,121
c0035,460,98
c0035,461,64
c0035,462,99
c0035,463,28
c0035,464,14
c0035,465,49
c0035,466,15
c0035,467,3
c0035,468,10
c0035,469,1
c0035,470,5
c0035,471,14
c0035,472,56
c0035,473,88
c0035,474,96
c0035,475,20
c0035,476,61
c0035,477,10
c0035,478,1
c0035,479,51
c0035,480,12
c0035,481,126
c0035,482,36
c0035,483,14
c0035,484,1
c0035,486,4
c0035,487,3
c0035,489,1
c0035,490,4
c0035,491,2
c0035,493,3
c0035,494,56
c0035,495,32
c0035,496,67
c0035,497,53
c0035,498,32
c0035,499,52
c0035,500,63
c0035,501,68
c0035,502,18
c0035,503,2
c0035,504,2
c0035,505,50
c0035,507,54
c0035,509,34
c0035,510,23
c0035,511,20
c0035,512,22
c0035,513,24
c0035,514,7
c0035,515,3
c0035,516,14
c0035,517,9
c0035,518,14
c0035,519,17
c0035,520,41
c0035,521,18
c0035,522,34
c0035,523,51
c0035,524,44
c0035,525,24
c0035,526,13
c0035,527,41
c0035,528,40
c0035,529,29
c0035,530,21
c0035,531,15
c0035,532,25
c0035,533,23
c0035,534,14
c0035,535,46
c0035,536,21
c0035,537,21
c0035,538,4
c0035,539,12
c0035,540,5
c0035,541,4
c0035,542,12
c0035,543,50
c0035,544,36
c0035,545,10
c0035,546,22
c0035,547,38
c0035,549,2
c0035,550,1
c0035,551,1
c0035,552,7
c0035,553,4
c0035,554,3
c0035,555,4
c0035,556,30
c0035,557,56
c0035,558,45
c0035,559,27
c0035,560,21
c0035,561,55
c0035,562,28
c0035,563,7
c0035,564,95
c0035,565,5
c0035,567,83
c0035,568,81
c0035,569,16
c0035,570,29
c0035,571,12
c0035,572,11
c0035,573,10
c0035,574,14
c0035,575,17
c0035,576,6
c0035,577,25
c0035,578,30
c0035,579,11
c0035,580,15
c0035,581,11
c0035,582,2
c0035,583,41
c0035,584,13
c0035,585,8
c0035,586,8
c0035,587,1
c0035,588,3
c0035,589,6
c0035,591,69
c0035,592,1
c0035,593,38
c0035,594,5
c0035,595,13
c0035,596,18
c0035,597,23
c0035,598,21
c0035,599,12
c0035,600,3
c0035,601,36
c0035,602,5
c0035,603,14
c0035,604,3
c0035,605,38
c0035,606,11
c0035,607,3
c0035,608,35
c0035,609,39
c0035,610,28
c0035,611,19
c0035,612,2
c0035,613,85
c0035,614,10
c0035,615,33
c0035,616,49
c0035,617,14
c0035,618,9
c0035,619,14
c0035,620,18
c0035,621,21
c0035,622,11
c0035,623,90
c0035,624,30
c0035,625,2
c0035,626,14
c0035,627,27
c0035,628,17
c0035,629,19
c0035,630,8
c0035,631,24
c0035,632,2
c0035,633,2
c0035,634,44
c0035,635,2
c0035,636,7
c0035,638,23
c0035,639,35
c0035,640,28
c0035,641,20
c0035,642,18
c0035,643,21
c0035,644,8
c0035,645,13
c0035,646,1
c0035,647,1
c0035,648,6
c0035,649,13
c0035,650,18
c0035,651,19
c0035,652,14
c0035,653,26
c0035,654,6
c0035,655,1
c0035,656,10
c0035,657,1
c0035,658,5
c0035,659,2
c0035,660,4
c0035,661,1
c0035,662,1
c0035,664,4
c0035,665,4
c0035,667,1
c0035,669,9
c0035,672,92
c0035,673,104
c0035,674,111
c0035,675,15
c0035,676,22
c0035,677,30
c0035,678,12
c0035,680,4
c0035,681,7
c0035,682,4
c0035,683,7
c0035,684,5
c0035,685,4
c0035,686,13
c0035,687,2
c0035,688,6
c0035,689,3
c0035,691,5
c0035,692,7
c0035,693,6
c0035,694,6
c0035,695,15
c0035,696,41
c0035,697,8
c0035,698,14
c0035,699,16
c0035,700,9
c0035,701,29
c0035,702,17
c0035,703,24
c0035,704,2
c0035,705,42
c0035,706,18
c0035,707,7
c0035,708,12
c0035,709,21
c0035,710,4
c0035,711,12
c0035,712,10
c0035,713,7
c0035,714,15
c0035,716,5
c0035,718,6
c0035,719,7
c0035,720,11
c0035,721,69
c0035,722,2
c0035,723,2
c0035,724,6
c0035,725,5
c0035,726,3
c0035,727,1
c0035,729,2
c0035,730,4
c0035,731,3
c0035,733,67
c0035,734,11
c0035,735,36
c0035,736,76
c0035,737,9
c0035,738,5
c0035,739,20
c0035,740,5
c0035,741,9
c0035,742,3
c0035,743,25
c0035,744,12
c0035,745,32
c0035,746,1
c0035,747,23
c0035,748,29
c0035,749,25
c0035,750,1
c0035,751,13
c0035,752,31
c0035,753,16
c0035,754,38
c0035,755,1
c0035,756,15
c0035,757,7
c0035,759,12
c0035,760,9
c0035,761,32
c0035,762,24
c0035,763,24
c0035,764,30
c0035,765,12
c0035,766,5
c0035,767,11
c0035,768,25
c0035,769,15
c0035,770,22
c0035,771,50
c0035,772,1
c0035,773,1
c0035,774,37
c0035,775,63
c0035,776,52
c0035,777,188
c0035,778,87
c0035,779,92
c0035,780,39
c0035,781,34
c0035,782,48
c0035,783,27
c0035,784,43
c0035,785,17
c0035,786,1
c0035,787,2
c0035,788,1
c0035,789,3
c0035,791,1
c0035,793,1
c0035,794,2
c0035,797,8
c0035,798,15
c0035,799,7
c0035,800,16
c0035,801,46
c0035,802,51
c0035,803,1
c0035,804,5
c0035,805,22
c0035,806,38
c0035,807,12
c0035,808,11
c0035,809,29
c0035,810,5
c0035,812,1
c0035,813,4
c0035,814,1
c0035,815,3
c0035,816,1
c0035,817,1
c0035,819,1
c0035,820,114
c0035,821,78
c0035,822,140
c0035,823,22
c0035,824,36
c0035,825,1
c0035,826,18
c0035,827,8
c0035,829,6
c0035,830,34
c0035,831,38
c0035,832,14
c0035,833,13
c0035,834,36
c0035,835,74
c0035,836,4
c0035,837,2
c0035,838,23
c0035,839,49
c0035,840,53
c0035,841,42
c0035,842,17
c0035,843,29
c0035,844,10
c0035,845,8
c0035,846,13
c0036,3,1
c0036,13,1
c0036,17,1
c0036,40,1
c0036,41,1
c0036,63,4
c0036,90,1
c0036,98,2
c0036,107,1
c0036,117,2
c0036,118,1
c0036,122,1
c0036,128,1
c0036,130,1
c0036,131,1
c0036,133,1
c0036,140,51
c0036,141,24
c0036,142,11
c0036,143,9
c0036,144,1
c0036,145,7
c0036,146,6
c0036,147,11
c0036,148,58
c0036,149,8
c0036,150,2
c0036,151,12
c0036,152,12
c0036,153,70
c0036,154,2
c0036,155,3
c0036,156,49
c0036,157,108
c0036,158,21
c0036,159,7
c0036,160,37
c0036,161,42
c0036,162,43
c0036,163,14
c0036,164,12
c0036,165,7
c0036,166,19
c0036,167,8
c0036,168,26
c0036,169,16
c0036,170,25
c0036,171,18
c0036,172,72
c0036,173,2
c0036,174,8
c0036,175,84
c0036,176,6
c0036,177,2
c0036,178,65
c0036,179,44
c0036,180,22
c0036,181,33
c0036,182,3
c0036,183,14
c0036,184,15
c0036,185,34
c0036,186,3
c0036,187,10
c0036,188,70
c0036,189,36
c0036,190,13
c0036,191,2
c0036,192,21
c0036,193,10
c0036,194,74
c0036,195,12
c0036,196,33
c0036,198,22
c0036,199,7
c0036,200,21
c0036,201,13
c0036,202,8
c0036,203,1
c0036,204,1
c0036,205,6
c0036,206,62
c0036,207,80
c0036,208,9
c0036,209,8
c0036,211,1
c0036,229,1
c0036,230,1
c0036,231,1
c0036,234,1
c0036,250,2
c0036,263,1
c0036,264,1
c0036,265,1
c0036,268,1
c0036,273,1
c0036,274,1
c0036,279,1
c0036,280,1
c0036,299,1
c0036,302,1
c0036,303,2
c0036,305,2
c0036,306,27
c0036,307,5
c0036,308,16
c0036,309,18
c0036,310,17
c0036,311,14
c0036,312,8
c0036,313,4
c0036,314,10
c0036,315,2
c0036,316,5
c0036,317,20
c0036,318,10
c0036,319,6
c0036,320,12
c0036,321,9
c0036,322,7
c0036,323,4
c0036,324,21
c0036,325,12
c0036,326,2
c0036,327,6
c0036,328,2
c0036,329,7
c0036,330,8
c0036,331,1
c0036,332,20
c0036,333,1
c0036,334,6
c0036,335,8
c0036,336,8
c0036,337,11
c0036,340,8
c0036,341,5
c0036,342,1
c0036,343,3
c0036,344,1
c0036,346,1
c0036,347,3
c0036,349,2
c0036,350,4
c0036,351,4
c0036,360,3
c0036,362,1
c0036,363,1
c0036,364,1
c0036,365,1
c0036,368,1
c0036,378,2
c0036,381,1
c0036,385,3
c0036,387,1
c0036,391,3
c0036,392,1
c0036,415,1
c0036,427,2
c0036,431,2
c0036,435,1
c0036,441,1
c0036,442,2
c0036,446,1
c0036,450,4
c0036,451,4
c0036,452,1
c0036,453,2
c0036,455,1
c0036,456,1
c0036,460,1
c0036,466,6
c0036,468,10
c0036,471,1
c0036,472,1
c0036,474,4
c0036,480,1
c0036,481,3
c0036,482,1
c0036,483,1
c0036,485,1
c0036,490,1
c0036,495,4
c0036,509,6
c0036,510,6
c0036,511,22
c0036,512,13
c0036,513,1
c0036,514,6
c0036,516,3
c0036,518,1
c0036,519,1
c0036,520,5
c0036,521,1
c0036,522,6
c0036,523,8
c0036,524,5
c0036,525,2
c0036,526,3
c0036,528,1
c0036,529,3
c0036,530,3
c0036,531,2
c0036,532,2
c0036,534,5
c0036,536,3
c0036,537,12
c0036,539,4
c0036,556,3
c0036,557,5
c0036,558,3
c0036,561,7
c0036,564,12
c0036,567,5
c0036,568,3
c0036,569,1
c0036,570,1
c0036,575,1
c0036,577,1
c0036,578,1
c0036,587,1
c0036,594,2
c0036,595,2
c0036,596,15
c0036,597,7
c0036,598,6
c0036,599,7
c0036,600,3
c0036,602,2
c0036,604,12
c0036,605,4
c0036,609,3
c0036,610,1
c0036,611,2
c0036,614,2
c0036,615,1
c0036,616,3
c0036,618,4
c0036,619,2
c0036,620,3
c0036,629,3
c0036,630,2
c0036,634,2
c0036,638,1
c0036,639,1
c0036,656,1
c0036,676,1
c0036,677,6
c0036,685,1
c0036,686,11
c0036,692,1
c0036,694,3
c0036,695,3
c0036,697,9
c0036,698,3
c0036,699,5
c0036,700,2
c0036,701,2
c0036,702,7
c0036,703,2
c0036,705,1
c0036,708,2
c0036,709,14
c0036,710,1
c0036,711,1
c0036,712,1
c0036,714,5
c0036,719,2
c0036,720,6
c0036,721,5
c0036,743,2
c0036,751,1
c0036,752,2
c0036,760,1
c0036,762,1
c0036,763,1
c0036,774,3
c0036,775,1
c0036,777,1
c0036,780,1
c0036,785,1
c0036,789,1
c0036,790,1
c0036,791,3
c0036,794,2
c0036,798,2
c0036,799,1
c0036,802,4
c0036,813,1
c0036,815,2
c0036,822,3
c0036,829,1
c0036,830,2
c0036,831,3
c0036,839,1
c0036,841,1
c0036,844,2
c0036,845,3
c0036,846,6
c0038,0,7
c0038,1,1
c0038,2,1
c0038,3,4
c0038,5,1
c0038,6,1
c0038,8,4
c0038,11,1
c0038,13,8
c0038,15,1
c0038,16,6
c0038,17,1
c0038,18,14
c0038,21,4
c0038,22,2
c0038,24,9
c0038,25,10
c0038,27,4
c0038,29,9
c0038,31,9
c0038,33,4
c0038,35,4
c0038,36,20
c0038,38,18
c0038,39,1
c0038,41,4
c0038,42,7
c0038,43,21
c0038,44,4
c0038,45,1
c0038,46,2
c0038,47,8
c0038,48,4
c0038,49,8
c0038,50,16
c0038,51,1
c0038,55,2
c0038,57,8
c0038,58,3
c0038,59,5
c0038,60,2
c0038,66,2
c0038,68,5
c0038,69,1
c0038,71,1
c0038,73,1
c0038,74,2
c0038,76,3
c0038,78,1
c0038,79,3
c0038,80,4
c0038,81,6
c0038,82,3
c0038,83,2
c0038,84,6
c0038,85,3
c0038,87,1
c0038,88,1
c0038,94,11
c0038,95,4
c0038,96,2
c0038,99,2
c0038,100,3
c0038,101,4
c0038,104,2
c0038,105,10
c0038,106,20
c0038,108,3
c0038,110,2
c0038,112,7
c0038,113,12
c0038,114,5
c0038,116,4
c0038,118,1
c0038,121,3
c0038,122,2
c0038,129,3
c0038,130,1
c0038,131,1
c0038,134,3
c0038,135,4
c0038,136,1
c0038,137,3
c0038,138,1
c0038,141,3
c0038,143,1
c0038,144,5
c0038,145,3
c0038,147,8
c0038,148,3
c0038,149,3
c0038,150,5
c0038,151,2
c0038,152,1
c0038,155,1
c0038,159,1
c0038,160,32
c0038,161,47
c0038,162,52
c0038,163,34
c0038,164,4
c0038,165,59
c0038,166,55
c0038,167,24
c0038,168,50
c0038,169,67
c0038,170,56
c0038,171,28
c0038,172,51
c0038,173,39
c0038,174,22
c0038,175,29
c0038,176,62
c0038,177,61
c0038,178,32
c0038,179,31
c0038,180,47
c0038,181,47
c0038,182,34
c0038,183,25
c0038,184,44
c0038,185,45
c0038,186,55
c0038,187,17
c0038,188,58
c0038,189,63
c0038,190,31
c0038,191,28
c0038,192,44
c0038,193,54
c0038,194,30
c0038,195,48
c0038,196,43
c0038,197,33
c0038,198,59
c0038,199,40
c0038,200,46
c0038,201,35
c0038,202,4
c0038,203,52
c0038,204,17
c0038,205,23
c0038,206,35
c0038,207,13
c0038,208,90
c0038,209,21
c0038,210,60
c0038,211,46
c0038,212,55
c0038,213,36
c0038,214,26
c0038,215,40
c0038,216,37
c0038,217,11
c0038,218,37
c0038,219,51
c0038,220,43
c0038,221,58
c0038,222,1
c0038,223,10
c0038,224,33
c0038,225,12
c0038,226,24
c0038,227,32
c0038,228,77
c0038,229,1
c0038,230,40
c0038,231,57
c0038,232,7
c0038,233,30
c0038,234,6
c0038,235,22
c0038,236,25
c0038,238,11
c0038,239,8
c0038,240,6
c0038,241,1
c0038,242,10
c0038,243,19
c0038,244,6
c0038,245,7
c0038,246,8
c0038,247,5
c0038,248,1
c0038,249,1
c0038,250,2
c0038,251,3
c0038,252,1
c0038,253,4
c0038,254,1
c0038,256,1
c0038,257,1
c0038,258,2
c0038,261,5
c0038,262,4
c0038,263,1
c0038,264,1
c0038,267,5
c0038,268,12
c0038,269,4
c0038,270,4
c0038,271,4
c0038,272,3
c0038,273,8
c0038,278,1
c0038,279,3
c0038,280,3
c0038,282,1
c0038,283,16
c0038,284,3
c0038,286,1
c0038,288,8
c0038,289,1
c0038,290,8
c0038,292,18
c0038,293,11
c0038,296,1
c0038,297,3
c0038,298,1
c0038,299,3
c0038,300,6
c0038,301,9
c0038,302,8
c0038,303,7
c0038,304,2
c0038,305,8
c0038,306,2
c0038,307,1
c0038,308,2
c0038,309,2
c0038,311,4
c0038,312,5
c0038,313,2
c0038,314,8
c0038,315,2
c0038,316,7
c0038,317,4
c0038,318,9
c0038,320,7
c0038,321,8
c0038,322,3
c0038,323,3
c0038,324,5
c0038,327,1
c0038,329,1
c0038,331,18
c0038,333,23
c0038,335,1
c0038,336,2
c0038,337,5
c0038,341,4
c0038,342,5
c0038,343,5
c0038,344,9
c0038,346,3
c0038,347,8
c0038,348,21
c0038,349,22
c0038,350,17
c0038,351,28
c0038,352,22
c0038,353,33
c0038,354,18
c0038,355,26
c0038,356,11
c0038,357,24
c0038,358,7
c0038,359,25
c0038,360,22
c0038,361,21
c0038,362,24
c0038,363,14
c0038,364,10
c0038,365,13
c0038,366,13
c0038,367,22
c0038,368,18
c0038,369,29
c0038,370,11
c0038,371,24
c0038,372,20
c0038,373,14
c0038,374,15
c0038,375,12
c0038,376,11
c0038,377,30
c0038,378,12
c0038,379,24
c0038,380,10
c0038,382,9
c0038,383,19
c0038,384,13
c0038,385,8
c0038,386,16
c0038,387,18
c0038,388,23
c0038,390,21
c0038,391,7
c0038,392,13
c0038,393,4
c0038,394,2
c0038,395,2
c0038,396,4
c0038,397,10
c0038,398,11
c0038,399,8
c0038,401,2
c0038,402,5
c0038,403,28
c0038,405,5
c0038,408,10
c0038,409,7
c0038,412,6
c0038,413,12
c0038,414,20
c0038,415,27
c0038,416,26
c0038,417,21
c0038,418,4
c0038,419,9
c0038,421,3
c0038,422,3
c0038,423,27
c0038,424,27
c0038,425,35
c0038,427,1
c0038,428,13
c0038,430,4
c0038,432,2
c0038,433,3
c0038,435,2
c0038,436,9
c0038,437,6
c0038,438,6
c0038,443,7
c0038,444,4
c0038,446,4
c0038,447,4
c0038,448,3
c0038,450,2
c0038,451,4
c0038,452,1
c0038,453,1
c0038,454,1
c0038,458,1
c0038,463,1
c0038,464,2
c0038,465,4
c0038,467,4
c0038,468,3
c0038,469,3
c0038,470,6
c0038,472,1
c0038,474,1
c0038,476,3
c0038,479,1
c0038,481,1
c0038,484,2
c0038,485,1
c0038,486,2
c0038,489,8
c0038,491,5
c0038,492,6
c0038,496,2
c0038,497,2
c0038,498,4
c0038,501,8
c0038,502,3
c0038,503,8
c0038,504,3
c0038,505,4
c0038,506,5
c0038,507,1
c0038,508,3
c0038,509,5
c0038,510,3
c0038,511,3
c0038,512,7
c0038,513,6
c0038,514,2
c0038,515,5
c0038,516,2
c0038,517,1
c0038,518,10
c0038,519,6
c0038,520,2
c0038,522,2
c0038,524,2
c0038,525,1
c0038,527,10
c0038,528,10
c0038,529,4
c0038,530,1
c0038,531,1
c0038,532,5
c0038,533,8
c0038,534,2
c0038,535,2
c0038,536,1
c0038,537,1
c0038,538,2
c0038,539,86
c0038,540,19
c0038,541,11
c0038,542,2
c0038,543,4
c0038,544,7
c0038,545,8
c0038,546,3
c0038,547,2
c0038,548,3
c0038,550,4
c0038,551,1
c0038,553,1
c0038,554,1
c0038,555,6
c0038,556,3
c0038,557,9
c0038,558,12
c0038,559,10
c0038,560,2
c0038,563,2
c0038,565,2
c0038,567,11
c0038,568,16
c0038,569,9
c0038,570,11
c0038,571,19
c0038,572,17
c0038,573,8
c0038,574,1
c0038,575,10
c0038,576,2
c0038,577,5
c0038,578,14
c0038,579,12
c0038,580,8
c0038,581,12
c0038,582,18
c0038,583,24
c0038,584,8
c0038,585,10
c0038,586,20
c0038,587,26
c0038,588,18
c0038,589,6
c0038,590,18
c0038,591,11
c0038,592,2
c0038,593,9
c0038,594,11
c0038,595,8
c0038,596,8
c0038,598,5
c0038,599,4
c0038,600,5
c0038,601,6
c0038,602,11
c0038,603,5
c0038,604,10
c0038,605,3
c0038,606,1
c0038,609,1
c0038,610,2
c0038,612,1
c0038,613,4
c0038,615,5
c0038,616,1
c0038,621,3
c0038,622,19
c0038,623,15
c0038,624,13
c0038,625,13
c0038,626,17
c0038,627,15
c0038,628,3
c0038,629,12
c0038,630,19
c0038,631,1
c0038,632,1
c0038,633,31
c0038,634,28
c0038,635,17
c0038,636,10
c0038,637,4
c0038,638,8
c0038,640,13
c0038,641,6
c0038,642,4
c0038,644,3
c0038,645,7
c0038,646,1
c0038,647,3
c0038,651,2
c0038,652,1
c0038,658,2
c0038,660,4
c0038,661,7
c0038,662,7
c0038,663,15
c0038,664,10
c0038,665,8
c0038,666,13
c0038,667,4
c0038,668,9
c0038,669,6
c0038,670,4
c0038,671,4
c0038,672,6
c0038,673,10
c0038,674,5
c0038,675,1
c0038,676,4
c0038,677,5
c0038,678,13
c0038,680,13
c0038,681,7
c0038,682,11
c0038,683,21
c0038,684,4
c0038,685,7
c0038,686,11
c0038,687,1
c0038,688,8
c0038,689,4
c0038,690,6
c0038,692,1
c0038,694,3
c0038,695,7
c0038,696,3
c0038,699,8
c0038,700,1
c0038,701,3
c0038,704,6
c0038,706,1
c0038,708,2
c0038,709,5
c0038,710,7
c0038,711,2
c0038,712,2
c0038,713,2
c0038,715,2
c0038,719,3
c0038,721,5
c0038,722,1
c0038,724,1
c0038,725,1
c0038,727,2
c0038,728,2
c0038,729,4
c0038,730,3
c0038,731,9
c0038,732,14
c0038,735,4
c0038,742,2
c0038,743,1
c0038,744,4
c0038,748,3
c0038,749,7
c0038,754,1
c0038,757,11
c0038,758,12
c0038,759,4
c0038,760,8
c0038,761,4
c0038,763,1
c0038,764,7
c0038,765,2
c0038,767,14
c0038,768,39
c0038,769,3
c0038,770,17
c0038,771,19
c0038,772,28
c0038,773,16
c0038,774,21
c0038,775,29
c0038,776,30
c0038,777,9
c0038,778,49
c0038,779,33
c0038,780,12
c0038,781,16
c0038,782,20
c0038,783,3
c0038,784,9
c0038,785,8
c0038,786,8
c0038,787,34
c0038,789,5
c0038,790,2
c0038,791,3
c0038,792,17
c0038,793,11
c0038,794,66
c0038,795,10
c0038,796,9
c0038,798,2
c0038,799,6
c0038,800,3
c0038,804,3
c0038,805,2
c0038,806,1
c0038,808,1
c0038,809,1
c0038,810,1
c0038,812,1
c0038,818,12
c0038,819,10
c0038,820,7
c0038,822,5
c0038,823,12
c0038,824,9
c0038,825,1
c0038,826,5
c0038,827,2
c0038,828,1
c0038,829,1
c0038,830,3
c0038,835,7
c0038,838,3
c0038,839,4
c0038,840,2
c0038,841,5
c0038,842,2
c0038,847,5
c0038,848,2
c0038,849,1
c0038,855,3
c0038,856,14
c0038,857,13
c0038,858,6
c0038,859,9
c0038,860,14
c0038,861,10
c0038,862,6
c0038,863,2
c0038,864,13
c0038,865,4
c0038,866,5
c0038,867,2
c0038,868,1
c0038,869,1
c0038,870,3
c0038,872,1
c0038,873,1
c0038,874,4
c0038,875,1
c0038,876,1
c0038,878,2
c0038,880,1
c0038,881,3
c0038,882,4
c0038,883,2
c0038,884,2
c0038,885,6
c0038,888,10
c0038,889,10
c0038,890,11
c0038,891,10
c0038,892,11
c0038,894,3
c0038,895,4
c0038,896,4
c0038,897,5
c0038,898,6
c0038,899,6
c0038,900,1
c0038,901,1
c0038,902,1
c0038,904,3
c0038,905,4
c0038,906,5
c0038,907,5
c0038,908,4
c0038,911,2
c0038,913,20
c0038,914,12
c0038,915,8
c0038,917,5
c0038,918,7
c0038,919,8
c0038,920,3
c0038,922,4
c0038,923,4
c0038,924,4
c0038,925,8
c0038,926,12
c0038,927,11
c0038,928,17
c0038,929,13
c0038,930,9
c0038,931,7
c0038,932,8
c0039,0,3
c0039,2,1
c0039,11,1
c0039,13,8
c0039,16,10
c0039,17,2
c0039,18,19
c0039,20,6
c0039,22,1
c0039,23,3
c0039,25,1
c0039,27,11
c0039,31,1
c0039,36,17
c0039,37,2
c0039,38,3
c0039,39,1
c0039,41,2
c0039,42,2
c0039,44,1
c0039,45,1
c0039,47,1
c0039,48,19
c0039,49,1
c0039,50,1
c0039,51,1
c0039,52,45
c0039,53,130
c0039,54,14
c0039,55,51
c0039,57,1
c0039,59,2
c0039,69,1
c0039,74,1
c0039,75,3
c0039,76,1
c0039,87,3
c0039,88,1
c0039,93,4
c0039,100,6
c0039,101,42
c0039,102,9
c0039,103,7
c0039,104,20
c0039,105,3
c0039,106,2
c0039,113,2
c0039,118,1
c0039,122,1
c0039,126,4
c0039,129,4
c0039,132,1
c0039,135,2
c0039,136,1
c0039,138,1
c0039,141,5
c0039,147,3
c0039,148,1
c0039,149,1
c0039,151,9
c0039,152,1
c0039,158,9
c0039,159,96
c0039,160,27
c0039,161,13
c0039,162,19
c0039,163,4
c0039,164,1
c0039,165,10
c0039,166,16
c0039,167,10
c0039,168,21
c0039,169,13
c0039,170,10
c0039,171,21
c0039,172,5
c0039,173,13
c0039,174,11
c0039,175,14
c0039,176,21
c0039,177,32
c0039,178,5
c0039,179,8
c0039,180,20
c0039,181,14
c0039,182,13
c0039,183,8
c0039,184,18
c0039,185,6
c0039,186,10
c0039,187,5
c0039,188,18
c0039,189,10
c0039,190,17
c0039,191,9
c0039,192,23
c0039,193,9
c0039,194,6
c0039,195,29
c0039,196,9
c0039,197,3
c0039,198,18
c0039,199,23
c0039,200,20
c0039,201,9
c0039,202,4
c0039,203,14
c0039,204,10
c0039,205,10
c0039,206,3
c0039,207,13
c0039,208,29
c0039,209,7
c0039,210,8
c0039,211,1
c0039,212,14
c0039,213,7
c0039,214,8
c0039,215,11
c0039,216,14
c0039,217,4
c0039,218,19
c0039,219,6
c0039,220,16
c0039,221,5
c0039,222,1
c0039,223,12
c0039,224,9
c0039,225,8
c0039,226,6
c0039,227,2
c0039,228,36
c0039,229,3
c0039,230,17
c0039,231,16
c0039,232,5
c0039,233,5
c0039,234,2
c0039,235,3
c0039,236,10
c0039,238,2
c0039,240,1
c0039,241,1
c0039,242,2
c0039,243,4
c0039,244,3
c0039,245,2
c0039,246,1
c0039,247,4
c0039,249,1
c0039,250,1
c0039,252,1
c0039,253,1
c0039,254,33
c0039,255,26
c0039,259,1
c0039,260,1
c0039,261,14
c0039,262,9
c0039,263,1
c0039,264,2
c0039,270,1
c0039,271,2
c0039,273,2
c0039,274,1
c0039,275,1
c0039,278,3
c0039,279,1
c0039,280,7
c0039,288,1
c0039,290,3
c0039,292,2
c0039,293,3
c0039,295,60
c0039,296,51
c0039,297,105
c0039,298,32
c0039,300,3
c0039,303,2
c0039,304,2
c0039,305,1
c0039,306,1
c0039,309,37
c0039,310,31
c0039,311,35
c0039,312,37
c0039,313,11
c0039,314,15
c0039,315,8
c0039,316,1
c0039,317,1
c0039,318,3
c0039,320,6
c0039,321,3
c0039,322,1
c0039,323,10
c0039,324,7
c0039,327,2
c0039,328,4
c0039,329,1
c0039,333,2
c0039,334,25
c0039,337,1
c0039,346,2
c0039,347,3
c0039,348,1
c0039,349,5
c0039,350,2
c0039,352,2
c0039,353,5
c0039,355,2
c0039,356,5
c0039,357,1
c0039,359,1
c0039,360,1
c0039,363,1
c0039,364,2
c0039,366,2
c0039,367,2
c0039,368,2
c0039,369,1
c0039,370,2
c0039,371,4
c0039,375,3
c0039,376,2
c0039,377,4
c0039,380,1
c0039,383,9
c0039,386,1
c0039,387,5
c0039,390,3
c0039,391,1
c0039,392,4
c0039,396,2
c0039,398,1
c0039,399,1
c0039,403,1
c0039,405,3
c0039,408,8
c0039,410,1
c0039,413,2
c0039,414,3
c0039,415,5
c0039,416,2
c0039,417,5
c0039,420,1
c0039,421,2
c0039,423,5
c0039,424,2
c0039,425,5
c0039,428,1
c0039,432,2
c0039,436,31
c0039,437,36
c0039,438,39
c0039,439,8
c0039,440,14
c0039,441,5
c0039,442,4
c0039,450,111
c0039,451,75
c0039,462,119
c0039,463,33
c0039,467,1
c0039,478,7
c0039,479,6
c0039,480,1
c0039,481,3
c0039,482,6
c0039,483,3
c0039,484,7
c0039,489,3
c0039,492,2
c0039,493,8
c0039,496,9
c0039,497,5
c0039,498,4
c0039,500,1
c0039,501,1
c0039,502,1
c0039,504,1
c0039,505,1
c0039,507,2
c0039,508,1
c0039,509,1
c0039,510,1
c0039,512,2
c0039,514,1
c0039,518,21
c0039,519,21
c0039,522,2
c0039,527,2
c0039,528,1
c0039,530,323
c0039,531,457
c0039,532,447
c0039,533,971
c0039,534,192
c0039,535,173
c0039,536,68
c0039,537,274
c0039,538,210
c0039,539,8
c0039,540,1
c0039,542,5
c0039,543,2
c0039,544,2
c0039,551,1
c0039,553,6
c0039,554,2
c0039,555,4
c0039,556,3
c0039,557,2
c0039,558,1
c0039,559,8
c0039,560,2
c0039,567,1
c0039,568,13
c0039,569,3
c0039,570,11
c0039,571,10
c0039,572,12
c0039,575,8
c0039,576,4
c0039,577,8
c0039,578,10
c0039,580,5
c0039,581,2
c0039,582,12
c0039,583,11
c0039,584,5
c0039,585,2
c0039,586,10
c0039,587,13
c0039,588,11
c0039,589,1
c0039,590,2
c0039,591,5
c0039,592,1
c0039,593,3
c0039,594,7
c0039,595,8
c0039,596,3
c0039,597,7
c0039,598,6
c0039,599,6
c0039,600,6
c0039,601,3
c0039,602,6
c0039,603,3
c0039,604,5
c0039,605,2
c0039,606,1
c0039,609,1
c0039,613,2
c0039,615,1
c0039,622,3
c0039,623,2
c0039,624,2
c0039,626,3
c0039,627,4
c0039,629,6
c0039,630,2
c0039,632,3
c0039,633,1
c0039,634,3
c0039,635,1
c0039,636,1
c0039,637,8
c0039,638,11
c0039,640,6
c0039,642,1
c0039,644,13
c0039,645,15
c0039,646,9
c0039,647,10
c0039,648,1
c0039,649,2
c0039,650,8
c0039,651,5
c0039,652,12
c0039,653,3
c0039,655,3
c0039,656,4
c0039,658,4
c0039,660,4
c0039,661,3
c0039,662,1
c0039,663,1
c0039,664,4
c0039,665,4
c0039,666,3
c0039,667,1
c0039,668,3
c0039,669,1
c0039,672,1
c0039,673,3
c0039,674,2
c0039,675,3
c0039,676,2
c0039,677,1
c0039,678,5
c0039,680,1
c0039,681,4
c0039,682,4
c0039,683,8
c0039,685,2
c0039,686,4
c0039,688,1
c0039,689,21
c0039,690,28
c0039,691,1
c0039,692,4
c0039,693,1
c0039,694,24
c0039,695,17
c0039,696,13
c0039,698,8
c0039,699,11
c0039,700,5
c0039,701,22
c0039,704,18
c0039,705,2
c0039,706,8
c0039,708,9
c0039,709,25
c0039,710,22
c0039,711,2
c0039,712,13
c0039,713,2
c0039,714,2
c0039,715,4
c0039,716,2
c0039,717,1
c0039,718,3
c0039,719,18
c0039,725,2
c0039,732,2
c0039,743,6
c0039,744,9
c0039,745,8
c0039,746,3
c0039,747,4
c0039,748,10
c0039,749,4
c0039,752,25
c0039,753,20
c0039,754,30
c0039,755,13
c0039,756,1
c0039,757,3
c0039,758,2
c0039,760,1
c0039,761,4
c0039,764,1
c0039,766,1
c0039,767,4
c0039,768,42
c0039,769,1
c0039,770,13
c0039,771,12
c0039,772,17
c0039,773,11
c0039,774,22
c0039,775,20
c0039,776,13
c0039,777,10
c0039,778,17
c0039,779,15
c0039,780,9
c0039,781,9
c0039,782,28
c0039,783,6
c0039,784,17
c0039,785,3
c0039,786,1
c0039,787,37
c0039,789,2
c0039,790,2
c0039,791,5
c0039,792,7
c0039,793,9
c0039,794,11
c0039,796,5
c0039,798,3
c0039,804,2
c0039,805,6
c0039,807,7
c0039,810,1
c0039,812,1
c0039,814,3
c0039,815,1
c0039,818,59
c0039,819,15
c0039,820,24
c0039,821,12
c0039,822,30
c0039,823,43
c0039,824,17
c0039,825,4
c0039,826,22
c0039,828,1
c0039,830,1
c0039,838,12
c0039,839,12
c0039,840,12
c0039,841,18
c0039,842,7
c0039,843,5
c0039,844,1
c0039,845,12
c0039,846,6
c0039,848,13
c0039,849,11
c0039,855,13
c0039,856,2
c0039,857,4
c0039,858,1
c0039,860,1
c0039,862,1
c0039,865,1
c0039,867,1
c0039,869,1
c0039,870,1
c0039,872,2
c0039,874,1
c0039,875,1
c0039,878,2
c0039,884,4
c0039,885,5
c0039,886,1
c0039,888,3
c0039,889,1
c0039,890,1
c0039,891,1
c0039,896,2
c0039,897,3
c0039,898,5
c0039,899,1
c0039,903,1
c0039,904,1
c0039,908,1
c0039,909,3
c0039,913,4
c0039,914,1
c0039,918,3
c0039,919,1
c0039,921,1
c0039,923,1
c0039,925,6
c0039,926,7
c0039,927,3
c0039,932,2
c0040,0,2
c0040,3,3
c0040,8,1
c0040,13,9
c0040,16,6
c0040,17,1
c0040,18,17
c0040,19,20
c0040,20,2
c0040,23,5
c0040,24,1
c0040,25,11
c0040,27,1
c0040,29,5
c0040,31,3
c0040,33,1
c0040,35,1
c0040,39,8
c0040,40,5
c0040,41,13
c0040,42,25
c0040,43,6
c0040,44,4
c0040,46,2
c0040,48,4
c0040,49,4
c0040,50,2
c0040,51,1
c0040,52,1
c0040,54,1
c0040,56,7
c0040,57,8
c0040,58,2
c0040,59,5
c0040,60,2
c0040,62,2
c0040,64,10
c0040,65,1
c0040,66,1
c0040,68,25
c0040,71,1
c0040,72,1
c0040,76,4
c0040,78,2
c0040,79,1
c0040,80,1
c0040,84,1
c0040,86,1
c0040,87,3
c0040,88,3
c0040,89,1
c0040,93,1
c0040,94,7
c0040,95,1
c0040,99,3
c0040,100,56
c0040,101,67
c0040,102,22
c0040,103,35
c0040,104,49
c0040,105,10
c0040,106,4
c0040,108,5
c0040,110,1
c0040,111,4
c0040,112,4
c0040,113,3
c0040,114,3
c0040,115,2
c0040,118,30
c0040,119,7
c0040,121,9
c0040,122,3
c0040,123,6
c0040,126,6
c0040,129,5
c0040,131,2
c0040,132,1
c0040,134,1
c0040,136,26
c0040,137,9
c0040,138,11
c0040,139,239
c0040,140,145
c0040,141,21
c0040,142,5
c0040,143,2
c0040,144,3
c0040,146,2
c0040,147,7
c0040,148,1
c0040,149,8
c0040,150,3
c0040,151,2
c0040,152,1
c0040,153,5
c0040,154,1
c0040,155,11
c0040,156,3
c0040,157,10
c0040,159,2
c0040,160,80
c0040,161,56
c0040,162,47
c0040,163,45
c0040,164,14
c0040,165,29
c0040,166,41
c0040,167,48
c0040,168,91
c0040,169,32
c0040,170,38
c0040,171,72
c0040,172,44
c0040,173,94
c0040,174,28
c0040,175,19
c0040,176,123
c0040,177,161
c0040,178,70
c0040,179,37
c0040,180,55
c0040,181,74
c0040,182,66
c0040,183,62
c0040,184,39
c0040,185,50
c0040,186,59
c0040,187,53
c0040,188,75
c0040,189,75
c0040,190,67
c0040,191,38
c0040,192,105
c0040,193,27
c0040,194,29
c0040,195,103
c0040,196,38
c0040,197,31
c0040,198,74
c0040,199,95
c0040,200,60
c0040,201,78
c0040,202,2
c0040,203,45
c0040,204,30
c0040,205,58
c0040,206,53
c0040,207,40
c0040,208,187
c0040,209,63
c0040,210,74
c0040,211,32
c0040,212,45
c0040,213,37
c0040,214,73
c0040,215,69
c0040,216,59
c0040,217,10
c0040,218,63
c0040,219,51
c0040,220,46
c0040,221,48
c0040,222,3
c0040,223,39
c0040,224,41
c0040,225,21
c0040,226,14
c0040,227,28
c0040,228,147
c0040,229,4
c0040,230,84
c0040,231,48
c0040,232,13
c0040,233,29
c0040,234,37
c0040,235,39
c0040,236,38
c0040,237,5
c0040,238,6
c0040,239,8
c0040,240,13
c0040,241,1
c0040,242,13
c0040,243,46
c0040,244,28
c0040,245,28
c0040,246,35
c0040,247,22
c0040,248,2
c0040,249,1
c0040,250,4
c0040,251,3
c0040,252,2
c0040,253,3
c0040,254,6
c0040,255,1
c0040,256,1
c0040,258,1
c0040,261,3
c0040,262,1
c0040,263,3
c0040,264,2
c0040,265,1
c0040,267,1
c0040,268,2
c0040,269,1
c0040,271,3
c0040,272,6
c0040,273,8
c0040,278,3
c0040,279,10
c0040,283,1
c0040,284,4
c0040,286,2
c0040,288,4
c0040,289,1
c0040,290,24
c0040,291,1
c0040,292,27
c0040,293,15
c0040,295,7
c0040,296,3
c0040,297,2
c0040,298,1
c0040,299,9
c0040,300,4
c0040,301,1
c0040,302,2
c0040,303,1
c0040,304,2
c0040,305,2
c0040,306,2
c0040,309,2
c0040,311,4
c0040,312,3
c0040,313,1
c0040,314,4
c0040,315,3
c0040,316,1
c0040,318,1
c0040,323,1
c0040,324,2
c0040,325,1
c0040,326,1
c0040,328,2
c0040,329,5
c0040,330,7
c0040,331,3
c0040,332,3
c0040,333,6
c0040,334,1
c0040,335,4
c0040,337,1
c0040,342,3
c0040,344,3
c0040,345,1
c0040,346,9
c0040,347,5
c0040,348,22
c0040,349,40
c0040,350,13
c0040,351,16
c0040,352,18
c0040,353,24
c0040,354,35
c0040,355,28
c0040,356,16
c0040,357,33
c0040,358,5
c0040,359,17
c0040,360,39
c0040,361,13
c0040,362,15
c0040,363,16
c0040,364,12
c0040,365,6
c0040,366,13
c0040,367,50
c0040,368,24
c0040,369,12
c0040,370,10
c0040,371,7
c0040,372,20
c0040,373,14
c0040,374,13
c0040,375,27
c0040,376,9
c0040,377,21
c0040,378,14
c0040,379,11
c0040,380,13
c0040,382,7
c0040,383,8
c0040,384,12
c0040,385,1
c0040,386,11
c0040,387,20
c0040,388,15
c0040,389,1
c0040,390,10
c0040,391,9
c0040,392,10
c0040,393,10
c0040,394,3
c0040,395,1
c0040,396,6
c0040,397,5
c0040,398,13
c0040,399,4
c0040,400,1
c0040,403,4
c0040,405,1
c0040,407,2
c0040,408,10
c0040,409,6
c0040,410,11
c0040,411,4
c0040,413,4
c0040,414,9
c0040,415,9
c0040,416,2
c0040,417,7
c0040,418,1
c0040,420,1
c0040,421,17
c0040,423,8
c0040,424,2
c0040,425,18
c0040,427,1
c0040,428,11
c0040,430,3
c0040,431,1
c0040,432,1
c0040,433,2
c0040,436,17
c0040,437,17
c0040,438,13
c0040,440,4
c0040,441,8
c0040,442,12
c0040,443,1
c0040,444,2
c0040,451,4
c0040,456,4
c0040,457,2
c0040,462,1
c0040,463,2
c0040,464,3
c0040,465,4
c0040,467,14
c0040,468,3
c0040,469,6
c0040,470,9
c0040,471,3
c0040,472,1
c0040,474,3
c0040,476,1
c0040,478,4
c0040,479,1
c0040,481,3
c0040,482,5
c0040,483,5
c0040,484,7
c0040,485,2
c0040,487,1
c0040,489,2
c0040,490,29
c0040,491,1
c0040,493,4
c0040,496,3
c0040,497,3
c0040,498,12
c0040,499,3
c0040,500,3
c0040,501,5
c0040,502,2
c0040,503,8
c0040,504,2
c0040,505,8
c0040,506,5
c0040,507,2
c0040,508,7
c0040,509,4
c0040,510,4
c0040,511,3
c0040,512,9
c0040,513,7
c0040,514,5
c0040,515,4
c0040,516,5
c0040,519,1
c0040,520,1
c0040,521,1
c0040,523,4
c0040,526,7
c0040,527,23
c0040,528,30
c0040,529,12
c0040,530,3
c0040,531,1
c0040,532,3
c0040,533,18
c0040,534,3
c0040,535,4
c0040,537,3
c0040,538,6
c0040,539,5
c0040,540,1
c0040,541,1
c0040,542,1
c0040,543,5
c0040,545,2
c0040,546,2
c0040,548,2
c0040,549,1
c0040,550,1
c0040,551,1
c0040,553,4
c0040,554,3
c0040,555,12
c0040,556,2
c0040,557,6
c0040,558,5
c0040,559,3
c0040,560,2
c0040,561,11
c0040,562,7
c0040,564,6
c0040,565,7
c0040,566,20
c0040,567,6
c0040,568,27
c0040,569,9
c0040,570,17
c0040,571,22
c0040,572,21
c0040,573,6
c0040,575,6
c0040,576,9
c0040,577,4
c0040,578,11
c0040,579,5
c0040,580,1
c0040,581,6
c0040,582,6
c0040,583,20
c0040,585,2
c0040,586,1
c0040,587,2
c0040,588,10
c0040,589,7
c0040,590,13
c0040,591,4
c0040,593,7
c0040,594,2
c0040,595,7
c0040,596,12
c0040,598,6
c0040,600,4
c0040,601,5
c0040,602,5
c0040,603,5
c0040,604,5
c0040,605,7
c0040,606,2
c0040,607,2
c0040,608,11
c0040,609,2
c0040,610,28
c0040,616,3
c0040,622,15
c0040,623,32
c0040,624,23
c0040,625,23
c0040,626,16
c0040,627,13
c0040,628,2
c0040,629,20
c0040,630,2
c0040,631,1
c0040,632,17
c0040,633,14
c0040,634,15
c0040,635,4
c0040,636,3
c0040,637,5
c0040,638,4
c0040,640,2
c0040,641,3
c0040,642,2
c0040,644,6
c0040,645,1
c0040,646,1
c0040,647,4
c0040,649,1
c0040,652,1
c0040,653,5
c0040,655,1
c0040,657,3
c0040,658,5
c0040,660,4
c0040,661,10
c0040,662,7
c0040,663,22
c0040,664,14
c0040,665,19
c0040,666,21
c0040,667,3
c0040,668,9
c0040,669,8
c0040,670,9
c0040,671,10
c0040,672,7
c0040,673,10
c0040,674,1
c0040,676,6
c0040,677,12
c0040,678,7
c0040,679,3
c0040,680,8
c0040,681,6
c0040,682,11
c0040,683,7
c0040,684,8
c0040,685,4
c0040,686,7
c0040,687,12
c0040,688,7
c0040,690,1
c0040,692,1
c0040,694,1
c0040,695,4
c0040,696,3
c0040,699,8
c0040,700,2
c0040,701,6
c0040,702,1
c0040,703,2
c0040,704,4
c0040,706,1
c0040,707,3
c0040,708,3
c0040,709,6
c0040,710,2
c0040,711,1
c0040,719,1
c0040,721,4
c0040,723,2
c0040,724,2
c0040,725,2
c0040,727,1
c0040,729,2
c0040,731,1
c0040,732,3
c0040,734,2
c0040,735,13
c0040,737,12
c0040,739,3
c0040,740,11
c0040,741,21
c0040,743,3
c0040,744,5
c0040,748,4
c0040,749,10
c0040,751,6
c0040,752,4
c0040,753,2
c0040,756,2
c0040,757,1
c0040,758,5
c0040,764,2
c0040,765,2
c0040,766,2
c0040,767,12
c0040,768,36
c0040,769,22
c0040,770,17
c0040,771,10
c0040,772,49
c0040,773,35
c0040,774,21
c0040,775,44
c0040,776,17
c0040,777,13
c0040,778,45
c0040,779,15
c0040,780,26
c0040,781,15
c0040,782,52
c0040,783,7
c0040,784,9
c0040,786,2
c0040,787,31
c0040,789,1
c0040,790,3
c0040,791,6
c0040,792,14
c0040,793,37
c0040,794,44
c0040,795,1
c0040,796,7
c0040,798,5
c0040,799,2
c0040,800,2
c0040,805,1
c0040,806,2
c0040,807,3
c0040,809,1
c0040,810,1
c0040,811,4
c0040,814,2
c0040,816,21
c0040,818,3
c0040,819,4
c0040,820,2
c0040,822,5
c0040,823,1
c0040,824,3
c0040,827,8
c0040,828,5
c0040,829,14
c0040,832,5
c0040,834,7
c0040,835,1
c0040,836,10
c0040,838,7
c0040,839,14
c0040,840,5
c0040,841,13
c0040,842,3
c0040,844,1
c0040,845,5
c0040,846,2
c0040,847,3
c0040,848,6
c0040,849,5
c0040,855,8
c0040,856,11
c0040,857,14
c0040,858,5
c0040,859,11
c0040,860,5
c0040,861,4
c0040,862,13
c0040,863,4
c0040,864,2
c0040,865,2
c0040,866,5
c0040,867,3
c0040,868,1
c0040,869,7
c0040,870,17
c0040,871,3
c0040,872,1
c0040,873,2
c0040,874,4
c0040,875,4
c0040,876,1
c0040,877,5
c0040,879,2
c0040,881,1
c0040,882,2
c0040,883,3
c0040,884,6
c0040,885,5
c0040,888,8
c0040,889,7
c0040,890,1
c0040,892,2
c0040,896,1
c0040,899,2
c0040,900,4
c0040,901,2
c0040,902,4
c0040,904,4
c0040,905,4
c0040,906,4
c0040,907,1
c0040,908,2
c0040,910,5
c0040,911,2
c0040,913,5
c0040,914,18
c0040,915,9
c0040,917,1
c0040,918,7
c0040,919,1
c0040,920,3
c0040,922,2
c0040,923,2
c0040,924,2
c0040,925,3
c0040,926,3
c0040,927,3
c0040,928,9
c0040,929,4
c0040,930,9
c0040,931,5
c0040,932,4
c0041,0,1
c0041,2,2
c0041,5,1
c0041,13,1
c0041,16,2
c0041,17,3
c0041,18,4
c0041,19,1
c0041,25,2
c0041,29,2
c0041,31,1
c0041,33,1
c0041,36,1
c0041,38,1
c0041,42,2
c0041,43,6
c0041,44,11
c0041,45,1
c0041,55,1
c0041,56,1
c0041,57,1
c0041,58,3
c0041,59,1
c0041,74,5
c0041,75,4
c0041,78,2
c0041,80,4
c0041,81,2
c0041,93,1
c0041,94,4
c0041,95,1
c0041,99,2
c0041,101,3
c0041,103,1
c0041,104,1
c0041,105,1
c0041,106,3
c0041,108,1
c0041,110,2
c0041,112,2
c0041,116,1
c0041,118,1
c0041,134,3
c0041,136,2
c0041,137,2
c0041,141,3
c0041,143,3
c0041,146,1
c0041,148,1
c0041,151,7
c0041,152,2
c0041,153,1
c0041,155,3
c0041,160,7
c0041,161,12
c0041,162,2
c0041,163,5
c0041,164,1
c0041,165,10
c0041,166,10
c0041,167,3
c0041,168,5
c0041,169,6
c0041,170,4
c0041,171,10
c0041,172,3
c0041,173,10
c0041,174,2
c0041,175,2
c0041,176,11
c0041,177,19
c0041,178,16
c0041,179,4
c0041,180,8
c0041,181,9
c0041,182,7
c0041,183,6
c0041,184,9
c0041,185,13
c0041,186,7
c0041,188,11
c0041,189,8
c0041,190,7
c0041,191,9
c0041,192,7
c0041,193,3
c0041,194,9
c0041,195,10
c0041,196,2
c0041,197,5
c0041,198,13
c0041,199,10
c0041,200,5
c0041,201,7
c0041,202,2
c0041,203,5
c0041,204,4
c0041,205,8
c0041,206,5
c0041,207,3
c0041,208,24
c0041,209,6
c0041,210,9
c0041,211,8
c0041,212,8
c0041,213,3
c0041,214,10
c0041,215,5
c0041,216,5
c0041,217,4
c0041,218,3
c0041,219,10
c0041,220,5
c0041,221,6
c0041,223,2
c0041,224,3
c0041,225,1
c0041,226,4
c0041,227,5
c0041,228,14
c0041,230,14
c0041,231,2
c0041,232,1
c0041,233,4
c0041,234,1
c0041,235,6
c0041,236,5
c0041,238,2
c0041,239,3
c0041,240,4
c0041,242,4
c0041,243,7
c0041,244,3
c0041,246,1
c0041,247,1
c0041,250,2
c0041,252,7
c0041,253,1
c0041,254,1
c0041,256,1
c0041,257,1
c0041,259,2
c0041,260,1
c0041,261,2
c0041,263,7
c0041,268,3
c0041,270,3
c0041,271,4
c0041,275,1
c0041,284,3
c0041,287,1
c0041,289,6
c0041,290,3
c0041,291,2
c0041,292,1
c0041,299,1
c0041,306,1
c0041,308,1
c0041,309,3
c0041,310,3
c0041,311,4
c0041,312,1
c0041,313,1
c0041,315,1
c0041,316,1
c0041,317,1
c0041,321,2
c0041,329,4
c0041,330,2
c0041,331,2
c0041,334,1
c0041,341,2
c0041,342,1
c0041,344,5
c0041,347,1
c0041,348,3
c0041,349,8
c0041,350,6
c0041,351,3
c0041,352,10
c0041,353,4
c0041,354,5
c0041,355,6
c0041,356,6
c0041,358,1
c0041,359,9
c0041,360,6
c0041,361,1
c0041,362,5
c0041,364,2
c0041,365,2
c0041,367,6
c0041,368,1
c0041,369,3
c0041,370,1
c0041,371,4
c0041,372,1
c0041,374,2
c0041,375,3
c0041,376,2
c0041,377,2
c0041,378,5
c0041,379,4
c0041,382,1
c0041,383,7
c0041,384,2
c0041,385,1
c0041,386,2
c0041,387,4
c0041,388,2
c0041,389,2
c0041,390,2
c0041,391,4
c0041,392,2
c0041,397,1
c0041,399,1
c0041,403,2
c0041,408,1
c0041,409,6
c0041,411,2
c0041,413,20
c0041,414,16
c0041,415,21
c0041,416,22
c0041,417,18
c0041,418,4
c0041,419,74
c0041,420,4
c0041,421,9
c0041,422,8
c0041,423,40
c0041,424,21
c0041,425,37
c0041,426,25
c0041,427,1
c0041,428,15
c0041,429,4
c0041,436,2
c0041,437,1
c0041,446,1
c0041,451,1
c0041,456,2
c0041,459,1
c0041,463,1
c0041,464,1
c0041,465,4
c0041,467,2
c0041,468,2
c0041,469,4
c0041,470,1
c0041,471,1
c0041,472,1
c0041,476,1
c0041,479,1
c0041,481,1
c0041,482,1
c0041,483,4
c0041,484,1
c0041,486,1
c0041,487,3
c0041,489,2
c0041,490,1
c0041,496,1
c0041,497,2
c0041,498,1
c0041,501,2
c0041,502,2
c0041,503,2
c0041,506,2
c0041,507,2
c0041,508,1
c0041,509,3
c0041,510,3
c0041,511,1
c0041,512,4
c0041,514,4
c0041,516,2
c0041,517,1
c0041,520,2
c0041,521,1
c0041,522,1
c0041,526,2
c0041,527,1
c0041,528,4
c0041,529,1
c0041,530,1
c0041,531,1
c0041,532,2
c0041,533,1
c0041,539,1
c0041,542,4
c0041,543,3
c0041,546,3
c0041,548,1
c0041,550,1
c0041,551,1
c0041,555,2
c0041,559,4
c0041,568,3
c0041,569,3
c0041,570,1
c0041,571,8
c0041,572,3
c0041,573,1
c0041,576,1
c0041,577,1
c0041,578,5
c0041,580,1
c0041,581,4
c0041,582,8
c0041,583,4
c0041,584,8
c0041,586,2
c0041,587,3
c0041,588,3
c0041,590,3
c0041,591,1
c0041,594,1
c0041,595,1
c0041,596,4
c0041,598,1
c0041,601,1
c0041,603,4
c0041,604,3
c0041,605,3
c0041,606,2
c0041,607,2
c0041,608,2
c0041,610,1
c0041,613,3
c0041,615,4
c0041,623,1
c0041,624,1
c0041,625,3
c0041,626,4
c0041,628,1
c0041,629,3
c0041,630,1
c0041,632,2
c0041,633,7
c0041,634,5
c0041,635,1
c0041,636,1
c0041,637,1
c0041,638,1
c0041,640,2
c0041,645,1
c0041,648,1
c0041,652,1
c0041,653,1
c0041,656,2
c0041,659,1
c0041,661,1
c0041,662,7
c0041,663,3
c0041,664,5
c0041,665,2
c0041,666,1
c0041,667,2
c0041,668,7
c0041,670,2
c0041,672,3
c0041,673,3
c0041,674,1
c0041,677,1
c0041,678,2
c0041,680,1
c0041,681,1
c0041,682,2
c0041,683,5
c0041,684,3
c0041,685,2
c0041,686,3
c0041,688,1
c0041,689,2
c0041,690,1
c0041,694,2
c0041,695,2
c0041,700,1
c0041,701,1
c0041,704,5
c0041,706,1
c0041,708,5
c0041,709,4
c0041,710,1
c0041,711,3
c0041,712,3
c0041,713,2
c0041,714,1
c0041,725,1
c0041,728,1
c0041,731,2
c0041,737,3
c0041,743,1
c0041,746,1
c0041,748,2
c0041,749,2
c0041,750,3
c0041,755,1
c0041,757,1
c0041,758,2
c0041,759,2
c0041,760,2
c0041,763,1
c0041,764,1
c0041,765,2
c0041,766,1
c0041,767,1
c0041,768,2
c0041,769,1
c0041,770,2
c0041,771,2
c0041,772,13
c0041,773,7
c0041,774,8
c0041,775,8
c0041,776,1
c0041,778,10
c0041,779,7
c0041,780,7
c0041,782,3
c0041,784,2
c0041,785,1
c0041,786,7
c0041,787,3
c0041,789,5
c0041,791,1
c0041,793,6
c0041,794,4
c0041,796,1
c0041,798,2
c0041,799,1
c0041,805,1
c0041,808,1
c0041,810,1
c0041,814,3
c0041,819,1
c0041,820,1
c0041,822,3
c0041,824,1
c0041,827,1
c0041,838,1
c0041,839,6
c0041,841,2
c0041,842,1
c0041,844,1
c0041,845,2
c0041,846,2
c0041,847,2
c0041,848,1
c0041,849,3
c0041,855,2
c0041,856,2
c0041,857,2
c0041,858,3
c0041,859,4
c0041,860,1
c0041,861,3
c0041,863,2
c0041,867,1
c0041,869,3
c0041,870,1
c0041,872,2
c0041,873,1
c0041,874,2
c0041,875,2
c0041,884,1
c0041,885,2
c0041,888,1
c0041,889,1
c0041,890,1
c0041,892,1
c0041,895,2
c0041,897,1
c0041,898,1
c0041,899,1
c0041,904,1
c0041,905,2
c0041,907,2
c0041,908,3
c0041,913,1
c0041,914,4
c0041,915,1
c0041,916,2
c0041,918,3
c0041,919,3
c0041,922,4
c0041,923,3
c0041,924,2
c0041,927,1
c0041,929,1
c0041,931,2
c0042,0,7
c0042,1,6
c0042,2,8
c0042,3,58
c0042,4,18
c0042,5,8
c0042,6,12
c0042,7,17
c0042,8,22
c0042,9,5
c0042,10,1
c0042,11,14
c0042,12,41
c0042,13,49
c0042,15,4
c0042,16,37
c0042,17,23
c0042,18,57
c0042,19,15
c0042,20,11
c0042,21,6
c0042,22,4
c0042,23,7
c0042,24,5
c0042,25,69
c0042,27,24
c0042,28,3
c0042,29,28
c0042,30,13
c0042,31,56
c0042,32,18
c0042,33,27
c0042,34,9
c0042,35,3
c0042,36,95
c0042,37,5
c0042,38,75
c0042,39,1
c0042,41,6
c0042,42,12
c0042,43,17
c0042,44,11
c0042,46,21
c0042,47,9
c0042,48,13
c0042,49,7
c0042,50,4
c0042,51,4
c0042,52,6
c0042,53,2
c0042,55,1
c0042,56,5
c0042,57,47
c0042,58,10
c0042,59,10
c0042,60,16
c0042,61,1
c0042,62,3
c0042,64,21
c0042,65,3
c0042,66,12
c0042,68,52
c0042,69,11
c0042,70,14
c0042,71,6
c0042,72,18
c0042,73,14
c0042,74,133
c0042,75,82
c0042,76,23
c0042,78,4
c0042,79,4
c0042,80,31
c0042,81,28
c0042,82,26
c0042,83,32
c0042,84,77
c0042,85,24
c0042,86,2
c0042,87,3
c0042,89,1
c0042,94,44
c0042,95,21
c0042,96,6
c0042,97,4
c0042,99,31
c0042,100,7
c0042,101,31
c0042,102,7
c0042,103,4
c0042,104,7
c0042,105,9
c0042,106,25
c0042,107,7
c0042,108,34
c0042,109,13
c0042,110,27
c0042,111,8
c0042,112,28
c0042,113,108
c0042,114,42
c0042,115,41
c0042,116,17
c0042,117,34
c0042,118,10
c0042,119,2
c0042,120,4
c0042,121,10
c0042,122,36
c0042,123,6
c0042,126,40
c0042,127,1
c0042,129,24
c0042,130,75
c0042,131,42
c0042,132,82
c0042,133,11
c0042,134,5
c0042,135,3
c0042,136,31
c0042,137,16
c0042,138,5
c0042,141,32
c0042,142,1
c0042,143,7
c0042,144,15
c0042,145,27
c0042,146,4
c0042,147,12
c0042,148,3
c0042,149,5
c0042,150,7
c0042,151,49
c0042,152,12
c0042,153,7
c0042,154,1
c0042,155,13
c0042,156,4
c0042,159,11
c0042,160,78
c0042,161,86
c0042,162,59
c0042,163,26
c0042,164,13
c0042,165,54
c0042,166,67
c0042,167,38
c0042,168,77
c0042,169,56
c0042,170,54
c0042,171,61
c0042,172,57
c0042,173,86
c0042,174,32
c0042,175,29
c0042,176,87
c0042,177,98
c0042,178,79
c0042,179,53
c0042,180,59
c0042,181,77
c0042,182,62
c0042,183,43
c0042,184,49
c0042,185,50
c0042,186,60
c0042,187,37
c0042,188,64
c0042,189,89
c0042,190,67
c0042,191,46
c0042,192,97
c0042,193,76
c0042,194,46
c0042,195,95
c0042,196,50
c0042,197,37
c0042,198,90
c0042,199,57
c0042,200,59
c0042,201,74
c0042,202,7
c0042,203,45
c0042,204,22
c0042,205,46
c0042,206,51
c0042,207,30
c0042,208,136
c0042,209,36
c0042,210,53
c0042,211,48
c0042,212,72
c0042,213,40
c0042,214,60
c0042,215,56
c0042,216,80
c0042,217,20
c0042,218,65
c0042,219,60
c0042,220,56
c0042,221,69
c0042,223,22
c0042,224,43
c0042,225,27
c0042,226,21
c0042,227,40
c0042,228,118
c0042,229,3
c0042,230,56
c0042,231,71
c0042,232,22
c0042,233,20
c0042,234,13
c0042,235,29
c0042,236,28
c0042,237,2
c0042,238,8
c0042,239,7
c0042,240,11
c0042,241,2
c0042,242,19
c0042,243,22
c0042,244,7
c0042,245,9
c0042,246,20
c0042,247,5
c0042,248,5
c0042,249,7
c0042,250,20
c0042,251,16
c0042,252,15
c0042,253,13
c0042,254,9
c0042,255,9
c0042,256,6
c0042,258,5
c0042,259,4
c0042,260,4
c0042,261,13
c0042,262,7
c0042,263,39
c0042,264,4
c0042,265,4
c0042,266,5
c0042,267,6
c0042,268,39
c0042,269,26
c0042,270,12
c0042,271,11
c0042,272,10
c0042,273,4
c0042,274,6
c0042,275,13
c0042,276,1
c0042,277,3
c0042,278,24
c0042,279,39
c0042,280,37
c0042,281,19
c0042,283,25
c0042,284,24
c0042,285,4
c0042,286,23
c0042,287,5
c0042,288,25
c0042,289,9
c0042,290,22
c0042,292,15
c0042,293,15
c0042,294,1
c0042,295,4
c0042,296,4
c0042,297,6
c0042,298,2
c0042,299,41
c0042,300,37
c0042,301,13
c0042,302,3
c0042,303,11
c0042,304,7
c0042,305,11
c0042,306,5
c0042,307,3
c0042,308,4
c0042,309,16
c0042,310,17
c0042,311,37
c0042,312,19
c0042,313,15
c0042,314,7
c0042,315,6
c0042,316,40
c0042,317,38
c0042,318,44
c0042,319,7
c0042,320,35
c0042,321,28
c0042,322,7
c0042,323,12
c0042,324,19
c0042,325,3
c0042,326,4
c0042,327,4
c0042,328,4
c0042,329,5
c0042,330,9
c0042,331,5
c0042,332,20
c0042,333,33
c0042,334,5
c0042,335,47
c0042,336,7
c0042,337,4
c0042,338,1
c0042,339,1
c0042,340,1
c0042,341,2
c0042,342,5
c0042,343,1
c0042,344,10
c0042,346,12
c0042,347,12
c0042,348,89
c0042,349,167
c0042,350,57
c0042,351,141
c0042,352,140
c0042,353,187
c0042,354,127
c0042,355,124
c0042,356,112
c0042,357,130
c0042,358,24
c0042,359,110
c0042,360,111
c0042,361,77
c0042,362,103
c0042,363,95
c0042,364,36
c0042,365,76
c0042,366,66
c0042,367,133
c0042,368,100
c0042,369,70
c0042,370,82
c0042,371,65
c0042,372,78
c0042,373,106
c0042,374,80
c0042,375,101
c0042,376,92
c0042,377,113
c0042,378,56
c0042,379,123
c0042,380,76
c0042,381,19
c0042,382,67
c0042,383,171
c0042,384,60
c0042,385,43
c0042,386,90
c0042,387,81
c0042,388,106
c0042,389,2
c0042,390,105
c0042,391,20
c0042,392,64
c0042,393,12
c0042,394,11
c0042,395,1
c0042,396,4
c0042,397,53
c0042,398,58
c0042,399,26
c0042,400,20
c0042,401,10
c0042,402,4
c0042,403,104
c0042,404,31
c0042,405,7
c0042,406,11
c0042,407,2
c0042,408,60
c0042,409,41
c0042,410,17
c0042,411,59
c0042,412,12
c0042,413,25
c0042,414,30
c0042,415,24
c0042,416,35
c0042,417,16
c0042,418,3
c0042,419,4
c0042,420,5
c0042,421,35
c0042,422,1
c0042,423,30
c0042,424,2
c0042,425,39
c0042,426,7
c0042,428,12
c0042,429,2
c0042,430,81
c0042,431,11
c0042,432,46
c0042,433,31
c0042,435,4
c0042,436,80
c0042,437,72
c0042,438,98
c0042,439,30
c0042,440,53
c0042,441,16
c0042,442,3
c0042,443,12
c0042,444,11
c0042,445,2
c0042,446,23
c0042,447,28
c0042,448,12
c0042,450,25
c0042,451,16
c0042,452,7
c0042,453,36
c0042,454,17
c0042,455,5
c0042,456,19
c0042,457,1
c0042,458,25
c0042,459,6
c0042,462,9
c0042,463,3
c0042,464,39
c0042,465,28
c0042,467,18
c0042,468,11
c0042,469,7
c0042,470,13
c0042,472,9
c0042,473,4
c0042,474,3
c0042,478,1
c0042,479,7
c0042,481,11
c0042,482,7
c0042,483,35
c0042,484,59
c0042,485,11
c0042,486,20
c0042,487,19
c0042,488,7
c0042,489,8
c0042,491,6
c0042,493,13
c0042,496,29
c0042,497,13
c0042,498,19
c0042,499,4
c0042,500,13
c0042,501,50
c0042,502,38
c0042,503,52
c0042,504,28
c0042,505,31
c0042,506,35
c0042,507,52
c0042,508,59
c0042,509,35
c0042,510,106
c0042,511,58
c0042,512,32
c0042,513,39
c0042,514,30
c0042,515,25
c0042,516,42
c0042,517,40
c0042,518,9
c0042,519,3
c0042,520,44
c0042,521,36
c0042,522,35
c0042,524,11
c0042,525,18
c0042,526,8
c0042,527,17
c0042,528,22
c0042,529,13
c0042,530,5
c0042,531,8
c0042,532,8
c0042,533,13
c0042,534,4
c0042,535,1
c0042,537,4
c0042,538,3
c0042,539,71
c0042,540,15
c0042,541,11
c0042,542,62
c0042,543,23
c0042,544,16
c0042,545,11
c0042,546,5
c0042,547,3
c0042,548,21
c0042,550,4
c0042,551,19
c0042,552,1
c0042,553,19
c0042,554,12
c0042,555,27
c0042,556,29
c0042,557,27
c0042,558,49
c0042,559,37
c0042,560,8
c0042,561,4
c0042,563,29
c0042,565,38
c0042,567,29
c0042,568,48
c0042,569,28
c0042,570,37
c0042,571,78
c0042,572,53
c0042,573,12
c0042,574,4
c0042,575,25
c0042,576,16
c0042,577,8
c0042,578,41
c0042,579,10
c0042,580,24
c0042,581,56
c0042,582,43
c0042,583,36
c0042,584,23
c0042,585,14
c0042,586,21
c0042,587,22
c0042,588,42
c0042,589,23
c0042,590,25
c0042,591,23
c0042,592,5
c0042,593,9
c0042,594,34
c0042,595,27
c0042,596,30
c0042,597,4
c0042,598,15
c0042,599,5
c0042,600,6
c0042,601,14
c0042,602,23
c0042,603,23
c0042,604,28
c0042,605,34
c0042,606,24
c0042,608,6
c0042,609,17
c0042,610,9
c0042,611,5
c0042,612,31
c0042,613,32
c0042,614,3
c0042,615,24
c0042,616,18
c0042,618,1
c0042,619,4
c0042,620,20
c0042,621,7
c0042,622,34
c0042,623,45
c0042,624,39
c0042,625,19
c0042,626,34
c0042,627,16
c0042,628,4
c0042,629,50
c0042,630,13
c0042,631,16
c0042,632,16
c0042,633,64
c0042,634,57
c0042,635,17
c0042,636,26
c0042,637,25
c0042,638,18
c0042,640,23
c0042,641,16
c0042,642,6
c0042,643,6
c0042,644,9
c0042,645,4
c0042,646,5
c0042,647,9
c0042,648,6
c0042,650,4
c0042,652,4
c0042,653,31
c0042,654,7
c0042,655,5
c0042,656,3
c0042,657,1
c0042,658,12
c0042,660,12
c0042,661,20
c0042,662,18
c0042,663,38
c0042,664,33
c0042,665,23
c0042,666,24
c0042,667,14
c0042,668,12
c0042,669,19
c0042,670,13
c0042,671,22
c0042,672,20
c0042,673,18
c0042,674,5
c0042,676,14
c0042,677,31
c0042,678,29
c0042,679,2
c0042,680,27
c0042,681,16
c0042,682,13
c0042,683,23
c0042,684,5
c0042,685,10
c0042,686,9
c0042,687,13
c0042,688,9
c0042,689,15
c0042,690,24
c0042,691,42
c0042,692,6
c0042,693,1
c0042,694,15
c0042,695,13
c0042,696,10
c0042,698,1
c0042,699,26
c0042,700,7
c0042,701,12
c0042,702,5
c0042,703,4
c0042,704,37
c0042,705,1
c0042,706,10
c0042,708,16
c0042,709,24
c0042,710,36
c0042,711,17
c0042,712,26
c0042,713,10
c0042,714,7
c0042,715,35
c0042,716,3
c0042,717,5
c0042,718,8
c0042,719,9
c0042,720,5
c0042,721,18
c0042,722,15
c0042,723,12
c0042,724,13
c0042,725,7
c0042,726,1
c0042,727,14
c0042,728,6
c0042,729,10
c0042,730,5
c0042,731,35
c0042,732,18
c0042,733,2
c0042,734,2
c0042,735,12
c0042,737,5
c0042,740,2
c0042,741,2
c0042,742,2
c0042,743,2
c0042,744,2
c0042,745,2
c0042,746,3
c0042,748,9
c0042,749,8
c0042,750,3
c0042,752,4
c0042,753,1
c0042,754,2
c0042,756,2
c0042,757,3
c0042,758,6
c0042,760,3
c0042,761,4
c0042,763,11
c0042,764,5
c0042,765,11
c0042,766,1
c0042,767,33
c0042,768,39
c0042,769,9
c0042,770,35
c0042,771,55
c0042,772,85
c0042,773,26
c0042,774,26
c0042,775,74
c0042,776,50
c0042,777,47
c0042,778,59
c0042,779,29
c0042,780,19
c0042,781,18
c0042,782,52
c0042,783,8
c0042,784,24
c0042,785,14
c0042,786,12
c0042,787,50
c0042,788,9
c0042,789,6
c0042,790,1
c0042,791,17
c0042,792,16
c0042,793,37
c0042,794,62
c0042,795,1
c0042,796,6
c0042,798,4
c0042,799,7
c0042,800,2
c0042,804,14
c0042,805,15
c0042,806,9
c0042,807,2
c0042,810,22
c0042,811,24
c0042,812,8
c0042,813,2
c0042,814,12
c0042,815,3
c0042,816,1
c0042,817,3
c0042,818,49
c0042,819,26
c0042,820,29
c0042,821,1
c0042,822,53
c0042,823,60
c0042,824,40
c0042,825,21
c0042,826,22
c0042,827,35
c0042,828,13
c0042,830,8
c0042,833,4
c0042,834,1
c0042,835,9
c0042,838,29
c0042,839,23
c0042,840,21
c0042,841,34
c0042,842,15
c0042,844,3
c0042,845,8
c0042,846,2
c0042,847,10
c0042,848,10
c0042,849,2
c0042,850,1
c0042,852,1
c0042,855,12
c0042,856,37
c0042,857,45
c0042,858,41
c0042,859,56
c0042,860,44
c0042,861,34
c0042,862,33
c0042,863,30
c0042,864,31
c0042,865,15
c0042,866,21
c0042,867,18
c0042,868,4
c0042,869,13
c0042,870,9
c0042,871,6
c0042,872,20
c0042,873,15
c0042,874,48
c0042,875,66
c0042,876,13
c0042,877,27
c0042,878,5
c0042,879,18
c0042,880,24
c0042,881,23
c0042,882,22
c0042,883,25
c0042,884,19
c0042,885,33
c0042,887,4
c0042,888,49
c0042,889,70
c0042,890,39
c0042,891,13
c0042,892,39
c0042,894,13
c0042,895,10
c0042,896,11
c0042,897,89
c0042,898,35
c0042,899,91
c0042,900,18
c0042,901,12
c0042,902,19
c0042,903,13
c0042,904,11
c0042,905,22
c0042,906,23
c0042,907,78
c0042,908,70
c0042,909,3
c0042,910,57
c0042,911,6
c0042,913,28
c0042,914,51
c0042,915,61
c0042,916,12
c0042,917,18
c0042,918,72
c0042,919,62
c0042,920,16
c0042,921,5
c0042,922,11
c0042,923,33
c0042,924,20
c0042,925,34
c0042,926,22
c0042,927,30
c0042,928,30
c0042,929,19
c0042,930,16
c0042,931,12
c0042,932,17
c0043,0,73
c0043,1,13
c0043,2,48
c0043,3,45
c0043,4,31
c0043,5,10
c0043,6,13
c0043,7,52
c0043,8,37
c0043,9,5
c0043,10,3
c0043,11,26
c0043,12,29
c0043,13,112
c0043,14,9
c0043,15,58
c0043,16,40
c0043,17,154
c0043,18,41
c0043,19,20
c0043,20,86
c0043,21,44
c0043,22,12
c0043,23,97
c0043,24,83
c0043,25,13
c0043,26,56
c0043,27,35
c0043,28,61
c0043,29,33
c0043,30,56
c0043,31,6
c0043,32,25
c0043,33,231
c0043,34,28
c0043,35,172
c0043,36,74
c0043,37,5
c0043,38,162
c0043,39,140
c0043,40,79
c0043,41,83
c0043,42,8
c0043,43,74
c0043,44,40
c0043,45,89
c0043,46,55
c0043,47,67
c0043,48,10
c0043,49,121
c0043,50,73
c0043,51,35
c0043,52,32
c0043,53,49
c0043,54,136
c0043,55,177
c0043,56,105
c0043,57,122
c0043,58,53
c0043,59,21
c0043,60,25
c0043,61,101
c0043,62,25
c0043,63,246
c0043,64,146
c0043,65,120
c0043,66,93
c0043,67,89
c0043,68,107
c0043,69,59
c0043,70,90
c0043,71,19
c0043,72,46
c0043,73,45
c0043,74,189
c0043,75,82
c0043,76,102
c0043,77,15
c0043,78,3
c0043,79,65
c0043,80,22
c0043,81,6
c0043,82,10
c0043,83,179
c0043,84,55
c0043,85,258
c0043,86,285
c0043,87,107
c0043,88,151
c0043,89,127
c0043,90,67
c0043,91,93
c0043,92,9
c0043,93,99
c0043,94,26
c0043,95,6
c0043,96,82
c0043,97,129
c0043,98,111
c0043,99,37
c0043,100,49
c0043,101,27
c0043,102,26
c0043,103,125
c0043,104,20
c0043,105,15
c0043,106,240
c0043,107,27
c0043,108,18
c0043,109,10
c0043,110,284
c0043,111,5
c0043,112,113
c0043,113,65
c0043,114,85
c0043,115,7
c0043,116,66
c0043,117,203
c0043,118,113
c0043,119,40
c0043,120,29
c0043,121,22
c0043,122,149
c0043,123,5
c0043,124,76
c0043,125,114
c0043,126,46
c0043,127,54
c0043,128,57
c0043,129,14
c0043,130,32
c0043,131,118
c0043,132,45
c0043,133,66
c0043,134,19
c0043,135,109
c0043,136,22
c0043,137,22
c0043,138,243
c0043,139,136
c0043,140,258
c0043,141,342
c0043,142,304
c0043,143,124
c0043,144,54
c0043,145,284
c0043,146,325
c0043,147,139
c0043,148,248
c0043,149,317
c0043,150,295
c0043,151,236
c0043,152,216
c0043,153,243
c0043,154,152
c0043,155,186
c0043,156,286
c0043,157,349
c0043,158,329
c0043,159,258
c0043,160,194
c0043,161,286
c0043,162,200
c0043,163,121
c0043,164,279
c0043,165,198
c0043,166,283
c0043,167,134
c0043,168,262
c0043,169,252
c0043,170,148
c0043,171,159
c0043,172,325
c0043,173,337
c0043,174,197
c0043,175,298
c0043,176,214
c0043,177,160
c0043,178,279
c0043,179,167
c0043,180,246
c0043,181,228
c0043,182,35
c0043,183,257
c0043,184,121
c0043,185,185
c0043,186,211
c0043,187,67
c0043,188,265
c0043,189,140
c0043,190,230
c0043,191,362
c0043,192,376
c0043,193,258
c0043,194,222
c0043,195,209
c0043,196,233
c0043,197,40
c0043,198,185
c0043,199,444
c0043,200,263
c0043,201,362
c0043,202,154
c0043,203,118
c0043,204,106
c0043,205,215
c0043,206,181
c0043,207,416
c0043,208,117
c0043,209,284
c0043,210,47
c0043,211,73
c0043,212,169
c0043,213,143
c0043,214,180
c0043,215,121
c0043,216,74
c0043,217,11
c0043,218,54
c0043,219,20
c0043,220,164
c0043,221,147
c0043,222,50
c0043,224,16
c0043,225,57
c0043,226,62
c0043,227,28
c0043,228,41
c0043,229,76
c0043,230,76
c0043,231,71
c0043,232,31
c0043,233,30
c0043,234,40
c0043,235,15
c0043,236,16
c0043,237,136
c0043,238,137
c0043,239,123
c0043,240,74
c0043,241,27
c0043,242,118
c0043,243,81
c0043,244,12
c0043,245,21
c0043,246,9
c0043,247,28
c0043,248,231
c0043,249,26
c0043,250,209
c0043,251,150
c0043,252,55
c0043,253,111
c0043,254,134
c0043,255,33
c0043,256,237
c0043,257,215
c0043,258,49
c0043,259,55
c0043,260,36
c0043,261,36
c0043,262,78
c0043,263,52
c0043,264,31
c0043,265,39
c0043,266,79
c0043,267,79
c0043,268,139
c0043,269,130
c0043,270,65
c0043,271,95
c0043,272,85
c0043,273,73
c0043,274,108
c0043,275,16
c0043,276,71
c0043,277,84
c0043,278,18
c0043,279,63
c0043,280,85
c0043,281,9
c0043,282,41
c0043,283,18
c0043,284,23
c0043,285,66
c0043,286,53
c0043,287,42
c0043,288,25
c0043,289,187
c0043,290,17
c0043,291,56
c0043,292,41
c0043,293,18
c0043,294,20
c0043,295,9
c0043,296,1
c0043,297,34
c0043,298,49
c0043,299,53
c0043,300,34
c0043,301,39
c0043,302,13
c0043,303,139
c0043,304,65
c0043,305,122
c0043,306,203
c0043,307,64
c0043,308,180
c0043,309,235
c0043,310,253
c0043,311,176
c0043,312,137
c0043,313,215
c0043,314,230
c0043,315,39
c0043,316,198
c0043,317,106
c0043,318,148
c0043,319,328
c0043,320,133
c0043,321,42
c0043,322,200
c0043,323,122
c0043,324,168
c0043,325,84
c0043,326,145
c0043,327,146
c0043,328,144
c0043,329,126
c0043,330,160
c0043,331,184
c0043,332,111
c0043,333,144
c0043,334,266
c0043,335,108
c0043,336,243
c0043,337,81
c0043,338,12
c0043,339,141
c0043,340,317
c0043,341,68
c0043,342,31
c0043,343,164
c0043,344,137
c0043,345,170
c0043,346,106
c0043,347,119
c0043,348,24
c0043,349,50
c0043,350,61
c0043,351,27
c0043,352,4
c0043,353,25
c0043,354,160
c0043,355,10
c0043,356,45
c0043,357,14
c0043,358,5
c0043,359,149
c0043,360,49
c0043,361,50
c0043,362,45
c0043,363,37
c0043,364,186
c0043,365,99
c0043,366,141
c0043,367,161
c0043,368,125
c0043,369,21
c0043,370,41
c0043,371,57
c0043,372,50
c0043,373,82
c0043,374,35
c0043,375,11
c0043,376,12
c0043,377,59
c0043,378,195
c0043,379,133
c0043,380,20
c0043,381,219
c0043,382,26
c0043,383,21
c0043,384,52
c0043,385,137
c0043,386,85
c0043,387,73
c0043,388,6
c0043,389,7
c0043,390,214
c0043,391,185
c0043,392,244
c0043,393,71
c0043,394,112
c0043,395,21
c0043,396,81
c0043,397,117
c0043,398,18
c0043,399,48
c0043,400,94
c0043,401,50
c0043,402,244
c0043,403,79
c0043,404,30
c0043,405,97
c0043,406,28
c0043,407,20
c0043,408,78
c0043,409,17
c0043,410,35
c0043,411,22
c0043,412,251
c0043,413,202
c0043,414,146
c0043,415,234
c0043,416,210
c0043,417,93
c0043,418,278
c0043,419,26
c0043,420,78
c0043,421,19
c0043,422,54
c0043,423,72
c0043,424,16
c0043,425,117
c0043,426,80
c0043,427,142
c0043,428,180
c0043,429,45
c0043,430,17
c0043,431,94
c0043,432,20
c0043,433,74
c0043,434,30
c0043,435,55
c0043,436,12
c0043,437,85
c0043,438,5
c0043,439,9
c0043,440,98
c0043,441,70
c0043,442,165
c0043,443,72
c0043,444,56
c0043,445,191
c0043,446,140
c0043,447,189
c0043,448,54
c0043,449,68
c0043,450,142
c0043,451,212
c0043,452,307
c0043,453,95
c0043,454,267
c0043,455,142
c0043,456,90
c0043,457,75
c0043,458,195
c0043,459,136
c0043,460,80
c0043,461,52
c0043,462,62
c0043,463,6
c0043,464,13
c0043,465,33
c0043,466,139
c0043,467,78
c0043,468,108
c0043,469,88
c0043,470,44
c0043,471,215
c0043,472,232
c0043,473,297
c0043,474,472
c0043,475,97
c0043,476,141
c0043,477,54
c0043,478,35
c0043,479,174
c0043,480,85
c0043,481,371
c0043,482,138
c0043,483,39
c0043,484,119
c0043,485,56
c0043,486,53
c0043,487,70
c0043,488,67
c0043,489,22
c0043,490,74
c0043,491,11
c0043,492,52
c0043,493,28
c0043,494,92
c0043,495,50
c0043,496,121
c0043,497,108
c0043,498,73
c0043,499,99
c0043,500,123
c0043,501,138
c0043,502,35
c0043,503,13
c0043,504,5
c0043,505,80
c0043,506,4
c0043,507,78
c0043,508,2
c0043,509,231
c0043,510,177
c0043,511,158
c0043,512,219
c0043,513,190
c0043,514,58
c0043,515,26
c0043,516,76
c0043,517,50
c0043,518,93
c0043,519,91
c0043,520,201
c0043,521,81
c0043,522,207
c0043,523,273
c0043,524,246
c0043,525,89
c0043,526,152
c0043,527,130
c0043,528,171
c0043,529,172
c0043,530,160
c0043,531,153
c0043,532,103
c0043,533,66
c0043,534,98
c0043,535,152
c0043,536,111
c0043,537,124
c0043,538,17
c0043,539,59
c0043,540,21
c0043,541,33
c0043,542,70
c0043,543,96
c0043,544,59
c0043,545,19
c0043,546,159
c0043,547,61
c0043,548,16
c0043,549,63
c0043,550,86
c0043,551,11
c0043,552,70
c0043,553,106
c0043,554,56
c0043,555,39
c0043,556,94
c0043,557,112
c0043,558,111
c0043,559,80
c0043,560,87
c0043,561,141
c0043,562,48
c0043,563,24
c0043,564,193
c0043,565,65
c0043,566,12
c0043,567,289
c0043,568,277
c0043,569,58
c0043,570,128
c0043,571,131
c0043,572,127
c0043,573,13
c0043,574,103
c0043,575,60
c0043,576,50
c0043,577,102
c0043,578,76
c0043,579,37
c0043,580,58
c0043,581,37
c0043,582,7
c0043,583,47
c0043,584,59
c0043,585,57
c0043,586,86
c0043,587,12
c0043,588,21
c0043,589,12
c0043,590,6
c0043,591,97
c0043,592,9
c0043,593,79
c0043,594,62
c0043,595,71
c0043,596,128
c0043,597,146
c0043,598,105
c0043,599,72
c0043,600,37
c0043,601,141
c0043,602,56
c0043,603,52
c0043,604,62
c0043,605,153
c0043,606,35
c0043,607,18
c0043,608,134
c0043,609,181
c0043,610,115
c0043,611,120
c0043,612,13
c0043,613,251
c0043,614,74
c0043,615,130
c0043,616,209
c0043,617,51
c0043,618,39
c0043,619,48
c0043,620,102
c0043,621,136
c0043,622,121
c0043,623,74
c0043,624,45
c0043,625,14
c0043,626,69
c0043,627,110
c0043,628,90
c0043,629,78
c0043,630,25
c0043,631,85
c0043,632,13
c0043,633,16
c0043,634,158
c0043,635,6
c0043,636,38
c0043,637,3
c0043,638,53
c0043,639,85
c0043,640,147
c0043,641,75
c0043,642,79
c0043,643,71
c0043,644,38
c0043,645,78
c0043,646,6
c0043,647,19
c0043,648,28
c0043,649,44
c0043,650,41
c0043,651,47
c0043,652,30
c0043,653,38
c0043,654,40
c0043,655,6
c0043,656,26
c0043,657,23
c0043,658,15
c0043,659,13
c0043,660,152
c0043,661,59
c0043,662,18
c0043,663,20
c0043,664,67
c0043,665,18
c0043,666,63
c0043,667,8
c0043,668,10
c0043,669,34
c0043,670,10
c0043,671,15
c0043,672,94
c0043,673,131
c0043,674,131
c0043,675,39
c0043,676,90
c0043,677,139
c0043,678,43
c0043,679,22
c0043,680,65
c0043,681,61
c0043,682,30
c0043,683,20
c0043,684,28
c0043,685,107
c0043,686,107
c0043,687,25
c0043,688,68
c0043,689,60
c0043,690,10
c0043,691,23
c0043,692,58
c0043,693,21
c0043,694,210
c0043,695,506
c0043,696,239
c0043,697,222
c0043,698,346
c0043,699,609
c0043,700,511
c0043,701,649
c0043,702,669
c0043,703,768
c0043,704,126
c0043,705,304
c0043,706,517
c0043,707,305
c0043,708,297
c0043,709,358
c0043,710,123
c0043,711,250
c0043,712,227
c0043,713,151
c0043,714,578
c0043,715,43
c0043,716,32
c0043,717,33
c0043,718,221
c0043,719,244
c0043,720,157
c0043,721,348
c0043,722,22
c0043,723,36
c0043,724,79
c0043,725,47
c0043,726,1
c0043,727,5
c0043,728,11
c0043,729,43
c0043,730,71
c0043,731,54
c0043,732,16
c0043,733,78
c0043,734,55
c0043,735,215
c0043,736,126
c0043,737,49
c0043,738,34
c0043,739,116
c0043,740,20
c0043,741,92
c0043,742,34
c0043,743,141
c0043,744,70
c0043,745,168
c0043,746,32
c0043,747,121
c0043,748,124
c0043,749,114
c0043,750,27
c0043,751,59
c0043,752,78
c0043,753,57
c0043,754,29
c0043,755,29
c0043,756,4
c0043,757,10
c0043,758,11
c0043,759,13
c0043,760,25
c0043,761,206
c0043,762,183
c0043,763,130
c0043,764,191
c0043,765,90
c0043,766,46
c0043,767,35
c0043,768,256
c0043,769,76
c0043,770,203
c0043,771,358
c0043,772,41
c0043,773,11
c0043,774,109
c0043,775,124
c0043,776,97
c0043,777,217
c0043,778,105
c0043,779,98
c0043,780,70
c0043,781,80
c0043,782,100
c0043,783,40
c0043,784,56
c0043,785,34
c0043,786,52
c0043,787,69
c0043,788,8
c0043,789,43
c0043,790,27
c0043,791,85
c0043,792,131
c0043,793,54
c0043,794,89
c0043,795,33
c0043,796,20
c0043,797,52
c0043,798,50
c0043,799,42
c0043,800,45
c0043,801,131
c0043,802,161
c0043,803,5
c0043,804,30
c0043,805,96
c0043,806,169
c0043,807,73
c0043,808,48
c0043,809,112
c0043,810,44
c0043,811,24
c0043,812,23
c0043,813,142
c0043,814,75
c0043,815,179
c0043,816,41
c0043,817,30
c0043,818,44
c0043,819,29
c0043,820,128
c0043,821,104
c0043,822,171
c0043,823,122
c0043,824,105
c0043,825,11
c0043,826,60
c0043,827,17
c0043,828,9
c0043,829,452
c0043,830,186
c0043,831,186
c0043,832,47
c0043,833,46
c0043,834,160
c0043,835,234
c0043,836,40
c0043,837,3
c0043,838,85
c0043,839,100
c0043,840,73
c0043,841,75
c0043,842,109
c0043,843,88
c0043,844,157
c0043,845,103
c0043,846,135
c0044,310,157
c0044,311,134
c0044,312,41
c0044,313,86
c0044,314,127
c0044,315,123
c0044,316,94
c0044,317,75
c0044,318,94
c0044,319,101
c0044,320,19
c0044,321,139
c0044,322,50
c0044,323,57
c0044,324,64
c0044,325,34
c0044,326,61
c0044,327,55
c0044,328,89
c0044,329,55
c0044,330,62
c0044,331,56
c0044,332,49
c0044,333,60
c0044,334,86
c0044,335,55
c0044,336,53
c0044,337,61
c0044,338,103
c0044,339,62
c0044,340,19
c0044,341,106
c0044,342,43
c0044,343,3
c0044,344,64
c0044,345,128
c0044,346,40
c0044,347,26
c0044,348,56
c0044,349,50
c0044,350,65
c0044,351,43
c0044,352,17
c0044,353,9
c0044,354,6
c0044,355,79
c0044,356,3
c0044,358,4
c0044,359,3
c0044,360,88
c0044,361,13
c0044,362,23
c0044,363,2
c0044,364,2
c0044,365,37
c0044,366,19
c0044,367,17
c0044,368,9
c0044,369,8
c0044,370,13
c0045,597,13
c0045,598,35
c0045,599,5
c0045,600,17
c0045,601,4
c0045,602,1
c0045,603,35
c0045,604,13
c0045,605,7
c0046,371,39
c0046,372,30
c0046,373,43
c0046,374,45
c0046,375,53
c0046,377,10
c0046,378,11
c0046,379,11
c0046,380,7
c0046,381,3
c0046,382,1
c0046,383,2
c0046,384,29
c0046,385,96
c0046,386,30
c0046,387,4
c0046,388,80
c0046,389,3
c0046,390,7
c0046,391,17
c0047,442,12
c0047,443,10
c0047,444,2
c0047,445,1
c0047,446,7
c0048,497,161
c0048,498,35
c0048,499,19
c0049,0,549
c0049,1,86
c0049,2,402
c0050,108,130
c0050,109,15
c0050,110,106
c0050,111,2
c0050,112,161
c0051,650,10
c0051,651,4
c0051,652,16
c0051,653,2
c0051,654,3
c0051,655,11
c0051,656,1
c0051,657,4
c0051,658,3
c0051,659,8
c0051,660,14
c0052,113,118
c0052,114,83
c0052,115,58
c0052,116,23
c0053,64,1114
c0054,559,712
c0054,560,319
c0054,561,62
c0054,562,158
c0054,563,329
c0055,858,32
c0055,859,49
c0055,860,10
c0055,861,12
c0055,862,52
c0055,863,33
c0055,864,13
c0055,865,1
c0056,54,13
c0056,55,11
c0056,56,53
c0056,57,11
c0056,58,16
c0056,59,2
c0056,60,5
c0056,61,1
c0056,62,18
c0056,63,4
c0057,615,34
c0057,616,36
c0057,617,76
c0057,618,77
c0057,619,47
c0057,620,43
c0057,621,17
c0057,622,47
c0057,623,27
c0057,624,25
c0057,625,29
c0057,626,53
c0057,627,71
c0057,628,6
c0057,629,10
c0057,630,54
c0057,631,105
c0057,632,41
c0057,633,46
c0057,634,1
c0057,635,115
c0057,636,62
c0057,637,69
c0057,638,95
c0057,639,21
c0057,640,32
c0057,641,25
c0058,86,2
c0058,87,5
c0058,88,1
c0058,89,2
c0058,90,1
c0059,413,246
c0059,414,82
c0060,661,25
c0060,662,24
c0060,663,22
c0060,664,11
c0060,665,5
c0060,666,14
c0060,667,5
c0060,668,3
c0060,669,9
c0060,670,11
c0061,140,616
c0061,141,275
c0062,424,47
c0062,425,18
c0063,295,233
c0063,296,6
c0063,297,15
c0063,298,52
c0063,300,28
c0064,487,450
c0064,488,605
c0064,489,710
c0064,490,1202
c0064,491,261
c0064,492,289
c0064,493,138
c0064,494,96
c0064,495,388
c0064,496,256
c0065,222,72
c0065,223,1
c0065,224,66
c0065,225,16
c0066,126,412
c0066,127,394
c0066,128,222
c0067,142,53
c0067,143,74
c0067,144,41
c0067,145,31
c0067,146,20
c0067,147,73
c0067,148,96
c0067,149,43
c0067,150,44
c0067,151,93
c0067,152,66
c0067,153,59
c0067,154,49
c0067,155,40
c0067,156,29
c0067,157,38
c0067,158,54
c0067,159,77
c0067,160,73
c0067,161,62
c0067,162,55
c0067,163,49
c0067,164,37
c0067,165,31
c0067,166,70
c0067,167,47
c0067,168,73
c0067,169,19
c0067,170,41
c0067,171,83
c0067,172,41
c0067,173,39
c0067,174,64
c0067,175,107
c0067,176,36
c0067,177,59
c0067,178,50
c0067,179,48
c0067,180,67
c0067,181,44
c0067,182,35
c0067,183,43
c0067,184,5
c0067,185,54
c0067,186,20
c0067,187,22
c0067,188,37
c0067,189,19
c0067,190,19
c0067,191,40
c0067,192,27
c0067,193,33
c0067,194,86
c0067,195,104
c0067,196,56
c0067,197,36
c0067,198,39
c0067,199,33
c0067,200,13
c0067,201,48
c0067,202,64
c0067,203,51
c0067,204,62
c0067,205,28
c0067,206,28
c0067,207,21
c0067,208,33
c0067,209,28
c0067,210,72
c0067,211,11
c0067,212,60
c0068,118,71
c0068,120,38
c0068,121,8
c0068,123,1
c0068,124,34
c0068,125,3
c0069,65,705
c0069,66,768
c0070,135,361
c0070,136,330
c0070,137,201
c0071,579,246
c0071,580,131
c0071,581,114
c0071,582,186
c0071,583,152
c0071,584,144
c0072,0,817
c0072,1,122
c0072,2,882
c0073,149,662
c0073,150,536
c0074,71,303
c0074,72,195
c0075,464,12
c0075,465,3
c0075,466,1
c0076,806,168
c0076,807,83
c0076,808,96
c0076,809,146
c0076,810,38
c0076,811,25
c0076,812,42
c0076,813,131
c0076,814,67
c0076,815,366
c0076,816,300
c0076,817,151
c0076,818,10
c0076,819,20
c0076,820,4
c0077,505,438
c0077,506,625
c0077,507,649
c0077,508,1296
c0077,509,274
c0077,510,223
c0077,511,162
c0077,512,78
c0077,513,362
c0077,514,288
c0078,663,88
c0078,664,102
c0078,665,45
c0078,666,43
c0078,667,5
c0078,668,49
c0078,669,91
c0078,670,61
c0079,868,44
c0079,869,30
c0079,870,35
c0080,127,75
c0080,128,51
c0080,129,8
c0080,130,5
c0080,131,5
c0080,132,68
c0080,134,7
c0081,271,21
c0081,272,63
c0081,273,2
c0081,274,70
c0081,275,46
c0082,0,583
c0082,1,67
c0082,2,402
c0082,3,527
c0082,4,333
c0082,5,60
c0082,6,86
c0082,7,537
c0082,8,522
c0082,9,73
c0082,10,88
c0082,11,356
c0082,12,168
c0082,13,1215
c0082,14,63
c0082,15,500
c0082,16,210
c0082,17,1551
c0082,18,238
c0082,19,177
c0082,20,1162
c0082,21,556
c0082,22,106
c0082,23,877
c0082,24,1010
c0082,25,148
c0082,26,729
c0082,27,239
c0082,28,362
c0082,29,249
c0082,30,389
c0082,31,114
c0082,32,272
c0082,33,1584
c0082,34,123
c0082,35,1117
c0082,36,736
c0082,37,117
c0082,38,832
c0082,39,735
c0082,40,735
c0082,41,596
c0082,42,78
c0082,43,750
c0082,44,351
c0082,45,970
c0082,46,446
c0082,47,692
c0082,48,120
c0082,49,976
c0082,50,696
c0082,51,125
c0082,52,288
c0082,53,335
c0082,54,660
c0082,55,1093
c0082,56,609
c0082,57,668
c0082,58,165
c0082,59,122
c0082,60,119
c0082,61,175
c0082,62,143
c0082,63,1270
c0082,64,877
c0082,65,731
c0082,66,497
c0082,67,477
c0082,68,959
c0082,69,656
c0082,70,898
c0082,71,208
c0082,72,329
c0082,73,314
c0082,74,936
c0082,75,524
c0082,76,705
c0082,77,137
c0082,78,54
c0082,79,561
c0082,80,314
c0082,81,52
c0082,82,91
c0082,83,1960
c0082,84,451
c0082,85,824
c0082,86,936
c0082,87,476
c0082,88,585
c0082,89,421
c0082,90,600
c0082,91,813
c0082,92,105
c0082,93,584
c0082,94,273
c0082,95,73
c0082,96,361
c0082,97,1098
c0082,98,865
c0082,99,318
c0082,100,528
c0082,101,287
c0082,102,203
c0082,103,1155
c0082,104,107
c0082,105,101
c0082,106,767
c0082,107,284
c0082,108,104
c0082,109,39
c0082,110,1019
c0082,111,95
c0082,112,471
c0082,113,342
c0082,114,344
c0082,115,54
c0082,116,694
c0082,117,1086
c0082,118,587
c0082,119,242
c0082,120,427
c0082,121,337
c0082,122,616
c0082,123,50
c0082,124,473
c0082,125,444
c0082,126,257
c0082,127,425
c0082,128,400
c0082,129,147
c0082,130,341
c0082,131,810
c0082,132,410
c0082,133,263
c0082,134,250
c0082,135,539
c0082,136,224
c0082,137,277
c0082,138,652
c0082,139,348
c0082,140,857
c0082,141,1592
c0082,142,1205
c0082,143,865
c0082,144,385
c0082,145,1141
c0082,146,1270
c0082,147,668
c0082,148,828
c0082,149,1266
c0082,150,1362
c0082,151,884
c0082,152,809
c0082,153,1008
c0082,154,689
c0082,155,864
c0082,156,839
c0082,157,1117
c0082,158,1238
c0082,159,976
c0082,160,793
c0082,161,1023
c0082,162,712
c0082,163,451
c0082,164,1042
c0082,165,741
c0082,166,982
c0082,167,533
c0082,168,914
c0082,169,1028
c0082,170,431
c0082,171,726
c0082,172,906
c0082,173,1247
c0082,174,804
c0082,175,984
c0082,176,851
c0082,177,855
c0082,178,851
c0082,179,542
c0082,180,1026
c0082,181,808
c0082,182,165
c0082,183,1328
c0082,184,443
c0082,185,684
c0082,186,810
c0082,187,214
c0082,188,824
c0082,189,484
c0082,190,795
c0082,191,1267
c0082,192,1640
c0082,193,1069
c0082,194,658
c0082,195,818
c0082,196,927
c0082,197,239
c0082,198,592
c0082,199,1659
c0082,200,838
c0082,201,1411
c0082,202,689
c0082,203,514
c0082,204,394
c0082,205,864
c0082,206,617
c0082,207,1301
c0082,208,516
c0082,209,1176
c0082,210,203
c0082,211,881
c0082,212,685
c0082,213,881
c0082,214,1123
c0082,215,458
c0082,216,462
c0082,217,112
c0082,218,379
c0082,219,92
c0082,220,1862
c0082,221,1234
c0082,222,763
c0082,224,277
c0082,225,332
c0082,226,499
c0082,227,402
c0082,228,307
c0082,229,383
c0082,230,441
c0082,231,454
c0082,232,287
c0082,233,335
c0082,234,468
c0082,235,149
c0082,236,92
c0082,237,318
c0082,238,705
c0082,239,869
c0082,240,569
c0082,241,191
c0082,242,1052
c0082,243,891
c0082,244,107
c0082,245,205
c0082,246,75
c0082,247,284
c0082,248,910
c0082,249,349
c0082,250,865
c0082,251,577
c0082,252,373
c0082,253,741
c0082,254,1088
c0082,255,344
c0082,256,992
c0082,257,823
c0082,258,461
c0082,259,336
c0082,260,253
c0082,261,215
c0082,262,490
c0082,263,291
c0082,264,161
c0082,265,284
c0082,266,697
c0082,267,768
c0082,268,756
c0082,269,804
c0082,270,419
c0082,271,528
c0082,272,597
c0082,273,505
c0082,274,775
c0082,275,214
c0082,276,401
c0082,277,643
c0082,278,197
c0082,279,523
c0082,280,737
c0082,281,75
c0082,282,154
c0082,283,183
c0082,284,231
c0082,285,545
c0082,286,400
c0082,287,338
c0082,288,161
c0082,289,1184
c0082,290,146
c0082,291,320
c0082,292,324
c0082,293,80
c0082,294,196
c0082,295,89
c0082,296,44
c0082,297,169
c0082,298,279
c0082,299,338
c0082,300,184
c0082,301,262
c0082,302,85
c0082,303,705
c0082,304,309
c0082,305,555
c0082,306,967
c0082,307,323
c0082,308,876
c0082,309,1280
c0082,310,1598
c0082,311,797
c0082,312,821
c0082,313,966
c0082,314,1088
c0082,315,202
c0082,316,1114
c0082,317,714
c0082,318,711
c0082,319,1620
c0082,320,659
c0082,321,277
c0082,322,896
c0082,323,562
c0082,324,726
c0082,325,460
c0082,326,746
c0082,327,847
c0082,328,723
c0082,329,679
c0082,330,715
c0082,331,680
c0082,332,617
c0082,333,575
c0082,334,1317
c0082,335,652
c0082,336,1214
c0082,337,472
c0082,338,69
c0082,339,622
c0082,340,1209
c0082,341,379
c0082,342,192
c0082,343,923
c0082,344,570
c0082,345,745
c0082,346,573
c0082,347,522
c0082,348,90
c0082,349,316
c0082,350,531
c0082,351,119
c0082,352,46
c0082,353,140
c0082,354,779
c0082,355,56
c0082,356,174
c0082,357,79
c0082,358,48
c0082,359,729
c0082,360,222
c0082,361,307
c0082,362,142
c0082,363,230
c0082,364,791
c0082,365,621
c0082,366,844
c0082,367,845
c0082,368,770
c0082,369,77
c0082,370,318
c0082,371,245
c0082,372,446
c0082,373,286
c0082,374,324
c0082,375,82
c0082,376,53
c0082,377,77
c0082,378,1217
c0082,379,496
c0082,380,89
c0082,381,1142
c0082,382,157
c0082,383,108
c0082,384,270
c0082,385,755
c0082,386,539
c0082,387,576
c0082,388,39
c0082,389,71
c0082,390,1059
c0082,391,1005
c0082,392,1114
c0082,393,365
c0082,394,432
c0082,395,76
c0082,396,483
c0082,397,515
c0082,398,99
c0082,399,163
c0082,400,335
c0082,401,325
c0082,402,865
c0082,403,297
c0082,404,475
c0082,405,599
c0082,406,216
c0082,407,118
c0082,408,610
c0082,409,226
c0082,410,404
c0082,411,146
c0082,412,1482
c0082,413,1109
c0082,414,757
c0082,415,1011
c0082,416,936
c0082,417,368
c0082,418,1170
c0082,419,163
c0082,420,274
c0082,421,162
c0082,422,401
c0082,423,389
c0082,424,100
c0082,425,769
c0082,426,625
c0082,427,1051
c0082,428,1072
c0082,429,353
c0082,430,178
c0082,431,615
c0082,432,150
c0082,433,583
c0082,434,209
c0082,435,375
c0082,436,56
c0082,437,821
c0082,438,127
c0082,439,87
c0082,440,934
c0082,441,276
c0082,442,936
c0082,443,179
c0082,444,288
c0082,445,686
c0082,446,434
c0082,447,678
c0082,448,257
c0082,449,339
c0082,450,629
c0082,451,835
c0082,452,1113
c0082,453,416
c0082,454,856
c0082,455,521
c0082,456,411
c0082,457,281
c0082,458,976
c0082,459,742
c0082,460,607
c0082,461,447
c0082,462,543
c0082,463,108
c0082,464,156
c0082,465,231
c0082,466,580
c0082,467,330
c0082,468,611
c0082,469,524
c0082,470,250
c0082,471,654
c0082,472,912
c0082,473,993
c0082,474,1650
c0082,475,380
c0082,476,377
c0082,477,162
c0082,478,139
c0082,479,543
c0082,480,316
c0082,481,1524
c0082,482,590
c0082,483,290
c0082,484,870
c0082,485,382
c0082,486,306
c0082,487,729
c0082,488,613
c0082,489,191
c0082,490,567
c0082,491,117
c0082,492,392
c0082,493,349
c0082,494,360
c0082,495,272
c0082,496,582
c0082,497,501
c0082,498,398
c0082,499,449
c0082,500,476
c0082,501,682
c0082,502,185
c0082,503,150
c0082,504,60
c0082,505,209
c0082,506,94
c0082,507,330
c0082,508,39
c0082,509,885
c0082,510,680
c0082,511,870
c0082,512,1076
c0082,513,771
c0082,514,215
c0082,515,235
c0082,516,314
c0082,517,240
c0082,518,393
c0082,519,329
c0082,520,970
c0082,521,360
c0082,522,852
c0082,523,1284
c0082,524,865
c0082,525,397
c0082,526,563
c0082,527,489
c0082,528,658
c0082,529,731
c0082,530,633
c0082,531,599
c0082,532,470
c0082,533,185
c0082,534,404
c0082,535,603
c0082,536,457
c0082,537,483
c0082,538,64
c0082,539,248
c0082,540,92
c0082,541,176
c0082,542,372
c0082,543,991
c0082,544,508
c0082,545,215
c0082,546,425
c0082,547,527
c0082,548,181
c0082,549,421
c0082,550,717
c0082,551,59
c0082,552,470
c0082,553,383
c0082,554,627
c0082,555,449
c0082,556,841
c0082,557,770
c0082,558,717
c0082,559,553
c0082,560,451
c0082,561,876
c0082,562,414
c0082,563,155
c0082,564,1336
c0082,565,229
c0082,566,110
c0082,567,1423
c0082,568,1435
c0082,569,297
c0082,570,626
c0082,571,752
c0082,572,606
c0082,573,41
c0082,574,509
c0082,575,195
c0082,576,103
c0082,577,614
c0082,578,428
c0082,579,276
c0082,580,361
c0082,581,290
c0082,582,72
c0082,583,108
c0082,584,358
c0082,585,436
c0082,586,1263
c0082,587,298
c0082,588,310
c0082,589,207
c0082,590,193
c0082,591,872
c0082,592,140
c0082,593,658
c0082,594,195
c0082,595,290
c0082,596,500
c0082,597,534
c0082,598,345
c0082,599,331
c0082,600,118
c0082,601,465
c0082,602,146
c0082,603,198
c0082,604,175
c0082,605,434
c0082,606,92
c0082,607,64
c0082,608,414
c0082,609,530
c0082,610,371
c0082,611,376
c0082,612,73
c0082,613,615
c0082,614,280
c0082,615,395
c0082,616,583
c0082,617,178
c0082,618,140
c0082,619,173
c0082,620,279
c0082,621,857
c0082,622,759
c0082,623,398
c0082,624,434
c0082,625,133
c0082,626,302
c0082,627,811
c0082,628,631
c0082,629,645
c0082,630,135
c0082,631,489
c0082,632,117
c0082,633,87
c0082,634,975
c0082,635,87
c0082,636,149
c0082,637,66
c0082,638,379
c0082,639,703
c0082,640,813
c0082,641,523
c0082,642,437
c0082,643,297
c0082,644,236
c0082,645,462
c0082,646,58
c0082,647,107
c0082,648,249
c0082,649,295
c0082,650,332
c0082,651,264
c0082,652,252
c0082,653,143
c0082,654,296
c0082,655,53
c0082,656,195
c0082,657,95
c0082,658,201
c0082,659,106
c0082,660,1355
c0082,661,649
c0082,662,224
c0082,663,178
c0082,664,592
c0082,665,214
c0082,666,366
c0082,667,96
c0082,668,87
c0082,669,275
c0082,670,266
c0082,671,145
c0082,672,428
c0082,673,658
c0082,674,452
c0082,675,121
c0082,676,682
c0082,677,1067
c0082,678,236
c0082,679,251
c0082,680,670
c0082,681,566
c0082,682,204
c0082,683,251
c0082,684,102
c0082,685,384
c0082,686,504
c0082,687,92
c0082,688,309
c0082,689,254
c0082,690,45
c0082,691,78
c0082,692,219
c0082,693,117
c0082,694,385
c0082,695,916
c0082,696,372
c0082,697,403
c0082,698,699
c0082,699,1284
c0082,700,925
c0082,701,1037
c0082,702,1357
c0082,703,1241
c0082,704,246
c0082,705,1180
c0082,706,820
c0082,707,629
c0082,708,473
c0082,709,701
c0082,710,212
c0082,711,454
c0082,712,347
c0082,713,240
c0082,714,1115
c0082,715,76
c0082,716,91
c0082,717,83
c0082,718,289
c0082,719,465
c0082,720,329
c0082,721,1122
c0082,722,58
c0082,723,53
c0082,724,821
c0082,725,487
c0082,726,45
c0082,727,62
c0082,728,186
c0082,729,645
c0082,730,547
c0082,731,482
c0082,732,125
c0082,733,242
c0082,734,493
c0082,735,1167
c0082,736,409
c0082,737,324
c0082,738,173
c0082,739,656
c0082,740,206
c0082,741,243
c0082,742,214
c0082,743,871
c0082,744,342
c0082,745,727
c0082,746,224
c0082,747,691
c0082,748,796
c0082,749,624
c0082,750,66
c0082,751,488
c0082,752,758
c0082,753,562
c0082,754,425
c0082,755,251
c0082,756,137
c0082,757,242
c0082,758,152
c0082,759,217
c0082,760,110
c0082,761,1017
c0082,762,788
c0082,763,585
c0082,764,895
c0082,765,373
c0082,766,304
c0082,767,282
c0082,768,1050
c0082,769,541
c0082,770,666
c0082,771,1497
c0082,772,240
c0082,773,90
c0082,774,489
c0082,775,795
c0082,776,432
c0082,777,994
c0082,778,522
c0082,779,745
c0082,780,372
c0082,781,403
c0082,782,526
c0082,783,220
c0082,784,258
c0082,785,235
c0082,786,539
c0082,787,583
c0082,788,74
c0082,789,280
c0082,790,290
c0082,791,602
c0082,792,784
c0082,793,270
c0082,794,564
c0082,795,212
c0082,796,74
c0082,797,395
c0082,798,617
c0082,799,393
c0082,800,534
c0082,801,849
c0082,802,1168
c0082,803,33
c0082,804,98
c0082,805,567
c0082,806,1060
c0082,807,410
c0082,808,265
c0082,809,528
c0082,810,130
c0082,811,175
c0082,812,144
c0082,813,842
c0082,814,410
c0082,815,990
c0082,816,215
c0082,817,258
c0082,818,324
c0082,819,139
c0082,820,512
c0082,821,486
c0082,822,680
c0082,823,715
c0082,824,436
c0082,825,233
c0082,826,346
c0082,827,91
c0082,828,49
c0082,829,1228
c0082,830,1208
c0082,831,1164
c0082,832,162
c0082,833,325
c0082,834,932
c0082,835,1050
c0082,836,267
c0082,837,117
c0082,838,458
c0082,839,632
c0082,840,546
c0082,841,557
c0082,842,973
c0082,843,807
c0082,844,832
c0082,845,441
c0082,846,571
c0083,0,571
c0083,1,62
c0083,2,399
c0083,3,505
c0083,4,309
c0083,5,66
c0083,6,94
c0083,7,531
c0083,8,506
c0083,9,75
c0083,10,80
c0083,11,336
c0083,12,146
c0083,13,1188
c0083,14,68
c0083,15,497
c0083,16,207
c0083,17,1522
c0083,18,224
c0083,19,174
c0083,20,1174
c0083,21,548
c0083,22,108
c0083,23,849
c0083,24,989
c0083,25,135
c0083,26,723
c0083,27,232
c0083,28,332
c0083,29,245
c0083,30,370
c0083,31,91
c0083,32,260
c0083,33,1461
c0083,34,123
c0083,35,1066
c0083,36,696
c0083,37,120
c0083,38,857
c0083,39,680
c0083,40,724
c0083,41,593
c0083,42,76
c0083,43,714
c0083,44,321
c0083,45,937
c0083,46,418
c0083,47,682
c0083,48,122
c0083,49,984
c0083,50,706
c0083,51,124
c0083,52,283
c0083,53,326
c0083,54,673
c0083,55,1077
c0083,56,609
c0083,57,685
c0083,58,163
c0083,59,110
c0083,60,115
c0083,61,174
c0083,62,142
c0083,63,1258
c0083,64,880
c0083,65,728
c0083,66,492
c0083,67,466
c0083,68,938
c0083,69,639
c0083,70,891
c0083,71,183
c0083,72,311
c0083,73,299
c0083,74,877
c0083,75,492
c0083,76,633
c0083,77,130
c0083,78,52
c0083,79,570
c0083,80,308
c0083,81,45
c0083,82,103
c0083,83,1904
c0083,84,413
c0083,85,819
c0083,86,930
c0083,87,468
c0083,88,588
c0083,89,407
c0083,90,591
c0083,91,769
c0083,92,104
c0083,93,580
c0083,94,239
c0083,95,74
c0083,96,344
c0083,97,1098
c0083,98,832
c0083,99,321
c0083,100,502
c0083,101,267
c0083,102,198
c0083,103,1110
c0083,104,90
c0083,105,95
c0083,106,753
c0083,107,280
c0083,108,94
c0083,109,36
c0083,110,1006
c0083,111,95
c0083,112,438
c0083,113,315
c0083,114,339
c0083,115,51
c0083,116,661
c0083,117,1072
c0083,118,575
c0083,119,220
c0083,120,431
c0083,121,321
c0083,122,603
c0083,123,45
c0083,124,443
c0083,125,425
c0083,126,252
c0083,127,430
c0083,128,374
c0083,129,140
c0083,130,314
c0083,131,794
c0083,132,404
c0083,133,259
c0083,134,219
c0083,135,540
c0083,136,204
c0083,137,254
c0083,138,638
c0083,139,327
c0083,140,923
c0083,141,1586
c0083,142,1249
c0083,143,881
c0083,144,381
c0083,145,1182
c0083,146,1294
c0083,147,687
c0083,148,878
c0083,149,1327
c0083,150,1379
c0083,151,909
c0083,152,829
c0083,153,1043
c0083,154,684
c0083,155,869
c0083,156,917
c0083,157,1196
c0083,158,1263
c0083,159,994
c0083,160,829
c0083,161,1036
c0083,162,722
c0083,163,464
c0083,164,1077
c0083,165,748
c0083,166,993
c0083,167,531
c0083,168,939
c0083,169,1055
c0083,170,459
c0083,171,746
c0083,172,976
c0083,173,1257
c0083,174,830
c0083,175,1045
c0083,176,862
c0083,177,835
c0083,178,901
c0083,179,600
c0083,180,1041
c0083,181,867
c0083,182,178
c0083,183,1285
c0083,184,450
c0083,185,697
c0083,186,806
c0083,187,230
c0083,188,856
c0083,189,517
c0083,190,820
c0083,191,1303
c0083,192,1672
c0083,193,1086
c0083,194,681
c0083,195,835
c0083,196,972
c0083,197,242
c0083,198,611
c0083,199,1718
c0083,200,839
c0083,201,1408
c0083,202,700
c0083,203,536
c0083,204,402
c0083,205,866
c0083,206,635
c0083,207,1374
c0083,208,534
c0083,209,1218
c0083,210,206
c0083,211,815
c0083,212,652
c0083,213,812
c0083,214,1107
c0083,215,463
c0083,216,439
c0083,217,90
c0083,218,352
c0083,219,101
c0083,220,1860
c0083,221,1191
c0083,222,744
c0083,224,276
c0083,225,311
c0083,226,463
c0083,227,402
c0083,228,268
c0083,229,385
c0083,230,416
c0083,231,445
c0083,232,292
c0083,233,336
c0083,234,434
c0083,235,135
c0083,236,80
c0083,237,297
c0083,238,653
c0083,239,833
c0083,240,555
c0083,241,179
c0083,242,976
c0083,243,847
c0083,244,117
c0083,245,195
c0083,246,68
c0083,247,278
c0083,248,912
c0083,249,351
c0083,250,866
c0083,251,591
c0083,252,366
c0083,253,747
c0083,254,1108
c0083,255,313
c0083,256,974
c0083,257,783
c0083,258,444
c0083,259,334
c0083,260,258
c0083,261,203
c0083,262,474
c0083,263,282
c0083,264,163
c0083,265,280
c0083,266,708
c0083,267,772
c0083,268,763
c0083,269,800
c0083,270,411
c0083,271,544
c0083,272,587
c0083,273,498
c0083,274,762
c0083,275,201
c0083,276,385
c0083,277,603
c0083,278,188
c0083,279,479
c0083,280,694
c0083,281,72
c0083,282,135
c0083,283,152
c0083,284,216
c0083,285,535
c0083,286,384
c0083,287,328
c0083,288,167
c0083,289,1153
c0083,290,130
c0083,291,276
c0083,292,312
c0083,293,76
c0083,294,183
c0083,295,87
c0083,296,50
c0083,297,182
c0083,298,278
c0083,299,327
c0083,300,175
c0083,301,264
c0083,302,83
c0083,303,654
c0083,304,298
c0083,305,563
c0083,306,1006
c0083,307,350
c0083,308,927
c0083,309,1350
c0083,310,1683
c0083,311,838
c0083,312,872
c0083,313,969
c0083,314,1155
c0083,315,220
c0083,316,1178
c0083,317,717
c0083,318,745
c0083,319,1666
c0083,320,678
c0083,321,287
c0083,322,946
c0083,323,571
c0083,324,770
c0083,325,511
c0083,326,745
c0083,327,879
c0083,328,748
c0083,329,713
c0083,330,720
c0083,331,693
c0083,332,644
c0083,333,624
c0083,334,1342
c0083,335,671
c0083,336,1254
c0083,337,499
c0083,338,73
c0083,339,655
c0083,340,1255
c0083,341,383
c0083,342,189
c0083,343,950
c0083,344,613
c0083,345,747
c0083,346,614
c0083,347,534
c0083,348,87
c0083,349,332
c0083,350,524
c0083,351,115
c0083,352,41
c0083,353,142
c0083,354,813
c0083,355,58
c0083,356,177
c0083,357,83
c0083,358,45
c0083,359,746
c0083,360,221
c0083,361,273
c0083,362,148
c0083,363,239
c0083,364,833
c0083,365,660
c0083,366,865
c0083,367,880
c0083,368,816
c0083,369,77
c0083,370,318
c0083,371,237
c0083,372,454
c0083,373,290
c0083,374,317
c0083,375,77
c0083,376,51
c0083,377,76
c0083,378,1217
c0083,379,503
c0083,380,88
c0083,381,1168
c0083,382,153
c0083,383,110
c0083,384,272
c0083,385,748
c0083,386,544
c0083,387,564
c0083,388,41
c0083,389,58
c0083,390,1120
c0083,391,1039
c0083,392,1161
c0083,393,385
c0083,394,455
c0083,395,81
c0083,396,471
c0083,397,489
c0083,398,92
c0083,399,163
c0083,400,333
c0083,401,303
c0083,402,860
c0083,403,290
c0083,404,450
c0083,405,612
c0083,406,216
c0083,407,111
c0083,408,626
c0083,409,234
c0083,410,394
c0083,411,151
c0083,412,1439
c0083,413,1093
c0083,414,740
c0083,415,982
c0083,416,941
c0083,417,374
c0083,418,1152
c0083,419,168
c0083,420,262
c0083,421,156
c0083,422,380
c0083,423,371
c0083,424,88
c0083,425,730
c0083,426,581
c0083,427,1034
c0083,428,1065
c0083,429,363
c0083,430,183
c0083,431,603
c0083,432,156
c0083,433,605
c0083,434,203
c0083,435,362
c0083,436,61
c0083,437,830
c0083,438,115
c0083,439,84
c0083,440,923
c0083,441,277
c0083,442,910
c0083,443,189
c0083,444,306
c0083,445,694
c0083,446,426
c0083,447,694
c0083,448,268
c0083,449,345
c0083,450,663
c0083,451,831
c0083,452,1102
c0083,453,428
c0083,454,843
c0083,455,509
c0083,456,402
c0083,457,285
c0083,458,997
c0083,459,727
c0083,460,581
c0083,461,434
c0083,462,540
c0083,463,112
c0083,464,155
c0083,465,232
c0083,466,580
c0083,467,310
c0083,468,578
c0083,469,504
c0083,470,241
c0083,471,693
c0083,472,918
c0083,473,963
c0083,474,1696
c0083,475,365
c0083,476,370
c0083,477,160
c0083,478,134
c0083,479,531
c0083,480,310
c0083,481,1570
c0083,482,581
c0083,483,268
c0083,484,878
c0083,485,379
c0083,486,316
c0083,487,738
c0083,488,608
c0083,489,187
c0083,490,560
c0083,491,114
c0083,492,370
c0083,493,332
c0083,494,348
c0083,495,262
c0083,496,563
c0083,497,492
c0083,498,364
c0083,499,453
c0083,500,455
c0083,501,683
c0083,502,189
c0083,503,172
c0083,504,61
c0083,505,209
c0083,506,97
c0083,507,316
c0083,508,34
c0083,509,929
c0083,510,692
c0083,511,887
c0083,512,1077
c0083,513,785
c0083,514,228
c0083,515,239
c0083,516,321
c0083,517,235
c0083,518,397
c0083,519,362
c0083,520,983
c0083,521,368
c0083,522,872
c0083,523,1307
c0083,524,879
c0083,525,394
c0083,526,594
c0083,527,479
c0083,528,673
c0083,529,751
c0083,530,648
c0083,531,605
c0083,532,479
c0083,533,176
c0083,534,439
c0083,535,578
c0083,536,477
c0083,537,503
c0083,538,69
c0083,539,262
c0083,540,85
c0083,541,177
c0083,542,384
c0083,543,978
c0083,544,514
c0083,545,219
c0083,546,432
c0083,547,512
c0083,548,187
c0083,549,421
c0083,550,725
c0083,551,60
c0083,552,474
c0083,553,382
c0083,554,578
c0083,555,401
c0083,556,840
c0083,557,785
c0083,558,744
c0083,559,555
c0083,560,438
c0083,561,855
c0083,562,419
c0083,563,163
c0083,564,1333
c0083,565,226
c0083,566,104
c0083,567,1419
c0083,568,1438
c0083,569,314
c0083,570,610
c0083,571,749
c0083,572,608
c0083,573,40
c0083,574,490
c0083,575,203
c0083,576,103
c0083,577,588
c0083,578,437
c0083,579,276
c0083,580,378
c0083,581,287
c0083,582,72
c0083,583,99
c0083,584,341
c0083,585,450
c0083,586,1253
c0083,587,286
c0083,588,312
c0083,589,212
c0083,590,185
c0083,591,871
c0083,592,125
c0083,593,630
c0083,594,201
c0083,595,303
c0083,596,503
c0083,597,543
c0083,598,346
c0083,599,340
c0083,600,128
c0083,601,460
c0083,602,156
c0083,603,203
c0083,604,185
c0083,605,419
c0083,606,84
c0083,607,64
c0083,608,412
c0083,609,531
c0083,610,368
c0083,611,377
c0083,612,76
c0083,613,608
c0083,614,284
c0083,615,390
c0083,616,579
c0083,617,187
c0083,618,135
c0083,619,168
c0083,620,299
c0083,621,920
c0083,622,804
c0083,623,395
c0083,624,447
c0083,625,133
c0083,626,308
c0083,627,820
c0083,628,622
c0083,629,634
c0083,630,146
c0083,631,495
c0083,632,118
c0083,633,91
c0083,634,992
c0083,635,79
c0083,636,150
c0083,637,65
c0083,638,390
c0083,639,673
c0083,640,825
c0083,641,506
c0083,642,441
c0083,643,294
c0083,644,242
c0083,645,456
c0083,646,50
c0083,647,110
c0083,648,235
c0083,649,295
c0083,650,325
c0083,651,270
c0083,652,246
c0083,653,133
c0083,654,285
c0083,655,53
c0083,656,185
c0083,657,82
c0083,658,203
c0083,659,96
c0083,660,1301
c0083,661,624
c0083,662,223
c0083,663,179
c0083,664,587
c0083,665,203
c0083,666,385
c0083,667,102
c0083,668,90
c0083,669,290
c0083,670,263
c0083,671,145
c0083,672,435
c0083,673,613
c0083,674,458
c0083,675,127
c0083,676,631
c0083,677,975
c0083,678,222
c0083,679,265
c0083,680,713
c0083,681,603
c0083,682,208
c0083,683,248
c0083,684,104
c0083,685,386
c0083,686,505
c0083,687,93
c0083,688,274
c0083,689,252
c0083,690,53
c0083,691,70
c0083,692,217
c0083,693,137
c0083,694,419
c0083,695,952
c0083,696,361
c0083,697,423
c0083,698,709
c0083,699,1311
c0083,700,977
c0083,701,1033
c0083,702,1348
c0083,703,1235
c0083,704,254
c0083,705,1211
c0083,706,831
c0083,707,622
c0083,708,484
c0083,709,715
c0083,710,220
c0083,711,482
c0083,712,341
c0083,713,245
c0083,714,1097
c0083,715,75
c0083,716,100
c0083,717,84
c0083,718,288
c0083,719,472
c0083,720,344
c0083,721,1165
c0083,722,55
c0083,723,48
c0083,724,737
c0083,725,425
c0083,726,45
c0083,727,55
c0083,728,179
c0083,729,622
c0083,730,546
c0083,731,472
c0083,732,128
c0083,733,246
c0083,734,490
c0083,735,1128
c0083,736,417
c0083,737,337
c0083,738,173
c0083,739,689
c0083,740,208
c0083,741,250
c0083,742,200
c0083,743,904
c0083,744,389
c0083,745,758
c0083,746,228
c0083,747,724
c0083,748,818
c0083,749,666
c0083,750,61
c0083,751,477
c0083,752,753
c0083,753,568
c0083,754,425
c0083,755,246
c0083,756,131
c0083,757,242
c0083,758,141
c0083,759,228
c0083,760,111
c0083,761,1041
c0083,762,808
c0083,763,609
c0083,764,908
c0083,765,381
c0083,766,304
c0083,767,287
c0083,768,1058
c0083,769,544
c0083,770,691
c0083,771,1499
c0083,772,246
c0083,773,94
c0083,774,492
c0083,775,767
c0083,776,429
c0083,777,994
c0083,778,542
c0083,779,721
c0083,780,397
c0083,781,421
c0083,782,526
c0083,783,221
c0083,784,284
c0083,785,256
c0083,786,534
c0083,787,599
c0083,788,79
c0083,789,306
c0083,790,287
c0083,791,602
c0083,792,787
c0083,793,275
c0083,794,581
c0083,795,213
c0083,796,69
c0083,797,428
c0083,798,609
c0083,799,382
c0083,800,539
c0083,801,829
c0083,802,1101
c0083,803,29
c0083,804,90
c0083,805,582
c0083,806,1085
c0083,807,420
c0083,808,275
c0083,809,540
c0083,810,136
c0083,811,166
c0083,812,152
c0083,813,842
c0083,814,408
c0083,815,961
c0083,816,219
c0083,817,260
c0083,818,307
c0083,819,132
c0083,820,500
c0083,821,480
c0083,822,702
c0083,823,705
c0083,824,431
c0083,825,227
c0083,826,342
c0083,827,81
c0083,828,42
c0083,829,1185
c0083,830,1224
c0083,831,1211
c0083,832,168
c0083,833,337
c0083,834,921
c0083,835,1096
c0083,836,269
c0083,837,115
c0083,838,460
c0083,839,616
c0083,840,525
c0083,841,544
c0083,842,989
c0083,843,786
c0083,844,831
c0083,845,439
c0083,846,560
c0084,0,21
c0084,1,5
c0084,2,13
c0084,3,19
c0084,4,11
c0084,5,8
c0084,6,3
c0084,7,19
c0084,8,18
c0084,9,4
c0084,10,2
c0084,11,15
c0084,12,7
c0084,13,44
c0084,15,22
c0084,16,21
c0084,17,63
c0084,18,34
c0084,19,8
c0084,20,26
c0084,21,17
c0084,22,11
c0084,23,34
c0084,24,24
c0084,25,5
c0084,26,16
c0084,27,18
c0084,28,41
c0084,29,17
c0084,30,24
c0084,31,2
c0084,32,10
c0084,33,161
c0084,34,28
c0084,35,123
c0084,36,18
c0084,37,2
c0084,38,73
c0084,39,62
c0084,40,23
c0084,41,23
c0084,42,1
c0084,43,21
c0084,44,13
c0084,45,21
c0084,46,6
c0084,47,11
c0084,49,17
c0084,50,21
c0084,51,12
c0084,52,10
c0084,53,17
c0084,54,74
c0084,55,72
c0084,56,45
c0084,57,72
c0084,58,33
c0084,59,4
c0084,60,8
c0084,61,35
c0084,62,9
c0084,63,130
c0084,64,79
c0084,65,71
c0084,66,46
c0084,67,42
c0084,68,63
c0084,69,34
c0084,70,27
c0084,71,3
c0084,72,12
c0084,73,11
c0084,74,100
c0084,75,54
c0084,76,51
c0084,77,5
c0084,78,1
c0084,79,10
c0084,80,3
c0084,82,1
c0084,83,71
c0084,84,39
c0084,85,161
c0084,86,121
c0084,87,50
c0084,88,77
c0084,89,53
c0084,90,17
c0084,91,29
c0084,93,59
c0084,94,9
c0084,95,2
c0084,96,48
c0084,97,56
c0084,98,68
c0084,99,17
c0084,100,28
c0084,101,7
c0084,102,24
c0084,103,66
c0084,104,11
c0084,105,5
c0084,106,176
c0084,107,17
c0084,108,11
c0084,109,9
c0084,110,201
c0084,111,1
c0084,112,101
c0084,113,59
c0084,114,31
c0084,115,3
c0084,116,12
c0084,117,65
c0084,118,39
c0084,119,11
c0084,120,1
c0084,122,51
c0084,124,47
c0084,125,77
c0084,126,19
c0084,127,22
c0084,128,19
c0084,129,7
c0084,130,16
c0084,131,64
c0084,132,19
c0084,133,30
c0084,134,1
c0084,135,55
c0084,136,1
c0084,137,11
c0084,138,49
c0084,139,32
c0084,140,147
c0084,141,218
c0084,142,173
c0084,143,85
c0084,144,32
c0084,145,171
c0084,146,203
c0084,147,82
c0084,148,143
c0084,149,189
c0084,150,148
c0084,151,115
c0084,152,120
c0084,153,116
c0084,154,86
c0084,155,89
c0084,156,175
c0084,157,188
c0084,158,179
c0084,159,146
c0084,160,111
c0084,161,132
c0084,162,114
c0084,163,62
c0084,164,144
c0084,165,112
c0084,166,165
c0084,167,72
c0084,168,151
c0084,169,127
c0084,170,92
c0084,171,88
c0084,172,170
c0084,173,185
c0084,174,112
c0084,175,154
c0084,176,94
c0084,177,82
c0084,178,145
c0084,179,92
c0084,180,140
c0084,181,129
c0084,182,15
c0084,183,165
c0084,184,50
c0084,185,98
c0084,186,121
c0084,187,41
c0084,188,131
c0084,189,74
c0084,190,125
c0084,191,186
c0084,192,202
c0084,193,147
c0084,194,102
c0084,195,110
c0084,196,130
c0084,197,20
c0084,198,93
c0084,199,209
c0084,200,140
c0084,201,202
c0084,202,94
c0084,203,74
c0084,204,49
c0084,205,109
c0084,206,87
c0084,207,253
c0084,208,48
c0084,209,166
c0084,210,23
c0084,211,15
c0084,212,75
c0084,213,58
c0084,214,114
c0084,215,82
c0084,216,27
c0084,217,5
c0084,218,31
c0084,219,6
c0084,220,37
c0084,221,64
c0084,222,11
c0084,224,3
c0084,225,29
c0084,226,20
c0084,227,15
c0084,228,15
c0084,229,26
c0084,230,31
c0084,231,24
c0084,232,15
c0084,233,6
c0084,234,8
c0084,235,4
c0084,236,12
c0084,237,53
c0084,238,42
c0084,239,71
c0084,240,47
c0084,241,9
c0084,242,55
c0084,243,29
c0084,244,6
c0084,245,13
c0084,246,2
c0084,247,16
c0084,248,105
c0084,249,7
c0084,250,97
c0084,251,68
c0084,252,24
c0084,253,40
c0084,254,44
c0084,255,13
c0084,256,46
c0084,257,53
c0084,258,17
c0084,259,17
c0084,260,14
c0084,261,16
c0084,262,24
c0084,263,18
c0084,264,16
c0084,265,14
c0084,266,35
c0084,267,19
c0084,268,68
c0084,269,71
c0084,270,26
c0084,271,48
c0084,272,48
c0084,273,36
c0084,274,72
c0084,275,2
c0084,276,53
c0084,277,36
c0084,278,10
c0084,279,21
c0084,280,46
c0084,281,10
c0084,282,10
c0084,283,9
c0084,284,10
c0084,285,26
c0084,286,28
c0084,287,14
c0084,288,10
c0084,289,87
c0084,290,6
c0084,291,35
c0084,292,17
c0084,293,8
c0084,294,7
c0084,295,3
c0084,296,1
c0084,297,13
c0084,298,22
c0084,299,18
c0084,300,13
c0084,301,21
c0084,302,9
c0084,303,50
c0084,304,20
c0084,305,94
c0084,306,195
c0084,307,54
c0084,308,167
c0084,309,186
c0084,310,211
c0084,311,138
c0084,312,134
c0084,313,160
c0084,314,159
c0084,315,30
c0084,316,176
c0084,317,75
c0084,318,111
c0084,319,267
c0084,320,99
c0084,321,46
c0084,322,141
c0084,323,93
c0084,324,143
c0084,325,94
c0084,326,116
c0084,327,100
c0084,328,133
c0084,329,97
c0084,330,112
c0084,331,160
c0084,332,104
c0084,333,111
c0084,334,223
c0084,335,87
c0084,336,200
c0084,337,54
c0084,338,6
c0084,339,80
c0084,340,223
c0084,341,69
c0084,342,41
c0084,343,138
c0084,344,106
c0084,345,132
c0084,346,88
c0084,347,109
c0084,348,13
c0084,349,50
c0084,350,39
c0084,351,21
c0084,352,3
c0084,353,8
c0084,354,131
c0084,355,20
c0084,356,27
c0084,357,3
c0084,358,5
c0084,359,114
c0084,360,42
c0084,361,31
c0084,362,28
c0084,363,26
c0084,364,110
c0084,365,60
c0084,366,80
c0084,367,88
c0084,368,72
c0084,369,12
c0084,370,15
c0084,371,36
c0084,372,11
c0084,373,59
c0084,374,10
c0084,375,9
c0084,376,7
c0084,377,49
c0084,378,105
c0084,379,89
c0084,380,15
c0084,381,161
c0084,382,16
c0084,383,14
c0084,384,32
c0084,385,83
c0084,386,46
c0084,387,38
c0084,388,3
c0084,389,2
c0084,390,117
c0084,391,99
c0084,392,146
c0084,393,36
c0084,394,68
c0084,395,15
c0084,396,48
c0084,397,78
c0084,398,8
c0084,399,38
c0084,400,66
c0084,401,38
c0084,402,147
c0084,403,47
c0084,404,13
c0084,405,37
c0084,406,14
c0084,407,9
c0084,408,32
c0084,409,7
c0084,410,13
c0084,411,12
c0084,412,147
c0084,413,79
c0084,414,56
c0084,415,143
c0084,416,142
c0084,417,59
c0084,418,148
c0084,419,11
c0084,420,53
c0084,421,6
c0084,422,17
c0084,423,27
c0084,424,2
c0084,425,55
c0084,426,29
c0084,427,69
c0084,428,99
c0084,429,21
c0084,430,4
c0084,431,56
c0084,432,9
c0084,433,28
c0084,434,23
c0084,435,15
c0084,436,8
c0084,437,30
c0084,438,4
c0084,439,8
c0084,440,36
c0084,441,23
c0084,442,41
c0084,443,6
c0084,444,18
c0084,445,119
c0084,446,105
c0084,447,102
c0084,448,30
c0084,449,36
c0084,450,85
c0084,451,127
c0084,452,113
c0084,453,62
c0084,454,180
c0084,455,79
c0084,456,59
c0084,457,36
c0084,458,103
c0084,459,62
c0084,460,25
c0084,461,20
c0084,462,23
c0084,463,1
c0084,464,1
c0084,465,12
c0084,466,45
c0084,467,24
c0084,468,35
c0084,469,9
c0084,470,13
c0084,471,80
c0084,472,76
c0084,473,122
c0084,474,162
c0084,475,36
c0084,476,38
c0084,477,17
c0084,478,4
c0084,479,49
c0084,480,40
c0084,481,236
c0084,482,68
c0084,483,24
c0084,484,62
c0084,485,36
c0084,486,32
c0084,487,35
c0084,488,14
c0084,489,12
c0084,490,27
c0084,491,4
c0084,492,23
c0084,493,14
c0084,494,40
c0084,495,28
c0084,496,62
c0084,497,56
c0084,498,37
c0084,499,59
c0084,500,50
c0084,501,72
c0084,502,16
c0084,503,1
c0084,505,55
c0084,507,44
c0084,509,111
c0084,510,70
c0084,511,77
c0084,512,101
c0084,513,98
c0084,514,26
c0084,515,5
c0084,516,39
c0084,517,23
c0084,518,44
c0084,519,38
c0084,520,92
c0084,521,41
c0084,522,93
c0084,523,130
c0084,524,109
c0084,525,44
c0084,526,60
c0084,527,51
c0084,528,62
c0084,529,85
c0084,530,62
c0084,531,49
c0084,532,48
c0084,533,27
c0084,534,51
c0084,535,71
c0084,536,55
c0084,537,63
c0084,538,10
c0084,539,28
c0084,540,9
c0084,541,14
c0084,542,37
c0084,543,59
c0084,544,30
c0084,545,13
c0084,546,174
c0084,547,34
c0084,548,7
c0084,549,20
c0084,550,52
c0084,551,1
c0084,552,41
c0084,553,65
c0084,554,17
c0084,555,17
c0084,556,36
c0084,557,54
c0084,558,46
c0084,559,29
c0084,560,32
c0084,561,55
c0084,562,28
c0084,563,1
c0084,564,99
c0084,565,57
c0084,566,4
c0084,567,142
c0084,568,131
c0084,569,33
c0084,570,76
c0084,571,55
c0084,572,39
c0084,573,8
c0084,574,40
c0084,575,32
c0084,576,34
c0084,577,37
c0084,578,34
c0084,579,19
c0084,580,25
c0084,581,15
c0084,582,3
c0084,583,34
c0084,584,21
c0084,585,23
c0084,586,24
c0084,587,2
c0084,588,9
c0084,589,2
c0084,590,1
c0084,591,41
c0084,592,3
c0084,593,25
c0084,594,33
c0084,595,39
c0084,596,62
c0084,597,65
c0084,598,56
c0084,599,33
c0084,600,24
c0084,601,64
c0084,602,44
c0084,603,29
c0084,604,30
c0084,605,70
c0084,606,25
c0084,607,5
c0084,608,64
c0084,609,79
c0084,610,65
c0084,611,61
c0084,612,1
c0084,613,129
c0084,614,55
c0084,615,55
c0084,616,105
c0084,617,25
c0084,618,25
c0084,619,33
c0084,620,44
c0084,621,53
c0084,622,55
c0084,623,56
c0084,624,20
c0084,625,7
c0084,626,30
c0084,627,61
c0084,628,38
c0084,629,31
c0084,630,9
c0084,631,31
c0084,632,3
c0084,633,8
c0084,634,56
c0084,635,2
c0084,636,23
c0084,637,2
c0084,638,23
c0084,639,34
c0084,640,71
c0084,641,33
c0084,642,31
c0084,643,46
c0084,644,13
c0084,645,41
c0084,646,1
c0084,647,5
c0084,648,17
c0084,649,35
c0084,650,23
c0084,651,26
c0084,652,21
c0084,653,30
c0084,654,13
c0084,655,4
c0084,656,13
c0084,657,5
c0084,658,4
c0084,659,5
c0084,660,64
c0084,661,24
c0084,662,3
c0084,663,6
c0084,664,10
c0084,665,7
c0084,666,45
c0084,668,5
c0084,669,15
c0084,670,16
c0084,671,2
c0084,672,61
c0084,673,58
c0084,674,77
c0084,675,22
c0084,676,37
c0084,677,66
c0084,678,3
c0084,679,1
c0084,680,24
c0084,681,19
c0084,682,15
c0084,683,5
c0084,684,10
c0084,685,38
c0084,686,42
c0084,687,9
c0084,688,29
c0084,689,25
c0084,690,2
c0084,691,9
c0084,692,36
c0084,693,12
c0084,694,79
c0084,695,154
c0084,696,94
c0084,697,78
c0084,698,118
c0084,699,168
c0084,700,142
c0084,701,207
c0084,702,241
c0084,703,234
c0084,704,60
c0084,705,171
c0084,706,137
c0084,707,77
c0084,708,97
c0084,709,130
c0084,710,33
c0084,711,67
c0084,712,53
c0084,713,45
c0084,714,191
c0084,715,27
c0084,716,16
c0084,717,18
c0084,718,63
c0084,719,82
c0084,720,74
c0084,721,176
c0084,722,14
c0084,723,15
c0084,724,27
c0084,725,10
c0084,727,2
c0084,728,3
c0084,729,15
c0084,730,20
c0084,731,14
c0084,732,4
c0084,733,56
c0084,734,28
c0084,735,135
c0084,736,84
c0084,737,33
c0084,738,19
c0084,739,85
c0084,740,14
c0084,741,63
c0084,742,23
c0084,743,78
c0084,744,32
c0084,745,81
c0084,746,11
c0084,747,59
c0084,748,68
c0084,749,61
c0084,750,23
c0084,751,25
c0084,752,28
c0084,753,16
c0084,754,11
c0084,755,3
c0084,756,1
c0084,758,2
c0084,759,2
c0084,760,12
c0084,761,122
c0084,762,85
c0084,763,54
c0084,764,92
c0084,765,41
c0084,766,9
c0084,767,12
c0084,768,109
c0084,769,32
c0084,770,135
c0084,771,158
c0084,772,14
c0084,773,4
c0084,774,55
c0084,775,67
c0084,776,56
c0084,777,100
c0084,778,65
c0084,779,52
c0084,780,27
c0084,781,40
c0084,782,51
c0084,783,21
c0084,784,39
c0084,785,17
c0084,786,19
c0084,787,24
c0084,788,3
c0084,789,24
c0084,790,14
c0084,791,48
c0084,792,65
c0084,793,26
c0084,794,47
c0084,795,15
c0084,796,11
c0084,797,19
c0084,798,17
c0084,799,11
c0084,800,20
c0084,801,62
c0084,802,66
c0084,803,4
c0084,804,33
c0084,805,67
c0084,806,116
c0084,807,56
c0084,808,31
c0084,809,74
c0084,810,43
c0084,811,4
c0084,812,15
c0084,813,87
c0084,814,56
c0084,815,129
c0084,816,28
c0084,817,17
c0084,818,29
c0084,819,34
c0084,820,61
c0084,821,45
c0084,822,68
c0084,823,82
c0084,824,56
c0084,825,2
c0084,826,55
c0084,827,9
c0084,828,4
c0084,829,85
c0084,830,92
c0084,831,102
c0084,832,28
c0084,833,18
c0084,834,76
c0084,835,121
c0084,836,24
c0084,837,2
c0084,838,31
c0084,839,51
c0084,840,39
c0084,841,48
c0084,842,43
c0084,843,44
c0084,844,72
c0084,845,53
c0084,846,68
c0085,0,61
c0085,1,9
c0085,2,52
c0085,3,69
c0085,4,34
c0085,5,23
c0085,6,16
c0085,7,57
c0085,8,67
c0085,9,15
c0085,10,3
c0085,11,33
c0085,12,50
c0085,13,183
c0085,15,9
c0085,16,92
c0085,17,38
c0085,18,304
c0085,19,43
c0085,20,31
c0085,21,88
c0085,22,64
c0085,23,48
c0085,24,87
c0085,25,244
c0085,27,193
c0085,28,17
c0085,29,91
c0085,30,29
c0085,31,123
c0085,32,48
c0085,33,55
c0085,34,9
c0085,35,34
c0085,36,259
c0085,37,15
c0085,38,190
c0085,39,188
c0085,40,38
c0085,41,117
c0085,42,131
c0085,43,139
c0085,44,105
c0085,45,7
c0085,46,73
c0085,47,40
c0085,48,73
c0085,49,44
c0085,50,60
c0085,51,9
c0085,52,131
c0085,53,84
c0085,54,17
c0085,55,37
c0085,56,57
c0085,57,151
c0085,58,110
c0085,59,104
c0085,60,101
c0085,61,25
c0085,62,19
c0085,63,6
c0085,64,92
c0085,65,21
c0085,66,55
c0085,68,204
c0085,69,20
c0085,70,40
c0085,71,41
c0085,72,113
c0085,73,99
c0085,74,171
c0085,75,132
c0085,76,109
c0085,77,9
c0085,78,23
c0085,79,25
c0085,80,100
c0085,81,84
c0085,82,47
c0085,83,69
c0085,84,122
c0085,85,22
c0085,86,9
c0085,87,33
c0085,88,10
c0085,89,11
c0085,91,6
c0085,92,14
c0085,93,10
c0085,94,208
c0085,95,87
c0085,96,28
c0085,97,22
c0085,99,97
c0085,100,211
c0085,101,303
c0085,102,138
c0085,103,168
c0085,104,154
c0085,105,122
c0085,106,159
c0085,107,12
c0085,108,95
c0085,109,30
c0085,110,60
c0085,111,26
c0085,112,114
c0085,113,173
c0085,114,78
c0085,115,81
c0085,116,62
c0085,117,40
c0085,118,118
c0085,119,15
c0085,120,18
c0085,121,68
c0085,122,112
c0085,123,37
c0085,124,26
c0085,125,2
c0085,126,118
c0085,127,11
c0085,129,93
c0085,130,120
c0085,131,106
c0085,132,126
c0085,133,11
c0085,134,60
c0085,135,37
c0085,136,172
c0085,137,112
c0085,138,50
c0085,139,253
c0085,140,193
c0085,141,129
c0085,142,13
c0085,143,30
c0085,144,135
c0085,145,154
c0085,146,63
c0085,147,130
c0085,148,76
c0085,149,46
c0085,150,77
c0085,151,154
c0085,152,48
c0085,153,58
c0085,154,69
c0085,155,90
c0085,156,54
c0085,157,43
c0085,158,5
c0085,159,66
c0085,160,467
c0085,161,611
c0085,162,531
c0085,163,356
c0085,164,113
c0085,165,465
c0085,166,513
c0085,167,297
c0085,168,483
c0085,169,466
c0085,170,444
c0085,171,491
c0085,172,403
c0085,173,530
c0085,174,302
c0085,175,288
c0085,176,593
c0085,177,730
c0085,178,521
c0085,179,332
c0085,180,452
c0085,181,551
c0085,182,440
c0085,183,277
c0085,184,464
c0085,185,384
c0085,186,485
c0085,187,280
c0085,188,555
c0085,189,605
c0085,190,336
c0085,191,295
c0085,192,584
c0085,193,493
c0085,194,378
c0085,195,553
c0085,196,428
c0085,197,328
c0085,198,548
c0085,199,414
c0085,200,424
c0085,201,504
c0085,202,70
c0085,203,430
c0085,204,212
c0085,205,370
c0085,206,341
c0085,207,196
c0085,208,899
c0085,209,297
c0085,210,501
c0085,211,432
c0085,212,649
c0085,213,392
c0085,214,384
c0085,215,384
c0085,216,474
c0085,217,115
c0085,218,399
c0085,219,538
c0085,220,459
c0085,221,522
c0085,222,24
c0085,223,180
c0085,224,378
c0085,225,228
c0085,226,185
c0085,227,292
c0085,228,886
c0085,229,26
c0085,230,474
c0085,231,511
c0085,232,121
c0085,233,219
c0085,234,138
c0085,235,210
c0085,236,237
c0085,237,30
c0085,238,80
c0085,239,58
c0085,240,71
c0085,241,17
c0085,242,128
c0085,243,199
c0085,244,119
c0085,245,76
c0085,246,124
c0085,247,68
c0085,248,73
c0085,249,49
c0085,250,75
c0085,251,65
c0085,252,72
c0085,253,55
c0085,254,252
c0085,255,132
c0085,256,25
c0085,257,12
c0085,258,44
c0085,259,20
c0085,260,37
c0085,261,149
c0085,262,95
c0085,263,239
c0085,264,141
c0085,265,44
c0085,266,154
c0085,267,110
c0085,268,83
c0085,269,78
c0085,270,57
c0085,271,69
c0085,272,45
c0085,273,59
c0085,274,46
c0085,275,70
c0085,276,6
c0085,277,11
c0085,278,134
c0085,279,251
c0085,280,74
c0085,281,88
c0085,282,11
c0085,283,143
c0085,284,49
c0085,285,20
c0085,286,29
c0085,287,8
c0085,288,50
c0085,289,102
c0085,290,238
c0085,291,31
c0085,292,300
c0085,293,206
c0085,294,6
c0085,295,85
c0085,296,126
c0085,297,167
c0085,298,45
c0085,299,146
c0085,300,125
c0085,301,57
c0085,302,43
c0085,303,49
c0085,304,33
c0085,305,70
c0085,306,54
c0085,307,8
c0085,308,34
c0085,309,126
c0085,310,87
c0085,311,193
c0085,312,193
c0085,313,92
c0085,314,104
c0085,315,28
c0085,316,131
c0085,317,109
c0085,318,149
c0085,319,10
c0085,320,107
c0085,321,125
c0085,322,28
c0085,323,70
c0085,324,73
c0085,325,6
c0085,326,6
c0085,327,15
c0085,328,25
c0085,329,89
c0085,330,58
c0085,331,44
c0085,332,52
c0085,333,192
c0085,334,88
c0085,335,63
c0085,336,20
c0085,337,32
c0085,338,11
c0085,339,6
c0085,340,7
c0085,341,37
c0085,342,59
c0085,343,37
c0085,344,88
c0085,345,12
c0085,346,151
c0085,347,110
c0085,348,260
c0085,349,402
c0085,350,151
c0085,351,307
c0085,352,356
c0085,353,517
c0085,354,340
c0085,355,298
c0085,356,290
c0085,357,338
c0085,358,66
c0085,359,315
c0085,360,290
c0085,361,215
c0085,362,287
c0085,363,216
c0085,364,114
c0085,365,229
c0085,366,156
c0085,367,398
c0085,368,235
c0085,369,213
c0085,370,190
c0085,371,165
c0085,372,210
c0085,373,204
c0085,374,188
c0085,375,249
c0085,376,203
c0085,377,343
c0085,378,170
c0085,379,320
c0085,380,185
c0085,381,14
c0085,382,152
c0085,383,323
c0085,384,163
c0085,385,92
c0085,386,231
c0085,387,255
c0085,388,266
c0085,389,4
c0085,390,229
c0085,391,62
c0085,392,228
c0085,393,50
c0085,394,30
c0085,395,10
c0085,396,29
c0085,397,130
c0085,398,185
c0085,399,110
c0085,400,33
c0085,401,11
c0085,402,25
c0085,403,226
c0085,404,29
c0085,405,39
c0085,406,28
c0085,407,12
c0085,408,173
c0085,409,104
c0085,410,84
c0085,411,110
c0085,412,34
c0085,413,218
c0085,414,200
c0085,415,228
c0085,416,261
c0085,417,211
c0085,418,79
c0085,419,93
c0085,420,42
c0085,421,186
c0085,422,65
c0085,423,286
c0085,424,117
c0085,425,305
c0085,426,54
c0085,427,29
c0085,428,172
c0085,429,12
c0085,430,123
c0085,431,35
c0085,432,75
c0085,433,41
c0085,434,5
c0085,435,10
c0085,436,247
c0085,437,220
c0085,438,254
c0085,439,75
c0085,440,123
c0085,441,52
c0085,442,57
c0085,443,77
c0085,444,60
c0085,445,9
c0085,446,54
c0085,447,64
c0085,448,54
c0085,450,167
c0085,451,107
c0085,452,229
c0085,453,216
c0085,454,67
c0085,455,37
c0085,456,198
c0085,457,59
c0085,458,163
c0085,459,67
c0085,460,4
c0085,462,210
c0085,463,85
c0085,464,300
c0085,465,261
c0085,466,9
c0085,467,222
c0085,468,165
c0085,469,86
c0085,470,171
c0085,471,25
c0085,472,81
c0085,473,20
c0085,474,13
c0085,476,13
c0085,478,86
c0085,479,96
c0085,480,9
c0085,481,133
c0085,482,100
c0085,483,158
c0085,484,202
c0085,485,70
c0085,486,35
c0085,487,100
c0085,488,53
c0085,489,106
c0085,490,48
c0085,491,61
c0085,492,19
c0085,493,106
c0085,494,23
c0085,495,12
c0085,496,142
c0085,497,83
c0085,498,261
c0085,499,99
c0085,500,80
c0085,501,152
c0085,502,128
c0085,503,135
c0085,504,71
c0085,505,111
c0085,506,104
c0085,507,146
c0085,508,163
c0085,509,123
c0085,510,267
c0085,511,145
c0085,512,109
c0085,513,139
c0085,514,93
c0085,515,89
c0085,516,95
c0085,517,117
c0085,518,202
c0085,519,188
c0085,520,115
c0085,521,85
c0085,522,91
c0085,523,11
c0085,524,31
c0085,525,53
c0085,526,105
c0085,527,278
c0085,528,241
c0085,529,133
c0085,530,184
c0085,531,202
c0085,532,207
c0085,533,483
c0085,534,75
c0085,535,92
c0085,536,13
c0085,537,126
c0085,538,100
c0085,539,388
c0085,540,119
c0085,541,63
c0085,542,473
c0085,543,221
c0085,544,166
c0085,545,72
c0085,546,53
c0085,547,26
c0085,548,108
c0085,549,18
c0085,550,36
c0085,551,65
c0085,552,3
c0085,553,93
c0085,554,57
c0085,555,148
c0085,556,110
c0085,557,98
c0085,558,117
c0085,559,111
c0085,560,28
c0085,561,88
c0085,562,16
c0085,563,51
c0085,564,112
c0085,565,79
c0085,566,18
c0085,567,96
c0085,568,391
c0085,569,208
c0085,570,313
c0085,571,498
c0085,572,361
c0085,573,114
c0085,574,52
c0085,575,164
c0085,576,115
c0085,577,133
c0085,578,359
c0085,579,105
c0085,580,162
c0085,581,332
c0085,582,460
c0085,583,333
c0085,584,163
c0085,585,128
c0085,586,192
c0085,587,224
c0085,588,292
c0085,589,165
c0085,590,252
c0085,591,177
c0085,592,59
c0085,593,99
c0085,594,220
c0085,595,194
c0085,596,244
c0085,597,64
c0085,598,108
c0085,599,44
c0085,600,103
c0085,601,135
c0085,602,138
c0085,603,190
c0085,604,203
c0085,605,108
c0085,606,73
c0085,607,16
c0085,608,52
c0085,609,70
c0085,610,76
c0085,611,22
c0085,612,93
c0085,613,121
c0085,614,10
c0085,615,108
c0085,616,116
c0085,617,3
c0085,618,3
c0085,619,13
c0085,620,50
c0085,621,27
c0085,622,231
c0085,623,314
c0085,624,289
c0085,625,186
c0085,626,267
c0085,627,158
c0085,628,37
c0085,629,318
c0085,630,77
c0085,631,35
c0085,632,109
c0085,633,337
c0085,634,275
c0085,635,66
c0085,636,102
c0085,637,186
c0085,638,173
c0085,639,16
c0085,640,171
c0085,641,89
c0085,642,80
c0085,643,33
c0085,644,151
c0085,645,119
c0085,646,66
c0085,647,98
c0085,648,36
c0085,649,12
c0085,650,53
c0085,651,67
c0085,652,86
c0085,653,152
c0085,654,55
c0085,655,61
c0085,656,35
c0085,657,21
c0085,658,148
c0085,659,10
c0085,660,96
c0085,661,95
c0085,662,97
c0085,663,217
c0085,664,193
c0085,665,143
c0085,666,141
c0085,667,58
c0085,668,139
c0085,669,76
c0085,670,75
c0085,671,102
c0085,672,98
c0085,673,141
c0085,674,24
c0085,675,16
c0085,676,110
c0085,677,140
c0085,678,155
c0085,679,22
c0085,680,154
c0085,681,87
c0085,682,141
c0085,683,204
c0085,684,70
c0085,685,58
c0085,686,77
c0085,687,68
c0085,688,141
c0085,689,172
c0085,690,180
c0085,691,55
c0085,692,50
c0085,693,10
c0085,694,197
c0085,695,119
c0085,696,110
c0085,697,21
c0085,698,8
c0085,699,176
c0085,700,38
c0085,701,136
c0085,702,13
c0085,703,22
c0085,704,219
c0085,705,14
c0085,706,45
c0085,707,13
c0085,708,118
c0085,709,176
c0085,710,209
c0085,711,84
c0085,712,110
c0085,713,98
c0085,714,48
c0085,715,113
c0085,716,11
c0085,717,18
c0085,718,51
c0085,719,92
c0085,720,44
c0085,721,53
c0085,722,31
c0085,723,33
c0085,724,12
c0085,725,29
c0085,726,1
c0085,727,31
c0085,728,16
c0085,729,35
c0085,730,18
c0085,731,207
c0085,732,122
c0085,733,7
c0085,734,7
c0085,735,76
c0085,736,19
c0085,737,40
c0085,738,6
c0085,739,10
c0085,740,16
c0085,741,179
c0085,742,25
c0085,743,62
c0085,744,101
c0085,745,96
c0085,746,32
c0085,747,20
c0085,748,132
c0085,749,196
c0085,750,106
c0085,751,136
c0085,752,117
c0085,753,111
c0085,754,54
c0085,755,69
c0085,756,32
c0085,757,96
c0085,758,115
c0085,759,33
c0085,760,74
c0085,761,66
c0085,762,9
c0085,763,31
c0085,764,73
c0085,765,46
c0085,766,22
c0085,767,293
c0085,768,664
c0085,769,278
c0085,770,336
c0085,771,420
c0085,772,865
c0085,773,554
c0085,774,733
c0085,775,828
c0085,776,799
c0085,777,192
c0085,778,507
c0085,779,538
c0085,780,420
c0085,781,299
c0085,782,531
c0085,783,145
c0085,784,296
c0085,785,242
c0085,786,151
c0085,787,666
c0085,788,29
c0085,789,49
c0085,790,33
c0085,791,264
c0085,792,302
c0085,793,284
c0085,794,463
c0085,795,21
c0085,796,67
c0085,798,48
c0085,799,78
c0085,800,38
c0085,801,11
c0085,802,7
c0085,803,7
c0085,804,108
c0085,805,106
c0085,806,88
c0085,807,53
c0085,808,69
c0085,809,73
c0085,810,195
c0085,811,167
c0085,812,84
c0085,813,44
c0085,814,151
c0085,815,60
c0085,816,74
c0085,817,76
c0085,818,170
c0085,819,79
c0085,820,105
c0085,821,14
c0085,822,137
c0085,823,173
c0085,824,92
c0085,825,24
c0085,826,74
c0085,827,177
c0085,828,103
c0085,829,111
c0085,830,59
c0085,831,8
c0085,832,51
c0085,833,10
c0085,834,106
c0085,835,42
c0085,836,26
c0085,837,33
c0085,838,301
c0085,839,270
c0085,840,233
c0085,841,316
c0085,842,144
c0085,843,73
c0085,844,56
c0085,845,311
c0085,846,128
c0085,847,553
c0085,848,250
c0085,849,127
c0085,850,27
c0085,851,25
c0085,852,57
c0085,853,11
c0085,855,241
c0085,856,172
c0085,857,200
c0085,858,140
c0085,859,250
c0085,860,130
c0085,861,172
c0085,862,120
c0085,863,123
c0085,864,127
c0085,865,55
c0085,866,81
c0085,867,69
c0085,868,12
c0085,869,77
c0085,870,122
c0085,871,10
c0085,872,56
c0085,873,52
c0085,874,123
c0085,875,140
c0085,876,46
c0085,877,79
c0085,878,29
c0085,879,18
c0085,880,69
c0085,881,94
c0085,882,92
c0085,883,99
c0085,884,194
c0085,885,268
c0085,886,10
c0085,887,31
c0085,888,179
c0085,889,235
c0085,890,112
c0085,891,115
c0085,892,157
c0085,894,72
c0085,895,34
c0085,896,44
c0085,897,150
c0085,898,71
c0085,899,156
c0085,900,41
c0085,901,25
c0085,902,40
c0085,903,24
c0085,904,89
c0085,905,147
c0085,906,183
c0085,907,241
c0085,908,177
c0085,909,45
c0085,910,107
c0085,911,24
c0085,912,10
c0085,913,607
c0085,914,316
c0085,915,322
c0085,916,44
c0085,917,92
c0085,918,305
c0085,919,254
c0085,920,72
c0085,921,25
c0085,922,68
c0085,923,133
c0085,924,91
c0085,925,126
c0085,926,92
c0085,927,122
c0085,928,177
c0085,929,109
c0085,930,179
c0085,931,110
c0085,932,128
c0086,615,1
c0086,617,1
c0086,618,3
c0086,619,6
c0086,620,5
c0086,623,2
c0086,625,2
c0086,626,2
c0086,627,3
c0086,630,1
c0086,632,1
c0086,633,1
c0086,635,26
c0086,637,1
c0086,638,2
c0086,641,2
c0087,475,4
c0087,476,8
c0087,477,18
c0087,480,4
c0088,475,12
c0088,476,12
c0088,477,14
c0088,479,2
c0088,480,9
c0089,475,23
c0089,476,25
c0089,477,43
c0089,478,1
c0089,479,5
c0089,480,18
c0090,475,1
c0090,476,1
c0090,477,3
c0090,478,2
c0090,479,8
c0091,475,5
c0091,476,4
c0091,477,15
c0092,475,39
c0092,476,30
c0092,477,36
c0092,478,10
c0092,480,17
c0093,475,7
c0093,476,12
c0093,477,7
c0093,480,1
c0094,475,40
c0094,476,32
c0094,477,39
c0094,478,2
c0094,479,6
c0094,480,26
c0095,475,3
c0095,476,2
c0095,477,3
c0095,480,2
c0096,475,45
c0096,476,32
c0096,477,28
c0096,478,6
c0096,479,1
c0096,480,17
c0097,475,24
c0097,476,10
c0097,477,31
c0097,479,1
c0097,480,11
c0098,475,22
c0098,476,23
c0098,477,16
c0098,479,3
c0098,480,11
c0099,475,7
c0099,476,12
c0099,477,21
c0099,479,1
c0099,480,5
c0100,597,1
c0100,598,2
c0100,599,2
c0100,604,9
c0100,605,2
c0101,598,4
c0101,599,2
c0102,597,3
c0102,598,4
c0102,604,1
c0103,598,6
c0103,603,3
c0103,605,1
c0104,597,2
c0104,598,3
c0104,599,3
c0104,600,2
c0104,604,3
c0104,605,1
c0105,597,1
c0105,598,2
c0105,604,2
c0106,597,1
c0106,598,3
c0106,600,1
c0107,597,5
c0107,598,2
c0107,600,7
c0107,604,1
c0107,605,4
c0108,597,3
c0108,598,8
c0108,599,1
c0108,600,1
c0108,604,1
c0108,605,1
c0109,599,1
c0109,604,1
c0109,605,1
c0110,597,5
c0110,598,5
c0110,600,1
c0110,604,8
c0110,605,3
c0111,597,10
c0111,598,16
c0111,599,1
c0111,600,7
c0111,603,31
c0111,604,5
c0112,785,32
c0112,786,43
c0112,787,39
c0112,788,38
c0112,789,28
c0112,790,3
c0112,792,27
c0112,793,13
c0112,795,33
c0113,221,5
c0114,220,2
c0114,221,1
c0115,310,1
c0115,311,1
c0115,314,1
c0115,315,2
c0115,316,1
c0115,321,7
c0115,323,1
c0115,325,1
c0115,329,1
c0115,334,1
c0115,335,1
c0115,338,2
c0115,342,1
c0115,345,1
c0115,346,1
c0115,351,1
c0115,358,2
c0116,310,1
c0116,316,1
c0116,321,1
c0116,322,2
c0116,324,2
c0116,327,2
c0116,328,1
c0116,329,2
c0116,330,3
c0116,331,1
c0116,332,2
c0116,338,1
c0116,344,4
c0116,348,1
c0116,352,2
c0116,369,1
c0117,311,1
c0117,313,1
c0117,314,2
c0117,315,1
c0117,319,1
c0117,321,1
c0117,327,1
c0117,330,1
c0117,331,1
c0117,332,1
c0117,336,1
c0117,339,1
c0117,342,1
c0117,344,11
c0117,346,2
c0117,348,1
c0117,349,1
c0117,355,1
c0118,310,1
c0118,312,1
c0118,313,4
c0118,318,2
c0118,320,1
c0118,321,3
c0118,322,8
c0118,323,3
c0118,324,7
c0118,325,2
c0118,327,6
c0118,332,2
c0118,334,1
c0118,337,3
c0118,345,1
c0118,346,2
c0118,347,1
c0118,348,2
c0118,349,3
c0118,350,3
c0118,360,1
c0118,365,2
c0118,366,2
c0119,311,4
c0119,312,1
c0119,313,1
c0119,314,2
c0119,315,3
c0119,317,2
c0119,319,1
c0119,324,3
c0119,326,1
c0119,329,1
c0119,330,1
c0119,340,1
c0119,347,1
c0120,311,1
c0120,313,5
c0120,315,1
c0120,321,1
c0120,322,2
c0120,324,4
c0120,325,1
c0120,326,2
c0120,327,10
c0120,328,1
c0120,329,1
c0120,331,1
c0120,333,2
c0120,334,1
c0120,335,1
c0120,336,1
c0120,338,3
c0120,339,1
c0120,341,3
c0120,342,2
c0120,344,2
c0120,348,2
c0120,349,1
c0120,351,2
c0120,360,1
c0120,366,3
c0121,310,1
c0121,311,1
c0121,313,1
c0121,315,4
c0121,318,1
c0121,321,2
c0121,324,1
c0121,325,2
c0121,328,1
c0121,329,1
c0121,334,1
c0121,335,2
c0121,338,1
c0121,341,2
c0121,344,2
c0121,348,1
c0121,349,4
c0121,355,1
c0121,360,4
c0122,313,1
c0122,315,1
c0122,318,9
c0122,327,1
c0122,355,1
c0122,369,1
c0123,316,1
c0123,337,2
c0123,350,3
c0123,365,2
c0124,310,2
c0124,313,3
c0124,318,19
c0124,322,1
c0124,323,1
c0124,330,1
c0124,334,3
c0124,337,1
c0124,345,2
c0124,360,3
c0124,369,3
c0124,370,2
c0125,311,2
c0125,312,1
c0125,313,1
c0125,315,2
c0125,316,1
c0125,317,1
c0125,319,2
c0125,322,5
c0125,330,8
c0125,332,7
c0125,333,9
c0125,337,1
c0125,340,1
c0125,347,1
c0125,348,1
c0125,349,1
c0125,350,2
c0125,365,1
c0125,368,1
c0126,310,2
c0126,311,20
c0126,312,3
c0126,313,2
c0126,314,3
c0126,315,7
c0126,316,12
c0126,317,8
c0126,318,1
c0126,319,8
c0126,321,5
c0126,322,5
c0126,324,1
c0126,325,4
c0126,326,2
c0126,327,1
c0126,328,2
c0126,329,16
c0126,330,1
c0126,332,2
c0126,333,3
c0126,334,4
c0126,335,1
c0126,336,9
c0126,337,1
c0126,338,2
c0126,339,5
c0126,340,2
c0126,341,3
c0126,342,4
c0126,344,3
c0126,345,2
c0126,346,3
c0126,347,5
c0126,348,2
c0126,349,1
c0126,350,1
c0126,351,4
c0126,354,1
c0126,355,1
c0126,366,1
c0126,368,1
c0127,310,46
c0127,311,35
c0127,312,13
c0127,313,49
c0127,314,23
c0127,315,50
c0127,316,20
c0127,317,19
c0127,318,22
c0127,319,31
c0127,320,5
c0127,321,36
c0127,322,30
c0127,323,26
c0127,324,17
c0127,325,11
c0127,326,13
c0127,327,29
c0127,328,17
c0127,329,8
c0127,330,17
c0127,331,27
c0127,332,13
c0127,333,13
c0127,334,33
c0127,335,32
c0127,336,21
c0127,337,24
c0127,338,29
c0127,339,10
c0127,340,4
c0127,341,34
c0127,342,11
c0127,344,17
c0127,345,40
c0127,346,15
c0127,347,8
c0127,348,23
c0127,349,12
c0127,350,15
c0127,351,13
c0127,352,10
c0127,353,3
c0127,354,1
c0127,355,17
c0127,356,4
c0127,360,64
c0127,362,1
c0127,363,4
c0127,364,1
c0127,365,5
c0127,366,7
c0127,367,5
c0127,368,4
c0127,370,3
c0128,327,2
c0128,330,2
c0128,337,1
c0128,341,2
c0128,365,1
c0129,310,24
c0129,311,33
c0129,312,6
c0129,313,16
c0129,314,18
c0129,315,21
c0129,316,5
c0129,317,11
c0129,318,7
c0129,319,13
c0129,321,17
c0129,322,8
c0129,323,8
c0129,324,9
c0129,325,1
c0129,326,6
c0129,327,8
c0129,328,13
c0129,329,27
c0129,330,15
c0129,331,7
c0129,332,2
c0129,333,6
c0129,334,13
c0129,335,4
c0129,336,17
c0129,337,6
c0129,338,16
c0129,339,4
c0129,340,4
c0129,341,14
c0129,342,6
c0129,344,8
c0129,345,12
c0129,346,2
c0129,347,3
c0129,348,6
c0129,349,13
c0129,350,9
c0129,351,5
c0129,352,4
c0129,353,1
c0129,354,1
c0129,355,7
c0129,360,6
c0129,365,1
c0129,366,7
c0129,368,1
c0129,369,2
c0130,311,1
c0130,313,1
c0130,327,1
c0131,371,1
c0131,372,5
c0131,373,2
c0131,374,2
c0131,377,4
c0131,380,1
c0131,381,1
c0131,384,5
c0131,385,3
c0131,388,3
c0131,389,1
c0132,371,2
c0132,372,2
c0132,373,1
c0132,374,5
c0132,375,3
c0132,378,2
c0132,385,4
c0132,388,3
c0132,391,1
c0133,372,2
c0133,373,7
c0133,374,1
c0133,380,1
c0133,385,7
c0133,388,1
c0134,371,23
c0134,372,11
c0134,373,10
c0134,374,14
c0134,375,14
c0134,379,1
c0134,380,6
c0134,385,44
c0134,386,5
c0134,388,23
c0134,389,3
c0134,391,10
c0135,371,2
c0135,372,5
c0135,374,5
c0135,377,1
c0135,379,1
c0135,385,5
c0135,386,1
c0135,388,2
c0136,371,1
c0136,372,1
c0136,374,3
c0136,383,1
c0136,385,1
c0136,386,4
c0136,388,3
c0137,372,1
c0137,373,1
c0137,385,4
c0137,386,3
c0137,388,6
c0138,374,4
c0138,385,3
c0138,388,4
c0139,371,1
c0139,373,1
c0139,380,5
c0139,384,25
c0139,385,4
c0139,388,2
c0139,391,1
c0140,373,1
c0140,374,2
c0140,375,1
c0140,385,1
c0140,386,1
c0140,388,1
c0141,371,3
c0141,372,3
c0141,373,7
c0141,374,2
c0141,375,14
c0141,376,1
c0141,385,4
c0141,386,1
c0141,388,2
c0142,371,10
c0142,372,1
c0142,373,1
c0142,385,7
c0142,388,3
c0142,391,1
c0143,371,19
c0143,372,23
c0143,373,36
c0143,374,30
c0143,375,27
c0143,376,9
c0143,377,2
c0143,378,6
c0143,380,8
c0143,384,1
c0143,385,52
c0143,386,8
c0143,388,29
c0143,391,5
c0144,371,3
c0144,372,1
c0144,373,1
c0144,374,1
c0144,375,2
c0144,378,1
c0144,385,5
c0144,388,3
c0145,442,1
c0145,443,1
c0145,444,5
c0145,445,1
c0146,442,3
c0146,443,12
c0146,446,6
c0147,442,2
c0147,443,2
c0147,446,1
c0148,460,2
c0148,461,17
c0148,467,2
c0148,471,1
c0149,460,16
c0149,461,3
c0149,462,10
c0149,463,9
c0149,464,5
c0149,465,11
c0149,466,13
c0149,467,10
c0149,468,3
c0149,469,11
c0149,470,8
c0149,471,5
c0149,472,89
c0150,460,17
c0150,461,5
c0150,462,12
c0150,463,16
c0150,464,8
c0150,465,19
c0150,466,17
c0150,467,11
c0150,468,9
c0150,469,10
c0150,470,7
c0150,471,9
c0150,472,8
c0151,460,11
c0151,461,1
c0151,463,3
c0151,464,10
c0151,465,5
c0151,466,12
c0151,467,1
c0151,468,1
c0151,469,1
c0151,470,17
c0151,471,13
c0151,472,2
c0152,460,18
c0152,461,5
c0152,462,10
c0152,463,6
c0152,464,7
c0152,465,8
c0152,466,20
c0152,467,4
c0152,468,12
c0152,469,8
c0152,470,5
c0152,471,7
c0152,472,40
c0153,460,26
c0153,461,4
c0153,462,48
c0153,463,31
c0153,464,22
c0153,465,40
c0153,466,41
c0153,467,33
c0153,468,6
c0153,469,20
c0153,470,21
c0153,471,11
c0153,472,10
c0154,460,1
c0154,463,3
c0154,465,15
c0154,466,7
c0154,467,1
c0154,470,8
c0154,472,4
c0155,460,8
c0155,461,3
c0155,462,1
c0155,463,1
c0155,466,2
c0155,469,4
c0156,460,47
c0156,461,29
c0156,462,24
c0156,463,12
c0156,464,10
c0156,465,33
c0156,466,25
c0156,467,27
c0156,468,11
c0156,469,29
c0156,470,24
c0156,471,11
c0156,472,49
c0157,460,45
c0157,461,14
c0157,462,36
c0157,463,27
c0157,464,13
c0157,465,31
c0157,466,40
c0157,467,15
c0157,468,11
c0157,469,33
c0157,470,30
c0157,471,17
c0157,472,27
c0158,460,15
c0158,461,4
c0158,462,13
c0158,463,8
c0158,464,10
c0158,465,9
c0158,466,17
c0158,467,6
c0158,468,7
c0158,469,6
c0158,470,11
c0158,471,3
c0158,472,10
c0159,460,4
c0159,462,9
c0159,463,8
c0159,464,4
c0159,465,23
c0159,466,7
c0159,467,5
c0159,468,3
c0159,469,9
c0159,470,6
c0159,471,4
c0159,472,2
c0160,460,37
c0160,461,17
c0160,462,18
c0160,463,7
c0160,464,6
c0160,465,22
c0160,466,27
c0160,467,10
c0160,468,19
c0160,469,33
c0160,470,10
c0160,471,9
c0160,472,18
c0161,463,1
c0161,465,2
c0161,466,5
c0161,467,1
c0161,468,12
c0161,470,1
c0161,472,1
c0162,64,16
c0163,64,25
c0165,64,36
c0166,64,36
c0167,64,19
c0168,0,11
c0168,1,1
c0168,2,15
c0169,0,30
c0169,2,22
c0170,0,13
c0170,1,2
c0170,2,18
c0171,0,72
c0171,1,4
c0171,2,54
c0172,0,9
c0172,1,28
c0172,2,5
c0173,0,64
c0173,1,7
c0173,2,37
c0174,0,101
c0174,2,85
c0175,0,2
c0175,1,1
c0175,2,1
c0176,0,19
c0176,2,6
c0177,0,62
c0177,1,1
c0177,2,40
c0178,0,64
c0178,1,5
c0178,2,33
c0179,108,3
c0179,109,14
c0179,112,2
c0180,108,22
c0180,112,40
c0181,108,11
c0181,112,26
c0182,108,6
c0182,112,9
c0183,108,46
c0183,112,80
c0184,108,20
c0184,112,32
c0185,108,3
c0185,112,15
c0186,108,6
c0186,112,8
c0187,108,2
c0187,112,6
c0188,108,3
c0188,112,3
c0189,110,54
c0190,258,3
c0190,259,5
c0190,260,6
c0190,261,6
c0191,258,3
c0191,259,1
c0191,260,23
c0191,261,3
c0192,258,1
c0192,259,19
c0192,260,14
c0192,261,2
c0193,258,12
c0193,259,36
c0193,260,47
c0193,261,14
c0194,7,16
c0194,8,2
c0194,11,5
c0195,7,3
c0195,8,79
c0195,9,5
c0195,11,3
c0195,12,2
c0196,7,40
c0196,8,1
c0196,11,36
c0196,12,3
c0197,7,6
c0197,8,105
c0197,9,11
c0197,10,1
c0197,11,4
c0197,12,10
c0198,7,42
c0198,8,6
c0198,9,1
c0198,11,31
c0198,12,1
c0199,473,95
c0199,474,83
c0200,473,28
c0200,474,29
c0201,473,26
c0201,474,9
c0202,473,63
c0202,474,36
c0203,473,12
c0203,474,6
c0204,473,4
c0204,474,10
c0205,69,6
c0205,70,2
c0206,69,3
c0206,70,10
c0207,69,49
c0207,70,34
c0208,69,6
c0209,69,42
c0209,70,20
c0210,69,20
c0210,70,8
c0211,67,18
c0211,68,19
c0212,67,17
c0212,68,19
c0213,67,19
c0213,68,25
c0214,487,12
c0214,488,40
c0214,489,10
c0214,490,55
c0214,491,11
c0214,492,6
c0214,493,15
c0214,494,2
c0214,495,12
c0214,496,4
c0215,140,74
c0215,141,29
c0216,129,18
c0216,130,26
c0216,132,18
c0217,559,2
c0218,559,9
c0218,560,2
c0218,563,5
c0219,559,177
c0219,560,66
c0219,561,1
c0219,562,39
c0219,563,74
c0220,559,1
c0220,560,1
c0220,561,10
c0220,562,35
c0221,559,26
c0221,560,13
c0221,562,1
c0221,563,13
c0222,559,1
c0222,561,2
c0222,562,71
c0222,563,3
c0223,559,85
c0223,560,26
c0223,561,2
c0223,562,2
c0223,563,43
c0224,559,7
c0224,560,3
c0224,561,1
c0224,563,1
c0225,559,56
c0225,560,33
c0225,561,5
c0225,562,2
c0225,563,21
c0226,102,9
c0227,100,9
c0227,101,1
c0227,102,1
c0227,104,36
c0228,100,16
c0229,100,90
c0229,101,34
c0229,102,5
c0230,100,9
c0230,101,6
c0231,100,9
c0231,101,2
c0231,102,24
c0231,103,53
c0231,104,1
c0232,227,19
c0233,227,11
c0234,227,17
c0235,655,2
c0236,650,1
c0236,651,2
c0236,652,1
c0236,655,6
c0236,657,3
c0236,659,1
c0236,660,8
c0237,652,1
c0237,657,2
c0237,660,6
c0238,650,1
c0238,659,6
c0239,650,2
c0239,652,2
c0239,655,7
c0239,659,1
c0240,650,5
c0240,651,1
c0240,652,6
c0240,654,1
c0240,655,8
c0240,659,2
c0240,660,9
c0241,113,9
c0241,114,5
c0241,115,1
c0241,116,1
c0242,113,1
c0242,114,4
c0242,115,4
c0243,113,10
c0243,114,5
c0243,116,2
c0244,113,9
c0244,114,14
c0244,115,76
c0244,116,7
c0245,113,11
c0245,114,5
c0245,115,1
c0246,113,4
c0246,114,5
c0247,113,9
c0247,114,8
c0247,115,1
c0247,116,1
c0248,113,18
c0248,114,6
c0248,115,12
c0249,113,20
c0249,114,16
c0249,115,1
c0249,116,1
c0250,113,17
c0250,114,13
c0250,115,1
c0251,54,2
c0251,55,5
c0251,56,5
c0251,57,20
c0251,58,3
c0251,60,1
c0251,63,2
c0252,55,6
c0252,58,10
c0253,54,3
c0253,55,1
c0253,56,4
c0253,57,19
c0253,58,3
c0253,62,1
c0253,63,1
c0254,54,2
c0254,55,8
c0254,56,6
c0254,58,19
c0254,59,1
c0254,61,1
c0254,62,26
c0256,54,10
c0256,56,16
c0256,58,5
c0256,60,36
c0256,61,1
c0256,62,1
c0257,54,1
c0257,55,25
c0257,56,2
c0257,57,2
c0257,58,18
c0257,59,14
c0258,54,2
c0258,56,7
c0258,63,2
c0259,55,19
c0259,56,1
c0259,58,17
c0260,776,7
c0260,777,2
c0260,779,3
c0260,784,1
c0261,776,7
c0261,777,3
c0262,126,17
c0262,127,52
c0262,128,9
c0263,126,66
c0263,127,29
c0263,128,29
c0264,126,18
c0264,127,87
c0264,128,7
c0265,126,8
c0265,127,14
c0265,128,5
c0266,126,96
c0266,127,5
c0266,128,44
c0267,126,1
c0267,127,2
c0267,128,8
c0268,126,1
c0268,127,13
c0269,126,14
c0269,127,42
c0269,128,9
c0270,126,51
c0270,127,26
c0270,128,23
c0271,126,8
c0271,127,18
c0271,128,2
c0272,126,1
c0272,127,12
c0272,128,5
c0273,126,4
c0273,128,3
c0274,126,15
c0274,127,26
c0274,128,4
c0275,243,4
c0275,244,29
c0276,243,67
c0276,244,32
c0277,243,3
c0277,244,45
c0278,244,5
c0279,244,2
c0280,243,2
c0280,244,34
c0281,617,1
c0281,618,2
c0281,619,1
c0281,630,1
c0281,631,5
c0282,616,1
c0282,617,4
c0282,618,6
c0282,619,10
c0282,620,5
c0282,621,1
c0282,622,11
c0282,624,2
c0282,625,2
c0282,626,3
c0282,627,16
c0282,630,10
c0282,631,5
c0282,632,7
c0282,633,7
c0282,635,25
c0282,636,1
c0282,637,16
c0282,638,18
c0282,639,2
c0282,640,4
c0282,641,7
c0283,615,6
c0283,616,2
c0283,617,4
c0283,618,2
c0283,619,2
c0283,620,5
c0283,623,1
c0283,624,3
c0283,625,2
c0283,626,1
c0283,627,7
c0283,631,4
c0283,632,2
c0283,635,5
c0283,636,2
c0283,638,3
c0283,639,1
c0283,640,2
c0283,641,1
c0284,615,1
c0284,616,1
c0284,617,4
c0284,618,6
c0284,619,3
c0284,620,4
c0284,621,1
c0284,623,4
c0284,624,1
c0284,625,2
c0284,626,1
c0284,630,1
c0284,635,2
c0284,636,1
c0284,637,1
c0284,638,2
c0284,640,1
c0284,641,1
c0285,615,4
c0285,616,9
c0285,617,3
c0285,618,13
c0285,619,3
c0285,620,10
c0285,621,2
c0285,622,8
c0285,623,3
c0285,624,5
c0285,625,6
c0285,626,6
c0285,627,15
c0285,628,2
c0285,630,10
c0285,631,7
c0285,632,8
c0285,633,8
c0285,634,2
c0285,635,15
c0285,636,29
c0285,637,8
c0285,638,30
c0285,639,1
c0285,640,10
c0286,615,3
c0286,616,9
c0286,617,5
c0286,618,5
c0286,619,7
c0286,620,1
c0286,621,1
c0286,622,11
c0286,623,3
c0286,624,1
c0286,625,1
c0286,626,6
c0286,627,2
c0286,628,2
c0286,630,3
c0286,631,20
c0286,632,2
c0286,633,3
c0286,634,1
c0286,635,3
c0286,636,3
c0286,637,4
c0286,638,2
c0286,639,2
c0286,640,7
c0286,641,2
c0287,616,1
c0287,617,1
c0287,618,3
c0287,619,3
c0287,620,6
c0287,621,2
c0287,622,5
c0287,623,3
c0287,624,3
c0287,625,2
c0287,626,4
c0287,627,1
c0287,630,4
c0287,631,3
c0287,632,1
c0287,633,2
c0287,635,10
c0287,636,2
c0287,637,3
c0287,638,8
c0287,639,2
c0287,640,2
c0287,641,4
c0288,615,9
c0288,616,4
c0288,617,5
c0288,618,6
c0288,619,3
c0288,620,12
c0288,621,8
c0288,622,6
c0288,623,4
c0288,624,2
c0288,625,3
c0288,626,5
c0288,627,6
c0288,628,4
c0288,629,2
c0288,630,6
c0288,631,9
c0288,633,2
c0288,636,6
c0288,637,3
c0288,638,1
c0288,639,1
c0288,640,2
c0289,615,2
c0289,616,1
c0289,617,3
c0289,618,3
c0289,619,1
c0289,620,1
c0289,622,1
c0289,623,1
c0289,624,1
c0289,625,1
c0289,626,1
c0289,627,1
c0289,630,1
c0289,631,1
c0289,632,1
c0289,633,1
c0289,635,1
c0289,636,1
c0289,637,1
c0289,639,1
c0289,641,1
c0290,617,3
c0290,618,2
c0290,619,1
c0290,620,1
c0290,624,2
c0290,626,2
c0290,627,6
c0290,630,6
c0290,631,4
c0290,632,2
c0290,633,8
c0290,635,89
c0290,636,1
c0290,637,8
c0290,638,4
c0290,640,1
c0290,641,15
c0291,615,4
c0291,616,1
c0291,617,1
c0291,618,2
c0291,619,2
c0291,622,6
c0291,624,2
c0291,626,1
c0291,627,2
c0291,630,1
c0291,631,5
c0291,632,2
c0291,633,3
c0291,635,3
c0291,636,2
c0291,637,3
c0291,638,6
c0291,639,2
c0291,640,1
c0291,641,5
c0292,618,1
c0292,619,1
c0292,627,4
c0292,630,3
c0292,633,2
c0292,635,1
c0292,636,1
c0292,637,8
c0292,638,1
c0292,641,2
c0293,616,1
c0293,618,2
c0293,619,2
c0293,620,1
c0293,622,6
c0293,626,1
c0293,631,1
c0293,632,3
c0293,635,3
c0293,638,2
c0293,639,2
c0294,622,1
c0294,627,1
c0294,630,3
c0294,632,2
c0294,633,2
c0294,635,6
c0294,637,1
c0294,639,5
c0294,640,1
c0295,618,2
c0295,619,1
c0295,622,1
c0295,627,1
c0295,630,3
c0295,631,1
c0295,633,2
c0295,637,1
c0295,638,4
c0296,615,1
c0296,617,1
c0296,618,2
c0296,621,1
c0296,623,1
c0296,625,1
c0296,627,1
c0296,631,3
c0296,636,5
c0296,637,1
c0296,638,2
c0296,640,1
c0297,615,3
c0297,616,2
c0297,617,7
c0297,618,7
c0297,619,7
c0297,620,3
c0297,621,1
c0297,622,2
c0297,623,3
c0297,624,5
c0297,625,1
c0297,626,5
c0297,627,1
c0297,630,1
c0297,631,15
c0297,632,1
c0297,633,2
c0297,636,2
c0297,637,6
c0297,638,3
c0297,639,2
c0297,640,5
c0297,641,1
c0298,615,4
c0298,616,12
c0298,617,7
c0298,618,17
c0298,619,13
c0298,620,6
c0298,621,2
c0298,622,7
c0298,623,10
c0298,624,8
c0298,625,1
c0298,626,10
c0298,627,7
c0298,628,7
c0298,630,4
c0298,631,31
c0298,632,6
c0298,633,3
c0298,634,6
c0298,635,4
c0298,636,34
c0298,637,1
c0298,638,4
c0298,639,2
c0298,640,22
c0298,641,2
c0299,615,1
c0299,617,7
c0299,618,1
c0299,619,2
c0299,622,2
c0299,624,1
c0299,625,1
c0299,626,1
c0299,627,3
c0299,630,12
c0299,633,4
c0299,635,2
c0299,637,4
c0299,638,2
c0299,639,2
c0299,641,1
c0300,615,3
c0300,617,1
c0300,618,6
c0300,620,2
c0300,623,1
c0300,625,1
c0300,626,1
c0300,631,3
c0300,633,1
c0300,635,2
c0300,636,2
c0300,637,2
c0300,638,1
c0300,641,1
c0301,850,6
c0301,851,10
c0301,853,25
c0301,854,1
c0302,850,34
c0302,851,14
c0302,852,2
c0302,853,1
c0302,854,1
c0303,84,253
c0303,85,19
c0304,84,13
c0304,85,44
c0305,426,10
c0305,427,1
c0305,428,4
c0305,429,1
c0305,430,1
c0305,433,2
c0306,426,15
c0306,427,12
c0306,428,16
c0306,429,4
c0306,430,17
c0306,431,3
c0306,432,2
c0306,435,1
c0307,426,27
c0307,427,45
c0307,428,24
c0307,429,5
c0307,430,10
c0307,431,8
c0307,432,6
c0307,433,14
c0308,426,2
c0308,427,1
c0308,431,2
c0308,433,6
c0309,426,23
c0309,427,10
c0309,428,17
c0309,429,3
c0309,430,8
c0309,431,4
c0309,432,3
c0309,433,4
c0309,435,9
c0310,426,63
c0310,427,31
c0310,428,40
c0310,429,4
c0310,430,23
c0310,431,9
c0310,432,3
c0310,433,25
c0311,84,2
c0312,84,7
c0313,84,42
c0313,85,2
c0314,84,10
c0314,85,65
c0315,84,23
c0315,85,3
c0316,413,22
c0316,414,5
c0317,413,12
c0317,414,3
c0318,413,13
c0318,414,5
c0319,413,7
c0319,414,4
c0320,714,1
c0320,715,4
c0320,719,3
c0320,720,1
c0320,721,2
c0320,723,4
c0320,724,7
c0320,728,3
c0320,729,1
c0320,731,1
c0320,733,1
c0320,736,5
c0320,742,3
c0321,714,8
c0321,715,19
c0321,716,1
c0321,717,1
c0321,718,13
c0321,719,14
c0321,720,31
c0321,721,11
c0321,722,17
c0321,723,31
c0321,724,11
c0321,725,6
c0321,726,7
c0321,729,22
c0321,730,5
c0321,731,19
c0321,732,1
c0321,733,4
c0321,734,3
c0321,735,4
c0321,736,50
c0321,737,1
c0321,740,1
c0321,741,7
c0321,742,16
c0321,743,12
c0322,744,8
c0323,714,1
c0323,720,1
c0323,723,3
c0323,724,1
c0323,728,1
c0323,736,2
c0323,743,8
c0324,714,3
c0324,715,3
c0324,716,1
c0324,718,7
c0324,719,5
c0324,720,15
c0324,721,2
c0324,723,11
c0324,724,2
c0324,726,1
c0324,727,1
c0324,728,3
c0324,729,5
c0324,730,1
c0324,731,16
c0324,733,3
c0324,736,1
c0324,737,2
c0324,741,3
c0324,742,3
c0324,743,10
c0325,714,3
c0325,715,5
c0325,716,1
c0325,718,3
c0325,719,2
c0325,720,6
c0325,723,2
c0325,724,2
c0325,726,3
c0325,730,2
c0325,731,5
c0325,732,2
c0325,733,8
c0325,734,2
c0325,736,5
c0325,743,3
c0326,714,2
c0326,715,7
c0326,717,1
c0326,718,1
c0326,719,5
c0326,720,4
c0326,721,1
c0326,722,1
c0326,723,5
c0326,724,2
c0326,725,84
c0326,726,2
c0326,728,1
c0326,729,3
c0326,730,1
c0326,731,4
c0326,733,5
c0326,736,4
c0326,742,2
c0326,744,1
c0326,746,14
c0327,714,27
c0327,715,38
c0327,716,7
c0327,717,9
c0327,718,16
c0327,719,23
c0327,720,32
c0327,721,27
c0327,722,31
c0327,723,27
c0327,724,23
c0327,725,2
c0327,726,17
c0327,727,1
c0327,728,26
c0327,729,23
c0327,730,16
c0327,731,23
c0327,732,4
c0327,733,23
c0327,734,4
c0327,735,11
c0327,736,12
c0327,738,3
c0327,740,13
c0327,741,5
c0327,742,10
c0327,743,17
c0327,744,3
c0328,727,1
c0329,715,4
c0329,717,1
c0329,719,3
c0329,722,1
c0329,723,1
c0329,726,1
c0329,728,4
c0329,730,3
c0329,731,2
c0329,733,2
c0329,735,2
c0329,736,1
c0329,742,3
c0330,714,3
c0330,715,7
c0330,716,1
c0330,718,3
c0330,719,2
c0330,720,10
c0330,721,19
c0330,722,6
c0330,723,7
c0330,724,6
c0330,726,2
c0330,728,3
c0330,729,6
c0330,730,9
c0330,731,10
c0330,732,1
c0330,733,1
c0330,734,3
c0330,735,1
c0330,736,4
c0330,741,2
c0330,742,5
c0330,743,8
c0330,744,1
c0331,714,3
c0331,715,22
c0331,716,1
c0331,717,2
c0331,719,11
c0331,720,7
c0331,721,14
c0331,722,16
c0331,723,5
c0331,724,9
c0331,725,2
c0331,726,1
c0331,728,16
c0331,730,11
c0331,731,5
c0331,732,2
c0331,733,9
c0331,734,4
c0331,735,5
c0331,736,10
c0331,741,2
c0331,742,1
c0331,743,1
c0331,746,3
c0332,715,7
c0332,720,1
c0332,722,3
c0332,728,3
c0332,731,2
c0332,733,1
c0333,714,1
c0333,715,2
c0333,716,1
c0333,718,1
c0333,719,2
c0333,720,1
c0333,724,1
c0333,726,1
c0333,733,10
c0333,741,1
c0333,743,2
c0334,715,1
c0334,718,1
c0334,719,2
c0334,723,1
c0334,724,1
c0334,726,1
c0334,729,2
c0334,731,4
c0335,714,3
c0335,715,4
c0335,718,12
c0335,719,2
c0335,720,2
c0335,721,2
c0335,722,1
c0335,723,6
c0335,725,1
c0335,731,13
c0335,733,1
c0335,735,2
c0335,736,2
c0335,743,5
c0335,744,1
c0336,715,2
c0336,716,1
c0336,717,97
c0336,718,1
c0336,719,4
c0336,720,1
c0336,721,1
c0336,722,8
c0336,723,5
c0336,724,6
c0336,725,4
c0336,726,1
c0336,727,2
c0336,729,2
c0336,730,7
c0336,731,1
c0336,733,1
c0336,736,2
c0336,740,4
c0336,742,2
c0336,744,1
c0337,714,1
c0337,715,3
c0337,718,4
c0337,719,2
c0337,720,2
c0337,722,2
c0337,725,1
c0337,726,1
c0337,729,1
c0337,731,1
c0337,733,2
c0337,736,1
c0337,743,1
c0338,714,1
c0338,715,2
c0338,716,1
c0338,717,1
c0338,718,2
c0338,720,2
c0338,721,5
c0338,722,1
c0338,724,8
c0338,725,1
c0338,727,3
c0338,728,11
c0338,732,3
c0338,733,1
c0338,734,2
c0338,735,3
c0338,736,5
c0338,744,2
c0339,75,2
c0339,76,1
c0339,77,10
c0340,858,1
c0340,859,2
c0340,862,3
c0340,864,16
c0341,858,7
c0341,859,2
c0341,862,17
c0341,863,1
c0341,865,1
c0342,858,1
c0342,859,1
c0343,858,19
c0343,859,33
c0343,861,11
c0343,862,37
c0343,863,35
c0343,864,4
c0343,865,1
c0344,858,4
c0344,859,5
c0344,861,3
c0344,862,1
c0344,863,2
c0345,858,9
c0345,859,11
c0345,861,6
c0345,862,19
c0345,863,10
c0345,864,12
c0345,865,2
c0346,858,1
c0346,859,2
c0346,861,1
c0346,862,7
c0346,863,13
c0346,865,1
c0347,858,23
c0347,859,19
c0347,860,2
c0347,861,5
c0347,862,26
c0347,863,20
c0347,865,1
c0348,858,10
c0348,859,13
c0348,861,11
c0348,862,8
c0348,863,4
c0348,865,1
c0349,858,9
c0349,859,5
c0349,861,3
c0349,862,3
c0349,863,1
c0350,858,2
c0350,859,3
c0350,862,1
c0350,863,7
c0351,858,3
c0351,859,6
c0351,862,1
c0351,863,2
c0351,864,4
c0352,75,8
c0352,76,14
c0352,77,20
c0352,78,6
c0352,79,1
c0353,814,2
c0353,815,1
c0353,816,2
c0353,818,1
c0353,821,1
c0354,814,1
c0354,815,2
c0354,817,2
c0354,818,7
c0354,819,1
c0354,820,1
c0355,815,1
c0355,816,4
c0355,817,1
c0355,820,4
c0356,814,2
c0356,815,2
c0356,816,3
c0356,819,2
c0356,820,1
c0357,814,3
c0357,815,3
c0357,816,8
c0357,817,14
c0357,818,2
c0357,819,8
c0357,820,3
c0357,821,9
c0358,814,3
c0358,815,1
c0358,816,3
c0358,817,2
c0358,818,2
c0358,819,1
c0358,820,2
c0359,814,8
c0359,815,8
c0359,816,5
c0359,817,6
c0359,818,1
c0359,819,5
c0359,820,1
c0359,821,1
c0360,813,2
c0360,814,8
c0360,815,1
c0360,816,5
c0360,817,10
c0360,818,1
c0360,819,5
c0360,820,1
c0361,816,2
c0361,818,1
c0361,819,14
c0362,704,2
c0362,705,9
c0362,706,11
c0362,707,3
c0362,709,1
c0362,710,1
c0362,711,14
c0362,712,3
c0362,713,3
c0363,704,1
c0363,706,4
c0363,708,1
c0363,711,2
c0364,705,1
c0365,413,2
c0366,140,68
c0366,141,29
c0367,140,12
c0367,141,2
c0368,140,73
c0368,141,22
c0369,140,48
c0369,141,21
c0370,140,10
c0370,141,9
c0371,140,31
c0371,141,14
c0372,140,14
c0372,141,4
c0373,140,12
c0373,141,1
c0374,41,6
c0374,42,3
c0375,41,15
c0375,42,22
c0376,41,13
c0376,42,29
c0376,43,1
c0377,423,14
c0378,423,101
c0379,423,73
c0380,423,157
c0381,423,9
c0382,846,2
c0383,841,4
c0383,842,1
c0383,845,12
c0383,846,1
c0385,840,1
c0385,841,1
c0385,846,3
c0386,840,1
c0386,841,17
c0386,845,4
c0386,846,9
c0387,840,10
c0387,841,14
c0387,842,2
c0387,844,1
c0387,845,3
c0387,846,15
c0388,510,4
c0388,512,2
c0388,513,3
c0388,514,2
c0388,516,2
c0388,517,3
c0388,522,1
c0389,510,16
c0389,511,10
c0389,512,18
c0389,513,21
c0389,514,24
c0389,515,23
c0389,516,12
c0389,517,20
c0389,522,2
c0389,524,15
c0390,511,3
c0390,512,2
c0390,513,2
c0390,517,1
c0390,519,1
c0391,510,2
c0391,512,7
c0391,513,3
c0391,514,2
c0391,515,5
c0391,516,5
c0391,517,6
c0391,524,3
c0392,510,3
c0392,511,1
c0392,512,3
c0392,513,6
c0392,514,7
c0392,515,2
c0392,520,4
c0392,521,3
c0392,523,1
c0393,510,2
c0393,511,1
c0393,513,1
c0393,514,3
c0393,515,6
c0393,517,1
c0393,519,1
c0394,510,12
c0394,511,5
c0394,512,10
c0394,513,4
c0394,514,1
c0394,516,7
c0394,517,5
c0394,519,1
c0394,522,2
c0394,524,3
c0395,510,9
c0395,511,6
c0395,512,8
c0395,513,25
c0395,514,9
c0395,515,12
c0395,516,15
c0395,517,18
c0395,519,2
c0395,522,12
c0395,524,9
c0396,510,2
c0396,511,6
c0396,512,5
c0396,513,6
c0396,514,6
c0396,515,5
c0396,516,1
c0396,517,3
c0396,519,2
c0396,522,8
c0396,524,4
c0397,510,3
c0397,511,5
c0397,512,7
c0397,513,7
c0397,514,13
c0397,515,5
c0397,516,10
c0397,517,10
c0397,519,1
c0397,524,2
c0398,510,40
c0398,511,18
c0398,512,26
c0398,513,13
c0398,514,14
c0398,515,20
c0398,516,15
c0398,517,23
c0398,519,8
c0398,522,10
c0398,524,3
c0399,510,1
c0399,512,4
c0399,513,3
c0399,515,1
c0399,516,1
c0399,517,1
c0399,519,1
c0400,400,12
c0400,401,10
c0400,402,21
c0400,403,1
c0400,404,4
c0401,400,1
c0401,401,3
c0401,402,2
c0401,404,7
c0402,400,18
c0402,401,19
c0402,402,15
c0402,404,4
c0403,400,20
c0403,401,5
c0403,402,6
c0403,404,8
c0404,402,2
c0405,400,9
c0405,401,10
c0405,402,3
c0406,400,49
c0406,401,32
c0406,402,28
c0406,403,1
c0406,404,14
c0407,400,1
c0407,401,9
c0407,402,6
c0407,404,13
c0408,400,3
c0408,401,7
c0408,402,11
c0408,404,13
c0409,400,63
c0409,401,54
c0409,402,121
c0409,403,8
c0409,404,37
c0410,142,1
c0410,143,5
c0410,144,1
c0410,145,1
c0410,147,1
c0410,148,7
c0410,149,3
c0410,150,3
c0410,151,3
c0410,153,4
c0410,157,2
c0410,158,1
c0410,159,2
c0410,160,2
c0410,161,1
c0410,162,1
c0410,163,1
c0410,164,1
c0410,165,1
c0410,166,1
c0410,168,1
c0410,169,1
c0410,170,2
c0410,173,5
c0410,174,1
c0410,175,7
c0410,176,3
c0410,177,3
c0410,178,5
c0410,179,5
c0410,180,5
c0410,181,1
c0410,182,3
c0410,183,1
c0410,185,1
c0410,186,1
c0410,187,2
c0410,191,1
c0410,192,2
c0410,193,2
c0410,194,4
c0410,195,3
c0410,196,1
c0410,198,6
c0410,199,9
c0410,200,1
c0410,202,4
c0410,203,1
c0410,204,11
c0410,205,1
c0410,208,2
c0410,210,4
c0410,212,2
c0411,142,1
c0411,143,7
c0411,144,2
c0411,148,3
c0411,151,4
c0411,152,8
c0411,153,6
c0411,154,12
c0411,155,9
c0411,156,1
c0411,157,1
c0411,158,3
c0411,159,2
c0411,160,8
c0411,161,9
c0411,162,19
c0411,163,45
c0411,165,5
c0411,166,4
c0411,167,4
c0411,168,8
c0411,169,3
c0411,170,3
c0411,171,6
c0411,172,2
c0411,173,1
c0411,174,5
c0411,175,5
c0411,176,2
c0411,177,1
c0411,178,2
c0411,179,1
c0411,180,1
c0411,182,5
c0411,183,10
c0411,185,4
c0411,186,3
c0411,187,11
c0411,188,6
c0411,189,4
c0411,192,1
c0411,193,7
c0411,194,2
c0411,195,3
c0411,196,2
c0411,197,1
c0411,198,6
c0411,199,7
c0411,201,3
c0411,202,7
c0411,203,3
c0411,204,3
c0411,205,1
c0411,206,1
c0411,208,3
c0411,209,2
c0411,210,14
c0411,211,2
c0411,212,2
c0412,143,2
c0412,147,1
c0412,149,1
c0412,151,1
c0412,153,7
c0412,154,2
c0412,155,2
c0412,157,1
c0412,158,2
c0412,159,2
c0412,161,47
c0412,166,1
c0412,167,10
c0412,168,3
c0412,169,1
c0412,170,3
c0412,171,42
c0412,172,2
c0412,173,1
c0412,178,1
c0412,182,11
c0412,185,1
c0412,186,1
c0412,188,14
c0412,189,11
c0412,192,1
c0412,193,1
c0412,198,15
c0412,201,7
c0412,203,1
c0412,204,2
c0412,210,1
c0412,212,1
c0413,142,5
c0413,143,3
c0413,145,1
c0413,148,2
c0413,149,3
c0413,150,6
c0413,151,8
c0413,153,13
c0413,154,2
c0413,155,2
c0413,156,1
c0413,158,8
c0413,159,11
c0413,160,1
c0413,163,3
c0413,164,5
c0413,165,2
c0413,166,3
c0413,167,2
c0413,168,1
c0413,169,4
c0413,170,6
c0413,171,4
c0413,172,6
c0413,173,6
c0413,174,6
c0413,175,1
c0413,177,10
c0413,179,3
c0413,180,6
c0413,181,7
c0413,182,1
c0413,183,3
c0413,185,2
c0413,187,2
c0413,188,4
c0413,190,2
c0413,191,3
c0413,192,4
c0413,193,3
c0413,194,2
c0413,195,1
c0413,197,3
c0413,199,6
c0413,201,8
c0413,203,4
c0413,204,1
c0413,207,1
c0413,208,2
c0413,210,6
c0413,211,1
c0413,212,3
c0414,142,22
c0414,143,33
c0414,144,27
c0414,145,17
c0414,146,1
c0414,147,16
c0414,148,27
c0414,149,5
c0414,150,23
c0414,151,17
c0414,152,19
c0414,153,14
c0414,154,6
c0414,155,28
c0414,156,21
c0414,157,17
c0414,158,18
c0414,159,24
c0414,160,27
c0414,161,9
c0414,162,22
c0414,163,30
c0414,164,13
c0414,165,9
c0414,166,19
c0414,167,11
c0414,168,13
c0414,169,10
c0414,170,16
c0414,171,19
c0414,172,13
c0414,173,12
c0414,174,24
c0414,175,28
c0414,176,18
c0414,177,36
c0414,178,17
c0414,179,14
c0414,180,21
c0414,181,9
c0414,182,15
c0414,183,29
c0414,184,2
c0414,185,23
c0414,186,12
c0414,187,9
c0414,188,10
c0414,189,4
c0414,190,6
c0414,191,10
c0414,192,9
c0414,193,8
c0414,194,21
c0414,195,21
c0414,196,12
c0414,197,11
c0414,198,11
c0414,199,15
c0414,200,12
c0414,201,12
c0414,202,27
c0414,203,11
c0414,204,27
c0414,205,12
c0414,206,4
c0414,207,10
c0414,208,9
c0414,209,15
c0414,210,26
c0414,211,5
c0414,212,24
c0415,142,4
c0415,147,1
c0415,150,4
c0415,153,1
c0415,154,1
c0415,158,8
c0415,159,3
c0415,161,1
c0415,162,2
c0415,168,1
c0415,170,6
c0415,171,2
c0415,172,1
c0415,173,1
c0415,174,2
c0415,177,4
c0415,181,7
c0415,183,3
c0415,187,1
c0415,188,2
c0415,191,5
c0415,195,1
c0415,197,2
c0415,201,6
c0415,204,1
c0415,209,2
c0416,142,2
c0416,143,1
c0416,144,1
c0416,145,1
c0416,147,1
c0416,148,1
c0416,151,1
c0416,152,3
c0416,154,2
c0416,156,3
c0416,158,1
c0416,159,2
c0416,162,1
c0416,164,2
c0416,166,2
c0416,167,2
c0416,168,1
c0416,171,1
c0416,173,2
c0416,175,2
c0416,178,3
c0416,181,1
c0416,185,2
c0416,187,2
c0416,188,9
c0416,191,1
c0416,192,2
c0416,193,1
c0416,194,1
c0416,195,5
c0416,196,1
c0416,199,1
c0416,201,1
c0416,202,8
c0416,203,2
c0416,204,3
c0416,205,3
c0416,208,5
c0416,210,1
c0416,212,3
c0417,142,1
c0417,143,2
c0417,144,6
c0417,145,5
c0417,147,11
c0417,148,2
c0417,149,2
c0417,150,2
c0417,151,3
c0417,152,4
c0417,153,1
c0417,154,4
c0417,155,1
c0417,156,1
c0417,157,3
c0417,159,2
c0417,160,5
c0417,161,2
c0417,163,2
c0417,166,17
c0417,170,3
c0417,171,1
c0417,175,3
c0417,176,1
c0417,178,6
c0417,179,3
c0417,180,2
c0417,181,1
c0417,182,1
c0417,183,1
c0417,185,1
c0417,186,1
c0417,191,1
c0417,192,2
c0417,194,6
c0417,195,9
c0417,196,6
c0417,199,1
c0417,202,8
c0417,203,3
c0417,204,3
c0417,205,2
c0417,207,2
c0417,208,2
c0417,209,1
c0417,210,1
c0417,212,5
c0418,142,1
c0418,152,1
c0418,153,2
c0418,154,2
c0418,155,3
c0418,157,4
c0418,158,4
c0418,160,14
c0418,161,1
c0418,162,2
c0418,163,2
c0418,165,3
c0418,167,4
c0418,168,2
c0418,169,1
c0418,170,1
c0418,171,1
c0418,172,1
c0418,173,1
c0418,175,2
c0418,177,1
c0418,182,2
c0418,183,3
c0418,185,5
c0418,186,3
c0418,191,1
c0418,193,1
c0418,194,1
c0418,196,1
c0418,198,9
c0418,199,1
c0418,202,2
c0418,203,3
c0418,205,1
c0418,208,1
c0419,142,20
c0419,144,6
c0419,145,2
c0419,146,8
c0419,147,2
c0419,148,5
c0419,149,7
c0419,150,28
c0419,151,5
c0419,152,2
c0419,153,7
c0419,154,7
c0419,155,18
c0419,156,1
c0419,157,5
c0419,158,24
c0419,159,26
c0419,160,8
c0419,161,3
c0419,162,14
c0419,163,10
c0419,164,9
c0419,165,14
c0419,166,12
c0419,167,5
c0419,168,5
c0419,169,3
c0419,170,18
c0419,171,2
c0419,172,25
c0419,173,15
c0419,174,20
c0419,175,2
c0419,176,2
c0419,177,25
c0419,178,4
c0419,179,1
c0419,180,27
c0419,181,16
c0419,182,5
c0419,183,8
c0419,185,7
c0419,186,3
c0419,187,7
c0419,188,6
c0419,190,8
c0419,191,23
c0419,192,7
c0419,193,15
c0419,194,5
c0419,195,2
c0419,196,4
c0419,197,17
c0419,198,10
c0419,199,4
c0419,200,2
c0419,201,8
c0419,202,12
c0419,203,12
c0419,204,2
c0419,205,2
c0419,206,1
c0419,207,1
c0419,208,5
c0419,209,16
c0419,210,21
c0419,211,3
c0419,212,9
c0420,142,7
c0420,143,5
c0420,144,1
c0420,145,2
c0420,147,17
c0420,148,9
c0420,149,2
c0420,150,3
c0420,151,4
c0420,152,5
c0420,153,1
c0420,155,8
c0420,156,5
c0420,157,1
c0420,158,3
c0420,159,8
c0420,160,3
c0420,161,1
c0420,162,8
c0420,163,4
c0420,164,7
c0420,165,2
c0420,166,3
c0420,167,1
c0420,168,5
c0420,169,1
c0420,170,2
c0420,171,2
c0420,172,4
c0420,173,5
c0420,174,7
c0420,175,6
c0420,176,2
c0420,178,1
c0420,179,3
c0420,180,3
c0420,181,3
c0420,182,1
c0420,183,6
c0420,185,2
c0420,186,1
c0420,188,4
c0420,191,3
c0420,193,4
c0420,194,4
c0420,195,4
c0420,196,5
c0420,197,2
c0420,198,6
c0420,199,5
c0420,201,2
c0420,202,1
c0420,203,8
c0420,204,10
c0420,205,4
c0420,206,1
c0420,208,1
c0420,209,3
c0420,210,3
c0420,212,3
c0421,143,2
c0421,144,6
c0421,145,1
c0421,147,20
c0421,148,1
c0421,149,1
c0421,151,6
c0421,153,1
c0421,154,3
c0421,157,1
c0421,159,1
c0421,167,2
c0421,168,1
c0421,169,1
c0421,173,1
c0421,174,3
c0421,175,2
c0421,176,5
c0421,178,2
c0421,179,12
c0421,183,1
c0421,185,1
c0421,186,1
c0421,191,1
c0421,194,2
c0421,195,1
c0421,196,1
c0421,198,3
c0421,199,3
c0421,202,2
c0421,203,1
c0421,207,5
c0421,208,1
c0421,212,3
c0422,142,32
c0422,143,6
c0422,144,2
c0422,145,7
c0422,147,1
c0422,148,4
c0422,149,5
c0422,150,28
c0422,151,10
c0422,152,2
c0422,153,6
c0422,154,6
c0422,155,17
c0422,156,1
c0422,157,4
c0422,158,28
c0422,159,49
c0422,160,22
c0422,161,5
c0422,162,22
c0422,163,20
c0422,164,24
c0422,165,10
c0422,166,34
c0422,167,2
c0422,168,8
c0422,169,1
c0422,170,14
c0422,171,4
c0422,172,16
c0422,173,6
c0422,174,45
c0422,175,7
c0422,176,4
c0422,177,45
c0422,178,7
c0422,179,4
c0422,180,29
c0422,181,21
c0422,182,16
c0422,183,26
c0422,185,8
c0422,186,11
c0422,187,14
c0422,188,4
c0422,189,1
c0422,190,4
c0422,191,26
c0422,192,19
c0422,193,7
c0422,194,9
c0422,195,1
c0422,196,3
c0422,197,28
c0422,198,8
c0422,199,20
c0422,200,1
c0422,201,12
c0422,202,3
c0422,203,41
c0422,204,3
c0422,205,3
c0422,207,1
c0422,208,6
c0422,209,19
c0422,210,42
c0422,211,6
c0422,212,9
c0423,147,2
c0423,150,1
c0423,152,1
c0423,156,1
c0423,157,1
c0423,166,5
c0423,168,1
c0423,173,1
c0423,179,2
c0423,185,4
c0423,194,2
c0423,195,3
c0423,196,2
c0423,205,2
c0423,206,1
c0423,208,3
c0424,142,2
c0424,143,1
c0424,145,1
c0424,146,2
c0424,150,1
c0424,154,1
c0424,164,1
c0424,165,1
c0424,166,7
c0424,167,2
c0424,170,1
c0424,173,1
c0424,179,1
c0424,181,2
c0424,183,1
c0424,188,2
c0424,192,1
c0424,195,1
c0424,198,1
c0424,203,1
c0424,204,1
c0424,211,1
c0425,371,3
c0425,373,2
c0425,374,1
c0425,375,1
c0425,377,1
c0425,381,1
c0425,385,5
c0425,388,4
c0425,390,3
c0426,489,1
c0426,490,4
c0426,493,1
c0426,495,1
c0427,487,3
c0427,489,2
c0427,490,4
c0427,491,1
c0427,493,1
c0427,495,1
c0427,496,1
c0428,487,7
c0428,488,13
c0428,489,4
c0428,490,19
c0428,491,6
c0428,494,33
c0428,495,3
c0429,487,3
c0429,488,2
c0429,489,7
c0429,490,2
c0429,492,1
c0429,495,1
c0430,487,1
c0430,488,2
c0430,489,6
c0430,490,24
c0430,491,4
c0430,492,1
c0430,493,3
c0430,495,1
c0430,496,2
c0431,487,20
c0431,488,27
c0431,489,23
c0431,490,50
c0431,491,3
c0431,492,11
c0431,493,4
c0431,495,25
c0431,496,9
c0432,487,13
c0432,488,18
c0432,489,9
c0432,490,29
c0432,491,8
c0432,493,1
c0432,494,1
c0432,495,8
c0432,496,4
c0433,487,23
c0433,488,42
c0433,489,7
c0433,490,32
c0433,491,7
c0433,492,4
c0433,493,6
c0433,494,3
c0433,495,11
c0433,496,2
c0434,487,4
c0434,488,6
c0434,490,5
c0434,491,3
c0434,495,1
c0434,496,2
c0435,487,1
c0435,489,3
c0435,490,4
c0435,494,1
c0435,495,3
c0436,487,5
c0436,488,6
c0436,489,3
c0436,490,7
c0436,491,3
c0436,493,1
c0436,495,1
c0436,496,2
c0437,487,17
c0437,488,12
c0437,489,17
c0437,490,28
c0437,491,4
c0437,492,6
c0437,493,8
c0437,495,6
c0437,496,6
c0438,487,12
c0438,488,10
c0438,489,30
c0438,490,23
c0438,491,5
c0438,492,4
c0438,493,2
c0438,494,1
c0438,495,13
c0438,496,9
c0439,487,2
c0439,488,4
c0439,489,11
c0439,490,1
c0439,491,1
c0439,492,1
c0439,495,1
c0439,496,3
c0440,487,27
c0440,488,33
c0440,489,116
c0440,490,60
c0440,491,16
c0440,492,76
c0440,493,6
c0440,495,52
c0440,496,26
c0441,487,12
c0441,488,16
c0441,489,12
c0441,490,34
c0441,491,6
c0441,492,5
c0441,493,9
c0441,495,6
c0441,496,10
c0442,392,14
c0442,393,20
c0442,394,12
c0442,395,34
c0442,396,8
c0442,397,1
c0442,398,1
c0442,399,13
c0443,86,3
c0443,87,8
c0443,90,5
c0444,86,13
c0444,88,4
c0444,89,7
c0445,86,4
c0445,87,25
c0445,89,3
c0445,90,3
c0446,86,3
c0446,87,1
c0446,88,4
c0446,89,3
c0447,86,4
c0447,87,77
c0447,88,6
c0447,89,3
c0447,90,26
c0448,86,3
c0448,87,1
c0448,88,4
c0448,89,8
c0449,86,34
c0449,87,14
c0449,88,14
c0449,89,24
c0449,90,4
c0450,86,9
c0450,88,4
c0450,89,26
c0451,285,31
c0451,286,30
c0451,287,5
c0451,288,1
c0451,289,18
c0451,290,16
c0452,27,27
c0452,28,2
c0452,30,7
c0452,31,22
c0453,27,8
c0453,28,4
c0453,31,4
c0454,27,9
c0454,28,1
c0454,29,1
c0454,30,1
c0454,31,7
c0455,27,2
c0455,31,1
c0456,27,2
c0457,253,15
c0457,254,5
c0457,255,1
c0457,257,1
c0458,497,23
c0458,498,9
c0458,499,4
c0460,497,43
c0460,498,9
c0460,499,2
c0461,497,12
c0461,498,2
c0461,499,5
c0462,497,6
c0462,498,1
c0462,499,1
c0463,497,31
c0463,498,5
c0463,499,2
c0464,497,3
c0464,498,2
c0465,752,9
c0465,753,3
c0465,754,7
c0466,752,18
c0466,753,2
c0466,754,2
c0467,752,2
c0467,754,3
c0467,755,1
c0468,438,5
c0468,440,13
c0468,441,13
c0469,455,2
c0470,452,5
c0470,454,3
c0470,455,18
c0471,455,3
c0472,452,3
c0472,455,7
c0473,452,8
c0473,454,1
c0473,455,12
c0474,452,7
c0474,455,16
c0475,264,10
c0475,265,3
c0475,266,2
c0475,267,15
c0475,268,4
c0475,269,9
c0475,270,9
c0476,264,16
c0476,265,7
c0476,266,5
c0476,267,6
c0476,268,5
c0476,269,1
c0476,270,9
c0477,264,1
c0477,265,4
c0477,266,1
c0477,267,1
c0477,268,1
c0477,269,1
c0478,661,1
c0478,662,2
c0478,664,1
c0479,661,4
c0479,663,1
c0479,664,1
c0479,667,1
c0479,669,1
c0480,661,4
c0480,662,2
c0480,663,5
c0480,668,1
c0480,670,1
c0481,661,10
c0481,662,15
c0481,663,11
c0481,664,18
c0481,665,5
c0481,666,34
c0481,668,3
c0481,669,2
c0481,670,8
c0482,661,1
c0482,662,1
c0482,663,2
c0482,669,1
c0482,670,1
c0483,661,1
c0483,662,10
c0483,663,1
c0483,668,1
c0483,670,1
c0484,661,1
c0484,664,8
c0484,666,2
c0485,661,37
c0485,662,27
c0485,663,6
c0485,667,6
c0485,669,4
c0485,670,7
c0486,663,1
c0486,666,2
c0486,668,2
c0487,264,4
c0487,265,5
c0487,266,3
c0487,267,2
c0487,268,2
c0487,269,3
c0487,270,1
c0488,527,1
c0488,528,1
c0488,536,1
c0488,537,1
c0488,538,1
c0488,540,1
c0488,547,1
c0488,548,2
c0488,552,6
c0489,526,1
c0489,527,1
c0489,528,1
c0489,529,2
c0489,533,1
c0489,536,1
c0489,537,3
c0489,538,2
c0489,539,2
c0489,540,6
c0489,543,1
c0489,548,1
c0489,551,1
c0489,555,1
c0490,526,2
c0490,527,6
c0490,528,8
c0490,529,24
c0490,530,4
c0490,531,2
c0490,533,2
c0490,536,2
c0490,537,5
c0490,538,4
c0490,539,2
c0490,540,2
c0490,541,1
c0490,542,2
c0490,545,1
c0490,546,5
c0490,547,1
c0490,549,1
c0490,551,3
c0490,553,2
c0490,554,8
c0490,555,1
c0490,556,4
c0490,558,1
c0491,526,3
c0491,528,1
c0491,533,2
c0491,537,1
c0491,538,1
c0491,539,1
c0491,544,5
c0491,545,1
c0491,548,1
c0491,551,1
c0491,552,1
c0491,556,1
c0491,558,1
c0492,526,1
c0492,527,3
c0492,528,1
c0492,535,1
c0492,536,3
c0492,537,1
c0492,540,9
c0492,547,1
c0492,548,1
c0492,549,3
c0492,553,2
c0493,526,15
c0493,527,7
c0493,528,16
c0493,529,12
c0493,530,14
c0493,531,5
c0493,532,5
c0493,533,1
c0493,535,6
c0493,536,7
c0493,537,12
c0493,538,6
c0493,539,23
c0493,540,34
c0493,541,26
c0493,542,11
c0493,543,15
c0493,544,11
c0493,545,14
c0493,546,15
c0493,547,12
c0493,548,5
c0493,549,5
c0493,550,17
c0493,551,4
c0493,552,19
c0493,553,9
c0493,554,10
c0493,555,2
c0493,556,4
c0493,558,7
c0494,528,1
c0494,530,1
c0494,535,6
c0494,539,1
c0494,540,1
c0494,541,1
c0494,542,1
c0494,544,15
c0494,545,1
c0494,546,2
c0494,549,2
c0494,551,1
c0494,553,5
c0494,556,4
c0495,526,6
c0495,527,11
c0495,528,7
c0495,529,3
c0495,530,2
c0495,531,3
c0495,532,1
c0495,533,1
c0495,536,1
c0495,537,7
c0495,539,3
c0495,540,7
c0495,542,5
c0495,543,9
c0495,544,1
c0495,545,2
c0495,546,1
c0495,547,41
c0495,549,3
c0495,551,1
c0495,552,1
c0495,554,3
c0495,556,1
c0495,558,1
c0496,530,1
c0496,540,1
c0496,551,2
c0497,528,2
c0497,529,6
c0497,530,15
c0497,533,1
c0497,535,1
c0497,541,1
c0497,556,1
c0498,526,5
c0498,527,4
c0498,528,3
c0498,529,12
c0498,530,5
c0498,531,4
c0498,533,4
c0498,535,1
c0498,537,5
c0498,538,1
c0498,540,1
c0498,541,1
c0498,542,2
c0498,543,1
c0498,547,2
c0498,553,4
c0498,554,8
c0499,527,1
c0499,540,11
c0499,551,1
c0499,552,2
c0500,530,1
c0500,533,1
c0500,540,2
c0500,547,1
c0500,548,2
c0500,552,2
c0500,556,1
c0500,558,1
c0501,526,25
c0501,527,11
c0501,528,71
c0501,529,78
c0501,530,24
c0501,531,11
c0501,533,29
c0501,535,14
c0501,536,5
c0501,537,25
c0501,538,16
c0501,539,18
c0501,540,26
c0501,541,6
c0501,542,22
c0501,543,4
c0501,544,8
c0501,545,7
c0501,546,15
c0501,547,10
c0501,548,48
c0501,549,18
c0501,551,13
c0501,552,7
c0501,553,15
c0501,554,41
c0501,556,8
c0501,558,40
c0502,526,4
c0502,527,1
c0502,528,5
c0502,529,3
c0502,530,5
c0502,531,1
c0502,535,1
c0502,536,1
c0502,537,12
c0502,538,2
c0502,539,5
c0502,540,11
c0502,543,4
c0502,544,1
c0502,545,9
c0502,546,1
c0502,547,10
c0502,548,2
c0502,549,2
c0502,552,1
c0502,553,2
c0502,554,3
c0503,527,1
c0503,537,1
c0503,539,1
c0503,540,2
c0503,542,4
c0503,545,2
c0503,548,1
c0503,552,1
c0503,558,1
c0504,500,57
c0504,501,26
c0504,502,14
c0506,500,75
c0506,501,30
c0506,502,75
c0507,500,3
c0507,501,2
c0507,502,1
c0508,500,8
c0508,501,7
c0508,502,2
c0509,500,3
c0509,501,3
c0510,500,5
c0510,501,8
c0511,254,5
c0511,256,7
c0511,257,2
c0512,253,1
c0512,254,17
c0512,255,9
c0512,256,14
c0512,257,15
c0513,254,7
c0513,256,4
c0513,257,3
c0514,254,12
c0514,256,20
c0514,257,10
c0515,254,8
c0515,256,9
c0515,257,4
c0516,253,1
c0516,254,34
c0516,256,14
c0516,257,19
c0517,253,10
c0517,254,48
c0517,256,51
c0517,257,30
c0518,253,2
c0518,254,19
c0518,256,16
c0518,257,24
c0519,847,35
c0519,848,47
c0519,849,46
c0520,847,12
c0520,848,9
c0520,849,16
c0521,847,1
c0521,848,9
c0521,849,1
c0522,847,30
c0522,848,20
c0522,849,45
c0523,847,45
c0523,848,27
c0523,849,52
c0524,693,9
c0524,694,15
c0524,695,20
c0524,696,2
c0525,693,44
c0525,694,61
c0525,695,40
c0525,696,11
c0526,295,16
c0526,296,6
c0526,298,47
c0526,299,4
c0526,300,1
c0527,295,11
c0527,300,2
c0529,295,16
c0529,298,1
c0529,300,1
c0530,295,11
c0530,300,1
c0531,295,47
c0531,297,1
c0531,300,7
c0532,297,11
c0533,295,29
c0533,298,10
c0533,300,2
c0534,246,12
c0534,248,1
c0535,246,12
c0535,248,1
c0536,246,41
c0536,247,5
c0536,248,42
c0537,424,21
c0537,425,15
c0538,424,56
c0538,425,26
c0539,424,15
c0539,425,6
c0540,424,33
c0540,425,27
c0541,424,5
c0541,425,9
c0542,424,35
c0542,425,24
c0543,424,87
c0543,425,60
c0544,424,24
c0544,425,12
c0545,424,29
c0545,425,14
c0546,424,36
c0546,425,21
c0547,424,55
c0547,425,23
c0548,424,29
c0548,425,4
c0549,424,1
c0549,425,2
c0550,642,9
c0550,643,11
c0550,645,2
c0550,647,4
c0550,648,8
c0550,649,18
c0551,222,6
c0551,224,3
c0552,222,28
c0552,224,25
c0552,225,6
c0553,222,39
c0553,224,24
c0553,225,8
c0554,222,9
c0554,224,5
c0554,225,7
c0555,18,1
c0556,17,4
c0556,18,13
c0557,576,34
c0557,577,7
c0557,578,10
c0557,579,7
c0557,580,5
c0557,581,9
c0557,582,14
c0557,584,14
c0557,586,1
c0558,585,13
c0559,576,50
c0559,577,57
c0559,578,46
c0559,579,16
c0559,580,11
c0559,581,38
c0559,582,10
c0559,583,3
c0559,584,44
c0559,585,2
c0559,586,1
c0560,576,1
c0560,577,1
c0560,584,2
c0561,576,1
c0561,577,1
c0561,579,2
c0561,580,2
c0561,581,4
c0561,584,4
c0562,576,5
c0562,577,4
c0562,578,9
c0562,579,3
c0562,581,3
c0562,582,2
c0562,584,4
c0563,576,23
c0563,577,14
c0563,578,29
c0563,579,26
c0563,580,5
c0563,581,15
c0563,582,13
c0563,583,42
c0563,584,58
c0564,576,12
c0564,577,9
c0564,578,2
c0564,579,1
c0564,580,9
c0564,581,5
c0564,582,3
c0564,584,1
c0565,576,1
c0565,578,1
c0565,579,2
c0565,581,1
c0566,576,33
c0566,577,28
c0566,578,26
c0566,579,24
c0566,580,24
c0566,581,42
c0566,582,17
c0566,583,4
c0566,584,31
c0567,576,3
c0567,577,1
c0567,581,5
c0567,584,3
c0568,757,9
c0568,758,5
c0568,759,1
c0568,762,5
c0569,756,6
c0569,757,1
c0569,758,24
c0569,759,35
c0569,760,9
c0569,761,2
c0569,762,16
c0569,764,2
c0569,765,115
c0569,766,1
c0570,757,3
c0570,758,1
c0570,759,17
c0570,760,1
c0571,33,3
c0571,34,49
c0571,35,19
c0571,36,29
c0572,32,1
c0572,33,1
c0572,34,51
c0572,36,30
c0573,33,4
c0573,34,81
c0573,36,53
c0574,34,7
c0574,36,6
c0575,33,1
c0575,34,4
c0575,36,6
c0576,606,21
c0576,607,1
c0576,608,1
c0576,611,4
c0577,606,17
c0577,607,1
c0577,611,3
c0578,608,1
c0578,609,9
c0580,767,3
c0580,772,2
c0581,767,2
c0581,771,1
c0581,772,6
c0581,775,1
c0582,767,5
c0582,768,3
c0582,769,6
c0582,770,2
c0582,771,8
c0582,772,6
c0582,773,13
c0583,767,24
c0583,768,11
c0583,769,14
c0583,771,13
c0583,772,26
c0583,773,15
c0583,775,9
c0584,767,1
c0584,769,1
c0584,770,13
c0584,771,1
c0584,772,5
c0584,775,2
c0585,767,3
c0585,768,1
c0585,769,3
c0585,770,1
c0585,771,5
c0585,772,4
c0585,773,1
c0585,775,4
c0586,273,7
c0586,274,15
c0586,275,6
c0586,276,13
c0587,273,18
c0587,274,12
c0587,275,5
c0587,276,5
c0588,273,78
c0588,274,92
c0588,275,36
c0588,276,47
c0589,273,4
c0589,274,5
c0589,275,5
c0589,276,1
c0590,273,2
c0590,274,7
c0590,275,2
c0590,276,5
c0591,273,25
c0591,274,27
c0591,275,8
c0591,276,10
c0592,273,4
c0592,274,3
c0592,275,5
c0592,276,7
c0593,407,1
c0593,410,1
c0593,411,1
c0593,412,1
c0594,407,3
c0595,406,6
c0595,407,18
c0595,410,1
c0595,411,2
c0595,412,17
c0596,406,1
c0596,408,1
c0596,410,5
c0597,406,78
c0597,407,67
c0597,408,10
c0597,409,17
c0597,410,11
c0597,411,16
c0597,412,27
c0598,406,2
c0598,407,1
c0598,411,2
c0599,406,27
c0599,407,39
c0599,408,3
c0599,409,1
c0599,410,10
c0599,411,5
c0599,412,15
c0600,406,7
c0600,407,8
c0600,411,1
c0600,412,3
c0601,218,12
c0602,218,8
c0603,218,5
c0604,392,3
c0604,393,9
c0604,394,8
c0604,395,12
c0604,399,5
c0605,27,2
c0605,28,3
c0605,30,1
c0605,31,2
c0606,527,2
c0606,528,2
c0606,529,5
c0606,530,1
c0606,531,1
c0606,536,5
c0606,537,10
c0606,539,2
c0606,540,8
c0606,541,1
c0606,544,1
c0606,545,5
c0606,546,1
c0606,548,2
c0606,549,2
c0606,553,1
c0606,554,4
c0606,556,1
c0607,530,2
c0607,539,1
c0607,546,1
c0608,559,49
c0608,560,33
c0608,562,2
c0608,563,32
c0609,423,14
c0610,495,55
c0610,496,42
c0610,497,51
c0610,499,2
c0610,500,18
c0611,495,49
c0611,496,19
c0611,497,35
c0611,498,2
c0611,499,11
c0611,500,8
c0612,495,40
c0612,496,38
c0612,497,25
c0612,499,2
c0612,500,17
c0613,495,10
c0613,496,8
c0613,497,20
c0613,500,7
c0614,495,32
c0614,496,23
c0614,497,32
c0614,498,20
c0614,499,11
c0614,500,9
c0615,495,17
c0615,496,7
c0615,497,15
c0615,498,1
c0615,499,1
c0615,500,6
c0616,495,69
c0616,496,49
c0616,497,40
c0616,498,8
c0616,499,4
c0616,500,12
c0617,495,39
c0617,496,28
c0617,497,31
c0617,498,3
c0617,499,8
c0617,500,14
c0618,495,19
c0618,496,18
c0618,497,16
c0618,498,1
c0618,499,13
c0618,500,6
c0619,495,9
c0619,496,6
c0619,497,5
c0619,498,41
c0619,500,2
c0620,33,1
c0620,34,19
c0620,36,13
c0621,34,44
c0621,35,1
c0621,36,18
c0622,34,7
c0622,36,10
c0623,32,5
c0623,33,14
c0623,34,59
c0623,35,3
c0623,36,40
c0624,32,1
c0624,33,8
c0624,34,37
c0624,36,19
c0625,34,11
c0625,35,6
c0625,36,6
c0626,441,11
c0626,442,1
c0627,441,28
c0627,442,16
c0627,443,2
c0628,441,125
c0628,442,93
c0628,443,20
c0628,444,12
c0629,441,26
c0629,442,15
c0629,443,2
c0630,441,28
c0630,442,25
c0630,443,2
c0631,441,7
c0631,442,3
c0631,443,1
c0632,445,23
c0632,446,18
c0632,447,7
c0632,448,12
c0632,449,2
c0632,452,1
c0633,445,71
c0633,446,45
c0633,447,16
c0633,448,78
c0633,449,2
c0633,450,10
c0633,451,1
c0633,452,5
c0634,445,10
c0634,446,8
c0634,447,4
c0634,448,16
c0634,450,37
c0635,445,4
c0635,446,18
c0635,448,7
c0635,450,2
c0635,452,1
c0636,445,18
c0636,446,16
c0636,447,9
c0636,448,17
c0636,449,5
c0636,450,1
c0637,54,3
c0637,55,2
c0637,56,6
c0637,57,26
c0637,59,1
c0637,63,1
c0637,64,1
c0638,445,15
c0638,446,15
c0638,447,4
c0638,448,15
c0638,449,1
c0638,450,1
c0638,451,1
c0638,452,2
c0639,445,21
c0639,446,64
c0639,447,8
c0639,448,28
c0639,449,1
c0639,450,7
c0639,452,4
c0640,635,2
c0640,644,4
c0640,645,1
c0640,647,1
c0640,650,1
c0640,651,2
c0640,658,8
c0641,245,15
c0642,878,13
c0642,879,6
c0642,880,1
c0642,882,15
c0642,883,14
c0642,885,1
c0642,886,10
c0642,887,6
c0642,888,1
c0643,260,4
c0643,261,5
c0644,260,37
c0644,261,6
c0645,261,5
c0646,260,10
c0646,261,18
c0647,261,4
c0648,703,1
c0648,704,1
c0648,706,1
c0648,707,5
c0648,709,12
c0648,711,3
c0649,703,4
c0649,706,1
c0649,709,1
c0650,335,1
c0650,336,2
c0650,338,1
c0650,341,3
c0650,342,1
c0650,346,1
c0650,356,1
c0650,357,1
c0650,367,1
c0651,331,2
c0651,333,2
c0651,339,1
c0651,343,3
c0651,346,2
c0651,357,2
c0651,360,1
c0651,362,1
c0651,380,1
c0651,385,1
c0652,331,2
c0652,332,2
c0652,333,2
c0652,334,3
c0652,335,2
c0652,337,1
c0652,339,1
c0652,340,1
c0652,341,7
c0652,343,1
c0652,344,1
c0652,349,1
c0652,350,1
c0652,351,2
c0652,353,1
c0652,355,1
c0652,359,2
c0652,361,3
c0652,364,2
c0652,366,1
c0652,368,2
c0652,369,1
c0652,371,1
c0652,374,1
c0653,331,1
c0653,332,1
c0653,333,1
c0653,335,1
c0653,341,2
c0653,344,2
c0653,349,1
c0653,356,1
c0653,365,4
c0653,370,2
c0653,371,1
c0653,372,3
c0653,374,2
c0653,380,8
c0653,386,1
c0654,330,12
c0654,331,23
c0654,332,7
c0654,333,24
c0654,334,20
c0654,335,24
c0654,336,11
c0654,337,14
c0654,338,8
c0654,339,29
c0654,340,1
c0654,341,24
c0654,342,13
c0654,343,10
c0654,344,26
c0654,345,16
c0654,346,4
c0654,347,8
c0654,348,17
c0654,349,27
c0654,350,12
c0654,351,15
c0654,352,14
c0654,353,1
c0654,354,6
c0654,355,23
c0654,356,15
c0654,357,18
c0654,358,13
c0654,359,22
c0654,360,1
c0654,361,15
c0654,362,8
c0654,364,15
c0654,365,19
c0654,366,13
c0654,367,4
c0654,368,7
c0654,369,5
c0654,370,9
c0654,371,7
c0654,372,36
c0654,373,2
c0654,374,8
c0654,375,2
c0654,376,1
c0654,377,2
c0654,380,25
c0654,384,1
c0654,385,8
c0654,386,9
c0654,387,6
c0654,388,2
c0654,389,1
c0655,330,1
c0655,331,2
c0655,335,1
c0655,336,1
c0655,339,1
c0655,342,1
c0655,354,1
c0656,330,1
c0656,337,1
c0656,338,1
c0656,341,1
c0656,344,2
c0656,345,3
c0656,347,1
c0656,349,2
c0656,351,3
c0656,352,1
c0656,353,3
c0656,355,1
c0656,361,2
c0656,362,1
c0656,365,2
c0656,366,3
c0656,369,5
c0656,370,1
c0656,371,1
c0656,372,2
c0656,374,1
c0656,377,4
c0656,380,1
c0656,385,3
c0657,330,1
c0657,331,2
c0657,332,1
c0657,334,3
c0657,335,3
c0657,336,1
c0657,337,2
c0657,338,1
c0657,339,4
c0657,341,2
c0657,344,4
c0657,346,1
c0657,348,1
c0657,349,2
c0657,350,4
c0657,359,2
c0657,364,2
c0657,365,4
c0657,367,1
c0657,371,1
c0657,372,2
c0657,374,8
c0658,330,1
c0658,333,1
c0658,334,2
c0658,336,3
c0658,339,1
c0658,340,1
c0658,341,1
c0658,344,2
c0658,348,3
c0658,349,3
c0658,355,1
c0658,359,3
c0658,360,2
c0658,361,5
c0658,364,3
c0658,366,2
c0658,368,5
c0658,369,2
c0658,370,1
c0658,371,2
c0658,372,1
c0658,374,2
c0658,375,1
c0658,379,1
c0658,380,2
c0658,385,1
c0658,387,1
c0659,331,1
c0659,339,1
c0659,345,1
c0659,346,1
c0659,349,2
c0659,350,1
c0659,355,1
c0659,357,1
c0659,361,1
c0659,364,1
c0659,372,2
c0660,345,1
c0660,354,1
c0661,476,21
c0661,477,18
c0661,478,16
c0661,479,17
c0661,480,13
c0661,481,11
c0661,482,25
c0661,483,15
c0661,484,26
c0661,485,23
c0661,486,18
c0661,487,18
c0661,488,10
c0661,489,12
c0661,490,15
c0661,491,28
c0661,492,8
c0662,476,16
c0662,477,19
c0662,478,29
c0662,479,10
c0662,480,29
c0662,481,23
c0662,482,38
c0662,483,19
c0662,484,28
c0662,485,40
c0662,486,24
c0662,487,23
c0662,488,18
c0662,489,13
c0662,490,18
c0662,491,56
c0662,492,28
c0663,280,7
c0663,281,2
c0664,280,104
c0664,281,62
c0665,280,1
c0665,281,2
c0666,280,5
c0666,281,3
c0667,280,3
c0667,281,4
c0668,439,60
c0668,440,19
c0669,878,2
c0669,879,5
c0669,880,1
c0669,881,4
c0669,882,5
c0669,883,8
c0669,886,1
c0669,887,3
c0670,837,1
c0670,839,6
c0670,840,8
c0671,840,1
c0671,842,2
c0672,837,5
c0672,839,3
c0672,840,8
c0672,842,3
c0673,837,1
c0673,838,1
c0673,839,6
c0673,840,12
c0673,842,4
c0673,844,1
c0674,837,2
c0674,838,2
c0674,839,9
c0674,840,5
c0674,841,1
c0674,842,7
c0674,844,4
c0675,836,1
c0675,837,10
c0675,838,5
c0675,839,13
c0675,840,5
c0675,842,1
c0676,837,3
c0676,840,1
c0676,841,3
c0676,842,1
c0676,843,2
c0677,836,1
c0677,842,8
c0678,91,44
c0678,92,2
c0678,93,22
c0678,94,38
c0678,95,2
c0679,738,9
c0679,742,2
c0679,743,1
c0679,744,1
c0679,745,1
c0679,749,2
c0679,751,1
c0679,756,1
c0679,757,1
c0680,505,16
c0680,506,25
c0680,507,39
c0680,508,38
c0680,509,8
c0680,510,50
c0680,511,2
c0680,512,1
c0680,513,19
c0680,514,12
c0681,151,3
c0681,152,3
c0681,153,1
c0681,157,2
c0681,158,1
c0681,160,5
c0681,161,3
c0681,162,1
c0681,164,3
c0681,165,1
c0681,166,2
c0681,167,3
c0681,169,2
c0681,171,1
c0681,172,1
c0681,173,1
c0681,174,1
c0681,175,1
c0681,179,3
c0681,183,1
c0681,189,1
c0681,190,2
c0681,192,2
c0681,194,3
c0681,195,1
c0681,196,2
c0681,197,1
c0681,199,2
c0681,204,1
c0681,206,3
c0681,208,1
c0681,213,3
c0681,215,1
c0681,216,1
c0681,217,1
c0681,218,3
c0681,220,1
c0682,151,1
c0682,152,1
c0682,155,1
c0682,160,1
c0682,161,1
c0682,162,6
c0682,164,2
c0682,165,2
c0682,167,4
c0682,168,1
c0682,169,1
c0682,170,9
c0682,173,2
c0682,175,1
c0682,176,3
c0682,177,1
c0682,178,1
c0682,179,7
c0682,180,19
c0682,184,1
c0682,186,1
c0682,190,3
c0682,191,1
c0682,194,1
c0682,199,1
c0682,201,11
c0682,203,1
c0682,206,4
c0682,207,4
c0682,210,2
c0682,212,2
c0682,216,1
c0682,217,2
c0682,218,2
c0682,225,2
c0683,151,9
c0683,152,5
c0683,153,5
c0683,154,1
c0683,156,2
c0683,157,5
c0683,158,5
c0683,159,15
c0683,160,2
c0683,161,2
c0683,162,7
c0683,163,6
c0683,164,10
c0683,165,1
c0683,166,4
c0683,167,18
c0683,168,12
c0683,169,6
c0683,170,4
c0683,171,6
c0683,172,3
c0683,173,11
c0683,174,5
c0683,175,4
c0683,176,4
c0683,177,6
c0683,178,3
c0683,179,7
c0683,180,4
c0683,181,9
c0683,182,3
c0683,183,11
c0683,184,5
c0683,185,1
c0683,186,15
c0683,187,7
c0683,188,1
c0683,189,8
c0683,190,9
c0683,191,5
c0683,192,4
c0683,193,1
c0683,194,5
c0683,195,5
c0683,196,3
c0683,197,4
c0683,198,1
c0683,199,11
c0683,200,9
c0683,201,4
c0683,202,4
c0683,203,7
c0683,204,2
c0683,205,8
c0683,206,4
c0683,207,10
c0683,209,6
c0683,210,2
c0683,211,8
c0683,212,5
c0683,213,4
c0683,214,2
c0683,215,1
c0683,217,7
c0683,218,18
c0683,219,5
c0683,220,6
c0683,221,3
c0683,222,2
c0683,232,1
c0684,151,2
c0684,152,5
c0684,153,5
c0684,154,1
c0684,156,1
c0684,157,3
c0684,159,3
c0684,160,1
c0684,162,2
c0684,163,1
c0684,164,3
c0684,167,2
c0684,168,4
c0684,169,2
c0684,171,3
c0684,172,1
c0684,173,3
c0684,175,2
c0684,176,1
c0684,179,1
c0684,180,1
c0684,181,3
c0684,182,2
c0684,183,4
c0684,184,2
c0684,186,4
c0684,187,2
c0684,189,1
c0684,190,4
c0684,191,2
c0684,197,1
c0684,198,2
c0684,199,2
c0684,202,1
c0684,203,7
c0684,207,1
c0684,210,1
c0684,213,1
c0684,217,2
c0684,218,1
c0684,220,1
c0685,151,41
c0685,152,21
c0685,153,10
c0685,154,11
c0685,155,1
c0685,156,7
c0685,157,5
c0685,158,7
c0685,159,51
c0685,160,10
c0685,161,2
c0685,162,21
c0685,163,14
c0685,164,45
c0685,165,3
c0685,166,1
c0685,167,60
c0685,168,85
c0685,169,26
c0685,170,2
c0685,171,42
c0685,172,36
c0685,173,34
c0685,174,16
c0685,175,10
c0685,176,7
c0685,177,19
c0685,178,8
c0685,179,37
c0685,180,17
c0685,181,22
c0685,182,27
c0685,183,45
c0685,184,6
c0685,185,7
c0685,186,73
c0685,187,6
c0685,188,3
c0685,189,43
c0685,190,40
c0685,191,19
c0685,192,30
c0685,194,11
c0685,195,23
c0685,196,31
c0685,197,5
c0685,198,2
c0685,199,71
c0685,200,31
c0685,201,18
c0685,202,3
c0685,203,12
c0685,204,9
c0685,205,52
c0685,206,15
c0685,207,37
c0685,208,3
c0685,209,29
c0685,210,4
c0685,211,27
c0685,212,10
c0685,213,5
c0685,214,3
c0685,215,3
c0685,217,44
c0685,218,83
c0685,219,15
c0685,220,13
c0685,222,1
c0685,223,1
c0685,225,1
c0685,226,1
c0685,227,1
c0685,231,2
c0685,232,1
c0686,151,34
c0686,152,19
c0686,153,8
c0686,154,14
c0686,155,1
c0686,156,19
c0686,157,5
c0686,158,13
c0686,159,26
c0686,160,16
c0686,161,11
c0686,162,27
c0686,163,10
c0686,164,30
c0686,165,11
c0686,166,11
c0686,167,44
c0686,168,42
c0686,169,22
c0686,170,5
c0686,171,12
c0686,172,19
c0686,173,21
c0686,174,6
c0686,175,18
c0686,176,14
c0686,177,17
c0686,178,13
c0686,179,26
c0686,180,5
c0686,181,18
c0686,182,19
c0686,183,54
c0686,184,10
c0686,185,10
c0686,186,40
c0686,187,7
c0686,188,8
c0686,189,36
c0686,190,21
c0686,191,10
c0686,192,19
c0686,194,13
c0686,195,9
c0686,196,21
c0686,197,7
c0686,198,10
c0686,199,44
c0686,200,15
c0686,201,10
c0686,202,10
c0686,203,14
c0686,204,16
c0686,205,28
c0686,206,12
c0686,207,17
c0686,208,1
c0686,209,20
c0686,210,11
c0686,211,22
c0686,212,16
c0686,213,20
c0686,214,10
c0686,215,2
c0686,216,8
c0686,217,31
c0686,218,66
c0686,219,11
c0686,220,11
c0686,221,4
c0686,223,1
c0686,224,1
c0686,225,1
c0686,228,1
c0686,229,1
c0686,230,1
c0686,232,1
c0687,135,51
c0687,136,42
c0687,137,19
c0688,135,21
c0688,136,78
c0688,137,13
c0689,135,5
c0689,137,5
c0690,136,9
c0691,135,77
c0691,136,21
c0691,137,36
c0692,135,77
c0692,136,16
c0692,137,27
c0693,135,14
c0693,136,106
c0693,137,10
c0694,135,11
c0694,136,25
c0694,137,3
c0695,135,46
c0695,136,18
c0695,137,31
c0696,135,5
c0696,136,9
c0696,137,8
c0697,544,27
c0697,545,23
c0697,546,39
c0697,547,74
c0697,548,19
c0697,549,17
c0697,551,20
c0697,552,23
c0697,553,5
c0697,554,24
c0697,555,9
c0697,556,10
c0697,557,6
c0697,558,24
c0697,559,9
c0697,560,16
c0697,561,10
c0697,562,4
c0697,563,14
c0697,564,27
c0697,565,11
c0697,566,33
c0697,567,18
c0697,568,1
c0697,569,13
c0697,570,16
c0697,571,21
c0697,572,47
c0697,574,5
c0697,575,3
c0697,576,9
c0697,577,28
c0697,578,8
c0698,439,138
c0698,440,31
c0699,544,4
c0699,546,1
c0699,547,2
c0699,548,1
c0699,552,2
c0699,554,5
c0699,556,2
c0699,558,8
c0699,559,1
c0699,560,1
c0699,561,2
c0699,562,3
c0699,563,4
c0699,564,1
c0699,565,8
c0699,566,4
c0699,567,1
c0699,570,3
c0699,571,2
c0699,572,1
c0699,576,1
c0699,577,2
c0700,493,8
c0700,494,14
c0701,493,21
c0701,494,11
c0702,493,12
c0702,494,15
c0703,493,33
c0703,494,27
c0704,493,78
c0704,494,63
c0705,493,17
c0705,494,9
c0706,493,26
c0706,494,18
c0707,493,27
c0707,494,22
c0708,330,1
c0708,331,1
c0708,333,1
c0708,335,1
c0708,338,2
c0708,341,1
c0708,342,3
c0708,343,2
c0708,344,1
c0708,345,4
c0708,346,1
c0708,348,4
c0708,350,1
c0708,355,6
c0708,362,1
c0708,364,1
c0708,365,2
c0708,367,1
c0708,369,1
c0708,372,2
c0708,373,1
c0708,374,2
c0709,276,2
c0709,277,6
c0709,278,32
c0709,279,2
c0710,276,8
c0710,277,23
c0710,278,22
c0710,279,7
c0711,515,16
c0711,516,10
c0711,517,1
c0712,894,5
c0712,895,6
c0712,896,6
c0713,894,2
c0713,895,8
c0714,32,1
c0714,33,3
c0714,34,148
c0714,35,2
c0714,36,103
c0715,107,4
c0716,544,24
c0716,545,14
c0716,546,21
c0716,547,31
c0716,548,30
c0716,549,13
c0716,550,1
c0716,551,8
c0716,552,5
c0716,553,5
c0716,554,25
c0716,555,1
c0716,556,10
c0716,557,28
c0716,558,11
c0716,559,21
c0716,560,7
c0716,561,2
c0716,562,7
c0716,563,19
c0716,564,9
c0716,565,11
c0716,566,7
c0716,567,10
c0716,568,2
c0716,569,6
c0716,570,7
c0716,571,5
c0716,572,12
c0716,573,2
c0716,574,8
c0716,575,3
c0716,576,2
c0716,577,10
c0716,578,6
c0717,545,1
c0717,548,1
c0717,554,2
c0717,558,3
c0717,567,1
c0717,571,1
c0718,545,1
c0718,553,1
c0718,555,1
c0718,558,3
c0718,563,2
c0718,564,1
c0718,567,2
c0718,569,1
c0718,573,1
c0718,574,1
c0718,576,2
c0718,578,1
c0719,545,1
c0719,547,1
c0719,551,1
c0719,553,2
c0719,554,4
c0719,556,1
c0719,557,1
c0719,558,6
c0719,559,2
c0719,560,1
c0719,561,1
c0719,565,1
c0719,570,6
c0719,571,1
c0719,572,2
c0719,574,1
c0720,545,1
c0720,546,1
c0720,553,1
c0720,554,4
c0720,555,1
c0720,557,1
c0720,558,1
c0720,563,2
c0720,565,1
c0720,566,1
c0720,567,1
c0720,572,1
c0721,544,1
c0721,547,2
c0721,548,3
c0721,549,2
c0721,554,1
c0721,558,1
c0721,564,1
c0721,572,1
c0721,574,1
c0722,505,2
c0722,506,1
c0722,508,4
c0722,514,1
c0723,71,48
c0723,72,22
c0724,71,40
c0724,72,28
c0725,71,2
c0725,72,1
c0726,71,24
c0726,72,15
c0727,71,60
c0727,72,48
c0728,71,9
c0728,72,6
c0729,71,44
c0729,72,38
c0730,39,3
c0730,40,11
c0731,39,6
c0731,40,4
c0732,39,8
c0732,40,15
c0733,39,20
c0733,40,19
c0734,39,37
c0734,40,46
c0735,579,83
c0735,580,28
c0735,582,5
c0735,583,30
c0735,584,5
c0736,579,39
c0736,580,21
c0736,582,6
c0736,583,23
c0736,584,1
c0737,579,117
c0737,580,55
c0737,581,2
c0737,582,7
c0737,583,67
c0737,584,12
c0738,579,19
c0738,580,6
c0738,582,1
c0738,583,13
c0739,579,11
c0739,580,3
c0739,581,3
c0739,582,17
c0739,583,1
c0739,584,3
c0740,579,8
c0740,580,5
c0740,582,1
c0740,583,6
c0741,579,2
c0741,580,5
c0741,581,43
c0741,582,27
c0741,583,4
c0741,584,26
c0742,579,12
c0742,580,11
c0742,583,1
c0742,584,1
c0743,581,8
c0744,476,4
c0744,477,9
c0744,478,7
c0744,479,10
c0744,480,12
c0744,481,12
c0744,482,64
c0744,483,8
c0744,484,19
c0744,485,12
c0744,486,12
c0744,487,15
c0744,488,8
c0744,489,7
c0744,490,17
c0744,491,11
c0744,492,59
c0745,476,4
c0745,477,8
c0745,478,1
c0745,483,2
c0745,484,1
c0745,485,2
c0745,488,1
c0745,490,1
c0745,491,3
c0746,476,2
c0746,477,2
c0746,480,4
c0746,481,3
c0746,483,1
c0746,486,1
c0746,490,3
c0747,477,4
c0747,478,1
c0747,479,1
c0747,480,1
c0747,481,5
c0747,482,1
c0747,483,3
c0747,484,4
c0747,485,5
c0747,486,6
c0747,487,1
c0747,488,7
c0747,489,4
c0747,490,1
c0748,476,3
c0748,477,23
c0748,478,9
c0748,479,12
c0748,480,11
c0748,481,11
c0748,482,5
c0748,483,16
c0748,484,9
c0748,485,12
c0748,486,12
c0748,487,9
c0748,488,3
c0748,489,9
c0748,490,7
c0748,491,10
c0748,492,3
c0749,476,14
c0749,477,9
c0749,478,4
c0749,479,7
c0749,480,8
c0749,481,6
c0749,482,1
c0749,483,11
c0749,484,8
c0749,485,7
c0749,486,11
c0749,487,10
c0749,488,3
c0749,489,5
c0749,490,9
c0749,491,13
c0749,492,1
c0750,476,10
c0750,485,2
c0750,488,1
c0750,492,1
c0751,476,11
c0751,477,16
c0751,478,6
c0751,479,3
c0751,480,5
c0751,481,5
c0751,482,5
c0751,483,6
c0751,484,11
c0751,485,21
c0751,486,6
c0751,487,8
c0751,488,3
c0751,489,5
c0751,490,3
c0751,491,23
c0751,492,3
c0752,476,1
c0752,477,3
c0752,478,2
c0752,480,1
c0752,483,2
c0752,484,1
c0752,485,2
c0752,487,2
c0752,488,1
c0752,489,1
c0752,490,3
c0752,491,1
c0753,579,36
c0753,580,18
c0753,582,3
c0753,583,12
c0753,584,4
c0754,889,7
c0754,890,4
c0754,891,12
c0755,889,3
c0755,890,2
c0755,891,7
c0756,889,15
c0756,890,4
c0756,891,15
c0757,7,14
c0757,8,82
c0757,9,1
c0757,11,13
c0757,12,18
c0758,786,15
c0758,787,6
c0758,788,11
c0758,790,9
c0758,791,21
c0758,792,2
c0758,793,9
c0758,794,6
c0759,786,3
c0759,787,1
c0759,788,1
c0759,790,3
c0759,791,2
c0759,794,1
c0760,868,22
c0760,869,9
c0760,870,21
c0761,635,5
c0761,636,1
c0761,638,11
c0761,639,4
c0761,640,2
c0761,642,6
c0761,647,2
c0761,648,1
c0761,650,3
c0761,651,8
c0761,652,2
c0761,653,2
c0761,654,1
c0761,655,2
c0761,656,1
c0761,657,3
c0761,658,2
c0761,660,2
c0761,661,3
c0761,662,1
c0762,637,2
c0762,638,1
c0762,642,4
c0762,644,1
c0762,646,1
c0762,647,5
c0762,650,1
c0762,651,2
c0762,652,5
c0762,653,3
c0762,657,3
c0762,658,3
c0762,659,1
c0762,660,1
c0763,635,1
c0763,636,1
c0763,637,1
c0763,638,3
c0763,639,2
c0763,641,1
c0763,642,1
c0763,643,1
c0763,644,3
c0763,647,1
c0763,650,2
c0763,651,1
c0763,653,1
c0763,655,13
c0763,657,1
c0763,659,1
c0763,661,1
c0764,635,1
c0764,636,2
c0764,638,1
c0764,639,3
c0764,640,2
c0764,641,5
c0764,642,1
c0764,643,4
c0764,645,3
c0764,646,1
c0764,647,1
c0764,650,1
c0764,651,1
c0764,655,2
c0764,657,1
c0765,635,2
c0765,636,8
c0765,637,6
c0765,638,8
c0765,639,14
c0765,640,4
c0765,641,5
c0765,642,4
c0765,643,3
c0765,645,1
c0765,646,9
c0765,647,8
c0765,648,1
c0765,650,5
c0765,651,20
c0765,652,3
c0765,653,5
c0765,654,1
c0765,655,12
c0765,656,2
c0765,657,1
c0765,658,7
c0765,659,4
c0765,660,5
c0765,661,9
c0765,662,3
c0766,635,2
c0766,636,2
c0766,637,3
c0766,638,3
c0766,640,9
c0766,642,2
c0766,643,3
c0766,645,3
c0766,646,6
c0766,648,2
c0766,651,6
c0766,655,2
c0766,656,1
c0766,657,3
c0766,658,1
c0766,660,1
c0766,661,1
c0766,662,1
c0767,636,1
c0767,638,3
c0767,639,2
c0767,640,4
c0767,642,1
c0767,645,1
c0767,646,3
c0767,647,2
c0767,650,1
c0767,653,2
c0767,655,27
c0767,657,1
c0767,658,8
c0767,662,1
c0768,635,3
c0768,636,2
c0768,637,4
c0768,638,1
c0768,639,3
c0768,641,2
c0768,643,2
c0768,644,1
c0768,646,3
c0768,647,2
c0768,648,2
c0768,650,1
c0768,651,7
c0768,654,2
c0768,655,1
c0768,656,25
c0768,657,2
c0768,658,8
c0768,659,1
c0768,660,8
c0768,662,4
c0769,636,1
c0769,637,2
c0769,638,3
c0769,639,1
c0769,642,1
c0769,643,1
c0769,644,2
c0769,647,2
c0769,650,2
c0769,651,1
c0769,653,2
c0769,655,2
c0769,657,6
c0770,635,2
c0770,636,5
c0770,637,4
c0770,638,8
c0770,639,10
c0770,640,4
c0770,642,3
c0770,643,1
c0770,644,2
c0770,645,1
c0770,646,7
c0770,649,1
c0770,650,3
c0770,651,7
c0770,652,3
c0770,653,3
c0770,655,1
c0770,656,1
c0770,657,4
c0770,658,4
c0770,659,1
c0770,660,3
c0770,662,1
c0771,638,3
c0771,639,3
c0771,640,4
c0771,642,1
c0771,643,1
c0771,644,1
c0771,647,11
c0771,650,8
c0771,651,1
c0771,652,1
c0771,653,5
c0771,655,78
c0771,656,1
c0771,657,3
c0771,658,6
c0771,659,1
c0771,661,15
c0772,636,2
c0772,637,1
c0772,639,1
c0772,641,1
c0772,642,3
c0772,646,1
c0772,653,1
c0772,657,3
c0772,658,2
c0772,662,1
c0773,635,1
c0773,636,19
c0773,637,12
c0773,638,24
c0773,639,4
c0773,640,13
c0773,641,4
c0773,642,10
c0773,643,8
c0773,644,6
c0773,645,5
c0773,646,16
c0773,647,24
c0773,648,9
c0773,650,17
c0773,651,20
c0773,652,12
c0773,653,20
c0773,655,31
c0773,656,17
c0773,657,12
c0773,658,53
c0773,659,5
c0773,660,7
c0773,661,21
c0773,662,4
c0774,0,84
c0774,1,7
c0774,2,89
c0775,0,60
c0775,1,5
c0775,2,66
c0776,0,72
c0776,1,3
c0776,2,96
c0777,0,109
c0777,1,11
c0777,2,99
c0778,0,85
c0778,1,1
c0778,2,94
c0779,149,46
c0779,150,38
c0780,149,46
c0780,150,36
c0781,149,17
c0781,150,15
c0782,149,25
c0782,150,62
c0783,149,67
c0783,150,82
c0784,149,16
c0784,150,11
c0785,441,57
c0785,442,41
c0785,443,3
c0785,444,1
c0787,441,34
c0787,442,18
c0787,443,3
c0787,444,1
c0789,121,10
c0789,122,8
c0789,123,39
c0789,124,1
c0790,151,1
c0790,152,2
c0790,153,2
c0790,154,1
c0790,156,11
c0790,157,1
c0790,160,3
c0790,161,1
c0790,164,2
c0790,167,1
c0790,168,2
c0790,169,3
c0790,172,2
c0790,173,3
c0790,174,1
c0790,175,1
c0790,176,1
c0790,177,2
c0790,178,1
c0790,179,1
c0790,181,2
c0790,182,2
c0790,183,2
c0790,184,2
c0790,187,1
c0790,188,3
c0790,189,1
c0790,192,3
c0790,194,3
c0790,196,2
c0790,197,2
c0790,199,3
c0790,202,1
c0790,203,1
c0790,205,1
c0790,207,2
c0790,210,3
c0790,211,2
c0790,212,8
c0790,215,5
c0790,216,1
c0790,218,1
c0790,220,2
c0790,222,1
c0790,223,1
c0791,529,19
c0791,530,13
c0791,531,31
c0791,532,20
c0791,533,30
c0791,534,29
c0791,535,12
c0791,536,32
c0791,537,2
c0791,540,8
c0791,542,16
c0792,529,56
c0792,530,38
c0792,531,36
c0792,532,29
c0792,533,16
c0792,534,45
c0792,535,20
c0792,536,41
c0792,537,10
c0792,538,1
c0792,540,26
c0792,542,24
c0793,531,3
c0793,532,1
c0793,533,2
c0793,534,4
c0793,535,1
c0793,537,1
c0793,540,12
c0793,542,1
c0794,529,10
c0794,530,8
c0794,531,22
c0794,532,24
c0794,533,22
c0794,534,18
c0794,535,21
c0794,536,22
c0794,537,9
c0794,540,8
c0794,542,21
c0795,69,27
c0795,70,42
c0796,69,6
c0796,70,1
c0797,69,5
c0797,70,6
c0798,156,1
c0798,157,3
c0798,161,2
c0798,164,1
c0798,165,1
c0798,175,2
c0798,179,1
c0798,187,2
c0798,191,1
c0798,194,6
c0798,202,1
c0798,203,3
c0798,212,9
c0798,213,1
c0798,214,1
c0798,221,1
c0798,222,1
c0798,224,1
c0798,225,1
c0799,105,2
c0799,107,20
c0799,108,42
c0800,105,75
c0800,106,38
c0800,107,7
c0800,108,4
c0801,105,12
c0801,106,1
c0801,107,3
c0802,105,13
c0802,106,11
c0802,109,18
c0803,114,11
c0803,115,2
c0803,118,25
c0803,120,17
c0804,114,12
c0804,115,3
c0804,118,23
c0804,120,21
c0805,114,8
c0805,118,8
c0805,120,10
c0806,114,9
c0806,115,1
c0806,116,1
c0806,118,8
c0806,119,2
c0806,120,12
c0807,114,22
c0807,115,1
c0807,118,21
c0807,120,43
c0808,92,44
c0808,93,2
c0808,94,4
c0808,95,32
c0809,135,6
c0809,136,9
c0809,137,2
c0810,135,13
c0810,136,123
c0810,137,10
c0811,135,108
c0811,136,6
c0811,137,56
c0812,87,59
c0812,88,1
c0812,90,23
c0813,87,29
c0813,88,7
c0813,90,26
c0814,87,2
c0814,88,12
c0814,90,1
c0815,87,3
c0815,90,9
c0816,87,295
c0816,88,101
c0816,89,13
c0816,90,165
c0817,87,31
c0817,89,2
c0817,90,20
c0818,87,1
c0818,88,1
c0818,89,6
c0819,868,47
c0819,869,52
c0819,870,36
c0822,79,4
c0822,80,7
c0822,81,8
c0823,505,2
c0823,506,2
c0823,507,2
c0823,508,3
c0823,509,1
c0823,511,1
c0823,514,1
c0824,505,17
c0824,506,16
c0824,507,35
c0824,508,53
c0824,509,16
c0824,510,5
c0824,511,4
c0824,513,14
c0824,514,14
c0825,505,19
c0825,506,32
c0825,507,13
c0825,508,31
c0825,509,8
c0825,510,2
c0825,511,7
c0825,513,6
c0825,514,4
c0826,505,2
c0826,506,2
c0826,507,9
c0826,508,8
c0826,511,1
c0826,513,4
c0827,505,24
c0827,506,53
c0827,507,19
c0827,508,78
c0827,509,16
c0827,510,8
c0827,511,6
c0827,512,8
c0827,513,16
c0827,514,9
c0828,505,14
c0828,506,24
c0828,507,11
c0828,508,60
c0828,509,10
c0828,510,1
c0828,511,8
c0828,513,17
c0828,514,5
c0829,505,22
c0829,506,32
c0829,507,30
c0829,508,53
c0829,509,11
c0829,510,11
c0829,511,6
c0829,512,12
c0829,513,24
c0829,514,8
c0830,505,12
c0830,506,11
c0830,507,35
c0830,508,24
c0830,509,5
c0830,510,13
c0830,511,1
c0830,512,2
c0830,513,17
c0830,514,12
c0831,505,14
c0831,506,33
c0831,507,23
c0831,508,38
c0831,509,10
c0831,510,1
c0831,511,7
c0831,513,17
c0831,514,9
c0832,506,1
c0832,507,2
c0832,508,5
c0833,41,1
c0834,41,4
c0834,42,8
c0834,43,2
c0835,41,3
c0835,42,5
c0835,43,2
c0836,41,1
c0836,42,5
c0837,41,7
c0837,42,4
c0838,682,16
c0838,683,14
c0838,684,7
c0838,685,44
c0838,686,8
c0838,687,53
c0838,689,13
c0838,690,3
c0838,691,7
c0838,692,5
c0839,806,31
c0839,807,24
c0839,808,30
c0839,809,34
c0839,810,18
c0839,812,5
c0839,813,44
c0839,814,11
c0839,815,3
c0839,816,58
c0839,817,1
c0839,818,5
c0839,819,6
c0840,806,3
c0840,807,5
c0840,808,2
c0840,809,6
c0840,810,1
c0840,813,2
c0840,816,16
c0840,819,2
c0841,806,5
c0841,809,2
c0841,811,1
c0841,815,106
c0841,816,1
c0841,817,119
c0842,806,1
c0842,807,1
c0842,809,2
c0842,811,4
c0842,813,3
c0842,816,2
c0843,806,4
c0843,807,3
c0843,808,3
c0843,809,4
c0843,812,17
c0843,813,3
c0843,814,5
c0843,815,2
c0843,816,9
c0843,819,3
c0844,304,45
c0844,305,60
c0844,306,7
c0844,307,3
c0844,308,18
c0844,309,27
c0845,304,17
c0845,305,19
c0845,306,2
c0845,308,13
c0845,309,5
c0846,422,83
c0846,423,69
c0846,425,2
c0846,426,59
c0846,427,40
c0847,428,6
c0847,429,7
c0848,428,19
c0848,429,27
c0849,428,4
c0849,429,3
c0850,428,25
c0850,429,13
c0851,428,1
c0851,429,1
c0852,428,15
c0852,429,12
c0853,428,14
c0853,429,9
c0854,428,15
c0854,429,10
c0855,428,10
c0855,429,4
c0856,428,4
c0856,429,4
c0857,663,6
c0857,664,18
c0857,665,3
c0857,666,4
c0857,668,14
c0857,669,7
c0857,670,6
c0858,663,10
c0858,664,6
c0858,666,62
c0858,668,2
c0858,669,9
c0858,670,5
c0859,663,16
c0859,664,21
c0859,668,5
c0859,669,18
c0859,670,12
c0860,663,20
c0860,664,14
c0860,668,2
c0860,669,15
c0860,670,10
c0861,663,5
c0861,664,8
c0861,666,2
c0861,668,1
c0861,669,11
c0861,670,10
c0862,663,8
c0862,664,4
c0862,665,16
c0862,669,6
c0862,670,2
c0863,737,28
c0863,738,57
c0863,739,38
c0863,740,28
c0863,741,23
c0863,742,31
c0863,743,25
c0863,744,24
c0863,745,19
c0863,746,24
c0863,747,2
c0863,749,39
c0863,750,24
c0863,751,20
c0863,752,35
c0863,753,6
c0863,754,21
c0863,755,4
c0863,756,12
c0863,757,30
c0863,760,4
c0863,762,11
c0863,763,14
c0863,764,1
c0864,271,15
c0864,272,73
c0864,273,5
c0864,274,126
c0864,275,55
c0865,853,9
c0865,854,8
c0865,855,5
c0865,856,1
c0865,857,2
c0866,853,6
c0866,854,7
c0866,855,1
c0866,856,4
c0866,857,5
c0866,858,5
c0866,860,1
c0868,853,10
c0868,854,15
c0868,855,3
c0868,856,6
c0868,857,7
c0868,860,9
c0869,853,5
c0869,854,8
c0869,855,4
c0869,857,24
c0869,858,4
c0869,859,2
c0869,860,5
c0870,853,8
c0870,854,7
c0870,855,4
c0870,856,2
c0870,857,8
c0870,858,5
c0871,878,6
c0871,879,2
c0871,882,3
c0871,883,4
c0871,886,3
c0871,887,5
c0872,878,1
c0872,882,1
c0872,883,1
c0872,884,2
c0873,878,9
c0873,879,11
c0873,881,7
c0873,882,5
c0873,883,4
c0873,886,1
c0873,887,1
c0873,888,1
c0874,596,45
c0874,597,58
c0874,598,23
c0874,599,14
c0874,600,12
c0874,601,42
c0874,602,14
c0874,603,3
c0874,604,33
c0874,605,4
c0875,596,1
c0875,598,2
c0875,600,6
c0875,601,8
c0875,602,2
c0876,597,6
c0876,598,6
c0876,599,14
c0876,600,1
c0876,601,5
c0876,602,2
c0876,603,2
c0876,604,6
c0876,606,1
c0877,598,1
c0877,605,16
c0878,596,65
c0878,597,66
c0878,598,41
c0878,599,34
c0878,600,17
c0878,601,58
c0878,602,25
c0878,603,12
c0878,604,65
c0879,292,3
c0879,293,5
c0879,294,1
c0879,295,3
c0879,296,2
c0880,292,6
c0880,293,9
c0880,294,1
c0880,295,2
c0880,296,2
c0881,292,91
c0881,293,95
c0881,294,41
c0881,295,48
c0881,296,19
c0882,240,44
c0882,242,28
c0882,243,7
c0883,416,67
c0883,417,58
c0883,418,106
c0883,419,10
c0883,420,51
c0883,421,13
c0884,416,3
c0884,417,1
c0884,418,6
c0884,419,4
c0884,420,5
c0884,421,1
c0885,416,24
c0885,417,27
c0885,418,35
c0885,419,3
c0885,420,10
c0885,421,5
c0886,265,3
c0887,138,22
c0887,139,12
c0887,141,19
c0888,141,1
c0889,737,3
c0889,738,5
c0889,740,8
c0889,741,6
c0889,742,14
c0889,743,8
c0889,744,1
c0889,745,4
c0889,746,7
c0889,749,8
c0889,750,2
c0889,752,10
c0889,753,5
c0889,754,3
c0889,757,2
c0889,760,2
c0889,763,9
c0889,764,1
c0890,746,5
c0890,749,1
c0890,752,1
c0890,755,2
c0890,757,1
c0890,761,4
c0891,737,1
c0891,748,11
c0891,757,1
c0891,764,38
c0891,765,1
c0891,766,1
c0892,737,4
c0892,738,1
c0892,740,7
c0892,741,11
c0892,742,5
c0892,743,2
c0892,744,2
c0892,746,3
c0892,747,1
c0892,750,2
c0892,751,1
c0892,752,7
c0892,754,5
c0892,757,1
c0892,763,5
c0893,737,5
c0893,738,11
c0893,739,2
c0893,740,2
c0893,741,3
c0893,742,20
c0893,745,12
c0893,746,4
c0893,747,1
c0893,749,2
c0893,750,6
c0893,752,3
c0893,754,6
c0893,755,1
c0893,756,1
c0893,757,13
c0893,761,4
c0893,762,7
c0893,763,1
c0895,861,29
c0895,862,10
c0895,863,32
c0895,864,1
c0895,865,2
c0895,866,3
c0895,867,1
c0896,861,2
c0896,862,1
c0896,864,3
c0897,151,27
c0897,152,45
c0897,153,52
c0897,154,4
c0897,155,1
c0897,156,9
c0897,157,31
c0897,158,3
c0897,159,13
c0897,160,25
c0897,161,16
c0897,162,14
c0897,163,8
c0897,164,24
c0897,165,25
c0897,166,16
c0897,167,13
c0897,168,22
c0897,169,30
c0897,170,9
c0897,171,16
c0897,172,19
c0897,173,19
c0897,174,11
c0897,175,20
c0897,176,15
c0897,177,11
c0897,178,9
c0897,179,18
c0897,180,18
c0897,181,11
c0897,182,10
c0897,183,21
c0897,184,20
c0897,185,21
c0897,186,29
c0897,187,27
c0897,188,17
c0897,189,21
c0897,190,9
c0897,191,15
c0897,192,39
c0897,193,4
c0897,194,41
c0897,195,10
c0897,196,9
c0897,197,12
c0897,198,10
c0897,199,9
c0897,200,16
c0897,201,18
c0897,202,26
c0897,203,44
c0897,204,14
c0897,205,24
c0897,206,22
c0897,207,26
c0897,208,7
c0897,209,14
c0897,210,29
c0897,211,15
c0897,212,37
c0897,213,14
c0897,214,9
c0897,215,3
c0897,216,10
c0897,217,9
c0897,218,22
c0897,219,24
c0897,220,22
c0897,221,3
c0897,222,5
c0897,224,1
c0897,225,11
c0897,228,1
c0897,230,1
c0898,422,3
c0898,423,10
c0898,427,4
c0899,422,1
c0899,423,2
c0900,422,1
c0900,423,4
c0900,427,4
c0901,423,1
c0901,425,2
c0901,426,4
c0901,427,1
c0902,422,3
c0902,423,10
c0902,426,5
c0902,427,4
c0903,422,25
c0903,423,34
c0903,424,1
c0903,425,2
c0903,426,4
c0903,427,22
c0904,422,43
c0904,423,33
c0904,426,13
c0904,427,25
c0905,422,28
c0905,423,46
c0905,424,7
c0905,425,5
c0905,426,15
c0905,427,35
c0906,422,45
c0906,423,33
c0906,424,2
c0906,426,20
c0906,427,33
c0907,282,8
c0907,283,7
c0907,284,4
c0907,285,7
c0907,286,13
c0907,287,7
c0907,288,2
c0907,289,8
c0908,282,3
c0908,283,2
c0908,284,4
c0908,285,3
c0908,287,4
c0908,288,2
c0909,283,1
c0909,284,4
c0909,285,2
c0909,286,2
c0910,282,2
c0910,283,1
c0910,284,4
c0910,285,2
c0910,286,3
c0910,287,1
c0910,289,2
c0911,283,1
c0911,285,2
c0911,286,10
c0912,282,2
c0912,283,2
c0912,284,1
c0912,287,1
c0912,289,1
c0913,282,1
c0913,283,1
c0913,284,4
c0913,285,2
c0913,286,1
c0913,287,2
c0913,289,2
c0914,282,1
c0914,283,1
c0914,284,3
c0914,285,4
c0914,286,1
c0914,289,1
c0915,282,1
c0915,284,3
c0915,285,3
c0915,287,2
c0916,87,10
c0916,88,1
c0916,89,12
c0916,90,7
c0917,127,2
c0917,132,4
c0917,134,1
c0918,127,4
c0918,128,5
c0918,130,1
c0918,132,4
c0919,127,6
c0919,128,6
c0919,132,3
c0920,244,6
c0921,244,2
c0922,737,7
c0922,738,20
c0922,739,21
c0922,740,11
c0922,741,14
c0922,742,24
c0922,743,8
c0922,744,9
c0922,745,15
c0922,746,6
c0922,747,29
c0922,748,5
c0922,749,8
c0922,750,6
c0922,751,9
c0922,752,9
c0922,753,2
c0922,754,12
c0922,755,2
c0922,756,1
c0922,757,12
c0922,759,1
c0922,760,1
c0922,761,4
c0922,762,6
c0922,763,6
c0922,764,2
c0922,766,1
c0923,91,1
c0923,92,2
c0923,94,2
c0923,95,1
c0924,464,2
c0924,465,2
c0925,464,2
c0926,464,3
c0926,465,9
c0927,271,5
c0927,272,56
c0927,273,1
c0927,274,53
c0927,275,21
c0928,271,23
c0928,272,6
c0928,274,13
c0928,275,10
c0929,271,8
c0930,272,25
c0930,274,24
c0930,275,12
c0931,390,1
c0931,391,1
c0931,392,1
c0931,394,1
c0931,404,1
c0931,405,1
c0931,406,1
c0931,407,2
c0932,404,3
c0932,407,4
c0932,408,1
c0933,390,7
c0933,391,1
c0933,393,1
c0933,394,1
c0933,404,5
c0933,405,2
c0933,407,4
c0934,390,3
c0934,391,1
c0934,392,2
c0934,394,1
c0934,396,17
c0934,398,1
c0934,400,12
c0934,404,4
c0934,405,2
c0934,407,5
c0934,409,2
c0934,410,1
c0935,404,1
c0935,407,1
c0936,390,21
c0936,391,3
c0936,392,4
c0936,393,4
c0936,394,5
c0936,396,2
c0936,397,29
c0936,398,6
c0936,399,3
c0936,401,1
c0936,402,1
c0936,404,16
c0936,405,17
c0936,407,15
c0936,408,1
c0936,409,2
c0936,410,2
c0937,390,4
c0937,391,1
c0937,392,8
c0937,393,8
c0937,394,7
c0937,395,1
c0937,399,4
c0937,404,12
c0937,405,2
c0937,407,20
c0937,410,14
c0938,411,48
c0938,412,23
c0938,413,40
c0938,415,1
c0939,411,8
c0939,412,5
c0939,413,7
c0939,415,1
c0940,411,29
c0940,412,12
c0940,413,24
c0941,92,4
c0942,889,6
c0942,890,8
c0942,891,3
c0943,304,2
c0943,305,3
c0944,411,1
c0944,412,3
c0944,413,1
c0945,411,16
c0945,412,10
c0945,413,17
c0946,390,3
c0946,391,3
c0946,392,4
c0946,393,1
c0946,394,5
c0946,404,2
c0946,407,2
c0946,410,1
c0947,392,6
c0947,393,5
c0947,399,3
c0947,403,13
c0947,404,4
c0947,407,8
c0947,410,2
c0948,837,2
c0948,838,1
c0948,839,1
c0948,840,1
c0948,843,1
c0949,0,456
c0949,1,45
c0949,2,383
c0949,3,538
c0949,4,273
c0949,5,65
c0949,6,107
c0949,7,434
c0949,8,507
c0949,9,62
c0949,10,56
c0949,11,326
c0949,12,150
c0949,13,988
c0949,15,76
c0949,16,663
c0949,17,202
c0949,18,1428
c0949,19,227
c0949,20,186
c0949,21,623
c0949,22,521
c0949,23,191
c0949,24,534
c0949,25,968
c0949,27,986
c0949,28,115
c0949,29,671
c0949,30,199
c0949,31,405
c0949,32,274
c0949,33,337
c0949,34,87
c0949,35,229
c0949,36,1259
c0949,37,89
c0949,38,1048
c0949,39,746
c0949,40,132
c0949,41,766
c0949,42,677
c0949,43,753
c0949,44,569
c0949,45,68
c0949,46,578
c0949,47,319
c0949,48,820
c0949,49,400
c0949,50,507
c0949,51,95
c0949,52,973
c0949,53,672
c0949,54,111
c0949,55,251
c0949,56,347
c0949,57,764
c0949,58,934
c0949,59,656
c0949,60,648
c0949,61,194
c0949,62,115
c0949,63,103
c0949,64,195
c0949,65,155
c0949,66,321
c0949,68,1033
c0949,69,81
c0949,70,740
c0949,71,699
c0949,72,447
c0949,73,411
c0949,74,910
c0949,75,681
c0949,76,798
c0949,77,169
c0949,78,280
c0949,79,303
c0949,80,475
c0949,81,426
c0949,82,193
c0949,83,313
c0949,84,658
c0949,85,126
c0949,86,43
c0949,87,382
c0949,88,205
c0949,89,97
c0949,90,33
c0949,91,80
c0949,92,91
c0949,93,96
c0949,94,1225
c0949,95,410
c0949,96,189
c0949,97,40
c0949,99,654
c0949,100,779
c0949,101,906
c0949,102,486
c0949,103,618
c0949,104,500
c0949,105,500
c0949,106,684
c0949,107,157
c0949,108,491
c0949,109,257
c0949,110,269
c0949,111,147
c0949,112,998
c0949,113,683
c0949,114,309
c0949,115,448
c0949,116,247
c0949,117,195
c0949,118,622
c0949,119,120
c0949,120,89
c0949,121,423
c0949,122,494
c0949,123,287
c0949,124,114
c0949,125,39
c0949,126,558
c0949,127,134
c0949,129,538
c0949,130,378
c0949,131,329
c0949,132,315
c0949,133,61
c0949,134,347
c0949,135,261
c0949,136,742
c0949,137,493
c0949,138,279
c0949,139,473
c0949,140,367
c0949,141,656
c0949,142,79
c0949,143,105
c0949,144,473
c0949,145,457
c0949,146,225
c0949,147,442
c0949,148,283
c0949,149,150
c0949,150,312
c0949,151,745
c0949,152,397
c0949,153,309
c0949,154,270
c0949,155,510
c0949,156,187
c0949,157,299
c0949,158,100
c0949,159,794
c0949,160,675
c0949,161,1261
c0949,162,1073
c0949,163,811
c0949,164,396
c0949,165,1024
c0949,166,1112
c0949,167,645
c0949,168,696
c0949,169,1058
c0949,170,1111
c0949,171,901
c0949,172,800
c0949,173,835
c0949,174,611
c0949,175,671
c0949,176,873
c0949,177,1035
c0949,178,970
c0949,179,732
c0949,180,664
c0949,181,901
c0949,182,657
c0949,183,394
c0949,184,968
c0949,185,839
c0949,186,942
c0949,187,490
c0949,188,966
c0949,189,1208
c0949,190,469
c0949,191,499
c0949,192,772
c0949,193,1130
c0949,194,828
c0949,195,822
c0949,196,861
c0949,197,814
c0949,198,776
c0949,199,598
c0949,200,828
c0949,201,817
c0949,202,188
c0949,203,994
c0949,204,374
c0949,205,529
c0949,206,685
c0949,207,279
c0949,208,1214
c0949,209,447
c0949,210,846
c0949,211,1055
c0949,212,1361
c0949,213,879
c0949,214,522
c0949,215,762
c0949,216,763
c0949,217,287
c0949,218,630
c0949,219,1393
c0949,220,784
c0949,221,1145
c0949,222,61
c0949,223,658
c0949,224,692
c0949,225,531
c0949,226,395
c0949,227,695
c0949,228,1272
c0949,229,73
c0949,230,844
c0949,231,1105
c0949,232,254
c0949,233,451
c0949,234,208
c0949,235,456
c0949,236,562
c0949,237,59
c0949,238,152
c0949,239,124
c0949,240,138
c0949,241,28
c0949,242,259
c0949,243,318
c0949,244,154
c0949,245,120
c0949,246,160
c0949,247,85
c0949,248,463
c0949,249,307
c0949,250,341
c0949,251,291
c0949,252,418
c0949,253,349
c0949,254,1081
c0949,255,469
c0949,256,173
c0949,257,87
c0949,258,241
c0949,259,88
c0949,260,174
c0949,261,975
c0949,262,685
c0949,263,1109
c0949,264,656
c0949,265,257
c0949,266,294
c0949,267,349
c0949,268,391
c0949,269,288
c0949,270,264
c0949,271,438
c0949,272,418
c0949,273,325
c0949,274,269
c0949,275,412
c0949,276,140
c0949,277,85
c0949,278,319
c0949,279,646
c0949,280,807
c0949,281,542
c0949,282,159
c0949,283,1057
c0949,284,404
c0949,285,99
c0949,286,182
c0949,287,77
c0949,288,393
c0949,289,271
c0949,290,687
c0949,291,307
c0949,292,969
c0949,293,539
c0949,294,20
c0949,295,393
c0949,296,745
c0949,297,1006
c0949,298,302
c0949,299,808
c0949,300,662
c0949,301,294
c0949,302,243
c0949,303,267
c0949,304,219
c0949,305,497
c0949,306,262
c0949,307,116
c0949,308,203
c0949,309,729
c0949,310,610
c0949,311,565
c0949,312,614
c0949,313,386
c0949,314,382
c0949,315,139
c0949,316,602
c0949,317,500
c0949,318,749
c0949,319,215
c0949,320,398
c0949,321,678
c0949,322,195
c0949,323,462
c0949,324,581
c0949,325,50
c0949,326,123
c0949,327,117
c0949,328,183
c0949,329,426
c0949,330,342
c0949,331,338
c0949,332,159
c0949,333,1040
c0949,334,282
c0949,335,312
c0949,336,98
c0949,337,224
c0949,338,128
c0949,339,87
c0949,340,40
c0949,341,137
c0949,342,262
c0949,343,213
c0949,344,336
c0949,345,102
c0949,346,530
c0949,347,371
c0949,348,732
c0949,349,842
c0949,350,339
c0949,351,750
c0949,352,1059
c0949,353,1315
c0949,354,867
c0949,355,632
c0949,356,950
c0949,357,912
c0949,358,196
c0949,359,917
c0949,360,713
c0949,361,637
c0949,362,970
c0949,363,553
c0949,364,314
c0949,365,848
c0949,366,473
c0949,367,888
c0949,368,572
c0949,369,699
c0949,370,748
c0949,371,656
c0949,372,608
c0949,373,579
c0949,374,694
c0949,375,553
c0949,376,545
c0949,377,1063
c0949,378,542
c0949,379,1048
c0949,380,487
c0949,381,63
c0949,382,562
c0949,383,1189
c0949,384,415
c0949,385,212
c0949,386,823
c0949,387,669
c0949,388,820
c0949,389,32
c0949,390,797
c0949,391,133
c0949,392,714
c0949,393,126
c0949,394,90
c0949,395,29
c0949,396,67
c0949,397,462
c0949,398,598
c0949,399,505
c0949,400,108
c0949,401,37
c0949,402,139
c0949,403,709
c0949,404,59
c0949,405,180
c0949,406,70
c0949,407,44
c0949,408,760
c0949,409,265
c0949,410,305
c0949,411,289
c0949,412,238
c0949,413,743
c0949,414,573
c0949,415,685
c0949,416,889
c0949,417,732
c0949,418,275
c0949,419,306
c0949,420,375
c0949,421,441
c0949,422,380
c0949,423,959
c0949,424,496
c0949,425,952
c0949,426,146
c0949,427,128
c0949,428,584
c0949,429,67
c0949,430,643
c0949,431,217
c0949,432,494
c0949,433,223
c0949,434,24
c0949,435,37
c0949,436,962
c0949,437,846
c0949,438,963
c0949,439,355
c0949,440,503
c0949,441,180
c0949,442,119
c0949,443,453
c0949,444,485
c0949,445,81
c0949,446,142
c0949,447,288
c0949,448,337
c0949,450,730
c0949,451,410
c0949,452,454
c0949,453,606
c0949,454,207
c0949,455,110
c0949,456,517
c0949,457,205
c0949,458,436
c0949,459,207
c0949,460,24
c0949,462,921
c0949,463,367
c0949,464,941
c0949,465,886
c0949,466,100
c0949,467,922
c0949,468,955
c0949,469,357
c0949,470,984
c0949,471,187
c0949,472,274
c0949,473,149
c0949,474,70
c0949,476,81
c0949,478,362
c0949,479,345
c0949,480,86
c0949,481,652
c0949,482,478
c0949,483,944
c0949,484,1003
c0949,485,387
c0949,486,218
c0949,487,529
c0949,488,187
c0949,489,511
c0949,490,220
c0949,491,318
c0949,492,68
c0949,493,693
c0949,494,101
c0949,495,61
c0949,496,869
c0949,497,256
c0949,498,900
c0949,499,185
c0949,500,271
c0949,501,458
c0949,502,490
c0949,503,411
c0949,504,244
c0949,505,257
c0949,506,302
c0949,507,419
c0949,508,604
c0949,509,357
c0949,510,828
c0949,511,475
c0949,512,382
c0949,513,353
c0949,514,254
c0949,515,270
c0949,516,281
c0949,517,473
c0949,518,925
c0949,519,711
c0949,520,572
c0949,521,438
c0949,522,509
c0949,523,94
c0949,524,152
c0949,525,224
c0949,526,242
c0949,527,671
c0949,528,519
c0949,529,402
c0949,530,569
c0949,531,832
c0949,532,787
c0949,533,1553
c0949,534,309
c0949,535,369
c0949,536,116
c0949,537,496
c0949,538,337
c0949,539,1262
c0949,540,462
c0949,541,262
c0949,542,707
c0949,543,357
c0949,544,288
c0949,545,690
c0949,546,538
c0949,547,174
c0949,548,508
c0949,549,103
c0949,550,335
c0949,551,254
c0949,552,47
c0949,553,297
c0949,554,217
c0949,555,461
c0949,556,408
c0949,557,290
c0949,558,401
c0949,559,543
c0949,560,156
c0949,561,174
c0949,562,75
c0949,563,148
c0949,564,126
c0949,565,310
c0949,566,55
c0949,567,353
c0949,568,733
c0949,569,376
c0949,570,549
c0949,571,858
c0949,572,653
c0949,573,173
c0949,574,231
c0949,575,277
c0949,576,240
c0949,577,315
c0949,578,773
c0949,579,198
c0949,580,297
c0949,581,585
c0949,582,1068
c0949,583,752
c0949,584,339
c0949,585,270
c0949,586,400
c0949,587,555
c0949,588,622
c0949,589,341
c0949,590,558
c0949,591,391
c0949,592,192
c0949,593,173
c0949,594,549
c0949,595,407
c0949,596,431
c0949,597,88
c0949,598,198
c0949,599,107
c0949,600,269
c0949,601,281
c0949,602,303
c0949,603,361
c0949,604,470
c0949,605,816
c0949,606,430
c0949,607,197
c0949,608,330
c0949,609,516
c0949,610,253
c0949,611,184
c0949,612,443
c0949,613,551
c0949,614,55
c0949,615,409
c0949,616,401
c0949,617,68
c0949,618,101
c0949,619,40
c0949,620,603
c0949,621,419
c0949,622,679
c0949,623,759
c0949,624,813
c0949,625,537
c0949,626,808
c0949,627,419
c0949,628,135
c0949,629,939
c0949,630,213
c0949,631,88
c0949,632,420
c0949,633,1144
c0949,634,1267
c0949,635,261
c0949,636,467
c0949,637,637
c0949,638,560
c0949,639,43
c0949,640,436
c0949,641,133
c0949,642,102
c0949,643,66
c0949,644,526
c0949,645,365
c0949,646,228
c0949,647,358
c0949,648,255
c0949,649,56
c0949,650,88
c0949,651,284
c0949,652,362
c0949,653,1178
c0949,654,283
c0949,655,318
c0949,656,181
c0949,657,190
c0949,658,779
c0949,659,136
c0949,660,592
c0949,661,203
c0949,662,221
c0949,663,385
c0949,664,436
c0949,665,297
c0949,666,281
c0949,667,96
c0949,668,350
c0949,669,126
c0949,670,218
c0949,671,176
c0949,672,219
c0949,673,432
c0949,674,76
c0949,675,49
c0949,676,300
c0949,677,385
c0949,678,400
c0949,679,78
c0949,680,505
c0949,681,211
c0949,682,322
c0949,683,530
c0949,684,161
c0949,685,141
c0949,686,234
c0949,687,204
c0949,688,301
c0949,689,710
c0949,690,793
c0949,691,359
c0949,692,406
c0949,693,70
c0949,694,810
c0949,695,561
c0949,696,385
c0949,697,29
c0949,698,37
c0949,699,518
c0949,700,151
c0949,701,393
c0949,702,99
c0949,703,70
c0949,704,816
c0949,705,77
c0949,706,239
c0949,707,47
c0949,708,440
c0949,709,565
c0949,710,740
c0949,711,430
c0949,712,358
c0949,713,215
c0949,714,207
c0949,715,410
c0949,716,52
c0949,717,109
c0949,718,225
c0949,719,329
c0949,720,114
c0949,721,285
c0949,722,213
c0949,723,249
c0949,724,138
c0949,725,273
c0949,726,63
c0949,727,210
c0949,728,76
c0949,729,201
c0949,730,95
c0949,731,1248
c0949,732,640
c0949,733,196
c0949,734,151
c0949,735,675
c0949,736,173
c0949,737,429
c0949,738,106
c0949,739,106
c0949,740,346
c0949,741,314
c0949,742,153
c0949,743,383
c0949,744,455
c0949,745,417
c0949,746,111
c0949,747,97
c0949,748,525
c0949,749,727
c0949,750,224
c0949,751,349
c0949,752,598
c0949,753,568
c0949,754,190
c0949,755,253
c0949,756,89
c0949,757,333
c0949,758,370
c0949,759,83
c0949,760,246
c0949,761,223
c0949,762,47
c0949,763,62
c0949,764,213
c0949,765,121
c0949,766,65
c0949,767,313
c0949,768,824
c0949,769,364
c0949,770,368
c0949,771,506
c0949,772,1099
c0949,773,784
c0949,774,977
c0949,775,1133
c0949,776,1076
c0949,777,250
c0949,778,1217
c0949,779,757
c0949,780,607
c0949,781,400
c0949,782,584
c0949,783,196
c0949,784,378
c0949,785,304
c0949,786,256
c0949,787,976
c0949,788,52
c0949,789,100
c0949,790,77
c0949,791,352
c0949,792,422
c0949,793,356
c0949,794,1130
c0949,795,65
c0949,796,148
c0949,798,122
c0949,799,710
c0949,800,437
c0949,801,37
c0949,802,62
c0949,803,166
c0949,804,574
c0949,805,539
c0949,806,460
c0949,807,139
c0949,808,224
c0949,809,480
c0949,810,1009
c0949,811,423
c0949,812,304
c0949,813,163
c0949,814,635
c0949,815,225
c0949,816,216
c0949,817,313
c0949,818,757
c0949,819,430
c0949,820,591
c0949,821,200
c0949,822,705
c0949,823,811
c0949,824,598
c0949,825,45
c0949,826,387
c0949,827,639
c0949,828,514
c0949,829,536
c0949,830,287
c0949,831,180
c0949,832,271
c0949,833,121
c0949,834,256
c0949,835,133
c0949,836,156
c0949,837,113
c0949,838,870
c0949,839,702
c0949,840,530
c0949,841,835
c0949,842,382
c0949,843,290
c0949,844,183
c0949,845,999
c0949,846,506
c0949,847,629
c0949,848,732
c0949,849,309
c0949,850,100
c0949,851,93
c0949,852,59
c0949,853,44
c0949,855,658
c0949,856,461
c0949,857,664
c0949,858,373
c0949,859,847
c0949,860,490
c0949,861,633
c0949,862,356
c0949,863,348
c0949,864,453
c0949,865,209
c0949,866,246
c0949,867,227
c0949,868,60
c0949,869,461
c0949,870,590
c0949,871,87
c0949,872,293
c0949,873,236
c0949,874,589
c0949,875,734
c0949,876,257
c0949,877,552
c0949,878,203
c0949,879,55
c0949,880,307
c0949,881,525
c0949,882,391
c0949,883,493
c0949,884,719
c0949,885,1001
c0949,886,21
c0949,887,93
c0949,888,596
c0949,889,849
c0949,890,388
c0949,891,274
c0949,892,523
c0949,894,147
c0949,895,164
c0949,896,163
c0949,897,703
c0949,898,405
c0949,899,914
c0949,900,203
c0949,901,282
c0949,902,326
c0949,903,100
c0949,904,317
c0949,905,447
c0949,906,601
c0949,907,641
c0949,908,393
c0949,909,228
c0949,910,323
c0949,911,128
c0949,912,70
c0949,913,1010
c0949,914,1009
c0949,915,927
c0949,916,173
c0949,917,286
c0949,918,949
c0949,919,900
c0949,920,250
c0949,921,122
c0949,922,217
c0949,923,405
c0949,924,315
c0949,925,512
c0949,926,390
c0949,927,459
c0949,928,1011
c0949,929,672
c0949,930,708
c0949,931,435
c0949,932,567
