{"type":"FeatureCollection","features":[{"type":"Feature","properties":{"c":"b0","b":0,"n":"Alazão","m":"2700300","cx":-36.6384,"cy":-9.8016},"geometry":{"type":"Polygon","coordinates":[[[-36.6317,-9.7951],[-36.6321,-9.7971],[-36.6323,-9.7998],[-36.6326,-9.8012],[-36.6336,-9.8039],[-36.6342,-9.8052],[-36.6349,-9.8081],[-36.6362,-9.8109],[-36.6379,-9.8123],[-36.6384,-9.8131],[-36.6385,-9.8137],[-36.6389,-9.8136],[-36.639,-9.8128],[-36.6386,-9.812],[-36.6381,-9.812],[-36.6374,-9.8113],[-36.6377,-9.81],[-36.6387,-9.8094],[-36.6393,-9.8097],[-36.6398,-9.8096],[-36.6404,-9.809],[-36.6403,-9.8078],[-36.6413,-9.8075],[-36.6418,-9.8071],[-36.6416,-9.8064],[-36.6422,-9.8057],[-36.643,-9.8057],[-36.6441,-9.8065],[-36.6443,-9.8057],[-36.6441,-9.802],[-36.6438,-9.7999],[-36.6431,-9.7988],[-36.6424,-9.7984],[-36.6413,-9.7992],[-36.6405,-9.8001],[-36.6403,-9.8001],[-36.6396,-9.7987],[-36.6377,-9.7953],[-36.6362,-9.7926],[-36.6349,-9.7895],[-36.6332,-9.7891],[-36.6331,-9.7896],[-36.6324,-9.7892],[-36.6313,-9.789],[-36.631,-9.7911],[-36.6312,-9.7922],[-36.6317,-9.7951]]]}},{"type":"Feature","properties":{"c":"b1","b":1,"n":"Alto do Cruzeiro","m":"2700300","cx":-36.6547,"cy":-9.7491},"geometry":{"type":"Polygon","coordinates":[[[-36.6594,-9.7468],[-36.6596,-9.7459],[-36.6582,-9.7458],[-36.658,-9.7443],[-36.6553,-9.7444],[-36.6536,-9.7445],[-36.6529,-9.7458],[-36.6522,-9.7454],[-36.6489,-9.7479],[-36.6483,-9.7483],[-36.6568,-9.753],[-36.6593,-9.7498],[-36.6599,-9.7484],[-36.66,-9.747],[-36.6594,-9.7468]]]}},{"type":"Feature","properties":{"c":"b2","b":2,"n":"Baixa Grande","m":"2700300","cx":-36.6712,"cy":-9.7351},"geometry":{"type":"Polygon","coordinates":[[[-36.6766,-9.7308],[-36.6768,-9.7305],[-36.6737,-9.7285],[-36.6695,-9.7278],[-36.6668,-9.7373],[-36.6686,-9.7395],[-36.67,-9.741],[-36.6767,-9.7329],[-36.6778,-9.7317],[-36.6766,-9.7308]]]}},{"type":"Feature","properties":{"c":"b3","b":3,"n":"Baixão","m":"2700300","cx":-36.6693,"cy":-9.7495},"geometry":{"type":"Polygon","coordinates":[[[-36.6724,-9.7528],[-36.6725,-9.7449],[-36.6669,-9.7468],[-36.666,-9.7469],[-36.6665,-9.7521],[-36.6724,-9.7528]]]}},{"type":"Feature","properties":{"c":"b4","b":4,"n":"Batingas","m":"2700300","cx":-36.6229,"cy":-9.8086},"geometry":{"type":"Polygon","coordinates":[[[-36.6103,-9.809],[-36.6134,-9.8125],[-36.6135,-9.8124],[-36.6142,-9.8138],[-36.6124,-9.8151],[-36.6134,-9.8164],[-36.6135,-9.8171],[-36.6138,-9.8167],[-36.6147,-9.8178],[-36.6156,-9.8198],[-36.6161,-9.8205],[-36.6179,-9.8192],[-36.6176,-9.8185],[-36.619,-9.8193],[-36.6214,-9.8208],[-36.6237,-9.8225],[-36.6243,-9.823],[-36.6255,-9.8237],[-36.6265,-9.8245],[-36.6273,-9.8249],[-36.6281,-9.8257],[-36.6277,-9.8281],[-36.6282,-9.8277],[-36.6299,-9.8284],[-36.6299,-9.8278],[-36.6302,-9.8274],[-36.6301,-9.8268],[-36.6304,-9.8263],[-36.6299,-9.825],[-36.6302,-9.8248],[-36.6294,-9.8247],[-36.6291,-9.8239],[-36.6301,-9.823],[-36.6307,-9.8221],[-36.6314,-9.8215],[-36.6325,-9.8222],[-36.6333,-9.8221],[-36.6333,-9.8217],[-36.634,-9.8208],[-36.634,-9.8201],[-36.635,-9.8196],[-36.6359,-9.8196],[-36.6356,-9.8183],[-36.6371,-9.8162],[-36.6376,-9.816],[-36.6378,-9.8153],[-36.6374,-9.8153],[-36.638,-9.8144],[-36.6379,-9.8139],[-36.6385,-9.8137],[-36.6384,-9.8131],[-36.6379,-9.8123],[-36.6362,-9.8109],[-36.6349,-9.8081],[-36.6342,-9.8052],[-36.6336,-9.8039],[-36.6326,-9.8012],[-36.6323,-9.7998],[-36.6321,-9.7971],[-36.6317,-9.7951],[-36.6312,-9.7922],[-36.6268,-9.7905],[-36.6278,-9.7898],[-36.6277,-9.7891],[-36.6259,-9.7904],[-36.6251,-9.7913],[-36.6246,-9.7922],[-36.6209,-9.801],[-36.6204,-9.8019],[-36.6196,-9.8028],[-36.6179,-9.8039],[-36.6155,-9.8047],[-36.6144,-9.8053],[-36.6136,-9.8059],[-36.6111,-9.8083],[-36.6103,-9.809]]]}},{"type":"Feature","properties":{"c":"b5","b":5,"n":"Boa Vista","m":"2700300","cx":-36.6509,"cy":-9.7932},"geometry":{"type":"Polygon","coordinates":[[[-36.6278,-9.7898],[-36.6268,-9.7905],[-36.6312,-9.7922],[-36.631,-9.7911],[-36.6313,-9.789],[-36.6324,-9.7892],[-36.6331,-9.7896],[-36.6332,-9.7891],[-36.6349,-9.7895],[-36.6362,-9.7926],[-36.6377,-9.7953],[-36.6417,-9.7933],[-36.6422,-9.7932],[-36.6424,-9.7935],[-36.6438,-9.7923],[-36.6445,-9.793],[-36.6444,-9.7934],[-36.6451,-9.7948],[-36.6452,-9.7954],[-36.6457,-9.7963],[-36.6461,-9.7963],[-36.6463,-9.797],[-36.6473,-9.798],[-36.6492,-9.7989],[-36.6493,-9.7995],[-36.6488,-9.7997],[-36.6483,-9.8004],[-36.6491,-9.8014],[-36.6486,-9.8017],[-36.6483,-9.8014],[-36.648,-9.8025],[-36.6481,-9.8035],[-36.6486,-9.8045],[-36.6501,-9.8056],[-36.651,-9.8069],[-36.6515,-9.8078],[-36.6518,-9.8089],[-36.6523,-9.8083],[-36.6543,-9.808],[-36.6547,-9.8083],[-36.6563,-9.8082],[-36.6566,-9.8093],[-36.6574,-9.8092],[-36.6573,-9.8083],[-36.6599,-9.8068],[-36.6608,-9.8075],[-36.663,-9.8066],[-36.6612,-9.8022],[-36.6606,-9.8011],[-36.6595,-9.7992],[-36.6573,-9.793],[-36.6566,-9.7912],[-36.6543,-9.7854],[-36.654,-9.7848],[-36.6397,-9.7789],[-36.6354,-9.7772],[-36.6346,-9.7773],[-36.6343,-9.7777],[-36.6343,-9.778],[-36.633,-9.7812],[-36.6313,-9.7855],[-36.6304,-9.787],[-36.6295,-9.7878],[-36.6277,-9.7891],[-36.6278,-9.7898]]]}},{"type":"Feature","properties":{"c":"b6","b":6,"n":"Bom Sucesso","m":"2700300","cx":-36.6917,"cy":-9.7141},"geometry":{"type":"Polygon","coordinates":[[[-36.671,-9.7269],[-36.679,-9.7242],[-36.681,-9.7237],[-36.6847,-9.7224],[-36.7014,-9.7168],[-36.7006,-9.7146],[-36.7013,-9.7143],[-36.7001,-9.7122],[-36.7006,-9.7118],[-36.7002,-9.7115],[-36.6987,-9.7099],[-36.698,-9.7107],[-36.696,-9.7089],[-36.6956,-9.7091],[-36.6926,-9.7042],[-36.6916,-9.7036],[-36.6901,-9.7034],[-36.6905,-9.7027],[-36.6903,-9.7025],[-36.6906,-9.7014],[-36.6889,-9.701],[-36.6824,-9.7139],[-36.6817,-9.7148],[-36.679,-9.7176],[-36.6766,-9.7166],[-36.6762,-9.7166],[-36.6724,-9.7181],[-36.6712,-9.722],[-36.6696,-9.7274],[-36.671,-9.7269]]]}},{"type":"Feature","properties":{"c":"b7","b":7,"n":"Brasiliana","m":"2700300","cx":-36.6645,"cy":-9.735},"geometry":{"type":"Polygon","coordinates":[[[-36.6596,-9.7328],[-36.6634,-9.7373],[-36.6648,-9.739],[-36.6653,-9.74],[-36.6656,-9.7416],[-36.6668,-9.7373],[-36.6695,-9.7278],[-36.6696,-9.7274],[-36.6689,-9.7277],[-36.6594,-9.7309],[-36.6584,-9.7313],[-36.6596,-9.7328]]]}},{"type":"Feature","properties":{"c":"b8","b":8,"n":"Brasília","m":"2700300","cx":-36.6487,"cy":-9.754},"geometry":{"type":"Polygon","coordinates":[[[-36.6528,-9.7575],[-36.6553,-9.7551],[-36.6571,-9.7532],[-36.6568,-9.753],[-36.6483,-9.7483],[-36.6464,-9.7493],[-36.6432,-9.7509],[-36.6412,-9.7514],[-36.6375,-9.752],[-36.6383,-9.7528],[-36.643,-9.7548],[-36.6439,-9.7554],[-36.6474,-9.7585],[-36.6479,-9.7587],[-36.6498,-9.7586],[-36.6506,-9.7583],[-36.6528,-9.7575]]]}},{"type":"Feature","properties":{"c":"b9","b":9,"n":"Cacimbas","m":"2700300","cx":-36.6645,"cy":-9.7615},"geometry":{"type":"Polygon","coordinates":[[[-36.6597,-9.7581],[-36.6618,-9.7617],[-36.6619,-9.7626],[-36.6638,-9.7622],[-36.6641,-9.7637],[-36.6645,-9.7644],[-36.6643,-9.7653],[-36.6645,-9.7659],[-36.6642,-9.7664],[-36.6644,-9.7676],[-36.6653,-9.7674],[-36.6661,-9.767],[-36.666,-9.7668],[-36.668,-9.7658],[-36.6679,-9.7648],[-36.6675,-9.7641],[-36.666,-9.7618],[-36.668,-9.7614],[-36.6714,-9.7599],[-36.6697,-9.7591],[-36.6688,-9.7585],[-36.6668,-9.7581],[-36.6641,-9.7556],[-36.664,-9.7556],[-36.6594,-9.7578],[-36.6597,-9.7581]]]}},{"type":"Feature","properties":{"c":"b10","b":10,"n":"Caititus","m":"2700300","cx":-36.657,"cy":-9.7388},"geometry":{"type":"Polygon","coordinates":[[[-36.6602,-9.7392],[-36.66,-9.739],[-36.6586,-9.7373],[-36.657,-9.7377],[-36.6564,-9.7334],[-36.6547,-9.7336],[-36.6545,-9.7338],[-36.6548,-9.7361],[-36.6542,-9.7387],[-36.6541,-9.7398],[-36.6543,-9.7407],[-36.6551,-9.7426],[-36.6553,-9.7444],[-36.658,-9.7443],[-36.6574,-9.7407],[-36.659,-9.7404],[-36.6602,-9.7392]]]}},{"type":"Feature","properties":{"c":"b11","b":11,"n":"Canafístula","m":"2700300","cx":-36.6247,"cy":-9.7731},"geometry":{"type":"Polygon","coordinates":[[[-36.6358,-9.7741],[-36.6373,-9.7698],[-36.6386,-9.7665],[-36.6396,-9.7639],[-36.6399,-9.7627],[-36.6401,-9.7615],[-36.64,-9.7605],[-36.6395,-9.7578],[-36.6388,-9.754],[-36.6383,-9.7528],[-36.6375,-9.752],[-36.6338,-9.7486],[-36.6333,-9.7477],[-36.6336,-9.7473],[-36.6331,-9.7474],[-36.6323,-9.7473],[-36.6291,-9.7444],[-36.6284,-9.7438],[-36.6235,-9.7385],[-36.6228,-9.7392],[-36.6219,-9.7392],[-36.6213,-9.7399],[-36.6208,-9.7413],[-36.6202,-9.7421],[-36.6192,-9.7425],[-36.6191,-9.7431],[-36.6181,-9.7431],[-36.6175,-9.7429],[-36.6166,-9.7429],[-36.6159,-9.7431],[-36.6154,-9.743],[-36.6145,-9.7423],[-36.6134,-9.741],[-36.613,-9.7414],[-36.6123,-9.7411],[-36.6114,-9.742],[-36.6113,-9.7427],[-36.6107,-9.7439],[-36.6103,-9.7438],[-36.61,-9.7443],[-36.6103,-9.7459],[-36.6107,-9.7469],[-36.6112,-9.7473],[-36.6115,-9.7482],[-36.6126,-9.7475],[-36.6141,-9.7474],[-36.6147,-9.7476],[-36.6154,-9.7484],[-36.6171,-9.7493],[-36.6149,-9.7512],[-36.6158,-9.7528],[-36.6146,-9.7536],[-36.6136,-9.7547],[-36.6138,-9.7556],[-36.6148,-9.7579],[-36.6142,-9.758],[-36.6148,-9.7634],[-36.6154,-9.7641],[-36.6162,-9.7642],[-36.6168,-9.7654],[-36.6167,-9.7662],[-36.6161,-9.7665],[-36.6153,-9.7671],[-36.6152,-9.7676],[-36.6127,-9.7692],[-36.6128,-9.7699],[-36.6115,-9.7701],[-36.6116,-9.7709],[-36.611,-9.771],[-36.6112,-9.7721],[-36.6126,-9.7719],[-36.6144,-9.7754],[-36.6131,-9.7767],[-36.6117,-9.7774],[-36.6111,-9.7779],[-36.6107,-9.7786],[-36.6086,-9.7797],[-36.6077,-9.78],[-36.6115,-9.7863],[-36.6128,-9.7885],[-36.614,-9.7878],[-36.6159,-9.7855],[-36.6159,-9.7862],[-36.6155,-9.787],[-36.616,-9.787],[-36.6155,-9.7875],[-36.6152,-9.7888],[-36.6154,-9.789],[-36.6149,-9.7902],[-36.6143,-9.7913],[-36.6139,-9.7922],[-36.6136,-9.7937],[-36.6131,-9.7941],[-36.6126,-9.7953],[-36.6124,-9.7966],[-36.6119,-9.7973],[-36.6116,-9.7982],[-36.6114,-9.8009],[-36.6117,-9.8014],[-36.6115,-9.8021],[-36.6128,-9.8027],[-36.6141,-9.8039],[-36.6134,-9.8048],[-36.6128,-9.8042],[-36.6107,-9.8059],[-36.6101,-9.8054],[-36.6093,-9.806],[-36.6104,-9.8069],[-36.61,-9.8073],[-36.6111,-9.8083],[-36.6136,-9.8059],[-36.6144,-9.8053],[-36.6155,-9.8047],[-36.6179,-9.8039],[-36.6196,-9.8028],[-36.6204,-9.8019],[-36.6209,-9.801],[-36.6246,-9.7922],[-36.6251,-9.7913],[-36.6259,-9.7904],[-36.6277,-9.7891],[-36.6295,-9.7878],[-36.6304,-9.787],[-36.6313,-9.7855],[-36.633,-9.7812],[-36.6343,-9.778],[-36.6343,-9.7777],[-36.6358,-9.7741]]]}},{"type":"Feature","properties":{"c":"b12","b":12,"n":"Capiatã","m":"2700300","cx":-36.6624,"cy":-9.7413},"geometry":{"type":"Polygon","coordinates":[[[-36.6602,-9.7392],[-36.659,-9.7404],[-36.6594,-9.7409],[-36.6592,-9.7416],[-36.6593,-9.7434],[-36.6597,-9.7445],[-36.6612,-9.7444],[-36.6659,-9.7457],[-36.6656,-9.7416],[-36.6653,-9.74],[-36.6648,-9.739],[-36.6634,-9.7373],[-36.66,-9.739],[-36.6602,-9.7392]]]}},{"type":"Feature","properties":{"c":"b13","b":13,"n":"Cavaco","m":"2700300","cx":-36.6774,"cy":-9.7384},"geometry":{"type":"Polygon","coordinates":[[[-36.6819,-9.7369],[-36.6809,-9.7348],[-36.6803,-9.7339],[-36.6789,-9.7323],[-36.6782,-9.7313],[-36.6778,-9.7317],[-36.6767,-9.7329],[-36.67,-9.741],[-36.6712,-9.7423],[-36.671,-9.7424],[-36.6727,-9.7448],[-36.6739,-9.7436],[-36.6756,-9.7428],[-36.6765,-9.7431],[-36.6781,-9.7428],[-36.6784,-9.7419],[-36.6796,-9.7406],[-36.6804,-9.7402],[-36.6816,-9.74],[-36.683,-9.7402],[-36.6834,-9.74],[-36.6819,-9.7369]]]}},{"type":"Feature","properties":{"c":"b14","b":14,"n":"Centro","m":"2700300","cx":-36.6624,"cy":-9.7509},"geometry":{"type":"Polygon","coordinates":[[[-36.6656,-9.7549],[-36.6664,-9.7541],[-36.6666,-9.7534],[-36.6665,-9.7521],[-36.666,-9.7469],[-36.6659,-9.7457],[-36.6612,-9.7444],[-36.6604,-9.7471],[-36.66,-9.747],[-36.6599,-9.7484],[-36.6593,-9.7498],[-36.6568,-9.753],[-36.6571,-9.7532],[-36.6553,-9.7551],[-36.6563,-9.7558],[-36.6586,-9.7576],[-36.6589,-9.7572],[-36.6593,-9.7576],[-36.6594,-9.7578],[-36.664,-9.7556],[-36.6641,-9.7556],[-36.6656,-9.7549]]]}},{"type":"Feature","properties":{"c":"b15","b":15,"n":"Deputado Nezinho","m":"2700300","cx":-36.6278,"cy":-9.7302},"geometry":{"type":"Polygon","coordinates":[[[-36.6425,-9.7397],[-36.6442,-9.7382],[-36.6433,-9.7372],[-36.6395,-9.7351],[-36.6382,-9.7337],[-36.6372,-9.7328],[-36.6367,-9.7313],[-36.6358,-9.7296],[-36.6348,-9.7281],[-36.6345,-9.7271],[-36.6346,-9.7249],[-36.6349,-9.7226],[-36.6347,-9.7216],[-36.6347,-9.7199],[-36.635,-9.7189],[-36.6349,-9.718],[-36.6351,-9.7171],[-36.6348,-9.7163],[-36.6337,-9.7155],[-36.6319,-9.7138],[-36.6309,-9.7127],[-36.6264,-9.7145],[-36.6276,-9.7167],[-36.6268,-9.7172],[-36.6254,-9.7191],[-36.6249,-9.7191],[-36.6216,-9.7203],[-36.6226,-9.7226],[-36.6206,-9.7233],[-36.6197,-9.7237],[-36.6194,-9.7257],[-36.6189,-9.7268],[-36.6192,-9.727],[-36.6187,-9.728],[-36.6188,-9.7285],[-36.6192,-9.7289],[-36.6192,-9.7297],[-36.6198,-9.7307],[-36.6202,-9.7308],[-36.6207,-9.7314],[-36.6217,-9.7321],[-36.6221,-9.7322],[-36.6223,-9.7329],[-36.6219,-9.7331],[-36.6196,-9.7327],[-36.6179,-9.7317],[-36.6188,-9.7332],[-36.6197,-9.7343],[-36.6235,-9.7385],[-36.6284,-9.7438],[-36.6291,-9.7444],[-36.6323,-9.7473],[-36.6331,-9.7474],[-36.6336,-9.7473],[-36.6385,-9.743],[-36.6425,-9.7397]]]}},{"type":"Feature","properties":{"c":"b16","b":16,"n":"Eldorado","m":"2700300","cx":-36.6683,"cy":-9.7419},"geometry":{"type":"Polygon","coordinates":[[[-36.6656,-9.7416],[-36.6659,-9.7457],[-36.666,-9.7469],[-36.6669,-9.7468],[-36.6725,-9.7449],[-36.6727,-9.7448],[-36.671,-9.7424],[-36.6712,-9.7423],[-36.67,-9.741],[-36.6686,-9.7395],[-36.6668,-9.7373],[-36.6656,-9.7416]]]}},{"type":"Feature","properties":{"c":"b17","b":17,"n":"Guaribas","m":"2700300","cx":-36.6613,"cy":-9.7886},"geometry":{"type":"Polygon","coordinates":[[[-36.6639,-9.7801],[-36.6631,-9.7799],[-36.6583,-9.7791],[-36.6576,-9.7787],[-36.6572,-9.7777],[-36.6576,-9.7768],[-36.6587,-9.7763],[-36.6587,-9.7751],[-36.6584,-9.7733],[-36.6579,-9.7722],[-36.6567,-9.7701],[-36.6532,-9.773],[-36.6521,-9.7723],[-36.6511,-9.7714],[-36.6505,-9.7722],[-36.65,-9.773],[-36.6498,-9.7746],[-36.6501,-9.7754],[-36.6515,-9.7789],[-36.6518,-9.7798],[-36.6525,-9.7813],[-36.654,-9.7848],[-36.6543,-9.7854],[-36.6566,-9.7912],[-36.6573,-9.793],[-36.6595,-9.7992],[-36.6606,-9.8011],[-36.6612,-9.8022],[-36.663,-9.8066],[-36.6639,-9.8058],[-36.6648,-9.8057],[-36.6662,-9.8044],[-36.6666,-9.8041],[-36.668,-9.8027],[-36.6695,-9.8022],[-36.6692,-9.8009],[-36.6693,-9.8005],[-36.6704,-9.7983],[-36.6703,-9.7971],[-36.6694,-9.7964],[-36.6675,-9.7961],[-36.6665,-9.7954],[-36.6659,-9.7945],[-36.6658,-9.7932],[-36.666,-9.7925],[-36.6673,-9.7901],[-36.6673,-9.7892],[-36.6669,-9.7879],[-36.6662,-9.7855],[-36.6659,-9.7855],[-36.6651,-9.7824],[-36.6646,-9.7811],[-36.6639,-9.7811],[-36.6645,-9.7806],[-36.6639,-9.7801]]]}},{"type":"Feature","properties":{"c":"b18","b":18,"n":"Itapoã","m":"2700300","cx":-36.6401,"cy":-9.7475},"geometry":{"type":"Polygon","coordinates":[[[-36.6385,-9.743],[-36.6336,-9.7473],[-36.6333,-9.7477],[-36.6338,-9.7486],[-36.6375,-9.752],[-36.6412,-9.7514],[-36.6432,-9.7509],[-36.6464,-9.7493],[-36.6483,-9.7483],[-36.6385,-9.743]]]}},{"type":"Feature","properties":{"c":"b19","b":19,"n":"Jardim Esperança","m":"2700300","cx":-36.6766,"cy":-9.7271},"geometry":{"type":"Polygon","coordinates":[[[-36.6695,-9.7278],[-36.6737,-9.7285],[-36.6768,-9.7305],[-36.6766,-9.7308],[-36.6778,-9.7317],[-36.6782,-9.7313],[-36.6795,-9.7299],[-36.6804,-9.7291],[-36.6822,-9.7278],[-36.6833,-9.7267],[-36.6845,-9.7256],[-36.6848,-9.7248],[-36.6847,-9.7224],[-36.681,-9.7237],[-36.679,-9.7242],[-36.671,-9.7269],[-36.6696,-9.7274],[-36.6695,-9.7278]]]}},{"type":"Feature","properties":{"c":"b20","b":20,"n":"Jardim Tropical","m":"2700300","cx":-36.6423,"cy":-9.7566},"geometry":{"type":"Polygon","coordinates":[[[-36.6388,-9.754],[-36.6395,-9.7578],[-36.64,-9.7605],[-36.6421,-9.7609],[-36.6441,-9.7617],[-36.6456,-9.7618],[-36.6468,-9.7616],[-36.648,-9.7618],[-36.6485,-9.7615],[-36.6509,-9.7601],[-36.6506,-9.7583],[-36.6498,-9.7586],[-36.6479,-9.7587],[-36.6474,-9.7585],[-36.6439,-9.7554],[-36.643,-9.7548],[-36.6383,-9.7528],[-36.6388,-9.754]]]}},{"type":"Feature","properties":{"c":"b21","b":21,"n":"Jardim de Maria","m":"2700300","cx":-36.6538,"cy":-9.737},"geometry":{"type":"Polygon","coordinates":[[[-36.6531,-9.7379],[-36.6541,-9.7403],[-36.6543,-9.7407],[-36.6541,-9.7398],[-36.6542,-9.7387],[-36.6548,-9.7361],[-36.6545,-9.7338],[-36.6544,-9.7331],[-36.6524,-9.734],[-36.6531,-9.7379]]]}},{"type":"Feature","properties":{"c":"b22","b":22,"n":"João Paulo II","m":"2700300","cx":-36.6631,"cy":-9.7757},"geometry":{"type":"Polygon","coordinates":[[[-36.6567,-9.7701],[-36.6579,-9.7722],[-36.6584,-9.7733],[-36.6587,-9.7751],[-36.6587,-9.7763],[-36.6576,-9.7768],[-36.6572,-9.7777],[-36.6576,-9.7787],[-36.6583,-9.7791],[-36.6631,-9.7799],[-36.6639,-9.7801],[-36.6645,-9.7806],[-36.6676,-9.7784],[-36.6678,-9.7766],[-36.6672,-9.7743],[-36.6676,-9.7737],[-36.6676,-9.7729],[-36.6668,-9.7719],[-36.665,-9.7714],[-36.6611,-9.7704],[-36.6579,-9.7697],[-36.6567,-9.7701]]]}},{"type":"Feature","properties":{"c":"b23","b":23,"n":"Manoel Teles","m":"2700300","cx":-36.6689,"cy":-9.7568},"geometry":{"type":"Polygon","coordinates":[[[-36.6668,-9.7581],[-36.6688,-9.7585],[-36.6697,-9.7591],[-36.6714,-9.7599],[-36.672,-9.7601],[-36.6724,-9.7603],[-36.6723,-9.758],[-36.6724,-9.7528],[-36.6665,-9.7521],[-36.6666,-9.7534],[-36.6664,-9.7541],[-36.6656,-9.7549],[-36.6641,-9.7556],[-36.6668,-9.7581]]]}},{"type":"Feature","properties":{"c":"b24","b":24,"n":"Massaranduba","m":"2700300","cx":-36.6716,"cy":-9.7056},"geometry":{"type":"Polygon","coordinates":[[[-36.6762,-9.7166],[-36.6766,-9.7166],[-36.679,-9.7176],[-36.6817,-9.7148],[-36.6824,-9.7139],[-36.6889,-9.701],[-36.6912,-9.6963],[-36.6914,-9.6953],[-36.6902,-9.6955],[-36.6868,-9.6976],[-36.6849,-9.6986],[-36.6849,-9.6979],[-36.6846,-9.6972],[-36.6837,-9.6977],[-36.683,-9.6978],[-36.6833,-9.6988],[-36.6777,-9.6992],[-36.6798,-9.6922],[-36.6806,-9.689],[-36.6798,-9.689],[-36.6781,-9.6896],[-36.6767,-9.6897],[-36.6742,-9.6906],[-36.6728,-9.6909],[-36.6717,-9.6913],[-36.6703,-9.6925],[-36.6671,-9.6939],[-36.6655,-9.6948],[-36.6628,-9.6968],[-36.6601,-9.6987],[-36.6591,-9.6992],[-36.6579,-9.6994],[-36.6559,-9.6992],[-36.6549,-9.6994],[-36.6545,-9.7002],[-36.6544,-9.7015],[-36.6546,-9.7019],[-36.6558,-9.7028],[-36.6561,-9.7037],[-36.6561,-9.705],[-36.6572,-9.7063],[-36.6584,-9.7079],[-36.6591,-9.7104],[-36.6591,-9.7107],[-36.6583,-9.7132],[-36.6582,-9.7161],[-36.6578,-9.7172],[-36.6576,-9.7171],[-36.656,-9.719],[-36.6548,-9.7207],[-36.6562,-9.7219],[-36.6561,-9.7221],[-36.6577,-9.7229],[-36.659,-9.7231],[-36.6596,-9.723],[-36.6601,-9.7226],[-36.6587,-9.7207],[-36.6604,-9.719],[-36.6626,-9.7218],[-36.6687,-9.7195],[-36.6724,-9.7181],[-36.6762,-9.7166]]]}},{"type":"Feature","properties":{"c":"b25","b":25,"n":"Nova Esperança","m":"2700300","cx":-36.64,"cy":-9.7705},"geometry":{"type":"Polygon","coordinates":[[[-36.6346,-9.7773],[-36.6354,-9.7772],[-36.6397,-9.7789],[-36.6424,-9.778],[-36.643,-9.7777],[-36.6453,-9.776],[-36.6426,-9.7709],[-36.6433,-9.7702],[-36.6412,-9.7655],[-36.6399,-9.7627],[-36.6396,-9.7639],[-36.6386,-9.7665],[-36.6373,-9.7698],[-36.6358,-9.7741],[-36.6343,-9.7777],[-36.6346,-9.7773]]]}},{"type":"Feature","properties":{"c":"b26","b":26,"n":"Novo Horizonte","m":"2700300","cx":-36.6453,"cy":-9.7441},"geometry":{"type":"Polygon","coordinates":[[[-36.6507,-9.7445],[-36.6496,-9.7437],[-36.6438,-9.7405],[-36.6425,-9.7397],[-36.6385,-9.743],[-36.6483,-9.7483],[-36.6489,-9.7479],[-36.6522,-9.7454],[-36.6507,-9.7445]]]}},{"type":"Feature","properties":{"c":"b27","b":27,"n":"Olho D'Água dos Cazuzinhas","m":"2700300","cx":-36.682,"cy":-9.7754},"geometry":{"type":"Polygon","coordinates":[[[-36.6929,-9.7693],[-36.6913,-9.7699],[-36.6907,-9.7699],[-36.6903,-9.7672],[-36.6902,-9.7667],[-36.685,-9.7642],[-36.6845,-9.7641],[-36.6842,-9.7637],[-36.683,-9.7632],[-36.6795,-9.7614],[-36.6751,-9.7616],[-36.6743,-9.761],[-36.6724,-9.7603],[-36.672,-9.7601],[-36.6716,-9.7613],[-36.6717,-9.7618],[-36.6696,-9.762],[-36.6699,-9.7635],[-36.6703,-9.7645],[-36.6691,-9.7654],[-36.6675,-9.7641],[-36.6679,-9.7648],[-36.668,-9.7658],[-36.666,-9.7668],[-36.6661,-9.767],[-36.6653,-9.7674],[-36.6644,-9.7676],[-36.665,-9.7714],[-36.6668,-9.7719],[-36.6676,-9.7729],[-36.6676,-9.7737],[-36.6672,-9.7743],[-36.6678,-9.7766],[-36.6676,-9.7784],[-36.6645,-9.7806],[-36.6639,-9.7811],[-36.6646,-9.7811],[-36.6651,-9.7824],[-36.6659,-9.7855],[-36.6662,-9.7855],[-36.6669,-9.7879],[-36.6688,-9.7878],[-36.6705,-9.7875],[-36.671,-9.7876],[-36.6728,-9.7895],[-36.6757,-9.7875],[-36.6774,-9.7869],[-36.6774,-9.7866],[-36.6758,-9.7852],[-36.6756,-9.7843],[-36.6793,-9.783],[-36.6787,-9.7801],[-36.6784,-9.7792],[-36.6795,-9.7801],[-36.6801,-9.78],[-36.6812,-9.7807],[-36.6827,-9.7823],[-36.6832,-9.7827],[-36.6837,-9.7826],[-36.6841,-9.783],[-36.6865,-9.7845],[-36.6877,-9.7848],[-36.6896,-9.7847],[-36.6911,-9.7839],[-36.6914,-9.7835],[-36.6925,-9.7829],[-36.6941,-9.7812],[-36.6944,-9.7801],[-36.6967,-9.7775],[-36.697,-9.7773],[-36.6953,-9.7714],[-36.6943,-9.7687],[-36.6929,-9.7693]]]}},{"type":"Feature","properties":{"c":"b28","b":28,"n":"Ouro Preto","m":"2700300","cx":-36.6544,"cy":-9.7594},"geometry":{"type":"Polygon","coordinates":[[[-36.6528,-9.7575],[-36.6506,-9.7583],[-36.6509,-9.7601],[-36.6515,-9.7608],[-36.6558,-9.7642],[-36.6559,-9.7635],[-36.6567,-9.7634],[-36.6568,-9.7617],[-36.6571,-9.7609],[-36.6583,-9.7587],[-36.6593,-9.7576],[-36.6589,-9.7572],[-36.6586,-9.7576],[-36.6563,-9.7558],[-36.6553,-9.7551],[-36.6528,-9.7575]]]}},{"type":"Feature","properties":{"c":"b29","b":29,"n":"Padre Antonio Lima Neto","m":"2700300","cx":-36.6682,"cy":-9.7627},"geometry":{"type":"Polygon","coordinates":[[[-36.6714,-9.7599],[-36.668,-9.7614],[-36.666,-9.7618],[-36.6675,-9.7641],[-36.6691,-9.7654],[-36.6703,-9.7645],[-36.6699,-9.7635],[-36.6696,-9.762],[-36.6717,-9.7618],[-36.6716,-9.7613],[-36.672,-9.7601],[-36.6714,-9.7599]]]}},{"type":"Feature","properties":{"c":"b30","b":30,"n":"Planalto","m":"2700300","cx":-36.6623,"cy":-9.7248},"geometry":{"type":"Polygon","coordinates":[[[-36.6712,-9.722],[-36.6724,-9.7181],[-36.6687,-9.7195],[-36.6626,-9.7218],[-36.6604,-9.719],[-36.6587,-9.7207],[-36.6601,-9.7226],[-36.6596,-9.723],[-36.659,-9.7231],[-36.6577,-9.7229],[-36.6561,-9.7221],[-36.6562,-9.7219],[-36.6548,-9.7207],[-36.6536,-9.7222],[-36.6536,-9.7236],[-36.6547,-9.7261],[-36.6548,-9.7262],[-36.6557,-9.7279],[-36.6566,-9.7292],[-36.6581,-9.731],[-36.6583,-9.7314],[-36.6584,-9.7313],[-36.6594,-9.7309],[-36.6689,-9.7277],[-36.6696,-9.7274],[-36.6712,-9.722]]]}},{"type":"Feature","properties":{"c":"b31","b":31,"n":"Primavera","m":"2700300","cx":-36.6605,"cy":-9.7648},"geometry":{"type":"Polygon","coordinates":[[[-36.6593,-9.7576],[-36.6583,-9.7587],[-36.6571,-9.7609],[-36.6568,-9.7617],[-36.6567,-9.7634],[-36.6565,-9.7676],[-36.6567,-9.7684],[-36.6574,-9.7693],[-36.6579,-9.7697],[-36.6611,-9.7704],[-36.665,-9.7714],[-36.6644,-9.7676],[-36.6642,-9.7664],[-36.6645,-9.7659],[-36.6643,-9.7653],[-36.6645,-9.7644],[-36.6641,-9.7637],[-36.6638,-9.7622],[-36.6619,-9.7626],[-36.6618,-9.7617],[-36.6597,-9.7581],[-36.6594,-9.7578],[-36.6593,-9.7576]]]}},{"type":"Feature","properties":{"c":"b32","b":32,"n":"Santa Edwiges","m":"2700300","cx":-36.6593,"cy":-9.7355},"geometry":{"type":"Polygon","coordinates":[[[-36.6583,-9.7314],[-36.6544,-9.7331],[-36.6545,-9.7338],[-36.6547,-9.7336],[-36.6564,-9.7334],[-36.657,-9.7377],[-36.6586,-9.7373],[-36.66,-9.739],[-36.6634,-9.7373],[-36.6596,-9.7328],[-36.6584,-9.7313],[-36.6583,-9.7314]]]}},{"type":"Feature","properties":{"c":"b33","b":33,"n":"Santa Esmeralda","m":"2700300","cx":-36.6485,"cy":-9.74},"geometry":{"type":"Polygon","coordinates":[[[-36.6425,-9.7397],[-36.6438,-9.7405],[-36.6496,-9.7437],[-36.6507,-9.7445],[-36.6522,-9.7454],[-36.6529,-9.7458],[-36.6536,-9.7445],[-36.6553,-9.7444],[-36.6551,-9.7426],[-36.6543,-9.7407],[-36.6541,-9.7403],[-36.6531,-9.7379],[-36.6524,-9.734],[-36.6468,-9.7364],[-36.6452,-9.7374],[-36.6442,-9.7382],[-36.6425,-9.7397]]]}},{"type":"Feature","properties":{"c":"b34","b":34,"n":"Senador Arnon de Melo","m":"2700300","cx":-36.6455,"cy":-9.7189},"geometry":{"type":"Polygon","coordinates":[[[-36.6544,-9.7331],[-36.6583,-9.7314],[-36.6581,-9.731],[-36.6566,-9.7292],[-36.6557,-9.7279],[-36.6548,-9.7262],[-36.6547,-9.7261],[-36.6536,-9.7236],[-36.6536,-9.7222],[-36.6548,-9.7207],[-36.656,-9.719],[-36.6576,-9.7171],[-36.6578,-9.7172],[-36.6582,-9.7161],[-36.6583,-9.7132],[-36.6591,-9.7107],[-36.6591,-9.7104],[-36.6584,-9.7079],[-36.6572,-9.7063],[-36.6561,-9.705],[-36.6561,-9.7037],[-36.6558,-9.7028],[-36.6546,-9.7019],[-36.6537,-9.7015],[-36.6532,-9.701],[-36.6525,-9.6997],[-36.6515,-9.7009],[-36.6504,-9.702],[-36.6506,-9.7038],[-36.6506,-9.7045],[-36.6498,-9.7063],[-36.6519,-9.7086],[-36.6521,-9.7096],[-36.6515,-9.7098],[-36.6508,-9.7098],[-36.6498,-9.7106],[-36.6498,-9.7114],[-36.6478,-9.7127],[-36.6482,-9.7133],[-36.6474,-9.7142],[-36.6483,-9.7152],[-36.6469,-9.7177],[-36.6463,-9.7183],[-36.6452,-9.7175],[-36.642,-9.7142],[-36.6408,-9.7146],[-36.637,-9.7166],[-36.6351,-9.7171],[-36.6349,-9.718],[-36.635,-9.7189],[-36.6347,-9.7199],[-36.6347,-9.7216],[-36.6349,-9.7226],[-36.6346,-9.7249],[-36.6345,-9.7271],[-36.6348,-9.7281],[-36.6358,-9.7296],[-36.6367,-9.7313],[-36.6372,-9.7328],[-36.6382,-9.7337],[-36.6395,-9.7351],[-36.6433,-9.7372],[-36.6442,-9.7382],[-36.6452,-9.7374],[-36.6468,-9.7364],[-36.6524,-9.734],[-36.6544,-9.7331]]]}},{"type":"Feature","properties":{"c":"b35","b":35,"n":"Senador Nilo Coelho","m":"2700300","cx":-36.6952,"cy":-9.7295},"geometry":{"type":"Polygon","coordinates":[[[-36.6861,-9.7427],[-36.6872,-9.7434],[-36.6886,-9.7441],[-36.6909,-9.7456],[-36.693,-9.7464],[-36.6937,-9.7463],[-36.6954,-9.7459],[-36.6967,-9.7459],[-36.6977,-9.746],[-36.6984,-9.7461],[-36.6982,-9.7457],[-36.6991,-9.7449],[-36.6997,-9.7448],[-36.7,-9.7455],[-36.7013,-9.7451],[-36.7007,-9.7433],[-36.7016,-9.7428],[-36.6998,-9.7396],[-36.7008,-9.7391],[-36.7011,-9.7396],[-36.7019,-9.7393],[-36.7023,-9.7411],[-36.7032,-9.7409],[-36.704,-9.742],[-36.7061,-9.7414],[-36.7062,-9.7405],[-36.706,-9.74],[-36.7067,-9.7398],[-36.7067,-9.7407],[-36.707,-9.7404],[-36.7097,-9.7399],[-36.7098,-9.7384],[-36.7102,-9.7379],[-36.7116,-9.7373],[-36.7103,-9.7347],[-36.711,-9.7347],[-36.7112,-9.733],[-36.7104,-9.7289],[-36.7123,-9.7283],[-36.7124,-9.7275],[-36.7127,-9.7268],[-36.712,-9.7257],[-36.7112,-9.725],[-36.7114,-9.7247],[-36.7113,-9.7239],[-36.7122,-9.7226],[-36.7124,-9.7216],[-36.7117,-9.7196],[-36.7113,-9.7176],[-36.7106,-9.7162],[-36.7113,-9.7157],[-36.7121,-9.7146],[-36.7125,-9.7143],[-36.7127,-9.7135],[-36.7125,-9.7131],[-36.7099,-9.714],[-36.7014,-9.7168],[-36.6847,-9.7224],[-36.6848,-9.7248],[-36.6845,-9.7256],[-36.6833,-9.7267],[-36.6822,-9.7278],[-36.6804,-9.7291],[-36.6795,-9.7299],[-36.6782,-9.7313],[-36.6789,-9.7323],[-36.6803,-9.7339],[-36.6809,-9.7348],[-36.6819,-9.7369],[-36.6834,-9.74],[-36.6861,-9.7427]]]}},{"type":"Feature","properties":{"c":"b36","b":36,"n":"Senador Teotônio Vilela","m":"2700300","cx":-36.6587,"cy":-9.7438},"geometry":{"type":"Polygon","coordinates":[[[-36.6574,-9.7407],[-36.658,-9.7443],[-36.6582,-9.7458],[-36.6596,-9.7459],[-36.6594,-9.7468],[-36.66,-9.747],[-36.6604,-9.7471],[-36.6612,-9.7444],[-36.6597,-9.7445],[-36.6593,-9.7434],[-36.6592,-9.7416],[-36.6594,-9.7409],[-36.659,-9.7404],[-36.6574,-9.7407]]]}},{"type":"Feature","properties":{"c":"b37","b":37,"n":"São Luiz","m":"2700300","cx":-36.6479,"cy":-9.7678},"geometry":{"type":"Polygon","coordinates":[[[-36.6511,-9.7714],[-36.6556,-9.7648],[-36.6558,-9.7642],[-36.6515,-9.7608],[-36.6509,-9.7601],[-36.6485,-9.7615],[-36.648,-9.7618],[-36.6468,-9.7616],[-36.6456,-9.7618],[-36.6441,-9.7617],[-36.6421,-9.7609],[-36.64,-9.7605],[-36.6401,-9.7615],[-36.6399,-9.7627],[-36.6412,-9.7655],[-36.6433,-9.7702],[-36.6426,-9.7709],[-36.6453,-9.776],[-36.6505,-9.7722],[-36.6511,-9.7714]]]}},{"type":"Feature","properties":{"c":"b38","b":38,"n":"São Luiz II","m":"2700300","cx":-36.655,"cy":-9.768},"geometry":{"type":"Polygon","coordinates":[[[-36.6574,-9.7693],[-36.6567,-9.7684],[-36.6565,-9.7676],[-36.6567,-9.7634],[-36.6559,-9.7635],[-36.6558,-9.7642],[-36.6556,-9.7648],[-36.6511,-9.7714],[-36.6521,-9.7723],[-36.6532,-9.773],[-36.6567,-9.7701],[-36.6579,-9.7697],[-36.6574,-9.7693]]]}},{"type":"Feature","properties":{"c":"b39","b":39,"n":"Verdes Campos","m":"2700300","cx":-36.6462,"cy":-9.7784},"geometry":{"type":"Polygon","coordinates":[[[-36.654,-9.7848],[-36.6525,-9.7813],[-36.6518,-9.7798],[-36.6515,-9.7789],[-36.6501,-9.7754],[-36.6498,-9.7746],[-36.65,-9.773],[-36.6505,-9.7722],[-36.6453,-9.776],[-36.643,-9.7777],[-36.6424,-9.778],[-36.6397,-9.7789],[-36.654,-9.7848]]]}},{"type":"Feature","properties":{"c":"b40","b":40,"n":"Zélia Barbosa Rocha","m":"2700300","cx":-36.6882,"cy":-9.7554},"geometry":{"type":"Polygon","coordinates":[[[-36.6725,-9.7449],[-36.6724,-9.7528],[-36.6723,-9.758],[-36.6724,-9.7603],[-36.6743,-9.761],[-36.6751,-9.7616],[-36.6795,-9.7614],[-36.683,-9.7632],[-36.6842,-9.7637],[-36.6845,-9.7641],[-36.685,-9.7642],[-36.6902,-9.7667],[-36.6903,-9.7672],[-36.6907,-9.7699],[-36.6913,-9.7699],[-36.6929,-9.7693],[-36.6943,-9.7687],[-36.6965,-9.7678],[-36.6974,-9.7672],[-36.7,-9.7664],[-36.7028,-9.7658],[-36.7037,-9.7656],[-36.703,-9.7634],[-36.7024,-9.7622],[-36.7033,-9.7613],[-36.7038,-9.7619],[-36.705,-9.7614],[-36.7043,-9.7598],[-36.7045,-9.7597],[-36.7045,-9.7585],[-36.7037,-9.7586],[-36.7035,-9.7575],[-36.7046,-9.7573],[-36.7035,-9.7535],[-36.7028,-9.7524],[-36.7016,-9.7503],[-36.7,-9.7465],[-36.6992,-9.7468],[-36.6981,-9.7464],[-36.6977,-9.7473],[-36.6972,-9.7472],[-36.6977,-9.746],[-36.6967,-9.7459],[-36.6954,-9.7459],[-36.6937,-9.7463],[-36.693,-9.7464],[-36.6909,-9.7456],[-36.6886,-9.7441],[-36.6872,-9.7434],[-36.6861,-9.7427],[-36.6834,-9.74],[-36.683,-9.7402],[-36.6816,-9.74],[-36.6804,-9.7402],[-36.6796,-9.7406],[-36.6784,-9.7419],[-36.6781,-9.7428],[-36.6765,-9.7431],[-36.6756,-9.7428],[-36.6739,-9.7436],[-36.6727,-9.7448],[-36.6725,-9.7449]]]}},{"type":"Feature","properties":{"c":"b41","b":41,"n":"Alto de São Marcos","m":"2700607","cx":-35.8993,"cy":-9.8368},"geometry":{"type":"Polygon","coordinates":[[[-35.8988,-9.8412],[-35.9009,-9.8399],[-35.9012,-9.8406],[-35.902,-9.8414],[-35.9028,-9.8419],[-35.9029,-9.8413],[-35.9035,-9.8407],[-35.9055,-9.8395],[-35.9066,-9.8385],[-35.9069,-9.8379],[-35.9084,-9.837],[-35.9088,-9.8365],[-35.909,-9.8352],[-35.9104,-9.8318],[-35.911,-9.8314],[-35.9146,-9.8303],[-35.9142,-9.8301],[-35.9028,-9.8306],[-35.9018,-9.8308],[-35.8997,-9.8329],[-35.8985,-9.8335],[-35.8975,-9.8334],[-35.8968,-9.833],[-35.8964,-9.8336],[-35.8965,-9.834],[-35.8974,-9.8351],[-35.8958,-9.8355],[-35.8956,-9.8353],[-35.8948,-9.8366],[-35.8903,-9.8367],[-35.8897,-9.837],[-35.8905,-9.8379],[-35.8916,-9.8383],[-35.8934,-9.8402],[-35.894,-9.8404],[-35.8941,-9.8409],[-35.8948,-9.8409],[-35.8949,-9.8416],[-35.8954,-9.8421],[-35.897,-9.8423],[-35.8973,-9.8427],[-35.8975,-9.8436],[-35.8978,-9.8437],[-35.8985,-9.8424],[-35.8994,-9.8427],[-35.8988,-9.8412]]]}},{"type":"Feature","properties":{"c":"b42","b":42,"n":"Barra Mar","m":"2700607","cx":-35.8795,"cy":-9.8236},"geometry":{"type":"Polygon","coordinates":[[[-35.8799,-9.8188],[-35.8765,-9.8159],[-35.8761,-9.8151],[-35.8735,-9.8157],[-35.8755,-9.8195],[-35.8766,-9.8217],[-35.8784,-9.8247],[-35.8789,-9.8254],[-35.8811,-9.8285],[-35.8817,-9.8298],[-35.8831,-9.8315],[-35.8839,-9.8314],[-35.8874,-9.8326],[-35.8875,-9.8326],[-35.8873,-9.8318],[-35.8867,-9.8311],[-35.886,-9.831],[-35.8855,-9.8304],[-35.8845,-9.8299],[-35.8846,-9.8292],[-35.8852,-9.8286],[-35.8848,-9.8281],[-35.8842,-9.828],[-35.8846,-9.8254],[-35.884,-9.8246],[-35.8824,-9.8245],[-35.8819,-9.8244],[-35.8807,-9.8229],[-35.8801,-9.8211],[-35.8798,-9.8195],[-35.88,-9.8189],[-35.8799,-9.8188]]]}},{"type":"Feature","properties":{"c":"b43","b":43,"n":"Brejo","m":"2700607","cx":-35.8875,"cy":-9.8267},"geometry":{"type":"Polygon","coordinates":[[[-35.8798,-9.8195],[-35.8801,-9.8211],[-35.8807,-9.8229],[-35.8819,-9.8244],[-35.8824,-9.8245],[-35.884,-9.8246],[-35.8846,-9.8254],[-35.8842,-9.828],[-35.8848,-9.8281],[-35.8852,-9.8286],[-35.8846,-9.8292],[-35.8845,-9.8299],[-35.8855,-9.8304],[-35.886,-9.831],[-35.8867,-9.8311],[-35.8873,-9.8318],[-35.8875,-9.8326],[-35.8889,-9.8322],[-35.8891,-9.8323],[-35.8898,-9.8315],[-35.8899,-9.8309],[-35.8907,-9.8303],[-35.892,-9.8299],[-35.8934,-9.83],[-35.8937,-9.8295],[-35.8923,-9.8287],[-35.8917,-9.8282],[-35.8892,-9.8246],[-35.8883,-9.824],[-35.884,-9.8221],[-35.8828,-9.8214],[-35.88,-9.8189],[-35.8798,-9.8195]]]}},{"type":"Feature","properties":{"c":"b44","b":44,"n":"Centro","m":"2700607","cx":-35.9032,"cy":-9.8429},"geometry":{"type":"Polygon","coordinates":[[[-35.9035,-9.8407],[-35.9029,-9.8413],[-35.9028,-9.8419],[-35.902,-9.8414],[-35.9012,-9.8406],[-35.9009,-9.8399],[-35.8988,-9.8412],[-35.8994,-9.8427],[-35.9029,-9.8436],[-35.9029,-9.8441],[-35.9038,-9.8442],[-35.9035,-9.8452],[-35.9036,-9.8468],[-35.905,-9.8467],[-35.906,-9.846],[-35.9067,-9.8451],[-35.9066,-9.8446],[-35.9058,-9.8444],[-35.9052,-9.8438],[-35.9058,-9.8432],[-35.9067,-9.8415],[-35.9059,-9.8408],[-35.9065,-9.8404],[-35.9059,-9.84],[-35.9055,-9.8395],[-35.9035,-9.8407]]]}},{"type":"Feature","properties":{"c":"b45","b":45,"n":"Piaçavas","m":"2700607","cx":-35.8888,"cy":-9.8234},"geometry":{"type":"Polygon","coordinates":[[[-35.88,-9.8189],[-35.8828,-9.8214],[-35.884,-9.8221],[-35.8883,-9.824],[-35.8892,-9.8246],[-35.8917,-9.8282],[-35.8923,-9.8287],[-35.8937,-9.8295],[-35.8939,-9.829],[-35.8952,-9.8277],[-35.8952,-9.8272],[-35.8944,-9.8261],[-35.8942,-9.8257],[-35.8916,-9.8242],[-35.8914,-9.8241],[-35.8902,-9.8228],[-35.8913,-9.8215],[-35.8865,-9.8199],[-35.8848,-9.8192],[-35.881,-9.818],[-35.8807,-9.8184],[-35.8799,-9.8188],[-35.88,-9.8189]]]}},{"type":"Feature","properties":{"c":"b46","b":46,"n":"Porto de Vacas","m":"2700607","cx":-35.8888,"cy":-9.8375},"geometry":{"type":"Polygon","coordinates":[[[-35.8839,-9.8324],[-35.8853,-9.8347],[-35.8862,-9.8358],[-35.8871,-9.8371],[-35.8893,-9.8396],[-35.8902,-9.8403],[-35.8917,-9.8414],[-35.8936,-9.8425],[-35.8959,-9.843],[-35.8969,-9.8438],[-35.8978,-9.8437],[-35.8975,-9.8436],[-35.8973,-9.8427],[-35.897,-9.8423],[-35.8954,-9.8421],[-35.8949,-9.8416],[-35.8948,-9.8409],[-35.8941,-9.8409],[-35.894,-9.8404],[-35.8934,-9.8402],[-35.8916,-9.8383],[-35.8905,-9.8379],[-35.8897,-9.837],[-35.8886,-9.8357],[-35.8882,-9.8356],[-35.8884,-9.835],[-35.8876,-9.835],[-35.8878,-9.8348],[-35.8874,-9.8326],[-35.8839,-9.8314],[-35.8831,-9.8315],[-35.8839,-9.8324]]]}},{"type":"Feature","properties":{"c":"b47","b":47,"n":"Praia das Conchas","m":"2700607","cx":-35.9007,"cy":-9.8446},"geometry":{"type":"Polygon","coordinates":[[[-35.8969,-9.8438],[-35.8971,-9.8442],[-35.8983,-9.845],[-35.8992,-9.8459],[-35.8999,-9.8462],[-35.9004,-9.8459],[-35.9025,-9.8467],[-35.9036,-9.8468],[-35.9035,-9.8452],[-35.9038,-9.8442],[-35.9029,-9.8441],[-35.9029,-9.8436],[-35.8994,-9.8427],[-35.8985,-9.8424],[-35.8978,-9.8437],[-35.8969,-9.8438]]]}},{"type":"Feature","properties":{"c":"b48","b":48,"n":"Quebra Cachimbo","m":"2700607","cx":-35.8921,"cy":-9.8333},"geometry":{"type":"Polygon","coordinates":[[[-35.8874,-9.8326],[-35.8878,-9.8348],[-35.8876,-9.835],[-35.8884,-9.835],[-35.8882,-9.8356],[-35.8886,-9.8357],[-35.8897,-9.837],[-35.8903,-9.8367],[-35.8948,-9.8366],[-35.8956,-9.8353],[-35.8958,-9.8355],[-35.8974,-9.8351],[-35.8965,-9.834],[-35.8964,-9.8336],[-35.8968,-9.833],[-35.896,-9.8323],[-35.8951,-9.8305],[-35.8948,-9.8301],[-35.8937,-9.8295],[-35.8934,-9.83],[-35.892,-9.8299],[-35.8907,-9.8303],[-35.8899,-9.8309],[-35.8898,-9.8315],[-35.8891,-9.8323],[-35.8889,-9.8322],[-35.8875,-9.8326],[-35.8874,-9.8326]]]}},{"type":"Feature","properties":{"c":"b49","b":49,"n":"Saquarema","m":"2700607","cx":-35.907,"cy":-9.8397},"geometry":{"type":"MultiPolygon","coordinates":[[[[-35.9084,-9.837],[-35.9069,-9.8379],[-35.9066,-9.8385],[-35.9055,-9.8395],[-35.9059,-9.84],[-35.9065,-9.8404],[-35.9059,-9.8408],[-35.9067,-9.8415],[-35.906,-9.843],[-35.9065,-9.8421],[-35.9072,-9.8417],[-35.9076,-9.8411],[-35.9073,-9.8409],[-35.9076,-9.8403],[-35.9088,-9.8393],[-35.9101,-9.8387],[-35.9111,-9.8377],[-35.9105,-9.8373],[-35.9096,-9.8372],[-35.9088,-9.8365],[-35.9084,-9.837]]],[[[-35.9058,-9.8432],[-35.9052,-9.8438],[-35.9058,-9.8444],[-35.9066,-9.8446],[-35.9064,-9.8433],[-35.906,-9.843],[-35.9058,-9.8432]]]]}},{"type":"Feature","properties":{"c":"b50","b":50,"n":"Antares","m":"2704302","cx":-35.7342,"cy":-9.5773},"geometry":{"type":"Polygon","coordinates":[[[-35.7457,-9.5626],[-35.7451,-9.5613],[-35.7441,-9.5603],[-35.7413,-9.5577],[-35.7362,-9.5628],[-35.7358,-9.5627],[-35.7353,-9.5636],[-35.7351,-9.5637],[-35.735,-9.5647],[-35.7345,-9.5652],[-35.7335,-9.5653],[-35.7332,-9.5656],[-35.7323,-9.5659],[-35.7313,-9.5656],[-35.731,-9.5659],[-35.7304,-9.5658],[-35.7302,-9.5665],[-35.7308,-9.5667],[-35.7309,-9.5672],[-35.7307,-9.5681],[-35.7307,-9.5693],[-35.7302,-9.5701],[-35.7284,-9.5715],[-35.7281,-9.5714],[-35.7274,-9.5724],[-35.7268,-9.5728],[-35.7268,-9.5743],[-35.7263,-9.5746],[-35.7261,-9.5756],[-35.7254,-9.5758],[-35.7248,-9.5763],[-35.7248,-9.5767],[-35.7233,-9.578],[-35.7232,-9.5786],[-35.7239,-9.5799],[-35.7241,-9.5811],[-35.724,-9.5824],[-35.7243,-9.5828],[-35.7242,-9.5834],[-35.7257,-9.5833],[-35.7262,-9.5838],[-35.727,-9.5851],[-35.7276,-9.5856],[-35.7288,-9.5862],[-35.7298,-9.5869],[-35.7304,-9.5869],[-35.7312,-9.5865],[-35.7313,-9.5867],[-35.7305,-9.5879],[-35.7319,-9.5868],[-35.733,-9.5885],[-35.7336,-9.5895],[-35.7339,-9.5917],[-35.7345,-9.5918],[-35.7353,-9.5916],[-35.7382,-9.593],[-35.744,-9.5959],[-35.7438,-9.5955],[-35.744,-9.5948],[-35.7433,-9.594],[-35.7434,-9.5936],[-35.7426,-9.5924],[-35.7415,-9.5912],[-35.7405,-9.5905],[-35.7402,-9.5872],[-35.7403,-9.587],[-35.7401,-9.5849],[-35.7409,-9.5821],[-35.7415,-9.5814],[-35.7417,-9.5808],[-35.7421,-9.5803],[-35.7433,-9.5794],[-35.7433,-9.5786],[-35.7453,-9.5764],[-35.7464,-9.5745],[-35.7468,-9.5745],[-35.7477,-9.5731],[-35.7487,-9.5711],[-35.7504,-9.5715],[-35.7457,-9.5626]]]}},{"type":"Feature","properties":{"c":"b51","b":51,"n":"Barro Duro","m":"2704302","cx":-35.7189,"cy":-9.6154},"geometry":{"type":"Polygon","coordinates":[[[-35.7273,-9.6238],[-35.7278,-9.6235],[-35.7278,-9.6229],[-35.7287,-9.6212],[-35.7288,-9.6204],[-35.7287,-9.6195],[-35.7293,-9.6187],[-35.7294,-9.6175],[-35.7286,-9.6169],[-35.7288,-9.6155],[-35.7282,-9.6149],[-35.7279,-9.6142],[-35.725,-9.6143],[-35.7188,-9.6143],[-35.7178,-9.6154],[-35.7176,-9.6152],[-35.7181,-9.6126],[-35.7186,-9.6118],[-35.7209,-9.6091],[-35.7216,-9.6081],[-35.7214,-9.608],[-35.7213,-9.6071],[-35.7208,-9.607],[-35.7209,-9.6064],[-35.7197,-9.6068],[-35.7193,-9.6077],[-35.7189,-9.6079],[-35.7179,-9.6078],[-35.7168,-9.6075],[-35.7165,-9.6089],[-35.716,-9.6098],[-35.7154,-9.6099],[-35.7153,-9.6104],[-35.7138,-9.6115],[-35.7126,-9.6121],[-35.7122,-9.6128],[-35.7112,-9.6134],[-35.7106,-9.6144],[-35.7091,-9.6145],[-35.709,-9.6162],[-35.7097,-9.6169],[-35.7103,-9.6171],[-35.7114,-9.6172],[-35.7117,-9.6191],[-35.7129,-9.6207],[-35.7135,-9.6218],[-35.7138,-9.6232],[-35.7163,-9.623],[-35.7161,-9.6226],[-35.718,-9.6224],[-35.7182,-9.6234],[-35.7187,-9.624],[-35.7198,-9.6244],[-35.7207,-9.6246],[-35.7217,-9.6244],[-35.7224,-9.6238],[-35.723,-9.6241],[-35.7243,-9.6243],[-35.7253,-9.624],[-35.7269,-9.6245],[-35.7273,-9.6238]]]}},{"type":"Feature","properties":{"c":"b52","b":52,"n":"Bebedouro","m":"2704302","cx":-35.765,"cy":-9.619},"geometry":{"type":"Polygon","coordinates":[[[-35.7515,-9.6231],[-35.7499,-9.6224],[-35.7493,-9.6214],[-35.7487,-9.621],[-35.7482,-9.6216],[-35.7477,-9.6214],[-35.7468,-9.6216],[-35.7453,-9.6213],[-35.7446,-9.6226],[-35.745,-9.6234],[-35.7459,-9.6233],[-35.7461,-9.6244],[-35.7452,-9.6251],[-35.7442,-9.6255],[-35.745,-9.6263],[-35.7444,-9.6272],[-35.7442,-9.6281],[-35.7458,-9.6287],[-35.7472,-9.6294],[-35.747,-9.6297],[-35.7494,-9.6308],[-35.7493,-9.6312],[-35.7497,-9.6314],[-35.7488,-9.6334],[-35.7498,-9.6341],[-35.7502,-9.6336],[-35.7515,-9.6346],[-35.7522,-9.6325],[-35.7521,-9.6318],[-35.753,-9.631],[-35.7541,-9.6311],[-35.7541,-9.6309],[-35.7534,-9.6293],[-35.754,-9.6294],[-35.7545,-9.6288],[-35.7545,-9.6276],[-35.7551,-9.6266],[-35.7567,-9.6256],[-35.7576,-9.6245],[-35.7586,-9.6239],[-35.759,-9.6229],[-35.7599,-9.6223],[-35.7611,-9.6217],[-35.7632,-9.6215],[-35.7643,-9.6212],[-35.7659,-9.6199],[-35.7663,-9.6194],[-35.7671,-9.6192],[-35.7673,-9.6189],[-35.7687,-9.6181],[-35.7701,-9.6167],[-35.7713,-9.6165],[-35.7727,-9.6157],[-35.7742,-9.6144],[-35.775,-9.614],[-35.7755,-9.6134],[-35.7762,-9.6128],[-35.7773,-9.6115],[-35.7786,-9.6101],[-35.7788,-9.6097],[-35.7782,-9.6095],[-35.7782,-9.6088],[-35.7778,-9.6082],[-35.7768,-9.6088],[-35.7766,-9.61],[-35.7758,-9.6093],[-35.7751,-9.609],[-35.7749,-9.6085],[-35.775,-9.6077],[-35.7748,-9.606],[-35.7752,-9.6048],[-35.774,-9.6042],[-35.7727,-9.6038],[-35.772,-9.6033],[-35.7714,-9.6044],[-35.7703,-9.6049],[-35.7699,-9.6055],[-35.7695,-9.6064],[-35.7695,-9.6076],[-35.77,-9.6089],[-35.7713,-9.6103],[-35.7714,-9.6106],[-35.77,-9.6104],[-35.7698,-9.6109],[-35.7688,-9.6111],[-35.7694,-9.6115],[-35.7705,-9.6116],[-35.7717,-9.6127],[-35.7718,-9.6134],[-35.7708,-9.6141],[-35.7695,-9.6145],[-35.7686,-9.6153],[-35.7667,-9.6165],[-35.7663,-9.6171],[-35.7648,-9.6179],[-35.7638,-9.6181],[-35.7631,-9.6185],[-35.7623,-9.6182],[-35.7631,-9.6198],[-35.7626,-9.6201],[-35.7572,-9.6219],[-35.7557,-9.6229],[-35.756,-9.6234],[-35.7547,-9.6242],[-35.7544,-9.6236],[-35.7525,-9.6242],[-35.7522,-9.6245],[-35.7518,-9.6234],[-35.7515,-9.6231]]]}},{"type":"Feature","properties":{"c":"b53","b":53,"n":"Benedito Bentes","m":"2704302","cx":-35.7086,"cy":-9.5635},"geometry":{"type":"Polygon","coordinates":[[[-35.7373,-9.5539],[-35.7405,-9.5479],[-35.7459,-9.5381],[-35.749,-9.5326],[-35.7501,-9.5322],[-35.7492,-9.5323],[-35.7459,-9.5329],[-35.7413,-9.5331],[-35.7237,-9.5342],[-35.7238,-9.5347],[-35.7243,-9.5353],[-35.7241,-9.5358],[-35.723,-9.5356],[-35.7233,-9.5349],[-35.7231,-9.5342],[-35.721,-9.5343],[-35.7207,-9.5347],[-35.7209,-9.5353],[-35.7208,-9.5361],[-35.72,-9.5365],[-35.7193,-9.5361],[-35.7188,-9.5369],[-35.7179,-9.5352],[-35.7171,-9.5355],[-35.7161,-9.5357],[-35.7162,-9.5365],[-35.7158,-9.5371],[-35.7145,-9.5369],[-35.7141,-9.5365],[-35.7139,-9.537],[-35.7141,-9.5384],[-35.714,-9.5402],[-35.7136,-9.5408],[-35.7131,-9.5409],[-35.713,-9.5415],[-35.7121,-9.542],[-35.7118,-9.5427],[-35.7119,-9.5432],[-35.7113,-9.5436],[-35.7109,-9.5447],[-35.7104,-9.545],[-35.7101,-9.5455],[-35.7087,-9.5456],[-35.7073,-9.546],[-35.707,-9.5465],[-35.7063,-9.5465],[-35.7049,-9.5473],[-35.7031,-9.548],[-35.7018,-9.55],[-35.7006,-9.5501],[-35.6999,-9.5499],[-35.699,-9.5498],[-35.6979,-9.5506],[-35.6972,-9.5506],[-35.6964,-9.5509],[-35.6955,-9.5507],[-35.6943,-9.551],[-35.6936,-9.5513],[-35.6934,-9.5523],[-35.6932,-9.5526],[-35.6925,-9.5542],[-35.6924,-9.5549],[-35.6914,-9.5559],[-35.6914,-9.5563],[-35.69,-9.5567],[-35.6885,-9.5574],[-35.6884,-9.558],[-35.6875,-9.5594],[-35.6862,-9.5595],[-35.6854,-9.5599],[-35.6847,-9.5599],[-35.6828,-9.5602],[-35.6819,-9.5607],[-35.6808,-9.5607],[-35.6801,-9.561],[-35.6797,-9.5608],[-35.6798,-9.5616],[-35.6804,-9.5616],[-35.6807,-9.5619],[-35.6804,-9.5625],[-35.6812,-9.5626],[-35.6818,-9.5634],[-35.6817,-9.5638],[-35.6825,-9.566],[-35.6822,-9.5665],[-35.6831,-9.5677],[-35.6829,-9.5682],[-35.6821,-9.5684],[-35.6832,-9.5693],[-35.683,-9.5697],[-35.6833,-9.5711],[-35.6839,-9.5723],[-35.6844,-9.5719],[-35.6857,-9.5721],[-35.6867,-9.5726],[-35.6873,-9.5722],[-35.6876,-9.5724],[-35.6882,-9.5741],[-35.6878,-9.5752],[-35.6892,-9.5769],[-35.69,-9.5773],[-35.6919,-9.5795],[-35.6926,-9.5799],[-35.6929,-9.579],[-35.694,-9.578],[-35.6948,-9.5776],[-35.6957,-9.5775],[-35.6981,-9.5784],[-35.6995,-9.5786],[-35.7007,-9.5783],[-35.7016,-9.5776],[-35.7043,-9.5787],[-35.7048,-9.5791],[-35.7052,-9.58],[-35.7054,-9.5817],[-35.7067,-9.5823],[-35.707,-9.5828],[-35.7088,-9.5829],[-35.7095,-9.5826],[-35.7103,-9.5829],[-35.7103,-9.5837],[-35.7108,-9.5848],[-35.711,-9.5857],[-35.712,-9.5868],[-35.7123,-9.5876],[-35.7132,-9.5887],[-35.713,-9.5914],[-35.7127,-9.5925],[-35.7123,-9.5929],[-35.7122,-9.5938],[-35.7126,-9.5946],[-35.7134,-9.5947],[-35.7144,-9.594],[-35.7148,-9.5941],[-35.7166,-9.5924],[-35.7181,-9.5903],[-35.7188,-9.59],[-35.7186,-9.5897],[-35.7193,-9.5885],[-35.7196,-9.5882],[-35.7201,-9.5883],[-35.7205,-9.5879],[-35.7218,-9.587],[-35.7225,-9.5867],[-35.7226,-9.5863],[-35.7232,-9.5861],[-35.7233,-9.585],[-35.7237,-9.5845],[-35.7238,-9.5839],[-35.7242,-9.5834],[-35.7243,-9.5828],[-35.724,-9.5824],[-35.7241,-9.5811],[-35.7239,-9.5799],[-35.7232,-9.5786],[-35.7233,-9.578],[-35.7248,-9.5767],[-35.7248,-9.5763],[-35.7254,-9.5758],[-35.7261,-9.5756],[-35.7263,-9.5746],[-35.7268,-9.5743],[-35.7268,-9.5728],[-35.7274,-9.5724],[-35.7281,-9.5714],[-35.7284,-9.5715],[-35.7302,-9.5701],[-35.7307,-9.5693],[-35.7307,-9.5681],[-35.7309,-9.5672],[-35.7308,-9.5667],[-35.7302,-9.5665],[-35.7304,-9.5658],[-35.731,-9.5659],[-35.7313,-9.5656],[-35.7323,-9.5659],[-35.7332,-9.5656],[-35.7335,-9.5653],[-35.7345,-9.5652],[-35.735,-9.5647],[-35.7351,-9.5637],[-35.7353,-9.5636],[-35.7358,-9.5627],[-35.7362,-9.5628],[-35.7413,-9.5577],[-35.7373,-9.5539]]]}},{"type":"Feature","properties":{"c":"b54","b":54,"n":"Bom Parto","m":"2704302","cx":-35.7443,"cy":-9.6498},"geometry":{"type":"Polygon","coordinates":[[[-35.7431,-9.6549],[-35.7456,-9.6556],[-35.7466,-9.6554],[-35.747,-9.6541],[-35.7462,-9.654],[-35.7463,-9.6537],[-35.7455,-9.6522],[-35.7455,-9.6518],[-35.7461,-9.6504],[-35.7466,-9.6499],[-35.7464,-9.6478],[-35.7466,-9.6457],[-35.7463,-9.6453],[-35.7456,-9.6452],[-35.7453,-9.6445],[-35.7449,-9.6445],[-35.7443,-9.6449],[-35.7434,-9.6442],[-35.7433,-9.6448],[-35.7434,-9.6462],[-35.7421,-9.6497],[-35.741,-9.6519],[-35.7401,-9.6528],[-35.7395,-9.6528],[-35.7384,-9.6522],[-35.7376,-9.6525],[-35.7375,-9.6529],[-35.7381,-9.6533],[-35.7396,-9.6534],[-35.7411,-9.6542],[-35.7431,-9.6549]]]}},{"type":"Feature","properties":{"c":"b55","b":55,"n":"Canaã","m":"2704302","cx":-35.7384,"cy":-9.605},"geometry":{"type":"Polygon","coordinates":[[[-35.7341,-9.6028],[-35.7334,-9.6027],[-35.733,-9.6031],[-35.7332,-9.6043],[-35.7345,-9.6053],[-35.7377,-9.608],[-35.74,-9.61],[-35.7402,-9.6102],[-35.7404,-9.6087],[-35.7409,-9.6071],[-35.7416,-9.6059],[-35.7429,-9.6048],[-35.7433,-9.6046],[-35.7397,-9.6016],[-35.7397,-9.6009],[-35.7401,-9.5997],[-35.7387,-9.6006],[-35.7373,-9.6016],[-35.7371,-9.602],[-35.7364,-9.602],[-35.7355,-9.6023],[-35.7345,-9.6021],[-35.7341,-9.6023],[-35.7341,-9.6028]]]}},{"type":"Feature","properties":{"c":"b56","b":56,"n":"Centro","m":"2704302","cx":-35.7398,"cy":-9.6623},"geometry":{"type":"Polygon","coordinates":[[[-35.7432,-9.664],[-35.7435,-9.6617],[-35.7431,-9.6608],[-35.7414,-9.6595],[-35.7402,-9.6588],[-35.7398,-9.6578],[-35.7399,-9.6571],[-35.7411,-9.6542],[-35.7396,-9.6534],[-35.7381,-9.6533],[-35.7375,-9.6529],[-35.7369,-9.6534],[-35.7399,-9.6545],[-35.7383,-9.6583],[-35.7382,-9.6592],[-35.7375,-9.6601],[-35.736,-9.6626],[-35.7361,-9.6629],[-35.7354,-9.664],[-35.7347,-9.6642],[-35.7342,-9.664],[-35.7338,-9.6646],[-35.7298,-9.6618],[-35.7297,-9.6608],[-35.729,-9.6604],[-35.7286,-9.662],[-35.7288,-9.6627],[-35.7296,-9.6632],[-35.7295,-9.667],[-35.7295,-9.6676],[-35.7307,-9.6689],[-35.7309,-9.6716],[-35.733,-9.6712],[-35.7356,-9.6712],[-35.7385,-9.6715],[-35.7418,-9.6722],[-35.7419,-9.669],[-35.7427,-9.6687],[-35.7432,-9.668],[-35.7433,-9.6674],[-35.7432,-9.6653],[-35.7432,-9.664]]]}},{"type":"Feature","properties":{"c":"b57","b":57,"n":"Chã da Jaqueira","m":"2704302","cx":-35.7493,"cy":-9.6168},"geometry":{"type":"Polygon","coordinates":[[[-35.7438,-9.6118],[-35.7433,-9.6128],[-35.7434,-9.6136],[-35.744,-9.6146],[-35.7437,-9.6164],[-35.7431,-9.6172],[-35.742,-9.6181],[-35.7417,-9.6185],[-35.7421,-9.6192],[-35.7421,-9.6202],[-35.7432,-9.6204],[-35.744,-9.621],[-35.7453,-9.6213],[-35.7468,-9.6216],[-35.7477,-9.6214],[-35.7482,-9.6216],[-35.7487,-9.621],[-35.7493,-9.6214],[-35.7499,-9.6224],[-35.7515,-9.6231],[-35.7518,-9.6234],[-35.7517,-9.622],[-35.7524,-9.6207],[-35.7537,-9.6198],[-35.7543,-9.6188],[-35.7556,-9.6159],[-35.7561,-9.6153],[-35.7555,-9.6153],[-35.7549,-9.6161],[-35.7529,-9.6145],[-35.753,-9.614],[-35.7519,-9.6138],[-35.7517,-9.6144],[-35.7517,-9.6156],[-35.7509,-9.6157],[-35.7515,-9.6152],[-35.7516,-9.6145],[-35.7512,-9.6137],[-35.7516,-9.6134],[-35.7512,-9.613],[-35.7515,-9.6122],[-35.7508,-9.6121],[-35.7504,-9.6109],[-35.7492,-9.6112],[-35.7487,-9.6108],[-35.7483,-9.611],[-35.7475,-9.611],[-35.7474,-9.6107],[-35.7459,-9.6115],[-35.7457,-9.6113],[-35.7444,-9.6114],[-35.744,-9.6117],[-35.7438,-9.6118]]]}},{"type":"Feature","properties":{"c":"b58","b":58,"n":"Chã de Bebedouro","m":"2704302","cx":-35.7584,"cy":-9.6193},"geometry":{"type":"Polygon","coordinates":[[[-35.7619,-9.6177],[-35.7631,-9.6164],[-35.7621,-9.6165],[-35.7612,-9.6161],[-35.7605,-9.6151],[-35.7594,-9.6147],[-35.7594,-9.6143],[-35.759,-9.6147],[-35.7583,-9.6152],[-35.7561,-9.6153],[-35.7556,-9.6159],[-35.7543,-9.6188],[-35.7537,-9.6198],[-35.7524,-9.6207],[-35.7517,-9.622],[-35.7518,-9.6234],[-35.7522,-9.6245],[-35.7525,-9.6242],[-35.7544,-9.6236],[-35.7547,-9.6242],[-35.756,-9.6234],[-35.7557,-9.6229],[-35.7572,-9.6219],[-35.7626,-9.6201],[-35.7631,-9.6198],[-35.7623,-9.6182],[-35.7619,-9.6177]]]}},{"type":"Feature","properties":{"c":"b59","b":59,"n":"Cidade Universitária","m":"2704302","cx":-35.7666,"cy":-9.543},"geometry":{"type":"Polygon","coordinates":[[[-35.7441,-9.5603],[-35.7451,-9.5613],[-35.7457,-9.5626],[-35.7479,-9.5576],[-35.7489,-9.5561],[-35.75,-9.5552],[-35.7513,-9.5547],[-35.7527,-9.5544],[-35.7546,-9.5546],[-35.7558,-9.5551],[-35.7586,-9.5565],[-35.7668,-9.5607],[-35.7762,-9.5655],[-35.7769,-9.5656],[-35.7773,-9.5654],[-35.7779,-9.5656],[-35.778,-9.5646],[-35.7824,-9.5559],[-35.7849,-9.5517],[-35.7966,-9.5314],[-35.7967,-9.5315],[-35.7952,-9.5238],[-35.7949,-9.5235],[-35.7844,-9.5255],[-35.7814,-9.526],[-35.78,-9.5186],[-35.7745,-9.5212],[-35.7746,-9.5229],[-35.7744,-9.5238],[-35.7737,-9.5247],[-35.7728,-9.5255],[-35.7721,-9.5258],[-35.7704,-9.5263],[-35.7501,-9.5322],[-35.749,-9.5326],[-35.7459,-9.5381],[-35.7405,-9.5479],[-35.7373,-9.5539],[-35.7413,-9.5577],[-35.7441,-9.5603]]]}},{"type":"Feature","properties":{"c":"b60","b":60,"n":"Clima Bom","m":"2704302","cx":-35.7889,"cy":-9.5744},"geometry":{"type":"Polygon","coordinates":[[[-35.791,-9.5797],[-35.7915,-9.5797],[-35.7923,-9.5804],[-35.7937,-9.5803],[-35.7945,-9.5809],[-35.7953,-9.5807],[-35.7973,-9.5813],[-35.798,-9.5813],[-35.7988,-9.5816],[-35.7988,-9.5821],[-35.7996,-9.5821],[-35.8,-9.583],[-35.8002,-9.5824],[-35.7999,-9.5814],[-35.7999,-9.5808],[-35.8008,-9.5791],[-35.8005,-9.5783],[-35.8008,-9.5773],[-35.802,-9.5757],[-35.8021,-9.5753],[-35.8018,-9.5739],[-35.8026,-9.5728],[-35.8034,-9.572],[-35.8039,-9.5704],[-35.8037,-9.5695],[-35.8032,-9.5712],[-35.8029,-9.5717],[-35.8019,-9.5727],[-35.8015,-9.5729],[-35.8002,-9.5731],[-35.7995,-9.5729],[-35.7985,-9.5709],[-35.7973,-9.5696],[-35.7939,-9.5679],[-35.7933,-9.5672],[-35.7923,-9.5666],[-35.7894,-9.5649],[-35.7879,-9.5647],[-35.7788,-9.566],[-35.778,-9.5659],[-35.7779,-9.5664],[-35.7772,-9.5676],[-35.7774,-9.5685],[-35.777,-9.5686],[-35.7758,-9.575],[-35.7759,-9.5763],[-35.7754,-9.5786],[-35.7744,-9.5813],[-35.7747,-9.5819],[-35.7749,-9.5832],[-35.7752,-9.5837],[-35.778,-9.5852],[-35.7788,-9.5853],[-35.7803,-9.5842],[-35.7814,-9.5829],[-35.7817,-9.5827],[-35.7845,-9.5821],[-35.7848,-9.5822],[-35.7871,-9.5835],[-35.7878,-9.5827],[-35.7893,-9.5818],[-35.7894,-9.5816],[-35.7886,-9.5806],[-35.7897,-9.5808],[-35.79,-9.5796],[-35.7901,-9.5803],[-35.791,-9.5797]]]}},{"type":"Feature","properties":{"c":"b61","b":61,"n":"Cruz das Almas","m":"2704302","cx":-35.703,"cy":-9.6308},"geometry":{"type":"Polygon","coordinates":[[[-35.7059,-9.6376],[-35.7057,-9.6368],[-35.705,-9.636],[-35.7046,-9.636],[-35.7041,-9.6349],[-35.7046,-9.6348],[-35.7067,-9.6337],[-35.7075,-9.6331],[-35.7083,-9.633],[-35.7084,-9.6325],[-35.7101,-9.6323],[-35.7104,-9.632],[-35.7107,-9.631],[-35.7102,-9.6306],[-35.71,-9.6293],[-35.7095,-9.6285],[-35.7091,-9.6268],[-35.7085,-9.6265],[-35.7089,-9.6256],[-35.7082,-9.6255],[-35.7083,-9.6232],[-35.7081,-9.6217],[-35.7074,-9.6222],[-35.7065,-9.6219],[-35.7042,-9.6218],[-35.7042,-9.6223],[-35.7035,-9.6234],[-35.7028,-9.6242],[-35.7027,-9.6252],[-35.7023,-9.6257],[-35.6969,-9.6258],[-35.6958,-9.6236],[-35.6935,-9.6236],[-35.6929,-9.6237],[-35.6937,-9.6256],[-35.6946,-9.6282],[-35.696,-9.6317],[-35.697,-9.6347],[-35.6975,-9.6369],[-35.6979,-9.6398],[-35.6997,-9.6395],[-35.7003,-9.6397],[-35.7026,-9.6398],[-35.7029,-9.6387],[-35.706,-9.6389],[-35.7059,-9.6376]]]}},{"type":"Feature","properties":{"c":"b62","b":62,"n":"Farol","m":"2704302","cx":-35.7349,"cy":-9.6512},"geometry":{"type":"Polygon","coordinates":[[[-35.7297,-9.6608],[-35.7298,-9.6618],[-35.7338,-9.6646],[-35.7342,-9.664],[-35.7347,-9.6642],[-35.7354,-9.664],[-35.7361,-9.6629],[-35.736,-9.6626],[-35.7375,-9.6601],[-35.7382,-9.6592],[-35.7383,-9.6583],[-35.7399,-9.6545],[-35.7369,-9.6534],[-35.7375,-9.6529],[-35.7376,-9.6525],[-35.7384,-9.6522],[-35.7395,-9.6528],[-35.7401,-9.6528],[-35.741,-9.6519],[-35.7421,-9.6497],[-35.7434,-9.6462],[-35.7433,-9.6448],[-35.7434,-9.6442],[-35.7433,-9.6442],[-35.7423,-9.6437],[-35.7412,-9.6429],[-35.7405,-9.6431],[-35.7399,-9.643],[-35.7405,-9.6419],[-35.7417,-9.6424],[-35.7425,-9.6409],[-35.7417,-9.6402],[-35.7418,-9.6397],[-35.7395,-9.6387],[-35.7393,-9.6391],[-35.736,-9.6376],[-35.7348,-9.6434],[-35.7332,-9.6427],[-35.7332,-9.6422],[-35.7319,-9.6416],[-35.731,-9.6413],[-35.7303,-9.6422],[-35.7313,-9.642],[-35.7315,-9.6426],[-35.7319,-9.6426],[-35.7323,-9.6433],[-35.7324,-9.6442],[-35.7314,-9.6451],[-35.7312,-9.646],[-35.7303,-9.6466],[-35.7298,-9.6465],[-35.7285,-9.6474],[-35.728,-9.6481],[-35.7276,-9.6487],[-35.7278,-9.6496],[-35.7285,-9.6505],[-35.7286,-9.652],[-35.7289,-9.6532],[-35.7288,-9.6542],[-35.7285,-9.6559],[-35.7285,-9.6562],[-35.7301,-9.6559],[-35.731,-9.6554],[-35.7305,-9.6561],[-35.7299,-9.6562],[-35.7298,-9.6575],[-35.7291,-9.6581],[-35.7294,-9.6598],[-35.729,-9.6604],[-35.7297,-9.6608]]]}},{"type":"Feature","properties":{"c":"b63","b":63,"n":"Feitosa","m":"2704302","cx":-35.7264,"cy":-9.6354},"geometry":{"type":"Polygon","coordinates":[[[-35.7285,-9.6474],[-35.7298,-9.6465],[-35.7303,-9.6466],[-35.7312,-9.646],[-35.7314,-9.6451],[-35.7324,-9.6442],[-35.7323,-9.6433],[-35.7319,-9.6426],[-35.7315,-9.6426],[-35.7313,-9.642],[-35.7303,-9.6422],[-35.731,-9.6413],[-35.7319,-9.6416],[-35.7319,-9.641],[-35.7311,-9.6407],[-35.7305,-9.6408],[-35.7303,-9.6403],[-35.7293,-9.6401],[-35.7293,-9.6396],[-35.7288,-9.6395],[-35.7287,-9.6385],[-35.729,-9.6378],[-35.729,-9.6362],[-35.7288,-9.6359],[-35.7286,-9.6347],[-35.7293,-9.6344],[-35.7297,-9.6332],[-35.7297,-9.6319],[-35.7293,-9.6318],[-35.7296,-9.6306],[-35.7302,-9.6296],[-35.7302,-9.6294],[-35.7295,-9.6284],[-35.7285,-9.6282],[-35.7283,-9.6286],[-35.7277,-9.6285],[-35.7274,-9.628],[-35.7276,-9.6274],[-35.7274,-9.6266],[-35.7266,-9.6262],[-35.727,-9.6251],[-35.7269,-9.6245],[-35.7253,-9.624],[-35.7243,-9.6243],[-35.723,-9.6241],[-35.7224,-9.6238],[-35.7217,-9.6244],[-35.7207,-9.6246],[-35.7198,-9.6244],[-35.7187,-9.624],[-35.7182,-9.6234],[-35.718,-9.6224],[-35.7161,-9.6226],[-35.7163,-9.623],[-35.7138,-9.6232],[-35.7135,-9.6252],[-35.7136,-9.6275],[-35.7135,-9.6279],[-35.7126,-9.6286],[-35.712,-9.63],[-35.7111,-9.6309],[-35.7115,-9.6314],[-35.7114,-9.6326],[-35.7118,-9.6331],[-35.7138,-9.6331],[-35.7139,-9.6338],[-35.713,-9.6341],[-35.7133,-9.6345],[-35.7143,-9.6343],[-35.7159,-9.6345],[-35.7155,-9.6327],[-35.7173,-9.6327],[-35.7172,-9.6318],[-35.7194,-9.632],[-35.7196,-9.6317],[-35.7204,-9.6314],[-35.7206,-9.6307],[-35.7216,-9.6314],[-35.7225,-9.6313],[-35.7229,-9.6316],[-35.7234,-9.6314],[-35.7233,-9.632],[-35.7242,-9.6329],[-35.7242,-9.6335],[-35.7239,-9.6349],[-35.7241,-9.6359],[-35.7239,-9.6368],[-35.7239,-9.6379],[-35.7237,-9.6381],[-35.7243,-9.6392],[-35.7248,-9.6389],[-35.7255,-9.6391],[-35.7265,-9.6402],[-35.727,-9.6404],[-35.7277,-9.6412],[-35.728,-9.6421],[-35.7276,-9.6427],[-35.7269,-9.643],[-35.7262,-9.6428],[-35.7254,-9.6434],[-35.7252,-9.6433],[-35.7248,-9.644],[-35.7239,-9.6442],[-35.7239,-9.645],[-35.7242,-9.6451],[-35.7239,-9.6461],[-35.7246,-9.6471],[-35.7251,-9.6474],[-35.727,-9.6473],[-35.7278,-9.6476],[-35.728,-9.6481],[-35.7285,-9.6474]]]}},{"type":"Feature","properties":{"c":"b64","b":64,"n":"Fernão Velho","m":"2704302","cx":-35.7805,"cy":-9.5922},"geometry":{"type":"Polygon","coordinates":[[[-35.7975,-9.589],[-35.798,-9.5879],[-35.7983,-9.5876],[-35.7979,-9.5871],[-35.7996,-9.5857],[-35.8001,-9.5848],[-35.8,-9.5844],[-35.8004,-9.5834],[-35.8,-9.583],[-35.7996,-9.5821],[-35.7988,-9.5821],[-35.7988,-9.5816],[-35.798,-9.5813],[-35.7973,-9.5813],[-35.7953,-9.5807],[-35.7945,-9.5809],[-35.7937,-9.5803],[-35.7923,-9.5804],[-35.7915,-9.5797],[-35.791,-9.5797],[-35.7901,-9.5803],[-35.7908,-9.5805],[-35.7923,-9.5822],[-35.7909,-9.5826],[-35.7896,-9.5837],[-35.7888,-9.5835],[-35.7887,-9.5841],[-35.7897,-9.5847],[-35.7913,-9.5849],[-35.7917,-9.5853],[-35.7929,-9.5856],[-35.7944,-9.587],[-35.7939,-9.5879],[-35.7926,-9.5882],[-35.7919,-9.5878],[-35.7905,-9.5878],[-35.7898,-9.5877],[-35.7892,-9.5872],[-35.788,-9.5873],[-35.7873,-9.587],[-35.787,-9.5861],[-35.7871,-9.5845],[-35.7862,-9.5837],[-35.7845,-9.5828],[-35.7829,-9.5832],[-35.7818,-9.5832],[-35.7811,-9.5838],[-35.7808,-9.5849],[-35.7811,-9.5862],[-35.7816,-9.5871],[-35.7805,-9.5886],[-35.78,-9.5887],[-35.7796,-9.5894],[-35.7805,-9.5899],[-35.7804,-9.5909],[-35.7794,-9.5915],[-35.7789,-9.5916],[-35.7782,-9.5914],[-35.7767,-9.5913],[-35.7751,-9.5918],[-35.7738,-9.5927],[-35.773,-9.594],[-35.7728,-9.5949],[-35.7725,-9.5951],[-35.7729,-9.5962],[-35.7735,-9.5969],[-35.7729,-9.5986],[-35.7717,-9.6004],[-35.7715,-9.6003],[-35.7717,-9.6016],[-35.7718,-9.6032],[-35.772,-9.6033],[-35.7727,-9.6038],[-35.774,-9.6042],[-35.7752,-9.6048],[-35.7755,-9.6044],[-35.7758,-9.6032],[-35.7765,-9.6023],[-35.7764,-9.6007],[-35.7768,-9.5995],[-35.7772,-9.5992],[-35.7781,-9.5978],[-35.7792,-9.5972],[-35.7798,-9.5965],[-35.78,-9.5966],[-35.781,-9.5958],[-35.7816,-9.5947],[-35.7824,-9.5939],[-35.784,-9.5929],[-35.7848,-9.593],[-35.7856,-9.5928],[-35.7884,-9.5912],[-35.7895,-9.5899],[-35.7915,-9.5895],[-35.7939,-9.5899],[-35.7954,-9.59],[-35.7956,-9.5903],[-35.797,-9.5901],[-35.7977,-9.5898],[-35.7979,-9.5894],[-35.7975,-9.589]]]}},{"type":"Feature","properties":{"c":"b65","b":65,"n":"Garça Torta","m":"2704302","cx":-35.6728,"cy":-9.5785},"geometry":{"type":"Polygon","coordinates":[[[-35.6833,-9.5711],[-35.683,-9.5697],[-35.6832,-9.5693],[-35.6821,-9.5684],[-35.6829,-9.5682],[-35.6831,-9.5677],[-35.6822,-9.5665],[-35.682,-9.5669],[-35.6806,-9.5679],[-35.68,-9.5694],[-35.6791,-9.5703],[-35.6789,-9.571],[-35.6781,-9.5716],[-35.6777,-9.5722],[-35.6773,-9.5735],[-35.6769,-9.5738],[-35.676,-9.574],[-35.674,-9.5734],[-35.6723,-9.5734],[-35.6721,-9.5736],[-35.6728,-9.5749],[-35.6723,-9.5759],[-35.6712,-9.5766],[-35.6698,-9.5778],[-35.6687,-9.5784],[-35.6682,-9.5791],[-35.6676,-9.5788],[-35.6675,-9.5782],[-35.667,-9.5786],[-35.666,-9.5786],[-35.6655,-9.5778],[-35.6643,-9.5775],[-35.6641,-9.5781],[-35.6634,-9.5781],[-35.6632,-9.5787],[-35.6628,-9.5783],[-35.6616,-9.5782],[-35.6608,-9.5788],[-35.661,-9.5797],[-35.6592,-9.5808],[-35.6603,-9.5819],[-35.6589,-9.5827],[-35.6624,-9.5867],[-35.6634,-9.5877],[-35.6647,-9.5885],[-35.6653,-9.5898],[-35.666,-9.5897],[-35.6669,-9.5903],[-35.6677,-9.5906],[-35.668,-9.5903],[-35.6676,-9.5896],[-35.668,-9.5892],[-35.6681,-9.5883],[-35.6674,-9.5882],[-35.667,-9.5869],[-35.6673,-9.5862],[-35.6679,-9.5865],[-35.6691,-9.5859],[-35.6696,-9.585],[-35.6695,-9.5841],[-35.6702,-9.5832],[-35.6703,-9.582],[-35.671,-9.5822],[-35.6714,-9.5815],[-35.673,-9.5807],[-35.6737,-9.5807],[-35.6745,-9.5803],[-35.6753,-9.5795],[-35.6763,-9.5793],[-35.6769,-9.5786],[-35.6779,-9.5779],[-35.6782,-9.5773],[-35.6793,-9.5759],[-35.68,-9.5754],[-35.6802,-9.575],[-35.6812,-9.5747],[-35.6821,-9.5737],[-35.6833,-9.5732],[-35.6839,-9.5723],[-35.6833,-9.5711]]]}},{"type":"Feature","properties":{"c":"b66","b":66,"n":"Gruta de Lourdes","m":"2704302","cx":-35.7358,"cy":-9.6178},"geometry":{"type":"Polygon","coordinates":[[[-35.7293,-9.6187],[-35.7287,-9.6195],[-35.7288,-9.6204],[-35.7287,-9.6212],[-35.7278,-9.6229],[-35.7278,-9.6235],[-35.7273,-9.6238],[-35.7269,-9.6245],[-35.727,-9.6251],[-35.7266,-9.6262],[-35.7274,-9.6266],[-35.7276,-9.6274],[-35.7274,-9.628],[-35.7277,-9.6285],[-35.7283,-9.6286],[-35.7285,-9.6282],[-35.7295,-9.6284],[-35.7302,-9.6294],[-35.7302,-9.6296],[-35.7308,-9.6295],[-35.7315,-9.6299],[-35.7326,-9.6293],[-35.7344,-9.6302],[-35.7372,-9.6313],[-35.738,-9.6275],[-35.7386,-9.6242],[-35.7389,-9.6222],[-35.7404,-9.6219],[-35.7431,-9.6241],[-35.7435,-9.6219],[-35.7446,-9.6226],[-35.7453,-9.6213],[-35.744,-9.621],[-35.7432,-9.6204],[-35.7421,-9.6202],[-35.7421,-9.6192],[-35.7417,-9.6185],[-35.742,-9.6181],[-35.7431,-9.6172],[-35.7437,-9.6164],[-35.744,-9.6146],[-35.7434,-9.6136],[-35.7433,-9.6128],[-35.7425,-9.6118],[-35.7418,-9.6115],[-35.7402,-9.6102],[-35.74,-9.61],[-35.7377,-9.608],[-35.7345,-9.6053],[-35.7332,-9.6043],[-35.7328,-9.605],[-35.7321,-9.6049],[-35.7317,-9.6058],[-35.7319,-9.6071],[-35.7314,-9.6078],[-35.7316,-9.6082],[-35.731,-9.6087],[-35.7308,-9.6095],[-35.7312,-9.6096],[-35.7313,-9.6101],[-35.7319,-9.6111],[-35.7316,-9.6121],[-35.7312,-9.6126],[-35.7322,-9.6134],[-35.7326,-9.6143],[-35.7325,-9.6149],[-35.7321,-9.6153],[-35.7311,-9.6156],[-35.7306,-9.6161],[-35.7308,-9.6166],[-35.7297,-9.6176],[-35.7294,-9.6175],[-35.7293,-9.6187]]]}},{"type":"Feature","properties":{"c":"b67","b":67,"n":"Guaxuma","m":"2704302","cx":-35.6773,"cy":-9.5874},"geometry":{"type":"Polygon","coordinates":[[[-35.6919,-9.5795],[-35.69,-9.5773],[-35.6892,-9.5769],[-35.6878,-9.5752],[-35.6882,-9.5741],[-35.6876,-9.5724],[-35.6873,-9.5722],[-35.6867,-9.5726],[-35.6857,-9.5721],[-35.6844,-9.5719],[-35.6839,-9.5723],[-35.6833,-9.5732],[-35.6821,-9.5737],[-35.6812,-9.5747],[-35.6802,-9.575],[-35.68,-9.5754],[-35.6793,-9.5759],[-35.6782,-9.5773],[-35.6779,-9.5779],[-35.6769,-9.5786],[-35.6763,-9.5793],[-35.6753,-9.5795],[-35.6745,-9.5803],[-35.6737,-9.5807],[-35.673,-9.5807],[-35.6714,-9.5815],[-35.671,-9.5822],[-35.6703,-9.582],[-35.6702,-9.5832],[-35.6695,-9.5841],[-35.6696,-9.585],[-35.6691,-9.5859],[-35.6679,-9.5865],[-35.6673,-9.5862],[-35.667,-9.5869],[-35.6674,-9.5882],[-35.6681,-9.5883],[-35.668,-9.5892],[-35.6676,-9.5896],[-35.668,-9.5903],[-35.6677,-9.5906],[-35.6669,-9.5903],[-35.666,-9.5897],[-35.6653,-9.5898],[-35.6657,-9.5913],[-35.6662,-9.5917],[-35.6673,-9.5921],[-35.6685,-9.5927],[-35.6696,-9.5935],[-35.6709,-9.5948],[-35.6723,-9.5958],[-35.6741,-9.5973],[-35.6757,-9.599],[-35.6773,-9.6011],[-35.678,-9.6026],[-35.6788,-9.602],[-35.6789,-9.6006],[-35.6796,-9.6001],[-35.6801,-9.6003],[-35.6809,-9.5999],[-35.6813,-9.5994],[-35.6827,-9.5993],[-35.6831,-9.5988],[-35.6832,-9.598],[-35.6829,-9.5975],[-35.6827,-9.596],[-35.6822,-9.5957],[-35.6825,-9.5954],[-35.6842,-9.5951],[-35.6851,-9.5945],[-35.6854,-9.5935],[-35.6868,-9.5899],[-35.6873,-9.5879],[-35.6878,-9.5866],[-35.6891,-9.5842],[-35.6897,-9.5834],[-35.6922,-9.5807],[-35.6926,-9.5799],[-35.6919,-9.5795]]]}},{"type":"Feature","properties":{"c":"b68","b":68,"n":"Ipioca","m":"2704302","cx":-35.5945,"cy":-9.5086},"geometry":{"type":"MultiPolygon","coordinates":[[[[-35.6207,-9.5486],[-35.6209,-9.5478],[-35.6205,-9.5473],[-35.6189,-9.5473],[-35.6178,-9.5467],[-35.6175,-9.5462],[-35.6168,-9.5471],[-35.6176,-9.548],[-35.6192,-9.5487],[-35.6202,-9.5489],[-35.6207,-9.5486]]],[[[-35.6177,-9.5452],[-35.6182,-9.5446],[-35.6185,-9.5429],[-35.6188,-9.5419],[-35.6196,-9.541],[-35.6197,-9.54],[-35.6191,-9.5388],[-35.6186,-9.5387],[-35.6179,-9.5393],[-35.6169,-9.5395],[-35.6163,-9.539],[-35.6158,-9.5381],[-35.6147,-9.5368],[-35.6147,-9.5359],[-35.6156,-9.5344],[-35.6158,-9.5329],[-35.6162,-9.5324],[-35.6177,-9.5323],[-35.619,-9.5325],[-35.6202,-9.533],[-35.6243,-9.5344],[-35.6252,-9.5344],[-35.6264,-9.5339],[-35.6292,-9.5325],[-35.6286,-9.5314],[-35.6268,-9.5273],[-35.6264,-9.5266],[-35.6244,-9.5221],[-35.624,-9.5215],[-35.6233,-9.5211],[-35.6172,-9.5187],[-35.6153,-9.5182],[-35.6136,-9.518],[-35.6129,-9.5177],[-35.6123,-9.5173],[-35.6095,-9.513],[-35.607,-9.5099],[-35.6025,-9.5056],[-35.602,-9.5049],[-35.6008,-9.5018],[-35.6001,-9.5004],[-35.599,-9.4976],[-35.5986,-9.497],[-35.5972,-9.4952],[-35.5951,-9.4922],[-35.5933,-9.4891],[-35.5918,-9.487],[-35.5891,-9.4837],[-35.5843,-9.4791],[-35.5841,-9.4789],[-35.5789,-9.4719],[-35.5769,-9.4729],[-35.5731,-9.4753],[-35.57,-9.4772],[-35.5687,-9.4784],[-35.567,-9.4792],[-35.5628,-9.4796],[-35.5624,-9.4798],[-35.5617,-9.481],[-35.5607,-9.4845],[-35.5604,-9.4852],[-35.559,-9.4852],[-35.5588,-9.4868],[-35.5585,-9.4875],[-35.5592,-9.4883],[-35.5603,-9.4892],[-35.5622,-9.4903],[-35.5625,-9.4907],[-35.5651,-9.4925],[-35.5666,-9.4939],[-35.5685,-9.4951],[-35.5702,-9.4957],[-35.5718,-9.497],[-35.5733,-9.499],[-35.5743,-9.5001],[-35.5755,-9.5008],[-35.5776,-9.5017],[-35.5793,-9.5029],[-35.58,-9.5036],[-35.5809,-9.505],[-35.5824,-9.5078],[-35.5843,-9.5094],[-35.5866,-9.511],[-35.5872,-9.5116],[-35.5878,-9.5132],[-35.5891,-9.5153],[-35.59,-9.5171],[-35.5903,-9.519],[-35.5908,-9.5203],[-35.5909,-9.5218],[-35.5908,-9.5226],[-35.591,-9.5246],[-35.5913,-9.528],[-35.5914,-9.5291],[-35.5928,-9.5308],[-35.5936,-9.5303],[-35.5949,-9.5299],[-35.5971,-9.5296],[-35.5988,-9.5295],[-35.6009,-9.5299],[-35.6024,-9.5302],[-35.6037,-9.5308],[-35.6056,-9.5318],[-35.6071,-9.5328],[-35.6083,-9.5338],[-35.6105,-9.5357],[-35.6119,-9.5371],[-35.6132,-9.5386],[-35.6142,-9.54],[-35.6147,-9.5418],[-35.6148,-9.5427],[-35.6158,-9.5448],[-35.6161,-9.5451],[-35.6174,-9.5457],[-35.6175,-9.5461],[-35.6175,-9.5462],[-35.6177,-9.5452]]]]}},{"type":"Feature","properties":{"c":"b69","b":69,"n":"Jacarecica","m":"2704302","cx":-35.6915,"cy":-9.6013},"geometry":{"type":"Polygon","coordinates":[[[-35.7002,-9.6063],[-35.7007,-9.6061],[-35.7013,-9.6055],[-35.7015,-9.6047],[-35.702,-9.6046],[-35.7029,-9.6035],[-35.7038,-9.6023],[-35.7039,-9.6017],[-35.7046,-9.601],[-35.7048,-9.5997],[-35.7045,-9.5989],[-35.7039,-9.5982],[-35.7037,-9.5976],[-35.7042,-9.596],[-35.7051,-9.5947],[-35.7067,-9.5941],[-35.7072,-9.5943],[-35.7077,-9.595],[-35.7073,-9.5955],[-35.7079,-9.5957],[-35.7084,-9.5951],[-35.709,-9.5955],[-35.7089,-9.5962],[-35.7095,-9.5963],[-35.7098,-9.5958],[-35.7107,-9.5957],[-35.711,-9.5962],[-35.7113,-9.5957],[-35.7123,-9.5953],[-35.7126,-9.5946],[-35.7122,-9.5938],[-35.7123,-9.5929],[-35.7127,-9.5925],[-35.713,-9.5914],[-35.7132,-9.5887],[-35.7123,-9.5876],[-35.712,-9.5868],[-35.711,-9.5857],[-35.7108,-9.5848],[-35.7103,-9.5837],[-35.7103,-9.5829],[-35.7095,-9.5826],[-35.7088,-9.5829],[-35.707,-9.5828],[-35.7067,-9.5823],[-35.7054,-9.5817],[-35.7052,-9.58],[-35.7048,-9.5791],[-35.7043,-9.5787],[-35.7016,-9.5776],[-35.7007,-9.5783],[-35.6995,-9.5786],[-35.6981,-9.5784],[-35.6957,-9.5775],[-35.6948,-9.5776],[-35.694,-9.578],[-35.6929,-9.579],[-35.6926,-9.5799],[-35.6922,-9.5807],[-35.6897,-9.5834],[-35.6891,-9.5842],[-35.6878,-9.5866],[-35.6873,-9.5879],[-35.6868,-9.5899],[-35.6854,-9.5935],[-35.6851,-9.5945],[-35.6842,-9.5951],[-35.6825,-9.5954],[-35.6822,-9.5957],[-35.6827,-9.596],[-35.6829,-9.5975],[-35.6832,-9.598],[-35.6831,-9.5988],[-35.6827,-9.5993],[-35.6813,-9.5994],[-35.6809,-9.5999],[-35.6801,-9.6003],[-35.6796,-9.6001],[-35.6789,-9.6006],[-35.6788,-9.602],[-35.678,-9.6026],[-35.6786,-9.6041],[-35.6792,-9.6049],[-35.6801,-9.6069],[-35.6809,-9.6077],[-35.6823,-9.6088],[-35.6833,-9.6097],[-35.6845,-9.6111],[-35.6857,-9.6129],[-35.688,-9.6159],[-35.6909,-9.6199],[-35.6929,-9.6237],[-35.6935,-9.6236],[-35.6958,-9.6236],[-35.6969,-9.6258],[-35.7023,-9.6257],[-35.7027,-9.6252],[-35.7028,-9.6242],[-35.7035,-9.6234],[-35.7042,-9.6223],[-35.7042,-9.6218],[-35.704,-9.6207],[-35.703,-9.6205],[-35.7021,-9.6201],[-35.7015,-9.6195],[-35.6998,-9.6198],[-35.6992,-9.6197],[-35.6983,-9.6188],[-35.6989,-9.618],[-35.7002,-9.6178],[-35.7015,-9.617],[-35.7021,-9.617],[-35.7018,-9.6155],[-35.6992,-9.616],[-35.6962,-9.6154],[-35.6951,-9.6147],[-35.6944,-9.6133],[-35.6925,-9.6108],[-35.6921,-9.6106],[-35.693,-9.6084],[-35.6937,-9.6077],[-35.6946,-9.6076],[-35.696,-9.6081],[-35.6976,-9.609],[-35.698,-9.6082],[-35.6988,-9.6076],[-35.7002,-9.6063]]]}},{"type":"Feature","properties":{"c":"b70","b":70,"n":"Jacintinho","m":"2704302","cx":-35.7196,"cy":-9.6448},"geometry":{"type":"Polygon","coordinates":[[[-35.7255,-9.6578],[-35.7257,-9.6576],[-35.7261,-9.6584],[-35.726,-9.6589],[-35.727,-9.6589],[-35.7271,-9.6573],[-35.7288,-9.6575],[-35.7285,-9.6562],[-35.7285,-9.6559],[-35.7288,-9.6542],[-35.7289,-9.6532],[-35.7286,-9.652],[-35.7285,-9.6505],[-35.7278,-9.6496],[-35.7276,-9.6487],[-35.728,-9.6481],[-35.7278,-9.6476],[-35.727,-9.6473],[-35.7251,-9.6474],[-35.7246,-9.6471],[-35.7239,-9.6461],[-35.7242,-9.6451],[-35.7239,-9.645],[-35.7239,-9.6442],[-35.7248,-9.644],[-35.7252,-9.6433],[-35.7254,-9.6434],[-35.7262,-9.6428],[-35.7269,-9.643],[-35.7276,-9.6427],[-35.728,-9.6421],[-35.7277,-9.6412],[-35.727,-9.6404],[-35.7265,-9.6402],[-35.7255,-9.6391],[-35.7248,-9.6389],[-35.7243,-9.6392],[-35.7237,-9.6381],[-35.7239,-9.6379],[-35.7239,-9.6368],[-35.7241,-9.6359],[-35.7239,-9.6349],[-35.7242,-9.6335],[-35.7242,-9.6329],[-35.7233,-9.632],[-35.7234,-9.6314],[-35.7229,-9.6316],[-35.7225,-9.6313],[-35.7216,-9.6314],[-35.7206,-9.6307],[-35.7204,-9.6314],[-35.7196,-9.6317],[-35.7194,-9.632],[-35.7172,-9.6318],[-35.7173,-9.6327],[-35.7155,-9.6327],[-35.7159,-9.6345],[-35.7143,-9.6343],[-35.7133,-9.6345],[-35.713,-9.6341],[-35.7139,-9.6338],[-35.7138,-9.6331],[-35.7118,-9.6331],[-35.7114,-9.6326],[-35.7115,-9.6314],[-35.7111,-9.6309],[-35.7107,-9.631],[-35.7104,-9.632],[-35.7101,-9.6323],[-35.7084,-9.6325],[-35.7083,-9.633],[-35.7075,-9.6331],[-35.7067,-9.6337],[-35.7046,-9.6348],[-35.7041,-9.6349],[-35.7046,-9.636],[-35.705,-9.636],[-35.7057,-9.6368],[-35.7059,-9.6376],[-35.706,-9.6389],[-35.7076,-9.6387],[-35.7082,-9.6405],[-35.7088,-9.6407],[-35.7089,-9.6411],[-35.7101,-9.6412],[-35.7102,-9.6415],[-35.7113,-9.6415],[-35.7117,-9.6423],[-35.7109,-9.6429],[-35.7125,-9.6427],[-35.7131,-9.6431],[-35.7139,-9.6426],[-35.7145,-9.6428],[-35.7146,-9.6435],[-35.7151,-9.644],[-35.7147,-9.6446],[-35.7153,-9.6446],[-35.7157,-9.6459],[-35.7159,-9.6458],[-35.7161,-9.6465],[-35.7166,-9.6469],[-35.7172,-9.6466],[-35.7184,-9.6484],[-35.7187,-9.6489],[-35.7194,-9.649],[-35.7198,-9.6493],[-35.7194,-9.6497],[-35.7209,-9.6519],[-35.722,-9.6529],[-35.722,-9.6533],[-35.723,-9.6551],[-35.7236,-9.6551],[-35.7241,-9.6559],[-35.7238,-9.6559],[-35.7246,-9.657],[-35.7255,-9.6578]]]}},{"type":"Feature","properties":{"c":"b71","b":71,"n":"Jaraguá","m":"2704302","cx":-35.7203,"cy":-9.6761},"geometry":{"type":"Polygon","coordinates":[[[-35.7307,-9.6689],[-35.7295,-9.6676],[-35.7295,-9.667],[-35.7222,-9.6673],[-35.7215,-9.6675],[-35.7208,-9.6679],[-35.7203,-9.6686],[-35.7197,-9.6683],[-35.7197,-9.6696],[-35.7194,-9.6705],[-35.7186,-9.6719],[-35.7182,-9.6722],[-35.719,-9.6734],[-35.72,-9.6742],[-35.7189,-9.674],[-35.7174,-9.6743],[-35.7163,-9.6747],[-35.7168,-9.6755],[-35.7179,-9.6767],[-35.7191,-9.6777],[-35.7221,-9.6834],[-35.7227,-9.6841],[-35.7237,-9.6847],[-35.7252,-9.6844],[-35.7297,-9.6826],[-35.7296,-9.6822],[-35.7289,-9.6824],[-35.7286,-9.6815],[-35.7245,-9.6832],[-35.7232,-9.6807],[-35.7251,-9.6797],[-35.723,-9.6756],[-35.7237,-9.6748],[-35.7273,-9.6727],[-35.7284,-9.6723],[-35.7309,-9.6716],[-35.7307,-9.6689]]]}},{"type":"Feature","properties":{"c":"b72","b":72,"n":"Jardim Petrópolis","m":"2704302","cx":-35.7483,"cy":-9.5945},"geometry":{"type":"Polygon","coordinates":[[[-35.7541,-9.5907],[-35.7532,-9.5911],[-35.7509,-9.593],[-35.7495,-9.5935],[-35.7445,-9.5893],[-35.745,-9.5884],[-35.745,-9.5862],[-35.7458,-9.5852],[-35.7445,-9.5845],[-35.7441,-9.5848],[-35.7423,-9.5853],[-35.7414,-9.5862],[-35.7411,-9.5862],[-35.7405,-9.5851],[-35.7401,-9.5849],[-35.7403,-9.587],[-35.7402,-9.5872],[-35.7405,-9.5905],[-35.7415,-9.5912],[-35.7426,-9.5924],[-35.7434,-9.5936],[-35.7433,-9.594],[-35.744,-9.5948],[-35.7438,-9.5955],[-35.744,-9.5959],[-35.7382,-9.593],[-35.7353,-9.5916],[-35.7345,-9.5918],[-35.7339,-9.5917],[-35.7334,-9.5925],[-35.7334,-9.5932],[-35.7331,-9.5936],[-35.7329,-9.5946],[-35.7325,-9.5947],[-35.7315,-9.5962],[-35.7308,-9.5966],[-35.7298,-9.5991],[-35.73,-9.5994],[-35.733,-9.6008],[-35.7333,-9.6019],[-35.7341,-9.6023],[-35.7345,-9.6021],[-35.7355,-9.6023],[-35.7364,-9.602],[-35.7371,-9.602],[-35.7373,-9.6016],[-35.7387,-9.6006],[-35.7401,-9.5997],[-35.7397,-9.6009],[-35.7397,-9.6016],[-35.7433,-9.6046],[-35.7468,-9.6032],[-35.7475,-9.6026],[-35.7503,-9.5981],[-35.7512,-9.5962],[-35.7521,-9.595],[-35.753,-9.5944],[-35.7555,-9.593],[-35.7541,-9.5907]]]}},{"type":"Feature","properties":{"c":"b73","b":73,"n":"Jatiúca","m":"2704302","cx":-35.7064,"cy":-9.6479},"geometry":{"type":"Polygon","coordinates":[[[-35.7014,-9.6558],[-35.709,-9.6558],[-35.709,-9.6567],[-35.7103,-9.6567],[-35.7102,-9.6564],[-35.7181,-9.6563],[-35.7181,-9.6559],[-35.7212,-9.6559],[-35.7229,-9.6574],[-35.7232,-9.657],[-35.722,-9.656],[-35.7189,-9.6528],[-35.7173,-9.6513],[-35.7163,-9.6512],[-35.715,-9.6499],[-35.7107,-9.6452],[-35.7104,-9.645],[-35.7103,-9.6427],[-35.7101,-9.6426],[-35.706,-9.643],[-35.7058,-9.6415],[-35.7055,-9.6408],[-35.7044,-9.6409],[-35.7043,-9.6398],[-35.7026,-9.6398],[-35.7003,-9.6397],[-35.6997,-9.6395],[-35.6979,-9.6398],[-35.698,-9.6432],[-35.6989,-9.6453],[-35.6995,-9.647],[-35.6996,-9.6488],[-35.6991,-9.6505],[-35.6985,-9.6522],[-35.6984,-9.6531],[-35.6979,-9.6558],[-35.7014,-9.6558]]]}},{"type":"Feature","properties":{"c":"b74","b":74,"n":"Levada","m":"2704302","cx":-35.7455,"cy":-9.6601},"geometry":{"type":"Polygon","coordinates":[[[-35.7451,-9.6649],[-35.7491,-9.6648],[-35.749,-9.6638],[-35.7481,-9.662],[-35.7483,-9.6618],[-35.749,-9.6586],[-35.7501,-9.6559],[-35.7499,-9.6559],[-35.7488,-9.655],[-35.7478,-9.6549],[-35.747,-9.6541],[-35.7466,-9.6554],[-35.7456,-9.6556],[-35.7431,-9.6549],[-35.7411,-9.6542],[-35.7399,-9.6571],[-35.7398,-9.6578],[-35.7402,-9.6588],[-35.7414,-9.6595],[-35.7431,-9.6608],[-35.7435,-9.6617],[-35.7432,-9.664],[-35.7432,-9.6653],[-35.7451,-9.6649]]]}},{"type":"Feature","properties":{"c":"b75","b":75,"n":"Mangabeiras","m":"2704302","cx":-35.7154,"cy":-9.6476},"geometry":{"type":"Polygon","coordinates":[[[-35.7246,-9.657],[-35.7238,-9.6559],[-35.7241,-9.6559],[-35.7236,-9.6551],[-35.723,-9.6551],[-35.722,-9.6533],[-35.722,-9.6529],[-35.7209,-9.6519],[-35.7194,-9.6497],[-35.7198,-9.6493],[-35.7194,-9.649],[-35.7187,-9.6489],[-35.7184,-9.6484],[-35.7172,-9.6466],[-35.7166,-9.6469],[-35.7161,-9.6465],[-35.7159,-9.6458],[-35.7157,-9.6459],[-35.7153,-9.6446],[-35.7147,-9.6446],[-35.7151,-9.644],[-35.7146,-9.6435],[-35.7145,-9.6428],[-35.7139,-9.6426],[-35.7131,-9.6431],[-35.7125,-9.6427],[-35.7109,-9.6429],[-35.7117,-9.6423],[-35.7113,-9.6415],[-35.7102,-9.6415],[-35.7101,-9.6412],[-35.7089,-9.6411],[-35.7088,-9.6407],[-35.7082,-9.6405],[-35.7076,-9.6387],[-35.706,-9.6389],[-35.7029,-9.6387],[-35.7026,-9.6398],[-35.7043,-9.6398],[-35.7044,-9.6409],[-35.7055,-9.6408],[-35.7058,-9.6415],[-35.706,-9.643],[-35.7101,-9.6426],[-35.7103,-9.6427],[-35.7104,-9.645],[-35.7107,-9.6452],[-35.715,-9.6499],[-35.7163,-9.6512],[-35.7173,-9.6513],[-35.7189,-9.6528],[-35.722,-9.656],[-35.7232,-9.657],[-35.7246,-9.657]]]}},{"type":"Feature","properties":{"c":"b76","b":76,"n":"Mutange","m":"2704302","cx":-35.7478,"cy":-9.6391},"geometry":{"type":"Polygon","coordinates":[[[-35.7434,-9.6442],[-35.7443,-9.6449],[-35.7449,-9.6445],[-35.7453,-9.6445],[-35.7456,-9.6452],[-35.7463,-9.6453],[-35.7466,-9.6457],[-35.7467,-9.645],[-35.7472,-9.6435],[-35.7484,-9.6421],[-35.7494,-9.6394],[-35.7499,-9.6388],[-35.7499,-9.6375],[-35.7503,-9.6364],[-35.7515,-9.6346],[-35.7502,-9.6336],[-35.7498,-9.6341],[-35.7488,-9.6334],[-35.7477,-9.633],[-35.7478,-9.6343],[-35.7467,-9.6361],[-35.7463,-9.6362],[-35.7454,-9.6372],[-35.7464,-9.6378],[-35.7463,-9.6384],[-35.7452,-9.6404],[-35.7443,-9.6419],[-35.7439,-9.6422],[-35.7433,-9.6442],[-35.7434,-9.6442]]]}},{"type":"Feature","properties":{"c":"b77","b":77,"n":"Ouro Preto","m":"2704302","cx":-35.7303,"cy":-9.6061},"geometry":{"type":"Polygon","coordinates":[[[-35.733,-9.6031],[-35.7334,-9.6027],[-35.7341,-9.6028],[-35.7341,-9.6023],[-35.7333,-9.6019],[-35.733,-9.6008],[-35.73,-9.5994],[-35.7298,-9.5991],[-35.7292,-9.5992],[-35.7289,-9.6001],[-35.7284,-9.6005],[-35.7285,-9.6015],[-35.7293,-9.6018],[-35.7286,-9.6027],[-35.7279,-9.6026],[-35.7285,-9.6031],[-35.728,-9.6035],[-35.7286,-9.6049],[-35.7281,-9.6051],[-35.7283,-9.6057],[-35.7288,-9.6058],[-35.7287,-9.6065],[-35.7289,-9.607],[-35.7292,-9.6069],[-35.7294,-9.6076],[-35.7293,-9.6081],[-35.7288,-9.6083],[-35.7292,-9.6086],[-35.7293,-9.6096],[-35.7293,-9.6111],[-35.7299,-9.6117],[-35.7303,-9.6127],[-35.7309,-9.6129],[-35.7312,-9.6126],[-35.7316,-9.6121],[-35.7319,-9.6111],[-35.7313,-9.6101],[-35.7312,-9.6096],[-35.7308,-9.6095],[-35.731,-9.6087],[-35.7316,-9.6082],[-35.7314,-9.6078],[-35.7319,-9.6071],[-35.7317,-9.6058],[-35.7321,-9.6049],[-35.7328,-9.605],[-35.7332,-9.6043],[-35.733,-9.6031]]]}},{"type":"Feature","properties":{"c":"b78","b":78,"n":"Pajuçara","m":"2704302","cx":-35.7142,"cy":-9.6685},"geometry":{"type":"Polygon","coordinates":[[[-35.7089,-9.6623],[-35.7087,-9.6629],[-35.7091,-9.6631],[-35.708,-9.665],[-35.71,-9.6662],[-35.7112,-9.6674],[-35.7135,-9.6702],[-35.7152,-9.6729],[-35.7157,-9.6735],[-35.7163,-9.6747],[-35.7174,-9.6743],[-35.7189,-9.674],[-35.72,-9.6742],[-35.719,-9.6734],[-35.7182,-9.6722],[-35.7186,-9.6719],[-35.7194,-9.6705],[-35.7197,-9.6696],[-35.7197,-9.6683],[-35.7196,-9.6637],[-35.7179,-9.6664],[-35.7164,-9.6687],[-35.7147,-9.6669],[-35.7116,-9.6638],[-35.7105,-9.6629],[-35.7099,-9.6626],[-35.7089,-9.6623]]]}},{"type":"Feature","properties":{"c":"b79","b":79,"n":"Pescaria","m":"2704302","cx":-35.6301,"cy":-9.5416},"geometry":{"type":"Polygon","coordinates":[[[-35.64,-9.5392],[-35.639,-9.5383],[-35.6365,-9.5367],[-35.6344,-9.5355],[-35.6322,-9.5341],[-35.6299,-9.533],[-35.6292,-9.5325],[-35.6264,-9.5339],[-35.6252,-9.5344],[-35.6243,-9.5344],[-35.6202,-9.533],[-35.619,-9.5325],[-35.6177,-9.5323],[-35.6162,-9.5324],[-35.6158,-9.5329],[-35.6156,-9.5344],[-35.6147,-9.5359],[-35.6147,-9.5368],[-35.6158,-9.5381],[-35.6163,-9.539],[-35.6169,-9.5395],[-35.6179,-9.5393],[-35.6186,-9.5387],[-35.6191,-9.5388],[-35.6197,-9.54],[-35.6196,-9.541],[-35.6188,-9.5419],[-35.6185,-9.5429],[-35.6182,-9.5446],[-35.6177,-9.5452],[-35.6175,-9.5462],[-35.6178,-9.5467],[-35.6189,-9.5473],[-35.6205,-9.5473],[-35.6209,-9.547],[-35.6223,-9.5472],[-35.6228,-9.548],[-35.6236,-9.5484],[-35.6252,-9.5486],[-35.626,-9.5492],[-35.6268,-9.5504],[-35.6278,-9.5502],[-35.6282,-9.5506],[-35.6294,-9.5506],[-35.6303,-9.5514],[-35.6311,-9.5513],[-35.6322,-9.5502],[-35.6329,-9.55],[-35.6341,-9.5494],[-35.6356,-9.5487],[-35.6361,-9.5482],[-35.6367,-9.5472],[-35.636,-9.5456],[-35.6362,-9.5454],[-35.638,-9.5454],[-35.6404,-9.5444],[-35.6406,-9.5434],[-35.6412,-9.5414],[-35.6418,-9.5409],[-35.6424,-9.541],[-35.64,-9.5392]]]}},{"type":"Feature","properties":{"c":"b80","b":80,"n":"Petrópolis","m":"2704302","cx":-35.7565,"cy":-9.6039},"geometry":{"type":"Polygon","coordinates":[[[-35.7429,-9.6048],[-35.7442,-9.6059],[-35.7439,-9.6068],[-35.7439,-9.6081],[-35.7441,-9.6085],[-35.744,-9.6102],[-35.7441,-9.611],[-35.744,-9.6117],[-35.7444,-9.6114],[-35.7457,-9.6113],[-35.7459,-9.6115],[-35.7474,-9.6107],[-35.7475,-9.611],[-35.7483,-9.611],[-35.7487,-9.6108],[-35.7492,-9.6112],[-35.7504,-9.6109],[-35.7508,-9.6121],[-35.7515,-9.6122],[-35.7512,-9.613],[-35.7516,-9.6134],[-35.7512,-9.6137],[-35.7516,-9.6145],[-35.7515,-9.6152],[-35.7509,-9.6157],[-35.7517,-9.6156],[-35.7517,-9.6144],[-35.7519,-9.6138],[-35.753,-9.614],[-35.7529,-9.6145],[-35.7549,-9.6161],[-35.7555,-9.6153],[-35.7561,-9.6153],[-35.7583,-9.6152],[-35.759,-9.6147],[-35.7594,-9.6143],[-35.7594,-9.6147],[-35.7605,-9.6151],[-35.7612,-9.6161],[-35.7621,-9.6165],[-35.7631,-9.6164],[-35.7642,-9.6151],[-35.7647,-9.6148],[-35.765,-9.6135],[-35.7658,-9.6131],[-35.7666,-9.6122],[-35.7667,-9.6117],[-35.7672,-9.6106],[-35.7676,-9.6107],[-35.7678,-9.61],[-35.7671,-9.6095],[-35.7673,-9.6076],[-35.7676,-9.6071],[-35.7675,-9.6066],[-35.7682,-9.606],[-35.767,-9.6051],[-35.7674,-9.6045],[-35.7681,-9.6041],[-35.768,-9.6037],[-35.768,-9.6009],[-35.7687,-9.6008],[-35.7675,-9.6],[-35.7674,-9.5998],[-35.7665,-9.6001],[-35.7651,-9.6002],[-35.7644,-9.5994],[-35.7639,-9.5993],[-35.7634,-9.5984],[-35.7639,-9.5976],[-35.7617,-9.5955],[-35.7616,-9.5954],[-35.7578,-9.5916],[-35.7555,-9.593],[-35.753,-9.5944],[-35.7521,-9.595],[-35.7512,-9.5962],[-35.7503,-9.5981],[-35.7475,-9.6026],[-35.7468,-9.6032],[-35.7433,-9.6046],[-35.7429,-9.6048]]]}},{"type":"Feature","properties":{"c":"b81","b":81,"n":"Pinheiro","m":"2704302","cx":-35.7423,"cy":-9.6332},"geometry":{"type":"Polygon","coordinates":[[[-35.7497,-9.6314],[-35.7493,-9.6312],[-35.7494,-9.6308],[-35.747,-9.6297],[-35.7472,-9.6294],[-35.7458,-9.6287],[-35.7442,-9.6281],[-35.7444,-9.6272],[-35.745,-9.6263],[-35.7442,-9.6255],[-35.7452,-9.6251],[-35.7461,-9.6244],[-35.7459,-9.6233],[-35.745,-9.6234],[-35.7446,-9.6226],[-35.7435,-9.6219],[-35.7431,-9.6241],[-35.7404,-9.6219],[-35.7389,-9.6222],[-35.7386,-9.6242],[-35.738,-9.6275],[-35.7372,-9.6313],[-35.736,-9.6376],[-35.7393,-9.6391],[-35.7395,-9.6387],[-35.7418,-9.6397],[-35.7417,-9.6402],[-35.7425,-9.6409],[-35.7417,-9.6424],[-35.7405,-9.6419],[-35.7399,-9.643],[-35.7405,-9.6431],[-35.7412,-9.6429],[-35.7423,-9.6437],[-35.7433,-9.6442],[-35.7439,-9.6422],[-35.7443,-9.6419],[-35.7452,-9.6404],[-35.7463,-9.6384],[-35.7464,-9.6378],[-35.7454,-9.6372],[-35.7463,-9.6362],[-35.7467,-9.6361],[-35.7478,-9.6343],[-35.7477,-9.633],[-35.7488,-9.6334],[-35.7497,-9.6314]]]}},{"type":"Feature","properties":{"c":"b82","b":82,"n":"Pitanguinha","m":"2704302","cx":-35.7326,"cy":-9.6369},"geometry":{"type":"Polygon","coordinates":[[[-35.7332,-9.6422],[-35.7332,-9.6427],[-35.7348,-9.6434],[-35.736,-9.6376],[-35.7372,-9.6313],[-35.7344,-9.6302],[-35.7326,-9.6293],[-35.7315,-9.6299],[-35.7308,-9.6295],[-35.7302,-9.6296],[-35.7296,-9.6306],[-35.7293,-9.6318],[-35.7297,-9.6319],[-35.7297,-9.6332],[-35.7293,-9.6344],[-35.7286,-9.6347],[-35.7288,-9.6359],[-35.729,-9.6362],[-35.729,-9.6378],[-35.7287,-9.6385],[-35.7288,-9.6395],[-35.7293,-9.6396],[-35.7293,-9.6401],[-35.7303,-9.6403],[-35.7305,-9.6408],[-35.7311,-9.6407],[-35.7319,-9.641],[-35.7319,-9.6416],[-35.7332,-9.6422]]]}},{"type":"Feature","properties":{"c":"b83","b":83,"n":"Ponta Grossa","m":"2704302","cx":-35.7619,"cy":-9.6602},"geometry":{"type":"Polygon","coordinates":[[[-35.7508,-9.656],[-35.7501,-9.6559],[-35.749,-9.6586],[-35.7483,-9.6618],[-35.7481,-9.662],[-35.749,-9.6638],[-35.7491,-9.6648],[-35.7578,-9.6642],[-35.7644,-9.6637],[-35.7641,-9.6649],[-35.7647,-9.665],[-35.7648,-9.6645],[-35.7655,-9.6629],[-35.7659,-9.663],[-35.7667,-9.6608],[-35.7672,-9.6605],[-35.7674,-9.6594],[-35.7677,-9.6593],[-35.7678,-9.6586],[-35.767,-9.6573],[-35.766,-9.6577],[-35.761,-9.6598],[-35.7607,-9.6596],[-35.7589,-9.6595],[-35.7584,-9.6593],[-35.7559,-9.6605],[-35.7544,-9.6584],[-35.7526,-9.6563],[-35.7517,-9.6554],[-35.7508,-9.656]]]}},{"type":"Feature","properties":{"c":"b84","b":84,"n":"Ponta Verde","m":"2704302","cx":-35.7034,"cy":-9.6615},"geometry":{"type":"Polygon","coordinates":[[[-35.7091,-9.6631],[-35.7087,-9.6629],[-35.7089,-9.6623],[-35.7099,-9.6626],[-35.711,-9.6605],[-35.7109,-9.6601],[-35.7103,-9.6589],[-35.7103,-9.6567],[-35.709,-9.6567],[-35.709,-9.6558],[-35.7014,-9.6558],[-35.6979,-9.6558],[-35.6976,-9.6592],[-35.6967,-9.6607],[-35.6956,-9.6628],[-35.6951,-9.6634],[-35.6953,-9.6648],[-35.696,-9.6653],[-35.6961,-9.6662],[-35.6967,-9.6662],[-35.6969,-9.6653],[-35.6972,-9.6651],[-35.6994,-9.6648],[-35.7024,-9.6641],[-35.7046,-9.6641],[-35.7068,-9.6645],[-35.708,-9.665],[-35.7091,-9.6631]]]}},{"type":"Feature","properties":{"c":"b85","b":85,"n":"Ponta da Terra","m":"2704302","cx":-35.7158,"cy":-9.6651},"geometry":{"type":"Polygon","coordinates":[[[-35.7198,-9.6623],[-35.7149,-9.6623],[-35.7118,-9.6622],[-35.7118,-9.6602],[-35.7109,-9.6601],[-35.711,-9.6605],[-35.7099,-9.6626],[-35.7105,-9.6629],[-35.7116,-9.6638],[-35.7147,-9.6669],[-35.7164,-9.6687],[-35.7179,-9.6664],[-35.7196,-9.6637],[-35.7198,-9.6623]]]}},{"type":"Feature","properties":{"c":"b86","b":86,"n":"Pontal da Barra","m":"2704302","cx":-35.7756,"cy":-9.6935},"geometry":{"type":"MultiPolygon","coordinates":[[[[-35.7659,-9.6753],[-35.7646,-9.6753],[-35.7643,-9.676],[-35.7633,-9.6763],[-35.7635,-9.6768],[-35.7604,-9.6778],[-35.7601,-9.6776],[-35.7589,-9.6814],[-35.7611,-9.6832],[-35.7627,-9.6854],[-35.7635,-9.687],[-35.7643,-9.6879],[-35.765,-9.6884],[-35.7679,-9.69],[-35.7712,-9.6924],[-35.7742,-9.6951],[-35.7761,-9.6972],[-35.7782,-9.7],[-35.7807,-9.7016],[-35.7852,-9.706],[-35.7878,-9.7088],[-35.7898,-9.7112],[-35.7902,-9.711],[-35.7915,-9.7118],[-35.7925,-9.7119],[-35.793,-9.7117],[-35.7945,-9.7131],[-35.7957,-9.7123],[-35.7964,-9.7114],[-35.7966,-9.7107],[-35.7961,-9.7107],[-35.7958,-9.7103],[-35.7949,-9.7098],[-35.7947,-9.7101],[-35.794,-9.7089],[-35.7923,-9.7077],[-35.7912,-9.7068],[-35.7888,-9.7061],[-35.7858,-9.7046],[-35.7843,-9.7036],[-35.7835,-9.7026],[-35.783,-9.7017],[-35.7822,-9.6995],[-35.7817,-9.6984],[-35.7817,-9.6978],[-35.7806,-9.6961],[-35.7793,-9.6946],[-35.778,-9.6923],[-35.7772,-9.6917],[-35.7752,-9.6905],[-35.7751,-9.6903],[-35.7737,-9.6893],[-35.773,-9.6887],[-35.7717,-9.6869],[-35.7701,-9.6843],[-35.7697,-9.6834],[-35.7691,-9.6815],[-35.7688,-9.68],[-35.7686,-9.6783],[-35.7687,-9.6771],[-35.7685,-9.676],[-35.7681,-9.6755],[-35.7674,-9.6754],[-35.766,-9.6754],[-35.7659,-9.6753]]],[[[-35.7599,-9.6947],[-35.7604,-9.6948],[-35.7584,-9.6933],[-35.7584,-9.6936],[-35.7599,-9.6947]]]]}},{"type":"Feature","properties":{"c":"b87","b":87,"n":"Poço","m":"2704302","cx":-35.7203,"cy":-9.6612},"geometry":{"type":"Polygon","coordinates":[[[-35.7103,-9.6589],[-35.7109,-9.6601],[-35.7118,-9.6602],[-35.7118,-9.6622],[-35.7149,-9.6623],[-35.7198,-9.6623],[-35.7196,-9.6637],[-35.7197,-9.6683],[-35.7203,-9.6686],[-35.7208,-9.6679],[-35.7215,-9.6675],[-35.7222,-9.6673],[-35.7295,-9.667],[-35.7296,-9.6632],[-35.7288,-9.6627],[-35.7286,-9.662],[-35.729,-9.6604],[-35.7294,-9.6598],[-35.7291,-9.6581],[-35.7298,-9.6575],[-35.7299,-9.6562],[-35.7305,-9.6561],[-35.731,-9.6554],[-35.7301,-9.6559],[-35.7285,-9.6562],[-35.7288,-9.6575],[-35.7271,-9.6573],[-35.727,-9.6589],[-35.726,-9.6589],[-35.7261,-9.6584],[-35.7257,-9.6576],[-35.7255,-9.6578],[-35.7246,-9.657],[-35.7232,-9.657],[-35.7229,-9.6574],[-35.7212,-9.6559],[-35.7181,-9.6559],[-35.7181,-9.6563],[-35.7102,-9.6564],[-35.7103,-9.6567],[-35.7103,-9.6589]]]}},{"type":"Feature","properties":{"c":"b88","b":88,"n":"Prado","m":"2704302","cx":-35.7486,"cy":-9.67},"geometry":{"type":"Polygon","coordinates":[[[-35.7536,-9.6759],[-35.7554,-9.671],[-35.755,-9.6708],[-35.7555,-9.6692],[-35.7542,-9.669],[-35.7546,-9.6678],[-35.7561,-9.6682],[-35.7578,-9.668],[-35.7578,-9.6663],[-35.7578,-9.6642],[-35.7491,-9.6648],[-35.7451,-9.6649],[-35.7432,-9.6653],[-35.7433,-9.6674],[-35.7432,-9.668],[-35.7427,-9.6687],[-35.7419,-9.669],[-35.7418,-9.6722],[-35.7459,-9.6735],[-35.7487,-9.6748],[-35.7505,-9.6758],[-35.753,-9.6774],[-35.7536,-9.6759]]]}},{"type":"Feature","properties":{"c":"b89","b":89,"n":"Riacho Doce","m":"2704302","cx":-35.6536,"cy":-9.5618},"geometry":{"type":"Polygon","coordinates":[[[-35.6418,-9.5409],[-35.6412,-9.5414],[-35.6406,-9.5434],[-35.6404,-9.5444],[-35.638,-9.5454],[-35.6362,-9.5454],[-35.636,-9.5456],[-35.6367,-9.5472],[-35.6361,-9.5482],[-35.6356,-9.5487],[-35.6341,-9.5494],[-35.6329,-9.55],[-35.6322,-9.5502],[-35.6311,-9.5513],[-35.6303,-9.5514],[-35.6294,-9.5506],[-35.6282,-9.5506],[-35.6278,-9.5502],[-35.6268,-9.5504],[-35.626,-9.5492],[-35.6252,-9.5486],[-35.6236,-9.5484],[-35.6228,-9.548],[-35.6223,-9.5472],[-35.6209,-9.547],[-35.6205,-9.5473],[-35.6209,-9.5478],[-35.6207,-9.5486],[-35.6202,-9.5489],[-35.6221,-9.5492],[-35.6242,-9.5499],[-35.6272,-9.5517],[-35.6326,-9.5539],[-35.6343,-9.5548],[-35.6362,-9.5561],[-35.6369,-9.5568],[-35.6396,-9.5587],[-35.6414,-9.5602],[-35.6424,-9.5611],[-35.6439,-9.5628],[-35.6445,-9.5639],[-35.6449,-9.5651],[-35.6459,-9.5662],[-35.6462,-9.5668],[-35.647,-9.5673],[-35.6479,-9.5675],[-35.6489,-9.568],[-35.6496,-9.5679],[-35.6508,-9.5685],[-35.6513,-9.5704],[-35.6519,-9.5706],[-35.6527,-9.5712],[-35.6539,-9.5725],[-35.6546,-9.5739],[-35.6552,-9.5766],[-35.6554,-9.5773],[-35.6576,-9.5813],[-35.6589,-9.5827],[-35.6603,-9.5819],[-35.6592,-9.5808],[-35.661,-9.5797],[-35.6608,-9.5788],[-35.6616,-9.5782],[-35.6628,-9.5783],[-35.6632,-9.5787],[-35.6634,-9.5781],[-35.6641,-9.5781],[-35.6643,-9.5775],[-35.6655,-9.5778],[-35.666,-9.5786],[-35.667,-9.5786],[-35.6675,-9.5782],[-35.6676,-9.5788],[-35.6682,-9.5791],[-35.6687,-9.5784],[-35.6698,-9.5778],[-35.6712,-9.5766],[-35.6723,-9.5759],[-35.6728,-9.5749],[-35.6721,-9.5736],[-35.6723,-9.5734],[-35.674,-9.5734],[-35.676,-9.574],[-35.6769,-9.5738],[-35.6773,-9.5735],[-35.6777,-9.5722],[-35.6781,-9.5716],[-35.6789,-9.571],[-35.6791,-9.5703],[-35.68,-9.5694],[-35.6806,-9.5679],[-35.682,-9.5669],[-35.6822,-9.5665],[-35.6825,-9.566],[-35.6817,-9.5638],[-35.6818,-9.5634],[-35.6812,-9.5626],[-35.6804,-9.5625],[-35.6807,-9.5619],[-35.6804,-9.5616],[-35.6798,-9.5616],[-35.6797,-9.5608],[-35.6793,-9.5606],[-35.6776,-9.5607],[-35.6769,-9.5605],[-35.6762,-9.5607],[-35.6753,-9.5603],[-35.674,-9.5603],[-35.6731,-9.5601],[-35.6711,-9.5618],[-35.6702,-9.5626],[-35.6697,-9.5629],[-35.6695,-9.5635],[-35.6685,-9.5641],[-35.6669,-9.5658],[-35.6666,-9.5655],[-35.6634,-9.5608],[-35.6626,-9.5597],[-35.6612,-9.5582],[-35.66,-9.5572],[-35.6542,-9.553],[-35.6538,-9.5521],[-35.6528,-9.5509],[-35.6511,-9.549],[-35.6502,-9.5481],[-35.6466,-9.5444],[-35.645,-9.543],[-35.6424,-9.541],[-35.6418,-9.5409]]]}},{"type":"Feature","properties":{"c":"b90","b":90,"n":"Rio Novo","m":"2704302","cx":-35.8067,"cy":-9.581},"geometry":{"type":"Polygon","coordinates":[[[-35.8093,-9.5681],[-35.8073,-9.5667],[-35.8064,-9.5665],[-35.804,-9.5676],[-35.8037,-9.568],[-35.8037,-9.5695],[-35.8039,-9.5704],[-35.8034,-9.572],[-35.8026,-9.5728],[-35.8018,-9.5739],[-35.8021,-9.5753],[-35.802,-9.5757],[-35.8008,-9.5773],[-35.8005,-9.5783],[-35.8008,-9.5791],[-35.7999,-9.5808],[-35.7999,-9.5814],[-35.8002,-9.5824],[-35.8,-9.583],[-35.8004,-9.5834],[-35.8,-9.5844],[-35.8001,-9.5848],[-35.7996,-9.5857],[-35.7979,-9.5871],[-35.7983,-9.5876],[-35.798,-9.5879],[-35.7975,-9.589],[-35.7979,-9.5894],[-35.7987,-9.589],[-35.7984,-9.5904],[-35.7992,-9.5912],[-35.8,-9.5914],[-35.7992,-9.5915],[-35.7988,-9.5921],[-35.7981,-9.5925],[-35.7976,-9.5923],[-35.7964,-9.5936],[-35.796,-9.5944],[-35.7959,-9.5952],[-35.7967,-9.5954],[-35.7997,-9.5939],[-35.8005,-9.5933],[-35.8013,-9.5933],[-35.8026,-9.5926],[-35.803,-9.5921],[-35.8032,-9.5911],[-35.8024,-9.5898],[-35.8023,-9.5893],[-35.8027,-9.5881],[-35.8034,-9.5876],[-35.8055,-9.5873],[-35.8062,-9.587],[-35.8069,-9.586],[-35.8084,-9.5852],[-35.8094,-9.5853],[-35.8095,-9.5846],[-35.8088,-9.5838],[-35.8084,-9.5832],[-35.8089,-9.582],[-35.8095,-9.5817],[-35.8121,-9.5816],[-35.8132,-9.5812],[-35.8144,-9.58],[-35.8137,-9.5795],[-35.8099,-9.5686],[-35.8093,-9.5681]]]}},{"type":"Feature","properties":{"c":"b91","b":91,"n":"Santa Amélia","m":"2704302","cx":-35.7707,"cy":-9.5995},"geometry":{"type":"Polygon","coordinates":[[[-35.7619,-9.6177],[-35.7623,-9.6182],[-35.7631,-9.6185],[-35.7638,-9.6181],[-35.7648,-9.6179],[-35.7663,-9.6171],[-35.7667,-9.6165],[-35.7686,-9.6153],[-35.7695,-9.6145],[-35.7708,-9.6141],[-35.7718,-9.6134],[-35.7717,-9.6127],[-35.7705,-9.6116],[-35.7694,-9.6115],[-35.7688,-9.6111],[-35.7698,-9.6109],[-35.77,-9.6104],[-35.7714,-9.6106],[-35.7713,-9.6103],[-35.77,-9.6089],[-35.7695,-9.6076],[-35.7695,-9.6064],[-35.7699,-9.6055],[-35.7703,-9.6049],[-35.7714,-9.6044],[-35.772,-9.6033],[-35.7718,-9.6032],[-35.7717,-9.6016],[-35.7715,-9.6003],[-35.7717,-9.6004],[-35.7729,-9.5986],[-35.7735,-9.5969],[-35.7729,-9.5962],[-35.7725,-9.5951],[-35.7728,-9.5949],[-35.773,-9.594],[-35.7738,-9.5927],[-35.7751,-9.5918],[-35.7767,-9.5913],[-35.7782,-9.5914],[-35.7789,-9.5916],[-35.7794,-9.5915],[-35.7804,-9.5909],[-35.7805,-9.5899],[-35.7796,-9.5894],[-35.78,-9.5887],[-35.7805,-9.5886],[-35.7816,-9.5871],[-35.7811,-9.5862],[-35.7808,-9.5849],[-35.7811,-9.5838],[-35.7818,-9.5832],[-35.7829,-9.5832],[-35.7845,-9.5828],[-35.7862,-9.5837],[-35.7871,-9.5845],[-35.787,-9.5861],[-35.7873,-9.587],[-35.788,-9.5873],[-35.7892,-9.5872],[-35.7898,-9.5877],[-35.7905,-9.5878],[-35.7919,-9.5878],[-35.7926,-9.5882],[-35.7939,-9.5879],[-35.7944,-9.587],[-35.7929,-9.5856],[-35.7917,-9.5853],[-35.7913,-9.5849],[-35.7897,-9.5847],[-35.7887,-9.5841],[-35.7888,-9.5835],[-35.7896,-9.5837],[-35.7909,-9.5826],[-35.7923,-9.5822],[-35.7908,-9.5805],[-35.7901,-9.5803],[-35.79,-9.5796],[-35.7897,-9.5808],[-35.7886,-9.5806],[-35.7894,-9.5816],[-35.7893,-9.5818],[-35.7878,-9.5827],[-35.7871,-9.5835],[-35.7848,-9.5822],[-35.7845,-9.5821],[-35.7817,-9.5827],[-35.7814,-9.5829],[-35.7803,-9.5842],[-35.7788,-9.5853],[-35.778,-9.5852],[-35.7752,-9.5837],[-35.7749,-9.5832],[-35.7747,-9.5819],[-35.7744,-9.5813],[-35.7734,-9.584],[-35.7727,-9.5858],[-35.7714,-9.588],[-35.7708,-9.5895],[-35.7706,-9.5915],[-35.7699,-9.5914],[-35.7706,-9.5946],[-35.7698,-9.5943],[-35.7683,-9.5945],[-35.7693,-9.5967],[-35.7698,-9.5987],[-35.7693,-9.5983],[-35.7687,-9.6008],[-35.768,-9.6009],[-35.768,-9.6037],[-35.7681,-9.6041],[-35.7674,-9.6045],[-35.767,-9.6051],[-35.7682,-9.606],[-35.7675,-9.6066],[-35.7676,-9.6071],[-35.7673,-9.6076],[-35.7671,-9.6095],[-35.7678,-9.61],[-35.7676,-9.6107],[-35.7672,-9.6106],[-35.7667,-9.6117],[-35.7666,-9.6122],[-35.7658,-9.6131],[-35.765,-9.6135],[-35.7647,-9.6148],[-35.7642,-9.6151],[-35.7631,-9.6164],[-35.7619,-9.6177]]]}},{"type":"Feature","properties":{"c":"b92","b":92,"n":"Santa Lúcia","m":"2704302","cx":-35.7523,"cy":-9.5822},"geometry":{"type":"Polygon","coordinates":[[[-35.7594,-9.5907],[-35.7608,-9.5895],[-35.7644,-9.5846],[-35.7644,-9.5843],[-35.7632,-9.5834],[-35.7639,-9.5824],[-35.7625,-9.5814],[-35.7631,-9.5805],[-35.7623,-9.5799],[-35.76,-9.5787],[-35.7607,-9.5777],[-35.7524,-9.5716],[-35.7522,-9.5719],[-35.7504,-9.5715],[-35.7487,-9.5711],[-35.7477,-9.5731],[-35.7468,-9.5745],[-35.7464,-9.5745],[-35.7453,-9.5764],[-35.7433,-9.5786],[-35.7433,-9.5794],[-35.7421,-9.5803],[-35.7417,-9.5808],[-35.7415,-9.5814],[-35.7409,-9.5821],[-35.7401,-9.5849],[-35.7405,-9.5851],[-35.7411,-9.5862],[-35.7414,-9.5862],[-35.7423,-9.5853],[-35.7441,-9.5848],[-35.7445,-9.5845],[-35.7458,-9.5852],[-35.745,-9.5862],[-35.745,-9.5884],[-35.7445,-9.5893],[-35.7495,-9.5935],[-35.7509,-9.593],[-35.7532,-9.5911],[-35.7541,-9.5907],[-35.7555,-9.593],[-35.7578,-9.5916],[-35.7594,-9.5907]]]}},{"type":"Feature","properties":{"c":"b93","b":93,"n":"Santo Amaro","m":"2704302","cx":-35.7422,"cy":-9.6094},"geometry":{"type":"Polygon","coordinates":[[[-35.7416,-9.6059],[-35.7409,-9.6071],[-35.7404,-9.6087],[-35.7402,-9.6102],[-35.7418,-9.6115],[-35.7425,-9.6118],[-35.7433,-9.6128],[-35.7438,-9.6118],[-35.744,-9.6117],[-35.7441,-9.611],[-35.744,-9.6102],[-35.7441,-9.6085],[-35.7439,-9.6081],[-35.7439,-9.6068],[-35.7442,-9.6059],[-35.7429,-9.6048],[-35.7416,-9.6059]]]}},{"type":"Feature","properties":{"c":"b94","b":94,"n":"Santos Dumont","m":"2704302","cx":-35.7941,"cy":-9.5538},"geometry":{"type":"Polygon","coordinates":[[[-35.778,-9.5659],[-35.7788,-9.566],[-35.7879,-9.5647],[-35.7894,-9.5649],[-35.7923,-9.5666],[-35.7933,-9.5672],[-35.7939,-9.5679],[-35.7973,-9.5696],[-35.7985,-9.5709],[-35.7995,-9.5729],[-35.8002,-9.5731],[-35.8015,-9.5729],[-35.8019,-9.5727],[-35.8029,-9.5717],[-35.8032,-9.5712],[-35.8037,-9.5695],[-35.8037,-9.568],[-35.804,-9.5676],[-35.8064,-9.5665],[-35.8073,-9.5667],[-35.8093,-9.5681],[-35.8099,-9.5686],[-35.7967,-9.5315],[-35.7966,-9.5314],[-35.7849,-9.5517],[-35.7824,-9.5559],[-35.778,-9.5646],[-35.7779,-9.5656],[-35.778,-9.5659]]]}},{"type":"Feature","properties":{"c":"b95","b":95,"n":"Serraria","m":"2704302","cx":-35.7167,"cy":-9.6003},"geometry":{"type":"Polygon","coordinates":[[[-35.7123,-9.5953],[-35.7113,-9.5957],[-35.711,-9.5962],[-35.7107,-9.5957],[-35.7098,-9.5958],[-35.7095,-9.5963],[-35.7089,-9.5962],[-35.709,-9.5955],[-35.7084,-9.5951],[-35.7079,-9.5957],[-35.7073,-9.5955],[-35.7077,-9.595],[-35.7072,-9.5943],[-35.7067,-9.5941],[-35.7051,-9.5947],[-35.7042,-9.596],[-35.7037,-9.5976],[-35.7039,-9.5982],[-35.7045,-9.5989],[-35.7048,-9.5997],[-35.7046,-9.601],[-35.7039,-9.6017],[-35.7038,-9.6023],[-35.7029,-9.6035],[-35.702,-9.6046],[-35.7015,-9.6047],[-35.7013,-9.6055],[-35.7007,-9.6061],[-35.7002,-9.6063],[-35.6988,-9.6076],[-35.7008,-9.6077],[-35.7008,-9.6083],[-35.7013,-9.6085],[-35.7025,-9.6103],[-35.7031,-9.612],[-35.7039,-9.6135],[-35.7048,-9.6142],[-35.7057,-9.6144],[-35.7091,-9.6145],[-35.7106,-9.6144],[-35.7112,-9.6134],[-35.7122,-9.6128],[-35.7126,-9.6121],[-35.7138,-9.6115],[-35.7153,-9.6104],[-35.7154,-9.6099],[-35.716,-9.6098],[-35.7165,-9.6089],[-35.7168,-9.6075],[-35.7179,-9.6078],[-35.7189,-9.6079],[-35.7193,-9.6077],[-35.7197,-9.6068],[-35.7209,-9.6064],[-35.7208,-9.607],[-35.7213,-9.6071],[-35.7214,-9.608],[-35.7216,-9.6081],[-35.7209,-9.6091],[-35.7186,-9.6118],[-35.7181,-9.6126],[-35.7176,-9.6152],[-35.7178,-9.6154],[-35.7188,-9.6143],[-35.725,-9.6143],[-35.7279,-9.6142],[-35.7282,-9.6149],[-35.7288,-9.6155],[-35.7286,-9.6169],[-35.7294,-9.6175],[-35.7297,-9.6176],[-35.7308,-9.6166],[-35.7306,-9.6161],[-35.7311,-9.6156],[-35.7321,-9.6153],[-35.7325,-9.6149],[-35.7326,-9.6143],[-35.7322,-9.6134],[-35.7312,-9.6126],[-35.7309,-9.6129],[-35.7303,-9.6127],[-35.7299,-9.6117],[-35.7293,-9.6111],[-35.7293,-9.6096],[-35.7292,-9.6086],[-35.7288,-9.6083],[-35.7293,-9.6081],[-35.7294,-9.6076],[-35.7292,-9.6069],[-35.7289,-9.607],[-35.7287,-9.6065],[-35.7288,-9.6058],[-35.7283,-9.6057],[-35.7281,-9.6051],[-35.7286,-9.6049],[-35.728,-9.6035],[-35.7285,-9.6031],[-35.7279,-9.6026],[-35.7286,-9.6027],[-35.7293,-9.6018],[-35.7285,-9.6015],[-35.7284,-9.6005],[-35.7289,-9.6001],[-35.7292,-9.5992],[-35.7298,-9.5991],[-35.7308,-9.5966],[-35.7315,-9.5962],[-35.7325,-9.5947],[-35.7329,-9.5946],[-35.7331,-9.5936],[-35.7334,-9.5932],[-35.7334,-9.5925],[-35.7339,-9.5917],[-35.7336,-9.5895],[-35.733,-9.5885],[-35.7319,-9.5868],[-35.7305,-9.5879],[-35.7313,-9.5867],[-35.7312,-9.5865],[-35.7304,-9.5869],[-35.7298,-9.5869],[-35.7288,-9.5862],[-35.7276,-9.5856],[-35.727,-9.5851],[-35.7262,-9.5838],[-35.7257,-9.5833],[-35.7242,-9.5834],[-35.7238,-9.5839],[-35.7237,-9.5845],[-35.7233,-9.585],[-35.7232,-9.5861],[-35.7226,-9.5863],[-35.7225,-9.5867],[-35.7218,-9.587],[-35.7205,-9.5879],[-35.7201,-9.5883],[-35.7196,-9.5882],[-35.7193,-9.5885],[-35.7186,-9.5897],[-35.7188,-9.59],[-35.7181,-9.5903],[-35.7166,-9.5924],[-35.7148,-9.5941],[-35.7144,-9.594],[-35.7134,-9.5947],[-35.7126,-9.5946],[-35.7123,-9.5953]]]}},{"type":"Feature","properties":{"c":"b96","b":96,"n":"São Jorge","m":"2704302","cx":-35.7053,"cy":-9.6193},"geometry":{"type":"Polygon","coordinates":[[[-35.7065,-9.6219],[-35.7074,-9.6222],[-35.7081,-9.6217],[-35.7083,-9.6232],[-35.7082,-9.6255],[-35.7089,-9.6256],[-35.7085,-9.6265],[-35.7091,-9.6268],[-35.7095,-9.6285],[-35.71,-9.6293],[-35.7102,-9.6306],[-35.7107,-9.631],[-35.7111,-9.6309],[-35.712,-9.63],[-35.7126,-9.6286],[-35.7135,-9.6279],[-35.7136,-9.6275],[-35.7135,-9.6252],[-35.7138,-9.6232],[-35.7135,-9.6218],[-35.7129,-9.6207],[-35.7117,-9.6191],[-35.7114,-9.6172],[-35.7103,-9.6171],[-35.7097,-9.6169],[-35.709,-9.6162],[-35.7091,-9.6145],[-35.7057,-9.6144],[-35.7048,-9.6142],[-35.7039,-9.6135],[-35.7031,-9.612],[-35.7025,-9.6103],[-35.7013,-9.6085],[-35.7008,-9.6083],[-35.7008,-9.6077],[-35.6988,-9.6076],[-35.698,-9.6082],[-35.6976,-9.609],[-35.696,-9.6081],[-35.6946,-9.6076],[-35.6937,-9.6077],[-35.693,-9.6084],[-35.6921,-9.6106],[-35.6925,-9.6108],[-35.6944,-9.6133],[-35.6951,-9.6147],[-35.6962,-9.6154],[-35.6992,-9.616],[-35.7018,-9.6155],[-35.7021,-9.617],[-35.7015,-9.617],[-35.7002,-9.6178],[-35.6989,-9.618],[-35.6983,-9.6188],[-35.6992,-9.6197],[-35.6998,-9.6198],[-35.7015,-9.6195],[-35.7021,-9.6201],[-35.703,-9.6205],[-35.704,-9.6207],[-35.7042,-9.6218],[-35.7065,-9.6219]]]}},{"type":"Feature","properties":{"c":"b97","b":97,"n":"Tabuleiro do Martins","m":"2704302","cx":-35.7677,"cy":-9.577},"geometry":{"type":"Polygon","coordinates":[[[-35.7616,-9.5954],[-35.7617,-9.5955],[-35.7639,-9.5976],[-35.7634,-9.5984],[-35.7639,-9.5993],[-35.7644,-9.5994],[-35.7651,-9.6002],[-35.7665,-9.6001],[-35.7674,-9.5998],[-35.7675,-9.6],[-35.7687,-9.6008],[-35.7693,-9.5983],[-35.7698,-9.5987],[-35.7693,-9.5967],[-35.7683,-9.5945],[-35.7698,-9.5943],[-35.7706,-9.5946],[-35.7699,-9.5914],[-35.7706,-9.5915],[-35.7708,-9.5895],[-35.7714,-9.588],[-35.7727,-9.5858],[-35.7734,-9.584],[-35.7744,-9.5813],[-35.7754,-9.5786],[-35.7759,-9.5763],[-35.7758,-9.575],[-35.777,-9.5686],[-35.7774,-9.5685],[-35.7772,-9.5676],[-35.7779,-9.5664],[-35.778,-9.5659],[-35.7779,-9.5656],[-35.7773,-9.5654],[-35.7769,-9.5656],[-35.7762,-9.5655],[-35.7668,-9.5607],[-35.7586,-9.5565],[-35.7558,-9.5551],[-35.7546,-9.5546],[-35.7527,-9.5544],[-35.7513,-9.5547],[-35.75,-9.5552],[-35.7489,-9.5561],[-35.7479,-9.5576],[-35.7457,-9.5626],[-35.7504,-9.5715],[-35.7522,-9.5719],[-35.7524,-9.5716],[-35.7607,-9.5777],[-35.76,-9.5787],[-35.7623,-9.5799],[-35.7631,-9.5805],[-35.7625,-9.5814],[-35.7639,-9.5824],[-35.7632,-9.5834],[-35.7644,-9.5843],[-35.7644,-9.5846],[-35.7608,-9.5895],[-35.7594,-9.5907],[-35.7578,-9.5916],[-35.7616,-9.5954]]]}},{"type":"Feature","properties":{"c":"b98","b":98,"n":"Trapiche da Barra","m":"2704302","cx":-35.7607,"cy":-9.6717},"geometry":{"type":"Polygon","coordinates":[[[-35.7601,-9.6776],[-35.7604,-9.6778],[-35.7635,-9.6768],[-35.7633,-9.6763],[-35.7643,-9.676],[-35.7646,-9.6753],[-35.7659,-9.6753],[-35.766,-9.6754],[-35.7661,-9.6751],[-35.7679,-9.6749],[-35.7676,-9.674],[-35.768,-9.6742],[-35.7677,-9.6733],[-35.7672,-9.6731],[-35.7671,-9.6726],[-35.7666,-9.6725],[-35.7661,-9.6709],[-35.7653,-9.6698],[-35.7651,-9.6692],[-35.7651,-9.6676],[-35.7646,-9.6668],[-35.7651,-9.6662],[-35.765,-9.665],[-35.7659,-9.663],[-35.7655,-9.6629],[-35.7648,-9.6645],[-35.7647,-9.665],[-35.7641,-9.6649],[-35.7644,-9.6637],[-35.7578,-9.6642],[-35.7578,-9.6663],[-35.7578,-9.668],[-35.7561,-9.6682],[-35.7546,-9.6678],[-35.7542,-9.669],[-35.7555,-9.6692],[-35.755,-9.6708],[-35.7554,-9.671],[-35.7536,-9.6759],[-35.753,-9.6774],[-35.7555,-9.6789],[-35.7572,-9.6802],[-35.7589,-9.6814],[-35.7601,-9.6776]]]}},{"type":"Feature","properties":{"c":"b99","b":99,"n":"Vergel do Lago","m":"2704302","cx":-35.7589,"cy":-9.6544},"geometry":{"type":"Polygon","coordinates":[[[-35.7657,-9.6549],[-35.7651,-9.6541],[-35.7648,-9.6534],[-35.765,-9.6524],[-35.7632,-9.6514],[-35.763,-9.6508],[-35.7621,-9.6505],[-35.7607,-9.6496],[-35.7594,-9.6489],[-35.7582,-9.6489],[-35.7573,-9.6492],[-35.7563,-9.6489],[-35.7549,-9.6498],[-35.7536,-9.6511],[-35.7531,-9.6521],[-35.7529,-9.6536],[-35.7524,-9.6547],[-35.7517,-9.6554],[-35.7526,-9.6563],[-35.7544,-9.6584],[-35.7559,-9.6605],[-35.7584,-9.6593],[-35.7589,-9.6595],[-35.7607,-9.6596],[-35.761,-9.6598],[-35.766,-9.6577],[-35.767,-9.6573],[-35.7657,-9.6549]]]}},{"type":"Feature","properties":{"c":"b100","b":100,"n":"Pedro Sales de Barros","m":"2705705","cx":-37.2974,"cy":-9.5228},"geometry":{"type":"Polygon","coordinates":[[[-37.2984,-9.5282],[-37.2998,-9.5277],[-37.3002,-9.528],[-37.3007,-9.5278],[-37.299,-9.5245],[-37.297,-9.5205],[-37.297,-9.5211],[-37.2957,-9.5277],[-37.2984,-9.5282]]]}},{"type":"Feature","properties":{"c":"b101","b":101,"n":"Alto do Cruzeiro","m":"2706307","cx":-36.6299,"cy":-9.4005},"geometry":{"type":"Polygon","coordinates":[[[-36.6332,-9.4008],[-36.6332,-9.4002],[-36.6322,-9.4],[-36.6321,-9.402],[-36.6315,-9.402],[-36.6314,-9.4009],[-36.631,-9.4],[-36.6304,-9.4003],[-36.6299,-9.3985],[-36.6299,-9.3968],[-36.6291,-9.397],[-36.6292,-9.3997],[-36.6287,-9.4003],[-36.6283,-9.4007],[-36.6268,-9.3994],[-36.6255,-9.4022],[-36.628,-9.4038],[-36.6283,-9.4033],[-36.6296,-9.4039],[-36.6307,-9.4042],[-36.6317,-9.404],[-36.6324,-9.403],[-36.6332,-9.4008]]]}},{"type":"Feature","properties":{"c":"b102","b":102,"n":"Centro","m":"2706307","cx":-36.6305,"cy":-9.406},"geometry":{"type":"Polygon","coordinates":[[[-36.6348,-9.4059],[-36.6338,-9.4054],[-36.6323,-9.4058],[-36.6324,-9.403],[-36.6317,-9.404],[-36.6307,-9.4042],[-36.6296,-9.4039],[-36.6283,-9.4033],[-36.628,-9.4038],[-36.6255,-9.4022],[-36.6239,-9.4012],[-36.6236,-9.4005],[-36.6233,-9.4002],[-36.6248,-9.4041],[-36.6251,-9.4046],[-36.6263,-9.4061],[-36.6271,-9.4073],[-36.6285,-9.4091],[-36.6306,-9.412],[-36.6317,-9.4107],[-36.6344,-9.4092],[-36.6337,-9.4079],[-36.634,-9.4079],[-36.6348,-9.4059]]]}},{"type":"Feature","properties":{"c":"b103","b":103,"n":"Goiti","m":"2706307","cx":-36.6334,"cy":-9.4042},"geometry":{"type":"MultiPolygon","coordinates":[[[[-36.6324,-9.403],[-36.6323,-9.4058],[-36.6338,-9.4054],[-36.6348,-9.4059],[-36.6344,-9.4055],[-36.6345,-9.403],[-36.6335,-9.4029],[-36.6339,-9.4017],[-36.6341,-9.4013],[-36.6338,-9.4008],[-36.6332,-9.4008],[-36.6324,-9.403]]],[[[-36.634,-9.4079],[-36.6357,-9.4079],[-36.6374,-9.4084],[-36.6386,-9.409],[-36.6393,-9.4084],[-36.6406,-9.4083],[-36.6409,-9.4074],[-36.6403,-9.4071],[-36.6387,-9.4083],[-36.6375,-9.4078],[-36.6352,-9.407],[-36.6355,-9.4056],[-36.6352,-9.4053],[-36.6348,-9.4059],[-36.634,-9.4079]]]]}},{"type":"Feature","properties":{"c":"b104","b":104,"n":"Jardim Brasil","m":"2706307","cx":-36.6419,"cy":-9.4141},"geometry":{"type":"Polygon","coordinates":[[[-36.638,-9.4167],[-36.6385,-9.4179],[-36.6412,-9.4164],[-36.6418,-9.4162],[-36.6436,-9.4159],[-36.6436,-9.4151],[-36.6452,-9.4147],[-36.6448,-9.4136],[-36.6455,-9.4133],[-36.6447,-9.4115],[-36.6357,-9.4156],[-36.6367,-9.4178],[-36.638,-9.4167]]]}},{"type":"Feature","properties":{"c":"b105","b":105,"n":"José Maia Costa","m":"2706307","cx":-36.6171,"cy":-9.4262},"geometry":{"type":"Polygon","coordinates":[[[-36.618,-9.4274],[-36.6228,-9.4217],[-36.6234,-9.4211],[-36.6238,-9.4205],[-36.623,-9.4197],[-36.6228,-9.4198],[-36.622,-9.419],[-36.6208,-9.4183],[-36.6196,-9.4176],[-36.6195,-9.4178],[-36.6184,-9.4172],[-36.6189,-9.4163],[-36.6185,-9.4159],[-36.6178,-9.417],[-36.6173,-9.4171],[-36.6167,-9.4184],[-36.6174,-9.4187],[-36.6177,-9.4183],[-36.6183,-9.4184],[-36.6179,-9.4192],[-36.6163,-9.4206],[-36.6167,-9.421],[-36.6152,-9.4214],[-36.6144,-9.4228],[-36.6144,-9.4233],[-36.6146,-9.425],[-36.6152,-9.426],[-36.6151,-9.4265],[-36.6146,-9.4266],[-36.6151,-9.4282],[-36.6118,-9.4281],[-36.6103,-9.4282],[-36.6098,-9.428],[-36.6097,-9.4285],[-36.6091,-9.429],[-36.608,-9.4304],[-36.6076,-9.4302],[-36.6069,-9.4311],[-36.6064,-9.4327],[-36.6065,-9.4332],[-36.6059,-9.435],[-36.6095,-9.4361],[-36.6104,-9.4368],[-36.6163,-9.4296],[-36.618,-9.4274]]]}},{"type":"Feature","properties":{"c":"b106","b":106,"n":"Juca Sampaio","m":"2706307","cx":-36.6274,"cy":-9.4259},"geometry":{"type":"Polygon","coordinates":[[[-36.6319,-9.4163],[-36.6315,-9.4157],[-36.631,-9.4144],[-36.6307,-9.4127],[-36.6305,-9.4122],[-36.627,-9.4165],[-36.6238,-9.4205],[-36.6234,-9.4211],[-36.6228,-9.4217],[-36.618,-9.4274],[-36.6163,-9.4296],[-36.6173,-9.4305],[-36.617,-9.4315],[-36.619,-9.4327],[-36.6218,-9.4334],[-36.6279,-9.4334],[-36.628,-9.4353],[-36.6291,-9.4386],[-36.6293,-9.4412],[-36.6342,-9.4391],[-36.6332,-9.4296],[-36.6333,-9.4287],[-36.6337,-9.4279],[-36.6345,-9.4271],[-36.6366,-9.4248],[-36.6369,-9.4241],[-36.6367,-9.4227],[-36.6344,-9.4196],[-36.6319,-9.4163]]]}},{"type":"Feature","properties":{"c":"b107","b":107,"n":"Palmeira de Fora","m":"2706307","cx":-36.6627,"cy":-9.4106},"geometry":{"type":"Polygon","coordinates":[[[-36.6602,-9.4248],[-36.6698,-9.4188],[-36.676,-9.4149],[-36.6799,-9.4126],[-36.6814,-9.4116],[-36.6791,-9.4099],[-36.6786,-9.4097],[-36.6777,-9.4096],[-36.6761,-9.4102],[-36.6754,-9.4101],[-36.6745,-9.4094],[-36.6736,-9.4077],[-36.6731,-9.4057],[-36.6728,-9.405],[-36.6709,-9.4026],[-36.6697,-9.4016],[-36.667,-9.4006],[-36.6672,-9.3983],[-36.6629,-9.3984],[-36.6605,-9.3992],[-36.6595,-9.3978],[-36.6593,-9.3962],[-36.6579,-9.3958],[-36.6575,-9.3956],[-36.6564,-9.3966],[-36.6562,-9.3964],[-36.6554,-9.3969],[-36.6551,-9.3964],[-36.6542,-9.3964],[-36.6539,-9.3953],[-36.6533,-9.3954],[-36.6532,-9.3948],[-36.652,-9.3948],[-36.6519,-9.3955],[-36.6527,-9.3965],[-36.6532,-9.3974],[-36.6548,-9.3987],[-36.6541,-9.3994],[-36.6542,-9.3996],[-36.6531,-9.4014],[-36.6537,-9.4024],[-36.6531,-9.4027],[-36.6534,-9.4034],[-36.6517,-9.404],[-36.6506,-9.4023],[-36.6502,-9.4028],[-36.6501,-9.404],[-36.6491,-9.4044],[-36.6489,-9.4055],[-36.6474,-9.4062],[-36.6471,-9.4059],[-36.6462,-9.4066],[-36.646,-9.4072],[-36.6449,-9.4089],[-36.6441,-9.4096],[-36.6426,-9.4098],[-36.641,-9.4096],[-36.6415,-9.4076],[-36.6409,-9.4074],[-36.6406,-9.4083],[-36.6393,-9.4084],[-36.6386,-9.409],[-36.6403,-9.4099],[-36.6428,-9.4102],[-36.6451,-9.4099],[-36.6453,-9.4111],[-36.6447,-9.4115],[-36.6455,-9.4133],[-36.6464,-9.4153],[-36.6459,-9.416],[-36.6456,-9.4174],[-36.6446,-9.4175],[-36.6465,-9.4188],[-36.6466,-9.4197],[-36.647,-9.42],[-36.6467,-9.4227],[-36.6464,-9.4233],[-36.6504,-9.4216],[-36.6532,-9.4211],[-36.6525,-9.4235],[-36.6511,-9.4243],[-36.6502,-9.425],[-36.6512,-9.4265],[-36.6544,-9.4254],[-36.6553,-9.4256],[-36.6584,-9.4259],[-36.6602,-9.4248]]]}},{"type":"Feature","properties":{"c":"b108","b":108,"n":"Paraíso","m":"2706307","cx":-36.6245,"cy":-9.4097},"geometry":{"type":"Polygon","coordinates":[[[-36.6285,-9.4091],[-36.6271,-9.4073],[-36.6263,-9.4061],[-36.6247,-9.4073],[-36.6234,-9.4083],[-36.6221,-9.4095],[-36.6206,-9.41],[-36.6199,-9.4109],[-36.6187,-9.4116],[-36.6196,-9.4119],[-36.6197,-9.4123],[-36.6208,-9.4128],[-36.6216,-9.4128],[-36.6226,-9.4133],[-36.6242,-9.4135],[-36.6237,-9.4126],[-36.6252,-9.4118],[-36.6285,-9.4091]]]}},{"type":"Feature","properties":{"c":"b109","b":109,"n":"Ribeira","m":"2706307","cx":-36.6198,"cy":-9.4015},"geometry":{"type":"Polygon","coordinates":[[[-36.6226,-9.3984],[-36.6227,-9.3982],[-36.6222,-9.397],[-36.6214,-9.3965],[-36.6193,-9.396],[-36.6168,-9.3957],[-36.6159,-9.3959],[-36.6154,-9.3966],[-36.6155,-9.3975],[-36.6168,-9.3988],[-36.6169,-9.3992],[-36.6167,-9.4],[-36.6156,-9.4013],[-36.6162,-9.402],[-36.6186,-9.4018],[-36.6186,-9.4025],[-36.6208,-9.4022],[-36.623,-9.4032],[-36.6216,-9.4044],[-36.6237,-9.4059],[-36.6246,-9.4068],[-36.6247,-9.4073],[-36.6263,-9.4061],[-36.6251,-9.4046],[-36.6248,-9.4041],[-36.6233,-9.4002],[-36.6231,-9.3999],[-36.6226,-9.3984]]]}},{"type":"Feature","properties":{"c":"b110","b":110,"n":"Sonho Verde","m":"2706307","cx":-36.6439,"cy":-9.4312},"geometry":{"type":"Polygon","coordinates":[[[-36.6534,-9.4291],[-36.6515,-9.4274],[-36.6493,-9.4266],[-36.6479,-9.4263],[-36.6458,-9.4254],[-36.6449,-9.4244],[-36.6436,-9.4225],[-36.6427,-9.4211],[-36.6421,-9.4207],[-36.6409,-9.4215],[-36.6402,-9.4208],[-36.639,-9.4219],[-36.6375,-9.422],[-36.6371,-9.421],[-36.6365,-9.4212],[-36.6374,-9.4239],[-36.637,-9.425],[-36.6345,-9.4271],[-36.6337,-9.4279],[-36.6333,-9.4287],[-36.6332,-9.4296],[-36.6342,-9.4391],[-36.6344,-9.4403],[-36.6372,-9.44],[-36.6377,-9.4404],[-36.6375,-9.4412],[-36.6425,-9.4405],[-36.6442,-9.4397],[-36.6441,-9.439],[-36.6463,-9.4386],[-36.6461,-9.4376],[-36.6475,-9.4373],[-36.6473,-9.4364],[-36.6486,-9.4363],[-36.6501,-9.436],[-36.65,-9.4353],[-36.6511,-9.4353],[-36.651,-9.4348],[-36.6513,-9.4336],[-36.6539,-9.4315],[-36.6548,-9.4309],[-36.6572,-9.4336],[-36.661,-9.4319],[-36.6585,-9.4293],[-36.657,-9.4293],[-36.6566,-9.4281],[-36.6561,-9.4274],[-36.6534,-9.4291]]]}},{"type":"Feature","properties":{"c":"b111","b":111,"n":"São Cristóvão","m":"2706307","cx":-36.6355,"cy":-9.4136},"geometry":{"type":"Polygon","coordinates":[[[-36.6357,-9.4156],[-36.6447,-9.4115],[-36.6453,-9.4111],[-36.6451,-9.4099],[-36.6428,-9.4102],[-36.6403,-9.4099],[-36.6386,-9.409],[-36.6374,-9.4084],[-36.6357,-9.4079],[-36.634,-9.4079],[-36.6337,-9.4079],[-36.6344,-9.4092],[-36.6317,-9.4107],[-36.6306,-9.412],[-36.6305,-9.4122],[-36.6307,-9.4127],[-36.631,-9.4144],[-36.6315,-9.4157],[-36.6319,-9.4163],[-36.6344,-9.4196],[-36.6367,-9.4178],[-36.6357,-9.4156]]]}},{"type":"Feature","properties":{"c":"b112","b":112,"n":"São Francisco","m":"2706307","cx":-36.6237,"cy":-9.4162},"geometry":{"type":"Polygon","coordinates":[[[-36.622,-9.419],[-36.6228,-9.4198],[-36.623,-9.4197],[-36.6238,-9.4205],[-36.627,-9.4165],[-36.6265,-9.4166],[-36.6253,-9.4131],[-36.6252,-9.4118],[-36.6237,-9.4126],[-36.6242,-9.4135],[-36.6224,-9.4147],[-36.6216,-9.4145],[-36.6206,-9.416],[-36.6216,-9.4166],[-36.6208,-9.4183],[-36.622,-9.419]]]}},{"type":"Feature","properties":{"c":"b113","b":113,"n":"São Luiz","m":"2706307","cx":-36.6277,"cy":-9.4126},"geometry":{"type":"Polygon","coordinates":[[[-36.6252,-9.4118],[-36.6253,-9.4131],[-36.6265,-9.4166],[-36.627,-9.4165],[-36.6305,-9.4122],[-36.6306,-9.412],[-36.6285,-9.4091],[-36.6252,-9.4118]]]}},{"type":"Feature","properties":{"c":"b114","b":114,"n":"Tenório Cavalcanti","m":"2706307","cx":-36.6249,"cy":-9.4001},"geometry":{"type":"Polygon","coordinates":[[[-36.6268,-9.3982],[-36.6266,-9.3985],[-36.626,-9.3981],[-36.6244,-9.3993],[-36.6236,-9.3982],[-36.6227,-9.3982],[-36.6226,-9.3984],[-36.6231,-9.3999],[-36.6236,-9.4005],[-36.6239,-9.4012],[-36.6255,-9.4022],[-36.6268,-9.3994],[-36.6283,-9.4007],[-36.6287,-9.4003],[-36.6268,-9.3982]]]}},{"type":"Feature","properties":{"c":"b115","b":115,"n":"Vila Maria","m":"2706307","cx":-36.6448,"cy":-9.4212},"geometry":{"type":"Polygon","coordinates":[[[-36.637,-9.425],[-36.6374,-9.4239],[-36.6365,-9.4212],[-36.6371,-9.421],[-36.6375,-9.422],[-36.639,-9.4219],[-36.6402,-9.4208],[-36.6409,-9.4215],[-36.6421,-9.4207],[-36.6427,-9.4211],[-36.6436,-9.4225],[-36.6449,-9.4244],[-36.6458,-9.4254],[-36.6479,-9.4263],[-36.6493,-9.4266],[-36.6515,-9.4274],[-36.6534,-9.4291],[-36.6561,-9.4274],[-36.6584,-9.4259],[-36.6553,-9.4256],[-36.6544,-9.4254],[-36.6512,-9.4265],[-36.6502,-9.425],[-36.6511,-9.4243],[-36.6525,-9.4235],[-36.6532,-9.4211],[-36.6504,-9.4216],[-36.6464,-9.4233],[-36.6467,-9.4227],[-36.647,-9.42],[-36.6466,-9.4197],[-36.6465,-9.4188],[-36.6446,-9.4175],[-36.6456,-9.4174],[-36.6459,-9.416],[-36.6464,-9.4153],[-36.6455,-9.4133],[-36.6448,-9.4136],[-36.6452,-9.4147],[-36.6436,-9.4151],[-36.6436,-9.4159],[-36.6418,-9.4162],[-36.6412,-9.4164],[-36.6385,-9.4179],[-36.638,-9.4167],[-36.6367,-9.4178],[-36.6344,-9.4196],[-36.6367,-9.4227],[-36.6369,-9.4241],[-36.6366,-9.4248],[-36.6345,-9.4271],[-36.637,-9.425]]]}},{"type":"Feature","properties":{"c":"b116","b":116,"n":"Xucurus","m":"2706307","cx":-36.6147,"cy":-9.4198},"geometry":{"type":"Polygon","coordinates":[[[-36.6216,-9.4166],[-36.6206,-9.416],[-36.6216,-9.4145],[-36.6224,-9.4147],[-36.6242,-9.4135],[-36.6226,-9.4133],[-36.6216,-9.4128],[-36.6208,-9.4128],[-36.6197,-9.4123],[-36.6196,-9.4119],[-36.6187,-9.4116],[-36.6199,-9.4109],[-36.6206,-9.41],[-36.6221,-9.4095],[-36.6234,-9.4083],[-36.6247,-9.4073],[-36.6246,-9.4068],[-36.6237,-9.4059],[-36.6216,-9.4044],[-36.6214,-9.4043],[-36.62,-9.4059],[-36.6228,-9.4083],[-36.6219,-9.4089],[-36.6166,-9.4101],[-36.6133,-9.4074],[-36.6118,-9.4094],[-36.6122,-9.4098],[-36.6117,-9.4111],[-36.6125,-9.4115],[-36.6138,-9.4115],[-36.6147,-9.4112],[-36.617,-9.4108],[-36.6181,-9.4125],[-36.6176,-9.4131],[-36.6157,-9.4149],[-36.6149,-9.4153],[-36.6142,-9.416],[-36.6131,-9.4178],[-36.6127,-9.4191],[-36.6118,-9.4204],[-36.6106,-9.4215],[-36.6098,-9.4219],[-36.6055,-9.4235],[-36.6041,-9.4245],[-36.6034,-9.4252],[-36.6021,-9.4259],[-36.6009,-9.4275],[-36.5982,-9.43],[-36.5964,-9.432],[-36.5964,-9.4322],[-36.6059,-9.435],[-36.6065,-9.4332],[-36.6064,-9.4327],[-36.6069,-9.4311],[-36.6076,-9.4302],[-36.608,-9.4304],[-36.6091,-9.429],[-36.6097,-9.4285],[-36.6098,-9.428],[-36.6103,-9.4282],[-36.6118,-9.4281],[-36.6151,-9.4282],[-36.6146,-9.4266],[-36.6151,-9.4265],[-36.6152,-9.426],[-36.6146,-9.425],[-36.6144,-9.4233],[-36.6144,-9.4228],[-36.6152,-9.4214],[-36.6167,-9.421],[-36.6163,-9.4206],[-36.6179,-9.4192],[-36.6183,-9.4184],[-36.6177,-9.4183],[-36.6174,-9.4187],[-36.6167,-9.4184],[-36.6173,-9.4171],[-36.6178,-9.417],[-36.6185,-9.4159],[-36.6189,-9.4163],[-36.6184,-9.4172],[-36.6195,-9.4178],[-36.6196,-9.4176],[-36.6208,-9.4183],[-36.6216,-9.4166]]]}},{"type":"Feature","properties":{"c":"b117","b":117,"n":"Centro","m":"2706703","cx":-36.5803,"cy":-10.2918},"geometry":{"type":"Polygon","coordinates":[[[-36.5738,-10.2881],[-36.5739,-10.2885],[-36.5758,-10.2896],[-36.5756,-10.2902],[-36.5761,-10.2905],[-36.5764,-10.2915],[-36.5783,-10.2931],[-36.5781,-10.2938],[-36.5789,-10.2945],[-36.5795,-10.2948],[-36.5778,-10.2957],[-36.5783,-10.2967],[-36.5759,-10.2979],[-36.5766,-10.2982],[-36.5773,-10.2982],[-36.5803,-10.2976],[-36.5813,-10.2976],[-36.5828,-10.2963],[-36.5849,-10.2944],[-36.586,-10.293],[-36.5854,-10.2926],[-36.5847,-10.2934],[-36.5844,-10.2932],[-36.5824,-10.2949],[-36.5821,-10.2946],[-36.5828,-10.294],[-36.5824,-10.2936],[-36.5839,-10.2924],[-36.5836,-10.2921],[-36.5841,-10.2914],[-36.5828,-10.2905],[-36.5833,-10.2906],[-36.5837,-10.29],[-36.5833,-10.2898],[-36.5813,-10.2888],[-36.5814,-10.2885],[-36.5796,-10.2876],[-36.5798,-10.2872],[-36.5777,-10.2863],[-36.5756,-10.2855],[-36.5738,-10.2881]]]}},{"type":"Feature","properties":{"c":"b118","b":118,"n":"Centro Histórico","m":"2706703","cx":-36.5845,"cy":-10.2893},"geometry":{"type":"Polygon","coordinates":[[[-36.5739,-10.2848],[-36.5756,-10.2855],[-36.5777,-10.2863],[-36.5798,-10.2872],[-36.5796,-10.2876],[-36.5814,-10.2885],[-36.5813,-10.2888],[-36.5833,-10.2898],[-36.5837,-10.29],[-36.5833,-10.2906],[-36.5828,-10.2905],[-36.5841,-10.2914],[-36.5836,-10.2921],[-36.5839,-10.2924],[-36.5824,-10.2936],[-36.5828,-10.294],[-36.5821,-10.2946],[-36.5824,-10.2949],[-36.5844,-10.2932],[-36.5847,-10.2934],[-36.5854,-10.2926],[-36.586,-10.293],[-36.5868,-10.2915],[-36.5869,-10.2899],[-36.5864,-10.2888],[-36.5857,-10.2877],[-36.5841,-10.2879],[-36.5812,-10.287],[-36.5798,-10.2861],[-36.5781,-10.2856],[-36.5772,-10.2851],[-36.5751,-10.2842],[-36.5735,-10.2838],[-36.5739,-10.2848]]]}},{"type":"Feature","properties":{"c":"b119","b":119,"n":"Dom Constantino","m":"2706703","cx":-36.551,"cy":-10.2858},"geometry":{"type":"Polygon","coordinates":[[[-36.5604,-10.2878],[-36.5592,-10.2864],[-36.5582,-10.2852],[-36.5576,-10.2848],[-36.5579,-10.284],[-36.5583,-10.2802],[-36.5524,-10.2772],[-36.5506,-10.2761],[-36.5511,-10.2779],[-36.552,-10.2786],[-36.5472,-10.2796],[-36.5469,-10.2795],[-36.545,-10.2798],[-36.5423,-10.2798],[-36.5436,-10.2871],[-36.5379,-10.2882],[-36.537,-10.2883],[-36.5358,-10.2888],[-36.5363,-10.2905],[-36.537,-10.2902],[-36.5368,-10.2897],[-36.5378,-10.2889],[-36.5391,-10.2888],[-36.5404,-10.2884],[-36.5446,-10.2877],[-36.545,-10.2893],[-36.5459,-10.2891],[-36.5463,-10.2894],[-36.5468,-10.2906],[-36.5473,-10.2899],[-36.5477,-10.2918],[-36.5478,-10.2927],[-36.5487,-10.293],[-36.5488,-10.2943],[-36.5497,-10.2965],[-36.5532,-10.2958],[-36.5526,-10.2942],[-36.5516,-10.2897],[-36.5574,-10.2886],[-36.5572,-10.288],[-36.5577,-10.2878],[-36.559,-10.2877],[-36.5608,-10.2882],[-36.5604,-10.2878]]]}},{"type":"Feature","properties":{"c":"b120","b":120,"n":"Raimundo Marinho","m":"2706703","cx":-36.5458,"cy":-10.2758},"geometry":{"type":"Polygon","coordinates":[[[-36.5495,-10.2755],[-36.5442,-10.2721],[-36.5415,-10.2725],[-36.5411,-10.2731],[-36.5423,-10.2798],[-36.545,-10.2798],[-36.5469,-10.2795],[-36.5472,-10.2796],[-36.552,-10.2786],[-36.5511,-10.2779],[-36.5506,-10.2761],[-36.5495,-10.2755]]]}},{"type":"Feature","properties":{"c":"b121","b":121,"n":"Santa Izabel","m":"2706703","cx":-36.5556,"cy":-10.2661},"geometry":{"type":"Polygon","coordinates":[[[-36.5495,-10.2755],[-36.5506,-10.2761],[-36.5524,-10.2772],[-36.5583,-10.2802],[-36.5584,-10.2795],[-36.5582,-10.2732],[-36.5582,-10.2701],[-36.5585,-10.2696],[-36.5594,-10.2687],[-36.56,-10.2674],[-36.5609,-10.264],[-36.5613,-10.2621],[-36.5617,-10.2618],[-36.5634,-10.262],[-36.5656,-10.2624],[-36.5658,-10.2593],[-36.5652,-10.2589],[-36.5646,-10.2578],[-36.5643,-10.2568],[-36.5643,-10.2558],[-36.5648,-10.2551],[-36.5654,-10.2547],[-36.5674,-10.2552],[-36.5671,-10.2556],[-36.5712,-10.256],[-36.5713,-10.2525],[-36.5693,-10.2525],[-36.5693,-10.2517],[-36.5688,-10.2511],[-36.5687,-10.2503],[-36.5619,-10.2497],[-36.561,-10.2522],[-36.5607,-10.2535],[-36.56,-10.2571],[-36.5591,-10.2569],[-36.5587,-10.2573],[-36.5575,-10.2575],[-36.5569,-10.2608],[-36.5559,-10.2609],[-36.5568,-10.2618],[-36.5557,-10.2623],[-36.5563,-10.2634],[-36.5534,-10.2648],[-36.5455,-10.2687],[-36.5451,-10.2695],[-36.5439,-10.2701],[-36.5432,-10.2697],[-36.542,-10.2705],[-36.5425,-10.271],[-36.5442,-10.2721],[-36.5495,-10.2755]]]}},{"type":"Feature","properties":{"c":"b122","b":122,"n":"Santa Luzia","m":"2706703","cx":-36.5673,"cy":-10.2751},"geometry":{"type":"Polygon","coordinates":[[[-36.5735,-10.2838],[-36.5742,-10.2825],[-36.5738,-10.2813],[-36.5741,-10.2807],[-36.5737,-10.2801],[-36.5736,-10.279],[-36.5729,-10.2792],[-36.5715,-10.2784],[-36.5721,-10.2779],[-36.5729,-10.2767],[-36.5737,-10.2759],[-36.573,-10.2758],[-36.5722,-10.275],[-36.5708,-10.2749],[-36.5695,-10.2743],[-36.5694,-10.2741],[-36.5696,-10.2728],[-36.569,-10.2726],[-36.5688,-10.2717],[-36.5652,-10.2715],[-36.5639,-10.271],[-36.5623,-10.2711],[-36.5615,-10.2694],[-36.5618,-10.269],[-36.5621,-10.2668],[-36.5626,-10.2649],[-36.5634,-10.2644],[-36.5609,-10.264],[-36.56,-10.2674],[-36.5594,-10.2687],[-36.5585,-10.2696],[-36.5597,-10.27],[-36.5601,-10.2707],[-36.5612,-10.2714],[-36.5614,-10.2717],[-36.5595,-10.2729],[-36.5603,-10.2733],[-36.56,-10.2742],[-36.5603,-10.2743],[-36.5609,-10.2736],[-36.5617,-10.2743],[-36.5623,-10.2751],[-36.5613,-10.2757],[-36.5603,-10.2765],[-36.5595,-10.2752],[-36.559,-10.273],[-36.5582,-10.2732],[-36.5584,-10.2795],[-36.5583,-10.2802],[-36.5579,-10.284],[-36.5576,-10.2848],[-36.5582,-10.2852],[-36.5592,-10.2864],[-36.563,-10.2858],[-36.5638,-10.2855],[-36.5644,-10.2855],[-36.5643,-10.2835],[-36.567,-10.2831],[-36.5681,-10.2831],[-36.5697,-10.2833],[-36.572,-10.2838],[-36.5739,-10.2848],[-36.5735,-10.2838]]]}},{"type":"Feature","properties":{"c":"b123","b":123,"n":"Santo Antônio","m":"2706703","cx":-36.5792,"cy":-10.282},"geometry":{"type":"Polygon","coordinates":[[[-36.5729,-10.2767],[-36.5721,-10.2779],[-36.5715,-10.2784],[-36.5729,-10.2792],[-36.5736,-10.279],[-36.5737,-10.2801],[-36.5741,-10.2807],[-36.5738,-10.2813],[-36.5742,-10.2825],[-36.5735,-10.2838],[-36.5751,-10.2842],[-36.5772,-10.2851],[-36.5781,-10.2856],[-36.5798,-10.2861],[-36.5812,-10.287],[-36.5841,-10.2879],[-36.5857,-10.2877],[-36.5855,-10.2873],[-36.5856,-10.2852],[-36.5854,-10.2848],[-36.585,-10.2835],[-36.5845,-10.2822],[-36.5841,-10.2818],[-36.5837,-10.2808],[-36.5837,-10.2798],[-36.5831,-10.2797],[-36.5827,-10.2803],[-36.5815,-10.2788],[-36.5811,-10.2784],[-36.5801,-10.2781],[-36.5797,-10.2777],[-36.5786,-10.2775],[-36.5775,-10.2763],[-36.5767,-10.2759],[-36.5758,-10.276],[-36.5737,-10.2759],[-36.5729,-10.2767]]]}},{"type":"Feature","properties":{"c":"b124","b":124,"n":"Senhor do Bonfim","m":"2706703","cx":-36.5706,"cy":-10.2903},"geometry":{"type":"Polygon","coordinates":[[[-36.5739,-10.2848],[-36.572,-10.2838],[-36.5697,-10.2833],[-36.5681,-10.2831],[-36.567,-10.2831],[-36.5643,-10.2835],[-36.5644,-10.2855],[-36.5638,-10.2855],[-36.563,-10.2858],[-36.5592,-10.2864],[-36.5604,-10.2878],[-36.5608,-10.2882],[-36.5605,-10.2888],[-36.5699,-10.2918],[-36.5705,-10.292],[-36.5709,-10.293],[-36.5723,-10.2961],[-36.5737,-10.2969],[-36.5753,-10.297],[-36.5759,-10.2979],[-36.5783,-10.2967],[-36.5778,-10.2957],[-36.5795,-10.2948],[-36.5789,-10.2945],[-36.5781,-10.2938],[-36.5783,-10.2931],[-36.5764,-10.2915],[-36.5761,-10.2905],[-36.5756,-10.2902],[-36.5758,-10.2896],[-36.5739,-10.2885],[-36.5738,-10.2881],[-36.5756,-10.2855],[-36.5739,-10.2848]]]}}]}