{"type":"FeatureCollection","features":[{"type":"Feature","properties":{"c":"b0","b":0,"n":"Bela Vista","m":"2910701","cx":-39.0243,"cy":-10.5179},"geometry":{"type":"Polygon","coordinates":[[[-39.015,-10.5133],[-39.0154,-10.5143],[-39.016,-10.5149],[-39.0164,-10.5163],[-39.0154,-10.5165],[-39.0159,-10.518],[-39.0138,-10.5186],[-39.0146,-10.5197],[-39.0149,-10.5198],[-39.0171,-10.5202],[-39.0169,-10.5216],[-39.0181,-10.5212],[-39.0188,-10.5204],[-39.0194,-10.5202],[-39.0208,-10.5205],[-39.0228,-10.5201],[-39.0232,-10.5196],[-39.0249,-10.5209],[-39.0259,-10.5226],[-39.0267,-10.5233],[-39.029,-10.5248],[-39.0304,-10.5258],[-39.0318,-10.5263],[-39.0328,-10.5258],[-39.0332,-10.5254],[-39.034,-10.5235],[-39.0338,-10.5224],[-39.0344,-10.5221],[-39.0352,-10.5223],[-39.0379,-10.5207],[-39.0378,-10.5202],[-39.0355,-10.5192],[-39.0347,-10.5189],[-39.0325,-10.5178],[-39.0308,-10.517],[-39.0302,-10.5169],[-39.0285,-10.5159],[-39.0236,-10.5127],[-39.0198,-10.5102],[-39.0196,-10.5096],[-39.0173,-10.5099],[-39.0171,-10.5093],[-39.0157,-10.5099],[-39.0158,-10.5102],[-39.014,-10.5111],[-39.0141,-10.5115],[-39.015,-10.5133]]]}},{"type":"Feature","properties":{"c":"b1","b":1,"n":"Caixa D'água","m":"2910701","cx":-39.0233,"cy":-10.5003},"geometry":{"type":"Polygon","coordinates":[[[-39.017,-10.5042],[-39.0179,-10.5059],[-39.0193,-10.5052],[-39.0196,-10.5058],[-39.0218,-10.5047],[-39.0216,-10.504],[-39.0238,-10.503],[-39.0249,-10.5021],[-39.0262,-10.5016],[-39.0269,-10.5015],[-39.027,-10.5002],[-39.0268,-10.4989],[-39.0262,-10.4976],[-39.0266,-10.4948],[-39.0253,-10.4951],[-39.0241,-10.4958],[-39.0228,-10.4975],[-39.0214,-10.499],[-39.0207,-10.4993],[-39.0204,-10.4999],[-39.0191,-10.5006],[-39.018,-10.5007],[-39.0164,-10.5004],[-39.0157,-10.5031],[-39.017,-10.5042]]]}},{"type":"Feature","properties":{"c":"b2","b":2,"n":"Centro","m":"2910701","cx":-39.0141,"cy":-10.5058},"geometry":{"type":"Polygon","coordinates":[[[-39.0089,-10.5096],[-39.0121,-10.5107],[-39.0127,-10.5102],[-39.0124,-10.5109],[-39.0125,-10.5112],[-39.0132,-10.5111],[-39.0141,-10.5115],[-39.014,-10.5111],[-39.0158,-10.5102],[-39.0157,-10.5099],[-39.0171,-10.5093],[-39.0173,-10.5099],[-39.0196,-10.5096],[-39.0211,-10.5096],[-39.0209,-10.5091],[-39.0193,-10.506],[-39.0196,-10.5058],[-39.0193,-10.5052],[-39.0179,-10.5059],[-39.017,-10.5042],[-39.0157,-10.5031],[-39.0134,-10.5011],[-39.0123,-10.5003],[-39.0113,-10.503],[-39.0094,-10.5081],[-39.0089,-10.5096]]]}},{"type":"Feature","properties":{"c":"b3","b":3,"n":"Duda Macário","m":"2910701","cx":-39.0072,"cy":-10.4933},"geometry":{"type":"Polygon","coordinates":[[[-39.0018,-10.4949],[-39.0034,-10.4957],[-39.0051,-10.496],[-39.0064,-10.4966],[-39.0076,-10.4982],[-39.0082,-10.4994],[-39.0102,-10.5009],[-39.0112,-10.5027],[-39.0113,-10.503],[-39.0123,-10.5003],[-39.0167,-10.4883],[-39.0181,-10.4844],[-39.0171,-10.4843],[-39.0166,-10.4838],[-39.0145,-10.4832],[-39.0141,-10.4853],[-39.0141,-10.487],[-39.0123,-10.4871],[-39.0117,-10.487],[-39.0114,-10.4875],[-39.0106,-10.4879],[-39.0098,-10.4897],[-39.0094,-10.49],[-39.0088,-10.492],[-39.0034,-10.4909],[-39.002,-10.4917],[-38.9973,-10.4877],[-38.9965,-10.4889],[-38.9968,-10.49],[-38.9975,-10.4904],[-38.9996,-10.4922],[-39.0001,-10.4924],[-38.9995,-10.493],[-38.9994,-10.4936],[-38.9998,-10.4941],[-39.0018,-10.4949]]]}},{"type":"Feature","properties":{"c":"b4","b":4,"n":"Jeremias","m":"2910701","cx":-39.0045,"cy":-10.5013},"geometry":{"type":"Polygon","coordinates":[[[-39.0076,-10.5086],[-39.0094,-10.5081],[-39.0113,-10.503],[-39.0112,-10.5027],[-39.0102,-10.5009],[-39.0082,-10.4994],[-39.0076,-10.4982],[-39.0064,-10.4966],[-39.0051,-10.496],[-39.0034,-10.4957],[-39.0018,-10.4949],[-38.9998,-10.4941],[-38.9993,-10.4962],[-39.0,-10.4972],[-39.0007,-10.4987],[-39.0001,-10.4989],[-38.9986,-10.4992],[-38.9986,-10.5024],[-38.9954,-10.5016],[-38.9951,-10.5031],[-38.9934,-10.5032],[-38.9918,-10.5027],[-38.9915,-10.5019],[-38.9903,-10.5011],[-38.9898,-10.502],[-38.99,-10.5028],[-38.9896,-10.5044],[-38.9907,-10.5053],[-38.9918,-10.5057],[-38.9919,-10.506],[-38.9935,-10.5057],[-38.9939,-10.5058],[-38.9959,-10.5066],[-38.9972,-10.5068],[-38.9981,-10.5073],[-38.9995,-10.5077],[-39.0019,-10.5081],[-39.0041,-10.5078],[-39.0062,-10.5086],[-39.0076,-10.5086]]]}},{"type":"Feature","properties":{"c":"b5","b":5,"n":"Nossa Senhora da Conceição","m":"2910701","cx":-39.0017,"cy":-10.5151},"geometry":{"type":"Polygon","coordinates":[[[-39.0059,-10.5175],[-39.0089,-10.5096],[-39.0094,-10.5081],[-39.0076,-10.5086],[-39.0062,-10.5086],[-39.0052,-10.5093],[-39.0018,-10.5107],[-39.0006,-10.512],[-38.9977,-10.513],[-38.998,-10.5143],[-38.9978,-10.5147],[-38.9955,-10.5155],[-38.9952,-10.5178],[-38.9966,-10.5179],[-38.9983,-10.5175],[-38.9986,-10.5187],[-38.9996,-10.5191],[-39.001,-10.5189],[-39.0013,-10.5194],[-39.0023,-10.5194],[-39.0015,-10.5217],[-39.0041,-10.5227],[-39.0059,-10.5175]]]}},{"type":"Feature","properties":{"c":"b6","b":6,"n":"Nossa Senhora de Fátima","m":"2910701","cx":-39.0262,"cy":-10.5052},"geometry":{"type":"Polygon","coordinates":[[[-39.0193,-10.506],[-39.0209,-10.5091],[-39.0211,-10.5096],[-39.0196,-10.5096],[-39.0198,-10.5102],[-39.0236,-10.5127],[-39.0285,-10.5159],[-39.0302,-10.5169],[-39.0308,-10.517],[-39.0325,-10.5178],[-39.0347,-10.5189],[-39.0355,-10.5192],[-39.0378,-10.5202],[-39.0379,-10.5207],[-39.0391,-10.5199],[-39.0334,-10.5089],[-39.031,-10.5038],[-39.0297,-10.4897],[-39.0296,-10.4909],[-39.0291,-10.4925],[-39.0281,-10.4933],[-39.0268,-10.4942],[-39.0266,-10.4948],[-39.0262,-10.4976],[-39.0268,-10.4989],[-39.027,-10.5002],[-39.0269,-10.5015],[-39.0262,-10.5016],[-39.0249,-10.5021],[-39.0238,-10.503],[-39.0216,-10.504],[-39.0218,-10.5047],[-39.0196,-10.5058],[-39.0193,-10.506]]]}},{"type":"Feature","properties":{"c":"b7","b":7,"n":"Nova América","m":"2910701","cx":-39.0084,"cy":-10.5218},"geometry":{"type":"Polygon","coordinates":[[[-39.0132,-10.5111],[-39.0125,-10.5112],[-39.0124,-10.5109],[-39.0127,-10.5102],[-39.0121,-10.5107],[-39.0089,-10.5096],[-39.0059,-10.5175],[-39.0041,-10.5227],[-39.0013,-10.5305],[-39.0001,-10.5337],[-39.0021,-10.5339],[-39.0026,-10.5338],[-39.0051,-10.5281],[-39.0054,-10.5293],[-39.0058,-10.5298],[-39.0071,-10.5292],[-39.0072,-10.5282],[-39.0079,-10.5281],[-39.008,-10.5263],[-39.0086,-10.5264],[-39.0093,-10.5247],[-39.01,-10.5238],[-39.0118,-10.522],[-39.0129,-10.5215],[-39.0139,-10.5204],[-39.0149,-10.5198],[-39.0146,-10.5197],[-39.0138,-10.5186],[-39.0159,-10.518],[-39.0154,-10.5165],[-39.0164,-10.5163],[-39.016,-10.5149],[-39.0154,-10.5143],[-39.015,-10.5133],[-39.0141,-10.5115],[-39.0132,-10.5111]]]}},{"type":"Feature","properties":{"c":"b8","b":8,"n":"Pau Miúdo","m":"2910701","cx":-39.0234,"cy":-10.488},"geometry":{"type":"Polygon","coordinates":[[[-39.0268,-10.4942],[-39.0281,-10.4933],[-39.0291,-10.4925],[-39.0296,-10.4909],[-39.0297,-10.4897],[-39.03,-10.4886],[-39.0301,-10.4877],[-39.0309,-10.4848],[-39.0315,-10.4831],[-39.0323,-10.4817],[-39.0324,-10.4805],[-39.0339,-10.4774],[-39.0332,-10.4757],[-39.0321,-10.4733],[-39.0304,-10.4738],[-39.0279,-10.4737],[-39.0271,-10.4743],[-39.0261,-10.4742],[-39.0251,-10.4745],[-39.0231,-10.4742],[-39.0224,-10.4742],[-39.0224,-10.4746],[-39.0217,-10.4747],[-39.0191,-10.4815],[-39.0181,-10.4844],[-39.0167,-10.4883],[-39.0123,-10.5003],[-39.0134,-10.5011],[-39.0157,-10.5031],[-39.0164,-10.5004],[-39.018,-10.5007],[-39.0191,-10.5006],[-39.0204,-10.4999],[-39.0207,-10.4993],[-39.0214,-10.499],[-39.0228,-10.4975],[-39.0241,-10.4958],[-39.0253,-10.4951],[-39.0266,-10.4948],[-39.0268,-10.4942]]]}},{"type":"Feature","properties":{"c":"b9","b":9,"n":"35º BI","m":"2910800","cx":-38.934,"cy":-12.2821},"geometry":{"type":"Polygon","coordinates":[[[-38.9264,-12.2792],[-38.9167,-12.2865],[-38.9152,-12.2877],[-38.9168,-12.2896],[-38.9224,-12.2906],[-38.9226,-12.2892],[-38.9233,-12.2892],[-38.9236,-12.288],[-38.9245,-12.2872],[-38.9324,-12.2889],[-38.9364,-12.2855],[-38.9376,-12.2852],[-38.9417,-12.2855],[-38.9425,-12.2874],[-38.9433,-12.2891],[-38.9437,-12.2896],[-38.945,-12.2908],[-38.9453,-12.2897],[-38.9473,-12.2882],[-38.9478,-12.2876],[-38.9482,-12.2852],[-38.9487,-12.284],[-38.9468,-12.283],[-38.9441,-12.2813],[-38.9417,-12.2794],[-38.94,-12.2777],[-38.9382,-12.2757],[-38.9367,-12.2736],[-38.9358,-12.2721],[-38.9275,-12.2783],[-38.9264,-12.2792]]]}},{"type":"Feature","properties":{"c":"b10","b":10,"n":"Aeroporto","m":"2910800","cx":-38.9038,"cy":-12.2048},"geometry":{"type":"Polygon","coordinates":[[[-38.9113,-12.2147],[-38.9099,-12.2145],[-38.9134,-12.2074],[-38.9154,-12.2032],[-38.9164,-12.2012],[-38.9203,-12.193],[-38.9224,-12.1942],[-38.9236,-12.1943],[-38.9234,-12.1939],[-38.9231,-12.1936],[-38.9213,-12.1909],[-38.9214,-12.1908],[-38.92,-12.1888],[-38.9184,-12.186],[-38.9182,-12.186],[-38.9157,-12.1853],[-38.9153,-12.1854],[-38.9143,-12.1875],[-38.9138,-12.1879],[-38.9127,-12.1884],[-38.9109,-12.1909],[-38.9099,-12.1914],[-38.9103,-12.1924],[-38.9062,-12.1916],[-38.9054,-12.1918],[-38.905,-12.1923],[-38.9032,-12.1932],[-38.901,-12.1924],[-38.9,-12.1942],[-38.8919,-12.2064],[-38.8911,-12.2075],[-38.892,-12.2088],[-38.8929,-12.2095],[-38.8937,-12.2113],[-38.8952,-12.2132],[-38.8974,-12.2138],[-38.9015,-12.2157],[-38.9024,-12.2162],[-38.9027,-12.2167],[-38.9066,-12.2241],[-38.9113,-12.2147]]]}},{"type":"Feature","properties":{"c":"b11","b":11,"n":"Asa Branca","m":"2910800","cx":-38.9996,"cy":-12.2074},"geometry":{"type":"Polygon","coordinates":[[[-38.9856,-12.2161],[-38.9879,-12.2162],[-38.9889,-12.2159],[-38.9901,-12.2159],[-38.9915,-12.2162],[-38.9944,-12.2159],[-38.9947,-12.2159],[-38.9969,-12.2154],[-38.9987,-12.2157],[-39.0009,-12.2162],[-39.002,-12.2165],[-39.0045,-12.2186],[-39.005,-12.2193],[-39.0076,-12.2229],[-39.008,-12.2232],[-39.0086,-12.2201],[-39.0117,-12.2107],[-39.0113,-12.2096],[-39.0107,-12.2083],[-39.01,-12.2065],[-39.0103,-12.2036],[-39.0101,-12.2024],[-39.009,-12.1927],[-39.0041,-12.1901],[-39.0037,-12.1914],[-39.0038,-12.1923],[-38.9997,-12.1919],[-38.9984,-12.1917],[-38.99,-12.191],[-38.9898,-12.1945],[-38.9894,-12.2009],[-38.9892,-12.2035],[-38.9886,-12.2097],[-38.9881,-12.213],[-38.9878,-12.2135],[-38.9859,-12.2143],[-38.9845,-12.2162],[-38.9856,-12.2161]]]}},{"type":"Feature","properties":{"c":"b12","b":12,"n":"Aviário","m":"2910800","cx":-38.9257,"cy":-12.298},"geometry":{"type":"Polygon","coordinates":[[[-38.9315,-12.3078],[-38.9357,-12.3057],[-38.9364,-12.3069],[-38.9368,-12.3061],[-38.9389,-12.3032],[-38.9396,-12.3027],[-38.9403,-12.3016],[-38.9418,-12.2987],[-38.9421,-12.2981],[-38.9434,-12.2935],[-38.9436,-12.2928],[-38.9448,-12.2913],[-38.945,-12.2908],[-38.9437,-12.2896],[-38.9433,-12.2891],[-38.9425,-12.2874],[-38.9417,-12.2855],[-38.9376,-12.2852],[-38.9364,-12.2855],[-38.9324,-12.2889],[-38.9245,-12.2872],[-38.9236,-12.288],[-38.9233,-12.2892],[-38.9226,-12.2892],[-38.9224,-12.2906],[-38.9168,-12.2896],[-38.9152,-12.2877],[-38.9121,-12.29],[-38.9094,-12.292],[-38.9055,-12.295],[-38.907,-12.2982],[-38.9073,-12.2982],[-38.9084,-12.2974],[-38.9086,-12.298],[-38.9092,-12.2979],[-38.9101,-12.2995],[-38.9114,-12.299],[-38.9126,-12.3024],[-38.918,-12.3006],[-38.9189,-12.3021],[-38.9156,-12.3057],[-38.9162,-12.3064],[-38.9181,-12.3081],[-38.9182,-12.3084],[-38.9171,-12.3082],[-38.9169,-12.3084],[-38.9175,-12.3089],[-38.9182,-12.3089],[-38.919,-12.3086],[-38.9204,-12.3079],[-38.9221,-12.3063],[-38.9232,-12.3079],[-38.926,-12.3109],[-38.9315,-12.3078]]]}},{"type":"Feature","properties":{"c":"b13","b":13,"n":"Baraúna","m":"2910800","cx":-38.967,"cy":-12.2412},"geometry":{"type":"Polygon","coordinates":[[[-38.9693,-12.2314],[-38.9672,-12.2309],[-38.9643,-12.2304],[-38.9638,-12.2333],[-38.9636,-12.2349],[-38.9635,-12.2377],[-38.9638,-12.2459],[-38.9637,-12.2483],[-38.9658,-12.2484],[-38.9654,-12.2472],[-38.9654,-12.2462],[-38.9669,-12.2468],[-38.9677,-12.2459],[-38.9682,-12.2453],[-38.9673,-12.2446],[-38.9681,-12.2436],[-38.9727,-12.2387],[-38.9721,-12.2368],[-38.9714,-12.2331],[-38.9711,-12.232],[-38.9693,-12.2314]]]}},{"type":"Feature","properties":{"c":"b14","b":14,"n":"Brasília","m":"2910800","cx":-38.9466,"cy":-12.2705},"geometry":{"type":"Polygon","coordinates":[[[-38.9552,-12.2721],[-38.9553,-12.2719],[-38.9553,-12.2692],[-38.9551,-12.2692],[-38.9551,-12.2672],[-38.9549,-12.2618],[-38.9549,-12.26],[-38.9528,-12.2603],[-38.952,-12.2605],[-38.9508,-12.261],[-38.9495,-12.2618],[-38.9445,-12.2655],[-38.9436,-12.2662],[-38.9358,-12.2721],[-38.9367,-12.2736],[-38.9382,-12.2757],[-38.94,-12.2777],[-38.9417,-12.2794],[-38.9441,-12.2813],[-38.9468,-12.283],[-38.9543,-12.275],[-38.9556,-12.2735],[-38.9552,-12.2721]]]}},{"type":"Feature","properties":{"c":"b15","b":15,"n":"CASEB","m":"2910800","cx":-38.9423,"cy":-12.2417},"geometry":{"type":"Polygon","coordinates":[[[-38.9489,-12.2493],[-38.9488,-12.2487],[-38.9477,-12.2446],[-38.945,-12.2348],[-38.944,-12.2355],[-38.9419,-12.2371],[-38.9404,-12.2386],[-38.9383,-12.2409],[-38.9372,-12.2425],[-38.9421,-12.2437],[-38.9434,-12.2445],[-38.9448,-12.2447],[-38.9445,-12.2467],[-38.9459,-12.2471],[-38.9454,-12.2484],[-38.9455,-12.2493],[-38.9489,-12.2493]]]}},{"type":"Feature","properties":{"c":"b16","b":16,"n":"CIS","m":"2910800","cx":-38.9778,"cy":-12.2896},"geometry":{"type":"Polygon","coordinates":[[[-38.9983,-12.2829],[-38.9971,-12.2808],[-38.9967,-12.2797],[-38.996,-12.2766],[-38.9957,-12.2751],[-38.9953,-12.2741],[-38.9947,-12.2734],[-38.992,-12.2705],[-38.9906,-12.2698],[-38.9885,-12.2689],[-38.9866,-12.2713],[-38.9832,-12.2756],[-38.9816,-12.2778],[-38.98,-12.2794],[-38.9791,-12.2802],[-38.9772,-12.2816],[-38.976,-12.2824],[-38.9742,-12.2834],[-38.9722,-12.2843],[-38.9702,-12.2851],[-38.9677,-12.2858],[-38.9648,-12.2864],[-38.9626,-12.2866],[-38.9604,-12.2867],[-38.9573,-12.2865],[-38.9572,-12.2892],[-38.957,-12.295],[-38.957,-12.2968],[-38.9572,-12.2993],[-38.9571,-12.3012],[-38.9964,-12.3111],[-38.9976,-12.3095],[-38.9978,-12.3092],[-38.9995,-12.3052],[-38.9997,-12.3041],[-38.9995,-12.3019],[-38.9976,-12.2982],[-38.9966,-12.2954],[-38.9966,-12.2945],[-38.9968,-12.2934],[-38.9981,-12.2901],[-38.9989,-12.2885],[-39.0001,-12.2872],[-39.0007,-12.2863],[-38.9983,-12.2829]]]}},{"type":"Feature","properties":{"c":"b17","b":17,"n":"Calumbi","m":"2910800","cx":-38.983,"cy":-12.2551},"geometry":{"type":"Polygon","coordinates":[[[-38.9729,-12.2579],[-38.9737,-12.2584],[-38.9728,-12.26],[-38.9729,-12.2603],[-38.9746,-12.2607],[-38.9749,-12.2602],[-38.9772,-12.2616],[-38.9783,-12.2606],[-38.9799,-12.2584],[-38.9806,-12.2587],[-38.9808,-12.2595],[-38.9818,-12.2594],[-38.9823,-12.2603],[-38.9833,-12.2601],[-38.9838,-12.2604],[-38.9847,-12.2606],[-38.985,-12.2612],[-38.9854,-12.2611],[-38.986,-12.2616],[-38.9869,-12.2618],[-38.9873,-12.2622],[-38.9878,-12.2619],[-38.9879,-12.2622],[-38.9888,-12.2624],[-38.9894,-12.2629],[-38.9895,-12.2595],[-38.9895,-12.257],[-38.9891,-12.2538],[-38.9884,-12.2507],[-38.9876,-12.2484],[-38.9858,-12.2491],[-38.9834,-12.2503],[-38.9819,-12.2521],[-38.9799,-12.2532],[-38.9782,-12.2545],[-38.9752,-12.2557],[-38.9741,-12.2564],[-38.9729,-12.2579]]]}},{"type":"Feature","properties":{"c":"b18","b":18,"n":"Campo Limpo","m":"2910800","cx":-38.977,"cy":-12.2113},"geometry":{"type":"Polygon","coordinates":[[[-38.9643,-12.2304],[-38.9672,-12.2309],[-38.9693,-12.2314],[-38.9711,-12.232],[-38.9729,-12.2328],[-38.9749,-12.2338],[-38.9768,-12.235],[-38.9801,-12.2299],[-38.9808,-12.2271],[-38.981,-12.2265],[-38.9836,-12.2244],[-38.983,-12.2238],[-38.9826,-12.2239],[-38.9811,-12.2236],[-38.9807,-12.217],[-38.9839,-12.2171],[-38.9845,-12.2162],[-38.9859,-12.2143],[-38.9878,-12.2135],[-38.9881,-12.213],[-38.9886,-12.2097],[-38.9892,-12.2035],[-38.9894,-12.2009],[-38.9898,-12.1945],[-38.9884,-12.1943],[-38.9866,-12.1939],[-38.9865,-12.1927],[-38.9823,-12.1917],[-38.9825,-12.1893],[-38.978,-12.1882],[-38.9777,-12.1888],[-38.9772,-12.1911],[-38.9764,-12.1939],[-38.9762,-12.1948],[-38.9763,-12.1966],[-38.9767,-12.2002],[-38.9766,-12.2021],[-38.976,-12.2045],[-38.9756,-12.2054],[-38.9745,-12.205],[-38.969,-12.2034],[-38.9655,-12.2024],[-38.9656,-12.2087],[-38.9657,-12.2157],[-38.9656,-12.2188],[-38.9655,-12.2212],[-38.9653,-12.2236],[-38.9643,-12.2304]]]}},{"type":"Feature","properties":{"c":"b19","b":19,"n":"Campo do Gado Novo","m":"2910800","cx":-39.0023,"cy":-12.2221},"geometry":{"type":"Polygon","coordinates":[[[-39.0064,-12.2247],[-39.007,-12.2244],[-39.008,-12.2232],[-39.0076,-12.2229],[-39.005,-12.2193],[-39.0045,-12.2186],[-39.002,-12.2165],[-39.0009,-12.2162],[-38.9987,-12.2157],[-38.9969,-12.2154],[-38.9947,-12.2159],[-38.9949,-12.2165],[-38.9973,-12.2214],[-38.9985,-12.2242],[-39.0009,-12.2292],[-39.0064,-12.2247]]]}},{"type":"Feature","properties":{"c":"b20","b":20,"n":"Capuchinhos","m":"2910800","cx":-38.9478,"cy":-12.2607},"geometry":{"type":"Polygon","coordinates":[[[-38.9517,-12.2589],[-38.9507,-12.2558],[-38.9456,-12.2559],[-38.9441,-12.256],[-38.9445,-12.2655],[-38.9495,-12.2618],[-38.9508,-12.261],[-38.952,-12.2605],[-38.9517,-12.2589]]]}},{"type":"Feature","properties":{"c":"b21","b":21,"n":"Centro","m":"2910800","cx":-38.9642,"cy":-12.2551},"geometry":{"type":"Polygon","coordinates":[[[-38.9549,-12.2618],[-38.9603,-12.2617],[-38.9667,-12.2615],[-38.9677,-12.2617],[-38.9695,-12.2619],[-38.9694,-12.2609],[-38.9706,-12.2607],[-38.9702,-12.2602],[-38.9707,-12.2593],[-38.9719,-12.2596],[-38.9729,-12.2579],[-38.9741,-12.2564],[-38.9732,-12.2539],[-38.9729,-12.2521],[-38.9725,-12.2507],[-38.9717,-12.2498],[-38.9686,-12.2468],[-38.9677,-12.2459],[-38.9669,-12.2468],[-38.9654,-12.2462],[-38.9654,-12.2472],[-38.9658,-12.2484],[-38.9637,-12.2483],[-38.9602,-12.2484],[-38.9572,-12.2483],[-38.9544,-12.2481],[-38.9545,-12.2497],[-38.9547,-12.2537],[-38.9549,-12.26],[-38.9549,-12.2618]]]}},{"type":"Feature","properties":{"c":"b22","b":22,"n":"Chaparral","m":"2910800","cx":-38.8875,"cy":-12.2796},"geometry":{"type":"Polygon","coordinates":[[[-38.9012,-12.2779],[-38.9004,-12.2771],[-38.8993,-12.2751],[-38.8982,-12.2723],[-38.8968,-12.2702],[-38.8951,-12.2678],[-38.8947,-12.2666],[-38.8944,-12.2652],[-38.8933,-12.2636],[-38.8925,-12.2623],[-38.8909,-12.2629],[-38.8894,-12.2629],[-38.8876,-12.2632],[-38.8831,-12.2622],[-38.8825,-12.2621],[-38.8821,-12.2623],[-38.8822,-12.2635],[-38.8819,-12.2643],[-38.8822,-12.2659],[-38.882,-12.2679],[-38.882,-12.2688],[-38.881,-12.2699],[-38.8804,-12.271],[-38.8798,-12.2711],[-38.8792,-12.2754],[-38.8791,-12.2755],[-38.8775,-12.2754],[-38.8762,-12.2764],[-38.8743,-12.2784],[-38.8743,-12.2807],[-38.8738,-12.2818],[-38.8717,-12.2831],[-38.8724,-12.2859],[-38.8743,-12.2883],[-38.8722,-12.2905],[-38.8716,-12.2913],[-38.8698,-12.2948],[-38.8697,-12.2952],[-38.8737,-12.2955],[-38.8751,-12.296],[-38.8772,-12.2963],[-38.8782,-12.2963],[-38.8791,-12.2965],[-38.8809,-12.2966],[-38.8819,-12.296],[-38.883,-12.2949],[-38.8837,-12.2932],[-38.8846,-12.2921],[-38.8864,-12.2914],[-38.8881,-12.2912],[-38.8884,-12.291],[-38.89,-12.2884],[-38.8899,-12.2879],[-38.8917,-12.2864],[-38.8929,-12.2854],[-38.8935,-12.2852],[-38.8952,-12.2847],[-38.8967,-12.2833],[-38.8972,-12.2822],[-38.8982,-12.2811],[-38.8998,-12.2799],[-38.9016,-12.2793],[-38.9012,-12.2779]]]}},{"type":"Feature","properties":{"c":"b23","b":23,"n":"Chácara São Cosme","m":"2910800","cx":-38.9681,"cy":-12.2636},"geometry":{"type":"Polygon","coordinates":[[[-38.9706,-12.2682],[-38.9695,-12.2619],[-38.9677,-12.2617],[-38.9653,-12.2654],[-38.9706,-12.2682]]]}},{"type":"Feature","properties":{"c":"b24","b":24,"n":"Cidade Nova","m":"2910800","cx":-38.9588,"cy":-12.2257},"geometry":{"type":"Polygon","coordinates":[[[-38.9653,-12.2236],[-38.958,-12.2212],[-38.9551,-12.2202],[-38.9517,-12.2191],[-38.952,-12.2238],[-38.9532,-12.2276],[-38.9533,-12.2282],[-38.9535,-12.2312],[-38.9535,-12.2321],[-38.9547,-12.2319],[-38.9623,-12.2309],[-38.9643,-12.2304],[-38.9653,-12.2236]]]}},{"type":"Feature","properties":{"c":"b25","b":25,"n":"Cis Norte","m":"2910800","cx":-38.9542,"cy":-12.0915},"geometry":{"type":"Polygon","coordinates":[[[-38.9852,-12.1467],[-38.9898,-12.1447],[-38.9903,-12.1449],[-38.9908,-12.1438],[-38.9903,-12.1415],[-38.9909,-12.1274],[-38.9911,-12.1234],[-38.991,-12.1224],[-38.9907,-12.1207],[-38.991,-12.1191],[-38.992,-12.118],[-38.994,-12.1138],[-38.9937,-12.1132],[-38.9924,-12.11],[-38.9918,-12.1089],[-38.9909,-12.1064],[-38.9905,-12.1049],[-38.9899,-12.104],[-38.9896,-12.1025],[-38.9883,-12.1001],[-38.9876,-12.0983],[-38.9876,-12.0972],[-38.9877,-12.0948],[-38.9885,-12.0956],[-38.9998,-12.0627],[-38.9992,-12.0628],[-38.995,-12.0583],[-38.9923,-12.0589],[-38.9886,-12.0593],[-38.989,-12.0583],[-38.9897,-12.0571],[-38.9902,-12.0559],[-38.9892,-12.0553],[-38.9879,-12.0551],[-38.9867,-12.0552],[-38.9823,-12.0546],[-38.9808,-12.0545],[-38.9708,-12.0247],[-38.9642,-12.0191],[-38.9588,-12.023],[-38.9512,-12.0247],[-38.9512,-12.0253],[-38.951,-12.0257],[-38.9512,-12.0275],[-38.9515,-12.0285],[-38.9516,-12.0295],[-38.9511,-12.031],[-38.9496,-12.0329],[-38.9489,-12.034],[-38.9482,-12.0348],[-38.9476,-12.0361],[-38.9466,-12.037],[-38.945,-12.0389],[-38.9446,-12.0399],[-38.9436,-12.0413],[-38.9433,-12.042],[-38.942,-12.0429],[-38.9413,-12.0432],[-38.9385,-12.0456],[-38.938,-12.0468],[-38.9386,-12.0487],[-38.9385,-12.0501],[-38.9377,-12.0518],[-38.9371,-12.0523],[-38.9373,-12.0531],[-38.9369,-12.0547],[-38.9376,-12.0572],[-38.9384,-12.0588],[-38.9392,-12.0597],[-38.9404,-12.0616],[-38.9411,-12.062],[-38.9418,-12.0629],[-38.9417,-12.0639],[-38.9403,-12.0676],[-38.9405,-12.0677],[-38.9393,-12.0686],[-38.9369,-12.0696],[-38.9342,-12.0699],[-38.9334,-12.0698],[-38.9284,-12.0727],[-38.9205,-12.0772],[-38.9203,-12.0776],[-38.9182,-12.0787],[-38.9167,-12.0787],[-38.9152,-12.0798],[-38.9146,-12.0799],[-38.9135,-12.0808],[-38.913,-12.081],[-38.9112,-12.0809],[-38.9108,-12.0807],[-38.9095,-12.0806],[-38.9103,-12.0815],[-38.9108,-12.0828],[-38.9111,-12.0842],[-38.9134,-12.0859],[-38.9139,-12.0879],[-38.915,-12.0896],[-38.9162,-12.09],[-38.9175,-12.0908],[-38.9194,-12.0923],[-38.9199,-12.0926],[-38.9204,-12.0933],[-38.9203,-12.0945],[-38.9206,-12.095],[-38.9214,-12.0955],[-38.9222,-12.0956],[-38.9229,-12.0965],[-38.9236,-12.0966],[-38.9245,-12.0962],[-38.9254,-12.0965],[-38.9269,-12.098],[-38.9279,-12.0982],[-38.9359,-12.0992],[-38.9363,-12.0994],[-38.9455,-12.1057],[-38.9481,-12.1074],[-38.9546,-12.1139],[-38.9569,-12.1161],[-38.9563,-12.1159],[-38.9407,-12.1104],[-38.9404,-12.1105],[-38.9399,-12.1115],[-38.9399,-12.1132],[-38.9393,-12.1151],[-38.9392,-12.1162],[-38.9396,-12.1178],[-38.941,-12.1203],[-38.9418,-12.1214],[-38.942,-12.1221],[-38.943,-12.1243],[-38.9433,-12.1254],[-38.9438,-12.1263],[-38.9443,-12.1288],[-38.9444,-12.1302],[-38.9439,-12.1317],[-38.9433,-12.1342],[-38.9427,-12.1357],[-38.9424,-12.1372],[-38.9428,-12.1393],[-38.9435,-12.1403],[-38.9441,-12.1418],[-38.9441,-12.1426],[-38.9439,-12.1439],[-38.9435,-12.1446],[-38.9433,-12.1472],[-38.944,-12.1507],[-38.9444,-12.1517],[-38.9447,-12.153],[-38.9448,-12.1545],[-38.9451,-12.1562],[-38.9453,-12.1582],[-38.9455,-12.1585],[-38.9532,-12.1626],[-38.9622,-12.1546],[-38.9648,-12.1571],[-38.9647,-12.1531],[-38.9702,-12.1526],[-38.9777,-12.152],[-38.9803,-12.1518],[-38.9852,-12.1467]]]}},{"type":"Feature","properties":{"c":"b26","b":26,"n":"Conceição","m":"2910800","cx":-38.925,"cy":-12.2255},"geometry":{"type":"Polygon","coordinates":[[[-38.9099,-12.2145],[-38.9113,-12.2147],[-38.9066,-12.2241],[-38.9072,-12.2251],[-38.9085,-12.2265],[-38.9102,-12.2276],[-38.9124,-12.2287],[-38.9135,-12.2297],[-38.9136,-12.2308],[-38.9132,-12.232],[-38.9134,-12.2329],[-38.9145,-12.2354],[-38.9148,-12.2359],[-38.9156,-12.2363],[-38.9167,-12.2363],[-38.9186,-12.2366],[-38.9191,-12.2368],[-38.921,-12.2386],[-38.9228,-12.2389],[-38.9253,-12.2387],[-38.9263,-12.2394],[-38.9299,-12.2409],[-38.9323,-12.2419],[-38.9343,-12.2426],[-38.9353,-12.2428],[-38.9366,-12.2434],[-38.9372,-12.2425],[-38.9383,-12.2409],[-38.9404,-12.2386],[-38.9419,-12.2371],[-38.944,-12.2355],[-38.945,-12.2348],[-38.9445,-12.2326],[-38.9426,-12.2259],[-38.9418,-12.2234],[-38.9412,-12.2208],[-38.9395,-12.2214],[-38.9308,-12.2251],[-38.9294,-12.2249],[-38.927,-12.2246],[-38.9251,-12.2238],[-38.9237,-12.2231],[-38.9226,-12.2229],[-38.9215,-12.2189],[-38.9206,-12.217],[-38.9185,-12.2134],[-38.918,-12.2122],[-38.9165,-12.2107],[-38.9144,-12.2078],[-38.9134,-12.2074],[-38.9099,-12.2145]]]}},{"type":"Feature","properties":{"c":"b27","b":27,"n":"Cruzeiro","m":"2910800","cx":-38.9724,"cy":-12.2461},"geometry":{"type":"Polygon","coordinates":[[[-38.9754,-12.2467],[-38.9757,-12.2456],[-38.974,-12.2452],[-38.9738,-12.2444],[-38.974,-12.2443],[-38.9732,-12.243],[-38.9716,-12.2439],[-38.9686,-12.2468],[-38.9717,-12.2498],[-38.9736,-12.2487],[-38.9769,-12.248],[-38.9754,-12.2467]]]}},{"type":"Feature","properties":{"c":"b28","b":28,"n":"Gabriela","m":"2910800","cx":-38.9868,"cy":-12.2325},"geometry":{"type":"Polygon","coordinates":[[[-38.981,-12.2265],[-38.9808,-12.2271],[-38.9801,-12.2299],[-38.9768,-12.235],[-38.9769,-12.235],[-38.9795,-12.2369],[-38.981,-12.2383],[-38.9825,-12.2399],[-38.9844,-12.2423],[-38.9856,-12.2442],[-38.9865,-12.2458],[-38.9875,-12.2481],[-38.9897,-12.2473],[-38.9909,-12.2472],[-38.9925,-12.2468],[-38.9937,-12.2468],[-38.9941,-12.2458],[-38.994,-12.2447],[-38.9928,-12.2448],[-38.9917,-12.2425],[-38.9906,-12.2408],[-38.9889,-12.2391],[-38.9886,-12.2384],[-38.9873,-12.2378],[-38.9864,-12.2365],[-38.9864,-12.2362],[-38.9885,-12.2363],[-38.9894,-12.2358],[-38.9915,-12.2343],[-38.9933,-12.2353],[-38.9963,-12.2367],[-38.9948,-12.2308],[-39.0017,-12.2307],[-39.0009,-12.2292],[-38.9985,-12.2242],[-38.9973,-12.2214],[-38.9949,-12.2165],[-38.9947,-12.2159],[-38.9944,-12.2159],[-38.987,-12.2216],[-38.9836,-12.2244],[-38.981,-12.2265]]]}},{"type":"Feature","properties":{"c":"b29","b":29,"n":"Jardim Acácia","m":"2910800","cx":-38.9662,"cy":-12.2716},"geometry":{"type":"Polygon","coordinates":[[[-38.962,-12.2742],[-38.9632,-12.2741],[-38.9655,-12.2751],[-38.9665,-12.2775],[-38.9668,-12.2779],[-38.9679,-12.2779],[-38.9693,-12.2774],[-38.9708,-12.2778],[-38.9715,-12.2779],[-38.9714,-12.2775],[-38.9707,-12.2773],[-38.969,-12.2772],[-38.9682,-12.2767],[-38.9677,-12.2757],[-38.968,-12.2744],[-38.9687,-12.2733],[-38.9709,-12.2718],[-38.9714,-12.2713],[-38.972,-12.2702],[-38.9709,-12.2694],[-38.9706,-12.2682],[-38.9653,-12.2654],[-38.96,-12.2735],[-38.962,-12.2742]]]}},{"type":"Feature","properties":{"c":"b30","b":30,"n":"Jardim Cruzeiro","m":"2910800","cx":-38.9789,"cy":-12.2427},"geometry":{"type":"Polygon","coordinates":[[[-38.9776,-12.2486],[-38.9785,-12.249],[-38.9795,-12.2485],[-38.9814,-12.2487],[-38.9821,-12.2491],[-38.9834,-12.2503],[-38.9858,-12.2491],[-38.9876,-12.2484],[-38.9875,-12.2481],[-38.9865,-12.2458],[-38.9856,-12.2442],[-38.9844,-12.2423],[-38.9825,-12.2399],[-38.981,-12.2383],[-38.9795,-12.2369],[-38.9769,-12.235],[-38.9764,-12.2358],[-38.9769,-12.2377],[-38.9769,-12.2382],[-38.975,-12.2419],[-38.9747,-12.2421],[-38.9731,-12.2423],[-38.9732,-12.243],[-38.974,-12.2443],[-38.9738,-12.2444],[-38.974,-12.2452],[-38.9757,-12.2456],[-38.9754,-12.2467],[-38.9769,-12.248],[-38.9776,-12.2486]]]}},{"type":"Feature","properties":{"c":"b31","b":31,"n":"Lagoa Grande","m":"2910800","cx":-38.94,"cy":-12.2477},"geometry":{"type":"Polygon","coordinates":[[[-38.9455,-12.2493],[-38.9454,-12.2484],[-38.9459,-12.2471],[-38.9445,-12.2467],[-38.9448,-12.2447],[-38.9434,-12.2445],[-38.9421,-12.2437],[-38.9372,-12.2425],[-38.9366,-12.2434],[-38.9352,-12.2458],[-38.9346,-12.2471],[-38.9338,-12.2491],[-38.9333,-12.2507],[-38.9365,-12.2522],[-38.9383,-12.2535],[-38.9409,-12.2536],[-38.9423,-12.2531],[-38.9444,-12.2527],[-38.9445,-12.253],[-38.9455,-12.253],[-38.9455,-12.2493]]]}},{"type":"Feature","properties":{"c":"b32","b":32,"n":"Lagoa Salgada","m":"2910800","cx":-38.9109,"cy":-12.2676},"geometry":{"type":"Polygon","coordinates":[[[-38.9259,-12.2697],[-38.9262,-12.2688],[-38.9268,-12.2674],[-38.9274,-12.2668],[-38.9285,-12.2663],[-38.9306,-12.2651],[-38.9315,-12.2645],[-38.9326,-12.2633],[-38.9323,-12.2607],[-38.9322,-12.2592],[-38.9322,-12.2563],[-38.9225,-12.2566],[-38.9164,-12.2567],[-38.9123,-12.2569],[-38.9067,-12.2569],[-38.9061,-12.2568],[-38.9046,-12.257],[-38.9047,-12.2574],[-38.9038,-12.2585],[-38.9036,-12.2594],[-38.9036,-12.2609],[-38.9028,-12.2612],[-38.9005,-12.2615],[-38.8994,-12.2611],[-38.8978,-12.2611],[-38.8963,-12.2609],[-38.8956,-12.2609],[-38.8942,-12.2615],[-38.8933,-12.262],[-38.8925,-12.2623],[-38.8933,-12.2636],[-38.8944,-12.2652],[-38.8947,-12.2666],[-38.8951,-12.2678],[-38.8968,-12.2702],[-38.8982,-12.2723],[-38.8993,-12.2751],[-38.9004,-12.2771],[-38.9012,-12.2779],[-38.9016,-12.2793],[-38.904,-12.2774],[-38.9045,-12.2772],[-38.9059,-12.2768],[-38.908,-12.2761],[-38.9102,-12.2753],[-38.9112,-12.2732],[-38.9116,-12.2728],[-38.9131,-12.2724],[-38.9144,-12.2718],[-38.9154,-12.2712],[-38.9166,-12.27],[-38.919,-12.2692],[-38.9203,-12.2692],[-38.9215,-12.2696],[-38.9232,-12.2696],[-38.9247,-12.2699],[-38.9253,-12.2702],[-38.9259,-12.2697]]]}},{"type":"Feature","properties":{"c":"b33","b":33,"n":"Limoeiro","m":"2910800","cx":-38.9038,"cy":-12.3074},"geometry":{"type":"Polygon","coordinates":[[[-38.9194,-12.3171],[-38.92,-12.3164],[-38.9223,-12.315],[-38.9244,-12.314],[-38.925,-12.3133],[-38.9249,-12.3115],[-38.926,-12.3109],[-38.9232,-12.3079],[-38.9221,-12.3063],[-38.9204,-12.3079],[-38.919,-12.3086],[-38.9182,-12.3089],[-38.9175,-12.3089],[-38.9169,-12.3084],[-38.9171,-12.3082],[-38.9182,-12.3084],[-38.9181,-12.3081],[-38.9162,-12.3064],[-38.9156,-12.3057],[-38.9189,-12.3021],[-38.918,-12.3006],[-38.9126,-12.3024],[-38.9114,-12.299],[-38.9101,-12.2995],[-38.9092,-12.2979],[-38.9086,-12.298],[-38.9084,-12.2974],[-38.9073,-12.2982],[-38.907,-12.2982],[-38.9055,-12.295],[-38.8952,-12.3028],[-38.891,-12.306],[-38.8896,-12.307],[-38.8943,-12.3106],[-38.8921,-12.3117],[-38.8904,-12.3134],[-38.896,-12.3202],[-38.9022,-12.3176],[-38.9054,-12.3187],[-38.9078,-12.3189],[-38.9138,-12.3202],[-38.9142,-12.32],[-38.9143,-12.3183],[-38.9143,-12.3169],[-38.9145,-12.3157],[-38.9168,-12.3163],[-38.918,-12.317],[-38.919,-12.3179],[-38.9194,-12.3171]]]}},{"type":"Feature","properties":{"c":"b34","b":34,"n":"Mangabeira","m":"2910800","cx":-38.929,"cy":-12.2137},"geometry":{"type":"Polygon","coordinates":[[[-38.9473,-12.2334],[-38.9486,-12.2329],[-38.9535,-12.2321],[-38.9535,-12.2312],[-38.9533,-12.2282],[-38.9532,-12.2276],[-38.952,-12.2238],[-38.9517,-12.2191],[-38.9514,-12.2166],[-38.9513,-12.2139],[-38.9522,-12.212],[-38.9526,-12.2111],[-38.9496,-12.2101],[-38.9488,-12.2123],[-38.9445,-12.2125],[-38.9412,-12.2133],[-38.9395,-12.2141],[-38.9389,-12.2121],[-38.9377,-12.2108],[-38.937,-12.2104],[-38.9337,-12.2078],[-38.9335,-12.2075],[-38.9321,-12.2064],[-38.932,-12.2061],[-38.9315,-12.2028],[-38.9316,-12.2011],[-38.9315,-12.2001],[-38.9311,-12.1993],[-38.9304,-12.1984],[-38.929,-12.1977],[-38.9268,-12.196],[-38.925,-12.1947],[-38.9245,-12.1942],[-38.9237,-12.1938],[-38.9234,-12.1939],[-38.9236,-12.1943],[-38.9224,-12.1942],[-38.9203,-12.193],[-38.9164,-12.2012],[-38.9154,-12.2032],[-38.9134,-12.2074],[-38.9144,-12.2078],[-38.9165,-12.2107],[-38.918,-12.2122],[-38.9185,-12.2134],[-38.9206,-12.217],[-38.9215,-12.2189],[-38.9226,-12.2229],[-38.9237,-12.2231],[-38.9251,-12.2238],[-38.927,-12.2246],[-38.9294,-12.2249],[-38.9308,-12.2251],[-38.9395,-12.2214],[-38.9412,-12.2208],[-38.9418,-12.2234],[-38.9426,-12.2259],[-38.9445,-12.2326],[-38.945,-12.2348],[-38.9473,-12.2334]]]}},{"type":"Feature","properties":{"c":"b35","b":35,"n":"Mantiba","m":"2910800","cx":-38.9377,"cy":-12.1716},"geometry":{"type":"Polygon","coordinates":[[[-38.9652,-12.182],[-38.9651,-12.1767],[-38.965,-12.1756],[-38.965,-12.1706],[-38.9649,-12.1691],[-38.9648,-12.1571],[-38.9622,-12.1546],[-38.9532,-12.1626],[-38.9455,-12.1585],[-38.9453,-12.1582],[-38.9451,-12.1562],[-38.9448,-12.1545],[-38.9447,-12.153],[-38.9444,-12.1517],[-38.944,-12.1507],[-38.9433,-12.1472],[-38.9435,-12.1446],[-38.9439,-12.1439],[-38.9441,-12.1426],[-38.944,-12.1427],[-38.9359,-12.144],[-38.935,-12.1443],[-38.9342,-12.1449],[-38.9331,-12.1455],[-38.9319,-12.1466],[-38.9325,-12.1471],[-38.9324,-12.1488],[-38.927,-12.1494],[-38.9262,-12.1484],[-38.9258,-12.1476],[-38.926,-12.1458],[-38.9227,-12.1469],[-38.921,-12.1477],[-38.9203,-12.1478],[-38.9202,-12.1492],[-38.9211,-12.1512],[-38.9211,-12.1521],[-38.9209,-12.1532],[-38.9202,-12.1539],[-38.9178,-12.1544],[-38.9161,-12.1536],[-38.9145,-12.1534],[-38.9141,-12.1533],[-38.9144,-12.1541],[-38.9145,-12.1554],[-38.9141,-12.1563],[-38.9134,-12.1573],[-38.913,-12.1581],[-38.9132,-12.1591],[-38.9127,-12.161],[-38.9126,-12.1624],[-38.9116,-12.1639],[-38.9113,-12.1647],[-38.9113,-12.166],[-38.9115,-12.1674],[-38.9108,-12.1677],[-38.9104,-12.1726],[-38.9108,-12.1741],[-38.9132,-12.1779],[-38.9136,-12.1783],[-38.9167,-12.1834],[-38.9182,-12.186],[-38.9184,-12.186],[-38.92,-12.1888],[-38.9214,-12.1908],[-38.9213,-12.1909],[-38.9231,-12.1936],[-38.9234,-12.1939],[-38.9237,-12.1938],[-38.9245,-12.1942],[-38.925,-12.1947],[-38.9268,-12.196],[-38.929,-12.1977],[-38.9304,-12.1984],[-38.9311,-12.1993],[-38.9315,-12.2001],[-38.934,-12.2011],[-38.9347,-12.1996],[-38.9375,-12.197],[-38.9367,-12.1966],[-38.935,-12.1964],[-38.9344,-12.1958],[-38.9351,-12.1951],[-38.9343,-12.1912],[-38.9344,-12.1884],[-38.9339,-12.1835],[-38.9366,-12.1839],[-38.9369,-12.1841],[-38.9368,-12.1847],[-38.9452,-12.1862],[-38.9451,-12.1873],[-38.9446,-12.1893],[-38.951,-12.1913],[-38.9529,-12.1853],[-38.9631,-12.1878],[-38.9653,-12.1883],[-38.9652,-12.182]]]}},{"type":"Feature","properties":{"c":"b36","b":36,"n":"Muchila","m":"2910800","cx":-38.9753,"cy":-12.2726},"geometry":{"type":"Polygon","coordinates":[[[-38.9827,-12.2754],[-38.9822,-12.2747],[-38.9815,-12.2734],[-38.9791,-12.2703],[-38.9787,-12.269],[-38.9781,-12.2682],[-38.9767,-12.2672],[-38.9763,-12.2667],[-38.9765,-12.2655],[-38.9762,-12.2645],[-38.9742,-12.2638],[-38.9726,-12.2626],[-38.9712,-12.2612],[-38.9719,-12.2596],[-38.9707,-12.2593],[-38.9702,-12.2602],[-38.9706,-12.2607],[-38.9694,-12.2609],[-38.9695,-12.2619],[-38.9706,-12.2682],[-38.9709,-12.2694],[-38.972,-12.2702],[-38.9714,-12.2713],[-38.9709,-12.2718],[-38.9687,-12.2733],[-38.968,-12.2744],[-38.9677,-12.2757],[-38.9682,-12.2767],[-38.969,-12.2772],[-38.9707,-12.2773],[-38.9714,-12.2775],[-38.9715,-12.2779],[-38.9714,-12.2794],[-38.9709,-12.281],[-38.9712,-12.2818],[-38.9711,-12.2826],[-38.97,-12.2844],[-38.9702,-12.2851],[-38.9722,-12.2843],[-38.9742,-12.2834],[-38.976,-12.2824],[-38.9772,-12.2816],[-38.9791,-12.2802],[-38.98,-12.2794],[-38.9816,-12.2778],[-38.9832,-12.2756],[-38.9827,-12.2754]]]}},{"type":"Feature","properties":{"c":"b37","b":37,"n":"Nova Esperança","m":"2910800","cx":-38.9976,"cy":-12.2649},"geometry":{"type":"Polygon","coordinates":[[[-38.9875,-12.2481],[-38.9876,-12.2484],[-38.9884,-12.2507],[-38.9891,-12.2538],[-38.9895,-12.257],[-38.9895,-12.2595],[-38.9894,-12.2629],[-38.9893,-12.2669],[-38.989,-12.2681],[-38.9885,-12.2689],[-38.9906,-12.2698],[-38.992,-12.2705],[-38.9947,-12.2734],[-38.9953,-12.2741],[-38.9957,-12.2751],[-38.996,-12.2766],[-38.9967,-12.2797],[-38.9971,-12.2808],[-38.9983,-12.2829],[-39.0007,-12.2863],[-39.001,-12.2852],[-39.001,-12.2835],[-39.0021,-12.281],[-39.0024,-12.2806],[-39.0032,-12.2782],[-39.003,-12.2767],[-39.0024,-12.274],[-39.0025,-12.2719],[-39.0031,-12.2712],[-39.0035,-12.2712],[-39.0038,-12.2705],[-39.0055,-12.2695],[-39.0062,-12.2695],[-39.0056,-12.2613],[-39.0063,-12.2605],[-39.0061,-12.2596],[-39.0069,-12.2588],[-39.0066,-12.2573],[-39.0054,-12.2566],[-39.0039,-12.2566],[-39.0019,-12.2556],[-38.9975,-12.2522],[-38.9966,-12.2515],[-38.9956,-12.2521],[-38.9959,-12.2524],[-38.995,-12.2531],[-38.9936,-12.2538],[-38.9926,-12.2533],[-38.9926,-12.253],[-38.9923,-12.251],[-38.9916,-12.2494],[-38.9897,-12.2473],[-38.9875,-12.2481]]]}},{"type":"Feature","properties":{"c":"b38","b":38,"n":"Novo Horizonte","m":"2910800","cx":-38.971,"cy":-12.193},"geometry":{"type":"Polygon","coordinates":[[[-38.969,-12.2034],[-38.9745,-12.205],[-38.9756,-12.2054],[-38.976,-12.2045],[-38.9766,-12.2021],[-38.9767,-12.2002],[-38.9763,-12.1966],[-38.9762,-12.1948],[-38.9764,-12.1939],[-38.9772,-12.1911],[-38.9777,-12.1888],[-38.978,-12.1882],[-38.9788,-12.1867],[-38.9795,-12.1861],[-38.9784,-12.1852],[-38.9778,-12.1849],[-38.9704,-12.1831],[-38.969,-12.1829],[-38.9652,-12.182],[-38.9653,-12.1883],[-38.9653,-12.1922],[-38.9655,-12.2024],[-38.969,-12.2034]]]}},{"type":"Feature","properties":{"c":"b39","b":39,"n":"Olhos D'Água","m":"2910800","cx":-38.961,"cy":-12.2694},"geometry":{"type":"Polygon","coordinates":[[[-38.9565,-12.2771],[-38.9573,-12.2772],[-38.9579,-12.276],[-38.9596,-12.2741],[-38.96,-12.2735],[-38.9653,-12.2654],[-38.9677,-12.2617],[-38.9667,-12.2615],[-38.9635,-12.2651],[-38.9556,-12.2735],[-38.9565,-12.2771]]]}},{"type":"Feature","properties":{"c":"b40","b":40,"n":"Pampalona","m":"2910800","cx":-38.9854,"cy":-12.2193},"geometry":{"type":"Polygon","coordinates":[[[-38.987,-12.2216],[-38.9944,-12.2159],[-38.9915,-12.2162],[-38.9901,-12.2159],[-38.9889,-12.2159],[-38.9879,-12.2162],[-38.9856,-12.2161],[-38.9845,-12.2162],[-38.9839,-12.2171],[-38.9807,-12.217],[-38.9811,-12.2236],[-38.9826,-12.2239],[-38.983,-12.2238],[-38.9836,-12.2244],[-38.987,-12.2216]]]}},{"type":"Feature","properties":{"c":"b41","b":41,"n":"Papagaio","m":"2910800","cx":-38.9508,"cy":-12.1983},"geometry":{"type":"Polygon","coordinates":[[[-38.9515,-12.2043],[-38.9656,-12.2087],[-38.9655,-12.2024],[-38.9653,-12.1922],[-38.9653,-12.1883],[-38.9631,-12.1878],[-38.9529,-12.1853],[-38.951,-12.1913],[-38.9446,-12.1893],[-38.9451,-12.1873],[-38.9452,-12.1862],[-38.9368,-12.1847],[-38.9369,-12.1841],[-38.9366,-12.1839],[-38.9339,-12.1835],[-38.9344,-12.1884],[-38.9343,-12.1912],[-38.9351,-12.1951],[-38.9344,-12.1958],[-38.935,-12.1964],[-38.9367,-12.1966],[-38.9375,-12.197],[-38.9347,-12.1996],[-38.934,-12.2011],[-38.9315,-12.2001],[-38.9316,-12.2011],[-38.9315,-12.2028],[-38.932,-12.2061],[-38.9321,-12.2064],[-38.9335,-12.2075],[-38.9337,-12.2078],[-38.937,-12.2104],[-38.9377,-12.2108],[-38.9389,-12.2121],[-38.9395,-12.2141],[-38.9412,-12.2133],[-38.9445,-12.2125],[-38.9488,-12.2123],[-38.9496,-12.2101],[-38.9515,-12.2043]]]}},{"type":"Feature","properties":{"c":"b42","b":42,"n":"Parque Getúlio Vargas","m":"2910800","cx":-38.9353,"cy":-12.2533},"geometry":{"type":"Polygon","coordinates":[[[-38.9456,-12.2559],[-38.9455,-12.253],[-38.9445,-12.253],[-38.9444,-12.2527],[-38.9423,-12.2531],[-38.9409,-12.2536],[-38.9383,-12.2535],[-38.9365,-12.2522],[-38.9333,-12.2507],[-38.9325,-12.2539],[-38.9322,-12.2563],[-38.9382,-12.2561],[-38.9441,-12.256],[-38.9456,-12.2559]]]}},{"type":"Feature","properties":{"c":"b43","b":43,"n":"Parque Ipê","m":"2910800","cx":-38.9585,"cy":-12.2148},"geometry":{"type":"Polygon","coordinates":[[[-38.9526,-12.2111],[-38.9522,-12.212],[-38.9513,-12.2139],[-38.9514,-12.2166],[-38.9517,-12.2191],[-38.9551,-12.2202],[-38.958,-12.2212],[-38.9653,-12.2236],[-38.9655,-12.2212],[-38.9656,-12.2188],[-38.9657,-12.2157],[-38.9656,-12.2087],[-38.9515,-12.2043],[-38.9496,-12.2101],[-38.9526,-12.2111]]]}},{"type":"Feature","properties":{"c":"b44","b":44,"n":"Pedra Ferrada","m":"2910800","cx":-38.9881,"cy":-12.1739},"geometry":{"type":"Polygon","coordinates":[[[-39.0042,-12.189],[-39.0041,-12.1853],[-39.0048,-12.1838],[-39.0059,-12.1809],[-39.0082,-12.1773],[-39.0096,-12.1754],[-39.0127,-12.1724],[-39.0149,-12.1711],[-39.0175,-12.1693],[-39.0192,-12.1688],[-39.0212,-12.1679],[-39.022,-12.1674],[-39.026,-12.1658],[-39.0199,-12.1644],[-39.0181,-12.1639],[-39.0171,-12.1643],[-39.0155,-12.1645],[-39.0137,-12.1644],[-39.0131,-12.164],[-39.0104,-12.1632],[-39.0094,-12.163],[-39.0082,-12.1631],[-39.0077,-12.1629],[-39.0068,-12.1622],[-39.0046,-12.1612],[-39.0038,-12.1606],[-39.0018,-12.1584],[-38.9992,-12.1563],[-38.9973,-12.1535],[-38.9967,-12.1524],[-38.9955,-12.1516],[-38.9955,-12.1521],[-38.9925,-12.1545],[-38.9798,-12.1523],[-38.9803,-12.1518],[-38.9777,-12.152],[-38.9702,-12.1526],[-38.9647,-12.1531],[-38.9648,-12.1571],[-38.9649,-12.1691],[-38.965,-12.1706],[-38.965,-12.1756],[-38.9651,-12.1767],[-38.9652,-12.182],[-38.969,-12.1829],[-38.9704,-12.1831],[-38.9778,-12.1849],[-38.9784,-12.1852],[-38.9795,-12.1861],[-38.9788,-12.1867],[-38.978,-12.1882],[-38.9825,-12.1893],[-38.9823,-12.1917],[-38.9865,-12.1927],[-38.9866,-12.1939],[-38.9884,-12.1943],[-38.9898,-12.1945],[-38.99,-12.191],[-38.9984,-12.1917],[-38.9997,-12.1919],[-39.0038,-12.1923],[-39.0037,-12.1914],[-39.0041,-12.1901],[-39.0042,-12.189]]]}},{"type":"Feature","properties":{"c":"b45","b":45,"n":"Pedra do Descanso","m":"2910800","cx":-38.9828,"cy":-12.2668},"geometry":{"type":"Polygon","coordinates":[[[-38.9719,-12.2596],[-38.9712,-12.2612],[-38.9726,-12.2626],[-38.9742,-12.2638],[-38.9762,-12.2645],[-38.9765,-12.2655],[-38.9763,-12.2667],[-38.9767,-12.2672],[-38.9781,-12.2682],[-38.9787,-12.269],[-38.9791,-12.2703],[-38.9815,-12.2734],[-38.9822,-12.2747],[-38.9827,-12.2754],[-38.9832,-12.2756],[-38.9866,-12.2713],[-38.9885,-12.2689],[-38.989,-12.2681],[-38.9893,-12.2669],[-38.9894,-12.2629],[-38.9888,-12.2624],[-38.9879,-12.2622],[-38.9878,-12.2619],[-38.9873,-12.2622],[-38.9869,-12.2618],[-38.986,-12.2616],[-38.9854,-12.2611],[-38.985,-12.2612],[-38.9847,-12.2606],[-38.9838,-12.2604],[-38.9833,-12.2601],[-38.9823,-12.2603],[-38.9818,-12.2594],[-38.9808,-12.2595],[-38.9806,-12.2587],[-38.9799,-12.2584],[-38.9783,-12.2606],[-38.9772,-12.2616],[-38.9749,-12.2602],[-38.9746,-12.2607],[-38.9729,-12.2603],[-38.9728,-12.26],[-38.9737,-12.2584],[-38.9729,-12.2579],[-38.9719,-12.2596]]]}},{"type":"Feature","properties":{"c":"b46","b":46,"n":"Ponto Central","m":"2910800","cx":-38.9501,"cy":-12.2548},"geometry":{"type":"Polygon","coordinates":[[[-38.9507,-12.2558],[-38.9517,-12.2589],[-38.952,-12.2605],[-38.9528,-12.2603],[-38.9549,-12.26],[-38.9547,-12.2537],[-38.9545,-12.2497],[-38.9509,-12.249],[-38.9488,-12.2487],[-38.9489,-12.2493],[-38.9455,-12.2493],[-38.9455,-12.253],[-38.9456,-12.2559],[-38.9507,-12.2558]]]}},{"type":"Feature","properties":{"c":"b47","b":47,"n":"Queimadinha","m":"2910800","cx":-38.9588,"cy":-12.2404},"geometry":{"type":"Polygon","coordinates":[[[-38.9572,-12.2483],[-38.9602,-12.2484],[-38.9637,-12.2483],[-38.9638,-12.2459],[-38.9635,-12.2377],[-38.9636,-12.2349],[-38.9638,-12.2333],[-38.9643,-12.2304],[-38.9623,-12.2309],[-38.9547,-12.2319],[-38.9535,-12.2321],[-38.9539,-12.2393],[-38.954,-12.2415],[-38.9544,-12.2481],[-38.9572,-12.2483]]]}},{"type":"Feature","properties":{"c":"b48","b":48,"n":"Registro","m":"2910800","cx":-38.8761,"cy":-12.2352},"geometry":{"type":"Polygon","coordinates":[[[-38.8933,-12.262],[-38.8942,-12.2615],[-38.8956,-12.2609],[-38.8963,-12.2609],[-38.8978,-12.2611],[-38.8994,-12.2611],[-38.9005,-12.2615],[-38.9028,-12.2612],[-38.9036,-12.2609],[-38.9036,-12.2594],[-38.9038,-12.2585],[-38.9047,-12.2574],[-38.9046,-12.257],[-38.9026,-12.2572],[-38.9027,-12.2518],[-38.9029,-12.246],[-38.9003,-12.2459],[-38.9005,-12.239],[-38.9004,-12.2369],[-38.9003,-12.2367],[-38.8992,-12.2367],[-38.8992,-12.2362],[-38.8999,-12.2346],[-38.9013,-12.232],[-38.905,-12.2242],[-38.9055,-12.2242],[-38.9063,-12.2249],[-38.9072,-12.2251],[-38.9066,-12.2241],[-38.9027,-12.2167],[-38.9024,-12.2162],[-38.9015,-12.2157],[-38.8974,-12.2138],[-38.8952,-12.2132],[-38.8937,-12.2113],[-38.8929,-12.2095],[-38.892,-12.2088],[-38.8911,-12.2075],[-38.8911,-12.2077],[-38.8899,-12.2089],[-38.8877,-12.212],[-38.887,-12.2128],[-38.8837,-12.2158],[-38.8805,-12.2179],[-38.8778,-12.2192],[-38.8764,-12.2197],[-38.8758,-12.2204],[-38.8755,-12.2218],[-38.875,-12.2226],[-38.875,-12.2239],[-38.8754,-12.2254],[-38.8753,-12.2265],[-38.8744,-12.2276],[-38.8737,-12.2287],[-38.8733,-12.2291],[-38.8712,-12.2301],[-38.8697,-12.229],[-38.8678,-12.2278],[-38.8675,-12.227],[-38.8673,-12.2257],[-38.866,-12.2254],[-38.8653,-12.2257],[-38.8623,-12.2257],[-38.8611,-12.225],[-38.8595,-12.2246],[-38.8579,-12.2239],[-38.8574,-12.2232],[-38.857,-12.2231],[-38.8572,-12.2252],[-38.8568,-12.2257],[-38.856,-12.2262],[-38.8553,-12.2269],[-38.8551,-12.2267],[-38.8536,-12.227],[-38.8532,-12.2268],[-38.8521,-12.2267],[-38.8514,-12.2272],[-38.8511,-12.2278],[-38.8515,-12.2293],[-38.8526,-12.2311],[-38.8526,-12.2323],[-38.8528,-12.2341],[-38.8523,-12.2357],[-38.8522,-12.237],[-38.852,-12.2378],[-38.8514,-12.2386],[-38.8514,-12.2396],[-38.851,-12.2399],[-38.8596,-12.2456],[-38.8702,-12.2512],[-38.8732,-12.254],[-38.8793,-12.2595],[-38.8813,-12.2615],[-38.8825,-12.2621],[-38.8831,-12.2622],[-38.8876,-12.2632],[-38.8894,-12.2629],[-38.8909,-12.2629],[-38.8925,-12.2623],[-38.8933,-12.262]]]}},{"type":"Feature","properties":{"c":"b49","b":49,"n":"Rua Nova","m":"2910800","cx":-38.9769,"cy":-12.2526},"geometry":{"type":"Polygon","coordinates":[[[-38.9821,-12.2491],[-38.9814,-12.2487],[-38.9795,-12.2485],[-38.9785,-12.249],[-38.9776,-12.2486],[-38.9769,-12.248],[-38.9736,-12.2487],[-38.9717,-12.2498],[-38.9725,-12.2507],[-38.9729,-12.2521],[-38.9732,-12.2539],[-38.9741,-12.2564],[-38.9752,-12.2557],[-38.9782,-12.2545],[-38.9799,-12.2532],[-38.9819,-12.2521],[-38.9834,-12.2503],[-38.9821,-12.2491]]]}},{"type":"Feature","properties":{"c":"b50","b":50,"n":"Santa Mônica","m":"2910800","cx":-38.9348,"cy":-12.2671},"geometry":{"type":"Polygon","coordinates":[[[-38.9436,-12.2662],[-38.9445,-12.2655],[-38.9441,-12.256],[-38.9382,-12.2561],[-38.9322,-12.2563],[-38.9322,-12.2592],[-38.9323,-12.2607],[-38.9326,-12.2633],[-38.9315,-12.2645],[-38.9306,-12.2651],[-38.9285,-12.2663],[-38.9274,-12.2668],[-38.9268,-12.2674],[-38.9262,-12.2688],[-38.9259,-12.2697],[-38.9253,-12.2702],[-38.9254,-12.2706],[-38.9272,-12.278],[-38.9275,-12.2783],[-38.9358,-12.2721],[-38.9436,-12.2662]]]}},{"type":"Feature","properties":{"c":"b51","b":51,"n":"Santo Antônio dos Prazeres","m":"2910800","cx":-38.9103,"cy":-12.2377},"geometry":{"type":"Polygon","coordinates":[[[-38.9338,-12.2491],[-38.9346,-12.2471],[-38.9352,-12.2458],[-38.9366,-12.2434],[-38.9353,-12.2428],[-38.9343,-12.2426],[-38.9323,-12.2419],[-38.9299,-12.2409],[-38.9263,-12.2394],[-38.9253,-12.2387],[-38.9228,-12.2389],[-38.921,-12.2386],[-38.9191,-12.2368],[-38.9186,-12.2366],[-38.9167,-12.2363],[-38.9156,-12.2363],[-38.9148,-12.2359],[-38.9145,-12.2354],[-38.9134,-12.2329],[-38.9132,-12.232],[-38.9136,-12.2308],[-38.9135,-12.2297],[-38.9124,-12.2287],[-38.9102,-12.2276],[-38.9085,-12.2265],[-38.9072,-12.2251],[-38.9063,-12.2249],[-38.9055,-12.2242],[-38.905,-12.2242],[-38.9013,-12.232],[-38.8999,-12.2346],[-38.8992,-12.2362],[-38.8992,-12.2367],[-38.9003,-12.2367],[-38.9004,-12.2369],[-38.9005,-12.239],[-38.9003,-12.2459],[-38.9029,-12.246],[-38.9103,-12.2461],[-38.9167,-12.2463],[-38.9205,-12.2465],[-38.9218,-12.2467],[-38.9261,-12.2474],[-38.927,-12.2477],[-38.9333,-12.2507],[-38.9338,-12.2491]]]}},{"type":"Feature","properties":{"c":"b52","b":52,"n":"Serraria Brasil","m":"2910800","cx":-38.9578,"cy":-12.2682},"geometry":{"type":"Polygon","coordinates":[[[-38.9603,-12.2617],[-38.9549,-12.2618],[-38.9551,-12.2672],[-38.9551,-12.2692],[-38.9553,-12.2692],[-38.9553,-12.2719],[-38.9552,-12.2721],[-38.9556,-12.2735],[-38.9635,-12.2651],[-38.9667,-12.2615],[-38.9603,-12.2617]]]}},{"type":"Feature","properties":{"c":"b53","b":53,"n":"Sim","m":"2910800","cx":-38.9179,"cy":-12.2512},"geometry":{"type":"Polygon","coordinates":[[[-38.9325,-12.2539],[-38.9333,-12.2507],[-38.927,-12.2477],[-38.9261,-12.2474],[-38.9218,-12.2467],[-38.9205,-12.2465],[-38.9167,-12.2463],[-38.9103,-12.2461],[-38.9029,-12.246],[-38.9027,-12.2518],[-38.9026,-12.2572],[-38.9046,-12.257],[-38.9061,-12.2568],[-38.9067,-12.2569],[-38.9123,-12.2569],[-38.9164,-12.2567],[-38.9225,-12.2566],[-38.9322,-12.2563],[-38.9325,-12.2539]]]}},{"type":"Feature","properties":{"c":"b54","b":54,"n":"Sobradinho","m":"2910800","cx":-38.9735,"cy":-12.2403},"geometry":{"type":"Polygon","coordinates":[[[-38.9768,-12.235],[-38.9749,-12.2338],[-38.9729,-12.2328],[-38.9711,-12.232],[-38.9714,-12.2331],[-38.9721,-12.2368],[-38.9727,-12.2387],[-38.9681,-12.2436],[-38.9673,-12.2446],[-38.9682,-12.2453],[-38.9677,-12.2459],[-38.9686,-12.2468],[-38.9716,-12.2439],[-38.9732,-12.243],[-38.9731,-12.2423],[-38.9747,-12.2421],[-38.975,-12.2419],[-38.9769,-12.2382],[-38.9769,-12.2377],[-38.9764,-12.2358],[-38.9769,-12.235],[-38.9768,-12.235]]]}},{"type":"Feature","properties":{"c":"b55","b":55,"n":"Subaé","m":"2910800","cx":-38.9023,"cy":-12.2881},"geometry":{"type":"Polygon","coordinates":[[[-38.9247,-12.2699],[-38.9232,-12.2696],[-38.9215,-12.2696],[-38.9203,-12.2692],[-38.919,-12.2692],[-38.9166,-12.27],[-38.9154,-12.2712],[-38.9144,-12.2718],[-38.9131,-12.2724],[-38.9116,-12.2728],[-38.9112,-12.2732],[-38.9102,-12.2753],[-38.908,-12.2761],[-38.9059,-12.2768],[-38.9045,-12.2772],[-38.904,-12.2774],[-38.9016,-12.2793],[-38.8998,-12.2799],[-38.8982,-12.2811],[-38.8972,-12.2822],[-38.8967,-12.2833],[-38.8952,-12.2847],[-38.8935,-12.2852],[-38.8929,-12.2854],[-38.8917,-12.2864],[-38.8899,-12.2879],[-38.89,-12.2884],[-38.8884,-12.291],[-38.8881,-12.2912],[-38.8864,-12.2914],[-38.8846,-12.2921],[-38.8837,-12.2932],[-38.883,-12.2949],[-38.8819,-12.296],[-38.8809,-12.2966],[-38.8823,-12.2973],[-38.8832,-12.2981],[-38.8836,-12.2996],[-38.8853,-12.3041],[-38.8895,-12.3071],[-38.8896,-12.307],[-38.891,-12.306],[-38.8952,-12.3028],[-38.9055,-12.295],[-38.9094,-12.292],[-38.9121,-12.29],[-38.9152,-12.2877],[-38.9167,-12.2865],[-38.9264,-12.2792],[-38.9275,-12.2783],[-38.9272,-12.278],[-38.9254,-12.2706],[-38.9253,-12.2702],[-38.9247,-12.2699]]]}},{"type":"Feature","properties":{"c":"b56","b":56,"n":"São João (antigo Campo do Gado Velho)","m":"2910800","cx":-38.9502,"cy":-12.2404},"geometry":{"type":"Polygon","coordinates":[[[-38.9486,-12.2329],[-38.9473,-12.2334],[-38.945,-12.2348],[-38.9477,-12.2446],[-38.9488,-12.2487],[-38.9509,-12.249],[-38.9545,-12.2497],[-38.9544,-12.2481],[-38.954,-12.2415],[-38.9539,-12.2393],[-38.9535,-12.2321],[-38.9486,-12.2329]]]}},{"type":"Feature","properties":{"c":"b57","b":57,"n":"Tomba","m":"2910800","cx":-38.9499,"cy":-12.2959},"geometry":{"type":"Polygon","coordinates":[[[-38.9572,-12.2993],[-38.957,-12.2968],[-38.957,-12.295],[-38.9572,-12.2892],[-38.9573,-12.2865],[-38.9604,-12.2867],[-38.9626,-12.2866],[-38.9648,-12.2864],[-38.9677,-12.2858],[-38.9702,-12.2851],[-38.97,-12.2844],[-38.9711,-12.2826],[-38.9712,-12.2818],[-38.9709,-12.281],[-38.9714,-12.2794],[-38.9715,-12.2779],[-38.9708,-12.2778],[-38.9693,-12.2774],[-38.9679,-12.2779],[-38.9668,-12.2779],[-38.9665,-12.2775],[-38.9655,-12.2751],[-38.9632,-12.2741],[-38.962,-12.2742],[-38.96,-12.2735],[-38.9596,-12.2741],[-38.9579,-12.276],[-38.9573,-12.2772],[-38.9565,-12.2771],[-38.9556,-12.2735],[-38.9543,-12.275],[-38.9468,-12.283],[-38.9487,-12.284],[-38.9482,-12.2852],[-38.9478,-12.2876],[-38.9473,-12.2882],[-38.9453,-12.2897],[-38.945,-12.2908],[-38.9448,-12.2913],[-38.9436,-12.2928],[-38.9434,-12.2935],[-38.9421,-12.2981],[-38.9418,-12.2987],[-38.9403,-12.3016],[-38.9396,-12.3027],[-38.9389,-12.3032],[-38.9368,-12.3061],[-38.9364,-12.3069],[-38.9357,-12.3057],[-38.9315,-12.3078],[-38.926,-12.3109],[-38.9249,-12.3115],[-38.925,-12.3133],[-38.9244,-12.314],[-38.9223,-12.315],[-38.92,-12.3164],[-38.9194,-12.3171],[-38.919,-12.3179],[-38.9393,-12.316],[-38.9393,-12.3139],[-38.9434,-12.3128],[-38.9447,-12.312],[-38.9452,-12.3121],[-38.9468,-12.3109],[-38.9473,-12.3103],[-38.951,-12.31],[-38.9561,-12.3009],[-38.9571,-12.3012],[-38.9572,-12.2993]]]}},{"type":"Feature","properties":{"c":"b58","b":58,"n":"Vale do Jacuípe","m":"2910800","cx":-39.0378,"cy":-12.2561},"geometry":{"type":"Polygon","coordinates":[[[-39.0001,-12.2872],[-38.9989,-12.2885],[-38.9981,-12.2901],[-38.9968,-12.2934],[-38.9966,-12.2945],[-38.9966,-12.2954],[-38.9976,-12.2982],[-38.9995,-12.3019],[-38.9997,-12.3041],[-38.9995,-12.3052],[-38.9978,-12.3092],[-38.9996,-12.3083],[-39.0053,-12.3062],[-39.0126,-12.3044],[-39.0273,-12.3029],[-39.0289,-12.2958],[-39.0293,-12.2958],[-39.0302,-12.2943],[-39.0303,-12.2937],[-39.0331,-12.2919],[-39.0354,-12.29],[-39.0373,-12.2883],[-39.0417,-12.2848],[-39.0453,-12.2819],[-39.0475,-12.2799],[-39.0518,-12.2765],[-39.0535,-12.2757],[-39.0559,-12.2742],[-39.06,-12.2712],[-39.0614,-12.2698],[-39.0626,-12.268],[-39.0646,-12.2642],[-39.0654,-12.2631],[-39.0748,-12.254],[-39.0451,-12.2371],[-39.0132,-12.2053],[-39.0101,-12.2024],[-39.0103,-12.2036],[-39.01,-12.2065],[-39.0107,-12.2083],[-39.0113,-12.2096],[-39.0117,-12.2107],[-39.0086,-12.2201],[-39.008,-12.2232],[-39.007,-12.2244],[-39.0064,-12.2247],[-39.0009,-12.2292],[-39.0017,-12.2307],[-38.9948,-12.2308],[-38.9963,-12.2367],[-38.9933,-12.2353],[-38.9915,-12.2343],[-38.9894,-12.2358],[-38.9885,-12.2363],[-38.9864,-12.2362],[-38.9864,-12.2365],[-38.9873,-12.2378],[-38.9886,-12.2384],[-38.9889,-12.2391],[-38.9906,-12.2408],[-38.9917,-12.2425],[-38.9928,-12.2448],[-38.994,-12.2447],[-38.9941,-12.2458],[-38.9937,-12.2468],[-38.9925,-12.2468],[-38.9909,-12.2472],[-38.9897,-12.2473],[-38.9916,-12.2494],[-38.9923,-12.251],[-38.9926,-12.253],[-38.9926,-12.2533],[-38.9936,-12.2538],[-38.995,-12.2531],[-38.9959,-12.2524],[-38.9956,-12.2521],[-38.9966,-12.2515],[-38.9975,-12.2522],[-39.0019,-12.2556],[-39.0039,-12.2566],[-39.0054,-12.2566],[-39.0066,-12.2573],[-39.0069,-12.2588],[-39.0061,-12.2596],[-39.0063,-12.2605],[-39.0056,-12.2613],[-39.0062,-12.2695],[-39.0055,-12.2695],[-39.0038,-12.2705],[-39.0035,-12.2712],[-39.0031,-12.2712],[-39.0025,-12.2719],[-39.0024,-12.274],[-39.003,-12.2767],[-39.0032,-12.2782],[-39.0024,-12.2806],[-39.0021,-12.281],[-39.001,-12.2835],[-39.001,-12.2852],[-39.0007,-12.2863],[-39.0001,-12.2872]]]}},{"type":"Feature","properties":{"c":"b59","b":59,"n":"Banco da Vitória","m":"2913606","cx":-39.1159,"cy":-14.7899},"geometry":{"type":"Polygon","coordinates":[[[-39.0759,-14.804],[-39.0765,-14.8037],[-39.0778,-14.8035],[-39.0795,-14.8034],[-39.0809,-14.8032],[-39.0813,-14.803],[-39.0846,-14.8023],[-39.0864,-14.8021],[-39.0874,-14.8016],[-39.0889,-14.8014],[-39.0906,-14.8013],[-39.0918,-14.8011],[-39.0936,-14.8005],[-39.0946,-14.7997],[-39.0954,-14.7988],[-39.0961,-14.7982],[-39.0968,-14.7973],[-39.0972,-14.7952],[-39.0972,-14.7939],[-39.0969,-14.7925],[-39.0961,-14.7908],[-39.096,-14.79],[-39.0951,-14.7889],[-39.0937,-14.7876],[-39.0929,-14.7872],[-39.0925,-14.7864],[-39.0937,-14.7851],[-39.0953,-14.7843],[-39.0961,-14.7841],[-39.0966,-14.7833],[-39.0977,-14.7831],[-39.0991,-14.7835],[-39.1018,-14.7836],[-39.1028,-14.7842],[-39.1038,-14.7851],[-39.1039,-14.7856],[-39.1048,-14.7871],[-39.1048,-14.7883],[-39.1057,-14.7906],[-39.1063,-14.7916],[-39.1068,-14.7921],[-39.1078,-14.7925],[-39.1088,-14.7932],[-39.1103,-14.7939],[-39.1106,-14.7943],[-39.1123,-14.7959],[-39.1135,-14.797],[-39.114,-14.7978],[-39.1173,-14.7989],[-39.1179,-14.7995],[-39.1193,-14.8003],[-39.1209,-14.8003],[-39.1223,-14.8005],[-39.123,-14.8009],[-39.1242,-14.8013],[-39.125,-14.8024],[-39.1257,-14.8027],[-39.1262,-14.8033],[-39.1282,-14.8045],[-39.1291,-14.8008],[-39.129,-14.8003],[-39.1297,-14.7994],[-39.1308,-14.7988],[-39.1311,-14.7979],[-39.1317,-14.797],[-39.1329,-14.7956],[-39.1336,-14.7945],[-39.1344,-14.7936],[-39.1251,-14.7893],[-39.1247,-14.7893],[-39.1242,-14.7888],[-39.1241,-14.7881],[-39.1245,-14.787],[-39.1254,-14.7859],[-39.1259,-14.7848],[-39.1194,-14.7809],[-39.1118,-14.7779],[-39.1105,-14.7769],[-39.1103,-14.7783],[-39.1108,-14.7789],[-39.1109,-14.7795],[-39.1099,-14.7797],[-39.1094,-14.7809],[-39.1084,-14.7819],[-39.1063,-14.7826],[-39.1066,-14.7815],[-39.107,-14.7806],[-39.1072,-14.7787],[-39.1064,-14.7783],[-39.1059,-14.7784],[-39.1048,-14.7791],[-39.1044,-14.7791],[-39.1012,-14.7784],[-39.0992,-14.7754],[-39.0993,-14.7763],[-39.0991,-14.777],[-39.0983,-14.7772],[-39.0981,-14.7778],[-39.0963,-14.7778],[-39.0951,-14.7784],[-39.0941,-14.7798],[-39.095,-14.7806],[-39.0955,-14.7801],[-39.0956,-14.779],[-39.0967,-14.7792],[-39.0971,-14.7797],[-39.0967,-14.7803],[-39.0969,-14.781],[-39.0968,-14.7818],[-39.0954,-14.7828],[-39.093,-14.7839],[-39.0924,-14.7844],[-39.0906,-14.7864],[-39.0903,-14.7869],[-39.0893,-14.7918],[-39.0886,-14.7917],[-39.0876,-14.7914],[-39.0869,-14.7895],[-39.0862,-14.7898],[-39.0855,-14.7898],[-39.0852,-14.7905],[-39.0856,-14.7915],[-39.0854,-14.7922],[-39.0893,-14.7923],[-39.0886,-14.7953],[-39.0882,-14.7961],[-39.0872,-14.7966],[-39.081,-14.7974],[-39.0799,-14.7977],[-39.0735,-14.8014],[-39.0759,-14.804]]]}},{"type":"Feature","properties":{"c":"b60","b":60,"n":"Barra do Itaípe","m":"2913606","cx":-39.0584,"cy":-14.7763},"geometry":{"type":"Polygon","coordinates":[[[-39.0615,-14.7754],[-39.0615,-14.7742],[-39.0598,-14.7726],[-39.06,-14.7723],[-39.0591,-14.7718],[-39.0579,-14.7723],[-39.057,-14.7724],[-39.056,-14.773],[-39.0554,-14.7744],[-39.0554,-14.775],[-39.0553,-14.776],[-39.0551,-14.7766],[-39.054,-14.778],[-39.0535,-14.7783],[-39.0542,-14.7789],[-39.0547,-14.7789],[-39.0539,-14.7802],[-39.054,-14.7803],[-39.055,-14.7796],[-39.0564,-14.7798],[-39.0574,-14.7795],[-39.0583,-14.7801],[-39.0608,-14.7782],[-39.0619,-14.7783],[-39.0615,-14.7754]]]}},{"type":"Feature","properties":{"c":"b61","b":61,"n":"Basílio","m":"2913606","cx":-39.0534,"cy":-14.7917},"geometry":{"type":"Polygon","coordinates":[[[-39.0489,-14.7888],[-39.0487,-14.7891],[-39.0484,-14.7922],[-39.0526,-14.7936],[-39.0537,-14.7941],[-39.0552,-14.7955],[-39.0563,-14.7963],[-39.0574,-14.7947],[-39.0578,-14.7931],[-39.0581,-14.7925],[-39.0585,-14.7926],[-39.0584,-14.7913],[-39.0582,-14.7911],[-39.0569,-14.791],[-39.0562,-14.7909],[-39.0568,-14.7893],[-39.0546,-14.7871],[-39.054,-14.7874],[-39.0532,-14.7874],[-39.0518,-14.7879],[-39.0507,-14.7871],[-39.0489,-14.7888]]]}},{"type":"Feature","properties":{"c":"b62","b":62,"n":"Boa Vista","m":"2913606","cx":-39.0367,"cy":-14.7894},"geometry":{"type":"Polygon","coordinates":[[[-39.0399,-14.7898],[-39.0395,-14.7891],[-39.0387,-14.7887],[-39.0378,-14.7856],[-39.0376,-14.7857],[-39.0354,-14.7861],[-39.0346,-14.7867],[-39.0342,-14.7874],[-39.0334,-14.7903],[-39.0329,-14.7919],[-39.0373,-14.7931],[-39.0399,-14.7932],[-39.0399,-14.7908],[-39.0399,-14.7898]]]}},{"type":"Feature","properties":{"c":"b63","b":63,"n":"Centro","m":"2913606","cx":-39.0339,"cy":-14.7985},"geometry":{"type":"Polygon","coordinates":[[[-39.0376,-14.7952],[-39.0361,-14.7965],[-39.0356,-14.7974],[-39.0345,-14.7972],[-39.0339,-14.7968],[-39.0324,-14.7948],[-39.0309,-14.7952],[-39.0281,-14.795],[-39.0283,-14.7967],[-39.0291,-14.7997],[-39.0309,-14.7989],[-39.0322,-14.7988],[-39.0338,-14.7998],[-39.0341,-14.8002],[-39.0351,-14.7996],[-39.0357,-14.7995],[-39.0378,-14.7995],[-39.0394,-14.8002],[-39.0397,-14.8006],[-39.0403,-14.802],[-39.041,-14.8022],[-39.0419,-14.8018],[-39.0408,-14.8017],[-39.0403,-14.8009],[-39.0399,-14.7996],[-39.0388,-14.7983],[-39.0372,-14.7976],[-39.0366,-14.7979],[-39.0361,-14.7975],[-39.0368,-14.7973],[-39.0391,-14.7959],[-39.0395,-14.7956],[-39.0386,-14.7952],[-39.0376,-14.7952]]]}},{"type":"Feature","properties":{"c":"b64","b":64,"n":"Cidade Nova","m":"2913606","cx":-39.0307,"cy":-14.7888},"geometry":{"type":"MultiPolygon","coordinates":[[[[-39.0381,-14.7842],[-39.037,-14.7845],[-39.036,-14.7843],[-39.0362,-14.7832],[-39.0348,-14.7838],[-39.0344,-14.7834],[-39.0336,-14.7831],[-39.0332,-14.7825],[-39.0327,-14.7831],[-39.0318,-14.7848],[-39.0277,-14.7829],[-39.0274,-14.783],[-39.0274,-14.7846],[-39.0277,-14.7867],[-39.0277,-14.7913],[-39.0278,-14.7933],[-39.0281,-14.795],[-39.0309,-14.7952],[-39.0324,-14.7948],[-39.0323,-14.7943],[-39.0329,-14.7919],[-39.0334,-14.7903],[-39.0342,-14.7874],[-39.0346,-14.7867],[-39.0354,-14.7861],[-39.0376,-14.7857],[-39.0381,-14.7842]]],[[[-39.0174,-14.7707],[-39.018,-14.7706],[-39.0178,-14.7696],[-39.0174,-14.7689],[-39.0172,-14.7689],[-39.0174,-14.7707]]],[[[-39.0153,-14.7711],[-39.0161,-14.7707],[-39.0158,-14.7701],[-39.0152,-14.7707],[-39.0153,-14.7711]]],[[[-39.0156,-14.7716],[-39.0155,-14.7713],[-39.0155,-14.7716],[-39.0156,-14.7716]]]]}},{"type":"Feature","properties":{"c":"b65","b":65,"n":"Conquista","m":"2913606","cx":-39.0461,"cy":-14.8002},"geometry":{"type":"Polygon","coordinates":[[[-39.041,-14.8023],[-39.0418,-14.8029],[-39.0426,-14.8048],[-39.0435,-14.8051],[-39.0443,-14.807],[-39.0444,-14.8077],[-39.0449,-14.8087],[-39.0444,-14.8093],[-39.0454,-14.8098],[-39.0465,-14.8099],[-39.0472,-14.8096],[-39.0478,-14.8077],[-39.048,-14.8069],[-39.0487,-14.8057],[-39.0506,-14.802],[-39.0516,-14.8009],[-39.0529,-14.7989],[-39.0531,-14.7972],[-39.0533,-14.7969],[-39.0542,-14.7968],[-39.0552,-14.7955],[-39.0537,-14.7941],[-39.0526,-14.7936],[-39.0484,-14.7922],[-39.0476,-14.7919],[-39.0435,-14.7906],[-39.0413,-14.7909],[-39.0399,-14.7908],[-39.0399,-14.7932],[-39.0399,-14.794],[-39.0386,-14.7952],[-39.0395,-14.7956],[-39.0391,-14.7959],[-39.0368,-14.7973],[-39.0361,-14.7975],[-39.0366,-14.7979],[-39.0372,-14.7976],[-39.0388,-14.7983],[-39.0399,-14.7996],[-39.0403,-14.8009],[-39.0408,-14.8017],[-39.0419,-14.8018],[-39.041,-14.8022],[-39.0403,-14.802],[-39.041,-14.8023]]]}},{"type":"Feature","properties":{"c":"b66","b":66,"n":"Esperança","m":"2913606","cx":-39.0597,"cy":-14.7887},"geometry":{"type":"Polygon","coordinates":[[[-39.0518,-14.7879],[-39.0532,-14.7874],[-39.054,-14.7874],[-39.0546,-14.7871],[-39.0568,-14.7893],[-39.0562,-14.7909],[-39.0569,-14.791],[-39.0582,-14.7911],[-39.0584,-14.7913],[-39.0585,-14.7926],[-39.0581,-14.7925],[-39.0578,-14.7931],[-39.0574,-14.7947],[-39.0563,-14.7963],[-39.0616,-14.7984],[-39.064,-14.7994],[-39.0644,-14.7986],[-39.0647,-14.7971],[-39.0646,-14.7958],[-39.0639,-14.7933],[-39.0632,-14.7921],[-39.0627,-14.7908],[-39.0627,-14.7903],[-39.0632,-14.7892],[-39.063,-14.7883],[-39.0625,-14.7875],[-39.062,-14.7871],[-39.0606,-14.7852],[-39.0595,-14.7842],[-39.0594,-14.7837],[-39.0605,-14.7828],[-39.0634,-14.7825],[-39.0642,-14.7821],[-39.064,-14.7815],[-39.0632,-14.7809],[-39.0626,-14.78],[-39.0619,-14.7783],[-39.0608,-14.7782],[-39.0583,-14.7801],[-39.0574,-14.7795],[-39.0564,-14.7798],[-39.055,-14.7796],[-39.054,-14.7803],[-39.053,-14.7819],[-39.052,-14.7832],[-39.0508,-14.7869],[-39.0507,-14.7871],[-39.0518,-14.7879]]]}},{"type":"Feature","properties":{"c":"b67","b":67,"n":"Hernani Sá","m":"2913606","cx":-39.0393,"cy":-14.8277},"geometry":{"type":"Polygon","coordinates":[[[-39.0295,-14.8226],[-39.0296,-14.8296],[-39.0297,-14.8305],[-39.0302,-14.8305],[-39.0305,-14.8315],[-39.0312,-14.8313],[-39.0379,-14.8299],[-39.0378,-14.8279],[-39.0404,-14.8284],[-39.0429,-14.8304],[-39.0469,-14.8339],[-39.0482,-14.8315],[-39.0488,-14.8304],[-39.0492,-14.829],[-39.0489,-14.8275],[-39.0473,-14.8264],[-39.0467,-14.8257],[-39.0463,-14.8249],[-39.0437,-14.8214],[-39.0429,-14.8218],[-39.0424,-14.8215],[-39.0409,-14.8217],[-39.0401,-14.8215],[-39.04,-14.8227],[-39.0383,-14.823],[-39.0378,-14.8232],[-39.0376,-14.824],[-39.0366,-14.8235],[-39.0356,-14.8227],[-39.0339,-14.8224],[-39.0306,-14.8217],[-39.0293,-14.8216],[-39.0295,-14.8226]]]}},{"type":"Feature","properties":{"c":"b68","b":68,"n":"Iguape","m":"2913606","cx":-39.0859,"cy":-14.7602},"geometry":{"type":"Polygon","coordinates":[[[-39.0641,-14.7561],[-39.0635,-14.7597],[-39.063,-14.7607],[-39.0629,-14.7617],[-39.062,-14.7632],[-39.0624,-14.7631],[-39.0662,-14.7642],[-39.066,-14.7652],[-39.0663,-14.7659],[-39.0662,-14.7667],[-39.0654,-14.7668],[-39.0645,-14.7667],[-39.0639,-14.7672],[-39.064,-14.7681],[-39.0642,-14.7686],[-39.0656,-14.7691],[-39.0651,-14.7701],[-39.0643,-14.7706],[-39.0647,-14.771],[-39.0634,-14.7721],[-39.0621,-14.7724],[-39.0618,-14.7728],[-39.0615,-14.7742],[-39.0615,-14.7754],[-39.0619,-14.7783],[-39.0626,-14.78],[-39.0632,-14.7809],[-39.064,-14.7815],[-39.0642,-14.7821],[-39.0634,-14.7825],[-39.0605,-14.7828],[-39.0594,-14.7837],[-39.0595,-14.7842],[-39.0606,-14.7852],[-39.062,-14.7871],[-39.0625,-14.7875],[-39.063,-14.7883],[-39.0632,-14.7892],[-39.0627,-14.7903],[-39.0627,-14.7908],[-39.063,-14.7906],[-39.0637,-14.7908],[-39.0648,-14.7902],[-39.0674,-14.7913],[-39.0683,-14.792],[-39.0683,-14.7936],[-39.0693,-14.796],[-39.0696,-14.7963],[-39.07,-14.7999],[-39.0698,-14.8017],[-39.0708,-14.8019],[-39.072,-14.802],[-39.0735,-14.8014],[-39.0799,-14.7977],[-39.081,-14.7974],[-39.0872,-14.7966],[-39.0882,-14.7961],[-39.0886,-14.7953],[-39.0893,-14.7923],[-39.0854,-14.7922],[-39.0856,-14.7915],[-39.0852,-14.7905],[-39.0855,-14.7898],[-39.0862,-14.7898],[-39.0869,-14.7895],[-39.0876,-14.7914],[-39.0886,-14.7917],[-39.0893,-14.7918],[-39.0903,-14.7869],[-39.0906,-14.7864],[-39.0924,-14.7844],[-39.093,-14.7839],[-39.0954,-14.7828],[-39.0968,-14.7818],[-39.0969,-14.781],[-39.0967,-14.7803],[-39.0971,-14.7797],[-39.0967,-14.7792],[-39.0956,-14.779],[-39.0955,-14.7801],[-39.095,-14.7806],[-39.0941,-14.7798],[-39.0951,-14.7784],[-39.0963,-14.7778],[-39.0981,-14.7778],[-39.0983,-14.7772],[-39.0991,-14.777],[-39.0993,-14.7763],[-39.0992,-14.7754],[-39.1012,-14.7784],[-39.1044,-14.7791],[-39.1048,-14.7791],[-39.1059,-14.7784],[-39.1064,-14.7783],[-39.1072,-14.7787],[-39.107,-14.7806],[-39.1066,-14.7815],[-39.1063,-14.7826],[-39.1084,-14.7819],[-39.1094,-14.7809],[-39.1099,-14.7797],[-39.1109,-14.7795],[-39.1108,-14.7789],[-39.1103,-14.7783],[-39.1105,-14.7769],[-39.1092,-14.776],[-39.1085,-14.7745],[-39.1086,-14.7568],[-39.1089,-14.7463],[-39.108,-14.7449],[-39.1066,-14.7448],[-39.106,-14.7446],[-39.104,-14.743],[-39.1009,-14.7419],[-39.1007,-14.7362],[-39.1021,-14.7347],[-39.1036,-14.7336],[-39.1055,-14.7294],[-39.105,-14.7258],[-39.1021,-14.7214],[-39.0995,-14.7186],[-39.0993,-14.7197],[-39.0955,-14.7218],[-39.0953,-14.7213],[-39.0934,-14.7209],[-39.0907,-14.722],[-39.0889,-14.7241],[-39.0865,-14.7244],[-39.0845,-14.7239],[-39.0832,-14.724],[-39.0825,-14.7243],[-39.081,-14.7254],[-39.0803,-14.7256],[-39.0769,-14.7254],[-39.0754,-14.7273],[-39.0749,-14.7271],[-39.0684,-14.7255],[-39.0674,-14.7275],[-39.067,-14.7293],[-39.0671,-14.7304],[-39.068,-14.7329],[-39.0683,-14.7347],[-39.068,-14.739],[-39.0675,-14.7413],[-39.0672,-14.7422],[-39.0669,-14.744],[-39.0663,-14.7453],[-39.0655,-14.7464],[-39.0649,-14.7478],[-39.0643,-14.7496],[-39.0642,-14.751],[-39.0649,-14.7517],[-39.0652,-14.7528],[-39.0649,-14.7538],[-39.0641,-14.7561]]]}},{"type":"Feature","properties":{"c":"b69","b":69,"n":"Ilhéus II","m":"2913606","cx":-39.0391,"cy":-14.8382},"geometry":{"type":"Polygon","coordinates":[[[-39.0435,-14.8393],[-39.0456,-14.8362],[-39.0469,-14.8339],[-39.0429,-14.8304],[-39.0404,-14.8284],[-39.0378,-14.8279],[-39.0379,-14.8299],[-39.0312,-14.8313],[-39.0305,-14.8315],[-39.0302,-14.8305],[-39.0297,-14.8305],[-39.0301,-14.8316],[-39.0314,-14.8347],[-39.0322,-14.8365],[-39.0329,-14.8372],[-39.0377,-14.8421],[-39.0384,-14.8437],[-39.0381,-14.845],[-39.0384,-14.8467],[-39.039,-14.8491],[-39.0402,-14.8502],[-39.0405,-14.85],[-39.0393,-14.8481],[-39.0391,-14.8473],[-39.0391,-14.8463],[-39.0389,-14.8456],[-39.0402,-14.8457],[-39.0404,-14.8454],[-39.0399,-14.8447],[-39.0403,-14.844],[-39.0398,-14.8431],[-39.0404,-14.8429],[-39.0407,-14.842],[-39.0412,-14.8415],[-39.0422,-14.8412],[-39.0432,-14.8406],[-39.0435,-14.8393]]]}},{"type":"Feature","properties":{"c":"b70","b":70,"n":"Jardim Atlântico","m":"2913606","cx":-39.0257,"cy":-14.8258},"geometry":{"type":"Polygon","coordinates":[[[-39.0241,-14.8169],[-39.0241,-14.8199],[-39.0243,-14.8222],[-39.0243,-14.8249],[-39.0242,-14.8274],[-39.0241,-14.8303],[-39.0241,-14.8331],[-39.0242,-14.8369],[-39.0254,-14.8373],[-39.0268,-14.837],[-39.0279,-14.8337],[-39.0279,-14.8322],[-39.0276,-14.83],[-39.0273,-14.8267],[-39.0262,-14.8176],[-39.0253,-14.8168],[-39.0249,-14.8163],[-39.0248,-14.8149],[-39.024,-14.815],[-39.0241,-14.8169]]]}},{"type":"Feature","properties":{"c":"b71","b":71,"n":"Jardim Savóia","m":"2913606","cx":-39.0626,"cy":-14.7688},"geometry":{"type":"Polygon","coordinates":[[[-39.0607,-14.7668],[-39.0606,-14.7679],[-39.0598,-14.7703],[-39.0591,-14.7718],[-39.06,-14.7723],[-39.0598,-14.7726],[-39.0615,-14.7742],[-39.0618,-14.7728],[-39.0621,-14.7724],[-39.0634,-14.7721],[-39.0647,-14.771],[-39.0643,-14.7706],[-39.0651,-14.7701],[-39.0656,-14.7691],[-39.0642,-14.7686],[-39.064,-14.7681],[-39.0639,-14.7672],[-39.0645,-14.7667],[-39.0654,-14.7668],[-39.0662,-14.7667],[-39.0663,-14.7659],[-39.066,-14.7652],[-39.0662,-14.7642],[-39.0624,-14.7631],[-39.062,-14.7632],[-39.0607,-14.7668]]]}},{"type":"Feature","properties":{"c":"b72","b":72,"n":"Malhado","m":"2913606","cx":-39.0448,"cy":-14.7844},"geometry":{"type":"Polygon","coordinates":[[[-39.0508,-14.7869],[-39.052,-14.7832],[-39.053,-14.7819],[-39.054,-14.7803],[-39.0539,-14.7802],[-39.0547,-14.7789],[-39.0542,-14.7789],[-39.0535,-14.7783],[-39.0527,-14.7786],[-39.0518,-14.7782],[-39.0514,-14.7771],[-39.0504,-14.7769],[-39.0491,-14.7774],[-39.0466,-14.7791],[-39.0443,-14.7808],[-39.0421,-14.7822],[-39.0406,-14.7828],[-39.0381,-14.7842],[-39.0376,-14.7857],[-39.0378,-14.7856],[-39.0392,-14.7847],[-39.04,-14.7847],[-39.0411,-14.7855],[-39.0419,-14.7856],[-39.0429,-14.7851],[-39.0435,-14.7863],[-39.0451,-14.7856],[-39.0463,-14.7875],[-39.0479,-14.7894],[-39.0476,-14.7919],[-39.0484,-14.7922],[-39.0487,-14.7891],[-39.0489,-14.7888],[-39.0507,-14.7871],[-39.0508,-14.7869]]]}},{"type":"Feature","properties":{"c":"b73","b":73,"n":"Nelson Costa","m":"2913606","cx":-39.0348,"cy":-14.8204},"geometry":{"type":"Polygon","coordinates":[[[-39.0417,-14.8209],[-39.0407,-14.8202],[-39.0382,-14.8182],[-39.0368,-14.817],[-39.0335,-14.817],[-39.0333,-14.8171],[-39.0304,-14.8197],[-39.0299,-14.8197],[-39.029,-14.8188],[-39.0287,-14.8182],[-39.0288,-14.8168],[-39.028,-14.8169],[-39.028,-14.8179],[-39.0284,-14.8184],[-39.0286,-14.8206],[-39.0291,-14.8209],[-39.0293,-14.8216],[-39.0306,-14.8217],[-39.0339,-14.8224],[-39.0356,-14.8227],[-39.0366,-14.8235],[-39.0376,-14.824],[-39.0378,-14.8232],[-39.0383,-14.823],[-39.04,-14.8227],[-39.0401,-14.8215],[-39.0409,-14.8217],[-39.0424,-14.8215],[-39.0429,-14.8218],[-39.0437,-14.8214],[-39.0417,-14.8209]]]}},{"type":"Feature","properties":{"c":"b74","b":74,"n":"Nossa Senhora da Vitoria","m":"2913606","cx":-39.035,"cy":-14.8581},"geometry":{"type":"Polygon","coordinates":[[[-39.0422,-14.8412],[-39.0412,-14.8415],[-39.0407,-14.842],[-39.0404,-14.8429],[-39.0398,-14.8431],[-39.0403,-14.844],[-39.0399,-14.8447],[-39.0404,-14.8454],[-39.0402,-14.8457],[-39.0389,-14.8456],[-39.0391,-14.8463],[-39.0391,-14.8473],[-39.0393,-14.8481],[-39.0405,-14.85],[-39.0402,-14.8502],[-39.039,-14.8491],[-39.0384,-14.8467],[-39.0381,-14.845],[-39.0384,-14.8437],[-39.0377,-14.8421],[-39.0329,-14.8372],[-39.0322,-14.8365],[-39.0314,-14.8347],[-39.0281,-14.8371],[-39.0266,-14.8379],[-39.0268,-14.837],[-39.0254,-14.8373],[-39.0242,-14.8369],[-39.0242,-14.8388],[-39.0242,-14.8446],[-39.0241,-14.8475],[-39.0239,-14.8535],[-39.0236,-14.8587],[-39.0236,-14.862],[-39.0235,-14.8648],[-39.0233,-14.8677],[-39.0227,-14.8789],[-39.0225,-14.882],[-39.023,-14.8817],[-39.0241,-14.88],[-39.0251,-14.8798],[-39.0252,-14.8805],[-39.0245,-14.8813],[-39.0246,-14.8818],[-39.0256,-14.8815],[-39.0262,-14.8816],[-39.0468,-14.8576],[-39.0468,-14.8448],[-39.0454,-14.8432],[-39.044,-14.8424],[-39.0432,-14.8416],[-39.0432,-14.8406],[-39.0422,-14.8412]]]}},{"type":"Feature","properties":{"c":"b75","b":75,"n":"Pontal","m":"2913606","cx":-39.0316,"cy":-14.8125},"geometry":{"type":"Polygon","coordinates":[[[-39.0248,-14.8149],[-39.0249,-14.8163],[-39.0253,-14.8168],[-39.028,-14.8169],[-39.0288,-14.8168],[-39.0287,-14.8182],[-39.029,-14.8188],[-39.0299,-14.8197],[-39.0304,-14.8197],[-39.0333,-14.8171],[-39.0335,-14.817],[-39.0368,-14.817],[-39.0382,-14.8182],[-39.0407,-14.8202],[-39.0417,-14.8209],[-39.0437,-14.8214],[-39.0429,-14.8196],[-39.0424,-14.8177],[-39.0421,-14.8163],[-39.041,-14.8155],[-39.0398,-14.8142],[-39.0393,-14.8134],[-39.0391,-14.8115],[-39.0394,-14.8096],[-39.0405,-14.8082],[-39.0406,-14.8082],[-39.0411,-14.8067],[-39.0409,-14.8061],[-39.0403,-14.8052],[-39.0395,-14.8044],[-39.0385,-14.8036],[-39.0376,-14.8027],[-39.0363,-14.8051],[-39.0364,-14.8056],[-39.036,-14.8072],[-39.0354,-14.8086],[-39.0347,-14.8099],[-39.0338,-14.8107],[-39.0326,-14.8114],[-39.0312,-14.8117],[-39.0305,-14.8116],[-39.0282,-14.8111],[-39.0264,-14.81],[-39.0259,-14.8093],[-39.0258,-14.8085],[-39.0271,-14.8078],[-39.0268,-14.8075],[-39.0265,-14.8052],[-39.0263,-14.805],[-39.0244,-14.8049],[-39.0237,-14.8058],[-39.0232,-14.8058],[-39.0232,-14.8062],[-39.024,-14.8069],[-39.0239,-14.8073],[-39.024,-14.815],[-39.0248,-14.8149]]]}},{"type":"Feature","properties":{"c":"b76","b":76,"n":"Salobrinho","m":"2913606","cx":-39.2103,"cy":-14.7886},"geometry":{"type":"Polygon","coordinates":[[[-39.2465,-14.7861],[-39.2478,-14.7867],[-39.248,-14.786],[-39.2479,-14.7849],[-39.2458,-14.7842],[-39.246,-14.7785],[-39.2467,-14.7772],[-39.2477,-14.776],[-39.248,-14.7737],[-39.2471,-14.7739],[-39.2428,-14.7733],[-39.2356,-14.7729],[-39.232,-14.7734],[-39.2293,-14.7748],[-39.2268,-14.7765],[-39.2241,-14.7762],[-39.2211,-14.7767],[-39.2185,-14.7775],[-39.2158,-14.7791],[-39.2134,-14.7808],[-39.2112,-14.7825],[-39.2088,-14.7852],[-39.2083,-14.7856],[-39.2077,-14.7855],[-39.2045,-14.7853],[-39.2019,-14.786],[-39.1992,-14.787],[-39.1977,-14.7878],[-39.1936,-14.7849],[-39.1909,-14.7837],[-39.1882,-14.7832],[-39.1828,-14.7833],[-39.1799,-14.784],[-39.1775,-14.7854],[-39.1755,-14.7873],[-39.1739,-14.7894],[-39.1697,-14.7903],[-39.1667,-14.7903],[-39.1642,-14.7899],[-39.1613,-14.7899],[-39.1605,-14.7902],[-39.1594,-14.7897],[-39.1562,-14.7897],[-39.1543,-14.79],[-39.1517,-14.7908],[-39.1484,-14.7928],[-39.1512,-14.7994],[-39.152,-14.8013],[-39.1518,-14.8015],[-39.1527,-14.8023],[-39.1533,-14.8033],[-39.154,-14.803],[-39.1547,-14.8021],[-39.1555,-14.8016],[-39.1557,-14.801],[-39.1568,-14.8006],[-39.1576,-14.8008],[-39.1596,-14.8013],[-39.1604,-14.8025],[-39.161,-14.8023],[-39.1616,-14.8025],[-39.1621,-14.8008],[-39.1624,-14.8002],[-39.1635,-14.7999],[-39.1643,-14.8004],[-39.1662,-14.8007],[-39.1673,-14.8013],[-39.1677,-14.8017],[-39.1681,-14.8027],[-39.1688,-14.8031],[-39.1694,-14.8046],[-39.1704,-14.8047],[-39.1724,-14.8053],[-39.1729,-14.8053],[-39.1754,-14.8056],[-39.177,-14.8051],[-39.1782,-14.8049],[-39.1816,-14.8031],[-39.1816,-14.8026],[-39.183,-14.8004],[-39.1834,-14.7988],[-39.1839,-14.7987],[-39.1845,-14.7975],[-39.1846,-14.7965],[-39.1856,-14.7943],[-39.1862,-14.7937],[-39.187,-14.7933],[-39.1883,-14.7939],[-39.189,-14.795],[-39.1899,-14.7956],[-39.1907,-14.7964],[-39.1926,-14.797],[-39.1958,-14.7992],[-39.1972,-14.7996],[-39.1989,-14.7994],[-39.1997,-14.7986],[-39.2005,-14.7987],[-39.2009,-14.7985],[-39.2017,-14.7975],[-39.2023,-14.7971],[-39.204,-14.7969],[-39.2056,-14.7968],[-39.2074,-14.797],[-39.2086,-14.7975],[-39.2088,-14.7981],[-39.209,-14.7993],[-39.2098,-14.8005],[-39.2103,-14.8008],[-39.2121,-14.8008],[-39.2129,-14.8003],[-39.2136,-14.7989],[-39.2146,-14.7976],[-39.215,-14.7974],[-39.2158,-14.7974],[-39.2173,-14.7981],[-39.218,-14.799],[-39.2182,-14.7995],[-39.2187,-14.7996],[-39.2191,-14.8003],[-39.2202,-14.801],[-39.2213,-14.8021],[-39.223,-14.8035],[-39.2235,-14.8035],[-39.224,-14.8031],[-39.2247,-14.8013],[-39.225,-14.7997],[-39.2253,-14.7993],[-39.2266,-14.7994],[-39.2279,-14.7999],[-39.229,-14.8005],[-39.2299,-14.8005],[-39.2304,-14.8003],[-39.2312,-14.7993],[-39.2319,-14.7989],[-39.2328,-14.7979],[-39.2335,-14.7967],[-39.2343,-14.7958],[-39.2344,-14.795],[-39.2352,-14.7937],[-39.2365,-14.7932],[-39.2374,-14.7923],[-39.2379,-14.7922],[-39.2388,-14.7917],[-39.2392,-14.7911],[-39.2403,-14.7903],[-39.2415,-14.7899],[-39.2459,-14.7899],[-39.2465,-14.7861]]]}},{"type":"Feature","properties":{"c":"b77","b":77,"n":"São Domingos","m":"2913606","cx":-39.0655,"cy":-14.7396},"geometry":{"type":"Polygon","coordinates":[[[-39.0649,-14.7538],[-39.0652,-14.7528],[-39.0649,-14.7517],[-39.0642,-14.751],[-39.0643,-14.7496],[-39.0649,-14.7478],[-39.0655,-14.7464],[-39.0663,-14.7453],[-39.0669,-14.744],[-39.0672,-14.7422],[-39.0675,-14.7413],[-39.068,-14.739],[-39.0683,-14.7347],[-39.068,-14.7329],[-39.0671,-14.7304],[-39.067,-14.7293],[-39.0674,-14.7275],[-39.0684,-14.7255],[-39.064,-14.7258],[-39.0638,-14.7307],[-39.0634,-14.7359],[-39.0631,-14.7403],[-39.0622,-14.747],[-39.061,-14.7526],[-39.0607,-14.7538],[-39.0649,-14.7538]]]}},{"type":"Feature","properties":{"c":"b78","b":78,"n":"São Francisco","m":"2913606","cx":-39.0285,"cy":-14.8281},"geometry":{"type":"Polygon","coordinates":[[[-39.0291,-14.8209],[-39.0286,-14.8206],[-39.0284,-14.8184],[-39.028,-14.8179],[-39.028,-14.8169],[-39.0253,-14.8168],[-39.0262,-14.8176],[-39.0273,-14.8267],[-39.0276,-14.83],[-39.0279,-14.8322],[-39.0279,-14.8337],[-39.0268,-14.837],[-39.0266,-14.8379],[-39.0281,-14.8371],[-39.0314,-14.8347],[-39.0301,-14.8316],[-39.0297,-14.8305],[-39.0296,-14.8296],[-39.0295,-14.8226],[-39.0293,-14.8216],[-39.0291,-14.8209]]]}},{"type":"Feature","properties":{"c":"b79","b":79,"n":"São Miguel","m":"2913606","cx":-39.0593,"cy":-14.7643},"geometry":{"type":"Polygon","coordinates":[[[-39.0629,-14.7617],[-39.063,-14.7607],[-39.0635,-14.7597],[-39.0641,-14.7561],[-39.0649,-14.7538],[-39.0607,-14.7538],[-39.0597,-14.7576],[-39.0582,-14.7617],[-39.0566,-14.7655],[-39.0557,-14.7674],[-39.0536,-14.771],[-39.0525,-14.7729],[-39.0531,-14.7734],[-39.0533,-14.7746],[-39.0542,-14.7746],[-39.0554,-14.775],[-39.0554,-14.7744],[-39.056,-14.773],[-39.057,-14.7724],[-39.0579,-14.7723],[-39.0591,-14.7718],[-39.0598,-14.7703],[-39.0606,-14.7679],[-39.0607,-14.7668],[-39.062,-14.7632],[-39.0629,-14.7617]]]}},{"type":"Feature","properties":{"c":"b80","b":80,"n":"São Sebastião","m":"2913606","cx":-39.0316,"cy":-14.8035},"geometry":{"type":"MultiPolygon","coordinates":[[[[-39.0295,-14.8029],[-39.0293,-14.8041],[-39.029,-14.805],[-39.0282,-14.8062],[-39.0279,-14.807],[-39.0281,-14.8075],[-39.0286,-14.8073],[-39.0305,-14.8072],[-39.0319,-14.8064],[-39.0326,-14.8058],[-39.0335,-14.8045],[-39.0339,-14.8028],[-39.0338,-14.8004],[-39.0341,-14.8002],[-39.0338,-14.7998],[-39.0322,-14.7988],[-39.0309,-14.7989],[-39.0291,-14.7997],[-39.0295,-14.8029]]],[[[-39.0142,-14.7903],[-39.0147,-14.7903],[-39.0149,-14.7908],[-39.0155,-14.7902],[-39.0154,-14.7897],[-39.0144,-14.7899],[-39.0142,-14.7903]]]]}},{"type":"Feature","properties":{"c":"b81","b":81,"n":"Tapera","m":"2913606","cx":-39.0427,"cy":-14.7881},"geometry":{"type":"Polygon","coordinates":[[[-39.0387,-14.7887],[-39.0395,-14.7891],[-39.0399,-14.7898],[-39.0399,-14.7908],[-39.0413,-14.7909],[-39.0435,-14.7906],[-39.0476,-14.7919],[-39.0479,-14.7894],[-39.0463,-14.7875],[-39.0451,-14.7856],[-39.0435,-14.7863],[-39.0429,-14.7851],[-39.0419,-14.7856],[-39.0411,-14.7855],[-39.04,-14.7847],[-39.0392,-14.7847],[-39.0378,-14.7856],[-39.0387,-14.7887]]]}},{"type":"Feature","properties":{"c":"b82","b":82,"n":"Teotônio Vilela","m":"2913606","cx":-39.0591,"cy":-14.808},"geometry":{"type":"Polygon","coordinates":[[[-39.0616,-14.7984],[-39.0563,-14.7963],[-39.0552,-14.7955],[-39.0542,-14.7968],[-39.0533,-14.7969],[-39.0531,-14.7972],[-39.0529,-14.7989],[-39.0516,-14.8009],[-39.0506,-14.802],[-39.0487,-14.8057],[-39.048,-14.8069],[-39.0478,-14.8077],[-39.0472,-14.8096],[-39.0465,-14.8099],[-39.0454,-14.8098],[-39.0444,-14.8093],[-39.0441,-14.8097],[-39.0442,-14.8107],[-39.0445,-14.8112],[-39.0458,-14.8124],[-39.0479,-14.8135],[-39.0521,-14.8136],[-39.0544,-14.8136],[-39.0563,-14.8138],[-39.0614,-14.8151],[-39.0623,-14.8151],[-39.0644,-14.8153],[-39.0619,-14.8162],[-39.0616,-14.8165],[-39.0614,-14.8179],[-39.0636,-14.8192],[-39.0647,-14.8207],[-39.0655,-14.8209],[-39.0662,-14.8208],[-39.0677,-14.8201],[-39.0687,-14.8193],[-39.071,-14.8169],[-39.0721,-14.8163],[-39.0727,-14.8163],[-39.0738,-14.8158],[-39.0745,-14.8153],[-39.075,-14.8147],[-39.075,-14.8135],[-39.0747,-14.8125],[-39.0731,-14.8109],[-39.0726,-14.8107],[-39.0718,-14.8096],[-39.0706,-14.8083],[-39.0705,-14.8077],[-39.071,-14.8068],[-39.0718,-14.8061],[-39.0729,-14.8055],[-39.0738,-14.8052],[-39.0753,-14.8046],[-39.0759,-14.804],[-39.0735,-14.8014],[-39.072,-14.802],[-39.0708,-14.8019],[-39.0698,-14.8017],[-39.069,-14.8015],[-39.064,-14.7994],[-39.0616,-14.7984]]]}},{"type":"Feature","properties":{"c":"b83","b":83,"n":"Teresópolis","m":"2913606","cx":-39.0358,"cy":-14.7945},"geometry":{"type":"Polygon","coordinates":[[[-39.0323,-14.7943],[-39.0324,-14.7948],[-39.0339,-14.7968],[-39.0345,-14.7972],[-39.0356,-14.7974],[-39.0361,-14.7965],[-39.0376,-14.7952],[-39.0386,-14.7952],[-39.0399,-14.794],[-39.0399,-14.7932],[-39.0373,-14.7931],[-39.0329,-14.7919],[-39.0323,-14.7943]]]}},{"type":"Feature","properties":{"c":"b84","b":84,"n":"Vila Cachoeira","m":"2913606","cx":-39.1405,"cy":-14.8019},"geometry":{"type":"Polygon","coordinates":[[[-39.146,-14.7939],[-39.1452,-14.7944],[-39.1434,-14.7939],[-39.1394,-14.7943],[-39.1376,-14.7951],[-39.1344,-14.7936],[-39.1336,-14.7945],[-39.1329,-14.7956],[-39.1317,-14.797],[-39.1311,-14.7979],[-39.1308,-14.7988],[-39.1297,-14.7994],[-39.129,-14.8003],[-39.1291,-14.8008],[-39.1282,-14.8045],[-39.1294,-14.8059],[-39.1317,-14.8073],[-39.1321,-14.8077],[-39.1332,-14.8085],[-39.1356,-14.8096],[-39.1368,-14.8099],[-39.1393,-14.8109],[-39.1421,-14.8109],[-39.1445,-14.8105],[-39.1472,-14.8096],[-39.1492,-14.8082],[-39.1504,-14.8068],[-39.1516,-14.8054],[-39.1522,-14.804],[-39.1533,-14.8033],[-39.1527,-14.8023],[-39.1518,-14.8015],[-39.152,-14.8013],[-39.1512,-14.7994],[-39.1484,-14.7928],[-39.146,-14.7939]]]}},{"type":"Feature","properties":{"c":"b85","b":85,"n":"Vila Nazaré","m":"2913606","cx":-39.0669,"cy":-14.7959},"geometry":{"type":"Polygon","coordinates":[[[-39.07,-14.7999],[-39.0696,-14.7963],[-39.0693,-14.796],[-39.0683,-14.7936],[-39.0683,-14.792],[-39.0674,-14.7913],[-39.0648,-14.7902],[-39.0637,-14.7908],[-39.063,-14.7906],[-39.0627,-14.7908],[-39.0632,-14.7921],[-39.0639,-14.7933],[-39.0646,-14.7958],[-39.0647,-14.7971],[-39.0644,-14.7986],[-39.064,-14.7994],[-39.069,-14.8015],[-39.0698,-14.8017],[-39.07,-14.7999]]]}},{"type":"Feature","properties":{"c":"b86","b":86,"n":"Alto Maron","m":"2914802","cx":-39.2706,"cy":-14.7848},"geometry":{"type":"Polygon","coordinates":[[[-39.2738,-14.7861],[-39.2733,-14.7841],[-39.2722,-14.7812],[-39.2719,-14.7813],[-39.2717,-14.7819],[-39.271,-14.7817],[-39.2704,-14.782],[-39.2684,-14.7835],[-39.2679,-14.7839],[-39.2674,-14.7856],[-39.2686,-14.7863],[-39.2691,-14.7867],[-39.27,-14.7882],[-39.2712,-14.7864],[-39.2717,-14.7868],[-39.2738,-14.7861]]]}},{"type":"Feature","properties":{"c":"b87","b":87,"n":"Bananeira","m":"2914802","cx":-39.3122,"cy":-14.8172},"geometry":{"type":"MultiPolygon","coordinates":[[[[-39.3141,-14.8154],[-39.3145,-14.8147],[-39.3139,-14.8144],[-39.3128,-14.8147],[-39.3126,-14.815],[-39.3107,-14.816],[-39.3108,-14.8167],[-39.3114,-14.8177],[-39.3109,-14.819],[-39.3113,-14.8191],[-39.3111,-14.8196],[-39.312,-14.82],[-39.3128,-14.8184],[-39.3141,-14.8154]]],[[[-39.2957,-14.8122],[-39.295,-14.8109],[-39.2941,-14.8117],[-39.2936,-14.8115],[-39.2924,-14.8106],[-39.2925,-14.8103],[-39.2913,-14.8092],[-39.2908,-14.8099],[-39.29,-14.8099],[-39.2859,-14.8072],[-39.2862,-14.8065],[-39.2868,-14.8069],[-39.2874,-14.8066],[-39.2878,-14.8061],[-39.2881,-14.8049],[-39.2888,-14.8044],[-39.2888,-14.8034],[-39.2884,-14.803],[-39.2885,-14.8027],[-39.2878,-14.8032],[-39.2866,-14.8029],[-39.2858,-14.8022],[-39.2851,-14.8023],[-39.2839,-14.8013],[-39.2822,-14.8027],[-39.2822,-14.8024],[-39.2813,-14.8014],[-39.278,-14.7986],[-39.2778,-14.7992],[-39.281,-14.8018],[-39.2812,-14.8023],[-39.2819,-14.8037],[-39.2834,-14.8059],[-39.2843,-14.8082],[-39.2855,-14.8095],[-39.2868,-14.8102],[-39.2897,-14.8111],[-39.2914,-14.8123],[-39.2924,-14.8133],[-39.2944,-14.8144],[-39.2953,-14.8151],[-39.2961,-14.8156],[-39.2961,-14.8158],[-39.2972,-14.8138],[-39.2957,-14.8122]]]]}},{"type":"Feature","properties":{"c":"b88","b":88,"n":"Banco Raso","m":"2914802","cx":-39.2785,"cy":-14.8032},"geometry":{"type":"Polygon","coordinates":[[[-39.281,-14.8018],[-39.2778,-14.7992],[-39.2777,-14.7992],[-39.2775,-14.8005],[-39.2771,-14.8006],[-39.2773,-14.8014],[-39.277,-14.8022],[-39.2756,-14.8074],[-39.2778,-14.8084],[-39.2789,-14.8056],[-39.2794,-14.8059],[-39.2803,-14.8048],[-39.2794,-14.8041],[-39.2812,-14.8023],[-39.281,-14.8018]]]}},{"type":"Feature","properties":{"c":"b89","b":89,"n":"Califórnia","m":"2914802","cx":-39.2639,"cy":-14.768},"geometry":{"type":"Polygon","coordinates":[[[-39.2649,-14.7762],[-39.2647,-14.7753],[-39.2646,-14.775],[-39.2659,-14.7736],[-39.2657,-14.7735],[-39.267,-14.7719],[-39.2675,-14.771],[-39.2679,-14.7698],[-39.2666,-14.7687],[-39.2675,-14.7682],[-39.268,-14.7673],[-39.2683,-14.7672],[-39.2694,-14.7679],[-39.2698,-14.7676],[-39.2694,-14.7671],[-39.269,-14.7656],[-39.2696,-14.7649],[-39.2706,-14.7627],[-39.2726,-14.7607],[-39.2732,-14.7606],[-39.2722,-14.76],[-39.2713,-14.7596],[-39.2703,-14.7597],[-39.2672,-14.7614],[-39.2664,-14.7619],[-39.2634,-14.7648],[-39.262,-14.7656],[-39.261,-14.7659],[-39.2596,-14.7661],[-39.2589,-14.7665],[-39.2586,-14.7672],[-39.2594,-14.7681],[-39.2599,-14.7678],[-39.2606,-14.7683],[-39.2604,-14.7697],[-39.2599,-14.7694],[-39.2598,-14.7701],[-39.2602,-14.7703],[-39.26,-14.7715],[-39.2604,-14.7716],[-39.2601,-14.7723],[-39.2611,-14.7726],[-39.2614,-14.7717],[-39.2625,-14.772],[-39.2617,-14.7732],[-39.2623,-14.7736],[-39.2617,-14.7745],[-39.2649,-14.7762]]]}},{"type":"Feature","properties":{"c":"b90","b":90,"n":"Castália","m":"2914802","cx":-39.2752,"cy":-14.7811},"geometry":{"type":"Polygon","coordinates":[[[-39.2747,-14.7863],[-39.2783,-14.7824],[-39.2788,-14.7818],[-39.2786,-14.781],[-39.2775,-14.7792],[-39.2779,-14.7794],[-39.2788,-14.7785],[-39.2772,-14.7785],[-39.2766,-14.7779],[-39.2752,-14.7775],[-39.274,-14.7772],[-39.2735,-14.776],[-39.2725,-14.7761],[-39.2722,-14.7761],[-39.272,-14.7779],[-39.271,-14.7798],[-39.2711,-14.7803],[-39.2719,-14.7813],[-39.2722,-14.7812],[-39.2733,-14.7841],[-39.2738,-14.7861],[-39.2747,-14.7863]]]}},{"type":"Feature","properties":{"c":"b91","b":91,"n":"Centro","m":"2914802","cx":-39.2773,"cy":-14.7929},"geometry":{"type":"Polygon","coordinates":[[[-39.2768,-14.7989],[-39.2777,-14.7992],[-39.2778,-14.7992],[-39.278,-14.7986],[-39.2782,-14.7975],[-39.2786,-14.797],[-39.2793,-14.7969],[-39.2803,-14.7953],[-39.2798,-14.7947],[-39.2801,-14.7941],[-39.2795,-14.7935],[-39.2801,-14.7932],[-39.2802,-14.7918],[-39.281,-14.792],[-39.2811,-14.7916],[-39.2806,-14.7913],[-39.2796,-14.7911],[-39.2787,-14.7902],[-39.2774,-14.7891],[-39.2763,-14.7884],[-39.2747,-14.7863],[-39.2738,-14.7861],[-39.2717,-14.7868],[-39.2714,-14.7872],[-39.2724,-14.7889],[-39.273,-14.7893],[-39.2732,-14.7898],[-39.2741,-14.791],[-39.2744,-14.7926],[-39.2759,-14.7954],[-39.2762,-14.7962],[-39.2756,-14.7965],[-39.2759,-14.7972],[-39.2768,-14.7989]]]}},{"type":"Feature","properties":{"c":"b92","b":92,"n":"Centro Industrial","m":"2914802","cx":-39.3296,"cy":-14.8337},"geometry":{"type":"Polygon","coordinates":[[[-39.3284,-14.8399],[-39.3292,-14.8404],[-39.334,-14.843],[-39.3398,-14.8453],[-39.3432,-14.8469],[-39.347,-14.8483],[-39.3475,-14.8473],[-39.3479,-14.8451],[-39.3475,-14.8446],[-39.3479,-14.8445],[-39.3488,-14.8453],[-39.3492,-14.8453],[-39.3493,-14.8448],[-39.3506,-14.8443],[-39.3509,-14.8445],[-39.351,-14.8438],[-39.3515,-14.8435],[-39.3521,-14.8438],[-39.3525,-14.8446],[-39.3528,-14.8468],[-39.3524,-14.8472],[-39.3515,-14.8475],[-39.3512,-14.8484],[-39.3515,-14.8498],[-39.3541,-14.8505],[-39.3593,-14.8519],[-39.3604,-14.852],[-39.3597,-14.8494],[-39.3594,-14.8474],[-39.3548,-14.8436],[-39.3522,-14.8404],[-39.3514,-14.8409],[-39.351,-14.8408],[-39.3507,-14.8416],[-39.3498,-14.8433],[-39.3498,-14.8442],[-39.3493,-14.8447],[-39.3478,-14.8442],[-39.3473,-14.8443],[-39.3453,-14.8443],[-39.3449,-14.843],[-39.3474,-14.8414],[-39.3463,-14.84],[-39.3472,-14.8395],[-39.3477,-14.8396],[-39.3454,-14.8381],[-39.3417,-14.8361],[-39.3418,-14.8352],[-39.3405,-14.8345],[-39.3388,-14.8339],[-39.3385,-14.8336],[-39.3375,-14.8339],[-39.3349,-14.832],[-39.3339,-14.8307],[-39.3332,-14.8297],[-39.3316,-14.8276],[-39.3308,-14.8271],[-39.3283,-14.8252],[-39.328,-14.8259],[-39.3275,-14.8259],[-39.3255,-14.825],[-39.3251,-14.825],[-39.3246,-14.8245],[-39.3252,-14.8226],[-39.3261,-14.8209],[-39.3269,-14.8209],[-39.3269,-14.8198],[-39.3265,-14.819],[-39.3257,-14.8181],[-39.3262,-14.8174],[-39.326,-14.8154],[-39.3247,-14.8155],[-39.325,-14.8173],[-39.3237,-14.8176],[-39.3223,-14.8171],[-39.3214,-14.8172],[-39.3203,-14.8165],[-39.3167,-14.816],[-39.3169,-14.8163],[-39.3157,-14.8178],[-39.3158,-14.8182],[-39.3152,-14.8184],[-39.315,-14.8188],[-39.3155,-14.8199],[-39.3141,-14.8215],[-39.314,-14.8225],[-39.315,-14.8225],[-39.3155,-14.8227],[-39.315,-14.8237],[-39.3148,-14.8255],[-39.314,-14.8263],[-39.3154,-14.8276],[-39.323,-14.8348],[-39.3245,-14.8361],[-39.3253,-14.8371],[-39.3284,-14.8399]]]}},{"type":"Feature","properties":{"c":"b93","b":93,"n":"Conceição","m":"2914802","cx":-39.2683,"cy":-14.7911},"geometry":{"type":"Polygon","coordinates":[[[-39.2691,-14.7867],[-39.2686,-14.7863],[-39.2674,-14.7856],[-39.2658,-14.7851],[-39.2648,-14.7853],[-39.2646,-14.7857],[-39.2652,-14.787],[-39.2653,-14.7913],[-39.2656,-14.793],[-39.2662,-14.7958],[-39.2667,-14.7968],[-39.267,-14.7947],[-39.2669,-14.7936],[-39.2681,-14.7934],[-39.2681,-14.7941],[-39.2684,-14.7944],[-39.2695,-14.7931],[-39.2698,-14.7944],[-39.2704,-14.7934],[-39.2709,-14.7931],[-39.2719,-14.7917],[-39.2718,-14.7914],[-39.2709,-14.7909],[-39.2713,-14.7898],[-39.27,-14.7882],[-39.2691,-14.7867]]]}},{"type":"Feature","properties":{"c":"b94","b":94,"n":"Ferradas","m":"2914802","cx":-39.346,"cy":-14.8494},"geometry":{"type":"Polygon","coordinates":[[[-39.3515,-14.8498],[-39.3502,-14.8495],[-39.347,-14.8483],[-39.3432,-14.8469],[-39.3398,-14.8453],[-39.334,-14.843],[-39.3292,-14.8404],[-39.3291,-14.8406],[-39.33,-14.8412],[-39.33,-14.842],[-39.3294,-14.8418],[-39.3294,-14.8422],[-39.3283,-14.8426],[-39.3296,-14.8429],[-39.3306,-14.8441],[-39.3313,-14.8468],[-39.332,-14.8482],[-39.333,-14.8483],[-39.3343,-14.8493],[-39.3348,-14.8496],[-39.3359,-14.8486],[-39.3362,-14.8479],[-39.3372,-14.8478],[-39.3376,-14.8481],[-39.3385,-14.8476],[-39.339,-14.8471],[-39.3408,-14.8476],[-39.3411,-14.8474],[-39.3414,-14.8479],[-39.3419,-14.8482],[-39.3422,-14.8489],[-39.342,-14.8503],[-39.3423,-14.8507],[-39.3424,-14.8517],[-39.3429,-14.8526],[-39.3428,-14.8538],[-39.3431,-14.8545],[-39.3435,-14.8546],[-39.3443,-14.8556],[-39.3447,-14.8553],[-39.3459,-14.8556],[-39.3464,-14.8561],[-39.3479,-14.8565],[-39.3491,-14.8565],[-39.3499,-14.8562],[-39.3513,-14.8573],[-39.3526,-14.8586],[-39.3534,-14.8562],[-39.3535,-14.8549],[-39.3534,-14.8535],[-39.3541,-14.8505],[-39.3515,-14.8498]]]}},{"type":"Feature","properties":{"c":"b95","b":95,"n":"Fonseca","m":"2914802","cx":-39.2679,"cy":-14.8203},"geometry":{"type":"Polygon","coordinates":[[[-39.2705,-14.8168],[-39.2712,-14.8155],[-39.2714,-14.8147],[-39.2707,-14.8142],[-39.2702,-14.815],[-39.2692,-14.8144],[-39.2683,-14.8156],[-39.2673,-14.8161],[-39.2667,-14.8171],[-39.2656,-14.8175],[-39.2654,-14.8184],[-39.2646,-14.8185],[-39.2637,-14.8199],[-39.2698,-14.8224],[-39.2698,-14.8233],[-39.2696,-14.8241],[-39.2697,-14.8255],[-39.272,-14.8259],[-39.2766,-14.8258],[-39.2772,-14.8255],[-39.2758,-14.8241],[-39.2739,-14.8227],[-39.2733,-14.8225],[-39.2714,-14.8207],[-39.2705,-14.8195],[-39.2703,-14.8175],[-39.2707,-14.817],[-39.2705,-14.8168]]]}},{"type":"Feature","properties":{"c":"b96","b":96,"n":"Goes Calmon","m":"2914802","cx":-39.2713,"cy":-14.795},"geometry":{"type":"Polygon","coordinates":[[[-39.2665,-14.7971],[-39.2671,-14.7968],[-39.2679,-14.7969],[-39.2678,-14.7975],[-39.268,-14.7983],[-39.2678,-14.7991],[-39.2682,-14.8002],[-39.2687,-14.7997],[-39.2703,-14.8014],[-39.2704,-14.8021],[-39.2711,-14.8033],[-39.2716,-14.8029],[-39.2712,-14.8019],[-39.2719,-14.8013],[-39.2719,-14.8008],[-39.2732,-14.8],[-39.2722,-14.7999],[-39.2752,-14.7975],[-39.2759,-14.7972],[-39.2756,-14.7965],[-39.2762,-14.7962],[-39.2759,-14.7954],[-39.2744,-14.7926],[-39.2741,-14.791],[-39.2732,-14.7898],[-39.273,-14.7893],[-39.2724,-14.7889],[-39.2714,-14.7872],[-39.2717,-14.7868],[-39.2712,-14.7864],[-39.27,-14.7882],[-39.2713,-14.7898],[-39.2709,-14.7909],[-39.2718,-14.7914],[-39.2719,-14.7917],[-39.2709,-14.7931],[-39.2704,-14.7934],[-39.2698,-14.7944],[-39.2695,-14.7931],[-39.2684,-14.7944],[-39.2681,-14.7941],[-39.2681,-14.7934],[-39.2669,-14.7936],[-39.267,-14.7947],[-39.2667,-14.7968],[-39.2665,-14.7971]]]}},{"type":"Feature","properties":{"c":"b97","b":97,"n":"Jardim Grapiúna","m":"2914802","cx":-39.2884,"cy":-14.7957},"geometry":{"type":"Polygon","coordinates":[[[-39.281,-14.792],[-39.2802,-14.7918],[-39.2801,-14.7932],[-39.2817,-14.793],[-39.2831,-14.795],[-39.2841,-14.7956],[-39.2835,-14.7965],[-39.284,-14.7969],[-39.285,-14.7956],[-39.2858,-14.7955],[-39.2869,-14.7959],[-39.2877,-14.7965],[-39.2885,-14.7976],[-39.2903,-14.8014],[-39.2916,-14.8005],[-39.2912,-14.8],[-39.2907,-14.7993],[-39.2904,-14.7982],[-39.2904,-14.7914],[-39.2902,-14.7906],[-39.2873,-14.7903],[-39.286,-14.7901],[-39.2853,-14.7904],[-39.2822,-14.792],[-39.2815,-14.792],[-39.2811,-14.7916],[-39.281,-14.792]]]}},{"type":"Feature","properties":{"c":"b98","b":98,"n":"Jardim Jaçanã","m":"2914802","cx":-39.2853,"cy":-14.8106},"geometry":{"type":"Polygon","coordinates":[[[-39.2794,-14.8041],[-39.2803,-14.8048],[-39.2794,-14.8059],[-39.2789,-14.8056],[-39.2778,-14.8084],[-39.2834,-14.8112],[-39.285,-14.812],[-39.2851,-14.8119],[-39.2881,-14.8134],[-39.2892,-14.8141],[-39.2923,-14.8175],[-39.2937,-14.819],[-39.2942,-14.8194],[-39.2952,-14.8175],[-39.2961,-14.8158],[-39.2961,-14.8156],[-39.2953,-14.8151],[-39.2944,-14.8144],[-39.2924,-14.8133],[-39.2914,-14.8123],[-39.2897,-14.8111],[-39.2868,-14.8102],[-39.2855,-14.8095],[-39.2843,-14.8082],[-39.2834,-14.8059],[-39.2819,-14.8037],[-39.2812,-14.8023],[-39.2794,-14.8041]]]}},{"type":"Feature","properties":{"c":"b99","b":99,"n":"Jardim Primavera","m":"2914802","cx":-39.2824,"cy":-14.8179},"geometry":{"type":"Polygon","coordinates":[[[-39.2834,-14.8112],[-39.2817,-14.8154],[-39.2805,-14.8182],[-39.2795,-14.8174],[-39.2788,-14.8189],[-39.2784,-14.8187],[-39.2785,-14.8195],[-39.278,-14.8206],[-39.277,-14.8201],[-39.2768,-14.8204],[-39.2773,-14.8217],[-39.2768,-14.8226],[-39.2758,-14.8241],[-39.2778,-14.8246],[-39.2824,-14.8241],[-39.2821,-14.8236],[-39.2808,-14.8242],[-39.2804,-14.8237],[-39.2805,-14.8221],[-39.2814,-14.8209],[-39.2837,-14.8186],[-39.2845,-14.8177],[-39.2851,-14.8165],[-39.285,-14.813],[-39.285,-14.812],[-39.2834,-14.8112]]]}},{"type":"Feature","properties":{"c":"b100","b":100,"n":"Jardim Vitória","m":"2914802","cx":-39.2742,"cy":-14.8025},"geometry":{"type":"Polygon","coordinates":[[[-39.2768,-14.7989],[-39.2759,-14.7972],[-39.2752,-14.7975],[-39.2722,-14.7999],[-39.2732,-14.8],[-39.2719,-14.8008],[-39.2719,-14.8013],[-39.2712,-14.8019],[-39.2716,-14.8029],[-39.2711,-14.8033],[-39.2704,-14.8021],[-39.2703,-14.8014],[-39.2687,-14.7997],[-39.2682,-14.8002],[-39.2691,-14.8021],[-39.2684,-14.8029],[-39.2683,-14.8044],[-39.2688,-14.8054],[-39.2687,-14.8071],[-39.2691,-14.8069],[-39.271,-14.807],[-39.2729,-14.8069],[-39.273,-14.8081],[-39.2738,-14.8084],[-39.2746,-14.808],[-39.2751,-14.8072],[-39.2756,-14.8074],[-39.277,-14.8022],[-39.2773,-14.8014],[-39.2771,-14.8006],[-39.2775,-14.8005],[-39.2777,-14.7992],[-39.2768,-14.7989]]]}},{"type":"Feature","properties":{"c":"b101","b":101,"n":"Jaçanã","m":"2914802","cx":-39.2885,"cy":-14.8188},"geometry":{"type":"Polygon","coordinates":[[[-39.2828,-14.8251],[-39.2828,-14.8255],[-39.2888,-14.8256],[-39.2917,-14.8255],[-39.2918,-14.8245],[-39.2922,-14.8229],[-39.2927,-14.8217],[-39.2942,-14.8194],[-39.2937,-14.819],[-39.2923,-14.8175],[-39.2892,-14.8141],[-39.2881,-14.8134],[-39.2851,-14.8119],[-39.285,-14.812],[-39.285,-14.813],[-39.2851,-14.8165],[-39.2845,-14.8177],[-39.2837,-14.8186],[-39.2814,-14.8209],[-39.2805,-14.8221],[-39.2804,-14.8237],[-39.2808,-14.8242],[-39.2821,-14.8236],[-39.2824,-14.8241],[-39.2828,-14.8251]]]}},{"type":"Feature","properties":{"c":"b102","b":102,"n":"Jorge Amado","m":"2914802","cx":-39.3111,"cy":-14.8141},"geometry":{"type":"MultiPolygon","coordinates":[[[[-39.3141,-14.8185],[-39.315,-14.8188],[-39.3152,-14.8184],[-39.3158,-14.8182],[-39.3157,-14.8178],[-39.3169,-14.8163],[-39.3167,-14.816],[-39.3145,-14.8147],[-39.3141,-14.8154],[-39.3128,-14.8184],[-39.3141,-14.8185]]],[[[-39.3125,-14.8135],[-39.3148,-14.8133],[-39.3147,-14.8117],[-39.3128,-14.8115],[-39.3103,-14.8118],[-39.3098,-14.812],[-39.3092,-14.8131],[-39.3096,-14.813],[-39.3095,-14.8158],[-39.3101,-14.8163],[-39.3107,-14.816],[-39.3126,-14.815],[-39.3128,-14.8147],[-39.3125,-14.8135]]]]}},{"type":"Feature","properties":{"c":"b103","b":103,"n":"João Soares","m":"2914802","cx":-39.2638,"cy":-14.7796},"geometry":{"type":"Polygon","coordinates":[[[-39.2649,-14.7812],[-39.2659,-14.7756],[-39.2655,-14.7752],[-39.2647,-14.7753],[-39.2649,-14.7762],[-39.2617,-14.7745],[-39.2605,-14.7739],[-39.2603,-14.7745],[-39.2609,-14.7748],[-39.2607,-14.7751],[-39.2601,-14.7749],[-39.2598,-14.7757],[-39.259,-14.7761],[-39.259,-14.7772],[-39.2593,-14.7779],[-39.2627,-14.7785],[-39.2622,-14.7808],[-39.2622,-14.7815],[-39.2614,-14.7822],[-39.2612,-14.783],[-39.2603,-14.7833],[-39.2596,-14.7848],[-39.259,-14.7846],[-39.2592,-14.7861],[-39.261,-14.7845],[-39.2613,-14.7848],[-39.2626,-14.7842],[-39.263,-14.7837],[-39.2641,-14.7834],[-39.2639,-14.7829],[-39.2631,-14.7826],[-39.2637,-14.7823],[-39.2649,-14.7812]]]}},{"type":"Feature","properties":{"c":"b104","b":104,"n":"Lomanto Júnior","m":"2914802","cx":-39.2941,"cy":-14.8068},"geometry":{"type":"Polygon","coordinates":[[[-39.2974,-14.8123],[-39.2974,-14.8114],[-39.297,-14.8089],[-39.2963,-14.8075],[-39.2916,-14.8005],[-39.2903,-14.8014],[-39.2927,-14.8063],[-39.292,-14.8073],[-39.291,-14.8089],[-39.2913,-14.8092],[-39.2925,-14.8103],[-39.2924,-14.8106],[-39.2936,-14.8115],[-39.2941,-14.8117],[-39.295,-14.8109],[-39.2957,-14.8122],[-39.2972,-14.8138],[-39.2974,-14.8123]]]}},{"type":"Feature","properties":{"c":"b105","b":105,"n":"Mangabinha","m":"2914802","cx":-39.2848,"cy":-14.8001},"geometry":{"type":"Polygon","coordinates":[[[-39.2786,-14.797],[-39.2782,-14.7975],[-39.278,-14.7986],[-39.2813,-14.8014],[-39.2822,-14.8024],[-39.2822,-14.8027],[-39.2839,-14.8013],[-39.2851,-14.8023],[-39.2858,-14.8022],[-39.2866,-14.8029],[-39.2878,-14.8032],[-39.2885,-14.8027],[-39.2903,-14.8014],[-39.2885,-14.7976],[-39.2877,-14.7965],[-39.2869,-14.7959],[-39.2858,-14.7955],[-39.285,-14.7956],[-39.284,-14.7969],[-39.2835,-14.7965],[-39.282,-14.7975],[-39.2809,-14.799],[-39.2805,-14.7986],[-39.2793,-14.7969],[-39.2786,-14.797]]]}},{"type":"Feature","properties":{"c":"b106","b":106,"n":"Manoel Leão","m":"2914802","cx":-39.2996,"cy":-14.801},"geometry":{"type":"Polygon","coordinates":[[[-39.2916,-14.8005],[-39.2963,-14.8075],[-39.2967,-14.8078],[-39.2974,-14.8072],[-39.3075,-14.8015],[-39.3068,-14.8006],[-39.3059,-14.8001],[-39.3038,-14.7984],[-39.3032,-14.7974],[-39.3027,-14.7959],[-39.3014,-14.7942],[-39.3013,-14.7937],[-39.3009,-14.7942],[-39.301,-14.7947],[-39.3004,-14.7961],[-39.2997,-14.7965],[-39.2989,-14.7962],[-39.2963,-14.7974],[-39.2951,-14.7971],[-39.295,-14.7976],[-39.2942,-14.7977],[-39.2934,-14.7976],[-39.2927,-14.7977],[-39.2912,-14.8],[-39.2916,-14.8005]]]}},{"type":"Feature","properties":{"c":"b107","b":107,"n":"Maria Matos","m":"2914802","cx":-39.3196,"cy":-14.8331},"geometry":{"type":"Polygon","coordinates":[[[-39.3154,-14.829],[-39.317,-14.8308],[-39.3176,-14.8328],[-39.3182,-14.8335],[-39.3191,-14.8342],[-39.321,-14.8368],[-39.3233,-14.8388],[-39.3253,-14.8371],[-39.3245,-14.8361],[-39.323,-14.8348],[-39.3154,-14.8276],[-39.3146,-14.8285],[-39.3154,-14.829]]]}},{"type":"Feature","properties":{"c":"b108","b":108,"n":"Maria Pinheiro","m":"2914802","cx":-39.2655,"cy":-14.8111},"geometry":{"type":"Polygon","coordinates":[[[-39.2695,-14.8102],[-39.2673,-14.8102],[-39.2673,-14.8098],[-39.266,-14.8095],[-39.2661,-14.8091],[-39.2651,-14.8088],[-39.2654,-14.8077],[-39.2648,-14.8074],[-39.2646,-14.8078],[-39.2641,-14.8076],[-39.2646,-14.8066],[-39.2634,-14.8059],[-39.2634,-14.8068],[-39.2638,-14.8084],[-39.2635,-14.8088],[-39.2627,-14.8095],[-39.2631,-14.8098],[-39.2636,-14.8102],[-39.2626,-14.8116],[-39.2619,-14.8116],[-39.2607,-14.8125],[-39.2604,-14.8123],[-39.261,-14.8134],[-39.262,-14.8142],[-39.2625,-14.8154],[-39.2629,-14.816],[-39.2633,-14.8154],[-39.2627,-14.8148],[-39.2623,-14.8138],[-39.2629,-14.8132],[-39.2652,-14.8127],[-39.2651,-14.8121],[-39.267,-14.8118],[-39.267,-14.8113],[-39.269,-14.8109],[-39.2694,-14.8116],[-39.2695,-14.8102]]]}},{"type":"Feature","properties":{"c":"b109","b":109,"n":"Monte Cristo","m":"2914802","cx":-39.2694,"cy":-14.7711},"geometry":{"type":"Polygon","coordinates":[[[-39.2725,-14.7761],[-39.2728,-14.7751],[-39.274,-14.7747],[-39.2744,-14.7734],[-39.2753,-14.7725],[-39.2755,-14.7719],[-39.2757,-14.7694],[-39.2759,-14.7689],[-39.2766,-14.7684],[-39.2777,-14.7682],[-39.2789,-14.7672],[-39.278,-14.7661],[-39.2764,-14.7675],[-39.2761,-14.7681],[-39.275,-14.7689],[-39.2751,-14.7701],[-39.2745,-14.7714],[-39.2734,-14.7726],[-39.2729,-14.7717],[-39.2712,-14.7713],[-39.2708,-14.7709],[-39.2712,-14.77],[-39.2702,-14.7693],[-39.2697,-14.7698],[-39.2688,-14.7693],[-39.2683,-14.7701],[-39.2679,-14.7698],[-39.2675,-14.771],[-39.2688,-14.7717],[-39.2692,-14.7724],[-39.2691,-14.7738],[-39.2694,-14.7741],[-39.2695,-14.7748],[-39.2699,-14.775],[-39.2697,-14.7756],[-39.2714,-14.7757],[-39.2722,-14.7761],[-39.2725,-14.7761]]]}},{"type":"Feature","properties":{"c":"b110","b":110,"n":"Nossa Senhora das Graças","m":"2914802","cx":-39.2957,"cy":-14.7944},"geometry":{"type":"Polygon","coordinates":[[[-39.2904,-14.7914],[-39.2904,-14.7982],[-39.2907,-14.7993],[-39.2912,-14.8],[-39.2927,-14.7977],[-39.2934,-14.7976],[-39.2942,-14.7977],[-39.295,-14.7976],[-39.2951,-14.7971],[-39.2963,-14.7974],[-39.2989,-14.7962],[-39.2997,-14.7965],[-39.3004,-14.7961],[-39.301,-14.7947],[-39.3009,-14.7942],[-39.3013,-14.7937],[-39.3022,-14.7922],[-39.3023,-14.7912],[-39.301,-14.7891],[-39.3003,-14.7887],[-39.2994,-14.7885],[-39.2974,-14.7887],[-39.2945,-14.7894],[-39.2928,-14.7905],[-39.2921,-14.7903],[-39.2913,-14.7896],[-39.2904,-14.7895],[-39.2904,-14.7914]]]}},{"type":"Feature","properties":{"c":"b111","b":111,"n":"Nossa Senhora de Fátima","m":"2914802","cx":-39.2689,"cy":-14.777},"geometry":{"type":"Polygon","coordinates":[[[-39.2651,-14.7829],[-39.2668,-14.7833],[-39.2679,-14.7839],[-39.2684,-14.7835],[-39.2704,-14.782],[-39.271,-14.7817],[-39.2717,-14.7819],[-39.2719,-14.7813],[-39.2711,-14.7803],[-39.271,-14.7798],[-39.272,-14.7779],[-39.2722,-14.7761],[-39.2714,-14.7757],[-39.2697,-14.7756],[-39.2699,-14.775],[-39.2695,-14.7748],[-39.2694,-14.7741],[-39.2691,-14.7738],[-39.2692,-14.7724],[-39.2688,-14.7717],[-39.2675,-14.771],[-39.267,-14.7719],[-39.2657,-14.7735],[-39.2659,-14.7736],[-39.2646,-14.775],[-39.2647,-14.7753],[-39.2655,-14.7752],[-39.2659,-14.7756],[-39.2649,-14.7812],[-39.2637,-14.7823],[-39.2651,-14.7829]]]}},{"type":"Feature","properties":{"c":"b112","b":112,"n":"Nova Califórnia","m":"2914802","cx":-39.2596,"cy":-14.7645},"geometry":{"type":"Polygon","coordinates":[[[-39.2631,-14.7642],[-39.2623,-14.7636],[-39.2613,-14.7637],[-39.2619,-14.7609],[-39.2604,-14.7594],[-39.26,-14.7594],[-39.259,-14.7622],[-39.259,-14.7627],[-39.2581,-14.7626],[-39.258,-14.7628],[-39.2559,-14.7641],[-39.2559,-14.7649],[-39.2548,-14.7673],[-39.2551,-14.7692],[-39.2572,-14.7689],[-39.2579,-14.7694],[-39.2586,-14.7672],[-39.2589,-14.7665],[-39.2596,-14.7661],[-39.261,-14.7659],[-39.262,-14.7656],[-39.2634,-14.7648],[-39.2631,-14.7642]]]}},{"type":"Feature","properties":{"c":"b113","b":113,"n":"Nova Esperança","m":"2914802","cx":-39.3502,"cy":-14.846},"geometry":{"type":"MultiPolygon","coordinates":[[[[-39.3512,-14.8484],[-39.3515,-14.8475],[-39.3524,-14.8472],[-39.3528,-14.8468],[-39.3525,-14.8446],[-39.3521,-14.8438],[-39.3515,-14.8435],[-39.351,-14.8438],[-39.3509,-14.8445],[-39.3506,-14.8443],[-39.3493,-14.8448],[-39.3492,-14.8453],[-39.3488,-14.8453],[-39.3479,-14.8445],[-39.3475,-14.8446],[-39.3479,-14.8451],[-39.3475,-14.8473],[-39.347,-14.8483],[-39.3502,-14.8495],[-39.3515,-14.8498],[-39.3512,-14.8484]]],[[[-39.3505,-14.8401],[-39.3483,-14.8396],[-39.3477,-14.8396],[-39.3472,-14.8395],[-39.3463,-14.84],[-39.3474,-14.8414],[-39.3449,-14.843],[-39.3453,-14.8443],[-39.3473,-14.8443],[-39.3478,-14.8442],[-39.3493,-14.8447],[-39.3498,-14.8442],[-39.3498,-14.8433],[-39.3507,-14.8416],[-39.351,-14.8408],[-39.3505,-14.8401]]]]}},{"type":"Feature","properties":{"c":"b114","b":114,"n":"Nova Itabuna","m":"2914802","cx":-39.3035,"cy":-14.8112},"geometry":{"type":"Polygon","coordinates":[[[-39.3114,-14.8177],[-39.3108,-14.8167],[-39.3107,-14.816],[-39.3101,-14.8163],[-39.3095,-14.8158],[-39.3096,-14.813],[-39.3092,-14.8131],[-39.3098,-14.812],[-39.3103,-14.8118],[-39.3095,-14.8111],[-39.308,-14.8102],[-39.3083,-14.809],[-39.3086,-14.8075],[-39.3085,-14.8061],[-39.308,-14.8035],[-39.3075,-14.8015],[-39.2974,-14.8072],[-39.2967,-14.8078],[-39.2963,-14.8075],[-39.297,-14.8089],[-39.2974,-14.8114],[-39.2974,-14.8123],[-39.2972,-14.8138],[-39.2981,-14.8148],[-39.2996,-14.8162],[-39.2996,-14.8161],[-39.3017,-14.8178],[-39.3083,-14.8211],[-39.3088,-14.8211],[-39.3097,-14.8191],[-39.3101,-14.8187],[-39.3109,-14.819],[-39.3114,-14.8177]]]}},{"type":"Feature","properties":{"c":"b115","b":115,"n":"Novo São Caetano","m":"2914802","cx":-39.2735,"cy":-14.8159},"geometry":{"type":"Polygon","coordinates":[[[-39.2769,-14.815],[-39.278,-14.815],[-39.278,-14.8145],[-39.2768,-14.8146],[-39.2765,-14.813],[-39.2763,-14.8129],[-39.2743,-14.8123],[-39.2738,-14.8133],[-39.2707,-14.817],[-39.2703,-14.8175],[-39.2705,-14.8195],[-39.2723,-14.8187],[-39.2727,-14.818],[-39.2733,-14.8173],[-39.274,-14.8178],[-39.2744,-14.8173],[-39.2743,-14.8161],[-39.2766,-14.8158],[-39.2772,-14.8155],[-39.2769,-14.815]]]}},{"type":"Feature","properties":{"c":"b116","b":116,"n":"Novo São Lourenço","m":"2914802","cx":-39.2935,"cy":-14.7817},"geometry":{"type":"Polygon","coordinates":[[[-39.3002,-14.7884],[-39.3021,-14.7855],[-39.2984,-14.7837],[-39.2964,-14.7798],[-39.2963,-14.779],[-39.2907,-14.7727],[-39.2898,-14.7727],[-39.2886,-14.7736],[-39.2883,-14.7745],[-39.2882,-14.7756],[-39.2904,-14.7853],[-39.2905,-14.7871],[-39.2904,-14.7895],[-39.2913,-14.7896],[-39.2921,-14.7903],[-39.2928,-14.7905],[-39.2945,-14.7894],[-39.2974,-14.7887],[-39.2994,-14.7885],[-39.3002,-14.7884]]]}},{"type":"Feature","properties":{"c":"b117","b":117,"n":"Parque Boa Vista","m":"2914802","cx":-39.2585,"cy":-14.7721},"geometry":{"type":"Polygon","coordinates":[[[-39.2579,-14.7694],[-39.2556,-14.7757],[-39.256,-14.7757],[-39.2564,-14.7769],[-39.257,-14.7771],[-39.259,-14.7761],[-39.2598,-14.7757],[-39.2601,-14.7749],[-39.2607,-14.7751],[-39.2609,-14.7748],[-39.2603,-14.7745],[-39.2605,-14.7739],[-39.2617,-14.7745],[-39.2623,-14.7736],[-39.2617,-14.7732],[-39.2625,-14.772],[-39.2614,-14.7717],[-39.2611,-14.7726],[-39.2601,-14.7723],[-39.2604,-14.7716],[-39.26,-14.7715],[-39.2602,-14.7703],[-39.2598,-14.7701],[-39.2599,-14.7694],[-39.2604,-14.7697],[-39.2606,-14.7683],[-39.2599,-14.7678],[-39.2594,-14.7681],[-39.2586,-14.7672],[-39.2579,-14.7694]]]}},{"type":"Feature","properties":{"c":"b118","b":118,"n":"Parque Santa Clara","m":"2914802","cx":-39.2955,"cy":-14.8208},"geometry":{"type":"Polygon","coordinates":[[[-39.2927,-14.8217],[-39.2922,-14.8229],[-39.2955,-14.8244],[-39.2983,-14.8199],[-39.2952,-14.8175],[-39.2942,-14.8194],[-39.2927,-14.8217]]]}},{"type":"Feature","properties":{"c":"b119","b":119,"n":"Parque São João","m":"2914802","cx":-39.2812,"cy":-14.7789},"geometry":{"type":"Polygon","coordinates":[[[-39.2841,-14.7792],[-39.2842,-14.7787],[-39.283,-14.7783],[-39.2827,-14.7763],[-39.2821,-14.7765],[-39.2816,-14.7763],[-39.281,-14.7769],[-39.281,-14.7762],[-39.2803,-14.7757],[-39.2794,-14.7767],[-39.2784,-14.7758],[-39.2777,-14.7759],[-39.2775,-14.7762],[-39.2775,-14.7771],[-39.2772,-14.7785],[-39.2788,-14.7785],[-39.2779,-14.7794],[-39.2775,-14.7792],[-39.2786,-14.781],[-39.2788,-14.7818],[-39.279,-14.7816],[-39.2793,-14.7824],[-39.28,-14.7826],[-39.2809,-14.7825],[-39.2826,-14.7819],[-39.2829,-14.7825],[-39.2834,-14.7806],[-39.284,-14.7808],[-39.2841,-14.7792]]]}},{"type":"Feature","properties":{"c":"b120","b":120,"n":"Parque Verde","m":"2914802","cx":-39.2523,"cy":-14.7731},"geometry":{"type":"Polygon","coordinates":[[[-39.257,-14.7771],[-39.2564,-14.7769],[-39.256,-14.7757],[-39.2556,-14.7757],[-39.2579,-14.7694],[-39.2572,-14.7689],[-39.2551,-14.7692],[-39.2548,-14.7673],[-39.2559,-14.7649],[-39.2559,-14.7641],[-39.258,-14.7628],[-39.2581,-14.7626],[-39.259,-14.7627],[-39.259,-14.7622],[-39.26,-14.7594],[-39.2604,-14.7594],[-39.2618,-14.7558],[-39.2611,-14.7555],[-39.2599,-14.7557],[-39.2576,-14.7547],[-39.2571,-14.7547],[-39.2555,-14.7553],[-39.255,-14.755],[-39.2542,-14.7568],[-39.2539,-14.7578],[-39.2518,-14.7555],[-39.2511,-14.755],[-39.2491,-14.7544],[-39.2483,-14.7542],[-39.2456,-14.7541],[-39.2452,-14.7538],[-39.2441,-14.7537],[-39.2451,-14.7543],[-39.2454,-14.7547],[-39.2457,-14.7558],[-39.2471,-14.7584],[-39.247,-14.7597],[-39.2469,-14.7645],[-39.2466,-14.7668],[-39.2467,-14.768],[-39.2465,-14.7686],[-39.2469,-14.7693],[-39.2482,-14.7726],[-39.248,-14.7737],[-39.2477,-14.776],[-39.2467,-14.7772],[-39.246,-14.7785],[-39.2458,-14.7842],[-39.2479,-14.7849],[-39.248,-14.786],[-39.2478,-14.7867],[-39.2465,-14.7861],[-39.2459,-14.7899],[-39.2458,-14.7909],[-39.2471,-14.791],[-39.2482,-14.7908],[-39.2506,-14.7905],[-39.2526,-14.7909],[-39.253,-14.7915],[-39.2536,-14.7916],[-39.2548,-14.791],[-39.2567,-14.7904],[-39.2575,-14.7903],[-39.2584,-14.7899],[-39.2585,-14.7895],[-39.2594,-14.7884],[-39.2609,-14.7876],[-39.263,-14.787],[-39.2642,-14.7863],[-39.2646,-14.7857],[-39.2648,-14.7853],[-39.2658,-14.7851],[-39.2674,-14.7856],[-39.2679,-14.7839],[-39.2668,-14.7833],[-39.2651,-14.7829],[-39.2637,-14.7823],[-39.2631,-14.7826],[-39.2639,-14.7829],[-39.2641,-14.7834],[-39.263,-14.7837],[-39.2626,-14.7842],[-39.2613,-14.7848],[-39.261,-14.7845],[-39.2592,-14.7861],[-39.259,-14.7846],[-39.2596,-14.7848],[-39.2603,-14.7833],[-39.2612,-14.783],[-39.2614,-14.7822],[-39.2622,-14.7815],[-39.2622,-14.7808],[-39.2627,-14.7785],[-39.2593,-14.7779],[-39.259,-14.7772],[-39.259,-14.7761],[-39.257,-14.7771]]]}},{"type":"Feature","properties":{"c":"b121","b":121,"n":"Pedro Jerônimo","m":"2914802","cx":-39.266,"cy":-14.8049},"geometry":{"type":"Polygon","coordinates":[[[-39.2694,-14.8095],[-39.2695,-14.8082],[-39.2687,-14.8071],[-39.2688,-14.8054],[-39.2683,-14.8044],[-39.2684,-14.8029],[-39.2674,-14.8031],[-39.2674,-14.8038],[-39.2668,-14.8039],[-39.2655,-14.8024],[-39.2645,-14.8028],[-39.2641,-14.8019],[-39.2638,-14.8006],[-39.2635,-14.8003],[-39.263,-14.8003],[-39.2628,-14.8034],[-39.2634,-14.8043],[-39.2634,-14.8059],[-39.2646,-14.8066],[-39.2641,-14.8076],[-39.2646,-14.8078],[-39.2648,-14.8074],[-39.2654,-14.8077],[-39.2651,-14.8088],[-39.2661,-14.8091],[-39.266,-14.8095],[-39.2673,-14.8098],[-39.2673,-14.8102],[-39.2695,-14.8102],[-39.2694,-14.8095]]]}},{"type":"Feature","properties":{"c":"b122","b":122,"n":"Pontalzinho","m":"2914802","cx":-39.279,"cy":-14.7856},"geometry":{"type":"Polygon","coordinates":[[[-39.2834,-14.7806],[-39.2829,-14.7825],[-39.2826,-14.7819],[-39.2809,-14.7825],[-39.28,-14.7826],[-39.2793,-14.7824],[-39.279,-14.7816],[-39.2788,-14.7818],[-39.2783,-14.7824],[-39.2747,-14.7863],[-39.2763,-14.7884],[-39.2774,-14.7891],[-39.2787,-14.7902],[-39.2796,-14.7895],[-39.2801,-14.7887],[-39.2811,-14.7879],[-39.282,-14.7869],[-39.2831,-14.7849],[-39.2833,-14.7831],[-39.284,-14.7808],[-39.2834,-14.7806]]]}},{"type":"Feature","properties":{"c":"b123","b":123,"n":"Roça do Povo","m":"2914802","cx":-39.3636,"cy":-14.8306},"geometry":{"type":"Polygon","coordinates":[[[-39.3616,-14.8225],[-39.3615,-14.8234],[-39.3605,-14.8254],[-39.3601,-14.8259],[-39.3594,-14.8277],[-39.3586,-14.8281],[-39.3588,-14.8292],[-39.3575,-14.8303],[-39.3575,-14.831],[-39.3573,-14.8313],[-39.3577,-14.8324],[-39.3577,-14.8332],[-39.3593,-14.8333],[-39.3592,-14.834],[-39.3585,-14.834],[-39.3581,-14.8344],[-39.3574,-14.8372],[-39.3582,-14.8377],[-39.3587,-14.8391],[-39.3585,-14.8397],[-39.3595,-14.8406],[-39.3603,-14.8406],[-39.3612,-14.8401],[-39.362,-14.8403],[-39.3626,-14.8398],[-39.3624,-14.8394],[-39.3631,-14.8387],[-39.3645,-14.8398],[-39.3654,-14.8398],[-39.3646,-14.8387],[-39.3643,-14.838],[-39.3658,-14.8367],[-39.3675,-14.8361],[-39.3687,-14.8354],[-39.3689,-14.8357],[-39.37,-14.8283],[-39.3703,-14.8275],[-39.3704,-14.8261],[-39.3713,-14.8244],[-39.373,-14.821],[-39.371,-14.8208],[-39.3687,-14.8218],[-39.3645,-14.8219],[-39.3621,-14.822],[-39.3616,-14.8225]]]}},{"type":"Feature","properties":{"c":"b124","b":124,"n":"Santa Catarina","m":"2914802","cx":-39.2901,"cy":-14.8055},"geometry":{"type":"Polygon","coordinates":[[[-39.2885,-14.8027],[-39.2884,-14.803],[-39.2888,-14.8034],[-39.2888,-14.8044],[-39.2881,-14.8049],[-39.2878,-14.8061],[-39.2874,-14.8066],[-39.2868,-14.8069],[-39.2862,-14.8065],[-39.2859,-14.8072],[-39.29,-14.8099],[-39.2908,-14.8099],[-39.2913,-14.8092],[-39.291,-14.8089],[-39.292,-14.8073],[-39.2927,-14.8063],[-39.2903,-14.8014],[-39.2885,-14.8027]]]}},{"type":"Feature","properties":{"c":"b125","b":125,"n":"Santa Inês","m":"2914802","cx":-39.2733,"cy":-14.7666},"geometry":{"type":"Polygon","coordinates":[[[-39.2683,-14.7701],[-39.2688,-14.7693],[-39.2697,-14.7698],[-39.2702,-14.7693],[-39.2712,-14.77],[-39.2708,-14.7709],[-39.2712,-14.7713],[-39.2729,-14.7717],[-39.2734,-14.7726],[-39.2745,-14.7714],[-39.2751,-14.7701],[-39.275,-14.7689],[-39.2761,-14.7681],[-39.2764,-14.7675],[-39.278,-14.7661],[-39.2749,-14.762],[-39.2732,-14.7606],[-39.2726,-14.7607],[-39.2706,-14.7627],[-39.2696,-14.7649],[-39.269,-14.7656],[-39.2694,-14.7671],[-39.2698,-14.7676],[-39.2694,-14.7679],[-39.2683,-14.7672],[-39.268,-14.7673],[-39.2675,-14.7682],[-39.2666,-14.7687],[-39.2679,-14.7698],[-39.2683,-14.7701]]]}},{"type":"Feature","properties":{"c":"b126","b":126,"n":"Santo Antônio","m":"2914802","cx":-39.2856,"cy":-14.7855},"geometry":{"type":"Polygon","coordinates":[[[-39.2904,-14.7895],[-39.2905,-14.7871],[-39.2897,-14.7871],[-39.2881,-14.7861],[-39.2888,-14.7845],[-39.2883,-14.7844],[-39.2877,-14.7833],[-39.2855,-14.782],[-39.2854,-14.7796],[-39.2852,-14.7794],[-39.2841,-14.7792],[-39.284,-14.7808],[-39.2833,-14.7831],[-39.2831,-14.7849],[-39.282,-14.7869],[-39.2811,-14.7879],[-39.2801,-14.7887],[-39.2796,-14.7895],[-39.2787,-14.7902],[-39.2796,-14.7911],[-39.2806,-14.7913],[-39.2811,-14.7916],[-39.2815,-14.792],[-39.2822,-14.792],[-39.2853,-14.7904],[-39.286,-14.7901],[-39.2873,-14.7903],[-39.2902,-14.7906],[-39.2904,-14.7914],[-39.2904,-14.7895]]]}},{"type":"Feature","properties":{"c":"b127","b":127,"n":"Sarinha Alcântara","m":"2914802","cx":-39.2798,"cy":-14.812},"geometry":{"type":"Polygon","coordinates":[[[-39.2834,-14.8112],[-39.2778,-14.8084],[-39.2778,-14.8085],[-39.2771,-14.8103],[-39.2763,-14.8129],[-39.2765,-14.813],[-39.2768,-14.8146],[-39.278,-14.8145],[-39.278,-14.815],[-39.2769,-14.815],[-39.2772,-14.8155],[-39.2788,-14.8154],[-39.2817,-14.8154],[-39.2834,-14.8112]]]}},{"type":"Feature","properties":{"c":"b128","b":128,"n":"Sinval Palmeira","m":"2914802","cx":-39.3132,"cy":-14.8209},"geometry":{"type":"Polygon","coordinates":[[[-39.3111,-14.8203],[-39.3131,-14.8221],[-39.3128,-14.8224],[-39.314,-14.8227],[-39.314,-14.8225],[-39.3141,-14.8215],[-39.3155,-14.8199],[-39.315,-14.8188],[-39.3141,-14.8185],[-39.3128,-14.8184],[-39.312,-14.82],[-39.3111,-14.8196],[-39.3111,-14.8203]]]}},{"type":"Feature","properties":{"c":"b129","b":129,"n":"São Caetano","m":"2914802","cx":-39.2729,"cy":-14.8119},"geometry":{"type":"Polygon","coordinates":[[[-39.2771,-14.8103],[-39.2778,-14.8085],[-39.2756,-14.8074],[-39.2751,-14.8072],[-39.2746,-14.808],[-39.2738,-14.8084],[-39.273,-14.8081],[-39.2729,-14.8069],[-39.271,-14.807],[-39.2691,-14.8069],[-39.2687,-14.8071],[-39.2695,-14.8082],[-39.2694,-14.8095],[-39.2695,-14.8102],[-39.2694,-14.8116],[-39.2688,-14.8122],[-39.2698,-14.8133],[-39.2692,-14.8144],[-39.2702,-14.815],[-39.2707,-14.8142],[-39.2714,-14.8147],[-39.2712,-14.8155],[-39.2705,-14.8168],[-39.2707,-14.817],[-39.2738,-14.8133],[-39.2743,-14.8123],[-39.2763,-14.8129],[-39.2771,-14.8103]]]}},{"type":"Feature","properties":{"c":"b130","b":130,"n":"São Judas","m":"2914802","cx":-39.2616,"cy":-14.7901},"geometry":{"type":"Polygon","coordinates":[[[-39.2456,-14.7932],[-39.2539,-14.7943],[-39.2564,-14.7939],[-39.258,-14.7938],[-39.2586,-14.7934],[-39.259,-14.7946],[-39.2656,-14.793],[-39.2653,-14.7913],[-39.2652,-14.787],[-39.2646,-14.7857],[-39.2642,-14.7863],[-39.263,-14.787],[-39.2609,-14.7876],[-39.2594,-14.7884],[-39.2585,-14.7895],[-39.2584,-14.7899],[-39.2575,-14.7903],[-39.2567,-14.7904],[-39.2548,-14.791],[-39.2536,-14.7916],[-39.253,-14.7915],[-39.2526,-14.7909],[-39.2506,-14.7905],[-39.2482,-14.7908],[-39.2471,-14.791],[-39.2458,-14.7909],[-39.2456,-14.7932]]]}},{"type":"Feature","properties":{"c":"b131","b":131,"n":"São Lourenço","m":"2914802","cx":-39.2874,"cy":-14.7808},"geometry":{"type":"Polygon","coordinates":[[[-39.288,-14.7741],[-39.2871,-14.7744],[-39.2864,-14.7755],[-39.2846,-14.7769],[-39.2844,-14.7772],[-39.2842,-14.7787],[-39.2841,-14.7792],[-39.2852,-14.7794],[-39.2854,-14.7796],[-39.2855,-14.782],[-39.2877,-14.7833],[-39.2883,-14.7844],[-39.2888,-14.7845],[-39.2881,-14.7861],[-39.2897,-14.7871],[-39.2905,-14.7871],[-39.2904,-14.7853],[-39.2882,-14.7756],[-39.2883,-14.7745],[-39.2886,-14.7736],[-39.288,-14.7741]]]}},{"type":"Feature","properties":{"c":"b132","b":132,"n":"São Pedro","m":"2914802","cx":-39.2618,"cy":-14.8013},"geometry":{"type":"Polygon","coordinates":[[[-39.2635,-14.7982],[-39.2638,-14.7982],[-39.2644,-14.7977],[-39.2663,-14.7969],[-39.2665,-14.7971],[-39.2667,-14.7968],[-39.2662,-14.7958],[-39.2656,-14.793],[-39.259,-14.7946],[-39.2586,-14.7934],[-39.258,-14.7938],[-39.2564,-14.7939],[-39.2561,-14.7954],[-39.2569,-14.7966],[-39.2584,-14.797],[-39.258,-14.7985],[-39.2595,-14.7985],[-39.2597,-14.799],[-39.2609,-14.8007],[-39.2606,-14.802],[-39.2606,-14.8031],[-39.2613,-14.8036],[-39.2614,-14.8052],[-39.2616,-14.8063],[-39.2625,-14.8065],[-39.2625,-14.8071],[-39.2619,-14.8086],[-39.2624,-14.8096],[-39.2631,-14.8098],[-39.2627,-14.8095],[-39.2635,-14.8088],[-39.2638,-14.8084],[-39.2634,-14.8068],[-39.2634,-14.8059],[-39.2634,-14.8043],[-39.2628,-14.8034],[-39.263,-14.8003],[-39.2635,-14.8003],[-39.2635,-14.7982]]]}},{"type":"Feature","properties":{"c":"b133","b":133,"n":"São Roque","m":"2914802","cx":-39.282,"cy":-14.773},"geometry":{"type":"Polygon","coordinates":[[[-39.2735,-14.776],[-39.274,-14.7772],[-39.2752,-14.7775],[-39.2766,-14.7779],[-39.2772,-14.7785],[-39.2775,-14.7771],[-39.2775,-14.7762],[-39.2777,-14.7759],[-39.2784,-14.7758],[-39.2794,-14.7767],[-39.2803,-14.7757],[-39.281,-14.7762],[-39.281,-14.7769],[-39.2816,-14.7763],[-39.2821,-14.7765],[-39.2827,-14.7763],[-39.283,-14.7783],[-39.2842,-14.7787],[-39.2844,-14.7772],[-39.2846,-14.7769],[-39.2864,-14.7755],[-39.2871,-14.7744],[-39.288,-14.7741],[-39.2886,-14.7736],[-39.2898,-14.7727],[-39.2884,-14.7711],[-39.2875,-14.7706],[-39.2838,-14.7703],[-39.2828,-14.77],[-39.2811,-14.7691],[-39.2799,-14.7683],[-39.2789,-14.7672],[-39.2777,-14.7682],[-39.2766,-14.7684],[-39.2759,-14.7689],[-39.2757,-14.7694],[-39.2755,-14.7719],[-39.2753,-14.7725],[-39.2744,-14.7734],[-39.274,-14.7747],[-39.2728,-14.7751],[-39.2725,-14.7761],[-39.2735,-14.776]]]}},{"type":"Feature","properties":{"c":"b134","b":134,"n":"Top Park","m":"2914802","cx":-39.3136,"cy":-14.8246},"geometry":{"type":"Polygon","coordinates":[[[-39.314,-14.8227],[-39.3128,-14.8224],[-39.3124,-14.822],[-39.3113,-14.8231],[-39.3109,-14.8233],[-39.314,-14.8263],[-39.3148,-14.8255],[-39.315,-14.8237],[-39.3155,-14.8227],[-39.315,-14.8225],[-39.314,-14.8225],[-39.314,-14.8227]]]}},{"type":"Feature","properties":{"c":"b135","b":135,"n":"Urbis IV","m":"2914802","cx":-39.3087,"cy":-14.8212},"geometry":{"type":"Polygon","coordinates":[[[-39.3131,-14.8221],[-39.3111,-14.8203],[-39.3111,-14.8196],[-39.3113,-14.8191],[-39.3109,-14.819],[-39.3101,-14.8187],[-39.3097,-14.8191],[-39.3088,-14.8211],[-39.3083,-14.8211],[-39.3017,-14.8178],[-39.2996,-14.8161],[-39.2996,-14.8162],[-39.2981,-14.8148],[-39.2972,-14.8138],[-39.2961,-14.8158],[-39.3025,-14.8196],[-39.304,-14.8203],[-39.3055,-14.8213],[-39.3087,-14.8235],[-39.3096,-14.8242],[-39.3101,-14.8251],[-39.3134,-14.8274],[-39.3146,-14.8285],[-39.3154,-14.8276],[-39.314,-14.8263],[-39.3109,-14.8233],[-39.3113,-14.8231],[-39.3124,-14.822],[-39.3128,-14.8224],[-39.3131,-14.8221]]]}},{"type":"Feature","properties":{"c":"b136","b":136,"n":"Vale do Sol","m":"2914802","cx":-39.2658,"cy":-14.8151},"geometry":{"type":"Polygon","coordinates":[[[-39.2613,-14.8163],[-39.2614,-14.8183],[-39.2635,-14.8198],[-39.2637,-14.8199],[-39.2646,-14.8185],[-39.2654,-14.8184],[-39.2656,-14.8175],[-39.2667,-14.8171],[-39.2673,-14.8161],[-39.2683,-14.8156],[-39.2692,-14.8144],[-39.2698,-14.8133],[-39.2688,-14.8122],[-39.2694,-14.8116],[-39.269,-14.8109],[-39.267,-14.8113],[-39.267,-14.8118],[-39.2651,-14.8121],[-39.2652,-14.8127],[-39.2629,-14.8132],[-39.2623,-14.8138],[-39.2627,-14.8148],[-39.2633,-14.8154],[-39.2629,-14.816],[-39.2613,-14.8163]]]}},{"type":"Feature","properties":{"c":"b137","b":137,"n":"Vila Anália","m":"2914802","cx":-39.2745,"cy":-14.8198},"geometry":{"type":"Polygon","coordinates":[[[-39.2788,-14.8154],[-39.2772,-14.8155],[-39.2766,-14.8158],[-39.2743,-14.8161],[-39.2744,-14.8173],[-39.274,-14.8178],[-39.2733,-14.8173],[-39.2727,-14.818],[-39.2723,-14.8187],[-39.2705,-14.8195],[-39.2714,-14.8207],[-39.2733,-14.8225],[-39.2739,-14.8227],[-39.2758,-14.8241],[-39.2768,-14.8226],[-39.2773,-14.8217],[-39.2768,-14.8204],[-39.277,-14.8201],[-39.278,-14.8206],[-39.2785,-14.8195],[-39.2784,-14.8187],[-39.2788,-14.8189],[-39.2795,-14.8174],[-39.2805,-14.8182],[-39.2817,-14.8154],[-39.2788,-14.8154]]]}},{"type":"Feature","properties":{"c":"b138","b":138,"n":"Villa Maria","m":"2914802","cx":-39.2983,"cy":-14.8782},"geometry":{"type":"Polygon","coordinates":[[[-39.2913,-14.8301],[-39.2908,-14.8313],[-39.29,-14.8322],[-39.2888,-14.8341],[-39.2876,-14.8375],[-39.2867,-14.8392],[-39.2844,-14.8433],[-39.283,-14.8456],[-39.2823,-14.8475],[-39.2809,-14.8521],[-39.28,-14.8554],[-39.2801,-14.8574],[-39.2799,-14.8584],[-39.2785,-14.8632],[-39.2789,-14.8646],[-39.2815,-14.868],[-39.2817,-14.8687],[-39.2817,-14.8697],[-39.2815,-14.8706],[-39.2807,-14.8719],[-39.2803,-14.8735],[-39.2805,-14.8745],[-39.282,-14.8779],[-39.2825,-14.8798],[-39.2832,-14.885],[-39.2836,-14.8859],[-39.2843,-14.8865],[-39.2859,-14.8877],[-39.2868,-14.8887],[-39.2889,-14.8964],[-39.2888,-14.8983],[-39.2889,-14.9014],[-39.2893,-14.9034],[-39.2888,-14.9082],[-39.289,-14.9098],[-39.2902,-14.9131],[-39.2926,-14.9202],[-39.2929,-14.921],[-39.2951,-14.924],[-39.2992,-14.9295],[-39.3002,-14.9311],[-39.3009,-14.9309],[-39.302,-14.9299],[-39.3022,-14.9286],[-39.3023,-14.9265],[-39.3018,-14.9255],[-39.3018,-14.925],[-39.3024,-14.9222],[-39.3033,-14.9208],[-39.3053,-14.9183],[-39.306,-14.9161],[-39.3066,-14.9158],[-39.3132,-14.9239],[-39.3136,-14.923],[-39.3133,-14.9198],[-39.3134,-14.9191],[-39.3138,-14.9186],[-39.3148,-14.9167],[-39.3151,-14.9157],[-39.3148,-14.9141],[-39.3149,-14.9134],[-39.3167,-14.9088],[-39.3172,-14.9059],[-39.317,-14.9029],[-39.3172,-14.9017],[-39.3177,-14.901],[-39.3202,-14.8989],[-39.321,-14.8979],[-39.3215,-14.8962],[-39.3223,-14.8952],[-39.3232,-14.8947],[-39.3235,-14.8941],[-39.3236,-14.8927],[-39.3241,-14.8915],[-39.3235,-14.8905],[-39.3237,-14.8895],[-39.3246,-14.8882],[-39.3251,-14.8865],[-39.3247,-14.8852],[-39.3243,-14.8847],[-39.3233,-14.8841],[-39.3219,-14.8837],[-39.3206,-14.8821],[-39.3208,-14.8809],[-39.3206,-14.8805],[-39.3187,-14.8803],[-39.3179,-14.8796],[-39.317,-14.8785],[-39.3148,-14.8785],[-39.3133,-14.8773],[-39.3117,-14.8768],[-39.3104,-14.8748],[-39.3105,-14.8735],[-39.3097,-14.8725],[-39.3098,-14.8718],[-39.3088,-14.8703],[-39.3095,-14.8684],[-39.3103,-14.8645],[-39.3107,-14.8635],[-39.3117,-14.8619],[-39.3116,-14.861],[-39.3101,-14.8585],[-39.3093,-14.8575],[-39.3066,-14.8553],[-39.3053,-14.8548],[-39.3045,-14.8538],[-39.3034,-14.8531],[-39.3024,-14.851],[-39.3012,-14.8502],[-39.2998,-14.8495],[-39.2997,-14.8491],[-39.3003,-14.8475],[-39.2998,-14.8466],[-39.2997,-14.8457],[-39.3008,-14.8445],[-39.3006,-14.8428],[-39.3007,-14.8422],[-39.3008,-14.8405],[-39.3,-14.8394],[-39.2985,-14.8386],[-39.2984,-14.8369],[-39.2986,-14.8351],[-39.2988,-14.833],[-39.299,-14.8317],[-39.2998,-14.8308],[-39.3008,-14.8303],[-39.3008,-14.8297],[-39.2997,-14.8285],[-39.2997,-14.8275],[-39.3005,-14.8263],[-39.3006,-14.8253],[-39.2994,-14.8253],[-39.2917,-14.8255],[-39.2913,-14.8301]]]}},{"type":"Feature","properties":{"c":"b139","b":139,"n":"Zildolândia","m":"2914802","cx":-39.2818,"cy":-14.796},"geometry":{"type":"Polygon","coordinates":[[[-39.2841,-14.7956],[-39.2831,-14.795],[-39.2817,-14.793],[-39.2801,-14.7932],[-39.2795,-14.7935],[-39.2801,-14.7941],[-39.2798,-14.7947],[-39.2803,-14.7953],[-39.2793,-14.7969],[-39.2805,-14.7986],[-39.2809,-14.799],[-39.282,-14.7975],[-39.2835,-14.7965],[-39.2841,-14.7956]]]}},{"type":"Feature","properties":{"c":"b140","b":140,"n":"Zizo","m":"2914802","cx":-39.266,"cy":-14.8004},"geometry":{"type":"Polygon","coordinates":[[[-39.2663,-14.7969],[-39.2644,-14.7977],[-39.2638,-14.7982],[-39.2635,-14.7982],[-39.2635,-14.8003],[-39.2638,-14.8006],[-39.2641,-14.8019],[-39.2645,-14.8028],[-39.2655,-14.8024],[-39.2668,-14.8039],[-39.2674,-14.8038],[-39.2674,-14.8031],[-39.2684,-14.8029],[-39.2691,-14.8021],[-39.2682,-14.8002],[-39.2678,-14.7991],[-39.268,-14.7983],[-39.2678,-14.7975],[-39.2679,-14.7969],[-39.2671,-14.7968],[-39.2665,-14.7971],[-39.2663,-14.7969]]]}},{"type":"Feature","properties":{"c":"b141","b":141,"n":"Alagadiço","m":"2918407","cx":-40.504,"cy":-9.4178},"geometry":{"type":"Polygon","coordinates":[[[-40.5011,-9.4188],[-40.5013,-9.4202],[-40.5016,-9.4202],[-40.505,-9.4192],[-40.5055,-9.4207],[-40.5074,-9.4203],[-40.5073,-9.4187],[-40.5067,-9.4161],[-40.5062,-9.4136],[-40.5031,-9.4139],[-40.5034,-9.4146],[-40.5,-9.4155],[-40.5006,-9.417],[-40.5011,-9.4188]]]}},{"type":"Feature","properties":{"c":"b142","b":142,"n":"Alto da Aliança","m":"2918407","cx":-40.4986,"cy":-9.4476},"geometry":{"type":"Polygon","coordinates":[[[-40.4953,-9.4469],[-40.4981,-9.4483],[-40.4967,-9.4513],[-40.4988,-9.4517],[-40.5,-9.4518],[-40.5003,-9.4503],[-40.5007,-9.4464],[-40.5004,-9.4463],[-40.5006,-9.4458],[-40.4996,-9.4453],[-40.5004,-9.4436],[-40.4975,-9.4422],[-40.4953,-9.4469]]]}},{"type":"Feature","properties":{"c":"b143","b":143,"n":"Alto da Maravilha","m":"2918407","cx":-40.5039,"cy":-9.4224},"geometry":{"type":"Polygon","coordinates":[[[-40.5074,-9.4203],[-40.5055,-9.4207],[-40.505,-9.4192],[-40.5016,-9.4202],[-40.5013,-9.4202],[-40.5008,-9.4227],[-40.5004,-9.4244],[-40.5006,-9.4253],[-40.5013,-9.4255],[-40.505,-9.4248],[-40.5056,-9.4253],[-40.5055,-9.4258],[-40.5065,-9.4237],[-40.5065,-9.4236],[-40.5071,-9.422],[-40.5074,-9.4203]]]}},{"type":"Feature","properties":{"c":"b144","b":144,"n":"Alto do Alencar","m":"2918407","cx":-40.4937,"cy":-9.4341},"geometry":{"type":"Polygon","coordinates":[[[-40.4918,-9.4316],[-40.4919,-9.4325],[-40.49,-9.4349],[-40.4913,-9.4358],[-40.4952,-9.4376],[-40.4972,-9.4334],[-40.4974,-9.433],[-40.4951,-9.4321],[-40.495,-9.4327],[-40.4941,-9.4323],[-40.4931,-9.4315],[-40.4922,-9.4316],[-40.4918,-9.4316]]]}},{"type":"Feature","properties":{"c":"b145","b":145,"n":"Alto do Cruzeiro","m":"2918407","cx":-40.4956,"cy":-9.4291},"geometry":{"type":"Polygon","coordinates":[[[-40.4931,-9.4315],[-40.4941,-9.4323],[-40.495,-9.4327],[-40.4951,-9.4321],[-40.4974,-9.433],[-40.4989,-9.43],[-40.4994,-9.4283],[-40.4997,-9.4272],[-40.4988,-9.4267],[-40.4977,-9.4266],[-40.4966,-9.427],[-40.4964,-9.4273],[-40.4968,-9.4277],[-40.4946,-9.4277],[-40.4931,-9.4276],[-40.4919,-9.4279],[-40.4922,-9.4316],[-40.4931,-9.4315]]]}},{"type":"Feature","properties":{"c":"b146","b":146,"n":"Antônio Conselheiro","m":"2918407","cx":-40.5209,"cy":-9.4451},"geometry":{"type":"Polygon","coordinates":[[[-40.525,-9.4406],[-40.5248,-9.4419],[-40.5204,-9.4415],[-40.5203,-9.4426],[-40.5193,-9.442],[-40.5164,-9.4413],[-40.515,-9.441],[-40.5155,-9.439],[-40.5156,-9.4378],[-40.5131,-9.4372],[-40.5106,-9.4476],[-40.5106,-9.4479],[-40.5111,-9.4488],[-40.5099,-9.4495],[-40.5107,-9.4516],[-40.5158,-9.4513],[-40.5199,-9.4511],[-40.5211,-9.4509],[-40.5271,-9.4492],[-40.5318,-9.4479],[-40.5323,-9.448],[-40.5286,-9.4413],[-40.525,-9.4406]]]}},{"type":"Feature","properties":{"c":"b147","b":147,"n":"Antônio Guilhermino","m":"2918407","cx":-40.4993,"cy":-9.4608},"geometry":{"type":"Polygon","coordinates":[[[-40.4978,-9.4657],[-40.4996,-9.4624],[-40.5012,-9.4591],[-40.4994,-9.4583],[-40.4961,-9.4648],[-40.4978,-9.4657]]]}},{"type":"Feature","properties":{"c":"b148","b":148,"n":"Argemiro","m":"2918407","cx":-40.5165,"cy":-9.4375},"geometry":{"type":"Polygon","coordinates":[[[-40.5143,-9.4323],[-40.5131,-9.4372],[-40.5156,-9.4378],[-40.5155,-9.439],[-40.515,-9.441],[-40.5164,-9.4413],[-40.5193,-9.442],[-40.5203,-9.4426],[-40.5204,-9.4415],[-40.5204,-9.4403],[-40.5206,-9.439],[-40.5185,-9.4385],[-40.5193,-9.4353],[-40.5199,-9.4336],[-40.5143,-9.4323]]]}},{"type":"Feature","properties":{"c":"b149","b":149,"n":"Cajueiro","m":"2918407","cx":-40.4922,"cy":-9.4136},"geometry":{"type":"Polygon","coordinates":[[[-40.4969,-9.4146],[-40.4945,-9.4156],[-40.4942,-9.4151],[-40.4965,-9.4139],[-40.4963,-9.4134],[-40.4961,-9.4121],[-40.4957,-9.409],[-40.495,-9.4093],[-40.4872,-9.4123],[-40.4881,-9.414],[-40.4896,-9.4167],[-40.4886,-9.4171],[-40.4896,-9.4179],[-40.49,-9.4188],[-40.491,-9.4181],[-40.4935,-9.4164],[-40.4945,-9.4158],[-40.4946,-9.4161],[-40.4971,-9.4151],[-40.497,-9.4149],[-40.4969,-9.4146]]]}},{"type":"Feature","properties":{"c":"b150","b":150,"n":"Campus Universitário","m":"2918407","cx":-40.4846,"cy":-9.4175},"geometry":{"type":"Polygon","coordinates":[[[-40.4773,-9.4231],[-40.4797,-9.4229],[-40.4827,-9.4223],[-40.4836,-9.4223],[-40.4851,-9.4217],[-40.4875,-9.4203],[-40.49,-9.4188],[-40.4896,-9.4179],[-40.4886,-9.4171],[-40.4896,-9.4167],[-40.4881,-9.414],[-40.4872,-9.4123],[-40.4839,-9.414],[-40.4818,-9.4163],[-40.4778,-9.4193],[-40.4743,-9.4208],[-40.4748,-9.423],[-40.4755,-9.4231],[-40.4773,-9.4231]]]}},{"type":"Feature","properties":{"c":"b151","b":151,"n":"Castelo Branco","m":"2918407","cx":-40.4946,"cy":-9.4381},"geometry":{"type":"Polygon","coordinates":[[[-40.4913,-9.4399],[-40.4936,-9.441],[-40.4929,-9.4427],[-40.4972,-9.4385],[-40.4996,-9.4361],[-40.5001,-9.4349],[-40.4987,-9.4344],[-40.4983,-9.4353],[-40.4983,-9.4338],[-40.4972,-9.4334],[-40.4952,-9.4376],[-40.4913,-9.4358],[-40.4908,-9.4369],[-40.4919,-9.4374],[-40.4916,-9.4382],[-40.4909,-9.4378],[-40.4907,-9.4382],[-40.4903,-9.438],[-40.4897,-9.4392],[-40.4913,-9.4399]]]}},{"type":"Feature","properties":{"c":"b152","b":152,"n":"Centenário","m":"2918407","cx":-40.4944,"cy":-9.4198},"geometry":{"type":"Polygon","coordinates":[[[-40.4972,-9.4177],[-40.4942,-9.4178],[-40.4925,-9.4185],[-40.4927,-9.4189],[-40.4917,-9.4193],[-40.4931,-9.4218],[-40.4933,-9.4223],[-40.4961,-9.4212],[-40.4968,-9.4214],[-40.4968,-9.4204],[-40.4969,-9.4183],[-40.4978,-9.4182],[-40.4977,-9.4178],[-40.4972,-9.4177]]]}},{"type":"Feature","properties":{"c":"b153","b":153,"n":"Centro","m":"2918407","cx":-40.5009,"cy":-9.4118},"geometry":{"type":"Polygon","coordinates":[[[-40.5062,-9.4136],[-40.5057,-9.4114],[-40.5051,-9.4086],[-40.5015,-9.4093],[-40.4972,-9.4086],[-40.4957,-9.409],[-40.4961,-9.4121],[-40.4963,-9.4134],[-40.4965,-9.4139],[-40.4942,-9.4151],[-40.4945,-9.4156],[-40.4969,-9.4146],[-40.497,-9.4149],[-40.5017,-9.4134],[-40.5018,-9.4137],[-40.5028,-9.4133],[-40.5031,-9.4139],[-40.5062,-9.4136]]]}},{"type":"Feature","properties":{"c":"b154","b":154,"n":"Coreia","m":"2918407","cx":-40.497,"cy":-9.4162},"geometry":{"type":"Polygon","coordinates":[[[-40.4992,-9.4175],[-40.5006,-9.417],[-40.5,-9.4155],[-40.5034,-9.4146],[-40.5031,-9.4139],[-40.5028,-9.4133],[-40.5018,-9.4137],[-40.5017,-9.4134],[-40.497,-9.4149],[-40.4971,-9.4151],[-40.4946,-9.4161],[-40.4945,-9.4158],[-40.4935,-9.4164],[-40.491,-9.4181],[-40.4917,-9.4193],[-40.4927,-9.4189],[-40.4925,-9.4185],[-40.4942,-9.4178],[-40.4972,-9.4177],[-40.4977,-9.4178],[-40.4992,-9.4175]]]}},{"type":"Feature","properties":{"c":"b155","b":155,"n":"Country Club","m":"2918407","cx":-40.5191,"cy":-9.4177},"geometry":{"type":"Polygon","coordinates":[[[-40.5201,-9.4123],[-40.5184,-9.4111],[-40.518,-9.4136],[-40.5176,-9.4156],[-40.5169,-9.4205],[-40.5191,-9.4211],[-40.5203,-9.4213],[-40.5204,-9.4199],[-40.5214,-9.4153],[-40.522,-9.4128],[-40.5201,-9.4123]]]}},{"type":"Feature","properties":{"c":"b156","b":156,"n":"Distrito Industrial","m":"2918407","cx":-40.4853,"cy":-9.4692},"geometry":{"type":"Polygon","coordinates":[[[-40.4994,-9.4583],[-40.5012,-9.4591],[-40.4996,-9.4624],[-40.4978,-9.4657],[-40.4982,-9.466],[-40.4988,-9.4672],[-40.5035,-9.4651],[-40.5037,-9.4652],[-40.5068,-9.4638],[-40.5084,-9.4632],[-40.5089,-9.4629],[-40.5087,-9.4617],[-40.5065,-9.46],[-40.5061,-9.4589],[-40.506,-9.4568],[-40.5058,-9.4557],[-40.5057,-9.4547],[-40.5053,-9.4537],[-40.5052,-9.4524],[-40.5053,-9.4518],[-40.503,-9.452],[-40.5,-9.4518],[-40.4988,-9.4517],[-40.4967,-9.4513],[-40.4936,-9.4504],[-40.4905,-9.449],[-40.4901,-9.449],[-40.4895,-9.4497],[-40.4888,-9.4512],[-40.4864,-9.4563],[-40.4852,-9.4589],[-40.4825,-9.4645],[-40.4735,-9.4835],[-40.4706,-9.4895],[-40.474,-9.491],[-40.4756,-9.4876],[-40.4765,-9.4858],[-40.4824,-9.4737],[-40.4829,-9.4742],[-40.4841,-9.4737],[-40.4867,-9.4726],[-40.4877,-9.4739],[-40.4882,-9.474],[-40.491,-9.4755],[-40.4921,-9.4735],[-40.4901,-9.4724],[-40.4901,-9.4711],[-40.4905,-9.4673],[-40.4925,-9.4633],[-40.4931,-9.4633],[-40.4961,-9.4648],[-40.4994,-9.4583]]]}},{"type":"Feature","properties":{"c":"b157","b":157,"n":"Dom José Rodrigues","m":"2918407","cx":-40.5137,"cy":-9.457},"geometry":{"type":"Polygon","coordinates":[[[-40.5107,-9.4516],[-40.5106,-9.4517],[-40.5136,-9.4602],[-40.5145,-9.4595],[-40.5154,-9.4585],[-40.5143,-9.4556],[-40.514,-9.4555],[-40.5143,-9.4546],[-40.5159,-9.4545],[-40.5158,-9.4513],[-40.5107,-9.4516]]]}},{"type":"Feature","properties":{"c":"b158","b":158,"n":"Dom Tomaz","m":"2918407","cx":-40.4902,"cy":-9.4371},"geometry":{"type":"Polygon","coordinates":[[[-40.4883,-9.4385],[-40.4897,-9.4392],[-40.4903,-9.438],[-40.4907,-9.4382],[-40.4909,-9.4378],[-40.4916,-9.4382],[-40.4919,-9.4374],[-40.4908,-9.4369],[-40.4913,-9.4358],[-40.49,-9.4349],[-40.4899,-9.4352],[-40.4883,-9.4385]]]}},{"type":"Feature","properties":{"c":"b159","b":159,"n":"Itaberaba","m":"2918407","cx":-40.4736,"cy":-9.4697},"geometry":{"type":"Polygon","coordinates":[[[-40.4897,-9.449],[-40.4892,-9.4483],[-40.488,-9.4477],[-40.4879,-9.4472],[-40.4872,-9.4458],[-40.4861,-9.4435],[-40.4841,-9.4448],[-40.4824,-9.4461],[-40.4821,-9.4465],[-40.4817,-9.4471],[-40.4793,-9.4496],[-40.4799,-9.45],[-40.4792,-9.4513],[-40.4801,-9.4518],[-40.4778,-9.4544],[-40.4693,-9.4562],[-40.4695,-9.4567],[-40.4711,-9.4639],[-40.4689,-9.4671],[-40.4654,-9.4722],[-40.457,-9.4845],[-40.4506,-9.4936],[-40.4497,-9.4951],[-40.4562,-9.4912],[-40.4584,-9.4944],[-40.4606,-9.4956],[-40.4624,-9.4936],[-40.4657,-9.4897],[-40.4698,-9.4912],[-40.4706,-9.4895],[-40.4735,-9.4835],[-40.4825,-9.4645],[-40.4852,-9.4589],[-40.4864,-9.4563],[-40.4888,-9.4512],[-40.4895,-9.4497],[-40.4897,-9.449]]]}},{"type":"Feature","properties":{"c":"b160","b":160,"n":"Jardim Flórida","m":"2918407","cx":-40.5114,"cy":-9.4293},"geometry":{"type":"Polygon","coordinates":[[[-40.5076,-9.4281],[-40.508,-9.4313],[-40.5129,-9.4319],[-40.5143,-9.4323],[-40.5148,-9.4303],[-40.5153,-9.4284],[-40.514,-9.4272],[-40.51,-9.4269],[-40.5074,-9.4267],[-40.5076,-9.4281]]]}},{"type":"Feature","properties":{"c":"b161","b":161,"n":"Jardim Novo Encontro","m":"2918407","cx":-40.4932,"cy":-9.4234},"geometry":{"type":"Polygon","coordinates":[[[-40.4961,-9.4212],[-40.4933,-9.4223],[-40.4931,-9.4218],[-40.4917,-9.4193],[-40.4898,-9.4209],[-40.4888,-9.4214],[-40.488,-9.4216],[-40.4876,-9.422],[-40.4888,-9.4218],[-40.4891,-9.4223],[-40.49,-9.4215],[-40.4907,-9.4239],[-40.4915,-9.4272],[-40.4918,-9.4277],[-40.4919,-9.4279],[-40.4931,-9.4276],[-40.4946,-9.4277],[-40.4968,-9.4277],[-40.4964,-9.4273],[-40.4962,-9.4271],[-40.4958,-9.4255],[-40.4959,-9.4249],[-40.4949,-9.4238],[-40.4966,-9.423],[-40.4968,-9.4214],[-40.4961,-9.4212]]]}},{"type":"Feature","properties":{"c":"b162","b":162,"n":"Jardim Primavera","m":"2918407","cx":-40.4176,"cy":-9.4556},"geometry":{"type":"Polygon","coordinates":[[[-40.4213,-9.4531],[-40.4202,-9.4528],[-40.4197,-9.4515],[-40.4156,-9.4517],[-40.4142,-9.4564],[-40.4203,-9.4583],[-40.4208,-9.4548],[-40.4213,-9.4531]]]}},{"type":"Feature","properties":{"c":"b163","b":163,"n":"Jardim São Paulo","m":"2918407","cx":-40.4991,"cy":-9.4373},"geometry":{"type":"Polygon","coordinates":[[[-40.4972,-9.4385],[-40.4986,-9.4399],[-40.5005,-9.436],[-40.5016,-9.434],[-40.5015,-9.4339],[-40.4996,-9.4361],[-40.4972,-9.4385]]]}},{"type":"Feature","properties":{"c":"b164","b":164,"n":"Jardim Vitória","m":"2918407","cx":-40.513,"cy":-9.4265},"geometry":{"type":"Polygon","coordinates":[[[-40.5065,-9.4236],[-40.5065,-9.4237],[-40.5069,-9.4242],[-40.5074,-9.4267],[-40.51,-9.4269],[-40.514,-9.4272],[-40.5153,-9.4284],[-40.5148,-9.4303],[-40.5159,-9.4306],[-40.5162,-9.4291],[-40.5182,-9.4283],[-40.5201,-9.4273],[-40.5183,-9.4263],[-40.5151,-9.4242],[-40.5134,-9.4222],[-40.5129,-9.4224],[-40.5071,-9.422],[-40.5065,-9.4236]]]}},{"type":"Feature","properties":{"c":"b165","b":165,"n":"Jardim dos Universitários","m":"2918407","cx":-40.4897,"cy":-9.4198},"geometry":{"type":"Polygon","coordinates":[[[-40.4875,-9.4203],[-40.488,-9.4216],[-40.4888,-9.4214],[-40.4898,-9.4209],[-40.4917,-9.4193],[-40.491,-9.4181],[-40.49,-9.4188],[-40.4875,-9.4203]]]}},{"type":"Feature","properties":{"c":"b166","b":166,"n":"João Paulo II","m":"2918407","cx":-40.4974,"cy":-9.4764},"geometry":{"type":"Polygon","coordinates":[[[-40.4963,-9.4683],[-40.4963,-9.4685],[-40.4901,-9.4711],[-40.4901,-9.4724],[-40.4921,-9.4735],[-40.4942,-9.4748],[-40.4946,-9.4743],[-40.4959,-9.4747],[-40.4954,-9.4773],[-40.495,-9.4773],[-40.4947,-9.479],[-40.4943,-9.4806],[-40.4938,-9.4803],[-40.4934,-9.482],[-40.4929,-9.4819],[-40.4916,-9.4843],[-40.4915,-9.4853],[-40.4987,-9.487],[-40.4987,-9.486],[-40.4985,-9.4853],[-40.4991,-9.4836],[-40.4981,-9.4833],[-40.4986,-9.4815],[-40.4994,-9.4755],[-40.5,-9.4725],[-40.5005,-9.4709],[-40.5008,-9.4706],[-40.5009,-9.4695],[-40.5011,-9.4671],[-40.4994,-9.4678],[-40.4994,-9.4684],[-40.4989,-9.4683],[-40.4988,-9.4672],[-40.4963,-9.4683]]]}},{"type":"Feature","properties":{"c":"b167","b":167,"n":"João XXIII","m":"2918407","cx":-40.5007,"cy":-9.4315},"geometry":{"type":"Polygon","coordinates":[[[-40.5017,-9.435],[-40.5019,-9.4343],[-40.504,-9.4299],[-40.5041,-9.4287],[-40.5055,-9.4258],[-40.5056,-9.4253],[-40.505,-9.4248],[-40.5013,-9.4255],[-40.5006,-9.4258],[-40.4999,-9.4266],[-40.4997,-9.4272],[-40.4994,-9.4283],[-40.4989,-9.43],[-40.4974,-9.433],[-40.4972,-9.4334],[-40.4983,-9.4338],[-40.4983,-9.4353],[-40.4987,-9.4344],[-40.5001,-9.4349],[-40.4996,-9.4361],[-40.5015,-9.4339],[-40.5016,-9.434],[-40.5017,-9.435]]]}},{"type":"Feature","properties":{"c":"b168","b":168,"n":"Lomanto Júnior","m":"2918407","cx":-40.4982,"cy":-9.4251},"geometry":{"type":"Polygon","coordinates":[[[-40.5006,-9.4253],[-40.5004,-9.4244],[-40.5008,-9.4227],[-40.5,-9.4234],[-40.4976,-9.4244],[-40.4959,-9.4249],[-40.4958,-9.4255],[-40.4962,-9.4271],[-40.4964,-9.4273],[-40.4966,-9.427],[-40.4977,-9.4266],[-40.4988,-9.4267],[-40.4997,-9.4272],[-40.4999,-9.4266],[-40.5006,-9.4258],[-40.5013,-9.4255],[-40.5006,-9.4253]]]}},{"type":"Feature","properties":{"c":"b169","b":169,"n":"Malhada da Areia","m":"2918407","cx":-40.5032,"cy":-9.4429},"geometry":{"type":"Polygon","coordinates":[[[-40.503,-9.452],[-40.5053,-9.4518],[-40.5107,-9.4516],[-40.5099,-9.4495],[-40.5086,-9.4464],[-40.5069,-9.4413],[-40.506,-9.4388],[-40.5045,-9.4393],[-40.5048,-9.4365],[-40.5048,-9.4362],[-40.5036,-9.4361],[-40.5017,-9.4352],[-40.5017,-9.435],[-40.5016,-9.434],[-40.5005,-9.436],[-40.4986,-9.4399],[-40.4975,-9.4422],[-40.5004,-9.4436],[-40.4996,-9.4453],[-40.5006,-9.4458],[-40.5004,-9.4463],[-40.5007,-9.4464],[-40.5003,-9.4503],[-40.5,-9.4518],[-40.503,-9.452]]]}},{"type":"Feature","properties":{"c":"b170","b":170,"n":"Maringá","m":"2918407","cx":-40.514,"cy":-9.4164},"geometry":{"type":"Polygon","coordinates":[[[-40.5105,-9.4173],[-40.512,-9.4179],[-40.5126,-9.4185],[-40.5137,-9.4189],[-40.5144,-9.4189],[-40.5157,-9.4199],[-40.5169,-9.4205],[-40.5176,-9.4156],[-40.518,-9.4136],[-40.5143,-9.4136],[-40.5119,-9.4134],[-40.5105,-9.4129],[-40.5103,-9.4137],[-40.5103,-9.4147],[-40.5105,-9.4173]]]}},{"type":"Feature","properties":{"c":"b171","b":171,"n":"Monte Castelo","m":"2918407","cx":-40.4908,"cy":-9.4298},"geometry":{"type":"Polygon","coordinates":[[[-40.4918,-9.4277],[-40.4908,-9.428],[-40.4897,-9.4277],[-40.4892,-9.4346],[-40.4899,-9.4352],[-40.49,-9.4349],[-40.4919,-9.4325],[-40.4918,-9.4316],[-40.4922,-9.4316],[-40.4919,-9.4279],[-40.4918,-9.4277]]]}},{"type":"Feature","properties":{"c":"b172","b":172,"n":"Mussambê","m":"2918407","cx":-40.5099,"cy":-9.4186},"geometry":{"type":"Polygon","coordinates":[[[-40.5082,-9.4154],[-40.5067,-9.4161],[-40.5073,-9.4187],[-40.5074,-9.4203],[-40.5071,-9.422],[-40.5129,-9.4224],[-40.5134,-9.4222],[-40.5129,-9.4215],[-40.5125,-9.4201],[-40.512,-9.4195],[-40.5126,-9.4185],[-40.512,-9.4179],[-40.5105,-9.4173],[-40.5103,-9.4147],[-40.5082,-9.4154]]]}},{"type":"Feature","properties":{"c":"b173","b":173,"n":"Nossa Senhora da Penha","m":"2918407","cx":-40.5142,"cy":-9.42},"geometry":{"type":"Polygon","coordinates":[[[-40.5157,-9.4199],[-40.5144,-9.4189],[-40.5137,-9.4189],[-40.5126,-9.4185],[-40.512,-9.4195],[-40.5125,-9.4201],[-40.5129,-9.4215],[-40.5135,-9.4214],[-40.5153,-9.4209],[-40.5164,-9.4208],[-40.5169,-9.4205],[-40.5157,-9.4199]]]}},{"type":"Feature","properties":{"c":"b174","b":174,"n":"Nossa Senhora das Grotas","m":"2918407","cx":-40.5183,"cy":-9.4312},"geometry":{"type":"Polygon","coordinates":[[[-40.5143,-9.4323],[-40.5199,-9.4336],[-40.523,-9.4343],[-40.5237,-9.4346],[-40.5223,-9.4319],[-40.5212,-9.4296],[-40.5201,-9.4273],[-40.5182,-9.4283],[-40.5162,-9.4291],[-40.5159,-9.4306],[-40.5148,-9.4303],[-40.5143,-9.4323]]]}},{"type":"Feature","properties":{"c":"b175","b":175,"n":"Nova Esperança","m":"2918407","cx":-40.5227,"cy":-9.4377},"geometry":{"type":"Polygon","coordinates":[[[-40.5193,-9.4353],[-40.5185,-9.4385],[-40.5206,-9.439],[-40.5204,-9.4403],[-40.5204,-9.4415],[-40.5248,-9.4419],[-40.525,-9.4406],[-40.5286,-9.4413],[-40.5275,-9.439],[-40.5263,-9.4369],[-40.5257,-9.4361],[-40.5246,-9.435],[-40.5237,-9.4346],[-40.523,-9.4343],[-40.5199,-9.4336],[-40.5193,-9.4353]]]}},{"type":"Feature","properties":{"c":"b176","b":176,"n":"Padre Vicente","m":"2918407","cx":-40.5096,"cy":-9.4439},"geometry":{"type":"Polygon","coordinates":[[[-40.509,-9.4362],[-40.5093,-9.4349],[-40.5048,-9.4365],[-40.5045,-9.4393],[-40.506,-9.4388],[-40.5069,-9.4413],[-40.5086,-9.4464],[-40.5099,-9.4495],[-40.5111,-9.4488],[-40.5106,-9.4479],[-40.5106,-9.4476],[-40.5131,-9.4372],[-40.509,-9.4362]]]}},{"type":"Feature","properties":{"c":"b177","b":177,"n":"Palmares","m":"2918407","cx":-40.5248,"cy":-9.4247},"geometry":{"type":"Polygon","coordinates":[[[-40.5281,-9.4239],[-40.5296,-9.4256],[-40.5315,-9.4236],[-40.5307,-9.4228],[-40.5345,-9.4174],[-40.5317,-9.415],[-40.5291,-9.4139],[-40.5241,-9.4134],[-40.522,-9.4128],[-40.5214,-9.4153],[-40.5204,-9.4199],[-40.5203,-9.4213],[-40.5223,-9.4216],[-40.5213,-9.4258],[-40.5205,-9.426],[-40.5211,-9.4271],[-40.5212,-9.4273],[-40.5227,-9.4273],[-40.5235,-9.4272],[-40.5257,-9.4272],[-40.5254,-9.4286],[-40.5239,-9.4289],[-40.5212,-9.4296],[-40.5223,-9.4319],[-40.5237,-9.4346],[-40.5246,-9.435],[-40.5257,-9.4361],[-40.5263,-9.4369],[-40.5259,-9.4357],[-40.5267,-9.432],[-40.5276,-9.4271],[-40.5281,-9.4239]]]}},{"type":"Feature","properties":{"c":"b178","b":178,"n":"Parque Residencial Juazeiro","m":"2918407","cx":-40.4658,"cy":-9.498},"geometry":{"type":"Polygon","coordinates":[[[-40.491,-9.4755],[-40.4882,-9.474],[-40.4877,-9.4739],[-40.4867,-9.4726],[-40.4841,-9.4737],[-40.4829,-9.4742],[-40.4824,-9.4737],[-40.4765,-9.4858],[-40.4756,-9.4876],[-40.474,-9.491],[-40.4706,-9.4895],[-40.4698,-9.4912],[-40.4657,-9.4897],[-40.4624,-9.4936],[-40.4606,-9.4956],[-40.4584,-9.4944],[-40.4562,-9.4912],[-40.4497,-9.4951],[-40.4506,-9.4936],[-40.457,-9.4845],[-40.4654,-9.4722],[-40.4689,-9.4671],[-40.4711,-9.4639],[-40.4695,-9.4567],[-40.4693,-9.4562],[-40.461,-9.4581],[-40.4388,-9.4629],[-40.4379,-9.4628],[-40.4353,-9.4621],[-40.424,-9.4591],[-40.4238,-9.4597],[-40.423,-9.4599],[-40.4217,-9.4606],[-40.4212,-9.4611],[-40.4206,-9.4612],[-40.4201,-9.4622],[-40.4191,-9.463],[-40.4182,-9.4635],[-40.4174,-9.4644],[-40.416,-9.4652],[-40.4162,-9.4659],[-40.4158,-9.4661],[-40.4154,-9.4668],[-40.4152,-9.4677],[-40.4147,-9.4686],[-40.4155,-9.47],[-40.4153,-9.4704],[-40.4156,-9.471],[-40.4155,-9.4719],[-40.4145,-9.4738],[-40.4132,-9.4745],[-40.4125,-9.4744],[-40.4118,-9.4746],[-40.4114,-9.4756],[-40.4102,-9.4766],[-40.4094,-9.4775],[-40.4089,-9.4778],[-40.4081,-9.4786],[-40.4071,-9.4799],[-40.4072,-9.4805],[-40.4067,-9.4811],[-40.4067,-9.4816],[-40.4062,-9.4826],[-40.4061,-9.4844],[-40.4058,-9.4847],[-40.4059,-9.4852],[-40.4056,-9.486],[-40.4051,-9.4864],[-40.4045,-9.4863],[-40.4033,-9.4877],[-40.4028,-9.4887],[-40.402,-9.4895],[-40.4011,-9.4897],[-40.4005,-9.4903],[-40.3993,-9.4911],[-40.3993,-9.4922],[-40.399,-9.493],[-40.3982,-9.4938],[-40.3976,-9.494],[-40.3971,-9.4945],[-40.3961,-9.4947],[-40.3956,-9.4953],[-40.3949,-9.4958],[-40.3941,-9.4972],[-40.394,-9.4989],[-40.3926,-9.4991],[-40.3918,-9.4996],[-40.3915,-9.5001],[-40.3914,-9.5009],[-40.3906,-9.5018],[-40.3896,-9.5024],[-40.3895,-9.5041],[-40.3891,-9.5046],[-40.3893,-9.505],[-40.3887,-9.5063],[-40.3885,-9.5081],[-40.389,-9.5098],[-40.3887,-9.5101],[-40.3873,-9.5108],[-40.3872,-9.5118],[-40.387,-9.5122],[-40.3861,-9.5126],[-40.3856,-9.5137],[-40.3843,-9.5148],[-40.3837,-9.516],[-40.3828,-9.5168],[-40.3828,-9.5178],[-40.3833,-9.518],[-40.383,-9.5183],[-40.3831,-9.5194],[-40.3834,-9.5204],[-40.3833,-9.5221],[-40.3828,-9.5222],[-40.3825,-9.523],[-40.383,-9.5241],[-40.3832,-9.5266],[-40.383,-9.5281],[-40.3827,-9.5286],[-40.3831,-9.529],[-40.3828,-9.5297],[-40.383,-9.5308],[-40.3833,-9.5315],[-40.3835,-9.5334],[-40.3833,-9.5339],[-40.3838,-9.5348],[-40.3845,-9.5354],[-40.3846,-9.5368],[-40.3848,-9.5374],[-40.3848,-9.5399],[-40.3859,-9.5413],[-40.3857,-9.5429],[-40.3853,-9.5432],[-40.5789,-9.4858],[-40.5792,-9.4856],[-40.5787,-9.4837],[-40.5787,-9.483],[-40.5794,-9.4812],[-40.5801,-9.4804],[-40.5828,-9.4786],[-40.5837,-9.4774],[-40.584,-9.4764],[-40.5835,-9.475],[-40.5826,-9.4738],[-40.5815,-9.4676],[-40.5766,-9.4677],[-40.5749,-9.4674],[-40.5727,-9.4669],[-40.5652,-9.464],[-40.5558,-9.4579],[-40.5527,-9.4547],[-40.5507,-9.4522],[-40.5503,-9.4518],[-40.539,-9.4606],[-40.5418,-9.4658],[-40.5427,-9.4675],[-40.5355,-9.4695],[-40.5362,-9.4708],[-40.5348,-9.4714],[-40.5337,-9.4733],[-40.5335,-9.4741],[-40.539,-9.4767],[-40.5374,-9.4807],[-40.5358,-9.4824],[-40.5346,-9.4839],[-40.5322,-9.4841],[-40.5309,-9.4836],[-40.527,-9.484],[-40.5261,-9.4819],[-40.5221,-9.4831],[-40.5211,-9.4818],[-40.5154,-9.481],[-40.5157,-9.4841],[-40.5161,-9.4884],[-40.5111,-9.487],[-40.5121,-9.493],[-40.5034,-9.491],[-40.4919,-9.4885],[-40.4915,-9.4853],[-40.4916,-9.4843],[-40.4929,-9.4819],[-40.4934,-9.482],[-40.4938,-9.4803],[-40.4943,-9.4806],[-40.4947,-9.479],[-40.495,-9.4773],[-40.4954,-9.4773],[-40.4959,-9.4747],[-40.4946,-9.4743],[-40.4942,-9.4748],[-40.4921,-9.4735],[-40.491,-9.4755]]]}},{"type":"Feature","properties":{"c":"b179","b":179,"n":"Parque do Centenário","m":"2918407","cx":-40.4889,"cy":-9.4262},"geometry":{"type":"Polygon","coordinates":[[[-40.4866,-9.4249],[-40.4867,-9.4255],[-40.4861,-9.4257],[-40.4868,-9.4267],[-40.4867,-9.4271],[-40.4897,-9.4277],[-40.4908,-9.428],[-40.4918,-9.4277],[-40.4915,-9.4272],[-40.4907,-9.4239],[-40.4866,-9.4249]]]}},{"type":"Feature","properties":{"c":"b180","b":180,"n":"Pedra do Lord","m":"2918407","cx":-40.5358,"cy":-9.4248},"geometry":{"type":"Polygon","coordinates":[[[-40.531,-9.4278],[-40.5318,-9.4277],[-40.533,-9.4293],[-40.5338,-9.4298],[-40.5346,-9.4313],[-40.5368,-9.4306],[-40.5426,-9.4289],[-40.5418,-9.426],[-40.5408,-9.424],[-40.5382,-9.4206],[-40.5345,-9.4174],[-40.5307,-9.4228],[-40.5315,-9.4236],[-40.5296,-9.4256],[-40.5281,-9.4239],[-40.5276,-9.4271],[-40.531,-9.4278]]]}},{"type":"Feature","properties":{"c":"b181","b":181,"n":"Pedro Raimundo","m":"2918407","cx":-40.5094,"cy":-9.4578},"geometry":{"type":"Polygon","coordinates":[[[-40.5052,-9.4524],[-40.5053,-9.4537],[-40.5057,-9.4547],[-40.5058,-9.4557],[-40.506,-9.4568],[-40.5061,-9.4589],[-40.5065,-9.46],[-40.5087,-9.4617],[-40.5089,-9.4629],[-40.5099,-9.4626],[-40.5118,-9.4615],[-40.5136,-9.4602],[-40.5106,-9.4517],[-40.5107,-9.4516],[-40.5053,-9.4518],[-40.5052,-9.4524]]]}},{"type":"Feature","properties":{"c":"b182","b":182,"n":"Piranga","m":"2918407","cx":-40.5058,"cy":-9.4306},"geometry":{"type":"Polygon","coordinates":[[[-40.5017,-9.4352],[-40.5036,-9.4361],[-40.5048,-9.4362],[-40.5048,-9.4365],[-40.5093,-9.4349],[-40.509,-9.4362],[-40.5131,-9.4372],[-40.5143,-9.4323],[-40.5129,-9.4319],[-40.508,-9.4313],[-40.5076,-9.4281],[-40.5074,-9.4267],[-40.5069,-9.4242],[-40.5065,-9.4237],[-40.5055,-9.4258],[-40.5041,-9.4287],[-40.504,-9.4299],[-40.5019,-9.4343],[-40.5017,-9.435],[-40.5017,-9.4352]]]}},{"type":"Feature","properties":{"c":"b183","b":183,"n":"Quidé","m":"2918407","cx":-40.523,"cy":-9.4279},"geometry":{"type":"Polygon","coordinates":[[[-40.5201,-9.4273],[-40.5212,-9.4296],[-40.5239,-9.4289],[-40.5254,-9.4286],[-40.5257,-9.4272],[-40.5235,-9.4272],[-40.5227,-9.4273],[-40.5212,-9.4273],[-40.5211,-9.4271],[-40.5201,-9.4273]]]}},{"type":"Feature","properties":{"c":"b184","b":184,"n":"Santa Maria Goretti","m":"2918407","cx":-40.499,"cy":-9.4209},"geometry":{"type":"Polygon","coordinates":[[[-40.5011,-9.4188],[-40.5006,-9.417],[-40.4992,-9.4175],[-40.4977,-9.4178],[-40.4978,-9.4182],[-40.4969,-9.4183],[-40.4968,-9.4204],[-40.4968,-9.4214],[-40.4966,-9.423],[-40.4949,-9.4238],[-40.4959,-9.4249],[-40.4976,-9.4244],[-40.5,-9.4234],[-40.5008,-9.4227],[-40.5013,-9.4202],[-40.5011,-9.4188]]]}},{"type":"Feature","properties":{"c":"b185","b":185,"n":"Santo Antônio","m":"2918407","cx":-40.5121,"cy":-9.4121},"geometry":{"type":"Polygon","coordinates":[[[-40.5184,-9.4111],[-40.5138,-9.4081],[-40.5107,-9.4072],[-40.5063,-9.4084],[-40.5051,-9.4086],[-40.5057,-9.4114],[-40.5062,-9.4136],[-40.5067,-9.4161],[-40.5082,-9.4154],[-40.5103,-9.4147],[-40.5103,-9.4137],[-40.5105,-9.4129],[-40.5119,-9.4134],[-40.5143,-9.4136],[-40.518,-9.4136],[-40.5184,-9.4111]]]}},{"type":"Feature","properties":{"c":"b186","b":186,"n":"Sol Levante","m":"2918407","cx":-40.4839,"cy":-9.4365},"geometry":{"type":"Polygon","coordinates":[[[-40.4882,-9.4449],[-40.4872,-9.4444],[-40.4888,-9.4413],[-40.4903,-9.442],[-40.4913,-9.4399],[-40.4897,-9.4392],[-40.4883,-9.4385],[-40.4899,-9.4352],[-40.4892,-9.4346],[-40.4897,-9.4277],[-40.4867,-9.4271],[-40.483,-9.4263],[-40.4826,-9.4263],[-40.4765,-9.4272],[-40.4747,-9.4267],[-40.4736,-9.4313],[-40.4756,-9.4318],[-40.4755,-9.4322],[-40.4764,-9.4325],[-40.4758,-9.4346],[-40.4777,-9.4351],[-40.4775,-9.4362],[-40.4796,-9.4368],[-40.4794,-9.4387],[-40.4794,-9.4403],[-40.48,-9.4428],[-40.4807,-9.4441],[-40.4802,-9.4464],[-40.4812,-9.4466],[-40.4816,-9.4462],[-40.4821,-9.4465],[-40.4824,-9.4461],[-40.4841,-9.4448],[-40.4861,-9.4435],[-40.4872,-9.4458],[-40.4882,-9.4449]]]}},{"type":"Feature","properties":{"c":"b187","b":187,"n":"São Geraldo","m":"2918407","cx":-40.483,"cy":-9.4235},"geometry":{"type":"Polygon","coordinates":[[[-40.49,-9.4215],[-40.4891,-9.4223],[-40.4888,-9.4218],[-40.4876,-9.422],[-40.488,-9.4216],[-40.4875,-9.4203],[-40.4851,-9.4217],[-40.4836,-9.4223],[-40.4827,-9.4223],[-40.4797,-9.4229],[-40.4773,-9.4231],[-40.4755,-9.4231],[-40.4747,-9.4267],[-40.4765,-9.4272],[-40.4826,-9.4263],[-40.483,-9.4263],[-40.4867,-9.4271],[-40.4868,-9.4267],[-40.4861,-9.4257],[-40.4867,-9.4255],[-40.4866,-9.4249],[-40.4907,-9.4239],[-40.49,-9.4215]]]}},{"type":"Feature","properties":{"c":"b188","b":188,"n":"Tabuleiro","m":"2918407","cx":-40.4753,"cy":-9.4349},"geometry":{"type":"Polygon","coordinates":[[[-40.4731,-9.4336],[-40.4732,-9.4335],[-40.4744,-9.436],[-40.4745,-9.438],[-40.4769,-9.4385],[-40.477,-9.4381],[-40.4794,-9.4387],[-40.4796,-9.4368],[-40.4775,-9.4362],[-40.4777,-9.4351],[-40.4758,-9.4346],[-40.4764,-9.4325],[-40.4755,-9.4322],[-40.4756,-9.4318],[-40.4736,-9.4313],[-40.4731,-9.4336]]]}},{"type":"Feature","properties":{"c":"b189","b":189,"n":"Tancredo Neves","m":"2918407","cx":-40.4899,"cy":-9.4439},"geometry":{"type":"Polygon","coordinates":[[[-40.4936,-9.441],[-40.4913,-9.4399],[-40.4903,-9.442],[-40.4888,-9.4413],[-40.4872,-9.4444],[-40.4882,-9.4449],[-40.4872,-9.4458],[-40.4879,-9.4472],[-40.488,-9.4477],[-40.4892,-9.4483],[-40.4901,-9.4483],[-40.4904,-9.4478],[-40.492,-9.4444],[-40.4928,-9.4434],[-40.4929,-9.4427],[-40.4936,-9.441]]]}},{"type":"Feature","properties":{"c":"b190","b":190,"n":"Usina Aliança","m":"2918407","cx":-40.4936,"cy":-9.4456},"geometry":{"type":"Polygon","coordinates":[[[-40.4928,-9.4434],[-40.492,-9.4444],[-40.4904,-9.4478],[-40.4901,-9.4483],[-40.4892,-9.4483],[-40.4897,-9.449],[-40.4895,-9.4497],[-40.4901,-9.449],[-40.4905,-9.449],[-40.4936,-9.4504],[-40.4953,-9.4469],[-40.4975,-9.4422],[-40.4986,-9.4399],[-40.4972,-9.4385],[-40.4929,-9.4427],[-40.4928,-9.4434]]]}},{"type":"Feature","properties":{"c":"b191","b":191,"n":"Vila Santa Fé","m":"2918407","cx":-40.4947,"cy":-9.4666},"geometry":{"type":"Polygon","coordinates":[[[-40.4963,-9.4685],[-40.4963,-9.4683],[-40.4988,-9.4672],[-40.4982,-9.466],[-40.4978,-9.4657],[-40.4961,-9.4648],[-40.4931,-9.4633],[-40.4925,-9.4633],[-40.4905,-9.4673],[-40.4901,-9.4711],[-40.4963,-9.4685]]]}},{"type":"Feature","properties":{"c":"b192","b":192,"n":"Vila Tiradentes","m":"2918407","cx":-40.4959,"cy":-9.4493},"geometry":{"type":"Polygon","coordinates":[[[-40.4967,-9.4513],[-40.4981,-9.4483],[-40.4953,-9.4469],[-40.4936,-9.4504],[-40.4967,-9.4513]]]}},{"type":"Feature","properties":{"c":"b193","b":193,"n":"Água Bela","m":"2918407","cx":-40.5181,"cy":-9.4232},"geometry":{"type":"Polygon","coordinates":[[[-40.5205,-9.426],[-40.5213,-9.4258],[-40.5223,-9.4216],[-40.5203,-9.4213],[-40.5191,-9.4211],[-40.5169,-9.4205],[-40.5164,-9.4208],[-40.5153,-9.4209],[-40.5135,-9.4214],[-40.5129,-9.4215],[-40.5134,-9.4222],[-40.5151,-9.4242],[-40.5183,-9.4263],[-40.5201,-9.4273],[-40.5211,-9.4271],[-40.5205,-9.426]]]}},{"type":"Feature","properties":{"c":"b194","b":194,"n":"Aracuí","m":"2919207","cx":-38.3093,"cy":-12.891},"geometry":{"type":"Polygon","coordinates":[[[-38.3124,-12.8891],[-38.3109,-12.8897],[-38.3078,-12.8916],[-38.3069,-12.8919],[-38.3051,-12.8923],[-38.3059,-12.8934],[-38.3067,-12.894],[-38.3074,-12.8922],[-38.308,-12.8922],[-38.3106,-12.8904],[-38.311,-12.8903],[-38.3121,-12.8895],[-38.3132,-12.8895],[-38.3139,-12.889],[-38.3133,-12.8885],[-38.3124,-12.8891]]]}},{"type":"Feature","properties":{"c":"b195","b":195,"n":"Areia Branca","m":"2919207","cx":-38.348,"cy":-12.8347},"geometry":{"type":"Polygon","coordinates":[[[-38.3383,-12.8493],[-38.3414,-12.8503],[-38.3428,-12.851],[-38.3442,-12.8519],[-38.3455,-12.8529],[-38.3469,-12.8543],[-38.3485,-12.8552],[-38.3492,-12.8561],[-38.3504,-12.8579],[-38.3507,-12.8587],[-38.3516,-12.8599],[-38.3535,-12.8606],[-38.3531,-12.8598],[-38.3538,-12.8587],[-38.3522,-12.8529],[-38.3525,-12.8466],[-38.3534,-12.8403],[-38.3534,-12.8391],[-38.3547,-12.8356],[-38.357,-12.8332],[-38.3531,-12.8281],[-38.3489,-12.8226],[-38.3485,-12.8219],[-38.3479,-12.8206],[-38.3474,-12.8175],[-38.3467,-12.8133],[-38.3463,-12.8095],[-38.3458,-12.8093],[-38.345,-12.8097],[-38.344,-12.8096],[-38.3427,-12.8108],[-38.3424,-12.8111],[-38.3409,-12.8101],[-38.3404,-12.8106],[-38.3401,-12.812],[-38.3399,-12.8124],[-38.3394,-12.8125],[-38.3385,-12.8121],[-38.3377,-12.8128],[-38.3365,-12.8129],[-38.3356,-12.8122],[-38.3342,-12.8119],[-38.3328,-12.812],[-38.3323,-12.8123],[-38.332,-12.8141],[-38.3321,-12.8149],[-38.3324,-12.8158],[-38.3334,-12.817],[-38.333,-12.8182],[-38.3317,-12.8186],[-38.3297,-12.8185],[-38.328,-12.818],[-38.3274,-12.8181],[-38.333,-12.8217],[-38.3344,-12.8221],[-38.3349,-12.823],[-38.3366,-12.8234],[-38.337,-12.8233],[-38.3378,-12.8221],[-38.3386,-12.822],[-38.3383,-12.8241],[-38.3382,-12.8252],[-38.338,-12.8255],[-38.3371,-12.8262],[-38.3376,-12.8274],[-38.3382,-12.8285],[-38.339,-12.8291],[-38.3396,-12.8299],[-38.3404,-12.8306],[-38.3414,-12.8325],[-38.3415,-12.8336],[-38.3409,-12.8344],[-38.3399,-12.8351],[-38.3399,-12.8356],[-38.3402,-12.8362],[-38.3411,-12.8388],[-38.3396,-12.8399],[-38.3389,-12.8405],[-38.3382,-12.8416],[-38.3383,-12.8428],[-38.3379,-12.8436],[-38.3372,-12.8442],[-38.3366,-12.8452],[-38.3359,-12.846],[-38.3343,-12.8474],[-38.3338,-12.848],[-38.3326,-12.8483],[-38.3331,-12.8492],[-38.3383,-12.8493]]]}},{"type":"Feature","properties":{"c":"b196","b":196,"n":"Barro Duro","m":"2919207","cx":-38.3611,"cy":-12.8212},"geometry":{"type":"Polygon","coordinates":[[[-38.374,-12.8201],[-38.3728,-12.8184],[-38.3719,-12.8181],[-38.3701,-12.8174],[-38.3692,-12.8173],[-38.3673,-12.8176],[-38.3664,-12.8173],[-38.3658,-12.8161],[-38.3647,-12.8155],[-38.3637,-12.8152],[-38.3629,-12.8147],[-38.3621,-12.8148],[-38.3612,-12.8156],[-38.3604,-12.8165],[-38.3593,-12.8164],[-38.3588,-12.8155],[-38.3573,-12.8146],[-38.3567,-12.8146],[-38.3556,-12.8143],[-38.355,-12.8133],[-38.3548,-12.8123],[-38.354,-12.8123],[-38.3536,-12.812],[-38.3533,-12.8112],[-38.3527,-12.8108],[-38.3513,-12.8108],[-38.3493,-12.8099],[-38.3472,-12.8097],[-38.3463,-12.8095],[-38.3467,-12.8133],[-38.3474,-12.8175],[-38.3479,-12.8206],[-38.3485,-12.8219],[-38.3489,-12.8226],[-38.3531,-12.8281],[-38.357,-12.8331],[-38.3588,-12.8315],[-38.3615,-12.8304],[-38.3624,-12.8295],[-38.3646,-12.8281],[-38.3659,-12.8273],[-38.367,-12.8263],[-38.3678,-12.8263],[-38.3703,-12.8271],[-38.3712,-12.8265],[-38.3717,-12.8258],[-38.3731,-12.8246],[-38.374,-12.8243],[-38.374,-12.8201]]]}},{"type":"Feature","properties":{"c":"b197","b":197,"n":"Buraquinho","m":"2919207","cx":-38.2915,"cy":-12.8739},"geometry":{"type":"Polygon","coordinates":[[[-38.306,-12.8778],[-38.3056,-12.8762],[-38.3053,-12.8755],[-38.3052,-12.8745],[-38.3059,-12.8742],[-38.3018,-12.8705],[-38.3006,-12.8696],[-38.2992,-12.8689],[-38.2976,-12.8679],[-38.295,-12.8665],[-38.2937,-12.8654],[-38.2923,-12.8634],[-38.2915,-12.8628],[-38.2904,-12.8622],[-38.2894,-12.8637],[-38.2893,-12.8643],[-38.2903,-12.8666],[-38.2906,-12.8678],[-38.2913,-12.8691],[-38.2912,-12.8699],[-38.2906,-12.8705],[-38.2901,-12.8705],[-38.2889,-12.8709],[-38.2868,-12.8708],[-38.2852,-12.8704],[-38.2845,-12.8692],[-38.2834,-12.8692],[-38.2822,-12.8697],[-38.2812,-12.8705],[-38.28,-12.8708],[-38.2791,-12.8706],[-38.2782,-12.8707],[-38.2779,-12.8714],[-38.2779,-12.8729],[-38.2776,-12.8738],[-38.2771,-12.8741],[-38.2754,-12.8745],[-38.2752,-12.8753],[-38.2756,-12.876],[-38.2776,-12.8766],[-38.2788,-12.8775],[-38.2794,-12.8785],[-38.2798,-12.8786],[-38.2808,-12.8782],[-38.2817,-12.8786],[-38.282,-12.879],[-38.2819,-12.88],[-38.2827,-12.8799],[-38.2841,-12.8823],[-38.2852,-12.8833],[-38.2853,-12.8844],[-38.2856,-12.8848],[-38.2853,-12.8852],[-38.2862,-12.8857],[-38.2872,-12.8847],[-38.289,-12.8843],[-38.2896,-12.8837],[-38.2898,-12.8824],[-38.2945,-12.8803],[-38.2951,-12.8804],[-38.2968,-12.883],[-38.3,-12.8817],[-38.3058,-12.8793],[-38.306,-12.8778]]]}},{"type":"Feature","properties":{"c":"b198","b":198,"n":"Caixa D'água","m":"2919207","cx":-38.3214,"cy":-12.8699},"geometry":{"type":"Polygon","coordinates":[[[-38.3265,-12.873],[-38.3264,-12.8724],[-38.3257,-12.8722],[-38.3254,-12.8725],[-38.3249,-12.8725],[-38.3243,-12.8714],[-38.3237,-12.8715],[-38.323,-12.8703],[-38.3233,-12.8695],[-38.3258,-12.8671],[-38.3264,-12.8662],[-38.3264,-12.8653],[-38.3259,-12.8639],[-38.3245,-12.8625],[-38.3238,-12.8613],[-38.3204,-12.859],[-38.3209,-12.8599],[-38.3208,-12.8612],[-38.3196,-12.8623],[-38.3194,-12.8635],[-38.3195,-12.8662],[-38.3195,-12.8676],[-38.3197,-12.872],[-38.3197,-12.8737],[-38.3195,-12.8748],[-38.3185,-12.8776],[-38.3179,-12.8788],[-38.3193,-12.8795],[-38.3197,-12.8802],[-38.3207,-12.88],[-38.3209,-12.8806],[-38.3229,-12.8802],[-38.323,-12.8812],[-38.326,-12.8814],[-38.3263,-12.8808],[-38.3279,-12.8786],[-38.3264,-12.878],[-38.3251,-12.8778],[-38.3234,-12.8771],[-38.3233,-12.8768],[-38.3239,-12.8753],[-38.3247,-12.8741],[-38.3249,-12.8735],[-38.3253,-12.8735],[-38.3262,-12.8743],[-38.3272,-12.8733],[-38.3265,-12.873]]]}},{"type":"Feature","properties":{"c":"b199","b":199,"n":"Caji","m":"2919207","cx":-38.345,"cy":-12.8748},"geometry":{"type":"Polygon","coordinates":[[[-38.3523,-12.8745],[-38.3512,-12.8731],[-38.3505,-12.8719],[-38.3511,-12.8712],[-38.3522,-12.8695],[-38.3525,-12.8689],[-38.3514,-12.8677],[-38.3522,-12.8666],[-38.3519,-12.8659],[-38.352,-12.8653],[-38.3529,-12.8636],[-38.3532,-12.8632],[-38.3541,-12.8626],[-38.3542,-12.8622],[-38.3535,-12.8606],[-38.3516,-12.8599],[-38.3507,-12.8587],[-38.3504,-12.8608],[-38.3505,-12.8618],[-38.349,-12.8628],[-38.3488,-12.8632],[-38.3464,-12.8646],[-38.3456,-12.8653],[-38.3438,-12.8666],[-38.3411,-12.8681],[-38.342,-12.8685],[-38.3424,-12.8695],[-38.3432,-12.8706],[-38.344,-12.8703],[-38.3452,-12.8709],[-38.3455,-12.8714],[-38.3455,-12.8721],[-38.345,-12.8728],[-38.3439,-12.8731],[-38.3432,-12.8729],[-38.3409,-12.8717],[-38.3403,-12.8716],[-38.3392,-12.8719],[-38.3388,-12.8723],[-38.3384,-12.8735],[-38.3368,-12.8755],[-38.336,-12.8763],[-38.3364,-12.8772],[-38.337,-12.8782],[-38.3364,-12.8788],[-38.3365,-12.8796],[-38.3369,-12.8802],[-38.3364,-12.8807],[-38.3358,-12.8804],[-38.335,-12.882],[-38.3343,-12.8827],[-38.3334,-12.8829],[-38.3326,-12.8834],[-38.3324,-12.8839],[-38.3315,-12.8845],[-38.332,-12.8857],[-38.3319,-12.8859],[-38.3324,-12.8867],[-38.3333,-12.8863],[-38.3353,-12.8857],[-38.335,-12.8862],[-38.3328,-12.8889],[-38.335,-12.8892],[-38.3345,-12.8907],[-38.3334,-12.8898],[-38.3328,-12.8904],[-38.3331,-12.8913],[-38.334,-12.8915],[-38.3346,-12.8913],[-38.3353,-12.8914],[-38.3359,-12.891],[-38.3366,-12.891],[-38.3381,-12.8904],[-38.3382,-12.8907],[-38.3387,-12.8903],[-38.3394,-12.89],[-38.3395,-12.8903],[-38.3418,-12.8891],[-38.3423,-12.8881],[-38.344,-12.8878],[-38.3459,-12.8858],[-38.3467,-12.8855],[-38.3454,-12.884],[-38.3466,-12.8828],[-38.35,-12.8788],[-38.3513,-12.8788],[-38.3509,-12.8782],[-38.3512,-12.8775],[-38.352,-12.8765],[-38.3525,-12.8764],[-38.3531,-12.8752],[-38.3523,-12.8745]]]}},{"type":"Feature","properties":{"c":"b200","b":200,"n":"Capelão","m":"2919207","cx":-38.3538,"cy":-12.8634},"geometry":{"type":"Polygon","coordinates":[[[-38.3542,-12.8622],[-38.3541,-12.8626],[-38.3532,-12.8632],[-38.3529,-12.8636],[-38.352,-12.8653],[-38.3519,-12.8659],[-38.3522,-12.8666],[-38.353,-12.8669],[-38.3533,-12.8677],[-38.3547,-12.8685],[-38.3546,-12.8655],[-38.3544,-12.8612],[-38.3538,-12.8587],[-38.3531,-12.8598],[-38.3535,-12.8606],[-38.3542,-12.8622]]]}},{"type":"Feature","properties":{"c":"b201","b":201,"n":"Centro","m":"2919207","cx":-38.3238,"cy":-12.8962},"geometry":{"type":"Polygon","coordinates":[[[-38.312,-12.8974],[-38.3126,-12.8981],[-38.3135,-12.8973],[-38.3144,-12.8963],[-38.3147,-12.8962],[-38.3167,-12.8967],[-38.3213,-12.8971],[-38.3193,-12.8995],[-38.317,-12.9016],[-38.3179,-12.9024],[-38.3186,-12.902],[-38.32,-12.9002],[-38.3226,-12.9002],[-38.3247,-12.9009],[-38.3267,-12.8981],[-38.3273,-12.8978],[-38.3282,-12.8989],[-38.3291,-12.8995],[-38.3299,-12.9001],[-38.3315,-12.9019],[-38.3321,-12.9034],[-38.3332,-12.9035],[-38.3343,-12.9041],[-38.3355,-12.9033],[-38.3363,-12.9036],[-38.3377,-12.9034],[-38.3388,-12.9034],[-38.3394,-12.906],[-38.341,-12.9069],[-38.3419,-12.9058],[-38.3432,-12.9044],[-38.3433,-12.9041],[-38.3433,-12.9035],[-38.3415,-12.9024],[-38.3381,-12.8989],[-38.3374,-12.8984],[-38.3338,-12.8973],[-38.3331,-12.8968],[-38.3305,-12.8934],[-38.3292,-12.8921],[-38.329,-12.8926],[-38.3281,-12.8937],[-38.3256,-12.895],[-38.3245,-12.8926],[-38.3204,-12.8892],[-38.3199,-12.8884],[-38.3198,-12.8873],[-38.3195,-12.8864],[-38.3187,-12.8857],[-38.3183,-12.8859],[-38.3163,-12.8864],[-38.3157,-12.8866],[-38.3133,-12.8885],[-38.3139,-12.889],[-38.3132,-12.8895],[-38.3121,-12.8895],[-38.311,-12.8903],[-38.3106,-12.8904],[-38.308,-12.8922],[-38.3074,-12.8922],[-38.3067,-12.894],[-38.3067,-12.895],[-38.3074,-12.8962],[-38.3084,-12.8967],[-38.3088,-12.8971],[-38.3091,-12.8979],[-38.3097,-12.8978],[-38.3103,-12.8981],[-38.3107,-12.898],[-38.312,-12.8974]]]}},{"type":"Feature","properties":{"c":"b202","b":202,"n":"Ipitanga","m":"2919207","cx":-38.3026,"cy":-12.901},"geometry":{"type":"Polygon","coordinates":[[[-38.3103,-12.8981],[-38.3097,-12.8978],[-38.3091,-12.8979],[-38.3088,-12.8971],[-38.3084,-12.8967],[-38.3074,-12.8962],[-38.3067,-12.895],[-38.3067,-12.894],[-38.3059,-12.8934],[-38.3051,-12.8923],[-38.3049,-12.8922],[-38.3034,-12.8937],[-38.303,-12.8939],[-38.3015,-12.8954],[-38.2958,-12.9],[-38.2971,-12.9017],[-38.2977,-12.9028],[-38.2987,-12.9037],[-38.2985,-12.904],[-38.2998,-12.9053],[-38.3002,-12.9062],[-38.3022,-12.9081],[-38.3031,-12.9095],[-38.3035,-12.9098],[-38.3043,-12.9109],[-38.3062,-12.9086],[-38.3069,-12.9074],[-38.3071,-12.907],[-38.3055,-12.9065],[-38.3061,-12.9039],[-38.3057,-12.9036],[-38.3068,-12.9025],[-38.3069,-12.9026],[-38.3093,-12.9003],[-38.3093,-12.9],[-38.31,-12.9],[-38.3096,-12.8992],[-38.3096,-12.8988],[-38.3108,-12.8982],[-38.3107,-12.898],[-38.3103,-12.8981]]]}},{"type":"Feature","properties":{"c":"b203","b":203,"n":"Itinga","m":"2919207","cx":-38.3484,"cy":-12.889},"geometry":{"type":"Polygon","coordinates":[[[-38.3546,-12.8763],[-38.354,-12.8752],[-38.3534,-12.8747],[-38.3531,-12.8752],[-38.3525,-12.8764],[-38.352,-12.8765],[-38.3512,-12.8775],[-38.3509,-12.8782],[-38.3513,-12.8788],[-38.35,-12.8788],[-38.3466,-12.8828],[-38.3454,-12.884],[-38.3467,-12.8855],[-38.3459,-12.8858],[-38.344,-12.8878],[-38.3423,-12.8881],[-38.3418,-12.8891],[-38.3395,-12.8903],[-38.3394,-12.89],[-38.3387,-12.8903],[-38.3382,-12.8907],[-38.3381,-12.8904],[-38.3366,-12.891],[-38.3359,-12.891],[-38.3353,-12.8914],[-38.3346,-12.8913],[-38.334,-12.8915],[-38.3331,-12.8913],[-38.3328,-12.8904],[-38.3334,-12.8898],[-38.3345,-12.8907],[-38.335,-12.8892],[-38.3328,-12.8889],[-38.3314,-12.8889],[-38.3298,-12.8905],[-38.3283,-12.8912],[-38.3292,-12.8921],[-38.3305,-12.8934],[-38.3331,-12.8968],[-38.3338,-12.8973],[-38.3374,-12.8984],[-38.3381,-12.8989],[-38.3415,-12.9024],[-38.3433,-12.9035],[-38.344,-12.9021],[-38.3456,-12.9004],[-38.3549,-12.8947],[-38.3548,-12.894],[-38.3551,-12.8798],[-38.355,-12.8766],[-38.3546,-12.8763]]]}},{"type":"Feature","properties":{"c":"b204","b":204,"n":"Jambeiro","m":"2919207","cx":-38.3342,"cy":-12.834},"geometry":{"type":"Polygon","coordinates":[[[-38.3265,-12.8184],[-38.326,-12.8198],[-38.326,-12.8229],[-38.3263,-12.8237],[-38.327,-12.825],[-38.3273,-12.8264],[-38.327,-12.8275],[-38.3266,-12.8279],[-38.3263,-12.8292],[-38.3267,-12.8302],[-38.3277,-12.8315],[-38.328,-12.832],[-38.3279,-12.8328],[-38.3273,-12.8336],[-38.3269,-12.8356],[-38.3263,-12.836],[-38.3258,-12.836],[-38.3241,-12.8362],[-38.3223,-12.8359],[-38.3208,-12.8363],[-38.3201,-12.837],[-38.3201,-12.8379],[-38.3189,-12.8399],[-38.3181,-12.84],[-38.3152,-12.84],[-38.3138,-12.8396],[-38.3129,-12.8399],[-38.3122,-12.8404],[-38.3121,-12.843],[-38.3128,-12.8442],[-38.3138,-12.8467],[-38.3196,-12.848],[-38.3232,-12.8488],[-38.3258,-12.8491],[-38.3303,-12.8492],[-38.3331,-12.8492],[-38.3326,-12.8483],[-38.3338,-12.848],[-38.3343,-12.8474],[-38.3359,-12.846],[-38.3366,-12.8452],[-38.3372,-12.8442],[-38.3379,-12.8436],[-38.3383,-12.8428],[-38.3382,-12.8416],[-38.3389,-12.8405],[-38.3396,-12.8399],[-38.3411,-12.8388],[-38.3402,-12.8362],[-38.3399,-12.8356],[-38.3399,-12.8351],[-38.3409,-12.8344],[-38.3415,-12.8336],[-38.3414,-12.8325],[-38.3404,-12.8306],[-38.3396,-12.8299],[-38.339,-12.8291],[-38.3382,-12.8285],[-38.3376,-12.8274],[-38.3371,-12.8262],[-38.338,-12.8255],[-38.3382,-12.8252],[-38.3383,-12.8241],[-38.3386,-12.822],[-38.3378,-12.8221],[-38.337,-12.8233],[-38.3366,-12.8234],[-38.3349,-12.823],[-38.3344,-12.8221],[-38.333,-12.8217],[-38.3274,-12.8181],[-38.3265,-12.8184]]]}},{"type":"Feature","properties":{"c":"b205","b":205,"n":"Parque São Paulo","m":"2919207","cx":-38.3528,"cy":-12.8715},"geometry":{"type":"Polygon","coordinates":[[[-38.3533,-12.8677],[-38.353,-12.8669],[-38.3522,-12.8666],[-38.3514,-12.8677],[-38.3525,-12.8689],[-38.3522,-12.8695],[-38.3511,-12.8712],[-38.3505,-12.8719],[-38.3512,-12.8731],[-38.3523,-12.8745],[-38.3531,-12.8752],[-38.3534,-12.8747],[-38.354,-12.8752],[-38.3546,-12.8763],[-38.355,-12.8766],[-38.3547,-12.8685],[-38.3533,-12.8677]]]}},{"type":"Feature","properties":{"c":"b206","b":206,"n":"Pitangueiras","m":"2919207","cx":-38.311,"cy":-12.8828},"geometry":{"type":"Polygon","coordinates":[[[-38.3051,-12.8923],[-38.3069,-12.8919],[-38.3078,-12.8916],[-38.3109,-12.8897],[-38.3124,-12.8891],[-38.3133,-12.8885],[-38.3157,-12.8866],[-38.3163,-12.8864],[-38.3183,-12.8859],[-38.3187,-12.8857],[-38.3173,-12.8846],[-38.3164,-12.8835],[-38.3144,-12.8818],[-38.3115,-12.8792],[-38.3102,-12.8777],[-38.3082,-12.876],[-38.3067,-12.8749],[-38.3059,-12.8742],[-38.3052,-12.8745],[-38.3053,-12.8755],[-38.3056,-12.8762],[-38.306,-12.8778],[-38.3058,-12.8793],[-38.3061,-12.8809],[-38.3064,-12.8816],[-38.307,-12.8822],[-38.3054,-12.8837],[-38.3005,-12.8882],[-38.3017,-12.8898],[-38.3022,-12.8902],[-38.3026,-12.891],[-38.3044,-12.8918],[-38.3049,-12.8922],[-38.3051,-12.8923]]]}},{"type":"Feature","properties":{"c":"b207","b":207,"n":"Portão","m":"2919207","cx":-38.3072,"cy":-12.8663},"geometry":{"type":"Polygon","coordinates":[[[-38.2915,-12.8628],[-38.2923,-12.8634],[-38.2937,-12.8654],[-38.295,-12.8665],[-38.2976,-12.8679],[-38.2992,-12.8689],[-38.3006,-12.8696],[-38.3018,-12.8705],[-38.3059,-12.8742],[-38.3067,-12.8749],[-38.3082,-12.876],[-38.3102,-12.8777],[-38.3115,-12.8792],[-38.3144,-12.8818],[-38.3193,-12.8795],[-38.3179,-12.8788],[-38.3185,-12.8776],[-38.3195,-12.8748],[-38.3197,-12.8737],[-38.3197,-12.872],[-38.3195,-12.8676],[-38.3195,-12.8662],[-38.3194,-12.8635],[-38.3196,-12.8623],[-38.3208,-12.8612],[-38.3209,-12.8599],[-38.3204,-12.859],[-38.3199,-12.858],[-38.3183,-12.8548],[-38.3174,-12.8532],[-38.317,-12.8529],[-38.314,-12.8529],[-38.313,-12.8523],[-38.3122,-12.8508],[-38.3116,-12.8507],[-38.3108,-12.8509],[-38.3083,-12.8522],[-38.3077,-12.8529],[-38.3067,-12.8556],[-38.3061,-12.8571],[-38.3051,-12.8575],[-38.3045,-12.8574],[-38.3032,-12.8575],[-38.3027,-12.8589],[-38.3024,-12.8591],[-38.3008,-12.8593],[-38.2988,-12.8594],[-38.2978,-12.8588],[-38.2961,-12.8581],[-38.2949,-12.858],[-38.294,-12.8575],[-38.2937,-12.8569],[-38.292,-12.8556],[-38.2909,-12.8553],[-38.2897,-12.8554],[-38.2887,-12.8561],[-38.2888,-12.8573],[-38.2894,-12.8578],[-38.2901,-12.8589],[-38.2906,-12.8613],[-38.2904,-12.8622],[-38.2915,-12.8628]]]}},{"type":"Feature","properties":{"c":"b208","b":208,"n":"Quingoma","m":"2919207","cx":-38.3361,"cy":-12.8599},"geometry":{"type":"Polygon","coordinates":[[[-38.3141,-12.848],[-38.3141,-12.8489],[-38.3136,-12.8501],[-38.3129,-12.8508],[-38.3122,-12.8508],[-38.313,-12.8523],[-38.314,-12.8529],[-38.317,-12.8529],[-38.3174,-12.8532],[-38.3183,-12.8548],[-38.3199,-12.858],[-38.3204,-12.859],[-38.3238,-12.8613],[-38.3245,-12.8625],[-38.3259,-12.8639],[-38.3264,-12.8653],[-38.3264,-12.8662],[-38.3258,-12.8671],[-38.3233,-12.8695],[-38.323,-12.8703],[-38.3237,-12.8715],[-38.3243,-12.8714],[-38.3249,-12.8725],[-38.3254,-12.8725],[-38.3257,-12.8722],[-38.3264,-12.8724],[-38.3265,-12.873],[-38.3272,-12.8733],[-38.3281,-12.873],[-38.3284,-12.8725],[-38.3295,-12.8722],[-38.3307,-12.8714],[-38.331,-12.8702],[-38.3313,-12.8681],[-38.3325,-12.8654],[-38.3333,-12.8654],[-38.335,-12.865],[-38.3362,-12.8656],[-38.3371,-12.8656],[-38.3381,-12.8675],[-38.34,-12.8676],[-38.3411,-12.8681],[-38.3438,-12.8666],[-38.3456,-12.8653],[-38.3464,-12.8646],[-38.3488,-12.8632],[-38.349,-12.8628],[-38.3505,-12.8618],[-38.3504,-12.8608],[-38.3507,-12.8587],[-38.3504,-12.8579],[-38.3492,-12.8561],[-38.3485,-12.8552],[-38.3469,-12.8543],[-38.3455,-12.8529],[-38.3442,-12.8519],[-38.3428,-12.851],[-38.3414,-12.8503],[-38.3383,-12.8493],[-38.3331,-12.8492],[-38.3303,-12.8492],[-38.3258,-12.8491],[-38.3232,-12.8488],[-38.3196,-12.848],[-38.3138,-12.8467],[-38.3141,-12.848]]]}},{"type":"Feature","properties":{"c":"b209","b":209,"n":"Recreio Ipitanga","m":"2919207","cx":-38.327,"cy":-12.887},"geometry":{"type":"Polygon","coordinates":[[[-38.3283,-12.8912],[-38.3298,-12.8905],[-38.3314,-12.8889],[-38.3328,-12.8889],[-38.335,-12.8862],[-38.3353,-12.8857],[-38.3333,-12.8863],[-38.3324,-12.8867],[-38.3319,-12.8859],[-38.332,-12.8857],[-38.3315,-12.8845],[-38.3324,-12.8839],[-38.3326,-12.8834],[-38.332,-12.8835],[-38.3308,-12.8832],[-38.3286,-12.8827],[-38.3266,-12.8814],[-38.326,-12.8814],[-38.323,-12.8812],[-38.3229,-12.8802],[-38.3209,-12.8806],[-38.3207,-12.88],[-38.3197,-12.8802],[-38.3193,-12.8795],[-38.3144,-12.8818],[-38.3164,-12.8835],[-38.3173,-12.8846],[-38.3187,-12.8857],[-38.3195,-12.8864],[-38.3198,-12.8873],[-38.3199,-12.8884],[-38.3204,-12.8892],[-38.3245,-12.8926],[-38.3256,-12.895],[-38.3281,-12.8937],[-38.329,-12.8926],[-38.3292,-12.8921],[-38.3283,-12.8912]]]}},{"type":"Feature","properties":{"c":"b210","b":210,"n":"Vida Nova","m":"2919207","cx":-38.3321,"cy":-12.8742},"geometry":{"type":"Polygon","coordinates":[[[-38.34,-12.8676],[-38.3381,-12.8675],[-38.3371,-12.8656],[-38.3362,-12.8656],[-38.335,-12.865],[-38.3333,-12.8654],[-38.3325,-12.8654],[-38.3313,-12.8681],[-38.331,-12.8702],[-38.3307,-12.8714],[-38.3295,-12.8722],[-38.3284,-12.8725],[-38.3281,-12.873],[-38.3272,-12.8733],[-38.3262,-12.8743],[-38.3253,-12.8735],[-38.3249,-12.8735],[-38.3247,-12.8741],[-38.3239,-12.8753],[-38.3233,-12.8768],[-38.3234,-12.8771],[-38.3251,-12.8778],[-38.3264,-12.878],[-38.3279,-12.8786],[-38.3263,-12.8808],[-38.326,-12.8814],[-38.3266,-12.8814],[-38.3286,-12.8827],[-38.3308,-12.8832],[-38.332,-12.8835],[-38.3326,-12.8834],[-38.3334,-12.8829],[-38.3343,-12.8827],[-38.335,-12.882],[-38.3358,-12.8804],[-38.3364,-12.8807],[-38.3369,-12.8802],[-38.3365,-12.8796],[-38.3364,-12.8788],[-38.337,-12.8782],[-38.3364,-12.8772],[-38.336,-12.8763],[-38.3368,-12.8755],[-38.3384,-12.8735],[-38.3388,-12.8723],[-38.3392,-12.8719],[-38.3403,-12.8716],[-38.3409,-12.8717],[-38.3432,-12.8729],[-38.3439,-12.8731],[-38.345,-12.8728],[-38.3455,-12.8721],[-38.3455,-12.8714],[-38.3452,-12.8709],[-38.344,-12.8703],[-38.3432,-12.8706],[-38.3424,-12.8695],[-38.342,-12.8685],[-38.3411,-12.8681],[-38.34,-12.8676]]]}},{"type":"Feature","properties":{"c":"b211","b":211,"n":"Vila Praiana","m":"2919207","cx":-38.3132,"cy":-12.9009},"geometry":{"type":"Polygon","coordinates":[[[-38.3089,-12.9044],[-38.3097,-12.904],[-38.3162,-12.9053],[-38.3165,-12.9032],[-38.3179,-12.9024],[-38.317,-12.9016],[-38.3193,-12.8995],[-38.3213,-12.8971],[-38.3167,-12.8967],[-38.3147,-12.8962],[-38.3144,-12.8963],[-38.3135,-12.8973],[-38.3126,-12.8981],[-38.312,-12.8974],[-38.3107,-12.898],[-38.3108,-12.8982],[-38.3096,-12.8988],[-38.3096,-12.8992],[-38.31,-12.9],[-38.3093,-12.9],[-38.3093,-12.9003],[-38.3069,-12.9026],[-38.3068,-12.9025],[-38.3057,-12.9036],[-38.3061,-12.9039],[-38.3089,-12.9044]]]}},{"type":"Feature","properties":{"c":"b212","b":212,"n":"Vilas do Atlântico","m":"2919207","cx":-38.2943,"cy":-12.8894},"geometry":{"type":"Polygon","coordinates":[[[-38.2813,-12.8806],[-38.2808,-12.8796],[-38.2804,-12.8796],[-38.2802,-12.8807],[-38.2809,-12.8818],[-38.2819,-12.883],[-38.2823,-12.8837],[-38.2824,-12.8849],[-38.2832,-12.8859],[-38.2838,-12.8865],[-38.2847,-12.8869],[-38.2869,-12.8891],[-38.2886,-12.8912],[-38.2898,-12.8923],[-38.2913,-12.8945],[-38.2922,-12.8951],[-38.2925,-12.8959],[-38.2931,-12.8965],[-38.2958,-12.9],[-38.3015,-12.8954],[-38.303,-12.8939],[-38.3034,-12.8937],[-38.3049,-12.8922],[-38.3044,-12.8918],[-38.3026,-12.891],[-38.3022,-12.8902],[-38.3017,-12.8898],[-38.3005,-12.8882],[-38.3054,-12.8837],[-38.307,-12.8822],[-38.3064,-12.8816],[-38.3061,-12.8809],[-38.3058,-12.8793],[-38.3,-12.8817],[-38.2968,-12.883],[-38.2951,-12.8804],[-38.2945,-12.8803],[-38.2898,-12.8824],[-38.2896,-12.8837],[-38.289,-12.8843],[-38.2872,-12.8847],[-38.2862,-12.8857],[-38.2853,-12.8852],[-38.2856,-12.8848],[-38.2853,-12.8844],[-38.2852,-12.8833],[-38.2841,-12.8823],[-38.2827,-12.8799],[-38.2819,-12.88],[-38.2813,-12.8806]]]}},{"type":"Feature","properties":{"c":"b213","b":213,"n":"Boa Vista","m":"2927200","cx":-40.4765,"cy":-12.2891},"geometry":{"type":"MultiPolygon","coordinates":[[[[-40.4896,-12.2827],[-40.489,-12.2816],[-40.488,-12.2815],[-40.4856,-12.2817],[-40.4856,-12.2832],[-40.4857,-12.284],[-40.4871,-12.284],[-40.4871,-12.2849],[-40.4885,-12.2848],[-40.4885,-12.2852],[-40.4899,-12.2843],[-40.4896,-12.2827]]],[[[-40.4811,-12.2821],[-40.4798,-12.2826],[-40.4789,-12.283],[-40.4764,-12.2831],[-40.4755,-12.2833],[-40.4747,-12.2838],[-40.4733,-12.2859],[-40.4723,-12.2871],[-40.4717,-12.2874],[-40.47,-12.2878],[-40.4697,-12.2888],[-40.4692,-12.2895],[-40.4684,-12.2902],[-40.47,-12.2911],[-40.4711,-12.2925],[-40.4721,-12.2934],[-40.4751,-12.2956],[-40.4771,-12.2963],[-40.483,-12.2899],[-40.484,-12.2885],[-40.4851,-12.2878],[-40.4839,-12.2856],[-40.4841,-12.2849],[-40.4846,-12.285],[-40.4851,-12.2823],[-40.4847,-12.2822],[-40.4847,-12.2818],[-40.4811,-12.2821]]]]}},{"type":"Feature","properties":{"c":"b214","b":214,"n":"Centro","m":"2927200","cx":-40.4929,"cy":-12.2877},"geometry":{"type":"Polygon","coordinates":[[[-40.498,-12.2862],[-40.4977,-12.2862],[-40.4974,-12.2842],[-40.4936,-12.2843],[-40.494,-12.2849],[-40.4941,-12.2856],[-40.4925,-12.2859],[-40.4923,-12.2853],[-40.4916,-12.2854],[-40.4905,-12.2869],[-40.4905,-12.2873],[-40.491,-12.2878],[-40.492,-12.2894],[-40.4917,-12.2902],[-40.492,-12.2902],[-40.4925,-12.2893],[-40.493,-12.2889],[-40.4937,-12.2893],[-40.4938,-12.2899],[-40.4936,-12.2911],[-40.4944,-12.291],[-40.4949,-12.2885],[-40.495,-12.2876],[-40.4971,-12.2866],[-40.498,-12.2862]]]}},{"type":"Feature","properties":{"c":"b215","b":215,"n":"Cruzeiro do Rocha","m":"2927200","cx":-40.4871,"cy":-12.2767},"geometry":{"type":"Polygon","coordinates":[[[-40.488,-12.2815],[-40.489,-12.2816],[-40.4891,-12.2815],[-40.4895,-12.2804],[-40.4902,-12.2806],[-40.4907,-12.2791],[-40.4922,-12.2795],[-40.4929,-12.279],[-40.4931,-12.2795],[-40.4938,-12.2797],[-40.4943,-12.2776],[-40.4937,-12.2759],[-40.4914,-12.2708],[-40.4817,-12.2728],[-40.4787,-12.2812],[-40.479,-12.2814],[-40.4798,-12.2826],[-40.4811,-12.2821],[-40.4847,-12.2818],[-40.4856,-12.2817],[-40.488,-12.2815]]]}},{"type":"Feature","properties":{"c":"b216","b":216,"n":"Dois de Julho","m":"2927200","cx":-40.5001,"cy":-12.2876},"geometry":{"type":"Polygon","coordinates":[[[-40.4971,-12.2866],[-40.4976,-12.2881],[-40.4978,-12.2882],[-40.4975,-12.2899],[-40.4979,-12.2899],[-40.499,-12.2901],[-40.5002,-12.2905],[-40.5003,-12.2903],[-40.5012,-12.2907],[-40.503,-12.2871],[-40.5031,-12.285],[-40.5001,-12.285],[-40.5001,-12.2861],[-40.498,-12.2862],[-40.4971,-12.2866]]]}},{"type":"Feature","properties":{"c":"b217","b":217,"n":"Flores","m":"2927200","cx":-40.4667,"cy":-12.2848},"geometry":{"type":"Polygon","coordinates":[[[-40.4702,-12.2862],[-40.4698,-12.2852],[-40.47,-12.2844],[-40.4701,-12.2827],[-40.4704,-12.2815],[-40.47,-12.28],[-40.4701,-12.2789],[-40.467,-12.2788],[-40.4624,-12.2865],[-40.4684,-12.2902],[-40.4692,-12.2895],[-40.4697,-12.2888],[-40.47,-12.2878],[-40.4702,-12.2862]]]}},{"type":"Feature","properties":{"c":"b218","b":218,"n":"Folga","m":"2927200","cx":-40.4912,"cy":-12.2834},"geometry":{"type":"Polygon","coordinates":[[[-40.489,-12.2816],[-40.4896,-12.2827],[-40.4899,-12.2843],[-40.4905,-12.2839],[-40.4917,-12.285],[-40.4923,-12.2853],[-40.4925,-12.2859],[-40.4941,-12.2856],[-40.494,-12.2849],[-40.4936,-12.2843],[-40.4922,-12.2829],[-40.4906,-12.2812],[-40.4898,-12.2819],[-40.4891,-12.2815],[-40.489,-12.2816]]]}},{"type":"Feature","properties":{"c":"b219","b":219,"n":"Jardim Alvorada","m":"2927200","cx":-40.4914,"cy":-12.2809},"geometry":{"type":"Polygon","coordinates":[[[-40.4898,-12.2819],[-40.4906,-12.2812],[-40.4922,-12.2829],[-40.4932,-12.2815],[-40.4935,-12.2806],[-40.4938,-12.2797],[-40.4931,-12.2795],[-40.4929,-12.279],[-40.4922,-12.2795],[-40.4907,-12.2791],[-40.4902,-12.2806],[-40.4895,-12.2804],[-40.4891,-12.2815],[-40.4898,-12.2819]]]}},{"type":"Feature","properties":{"c":"b220","b":220,"n":"Jardim do Cedro","m":"2927200","cx":-40.4962,"cy":-12.2891},"geometry":{"type":"Polygon","coordinates":[[[-40.4978,-12.2882],[-40.4976,-12.2881],[-40.4971,-12.2866],[-40.495,-12.2876],[-40.4949,-12.2885],[-40.4944,-12.291],[-40.4968,-12.2914],[-40.4971,-12.2898],[-40.4975,-12.2899],[-40.4978,-12.2882]]]}},{"type":"Feature","properties":{"c":"b221","b":221,"n":"Nova Brasília","m":"2927200","cx":-40.495,"cy":-12.2822},"geometry":{"type":"Polygon","coordinates":[[[-40.4936,-12.2843],[-40.4974,-12.2842],[-40.4972,-12.283],[-40.4975,-12.2816],[-40.4935,-12.2806],[-40.4932,-12.2815],[-40.4922,-12.2829],[-40.4936,-12.2843]]]}},{"type":"Feature","properties":{"c":"b222","b":222,"n":"Orobozinho","m":"2927200","cx":-40.4928,"cy":-12.2955},"geometry":{"type":"Polygon","coordinates":[[[-40.4925,-12.3024],[-40.4931,-12.3016],[-40.4937,-12.3002],[-40.4925,-12.2994],[-40.4922,-12.2988],[-40.4921,-12.2967],[-40.4943,-12.2967],[-40.4942,-12.2931],[-40.4971,-12.2933],[-40.4972,-12.2931],[-40.4972,-12.2924],[-40.4976,-12.2918],[-40.4979,-12.2899],[-40.4975,-12.2899],[-40.4971,-12.2898],[-40.4968,-12.2914],[-40.4944,-12.291],[-40.4936,-12.2911],[-40.4929,-12.2928],[-40.4921,-12.2933],[-40.4916,-12.2943],[-40.491,-12.2969],[-40.4911,-12.2995],[-40.4909,-12.301],[-40.4906,-12.3017],[-40.4905,-12.3024],[-40.4925,-12.3024]]]}},{"type":"Feature","properties":{"c":"b223","b":223,"n":"Otto Alencar","m":"2927200","cx":-40.5021,"cy":-12.2909},"geometry":{"type":"Polygon","coordinates":[[[-40.5012,-12.2907],[-40.5003,-12.2903],[-40.5002,-12.2905],[-40.499,-12.2901],[-40.4979,-12.2899],[-40.4976,-12.2918],[-40.4972,-12.2924],[-40.4972,-12.2931],[-40.4971,-12.2933],[-40.5031,-12.2946],[-40.503,-12.2933],[-40.5032,-12.2919],[-40.5034,-12.2912],[-40.5041,-12.2914],[-40.5066,-12.2912],[-40.5061,-12.2906],[-40.5057,-12.2892],[-40.5051,-12.2886],[-40.503,-12.2871],[-40.5012,-12.2907]]]}},{"type":"Feature","properties":{"c":"b224","b":224,"n":"São Francisco","m":"2927200","cx":-40.4974,"cy":-12.2743},"geometry":{"type":"Polygon","coordinates":[[[-40.4935,-12.2806],[-40.4975,-12.2816],[-40.4972,-12.283],[-40.4974,-12.2842],[-40.4983,-12.2834],[-40.4996,-12.2829],[-40.5001,-12.2828],[-40.5012,-12.2825],[-40.5037,-12.2815],[-40.5044,-12.2814],[-40.5057,-12.2815],[-40.5067,-12.2804],[-40.5055,-12.2797],[-40.5056,-12.2784],[-40.5055,-12.2777],[-40.5051,-12.2773],[-40.5044,-12.2772],[-40.5036,-12.2778],[-40.5024,-12.2777],[-40.5019,-12.2773],[-40.5016,-12.2766],[-40.5021,-12.2748],[-40.5014,-12.2738],[-40.5009,-12.2727],[-40.5008,-12.2721],[-40.4994,-12.2718],[-40.4984,-12.2715],[-40.4979,-12.2719],[-40.4973,-12.2706],[-40.4976,-12.2693],[-40.4972,-12.2691],[-40.4971,-12.2682],[-40.4973,-12.2673],[-40.4969,-12.2667],[-40.4966,-12.2654],[-40.4958,-12.2648],[-40.4947,-12.2651],[-40.4948,-12.2662],[-40.4952,-12.2671],[-40.495,-12.2681],[-40.4937,-12.2689],[-40.4921,-12.2693],[-40.4914,-12.2701],[-40.4914,-12.2708],[-40.4937,-12.2759],[-40.4943,-12.2776],[-40.4938,-12.2797],[-40.4935,-12.2806]]]}},{"type":"Feature","properties":{"c":"b225","b":225,"n":"Tapiraípe","m":"2927200","cx":-40.507,"cy":-12.2874},"geometry":{"type":"Polygon","coordinates":[[[-40.5051,-12.2886],[-40.5057,-12.2892],[-40.5084,-12.2916],[-40.5104,-12.2929],[-40.5123,-12.294],[-40.5133,-12.2941],[-40.5145,-12.2935],[-40.5154,-12.2927],[-40.5159,-12.291],[-40.5142,-12.2909],[-40.5144,-12.2901],[-40.5141,-12.2895],[-40.5119,-12.2883],[-40.5105,-12.2878],[-40.5106,-12.2869],[-40.51,-12.2857],[-40.5098,-12.2846],[-40.5101,-12.2837],[-40.5102,-12.2811],[-40.5092,-12.2803],[-40.5071,-12.2803],[-40.5067,-12.2804],[-40.5057,-12.2815],[-40.5044,-12.2814],[-40.5037,-12.2815],[-40.5012,-12.2825],[-40.5001,-12.2828],[-40.5001,-12.2839],[-40.5031,-12.2839],[-40.5031,-12.285],[-40.503,-12.2871],[-40.5051,-12.2886]]]}},{"type":"Feature","properties":{"c":"b226","b":226,"n":"Vila Nova","m":"2927200","cx":-40.517,"cy":-12.3052},"geometry":{"type":"Polygon","coordinates":[[[-40.5113,-12.295],[-40.5105,-12.2949],[-40.5102,-12.2953],[-40.5117,-12.2983],[-40.5115,-12.2993],[-40.5119,-12.2993],[-40.5122,-12.3001],[-40.5127,-12.3],[-40.5139,-12.3006],[-40.5137,-12.301],[-40.5127,-12.3016],[-40.5121,-12.3016],[-40.5118,-12.3019],[-40.5116,-12.303],[-40.511,-12.3026],[-40.5113,-12.3016],[-40.5109,-12.3016],[-40.51,-12.3022],[-40.5085,-12.3025],[-40.5083,-12.3031],[-40.5097,-12.3045],[-40.5111,-12.3072],[-40.5116,-12.3078],[-40.5121,-12.3072],[-40.5133,-12.3065],[-40.515,-12.307],[-40.515,-12.3078],[-40.5158,-12.3089],[-40.5158,-12.3094],[-40.5154,-12.3104],[-40.5149,-12.3107],[-40.514,-12.311],[-40.5144,-12.3123],[-40.5153,-12.3128],[-40.5161,-12.3141],[-40.5158,-12.3149],[-40.5165,-12.3157],[-40.5171,-12.3158],[-40.518,-12.3158],[-40.5185,-12.3163],[-40.5197,-12.316],[-40.5206,-12.3151],[-40.5225,-12.3149],[-40.5235,-12.3146],[-40.5245,-12.3136],[-40.5252,-12.3131],[-40.5259,-12.3123],[-40.5252,-12.3112],[-40.5245,-12.3058],[-40.5198,-12.3001],[-40.5185,-12.3003],[-40.5164,-12.297],[-40.5145,-12.2935],[-40.5133,-12.2941],[-40.5123,-12.294],[-40.5113,-12.295]]]}},{"type":"Feature","properties":{"c":"b227","b":227,"n":"Vila Progresso","m":"2927200","cx":-40.5003,"cy":-12.2846},"geometry":{"type":"Polygon","coordinates":[[[-40.5031,-12.2839],[-40.5001,-12.2839],[-40.5001,-12.2828],[-40.4996,-12.2829],[-40.4983,-12.2834],[-40.4974,-12.2842],[-40.4977,-12.2862],[-40.498,-12.2862],[-40.5001,-12.2861],[-40.5001,-12.285],[-40.5031,-12.285],[-40.5031,-12.2839]]]}},{"type":"Feature","properties":{"c":"b228","b":228,"n":"das Populares","m":"2927200","cx":-40.4889,"cy":-12.2958},"geometry":{"type":"Polygon","coordinates":[[[-40.4938,-12.2899],[-40.4937,-12.2893],[-40.493,-12.2889],[-40.4925,-12.2893],[-40.492,-12.2902],[-40.4917,-12.2902],[-40.4908,-12.2914],[-40.4906,-12.292],[-40.49,-12.2924],[-40.4874,-12.2953],[-40.4859,-12.2964],[-40.4856,-12.2965],[-40.4891,-12.3038],[-40.4896,-12.3027],[-40.4905,-12.3024],[-40.4906,-12.3017],[-40.4909,-12.301],[-40.4911,-12.2995],[-40.491,-12.2969],[-40.4916,-12.2943],[-40.4921,-12.2933],[-40.4929,-12.2928],[-40.4936,-12.2911],[-40.4938,-12.2899]]]}},{"type":"Feature","properties":{"c":"b229","b":229,"n":"Acupe","m":"2927408","cx":-38.493,"cy":-12.9926},"geometry":{"type":"Polygon","coordinates":[[[-38.4965,-12.9953],[-38.4961,-12.9948],[-38.4957,-12.9937],[-38.4958,-12.9928],[-38.4969,-12.9897],[-38.4969,-12.9882],[-38.496,-12.988],[-38.496,-12.9884],[-38.4953,-12.9884],[-38.494,-12.9888],[-38.4927,-12.9888],[-38.4924,-12.9893],[-38.4927,-12.9896],[-38.4927,-12.9906],[-38.4922,-12.9905],[-38.491,-12.991],[-38.4908,-12.9918],[-38.4902,-12.9923],[-38.4894,-12.9936],[-38.4894,-12.9941],[-38.4904,-12.9953],[-38.4904,-12.9957],[-38.4914,-12.9967],[-38.4926,-12.9975],[-38.493,-12.9972],[-38.4959,-12.9958],[-38.4963,-12.9955],[-38.4965,-12.9953]]]}},{"type":"Feature","properties":{"c":"b230","b":230,"n":"Aeroporto","m":"2927408","cx":-38.3316,"cy":-12.9155},"geometry":{"type":"Polygon","coordinates":[[[-38.3488,-12.9083],[-38.3477,-12.9085],[-38.3442,-12.9048],[-38.3433,-12.9041],[-38.3432,-12.9044],[-38.3419,-12.9058],[-38.341,-12.9069],[-38.3394,-12.906],[-38.3388,-12.9034],[-38.3377,-12.9034],[-38.3363,-12.9036],[-38.3355,-12.9033],[-38.3343,-12.9041],[-38.3332,-12.9035],[-38.3321,-12.9034],[-38.3315,-12.9019],[-38.3299,-12.9001],[-38.3291,-12.8995],[-38.3282,-12.8989],[-38.3273,-12.8978],[-38.3267,-12.8981],[-38.3247,-12.9009],[-38.3226,-12.9002],[-38.32,-12.9002],[-38.3186,-12.902],[-38.3179,-12.9024],[-38.3165,-12.9032],[-38.3162,-12.9053],[-38.3097,-12.904],[-38.3089,-12.9044],[-38.3061,-12.9039],[-38.3055,-12.9065],[-38.3071,-12.907],[-38.3069,-12.9074],[-38.3087,-12.9092],[-38.3102,-12.9104],[-38.3105,-12.9106],[-38.3119,-12.9091],[-38.3166,-12.9145],[-38.3181,-12.9166],[-38.3169,-12.9179],[-38.3174,-12.9186],[-38.3214,-12.9227],[-38.3223,-12.9237],[-38.3235,-12.9255],[-38.324,-12.9284],[-38.3245,-12.929],[-38.3274,-12.9318],[-38.3292,-12.9329],[-38.331,-12.9315],[-38.3323,-12.9329],[-38.3349,-12.9312],[-38.3363,-12.9328],[-38.3391,-12.9322],[-38.341,-12.9343],[-38.3421,-12.9333],[-38.3476,-12.9203],[-38.3464,-12.9197],[-38.3459,-12.9192],[-38.3455,-12.9183],[-38.3455,-12.9169],[-38.3477,-12.9099],[-38.3483,-12.9102],[-38.349,-12.91],[-38.3493,-12.9096],[-38.3492,-12.9087],[-38.3488,-12.9083]]]}},{"type":"Feature","properties":{"c":"b231","b":231,"n":"Alto da Terezinha","m":"2927408","cx":-38.4777,"cy":-12.8802},"geometry":{"type":"Polygon","coordinates":[[[-38.4705,-12.8743],[-38.4712,-12.8751],[-38.4718,-12.8755],[-38.4718,-12.8761],[-38.4724,-12.8774],[-38.4728,-12.878],[-38.4727,-12.8797],[-38.4732,-12.8805],[-38.4729,-12.8807],[-38.4737,-12.8813],[-38.4744,-12.8826],[-38.4752,-12.8836],[-38.4751,-12.8852],[-38.476,-12.8852],[-38.4759,-12.8855],[-38.475,-12.886],[-38.4754,-12.8869],[-38.4758,-12.8867],[-38.476,-12.8875],[-38.4771,-12.887],[-38.4775,-12.8873],[-38.4785,-12.8868],[-38.4786,-12.8871],[-38.4795,-12.8865],[-38.4797,-12.8853],[-38.4796,-12.8847],[-38.4802,-12.8844],[-38.4801,-12.8832],[-38.4794,-12.8832],[-38.4808,-12.8819],[-38.4819,-12.8818],[-38.4827,-12.882],[-38.4843,-12.8821],[-38.4837,-12.8809],[-38.483,-12.8804],[-38.4816,-12.8801],[-38.4808,-12.8796],[-38.4803,-12.8791],[-38.4789,-12.8764],[-38.4787,-12.8769],[-38.4788,-12.8777],[-38.4793,-12.8791],[-38.4782,-12.8776],[-38.4781,-12.8768],[-38.4773,-12.8768],[-38.4767,-12.8762],[-38.4762,-12.8765],[-38.4758,-12.8758],[-38.4757,-12.8749],[-38.4748,-12.8749],[-38.4746,-12.8746],[-38.4729,-12.8737],[-38.4723,-12.8737],[-38.472,-12.8733],[-38.4711,-12.8731],[-38.4705,-12.8743]]]}},{"type":"Feature","properties":{"c":"b232","b":232,"n":"Alto das Pombas","m":"2927408","cx":-38.5137,"cy":-13.0008},"geometry":{"type":"Polygon","coordinates":[[[-38.5144,-12.9992],[-38.5137,-12.999],[-38.5136,-12.998],[-38.5131,-12.9979],[-38.5132,-12.9983],[-38.5124,-12.9998],[-38.5124,-13.001],[-38.5121,-13.0017],[-38.513,-13.0037],[-38.5141,-13.0031],[-38.5145,-13.0026],[-38.5148,-13.0027],[-38.5155,-13.0015],[-38.5148,-13.0011],[-38.515,-13.0007],[-38.5141,-13.0001],[-38.5148,-12.9999],[-38.5144,-12.9992]]]}},{"type":"Feature","properties":{"c":"b233","b":233,"n":"Alto do Cabrito","m":"2927408","cx":-38.4757,"cy":-12.9106},"geometry":{"type":"Polygon","coordinates":[[[-38.478,-12.9071],[-38.4771,-12.907],[-38.4767,-12.9066],[-38.4762,-12.9055],[-38.4758,-12.905],[-38.4733,-12.9034],[-38.473,-12.9028],[-38.4713,-12.9029],[-38.471,-12.9026],[-38.4701,-12.9028],[-38.4701,-12.9039],[-38.4705,-12.905],[-38.4701,-12.9066],[-38.4706,-12.9076],[-38.4713,-12.9083],[-38.4717,-12.9091],[-38.4716,-12.9097],[-38.473,-12.9116],[-38.4733,-12.9125],[-38.4726,-12.9139],[-38.4726,-12.9151],[-38.4727,-12.9163],[-38.4726,-12.9171],[-38.4736,-12.9169],[-38.4745,-12.9174],[-38.4751,-12.9174],[-38.4761,-12.9171],[-38.4769,-12.9174],[-38.4782,-12.9171],[-38.4782,-12.9164],[-38.4785,-12.9162],[-38.4801,-12.9168],[-38.4806,-12.9167],[-38.4806,-12.9154],[-38.4783,-12.9078],[-38.478,-12.9071]]]}},{"type":"Feature","properties":{"c":"b234","b":234,"n":"Alto do Coqueirinho","m":"2927408","cx":-38.3725,"cy":-12.9403},"geometry":{"type":"Polygon","coordinates":[[[-38.3758,-12.9406],[-38.3763,-12.94],[-38.3758,-12.9388],[-38.3747,-12.9369],[-38.3743,-12.9365],[-38.374,-12.9356],[-38.3733,-12.9358],[-38.3729,-12.9354],[-38.3728,-12.9364],[-38.3729,-12.9369],[-38.3723,-12.9376],[-38.3716,-12.9373],[-38.3708,-12.9385],[-38.369,-12.9397],[-38.3689,-12.9406],[-38.3696,-12.9413],[-38.3701,-12.9414],[-38.3699,-12.9425],[-38.3692,-12.943],[-38.3696,-12.9435],[-38.3709,-12.9447],[-38.3715,-12.9454],[-38.3727,-12.9447],[-38.3733,-12.944],[-38.3737,-12.9433],[-38.3752,-12.9425],[-38.3753,-12.9418],[-38.3762,-12.9415],[-38.3758,-12.9406]]]}},{"type":"Feature","properties":{"c":"b235","b":235,"n":"Amaralina","m":"2927408","cx":-38.4725,"cy":-13.013},"geometry":{"type":"Polygon","coordinates":[[[-38.467,-13.012],[-38.4668,-13.012],[-38.4679,-13.0132],[-38.4683,-13.0142],[-38.4687,-13.0149],[-38.4702,-13.0145],[-38.4711,-13.0149],[-38.4716,-13.0146],[-38.4733,-13.0141],[-38.4758,-13.0145],[-38.4785,-13.0153],[-38.4792,-13.0159],[-38.4798,-13.0161],[-38.4806,-13.0154],[-38.4813,-13.0154],[-38.4814,-13.0148],[-38.4819,-13.0148],[-38.4819,-13.0138],[-38.4824,-13.0128],[-38.4814,-13.0126],[-38.4814,-13.0122],[-38.4809,-13.0124],[-38.4804,-13.0122],[-38.4799,-13.0128],[-38.4799,-13.0132],[-38.4791,-13.0135],[-38.4773,-13.0133],[-38.4775,-13.0121],[-38.4767,-13.0124],[-38.4756,-13.0124],[-38.4755,-13.0122],[-38.474,-13.0121],[-38.4734,-13.0114],[-38.4733,-13.0107],[-38.4727,-13.012],[-38.4713,-13.0119],[-38.4713,-13.0114],[-38.4701,-13.0107],[-38.469,-13.0117],[-38.4684,-13.0115],[-38.4693,-13.0108],[-38.4684,-13.0102],[-38.467,-13.012]]]}},{"type":"Feature","properties":{"c":"b236","b":236,"n":"Areia Branca","m":"2927408","cx":-38.3569,"cy":-12.8494},"geometry":{"type":"Polygon","coordinates":[[[-38.3632,-12.8572],[-38.3615,-12.8535],[-38.3613,-12.8521],[-38.3619,-12.8432],[-38.3623,-12.8415],[-38.3631,-12.8404],[-38.3611,-12.8384],[-38.357,-12.8332],[-38.3547,-12.8356],[-38.3534,-12.8391],[-38.3534,-12.8403],[-38.3525,-12.8466],[-38.3522,-12.8529],[-38.3538,-12.8587],[-38.3544,-12.8612],[-38.3546,-12.8655],[-38.356,-12.8652],[-38.3567,-12.8644],[-38.3584,-12.8641],[-38.359,-12.8636],[-38.3594,-12.8628],[-38.3603,-12.8625],[-38.3599,-12.8615],[-38.36,-12.8608],[-38.3615,-12.8603],[-38.3624,-12.8592],[-38.3623,-12.8586],[-38.3627,-12.8583],[-38.3635,-12.8584],[-38.3632,-12.8572]]]}},{"type":"Feature","properties":{"c":"b237","b":237,"n":"Arenoso","m":"2927408","cx":-38.4416,"cy":-12.9477},"geometry":{"type":"Polygon","coordinates":[[[-38.4386,-12.9521],[-38.4386,-12.9523],[-38.4396,-12.9523],[-38.4415,-12.9517],[-38.4418,-12.9505],[-38.4422,-12.9506],[-38.444,-12.9525],[-38.4441,-12.9517],[-38.4432,-12.9505],[-38.4433,-12.9499],[-38.4439,-12.9489],[-38.4449,-12.9461],[-38.4446,-12.9451],[-38.4448,-12.9437],[-38.4441,-12.9428],[-38.4433,-12.9427],[-38.4426,-12.9428],[-38.4425,-12.9432],[-38.4413,-12.9442],[-38.4411,-12.9456],[-38.4404,-12.9464],[-38.4394,-12.9472],[-38.4385,-12.9482],[-38.4384,-12.9485],[-38.4374,-12.9489],[-38.4367,-12.9486],[-38.4366,-12.9492],[-38.4371,-12.9516],[-38.4374,-12.9523],[-38.4386,-12.9521]]]}},{"type":"Feature","properties":{"c":"b238","b":238,"n":"Arraial do Retiro","m":"2927408","cx":-38.4682,"cy":-12.9411},"geometry":{"type":"Polygon","coordinates":[[[-38.4703,-12.9442],[-38.4708,-12.9416],[-38.4711,-12.9407],[-38.4722,-12.9379],[-38.4725,-12.9364],[-38.4723,-12.9354],[-38.4714,-12.9328],[-38.4711,-12.9344],[-38.4716,-12.9355],[-38.4717,-12.9362],[-38.4713,-12.9368],[-38.4705,-12.937],[-38.4705,-12.9373],[-38.471,-12.9379],[-38.4708,-12.9392],[-38.4699,-12.9403],[-38.4693,-12.9399],[-38.4677,-12.9399],[-38.4661,-12.941],[-38.465,-12.9413],[-38.4646,-12.942],[-38.4636,-12.9425],[-38.463,-12.9446],[-38.4641,-12.9455],[-38.4629,-12.9467],[-38.4625,-12.9482],[-38.4618,-12.9484],[-38.4622,-12.9492],[-38.4627,-12.9496],[-38.4634,-12.9495],[-38.4645,-12.9476],[-38.4659,-12.9466],[-38.4667,-12.9477],[-38.4671,-12.9475],[-38.4669,-12.9466],[-38.4664,-12.9458],[-38.4676,-12.9452],[-38.4682,-12.9462],[-38.469,-12.9459],[-38.4688,-12.9453],[-38.4697,-12.9451],[-38.47,-12.9443],[-38.4702,-12.9443],[-38.4703,-12.9442]]]}},{"type":"Feature","properties":{"c":"b239","b":239,"n":"Bairro da Paz","m":"2927408","cx":-38.3753,"cy":-12.931},"geometry":{"type":"Polygon","coordinates":[[[-38.3685,-12.9255],[-38.3683,-12.9258],[-38.3676,-12.9263],[-38.3674,-12.9268],[-38.3678,-12.9279],[-38.3694,-12.9291],[-38.3698,-12.9296],[-38.3698,-12.9307],[-38.3702,-12.9314],[-38.371,-12.9317],[-38.3711,-12.9323],[-38.3706,-12.9329],[-38.3707,-12.9333],[-38.3719,-12.9342],[-38.3725,-12.9342],[-38.3734,-12.9336],[-38.3743,-12.9328],[-38.3754,-12.9328],[-38.3788,-12.9351],[-38.3794,-12.9358],[-38.3807,-12.9384],[-38.3815,-12.9379],[-38.3822,-12.9378],[-38.3817,-12.936],[-38.3804,-12.9306],[-38.3801,-12.9288],[-38.38,-12.9267],[-38.3804,-12.9255],[-38.3719,-12.924],[-38.3687,-12.9234],[-38.3685,-12.9255]]]}},{"type":"Feature","properties":{"c":"b240","b":240,"n":"Baixa de Quintas","m":"2927408","cx":-38.4915,"cy":-12.9639},"geometry":{"type":"Polygon","coordinates":[[[-38.4948,-12.9625],[-38.4941,-12.9614],[-38.4938,-12.9625],[-38.4934,-12.9627],[-38.4928,-12.9625],[-38.4927,-12.9622],[-38.4922,-12.9623],[-38.492,-12.9614],[-38.4914,-12.9608],[-38.4909,-12.9609],[-38.4908,-12.9604],[-38.4899,-12.9606],[-38.4902,-12.9612],[-38.4896,-12.961],[-38.4893,-12.9601],[-38.4892,-12.9609],[-38.4899,-12.9616],[-38.4899,-12.9618],[-38.4908,-12.9624],[-38.4898,-12.9626],[-38.4893,-12.9634],[-38.4884,-12.9643],[-38.4889,-12.9649],[-38.4895,-12.9643],[-38.4904,-12.9647],[-38.4902,-12.9655],[-38.4903,-12.9668],[-38.4914,-12.9663],[-38.4926,-12.9662],[-38.4928,-12.9655],[-38.4935,-12.9655],[-38.4941,-12.9644],[-38.4942,-12.9632],[-38.4936,-12.9634],[-38.4937,-12.963],[-38.4956,-12.9627],[-38.4948,-12.9625]]]}},{"type":"Feature","properties":{"c":"b241","b":241,"n":"Barbalho","m":"2927408","cx":-38.4998,"cy":-12.9645},"geometry":{"type":"Polygon","coordinates":[[[-38.4978,-12.97],[-38.4987,-12.97],[-38.4996,-12.9696],[-38.5,-12.9695],[-38.5034,-12.9688],[-38.5039,-12.9689],[-38.5037,-12.9676],[-38.504,-12.9664],[-38.5023,-12.9665],[-38.5018,-12.9669],[-38.5013,-12.9662],[-38.5014,-12.965],[-38.5019,-12.9636],[-38.5019,-12.9621],[-38.5021,-12.9613],[-38.5018,-12.9607],[-38.5019,-12.9597],[-38.5015,-12.9593],[-38.5011,-12.9596],[-38.5006,-12.9591],[-38.5004,-12.9594],[-38.4993,-12.9599],[-38.4984,-12.9607],[-38.4972,-12.9614],[-38.4956,-12.9627],[-38.4959,-12.9631],[-38.4967,-12.9635],[-38.4973,-12.9643],[-38.4979,-12.9644],[-38.4985,-12.965],[-38.4991,-12.966],[-38.4987,-12.966],[-38.4981,-12.9649],[-38.4977,-12.9647],[-38.4984,-12.9662],[-38.499,-12.9665],[-38.4985,-12.9668],[-38.4988,-12.9674],[-38.4979,-12.9678],[-38.4976,-12.9687],[-38.4983,-12.9691],[-38.4979,-12.9694],[-38.4969,-12.969],[-38.4965,-12.9695],[-38.4978,-12.97]]]}},{"type":"Feature","properties":{"c":"b242","b":242,"n":"Barra","m":"2927408","cx":-38.5291,"cy":-13.0044},"geometry":{"type":"Polygon","coordinates":[[[-38.5293,-12.997],[-38.5292,-12.9976],[-38.5283,-12.9974],[-38.528,-12.9967],[-38.5276,-12.9967],[-38.5272,-12.997],[-38.5273,-12.9982],[-38.5268,-12.9984],[-38.5268,-12.9993],[-38.5273,-12.9996],[-38.5279,-13.0007],[-38.5272,-13.0016],[-38.528,-13.003],[-38.5285,-13.0034],[-38.5285,-13.0038],[-38.5273,-13.0033],[-38.5269,-13.0026],[-38.5263,-13.0021],[-38.5252,-13.002],[-38.5251,-13.0025],[-38.5241,-13.0023],[-38.5241,-13.0046],[-38.5232,-13.0047],[-38.5231,-13.0065],[-38.5222,-13.006],[-38.521,-13.0063],[-38.5197,-13.0081],[-38.5189,-13.0079],[-38.5191,-13.0088],[-38.5184,-13.0095],[-38.5181,-13.0106],[-38.5186,-13.0106],[-38.5192,-13.01],[-38.5209,-13.0105],[-38.5216,-13.0109],[-38.5228,-13.0112],[-38.5237,-13.0118],[-38.5245,-13.0114],[-38.5245,-13.0104],[-38.5259,-13.01],[-38.5278,-13.0099],[-38.5301,-13.0103],[-38.5316,-13.0104],[-38.5322,-13.0108],[-38.5319,-13.011],[-38.5323,-13.0115],[-38.533,-13.0116],[-38.5336,-13.0112],[-38.5331,-13.0109],[-38.534,-13.0108],[-38.5338,-13.0102],[-38.5331,-13.0096],[-38.5326,-13.0095],[-38.5324,-13.0085],[-38.5329,-13.0083],[-38.5332,-13.0077],[-38.5338,-13.0073],[-38.5338,-13.0067],[-38.5332,-13.0061],[-38.5335,-13.0053],[-38.534,-13.0053],[-38.5342,-13.004],[-38.5336,-13.0042],[-38.5333,-13.0039],[-38.533,-13.0023],[-38.5332,-13.0019],[-38.5331,-13.001],[-38.5325,-13.0002],[-38.5322,-13.0005],[-38.5306,-12.9996],[-38.5298,-12.9986],[-38.5299,-12.997],[-38.5293,-12.997]]]}},{"type":"Feature","properties":{"c":"b243","b":243,"n":"Barreiras","m":"2927408","cx":-38.4587,"cy":-12.9449},"geometry":{"type":"Polygon","coordinates":[[[-38.4522,-12.9407],[-38.4527,-12.941],[-38.4523,-12.9419],[-38.4526,-12.9421],[-38.4523,-12.9429],[-38.4532,-12.943],[-38.4542,-12.9435],[-38.4545,-12.9443],[-38.4538,-12.9452],[-38.4528,-12.9457],[-38.4529,-12.9465],[-38.4527,-12.9474],[-38.4535,-12.9482],[-38.4536,-12.9485],[-38.4548,-12.9473],[-38.456,-12.9468],[-38.4569,-12.946],[-38.4574,-12.946],[-38.4585,-12.9463],[-38.4589,-12.9468],[-38.4593,-12.9469],[-38.4591,-12.948],[-38.4592,-12.949],[-38.461,-12.9495],[-38.4609,-12.9502],[-38.4624,-12.9507],[-38.4634,-12.9495],[-38.4627,-12.9496],[-38.4622,-12.9492],[-38.4618,-12.9484],[-38.4625,-12.9482],[-38.4629,-12.9467],[-38.4641,-12.9455],[-38.463,-12.9446],[-38.4636,-12.9425],[-38.4646,-12.942],[-38.465,-12.9413],[-38.4635,-12.9412],[-38.4624,-12.9409],[-38.46,-12.9399],[-38.4588,-12.9389],[-38.4582,-12.9391],[-38.4575,-12.9396],[-38.4562,-12.9402],[-38.456,-12.9406],[-38.455,-12.9408],[-38.4542,-12.9403],[-38.4533,-12.9403],[-38.4525,-12.9397],[-38.4522,-12.9407]]]}},{"type":"Feature","properties":{"c":"b244","b":244,"n":"Barris","m":"2927408","cx":-38.5136,"cy":-12.9869},"geometry":{"type":"Polygon","coordinates":[[[-38.5123,-12.988],[-38.5126,-12.9885],[-38.5138,-12.9885],[-38.5139,-12.989],[-38.5145,-12.9894],[-38.5147,-12.9901],[-38.5158,-12.9915],[-38.5165,-12.9917],[-38.5168,-12.9909],[-38.5161,-12.9907],[-38.5154,-12.99],[-38.5155,-12.9895],[-38.5161,-12.989],[-38.516,-12.9886],[-38.5156,-12.9881],[-38.5159,-12.9875],[-38.5161,-12.9861],[-38.5167,-12.9854],[-38.5163,-12.9846],[-38.5156,-12.9854],[-38.5144,-12.9841],[-38.5148,-12.9835],[-38.5144,-12.9831],[-38.5142,-12.9824],[-38.5134,-12.9818],[-38.5132,-12.9817],[-38.5125,-12.9827],[-38.5118,-12.9822],[-38.5107,-12.9832],[-38.5105,-12.9846],[-38.5108,-12.9863],[-38.5117,-12.988],[-38.5123,-12.988]]]}},{"type":"Feature","properties":{"c":"b245","b":245,"n":"Beiru / Tancredo Neves","m":"2927408","cx":-38.4488,"cy":-12.9459},"geometry":{"type":"Polygon","coordinates":[[[-38.4527,-12.9532],[-38.4527,-12.9526],[-38.4538,-12.9525],[-38.4542,-12.9522],[-38.4539,-12.9515],[-38.4536,-12.9485],[-38.4535,-12.9482],[-38.4527,-12.9474],[-38.4529,-12.9465],[-38.4528,-12.9457],[-38.4538,-12.9452],[-38.4545,-12.9443],[-38.4542,-12.9435],[-38.4532,-12.943],[-38.4523,-12.9429],[-38.4526,-12.9421],[-38.4523,-12.9419],[-38.4527,-12.941],[-38.4522,-12.9407],[-38.4525,-12.9397],[-38.4507,-12.9397],[-38.4501,-12.9387],[-38.4493,-12.9383],[-38.4493,-12.9378],[-38.448,-12.938],[-38.4474,-12.9378],[-38.4462,-12.9378],[-38.4453,-12.9383],[-38.4437,-12.9388],[-38.4427,-12.9398],[-38.4426,-12.9402],[-38.4419,-12.9411],[-38.4417,-12.9417],[-38.4424,-12.9421],[-38.4426,-12.9428],[-38.4433,-12.9427],[-38.4441,-12.9428],[-38.4448,-12.9437],[-38.4446,-12.9451],[-38.4449,-12.9461],[-38.4439,-12.9489],[-38.4433,-12.9499],[-38.4432,-12.9505],[-38.4441,-12.9517],[-38.444,-12.9525],[-38.4458,-12.9542],[-38.4474,-12.9534],[-38.4475,-12.9528],[-38.4485,-12.9517],[-38.4487,-12.9512],[-38.4491,-12.952],[-38.4502,-12.9519],[-38.4511,-12.9524],[-38.4515,-12.9532],[-38.4519,-12.9532],[-38.4527,-12.9532]]]}},{"type":"Feature","properties":{"c":"b246","b":246,"n":"Boa Viagem","m":"2927408","cx":-38.5113,"cy":-12.9327},"geometry":{"type":"Polygon","coordinates":[[[-38.5154,-12.9304],[-38.5142,-12.9312],[-38.5138,-12.9306],[-38.5133,-12.9309],[-38.5118,-12.9295],[-38.5113,-12.9302],[-38.511,-12.93],[-38.5106,-12.9303],[-38.5099,-12.9322],[-38.5084,-12.9335],[-38.5086,-12.9338],[-38.5075,-12.9347],[-38.508,-12.9353],[-38.5075,-12.9357],[-38.5086,-12.9365],[-38.5094,-12.9356],[-38.511,-12.9342],[-38.5124,-12.9332],[-38.516,-12.9311],[-38.5154,-12.9304]]]}},{"type":"Feature","properties":{"c":"b247","b":247,"n":"Boa Vista de Brotas","m":"2927408","cx":-38.5006,"cy":-12.9831},"geometry":{"type":"Polygon","coordinates":[[[-38.4985,-12.9849],[-38.4995,-12.985],[-38.4997,-12.9866],[-38.5003,-12.9864],[-38.5003,-12.9857],[-38.5007,-12.9854],[-38.5016,-12.9851],[-38.502,-12.9834],[-38.5011,-12.9828],[-38.5018,-12.9823],[-38.5019,-12.982],[-38.5013,-12.981],[-38.5016,-12.9808],[-38.5014,-12.98],[-38.5009,-12.9804],[-38.5003,-12.9795],[-38.4998,-12.9799],[-38.5003,-12.9803],[-38.5001,-12.9806],[-38.4992,-12.98],[-38.4983,-12.9801],[-38.4977,-12.9808],[-38.4978,-12.9811],[-38.4992,-12.9822],[-38.4989,-12.9825],[-38.4991,-12.9829],[-38.5004,-12.9836],[-38.5003,-12.9838],[-38.4994,-12.9839],[-38.4983,-12.9836],[-38.4975,-12.9844],[-38.4973,-12.9857],[-38.4985,-12.9849]]]}},{"type":"Feature","properties":{"c":"b248","b":248,"n":"Boa Vista de São Caetano","m":"2927408","cx":-38.4781,"cy":-12.9248},"geometry":{"type":"Polygon","coordinates":[[[-38.481,-12.9251],[-38.482,-12.9251],[-38.4825,-12.9254],[-38.4836,-12.9256],[-38.4832,-12.9252],[-38.4825,-12.9252],[-38.4821,-12.9245],[-38.4824,-12.924],[-38.4821,-12.9229],[-38.4814,-12.9228],[-38.4804,-12.9221],[-38.4802,-12.9225],[-38.4795,-12.9225],[-38.4793,-12.9215],[-38.4781,-12.9217],[-38.4767,-12.9213],[-38.4761,-12.9207],[-38.4757,-12.9207],[-38.4755,-12.9212],[-38.4746,-12.9218],[-38.4739,-12.9216],[-38.4738,-12.9208],[-38.4731,-12.9209],[-38.4734,-12.9218],[-38.4739,-12.9224],[-38.4733,-12.9234],[-38.4739,-12.9245],[-38.4741,-12.9254],[-38.4738,-12.926],[-38.4727,-12.9271],[-38.4717,-12.9278],[-38.4713,-12.9286],[-38.4716,-12.9289],[-38.4733,-12.9288],[-38.4734,-12.9285],[-38.4744,-12.9285],[-38.4751,-12.9282],[-38.4758,-12.9284],[-38.4773,-12.928],[-38.4784,-12.9274],[-38.4786,-12.9276],[-38.4796,-12.9265],[-38.481,-12.9251]]]}},{"type":"Feature","properties":{"c":"b249","b":249,"n":"Boca da Mata","m":"2927408","cx":-38.3896,"cy":-12.8982},"geometry":{"type":"Polygon","coordinates":[[[-38.3925,-12.9002],[-38.3936,-12.8998],[-38.3947,-12.8991],[-38.3958,-12.8987],[-38.3963,-12.8983],[-38.3959,-12.8978],[-38.3955,-12.898],[-38.3945,-12.8967],[-38.3943,-12.8963],[-38.3928,-12.8952],[-38.3929,-12.8947],[-38.3925,-12.8944],[-38.3926,-12.8939],[-38.3915,-12.8936],[-38.3912,-12.8932],[-38.3905,-12.893],[-38.3898,-12.8932],[-38.388,-12.8921],[-38.3864,-12.891],[-38.3854,-12.8925],[-38.385,-12.894],[-38.385,-12.8951],[-38.3826,-12.8989],[-38.3824,-12.8997],[-38.3819,-12.9006],[-38.3805,-12.9014],[-38.3798,-12.9023],[-38.3796,-12.903],[-38.3795,-12.9035],[-38.3803,-12.9041],[-38.3839,-12.9056],[-38.3844,-12.9052],[-38.3856,-12.9053],[-38.3867,-12.9049],[-38.3876,-12.9041],[-38.3888,-12.9034],[-38.3896,-12.9026],[-38.3925,-12.9002]]]}},{"type":"Feature","properties":{"c":"b250","b":250,"n":"Boca do Rio","m":"2927408","cx":-38.4269,"cy":-12.9749},"geometry":{"type":"Polygon","coordinates":[[[-38.4407,-12.9777],[-38.4423,-12.9781],[-38.4414,-12.977],[-38.4396,-12.9768],[-38.4383,-12.977],[-38.4365,-12.9758],[-38.4345,-12.9748],[-38.4336,-12.9745],[-38.4341,-12.9734],[-38.4334,-12.9738],[-38.4328,-12.9738],[-38.4302,-12.9732],[-38.4292,-12.9728],[-38.4286,-12.9722],[-38.4286,-12.9709],[-38.4278,-12.9712],[-38.4277,-12.9706],[-38.428,-12.9697],[-38.4292,-12.9692],[-38.4292,-12.9689],[-38.4269,-12.9689],[-38.4266,-12.9683],[-38.4278,-12.9683],[-38.428,-12.9681],[-38.4283,-12.9668],[-38.4291,-12.9649],[-38.429,-12.964],[-38.4285,-12.9626],[-38.4277,-12.9616],[-38.4269,-12.9615],[-38.4265,-12.9617],[-38.4264,-12.9623],[-38.4251,-12.9635],[-38.4238,-12.9637],[-38.4231,-12.9646],[-38.423,-12.9659],[-38.4231,-12.9673],[-38.4236,-12.9692],[-38.4223,-12.9698],[-38.4206,-12.9716],[-38.4199,-12.9725],[-38.419,-12.9752],[-38.4179,-12.9751],[-38.417,-12.9764],[-38.4186,-12.9774],[-38.4198,-12.9784],[-38.4208,-12.9785],[-38.4212,-12.9783],[-38.4218,-12.9784],[-38.4234,-12.9794],[-38.4247,-12.9804],[-38.4265,-12.9815],[-38.4279,-12.9827],[-38.4308,-12.9853],[-38.4322,-12.9864],[-38.4337,-12.9882],[-38.4346,-12.987],[-38.4344,-12.9866],[-38.4348,-12.9845],[-38.4352,-12.9843],[-38.4359,-12.9817],[-38.4363,-12.9809],[-38.4366,-12.981],[-38.4372,-12.9806],[-38.4383,-12.9806],[-38.4386,-12.9815],[-38.4396,-12.9813],[-38.4403,-12.9816],[-38.4407,-12.9777]]]}},{"type":"Feature","properties":{"c":"b251","b":251,"n":"Bom Juá","m":"2927408","cx":-38.4724,"cy":-12.9444},"geometry":{"type":"Polygon","coordinates":[[[-38.4761,-12.9374],[-38.4755,-12.9383],[-38.4739,-12.9388],[-38.4735,-12.9393],[-38.473,-12.9389],[-38.4736,-12.9382],[-38.4728,-12.9383],[-38.4717,-12.9403],[-38.4711,-12.9407],[-38.4708,-12.9416],[-38.4703,-12.9442],[-38.4706,-12.9447],[-38.4711,-12.9446],[-38.4714,-12.9459],[-38.4727,-12.9469],[-38.4733,-12.9483],[-38.4739,-12.9497],[-38.4749,-12.9508],[-38.4751,-12.9513],[-38.476,-12.9513],[-38.4759,-12.9503],[-38.4745,-12.9496],[-38.4754,-12.9484],[-38.4753,-12.948],[-38.4743,-12.948],[-38.4743,-12.9464],[-38.4746,-12.9466],[-38.4752,-12.9459],[-38.4745,-12.9455],[-38.4744,-12.9442],[-38.4738,-12.944],[-38.473,-12.944],[-38.4719,-12.9431],[-38.4723,-12.943],[-38.4719,-12.9418],[-38.4731,-12.9414],[-38.4731,-12.9409],[-38.4738,-12.9409],[-38.4749,-12.9404],[-38.4759,-12.9403],[-38.4765,-12.9393],[-38.477,-12.939],[-38.4767,-12.9384],[-38.4761,-12.9374]]]}},{"type":"Feature","properties":{"c":"b252","b":252,"n":"Bonfim","m":"2927408","cx":-38.5082,"cy":-12.9286},"geometry":{"type":"Polygon","coordinates":[[[-38.5055,-12.9361],[-38.5058,-12.9356],[-38.5064,-12.9355],[-38.5067,-12.9363],[-38.5075,-12.9357],[-38.508,-12.9353],[-38.5075,-12.9347],[-38.5086,-12.9338],[-38.5084,-12.9335],[-38.5099,-12.9322],[-38.5106,-12.9303],[-38.511,-12.93],[-38.5113,-12.9302],[-38.5118,-12.9295],[-38.5097,-12.9276],[-38.5104,-12.9268],[-38.5107,-12.927],[-38.5118,-12.9257],[-38.5103,-12.9253],[-38.5099,-12.9245],[-38.5115,-12.9245],[-38.5118,-12.9238],[-38.5115,-12.9232],[-38.5119,-12.9224],[-38.5117,-12.9215],[-38.5112,-12.9216],[-38.5082,-12.9218],[-38.5071,-12.9215],[-38.5052,-12.9218],[-38.5048,-12.9217],[-38.5033,-12.9206],[-38.5025,-12.9216],[-38.5027,-12.9218],[-38.5019,-12.9222],[-38.5024,-12.9233],[-38.5027,-12.9246],[-38.5044,-12.9242],[-38.5047,-12.9244],[-38.5058,-12.9244],[-38.5057,-12.9299],[-38.5055,-12.9351],[-38.5054,-12.9357],[-38.5055,-12.9361]]]}},{"type":"Feature","properties":{"c":"b253","b":253,"n":"Brotas","m":"2927408","cx":-38.4819,"cy":-12.9863},"geometry":{"type":"Polygon","coordinates":[[[-38.4766,-12.9755],[-38.4761,-12.9764],[-38.4755,-12.9769],[-38.4738,-12.9776],[-38.4709,-12.9782],[-38.4682,-12.9792],[-38.4664,-12.98],[-38.466,-12.9804],[-38.4659,-12.9817],[-38.4665,-12.9835],[-38.4668,-12.9848],[-38.467,-12.9869],[-38.4675,-12.9878],[-38.4698,-12.9889],[-38.4727,-12.9897],[-38.4751,-12.992],[-38.4754,-12.9925],[-38.4755,-12.994],[-38.476,-12.9939],[-38.4767,-12.9931],[-38.4769,-12.9925],[-38.4781,-12.9909],[-38.4784,-12.9912],[-38.4789,-12.9904],[-38.4803,-12.9904],[-38.4807,-12.9902],[-38.4827,-12.9901],[-38.4824,-12.9909],[-38.482,-12.9915],[-38.4808,-12.9919],[-38.4811,-12.9931],[-38.4827,-12.9944],[-38.4838,-12.9933],[-38.4845,-12.9934],[-38.4856,-12.9945],[-38.4862,-12.9947],[-38.4859,-12.9951],[-38.4862,-12.9955],[-38.4857,-12.996],[-38.4859,-12.9959],[-38.4868,-12.9962],[-38.4875,-12.9962],[-38.4872,-12.9953],[-38.4875,-12.9948],[-38.4883,-12.9961],[-38.4891,-12.9959],[-38.4894,-12.9968],[-38.4905,-12.9964],[-38.4912,-12.9971],[-38.4925,-12.9977],[-38.4926,-12.9975],[-38.4914,-12.9967],[-38.4904,-12.9957],[-38.4904,-12.9953],[-38.4894,-12.9941],[-38.4894,-12.9936],[-38.4902,-12.9923],[-38.4908,-12.9918],[-38.491,-12.991],[-38.4922,-12.9905],[-38.4927,-12.9906],[-38.4927,-12.9896],[-38.4924,-12.9893],[-38.4927,-12.9888],[-38.494,-12.9888],[-38.4953,-12.9884],[-38.496,-12.9884],[-38.496,-12.988],[-38.4969,-12.9882],[-38.4969,-12.9858],[-38.4973,-12.9857],[-38.4975,-12.9844],[-38.4983,-12.9836],[-38.4994,-12.9839],[-38.5003,-12.9838],[-38.5004,-12.9836],[-38.4991,-12.9829],[-38.4989,-12.9825],[-38.4992,-12.9822],[-38.4978,-12.9811],[-38.4977,-12.9808],[-38.4983,-12.9801],[-38.4992,-12.98],[-38.5001,-12.9806],[-38.5003,-12.9803],[-38.4998,-12.9799],[-38.5003,-12.9795],[-38.5009,-12.9804],[-38.5014,-12.98],[-38.5016,-12.9808],[-38.5021,-12.981],[-38.5032,-12.9819],[-38.5037,-12.982],[-38.5035,-12.9804],[-38.5021,-12.9785],[-38.5017,-12.9777],[-38.5006,-12.9782],[-38.4994,-12.9795],[-38.499,-12.9797],[-38.4975,-12.98],[-38.4964,-12.9805],[-38.4945,-12.9826],[-38.4942,-12.9828],[-38.492,-12.9833],[-38.4899,-12.9842],[-38.4874,-12.9841],[-38.486,-12.9845],[-38.4852,-12.9845],[-38.4843,-12.9842],[-38.4831,-12.9835],[-38.4824,-12.9827],[-38.4817,-12.9806],[-38.4807,-12.9791],[-38.4768,-12.9747],[-38.4766,-12.9755]]]}},{"type":"Feature","properties":{"c":"b254","b":254,"n":"Cabula","m":"2927408","cx":-38.4556,"cy":-12.9619},"geometry":{"type":"Polygon","coordinates":[[[-38.4707,-12.9635],[-38.4714,-12.9638],[-38.4718,-12.9646],[-38.4719,-12.9653],[-38.4737,-12.9659],[-38.4748,-12.9668],[-38.4767,-12.9678],[-38.4771,-12.9662],[-38.4771,-12.9652],[-38.4769,-12.9642],[-38.4763,-12.9628],[-38.4751,-12.9613],[-38.4738,-12.9601],[-38.4727,-12.9588],[-38.4721,-12.9578],[-38.4714,-12.9559],[-38.4713,-12.9544],[-38.4705,-12.9542],[-38.4701,-12.9544],[-38.4685,-12.9545],[-38.4677,-12.9551],[-38.4677,-12.9547],[-38.467,-12.954],[-38.466,-12.9534],[-38.4648,-12.9535],[-38.4643,-12.9539],[-38.4641,-12.9548],[-38.4626,-12.9541],[-38.4619,-12.954],[-38.4606,-12.9528],[-38.4609,-12.9502],[-38.4598,-12.9501],[-38.4599,-12.9508],[-38.4587,-12.951],[-38.4577,-12.9509],[-38.4572,-12.9517],[-38.4561,-12.9521],[-38.4553,-12.9521],[-38.4546,-12.9524],[-38.4538,-12.9525],[-38.4527,-12.9526],[-38.4527,-12.9532],[-38.4519,-12.9532],[-38.4518,-12.954],[-38.4523,-12.9546],[-38.4522,-12.9552],[-38.4517,-12.9555],[-38.4507,-12.9545],[-38.4506,-12.9538],[-38.4495,-12.9542],[-38.4498,-12.9561],[-38.4509,-12.9568],[-38.4513,-12.9579],[-38.452,-12.9588],[-38.4524,-12.9584],[-38.4526,-12.9587],[-38.4517,-12.9594],[-38.451,-12.9596],[-38.4515,-12.9605],[-38.4515,-12.9616],[-38.4521,-12.9624],[-38.4518,-12.9636],[-38.4513,-12.964],[-38.4495,-12.9647],[-38.4484,-12.965],[-38.4481,-12.9667],[-38.4473,-12.9676],[-38.4452,-12.9684],[-38.4446,-12.9687],[-38.4434,-12.9703],[-38.4497,-12.9737],[-38.452,-12.9717],[-38.4528,-12.9705],[-38.4533,-12.9688],[-38.4543,-12.9675],[-38.4572,-12.9657],[-38.4582,-12.9646],[-38.4587,-12.9632],[-38.4593,-12.962],[-38.4612,-12.9599],[-38.4619,-12.9594],[-38.4629,-12.9591],[-38.4653,-12.9588],[-38.4658,-12.9587],[-38.4659,-12.9601],[-38.4676,-12.96],[-38.4681,-12.9609],[-38.4683,-12.9618],[-38.4677,-12.9622],[-38.4685,-12.9638],[-38.4707,-12.9635]]]}},{"type":"Feature","properties":{"c":"b255","b":255,"n":"Cabula VI","m":"2927408","cx":-38.4383,"cy":-12.955},"geometry":{"type":"Polygon","coordinates":[[[-38.444,-12.9525],[-38.4422,-12.9506],[-38.4418,-12.9505],[-38.4415,-12.9517],[-38.4396,-12.9523],[-38.4386,-12.9523],[-38.4386,-12.9521],[-38.4374,-12.9523],[-38.4366,-12.9525],[-38.436,-12.9535],[-38.4352,-12.953],[-38.4346,-12.9531],[-38.4341,-12.954],[-38.4334,-12.9542],[-38.4329,-12.9546],[-38.4324,-12.9554],[-38.4322,-12.9563],[-38.4323,-12.9566],[-38.4339,-12.9559],[-38.4344,-12.9559],[-38.4349,-12.9556],[-38.435,-12.9562],[-38.4358,-12.9574],[-38.4368,-12.9586],[-38.4382,-12.9594],[-38.4386,-12.9595],[-38.4397,-12.9602],[-38.4404,-12.9591],[-38.441,-12.957],[-38.4422,-12.9558],[-38.4454,-12.9543],[-38.4458,-12.9542],[-38.444,-12.9525]]]}},{"type":"Feature","properties":{"c":"b256","b":256,"n":"Caixa D'água","m":"2927408","cx":-38.4932,"cy":-12.9582},"geometry":{"type":"MultiPolygon","coordinates":[[[[-38.4972,-12.9614],[-38.4984,-12.9607],[-38.4993,-12.9599],[-38.4975,-12.9578],[-38.4972,-12.957],[-38.4974,-12.957],[-38.4977,-12.9561],[-38.497,-12.9564],[-38.4962,-12.9544],[-38.4965,-12.9542],[-38.4963,-12.9536],[-38.4957,-12.9536],[-38.4959,-12.9543],[-38.4949,-12.9541],[-38.4932,-12.9543],[-38.493,-12.9538],[-38.4927,-12.9543],[-38.491,-12.9544],[-38.4896,-12.9542],[-38.489,-12.9543],[-38.4887,-12.9548],[-38.4879,-12.9553],[-38.4884,-12.9558],[-38.4894,-12.9554],[-38.4897,-12.956],[-38.4892,-12.9563],[-38.4881,-12.9574],[-38.4882,-12.9576],[-38.4889,-12.9587],[-38.4887,-12.959],[-38.489,-12.9608],[-38.4892,-12.9609],[-38.4893,-12.9601],[-38.4896,-12.961],[-38.4902,-12.9612],[-38.4899,-12.9606],[-38.4908,-12.9604],[-38.4909,-12.9609],[-38.4914,-12.9608],[-38.492,-12.9614],[-38.4922,-12.9623],[-38.4927,-12.9622],[-38.4928,-12.9625],[-38.4934,-12.9627],[-38.4938,-12.9625],[-38.4941,-12.9614],[-38.4948,-12.9625],[-38.4956,-12.9627],[-38.4972,-12.9614]]],[[[-38.4899,-12.9618],[-38.4899,-12.9616],[-38.4892,-12.9609],[-38.4899,-12.9618]]]]}},{"type":"Feature","properties":{"c":"b257","b":257,"n":"Cajazeiras II","m":"2927408","cx":-38.4204,"cy":-12.8887},"geometry":{"type":"Polygon","coordinates":[[[-38.424,-12.8883],[-38.4237,-12.8872],[-38.4238,-12.8856],[-38.4244,-12.886],[-38.4248,-12.8857],[-38.4239,-12.885],[-38.4231,-12.885],[-38.4215,-12.8855],[-38.4205,-12.885],[-38.4199,-12.8851],[-38.4186,-12.886],[-38.418,-12.8862],[-38.4175,-12.8861],[-38.4168,-12.8875],[-38.4167,-12.8884],[-38.4162,-12.8891],[-38.4161,-12.8897],[-38.4163,-12.8905],[-38.4167,-12.8909],[-38.4171,-12.8905],[-38.4179,-12.8904],[-38.419,-12.8907],[-38.4198,-12.8902],[-38.4204,-12.8904],[-38.4214,-12.8912],[-38.4216,-12.8917],[-38.4223,-12.892],[-38.4232,-12.8915],[-38.4246,-12.8893],[-38.424,-12.8883]]]}},{"type":"Feature","properties":{"c":"b258","b":258,"n":"Cajazeiras IV","m":"2927408","cx":-38.4246,"cy":-12.8968},"geometry":{"type":"Polygon","coordinates":[[[-38.4286,-12.8986],[-38.4275,-12.8981],[-38.4267,-12.8974],[-38.4262,-12.8958],[-38.4252,-12.8952],[-38.4251,-12.8942],[-38.4247,-12.8938],[-38.4242,-12.8934],[-38.4231,-12.8936],[-38.4222,-12.893],[-38.4214,-12.8934],[-38.422,-12.8938],[-38.4223,-12.8944],[-38.4222,-12.8955],[-38.4228,-12.8965],[-38.4227,-12.8971],[-38.4218,-12.8974],[-38.421,-12.8981],[-38.4207,-12.8989],[-38.4207,-12.8996],[-38.4213,-12.8995],[-38.4214,-12.9004],[-38.422,-12.9012],[-38.4227,-12.9001],[-38.4233,-12.8998],[-38.4247,-12.8998],[-38.4269,-12.8996],[-38.4288,-12.899],[-38.4286,-12.8986]]]}},{"type":"Feature","properties":{"c":"b259","b":259,"n":"Cajazeiras V","m":"2927408","cx":-38.4188,"cy":-12.8942},"geometry":{"type":"Polygon","coordinates":[[[-38.4249,-12.8933],[-38.4256,-12.8925],[-38.4263,-12.8913],[-38.4265,-12.8908],[-38.4261,-12.8903],[-38.4246,-12.8893],[-38.4232,-12.8915],[-38.4223,-12.892],[-38.4216,-12.8917],[-38.4214,-12.8912],[-38.4204,-12.8904],[-38.4198,-12.8902],[-38.419,-12.8907],[-38.4179,-12.8904],[-38.4171,-12.8905],[-38.4167,-12.8909],[-38.4163,-12.8913],[-38.4163,-12.8917],[-38.4168,-12.8923],[-38.4167,-12.8929],[-38.4159,-12.8928],[-38.4155,-12.8931],[-38.4153,-12.894],[-38.4155,-12.8952],[-38.4157,-12.8961],[-38.4164,-12.8963],[-38.4176,-12.8973],[-38.4182,-12.8973],[-38.4194,-12.8981],[-38.4194,-12.8983],[-38.4207,-12.8989],[-38.421,-12.8981],[-38.4218,-12.8974],[-38.4227,-12.8971],[-38.4228,-12.8965],[-38.4222,-12.8955],[-38.4223,-12.8944],[-38.422,-12.8938],[-38.4214,-12.8934],[-38.4222,-12.893],[-38.4231,-12.8936],[-38.4242,-12.8934],[-38.4247,-12.8938],[-38.4249,-12.8933]]]}},{"type":"Feature","properties":{"c":"b260","b":260,"n":"Cajazeiras VI","m":"2927408","cx":-38.4284,"cy":-12.8949},"geometry":{"type":"Polygon","coordinates":[[[-38.4256,-12.8925],[-38.4249,-12.8933],[-38.4247,-12.8938],[-38.4251,-12.8942],[-38.4252,-12.8952],[-38.4262,-12.8958],[-38.4267,-12.8974],[-38.4275,-12.8981],[-38.4286,-12.8986],[-38.4288,-12.899],[-38.43,-12.8985],[-38.4307,-12.8987],[-38.4316,-12.8982],[-38.4321,-12.8972],[-38.4321,-12.8962],[-38.4314,-12.8945],[-38.4312,-12.8937],[-38.4314,-12.8931],[-38.4307,-12.8926],[-38.4303,-12.8924],[-38.4294,-12.8929],[-38.4287,-12.893],[-38.428,-12.8926],[-38.4277,-12.8928],[-38.4272,-12.8918],[-38.4263,-12.8913],[-38.4256,-12.8925]]]}},{"type":"Feature","properties":{"c":"b261","b":261,"n":"Cajazeiras VII","m":"2927408","cx":-38.4272,"cy":-12.8888},"geometry":{"type":"Polygon","coordinates":[[[-38.4244,-12.886],[-38.4238,-12.8856],[-38.4237,-12.8872],[-38.424,-12.8883],[-38.4246,-12.8893],[-38.4261,-12.8903],[-38.4265,-12.8908],[-38.4263,-12.8913],[-38.4272,-12.8918],[-38.4277,-12.8928],[-38.428,-12.8926],[-38.4287,-12.893],[-38.4294,-12.8929],[-38.4303,-12.8924],[-38.4307,-12.8926],[-38.4317,-12.8915],[-38.4322,-12.8907],[-38.4313,-12.8902],[-38.4301,-12.8904],[-38.4293,-12.8901],[-38.43,-12.8895],[-38.4303,-12.888],[-38.4293,-12.8867],[-38.4292,-12.886],[-38.4284,-12.8862],[-38.4281,-12.8865],[-38.4266,-12.8862],[-38.426,-12.8858],[-38.4248,-12.8857],[-38.4244,-12.886]]]}},{"type":"Feature","properties":{"c":"b262","b":262,"n":"Cajazeiras VIII","m":"2927408","cx":-38.4159,"cy":-12.9018},"geometry":{"type":"Polygon","coordinates":[[[-38.4102,-12.9056],[-38.4107,-12.9065],[-38.4118,-12.9068],[-38.412,-12.9073],[-38.4128,-12.9072],[-38.4143,-12.9083],[-38.4148,-12.9078],[-38.4168,-12.9067],[-38.4177,-12.9061],[-38.4197,-12.9044],[-38.4215,-12.903],[-38.422,-12.9012],[-38.4214,-12.9004],[-38.4213,-12.8995],[-38.4207,-12.8996],[-38.4207,-12.8989],[-38.4194,-12.8983],[-38.4194,-12.8981],[-38.4182,-12.8973],[-38.4176,-12.8973],[-38.4164,-12.8963],[-38.4157,-12.8961],[-38.4149,-12.8963],[-38.4138,-12.8961],[-38.413,-12.8964],[-38.4122,-12.8975],[-38.4102,-12.8977],[-38.4093,-12.8981],[-38.4083,-12.8981],[-38.4078,-12.8992],[-38.4078,-12.8996],[-38.4093,-12.8999],[-38.4095,-12.9006],[-38.41,-12.9009],[-38.4099,-12.9024],[-38.4105,-12.903],[-38.4103,-12.9036],[-38.4098,-12.9039],[-38.4099,-12.9046],[-38.4098,-12.9054],[-38.4102,-12.9056]]]}},{"type":"Feature","properties":{"c":"b263","b":263,"n":"Cajazeiras X","m":"2927408","cx":-38.4118,"cy":-12.8933},"geometry":{"type":"Polygon","coordinates":[[[-38.4155,-12.8952],[-38.4153,-12.894],[-38.414,-12.8927],[-38.4143,-12.8919],[-38.4139,-12.8911],[-38.4132,-12.8902],[-38.4132,-12.889],[-38.4128,-12.8884],[-38.4122,-12.8882],[-38.411,-12.8881],[-38.4099,-12.8875],[-38.4088,-12.8884],[-38.4071,-12.8896],[-38.4071,-12.8905],[-38.4083,-12.8911],[-38.4088,-12.8925],[-38.4091,-12.8948],[-38.4089,-12.8963],[-38.4075,-12.8971],[-38.4071,-12.8979],[-38.4072,-12.8983],[-38.4078,-12.8991],[-38.4083,-12.8981],[-38.4093,-12.8981],[-38.4102,-12.8977],[-38.4122,-12.8975],[-38.413,-12.8964],[-38.4138,-12.8961],[-38.4149,-12.8963],[-38.4157,-12.8961],[-38.4155,-12.8952]]]}},{"type":"Feature","properties":{"c":"b264","b":264,"n":"Cajazeiras XI","m":"2927408","cx":-38.3992,"cy":-12.8833},"geometry":{"type":"Polygon","coordinates":[[[-38.4071,-12.8896],[-38.4088,-12.8884],[-38.4099,-12.8875],[-38.411,-12.8881],[-38.4122,-12.8882],[-38.4128,-12.8884],[-38.4132,-12.889],[-38.4132,-12.8902],[-38.4139,-12.8911],[-38.4143,-12.8919],[-38.414,-12.8927],[-38.4153,-12.894],[-38.4155,-12.8931],[-38.4159,-12.8928],[-38.4167,-12.8929],[-38.4168,-12.8923],[-38.4163,-12.8917],[-38.4163,-12.8913],[-38.4167,-12.8909],[-38.4163,-12.8905],[-38.4161,-12.8897],[-38.4162,-12.8891],[-38.4167,-12.8884],[-38.4168,-12.8875],[-38.4175,-12.8861],[-38.4171,-12.8855],[-38.4172,-12.883],[-38.4175,-12.882],[-38.4157,-12.8816],[-38.4151,-12.8817],[-38.4144,-12.8805],[-38.4143,-12.879],[-38.4136,-12.8781],[-38.4126,-12.8779],[-38.4116,-12.8779],[-38.4108,-12.8773],[-38.4097,-12.8769],[-38.4094,-12.8759],[-38.409,-12.8756],[-38.4085,-12.8742],[-38.4077,-12.8738],[-38.4072,-12.8738],[-38.4068,-12.8735],[-38.4059,-12.8729],[-38.4051,-12.8732],[-38.4048,-12.874],[-38.4042,-12.8741],[-38.4039,-12.875],[-38.4039,-12.876],[-38.4036,-12.8765],[-38.4024,-12.8772],[-38.4015,-12.8771],[-38.401,-12.8774],[-38.4001,-12.8776],[-38.3992,-12.8781],[-38.3983,-12.8778],[-38.3979,-12.8784],[-38.3971,-12.8789],[-38.3969,-12.8796],[-38.3962,-12.8797],[-38.3954,-12.8788],[-38.3949,-12.879],[-38.3947,-12.8787],[-38.3939,-12.8787],[-38.3936,-12.8794],[-38.3943,-12.8803],[-38.3943,-12.8808],[-38.3938,-12.8816],[-38.3932,-12.882],[-38.3925,-12.8836],[-38.3906,-12.8854],[-38.391,-12.8858],[-38.3919,-12.8854],[-38.3931,-12.8857],[-38.3948,-12.8854],[-38.3948,-12.8842],[-38.3955,-12.8841],[-38.3965,-12.8843],[-38.3982,-12.884],[-38.4002,-12.8845],[-38.4013,-12.8852],[-38.4008,-12.8859],[-38.4014,-12.8873],[-38.4017,-12.8873],[-38.4022,-12.8868],[-38.4034,-12.8865],[-38.4028,-12.8854],[-38.4034,-12.8852],[-38.4042,-12.8853],[-38.4051,-12.8846],[-38.4059,-12.8831],[-38.4063,-12.8826],[-38.4065,-12.8836],[-38.4065,-12.8842],[-38.4066,-12.8856],[-38.4062,-12.8867],[-38.4065,-12.8879],[-38.4063,-12.8881],[-38.4067,-12.8893],[-38.4069,-12.8901],[-38.4071,-12.8905],[-38.4071,-12.8896]]]}},{"type":"Feature","properties":{"c":"b265","b":265,"n":"Calabar","m":"2927408","cx":-38.5151,"cy":-13.0029},"geometry":{"type":"Polygon","coordinates":[[[-38.5172,-13.0],[-38.5166,-13.0001],[-38.5168,-13.0008],[-38.5163,-13.0011],[-38.5158,-13.0005],[-38.5154,-12.9991],[-38.515,-12.9992],[-38.5148,-12.9999],[-38.5141,-13.0001],[-38.515,-13.0007],[-38.5148,-13.0011],[-38.5155,-13.0015],[-38.5148,-13.0027],[-38.5145,-13.0026],[-38.5141,-13.0031],[-38.513,-13.0037],[-38.5128,-13.004],[-38.5134,-13.0046],[-38.5142,-13.0048],[-38.5151,-13.0054],[-38.5156,-13.0058],[-38.5157,-13.0069],[-38.5163,-13.0064],[-38.5163,-13.0054],[-38.5157,-13.0045],[-38.5161,-13.0028],[-38.5175,-13.0007],[-38.5172,-13.0]]]}},{"type":"Feature","properties":{"c":"b266","b":266,"n":"Calabetão","m":"2927408","cx":-38.4677,"cy":-12.9309},"geometry":{"type":"Polygon","coordinates":[[[-38.4658,-12.9323],[-38.4663,-12.9326],[-38.4664,-12.9331],[-38.4672,-12.9333],[-38.4681,-12.9345],[-38.4683,-12.936],[-38.4688,-12.9368],[-38.4695,-12.9368],[-38.4705,-12.9373],[-38.4705,-12.937],[-38.4713,-12.9368],[-38.4717,-12.9362],[-38.4716,-12.9355],[-38.4711,-12.9344],[-38.4714,-12.9328],[-38.4717,-12.9327],[-38.4711,-12.9308],[-38.4707,-12.931],[-38.4702,-12.9304],[-38.4692,-12.9293],[-38.4686,-12.9284],[-38.4682,-12.9269],[-38.4682,-12.9254],[-38.4641,-12.9255],[-38.4636,-12.9254],[-38.4631,-12.9246],[-38.4616,-12.9257],[-38.4608,-12.9248],[-38.4605,-12.925],[-38.4618,-12.9263],[-38.4615,-12.9269],[-38.4624,-12.9271],[-38.4623,-12.9273],[-38.463,-12.9279],[-38.4632,-12.9275],[-38.4638,-12.9276],[-38.4642,-12.9283],[-38.4637,-12.9285],[-38.4638,-12.9292],[-38.4648,-12.9298],[-38.4648,-12.9308],[-38.4645,-12.9311],[-38.4646,-12.9321],[-38.4658,-12.9323]]]}},{"type":"Feature","properties":{"c":"b267","b":267,"n":"Calçada","m":"2927408","cx":-38.4962,"cy":-12.9428},"geometry":{"type":"Polygon","coordinates":[[[-38.4933,-12.9412],[-38.4931,-12.9413],[-38.4935,-12.9424],[-38.4945,-12.9434],[-38.4947,-12.9439],[-38.495,-12.9434],[-38.4958,-12.944],[-38.4966,-12.9459],[-38.498,-12.9469],[-38.4984,-12.9466],[-38.4987,-12.947],[-38.5001,-12.9477],[-38.5001,-12.9478],[-38.5014,-12.9483],[-38.5009,-12.95],[-38.5016,-12.9501],[-38.503,-12.95],[-38.5028,-12.9498],[-38.5029,-12.9473],[-38.5026,-12.9477],[-38.5022,-12.9473],[-38.5024,-12.9464],[-38.5034,-12.9437],[-38.5045,-12.9416],[-38.505,-12.9409],[-38.5065,-12.939],[-38.5055,-12.9383],[-38.5045,-12.9398],[-38.5027,-12.9421],[-38.5017,-12.9442],[-38.5008,-12.9435],[-38.5008,-12.944],[-38.4997,-12.9432],[-38.4992,-12.9437],[-38.4979,-12.942],[-38.4973,-12.9409],[-38.4985,-12.9408],[-38.4982,-12.9399],[-38.4969,-12.9404],[-38.4941,-12.936],[-38.4927,-12.9369],[-38.4935,-12.9384],[-38.494,-12.9399],[-38.4946,-12.9404],[-38.4928,-12.9401],[-38.4933,-12.9412]]]}},{"type":"Feature","properties":{"c":"b268","b":268,"n":"Caminho das Árvores","m":"2927408","cx":-38.4584,"cy":-12.9825},"geometry":{"type":"Polygon","coordinates":[[[-38.4645,-12.9887],[-38.466,-12.9891],[-38.4665,-12.9889],[-38.4675,-12.9878],[-38.467,-12.9869],[-38.4668,-12.9848],[-38.4665,-12.9835],[-38.4659,-12.9817],[-38.466,-12.9804],[-38.4664,-12.98],[-38.4661,-12.9797],[-38.465,-12.9793],[-38.4632,-12.9781],[-38.4622,-12.9773],[-38.4613,-12.976],[-38.4606,-12.9754],[-38.4595,-12.9752],[-38.4569,-12.9755],[-38.4553,-12.9759],[-38.4549,-12.9765],[-38.4545,-12.9771],[-38.451,-12.9793],[-38.4501,-12.9801],[-38.45,-12.9808],[-38.4502,-12.9814],[-38.451,-12.9834],[-38.4513,-12.9838],[-38.4523,-12.984],[-38.4527,-12.9845],[-38.453,-12.9856],[-38.454,-12.9863],[-38.4548,-12.9862],[-38.4548,-12.9871],[-38.4538,-12.9892],[-38.4538,-12.9903],[-38.4546,-12.99],[-38.4573,-12.9878],[-38.4575,-12.9867],[-38.4583,-12.9867],[-38.4579,-12.9878],[-38.458,-12.9885],[-38.461,-12.9876],[-38.4621,-12.9883],[-38.4622,-12.988],[-38.4633,-12.9886],[-38.4634,-12.988],[-38.4637,-12.9889],[-38.4645,-12.9887]]]}},{"type":"Feature","properties":{"c":"b269","b":269,"n":"Caminho de Areia","m":"2927408","cx":-38.5045,"cy":-12.9308},"geometry":{"type":"Polygon","coordinates":[[[-38.5016,-12.9348],[-38.5044,-12.9316],[-38.5054,-12.9357],[-38.5055,-12.9351],[-38.5057,-12.9299],[-38.5058,-12.9244],[-38.5047,-12.9244],[-38.5044,-12.9242],[-38.5027,-12.9246],[-38.5028,-12.9249],[-38.5037,-12.9286],[-38.5041,-12.93],[-38.5013,-12.9329],[-38.5001,-12.9347],[-38.4994,-12.936],[-38.4984,-12.9352],[-38.4978,-12.9357],[-38.4988,-12.9363],[-38.4999,-12.9374],[-38.5004,-12.9369],[-38.5008,-12.9373],[-38.5015,-12.9364],[-38.5016,-12.9348]]]}},{"type":"Feature","properties":{"c":"b270","b":270,"n":"Campinas de Pirajá","m":"2927408","cx":-38.4696,"cy":-12.9204},"geometry":{"type":"Polygon","coordinates":[[[-38.466,-12.9103],[-38.4648,-12.9111],[-38.4651,-12.9116],[-38.4636,-12.9128],[-38.4629,-12.914],[-38.4621,-12.9149],[-38.4613,-12.9152],[-38.4668,-12.921],[-38.4678,-12.9226],[-38.4681,-12.9236],[-38.4682,-12.9254],[-38.4682,-12.9269],[-38.4686,-12.9284],[-38.4692,-12.9293],[-38.4702,-12.9304],[-38.4707,-12.931],[-38.4711,-12.9308],[-38.4702,-12.9298],[-38.4706,-12.9289],[-38.4713,-12.9286],[-38.4717,-12.9278],[-38.4727,-12.9271],[-38.4738,-12.926],[-38.4741,-12.9254],[-38.4739,-12.9245],[-38.4733,-12.9234],[-38.4739,-12.9224],[-38.4734,-12.9218],[-38.4731,-12.9209],[-38.4729,-12.92],[-38.472,-12.92],[-38.4717,-12.9191],[-38.4718,-12.9184],[-38.4713,-12.9177],[-38.4687,-12.9178],[-38.4672,-12.9181],[-38.4665,-12.9177],[-38.466,-12.9171],[-38.4657,-12.9159],[-38.465,-12.9149],[-38.4652,-12.913],[-38.4656,-12.9128],[-38.4666,-12.9116],[-38.4671,-12.9113],[-38.4666,-12.9103],[-38.466,-12.9103]]]}},{"type":"Feature","properties":{"c":"b271","b":271,"n":"Canabrava","m":"2927408","cx":-38.4222,"cy":-12.9278},"geometry":{"type":"Polygon","coordinates":[[[-38.412,-12.939],[-38.4121,-12.938],[-38.4128,-12.9374],[-38.4123,-12.9367],[-38.4122,-12.9359],[-38.4126,-12.9358],[-38.4124,-12.9351],[-38.4131,-12.9345],[-38.4157,-12.934],[-38.4155,-12.9333],[-38.4173,-12.9324],[-38.4174,-12.9322],[-38.4159,-12.9318],[-38.415,-12.93],[-38.4154,-12.9294],[-38.4147,-12.929],[-38.4154,-12.9274],[-38.4158,-12.9267],[-38.4166,-12.9268],[-38.4167,-12.9285],[-38.4173,-12.9281],[-38.418,-12.9288],[-38.4191,-12.9286],[-38.4234,-12.9296],[-38.4243,-12.929],[-38.4255,-12.929],[-38.4271,-12.9289],[-38.4275,-12.9287],[-38.4278,-12.9275],[-38.4283,-12.9276],[-38.429,-12.9268],[-38.4285,-12.9265],[-38.4287,-12.9258],[-38.4284,-12.9248],[-38.4286,-12.9241],[-38.4289,-12.9239],[-38.4301,-12.9242],[-38.4312,-12.9236],[-38.4319,-12.9226],[-38.4317,-12.9213],[-38.432,-12.9211],[-38.4318,-12.9205],[-38.4315,-12.9195],[-38.4301,-12.9166],[-38.4291,-12.9168],[-38.428,-12.9165],[-38.4278,-12.9169],[-38.4256,-12.9172],[-38.4252,-12.9174],[-38.4241,-12.9196],[-38.4232,-12.9199],[-38.4226,-12.9198],[-38.4217,-12.9203],[-38.4201,-12.9202],[-38.4191,-12.9199],[-38.4185,-12.9201],[-38.4177,-12.9206],[-38.4173,-12.9212],[-38.4161,-12.923],[-38.4156,-12.9243],[-38.4137,-12.9253],[-38.4115,-12.9276],[-38.4104,-12.9284],[-38.4098,-12.9292],[-38.4096,-12.9301],[-38.4101,-12.9333],[-38.4099,-12.9339],[-38.4088,-12.9343],[-38.4082,-12.935],[-38.4073,-12.9354],[-38.4076,-12.9367],[-38.4073,-12.9383],[-38.412,-12.939]]]}},{"type":"Feature","properties":{"c":"b272","b":272,"n":"Candeal","m":"2927408","cx":-38.4808,"cy":-12.9949},"geometry":{"type":"Polygon","coordinates":[[[-38.4755,-12.9942],[-38.4756,-12.9948],[-38.476,-12.9955],[-38.4766,-12.9959],[-38.4786,-12.9973],[-38.4797,-12.9992],[-38.4805,-12.9997],[-38.4817,-13.0],[-38.482,-12.9992],[-38.4825,-12.9983],[-38.4831,-12.9982],[-38.4846,-12.9973],[-38.4846,-12.9976],[-38.4856,-12.9965],[-38.4857,-12.996],[-38.4862,-12.9955],[-38.4859,-12.9951],[-38.4862,-12.9947],[-38.4856,-12.9945],[-38.4845,-12.9934],[-38.4838,-12.9933],[-38.4827,-12.9944],[-38.4811,-12.9931],[-38.4808,-12.9919],[-38.482,-12.9915],[-38.4824,-12.9909],[-38.4827,-12.9901],[-38.4807,-12.9902],[-38.4803,-12.9904],[-38.4789,-12.9904],[-38.4784,-12.9912],[-38.4781,-12.9909],[-38.4769,-12.9925],[-38.4767,-12.9931],[-38.476,-12.9939],[-38.4755,-12.994],[-38.4755,-12.9942]]]}},{"type":"Feature","properties":{"c":"b273","b":273,"n":"Canela","m":"2927408","cx":-38.5214,"cy":-12.9929},"geometry":{"type":"Polygon","coordinates":[[[-38.5191,-12.9906],[-38.5193,-12.9913],[-38.5188,-12.9925],[-38.5179,-12.9931],[-38.517,-12.9942],[-38.5165,-12.9943],[-38.5162,-12.995],[-38.5165,-12.9948],[-38.5175,-12.9946],[-38.5189,-12.995],[-38.5207,-12.9951],[-38.5225,-12.9958],[-38.5238,-12.9959],[-38.5247,-12.9954],[-38.5251,-12.9946],[-38.525,-12.9935],[-38.5246,-12.9928],[-38.5234,-12.991],[-38.5222,-12.9906],[-38.5219,-12.9904],[-38.5211,-12.9906],[-38.5209,-12.99],[-38.52,-12.9902],[-38.5191,-12.9906]]]}},{"type":"Feature","properties":{"c":"b274","b":274,"n":"Capelinha","m":"2927408","cx":-38.4836,"cy":-12.9297},"geometry":{"type":"Polygon","coordinates":[[[-38.4861,-12.9334],[-38.4873,-12.9334],[-38.4878,-12.9323],[-38.4871,-12.9308],[-38.4861,-12.9309],[-38.4855,-12.93],[-38.4863,-12.9294],[-38.4854,-12.9281],[-38.4844,-12.926],[-38.4839,-12.9254],[-38.4836,-12.9256],[-38.4825,-12.9254],[-38.482,-12.9251],[-38.481,-12.9251],[-38.4796,-12.9265],[-38.4799,-12.9272],[-38.481,-12.9272],[-38.4816,-12.928],[-38.4813,-12.9289],[-38.4815,-12.9305],[-38.481,-12.9311],[-38.4815,-12.9314],[-38.483,-12.9318],[-38.4835,-12.9321],[-38.4836,-12.9328],[-38.4843,-12.9335],[-38.4861,-12.9338],[-38.4861,-12.9334]]]}},{"type":"Feature","properties":{"c":"b275","b":275,"n":"Cassange","m":"2927408","cx":-38.3812,"cy":-12.8779},"geometry":{"type":"Polygon","coordinates":[[[-38.3798,-12.9023],[-38.3805,-12.9014],[-38.3819,-12.9006],[-38.3824,-12.8997],[-38.3826,-12.8989],[-38.385,-12.8951],[-38.385,-12.894],[-38.3854,-12.8925],[-38.3864,-12.891],[-38.3878,-12.8891],[-38.3891,-12.8882],[-38.39,-12.887],[-38.3906,-12.8854],[-38.3925,-12.8836],[-38.3932,-12.882],[-38.3938,-12.8816],[-38.3943,-12.8808],[-38.3943,-12.8803],[-38.3936,-12.8794],[-38.3939,-12.8787],[-38.3947,-12.8787],[-38.3949,-12.879],[-38.3954,-12.8788],[-38.3962,-12.8797],[-38.3969,-12.8796],[-38.3971,-12.8789],[-38.3979,-12.8784],[-38.3983,-12.8778],[-38.3992,-12.8781],[-38.4001,-12.8776],[-38.401,-12.8774],[-38.4015,-12.8771],[-38.4024,-12.8772],[-38.4036,-12.8765],[-38.4039,-12.876],[-38.4039,-12.875],[-38.4042,-12.8741],[-38.4048,-12.874],[-38.4051,-12.8732],[-38.4059,-12.8729],[-38.4053,-12.8727],[-38.4051,-12.873],[-38.4041,-12.8729],[-38.4025,-12.8726],[-38.4022,-12.8723],[-38.4023,-12.8716],[-38.4019,-12.8709],[-38.4013,-12.8707],[-38.4018,-12.8685],[-38.4022,-12.868],[-38.4015,-12.8675],[-38.4006,-12.8666],[-38.3997,-12.8662],[-38.3993,-12.8655],[-38.3997,-12.864],[-38.4004,-12.8629],[-38.4007,-12.862],[-38.4006,-12.8616],[-38.4,-12.861],[-38.3996,-12.86],[-38.3985,-12.86],[-38.3974,-12.8598],[-38.3972,-12.8613],[-38.3967,-12.8618],[-38.3955,-12.8637],[-38.3944,-12.865],[-38.3923,-12.8659],[-38.3921,-12.8651],[-38.3914,-12.8639],[-38.3898,-12.8621],[-38.3887,-12.8617],[-38.3884,-12.8612],[-38.3884,-12.8593],[-38.3881,-12.8582],[-38.3878,-12.8568],[-38.3872,-12.8561],[-38.3854,-12.8549],[-38.3848,-12.8537],[-38.3839,-12.8529],[-38.3835,-12.8522],[-38.3826,-12.8512],[-38.3817,-12.8497],[-38.3818,-12.8501],[-38.3813,-12.8516],[-38.3807,-12.8521],[-38.3798,-12.8526],[-38.3791,-12.8526],[-38.3786,-12.8529],[-38.3786,-12.8539],[-38.3784,-12.8551],[-38.3776,-12.8563],[-38.3772,-12.8572],[-38.3777,-12.8575],[-38.3776,-12.8579],[-38.3769,-12.8576],[-38.3764,-12.8581],[-38.376,-12.859],[-38.3749,-12.8598],[-38.3742,-12.8606],[-38.374,-12.8619],[-38.3737,-12.8622],[-38.3734,-12.863],[-38.3736,-12.8638],[-38.3728,-12.8642],[-38.3711,-12.8641],[-38.3705,-12.8648],[-38.3704,-12.8653],[-38.3699,-12.8658],[-38.3693,-12.8661],[-38.3676,-12.8673],[-38.3672,-12.868],[-38.3669,-12.8695],[-38.367,-12.8707],[-38.3647,-12.872],[-38.364,-12.8726],[-38.3643,-12.8807],[-38.3639,-12.8983],[-38.3639,-12.8996],[-38.3637,-12.9003],[-38.363,-12.9015],[-38.3615,-12.9025],[-38.3591,-12.9031],[-38.3578,-12.9035],[-38.3567,-12.904],[-38.354,-12.9057],[-38.3545,-12.9061],[-38.3562,-12.9065],[-38.3562,-12.9054],[-38.3597,-12.9056],[-38.3611,-12.9055],[-38.3631,-12.9052],[-38.3699,-12.9029],[-38.3704,-12.9029],[-38.3721,-12.9034],[-38.3734,-12.9036],[-38.3756,-12.903],[-38.3761,-12.9027],[-38.3777,-12.9025],[-38.3778,-12.902],[-38.3788,-12.9018],[-38.379,-12.9024],[-38.3796,-12.903],[-38.3798,-12.9023]]]}},{"type":"Feature","properties":{"c":"b276","b":276,"n":"Castelo Branco","m":"2927408","cx":-38.4321,"cy":-12.9042},"geometry":{"type":"Polygon","coordinates":[[[-38.4349,-12.9092],[-38.4366,-12.9088],[-38.4385,-12.909],[-38.4397,-12.9084],[-38.4415,-12.9078],[-38.4434,-12.9082],[-38.4439,-12.9077],[-38.4423,-12.9065],[-38.442,-12.906],[-38.4426,-12.9057],[-38.4424,-12.9052],[-38.4437,-12.9046],[-38.4431,-12.9038],[-38.4427,-12.9024],[-38.4425,-12.9016],[-38.4416,-12.9005],[-38.4422,-12.8994],[-38.4417,-12.8988],[-38.4411,-12.8987],[-38.4406,-12.8992],[-38.4392,-12.8997],[-38.4371,-12.8999],[-38.4335,-12.9003],[-38.4324,-12.9002],[-38.4312,-12.8994],[-38.4307,-12.8987],[-38.43,-12.8985],[-38.4288,-12.899],[-38.4269,-12.8996],[-38.4247,-12.8998],[-38.4233,-12.8998],[-38.4227,-12.9001],[-38.422,-12.9012],[-38.4215,-12.903],[-38.4209,-12.9038],[-38.4204,-12.9048],[-38.4203,-12.9056],[-38.4211,-12.9085],[-38.4213,-12.9089],[-38.4221,-12.9086],[-38.4234,-12.9087],[-38.4243,-12.9083],[-38.4253,-12.9073],[-38.4264,-12.9072],[-38.4279,-12.9073],[-38.4293,-12.907],[-38.4299,-12.9073],[-38.4299,-12.9082],[-38.431,-12.9089],[-38.431,-12.9093],[-38.4319,-12.9098],[-38.4337,-12.9097],[-38.4349,-12.9092]]]}},{"type":"Feature","properties":{"c":"b277","b":277,"n":"Centro","m":"2927408","cx":-38.5165,"cy":-12.9842},"geometry":{"type":"Polygon","coordinates":[[[-38.5165,-12.9883],[-38.5177,-12.9882],[-38.52,-12.9884],[-38.52,-12.9902],[-38.5209,-12.99],[-38.5211,-12.9906],[-38.5219,-12.9904],[-38.5222,-12.9906],[-38.5234,-12.991],[-38.5228,-12.9892],[-38.5234,-12.989],[-38.5247,-12.9878],[-38.5241,-12.9868],[-38.5232,-12.9859],[-38.5224,-12.9844],[-38.5217,-12.984],[-38.5209,-12.9825],[-38.5203,-12.9819],[-38.5199,-12.9824],[-38.5205,-12.9834],[-38.5196,-12.984],[-38.5199,-12.9843],[-38.5198,-12.9851],[-38.5156,-12.9823],[-38.5153,-12.982],[-38.5151,-12.9809],[-38.5152,-12.979],[-38.5151,-12.9784],[-38.5147,-12.9777],[-38.514,-12.9775],[-38.5125,-12.9782],[-38.5122,-12.9783],[-38.5121,-12.9792],[-38.5129,-12.9793],[-38.5127,-12.9798],[-38.5138,-12.9798],[-38.5137,-12.9813],[-38.5134,-12.9818],[-38.5142,-12.9824],[-38.5144,-12.9831],[-38.5148,-12.9835],[-38.5144,-12.9841],[-38.5156,-12.9854],[-38.5163,-12.9846],[-38.5167,-12.9854],[-38.5161,-12.9861],[-38.5159,-12.9875],[-38.5156,-12.9881],[-38.516,-12.9886],[-38.5165,-12.9883]]]}},{"type":"Feature","properties":{"c":"b278","b":278,"n":"Centro Administrativo da Bahia - CAB","m":"2927408","cx":-38.4309,"cy":-12.9483},"geometry":{"type":"Polygon","coordinates":[[[-38.4308,-12.9381],[-38.4303,-12.9387],[-38.4295,-12.9389],[-38.4293,-12.9394],[-38.4287,-12.9398],[-38.427,-12.9404],[-38.4261,-12.9414],[-38.425,-12.942],[-38.4234,-12.9422],[-38.4229,-12.9419],[-38.422,-12.9421],[-38.4211,-12.9438],[-38.4204,-12.9443],[-38.4243,-12.9495],[-38.4267,-12.9527],[-38.431,-12.9586],[-38.4317,-12.9581],[-38.4316,-12.9574],[-38.4319,-12.9565],[-38.4322,-12.9563],[-38.4324,-12.9554],[-38.4329,-12.9546],[-38.4334,-12.9542],[-38.4341,-12.954],[-38.4346,-12.9531],[-38.4352,-12.953],[-38.436,-12.9535],[-38.4366,-12.9525],[-38.4374,-12.9523],[-38.4371,-12.9516],[-38.4366,-12.9492],[-38.4367,-12.9486],[-38.4374,-12.9489],[-38.4384,-12.9485],[-38.4385,-12.9482],[-38.4381,-12.9472],[-38.4376,-12.947],[-38.4365,-12.9461],[-38.4361,-12.9451],[-38.4353,-12.9442],[-38.4351,-12.9444],[-38.4348,-12.9436],[-38.4336,-12.943],[-38.4338,-12.9427],[-38.4331,-12.9423],[-38.4316,-12.9421],[-38.4311,-12.9417],[-38.4311,-12.9411],[-38.4319,-12.9401],[-38.4316,-12.9396],[-38.4308,-12.9381]]]}},{"type":"Feature","properties":{"c":"b279","b":279,"n":"Centro Histórico","m":"2927408","cx":-38.51,"cy":-12.9737},"geometry":{"type":"Polygon","coordinates":[[[-38.5081,-12.9696],[-38.5076,-12.969],[-38.5074,-12.9696],[-38.5068,-12.9697],[-38.5073,-12.9702],[-38.5076,-12.9724],[-38.5073,-12.9742],[-38.5073,-12.9747],[-38.5079,-12.9753],[-38.5108,-12.9763],[-38.5126,-12.9777],[-38.5125,-12.9782],[-38.514,-12.9775],[-38.5147,-12.9777],[-38.5149,-12.9771],[-38.515,-12.9767],[-38.5141,-12.9757],[-38.5137,-12.9751],[-38.5123,-12.9732],[-38.5112,-12.9722],[-38.5094,-12.9709],[-38.5091,-12.9699],[-38.5084,-12.9693],[-38.5081,-12.9696]]]}},{"type":"Feature","properties":{"c":"b280","b":280,"n":"Chame-Chame","m":"2927408","cx":-38.5208,"cy":-13.0036},"geometry":{"type":"Polygon","coordinates":[[[-38.5231,-13.0065],[-38.5232,-13.0047],[-38.5229,-13.0042],[-38.5212,-13.0021],[-38.5202,-13.0011],[-38.5194,-13.0018],[-38.5193,-13.0033],[-38.5188,-13.004],[-38.5192,-13.0042],[-38.5199,-13.005],[-38.5212,-13.0053],[-38.5222,-13.006],[-38.5231,-13.0065]]]}},{"type":"Feature","properties":{"c":"b281","b":281,"n":"Chapada do Rio Vermelho","m":"2927408","cx":-38.481,"cy":-13.0043},"geometry":{"type":"Polygon","coordinates":[[[-38.4859,-13.0061],[-38.4867,-13.006],[-38.4873,-13.0063],[-38.4865,-13.0055],[-38.4852,-13.0056],[-38.4845,-13.0053],[-38.483,-13.0037],[-38.4823,-13.0036],[-38.482,-13.0028],[-38.4815,-13.0022],[-38.4801,-13.0017],[-38.4779,-13.0001],[-38.4775,-12.9999],[-38.4775,-13.0006],[-38.4783,-13.0017],[-38.4784,-13.0033],[-38.4783,-13.005],[-38.4776,-13.0054],[-38.4773,-13.0065],[-38.477,-13.0078],[-38.4763,-13.0086],[-38.4762,-13.0089],[-38.4775,-13.0091],[-38.4787,-13.0097],[-38.4788,-13.0094],[-38.4795,-13.0093],[-38.4816,-13.0076],[-38.4823,-13.0076],[-38.4831,-13.0071],[-38.4835,-13.0059],[-38.4844,-13.0061],[-38.4853,-13.0066],[-38.4859,-13.0061]]]}},{"type":"Feature","properties":{"c":"b282","b":282,"n":"Cidade Nova","m":"2927408","cx":-38.4854,"cy":-12.9648},"geometry":{"type":"Polygon","coordinates":[[[-38.4902,-12.9655],[-38.4904,-12.9647],[-38.4895,-12.9643],[-38.4889,-12.9649],[-38.4884,-12.9643],[-38.4893,-12.9634],[-38.4898,-12.9626],[-38.4908,-12.9624],[-38.4899,-12.9618],[-38.489,-12.9608],[-38.4879,-12.9613],[-38.4874,-12.9612],[-38.483,-12.964],[-38.4823,-12.9638],[-38.482,-12.9651],[-38.4814,-12.9647],[-38.481,-12.9677],[-38.4805,-12.9686],[-38.481,-12.969],[-38.4822,-12.9688],[-38.4874,-12.9679],[-38.4884,-12.9676],[-38.4903,-12.9668],[-38.4902,-12.9655]]]}},{"type":"Feature","properties":{"c":"b283","b":283,"n":"Colinas de Periperi","m":"2927408","cx":-38.4619,"cy":-12.8709},"geometry":{"type":"Polygon","coordinates":[[[-38.4601,-12.8708],[-38.4604,-12.8717],[-38.4601,-12.8725],[-38.4601,-12.873],[-38.4607,-12.8732],[-38.4611,-12.8731],[-38.4624,-12.8721],[-38.4631,-12.872],[-38.4635,-12.8716],[-38.4636,-12.871],[-38.4642,-12.8704],[-38.4639,-12.8701],[-38.4629,-12.8702],[-38.4627,-12.8699],[-38.4619,-12.8698],[-38.4606,-12.8686],[-38.4601,-12.8687],[-38.4601,-12.8708]]]}},{"type":"Feature","properties":{"c":"b284","b":284,"n":"Comércio","m":"2927408","cx":-38.5076,"cy":-12.9649},"geometry":{"type":"Polygon","coordinates":[[[-38.5009,-12.95],[-38.5014,-12.9483],[-38.5001,-12.9478],[-38.5001,-12.9477],[-38.4987,-12.947],[-38.4984,-12.9466],[-38.498,-12.9469],[-38.4981,-12.9476],[-38.4988,-12.9478],[-38.4982,-12.9486],[-38.4982,-12.9489],[-38.4991,-12.9502],[-38.5002,-12.9507],[-38.5003,-12.9517],[-38.5006,-12.9531],[-38.5011,-12.9537],[-38.501,-12.9545],[-38.5014,-12.9562],[-38.5014,-12.9566],[-38.5004,-12.957],[-38.5011,-12.9581],[-38.5011,-12.9585],[-38.5006,-12.9591],[-38.5011,-12.9596],[-38.5015,-12.9593],[-38.5019,-12.9597],[-38.5018,-12.9607],[-38.5021,-12.9613],[-38.5028,-12.9614],[-38.5028,-12.9599],[-38.5033,-12.9603],[-38.5039,-12.9617],[-38.5055,-12.9645],[-38.5061,-12.9653],[-38.5065,-12.9662],[-38.5076,-12.9676],[-38.5077,-12.9682],[-38.5084,-12.9693],[-38.5091,-12.9699],[-38.5094,-12.9709],[-38.5112,-12.9722],[-38.5123,-12.9732],[-38.5137,-12.9751],[-38.5141,-12.9757],[-38.515,-12.9767],[-38.5149,-12.9771],[-38.5156,-12.9774],[-38.5162,-12.9769],[-38.5171,-12.9788],[-38.5185,-12.9803],[-38.5197,-12.9818],[-38.5199,-12.9824],[-38.5203,-12.9819],[-38.5199,-12.9813],[-38.523,-12.979],[-38.523,-12.9788],[-38.5211,-12.9765],[-38.5228,-12.9787],[-38.5228,-12.9789],[-38.5205,-12.9807],[-38.5197,-12.9796],[-38.5191,-12.9797],[-38.5185,-12.9789],[-38.5174,-12.9784],[-38.5168,-12.9772],[-38.5176,-12.9768],[-38.5172,-12.9765],[-38.5163,-12.9753],[-38.5165,-12.9752],[-38.5165,-12.9751],[-38.5148,-12.9734],[-38.5147,-12.9739],[-38.5142,-12.9735],[-38.5145,-12.9728],[-38.5155,-12.9718],[-38.5127,-12.9691],[-38.5127,-12.969],[-38.5104,-12.9667],[-38.5071,-12.9611],[-38.5085,-12.9593],[-38.5074,-12.9562],[-38.5057,-12.9561],[-38.505,-12.9554],[-38.5046,-12.9544],[-38.5041,-12.9537],[-38.5046,-12.9523],[-38.5044,-12.9526],[-38.5034,-12.9522],[-38.5027,-12.9508],[-38.5016,-12.9505],[-38.5016,-12.9501],[-38.5009,-12.95]]]}},{"type":"Feature","properties":{"c":"b285","b":285,"n":"Cosme de Farias","m":"2927408","cx":-38.4894,"cy":-12.9799},"geometry":{"type":"Polygon","coordinates":[[[-38.4962,-12.9804],[-38.4956,-12.979],[-38.4953,-12.9788],[-38.496,-12.9774],[-38.4946,-12.9789],[-38.4942,-12.9785],[-38.4938,-12.9787],[-38.4933,-12.9775],[-38.4932,-12.9774],[-38.4933,-12.9762],[-38.4922,-12.9764],[-38.4897,-12.9771],[-38.4875,-12.9774],[-38.4863,-12.9774],[-38.4854,-12.9777],[-38.4849,-12.9781],[-38.4845,-12.9789],[-38.4836,-12.9795],[-38.4817,-12.9806],[-38.4824,-12.9827],[-38.4831,-12.9835],[-38.4843,-12.9842],[-38.4852,-12.9845],[-38.486,-12.9845],[-38.4874,-12.9841],[-38.4899,-12.9842],[-38.492,-12.9833],[-38.4942,-12.9828],[-38.4945,-12.9826],[-38.4964,-12.9805],[-38.4962,-12.9804]]]}},{"type":"Feature","properties":{"c":"b286","b":286,"n":"Costa Azul","m":"2927408","cx":-38.4464,"cy":-12.9905},"geometry":{"type":"Polygon","coordinates":[[[-38.4471,-12.9887],[-38.4471,-12.9885],[-38.4458,-12.9881],[-38.446,-12.9878],[-38.4457,-12.9874],[-38.4438,-12.9857],[-38.4436,-12.986],[-38.4429,-12.985],[-38.4436,-12.9842],[-38.4428,-12.982],[-38.4428,-12.9814],[-38.4418,-12.9813],[-38.4409,-12.9818],[-38.4415,-12.9828],[-38.4421,-12.9833],[-38.4426,-12.9841],[-38.4424,-12.9849],[-38.4417,-12.9848],[-38.4415,-12.9853],[-38.4406,-12.9855],[-38.4407,-12.9857],[-38.4404,-12.9871],[-38.4417,-12.9899],[-38.4429,-12.9898],[-38.4432,-12.9901],[-38.4431,-12.9908],[-38.4422,-12.9914],[-38.4411,-12.9917],[-38.4407,-12.9927],[-38.441,-12.9943],[-38.4397,-12.9954],[-38.4404,-12.9962],[-38.4404,-12.997],[-38.441,-12.997],[-38.4407,-12.9976],[-38.4407,-12.9983],[-38.4413,-12.9985],[-38.4417,-12.9983],[-38.4434,-12.999],[-38.444,-12.9986],[-38.4445,-12.9986],[-38.4456,-12.9994],[-38.4463,-12.9995],[-38.446,-12.9988],[-38.4461,-12.9981],[-38.4471,-12.9983],[-38.4476,-12.9988],[-38.4486,-12.9991],[-38.4491,-12.9987],[-38.4502,-12.997],[-38.4509,-12.9954],[-38.4509,-12.9949],[-38.4494,-12.9925],[-38.4496,-12.9902],[-38.4493,-12.9891],[-38.4471,-12.9887]]]}},{"type":"Feature","properties":{"c":"b287","b":287,"n":"Coutos","m":"2927408","cx":-38.4694,"cy":-12.8526},"geometry":{"type":"Polygon","coordinates":[[[-38.4759,-12.8544],[-38.4756,-12.8528],[-38.4762,-12.8512],[-38.4755,-12.8483],[-38.474,-12.8485],[-38.4733,-12.8473],[-38.4729,-12.8475],[-38.4723,-12.8464],[-38.4713,-12.847],[-38.4715,-12.8476],[-38.4701,-12.8477],[-38.4703,-12.8497],[-38.4682,-12.85],[-38.4673,-12.8499],[-38.467,-12.8501],[-38.4664,-12.8497],[-38.4663,-12.8489],[-38.4658,-12.849],[-38.4655,-12.8495],[-38.4657,-12.85],[-38.4651,-12.8502],[-38.4628,-12.8504],[-38.4623,-12.8502],[-38.4623,-12.8505],[-38.4608,-12.8512],[-38.4617,-12.8518],[-38.4627,-12.8512],[-38.4634,-12.8514],[-38.4632,-12.8523],[-38.4632,-12.8532],[-38.4627,-12.854],[-38.464,-12.8555],[-38.4638,-12.8558],[-38.4615,-12.8559],[-38.4603,-12.8558],[-38.4598,-12.8572],[-38.462,-12.8572],[-38.462,-12.8582],[-38.4626,-12.8589],[-38.4634,-12.859],[-38.466,-12.8585],[-38.4688,-12.8581],[-38.4715,-12.8578],[-38.4715,-12.8573],[-38.473,-12.8571],[-38.4732,-12.8577],[-38.4743,-12.8578],[-38.4746,-12.8576],[-38.4743,-12.8563],[-38.4749,-12.8564],[-38.4761,-12.8563],[-38.4767,-12.8561],[-38.4759,-12.8544]]]}},{"type":"Feature","properties":{"c":"b288","b":288,"n":"Curuzu","m":"2927408","cx":-38.486,"cy":-12.9448},"geometry":{"type":"Polygon","coordinates":[[[-38.488,-12.9493],[-38.4898,-12.9493],[-38.4909,-12.949],[-38.4912,-12.9477],[-38.4909,-12.9474],[-38.4903,-12.9477],[-38.49,-12.947],[-38.4892,-12.947],[-38.4888,-12.9473],[-38.4883,-12.9471],[-38.4885,-12.9466],[-38.4881,-12.9457],[-38.4889,-12.9456],[-38.4883,-12.9439],[-38.488,-12.944],[-38.4872,-12.9435],[-38.4869,-12.9428],[-38.4865,-12.9412],[-38.4861,-12.9416],[-38.4846,-12.9423],[-38.4837,-12.9438],[-38.4831,-12.9456],[-38.4833,-12.9459],[-38.4844,-12.9462],[-38.4852,-12.9473],[-38.4856,-12.9484],[-38.4863,-12.949],[-38.486,-12.9498],[-38.4871,-12.9496],[-38.488,-12.9493]]]}},{"type":"Feature","properties":{"c":"b289","b":289,"n":"Dois de Julho","m":"2927408","cx":-38.5173,"cy":-12.9813},"geometry":{"type":"Polygon","coordinates":[[[-38.5197,-12.9818],[-38.5185,-12.9803],[-38.5171,-12.9788],[-38.5162,-12.9769],[-38.5156,-12.9774],[-38.5149,-12.9771],[-38.5147,-12.9777],[-38.5151,-12.9784],[-38.5152,-12.979],[-38.5151,-12.9809],[-38.5153,-12.982],[-38.5156,-12.9823],[-38.5198,-12.9851],[-38.5199,-12.9843],[-38.5196,-12.984],[-38.5205,-12.9834],[-38.5199,-12.9824],[-38.5197,-12.9818]]]}},{"type":"Feature","properties":{"c":"b290","b":290,"n":"Dom Avelar","m":"2927408","cx":-38.4475,"cy":-12.9036},"geometry":{"type":"Polygon","coordinates":[[[-38.4459,-12.9082],[-38.4474,-12.9079],[-38.4493,-12.9073],[-38.4489,-12.9061],[-38.449,-12.9053],[-38.4502,-12.9054],[-38.4507,-12.9045],[-38.451,-12.9043],[-38.4521,-12.9035],[-38.4523,-12.903],[-38.4517,-12.9023],[-38.4499,-12.9017],[-38.4495,-12.9011],[-38.4487,-12.9003],[-38.4485,-12.9007],[-38.4476,-12.9002],[-38.4467,-12.9007],[-38.4462,-12.9006],[-38.4448,-12.8993],[-38.444,-12.8991],[-38.4428,-12.8994],[-38.4422,-12.8994],[-38.4416,-12.9005],[-38.4425,-12.9016],[-38.4427,-12.9024],[-38.4431,-12.9038],[-38.4437,-12.9046],[-38.4424,-12.9052],[-38.4426,-12.9057],[-38.442,-12.906],[-38.4423,-12.9065],[-38.4439,-12.9077],[-38.4459,-12.9082]]]}},{"type":"Feature","properties":{"c":"b291","b":291,"n":"Doron","m":"2927408","cx":-38.4427,"cy":-12.9598},"geometry":{"type":"Polygon","coordinates":[[[-38.4422,-12.9628],[-38.4425,-12.9622],[-38.4434,-12.9616],[-38.4449,-12.9596],[-38.445,-12.9586],[-38.4462,-12.9578],[-38.4466,-12.9572],[-38.4479,-12.9565],[-38.4479,-12.9556],[-38.4473,-12.9554],[-38.4461,-12.9563],[-38.4444,-12.9572],[-38.4441,-12.9567],[-38.4436,-12.9571],[-38.4427,-12.9566],[-38.4418,-12.9576],[-38.4412,-12.9591],[-38.4404,-12.96],[-38.4395,-12.9607],[-38.4402,-12.9607],[-38.4401,-12.9618],[-38.4402,-12.9625],[-38.4396,-12.9632],[-38.4399,-12.9638],[-38.4411,-12.9641],[-38.4422,-12.9628]]]}},{"type":"Feature","properties":{"c":"b292","b":292,"n":"Engenho Velho da Federação","m":"2927408","cx":-38.4954,"cy":-12.9997},"geometry":{"type":"Polygon","coordinates":[[[-38.4921,-13.004],[-38.4931,-13.004],[-38.4938,-13.0043],[-38.4944,-13.0035],[-38.495,-13.0027],[-38.496,-13.0029],[-38.4968,-13.0038],[-38.4985,-13.0043],[-38.4992,-13.0047],[-38.5004,-13.0034],[-38.5014,-13.0019],[-38.4995,-13.0011],[-38.4991,-13.0007],[-38.4993,-13.0001],[-38.4985,-12.9994],[-38.4986,-12.9991],[-38.498,-12.9988],[-38.4973,-12.9979],[-38.4969,-12.9966],[-38.4963,-12.9955],[-38.4959,-12.9958],[-38.493,-12.9972],[-38.4926,-12.9975],[-38.4925,-12.9977],[-38.4919,-12.9994],[-38.4921,-13.0012],[-38.4921,-13.004]]]}},{"type":"Feature","properties":{"c":"b293","b":293,"n":"Engenho Velho de Brotas","m":"2927408","cx":-38.5023,"cy":-12.9881},"geometry":{"type":"Polygon","coordinates":[[[-38.5073,-12.9888],[-38.5077,-12.9879],[-38.5077,-12.987],[-38.5069,-12.9858],[-38.5061,-12.9852],[-38.5048,-12.9854],[-38.5039,-12.9848],[-38.5037,-12.982],[-38.5032,-12.9819],[-38.5021,-12.981],[-38.5016,-12.9808],[-38.5013,-12.981],[-38.5019,-12.982],[-38.5018,-12.9823],[-38.5011,-12.9828],[-38.502,-12.9834],[-38.5016,-12.9851],[-38.5007,-12.9854],[-38.5003,-12.9857],[-38.5003,-12.9864],[-38.4997,-12.9866],[-38.4995,-12.985],[-38.4985,-12.9849],[-38.4973,-12.9857],[-38.4969,-12.9858],[-38.4969,-12.9882],[-38.4969,-12.9897],[-38.4958,-12.9928],[-38.4957,-12.9937],[-38.4961,-12.9948],[-38.4965,-12.9953],[-38.4975,-12.9943],[-38.499,-12.9931],[-38.4998,-12.9928],[-38.5008,-12.9928],[-38.5015,-12.9924],[-38.502,-12.9913],[-38.5032,-12.9906],[-38.5062,-12.9899],[-38.5073,-12.9888]]]}},{"type":"Feature","properties":{"c":"b294","b":294,"n":"Engomadeira","m":"2927408","cx":-38.4569,"cy":-12.9492},"geometry":{"type":"Polygon","coordinates":[[[-38.461,-12.9495],[-38.4592,-12.949],[-38.4591,-12.948],[-38.4593,-12.9469],[-38.4589,-12.9468],[-38.4585,-12.9463],[-38.4574,-12.946],[-38.4569,-12.946],[-38.456,-12.9468],[-38.4548,-12.9473],[-38.4536,-12.9485],[-38.4539,-12.9515],[-38.4542,-12.9522],[-38.4538,-12.9525],[-38.4546,-12.9524],[-38.4553,-12.9521],[-38.4561,-12.9521],[-38.4572,-12.9517],[-38.4577,-12.9509],[-38.4587,-12.951],[-38.4599,-12.9508],[-38.4598,-12.9501],[-38.4609,-12.9502],[-38.461,-12.9495]]]}},{"type":"Feature","properties":{"c":"b295","b":295,"n":"Fazenda Coutos","m":"2927408","cx":-38.4604,"cy":-12.8466},"geometry":{"type":"Polygon","coordinates":[[[-38.468,-12.848],[-38.4677,-12.8468],[-38.4665,-12.8473],[-38.4648,-12.8469],[-38.4624,-12.8443],[-38.459,-12.8417],[-38.4586,-12.8423],[-38.4586,-12.843],[-38.4577,-12.8438],[-38.458,-12.8446],[-38.4574,-12.8464],[-38.4569,-12.8465],[-38.4563,-12.8463],[-38.4559,-12.8476],[-38.456,-12.8484],[-38.4566,-12.8516],[-38.4576,-12.8512],[-38.458,-12.8507],[-38.4591,-12.8512],[-38.46,-12.8509],[-38.4608,-12.8512],[-38.4623,-12.8505],[-38.4623,-12.8502],[-38.4628,-12.8504],[-38.4651,-12.8502],[-38.4657,-12.85],[-38.4655,-12.8495],[-38.4658,-12.849],[-38.4663,-12.8489],[-38.4664,-12.8497],[-38.467,-12.8501],[-38.4673,-12.8499],[-38.4682,-12.85],[-38.4703,-12.8497],[-38.4701,-12.8477],[-38.468,-12.848]]]}},{"type":"Feature","properties":{"c":"b296","b":296,"n":"Fazenda Grande I","m":"2927408","cx":-38.4043,"cy":-12.8915},"geometry":{"type":"Polygon","coordinates":[[[-38.4072,-12.8983],[-38.4071,-12.8979],[-38.4075,-12.8971],[-38.4089,-12.8963],[-38.4091,-12.8948],[-38.4088,-12.8925],[-38.4083,-12.8911],[-38.4071,-12.8905],[-38.4069,-12.8901],[-38.4067,-12.8893],[-38.4063,-12.8881],[-38.4065,-12.8879],[-38.4062,-12.8867],[-38.4066,-12.8856],[-38.4065,-12.8842],[-38.4065,-12.8836],[-38.4063,-12.8826],[-38.4059,-12.8831],[-38.4051,-12.8846],[-38.4042,-12.8853],[-38.4034,-12.8852],[-38.4028,-12.8854],[-38.4034,-12.8865],[-38.4022,-12.8868],[-38.4017,-12.8873],[-38.4008,-12.8881],[-38.4009,-12.8891],[-38.4006,-12.8897],[-38.3999,-12.8902],[-38.4003,-12.8912],[-38.3998,-12.8919],[-38.3989,-12.8923],[-38.3985,-12.8946],[-38.3987,-12.8959],[-38.3996,-12.8958],[-38.401,-12.8958],[-38.4017,-12.896],[-38.4017,-12.8967],[-38.4021,-12.8981],[-38.4031,-12.899],[-38.4045,-12.8994],[-38.4062,-12.8992],[-38.4067,-12.8998],[-38.4078,-12.8991],[-38.4072,-12.8983]]]}},{"type":"Feature","properties":{"c":"b297","b":297,"n":"Fazenda Grande II","m":"2927408","cx":-38.3957,"cy":-12.895},"geometry":{"type":"Polygon","coordinates":[[[-38.4014,-12.8873],[-38.4008,-12.8859],[-38.4013,-12.8852],[-38.4002,-12.8845],[-38.3982,-12.884],[-38.3965,-12.8843],[-38.3955,-12.8841],[-38.3948,-12.8842],[-38.3948,-12.8854],[-38.3931,-12.8857],[-38.3919,-12.8854],[-38.391,-12.8858],[-38.3906,-12.8854],[-38.39,-12.887],[-38.3891,-12.8882],[-38.3878,-12.8891],[-38.3864,-12.891],[-38.388,-12.8921],[-38.3898,-12.8932],[-38.3905,-12.893],[-38.3912,-12.8932],[-38.3915,-12.8936],[-38.3926,-12.8939],[-38.3925,-12.8944],[-38.3929,-12.8947],[-38.3928,-12.8952],[-38.3943,-12.8963],[-38.3945,-12.8967],[-38.3955,-12.898],[-38.3959,-12.8978],[-38.3963,-12.8983],[-38.3958,-12.8987],[-38.397,-12.9],[-38.3981,-12.9007],[-38.3993,-12.9024],[-38.3988,-12.9037],[-38.399,-12.9044],[-38.3988,-12.9051],[-38.3994,-12.9054],[-38.3991,-12.9058],[-38.4008,-12.9063],[-38.4015,-12.9059],[-38.4035,-12.9052],[-38.404,-12.9052],[-38.4052,-12.9026],[-38.4063,-12.9029],[-38.4069,-12.9028],[-38.4068,-12.9036],[-38.4073,-12.9041],[-38.4086,-12.9053],[-38.4095,-12.9052],[-38.4098,-12.9054],[-38.4099,-12.9046],[-38.4098,-12.9039],[-38.4103,-12.9036],[-38.4105,-12.903],[-38.4099,-12.9024],[-38.41,-12.9009],[-38.4095,-12.9006],[-38.4093,-12.8999],[-38.4078,-12.8996],[-38.4078,-12.8992],[-38.4067,-12.8998],[-38.4062,-12.8992],[-38.4045,-12.8994],[-38.4031,-12.899],[-38.4021,-12.8981],[-38.4017,-12.8967],[-38.4017,-12.896],[-38.401,-12.8958],[-38.3996,-12.8958],[-38.3987,-12.8959],[-38.3985,-12.8946],[-38.3989,-12.8923],[-38.3998,-12.8919],[-38.4003,-12.8912],[-38.3999,-12.8902],[-38.4006,-12.8897],[-38.4009,-12.8891],[-38.4008,-12.8881],[-38.4017,-12.8873],[-38.4014,-12.8873]]]}},{"type":"Feature","properties":{"c":"b298","b":298,"n":"Fazenda Grande III","m":"2927408","cx":-38.3951,"cy":-12.9046},"geometry":{"type":"Polygon","coordinates":[[[-38.3915,-12.9048],[-38.392,-12.9051],[-38.3917,-12.9057],[-38.3917,-12.9065],[-38.3925,-12.9067],[-38.3933,-12.9072],[-38.3941,-12.9072],[-38.395,-12.9078],[-38.3947,-12.908],[-38.3949,-12.9084],[-38.3964,-12.9088],[-38.3981,-12.9102],[-38.3993,-12.9106],[-38.3994,-12.9102],[-38.3991,-12.9093],[-38.3994,-12.908],[-38.4002,-12.9072],[-38.4008,-12.9063],[-38.3991,-12.9058],[-38.3994,-12.9054],[-38.3988,-12.9051],[-38.399,-12.9044],[-38.3988,-12.9037],[-38.3993,-12.9024],[-38.3981,-12.9007],[-38.397,-12.9],[-38.3958,-12.8987],[-38.3947,-12.8991],[-38.3936,-12.8998],[-38.3925,-12.9002],[-38.3896,-12.9026],[-38.3915,-12.9048]]]}},{"type":"Feature","properties":{"c":"b299","b":299,"n":"Fazenda Grande IV","m":"2927408","cx":-38.3936,"cy":-12.9098},"geometry":{"type":"Polygon","coordinates":[[[-38.3888,-12.9034],[-38.3876,-12.9041],[-38.3867,-12.9049],[-38.3856,-12.9053],[-38.3844,-12.9052],[-38.3839,-12.9056],[-38.3844,-12.9065],[-38.3858,-12.9082],[-38.3857,-12.9091],[-38.3867,-12.9086],[-38.3875,-12.9085],[-38.3881,-12.9087],[-38.3894,-12.9095],[-38.3898,-12.9101],[-38.3901,-12.9114],[-38.3905,-12.912],[-38.3914,-12.9125],[-38.3917,-12.9129],[-38.3923,-12.915],[-38.3922,-12.9158],[-38.3926,-12.9163],[-38.3927,-12.9169],[-38.3935,-12.9169],[-38.3949,-12.9176],[-38.3959,-12.9167],[-38.3965,-12.9164],[-38.3981,-12.9161],[-38.3982,-12.9147],[-38.3979,-12.9141],[-38.3984,-12.9135],[-38.3991,-12.9125],[-38.3994,-12.9115],[-38.3993,-12.9106],[-38.3981,-12.9102],[-38.3964,-12.9088],[-38.3949,-12.9084],[-38.3947,-12.908],[-38.395,-12.9078],[-38.3941,-12.9072],[-38.3933,-12.9072],[-38.3925,-12.9067],[-38.3917,-12.9065],[-38.3917,-12.9057],[-38.392,-12.9051],[-38.3915,-12.9048],[-38.3896,-12.9026],[-38.3888,-12.9034]]]}},{"type":"Feature","properties":{"c":"b300","b":300,"n":"Fazenda Grande do Retiro","m":"2927408","cx":-38.4781,"cy":-12.9434},"geometry":{"type":"Polygon","coordinates":[[[-38.4825,-12.9472],[-38.4831,-12.9456],[-38.4837,-12.9438],[-38.4846,-12.9423],[-38.4861,-12.9416],[-38.4865,-12.9412],[-38.4872,-12.9399],[-38.4876,-12.9398],[-38.4897,-12.94],[-38.4895,-12.9393],[-38.489,-12.9392],[-38.4879,-12.9384],[-38.4854,-12.9376],[-38.4827,-12.9357],[-38.4819,-12.9369],[-38.4813,-12.9363],[-38.4804,-12.9369],[-38.4797,-12.9369],[-38.4794,-12.9377],[-38.4786,-12.9378],[-38.478,-12.9382],[-38.4774,-12.9381],[-38.4767,-12.9384],[-38.477,-12.939],[-38.4765,-12.9393],[-38.4759,-12.9403],[-38.4749,-12.9404],[-38.4738,-12.9409],[-38.4731,-12.9409],[-38.4731,-12.9414],[-38.4719,-12.9418],[-38.4723,-12.943],[-38.4719,-12.9431],[-38.473,-12.944],[-38.4738,-12.944],[-38.4744,-12.9442],[-38.4745,-12.9455],[-38.4752,-12.9459],[-38.4746,-12.9466],[-38.4743,-12.9464],[-38.4743,-12.948],[-38.4753,-12.948],[-38.4754,-12.9484],[-38.4745,-12.9496],[-38.4759,-12.9503],[-38.476,-12.9513],[-38.4763,-12.9514],[-38.4773,-12.951],[-38.4784,-12.9496],[-38.4793,-12.9479],[-38.4797,-12.9475],[-38.4805,-12.9474],[-38.4819,-12.9476],[-38.4825,-12.9472]]]}},{"type":"Feature","properties":{"c":"b301","b":301,"n":"Federação","m":"2927408","cx":-38.5023,"cy":-12.9997},"geometry":{"type":"Polygon","coordinates":[[[-38.4944,-13.004],[-38.4951,-13.004],[-38.495,-13.0045],[-38.4943,-13.0056],[-38.4952,-13.0061],[-38.4963,-13.0049],[-38.4969,-13.0052],[-38.4964,-13.0062],[-38.4963,-13.0072],[-38.4953,-13.0069],[-38.4947,-13.0076],[-38.4962,-13.0087],[-38.4973,-13.0087],[-38.4982,-13.0082],[-38.4989,-13.0072],[-38.4993,-13.0069],[-38.5017,-13.0062],[-38.5025,-13.0053],[-38.5029,-13.0031],[-38.5033,-13.0025],[-38.5051,-13.0011],[-38.5059,-12.9996],[-38.5068,-12.9968],[-38.5075,-12.9968],[-38.5074,-12.9983],[-38.5077,-12.9987],[-38.5083,-12.9988],[-38.5089,-12.9985],[-38.5093,-12.9987],[-38.5088,-12.9995],[-38.5087,-13.0003],[-38.509,-13.0008],[-38.5094,-13.0],[-38.5106,-13.0002],[-38.5104,-13.0008],[-38.5109,-13.0017],[-38.5108,-13.0028],[-38.511,-13.0039],[-38.5119,-13.0051],[-38.5125,-13.0053],[-38.5126,-13.0057],[-38.512,-13.0074],[-38.511,-13.0076],[-38.511,-13.0096],[-38.5115,-13.0097],[-38.5128,-13.0089],[-38.5124,-13.008],[-38.5123,-13.0073],[-38.513,-13.0066],[-38.5137,-13.007],[-38.5147,-13.0065],[-38.5151,-13.0054],[-38.5142,-13.0048],[-38.5134,-13.0046],[-38.5128,-13.004],[-38.513,-13.0037],[-38.5121,-13.0017],[-38.5124,-13.001],[-38.5124,-12.9998],[-38.5132,-12.9983],[-38.5131,-12.9979],[-38.5136,-12.998],[-38.5137,-12.999],[-38.5144,-12.9992],[-38.5148,-12.9999],[-38.515,-12.9992],[-38.5154,-12.9991],[-38.5158,-13.0005],[-38.5163,-13.0011],[-38.5168,-13.0008],[-38.5166,-13.0001],[-38.5172,-13.0],[-38.5172,-12.9987],[-38.5164,-12.9967],[-38.516,-12.996],[-38.516,-12.9955],[-38.5165,-12.9948],[-38.5162,-12.995],[-38.5146,-12.9956],[-38.5124,-12.9954],[-38.5115,-12.9956],[-38.5108,-12.9953],[-38.51,-12.9943],[-38.5094,-12.994],[-38.5084,-12.9938],[-38.508,-12.9932],[-38.507,-12.9933],[-38.5071,-12.9919],[-38.5065,-12.9904],[-38.5062,-12.9899],[-38.5032,-12.9906],[-38.502,-12.9913],[-38.5015,-12.9924],[-38.5008,-12.9928],[-38.4998,-12.9928],[-38.499,-12.9931],[-38.4975,-12.9943],[-38.4965,-12.9953],[-38.4963,-12.9955],[-38.4969,-12.9966],[-38.4973,-12.9979],[-38.498,-12.9988],[-38.4986,-12.9991],[-38.4985,-12.9994],[-38.4993,-13.0001],[-38.4991,-13.0007],[-38.4995,-13.0011],[-38.5014,-13.0019],[-38.5004,-13.0034],[-38.4992,-13.0047],[-38.4985,-13.0043],[-38.4968,-13.0038],[-38.496,-13.0029],[-38.495,-13.0027],[-38.4944,-13.0035],[-38.4944,-13.004]]]}},{"type":"Feature","properties":{"c":"b302","b":302,"n":"Garcia","m":"2927408","cx":-38.5131,"cy":-12.9918},"geometry":{"type":"Polygon","coordinates":[[[-38.5065,-12.9904],[-38.5071,-12.9919],[-38.507,-12.9933],[-38.508,-12.9932],[-38.5084,-12.9938],[-38.5094,-12.994],[-38.51,-12.9943],[-38.5108,-12.9953],[-38.5115,-12.9956],[-38.5124,-12.9954],[-38.5146,-12.9956],[-38.5162,-12.995],[-38.5165,-12.9943],[-38.517,-12.9942],[-38.5179,-12.9931],[-38.5188,-12.9925],[-38.5193,-12.9913],[-38.5191,-12.9906],[-38.52,-12.9902],[-38.52,-12.9884],[-38.5177,-12.9882],[-38.5165,-12.9883],[-38.516,-12.9886],[-38.5161,-12.989],[-38.5155,-12.9895],[-38.5154,-12.99],[-38.5161,-12.9907],[-38.5168,-12.9909],[-38.5165,-12.9917],[-38.5158,-12.9915],[-38.5147,-12.9901],[-38.5145,-12.9894],[-38.5139,-12.989],[-38.5138,-12.9885],[-38.5126,-12.9885],[-38.5123,-12.988],[-38.5117,-12.988],[-38.5109,-12.989],[-38.5108,-12.9895],[-38.5104,-12.9893],[-38.5089,-12.9893],[-38.5078,-12.9889],[-38.5077,-12.9879],[-38.5073,-12.9888],[-38.5062,-12.9899],[-38.5065,-12.9904]]]}},{"type":"Feature","properties":{"c":"b303","b":303,"n":"Granjas Rurais Presidente Vargas","m":"2927408","cx":-38.4589,"cy":-12.92},"geometry":{"type":"Polygon","coordinates":[[[-38.4603,-12.9154],[-38.4589,-12.9154],[-38.4564,-12.9157],[-38.4558,-12.9163],[-38.456,-12.9165],[-38.4544,-12.9173],[-38.4539,-12.9179],[-38.4517,-12.9191],[-38.4517,-12.9194],[-38.4521,-12.9206],[-38.4521,-12.9215],[-38.4506,-12.922],[-38.4514,-12.9234],[-38.4525,-12.9247],[-38.4535,-12.9254],[-38.4544,-12.9243],[-38.4549,-12.924],[-38.4577,-12.9237],[-38.4588,-12.9238],[-38.4601,-12.9245],[-38.46,-12.9246],[-38.4605,-12.925],[-38.4608,-12.9248],[-38.4616,-12.9257],[-38.4631,-12.9246],[-38.4636,-12.9254],[-38.4641,-12.9255],[-38.4682,-12.9254],[-38.4681,-12.9236],[-38.4678,-12.9226],[-38.4668,-12.921],[-38.4613,-12.9152],[-38.4603,-12.9154]]]}},{"type":"Feature","properties":{"c":"b304","b":304,"n":"Graça","m":"2927408","cx":-38.5223,"cy":-12.9998},"geometry":{"type":"Polygon","coordinates":[[[-38.5272,-12.9963],[-38.5263,-12.9966],[-38.5256,-12.996],[-38.5247,-12.9954],[-38.5238,-12.9959],[-38.5225,-12.9958],[-38.5207,-12.9951],[-38.5189,-12.995],[-38.5175,-12.9946],[-38.5165,-12.9948],[-38.516,-12.9955],[-38.516,-12.996],[-38.5164,-12.9967],[-38.5172,-12.9987],[-38.5172,-13.0],[-38.5175,-13.0007],[-38.5192,-13.0007],[-38.5202,-13.0011],[-38.5212,-13.0021],[-38.5229,-13.0042],[-38.5232,-13.0047],[-38.5241,-13.0046],[-38.5241,-13.0023],[-38.5251,-13.0025],[-38.5252,-13.002],[-38.5263,-13.0021],[-38.5269,-13.0026],[-38.5273,-13.0033],[-38.5285,-13.0038],[-38.5285,-13.0034],[-38.528,-13.003],[-38.5272,-13.0016],[-38.5279,-13.0007],[-38.5273,-12.9996],[-38.5268,-12.9993],[-38.5268,-12.9984],[-38.5273,-12.9982],[-38.5272,-12.997],[-38.5276,-12.9967],[-38.5272,-12.9963]]]}},{"type":"Feature","properties":{"c":"b305","b":305,"n":"Horto Florestal","m":"2927408","cx":-38.4874,"cy":-13.0007},"geometry":{"type":"Polygon","coordinates":[[[-38.4856,-12.9965],[-38.4846,-12.9976],[-38.4846,-12.9973],[-38.4831,-12.9982],[-38.4825,-12.9983],[-38.482,-12.9992],[-38.4817,-13.0],[-38.4825,-13.0004],[-38.483,-13.0011],[-38.4829,-13.0032],[-38.483,-13.0037],[-38.4845,-13.0053],[-38.4852,-13.0056],[-38.4865,-13.0055],[-38.4865,-13.0047],[-38.4885,-13.0049],[-38.4886,-13.0052],[-38.4908,-13.006],[-38.4916,-13.0069],[-38.492,-13.0066],[-38.4915,-13.006],[-38.4919,-13.0056],[-38.4914,-13.0045],[-38.4917,-13.0035],[-38.4909,-13.0031],[-38.4903,-13.0021],[-38.4897,-13.0017],[-38.4902,-13.0015],[-38.4921,-13.0012],[-38.4919,-12.9994],[-38.4925,-12.9977],[-38.4912,-12.9971],[-38.4905,-12.9964],[-38.4894,-12.9968],[-38.4891,-12.9959],[-38.4883,-12.9961],[-38.4875,-12.9948],[-38.4872,-12.9953],[-38.4875,-12.9962],[-38.4868,-12.9962],[-38.4859,-12.9959],[-38.4857,-12.996],[-38.4856,-12.9965]]]}},{"type":"Feature","properties":{"c":"b306","b":306,"n":"IAPI","m":"2927408","cx":-38.4796,"cy":-12.9536},"geometry":{"type":"Polygon","coordinates":[[[-38.4881,-12.9574],[-38.4892,-12.9563],[-38.4897,-12.956],[-38.4894,-12.9554],[-38.4884,-12.9558],[-38.4886,-12.956],[-38.4877,-12.957],[-38.4871,-12.9563],[-38.486,-12.9559],[-38.4861,-12.9554],[-38.485,-12.9553],[-38.4843,-12.9549],[-38.4847,-12.9541],[-38.4836,-12.9532],[-38.4835,-12.9524],[-38.4847,-12.9526],[-38.4847,-12.9517],[-38.4841,-12.9513],[-38.4825,-12.9517],[-38.4821,-12.9513],[-38.4826,-12.9507],[-38.4816,-12.9499],[-38.4823,-12.9497],[-38.4829,-12.9487],[-38.4822,-12.9486],[-38.4819,-12.9476],[-38.4805,-12.9474],[-38.4797,-12.9475],[-38.4793,-12.9479],[-38.4784,-12.9496],[-38.4773,-12.951],[-38.4763,-12.9514],[-38.4763,-12.9517],[-38.4752,-12.9522],[-38.4751,-12.954],[-38.4753,-12.9548],[-38.4772,-12.9595],[-38.478,-12.9596],[-38.4799,-12.9592],[-38.4809,-12.9587],[-38.4813,-12.9581],[-38.4825,-12.9577],[-38.4828,-12.9581],[-38.4839,-12.9575],[-38.484,-12.958],[-38.4852,-12.9576],[-38.4876,-12.9579],[-38.4882,-12.9576],[-38.4881,-12.9574]]]}},{"type":"Feature","properties":{"c":"b307","b":307,"n":"Ilha Amarela","m":"2927408","cx":-38.47,"cy":-12.8929},"geometry":{"type":"Polygon","coordinates":[[[-38.4739,-12.8888],[-38.4744,-12.8892],[-38.475,-12.8893],[-38.4751,-12.8884],[-38.4754,-12.8875],[-38.4754,-12.8869],[-38.475,-12.886],[-38.4759,-12.8855],[-38.476,-12.8852],[-38.4751,-12.8852],[-38.4718,-12.886],[-38.4713,-12.8863],[-38.47,-12.8875],[-38.469,-12.8876],[-38.468,-12.8879],[-38.467,-12.8899],[-38.4661,-12.8907],[-38.4663,-12.8918],[-38.4661,-12.8927],[-38.4655,-12.8927],[-38.465,-12.893],[-38.4648,-12.8946],[-38.4645,-12.8949],[-38.4637,-12.8948],[-38.4634,-12.8944],[-38.4631,-12.8949],[-38.4631,-12.8954],[-38.4638,-12.8955],[-38.4653,-12.8948],[-38.4659,-12.8943],[-38.4669,-12.8943],[-38.4682,-12.8955],[-38.4693,-12.8971],[-38.4695,-12.8978],[-38.47,-12.8984],[-38.4708,-12.8984],[-38.4713,-12.8992],[-38.472,-12.8996],[-38.472,-12.8999],[-38.4727,-12.9007],[-38.4736,-12.8998],[-38.475,-12.9],[-38.4753,-12.8995],[-38.4764,-12.8988],[-38.4762,-12.8982],[-38.4758,-12.8981],[-38.4737,-12.8986],[-38.4734,-12.8974],[-38.4727,-12.8958],[-38.4734,-12.8953],[-38.4735,-12.8942],[-38.4742,-12.894],[-38.475,-12.8928],[-38.4744,-12.8919],[-38.475,-12.8907],[-38.4739,-12.8888]]]}},{"type":"Feature","properties":{"c":"b308","b":308,"n":"Ilha Bom Jesus dos Passos","m":"2927408","cx":-38.6412,"cy":-12.7607},"geometry":{"type":"MultiPolygon","coordinates":[[[[-38.646,-12.7632],[-38.6466,-12.7632],[-38.6465,-12.7627],[-38.647,-12.7619],[-38.6466,-12.762],[-38.6459,-12.7614],[-38.6453,-12.7614],[-38.646,-12.7624],[-38.646,-12.7632]]],[[[-38.6461,-12.7603],[-38.6462,-12.7598],[-38.6451,-12.7597],[-38.6446,-12.7594],[-38.6425,-12.7593],[-38.642,-12.7585],[-38.6414,-12.7581],[-38.6404,-12.7585],[-38.6399,-12.7578],[-38.6397,-12.7571],[-38.6399,-12.7564],[-38.6393,-12.7563],[-38.6388,-12.7567],[-38.6386,-12.758],[-38.6383,-12.7591],[-38.6385,-12.7601],[-38.6388,-12.7604],[-38.638,-12.7612],[-38.637,-12.7612],[-38.6366,-12.761],[-38.6364,-12.7613],[-38.6368,-12.763],[-38.6364,-12.764],[-38.6366,-12.7648],[-38.6374,-12.7649],[-38.6384,-12.7641],[-38.6395,-12.7639],[-38.6402,-12.7632],[-38.6408,-12.7631],[-38.641,-12.7641],[-38.6414,-12.7632],[-38.643,-12.7639],[-38.6439,-12.7634],[-38.6436,-12.7625],[-38.6432,-12.7625],[-38.6431,-12.7616],[-38.6434,-12.7613],[-38.6443,-12.7615],[-38.6437,-12.761],[-38.6441,-12.7604],[-38.6454,-12.7601],[-38.6461,-12.7603]]]]}},{"type":"Feature","properties":{"c":"b309","b":309,"n":"Ilha de Maré","m":"2927408","cx":-38.527,"cy":-12.7708},"geometry":{"type":"Polygon","coordinates":[[[-38.5324,-12.7789],[-38.5329,-12.7773],[-38.5335,-12.7773],[-38.5334,-12.7767],[-38.5326,-12.7755],[-38.5327,-12.7743],[-38.533,-12.7734],[-38.5343,-12.7719],[-38.5352,-12.771],[-38.5384,-12.7694],[-38.5407,-12.7685],[-38.5424,-12.7674],[-38.5434,-12.7663],[-38.5444,-12.7642],[-38.5451,-12.7632],[-38.546,-12.7624],[-38.5462,-12.7617],[-38.5456,-12.7608],[-38.5445,-12.7597],[-38.5439,-12.7586],[-38.5436,-12.7557],[-38.5431,-12.7546],[-38.5421,-12.7528],[-38.5405,-12.7501],[-38.5402,-12.7492],[-38.5405,-12.7484],[-38.5404,-12.748],[-38.5395,-12.7474],[-38.5384,-12.7462],[-38.538,-12.744],[-38.5375,-12.7432],[-38.5373,-12.7432],[-38.5365,-12.744],[-38.5352,-12.7436],[-38.5335,-12.7425],[-38.5327,-12.7424],[-38.5315,-12.7432],[-38.5312,-12.7436],[-38.53,-12.7441],[-38.5298,-12.7446],[-38.529,-12.7456],[-38.5278,-12.746],[-38.5268,-12.7467],[-38.5266,-12.7472],[-38.5253,-12.7487],[-38.5233,-12.7496],[-38.5228,-12.7496],[-38.5221,-12.7491],[-38.522,-12.7486],[-38.5218,-12.7497],[-38.5212,-12.7498],[-38.5202,-12.7487],[-38.5212,-12.7485],[-38.5205,-12.7481],[-38.5197,-12.748],[-38.519,-12.7484],[-38.5191,-12.7493],[-38.5183,-12.7504],[-38.517,-12.7513],[-38.5164,-12.7524],[-38.5166,-12.7528],[-38.5166,-12.7547],[-38.5169,-12.7552],[-38.5172,-12.7566],[-38.5178,-12.7564],[-38.5186,-12.7576],[-38.5188,-12.7583],[-38.5186,-12.7594],[-38.5181,-12.7602],[-38.5179,-12.7614],[-38.5175,-12.7622],[-38.518,-12.7629],[-38.5178,-12.764],[-38.5181,-12.7645],[-38.5185,-12.7645],[-38.5185,-12.7653],[-38.5181,-12.7663],[-38.5184,-12.7674],[-38.519,-12.7681],[-38.5191,-12.7691],[-38.5185,-12.77],[-38.5186,-12.7707],[-38.5182,-12.7712],[-38.5179,-12.7721],[-38.5179,-12.7732],[-38.5176,-12.7745],[-38.5163,-12.7764],[-38.516,-12.7774],[-38.5162,-12.7778],[-38.5157,-12.7786],[-38.5158,-12.779],[-38.5154,-12.7797],[-38.5155,-12.78],[-38.5141,-12.783],[-38.514,-12.784],[-38.5143,-12.7834],[-38.5151,-12.7838],[-38.516,-12.7847],[-38.5156,-12.7856],[-38.5156,-12.7872],[-38.5151,-12.7878],[-38.5151,-12.7883],[-38.5155,-12.7888],[-38.5151,-12.7897],[-38.5157,-12.79],[-38.5154,-12.7905],[-38.5158,-12.7908],[-38.5165,-12.7905],[-38.5169,-12.791],[-38.5165,-12.7914],[-38.5169,-12.7916],[-38.5166,-12.7919],[-38.5175,-12.792],[-38.5175,-12.7928],[-38.5168,-12.7932],[-38.5176,-12.794],[-38.5183,-12.7943],[-38.5191,-12.7951],[-38.5201,-12.7956],[-38.5205,-12.7961],[-38.5212,-12.7965],[-38.5213,-12.797],[-38.5224,-12.7981],[-38.5223,-12.799],[-38.523,-12.7978],[-38.5242,-12.7983],[-38.5234,-12.7986],[-38.5238,-12.7991],[-38.5242,-12.7986],[-38.5246,-12.7989],[-38.525,-12.7982],[-38.5258,-12.7989],[-38.526,-12.7983],[-38.5282,-12.7976],[-38.5286,-12.7977],[-38.5304,-12.7972],[-38.5312,-12.7972],[-38.5318,-12.7967],[-38.5325,-12.7971],[-38.5333,-12.7973],[-38.534,-12.7972],[-38.5343,-12.7969],[-38.5356,-12.797],[-38.5361,-12.7967],[-38.5357,-12.7959],[-38.5356,-12.7951],[-38.535,-12.7949],[-38.5349,-12.7946],[-38.5355,-12.7939],[-38.536,-12.794],[-38.5359,-12.7931],[-38.5349,-12.7927],[-38.5358,-12.7924],[-38.5351,-12.7916],[-38.5343,-12.7919],[-38.5331,-12.7907],[-38.5337,-12.7901],[-38.5336,-12.7896],[-38.5331,-12.7891],[-38.533,-12.788],[-38.5334,-12.7878],[-38.5335,-12.787],[-38.5343,-12.7857],[-38.5338,-12.7854],[-38.5344,-12.7848],[-38.5347,-12.7835],[-38.5345,-12.7832],[-38.5348,-12.7821],[-38.5342,-12.7814],[-38.5342,-12.7809],[-38.5331,-12.7807],[-38.5326,-12.7805],[-38.5323,-12.7797],[-38.5324,-12.7789]]]}},{"type":"Feature","properties":{"c":"b310","b":310,"n":"Ilha dos Frades / Ilha de Santo Antônio","m":"2927408","cx":-38.6348,"cy":-12.7871},"geometry":{"type":"MultiPolygon","coordinates":[[[[-38.6484,-12.7655],[-38.6486,-12.7659],[-38.6495,-12.7665],[-38.6501,-12.7667],[-38.6499,-12.765],[-38.6502,-12.7645],[-38.65,-12.7641],[-38.6492,-12.7638],[-38.6488,-12.7643],[-38.6484,-12.7655]]],[[[-38.6519,-12.7642],[-38.652,-12.7649],[-38.6515,-12.7659],[-38.6505,-12.7665],[-38.651,-12.7664],[-38.6517,-12.7666],[-38.6531,-12.7662],[-38.6539,-12.7664],[-38.6549,-12.7669],[-38.6553,-12.7666],[-38.6551,-12.7651],[-38.6544,-12.7652],[-38.6542,-12.7644],[-38.6548,-12.7635],[-38.6546,-12.763],[-38.6543,-12.7633],[-38.6539,-12.7626],[-38.6534,-12.7624],[-38.6528,-12.7617],[-38.6526,-12.7612],[-38.6531,-12.7606],[-38.6519,-12.7603],[-38.6513,-12.7606],[-38.6508,-12.7616],[-38.6508,-12.7627],[-38.6506,-12.763],[-38.6513,-12.7634],[-38.6519,-12.7642]]],[[[-38.6461,-12.7936],[-38.6456,-12.7931],[-38.645,-12.7919],[-38.6452,-12.7917],[-38.6453,-12.7899],[-38.6459,-12.7899],[-38.6464,-12.7883],[-38.6463,-12.7879],[-38.6466,-12.7869],[-38.647,-12.7867],[-38.6484,-12.7848],[-38.6489,-12.7848],[-38.649,-12.7837],[-38.6502,-12.7823],[-38.6518,-12.7816],[-38.6524,-12.7811],[-38.653,-12.7808],[-38.6548,-12.7806],[-38.6553,-12.781],[-38.6557,-12.7808],[-38.6566,-12.7792],[-38.657,-12.779],[-38.6567,-12.7786],[-38.6572,-12.7778],[-38.6571,-12.7772],[-38.6575,-12.7771],[-38.657,-12.7763],[-38.657,-12.7758],[-38.6566,-12.7758],[-38.6559,-12.7747],[-38.6556,-12.7746],[-38.6548,-12.7738],[-38.6545,-12.7729],[-38.6528,-12.7722],[-38.653,-12.7728],[-38.6525,-12.7728],[-38.6521,-12.7733],[-38.6519,-12.7719],[-38.6524,-12.7713],[-38.6519,-12.7692],[-38.6513,-12.7691],[-38.6507,-12.7685],[-38.6499,-12.7687],[-38.6494,-12.7683],[-38.6493,-12.7687],[-38.6487,-12.7679],[-38.649,-12.7688],[-38.6502,-12.7693],[-38.6506,-12.7698],[-38.6504,-12.7715],[-38.6499,-12.7714],[-38.6495,-12.7718],[-38.6493,-12.7728],[-38.6487,-12.7724],[-38.6479,-12.7726],[-38.6475,-12.7715],[-38.6477,-12.7708],[-38.6483,-12.7705],[-38.6483,-12.7698],[-38.6477,-12.7693],[-38.6473,-12.7692],[-38.6455,-12.7701],[-38.6457,-12.7707],[-38.6451,-12.7709],[-38.6444,-12.7714],[-38.6441,-12.771],[-38.6443,-12.7699],[-38.6441,-12.7693],[-38.6435,-12.7691],[-38.6416,-12.7695],[-38.6426,-12.7687],[-38.6423,-12.7679],[-38.6429,-12.7675],[-38.6424,-12.7668],[-38.6424,-12.7662],[-38.641,-12.7662],[-38.6396,-12.7655],[-38.6392,-12.7655],[-38.6391,-12.7666],[-38.6388,-12.7667],[-38.6388,-12.7676],[-38.6383,-12.7696],[-38.6376,-12.7707],[-38.6378,-12.7711],[-38.6366,-12.7711],[-38.6366,-12.7705],[-38.6361,-12.7702],[-38.6356,-12.7704],[-38.6357,-12.77],[-38.6346,-12.7693],[-38.6343,-12.7688],[-38.6333,-12.7683],[-38.6327,-12.7678],[-38.632,-12.7669],[-38.6314,-12.7669],[-38.6313,-12.7665],[-38.6305,-12.7656],[-38.6303,-12.7644],[-38.63,-12.7642],[-38.6302,-12.7637],[-38.6293,-12.763],[-38.6291,-12.7626],[-38.6277,-12.7609],[-38.6259,-12.7582],[-38.6254,-12.7581],[-38.6247,-12.7576],[-38.6239,-12.7575],[-38.6237,-12.758],[-38.6226,-12.7588],[-38.6218,-12.7587],[-38.6216,-12.758],[-38.6204,-12.7581],[-38.6196,-12.7586],[-38.6192,-12.7596],[-38.6186,-12.7601],[-38.618,-12.7613],[-38.618,-12.7623],[-38.6182,-12.7638],[-38.6179,-12.7647],[-38.6184,-12.7663],[-38.6186,-12.7663],[-38.6199,-12.7682],[-38.6207,-12.7697],[-38.6209,-12.7706],[-38.6207,-12.7721],[-38.6196,-12.7728],[-38.6205,-12.7747],[-38.621,-12.7766],[-38.6209,-12.7769],[-38.6211,-12.7786],[-38.6224,-12.7806],[-38.6231,-12.7823],[-38.6236,-12.7856],[-38.6231,-12.7862],[-38.623,-12.7873],[-38.6233,-12.788],[-38.6243,-12.7884],[-38.6245,-12.7887],[-38.6251,-12.7906],[-38.6257,-12.7912],[-38.626,-12.792],[-38.6278,-12.7936],[-38.6283,-12.7956],[-38.6281,-12.7965],[-38.6277,-12.7964],[-38.6277,-12.7977],[-38.6279,-12.7993],[-38.6282,-12.7999],[-38.6291,-12.8012],[-38.6301,-12.8021],[-38.6305,-12.8029],[-38.6308,-12.8043],[-38.6301,-12.8049],[-38.6291,-12.8051],[-38.6291,-12.8062],[-38.6298,-12.8072],[-38.6302,-12.8083],[-38.6316,-12.8092],[-38.6327,-12.8096],[-38.6336,-12.8102],[-38.6347,-12.811],[-38.6351,-12.812],[-38.6352,-12.8126],[-38.6362,-12.8132],[-38.6369,-12.8132],[-38.637,-12.8143],[-38.6377,-12.8145],[-38.6382,-12.8138],[-38.6397,-12.8139],[-38.6408,-12.8144],[-38.6419,-12.8156],[-38.6431,-12.8167],[-38.6435,-12.8168],[-38.6416,-12.815],[-38.6423,-12.8121],[-38.643,-12.8111],[-38.6432,-12.8104],[-38.6431,-12.8095],[-38.6437,-12.8083],[-38.6456,-12.807],[-38.647,-12.8067],[-38.6474,-12.8063],[-38.6473,-12.8055],[-38.6476,-12.8036],[-38.648,-12.8028],[-38.6472,-12.8009],[-38.6473,-12.7999],[-38.6471,-12.7993],[-38.646,-12.7987],[-38.6457,-12.798],[-38.6452,-12.7973],[-38.6452,-12.7962],[-38.6455,-12.796],[-38.6453,-12.7951],[-38.6461,-12.7941],[-38.6461,-12.7936]]]]}},{"type":"Feature","properties":{"c":"b311","b":311,"n":"Imbuí","m":"2927408","cx":-38.4329,"cy":-12.9655},"geometry":{"type":"Polygon","coordinates":[[[-38.4429,-12.9782],[-38.4441,-12.9779],[-38.4452,-12.9777],[-38.4467,-12.9766],[-38.4473,-12.9762],[-38.4473,-12.9755],[-38.4478,-12.9753],[-38.4483,-12.9757],[-38.451,-12.9744],[-38.4497,-12.9737],[-38.4434,-12.9703],[-38.4409,-12.9689],[-38.4392,-12.9679],[-38.4376,-12.9662],[-38.431,-12.9586],[-38.4267,-12.9527],[-38.4258,-12.9532],[-38.4259,-12.9543],[-38.4262,-12.9551],[-38.4253,-12.9556],[-38.4249,-12.9568],[-38.4262,-12.9577],[-38.4258,-12.9587],[-38.4265,-12.9589],[-38.4266,-12.9594],[-38.4277,-12.9616],[-38.4285,-12.9626],[-38.429,-12.964],[-38.4291,-12.9649],[-38.4283,-12.9668],[-38.428,-12.9681],[-38.4278,-12.9683],[-38.4266,-12.9683],[-38.4269,-12.9689],[-38.4292,-12.9689],[-38.4292,-12.9692],[-38.428,-12.9697],[-38.4277,-12.9706],[-38.4278,-12.9712],[-38.4286,-12.9709],[-38.4286,-12.9722],[-38.4292,-12.9728],[-38.4302,-12.9732],[-38.4328,-12.9738],[-38.4334,-12.9738],[-38.4341,-12.9734],[-38.4336,-12.9745],[-38.4345,-12.9748],[-38.4365,-12.9758],[-38.4383,-12.977],[-38.4396,-12.9768],[-38.4414,-12.977],[-38.4423,-12.9781],[-38.4429,-12.9782]]]}},{"type":"Feature","properties":{"c":"b312","b":312,"n":"Itacaranha","m":"2927408","cx":-38.4789,"cy":-12.8881},"geometry":{"type":"Polygon","coordinates":[[[-38.4754,-12.8875],[-38.4751,-12.8884],[-38.475,-12.8893],[-38.4744,-12.8892],[-38.4739,-12.8888],[-38.475,-12.8907],[-38.4761,-12.8905],[-38.4766,-12.8901],[-38.4772,-12.89],[-38.4779,-12.8894],[-38.478,-12.8889],[-38.4792,-12.8885],[-38.4803,-12.889],[-38.482,-12.8887],[-38.482,-12.8882],[-38.4832,-12.888],[-38.4826,-12.8888],[-38.4825,-12.8894],[-38.4825,-12.8909],[-38.4838,-12.8926],[-38.4838,-12.8933],[-38.4835,-12.894],[-38.484,-12.8943],[-38.4848,-12.8942],[-38.4855,-12.8936],[-38.4868,-12.8939],[-38.4871,-12.8933],[-38.4881,-12.8938],[-38.4889,-12.8935],[-38.4891,-12.894],[-38.4901,-12.8936],[-38.4894,-12.8926],[-38.4886,-12.8903],[-38.4878,-12.889],[-38.4872,-12.8874],[-38.4868,-12.8868],[-38.4863,-12.8838],[-38.4857,-12.8835],[-38.4844,-12.8825],[-38.4843,-12.8821],[-38.4827,-12.882],[-38.4819,-12.8818],[-38.4808,-12.8819],[-38.4794,-12.8832],[-38.4801,-12.8832],[-38.4802,-12.8844],[-38.4796,-12.8847],[-38.4797,-12.8853],[-38.4795,-12.8865],[-38.4786,-12.8871],[-38.4785,-12.8868],[-38.4775,-12.8873],[-38.4771,-12.887],[-38.476,-12.8875],[-38.4758,-12.8867],[-38.4754,-12.8869],[-38.4754,-12.8875]]]}},{"type":"Feature","properties":{"c":"b313","b":313,"n":"Itaigara","m":"2927408","cx":-38.4683,"cy":-12.9927},"geometry":{"type":"Polygon","coordinates":[[[-38.4755,-12.994],[-38.4754,-12.9925],[-38.4751,-12.992],[-38.4727,-12.9897],[-38.4698,-12.9889],[-38.4675,-12.9878],[-38.4665,-12.9889],[-38.466,-12.9891],[-38.4645,-12.9887],[-38.4637,-12.9889],[-38.4621,-12.9899],[-38.4612,-12.9901],[-38.4612,-12.9925],[-38.4611,-12.9929],[-38.4603,-12.9938],[-38.4597,-12.9942],[-38.4601,-12.9945],[-38.4595,-12.9954],[-38.4601,-12.9969],[-38.4605,-12.9965],[-38.4634,-12.9971],[-38.4636,-12.9974],[-38.4641,-12.9971],[-38.4665,-12.9965],[-38.4726,-12.996],[-38.4743,-12.9956],[-38.4749,-12.9953],[-38.4755,-12.9942],[-38.4755,-12.994]]]}},{"type":"Feature","properties":{"c":"b314","b":314,"n":"Itapuã","m":"2927408","cx":-38.3572,"cy":-12.9391},"geometry":{"type":"Polygon","coordinates":[[[-38.3746,-12.9519],[-38.375,-12.9503],[-38.3721,-12.9495],[-38.3724,-12.9487],[-38.3732,-12.9489],[-38.3749,-12.9477],[-38.3746,-12.9473],[-38.3762,-12.9464],[-38.3769,-12.9465],[-38.3774,-12.9451],[-38.3762,-12.9415],[-38.3753,-12.9418],[-38.3752,-12.9425],[-38.3737,-12.9433],[-38.3733,-12.944],[-38.3727,-12.9447],[-38.3715,-12.9454],[-38.3709,-12.9447],[-38.3696,-12.9435],[-38.3692,-12.943],[-38.3699,-12.9425],[-38.3701,-12.9414],[-38.3696,-12.9413],[-38.3689,-12.9406],[-38.369,-12.9397],[-38.3708,-12.9385],[-38.3716,-12.9373],[-38.3723,-12.9376],[-38.3729,-12.9369],[-38.3728,-12.9364],[-38.3729,-12.9354],[-38.3733,-12.9358],[-38.374,-12.9356],[-38.3743,-12.935],[-38.3739,-12.9342],[-38.3734,-12.9336],[-38.3725,-12.9342],[-38.3719,-12.9342],[-38.3707,-12.9333],[-38.3706,-12.9329],[-38.3711,-12.9323],[-38.371,-12.9317],[-38.3702,-12.9314],[-38.3698,-12.9307],[-38.3698,-12.9296],[-38.3694,-12.9291],[-38.3678,-12.9279],[-38.3674,-12.9268],[-38.3676,-12.9263],[-38.3683,-12.9258],[-38.3685,-12.9255],[-38.3687,-12.9234],[-38.366,-12.9229],[-38.3627,-12.9223],[-38.3573,-12.9213],[-38.3553,-12.9207],[-38.3541,-12.9207],[-38.3528,-12.9213],[-38.3515,-12.9214],[-38.3517,-12.923],[-38.3515,-12.9237],[-38.3509,-12.925],[-38.3503,-12.9258],[-38.3492,-12.9269],[-38.3492,-12.9284],[-38.3476,-12.9317],[-38.3473,-12.9334],[-38.3452,-12.9377],[-38.3417,-12.9448],[-38.3403,-12.9475],[-38.3399,-12.9479],[-38.3407,-12.9486],[-38.3421,-12.9503],[-38.3427,-12.9508],[-38.3435,-12.9509],[-38.3447,-12.9518],[-38.3446,-12.952],[-38.3458,-12.9523],[-38.3459,-12.9527],[-38.3466,-12.9526],[-38.3483,-12.954],[-38.3491,-12.954],[-38.3495,-12.9542],[-38.3508,-12.9555],[-38.3514,-12.9555],[-38.3522,-12.9559],[-38.3526,-12.9567],[-38.3535,-12.9571],[-38.355,-12.957],[-38.3554,-12.9565],[-38.3566,-12.9567],[-38.3575,-12.9564],[-38.359,-12.9562],[-38.3606,-12.9544],[-38.3618,-12.9537],[-38.3619,-12.9531],[-38.3627,-12.953],[-38.3632,-12.9517],[-38.3644,-12.9507],[-38.365,-12.9507],[-38.3656,-12.9512],[-38.3663,-12.9511],[-38.3675,-12.9514],[-38.369,-12.9512],[-38.3727,-12.9521],[-38.3736,-12.9527],[-38.3739,-12.9523],[-38.3744,-12.9523],[-38.3746,-12.9519]]]}},{"type":"Feature","properties":{"c":"b315","b":315,"n":"Itinga","m":"2927408","cx":-38.3574,"cy":-12.8818},"geometry":{"type":"Polygon","coordinates":[[[-38.364,-12.8726],[-38.3635,-12.8584],[-38.3627,-12.8583],[-38.3623,-12.8586],[-38.3624,-12.8592],[-38.3615,-12.8603],[-38.36,-12.8608],[-38.3599,-12.8615],[-38.3603,-12.8625],[-38.3594,-12.8628],[-38.359,-12.8636],[-38.3584,-12.8641],[-38.3567,-12.8644],[-38.356,-12.8652],[-38.3546,-12.8655],[-38.3547,-12.8685],[-38.355,-12.8766],[-38.3551,-12.8798],[-38.3548,-12.894],[-38.3549,-12.8947],[-38.3456,-12.9004],[-38.344,-12.9021],[-38.3433,-12.9035],[-38.3433,-12.9041],[-38.3442,-12.9048],[-38.345,-12.9046],[-38.3465,-12.9034],[-38.3498,-12.9025],[-38.3497,-12.902],[-38.3501,-12.9013],[-38.3505,-12.9011],[-38.3511,-12.9],[-38.3521,-12.8996],[-38.3525,-12.899],[-38.3529,-12.8989],[-38.3533,-12.8983],[-38.354,-12.8978],[-38.3544,-12.8979],[-38.3551,-12.8974],[-38.3561,-12.8971],[-38.3569,-12.8965],[-38.3569,-12.8946],[-38.3571,-12.8941],[-38.3569,-12.8933],[-38.3573,-12.8928],[-38.3574,-12.892],[-38.3578,-12.8915],[-38.3578,-12.8904],[-38.359,-12.8897],[-38.3588,-12.8885],[-38.358,-12.888],[-38.3581,-12.8871],[-38.3585,-12.887],[-38.3583,-12.8864],[-38.3584,-12.8854],[-38.3581,-12.884],[-38.3582,-12.8834],[-38.3594,-12.8822],[-38.3602,-12.8811],[-38.3607,-12.8815],[-38.3611,-12.8812],[-38.3612,-12.88],[-38.3615,-12.8797],[-38.3627,-12.8799],[-38.3643,-12.8807],[-38.364,-12.8726]]]}},{"type":"Feature","properties":{"c":"b316","b":316,"n":"Jaguaripe I","m":"2927408","cx":-38.4064,"cy":-12.9097},"geometry":{"type":"Polygon","coordinates":[[[-38.4122,-12.9113],[-38.4131,-12.9104],[-38.4143,-12.9083],[-38.4128,-12.9072],[-38.412,-12.9073],[-38.4118,-12.9068],[-38.4107,-12.9065],[-38.4102,-12.9056],[-38.4098,-12.9054],[-38.4095,-12.9052],[-38.4086,-12.9053],[-38.4073,-12.9041],[-38.4068,-12.9036],[-38.4069,-12.9028],[-38.4063,-12.9029],[-38.4052,-12.9026],[-38.404,-12.9052],[-38.4035,-12.9052],[-38.4015,-12.9059],[-38.4008,-12.9063],[-38.4002,-12.9072],[-38.3994,-12.908],[-38.3991,-12.9093],[-38.3994,-12.9102],[-38.3993,-12.9106],[-38.3994,-12.9115],[-38.3991,-12.9125],[-38.3984,-12.9135],[-38.3979,-12.9141],[-38.3982,-12.9147],[-38.3981,-12.9161],[-38.4001,-12.9155],[-38.402,-12.9146],[-38.4038,-12.9146],[-38.4045,-12.9144],[-38.4051,-12.9135],[-38.4066,-12.9135],[-38.4085,-12.9134],[-38.4104,-12.9125],[-38.4122,-12.9113]]]}},{"type":"Feature","properties":{"c":"b317","b":317,"n":"Jardim Armação","m":"2927408","cx":-38.4374,"cy":-12.9876},"geometry":{"type":"Polygon","coordinates":[[[-38.4362,-12.9907],[-38.4391,-12.9943],[-38.4397,-12.9954],[-38.441,-12.9943],[-38.4407,-12.9927],[-38.4411,-12.9917],[-38.4422,-12.9914],[-38.4431,-12.9908],[-38.4432,-12.9901],[-38.4429,-12.9898],[-38.4417,-12.9899],[-38.4404,-12.9871],[-38.4407,-12.9857],[-38.4406,-12.9855],[-38.4415,-12.9853],[-38.4417,-12.9848],[-38.4424,-12.9849],[-38.4426,-12.9841],[-38.4421,-12.9833],[-38.4415,-12.9828],[-38.4409,-12.9818],[-38.4403,-12.9816],[-38.4396,-12.9813],[-38.4386,-12.9815],[-38.4383,-12.9806],[-38.4372,-12.9806],[-38.4366,-12.981],[-38.4363,-12.9809],[-38.4359,-12.9817],[-38.4352,-12.9843],[-38.4348,-12.9845],[-38.4344,-12.9866],[-38.4346,-12.987],[-38.4337,-12.9882],[-38.4362,-12.9907]]]}},{"type":"Feature","properties":{"c":"b318","b":318,"n":"Jardim Cajazeiras","m":"2927408","cx":-38.4503,"cy":-12.9175},"geometry":{"type":"Polygon","coordinates":[[[-38.4552,-12.9159],[-38.4538,-12.9156],[-38.4533,-12.9153],[-38.4514,-12.9132],[-38.4505,-12.9123],[-38.4491,-12.9125],[-38.4483,-12.9129],[-38.4475,-12.913],[-38.4455,-12.9144],[-38.445,-12.915],[-38.4464,-12.9157],[-38.4464,-12.9178],[-38.4473,-12.9188],[-38.4475,-12.9192],[-38.4473,-12.9202],[-38.4475,-12.9208],[-38.4485,-12.9216],[-38.4487,-12.9223],[-38.4486,-12.9228],[-38.4506,-12.922],[-38.4521,-12.9215],[-38.4521,-12.9206],[-38.4517,-12.9194],[-38.4517,-12.9191],[-38.4539,-12.9179],[-38.4544,-12.9173],[-38.456,-12.9165],[-38.4558,-12.9163],[-38.4552,-12.9159]]]}},{"type":"Feature","properties":{"c":"b319","b":319,"n":"Jardim Nova Esperança","m":"2927408","cx":-38.4192,"cy":-12.9117},"geometry":{"type":"Polygon","coordinates":[[[-38.4232,-12.9191],[-38.4238,-12.9181],[-38.4232,-12.9176],[-38.423,-12.9169],[-38.4232,-12.9163],[-38.4228,-12.9156],[-38.4232,-12.9146],[-38.4236,-12.9147],[-38.4235,-12.9139],[-38.4243,-12.9135],[-38.4236,-12.9128],[-38.4225,-12.9106],[-38.4213,-12.9089],[-38.4211,-12.9085],[-38.4203,-12.9056],[-38.4204,-12.9048],[-38.4209,-12.9038],[-38.4215,-12.903],[-38.4197,-12.9044],[-38.4177,-12.9061],[-38.4168,-12.9067],[-38.4148,-12.9078],[-38.4143,-12.9083],[-38.4131,-12.9104],[-38.4122,-12.9113],[-38.4104,-12.9125],[-38.4104,-12.9128],[-38.4121,-12.9127],[-38.4121,-12.912],[-38.413,-12.9122],[-38.414,-12.9118],[-38.4152,-12.9116],[-38.4169,-12.9134],[-38.4163,-12.915],[-38.4163,-12.9169],[-38.4153,-12.9167],[-38.4149,-12.917],[-38.4159,-12.918],[-38.4159,-12.919],[-38.4174,-12.9206],[-38.4177,-12.9206],[-38.4185,-12.9201],[-38.4191,-12.9199],[-38.4201,-12.9202],[-38.4217,-12.9203],[-38.4226,-12.9198],[-38.4232,-12.9199],[-38.4232,-12.9191]]]}},{"type":"Feature","properties":{"c":"b320","b":320,"n":"Jardim Santo Inácio","m":"2927408","cx":-38.4616,"cy":-12.9288},"geometry":{"type":"Polygon","coordinates":[[[-38.46,-12.9246],[-38.459,-12.9262],[-38.4585,-12.9265],[-38.4591,-12.9275],[-38.459,-12.9278],[-38.4597,-12.9298],[-38.4602,-12.9304],[-38.4601,-12.9315],[-38.4605,-12.9324],[-38.4611,-12.933],[-38.4622,-12.9335],[-38.4633,-12.9335],[-38.4636,-12.9322],[-38.4641,-12.9319],[-38.4646,-12.9321],[-38.4645,-12.9311],[-38.4648,-12.9308],[-38.4648,-12.9298],[-38.4638,-12.9292],[-38.4637,-12.9285],[-38.4642,-12.9283],[-38.4638,-12.9276],[-38.4632,-12.9275],[-38.463,-12.9279],[-38.4623,-12.9273],[-38.4624,-12.9271],[-38.4615,-12.9269],[-38.4618,-12.9263],[-38.4605,-12.925],[-38.46,-12.9246]]]}},{"type":"Feature","properties":{"c":"b321","b":321,"n":"Jardim das Margaridas","m":"2927408","cx":-38.3605,"cy":-12.8943},"geometry":{"type":"Polygon","coordinates":[[[-38.3627,-12.8799],[-38.3615,-12.8797],[-38.3612,-12.88],[-38.3611,-12.8812],[-38.3607,-12.8815],[-38.3602,-12.8811],[-38.3594,-12.8822],[-38.3582,-12.8834],[-38.3581,-12.884],[-38.3584,-12.8854],[-38.3583,-12.8864],[-38.3585,-12.887],[-38.3581,-12.8871],[-38.358,-12.888],[-38.3588,-12.8885],[-38.359,-12.8897],[-38.3578,-12.8904],[-38.3578,-12.8915],[-38.3574,-12.892],[-38.3573,-12.8928],[-38.3569,-12.8933],[-38.3571,-12.8941],[-38.3569,-12.8946],[-38.3569,-12.8965],[-38.3561,-12.8971],[-38.3551,-12.8974],[-38.3544,-12.8979],[-38.354,-12.8978],[-38.3533,-12.8983],[-38.3529,-12.8989],[-38.3525,-12.899],[-38.3521,-12.8996],[-38.3511,-12.9],[-38.3505,-12.9011],[-38.3501,-12.9013],[-38.3497,-12.902],[-38.3498,-12.9025],[-38.3465,-12.9034],[-38.345,-12.9046],[-38.3442,-12.9048],[-38.3477,-12.9085],[-38.3488,-12.9083],[-38.3492,-12.9087],[-38.354,-12.9057],[-38.3567,-12.904],[-38.3578,-12.9035],[-38.3591,-12.9031],[-38.3615,-12.9025],[-38.363,-12.9015],[-38.3637,-12.9003],[-38.3639,-12.8996],[-38.3639,-12.8983],[-38.3643,-12.8807],[-38.3627,-12.8799]]]}},{"type":"Feature","properties":{"c":"b322","b":322,"n":"Lapinha","m":"2927408","cx":-38.4989,"cy":-12.9554},"geometry":{"type":"Polygon","coordinates":[[[-38.4962,-12.9544],[-38.497,-12.9564],[-38.4977,-12.9561],[-38.4974,-12.957],[-38.4972,-12.957],[-38.4975,-12.9578],[-38.4993,-12.9599],[-38.5004,-12.9594],[-38.5006,-12.9591],[-38.5011,-12.9585],[-38.5011,-12.9581],[-38.5004,-12.957],[-38.5014,-12.9566],[-38.5014,-12.9562],[-38.501,-12.9545],[-38.5011,-12.9537],[-38.5006,-12.9531],[-38.5003,-12.9517],[-38.4987,-12.9527],[-38.4972,-12.953],[-38.4974,-12.9545],[-38.4968,-12.9547],[-38.4965,-12.9542],[-38.4962,-12.9544]]]}},{"type":"Feature","properties":{"c":"b323","b":323,"n":"Liberdade","m":"2927408","cx":-38.4941,"cy":-12.9472},"geometry":{"type":"Polygon","coordinates":[[[-38.4919,-12.9398],[-38.4909,-12.94],[-38.4905,-12.9398],[-38.4897,-12.94],[-38.4876,-12.9398],[-38.4872,-12.9399],[-38.4865,-12.9412],[-38.4869,-12.9428],[-38.4872,-12.9435],[-38.488,-12.944],[-38.4883,-12.9439],[-38.4889,-12.9456],[-38.4881,-12.9457],[-38.4885,-12.9466],[-38.4883,-12.9471],[-38.4888,-12.9473],[-38.4892,-12.947],[-38.49,-12.947],[-38.4903,-12.9477],[-38.4909,-12.9474],[-38.4912,-12.9477],[-38.4917,-12.9479],[-38.4913,-12.9493],[-38.492,-12.9496],[-38.4919,-12.951],[-38.4929,-12.9523],[-38.493,-12.9538],[-38.4932,-12.9543],[-38.4949,-12.9541],[-38.4959,-12.9543],[-38.4957,-12.9536],[-38.4963,-12.9536],[-38.4965,-12.9542],[-38.4968,-12.9547],[-38.4974,-12.9545],[-38.4972,-12.953],[-38.4987,-12.9527],[-38.5003,-12.9517],[-38.5002,-12.9507],[-38.4991,-12.9502],[-38.4982,-12.9489],[-38.4982,-12.9486],[-38.4988,-12.9478],[-38.4981,-12.9476],[-38.498,-12.9469],[-38.4966,-12.9459],[-38.4958,-12.944],[-38.495,-12.9434],[-38.4947,-12.9439],[-38.4945,-12.9434],[-38.4935,-12.9424],[-38.4931,-12.9413],[-38.4933,-12.9412],[-38.4928,-12.9401],[-38.4919,-12.9398]]]}},{"type":"Feature","properties":{"c":"b324","b":324,"n":"Lobato","m":"2927408","cx":-38.4774,"cy":-12.9181},"geometry":{"type":"Polygon","coordinates":[[[-38.4717,-12.9178],[-38.4713,-12.9177],[-38.4718,-12.9184],[-38.4717,-12.9191],[-38.472,-12.92],[-38.4729,-12.92],[-38.4731,-12.9209],[-38.4738,-12.9208],[-38.4739,-12.9216],[-38.4746,-12.9218],[-38.4755,-12.9212],[-38.4757,-12.9207],[-38.4761,-12.9207],[-38.4767,-12.9213],[-38.4781,-12.9217],[-38.4793,-12.9215],[-38.4795,-12.9225],[-38.4802,-12.9225],[-38.4804,-12.9221],[-38.4814,-12.9228],[-38.4821,-12.9229],[-38.4824,-12.924],[-38.4821,-12.9245],[-38.4825,-12.9252],[-38.4832,-12.9252],[-38.4836,-12.9256],[-38.4839,-12.9254],[-38.4833,-12.9246],[-38.4827,-12.9232],[-38.4835,-12.9236],[-38.4843,-12.9243],[-38.4867,-12.9288],[-38.4875,-12.9285],[-38.4877,-12.927],[-38.4879,-12.9269],[-38.4891,-12.9272],[-38.4899,-12.9267],[-38.4897,-12.9263],[-38.4891,-12.9257],[-38.4896,-12.9252],[-38.4905,-12.9251],[-38.4913,-12.9238],[-38.4925,-12.9232],[-38.492,-12.922],[-38.491,-12.9213],[-38.4907,-12.9208],[-38.4893,-12.9198],[-38.489,-12.92],[-38.4875,-12.92],[-38.4858,-12.9209],[-38.4853,-12.9209],[-38.4844,-12.9204],[-38.4835,-12.9196],[-38.4831,-12.9188],[-38.4834,-12.9171],[-38.4833,-12.9167],[-38.4835,-12.915],[-38.4832,-12.9138],[-38.4824,-12.9127],[-38.4822,-12.9119],[-38.4816,-12.9114],[-38.4816,-12.9109],[-38.4821,-12.9094],[-38.4829,-12.9086],[-38.4818,-12.9088],[-38.4809,-12.908],[-38.4804,-12.9072],[-38.4783,-12.9078],[-38.4806,-12.9154],[-38.4806,-12.9167],[-38.4801,-12.9168],[-38.4785,-12.9162],[-38.4782,-12.9164],[-38.4782,-12.9171],[-38.4769,-12.9174],[-38.4761,-12.9171],[-38.4751,-12.9174],[-38.4745,-12.9174],[-38.4736,-12.9169],[-38.4726,-12.9171],[-38.4717,-12.9178]]]}},{"type":"Feature","properties":{"c":"b325","b":325,"n":"Luiz Anselmo","m":"2927408","cx":-38.4844,"cy":-12.9744},"geometry":{"type":"Polygon","coordinates":[[[-38.4917,-12.9762],[-38.4912,-12.9755],[-38.4913,-12.975],[-38.4923,-12.974],[-38.4923,-12.9736],[-38.4914,-12.9741],[-38.4904,-12.973],[-38.4886,-12.9739],[-38.4878,-12.9741],[-38.487,-12.974],[-38.4867,-12.9737],[-38.4853,-12.9736],[-38.4842,-12.9736],[-38.483,-12.9729],[-38.4816,-12.9719],[-38.4805,-12.9718],[-38.4822,-12.9708],[-38.4815,-12.9695],[-38.4821,-12.9691],[-38.4822,-12.9688],[-38.481,-12.969],[-38.4799,-12.969],[-38.4779,-12.9715],[-38.4771,-12.9732],[-38.4768,-12.9747],[-38.4807,-12.9791],[-38.4817,-12.9806],[-38.4836,-12.9795],[-38.4845,-12.9789],[-38.4849,-12.9781],[-38.4854,-12.9777],[-38.4863,-12.9774],[-38.4875,-12.9774],[-38.4897,-12.9771],[-38.4922,-12.9764],[-38.4917,-12.9762]]]}},{"type":"Feature","properties":{"c":"b326","b":326,"n":"Macaúbas","m":"2927408","cx":-38.4955,"cy":-12.9661},"geometry":{"type":"Polygon","coordinates":[[[-38.4937,-12.963],[-38.4936,-12.9634],[-38.4942,-12.9632],[-38.4941,-12.9644],[-38.4935,-12.9655],[-38.4928,-12.9655],[-38.4926,-12.9662],[-38.4934,-12.9665],[-38.4944,-12.9678],[-38.4965,-12.9695],[-38.4969,-12.969],[-38.4979,-12.9694],[-38.4983,-12.9691],[-38.4976,-12.9687],[-38.4979,-12.9678],[-38.4988,-12.9674],[-38.4985,-12.9668],[-38.499,-12.9665],[-38.4984,-12.9662],[-38.4977,-12.9647],[-38.4981,-12.9649],[-38.4987,-12.966],[-38.4991,-12.966],[-38.4985,-12.965],[-38.4979,-12.9644],[-38.4973,-12.9643],[-38.4967,-12.9635],[-38.4959,-12.9631],[-38.4956,-12.9627],[-38.4937,-12.963]]]}},{"type":"Feature","properties":{"c":"b327","b":327,"n":"Mangueira","m":"2927408","cx":-38.4995,"cy":-12.9238},"geometry":{"type":"Polygon","coordinates":[[[-38.5027,-12.9246],[-38.5024,-12.9233],[-38.5019,-12.9237],[-38.5007,-12.9226],[-38.5008,-12.9215],[-38.499,-12.922],[-38.4973,-12.921],[-38.4962,-12.9211],[-38.4954,-12.9223],[-38.4958,-12.923],[-38.4965,-12.9234],[-38.4965,-12.924],[-38.4969,-12.9239],[-38.4978,-12.9263],[-38.4985,-12.9261],[-38.4986,-12.9265],[-38.5004,-12.926],[-38.5028,-12.9249],[-38.5027,-12.9246]]]}},{"type":"Feature","properties":{"c":"b328","b":328,"n":"Marechal Rondon","m":"2927408","cx":-38.469,"cy":-12.9135},"geometry":{"type":"Polygon","coordinates":[[[-38.4717,-12.9178],[-38.4726,-12.9171],[-38.4727,-12.9163],[-38.4726,-12.9151],[-38.4726,-12.9139],[-38.4733,-12.9125],[-38.473,-12.9116],[-38.4716,-12.9097],[-38.4717,-12.9091],[-38.4713,-12.9083],[-38.4704,-12.9086],[-38.4706,-12.9093],[-38.4704,-12.9099],[-38.4691,-12.9101],[-38.468,-12.9104],[-38.4666,-12.9103],[-38.4671,-12.9113],[-38.4666,-12.9116],[-38.4656,-12.9128],[-38.4652,-12.913],[-38.465,-12.9149],[-38.4657,-12.9159],[-38.466,-12.9171],[-38.4665,-12.9177],[-38.4672,-12.9181],[-38.4687,-12.9178],[-38.4713,-12.9177],[-38.4717,-12.9178]]]}},{"type":"Feature","properties":{"c":"b329","b":329,"n":"Mares","m":"2927408","cx":-38.5026,"cy":-12.9403},"geometry":{"type":"Polygon","coordinates":[[[-38.5037,-12.9371],[-38.5033,-12.9375],[-38.5026,-12.9385],[-38.5022,-12.9382],[-38.5014,-12.9395],[-38.5016,-12.9397],[-38.5004,-12.9413],[-38.4991,-12.9422],[-38.4985,-12.9418],[-38.4989,-12.9413],[-38.4985,-12.9408],[-38.4973,-12.9409],[-38.4979,-12.942],[-38.4992,-12.9437],[-38.4997,-12.9432],[-38.5008,-12.944],[-38.5008,-12.9435],[-38.5017,-12.9442],[-38.5027,-12.9421],[-38.5045,-12.9398],[-38.5055,-12.9383],[-38.5037,-12.9371]]]}},{"type":"Feature","properties":{"c":"b330","b":330,"n":"Massaranduba","m":"2927408","cx":-38.4954,"cy":-12.9264},"geometry":{"type":"Polygon","coordinates":[[[-38.5028,-12.9249],[-38.5004,-12.926],[-38.4986,-12.9265],[-38.4985,-12.9261],[-38.4978,-12.9263],[-38.4969,-12.9239],[-38.4965,-12.924],[-38.4964,-12.9247],[-38.4954,-12.924],[-38.4944,-12.923],[-38.4936,-12.9229],[-38.4931,-12.9238],[-38.4929,-12.9246],[-38.4922,-12.9259],[-38.4922,-12.9268],[-38.4937,-12.9284],[-38.4949,-12.9301],[-38.4973,-12.9296],[-38.5037,-12.9286],[-38.5028,-12.9249]]]}},{"type":"Feature","properties":{"c":"b331","b":331,"n":"Mata Escura","m":"2927408","cx":-38.4543,"cy":-12.9317},"geometry":{"type":"Polygon","coordinates":[[[-38.4486,-12.9228],[-38.4479,-12.9234],[-38.4477,-12.9242],[-38.4482,-12.9256],[-38.448,-12.9269],[-38.447,-12.9275],[-38.4469,-12.9288],[-38.4483,-12.9304],[-38.4481,-12.9312],[-38.4486,-12.9318],[-38.4495,-12.9324],[-38.4502,-12.9323],[-38.4507,-12.9325],[-38.4511,-12.9322],[-38.4524,-12.9328],[-38.4531,-12.9344],[-38.4537,-12.9352],[-38.4538,-12.9363],[-38.4536,-12.9374],[-38.4542,-12.9375],[-38.4531,-12.9391],[-38.4525,-12.9397],[-38.4533,-12.9403],[-38.4542,-12.9403],[-38.455,-12.9408],[-38.456,-12.9406],[-38.4562,-12.9402],[-38.4575,-12.9396],[-38.4582,-12.9391],[-38.4588,-12.9389],[-38.46,-12.9399],[-38.4624,-12.9409],[-38.4635,-12.9412],[-38.465,-12.9413],[-38.4661,-12.941],[-38.4677,-12.9399],[-38.4693,-12.9399],[-38.4699,-12.9403],[-38.4708,-12.9392],[-38.471,-12.9379],[-38.4705,-12.9373],[-38.4695,-12.9368],[-38.4688,-12.9368],[-38.4683,-12.936],[-38.4681,-12.9345],[-38.4672,-12.9333],[-38.4664,-12.9331],[-38.4663,-12.9326],[-38.4658,-12.9323],[-38.4646,-12.9321],[-38.4641,-12.9319],[-38.4636,-12.9322],[-38.4633,-12.9335],[-38.4622,-12.9335],[-38.4611,-12.933],[-38.4605,-12.9324],[-38.4601,-12.9315],[-38.4602,-12.9304],[-38.4597,-12.9298],[-38.459,-12.9278],[-38.4591,-12.9275],[-38.4585,-12.9265],[-38.459,-12.9262],[-38.46,-12.9246],[-38.4601,-12.9245],[-38.4588,-12.9238],[-38.4577,-12.9237],[-38.4549,-12.924],[-38.4544,-12.9243],[-38.4535,-12.9254],[-38.4525,-12.9247],[-38.4514,-12.9234],[-38.4506,-12.922],[-38.4486,-12.9228]]]}},{"type":"Feature","properties":{"c":"b332","b":332,"n":"Matatu","m":"2927408","cx":-38.4931,"cy":-12.9742},"geometry":{"type":"Polygon","coordinates":[[[-38.4933,-12.9762],[-38.4932,-12.9774],[-38.4933,-12.9775],[-38.4938,-12.9787],[-38.4942,-12.9785],[-38.4946,-12.9789],[-38.496,-12.9774],[-38.4953,-12.9788],[-38.4956,-12.979],[-38.4962,-12.9804],[-38.4964,-12.9805],[-38.4975,-12.98],[-38.499,-12.9797],[-38.4994,-12.9795],[-38.5006,-12.9782],[-38.5017,-12.9777],[-38.5013,-12.9765],[-38.5008,-12.9761],[-38.5007,-12.9765],[-38.5002,-12.9762],[-38.4994,-12.9766],[-38.4992,-12.9763],[-38.498,-12.9766],[-38.4968,-12.9756],[-38.4962,-12.9757],[-38.4957,-12.9763],[-38.4953,-12.9763],[-38.4958,-12.9756],[-38.4964,-12.9751],[-38.4966,-12.9747],[-38.496,-12.9747],[-38.4957,-12.9744],[-38.4947,-12.975],[-38.4938,-12.9739],[-38.4943,-12.9735],[-38.4939,-12.973],[-38.495,-12.9725],[-38.4965,-12.9726],[-38.4977,-12.973],[-38.4989,-12.9724],[-38.4992,-12.9725],[-38.4991,-12.9714],[-38.4994,-12.9699],[-38.4996,-12.9696],[-38.4987,-12.97],[-38.4978,-12.97],[-38.4965,-12.9695],[-38.4944,-12.9678],[-38.4935,-12.9684],[-38.4936,-12.9686],[-38.4921,-12.9697],[-38.4933,-12.9693],[-38.4938,-12.9701],[-38.4936,-12.9714],[-38.493,-12.9722],[-38.4926,-12.9736],[-38.4923,-12.9736],[-38.4923,-12.974],[-38.4913,-12.975],[-38.4912,-12.9755],[-38.4917,-12.9762],[-38.4922,-12.9764],[-38.4933,-12.9762]]]}},{"type":"Feature","properties":{"c":"b333","b":333,"n":"Mirantes de Periperi","m":"2927408","cx":-38.4665,"cy":-12.8729},"geometry":{"type":"Polygon","coordinates":[[[-38.4675,-12.8738],[-38.4686,-12.8737],[-38.4679,-12.8719],[-38.4674,-12.8723],[-38.4665,-12.8726],[-38.4662,-12.8718],[-38.4662,-12.871],[-38.4653,-12.8712],[-38.4647,-12.8711],[-38.4643,-12.8718],[-38.4648,-12.8732],[-38.4647,-12.8744],[-38.4651,-12.8752],[-38.466,-12.8749],[-38.4658,-12.8742],[-38.4655,-12.8741],[-38.4664,-12.8735],[-38.4675,-12.8738]]]}},{"type":"Feature","properties":{"c":"b334","b":334,"n":"Monte Serrat","m":"2927408","cx":-38.5128,"cy":-12.9262},"geometry":{"type":"Polygon","coordinates":[[[-38.5133,-12.9309],[-38.5138,-12.9306],[-38.5142,-12.9312],[-38.5154,-12.9304],[-38.516,-12.9311],[-38.5166,-12.9307],[-38.5182,-12.9302],[-38.5184,-12.9295],[-38.5189,-12.9291],[-38.5194,-12.9293],[-38.5197,-12.9288],[-38.5195,-12.9281],[-38.5181,-12.9287],[-38.517,-12.9274],[-38.516,-12.9281],[-38.5153,-12.928],[-38.5144,-12.9269],[-38.5141,-12.9246],[-38.5137,-12.9228],[-38.5131,-12.9228],[-38.5122,-12.9217],[-38.5117,-12.9215],[-38.5119,-12.9224],[-38.5115,-12.9232],[-38.5118,-12.9238],[-38.5115,-12.9245],[-38.5099,-12.9245],[-38.5103,-12.9253],[-38.5118,-12.9257],[-38.5107,-12.927],[-38.5104,-12.9268],[-38.5097,-12.9276],[-38.5118,-12.9295],[-38.5133,-12.9309]]]}},{"type":"Feature","properties":{"c":"b335","b":335,"n":"Moradas da Lagoa","m":"2927408","cx":-38.4523,"cy":-12.8515},"geometry":{"type":"Polygon","coordinates":[[[-38.4548,-12.8563],[-38.4561,-12.8544],[-38.4565,-12.8532],[-38.4566,-12.8516],[-38.456,-12.8484],[-38.4559,-12.8476],[-38.4563,-12.8463],[-38.4564,-12.8458],[-38.4548,-12.8456],[-38.4536,-12.8457],[-38.4511,-12.8463],[-38.4496,-12.8464],[-38.4486,-12.8462],[-38.4463,-12.8455],[-38.4448,-12.8454],[-38.4439,-12.8456],[-38.4427,-12.846],[-38.4413,-12.8466],[-38.4407,-12.8472],[-38.4395,-12.848],[-38.439,-12.8481],[-38.4389,-12.8486],[-38.4392,-12.8492],[-38.4391,-12.8499],[-38.4398,-12.8499],[-38.4414,-12.8494],[-38.4426,-12.8498],[-38.4429,-12.8495],[-38.4437,-12.8493],[-38.4443,-12.8501],[-38.4453,-12.8502],[-38.4458,-12.8506],[-38.4468,-12.8505],[-38.448,-12.8514],[-38.4488,-12.8528],[-38.4497,-12.8536],[-38.4505,-12.855],[-38.4503,-12.8554],[-38.4519,-12.8564],[-38.4535,-12.8569],[-38.4534,-12.8577],[-38.454,-12.8577],[-38.4548,-12.8563]]]}},{"type":"Feature","properties":{"c":"b336","b":336,"n":"Mussurunga","m":"2927408","cx":-38.376,"cy":-12.9152},"geometry":{"type":"Polygon","coordinates":[[[-38.3627,-12.9223],[-38.366,-12.9229],[-38.3687,-12.9234],[-38.3719,-12.924],[-38.3804,-12.9255],[-38.3822,-12.9259],[-38.3832,-12.9227],[-38.3841,-12.9209],[-38.385,-12.9203],[-38.3858,-12.9201],[-38.3874,-12.9206],[-38.3887,-12.9207],[-38.391,-12.9206],[-38.3923,-12.9204],[-38.3935,-12.9197],[-38.3939,-12.9193],[-38.3949,-12.9176],[-38.3935,-12.9169],[-38.3927,-12.9169],[-38.3926,-12.9163],[-38.3922,-12.9158],[-38.3923,-12.915],[-38.3917,-12.9129],[-38.3914,-12.9125],[-38.3905,-12.912],[-38.3901,-12.9114],[-38.3898,-12.9101],[-38.3894,-12.9095],[-38.3881,-12.9087],[-38.3875,-12.9085],[-38.3867,-12.9086],[-38.3857,-12.9091],[-38.385,-12.9094],[-38.3838,-12.9083],[-38.3827,-12.9078],[-38.3806,-12.9062],[-38.3801,-12.9057],[-38.3793,-12.9062],[-38.3785,-12.9057],[-38.3785,-12.9048],[-38.378,-12.9049],[-38.3776,-12.9057],[-38.376,-12.9066],[-38.3756,-12.9076],[-38.3756,-12.9088],[-38.3749,-12.9096],[-38.3719,-12.9107],[-38.3706,-12.9106],[-38.3694,-12.911],[-38.3679,-12.9108],[-38.3666,-12.9099],[-38.3661,-12.9099],[-38.3642,-12.9104],[-38.3624,-12.9111],[-38.3621,-12.9111],[-38.3608,-12.9127],[-38.3606,-12.9133],[-38.3608,-12.9137],[-38.3615,-12.9138],[-38.3617,-12.9148],[-38.3606,-12.9147],[-38.3594,-12.9155],[-38.3591,-12.9163],[-38.3579,-12.9172],[-38.3567,-12.9169],[-38.3563,-12.9171],[-38.3567,-12.9176],[-38.3575,-12.9205],[-38.3573,-12.9213],[-38.3627,-12.9223]]]}},{"type":"Feature","properties":{"c":"b337","b":337,"n":"Narandiba","m":"2927408","cx":-38.4359,"cy":-12.9601},"geometry":{"type":"Polygon","coordinates":[[[-38.4483,-12.956],[-38.4488,-12.9571],[-38.4494,-12.9576],[-38.4499,-12.9573],[-38.4507,-12.9597],[-38.451,-12.9596],[-38.4517,-12.9594],[-38.4526,-12.9587],[-38.4524,-12.9584],[-38.452,-12.9588],[-38.4513,-12.9579],[-38.4509,-12.9568],[-38.4498,-12.9561],[-38.4495,-12.9542],[-38.4506,-12.9538],[-38.4507,-12.9545],[-38.4517,-12.9555],[-38.4522,-12.9552],[-38.4523,-12.9546],[-38.4518,-12.954],[-38.4519,-12.9532],[-38.4515,-12.9532],[-38.4511,-12.9524],[-38.4502,-12.9519],[-38.4491,-12.952],[-38.4487,-12.9512],[-38.4485,-12.9517],[-38.4475,-12.9528],[-38.4474,-12.9534],[-38.4458,-12.9542],[-38.4454,-12.9543],[-38.4422,-12.9558],[-38.441,-12.957],[-38.4404,-12.9591],[-38.4397,-12.9602],[-38.4386,-12.9595],[-38.4382,-12.9594],[-38.4368,-12.9586],[-38.4358,-12.9574],[-38.435,-12.9562],[-38.4349,-12.9556],[-38.4344,-12.9559],[-38.4339,-12.9559],[-38.4323,-12.9566],[-38.4322,-12.9563],[-38.4319,-12.9565],[-38.4316,-12.9574],[-38.4317,-12.9581],[-38.431,-12.9586],[-38.4376,-12.9662],[-38.4392,-12.9679],[-38.4409,-12.9689],[-38.4411,-12.9677],[-38.4409,-12.9672],[-38.4412,-12.9663],[-38.441,-12.965],[-38.4411,-12.9641],[-38.4399,-12.9638],[-38.4396,-12.9632],[-38.4402,-12.9625],[-38.4401,-12.9618],[-38.4402,-12.9607],[-38.4395,-12.9607],[-38.4404,-12.96],[-38.4412,-12.9591],[-38.4418,-12.9576],[-38.4427,-12.9566],[-38.4436,-12.9571],[-38.4441,-12.9567],[-38.4444,-12.9572],[-38.4461,-12.9563],[-38.4473,-12.9554],[-38.4479,-12.9556],[-38.4479,-12.9565],[-38.4483,-12.956]]]}},{"type":"Feature","properties":{"c":"b338","b":338,"n":"Nazaré","m":"2927408","cx":-38.5067,"cy":-12.9772},"geometry":{"type":"Polygon","coordinates":[[[-38.5118,-12.9822],[-38.5125,-12.9827],[-38.5132,-12.9817],[-38.5134,-12.9818],[-38.5137,-12.9813],[-38.5138,-12.9798],[-38.5127,-12.9798],[-38.5129,-12.9793],[-38.5121,-12.9792],[-38.5122,-12.9783],[-38.5125,-12.9782],[-38.5126,-12.9777],[-38.5108,-12.9763],[-38.5079,-12.9753],[-38.5073,-12.9747],[-38.5073,-12.9742],[-38.5062,-12.9762],[-38.5053,-12.9767],[-38.5047,-12.9761],[-38.5039,-12.9758],[-38.5034,-12.9748],[-38.5036,-12.974],[-38.5034,-12.9739],[-38.5042,-12.9723],[-38.5042,-12.9707],[-38.5039,-12.9689],[-38.5034,-12.9688],[-38.5,-12.9695],[-38.4996,-12.9696],[-38.4994,-12.9699],[-38.4991,-12.9714],[-38.4992,-12.9725],[-38.5,-12.9746],[-38.5008,-12.9761],[-38.5013,-12.9765],[-38.5017,-12.9777],[-38.5021,-12.9785],[-38.5035,-12.9804],[-38.5038,-12.9804],[-38.5049,-12.9814],[-38.5052,-12.9818],[-38.5053,-12.9832],[-38.5061,-12.9839],[-38.5069,-12.9839],[-38.5075,-12.9841],[-38.5077,-12.9852],[-38.5083,-12.9858],[-38.5091,-12.9839],[-38.5089,-12.9832],[-38.5078,-12.9835],[-38.5075,-12.9823],[-38.5074,-12.9814],[-38.5081,-12.9805],[-38.5074,-12.98],[-38.5078,-12.9795],[-38.509,-12.9803],[-38.5104,-12.9809],[-38.5103,-12.982],[-38.5098,-12.9822],[-38.5095,-12.9817],[-38.509,-12.9815],[-38.5094,-12.9827],[-38.5103,-12.9826],[-38.5109,-12.9828],[-38.5107,-12.9832],[-38.5118,-12.9822]]]}},{"type":"Feature","properties":{"c":"b339","b":339,"n":"Nordeste do Amaralina","m":"2927408","cx":-38.4713,"cy":-13.0089},"geometry":{"type":"Polygon","coordinates":[[[-38.4689,-13.0043],[-38.4679,-13.0051],[-38.4679,-13.0054],[-38.4697,-13.007],[-38.4691,-13.0076],[-38.4684,-13.0077],[-38.4669,-13.0092],[-38.4684,-13.0102],[-38.4693,-13.0108],[-38.4684,-13.0115],[-38.469,-13.0117],[-38.4701,-13.0107],[-38.4713,-13.0114],[-38.4713,-13.0119],[-38.4727,-13.012],[-38.4733,-13.0107],[-38.4734,-13.0114],[-38.474,-13.0121],[-38.4755,-13.0122],[-38.4756,-13.0124],[-38.4767,-13.0124],[-38.4775,-13.0121],[-38.4773,-13.0133],[-38.4791,-13.0135],[-38.4799,-13.0132],[-38.4799,-13.0128],[-38.4804,-13.0122],[-38.4809,-13.0124],[-38.4814,-13.0122],[-38.481,-13.012],[-38.4803,-13.0112],[-38.4803,-13.0108],[-38.4799,-13.0099],[-38.4788,-13.0102],[-38.4771,-13.0097],[-38.4761,-13.0091],[-38.4761,-13.0093],[-38.4751,-13.0087],[-38.4745,-13.0086],[-38.4748,-13.0082],[-38.4743,-13.0079],[-38.4747,-13.0076],[-38.4747,-13.0074],[-38.4734,-13.0074],[-38.4728,-13.0071],[-38.4724,-13.0062],[-38.4717,-13.0067],[-38.4705,-13.0052],[-38.4701,-13.0053],[-38.4697,-13.0041],[-38.4689,-13.0043]]]}},{"type":"Feature","properties":{"c":"b340","b":340,"n":"Nova Brasília","m":"2927408","cx":-38.4003,"cy":-12.9205},"geometry":{"type":"Polygon","coordinates":[[[-38.4137,-12.9253],[-38.4156,-12.9243],[-38.4161,-12.923],[-38.4173,-12.9212],[-38.4177,-12.9206],[-38.4174,-12.9206],[-38.4159,-12.919],[-38.4159,-12.918],[-38.4149,-12.917],[-38.4153,-12.9167],[-38.4163,-12.9169],[-38.4163,-12.915],[-38.4169,-12.9134],[-38.4152,-12.9116],[-38.414,-12.9118],[-38.413,-12.9122],[-38.4121,-12.912],[-38.4121,-12.9127],[-38.4104,-12.9128],[-38.4104,-12.9125],[-38.4085,-12.9134],[-38.4066,-12.9135],[-38.4051,-12.9135],[-38.4045,-12.9144],[-38.4038,-12.9146],[-38.402,-12.9146],[-38.4001,-12.9155],[-38.3981,-12.9161],[-38.3965,-12.9164],[-38.3959,-12.9167],[-38.3949,-12.9176],[-38.3939,-12.9193],[-38.3935,-12.9197],[-38.3923,-12.9204],[-38.391,-12.9206],[-38.3887,-12.9207],[-38.3904,-12.9214],[-38.3913,-12.9221],[-38.3924,-12.9222],[-38.3929,-12.9229],[-38.393,-12.9235],[-38.3935,-12.9237],[-38.3941,-12.9242],[-38.3961,-12.923],[-38.3971,-12.9237],[-38.3978,-12.9231],[-38.3982,-12.9232],[-38.3994,-12.9243],[-38.3994,-12.9251],[-38.3996,-12.9256],[-38.4005,-12.9264],[-38.4011,-12.9278],[-38.4022,-12.9288],[-38.4026,-12.9296],[-38.4033,-12.9293],[-38.4045,-12.9294],[-38.4048,-12.9283],[-38.4045,-12.9278],[-38.4044,-12.9268],[-38.405,-12.9249],[-38.4055,-12.9246],[-38.406,-12.9234],[-38.407,-12.9231],[-38.4087,-12.9214],[-38.409,-12.9207],[-38.4089,-12.9199],[-38.4081,-12.919],[-38.4082,-12.9187],[-38.4092,-12.9192],[-38.4106,-12.9192],[-38.4116,-12.919],[-38.4123,-12.9203],[-38.4109,-12.9221],[-38.4111,-12.9229],[-38.4105,-12.9241],[-38.4105,-12.9253],[-38.4111,-12.9261],[-38.4112,-12.9274],[-38.4115,-12.9276],[-38.4137,-12.9253]]]}},{"type":"Feature","properties":{"c":"b341","b":341,"n":"Nova Constituinte","m":"2927408","cx":-38.4637,"cy":-12.8616},"geometry":{"type":"Polygon","coordinates":[[[-38.4582,-12.8556],[-38.4568,-12.8558],[-38.4564,-12.8564],[-38.4575,-12.8576],[-38.4573,-12.8584],[-38.4575,-12.859],[-38.4572,-12.8595],[-38.4575,-12.8606],[-38.4585,-12.862],[-38.459,-12.8633],[-38.4591,-12.8645],[-38.4603,-12.8649],[-38.4613,-12.8649],[-38.4615,-12.8655],[-38.4621,-12.866],[-38.4631,-12.8663],[-38.4636,-12.8662],[-38.4635,-12.8666],[-38.4638,-12.8674],[-38.4646,-12.8682],[-38.465,-12.8683],[-38.4659,-12.8676],[-38.4668,-12.8672],[-38.467,-12.8654],[-38.4673,-12.8649],[-38.4678,-12.8645],[-38.4677,-12.8634],[-38.4688,-12.863],[-38.4697,-12.8622],[-38.4687,-12.8612],[-38.4677,-12.8597],[-38.4672,-12.8594],[-38.4664,-12.8592],[-38.466,-12.8585],[-38.4634,-12.859],[-38.4626,-12.8589],[-38.462,-12.8582],[-38.462,-12.8572],[-38.4598,-12.8572],[-38.4603,-12.8558],[-38.4582,-12.8556]]]}},{"type":"Feature","properties":{"c":"b342","b":342,"n":"Nova Esperança","m":"2927408","cx":-38.3771,"cy":-12.8473},"geometry":{"type":"Polygon","coordinates":[[[-38.3962,-12.859],[-38.3949,-12.8573],[-38.3932,-12.8555],[-38.3927,-12.8554],[-38.3921,-12.8556],[-38.3909,-12.8557],[-38.3905,-12.8553],[-38.3901,-12.8546],[-38.3899,-12.8536],[-38.39,-12.8523],[-38.3904,-12.8504],[-38.3918,-12.8493],[-38.3924,-12.8476],[-38.3928,-12.8471],[-38.3927,-12.8458],[-38.3929,-12.8445],[-38.3928,-12.844],[-38.3918,-12.8433],[-38.3899,-12.8416],[-38.3892,-12.8407],[-38.3894,-12.8394],[-38.3886,-12.8376],[-38.3885,-12.8361],[-38.3882,-12.8351],[-38.3879,-12.8345],[-38.386,-12.8336],[-38.3849,-12.8329],[-38.3841,-12.8319],[-38.3827,-12.831],[-38.3819,-12.8298],[-38.3819,-12.8282],[-38.3816,-12.8277],[-38.38,-12.827],[-38.3794,-12.8262],[-38.3789,-12.8243],[-38.3789,-12.8226],[-38.3773,-12.8225],[-38.3758,-12.8235],[-38.374,-12.8243],[-38.3731,-12.8246],[-38.3717,-12.8258],[-38.3712,-12.8265],[-38.3703,-12.8271],[-38.3678,-12.8263],[-38.367,-12.8263],[-38.3659,-12.8273],[-38.3646,-12.8281],[-38.3624,-12.8295],[-38.3615,-12.8304],[-38.3588,-12.8315],[-38.357,-12.8331],[-38.3611,-12.8384],[-38.3631,-12.8404],[-38.3623,-12.8415],[-38.3619,-12.8432],[-38.3613,-12.8521],[-38.3615,-12.8535],[-38.3632,-12.8572],[-38.3635,-12.8584],[-38.364,-12.8726],[-38.3647,-12.872],[-38.367,-12.8707],[-38.3669,-12.8695],[-38.3672,-12.868],[-38.3676,-12.8673],[-38.3693,-12.8661],[-38.3699,-12.8658],[-38.3704,-12.8653],[-38.3705,-12.8648],[-38.3711,-12.8641],[-38.3728,-12.8642],[-38.3736,-12.8638],[-38.3734,-12.863],[-38.3737,-12.8622],[-38.374,-12.8619],[-38.3742,-12.8606],[-38.3749,-12.8598],[-38.376,-12.859],[-38.3764,-12.8581],[-38.3769,-12.8576],[-38.3776,-12.8579],[-38.3777,-12.8575],[-38.3772,-12.8572],[-38.3776,-12.8563],[-38.3784,-12.8551],[-38.3786,-12.8539],[-38.3786,-12.8529],[-38.3791,-12.8526],[-38.3798,-12.8526],[-38.3807,-12.8521],[-38.3813,-12.8516],[-38.3818,-12.8501],[-38.3817,-12.8497],[-38.3826,-12.8512],[-38.3835,-12.8522],[-38.3839,-12.8529],[-38.3848,-12.8537],[-38.3854,-12.8549],[-38.3872,-12.8561],[-38.3878,-12.8568],[-38.3881,-12.8582],[-38.3884,-12.8593],[-38.3884,-12.8612],[-38.3887,-12.8617],[-38.3898,-12.8621],[-38.3914,-12.8639],[-38.3921,-12.8651],[-38.3923,-12.8659],[-38.3944,-12.865],[-38.3955,-12.8637],[-38.3967,-12.8618],[-38.3972,-12.8613],[-38.3974,-12.8598],[-38.3962,-12.859]]]}},{"type":"Feature","properties":{"c":"b343","b":343,"n":"Nova Sussuarana","m":"2927408","cx":-38.4345,"cy":-12.9358},"geometry":{"type":"Polygon","coordinates":[[[-38.4385,-12.9351],[-38.4374,-12.9348],[-38.436,-12.9321],[-38.4343,-12.9328],[-38.4339,-12.9331],[-38.4329,-12.9341],[-38.4308,-12.9352],[-38.4302,-12.9359],[-38.43,-12.9367],[-38.4295,-12.9389],[-38.4303,-12.9387],[-38.4308,-12.9381],[-38.4316,-12.9396],[-38.4326,-12.9394],[-38.4343,-12.9397],[-38.435,-12.9395],[-38.4363,-12.9386],[-38.4371,-12.9373],[-38.4389,-12.9358],[-38.4385,-12.9351]]]}},{"type":"Feature","properties":{"c":"b344","b":344,"n":"Novo Horizonte","m":"2927408","cx":-38.4364,"cy":-12.9414},"geometry":{"type":"Polygon","coordinates":[[[-38.4424,-12.9421],[-38.4417,-12.9417],[-38.4419,-12.9411],[-38.4426,-12.9402],[-38.4427,-12.9398],[-38.4437,-12.9388],[-38.4438,-12.9381],[-38.4433,-12.9374],[-38.4434,-12.9359],[-38.4423,-12.9357],[-38.4415,-12.935],[-38.4415,-12.9346],[-38.44,-12.9354],[-38.4389,-12.9358],[-38.4371,-12.9373],[-38.4363,-12.9386],[-38.435,-12.9395],[-38.4343,-12.9397],[-38.4326,-12.9394],[-38.4316,-12.9396],[-38.4319,-12.9401],[-38.4311,-12.9411],[-38.4311,-12.9417],[-38.4316,-12.9421],[-38.4331,-12.9423],[-38.4338,-12.9427],[-38.4336,-12.943],[-38.4348,-12.9436],[-38.4351,-12.9444],[-38.4353,-12.9442],[-38.4361,-12.9451],[-38.4365,-12.9461],[-38.4376,-12.947],[-38.4381,-12.9472],[-38.4385,-12.9482],[-38.4394,-12.9472],[-38.4404,-12.9464],[-38.4411,-12.9456],[-38.4413,-12.9442],[-38.4425,-12.9432],[-38.4426,-12.9428],[-38.4424,-12.9421]]]}},{"type":"Feature","properties":{"c":"b345","b":345,"n":"Novo Marotinho","m":"2927408","cx":-38.4255,"cy":-12.9167},"geometry":{"type":"Polygon","coordinates":[[[-38.429,-12.9157],[-38.4275,-12.9151],[-38.4258,-12.914],[-38.4243,-12.9135],[-38.4235,-12.9139],[-38.4236,-12.9147],[-38.4232,-12.9146],[-38.4228,-12.9156],[-38.4232,-12.9163],[-38.423,-12.9169],[-38.4232,-12.9176],[-38.4238,-12.9181],[-38.4232,-12.9191],[-38.4232,-12.9199],[-38.4241,-12.9196],[-38.4252,-12.9174],[-38.4256,-12.9172],[-38.4278,-12.9169],[-38.428,-12.9165],[-38.4291,-12.9168],[-38.4301,-12.9166],[-38.429,-12.9157]]]}},{"type":"Feature","properties":{"c":"b346","b":346,"n":"Ondina","m":"2927408","cx":-38.5071,"cy":-13.0048},"geometry":{"type":"Polygon","coordinates":[[[-38.5022,-13.0063],[-38.5018,-13.0067],[-38.5003,-13.0074],[-38.4998,-13.0079],[-38.5003,-13.0083],[-38.4999,-13.0092],[-38.5,-13.0098],[-38.4994,-13.0097],[-38.499,-13.0105],[-38.5012,-13.0108],[-38.5015,-13.0117],[-38.5023,-13.011],[-38.5039,-13.0114],[-38.505,-13.0118],[-38.5053,-13.0124],[-38.5059,-13.0123],[-38.5057,-13.0119],[-38.5062,-13.0117],[-38.5078,-13.0123],[-38.509,-13.0115],[-38.5094,-13.011],[-38.51,-13.011],[-38.5108,-13.0118],[-38.5108,-13.0126],[-38.5112,-13.0127],[-38.5113,-13.0116],[-38.512,-13.0114],[-38.5121,-13.0117],[-38.5125,-13.0114],[-38.5133,-13.0112],[-38.514,-13.0116],[-38.5146,-13.0113],[-38.5148,-13.0105],[-38.5154,-13.0101],[-38.5169,-13.0106],[-38.5181,-13.0106],[-38.5184,-13.0095],[-38.5191,-13.0088],[-38.5189,-13.0079],[-38.5197,-13.0081],[-38.521,-13.0063],[-38.5222,-13.006],[-38.5212,-13.0053],[-38.5199,-13.005],[-38.5192,-13.0042],[-38.5188,-13.004],[-38.5193,-13.0033],[-38.5194,-13.0018],[-38.5202,-13.0011],[-38.5192,-13.0007],[-38.5175,-13.0007],[-38.5161,-13.0028],[-38.5157,-13.0045],[-38.5163,-13.0054],[-38.5163,-13.0064],[-38.5157,-13.0069],[-38.5156,-13.0058],[-38.5151,-13.0054],[-38.5147,-13.0065],[-38.5137,-13.007],[-38.513,-13.0066],[-38.5123,-13.0073],[-38.5124,-13.008],[-38.5128,-13.0089],[-38.5115,-13.0097],[-38.511,-13.0096],[-38.511,-13.0076],[-38.512,-13.0074],[-38.5126,-13.0057],[-38.5125,-13.0053],[-38.5119,-13.0051],[-38.511,-13.0039],[-38.5108,-13.0028],[-38.5109,-13.0017],[-38.5104,-13.0008],[-38.5106,-13.0002],[-38.5094,-13.0],[-38.509,-13.0008],[-38.5087,-13.0003],[-38.5088,-12.9995],[-38.5093,-12.9987],[-38.5089,-12.9985],[-38.5083,-12.9988],[-38.5077,-12.9987],[-38.5074,-12.9983],[-38.5075,-12.9968],[-38.5068,-12.9968],[-38.5059,-12.9996],[-38.5051,-13.0011],[-38.5033,-13.0025],[-38.5029,-13.0031],[-38.5025,-13.0053],[-38.5017,-13.0062],[-38.5022,-13.0063]]]}},{"type":"Feature","properties":{"c":"b347","b":347,"n":"Palestina","m":"2927408","cx":-38.4203,"cy":-12.8638},"geometry":{"type":"Polygon","coordinates":[[[-38.4207,-12.8576],[-38.4208,-12.8585],[-38.4205,-12.8592],[-38.4197,-12.8605],[-38.419,-12.8606],[-38.4176,-12.8611],[-38.4168,-12.8622],[-38.4168,-12.863],[-38.4172,-12.8647],[-38.4169,-12.8657],[-38.416,-12.867],[-38.4142,-12.8685],[-38.413,-12.8686],[-38.4133,-12.8692],[-38.4148,-12.8695],[-38.4166,-12.8692],[-38.4175,-12.8687],[-38.4189,-12.8687],[-38.42,-12.8683],[-38.4206,-12.8682],[-38.4216,-12.8685],[-38.423,-12.8681],[-38.4239,-12.8681],[-38.4243,-12.8678],[-38.4241,-12.8673],[-38.4242,-12.8663],[-38.4239,-12.8652],[-38.424,-12.8651],[-38.4212,-12.8573],[-38.4207,-12.8576]]]}},{"type":"Feature","properties":{"c":"b348","b":348,"n":"Paripe","m":"2927408","cx":-38.4678,"cy":-12.8351},"geometry":{"type":"Polygon","coordinates":[[[-38.4715,-12.8476],[-38.4713,-12.847],[-38.4723,-12.8464],[-38.4729,-12.8475],[-38.4733,-12.8473],[-38.4726,-12.8459],[-38.4719,-12.8451],[-38.4721,-12.8435],[-38.4724,-12.8434],[-38.4721,-12.8426],[-38.4723,-12.8411],[-38.4728,-12.8403],[-38.4741,-12.8392],[-38.476,-12.8371],[-38.477,-12.8358],[-38.4787,-12.8342],[-38.48,-12.8333],[-38.483,-12.8317],[-38.4833,-12.8318],[-38.4843,-12.8288],[-38.4852,-12.8276],[-38.4848,-12.8272],[-38.4835,-12.8274],[-38.4822,-12.8282],[-38.4796,-12.8272],[-38.4794,-12.8268],[-38.4786,-12.8268],[-38.4773,-12.8274],[-38.4776,-12.8267],[-38.4775,-12.8258],[-38.4776,-12.8246],[-38.477,-12.8241],[-38.4754,-12.824],[-38.4742,-12.8242],[-38.4733,-12.8236],[-38.4725,-12.8239],[-38.4715,-12.8244],[-38.4692,-12.8247],[-38.4683,-12.825],[-38.4669,-12.8248],[-38.4649,-12.8254],[-38.4641,-12.8259],[-38.4645,-12.8276],[-38.464,-12.8294],[-38.463,-12.8295],[-38.4621,-12.8302],[-38.4605,-12.8308],[-38.4585,-12.8313],[-38.4577,-12.8317],[-38.4571,-12.8323],[-38.4571,-12.8328],[-38.4579,-12.8345],[-38.4582,-12.8366],[-38.4578,-12.8379],[-38.457,-12.8382],[-38.456,-12.8382],[-38.4551,-12.8384],[-38.4547,-12.8389],[-38.4546,-12.8395],[-38.4555,-12.8404],[-38.4555,-12.8411],[-38.455,-12.8421],[-38.4544,-12.8429],[-38.4538,-12.8431],[-38.453,-12.8444],[-38.4525,-12.8448],[-38.4515,-12.8451],[-38.4504,-12.8458],[-38.4501,-12.8455],[-38.4497,-12.8457],[-38.4496,-12.8464],[-38.4511,-12.8463],[-38.4536,-12.8457],[-38.4548,-12.8456],[-38.4564,-12.8458],[-38.4563,-12.8463],[-38.4569,-12.8465],[-38.4574,-12.8464],[-38.458,-12.8446],[-38.4577,-12.8438],[-38.4586,-12.843],[-38.4586,-12.8423],[-38.459,-12.8417],[-38.4624,-12.8443],[-38.4648,-12.8469],[-38.4665,-12.8473],[-38.4677,-12.8468],[-38.468,-12.848],[-38.4701,-12.8477],[-38.4715,-12.8476]]]}},{"type":"Feature","properties":{"c":"b349","b":349,"n":"Patamares","m":"2927408","cx":-38.4022,"cy":-12.9495},"geometry":{"type":"Polygon","coordinates":[[[-38.4184,-12.9415],[-38.4175,-12.9407],[-38.4163,-12.9399],[-38.4144,-12.9394],[-38.412,-12.939],[-38.4073,-12.9383],[-38.4024,-12.9375],[-38.3984,-12.9368],[-38.3968,-12.9362],[-38.3953,-12.9353],[-38.3934,-12.9338],[-38.3936,-12.9349],[-38.394,-12.936],[-38.3938,-12.938],[-38.3949,-12.9396],[-38.3948,-12.9407],[-38.3942,-12.9424],[-38.3939,-12.9428],[-38.3933,-12.9457],[-38.3936,-12.9481],[-38.3941,-12.9491],[-38.3939,-12.9501],[-38.3945,-12.9518],[-38.3956,-12.9539],[-38.3961,-12.9544],[-38.3982,-12.9554],[-38.4,-12.957],[-38.4016,-12.9576],[-38.4016,-12.9588],[-38.4018,-12.9597],[-38.4011,-12.9599],[-38.4018,-12.9609],[-38.399,-12.9627],[-38.3993,-12.963],[-38.3995,-12.9642],[-38.4007,-12.9651],[-38.4023,-12.9636],[-38.4044,-12.962],[-38.4049,-12.9618],[-38.4072,-12.9601],[-38.4079,-12.9591],[-38.408,-12.958],[-38.4073,-12.9542],[-38.4073,-12.9533],[-38.4077,-12.9525],[-38.4101,-12.9499],[-38.4126,-12.9471],[-38.4141,-12.9459],[-38.419,-12.9423],[-38.4184,-12.9415]]]}},{"type":"Feature","properties":{"c":"b350","b":350,"n":"Pau Miúdo","m":"2927408","cx":-38.4815,"cy":-12.9633},"geometry":{"type":"Polygon","coordinates":[[[-38.4887,-12.959],[-38.4889,-12.9587],[-38.4882,-12.9576],[-38.4876,-12.9579],[-38.4852,-12.9576],[-38.484,-12.958],[-38.4839,-12.9575],[-38.4828,-12.9581],[-38.4825,-12.9577],[-38.4813,-12.9581],[-38.4809,-12.9587],[-38.4799,-12.9592],[-38.478,-12.9596],[-38.4772,-12.9595],[-38.4783,-12.9622],[-38.4788,-12.9629],[-38.4795,-12.965],[-38.48,-12.9682],[-38.4799,-12.969],[-38.481,-12.969],[-38.4805,-12.9686],[-38.481,-12.9677],[-38.4814,-12.9647],[-38.482,-12.9651],[-38.4823,-12.9638],[-38.483,-12.964],[-38.4874,-12.9612],[-38.4879,-12.9613],[-38.489,-12.9608],[-38.4887,-12.959]]]}},{"type":"Feature","properties":{"c":"b351","b":351,"n":"Pau da Lima","m":"2927408","cx":-38.4387,"cy":-12.9198},"geometry":{"type":"Polygon","coordinates":[[[-38.4444,-12.9273],[-38.4459,-12.9275],[-38.447,-12.9275],[-38.448,-12.9269],[-38.4482,-12.9256],[-38.4477,-12.9242],[-38.4479,-12.9234],[-38.4486,-12.9228],[-38.4487,-12.9223],[-38.4485,-12.9216],[-38.4475,-12.9208],[-38.4473,-12.9202],[-38.4475,-12.9192],[-38.4473,-12.9188],[-38.4464,-12.9178],[-38.4464,-12.9157],[-38.445,-12.915],[-38.4455,-12.9144],[-38.4445,-12.9139],[-38.443,-12.9143],[-38.4421,-12.914],[-38.4406,-12.9128],[-38.44,-12.9128],[-38.4393,-12.9167],[-38.4391,-12.917],[-38.4377,-12.9173],[-38.4376,-12.9177],[-38.4362,-12.9189],[-38.4359,-12.9206],[-38.435,-12.9219],[-38.4361,-12.9221],[-38.4374,-12.9214],[-38.439,-12.9221],[-38.4398,-12.9217],[-38.4403,-12.9206],[-38.4407,-12.9205],[-38.4417,-12.9194],[-38.4422,-12.9191],[-38.4428,-12.9183],[-38.443,-12.9192],[-38.4429,-12.9203],[-38.4424,-12.9211],[-38.4431,-12.9224],[-38.4436,-12.923],[-38.4435,-12.9238],[-38.4427,-12.9255],[-38.4424,-12.9267],[-38.4444,-12.9273]]]}},{"type":"Feature","properties":{"c":"b352","b":352,"n":"Periperi","m":"2927408","cx":-38.473,"cy":-12.8659},"geometry":{"type":"Polygon","coordinates":[[[-38.4785,-12.8688],[-38.4788,-12.8683],[-38.4787,-12.8678],[-38.4791,-12.8667],[-38.4792,-12.8654],[-38.4792,-12.8648],[-38.4795,-12.863],[-38.4801,-12.8606],[-38.4801,-12.8601],[-38.4809,-12.8599],[-38.4804,-12.8591],[-38.4799,-12.8587],[-38.4788,-12.8587],[-38.4773,-12.8571],[-38.4767,-12.8561],[-38.4761,-12.8563],[-38.4749,-12.8564],[-38.4743,-12.8563],[-38.4746,-12.8576],[-38.4743,-12.8578],[-38.4732,-12.8577],[-38.473,-12.8571],[-38.4715,-12.8573],[-38.4715,-12.8578],[-38.4688,-12.8581],[-38.466,-12.8585],[-38.4664,-12.8592],[-38.4672,-12.8594],[-38.4677,-12.8597],[-38.4687,-12.8612],[-38.4697,-12.8622],[-38.4688,-12.863],[-38.4677,-12.8634],[-38.4678,-12.8645],[-38.4673,-12.8649],[-38.467,-12.8654],[-38.4668,-12.8672],[-38.4659,-12.8676],[-38.465,-12.8683],[-38.4646,-12.8682],[-38.4638,-12.8674],[-38.4635,-12.8666],[-38.4636,-12.8662],[-38.4631,-12.8663],[-38.4621,-12.866],[-38.4615,-12.8655],[-38.4613,-12.8649],[-38.4603,-12.8649],[-38.4591,-12.8645],[-38.459,-12.8633],[-38.4585,-12.862],[-38.4575,-12.8606],[-38.4572,-12.8595],[-38.4575,-12.859],[-38.4573,-12.8584],[-38.4575,-12.8576],[-38.4564,-12.8564],[-38.4564,-12.8557],[-38.4568,-12.8552],[-38.4566,-12.8546],[-38.4561,-12.8544],[-38.4548,-12.8563],[-38.454,-12.8577],[-38.4539,-12.8579],[-38.454,-12.8589],[-38.4533,-12.8606],[-38.4534,-12.8615],[-38.4541,-12.8621],[-38.4536,-12.8626],[-38.4533,-12.8637],[-38.4534,-12.8646],[-38.4539,-12.8659],[-38.4549,-12.8675],[-38.455,-12.8678],[-38.457,-12.8678],[-38.4568,-12.8695],[-38.4571,-12.8701],[-38.4578,-12.8702],[-38.4586,-12.8696],[-38.4587,-12.869],[-38.4596,-12.8689],[-38.4596,-12.8685],[-38.4601,-12.8687],[-38.4606,-12.8686],[-38.4619,-12.8698],[-38.4627,-12.8699],[-38.4629,-12.8702],[-38.4639,-12.8701],[-38.4642,-12.8704],[-38.4636,-12.871],[-38.4635,-12.8716],[-38.4631,-12.872],[-38.4624,-12.8721],[-38.4611,-12.8731],[-38.4607,-12.8732],[-38.4603,-12.8734],[-38.4604,-12.8739],[-38.4611,-12.8748],[-38.4614,-12.8747],[-38.4644,-12.8763],[-38.4647,-12.8775],[-38.4654,-12.8775],[-38.4653,-12.8772],[-38.4652,-12.8755],[-38.4662,-12.8757],[-38.4668,-12.8761],[-38.4673,-12.8755],[-38.4673,-12.8751],[-38.4689,-12.8749],[-38.4692,-12.8738],[-38.4705,-12.8743],[-38.4711,-12.8731],[-38.4716,-12.8724],[-38.4728,-12.8719],[-38.4739,-12.872],[-38.4736,-12.8713],[-38.4743,-12.8706],[-38.475,-12.8702],[-38.4769,-12.8699],[-38.4783,-12.8699],[-38.4785,-12.8688]],[[-38.4655,-12.8741],[-38.4658,-12.8742],[-38.466,-12.8749],[-38.4651,-12.8752],[-38.4647,-12.8744],[-38.4648,-12.8732],[-38.4643,-12.8718],[-38.4647,-12.8711],[-38.4653,-12.8712],[-38.4662,-12.871],[-38.4662,-12.8718],[-38.4665,-12.8726],[-38.4674,-12.8723],[-38.4679,-12.8719],[-38.4686,-12.8737],[-38.4675,-12.8738],[-38.4664,-12.8735],[-38.4655,-12.8741]]]}},{"type":"Feature","properties":{"c":"b353","b":353,"n":"Pernambués","m":"2927408","cx":-38.4639,"cy":-12.9715},"geometry":{"type":"Polygon","coordinates":[[[-38.451,-12.9744],[-38.4531,-12.9754],[-38.4549,-12.9765],[-38.4553,-12.9759],[-38.4569,-12.9755],[-38.4595,-12.9752],[-38.4606,-12.9754],[-38.4613,-12.976],[-38.4622,-12.9773],[-38.4632,-12.9781],[-38.465,-12.9793],[-38.4661,-12.9797],[-38.4664,-12.98],[-38.4682,-12.9792],[-38.4709,-12.9782],[-38.4738,-12.9776],[-38.4755,-12.9769],[-38.4761,-12.9764],[-38.4766,-12.9755],[-38.4768,-12.9747],[-38.4761,-12.9735],[-38.4757,-12.9726],[-38.4756,-12.9714],[-38.4758,-12.9699],[-38.4767,-12.9678],[-38.4748,-12.9668],[-38.4737,-12.9659],[-38.4719,-12.9653],[-38.4718,-12.9646],[-38.4714,-12.9638],[-38.4707,-12.9635],[-38.4685,-12.9638],[-38.468,-12.964],[-38.4671,-12.9636],[-38.4655,-12.9638],[-38.4647,-12.9634],[-38.4638,-12.9635],[-38.4634,-12.963],[-38.462,-12.9637],[-38.4618,-12.9643],[-38.4605,-12.9644],[-38.4593,-12.9647],[-38.4587,-12.9644],[-38.4582,-12.9646],[-38.4572,-12.9657],[-38.4543,-12.9675],[-38.4533,-12.9688],[-38.4528,-12.9705],[-38.452,-12.9717],[-38.4497,-12.9737],[-38.451,-12.9744]],[[-38.4712,-12.9728],[-38.4716,-12.973],[-38.472,-12.9739],[-38.4729,-12.9746],[-38.472,-12.9751],[-38.4712,-12.9763],[-38.4712,-12.9768],[-38.4693,-12.9763],[-38.4685,-12.9763],[-38.4679,-12.9758],[-38.4673,-12.9764],[-38.4657,-12.9757],[-38.4649,-12.9755],[-38.4651,-12.9749],[-38.4646,-12.9747],[-38.4651,-12.9736],[-38.4652,-12.9724],[-38.4658,-12.9717],[-38.4668,-12.9718],[-38.467,-12.9722],[-38.4683,-12.9725],[-38.4698,-12.9731],[-38.47,-12.9726],[-38.4712,-12.9728]]]}},{"type":"Feature","properties":{"c":"b354","b":354,"n":"Pero Vaz","m":"2927408","cx":-38.4894,"cy":-12.9523},"geometry":{"type":"Polygon","coordinates":[[[-38.4929,-12.9523],[-38.4919,-12.951],[-38.492,-12.9496],[-38.4913,-12.9493],[-38.4917,-12.9479],[-38.4912,-12.9477],[-38.4909,-12.949],[-38.4898,-12.9493],[-38.488,-12.9493],[-38.4871,-12.9496],[-38.4868,-12.9503],[-38.4861,-12.9501],[-38.486,-12.9506],[-38.4865,-12.9507],[-38.4858,-12.9524],[-38.4856,-12.9523],[-38.4854,-12.9539],[-38.485,-12.9553],[-38.4861,-12.9554],[-38.486,-12.9559],[-38.4871,-12.9563],[-38.4877,-12.957],[-38.4886,-12.956],[-38.4884,-12.9558],[-38.4879,-12.9553],[-38.4887,-12.9548],[-38.489,-12.9543],[-38.4896,-12.9542],[-38.491,-12.9544],[-38.4927,-12.9543],[-38.493,-12.9538],[-38.4929,-12.9523]]]}},{"type":"Feature","properties":{"c":"b355","b":355,"n":"Piatã","m":"2927408","cx":-38.3853,"cy":-12.944},"geometry":{"type":"Polygon","coordinates":[[[-38.3739,-12.9342],[-38.3743,-12.935],[-38.374,-12.9356],[-38.3743,-12.9365],[-38.3747,-12.9369],[-38.3758,-12.9388],[-38.3763,-12.94],[-38.3758,-12.9406],[-38.3762,-12.9415],[-38.3774,-12.9451],[-38.3769,-12.9465],[-38.3762,-12.9464],[-38.3746,-12.9473],[-38.3749,-12.9477],[-38.3732,-12.9489],[-38.3724,-12.9487],[-38.3721,-12.9495],[-38.375,-12.9503],[-38.3746,-12.9519],[-38.3744,-12.9523],[-38.3762,-12.953],[-38.3775,-12.954],[-38.3779,-12.9546],[-38.3779,-12.9555],[-38.3786,-12.9557],[-38.3788,-12.9566],[-38.3798,-12.956],[-38.3809,-12.9555],[-38.3822,-12.9555],[-38.3841,-12.956],[-38.385,-12.956],[-38.3873,-12.9568],[-38.39,-12.9583],[-38.3921,-12.9599],[-38.3943,-12.9612],[-38.3982,-12.9633],[-38.3995,-12.9642],[-38.3993,-12.963],[-38.399,-12.9627],[-38.4018,-12.9609],[-38.4011,-12.9599],[-38.4018,-12.9597],[-38.4016,-12.9588],[-38.4016,-12.9576],[-38.4,-12.957],[-38.3982,-12.9554],[-38.3961,-12.9544],[-38.3956,-12.9539],[-38.3945,-12.9518],[-38.3939,-12.9501],[-38.3941,-12.9491],[-38.3936,-12.9481],[-38.3933,-12.9457],[-38.3939,-12.9428],[-38.3942,-12.9424],[-38.3948,-12.9407],[-38.3949,-12.9396],[-38.3938,-12.938],[-38.394,-12.936],[-38.3936,-12.9349],[-38.3934,-12.9338],[-38.3904,-12.9313],[-38.3865,-12.9281],[-38.3849,-12.927],[-38.3832,-12.9262],[-38.3822,-12.9259],[-38.3804,-12.9255],[-38.38,-12.9267],[-38.3801,-12.9288],[-38.3804,-12.9306],[-38.3817,-12.936],[-38.3822,-12.9378],[-38.3815,-12.9379],[-38.3807,-12.9384],[-38.3794,-12.9358],[-38.3788,-12.9351],[-38.3754,-12.9328],[-38.3743,-12.9328],[-38.3734,-12.9336],[-38.3739,-12.9342]]]}},{"type":"Feature","properties":{"c":"b356","b":356,"n":"Pirajá","m":"2927408","cx":-38.4565,"cy":-12.8866},"geometry":{"type":"Polygon","coordinates":[[[-38.468,-12.9104],[-38.4691,-12.9101],[-38.4704,-12.9099],[-38.4706,-12.9093],[-38.4704,-12.9086],[-38.4713,-12.9083],[-38.4706,-12.9076],[-38.4701,-12.9066],[-38.4705,-12.905],[-38.4701,-12.9039],[-38.4701,-12.9028],[-38.471,-12.9026],[-38.4713,-12.9029],[-38.473,-12.9028],[-38.4724,-12.9015],[-38.4727,-12.9007],[-38.472,-12.8999],[-38.472,-12.8996],[-38.4713,-12.8992],[-38.4708,-12.8984],[-38.47,-12.8984],[-38.4695,-12.8978],[-38.4693,-12.8971],[-38.4682,-12.8955],[-38.4669,-12.8943],[-38.4659,-12.8943],[-38.4653,-12.8948],[-38.4638,-12.8955],[-38.4631,-12.8954],[-38.4631,-12.8949],[-38.4634,-12.8944],[-38.4637,-12.8948],[-38.4645,-12.8949],[-38.4648,-12.8946],[-38.465,-12.893],[-38.4655,-12.8927],[-38.4661,-12.8927],[-38.4663,-12.8918],[-38.4661,-12.8907],[-38.467,-12.8899],[-38.468,-12.8879],[-38.469,-12.8876],[-38.4687,-12.8874],[-38.4685,-12.8858],[-38.4675,-12.8851],[-38.4676,-12.8847],[-38.467,-12.8841],[-38.4664,-12.8823],[-38.466,-12.8816],[-38.4647,-12.8775],[-38.4644,-12.8763],[-38.4614,-12.8747],[-38.4611,-12.8748],[-38.4604,-12.8739],[-38.4603,-12.8734],[-38.4607,-12.8732],[-38.4601,-12.873],[-38.4601,-12.8725],[-38.4604,-12.8717],[-38.4601,-12.8708],[-38.4601,-12.8687],[-38.4596,-12.8685],[-38.4596,-12.8689],[-38.4587,-12.869],[-38.4586,-12.8696],[-38.4578,-12.8702],[-38.4571,-12.8701],[-38.4568,-12.8695],[-38.457,-12.8678],[-38.455,-12.8678],[-38.4549,-12.8675],[-38.4539,-12.8659],[-38.4534,-12.8646],[-38.4533,-12.8637],[-38.4536,-12.8626],[-38.4541,-12.8621],[-38.4534,-12.8615],[-38.4533,-12.8606],[-38.454,-12.8589],[-38.4539,-12.8579],[-38.4523,-12.8625],[-38.452,-12.863],[-38.4511,-12.8639],[-38.4488,-12.8652],[-38.4479,-12.8659],[-38.4431,-12.8725],[-38.4425,-12.8734],[-38.4422,-12.8746],[-38.4422,-12.8755],[-38.4432,-12.8806],[-38.4436,-12.8825],[-38.4446,-12.8876],[-38.4446,-12.8885],[-38.444,-12.89],[-38.4459,-12.8919],[-38.4466,-12.8928],[-38.4499,-12.8981],[-38.4509,-12.8995],[-38.4535,-12.9026],[-38.4551,-12.9045],[-38.4567,-12.9067],[-38.4574,-12.908],[-38.4598,-12.913],[-38.4603,-12.9139],[-38.4613,-12.9152],[-38.4621,-12.9149],[-38.4629,-12.914],[-38.4636,-12.9128],[-38.4651,-12.9116],[-38.4648,-12.9111],[-38.466,-12.9103],[-38.4666,-12.9103],[-38.468,-12.9104]]]}},{"type":"Feature","properties":{"c":"b357","b":357,"n":"Pituaçu","m":"2927408","cx":-38.4172,"cy":-12.9593},"geometry":{"type":"Polygon","coordinates":[[[-38.4266,-12.9594],[-38.4265,-12.9589],[-38.4258,-12.9587],[-38.4262,-12.9577],[-38.4249,-12.9568],[-38.4253,-12.9556],[-38.4262,-12.9551],[-38.4259,-12.9543],[-38.4258,-12.9532],[-38.4267,-12.9527],[-38.4243,-12.9495],[-38.4204,-12.9443],[-38.419,-12.9423],[-38.4141,-12.9459],[-38.4126,-12.9471],[-38.4101,-12.9499],[-38.4077,-12.9525],[-38.4073,-12.9533],[-38.4073,-12.9542],[-38.408,-12.958],[-38.4079,-12.9591],[-38.4072,-12.9601],[-38.4049,-12.9618],[-38.4044,-12.962],[-38.4023,-12.9636],[-38.4007,-12.9651],[-38.4024,-12.9665],[-38.4031,-12.9672],[-38.4046,-12.968],[-38.4084,-12.9707],[-38.4094,-12.9713],[-38.4121,-12.9731],[-38.4136,-12.9743],[-38.4158,-12.9757],[-38.417,-12.9764],[-38.4179,-12.9751],[-38.419,-12.9752],[-38.4199,-12.9725],[-38.4206,-12.9716],[-38.4223,-12.9698],[-38.4236,-12.9692],[-38.4231,-12.9673],[-38.423,-12.9659],[-38.4231,-12.9646],[-38.4238,-12.9637],[-38.4251,-12.9635],[-38.4264,-12.9623],[-38.4265,-12.9617],[-38.4269,-12.9615],[-38.4277,-12.9616],[-38.4266,-12.9594]]]}},{"type":"Feature","properties":{"c":"b358","b":358,"n":"Pituba","m":"2927408","cx":-38.4632,"cy":-12.9977},"geometry":{"type":"Polygon","coordinates":[[[-38.4634,-12.988],[-38.4633,-12.9886],[-38.4622,-12.988],[-38.4621,-12.9883],[-38.461,-12.9876],[-38.458,-12.9885],[-38.4579,-12.9878],[-38.4583,-12.9867],[-38.4575,-12.9867],[-38.4573,-12.9878],[-38.4546,-12.99],[-38.4538,-12.9903],[-38.4538,-12.9892],[-38.4548,-12.9871],[-38.4548,-12.9862],[-38.454,-12.9863],[-38.453,-12.9856],[-38.4527,-12.9845],[-38.4523,-12.984],[-38.4513,-12.9838],[-38.451,-12.9843],[-38.4507,-12.9855],[-38.4496,-12.9865],[-38.4491,-12.9873],[-38.4491,-12.9887],[-38.4493,-12.9891],[-38.4496,-12.9902],[-38.4494,-12.9925],[-38.4509,-12.9949],[-38.4509,-12.9954],[-38.4502,-12.997],[-38.4491,-12.9987],[-38.4486,-12.9991],[-38.4476,-12.9988],[-38.4471,-12.9983],[-38.4461,-12.9981],[-38.446,-12.9988],[-38.4463,-12.9995],[-38.4467,-12.9993],[-38.4481,-13.0009],[-38.4497,-13.0025],[-38.4495,-13.0028],[-38.4504,-13.0033],[-38.4503,-13.0036],[-38.4516,-13.0043],[-38.4523,-13.004],[-38.453,-13.005],[-38.4537,-13.0054],[-38.4544,-13.0063],[-38.4551,-13.0067],[-38.457,-13.0066],[-38.4583,-13.0069],[-38.4594,-13.0075],[-38.461,-13.0091],[-38.4635,-13.0101],[-38.4651,-13.0112],[-38.4668,-13.012],[-38.467,-13.012],[-38.4684,-13.0102],[-38.4669,-13.0092],[-38.4684,-13.0077],[-38.4691,-13.0076],[-38.4697,-13.007],[-38.4679,-13.0054],[-38.4679,-13.0051],[-38.4689,-13.0043],[-38.4697,-13.0041],[-38.4702,-13.0036],[-38.4714,-13.0037],[-38.4719,-13.0034],[-38.4735,-13.0019],[-38.4744,-13.0013],[-38.475,-13.0021],[-38.4758,-13.0011],[-38.4774,-12.9994],[-38.4769,-12.9981],[-38.4762,-12.9971],[-38.4762,-12.9964],[-38.4766,-12.9959],[-38.476,-12.9955],[-38.4756,-12.9948],[-38.4755,-12.9942],[-38.4749,-12.9953],[-38.4743,-12.9956],[-38.4726,-12.996],[-38.4665,-12.9965],[-38.4641,-12.9971],[-38.4636,-12.9974],[-38.4634,-12.9971],[-38.4605,-12.9965],[-38.4601,-12.9969],[-38.4595,-12.9954],[-38.4601,-12.9945],[-38.4597,-12.9942],[-38.4603,-12.9938],[-38.4611,-12.9929],[-38.4612,-12.9925],[-38.4612,-12.9901],[-38.4621,-12.9899],[-38.4637,-12.9889],[-38.4634,-12.988]]]}},{"type":"Feature","properties":{"c":"b359","b":359,"n":"Plataforma","m":"2927408","cx":-38.4866,"cy":-12.8968},"geometry":{"type":"Polygon","coordinates":[[[-38.4744,-12.8919],[-38.475,-12.8928],[-38.4742,-12.894],[-38.4735,-12.8942],[-38.4734,-12.8953],[-38.4727,-12.8958],[-38.4734,-12.8974],[-38.4737,-12.8986],[-38.4758,-12.8981],[-38.4762,-12.8982],[-38.4764,-12.8988],[-38.4765,-12.8991],[-38.4785,-12.8963],[-38.4797,-12.8957],[-38.4821,-12.8952],[-38.4816,-12.8962],[-38.4822,-12.8974],[-38.4831,-12.8989],[-38.485,-12.9003],[-38.4861,-12.9005],[-38.4871,-12.9001],[-38.486,-12.9015],[-38.4857,-12.9024],[-38.486,-12.9024],[-38.4878,-12.9041],[-38.4885,-12.9052],[-38.4881,-12.9054],[-38.4882,-12.9059],[-38.4892,-12.9052],[-38.4901,-12.9041],[-38.4906,-12.9024],[-38.491,-12.9025],[-38.4913,-12.9013],[-38.491,-12.9011],[-38.4915,-12.8995],[-38.4917,-12.8985],[-38.4916,-12.8975],[-38.4907,-12.895],[-38.4901,-12.8936],[-38.4891,-12.894],[-38.4889,-12.8935],[-38.4881,-12.8938],[-38.4871,-12.8933],[-38.4868,-12.8939],[-38.4855,-12.8936],[-38.4848,-12.8942],[-38.484,-12.8943],[-38.4835,-12.894],[-38.4838,-12.8933],[-38.4838,-12.8926],[-38.4825,-12.8909],[-38.4825,-12.8894],[-38.4826,-12.8888],[-38.4832,-12.888],[-38.482,-12.8882],[-38.482,-12.8887],[-38.4803,-12.889],[-38.4792,-12.8885],[-38.478,-12.8889],[-38.4779,-12.8894],[-38.4772,-12.89],[-38.4766,-12.8901],[-38.4761,-12.8905],[-38.475,-12.8907],[-38.4744,-12.8919]]]}},{"type":"Feature","properties":{"c":"b360","b":360,"n":"Porto Seco Pirajá","m":"2927408","cx":-38.4538,"cy":-12.9096},"geometry":{"type":"Polygon","coordinates":[[[-38.4526,-12.9033],[-38.4523,-12.903],[-38.4521,-12.9035],[-38.451,-12.9043],[-38.4507,-12.9045],[-38.4502,-12.9054],[-38.449,-12.9053],[-38.4489,-12.9061],[-38.4493,-12.9073],[-38.4495,-12.9085],[-38.4493,-12.9094],[-38.4494,-12.9099],[-38.4505,-12.9123],[-38.4514,-12.9132],[-38.4533,-12.9153],[-38.4538,-12.9156],[-38.4552,-12.9159],[-38.4558,-12.9163],[-38.4564,-12.9157],[-38.4589,-12.9154],[-38.4603,-12.9154],[-38.4613,-12.9152],[-38.4603,-12.9139],[-38.4598,-12.913],[-38.4574,-12.908],[-38.4567,-12.9067],[-38.4551,-12.9045],[-38.4535,-12.9026],[-38.4526,-12.9033]]]}},{"type":"Feature","properties":{"c":"b361","b":361,"n":"Praia Grande","m":"2927408","cx":-38.4764,"cy":-12.8744},"geometry":{"type":"Polygon","coordinates":[[[-38.472,-12.8733],[-38.4723,-12.8737],[-38.4729,-12.8737],[-38.4746,-12.8746],[-38.4748,-12.8749],[-38.4757,-12.8749],[-38.4758,-12.8758],[-38.4762,-12.8765],[-38.4767,-12.8762],[-38.4773,-12.8768],[-38.4781,-12.8768],[-38.4782,-12.8776],[-38.4793,-12.8791],[-38.4788,-12.8777],[-38.4787,-12.8769],[-38.4789,-12.8764],[-38.4786,-12.8752],[-38.4785,-12.8743],[-38.4786,-12.8708],[-38.4783,-12.8699],[-38.4769,-12.8699],[-38.475,-12.8702],[-38.4743,-12.8706],[-38.4736,-12.8713],[-38.4739,-12.872],[-38.4728,-12.8719],[-38.4716,-12.8724],[-38.4711,-12.8731],[-38.472,-12.8733]]]}},{"type":"Feature","properties":{"c":"b362","b":362,"n":"Resgate","m":"2927408","cx":-38.464,"cy":-12.9613},"geometry":{"type":"Polygon","coordinates":[[[-38.4587,-12.9644],[-38.4593,-12.9647],[-38.4605,-12.9644],[-38.4618,-12.9643],[-38.462,-12.9637],[-38.4634,-12.963],[-38.4638,-12.9635],[-38.4647,-12.9634],[-38.4655,-12.9638],[-38.4671,-12.9636],[-38.468,-12.964],[-38.4685,-12.9638],[-38.4677,-12.9622],[-38.4683,-12.9618],[-38.4681,-12.9609],[-38.4676,-12.96],[-38.4659,-12.9601],[-38.4658,-12.9587],[-38.4653,-12.9588],[-38.4629,-12.9591],[-38.4619,-12.9594],[-38.4612,-12.9599],[-38.4593,-12.962],[-38.4587,-12.9632],[-38.4582,-12.9646],[-38.4587,-12.9644]]]}},{"type":"Feature","properties":{"c":"b363","b":363,"n":"Retiro","m":"2927408","cx":-38.475,"cy":-12.9592},"geometry":{"type":"Polygon","coordinates":[[[-38.476,-12.9513],[-38.4751,-12.9513],[-38.4749,-12.9508],[-38.4739,-12.9497],[-38.4733,-12.9483],[-38.4727,-12.9469],[-38.4714,-12.9459],[-38.4711,-12.9446],[-38.4706,-12.9447],[-38.4703,-12.9442],[-38.4702,-12.9443],[-38.4698,-12.9466],[-38.4698,-12.948],[-38.47,-12.9489],[-38.4709,-12.951],[-38.4711,-12.9521],[-38.4713,-12.9544],[-38.4714,-12.9559],[-38.4721,-12.9578],[-38.4727,-12.9588],[-38.4738,-12.9601],[-38.4751,-12.9613],[-38.4763,-12.9628],[-38.4769,-12.9642],[-38.4771,-12.9652],[-38.4771,-12.9662],[-38.4767,-12.9678],[-38.4758,-12.9699],[-38.4756,-12.9714],[-38.4757,-12.9726],[-38.4761,-12.9735],[-38.4768,-12.9747],[-38.4771,-12.9732],[-38.4779,-12.9715],[-38.4799,-12.969],[-38.48,-12.9682],[-38.4795,-12.965],[-38.4788,-12.9629],[-38.4783,-12.9622],[-38.4772,-12.9595],[-38.4753,-12.9548],[-38.4751,-12.954],[-38.4752,-12.9522],[-38.4763,-12.9517],[-38.4763,-12.9514],[-38.476,-12.9513]]]}},{"type":"Feature","properties":{"c":"b364","b":364,"n":"Ribeira","m":"2927408","cx":-38.4967,"cy":-12.9161},"geometry":{"type":"Polygon","coordinates":[[[-38.4973,-12.921],[-38.499,-12.922],[-38.5008,-12.9215],[-38.5007,-12.9226],[-38.5019,-12.9237],[-38.5024,-12.9233],[-38.5019,-12.9222],[-38.5027,-12.9218],[-38.5025,-12.9216],[-38.5033,-12.9206],[-38.5011,-12.9181],[-38.4993,-12.9158],[-38.4987,-12.9148],[-38.4982,-12.9134],[-38.4978,-12.9118],[-38.4977,-12.9099],[-38.4961,-12.9093],[-38.4948,-12.9093],[-38.4946,-12.9097],[-38.4948,-12.9102],[-38.4948,-12.9118],[-38.4941,-12.9123],[-38.4924,-12.9124],[-38.4918,-12.9127],[-38.4918,-12.9136],[-38.4928,-12.915],[-38.493,-12.9151],[-38.494,-12.9165],[-38.4938,-12.9167],[-38.4936,-12.9182],[-38.4937,-12.9195],[-38.4942,-12.9199],[-38.4955,-12.9201],[-38.496,-12.9199],[-38.4964,-12.9209],[-38.4962,-12.9211],[-38.4973,-12.921]]]}},{"type":"Feature","properties":{"c":"b365","b":365,"n":"Rio Sena","m":"2927408","cx":-38.4696,"cy":-12.881},"geometry":{"type":"Polygon","coordinates":[[[-38.466,-12.8816],[-38.4664,-12.8823],[-38.467,-12.8841],[-38.4676,-12.8847],[-38.4675,-12.8851],[-38.4685,-12.8858],[-38.4687,-12.8874],[-38.469,-12.8876],[-38.47,-12.8875],[-38.4713,-12.8863],[-38.4718,-12.886],[-38.4751,-12.8852],[-38.4752,-12.8836],[-38.4744,-12.8826],[-38.4737,-12.8813],[-38.4729,-12.8807],[-38.4732,-12.8805],[-38.4727,-12.8797],[-38.4728,-12.878],[-38.4724,-12.8774],[-38.4718,-12.8761],[-38.4718,-12.8755],[-38.4712,-12.8751],[-38.4705,-12.8743],[-38.4692,-12.8738],[-38.4689,-12.8749],[-38.4673,-12.8751],[-38.4673,-12.8755],[-38.4668,-12.8761],[-38.4662,-12.8757],[-38.4652,-12.8755],[-38.4653,-12.8772],[-38.4654,-12.8775],[-38.4647,-12.8775],[-38.466,-12.8816]]]}},{"type":"Feature","properties":{"c":"b366","b":366,"n":"Rio Vermelho","m":"2927408","cx":-38.4909,"cy":-13.0093},"geometry":{"type":"Polygon","coordinates":[[[-38.5012,-13.0108],[-38.499,-13.0105],[-38.4994,-13.0097],[-38.5,-13.0098],[-38.4999,-13.0092],[-38.5003,-13.0083],[-38.4998,-13.0079],[-38.5003,-13.0074],[-38.5018,-13.0067],[-38.5022,-13.0063],[-38.5017,-13.0062],[-38.4993,-13.0069],[-38.4989,-13.0072],[-38.4982,-13.0082],[-38.4973,-13.0087],[-38.4962,-13.0087],[-38.4947,-13.0076],[-38.4953,-13.0069],[-38.4963,-13.0072],[-38.4964,-13.0062],[-38.4969,-13.0052],[-38.4963,-13.0049],[-38.4952,-13.0061],[-38.4943,-13.0056],[-38.495,-13.0045],[-38.4951,-13.004],[-38.4944,-13.004],[-38.4944,-13.0035],[-38.4938,-13.0043],[-38.4931,-13.004],[-38.4921,-13.004],[-38.4921,-13.0012],[-38.4902,-13.0015],[-38.4897,-13.0017],[-38.4903,-13.0021],[-38.4909,-13.0031],[-38.4917,-13.0035],[-38.4914,-13.0045],[-38.4919,-13.0056],[-38.4915,-13.006],[-38.492,-13.0066],[-38.4916,-13.0069],[-38.4908,-13.006],[-38.4886,-13.0052],[-38.4885,-13.0049],[-38.4865,-13.0047],[-38.4865,-13.0055],[-38.4873,-13.0063],[-38.4867,-13.006],[-38.4859,-13.0061],[-38.4853,-13.0066],[-38.4865,-13.0066],[-38.4866,-13.0069],[-38.4858,-13.0072],[-38.4855,-13.007],[-38.4841,-13.0076],[-38.4839,-13.0088],[-38.4834,-13.0091],[-38.4824,-13.0088],[-38.4819,-13.0094],[-38.4815,-13.0091],[-38.4809,-13.0098],[-38.4808,-13.0108],[-38.4803,-13.0108],[-38.4803,-13.0112],[-38.481,-13.012],[-38.4814,-13.0122],[-38.4814,-13.0126],[-38.4824,-13.0128],[-38.4819,-13.0138],[-38.4819,-13.0148],[-38.4828,-13.015],[-38.4837,-13.0156],[-38.4843,-13.0156],[-38.4848,-13.0162],[-38.4855,-13.016],[-38.4861,-13.0168],[-38.487,-13.0173],[-38.4881,-13.0171],[-38.4884,-13.0173],[-38.4885,-13.0165],[-38.4888,-13.0162],[-38.4889,-13.0152],[-38.4897,-13.015],[-38.4897,-13.0141],[-38.4908,-13.0134],[-38.4916,-13.0137],[-38.4925,-13.0132],[-38.4921,-13.0123],[-38.4927,-13.0117],[-38.4939,-13.0119],[-38.4949,-13.0116],[-38.4954,-13.0119],[-38.4963,-13.0117],[-38.4965,-13.0111],[-38.4974,-13.0112],[-38.4974,-13.0117],[-38.4995,-13.0122],[-38.5005,-13.0126],[-38.5011,-13.0123],[-38.5015,-13.0117],[-38.5012,-13.0108]]]}},{"type":"Feature","properties":{"c":"b367","b":367,"n":"Roma","m":"2927408","cx":-38.5034,"cy":-12.9351},"geometry":{"type":"Polygon","coordinates":[[[-38.5014,-12.9371],[-38.5033,-12.9375],[-38.5037,-12.9371],[-38.5055,-12.9383],[-38.5065,-12.939],[-38.5071,-12.938],[-38.5086,-12.9365],[-38.5075,-12.9357],[-38.5067,-12.9363],[-38.5064,-12.9355],[-38.5058,-12.9356],[-38.5055,-12.9361],[-38.5054,-12.9357],[-38.5044,-12.9316],[-38.5016,-12.9348],[-38.5015,-12.9364],[-38.5014,-12.9371]]]}},{"type":"Feature","properties":{"c":"b368","b":368,"n":"STIEP","m":"2927408","cx":-38.4466,"cy":-12.9817},"geometry":{"type":"Polygon","coordinates":[[[-38.4407,-12.9777],[-38.4403,-12.9816],[-38.4409,-12.9818],[-38.4418,-12.9813],[-38.4428,-12.9814],[-38.4428,-12.982],[-38.4436,-12.9842],[-38.4429,-12.985],[-38.4436,-12.986],[-38.4438,-12.9857],[-38.4457,-12.9874],[-38.446,-12.9878],[-38.4458,-12.9881],[-38.4471,-12.9885],[-38.4471,-12.9887],[-38.4493,-12.9891],[-38.4491,-12.9887],[-38.4491,-12.9873],[-38.4496,-12.9865],[-38.4507,-12.9855],[-38.451,-12.9843],[-38.4513,-12.9838],[-38.451,-12.9834],[-38.4502,-12.9814],[-38.45,-12.9808],[-38.4501,-12.9801],[-38.451,-12.9793],[-38.4545,-12.9771],[-38.4549,-12.9765],[-38.4531,-12.9754],[-38.451,-12.9744],[-38.4483,-12.9757],[-38.4478,-12.9753],[-38.4473,-12.9755],[-38.4473,-12.9762],[-38.4467,-12.9766],[-38.4452,-12.9777],[-38.4441,-12.9779],[-38.4429,-12.9782],[-38.4423,-12.9781],[-38.4407,-12.9777]]]}},{"type":"Feature","properties":{"c":"b369","b":369,"n":"Saboeiro","m":"2927408","cx":-38.4469,"cy":-12.9632},"geometry":{"type":"Polygon","coordinates":[[[-38.441,-12.965],[-38.4412,-12.9663],[-38.4409,-12.9672],[-38.4411,-12.9677],[-38.4409,-12.9689],[-38.4434,-12.9703],[-38.4446,-12.9687],[-38.4452,-12.9684],[-38.4473,-12.9676],[-38.4481,-12.9667],[-38.4484,-12.965],[-38.4495,-12.9647],[-38.4513,-12.964],[-38.4518,-12.9636],[-38.4521,-12.9624],[-38.4515,-12.9616],[-38.4515,-12.9605],[-38.451,-12.9596],[-38.4507,-12.9597],[-38.4499,-12.9573],[-38.4494,-12.9576],[-38.4488,-12.9571],[-38.4483,-12.956],[-38.4479,-12.9565],[-38.4466,-12.9572],[-38.4462,-12.9578],[-38.445,-12.9586],[-38.4449,-12.9596],[-38.4434,-12.9616],[-38.4425,-12.9622],[-38.4422,-12.9628],[-38.4411,-12.9641],[-38.441,-12.965]]]}},{"type":"Feature","properties":{"c":"b370","b":370,"n":"Santa Cruz","m":"2927408","cx":-38.4756,"cy":-13.0025},"geometry":{"type":"Polygon","coordinates":[[[-38.4753,-13.0085],[-38.4762,-13.0089],[-38.4763,-13.0086],[-38.477,-13.0078],[-38.4773,-13.0065],[-38.4776,-13.0054],[-38.4783,-13.005],[-38.4784,-13.0033],[-38.4783,-13.0017],[-38.4775,-13.0006],[-38.4775,-12.9999],[-38.4779,-13.0001],[-38.4801,-13.0017],[-38.4815,-13.0022],[-38.482,-13.0028],[-38.4823,-13.0036],[-38.483,-13.0037],[-38.4829,-13.0032],[-38.483,-13.0011],[-38.4825,-13.0004],[-38.4817,-13.0],[-38.4805,-12.9997],[-38.4797,-12.9992],[-38.4786,-12.9973],[-38.4766,-12.9959],[-38.4762,-12.9964],[-38.4762,-12.9971],[-38.4769,-12.9981],[-38.4774,-12.9994],[-38.4758,-13.0011],[-38.475,-13.0021],[-38.4744,-13.0013],[-38.4735,-13.0019],[-38.4719,-13.0034],[-38.4714,-13.0037],[-38.4702,-13.0036],[-38.4697,-13.0041],[-38.4701,-13.0053],[-38.4705,-13.0052],[-38.4717,-13.0067],[-38.4724,-13.0062],[-38.4728,-13.0071],[-38.4734,-13.0074],[-38.4747,-13.0074],[-38.4747,-13.0076],[-38.4753,-13.0085]]]}},{"type":"Feature","properties":{"c":"b371","b":371,"n":"Santa Luzia","m":"2927408","cx":-38.4889,"cy":-12.932},"geometry":{"type":"Polygon","coordinates":[[[-38.4867,-12.9337],[-38.4874,-12.9341],[-38.4886,-12.9338],[-38.4889,-12.9346],[-38.4894,-12.9346],[-38.4902,-12.9359],[-38.4908,-12.9364],[-38.4905,-12.9366],[-38.4913,-12.9373],[-38.4921,-12.9387],[-38.4923,-12.9392],[-38.4909,-12.94],[-38.4919,-12.9398],[-38.4928,-12.9401],[-38.4946,-12.9404],[-38.494,-12.9399],[-38.4935,-12.9384],[-38.4927,-12.9369],[-38.4911,-12.9347],[-38.4916,-12.9341],[-38.49,-12.9317],[-38.4889,-12.9306],[-38.488,-12.9294],[-38.4875,-12.9285],[-38.4867,-12.9288],[-38.4843,-12.9243],[-38.4835,-12.9236],[-38.4827,-12.9232],[-38.4833,-12.9246],[-38.4839,-12.9254],[-38.4844,-12.926],[-38.4854,-12.9281],[-38.4863,-12.9294],[-38.4855,-12.93],[-38.4861,-12.9309],[-38.4871,-12.9308],[-38.4878,-12.9323],[-38.4873,-12.9334],[-38.4861,-12.9334],[-38.4861,-12.9338],[-38.4867,-12.9337]]]}},{"type":"Feature","properties":{"c":"b372","b":372,"n":"Santa Mônica","m":"2927408","cx":-38.4842,"cy":-12.9504},"geometry":{"type":"Polygon","coordinates":[[[-38.486,-12.9498],[-38.4863,-12.949],[-38.4856,-12.9484],[-38.4852,-12.9473],[-38.4844,-12.9462],[-38.4833,-12.9459],[-38.4831,-12.9456],[-38.4825,-12.9472],[-38.4819,-12.9476],[-38.4822,-12.9486],[-38.4829,-12.9487],[-38.4823,-12.9497],[-38.4816,-12.9499],[-38.4826,-12.9507],[-38.4821,-12.9513],[-38.4825,-12.9517],[-38.4841,-12.9513],[-38.4847,-12.9517],[-38.4847,-12.9526],[-38.4835,-12.9524],[-38.4836,-12.9532],[-38.4847,-12.9541],[-38.4843,-12.9549],[-38.485,-12.9553],[-38.4854,-12.9539],[-38.4856,-12.9523],[-38.4858,-12.9524],[-38.4865,-12.9507],[-38.486,-12.9506],[-38.4861,-12.9501],[-38.4868,-12.9503],[-38.4871,-12.9496],[-38.486,-12.9498]]]}},{"type":"Feature","properties":{"c":"b373","b":373,"n":"Santo Agostinho","m":"2927408","cx":-38.4979,"cy":-12.9745},"geometry":{"type":"Polygon","coordinates":[[[-38.4989,-12.9724],[-38.4977,-12.973],[-38.4965,-12.9726],[-38.495,-12.9725],[-38.4939,-12.973],[-38.4943,-12.9735],[-38.4938,-12.9739],[-38.4947,-12.975],[-38.4957,-12.9744],[-38.496,-12.9747],[-38.4966,-12.9747],[-38.4964,-12.9751],[-38.4958,-12.9756],[-38.4953,-12.9763],[-38.4957,-12.9763],[-38.4962,-12.9757],[-38.4968,-12.9756],[-38.498,-12.9766],[-38.4992,-12.9763],[-38.4994,-12.9766],[-38.5002,-12.9762],[-38.5007,-12.9765],[-38.5008,-12.9761],[-38.5,-12.9746],[-38.4992,-12.9725],[-38.4989,-12.9724]]]}},{"type":"Feature","properties":{"c":"b374","b":374,"n":"Santo Antônio","m":"2927408","cx":-38.5036,"cy":-12.9647},"geometry":{"type":"Polygon","coordinates":[[[-38.5019,-12.9621],[-38.5019,-12.9636],[-38.5014,-12.965],[-38.5013,-12.9662],[-38.5018,-12.9669],[-38.5023,-12.9665],[-38.504,-12.9664],[-38.5037,-12.9676],[-38.5039,-12.9689],[-38.5051,-12.9685],[-38.5057,-12.9688],[-38.5068,-12.9697],[-38.5074,-12.9696],[-38.5076,-12.969],[-38.5081,-12.9696],[-38.5084,-12.9693],[-38.5077,-12.9682],[-38.5076,-12.9676],[-38.5065,-12.9662],[-38.5061,-12.9653],[-38.5055,-12.9645],[-38.5039,-12.9617],[-38.5033,-12.9603],[-38.5028,-12.9599],[-38.5028,-12.9614],[-38.5021,-12.9613],[-38.5019,-12.9621]]]}},{"type":"Feature","properties":{"c":"b375","b":375,"n":"Saramandaia","m":"2927408","cx":-38.4686,"cy":-12.9743},"geometry":{"type":"Polygon","coordinates":[[[-38.4698,-12.9731],[-38.4683,-12.9725],[-38.467,-12.9722],[-38.4668,-12.9718],[-38.4658,-12.9717],[-38.4652,-12.9724],[-38.4651,-12.9736],[-38.4646,-12.9747],[-38.4651,-12.9749],[-38.4649,-12.9755],[-38.4657,-12.9757],[-38.4673,-12.9764],[-38.4679,-12.9758],[-38.4685,-12.9763],[-38.4693,-12.9763],[-38.4712,-12.9768],[-38.4712,-12.9763],[-38.472,-12.9751],[-38.4729,-12.9746],[-38.472,-12.9739],[-38.4716,-12.973],[-38.4712,-12.9728],[-38.47,-12.9726],[-38.4698,-12.9731]]]}},{"type":"Feature","properties":{"c":"b376","b":376,"n":"Saúde","m":"2927408","cx":-38.5056,"cy":-12.9731},"geometry":{"type":"Polygon","coordinates":[[[-38.5076,-12.9724],[-38.5073,-12.9702],[-38.5068,-12.9697],[-38.5057,-12.9688],[-38.5051,-12.9685],[-38.5039,-12.9689],[-38.5042,-12.9707],[-38.5042,-12.9723],[-38.5034,-12.9739],[-38.5036,-12.974],[-38.5034,-12.9748],[-38.5039,-12.9758],[-38.5047,-12.9761],[-38.5053,-12.9767],[-38.5062,-12.9762],[-38.5073,-12.9742],[-38.5076,-12.9724]]]}},{"type":"Feature","properties":{"c":"b377","b":377,"n":"Sete de Abril","m":"2927408","cx":-38.4332,"cy":-12.9145},"geometry":{"type":"Polygon","coordinates":[[[-38.4225,-12.9106],[-38.4236,-12.9128],[-38.4243,-12.9135],[-38.4258,-12.914],[-38.4275,-12.9151],[-38.429,-12.9157],[-38.4301,-12.9166],[-38.4315,-12.9195],[-38.4318,-12.9205],[-38.4328,-12.9204],[-38.4326,-12.9209],[-38.4331,-12.922],[-38.4343,-12.9226],[-38.435,-12.9219],[-38.4359,-12.9206],[-38.4362,-12.9189],[-38.4376,-12.9177],[-38.4377,-12.9173],[-38.4391,-12.917],[-38.4393,-12.9167],[-38.44,-12.9128],[-38.4396,-12.9129],[-38.4388,-12.9127],[-38.4376,-12.9121],[-38.4362,-12.9124],[-38.435,-12.9118],[-38.4346,-12.9123],[-38.4339,-12.911],[-38.434,-12.9104],[-38.4337,-12.9097],[-38.4319,-12.9098],[-38.431,-12.9093],[-38.431,-12.9089],[-38.4299,-12.9082],[-38.4299,-12.9073],[-38.4293,-12.907],[-38.4279,-12.9073],[-38.4264,-12.9072],[-38.4253,-12.9073],[-38.4243,-12.9083],[-38.4234,-12.9087],[-38.4221,-12.9086],[-38.4213,-12.9089],[-38.4225,-12.9106]]]}},{"type":"Feature","properties":{"c":"b378","b":378,"n":"Stella Maris","m":"2927408","cx":-38.3204,"cy":-12.9276},"geometry":{"type":"Polygon","coordinates":[[[-38.3062,-12.9086],[-38.3043,-12.9109],[-38.3053,-12.9121],[-38.3059,-12.9127],[-38.3071,-12.9141],[-38.3085,-12.9162],[-38.3093,-12.9169],[-38.3109,-12.9194],[-38.3119,-12.9205],[-38.3129,-12.922],[-38.314,-12.9234],[-38.315,-12.9252],[-38.3154,-12.9257],[-38.3159,-12.9266],[-38.3175,-12.9284],[-38.3183,-12.9291],[-38.3201,-12.9304],[-38.3208,-12.9313],[-38.3226,-12.9325],[-38.3239,-12.934],[-38.3257,-12.9356],[-38.3267,-12.937],[-38.3279,-12.938],[-38.3284,-12.9388],[-38.3291,-12.9392],[-38.3299,-12.9401],[-38.3313,-12.9413],[-38.3316,-12.9419],[-38.3326,-12.9428],[-38.3334,-12.9438],[-38.334,-12.9441],[-38.3348,-12.9449],[-38.3359,-12.9449],[-38.3372,-12.9456],[-38.3378,-12.9462],[-38.339,-12.947],[-38.3399,-12.9479],[-38.3403,-12.9475],[-38.3417,-12.9448],[-38.3452,-12.9377],[-38.3473,-12.9334],[-38.3476,-12.9317],[-38.3492,-12.9284],[-38.3492,-12.9269],[-38.3503,-12.9258],[-38.3509,-12.925],[-38.3515,-12.9237],[-38.3517,-12.923],[-38.3515,-12.9214],[-38.3476,-12.9203],[-38.3421,-12.9333],[-38.341,-12.9343],[-38.3391,-12.9322],[-38.3363,-12.9328],[-38.3349,-12.9312],[-38.3323,-12.9329],[-38.331,-12.9315],[-38.3292,-12.9329],[-38.3274,-12.9318],[-38.3245,-12.929],[-38.324,-12.9284],[-38.3235,-12.9255],[-38.3223,-12.9237],[-38.3214,-12.9227],[-38.3174,-12.9186],[-38.3169,-12.9179],[-38.3181,-12.9166],[-38.3166,-12.9145],[-38.3119,-12.9091],[-38.3105,-12.9106],[-38.3102,-12.9104],[-38.3087,-12.9092],[-38.3069,-12.9074],[-38.3062,-12.9086]]]}},{"type":"Feature","properties":{"c":"b379","b":379,"n":"Sussuarana","m":"2927408","cx":-38.4448,"cy":-12.9336},"geometry":{"type":"Polygon","coordinates":[[[-38.4417,-12.9268],[-38.4401,-12.9278],[-38.4396,-12.9284],[-38.4389,-12.93],[-38.438,-12.9312],[-38.4371,-12.9317],[-38.436,-12.9321],[-38.4374,-12.9348],[-38.4385,-12.9351],[-38.4389,-12.9358],[-38.44,-12.9354],[-38.4415,-12.9346],[-38.4415,-12.935],[-38.4423,-12.9357],[-38.4434,-12.9359],[-38.4433,-12.9374],[-38.4438,-12.9381],[-38.4437,-12.9388],[-38.4453,-12.9383],[-38.4462,-12.9378],[-38.4474,-12.9378],[-38.448,-12.938],[-38.4493,-12.9378],[-38.4493,-12.9383],[-38.4501,-12.9387],[-38.4507,-12.9397],[-38.4525,-12.9397],[-38.4531,-12.9391],[-38.4542,-12.9375],[-38.4536,-12.9374],[-38.4538,-12.9363],[-38.4537,-12.9352],[-38.4531,-12.9344],[-38.4524,-12.9328],[-38.4511,-12.9322],[-38.4507,-12.9325],[-38.4502,-12.9323],[-38.4495,-12.9324],[-38.4486,-12.9318],[-38.4481,-12.9312],[-38.4483,-12.9304],[-38.4469,-12.9288],[-38.447,-12.9275],[-38.4459,-12.9275],[-38.4444,-12.9273],[-38.4424,-12.9267],[-38.4417,-12.9268]]]}},{"type":"Feature","properties":{"c":"b380","b":380,"n":"São Caetano","m":"2927408","cx":-38.4783,"cy":-12.9336},"geometry":{"type":"Polygon","coordinates":[[[-38.4905,-12.9398],[-38.4909,-12.94],[-38.4923,-12.9392],[-38.4921,-12.9387],[-38.4913,-12.9373],[-38.4905,-12.9366],[-38.4908,-12.9364],[-38.4902,-12.9359],[-38.4894,-12.9346],[-38.4889,-12.9346],[-38.4886,-12.9338],[-38.4874,-12.9341],[-38.4867,-12.9337],[-38.4861,-12.9338],[-38.4843,-12.9335],[-38.4836,-12.9328],[-38.4835,-12.9321],[-38.483,-12.9318],[-38.4815,-12.9314],[-38.481,-12.9311],[-38.4815,-12.9305],[-38.4813,-12.9289],[-38.4816,-12.928],[-38.481,-12.9272],[-38.4799,-12.9272],[-38.4796,-12.9265],[-38.4786,-12.9276],[-38.4784,-12.9274],[-38.4773,-12.928],[-38.4758,-12.9284],[-38.4751,-12.9282],[-38.4744,-12.9285],[-38.4734,-12.9285],[-38.4733,-12.9288],[-38.4716,-12.9289],[-38.4713,-12.9286],[-38.4706,-12.9289],[-38.4702,-12.9298],[-38.4711,-12.9308],[-38.4717,-12.9327],[-38.4714,-12.9328],[-38.4723,-12.9354],[-38.4725,-12.9364],[-38.4722,-12.9379],[-38.4711,-12.9407],[-38.4717,-12.9403],[-38.4728,-12.9383],[-38.4736,-12.9382],[-38.473,-12.9389],[-38.4735,-12.9393],[-38.4739,-12.9388],[-38.4755,-12.9383],[-38.4761,-12.9374],[-38.4767,-12.9384],[-38.4774,-12.9381],[-38.478,-12.9382],[-38.4786,-12.9378],[-38.4794,-12.9377],[-38.4797,-12.9369],[-38.4804,-12.9369],[-38.4813,-12.9363],[-38.4819,-12.9369],[-38.4827,-12.9357],[-38.4854,-12.9376],[-38.4879,-12.9384],[-38.489,-12.9392],[-38.4895,-12.9393],[-38.4897,-12.94],[-38.4905,-12.9398]]]}},{"type":"Feature","properties":{"c":"b381","b":381,"n":"São Cristóvão","m":"2927408","cx":-38.3543,"cy":-12.9119},"geometry":{"type":"Polygon","coordinates":[[[-38.3858,-12.9082],[-38.3844,-12.9065],[-38.3839,-12.9056],[-38.3803,-12.9041],[-38.3795,-12.9035],[-38.3796,-12.903],[-38.379,-12.9024],[-38.3788,-12.9018],[-38.3778,-12.902],[-38.3777,-12.9025],[-38.3761,-12.9027],[-38.3756,-12.903],[-38.3734,-12.9036],[-38.3721,-12.9034],[-38.3704,-12.9029],[-38.3699,-12.9029],[-38.3631,-12.9052],[-38.3611,-12.9055],[-38.3597,-12.9056],[-38.3562,-12.9054],[-38.3562,-12.9065],[-38.3545,-12.9061],[-38.354,-12.9057],[-38.3492,-12.9087],[-38.3493,-12.9096],[-38.349,-12.91],[-38.3483,-12.9102],[-38.3477,-12.9099],[-38.3455,-12.9169],[-38.3455,-12.9183],[-38.3459,-12.9192],[-38.3464,-12.9197],[-38.3476,-12.9203],[-38.3515,-12.9214],[-38.3528,-12.9213],[-38.3541,-12.9207],[-38.3553,-12.9207],[-38.3573,-12.9213],[-38.3575,-12.9205],[-38.3567,-12.9176],[-38.3563,-12.9171],[-38.3567,-12.9169],[-38.3579,-12.9172],[-38.3591,-12.9163],[-38.3594,-12.9155],[-38.3606,-12.9147],[-38.3617,-12.9148],[-38.3615,-12.9138],[-38.3608,-12.9137],[-38.3606,-12.9133],[-38.3608,-12.9127],[-38.3621,-12.9111],[-38.3624,-12.9111],[-38.3642,-12.9104],[-38.3661,-12.9099],[-38.3666,-12.9099],[-38.3679,-12.9108],[-38.3694,-12.911],[-38.3706,-12.9106],[-38.3719,-12.9107],[-38.3749,-12.9096],[-38.3756,-12.9088],[-38.3756,-12.9076],[-38.376,-12.9066],[-38.3776,-12.9057],[-38.378,-12.9049],[-38.3785,-12.9048],[-38.3785,-12.9057],[-38.3793,-12.9062],[-38.3801,-12.9057],[-38.3806,-12.9062],[-38.3827,-12.9078],[-38.3838,-12.9083],[-38.385,-12.9094],[-38.3857,-12.9091],[-38.3858,-12.9082]]]}},{"type":"Feature","properties":{"c":"b382","b":382,"n":"São Gonçalo","m":"2927408","cx":-38.4668,"cy":-12.9499},"geometry":{"type":"Polygon","coordinates":[[[-38.4624,-12.9507],[-38.4609,-12.9502],[-38.4606,-12.9528],[-38.4619,-12.954],[-38.4626,-12.9541],[-38.4641,-12.9548],[-38.4643,-12.9539],[-38.4648,-12.9535],[-38.466,-12.9534],[-38.467,-12.954],[-38.4677,-12.9547],[-38.4677,-12.9551],[-38.4685,-12.9545],[-38.4701,-12.9544],[-38.4705,-12.9542],[-38.4713,-12.9544],[-38.4711,-12.9521],[-38.4709,-12.951],[-38.47,-12.9489],[-38.4698,-12.948],[-38.4698,-12.9466],[-38.4702,-12.9443],[-38.47,-12.9443],[-38.4697,-12.9451],[-38.4688,-12.9453],[-38.469,-12.9459],[-38.4682,-12.9462],[-38.4676,-12.9452],[-38.4664,-12.9458],[-38.4669,-12.9466],[-38.4671,-12.9475],[-38.4667,-12.9477],[-38.4659,-12.9466],[-38.4645,-12.9476],[-38.4634,-12.9495],[-38.4624,-12.9507]]]}},{"type":"Feature","properties":{"c":"b383","b":383,"n":"São João do Cabrito","m":"2927408","cx":-38.475,"cy":-12.9013},"geometry":{"type":"Polygon","coordinates":[[[-38.4804,-12.9072],[-38.48,-12.9065],[-38.4795,-12.9062],[-38.4787,-12.9063],[-38.4784,-12.9058],[-38.4792,-12.9048],[-38.4793,-12.9033],[-38.479,-12.9025],[-38.4783,-12.9015],[-38.4777,-12.9018],[-38.4775,-12.9011],[-38.4778,-12.9006],[-38.4781,-12.9008],[-38.4785,-12.9004],[-38.4782,-12.8999],[-38.4792,-12.8999],[-38.4805,-12.8996],[-38.4813,-12.9002],[-38.4819,-12.9009],[-38.4818,-12.902],[-38.4812,-12.903],[-38.4813,-12.9034],[-38.4819,-12.9039],[-38.4826,-12.9039],[-38.4834,-12.9048],[-38.485,-12.9047],[-38.4869,-12.9055],[-38.487,-12.9066],[-38.4882,-12.9059],[-38.4881,-12.9054],[-38.4885,-12.9052],[-38.4878,-12.9041],[-38.486,-12.9024],[-38.4857,-12.9024],[-38.486,-12.9015],[-38.4871,-12.9001],[-38.4861,-12.9005],[-38.485,-12.9003],[-38.4831,-12.8989],[-38.4822,-12.8974],[-38.4816,-12.8962],[-38.4821,-12.8952],[-38.4797,-12.8957],[-38.4785,-12.8963],[-38.4765,-12.8991],[-38.4764,-12.8988],[-38.4753,-12.8995],[-38.475,-12.9],[-38.4736,-12.8998],[-38.4727,-12.9007],[-38.4724,-12.9015],[-38.473,-12.9028],[-38.4733,-12.9034],[-38.4758,-12.905],[-38.4762,-12.9055],[-38.4767,-12.9066],[-38.4771,-12.907],[-38.478,-12.9071],[-38.4783,-12.9078],[-38.4804,-12.9072]]]}},{"type":"Feature","properties":{"c":"b384","b":384,"n":"São Marcos","m":"2927408","cx":-38.4382,"cy":-12.9261},"geometry":{"type":"Polygon","coordinates":[[[-38.4427,-12.9255],[-38.4435,-12.9238],[-38.4436,-12.923],[-38.4431,-12.9224],[-38.4424,-12.9211],[-38.4429,-12.9203],[-38.443,-12.9192],[-38.4428,-12.9183],[-38.4422,-12.9191],[-38.4417,-12.9194],[-38.4407,-12.9205],[-38.4403,-12.9206],[-38.4398,-12.9217],[-38.439,-12.9221],[-38.4374,-12.9214],[-38.4361,-12.9221],[-38.435,-12.9219],[-38.4343,-12.9226],[-38.4331,-12.922],[-38.4326,-12.9209],[-38.4328,-12.9204],[-38.4318,-12.9205],[-38.432,-12.9211],[-38.4325,-12.9222],[-38.4336,-12.9236],[-38.4338,-12.9249],[-38.4339,-12.9272],[-38.4336,-12.9285],[-38.4326,-12.9282],[-38.4323,-12.9286],[-38.4315,-12.9285],[-38.4311,-12.9292],[-38.4319,-12.9294],[-38.4316,-12.9298],[-38.4325,-12.9302],[-38.4337,-12.932],[-38.4339,-12.9331],[-38.4343,-12.9328],[-38.436,-12.9321],[-38.4371,-12.9317],[-38.438,-12.9312],[-38.4389,-12.93],[-38.4396,-12.9284],[-38.4401,-12.9278],[-38.4417,-12.9268],[-38.4424,-12.9267],[-38.4427,-12.9255]]]}},{"type":"Feature","properties":{"c":"b385","b":385,"n":"São Rafael","m":"2927408","cx":-38.4297,"cy":-12.9324},"geometry":{"type":"Polygon","coordinates":[[[-38.4337,-12.932],[-38.4325,-12.9302],[-38.4316,-12.9298],[-38.4319,-12.9294],[-38.4311,-12.9292],[-38.4315,-12.9285],[-38.4323,-12.9286],[-38.4326,-12.9282],[-38.4336,-12.9285],[-38.4339,-12.9272],[-38.4338,-12.9249],[-38.4336,-12.9236],[-38.4325,-12.9222],[-38.432,-12.9211],[-38.4317,-12.9213],[-38.4319,-12.9226],[-38.4312,-12.9236],[-38.4301,-12.9242],[-38.4289,-12.9239],[-38.4286,-12.9241],[-38.4284,-12.9248],[-38.4287,-12.9258],[-38.4285,-12.9265],[-38.429,-12.9268],[-38.4283,-12.9276],[-38.4278,-12.9275],[-38.4275,-12.9287],[-38.4271,-12.9289],[-38.4255,-12.929],[-38.4259,-12.9291],[-38.426,-12.93],[-38.4258,-12.9311],[-38.4257,-12.932],[-38.4255,-12.9328],[-38.4246,-12.9331],[-38.4242,-12.9329],[-38.4221,-12.9334],[-38.421,-12.934],[-38.4214,-12.9362],[-38.4203,-12.9356],[-38.4192,-12.9356],[-38.4187,-12.9361],[-38.4185,-12.9369],[-38.4173,-12.9383],[-38.417,-12.9391],[-38.4163,-12.9399],[-38.4175,-12.9407],[-38.4184,-12.9415],[-38.419,-12.9423],[-38.4204,-12.9443],[-38.4211,-12.9438],[-38.422,-12.9421],[-38.4229,-12.9419],[-38.4234,-12.9422],[-38.425,-12.942],[-38.4261,-12.9414],[-38.427,-12.9404],[-38.4287,-12.9398],[-38.4293,-12.9394],[-38.4295,-12.9389],[-38.43,-12.9367],[-38.4302,-12.9359],[-38.4308,-12.9352],[-38.4329,-12.9341],[-38.4339,-12.9331],[-38.4337,-12.932]]]}},{"type":"Feature","properties":{"c":"b386","b":386,"n":"São Tomé","m":"2927408","cx":-38.4899,"cy":-12.8101},"geometry":{"type":"Polygon","coordinates":[[[-38.4835,-12.8321],[-38.4845,-12.833],[-38.4851,-12.8332],[-38.4856,-12.8329],[-38.4865,-12.8333],[-38.4871,-12.8331],[-38.4877,-12.8325],[-38.4879,-12.832],[-38.4883,-12.8322],[-38.4885,-12.8315],[-38.4897,-12.8303],[-38.4895,-12.8297],[-38.4889,-12.8289],[-38.4888,-12.8281],[-38.4893,-12.8263],[-38.4894,-12.8247],[-38.4887,-12.8244],[-38.4883,-12.8225],[-38.4878,-12.8226],[-38.4878,-12.8222],[-38.4882,-12.8214],[-38.4876,-12.82],[-38.4873,-12.8184],[-38.4878,-12.8171],[-38.4877,-12.8163],[-38.4888,-12.8142],[-38.4897,-12.813],[-38.4907,-12.8123],[-38.4915,-12.812],[-38.4931,-12.811],[-38.4941,-12.8108],[-38.4948,-12.8108],[-38.4964,-12.8116],[-38.4982,-12.8111],[-38.4989,-12.8106],[-38.4998,-12.8103],[-38.4999,-12.8089],[-38.4997,-12.8078],[-38.5,-12.8071],[-38.4999,-12.8066],[-38.4998,-12.805],[-38.4991,-12.8026],[-38.4998,-12.8021],[-38.4999,-12.8015],[-38.4994,-12.8013],[-38.4994,-12.7997],[-38.4997,-12.7988],[-38.4996,-12.7974],[-38.4993,-12.7968],[-38.4992,-12.7952],[-38.5,-12.7937],[-38.5,-12.7931],[-38.4994,-12.792],[-38.5001,-12.7905],[-38.4995,-12.7891],[-38.4987,-12.789],[-38.4981,-12.7892],[-38.4971,-12.79],[-38.4963,-12.7904],[-38.4949,-12.7909],[-38.4946,-12.7915],[-38.4949,-12.7936],[-38.4951,-12.7936],[-38.4951,-12.7946],[-38.4944,-12.7945],[-38.4939,-12.7916],[-38.4938,-12.7916],[-38.4943,-12.7947],[-38.4929,-12.7967],[-38.4928,-12.7971],[-38.4945,-12.7983],[-38.4942,-12.7984],[-38.4927,-12.7973],[-38.4922,-12.7975],[-38.4886,-12.795],[-38.4892,-12.7945],[-38.489,-12.794],[-38.4878,-12.7936],[-38.4867,-12.7935],[-38.4863,-12.7931],[-38.4858,-12.7918],[-38.4862,-12.7913],[-38.486,-12.7909],[-38.4852,-12.7902],[-38.4848,-12.7901],[-38.4836,-12.7903],[-38.4824,-12.7898],[-38.4811,-12.7895],[-38.4798,-12.7889],[-38.4791,-12.7893],[-38.4781,-12.7891],[-38.4788,-12.7899],[-38.4778,-12.79],[-38.4774,-12.7897],[-38.477,-12.7887],[-38.4772,-12.788],[-38.4776,-12.7875],[-38.4775,-12.7871],[-38.4767,-12.787],[-38.4761,-12.788],[-38.4753,-12.7879],[-38.475,-12.7875],[-38.4746,-12.7877],[-38.474,-12.7887],[-38.4731,-12.7883],[-38.4727,-12.7885],[-38.4715,-12.7902],[-38.4711,-12.7911],[-38.4707,-12.7915],[-38.4696,-12.7911],[-38.469,-12.7916],[-38.47,-12.7924],[-38.4703,-12.7929],[-38.4702,-12.7942],[-38.471,-12.7939],[-38.4717,-12.7939],[-38.4722,-12.7936],[-38.4725,-12.7927],[-38.472,-12.7922],[-38.4725,-12.7918],[-38.4737,-12.7919],[-38.4741,-12.7917],[-38.4757,-12.792],[-38.4764,-12.7928],[-38.4764,-12.7933],[-38.476,-12.7937],[-38.4754,-12.795],[-38.4755,-12.7954],[-38.4774,-12.7957],[-38.4771,-12.7963],[-38.4758,-12.7972],[-38.4742,-12.7973],[-38.4742,-12.798],[-38.4752,-12.7989],[-38.4762,-12.7996],[-38.477,-12.8017],[-38.4771,-12.8036],[-38.4768,-12.804],[-38.476,-12.8042],[-38.4763,-12.8065],[-38.4775,-12.8084],[-38.4787,-12.8081],[-38.4795,-12.8091],[-38.4798,-12.81],[-38.4815,-12.8127],[-38.4819,-12.8136],[-38.4815,-12.8155],[-38.4818,-12.8167],[-38.4822,-12.8171],[-38.4816,-12.8181],[-38.4809,-12.8184],[-38.4802,-12.8183],[-38.4799,-12.8174],[-38.4791,-12.817],[-38.4787,-12.8165],[-38.4781,-12.8152],[-38.4781,-12.8147],[-38.4785,-12.8136],[-38.4784,-12.8127],[-38.478,-12.8124],[-38.4781,-12.8118],[-38.4772,-12.8115],[-38.4765,-12.81],[-38.4758,-12.8095],[-38.4748,-12.8081],[-38.4739,-12.8083],[-38.4731,-12.8089],[-38.4727,-12.8122],[-38.4723,-12.8136],[-38.4713,-12.8142],[-38.4704,-12.8145],[-38.47,-12.8143],[-38.4694,-12.8135],[-38.4689,-12.8136],[-38.4684,-12.8143],[-38.4685,-12.8149],[-38.469,-12.8154],[-38.4699,-12.8155],[-38.469,-12.816],[-38.468,-12.8161],[-38.4674,-12.8156],[-38.4673,-12.8149],[-38.466,-12.8132],[-38.4656,-12.8141],[-38.4662,-12.8147],[-38.4663,-12.8156],[-38.4658,-12.8162],[-38.4662,-12.8166],[-38.4655,-12.8169],[-38.466,-12.8172],[-38.4653,-12.8183],[-38.4647,-12.8201],[-38.4648,-12.8223],[-38.4645,-12.8229],[-38.4636,-12.8234],[-38.4638,-12.8251],[-38.4641,-12.8259],[-38.4649,-12.8254],[-38.4669,-12.8248],[-38.4683,-12.825],[-38.4692,-12.8247],[-38.4715,-12.8244],[-38.4725,-12.8239],[-38.4733,-12.8236],[-38.4742,-12.8242],[-38.4754,-12.824],[-38.477,-12.8241],[-38.4776,-12.8246],[-38.4775,-12.8258],[-38.4776,-12.8267],[-38.4773,-12.8274],[-38.4786,-12.8268],[-38.4794,-12.8268],[-38.4796,-12.8272],[-38.4822,-12.8282],[-38.4835,-12.8274],[-38.4848,-12.8272],[-38.4852,-12.8276],[-38.4843,-12.8288],[-38.4833,-12.8318],[-38.4835,-12.8321]]]}},{"type":"Feature","properties":{"c":"b387","b":387,"n":"Tororó","m":"2927408","cx":-38.5057,"cy":-12.9843},"geometry":{"type":"Polygon","coordinates":[[[-38.5108,-12.9863],[-38.5105,-12.9846],[-38.5107,-12.9832],[-38.5109,-12.9828],[-38.5103,-12.9826],[-38.5094,-12.9827],[-38.509,-12.9815],[-38.5095,-12.9817],[-38.5098,-12.9822],[-38.5103,-12.982],[-38.5104,-12.9809],[-38.509,-12.9803],[-38.5078,-12.9795],[-38.5074,-12.98],[-38.5081,-12.9805],[-38.5074,-12.9814],[-38.5075,-12.9823],[-38.5078,-12.9835],[-38.5089,-12.9832],[-38.5091,-12.9839],[-38.5083,-12.9858],[-38.5077,-12.9852],[-38.5075,-12.9841],[-38.5069,-12.9839],[-38.5061,-12.9839],[-38.5053,-12.9832],[-38.5052,-12.9818],[-38.5049,-12.9814],[-38.5038,-12.9804],[-38.5035,-12.9804],[-38.5037,-12.982],[-38.5039,-12.9848],[-38.5048,-12.9854],[-38.5061,-12.9852],[-38.5069,-12.9858],[-38.5077,-12.987],[-38.5077,-12.9879],[-38.5078,-12.9889],[-38.5089,-12.9893],[-38.5104,-12.9893],[-38.5108,-12.9895],[-38.5109,-12.989],[-38.5117,-12.988],[-38.5108,-12.9863]]]}},{"type":"Feature","properties":{"c":"b388","b":388,"n":"Trobogy","m":"2927408","cx":-38.3945,"cy":-12.9286},"geometry":{"type":"Polygon","coordinates":[[[-38.4112,-12.9274],[-38.4111,-12.9261],[-38.4105,-12.9253],[-38.4105,-12.9241],[-38.4111,-12.9229],[-38.4109,-12.9221],[-38.4123,-12.9203],[-38.4116,-12.919],[-38.4106,-12.9192],[-38.4092,-12.9192],[-38.4082,-12.9187],[-38.4081,-12.919],[-38.4089,-12.9199],[-38.409,-12.9207],[-38.4087,-12.9214],[-38.407,-12.9231],[-38.406,-12.9234],[-38.4055,-12.9246],[-38.405,-12.9249],[-38.4044,-12.9268],[-38.4045,-12.9278],[-38.4048,-12.9283],[-38.4045,-12.9294],[-38.4033,-12.9293],[-38.4026,-12.9296],[-38.4022,-12.9288],[-38.4011,-12.9278],[-38.4005,-12.9264],[-38.3996,-12.9256],[-38.3994,-12.9251],[-38.3994,-12.9243],[-38.3982,-12.9232],[-38.3978,-12.9231],[-38.3971,-12.9237],[-38.3961,-12.923],[-38.3941,-12.9242],[-38.3935,-12.9237],[-38.393,-12.9235],[-38.3929,-12.9229],[-38.3924,-12.9222],[-38.3913,-12.9221],[-38.3904,-12.9214],[-38.3887,-12.9207],[-38.3874,-12.9206],[-38.3858,-12.9201],[-38.385,-12.9203],[-38.3841,-12.9209],[-38.3832,-12.9227],[-38.3822,-12.9259],[-38.3832,-12.9262],[-38.3849,-12.927],[-38.3865,-12.9281],[-38.3904,-12.9313],[-38.3934,-12.9338],[-38.3953,-12.9353],[-38.3968,-12.9362],[-38.3984,-12.9368],[-38.4024,-12.9375],[-38.4073,-12.9383],[-38.4076,-12.9367],[-38.4073,-12.9354],[-38.4082,-12.935],[-38.4088,-12.9343],[-38.4099,-12.9339],[-38.4101,-12.9333],[-38.4096,-12.9301],[-38.4098,-12.9292],[-38.4104,-12.9284],[-38.4115,-12.9276],[-38.4112,-12.9274]]]}},{"type":"Feature","properties":{"c":"b389","b":389,"n":"Uruguai","m":"2927408","cx":-38.4942,"cy":-12.9344},"geometry":{"type":"Polygon","coordinates":[[[-38.4919,-12.927],[-38.4903,-12.9267],[-38.4896,-12.9271],[-38.4896,-12.9276],[-38.4891,-12.9278],[-38.4888,-12.9274],[-38.4884,-12.9276],[-38.4883,-12.9283],[-38.4887,-12.9287],[-38.4895,-12.9286],[-38.4893,-12.9302],[-38.49,-12.9317],[-38.4916,-12.9341],[-38.4911,-12.9347],[-38.4927,-12.9369],[-38.4941,-12.936],[-38.4969,-12.9404],[-38.4982,-12.9399],[-38.4985,-12.9408],[-38.4989,-12.9413],[-38.4985,-12.9418],[-38.4991,-12.9422],[-38.5004,-12.9413],[-38.5016,-12.9397],[-38.5014,-12.9395],[-38.5022,-12.9382],[-38.5026,-12.9385],[-38.5033,-12.9375],[-38.5014,-12.9371],[-38.5015,-12.9364],[-38.5008,-12.9373],[-38.5004,-12.9369],[-38.4999,-12.9374],[-38.4988,-12.9363],[-38.4978,-12.9357],[-38.4975,-12.9353],[-38.4965,-12.9332],[-38.4964,-12.9323],[-38.496,-12.9315],[-38.4949,-12.9301],[-38.4937,-12.9284],[-38.4922,-12.9268],[-38.4919,-12.927]]]}},{"type":"Feature","properties":{"c":"b390","b":390,"n":"Vale das Pedrinhas","m":"2927408","cx":-38.4823,"cy":-13.0083},"geometry":{"type":"Polygon","coordinates":[[[-38.4753,-13.0085],[-38.4747,-13.0076],[-38.4743,-13.0079],[-38.4748,-13.0082],[-38.4745,-13.0086],[-38.4751,-13.0087],[-38.4761,-13.0093],[-38.4761,-13.0091],[-38.4771,-13.0097],[-38.4788,-13.0102],[-38.4799,-13.0099],[-38.4803,-13.0108],[-38.4808,-13.0108],[-38.4809,-13.0098],[-38.4815,-13.0091],[-38.4819,-13.0094],[-38.4824,-13.0088],[-38.4834,-13.0091],[-38.4839,-13.0088],[-38.4841,-13.0076],[-38.4855,-13.007],[-38.4858,-13.0072],[-38.4866,-13.0069],[-38.4865,-13.0066],[-38.4853,-13.0066],[-38.4844,-13.0061],[-38.4835,-13.0059],[-38.4831,-13.0071],[-38.4823,-13.0076],[-38.4816,-13.0076],[-38.4795,-13.0093],[-38.4788,-13.0094],[-38.4787,-13.0097],[-38.4775,-13.0091],[-38.4762,-13.0089],[-38.4753,-13.0085]]]}},{"type":"Feature","properties":{"c":"b391","b":391,"n":"Vale dos Lagos","m":"2927408","cx":-38.4193,"cy":-12.9332},"geometry":{"type":"Polygon","coordinates":[[[-38.4243,-12.929],[-38.4234,-12.9296],[-38.4191,-12.9286],[-38.418,-12.9288],[-38.4173,-12.9281],[-38.4167,-12.9285],[-38.4166,-12.9268],[-38.4158,-12.9267],[-38.4154,-12.9274],[-38.4147,-12.929],[-38.4154,-12.9294],[-38.415,-12.93],[-38.4159,-12.9318],[-38.4174,-12.9322],[-38.4173,-12.9324],[-38.4155,-12.9333],[-38.4157,-12.934],[-38.4131,-12.9345],[-38.4124,-12.9351],[-38.4126,-12.9358],[-38.4122,-12.9359],[-38.4123,-12.9367],[-38.4128,-12.9374],[-38.4121,-12.938],[-38.412,-12.939],[-38.4144,-12.9394],[-38.4163,-12.9399],[-38.417,-12.9391],[-38.4173,-12.9383],[-38.4185,-12.9369],[-38.4187,-12.9361],[-38.4192,-12.9356],[-38.4203,-12.9356],[-38.4214,-12.9362],[-38.421,-12.934],[-38.4221,-12.9334],[-38.4242,-12.9329],[-38.4246,-12.9331],[-38.4255,-12.9328],[-38.4257,-12.932],[-38.4258,-12.9311],[-38.426,-12.93],[-38.4259,-12.9291],[-38.4255,-12.929],[-38.4243,-12.929]]]}},{"type":"Feature","properties":{"c":"b392","b":392,"n":"Valéria","m":"2927408","cx":-38.4369,"cy":-12.8645},"geometry":{"type":"Polygon","coordinates":[[[-38.4497,-12.8457],[-38.4501,-12.8455],[-38.4475,-12.8426],[-38.4474,-12.8418],[-38.4464,-12.8408],[-38.4449,-12.8404],[-38.4443,-12.8404],[-38.4431,-12.84],[-38.4411,-12.8396],[-38.4407,-12.8397],[-38.4398,-12.841],[-38.4387,-12.8419],[-38.4371,-12.843],[-38.4362,-12.8433],[-38.4347,-12.8458],[-38.4336,-12.8459],[-38.433,-12.8462],[-38.4324,-12.8469],[-38.431,-12.8473],[-38.4297,-12.8473],[-38.4291,-12.8477],[-38.4283,-12.8487],[-38.4281,-12.8494],[-38.4281,-12.8504],[-38.4284,-12.8514],[-38.4289,-12.8523],[-38.4287,-12.8549],[-38.4291,-12.856],[-38.4294,-12.8575],[-38.4292,-12.8582],[-38.4282,-12.8584],[-38.4266,-12.8575],[-38.4243,-12.8567],[-38.4236,-12.8563],[-38.4228,-12.8561],[-38.4216,-12.8572],[-38.4213,-12.8573],[-38.4212,-12.8573],[-38.424,-12.8651],[-38.4239,-12.8652],[-38.4242,-12.8663],[-38.4241,-12.8673],[-38.4243,-12.8678],[-38.4239,-12.8681],[-38.423,-12.8681],[-38.4216,-12.8685],[-38.4206,-12.8682],[-38.42,-12.8683],[-38.4189,-12.8687],[-38.4175,-12.8687],[-38.4166,-12.8692],[-38.4148,-12.8695],[-38.4133,-12.8692],[-38.413,-12.8686],[-38.4118,-12.8691],[-38.4111,-12.8698],[-38.4094,-12.8703],[-38.4086,-12.8711],[-38.4085,-12.8715],[-38.4078,-12.8719],[-38.4071,-12.8727],[-38.4068,-12.8735],[-38.4072,-12.8738],[-38.4077,-12.8738],[-38.4085,-12.8742],[-38.409,-12.8756],[-38.4094,-12.8759],[-38.4097,-12.8769],[-38.4108,-12.8773],[-38.4116,-12.8779],[-38.4126,-12.8779],[-38.4136,-12.8781],[-38.4143,-12.879],[-38.4144,-12.8805],[-38.4151,-12.8817],[-38.4157,-12.8816],[-38.4175,-12.882],[-38.419,-12.8814],[-38.4213,-12.88],[-38.4225,-12.8796],[-38.4241,-12.8796],[-38.4264,-12.8797],[-38.4297,-12.8802],[-38.4304,-12.8801],[-38.4311,-12.8807],[-38.4311,-12.8815],[-38.4314,-12.8819],[-38.4322,-12.8812],[-38.4332,-12.8815],[-38.4343,-12.883],[-38.4358,-12.8845],[-38.4372,-12.8856],[-38.4431,-12.8893],[-38.444,-12.89],[-38.4446,-12.8885],[-38.4446,-12.8876],[-38.4436,-12.8825],[-38.4432,-12.8806],[-38.4422,-12.8755],[-38.4422,-12.8746],[-38.4425,-12.8734],[-38.4431,-12.8725],[-38.4479,-12.8659],[-38.4488,-12.8652],[-38.4511,-12.8639],[-38.452,-12.863],[-38.4523,-12.8625],[-38.4539,-12.8579],[-38.454,-12.8577],[-38.4534,-12.8577],[-38.4535,-12.8569],[-38.4519,-12.8564],[-38.4503,-12.8554],[-38.4505,-12.855],[-38.4497,-12.8536],[-38.4488,-12.8528],[-38.448,-12.8514],[-38.4468,-12.8505],[-38.4458,-12.8506],[-38.4453,-12.8502],[-38.4443,-12.8501],[-38.4437,-12.8493],[-38.4429,-12.8495],[-38.4426,-12.8498],[-38.4414,-12.8494],[-38.4398,-12.8499],[-38.4391,-12.8499],[-38.4392,-12.8492],[-38.4389,-12.8486],[-38.439,-12.8481],[-38.4395,-12.848],[-38.4407,-12.8472],[-38.4413,-12.8466],[-38.4427,-12.846],[-38.4439,-12.8456],[-38.4448,-12.8454],[-38.4463,-12.8455],[-38.4486,-12.8462],[-38.4496,-12.8464],[-38.4497,-12.8457]]]}},{"type":"Feature","properties":{"c":"b393","b":393,"n":"Vila Canária","m":"2927408","cx":-38.4419,"cy":-12.9107},"geometry":{"type":"Polygon","coordinates":[[[-38.434,-12.9104],[-38.4339,-12.911],[-38.4346,-12.9123],[-38.435,-12.9118],[-38.4362,-12.9124],[-38.4376,-12.9121],[-38.4388,-12.9127],[-38.4396,-12.9129],[-38.44,-12.9128],[-38.4406,-12.9128],[-38.4421,-12.914],[-38.443,-12.9143],[-38.4445,-12.9139],[-38.4455,-12.9144],[-38.4475,-12.913],[-38.4483,-12.9129],[-38.4491,-12.9125],[-38.4505,-12.9123],[-38.4494,-12.9099],[-38.4493,-12.9094],[-38.4495,-12.9085],[-38.4493,-12.9073],[-38.4474,-12.9079],[-38.4459,-12.9082],[-38.4439,-12.9077],[-38.4434,-12.9082],[-38.4415,-12.9078],[-38.4397,-12.9084],[-38.4385,-12.909],[-38.4366,-12.9088],[-38.4349,-12.9092],[-38.4337,-12.9097],[-38.434,-12.9104]]]}},{"type":"Feature","properties":{"c":"b394","b":394,"n":"Vila Laura","m":"2927408","cx":-38.4879,"cy":-12.9704},"geometry":{"type":"Polygon","coordinates":[[[-38.4926,-12.9736],[-38.493,-12.9722],[-38.4936,-12.9714],[-38.4938,-12.9701],[-38.4933,-12.9693],[-38.4921,-12.9697],[-38.4936,-12.9686],[-38.4935,-12.9684],[-38.4944,-12.9678],[-38.4934,-12.9665],[-38.4926,-12.9662],[-38.4914,-12.9663],[-38.4903,-12.9668],[-38.4884,-12.9676],[-38.4874,-12.9679],[-38.4822,-12.9688],[-38.4821,-12.9691],[-38.4815,-12.9695],[-38.4822,-12.9708],[-38.4805,-12.9718],[-38.4816,-12.9719],[-38.483,-12.9729],[-38.4842,-12.9736],[-38.4853,-12.9736],[-38.4867,-12.9737],[-38.487,-12.974],[-38.4878,-12.9741],[-38.4886,-12.9739],[-38.4904,-12.973],[-38.4914,-12.9741],[-38.4923,-12.9736],[-38.4926,-12.9736]]]}},{"type":"Feature","properties":{"c":"b395","b":395,"n":"Vila Ruy Barbosa / Jardim Cruzeiro","m":"2927408","cx":-38.4992,"cy":-12.9319},"geometry":{"type":"Polygon","coordinates":[[[-38.4973,-12.9296],[-38.4949,-12.9301],[-38.496,-12.9315],[-38.4964,-12.9323],[-38.4965,-12.9332],[-38.4975,-12.9353],[-38.4978,-12.9357],[-38.4984,-12.9352],[-38.4994,-12.936],[-38.5001,-12.9347],[-38.5013,-12.9329],[-38.5041,-12.93],[-38.5037,-12.9286],[-38.4973,-12.9296]]]}},{"type":"Feature","properties":{"c":"b396","b":396,"n":"Vista Alegre","m":"2927408","cx":-38.4597,"cy":-12.8536},"geometry":{"type":"Polygon","coordinates":[[[-38.4615,-12.8559],[-38.4638,-12.8558],[-38.464,-12.8555],[-38.4627,-12.854],[-38.4632,-12.8532],[-38.4632,-12.8523],[-38.4634,-12.8514],[-38.4627,-12.8512],[-38.4617,-12.8518],[-38.4608,-12.8512],[-38.46,-12.8509],[-38.4591,-12.8512],[-38.458,-12.8507],[-38.4576,-12.8512],[-38.4566,-12.8516],[-38.4565,-12.8532],[-38.4561,-12.8544],[-38.4566,-12.8546],[-38.4568,-12.8552],[-38.4564,-12.8557],[-38.4564,-12.8564],[-38.4568,-12.8558],[-38.4582,-12.8556],[-38.4603,-12.8558],[-38.4615,-12.8559]]]}},{"type":"Feature","properties":{"c":"b397","b":397,"n":"Vitória","m":"2927408","cx":-38.5258,"cy":-12.9921},"geometry":{"type":"Polygon","coordinates":[[[-38.5234,-12.989],[-38.5228,-12.9892],[-38.5234,-12.991],[-38.5246,-12.9928],[-38.525,-12.9935],[-38.5251,-12.9946],[-38.5247,-12.9954],[-38.5256,-12.996],[-38.5263,-12.9966],[-38.5272,-12.9963],[-38.5276,-12.9967],[-38.528,-12.9967],[-38.5283,-12.9974],[-38.5292,-12.9976],[-38.5293,-12.997],[-38.5299,-12.997],[-38.5297,-12.9958],[-38.5288,-12.9948],[-38.5286,-12.9936],[-38.5277,-12.9928],[-38.5273,-12.9915],[-38.526,-12.99],[-38.5257,-12.989],[-38.5251,-12.9886],[-38.5247,-12.9878],[-38.5234,-12.989]]]}},{"type":"Feature","properties":{"c":"b398","b":398,"n":"Águas Claras","m":"2927408","cx":-38.4385,"cy":-12.8911},"geometry":{"type":"Polygon","coordinates":[[[-38.4172,-12.883],[-38.4171,-12.8855],[-38.4175,-12.8861],[-38.418,-12.8862],[-38.4186,-12.886],[-38.4199,-12.8851],[-38.4205,-12.885],[-38.4215,-12.8855],[-38.4231,-12.885],[-38.4239,-12.885],[-38.4248,-12.8857],[-38.426,-12.8858],[-38.4266,-12.8862],[-38.4281,-12.8865],[-38.4284,-12.8862],[-38.4292,-12.886],[-38.4293,-12.8867],[-38.4303,-12.888],[-38.43,-12.8895],[-38.4293,-12.8901],[-38.4301,-12.8904],[-38.4313,-12.8902],[-38.4322,-12.8907],[-38.4317,-12.8915],[-38.4307,-12.8926],[-38.4314,-12.8931],[-38.4312,-12.8937],[-38.4314,-12.8945],[-38.4321,-12.8962],[-38.4321,-12.8972],[-38.4316,-12.8982],[-38.4307,-12.8987],[-38.4312,-12.8994],[-38.4324,-12.9002],[-38.4335,-12.9003],[-38.4371,-12.8999],[-38.4392,-12.8997],[-38.4406,-12.8992],[-38.4411,-12.8987],[-38.4417,-12.8988],[-38.4422,-12.8994],[-38.4428,-12.8994],[-38.444,-12.8991],[-38.4448,-12.8993],[-38.4462,-12.9006],[-38.4467,-12.9007],[-38.4476,-12.9002],[-38.4485,-12.9007],[-38.4487,-12.9003],[-38.4495,-12.9011],[-38.4499,-12.9017],[-38.4517,-12.9023],[-38.4523,-12.903],[-38.4526,-12.9033],[-38.4535,-12.9026],[-38.4509,-12.8995],[-38.4499,-12.8981],[-38.4466,-12.8928],[-38.4459,-12.8919],[-38.444,-12.89],[-38.4431,-12.8893],[-38.4372,-12.8856],[-38.4358,-12.8845],[-38.4343,-12.883],[-38.4332,-12.8815],[-38.4322,-12.8812],[-38.4314,-12.8819],[-38.4311,-12.8815],[-38.4311,-12.8807],[-38.4304,-12.8801],[-38.4297,-12.8802],[-38.4264,-12.8797],[-38.4241,-12.8796],[-38.4225,-12.8796],[-38.4213,-12.88],[-38.419,-12.8814],[-38.4175,-12.882],[-38.4172,-12.883]]]}},{"type":"Feature","properties":{"c":"b399","b":399,"n":"Amparo","m":"2928703","cx":-39.276,"cy":-12.9709},"geometry":{"type":"Polygon","coordinates":[[[-39.2703,-12.9676],[-39.271,-12.9687],[-39.2728,-12.9724],[-39.2758,-12.9786],[-39.2768,-12.9797],[-39.2781,-12.9797],[-39.2812,-12.9785],[-39.282,-12.978],[-39.2829,-12.9778],[-39.2838,-12.9786],[-39.2845,-12.9789],[-39.2845,-12.9784],[-39.283,-12.9774],[-39.2819,-12.9772],[-39.2815,-12.9774],[-39.2785,-12.9787],[-39.2778,-12.9788],[-39.2785,-12.9774],[-39.279,-12.9771],[-39.2789,-12.9764],[-39.2779,-12.976],[-39.2787,-12.9744],[-39.2793,-12.9728],[-39.2796,-12.9713],[-39.2803,-12.9705],[-39.2804,-12.9698],[-39.2799,-12.9692],[-39.2799,-12.9687],[-39.2811,-12.9677],[-39.2816,-12.9676],[-39.2838,-12.9684],[-39.2858,-12.9686],[-39.2854,-12.9685],[-39.2835,-12.9658],[-39.2817,-12.9639],[-39.2805,-12.9614],[-39.2757,-12.9633],[-39.275,-12.9619],[-39.2748,-12.9622],[-39.2751,-12.9636],[-39.2748,-12.964],[-39.2738,-12.9643],[-39.2735,-12.9648],[-39.2733,-12.9658],[-39.2729,-12.9665],[-39.2732,-12.9674],[-39.2728,-12.9678],[-39.2721,-12.9673],[-39.2699,-12.967],[-39.2703,-12.9676]]]}},{"type":"Feature","properties":{"c":"b400","b":400,"n":"Andaiá","m":"2928703","cx":-39.2718,"cy":-12.9785},"geometry":{"type":"Polygon","coordinates":[[[-39.2803,-12.9839],[-39.2806,-12.9831],[-39.281,-12.9826],[-39.2822,-12.982],[-39.283,-12.9799],[-39.2831,-12.9793],[-39.2836,-12.9787],[-39.2844,-12.9791],[-39.2845,-12.9789],[-39.2838,-12.9786],[-39.2829,-12.9778],[-39.282,-12.978],[-39.2812,-12.9785],[-39.2781,-12.9797],[-39.2768,-12.9797],[-39.2758,-12.9786],[-39.2728,-12.9724],[-39.271,-12.9687],[-39.2703,-12.9676],[-39.2695,-12.9688],[-39.2687,-12.9695],[-39.2689,-12.9697],[-39.269,-12.9709],[-39.2694,-12.972],[-39.2701,-12.9728],[-39.2699,-12.9731],[-39.2706,-12.9735],[-39.2701,-12.9741],[-39.2691,-12.9765],[-39.2695,-12.9773],[-39.2694,-12.9778],[-39.2689,-12.9782],[-39.268,-12.9782],[-39.2675,-12.9793],[-39.2671,-12.9798],[-39.2664,-12.98],[-39.2654,-12.9801],[-39.2651,-12.981],[-39.2642,-12.9821],[-39.2641,-12.9827],[-39.2653,-12.9857],[-39.2654,-12.9863],[-39.2647,-12.9873],[-39.2643,-12.9885],[-39.2646,-12.9893],[-39.2651,-12.9896],[-39.2661,-12.9893],[-39.2673,-12.9886],[-39.2676,-12.988],[-39.2681,-12.9881],[-39.2683,-12.9887],[-39.2701,-12.9888],[-39.2704,-12.9885],[-39.2708,-12.9889],[-39.2719,-12.9889],[-39.2721,-12.9885],[-39.2729,-12.9885],[-39.2731,-12.9883],[-39.2739,-12.9882],[-39.2741,-12.9879],[-39.2757,-12.9871],[-39.2769,-12.9866],[-39.2778,-12.986],[-39.278,-12.9857],[-39.2785,-12.9856],[-39.2788,-12.9852],[-39.2802,-12.9849],[-39.2805,-12.9844],[-39.2803,-12.9839]]]}},{"type":"Feature","properties":{"c":"b401","b":401,"n":"Barro Vermelho","m":"2928703","cx":-39.2901,"cy":-12.981},"geometry":{"type":"Polygon","coordinates":[[[-39.282,-12.9849],[-39.2828,-12.9863],[-39.286,-12.9887],[-39.2872,-12.9905],[-39.2887,-12.9912],[-39.2891,-12.9911],[-39.2911,-12.9878],[-39.2925,-12.9883],[-39.2932,-12.9876],[-39.2945,-12.9875],[-39.2951,-12.9876],[-39.2965,-12.9885],[-39.2969,-12.9882],[-39.2974,-12.9886],[-39.2971,-12.989],[-39.2975,-12.9899],[-39.2985,-12.9903],[-39.2988,-12.9911],[-39.2993,-12.9914],[-39.2999,-12.9907],[-39.3005,-12.9922],[-39.3015,-12.9921],[-39.3012,-12.9902],[-39.3012,-12.9895],[-39.3018,-12.9886],[-39.3018,-12.9876],[-39.3023,-12.9869],[-39.302,-12.9861],[-39.3013,-12.9849],[-39.3014,-12.9844],[-39.3007,-12.9832],[-39.3003,-12.9827],[-39.2998,-12.9814],[-39.3001,-12.9803],[-39.2997,-12.98],[-39.2983,-12.9808],[-39.2978,-12.9812],[-39.2956,-12.9795],[-39.2945,-12.9785],[-39.2933,-12.977],[-39.2931,-12.9747],[-39.2911,-12.9741],[-39.2902,-12.9725],[-39.2886,-12.9702],[-39.2883,-12.9698],[-39.2852,-12.9771],[-39.2845,-12.9784],[-39.2845,-12.9789],[-39.2844,-12.9791],[-39.2836,-12.9787],[-39.2831,-12.9793],[-39.283,-12.9799],[-39.2822,-12.982],[-39.281,-12.9826],[-39.2806,-12.9831],[-39.2803,-12.9839],[-39.2805,-12.9844],[-39.282,-12.9849]]]}},{"type":"Feature","properties":{"c":"b402","b":402,"n":"Cajueiro","m":"2928703","cx":-39.2559,"cy":-12.9754},"geometry":{"type":"Polygon","coordinates":[[[-39.2595,-12.9714],[-39.2611,-12.9701],[-39.2612,-12.9686],[-39.2602,-12.9683],[-39.259,-12.9688],[-39.2581,-12.9677],[-39.2571,-12.968],[-39.256,-12.9687],[-39.2563,-12.9691],[-39.2564,-12.9704],[-39.2559,-12.9714],[-39.2549,-12.9736],[-39.254,-12.9746],[-39.253,-12.9745],[-39.2525,-12.9746],[-39.2516,-12.9759],[-39.2511,-12.9761],[-39.2504,-12.9759],[-39.2526,-12.9776],[-39.2502,-12.9798],[-39.2497,-12.9809],[-39.249,-12.9812],[-39.2507,-12.983],[-39.2516,-12.9823],[-39.2525,-12.9809],[-39.2535,-12.9797],[-39.2554,-12.9787],[-39.2561,-12.9786],[-39.2566,-12.978],[-39.2573,-12.9778],[-39.2575,-12.9772],[-39.2582,-12.9769],[-39.2585,-12.9772],[-39.2594,-12.9758],[-39.2605,-12.9751],[-39.2603,-12.9748],[-39.2603,-12.9733],[-39.2605,-12.9733],[-39.2595,-12.9714]]]}},{"type":"Feature","properties":{"c":"b403","b":403,"n":"Calabar","m":"2928703","cx":-39.2498,"cy":-12.9665},"geometry":{"type":"Polygon","coordinates":[[[-39.2571,-12.968],[-39.2582,-12.9672],[-39.2572,-12.9658],[-39.2549,-12.9651],[-39.2554,-12.9641],[-39.2536,-12.9651],[-39.2539,-12.9656],[-39.2532,-12.9662],[-39.2531,-12.9668],[-39.2522,-12.9663],[-39.2522,-12.966],[-39.2512,-12.9663],[-39.2504,-12.9661],[-39.2483,-12.9654],[-39.2475,-12.9658],[-39.2473,-12.9662],[-39.2463,-12.9671],[-39.2456,-12.968],[-39.2451,-12.9682],[-39.2474,-12.9693],[-39.2477,-12.9693],[-39.2492,-12.9691],[-39.2517,-12.9692],[-39.2532,-12.9692],[-39.2549,-12.969],[-39.256,-12.9687],[-39.2571,-12.968]]]}},{"type":"Feature","properties":{"c":"b404","b":404,"n":"Campo do Governo","m":"2928703","cx":-39.2411,"cy":-12.9844},"geometry":{"type":"Polygon","coordinates":[[[-39.249,-12.9812],[-39.2497,-12.9809],[-39.2502,-12.9798],[-39.2526,-12.9776],[-39.2504,-12.9759],[-39.2487,-12.9757],[-39.2477,-12.9764],[-39.2467,-12.9765],[-39.2453,-12.9769],[-39.2445,-12.977],[-39.2434,-12.9765],[-39.2421,-12.9758],[-39.2408,-12.9754],[-39.2403,-12.9754],[-39.2382,-12.9763],[-39.2375,-12.9768],[-39.2356,-12.9774],[-39.2333,-12.9776],[-39.2322,-12.9782],[-39.2334,-12.9802],[-39.232,-12.9811],[-39.233,-12.9831],[-39.2328,-12.9832],[-39.2334,-12.9847],[-39.2332,-12.9853],[-39.2321,-12.9875],[-39.2319,-12.988],[-39.233,-12.9888],[-39.2345,-12.9891],[-39.2363,-12.99],[-39.2362,-12.9911],[-39.2374,-12.9924],[-39.2396,-12.9937],[-39.2401,-12.9934],[-39.2411,-12.9934],[-39.242,-12.993],[-39.2426,-12.9928],[-39.2439,-12.9916],[-39.2448,-12.9901],[-39.2455,-12.9904],[-39.246,-12.9899],[-39.2459,-12.9894],[-39.2464,-12.9892],[-39.2468,-12.9882],[-39.2466,-12.9877],[-39.2472,-12.987],[-39.2474,-12.9864],[-39.2472,-12.9855],[-39.2494,-12.9842],[-39.2507,-12.983],[-39.249,-12.9812]]]}},{"type":"Feature","properties":{"c":"b405","b":405,"n":"Casco","m":"2928703","cx":-39.2465,"cy":-12.9468},"geometry":{"type":"Polygon","coordinates":[[[-39.2535,-12.9504],[-39.2529,-12.9493],[-39.2525,-12.9476],[-39.2514,-12.9416],[-39.2513,-12.9406],[-39.2516,-12.9393],[-39.2529,-12.9349],[-39.2522,-12.9352],[-39.2511,-12.9363],[-39.2505,-12.9373],[-39.2499,-12.9376],[-39.2492,-12.9386],[-39.2479,-12.9386],[-39.2462,-12.9393],[-39.2441,-12.9399],[-39.2437,-12.9401],[-39.2427,-12.9402],[-39.2388,-12.9392],[-39.2378,-12.9392],[-39.2376,-12.9396],[-39.2386,-12.9403],[-39.2398,-12.942],[-39.2403,-12.9431],[-39.24,-12.9442],[-39.2405,-12.9453],[-39.2406,-12.9461],[-39.2405,-12.9481],[-39.242,-12.9492],[-39.2401,-12.9531],[-39.2403,-12.9534],[-39.2411,-12.9534],[-39.2411,-12.9543],[-39.2425,-12.9551],[-39.2435,-12.9554],[-39.2442,-12.9567],[-39.2448,-12.957],[-39.2477,-12.959],[-39.2489,-12.9566],[-39.2496,-12.956],[-39.2507,-12.9553],[-39.2529,-12.9519],[-39.2541,-12.9513],[-39.2541,-12.951],[-39.2535,-12.9504]]]}},{"type":"Feature","properties":{"c":"b406","b":406,"n":"Centro","m":"2928703","cx":-39.2632,"cy":-12.9687},"geometry":{"type":"Polygon","coordinates":[[[-39.2623,-12.9639],[-39.2617,-12.9641],[-39.261,-12.9657],[-39.2597,-12.9651],[-39.2576,-12.964],[-39.2574,-12.9648],[-39.2575,-12.9654],[-39.2572,-12.9658],[-39.2582,-12.9672],[-39.2571,-12.968],[-39.2581,-12.9677],[-39.259,-12.9688],[-39.2602,-12.9683],[-39.2612,-12.9686],[-39.2611,-12.9701],[-39.2595,-12.9714],[-39.2605,-12.9733],[-39.261,-12.9736],[-39.2618,-12.9734],[-39.2626,-12.9728],[-39.2633,-12.9719],[-39.2638,-12.9719],[-39.2642,-12.971],[-39.2647,-12.9715],[-39.2653,-12.9713],[-39.2643,-12.9702],[-39.2643,-12.9693],[-39.2655,-12.9694],[-39.2652,-12.9687],[-39.2653,-12.968],[-39.2672,-12.9691],[-39.2689,-12.9697],[-39.2687,-12.9695],[-39.2695,-12.9688],[-39.2703,-12.9676],[-39.2699,-12.967],[-39.2696,-12.9663],[-39.2664,-12.9663],[-39.2658,-12.966],[-39.2639,-12.9661],[-39.264,-12.9647],[-39.2623,-12.9639]]]}},{"type":"Feature","properties":{"c":"b407","b":407,"n":"Distrito Industrial","m":"2928703","cx":-39.302,"cy":-12.9774},"geometry":{"type":"Polygon","coordinates":[[[-39.3044,-12.9848],[-39.3061,-12.9833],[-39.3068,-12.9831],[-39.3073,-12.9832],[-39.3082,-12.9837],[-39.3088,-12.9834],[-39.309,-12.9827],[-39.3096,-12.9823],[-39.3104,-12.981],[-39.312,-12.9803],[-39.3124,-12.9799],[-39.3122,-12.9792],[-39.3107,-12.9777],[-39.3098,-12.9766],[-39.3082,-12.9756],[-39.3074,-12.9745],[-39.3074,-12.9737],[-39.3076,-12.9731],[-39.3057,-12.9717],[-39.3051,-12.9715],[-39.3046,-12.9717],[-39.2999,-12.9757],[-39.2986,-12.9745],[-39.2972,-12.9739],[-39.2961,-12.9732],[-39.2953,-12.9728],[-39.2945,-12.971],[-39.2932,-12.9696],[-39.2926,-12.9691],[-39.2931,-12.9747],[-39.2933,-12.977],[-39.2945,-12.9785],[-39.2956,-12.9795],[-39.2978,-12.9812],[-39.2983,-12.9808],[-39.2997,-12.98],[-39.3001,-12.9803],[-39.2998,-12.9814],[-39.3003,-12.9827],[-39.3007,-12.9832],[-39.3014,-12.9844],[-39.3013,-12.9849],[-39.302,-12.9861],[-39.3044,-12.9848]]]}},{"type":"Feature","properties":{"c":"b408","b":408,"n":"Ernesto Melo","m":"2928703","cx":-39.2695,"cy":-12.9661},"geometry":{"type":"Polygon","coordinates":[[[-39.2664,-12.9663],[-39.2696,-12.9663],[-39.2699,-12.967],[-39.2721,-12.9673],[-39.2728,-12.9678],[-39.2732,-12.9674],[-39.2729,-12.9665],[-39.2723,-12.9643],[-39.2658,-12.966],[-39.2664,-12.9663]]]}},{"type":"Feature","properties":{"c":"b409","b":409,"n":"Irmã Dulce","m":"2928703","cx":-39.2407,"cy":-12.9722},"geometry":{"type":"Polygon","coordinates":[[[-39.2474,-12.9693],[-39.2451,-12.9682],[-39.2409,-12.9662],[-39.2399,-12.9662],[-39.2382,-12.9669],[-39.2369,-12.9677],[-39.2373,-12.9682],[-39.2399,-12.968],[-39.2407,-12.9682],[-39.2411,-12.9694],[-39.2397,-12.97],[-39.2398,-12.9706],[-39.2395,-12.9707],[-39.2382,-12.9705],[-39.2356,-12.9716],[-39.2346,-12.9732],[-39.2342,-12.9735],[-39.2337,-12.9749],[-39.2336,-12.9759],[-39.2332,-12.9769],[-39.2333,-12.9776],[-39.2356,-12.9774],[-39.2375,-12.9768],[-39.2382,-12.9763],[-39.2403,-12.9754],[-39.2408,-12.9754],[-39.2421,-12.9758],[-39.2434,-12.9765],[-39.2443,-12.9751],[-39.2449,-12.9745],[-39.2454,-12.9743],[-39.2455,-12.9734],[-39.2459,-12.9729],[-39.2469,-12.9707],[-39.2476,-12.9707],[-39.2473,-12.9697],[-39.2477,-12.9693],[-39.2474,-12.9693]]]}},{"type":"Feature","properties":{"c":"b410","b":410,"n":"Maria Preta","m":"2928703","cx":-39.2582,"cy":-12.9843},"geometry":{"type":"Polygon","coordinates":[[[-39.2687,-12.973],[-39.2681,-12.975],[-39.2676,-12.9756],[-39.2669,-12.9762],[-39.2651,-12.9775],[-39.2644,-12.9776],[-39.263,-12.9781],[-39.2615,-12.9793],[-39.2609,-12.9796],[-39.2588,-12.9803],[-39.2556,-12.9824],[-39.2542,-12.9834],[-39.2533,-12.9838],[-39.2529,-12.9838],[-39.2505,-12.9848],[-39.2498,-12.9868],[-39.2488,-12.9892],[-39.2478,-12.9908],[-39.2465,-12.992],[-39.2462,-12.9931],[-39.2456,-12.9939],[-39.2458,-12.9948],[-39.2456,-12.9958],[-39.2451,-12.9966],[-39.2457,-12.997],[-39.2463,-12.9969],[-39.2473,-12.9961],[-39.2477,-12.9961],[-39.2491,-12.9946],[-39.2505,-12.9943],[-39.2507,-12.994],[-39.2515,-12.9938],[-39.252,-12.9928],[-39.2534,-12.9924],[-39.2547,-12.9918],[-39.2549,-12.9914],[-39.2562,-12.9905],[-39.2571,-12.99],[-39.2577,-12.9901],[-39.2587,-12.9888],[-39.2592,-12.9892],[-39.26,-12.9894],[-39.2607,-12.99],[-39.2623,-12.99],[-39.2631,-12.9894],[-39.2642,-12.9891],[-39.2646,-12.9893],[-39.2643,-12.9885],[-39.2647,-12.9873],[-39.2654,-12.9863],[-39.2653,-12.9857],[-39.2641,-12.9827],[-39.2642,-12.9821],[-39.2651,-12.981],[-39.2654,-12.9801],[-39.2664,-12.98],[-39.2671,-12.9798],[-39.2675,-12.9793],[-39.268,-12.9782],[-39.2689,-12.9782],[-39.2694,-12.9778],[-39.2695,-12.9773],[-39.2691,-12.9765],[-39.2701,-12.9741],[-39.2706,-12.9735],[-39.2699,-12.9731],[-39.2701,-12.9728],[-39.2694,-12.972],[-39.2687,-12.973]]]}},{"type":"Feature","properties":{"c":"b411","b":411,"n":"Nossa Senhora das Graças","m":"2928703","cx":-39.2471,"cy":-12.973},"geometry":{"type":"Polygon","coordinates":[[[-39.2492,-12.9691],[-39.2477,-12.9693],[-39.2473,-12.9697],[-39.2476,-12.9707],[-39.2469,-12.9707],[-39.2459,-12.9729],[-39.2455,-12.9734],[-39.2454,-12.9743],[-39.2449,-12.9745],[-39.2443,-12.9751],[-39.2434,-12.9765],[-39.2445,-12.977],[-39.2453,-12.9769],[-39.2467,-12.9765],[-39.2477,-12.9764],[-39.2487,-12.9757],[-39.2489,-12.9755],[-39.2483,-12.9731],[-39.2481,-12.9708],[-39.2502,-12.9701],[-39.2517,-12.9698],[-39.2517,-12.9692],[-39.2492,-12.9691]]]}},{"type":"Feature","properties":{"c":"b412","b":412,"n":"Praia do Dendê","m":"2928703","cx":-39.2553,"cy":-12.9517},"geometry":{"type":"Polygon","coordinates":[[[-39.2558,-12.9532],[-39.2571,-12.9549],[-39.2583,-12.9555],[-39.2604,-12.9558],[-39.2637,-12.956],[-39.2644,-12.9558],[-39.2655,-12.9559],[-39.2659,-12.9551],[-39.2652,-12.955],[-39.2653,-12.9543],[-39.2663,-12.9526],[-39.2647,-12.9531],[-39.2626,-12.9536],[-39.2613,-12.9535],[-39.2608,-12.953],[-39.2597,-12.9526],[-39.2586,-12.9523],[-39.2567,-12.9521],[-39.2551,-12.9514],[-39.2539,-12.9499],[-39.2533,-12.9482],[-39.2525,-12.9476],[-39.2529,-12.9493],[-39.2535,-12.9504],[-39.2541,-12.951],[-39.2558,-12.9532]]]}},{"type":"Feature","properties":{"c":"b413","b":413,"n":"Quitandinha","m":"2928703","cx":-39.2667,"cy":-12.961},"geometry":{"type":"Polygon","coordinates":[[[-39.2723,-12.9643],[-39.2712,-12.9617],[-39.2707,-12.9609],[-39.2694,-12.9577],[-39.2686,-12.9566],[-39.2675,-12.9563],[-39.2637,-12.956],[-39.2635,-12.9576],[-39.2628,-12.9586],[-39.2623,-12.9597],[-39.2618,-12.9601],[-39.2619,-12.9605],[-39.2628,-12.9612],[-39.2628,-12.9629],[-39.2631,-12.9631],[-39.264,-12.9647],[-39.2639,-12.9661],[-39.2658,-12.966],[-39.2723,-12.9643]]]}},{"type":"Feature","properties":{"c":"b414","b":414,"n":"Renato Machado","m":"2928703","cx":-39.2828,"cy":-12.9736},"geometry":{"type":"Polygon","coordinates":[[[-39.2852,-12.9771],[-39.2883,-12.9698],[-39.2879,-12.9695],[-39.2871,-12.9694],[-39.2858,-12.9686],[-39.2838,-12.9684],[-39.2816,-12.9676],[-39.2811,-12.9677],[-39.2799,-12.9687],[-39.2799,-12.9692],[-39.2804,-12.9698],[-39.2803,-12.9705],[-39.2796,-12.9713],[-39.2793,-12.9728],[-39.2787,-12.9744],[-39.2779,-12.976],[-39.2789,-12.9764],[-39.279,-12.9771],[-39.2785,-12.9774],[-39.2778,-12.9788],[-39.2785,-12.9787],[-39.2815,-12.9774],[-39.2819,-12.9772],[-39.283,-12.9774],[-39.2845,-12.9784],[-39.2852,-12.9771]]]}},{"type":"Feature","properties":{"c":"b415","b":415,"n":"Salgadeira","m":"2928703","cx":-39.2519,"cy":-12.9722},"geometry":{"type":"Polygon","coordinates":[[[-39.2549,-12.969],[-39.2532,-12.9692],[-39.2517,-12.9692],[-39.2517,-12.9698],[-39.2502,-12.9701],[-39.2481,-12.9708],[-39.2483,-12.9731],[-39.2489,-12.9755],[-39.2487,-12.9757],[-39.2504,-12.9759],[-39.2511,-12.9761],[-39.2516,-12.9759],[-39.2525,-12.9746],[-39.253,-12.9745],[-39.254,-12.9746],[-39.2549,-12.9736],[-39.2559,-12.9714],[-39.2564,-12.9704],[-39.2563,-12.9691],[-39.256,-12.9687],[-39.2549,-12.969]]]}},{"type":"Feature","properties":{"c":"b416","b":416,"n":"Santa Madalena","m":"2928703","cx":-39.2746,"cy":-12.9592},"geometry":{"type":"Polygon","coordinates":[[[-39.2729,-12.9665],[-39.2733,-12.9658],[-39.2735,-12.9648],[-39.2738,-12.9643],[-39.2748,-12.964],[-39.2751,-12.9636],[-39.2748,-12.9622],[-39.275,-12.9619],[-39.2757,-12.9633],[-39.2805,-12.9614],[-39.2796,-12.9597],[-39.2789,-12.9587],[-39.2779,-12.958],[-39.2772,-12.957],[-39.2764,-12.9563],[-39.2754,-12.9546],[-39.2734,-12.9529],[-39.2693,-12.9521],[-39.2676,-12.9522],[-39.2663,-12.9526],[-39.2653,-12.9543],[-39.2652,-12.955],[-39.2659,-12.9551],[-39.2655,-12.9559],[-39.2644,-12.9558],[-39.2637,-12.956],[-39.2675,-12.9563],[-39.2686,-12.9566],[-39.2694,-12.9577],[-39.2707,-12.9609],[-39.2712,-12.9617],[-39.2723,-12.9643],[-39.2729,-12.9665]]]}},{"type":"Feature","properties":{"c":"b417","b":417,"n":"Santa Rita","m":"2928703","cx":-39.2531,"cy":-12.9827},"geometry":{"type":"Polygon","coordinates":[[[-39.2666,-12.9759],[-39.2651,-12.9738],[-39.264,-12.9719],[-39.2638,-12.9719],[-39.2633,-12.9719],[-39.2626,-12.9728],[-39.2618,-12.9734],[-39.261,-12.9736],[-39.2605,-12.9733],[-39.2603,-12.9733],[-39.2603,-12.9748],[-39.2605,-12.9751],[-39.2594,-12.9758],[-39.2585,-12.9772],[-39.2582,-12.9769],[-39.2575,-12.9772],[-39.2573,-12.9778],[-39.2566,-12.978],[-39.2561,-12.9786],[-39.2554,-12.9787],[-39.2535,-12.9797],[-39.2525,-12.9809],[-39.2516,-12.9823],[-39.2507,-12.983],[-39.2494,-12.9842],[-39.2472,-12.9855],[-39.2474,-12.9864],[-39.2472,-12.987],[-39.2466,-12.9877],[-39.2468,-12.9882],[-39.2464,-12.9892],[-39.2459,-12.9894],[-39.246,-12.9899],[-39.2455,-12.9904],[-39.2448,-12.9901],[-39.2439,-12.9916],[-39.2426,-12.9928],[-39.242,-12.993],[-39.2422,-12.9936],[-39.2426,-12.9941],[-39.2452,-12.9941],[-39.2456,-12.9939],[-39.2462,-12.9931],[-39.2465,-12.992],[-39.2478,-12.9908],[-39.2488,-12.9892],[-39.2498,-12.9868],[-39.2505,-12.9848],[-39.2529,-12.9838],[-39.2533,-12.9838],[-39.2542,-12.9834],[-39.2556,-12.9824],[-39.2588,-12.9803],[-39.2609,-12.9796],[-39.2615,-12.9793],[-39.263,-12.9781],[-39.2644,-12.9776],[-39.2651,-12.9775],[-39.2669,-12.9762],[-39.2666,-12.9759]]]}},{"type":"Feature","properties":{"c":"b418","b":418,"n":"Santa Terezinha","m":"2928703","cx":-39.232,"cy":-12.9688},"geometry":{"type":"Polygon","coordinates":[[[-39.2333,-12.9776],[-39.2332,-12.9769],[-39.2336,-12.9759],[-39.2337,-12.9749],[-39.2342,-12.9735],[-39.2346,-12.9732],[-39.2356,-12.9716],[-39.2382,-12.9705],[-39.2395,-12.9707],[-39.2398,-12.9706],[-39.2397,-12.97],[-39.2411,-12.9694],[-39.2407,-12.9682],[-39.2399,-12.968],[-39.2373,-12.9682],[-39.2369,-12.9677],[-39.2382,-12.9669],[-39.2379,-12.9664],[-39.2385,-12.9659],[-39.2381,-12.9652],[-39.2373,-12.9648],[-39.2359,-12.9635],[-39.2359,-12.9621],[-39.2364,-12.9611],[-39.2363,-12.9601],[-39.2368,-12.9601],[-39.2371,-12.9595],[-39.2363,-12.959],[-39.2346,-12.9585],[-39.2337,-12.9588],[-39.2324,-12.959],[-39.2305,-12.9582],[-39.2298,-12.9583],[-39.2295,-12.9578],[-39.2281,-12.9571],[-39.2278,-12.9566],[-39.227,-12.9566],[-39.2258,-12.9561],[-39.2253,-12.9565],[-39.2247,-12.9555],[-39.2239,-12.9555],[-39.2233,-12.9559],[-39.2227,-12.9558],[-39.2241,-12.9574],[-39.2236,-12.9577],[-39.2233,-12.9587],[-39.2239,-12.9599],[-39.223,-12.9614],[-39.2232,-12.9621],[-39.2226,-12.9635],[-39.2226,-12.9641],[-39.2231,-12.9647],[-39.2235,-12.9679],[-39.2216,-12.9721],[-39.2215,-12.9739],[-39.2198,-12.9736],[-39.2187,-12.974],[-39.219,-12.9743],[-39.2205,-12.9744],[-39.2206,-12.9754],[-39.2212,-12.976],[-39.221,-12.9763],[-39.2194,-12.9775],[-39.2176,-12.9776],[-39.2173,-12.9797],[-39.2183,-12.9797],[-39.2194,-12.98],[-39.2216,-12.981],[-39.2237,-12.9817],[-39.2254,-12.9821],[-39.2279,-12.9815],[-39.2287,-12.9811],[-39.2303,-12.9796],[-39.2322,-12.9782],[-39.2333,-12.9776]]]}},{"type":"Feature","properties":{"c":"b419","b":419,"n":"Sobradinho","m":"2928703","cx":-39.2667,"cy":-12.9725},"geometry":{"type":"Polygon","coordinates":[[[-39.2676,-12.9756],[-39.2681,-12.975],[-39.2687,-12.973],[-39.2694,-12.972],[-39.269,-12.9709],[-39.2689,-12.9697],[-39.2672,-12.9691],[-39.2653,-12.968],[-39.2652,-12.9687],[-39.2655,-12.9694],[-39.2643,-12.9693],[-39.2643,-12.9702],[-39.2653,-12.9713],[-39.2647,-12.9715],[-39.2642,-12.971],[-39.2638,-12.9719],[-39.264,-12.9719],[-39.2651,-12.9738],[-39.2666,-12.9759],[-39.2669,-12.9762],[-39.2676,-12.9756]]]}},{"type":"Feature","properties":{"c":"b420","b":420,"n":"São Benedito","m":"2928703","cx":-39.2542,"cy":-12.9588},"geometry":{"type":"Polygon","coordinates":[[[-39.2575,-12.9654],[-39.2574,-12.9648],[-39.2576,-12.964],[-39.258,-12.9626],[-39.2585,-12.9627],[-39.2587,-12.9615],[-39.2592,-12.9608],[-39.2599,-12.9601],[-39.2606,-12.9586],[-39.2601,-12.9586],[-39.2607,-12.9573],[-39.2604,-12.9558],[-39.2583,-12.9555],[-39.2571,-12.9549],[-39.2558,-12.9532],[-39.2541,-12.951],[-39.2541,-12.9513],[-39.2529,-12.9519],[-39.2507,-12.9553],[-39.2496,-12.956],[-39.2489,-12.9566],[-39.2477,-12.959],[-39.2472,-12.9598],[-39.2458,-12.961],[-39.2467,-12.9609],[-39.2473,-12.9616],[-39.248,-12.9619],[-39.2495,-12.9619],[-39.2503,-12.9624],[-39.2505,-12.9629],[-39.2505,-12.9639],[-39.2496,-12.9641],[-39.2501,-12.9646],[-39.2512,-12.9663],[-39.2522,-12.966],[-39.2522,-12.9663],[-39.2531,-12.9668],[-39.2532,-12.9662],[-39.2539,-12.9656],[-39.2536,-12.9651],[-39.2554,-12.9641],[-39.2549,-12.9651],[-39.2572,-12.9658],[-39.2575,-12.9654]]]}},{"type":"Feature","properties":{"c":"b421","b":421,"n":"São Cristóvão","m":"2928703","cx":-39.2607,"cy":-12.9607},"geometry":{"type":"Polygon","coordinates":[[[-39.2604,-12.9558],[-39.2607,-12.9573],[-39.2601,-12.9586],[-39.2606,-12.9586],[-39.2599,-12.9601],[-39.2592,-12.9608],[-39.2587,-12.9615],[-39.2585,-12.9627],[-39.258,-12.9626],[-39.2576,-12.964],[-39.2597,-12.9651],[-39.261,-12.9657],[-39.2617,-12.9641],[-39.2623,-12.9639],[-39.264,-12.9647],[-39.2631,-12.9631],[-39.2628,-12.9629],[-39.2628,-12.9612],[-39.2619,-12.9605],[-39.2618,-12.9601],[-39.2623,-12.9597],[-39.2628,-12.9586],[-39.2635,-12.9576],[-39.2637,-12.956],[-39.2604,-12.9558]]]}},{"type":"Feature","properties":{"c":"b422","b":422,"n":"São Paulo","m":"2928703","cx":-39.2414,"cy":-12.9605},"geometry":{"type":"Polygon","coordinates":[[[-39.2399,-12.9662],[-39.2409,-12.9662],[-39.2451,-12.9682],[-39.2456,-12.968],[-39.2463,-12.9671],[-39.2473,-12.9662],[-39.2475,-12.9658],[-39.2483,-12.9654],[-39.2504,-12.9661],[-39.2512,-12.9663],[-39.2501,-12.9646],[-39.2496,-12.9641],[-39.2505,-12.9639],[-39.2505,-12.9629],[-39.2503,-12.9624],[-39.2495,-12.9619],[-39.248,-12.9619],[-39.2473,-12.9616],[-39.2467,-12.9609],[-39.2458,-12.961],[-39.2472,-12.9598],[-39.2477,-12.959],[-39.2448,-12.957],[-39.2442,-12.9567],[-39.2435,-12.9554],[-39.2425,-12.9551],[-39.2411,-12.9543],[-39.2411,-12.9534],[-39.2403,-12.9534],[-39.2401,-12.9531],[-39.2381,-12.9582],[-39.2376,-12.9582],[-39.2371,-12.9595],[-39.2368,-12.9601],[-39.2363,-12.9601],[-39.2364,-12.9611],[-39.2359,-12.9621],[-39.2359,-12.9635],[-39.2373,-12.9648],[-39.2381,-12.9652],[-39.2385,-12.9659],[-39.2379,-12.9664],[-39.2382,-12.9669],[-39.2399,-12.9662]]]}},{"type":"Feature","properties":{"c":"b423","b":423,"n":"Anfrísio Góes","m":"2932705","cx":-39.2858,"cy":-14.5904},"geometry":{"type":"Polygon","coordinates":[[[-39.2857,-14.5892],[-39.2843,-14.5893],[-39.2836,-14.5898],[-39.2836,-14.5901],[-39.2841,-14.5898],[-39.2853,-14.5927],[-39.2861,-14.5915],[-39.2866,-14.5914],[-39.2871,-14.5907],[-39.2875,-14.5886],[-39.2857,-14.5892]]]}},{"type":"Feature","properties":{"c":"b424","b":424,"n":"Antônio Carlos Magalhães","m":"2932705","cx":-39.2802,"cy":-14.5922},"geometry":{"type":"Polygon","coordinates":[[[-39.2833,-14.5901],[-39.2827,-14.5892],[-39.2818,-14.5893],[-39.2816,-14.5887],[-39.28,-14.5896],[-39.2793,-14.5902],[-39.279,-14.5907],[-39.2779,-14.5954],[-39.2787,-14.5951],[-39.2795,-14.5942],[-39.2797,-14.5936],[-39.2802,-14.5935],[-39.2801,-14.5932],[-39.2835,-14.5912],[-39.2839,-14.591],[-39.2836,-14.5901],[-39.2833,-14.5901]]]}},{"type":"Feature","properties":{"c":"b425","b":425,"n":"Centro","m":"2932705","cx":-39.2854,"cy":-14.5958},"geometry":{"type":"Polygon","coordinates":[[[-39.2841,-14.5898],[-39.2836,-14.5901],[-39.2839,-14.591],[-39.2835,-14.5912],[-39.2801,-14.5932],[-39.2802,-14.5935],[-39.2802,-14.5941],[-39.2831,-14.5938],[-39.2837,-14.5936],[-39.2842,-14.5939],[-39.2844,-14.5952],[-39.2839,-14.5955],[-39.2847,-14.5961],[-39.2851,-14.5967],[-39.2897,-14.6017],[-39.29,-14.6014],[-39.2888,-14.5993],[-39.2883,-14.5979],[-39.2874,-14.5965],[-39.2858,-14.5953],[-39.2862,-14.595],[-39.2862,-14.5944],[-39.2858,-14.5933],[-39.2853,-14.5927],[-39.2841,-14.5898]]]}},{"type":"Feature","properties":{"c":"b426","b":426,"n":"Everaldo Argolo","m":"2932705","cx":-39.293,"cy":-14.5867},"geometry":{"type":"Polygon","coordinates":[[[-39.2932,-14.5903],[-39.2942,-14.5888],[-39.2948,-14.5886],[-39.2948,-14.588],[-39.2957,-14.5872],[-39.2956,-14.5863],[-39.297,-14.5861],[-39.2975,-14.5859],[-39.2983,-14.5851],[-39.2991,-14.5852],[-39.2991,-14.5845],[-39.2994,-14.5836],[-39.2991,-14.5825],[-39.2994,-14.5825],[-39.2993,-14.5818],[-39.2973,-14.5825],[-39.2916,-14.5845],[-39.2917,-14.585],[-39.2912,-14.5852],[-39.2917,-14.5858],[-39.2915,-14.5861],[-39.2877,-14.5884],[-39.2875,-14.5886],[-39.2885,-14.5888],[-39.2911,-14.5901],[-39.2916,-14.5906],[-39.292,-14.5915],[-39.2924,-14.5917],[-39.2932,-14.5903]]]}},{"type":"Feature","properties":{"c":"b427","b":427,"n":"Independência","m":"2932705","cx":-39.2854,"cy":-14.5879},"geometry":{"type":"Polygon","coordinates":[[[-39.2846,-14.587],[-39.2816,-14.5887],[-39.2818,-14.5893],[-39.2827,-14.5892],[-39.2833,-14.5901],[-39.2836,-14.5901],[-39.2836,-14.5898],[-39.2843,-14.5893],[-39.2857,-14.5892],[-39.2875,-14.5886],[-39.2881,-14.5873],[-39.2883,-14.5862],[-39.2863,-14.587],[-39.2861,-14.5864],[-39.2846,-14.587]]]}},{"type":"Feature","properties":{"c":"b428","b":428,"n":"Irmã Dulce","m":"2932705","cx":-39.2874,"cy":-14.5959},"geometry":{"type":"Polygon","coordinates":[[[-39.292,-14.5915],[-39.2916,-14.5906],[-39.2911,-14.5901],[-39.2885,-14.5888],[-39.2875,-14.5886],[-39.2871,-14.5907],[-39.2866,-14.5914],[-39.2861,-14.5915],[-39.2853,-14.5927],[-39.2858,-14.5933],[-39.2862,-14.5944],[-39.2862,-14.595],[-39.2858,-14.5953],[-39.2874,-14.5965],[-39.2883,-14.5979],[-39.2888,-14.5993],[-39.29,-14.6014],[-39.2903,-14.602],[-39.2915,-14.6036],[-39.2919,-14.6032],[-39.293,-14.601],[-39.2918,-14.6008],[-39.2914,-14.6003],[-39.2907,-14.6004],[-39.2903,-14.5999],[-39.2868,-14.5933],[-39.2863,-14.5928],[-39.288,-14.5928],[-39.2881,-14.5917],[-39.2898,-14.5919],[-39.2907,-14.5923],[-39.292,-14.5921],[-39.2924,-14.5917],[-39.292,-14.5915]]]}},{"type":"Feature","properties":{"c":"b429","b":429,"n":"Nova Esperança","m":"2932705","cx":-39.2937,"cy":-14.582},"geometry":{"type":"Polygon","coordinates":[[[-39.2916,-14.5845],[-39.2973,-14.5825],[-39.2973,-14.5817],[-39.2963,-14.5813],[-39.2939,-14.5793],[-39.2917,-14.5797],[-39.2883,-14.581],[-39.2907,-14.5824],[-39.2909,-14.5831],[-39.291,-14.5844],[-39.2907,-14.5849],[-39.2916,-14.5845]]]}},{"type":"Feature","properties":{"c":"b430","b":430,"n":"Venina Almeida","m":"2932705","cx":-39.2894,"cy":-14.5867},"geometry":{"type":"Polygon","coordinates":[[[-39.2907,-14.5849],[-39.2881,-14.5857],[-39.2861,-14.5864],[-39.2863,-14.587],[-39.2883,-14.5862],[-39.2881,-14.5873],[-39.2875,-14.5886],[-39.2877,-14.5884],[-39.2915,-14.5861],[-39.2917,-14.5858],[-39.2912,-14.5852],[-39.2917,-14.585],[-39.2916,-14.5845],[-39.2907,-14.5849]]]}},{"type":"Feature","properties":{"c":"b431","b":431,"n":"Alto Maron","m":"2933307","cx":-40.8229,"cy":-14.8486},"geometry":{"type":"Polygon","coordinates":[[[-40.824,-14.8538],[-40.8242,-14.8541],[-40.829,-14.8572],[-40.8292,-14.8572],[-40.8295,-14.8572],[-40.8336,-14.8532],[-40.8359,-14.851],[-40.8356,-14.8498],[-40.8356,-14.8472],[-40.8354,-14.8464],[-40.835,-14.8454],[-40.8337,-14.8454],[-40.832,-14.8449],[-40.8289,-14.8438],[-40.8272,-14.8438],[-40.8248,-14.8421],[-40.8235,-14.8419],[-40.818,-14.8405],[-40.8137,-14.8458],[-40.8127,-14.847],[-40.811,-14.8483],[-40.8095,-14.849],[-40.805,-14.8502],[-40.8036,-14.8507],[-40.8024,-14.8515],[-40.8006,-14.8528],[-40.8031,-14.8534],[-40.8054,-14.8538],[-40.8075,-14.8536],[-40.8096,-14.853],[-40.8107,-14.8531],[-40.8117,-14.8535],[-40.8126,-14.8535],[-40.8142,-14.8533],[-40.8156,-14.8537],[-40.8177,-14.8536],[-40.819,-14.8543],[-40.8204,-14.8548],[-40.824,-14.8538]]]}},{"type":"Feature","properties":{"c":"b432","b":432,"n":"Aírton Senna","m":"2933307","cx":-40.8624,"cy":-14.9202},"geometry":{"type":"Polygon","coordinates":[[[-40.8349,-14.9458],[-40.8357,-14.9465],[-40.8388,-14.9461],[-40.8419,-14.9455],[-40.8431,-14.9446],[-40.8439,-14.9445],[-40.8467,-14.9446],[-40.8477,-14.9442],[-40.8487,-14.9431],[-40.85,-14.9408],[-40.8507,-14.9403],[-40.8509,-14.939],[-40.8513,-14.9381],[-40.8519,-14.9377],[-40.8527,-14.938],[-40.8547,-14.938],[-40.8561,-14.9381],[-40.8572,-14.9376],[-40.8579,-14.937],[-40.8593,-14.9366],[-40.8603,-14.9359],[-40.8617,-14.9355],[-40.8627,-14.935],[-40.8643,-14.9336],[-40.8645,-14.9331],[-40.8652,-14.9324],[-40.8659,-14.932],[-40.8675,-14.9307],[-40.8684,-14.9293],[-40.8714,-14.9272],[-40.8734,-14.9263],[-40.8765,-14.9253],[-40.8779,-14.9243],[-40.8786,-14.9232],[-40.8794,-14.9229],[-40.8804,-14.9222],[-40.8816,-14.9216],[-40.8802,-14.9195],[-40.8749,-14.9109],[-40.8644,-14.894],[-40.8581,-14.8977],[-40.856,-14.899],[-40.8548,-14.8999],[-40.854,-14.9001],[-40.8516,-14.9015],[-40.8504,-14.9021],[-40.8486,-14.9024],[-40.8447,-14.9024],[-40.8447,-14.9036],[-40.8444,-14.9043],[-40.8445,-14.9071],[-40.8444,-14.9123],[-40.8443,-14.919],[-40.8441,-14.921],[-40.8437,-14.9227],[-40.8433,-14.9236],[-40.8391,-14.9329],[-40.8366,-14.9384],[-40.8347,-14.9428],[-40.8342,-14.9442],[-40.8337,-14.9461],[-40.8349,-14.9458]]]}},{"type":"Feature","properties":{"c":"b433","b":433,"n":"Bateias","m":"2933307","cx":-40.869,"cy":-14.8583},"geometry":{"type":"Polygon","coordinates":[[[-40.8582,-14.8685],[-40.8606,-14.8689],[-40.8637,-14.8698],[-40.8693,-14.8717],[-40.8711,-14.8728],[-40.8714,-14.8731],[-40.8718,-14.8671],[-40.8724,-14.8651],[-40.8732,-14.8637],[-40.8791,-14.8561],[-40.8823,-14.8518],[-40.8846,-14.8487],[-40.8852,-14.8475],[-40.8867,-14.8461],[-40.8861,-14.8462],[-40.8852,-14.8459],[-40.8774,-14.8469],[-40.8763,-14.8471],[-40.8694,-14.8481],[-40.867,-14.8484],[-40.865,-14.8488],[-40.8646,-14.8488],[-40.8601,-14.8494],[-40.8611,-14.8567],[-40.8601,-14.86],[-40.8592,-14.8633],[-40.8592,-14.8642],[-40.858,-14.8651],[-40.8575,-14.8656],[-40.8553,-14.8669],[-40.8556,-14.8689],[-40.8582,-14.8685]]]}},{"type":"Feature","properties":{"c":"b434","b":434,"n":"Boa Vista","m":"2933307","cx":-40.8291,"cy":-14.8868},"geometry":{"type":"Polygon","coordinates":[[[-40.8447,-14.9012],[-40.8445,-14.9006],[-40.8445,-14.8956],[-40.8445,-14.8947],[-40.8445,-14.8885],[-40.8446,-14.8848],[-40.8446,-14.8807],[-40.8447,-14.8758],[-40.8446,-14.8712],[-40.8442,-14.8709],[-40.8429,-14.8708],[-40.8419,-14.8706],[-40.8335,-14.8716],[-40.8328,-14.8716],[-40.8313,-14.8712],[-40.8309,-14.8709],[-40.8299,-14.8713],[-40.8285,-14.8727],[-40.8268,-14.8737],[-40.8245,-14.875],[-40.8238,-14.8762],[-40.8228,-14.8768],[-40.8224,-14.8765],[-40.8222,-14.8775],[-40.8217,-14.8783],[-40.8224,-14.8788],[-40.8224,-14.8791],[-40.8218,-14.8795],[-40.8208,-14.8794],[-40.8207,-14.8802],[-40.8211,-14.8802],[-40.821,-14.8809],[-40.8202,-14.8815],[-40.8183,-14.8816],[-40.8175,-14.8818],[-40.8163,-14.8829],[-40.8159,-14.8837],[-40.8155,-14.8837],[-40.8151,-14.8851],[-40.8145,-14.8859],[-40.814,-14.8862],[-40.8135,-14.8874],[-40.8235,-14.8958],[-40.8243,-14.8962],[-40.8256,-14.8964],[-40.8272,-14.8965],[-40.8271,-14.898],[-40.8318,-14.9005],[-40.8326,-14.9006],[-40.8337,-14.9009],[-40.8365,-14.9022],[-40.8392,-14.9022],[-40.8404,-14.9021],[-40.8414,-14.9024],[-40.8447,-14.9024],[-40.8447,-14.9012]]]}},{"type":"Feature","properties":{"c":"b435","b":435,"n":"Brasil","m":"2933307","cx":-40.855,"cy":-14.859},"geometry":{"type":"Polygon","coordinates":[[[-40.8541,-14.8503],[-40.8487,-14.8511],[-40.8492,-14.8553],[-40.8493,-14.8558],[-40.8495,-14.8581],[-40.8498,-14.86],[-40.8501,-14.8624],[-40.8506,-14.8659],[-40.851,-14.8695],[-40.8556,-14.8689],[-40.8553,-14.8669],[-40.8575,-14.8656],[-40.858,-14.8651],[-40.8592,-14.8642],[-40.8592,-14.8633],[-40.8601,-14.86],[-40.8611,-14.8567],[-40.8601,-14.8494],[-40.8541,-14.8503]]]}},{"type":"Feature","properties":{"c":"b436","b":436,"n":"Campinhos","m":"2933307","cx":-40.9064,"cy":-14.8869},"geometry":{"type":"Polygon","coordinates":[[[-40.8739,-14.8746],[-40.8752,-14.8757],[-40.8758,-14.876],[-40.8773,-14.8772],[-40.8814,-14.8801],[-40.8835,-14.8813],[-40.8841,-14.8819],[-40.8856,-14.8824],[-40.889,-14.8847],[-40.8899,-14.8847],[-40.8911,-14.886],[-40.8916,-14.8877],[-40.8922,-14.8891],[-40.8936,-14.8918],[-40.8955,-14.8948],[-40.896,-14.8961],[-40.8964,-14.8983],[-40.8963,-14.8998],[-40.8957,-14.9007],[-40.8952,-14.901],[-40.8953,-14.9026],[-40.8963,-14.9015],[-40.8985,-14.8996],[-40.899,-14.8989],[-40.9003,-14.8976],[-40.9024,-14.8974],[-40.9042,-14.8967],[-40.9051,-14.8959],[-40.9066,-14.8939],[-40.908,-14.8948],[-40.9083,-14.8948],[-40.9087,-14.8954],[-40.9118,-14.8968],[-40.913,-14.8971],[-40.9157,-14.8982],[-40.9168,-14.8987],[-40.9199,-14.9],[-40.9254,-14.8959],[-40.9265,-14.8873],[-40.9233,-14.8871],[-40.9197,-14.8868],[-40.9169,-14.8866],[-40.9146,-14.8864],[-40.914,-14.8862],[-40.9124,-14.8853],[-40.9115,-14.8854],[-40.9105,-14.8829],[-40.91,-14.883],[-40.9098,-14.8824],[-40.9083,-14.883],[-40.9076,-14.8819],[-40.9075,-14.8811],[-40.907,-14.8802],[-40.9057,-14.8804],[-40.904,-14.8804],[-40.9001,-14.8805],[-40.8975,-14.8807],[-40.8969,-14.8806],[-40.8956,-14.8802],[-40.895,-14.8794],[-40.8932,-14.8784],[-40.892,-14.8765],[-40.8907,-14.8753],[-40.8905,-14.8745],[-40.8893,-14.8737],[-40.8883,-14.8745],[-40.8871,-14.8748],[-40.8862,-14.8754],[-40.8867,-14.8739],[-40.8863,-14.873],[-40.8854,-14.8717],[-40.884,-14.8711],[-40.8817,-14.8735],[-40.8813,-14.8748],[-40.879,-14.8739],[-40.8771,-14.8741],[-40.8748,-14.874],[-40.8723,-14.8735],[-40.8739,-14.8746]]]}},{"type":"Feature","properties":{"c":"b437","b":437,"n":"Candeias","m":"2933307","cx":-40.815,"cy":-14.8704},"geometry":{"type":"Polygon","coordinates":[[[-40.7998,-14.8642],[-40.7998,-14.8655],[-40.7996,-14.876],[-40.7996,-14.8773],[-40.7997,-14.8782],[-40.8006,-14.8796],[-40.8017,-14.8803],[-40.809,-14.8838],[-40.8096,-14.8842],[-40.8135,-14.8874],[-40.814,-14.8862],[-40.8145,-14.8859],[-40.8151,-14.8851],[-40.8155,-14.8837],[-40.8159,-14.8837],[-40.8163,-14.8829],[-40.8175,-14.8818],[-40.8183,-14.8816],[-40.8202,-14.8815],[-40.821,-14.8809],[-40.8211,-14.8802],[-40.8207,-14.8802],[-40.8208,-14.8794],[-40.8218,-14.8795],[-40.8224,-14.8791],[-40.8224,-14.8788],[-40.8217,-14.8783],[-40.8222,-14.8775],[-40.8224,-14.8765],[-40.8228,-14.8768],[-40.8238,-14.8762],[-40.8245,-14.875],[-40.8268,-14.8737],[-40.8285,-14.8727],[-40.8299,-14.8713],[-40.8309,-14.8709],[-40.8298,-14.87],[-40.8277,-14.8687],[-40.8288,-14.8668],[-40.83,-14.8647],[-40.8314,-14.8627],[-40.8332,-14.8599],[-40.8328,-14.8596],[-40.8293,-14.8574],[-40.8292,-14.8572],[-40.829,-14.8572],[-40.8242,-14.8541],[-40.824,-14.8538],[-40.8204,-14.8548],[-40.8168,-14.8557],[-40.8131,-14.8566],[-40.8064,-14.8583],[-40.8018,-14.8595],[-40.7987,-14.8599],[-40.7998,-14.8642]]]}},{"type":"Feature","properties":{"c":"b438","b":438,"n":"Centro","m":"2933307","cx":-40.8422,"cy":-14.8507},"geometry":{"type":"Polygon","coordinates":[[[-40.8354,-14.8464],[-40.8356,-14.8472],[-40.8356,-14.8498],[-40.8359,-14.851],[-40.8336,-14.8532],[-40.8402,-14.8567],[-40.8408,-14.8569],[-40.8409,-14.8574],[-40.8416,-14.8572],[-40.8417,-14.8565],[-40.8439,-14.8576],[-40.8455,-14.8585],[-40.8485,-14.8596],[-40.8498,-14.86],[-40.8495,-14.8581],[-40.8493,-14.8558],[-40.8492,-14.8553],[-40.8487,-14.8511],[-40.8486,-14.8503],[-40.8479,-14.8452],[-40.8478,-14.8445],[-40.8458,-14.8419],[-40.8442,-14.8442],[-40.8441,-14.8443],[-40.8415,-14.8454],[-40.8395,-14.8452],[-40.8384,-14.8455],[-40.8354,-14.8464]]]}},{"type":"Feature","properties":{"c":"b439","b":439,"n":"Cruzeiro","m":"2933307","cx":-40.8314,"cy":-14.8394},"geometry":{"type":"Polygon","coordinates":[[[-40.8248,-14.8421],[-40.8272,-14.8438],[-40.8289,-14.8438],[-40.832,-14.8449],[-40.8337,-14.8454],[-40.835,-14.8454],[-40.8354,-14.8464],[-40.8384,-14.8455],[-40.8377,-14.8435],[-40.8382,-14.8433],[-40.8375,-14.8413],[-40.8361,-14.8398],[-40.8356,-14.8391],[-40.8354,-14.8372],[-40.8349,-14.8353],[-40.8342,-14.8319],[-40.8321,-14.8329],[-40.8323,-14.8333],[-40.8312,-14.8339],[-40.8286,-14.8348],[-40.8285,-14.8353],[-40.8275,-14.8358],[-40.8273,-14.8369],[-40.8266,-14.8376],[-40.8264,-14.8381],[-40.827,-14.8397],[-40.8263,-14.8403],[-40.825,-14.8413],[-40.8235,-14.8419],[-40.8248,-14.8421]]]}},{"type":"Feature","properties":{"c":"b440","b":440,"n":"Distrito Industrial","m":"2933307","cx":-40.8156,"cy":-14.8126},"geometry":{"type":"Polygon","coordinates":[[[-40.7782,-14.8025],[-40.7845,-14.8058],[-40.7866,-14.8069],[-40.8012,-14.8145],[-40.8081,-14.8181],[-40.811,-14.8196],[-40.8146,-14.8214],[-40.8186,-14.8236],[-40.8239,-14.8263],[-40.8248,-14.8268],[-40.8288,-14.8289],[-40.83,-14.8294],[-40.8311,-14.8296],[-40.8339,-14.8295],[-40.8349,-14.8296],[-40.8361,-14.83],[-40.837,-14.8308],[-40.8377,-14.8316],[-40.8383,-14.8309],[-40.8383,-14.8288],[-40.8383,-14.8256],[-40.8377,-14.8238],[-40.8355,-14.818],[-40.8329,-14.8108],[-40.8322,-14.8089],[-40.8302,-14.8096],[-40.8274,-14.8093],[-40.8272,-14.8082],[-40.8263,-14.8059],[-40.8284,-14.8049],[-40.8301,-14.8044],[-40.8301,-14.8042],[-40.8317,-14.8037],[-40.8314,-14.8029],[-40.8334,-14.8025],[-40.837,-14.8027],[-40.8401,-14.802],[-40.8412,-14.8016],[-40.8402,-14.7993],[-40.8204,-14.7985],[-40.819,-14.7988],[-40.8139,-14.8019],[-40.8104,-14.8037],[-40.8078,-14.8028],[-40.807,-14.8027],[-40.8066,-14.8034],[-40.8035,-14.8038],[-40.8014,-14.8039],[-40.8006,-14.8038],[-40.8004,-14.8032],[-40.7993,-14.8035],[-40.7968,-14.8036],[-40.7963,-14.8028],[-40.7947,-14.802],[-40.793,-14.801],[-40.7921,-14.8002],[-40.7913,-14.7997],[-40.789,-14.798],[-40.7893,-14.7975],[-40.7886,-14.7967],[-40.7876,-14.797],[-40.7869,-14.7981],[-40.7761,-14.7977],[-40.7708,-14.7976],[-40.7701,-14.7983],[-40.7782,-14.8025]]]}},{"type":"Feature","properties":{"c":"b441","b":441,"n":"Espírito Santo","m":"2933307","cx":-40.8222,"cy":-14.9177},"geometry":{"type":"Polygon","coordinates":[[[-40.8414,-14.9024],[-40.8404,-14.9021],[-40.8392,-14.9022],[-40.8365,-14.9022],[-40.8337,-14.9009],[-40.8326,-14.9006],[-40.8318,-14.9005],[-40.8271,-14.898],[-40.8272,-14.8965],[-40.8256,-14.8964],[-40.8243,-14.8962],[-40.8235,-14.8958],[-40.8135,-14.8874],[-40.8132,-14.8879],[-40.8129,-14.8889],[-40.8118,-14.8907],[-40.8116,-14.8916],[-40.8112,-14.8923],[-40.8105,-14.8926],[-40.81,-14.8938],[-40.8095,-14.8941],[-40.8096,-14.8951],[-40.8092,-14.8956],[-40.8095,-14.8967],[-40.8086,-14.8983],[-40.8086,-14.8987],[-40.808,-14.8998],[-40.8076,-14.9014],[-40.8066,-14.9025],[-40.8064,-14.9034],[-40.8057,-14.9047],[-40.8047,-14.9055],[-40.8047,-14.9061],[-40.8037,-14.9066],[-40.8032,-14.9076],[-40.8021,-14.9092],[-40.802,-14.9104],[-40.8024,-14.9114],[-40.8021,-14.9126],[-40.8014,-14.9133],[-40.8011,-14.9148],[-40.8005,-14.9155],[-40.8003,-14.9161],[-40.8002,-14.9175],[-40.7999,-14.9179],[-40.7991,-14.9183],[-40.7981,-14.9201],[-40.7969,-14.9215],[-40.7968,-14.9215],[-40.7956,-14.9236],[-40.7951,-14.9239],[-40.7947,-14.9246],[-40.7946,-14.926],[-40.7938,-14.927],[-40.7944,-14.9287],[-40.7931,-14.9304],[-40.793,-14.9326],[-40.7927,-14.9335],[-40.7911,-14.9346],[-40.7948,-14.9408],[-40.7948,-14.9423],[-40.7955,-14.9456],[-40.796,-14.9458],[-40.7966,-14.9455],[-40.797,-14.9449],[-40.7975,-14.9448],[-40.798,-14.9443],[-40.7988,-14.9444],[-40.7991,-14.9441],[-40.7999,-14.9443],[-40.8006,-14.9442],[-40.8007,-14.9439],[-40.8016,-14.9441],[-40.8019,-14.9433],[-40.803,-14.9433],[-40.8033,-14.9435],[-40.8038,-14.9431],[-40.8048,-14.9433],[-40.8054,-14.9429],[-40.8058,-14.9431],[-40.8063,-14.9428],[-40.8072,-14.9427],[-40.808,-14.9433],[-40.8091,-14.9433],[-40.8093,-14.944],[-40.81,-14.944],[-40.8103,-14.9448],[-40.8111,-14.945],[-40.8114,-14.9452],[-40.812,-14.9452],[-40.8133,-14.946],[-40.8145,-14.9453],[-40.816,-14.9458],[-40.8165,-14.9463],[-40.8179,-14.9468],[-40.8185,-14.9467],[-40.8197,-14.9468],[-40.8214,-14.9466],[-40.8223,-14.9467],[-40.8228,-14.9473],[-40.8247,-14.9475],[-40.8249,-14.9478],[-40.8256,-14.9479],[-40.8266,-14.9476],[-40.8277,-14.9467],[-40.8282,-14.9466],[-40.8284,-14.9461],[-40.829,-14.9459],[-40.8301,-14.9459],[-40.8322,-14.9452],[-40.8332,-14.946],[-40.8337,-14.9461],[-40.8342,-14.9442],[-40.8347,-14.9428],[-40.8366,-14.9384],[-40.8391,-14.9329],[-40.8433,-14.9236],[-40.8437,-14.9227],[-40.8441,-14.921],[-40.8443,-14.919],[-40.8444,-14.9123],[-40.8445,-14.9071],[-40.8444,-14.9043],[-40.8447,-14.9036],[-40.8447,-14.9024],[-40.8414,-14.9024]]]}},{"type":"Feature","properties":{"c":"b442","b":442,"n":"Felícia","m":"2933307","cx":-40.8522,"cy":-14.8866},"geometry":{"type":"Polygon","coordinates":[[[-40.8609,-14.8885],[-40.8584,-14.8844],[-40.8583,-14.8839],[-40.8559,-14.88],[-40.8549,-14.8786],[-40.8517,-14.8732],[-40.8479,-14.8753],[-40.848,-14.8757],[-40.8465,-14.8757],[-40.8465,-14.8754],[-40.8447,-14.8758],[-40.8446,-14.8807],[-40.8446,-14.8848],[-40.8445,-14.8885],[-40.8445,-14.8947],[-40.8445,-14.8956],[-40.8445,-14.9006],[-40.8447,-14.9012],[-40.8447,-14.9024],[-40.8486,-14.9024],[-40.8504,-14.9021],[-40.8516,-14.9015],[-40.854,-14.9001],[-40.8548,-14.8999],[-40.856,-14.899],[-40.8581,-14.8977],[-40.8644,-14.894],[-40.8609,-14.8885]]]}},{"type":"Feature","properties":{"c":"b443","b":443,"n":"Guarani","m":"2933307","cx":-40.8391,"cy":-14.8381},"geometry":{"type":"Polygon","coordinates":[[[-40.8439,-14.8397],[-40.8377,-14.8316],[-40.8368,-14.8317],[-40.8357,-14.832],[-40.8348,-14.8316],[-40.8342,-14.8319],[-40.8349,-14.8353],[-40.8354,-14.8372],[-40.8356,-14.8391],[-40.8361,-14.8398],[-40.8375,-14.8413],[-40.8382,-14.8433],[-40.8377,-14.8435],[-40.8384,-14.8455],[-40.8395,-14.8452],[-40.8415,-14.8454],[-40.8441,-14.8443],[-40.8442,-14.8442],[-40.8458,-14.8419],[-40.8439,-14.8397]]]}},{"type":"Feature","properties":{"c":"b444","b":444,"n":"Ibirapuera","m":"2933307","cx":-40.8569,"cy":-14.8379},"geometry":{"type":"Polygon","coordinates":[[[-40.8646,-14.8488],[-40.865,-14.8488],[-40.867,-14.8484],[-40.8663,-14.8467],[-40.8658,-14.8467],[-40.8656,-14.8456],[-40.8643,-14.8419],[-40.8639,-14.8411],[-40.8634,-14.8385],[-40.8636,-14.8384],[-40.8632,-14.8355],[-40.8625,-14.8302],[-40.8623,-14.8262],[-40.8621,-14.8251],[-40.8617,-14.8255],[-40.8609,-14.8274],[-40.8591,-14.8299],[-40.8587,-14.8304],[-40.8569,-14.8321],[-40.8565,-14.833],[-40.8553,-14.8342],[-40.8542,-14.8351],[-40.8529,-14.8359],[-40.8505,-14.8375],[-40.8488,-14.8401],[-40.8477,-14.8416],[-40.8467,-14.8409],[-40.8458,-14.8419],[-40.8478,-14.8445],[-40.8479,-14.8452],[-40.8486,-14.8503],[-40.8487,-14.8511],[-40.8541,-14.8503],[-40.8601,-14.8494],[-40.8646,-14.8488]]]}},{"type":"Feature","properties":{"c":"b445","b":445,"n":"Jatobá","m":"2933307","cx":-40.8813,"cy":-14.8972},"geometry":{"type":"Polygon","coordinates":[[[-40.8714,-14.8732],[-40.8709,-14.8817],[-40.8705,-14.8877],[-40.8703,-14.889],[-40.8693,-14.8908],[-40.8681,-14.8919],[-40.8644,-14.894],[-40.8749,-14.9109],[-40.8802,-14.9195],[-40.8822,-14.9184],[-40.8871,-14.9151],[-40.8888,-14.9133],[-40.8904,-14.9123],[-40.8904,-14.9114],[-40.8915,-14.9107],[-40.8934,-14.9089],[-40.8949,-14.9034],[-40.8953,-14.9026],[-40.8952,-14.901],[-40.8957,-14.9007],[-40.8963,-14.8998],[-40.8964,-14.8983],[-40.896,-14.8961],[-40.8955,-14.8948],[-40.8936,-14.8918],[-40.8922,-14.8891],[-40.8916,-14.8877],[-40.8911,-14.886],[-40.8899,-14.8847],[-40.889,-14.8847],[-40.8856,-14.8824],[-40.8841,-14.8819],[-40.8835,-14.8813],[-40.8814,-14.8801],[-40.8773,-14.8772],[-40.8758,-14.876],[-40.8752,-14.8757],[-40.8739,-14.8746],[-40.8723,-14.8735],[-40.8714,-14.8732]]]}},{"type":"Feature","properties":{"c":"b446","b":446,"n":"Jurema","m":"2933307","cx":-40.8476,"cy":-14.8664},"geometry":{"type":"Polygon","coordinates":[[[-40.8447,-14.8758],[-40.8465,-14.8754],[-40.8465,-14.8757],[-40.848,-14.8757],[-40.8479,-14.8753],[-40.8517,-14.8732],[-40.8515,-14.8728],[-40.8511,-14.8704],[-40.851,-14.8695],[-40.8506,-14.8659],[-40.8501,-14.8624],[-40.8498,-14.86],[-40.8485,-14.8596],[-40.8455,-14.8585],[-40.8439,-14.8576],[-40.8417,-14.8565],[-40.8416,-14.8572],[-40.8448,-14.8625],[-40.8443,-14.8658],[-40.8446,-14.867],[-40.8446,-14.8712],[-40.8447,-14.8758]]]}},{"type":"Feature","properties":{"c":"b447","b":447,"n":"Lagoa das Flores","m":"2933307","cx":-40.792,"cy":-14.825},"geometry":{"type":"Polygon","coordinates":[[[-40.7677,-14.8022],[-40.7668,-14.804],[-40.764,-14.8089],[-40.7597,-14.8182],[-40.7588,-14.8208],[-40.7614,-14.8238],[-40.765,-14.8277],[-40.7667,-14.8298],[-40.7714,-14.8335],[-40.774,-14.8357],[-40.7749,-14.8363],[-40.7777,-14.8377],[-40.778,-14.8379],[-40.7813,-14.8432],[-40.7828,-14.8457],[-40.7831,-14.8462],[-40.7853,-14.8477],[-40.7918,-14.8511],[-40.794,-14.8517],[-40.7979,-14.8525],[-40.7992,-14.8525],[-40.8006,-14.8528],[-40.8024,-14.8515],[-40.8036,-14.8507],[-40.805,-14.8502],[-40.8095,-14.849],[-40.811,-14.8483],[-40.8127,-14.847],[-40.8137,-14.8458],[-40.818,-14.8405],[-40.8235,-14.8419],[-40.825,-14.8413],[-40.8263,-14.8403],[-40.827,-14.8397],[-40.8264,-14.8381],[-40.8266,-14.8376],[-40.8273,-14.8369],[-40.8275,-14.8358],[-40.8285,-14.8353],[-40.8286,-14.8348],[-40.8312,-14.8339],[-40.8323,-14.8333],[-40.8321,-14.8329],[-40.8342,-14.8319],[-40.8348,-14.8316],[-40.8357,-14.832],[-40.8368,-14.8317],[-40.8377,-14.8316],[-40.837,-14.8308],[-40.8361,-14.83],[-40.8349,-14.8296],[-40.8339,-14.8295],[-40.8311,-14.8296],[-40.83,-14.8294],[-40.8288,-14.8289],[-40.8248,-14.8268],[-40.8239,-14.8263],[-40.8186,-14.8236],[-40.8146,-14.8214],[-40.811,-14.8196],[-40.8081,-14.8181],[-40.8012,-14.8145],[-40.7866,-14.8069],[-40.7845,-14.8058],[-40.7782,-14.8025],[-40.7701,-14.7983],[-40.7677,-14.8022]]]}},{"type":"Feature","properties":{"c":"b448","b":448,"n":"Nossa Senhora Aparecida","m":"2933307","cx":-40.8474,"cy":-14.8346},"geometry":{"type":"MultiPolygon","coordinates":[[[[-40.8575,-14.8302],[-40.8564,-14.8303],[-40.8553,-14.8307],[-40.8545,-14.8301],[-40.8537,-14.8297],[-40.8528,-14.83],[-40.8519,-14.83],[-40.8514,-14.8297],[-40.8517,-14.8292],[-40.8512,-14.828],[-40.8497,-14.8279],[-40.8488,-14.8282],[-40.8478,-14.8291],[-40.848,-14.8299],[-40.8471,-14.8305],[-40.8463,-14.8304],[-40.8446,-14.8296],[-40.8414,-14.8296],[-40.8398,-14.8298],[-40.8395,-14.83],[-40.8394,-14.8294],[-40.8383,-14.8288],[-40.8383,-14.8309],[-40.8377,-14.8316],[-40.8439,-14.8397],[-40.8458,-14.8419],[-40.8467,-14.8409],[-40.8477,-14.8416],[-40.8488,-14.8401],[-40.8505,-14.8375],[-40.8529,-14.8359],[-40.8542,-14.8351],[-40.8553,-14.8342],[-40.8565,-14.833],[-40.8569,-14.8321],[-40.8587,-14.8304],[-40.8591,-14.8299],[-40.8575,-14.8302]]],[[[-40.8669,-14.808],[-40.8663,-14.8055],[-40.8599,-14.8041],[-40.8571,-14.8047],[-40.8571,-14.8055],[-40.8558,-14.8089],[-40.8547,-14.81],[-40.8523,-14.8139],[-40.8515,-14.8145],[-40.8512,-14.8151],[-40.8498,-14.8169],[-40.8486,-14.8178],[-40.8493,-14.8235],[-40.8492,-14.8252],[-40.8622,-14.8246],[-40.8627,-14.8234],[-40.8639,-14.8212],[-40.8653,-14.8203],[-40.8659,-14.8193],[-40.866,-14.8182],[-40.8655,-14.8163],[-40.8655,-14.8147],[-40.866,-14.8126],[-40.8663,-14.8104],[-40.8665,-14.8096],[-40.8669,-14.808]]]]}},{"type":"Feature","properties":{"c":"b449","b":449,"n":"Patagônia","m":"2933307","cx":-40.8637,"cy":-14.8808},"geometry":{"type":"Polygon","coordinates":[[[-40.8549,-14.8786],[-40.8559,-14.88],[-40.8583,-14.8839],[-40.8584,-14.8844],[-40.8609,-14.8885],[-40.8644,-14.894],[-40.8681,-14.8919],[-40.8693,-14.8908],[-40.8703,-14.889],[-40.8705,-14.8877],[-40.8709,-14.8817],[-40.8714,-14.8732],[-40.8714,-14.8731],[-40.8711,-14.8728],[-40.8693,-14.8717],[-40.8637,-14.8698],[-40.8606,-14.8689],[-40.8582,-14.8685],[-40.8556,-14.8689],[-40.851,-14.8695],[-40.8511,-14.8704],[-40.8515,-14.8728],[-40.8517,-14.8732],[-40.8549,-14.8786]]]}},{"type":"Feature","properties":{"c":"b450","b":450,"n":"Primavera","m":"2933307","cx":-40.7652,"cy":-14.8448},"geometry":{"type":"Polygon","coordinates":[[[-40.819,-14.8543],[-40.8177,-14.8536],[-40.8156,-14.8537],[-40.8142,-14.8533],[-40.8126,-14.8535],[-40.8117,-14.8535],[-40.8107,-14.8531],[-40.8096,-14.853],[-40.8075,-14.8536],[-40.8054,-14.8538],[-40.8031,-14.8534],[-40.8006,-14.8528],[-40.7992,-14.8525],[-40.7979,-14.8525],[-40.794,-14.8517],[-40.7918,-14.8511],[-40.7853,-14.8477],[-40.7831,-14.8462],[-40.7828,-14.8457],[-40.7813,-14.8432],[-40.778,-14.8379],[-40.7777,-14.8377],[-40.7749,-14.8363],[-40.774,-14.8357],[-40.7714,-14.8335],[-40.7667,-14.8298],[-40.765,-14.8277],[-40.7614,-14.8238],[-40.7594,-14.8257],[-40.7569,-14.8286],[-40.7555,-14.8313],[-40.7538,-14.8327],[-40.7515,-14.838],[-40.7512,-14.8392],[-40.7486,-14.844],[-40.7442,-14.8514],[-40.7434,-14.8532],[-40.7435,-14.8541],[-40.7449,-14.8569],[-40.7463,-14.8598],[-40.7484,-14.8645],[-40.7508,-14.8646],[-40.7638,-14.8647],[-40.7649,-14.8646],[-40.7684,-14.8642],[-40.7701,-14.8639],[-40.774,-14.8634],[-40.7845,-14.8619],[-40.7979,-14.86],[-40.7987,-14.8599],[-40.8018,-14.8595],[-40.8064,-14.8583],[-40.8131,-14.8566],[-40.8168,-14.8557],[-40.8204,-14.8548],[-40.819,-14.8543]]]}},{"type":"Feature","properties":{"c":"b451","b":451,"n":"Recreio","m":"2933307","cx":-40.8382,"cy":-14.8612},"geometry":{"type":"Polygon","coordinates":[[[-40.8446,-14.867],[-40.8443,-14.8658],[-40.8448,-14.8625],[-40.8416,-14.8572],[-40.8409,-14.8574],[-40.8408,-14.8569],[-40.8402,-14.8567],[-40.8336,-14.8532],[-40.8295,-14.8572],[-40.8292,-14.8572],[-40.8293,-14.8574],[-40.8328,-14.8596],[-40.8332,-14.8599],[-40.8314,-14.8627],[-40.83,-14.8647],[-40.8288,-14.8668],[-40.8277,-14.8687],[-40.8298,-14.87],[-40.8309,-14.8709],[-40.8313,-14.8712],[-40.8328,-14.8716],[-40.8335,-14.8716],[-40.8419,-14.8706],[-40.8429,-14.8708],[-40.8442,-14.8709],[-40.8446,-14.8712],[-40.8446,-14.867]]]}},{"type":"Feature","properties":{"c":"b452","b":452,"n":"São Pedro","m":"2933307","cx":-40.892,"cy":-14.8599},"geometry":{"type":"Polygon","coordinates":[[[-40.8937,-14.8703],[-40.9324,-14.842],[-40.9292,-14.8425],[-40.9268,-14.8427],[-40.9024,-14.8438],[-40.899,-14.844],[-40.8957,-14.8442],[-40.8894,-14.8451],[-40.8888,-14.8446],[-40.8884,-14.8447],[-40.8867,-14.8461],[-40.8852,-14.8475],[-40.8846,-14.8487],[-40.8823,-14.8518],[-40.8791,-14.8561],[-40.8732,-14.8637],[-40.8724,-14.8651],[-40.8718,-14.8671],[-40.8714,-14.8731],[-40.8714,-14.8732],[-40.8723,-14.8735],[-40.8748,-14.874],[-40.8771,-14.8741],[-40.879,-14.8739],[-40.8813,-14.8748],[-40.8817,-14.8735],[-40.884,-14.8711],[-40.8854,-14.8717],[-40.8863,-14.873],[-40.8867,-14.8739],[-40.8862,-14.8754],[-40.8871,-14.8748],[-40.8883,-14.8745],[-40.8893,-14.8737],[-40.8937,-14.8703]]]}},{"type":"Feature","properties":{"c":"b453","b":453,"n":"Universidade","m":"2933307","cx":-40.792,"cy":-14.8985},"geometry":{"type":"Polygon","coordinates":[[[-40.7491,-14.866],[-40.7491,-14.8683],[-40.7479,-14.8691],[-40.7472,-14.8712],[-40.7479,-14.8753],[-40.7472,-14.878],[-40.7472,-14.8787],[-40.7476,-14.878],[-40.7488,-14.8802],[-40.7505,-14.88],[-40.7537,-14.8798],[-40.7543,-14.8806],[-40.7557,-14.88],[-40.7565,-14.8818],[-40.7633,-14.8897],[-40.7616,-14.8913],[-40.7609,-14.8919],[-40.7594,-14.8948],[-40.7593,-14.8952],[-40.7631,-14.8947],[-40.7653,-14.8936],[-40.767,-14.892],[-40.769,-14.8919],[-40.7699,-14.8924],[-40.7714,-14.8948],[-40.7741,-14.8958],[-40.7768,-14.9012],[-40.7797,-14.9031],[-40.7816,-14.9051],[-40.7823,-14.9066],[-40.7824,-14.9092],[-40.7822,-14.911],[-40.7832,-14.9156],[-40.7844,-14.9186],[-40.7856,-14.9207],[-40.7869,-14.9231],[-40.7876,-14.9248],[-40.7879,-14.9269],[-40.7879,-14.9303],[-40.7875,-14.9316],[-40.7872,-14.932],[-40.7871,-14.9333],[-40.7865,-14.9347],[-40.7859,-14.9357],[-40.7858,-14.9368],[-40.7867,-14.9369],[-40.7882,-14.936],[-40.7895,-14.9361],[-40.7899,-14.9352],[-40.7909,-14.9354],[-40.7911,-14.9346],[-40.7927,-14.9335],[-40.793,-14.9326],[-40.7931,-14.9304],[-40.7944,-14.9287],[-40.7938,-14.927],[-40.7946,-14.926],[-40.7947,-14.9246],[-40.7951,-14.9239],[-40.7956,-14.9236],[-40.7968,-14.9215],[-40.7969,-14.9215],[-40.7981,-14.9201],[-40.7991,-14.9183],[-40.7999,-14.9179],[-40.8002,-14.9175],[-40.8003,-14.9161],[-40.8005,-14.9155],[-40.8011,-14.9148],[-40.8014,-14.9133],[-40.8021,-14.9126],[-40.8024,-14.9114],[-40.802,-14.9104],[-40.8021,-14.9092],[-40.8032,-14.9076],[-40.8037,-14.9066],[-40.8047,-14.9061],[-40.8047,-14.9055],[-40.8057,-14.9047],[-40.8064,-14.9034],[-40.8066,-14.9025],[-40.8076,-14.9014],[-40.808,-14.8998],[-40.8086,-14.8987],[-40.8086,-14.8983],[-40.8095,-14.8967],[-40.8092,-14.8956],[-40.8096,-14.8951],[-40.8095,-14.8941],[-40.81,-14.8938],[-40.8105,-14.8926],[-40.8112,-14.8923],[-40.8116,-14.8916],[-40.8118,-14.8907],[-40.8129,-14.8889],[-40.8132,-14.8879],[-40.8135,-14.8874],[-40.8096,-14.8842],[-40.809,-14.8838],[-40.8017,-14.8803],[-40.8006,-14.8796],[-40.7997,-14.8782],[-40.7996,-14.8773],[-40.7996,-14.876],[-40.7998,-14.8655],[-40.7998,-14.8642],[-40.7987,-14.8599],[-40.7979,-14.86],[-40.7845,-14.8619],[-40.774,-14.8634],[-40.7701,-14.8639],[-40.7684,-14.8642],[-40.7649,-14.8646],[-40.7638,-14.8647],[-40.7508,-14.8646],[-40.7484,-14.8645],[-40.7491,-14.866]]]}},{"type":"Feature","properties":{"c":"b454","b":454,"n":"Zabelê","m":"2933307","cx":-40.8802,"cy":-14.8374},"geometry":{"type":"MultiPolygon","coordinates":[[[[-40.8884,-14.8447],[-40.8888,-14.8446],[-40.8894,-14.8451],[-40.8957,-14.8442],[-40.899,-14.844],[-40.9,-14.8419],[-40.9005,-14.8413],[-40.8985,-14.8393],[-40.896,-14.8365],[-40.8934,-14.8335],[-40.8923,-14.8325],[-40.8908,-14.8309],[-40.8902,-14.83],[-40.8867,-14.8304],[-40.8864,-14.8285],[-40.8859,-14.8274],[-40.8817,-14.8281],[-40.8798,-14.8284],[-40.8778,-14.8293],[-40.8726,-14.8294],[-40.8726,-14.8298],[-40.8693,-14.8296],[-40.8676,-14.8297],[-40.8641,-14.8296],[-40.8625,-14.8302],[-40.8632,-14.8355],[-40.8636,-14.8384],[-40.8634,-14.8385],[-40.8639,-14.8411],[-40.8643,-14.8419],[-40.8656,-14.8456],[-40.8658,-14.8467],[-40.8663,-14.8467],[-40.867,-14.8484],[-40.8694,-14.8481],[-40.8763,-14.8471],[-40.8774,-14.8469],[-40.8852,-14.8459],[-40.8861,-14.8462],[-40.8867,-14.8461],[-40.8884,-14.8447]]],[[[-40.8675,-14.8184],[-40.8711,-14.8175],[-40.8727,-14.8169],[-40.8735,-14.8138],[-40.8735,-14.8126],[-40.8726,-14.8095],[-40.87,-14.8087],[-40.869,-14.808],[-40.8665,-14.8096],[-40.8663,-14.8104],[-40.866,-14.8126],[-40.8655,-14.8147],[-40.8655,-14.8163],[-40.866,-14.8182],[-40.8659,-14.8193],[-40.8675,-14.8184]]]]}}]}