{"type":"FeatureCollection","features":[{"type":"Feature","properties":{"c":"b0","b":0,"n":"Centro","m":"5100201","cx":-52.1582,"cy":-14.0588},"geometry":{"type":"Polygon","coordinates":[[[-52.1623,-14.0548],[-52.1575,-14.0544],[-52.1548,-14.0542],[-52.1545,-14.0579],[-52.1542,-14.0614],[-52.1617,-14.0621],[-52.1619,-14.0598],[-52.1623,-14.0548]]]}},{"type":"Feature","properties":{"c":"b1","b":1,"n":"Centro II","m":"5100201","cx":-52.1588,"cy":-14.0524},"geometry":{"type":"Polygon","coordinates":[[[-52.1555,-14.0471],[-52.1552,-14.0506],[-52.1548,-14.0542],[-52.1575,-14.0544],[-52.1623,-14.0548],[-52.163,-14.0477],[-52.1555,-14.0471]]]}},{"type":"Feature","properties":{"c":"b2","b":2,"n":"Guarujá","m":"5100201","cx":-52.1671,"cy":-14.0517},"geometry":{"type":"Polygon","coordinates":[[[-52.163,-14.0477],[-52.1623,-14.0548],[-52.1695,-14.0554],[-52.1713,-14.0555],[-52.1719,-14.0487],[-52.1695,-14.0485],[-52.1695,-14.0482],[-52.163,-14.0477]]]}},{"type":"Feature","properties":{"c":"b3","b":3,"n":"Guarujá - Expansão","m":"5100201","cx":-52.1661,"cy":-14.0431},"geometry":{"type":"Polygon","coordinates":[[[-52.163,-14.0477],[-52.1695,-14.0482],[-52.1697,-14.0455],[-52.1702,-14.044],[-52.1696,-14.0438],[-52.1687,-14.043],[-52.1652,-14.0403],[-52.1638,-14.0382],[-52.1634,-14.043],[-52.1633,-14.0433],[-52.163,-14.0477]]]}},{"type":"Feature","properties":{"c":"b4","b":4,"n":"Jardim Tropical","m":"5100201","cx":-52.1579,"cy":-14.0405},"geometry":{"type":"Polygon","coordinates":[[[-52.1564,-14.0367],[-52.1562,-14.0383],[-52.1558,-14.0427],[-52.1596,-14.043],[-52.1602,-14.0371],[-52.1564,-14.0367]]]}},{"type":"Feature","properties":{"c":"b5","b":5,"n":"Nova Era","m":"5100201","cx":-52.1594,"cy":-14.0452},"geometry":{"type":"Polygon","coordinates":[[[-52.1558,-14.0427],[-52.1555,-14.0471],[-52.163,-14.0477],[-52.1633,-14.0433],[-52.1596,-14.043],[-52.1558,-14.0427]]]}},{"type":"Feature","properties":{"c":"b6","b":6,"n":"Operário","m":"5100201","cx":-52.1666,"cy":-14.0576},"geometry":{"type":"Polygon","coordinates":[[[-52.1619,-14.0598],[-52.1685,-14.0604],[-52.1709,-14.0606],[-52.1713,-14.0555],[-52.1695,-14.0554],[-52.1623,-14.0548],[-52.1619,-14.0598]]]}},{"type":"Feature","properties":{"c":"b7","b":7,"n":"Primavera","m":"5100201","cx":-52.1617,"cy":-14.0406},"geometry":{"type":"Polygon","coordinates":[[[-52.1596,-14.043],[-52.1633,-14.0433],[-52.1634,-14.043],[-52.1638,-14.0382],[-52.1635,-14.0378],[-52.163,-14.0363],[-52.1624,-14.0363],[-52.1618,-14.0371],[-52.1602,-14.0371],[-52.1596,-14.043]]]}},{"type":"Feature","properties":{"c":"b8","b":8,"n":"Vila Nova","m":"5100201","cx":-52.1732,"cy":-14.0631},"geometry":{"type":"Polygon","coordinates":[[[-52.1685,-14.0613],[-52.171,-14.0649],[-52.1721,-14.0672],[-52.1729,-14.0671],[-52.1768,-14.0655],[-52.1766,-14.061],[-52.1709,-14.0606],[-52.1685,-14.0604],[-52.1685,-14.0613]]]}},{"type":"Feature","properties":{"c":"b9","b":9,"n":"Boa Esperança","m":"5100250","cx":-56.0755,"cy":-9.8394},"geometry":{"type":"Polygon","coordinates":[[[-56.0755,-9.8448],[-56.0761,-9.8446],[-56.0761,-9.8442],[-56.0768,-9.8434],[-56.0763,-9.8424],[-56.0766,-9.8415],[-56.0771,-9.8406],[-56.0772,-9.8399],[-56.077,-9.839],[-56.0772,-9.8373],[-56.0771,-9.8358],[-56.0761,-9.8349],[-56.0759,-9.8345],[-56.0726,-9.8355],[-56.0747,-9.842],[-56.0755,-9.8448]]]}},{"type":"Feature","properties":{"c":"b10","b":10,"n":"Boa Nova","m":"5100250","cx":-56.0696,"cy":-9.8815},"geometry":{"type":"Polygon","coordinates":[[[-56.0658,-9.8731],[-56.0652,-9.8729],[-56.0645,-9.8732],[-56.064,-9.8729],[-56.063,-9.8732],[-56.0668,-9.8861],[-56.0664,-9.8873],[-56.067,-9.888],[-56.0679,-9.8895],[-56.0688,-9.8893],[-56.0691,-9.8897],[-56.0697,-9.8896],[-56.0706,-9.8889],[-56.071,-9.8881],[-56.0716,-9.8884],[-56.0723,-9.8874],[-56.0737,-9.8874],[-56.0738,-9.8868],[-56.073,-9.8859],[-56.0746,-9.8836],[-56.0747,-9.8828],[-56.0743,-9.882],[-56.0731,-9.8809],[-56.0716,-9.8791],[-56.0697,-9.8766],[-56.0686,-9.8757],[-56.0672,-9.8728],[-56.0658,-9.8731]]]}},{"type":"Feature","properties":{"c":"b11","b":11,"n":"Bom Jesus","m":"5100250","cx":-56.0752,"cy":-9.8606},"geometry":{"type":"Polygon","coordinates":[[[-56.0814,-9.863],[-56.0805,-9.8602],[-56.0798,-9.8574],[-56.079,-9.8566],[-56.0783,-9.8563],[-56.0777,-9.8556],[-56.0769,-9.8555],[-56.0762,-9.8558],[-56.0755,-9.8573],[-56.0749,-9.8575],[-56.0741,-9.8571],[-56.0726,-9.8569],[-56.0715,-9.8573],[-56.0709,-9.8581],[-56.0674,-9.8594],[-56.0706,-9.8611],[-56.0716,-9.8618],[-56.072,-9.8628],[-56.0729,-9.8658],[-56.0818,-9.8632],[-56.0814,-9.863]]]}},{"type":"Feature","properties":{"c":"b12","b":12,"n":"Bom Pastor","m":"5100250","cx":-56.0716,"cy":-9.8451},"geometry":{"type":"Polygon","coordinates":[[[-56.0701,-9.8477],[-56.071,-9.8481],[-56.072,-9.8488],[-56.0725,-9.8506],[-56.0728,-9.8519],[-56.0753,-9.8511],[-56.0756,-9.8509],[-56.073,-9.8425],[-56.0728,-9.842],[-56.0718,-9.8423],[-56.0714,-9.841],[-56.0684,-9.8419],[-56.0701,-9.8477]]]}},{"type":"Feature","properties":{"c":"b13","b":13,"n":"Cidade Alta","m":"5100250","cx":-56.0685,"cy":-9.854},"geometry":{"type":"Polygon","coordinates":[[[-56.0598,-9.8531],[-56.06,-9.8536],[-56.0612,-9.8547],[-56.0622,-9.8552],[-56.0645,-9.8566],[-56.0655,-9.8574],[-56.0662,-9.8573],[-56.0667,-9.8588],[-56.0674,-9.8594],[-56.0709,-9.8581],[-56.0715,-9.8573],[-56.0726,-9.8569],[-56.0741,-9.8571],[-56.0749,-9.8575],[-56.0755,-9.8573],[-56.0762,-9.8558],[-56.0769,-9.8555],[-56.0767,-9.8544],[-56.0759,-9.852],[-56.0758,-9.851],[-56.0756,-9.8509],[-56.0753,-9.8511],[-56.0728,-9.8519],[-56.0725,-9.8506],[-56.072,-9.8508],[-56.0709,-9.8502],[-56.0702,-9.849],[-56.0689,-9.8487],[-56.0671,-9.8479],[-56.0665,-9.8494],[-56.0597,-9.8514],[-56.0584,-9.8517],[-56.0598,-9.8531]]]}},{"type":"Feature","properties":{"c":"b14","b":14,"n":"Cidade Bela","m":"5100250","cx":-56.0828,"cy":-9.8536},"geometry":{"type":"Polygon","coordinates":[[[-56.0777,-9.8556],[-56.0783,-9.8563],[-56.079,-9.8566],[-56.0798,-9.8574],[-56.0815,-9.858],[-56.0829,-9.8579],[-56.0861,-9.8573],[-56.0868,-9.857],[-56.087,-9.8562],[-56.0881,-9.8551],[-56.0894,-9.8547],[-56.0879,-9.85],[-56.086,-9.8506],[-56.0862,-9.8511],[-56.0855,-9.8528],[-56.0851,-9.8529],[-56.0847,-9.8526],[-56.0841,-9.8499],[-56.0832,-9.8494],[-56.0827,-9.8488],[-56.0818,-9.8481],[-56.0808,-9.8494],[-56.0758,-9.851],[-56.0759,-9.852],[-56.0767,-9.8544],[-56.0769,-9.8555],[-56.0777,-9.8556]]]}},{"type":"Feature","properties":{"c":"b15","b":15,"n":"Distrito Industrial","m":"5100250","cx":-56.0589,"cy":-9.8455},"geometry":{"type":"Polygon","coordinates":[[[-56.0597,-9.8514],[-56.0665,-9.8494],[-56.0671,-9.8479],[-56.0665,-9.8478],[-56.0649,-9.848],[-56.0639,-9.8474],[-56.0633,-9.8462],[-56.0634,-9.8452],[-56.0632,-9.8447],[-56.0634,-9.8434],[-56.0638,-9.8426],[-56.0639,-9.8411],[-56.0627,-9.8397],[-56.0622,-9.8385],[-56.0531,-9.8412],[-56.0537,-9.8431],[-56.0538,-9.844],[-56.0541,-9.8444],[-56.0546,-9.8459],[-56.0549,-9.8474],[-56.0556,-9.8493],[-56.0561,-9.8499],[-56.0567,-9.8522],[-56.0584,-9.8517],[-56.0597,-9.8514]]]}},{"type":"Feature","properties":{"c":"b16","b":16,"n":"Jardim Flamboyant","m":"5100250","cx":-56.0677,"cy":-9.8621},"geometry":{"type":"Polygon","coordinates":[[[-56.0674,-9.8594],[-56.0667,-9.8588],[-56.066,-9.8594],[-56.0657,-9.8607],[-56.0647,-9.8657],[-56.0663,-9.8659],[-56.0666,-9.8643],[-56.0678,-9.864],[-56.0699,-9.8624],[-56.07,-9.8618],[-56.0706,-9.8611],[-56.0674,-9.8594]]]}},{"type":"Feature","properties":{"c":"b17","b":17,"n":"Jardim Guaraná","m":"5100250","cx":-56.0706,"cy":-9.839},"geometry":{"type":"Polygon","coordinates":[[[-56.0714,-9.841],[-56.0718,-9.8423],[-56.0728,-9.842],[-56.073,-9.8425],[-56.0747,-9.842],[-56.0726,-9.8355],[-56.0683,-9.8367],[-56.0669,-9.8371],[-56.0684,-9.8419],[-56.0714,-9.841]]]}},{"type":"Feature","properties":{"c":"b18","b":18,"n":"Jardim Imperial","m":"5100250","cx":-56.0775,"cy":-9.8471},"geometry":{"type":"Polygon","coordinates":[[[-56.0747,-9.842],[-56.073,-9.8425],[-56.0756,-9.8509],[-56.0758,-9.851],[-56.0808,-9.8494],[-56.0818,-9.8481],[-56.0788,-9.8457],[-56.0783,-9.8456],[-56.076,-9.8462],[-56.0755,-9.8448],[-56.0747,-9.842]]]}},{"type":"Feature","properties":{"c":"b19","b":19,"n":"Jardim Oliveiras","m":"5100250","cx":-56.0916,"cy":-9.9085},"geometry":{"type":"Polygon","coordinates":[[[-56.0941,-9.9116],[-56.0919,-9.9045],[-56.0909,-9.906],[-56.0905,-9.9073],[-56.0904,-9.9082],[-56.0898,-9.9089],[-56.0895,-9.9106],[-56.0893,-9.9112],[-56.0895,-9.9129],[-56.0941,-9.9116]]]}},{"type":"Feature","properties":{"c":"b20","b":20,"n":"Jardim Panorama","m":"5100250","cx":-56.0725,"cy":-9.9135},"geometry":{"type":"Polygon","coordinates":[[[-56.0724,-9.9071],[-56.0716,-9.9051],[-56.0665,-9.9066],[-56.067,-9.9085],[-56.0685,-9.9077],[-56.0688,-9.9079],[-56.0698,-9.9112],[-56.0691,-9.9114],[-56.07,-9.9145],[-56.0722,-9.9217],[-56.0772,-9.9201],[-56.0757,-9.9149],[-56.0749,-9.9124],[-56.0743,-9.9103],[-56.0737,-9.9086],[-56.0724,-9.9071]]]}},{"type":"Feature","properties":{"c":"b21","b":21,"n":"Jardim Perimetral","m":"5100250","cx":-56.0719,"cy":-9.8705},"geometry":{"type":"Polygon","coordinates":[[[-56.0686,-9.8757],[-56.0697,-9.8766],[-56.0756,-9.8748],[-56.0735,-9.8678],[-56.0729,-9.8658],[-56.072,-9.8628],[-56.0708,-9.8629],[-56.0701,-9.8632],[-56.0693,-9.8647],[-56.0693,-9.8663],[-56.069,-9.8674],[-56.0694,-9.8695],[-56.0695,-9.8715],[-56.0686,-9.8721],[-56.0681,-9.8728],[-56.0672,-9.8728],[-56.0686,-9.8757]]]}},{"type":"Feature","properties":{"c":"b22","b":22,"n":"Jardim Primavera","m":"5100250","cx":-56.0867,"cy":-9.9151},"geometry":{"type":"Polygon","coordinates":[[[-56.0869,-9.9133],[-56.0877,-9.913],[-56.0874,-9.9118],[-56.0865,-9.9121],[-56.086,-9.9106],[-56.0847,-9.9109],[-56.088,-9.9217],[-56.0893,-9.9212],[-56.0879,-9.9169],[-56.0869,-9.9133]]]}},{"type":"Feature","properties":{"c":"b23","b":23,"n":"Jardim Renascer","m":"5100250","cx":-56.0749,"cy":-9.9066},"geometry":{"type":"Polygon","coordinates":[[[-56.0716,-9.9051],[-56.0724,-9.9071],[-56.0737,-9.9086],[-56.0758,-9.9097],[-56.0777,-9.9093],[-56.077,-9.9068],[-56.0781,-9.9065],[-56.0772,-9.9034],[-56.0725,-9.9049],[-56.0716,-9.9051]]]}},{"type":"Feature","properties":{"c":"b24","b":24,"n":"Jardim Tropical","m":"5100250","cx":-56.0928,"cy":-9.9009},"geometry":{"type":"Polygon","coordinates":[[[-56.0916,-9.9033],[-56.095,-9.9025],[-56.0952,-9.9024],[-56.094,-9.8985],[-56.0905,-9.8995],[-56.0916,-9.9033]]]}},{"type":"Feature","properties":{"c":"b25","b":25,"n":"Jardim das Araras","m":"5100250","cx":-56.0749,"cy":-9.8983},"geometry":{"type":"Polygon","coordinates":[[[-56.0763,-9.8945],[-56.0737,-9.894],[-56.0726,-9.8934],[-56.0719,-9.8935],[-56.0693,-9.8944],[-56.0725,-9.9049],[-56.0772,-9.9034],[-56.08,-9.9026],[-56.0796,-9.9012],[-56.079,-9.8954],[-56.0763,-9.8945]]]}},{"type":"Feature","properties":{"c":"b26","b":26,"n":"Jardim das Flores","m":"5100250","cx":-56.0662,"cy":-9.844},"geometry":{"type":"Polygon","coordinates":[[[-56.0669,-9.8371],[-56.0622,-9.8385],[-56.0627,-9.8397],[-56.0639,-9.8411],[-56.0638,-9.8426],[-56.0634,-9.8434],[-56.0632,-9.8447],[-56.0634,-9.8452],[-56.0633,-9.8462],[-56.0639,-9.8474],[-56.0649,-9.848],[-56.0665,-9.8478],[-56.0671,-9.8479],[-56.0689,-9.8487],[-56.0702,-9.849],[-56.0709,-9.8502],[-56.072,-9.8508],[-56.0725,-9.8506],[-56.072,-9.8488],[-56.071,-9.8481],[-56.0701,-9.8477],[-56.0684,-9.8419],[-56.0669,-9.8371]]]}},{"type":"Feature","properties":{"c":"b27","b":27,"n":"Parque dos Lagos","m":"5100250","cx":-56.0809,"cy":-9.8988},"geometry":{"type":"Polygon","coordinates":[[[-56.0796,-9.9012],[-56.08,-9.9026],[-56.0827,-9.9018],[-56.0827,-9.8997],[-56.082,-9.898],[-56.0809,-9.8963],[-56.079,-9.8954],[-56.0796,-9.9012]]]}},{"type":"Feature","properties":{"c":"b28","b":28,"n":"Residencial Universitário","m":"5100250","cx":-56.098,"cy":-9.9037},"geometry":{"type":"Polygon","coordinates":[[[-56.094,-9.8985],[-56.0952,-9.9024],[-56.0958,-9.9044],[-56.0963,-9.9057],[-56.0973,-9.9073],[-56.0975,-9.9085],[-56.1007,-9.9075],[-56.1,-9.9052],[-56.1009,-9.9049],[-56.1003,-9.9029],[-56.1027,-9.9022],[-56.1028,-9.9019],[-56.1025,-9.9009],[-56.1022,-9.9009],[-56.099,-9.9019],[-56.0985,-9.8999],[-56.0977,-9.8974],[-56.094,-9.8985]]]}},{"type":"Feature","properties":{"c":"b29","b":29,"n":"Residencial das Mangueiras ou Simplesmente R das Mangueiras","m":"5100250","cx":-56.1021,"cy":-9.9107},"geometry":{"type":"Polygon","coordinates":[[[-56.0984,-9.913],[-56.1064,-9.9105],[-56.1058,-9.9086],[-56.0978,-9.9109],[-56.0984,-9.913]]]}},{"type":"Feature","properties":{"c":"b30","b":30,"n":"Santa Maria","m":"5100250","cx":-56.0976,"cy":-9.868},"geometry":{"type":"Polygon","coordinates":[[[-56.0968,-9.8587],[-56.0854,-9.8621],[-56.0858,-9.8633],[-56.087,-9.8674],[-56.0899,-9.8666],[-56.0911,-9.867],[-56.0929,-9.8664],[-56.0935,-9.8686],[-56.0953,-9.8745],[-56.0969,-9.8736],[-56.1047,-9.8767],[-56.1036,-9.8729],[-56.1013,-9.8661],[-56.101,-9.8658],[-56.0994,-9.8645],[-56.0999,-9.8622],[-56.0986,-9.8609],[-56.0978,-9.8584],[-56.0968,-9.8587]]]}},{"type":"Feature","properties":{"c":"b31","b":31,"n":"Setor Trevo","m":"5100250","cx":-56.0934,"cy":-9.894},"geometry":{"type":"Polygon","coordinates":[[[-56.0809,-9.8963],[-56.082,-9.898],[-56.0827,-9.8997],[-56.0827,-9.9018],[-56.0889,-9.9],[-56.0905,-9.8995],[-56.094,-9.8985],[-56.0977,-9.8974],[-56.1018,-9.8959],[-56.0986,-9.885],[-56.0961,-9.8853],[-56.0962,-9.8861],[-56.0956,-9.8882],[-56.0958,-9.8891],[-56.0946,-9.8915],[-56.09,-9.8895],[-56.0879,-9.8912],[-56.0869,-9.891],[-56.0855,-9.8926],[-56.0854,-9.8932],[-56.0858,-9.8949],[-56.079,-9.8951],[-56.079,-9.8954],[-56.0809,-9.8963]]]}},{"type":"Feature","properties":{"c":"b32","b":32,"n":"São José Operário","m":"5100250","cx":-56.0873,"cy":-9.8594},"geometry":{"type":"Polygon","coordinates":[[[-56.0977,-9.858],[-56.0961,-9.8566],[-56.0959,-9.8558],[-56.095,-9.855],[-56.0917,-9.8564],[-56.0897,-9.8546],[-56.0894,-9.8547],[-56.0881,-9.8551],[-56.087,-9.8562],[-56.0868,-9.857],[-56.0861,-9.8573],[-56.0829,-9.8579],[-56.0815,-9.858],[-56.0798,-9.8574],[-56.0805,-9.8602],[-56.0814,-9.863],[-56.0818,-9.8632],[-56.0854,-9.8621],[-56.0968,-9.8587],[-56.0978,-9.8584],[-56.0977,-9.858]]]}},{"type":"Feature","properties":{"c":"b33","b":33,"n":"Vila Nova","m":"5100250","cx":-56.0854,"cy":-9.8325},"geometry":{"type":"Polygon","coordinates":[[[-56.0879,-9.8342],[-56.087,-9.8314],[-56.0797,-9.8336],[-56.0784,-9.8338],[-56.077,-9.8342],[-56.0821,-9.8354],[-56.0831,-9.8355],[-56.0873,-9.8342],[-56.0879,-9.8342]]]}},{"type":"Feature","properties":{"c":"b34","b":34,"n":"Aeroporto","m":"5100300","cx":-53.2312,"cy":-17.3225},"geometry":{"type":"Polygon","coordinates":[[[-53.2259,-17.3126],[-53.2238,-17.3148],[-53.2245,-17.3155],[-53.2234,-17.3165],[-53.2203,-17.3196],[-53.2213,-17.3226],[-53.2228,-17.328],[-53.2236,-17.3314],[-53.2237,-17.3334],[-53.2243,-17.3335],[-53.2248,-17.3338],[-53.2255,-17.3339],[-53.2268,-17.3334],[-53.2279,-17.3329],[-53.2297,-17.3324],[-53.2319,-17.3311],[-53.2328,-17.3303],[-53.2336,-17.3294],[-53.2339,-17.3284],[-53.2351,-17.3274],[-53.2356,-17.326],[-53.2362,-17.3256],[-53.2389,-17.3247],[-53.2402,-17.3241],[-53.2411,-17.324],[-53.2416,-17.3243],[-53.2418,-17.3232],[-53.2418,-17.3224],[-53.2412,-17.3226],[-53.2399,-17.3209],[-53.2369,-17.3196],[-53.2364,-17.3189],[-53.2366,-17.318],[-53.2358,-17.3173],[-53.236,-17.3167],[-53.2365,-17.317],[-53.2367,-17.3165],[-53.2363,-17.3159],[-53.2365,-17.3148],[-53.2361,-17.3141],[-53.2355,-17.3139],[-53.2346,-17.3128],[-53.2335,-17.313],[-53.2326,-17.3123],[-53.2325,-17.3132],[-53.2322,-17.3127],[-53.2319,-17.3132],[-53.2307,-17.3128],[-53.2298,-17.3115],[-53.2289,-17.311],[-53.2284,-17.3113],[-53.228,-17.3111],[-53.2268,-17.3117],[-53.2259,-17.3123],[-53.2259,-17.3126]]]}},{"type":"Feature","properties":{"c":"b35","b":35,"n":"Alvorada","m":"5100300","cx":-53.2143,"cy":-17.3101},"geometry":{"type":"Polygon","coordinates":[[[-53.2152,-17.3119],[-53.216,-17.3111],[-53.2168,-17.3103],[-53.2163,-17.3099],[-53.217,-17.3092],[-53.2153,-17.3078],[-53.2146,-17.3075],[-53.214,-17.3077],[-53.2132,-17.3093],[-53.2113,-17.3106],[-53.2103,-17.3108],[-53.2097,-17.3113],[-53.2098,-17.3121],[-53.2103,-17.3126],[-53.2113,-17.3119],[-53.2119,-17.3112],[-53.2137,-17.3105],[-53.2146,-17.3107],[-53.2145,-17.3113],[-53.2152,-17.3119]]]}},{"type":"Feature","properties":{"c":"b36","b":36,"n":"Atlântico","m":"5100300","cx":-53.2196,"cy":-17.3171},"geometry":{"type":"Polygon","coordinates":[[[-53.2202,-17.3135],[-53.2159,-17.3178],[-53.2191,-17.3208],[-53.2203,-17.3196],[-53.2234,-17.3165],[-53.2202,-17.3135]]]}},{"type":"Feature","properties":{"c":"b37","b":37,"n":"Beira Rio","m":"5100300","cx":-53.2114,"cy":-17.3143},"geometry":{"type":"Polygon","coordinates":[[[-53.2138,-17.3126],[-53.2132,-17.3134],[-53.2121,-17.3142],[-53.2108,-17.3137],[-53.209,-17.3137],[-53.2085,-17.3141],[-53.2086,-17.3145],[-53.2092,-17.316],[-53.2105,-17.3174],[-53.211,-17.3178],[-53.211,-17.3176],[-53.2144,-17.3142],[-53.2168,-17.3118],[-53.216,-17.3111],[-53.2152,-17.3119],[-53.2145,-17.3113],[-53.2138,-17.3126]]]}},{"type":"Feature","properties":{"c":"b38","b":38,"n":"Boiadeiro","m":"5100300","cx":-53.222,"cy":-17.312},"geometry":{"type":"Polygon","coordinates":[[[-53.2249,-17.3118],[-53.2242,-17.3111],[-53.2242,-17.31],[-53.225,-17.3096],[-53.2252,-17.309],[-53.2263,-17.3079],[-53.2255,-17.3078],[-53.225,-17.3074],[-53.2242,-17.3073],[-53.2231,-17.3079],[-53.2218,-17.308],[-53.2213,-17.3078],[-53.2216,-17.3075],[-53.2203,-17.3078],[-53.2202,-17.3086],[-53.2198,-17.3087],[-53.2195,-17.3094],[-53.2191,-17.309],[-53.2186,-17.3091],[-53.2186,-17.3087],[-53.218,-17.3095],[-53.2177,-17.3096],[-53.2188,-17.3099],[-53.2176,-17.3111],[-53.2202,-17.3135],[-53.2234,-17.3165],[-53.2245,-17.3155],[-53.2238,-17.3148],[-53.2259,-17.3126],[-53.2259,-17.3123],[-53.2249,-17.3118]]]}},{"type":"Feature","properties":{"c":"b39","b":39,"n":"Centro","m":"5100300","cx":-53.2152,"cy":-17.3159},"geometry":{"type":"Polygon","coordinates":[[[-53.2176,-17.3111],[-53.2188,-17.3099],[-53.2177,-17.3096],[-53.217,-17.3092],[-53.2163,-17.3099],[-53.2168,-17.3103],[-53.216,-17.3111],[-53.2168,-17.3118],[-53.2144,-17.3142],[-53.211,-17.3176],[-53.211,-17.3178],[-53.212,-17.3186],[-53.2121,-17.319],[-53.213,-17.3201],[-53.2136,-17.3204],[-53.215,-17.3202],[-53.2141,-17.3196],[-53.2159,-17.3178],[-53.2202,-17.3135],[-53.2176,-17.3111]]]}},{"type":"Feature","properties":{"c":"b40","b":40,"n":"Cohab","m":"5100300","cx":-53.219,"cy":-17.3051},"geometry":{"type":"Polygon","coordinates":[[[-53.2194,-17.3069],[-53.2194,-17.3066],[-53.2214,-17.3055],[-53.2211,-17.3048],[-53.2204,-17.3039],[-53.2194,-17.3031],[-53.2193,-17.3026],[-53.2178,-17.3026],[-53.2172,-17.3034],[-53.2163,-17.3041],[-53.2168,-17.3054],[-53.2175,-17.3059],[-53.2182,-17.3068],[-53.2188,-17.3073],[-53.2194,-17.3069]]]}},{"type":"Feature","properties":{"c":"b41","b":41,"n":"Distrito Industrial","m":"5100300","cx":-53.2632,"cy":-17.2811},"geometry":{"type":"Polygon","coordinates":[[[-53.2617,-17.2785],[-53.2589,-17.2792],[-53.2606,-17.2847],[-53.2641,-17.2853],[-53.2644,-17.2846],[-53.2642,-17.2837],[-53.2675,-17.283],[-53.2663,-17.2788],[-53.2658,-17.2775],[-53.2681,-17.277],[-53.2663,-17.2755],[-53.2614,-17.2768],[-53.2611,-17.2769],[-53.2617,-17.2785]]]}},{"type":"Feature","properties":{"c":"b42","b":42,"n":"Dom Bosco","m":"5100300","cx":-53.2175,"cy":-17.3236},"geometry":{"type":"Polygon","coordinates":[[[-53.2141,-17.3196],[-53.215,-17.3202],[-53.2155,-17.3205],[-53.2152,-17.3214],[-53.215,-17.3225],[-53.2147,-17.3227],[-53.2134,-17.3225],[-53.2133,-17.3233],[-53.2137,-17.3239],[-53.2154,-17.3246],[-53.2161,-17.325],[-53.2165,-17.3262],[-53.2174,-17.3263],[-53.2174,-17.3272],[-53.2166,-17.3283],[-53.2184,-17.3297],[-53.2201,-17.3288],[-53.2205,-17.3291],[-53.2213,-17.3288],[-53.2228,-17.328],[-53.2213,-17.3226],[-53.2203,-17.3196],[-53.2191,-17.3208],[-53.2159,-17.3178],[-53.2141,-17.3196]]]}},{"type":"Feature","properties":{"c":"b43","b":43,"n":"Novo Araguaia","m":"5100300","cx":-53.2466,"cy":-17.292},"geometry":{"type":"Polygon","coordinates":[[[-53.2397,-17.297],[-53.2441,-17.2981],[-53.2449,-17.2984],[-53.2452,-17.298],[-53.2447,-17.2934],[-53.2469,-17.2935],[-53.2483,-17.2937],[-53.2493,-17.2945],[-53.2498,-17.2947],[-53.252,-17.294],[-53.2521,-17.2929],[-53.2516,-17.2912],[-53.251,-17.2902],[-53.2501,-17.2896],[-53.2499,-17.2886],[-53.2501,-17.2872],[-53.2501,-17.2852],[-53.2498,-17.2847],[-53.2397,-17.2934],[-53.2391,-17.2942],[-53.2384,-17.2954],[-53.2382,-17.2962],[-53.2397,-17.297]]]}},{"type":"Feature","properties":{"c":"b44","b":44,"n":"Primavera","m":"5100300","cx":-53.2192,"cy":-17.3079},"geometry":{"type":"Polygon","coordinates":[[[-53.2188,-17.3073],[-53.2186,-17.3087],[-53.2186,-17.3091],[-53.2191,-17.309],[-53.2195,-17.3094],[-53.2198,-17.3087],[-53.2196,-17.3084],[-53.2198,-17.3069],[-53.2194,-17.3069],[-53.2188,-17.3073]]]}},{"type":"Feature","properties":{"c":"b45","b":45,"n":"São Francisco de Assis","m":"5100300","cx":-53.2241,"cy":-17.305},"geometry":{"type":"Polygon","coordinates":[[[-53.2194,-17.3066],[-53.2194,-17.3069],[-53.2198,-17.3069],[-53.2196,-17.3084],[-53.2198,-17.3087],[-53.2202,-17.3086],[-53.2203,-17.3078],[-53.2216,-17.3075],[-53.2213,-17.3078],[-53.2218,-17.308],[-53.2231,-17.3079],[-53.2242,-17.3073],[-53.225,-17.3074],[-53.2255,-17.306],[-53.2259,-17.3043],[-53.2266,-17.3028],[-53.2275,-17.3017],[-53.2275,-17.3012],[-53.227,-17.3011],[-53.2263,-17.3025],[-53.2254,-17.3037],[-53.2235,-17.3045],[-53.2214,-17.3055],[-53.2194,-17.3066]]]}},{"type":"Feature","properties":{"c":"b46","b":46,"n":"Bom Jesus","m":"5100805","cx":-57.3953,"cy":-9.5645},"geometry":{"type":"Polygon","coordinates":[[[-57.3929,-9.5605],[-57.3938,-9.5631],[-57.3921,-9.5634],[-57.3929,-9.5679],[-57.3923,-9.568],[-57.3925,-9.5691],[-57.3955,-9.5686],[-57.3956,-9.5698],[-57.3994,-9.5697],[-57.3993,-9.5679],[-57.3986,-9.5656],[-57.3965,-9.5593],[-57.3929,-9.5605]]]}},{"type":"Feature","properties":{"c":"b47","b":47,"n":"Jardim das Nações","m":"5100805","cx":-57.3863,"cy":-9.5643},"geometry":{"type":"Polygon","coordinates":[[[-57.3854,-9.5662],[-57.3878,-9.5658],[-57.3872,-9.5625],[-57.3848,-9.5628],[-57.3854,-9.5662]]]}},{"type":"Feature","properties":{"c":"b48","b":48,"n":"Pioneiro","m":"5100805","cx":-57.3854,"cy":-9.5584},"geometry":{"type":"Polygon","coordinates":[[[-57.3873,-9.5624],[-57.3866,-9.5578],[-57.3879,-9.5577],[-57.3874,-9.5546],[-57.3837,-9.5552],[-57.3842,-9.559],[-57.3848,-9.5628],[-57.3872,-9.5625],[-57.3873,-9.5624]]]}},{"type":"Feature","properties":{"c":"b49","b":49,"n":"Primavera","m":"5100805","cx":-57.4017,"cy":-9.571},"geometry":{"type":"Polygon","coordinates":[[[-57.3994,-9.5699],[-57.3995,-9.5722],[-57.4039,-9.5722],[-57.4038,-9.5693],[-57.4019,-9.5694],[-57.4005,-9.5699],[-57.3994,-9.5699]]]}},{"type":"Feature","properties":{"c":"b50","b":50,"n":"Centro","m":"5101209","cx":-53.0361,"cy":-16.8554},"geometry":{"type":"Polygon","coordinates":[[[-53.036,-16.8571],[-53.0358,-16.8581],[-53.0379,-16.8584],[-53.0378,-16.8579],[-53.0381,-16.8563],[-53.038,-16.8545],[-53.0381,-16.8539],[-53.037,-16.8531],[-53.0348,-16.8526],[-53.0339,-16.8566],[-53.036,-16.8571]]]}},{"type":"Feature","properties":{"c":"b51","b":51,"n":"Cohab","m":"5101209","cx":-53.0316,"cy":-16.8574},"geometry":{"type":"Polygon","coordinates":[[[-53.0332,-16.8596],[-53.0339,-16.8566],[-53.0298,-16.8558],[-53.0292,-16.8582],[-53.0296,-16.8588],[-53.0332,-16.8596]]]}},{"type":"Feature","properties":{"c":"b52","b":52,"n":"João de Barro","m":"5101209","cx":-53.037,"cy":-16.8603},"geometry":{"type":"Polygon","coordinates":[[[-53.036,-16.8628],[-53.0368,-16.863],[-53.0377,-16.8628],[-53.0384,-16.8623],[-53.0387,-16.8616],[-53.0388,-16.8607],[-53.0386,-16.8599],[-53.0379,-16.8584],[-53.0358,-16.8581],[-53.035,-16.8621],[-53.036,-16.8628]]]}},{"type":"Feature","properties":{"c":"b53","b":53,"n":"Nossa Senhora Aparecida","m":"5101209","cx":-53.0328,"cy":-16.8544},"geometry":{"type":"Polygon","coordinates":[[[-53.0339,-16.8566],[-53.0348,-16.8526],[-53.0326,-16.8522],[-53.0322,-16.8541],[-53.0314,-16.8541],[-53.0309,-16.8549],[-53.03,-16.8548],[-53.0298,-16.8558],[-53.0339,-16.8566]]]}},{"type":"Feature","properties":{"c":"b54","b":54,"n":"São Francisco","m":"5101209","cx":-53.0329,"cy":-16.8608},"geometry":{"type":"Polygon","coordinates":[[[-53.0319,-16.864],[-53.0326,-16.8649],[-53.0335,-16.8629],[-53.034,-16.8623],[-53.035,-16.8621],[-53.0358,-16.8581],[-53.036,-16.8571],[-53.0339,-16.8566],[-53.0332,-16.8596],[-53.0296,-16.8588],[-53.0319,-16.864]]]}},{"type":"Feature","properties":{"c":"b55","b":55,"n":"Bela Vista","m":"5101308","cx":-56.8361,"cy":-14.4646},"geometry":{"type":"Polygon","coordinates":[[[-56.8425,-14.4601],[-56.8374,-14.4594],[-56.8372,-14.461],[-56.8323,-14.4603],[-56.8324,-14.4609],[-56.832,-14.4616],[-56.8315,-14.4613],[-56.8308,-14.4616],[-56.8306,-14.462],[-56.8308,-14.4627],[-56.8302,-14.4631],[-56.8297,-14.464],[-56.8315,-14.4656],[-56.831,-14.468],[-56.8332,-14.4696],[-56.8336,-14.4692],[-56.8355,-14.4679],[-56.8379,-14.4653],[-56.8417,-14.4658],[-56.8425,-14.4601]]]}},{"type":"Feature","properties":{"c":"b56","b":56,"n":"Bolívia","m":"5101308","cx":-56.8495,"cy":-14.4505},"geometry":{"type":"Polygon","coordinates":[[[-56.8483,-14.4525],[-56.8502,-14.4521],[-56.8506,-14.4522],[-56.8512,-14.453],[-56.8518,-14.4528],[-56.8515,-14.4518],[-56.8514,-14.451],[-56.8516,-14.4501],[-56.8521,-14.4498],[-56.8499,-14.4491],[-56.8501,-14.4486],[-56.8483,-14.448],[-56.8474,-14.4511],[-56.8472,-14.4522],[-56.8483,-14.4525]]]}},{"type":"Feature","properties":{"c":"b57","b":57,"n":"Campinas","m":"5101308","cx":-56.8386,"cy":-14.452},"geometry":{"type":"Polygon","coordinates":[[[-56.8356,-14.4512],[-56.8357,-14.4516],[-56.8338,-14.4538],[-56.8355,-14.4561],[-56.8359,-14.4559],[-56.8363,-14.4561],[-56.8366,-14.4552],[-56.8371,-14.4548],[-56.8366,-14.4538],[-56.8368,-14.4532],[-56.8382,-14.4531],[-56.8386,-14.454],[-56.8396,-14.4542],[-56.8417,-14.4525],[-56.8422,-14.4515],[-56.8417,-14.4506],[-56.8423,-14.4503],[-56.842,-14.45],[-56.8405,-14.4497],[-56.8395,-14.4493],[-56.8391,-14.4493],[-56.839,-14.4499],[-56.8375,-14.4499],[-56.8374,-14.4488],[-56.8362,-14.4489],[-56.8362,-14.45],[-56.8356,-14.4512]]]}},{"type":"Feature","properties":{"c":"b58","b":58,"n":"Centro","m":"5101308","cx":-56.845,"cy":-14.4497},"geometry":{"type":"Polygon","coordinates":[[[-56.8423,-14.4503],[-56.8417,-14.4506],[-56.8422,-14.4515],[-56.8431,-14.4515],[-56.8438,-14.4518],[-56.8472,-14.4522],[-56.8474,-14.4511],[-56.8483,-14.448],[-56.8443,-14.4469],[-56.843,-14.4495],[-56.8426,-14.4493],[-56.842,-14.45],[-56.8423,-14.4503]]]}},{"type":"Feature","properties":{"c":"b59","b":59,"n":"Jardim Canaã","m":"5101308","cx":-56.8499,"cy":-14.4633},"geometry":{"type":"Polygon","coordinates":[[[-56.8481,-14.4667],[-56.8472,-14.4666],[-56.8483,-14.4705],[-56.8481,-14.4707],[-56.8486,-14.4719],[-56.8512,-14.4712],[-56.8536,-14.4707],[-56.8513,-14.4676],[-56.8512,-14.4674],[-56.851,-14.4598],[-56.85,-14.4601],[-56.8491,-14.4601],[-56.8481,-14.4667]]]}},{"type":"Feature","properties":{"c":"b60","b":60,"n":"Novo Horizonte","m":"5101308","cx":-56.8398,"cy":-14.4555},"geometry":{"type":"Polygon","coordinates":[[[-56.8431,-14.4515],[-56.8422,-14.4515],[-56.8417,-14.4525],[-56.8396,-14.4542],[-56.8386,-14.454],[-56.8382,-14.4531],[-56.8368,-14.4532],[-56.8366,-14.4538],[-56.8371,-14.4548],[-56.8366,-14.4552],[-56.8363,-14.4561],[-56.8359,-14.4559],[-56.8352,-14.4563],[-56.8348,-14.4562],[-56.8348,-14.4569],[-56.8342,-14.4568],[-56.8344,-14.4575],[-56.8341,-14.4587],[-56.8337,-14.459],[-56.8374,-14.4594],[-56.8425,-14.4601],[-56.8435,-14.4527],[-56.8438,-14.4518],[-56.8431,-14.4515]]]}},{"type":"Feature","properties":{"c":"b61","b":61,"n":"Planalto dos Diamantes","m":"5101308","cx":-56.8412,"cy":-14.4761},"geometry":{"type":"Polygon","coordinates":[[[-56.838,-14.4792],[-56.8436,-14.4788],[-56.8444,-14.4731],[-56.8389,-14.4735],[-56.838,-14.4792]]]}},{"type":"Feature","properties":{"c":"b62","b":62,"n":"Primavera","m":"5101308","cx":-56.8338,"cy":-14.4725},"geometry":{"type":"Polygon","coordinates":[[[-56.8379,-14.4653],[-56.8355,-14.4679],[-56.8336,-14.4692],[-56.8332,-14.4696],[-56.832,-14.4715],[-56.8299,-14.474],[-56.8287,-14.4759],[-56.8311,-14.4765],[-56.8281,-14.4785],[-56.8338,-14.4795],[-56.838,-14.4792],[-56.8389,-14.4735],[-56.8351,-14.4737],[-56.8376,-14.4716],[-56.8397,-14.4694],[-56.8417,-14.4658],[-56.8379,-14.4653]]]}},{"type":"Feature","properties":{"c":"b63","b":63,"n":"São Mateus","m":"5101308","cx":-56.8448,"cy":-14.4723},"geometry":{"type":"Polygon","coordinates":[[[-56.8444,-14.4731],[-56.8436,-14.4788],[-56.8504,-14.4785],[-56.8495,-14.4751],[-56.8541,-14.4738],[-56.8535,-14.4728],[-56.8512,-14.4712],[-56.8486,-14.4719],[-56.8481,-14.4707],[-56.8483,-14.4705],[-56.8472,-14.4666],[-56.8417,-14.4658],[-56.8397,-14.4694],[-56.8376,-14.4716],[-56.8351,-14.4737],[-56.8389,-14.4735],[-56.8444,-14.4731]]]}},{"type":"Feature","properties":{"c":"b64","b":64,"n":"Vila Nova","m":"5101308","cx":-56.8447,"cy":-14.4568},"geometry":{"type":"Polygon","coordinates":[[[-56.8435,-14.4527],[-56.8425,-14.4601],[-56.8417,-14.4658],[-56.8472,-14.4666],[-56.8481,-14.4667],[-56.8491,-14.4601],[-56.8491,-14.4599],[-56.846,-14.4595],[-56.8468,-14.4542],[-56.8472,-14.4522],[-56.8438,-14.4518],[-56.8435,-14.4527]]]}},{"type":"Feature","properties":{"c":"b65","b":65,"n":"Vila Rica","m":"5101308","cx":-56.851,"cy":-14.4563},"geometry":{"type":"Polygon","coordinates":[[[-56.8468,-14.4542],[-56.846,-14.4595],[-56.8491,-14.4599],[-56.8491,-14.4601],[-56.85,-14.4601],[-56.851,-14.4598],[-56.8509,-14.4591],[-56.8529,-14.4583],[-56.8554,-14.4584],[-56.8555,-14.4544],[-56.8553,-14.4524],[-56.8545,-14.4516],[-56.854,-14.4514],[-56.8532,-14.4517],[-56.8526,-14.4522],[-56.8515,-14.4518],[-56.8518,-14.4528],[-56.8512,-14.453],[-56.8506,-14.4522],[-56.8502,-14.4521],[-56.8483,-14.4525],[-56.8472,-14.4522],[-56.8468,-14.4542]]]}},{"type":"Feature","properties":{"c":"b66","b":66,"n":"da Ponte","m":"5101308","cx":-56.8253,"cy":-14.4542},"geometry":{"type":"Polygon","coordinates":[[[-56.8308,-14.4616],[-56.8315,-14.4613],[-56.832,-14.4616],[-56.8324,-14.4609],[-56.8323,-14.4603],[-56.8322,-14.4597],[-56.8337,-14.459],[-56.8341,-14.4587],[-56.8344,-14.4575],[-56.8342,-14.4568],[-56.8348,-14.4569],[-56.8348,-14.4562],[-56.8352,-14.4563],[-56.8355,-14.4561],[-56.8338,-14.4538],[-56.8357,-14.4516],[-56.8356,-14.4512],[-56.8362,-14.45],[-56.8307,-14.4504],[-56.8283,-14.4489],[-56.8254,-14.4477],[-56.8249,-14.4474],[-56.8245,-14.4467],[-56.8219,-14.4486],[-56.8219,-14.4489],[-56.8212,-14.449],[-56.8212,-14.4502],[-56.8163,-14.4506],[-56.816,-14.4516],[-56.8168,-14.4515],[-56.8167,-14.4523],[-56.8163,-14.4532],[-56.8166,-14.4546],[-56.8165,-14.4562],[-56.8188,-14.4563],[-56.8223,-14.4561],[-56.8222,-14.4568],[-56.8231,-14.4573],[-56.8262,-14.4584],[-56.8277,-14.4598],[-56.8283,-14.4609],[-56.8291,-14.4617],[-56.8306,-14.462],[-56.8308,-14.4616]]]}},{"type":"Feature","properties":{"c":"b67","b":67,"n":"13 de Maio","m":"5101704","cx":-57.1947,"cy":-15.0664},"geometry":{"type":"Polygon","coordinates":[[[-57.1998,-15.0677],[-57.2016,-15.0675],[-57.2008,-15.0642],[-57.199,-15.0647],[-57.1959,-15.0653],[-57.1942,-15.0628],[-57.1935,-15.0637],[-57.1932,-15.0638],[-57.1917,-15.0637],[-57.1919,-15.063],[-57.188,-15.0621],[-57.1878,-15.063],[-57.1883,-15.0689],[-57.1885,-15.0709],[-57.1901,-15.0699],[-57.1904,-15.07],[-57.1965,-15.0685],[-57.1998,-15.0677]]]}},{"type":"Feature","properties":{"c":"b68","b":68,"n":"Centro","m":"5101704","cx":-57.1791,"cy":-15.0665},"geometry":{"type":"Polygon","coordinates":[[[-57.1766,-15.0771],[-57.178,-15.0765],[-57.1804,-15.0767],[-57.1821,-15.0767],[-57.1831,-15.0767],[-57.1828,-15.0693],[-57.1826,-15.0639],[-57.1811,-15.0639],[-57.18,-15.0635],[-57.1755,-15.0611],[-57.1755,-15.0638],[-57.1755,-15.0692],[-57.1755,-15.0724],[-57.1756,-15.0723],[-57.1755,-15.0749],[-57.1752,-15.0772],[-57.1766,-15.0771]]]}},{"type":"Feature","properties":{"c":"b69","b":69,"n":"Distrito Industrial","m":"5101704","cx":-57.187,"cy":-15.0403},"geometry":{"type":"Polygon","coordinates":[[[-57.1855,-15.0509],[-57.1864,-15.0509],[-57.1895,-15.051],[-57.1908,-15.0426],[-57.1928,-15.0422],[-57.1915,-15.0372],[-57.1915,-15.0369],[-57.1922,-15.0368],[-57.191,-15.0304],[-57.1849,-15.0315],[-57.1814,-15.0323],[-57.1816,-15.0385],[-57.182,-15.0482],[-57.1821,-15.0509],[-57.1855,-15.0509]]]}},{"type":"Feature","properties":{"c":"b70","b":70,"n":"Jardim Aeroporto","m":"5101704","cx":-57.1844,"cy":-15.0603},"geometry":{"type":"Polygon","coordinates":[[[-57.1878,-15.063],[-57.188,-15.0621],[-57.1857,-15.0614],[-57.1869,-15.0592],[-57.1832,-15.0575],[-57.1833,-15.0542],[-57.1838,-15.0539],[-57.1888,-15.0543],[-57.1891,-15.0541],[-57.1895,-15.051],[-57.1864,-15.0509],[-57.1855,-15.0509],[-57.1821,-15.0509],[-57.1824,-15.057],[-57.1826,-15.0639],[-57.1828,-15.0693],[-57.1862,-15.0691],[-57.1883,-15.0689],[-57.1878,-15.063]]]}},{"type":"Feature","properties":{"c":"b71","b":71,"n":"Maracanã","m":"5101704","cx":-57.1927,"cy":-15.0749},"geometry":{"type":"Polygon","coordinates":[[[-57.1965,-15.0685],[-57.1904,-15.07],[-57.1901,-15.0699],[-57.1885,-15.0709],[-57.1869,-15.0733],[-57.1865,-15.0748],[-57.1879,-15.0751],[-57.1872,-15.0767],[-57.1884,-15.0778],[-57.1895,-15.0797],[-57.1904,-15.0817],[-57.1931,-15.0808],[-57.1923,-15.0793],[-57.1967,-15.0782],[-57.197,-15.0797],[-57.1994,-15.0792],[-57.1965,-15.0685]]]}},{"type":"Feature","properties":{"c":"b72","b":72,"n":"Nova Esperança","m":"5101704","cx":-57.1853,"cy":-15.0721},"geometry":{"type":"Polygon","coordinates":[[[-57.1883,-15.0689],[-57.1862,-15.0691],[-57.1828,-15.0693],[-57.1831,-15.0767],[-57.1863,-15.0764],[-57.1872,-15.0767],[-57.1879,-15.0751],[-57.1865,-15.0748],[-57.1869,-15.0733],[-57.1885,-15.0709],[-57.1883,-15.0689]]]}},{"type":"Feature","properties":{"c":"b73","b":73,"n":"Santa Cruz","m":"5101704","cx":-57.1716,"cy":-15.0696},"geometry":{"type":"Polygon","coordinates":[[[-57.1735,-15.0601],[-57.1726,-15.0598],[-57.1716,-15.059],[-57.1695,-15.0589],[-57.1686,-15.0602],[-57.1659,-15.0633],[-57.1656,-15.0647],[-57.1666,-15.0652],[-57.1672,-15.0658],[-57.1674,-15.0679],[-57.1678,-15.0694],[-57.1677,-15.0698],[-57.1666,-15.0716],[-57.1667,-15.0722],[-57.1672,-15.0727],[-57.1681,-15.0725],[-57.1682,-15.0712],[-57.1684,-15.071],[-57.1692,-15.0713],[-57.1696,-15.0717],[-57.1695,-15.0724],[-57.1699,-15.0729],[-57.1714,-15.0733],[-57.1717,-15.0743],[-57.1714,-15.075],[-57.1713,-15.0766],[-57.1703,-15.0785],[-57.1703,-15.0792],[-57.1707,-15.0798],[-57.1723,-15.08],[-57.1729,-15.0798],[-57.1736,-15.0792],[-57.1738,-15.0786],[-57.1731,-15.0774],[-57.1735,-15.0769],[-57.1744,-15.0772],[-57.1752,-15.0772],[-57.1755,-15.0749],[-57.1756,-15.0723],[-57.1755,-15.0724],[-57.1755,-15.0692],[-57.1755,-15.0638],[-57.1755,-15.0611],[-57.1735,-15.0601]]]}},{"type":"Feature","properties":{"c":"b74","b":74,"n":"São Raimundo","m":"5101704","cx":-57.1785,"cy":-15.0606},"geometry":{"type":"Polygon","coordinates":[[[-57.1726,-15.0598],[-57.1735,-15.0601],[-57.1755,-15.0611],[-57.18,-15.0635],[-57.1811,-15.0639],[-57.1826,-15.0639],[-57.1824,-15.057],[-57.1749,-15.0567],[-57.1751,-15.059],[-57.1716,-15.059],[-57.1726,-15.0598]]]}},{"type":"Feature","properties":{"c":"b75","b":75,"n":"União","m":"5101704","cx":-57.2037,"cy":-15.0707},"geometry":{"type":"Polygon","coordinates":[[[-57.1998,-15.0677],[-57.1965,-15.0685],[-57.1994,-15.0792],[-57.2018,-15.0786],[-57.2036,-15.078],[-57.2028,-15.0766],[-57.2051,-15.0761],[-57.205,-15.0758],[-57.2081,-15.075],[-57.2077,-15.0744],[-57.2087,-15.0738],[-57.2094,-15.075],[-57.2121,-15.0736],[-57.2117,-15.073],[-57.2078,-15.0664],[-57.2073,-15.0656],[-57.2061,-15.0663],[-57.2038,-15.0671],[-57.2016,-15.0675],[-57.1998,-15.0677]]]}},{"type":"Feature","properties":{"c":"b76","b":76,"n":"Aeroporto","m":"5101902","cx":-57.9968,"cy":-12.1157},"geometry":{"type":"Polygon","coordinates":[[[-57.9952,-12.1226],[-57.9947,-12.125],[-57.9953,-12.1251],[-57.9963,-12.1201],[-57.9979,-12.1119],[-57.9973,-12.1116],[-57.9972,-12.1125],[-57.9959,-12.119],[-57.9952,-12.1226]]]}},{"type":"Feature","properties":{"c":"b77","b":77,"n":"Arco Íris","m":"5101902","cx":-58.0042,"cy":-12.1147},"geometry":{"type":"Polygon","coordinates":[[[-58.0071,-12.1159],[-58.0059,-12.1133],[-58.0057,-12.1131],[-58.0064,-12.1118],[-58.0066,-12.1115],[-58.0042,-12.1104],[-58.0025,-12.1095],[-58.0001,-12.1134],[-58.0039,-12.1162],[-58.0038,-12.1167],[-58.0043,-12.1177],[-58.0053,-12.1172],[-58.0056,-12.1178],[-58.0065,-12.1174],[-58.0071,-12.1159]]]}},{"type":"Feature","properties":{"c":"b78","b":78,"n":"Pôr do Sol","m":"5101902","cx":-58.0086,"cy":-12.1127},"geometry":{"type":"Polygon","coordinates":[[[-58.0106,-12.1156],[-58.0115,-12.1121],[-58.0122,-12.1123],[-58.0128,-12.1088],[-58.0122,-12.1088],[-58.0093,-12.1101],[-58.0095,-12.1105],[-58.0084,-12.111],[-58.0087,-12.1115],[-58.0067,-12.1124],[-58.0064,-12.1118],[-58.0057,-12.1131],[-58.0059,-12.1133],[-58.0071,-12.1159],[-58.0065,-12.1174],[-58.0106,-12.1156]]]}},{"type":"Feature","properties":{"c":"b79","b":79,"n":"Betel","m":"5102504","cx":-57.6554,"cy":-16.0597},"geometry":{"type":"Polygon","coordinates":[[[-57.6608,-16.0621],[-57.6632,-16.0624],[-57.6635,-16.0626],[-57.6653,-16.0642],[-57.6647,-16.062],[-57.6653,-16.0607],[-57.6651,-16.0606],[-57.6617,-16.0585],[-57.6614,-16.0591],[-57.6601,-16.0585],[-57.6579,-16.0579],[-57.6551,-16.0577],[-57.6542,-16.0572],[-57.6504,-16.0549],[-57.6491,-16.0569],[-57.6487,-16.0573],[-57.6467,-16.0603],[-57.6502,-16.0608],[-57.6608,-16.0621]]]}},{"type":"Feature","properties":{"c":"b80","b":80,"n":"Carrapatinho","m":"5102504","cx":-57.6355,"cy":-16.0634},"geometry":{"type":"Polygon","coordinates":[[[-57.6367,-16.0759],[-57.6379,-16.0759],[-57.6494,-16.0743],[-57.6513,-16.0741],[-57.6531,-16.0742],[-57.6587,-16.0744],[-57.6589,-16.0708],[-57.6594,-16.0669],[-57.6551,-16.0666],[-57.6494,-16.0662],[-57.6495,-16.066],[-57.6502,-16.0608],[-57.6467,-16.0603],[-57.6487,-16.0573],[-57.6491,-16.0569],[-57.6504,-16.0549],[-57.6433,-16.0505],[-57.6417,-16.053],[-57.6366,-16.0497],[-57.6338,-16.048],[-57.6325,-16.0567],[-57.6323,-16.0577],[-57.6257,-16.0567],[-57.6215,-16.0562],[-57.6208,-16.0586],[-57.6218,-16.0704],[-57.6233,-16.0715],[-57.6261,-16.0738],[-57.6272,-16.074],[-57.6367,-16.0759]]]}},{"type":"Feature","properties":{"c":"b81","b":81,"n":"Cavalhada I","m":"5102504","cx":-57.6843,"cy":-16.0614},"geometry":{"type":"Polygon","coordinates":[[[-57.6837,-16.0645],[-57.6837,-16.0648],[-57.6848,-16.0641],[-57.6851,-16.0637],[-57.6868,-16.0627],[-57.6887,-16.0623],[-57.6893,-16.0623],[-57.6896,-16.0619],[-57.6915,-16.0609],[-57.6918,-16.0604],[-57.6916,-16.0598],[-57.6907,-16.0584],[-57.6903,-16.0568],[-57.6904,-16.0557],[-57.6904,-16.0556],[-57.684,-16.0555],[-57.6815,-16.0557],[-57.6774,-16.0579],[-57.6772,-16.0578],[-57.6753,-16.0587],[-57.6738,-16.0579],[-57.6757,-16.0598],[-57.6773,-16.0603],[-57.6776,-16.0606],[-57.6796,-16.0642],[-57.6801,-16.065],[-57.6809,-16.0665],[-57.6837,-16.0645]]]}},{"type":"Feature","properties":{"c":"b82","b":82,"n":"Cavalhada II","m":"5102504","cx":-57.675,"cy":-16.0625},"geometry":{"type":"Polygon","coordinates":[[[-57.6732,-16.0663],[-57.674,-16.0666],[-57.6765,-16.0682],[-57.6809,-16.0665],[-57.6801,-16.065],[-57.6796,-16.0642],[-57.6776,-16.0606],[-57.6773,-16.0603],[-57.6757,-16.0598],[-57.6747,-16.0597],[-57.673,-16.059],[-57.6723,-16.0602],[-57.6727,-16.0608],[-57.6692,-16.0655],[-57.6732,-16.0663]]]}},{"type":"Feature","properties":{"c":"b83","b":83,"n":"Cavalhada III","m":"5102504","cx":-57.669,"cy":-16.0607},"geometry":{"type":"Polygon","coordinates":[[[-57.6738,-16.0579],[-57.6728,-16.0574],[-57.6706,-16.0566],[-57.6697,-16.056],[-57.6684,-16.056],[-57.668,-16.0561],[-57.6652,-16.0604],[-57.6651,-16.0606],[-57.6653,-16.0607],[-57.6647,-16.062],[-57.6653,-16.0642],[-57.6665,-16.065],[-57.6692,-16.0655],[-57.6727,-16.0608],[-57.6723,-16.0602],[-57.673,-16.059],[-57.6747,-16.0597],[-57.6757,-16.0598],[-57.6738,-16.0579]]]}},{"type":"Feature","properties":{"c":"b84","b":84,"n":"Centro","m":"5102504","cx":-57.689,"cy":-16.0721},"geometry":{"type":"Polygon","coordinates":[[[-57.6856,-16.0729],[-57.6872,-16.0735],[-57.6877,-16.0747],[-57.6888,-16.0783],[-57.6904,-16.0773],[-57.692,-16.081],[-57.6942,-16.0804],[-57.6974,-16.0795],[-57.6945,-16.0743],[-57.6927,-16.071],[-57.6959,-16.0695],[-57.6954,-16.0687],[-57.6949,-16.0678],[-57.6938,-16.0674],[-57.6929,-16.0669],[-57.6918,-16.0669],[-57.6905,-16.0665],[-57.6896,-16.0657],[-57.6889,-16.0647],[-57.6887,-16.0635],[-57.6889,-16.0628],[-57.6893,-16.0623],[-57.6887,-16.0623],[-57.6868,-16.0627],[-57.6851,-16.0637],[-57.6848,-16.0641],[-57.6837,-16.0648],[-57.6837,-16.0645],[-57.6809,-16.0665],[-57.6765,-16.0682],[-57.6778,-16.069],[-57.6776,-16.0691],[-57.6782,-16.0704],[-57.6799,-16.0726],[-57.6802,-16.0731],[-57.6807,-16.0726],[-57.6809,-16.073],[-57.6845,-16.0716],[-57.685,-16.0731],[-57.6856,-16.0729]]]}},{"type":"Feature","properties":{"c":"b85","b":85,"n":"Cidade Alta","m":"5102504","cx":-57.6781,"cy":-16.0722},"geometry":{"type":"Polygon","coordinates":[[[-57.6758,-16.0713],[-57.676,-16.0719],[-57.6772,-16.0725],[-57.6759,-16.074],[-57.6762,-16.0749],[-57.6785,-16.0737],[-57.6799,-16.0726],[-57.6782,-16.0704],[-57.6776,-16.0691],[-57.6763,-16.0696],[-57.6753,-16.0708],[-57.6758,-16.0713]]]}},{"type":"Feature","properties":{"c":"b86","b":86,"n":"Cidade Nova","m":"5102504","cx":-57.6811,"cy":-16.0962},"geometry":{"type":"Polygon","coordinates":[[[-57.6793,-16.0926],[-57.678,-16.0995],[-57.6812,-16.1007],[-57.682,-16.101],[-57.6842,-16.0989],[-57.6831,-16.0987],[-57.6841,-16.0937],[-57.6845,-16.0923],[-57.6843,-16.0914],[-57.6793,-16.0926]]]}},{"type":"Feature","properties":{"c":"b87","b":87,"n":"Cohab Nova","m":"5102504","cx":-57.6569,"cy":-16.0457},"geometry":{"type":"Polygon","coordinates":[[[-57.648,-16.0435],[-57.6532,-16.0467],[-57.6551,-16.0479],[-57.6603,-16.0511],[-57.6626,-16.0478],[-57.6631,-16.0469],[-57.6612,-16.0448],[-57.6588,-16.0424],[-57.6578,-16.0438],[-57.6512,-16.0396],[-57.6508,-16.0394],[-57.648,-16.0435]]]}},{"type":"Feature","properties":{"c":"b88","b":88,"n":"Cohab Velha","m":"5102504","cx":-57.6824,"cy":-16.0746},"geometry":{"type":"Polygon","coordinates":[[[-57.6845,-16.0716],[-57.6809,-16.073],[-57.6807,-16.0726],[-57.6802,-16.0731],[-57.6794,-16.074],[-57.6781,-16.0782],[-57.6859,-16.0753],[-57.685,-16.0731],[-57.6845,-16.0716]]]}},{"type":"Feature","properties":{"c":"b89","b":89,"n":"Dner","m":"5102504","cx":-57.662,"cy":-16.0797},"geometry":{"type":"Polygon","coordinates":[[[-57.668,-16.0748],[-57.6651,-16.0729],[-57.6642,-16.0723],[-57.6609,-16.0708],[-57.6589,-16.0708],[-57.6587,-16.0744],[-57.6598,-16.0745],[-57.6602,-16.0766],[-57.654,-16.0777],[-57.6541,-16.0779],[-57.6575,-16.0818],[-57.6581,-16.0823],[-57.6591,-16.0838],[-57.6594,-16.0846],[-57.66,-16.0856],[-57.6598,-16.0866],[-57.6598,-16.0881],[-57.6608,-16.0899],[-57.6613,-16.0897],[-57.6628,-16.0881],[-57.6635,-16.0871],[-57.6645,-16.0858],[-57.6664,-16.0836],[-57.6694,-16.0806],[-57.6673,-16.0788],[-57.6679,-16.0758],[-57.6679,-16.0753],[-57.6694,-16.0748],[-57.668,-16.0748]]]}},{"type":"Feature","properties":{"c":"b90","b":90,"n":"Espírito Santo","m":"5102504","cx":-57.6689,"cy":-16.072},"geometry":{"type":"Polygon","coordinates":[[[-57.6651,-16.0729],[-57.668,-16.0748],[-57.6694,-16.0748],[-57.6715,-16.0744],[-57.6729,-16.0736],[-57.6742,-16.0725],[-57.673,-16.0718],[-57.6687,-16.0702],[-57.6656,-16.0689],[-57.6654,-16.0691],[-57.6648,-16.0714],[-57.6642,-16.0723],[-57.6651,-16.0729]]]}},{"type":"Feature","properties":{"c":"b91","b":91,"n":"Garcez","m":"5102504","cx":-57.7172,"cy":-16.1054},"geometry":{"type":"Polygon","coordinates":[[[-57.7128,-16.0991],[-57.7131,-16.0991],[-57.7177,-16.0993],[-57.7182,-16.1021],[-57.7147,-16.1023],[-57.7088,-16.1032],[-57.7058,-16.1036],[-57.7043,-16.1034],[-57.7011,-16.1],[-57.6994,-16.1007],[-57.698,-16.1009],[-57.697,-16.1009],[-57.6952,-16.1005],[-57.6927,-16.1003],[-57.6932,-16.1011],[-57.6956,-16.1041],[-57.6966,-16.1041],[-57.7034,-16.1045],[-57.7053,-16.1065],[-57.7068,-16.1083],[-57.7073,-16.11],[-57.707,-16.1099],[-57.7039,-16.1088],[-57.7019,-16.1081],[-57.6973,-16.1064],[-57.6989,-16.11],[-57.7025,-16.1177],[-57.7064,-16.1178],[-57.7075,-16.1178],[-57.709,-16.1169],[-57.7129,-16.1147],[-57.7164,-16.1127],[-57.7152,-16.1114],[-57.7146,-16.1101],[-57.7166,-16.1098],[-57.717,-16.1106],[-57.7182,-16.1115],[-57.7205,-16.1138],[-57.7221,-16.115],[-57.7235,-16.1153],[-57.726,-16.115],[-57.7264,-16.1148],[-57.7272,-16.1138],[-57.7263,-16.1136],[-57.7254,-16.113],[-57.725,-16.1123],[-57.7251,-16.1109],[-57.7257,-16.11],[-57.7263,-16.1096],[-57.7276,-16.1092],[-57.7287,-16.1083],[-57.7297,-16.1065],[-57.7307,-16.1039],[-57.7309,-16.1032],[-57.7309,-16.1021],[-57.7306,-16.1013],[-57.73,-16.1004],[-57.7296,-16.1002],[-57.7283,-16.1003],[-57.7272,-16.101],[-57.7257,-16.1029],[-57.7253,-16.1032],[-57.7243,-16.1035],[-57.723,-16.1036],[-57.7223,-16.1034],[-57.721,-16.1028],[-57.7202,-16.1021],[-57.7194,-16.1012],[-57.7191,-16.0998],[-57.7193,-16.0977],[-57.7192,-16.0965],[-57.7187,-16.0957],[-57.7187,-16.0948],[-57.7178,-16.0948],[-57.7166,-16.0962],[-57.713,-16.0988],[-57.7128,-16.0991]]]}},{"type":"Feature","properties":{"c":"b92","b":92,"n":"Jardim Celeste","m":"5102504","cx":-57.6724,"cy":-16.0822},"geometry":{"type":"Polygon","coordinates":[[[-57.6775,-16.0803],[-57.6765,-16.08],[-57.6766,-16.0797],[-57.6742,-16.076],[-57.6732,-16.0767],[-57.6714,-16.0786],[-57.6694,-16.0806],[-57.6664,-16.0836],[-57.6645,-16.0858],[-57.6668,-16.0873],[-57.6706,-16.0882],[-57.6755,-16.0874],[-57.6765,-16.0842],[-57.6774,-16.0808],[-57.6775,-16.0803]]]}},{"type":"Feature","properties":{"c":"b93","b":93,"n":"Jardim Guanabara","m":"5102504","cx":-57.6709,"cy":-16.0912},"geometry":{"type":"Polygon","coordinates":[[[-57.6635,-16.0871],[-57.6641,-16.0879],[-57.6662,-16.0901],[-57.6685,-16.0923],[-57.669,-16.0938],[-57.6686,-16.0951],[-57.6737,-16.0938],[-57.6748,-16.0897],[-57.6755,-16.0874],[-57.6706,-16.0882],[-57.6668,-16.0873],[-57.6645,-16.0858],[-57.6635,-16.0871]]]}},{"type":"Feature","properties":{"c":"b94","b":94,"n":"Jardim Imperial","m":"5102504","cx":-57.707,"cy":-16.0985},"geometry":{"type":"MultiPolygon","coordinates":[[[[-57.7121,-16.0982],[-57.7112,-16.098],[-57.7103,-16.0976],[-57.7088,-16.0965],[-57.7073,-16.0975],[-57.7063,-16.0961],[-57.7046,-16.0954],[-57.7011,-16.098],[-57.7023,-16.0996],[-57.7034,-16.0992],[-57.7073,-16.1004],[-57.7101,-16.1014],[-57.7105,-16.1011],[-57.7122,-16.0993],[-57.7128,-16.0991],[-57.713,-16.0988],[-57.7121,-16.0982]]],[[[-57.6978,-16.0883],[-57.7003,-16.0917],[-57.6991,-16.0913],[-57.6972,-16.0926],[-57.6975,-16.0932],[-57.7003,-16.097],[-57.7032,-16.0948],[-57.7022,-16.0944],[-57.702,-16.0941],[-57.7052,-16.0919],[-57.7046,-16.0908],[-57.7045,-16.0901],[-57.7046,-16.0878],[-57.7051,-16.0865],[-57.6978,-16.0883]]]]}},{"type":"Feature","properties":{"c":"b95","b":95,"n":"Jardim Marajoara","m":"5102504","cx":-57.6841,"cy":-16.0889},"geometry":{"type":"Polygon","coordinates":[[[-57.6869,-16.0851],[-57.6866,-16.0843],[-57.6806,-16.0865],[-57.6793,-16.0926],[-57.6843,-16.0914],[-57.6883,-16.0905],[-57.6879,-16.0874],[-57.6878,-16.0854],[-57.6869,-16.0851]]]}},{"type":"Feature","properties":{"c":"b96","b":96,"n":"Jardim Padre Paulo","m":"5102504","cx":-57.6507,"cy":-16.0492},"geometry":{"type":"Polygon","coordinates":[[[-57.6459,-16.0468],[-57.6433,-16.0505],[-57.6504,-16.0549],[-57.6542,-16.0572],[-57.6558,-16.0549],[-57.6594,-16.0571],[-57.6627,-16.0527],[-57.6603,-16.0511],[-57.6551,-16.0479],[-57.6532,-16.0467],[-57.648,-16.0435],[-57.6459,-16.0468]]]}},{"type":"Feature","properties":{"c":"b97","b":97,"n":"Jardim Panorama","m":"5102504","cx":-57.6972,"cy":-16.1052},"geometry":{"type":"Polygon","coordinates":[[[-57.6899,-16.1058],[-57.6896,-16.1066],[-57.6894,-16.1078],[-57.6901,-16.1095],[-57.696,-16.1072],[-57.6955,-16.1061],[-57.696,-16.106],[-57.6973,-16.1064],[-57.7019,-16.1081],[-57.7039,-16.1088],[-57.707,-16.1099],[-57.7073,-16.11],[-57.7068,-16.1083],[-57.7053,-16.1065],[-57.7034,-16.1045],[-57.6966,-16.1041],[-57.6956,-16.1041],[-57.6932,-16.1011],[-57.692,-16.1017],[-57.6917,-16.1029],[-57.6912,-16.1043],[-57.6899,-16.1058]]]}},{"type":"Feature","properties":{"c":"b98","b":98,"n":"Jardim Paraíso","m":"5102504","cx":-57.7023,"cy":-16.0825},"geometry":{"type":"Polygon","coordinates":[[[-57.7051,-16.0846],[-57.7052,-16.0838],[-57.7061,-16.0821],[-57.7061,-16.0816],[-57.7051,-16.0795],[-57.705,-16.079],[-57.7053,-16.0785],[-57.706,-16.0783],[-57.7058,-16.0779],[-57.7038,-16.0767],[-57.7035,-16.0764],[-57.7024,-16.076],[-57.6999,-16.0805],[-57.6984,-16.0829],[-57.6968,-16.0859],[-57.6977,-16.0864],[-57.6978,-16.0883],[-57.7051,-16.0865],[-57.7051,-16.0846]]]}},{"type":"Feature","properties":{"c":"b99","b":99,"n":"Jardim São Luiz da Ponte","m":"5102504","cx":-57.698,"cy":-16.0799},"geometry":{"type":"Polygon","coordinates":[[[-57.701,-16.0749],[-57.6972,-16.0716],[-57.697,-16.0716],[-57.6948,-16.0735],[-57.6956,-16.0741],[-57.6971,-16.0749],[-57.6979,-16.0764],[-57.6966,-16.0769],[-57.6961,-16.0758],[-57.6952,-16.0748],[-57.6945,-16.0743],[-57.6974,-16.0795],[-57.6942,-16.0804],[-57.692,-16.081],[-57.6951,-16.0886],[-57.6955,-16.0882],[-57.6968,-16.0859],[-57.6984,-16.0829],[-57.6999,-16.0805],[-57.7024,-16.076],[-57.701,-16.0749]]]}},{"type":"Feature","properties":{"c":"b100","b":100,"n":"Jardim União","m":"5102504","cx":-57.6799,"cy":-16.1037},"geometry":{"type":"Polygon","coordinates":[[[-57.6777,-16.1047],[-57.6812,-16.1072],[-57.6818,-16.1063],[-57.683,-16.1032],[-57.6824,-16.103],[-57.683,-16.1014],[-57.682,-16.101],[-57.6812,-16.1007],[-57.678,-16.0995],[-57.6778,-16.0995],[-57.6769,-16.1042],[-57.6777,-16.1047]]]}},{"type":"Feature","properties":{"c":"b101","b":101,"n":"Jardim do Trevo","m":"5102504","cx":-57.6765,"cy":-16.0932},"geometry":{"type":"Polygon","coordinates":[[[-57.6755,-16.0874],[-57.6748,-16.0897],[-57.6737,-16.0938],[-57.6725,-16.0976],[-57.6735,-16.0979],[-57.6778,-16.0995],[-57.678,-16.0995],[-57.6793,-16.0926],[-57.6806,-16.0865],[-57.6755,-16.0874]]]}},{"type":"Feature","properties":{"c":"b102","b":102,"n":"Joaquim Murtinho","m":"5102504","cx":-57.6657,"cy":-16.0667},"geometry":{"type":"Polygon","coordinates":[[[-57.6665,-16.065],[-57.6653,-16.0642],[-57.6635,-16.0626],[-57.6632,-16.0624],[-57.6608,-16.0621],[-57.6502,-16.0608],[-57.6495,-16.066],[-57.6494,-16.0662],[-57.6551,-16.0666],[-57.6594,-16.0669],[-57.6589,-16.0708],[-57.6609,-16.0708],[-57.6642,-16.0723],[-57.6648,-16.0714],[-57.6654,-16.0691],[-57.6656,-16.0689],[-57.6687,-16.0702],[-57.673,-16.0718],[-57.6742,-16.0725],[-57.6751,-16.0714],[-57.6753,-16.0708],[-57.6763,-16.0696],[-57.6776,-16.0691],[-57.6778,-16.069],[-57.6765,-16.0682],[-57.674,-16.0666],[-57.6732,-16.0663],[-57.6692,-16.0655],[-57.6665,-16.065]]]}},{"type":"Feature","properties":{"c":"b103","b":103,"n":"Junco","m":"5102504","cx":-57.6882,"cy":-16.0994},"geometry":{"type":"Polygon","coordinates":[[[-57.6917,-16.1029],[-57.692,-16.1017],[-57.6932,-16.1011],[-57.6927,-16.1003],[-57.6928,-16.0999],[-57.6928,-16.096],[-57.6935,-16.0953],[-57.6925,-16.0941],[-57.6907,-16.0928],[-57.6892,-16.0932],[-57.689,-16.092],[-57.6891,-16.0903],[-57.6883,-16.0905],[-57.6843,-16.0914],[-57.6845,-16.0923],[-57.6841,-16.0937],[-57.6831,-16.0987],[-57.6842,-16.0989],[-57.682,-16.101],[-57.683,-16.1014],[-57.6824,-16.103],[-57.683,-16.1032],[-57.6818,-16.1063],[-57.6812,-16.1072],[-57.6841,-16.1093],[-57.6842,-16.1092],[-57.6861,-16.1043],[-57.6865,-16.1026],[-57.6912,-16.1043],[-57.6917,-16.1029]]]}},{"type":"Feature","properties":{"c":"b104","b":104,"n":"Lavapés","m":"5102504","cx":-57.6715,"cy":-16.0755},"geometry":{"type":"Polygon","coordinates":[[[-57.6762,-16.0749],[-57.6759,-16.074],[-57.6772,-16.0725],[-57.676,-16.0719],[-57.6758,-16.0713],[-57.6753,-16.0708],[-57.6751,-16.0714],[-57.6742,-16.0725],[-57.6729,-16.0736],[-57.6715,-16.0744],[-57.6694,-16.0748],[-57.6679,-16.0753],[-57.6679,-16.0758],[-57.6673,-16.0788],[-57.6694,-16.0806],[-57.6714,-16.0786],[-57.6732,-16.0767],[-57.6742,-16.076],[-57.6762,-16.0749]]]}},{"type":"Feature","properties":{"c":"b105","b":105,"n":"Lobo","m":"5102504","cx":-57.6436,"cy":-16.089},"geometry":{"type":"Polygon","coordinates":[[[-57.6538,-16.0773],[-57.6531,-16.0742],[-57.6513,-16.0741],[-57.6494,-16.0743],[-57.6379,-16.0759],[-57.6367,-16.0759],[-57.6272,-16.074],[-57.6276,-16.0757],[-57.6288,-16.0784],[-57.6342,-16.0877],[-57.6355,-16.0868],[-57.6381,-16.0906],[-57.6396,-16.0932],[-57.6422,-16.0971],[-57.6453,-16.1017],[-57.6487,-16.0997],[-57.6491,-16.099],[-57.6492,-16.0983],[-57.6492,-16.0905],[-57.6493,-16.0903],[-57.6515,-16.0874],[-57.6517,-16.0863],[-57.6525,-16.0812],[-57.6534,-16.0813],[-57.6537,-16.0777],[-57.6538,-16.0773]]]}},{"type":"Feature","properties":{"c":"b106","b":106,"n":"Maracanãzinho","m":"5102504","cx":-57.6869,"cy":-16.082},"geometry":{"type":"Polygon","coordinates":[[[-57.6881,-16.0828],[-57.6887,-16.0794],[-57.6888,-16.0783],[-57.6848,-16.0807],[-57.6859,-16.0824],[-57.6815,-16.0816],[-57.6806,-16.0865],[-57.6866,-16.0843],[-57.6869,-16.0851],[-57.6878,-16.0854],[-57.6881,-16.0828]]]}},{"type":"Feature","properties":{"c":"b107","b":107,"n":"Massa Barro","m":"5102504","cx":-57.664,"cy":-16.0513},"geometry":{"type":"Polygon","coordinates":[[[-57.6631,-16.0469],[-57.6626,-16.0478],[-57.6603,-16.0511],[-57.6627,-16.0527],[-57.6678,-16.056],[-57.6689,-16.0545],[-57.6686,-16.0543],[-57.6695,-16.0535],[-57.6676,-16.0516],[-57.6636,-16.0474],[-57.6631,-16.0469]]]}},{"type":"Feature","properties":{"c":"b108","b":108,"n":"Monte Verde","m":"5102504","cx":-57.6767,"cy":-16.0771},"geometry":{"type":"Polygon","coordinates":[[[-57.6794,-16.074],[-57.6802,-16.0731],[-57.6799,-16.0726],[-57.6785,-16.0737],[-57.6762,-16.0749],[-57.6742,-16.076],[-57.6766,-16.0797],[-57.6765,-16.08],[-57.6775,-16.0803],[-57.6781,-16.0782],[-57.6794,-16.074]]]}},{"type":"Feature","properties":{"c":"b109","b":109,"n":"Nova Era","m":"5102504","cx":-57.6653,"cy":-16.1027},"geometry":{"type":"Polygon","coordinates":[[[-57.6737,-16.0938],[-57.6686,-16.0951],[-57.6671,-16.0954],[-57.6607,-16.0969],[-57.6543,-16.0984],[-57.6561,-16.0998],[-57.6587,-16.1021],[-57.6604,-16.1034],[-57.664,-16.1064],[-57.6689,-16.1105],[-57.6689,-16.11],[-57.6696,-16.108],[-57.6709,-16.1033],[-57.6725,-16.0976],[-57.6737,-16.0938]]]}},{"type":"Feature","properties":{"c":"b110","b":110,"n":"Olhos D'água","m":"5102504","cx":-57.6537,"cy":-16.0309},"geometry":{"type":"Polygon","coordinates":[[[-57.6512,-16.0396],[-57.6578,-16.0438],[-57.6588,-16.0424],[-57.6612,-16.0448],[-57.6631,-16.0469],[-57.6636,-16.0474],[-57.6693,-16.0465],[-57.6709,-16.0461],[-57.6719,-16.0461],[-57.673,-16.0457],[-57.6728,-16.0453],[-57.6714,-16.0433],[-57.6706,-16.0402],[-57.6745,-16.0379],[-57.6761,-16.0365],[-57.6735,-16.0349],[-57.6714,-16.0329],[-57.6671,-16.0268],[-57.6661,-16.0241],[-57.6661,-16.0228],[-57.6663,-16.0215],[-57.667,-16.0204],[-57.6677,-16.0197],[-57.662,-16.0146],[-57.6564,-16.0169],[-57.6548,-16.0175],[-57.6449,-16.0213],[-57.6377,-16.0243],[-57.6289,-16.0278],[-57.6276,-16.0283],[-57.6286,-16.0292],[-57.6298,-16.0298],[-57.6365,-16.0307],[-57.6368,-16.0306],[-57.6377,-16.0312],[-57.6433,-16.0347],[-57.6476,-16.0374],[-57.6495,-16.0385],[-57.6508,-16.0394],[-57.6512,-16.0396]]]}},{"type":"Feature","properties":{"c":"b111","b":111,"n":"Residencial Aroldo Fanaia","m":"5102504","cx":-57.663,"cy":-16.0935},"geometry":{"type":"Polygon","coordinates":[[[-57.669,-16.0938],[-57.6685,-16.0923],[-57.6662,-16.0901],[-57.6641,-16.0879],[-57.6635,-16.0871],[-57.6628,-16.0881],[-57.6613,-16.0897],[-57.6608,-16.0899],[-57.6599,-16.0907],[-57.6574,-16.0933],[-57.6556,-16.095],[-57.6551,-16.0957],[-57.6541,-16.0963],[-57.6488,-16.0997],[-57.6543,-16.0984],[-57.6607,-16.0969],[-57.6671,-16.0954],[-57.6686,-16.0951],[-57.669,-16.0938]]]}},{"type":"Feature","properties":{"c":"b112","b":112,"n":"Rodeio","m":"5102504","cx":-57.6959,"cy":-16.0933},"geometry":{"type":"Polygon","coordinates":[[[-57.7006,-16.0992],[-57.6992,-16.0978],[-57.7003,-16.097],[-57.6975,-16.0932],[-57.6972,-16.0926],[-57.6991,-16.0913],[-57.7003,-16.0917],[-57.6978,-16.0883],[-57.6977,-16.0864],[-57.6968,-16.0859],[-57.6955,-16.0882],[-57.6951,-16.0886],[-57.6941,-16.0891],[-57.6934,-16.0893],[-57.6936,-16.0905],[-57.694,-16.0909],[-57.6952,-16.0914],[-57.6958,-16.0915],[-57.6938,-16.0927],[-57.6944,-16.0935],[-57.6941,-16.0937],[-57.6946,-16.0948],[-57.6935,-16.0953],[-57.6928,-16.096],[-57.6928,-16.0999],[-57.6927,-16.1003],[-57.6952,-16.1005],[-57.697,-16.1009],[-57.698,-16.1009],[-57.6994,-16.1007],[-57.7011,-16.1],[-57.7006,-16.0992]]]}},{"type":"Feature","properties":{"c":"b113","b":113,"n":"Santa Cruz","m":"5102504","cx":-57.6906,"cy":-16.0841},"geometry":{"type":"Polygon","coordinates":[[[-57.6887,-16.0794],[-57.6881,-16.0828],[-57.6878,-16.0854],[-57.6879,-16.0874],[-57.6883,-16.0905],[-57.6891,-16.0903],[-57.6934,-16.0893],[-57.6941,-16.0891],[-57.6951,-16.0886],[-57.692,-16.081],[-57.6904,-16.0773],[-57.6888,-16.0783],[-57.6887,-16.0794]]]}},{"type":"Feature","properties":{"c":"b114","b":114,"n":"Santa Izabel","m":"5102504","cx":-57.6791,"cy":-16.0829},"geometry":{"type":"Polygon","coordinates":[[[-57.6774,-16.0808],[-57.6765,-16.0842],[-57.6755,-16.0874],[-57.6806,-16.0865],[-57.6815,-16.0816],[-57.6774,-16.0808]]]}},{"type":"Feature","properties":{"c":"b115","b":115,"n":"Santa Rosa","m":"5102504","cx":-57.6772,"cy":-16.0472},"geometry":{"type":"Polygon","coordinates":[[[-57.6734,-16.0466],[-57.675,-16.051],[-57.6752,-16.0517],[-57.6751,-16.0538],[-57.6753,-16.0548],[-57.6772,-16.0578],[-57.6774,-16.0579],[-57.6815,-16.0557],[-57.684,-16.0555],[-57.6904,-16.0556],[-57.6906,-16.0548],[-57.6909,-16.0546],[-57.6912,-16.0538],[-57.6909,-16.0529],[-57.6902,-16.0526],[-57.6882,-16.0522],[-57.686,-16.0503],[-57.6835,-16.0493],[-57.6825,-16.0486],[-57.6819,-16.0484],[-57.6812,-16.0478],[-57.6799,-16.0459],[-57.6795,-16.0442],[-57.6796,-16.0434],[-57.6801,-16.0425],[-57.6799,-16.0422],[-57.6812,-16.0418],[-57.6806,-16.0413],[-57.681,-16.0407],[-57.6818,-16.0404],[-57.6812,-16.0412],[-57.6815,-16.0419],[-57.6823,-16.0414],[-57.6825,-16.0408],[-57.6829,-16.0408],[-57.6839,-16.0394],[-57.6836,-16.0384],[-57.6821,-16.0377],[-57.6799,-16.0375],[-57.6785,-16.0373],[-57.6761,-16.0365],[-57.6745,-16.0379],[-57.6706,-16.0402],[-57.6714,-16.0433],[-57.6728,-16.0453],[-57.673,-16.0457],[-57.6734,-16.0466]]]}},{"type":"Feature","properties":{"c":"b116","b":116,"n":"Santo Antônio","m":"5102504","cx":-57.6773,"cy":-16.1112},"geometry":{"type":"Polygon","coordinates":[[[-57.6736,-16.1143],[-57.6783,-16.1172],[-57.6809,-16.1154],[-57.6824,-16.1129],[-57.6836,-16.1105],[-57.6842,-16.1092],[-57.6841,-16.1093],[-57.6812,-16.1072],[-57.6777,-16.1047],[-57.6769,-16.1042],[-57.6765,-16.1056],[-57.6759,-16.1067],[-57.676,-16.1067],[-57.6746,-16.1082],[-57.6707,-16.1119],[-57.6736,-16.1143]]]}},{"type":"Feature","properties":{"c":"b117","b":117,"n":"Santos Dumont","m":"5102504","cx":-57.6553,"cy":-16.089},"geometry":{"type":"Polygon","coordinates":[[[-57.6537,-16.0777],[-57.6534,-16.0813],[-57.6525,-16.0812],[-57.6517,-16.0863],[-57.6515,-16.0874],[-57.6493,-16.0903],[-57.6492,-16.0905],[-57.6492,-16.0983],[-57.6491,-16.099],[-57.6487,-16.0997],[-57.6488,-16.0997],[-57.6541,-16.0963],[-57.6551,-16.0957],[-57.6556,-16.095],[-57.6574,-16.0933],[-57.6599,-16.0907],[-57.6608,-16.0899],[-57.6598,-16.0881],[-57.6598,-16.0866],[-57.66,-16.0856],[-57.6594,-16.0846],[-57.6591,-16.0838],[-57.6581,-16.0823],[-57.6575,-16.0818],[-57.6541,-16.0779],[-57.654,-16.0777],[-57.6537,-16.0777]]]}},{"type":"Feature","properties":{"c":"b118","b":118,"n":"São Jorge","m":"5102504","cx":-57.6567,"cy":-16.0755},"geometry":{"type":"Polygon","coordinates":[[[-57.654,-16.0777],[-57.6602,-16.0766],[-57.6598,-16.0745],[-57.6587,-16.0744],[-57.6531,-16.0742],[-57.6538,-16.0773],[-57.6537,-16.0777],[-57.654,-16.0777]]]}},{"type":"Feature","properties":{"c":"b119","b":119,"n":"São Lourenço","m":"5102504","cx":-57.6917,"cy":-16.0923},"geometry":{"type":"Polygon","coordinates":[[[-57.689,-16.092],[-57.6892,-16.0932],[-57.6907,-16.0928],[-57.6925,-16.0941],[-57.6935,-16.0953],[-57.6946,-16.0948],[-57.6941,-16.0937],[-57.6944,-16.0935],[-57.6938,-16.0927],[-57.6958,-16.0915],[-57.6952,-16.0914],[-57.694,-16.0909],[-57.6936,-16.0905],[-57.6934,-16.0893],[-57.6891,-16.0903],[-57.689,-16.092]]]}},{"type":"Feature","properties":{"c":"b120","b":120,"n":"São Miguel","m":"5102504","cx":-57.6947,"cy":-16.0725},"geometry":{"type":"Polygon","coordinates":[[[-57.6952,-16.0748],[-57.6961,-16.0758],[-57.6966,-16.0769],[-57.6979,-16.0764],[-57.6971,-16.0749],[-57.6956,-16.0741],[-57.6948,-16.0735],[-57.697,-16.0716],[-57.6972,-16.0716],[-57.6955,-16.0704],[-57.6954,-16.0702],[-57.6959,-16.0695],[-57.6927,-16.071],[-57.6945,-16.0743],[-57.6952,-16.0748]]]}},{"type":"Feature","properties":{"c":"b121","b":121,"n":"Vila Irene","m":"5102504","cx":-57.6719,"cy":-16.0526},"geometry":{"type":"Polygon","coordinates":[[[-57.668,-16.0561],[-57.6684,-16.056],[-57.6697,-16.056],[-57.6706,-16.0566],[-57.6728,-16.0574],[-57.6738,-16.0579],[-57.6753,-16.0587],[-57.6772,-16.0578],[-57.6753,-16.0548],[-57.6751,-16.0538],[-57.6752,-16.0517],[-57.675,-16.051],[-57.6734,-16.0466],[-57.673,-16.0457],[-57.6719,-16.0461],[-57.6709,-16.0461],[-57.6693,-16.0465],[-57.6636,-16.0474],[-57.6676,-16.0516],[-57.6695,-16.0535],[-57.6686,-16.0543],[-57.6689,-16.0545],[-57.6678,-16.056],[-57.668,-16.0561]]]}},{"type":"Feature","properties":{"c":"b122","b":122,"n":"Vila Mariana","m":"5102504","cx":-57.6852,"cy":-16.0767},"geometry":{"type":"Polygon","coordinates":[[[-57.6877,-16.0747],[-57.6872,-16.0735],[-57.6856,-16.0729],[-57.685,-16.0731],[-57.6859,-16.0753],[-57.6781,-16.0782],[-57.6775,-16.0803],[-57.6774,-16.0808],[-57.6815,-16.0816],[-57.6859,-16.0824],[-57.6848,-16.0807],[-57.6888,-16.0783],[-57.6877,-16.0747]]]}},{"type":"Feature","properties":{"c":"b123","b":123,"n":"Vila Nova","m":"5102504","cx":-57.6637,"cy":-16.0566},"geometry":{"type":"Polygon","coordinates":[[[-57.6551,-16.0577],[-57.6579,-16.0579],[-57.6601,-16.0585],[-57.6614,-16.0591],[-57.6617,-16.0585],[-57.6651,-16.0606],[-57.6652,-16.0604],[-57.668,-16.0561],[-57.6678,-16.056],[-57.6627,-16.0527],[-57.6594,-16.0571],[-57.6558,-16.0549],[-57.6542,-16.0572],[-57.6551,-16.0577]]]}},{"type":"Feature","properties":{"c":"b124","b":124,"n":"Vila Real","m":"5102504","cx":-57.6914,"cy":-16.1102},"geometry":{"type":"Polygon","coordinates":[[[-57.6865,-16.1026],[-57.6861,-16.1043],[-57.6842,-16.1092],[-57.6836,-16.1105],[-57.6824,-16.1129],[-57.6809,-16.1154],[-57.6783,-16.1172],[-57.6789,-16.1175],[-57.68,-16.1176],[-57.687,-16.1176],[-57.6905,-16.1176],[-57.6945,-16.1176],[-57.7025,-16.1177],[-57.6989,-16.11],[-57.6973,-16.1064],[-57.696,-16.106],[-57.6955,-16.1061],[-57.696,-16.1072],[-57.6901,-16.1095],[-57.6894,-16.1078],[-57.6896,-16.1066],[-57.6899,-16.1058],[-57.6912,-16.1043],[-57.6865,-16.1026]]]}},{"type":"Feature","properties":{"c":"b125","b":125,"n":"Vitória Régia","m":"5102504","cx":-57.6736,"cy":-16.1049},"geometry":{"type":"Polygon","coordinates":[[[-57.6778,-16.0995],[-57.6735,-16.0979],[-57.6725,-16.0976],[-57.6709,-16.1033],[-57.6696,-16.108],[-57.6689,-16.11],[-57.6689,-16.1105],[-57.6707,-16.1119],[-57.6746,-16.1082],[-57.676,-16.1067],[-57.6759,-16.1067],[-57.6765,-16.1056],[-57.6769,-16.1042],[-57.6778,-16.0995]]]}},{"type":"Feature","properties":{"c":"b126","b":126,"n":"Amélio","m":"5102603","cx":-52.8,"cy":-14.5452},"geometry":{"type":"Polygon","coordinates":[[[-52.7993,-14.5423],[-52.7957,-14.5433],[-52.7973,-14.5488],[-52.7987,-14.5479],[-52.7988,-14.5473],[-52.7984,-14.5461],[-52.8012,-14.5453],[-52.8015,-14.5459],[-52.8039,-14.5452],[-52.8046,-14.5455],[-52.8051,-14.5439],[-52.8032,-14.5433],[-52.8025,-14.5438],[-52.8019,-14.5416],[-52.7993,-14.5423]]]}},{"type":"Feature","properties":{"c":"b127","b":127,"n":"Antônio Pedro","m":"5102603","cx":-52.7927,"cy":-14.5411},"geometry":{"type":"Polygon","coordinates":[[[-52.7898,-14.539],[-52.7914,-14.5446],[-52.7957,-14.5433],[-52.7941,-14.5378],[-52.7898,-14.539]]]}},{"type":"Feature","properties":{"c":"b128","b":128,"n":"Castilho","m":"5102603","cx":-52.791,"cy":-14.5367},"geometry":{"type":"Polygon","coordinates":[[[-52.7948,-14.5376],[-52.7944,-14.5365],[-52.7929,-14.537],[-52.7923,-14.5346],[-52.789,-14.5362],[-52.7898,-14.539],[-52.7941,-14.5378],[-52.7948,-14.5376]]]}},{"type":"Feature","properties":{"c":"b129","b":129,"n":"Centro","m":"5102603","cx":-52.7967,"cy":-14.54},"geometry":{"type":"Polygon","coordinates":[[[-52.7977,-14.5368],[-52.7948,-14.5376],[-52.7941,-14.5378],[-52.7957,-14.5433],[-52.7993,-14.5423],[-52.7977,-14.5368]]]}},{"type":"Feature","properties":{"c":"b130","b":130,"n":"Cristalina","m":"5102603","cx":-52.7996,"cy":-14.5385},"geometry":{"type":"Polygon","coordinates":[[[-52.8014,-14.5398],[-52.8006,-14.5372],[-52.8002,-14.5361],[-52.7977,-14.5368],[-52.7993,-14.5423],[-52.8019,-14.5416],[-52.8014,-14.5398]]]}},{"type":"Feature","properties":{"c":"b131","b":131,"n":"União","m":"5102603","cx":-52.7944,"cy":-14.5467},"geometry":{"type":"Polygon","coordinates":[[[-52.7914,-14.5446],[-52.7933,-14.551],[-52.7934,-14.5512],[-52.7973,-14.5488],[-52.7957,-14.5433],[-52.7914,-14.5446]]]}},{"type":"Feature","properties":{"c":"b132","b":132,"n":"Zé Viola","m":"5102603","cx":-52.7976,"cy":-14.5348},"geometry":{"type":"Polygon","coordinates":[[[-52.8002,-14.5361],[-52.7997,-14.535],[-52.7994,-14.5327],[-52.7984,-14.533],[-52.7975,-14.532],[-52.7972,-14.5322],[-52.7955,-14.5326],[-52.7961,-14.5347],[-52.795,-14.535],[-52.7954,-14.5362],[-52.7944,-14.5365],[-52.7948,-14.5376],[-52.7977,-14.5368],[-52.8002,-14.5361]]]}},{"type":"Feature","properties":{"c":"b133","b":133,"n":"Alvorada","m":"5102637","cx":-57.8903,"cy":-13.6455},"geometry":{"type":"Polygon","coordinates":[[[-57.8875,-13.6506],[-57.8947,-13.6524],[-57.8959,-13.6477],[-57.8972,-13.6433],[-57.8977,-13.6416],[-57.8856,-13.64],[-57.8831,-13.6494],[-57.8875,-13.6506]]]}},{"type":"Feature","properties":{"c":"b134","b":134,"n":"Boa Esperança","m":"5102637","cx":-57.8966,"cy":-13.666},"geometry":{"type":"Polygon","coordinates":[[[-57.8917,-13.6634],[-57.892,-13.6634],[-57.8922,-13.6678],[-57.9002,-13.6696],[-57.9016,-13.6643],[-57.8965,-13.663],[-57.8921,-13.6632],[-57.8918,-13.6632],[-57.8917,-13.6634]]]}},{"type":"Feature","properties":{"c":"b135","b":135,"n":"Centro","m":"5102637","cx":-57.8886,"cy":-13.6614},"geometry":{"type":"Polygon","coordinates":[[[-57.8829,-13.6671],[-57.8873,-13.6684],[-57.892,-13.6696],[-57.892,-13.6689],[-57.8922,-13.6678],[-57.892,-13.6634],[-57.8917,-13.6634],[-57.8918,-13.6632],[-57.8927,-13.6597],[-57.8946,-13.6528],[-57.8947,-13.6524],[-57.8875,-13.6506],[-57.8862,-13.6552],[-57.8866,-13.6553],[-57.886,-13.6576],[-57.884,-13.6651],[-57.8835,-13.665],[-57.8832,-13.6664],[-57.8829,-13.6671]]]}},{"type":"Feature","properties":{"c":"b136","b":136,"n":"Jardim Primavera","m":"5102637","cx":-57.8984,"cy":-13.6575},"geometry":{"type":"Polygon","coordinates":[[[-57.8927,-13.6597],[-57.8918,-13.6632],[-57.8921,-13.6632],[-57.8965,-13.663],[-57.9016,-13.6643],[-57.9023,-13.6614],[-57.9028,-13.6603],[-57.9028,-13.6597],[-57.904,-13.6553],[-57.8988,-13.654],[-57.8975,-13.6535],[-57.8946,-13.6528],[-57.8927,-13.6597]]]}},{"type":"Feature","properties":{"c":"b137","b":137,"n":"Jardim das Palmeiras","m":"5102637","cx":-57.9161,"cy":-13.6485},"geometry":{"type":"Polygon","coordinates":[[[-57.9043,-13.655],[-57.9174,-13.653],[-57.9268,-13.6515],[-57.9248,-13.6392],[-57.9204,-13.6394],[-57.908,-13.6405],[-57.9067,-13.6456],[-57.9043,-13.655]]]}},{"type":"Feature","properties":{"c":"b138","b":138,"n":"Nossa Senhora Aparecida","m":"5102637","cx":-57.8829,"cy":-13.6595},"geometry":{"type":"Polygon","coordinates":[[[-57.8831,-13.6494],[-57.8798,-13.6615],[-57.8788,-13.6652],[-57.8832,-13.6664],[-57.8835,-13.665],[-57.884,-13.6651],[-57.886,-13.6576],[-57.8866,-13.6553],[-57.8862,-13.6552],[-57.8875,-13.6506],[-57.8831,-13.6494]]]}},{"type":"Feature","properties":{"c":"b139","b":139,"n":"Olenka","m":"5102637","cx":-57.9004,"cy":-13.65},"geometry":{"type":"Polygon","coordinates":[[[-57.9004,-13.644],[-57.9004,-13.6442],[-57.8972,-13.6433],[-57.8959,-13.6477],[-57.8947,-13.6524],[-57.8946,-13.6528],[-57.8975,-13.6535],[-57.8988,-13.654],[-57.904,-13.6553],[-57.9043,-13.655],[-57.9067,-13.6456],[-57.9004,-13.644]]]}},{"type":"Feature","properties":{"c":"b140","b":140,"n":"Centro","m":"5102678","cx":-55.1683,"cy":-15.5465},"geometry":{"type":"Polygon","coordinates":[[[-55.166,-15.5496],[-55.1686,-15.5516],[-55.1699,-15.5535],[-55.1706,-15.5551],[-55.1713,-15.5564],[-55.1718,-15.5553],[-55.1736,-15.5526],[-55.1749,-15.5508],[-55.1766,-15.5481],[-55.177,-15.5478],[-55.1776,-15.547],[-55.1741,-15.544],[-55.1678,-15.5384],[-55.1666,-15.5374],[-55.1629,-15.5413],[-55.1585,-15.5461],[-55.1611,-15.5473],[-55.166,-15.5496]]]}},{"type":"Feature","properties":{"c":"b141","b":141,"n":"Jardim Campo Verde","m":"5102678","cx":-55.1614,"cy":-15.5519},"geometry":{"type":"MultiPolygon","coordinates":[[[[-55.1611,-15.5473],[-55.1576,-15.5546],[-55.1596,-15.5555],[-55.1571,-15.5585],[-55.1581,-15.5592],[-55.1597,-15.5572],[-55.162,-15.5543],[-55.166,-15.5496],[-55.1611,-15.5473]]],[[[-55.153,-15.5516],[-55.1545,-15.5485],[-55.1541,-15.5481],[-55.1508,-15.5466],[-55.15,-15.5483],[-55.149,-15.5498],[-55.153,-15.5516]]]]}},{"type":"Feature","properties":{"c":"b142","b":142,"n":"Jupiara","m":"5102678","cx":-55.1705,"cy":-15.5649},"geometry":{"type":"Polygon","coordinates":[[[-55.1748,-15.5678],[-55.1755,-15.5684],[-55.1755,-15.5678],[-55.175,-15.5669],[-55.1731,-15.5619],[-55.172,-15.559],[-55.1702,-15.5615],[-55.1685,-15.5604],[-55.1659,-15.5642],[-55.1675,-15.5656],[-55.1656,-15.5684],[-55.166,-15.5697],[-55.165,-15.5701],[-55.1654,-15.571],[-55.1691,-15.5699],[-55.1717,-15.5689],[-55.1748,-15.5678]]]}},{"type":"Feature","properties":{"c":"b143","b":143,"n":"São Lourenço","m":"5102678","cx":-55.1626,"cy":-15.5558},"geometry":{"type":"Polygon","coordinates":[[[-55.1699,-15.5535],[-55.1686,-15.5516],[-55.166,-15.5496],[-55.162,-15.5543],[-55.1597,-15.5572],[-55.1581,-15.5592],[-55.1579,-15.5595],[-55.1594,-15.5612],[-55.16,-15.5621],[-55.1605,-15.5624],[-55.1601,-15.5627],[-55.1609,-15.5635],[-55.1624,-15.5628],[-55.1659,-15.5603],[-55.1666,-15.5592],[-55.1657,-15.5586],[-55.1653,-15.5589],[-55.1635,-15.5566],[-55.1664,-15.5544],[-55.1684,-15.5566],[-55.1706,-15.5551],[-55.1699,-15.5535]]]}},{"type":"Feature","properties":{"c":"b144","b":144,"n":"Vale do Sol","m":"5102678","cx":-55.178,"cy":-15.5532},"geometry":{"type":"Polygon","coordinates":[[[-55.1755,-15.5539],[-55.1749,-15.5548],[-55.1751,-15.5549],[-55.1746,-15.5556],[-55.1753,-15.5569],[-55.1749,-15.5578],[-55.1756,-15.5596],[-55.1736,-15.5603],[-55.1743,-15.5621],[-55.1749,-15.5619],[-55.1746,-15.5613],[-55.1774,-15.5603],[-55.178,-15.5618],[-55.1833,-15.56],[-55.1841,-15.5562],[-55.1834,-15.5544],[-55.1799,-15.5523],[-55.1798,-15.5505],[-55.1795,-15.5498],[-55.1814,-15.5463],[-55.179,-15.5448],[-55.1776,-15.547],[-55.177,-15.5478],[-55.1766,-15.5481],[-55.1749,-15.5508],[-55.1736,-15.5526],[-55.1755,-15.5539]]]}},{"type":"Feature","properties":{"c":"b145","b":145,"n":"Boa Esperança","m":"5102793","cx":-55.8348,"cy":-9.9767},"geometry":{"type":"Polygon","coordinates":[[[-55.8338,-9.9782],[-55.8366,-9.9773],[-55.8363,-9.9762],[-55.8378,-9.9756],[-55.8373,-9.9745],[-55.8331,-9.9759],[-55.8324,-9.9752],[-55.8338,-9.9782]]]}},{"type":"Feature","properties":{"c":"b146","b":146,"n":"Boa Vista","m":"5102793","cx":-55.8241,"cy":-9.9728},"geometry":{"type":"Polygon","coordinates":[[[-55.8181,-9.9734],[-55.8195,-9.9739],[-55.821,-9.9745],[-55.8237,-9.9752],[-55.8261,-9.9742],[-55.8273,-9.974],[-55.8292,-9.9743],[-55.83,-9.9746],[-55.8309,-9.9754],[-55.8322,-9.9749],[-55.8316,-9.9736],[-55.8311,-9.9732],[-55.8287,-9.9724],[-55.8193,-9.9695],[-55.8181,-9.9734]]]}},{"type":"Feature","properties":{"c":"b147","b":147,"n":"Bom Jesus","m":"5102793","cx":-55.817,"cy":-9.9672},"geometry":{"type":"Polygon","coordinates":[[[-55.8131,-9.9659],[-55.8137,-9.9666],[-55.8143,-9.9679],[-55.8193,-9.9695],[-55.8202,-9.9666],[-55.8172,-9.9657],[-55.8145,-9.9648],[-55.8129,-9.9644],[-55.8119,-9.9644],[-55.8122,-9.9654],[-55.8131,-9.9659]]]}},{"type":"Feature","properties":{"c":"b148","b":148,"n":"Centro","m":"5102793","cx":-55.8229,"cy":-9.9659},"geometry":{"type":"Polygon","coordinates":[[[-55.8193,-9.9695],[-55.8287,-9.9724],[-55.827,-9.9691],[-55.825,-9.9652],[-55.8232,-9.9618],[-55.8223,-9.9602],[-55.8202,-9.9666],[-55.8193,-9.9695]]]}},{"type":"Feature","properties":{"c":"b149","b":149,"n":"Cristo Rey","m":"5102793","cx":-55.8155,"cy":-9.9694},"geometry":{"type":"Polygon","coordinates":[[[-55.8193,-9.9695],[-55.8143,-9.9679],[-55.8137,-9.9666],[-55.8131,-9.9659],[-55.8122,-9.9654],[-55.8119,-9.9682],[-55.8121,-9.9693],[-55.8121,-9.9713],[-55.8132,-9.9717],[-55.8144,-9.9724],[-55.8164,-9.9733],[-55.8181,-9.9734],[-55.8193,-9.9695]]]}},{"type":"Feature","properties":{"c":"b150","b":150,"n":"Santa Terezinha","m":"5102793","cx":-55.8198,"cy":-9.9629},"geometry":{"type":"Polygon","coordinates":[[[-55.8227,-9.959],[-55.8198,-9.958],[-55.8172,-9.9657],[-55.8202,-9.9666],[-55.8223,-9.9602],[-55.8227,-9.959]]]}},{"type":"Feature","properties":{"c":"b151","b":151,"n":"Centro","m":"5102850","cx":-58.6086,"cy":-11.1375},"geometry":{"type":"Polygon","coordinates":[[[-58.6055,-11.1365],[-58.606,-11.136],[-58.6083,-11.1384],[-58.6092,-11.1393],[-58.6098,-11.1387],[-58.611,-11.1399],[-58.6104,-11.1405],[-58.6108,-11.141],[-58.6113,-11.1408],[-58.6132,-11.1391],[-58.6123,-11.138],[-58.6119,-11.1369],[-58.6105,-11.1381],[-58.6083,-11.1359],[-58.6098,-11.1345],[-58.6093,-11.1339],[-58.6077,-11.1353],[-58.6062,-11.1335],[-58.6046,-11.1354],[-58.6055,-11.1365]]]}},{"type":"Feature","properties":{"c":"b152","b":152,"n":"Guadalupe","m":"5102850","cx":-58.607,"cy":-11.1434},"geometry":{"type":"Polygon","coordinates":[[[-58.609,-11.1423],[-58.6084,-11.1429],[-58.6072,-11.1416],[-58.6086,-11.1404],[-58.6091,-11.1403],[-58.6092,-11.1393],[-58.6083,-11.1384],[-58.6061,-11.1404],[-58.6066,-11.141],[-58.6034,-11.1439],[-58.6026,-11.1449],[-58.6064,-11.1468],[-58.6087,-11.1478],[-58.6115,-11.1451],[-58.609,-11.1423]]]}},{"type":"Feature","properties":{"c":"b153","b":153,"n":"Noga","m":"5102850","cx":-58.6091,"cy":-11.1321},"geometry":{"type":"Polygon","coordinates":[[[-58.6103,-11.1299],[-58.6103,-11.1286],[-58.6086,-11.1308],[-58.6062,-11.1335],[-58.6077,-11.1353],[-58.6093,-11.1339],[-58.6098,-11.1345],[-58.6083,-11.1359],[-58.6105,-11.1381],[-58.6119,-11.1369],[-58.6103,-11.1299]]]}},{"type":"Feature","properties":{"c":"b154","b":154,"n":"Santa Rita","m":"5102850","cx":-58.604,"cy":-11.1396},"geometry":{"type":"Polygon","coordinates":[[[-58.606,-11.136],[-58.6055,-11.1365],[-58.6046,-11.1354],[-58.6031,-11.1373],[-58.602,-11.1384],[-58.6017,-11.1389],[-58.6002,-11.1406],[-58.6034,-11.1439],[-58.6066,-11.141],[-58.6061,-11.1404],[-58.6083,-11.1384],[-58.606,-11.136]]]}},{"type":"Feature","properties":{"c":"b155","b":155,"n":"Santo Antônio","m":"5102850","cx":-58.6113,"cy":-11.142},"geometry":{"type":"Polygon","coordinates":[[[-58.6113,-11.1408],[-58.6108,-11.141],[-58.6104,-11.1405],[-58.611,-11.1399],[-58.6098,-11.1387],[-58.6092,-11.1393],[-58.6091,-11.1403],[-58.6086,-11.1404],[-58.6072,-11.1416],[-58.6084,-11.1429],[-58.609,-11.1423],[-58.6115,-11.1451],[-58.6135,-11.1434],[-58.6157,-11.1413],[-58.6132,-11.1391],[-58.6113,-11.1408]]]}},{"type":"Feature","properties":{"c":"b156","b":156,"n":"Campo Verde","m":"5103056","cx":-54.8811,"cy":-11.5114},"geometry":{"type":"Polygon","coordinates":[[[-54.8791,-11.5076],[-54.8776,-11.5141],[-54.8831,-11.5153],[-54.8846,-11.5088],[-54.8791,-11.5076]]]}},{"type":"Feature","properties":{"c":"b157","b":157,"n":"Centro Cívico","m":"5103056","cx":-54.8824,"cy":-11.5056},"geometry":{"type":"Polygon","coordinates":[[[-54.8846,-11.5088],[-54.8857,-11.5037],[-54.8802,-11.5025],[-54.8791,-11.5076],[-54.8846,-11.5088]]]}},{"type":"Feature","properties":{"c":"b158","b":158,"n":"Florestal","m":"5103056","cx":-54.8698,"cy":-11.5086},"geometry":{"type":"Polygon","coordinates":[[[-54.8655,-11.5105],[-54.8652,-11.5115],[-54.8727,-11.5131],[-54.8741,-11.5065],[-54.8705,-11.5057],[-54.8664,-11.5068],[-54.8655,-11.5105]]]}},{"type":"Feature","properties":{"c":"b159","b":159,"n":"Jardim União","m":"5103056","cx":-54.8834,"cy":-11.5012},"geometry":{"type":"Polygon","coordinates":[[[-54.8866,-11.4999],[-54.881,-11.4987],[-54.8802,-11.5025],[-54.8857,-11.5037],[-54.8866,-11.4999]]]}},{"type":"Feature","properties":{"c":"b160","b":160,"n":"Lions Internacional","m":"5103056","cx":-54.8698,"cy":-11.5043},"geometry":{"type":"Polygon","coordinates":[[[-54.8705,-11.5057],[-54.8741,-11.5065],[-54.8744,-11.5053],[-54.8725,-11.5048],[-54.8727,-11.5039],[-54.8673,-11.5027],[-54.8664,-11.5068],[-54.8705,-11.5057]]]}},{"type":"Feature","properties":{"c":"b161","b":161,"n":"Rotary Internacional","m":"5103056","cx":-54.8708,"cy":-11.4999},"geometry":{"type":"Polygon","coordinates":[[[-54.8742,-11.4972],[-54.8688,-11.4961],[-54.8673,-11.5027],[-54.8727,-11.5039],[-54.8742,-11.4972]]]}},{"type":"Feature","properties":{"c":"b162","b":162,"n":"Centro","m":"5103304","cx":-59.7895,"cy":-13.6597},"geometry":{"type":"Polygon","coordinates":[[[-59.7927,-13.6627],[-59.7932,-13.6631],[-59.7934,-13.662],[-59.7937,-13.6594],[-59.7944,-13.6576],[-59.7862,-13.6558],[-59.7852,-13.66],[-59.7873,-13.6605],[-59.7871,-13.6615],[-59.7927,-13.6627]]]}},{"type":"Feature","properties":{"c":"b163","b":163,"n":"Cidade Verde","m":"5103304","cx":-59.8049,"cy":-13.6547},"geometry":{"type":"Polygon","coordinates":[[[-59.8051,-13.6574],[-59.8086,-13.6592],[-59.8102,-13.6562],[-59.8109,-13.6552],[-59.8087,-13.654],[-59.8027,-13.6509],[-59.8001,-13.6518],[-59.7988,-13.6542],[-59.8051,-13.6574]]]}},{"type":"Feature","properties":{"c":"b164","b":164,"n":"Cristo Rei","m":"5103304","cx":-59.7891,"cy":-13.6548},"geometry":{"type":"Polygon","coordinates":[[[-59.7886,-13.6531],[-59.7847,-13.6523],[-59.7845,-13.6533],[-59.7835,-13.6531],[-59.783,-13.6552],[-59.7862,-13.6558],[-59.7944,-13.6576],[-59.7947,-13.6564],[-59.7951,-13.6545],[-59.7886,-13.6531]]]}},{"type":"Feature","properties":{"c":"b165","b":165,"n":"Jardim Mato Grosso","m":"5103304","cx":-59.7819,"cy":-13.6579},"geometry":{"type":"Polygon","coordinates":[[[-59.783,-13.6552],[-59.7788,-13.6543],[-59.7784,-13.6564],[-59.7777,-13.6595],[-59.7808,-13.6602],[-59.7829,-13.6606],[-59.7871,-13.6615],[-59.7873,-13.6605],[-59.7852,-13.66],[-59.7862,-13.6558],[-59.783,-13.6552]]]}},{"type":"Feature","properties":{"c":"b166","b":166,"n":"Nossa Senhora de Fátima","m":"5103304","cx":-59.7898,"cy":-13.6639},"geometry":{"type":"Polygon","coordinates":[[[-59.7932,-13.6631],[-59.7927,-13.6627],[-59.7871,-13.6615],[-59.7859,-13.6666],[-59.7921,-13.6679],[-59.7928,-13.6648],[-59.7932,-13.6631]]]}},{"type":"Feature","properties":{"c":"b167","b":167,"n":"Nova Vacaria","m":"5103304","cx":-59.7984,"cy":-13.66},"geometry":{"type":"Polygon","coordinates":[[[-59.7988,-13.6542],[-59.7983,-13.6573],[-59.7959,-13.6569],[-59.7947,-13.6564],[-59.7944,-13.6576],[-59.7937,-13.6594],[-59.7934,-13.662],[-59.7932,-13.6631],[-59.7928,-13.6648],[-59.7965,-13.6656],[-59.7968,-13.6639],[-59.7984,-13.6642],[-59.7998,-13.6643],[-59.8003,-13.664],[-59.8019,-13.6617],[-59.8019,-13.6613],[-59.8027,-13.6607],[-59.8051,-13.6574],[-59.7988,-13.6542]]]}},{"type":"Feature","properties":{"c":"b168","b":168,"n":"São Francisco de Assis","m":"5103304","cx":-59.7845,"cy":-13.6491},"geometry":{"type":"Polygon","coordinates":[[[-59.782,-13.6496],[-59.7816,-13.6516],[-59.7837,-13.6521],[-59.7835,-13.6531],[-59.7845,-13.6533],[-59.7847,-13.6523],[-59.7886,-13.6531],[-59.7951,-13.6545],[-59.7955,-13.6524],[-59.7917,-13.6505],[-59.7849,-13.647],[-59.7839,-13.6463],[-59.779,-13.6438],[-59.7778,-13.6487],[-59.782,-13.6496]]]}},{"type":"Feature","properties":{"c":"b169","b":169,"n":"Tertúlia","m":"5103304","cx":-59.7803,"cy":-13.6524},"geometry":{"type":"Polygon","coordinates":[[[-59.7835,-13.6531],[-59.7837,-13.6521],[-59.7816,-13.6516],[-59.782,-13.6496],[-59.7778,-13.6487],[-59.7769,-13.6528],[-59.7765,-13.6548],[-59.7761,-13.6559],[-59.7784,-13.6564],[-59.7788,-13.6543],[-59.783,-13.6552],[-59.7835,-13.6531]]]}},{"type":"Feature","properties":{"c":"b170","b":170,"n":"Alto da Serra I","m":"5103403","cx":-56.0252,"cy":-15.5798},"geometry":{"type":"Polygon","coordinates":[[[-56.0197,-15.5752],[-56.019,-15.5757],[-56.0192,-15.5763],[-56.0186,-15.5773],[-56.0184,-15.5794],[-56.02,-15.5807],[-56.0248,-15.5836],[-56.0251,-15.5832],[-56.0266,-15.5841],[-56.0269,-15.5836],[-56.0285,-15.5845],[-56.0289,-15.5844],[-56.0296,-15.585],[-56.0306,-15.5861],[-56.0316,-15.5858],[-56.0318,-15.5851],[-56.0314,-15.5844],[-56.0315,-15.5837],[-56.0318,-15.5827],[-56.0319,-15.5818],[-56.0315,-15.5815],[-56.0317,-15.5811],[-56.0318,-15.5803],[-56.0307,-15.579],[-56.0308,-15.5779],[-56.0306,-15.5779],[-56.0273,-15.5767],[-56.027,-15.577],[-56.0258,-15.5762],[-56.0237,-15.5753],[-56.023,-15.5751],[-56.0201,-15.5738],[-56.02,-15.5739],[-56.0197,-15.5752]]]}},{"type":"Feature","properties":{"c":"b171","b":171,"n":"Altos do Coxipó","m":"5103403","cx":-56.0246,"cy":-15.6297},"geometry":{"type":"Polygon","coordinates":[[[-56.0357,-15.6245],[-56.035,-15.6232],[-56.0341,-15.622],[-56.0331,-15.6213],[-56.032,-15.6221],[-56.0313,-15.6214],[-56.0298,-15.6211],[-56.029,-15.6211],[-56.0277,-15.6217],[-56.0266,-15.6221],[-56.0249,-15.6218],[-56.0221,-15.6208],[-56.0208,-15.6205],[-56.0203,-15.6207],[-56.0189,-15.622],[-56.0192,-15.6234],[-56.0193,-15.6254],[-56.0197,-15.6256],[-56.0194,-15.6262],[-56.0184,-15.6263],[-56.0181,-15.629],[-56.0171,-15.6305],[-56.0189,-15.632],[-56.0205,-15.6328],[-56.0215,-15.6338],[-56.0222,-15.6347],[-56.0237,-15.636],[-56.0255,-15.6381],[-56.0255,-15.6386],[-56.026,-15.6384],[-56.0263,-15.6386],[-56.0275,-15.6367],[-56.0278,-15.636],[-56.0295,-15.6331],[-56.0297,-15.6328],[-56.0325,-15.6282],[-56.0333,-15.6272],[-56.0344,-15.6264],[-56.0364,-15.625],[-56.0357,-15.6245]]]}},{"type":"Feature","properties":{"c":"b172","b":172,"n":"Alvorada","m":"5103403","cx":-56.0809,"cy":-15.5762},"geometry":{"type":"Polygon","coordinates":[[[-56.0887,-15.581],[-56.0879,-15.5801],[-56.0876,-15.5795],[-56.0873,-15.5773],[-56.0859,-15.5699],[-56.0856,-15.5679],[-56.0857,-15.5663],[-56.086,-15.5655],[-56.0866,-15.5644],[-56.0864,-15.5642],[-56.0839,-15.566],[-56.0789,-15.5698],[-56.0779,-15.57],[-56.0781,-15.5712],[-56.078,-15.5717],[-56.0772,-15.5729],[-56.0744,-15.5752],[-56.0739,-15.5752],[-56.0755,-15.5776],[-56.0761,-15.5783],[-56.0767,-15.5796],[-56.077,-15.5811],[-56.0776,-15.5821],[-56.0804,-15.585],[-56.0837,-15.5885],[-56.0867,-15.5862],[-56.0893,-15.5838],[-56.0908,-15.5823],[-56.0887,-15.581]]]}},{"type":"Feature","properties":{"c":"b173","b":173,"n":"Araés","m":"5103403","cx":-56.091,"cy":-15.5879},"geometry":{"type":"Polygon","coordinates":[[[-56.0847,-15.5891],[-56.0889,-15.5906],[-56.09,-15.5916],[-56.0915,-15.5921],[-56.0926,-15.593],[-56.096,-15.5901],[-56.0967,-15.5894],[-56.0979,-15.5874],[-56.0968,-15.5871],[-56.0941,-15.5844],[-56.0928,-15.5834],[-56.0908,-15.5823],[-56.0893,-15.5838],[-56.0867,-15.5862],[-56.0837,-15.5885],[-56.0847,-15.5891]]]}},{"type":"Feature","properties":{"c":"b174","b":174,"n":"Areão","m":"5103403","cx":-56.0821,"cy":-15.6018},"geometry":{"type":"Polygon","coordinates":[[[-56.0885,-15.6012],[-56.0891,-15.5995],[-56.0879,-15.5992],[-56.0842,-15.5979],[-56.0787,-15.5958],[-56.0786,-15.5959],[-56.0771,-15.5993],[-56.0764,-15.6019],[-56.0761,-15.6021],[-56.0764,-15.6033],[-56.079,-15.6061],[-56.0808,-15.6079],[-56.0878,-15.6018],[-56.0881,-15.6016],[-56.0885,-15.6012]]]}},{"type":"Feature","properties":{"c":"b175","b":175,"n":"Bandeirantes","m":"5103403","cx":-56.092,"cy":-15.5985},"geometry":{"type":"Polygon","coordinates":[[[-56.0924,-15.5954],[-56.0911,-15.5959],[-56.0906,-15.5962],[-56.0897,-15.5978],[-56.0891,-15.5995],[-56.0885,-15.6012],[-56.0881,-15.6016],[-56.0951,-15.603],[-56.0951,-15.6031],[-56.0955,-15.6023],[-56.0953,-15.6016],[-56.0957,-15.6006],[-56.0953,-15.5993],[-56.0933,-15.5972],[-56.0927,-15.5955],[-56.0924,-15.5954]]]}},{"type":"Feature","properties":{"c":"b176","b":176,"n":"Barbado","m":"5103403","cx":-56.0774,"cy":-15.6223},"geometry":{"type":"Polygon","coordinates":[[[-56.0791,-15.6209],[-56.0774,-15.6207],[-56.0773,-15.6212],[-56.0758,-15.6235],[-56.076,-15.6246],[-56.0765,-15.6252],[-56.0791,-15.6209]]]}},{"type":"Feature","properties":{"c":"b177","b":177,"n":"Barra do Pari","m":"5103403","cx":-56.1325,"cy":-15.5936},"geometry":{"type":"Polygon","coordinates":[[[-56.1212,-15.5945],[-56.1215,-15.5956],[-56.1223,-15.5965],[-56.126,-15.6002],[-56.1279,-15.5993],[-56.1302,-15.5963],[-56.1306,-15.5957],[-56.1309,-15.5959],[-56.1374,-15.5985],[-56.1376,-15.5988],[-56.1386,-15.5993],[-56.1388,-15.5998],[-56.1414,-15.6009],[-56.142,-15.6015],[-56.1433,-15.5998],[-56.1439,-15.5982],[-56.144,-15.5927],[-56.144,-15.5917],[-56.1425,-15.5893],[-56.1401,-15.5878],[-56.1383,-15.5864],[-56.1374,-15.5871],[-56.1371,-15.5865],[-56.1359,-15.5856],[-56.1355,-15.585],[-56.1341,-15.5848],[-56.1323,-15.5852],[-56.131,-15.5866],[-56.1306,-15.5872],[-56.1299,-15.5872],[-56.1294,-15.5875],[-56.1286,-15.5893],[-56.1281,-15.5892],[-56.1275,-15.5903],[-56.1261,-15.5912],[-56.1233,-15.5915],[-56.1225,-15.5911],[-56.1213,-15.5916],[-56.1209,-15.5926],[-56.1212,-15.5945]]]}},{"type":"Feature","properties":{"c":"b178","b":178,"n":"Baú","m":"5103403","cx":-56.0855,"cy":-15.5918},"geometry":{"type":"Polygon","coordinates":[[[-56.0809,-15.591],[-56.0801,-15.5921],[-56.0801,-15.5924],[-56.0832,-15.5921],[-56.085,-15.5923],[-56.0861,-15.5925],[-56.088,-15.594],[-56.0889,-15.5945],[-56.09,-15.5954],[-56.0929,-15.594],[-56.0926,-15.593],[-56.0915,-15.5921],[-56.09,-15.5916],[-56.0889,-15.5906],[-56.0847,-15.5891],[-56.0837,-15.5885],[-56.0809,-15.591]]]}},{"type":"Feature","properties":{"c":"b179","b":179,"n":"Bela Marina","m":"5103403","cx":-56.0701,"cy":-15.6334},"geometry":{"type":"Polygon","coordinates":[[[-56.0708,-15.6383],[-56.0718,-15.6384],[-56.0731,-15.6402],[-56.0742,-15.6415],[-56.0752,-15.6411],[-56.0779,-15.6388],[-56.079,-15.6374],[-56.0754,-15.6347],[-56.0735,-15.6323],[-56.0719,-15.6316],[-56.0724,-15.6311],[-56.0702,-15.6305],[-56.0674,-15.6297],[-56.0657,-15.6288],[-56.0626,-15.626],[-56.0612,-15.6245],[-56.06,-15.6254],[-56.0607,-15.6267],[-56.0616,-15.6278],[-56.0638,-15.6308],[-56.065,-15.6322],[-56.0651,-15.6329],[-56.0667,-15.6341],[-56.0672,-15.6343],[-56.068,-15.6343],[-56.0688,-15.6339],[-56.0692,-15.6344],[-56.0694,-15.6351],[-56.0691,-15.6363],[-56.0687,-15.637],[-56.0695,-15.6378],[-56.0708,-15.6383]]]}},{"type":"Feature","properties":{"c":"b180","b":180,"n":"Bela Vista","m":"5103403","cx":-56.0674,"cy":-15.5825},"geometry":{"type":"Polygon","coordinates":[[[-56.067,-15.5806],[-56.0657,-15.5795],[-56.0648,-15.5803],[-56.0646,-15.5803],[-56.0597,-15.5811],[-56.0591,-15.5811],[-56.059,-15.5826],[-56.0587,-15.5826],[-56.0579,-15.5846],[-56.0604,-15.5856],[-56.0606,-15.5851],[-56.0613,-15.5848],[-56.0615,-15.5841],[-56.0611,-15.5834],[-56.063,-15.5819],[-56.0644,-15.5823],[-56.0654,-15.5821],[-56.0653,-15.5824],[-56.0658,-15.5826],[-56.0666,-15.5834],[-56.067,-15.5827],[-56.0674,-15.5836],[-56.0694,-15.5827],[-56.067,-15.5806]]]}},{"type":"Feature","properties":{"c":"b181","b":181,"n":"Boa Esperança","m":"5103403","cx":-56.0602,"cy":-15.6124},"geometry":{"type":"Polygon","coordinates":[[[-56.0523,-15.6176],[-56.0531,-15.6192],[-56.0537,-15.6193],[-56.0547,-15.6187],[-56.0553,-15.6189],[-56.0555,-15.619],[-56.0563,-15.6179],[-56.0574,-15.6185],[-56.0579,-15.6183],[-56.0604,-15.6182],[-56.0626,-15.6196],[-56.0637,-15.6185],[-56.066,-15.6206],[-56.0667,-15.6198],[-56.0683,-15.6186],[-56.0713,-15.616],[-56.0677,-15.613],[-56.0657,-15.6119],[-56.0605,-15.6113],[-56.0583,-15.6092],[-56.0578,-15.6085],[-56.0566,-15.6074],[-56.0539,-15.6045],[-56.0542,-15.6058],[-56.054,-15.6069],[-56.0537,-15.6073],[-56.0532,-15.6079],[-56.0532,-15.6086],[-56.0538,-15.6102],[-56.0538,-15.6115],[-56.0537,-15.6119],[-56.0537,-15.613],[-56.0533,-15.6139],[-56.0522,-15.614],[-56.0519,-15.615],[-56.0514,-15.6151],[-56.0511,-15.6161],[-56.0507,-15.6165],[-56.0512,-15.6166],[-56.0514,-15.6171],[-56.0523,-15.6176]]]}},{"type":"Feature","properties":{"c":"b182","b":182,"n":"Bosque da Saúde","m":"5103403","cx":-56.0785,"cy":-15.59},"geometry":{"type":"Polygon","coordinates":[[[-56.0809,-15.591],[-56.0837,-15.5885],[-56.0804,-15.585],[-56.0746,-15.5903],[-56.0729,-15.5906],[-56.0721,-15.5903],[-56.0706,-15.5897],[-56.0703,-15.5896],[-56.0704,-15.5911],[-56.0697,-15.5926],[-56.0704,-15.5927],[-56.0741,-15.5941],[-56.0764,-15.5949],[-56.0772,-15.593],[-56.0778,-15.5925],[-56.0801,-15.5921],[-56.0809,-15.591]]]}},{"type":"Feature","properties":{"c":"b183","b":183,"n":"Cachoeira das Garças","m":"5103403","cx":-56.0418,"cy":-15.6232},"geometry":{"type":"Polygon","coordinates":[[[-56.0435,-15.6172],[-56.0395,-15.6222],[-56.0385,-15.6235],[-56.0374,-15.6244],[-56.0364,-15.625],[-56.0366,-15.6262],[-56.0373,-15.6285],[-56.038,-15.6289],[-56.0379,-15.6299],[-56.0385,-15.6301],[-56.0398,-15.6292],[-56.0403,-15.6286],[-56.0417,-15.6274],[-56.0424,-15.6266],[-56.0429,-15.6257],[-56.0433,-15.6258],[-56.0443,-15.626],[-56.0453,-15.6252],[-56.0453,-15.6249],[-56.0449,-15.6235],[-56.0449,-15.6229],[-56.0452,-15.6224],[-56.0465,-15.6219],[-56.047,-15.6214],[-56.0469,-15.6199],[-56.0471,-15.6191],[-56.0477,-15.6186],[-56.0481,-15.6183],[-56.047,-15.6175],[-56.0466,-15.6181],[-56.046,-15.6182],[-56.0462,-15.6177],[-56.0453,-15.6178],[-56.0454,-15.617],[-56.0452,-15.6159],[-56.0445,-15.6163],[-56.0439,-15.617],[-56.0435,-15.6172]]]}},{"type":"Feature","properties":{"c":"b184","b":184,"n":"Campo Velho","m":"5103403","cx":-56.0824,"cy":-15.6178},"geometry":{"type":"Polygon","coordinates":[[[-56.0791,-15.6209],[-56.0823,-15.6208],[-56.0858,-15.6148],[-56.0832,-15.6135],[-56.0791,-15.6209]]]}},{"type":"Feature","properties":{"c":"b185","b":185,"n":"Campo Verde","m":"5103403","cx":-56.0673,"cy":-15.5903},"geometry":{"type":"Polygon","coordinates":[[[-56.0621,-15.5895],[-56.0691,-15.5922],[-56.0697,-15.5926],[-56.0704,-15.5911],[-56.0703,-15.5896],[-56.0633,-15.5868],[-56.0621,-15.5895]]]}},{"type":"Feature","properties":{"c":"b186","b":186,"n":"Canjica","m":"5103403","cx":-56.0745,"cy":-15.5862},"geometry":{"type":"Polygon","coordinates":[[[-56.0731,-15.5829],[-56.0712,-15.5839],[-56.0719,-15.5848],[-56.0728,-15.5864],[-56.0735,-15.5861],[-56.0737,-15.5871],[-56.0726,-15.5878],[-56.073,-15.5881],[-56.0722,-15.5891],[-56.0718,-15.5887],[-56.0715,-15.5892],[-56.0711,-15.589],[-56.0706,-15.5897],[-56.0721,-15.5903],[-56.0727,-15.5899],[-56.0739,-15.5879],[-56.0753,-15.5863],[-56.0764,-15.5857],[-56.0765,-15.5845],[-56.0762,-15.5839],[-56.0767,-15.5834],[-56.0765,-15.5831],[-56.0754,-15.5829],[-56.0744,-15.5823],[-56.0731,-15.5829]]]}},{"type":"Feature","properties":{"c":"b187","b":187,"n":"Carumbé","m":"5103403","cx":-56.0583,"cy":-15.5865},"geometry":{"type":"Polygon","coordinates":[[[-56.0533,-15.5862],[-56.0615,-15.5893],[-56.0621,-15.5895],[-56.0633,-15.5868],[-56.0604,-15.5856],[-56.0579,-15.5846],[-56.0554,-15.5837],[-56.0547,-15.585],[-56.0534,-15.5846],[-56.0527,-15.586],[-56.0533,-15.5862]]]}},{"type":"Feature","properties":{"c":"b188","b":188,"n":"Centro Norte","m":"5103403","cx":-56.0975,"cy":-15.5944},"geometry":{"type":"Polygon","coordinates":[[[-56.0933,-15.5972],[-56.0953,-15.5993],[-56.097,-15.6008],[-56.0996,-15.5976],[-56.1014,-15.5955],[-56.1023,-15.5948],[-56.1016,-15.5935],[-56.099,-15.5896],[-56.0979,-15.5874],[-56.0967,-15.5894],[-56.096,-15.5901],[-56.0926,-15.593],[-56.0929,-15.594],[-56.0927,-15.5955],[-56.0933,-15.5972]]]}},{"type":"Feature","properties":{"c":"b189","b":189,"n":"Centro Político Administrativo","m":"5103403","cx":-56.0662,"cy":-15.5604},"geometry":{"type":"Polygon","coordinates":[[[-56.0744,-15.5752],[-56.0772,-15.5729],[-56.078,-15.5717],[-56.0781,-15.5712],[-56.0779,-15.57],[-56.0789,-15.5698],[-56.0839,-15.566],[-56.0835,-15.5658],[-56.0815,-15.5647],[-56.0806,-15.5645],[-56.0769,-15.5623],[-56.0763,-15.5618],[-56.0751,-15.5594],[-56.0733,-15.5568],[-56.0728,-15.5569],[-56.0705,-15.5586],[-56.0698,-15.5575],[-56.0686,-15.5584],[-56.0667,-15.5556],[-56.0707,-15.5527],[-56.0709,-15.5516],[-56.0713,-15.5507],[-56.0728,-15.5498],[-56.0734,-15.5505],[-56.0732,-15.551],[-56.0744,-15.5514],[-56.0751,-15.5521],[-56.0757,-15.5531],[-56.0753,-15.5536],[-56.0756,-15.5542],[-56.0749,-15.557],[-56.0757,-15.5579],[-56.0772,-15.5584],[-56.0798,-15.5589],[-56.081,-15.5588],[-56.0821,-15.5583],[-56.0823,-15.5575],[-56.0829,-15.5571],[-56.0837,-15.5569],[-56.0842,-15.5566],[-56.0829,-15.5555],[-56.0824,-15.5545],[-56.0808,-15.5537],[-56.0815,-15.5527],[-56.08,-15.5504],[-56.0782,-15.5471],[-56.0776,-15.5463],[-56.0761,-15.5436],[-56.0749,-15.5418],[-56.0736,-15.5404],[-56.0724,-15.5413],[-56.0717,-15.5426],[-56.0707,-15.5438],[-56.0706,-15.5443],[-56.0712,-15.5449],[-56.0728,-15.5469],[-56.0732,-15.5476],[-56.0694,-15.5497],[-56.07,-15.5505],[-56.0695,-15.5507],[-56.0685,-15.5507],[-56.0677,-15.5497],[-56.0673,-15.5488],[-56.0669,-15.5472],[-56.0663,-15.5466],[-56.0653,-15.5465],[-56.064,-15.547],[-56.0628,-15.5469],[-56.0617,-15.5472],[-56.0602,-15.5479],[-56.0594,-15.5478],[-56.0586,-15.5472],[-56.0571,-15.5472],[-56.0566,-15.5478],[-56.0564,-15.5475],[-56.0538,-15.5498],[-56.0554,-15.5519],[-56.0564,-15.5529],[-56.0595,-15.5568],[-56.0588,-15.5573],[-56.0583,-15.5583],[-56.0577,-15.5586],[-56.0568,-15.5603],[-56.057,-15.561],[-56.0567,-15.5619],[-56.0571,-15.562],[-56.0584,-15.5614],[-56.0595,-15.5605],[-56.0612,-15.5627],[-56.0606,-15.563],[-56.0583,-15.5631],[-56.0583,-15.5643],[-56.0593,-15.5643],[-56.0608,-15.5642],[-56.0628,-15.5642],[-56.0638,-15.5644],[-56.0642,-15.5648],[-56.0643,-15.5668],[-56.0647,-15.5673],[-56.0646,-15.5678],[-56.0654,-15.5685],[-56.0659,-15.5682],[-56.0663,-15.5688],[-56.0666,-15.5687],[-56.0667,-15.5699],[-56.0677,-15.5717],[-56.0681,-15.5727],[-56.0676,-15.573],[-56.0679,-15.5735],[-56.0669,-15.5741],[-56.0673,-15.5746],[-56.0662,-15.5752],[-56.0658,-15.5747],[-56.065,-15.5751],[-56.0641,-15.5733],[-56.0643,-15.5732],[-56.0635,-15.5718],[-56.0625,-15.5725],[-56.0625,-15.5752],[-56.0629,-15.5752],[-56.063,-15.5772],[-56.0632,-15.5792],[-56.0639,-15.5791],[-56.0648,-15.5803],[-56.0657,-15.5795],[-56.0662,-15.5791],[-56.0665,-15.5793],[-56.0679,-15.5779],[-56.073,-15.5742],[-56.0739,-15.5752],[-56.0744,-15.5752]]]}},{"type":"Feature","properties":{"c":"b190","b":190,"n":"Centro Sul","m":"5103403","cx":-56.1042,"cy":-15.6043},"geometry":{"type":"Polygon","coordinates":[[[-56.1034,-15.6114],[-56.105,-15.6095],[-56.1085,-15.6062],[-56.1098,-15.605],[-56.1083,-15.6036],[-56.1051,-15.6004],[-56.103,-15.5984],[-56.1036,-15.5979],[-56.1027,-15.5969],[-56.1029,-15.5956],[-56.1023,-15.5948],[-56.1014,-15.5955],[-56.0996,-15.5976],[-56.097,-15.6008],[-56.097,-15.6009],[-56.1002,-15.6056],[-56.0992,-15.6065],[-56.0988,-15.6071],[-56.0993,-15.6082],[-56.1016,-15.6125],[-56.1034,-15.6114]]]}},{"type":"Feature","properties":{"c":"b191","b":191,"n":"Chácara dos Pinheiros","m":"5103403","cx":-56.0514,"cy":-15.6214},"geometry":{"type":"Polygon","coordinates":[[[-56.0547,-15.6187],[-56.0537,-15.6193],[-56.0531,-15.6192],[-56.0523,-15.6176],[-56.0514,-15.6171],[-56.0491,-15.6172],[-56.0481,-15.6183],[-56.0477,-15.6186],[-56.0489,-15.6218],[-56.0508,-15.6237],[-56.0526,-15.6258],[-56.0522,-15.6261],[-56.0525,-15.6265],[-56.0546,-15.6241],[-56.054,-15.621],[-56.0553,-15.6189],[-56.0547,-15.6187]]]}},{"type":"Feature","properties":{"c":"b192","b":192,"n":"Cidade Alta","m":"5103403","cx":-56.1202,"cy":-15.605},"geometry":{"type":"Polygon","coordinates":[[[-56.1158,-15.6004],[-56.1115,-15.6034],[-56.1128,-15.6056],[-56.1134,-15.6061],[-56.1162,-15.6091],[-56.1189,-15.6097],[-56.1193,-15.61],[-56.1209,-15.6115],[-56.1216,-15.6127],[-56.1221,-15.6144],[-56.1226,-15.6151],[-56.124,-15.6161],[-56.1241,-15.6161],[-56.1256,-15.6144],[-56.127,-15.6132],[-56.128,-15.6123],[-56.1284,-15.6117],[-56.129,-15.6097],[-56.1288,-15.6097],[-56.1284,-15.6069],[-56.1278,-15.6044],[-56.1276,-15.604],[-56.1275,-15.6023],[-56.127,-15.6012],[-56.126,-15.6002],[-56.1223,-15.5965],[-56.1215,-15.5956],[-56.1212,-15.5945],[-56.1207,-15.5945],[-56.1211,-15.5949],[-56.1204,-15.598],[-56.12,-15.5984],[-56.1192,-15.5988],[-56.117,-15.5996],[-56.1158,-15.6004]]]}},{"type":"Feature","properties":{"c":"b193","b":193,"n":"Cidade Verde","m":"5103403","cx":-56.1332,"cy":-15.6107},"geometry":{"type":"Polygon","coordinates":[[[-56.129,-15.6119],[-56.1354,-15.6124],[-56.1375,-15.6129],[-56.1378,-15.6118],[-56.1377,-15.6081],[-56.1377,-15.6079],[-56.1371,-15.6079],[-56.1339,-15.6076],[-56.1289,-15.6072],[-56.1284,-15.6069],[-56.1288,-15.6097],[-56.129,-15.6097],[-56.1284,-15.6117],[-56.129,-15.6119]]]}},{"type":"Feature","properties":{"c":"b194","b":194,"n":"Cohab São Gonçalo","m":"5103403","cx":-56.0431,"cy":-15.6466},"geometry":{"type":"Polygon","coordinates":[[[-56.0371,-15.6439],[-56.0366,-15.6447],[-56.0369,-15.646],[-56.0367,-15.6478],[-56.0373,-15.6477],[-56.039,-15.6481],[-56.0391,-15.6477],[-56.0398,-15.6478],[-56.0447,-15.6484],[-56.0455,-15.6484],[-56.0473,-15.6488],[-56.0525,-15.6495],[-56.052,-15.6462],[-56.0504,-15.647],[-56.0469,-15.6456],[-56.0456,-15.6459],[-56.0447,-15.646],[-56.0435,-15.646],[-56.0421,-15.646],[-56.0397,-15.6457],[-56.0375,-15.6436],[-56.0371,-15.6439]]]}},{"type":"Feature","properties":{"c":"b195","b":195,"n":"Coophamil","m":"5103403","cx":-56.126,"cy":-15.6223},"geometry":{"type":"Polygon","coordinates":[[[-56.1314,-15.6158],[-56.1311,-15.6152],[-56.1304,-15.6149],[-56.1284,-15.6138],[-56.127,-15.6132],[-56.1256,-15.6144],[-56.1241,-15.6161],[-56.121,-15.6195],[-56.1208,-15.6202],[-56.12,-15.6207],[-56.1169,-15.624],[-56.1203,-15.6272],[-56.121,-15.6279],[-56.1227,-15.6282],[-56.1266,-15.6289],[-56.1285,-15.6287],[-56.1298,-15.6281],[-56.1314,-15.626],[-56.1347,-15.6206],[-56.1356,-15.6181],[-56.1314,-15.6158]]]}},{"type":"Feature","properties":{"c":"b196","b":196,"n":"Coophema","m":"5103403","cx":-56.0626,"cy":-15.6379},"geometry":{"type":"Polygon","coordinates":[[[-56.058,-15.6353],[-56.06,-15.638],[-56.0603,-15.6378],[-56.0622,-15.6404],[-56.0628,-15.6409],[-56.0642,-15.6411],[-56.067,-15.6418],[-56.067,-15.6415],[-56.0656,-15.6391],[-56.0628,-15.635],[-56.0609,-15.6363],[-56.0601,-15.6357],[-56.058,-15.6339],[-56.058,-15.6353]]]}},{"type":"Feature","properties":{"c":"b197","b":197,"n":"Coxipó","m":"5103403","cx":-56.0563,"cy":-15.6295},"geometry":{"type":"Polygon","coordinates":[[[-56.0628,-15.6233],[-56.066,-15.6206],[-56.0637,-15.6185],[-56.0626,-15.6196],[-56.0604,-15.6182],[-56.0579,-15.6183],[-56.0574,-15.6185],[-56.0563,-15.6179],[-56.0555,-15.619],[-56.0553,-15.6189],[-56.054,-15.621],[-56.0546,-15.6241],[-56.0525,-15.6265],[-56.053,-15.6272],[-56.0492,-15.6283],[-56.0505,-15.631],[-56.051,-15.6317],[-56.0521,-15.631],[-56.0537,-15.6331],[-56.0543,-15.6322],[-56.0546,-15.6326],[-56.0558,-15.6331],[-56.0567,-15.6337],[-56.058,-15.6339],[-56.0601,-15.6357],[-56.0609,-15.6363],[-56.0628,-15.635],[-56.0656,-15.6391],[-56.0695,-15.6378],[-56.0687,-15.637],[-56.0691,-15.6363],[-56.0694,-15.6351],[-56.0692,-15.6344],[-56.0688,-15.6339],[-56.068,-15.6343],[-56.0672,-15.6343],[-56.0667,-15.6341],[-56.0651,-15.6329],[-56.065,-15.6322],[-56.0638,-15.6308],[-56.0616,-15.6278],[-56.0607,-15.6267],[-56.06,-15.6254],[-56.0612,-15.6245],[-56.0628,-15.6233]]]}},{"type":"Feature","properties":{"c":"b198","b":198,"n":"Despraiado","m":"5103403","cx":-56.0947,"cy":-15.5704},"geometry":{"type":"Polygon","coordinates":[[[-56.0967,-15.5786],[-56.0956,-15.577],[-56.0961,-15.576],[-56.0961,-15.5744],[-56.0972,-15.5733],[-56.0978,-15.573],[-56.0988,-15.5719],[-56.1001,-15.5722],[-56.1009,-15.5715],[-56.1027,-15.5707],[-56.1033,-15.571],[-56.1037,-15.5708],[-56.103,-15.57],[-56.1019,-15.5701],[-56.102,-15.5692],[-56.1011,-15.5695],[-56.1007,-15.569],[-56.0999,-15.5686],[-56.0999,-15.5683],[-56.0991,-15.5681],[-56.0989,-15.5675],[-56.0992,-15.5671],[-56.0986,-15.5671],[-56.0978,-15.5663],[-56.0984,-15.566],[-56.0986,-15.5648],[-56.098,-15.5641],[-56.0981,-15.5631],[-56.0977,-15.5627],[-56.0968,-15.5628],[-56.0965,-15.5623],[-56.0968,-15.562],[-56.0963,-15.5617],[-56.0961,-15.5612],[-56.0952,-15.5609],[-56.0952,-15.5605],[-56.0947,-15.5604],[-56.0942,-15.5599],[-56.0944,-15.5588],[-56.0936,-15.5588],[-56.0891,-15.5622],[-56.0888,-15.5626],[-56.0869,-15.564],[-56.0866,-15.5644],[-56.086,-15.5655],[-56.0857,-15.5663],[-56.0856,-15.5679],[-56.0859,-15.5699],[-56.0873,-15.5773],[-56.0876,-15.5795],[-56.0879,-15.5801],[-56.0887,-15.581],[-56.0908,-15.5823],[-56.0921,-15.5798],[-56.0929,-15.5793],[-56.0944,-15.5787],[-56.0955,-15.5787],[-56.0967,-15.5791],[-56.0967,-15.5786]]]}},{"type":"Feature","properties":{"c":"b199","b":199,"n":"Dom Aquino","m":"5103403","cx":-56.094,"cy":-15.609},"geometry":{"type":"Polygon","coordinates":[[[-56.0993,-15.6082],[-56.0988,-15.6071],[-56.0992,-15.6065],[-56.1002,-15.6056],[-56.097,-15.6009],[-56.097,-15.6008],[-56.0953,-15.5993],[-56.0957,-15.6006],[-56.0953,-15.6016],[-56.0955,-15.6023],[-56.0951,-15.6031],[-56.0928,-15.6056],[-56.0914,-15.6069],[-56.0907,-15.6072],[-56.0891,-15.6087],[-56.0873,-15.6093],[-56.0861,-15.6102],[-56.0845,-15.6118],[-56.0858,-15.6132],[-56.0893,-15.619],[-56.0915,-15.6178],[-56.0981,-15.614],[-56.1016,-15.6125],[-56.0993,-15.6082]]]}},{"type":"Feature","properties":{"c":"b200","b":200,"n":"Dom Bosco","m":"5103403","cx":-56.0667,"cy":-15.5858},"geometry":{"type":"Polygon","coordinates":[[[-56.0633,-15.5868],[-56.0703,-15.5896],[-56.0706,-15.5897],[-56.0711,-15.589],[-56.0715,-15.5892],[-56.0718,-15.5887],[-56.0722,-15.5891],[-56.073,-15.5881],[-56.0726,-15.5878],[-56.0737,-15.5871],[-56.0735,-15.5861],[-56.0728,-15.5864],[-56.0719,-15.5848],[-56.0712,-15.5839],[-56.0706,-15.5834],[-56.0703,-15.5836],[-56.0699,-15.5825],[-56.0694,-15.5827],[-56.0674,-15.5836],[-56.067,-15.5827],[-56.0666,-15.5834],[-56.0658,-15.5826],[-56.0653,-15.5824],[-56.0654,-15.5821],[-56.0644,-15.5823],[-56.063,-15.5819],[-56.0611,-15.5834],[-56.0615,-15.5841],[-56.0613,-15.5848],[-56.0606,-15.5851],[-56.0604,-15.5856],[-56.0633,-15.5868]]]}},{"type":"Feature","properties":{"c":"b201","b":201,"n":"Dr. Fábio Leite I","m":"5103403","cx":-56.0251,"cy":-15.5712},"geometry":{"type":"Polygon","coordinates":[[[-56.0201,-15.5738],[-56.023,-15.5751],[-56.0237,-15.5753],[-56.0258,-15.5762],[-56.027,-15.577],[-56.0273,-15.5767],[-56.0306,-15.5779],[-56.0308,-15.5779],[-56.0303,-15.5774],[-56.0305,-15.577],[-56.0306,-15.5761],[-56.0302,-15.5756],[-56.0304,-15.5753],[-56.0299,-15.5738],[-56.0303,-15.5732],[-56.0301,-15.572],[-56.029,-15.5704],[-56.0287,-15.5704],[-56.0282,-15.5693],[-56.0271,-15.5679],[-56.025,-15.5637],[-56.0238,-15.5632],[-56.0234,-15.5644],[-56.0224,-15.567],[-56.0201,-15.5728],[-56.0196,-15.5738],[-56.02,-15.5739],[-56.0201,-15.5738]]]}},{"type":"Feature","properties":{"c":"b202","b":202,"n":"Duque de Caxias","m":"5103403","cx":-56.1097,"cy":-15.5855},"geometry":{"type":"Polygon","coordinates":[[[-56.117,-15.5882],[-56.1154,-15.5869],[-56.1143,-15.5861],[-56.1145,-15.5859],[-56.1136,-15.5851],[-56.1133,-15.5852],[-56.1117,-15.583],[-56.1103,-15.5801],[-56.109,-15.578],[-56.108,-15.5769],[-56.107,-15.5762],[-56.1057,-15.5751],[-56.1043,-15.5748],[-56.1029,-15.5753],[-56.1011,-15.5766],[-56.0999,-15.5778],[-56.0993,-15.5786],[-56.1001,-15.5798],[-56.1013,-15.581],[-56.103,-15.5835],[-56.1045,-15.5847],[-56.106,-15.5863],[-56.1067,-15.5875],[-56.1063,-15.5877],[-56.1081,-15.5902],[-56.1074,-15.5907],[-56.1102,-15.5945],[-56.1112,-15.5958],[-56.1139,-15.5934],[-56.1163,-15.5914],[-56.1174,-15.5906],[-56.1186,-15.59],[-56.117,-15.5882]]]}},{"type":"Feature","properties":{"c":"b203","b":203,"n":"Goiabeira","m":"5103403","cx":-56.1101,"cy":-15.599},"geometry":{"type":"Polygon","coordinates":[[[-56.1115,-15.6034],[-56.1158,-15.6004],[-56.117,-15.5996],[-56.1161,-15.5982],[-56.115,-15.5977],[-56.1126,-15.598],[-56.1119,-15.5982],[-56.1112,-15.5982],[-56.11,-15.5976],[-56.1099,-15.5973],[-56.1112,-15.5958],[-56.1102,-15.5945],[-56.1074,-15.5967],[-56.1055,-15.5949],[-56.1039,-15.5932],[-56.1034,-15.5924],[-56.1016,-15.5935],[-56.1023,-15.5948],[-56.1029,-15.5956],[-56.1027,-15.5969],[-56.1036,-15.5979],[-56.103,-15.5984],[-56.1051,-15.6004],[-56.1083,-15.6036],[-56.1098,-15.605],[-56.1115,-15.6034]]]}},{"type":"Feature","properties":{"c":"b204","b":204,"n":"Grande Terceiro","m":"5103403","cx":-56.0822,"cy":-15.6279},"geometry":{"type":"Polygon","coordinates":[[[-56.0846,-15.6257],[-56.083,-15.6221],[-56.0826,-15.6214],[-56.081,-15.6216],[-56.0795,-15.6243],[-56.0785,-15.6258],[-56.0791,-15.6275],[-56.0786,-15.6277],[-56.0794,-15.6282],[-56.079,-15.6288],[-56.0794,-15.6291],[-56.0795,-15.6309],[-56.0803,-15.6322],[-56.0806,-15.6332],[-56.0808,-15.6349],[-56.0823,-15.6328],[-56.0829,-15.6323],[-56.086,-15.6295],[-56.0846,-15.6257]]]}},{"type":"Feature","properties":{"c":"b205","b":205,"n":"Jardim Aclimação","m":"5103403","cx":-56.0765,"cy":-15.5826},"geometry":{"type":"Polygon","coordinates":[[[-56.0776,-15.5821],[-56.077,-15.5811],[-56.0767,-15.5796],[-56.0761,-15.5783],[-56.0755,-15.5776],[-56.0739,-15.5752],[-56.073,-15.5742],[-56.0679,-15.5779],[-56.0706,-15.5802],[-56.071,-15.5799],[-56.0725,-15.5811],[-56.0744,-15.5823],[-56.0754,-15.5829],[-56.0765,-15.5831],[-56.0767,-15.5834],[-56.0762,-15.5839],[-56.0765,-15.5845],[-56.0764,-15.5857],[-56.0753,-15.5863],[-56.0739,-15.5879],[-56.0727,-15.5899],[-56.0721,-15.5903],[-56.0729,-15.5906],[-56.0746,-15.5903],[-56.0804,-15.585],[-56.0776,-15.5821]]]}},{"type":"Feature","properties":{"c":"b206","b":206,"n":"Jardim Califórnia","m":"5103403","cx":-56.072,"cy":-15.6258},"geometry":{"type":"Polygon","coordinates":[[[-56.0724,-15.6311],[-56.074,-15.6314],[-56.074,-15.6313],[-56.0759,-15.6262],[-56.0765,-15.6252],[-56.076,-15.6246],[-56.0758,-15.6235],[-56.0773,-15.6212],[-56.0774,-15.6207],[-56.0757,-15.6206],[-56.0712,-15.6207],[-56.0714,-15.6219],[-56.0701,-15.6221],[-56.0702,-15.6228],[-56.069,-15.6241],[-56.0678,-15.6246],[-56.0678,-15.6254],[-56.0686,-15.6279],[-56.0688,-15.6289],[-56.0706,-15.6298],[-56.0702,-15.6305],[-56.0724,-15.6311]]]}},{"type":"Feature","properties":{"c":"b207","b":207,"n":"Jardim Campus Elizius","m":"5103403","cx":-56.0791,"cy":-15.6229},"geometry":{"type":"Polygon","coordinates":[[[-56.0823,-15.6208],[-56.0791,-15.6209],[-56.0765,-15.6252],[-56.0776,-15.6263],[-56.0786,-15.6277],[-56.0791,-15.6275],[-56.0785,-15.6258],[-56.0795,-15.6243],[-56.081,-15.6216],[-56.0826,-15.6214],[-56.0823,-15.6208]]]}},{"type":"Feature","properties":{"c":"b208","b":208,"n":"Jardim Comodoro","m":"5103403","cx":-56.0432,"cy":-15.6415},"geometry":{"type":"Polygon","coordinates":[[[-56.0414,-15.6402],[-56.0417,-15.64],[-56.0424,-15.641],[-56.04,-15.6421],[-56.0382,-15.6431],[-56.0375,-15.6436],[-56.0397,-15.6457],[-56.0421,-15.646],[-56.0435,-15.646],[-56.0447,-15.646],[-56.0456,-15.6459],[-56.0461,-15.645],[-56.0474,-15.6435],[-56.0437,-15.6403],[-56.0428,-15.6391],[-56.0432,-15.6388],[-56.0422,-15.6374],[-56.0404,-15.6387],[-56.0414,-15.6402]]]}},{"type":"Feature","properties":{"c":"b209","b":209,"n":"Jardim Cuiabá","m":"5103403","cx":-56.1167,"cy":-15.5947},"geometry":{"type":"Polygon","coordinates":[[[-56.1209,-15.5926],[-56.1186,-15.59],[-56.1174,-15.5906],[-56.1163,-15.5914],[-56.1139,-15.5934],[-56.1112,-15.5958],[-56.1099,-15.5973],[-56.11,-15.5976],[-56.1112,-15.5982],[-56.1119,-15.5982],[-56.1126,-15.598],[-56.115,-15.5977],[-56.1161,-15.5982],[-56.117,-15.5996],[-56.1192,-15.5988],[-56.12,-15.5984],[-56.1204,-15.598],[-56.1211,-15.5949],[-56.1207,-15.5945],[-56.1212,-15.5945],[-56.1209,-15.5926]]]}},{"type":"Feature","properties":{"c":"b210","b":210,"n":"Jardim Eldorado","m":"5103403","cx":-56.0502,"cy":-15.5872},"geometry":{"type":"Polygon","coordinates":[[[-56.0537,-15.5895],[-56.0534,-15.5882],[-56.0533,-15.5862],[-56.0527,-15.586],[-56.0495,-15.5848],[-56.0491,-15.585],[-56.0486,-15.5865],[-56.0471,-15.5869],[-56.0469,-15.5875],[-56.0471,-15.5896],[-56.0484,-15.5899],[-56.05,-15.5899],[-56.0514,-15.5898],[-56.0537,-15.5895]]]}},{"type":"Feature","properties":{"c":"b211","b":211,"n":"Jardim Europa","m":"5103403","cx":-56.0882,"cy":-15.6239},"geometry":{"type":"Polygon","coordinates":[[[-56.0846,-15.6257],[-56.086,-15.6295],[-56.0867,-15.6289],[-56.0885,-15.6278],[-56.0929,-15.6255],[-56.0935,-15.6251],[-56.0918,-15.6228],[-56.0898,-15.6199],[-56.0892,-15.6203],[-56.0852,-15.6213],[-56.083,-15.6221],[-56.0846,-15.6257]]]}},{"type":"Feature","properties":{"c":"b212","b":212,"n":"Jardim Florianópolis","m":"5103403","cx":-56.0808,"cy":-15.5487},"geometry":{"type":"Polygon","coordinates":[[[-56.0765,-15.5388],[-56.0757,-15.5384],[-56.0752,-15.539],[-56.0748,-15.539],[-56.0743,-15.5401],[-56.0736,-15.5404],[-56.0749,-15.5418],[-56.0761,-15.5436],[-56.0776,-15.5463],[-56.0782,-15.5471],[-56.08,-15.5504],[-56.0815,-15.5527],[-56.0808,-15.5537],[-56.0824,-15.5545],[-56.0829,-15.5555],[-56.0842,-15.5566],[-56.0849,-15.5567],[-56.0859,-15.5581],[-56.0867,-15.558],[-56.0861,-15.5565],[-56.0848,-15.5535],[-56.0845,-15.5531],[-56.0784,-15.5399],[-56.0776,-15.5384],[-56.0765,-15.5388]]]}},{"type":"Feature","properties":{"c":"b213","b":213,"n":"Jardim Fortaleza","m":"5103403","cx":-55.9934,"cy":-15.6155},"geometry":{"type":"Polygon","coordinates":[[[-55.9908,-15.6082],[-55.9898,-15.6093],[-55.9897,-15.6103],[-55.9906,-15.6135],[-55.9914,-15.6145],[-55.9911,-15.6148],[-55.9925,-15.6164],[-55.9927,-15.6162],[-55.9948,-15.6186],[-55.9941,-15.619],[-55.9961,-15.6229],[-55.9986,-15.6218],[-55.9978,-15.6202],[-55.9982,-15.6199],[-55.9995,-15.6192],[-56.0008,-15.6188],[-55.9999,-15.6189],[-55.9993,-15.6186],[-55.9984,-15.6187],[-55.9973,-15.6176],[-55.9962,-15.6169],[-55.996,-15.6172],[-55.9938,-15.613],[-55.9921,-15.6098],[-55.9915,-15.6085],[-55.9916,-15.6083],[-55.9908,-15.6082]]]}},{"type":"Feature","properties":{"c":"b214","b":214,"n":"Jardim Gramado","m":"5103403","cx":-56.0565,"cy":-15.6393},"geometry":{"type":"Polygon","coordinates":[[[-56.0525,-15.6408],[-56.0536,-15.6417],[-56.0548,-15.6421],[-56.0559,-15.6427],[-56.0571,-15.6433],[-56.0572,-15.644],[-56.0584,-15.6444],[-56.0601,-15.6443],[-56.0615,-15.645],[-56.0627,-15.6454],[-56.0648,-15.6453],[-56.0653,-15.645],[-56.0662,-15.6452],[-56.0666,-15.6457],[-56.0668,-15.6454],[-56.067,-15.6418],[-56.0642,-15.6411],[-56.0628,-15.6409],[-56.0622,-15.6404],[-56.0603,-15.6378],[-56.06,-15.638],[-56.058,-15.6353],[-56.058,-15.6339],[-56.0567,-15.6337],[-56.0558,-15.6331],[-56.0546,-15.6326],[-56.0543,-15.6322],[-56.0537,-15.6331],[-56.0527,-15.6351],[-56.0509,-15.6382],[-56.0525,-15.6408]]]}},{"type":"Feature","properties":{"c":"b215","b":215,"n":"Jardim Imperial","m":"5103403","cx":-56.0268,"cy":-15.612},"geometry":{"type":"Polygon","coordinates":[[[-56.0309,-15.6101],[-56.0327,-15.6062],[-56.0348,-15.6083],[-56.0356,-15.6075],[-56.0354,-15.6073],[-56.0358,-15.6067],[-56.0356,-15.6059],[-56.0364,-15.6053],[-56.0377,-15.6041],[-56.038,-15.6041],[-56.0377,-15.6033],[-56.0371,-15.6034],[-56.0372,-15.6028],[-56.0367,-15.6025],[-56.0361,-15.6029],[-56.0355,-15.6036],[-56.0355,-15.6042],[-56.0345,-15.6045],[-56.0341,-15.6043],[-56.0323,-15.6052],[-56.032,-15.6055],[-56.0297,-15.6032],[-56.0293,-15.6028],[-56.028,-15.6031],[-56.028,-15.6036],[-56.0275,-15.604],[-56.0267,-15.6043],[-56.0262,-15.6059],[-56.0259,-15.6058],[-56.0252,-15.6076],[-56.0253,-15.608],[-56.0222,-15.6156],[-56.0221,-15.616],[-56.0213,-15.6184],[-56.0203,-15.6207],[-56.0208,-15.6205],[-56.0221,-15.6208],[-56.0249,-15.6218],[-56.0253,-15.6209],[-56.0276,-15.6161],[-56.0282,-15.6148],[-56.0276,-15.6133],[-56.0302,-15.6122],[-56.0297,-15.6118],[-56.0304,-15.61],[-56.0308,-15.6101],[-56.0309,-15.6101]]]}},{"type":"Feature","properties":{"c":"b216","b":216,"n":"Jardim Industriário","m":"5103403","cx":-55.9792,"cy":-15.6524},"geometry":{"type":"Polygon","coordinates":[[[-55.9711,-15.6453],[-55.9718,-15.6474],[-55.9718,-15.6479],[-55.9716,-15.6552],[-55.9715,-15.6589],[-55.9647,-15.6618],[-55.9657,-15.664],[-55.9789,-15.6585],[-55.9804,-15.6581],[-55.9814,-15.6577],[-55.982,-15.6572],[-55.9867,-15.6552],[-55.9888,-15.6544],[-55.9883,-15.6537],[-55.9853,-15.6511],[-55.9839,-15.65],[-55.9791,-15.6457],[-55.9788,-15.6429],[-55.9711,-15.6453]]]}},{"type":"Feature","properties":{"c":"b217","b":217,"n":"Jardim Itália","m":"5103403","cx":-56.0615,"cy":-15.5989},"geometry":{"type":"Polygon","coordinates":[[[-56.0649,-15.6043],[-56.0656,-15.604],[-56.0668,-15.6033],[-56.0678,-15.6025],[-56.0672,-15.6009],[-56.0667,-15.6002],[-56.0667,-15.5971],[-56.067,-15.5969],[-56.0673,-15.5961],[-56.0683,-15.5949],[-56.0689,-15.5948],[-56.0692,-15.5943],[-56.0697,-15.5926],[-56.0691,-15.5922],[-56.0621,-15.5895],[-56.0615,-15.5893],[-56.0601,-15.5932],[-56.0601,-15.5934],[-56.0592,-15.5931],[-56.0579,-15.5921],[-56.0564,-15.5921],[-56.0554,-15.5925],[-56.0547,-15.5931],[-56.0543,-15.5939],[-56.0553,-15.5955],[-56.0556,-15.5958],[-56.0556,-15.5966],[-56.0561,-15.598],[-56.0564,-15.5999],[-56.0561,-15.6005],[-56.0557,-15.6005],[-56.0546,-15.6011],[-56.0539,-15.6022],[-56.054,-15.6035],[-56.0543,-15.6038],[-56.0539,-15.6045],[-56.0566,-15.6074],[-56.0578,-15.6085],[-56.0589,-15.6078],[-56.0636,-15.605],[-56.0649,-15.6043]]]}},{"type":"Feature","properties":{"c":"b218","b":218,"n":"Jardim Leblon","m":"5103403","cx":-56.0738,"cy":-15.6006},"geometry":{"type":"Polygon","coordinates":[[[-56.0761,-15.6021],[-56.0764,-15.6019],[-56.0771,-15.5993],[-56.0786,-15.5959],[-56.0787,-15.5958],[-56.0786,-15.5956],[-56.0799,-15.5924],[-56.0801,-15.5924],[-56.0801,-15.5921],[-56.0778,-15.5925],[-56.0772,-15.593],[-56.0764,-15.5949],[-56.0741,-15.5941],[-56.0752,-15.5974],[-56.0748,-15.5978],[-56.0749,-15.5982],[-56.0678,-15.6025],[-56.0684,-15.6033],[-56.0698,-15.605],[-56.0699,-15.6056],[-56.0695,-15.6068],[-56.0699,-15.6073],[-56.0699,-15.6079],[-56.0713,-15.6067],[-56.0728,-15.6054],[-56.0725,-15.605],[-56.0728,-15.6041],[-56.0737,-15.6046],[-56.0758,-15.6039],[-56.0764,-15.6033],[-56.0761,-15.6021]]]}},{"type":"Feature","properties":{"c":"b219","b":219,"n":"Jardim Mariana","m":"5103403","cx":-56.1132,"cy":-15.5773},"geometry":{"type":"Polygon","coordinates":[[[-56.1199,-15.5758],[-56.1201,-15.5747],[-56.1198,-15.5742],[-56.1189,-15.5743],[-56.1185,-15.574],[-56.1189,-15.5729],[-56.1184,-15.5726],[-56.1183,-15.5722],[-56.1178,-15.5722],[-56.1174,-15.5725],[-56.1176,-15.573],[-56.1169,-15.573],[-56.1162,-15.5741],[-56.1155,-15.5738],[-56.1146,-15.5742],[-56.1147,-15.5737],[-56.1137,-15.5743],[-56.113,-15.5741],[-56.113,-15.5747],[-56.1118,-15.5754],[-56.1114,-15.575],[-56.1106,-15.5758],[-56.11,-15.5755],[-56.1097,-15.5758],[-56.1089,-15.5761],[-56.108,-15.5769],[-56.109,-15.578],[-56.1103,-15.5801],[-56.1117,-15.583],[-56.112,-15.583],[-56.1133,-15.582],[-56.114,-15.5818],[-56.1151,-15.5808],[-56.1145,-15.58],[-56.1145,-15.5797],[-56.1152,-15.5798],[-56.1154,-15.579],[-56.116,-15.5788],[-56.1167,-15.5781],[-56.1174,-15.5778],[-56.1195,-15.5762],[-56.1199,-15.5758]]]}},{"type":"Feature","properties":{"c":"b220","b":220,"n":"Jardim Mossoró","m":"5103403","cx":-56.0482,"cy":-15.6514},"geometry":{"type":"Polygon","coordinates":[[[-56.0473,-15.6488],[-56.0455,-15.6484],[-56.0447,-15.6484],[-56.0398,-15.6478],[-56.0391,-15.6477],[-56.039,-15.6481],[-56.0387,-15.6492],[-56.0453,-15.65],[-56.045,-15.6509],[-56.0444,-15.6512],[-56.0429,-15.6516],[-56.0425,-15.6522],[-56.041,-15.6524],[-56.0407,-15.653],[-56.0497,-15.6545],[-56.0502,-15.6546],[-56.053,-15.6549],[-56.053,-15.6531],[-56.0525,-15.6495],[-56.0473,-15.6488]]]}},{"type":"Feature","properties":{"c":"b221","b":221,"n":"Jardim Passaredo","m":"5103403","cx":-56.0078,"cy":-15.6402},"geometry":{"type":"MultiPolygon","coordinates":[[[[-56.0091,-15.6447],[-56.0091,-15.6445],[-56.0108,-15.6445],[-56.0108,-15.6435],[-56.0117,-15.6433],[-56.0116,-15.6425],[-56.0105,-15.6398],[-56.0095,-15.6377],[-56.0086,-15.6362],[-56.0046,-15.6356],[-56.0034,-15.6356],[-56.004,-15.6374],[-56.005,-15.6372],[-56.0049,-15.6376],[-56.0049,-15.6411],[-56.0066,-15.6407],[-56.0066,-15.6433],[-56.0069,-15.6442],[-56.0068,-15.6452],[-56.0091,-15.6447]]],[[[-55.9981,-15.6446],[-55.9987,-15.6465],[-55.9997,-15.65],[-56.002,-15.6491],[-56.0009,-15.6457],[-55.9985,-15.6387],[-55.9985,-15.6385],[-55.9966,-15.6389],[-55.9981,-15.6446]]]]}},{"type":"Feature","properties":{"c":"b222","b":222,"n":"Jardim Paulista","m":"5103403","cx":-56.0863,"cy":-15.6169},"geometry":{"type":"Polygon","coordinates":[[[-56.0893,-15.619],[-56.0858,-15.6132],[-56.0845,-15.6118],[-56.0832,-15.6135],[-56.0858,-15.6148],[-56.0823,-15.6208],[-56.0826,-15.6214],[-56.083,-15.6221],[-56.0852,-15.6213],[-56.0892,-15.6203],[-56.0898,-15.6199],[-56.0893,-15.619]]]}},{"type":"Feature","properties":{"c":"b223","b":223,"n":"Jardim Petrópolis","m":"5103403","cx":-56.0733,"cy":-15.617},"geometry":{"type":"Polygon","coordinates":[[[-56.0775,-15.6196],[-56.0768,-15.618],[-56.0758,-15.6155],[-56.0748,-15.613],[-56.0713,-15.616],[-56.0683,-15.6186],[-56.0667,-15.6198],[-56.066,-15.6206],[-56.0665,-15.6211],[-56.0673,-15.6211],[-56.0694,-15.6206],[-56.0698,-15.6207],[-56.0712,-15.6207],[-56.0757,-15.6206],[-56.0774,-15.6207],[-56.0775,-15.6196]]]}},{"type":"Feature","properties":{"c":"b224","b":224,"n":"Jardim Presidente","m":"5103403","cx":-56.0265,"cy":-15.645},"geometry":{"type":"Polygon","coordinates":[[[-56.0375,-15.6436],[-56.0365,-15.6436],[-56.0343,-15.6441],[-56.0333,-15.6442],[-56.0321,-15.644],[-56.0313,-15.6436],[-56.0299,-15.6435],[-56.0297,-15.6432],[-56.0279,-15.6423],[-56.0275,-15.6423],[-56.0257,-15.6414],[-56.024,-15.6402],[-56.0213,-15.6413],[-56.0171,-15.6429],[-56.0203,-15.6498],[-56.0273,-15.6487],[-56.029,-15.6485],[-56.0324,-15.6466],[-56.0323,-15.6463],[-56.0334,-15.6459],[-56.0367,-15.644],[-56.0371,-15.6439],[-56.0375,-15.6436]]]}},{"type":"Feature","properties":{"c":"b225","b":225,"n":"Jardim Shangri-lá","m":"5103403","cx":-56.0651,"cy":-15.6257},"geometry":{"type":"Polygon","coordinates":[[[-56.0698,-15.6207],[-56.0694,-15.6206],[-56.0673,-15.6211],[-56.0665,-15.6211],[-56.066,-15.6206],[-56.0628,-15.6233],[-56.0612,-15.6245],[-56.0626,-15.626],[-56.0657,-15.6288],[-56.0674,-15.6297],[-56.0702,-15.6305],[-56.0706,-15.6298],[-56.0688,-15.6289],[-56.0686,-15.6279],[-56.0678,-15.6254],[-56.0678,-15.6246],[-56.069,-15.6241],[-56.0702,-15.6228],[-56.0701,-15.6221],[-56.0714,-15.6219],[-56.0712,-15.6207],[-56.0698,-15.6207]]]}},{"type":"Feature","properties":{"c":"b226","b":226,"n":"Jardim Tropical","m":"5103403","cx":-56.0792,"cy":-15.6172},"geometry":{"type":"Polygon","coordinates":[[[-56.0803,-15.612],[-56.0778,-15.6164],[-56.0768,-15.618],[-56.0775,-15.6196],[-56.0774,-15.6207],[-56.0791,-15.6209],[-56.0832,-15.6135],[-56.0803,-15.612]]]}},{"type":"Feature","properties":{"c":"b227","b":227,"n":"Jardim Ubirajara","m":"5103403","cx":-56.09,"cy":-15.5584},"geometry":{"type":"Polygon","coordinates":[[[-56.0923,-15.5577],[-56.0912,-15.5564],[-56.0899,-15.5555],[-56.0893,-15.5569],[-56.0882,-15.557],[-56.0879,-15.556],[-56.0875,-15.555],[-56.0861,-15.5565],[-56.0867,-15.558],[-56.0885,-15.5618],[-56.0888,-15.5626],[-56.0891,-15.5622],[-56.0936,-15.5588],[-56.0923,-15.5577]]]}},{"type":"Feature","properties":{"c":"b228","b":228,"n":"Jardim Universitário","m":"5103403","cx":-56.0341,"cy":-15.619},"geometry":{"type":"Polygon","coordinates":[[[-56.0266,-15.6221],[-56.0277,-15.6217],[-56.029,-15.6211],[-56.0298,-15.6211],[-56.0313,-15.6214],[-56.032,-15.6221],[-56.0331,-15.6213],[-56.0341,-15.622],[-56.035,-15.6232],[-56.0357,-15.6245],[-56.0364,-15.625],[-56.0374,-15.6244],[-56.0385,-15.6235],[-56.0395,-15.6222],[-56.0435,-15.6172],[-56.0439,-15.617],[-56.0432,-15.6164],[-56.0413,-15.6152],[-56.0401,-15.6143],[-56.0366,-15.6127],[-56.0354,-15.6125],[-56.0347,-15.6126],[-56.0333,-15.6116],[-56.0327,-15.6116],[-56.0323,-15.611],[-56.0308,-15.6101],[-56.0304,-15.61],[-56.0297,-15.6118],[-56.0302,-15.6122],[-56.0276,-15.6133],[-56.0282,-15.6148],[-56.0276,-15.6161],[-56.0253,-15.6209],[-56.0249,-15.6218],[-56.0266,-15.6221]]]}},{"type":"Feature","properties":{"c":"b229","b":229,"n":"Jardim Vitória","m":"5103403","cx":-56.0682,"cy":-15.5417},"geometry":{"type":"Polygon","coordinates":[[[-56.0566,-15.5478],[-56.0571,-15.5472],[-56.0586,-15.5472],[-56.0594,-15.5478],[-56.0602,-15.5479],[-56.0617,-15.5472],[-56.0628,-15.5469],[-56.064,-15.547],[-56.0653,-15.5465],[-56.0663,-15.5466],[-56.0669,-15.5472],[-56.0673,-15.5488],[-56.0677,-15.5497],[-56.0685,-15.5507],[-56.0695,-15.5507],[-56.07,-15.5505],[-56.0694,-15.5497],[-56.0732,-15.5476],[-56.0728,-15.5469],[-56.0712,-15.5449],[-56.0706,-15.5443],[-56.0707,-15.5438],[-56.0717,-15.5426],[-56.0724,-15.5413],[-56.0736,-15.5404],[-56.0743,-15.5401],[-56.0748,-15.539],[-56.0752,-15.539],[-56.0757,-15.5384],[-56.0765,-15.5388],[-56.0776,-15.5384],[-56.0758,-15.5344],[-56.0753,-15.5336],[-56.075,-15.534],[-56.073,-15.5353],[-56.0693,-15.538],[-56.0636,-15.5422],[-56.0606,-15.5444],[-56.0581,-15.5453],[-56.0579,-15.5455],[-56.0564,-15.5475],[-56.0566,-15.5478]]]}},{"type":"Feature","properties":{"c":"b230","b":230,"n":"Jardim das Américas","m":"5103403","cx":-56.0771,"cy":-15.607},"geometry":{"type":"MultiPolygon","coordinates":[[[[-56.0713,-15.6067],[-56.0699,-15.6079],[-56.0699,-15.6073],[-56.0695,-15.6068],[-56.0699,-15.6056],[-56.0698,-15.605],[-56.0684,-15.6033],[-56.0678,-15.6025],[-56.0668,-15.6033],[-56.0656,-15.604],[-56.0649,-15.6043],[-56.0636,-15.605],[-56.0685,-15.6092],[-56.0689,-15.6097],[-56.0713,-15.6117],[-56.073,-15.6131],[-56.074,-15.6132],[-56.0748,-15.613],[-56.0748,-15.6129],[-56.0761,-15.6119],[-56.0713,-15.6067]]],[[[-56.0754,-15.6081],[-56.0777,-15.6105],[-56.0808,-15.6079],[-56.079,-15.6061],[-56.0764,-15.6033],[-56.0758,-15.6039],[-56.0737,-15.6046],[-56.0728,-15.6041],[-56.0725,-15.605],[-56.0728,-15.6054],[-56.0754,-15.6081]]]]}},{"type":"Feature","properties":{"c":"b231","b":231,"n":"Jardim das Palmeiras","m":"5103403","cx":-56.0478,"cy":-15.6236},"geometry":{"type":"Polygon","coordinates":[[[-56.0458,-15.6271],[-56.0486,-15.6286],[-56.0492,-15.6283],[-56.053,-15.6272],[-56.0525,-15.6265],[-56.0522,-15.6261],[-56.0526,-15.6258],[-56.0508,-15.6237],[-56.0489,-15.6218],[-56.0477,-15.6186],[-56.0471,-15.6191],[-56.0469,-15.6199],[-56.047,-15.6214],[-56.0465,-15.6219],[-56.0452,-15.6224],[-56.0449,-15.6229],[-56.0449,-15.6235],[-56.0453,-15.6249],[-56.0453,-15.6252],[-56.0443,-15.626],[-56.0433,-15.6258],[-56.0458,-15.6271]]]}},{"type":"Feature","properties":{"c":"b232","b":232,"n":"Jardim dos Ipês","m":"5103403","cx":-56.0154,"cy":-15.6262},"geometry":{"type":"Polygon","coordinates":[[[-56.0176,-15.6227],[-56.0181,-15.6241],[-56.0177,-15.6245],[-56.0169,-15.6242],[-56.0158,-15.6231],[-56.0155,-15.6236],[-56.0153,-15.623],[-56.0148,-15.6234],[-56.0149,-15.6239],[-56.0143,-15.6234],[-56.0136,-15.6234],[-56.0131,-15.6237],[-56.0126,-15.6236],[-56.0114,-15.6241],[-56.0114,-15.625],[-56.0102,-15.6247],[-56.0111,-15.6256],[-56.0171,-15.6305],[-56.0181,-15.629],[-56.0184,-15.6263],[-56.0194,-15.6262],[-56.0197,-15.6256],[-56.0193,-15.6254],[-56.0192,-15.6234],[-56.0189,-15.622],[-56.0176,-15.6227]]]}},{"type":"Feature","properties":{"c":"b233","b":233,"n":"Lagoa Azul","m":"5103403","cx":-55.9985,"cy":-15.6359},"geometry":{"type":"Polygon","coordinates":[[[-55.9985,-15.6385],[-55.9985,-15.6387],[-56.0039,-15.6375],[-56.004,-15.6374],[-56.0034,-15.6356],[-56.0046,-15.6356],[-56.0046,-15.6336],[-56.0048,-15.6327],[-56.0053,-15.6321],[-56.0045,-15.6325],[-56.0035,-15.6323],[-56.0026,-15.6326],[-56.0023,-15.6324],[-56.0011,-15.6338],[-56.0007,-15.6341],[-55.9977,-15.6339],[-55.9966,-15.6341],[-55.9942,-15.6352],[-55.9937,-15.6355],[-55.9933,-15.6362],[-55.9926,-15.6376],[-55.9909,-15.6389],[-55.9912,-15.6401],[-55.9937,-15.6396],[-55.9966,-15.6389],[-55.9985,-15.6385]]]}},{"type":"Feature","properties":{"c":"b234","b":234,"n":"Lixeira","m":"5103403","cx":-56.0851,"cy":-15.5957},"geometry":{"type":"Polygon","coordinates":[[[-56.0799,-15.5924],[-56.0786,-15.5956],[-56.0787,-15.5958],[-56.0842,-15.5979],[-56.0879,-15.5992],[-56.0891,-15.5995],[-56.0897,-15.5978],[-56.0906,-15.5962],[-56.0911,-15.5959],[-56.0924,-15.5954],[-56.0927,-15.5955],[-56.0929,-15.594],[-56.09,-15.5954],[-56.0889,-15.5945],[-56.088,-15.594],[-56.0861,-15.5925],[-56.085,-15.5923],[-56.0832,-15.5921],[-56.0801,-15.5924],[-56.0799,-15.5924]]]}},{"type":"Feature","properties":{"c":"b235","b":235,"n":"Morada da Serra","m":"5103403","cx":-56.0423,"cy":-15.5625},"geometry":{"type":"Polygon","coordinates":[[[-56.051,-15.5738],[-56.0519,-15.5725],[-56.052,-15.5715],[-56.0527,-15.5713],[-56.0528,-15.5702],[-56.0533,-15.5693],[-56.0545,-15.5685],[-56.0561,-15.565],[-56.0565,-15.5631],[-56.0563,-15.5628],[-56.0567,-15.5619],[-56.057,-15.561],[-56.0568,-15.5603],[-56.0577,-15.5586],[-56.0583,-15.5583],[-56.0588,-15.5573],[-56.0595,-15.5568],[-56.0564,-15.5529],[-56.0554,-15.5519],[-56.0538,-15.5498],[-56.0515,-15.547],[-56.0511,-15.5476],[-56.0496,-15.5489],[-56.0495,-15.5494],[-56.0484,-15.55],[-56.0483,-15.5505],[-56.0474,-15.5508],[-56.0465,-15.5513],[-56.0452,-15.5517],[-56.0433,-15.5527],[-56.0427,-15.553],[-56.0431,-15.5537],[-56.0394,-15.5547],[-56.0369,-15.5547],[-56.0369,-15.554],[-56.0348,-15.5528],[-56.033,-15.5534],[-56.0321,-15.5534],[-56.0312,-15.5541],[-56.0303,-15.5543],[-56.0295,-15.5551],[-56.0295,-15.5561],[-56.0289,-15.5567],[-56.0276,-15.5591],[-56.0277,-15.5602],[-56.028,-15.5618],[-56.0283,-15.5622],[-56.0281,-15.5628],[-56.0283,-15.5633],[-56.0279,-15.5638],[-56.0276,-15.5657],[-56.0269,-15.5662],[-56.0271,-15.5672],[-56.0283,-15.5692],[-56.0291,-15.5693],[-56.0298,-15.5708],[-56.0337,-15.5749],[-56.0363,-15.5777],[-56.037,-15.5772],[-56.0383,-15.5766],[-56.0394,-15.5764],[-56.0399,-15.5766],[-56.0415,-15.5769],[-56.0423,-15.5766],[-56.0451,-15.577],[-56.0467,-15.576],[-56.0478,-15.5759],[-56.0481,-15.5754],[-56.0494,-15.575],[-56.051,-15.5738]]]}},{"type":"Feature","properties":{"c":"b236","b":236,"n":"Morada do Ouro","m":"5103403","cx":-56.06,"cy":-15.5707},"geometry":{"type":"Polygon","coordinates":[[[-56.0597,-15.5811],[-56.0646,-15.5803],[-56.0648,-15.5803],[-56.0639,-15.5791],[-56.0632,-15.5792],[-56.063,-15.5772],[-56.0629,-15.5752],[-56.0625,-15.5752],[-56.0625,-15.5725],[-56.0635,-15.5718],[-56.0643,-15.5732],[-56.0641,-15.5733],[-56.065,-15.5751],[-56.0658,-15.5747],[-56.0662,-15.5752],[-56.0673,-15.5746],[-56.0669,-15.5741],[-56.0679,-15.5735],[-56.0676,-15.573],[-56.0681,-15.5727],[-56.0677,-15.5717],[-56.0667,-15.5699],[-56.0666,-15.5687],[-56.0663,-15.5688],[-56.0659,-15.5682],[-56.0654,-15.5685],[-56.0646,-15.5678],[-56.0647,-15.5673],[-56.0643,-15.5668],[-56.0642,-15.5648],[-56.0638,-15.5644],[-56.0628,-15.5642],[-56.0608,-15.5642],[-56.0593,-15.5643],[-56.0583,-15.5643],[-56.0583,-15.5631],[-56.0606,-15.563],[-56.0612,-15.5627],[-56.0595,-15.5605],[-56.0584,-15.5614],[-56.0571,-15.562],[-56.0567,-15.5619],[-56.0563,-15.5628],[-56.0565,-15.5631],[-56.0561,-15.565],[-56.0545,-15.5685],[-56.0533,-15.5693],[-56.0528,-15.5702],[-56.0527,-15.5713],[-56.052,-15.5715],[-56.0519,-15.5725],[-56.051,-15.5738],[-56.0494,-15.575],[-56.0498,-15.5758],[-56.0505,-15.5761],[-56.0516,-15.5761],[-56.0527,-15.5764],[-56.0532,-15.577],[-56.0539,-15.5787],[-56.0551,-15.5808],[-56.057,-15.5814],[-56.0591,-15.5811],[-56.0597,-15.5811]]]}},{"type":"Feature","properties":{"c":"b237","b":237,"n":"Morada dos Nobres","m":"5103403","cx":-56.0516,"cy":-15.5989},"geometry":{"type":"Polygon","coordinates":[[[-56.0481,-15.5911],[-56.0495,-15.5928],[-56.0508,-15.5945],[-56.0495,-15.5951],[-56.0492,-15.5949],[-56.0481,-15.5946],[-56.0471,-15.5949],[-56.0468,-15.5954],[-56.0466,-15.5962],[-56.0459,-15.5968],[-56.048,-15.6009],[-56.0489,-15.6023],[-56.0496,-15.6031],[-56.0508,-15.604],[-56.0517,-15.6052],[-56.0521,-15.606],[-56.0537,-15.6073],[-56.054,-15.6069],[-56.0542,-15.6058],[-56.0539,-15.6045],[-56.0543,-15.6038],[-56.054,-15.6035],[-56.0539,-15.6022],[-56.0546,-15.6011],[-56.0557,-15.6005],[-56.0561,-15.6005],[-56.0564,-15.5999],[-56.0561,-15.598],[-56.0556,-15.5966],[-56.0556,-15.5958],[-56.0553,-15.5955],[-56.0543,-15.5939],[-56.0537,-15.5933],[-56.0514,-15.5898],[-56.05,-15.5899],[-56.0481,-15.5911]]]}},{"type":"Feature","properties":{"c":"b238","b":238,"n":"Nossa Senhora Aparecida","m":"5103403","cx":-56.0489,"cy":-15.6412},"geometry":{"type":"Polygon","coordinates":[[[-56.0442,-15.636],[-56.0422,-15.6374],[-56.0432,-15.6388],[-56.0428,-15.6391],[-56.0437,-15.6403],[-56.0474,-15.6435],[-56.0461,-15.645],[-56.0456,-15.6459],[-56.0469,-15.6456],[-56.0504,-15.647],[-56.052,-15.6462],[-56.0526,-15.6459],[-56.0534,-15.646],[-56.0569,-15.6438],[-56.0572,-15.644],[-56.0571,-15.6433],[-56.0559,-15.6427],[-56.0548,-15.6421],[-56.0536,-15.6417],[-56.0525,-15.6408],[-56.0509,-15.6382],[-56.0504,-15.6386],[-56.0496,-15.6397],[-56.0464,-15.6352],[-56.0457,-15.6353],[-56.0455,-15.6351],[-56.0442,-15.636]]]}},{"type":"Feature","properties":{"c":"b239","b":239,"n":"Nova Conquista","m":"5103403","cx":-56.037,"cy":-15.5474},"geometry":{"type":"Polygon","coordinates":[[[-56.0351,-15.5459],[-56.0417,-15.552],[-56.0427,-15.553],[-56.0433,-15.5527],[-56.0384,-15.5484],[-56.0363,-15.5463],[-56.0328,-15.543],[-56.0305,-15.541],[-56.0302,-15.5413],[-56.0351,-15.5459]]]}},{"type":"Feature","properties":{"c":"b240","b":240,"n":"Nova Esperança","m":"5103403","cx":-55.969,"cy":-15.6427},"geometry":{"type":"Polygon","coordinates":[[[-55.9788,-15.6429],[-55.9783,-15.6417],[-55.9758,-15.6368],[-55.9717,-15.6369],[-55.9697,-15.6367],[-55.9675,-15.6356],[-55.9663,-15.6345],[-55.9629,-15.6309],[-55.9645,-15.6343],[-55.9655,-15.6361],[-55.9659,-15.6373],[-55.9669,-15.6391],[-55.9657,-15.6396],[-55.9596,-15.6426],[-55.9578,-15.6433],[-55.9501,-15.6467],[-55.9501,-15.6474],[-55.9497,-15.6479],[-55.9495,-15.6496],[-55.9497,-15.6506],[-55.9492,-15.6521],[-55.9495,-15.653],[-55.9492,-15.6548],[-55.9675,-15.6467],[-55.9663,-15.644],[-55.9683,-15.6431],[-55.9697,-15.6458],[-55.9711,-15.6453],[-55.9788,-15.6429]]]}},{"type":"Feature","properties":{"c":"b241","b":241,"n":"Novo Colorado","m":"5103403","cx":-56.1177,"cy":-15.5674},"geometry":{"type":"Polygon","coordinates":[[[-56.1129,-15.5629],[-56.1135,-15.5644],[-56.1134,-15.5652],[-56.1136,-15.5669],[-56.1143,-15.5685],[-56.1143,-15.57],[-56.1139,-15.5735],[-56.1137,-15.5743],[-56.1147,-15.5737],[-56.1146,-15.5742],[-56.1155,-15.5738],[-56.1162,-15.5741],[-56.1169,-15.573],[-56.1176,-15.573],[-56.1174,-15.5725],[-56.1178,-15.5722],[-56.1183,-15.5722],[-56.1184,-15.5726],[-56.1183,-15.5712],[-56.1189,-15.5695],[-56.1191,-15.5685],[-56.119,-15.5682],[-56.1234,-15.5694],[-56.1218,-15.5679],[-56.1212,-15.567],[-56.1206,-15.5659],[-56.1194,-15.5647],[-56.1138,-15.5614],[-56.1129,-15.5629]]]}},{"type":"Feature","properties":{"c":"b242","b":242,"n":"Novo Horizonte","m":"5103403","cx":-56.0325,"cy":-15.5758},"geometry":{"type":"Polygon","coordinates":[[[-56.0307,-15.579],[-56.0318,-15.5803],[-56.0317,-15.5811],[-56.0315,-15.5815],[-56.0319,-15.5818],[-56.0318,-15.5827],[-56.0327,-15.5826],[-56.0333,-15.5817],[-56.0333,-15.5814],[-56.0341,-15.5808],[-56.0345,-15.5795],[-56.0355,-15.5787],[-56.0355,-15.5782],[-56.0363,-15.5777],[-56.0337,-15.5749],[-56.0298,-15.5708],[-56.0291,-15.5693],[-56.0283,-15.5692],[-56.029,-15.5704],[-56.0301,-15.572],[-56.0303,-15.5732],[-56.0299,-15.5738],[-56.0304,-15.5753],[-56.0302,-15.5756],[-56.0306,-15.5761],[-56.0305,-15.577],[-56.0303,-15.5774],[-56.0308,-15.5779],[-56.0307,-15.579]]]}},{"type":"Feature","properties":{"c":"b243","b":243,"n":"Novo Mato Grosso","m":"5103403","cx":-56.0464,"cy":-15.5797},"geometry":{"type":"Polygon","coordinates":[[[-56.0392,-15.5808],[-56.0396,-15.5811],[-56.0454,-15.5833],[-56.0455,-15.5833],[-56.0517,-15.5825],[-56.052,-15.5823],[-56.0524,-15.5821],[-56.057,-15.5814],[-56.0551,-15.5808],[-56.0539,-15.5787],[-56.0532,-15.577],[-56.0527,-15.5764],[-56.0516,-15.5761],[-56.0505,-15.5761],[-56.0498,-15.5758],[-56.0494,-15.575],[-56.0481,-15.5754],[-56.0478,-15.5759],[-56.0467,-15.576],[-56.0451,-15.577],[-56.0423,-15.5766],[-56.0415,-15.5769],[-56.0399,-15.5766],[-56.0394,-15.5764],[-56.0383,-15.5766],[-56.037,-15.5772],[-56.0363,-15.5777],[-56.0392,-15.5808]]]}},{"type":"Feature","properties":{"c":"b244","b":244,"n":"Novo Terceiro","m":"5103403","cx":-56.1332,"cy":-15.6143},"geometry":{"type":"Polygon","coordinates":[[[-56.128,-15.6123],[-56.127,-15.6132],[-56.1284,-15.6138],[-56.1304,-15.6149],[-56.1311,-15.6152],[-56.1314,-15.6158],[-56.1356,-15.6181],[-56.1365,-15.6159],[-56.1375,-15.6129],[-56.1354,-15.6124],[-56.129,-15.6119],[-56.1284,-15.6117],[-56.128,-15.6123]]]}},{"type":"Feature","properties":{"c":"b245","b":245,"n":"Osmar Cabral","m":"5103403","cx":-55.9972,"cy":-15.6101},"geometry":{"type":"Polygon","coordinates":[[[-56.0025,-15.6072],[-56.0011,-15.6066],[-55.9992,-15.6061],[-55.9978,-15.6053],[-55.9952,-15.6043],[-55.9938,-15.6039],[-55.9925,-15.6031],[-55.9921,-15.6041],[-55.9915,-15.6046],[-55.992,-15.6056],[-55.991,-15.6069],[-55.9908,-15.6082],[-55.9916,-15.6083],[-55.9934,-15.6082],[-55.9941,-15.6083],[-55.9933,-15.6098],[-55.995,-15.6107],[-55.9938,-15.613],[-55.996,-15.6172],[-55.9962,-15.6169],[-55.9994,-15.6109],[-55.9997,-15.6104],[-56.0,-15.6106],[-56.0022,-15.6087],[-56.0034,-15.6079],[-56.0025,-15.6072]]]}},{"type":"Feature","properties":{"c":"b246","b":246,"n":"Paiaguás","m":"5103403","cx":-56.0818,"cy":-15.5606},"geometry":{"type":"Polygon","coordinates":[[[-56.0763,-15.5618],[-56.0769,-15.5623],[-56.0806,-15.5645],[-56.0815,-15.5647],[-56.0835,-15.5658],[-56.0839,-15.566],[-56.0864,-15.5642],[-56.0866,-15.5644],[-56.0869,-15.564],[-56.0888,-15.5626],[-56.0885,-15.5618],[-56.0867,-15.558],[-56.0859,-15.5581],[-56.0849,-15.5567],[-56.0842,-15.5566],[-56.0837,-15.5569],[-56.0829,-15.5571],[-56.0823,-15.5575],[-56.0821,-15.5583],[-56.081,-15.5588],[-56.0798,-15.5589],[-56.0772,-15.5584],[-56.0757,-15.5579],[-56.0751,-15.5594],[-56.0763,-15.5618]]]}},{"type":"Feature","properties":{"c":"b247","b":247,"n":"Paraíso","m":"5103403","cx":-56.0566,"cy":-15.544},"geometry":{"type":"Polygon","coordinates":[[[-56.0579,-15.5455],[-56.0581,-15.5453],[-56.0606,-15.5444],[-56.0636,-15.5422],[-56.0624,-15.5413],[-56.0613,-15.5402],[-56.0594,-15.539],[-56.0593,-15.5397],[-56.0564,-15.5397],[-56.0554,-15.5402],[-56.054,-15.5395],[-56.0521,-15.5384],[-56.049,-15.5383],[-56.0493,-15.5388],[-56.0514,-15.5412],[-56.0516,-15.5433],[-56.0518,-15.5437],[-56.0537,-15.5458],[-56.0515,-15.547],[-56.0538,-15.5498],[-56.0564,-15.5475],[-56.0579,-15.5455]]]}},{"type":"Feature","properties":{"c":"b248","b":248,"n":"Parque Atalaia","m":"5103403","cx":-56.0588,"cy":-15.6694},"geometry":{"type":"Polygon","coordinates":[[[-56.0513,-15.6585],[-56.0508,-15.6597],[-56.0482,-15.6647],[-56.0465,-15.6681],[-56.0462,-15.6689],[-56.0451,-15.6736],[-56.0429,-15.6826],[-56.0464,-15.6815],[-56.0472,-15.6812],[-56.0532,-15.6791],[-56.0556,-15.6782],[-56.0576,-15.6776],[-56.0608,-15.6777],[-56.0696,-15.6776],[-56.0695,-15.676],[-56.0703,-15.6732],[-56.0714,-15.67],[-56.0717,-15.6667],[-56.0717,-15.6634],[-56.0712,-15.6604],[-56.0695,-15.6608],[-56.0688,-15.6608],[-56.0686,-15.66],[-56.068,-15.6593],[-56.0666,-15.6584],[-56.0662,-15.6574],[-56.0653,-15.6573],[-56.0619,-15.6569],[-56.055,-15.6564],[-56.0541,-15.6567],[-56.0534,-15.6571],[-56.0528,-15.6579],[-56.0519,-15.6576],[-56.0513,-15.6585]]]}},{"type":"Feature","properties":{"c":"b249","b":249,"n":"Parque Cuiabá","m":"5103403","cx":-56.0443,"cy":-15.6628},"geometry":{"type":"Polygon","coordinates":[[[-56.0528,-15.6559],[-56.053,-15.6549],[-56.0502,-15.6546],[-56.0497,-15.6545],[-56.0407,-15.653],[-56.0381,-15.6525],[-56.0377,-15.6546],[-56.0372,-15.6569],[-56.0383,-15.6565],[-56.0389,-15.656],[-56.0412,-15.6566],[-56.0426,-15.6569],[-56.0423,-15.6577],[-56.0401,-15.6615],[-56.0383,-15.6647],[-56.0374,-15.6642],[-56.0373,-15.6657],[-56.0368,-15.6662],[-56.036,-15.6665],[-56.0344,-15.6662],[-56.0371,-15.6687],[-56.0376,-15.6681],[-56.0385,-15.6663],[-56.0387,-15.6665],[-56.0394,-15.6653],[-56.0408,-15.6657],[-56.0384,-15.6698],[-56.0399,-15.6711],[-56.042,-15.673],[-56.0424,-15.6731],[-56.0451,-15.6736],[-56.0462,-15.6689],[-56.0465,-15.6681],[-56.0482,-15.6647],[-56.0508,-15.6597],[-56.0513,-15.6585],[-56.0519,-15.6576],[-56.0528,-15.6559]]]}},{"type":"Feature","properties":{"c":"b250","b":250,"n":"Parque Geórgia","m":"5103403","cx":-56.0597,"cy":-15.6513},"geometry":{"type":"Polygon","coordinates":[[[-56.053,-15.6531],[-56.053,-15.6549],[-56.0528,-15.6559],[-56.0519,-15.6576],[-56.0528,-15.6579],[-56.0534,-15.6571],[-56.0541,-15.6567],[-56.055,-15.6564],[-56.0619,-15.6569],[-56.0653,-15.6573],[-56.0662,-15.6574],[-56.0665,-15.6527],[-56.0666,-15.65],[-56.0661,-15.6492],[-56.0661,-15.6485],[-56.0667,-15.6487],[-56.0669,-15.6463],[-56.0666,-15.6457],[-56.0662,-15.6452],[-56.0653,-15.645],[-56.0648,-15.6453],[-56.0627,-15.6454],[-56.0615,-15.645],[-56.0601,-15.6443],[-56.0584,-15.6444],[-56.0572,-15.644],[-56.0569,-15.6438],[-56.0534,-15.646],[-56.0526,-15.6459],[-56.052,-15.6462],[-56.0525,-15.6495],[-56.053,-15.6531]]]}},{"type":"Feature","properties":{"c":"b251","b":251,"n":"Parque Ohara","m":"5103403","cx":-56.0437,"cy":-15.6329},"geometry":{"type":"Polygon","coordinates":[[[-56.0505,-15.631],[-56.0492,-15.6283],[-56.0486,-15.6286],[-56.0458,-15.6271],[-56.0433,-15.6258],[-56.0429,-15.6257],[-56.0424,-15.6266],[-56.0417,-15.6274],[-56.0403,-15.6286],[-56.0398,-15.6292],[-56.0385,-15.6301],[-56.0379,-15.6299],[-56.038,-15.6318],[-56.0386,-15.6341],[-56.0402,-15.6388],[-56.0404,-15.6387],[-56.0422,-15.6374],[-56.0442,-15.636],[-56.0455,-15.6351],[-56.0462,-15.6346],[-56.0464,-15.6349],[-56.0474,-15.6342],[-56.051,-15.6317],[-56.0505,-15.631]]]}},{"type":"Feature","properties":{"c":"b252","b":252,"n":"Pascoal Ramos","m":"5103403","cx":-55.9786,"cy":-15.6361},"geometry":{"type":"Polygon","coordinates":[[[-55.9987,-15.6465],[-55.9981,-15.6446],[-55.9966,-15.6389],[-55.9937,-15.6396],[-55.9912,-15.6401],[-55.9909,-15.6389],[-55.9896,-15.6396],[-55.9876,-15.6394],[-55.9863,-15.639],[-55.9857,-15.6387],[-55.9846,-15.6385],[-55.9837,-15.6378],[-55.983,-15.6378],[-55.982,-15.6374],[-55.9818,-15.637],[-55.9798,-15.6354],[-55.9794,-15.6348],[-55.9811,-15.6302],[-55.9774,-15.6288],[-55.9778,-15.6279],[-55.9744,-15.6267],[-55.9756,-15.6245],[-55.9774,-15.6206],[-55.9729,-15.6189],[-55.9728,-15.6195],[-55.972,-15.6211],[-55.9718,-15.6225],[-55.9705,-15.624],[-55.9704,-15.6252],[-55.9709,-15.6259],[-55.9702,-15.628],[-55.9702,-15.6289],[-55.9698,-15.6291],[-55.9689,-15.6309],[-55.969,-15.6314],[-55.9699,-15.6324],[-55.9716,-15.6322],[-55.9729,-15.6327],[-55.9733,-15.6332],[-55.9746,-15.6337],[-55.975,-15.6334],[-55.975,-15.634],[-55.9761,-15.6352],[-55.9768,-15.6356],[-55.9763,-15.6367],[-55.9758,-15.6368],[-55.9783,-15.6417],[-55.9788,-15.6429],[-55.9791,-15.6457],[-55.9839,-15.65],[-55.9853,-15.6511],[-55.9883,-15.6537],[-55.9888,-15.6544],[-55.9897,-15.6542],[-55.9908,-15.6538],[-55.9916,-15.6533],[-55.9937,-15.6525],[-55.9997,-15.65],[-55.9987,-15.6465]]]}},{"type":"Feature","properties":{"c":"b253","b":253,"n":"Pedra 90","m":"5103403","cx":-55.9493,"cy":-15.6328},"geometry":{"type":"Polygon","coordinates":[[[-55.9591,-15.6267],[-55.9573,-15.6242],[-55.9554,-15.6215],[-55.9546,-15.6203],[-55.9535,-15.6173],[-55.9526,-15.6162],[-55.9506,-15.6173],[-55.9504,-15.6183],[-55.9493,-15.6195],[-55.949,-15.6205],[-55.949,-15.6215],[-55.9487,-15.6227],[-55.9477,-15.6235],[-55.9474,-15.6242],[-55.9463,-15.6248],[-55.9443,-15.625],[-55.9436,-15.6256],[-55.9412,-15.6257],[-55.939,-15.6252],[-55.9381,-15.6252],[-55.9374,-15.6248],[-55.9351,-15.6249],[-55.9337,-15.6247],[-55.9335,-15.6258],[-55.934,-15.6271],[-55.9338,-15.6274],[-55.9355,-15.6295],[-55.9364,-15.6309],[-55.9355,-15.6314],[-55.9339,-15.6324],[-55.9359,-15.6332],[-55.9372,-15.6356],[-55.938,-15.6368],[-55.9364,-15.6377],[-55.9369,-15.6387],[-55.9385,-15.6378],[-55.9408,-15.6415],[-55.9404,-15.6417],[-55.9419,-15.645],[-55.9432,-15.6445],[-55.9451,-15.6488],[-55.9501,-15.6467],[-55.9578,-15.6433],[-55.9596,-15.6426],[-55.9657,-15.6396],[-55.9669,-15.6391],[-55.9659,-15.6373],[-55.9655,-15.6361],[-55.9645,-15.6343],[-55.9629,-15.6309],[-55.9591,-15.6267]]]}},{"type":"Feature","properties":{"c":"b254","b":254,"n":"Pedregal","m":"5103403","cx":-56.0708,"cy":-15.5976},"geometry":{"type":"Polygon","coordinates":[[[-56.0704,-15.5927],[-56.0697,-15.5926],[-56.0692,-15.5943],[-56.0689,-15.5948],[-56.0683,-15.5949],[-56.0673,-15.5961],[-56.067,-15.5969],[-56.0667,-15.5971],[-56.0667,-15.6002],[-56.0672,-15.6009],[-56.0678,-15.6025],[-56.0749,-15.5982],[-56.0748,-15.5978],[-56.0752,-15.5974],[-56.0741,-15.5941],[-56.0704,-15.5927]]]}},{"type":"Feature","properties":{"c":"b255","b":255,"n":"Pico do Amor","m":"5103403","cx":-56.0773,"cy":-15.6132},"geometry":{"type":"Polygon","coordinates":[[[-56.0845,-15.6118],[-56.0808,-15.6079],[-56.0777,-15.6105],[-56.0761,-15.6119],[-56.0748,-15.6129],[-56.0758,-15.6155],[-56.0768,-15.618],[-56.0778,-15.6164],[-56.0803,-15.612],[-56.0832,-15.6135],[-56.0845,-15.6118]]]}},{"type":"Feature","properties":{"c":"b256","b":256,"n":"Planalto","m":"5103403","cx":-56.0377,"cy":-15.5821},"geometry":{"type":"Polygon","coordinates":[[[-56.0355,-15.5782],[-56.0355,-15.5787],[-56.0345,-15.5795],[-56.0341,-15.5808],[-56.0333,-15.5814],[-56.0333,-15.5817],[-56.0327,-15.5826],[-56.0318,-15.5827],[-56.0315,-15.5837],[-56.0314,-15.5844],[-56.0318,-15.5851],[-56.0316,-15.5858],[-56.0317,-15.5861],[-56.0338,-15.5855],[-56.0362,-15.5847],[-56.0382,-15.5829],[-56.0417,-15.5865],[-56.0452,-15.5835],[-56.0454,-15.5833],[-56.0396,-15.5811],[-56.0392,-15.5808],[-56.0363,-15.5777],[-56.0355,-15.5782]]]}},{"type":"Feature","properties":{"c":"b257","b":257,"n":"Popular","m":"5103403","cx":-56.1071,"cy":-15.5938},"geometry":{"type":"Polygon","coordinates":[[[-56.1074,-15.5907],[-56.1058,-15.591],[-56.1034,-15.5924],[-56.1039,-15.5932],[-56.1055,-15.5949],[-56.1074,-15.5967],[-56.1102,-15.5945],[-56.1074,-15.5907]]]}},{"type":"Feature","properties":{"c":"b258","b":258,"n":"Porto","m":"5103403","cx":-56.1119,"cy":-15.6133},"geometry":{"type":"Polygon","coordinates":[[[-56.1022,-15.6139],[-56.1018,-15.6157],[-56.1023,-15.6157],[-56.1033,-15.6167],[-56.1042,-15.6159],[-56.1066,-15.6158],[-56.1119,-15.6192],[-56.1151,-15.6223],[-56.1169,-15.624],[-56.12,-15.6207],[-56.1208,-15.6202],[-56.121,-15.6195],[-56.1241,-15.6161],[-56.124,-15.6161],[-56.1226,-15.6151],[-56.1221,-15.6144],[-56.1216,-15.6127],[-56.1209,-15.6115],[-56.1193,-15.61],[-56.1189,-15.6097],[-56.1162,-15.6091],[-56.1134,-15.6061],[-56.1128,-15.6056],[-56.1115,-15.6034],[-56.1098,-15.605],[-56.1085,-15.6062],[-56.105,-15.6095],[-56.1034,-15.6114],[-56.1016,-15.6125],[-56.1022,-15.6139]]]}},{"type":"Feature","properties":{"c":"b259","b":259,"n":"Poção","m":"5103403","cx":-56.0874,"cy":-15.6062},"geometry":{"type":"Polygon","coordinates":[[[-56.0951,-15.603],[-56.0881,-15.6016],[-56.0878,-15.6018],[-56.0808,-15.6079],[-56.0845,-15.6118],[-56.0861,-15.6102],[-56.0873,-15.6093],[-56.0891,-15.6087],[-56.0907,-15.6072],[-56.0914,-15.6069],[-56.0928,-15.6056],[-56.0951,-15.6031],[-56.0951,-15.603]]]}},{"type":"Feature","properties":{"c":"b260","b":260,"n":"Praeirinho","m":"5103403","cx":-56.0772,"cy":-15.6328},"geometry":{"type":"Polygon","coordinates":[[[-56.0806,-15.6332],[-56.0803,-15.6322],[-56.0795,-15.6309],[-56.0794,-15.6291],[-56.079,-15.6288],[-56.0786,-15.6289],[-56.0757,-15.6311],[-56.075,-15.6314],[-56.074,-15.6314],[-56.0724,-15.6311],[-56.0719,-15.6316],[-56.0735,-15.6323],[-56.0754,-15.6347],[-56.079,-15.6374],[-56.0808,-15.6349],[-56.0806,-15.6332]]]}},{"type":"Feature","properties":{"c":"b261","b":261,"n":"Praeiro","m":"5103403","cx":-56.0771,"cy":-15.6285},"geometry":{"type":"Polygon","coordinates":[[[-56.0759,-15.6262],[-56.074,-15.6313],[-56.074,-15.6314],[-56.075,-15.6314],[-56.0757,-15.6311],[-56.0786,-15.6289],[-56.079,-15.6288],[-56.0794,-15.6282],[-56.0786,-15.6277],[-56.0776,-15.6263],[-56.0765,-15.6252],[-56.0759,-15.6262]]]}},{"type":"Feature","properties":{"c":"b262","b":262,"n":"Primeiro de Março","m":"5103403","cx":-56.0333,"cy":-15.5487},"geometry":{"type":"Polygon","coordinates":[[[-56.0417,-15.552],[-56.0351,-15.5459],[-56.0302,-15.5413],[-56.0277,-15.5441],[-56.0292,-15.5468],[-56.0285,-15.5472],[-56.0284,-15.5502],[-56.0282,-15.5505],[-56.0288,-15.5531],[-56.0293,-15.5537],[-56.0293,-15.5545],[-56.0295,-15.5551],[-56.0303,-15.5543],[-56.0312,-15.5541],[-56.0321,-15.5534],[-56.033,-15.5534],[-56.0348,-15.5528],[-56.0369,-15.554],[-56.0369,-15.5547],[-56.0394,-15.5547],[-56.0431,-15.5537],[-56.0427,-15.553],[-56.0417,-15.552]]]}},{"type":"Feature","properties":{"c":"b263","b":263,"n":"Quilombo","m":"5103403","cx":-56.1002,"cy":-15.5855},"geometry":{"type":"Polygon","coordinates":[[[-56.0955,-15.5787],[-56.0944,-15.5787],[-56.0929,-15.5793],[-56.0921,-15.5798],[-56.0908,-15.5823],[-56.0928,-15.5834],[-56.0941,-15.5844],[-56.0968,-15.5871],[-56.0979,-15.5874],[-56.099,-15.5896],[-56.1016,-15.5935],[-56.1034,-15.5924],[-56.1058,-15.591],[-56.1074,-15.5907],[-56.1081,-15.5902],[-56.1063,-15.5877],[-56.1067,-15.5875],[-56.106,-15.5863],[-56.1045,-15.5847],[-56.103,-15.5835],[-56.1013,-15.581],[-56.1001,-15.5798],[-56.0993,-15.5786],[-56.0989,-15.5789],[-56.0979,-15.5794],[-56.0967,-15.5791],[-56.0955,-15.5787]]]}},{"type":"Feature","properties":{"c":"b264","b":264,"n":"Recanto dos Pássaros","m":"5103403","cx":-56.0356,"cy":-15.6105},"geometry":{"type":"Polygon","coordinates":[[[-56.0445,-15.6163],[-56.0452,-15.6159],[-56.0449,-15.6155],[-56.044,-15.6152],[-56.0437,-15.615],[-56.0436,-15.6141],[-56.0422,-15.6134],[-56.0421,-15.6129],[-56.0413,-15.6119],[-56.0406,-15.6118],[-56.0399,-15.6109],[-56.0395,-15.6101],[-56.0396,-15.6098],[-56.039,-15.6082],[-56.0388,-15.6072],[-56.0381,-15.607],[-56.0378,-15.6066],[-56.0381,-15.6063],[-56.0379,-15.6058],[-56.038,-15.6041],[-56.0377,-15.6041],[-56.0364,-15.6053],[-56.0356,-15.6059],[-56.0358,-15.6067],[-56.0354,-15.6073],[-56.0356,-15.6075],[-56.0348,-15.6083],[-56.0327,-15.6062],[-56.0309,-15.6101],[-56.0308,-15.6101],[-56.0323,-15.611],[-56.0327,-15.6116],[-56.0333,-15.6116],[-56.0347,-15.6126],[-56.0354,-15.6125],[-56.0366,-15.6127],[-56.0401,-15.6143],[-56.0413,-15.6152],[-56.0432,-15.6164],[-56.0439,-15.617],[-56.0445,-15.6163]]]}},{"type":"Feature","properties":{"c":"b265","b":265,"n":"Residencial Coxipó","m":"5103403","cx":-56.0325,"cy":-15.6508},"geometry":{"type":"Polygon","coordinates":[[[-56.0381,-15.6525],[-56.0387,-15.6492],[-56.039,-15.6481],[-56.0373,-15.6477],[-56.0367,-15.6478],[-56.0369,-15.646],[-56.0366,-15.6447],[-56.0371,-15.6439],[-56.0367,-15.644],[-56.0334,-15.6459],[-56.0323,-15.6463],[-56.0324,-15.6466],[-56.029,-15.6485],[-56.0273,-15.6487],[-56.027,-15.6495],[-56.0264,-15.6522],[-56.0262,-15.6522],[-56.0254,-15.6546],[-56.0249,-15.6564],[-56.0281,-15.6572],[-56.0292,-15.6532],[-56.0342,-15.6543],[-56.0354,-15.6541],[-56.0377,-15.6546],[-56.0381,-15.6525]]]}},{"type":"Feature","properties":{"c":"b266","b":266,"n":"Residencial Itamaraty","m":"5103403","cx":-56.0363,"cy":-15.5886},"geometry":{"type":"Polygon","coordinates":[[[-56.0325,-15.5862],[-56.0327,-15.5873],[-56.0331,-15.5878],[-56.0338,-15.588],[-56.0338,-15.5892],[-56.0345,-15.5896],[-56.0346,-15.5903],[-56.0352,-15.5916],[-56.0346,-15.5925],[-56.0352,-15.5934],[-56.0351,-15.594],[-56.0357,-15.5943],[-56.0368,-15.5922],[-56.0369,-15.5908],[-56.0379,-15.5896],[-56.0403,-15.5871],[-56.041,-15.587],[-56.0417,-15.5865],[-56.0382,-15.5829],[-56.0362,-15.5847],[-56.0338,-15.5855],[-56.0317,-15.5861],[-56.0325,-15.5862]]]}},{"type":"Feature","properties":{"c":"b267","b":267,"n":"Residencial Santa Inês","m":"5103403","cx":-56.0565,"cy":-15.5909},"geometry":{"type":"Polygon","coordinates":[[[-56.0534,-15.5882],[-56.0537,-15.5895],[-56.0514,-15.5898],[-56.0537,-15.5933],[-56.0543,-15.5939],[-56.0547,-15.5931],[-56.0554,-15.5925],[-56.0564,-15.5921],[-56.0579,-15.5921],[-56.0592,-15.5931],[-56.0601,-15.5934],[-56.0601,-15.5932],[-56.0615,-15.5893],[-56.0533,-15.5862],[-56.0534,-15.5882]]]}},{"type":"Feature","properties":{"c":"b268","b":268,"n":"Residencial São Carlos","m":"5103403","cx":-56.0515,"cy":-15.5841},"geometry":{"type":"Polygon","coordinates":[[[-56.0527,-15.586],[-56.0534,-15.5846],[-56.0547,-15.585],[-56.0554,-15.5837],[-56.052,-15.5823],[-56.0517,-15.5825],[-56.0455,-15.5833],[-56.0495,-15.5848],[-56.0527,-15.586]]]}},{"type":"Feature","properties":{"c":"b269","b":269,"n":"Ribeirão da Ponte","m":"5103403","cx":-56.1182,"cy":-15.5807},"geometry":{"type":"Polygon","coordinates":[[[-56.1215,-15.5788],[-56.12,-15.5775],[-56.1196,-15.5773],[-56.1195,-15.5762],[-56.1174,-15.5778],[-56.1167,-15.5781],[-56.116,-15.5788],[-56.1154,-15.579],[-56.1152,-15.5798],[-56.1145,-15.5797],[-56.1145,-15.58],[-56.1151,-15.5808],[-56.114,-15.5818],[-56.1133,-15.582],[-56.112,-15.583],[-56.1117,-15.583],[-56.1133,-15.5852],[-56.1136,-15.5851],[-56.115,-15.5843],[-56.1172,-15.583],[-56.1215,-15.5806],[-56.1222,-15.58],[-56.1226,-15.579],[-56.1215,-15.5788]]]}},{"type":"Feature","properties":{"c":"b270","b":270,"n":"Ribeirão do Lipa","m":"5103403","cx":-56.1056,"cy":-15.5636},"geometry":{"type":"Polygon","coordinates":[[[-56.0944,-15.5588],[-56.0942,-15.5599],[-56.0947,-15.5604],[-56.0952,-15.5605],[-56.0952,-15.5609],[-56.0961,-15.5612],[-56.0963,-15.5617],[-56.0968,-15.562],[-56.0965,-15.5623],[-56.0968,-15.5628],[-56.0977,-15.5627],[-56.0981,-15.5631],[-56.098,-15.5641],[-56.0986,-15.5648],[-56.0984,-15.566],[-56.0978,-15.5663],[-56.0986,-15.5671],[-56.0992,-15.5671],[-56.0989,-15.5675],[-56.0991,-15.5681],[-56.0999,-15.5683],[-56.0999,-15.5686],[-56.1007,-15.569],[-56.1011,-15.5695],[-56.102,-15.5692],[-56.1019,-15.5701],[-56.103,-15.57],[-56.1037,-15.5708],[-56.1044,-15.5715],[-56.1044,-15.5717],[-56.1056,-15.5725],[-56.1058,-15.5729],[-56.1063,-15.573],[-56.1064,-15.5735],[-56.1072,-15.5741],[-56.1075,-15.5749],[-56.109,-15.5753],[-56.1096,-15.5751],[-56.11,-15.5755],[-56.1106,-15.5758],[-56.1114,-15.575],[-56.1118,-15.5754],[-56.113,-15.5747],[-56.113,-15.5741],[-56.1137,-15.5743],[-56.1139,-15.5735],[-56.1143,-15.57],[-56.1143,-15.5685],[-56.1136,-15.5669],[-56.1134,-15.5652],[-56.1135,-15.5644],[-56.1129,-15.5629],[-56.1138,-15.5614],[-56.113,-15.5609],[-56.1136,-15.5595],[-56.1149,-15.5563],[-56.1119,-15.5534],[-56.1107,-15.5557],[-56.1097,-15.5551],[-56.1082,-15.5544],[-56.1067,-15.5532],[-56.1049,-15.5518],[-56.104,-15.5507],[-56.1035,-15.5505],[-56.1026,-15.5507],[-56.1014,-15.5505],[-56.0997,-15.5506],[-56.0993,-15.551],[-56.0986,-15.5525],[-56.0972,-15.5538],[-56.0969,-15.5545],[-56.096,-15.5548],[-56.0952,-15.5572],[-56.0945,-15.5581],[-56.0936,-15.5588],[-56.0944,-15.5588]]]}},{"type":"Feature","properties":{"c":"b271","b":271,"n":"Santa Cruz","m":"5103403","cx":-56.0462,"cy":-15.6076},"geometry":{"type":"Polygon","coordinates":[[[-56.0444,-15.5977],[-56.0432,-15.5983],[-56.042,-15.5987],[-56.0415,-15.5991],[-56.0391,-15.5992],[-56.0383,-15.5996],[-56.038,-15.6011],[-56.0381,-15.6016],[-56.0376,-15.6018],[-56.0372,-15.6028],[-56.0371,-15.6034],[-56.0377,-15.6033],[-56.038,-15.6041],[-56.0379,-15.6058],[-56.0381,-15.6063],[-56.0378,-15.6066],[-56.0381,-15.607],[-56.0388,-15.6072],[-56.039,-15.6082],[-56.0396,-15.6098],[-56.0395,-15.6101],[-56.0399,-15.6109],[-56.0406,-15.6118],[-56.0413,-15.6119],[-56.0421,-15.6129],[-56.0422,-15.6134],[-56.0436,-15.6141],[-56.0437,-15.615],[-56.044,-15.6152],[-56.0449,-15.6155],[-56.0452,-15.6159],[-56.0454,-15.617],[-56.0453,-15.6178],[-56.0462,-15.6177],[-56.046,-15.6182],[-56.0466,-15.6181],[-56.047,-15.6175],[-56.0481,-15.6183],[-56.0491,-15.6172],[-56.0514,-15.6171],[-56.0512,-15.6166],[-56.0507,-15.6165],[-56.0511,-15.6161],[-56.0514,-15.6151],[-56.0519,-15.615],[-56.0522,-15.614],[-56.0533,-15.6139],[-56.0537,-15.613],[-56.0537,-15.6119],[-56.0538,-15.6115],[-56.0538,-15.6102],[-56.0532,-15.6086],[-56.0532,-15.6079],[-56.0537,-15.6073],[-56.0521,-15.606],[-56.0517,-15.6052],[-56.0508,-15.604],[-56.0496,-15.6031],[-56.0489,-15.6023],[-56.048,-15.6009],[-56.0459,-15.5968],[-56.0444,-15.5977]]]}},{"type":"Feature","properties":{"c":"b272","b":272,"n":"Santa Isabel","m":"5103403","cx":-56.1345,"cy":-15.6018},"geometry":{"type":"Polygon","coordinates":[[[-56.127,-15.6012],[-56.1275,-15.6023],[-56.1276,-15.604],[-56.1278,-15.6044],[-56.1284,-15.6069],[-56.1289,-15.6072],[-56.1339,-15.6076],[-56.1371,-15.6079],[-56.1377,-15.6079],[-56.1377,-15.6073],[-56.1386,-15.605],[-56.1415,-15.6021],[-56.142,-15.6015],[-56.1414,-15.6009],[-56.1388,-15.5998],[-56.1386,-15.5993],[-56.1376,-15.5988],[-56.1374,-15.5985],[-56.1309,-15.5959],[-56.1306,-15.5957],[-56.1302,-15.5963],[-56.1279,-15.5993],[-56.126,-15.6002],[-56.127,-15.6012]]]}},{"type":"Feature","properties":{"c":"b273","b":273,"n":"Santa Laura","m":"5103403","cx":-55.99,"cy":-15.6175},"geometry":{"type":"Polygon","coordinates":[[[-55.9901,-15.6081],[-55.9865,-15.6096],[-55.9871,-15.6106],[-55.9879,-15.6128],[-55.9897,-15.6118],[-55.9899,-15.6123],[-55.9881,-15.6133],[-55.9862,-15.6154],[-55.9873,-15.616],[-55.9849,-15.6194],[-55.983,-15.6213],[-55.9841,-15.6217],[-55.9852,-15.6242],[-55.9854,-15.6245],[-55.9884,-15.6226],[-55.9894,-15.6242],[-55.9905,-15.6261],[-55.993,-15.6244],[-55.9944,-15.6242],[-55.9963,-15.6232],[-55.9961,-15.6229],[-55.9941,-15.619],[-55.9948,-15.6186],[-55.9927,-15.6162],[-55.9925,-15.6164],[-55.9911,-15.6148],[-55.9914,-15.6145],[-55.9906,-15.6135],[-55.9897,-15.6103],[-55.9898,-15.6093],[-55.9908,-15.6082],[-55.9901,-15.6081]]]}},{"type":"Feature","properties":{"c":"b274","b":274,"n":"Santa Marta","m":"5103403","cx":-56.0999,"cy":-15.575},"geometry":{"type":"Polygon","coordinates":[[[-56.1089,-15.5761],[-56.1097,-15.5758],[-56.11,-15.5755],[-56.1096,-15.5751],[-56.109,-15.5753],[-56.1075,-15.5749],[-56.1072,-15.5741],[-56.1064,-15.5735],[-56.1063,-15.573],[-56.1058,-15.5729],[-56.1056,-15.5725],[-56.1044,-15.5717],[-56.1044,-15.5715],[-56.1037,-15.5708],[-56.1033,-15.571],[-56.1027,-15.5707],[-56.1009,-15.5715],[-56.1001,-15.5722],[-56.0988,-15.5719],[-56.0978,-15.573],[-56.0972,-15.5733],[-56.0961,-15.5744],[-56.0961,-15.576],[-56.0956,-15.577],[-56.0967,-15.5786],[-56.0967,-15.5791],[-56.0979,-15.5794],[-56.0989,-15.5789],[-56.0993,-15.5786],[-56.0999,-15.5778],[-56.1011,-15.5766],[-56.1029,-15.5753],[-56.1043,-15.5748],[-56.1057,-15.5751],[-56.107,-15.5762],[-56.108,-15.5769],[-56.1089,-15.5761]]]}},{"type":"Feature","properties":{"c":"b275","b":275,"n":"Santa Rosa","m":"5103403","cx":-56.1231,"cy":-15.5857},"geometry":{"type":"Polygon","coordinates":[[[-56.137,-15.5853],[-56.1353,-15.5834],[-56.1344,-15.5818],[-56.134,-15.5808],[-56.1339,-15.5795],[-56.131,-15.5794],[-56.1299,-15.5788],[-56.1297,-15.579],[-56.1294,-15.5809],[-56.1298,-15.581],[-56.1296,-15.5816],[-56.1286,-15.5824],[-56.1283,-15.5817],[-56.1287,-15.5814],[-56.1283,-15.5809],[-56.128,-15.5816],[-56.1268,-15.5819],[-56.1271,-15.5814],[-56.1266,-15.5808],[-56.1263,-15.5811],[-56.126,-15.5807],[-56.1261,-15.5801],[-56.125,-15.58],[-56.1247,-15.5801],[-56.1239,-15.579],[-56.1226,-15.579],[-56.1222,-15.58],[-56.1215,-15.5806],[-56.1172,-15.583],[-56.115,-15.5843],[-56.1136,-15.5851],[-56.1145,-15.5859],[-56.1143,-15.5861],[-56.1154,-15.5869],[-56.117,-15.5882],[-56.1186,-15.59],[-56.1209,-15.5926],[-56.1213,-15.5916],[-56.1225,-15.5911],[-56.1233,-15.5915],[-56.1261,-15.5912],[-56.1275,-15.5903],[-56.1281,-15.5892],[-56.1286,-15.5893],[-56.1294,-15.5875],[-56.1299,-15.5872],[-56.1306,-15.5872],[-56.131,-15.5866],[-56.1323,-15.5852],[-56.1341,-15.5848],[-56.1355,-15.585],[-56.1359,-15.5856],[-56.1371,-15.5865],[-56.1374,-15.5871],[-56.1383,-15.5864],[-56.137,-15.5853]]]}},{"type":"Feature","properties":{"c":"b276","b":276,"n":"Sol Nascente","m":"5103403","cx":-56.0457,"cy":-15.5857},"geometry":{"type":"Polygon","coordinates":[[[-56.0454,-15.5833],[-56.0452,-15.5835],[-56.0417,-15.5865],[-56.0422,-15.5871],[-56.0434,-15.5874],[-56.0443,-15.5882],[-56.046,-15.5894],[-56.0471,-15.5896],[-56.0469,-15.5875],[-56.0471,-15.5869],[-56.0486,-15.5865],[-56.0491,-15.585],[-56.0495,-15.5848],[-56.0455,-15.5833],[-56.0454,-15.5833]]]}},{"type":"Feature","properties":{"c":"b277","b":277,"n":"São Francisco","m":"5103403","cx":-56.0155,"cy":-15.6419},"geometry":{"type":"Polygon","coordinates":[[[-56.0213,-15.6413],[-56.024,-15.6402],[-56.0232,-15.6397],[-56.0227,-15.6391],[-56.0217,-15.6393],[-56.0198,-15.639],[-56.0165,-15.6372],[-56.0144,-15.6361],[-56.0149,-15.6356],[-56.0135,-15.6358],[-56.0135,-15.6365],[-56.0127,-15.6366],[-56.0126,-15.636],[-56.0093,-15.6364],[-56.0085,-15.6356],[-56.0086,-15.6362],[-56.0095,-15.6377],[-56.0105,-15.6398],[-56.0116,-15.6425],[-56.0117,-15.6433],[-56.0108,-15.6435],[-56.0108,-15.6445],[-56.0091,-15.6445],[-56.0091,-15.6447],[-56.0068,-15.6452],[-56.0069,-15.6471],[-56.0112,-15.6454],[-56.0126,-15.6447],[-56.0171,-15.6429],[-56.0213,-15.6413]]]}},{"type":"Feature","properties":{"c":"b278","b":278,"n":"São Gonçalo Beira Rio","m":"5103403","cx":-56.0682,"cy":-15.6496},"geometry":{"type":"Polygon","coordinates":[[[-56.0656,-15.6391],[-56.067,-15.6415],[-56.067,-15.6418],[-56.0668,-15.6454],[-56.0666,-15.6457],[-56.0669,-15.6463],[-56.0667,-15.6487],[-56.0661,-15.6485],[-56.0661,-15.6492],[-56.0666,-15.65],[-56.0665,-15.6527],[-56.0662,-15.6574],[-56.0666,-15.6584],[-56.068,-15.6593],[-56.0686,-15.66],[-56.0688,-15.6608],[-56.0695,-15.6608],[-56.0712,-15.6604],[-56.0707,-15.6573],[-56.07,-15.6514],[-56.07,-15.6512],[-56.0702,-15.6443],[-56.0717,-15.6427],[-56.0742,-15.6415],[-56.0731,-15.6402],[-56.0718,-15.6384],[-56.0708,-15.6383],[-56.0695,-15.6378],[-56.0656,-15.6391]]]}},{"type":"Feature","properties":{"c":"b279","b":279,"n":"São José","m":"5103403","cx":-56.0336,"cy":-15.635},"geometry":{"type":"Polygon","coordinates":[[[-56.0402,-15.6388],[-56.0386,-15.6341],[-56.038,-15.6318],[-56.0379,-15.6299],[-56.038,-15.6289],[-56.0373,-15.6285],[-56.0366,-15.6262],[-56.0364,-15.625],[-56.0344,-15.6264],[-56.0333,-15.6272],[-56.0325,-15.6282],[-56.0297,-15.6328],[-56.0295,-15.6331],[-56.0278,-15.636],[-56.0275,-15.6367],[-56.0263,-15.6386],[-56.026,-15.6384],[-56.0255,-15.6386],[-56.0255,-15.6393],[-56.0258,-15.6397],[-56.028,-15.6397],[-56.0326,-15.6401],[-56.0344,-15.6403],[-56.0343,-15.6441],[-56.0365,-15.6436],[-56.0375,-15.6436],[-56.0382,-15.6431],[-56.04,-15.6421],[-56.0424,-15.641],[-56.0417,-15.64],[-56.0414,-15.6402],[-56.0404,-15.6387],[-56.0402,-15.6388]]]}},{"type":"Feature","properties":{"c":"b280","b":280,"n":"São João Del Rey","m":"5103403","cx":-56.0031,"cy":-15.6125},"geometry":{"type":"Polygon","coordinates":[[[-55.9973,-15.6176],[-55.9984,-15.6187],[-55.9993,-15.6186],[-55.9999,-15.6189],[-56.0008,-15.6188],[-56.002,-15.6189],[-56.0029,-15.6187],[-56.003,-15.6193],[-56.0038,-15.6192],[-56.0038,-15.6188],[-56.0046,-15.6189],[-56.0053,-15.6186],[-56.0058,-15.6179],[-56.0065,-15.6178],[-56.0072,-15.6182],[-56.0082,-15.6185],[-56.0088,-15.6154],[-56.0088,-15.6149],[-56.0084,-15.614],[-56.007,-15.6111],[-56.0058,-15.6095],[-56.0034,-15.6079],[-56.0022,-15.6087],[-56.0,-15.6106],[-55.9997,-15.6104],[-55.9994,-15.6109],[-55.9962,-15.6169],[-55.9973,-15.6176]]]}},{"type":"Feature","properties":{"c":"b281","b":281,"n":"São Roque","m":"5103403","cx":-56.0563,"cy":-15.5831},"geometry":{"type":"Polygon","coordinates":[[[-56.0524,-15.5821],[-56.052,-15.5823],[-56.0554,-15.5837],[-56.0579,-15.5846],[-56.0587,-15.5826],[-56.059,-15.5826],[-56.0591,-15.5811],[-56.057,-15.5814],[-56.0524,-15.5821]]]}},{"type":"Feature","properties":{"c":"b282","b":282,"n":"São Sebastião","m":"5103403","cx":-55.9909,"cy":-15.6331},"geometry":{"type":"Polygon","coordinates":[[[-55.9794,-15.6348],[-55.9798,-15.6354],[-55.9818,-15.637],[-55.982,-15.6374],[-55.983,-15.6378],[-55.9837,-15.6378],[-55.9846,-15.6385],[-55.9857,-15.6387],[-55.9863,-15.639],[-55.9876,-15.6394],[-55.9896,-15.6396],[-55.9909,-15.6389],[-55.9926,-15.6376],[-55.9933,-15.6362],[-55.9937,-15.6355],[-55.9942,-15.6352],[-55.9966,-15.6341],[-55.9977,-15.6339],[-56.0007,-15.6341],[-56.0011,-15.6338],[-56.0023,-15.6324],[-56.0015,-15.6313],[-56.0004,-15.6304],[-55.9993,-15.6296],[-55.9973,-15.6304],[-55.9958,-15.6273],[-55.9962,-15.6272],[-55.996,-15.6266],[-55.9952,-15.6271],[-55.9941,-15.628],[-55.9934,-15.6281],[-55.9925,-15.6288],[-55.9853,-15.6315],[-55.9845,-15.6316],[-55.9844,-15.631],[-55.9839,-15.6311],[-55.9811,-15.6302],[-55.9794,-15.6348]]]}},{"type":"Feature","properties":{"c":"b283","b":283,"n":"Terceiro","m":"5103403","cx":-56.0958,"cy":-15.6184},"geometry":{"type":"Polygon","coordinates":[[[-56.1022,-15.6176],[-56.1033,-15.6167],[-56.1023,-15.6157],[-56.1018,-15.6157],[-56.1022,-15.6139],[-56.1016,-15.6125],[-56.0981,-15.614],[-56.0915,-15.6178],[-56.0893,-15.619],[-56.0898,-15.6199],[-56.0918,-15.6228],[-56.0935,-15.6251],[-56.1022,-15.6176]]]}},{"type":"Feature","properties":{"c":"b284","b":284,"n":"Terra Nova","m":"5103403","cx":-56.0697,"cy":-15.5808},"geometry":{"type":"Polygon","coordinates":[[[-56.0725,-15.5811],[-56.071,-15.5799],[-56.0706,-15.5802],[-56.0679,-15.5779],[-56.0665,-15.5793],[-56.0662,-15.5791],[-56.0657,-15.5795],[-56.067,-15.5806],[-56.0694,-15.5827],[-56.0699,-15.5825],[-56.0703,-15.5836],[-56.0706,-15.5834],[-56.0712,-15.5839],[-56.0731,-15.5829],[-56.0744,-15.5823],[-56.0725,-15.5811]]]}},{"type":"Feature","properties":{"c":"b285","b":285,"n":"Tijucal","m":"5103403","cx":-56.0124,"cy":-15.6324},"geometry":{"type":"Polygon","coordinates":[[[-56.0086,-15.6362],[-56.0085,-15.6356],[-56.0093,-15.6364],[-56.0126,-15.636],[-56.0127,-15.6366],[-56.0135,-15.6365],[-56.0135,-15.6358],[-56.0149,-15.6356],[-56.0144,-15.6361],[-56.0165,-15.6372],[-56.0198,-15.639],[-56.0217,-15.6393],[-56.0227,-15.6391],[-56.0232,-15.6397],[-56.024,-15.6402],[-56.0258,-15.6397],[-56.0255,-15.6393],[-56.0255,-15.6386],[-56.0255,-15.6381],[-56.0237,-15.636],[-56.0222,-15.6347],[-56.0215,-15.6338],[-56.0205,-15.6328],[-56.0189,-15.632],[-56.0171,-15.6305],[-56.0111,-15.6256],[-56.0102,-15.6247],[-56.0091,-15.6247],[-56.0087,-15.6241],[-56.0079,-15.6247],[-56.0081,-15.6258],[-56.0078,-15.6265],[-56.0078,-15.6273],[-56.0073,-15.6281],[-56.0065,-15.6288],[-56.0057,-15.6291],[-56.0056,-15.6296],[-56.006,-15.6305],[-56.0058,-15.6307],[-56.0057,-15.6317],[-56.0053,-15.6321],[-56.0048,-15.6327],[-56.0046,-15.6336],[-56.0046,-15.6356],[-56.0086,-15.6362]]]}},{"type":"Feature","properties":{"c":"b286","b":286,"n":"Três Barras","m":"5103403","cx":-56.024,"cy":-15.5579},"geometry":{"type":"Polygon","coordinates":[[[-56.025,-15.5637],[-56.0271,-15.5679],[-56.0282,-15.5693],[-56.0287,-15.5704],[-56.029,-15.5704],[-56.0283,-15.5692],[-56.0271,-15.5672],[-56.0269,-15.5662],[-56.0276,-15.5657],[-56.0279,-15.5638],[-56.0283,-15.5633],[-56.0281,-15.5628],[-56.0283,-15.5622],[-56.028,-15.5618],[-56.0277,-15.5602],[-56.0276,-15.5591],[-56.0289,-15.5567],[-56.0295,-15.5561],[-56.0295,-15.5551],[-56.0293,-15.5545],[-56.0293,-15.5537],[-56.0288,-15.5531],[-56.0282,-15.5505],[-56.0284,-15.5502],[-56.0285,-15.5472],[-56.0292,-15.5468],[-56.0277,-15.5441],[-56.0258,-15.546],[-56.0218,-15.544],[-56.0207,-15.5461],[-56.0211,-15.5463],[-56.0198,-15.5487],[-56.02,-15.5488],[-56.0191,-15.5502],[-56.0205,-15.551],[-56.0212,-15.5522],[-56.0211,-15.5552],[-56.0209,-15.5558],[-56.0189,-15.5594],[-56.0216,-15.5607],[-56.0208,-15.5623],[-56.0238,-15.5632],[-56.025,-15.5637]]]}},{"type":"Feature","properties":{"c":"b287","b":287,"n":"Ufmt","m":"5103403","cx":-56.0648,"cy":-15.6105},"geometry":{"type":"Polygon","coordinates":[[[-56.0583,-15.6092],[-56.0605,-15.6113],[-56.0657,-15.6119],[-56.0677,-15.613],[-56.0713,-15.616],[-56.0748,-15.613],[-56.074,-15.6132],[-56.073,-15.6131],[-56.0713,-15.6117],[-56.0689,-15.6097],[-56.0685,-15.6092],[-56.0636,-15.605],[-56.0589,-15.6078],[-56.0578,-15.6085],[-56.0583,-15.6092]]]}},{"type":"Feature","properties":{"c":"b288","b":288,"n":"Vista Alegre","m":"5103403","cx":-56.0496,"cy":-15.6367},"geometry":{"type":"Polygon","coordinates":[[[-56.0474,-15.6342],[-56.0464,-15.6349],[-56.0462,-15.6346],[-56.0455,-15.6351],[-56.0457,-15.6353],[-56.0464,-15.6352],[-56.0496,-15.6397],[-56.0504,-15.6386],[-56.0509,-15.6382],[-56.0527,-15.6351],[-56.0537,-15.6331],[-56.0521,-15.631],[-56.051,-15.6317],[-56.0474,-15.6342]]]}},{"type":"Feature","properties":{"c":"b289","b":289,"n":"Aldelvidon Vieira dos Santos","m":"5103957","cx":-58.3041,"cy":-15.769},"geometry":{"type":"Polygon","coordinates":[[[-58.308,-15.7669],[-58.3079,-15.7664],[-58.3055,-15.7666],[-58.3056,-15.7681],[-58.303,-15.7684],[-58.303,-15.7692],[-58.3073,-15.7688],[-58.3074,-15.7706],[-58.307,-15.7706],[-58.3071,-15.7717],[-58.3085,-15.7716],[-58.3095,-15.7715],[-58.3094,-15.7705],[-58.3084,-15.7706],[-58.3081,-15.7678],[-58.3091,-15.7677],[-58.309,-15.7668],[-58.308,-15.7669]]]}},{"type":"Feature","properties":{"c":"b290","b":290,"n":"Antônio Savoine","m":"5103957","cx":-58.3097,"cy":-15.7646},"geometry":{"type":"Polygon","coordinates":[[[-58.308,-15.7669],[-58.309,-15.7668],[-58.3119,-15.7665],[-58.3118,-15.7655],[-58.3112,-15.7656],[-58.3108,-15.7652],[-58.3106,-15.7629],[-58.3086,-15.763],[-58.3087,-15.7637],[-58.3082,-15.7638],[-58.3082,-15.7643],[-58.3087,-15.7643],[-58.3088,-15.7649],[-58.3078,-15.765],[-58.3079,-15.7664],[-58.308,-15.7669]]]}},{"type":"Feature","properties":{"c":"b291","b":291,"n":"Arlindo Mateus da Costa","m":"5103957","cx":-58.3101,"cy":-15.7726},"geometry":{"type":"Polygon","coordinates":[[[-58.3085,-15.7716],[-58.3087,-15.774],[-58.3107,-15.7737],[-58.3109,-15.7755],[-58.3119,-15.7754],[-58.3117,-15.7745],[-58.3114,-15.7713],[-58.3095,-15.7715],[-58.3085,-15.7716]]]}},{"type":"Feature","properties":{"c":"b292","b":292,"n":"Centro","m":"5103957","cx":-58.3097,"cy":-15.7691},"geometry":{"type":"Polygon","coordinates":[[[-58.3119,-15.7665],[-58.309,-15.7668],[-58.3091,-15.7677],[-58.3081,-15.7678],[-58.3084,-15.7706],[-58.3094,-15.7705],[-58.3095,-15.7715],[-58.3114,-15.7713],[-58.311,-15.7675],[-58.312,-15.7674],[-58.3119,-15.7665]]]}},{"type":"Feature","properties":{"c":"b293","b":293,"n":"José Bejo","m":"5103957","cx":-58.313,"cy":-15.7725},"geometry":{"type":"Polygon","coordinates":[[[-58.3114,-15.7713],[-58.3117,-15.7745],[-58.3127,-15.7743],[-58.3126,-15.773],[-58.3144,-15.7729],[-58.3146,-15.7722],[-58.3153,-15.7721],[-58.3157,-15.7715],[-58.3163,-15.7714],[-58.3163,-15.7708],[-58.3124,-15.7712],[-58.3114,-15.7713]]]}},{"type":"Feature","properties":{"c":"b294","b":294,"n":"José Claudino","m":"5103957","cx":-58.3133,"cy":-15.7688},"geometry":{"type":"Polygon","coordinates":[[[-58.311,-15.7675],[-58.3114,-15.7713],[-58.3124,-15.7712],[-58.3123,-15.7701],[-58.3141,-15.7698],[-58.3157,-15.7696],[-58.3154,-15.768],[-58.3164,-15.7679],[-58.3163,-15.767],[-58.312,-15.7674],[-58.311,-15.7675]]]}},{"type":"Feature","properties":{"c":"b295","b":295,"n":"Centro","m":"5104104","cx":-54.9093,"cy":-9.9531},"geometry":{"type":"Polygon","coordinates":[[[-54.904,-9.9459],[-54.9044,-9.9503],[-54.9046,-9.9544],[-54.9049,-9.9579],[-54.9049,-9.9583],[-54.9061,-9.9583],[-54.9144,-9.9583],[-54.914,-9.9517],[-54.9135,-9.9458],[-54.904,-9.9459]]]}},{"type":"Feature","properties":{"c":"b296","b":296,"n":"Cidade Nova","m":"5104104","cx":-54.9192,"cy":-9.9532},"geometry":{"type":"Polygon","coordinates":[[[-54.9182,-9.9582],[-54.9182,-9.9585],[-54.9192,-9.9585],[-54.9193,-9.9613],[-54.9207,-9.9606],[-54.9212,-9.96],[-54.9228,-9.9589],[-54.9252,-9.959],[-54.9254,-9.9589],[-54.9251,-9.9546],[-54.9243,-9.9546],[-54.9241,-9.951],[-54.9237,-9.9454],[-54.9183,-9.9457],[-54.9135,-9.9458],[-54.914,-9.9517],[-54.9144,-9.9583],[-54.9182,-9.9582]]]}},{"type":"Feature","properties":{"c":"b297","b":297,"n":"Cristo Rei","m":"5104104","cx":-54.9025,"cy":-9.9431},"geometry":{"type":"Polygon","coordinates":[[[-54.9012,-9.9429],[-54.901,-9.9433],[-54.9009,-9.9451],[-54.9011,-9.9455],[-54.904,-9.9455],[-54.9037,-9.9409],[-54.9012,-9.941],[-54.9012,-9.9429]]]}},{"type":"Feature","properties":{"c":"b298","b":298,"n":"Horizonte II","m":"5104104","cx":-54.8991,"cy":-9.9492},"geometry":{"type":"Polygon","coordinates":[[[-54.8972,-9.9504],[-54.9004,-9.9503],[-54.9004,-9.949],[-54.8951,-9.9494],[-54.895,-9.948],[-54.8934,-9.948],[-54.8935,-9.9504],[-54.8972,-9.9504]]]}},{"type":"Feature","properties":{"c":"b299","b":299,"n":"Jardim Aeroporto","m":"5104104","cx":-54.9121,"cy":-9.9595},"geometry":{"type":"Polygon","coordinates":[[[-54.9051,-9.9614],[-54.9062,-9.9613],[-54.9166,-9.9606],[-54.9166,-9.9619],[-54.9171,-9.9615],[-54.9182,-9.9611],[-54.9193,-9.9613],[-54.9192,-9.9585],[-54.9182,-9.9585],[-54.9182,-9.9582],[-54.9144,-9.9583],[-54.9061,-9.9583],[-54.9049,-9.9583],[-54.9051,-9.9614]]]}},{"type":"Feature","properties":{"c":"b300","b":300,"n":"Jardim Araguaia","m":"5104104","cx":-54.8916,"cy":-9.9564},"geometry":{"type":"Polygon","coordinates":[[[-54.8943,-9.9548],[-54.8906,-9.9548],[-54.8887,-9.9547],[-54.8889,-9.9583],[-54.8946,-9.958],[-54.8943,-9.9548]]]}},{"type":"Feature","properties":{"c":"b301","b":301,"n":"Jardim Guaranorte","m":"5104104","cx":-54.9028,"cy":-9.9562},"geometry":{"type":"Polygon","coordinates":[[[-54.9049,-9.9579],[-54.9046,-9.9544],[-54.9008,-9.9546],[-54.901,-9.9582],[-54.9028,-9.9581],[-54.9049,-9.9579]]]}},{"type":"Feature","properties":{"c":"b302","b":302,"n":"Jardim Maranata","m":"5104104","cx":-54.925,"cy":-9.9384},"geometry":{"type":"Polygon","coordinates":[[[-54.9264,-9.9393],[-54.9264,-9.9374],[-54.9237,-9.9375],[-54.9237,-9.9393],[-54.9264,-9.9393]]]}},{"type":"Feature","properties":{"c":"b303","b":303,"n":"Jardim Novo Horizonte","m":"5104104","cx":-54.9025,"cy":-9.9479},"geometry":{"type":"Polygon","coordinates":[[[-54.9011,-9.9468],[-54.9004,-9.949],[-54.9004,-9.9503],[-54.9044,-9.9503],[-54.904,-9.9459],[-54.904,-9.9455],[-54.9011,-9.9455],[-54.9011,-9.9468]]]}},{"type":"Feature","properties":{"c":"b304","b":304,"n":"Jardim São Lourenço","m":"5104104","cx":-54.9036,"cy":-9.9603},"geometry":{"type":"Polygon","coordinates":[[[-54.9029,-9.9593],[-54.9021,-9.9593],[-54.9022,-9.9615],[-54.9044,-9.9614],[-54.9051,-9.9614],[-54.9049,-9.9583],[-54.9049,-9.9579],[-54.9028,-9.9581],[-54.9029,-9.9593]]]}},{"type":"Feature","properties":{"c":"b305","b":305,"n":"Jardim Vitória","m":"5104104","cx":-54.8903,"cy":-9.9533},"geometry":{"type":"Polygon","coordinates":[[[-54.8954,-9.9548],[-54.8952,-9.952],[-54.8973,-9.952],[-54.8972,-9.9504],[-54.8935,-9.9504],[-54.885,-9.9504],[-54.8855,-9.9547],[-54.8887,-9.9547],[-54.8906,-9.9548],[-54.8943,-9.9548],[-54.8954,-9.9548]]]}},{"type":"Feature","properties":{"c":"b306","b":306,"n":"Jardim das Palmeiras","m":"5104104","cx":-54.9138,"cy":-9.9384},"geometry":{"type":"Polygon","coordinates":[[[-54.9112,-9.9378],[-54.9116,-9.9378],[-54.9118,-9.9409],[-54.913,-9.9409],[-54.9129,-9.939],[-54.916,-9.939],[-54.9159,-9.9361],[-54.9111,-9.9363],[-54.9112,-9.9378]]]}},{"type":"Feature","properties":{"c":"b307","b":307,"n":"Ouro Verde","m":"5104104","cx":-54.8963,"cy":-9.9431},"geometry":{"type":"Polygon","coordinates":[[[-54.9009,-9.941],[-54.8915,-9.9411],[-54.8917,-9.9456],[-54.9011,-9.9455],[-54.9009,-9.9451],[-54.901,-9.9433],[-54.9012,-9.9429],[-54.9012,-9.941],[-54.9009,-9.941]]]}},{"type":"Feature","properties":{"c":"b308","b":308,"n":"Parque do Lago","m":"5104104","cx":-54.8966,"cy":-9.9563},"geometry":{"type":"Polygon","coordinates":[[[-54.8943,-9.9548],[-54.8946,-9.958],[-54.8952,-9.9579],[-54.8952,-9.9586],[-54.899,-9.9584],[-54.8987,-9.9548],[-54.8954,-9.9548],[-54.8943,-9.9548]]]}},{"type":"Feature","properties":{"c":"b309","b":309,"n":"Residencial 13 de Maio","m":"5104104","cx":-54.9253,"cy":-9.9497},"geometry":{"type":"Polygon","coordinates":[[[-54.9265,-9.9545],[-54.9265,-9.9535],[-54.9265,-9.9484],[-54.9264,-9.9453],[-54.9237,-9.9454],[-54.9241,-9.951],[-54.9243,-9.9546],[-54.9251,-9.9546],[-54.9265,-9.9545]]]}},{"type":"Feature","properties":{"c":"b310","b":310,"n":"Areião","m":"5104203","cx":-53.7643,"cy":-16.3454},"geometry":{"type":"Polygon","coordinates":[[[-53.7631,-16.3484],[-53.766,-16.3467],[-53.7704,-16.344],[-53.768,-16.3417],[-53.7669,-16.3426],[-53.7653,-16.3413],[-53.7644,-16.3418],[-53.7638,-16.341],[-53.7596,-16.3442],[-53.7631,-16.3484]]]}},{"type":"Feature","properties":{"c":"b311","b":311,"n":"Boa Vista","m":"5104203","cx":-53.7549,"cy":-16.3455},"geometry":{"type":"Polygon","coordinates":[[[-53.7556,-16.3411],[-53.7535,-16.3425],[-53.7529,-16.3419],[-53.7522,-16.3425],[-53.752,-16.3423],[-53.7509,-16.3445],[-53.7509,-16.3451],[-53.7519,-16.3453],[-53.7519,-16.3457],[-53.7545,-16.3482],[-53.7549,-16.3488],[-53.754,-16.3496],[-53.7541,-16.3499],[-53.7559,-16.3486],[-53.7559,-16.3471],[-53.7587,-16.3449],[-53.7556,-16.3411]]]}},{"type":"Feature","properties":{"c":"b312","b":312,"n":"Centro","m":"5104203","cx":-53.7592,"cy":-16.3477},"geometry":{"type":"Polygon","coordinates":[[[-53.7587,-16.3449],[-53.7559,-16.3471],[-53.7559,-16.3486],[-53.7561,-16.3484],[-53.7585,-16.3511],[-53.7631,-16.3484],[-53.7596,-16.3442],[-53.7587,-16.3449]]]}},{"type":"Feature","properties":{"c":"b313","b":313,"n":"Garça Branca ( Cohab Nova )","m":"5104203","cx":-53.7706,"cy":-16.3428},"geometry":{"type":"Polygon","coordinates":[[[-53.7704,-16.344],[-53.7713,-16.3449],[-53.7722,-16.3447],[-53.7725,-16.3429],[-53.7719,-16.3426],[-53.769,-16.3409],[-53.768,-16.3417],[-53.7704,-16.344]]]}},{"type":"Feature","properties":{"c":"b314","b":314,"n":"Jardim Brasil","m":"5104203","cx":-53.7754,"cy":-16.35},"geometry":{"type":"Polygon","coordinates":[[[-53.7729,-16.3514],[-53.7741,-16.3519],[-53.7754,-16.3523],[-53.7762,-16.3511],[-53.782,-16.3489],[-53.7737,-16.3472],[-53.7708,-16.3464],[-53.7693,-16.3473],[-53.7705,-16.3487],[-53.7729,-16.3514]]]}},{"type":"Feature","properties":{"c":"b315","b":315,"n":"Novo Horizonte","m":"5104203","cx":-53.76,"cy":-16.3533},"geometry":{"type":"Polygon","coordinates":[[[-53.7577,-16.355],[-53.7584,-16.3554],[-53.7589,-16.3552],[-53.7596,-16.3546],[-53.761,-16.3554],[-53.7634,-16.3554],[-53.7627,-16.3544],[-53.7617,-16.3532],[-53.7609,-16.3523],[-53.76,-16.3528],[-53.7585,-16.3511],[-53.7577,-16.3516],[-53.7585,-16.3528],[-53.7583,-16.3533],[-53.7577,-16.355]]]}},{"type":"Feature","properties":{"c":"b316","b":316,"n":"Santa Cruz","m":"5104203","cx":-53.7558,"cy":-16.3513},"geometry":{"type":"Polygon","coordinates":[[[-53.7541,-16.3499],[-53.7543,-16.3507],[-53.7529,-16.3519],[-53.7551,-16.3546],[-53.7574,-16.3531],[-53.7583,-16.3533],[-53.7585,-16.3528],[-53.7577,-16.3516],[-53.7585,-16.3511],[-53.7561,-16.3484],[-53.7559,-16.3486],[-53.7541,-16.3499]]]}},{"type":"Feature","properties":{"c":"b317","b":317,"n":"Santa Maria Bertila","m":"5104203","cx":-53.7656,"cy":-16.3493},"geometry":{"type":"Polygon","coordinates":[[[-53.76,-16.3528],[-53.7609,-16.3523],[-53.7617,-16.3532],[-53.7645,-16.3514],[-53.7668,-16.354],[-53.7675,-16.352],[-53.7685,-16.3513],[-53.7679,-16.3505],[-53.7689,-16.35],[-53.7705,-16.3487],[-53.7693,-16.3473],[-53.7708,-16.3464],[-53.7724,-16.3455],[-53.7719,-16.3455],[-53.7713,-16.3449],[-53.7704,-16.344],[-53.766,-16.3467],[-53.7631,-16.3484],[-53.7585,-16.3511],[-53.76,-16.3528]]]}},{"type":"Feature","properties":{"c":"b318","b":318,"n":"Serrano ( Cohab Velha )","m":"5104203","cx":-53.7642,"cy":-16.3536},"geometry":{"type":"Polygon","coordinates":[[[-53.7627,-16.3544],[-53.7634,-16.3554],[-53.7655,-16.3545],[-53.7671,-16.3544],[-53.7668,-16.354],[-53.7645,-16.3514],[-53.7617,-16.3532],[-53.7627,-16.3544]]]}},{"type":"Feature","properties":{"c":"b319","b":319,"n":"São Sebastião","m":"5104203","cx":-53.7592,"cy":-16.3426},"geometry":{"type":"Polygon","coordinates":[[[-53.7635,-16.3406],[-53.7642,-16.3401],[-53.7629,-16.3386],[-53.7622,-16.339],[-53.7614,-16.3381],[-53.7606,-16.3387],[-53.76,-16.3383],[-53.7584,-16.3394],[-53.7589,-16.34],[-53.7576,-16.3405],[-53.7565,-16.3406],[-53.7556,-16.3411],[-53.7587,-16.3449],[-53.7596,-16.3442],[-53.7638,-16.341],[-53.7635,-16.3406]]]}},{"type":"Feature","properties":{"c":"b320","b":320,"n":"Tancredo Neves","m":"5104203","cx":-53.7782,"cy":-16.3436},"geometry":{"type":"Polygon","coordinates":[[[-53.7722,-16.3447],[-53.7713,-16.3449],[-53.7719,-16.3455],[-53.7724,-16.3455],[-53.7843,-16.3473],[-53.7855,-16.3444],[-53.7853,-16.344],[-53.7829,-16.3433],[-53.781,-16.3425],[-53.7801,-16.3424],[-53.7803,-16.3405],[-53.7746,-16.3399],[-53.7728,-16.3399],[-53.7733,-16.3409],[-53.7725,-16.3429],[-53.7722,-16.3447]]]}},{"type":"Feature","properties":{"c":"b321","b":321,"n":"Vila Guanabara","m":"5104203","cx":-53.768,"cy":-16.3382},"geometry":{"type":"Polygon","coordinates":[[[-53.7669,-16.3426],[-53.768,-16.3417],[-53.769,-16.3409],[-53.77,-16.34],[-53.771,-16.337],[-53.7705,-16.3366],[-53.7689,-16.3344],[-53.7659,-16.3326],[-53.7656,-16.336],[-53.7654,-16.3394],[-53.7653,-16.3413],[-53.7669,-16.3426]]]}},{"type":"Feature","properties":{"c":"b322","b":322,"n":"Zaidem ( Aeroporto )","m":"5104203","cx":-53.7851,"cy":-16.3374},"geometry":{"type":"Polygon","coordinates":[[[-53.7689,-16.3344],[-53.7705,-16.3366],[-53.771,-16.337],[-53.77,-16.34],[-53.769,-16.3409],[-53.7719,-16.3426],[-53.7725,-16.3429],[-53.7733,-16.3409],[-53.7728,-16.3399],[-53.7746,-16.3399],[-53.7803,-16.3405],[-53.7801,-16.3424],[-53.781,-16.3425],[-53.7829,-16.3433],[-53.7853,-16.344],[-53.7855,-16.3444],[-53.7843,-16.3473],[-53.7724,-16.3455],[-53.7708,-16.3464],[-53.7737,-16.3472],[-53.782,-16.3489],[-53.7762,-16.3511],[-53.7754,-16.3523],[-53.7741,-16.3519],[-53.7741,-16.3521],[-53.7727,-16.3519],[-53.7707,-16.3519],[-53.7689,-16.35],[-53.7679,-16.3505],[-53.7685,-16.3513],[-53.7675,-16.352],[-53.7668,-16.354],[-53.7671,-16.3544],[-53.7679,-16.3543],[-53.7692,-16.3544],[-53.7697,-16.3547],[-53.771,-16.355],[-53.7715,-16.3554],[-53.7723,-16.3556],[-53.7743,-16.3556],[-53.775,-16.3558],[-53.7758,-16.3565],[-53.7772,-16.3568],[-53.778,-16.3568],[-53.7795,-16.3571],[-53.7799,-16.357],[-53.7807,-16.3575],[-53.7819,-16.3577],[-53.7833,-16.3583],[-53.784,-16.3594],[-53.7846,-16.3599],[-53.7856,-16.3612],[-53.7876,-16.3622],[-53.7888,-16.3629],[-53.7891,-16.3629],[-53.7913,-16.3632],[-53.7923,-16.3639],[-53.7931,-16.3641],[-53.794,-16.3647],[-53.7966,-16.3662],[-53.7994,-16.365],[-53.8,-16.3651],[-53.7953,-16.3572],[-53.7933,-16.3544],[-53.7984,-16.3535],[-53.7974,-16.3469],[-53.7971,-16.346],[-53.7973,-16.3452],[-53.7971,-16.3442],[-53.7974,-16.3426],[-53.798,-16.3423],[-53.7981,-16.3411],[-53.7983,-16.3408],[-53.798,-16.34],[-53.7985,-16.3391],[-53.7994,-16.3379],[-53.7994,-16.3368],[-53.7988,-16.3362],[-53.7988,-16.3355],[-53.7993,-16.3344],[-53.7992,-16.3335],[-53.7989,-16.3332],[-53.7982,-16.3321],[-53.7977,-16.3323],[-53.7974,-16.3318],[-53.7961,-16.3309],[-53.7927,-16.3304],[-53.7927,-16.3299],[-53.7918,-16.3299],[-53.7906,-16.3295],[-53.7898,-16.3289],[-53.7893,-16.3289],[-53.7881,-16.3285],[-53.7871,-16.3285],[-53.7868,-16.3279],[-53.7852,-16.3271],[-53.7844,-16.3253],[-53.7838,-16.3249],[-53.7828,-16.3246],[-53.7826,-16.3234],[-53.782,-16.3227],[-53.7811,-16.3214],[-53.7807,-16.3212],[-53.7803,-16.3199],[-53.7796,-16.3198],[-53.779,-16.319],[-53.779,-16.3181],[-53.7782,-16.3176],[-53.7775,-16.3166],[-53.7761,-16.3156],[-53.7751,-16.3142],[-53.7747,-16.3141],[-53.7736,-16.3143],[-53.773,-16.3146],[-53.7721,-16.3145],[-53.772,-16.3139],[-53.7715,-16.3137],[-53.7716,-16.3125],[-53.7701,-16.3122],[-53.7702,-16.3112],[-53.769,-16.311],[-53.7684,-16.3115],[-53.7681,-16.3123],[-53.767,-16.3118],[-53.7664,-16.3113],[-53.766,-16.3105],[-53.7653,-16.3104],[-53.7645,-16.309],[-53.764,-16.3088],[-53.7634,-16.3097],[-53.7623,-16.3096],[-53.7621,-16.3105],[-53.7615,-16.3102],[-53.7612,-16.3093],[-53.7601,-16.3094],[-53.7587,-16.3086],[-53.7583,-16.3088],[-53.7581,-16.3094],[-53.7586,-16.3104],[-53.7586,-16.3124],[-53.758,-16.3133],[-53.758,-16.3144],[-53.7575,-16.3147],[-53.7572,-16.3155],[-53.7568,-16.316],[-53.757,-16.3164],[-53.7564,-16.3167],[-53.7576,-16.3171],[-53.7576,-16.3178],[-53.7571,-16.3177],[-53.7572,-16.3182],[-53.7578,-16.3187],[-53.7578,-16.3193],[-53.7573,-16.3202],[-53.7569,-16.3213],[-53.7565,-16.3215],[-53.7542,-16.3218],[-53.7534,-16.3239],[-53.7529,-16.3242],[-53.7528,-16.3254],[-53.7535,-16.3257],[-53.7536,-16.3262],[-53.7546,-16.3269],[-53.7547,-16.3281],[-53.7546,-16.3284],[-53.7547,-16.3294],[-53.7543,-16.3298],[-53.7544,-16.3303],[-53.7538,-16.3312],[-53.7537,-16.3317],[-53.7532,-16.3317],[-53.7525,-16.3325],[-53.7526,-16.3339],[-53.7521,-16.3341],[-53.7519,-16.3346],[-53.7523,-16.336],[-53.7495,-16.3399],[-53.7505,-16.3407],[-53.7528,-16.3385],[-53.7532,-16.3379],[-53.7556,-16.3365],[-53.7567,-16.337],[-53.7576,-16.336],[-53.7579,-16.3354],[-53.7571,-16.3337],[-53.756,-16.3316],[-53.7562,-16.3313],[-53.7578,-16.3321],[-53.7591,-16.3321],[-53.7598,-16.3323],[-53.7626,-16.3321],[-53.7659,-16.3326],[-53.7689,-16.3344]]]}},{"type":"Feature","properties":{"c":"b323","b":323,"n":"Centro","m":"5104559","cx":-55.2452,"cy":-11.0058},"geometry":{"type":"Polygon","coordinates":[[[-55.2472,-11.0036],[-55.2469,-11.0036],[-55.2408,-11.0025],[-55.2424,-11.0081],[-55.2431,-11.0107],[-55.2436,-11.0108],[-55.244,-11.0113],[-55.251,-11.0097],[-55.2472,-11.0036]]]}},{"type":"Feature","properties":{"c":"b324","b":324,"n":"Cidade Alta","m":"5104559","cx":-55.2386,"cy":-11.0093},"geometry":{"type":"Polygon","coordinates":[[[-55.2407,-11.008],[-55.2347,-11.0075],[-55.2342,-11.0105],[-55.2424,-11.0114],[-55.2431,-11.0107],[-55.2424,-11.0081],[-55.2407,-11.008]]]}},{"type":"Feature","properties":{"c":"b325","b":325,"n":"Jardim Vitória","m":"5104559","cx":-55.2381,"cy":-11.0133},"geometry":{"type":"Polygon","coordinates":[[[-55.2418,-11.0146],[-55.2429,-11.0123],[-55.2425,-11.0119],[-55.2424,-11.0114],[-55.2342,-11.0105],[-55.2336,-11.0144],[-55.2411,-11.0155],[-55.2418,-11.0146]]]}},{"type":"Feature","properties":{"c":"b326","b":326,"n":"Recanto dos Pássaros","m":"5104559","cx":-55.2509,"cy":-11.0135},"geometry":{"type":"Polygon","coordinates":[[[-55.244,-11.0113],[-55.2436,-11.0108],[-55.2431,-11.0107],[-55.2424,-11.0114],[-55.2425,-11.0119],[-55.2429,-11.0123],[-55.2418,-11.0146],[-55.2411,-11.0155],[-55.2435,-11.0159],[-55.2442,-11.0151],[-55.2456,-11.0141],[-55.2468,-11.013],[-55.248,-11.0129],[-55.2501,-11.0164],[-55.2506,-11.017],[-55.2511,-11.0169],[-55.2513,-11.0163],[-55.2522,-11.0154],[-55.2537,-11.0151],[-55.2542,-11.0148],[-55.251,-11.0097],[-55.244,-11.0113]]]}},{"type":"Feature","properties":{"c":"b327","b":327,"n":"Sol Nascente","m":"5104559","cx":-55.2383,"cy":-11.005},"geometry":{"type":"Polygon","coordinates":[[[-55.2397,-11.0023],[-55.2379,-11.0021],[-55.2356,-11.0016],[-55.2347,-11.0075],[-55.2407,-11.008],[-55.2424,-11.0081],[-55.2408,-11.0025],[-55.2397,-11.0023]]]}},{"type":"Feature","properties":{"c":"b328","b":328,"n":"Cidade Alta","m":"5105150","cx":-58.787,"cy":-11.422},"geometry":{"type":"MultiPolygon","coordinates":[[[[-58.7929,-11.4318],[-58.7933,-11.4319],[-58.7936,-11.431],[-58.7929,-11.4304],[-58.7932,-11.4294],[-58.7906,-11.4278],[-58.7844,-11.4241],[-58.7824,-11.4241],[-58.7824,-11.4254],[-58.7844,-11.4289],[-58.7846,-11.4286],[-58.7857,-11.4292],[-58.7851,-11.4301],[-58.7849,-11.431],[-58.7863,-11.4318],[-58.7866,-11.4314],[-58.7879,-11.4322],[-58.7886,-11.431],[-58.7898,-11.4317],[-58.7919,-11.4318],[-58.7926,-11.4322],[-58.7929,-11.4318]]],[[[-58.7841,-11.4234],[-58.785,-11.4236],[-58.7886,-11.4258],[-58.7893,-11.4247],[-58.7903,-11.4253],[-58.7896,-11.4264],[-58.7928,-11.4283],[-58.7937,-11.4288],[-58.7941,-11.4282],[-58.7939,-11.4266],[-58.7933,-11.4262],[-58.7929,-11.424],[-58.793,-11.4236],[-58.7943,-11.4214],[-58.7941,-11.4206],[-58.7935,-11.4198],[-58.7927,-11.4195],[-58.7908,-11.4169],[-58.7883,-11.4155],[-58.7864,-11.415],[-58.7855,-11.4149],[-58.779,-11.4147],[-58.7792,-11.417],[-58.7799,-11.4205],[-58.7801,-11.4226],[-58.7803,-11.4232],[-58.7841,-11.4234]]]]}},{"type":"Feature","properties":{"c":"b329","b":329,"n":"Módulo 05","m":"5105150","cx":-58.7743,"cy":-11.4282},"geometry":{"type":"MultiPolygon","coordinates":[[[[-58.7736,-11.4241],[-58.7711,-11.424],[-58.7677,-11.4204],[-58.7671,-11.4203],[-58.7682,-11.4215],[-58.768,-11.4262],[-58.7681,-11.4265],[-58.7688,-11.4271],[-58.7694,-11.4279],[-58.7694,-11.4307],[-58.7689,-11.4316],[-58.7729,-11.434],[-58.7734,-11.4345],[-58.776,-11.4361],[-58.7761,-11.432],[-58.7768,-11.4305],[-58.779,-11.4286],[-58.7793,-11.4277],[-58.7794,-11.4239],[-58.7742,-11.4238],[-58.7736,-11.4241]]],[[[-58.7789,-11.414],[-58.7782,-11.4124],[-58.7776,-11.4087],[-58.776,-11.4084],[-58.7756,-11.4086],[-58.7662,-11.4083],[-58.7661,-11.4091],[-58.7642,-11.409],[-58.7644,-11.4103],[-58.765,-11.4124],[-58.7657,-11.4156],[-58.7679,-11.4157],[-58.7733,-11.4158],[-58.7731,-11.4227],[-58.7741,-11.4231],[-58.7756,-11.4231],[-58.7803,-11.4232],[-58.7801,-11.4226],[-58.7799,-11.4205],[-58.7792,-11.417],[-58.779,-11.4147],[-58.7789,-11.414]]]]}},{"type":"Feature","properties":{"c":"b330","b":330,"n":"Padre Duílio","m":"5105150","cx":-58.7638,"cy":-11.4478},"geometry":{"type":"Polygon","coordinates":[[[-58.7583,-11.4475],[-58.7618,-11.4522],[-58.7652,-11.4497],[-58.7682,-11.4534],[-58.7716,-11.4509],[-58.7694,-11.4482],[-58.7648,-11.4425],[-58.7583,-11.4475]]]}},{"type":"Feature","properties":{"c":"b331","b":331,"n":"Palmiteira","m":"5105150","cx":-58.7527,"cy":-11.4349},"geometry":{"type":"Polygon","coordinates":[[[-58.7558,-11.4324],[-58.7555,-11.4317],[-58.7558,-11.431],[-58.7544,-11.4302],[-58.7509,-11.4327],[-58.7501,-11.4331],[-58.7489,-11.4341],[-58.7485,-11.4346],[-58.7492,-11.4353],[-58.7519,-11.4389],[-58.7537,-11.4413],[-58.7542,-11.4419],[-58.7553,-11.4412],[-58.7558,-11.4411],[-58.7593,-11.4384],[-58.7607,-11.4373],[-58.7617,-11.4366],[-58.7616,-11.4348],[-58.7631,-11.4342],[-58.7635,-11.4334],[-58.7636,-11.4326],[-58.7643,-11.4316],[-58.7643,-11.431],[-58.7632,-11.4303],[-58.7588,-11.4278],[-58.7572,-11.43],[-58.7579,-11.4304],[-58.7583,-11.4317],[-58.7585,-11.4335],[-58.7588,-11.4339],[-58.7572,-11.4351],[-58.7567,-11.4351],[-58.7552,-11.4328],[-58.7558,-11.4324]]]}},{"type":"Feature","properties":{"c":"b332","b":332,"n":"São José Operário","m":"5105150","cx":-58.7455,"cy":-11.4157},"geometry":{"type":"Polygon","coordinates":[[[-58.7472,-11.4131],[-58.7456,-11.4123],[-58.7451,-11.4117],[-58.7437,-11.414],[-58.7409,-11.4123],[-58.7403,-11.4116],[-58.7397,-11.4117],[-58.7396,-11.4126],[-58.7383,-11.4123],[-58.7381,-11.4138],[-58.7403,-11.4144],[-58.7418,-11.4153],[-58.7477,-11.4188],[-58.7502,-11.4204],[-58.7508,-11.4197],[-58.7502,-11.4193],[-58.7504,-11.4188],[-58.7486,-11.4176],[-58.749,-11.4168],[-58.7487,-11.4162],[-58.7468,-11.4136],[-58.7472,-11.4131]]]}},{"type":"Feature","properties":{"c":"b333","b":333,"n":"Alvorada","m":"5105259","cx":-55.9197,"cy":-13.079},"geometry":{"type":"Polygon","coordinates":[[[-55.9158,-13.0819],[-55.923,-13.0889],[-55.9246,-13.0874],[-55.9295,-13.0828],[-55.927,-13.0797],[-55.9257,-13.0784],[-55.9241,-13.0772],[-55.9217,-13.0747],[-55.9189,-13.0722],[-55.9178,-13.0709],[-55.9171,-13.0691],[-55.91,-13.076],[-55.9152,-13.0811],[-55.9158,-13.0819]]]}},{"type":"Feature","properties":{"c":"b334","b":334,"n":"Bandeirantes","m":"5105259","cx":-55.9332,"cy":-13.0603},"geometry":{"type":"Polygon","coordinates":[[[-55.9319,-13.0743],[-55.935,-13.0712],[-55.938,-13.0683],[-55.9391,-13.0671],[-55.9435,-13.0628],[-55.9445,-13.0613],[-55.9414,-13.0593],[-55.9402,-13.0582],[-55.9365,-13.0537],[-55.9317,-13.0475],[-55.9317,-13.0469],[-55.9312,-13.0468],[-55.931,-13.0475],[-55.9283,-13.0521],[-55.9216,-13.0632],[-55.9212,-13.0635],[-55.9196,-13.0623],[-55.9268,-13.0694],[-55.9319,-13.0743]]]}},{"type":"Feature","properties":{"c":"b335","b":335,"n":"Centro","m":"5105259","cx":-55.9203,"cy":-13.0673},"geometry":{"type":"Polygon","coordinates":[[[-55.9172,-13.0599],[-55.9137,-13.0634],[-55.9126,-13.0644],[-55.9143,-13.066],[-55.9157,-13.0667],[-55.9161,-13.0678],[-55.9171,-13.0691],[-55.9178,-13.0709],[-55.9189,-13.0722],[-55.9217,-13.0747],[-55.9232,-13.0732],[-55.9267,-13.0697],[-55.9268,-13.0694],[-55.9196,-13.0623],[-55.9172,-13.0599]]]}},{"type":"Feature","properties":{"c":"b336","b":336,"n":"Cerrado","m":"5105259","cx":-55.9099,"cy":-13.0918},"geometry":{"type":"Polygon","coordinates":[[[-55.9055,-13.0903],[-55.9054,-13.0904],[-55.9066,-13.0916],[-55.9073,-13.0926],[-55.9097,-13.0953],[-55.9131,-13.0919],[-55.9132,-13.0919],[-55.9096,-13.0883],[-55.9055,-13.0903]]]}},{"type":"Feature","properties":{"c":"b337","b":337,"n":"Cidade Nova","m":"5105259","cx":-55.9112,"cy":-13.067},"geometry":{"type":"Polygon","coordinates":[[[-55.91,-13.076],[-55.9171,-13.0691],[-55.9161,-13.0678],[-55.9157,-13.0667],[-55.9143,-13.066],[-55.9126,-13.0644],[-55.9095,-13.0616],[-55.907,-13.0595],[-55.905,-13.0584],[-55.9037,-13.0606],[-55.9084,-13.0652],[-55.9062,-13.0674],[-55.9072,-13.0683],[-55.9047,-13.0707],[-55.91,-13.076]]]}},{"type":"Feature","properties":{"c":"b338","b":338,"n":"Industrial","m":"5105259","cx":-55.9196,"cy":-13.0561},"geometry":{"type":"Polygon","coordinates":[[[-55.9112,-13.0491],[-55.9094,-13.0521],[-55.9095,-13.0523],[-55.9172,-13.0599],[-55.9196,-13.0623],[-55.9212,-13.0635],[-55.9216,-13.0632],[-55.9283,-13.0521],[-55.9265,-13.0504],[-55.9224,-13.0463],[-55.9225,-13.0462],[-55.9213,-13.0449],[-55.9189,-13.0473],[-55.9193,-13.0477],[-55.9185,-13.0485],[-55.9136,-13.0436],[-55.9112,-13.0491]]]}},{"type":"Feature","properties":{"c":"b339","b":339,"n":"Jaime Seiti Fujii","m":"5105259","cx":-55.9136,"cy":-13.1096},"geometry":{"type":"Polygon","coordinates":[[[-55.9087,-13.1075],[-55.9104,-13.1092],[-55.9082,-13.1113],[-55.9091,-13.113],[-55.9147,-13.1134],[-55.9185,-13.1138],[-55.9225,-13.114],[-55.9211,-13.1127],[-55.9202,-13.1124],[-55.9177,-13.11],[-55.9137,-13.1061],[-55.9122,-13.1075],[-55.9105,-13.1058],[-55.9087,-13.1075]]]}},{"type":"Feature","properties":{"c":"b340","b":340,"n":"Jardim Amazônia","m":"5105259","cx":-55.8994,"cy":-13.0881},"geometry":{"type":"Polygon","coordinates":[[[-55.9049,-13.0837],[-55.902,-13.0851],[-55.8954,-13.0878],[-55.8956,-13.0911],[-55.8974,-13.0913],[-55.8976,-13.0919],[-55.9,-13.0929],[-55.9007,-13.0925],[-55.9016,-13.0921],[-55.8999,-13.0904],[-55.903,-13.0888],[-55.9028,-13.0884],[-55.9074,-13.0861],[-55.9049,-13.0837]]]}},{"type":"Feature","properties":{"c":"b341","b":341,"n":"Jardim Imperial","m":"5105259","cx":-55.9043,"cy":-13.0895},"geometry":{"type":"Polygon","coordinates":[[[-55.9096,-13.0883],[-55.9087,-13.0874],[-55.9074,-13.0861],[-55.9028,-13.0884],[-55.903,-13.0888],[-55.8999,-13.0904],[-55.9016,-13.0921],[-55.9052,-13.0903],[-55.9055,-13.0903],[-55.9096,-13.0883]]]}},{"type":"Feature","properties":{"c":"b342","b":342,"n":"Jardim Palmeiras","m":"5105259","cx":-55.9094,"cy":-13.0816},"geometry":{"type":"Polygon","coordinates":[[[-55.91,-13.076],[-55.9094,-13.0765],[-55.9095,-13.0777],[-55.909,-13.0781],[-55.908,-13.0779],[-55.9036,-13.0822],[-55.9049,-13.0837],[-55.9074,-13.0861],[-55.9087,-13.0874],[-55.9152,-13.0811],[-55.91,-13.076]]]}},{"type":"Feature","properties":{"c":"b343","b":343,"n":"Jardim Primavera","m":"5105259","cx":-55.8984,"cy":-13.0796},"geometry":{"type":"Polygon","coordinates":[[[-55.9036,-13.0822],[-55.9034,-13.0821],[-55.8982,-13.077],[-55.8981,-13.0771],[-55.8962,-13.0753],[-55.8956,-13.0839],[-55.8954,-13.0878],[-55.902,-13.0851],[-55.9049,-13.0837],[-55.9036,-13.0822]]]}},{"type":"Feature","properties":{"c":"b344","b":344,"n":"Menino Deus","m":"5105259","cx":-55.9301,"cy":-13.0778},"geometry":{"type":"Polygon","coordinates":[[[-55.9267,-13.0697],[-55.9232,-13.0732],[-55.9217,-13.0747],[-55.9241,-13.0772],[-55.9257,-13.0784],[-55.927,-13.0797],[-55.9295,-13.0828],[-55.9317,-13.0854],[-55.9329,-13.0869],[-55.9357,-13.0854],[-55.9397,-13.0831],[-55.9401,-13.0826],[-55.9392,-13.0816],[-55.9319,-13.0743],[-55.9268,-13.0694],[-55.9267,-13.0697]]]}},{"type":"Feature","properties":{"c":"b345","b":345,"n":"Parque das Américas","m":"5105259","cx":-55.9088,"cy":-13.1043},"geometry":{"type":"Polygon","coordinates":[[[-55.9137,-13.1027],[-55.9127,-13.1024],[-55.9097,-13.1002],[-55.9089,-13.0993],[-55.9056,-13.0984],[-55.906,-13.0996],[-55.9055,-13.1008],[-55.905,-13.1004],[-55.8992,-13.0989],[-55.9029,-13.1048],[-55.9062,-13.1016],[-55.907,-13.1024],[-55.9053,-13.1041],[-55.9057,-13.1045],[-55.9039,-13.1063],[-55.9053,-13.1085],[-55.9054,-13.1095],[-55.906,-13.1102],[-55.9087,-13.1075],[-55.9105,-13.1058],[-55.9137,-13.1027]]]}},{"type":"Feature","properties":{"c":"b346","b":346,"n":"Parque das Araras","m":"5105259","cx":-55.905,"cy":-13.0939},"geometry":{"type":"Polygon","coordinates":[[[-55.9073,-13.0926],[-55.9066,-13.0916],[-55.9054,-13.0904],[-55.9055,-13.0903],[-55.9052,-13.0903],[-55.9016,-13.0921],[-55.9007,-13.0925],[-55.9032,-13.0973],[-55.9076,-13.0964],[-55.909,-13.0958],[-55.9097,-13.0953],[-55.9073,-13.0926]]]}},{"type":"Feature","properties":{"c":"b347","b":347,"n":"Parque das Emas","m":"5105259","cx":-55.9428,"cy":-13.0727},"geometry":{"type":"Polygon","coordinates":[[[-55.9392,-13.0816],[-55.9401,-13.0826],[-55.9409,-13.0838],[-55.947,-13.0778],[-55.9547,-13.0703],[-55.9552,-13.0703],[-55.9552,-13.0699],[-55.9548,-13.0698],[-55.9536,-13.0682],[-55.9515,-13.066],[-55.949,-13.0641],[-55.9482,-13.0636],[-55.9481,-13.0638],[-55.9486,-13.0688],[-55.9487,-13.0693],[-55.9481,-13.07],[-55.9429,-13.065],[-55.9447,-13.0614],[-55.9445,-13.0613],[-55.9435,-13.0628],[-55.9391,-13.0671],[-55.938,-13.0683],[-55.935,-13.0712],[-55.9319,-13.0743],[-55.9392,-13.0816]]]}},{"type":"Feature","properties":{"c":"b348","b":348,"n":"Parque dos Buritis","m":"5105259","cx":-55.9258,"cy":-13.0901},"geometry":{"type":"Polygon","coordinates":[[[-55.9198,-13.092],[-55.9191,-13.0918],[-55.9146,-13.0933],[-55.9188,-13.0974],[-55.9192,-13.0974],[-55.9193,-13.0979],[-55.9204,-13.0989],[-55.9249,-13.0945],[-55.9263,-13.0959],[-55.931,-13.0912],[-55.9284,-13.0886],[-55.9317,-13.0854],[-55.9295,-13.0828],[-55.9246,-13.0874],[-55.923,-13.0889],[-55.9198,-13.092]]]}},{"type":"Feature","properties":{"c":"b349","b":349,"n":"Pioneiro","m":"5105259","cx":-55.9123,"cy":-13.0585},"geometry":{"type":"Polygon","coordinates":[[[-55.909,-13.0525],[-55.9074,-13.0538],[-55.907,-13.0546],[-55.9084,-13.056],[-55.9074,-13.0571],[-55.9137,-13.0634],[-55.9172,-13.0599],[-55.9095,-13.0523],[-55.909,-13.0525]]]}},{"type":"Feature","properties":{"c":"b350","b":350,"n":"Rio Verde","m":"5105259","cx":-55.9043,"cy":-13.0762},"geometry":{"type":"Polygon","coordinates":[[[-55.9047,-13.0707],[-55.8982,-13.077],[-55.9034,-13.0821],[-55.9036,-13.0822],[-55.908,-13.0779],[-55.909,-13.0781],[-55.9095,-13.0777],[-55.9094,-13.0765],[-55.91,-13.076],[-55.9047,-13.0707]]]}},{"type":"Feature","properties":{"c":"b351","b":351,"n":"Tessele Junior","m":"5105259","cx":-55.9256,"cy":-13.0455},"geometry":{"type":"Polygon","coordinates":[[[-55.9185,-13.0485],[-55.9193,-13.0477],[-55.9189,-13.0473],[-55.9213,-13.0449],[-55.9225,-13.0462],[-55.9224,-13.0463],[-55.9265,-13.0504],[-55.9283,-13.0521],[-55.931,-13.0475],[-55.9312,-13.0468],[-55.9309,-13.0467],[-55.9263,-13.0433],[-55.9254,-13.0428],[-55.9219,-13.0411],[-55.9206,-13.0407],[-55.9179,-13.0402],[-55.9172,-13.0403],[-55.9157,-13.0407],[-55.9148,-13.0414],[-55.9139,-13.0428],[-55.9136,-13.0436],[-55.9185,-13.0485]]]}},{"type":"Feature","properties":{"c":"b352","b":352,"n":"Veneza","m":"5105259","cx":-55.9151,"cy":-13.0846},"geometry":{"type":"Polygon","coordinates":[[[-55.9158,-13.0819],[-55.9152,-13.0811],[-55.9087,-13.0874],[-55.9096,-13.0883],[-55.9132,-13.0919],[-55.9146,-13.0933],[-55.9191,-13.0918],[-55.9198,-13.092],[-55.923,-13.0889],[-55.9158,-13.0819]]]}},{"type":"Feature","properties":{"c":"b353","b":353,"n":"Aeroporto","m":"5105903","cx":-56.3345,"cy":-14.7113},"geometry":{"type":"Polygon","coordinates":[[[-56.3354,-14.7157],[-56.3358,-14.7144],[-56.3366,-14.7143],[-56.3367,-14.7147],[-56.3362,-14.7151],[-56.3371,-14.7158],[-56.3377,-14.7153],[-56.3376,-14.7141],[-56.337,-14.7132],[-56.3349,-14.7095],[-56.3354,-14.7093],[-56.3353,-14.7089],[-56.3366,-14.7084],[-56.3362,-14.7072],[-56.3344,-14.7078],[-56.3333,-14.7046],[-56.3314,-14.7067],[-56.3345,-14.7157],[-56.3354,-14.7157]]]}},{"type":"Feature","properties":{"c":"b354","b":354,"n":"Centro","m":"5105903","cx":-56.3356,"cy":-14.7207},"geometry":{"type":"Polygon","coordinates":[[[-56.3379,-14.7167],[-56.3371,-14.7158],[-56.3362,-14.7151],[-56.3367,-14.7147],[-56.3366,-14.7143],[-56.3358,-14.7144],[-56.3354,-14.7157],[-56.3345,-14.7157],[-56.3339,-14.7161],[-56.3339,-14.7169],[-56.3335,-14.7172],[-56.332,-14.7167],[-56.3309,-14.7157],[-56.3314,-14.7152],[-56.3311,-14.7146],[-56.3306,-14.7144],[-56.3299,-14.7159],[-56.3295,-14.7166],[-56.3286,-14.717],[-56.3281,-14.7168],[-56.3273,-14.7166],[-56.3276,-14.716],[-56.3274,-14.7156],[-56.3266,-14.7158],[-56.3259,-14.7164],[-56.3255,-14.7174],[-56.3262,-14.7175],[-56.3293,-14.7194],[-56.3337,-14.7221],[-56.3373,-14.7243],[-56.3375,-14.7246],[-56.34,-14.7236],[-56.3409,-14.7237],[-56.3379,-14.7167]]]}},{"type":"Feature","properties":{"c":"b355","b":355,"n":"Jardim Carolina","m":"5105903","cx":-56.3353,"cy":-14.728},"geometry":{"type":"Polygon","coordinates":[[[-56.3312,-14.727],[-56.327,-14.7287],[-56.3273,-14.7294],[-56.3304,-14.7282],[-56.3305,-14.7283],[-56.3317,-14.7278],[-56.3325,-14.7287],[-56.3321,-14.7295],[-56.3328,-14.7298],[-56.3338,-14.7305],[-56.3341,-14.7311],[-56.3336,-14.7313],[-56.3337,-14.7317],[-56.3366,-14.7303],[-56.3391,-14.7295],[-56.3378,-14.7252],[-56.3375,-14.7246],[-56.3312,-14.727]]]}},{"type":"Feature","properties":{"c":"b356","b":356,"n":"Jardim Glória","m":"5105903","cx":-56.3312,"cy":-14.7129},"geometry":{"type":"Polygon","coordinates":[[[-56.3286,-14.717],[-56.3295,-14.7166],[-56.3299,-14.7159],[-56.3306,-14.7144],[-56.3311,-14.7146],[-56.3314,-14.7152],[-56.3309,-14.7157],[-56.332,-14.7167],[-56.3335,-14.7172],[-56.3339,-14.7169],[-56.3339,-14.7161],[-56.3345,-14.7157],[-56.3314,-14.7067],[-56.3313,-14.7063],[-56.3297,-14.7073],[-56.3296,-14.7087],[-56.329,-14.7115],[-56.3281,-14.7168],[-56.3286,-14.717]]]}},{"type":"Feature","properties":{"c":"b357","b":357,"n":"Jardim Paraná","m":"5105903","cx":-56.3413,"cy":-14.7262},"geometry":{"type":"Polygon","coordinates":[[[-56.3393,-14.7301],[-56.3426,-14.729],[-56.3439,-14.7283],[-56.3437,-14.7277],[-56.3454,-14.7273],[-56.3435,-14.725],[-56.3427,-14.7238],[-56.3409,-14.7237],[-56.34,-14.7236],[-56.3375,-14.7246],[-56.3378,-14.7252],[-56.3391,-14.7295],[-56.3393,-14.7301]]]}},{"type":"Feature","properties":{"c":"b358","b":358,"n":"Jardim Petrópolis","m":"5105903","cx":-56.3123,"cy":-14.7192},"geometry":{"type":"Polygon","coordinates":[[[-56.3152,-14.7202],[-56.3178,-14.7197],[-56.3184,-14.717],[-56.3196,-14.7166],[-56.3212,-14.7164],[-56.3231,-14.7151],[-56.3236,-14.7141],[-56.3149,-14.7167],[-56.3091,-14.7184],[-56.3082,-14.7187],[-56.3049,-14.7198],[-56.3045,-14.7198],[-56.3044,-14.7235],[-56.3066,-14.7226],[-56.312,-14.7209],[-56.3129,-14.7207],[-56.3152,-14.7202]]]}},{"type":"Feature","properties":{"c":"b359","b":359,"n":"Ponte de Ferro","m":"5105903","cx":-56.3245,"cy":-14.7233},"geometry":{"type":"Polygon","coordinates":[[[-56.3262,-14.7175],[-56.3255,-14.7174],[-56.325,-14.7181],[-56.3246,-14.7182],[-56.3234,-14.7179],[-56.323,-14.718],[-56.3227,-14.7185],[-56.3229,-14.7202],[-56.3227,-14.7207],[-56.3223,-14.721],[-56.3239,-14.7256],[-56.3292,-14.7194],[-56.3293,-14.7194],[-56.3262,-14.7175]]]}},{"type":"Feature","properties":{"c":"b360","b":360,"n":"Residencial Pôr do Sol","m":"5105903","cx":-56.3125,"cy":-14.7234},"geometry":{"type":"Polygon","coordinates":[[[-56.3099,-14.7268],[-56.312,-14.7262],[-56.3152,-14.7202],[-56.3129,-14.7207],[-56.3099,-14.7268]]]}},{"type":"Feature","properties":{"c":"b361","b":361,"n":"Serragem","m":"5105903","cx":-56.3266,"cy":-14.7126},"geometry":{"type":"Polygon","coordinates":[[[-56.3246,-14.7182],[-56.325,-14.7181],[-56.3255,-14.7174],[-56.3259,-14.7164],[-56.3266,-14.7158],[-56.3274,-14.7156],[-56.3276,-14.716],[-56.3273,-14.7166],[-56.3281,-14.7168],[-56.329,-14.7115],[-56.3296,-14.7087],[-56.3297,-14.7073],[-56.3282,-14.7078],[-56.328,-14.7092],[-56.3276,-14.7095],[-56.3268,-14.709],[-56.3266,-14.7097],[-56.3259,-14.7106],[-56.3243,-14.7117],[-56.3242,-14.7122],[-56.3245,-14.713],[-56.3254,-14.713],[-56.3252,-14.7138],[-56.3242,-14.7138],[-56.3243,-14.7145],[-56.3255,-14.7155],[-56.3256,-14.7158],[-56.3245,-14.7168],[-56.3243,-14.7173],[-56.3234,-14.7179],[-56.3246,-14.7182]]]}},{"type":"Feature","properties":{"c":"b362","b":362,"n":"São José","m":"5105903","cx":-56.3311,"cy":-14.7244},"geometry":{"type":"Polygon","coordinates":[[[-56.3373,-14.7243],[-56.3337,-14.7221],[-56.3293,-14.7194],[-56.3292,-14.7194],[-56.3239,-14.7256],[-56.3228,-14.7268],[-56.3245,-14.7274],[-56.3255,-14.7271],[-56.3258,-14.7273],[-56.3267,-14.7297],[-56.3273,-14.7294],[-56.327,-14.7287],[-56.3312,-14.727],[-56.3375,-14.7246],[-56.3373,-14.7243]]]}},{"type":"Feature","properties":{"c":"b363","b":363,"n":"Bandeirantes","m":"5106000","cx":-56.8044,"cy":-14.4578},"geometry":{"type":"Polygon","coordinates":[[[-56.8067,-14.455],[-56.8054,-14.4553],[-56.8054,-14.455],[-56.8042,-14.4553],[-56.8008,-14.4568],[-56.8015,-14.4587],[-56.8041,-14.4585],[-56.8044,-14.4596],[-56.805,-14.4596],[-56.8052,-14.4609],[-56.8089,-14.4605],[-56.8088,-14.46],[-56.8079,-14.4584],[-56.8075,-14.4572],[-56.8072,-14.4561],[-56.8073,-14.4552],[-56.8067,-14.455]]]}},{"type":"Feature","properties":{"c":"b364","b":364,"n":"Centro","m":"5106000","cx":-56.8028,"cy":-14.4535},"geometry":{"type":"Polygon","coordinates":[[[-56.8075,-14.4545],[-56.8069,-14.4541],[-56.8061,-14.453],[-56.8074,-14.4527],[-56.8069,-14.4509],[-56.8049,-14.4513],[-56.8036,-14.4514],[-56.8018,-14.452],[-56.7988,-14.4522],[-56.7994,-14.455],[-56.7998,-14.4561],[-56.8004,-14.4559],[-56.8008,-14.4568],[-56.8042,-14.4553],[-56.8054,-14.455],[-56.8054,-14.4553],[-56.8067,-14.455],[-56.8073,-14.4552],[-56.8075,-14.4545]]]}},{"type":"Feature","properties":{"c":"b365","b":365,"n":"Joaquim da Silva","m":"5106000","cx":-56.7958,"cy":-14.453},"geometry":{"type":"Polygon","coordinates":[[[-56.796,-14.4472],[-56.7939,-14.4478],[-56.7937,-14.4476],[-56.792,-14.4493],[-56.7926,-14.4501],[-56.7932,-14.4506],[-56.7928,-14.4516],[-56.7924,-14.4538],[-56.7934,-14.4542],[-56.7936,-14.4557],[-56.7943,-14.4555],[-56.7949,-14.4558],[-56.7948,-14.4567],[-56.7951,-14.4573],[-56.796,-14.4576],[-56.7972,-14.4572],[-56.7991,-14.4563],[-56.7998,-14.4577],[-56.7996,-14.4582],[-56.7987,-14.4591],[-56.8015,-14.4587],[-56.8008,-14.4568],[-56.8004,-14.4559],[-56.7998,-14.4561],[-56.7994,-14.455],[-56.7988,-14.4522],[-56.7971,-14.4523],[-56.7965,-14.4495],[-56.796,-14.4472]]]}},{"type":"Feature","properties":{"c":"b366","b":366,"n":"Novo Horizonte","m":"5106000","cx":-56.8017,"cy":-14.4502},"geometry":{"type":"Polygon","coordinates":[[[-56.8065,-14.4492],[-56.8064,-14.4482],[-56.8008,-14.4489],[-56.7992,-14.4492],[-56.7965,-14.4495],[-56.7971,-14.4523],[-56.7988,-14.4522],[-56.8018,-14.452],[-56.8036,-14.4514],[-56.8049,-14.4513],[-56.8069,-14.4509],[-56.8065,-14.4492]]]}},{"type":"Feature","properties":{"c":"b367","b":367,"n":"Santo Antônio","m":"5106000","cx":-56.7981,"cy":-14.448},"geometry":{"type":"Polygon","coordinates":[[[-56.7962,-14.446],[-56.7957,-14.4461],[-56.796,-14.4472],[-56.7965,-14.4495],[-56.7992,-14.4492],[-56.8008,-14.4489],[-56.7984,-14.4463],[-56.7962,-14.446]]]}},{"type":"Feature","properties":{"c":"b368","b":368,"n":"Tapirapuã","m":"5106000","cx":-56.7966,"cy":-14.4452},"geometry":{"type":"Polygon","coordinates":[[[-56.7939,-14.4478],[-56.796,-14.4472],[-56.7957,-14.4461],[-56.7962,-14.446],[-56.7984,-14.4463],[-56.7974,-14.4444],[-56.7969,-14.444],[-56.7932,-14.447],[-56.7937,-14.4476],[-56.7939,-14.4478]]]}},{"type":"Feature","properties":{"c":"b369","b":369,"n":"da Ponte","m":"5106000","cx":-56.8105,"cy":-14.45},"geometry":{"type":"Polygon","coordinates":[[[-56.8074,-14.4527],[-56.8061,-14.453],[-56.8069,-14.4541],[-56.8075,-14.4545],[-56.8081,-14.4539],[-56.8095,-14.4538],[-56.8114,-14.4546],[-56.8125,-14.4546],[-56.8133,-14.4544],[-56.8143,-14.4539],[-56.8146,-14.4533],[-56.8148,-14.4523],[-56.8147,-14.4515],[-56.814,-14.4491],[-56.8138,-14.4476],[-56.814,-14.4465],[-56.8143,-14.4458],[-56.8124,-14.446],[-56.8092,-14.4466],[-56.8088,-14.4463],[-56.8089,-14.4456],[-56.807,-14.4459],[-56.8067,-14.4462],[-56.8073,-14.4481],[-56.8064,-14.4482],[-56.8065,-14.4492],[-56.8069,-14.4509],[-56.8074,-14.4527]]]}},{"type":"Feature","properties":{"c":"b370","b":370,"n":"Acácias","m":"5106224","cx":-56.0983,"cy":-13.8283},"geometry":{"type":"Polygon","coordinates":[[[-56.0964,-13.8264],[-56.0983,-13.8311],[-56.1002,-13.8303],[-56.0983,-13.8257],[-56.0972,-13.8261],[-56.0964,-13.8264]]]}},{"type":"Feature","properties":{"c":"b371","b":371,"n":"Alto da Colina","m":"5106224","cx":-56.0892,"cy":-13.832},"geometry":{"type":"Polygon","coordinates":[[[-56.0927,-13.8332],[-56.0909,-13.8288],[-56.0875,-13.8301],[-56.0857,-13.8309],[-56.0874,-13.8352],[-56.0875,-13.8352],[-56.0908,-13.8339],[-56.0927,-13.8332]]]}},{"type":"Feature","properties":{"c":"b372","b":372,"n":"Arara Azul","m":"5106224","cx":-56.0971,"cy":-13.8391},"geometry":{"type":"Polygon","coordinates":[[[-56.0962,-13.8367],[-56.0944,-13.8374],[-56.0943,-13.8375],[-56.0961,-13.842],[-56.0962,-13.8421],[-56.0999,-13.8407],[-56.098,-13.836],[-56.0978,-13.8361],[-56.0962,-13.8367]]]}},{"type":"Feature","properties":{"c":"b373","b":373,"n":"Beija Flor","m":"5106224","cx":-56.0926,"cy":-13.8356},"geometry":{"type":"Polygon","coordinates":[[[-56.0925,-13.8381],[-56.0943,-13.8375],[-56.0944,-13.8374],[-56.0927,-13.8332],[-56.0908,-13.8339],[-56.0925,-13.8381]]]}},{"type":"Feature","properties":{"c":"b374","b":374,"n":"Bela Vista","m":"5106224","cx":-56.093,"cy":-13.8214},"geometry":{"type":"Polygon","coordinates":[[[-56.0972,-13.8261],[-56.0955,-13.8218],[-56.0939,-13.8178],[-56.0941,-13.8177],[-56.0932,-13.8152],[-56.0908,-13.8161],[-56.0885,-13.817],[-56.0903,-13.8215],[-56.0906,-13.8214],[-56.0931,-13.8277],[-56.0964,-13.8264],[-56.0972,-13.8261]]]}},{"type":"Feature","properties":{"c":"b375","b":375,"n":"Buritis","m":"5106224","cx":-56.094,"cy":-13.8402},"geometry":{"type":"Polygon","coordinates":[[[-56.0919,-13.8384],[-56.0937,-13.8429],[-56.0961,-13.842],[-56.0943,-13.8375],[-56.0925,-13.8381],[-56.0919,-13.8384]]]}},{"type":"Feature","properties":{"c":"b376","b":376,"n":"Centro","m":"5106224","cx":-56.084,"cy":-13.8215},"geometry":{"type":"MultiPolygon","coordinates":[[[[-56.0871,-13.8195],[-56.0858,-13.819],[-56.0853,-13.8182],[-56.0854,-13.8173],[-56.0845,-13.8167],[-56.0842,-13.818],[-56.0839,-13.8181],[-56.0832,-13.8166],[-56.0844,-13.8161],[-56.0839,-13.8157],[-56.0835,-13.8147],[-56.0831,-13.8143],[-56.0824,-13.8145],[-56.0816,-13.8125],[-56.0785,-13.8137],[-56.0793,-13.8157],[-56.0804,-13.8153],[-56.0821,-13.8195],[-56.0822,-13.8198],[-56.0798,-13.8207],[-56.083,-13.8286],[-56.0842,-13.8314],[-56.0857,-13.8309],[-56.0875,-13.8301],[-56.0858,-13.8259],[-56.0849,-13.8236],[-56.0882,-13.8223],[-56.0871,-13.8195]]],[[[-56.0783,-13.8134],[-56.0767,-13.8095],[-56.0754,-13.8099],[-56.0772,-13.8142],[-56.0785,-13.8137],[-56.0783,-13.8134]]]]}},{"type":"Feature","properties":{"c":"b377","b":377,"n":"Colina II","m":"5106224","cx":-56.0946,"cy":-13.8299},"geometry":{"type":"MultiPolygon","coordinates":[[[[-56.0931,-13.8277],[-56.0932,-13.8279],[-56.0909,-13.8288],[-56.0927,-13.8332],[-56.0944,-13.8325],[-56.0961,-13.8319],[-56.0983,-13.8311],[-56.0964,-13.8264],[-56.0931,-13.8277]]],[[[-56.0791,-13.8253],[-56.0802,-13.8279],[-56.0808,-13.8294],[-56.083,-13.8286],[-56.0798,-13.8207],[-56.0778,-13.8215],[-56.0776,-13.8217],[-56.0791,-13.8253]]]]}},{"type":"Feature","properties":{"c":"b378","b":378,"n":"Esplanda do Sol","m":"5106224","cx":-56.0873,"cy":-13.8371},"geometry":{"type":"Polygon","coordinates":[[[-56.0858,-13.8358],[-56.0869,-13.8384],[-56.0875,-13.8401],[-56.0892,-13.8394],[-56.0875,-13.8352],[-56.0874,-13.8352],[-56.0858,-13.8358]]]}},{"type":"Feature","properties":{"c":"b379","b":379,"n":"Flamboyant","m":"5106224","cx":-56.1002,"cy":-13.8276},"geometry":{"type":"Polygon","coordinates":[[[-56.1002,-13.8303],[-56.1021,-13.8296],[-56.1002,-13.825],[-56.0983,-13.8257],[-56.1002,-13.8303]]]}},{"type":"Feature","properties":{"c":"b380","b":380,"n":"Flor do Cerrado","m":"5106224","cx":-56.0743,"cy":-13.8004},"geometry":{"type":"Polygon","coordinates":[[[-56.0748,-13.8048],[-56.0771,-13.804],[-56.0739,-13.7961],[-56.0716,-13.7969],[-56.0748,-13.8048]]]}},{"type":"Feature","properties":{"c":"b381","b":381,"n":"Hilda Strenger Ribeiro","m":"5106224","cx":-56.0816,"cy":-13.8451},"geometry":{"type":"Polygon","coordinates":[[[-56.0836,-13.8422],[-56.079,-13.8428],[-56.0797,-13.8479],[-56.0842,-13.8474],[-56.0836,-13.8422]]]}},{"type":"Feature","properties":{"c":"b382","b":382,"n":"Industrial Norte","m":"5106224","cx":-56.0712,"cy":-13.801},"geometry":{"type":"Polygon","coordinates":[[[-56.0732,-13.8108],[-56.0754,-13.8099],[-56.0767,-13.8095],[-56.0768,-13.8094],[-56.0766,-13.8092],[-56.0754,-13.8063],[-56.0746,-13.8065],[-56.0741,-13.8052],[-56.0748,-13.8048],[-56.0716,-13.7969],[-56.071,-13.7972],[-56.0706,-13.7961],[-56.0677,-13.7972],[-56.0732,-13.8108]]]}},{"type":"Feature","properties":{"c":"b383","b":383,"n":"Industrial Sul","m":"5106224","cx":-56.0844,"cy":-13.8332},"geometry":{"type":"MultiPolygon","coordinates":[[[[-56.0836,-13.8422],[-56.0842,-13.8474],[-56.0848,-13.8518],[-56.0893,-13.85],[-56.0878,-13.8462],[-56.0879,-13.8461],[-56.0869,-13.8434],[-56.0858,-13.8407],[-56.0835,-13.8416],[-56.0836,-13.8422]]],[[[-56.082,-13.8323],[-56.0825,-13.8342],[-56.0833,-13.8398],[-56.0869,-13.8384],[-56.0858,-13.8358],[-56.0874,-13.8352],[-56.0857,-13.8309],[-56.0842,-13.8314],[-56.083,-13.8286],[-56.0808,-13.8294],[-56.082,-13.8323]]]]}},{"type":"Feature","properties":{"c":"b384","b":384,"n":"Ipês","m":"5106224","cx":-56.0999,"cy":-13.8328},"geometry":{"type":"Polygon","coordinates":[[[-56.1002,-13.8303],[-56.0983,-13.8311],[-56.0961,-13.8319],[-56.0978,-13.8361],[-56.098,-13.836],[-56.1038,-13.8338],[-56.1021,-13.8296],[-56.1002,-13.8303]]]}},{"type":"Feature","properties":{"c":"b385","b":385,"n":"Jardim","m":"5106224","cx":-56.0791,"cy":-13.811},"geometry":{"type":"Polygon","coordinates":[[[-56.0798,-13.8082],[-56.0768,-13.8094],[-56.0767,-13.8095],[-56.0783,-13.8134],[-56.0785,-13.8137],[-56.0816,-13.8125],[-56.0798,-13.8082]]]}},{"type":"Feature","properties":{"c":"b386","b":386,"n":"Jardim II","m":"5106224","cx":-56.0772,"cy":-13.8064},"geometry":{"type":"Polygon","coordinates":[[[-56.0748,-13.8048],[-56.0741,-13.8052],[-56.0746,-13.8065],[-56.0754,-13.8063],[-56.0766,-13.8092],[-56.0768,-13.8094],[-56.0798,-13.8082],[-56.0779,-13.8036],[-56.0771,-13.804],[-56.0748,-13.8048]]]}},{"type":"Feature","properties":{"c":"b387","b":387,"n":"Jardim Imperial","m":"5106224","cx":-56.0911,"cy":-13.8413},"geometry":{"type":"Polygon","coordinates":[[[-56.0911,-13.844],[-56.093,-13.8432],[-56.0912,-13.8387],[-56.0892,-13.8394],[-56.0911,-13.844]]]}},{"type":"Feature","properties":{"c":"b388","b":388,"n":"Jardim Primavera","m":"5106224","cx":-56.0911,"cy":-13.8467},"geometry":{"type":"Polygon","coordinates":[[[-56.0911,-13.844],[-56.0892,-13.8447],[-56.0911,-13.8494],[-56.0929,-13.8487],[-56.0911,-13.844]]]}},{"type":"Feature","properties":{"c":"b389","b":389,"n":"Jardim Primavera II","m":"5106224","cx":-56.093,"cy":-13.8459},"geometry":{"type":"Polygon","coordinates":[[[-56.0929,-13.8487],[-56.0949,-13.8479],[-56.093,-13.8432],[-56.0911,-13.844],[-56.0929,-13.8487]]]}},{"type":"Feature","properties":{"c":"b390","b":390,"n":"Jardim das Orquídeas","m":"5106224","cx":-56.0877,"cy":-13.8114},"geometry":{"type":"Polygon","coordinates":[[[-56.0931,-13.8151],[-56.0908,-13.8096],[-56.0899,-13.8072],[-56.0929,-13.8061],[-56.0919,-13.8035],[-56.0887,-13.8048],[-56.0841,-13.8066],[-56.0822,-13.8074],[-56.0847,-13.8137],[-56.0858,-13.8133],[-56.0866,-13.8152],[-56.0876,-13.8148],[-56.0885,-13.817],[-56.0908,-13.8161],[-56.0932,-13.8152],[-56.0931,-13.8151]]]}},{"type":"Feature","properties":{"c":"b391","b":391,"n":"José Aparecido Ribeiro","m":"5106224","cx":-56.0765,"cy":-13.8241},"geometry":{"type":"Polygon","coordinates":[[[-56.0765,-13.822],[-56.0739,-13.823],[-56.0754,-13.8268],[-56.0779,-13.8258],[-56.0789,-13.8284],[-56.0802,-13.8279],[-56.0791,-13.8253],[-56.0776,-13.8217],[-56.0765,-13.822]]]}},{"type":"Feature","properties":{"c":"b392","b":392,"n":"N. Senhora Aparecida","m":"5106224","cx":-56.0883,"cy":-13.826},"geometry":{"type":"Polygon","coordinates":[[[-56.09,-13.8266],[-56.0908,-13.8262],[-56.0905,-13.8254],[-56.0902,-13.8255],[-56.089,-13.8227],[-56.089,-13.822],[-56.0882,-13.8223],[-56.0849,-13.8236],[-56.0858,-13.8259],[-56.0875,-13.8301],[-56.0909,-13.8288],[-56.09,-13.8266]]]}},{"type":"Feature","properties":{"c":"b393","b":393,"n":"Palmeiras","m":"5106224","cx":-56.0715,"cy":-13.7942},"geometry":{"type":"Polygon","coordinates":[[[-56.0706,-13.7961],[-56.071,-13.7972],[-56.0716,-13.7969],[-56.0739,-13.7961],[-56.0727,-13.7931],[-56.067,-13.7953],[-56.0677,-13.7972],[-56.0706,-13.7961]]]}},{"type":"Feature","properties":{"c":"b394","b":394,"n":"Paraíso","m":"5106224","cx":-56.0944,"cy":-13.8349},"geometry":{"type":"Polygon","coordinates":[[[-56.0944,-13.8374],[-56.0962,-13.8367],[-56.0944,-13.8325],[-56.0927,-13.8332],[-56.0944,-13.8374]]]}},{"type":"Feature","properties":{"c":"b395","b":395,"n":"Parque das Águas","m":"5106224","cx":-56.0854,"cy":-13.8399},"geometry":{"type":"Polygon","coordinates":[[[-56.0835,-13.8416],[-56.0858,-13.8407],[-56.0875,-13.8401],[-56.0869,-13.8384],[-56.0833,-13.8398],[-56.0835,-13.8416]]]}},{"type":"Feature","properties":{"c":"b396","b":396,"n":"Parque do Sol","m":"5106224","cx":-56.09,"cy":-13.8366},"geometry":{"type":"Polygon","coordinates":[[[-56.0875,-13.8352],[-56.0892,-13.8394],[-56.0912,-13.8387],[-56.0919,-13.8384],[-56.0925,-13.8381],[-56.0908,-13.8339],[-56.0875,-13.8352]]]}},{"type":"Feature","properties":{"c":"b397","b":397,"n":"Reserva Técnica","m":"5106224","cx":-56.0772,"cy":-13.8174},"geometry":{"type":"Polygon","coordinates":[[[-56.0776,-13.8217],[-56.0778,-13.8215],[-56.0798,-13.8207],[-56.0772,-13.8142],[-56.0754,-13.8099],[-56.0732,-13.8108],[-56.0776,-13.8217]]]}},{"type":"Feature","properties":{"c":"b398","b":398,"n":"Topázio","m":"5106224","cx":-56.0924,"cy":-13.8408},"geometry":{"type":"Polygon","coordinates":[[[-56.093,-13.8432],[-56.0937,-13.8429],[-56.0919,-13.8384],[-56.0912,-13.8387],[-56.093,-13.8432]]]}},{"type":"Feature","properties":{"c":"b399","b":399,"n":"Vitória","m":"5106224","cx":-56.0961,"cy":-13.8343},"geometry":{"type":"Polygon","coordinates":[[[-56.0962,-13.8367],[-56.0978,-13.8361],[-56.0961,-13.8319],[-56.0944,-13.8325],[-56.0962,-13.8367]]]}},{"type":"Feature","properties":{"c":"b400","b":400,"n":"Ágata","m":"5106224","cx":-56.1042,"cy":-13.8417},"geometry":{"type":"Polygon","coordinates":[[[-56.1038,-13.8392],[-56.1019,-13.84],[-56.1037,-13.8445],[-56.1065,-13.8434],[-56.1046,-13.8387],[-56.1037,-13.8391],[-56.1038,-13.8392]]]}},{"type":"Feature","properties":{"c":"b401","b":401,"n":"Boa Esperança","m":"5106232","cx":-57.278,"cy":-14.7853},"geometry":{"type":"Polygon","coordinates":[[[-57.2774,-14.7871],[-57.2793,-14.7857],[-57.2806,-14.7847],[-57.2782,-14.7832],[-57.2758,-14.7849],[-57.2774,-14.7871]]]}},{"type":"Feature","properties":{"c":"b402","b":402,"n":"Centro","m":"5106232","cx":-57.2908,"cy":-14.7838},"geometry":{"type":"Polygon","coordinates":[[[-57.2927,-14.7812],[-57.292,-14.7816],[-57.2909,-14.7802],[-57.2886,-14.7818],[-57.2872,-14.7799],[-57.2874,-14.7808],[-57.2872,-14.7828],[-57.2867,-14.7837],[-57.2886,-14.7864],[-57.2898,-14.7878],[-57.2906,-14.7871],[-57.2949,-14.784],[-57.2927,-14.7812]]]}},{"type":"Feature","properties":{"c":"b403","b":403,"n":"Jardim Castanheira","m":"5106232","cx":-57.2871,"cy":-14.7774},"geometry":{"type":"Polygon","coordinates":[[[-57.2867,-14.7793],[-57.289,-14.7777],[-57.2885,-14.777],[-57.2874,-14.7754],[-57.2851,-14.7771],[-57.2867,-14.7793]]]}},{"type":"Feature","properties":{"c":"b404","b":404,"n":"Jardim Itamarati","m":"5106232","cx":-57.281,"cy":-14.79},"geometry":{"type":"Polygon","coordinates":[[[-57.2835,-14.7887],[-57.2829,-14.7862],[-57.281,-14.7851],[-57.2807,-14.7847],[-57.2793,-14.7857],[-57.2799,-14.7864],[-57.2784,-14.7874],[-57.2797,-14.7892],[-57.2776,-14.7908],[-57.2791,-14.795],[-57.2805,-14.7943],[-57.2814,-14.7935],[-57.283,-14.7927],[-57.2821,-14.7921],[-57.2839,-14.789],[-57.2835,-14.7887]]]}},{"type":"Feature","properties":{"c":"b405","b":405,"n":"Jardim Itamarati II","m":"5106232","cx":-57.278,"cy":-14.7884},"geometry":{"type":"Polygon","coordinates":[[[-57.2776,-14.7908],[-57.2797,-14.7892],[-57.2784,-14.7874],[-57.2779,-14.7877],[-57.2765,-14.7877],[-57.2776,-14.7908]]]}},{"type":"Feature","properties":{"c":"b406","b":406,"n":"Jardim Novo Horizonte","m":"5106232","cx":-57.2833,"cy":-14.7807},"geometry":{"type":"Polygon","coordinates":[[[-57.285,-14.7805],[-57.2857,-14.7809],[-57.2862,-14.7809],[-57.2861,-14.7807],[-57.2847,-14.7788],[-57.2844,-14.7787],[-57.2816,-14.7808],[-57.2832,-14.7829],[-57.2835,-14.7827],[-57.2842,-14.7812],[-57.2847,-14.7815],[-57.285,-14.7805]]]}},{"type":"Feature","properties":{"c":"b407","b":407,"n":"Jardim Ouro Verde","m":"5106232","cx":-57.2801,"cy":-14.7782},"geometry":{"type":"Polygon","coordinates":[[[-57.2742,-14.7805],[-57.2782,-14.7832],[-57.2806,-14.7847],[-57.2807,-14.7847],[-57.281,-14.7851],[-57.2829,-14.7862],[-57.2825,-14.7845],[-57.2826,-14.7844],[-57.283,-14.7831],[-57.2832,-14.7829],[-57.2816,-14.7808],[-57.2844,-14.7787],[-57.2847,-14.7788],[-57.2861,-14.7807],[-57.2862,-14.7809],[-57.2874,-14.7808],[-57.2872,-14.7799],[-57.2867,-14.7793],[-57.2851,-14.7771],[-57.2839,-14.7757],[-57.2818,-14.7729],[-57.2813,-14.7721],[-57.281,-14.7709],[-57.2804,-14.771],[-57.2783,-14.7704],[-57.2776,-14.77],[-57.2768,-14.7723],[-57.2764,-14.7725],[-57.2759,-14.7741],[-57.2746,-14.7777],[-57.2736,-14.7802],[-57.2742,-14.7805]]]}},{"type":"Feature","properties":{"c":"b408","b":408,"n":"Jardim Santa Rosa","m":"5106232","cx":-57.2731,"cy":-14.7813},"geometry":{"type":"Polygon","coordinates":[[[-57.271,-14.7784],[-57.2707,-14.7786],[-57.2705,-14.7809],[-57.2711,-14.7817],[-57.2716,-14.7824],[-57.2721,-14.7821],[-57.2732,-14.7835],[-57.2737,-14.7831],[-57.2742,-14.7839],[-57.275,-14.7839],[-57.2758,-14.7849],[-57.2782,-14.7832],[-57.2742,-14.7805],[-57.2736,-14.7802],[-57.271,-14.7784]]]}},{"type":"Feature","properties":{"c":"b409","b":409,"n":"Jardim Shangri-lá","m":"5106232","cx":-57.289,"cy":-14.78},"geometry":{"type":"Polygon","coordinates":[[[-57.2886,-14.7818],[-57.2909,-14.7802],[-57.2895,-14.7783],[-57.2872,-14.7799],[-57.2886,-14.7818]]]}},{"type":"Feature","properties":{"c":"b410","b":410,"n":"Jardim Soletti","m":"5106232","cx":-57.2881,"cy":-14.7788},"geometry":{"type":"Polygon","coordinates":[[[-57.2872,-14.7799],[-57.2895,-14.7783],[-57.289,-14.7777],[-57.2867,-14.7793],[-57.2872,-14.7799]]]}},{"type":"Feature","properties":{"c":"b411","b":411,"n":"Jardim São João I","m":"5106232","cx":-57.2879,"cy":-14.7737},"geometry":{"type":"Polygon","coordinates":[[[-57.29,-14.7735],[-57.2839,-14.7708],[-57.2863,-14.774],[-57.2839,-14.7757],[-57.2851,-14.7771],[-57.2874,-14.7754],[-57.29,-14.7735]]]}},{"type":"Feature","properties":{"c":"b412","b":412,"n":"Jardim São João II","m":"5106232","cx":-57.2897,"cy":-14.7748},"geometry":{"type":"Polygon","coordinates":[[[-57.2885,-14.777],[-57.2901,-14.7756],[-57.292,-14.7743],[-57.29,-14.7735],[-57.2874,-14.7754],[-57.2885,-14.777]]]}},{"type":"Feature","properties":{"c":"b413","b":413,"n":"Jardim das Oliveiras","m":"5106232","cx":-57.273,"cy":-14.7844},"geometry":{"type":"MultiPolygon","coordinates":[[[[-57.2702,-14.7824],[-57.2707,-14.7854],[-57.2708,-14.7864],[-57.275,-14.7877],[-57.2765,-14.7877],[-57.2779,-14.7877],[-57.2784,-14.7874],[-57.2799,-14.7864],[-57.2793,-14.7857],[-57.2774,-14.7871],[-57.2758,-14.7849],[-57.275,-14.7839],[-57.2742,-14.7839],[-57.2737,-14.7831],[-57.2732,-14.7835],[-57.2721,-14.7821],[-57.2716,-14.7824],[-57.2711,-14.7817],[-57.2702,-14.7824]]],[[[-57.2813,-14.7721],[-57.2818,-14.7729],[-57.2839,-14.7757],[-57.2863,-14.774],[-57.2839,-14.7708],[-57.2825,-14.7702],[-57.281,-14.7709],[-57.2813,-14.7721]]]]}},{"type":"Feature","properties":{"c":"b414","b":414,"n":"Residencial Itamarati","m":"5106232","cx":-57.2842,"cy":-14.7855},"geometry":{"type":"Polygon","coordinates":[[[-57.283,-14.7831],[-57.2826,-14.7844],[-57.2825,-14.7845],[-57.2829,-14.7862],[-57.2835,-14.7887],[-57.2839,-14.789],[-57.285,-14.787],[-57.286,-14.7849],[-57.2867,-14.7837],[-57.2872,-14.7828],[-57.2866,-14.7821],[-57.2847,-14.7815],[-57.2842,-14.7812],[-57.2835,-14.7827],[-57.2832,-14.7829],[-57.283,-14.7831]]]}},{"type":"Feature","properties":{"c":"b415","b":415,"n":"Vila Alvorada","m":"5106232","cx":-57.2939,"cy":-14.7856},"geometry":{"type":"Polygon","coordinates":[[[-57.2914,-14.7881],[-57.293,-14.7869],[-57.2932,-14.7871],[-57.297,-14.7844],[-57.2952,-14.7839],[-57.2949,-14.784],[-57.2906,-14.7871],[-57.2914,-14.7881]]]}},{"type":"Feature","properties":{"c":"b416","b":416,"n":"Vila Lima","m":"5106232","cx":-57.2865,"cy":-14.7818},"geometry":{"type":"Polygon","coordinates":[[[-57.2866,-14.7821],[-57.2872,-14.7828],[-57.2874,-14.7808],[-57.2862,-14.7809],[-57.2857,-14.7809],[-57.285,-14.7805],[-57.2847,-14.7815],[-57.2866,-14.7821]]]}},{"type":"Feature","properties":{"c":"b417","b":417,"n":"Barro Vermelho","m":"5106257","cx":-52.3571,"cy":-14.6842},"geometry":{"type":"Polygon","coordinates":[[[-52.357,-14.681],[-52.3564,-14.6803],[-52.3559,-14.6803],[-52.3533,-14.6822],[-52.354,-14.6832],[-52.3552,-14.6849],[-52.3548,-14.6852],[-52.3566,-14.6876],[-52.3568,-14.6874],[-52.3563,-14.6866],[-52.3589,-14.6846],[-52.3591,-14.6846],[-52.3598,-14.6839],[-52.357,-14.681]]]}},{"type":"Feature","properties":{"c":"b418","b":418,"n":"Boa Vista","m":"5106257","cx":-52.3506,"cy":-14.6726},"geometry":{"type":"Polygon","coordinates":[[[-52.3518,-14.6708],[-52.349,-14.672],[-52.3488,-14.6721],[-52.3486,-14.6748],[-52.3505,-14.6747],[-52.3509,-14.6751],[-52.3524,-14.6738],[-52.3518,-14.6732],[-52.3535,-14.6716],[-52.3528,-14.6705],[-52.3527,-14.6705],[-52.3518,-14.6708]]]}},{"type":"Feature","properties":{"c":"b419","b":419,"n":"Campos Verdes","m":"5106257","cx":-52.3529,"cy":-14.6497},"geometry":{"type":"Polygon","coordinates":[[[-52.3499,-14.6573],[-52.3536,-14.6576],[-52.3543,-14.6502],[-52.3551,-14.6426],[-52.354,-14.6437],[-52.3531,-14.6452],[-52.3525,-14.6455],[-52.3527,-14.647],[-52.352,-14.6477],[-52.3522,-14.6482],[-52.3518,-14.6493],[-52.351,-14.6504],[-52.3493,-14.651],[-52.3484,-14.6512],[-52.3481,-14.6509],[-52.3474,-14.6517],[-52.3466,-14.6518],[-52.3461,-14.6525],[-52.3461,-14.653],[-52.3471,-14.6556],[-52.3462,-14.6571],[-52.3499,-14.6573]]]}},{"type":"Feature","properties":{"c":"b420","b":420,"n":"Central","m":"5106257","cx":-52.3565,"cy":-14.6773},"geometry":{"type":"Polygon","coordinates":[[[-52.3562,-14.68],[-52.3559,-14.6803],[-52.3564,-14.6803],[-52.357,-14.681],[-52.3598,-14.6785],[-52.3592,-14.6778],[-52.3595,-14.6768],[-52.3595,-14.6759],[-52.3593,-14.6759],[-52.3579,-14.6743],[-52.3568,-14.6752],[-52.357,-14.6755],[-52.3558,-14.6765],[-52.3545,-14.675],[-52.3528,-14.6764],[-52.3562,-14.68]]]}},{"type":"Feature","properties":{"c":"b421","b":421,"n":"Centro Comercial","m":"5106257","cx":-52.3558,"cy":-14.6614},"geometry":{"type":"Polygon","coordinates":[[[-52.3586,-14.6677],[-52.3588,-14.6676],[-52.3587,-14.6667],[-52.3584,-14.6636],[-52.3586,-14.6633],[-52.3583,-14.6596],[-52.3581,-14.6579],[-52.3536,-14.6576],[-52.3529,-14.6645],[-52.3527,-14.6674],[-52.3586,-14.6677]]]}},{"type":"Feature","properties":{"c":"b422","b":422,"n":"Centro Oeste","m":"5106257","cx":-52.3518,"cy":-14.6866},"geometry":{"type":"Polygon","coordinates":[[[-52.3548,-14.6852],[-52.3552,-14.6849],[-52.354,-14.6832],[-52.3533,-14.6822],[-52.3495,-14.6849],[-52.3477,-14.6864],[-52.3477,-14.6869],[-52.348,-14.6877],[-52.3516,-14.6909],[-52.3522,-14.6903],[-52.3528,-14.6907],[-52.3532,-14.69],[-52.3551,-14.6888],[-52.3553,-14.6889],[-52.3569,-14.688],[-52.3566,-14.6876],[-52.3548,-14.6852]]]}},{"type":"Feature","properties":{"c":"b423","b":423,"n":"Deus é Amor","m":"5106257","cx":-52.3464,"cy":-14.6756},"geometry":{"type":"Polygon","coordinates":[[[-52.3457,-14.6812],[-52.3489,-14.6783],[-52.3499,-14.6775],[-52.3492,-14.6767],[-52.3495,-14.6763],[-52.3509,-14.6751],[-52.3505,-14.6747],[-52.3486,-14.6748],[-52.3488,-14.6721],[-52.3473,-14.6725],[-52.3445,-14.6712],[-52.3439,-14.6709],[-52.3424,-14.6728],[-52.3413,-14.674],[-52.3419,-14.6746],[-52.3416,-14.6746],[-52.3431,-14.6762],[-52.3428,-14.6763],[-52.345,-14.6788],[-52.3447,-14.679],[-52.3453,-14.6813],[-52.3457,-14.6812]]]}},{"type":"Feature","properties":{"c":"b424","b":424,"n":"Estilac Leal","m":"5106257","cx":-52.3559,"cy":-14.6477},"geometry":{"type":"Polygon","coordinates":[[[-52.3543,-14.6502],[-52.3574,-14.6504],[-52.3569,-14.6452],[-52.3567,-14.6436],[-52.3564,-14.6409],[-52.3551,-14.6426],[-52.3543,-14.6502]]]}},{"type":"Feature","properties":{"c":"b425","b":425,"n":"Flor de Liz","m":"5106257","cx":-52.3611,"cy":-14.6695},"geometry":{"type":"Polygon","coordinates":[[[-52.3588,-14.6676],[-52.3592,-14.6721],[-52.3612,-14.6721],[-52.3625,-14.6717],[-52.3633,-14.6715],[-52.363,-14.6669],[-52.3629,-14.6664],[-52.3587,-14.6667],[-52.3588,-14.6676]]]}},{"type":"Feature","properties":{"c":"b426","b":426,"n":"Industrial","m":"5106257","cx":-52.3606,"cy":-14.6775},"geometry":{"type":"Polygon","coordinates":[[[-52.3612,-14.6721],[-52.3592,-14.6721],[-52.3595,-14.6759],[-52.3595,-14.6768],[-52.3592,-14.6778],[-52.3598,-14.6785],[-52.357,-14.681],[-52.3598,-14.6839],[-52.3619,-14.6817],[-52.3614,-14.6812],[-52.3616,-14.6802],[-52.3613,-14.679],[-52.361,-14.6787],[-52.3621,-14.6772],[-52.3626,-14.6769],[-52.3632,-14.6757],[-52.3637,-14.6758],[-52.3641,-14.6746],[-52.3636,-14.6737],[-52.3632,-14.6733],[-52.3631,-14.6726],[-52.3625,-14.6717],[-52.3612,-14.6721]]]}},{"type":"Feature","properties":{"c":"b427","b":427,"n":"Jardim Alvorada","m":"5106257","cx":-52.3515,"cy":-14.6801},"geometry":{"type":"Polygon","coordinates":[[[-52.3559,-14.6803],[-52.3562,-14.68],[-52.3528,-14.6764],[-52.3521,-14.6756],[-52.3532,-14.6746],[-52.3524,-14.6738],[-52.3509,-14.6751],[-52.3495,-14.6763],[-52.3492,-14.6767],[-52.3499,-14.6775],[-52.3489,-14.6783],[-52.3457,-14.6812],[-52.3453,-14.6813],[-52.3456,-14.6816],[-52.3474,-14.6866],[-52.3477,-14.6864],[-52.3495,-14.6849],[-52.3533,-14.6822],[-52.3559,-14.6803]]]}},{"type":"Feature","properties":{"c":"b428","b":428,"n":"Jardim Oliveira","m":"5106257","cx":-52.3607,"cy":-14.665},"geometry":{"type":"Polygon","coordinates":[[[-52.3584,-14.6636],[-52.3587,-14.6667],[-52.3629,-14.6664],[-52.3626,-14.663],[-52.3586,-14.6633],[-52.3584,-14.6636]]]}},{"type":"Feature","properties":{"c":"b429","b":429,"n":"Jardim Tropical","m":"5106257","cx":-52.3619,"cy":-14.6584},"geometry":{"type":"Polygon","coordinates":[[[-52.3581,-14.6579],[-52.3583,-14.6596],[-52.3622,-14.6593],[-52.3657,-14.659],[-52.3656,-14.6575],[-52.3649,-14.6563],[-52.3581,-14.6569],[-52.3581,-14.6579]]]}},{"type":"Feature","properties":{"c":"b430","b":430,"n":"Montes Claros","m":"5106257","cx":-52.3587,"cy":-14.6482},"geometry":{"type":"Polygon","coordinates":[[[-52.3574,-14.6504],[-52.3574,-14.6506],[-52.3607,-14.6504],[-52.3607,-14.649],[-52.3599,-14.6475],[-52.36,-14.647],[-52.359,-14.6453],[-52.3583,-14.6451],[-52.3569,-14.6452],[-52.3574,-14.6504]]]}},{"type":"Feature","properties":{"c":"b431","b":431,"n":"Novo Horizonte","m":"5106257","cx":-52.3604,"cy":-14.6613},"geometry":{"type":"Polygon","coordinates":[[[-52.3586,-14.6633],[-52.3626,-14.663],[-52.3622,-14.6593],[-52.3583,-14.6596],[-52.3586,-14.6633]]]}},{"type":"Feature","properties":{"c":"b432","b":432,"n":"Santa Mônica","m":"5106257","cx":-52.3559,"cy":-14.6693},"geometry":{"type":"Polygon","coordinates":[[[-52.3528,-14.6705],[-52.3536,-14.6703],[-52.3554,-14.6712],[-52.3574,-14.6721],[-52.3592,-14.6721],[-52.3588,-14.6676],[-52.3586,-14.6677],[-52.3527,-14.6674],[-52.3525,-14.6689],[-52.353,-14.6698],[-52.3527,-14.6705],[-52.3528,-14.6705]]]}},{"type":"Feature","properties":{"c":"b433","b":433,"n":"Santana","m":"5106257","cx":-52.3607,"cy":-14.6543},"geometry":{"type":"Polygon","coordinates":[[[-52.3574,-14.6506],[-52.3581,-14.6569],[-52.3649,-14.6563],[-52.3643,-14.6557],[-52.3628,-14.6529],[-52.3612,-14.6504],[-52.3607,-14.6504],[-52.3574,-14.6506]]]}},{"type":"Feature","properties":{"c":"b434","b":434,"n":"Toneto","m":"5106257","cx":-52.3471,"cy":-14.6653},"geometry":{"type":"Polygon","coordinates":[[[-52.3518,-14.6708],[-52.3527,-14.6705],[-52.353,-14.6698],[-52.3525,-14.6689],[-52.3527,-14.6674],[-52.3529,-14.6645],[-52.3536,-14.6576],[-52.3499,-14.6573],[-52.3462,-14.6571],[-52.346,-14.659],[-52.3419,-14.6587],[-52.3418,-14.6588],[-52.3416,-14.6607],[-52.3376,-14.6604],[-52.3375,-14.6616],[-52.338,-14.6617],[-52.3379,-14.6631],[-52.3416,-14.6635],[-52.3413,-14.6661],[-52.3426,-14.6663],[-52.3424,-14.6676],[-52.3455,-14.668],[-52.3455,-14.6689],[-52.3481,-14.6691],[-52.3486,-14.67],[-52.349,-14.672],[-52.3518,-14.6708]]]}},{"type":"Feature","properties":{"c":"b435","b":435,"n":"União","m":"5106257","cx":-52.3559,"cy":-14.6537},"geometry":{"type":"Polygon","coordinates":[[[-52.3574,-14.6504],[-52.3543,-14.6502],[-52.3536,-14.6576],[-52.3581,-14.6579],[-52.3581,-14.6569],[-52.3574,-14.6506],[-52.3574,-14.6504]]]}},{"type":"Feature","properties":{"c":"b436","b":436,"n":"Xavantina Velha","m":"5106257","cx":-52.3557,"cy":-14.6735},"geometry":{"type":"Polygon","coordinates":[[[-52.3592,-14.6721],[-52.3574,-14.6721],[-52.3554,-14.6712],[-52.3536,-14.6703],[-52.3528,-14.6705],[-52.3535,-14.6716],[-52.3518,-14.6732],[-52.3524,-14.6738],[-52.3532,-14.6746],[-52.3521,-14.6756],[-52.3528,-14.6764],[-52.3545,-14.675],[-52.3558,-14.6765],[-52.357,-14.6755],[-52.3568,-14.6752],[-52.3579,-14.6743],[-52.3593,-14.6759],[-52.3595,-14.6759],[-52.3592,-14.6721]]]}},{"type":"Feature","properties":{"c":"b437","b":437,"n":"Centro","m":"5106307","cx":-54.051,"cy":-14.4291},"geometry":{"type":"Polygon","coordinates":[[[-54.0591,-14.431],[-54.0587,-14.4309],[-54.0579,-14.4316],[-54.0569,-14.4314],[-54.0568,-14.4318],[-54.0556,-14.4316],[-54.0559,-14.4302],[-54.0556,-14.4295],[-54.056,-14.4287],[-54.0553,-14.4275],[-54.0554,-14.4267],[-54.0552,-14.425],[-54.0544,-14.4246],[-54.0505,-14.422],[-54.0501,-14.4227],[-54.0462,-14.4285],[-54.0465,-14.4288],[-54.0461,-14.4296],[-54.0455,-14.4302],[-54.0467,-14.4307],[-54.0469,-14.4311],[-54.0466,-14.4327],[-54.0468,-14.4337],[-54.0476,-14.4339],[-54.0498,-14.435],[-54.0502,-14.4349],[-54.0514,-14.4353],[-54.0551,-14.4368],[-54.0552,-14.4363],[-54.0542,-14.4341],[-54.0546,-14.4338],[-54.0556,-14.4346],[-54.0561,-14.4347],[-54.0574,-14.4337],[-54.0591,-14.431]]]}},{"type":"Feature","properties":{"c":"b438","b":438,"n":"Novo Horizonte","m":"5106307","cx":-54.0427,"cy":-14.4261},"geometry":{"type":"Polygon","coordinates":[[[-54.0461,-14.4296],[-54.0465,-14.4288],[-54.0462,-14.4285],[-54.0501,-14.4227],[-54.0483,-14.4216],[-54.0477,-14.4211],[-54.0458,-14.4175],[-54.0454,-14.4148],[-54.0425,-14.4181],[-54.0417,-14.4193],[-54.0401,-14.4219],[-54.0387,-14.4238],[-54.0363,-14.4286],[-54.0354,-14.4307],[-54.0351,-14.4326],[-54.0393,-14.4342],[-54.0399,-14.4329],[-54.0402,-14.4327],[-54.041,-14.4329],[-54.0415,-14.4335],[-54.0424,-14.4338],[-54.0428,-14.4335],[-54.0438,-14.4309],[-54.0448,-14.4303],[-54.0455,-14.4302],[-54.0461,-14.4296]]]}},{"type":"Feature","properties":{"c":"b439","b":439,"n":"Panorama","m":"5106307","cx":-54.0545,"cy":-14.4202},"geometry":{"type":"Polygon","coordinates":[[[-54.0544,-14.4246],[-54.0568,-14.421],[-54.0579,-14.4195],[-54.0561,-14.4167],[-54.053,-14.418],[-54.0525,-14.4179],[-54.0527,-14.4184],[-54.0505,-14.422],[-54.0544,-14.4246]]]}},{"type":"Feature","properties":{"c":"b440","b":440,"n":"Rui Barbosa","m":"5106307","cx":-54.0478,"cy":-14.451},"geometry":{"type":"Polygon","coordinates":[[[-54.0495,-14.4405],[-54.0488,-14.4404],[-54.0487,-14.4393],[-54.0477,-14.4389],[-54.0471,-14.4404],[-54.0467,-14.441],[-54.0448,-14.4412],[-54.0448,-14.4426],[-54.0443,-14.4437],[-54.0428,-14.4465],[-54.0416,-14.4489],[-54.0392,-14.4487],[-54.0399,-14.4514],[-54.0406,-14.4537],[-54.0406,-14.4544],[-54.0403,-14.4553],[-54.0422,-14.4563],[-54.0427,-14.4564],[-54.043,-14.458],[-54.0419,-14.4591],[-54.0413,-14.4602],[-54.0409,-14.4611],[-54.0455,-14.4608],[-54.0456,-14.461],[-54.0458,-14.4631],[-54.046,-14.4633],[-54.0508,-14.4637],[-54.0521,-14.4638],[-54.0534,-14.4627],[-54.0531,-14.4614],[-54.0536,-14.4611],[-54.0535,-14.4602],[-54.0531,-14.46],[-54.0527,-14.4591],[-54.0535,-14.459],[-54.0529,-14.4588],[-54.0527,-14.4583],[-54.0532,-14.4579],[-54.0529,-14.4573],[-54.0536,-14.4568],[-54.053,-14.4569],[-54.0522,-14.456],[-54.0514,-14.4548],[-54.0514,-14.4543],[-54.0519,-14.4542],[-54.0528,-14.4545],[-54.053,-14.4549],[-54.0533,-14.454],[-54.0537,-14.4536],[-54.0545,-14.454],[-54.0548,-14.4538],[-54.0547,-14.4528],[-54.0554,-14.4524],[-54.0554,-14.4517],[-54.056,-14.4506],[-54.0541,-14.4506],[-54.0546,-14.4502],[-54.0544,-14.4497],[-54.0539,-14.4497],[-54.0544,-14.4479],[-54.0537,-14.4483],[-54.0525,-14.4475],[-54.0526,-14.4469],[-54.0521,-14.4469],[-54.052,-14.4465],[-54.0516,-14.447],[-54.0513,-14.4459],[-54.0507,-14.446],[-54.0507,-14.4465],[-54.0502,-14.4462],[-54.0495,-14.4463],[-54.0494,-14.4457],[-54.05,-14.4458],[-54.0502,-14.4451],[-54.0507,-14.4449],[-54.05,-14.4445],[-54.0505,-14.4434],[-54.05,-14.443],[-54.0503,-14.4412],[-54.05,-14.4407],[-54.05,-14.4402],[-54.0495,-14.4405]]]}},{"type":"Feature","properties":{"c":"b441","b":441,"n":"Teles Pires","m":"5106307","cx":-54.0525,"cy":-14.4093},"geometry":{"type":"Polygon","coordinates":[[[-54.0475,-14.4105],[-54.0492,-14.4128],[-54.0495,-14.4131],[-54.0508,-14.4123],[-54.0553,-14.4145],[-54.0556,-14.4148],[-54.0561,-14.4167],[-54.0579,-14.4195],[-54.0586,-14.4186],[-54.0616,-14.4221],[-54.0619,-14.4225],[-54.0625,-14.4216],[-54.0619,-14.4208],[-54.0588,-14.4173],[-54.0585,-14.4172],[-54.0597,-14.4152],[-54.061,-14.413],[-54.0582,-14.4127],[-54.0585,-14.4082],[-54.0581,-14.4081],[-54.0576,-14.4068],[-54.0564,-14.4066],[-54.0563,-14.4061],[-54.0565,-14.4046],[-54.057,-14.4041],[-54.0571,-14.4034],[-54.0568,-14.403],[-54.0555,-14.4022],[-54.0552,-14.4018],[-54.0547,-14.4018],[-54.0537,-14.4012],[-54.053,-14.4014],[-54.0513,-14.4005],[-54.0501,-14.3989],[-54.0481,-14.3982],[-54.0465,-14.3981],[-54.047,-14.4023],[-54.047,-14.4034],[-54.0464,-14.4047],[-54.0448,-14.4069],[-54.0475,-14.4105]]]}},{"type":"Feature","properties":{"c":"b442","b":442,"n":"União","m":"5106307","cx":-54.0469,"cy":-14.4371},"geometry":{"type":"Polygon","coordinates":[[[-54.0466,-14.434],[-54.0459,-14.4335],[-54.0453,-14.4334],[-54.0437,-14.4357],[-54.0435,-14.4364],[-54.0435,-14.4384],[-54.0438,-14.4387],[-54.0439,-14.4408],[-54.0448,-14.4412],[-54.0467,-14.441],[-54.0471,-14.4404],[-54.0477,-14.4389],[-54.0487,-14.4393],[-54.0488,-14.4404],[-54.0495,-14.4405],[-54.05,-14.4402],[-54.0502,-14.4396],[-54.0505,-14.4381],[-54.0501,-14.4364],[-54.0503,-14.4362],[-54.0514,-14.4363],[-54.0525,-14.4374],[-54.053,-14.439],[-54.0535,-14.4394],[-54.0543,-14.4394],[-54.0547,-14.4386],[-54.0551,-14.4368],[-54.0514,-14.4353],[-54.0502,-14.4349],[-54.0498,-14.435],[-54.0476,-14.4339],[-54.0468,-14.4337],[-54.0466,-14.434]]]}},{"type":"Feature","properties":{"c":"b443","b":443,"n":"Vila Concórdia","m":"5106307","cx":-54.0576,"cy":-14.4481},"geometry":{"type":"Polygon","coordinates":[[[-54.0561,-14.4347],[-54.0556,-14.4346],[-54.0546,-14.4338],[-54.0542,-14.4341],[-54.0552,-14.4363],[-54.0551,-14.4368],[-54.0547,-14.4386],[-54.0543,-14.4394],[-54.0535,-14.4394],[-54.053,-14.439],[-54.0525,-14.4374],[-54.0514,-14.4363],[-54.0503,-14.4362],[-54.0501,-14.4364],[-54.0505,-14.4381],[-54.0502,-14.4396],[-54.05,-14.4402],[-54.05,-14.4407],[-54.0503,-14.4412],[-54.05,-14.443],[-54.0505,-14.4434],[-54.05,-14.4445],[-54.0507,-14.4449],[-54.0502,-14.4451],[-54.05,-14.4458],[-54.0494,-14.4457],[-54.0495,-14.4463],[-54.0502,-14.4462],[-54.0507,-14.4465],[-54.0507,-14.446],[-54.0513,-14.4459],[-54.0516,-14.447],[-54.052,-14.4465],[-54.0521,-14.4469],[-54.0526,-14.4469],[-54.0525,-14.4475],[-54.0537,-14.4483],[-54.0544,-14.4479],[-54.0539,-14.4497],[-54.0544,-14.4497],[-54.0546,-14.4502],[-54.0541,-14.4506],[-54.056,-14.4506],[-54.0554,-14.4517],[-54.0554,-14.4524],[-54.0547,-14.4528],[-54.0548,-14.4538],[-54.0545,-14.454],[-54.0537,-14.4536],[-54.0533,-14.454],[-54.053,-14.4549],[-54.0528,-14.4545],[-54.0519,-14.4542],[-54.0514,-14.4543],[-54.0514,-14.4548],[-54.0522,-14.456],[-54.053,-14.4569],[-54.0536,-14.4568],[-54.0529,-14.4573],[-54.0532,-14.4579],[-54.0527,-14.4583],[-54.0529,-14.4588],[-54.0535,-14.459],[-54.0542,-14.4597],[-54.0543,-14.4605],[-54.0552,-14.4614],[-54.055,-14.4619],[-54.0554,-14.4624],[-54.0567,-14.4627],[-54.0581,-14.4616],[-54.0594,-14.4609],[-54.0609,-14.4608],[-54.0616,-14.4611],[-54.0623,-14.4617],[-54.063,-14.4626],[-54.0635,-14.4626],[-54.0651,-14.4621],[-54.0662,-14.4621],[-54.0667,-14.4616],[-54.0643,-14.4584],[-54.0632,-14.4556],[-54.0623,-14.4533],[-54.0631,-14.4528],[-54.0605,-14.4488],[-54.0616,-14.4464],[-54.0604,-14.4461],[-54.0604,-14.4458],[-54.0593,-14.4456],[-54.0593,-14.4445],[-54.0595,-14.444],[-54.0613,-14.4444],[-54.0614,-14.444],[-54.0596,-14.4435],[-54.0605,-14.4424],[-54.0592,-14.4414],[-54.0593,-14.4405],[-54.0589,-14.4403],[-54.0592,-14.4387],[-54.0594,-14.4387],[-54.0602,-14.4362],[-54.0593,-14.4349],[-54.0577,-14.4343],[-54.0574,-14.4337],[-54.0561,-14.4347]]]}},{"type":"Feature","properties":{"c":"b444","b":444,"n":"Vila Nova","m":"5106307","cx":-54.06,"cy":-14.4258},"geometry":{"type":"Polygon","coordinates":[[[-54.0616,-14.4221],[-54.0586,-14.4186],[-54.0579,-14.4195],[-54.0568,-14.421],[-54.0544,-14.4246],[-54.0552,-14.425],[-54.0554,-14.4267],[-54.0553,-14.4275],[-54.056,-14.4287],[-54.0556,-14.4295],[-54.0559,-14.4302],[-54.0556,-14.4316],[-54.0568,-14.4318],[-54.0569,-14.4314],[-54.0579,-14.4316],[-54.0587,-14.4309],[-54.0591,-14.431],[-54.06,-14.4312],[-54.0612,-14.4323],[-54.0621,-14.4321],[-54.0626,-14.4308],[-54.063,-14.4305],[-54.0634,-14.4312],[-54.0647,-14.4317],[-54.0652,-14.4304],[-54.0656,-14.4282],[-54.0667,-14.4281],[-54.0619,-14.4225],[-54.0616,-14.4221]]]}},{"type":"Feature","properties":{"c":"b445","b":445,"n":"Vista alegre","m":"5106307","cx":-54.0504,"cy":-14.4146},"geometry":{"type":"Polygon","coordinates":[[[-54.0438,-14.4083],[-54.0439,-14.4095],[-54.0443,-14.4116],[-54.0452,-14.4141],[-54.0454,-14.4148],[-54.0458,-14.4175],[-54.0477,-14.4211],[-54.0483,-14.4216],[-54.0501,-14.4227],[-54.0505,-14.422],[-54.0527,-14.4184],[-54.0525,-14.4179],[-54.053,-14.418],[-54.0561,-14.4167],[-54.0556,-14.4148],[-54.0553,-14.4145],[-54.0508,-14.4123],[-54.0495,-14.4131],[-54.0492,-14.4128],[-54.0475,-14.4105],[-54.0448,-14.4069],[-54.0438,-14.4083]]]}},{"type":"Feature","properties":{"c":"b446","b":446,"n":"6 de Abril","m":"5106752","cx":-59.3419,"cy":-15.2318},"geometry":{"type":"Polygon","coordinates":[[[-59.3473,-15.2314],[-59.3479,-15.2303],[-59.3477,-15.2301],[-59.3453,-15.2266],[-59.3426,-15.2283],[-59.3363,-15.2323],[-59.3398,-15.2375],[-59.3415,-15.2362],[-59.3432,-15.2348],[-59.3455,-15.233],[-59.3473,-15.2314]]]}},{"type":"Feature","properties":{"c":"b447","b":447,"n":"Altos da Glória","m":"5106752","cx":-59.3435,"cy":-15.2366},"geometry":{"type":"Polygon","coordinates":[[[-59.3463,-15.2338],[-59.3455,-15.233],[-59.3432,-15.2348],[-59.3415,-15.2362],[-59.3398,-15.2375],[-59.3396,-15.2376],[-59.3417,-15.2393],[-59.3423,-15.2386],[-59.3446,-15.2405],[-59.3457,-15.2394],[-59.3446,-15.2385],[-59.3447,-15.2379],[-59.3454,-15.2371],[-59.3452,-15.2369],[-59.3468,-15.2364],[-59.3472,-15.2362],[-59.3478,-15.235],[-59.3463,-15.2338]]]}},{"type":"Feature","properties":{"c":"b448","b":448,"n":"Bela Vista","m":"5106752","cx":-59.3247,"cy":-15.2371},"geometry":{"type":"Polygon","coordinates":[[[-59.3318,-15.2352],[-59.33,-15.2326],[-59.3294,-15.2317],[-59.3249,-15.2345],[-59.3243,-15.2337],[-59.3225,-15.2348],[-59.3231,-15.2357],[-59.3167,-15.2397],[-59.3166,-15.2395],[-59.3157,-15.2416],[-59.3178,-15.2429],[-59.3239,-15.2389],[-59.3245,-15.2398],[-59.3263,-15.2386],[-59.3318,-15.2352]]]}},{"type":"Feature","properties":{"c":"b449","b":449,"n":"Cantão","m":"5106752","cx":-59.3319,"cy":-15.24},"geometry":{"type":"Polygon","coordinates":[[[-59.3398,-15.2375],[-59.3363,-15.2323],[-59.3318,-15.2352],[-59.3263,-15.2386],[-59.3311,-15.2456],[-59.3326,-15.2447],[-59.3329,-15.2439],[-59.3337,-15.2424],[-59.3347,-15.2414],[-59.3396,-15.2376],[-59.3398,-15.2375]]]}},{"type":"Feature","properties":{"c":"b450","b":450,"n":"Centro","m":"5106752","cx":-59.3357,"cy":-15.2306},"geometry":{"type":"Polygon","coordinates":[[[-59.3402,-15.2247],[-59.3348,-15.2282],[-59.3321,-15.2299],[-59.3333,-15.2317],[-59.3324,-15.2323],[-59.3318,-15.2314],[-59.33,-15.2326],[-59.3318,-15.2352],[-59.3363,-15.2323],[-59.3426,-15.2283],[-59.3402,-15.2247]]]}},{"type":"Feature","properties":{"c":"b451","b":451,"n":"DERMAT","m":"5106752","cx":-59.3259,"cy":-15.2497},"geometry":{"type":"Polygon","coordinates":[[[-59.3185,-15.2487],[-59.3205,-15.2499],[-59.3214,-15.2507],[-59.3221,-15.2509],[-59.3237,-15.2519],[-59.3277,-15.2543],[-59.3292,-15.2526],[-59.3312,-15.2502],[-59.3317,-15.2495],[-59.332,-15.2485],[-59.3293,-15.2469],[-59.3279,-15.249],[-59.3269,-15.2483],[-59.3266,-15.2485],[-59.326,-15.2477],[-59.3255,-15.248],[-59.3253,-15.2469],[-59.3249,-15.2471],[-59.3209,-15.2447],[-59.3185,-15.2487]]]}},{"type":"Feature","properties":{"c":"b452","b":452,"n":"EBEC","m":"5106752","cx":-59.3378,"cy":-15.2419},"geometry":{"type":"Polygon","coordinates":[[[-59.3355,-15.2422],[-59.3361,-15.2418],[-59.3359,-15.2461],[-59.3376,-15.246],[-59.3396,-15.2416],[-59.3405,-15.2423],[-59.3412,-15.2421],[-59.3423,-15.241],[-59.341,-15.2401],[-59.3417,-15.2393],[-59.3396,-15.2376],[-59.3347,-15.2414],[-59.3337,-15.2424],[-59.3355,-15.2422]]]}},{"type":"Feature","properties":{"c":"b453","b":453,"n":"Flor da Serra","m":"5106752","cx":-59.3242,"cy":-15.2434},"geometry":{"type":"Polygon","coordinates":[[[-59.3198,-15.244],[-59.3209,-15.2447],[-59.3249,-15.2471],[-59.3253,-15.2469],[-59.3255,-15.248],[-59.326,-15.2477],[-59.3266,-15.2485],[-59.3269,-15.2483],[-59.3279,-15.249],[-59.3293,-15.2469],[-59.332,-15.2485],[-59.3326,-15.2447],[-59.3311,-15.2456],[-59.3263,-15.2386],[-59.3245,-15.2398],[-59.3239,-15.2389],[-59.3178,-15.2429],[-59.3198,-15.244]]]}},{"type":"Feature","properties":{"c":"b454","b":454,"n":"Jardim Alvorada","m":"5106752","cx":-59.3146,"cy":-15.251},"geometry":{"type":"Polygon","coordinates":[[[-59.3134,-15.2518],[-59.3123,-15.2535],[-59.3113,-15.2552],[-59.3134,-15.2564],[-59.3185,-15.2487],[-59.314,-15.2458],[-59.313,-15.2453],[-59.3128,-15.2461],[-59.3111,-15.2503],[-59.3134,-15.2518]]]}},{"type":"Feature","properties":{"c":"b455","b":455,"n":"Jardim Buriti","m":"5106752","cx":-59.339,"cy":-15.2243},"geometry":{"type":"Polygon","coordinates":[[[-59.3348,-15.2282],[-59.3402,-15.2247],[-59.3426,-15.2283],[-59.3453,-15.2266],[-59.3465,-15.2248],[-59.3447,-15.2233],[-59.3444,-15.2233],[-59.3433,-15.2215],[-59.343,-15.2207],[-59.3417,-15.2212],[-59.3381,-15.2236],[-59.3365,-15.2212],[-59.3328,-15.2234],[-59.3327,-15.2232],[-59.3318,-15.2239],[-59.3348,-15.2282]]]}},{"type":"Feature","properties":{"c":"b456","b":456,"n":"Jardim Marília","m":"5106752","cx":-59.3132,"cy":-15.2312},"geometry":{"type":"Polygon","coordinates":[[[-59.3125,-15.2441],[-59.3132,-15.2445],[-59.3144,-15.2416],[-59.3152,-15.2401],[-59.3172,-15.2352],[-59.3177,-15.2335],[-59.3186,-15.227],[-59.3186,-15.2257],[-59.3188,-15.2253],[-59.3194,-15.2207],[-59.3199,-15.2176],[-59.3201,-15.2155],[-59.3189,-15.2157],[-59.3184,-15.2162],[-59.3177,-15.2166],[-59.3168,-15.2161],[-59.3162,-15.2161],[-59.3149,-15.2172],[-59.3147,-15.218],[-59.3139,-15.2179],[-59.3138,-15.217],[-59.312,-15.2169],[-59.3114,-15.2179],[-59.3103,-15.2183],[-59.3101,-15.2192],[-59.3096,-15.2195],[-59.3093,-15.2204],[-59.3088,-15.2209],[-59.3076,-15.2211],[-59.3065,-15.2217],[-59.3052,-15.2219],[-59.3046,-15.2224],[-59.3036,-15.2227],[-59.3057,-15.2233],[-59.3086,-15.2261],[-59.3098,-15.229],[-59.3039,-15.2388],[-59.3125,-15.2441]]]}},{"type":"Feature","properties":{"c":"b457","b":457,"n":"Jardim das Palmeiras","m":"5106752","cx":-59.308,"cy":-15.2446},"geometry":{"type":"Polygon","coordinates":[[[-59.3132,-15.2445],[-59.3125,-15.2441],[-59.3039,-15.2388],[-59.3036,-15.242],[-59.3031,-15.2433],[-59.3028,-15.2447],[-59.3076,-15.2475],[-59.307,-15.2485],[-59.3093,-15.2499],[-59.3096,-15.2495],[-59.3111,-15.2503],[-59.3128,-15.2461],[-59.313,-15.2453],[-59.3132,-15.2445]]]}},{"type":"Feature","properties":{"c":"b458","b":458,"n":"Morada da Serra","m":"5106752","cx":-59.349,"cy":-15.2322},"geometry":{"type":"Polygon","coordinates":[[[-59.3479,-15.2303],[-59.3473,-15.2314],[-59.3455,-15.233],[-59.3463,-15.2338],[-59.3478,-15.235],[-59.3499,-15.2335],[-59.354,-15.2304],[-59.3549,-15.2296],[-59.3527,-15.2285],[-59.3514,-15.23],[-59.3506,-15.2293],[-59.3496,-15.2304],[-59.3483,-15.2293],[-59.3479,-15.2303]]]}},{"type":"Feature","properties":{"c":"b459","b":459,"n":"Santa Cruz","m":"5106752","cx":-59.3291,"cy":-15.2268},"geometry":{"type":"Polygon","coordinates":[[[-59.3318,-15.2239],[-59.3309,-15.2244],[-59.3298,-15.2229],[-59.3293,-15.2229],[-59.3286,-15.2223],[-59.3267,-15.2251],[-59.3263,-15.2251],[-59.32,-15.221],[-59.3194,-15.2207],[-59.3188,-15.2253],[-59.3186,-15.2257],[-59.3191,-15.2259],[-59.3236,-15.2265],[-59.3253,-15.2271],[-59.3263,-15.2277],[-59.3276,-15.229],[-59.3294,-15.2317],[-59.33,-15.2326],[-59.3318,-15.2314],[-59.3324,-15.2323],[-59.3333,-15.2317],[-59.3321,-15.2299],[-59.3348,-15.2282],[-59.3318,-15.2239]]]}},{"type":"Feature","properties":{"c":"b460","b":460,"n":"São José","m":"5106752","cx":-59.3238,"cy":-15.2326},"geometry":{"type":"Polygon","coordinates":[[[-59.3276,-15.229],[-59.3263,-15.2277],[-59.3253,-15.2271],[-59.3236,-15.2265],[-59.3191,-15.2259],[-59.3186,-15.2257],[-59.3186,-15.227],[-59.3207,-15.2283],[-59.3213,-15.2293],[-59.3186,-15.231],[-59.3204,-15.2336],[-59.3186,-15.2348],[-59.3197,-15.2366],[-59.3172,-15.2382],[-59.3166,-15.2395],[-59.3167,-15.2397],[-59.3231,-15.2357],[-59.3225,-15.2348],[-59.3243,-15.2337],[-59.3249,-15.2345],[-59.3294,-15.2317],[-59.3276,-15.229]]]}},{"type":"Feature","properties":{"c":"b461","b":461,"n":"Vila Guaporé","m":"5106752","cx":-59.3486,"cy":-15.2243},"geometry":{"type":"Polygon","coordinates":[[[-59.3453,-15.2266],[-59.3477,-15.2301],[-59.3479,-15.2303],[-59.3483,-15.2293],[-59.3498,-15.2257],[-59.3498,-15.2256],[-59.3521,-15.2201],[-59.3504,-15.2191],[-59.3503,-15.2193],[-59.349,-15.2199],[-59.349,-15.2212],[-59.3471,-15.2238],[-59.3465,-15.2248],[-59.3453,-15.2266]]]}},{"type":"Feature","properties":{"c":"b462","b":462,"n":"Almeida Monchão Dourado","m":"5107008","cx":-54.3779,"cy":-15.8362},"geometry":{"type":"Polygon","coordinates":[[[-54.3755,-15.8463],[-54.3766,-15.8444],[-54.3769,-15.843],[-54.3773,-15.8422],[-54.3777,-15.8415],[-54.3786,-15.841],[-54.3785,-15.8405],[-54.3804,-15.8396],[-54.3817,-15.8394],[-54.3818,-15.8391],[-54.3819,-15.8384],[-54.3825,-15.8382],[-54.3823,-15.8371],[-54.3804,-15.8354],[-54.3796,-15.8344],[-54.3783,-15.8319],[-54.3785,-15.8309],[-54.3793,-15.83],[-54.3795,-15.8295],[-54.3789,-15.8286],[-54.3787,-15.8276],[-54.3779,-15.8262],[-54.3767,-15.8252],[-54.3734,-15.8419],[-54.3751,-15.847],[-54.3757,-15.8472],[-54.3755,-15.8463]]]}},{"type":"Feature","properties":{"c":"b463","b":463,"n":"Bela Vista","m":"5107008","cx":-54.4092,"cy":-15.8135},"geometry":{"type":"Polygon","coordinates":[[[-54.4078,-15.8144],[-54.4076,-15.8146],[-54.4084,-15.8154],[-54.4086,-15.8152],[-54.4094,-15.816],[-54.4118,-15.8139],[-54.4103,-15.8122],[-54.4094,-15.8111],[-54.4067,-15.8131],[-54.4078,-15.8144]]]}},{"type":"Feature","properties":{"c":"b464","b":464,"n":"Centro","m":"5107008","cx":-54.3879,"cy":-15.8361},"geometry":{"type":"Polygon","coordinates":[[[-54.3877,-15.8386],[-54.3883,-15.839],[-54.3897,-15.8386],[-54.3917,-15.8379],[-54.3889,-15.8355],[-54.3874,-15.8343],[-54.3871,-15.8352],[-54.3855,-15.8367],[-54.3877,-15.8386]]]}},{"type":"Feature","properties":{"c":"b465","b":465,"n":"Centro Histórico","m":"5107008","cx":-54.3858,"cy":-15.839},"geometry":{"type":"Polygon","coordinates":[[[-54.3897,-15.8386],[-54.3883,-15.839],[-54.3877,-15.8386],[-54.3855,-15.8367],[-54.3851,-15.8371],[-54.3831,-15.8376],[-54.383,-15.8382],[-54.3825,-15.8382],[-54.3819,-15.8384],[-54.3818,-15.8391],[-54.3825,-15.8397],[-54.383,-15.8404],[-54.3844,-15.8407],[-54.3849,-15.8414],[-54.3851,-15.8413],[-54.3865,-15.8413],[-54.3875,-15.8411],[-54.3884,-15.8405],[-54.3887,-15.8407],[-54.3902,-15.8404],[-54.3897,-15.8386]]]}},{"type":"Feature","properties":{"c":"b466","b":466,"n":"Diamante Azul","m":"5107008","cx":-54.4093,"cy":-15.8104},"geometry":{"type":"Polygon","coordinates":[[[-54.3935,-15.8135],[-54.397,-15.8115],[-54.3993,-15.809],[-54.4003,-15.8106],[-54.401,-15.8102],[-54.402,-15.8119],[-54.4014,-15.8123],[-54.4031,-15.8148],[-54.4035,-15.8146],[-54.4058,-15.813],[-54.4067,-15.8131],[-54.4094,-15.8111],[-54.4103,-15.8122],[-54.4118,-15.8139],[-54.4094,-15.816],[-54.4097,-15.8166],[-54.4106,-15.8174],[-54.4125,-15.8194],[-54.4195,-15.8141],[-54.4159,-15.8073],[-54.4125,-15.8028],[-54.4113,-15.8016],[-54.4096,-15.8028],[-54.407,-15.8041],[-54.405,-15.8043],[-54.3982,-15.8048],[-54.3974,-15.8051],[-54.3962,-15.8047],[-54.3888,-15.8076],[-54.3935,-15.8135]]]}},{"type":"Feature","properties":{"c":"b467","b":467,"n":"Irantinópolis","m":"5107008","cx":-54.399,"cy":-15.8182},"geometry":{"type":"Polygon","coordinates":[[[-54.3985,-15.8145],[-54.3979,-15.8134],[-54.3981,-15.8132],[-54.3975,-15.8135],[-54.3981,-15.8147],[-54.3958,-15.8164],[-54.3979,-15.8192],[-54.3995,-15.8216],[-54.402,-15.82],[-54.4002,-15.8173],[-54.3985,-15.8145]]]}},{"type":"Feature","properties":{"c":"b468","b":468,"n":"Jardim Brilhante","m":"5107008","cx":-54.3998,"cy":-15.8127},"geometry":{"type":"Polygon","coordinates":[[[-54.3981,-15.8132],[-54.3979,-15.8134],[-54.3985,-15.8145],[-54.4002,-15.8173],[-54.4035,-15.8154],[-54.4031,-15.8148],[-54.4014,-15.8123],[-54.402,-15.8119],[-54.401,-15.8102],[-54.4003,-15.8106],[-54.3993,-15.809],[-54.397,-15.8115],[-54.3981,-15.8132]]]}},{"type":"Feature","properties":{"c":"b469","b":469,"n":"Jardim Cândido","m":"5107008","cx":-54.4065,"cy":-15.8293},"geometry":{"type":"Polygon","coordinates":[[[-54.403,-15.8283],[-54.4037,-15.8302],[-54.404,-15.8329],[-54.411,-15.8285],[-54.4093,-15.827],[-54.4056,-15.8243],[-54.4055,-15.8242],[-54.4034,-15.8259],[-54.4021,-15.8265],[-54.403,-15.8283]]]}},{"type":"Feature","properties":{"c":"b470","b":470,"n":"Jardim Novo Horizonte","m":"5107008","cx":-54.4062,"cy":-15.8205},"geometry":{"type":"Polygon","coordinates":[[[-54.4036,-15.8197],[-54.406,-15.8242],[-54.4095,-15.8217],[-54.4091,-15.8214],[-54.4072,-15.8193],[-54.4057,-15.8178],[-54.4037,-15.8195],[-54.4036,-15.8195],[-54.4036,-15.8197]]]}},{"type":"Feature","properties":{"c":"b471","b":471,"n":"Jardim Popular","m":"5107008","cx":-54.4029,"cy":-15.8175},"geometry":{"type":"Polygon","coordinates":[[[-54.4002,-15.8173],[-54.402,-15.82],[-54.4027,-15.8199],[-54.4036,-15.8195],[-54.4037,-15.8195],[-54.4057,-15.8178],[-54.4035,-15.8154],[-54.4002,-15.8173]]]}},{"type":"Feature","properties":{"c":"b472","b":472,"n":"Jardim Poxoréu","m":"5107008","cx":-54.3923,"cy":-15.828},"geometry":{"type":"Polygon","coordinates":[[[-54.3938,-15.8239],[-54.3931,-15.8247],[-54.3923,-15.8251],[-54.3914,-15.826],[-54.3905,-15.8263],[-54.3898,-15.827],[-54.3892,-15.8274],[-54.3881,-15.8286],[-54.3883,-15.8321],[-54.3892,-15.8315],[-54.3916,-15.8306],[-54.3932,-15.8312],[-54.3938,-15.8299],[-54.3936,-15.8298],[-54.394,-15.8289],[-54.3952,-15.8295],[-54.3958,-15.8282],[-54.396,-15.8278],[-54.3949,-15.8255],[-54.3944,-15.8251],[-54.3943,-15.824],[-54.3938,-15.8239]]]}},{"type":"Feature","properties":{"c":"b473","b":473,"n":"Jardim Tropical","m":"5107008","cx":-54.4098,"cy":-15.8255},"geometry":{"type":"Polygon","coordinates":[[[-54.406,-15.8242],[-54.4056,-15.8243],[-54.4093,-15.827],[-54.411,-15.8285],[-54.413,-15.8268],[-54.4109,-15.8234],[-54.4095,-15.8217],[-54.406,-15.8242]]]}},{"type":"Feature","properties":{"c":"b474","b":474,"n":"Jardim das Américas","m":"5107008","cx":-54.3997,"cy":-15.8288},"geometry":{"type":"Polygon","coordinates":[[[-54.3944,-15.8251],[-54.3949,-15.8255],[-54.396,-15.8278],[-54.3958,-15.8282],[-54.3965,-15.8295],[-54.3969,-15.8293],[-54.3972,-15.8298],[-54.3983,-15.8298],[-54.3994,-15.8335],[-54.3994,-15.8338],[-54.4001,-15.8341],[-54.4007,-15.8328],[-54.403,-15.8335],[-54.404,-15.8329],[-54.4037,-15.8302],[-54.403,-15.8283],[-54.4021,-15.8265],[-54.4005,-15.8235],[-54.4001,-15.824],[-54.398,-15.8243],[-54.3953,-15.8241],[-54.3954,-15.8234],[-54.3943,-15.8237],[-54.3943,-15.824],[-54.3944,-15.8251]]]}},{"type":"Feature","properties":{"c":"b475","b":475,"n":"João Pessoa","m":"5107008","cx":-54.3911,"cy":-15.8357},"geometry":{"type":"Polygon","coordinates":[[[-54.388,-15.8332],[-54.3874,-15.8343],[-54.3889,-15.8355],[-54.3917,-15.8379],[-54.3932,-15.8392],[-54.3936,-15.8395],[-54.394,-15.8389],[-54.3948,-15.839],[-54.3949,-15.8384],[-54.3966,-15.8377],[-54.397,-15.8369],[-54.3977,-15.8365],[-54.3977,-15.8364],[-54.3966,-15.8369],[-54.3951,-15.8373],[-54.3941,-15.836],[-54.3935,-15.8359],[-54.3929,-15.8361],[-54.3933,-15.8347],[-54.3924,-15.8341],[-54.3926,-15.8334],[-54.3925,-15.8324],[-54.3915,-15.8321],[-54.391,-15.8337],[-54.3904,-15.8339],[-54.3886,-15.8332],[-54.388,-15.8332]]]}},{"type":"Feature","properties":{"c":"b476","b":476,"n":"Lagoa I","m":"5107008","cx":-54.4026,"cy":-15.8225},"geometry":{"type":"Polygon","coordinates":[[[-54.4027,-15.8199],[-54.402,-15.82],[-54.3995,-15.8216],[-54.4005,-15.8235],[-54.4021,-15.8265],[-54.4034,-15.8259],[-54.4055,-15.8242],[-54.4056,-15.8243],[-54.406,-15.8242],[-54.4036,-15.8197],[-54.4036,-15.8195],[-54.4027,-15.8199]]]}},{"type":"Feature","properties":{"c":"b477","b":477,"n":"Lagoa II","m":"5107008","cx":-54.3972,"cy":-15.8219},"geometry":{"type":"Polygon","coordinates":[[[-54.3943,-15.824],[-54.3943,-15.8237],[-54.3954,-15.8234],[-54.3953,-15.8241],[-54.398,-15.8243],[-54.4001,-15.824],[-54.4005,-15.8235],[-54.3995,-15.8216],[-54.3979,-15.8192],[-54.3968,-15.8198],[-54.3947,-15.8207],[-54.3949,-15.8214],[-54.3945,-15.8223],[-54.3937,-15.8236],[-54.3938,-15.8239],[-54.3943,-15.824]]]}},{"type":"Feature","properties":{"c":"b478","b":478,"n":"Maria André","m":"5107008","cx":-54.3913,"cy":-15.8398},"geometry":{"type":"Polygon","coordinates":[[[-54.3902,-15.8404],[-54.3917,-15.8406],[-54.3932,-15.8392],[-54.3917,-15.8379],[-54.3897,-15.8386],[-54.3902,-15.8404]]]}},{"type":"Feature","properties":{"c":"b479","b":479,"n":"Maria Sabina","m":"5107008","cx":-54.3918,"cy":-15.8229},"geometry":{"type":"Polygon","coordinates":[[[-54.3892,-15.8274],[-54.3898,-15.827],[-54.3905,-15.8263],[-54.3914,-15.826],[-54.3923,-15.8251],[-54.3931,-15.8247],[-54.3938,-15.8239],[-54.3937,-15.8236],[-54.3945,-15.8223],[-54.3949,-15.8214],[-54.3947,-15.8207],[-54.3968,-15.8198],[-54.3979,-15.8192],[-54.3958,-15.8164],[-54.3935,-15.8183],[-54.3904,-15.8204],[-54.389,-15.8243],[-54.3884,-15.8254],[-54.3884,-15.827],[-54.388,-15.8274],[-54.3881,-15.8286],[-54.3892,-15.8274]]]}},{"type":"Feature","properties":{"c":"b480","b":480,"n":"Parque Industrial","m":"5107008","cx":-54.3831,"cy":-15.8234},"geometry":{"type":"Polygon","coordinates":[[[-54.3981,-15.8147],[-54.3975,-15.8135],[-54.3981,-15.8132],[-54.397,-15.8115],[-54.3935,-15.8135],[-54.3888,-15.8076],[-54.3801,-15.8115],[-54.3771,-15.8225],[-54.3767,-15.8252],[-54.3779,-15.8262],[-54.3787,-15.8276],[-54.3789,-15.8286],[-54.3795,-15.8295],[-54.3793,-15.83],[-54.3785,-15.8309],[-54.3783,-15.8319],[-54.3796,-15.8344],[-54.3804,-15.8354],[-54.3823,-15.8371],[-54.3825,-15.8382],[-54.383,-15.8382],[-54.3831,-15.8376],[-54.3851,-15.8371],[-54.3855,-15.8367],[-54.3871,-15.8352],[-54.3874,-15.8343],[-54.388,-15.8332],[-54.3886,-15.8332],[-54.3883,-15.8321],[-54.3881,-15.8286],[-54.388,-15.8274],[-54.3884,-15.827],[-54.3884,-15.8254],[-54.389,-15.8243],[-54.3904,-15.8204],[-54.3935,-15.8183],[-54.3958,-15.8164],[-54.3981,-15.8147]]]}},{"type":"Feature","properties":{"c":"b481","b":481,"n":"Parque Panorama","m":"5107008","cx":-54.4117,"cy":-15.8332},"geometry":{"type":"Polygon","coordinates":[[[-54.4121,-15.8198],[-54.4095,-15.8217],[-54.4109,-15.8234],[-54.413,-15.8268],[-54.411,-15.8285],[-54.404,-15.8329],[-54.403,-15.8335],[-54.4007,-15.8328],[-54.4001,-15.8341],[-54.3994,-15.8338],[-54.3991,-15.8338],[-54.3977,-15.8363],[-54.3977,-15.8365],[-54.397,-15.8369],[-54.3966,-15.8377],[-54.3949,-15.8384],[-54.3948,-15.839],[-54.394,-15.8389],[-54.4013,-15.8419],[-54.4023,-15.8416],[-54.4057,-15.8449],[-54.4089,-15.8461],[-54.4084,-15.8468],[-54.4118,-15.8472],[-54.4106,-15.8511],[-54.4094,-15.8497],[-54.3995,-15.8455],[-54.3994,-15.8456],[-54.3961,-15.8469],[-54.3915,-15.8488],[-54.3879,-15.8459],[-54.384,-15.8435],[-54.3814,-15.8407],[-54.3773,-15.8422],[-54.3769,-15.843],[-54.3766,-15.8444],[-54.3755,-15.8463],[-54.3757,-15.8472],[-54.3848,-15.8522],[-54.3926,-15.8527],[-54.4113,-15.8525],[-54.4166,-15.8434],[-54.422,-15.8268],[-54.4238,-15.8275],[-54.4258,-15.8239],[-54.4239,-15.8212],[-54.4195,-15.8141],[-54.4125,-15.8194],[-54.4121,-15.8198]]]}},{"type":"Feature","properties":{"c":"b482","b":482,"n":"Parque Rodoviário","m":"5107008","cx":-54.3935,"cy":-15.834},"geometry":{"type":"Polygon","coordinates":[[[-54.3886,-15.8332],[-54.3904,-15.8339],[-54.391,-15.8337],[-54.3915,-15.8321],[-54.3925,-15.8324],[-54.3926,-15.8334],[-54.3924,-15.8341],[-54.3933,-15.8347],[-54.3929,-15.8361],[-54.3935,-15.8359],[-54.3941,-15.836],[-54.3951,-15.8373],[-54.3966,-15.8369],[-54.3977,-15.8364],[-54.3966,-15.8347],[-54.3958,-15.8349],[-54.3954,-15.8343],[-54.3948,-15.8345],[-54.3943,-15.8337],[-54.395,-15.8335],[-54.3947,-15.8331],[-54.3948,-15.832],[-54.3932,-15.8312],[-54.3916,-15.8306],[-54.3892,-15.8315],[-54.3883,-15.8321],[-54.3886,-15.8332]]]}},{"type":"Feature","properties":{"c":"b483","b":483,"n":"Pedra Branca","m":"5107008","cx":-54.3974,"cy":-15.8432},"geometry":{"type":"Polygon","coordinates":[[[-54.3917,-15.8406],[-54.3923,-15.8409],[-54.3941,-15.8424],[-54.3944,-15.8441],[-54.3952,-15.8452],[-54.3962,-15.8462],[-54.3961,-15.8469],[-54.3994,-15.8456],[-54.3995,-15.8455],[-54.4013,-15.8419],[-54.394,-15.8389],[-54.3936,-15.8395],[-54.3932,-15.8392],[-54.3917,-15.8406]]]}},{"type":"Feature","properties":{"c":"b484","b":484,"n":"Santa Luzia","m":"5107008","cx":-54.4067,"cy":-15.8163},"geometry":{"type":"Polygon","coordinates":[[[-54.4058,-15.813],[-54.4035,-15.8146],[-54.4031,-15.8148],[-54.4035,-15.8154],[-54.4057,-15.8178],[-54.4072,-15.8193],[-54.4078,-15.8187],[-54.4068,-15.8176],[-54.4076,-15.8169],[-54.4078,-15.8171],[-54.4088,-15.8166],[-54.4094,-15.816],[-54.4086,-15.8152],[-54.4084,-15.8154],[-54.4076,-15.8146],[-54.4078,-15.8144],[-54.4067,-15.8131],[-54.4058,-15.813]]]}},{"type":"Feature","properties":{"c":"b485","b":485,"n":"Santa Maria","m":"5107008","cx":-54.4052,"cy":-15.8464},"geometry":{"type":"Polygon","coordinates":[[[-54.4094,-15.8497],[-54.4106,-15.8511],[-54.4118,-15.8472],[-54.4084,-15.8468],[-54.4089,-15.8461],[-54.4057,-15.8449],[-54.4023,-15.8416],[-54.4013,-15.8419],[-54.3995,-15.8455],[-54.4094,-15.8497]]]}},{"type":"Feature","properties":{"c":"b486","b":486,"n":"Vila Cruzeiro","m":"5107008","cx":-54.3969,"cy":-15.8325},"geometry":{"type":"Polygon","coordinates":[[[-54.3948,-15.832],[-54.3947,-15.8331],[-54.395,-15.8335],[-54.3943,-15.8337],[-54.3948,-15.8345],[-54.3954,-15.8343],[-54.3958,-15.8349],[-54.3966,-15.8347],[-54.3977,-15.8363],[-54.3991,-15.8338],[-54.3994,-15.8338],[-54.3994,-15.8335],[-54.3983,-15.8298],[-54.3972,-15.8298],[-54.3969,-15.8293],[-54.3965,-15.8295],[-54.3958,-15.8282],[-54.3952,-15.8295],[-54.394,-15.8289],[-54.3936,-15.8298],[-54.3938,-15.8299],[-54.3932,-15.8312],[-54.3948,-15.832]]]}},{"type":"Feature","properties":{"c":"b487","b":487,"n":"Vila Santa Terezinha","m":"5107008","cx":-54.3894,"cy":-15.8438},"geometry":{"type":"Polygon","coordinates":[[[-54.3814,-15.8407],[-54.384,-15.8435],[-54.3879,-15.8459],[-54.3915,-15.8488],[-54.3961,-15.8469],[-54.3962,-15.8462],[-54.3952,-15.8452],[-54.3944,-15.8441],[-54.3941,-15.8424],[-54.3923,-15.8409],[-54.3917,-15.8406],[-54.3902,-15.8404],[-54.3887,-15.8407],[-54.3884,-15.8405],[-54.3875,-15.8411],[-54.3865,-15.8413],[-54.3851,-15.8413],[-54.3849,-15.8414],[-54.3844,-15.8407],[-54.383,-15.8404],[-54.3825,-15.8397],[-54.3818,-15.8391],[-54.3817,-15.8394],[-54.3804,-15.8396],[-54.3785,-15.8405],[-54.3786,-15.841],[-54.3777,-15.8415],[-54.3773,-15.8422],[-54.3814,-15.8407]]]}},{"type":"Feature","properties":{"c":"b488","b":488,"n":"Xavante","m":"5107008","cx":-54.4086,"cy":-15.8199},"geometry":{"type":"Polygon","coordinates":[[[-54.4072,-15.8193],[-54.4091,-15.8214],[-54.4101,-15.8205],[-54.4082,-15.8185],[-54.4078,-15.8187],[-54.4072,-15.8193]]]}},{"type":"Feature","properties":{"c":"b489","b":489,"n":"Centro","m":"5107198","cx":-52.6948,"cy":-16.4898},"geometry":{"type":"Polygon","coordinates":[[[-52.6946,-16.4939],[-52.6949,-16.4945],[-52.6966,-16.4936],[-52.6963,-16.4929],[-52.6985,-16.4917],[-52.6963,-16.488],[-52.6957,-16.4871],[-52.6946,-16.4852],[-52.6908,-16.4873],[-52.6946,-16.4939]]]}},{"type":"Feature","properties":{"c":"b490","b":490,"n":"Flamboyant","m":"5107198","cx":-52.6918,"cy":-16.4823},"geometry":{"type":"Polygon","coordinates":[[[-52.6891,-16.4868],[-52.6903,-16.4864],[-52.69,-16.4841],[-52.69,-16.4833],[-52.6921,-16.4838],[-52.692,-16.4842],[-52.6926,-16.4839],[-52.6931,-16.4848],[-52.6941,-16.4843],[-52.696,-16.4832],[-52.6963,-16.4838],[-52.6963,-16.4829],[-52.6955,-16.4812],[-52.6949,-16.4808],[-52.6944,-16.4802],[-52.6932,-16.479],[-52.6912,-16.4775],[-52.69,-16.4775],[-52.6892,-16.4777],[-52.688,-16.4801],[-52.6875,-16.4817],[-52.6875,-16.483],[-52.6876,-16.4844],[-52.6882,-16.4853],[-52.6882,-16.4869],[-52.6891,-16.4868]]]}},{"type":"Feature","properties":{"c":"b491","b":491,"n":"Jardim das Flores","m":"5107198","cx":-52.6919,"cy":-16.4858},"geometry":{"type":"Polygon","coordinates":[[[-52.6908,-16.4873],[-52.6946,-16.4852],[-52.6941,-16.4843],[-52.6931,-16.4848],[-52.6926,-16.4839],[-52.692,-16.4842],[-52.6921,-16.4838],[-52.69,-16.4833],[-52.69,-16.4841],[-52.6903,-16.4864],[-52.6908,-16.4873]]]}},{"type":"Feature","properties":{"c":"b492","b":492,"n":"Jardim dos Ipês","m":"5107198","cx":-52.6979,"cy":-16.489},"geometry":{"type":"Polygon","coordinates":[[[-52.6985,-16.4917],[-52.6994,-16.4911],[-52.6983,-16.4893],[-52.6993,-16.4888],[-52.6982,-16.4869],[-52.6963,-16.488],[-52.6985,-16.4917]]]}},{"type":"Feature","properties":{"c":"b493","b":493,"n":"João de Barro","m":"5107198","cx":-52.6956,"cy":-16.4847},"geometry":{"type":"Polygon","coordinates":[[[-52.6946,-16.4852],[-52.6957,-16.4871],[-52.6976,-16.486],[-52.6963,-16.4838],[-52.696,-16.4832],[-52.6941,-16.4843],[-52.6946,-16.4852]]]}},{"type":"Feature","properties":{"c":"b494","b":494,"n":"Parque Araguaia","m":"5107198","cx":-52.6914,"cy":-16.4907},"geometry":{"type":"Polygon","coordinates":[[[-52.6903,-16.4864],[-52.6891,-16.4868],[-52.6882,-16.4869],[-52.6882,-16.4879],[-52.6885,-16.489],[-52.6898,-16.4901],[-52.6903,-16.4913],[-52.6906,-16.4927],[-52.6911,-16.4941],[-52.6922,-16.4952],[-52.6946,-16.4939],[-52.6908,-16.4873],[-52.6903,-16.4864]]]}},{"type":"Feature","properties":{"c":"b495","b":495,"n":"Raio de Luz","m":"5107198","cx":-52.6969,"cy":-16.487},"geometry":{"type":"Polygon","coordinates":[[[-52.6963,-16.488],[-52.6982,-16.4869],[-52.6976,-16.486],[-52.6957,-16.4871],[-52.6963,-16.488]]]}},{"type":"Feature","properties":{"c":"b496","b":496,"n":"Bandeirantes","m":"5107263","cx":-57.0008,"cy":-14.491},"geometry":{"type":"Polygon","coordinates":[[[-57.0005,-14.4925],[-57.0006,-14.492],[-57.0016,-14.4906],[-57.001,-14.4889],[-56.9998,-14.489],[-57.0004,-14.4914],[-56.9997,-14.4917],[-56.9997,-14.4925],[-57.0005,-14.4925]]]}},{"type":"Feature","properties":{"c":"b497","b":497,"n":"Bolívia","m":"5107263","cx":-56.9974,"cy":-14.496},"geometry":{"type":"Polygon","coordinates":[[[-56.9997,-14.4972],[-56.999,-14.4968],[-56.9985,-14.4953],[-56.9976,-14.4944],[-56.9965,-14.4946],[-56.9956,-14.4942],[-56.9964,-14.4978],[-56.9973,-14.4984],[-56.9979,-14.4982],[-56.9979,-14.4987],[-56.9996,-14.4976],[-57.0002,-14.4989],[-56.9997,-14.4972]]]}},{"type":"Feature","properties":{"c":"b498","b":498,"n":"Centro","m":"5107263","cx":-57.002,"cy":-14.4955},"geometry":{"type":"Polygon","coordinates":[[[-57.0058,-14.4949],[-57.0049,-14.4944],[-57.0064,-14.4918],[-57.0054,-14.492],[-57.0046,-14.4917],[-57.0045,-14.4922],[-57.003,-14.4924],[-57.0025,-14.492],[-57.0018,-14.4924],[-57.0013,-14.4922],[-57.0005,-14.4925],[-56.9997,-14.4925],[-56.998,-14.4927],[-56.9956,-14.4942],[-56.9965,-14.4946],[-56.9976,-14.4944],[-56.9985,-14.4953],[-56.999,-14.4968],[-56.9997,-14.4972],[-57.0002,-14.4989],[-57.0003,-14.4994],[-57.0011,-14.4991],[-57.0033,-14.4992],[-57.0038,-14.4985],[-57.0053,-14.4958],[-57.0058,-14.4949]]]}},{"type":"Feature","properties":{"c":"b499","b":499,"n":"Conjunto Habitacional Dona Jacinta","m":"5107263","cx":-57.0072,"cy":-14.4934},"geometry":{"type":"Polygon","coordinates":[[[-57.0072,-14.4968],[-57.0085,-14.4943],[-57.0093,-14.4925],[-57.0084,-14.492],[-57.0078,-14.4925],[-57.0073,-14.4925],[-57.0064,-14.4918],[-57.0049,-14.4944],[-57.0058,-14.4949],[-57.0053,-14.4958],[-57.0072,-14.4968]]]}},{"type":"Feature","properties":{"c":"b500","b":500,"n":"Vila Alta","m":"5107263","cx":-57.0067,"cy":-14.4994},"geometry":{"type":"Polygon","coordinates":[[[-57.0046,-14.4997],[-57.0055,-14.5003],[-57.0057,-14.5009],[-57.0059,-14.5006],[-57.0064,-14.5009],[-57.0057,-14.5018],[-57.0069,-14.5029],[-57.008,-14.5015],[-57.0098,-14.5027],[-57.0106,-14.5017],[-57.0089,-14.5004],[-57.0104,-14.4982],[-57.0099,-14.4979],[-57.0092,-14.499],[-57.0085,-14.4986],[-57.0094,-14.4971],[-57.0075,-14.4967],[-57.0072,-14.4968],[-57.0053,-14.4958],[-57.0038,-14.4985],[-57.0033,-14.4992],[-57.0046,-14.4997]]]}},{"type":"Feature","properties":{"c":"b501","b":501,"n":"Jardim Arco-Íris","m":"5107305","cx":-56.7187,"cy":-13.4639},"geometry":{"type":"Polygon","coordinates":[[[-56.7207,-13.4625],[-56.7192,-13.4631],[-56.7169,-13.4637],[-56.7165,-13.4642],[-56.7158,-13.4644],[-56.7164,-13.4667],[-56.7199,-13.4645],[-56.7239,-13.462],[-56.7238,-13.4615],[-56.7235,-13.4617],[-56.7207,-13.4625]]]}},{"type":"Feature","properties":{"c":"b502","b":502,"n":"Jardim Bela Vista","m":"5107305","cx":-56.7139,"cy":-13.4438},"geometry":{"type":"Polygon","coordinates":[[[-56.7137,-13.4459],[-56.7158,-13.4446],[-56.7141,-13.4418],[-56.7119,-13.4431],[-56.7134,-13.4454],[-56.7137,-13.4459]]]}},{"type":"Feature","properties":{"c":"b503","b":503,"n":"Jardim Casa Nova","m":"5107305","cx":-56.7188,"cy":-13.4612},"geometry":{"type":"Polygon","coordinates":[[[-56.7149,-13.4622],[-56.7182,-13.4617],[-56.7185,-13.4621],[-56.7234,-13.4615],[-56.7235,-13.4617],[-56.7238,-13.4615],[-56.7233,-13.4606],[-56.723,-13.4608],[-56.7189,-13.4609],[-56.7148,-13.4609],[-56.7139,-13.461],[-56.7142,-13.4622],[-56.7149,-13.4622]]]}},{"type":"Feature","properties":{"c":"b504","b":504,"n":"Jardim Novo Horizonte","m":"5107305","cx":-56.7271,"cy":-13.4477},"geometry":{"type":"Polygon","coordinates":[[[-56.7253,-13.4461],[-56.7244,-13.4503],[-56.7255,-13.4522],[-56.7302,-13.4493],[-56.7273,-13.4449],[-56.7253,-13.4461]]]}},{"type":"Feature","properties":{"c":"b505","b":505,"n":"Jardim Olinda","m":"5107305","cx":-56.7167,"cy":-13.4626},"geometry":{"type":"Polygon","coordinates":[[[-56.7148,-13.4634],[-56.7158,-13.4644],[-56.7165,-13.4642],[-56.7169,-13.4637],[-56.7192,-13.4631],[-56.7185,-13.4621],[-56.7182,-13.4617],[-56.7149,-13.4622],[-56.7142,-13.4622],[-56.7148,-13.4634]]]}},{"type":"Feature","properties":{"c":"b506","b":506,"n":"Jardim Rio Claro","m":"5107305","cx":-56.708,"cy":-13.4522},"geometry":{"type":"Polygon","coordinates":[[[-56.6995,-13.4539],[-56.7064,-13.4566],[-56.7165,-13.4505],[-56.7161,-13.4495],[-56.7137,-13.4459],[-56.7134,-13.4454],[-56.6995,-13.4539]]]}},{"type":"Feature","properties":{"c":"b507","b":507,"n":"Centro","m":"5107578","cx":-61.4597,"cy":-10.8435},"geometry":{"type":"Polygon","coordinates":[[[-61.4574,-10.8447],[-61.4614,-10.8453],[-61.4619,-10.8423],[-61.462,-10.8416],[-61.4605,-10.8413],[-61.4592,-10.8414],[-61.458,-10.8412],[-61.4579,-10.8421],[-61.4574,-10.8447]]]}},{"type":"Feature","properties":{"c":"b508","b":508,"n":"Colina Verde","m":"5107578","cx":-61.4569,"cy":-10.845},"geometry":{"type":"Polygon","coordinates":[[[-61.4561,-10.8418],[-61.4553,-10.8417],[-61.4552,-10.8425],[-61.4543,-10.8424],[-61.4539,-10.8448],[-61.4539,-10.8449],[-61.4581,-10.8457],[-61.458,-10.8465],[-61.4588,-10.8467],[-61.4585,-10.8481],[-61.4591,-10.8483],[-61.4594,-10.8478],[-61.4615,-10.8483],[-61.4617,-10.8458],[-61.4618,-10.8452],[-61.4644,-10.8451],[-61.4648,-10.8428],[-61.4619,-10.8423],[-61.4614,-10.8453],[-61.4574,-10.8447],[-61.4579,-10.8421],[-61.4561,-10.8418]]]}},{"type":"Feature","properties":{"c":"b509","b":509,"n":"Primavera","m":"5107578","cx":-61.4614,"cy":-10.8402},"geometry":{"type":"Polygon","coordinates":[[[-61.4579,-10.8421],[-61.458,-10.8412],[-61.4592,-10.8414],[-61.4605,-10.8413],[-61.462,-10.8416],[-61.4619,-10.8423],[-61.4648,-10.8428],[-61.4652,-10.8395],[-61.4645,-10.8388],[-61.4626,-10.8385],[-61.4606,-10.8378],[-61.4608,-10.8372],[-61.4603,-10.8371],[-61.46,-10.8365],[-61.4587,-10.8362],[-61.4585,-10.8381],[-61.4587,-10.8389],[-61.4572,-10.8409],[-61.4563,-10.841],[-61.4561,-10.8418],[-61.4579,-10.8421]]]}},{"type":"Feature","properties":{"c":"b510","b":510,"n":"Aeroporto","m":"5107701","cx":-56.4409,"cy":-14.8389},"geometry":{"type":"Polygon","coordinates":[[[-56.4383,-14.8382],[-56.4456,-14.8442],[-56.4466,-14.8456],[-56.4511,-14.8456],[-56.4524,-14.8438],[-56.4525,-14.8432],[-56.4506,-14.8425],[-56.4508,-14.8423],[-56.4431,-14.8392],[-56.442,-14.8387],[-56.4425,-14.8385],[-56.444,-14.8383],[-56.4473,-14.8381],[-56.4472,-14.8379],[-56.4434,-14.8343],[-56.4416,-14.8357],[-56.4399,-14.8329],[-56.4394,-14.8332],[-56.4378,-14.8322],[-56.4379,-14.8327],[-56.4373,-14.8331],[-56.4367,-14.8326],[-56.4364,-14.8331],[-56.4357,-14.8329],[-56.435,-14.8324],[-56.4347,-14.8319],[-56.435,-14.8336],[-56.4358,-14.8336],[-56.4356,-14.8344],[-56.4346,-14.8352],[-56.4383,-14.8382]]]}},{"type":"Feature","properties":{"c":"b511","b":511,"n":"Alto","m":"5107701","cx":-56.4301,"cy":-14.8177},"geometry":{"type":"Polygon","coordinates":[[[-56.4131,-14.8062],[-56.4141,-14.807],[-56.413,-14.8081],[-56.4134,-14.8084],[-56.415,-14.8096],[-56.4235,-14.8157],[-56.4278,-14.8189],[-56.4291,-14.8199],[-56.4301,-14.821],[-56.4308,-14.8224],[-56.4311,-14.8234],[-56.4313,-14.829],[-56.4315,-14.8299],[-56.4322,-14.8316],[-56.4324,-14.832],[-56.433,-14.8315],[-56.4331,-14.8309],[-56.4328,-14.8304],[-56.4329,-14.8298],[-56.434,-14.8292],[-56.4343,-14.8277],[-56.4335,-14.8265],[-56.4349,-14.8249],[-56.4337,-14.823],[-56.4346,-14.8213],[-56.4341,-14.821],[-56.4353,-14.8185],[-56.4325,-14.817],[-56.4308,-14.8158],[-56.4302,-14.8143],[-56.4294,-14.8117],[-56.4282,-14.8106],[-56.4263,-14.8097],[-56.4251,-14.8088],[-56.4226,-14.8065],[-56.42,-14.805],[-56.4191,-14.8048],[-56.4163,-14.8049],[-56.4145,-14.8049],[-56.4131,-14.805],[-56.4114,-14.8065],[-56.4121,-14.8073],[-56.4131,-14.8062]]]}},{"type":"Feature","properties":{"c":"b512","b":512,"n":"Centro","m":"5107701","cx":-56.4241,"cy":-14.8366},"geometry":{"type":"Polygon","coordinates":[[[-56.4302,-14.8365],[-56.4338,-14.8358],[-56.4346,-14.8352],[-56.4337,-14.8346],[-56.4331,-14.8339],[-56.4314,-14.8325],[-56.4292,-14.8306],[-56.4273,-14.8327],[-56.4268,-14.8323],[-56.4258,-14.8331],[-56.4225,-14.8301],[-56.4214,-14.829],[-56.4192,-14.8303],[-56.4155,-14.8327],[-56.4169,-14.8356],[-56.4195,-14.8378],[-56.422,-14.8394],[-56.4269,-14.8436],[-56.4271,-14.8441],[-56.428,-14.8434],[-56.4285,-14.8425],[-56.429,-14.8424],[-56.4294,-14.8413],[-56.4298,-14.8409],[-56.4306,-14.8409],[-56.4308,-14.8405],[-56.4302,-14.8404],[-56.4311,-14.8398],[-56.4305,-14.8396],[-56.4311,-14.8391],[-56.4307,-14.8388],[-56.4299,-14.8394],[-56.4297,-14.8389],[-56.4304,-14.8387],[-56.43,-14.8381],[-56.4296,-14.8381],[-56.4293,-14.8377],[-56.4296,-14.837],[-56.43,-14.8368],[-56.4302,-14.8365]]]}},{"type":"Feature","properties":{"c":"b513","b":513,"n":"Cohab Velha","m":"5107701","cx":-56.4287,"cy":-14.8253},"geometry":{"type":"Polygon","coordinates":[[[-56.4292,-14.8306],[-56.4314,-14.8325],[-56.4322,-14.8316],[-56.4315,-14.8299],[-56.4313,-14.829],[-56.4311,-14.8234],[-56.4308,-14.8224],[-56.4301,-14.821],[-56.4276,-14.8238],[-56.4248,-14.8269],[-56.4292,-14.8306]]]}},{"type":"Feature","properties":{"c":"b514","b":514,"n":"Da Torre","m":"5107701","cx":-56.4131,"cy":-14.8071},"geometry":{"type":"Polygon","coordinates":[[[-56.413,-14.8081],[-56.4141,-14.807],[-56.4131,-14.8062],[-56.4121,-14.8073],[-56.413,-14.8081]]]}},{"type":"Feature","properties":{"c":"b515","b":515,"n":"Monjolo","m":"5107701","cx":-56.4327,"cy":-14.8418},"geometry":{"type":"Polygon","coordinates":[[[-56.4276,-14.8451],[-56.4273,-14.8461],[-56.4278,-14.8457],[-56.4293,-14.8467],[-56.4311,-14.8454],[-56.4321,-14.8443],[-56.4328,-14.8451],[-56.4339,-14.8446],[-56.4355,-14.8448],[-56.4362,-14.8441],[-56.4366,-14.8445],[-56.4368,-14.8441],[-56.4381,-14.8442],[-56.4388,-14.844],[-56.4353,-14.841],[-56.43,-14.8368],[-56.4296,-14.837],[-56.4293,-14.8377],[-56.4296,-14.8381],[-56.43,-14.8381],[-56.4304,-14.8387],[-56.4297,-14.8389],[-56.4299,-14.8394],[-56.4307,-14.8388],[-56.4311,-14.8391],[-56.4305,-14.8396],[-56.4311,-14.8398],[-56.4302,-14.8404],[-56.4308,-14.8405],[-56.4306,-14.8409],[-56.4298,-14.8409],[-56.4294,-14.8413],[-56.429,-14.8424],[-56.4285,-14.8425],[-56.428,-14.8434],[-56.4271,-14.8441],[-56.4276,-14.8451]]]}},{"type":"Feature","properties":{"c":"b516","b":516,"n":"Nossa Senhora Aparecida","m":"5107701","cx":-56.4236,"cy":-14.8183},"geometry":{"type":"Polygon","coordinates":[[[-56.4291,-14.8199],[-56.4278,-14.8189],[-56.4235,-14.8157],[-56.415,-14.8096],[-56.4152,-14.8099],[-56.4193,-14.8152],[-56.4199,-14.8164],[-56.4201,-14.8181],[-56.4201,-14.8186],[-56.4243,-14.8265],[-56.4248,-14.8269],[-56.4276,-14.8238],[-56.4301,-14.821],[-56.4291,-14.8199]]]}},{"type":"Feature","properties":{"c":"b517","b":517,"n":"Nossa Senhora da Piedade","m":"5107701","cx":-56.4144,"cy":-14.8129},"geometry":{"type":"Polygon","coordinates":[[[-56.4201,-14.8181],[-56.4199,-14.8164],[-56.4193,-14.8152],[-56.4152,-14.8099],[-56.415,-14.8096],[-56.4134,-14.8084],[-56.4132,-14.8084],[-56.4107,-14.8114],[-56.412,-14.815],[-56.4133,-14.8144],[-56.4139,-14.815],[-56.4153,-14.8177],[-56.4157,-14.8181],[-56.4169,-14.8201],[-56.4201,-14.8181]]]}},{"type":"Feature","properties":{"c":"b518","b":518,"n":"Santa Isabel","m":"5107701","cx":-56.4202,"cy":-14.8228},"geometry":{"type":"Polygon","coordinates":[[[-56.4167,-14.8204],[-56.4201,-14.8267],[-56.4205,-14.8271],[-56.4205,-14.8269],[-56.4228,-14.8252],[-56.4243,-14.8265],[-56.4201,-14.8186],[-56.4201,-14.8181],[-56.4169,-14.8201],[-56.4167,-14.8204]]]}},{"type":"Feature","properties":{"c":"b519","b":519,"n":"Santo Antônio","m":"5107701","cx":-56.4368,"cy":-14.8396},"geometry":{"type":"Polygon","coordinates":[[[-56.4338,-14.8358],[-56.4302,-14.8365],[-56.43,-14.8368],[-56.4353,-14.841],[-56.4388,-14.844],[-56.4399,-14.8438],[-56.4408,-14.8441],[-56.4418,-14.8442],[-56.4442,-14.8455],[-56.4451,-14.8453],[-56.4459,-14.8463],[-56.447,-14.8466],[-56.4466,-14.8456],[-56.4456,-14.8442],[-56.4383,-14.8382],[-56.4346,-14.8352],[-56.4338,-14.8358]]]}},{"type":"Feature","properties":{"c":"b520","b":520,"n":"São Benedito","m":"5107701","cx":-56.425,"cy":-14.8295},"geometry":{"type":"Polygon","coordinates":[[[-56.4243,-14.8265],[-56.4228,-14.8252],[-56.4205,-14.8269],[-56.4205,-14.8271],[-56.4214,-14.829],[-56.4225,-14.8301],[-56.4258,-14.8331],[-56.4268,-14.8323],[-56.4273,-14.8327],[-56.4292,-14.8306],[-56.4248,-14.8269],[-56.4243,-14.8265]]]}},{"type":"Feature","properties":{"c":"b521","b":521,"n":"Habitar Brasil","m":"5107909","cx":-55.513,"cy":-11.885},"geometry":{"type":"Polygon","coordinates":[[[-55.5144,-11.8857],[-55.5139,-11.8838],[-55.5117,-11.8844],[-55.5122,-11.8863],[-55.5144,-11.8857]]]}},{"type":"Feature","properties":{"c":"b522","b":522,"n":"Jardim Boa Esperança","m":"5107909","cx":-55.5214,"cy":-11.8354},"geometry":{"type":"Polygon","coordinates":[[[-55.5173,-11.8367],[-55.5188,-11.8394],[-55.5192,-11.8394],[-55.5297,-11.8335],[-55.5293,-11.8325],[-55.5289,-11.8319],[-55.5284,-11.8304],[-55.5283,-11.8294],[-55.5159,-11.8342],[-55.5173,-11.8367]]]}},{"type":"Feature","properties":{"c":"b523","b":523,"n":"Jardim Botânico","m":"5107909","cx":-55.5069,"cy":-11.8673},"geometry":{"type":"Polygon","coordinates":[[[-55.5138,-11.869],[-55.5123,-11.8631],[-55.5117,-11.8625],[-55.5095,-11.8631],[-55.5,-11.8655],[-55.5,-11.8657],[-55.5017,-11.8721],[-55.5022,-11.8724],[-55.5054,-11.8716],[-55.5056,-11.8712],[-55.5062,-11.8714],[-55.5136,-11.8695],[-55.5138,-11.869]]]}},{"type":"Feature","properties":{"c":"b524","b":524,"n":"Jardim Celeste","m":"5107909","cx":-55.5117,"cy":-11.8782},"geometry":{"type":"Polygon","coordinates":[[[-55.5145,-11.8859],[-55.518,-11.885],[-55.5165,-11.8792],[-55.5159,-11.8789],[-55.5157,-11.8784],[-55.5161,-11.8777],[-55.5155,-11.8752],[-55.5181,-11.8766],[-55.5173,-11.8779],[-55.5174,-11.8787],[-55.5181,-11.8789],[-55.5186,-11.8786],[-55.5194,-11.8776],[-55.5211,-11.8786],[-55.5225,-11.8802],[-55.5236,-11.8802],[-55.5245,-11.8808],[-55.5248,-11.8816],[-55.5256,-11.8815],[-55.526,-11.8808],[-55.5263,-11.8796],[-55.5273,-11.8788],[-55.5278,-11.8787],[-55.5276,-11.8778],[-55.5268,-11.8784],[-55.5263,-11.8784],[-55.5258,-11.8781],[-55.525,-11.8786],[-55.5251,-11.8766],[-55.5201,-11.8737],[-55.5156,-11.8712],[-55.5145,-11.8714],[-55.5141,-11.87],[-55.5136,-11.8695],[-55.5062,-11.8714],[-55.5056,-11.8712],[-55.5054,-11.8716],[-55.506,-11.8719],[-55.5081,-11.8801],[-55.5078,-11.8804],[-55.508,-11.8809],[-55.5084,-11.881],[-55.5099,-11.8869],[-55.5122,-11.8863],[-55.5117,-11.8844],[-55.5139,-11.8838],[-55.5144,-11.8857],[-55.5145,-11.8859]]]}},{"type":"Feature","properties":{"c":"b525","b":525,"n":"Jardim Imperial","m":"5107909","cx":-55.5173,"cy":-11.845},"geometry":{"type":"Polygon","coordinates":[[[-55.5143,-11.8532],[-55.5146,-11.8532],[-55.5201,-11.8518],[-55.5253,-11.8505],[-55.5219,-11.8447],[-55.5188,-11.8394],[-55.5173,-11.8367],[-55.5139,-11.8375],[-55.5136,-11.8381],[-55.5132,-11.8381],[-55.5123,-11.8447],[-55.5129,-11.8452],[-55.5124,-11.8458],[-55.5143,-11.8532]]]}},{"type":"Feature","properties":{"c":"b526","b":526,"n":"Jardim Jacarandas","m":"5107909","cx":-55.505,"cy":-11.8765},"geometry":{"type":"Polygon","coordinates":[[[-55.5084,-11.881],[-55.508,-11.8809],[-55.5078,-11.8804],[-55.5081,-11.8801],[-55.506,-11.8719],[-55.5054,-11.8716],[-55.5022,-11.8724],[-55.5019,-11.873],[-55.504,-11.8812],[-55.5037,-11.8816],[-55.5022,-11.882],[-55.5038,-11.8884],[-55.5099,-11.8869],[-55.5084,-11.881]]]}},{"type":"Feature","properties":{"c":"b527","b":527,"n":"Jardim Maringá","m":"5107909","cx":-55.5205,"cy":-11.8575},"geometry":{"type":"Polygon","coordinates":[[[-55.5254,-11.8593],[-55.5256,-11.8558],[-55.5257,-11.8544],[-55.5258,-11.8507],[-55.5253,-11.8505],[-55.5201,-11.8518],[-55.5146,-11.8532],[-55.5143,-11.8532],[-55.5163,-11.861],[-55.5169,-11.861],[-55.5169,-11.8618],[-55.5209,-11.8672],[-55.5216,-11.8675],[-55.5245,-11.8668],[-55.5253,-11.8666],[-55.5254,-11.8593]]]}},{"type":"Feature","properties":{"c":"b528","b":528,"n":"Jardim Ouro","m":"5107909","cx":-55.4882,"cy":-11.81},"geometry":{"type":"Polygon","coordinates":[[[-55.4824,-11.812],[-55.492,-11.8096],[-55.4915,-11.8087],[-55.4889,-11.8094],[-55.4843,-11.8105],[-55.4822,-11.811],[-55.4824,-11.812]]]}},{"type":"Feature","properties":{"c":"b529","b":529,"n":"Jardim Paraíso","m":"5107909","cx":-55.5195,"cy":-11.8682},"geometry":{"type":"Polygon","coordinates":[[[-55.5141,-11.87],[-55.5145,-11.8714],[-55.5156,-11.8712],[-55.5201,-11.8737],[-55.5251,-11.8766],[-55.5252,-11.8757],[-55.5253,-11.8706],[-55.5253,-11.8674],[-55.5256,-11.867],[-55.5253,-11.8666],[-55.5245,-11.8668],[-55.5216,-11.8675],[-55.5209,-11.8672],[-55.5169,-11.8618],[-55.5169,-11.861],[-55.5163,-11.861],[-55.516,-11.8615],[-55.5129,-11.8622],[-55.513,-11.8626],[-55.5123,-11.8631],[-55.5138,-11.869],[-55.5136,-11.8695],[-55.5141,-11.87]]]}},{"type":"Feature","properties":{"c":"b530","b":530,"n":"Jardim Primavera","m":"5107909","cx":-55.4977,"cy":-11.8369},"geometry":{"type":"Polygon","coordinates":[[[-55.5035,-11.84],[-55.5012,-11.8309],[-55.5012,-11.829],[-55.5001,-11.8246],[-55.4972,-11.8253],[-55.4965,-11.8259],[-55.4959,-11.8272],[-55.4971,-11.8319],[-55.4962,-11.8322],[-55.4962,-11.8325],[-55.4957,-11.8328],[-55.4953,-11.8324],[-55.4921,-11.8332],[-55.4918,-11.8338],[-55.4939,-11.842],[-55.4944,-11.8422],[-55.4941,-11.8428],[-55.4958,-11.8492],[-55.5053,-11.8469],[-55.5035,-11.84]]]}},{"type":"Feature","properties":{"c":"b531","b":531,"n":"Jardim Violetas","m":"5107909","cx":-55.5054,"cy":-11.8339},"geometry":{"type":"Polygon","coordinates":[[[-55.5128,-11.8376],[-55.5132,-11.8381],[-55.5136,-11.8381],[-55.5139,-11.8375],[-55.5173,-11.8367],[-55.5159,-11.8342],[-55.5143,-11.8316],[-55.5146,-11.8315],[-55.5126,-11.8281],[-55.5048,-11.83],[-55.5044,-11.8296],[-55.5037,-11.8296],[-55.5033,-11.8299],[-55.5032,-11.8304],[-55.5012,-11.8309],[-55.5035,-11.84],[-55.5058,-11.8394],[-55.5063,-11.8388],[-55.5069,-11.8391],[-55.5078,-11.8389],[-55.5067,-11.8344],[-55.51,-11.8336],[-55.5109,-11.8371],[-55.5089,-11.8376],[-55.5091,-11.8386],[-55.5128,-11.8376]]]}},{"type":"Feature","properties":{"c":"b532","b":532,"n":"Jardim das Oliveiras","m":"5107909","cx":-55.5061,"cy":-11.8263},"geometry":{"type":"Polygon","coordinates":[[[-55.5091,-11.822],[-55.5089,-11.8224],[-55.5001,-11.8246],[-55.5012,-11.829],[-55.5012,-11.8309],[-55.5032,-11.8304],[-55.5033,-11.8299],[-55.5037,-11.8296],[-55.5044,-11.8296],[-55.5048,-11.83],[-55.5126,-11.8281],[-55.5091,-11.822]]]}},{"type":"Feature","properties":{"c":"b533","b":533,"n":"Jardim das Palmeiras","m":"5107909","cx":-55.5084,"cy":-11.8423},"geometry":{"type":"Polygon","coordinates":[[[-55.5129,-11.8452],[-55.5123,-11.8447],[-55.5132,-11.8381],[-55.5128,-11.8376],[-55.5091,-11.8386],[-55.5078,-11.8389],[-55.5069,-11.8391],[-55.5063,-11.8388],[-55.5058,-11.8394],[-55.5035,-11.84],[-55.5053,-11.8469],[-55.5075,-11.8463],[-55.5079,-11.8469],[-55.5086,-11.8468],[-55.5087,-11.846],[-55.5118,-11.8452],[-55.5124,-11.8458],[-55.5129,-11.8452]]]}},{"type":"Feature","properties":{"c":"b534","b":534,"n":"Parque das Araras","m":"5107909","cx":-55.4926,"cy":-11.8297},"geometry":{"type":"Polygon","coordinates":[[[-55.4928,-11.8264],[-55.4927,-11.8262],[-55.4881,-11.8274],[-55.4897,-11.8338],[-55.4912,-11.8334],[-55.4918,-11.8338],[-55.4921,-11.8332],[-55.4953,-11.8324],[-55.4957,-11.8328],[-55.4962,-11.8325],[-55.4962,-11.8322],[-55.4971,-11.8319],[-55.4959,-11.8272],[-55.4965,-11.8259],[-55.4972,-11.8253],[-55.4928,-11.8264]]]}},{"type":"Feature","properties":{"c":"b535","b":535,"n":"Residencial Brasília","m":"5107909","cx":-55.4873,"cy":-11.8458},"geometry":{"type":"Polygon","coordinates":[[[-55.4859,-11.8452],[-55.4864,-11.8471],[-55.4887,-11.8465],[-55.4882,-11.8445],[-55.4861,-11.845],[-55.4859,-11.8452]]]}},{"type":"Feature","properties":{"c":"b536","b":536,"n":"Residencial Jequitibás","m":"5107909","cx":-55.5192,"cy":-11.9986},"geometry":{"type":"MultiPolygon","coordinates":[[[[-55.5146,-11.9956],[-55.5147,-12.0016],[-55.5147,-12.0033],[-55.5147,-12.011],[-55.5164,-12.0109],[-55.5195,-12.0097],[-55.521,-12.0097],[-55.5222,-12.01],[-55.5237,-12.0107],[-55.5238,-11.9955],[-55.5238,-11.9916],[-55.524,-11.982],[-55.5146,-11.9818],[-55.5146,-11.9956]]],[[[-55.5089,-11.8376],[-55.5109,-11.8371],[-55.51,-11.8336],[-55.5067,-11.8344],[-55.5078,-11.8389],[-55.5091,-11.8386],[-55.5089,-11.8376]]]]}},{"type":"Feature","properties":{"c":"b537","b":537,"n":"Residencial Maripa","m":"5107909","cx":-55.511,"cy":-11.8931},"geometry":{"type":"Polygon","coordinates":[[[-55.5096,-11.8965],[-55.5132,-11.8902],[-55.5123,-11.8898],[-55.5122,-11.89],[-55.5087,-11.896],[-55.5096,-11.8965]]]}},{"type":"Feature","properties":{"c":"b538","b":538,"n":"Setor Comercial","m":"5107909","cx":-55.5077,"cy":-11.8541},"geometry":{"type":"Polygon","coordinates":[[[-55.4986,-11.8599],[-55.5081,-11.8575],[-55.5095,-11.8631],[-55.5117,-11.8625],[-55.5123,-11.8631],[-55.513,-11.8626],[-55.5129,-11.8622],[-55.516,-11.8615],[-55.5163,-11.861],[-55.5143,-11.8532],[-55.5124,-11.8458],[-55.5118,-11.8452],[-55.5087,-11.846],[-55.5086,-11.8468],[-55.5079,-11.8469],[-55.5075,-11.8463],[-55.5053,-11.8469],[-55.5068,-11.8526],[-55.4973,-11.855],[-55.4986,-11.8599]]]}},{"type":"Feature","properties":{"c":"b539","b":539,"n":"Setor Industrial","m":"5107909","cx":-55.4935,"cy":-11.8574},"geometry":{"type":"Polygon","coordinates":[[[-55.4986,-11.8599],[-55.4973,-11.855],[-55.4965,-11.8521],[-55.4931,-11.853],[-55.4897,-11.8399],[-55.486,-11.8447],[-55.4861,-11.845],[-55.4882,-11.8445],[-55.4887,-11.8465],[-55.4864,-11.8471],[-55.4935,-11.8742],[-55.4994,-11.8769],[-55.4969,-11.8673],[-55.4968,-11.8665],[-55.4964,-11.8655],[-55.4959,-11.8637],[-55.4993,-11.8628],[-55.4986,-11.8599]]]}},{"type":"Feature","properties":{"c":"b540","b":540,"n":"Setor Residencial Norte","m":"5107909","cx":-55.5012,"cy":-11.8506},"geometry":{"type":"Polygon","coordinates":[[[-55.4958,-11.8492],[-55.4965,-11.8521],[-55.4973,-11.855],[-55.5068,-11.8526],[-55.5053,-11.8469],[-55.4958,-11.8492]]]}},{"type":"Feature","properties":{"c":"b541","b":541,"n":"Setor Residencial Sul","m":"5107909","cx":-55.504,"cy":-11.8613},"geometry":{"type":"Polygon","coordinates":[[[-55.5081,-11.8575],[-55.4986,-11.8599],[-55.4993,-11.8628],[-55.5,-11.8655],[-55.5095,-11.8631],[-55.5081,-11.8575]]]}},{"type":"Feature","properties":{"c":"b542","b":542,"n":"Bela Vista","m":"5107925","cx":-55.7339,"cy":-12.5454},"geometry":{"type":"Polygon","coordinates":[[[-55.7418,-12.5437],[-55.7402,-12.5413],[-55.7388,-12.5391],[-55.7344,-12.5418],[-55.7308,-12.5441],[-55.7266,-12.5467],[-55.7296,-12.5513],[-55.7314,-12.5501],[-55.7337,-12.5487],[-55.7415,-12.5439],[-55.7418,-12.5437]]]}},{"type":"Feature","properties":{"c":"b543","b":543,"n":"Benjamim Raiser","m":"5107925","cx":-55.7099,"cy":-12.5404},"geometry":{"type":"Polygon","coordinates":[[[-55.7083,-12.5424],[-55.7087,-12.543],[-55.7125,-12.5406],[-55.7109,-12.5381],[-55.7074,-12.5403],[-55.7083,-12.5424]]]}},{"type":"Feature","properties":{"c":"b544","b":544,"n":"Boa Esperança","m":"5107925","cx":-55.701,"cy":-12.5495},"geometry":{"type":"Polygon","coordinates":[[[-55.7006,-12.5511],[-55.7026,-12.5499],[-55.7021,-12.5491],[-55.7036,-12.5482],[-55.7034,-12.548],[-55.7019,-12.5489],[-55.7011,-12.5477],[-55.6992,-12.5489],[-55.7006,-12.5511]]]}},{"type":"Feature","properties":{"c":"b545","b":545,"n":"Bom Jesus","m":"5107925","cx":-55.7186,"cy":-12.5401},"geometry":{"type":"Polygon","coordinates":[[[-55.7176,-12.5375],[-55.7145,-12.5394],[-55.7175,-12.544],[-55.7228,-12.5407],[-55.7198,-12.5361],[-55.7176,-12.5375]]]}},{"type":"Feature","properties":{"c":"b546","b":546,"n":"Fraternidade","m":"5107925","cx":-55.6999,"cy":-12.5479},"geometry":{"type":"Polygon","coordinates":[[[-55.7007,-12.547],[-55.6987,-12.5481],[-55.6992,-12.5489],[-55.7011,-12.5477],[-55.7007,-12.547]]]}},{"type":"Feature","properties":{"c":"b547","b":547,"n":"Jardim Alvorada","m":"5107925","cx":-55.7254,"cy":-12.5507},"geometry":{"type":"Polygon","coordinates":[[[-55.7266,-12.5467],[-55.7213,-12.55],[-55.7243,-12.5546],[-55.7267,-12.5531],[-55.7296,-12.5513],[-55.7266,-12.5467]]]}},{"type":"Feature","properties":{"c":"b548","b":548,"n":"Jardim Amazônia","m":"5107925","cx":-55.7343,"cy":-12.5612},"geometry":{"type":"Polygon","coordinates":[[[-55.7339,-12.5579],[-55.731,-12.5597],[-55.731,-12.5598],[-55.7328,-12.5627],[-55.7346,-12.5655],[-55.7361,-12.5657],[-55.7374,-12.5663],[-55.7387,-12.5653],[-55.7389,-12.5656],[-55.7393,-12.5652],[-55.7388,-12.5645],[-55.7343,-12.5576],[-55.7339,-12.5579]]]}},{"type":"Feature","properties":{"c":"b549","b":549,"n":"Jardim Aurora","m":"5107925","cx":-55.7397,"cy":-12.5496},"geometry":{"type":"Polygon","coordinates":[[[-55.7337,-12.5487],[-55.7359,-12.5522],[-55.738,-12.5553],[-55.7452,-12.5508],[-55.7458,-12.5506],[-55.7415,-12.5439],[-55.7337,-12.5487]]]}},{"type":"Feature","properties":{"c":"b550","b":550,"n":"Jardim Bela Vista","m":"5107925","cx":-55.7421,"cy":-12.5386},"geometry":{"type":"Polygon","coordinates":[[[-55.7441,-12.5358],[-55.7388,-12.5391],[-55.7402,-12.5413],[-55.7455,-12.538],[-55.7441,-12.5358]]]}},{"type":"Feature","properties":{"c":"b551","b":551,"n":"Jardim Califónia","m":"5107925","cx":-55.7263,"cy":-12.5616},"geometry":{"type":"Polygon","coordinates":[[[-55.7226,-12.5647],[-55.7299,-12.5602],[-55.7301,-12.5603],[-55.731,-12.5598],[-55.731,-12.5597],[-55.7302,-12.5584],[-55.7228,-12.563],[-55.7217,-12.5637],[-55.7224,-12.5648],[-55.7226,-12.5647]]]}},{"type":"Feature","properties":{"c":"b552","b":552,"n":"Jardim Europa","m":"5107925","cx":-55.7353,"cy":-12.5538},"geometry":{"type":"Polygon","coordinates":[[[-55.7314,-12.5501],[-55.7357,-12.5568],[-55.738,-12.5553],[-55.7359,-12.5522],[-55.7337,-12.5487],[-55.7314,-12.5501]]]}},{"type":"Feature","properties":{"c":"b553","b":553,"n":"Jardim Itália","m":"5107925","cx":-55.7306,"cy":-12.5559},"geometry":{"type":"Polygon","coordinates":[[[-55.7267,-12.5531],[-55.7281,-12.5552],[-55.729,-12.5566],[-55.7302,-12.5584],[-55.731,-12.5597],[-55.7339,-12.5579],[-55.7296,-12.5513],[-55.7267,-12.5531]]]}},{"type":"Feature","properties":{"c":"b554","b":554,"n":"Jardim Primavera","m":"5107925","cx":-55.7445,"cy":-12.5403},"geometry":{"type":"Polygon","coordinates":[[[-55.7455,-12.538],[-55.7402,-12.5413],[-55.7418,-12.5437],[-55.7487,-12.5394],[-55.7471,-12.537],[-55.7455,-12.538]]]}},{"type":"Feature","properties":{"c":"b555","b":555,"n":"Jardim Taiamã","m":"5107925","cx":-55.754,"cy":-12.5398},"geometry":{"type":"Polygon","coordinates":[[[-55.7488,-12.5366],[-55.7538,-12.5443],[-55.7583,-12.5414],[-55.758,-12.541],[-55.7559,-12.5376],[-55.7549,-12.5381],[-55.7548,-12.5385],[-55.7533,-12.5365],[-55.7521,-12.5345],[-55.7488,-12.5366]]]}},{"type":"Feature","properties":{"c":"b556","b":556,"n":"Jardim Tropical","m":"5107925","cx":-55.727,"cy":-12.5642},"geometry":{"type":"Polygon","coordinates":[[[-55.731,-12.5598],[-55.7301,-12.5603],[-55.7299,-12.5602],[-55.7226,-12.5647],[-55.7224,-12.5648],[-55.7236,-12.5664],[-55.7245,-12.5681],[-55.7283,-12.5657],[-55.7314,-12.5637],[-55.7328,-12.5627],[-55.731,-12.5598]]]}},{"type":"Feature","properties":{"c":"b557","b":557,"n":"Jardim das Américas","m":"5107925","cx":-55.7249,"cy":-12.5579},"geometry":{"type":"Polygon","coordinates":[[[-55.7251,-12.5571],[-55.7249,-12.5567],[-55.7216,-12.5588],[-55.7214,-12.5586],[-55.7192,-12.5599],[-55.7205,-12.5619],[-55.728,-12.5573],[-55.729,-12.5566],[-55.7281,-12.5552],[-55.7251,-12.5571]]]}},{"type":"Feature","properties":{"c":"b558","b":558,"n":"Morada do Sol","m":"5107925","cx":-55.7327,"cy":-12.554},"geometry":{"type":"Polygon","coordinates":[[[-55.7296,-12.5513],[-55.7339,-12.5579],[-55.7343,-12.5576],[-55.7357,-12.5568],[-55.7314,-12.5501],[-55.7296,-12.5513]]]}},{"type":"Feature","properties":{"c":"b559","b":559,"n":"Nova Prata","m":"5107925","cx":-55.7141,"cy":-12.5758},"geometry":{"type":"Polygon","coordinates":[[[-55.7084,-12.5742],[-55.7099,-12.5765],[-55.7123,-12.5806],[-55.7138,-12.5797],[-55.7168,-12.578],[-55.717,-12.578],[-55.7192,-12.5767],[-55.718,-12.5747],[-55.7171,-12.5751],[-55.7158,-12.573],[-55.7143,-12.5739],[-55.7129,-12.5715],[-55.7084,-12.5742]]]}},{"type":"Feature","properties":{"c":"b560","b":560,"n":"Parque Universitário","m":"5107925","cx":-55.7485,"cy":-12.5325},"geometry":{"type":"Polygon","coordinates":[[[-55.7471,-12.534],[-55.7485,-12.5362],[-55.7488,-12.5366],[-55.7521,-12.5345],[-55.7475,-12.5266],[-55.7439,-12.5289],[-55.7452,-12.531],[-55.7471,-12.534]]]}},{"type":"Feature","properties":{"c":"b561","b":561,"n":"Recanto dos Pássaros","m":"5107925","cx":-55.719,"cy":-12.5345},"geometry":{"type":"Polygon","coordinates":[[[-55.725,-12.5329],[-55.724,-12.5296],[-55.7233,-12.5284],[-55.7171,-12.5322],[-55.7166,-12.5313],[-55.7148,-12.5286],[-55.7143,-12.5286],[-55.7134,-12.5291],[-55.7129,-12.5301],[-55.7141,-12.532],[-55.7176,-12.5375],[-55.7198,-12.5361],[-55.725,-12.5329]]]}},{"type":"Feature","properties":{"c":"b562","b":562,"n":"Residencial Alphaville","m":"5107925","cx":-55.7393,"cy":-12.533},"geometry":{"type":"Polygon","coordinates":[[[-55.7379,-12.5355],[-55.7433,-12.5322],[-55.7418,-12.5299],[-55.7354,-12.5339],[-55.7369,-12.5361],[-55.7379,-12.5355]]]}},{"type":"Feature","properties":{"c":"b563","b":563,"n":"Residencial Vila Bela","m":"5107925","cx":-55.7092,"cy":-12.5634},"geometry":{"type":"Polygon","coordinates":[[[-55.706,-12.5601],[-55.7068,-12.5614],[-55.7093,-12.5655],[-55.7116,-12.5691],[-55.7129,-12.5715],[-55.7131,-12.5713],[-55.7148,-12.5702],[-55.7125,-12.5666],[-55.7121,-12.5661],[-55.7076,-12.5591],[-55.706,-12.5601]]]}},{"type":"Feature","properties":{"c":"b564","b":564,"n":"Residencial Village","m":"5107925","cx":-55.7425,"cy":-12.5347},"geometry":{"type":"Polygon","coordinates":[[[-55.7471,-12.534],[-55.7452,-12.531],[-55.7433,-12.5322],[-55.7379,-12.5355],[-55.7369,-12.5361],[-55.7388,-12.5391],[-55.7441,-12.5358],[-55.7471,-12.534]]]}},{"type":"Feature","properties":{"c":"b565","b":565,"n":"São Domingos","m":"5107925","cx":-55.7037,"cy":-12.5545},"geometry":{"type":"Polygon","coordinates":[[[-55.7006,-12.5511],[-55.7041,-12.557],[-55.7049,-12.5585],[-55.706,-12.5601],[-55.7076,-12.5591],[-55.7031,-12.5521],[-55.7037,-12.5516],[-55.7026,-12.5499],[-55.7006,-12.5511]]]}},{"type":"Feature","properties":{"c":"b566","b":566,"n":"São José I","m":"5107925","cx":-55.7508,"cy":-12.5509},"geometry":{"type":"Polygon","coordinates":[[[-55.7502,-12.5477],[-55.7482,-12.549],[-55.7491,-12.5503],[-55.7515,-12.5542],[-55.7529,-12.5533],[-55.752,-12.5518],[-55.7526,-12.5515],[-55.7502,-12.5477]]]}},{"type":"Feature","properties":{"c":"b567","b":567,"n":"São José II","m":"5107925","cx":-55.7522,"cy":-12.5496},"geometry":{"type":"Polygon","coordinates":[[[-55.7543,-12.5539],[-55.7553,-12.5533],[-55.7513,-12.547],[-55.7502,-12.5477],[-55.7526,-12.5515],[-55.7543,-12.5539]]]}},{"type":"Feature","properties":{"c":"b568","b":568,"n":"Vitória Régia","m":"5107925","cx":-55.7463,"cy":-12.536},"geometry":{"type":"Polygon","coordinates":[[[-55.7455,-12.538],[-55.7471,-12.537],[-55.7485,-12.5362],[-55.7471,-12.534],[-55.7441,-12.5358],[-55.7455,-12.538]]]}},{"type":"Feature","properties":{"c":"b569","b":569,"n":"Centro","m":"5107958","cx":-57.4894,"cy":-14.6199},"geometry":{"type":"Polygon","coordinates":[[[-57.4871,-14.6133],[-57.4844,-14.6112],[-57.4832,-14.6127],[-57.4813,-14.6149],[-57.4807,-14.6158],[-57.4829,-14.6176],[-57.4836,-14.6167],[-57.4844,-14.6173],[-57.4825,-14.6196],[-57.4833,-14.6202],[-57.4827,-14.621],[-57.4842,-14.6222],[-57.4836,-14.6229],[-57.4876,-14.626],[-57.4907,-14.6283],[-57.4937,-14.6246],[-57.4968,-14.6207],[-57.4953,-14.6194],[-57.4937,-14.6182],[-57.4906,-14.6159],[-57.4871,-14.6133]]]}},{"type":"Feature","properties":{"c":"b570","b":570,"n":"Jardim Acácia","m":"5107958","cx":-57.4992,"cy":-14.6255},"geometry":{"type":"Polygon","coordinates":[[[-57.5002,-14.6232],[-57.4968,-14.6207],[-57.4937,-14.6246],[-57.4964,-14.6265],[-57.5022,-14.631],[-57.5027,-14.6312],[-57.5069,-14.6311],[-57.5103,-14.6309],[-57.5053,-14.6271],[-57.5014,-14.6241],[-57.5002,-14.6232]]]}},{"type":"Feature","properties":{"c":"b571","b":571,"n":"Jardim Aeroporto","m":"5107958","cx":-57.4599,"cy":-14.6405},"geometry":{"type":"Polygon","coordinates":[[[-57.4482,-14.6449],[-57.4484,-14.6453],[-57.452,-14.6463],[-57.4535,-14.6467],[-57.4552,-14.6469],[-57.4616,-14.6475],[-57.4619,-14.6472],[-57.4631,-14.6471],[-57.4634,-14.6464],[-57.4638,-14.6462],[-57.4641,-14.6453],[-57.4636,-14.6447],[-57.4643,-14.6439],[-57.4648,-14.6437],[-57.4646,-14.6424],[-57.4646,-14.6415],[-57.4641,-14.6409],[-57.4649,-14.6402],[-57.4645,-14.6395],[-57.4651,-14.6385],[-57.4659,-14.6381],[-57.4656,-14.6377],[-57.4663,-14.6372],[-57.4667,-14.6374],[-57.4666,-14.6368],[-57.4669,-14.636],[-57.4674,-14.6358],[-57.4677,-14.6352],[-57.4673,-14.6334],[-57.4617,-14.6367],[-57.459,-14.6385],[-57.4574,-14.6393],[-57.4546,-14.641],[-57.449,-14.6443],[-57.4482,-14.6449]]]}},{"type":"Feature","properties":{"c":"b572","b":572,"n":"Jardim Alto da Boa Vista","m":"5107958","cx":-57.4637,"cy":-14.6589},"geometry":{"type":"Polygon","coordinates":[[[-57.4659,-14.6566],[-57.4653,-14.6564],[-57.4577,-14.6548],[-57.4544,-14.6542],[-57.4554,-14.6548],[-57.4549,-14.6554],[-57.4545,-14.6563],[-57.4539,-14.6583],[-57.4532,-14.6595],[-57.4565,-14.6601],[-57.4567,-14.6602],[-57.4613,-14.6611],[-57.4714,-14.6632],[-57.4743,-14.6583],[-57.4659,-14.6566]]]}},{"type":"Feature","properties":{"c":"b573","b":573,"n":"Jardim Buritis","m":"5107958","cx":-57.5186,"cy":-14.602},"geometry":{"type":"Polygon","coordinates":[[[-57.5208,-14.5964],[-57.5213,-14.5959],[-57.5211,-14.5952],[-57.5159,-14.5987],[-57.516,-14.5998],[-57.5169,-14.6079],[-57.5203,-14.6052],[-57.521,-14.6042],[-57.5208,-14.5978],[-57.5208,-14.5964]]]}},{"type":"Feature","properties":{"c":"b574","b":574,"n":"Jardim Cidade Alta","m":"5107958","cx":-57.4995,"cy":-14.6319},"geometry":{"type":"Polygon","coordinates":[[[-57.4957,-14.6381],[-57.4971,-14.6364],[-57.4978,-14.636],[-57.4975,-14.6358],[-57.4981,-14.6351],[-57.4991,-14.6359],[-57.5016,-14.6357],[-57.5027,-14.6358],[-57.5031,-14.6363],[-57.5049,-14.6363],[-57.5062,-14.637],[-57.5069,-14.6381],[-57.5078,-14.6391],[-57.5092,-14.6393],[-57.5118,-14.639],[-57.5119,-14.6385],[-57.5047,-14.633],[-57.5048,-14.6329],[-57.5022,-14.631],[-57.4964,-14.6265],[-57.4954,-14.6308],[-57.4958,-14.631],[-57.4953,-14.633],[-57.4952,-14.6342],[-57.4946,-14.6372],[-57.4957,-14.6381]]]}},{"type":"Feature","properties":{"c":"b575","b":575,"n":"Jardim Dona Júlia","m":"5107958","cx":-57.5037,"cy":-14.612},"geometry":{"type":"Polygon","coordinates":[[[-57.5107,-14.6131],[-57.5104,-14.6125],[-57.5078,-14.6123],[-57.5078,-14.6117],[-57.5049,-14.6114],[-57.5048,-14.61],[-57.5067,-14.6102],[-57.5067,-14.6109],[-57.5104,-14.6111],[-57.5103,-14.6095],[-57.5094,-14.6087],[-57.5047,-14.6084],[-57.5048,-14.6095],[-57.4998,-14.6089],[-57.4993,-14.6104],[-57.4997,-14.6124],[-57.4996,-14.6148],[-57.5,-14.6159],[-57.5032,-14.6148],[-57.5051,-14.6142],[-57.5058,-14.6142],[-57.5108,-14.6146],[-57.5107,-14.6131]]]}},{"type":"Feature","properties":{"c":"b576","b":576,"n":"Jardim Esmeralda","m":"5107958","cx":-57.5225,"cy":-14.6382},"geometry":{"type":"Polygon","coordinates":[[[-57.5291,-14.6302],[-57.5244,-14.6304],[-57.5224,-14.6304],[-57.5214,-14.6305],[-57.5215,-14.6328],[-57.5209,-14.633],[-57.5211,-14.6336],[-57.5218,-14.6341],[-57.5219,-14.6341],[-57.5225,-14.6367],[-57.5196,-14.6374],[-57.5191,-14.6377],[-57.5174,-14.64],[-57.5167,-14.6407],[-57.5153,-14.6397],[-57.5138,-14.6394],[-57.5133,-14.6395],[-57.5182,-14.6433],[-57.5184,-14.6433],[-57.5218,-14.6459],[-57.5277,-14.6408],[-57.5262,-14.6404],[-57.5249,-14.6398],[-57.5232,-14.6396],[-57.5223,-14.6392],[-57.523,-14.639],[-57.525,-14.6389],[-57.5252,-14.6391],[-57.5265,-14.6388],[-57.5258,-14.6362],[-57.5282,-14.6357],[-57.5282,-14.6354],[-57.5293,-14.6352],[-57.53,-14.6336],[-57.5306,-14.6335],[-57.5305,-14.6329],[-57.5307,-14.6302],[-57.5291,-14.6302]]]}},{"type":"Feature","properties":{"c":"b577","b":577,"n":"Jardim Europa","m":"5107958","cx":-57.4782,"cy":-14.6095},"geometry":{"type":"Polygon","coordinates":[[[-57.4759,-14.6109],[-57.476,-14.6108],[-57.4813,-14.6149],[-57.4832,-14.6127],[-57.4844,-14.6112],[-57.4836,-14.6106],[-57.4808,-14.6085],[-57.478,-14.6064],[-57.4749,-14.6039],[-57.4736,-14.6054],[-57.4727,-14.6046],[-57.4708,-14.607],[-57.4759,-14.6109]]]}},{"type":"Feature","properties":{"c":"b578","b":578,"n":"Jardim Floriza","m":"5107958","cx":-57.4768,"cy":-14.6145},"geometry":{"type":"Polygon","coordinates":[[[-57.4813,-14.6149],[-57.476,-14.6108],[-57.4759,-14.6109],[-57.4708,-14.607],[-57.4702,-14.6078],[-57.4692,-14.6069],[-57.469,-14.6066],[-57.4688,-14.6073],[-57.4693,-14.6081],[-57.4702,-14.6086],[-57.4702,-14.6089],[-57.4709,-14.61],[-57.4711,-14.6112],[-57.4713,-14.6115],[-57.472,-14.6116],[-57.473,-14.6129],[-57.4728,-14.6141],[-57.473,-14.6148],[-57.4737,-14.6164],[-57.4746,-14.618],[-57.4769,-14.6209],[-57.4773,-14.6213],[-57.4774,-14.622],[-57.4785,-14.6223],[-57.4786,-14.6226],[-57.4796,-14.6213],[-57.4804,-14.6205],[-57.4782,-14.6188],[-57.4807,-14.6158],[-57.4813,-14.6149]]]}},{"type":"Feature","properties":{"c":"b579","b":579,"n":"Jardim Goiás","m":"5107958","cx":-57.4742,"cy":-14.6255},"geometry":{"type":"Polygon","coordinates":[[[-57.468,-14.62],[-57.4676,-14.6209],[-57.4681,-14.6213],[-57.4684,-14.6224],[-57.4682,-14.623],[-57.4681,-14.624],[-57.469,-14.6249],[-57.4692,-14.6257],[-57.4703,-14.626],[-57.4706,-14.6256],[-57.4719,-14.6261],[-57.4721,-14.6259],[-57.4737,-14.627],[-57.4749,-14.6256],[-57.4758,-14.6261],[-57.4769,-14.6296],[-57.4784,-14.6334],[-57.479,-14.6321],[-57.4797,-14.6308],[-57.4803,-14.6295],[-57.4807,-14.629],[-57.4805,-14.625],[-57.4802,-14.6249],[-57.4795,-14.6258],[-57.4785,-14.625],[-57.4781,-14.6255],[-57.477,-14.6246],[-57.4774,-14.6241],[-57.4751,-14.6222],[-57.4751,-14.6217],[-57.4728,-14.6178],[-57.4698,-14.6215],[-57.468,-14.62]]]}},{"type":"Feature","properties":{"c":"b580","b":580,"n":"Jardim Horizonte","m":"5107958","cx":-57.4858,"cy":-14.6056},"geometry":{"type":"Polygon","coordinates":[[[-57.4896,-14.603],[-57.4882,-14.6013],[-57.4867,-14.6032],[-57.4853,-14.6016],[-57.485,-14.6019],[-57.4854,-14.6022],[-57.4806,-14.6082],[-57.4808,-14.6085],[-57.4836,-14.6106],[-57.4855,-14.6083],[-57.4878,-14.6101],[-57.4902,-14.6071],[-57.4886,-14.606],[-57.4892,-14.6052],[-57.4894,-14.6053],[-57.4896,-14.603]]]}},{"type":"Feature","properties":{"c":"b581","b":581,"n":"Jardim Mituo","m":"5107958","cx":-57.4773,"cy":-14.603},"geometry":{"type":"Polygon","coordinates":[[[-57.4842,-14.6013],[-57.4839,-14.6017],[-57.4819,-14.6],[-57.4816,-14.6004],[-57.4803,-14.5993],[-57.4799,-14.5997],[-57.4815,-14.601],[-57.4805,-14.6021],[-57.4829,-14.6042],[-57.4814,-14.6058],[-57.4799,-14.6039],[-57.4771,-14.6009],[-57.4749,-14.6039],[-57.478,-14.6064],[-57.4808,-14.6085],[-57.4806,-14.6082],[-57.4854,-14.6022],[-57.485,-14.6019],[-57.4842,-14.6013]]]}},{"type":"Feature","properties":{"c":"b582","b":582,"n":"Jardim Monte Líbano","m":"5107958","cx":-57.5134,"cy":-14.6365},"geometry":{"type":"Polygon","coordinates":[[[-57.5069,-14.6311],[-57.5027,-14.6312],[-57.5022,-14.631],[-57.5048,-14.6329],[-57.5047,-14.633],[-57.5119,-14.6385],[-57.5118,-14.639],[-57.5133,-14.6395],[-57.5138,-14.6394],[-57.5153,-14.6397],[-57.5167,-14.6407],[-57.5174,-14.64],[-57.5191,-14.6377],[-57.516,-14.6353],[-57.5103,-14.6309],[-57.5069,-14.6311]]]}},{"type":"Feature","properties":{"c":"b583","b":583,"n":"Jardim Morada do Sol","m":"5107958","cx":-57.5175,"cy":-14.6221},"geometry":{"type":"Polygon","coordinates":[[[-57.5229,-14.6257],[-57.5212,-14.6244],[-57.5218,-14.6236],[-57.5191,-14.6216],[-57.5218,-14.6184],[-57.5209,-14.6177],[-57.5192,-14.6186],[-57.5185,-14.6181],[-57.5147,-14.6227],[-57.515,-14.6242],[-57.5146,-14.6262],[-57.5154,-14.6275],[-57.5199,-14.6264],[-57.5229,-14.6257]]]}},{"type":"Feature","properties":{"c":"b584","b":584,"n":"Jardim Nazaré","m":"5107958","cx":-57.4847,"cy":-14.6425},"geometry":{"type":"MultiPolygon","coordinates":[[[[-57.4835,-14.646],[-57.4833,-14.6477],[-57.4855,-14.6479],[-57.4856,-14.6468],[-57.4877,-14.6471],[-57.4884,-14.6448],[-57.4885,-14.6434],[-57.4877,-14.6438],[-57.4859,-14.6448],[-57.4835,-14.646]]],[[[-57.4857,-14.6404],[-57.4828,-14.6413],[-57.482,-14.6445],[-57.4851,-14.6433],[-57.4893,-14.6416],[-57.489,-14.6409],[-57.4861,-14.6418],[-57.4857,-14.6404]]]]}},{"type":"Feature","properties":{"c":"b585","b":585,"n":"Jardim Rio Preto","m":"5107958","cx":-57.4918,"cy":-14.6323},"geometry":{"type":"Polygon","coordinates":[[[-57.4894,-14.6392],[-57.4941,-14.6393],[-57.4946,-14.6372],[-57.4952,-14.6342],[-57.4953,-14.633],[-57.4958,-14.631],[-57.4954,-14.6308],[-57.4964,-14.6265],[-57.4937,-14.6246],[-57.4907,-14.6283],[-57.4876,-14.626],[-57.4868,-14.6269],[-57.4872,-14.6274],[-57.4874,-14.6288],[-57.4876,-14.6291],[-57.4881,-14.6316],[-57.4881,-14.633],[-57.4884,-14.6334],[-57.4881,-14.6339],[-57.4879,-14.6352],[-57.4883,-14.6368],[-57.4889,-14.638],[-57.4894,-14.6392]]]}},{"type":"Feature","properties":{"c":"b586","b":586,"n":"Jardim Santa Lúcia","m":"5107958","cx":-57.5031,"cy":-14.6187},"geometry":{"type":"Polygon","coordinates":[[[-57.5117,-14.6193],[-57.5116,-14.6176],[-57.5114,-14.6157],[-57.5108,-14.6146],[-57.5058,-14.6142],[-57.5051,-14.6142],[-57.5032,-14.6148],[-57.5,-14.6159],[-57.4974,-14.6168],[-57.496,-14.6174],[-57.4937,-14.6182],[-57.4953,-14.6194],[-57.4968,-14.6207],[-57.5002,-14.6232],[-57.5014,-14.6241],[-57.5026,-14.6227],[-57.5041,-14.6234],[-57.5051,-14.6237],[-57.5058,-14.6215],[-57.5083,-14.6234],[-57.5101,-14.6211],[-57.5117,-14.6193]]]}},{"type":"Feature","properties":{"c":"b587","b":587,"n":"Jardim Shangri-lá","m":"5107958","cx":-57.4859,"cy":-14.6305},"geometry":{"type":"Polygon","coordinates":[[[-57.4836,-14.6229],[-57.4832,-14.6234],[-57.483,-14.6242],[-57.4833,-14.625],[-57.4827,-14.6258],[-57.4834,-14.6264],[-57.4838,-14.6295],[-57.4844,-14.6352],[-57.4832,-14.6397],[-57.4866,-14.6388],[-57.4889,-14.638],[-57.4883,-14.6368],[-57.4879,-14.6352],[-57.4881,-14.6339],[-57.4884,-14.6334],[-57.4881,-14.633],[-57.4881,-14.6316],[-57.4876,-14.6291],[-57.4874,-14.6288],[-57.4872,-14.6274],[-57.4868,-14.6269],[-57.4876,-14.626],[-57.4836,-14.6229]]]}},{"type":"Feature","properties":{"c":"b588","b":588,"n":"Jardim São Paulo","m":"5107958","cx":-57.4794,"cy":-14.5922},"geometry":{"type":"Polygon","coordinates":[[[-57.4955,-14.5901],[-57.4858,-14.5824],[-57.4784,-14.5763],[-57.4768,-14.5769],[-57.4758,-14.5766],[-57.4749,-14.5769],[-57.4741,-14.5779],[-57.4743,-14.5797],[-57.4739,-14.5809],[-57.4731,-14.5824],[-57.4728,-14.5844],[-57.4721,-14.5859],[-57.4711,-14.5855],[-57.4716,-14.5842],[-57.4712,-14.5839],[-57.4706,-14.5841],[-57.4699,-14.5847],[-57.4692,-14.5857],[-57.4684,-14.5863],[-57.4675,-14.5876],[-57.467,-14.5878],[-57.466,-14.5886],[-57.4651,-14.5915],[-57.4652,-14.5929],[-57.4654,-14.5938],[-57.4649,-14.5944],[-57.4651,-14.5954],[-57.4647,-14.5974],[-57.4643,-14.5991],[-57.4649,-14.5986],[-57.4655,-14.5992],[-57.4655,-14.6003],[-57.4659,-14.6009],[-57.4652,-14.6022],[-57.4654,-14.6025],[-57.4667,-14.6029],[-57.4679,-14.6042],[-57.4684,-14.6057],[-57.469,-14.6066],[-57.4692,-14.6069],[-57.4702,-14.6078],[-57.4708,-14.607],[-57.4727,-14.6046],[-57.4736,-14.6054],[-57.4749,-14.6039],[-57.4771,-14.6009],[-57.4799,-14.6039],[-57.4814,-14.6058],[-57.4829,-14.6042],[-57.4805,-14.6021],[-57.4815,-14.601],[-57.4799,-14.5997],[-57.4803,-14.5993],[-57.4816,-14.6004],[-57.4819,-14.6],[-57.4839,-14.6017],[-57.4842,-14.6013],[-57.485,-14.6019],[-57.4853,-14.6016],[-57.4867,-14.6032],[-57.4882,-14.6013],[-57.4896,-14.603],[-57.4905,-14.5957],[-57.4913,-14.5949],[-57.4955,-14.5901]]]}},{"type":"Feature","properties":{"c":"b589","b":589,"n":"Jardim Tanaka","m":"5107958","cx":-57.4894,"cy":-14.6103},"geometry":{"type":"Polygon","coordinates":[[[-57.4844,-14.6112],[-57.4871,-14.6133],[-57.4906,-14.6159],[-57.4913,-14.6152],[-57.4954,-14.6099],[-57.496,-14.6091],[-57.4945,-14.6079],[-57.4939,-14.6087],[-57.4916,-14.6069],[-57.4917,-14.6066],[-57.4909,-14.6064],[-57.4894,-14.6053],[-57.4892,-14.6052],[-57.4886,-14.606],[-57.4902,-14.6071],[-57.4878,-14.6101],[-57.4855,-14.6083],[-57.4836,-14.6106],[-57.4844,-14.6112]]]}},{"type":"Feature","properties":{"c":"b590","b":590,"n":"Jardim Tarumã","m":"5107958","cx":-57.4949,"cy":-14.6021},"geometry":{"type":"Polygon","coordinates":[[[-57.4894,-14.6053],[-57.4909,-14.6064],[-57.4917,-14.6066],[-57.4916,-14.6069],[-57.4939,-14.6087],[-57.4945,-14.6079],[-57.496,-14.6091],[-57.4997,-14.6046],[-57.4996,-14.6033],[-57.5004,-14.601],[-57.5008,-14.6012],[-57.5029,-14.6004],[-57.5035,-14.5999],[-57.5051,-14.5993],[-57.5056,-14.5979],[-57.5072,-14.5973],[-57.5081,-14.5961],[-57.4999,-14.5955],[-57.4961,-14.595],[-57.4913,-14.5949],[-57.4905,-14.5957],[-57.4896,-14.603],[-57.4894,-14.6053]]]}},{"type":"Feature","properties":{"c":"b591","b":591,"n":"Jardim dos Ipês","m":"5107958","cx":-57.4691,"cy":-14.6457},"geometry":{"type":"MultiPolygon","coordinates":[[[[-57.4771,-14.6437],[-57.478,-14.6417],[-57.4758,-14.6408],[-57.4724,-14.6432],[-57.4729,-14.6452],[-57.4816,-14.6462],[-57.4819,-14.645],[-57.4769,-14.6444],[-57.4771,-14.6437]]],[[[-57.468,-14.6458],[-57.4741,-14.6465],[-57.4742,-14.6459],[-57.4729,-14.6457],[-57.468,-14.6454],[-57.4649,-14.6451],[-57.4649,-14.6459],[-57.468,-14.6463],[-57.468,-14.6458]]]]}},{"type":"Feature","properties":{"c":"b592","b":592,"n":"Parque Figueira","m":"5107958","cx":-57.5114,"cy":-14.6473},"geometry":{"type":"Polygon","coordinates":[[[-57.5184,-14.6433],[-57.5182,-14.6433],[-57.5133,-14.6395],[-57.5118,-14.639],[-57.5092,-14.6393],[-57.5069,-14.6422],[-57.4989,-14.652],[-57.4995,-14.652],[-57.5105,-14.6537],[-57.5116,-14.6537],[-57.5125,-14.6535],[-57.5136,-14.6529],[-57.5158,-14.6511],[-57.5184,-14.6488],[-57.5218,-14.6459],[-57.5184,-14.6433]]]}},{"type":"Feature","properties":{"c":"b593","b":593,"n":"Parque Mansões","m":"5107958","cx":-57.4969,"cy":-14.6114},"geometry":{"type":"Polygon","coordinates":[[[-57.4937,-14.6182],[-57.496,-14.6174],[-57.4974,-14.6168],[-57.5,-14.6159],[-57.4996,-14.6148],[-57.4997,-14.6124],[-57.4993,-14.6104],[-57.4998,-14.6089],[-57.5004,-14.6075],[-57.5002,-14.6056],[-57.4997,-14.6046],[-57.496,-14.6091],[-57.4954,-14.6099],[-57.4913,-14.6152],[-57.4906,-14.6159],[-57.4937,-14.6182]]]}},{"type":"Feature","properties":{"c":"b594","b":594,"n":"Parque Tangará","m":"5107958","cx":-57.5092,"cy":-14.6262},"geometry":{"type":"Polygon","coordinates":[[[-57.5121,-14.631],[-57.5148,-14.6308],[-57.5145,-14.6277],[-57.5142,-14.6277],[-57.5141,-14.6254],[-57.5147,-14.6246],[-57.5132,-14.6235],[-57.5138,-14.6227],[-57.5123,-14.6215],[-57.5116,-14.6222],[-57.5101,-14.6211],[-57.5083,-14.6234],[-57.5058,-14.6215],[-57.5051,-14.6237],[-57.5041,-14.6234],[-57.5026,-14.6227],[-57.5014,-14.6241],[-57.5053,-14.6271],[-57.5103,-14.6309],[-57.5121,-14.631]]]}},{"type":"Feature","properties":{"c":"b595","b":595,"n":"Parque Universitário","m":"5107958","cx":-57.4996,"cy":-14.6437},"geometry":{"type":"Polygon","coordinates":[[[-57.4941,-14.6393],[-57.4942,-14.6398],[-57.4932,-14.6452],[-57.4928,-14.6458],[-57.4922,-14.6488],[-57.4919,-14.6509],[-57.4989,-14.652],[-57.5069,-14.6422],[-57.5092,-14.6393],[-57.5078,-14.6391],[-57.5069,-14.6381],[-57.5062,-14.637],[-57.5049,-14.6363],[-57.5031,-14.6363],[-57.5027,-14.6358],[-57.5016,-14.6357],[-57.4991,-14.6359],[-57.4981,-14.6351],[-57.4975,-14.6358],[-57.4978,-14.636],[-57.4971,-14.6364],[-57.4957,-14.6381],[-57.4946,-14.6372],[-57.4941,-14.6393]]]}},{"type":"Feature","properties":{"c":"b596","b":596,"n":"Parque da Serra","m":"5107958","cx":-57.5334,"cy":-14.6229},"geometry":{"type":"Polygon","coordinates":[[[-57.5117,-14.6193],[-57.5101,-14.6211],[-57.5116,-14.6222],[-57.5123,-14.6215],[-57.5138,-14.6227],[-57.5132,-14.6235],[-57.5147,-14.6246],[-57.5141,-14.6254],[-57.5142,-14.6277],[-57.5145,-14.6277],[-57.5148,-14.6308],[-57.5121,-14.631],[-57.5103,-14.6309],[-57.516,-14.6353],[-57.5165,-14.6352],[-57.5198,-14.6346],[-57.5218,-14.6341],[-57.5211,-14.6336],[-57.5209,-14.633],[-57.5215,-14.6328],[-57.5214,-14.6305],[-57.5224,-14.6304],[-57.5244,-14.6304],[-57.5291,-14.6302],[-57.5307,-14.6302],[-57.5328,-14.6301],[-57.5418,-14.6323],[-57.5418,-14.6304],[-57.5417,-14.6301],[-57.5421,-14.6295],[-57.5428,-14.629],[-57.5439,-14.6288],[-57.5446,-14.6283],[-57.5445,-14.6271],[-57.545,-14.6265],[-57.5446,-14.6261],[-57.5441,-14.6261],[-57.5446,-14.6256],[-57.5443,-14.6239],[-57.5454,-14.6231],[-57.5465,-14.6228],[-57.5464,-14.6217],[-57.5458,-14.6213],[-57.5459,-14.6204],[-57.5473,-14.6197],[-57.548,-14.619],[-57.547,-14.6173],[-57.547,-14.6157],[-57.5475,-14.6148],[-57.5427,-14.6108],[-57.5373,-14.6175],[-57.5321,-14.6169],[-57.5242,-14.6158],[-57.5234,-14.6152],[-57.5214,-14.6129],[-57.5208,-14.6135],[-57.5177,-14.6173],[-57.5147,-14.6138],[-57.5116,-14.6176],[-57.5117,-14.6193]],[[-57.5154,-14.6275],[-57.5146,-14.6262],[-57.515,-14.6242],[-57.5147,-14.6227],[-57.5185,-14.6181],[-57.5192,-14.6186],[-57.5209,-14.6177],[-57.5218,-14.6184],[-57.5191,-14.6216],[-57.5218,-14.6236],[-57.5212,-14.6244],[-57.5229,-14.6257],[-57.5199,-14.6264],[-57.5154,-14.6275]]]}},{"type":"Feature","properties":{"c":"b597","b":597,"n":"Cristo Rei","m":"5108006","cx":-56.5109,"cy":-12.7371},"geometry":{"type":"Polygon","coordinates":[[[-56.5131,-12.7295],[-56.5099,-12.7344],[-56.5063,-12.7398],[-56.5078,-12.7411],[-56.5098,-12.743],[-56.517,-12.732],[-56.5131,-12.7295]]]}},{"type":"Feature","properties":{"c":"b598","b":598,"n":"Jardim Juliana","m":"5108006","cx":-56.5087,"cy":-12.7463},"geometry":{"type":"Polygon","coordinates":[[[-56.5078,-12.7411],[-56.5035,-12.7476],[-56.5097,-12.7515],[-56.5115,-12.7487],[-56.513,-12.7465],[-56.5129,-12.7461],[-56.5097,-12.7431],[-56.5098,-12.743],[-56.5078,-12.7411]]]}},{"type":"Feature","properties":{"c":"b599","b":599,"n":"Joelma","m":"5108006","cx":-56.5139,"cy":-12.7476},"geometry":{"type":"Polygon","coordinates":[[[-56.5138,-12.7502],[-56.5173,-12.7447],[-56.5151,-12.7432],[-56.5132,-12.7461],[-56.5129,-12.7461],[-56.513,-12.7465],[-56.5115,-12.7487],[-56.5138,-12.7502]]]}},{"type":"Feature","properties":{"c":"b600","b":600,"n":"São Cristovão","m":"5108006","cx":-56.5186,"cy":-12.7294},"geometry":{"type":"Polygon","coordinates":[[[-56.5208,-12.7344],[-56.5238,-12.7298],[-56.524,-12.7293],[-56.5203,-12.7269],[-56.5186,-12.7259],[-56.5163,-12.7244],[-56.5153,-12.7261],[-56.5131,-12.7295],[-56.517,-12.732],[-56.5208,-12.7344]]]}},{"type":"Feature","properties":{"c":"b601","b":601,"n":"Centro","m":"5108303","cx":-54.372,"cy":-11.5319},"geometry":{"type":"Polygon","coordinates":[[[-54.3715,-11.5338],[-54.3713,-11.5341],[-54.3721,-11.535],[-54.3724,-11.5346],[-54.3726,-11.5334],[-54.3736,-11.5321],[-54.3742,-11.5317],[-54.3744,-11.531],[-54.3761,-11.5298],[-54.3767,-11.5297],[-54.3758,-11.5286],[-54.374,-11.5299],[-54.373,-11.5285],[-54.3701,-11.5305],[-54.3697,-11.5313],[-54.3715,-11.5338]]]}},{"type":"Feature","properties":{"c":"b602","b":602,"n":"Imperatriz","m":"5108303","cx":-54.3657,"cy":-11.5298},"geometry":{"type":"Polygon","coordinates":[[[-54.3691,-11.5303],[-54.3676,-11.5282],[-54.3661,-11.526],[-54.3623,-11.5293],[-54.3648,-11.5326],[-54.3656,-11.5336],[-54.3692,-11.5311],[-54.3691,-11.5303]]]}},{"type":"Feature","properties":{"c":"b603","b":603,"n":"São Luiz","m":"5108303","cx":-54.3701,"cy":-11.5294},"geometry":{"type":"Polygon","coordinates":[[[-54.3691,-11.5303],[-54.3692,-11.5311],[-54.3697,-11.5313],[-54.3701,-11.5305],[-54.373,-11.5285],[-54.3712,-11.5258],[-54.3676,-11.5282],[-54.3691,-11.5303]]]}},{"type":"Feature","properties":{"c":"b604","b":604,"n":"23 de Setembro","m":"5108402","cx":-56.1357,"cy":-15.6248},"geometry":{"type":"Polygon","coordinates":[[[-56.1437,-15.6114],[-56.1442,-15.6094],[-56.1416,-15.6086],[-56.14,-15.6083],[-56.1377,-15.6081],[-56.1378,-15.6118],[-56.1375,-15.6129],[-56.1365,-15.6159],[-56.1356,-15.6181],[-56.1347,-15.6206],[-56.1314,-15.626],[-56.1298,-15.6281],[-56.1285,-15.6287],[-56.1266,-15.6289],[-56.1227,-15.6282],[-56.1225,-15.63],[-56.1219,-15.6319],[-56.1233,-15.6322],[-56.1224,-15.6338],[-56.1231,-15.6343],[-56.1209,-15.6368],[-56.1201,-15.6376],[-56.1202,-15.638],[-56.1207,-15.6381],[-56.1235,-15.6405],[-56.1245,-15.641],[-56.1294,-15.6419],[-56.1304,-15.6416],[-56.1313,-15.6408],[-56.1331,-15.6389],[-56.1336,-15.6387],[-56.1352,-15.639],[-56.1357,-15.6394],[-56.1362,-15.6407],[-56.1364,-15.6404],[-56.1387,-15.6355],[-56.1391,-15.6352],[-56.1388,-15.6344],[-56.138,-15.6286],[-56.1381,-15.6275],[-56.1389,-15.6251],[-56.1395,-15.6246],[-56.1398,-15.6236],[-56.1413,-15.6204],[-56.1415,-15.6196],[-56.1415,-15.6187],[-56.1427,-15.6141],[-56.1437,-15.6114]]]}},{"type":"Feature","properties":{"c":"b605","b":605,"n":"Canelas","m":"5108402","cx":-56.154,"cy":-15.6703},"geometry":{"type":"Polygon","coordinates":[[[-56.1401,-15.6658],[-56.1411,-15.6665],[-56.1436,-15.668],[-56.1484,-15.6728],[-56.1497,-15.6754],[-56.1504,-15.6769],[-56.1504,-15.6782],[-56.1497,-15.6827],[-56.1499,-15.6836],[-56.151,-15.6873],[-56.1533,-15.6849],[-56.1552,-15.683],[-56.1573,-15.6809],[-56.1587,-15.6785],[-56.1591,-15.6787],[-56.1615,-15.6749],[-56.1601,-15.674],[-56.1614,-15.672],[-56.1616,-15.6718],[-56.1624,-15.6689],[-56.1626,-15.6682],[-56.164,-15.6625],[-56.1643,-15.6626],[-56.1651,-15.6607],[-56.1579,-15.6578],[-56.1497,-15.6543],[-56.1466,-15.653],[-56.144,-15.6519],[-56.1447,-15.6527],[-56.1445,-15.653],[-56.1442,-15.654],[-56.1437,-15.6538],[-56.1435,-15.6543],[-56.142,-15.6537],[-56.1379,-15.6638],[-56.1401,-15.6658]]]}},{"type":"Feature","properties":{"c":"b606","b":606,"n":"Capão do Pequi","m":"5108402","cx":-56.1464,"cy":-15.7258},"geometry":{"type":"Polygon","coordinates":[[[-56.1417,-15.7063],[-56.134,-15.7061],[-56.1324,-15.706],[-56.1364,-15.7105],[-56.1367,-15.7114],[-56.1377,-15.7191],[-56.1379,-15.7226],[-56.1393,-15.729],[-56.1393,-15.7304],[-56.1392,-15.7345],[-56.146,-15.7337],[-56.1489,-15.7365],[-56.1518,-15.7391],[-56.1521,-15.7393],[-56.1559,-15.7428],[-56.1587,-15.7454],[-56.1633,-15.7409],[-56.1618,-15.7394],[-56.1578,-15.7357],[-56.1559,-15.7339],[-56.1549,-15.7331],[-56.1555,-15.7329],[-56.1559,-15.7323],[-56.1561,-15.7307],[-56.1558,-15.7298],[-56.1543,-15.7263],[-56.154,-15.7253],[-56.1521,-15.7248],[-56.1516,-15.7243],[-56.1514,-15.7229],[-56.15,-15.7211],[-56.1479,-15.7196],[-56.147,-15.7177],[-56.1464,-15.717],[-56.148,-15.7157],[-56.1486,-15.7154],[-56.1493,-15.7141],[-56.1507,-15.7129],[-56.1496,-15.7118],[-56.1487,-15.7114],[-56.148,-15.7102],[-56.1479,-15.7096],[-56.1473,-15.7082],[-56.147,-15.7078],[-56.144,-15.7066],[-56.143,-15.7061],[-56.1417,-15.7063]]]}},{"type":"Feature","properties":{"c":"b607","b":607,"n":"Centro Norte","m":"5108402","cx":-56.1088,"cy":-15.66},"geometry":{"type":"Polygon","coordinates":[[[-56.1442,-15.6504],[-56.1447,-15.6497],[-56.1455,-15.6498],[-56.1468,-15.6492],[-56.1471,-15.6488],[-56.1456,-15.6492],[-56.1449,-15.6491],[-56.1433,-15.6481],[-56.1424,-15.6468],[-56.1398,-15.6454],[-56.1363,-15.6437],[-56.1359,-15.6427],[-56.1363,-15.6412],[-56.1362,-15.6407],[-56.1357,-15.6394],[-56.1352,-15.639],[-56.1336,-15.6387],[-56.1331,-15.6389],[-56.1313,-15.6408],[-56.1304,-15.6416],[-56.1294,-15.6419],[-56.1245,-15.641],[-56.1235,-15.6405],[-56.1207,-15.6381],[-56.1202,-15.638],[-56.1192,-15.6382],[-56.1128,-15.6386],[-56.1124,-15.6388],[-56.1088,-15.6455],[-56.1071,-15.6488],[-56.1055,-15.6518],[-56.0989,-15.6642],[-56.0956,-15.6703],[-56.0938,-15.6736],[-56.0975,-15.6755],[-56.1072,-15.6803],[-56.1074,-15.6796],[-56.1098,-15.6743],[-56.1126,-15.668],[-56.1149,-15.6638],[-56.1145,-15.6637],[-56.1188,-15.6561],[-56.1199,-15.6564],[-56.1213,-15.6523],[-56.1229,-15.6521],[-56.1236,-15.6518],[-56.1251,-15.6509],[-56.1287,-15.6492],[-56.1309,-15.6482],[-56.1319,-15.6482],[-56.1335,-15.6478],[-56.1348,-15.648],[-56.1421,-15.6511],[-56.1436,-15.6518],[-56.1442,-15.6504]]]}},{"type":"Feature","properties":{"c":"b608","b":608,"n":"Centro Sul","m":"5108402","cx":-56.128,"cy":-15.6599},"geometry":{"type":"Polygon","coordinates":[[[-56.1334,-15.6663],[-56.1356,-15.6671],[-56.1362,-15.6662],[-56.1376,-15.6635],[-56.1379,-15.6638],[-56.142,-15.6537],[-56.1435,-15.6543],[-56.1437,-15.6538],[-56.1442,-15.654],[-56.1445,-15.653],[-56.1447,-15.6527],[-56.144,-15.6519],[-56.1436,-15.6518],[-56.1421,-15.6511],[-56.1348,-15.648],[-56.1335,-15.6478],[-56.1319,-15.6482],[-56.1309,-15.6482],[-56.1287,-15.6492],[-56.1251,-15.6509],[-56.1236,-15.6518],[-56.1229,-15.6521],[-56.1213,-15.6523],[-56.1199,-15.6564],[-56.1188,-15.6561],[-56.1145,-15.6637],[-56.1149,-15.6638],[-56.1126,-15.668],[-56.1138,-15.6692],[-56.1154,-15.6713],[-56.1153,-15.6723],[-56.1188,-15.6698],[-56.1193,-15.6692],[-56.1206,-15.6682],[-56.1212,-15.669],[-56.1215,-15.6691],[-56.1245,-15.6669],[-56.1272,-15.6649],[-56.1281,-15.6643],[-56.1285,-15.6681],[-56.1327,-15.6677],[-56.1327,-15.6681],[-56.1334,-15.6663]]]}},{"type":"Feature","properties":{"c":"b609","b":609,"n":"Costa Verde","m":"5108402","cx":-56.1194,"cy":-15.6758},"geometry":{"type":"Polygon","coordinates":[[[-56.1285,-15.6821],[-56.1285,-15.6799],[-56.1284,-15.6789],[-56.1291,-15.6773],[-56.1311,-15.672],[-56.1327,-15.6681],[-56.1327,-15.6677],[-56.1285,-15.6681],[-56.1281,-15.6643],[-56.1272,-15.6649],[-56.1245,-15.6669],[-56.1215,-15.6691],[-56.1212,-15.669],[-56.1206,-15.6682],[-56.1193,-15.6692],[-56.1188,-15.6698],[-56.1153,-15.6723],[-56.1154,-15.6713],[-56.1138,-15.6692],[-56.1126,-15.668],[-56.1098,-15.6743],[-56.1074,-15.6796],[-56.1072,-15.6803],[-56.1054,-15.6836],[-56.104,-15.6868],[-56.1045,-15.6868],[-56.1074,-15.6887],[-56.1096,-15.6903],[-56.1098,-15.6895],[-56.1104,-15.6884],[-56.1117,-15.6866],[-56.1125,-15.6863],[-56.1126,-15.686],[-56.1164,-15.6827],[-56.1168,-15.6831],[-56.1208,-15.6879],[-56.1228,-15.6902],[-56.1252,-15.6895],[-56.1245,-15.6884],[-56.1254,-15.6878],[-56.1245,-15.6868],[-56.1274,-15.6845],[-56.1289,-15.6835],[-56.1285,-15.6821]]]}},{"type":"Feature","properties":{"c":"b610","b":610,"n":"Cristo Rei","m":"5108402","cx":-56.089,"cy":-15.6471},"geometry":{"type":"Polygon","coordinates":[[[-56.0823,-15.6328],[-56.0808,-15.6349],[-56.079,-15.6374],[-56.0779,-15.6388],[-56.0752,-15.6411],[-56.0742,-15.6415],[-56.0717,-15.6427],[-56.0702,-15.6443],[-56.07,-15.6512],[-56.0716,-15.6512],[-56.0715,-15.6517],[-56.0743,-15.6514],[-56.0751,-15.652],[-56.0805,-15.6528],[-56.0803,-15.6516],[-56.0817,-15.6518],[-56.0835,-15.6536],[-56.0842,-15.6543],[-56.0847,-15.6555],[-56.0853,-15.6556],[-56.0897,-15.6553],[-56.0901,-15.6586],[-56.0935,-15.6576],[-56.094,-15.6577],[-56.0957,-15.66],[-56.0957,-15.6601],[-56.0989,-15.6642],[-56.1055,-15.6518],[-56.1071,-15.6488],[-56.1088,-15.6455],[-56.1079,-15.6451],[-56.1084,-15.6442],[-56.1078,-15.643],[-56.1068,-15.6419],[-56.1043,-15.6397],[-56.1031,-15.6384],[-56.1041,-15.6375],[-56.1036,-15.6376],[-56.102,-15.6378],[-56.0953,-15.6387],[-56.0948,-15.6386],[-56.0933,-15.639],[-56.0926,-15.6389],[-56.0913,-15.6384],[-56.0889,-15.6366],[-56.0873,-15.6354],[-56.087,-15.635],[-56.0863,-15.6348],[-56.0829,-15.6323],[-56.0823,-15.6328]]]}},{"type":"Feature","properties":{"c":"b611","b":611,"n":"Glória","m":"5108402","cx":-56.1469,"cy":-15.6309},"geometry":{"type":"Polygon","coordinates":[[[-56.1509,-15.6476],[-56.1523,-15.6471],[-56.1557,-15.6446],[-56.1564,-15.6442],[-56.1579,-15.6438],[-56.1601,-15.6433],[-56.1632,-15.6423],[-56.1629,-15.6416],[-56.1624,-15.6413],[-56.1604,-15.6385],[-56.1565,-15.6333],[-56.1537,-15.6267],[-56.1511,-15.6204],[-56.1535,-15.6212],[-56.1522,-15.6175],[-56.1514,-15.6169],[-56.1508,-15.6167],[-56.1496,-15.6159],[-56.1495,-15.6153],[-56.1479,-15.6149],[-56.1474,-15.6149],[-56.1467,-15.6154],[-56.146,-15.6155],[-56.146,-15.6167],[-56.1456,-15.6172],[-56.1449,-15.6169],[-56.1452,-15.6156],[-56.1448,-15.6148],[-56.1427,-15.6141],[-56.1415,-15.6187],[-56.1415,-15.6196],[-56.1413,-15.6204],[-56.1398,-15.6236],[-56.1395,-15.6246],[-56.1389,-15.6251],[-56.1381,-15.6275],[-56.138,-15.6286],[-56.1388,-15.6344],[-56.1391,-15.6352],[-56.1387,-15.6355],[-56.1364,-15.6404],[-56.1362,-15.6407],[-56.1363,-15.6412],[-56.1359,-15.6427],[-56.1363,-15.6437],[-56.1398,-15.6454],[-56.1424,-15.6468],[-56.1433,-15.6481],[-56.1449,-15.6491],[-56.1456,-15.6492],[-56.1471,-15.6488],[-56.1509,-15.6476]]]}},{"type":"Feature","properties":{"c":"b612","b":612,"n":"Ikaray","m":"5108402","cx":-56.1398,"cy":-15.6761},"geometry":{"type":"Polygon","coordinates":[[[-56.1376,-15.6635],[-56.1362,-15.6662],[-56.1356,-15.6671],[-56.1334,-15.6663],[-56.1327,-15.6681],[-56.1311,-15.672],[-56.1291,-15.6773],[-56.1284,-15.6789],[-56.1285,-15.6799],[-56.1285,-15.6821],[-56.1289,-15.6835],[-56.1304,-15.6873],[-56.1317,-15.6872],[-56.1312,-15.6856],[-56.139,-15.6834],[-56.1401,-15.683],[-56.1416,-15.6828],[-56.143,-15.6849],[-56.1448,-15.6884],[-56.1473,-15.6861],[-56.148,-15.6853],[-56.1498,-15.6839],[-56.1499,-15.6836],[-56.1497,-15.6827],[-56.1504,-15.6782],[-56.1504,-15.6769],[-56.1497,-15.6754],[-56.1484,-15.6728],[-56.1436,-15.668],[-56.1411,-15.6665],[-56.1401,-15.6658],[-56.1379,-15.6638],[-56.1376,-15.6635]]]}},{"type":"Feature","properties":{"c":"b613","b":613,"n":"Jardim dos Estados","m":"5108402","cx":-56.1763,"cy":-15.6324},"geometry":{"type":"Polygon","coordinates":[[[-56.1715,-15.6406],[-56.1739,-15.6412],[-56.1763,-15.6416],[-56.1783,-15.6422],[-56.1825,-15.644],[-56.184,-15.6446],[-56.1867,-15.6459],[-56.1878,-15.6462],[-56.1955,-15.6496],[-56.195,-15.6462],[-56.1947,-15.6451],[-56.1941,-15.6442],[-56.1936,-15.6437],[-56.1909,-15.6421],[-56.1889,-15.6405],[-56.1877,-15.6391],[-56.1863,-15.6366],[-56.1833,-15.6307],[-56.1807,-15.6253],[-56.1807,-15.6242],[-56.1802,-15.6238],[-56.1784,-15.6198],[-56.1774,-15.6182],[-56.1763,-15.6171],[-56.1744,-15.616],[-56.1728,-15.6155],[-56.1724,-15.6152],[-56.172,-15.6157],[-56.1718,-15.6168],[-56.1711,-15.6197],[-56.1707,-15.6211],[-56.169,-15.6292],[-56.1681,-15.6341],[-56.1703,-15.6403],[-56.1715,-15.6406]]]}},{"type":"Feature","properties":{"c":"b614","b":614,"n":"Mapim","m":"5108402","cx":-56.1613,"cy":-15.6239},"geometry":{"type":"Polygon","coordinates":[[[-56.1709,-15.6151],[-56.1636,-15.6134],[-56.1617,-15.6133],[-56.1595,-15.6133],[-56.1579,-15.6131],[-56.1555,-15.6124],[-56.1543,-15.6122],[-56.1478,-15.6103],[-56.1467,-15.6098],[-56.1455,-15.6094],[-56.1454,-15.6097],[-56.1442,-15.6094],[-56.1437,-15.6114],[-56.1427,-15.6141],[-56.1448,-15.6148],[-56.1452,-15.6156],[-56.1449,-15.6169],[-56.1456,-15.6172],[-56.146,-15.6167],[-56.146,-15.6155],[-56.1467,-15.6154],[-56.1474,-15.6149],[-56.1479,-15.6149],[-56.1495,-15.6153],[-56.1496,-15.6159],[-56.1508,-15.6167],[-56.1514,-15.6169],[-56.1522,-15.6175],[-56.1535,-15.6212],[-56.1511,-15.6204],[-56.1537,-15.6267],[-56.1565,-15.6333],[-56.1604,-15.6385],[-56.1624,-15.6413],[-56.1629,-15.6416],[-56.1632,-15.6423],[-56.1683,-15.6404],[-56.1695,-15.6402],[-56.1703,-15.6403],[-56.1681,-15.6341],[-56.169,-15.6292],[-56.1707,-15.6211],[-56.1711,-15.6197],[-56.1718,-15.6168],[-56.172,-15.6157],[-56.1724,-15.6152],[-56.1709,-15.6151]]]}},{"type":"Feature","properties":{"c":"b615","b":615,"n":"Marajoara","m":"5108402","cx":-56.1584,"cy":-15.6525},"geometry":{"type":"Polygon","coordinates":[[[-56.144,-15.6519],[-56.1466,-15.653],[-56.1497,-15.6543],[-56.1579,-15.6578],[-56.1651,-15.6607],[-56.1687,-15.6622],[-56.1713,-15.6632],[-56.1719,-15.6636],[-56.1738,-15.6644],[-56.177,-15.6591],[-56.1733,-15.657],[-56.1726,-15.6567],[-56.1732,-15.6548],[-56.1721,-15.6546],[-56.1722,-15.6541],[-56.171,-15.6538],[-56.1714,-15.652],[-56.1726,-15.6469],[-56.173,-15.6457],[-56.1732,-15.6441],[-56.1707,-15.6435],[-56.1715,-15.6406],[-56.1703,-15.6403],[-56.1695,-15.6402],[-56.1683,-15.6404],[-56.1632,-15.6423],[-56.1601,-15.6433],[-56.1579,-15.6438],[-56.1564,-15.6442],[-56.1557,-15.6446],[-56.1523,-15.6471],[-56.1509,-15.6476],[-56.1471,-15.6488],[-56.1468,-15.6492],[-56.1455,-15.6498],[-56.1447,-15.6497],[-56.1442,-15.6504],[-56.1436,-15.6518],[-56.144,-15.6519]]]}},{"type":"Feature","properties":{"c":"b616","b":616,"n":"Novo Mundo","m":"5108402","cx":-56.1971,"cy":-15.6218},"geometry":{"type":"Polygon","coordinates":[[[-56.1969,-15.6503],[-56.2126,-15.657],[-56.2189,-15.6597],[-56.2191,-15.6588],[-56.2187,-15.6583],[-56.2181,-15.657],[-56.2179,-15.6562],[-56.218,-15.6539],[-56.2181,-15.6515],[-56.2189,-15.6505],[-56.2204,-15.6494],[-56.2223,-15.6477],[-56.224,-15.6464],[-56.2196,-15.6422],[-56.2181,-15.6413],[-56.2174,-15.6404],[-56.2164,-15.6388],[-56.2147,-15.6365],[-56.2135,-15.6352],[-56.213,-15.6345],[-56.2122,-15.6331],[-56.2118,-15.6317],[-56.2116,-15.6304],[-56.2116,-15.6267],[-56.2127,-15.6242],[-56.2142,-15.6235],[-56.2148,-15.623],[-56.2149,-15.6226],[-56.2148,-15.6211],[-56.2159,-15.6195],[-56.2164,-15.6181],[-56.2164,-15.6175],[-56.2157,-15.6169],[-56.2151,-15.617],[-56.2158,-15.6166],[-56.2154,-15.6162],[-56.2144,-15.6169],[-56.214,-15.6166],[-56.2134,-15.6149],[-56.2129,-15.6145],[-56.2123,-15.6133],[-56.2123,-15.6128],[-56.2101,-15.6115],[-56.2101,-15.6109],[-56.2089,-15.61],[-56.2085,-15.6093],[-56.2087,-15.6091],[-56.208,-15.6078],[-56.2073,-15.6079],[-56.2057,-15.6055],[-56.2062,-15.6044],[-56.2059,-15.6039],[-56.2042,-15.6033],[-56.2039,-15.6022],[-56.2031,-15.6011],[-56.2018,-15.6009],[-56.2021,-15.6002],[-56.2015,-15.5997],[-56.2003,-15.5993],[-56.1999,-15.5986],[-56.2003,-15.5985],[-56.1998,-15.5978],[-56.2002,-15.5972],[-56.1996,-15.5965],[-56.1994,-15.596],[-56.1999,-15.5953],[-56.1999,-15.5949],[-56.198,-15.5946],[-56.1978,-15.594],[-56.1971,-15.5944],[-56.1965,-15.5942],[-56.1962,-15.5935],[-56.1964,-15.5925],[-56.197,-15.5922],[-56.1972,-15.5925],[-56.1982,-15.5921],[-56.1969,-15.5915],[-56.1969,-15.5909],[-56.196,-15.5905],[-56.1953,-15.5896],[-56.1949,-15.5883],[-56.1937,-15.5878],[-56.1934,-15.5868],[-56.1923,-15.5869],[-56.1917,-15.5857],[-56.1897,-15.5853],[-56.189,-15.5849],[-56.1882,-15.5847],[-56.1841,-15.5875],[-56.1835,-15.5874],[-56.1832,-15.5877],[-56.1834,-15.5883],[-56.1813,-15.5971],[-56.1809,-15.5976],[-56.1809,-15.5981],[-56.1792,-15.5996],[-56.1829,-15.6035],[-56.1844,-15.6053],[-56.1849,-15.6061],[-56.1822,-15.6112],[-56.1813,-15.6133],[-56.1804,-15.6149],[-56.1792,-15.6147],[-56.1745,-15.6136],[-56.1736,-15.6143],[-56.1724,-15.6152],[-56.1728,-15.6155],[-56.1744,-15.616],[-56.1763,-15.6171],[-56.1774,-15.6182],[-56.1784,-15.6198],[-56.1802,-15.6238],[-56.1807,-15.6242],[-56.1807,-15.6253],[-56.1833,-15.6307],[-56.1863,-15.6366],[-56.1877,-15.6391],[-56.1889,-15.6405],[-56.1909,-15.6421],[-56.1936,-15.6437],[-56.1941,-15.6442],[-56.1947,-15.6451],[-56.195,-15.6462],[-56.1955,-15.6496],[-56.1969,-15.6503]]]}},{"type":"Feature","properties":{"c":"b617","b":617,"n":"Paiaguás","m":"5108402","cx":-56.1707,"cy":-15.6711},"geometry":{"type":"Polygon","coordinates":[[[-56.1662,-15.6776],[-56.1674,-15.6785],[-56.1691,-15.68],[-56.1697,-15.6797],[-56.1699,-15.679],[-56.1714,-15.6797],[-56.1719,-15.6795],[-56.1737,-15.681],[-56.1762,-15.6758],[-56.1787,-15.6723],[-56.18,-15.6705],[-56.1814,-15.6684],[-56.1819,-15.6678],[-56.1738,-15.6644],[-56.1719,-15.6636],[-56.1713,-15.6632],[-56.1687,-15.6622],[-56.1651,-15.6607],[-56.1643,-15.6626],[-56.164,-15.6625],[-56.1626,-15.6682],[-56.1624,-15.6689],[-56.1616,-15.6718],[-56.1614,-15.672],[-56.1601,-15.674],[-56.1615,-15.6749],[-56.1662,-15.6776]]]}},{"type":"Feature","properties":{"c":"b618","b":618,"n":"Parque do Lago","m":"5108402","cx":-56.0841,"cy":-15.6683},"geometry":{"type":"Polygon","coordinates":[[[-56.0957,-15.6601],[-56.0957,-15.66],[-56.094,-15.6577],[-56.0935,-15.6576],[-56.0901,-15.6586],[-56.0897,-15.6553],[-56.0853,-15.6556],[-56.0847,-15.6555],[-56.0842,-15.6543],[-56.0835,-15.6536],[-56.0817,-15.6518],[-56.0803,-15.6516],[-56.0805,-15.6528],[-56.0751,-15.652],[-56.0743,-15.6514],[-56.0715,-15.6517],[-56.0716,-15.6512],[-56.07,-15.6512],[-56.07,-15.6514],[-56.0707,-15.6573],[-56.0712,-15.6604],[-56.0717,-15.6634],[-56.0717,-15.6667],[-56.0714,-15.67],[-56.0703,-15.6732],[-56.0695,-15.676],[-56.0696,-15.6776],[-56.0708,-15.6797],[-56.0733,-15.6826],[-56.0764,-15.6839],[-56.0807,-15.6853],[-56.0833,-15.6858],[-56.0871,-15.6865],[-56.0908,-15.6868],[-56.1002,-15.6865],[-56.104,-15.6868],[-56.1054,-15.6836],[-56.1072,-15.6803],[-56.0975,-15.6755],[-56.0938,-15.6736],[-56.0956,-15.6703],[-56.0989,-15.6642],[-56.0957,-15.6601]]]}},{"type":"Feature","properties":{"c":"b619","b":619,"n":"Petrópolis","m":"5108402","cx":-56.1629,"cy":-15.5949},"geometry":{"type":"Polygon","coordinates":[[[-56.1883,-15.5841],[-56.1873,-15.5836],[-56.1863,-15.5837],[-56.1859,-15.5825],[-56.1859,-15.5817],[-56.1857,-15.5812],[-56.1849,-15.5813],[-56.1841,-15.5809],[-56.1836,-15.5813],[-56.1827,-15.5809],[-56.1825,-15.5796],[-56.1819,-15.5787],[-56.1816,-15.5785],[-56.1799,-15.5789],[-56.179,-15.5784],[-56.1785,-15.5786],[-56.1786,-15.5795],[-56.1779,-15.5802],[-56.1768,-15.5807],[-56.1764,-15.5795],[-56.176,-15.5795],[-56.176,-15.58],[-56.1747,-15.581],[-56.1736,-15.5816],[-56.1725,-15.582],[-56.171,-15.581],[-56.1701,-15.5823],[-56.1688,-15.5832],[-56.1676,-15.5817],[-56.1653,-15.5792],[-56.1663,-15.5781],[-56.166,-15.5772],[-56.164,-15.5764],[-56.1626,-15.5763],[-56.1618,-15.5761],[-56.1611,-15.5761],[-56.1608,-15.5766],[-56.1612,-15.5774],[-56.1606,-15.5786],[-56.1594,-15.5792],[-56.1592,-15.5802],[-56.1571,-15.5811],[-56.1548,-15.5817],[-56.1542,-15.5817],[-56.1532,-15.5813],[-56.152,-15.5814],[-56.1513,-15.5808],[-56.1506,-15.5808],[-56.1508,-15.5815],[-56.1503,-15.5827],[-56.1502,-15.5837],[-56.1495,-15.5854],[-56.149,-15.5872],[-56.1483,-15.5876],[-56.1478,-15.5867],[-56.1472,-15.5864],[-56.1468,-15.5866],[-56.1468,-15.5877],[-56.1461,-15.5877],[-56.1453,-15.5884],[-56.1453,-15.5888],[-56.1462,-15.5887],[-56.147,-15.588],[-56.1476,-15.5886],[-56.1476,-15.5891],[-56.1467,-15.5892],[-56.1466,-15.5897],[-56.1471,-15.59],[-56.1476,-15.5907],[-56.1476,-15.5912],[-56.1459,-15.5919],[-56.1455,-15.5925],[-56.1448,-15.5924],[-56.144,-15.5927],[-56.1439,-15.5982],[-56.1433,-15.5998],[-56.142,-15.6015],[-56.1415,-15.6021],[-56.1386,-15.605],[-56.1377,-15.6073],[-56.1377,-15.6079],[-56.1377,-15.6081],[-56.14,-15.6083],[-56.1416,-15.6086],[-56.1442,-15.6094],[-56.1454,-15.6097],[-56.1455,-15.6094],[-56.1467,-15.6098],[-56.1478,-15.6103],[-56.1543,-15.6122],[-56.1555,-15.6124],[-56.1579,-15.6131],[-56.1595,-15.6133],[-56.1617,-15.6133],[-56.1636,-15.6134],[-56.1709,-15.6151],[-56.1724,-15.6152],[-56.1736,-15.6143],[-56.1745,-15.6136],[-56.1792,-15.6147],[-56.1804,-15.6149],[-56.1813,-15.6133],[-56.1822,-15.6112],[-56.1849,-15.6061],[-56.1844,-15.6053],[-56.1829,-15.6035],[-56.1792,-15.5996],[-56.1809,-15.5981],[-56.1809,-15.5976],[-56.1813,-15.5971],[-56.1834,-15.5883],[-56.1832,-15.5877],[-56.1835,-15.5874],[-56.1841,-15.5875],[-56.1882,-15.5847],[-56.1883,-15.5841]]]}},{"type":"Feature","properties":{"c":"b620","b":620,"n":"Ponte Nova","m":"5108402","cx":-56.1201,"cy":-15.6323},"geometry":{"type":"Polygon","coordinates":[[[-56.1209,-15.6368],[-56.1231,-15.6343],[-56.1224,-15.6338],[-56.1233,-15.6322],[-56.1219,-15.6319],[-56.1225,-15.63],[-56.1227,-15.6282],[-56.121,-15.6279],[-56.1203,-15.6272],[-56.1202,-15.6291],[-56.1198,-15.6296],[-56.1178,-15.6304],[-56.1178,-15.6307],[-56.117,-15.6324],[-56.1192,-15.636],[-56.1201,-15.6376],[-56.1209,-15.6368]]]}},{"type":"Feature","properties":{"c":"b621","b":621,"n":"Ponte Nova","m":"5108402","cx":-56.1013,"cy":-15.6305},"geometry":{"type":"Polygon","coordinates":[[[-56.1022,-15.6176],[-56.0935,-15.6251],[-56.0929,-15.6255],[-56.0885,-15.6278],[-56.0867,-15.6289],[-56.086,-15.6295],[-56.0829,-15.6323],[-56.0863,-15.6348],[-56.087,-15.635],[-56.0873,-15.6354],[-56.0889,-15.6366],[-56.0913,-15.6384],[-56.0926,-15.6389],[-56.0933,-15.639],[-56.0948,-15.6386],[-56.0953,-15.6387],[-56.102,-15.6378],[-56.1036,-15.6376],[-56.1041,-15.6375],[-56.1031,-15.6384],[-56.1043,-15.6397],[-56.1068,-15.6419],[-56.1078,-15.643],[-56.1084,-15.6442],[-56.1079,-15.6451],[-56.1088,-15.6455],[-56.1124,-15.6388],[-56.1128,-15.6386],[-56.1192,-15.6382],[-56.1202,-15.638],[-56.1201,-15.6376],[-56.1192,-15.636],[-56.117,-15.6324],[-56.1178,-15.6307],[-56.1178,-15.6304],[-56.1198,-15.6296],[-56.1202,-15.6291],[-56.1203,-15.6272],[-56.1169,-15.624],[-56.1151,-15.6223],[-56.1119,-15.6192],[-56.1066,-15.6158],[-56.1042,-15.6159],[-56.1033,-15.6167],[-56.1022,-15.6176]]]}},{"type":"Feature","properties":{"c":"b622","b":622,"n":"Primavera","m":"5108402","cx":-56.142,"cy":-15.6942},"geometry":{"type":"Polygon","coordinates":[[[-56.159,-15.6993],[-56.1582,-15.6983],[-56.1558,-15.6966],[-56.1552,-15.696],[-56.1515,-15.6896],[-56.1513,-15.689],[-56.151,-15.6873],[-56.1499,-15.6836],[-56.1498,-15.6839],[-56.148,-15.6853],[-56.1473,-15.6861],[-56.1448,-15.6884],[-56.143,-15.6849],[-56.1416,-15.6828],[-56.1401,-15.683],[-56.139,-15.6834],[-56.1312,-15.6856],[-56.1317,-15.6872],[-56.1304,-15.6873],[-56.1305,-15.6877],[-56.1306,-15.6915],[-56.1303,-15.6925],[-56.1287,-15.6974],[-56.1289,-15.6989],[-56.1295,-15.7016],[-56.1298,-15.7027],[-56.1308,-15.7043],[-56.1324,-15.706],[-56.134,-15.7061],[-56.1417,-15.7063],[-56.143,-15.7061],[-56.1526,-15.7028],[-56.1594,-15.7015],[-56.159,-15.6993]]]}},{"type":"Feature","properties":{"c":"b623","b":623,"n":"Santa Izabel","m":"5108402","cx":-56.1818,"cy":-15.6543},"geometry":{"type":"Polygon","coordinates":[[[-56.1819,-15.6678],[-56.1866,-15.6612],[-56.188,-15.659],[-56.1919,-15.6536],[-56.1948,-15.6505],[-56.1955,-15.6496],[-56.1878,-15.6462],[-56.1867,-15.6459],[-56.184,-15.6446],[-56.1825,-15.644],[-56.1783,-15.6422],[-56.1763,-15.6416],[-56.1739,-15.6412],[-56.1715,-15.6406],[-56.1707,-15.6435],[-56.1732,-15.6441],[-56.173,-15.6457],[-56.1726,-15.6469],[-56.1714,-15.652],[-56.171,-15.6538],[-56.1722,-15.6541],[-56.1721,-15.6546],[-56.1732,-15.6548],[-56.1726,-15.6567],[-56.1733,-15.657],[-56.177,-15.6591],[-56.1738,-15.6644],[-56.1819,-15.6678]]]}},{"type":"Feature","properties":{"c":"b624","b":624,"n":"São Mateus","m":"5108402","cx":-56.1794,"cy":-15.6852},"geometry":{"type":"Polygon","coordinates":[[[-56.2064,-15.6631],[-56.2057,-15.6628],[-56.1936,-15.6579],[-56.1928,-15.6577],[-56.1934,-15.6593],[-56.1944,-15.6612],[-56.1954,-15.6659],[-56.1963,-15.6699],[-56.1971,-15.6735],[-56.1977,-15.676],[-56.1941,-15.6749],[-56.1923,-15.6742],[-56.1875,-15.6729],[-56.186,-15.6786],[-56.1852,-15.6817],[-56.1844,-15.6813],[-56.1829,-15.6802],[-56.1762,-15.6758],[-56.1737,-15.681],[-56.1702,-15.6883],[-56.1682,-15.6921],[-56.167,-15.6948],[-56.1648,-15.6992],[-56.1649,-15.7008],[-56.1647,-15.7033],[-56.164,-15.7039],[-56.1647,-15.7049],[-56.1654,-15.7063],[-56.1652,-15.7074],[-56.1644,-15.7082],[-56.1647,-15.7102],[-56.1652,-15.7113],[-56.1654,-15.7123],[-56.1663,-15.7123],[-56.1675,-15.7118],[-56.1681,-15.7118],[-56.1716,-15.7125],[-56.1774,-15.7104],[-56.1785,-15.71],[-56.1779,-15.709],[-56.1841,-15.6942],[-56.1832,-15.6934],[-56.1863,-15.6869],[-56.1886,-15.682],[-56.1907,-15.6834],[-56.1915,-15.6823],[-56.1933,-15.6835],[-56.1951,-15.6821],[-56.1962,-15.6799],[-56.1971,-15.6792],[-56.1974,-15.6786],[-56.1983,-15.6779],[-56.2159,-15.6676],[-56.2165,-15.667],[-56.2064,-15.6631]]]}},{"type":"Feature","properties":{"c":"b625","b":625,"n":"São Matheus","m":"5108402","cx":-56.1897,"cy":-15.6646},"geometry":{"type":"Polygon","coordinates":[[[-56.1829,-15.6802],[-56.1844,-15.6813],[-56.1852,-15.6817],[-56.186,-15.6786],[-56.1875,-15.6729],[-56.1923,-15.6742],[-56.1941,-15.6749],[-56.1977,-15.676],[-56.1971,-15.6735],[-56.1963,-15.6699],[-56.1954,-15.6659],[-56.1944,-15.6612],[-56.1934,-15.6593],[-56.1928,-15.6577],[-56.1936,-15.6579],[-56.2057,-15.6628],[-56.2064,-15.6631],[-56.2165,-15.667],[-56.217,-15.6663],[-56.217,-15.6658],[-56.2179,-15.6634],[-56.2191,-15.6598],[-56.2189,-15.6597],[-56.2126,-15.657],[-56.1969,-15.6503],[-56.1955,-15.6496],[-56.1948,-15.6505],[-56.1919,-15.6536],[-56.188,-15.659],[-56.1866,-15.6612],[-56.1819,-15.6678],[-56.1814,-15.6684],[-56.18,-15.6705],[-56.1787,-15.6723],[-56.1762,-15.6758],[-56.1829,-15.6802]]]}},{"type":"Feature","properties":{"c":"b626","b":626,"n":"São Simão","m":"5108402","cx":-56.1608,"cy":-15.6878},"geometry":{"type":"Polygon","coordinates":[[[-56.1513,-15.689],[-56.1515,-15.6896],[-56.1552,-15.696],[-56.1558,-15.6966],[-56.1582,-15.6983],[-56.159,-15.6993],[-56.1594,-15.7015],[-56.1622,-15.701],[-56.1632,-15.7007],[-56.1639,-15.7002],[-56.1648,-15.6992],[-56.167,-15.6948],[-56.1682,-15.6921],[-56.1702,-15.6883],[-56.1737,-15.681],[-56.1719,-15.6795],[-56.1714,-15.6797],[-56.1699,-15.679],[-56.1697,-15.6797],[-56.1691,-15.68],[-56.1674,-15.6785],[-56.1662,-15.6776],[-56.1615,-15.6749],[-56.1591,-15.6787],[-56.1587,-15.6785],[-56.1573,-15.6809],[-56.1552,-15.683],[-56.1533,-15.6849],[-56.151,-15.6873],[-56.1513,-15.689]]]}},{"type":"Feature","properties":{"c":"b627","b":627,"n":"Vitória Régia","m":"5108402","cx":-56.1215,"cy":-15.6939},"geometry":{"type":"Polygon","coordinates":[[[-56.1289,-15.6835],[-56.1274,-15.6845],[-56.1245,-15.6868],[-56.1254,-15.6878],[-56.1245,-15.6884],[-56.1252,-15.6895],[-56.1228,-15.6902],[-56.1208,-15.6879],[-56.1168,-15.6831],[-56.1164,-15.6827],[-56.1126,-15.686],[-56.1125,-15.6863],[-56.1117,-15.6866],[-56.1104,-15.6884],[-56.1098,-15.6895],[-56.1096,-15.6903],[-56.1115,-15.6916],[-56.1128,-15.6931],[-56.1136,-15.6947],[-56.1137,-15.6972],[-56.1136,-15.6987],[-56.113,-15.6995],[-56.1138,-15.6999],[-56.1221,-15.7052],[-56.1227,-15.7055],[-56.1239,-15.7057],[-56.1324,-15.706],[-56.1308,-15.7043],[-56.1298,-15.7027],[-56.1295,-15.7016],[-56.1289,-15.6989],[-56.1287,-15.6974],[-56.1303,-15.6925],[-56.1306,-15.6915],[-56.1305,-15.6877],[-56.1304,-15.6873],[-56.1289,-15.6835]]]}},{"type":"Feature","properties":{"c":"b628","b":628,"n":"Bela Vista","m":"5108600","cx":-51.108,"cy":-10.0106},"geometry":{"type":"Polygon","coordinates":[[[-51.1103,-10.015],[-51.1102,-10.0143],[-51.111,-10.0112],[-51.1117,-10.01],[-51.1072,-10.0068],[-51.1067,-10.008],[-51.1054,-10.0079],[-51.1045,-10.0113],[-51.1037,-10.0147],[-51.1103,-10.015]]]}},{"type":"Feature","properties":{"c":"b629","b":629,"n":"Cidade Jardim","m":"5108600","cx":-51.1173,"cy":-10.0093},"geometry":{"type":"Polygon","coordinates":[[[-51.1158,-10.0065],[-51.1148,-10.0056],[-51.1132,-10.0079],[-51.117,-10.0105],[-51.1201,-10.0126],[-51.1206,-10.0134],[-51.122,-10.0131],[-51.1228,-10.0098],[-51.1207,-10.0092],[-51.1192,-10.0087],[-51.1194,-10.0095],[-51.1156,-10.0068],[-51.1158,-10.0065]]]}},{"type":"Feature","properties":{"c":"b630","b":630,"n":"Inconfidentes","m":"5108600","cx":-51.1134,"cy":-10.0202},"geometry":{"type":"Polygon","coordinates":[[[-51.1079,-10.0207],[-51.1159,-10.0227],[-51.12,-10.0236],[-51.1202,-10.0237],[-51.1216,-10.018],[-51.1188,-10.0173],[-51.1106,-10.0183],[-51.1036,-10.0193],[-51.1034,-10.0196],[-51.1079,-10.0207]]]}},{"type":"Feature","properties":{"c":"b631","b":631,"n":"Vila Nova","m":"5108600","cx":-51.1068,"cy":-10.0175},"geometry":{"type":"Polygon","coordinates":[[[-51.1103,-10.015],[-51.1037,-10.0147],[-51.1032,-10.0168],[-51.103,-10.0182],[-51.0994,-10.0187],[-51.1034,-10.0196],[-51.1036,-10.0193],[-51.1106,-10.0183],[-51.1103,-10.015]]]}},{"type":"Feature","properties":{"c":"b632","b":632,"n":"Centro","m":"5108857","cx":-56.9707,"cy":-14.3657},"geometry":{"type":"Polygon","coordinates":[[[-56.9687,-14.3642],[-56.9699,-14.3672],[-56.9695,-14.3683],[-56.9721,-14.3684],[-56.9722,-14.3673],[-56.9722,-14.3641],[-56.9721,-14.3621],[-56.9722,-14.3612],[-56.971,-14.3609],[-56.97,-14.3619],[-56.9692,-14.3621],[-56.9685,-14.3625],[-56.9687,-14.3642]]]}},{"type":"Feature","properties":{"c":"b633","b":633,"n":"Planalto","m":"5108857","cx":-56.9772,"cy":-14.3665},"geometry":{"type":"Polygon","coordinates":[[[-56.9719,-14.3689],[-56.9726,-14.3694],[-56.9725,-14.3701],[-56.9729,-14.3704],[-56.974,-14.3701],[-56.9752,-14.3701],[-56.975,-14.3697],[-56.9749,-14.3678],[-56.9822,-14.3677],[-56.9822,-14.3658],[-56.9806,-14.3658],[-56.9805,-14.3656],[-56.9781,-14.365],[-56.9758,-14.3642],[-56.9722,-14.3641],[-56.9722,-14.3673],[-56.9721,-14.3684],[-56.9719,-14.3689]]]}},{"type":"Feature","properties":{"c":"b634","b":634,"n":"Renascer","m":"5108857","cx":-56.9671,"cy":-14.3655},"geometry":{"type":"Polygon","coordinates":[[[-56.9674,-14.3629],[-56.9665,-14.3631],[-56.9651,-14.3631],[-56.9644,-14.3634],[-56.963,-14.3644],[-56.9637,-14.3646],[-56.9645,-14.3644],[-56.9655,-14.3664],[-56.9654,-14.3669],[-56.9661,-14.368],[-56.9664,-14.3682],[-56.9668,-14.3677],[-56.9675,-14.3674],[-56.9682,-14.3675],[-56.9695,-14.3683],[-56.9699,-14.3672],[-56.9687,-14.3642],[-56.9685,-14.3625],[-56.9674,-14.3629]]]}}]}