{"type":"FeatureCollection","features":[{"type":"Feature","properties":{"c":"b0","b":0,"n":"Alto São Miguel","m":"2600054","cx":-34.9056,"cy":-7.9027},"geometry":{"type":"Polygon","coordinates":[[[-34.9089,-7.9057],[-34.9096,-7.9053],[-34.9107,-7.9053],[-34.9107,-7.9046],[-34.9096,-7.9041],[-34.9091,-7.9021],[-34.9097,-7.902],[-34.9106,-7.9024],[-34.9109,-7.9022],[-34.9105,-7.9012],[-34.9091,-7.9012],[-34.9074,-7.9013],[-34.9074,-7.9018],[-34.9064,-7.9021],[-34.9054,-7.9021],[-34.9055,-7.9007],[-34.9041,-7.9004],[-34.9027,-7.8999],[-34.9025,-7.8995],[-34.9019,-7.9009],[-34.9018,-7.9017],[-34.9019,-7.9031],[-34.9022,-7.9049],[-34.9035,-7.9048],[-34.904,-7.9042],[-34.9046,-7.9043],[-34.9046,-7.9035],[-34.9058,-7.9033],[-34.9058,-7.9038],[-34.907,-7.904],[-34.9072,-7.905],[-34.9084,-7.9056],[-34.9089,-7.9057]]]}},{"type":"Feature","properties":{"c":"b1","b":1,"n":"Alto da Bela Vista","m":"2600054","cx":-34.8969,"cy":-7.9131},"geometry":{"type":"Polygon","coordinates":[[[-34.9017,-7.9106],[-34.9021,-7.9099],[-34.9022,-7.9085],[-34.9011,-7.9085],[-34.9005,-7.9088],[-34.9004,-7.9097],[-34.8988,-7.9095],[-34.898,-7.9098],[-34.8973,-7.909],[-34.896,-7.9094],[-34.8949,-7.9102],[-34.8943,-7.9094],[-34.8943,-7.9087],[-34.8937,-7.9082],[-34.892,-7.9093],[-34.8911,-7.9098],[-34.8903,-7.9099],[-34.8899,-7.9102],[-34.8879,-7.9107],[-34.8872,-7.9111],[-34.8857,-7.9113],[-34.8859,-7.912],[-34.8871,-7.9123],[-34.8875,-7.9123],[-34.8885,-7.9116],[-34.8897,-7.9117],[-34.8904,-7.9119],[-34.8914,-7.9128],[-34.8934,-7.9129],[-34.894,-7.9133],[-34.8943,-7.9141],[-34.895,-7.9148],[-34.895,-7.9157],[-34.8952,-7.9161],[-34.896,-7.9169],[-34.8965,-7.9179],[-34.8994,-7.9141],[-34.901,-7.9117],[-34.9017,-7.9106]]]}},{"type":"Feature","properties":{"c":"b2","b":2,"n":"Caetés I","m":"2600054","cx":-34.9224,"cy":-7.9169},"geometry":{"type":"Polygon","coordinates":[[[-34.9144,-7.912],[-34.9152,-7.913],[-34.9145,-7.9142],[-34.9147,-7.9162],[-34.9143,-7.9164],[-34.9094,-7.9202],[-34.909,-7.9203],[-34.909,-7.921],[-34.9094,-7.9221],[-34.9102,-7.9228],[-34.9103,-7.9221],[-34.912,-7.9219],[-34.9129,-7.9215],[-34.9133,-7.9209],[-34.9131,-7.9204],[-34.914,-7.9196],[-34.9144,-7.9195],[-34.9155,-7.9197],[-34.9165,-7.9206],[-34.9178,-7.9209],[-34.9186,-7.9214],[-34.9199,-7.9217],[-34.9206,-7.9213],[-34.9216,-7.9215],[-34.9222,-7.9218],[-34.9229,-7.9216],[-34.924,-7.9222],[-34.9245,-7.9221],[-34.9253,-7.9228],[-34.9258,-7.9222],[-34.9264,-7.922],[-34.9276,-7.922],[-34.9279,-7.9225],[-34.9292,-7.9224],[-34.9295,-7.923],[-34.93,-7.9232],[-34.9299,-7.9241],[-34.9295,-7.925],[-34.9296,-7.9254],[-34.9305,-7.9251],[-34.9322,-7.9248],[-34.9338,-7.9249],[-34.9361,-7.9255],[-34.9365,-7.9238],[-34.935,-7.922],[-34.9338,-7.9213],[-34.9353,-7.9201],[-34.9351,-7.9199],[-34.9335,-7.9195],[-34.9321,-7.918],[-34.9327,-7.9171],[-34.9324,-7.9168],[-34.9324,-7.9161],[-34.932,-7.9161],[-34.9313,-7.9171],[-34.9309,-7.9163],[-34.931,-7.9157],[-34.9304,-7.9157],[-34.9303,-7.9161],[-34.9296,-7.9159],[-34.9294,-7.915],[-34.9299,-7.9146],[-34.9288,-7.9127],[-34.9286,-7.9127],[-34.9283,-7.9114],[-34.9291,-7.9106],[-34.929,-7.9098],[-34.9292,-7.9089],[-34.9286,-7.9083],[-34.9281,-7.9082],[-34.9246,-7.9085],[-34.9227,-7.9097],[-34.9202,-7.9112],[-34.9187,-7.9114],[-34.9184,-7.9118],[-34.9173,-7.912],[-34.9164,-7.9113],[-34.9153,-7.9117],[-34.9144,-7.912]]]}},{"type":"Feature","properties":{"c":"b3","b":3,"n":"Caetés II","m":"2600054","cx":-34.9199,"cy":-7.9248},"geometry":{"type":"Polygon","coordinates":[[[-34.9074,-7.9223],[-34.9077,-7.9229],[-34.9091,-7.9236],[-34.9102,-7.9246],[-34.9107,-7.9261],[-34.9114,-7.9269],[-34.9138,-7.9273],[-34.9148,-7.9276],[-34.9158,-7.9271],[-34.9173,-7.9269],[-34.9185,-7.9271],[-34.9218,-7.9293],[-34.9229,-7.9299],[-34.9236,-7.93],[-34.9261,-7.929],[-34.9274,-7.9282],[-34.9282,-7.9275],[-34.9287,-7.9267],[-34.9286,-7.9259],[-34.9296,-7.9254],[-34.9295,-7.925],[-34.9299,-7.9241],[-34.93,-7.9232],[-34.9295,-7.923],[-34.9292,-7.9224],[-34.9279,-7.9225],[-34.9276,-7.922],[-34.9264,-7.922],[-34.9258,-7.9222],[-34.9253,-7.9228],[-34.9245,-7.9221],[-34.924,-7.9222],[-34.9229,-7.9216],[-34.9222,-7.9218],[-34.9216,-7.9215],[-34.9206,-7.9213],[-34.9199,-7.9217],[-34.9186,-7.9214],[-34.9178,-7.9209],[-34.9165,-7.9206],[-34.9155,-7.9197],[-34.9144,-7.9195],[-34.914,-7.9196],[-34.9131,-7.9204],[-34.9133,-7.9209],[-34.9129,-7.9215],[-34.912,-7.9219],[-34.9103,-7.9221],[-34.9102,-7.9228],[-34.9094,-7.9221],[-34.909,-7.921],[-34.9074,-7.9223]],[[-34.9251,-7.9283],[-34.9234,-7.9292],[-34.9228,-7.9292],[-34.9224,-7.9285],[-34.9226,-7.9283],[-34.9219,-7.9271],[-34.9245,-7.9259],[-34.9255,-7.9279],[-34.9251,-7.9283]]]}},{"type":"Feature","properties":{"c":"b4","b":4,"n":"Caetés III","m":"2600054","cx":-34.9112,"cy":-7.9157},"geometry":{"type":"Polygon","coordinates":[[[-34.9152,-7.9112],[-34.9144,-7.9113],[-34.9141,-7.9105],[-34.9142,-7.9097],[-34.914,-7.9094],[-34.9128,-7.9105],[-34.911,-7.9107],[-34.9092,-7.9105],[-34.9086,-7.9106],[-34.9081,-7.9106],[-34.9071,-7.9112],[-34.9068,-7.9125],[-34.9065,-7.9128],[-34.9082,-7.9146],[-34.9077,-7.9159],[-34.9081,-7.9165],[-34.9068,-7.9168],[-34.9067,-7.9163],[-34.907,-7.9161],[-34.9068,-7.9155],[-34.9057,-7.9159],[-34.9074,-7.9223],[-34.909,-7.921],[-34.909,-7.9203],[-34.9094,-7.9202],[-34.9143,-7.9164],[-34.9147,-7.9162],[-34.9145,-7.9142],[-34.9152,-7.913],[-34.9144,-7.912],[-34.9153,-7.9117],[-34.9152,-7.9112]]]}},{"type":"Feature","properties":{"c":"b5","b":5,"n":"Centro","m":"2600054","cx":-34.9012,"cy":-7.9064},"geometry":{"type":"Polygon","coordinates":[[[-34.901,-7.9016],[-34.901,-7.9013],[-34.8999,-7.9011],[-34.8992,-7.9013],[-34.8994,-7.903],[-34.8986,-7.903],[-34.8981,-7.9036],[-34.8981,-7.904],[-34.8964,-7.903],[-34.8957,-7.9023],[-34.8945,-7.9028],[-34.8944,-7.9034],[-34.8937,-7.9044],[-34.8938,-7.905],[-34.8948,-7.9045],[-34.8956,-7.9051],[-34.8956,-7.9057],[-34.8943,-7.9062],[-34.8939,-7.9067],[-34.8937,-7.9082],[-34.8943,-7.9087],[-34.8943,-7.9094],[-34.8949,-7.9102],[-34.896,-7.9094],[-34.8973,-7.909],[-34.898,-7.9098],[-34.8988,-7.9095],[-34.9004,-7.9097],[-34.9005,-7.9088],[-34.9011,-7.9085],[-34.9022,-7.9085],[-34.9021,-7.9099],[-34.9017,-7.9106],[-34.901,-7.9117],[-34.9024,-7.9111],[-34.9024,-7.9102],[-34.905,-7.9102],[-34.9053,-7.9105],[-34.9076,-7.9105],[-34.9081,-7.9106],[-34.9086,-7.9106],[-34.9087,-7.9094],[-34.9081,-7.9094],[-34.9084,-7.9056],[-34.9072,-7.905],[-34.907,-7.904],[-34.9058,-7.9038],[-34.9058,-7.9033],[-34.9046,-7.9035],[-34.9046,-7.9043],[-34.904,-7.9042],[-34.9035,-7.9048],[-34.9022,-7.9049],[-34.9019,-7.9031],[-34.9018,-7.9017],[-34.901,-7.9016]]]}},{"type":"Feature","properties":{"c":"b6","b":6,"n":"Desterro","m":"2600054","cx":-34.9191,"cy":-7.8955},"geometry":{"type":"Polygon","coordinates":[[[-34.9105,-7.9012],[-34.9109,-7.9022],[-34.9118,-7.9022],[-34.9121,-7.9019],[-34.913,-7.9023],[-34.9137,-7.904],[-34.9141,-7.9046],[-34.9146,-7.9048],[-34.9154,-7.9048],[-34.9156,-7.9052],[-34.9163,-7.9049],[-34.9153,-7.9039],[-34.9156,-7.9035],[-34.9145,-7.9023],[-34.9144,-7.9014],[-34.9161,-7.8998],[-34.9169,-7.8989],[-34.9178,-7.8986],[-34.9195,-7.8994],[-34.9202,-7.9002],[-34.9211,-7.9004],[-34.9212,-7.9018],[-34.9203,-7.9025],[-34.9207,-7.9032],[-34.9208,-7.9039],[-34.9218,-7.9037],[-34.9222,-7.9046],[-34.9234,-7.9043],[-34.9236,-7.904],[-34.9229,-7.9039],[-34.9233,-7.9034],[-34.9239,-7.9035],[-34.9244,-7.9032],[-34.9254,-7.902],[-34.9263,-7.9004],[-34.9268,-7.9004],[-34.9277,-7.8999],[-34.9282,-7.8992],[-34.9302,-7.8982],[-34.9317,-7.898],[-34.9323,-7.8974],[-34.9325,-7.8967],[-34.9332,-7.8964],[-34.9335,-7.896],[-34.9347,-7.8957],[-34.9355,-7.8953],[-34.9361,-7.8944],[-34.9363,-7.8936],[-34.9308,-7.8928],[-34.9302,-7.8923],[-34.9294,-7.8912],[-34.9281,-7.8901],[-34.9266,-7.8895],[-34.9252,-7.8886],[-34.9232,-7.8869],[-34.9219,-7.8864],[-34.9181,-7.886],[-34.9139,-7.8869],[-34.9132,-7.8873],[-34.9121,-7.8873],[-34.9108,-7.8869],[-34.9096,-7.8869],[-34.9084,-7.887],[-34.9076,-7.8865],[-34.9043,-7.8861],[-34.9034,-7.8921],[-34.9036,-7.8921],[-34.9028,-7.8973],[-34.9055,-7.8977],[-34.9081,-7.8989],[-34.9086,-7.8998],[-34.9088,-7.9009],[-34.9091,-7.9012],[-34.9105,-7.9012]]]}},{"type":"Feature","properties":{"c":"b7","b":7,"n":"Distrito Industrial","m":"2600054","cx":-34.9237,"cy":-7.9275},"geometry":{"type":"Polygon","coordinates":[[[-34.9245,-7.9259],[-34.9219,-7.9271],[-34.9226,-7.9283],[-34.9224,-7.9285],[-34.9228,-7.9292],[-34.9234,-7.9292],[-34.9251,-7.9283],[-34.9255,-7.9279],[-34.9245,-7.9259]]]}},{"type":"Feature","properties":{"c":"b8","b":8,"n":"Fosfato","m":"2600054","cx":-34.8935,"cy":-7.8966},"geometry":{"type":"Polygon","coordinates":[[[-34.8818,-7.8922],[-34.8805,-7.8927],[-34.8807,-7.8934],[-34.8815,-7.8944],[-34.8823,-7.8951],[-34.884,-7.8948],[-34.8843,-7.8945],[-34.8853,-7.8947],[-34.8862,-7.8954],[-34.8867,-7.8955],[-34.8875,-7.8961],[-34.8891,-7.8978],[-34.892,-7.9011],[-34.8947,-7.9015],[-34.8957,-7.9023],[-34.8964,-7.903],[-34.8981,-7.904],[-34.8981,-7.9036],[-34.8986,-7.903],[-34.8994,-7.903],[-34.8992,-7.9013],[-34.8999,-7.9011],[-34.901,-7.9013],[-34.901,-7.9016],[-34.9018,-7.9017],[-34.9019,-7.9009],[-34.9025,-7.8995],[-34.9026,-7.8991],[-34.9005,-7.8979],[-34.8992,-7.8972],[-34.8986,-7.8951],[-34.8984,-7.8942],[-34.8975,-7.8931],[-34.8971,-7.8927],[-34.8962,-7.8929],[-34.8949,-7.8926],[-34.8941,-7.8922],[-34.8934,-7.8922],[-34.8925,-7.8914],[-34.8922,-7.8908],[-34.8903,-7.89],[-34.8899,-7.8905],[-34.8889,-7.8909],[-34.8885,-7.8907],[-34.888,-7.8898],[-34.8873,-7.8897],[-34.8863,-7.8902],[-34.8857,-7.8893],[-34.8842,-7.8892],[-34.8818,-7.8922]]]}},{"type":"Feature","properties":{"c":"b9","b":9,"n":"Jardim Caetés","m":"2600054","cx":-34.9115,"cy":-7.9062},"geometry":{"type":"Polygon","coordinates":[[[-34.9092,-7.9105],[-34.911,-7.9107],[-34.9128,-7.9105],[-34.914,-7.9094],[-34.9142,-7.9097],[-34.9152,-7.9092],[-34.915,-7.9088],[-34.9159,-7.9082],[-34.9159,-7.9077],[-34.9145,-7.9085],[-34.9142,-7.9081],[-34.9138,-7.9083],[-34.9131,-7.908],[-34.9131,-7.9078],[-34.9138,-7.9075],[-34.9149,-7.9067],[-34.9139,-7.9049],[-34.9141,-7.9046],[-34.9137,-7.904],[-34.913,-7.9023],[-34.9121,-7.9019],[-34.9118,-7.9022],[-34.9109,-7.9022],[-34.9106,-7.9024],[-34.9097,-7.902],[-34.9091,-7.9021],[-34.9096,-7.9041],[-34.9107,-7.9046],[-34.9107,-7.9053],[-34.9096,-7.9053],[-34.9089,-7.9057],[-34.9084,-7.9056],[-34.9081,-7.9094],[-34.9087,-7.9094],[-34.9086,-7.9106],[-34.9092,-7.9105]]]}},{"type":"Feature","properties":{"c":"b10","b":10,"n":"Matinha","m":"2600054","cx":-34.9007,"cy":-7.8936},"geometry":{"type":"Polygon","coordinates":[[[-34.9022,-7.8859],[-34.9003,-7.8866],[-34.8968,-7.8868],[-34.8936,-7.8871],[-34.891,-7.8876],[-34.8882,-7.8877],[-34.8867,-7.8888],[-34.8842,-7.8892],[-34.8857,-7.8893],[-34.8863,-7.8902],[-34.8873,-7.8897],[-34.888,-7.8898],[-34.8885,-7.8907],[-34.8889,-7.8909],[-34.8899,-7.8905],[-34.8903,-7.89],[-34.8922,-7.8908],[-34.8925,-7.8914],[-34.8934,-7.8922],[-34.8941,-7.8922],[-34.8949,-7.8926],[-34.8962,-7.8929],[-34.8971,-7.8927],[-34.8975,-7.8931],[-34.8984,-7.8942],[-34.8986,-7.8951],[-34.8992,-7.8972],[-34.9005,-7.8979],[-34.9026,-7.8991],[-34.9025,-7.8995],[-34.9027,-7.8999],[-34.9041,-7.9004],[-34.9055,-7.9007],[-34.9054,-7.9021],[-34.9064,-7.9021],[-34.9074,-7.9018],[-34.9074,-7.9013],[-34.9091,-7.9012],[-34.9088,-7.9009],[-34.9086,-7.8998],[-34.9081,-7.8989],[-34.9055,-7.8977],[-34.9028,-7.8973],[-34.9036,-7.8921],[-34.9034,-7.8921],[-34.9043,-7.8861],[-34.9022,-7.8859]]]}},{"type":"Feature","properties":{"c":"b11","b":11,"n":"Planalto","m":"2600054","cx":-34.9209,"cy":-7.9059},"geometry":{"type":"Polygon","coordinates":[[[-34.9141,-7.9105],[-34.9144,-7.9113],[-34.9152,-7.9112],[-34.9153,-7.9117],[-34.9164,-7.9113],[-34.9173,-7.912],[-34.9184,-7.9118],[-34.9187,-7.9114],[-34.9202,-7.9112],[-34.9227,-7.9097],[-34.9246,-7.9085],[-34.9281,-7.9082],[-34.927,-7.905],[-34.9264,-7.9051],[-34.9253,-7.9049],[-34.9246,-7.9039],[-34.9239,-7.9035],[-34.9233,-7.9034],[-34.9229,-7.9039],[-34.9236,-7.904],[-34.9234,-7.9043],[-34.9222,-7.9046],[-34.9218,-7.9037],[-34.9208,-7.9039],[-34.9207,-7.9032],[-34.9203,-7.9025],[-34.9212,-7.9018],[-34.9211,-7.9004],[-34.9202,-7.9002],[-34.9195,-7.8994],[-34.9178,-7.8986],[-34.9169,-7.8989],[-34.9161,-7.8998],[-34.9144,-7.9014],[-34.9145,-7.9023],[-34.9156,-7.9035],[-34.9153,-7.9039],[-34.9163,-7.9049],[-34.9156,-7.9052],[-34.9154,-7.9048],[-34.9146,-7.9048],[-34.9141,-7.9046],[-34.9139,-7.9049],[-34.9149,-7.9067],[-34.9138,-7.9075],[-34.9131,-7.9078],[-34.9131,-7.908],[-34.9138,-7.9083],[-34.9142,-7.9081],[-34.9145,-7.9085],[-34.9159,-7.9077],[-34.9159,-7.9082],[-34.915,-7.9088],[-34.9152,-7.9092],[-34.9142,-7.9097],[-34.9141,-7.9105]]]}},{"type":"Feature","properties":{"c":"b12","b":12,"n":"Timbó","m":"2600054","cx":-34.9036,"cy":-7.9143},"geometry":{"type":"Polygon","coordinates":[[[-34.9068,-7.9155],[-34.907,-7.9161],[-34.9067,-7.9163],[-34.9068,-7.9168],[-34.9081,-7.9165],[-34.9077,-7.9159],[-34.9082,-7.9146],[-34.9065,-7.9128],[-34.9068,-7.9125],[-34.9071,-7.9112],[-34.9081,-7.9106],[-34.9076,-7.9105],[-34.9053,-7.9105],[-34.905,-7.9102],[-34.9024,-7.9102],[-34.9024,-7.9111],[-34.901,-7.9117],[-34.8994,-7.9141],[-34.8965,-7.9179],[-34.9013,-7.9188],[-34.9012,-7.9174],[-34.9009,-7.917],[-34.9012,-7.9165],[-34.9021,-7.9161],[-34.9031,-7.915],[-34.9035,-7.9151],[-34.9039,-7.9158],[-34.9047,-7.916],[-34.9057,-7.9159],[-34.9068,-7.9155]]]}},{"type":"Feature","properties":{"c":"b13","b":13,"n":"Borges","m":"2600104","cx":-37.6297,"cy":-7.7506},"geometry":{"type":"Polygon","coordinates":[[[-37.6308,-7.7519],[-37.6323,-7.7497],[-37.6325,-7.7493],[-37.6326,-7.7485],[-37.6322,-7.7473],[-37.632,-7.7464],[-37.6325,-7.7459],[-37.6321,-7.7453],[-37.6305,-7.7445],[-37.6303,-7.7454],[-37.6307,-7.7456],[-37.6304,-7.7467],[-37.6301,-7.747],[-37.6298,-7.7481],[-37.6292,-7.7483],[-37.6279,-7.7496],[-37.6274,-7.7515],[-37.6266,-7.7525],[-37.6266,-7.7527],[-37.6241,-7.7528],[-37.6177,-7.7527],[-37.6165,-7.7531],[-37.6159,-7.7537],[-37.6154,-7.756],[-37.6169,-7.7562],[-37.6175,-7.7556],[-37.6185,-7.7554],[-37.6198,-7.7558],[-37.6212,-7.7555],[-37.6241,-7.7541],[-37.6245,-7.7541],[-37.6261,-7.7546],[-37.6266,-7.7546],[-37.6274,-7.7554],[-37.6282,-7.7542],[-37.6289,-7.7531],[-37.629,-7.7526],[-37.6302,-7.7526],[-37.6308,-7.7519]]]}},{"type":"Feature","properties":{"c":"b14","b":14,"n":"Brotas","m":"2600104","cx":-37.6258,"cy":-7.7475},"geometry":{"type":"Polygon","coordinates":[[[-37.6177,-7.7527],[-37.6241,-7.7528],[-37.6266,-7.7527],[-37.6266,-7.7525],[-37.6274,-7.7515],[-37.6279,-7.7496],[-37.6292,-7.7483],[-37.6298,-7.7481],[-37.6301,-7.747],[-37.6304,-7.7467],[-37.6307,-7.7456],[-37.6303,-7.7454],[-37.6305,-7.7445],[-37.6301,-7.7439],[-37.6307,-7.7427],[-37.6293,-7.7414],[-37.6278,-7.741],[-37.626,-7.7414],[-37.6242,-7.7424],[-37.623,-7.7438],[-37.6223,-7.745],[-37.6218,-7.7451],[-37.6214,-7.7492],[-37.6174,-7.7496],[-37.6155,-7.7502],[-37.6156,-7.7519],[-37.6166,-7.7526],[-37.6165,-7.7531],[-37.6177,-7.7527]]]}},{"type":"Feature","properties":{"c":"b15","b":15,"n":"Costa","m":"2600104","cx":-37.6333,"cy":-7.7442},"geometry":{"type":"Polygon","coordinates":[[[-37.6411,-7.7426],[-37.6424,-7.7428],[-37.6422,-7.7423],[-37.6393,-7.7393],[-37.6391,-7.739],[-37.638,-7.7388],[-37.6371,-7.739],[-37.6357,-7.7391],[-37.6352,-7.7396],[-37.6343,-7.7413],[-37.634,-7.7427],[-37.6331,-7.7432],[-37.6315,-7.7431],[-37.6307,-7.7427],[-37.6301,-7.7439],[-37.6305,-7.7445],[-37.6321,-7.7453],[-37.6325,-7.7459],[-37.632,-7.7464],[-37.6322,-7.7473],[-37.6326,-7.7485],[-37.6325,-7.7493],[-37.6343,-7.747],[-37.6349,-7.7461],[-37.6357,-7.7466],[-37.6363,-7.7455],[-37.6356,-7.7452],[-37.6364,-7.744],[-37.6363,-7.7437],[-37.6373,-7.7428],[-37.6382,-7.7423],[-37.6393,-7.7421],[-37.6393,-7.7427],[-37.6411,-7.7426]]]}},{"type":"Feature","properties":{"c":"b16","b":16,"n":"Manoela Valadares","m":"2600104","cx":-37.6346,"cy":-7.7593},"geometry":{"type":"Polygon","coordinates":[[[-37.6355,-7.7551],[-37.6339,-7.7545],[-37.6324,-7.7537],[-37.6334,-7.7519],[-37.6343,-7.7526],[-37.6349,-7.7515],[-37.6337,-7.7507],[-37.6325,-7.7524],[-37.6318,-7.7519],[-37.6313,-7.7526],[-37.6302,-7.7526],[-37.629,-7.7526],[-37.6289,-7.7531],[-37.6282,-7.7542],[-37.6274,-7.7554],[-37.6262,-7.757],[-37.6277,-7.7589],[-37.6285,-7.7596],[-37.6288,-7.7602],[-37.6303,-7.761],[-37.6298,-7.7629],[-37.6293,-7.7628],[-37.6289,-7.7633],[-37.6297,-7.765],[-37.6305,-7.7659],[-37.6318,-7.7654],[-37.633,-7.7646],[-37.6336,-7.7644],[-37.6346,-7.7648],[-37.6344,-7.7662],[-37.6354,-7.7667],[-37.6388,-7.7681],[-37.6386,-7.7677],[-37.6382,-7.7672],[-37.6358,-7.7642],[-37.6363,-7.7635],[-37.6347,-7.7629],[-37.6346,-7.7631],[-37.6337,-7.7627],[-37.6336,-7.7621],[-37.6327,-7.7609],[-37.631,-7.7588],[-37.6326,-7.759],[-37.634,-7.7607],[-37.6354,-7.7612],[-37.6357,-7.7604],[-37.6364,-7.7604],[-37.6362,-7.758],[-37.6369,-7.7577],[-37.6365,-7.7565],[-37.6368,-7.7559],[-37.6355,-7.7551]]]}},{"type":"Feature","properties":{"c":"b17","b":17,"n":"Pe. Pedro Pereira","m":"2600104","cx":-37.6521,"cy":-7.7409},"geometry":{"type":"Polygon","coordinates":[[[-37.6424,-7.7428],[-37.6435,-7.743],[-37.6442,-7.7436],[-37.6446,-7.7443],[-37.6449,-7.7464],[-37.6454,-7.7475],[-37.6462,-7.7481],[-37.6471,-7.7484],[-37.6485,-7.7481],[-37.6506,-7.7471],[-37.652,-7.747],[-37.6536,-7.7473],[-37.6543,-7.747],[-37.6559,-7.7457],[-37.6596,-7.7426],[-37.6606,-7.7411],[-37.6619,-7.7398],[-37.6632,-7.7387],[-37.6641,-7.7368],[-37.6655,-7.7372],[-37.6677,-7.7373],[-37.6681,-7.7354],[-37.6679,-7.7347],[-37.6682,-7.7338],[-37.6509,-7.7343],[-37.6503,-7.7343],[-37.6484,-7.7349],[-37.6441,-7.7365],[-37.6445,-7.7371],[-37.6439,-7.7395],[-37.6433,-7.7412],[-37.6425,-7.7408],[-37.6422,-7.7423],[-37.6424,-7.7428]]]}},{"type":"Feature","properties":{"c":"b18","b":18,"n":"Sobreira","m":"2600104","cx":-37.6413,"cy":-7.7586},"geometry":{"type":"Polygon","coordinates":[[[-37.6437,-7.7588],[-37.6447,-7.7585],[-37.6455,-7.7575],[-37.6467,-7.7578],[-37.6501,-7.7581],[-37.6522,-7.759],[-37.6527,-7.7594],[-37.6529,-7.7605],[-37.6535,-7.7618],[-37.6544,-7.7631],[-37.6567,-7.7657],[-37.6592,-7.7618],[-37.6585,-7.7616],[-37.6595,-7.76],[-37.6521,-7.7565],[-37.6511,-7.7559],[-37.651,-7.7539],[-37.6504,-7.7539],[-37.6498,-7.7547],[-37.6492,-7.7542],[-37.6484,-7.7554],[-37.6479,-7.7553],[-37.6475,-7.7557],[-37.646,-7.7562],[-37.6454,-7.7562],[-37.6429,-7.7555],[-37.6417,-7.7549],[-37.6412,-7.7543],[-37.6407,-7.7528],[-37.6408,-7.7515],[-37.64,-7.7515],[-37.6399,-7.7519],[-37.6393,-7.7517],[-37.6375,-7.7548],[-37.6396,-7.7556],[-37.6393,-7.7564],[-37.6391,-7.7578],[-37.6383,-7.7589],[-37.6381,-7.7602],[-37.6413,-7.7612],[-37.6415,-7.7598],[-37.6424,-7.76],[-37.6427,-7.759],[-37.6436,-7.7591],[-37.6437,-7.7588]]]}},{"type":"Feature","properties":{"c":"b19","b":19,"n":"São Braz","m":"2600104","cx":-37.6378,"cy":-7.7613},"geometry":{"type":"Polygon","coordinates":[[[-37.6368,-7.7559],[-37.6365,-7.7565],[-37.6369,-7.7577],[-37.6362,-7.758],[-37.6364,-7.7604],[-37.6357,-7.7604],[-37.6354,-7.7612],[-37.634,-7.7607],[-37.6326,-7.759],[-37.631,-7.7588],[-37.6327,-7.7609],[-37.6336,-7.7621],[-37.6337,-7.7627],[-37.6346,-7.7631],[-37.6347,-7.7629],[-37.6363,-7.7635],[-37.6358,-7.7642],[-37.6382,-7.7672],[-37.6386,-7.7677],[-37.6402,-7.7675],[-37.6405,-7.7656],[-37.6407,-7.7656],[-37.6408,-7.7646],[-37.6419,-7.765],[-37.6424,-7.7623],[-37.6425,-7.7614],[-37.6428,-7.7611],[-37.6429,-7.7605],[-37.6435,-7.7602],[-37.6436,-7.7591],[-37.6427,-7.759],[-37.6424,-7.76],[-37.6415,-7.7598],[-37.6413,-7.7612],[-37.6381,-7.7602],[-37.6383,-7.7589],[-37.6391,-7.7578],[-37.6393,-7.7564],[-37.6396,-7.7556],[-37.6375,-7.7548],[-37.6368,-7.7559]]]}},{"type":"Feature","properties":{"c":"b20","b":20,"n":"São Francisco","m":"2600104","cx":-37.6454,"cy":-7.7494},"geometry":{"type":"Polygon","coordinates":[[[-37.6425,-7.7442],[-37.6422,-7.7455],[-37.6412,-7.749],[-37.6409,-7.7492],[-37.6411,-7.7505],[-37.6408,-7.7515],[-37.6407,-7.7528],[-37.6412,-7.7543],[-37.6417,-7.7549],[-37.6429,-7.7555],[-37.6454,-7.7562],[-37.646,-7.7562],[-37.6475,-7.7557],[-37.6479,-7.7553],[-37.6483,-7.7535],[-37.6487,-7.751],[-37.6495,-7.75],[-37.65,-7.7497],[-37.6494,-7.7489],[-37.6485,-7.7481],[-37.6471,-7.7484],[-37.6462,-7.7481],[-37.6454,-7.7475],[-37.6449,-7.7464],[-37.6446,-7.7443],[-37.6442,-7.7436],[-37.6435,-7.743],[-37.6424,-7.7428],[-37.6425,-7.7442]]]}},{"type":"Feature","properties":{"c":"b21","b":21,"n":"São Sebastião","m":"2600104","cx":-37.6376,"cy":-7.7463},"geometry":{"type":"Polygon","coordinates":[[[-37.6393,-7.7421],[-37.6382,-7.7423],[-37.6373,-7.7428],[-37.6363,-7.7437],[-37.6364,-7.744],[-37.6356,-7.7452],[-37.6363,-7.7455],[-37.6357,-7.7466],[-37.6349,-7.7461],[-37.6343,-7.747],[-37.6325,-7.7493],[-37.6323,-7.7497],[-37.633,-7.7502],[-37.6349,-7.7476],[-37.6351,-7.7478],[-37.6364,-7.7479],[-37.6358,-7.7488],[-37.6366,-7.7492],[-37.6374,-7.7494],[-37.6392,-7.7495],[-37.6393,-7.748],[-37.6386,-7.7479],[-37.6387,-7.7473],[-37.6393,-7.7474],[-37.6394,-7.745],[-37.6388,-7.7449],[-37.6389,-7.7427],[-37.6393,-7.7427],[-37.6393,-7.7421]]]}},{"type":"Feature","properties":{"c":"b22","b":22,"n":"Alto do Cruzeiro","m":"2600401","cx":-35.5169,"cy":-8.7146},"geometry":{"type":"Polygon","coordinates":[[[-35.5156,-8.7136],[-35.5162,-8.7164],[-35.5163,-8.7179],[-35.5174,-8.7179],[-35.5182,-8.7163],[-35.5182,-8.7157],[-35.5178,-8.7134],[-35.5197,-8.7123],[-35.5196,-8.7112],[-35.5169,-8.7119],[-35.5162,-8.7123],[-35.5154,-8.7133],[-35.5156,-8.7136]]]}},{"type":"Feature","properties":{"c":"b23","b":23,"n":"Centro","m":"2600401","cx":-35.5195,"cy":-8.707},"geometry":{"type":"Polygon","coordinates":[[[-35.5165,-8.7098],[-35.5167,-8.7103],[-35.5181,-8.71],[-35.5189,-8.7096],[-35.5194,-8.7089],[-35.5195,-8.7095],[-35.5199,-8.71],[-35.5197,-8.7112],[-35.5202,-8.712],[-35.5209,-8.7119],[-35.5224,-8.71],[-35.5214,-8.7092],[-35.5217,-8.7079],[-35.5224,-8.7062],[-35.5213,-8.7058],[-35.5219,-8.7044],[-35.5214,-8.7037],[-35.5223,-8.7032],[-35.5224,-8.7025],[-35.5215,-8.7016],[-35.5194,-8.7022],[-35.5187,-8.7027],[-35.5177,-8.7037],[-35.5181,-8.7047],[-35.5177,-8.7064],[-35.5163,-8.7077],[-35.5173,-8.7085],[-35.5167,-8.7088],[-35.5153,-8.7098],[-35.5156,-8.7103],[-35.5165,-8.7098]]]}},{"type":"Feature","properties":{"c":"b24","b":24,"n":"Forrozão","m":"2600401","cx":-35.516,"cy":-8.7116},"geometry":{"type":"Polygon","coordinates":[[[-35.5197,-8.7112],[-35.5199,-8.71],[-35.5195,-8.7095],[-35.5194,-8.7089],[-35.5189,-8.7096],[-35.5181,-8.71],[-35.5167,-8.7103],[-35.5165,-8.7098],[-35.5156,-8.7103],[-35.5143,-8.7114],[-35.5136,-8.7122],[-35.5141,-8.7126],[-35.5138,-8.7131],[-35.5149,-8.7142],[-35.5154,-8.7133],[-35.5162,-8.7123],[-35.5169,-8.7119],[-35.5196,-8.7112],[-35.5197,-8.7112]]]}},{"type":"Feature","properties":{"c":"b25","b":25,"n":"Jiquiá","m":"2600401","cx":-35.5247,"cy":-8.701},"geometry":{"type":"Polygon","coordinates":[[[-35.5263,-8.6967],[-35.5262,-8.6962],[-35.5265,-8.6954],[-35.5256,-8.6956],[-35.5252,-8.6971],[-35.5253,-8.698],[-35.5257,-8.6984],[-35.5255,-8.6994],[-35.524,-8.7004],[-35.5233,-8.7016],[-35.5228,-8.7018],[-35.5215,-8.7016],[-35.5224,-8.7025],[-35.5223,-8.7032],[-35.5214,-8.7037],[-35.5219,-8.7044],[-35.5213,-8.7058],[-35.5224,-8.7062],[-35.523,-8.7053],[-35.5247,-8.7029],[-35.5267,-8.703],[-35.5274,-8.7033],[-35.5277,-8.7031],[-35.5271,-8.7028],[-35.5284,-8.7028],[-35.5284,-8.7021],[-35.5251,-8.7022],[-35.5268,-8.6985],[-35.5271,-8.698],[-35.5284,-8.6972],[-35.5263,-8.6967]]]}},{"type":"Feature","properties":{"c":"b26","b":26,"n":"Joaquim Coutinho","m":"2600401","cx":-35.5224,"cy":-8.7108},"geometry":{"type":"Polygon","coordinates":[[[-35.5214,-8.7092],[-35.5224,-8.71],[-35.5209,-8.7119],[-35.5202,-8.712],[-35.5197,-8.7112],[-35.5196,-8.7112],[-35.5197,-8.7123],[-35.5213,-8.7122],[-35.5218,-8.712],[-35.5228,-8.7123],[-35.5236,-8.7138],[-35.5234,-8.7117],[-35.523,-8.7105],[-35.5233,-8.7101],[-35.5233,-8.7095],[-35.5241,-8.7087],[-35.5235,-8.708],[-35.5226,-8.7088],[-35.5223,-8.7081],[-35.5217,-8.7079],[-35.5214,-8.7092]]]}},{"type":"Feature","properties":{"c":"b27","b":27,"n":"Liberdade","m":"2600401","cx":-35.5283,"cy":-8.6996},"geometry":{"type":"Polygon","coordinates":[[[-35.529,-8.7028],[-35.5321,-8.7033],[-35.5333,-8.7038],[-35.5335,-8.7028],[-35.5337,-8.7023],[-35.5329,-8.7028],[-35.5329,-8.7019],[-35.5332,-8.7018],[-35.5329,-8.7012],[-35.5317,-8.7009],[-35.5305,-8.7004],[-35.5306,-8.6999],[-35.5302,-8.6993],[-35.5307,-8.6989],[-35.5312,-8.6993],[-35.5316,-8.6991],[-35.5309,-8.6983],[-35.5309,-8.6976],[-35.5303,-8.6972],[-35.5295,-8.6958],[-35.5284,-8.6972],[-35.5271,-8.698],[-35.5268,-8.6985],[-35.5251,-8.7022],[-35.5284,-8.7021],[-35.5284,-8.7028],[-35.529,-8.7028]]]}},{"type":"Feature","properties":{"c":"b28","b":28,"n":"Bela Vista","m":"2600906","cx":-35.4572,"cy":-8.3692},"geometry":{"type":"Polygon","coordinates":[[[-35.4601,-8.3643],[-35.4595,-8.3625],[-35.4593,-8.3629],[-35.4598,-8.3639],[-35.4598,-8.3649],[-35.4587,-8.3657],[-35.4581,-8.3668],[-35.4577,-8.3673],[-35.4571,-8.3667],[-35.4565,-8.3667],[-35.4562,-8.3663],[-35.4561,-8.3646],[-35.456,-8.3642],[-35.4541,-8.3682],[-35.454,-8.3703],[-35.454,-8.3712],[-35.4535,-8.3728],[-35.4538,-8.3742],[-35.4541,-8.3753],[-35.4551,-8.3749],[-35.4564,-8.3741],[-35.4582,-8.3722],[-35.46,-8.3702],[-35.4603,-8.3698],[-35.4605,-8.3686],[-35.4603,-8.3666],[-35.4601,-8.3643]]]}},{"type":"Feature","properties":{"c":"b29","b":29,"n":"Centro","m":"2600906","cx":-35.4521,"cy":-8.3795},"geometry":{"type":"Polygon","coordinates":[[[-35.4506,-8.3773],[-35.4499,-8.3787],[-35.449,-8.378],[-35.4483,-8.379],[-35.4483,-8.3796],[-35.4492,-8.3801],[-35.4496,-8.3802],[-35.45,-8.3797],[-35.4508,-8.3798],[-35.4509,-8.381],[-35.4513,-8.3816],[-35.4518,-8.3818],[-35.4518,-8.3828],[-35.4521,-8.3831],[-35.4527,-8.3832],[-35.4533,-8.3838],[-35.4536,-8.3834],[-35.4534,-8.3829],[-35.4546,-8.3813],[-35.4561,-8.38],[-35.4558,-8.3795],[-35.4562,-8.3786],[-35.4556,-8.378],[-35.4556,-8.3775],[-35.4541,-8.3753],[-35.4524,-8.3758],[-35.4497,-8.3768],[-35.4506,-8.3773]]]}},{"type":"Feature","properties":{"c":"b30","b":30,"n":"Cruzeiro","m":"2600906","cx":-35.4472,"cy":-8.3792},"geometry":{"type":"Polygon","coordinates":[[[-35.4483,-8.3796],[-35.4483,-8.379],[-35.449,-8.378],[-35.4478,-8.3772],[-35.4469,-8.3773],[-35.4453,-8.3785],[-35.4465,-8.3795],[-35.447,-8.3802],[-35.4473,-8.3809],[-35.4471,-8.3796],[-35.4479,-8.3805],[-35.4482,-8.3804],[-35.4483,-8.3796]]]}},{"type":"Feature","properties":{"c":"b31","b":31,"n":"João Paulo II","m":"2600906","cx":-35.459,"cy":-8.3726},"geometry":{"type":"Polygon","coordinates":[[[-35.4605,-8.3686],[-35.4603,-8.3698],[-35.46,-8.3702],[-35.4582,-8.3722],[-35.4564,-8.3741],[-35.4551,-8.3749],[-35.4541,-8.3753],[-35.4556,-8.3775],[-35.4571,-8.378],[-35.4574,-8.3783],[-35.4583,-8.3784],[-35.4586,-8.378],[-35.4586,-8.377],[-35.4595,-8.3762],[-35.4606,-8.3758],[-35.4605,-8.3753],[-35.4613,-8.3747],[-35.4613,-8.3739],[-35.4607,-8.3745],[-35.4592,-8.3743],[-35.4592,-8.3739],[-35.4601,-8.3736],[-35.4595,-8.3728],[-35.4601,-8.3729],[-35.4601,-8.3724],[-35.4611,-8.3719],[-35.4619,-8.3711],[-35.4621,-8.3705],[-35.4618,-8.3702],[-35.461,-8.3703],[-35.4605,-8.3706],[-35.4604,-8.3699],[-35.4621,-8.3681],[-35.4608,-8.3672],[-35.4607,-8.3665],[-35.4603,-8.3666],[-35.4605,-8.3686]]]}},{"type":"Feature","properties":{"c":"b32","b":32,"n":"Miquilina","m":"2600906","cx":-35.452,"cy":-8.3705},"geometry":{"type":"Polygon","coordinates":[[[-35.4512,-8.3735],[-35.4525,-8.3738],[-35.4538,-8.3742],[-35.4535,-8.3728],[-35.454,-8.3712],[-35.454,-8.3703],[-35.4536,-8.3703],[-35.4528,-8.3698],[-35.4528,-8.3691],[-35.4536,-8.3673],[-35.4523,-8.367],[-35.452,-8.3671],[-35.4498,-8.3693],[-35.45,-8.3707],[-35.4499,-8.3715],[-35.4506,-8.3724],[-35.4506,-8.3732],[-35.4512,-8.3735]]]}},{"type":"Feature","properties":{"c":"b33","b":33,"n":"Nossa Senhora da Conceição","m":"2600906","cx":-35.4518,"cy":-8.3748},"geometry":{"type":"Polygon","coordinates":[[[-35.4538,-8.3742],[-35.4525,-8.3738],[-35.4512,-8.3735],[-35.4506,-8.3732],[-35.4506,-8.374],[-35.4501,-8.3746],[-35.4489,-8.3751],[-35.4466,-8.375],[-35.4473,-8.3755],[-35.448,-8.3762],[-35.4497,-8.3768],[-35.4524,-8.3758],[-35.4541,-8.3753],[-35.4538,-8.3742]]]}},{"type":"Feature","properties":{"c":"b34","b":34,"n":"Nossa Senhora de Fátima","m":"2600906","cx":-35.4462,"cy":-8.3765},"geometry":{"type":"Polygon","coordinates":[[[-35.4469,-8.3773],[-35.4478,-8.3772],[-35.4497,-8.3768],[-35.448,-8.3762],[-35.4473,-8.3755],[-35.4466,-8.375],[-35.4458,-8.3741],[-35.4447,-8.3751],[-35.4452,-8.3754],[-35.4451,-8.376],[-35.4447,-8.3755],[-35.4437,-8.3752],[-35.4436,-8.3769],[-35.4438,-8.3776],[-35.4433,-8.3774],[-35.4432,-8.3782],[-35.4445,-8.3787],[-35.4453,-8.3785],[-35.4469,-8.3773]]]}},{"type":"Feature","properties":{"c":"b35","b":35,"n":"Santo Amaro","m":"2600906","cx":-35.4501,"cy":-8.3813},"geometry":{"type":"Polygon","coordinates":[[[-35.4488,-8.3808],[-35.4499,-8.3827],[-35.4503,-8.3822],[-35.4513,-8.3816],[-35.4509,-8.381],[-35.4508,-8.3798],[-35.45,-8.3797],[-35.4496,-8.3802],[-35.4492,-8.3801],[-35.4483,-8.3796],[-35.4482,-8.3804],[-35.4488,-8.3808]]]}},{"type":"Feature","properties":{"c":"b36","b":36,"n":"Tancredo Neves","m":"2600906","cx":-35.4494,"cy":-8.3776},"geometry":{"type":"Polygon","coordinates":[[[-35.449,-8.378],[-35.4499,-8.3787],[-35.4506,-8.3773],[-35.4497,-8.3768],[-35.4478,-8.3772],[-35.449,-8.378]]]}},{"type":"Feature","properties":{"c":"b37","b":37,"n":"do Campo","m":"2600906","cx":-35.4509,"cy":-8.383},"geometry":{"type":"Polygon","coordinates":[[[-35.4495,-8.3836],[-35.4495,-8.3843],[-35.4521,-8.3831],[-35.4518,-8.3828],[-35.4518,-8.3818],[-35.4513,-8.3816],[-35.4503,-8.3822],[-35.4499,-8.3827],[-35.4495,-8.3836]]]}},{"type":"Feature","properties":{"c":"b38","b":38,"n":"Hildebrando Carneiro","m":"2601052","cx":-35.0928,"cy":-7.7855},"geometry":{"type":"Polygon","coordinates":[[[-35.0924,-7.7863],[-35.0934,-7.7877],[-35.0939,-7.7879],[-35.0942,-7.7871],[-35.0943,-7.786],[-35.0946,-7.7857],[-35.0956,-7.7854],[-35.0963,-7.7854],[-35.0966,-7.785],[-35.0966,-7.783],[-35.0901,-7.7856],[-35.0913,-7.7857],[-35.0913,-7.7863],[-35.0923,-7.7864],[-35.0924,-7.7863]]]}},{"type":"Feature","properties":{"c":"b39","b":39,"n":"Quinze","m":"2601052","cx":-35.0984,"cy":-7.7941},"geometry":{"type":"Polygon","coordinates":[[[-35.0922,-7.7891],[-35.0945,-7.7904],[-35.0943,-7.7906],[-35.0891,-7.7901],[-35.0888,-7.7917],[-35.0912,-7.7914],[-35.0932,-7.7915],[-35.0942,-7.792],[-35.0965,-7.7935],[-35.0969,-7.7947],[-35.0945,-7.7951],[-35.0939,-7.7948],[-35.0933,-7.7956],[-35.0932,-7.7965],[-35.0949,-7.7976],[-35.0964,-7.7974],[-35.0984,-7.7964],[-35.0985,-7.797],[-35.0994,-7.7977],[-35.1001,-7.7986],[-35.1046,-7.8019],[-35.1054,-7.8015],[-35.1056,-7.8009],[-35.1059,-7.7988],[-35.1044,-7.7976],[-35.1022,-7.7964],[-35.101,-7.7953],[-35.0991,-7.7926],[-35.0981,-7.7909],[-35.0977,-7.7896],[-35.0967,-7.7898],[-35.0959,-7.7903],[-35.0956,-7.7896],[-35.0936,-7.7886],[-35.0939,-7.7879],[-35.0934,-7.7877],[-35.0924,-7.7863],[-35.0923,-7.7864],[-35.0922,-7.7891]]]}},{"type":"Feature","properties":{"c":"b40","b":40,"n":"Boa Esperança","m":"2601201","cx":-37.0712,"cy":-8.4418},"geometry":{"type":"Polygon","coordinates":[[[-37.0641,-8.4309],[-37.0626,-8.4303],[-37.0599,-8.4358],[-37.0611,-8.4366],[-37.0625,-8.4371],[-37.0637,-8.4378],[-37.0665,-8.4392],[-37.0669,-8.4397],[-37.068,-8.44],[-37.0683,-8.4412],[-37.068,-8.4415],[-37.0675,-8.443],[-37.067,-8.4437],[-37.0699,-8.4445],[-37.0697,-8.4451],[-37.07,-8.4454],[-37.0696,-8.4464],[-37.0707,-8.4471],[-37.0715,-8.4475],[-37.0718,-8.4469],[-37.0723,-8.4471],[-37.0738,-8.4433],[-37.0757,-8.4446],[-37.0749,-8.4466],[-37.0738,-8.4487],[-37.073,-8.4507],[-37.0751,-8.4515],[-37.0765,-8.4528],[-37.0815,-8.4484],[-37.0902,-8.4408],[-37.0836,-8.4421],[-37.0821,-8.4436],[-37.0778,-8.4454],[-37.0732,-8.4405],[-37.0719,-8.4397],[-37.0655,-8.4313],[-37.0654,-8.4309],[-37.0641,-8.4309]]]}},{"type":"Feature","properties":{"c":"b41","b":41,"n":"Boa Vista","m":"2601201","cx":-37.0351,"cy":-8.4164},"geometry":{"type":"Polygon","coordinates":[[[-37.0443,-8.4175],[-37.0427,-8.4175],[-37.0426,-8.4165],[-37.0392,-8.4163],[-37.0382,-8.4158],[-37.0362,-8.4152],[-37.033,-8.4148],[-37.0331,-8.4138],[-37.031,-8.4136],[-37.0307,-8.4132],[-37.0298,-8.4133],[-37.0296,-8.4142],[-37.0292,-8.4141],[-37.0294,-8.4167],[-37.0296,-8.4172],[-37.0294,-8.4178],[-37.0304,-8.4172],[-37.031,-8.4172],[-37.0318,-8.4178],[-37.0388,-8.419],[-37.0442,-8.4198],[-37.0443,-8.4175]]]}},{"type":"Feature","properties":{"c":"b42","b":42,"n":"Cardeal","m":"2601201","cx":-37.0587,"cy":-8.4099},"geometry":{"type":"Polygon","coordinates":[[[-37.0586,-8.4161],[-37.0592,-8.4161],[-37.0595,-8.4139],[-37.0599,-8.4119],[-37.0617,-8.4016],[-37.0603,-8.402],[-37.0562,-8.402],[-37.0558,-8.4021],[-37.0559,-8.4038],[-37.0562,-8.4044],[-37.0567,-8.4071],[-37.0576,-8.4078],[-37.0575,-8.4091],[-37.0571,-8.4094],[-37.0572,-8.4105],[-37.0576,-8.4109],[-37.058,-8.4121],[-37.0572,-8.4128],[-37.0551,-8.4127],[-37.0524,-8.4125],[-37.052,-8.4124],[-37.0495,-8.413],[-37.0496,-8.4154],[-37.0502,-8.4183],[-37.0524,-8.4176],[-37.0532,-8.4175],[-37.0585,-8.4176],[-37.0586,-8.4161]]]}},{"type":"Feature","properties":{"c":"b43","b":43,"n":"Centro","m":"2601201","cx":-37.0529,"cy":-8.4199},"geometry":{"type":"Polygon","coordinates":[[[-37.049,-8.4186],[-37.0463,-8.419],[-37.045,-8.4198],[-37.0474,-8.4202],[-37.0482,-8.42],[-37.0485,-8.4211],[-37.0506,-8.4206],[-37.0507,-8.4211],[-37.0537,-8.4208],[-37.0556,-8.4213],[-37.058,-8.4236],[-37.0581,-8.4227],[-37.0593,-8.4228],[-37.0594,-8.4212],[-37.0582,-8.4212],[-37.0583,-8.4201],[-37.0596,-8.4201],[-37.0612,-8.4196],[-37.0626,-8.4188],[-37.0628,-8.4184],[-37.0632,-8.4162],[-37.0625,-8.4168],[-37.0621,-8.4164],[-37.0611,-8.4173],[-37.06,-8.4176],[-37.0585,-8.4176],[-37.0532,-8.4175],[-37.0524,-8.4176],[-37.0502,-8.4183],[-37.049,-8.4186]]]}},{"type":"Feature","properties":{"c":"b44","b":44,"n":"Cidade Jardim","m":"2601201","cx":-37.0732,"cy":-8.4311},"geometry":{"type":"Polygon","coordinates":[[[-37.0786,-8.4413],[-37.0793,-8.4381],[-37.0824,-8.425],[-37.0825,-8.4246],[-37.0838,-8.4188],[-37.0836,-8.4189],[-37.0837,-8.4177],[-37.0826,-8.4172],[-37.0818,-8.417],[-37.0803,-8.4176],[-37.0796,-8.4176],[-37.0765,-8.4212],[-37.0751,-8.4229],[-37.0742,-8.4238],[-37.0717,-8.4258],[-37.0694,-8.4278],[-37.0677,-8.4292],[-37.0661,-8.4306],[-37.0654,-8.4309],[-37.0655,-8.4313],[-37.0719,-8.4397],[-37.0732,-8.4405],[-37.0778,-8.4454],[-37.0821,-8.4436],[-37.0836,-8.4421],[-37.0786,-8.4413]]]}},{"type":"Feature","properties":{"c":"b45","b":45,"n":"Coronel Siqueira Campos","m":"2601201","cx":-37.0551,"cy":-8.4371},"geometry":{"type":"Polygon","coordinates":[[[-37.0609,-8.4297],[-37.0601,-8.4292],[-37.057,-8.4268],[-37.0558,-8.4258],[-37.0559,-8.4261],[-37.0554,-8.4267],[-37.0546,-8.426],[-37.054,-8.4269],[-37.0546,-8.4273],[-37.0536,-8.4276],[-37.0525,-8.4274],[-37.0525,-8.429],[-37.0519,-8.4293],[-37.0505,-8.4292],[-37.0496,-8.4304],[-37.049,-8.4316],[-37.0489,-8.4323],[-37.047,-8.4326],[-37.0472,-8.4327],[-37.0466,-8.4344],[-37.0482,-8.4344],[-37.0509,-8.4343],[-37.0502,-8.4359],[-37.0516,-8.4383],[-37.0537,-8.4387],[-37.0537,-8.4399],[-37.0534,-8.4398],[-37.0533,-8.4404],[-37.0537,-8.4406],[-37.0541,-8.443],[-37.0557,-8.443],[-37.0542,-8.4461],[-37.0563,-8.4483],[-37.0587,-8.4491],[-37.062,-8.4461],[-37.0568,-8.4418],[-37.0599,-8.4358],[-37.0626,-8.4303],[-37.0609,-8.4297]]]}},{"type":"Feature","properties":{"c":"b46","b":46,"n":"Pôr do Sol","m":"2601201","cx":-37.0682,"cy":-8.4248},"geometry":{"type":"Polygon","coordinates":[[[-37.0777,-8.4182],[-37.0767,-8.4192],[-37.0759,-8.4192],[-37.0747,-8.4196],[-37.0743,-8.4202],[-37.0745,-8.4213],[-37.0741,-8.4213],[-37.0726,-8.421],[-37.0721,-8.4212],[-37.0709,-8.4209],[-37.0694,-8.4199],[-37.0685,-8.4195],[-37.0668,-8.4192],[-37.0657,-8.4197],[-37.0653,-8.4201],[-37.0642,-8.4206],[-37.0634,-8.4237],[-37.0636,-8.4265],[-37.0637,-8.4274],[-37.0634,-8.4287],[-37.0654,-8.4309],[-37.0661,-8.4306],[-37.0677,-8.4292],[-37.0694,-8.4278],[-37.0717,-8.4258],[-37.0742,-8.4238],[-37.0751,-8.4229],[-37.0765,-8.4212],[-37.0796,-8.4176],[-37.0777,-8.4182]]]}},{"type":"Feature","properties":{"c":"b47","b":47,"n":"Santa Luzia","m":"2601201","cx":-37.0312,"cy":-8.4194},"geometry":{"type":"Polygon","coordinates":[[[-37.0464,-8.4227],[-37.0475,-8.4226],[-37.0494,-8.4229],[-37.0494,-8.4215],[-37.0507,-8.4211],[-37.0506,-8.4206],[-37.0485,-8.4211],[-37.0482,-8.42],[-37.0474,-8.4202],[-37.045,-8.4198],[-37.0442,-8.4198],[-37.0388,-8.419],[-37.0318,-8.4178],[-37.031,-8.4172],[-37.0304,-8.4172],[-37.0294,-8.4178],[-37.0296,-8.4172],[-37.0294,-8.4167],[-37.0292,-8.4141],[-37.0266,-8.4137],[-37.0263,-8.4141],[-37.0194,-8.4209],[-37.0211,-8.4214],[-37.0231,-8.4219],[-37.0265,-8.423],[-37.0356,-8.4247],[-37.0366,-8.4247],[-37.0394,-8.4242],[-37.0464,-8.4227]]]}},{"type":"Feature","properties":{"c":"b48","b":48,"n":"Santos Dumont","m":"2601201","cx":-37.086,"cy":-8.4063},"geometry":{"type":"Polygon","coordinates":[[[-37.076,-8.415],[-37.0813,-8.415],[-37.0817,-8.4152],[-37.083,-8.414],[-37.0858,-8.4117],[-37.0872,-8.4108],[-37.088,-8.4106],[-37.0914,-8.4102],[-37.0898,-8.4083],[-37.0953,-8.4039],[-37.0937,-8.402],[-37.09,-8.4047],[-37.0878,-8.4035],[-37.0879,-8.4015],[-37.0881,-8.4008],[-37.0881,-8.3995],[-37.0874,-8.3988],[-37.0869,-8.3976],[-37.0861,-8.3973],[-37.0857,-8.3982],[-37.0853,-8.3989],[-37.0847,-8.4015],[-37.0843,-8.4039],[-37.0841,-8.404],[-37.0816,-8.4037],[-37.082,-8.4027],[-37.0809,-8.4022],[-37.0805,-8.4025],[-37.08,-8.4037],[-37.0798,-8.4053],[-37.0798,-8.4074],[-37.0797,-8.4082],[-37.0763,-8.4124],[-37.076,-8.415]]]}},{"type":"Feature","properties":{"c":"b49","b":49,"n":"Sucupira","m":"2601201","cx":-37.0484,"cy":-8.4265},"geometry":{"type":"Polygon","coordinates":[[[-37.0578,-8.4263],[-37.058,-8.4236],[-37.0556,-8.4213],[-37.0537,-8.4208],[-37.0507,-8.4211],[-37.0494,-8.4215],[-37.0494,-8.4229],[-37.0475,-8.4226],[-37.0464,-8.4227],[-37.0394,-8.4242],[-37.0397,-8.4249],[-37.0412,-8.4253],[-37.0427,-8.4252],[-37.0425,-8.4269],[-37.0455,-8.4271],[-37.0459,-8.4326],[-37.047,-8.4326],[-37.0489,-8.4323],[-37.049,-8.4316],[-37.0496,-8.4304],[-37.0505,-8.4292],[-37.0519,-8.4293],[-37.0525,-8.429],[-37.0525,-8.4274],[-37.0536,-8.4276],[-37.0546,-8.4273],[-37.054,-8.4269],[-37.0546,-8.426],[-37.0554,-8.4267],[-37.0559,-8.4261],[-37.0558,-8.4258],[-37.057,-8.4268],[-37.0578,-8.4263]]]}},{"type":"Feature","properties":{"c":"b50","b":50,"n":"São Cristóvão","m":"2601201","cx":-37.0688,"cy":-8.4057},"geometry":{"type":"Polygon","coordinates":[[[-37.0642,-8.4175],[-37.0649,-8.4175],[-37.066,-8.4176],[-37.0687,-8.4183],[-37.0703,-8.4184],[-37.0717,-8.4178],[-37.0725,-8.4171],[-37.0741,-8.4151],[-37.0744,-8.4149],[-37.0763,-8.4124],[-37.0797,-8.4082],[-37.0798,-8.4074],[-37.0798,-8.4053],[-37.0792,-8.4052],[-37.079,-8.4063],[-37.0784,-8.4064],[-37.0766,-8.406],[-37.0766,-8.4052],[-37.0771,-8.4046],[-37.0773,-8.4036],[-37.0759,-8.4031],[-37.0754,-8.4031],[-37.0721,-8.4025],[-37.0722,-8.4016],[-37.0727,-8.3999],[-37.0731,-8.3985],[-37.0692,-8.3976],[-37.0692,-8.3968],[-37.0681,-8.3968],[-37.0675,-8.3954],[-37.0668,-8.3945],[-37.0661,-8.3939],[-37.0638,-8.3931],[-37.0627,-8.3966],[-37.0621,-8.3994],[-37.0617,-8.4016],[-37.0599,-8.4119],[-37.0595,-8.4139],[-37.0592,-8.4161],[-37.0586,-8.4161],[-37.0585,-8.4176],[-37.06,-8.4176],[-37.0611,-8.4173],[-37.0621,-8.4164],[-37.0625,-8.4168],[-37.0632,-8.4162],[-37.0628,-8.4184],[-37.0642,-8.4175]]]}},{"type":"Feature","properties":{"c":"b51","b":51,"n":"São Geraldo","m":"2601201","cx":-37.0463,"cy":-8.417},"geometry":{"type":"Polygon","coordinates":[[[-37.0496,-8.4154],[-37.0489,-8.4155],[-37.0482,-8.4147],[-37.047,-8.4145],[-37.0466,-8.4139],[-37.0458,-8.4137],[-37.0457,-8.4143],[-37.0448,-8.4143],[-37.0448,-8.415],[-37.0423,-8.4151],[-37.0426,-8.4165],[-37.0427,-8.4175],[-37.0443,-8.4175],[-37.0442,-8.4198],[-37.045,-8.4198],[-37.0463,-8.419],[-37.049,-8.4186],[-37.0502,-8.4183],[-37.0496,-8.4154]]]}},{"type":"Feature","properties":{"c":"b52","b":52,"n":"São Miguel","m":"2601201","cx":-37.0607,"cy":-8.425},"geometry":{"type":"Polygon","coordinates":[[[-37.0694,-8.419],[-37.0701,-8.419],[-37.0703,-8.4184],[-37.0687,-8.4183],[-37.066,-8.4176],[-37.0649,-8.4175],[-37.0642,-8.4175],[-37.0628,-8.4184],[-37.0626,-8.4188],[-37.0612,-8.4196],[-37.0596,-8.4201],[-37.0583,-8.4201],[-37.0582,-8.4212],[-37.0594,-8.4212],[-37.0593,-8.4228],[-37.0581,-8.4227],[-37.058,-8.4236],[-37.0578,-8.4263],[-37.057,-8.4268],[-37.0601,-8.4292],[-37.0609,-8.4297],[-37.0626,-8.4303],[-37.0641,-8.4309],[-37.0654,-8.4309],[-37.0634,-8.4287],[-37.0637,-8.4274],[-37.0636,-8.4265],[-37.0634,-8.4237],[-37.0642,-8.4206],[-37.0653,-8.4201],[-37.0657,-8.4197],[-37.0668,-8.4192],[-37.0685,-8.4195],[-37.0694,-8.4199],[-37.0694,-8.419]]]}},{"type":"Feature","properties":{"c":"b53","b":53,"n":"Tamboril","m":"2601201","cx":-37.0816,"cy":-8.4157},"geometry":{"type":"Polygon","coordinates":[[[-37.0803,-8.4176],[-37.0818,-8.417],[-37.0826,-8.4172],[-37.0837,-8.4177],[-37.0843,-8.4178],[-37.0855,-8.417],[-37.0861,-8.4161],[-37.0868,-8.4158],[-37.0876,-8.4158],[-37.0875,-8.4162],[-37.0887,-8.4166],[-37.0891,-8.4163],[-37.0896,-8.4156],[-37.0896,-8.4151],[-37.0901,-8.4145],[-37.0909,-8.4151],[-37.0915,-8.4152],[-37.0923,-8.4145],[-37.0922,-8.4131],[-37.0916,-8.4102],[-37.0914,-8.4102],[-37.088,-8.4106],[-37.0872,-8.4108],[-37.0858,-8.4117],[-37.083,-8.414],[-37.0817,-8.4152],[-37.0813,-8.415],[-37.076,-8.415],[-37.0763,-8.4124],[-37.0744,-8.4149],[-37.0741,-8.4151],[-37.0725,-8.4171],[-37.0717,-8.4178],[-37.0703,-8.4184],[-37.0701,-8.419],[-37.0694,-8.419],[-37.0694,-8.4199],[-37.0709,-8.4209],[-37.0721,-8.4212],[-37.0726,-8.421],[-37.0741,-8.4213],[-37.0745,-8.4213],[-37.0743,-8.4202],[-37.0747,-8.4196],[-37.0759,-8.4192],[-37.0767,-8.4192],[-37.0777,-8.4182],[-37.0796,-8.4176],[-37.0803,-8.4176]]]}},{"type":"Feature","properties":{"c":"b54","b":54,"n":"Amaro Ferreira de Albuquerque","m":"2601300","cx":-35.6746,"cy":-8.4234},"geometry":{"type":"Polygon","coordinates":[[[-35.6722,-8.4227],[-35.6727,-8.4231],[-35.673,-8.4237],[-35.6742,-8.4238],[-35.6747,-8.4242],[-35.6752,-8.4249],[-35.676,-8.4256],[-35.677,-8.4253],[-35.6763,-8.4247],[-35.6768,-8.4245],[-35.6762,-8.4231],[-35.6761,-8.4217],[-35.6768,-8.4207],[-35.6757,-8.4208],[-35.6742,-8.4212],[-35.6728,-8.4219],[-35.6723,-8.4221],[-35.6722,-8.4227]]]}},{"type":"Feature","properties":{"c":"b55","b":55,"n":"Centro","m":"2601904","cx":-35.7521,"cy":-8.2347},"geometry":{"type":"Polygon","coordinates":[[[-35.7491,-8.237],[-35.7508,-8.2377],[-35.7535,-8.2377],[-35.7555,-8.2382],[-35.7558,-8.2366],[-35.7563,-8.2364],[-35.7555,-8.2359],[-35.756,-8.2355],[-35.7563,-8.2345],[-35.754,-8.2345],[-35.7524,-8.2337],[-35.752,-8.2331],[-35.7516,-8.2321],[-35.7507,-8.2316],[-35.7495,-8.2313],[-35.7478,-8.2324],[-35.749,-8.2338],[-35.7486,-8.234],[-35.7479,-8.2349],[-35.7481,-8.2359],[-35.7479,-8.2362],[-35.7491,-8.237]]]}},{"type":"Feature","properties":{"c":"b56","b":56,"n":"Cruzeiro","m":"2601904","cx":-35.746,"cy":-8.2278},"geometry":{"type":"Polygon","coordinates":[[[-35.7483,-8.2312],[-35.7495,-8.2313],[-35.7507,-8.2316],[-35.7504,-8.2293],[-35.7501,-8.2275],[-35.7494,-8.227],[-35.7493,-8.2256],[-35.7488,-8.2249],[-35.7482,-8.2248],[-35.747,-8.2241],[-35.7454,-8.2239],[-35.744,-8.224],[-35.7437,-8.2236],[-35.7422,-8.224],[-35.7406,-8.2236],[-35.7395,-8.2239],[-35.7386,-8.2246],[-35.7371,-8.2241],[-35.737,-8.2246],[-35.7379,-8.2251],[-35.7396,-8.2253],[-35.7401,-8.2262],[-35.7413,-8.2275],[-35.7422,-8.2282],[-35.7438,-8.2288],[-35.7451,-8.2295],[-35.7451,-8.2305],[-35.746,-8.2311],[-35.7458,-8.2313],[-35.7483,-8.2312]]]}},{"type":"Feature","properties":{"c":"b57","b":57,"n":"Encruzilhada de São João","m":"2601904","cx":-35.8461,"cy":-8.2982},"geometry":{"type":"MultiPolygon","coordinates":[[[[-35.84,-8.2973],[-35.8386,-8.2968],[-35.8369,-8.2947],[-35.8364,-8.2949],[-35.8366,-8.2968],[-35.8366,-8.2981],[-35.8387,-8.2984],[-35.8402,-8.2992],[-35.8433,-8.2998],[-35.8457,-8.3003],[-35.8457,-8.3015],[-35.8461,-8.3015],[-35.8461,-8.302],[-35.8474,-8.302],[-35.8474,-8.3042],[-35.85,-8.3047],[-35.8512,-8.3042],[-35.8521,-8.3041],[-35.8529,-8.3044],[-35.8535,-8.3034],[-35.8538,-8.3007],[-35.8529,-8.2991],[-35.8534,-8.2986],[-35.855,-8.2981],[-35.8559,-8.2971],[-35.8561,-8.2962],[-35.8567,-8.2958],[-35.8567,-8.2949],[-35.855,-8.294],[-35.853,-8.2941],[-35.8519,-8.2951],[-35.8509,-8.2953],[-35.8501,-8.2958],[-35.8482,-8.2963],[-35.8481,-8.2935],[-35.8484,-8.2919],[-35.8439,-8.2918],[-35.8437,-8.2965],[-35.8412,-8.2958],[-35.8414,-8.2964],[-35.8408,-8.2967],[-35.8407,-8.2973],[-35.84,-8.2973]]],[[[-35.7571,-8.2251],[-35.7592,-8.2263],[-35.7589,-8.2269],[-35.7593,-8.227],[-35.761,-8.2278],[-35.7619,-8.2275],[-35.7624,-8.2271],[-35.7628,-8.2264],[-35.7631,-8.2287],[-35.7624,-8.232],[-35.7638,-8.2326],[-35.7623,-8.2346],[-35.7616,-8.2358],[-35.7648,-8.2367],[-35.7657,-8.237],[-35.7655,-8.238],[-35.7672,-8.2385],[-35.7683,-8.2389],[-35.7689,-8.2395],[-35.7685,-8.2402],[-35.7679,-8.2414],[-35.7679,-8.2427],[-35.7668,-8.2432],[-35.7642,-8.2431],[-35.7641,-8.2482],[-35.764,-8.251],[-35.7593,-8.2478],[-35.7591,-8.2475],[-35.7588,-8.2482],[-35.7576,-8.2549],[-35.7575,-8.2561],[-35.7571,-8.2587],[-35.7576,-8.26],[-35.7652,-8.2616],[-35.7669,-8.263],[-35.7672,-8.2626],[-35.7692,-8.2612],[-35.7692,-8.2606],[-35.7687,-8.2601],[-35.7691,-8.2595],[-35.7691,-8.2576],[-35.7693,-8.2544],[-35.7696,-8.2538],[-35.7729,-8.2548],[-35.7729,-8.2526],[-35.7722,-8.2519],[-35.7702,-8.2513],[-35.7699,-8.2508],[-35.7697,-8.2496],[-35.7692,-8.249],[-35.7681,-8.2486],[-35.7674,-8.248],[-35.7679,-8.2472],[-35.7672,-8.2463],[-35.7678,-8.2443],[-35.7686,-8.244],[-35.7687,-8.2433],[-35.7697,-8.2423],[-35.7702,-8.242],[-35.7705,-8.2415],[-35.7723,-8.2406],[-35.7721,-8.2396],[-35.7713,-8.2398],[-35.7704,-8.2395],[-35.7699,-8.239],[-35.7694,-8.2377],[-35.7695,-8.237],[-35.7693,-8.236],[-35.7685,-8.2351],[-35.7685,-8.2338],[-35.7675,-8.2337],[-35.7663,-8.2335],[-35.7657,-8.2327],[-35.7647,-8.2324],[-35.7656,-8.2274],[-35.766,-8.2265],[-35.7655,-8.2256],[-35.7649,-8.2252],[-35.7654,-8.224],[-35.7643,-8.2238],[-35.764,-8.2236],[-35.7587,-8.2222],[-35.7571,-8.2251]]]]}},{"type":"Feature","properties":{"c":"b58","b":58,"n":"Gameleira","m":"2601904","cx":-35.7615,"cy":-8.2322},"geometry":{"type":"Polygon","coordinates":[[[-35.7564,-8.2345],[-35.7576,-8.2348],[-35.7603,-8.2361],[-35.7608,-8.2362],[-35.7629,-8.2366],[-35.7655,-8.238],[-35.7657,-8.237],[-35.7648,-8.2367],[-35.7616,-8.2358],[-35.7623,-8.2346],[-35.7638,-8.2326],[-35.7624,-8.232],[-35.7631,-8.2287],[-35.7628,-8.2264],[-35.7624,-8.2271],[-35.7619,-8.2275],[-35.761,-8.2278],[-35.7593,-8.227],[-35.7581,-8.2291],[-35.7588,-8.2298],[-35.759,-8.2308],[-35.7589,-8.2314],[-35.7599,-8.2316],[-35.7598,-8.2321],[-35.7605,-8.2323],[-35.7602,-8.2333],[-35.7607,-8.2336],[-35.7606,-8.2339],[-35.7596,-8.235],[-35.758,-8.2345],[-35.7566,-8.234],[-35.7563,-8.2345],[-35.7564,-8.2345]]]}},{"type":"Feature","properties":{"c":"b59","b":59,"n":"Irmã Julia","m":"2601904","cx":-35.7563,"cy":-8.242},"geometry":{"type":"Polygon","coordinates":[[[-35.7545,-8.2406],[-35.7548,-8.2417],[-35.7547,-8.2433],[-35.7548,-8.2444],[-35.7576,-8.2464],[-35.7584,-8.2425],[-35.7578,-8.2423],[-35.7578,-8.2418],[-35.7595,-8.2418],[-35.76,-8.2381],[-35.7597,-8.238],[-35.7595,-8.2385],[-35.759,-8.2386],[-35.7589,-8.239],[-35.7583,-8.239],[-35.757,-8.2386],[-35.7569,-8.239],[-35.7554,-8.2386],[-35.7545,-8.2406]]]}},{"type":"Feature","properties":{"c":"b60","b":60,"n":"Mororó","m":"2601904","cx":-35.7533,"cy":-8.2244},"geometry":{"type":"Polygon","coordinates":[[[-35.7493,-8.2256],[-35.7494,-8.227],[-35.7501,-8.2275],[-35.7504,-8.2293],[-35.7511,-8.2292],[-35.7513,-8.228],[-35.7533,-8.2285],[-35.7548,-8.229],[-35.7562,-8.2294],[-35.7561,-8.23],[-35.7575,-8.23],[-35.7578,-8.2289],[-35.7581,-8.2291],[-35.7593,-8.227],[-35.7589,-8.2269],[-35.7592,-8.2263],[-35.7571,-8.2251],[-35.7587,-8.2222],[-35.7571,-8.2209],[-35.7556,-8.2204],[-35.7522,-8.2193],[-35.752,-8.22],[-35.7513,-8.2197],[-35.7501,-8.2197],[-35.7501,-8.2192],[-35.7497,-8.2188],[-35.7486,-8.2194],[-35.7494,-8.2221],[-35.7495,-8.2238],[-35.7488,-8.2249],[-35.7493,-8.2256]]]}},{"type":"Feature","properties":{"c":"b61","b":61,"n":"Nossa Senhora Aparecida","m":"2601904","cx":-35.7412,"cy":-8.2407},"geometry":{"type":"Polygon","coordinates":[[[-35.7432,-8.2399],[-35.7434,-8.238],[-35.742,-8.2378],[-35.7397,-8.2375],[-35.7394,-8.2401],[-35.7394,-8.2433],[-35.7418,-8.2433],[-35.7419,-8.242],[-35.7423,-8.242],[-35.7426,-8.2414],[-35.743,-8.2415],[-35.7432,-8.2399]]]}},{"type":"Feature","properties":{"c":"b62","b":62,"n":"Queimada Dantas","m":"2601904","cx":-35.7636,"cy":-8.2383},"geometry":{"type":"Polygon","coordinates":[[[-35.76,-8.2381],[-35.7627,-8.239],[-35.7641,-8.2393],[-35.7649,-8.2396],[-35.7681,-8.24],[-35.7685,-8.2402],[-35.7689,-8.2395],[-35.7683,-8.2389],[-35.7672,-8.2385],[-35.7655,-8.238],[-35.7629,-8.2366],[-35.7608,-8.2362],[-35.7602,-8.2369],[-35.7597,-8.238],[-35.76,-8.2381]]]}},{"type":"Feature","properties":{"c":"b63","b":63,"n":"Retiro","m":"2601904","cx":-35.7553,"cy":-8.2498},"geometry":{"type":"Polygon","coordinates":[[[-35.7518,-8.2423],[-35.7516,-8.2444],[-35.752,-8.2446],[-35.7521,-8.2515],[-35.7521,-8.254],[-35.7516,-8.2553],[-35.7525,-8.2555],[-35.757,-8.2557],[-35.7575,-8.2561],[-35.7576,-8.2549],[-35.7588,-8.2482],[-35.7591,-8.2475],[-35.7576,-8.2464],[-35.7548,-8.2444],[-35.7518,-8.2423]]]}},{"type":"Feature","properties":{"c":"b64","b":64,"n":"Rosário","m":"2601904","cx":-35.7581,"cy":-8.2367},"geometry":{"type":"Polygon","coordinates":[[[-35.7554,-8.2386],[-35.7569,-8.239],[-35.757,-8.2386],[-35.7583,-8.239],[-35.7589,-8.239],[-35.759,-8.2386],[-35.7595,-8.2385],[-35.7597,-8.238],[-35.7602,-8.2369],[-35.7608,-8.2362],[-35.7603,-8.2361],[-35.7576,-8.2348],[-35.7564,-8.2345],[-35.756,-8.2355],[-35.7555,-8.2359],[-35.7563,-8.2364],[-35.7558,-8.2366],[-35.7555,-8.2382],[-35.7554,-8.2386]]]}},{"type":"Feature","properties":{"c":"b65","b":65,"n":"Santo Amaro","m":"2601904","cx":-35.761,"cy":-8.2448},"geometry":{"type":"Polygon","coordinates":[[[-35.7681,-8.24],[-35.7649,-8.2396],[-35.7641,-8.2393],[-35.7627,-8.239],[-35.76,-8.2381],[-35.7595,-8.2418],[-35.7578,-8.2418],[-35.7578,-8.2423],[-35.7584,-8.2425],[-35.7576,-8.2464],[-35.7591,-8.2475],[-35.7593,-8.2478],[-35.764,-8.251],[-35.7641,-8.2482],[-35.7642,-8.2431],[-35.7668,-8.2432],[-35.7679,-8.2427],[-35.7679,-8.2414],[-35.7685,-8.2402],[-35.7681,-8.24]]]}},{"type":"Feature","properties":{"c":"b66","b":66,"n":"Santo Antônio","m":"2601904","cx":-35.7569,"cy":-8.2315},"geometry":{"type":"Polygon","coordinates":[[[-35.7578,-8.2289],[-35.7575,-8.23],[-35.7561,-8.23],[-35.7562,-8.2294],[-35.7548,-8.229],[-35.7543,-8.2316],[-35.7535,-8.2313],[-35.7531,-8.2326],[-35.7525,-8.2321],[-35.7534,-8.2301],[-35.753,-8.2298],[-35.7533,-8.2285],[-35.7513,-8.228],[-35.7511,-8.2292],[-35.7504,-8.2293],[-35.7507,-8.2316],[-35.7516,-8.2321],[-35.752,-8.2331],[-35.7524,-8.2337],[-35.754,-8.2345],[-35.7563,-8.2345],[-35.7566,-8.234],[-35.758,-8.2345],[-35.7596,-8.235],[-35.7606,-8.2339],[-35.7607,-8.2336],[-35.7602,-8.2333],[-35.7605,-8.2323],[-35.7598,-8.2321],[-35.7599,-8.2316],[-35.7589,-8.2314],[-35.759,-8.2308],[-35.7588,-8.2298],[-35.7581,-8.2291],[-35.7578,-8.2289]]]}},{"type":"Feature","properties":{"c":"b67","b":67,"n":"São José","m":"2601904","cx":-35.7538,"cy":-8.2307},"geometry":{"type":"Polygon","coordinates":[[[-35.753,-8.2298],[-35.7534,-8.2301],[-35.7525,-8.2321],[-35.7531,-8.2326],[-35.7535,-8.2313],[-35.7543,-8.2316],[-35.7548,-8.229],[-35.7533,-8.2285],[-35.753,-8.2298]]]}},{"type":"Feature","properties":{"c":"b68","b":68,"n":"São Pedro","m":"2601904","cx":-35.7455,"cy":-8.2354},"geometry":{"type":"Polygon","coordinates":[[[-35.7481,-8.2359],[-35.7479,-8.2349],[-35.7486,-8.234],[-35.749,-8.2338],[-35.7478,-8.2324],[-35.7495,-8.2313],[-35.7483,-8.2312],[-35.7458,-8.2313],[-35.7454,-8.2315],[-35.7425,-8.2362],[-35.7422,-8.2367],[-35.742,-8.2378],[-35.7434,-8.238],[-35.7446,-8.2383],[-35.7461,-8.2388],[-35.7464,-8.2365],[-35.7473,-8.237],[-35.7479,-8.2362],[-35.7481,-8.2359]]]}},{"type":"Feature","properties":{"c":"b69","b":69,"n":"São Rafael","m":"2601904","cx":-35.7361,"cy":-8.2427},"geometry":{"type":"Polygon","coordinates":[[[-35.7337,-8.2367],[-35.7329,-8.2375],[-35.7329,-8.2389],[-35.7328,-8.2465],[-35.7348,-8.2466],[-35.7356,-8.2485],[-35.738,-8.2477],[-35.7392,-8.2465],[-35.7423,-8.2477],[-35.7427,-8.2433],[-35.743,-8.2415],[-35.7426,-8.2414],[-35.7423,-8.242],[-35.7419,-8.242],[-35.7418,-8.2433],[-35.7394,-8.2433],[-35.7394,-8.2401],[-35.7397,-8.2375],[-35.7337,-8.2367]]]}},{"type":"Feature","properties":{"c":"b70","b":70,"n":"São Sebastião","m":"2601904","cx":-35.7495,"cy":-8.2402},"geometry":{"type":"Polygon","coordinates":[[[-35.7547,-8.2433],[-35.7548,-8.2417],[-35.7545,-8.2406],[-35.7554,-8.2386],[-35.7555,-8.2382],[-35.7535,-8.2377],[-35.7508,-8.2377],[-35.7491,-8.237],[-35.7479,-8.2362],[-35.7473,-8.237],[-35.7464,-8.2365],[-35.7461,-8.2388],[-35.7446,-8.2383],[-35.7434,-8.238],[-35.7432,-8.2399],[-35.7455,-8.2406],[-35.7454,-8.241],[-35.7468,-8.2414],[-35.7468,-8.2418],[-35.7476,-8.2419],[-35.7502,-8.2433],[-35.7499,-8.2443],[-35.7514,-8.2446],[-35.7516,-8.2444],[-35.7518,-8.2423],[-35.7548,-8.2444],[-35.7547,-8.2433]]]}},{"type":"Feature","properties":{"c":"b71","b":71,"n":"Capitão Abelardo Calumby","m":"2602605","cx":-36.3782,"cy":-8.1439},"geometry":{"type":"Polygon","coordinates":[[[-36.3778,-8.1435],[-36.3747,-8.1445],[-36.3734,-8.145],[-36.3737,-8.1459],[-36.3727,-8.1466],[-36.3737,-8.1474],[-36.3743,-8.146],[-36.3786,-8.1444],[-36.3824,-8.1432],[-36.3853,-8.1432],[-36.3855,-8.1415],[-36.3844,-8.1414],[-36.3844,-8.141],[-36.3821,-8.1419],[-36.3801,-8.1422],[-36.3778,-8.1435]]]}},{"type":"Feature","properties":{"c":"b72","b":72,"n":"Capitão Cordeiro Falcão","m":"2602605","cx":-36.3763,"cy":-8.1431},"geometry":{"type":"MultiPolygon","coordinates":[[[[-36.3714,-8.1421],[-36.3715,-8.1405],[-36.3672,-8.139],[-36.3668,-8.1394],[-36.3663,-8.1391],[-36.3661,-8.1398],[-36.3665,-8.1398],[-36.3666,-8.1404],[-36.366,-8.1409],[-36.3666,-8.1419],[-36.3672,-8.1425],[-36.3674,-8.1437],[-36.367,-8.1451],[-36.3663,-8.1445],[-36.3658,-8.1443],[-36.3656,-8.1434],[-36.364,-8.1424],[-36.3639,-8.1415],[-36.3634,-8.1415],[-36.3626,-8.1411],[-36.3623,-8.1418],[-36.3636,-8.1427],[-36.3639,-8.1437],[-36.3645,-8.1445],[-36.3656,-8.1446],[-36.3659,-8.145],[-36.3664,-8.1465],[-36.3666,-8.1477],[-36.367,-8.1482],[-36.3676,-8.1487],[-36.3686,-8.1484],[-36.3698,-8.1476],[-36.3704,-8.1457],[-36.3713,-8.144],[-36.3714,-8.1421]]],[[[-36.3772,-8.1424],[-36.3763,-8.1423],[-36.3741,-8.1415],[-36.3734,-8.1419],[-36.374,-8.1427],[-36.3747,-8.1445],[-36.3778,-8.1435],[-36.3801,-8.1422],[-36.3772,-8.1424]]]]}},{"type":"Feature","properties":{"c":"b73","b":73,"n":"Nossa Senhora do Bom Conselho","m":"2602605","cx":-36.3706,"cy":-8.1473},"geometry":{"type":"Polygon","coordinates":[[[-36.3704,-8.1457],[-36.3698,-8.1476],[-36.3686,-8.1484],[-36.3676,-8.1487],[-36.367,-8.1482],[-36.3677,-8.1495],[-36.3684,-8.1497],[-36.3687,-8.1502],[-36.3688,-8.1508],[-36.3697,-8.151],[-36.3703,-8.1508],[-36.3705,-8.1501],[-36.3714,-8.1485],[-36.3713,-8.147],[-36.371,-8.1469],[-36.3723,-8.1454],[-36.3713,-8.144],[-36.3704,-8.1457]]]}},{"type":"Feature","properties":{"c":"b74","b":74,"n":"São José","m":"2602605","cx":-36.3588,"cy":-8.1403},"geometry":{"type":"MultiPolygon","coordinates":[[[[-36.3683,-8.151],[-36.367,-8.151],[-36.3658,-8.1513],[-36.367,-8.1524],[-36.3671,-8.1534],[-36.3683,-8.1529],[-36.3685,-8.1533],[-36.3683,-8.1541],[-36.3683,-8.1553],[-36.3686,-8.1553],[-36.3687,-8.1539],[-36.3691,-8.1539],[-36.3692,-8.1533],[-36.3701,-8.1529],[-36.3704,-8.1534],[-36.3709,-8.1529],[-36.3714,-8.1532],[-36.3718,-8.1521],[-36.3723,-8.1518],[-36.3727,-8.1511],[-36.3722,-8.1511],[-36.3716,-8.1508],[-36.3714,-8.1517],[-36.3707,-8.1513],[-36.37,-8.152],[-36.3693,-8.1522],[-36.3697,-8.151],[-36.3688,-8.1508],[-36.3683,-8.151]]],[[[-36.3603,-8.1406],[-36.3594,-8.14],[-36.3583,-8.1394],[-36.3584,-8.1377],[-36.3514,-8.1374],[-36.3512,-8.1386],[-36.3528,-8.1389],[-36.3554,-8.1391],[-36.3568,-8.1395],[-36.3584,-8.1408],[-36.3597,-8.1416],[-36.3623,-8.1428],[-36.3624,-8.1431],[-36.3629,-8.1425],[-36.3621,-8.142],[-36.3623,-8.1418],[-36.3603,-8.1406]]]]}},{"type":"Feature","properties":{"c":"b75","b":75,"n":"Bom Conselho","m":"2602902","cx":-34.9793,"cy":-8.237},"geometry":{"type":"Polygon","coordinates":[[[-34.9816,-8.2363],[-34.978,-8.2334],[-34.9771,-8.2327],[-34.9776,-8.2333],[-34.9763,-8.2342],[-34.9761,-8.2341],[-34.9753,-8.2347],[-34.9753,-8.2351],[-34.9761,-8.236],[-34.9763,-8.2367],[-34.976,-8.2373],[-34.9761,-8.2379],[-34.9742,-8.2383],[-34.9747,-8.2393],[-34.9756,-8.2418],[-34.9775,-8.2411],[-34.9811,-8.2403],[-34.9816,-8.2397],[-34.9816,-8.2389],[-34.9826,-8.2387],[-34.9847,-8.2403],[-34.9853,-8.2395],[-34.9816,-8.2363]]]}},{"type":"Feature","properties":{"c":"b76","b":76,"n":"COHAB","m":"2602902","cx":-35.0272,"cy":-8.2994},"geometry":{"type":"Polygon","coordinates":[[[-35.0325,-8.2937],[-35.0304,-8.2946],[-35.0305,-8.2944],[-35.0298,-8.2928],[-35.0278,-8.2923],[-35.0282,-8.291],[-35.0286,-8.2912],[-35.0294,-8.2884],[-35.0304,-8.288],[-35.0314,-8.287],[-35.0311,-8.2871],[-35.0319,-8.2842],[-35.0314,-8.284],[-35.0311,-8.2853],[-35.0306,-8.2851],[-35.0309,-8.2838],[-35.0292,-8.2829],[-35.0275,-8.2889],[-35.0272,-8.2899],[-35.0258,-8.2948],[-35.0256,-8.296],[-35.0254,-8.2971],[-35.0244,-8.2997],[-35.0241,-8.3003],[-35.0196,-8.3073],[-35.0192,-8.3079],[-35.0185,-8.3093],[-35.0193,-8.31],[-35.0198,-8.3136],[-35.0202,-8.3152],[-35.0205,-8.3158],[-35.0215,-8.3157],[-35.0225,-8.3152],[-35.024,-8.3155],[-35.0248,-8.3154],[-35.0259,-8.3149],[-35.026,-8.3144],[-35.0255,-8.3141],[-35.0245,-8.3128],[-35.0228,-8.3112],[-35.0215,-8.3092],[-35.0208,-8.3083],[-35.0217,-8.3077],[-35.024,-8.3044],[-35.0245,-8.3042],[-35.0253,-8.3046],[-35.0276,-8.3053],[-35.0287,-8.3056],[-35.0292,-8.305],[-35.0305,-8.3033],[-35.0312,-8.3033],[-35.031,-8.3024],[-35.0305,-8.3022],[-35.0303,-8.3004],[-35.0297,-8.2996],[-35.03,-8.2993],[-35.0314,-8.2987],[-35.0315,-8.2981],[-35.033,-8.2973],[-35.0334,-8.2974],[-35.0337,-8.2967],[-35.0328,-8.2964],[-35.0335,-8.2964],[-35.0339,-8.2957],[-35.0331,-8.2954],[-35.0332,-8.295],[-35.0325,-8.2937]]]}},{"type":"Feature","properties":{"c":"b77","b":77,"n":"Centro","m":"2602902","cx":-35.0344,"cy":-8.2852},"geometry":{"type":"Polygon","coordinates":[[[-35.0391,-8.2908],[-35.0399,-8.2908],[-35.04,-8.2915],[-35.04,-8.2926],[-35.0411,-8.2929],[-35.0421,-8.2921],[-35.0428,-8.2911],[-35.0415,-8.2893],[-35.0407,-8.2884],[-35.0387,-8.2868],[-35.0377,-8.2858],[-35.0339,-8.2818],[-35.0323,-8.2803],[-35.0298,-8.2776],[-35.0302,-8.2783],[-35.0304,-8.279],[-35.0301,-8.2799],[-35.0293,-8.2827],[-35.0292,-8.2829],[-35.0309,-8.2838],[-35.0306,-8.2851],[-35.0311,-8.2853],[-35.0314,-8.284],[-35.0319,-8.2842],[-35.0311,-8.2871],[-35.0314,-8.287],[-35.0317,-8.2869],[-35.0319,-8.2902],[-35.0324,-8.29],[-35.0335,-8.29],[-35.0342,-8.2904],[-35.0349,-8.29],[-35.0358,-8.2901],[-35.0372,-8.291],[-35.0384,-8.2923],[-35.0391,-8.2908]]]}},{"type":"Feature","properties":{"c":"b78","b":78,"n":"Charneca","m":"2602902","cx":-35.054,"cy":-8.2935},"geometry":{"type":"Polygon","coordinates":[[[-35.0571,-8.2818],[-35.0567,-8.2825],[-35.0552,-8.2833],[-35.0538,-8.2835],[-35.0525,-8.2821],[-35.0514,-8.2815],[-35.0504,-8.2815],[-35.0489,-8.2825],[-35.0472,-8.2836],[-35.0459,-8.2846],[-35.0453,-8.286],[-35.0447,-8.2878],[-35.0436,-8.2904],[-35.0476,-8.2917],[-35.0492,-8.2924],[-35.0529,-8.2942],[-35.0533,-8.2943],[-35.0535,-8.2955],[-35.0535,-8.2965],[-35.0542,-8.2973],[-35.0549,-8.2977],[-35.0553,-8.2986],[-35.0547,-8.2996],[-35.056,-8.3003],[-35.0584,-8.3009],[-35.0599,-8.3021],[-35.06,-8.3024],[-35.0611,-8.3032],[-35.063,-8.3042],[-35.064,-8.3052],[-35.0641,-8.3045],[-35.0637,-8.3044],[-35.0638,-8.3039],[-35.0648,-8.3033],[-35.065,-8.3022],[-35.0675,-8.2988],[-35.0665,-8.2982],[-35.0643,-8.2976],[-35.0628,-8.2969],[-35.0613,-8.2968],[-35.0591,-8.2962],[-35.0575,-8.2952],[-35.0568,-8.2942],[-35.0562,-8.2929],[-35.0558,-8.291],[-35.0565,-8.2887],[-35.0577,-8.2862],[-35.0581,-8.2845],[-35.0577,-8.2828],[-35.0572,-8.2818],[-35.0571,-8.2818]]]}},{"type":"Feature","properties":{"c":"b79","b":79,"n":"Charnequinha","m":"2602902","cx":-35.0445,"cy":-8.2962},"geometry":{"type":"Polygon","coordinates":[[[-35.0421,-8.2921],[-35.0411,-8.2929],[-35.04,-8.2926],[-35.04,-8.2915],[-35.0399,-8.2908],[-35.0391,-8.2908],[-35.0384,-8.2923],[-35.038,-8.293],[-35.038,-8.2941],[-35.0384,-8.2952],[-35.039,-8.2956],[-35.0393,-8.2967],[-35.04,-8.2972],[-35.0409,-8.2975],[-35.041,-8.298],[-35.0405,-8.2991],[-35.0409,-8.2995],[-35.041,-8.299],[-35.0415,-8.2985],[-35.0424,-8.2989],[-35.0433,-8.2984],[-35.0436,-8.2986],[-35.0436,-8.2998],[-35.0436,-8.3008],[-35.0438,-8.3001],[-35.0455,-8.299],[-35.0464,-8.2997],[-35.0469,-8.2996],[-35.0488,-8.3],[-35.0493,-8.2997],[-35.0513,-8.2994],[-35.0522,-8.2994],[-35.052,-8.2982],[-35.0507,-8.2971],[-35.0491,-8.2954],[-35.0478,-8.2946],[-35.0468,-8.2944],[-35.0452,-8.2933],[-35.0438,-8.2921],[-35.0428,-8.2911],[-35.0421,-8.2921]]]}},{"type":"Feature","properties":{"c":"b80","b":80,"n":"Destilaria","m":"2602902","cx":-35.0257,"cy":-8.2762},"geometry":{"type":"Polygon","coordinates":[[[-35.0238,-8.2771],[-35.0244,-8.2777],[-35.0299,-8.2797],[-35.0301,-8.2799],[-35.0304,-8.279],[-35.0302,-8.2783],[-35.0298,-8.2776],[-35.0276,-8.2753],[-35.025,-8.2746],[-35.0244,-8.2738],[-35.0236,-8.2735],[-35.0234,-8.2728],[-35.0229,-8.2732],[-35.0217,-8.2723],[-35.0215,-8.2737],[-35.0221,-8.2757],[-35.0224,-8.2756],[-35.0233,-8.2767],[-35.0225,-8.277],[-35.0226,-8.2774],[-35.0238,-8.2771]]]}},{"type":"Feature","properties":{"c":"b81","b":81,"n":"Distrito Industrial Diper","m":"2602902","cx":-35.0363,"cy":-8.2751},"geometry":{"type":"Polygon","coordinates":[[[-35.0163,-8.2769],[-35.0185,-8.2777],[-35.0198,-8.278],[-35.0199,-8.2777],[-35.0226,-8.2774],[-35.0225,-8.277],[-35.0233,-8.2767],[-35.0224,-8.2756],[-35.0221,-8.2757],[-35.0215,-8.2737],[-35.0217,-8.2723],[-35.0229,-8.2732],[-35.0234,-8.2728],[-35.0236,-8.2735],[-35.0244,-8.2738],[-35.025,-8.2746],[-35.0276,-8.2753],[-35.0298,-8.2776],[-35.0323,-8.2803],[-35.0339,-8.2818],[-35.0377,-8.2858],[-35.0387,-8.2868],[-35.0407,-8.2884],[-35.0415,-8.2893],[-35.0428,-8.2911],[-35.0438,-8.2921],[-35.0452,-8.2933],[-35.0468,-8.2944],[-35.0478,-8.2946],[-35.0491,-8.2954],[-35.0507,-8.2971],[-35.052,-8.2982],[-35.0533,-8.2989],[-35.0547,-8.2996],[-35.0553,-8.2986],[-35.0549,-8.2977],[-35.0542,-8.2973],[-35.0535,-8.2965],[-35.0535,-8.2955],[-35.0533,-8.2943],[-35.0529,-8.2942],[-35.0492,-8.2924],[-35.0476,-8.2917],[-35.0436,-8.2904],[-35.0447,-8.2878],[-35.0453,-8.286],[-35.0459,-8.2846],[-35.0472,-8.2836],[-35.0489,-8.2825],[-35.0483,-8.2821],[-35.051,-8.2802],[-35.0512,-8.2796],[-35.0502,-8.279],[-35.0493,-8.2788],[-35.0492,-8.2784],[-35.0496,-8.2773],[-35.0472,-8.2766],[-35.0473,-8.2756],[-35.0465,-8.2753],[-35.046,-8.2753],[-35.0444,-8.2741],[-35.0439,-8.2732],[-35.0435,-8.273],[-35.043,-8.2743],[-35.042,-8.274],[-35.0396,-8.2716],[-35.0393,-8.2711],[-35.0384,-8.2718],[-35.0374,-8.2713],[-35.0366,-8.2704],[-35.0361,-8.2704],[-35.0359,-8.2711],[-35.0353,-8.2712],[-35.0353,-8.2702],[-35.035,-8.2694],[-35.0353,-8.2687],[-35.0346,-8.2681],[-35.0341,-8.2668],[-35.0334,-8.2662],[-35.0329,-8.2648],[-35.0346,-8.2643],[-35.0354,-8.2643],[-35.036,-8.2651],[-35.0387,-8.2651],[-35.0394,-8.2648],[-35.0402,-8.2653],[-35.0411,-8.2654],[-35.043,-8.265],[-35.0435,-8.2653],[-35.0436,-8.2659],[-35.0445,-8.2649],[-35.0456,-8.2649],[-35.0471,-8.2645],[-35.0479,-8.2647],[-35.0491,-8.2642],[-35.049,-8.2638],[-35.0497,-8.2638],[-35.046,-8.2598],[-35.045,-8.2591],[-35.0437,-8.2584],[-35.0383,-8.2564],[-35.0336,-8.2549],[-35.0313,-8.2539],[-35.0264,-8.2517],[-35.0243,-8.2513],[-35.0194,-8.2515],[-35.0169,-8.2515],[-35.0158,-8.2513],[-35.0134,-8.2506],[-35.0133,-8.2512],[-35.0127,-8.2521],[-35.0142,-8.2547],[-35.0154,-8.2575],[-35.0155,-8.2606],[-35.0149,-8.261],[-35.0128,-8.2587],[-35.0117,-8.2593],[-35.0117,-8.2598],[-35.012,-8.2604],[-35.0118,-8.2612],[-35.0114,-8.2616],[-35.0107,-8.2612],[-35.01,-8.2614],[-35.01,-8.262],[-35.0092,-8.2616],[-35.0088,-8.262],[-35.0083,-8.2631],[-35.0084,-8.2638],[-35.0079,-8.2641],[-35.0064,-8.2645],[-35.0066,-8.265],[-35.0074,-8.2655],[-35.0075,-8.266],[-35.0072,-8.2676],[-35.0076,-8.2685],[-35.0086,-8.268],[-35.0093,-8.2685],[-35.0094,-8.2699],[-35.01,-8.2708],[-35.0111,-8.273],[-35.0096,-8.2744],[-35.0096,-8.2747],[-35.0103,-8.2749],[-35.0163,-8.2769]]]}},{"type":"Feature","properties":{"c":"b82","b":82,"n":"Distrito Industrial Santo Estevão","m":"2602902","cx":-34.9979,"cy":-8.2476},"geometry":{"type":"Polygon","coordinates":[[[-34.989,-8.2592],[-34.9915,-8.2584],[-34.9934,-8.258],[-34.9952,-8.2567],[-34.9961,-8.2567],[-34.9979,-8.258],[-34.9996,-8.2583],[-35.0018,-8.2604],[-35.0024,-8.2604],[-35.0037,-8.2613],[-35.006,-8.2609],[-35.0071,-8.2621],[-35.0072,-8.2627],[-35.0083,-8.2631],[-35.0088,-8.262],[-35.0092,-8.2616],[-35.01,-8.262],[-35.01,-8.2614],[-35.0107,-8.2612],[-35.0114,-8.2616],[-35.0118,-8.2612],[-35.012,-8.2604],[-35.0117,-8.2598],[-35.0117,-8.2593],[-35.0128,-8.2587],[-35.0149,-8.261],[-35.0155,-8.2606],[-35.0154,-8.2575],[-35.0142,-8.2547],[-35.0127,-8.2521],[-35.0133,-8.2512],[-35.0134,-8.2506],[-35.0088,-8.2493],[-35.0079,-8.2489],[-35.007,-8.2483],[-35.006,-8.2469],[-35.004,-8.2407],[-35.0028,-8.2387],[-35.0007,-8.2358],[-34.9975,-8.2318],[-34.997,-8.231],[-34.9963,-8.2313],[-34.9954,-8.2331],[-34.9951,-8.2339],[-34.9948,-8.2347],[-34.9956,-8.2371],[-34.995,-8.238],[-34.9943,-8.2383],[-34.9937,-8.2406],[-34.9934,-8.2423],[-34.9928,-8.2422],[-34.9912,-8.2431],[-34.9907,-8.2439],[-34.9913,-8.2442],[-34.9909,-8.2448],[-34.9904,-8.2467],[-34.9895,-8.2468],[-34.9896,-8.247],[-34.9881,-8.2499],[-34.9879,-8.2503],[-34.9883,-8.2511],[-34.9908,-8.2515],[-34.9904,-8.2534],[-34.9899,-8.2546],[-34.989,-8.2556],[-34.9887,-8.258],[-34.9885,-8.2586],[-34.9887,-8.2602],[-34.989,-8.2592]]]}},{"type":"Feature","properties":{"c":"b83","b":83,"n":"Engenho Ilha","m":"2602902","cx":-34.985,"cy":-8.2497},"geometry":{"type":"Polygon","coordinates":[[[-34.9761,-8.2436],[-34.977,-8.2453],[-34.9776,-8.2459],[-34.9805,-8.2485],[-34.9816,-8.2496],[-34.9826,-8.2508],[-34.9828,-8.2519],[-34.9864,-8.2577],[-34.9882,-8.2608],[-34.9887,-8.2602],[-34.9885,-8.2586],[-34.9887,-8.258],[-34.989,-8.2556],[-34.9899,-8.2546],[-34.9904,-8.2534],[-34.9908,-8.2515],[-34.9883,-8.2511],[-34.9879,-8.2503],[-34.9881,-8.2499],[-34.9896,-8.247],[-34.9895,-8.2468],[-34.9904,-8.2467],[-34.9909,-8.2448],[-34.9913,-8.2442],[-34.9907,-8.2439],[-34.9896,-8.2431],[-34.9864,-8.2404],[-34.9853,-8.2395],[-34.9847,-8.2403],[-34.9826,-8.2387],[-34.9816,-8.2389],[-34.9816,-8.2397],[-34.9811,-8.2403],[-34.9775,-8.2411],[-34.9756,-8.2418],[-34.9761,-8.2436]]]}},{"type":"Feature","properties":{"c":"b84","b":84,"n":"Enseada dos Corais","m":"2602902","cx":-34.9581,"cy":-8.3173},"geometry":{"type":"Polygon","coordinates":[[[-34.9696,-8.3303],[-34.9692,-8.3301],[-34.9701,-8.3298],[-34.9717,-8.3289],[-34.9721,-8.3275],[-34.9729,-8.3257],[-34.9728,-8.3252],[-34.9716,-8.3236],[-34.9714,-8.3231],[-34.9703,-8.3226],[-34.9704,-8.3223],[-34.9699,-8.3211],[-34.9694,-8.3208],[-34.969,-8.3199],[-34.969,-8.318],[-34.9669,-8.3166],[-34.9647,-8.3141],[-34.9636,-8.3135],[-34.9655,-8.312],[-34.9678,-8.3105],[-34.969,-8.3092],[-34.9676,-8.3089],[-34.9655,-8.3076],[-34.965,-8.3062],[-34.9648,-8.3036],[-34.966,-8.3018],[-34.966,-8.3014],[-34.9634,-8.2994],[-34.9631,-8.3001],[-34.9625,-8.3],[-34.9613,-8.3001],[-34.9608,-8.3003],[-34.9602,-8.3002],[-34.9587,-8.3009],[-34.9562,-8.3018],[-34.9533,-8.3024],[-34.952,-8.3025],[-34.95,-8.3036],[-34.9482,-8.3039],[-34.948,-8.3034],[-34.9477,-8.3018],[-34.9472,-8.3024],[-34.9457,-8.3034],[-34.9431,-8.3032],[-34.943,-8.3035],[-34.9422,-8.3042],[-34.9423,-8.3047],[-34.9426,-8.3047],[-34.9432,-8.3052],[-34.9443,-8.3075],[-34.9468,-8.3134],[-34.9477,-8.3161],[-34.9485,-8.3181],[-34.9487,-8.3194],[-34.9491,-8.3204],[-34.9499,-8.3217],[-34.9501,-8.3236],[-34.9499,-8.325],[-34.95,-8.3258],[-34.9505,-8.3293],[-34.9502,-8.3326],[-34.9502,-8.3344],[-34.9513,-8.3345],[-34.9534,-8.3344],[-34.9536,-8.3351],[-34.9546,-8.3351],[-34.9549,-8.3342],[-34.9557,-8.3329],[-34.9559,-8.3319],[-34.9563,-8.3309],[-34.9575,-8.3302],[-34.9606,-8.3289],[-34.9609,-8.3293],[-34.9617,-8.3296],[-34.962,-8.3294],[-34.9625,-8.3301],[-34.9637,-8.329],[-34.9647,-8.3293],[-34.9649,-8.3305],[-34.9645,-8.3312],[-34.964,-8.3316],[-34.9663,-8.3323],[-34.9677,-8.3329],[-34.9682,-8.3312],[-34.969,-8.3317],[-34.97,-8.3316],[-34.9696,-8.3303]]]}},{"type":"Feature","properties":{"c":"b85","b":85,"n":"Gaibu","m":"2602902","cx":-34.9626,"cy":-8.3371},"geometry":{"type":"Polygon","coordinates":[[[-34.9503,-8.3368],[-34.95,-8.3384],[-34.9492,-8.3412],[-34.9484,-8.3423],[-34.9477,-8.3425],[-34.948,-8.3436],[-34.9489,-8.3432],[-34.95,-8.3423],[-34.9513,-8.3424],[-34.952,-8.3438],[-34.9529,-8.3436],[-34.9536,-8.3431],[-34.9539,-8.3425],[-34.9547,-8.3432],[-34.9551,-8.3427],[-34.9549,-8.3425],[-34.9556,-8.3422],[-34.9559,-8.3429],[-34.9566,-8.3433],[-34.9565,-8.3454],[-34.9597,-8.3429],[-34.9604,-8.3431],[-34.9607,-8.3428],[-34.9623,-8.3434],[-34.9632,-8.3433],[-34.9636,-8.3426],[-34.964,-8.3424],[-34.9633,-8.3416],[-34.9631,-8.3405],[-34.9633,-8.3404],[-34.9646,-8.342],[-34.966,-8.3434],[-34.9674,-8.3436],[-34.9694,-8.3429],[-34.9698,-8.3426],[-34.9711,-8.3414],[-34.9723,-8.3406],[-34.973,-8.3393],[-34.9734,-8.338],[-34.9742,-8.3372],[-34.9756,-8.337],[-34.9771,-8.3357],[-34.9789,-8.336],[-34.979,-8.3348],[-34.9802,-8.3348],[-34.9805,-8.3342],[-34.981,-8.3339],[-34.9813,-8.3321],[-34.9805,-8.3313],[-34.98,-8.3311],[-34.9791,-8.3312],[-34.9775,-8.3309],[-34.9769,-8.3304],[-34.9746,-8.3304],[-34.9734,-8.3314],[-34.9713,-8.3324],[-34.97,-8.3316],[-34.969,-8.3317],[-34.9682,-8.3312],[-34.9677,-8.3329],[-34.9663,-8.3323],[-34.964,-8.3316],[-34.9645,-8.3312],[-34.9649,-8.3305],[-34.9647,-8.3293],[-34.9637,-8.329],[-34.9625,-8.3301],[-34.962,-8.3294],[-34.9617,-8.3296],[-34.9609,-8.3293],[-34.9606,-8.3289],[-34.9575,-8.3302],[-34.9563,-8.3309],[-34.9559,-8.3319],[-34.9557,-8.3329],[-34.9549,-8.3342],[-34.9546,-8.3351],[-34.9536,-8.3351],[-34.9534,-8.3344],[-34.9513,-8.3345],[-34.9502,-8.3344],[-34.9503,-8.3368]]]}},{"type":"Feature","properties":{"c":"b86","b":86,"n":"Garapu","m":"2602902","cx":-35.0194,"cy":-8.301},"geometry":{"type":"MultiPolygon","coordinates":[[[[-35.0243,-8.2957],[-35.0206,-8.2946],[-35.0205,-8.2948],[-35.0181,-8.2941],[-35.0174,-8.2967],[-35.0149,-8.3018],[-35.0142,-8.3036],[-35.015,-8.3044],[-35.0147,-8.3055],[-35.015,-8.3069],[-35.0159,-8.3068],[-35.0192,-8.3079],[-35.0196,-8.3073],[-35.0241,-8.3003],[-35.0244,-8.2997],[-35.0254,-8.2971],[-35.0256,-8.296],[-35.0243,-8.2957]]],[[[-35.0107,-8.2767],[-35.0106,-8.2772],[-35.0129,-8.2778],[-35.0123,-8.2796],[-35.0147,-8.2803],[-35.0143,-8.2814],[-35.0129,-8.2822],[-35.013,-8.2828],[-35.015,-8.2834],[-35.0149,-8.2838],[-35.0154,-8.284],[-35.0151,-8.2849],[-35.0147,-8.2848],[-35.0147,-8.2853],[-35.0164,-8.2858],[-35.0165,-8.2867],[-35.0166,-8.289],[-35.0168,-8.2894],[-35.0184,-8.2891],[-35.0186,-8.2924],[-35.0209,-8.2923],[-35.0213,-8.2923],[-35.0218,-8.2906],[-35.0212,-8.2879],[-35.0216,-8.2871],[-35.0226,-8.2835],[-35.0223,-8.2829],[-35.0226,-8.283],[-35.0227,-8.2806],[-35.0213,-8.2806],[-35.02,-8.2794],[-35.0205,-8.2791],[-35.0205,-8.2782],[-35.0198,-8.278],[-35.0185,-8.2777],[-35.0163,-8.2769],[-35.0103,-8.2749],[-35.0107,-8.2767]]]]}},{"type":"Feature","properties":{"c":"b87","b":87,"n":"Itapoama","m":"2602902","cx":-34.9568,"cy":-8.2964},"geometry":{"type":"Polygon","coordinates":[[[-34.9625,-8.2989],[-34.9619,-8.2977],[-34.9612,-8.2971],[-34.9625,-8.2948],[-34.9624,-8.294],[-34.9617,-8.2938],[-34.9618,-8.2919],[-34.9616,-8.2914],[-34.9605,-8.2915],[-34.9597,-8.2918],[-34.9597,-8.2908],[-34.96,-8.2901],[-34.959,-8.2899],[-34.9573,-8.2904],[-34.9564,-8.2905],[-34.9565,-8.2907],[-34.9517,-8.292],[-34.9519,-8.2937],[-34.9519,-8.2957],[-34.9521,-8.2977],[-34.9518,-8.2987],[-34.9513,-8.2985],[-34.9503,-8.2996],[-34.9496,-8.3009],[-34.9484,-8.3013],[-34.9477,-8.3018],[-34.948,-8.3034],[-34.9482,-8.3039],[-34.95,-8.3036],[-34.952,-8.3025],[-34.9533,-8.3024],[-34.9562,-8.3018],[-34.9587,-8.3009],[-34.9602,-8.3002],[-34.9608,-8.3003],[-34.9613,-8.3001],[-34.9625,-8.3],[-34.9631,-8.3001],[-34.9634,-8.2994],[-34.9625,-8.2989]]]}},{"type":"Feature","properties":{"c":"b88","b":88,"n":"Juçaral","m":"2602902","cx":-35.2269,"cy":-8.2148},"geometry":{"type":"Polygon","coordinates":[[[-35.2258,-8.2105],[-35.2236,-8.2126],[-35.2235,-8.2128],[-35.2222,-8.2138],[-35.2226,-8.2146],[-35.2224,-8.2151],[-35.2232,-8.2157],[-35.2247,-8.216],[-35.2251,-8.2171],[-35.2255,-8.2171],[-35.2254,-8.2177],[-35.2278,-8.2192],[-35.2278,-8.2199],[-35.2285,-8.2201],[-35.229,-8.221],[-35.231,-8.2203],[-35.231,-8.2189],[-35.2322,-8.2187],[-35.2317,-8.2169],[-35.2309,-8.2158],[-35.2314,-8.2153],[-35.2306,-8.2127],[-35.2295,-8.2095],[-35.2289,-8.2091],[-35.2285,-8.2107],[-35.2258,-8.2105]]]}},{"type":"Feature","properties":{"c":"b89","b":89,"n":"Malaquias","m":"2602902","cx":-35.0329,"cy":-8.2917},"geometry":{"type":"Polygon","coordinates":[[[-35.0339,-8.2952],[-35.0347,-8.2951],[-35.0358,-8.2956],[-35.038,-8.2941],[-35.038,-8.293],[-35.0384,-8.2923],[-35.0372,-8.291],[-35.0358,-8.2901],[-35.0349,-8.29],[-35.0342,-8.2904],[-35.0335,-8.29],[-35.0324,-8.29],[-35.0319,-8.2902],[-35.0317,-8.2869],[-35.0314,-8.287],[-35.0304,-8.288],[-35.0294,-8.2884],[-35.0286,-8.2912],[-35.0282,-8.291],[-35.0278,-8.2923],[-35.0298,-8.2928],[-35.0305,-8.2944],[-35.0304,-8.2946],[-35.0325,-8.2937],[-35.0332,-8.295],[-35.0339,-8.2952]]]}},{"type":"Feature","properties":{"c":"b90","b":90,"n":"Paiva","m":"2602902","cx":-34.9478,"cy":-8.2586},"geometry":{"type":"Polygon","coordinates":[[[-34.9426,-8.2424],[-34.9411,-8.2422],[-34.9402,-8.242],[-34.9375,-8.2407],[-34.9356,-8.2389],[-34.9349,-8.2372],[-34.9342,-8.2344],[-34.9335,-8.2325],[-34.9317,-8.2291],[-34.9305,-8.2274],[-34.9286,-8.2253],[-34.9287,-8.2258],[-34.928,-8.226],[-34.9267,-8.227],[-34.9252,-8.2274],[-34.9248,-8.2279],[-34.9245,-8.2291],[-34.9244,-8.2299],[-34.9246,-8.2313],[-34.9254,-8.233],[-34.9276,-8.2353],[-34.9292,-8.2368],[-34.9308,-8.2386],[-34.9323,-8.2398],[-34.9338,-8.2414],[-34.9352,-8.243],[-34.9375,-8.2462],[-34.9396,-8.2498],[-34.9408,-8.2521],[-34.9426,-8.2559],[-34.9439,-8.2591],[-34.9449,-8.2624],[-34.9453,-8.2638],[-34.9454,-8.2654],[-34.9449,-8.2683],[-34.9453,-8.2707],[-34.9455,-8.2724],[-34.9462,-8.2752],[-34.9468,-8.2789],[-34.947,-8.2796],[-34.9484,-8.283],[-34.9495,-8.2844],[-34.9503,-8.2862],[-34.9509,-8.2885],[-34.9517,-8.292],[-34.9565,-8.2907],[-34.9564,-8.2905],[-34.9565,-8.29],[-34.9571,-8.2886],[-34.9569,-8.2874],[-34.9563,-8.2852],[-34.9557,-8.2843],[-34.9554,-8.2835],[-34.9549,-8.2832],[-34.9525,-8.2805],[-34.9522,-8.2791],[-34.9518,-8.276],[-34.9516,-8.2752],[-34.9506,-8.2742],[-34.9496,-8.2724],[-34.9492,-8.271],[-34.9501,-8.2707],[-34.9502,-8.2697],[-34.9501,-8.2686],[-34.9493,-8.268],[-34.9488,-8.2674],[-34.9488,-8.2665],[-34.9491,-8.266],[-34.9499,-8.2654],[-34.9507,-8.2634],[-34.9506,-8.2626],[-34.9511,-8.2616],[-34.9533,-8.2606],[-34.9527,-8.26],[-34.9525,-8.2593],[-34.9513,-8.2582],[-34.9504,-8.257],[-34.9491,-8.2525],[-34.9486,-8.251],[-34.948,-8.2488],[-34.9476,-8.246],[-34.947,-8.2442],[-34.9462,-8.2434],[-34.9436,-8.2417],[-34.9426,-8.2424]]]}},{"type":"Feature","properties":{"c":"b91","b":91,"n":"Pirapama","m":"2602902","cx":-35.0614,"cy":-8.2852},"geometry":{"type":"Polygon","coordinates":[[[-35.063,-8.2958],[-35.0641,-8.295],[-35.0652,-8.2946],[-35.0641,-8.2943],[-35.0628,-8.2952],[-35.0633,-8.2943],[-35.066,-8.2939],[-35.0659,-8.2932],[-35.0655,-8.2929],[-35.0664,-8.2922],[-35.0683,-8.2914],[-35.0684,-8.2904],[-35.0681,-8.2907],[-35.0662,-8.2912],[-35.0642,-8.2899],[-35.0666,-8.2872],[-35.067,-8.2865],[-35.0652,-8.2866],[-35.0649,-8.2859],[-35.065,-8.2839],[-35.0663,-8.2822],[-35.0667,-8.2808],[-35.0658,-8.2787],[-35.0656,-8.2779],[-35.066,-8.278],[-35.0663,-8.2787],[-35.067,-8.2782],[-35.0672,-8.2787],[-35.0679,-8.2798],[-35.0683,-8.279],[-35.0688,-8.2791],[-35.0687,-8.2787],[-35.068,-8.2778],[-35.0668,-8.2752],[-35.0656,-8.2741],[-35.0652,-8.2747],[-35.0641,-8.2752],[-35.0634,-8.2752],[-35.062,-8.2762],[-35.0627,-8.2768],[-35.0627,-8.2773],[-35.0623,-8.2782],[-35.063,-8.279],[-35.0614,-8.2808],[-35.0598,-8.2795],[-35.0572,-8.2818],[-35.0577,-8.2828],[-35.0581,-8.2845],[-35.0577,-8.2862],[-35.0565,-8.2887],[-35.0558,-8.291],[-35.0562,-8.2929],[-35.0568,-8.2942],[-35.0575,-8.2952],[-35.0591,-8.2962],[-35.0613,-8.2968],[-35.0628,-8.2969],[-35.063,-8.2958]]]}},{"type":"Feature","properties":{"c":"b92","b":92,"n":"Ponte dos Carvalhos","m":"2602902","cx":-34.9878,"cy":-8.2355},"geometry":{"type":"Polygon","coordinates":[[[-34.9864,-8.2404],[-34.9896,-8.2431],[-34.9907,-8.2439],[-34.9912,-8.2431],[-34.9928,-8.2422],[-34.9934,-8.2423],[-34.9937,-8.2406],[-34.9943,-8.2383],[-34.995,-8.238],[-34.9956,-8.2371],[-34.9948,-8.2347],[-34.9951,-8.2339],[-34.994,-8.2341],[-34.993,-8.234],[-34.9924,-8.233],[-34.9911,-8.2319],[-34.9893,-8.2315],[-34.9884,-8.2316],[-34.9876,-8.2315],[-34.9868,-8.231],[-34.9864,-8.2304],[-34.9851,-8.2296],[-34.9852,-8.2292],[-34.9843,-8.2293],[-34.9832,-8.2291],[-34.9823,-8.2295],[-34.9814,-8.2286],[-34.9801,-8.2285],[-34.9786,-8.2288],[-34.9781,-8.2294],[-34.9782,-8.2304],[-34.977,-8.2311],[-34.9763,-8.2308],[-34.9757,-8.2299],[-34.9748,-8.2292],[-34.974,-8.2289],[-34.9733,-8.2282],[-34.9719,-8.2287],[-34.9739,-8.2303],[-34.9771,-8.2327],[-34.978,-8.2334],[-34.9816,-8.2363],[-34.9853,-8.2395],[-34.9864,-8.2404]]]}},{"type":"Feature","properties":{"c":"b93","b":93,"n":"Pontezinha","m":"2602902","cx":-34.964,"cy":-8.2243},"geometry":{"type":"Polygon","coordinates":[[[-34.9733,-8.2282],[-34.9704,-8.2252],[-34.9699,-8.2245],[-34.9704,-8.2238],[-34.9701,-8.223],[-34.9702,-8.2212],[-34.9708,-8.2201],[-34.9714,-8.2187],[-34.9651,-8.2157],[-34.9645,-8.2155],[-34.9627,-8.2158],[-34.9626,-8.2155],[-34.9616,-8.2158],[-34.9603,-8.2161],[-34.9599,-8.2161],[-34.9604,-8.2188],[-34.9601,-8.2188],[-34.9599,-8.2204],[-34.959,-8.2216],[-34.9588,-8.2215],[-34.9581,-8.2241],[-34.9574,-8.2248],[-34.9556,-8.2249],[-34.9564,-8.2288],[-34.9581,-8.2315],[-34.9592,-8.2328],[-34.9595,-8.2322],[-34.9611,-8.232],[-34.9625,-8.2326],[-34.9639,-8.232],[-34.9646,-8.2305],[-34.9657,-8.2299],[-34.9665,-8.2305],[-34.9673,-8.2318],[-34.9676,-8.2326],[-34.969,-8.2327],[-34.9696,-8.2321],[-34.9704,-8.2301],[-34.9719,-8.2287],[-34.9733,-8.2282]]]}},{"type":"Feature","properties":{"c":"b94","b":94,"n":"Rosário","m":"2602902","cx":-35.0181,"cy":-8.312},"geometry":{"type":"Polygon","coordinates":[[[-35.0202,-8.3152],[-35.0198,-8.3136],[-35.0193,-8.31],[-35.0185,-8.3093],[-35.0192,-8.3079],[-35.0159,-8.3068],[-35.015,-8.3069],[-35.0147,-8.3055],[-35.015,-8.3044],[-35.0142,-8.3036],[-35.0122,-8.3083],[-35.0109,-8.3109],[-35.0121,-8.3115],[-35.0146,-8.3111],[-35.0153,-8.3108],[-35.0165,-8.3113],[-35.0167,-8.3115],[-35.0167,-8.3126],[-35.0169,-8.3136],[-35.0171,-8.3153],[-35.0172,-8.3152],[-35.0175,-8.3168],[-35.0179,-8.3173],[-35.0189,-8.3201],[-35.0221,-8.3191],[-35.0205,-8.3158],[-35.0202,-8.3152]]]}},{"type":"Feature","properties":{"c":"b95","b":95,"n":"Santo Inácio","m":"2602902","cx":-35.0253,"cy":-8.2853},"geometry":{"type":"Polygon","coordinates":[[[-35.0293,-8.2827],[-35.0221,-8.2788],[-35.0205,-8.2782],[-35.0205,-8.2791],[-35.02,-8.2794],[-35.0213,-8.2806],[-35.0227,-8.2806],[-35.0226,-8.283],[-35.0223,-8.2829],[-35.0226,-8.2835],[-35.0216,-8.2871],[-35.0212,-8.2879],[-35.0218,-8.2906],[-35.0213,-8.2923],[-35.0209,-8.2923],[-35.02,-8.2931],[-35.0194,-8.2929],[-35.0183,-8.2937],[-35.0181,-8.2941],[-35.0205,-8.2948],[-35.0206,-8.2946],[-35.0243,-8.2957],[-35.0256,-8.296],[-35.0258,-8.2948],[-35.0272,-8.2899],[-35.0275,-8.2889],[-35.0292,-8.2829],[-35.0293,-8.2827]]]}},{"type":"Feature","properties":{"c":"b96","b":96,"n":"Suape","m":"2602902","cx":-34.9581,"cy":-8.3569},"geometry":{"type":"Polygon","coordinates":[[[-34.9524,-8.3514],[-34.9522,-8.3517],[-34.9506,-8.3528],[-34.9506,-8.3534],[-34.95,-8.3551],[-34.9503,-8.3553],[-34.9499,-8.3564],[-34.9488,-8.3577],[-34.9494,-8.3579],[-34.9498,-8.3571],[-34.9515,-8.3566],[-34.9519,-8.3562],[-34.9521,-8.3554],[-34.9531,-8.3549],[-34.9542,-8.3549],[-34.9543,-8.3553],[-34.955,-8.3556],[-34.9556,-8.3562],[-34.9565,-8.3579],[-34.957,-8.3592],[-34.9575,-8.3613],[-34.9577,-8.3626],[-34.9581,-8.3642],[-34.9591,-8.3646],[-34.9598,-8.3644],[-34.9603,-8.3636],[-34.9613,-8.3633],[-34.9613,-8.3627],[-34.963,-8.3611],[-34.9625,-8.3607],[-34.9623,-8.3611],[-34.9615,-8.3612],[-34.9611,-8.3602],[-34.9601,-8.3588],[-34.9606,-8.3577],[-34.9602,-8.3573],[-34.9604,-8.3563],[-34.9597,-8.356],[-34.9584,-8.355],[-34.9588,-8.3546],[-34.9586,-8.354],[-34.9578,-8.3532],[-34.9588,-8.3525],[-34.9599,-8.3513],[-34.9589,-8.3508],[-34.9588,-8.3511],[-34.9572,-8.3502],[-34.9562,-8.35],[-34.9551,-8.3495],[-34.9546,-8.3497],[-34.9532,-8.3517],[-34.9524,-8.3514]]]}},{"type":"Feature","properties":{"c":"b97","b":97,"n":"São Francisco","m":"2602902","cx":-35.0359,"cy":-8.3028},"geometry":{"type":"Polygon","coordinates":[[[-35.0436,-8.2986],[-35.0433,-8.2984],[-35.0424,-8.2989],[-35.0415,-8.2985],[-35.041,-8.299],[-35.0409,-8.2995],[-35.0405,-8.2991],[-35.041,-8.298],[-35.0409,-8.2975],[-35.04,-8.2972],[-35.0393,-8.2967],[-35.039,-8.2956],[-35.0384,-8.2952],[-35.038,-8.2941],[-35.0358,-8.2956],[-35.0347,-8.2951],[-35.0339,-8.2952],[-35.0332,-8.295],[-35.0331,-8.2954],[-35.0339,-8.2957],[-35.0335,-8.2964],[-35.0328,-8.2964],[-35.0337,-8.2967],[-35.0334,-8.2974],[-35.033,-8.2973],[-35.0315,-8.2981],[-35.0314,-8.2987],[-35.03,-8.2993],[-35.0297,-8.2996],[-35.0303,-8.3004],[-35.0305,-8.3022],[-35.031,-8.3024],[-35.0312,-8.3033],[-35.0305,-8.3033],[-35.0292,-8.305],[-35.0287,-8.3056],[-35.0297,-8.3057],[-35.0306,-8.3068],[-35.0314,-8.3074],[-35.0318,-8.3072],[-35.0337,-8.3079],[-35.0352,-8.3088],[-35.0359,-8.3095],[-35.0368,-8.3109],[-35.0374,-8.3124],[-35.038,-8.3125],[-35.0388,-8.3116],[-35.0401,-8.311],[-35.0403,-8.31],[-35.0409,-8.3086],[-35.0413,-8.3069],[-35.0403,-8.3065],[-35.0393,-8.3066],[-35.0396,-8.306],[-35.0399,-8.3036],[-35.0402,-8.3035],[-35.0436,-8.2998],[-35.0436,-8.2986]]]}},{"type":"Feature","properties":{"c":"b98","b":98,"n":"Vila Social Contra Mocambo","m":"2602902","cx":-35.0282,"cy":-8.2813},"geometry":{"type":"Polygon","coordinates":[[[-35.0199,-8.2777],[-35.0198,-8.278],[-35.0205,-8.2782],[-35.0221,-8.2788],[-35.0293,-8.2827],[-35.0301,-8.2799],[-35.0299,-8.2797],[-35.0244,-8.2777],[-35.0238,-8.2771],[-35.0226,-8.2774],[-35.0199,-8.2777]]]}},{"type":"Feature","properties":{"c":"b99","b":99,"n":"Alberto Maia","m":"2603454","cx":-35.0086,"cy":-8.0238},"geometry":{"type":"Polygon","coordinates":[[[-35.0144,-8.027],[-35.0149,-8.0258],[-35.0151,-8.0234],[-35.0166,-8.0198],[-35.0066,-8.0187],[-35.0063,-8.0188],[-35.0039,-8.0209],[-35.0019,-8.0243],[-35.0008,-8.0247],[-35.0014,-8.0268],[-35.0017,-8.0273],[-35.0045,-8.0266],[-35.0054,-8.0263],[-35.0056,-8.0257],[-35.0067,-8.0257],[-35.0073,-8.0256],[-35.0075,-8.0263],[-35.008,-8.0266],[-35.0086,-8.0266],[-35.01,-8.0271],[-35.0103,-8.0264],[-35.0117,-8.0269],[-35.0125,-8.0278],[-35.0126,-8.0283],[-35.0136,-8.029],[-35.0139,-8.0286],[-35.0144,-8.027]]]}},{"type":"Feature","properties":{"c":"b100","b":100,"n":"Aldeia de Baixo","m":"2603454","cx":-34.9739,"cy":-8.0126},"geometry":{"type":"Polygon","coordinates":[[[-34.9743,-8.0118],[-34.9738,-8.0114],[-34.973,-8.0116],[-34.9724,-8.0129],[-34.973,-8.0139],[-34.9737,-8.0142],[-34.9755,-8.0124],[-34.9751,-8.012],[-34.9743,-8.0118]]]}},{"type":"Feature","properties":{"c":"b101","b":101,"n":"Aldeia dos Camarás","m":"2603454","cx":-34.9936,"cy":-7.9628},"geometry":{"type":"Polygon","coordinates":[[[-35.0286,-7.9581],[-35.0307,-7.9581],[-35.0311,-7.9575],[-35.0312,-7.9567],[-35.0315,-7.9564],[-35.0319,-7.9552],[-35.033,-7.954],[-35.0339,-7.9534],[-35.034,-7.9526],[-35.0339,-7.9508],[-35.0341,-7.9493],[-35.0344,-7.9483],[-35.0345,-7.9471],[-35.0343,-7.9463],[-35.0338,-7.9455],[-35.0336,-7.9441],[-35.0338,-7.9431],[-35.0348,-7.9412],[-35.0353,-7.9405],[-35.0367,-7.9402],[-35.0289,-7.9338],[-35.0283,-7.9335],[-35.0276,-7.9336],[-35.0267,-7.9334],[-35.0261,-7.9323],[-35.0257,-7.9321],[-35.0241,-7.9323],[-35.0229,-7.9319],[-35.0218,-7.9324],[-35.0211,-7.9325],[-35.0207,-7.9319],[-35.0198,-7.9315],[-35.0195,-7.9307],[-35.0168,-7.9279],[-35.0167,-7.9274],[-35.0159,-7.9259],[-35.0145,-7.9254],[-35.0126,-7.9252],[-35.0111,-7.9253],[-35.0102,-7.9256],[-35.0091,-7.9255],[-35.0082,-7.9251],[-35.0072,-7.9251],[-35.0061,-7.9259],[-35.0052,-7.9258],[-35.004,-7.9259],[-35.0027,-7.9266],[-35.0024,-7.9271],[-35.001,-7.9278],[-35.0008,-7.9286],[-35.0001,-7.9292],[-35.0084,-7.9457],[-35.0071,-7.9458],[-35.0074,-7.946],[-35.0091,-7.9493],[-35.0116,-7.9542],[-35.0119,-7.9551],[-35.0125,-7.9557],[-35.0137,-7.9579],[-35.0084,-7.963],[-35.0061,-7.9652],[-35.0055,-7.9639],[-35.0037,-7.9596],[-35.0029,-7.9602],[-35.0028,-7.9607],[-35.0019,-7.9618],[-35.0011,-7.9626],[-35.0007,-7.9633],[-35.0001,-7.9638],[-34.9992,-7.9639],[-34.9985,-7.9637],[-34.9974,-7.9627],[-34.9953,-7.9627],[-34.9938,-7.9616],[-34.9927,-7.9616],[-34.9917,-7.9622],[-34.991,-7.9625],[-34.9899,-7.9623],[-34.9894,-7.9632],[-34.9888,-7.9641],[-34.9879,-7.9648],[-34.9874,-7.9649],[-34.9856,-7.9663],[-34.9834,-7.9667],[-34.9821,-7.9676],[-34.9813,-7.9679],[-34.9814,-7.9682],[-34.9806,-7.9689],[-34.9798,-7.9699],[-34.9793,-7.9701],[-34.9784,-7.97],[-34.9773,-7.969],[-34.9766,-7.9692],[-34.9752,-7.9688],[-34.9744,-7.9709],[-34.9751,-7.9712],[-34.9743,-7.9739],[-34.9707,-7.9729],[-34.9687,-7.9725],[-34.9681,-7.9748],[-34.9675,-7.9764],[-34.9675,-7.9769],[-34.9681,-7.9774],[-34.9689,-7.9774],[-34.9685,-7.9783],[-34.968,-7.9787],[-34.9683,-7.9798],[-34.9672,-7.9802],[-34.967,-7.9799],[-34.9664,-7.9803],[-34.9653,-7.9785],[-34.965,-7.9784],[-34.9639,-7.9773],[-34.9626,-7.9777],[-34.9623,-7.9785],[-34.9623,-7.9807],[-34.9619,-7.9819],[-34.9622,-7.9831],[-34.9633,-7.984],[-34.9637,-7.9849],[-34.9637,-7.9856],[-34.9641,-7.9874],[-34.9632,-7.9887],[-34.9631,-7.9892],[-34.9623,-7.9901],[-34.9623,-7.9904],[-34.9632,-7.9979],[-34.9637,-7.9984],[-34.9653,-7.999],[-34.966,-7.9995],[-34.9664,-8.0005],[-34.9675,-8.0006],[-34.9683,-8.0001],[-34.9696,-7.9994],[-34.9701,-7.9994],[-34.9709,-7.9998],[-34.9719,-7.9998],[-34.9719,-7.9993],[-34.973,-7.9981],[-34.9729,-7.9956],[-34.9731,-7.9952],[-34.9747,-7.9944],[-34.9749,-7.994],[-34.9746,-7.9929],[-34.9721,-7.9907],[-34.9719,-7.9897],[-34.972,-7.9893],[-34.9731,-7.9873],[-34.9749,-7.9862],[-34.9756,-7.9876],[-34.9746,-7.9878],[-34.9737,-7.9883],[-34.9732,-7.9892],[-34.9735,-7.9895],[-34.9741,-7.9889],[-34.9746,-7.9887],[-34.9751,-7.9891],[-34.9746,-7.99],[-34.9755,-7.9908],[-34.9767,-7.988],[-34.9775,-7.9896],[-34.9766,-7.9908],[-34.977,-7.9916],[-34.9771,-7.994],[-34.9777,-7.994],[-34.9783,-7.9934],[-34.9786,-7.9922],[-34.9797,-7.9931],[-34.9803,-7.9925],[-34.9801,-7.9918],[-34.9792,-7.9913],[-34.9789,-7.9909],[-34.9786,-7.9896],[-34.9789,-7.989],[-34.979,-7.988],[-34.9787,-7.9872],[-34.9791,-7.9867],[-34.9796,-7.9865],[-34.9792,-7.9855],[-34.9802,-7.9849],[-34.9807,-7.9856],[-34.9809,-7.9855],[-34.9806,-7.9843],[-34.9807,-7.984],[-34.9832,-7.9851],[-34.9841,-7.9851],[-34.9844,-7.9853],[-34.9852,-7.9864],[-34.9854,-7.986],[-34.9852,-7.9836],[-34.9852,-7.9823],[-34.9848,-7.9806],[-34.9849,-7.9804],[-34.9843,-7.9772],[-34.9839,-7.9749],[-34.9839,-7.9734],[-34.9862,-7.9735],[-34.987,-7.9736],[-34.991,-7.976],[-34.9919,-7.9761],[-34.9926,-7.9752],[-34.9933,-7.9751],[-34.994,-7.9752],[-34.9956,-7.976],[-34.9964,-7.9759],[-34.9974,-7.9748],[-35.0011,-7.9781],[-35.0026,-7.9803],[-35.0033,-7.9812],[-35.0033,-7.9826],[-35.004,-7.9841],[-35.004,-7.9848],[-35.0047,-7.9844],[-35.0048,-7.9829],[-35.0053,-7.982],[-35.0053,-7.9814],[-35.0047,-7.9807],[-35.0049,-7.9801],[-35.0046,-7.9792],[-35.005,-7.9782],[-35.0053,-7.9772],[-35.0062,-7.975],[-35.0068,-7.9746],[-35.0073,-7.9737],[-35.0075,-7.9728],[-35.0078,-7.9723],[-35.0086,-7.9719],[-35.009,-7.9713],[-35.0108,-7.9708],[-35.0108,-7.9704],[-35.0114,-7.9701],[-35.012,-7.9705],[-35.0127,-7.9702],[-35.013,-7.9705],[-35.0149,-7.9691],[-35.0147,-7.9675],[-35.0149,-7.9672],[-35.0146,-7.9652],[-35.0148,-7.964],[-35.0146,-7.9637],[-35.015,-7.963],[-35.0152,-7.9622],[-35.0156,-7.9615],[-35.0165,-7.961],[-35.0164,-7.9608],[-35.0167,-7.9597],[-35.0174,-7.9592],[-35.0185,-7.9596],[-35.0191,-7.9589],[-35.02,-7.9588],[-35.0214,-7.958],[-35.0217,-7.9576],[-35.0227,-7.9573],[-35.0229,-7.9567],[-35.0237,-7.9568],[-35.0246,-7.9573],[-35.0259,-7.9576],[-35.0262,-7.9579],[-35.027,-7.9581],[-35.0282,-7.958],[-35.0286,-7.9581]]]}},{"type":"Feature","properties":{"c":"b102","b":102,"n":"Alto Santo Antonio","m":"2603454","cx":-34.9877,"cy":-8.0266},"geometry":{"type":"Polygon","coordinates":[[[-34.9847,-8.0275],[-34.9847,-8.029],[-34.9844,-8.0292],[-34.9858,-8.0308],[-34.9865,-8.0311],[-34.9896,-8.0314],[-34.9898,-8.0299],[-34.9908,-8.0254],[-34.9911,-8.0239],[-34.9876,-8.0231],[-34.9869,-8.0232],[-34.9868,-8.0237],[-34.9855,-8.0235],[-34.985,-8.0257],[-34.9847,-8.0275]]]}},{"type":"Feature","properties":{"c":"b103","b":103,"n":"Alto da Boa Vista","m":"2603454","cx":-34.9799,"cy":-8.015},"geometry":{"type":"Polygon","coordinates":[[[-34.9812,-8.0162],[-34.983,-8.017],[-34.9832,-8.0159],[-34.9824,-8.0154],[-34.9817,-8.0152],[-34.9817,-8.0149],[-34.9806,-8.0143],[-34.9806,-8.0133],[-34.9796,-8.013],[-34.9788,-8.0134],[-34.9791,-8.014],[-34.9781,-8.0151],[-34.9814,-8.0167],[-34.9812,-8.0162]]]}},{"type":"Feature","properties":{"c":"b104","b":104,"n":"Areeiro","m":"2603454","cx":-34.9837,"cy":-8.0309},"geometry":{"type":"Polygon","coordinates":[[[-34.9823,-8.0348],[-34.9835,-8.0349],[-34.9847,-8.0355],[-34.986,-8.0367],[-34.9873,-8.0362],[-34.9885,-8.0351],[-34.9896,-8.0337],[-34.9902,-8.0327],[-34.9909,-8.0323],[-34.9912,-8.0314],[-34.9909,-8.031],[-34.9911,-8.0302],[-34.9898,-8.0299],[-34.9896,-8.0314],[-34.9865,-8.0311],[-34.9858,-8.0308],[-34.9844,-8.0292],[-34.9847,-8.029],[-34.9847,-8.0275],[-34.985,-8.0257],[-34.9832,-8.0252],[-34.983,-8.0259],[-34.9813,-8.0255],[-34.9808,-8.028],[-34.9811,-8.0296],[-34.9816,-8.0302],[-34.9813,-8.0313],[-34.9818,-8.0337],[-34.9818,-8.034],[-34.9823,-8.0348]]]}},{"type":"Feature","properties":{"c":"b105","b":105,"n":"Bairro Novo do Carmelo","m":"2603454","cx":-34.9811,"cy":-8.0208},"geometry":{"type":"Polygon","coordinates":[[[-34.983,-8.0259],[-34.9832,-8.0252],[-34.985,-8.0257],[-34.9855,-8.0235],[-34.9868,-8.0237],[-34.9869,-8.0232],[-34.9876,-8.0231],[-34.9877,-8.0217],[-34.9863,-8.0214],[-34.9866,-8.0195],[-34.9857,-8.0175],[-34.9858,-8.0168],[-34.9845,-8.0166],[-34.9846,-8.0161],[-34.9836,-8.0153],[-34.9832,-8.0159],[-34.983,-8.017],[-34.9812,-8.0162],[-34.9814,-8.0167],[-34.9815,-8.0174],[-34.9809,-8.0182],[-34.9806,-8.019],[-34.9798,-8.0188],[-34.9787,-8.0181],[-34.9783,-8.0175],[-34.9767,-8.0178],[-34.975,-8.0193],[-34.9755,-8.0196],[-34.9763,-8.0197],[-34.9764,-8.0203],[-34.9757,-8.0203],[-34.9759,-8.022],[-34.9752,-8.0222],[-34.9749,-8.0236],[-34.9739,-8.0256],[-34.9749,-8.0259],[-34.9757,-8.0255],[-34.9773,-8.0256],[-34.9792,-8.0252],[-34.9795,-8.0246],[-34.9814,-8.025],[-34.9813,-8.0255],[-34.983,-8.0259]]]}},{"type":"Feature","properties":{"c":"b106","b":106,"n":"Bairro dos Estados","m":"2603454","cx":-34.9766,"cy":-8.0269},"geometry":{"type":"Polygon","coordinates":[[[-34.9712,-8.0214],[-34.9708,-8.0213],[-34.9697,-8.0201],[-34.969,-8.0197],[-34.9686,-8.02],[-34.9665,-8.0209],[-34.966,-8.021],[-34.9665,-8.0221],[-34.9671,-8.0225],[-34.968,-8.0224],[-34.9684,-8.0226],[-34.9741,-8.0293],[-34.9748,-8.0299],[-34.9754,-8.0298],[-34.9761,-8.0289],[-34.9768,-8.029],[-34.9772,-8.0293],[-34.9787,-8.0294],[-34.9797,-8.0307],[-34.9802,-8.0319],[-34.9799,-8.0327],[-34.9818,-8.034],[-34.9818,-8.0337],[-34.9813,-8.0313],[-34.9816,-8.0302],[-34.9811,-8.0296],[-34.9808,-8.028],[-34.9813,-8.0255],[-34.9814,-8.025],[-34.9795,-8.0246],[-34.9792,-8.0252],[-34.9773,-8.0256],[-34.9757,-8.0255],[-34.9749,-8.0259],[-34.9739,-8.0256],[-34.9749,-8.0236],[-34.9712,-8.0214]]]}},{"type":"Feature","properties":{"c":"b107","b":107,"n":"Borralho","m":"2603454","cx":-35.0002,"cy":-7.9862},"geometry":{"type":"Polygon","coordinates":[[[-34.9807,-7.9921],[-34.9811,-7.9916],[-34.983,-7.9902],[-34.9836,-7.9911],[-34.984,-7.99],[-34.9862,-7.9923],[-34.9839,-7.9947],[-34.9837,-7.9932],[-34.9832,-7.9952],[-34.9828,-7.9951],[-34.983,-7.9956],[-34.9829,-7.9967],[-34.9827,-7.9968],[-34.9841,-7.9979],[-34.9844,-7.9986],[-34.9844,-7.9998],[-34.9855,-8.0004],[-34.9864,-8.0005],[-34.9875,-7.9995],[-34.9874,-7.9991],[-34.988,-7.9989],[-34.989,-7.9991],[-34.9896,-7.9996],[-34.9899,-7.9993],[-34.9908,-7.999],[-34.991,-7.9986],[-34.9924,-7.9977],[-34.9931,-7.9965],[-34.9935,-7.9968],[-34.9946,-7.997],[-34.9957,-7.9947],[-34.9964,-7.9939],[-34.9972,-7.9922],[-34.9979,-7.9919],[-34.9986,-7.9923],[-34.9984,-7.9926],[-35.0008,-7.9966],[-35.0004,-7.9985],[-35.0006,-7.9983],[-35.0011,-7.998],[-35.0047,-7.9976],[-35.0062,-7.9971],[-35.008,-7.9969],[-35.0104,-7.997],[-35.0106,-7.9965],[-35.0106,-7.9953],[-35.012,-7.9955],[-35.0128,-7.9961],[-35.0134,-7.9963],[-35.0134,-7.9985],[-35.0139,-7.9983],[-35.0144,-7.999],[-35.0159,-7.9934],[-35.0166,-7.9909],[-35.0168,-7.9902],[-35.0087,-7.972],[-35.0086,-7.9719],[-35.0078,-7.9723],[-35.0075,-7.9728],[-35.0073,-7.9737],[-35.0068,-7.9746],[-35.0062,-7.975],[-35.0053,-7.9772],[-35.005,-7.9782],[-35.0046,-7.9792],[-35.0049,-7.9801],[-35.0047,-7.9807],[-35.0053,-7.9814],[-35.0053,-7.982],[-35.0048,-7.9829],[-35.0047,-7.9844],[-35.004,-7.9848],[-35.004,-7.9841],[-35.0033,-7.9826],[-35.0033,-7.9812],[-35.0026,-7.9803],[-35.0011,-7.9781],[-34.9974,-7.9748],[-34.9964,-7.9759],[-34.9956,-7.976],[-34.994,-7.9752],[-34.9933,-7.9751],[-34.9926,-7.9752],[-34.9919,-7.9761],[-34.991,-7.976],[-34.987,-7.9736],[-34.9862,-7.9735],[-34.9839,-7.9734],[-34.9839,-7.9749],[-34.9843,-7.9772],[-34.9849,-7.9804],[-34.9848,-7.9806],[-34.9852,-7.9823],[-34.9852,-7.9836],[-34.9854,-7.986],[-34.9852,-7.9864],[-34.9844,-7.9853],[-34.9841,-7.9851],[-34.9832,-7.9851],[-34.9807,-7.984],[-34.9806,-7.9843],[-34.9809,-7.9855],[-34.9807,-7.9856],[-34.9802,-7.9849],[-34.9792,-7.9855],[-34.9796,-7.9865],[-34.9791,-7.9867],[-34.9787,-7.9872],[-34.979,-7.988],[-34.9789,-7.989],[-34.9786,-7.9896],[-34.9789,-7.9909],[-34.9792,-7.9913],[-34.9801,-7.9918],[-34.9807,-7.9921]]]}},{"type":"Feature","properties":{"c":"b108","b":108,"n":"Celeiro das Alegrias Futuras","m":"2603454","cx":-34.995,"cy":-8.0107},"geometry":{"type":"Polygon","coordinates":[[[-34.9919,-8.0111],[-34.9922,-8.0116],[-34.9925,-8.0125],[-34.9936,-8.0124],[-34.9938,-8.013],[-34.9948,-8.0135],[-34.9945,-8.0146],[-34.9949,-8.0154],[-34.995,-8.0167],[-34.9952,-8.0175],[-34.9958,-8.0188],[-34.9946,-8.0193],[-34.9943,-8.0196],[-34.9958,-8.02],[-34.9972,-8.0197],[-34.998,-8.019],[-34.9988,-8.018],[-35.0009,-8.0167],[-34.9998,-8.0145],[-35.0001,-8.0144],[-34.9984,-8.0114],[-34.998,-8.0103],[-34.9984,-8.0101],[-34.9976,-8.0085],[-34.9974,-8.0086],[-34.9966,-8.007],[-34.9965,-8.007],[-34.995,-8.0039],[-34.9954,-8.0037],[-34.9951,-8.0031],[-34.9955,-8.0029],[-34.9953,-8.0024],[-34.9945,-8.0019],[-34.9948,-8.0032],[-34.9944,-8.0042],[-34.9949,-8.0064],[-34.9944,-8.0077],[-34.9944,-8.0088],[-34.9932,-8.0095],[-34.9921,-8.0103],[-34.9915,-8.0114],[-34.9919,-8.0111]]]}},{"type":"Feature","properties":{"c":"b109","b":109,"n":"Céu Azul","m":"2603454","cx":-34.9918,"cy":-8.0025},"geometry":{"type":"Polygon","coordinates":[[[-34.9921,-8.0103],[-34.9932,-8.0095],[-34.9944,-8.0088],[-34.9944,-8.0077],[-34.9949,-8.0064],[-34.9944,-8.0042],[-34.9948,-8.0032],[-34.9945,-8.0019],[-34.9954,-8.0004],[-34.9974,-7.9997],[-34.9981,-7.9997],[-34.9987,-7.999],[-34.9993,-7.9989],[-34.9997,-7.9991],[-35.0004,-7.9985],[-35.0008,-7.9966],[-34.9984,-7.9926],[-34.9986,-7.9923],[-34.9979,-7.9919],[-34.9972,-7.9922],[-34.9964,-7.9939],[-34.9957,-7.9947],[-34.9946,-7.997],[-34.9935,-7.9968],[-34.9931,-7.9965],[-34.9924,-7.9977],[-34.991,-7.9986],[-34.9908,-7.999],[-34.9917,-7.9994],[-34.9928,-8.0007],[-34.992,-8.0012],[-34.9863,-8.0037],[-34.9866,-8.0048],[-34.9872,-8.0049],[-34.9884,-8.0053],[-34.9885,-8.0056],[-34.9881,-8.0064],[-34.9887,-8.0075],[-34.9899,-8.0085],[-34.9903,-8.0092],[-34.99,-8.0099],[-34.99,-8.0114],[-34.991,-8.0121],[-34.9915,-8.0114],[-34.9921,-8.0103]]]}},{"type":"Feature","properties":{"c":"b110","b":110,"n":"Estação Nova","m":"2603454","cx":-35.0015,"cy":-8.0205},"geometry":{"type":"Polygon","coordinates":[[[-35.0019,-8.0243],[-35.0039,-8.0209],[-35.0063,-8.0188],[-35.0066,-8.0187],[-35.0024,-8.0183],[-35.0022,-8.0181],[-35.0018,-8.0185],[-35.0009,-8.0167],[-34.9988,-8.018],[-34.998,-8.019],[-34.9987,-8.0203],[-34.9986,-8.0208],[-35.0003,-8.0248],[-35.0008,-8.0247],[-35.0019,-8.0243]]]}},{"type":"Feature","properties":{"c":"b111","b":111,"n":"Jardim Primavera","m":"2603454","cx":-34.9674,"cy":-8.0125},"geometry":{"type":"Polygon","coordinates":[[[-34.9677,-8.0157],[-34.9685,-8.0159],[-34.9692,-8.0152],[-34.9699,-8.0148],[-34.9702,-8.014],[-34.9709,-8.0129],[-34.9716,-8.0134],[-34.9724,-8.0129],[-34.9719,-8.013],[-34.9703,-8.0121],[-34.968,-8.0104],[-34.9671,-8.0098],[-34.9657,-8.0092],[-34.9649,-8.0084],[-34.9644,-8.0083],[-34.9644,-8.0089],[-34.9628,-8.0171],[-34.9645,-8.0168],[-34.9656,-8.0163],[-34.9664,-8.0161],[-34.9677,-8.0157]]]}},{"type":"Feature","properties":{"c":"b112","b":112,"n":"João Paulo II","m":"2603454","cx":-35.0019,"cy":-8.0083},"geometry":{"type":"Polygon","coordinates":[[[-35.0059,-8.0153],[-35.0059,-8.0152],[-35.0041,-8.0113],[-35.0034,-8.0095],[-35.0047,-8.0096],[-35.0063,-8.0094],[-35.0059,-8.0087],[-35.0054,-8.0086],[-35.005,-8.0079],[-35.0048,-8.007],[-35.0041,-8.0052],[-35.0029,-8.0058],[-35.0025,-8.0054],[-35.0021,-8.0044],[-35.0022,-8.0039],[-35.0026,-8.0037],[-35.0022,-8.0016],[-35.0017,-8.0015],[-35.0012,-8.0002],[-35.0011,-7.9995],[-35.0006,-7.9983],[-35.0004,-7.9985],[-34.9997,-7.9991],[-34.9993,-7.9989],[-34.9987,-7.999],[-34.9981,-7.9997],[-34.9974,-7.9997],[-34.9954,-8.0004],[-34.9978,-8.0056],[-34.9985,-8.0053],[-34.999,-8.0058],[-34.9994,-8.0076],[-34.9985,-8.008],[-34.9993,-8.0097],[-34.9995,-8.0096],[-35.0,-8.011],[-35.0002,-8.0108],[-35.0009,-8.0124],[-35.0014,-8.0137],[-35.0001,-8.0144],[-34.9998,-8.0145],[-35.0009,-8.0167],[-35.0018,-8.0185],[-35.0022,-8.0181],[-35.0059,-8.0153]]]}},{"type":"Feature","properties":{"c":"b113","b":113,"n":"Nazaré","m":"2603454","cx":-34.9663,"cy":-8.0187},"geometry":{"type":"Polygon","coordinates":[[[-34.9619,-8.0214],[-34.9655,-8.0198],[-34.966,-8.021],[-34.9665,-8.0209],[-34.9686,-8.02],[-34.969,-8.0197],[-34.9702,-8.0188],[-34.97,-8.0186],[-34.969,-8.0176],[-34.968,-8.0169],[-34.9664,-8.0161],[-34.9656,-8.0163],[-34.9645,-8.0168],[-34.9628,-8.0171],[-34.9621,-8.0207],[-34.9619,-8.0214]]]}},{"type":"Feature","properties":{"c":"b114","b":114,"n":"Oitenta","m":"2603454","cx":-34.965,"cy":-7.9743},"geometry":{"type":"Polygon","coordinates":[[[-34.9747,-7.9689],[-34.9734,-7.9697],[-34.9722,-7.9718],[-34.9709,-7.9716],[-34.9703,-7.9717],[-34.9685,-7.9723],[-34.9678,-7.9726],[-34.966,-7.9731],[-34.9655,-7.9736],[-34.9635,-7.9737],[-34.9631,-7.974],[-34.9621,-7.9741],[-34.9615,-7.9746],[-34.9612,-7.9756],[-34.962,-7.977],[-34.9624,-7.977],[-34.9626,-7.9777],[-34.9639,-7.9773],[-34.965,-7.9784],[-34.9653,-7.9785],[-34.9664,-7.9803],[-34.967,-7.9799],[-34.9672,-7.9802],[-34.9683,-7.9798],[-34.968,-7.9787],[-34.9685,-7.9783],[-34.9689,-7.9774],[-34.9681,-7.9774],[-34.9675,-7.9769],[-34.9675,-7.9764],[-34.9681,-7.9748],[-34.9687,-7.9725],[-34.9707,-7.9729],[-34.9743,-7.9739],[-34.9751,-7.9712],[-34.9744,-7.9709],[-34.9752,-7.9688],[-34.9747,-7.9689]]]}},{"type":"Feature","properties":{"c":"b115","b":115,"n":"Santa Mônica","m":"2603454","cx":-35.0045,"cy":-8.0314},"geometry":{"type":"Polygon","coordinates":[[[-35.0003,-8.0248],[-34.997,-8.0268],[-34.9965,-8.028],[-34.9959,-8.029],[-34.9955,-8.0299],[-34.9956,-8.031],[-34.9959,-8.0318],[-34.9958,-8.0332],[-34.9962,-8.0336],[-34.996,-8.0349],[-34.9965,-8.0353],[-34.9963,-8.0358],[-34.9961,-8.0369],[-34.9968,-8.0357],[-34.9983,-8.035],[-34.9987,-8.0351],[-35.0008,-8.0347],[-35.0023,-8.0349],[-35.0066,-8.0363],[-35.0094,-8.0377],[-35.0101,-8.0379],[-35.0108,-8.0377],[-35.012,-8.0364],[-35.0124,-8.0356],[-35.0128,-8.0341],[-35.0131,-8.0323],[-35.0139,-8.0286],[-35.0136,-8.029],[-35.0126,-8.0283],[-35.0125,-8.0278],[-35.0117,-8.0269],[-35.0103,-8.0264],[-35.01,-8.0271],[-35.0086,-8.0266],[-35.008,-8.0266],[-35.0075,-8.0263],[-35.0073,-8.0256],[-35.0067,-8.0257],[-35.0056,-8.0257],[-35.0054,-8.0263],[-35.0045,-8.0266],[-35.0017,-8.0273],[-35.0014,-8.0268],[-35.0008,-8.0247],[-35.0003,-8.0248]]]}},{"type":"Feature","properties":{"c":"b116","b":116,"n":"Santa Tereza","m":"2603454","cx":-34.998,"cy":-8.0073},"geometry":{"type":"Polygon","coordinates":[[[-34.9945,-8.0019],[-34.9953,-8.0024],[-34.9955,-8.0029],[-34.9951,-8.0031],[-34.9954,-8.0037],[-34.995,-8.0039],[-34.9965,-8.007],[-34.9966,-8.007],[-34.9974,-8.0086],[-34.9976,-8.0085],[-34.9984,-8.0101],[-34.998,-8.0103],[-34.9984,-8.0114],[-35.0001,-8.0144],[-35.0014,-8.0137],[-35.0009,-8.0124],[-35.0002,-8.0108],[-35.0,-8.011],[-34.9995,-8.0096],[-34.9993,-8.0097],[-34.9985,-8.008],[-34.9994,-8.0076],[-34.999,-8.0058],[-34.9985,-8.0053],[-34.9978,-8.0056],[-34.9954,-8.0004],[-34.9945,-8.0019]]]}},{"type":"Feature","properties":{"c":"b117","b":117,"n":"Santana","m":"2603454","cx":-35.0066,"cy":-8.0122},"geometry":{"type":"Polygon","coordinates":[[[-35.0084,-8.0106],[-35.0082,-8.0103],[-35.0081,-8.0092],[-35.0066,-8.0095],[-35.0063,-8.0094],[-35.0047,-8.0096],[-35.0034,-8.0095],[-35.0041,-8.0113],[-35.0059,-8.0152],[-35.0059,-8.0153],[-35.0088,-8.0131],[-35.0084,-8.0106]]]}},{"type":"Feature","properties":{"c":"b118","b":118,"n":"São João e São Paulo","m":"2603454","cx":-35.0076,"cy":-8.0041},"geometry":{"type":"Polygon","coordinates":[[[-35.0066,-8.0095],[-35.0081,-8.0092],[-35.0082,-8.0103],[-35.0084,-8.0106],[-35.0088,-8.0131],[-35.0112,-8.0113],[-35.0113,-8.0109],[-35.013,-8.0043],[-35.0144,-7.999],[-35.0139,-7.9983],[-35.0134,-7.9985],[-35.0134,-7.9963],[-35.0128,-7.9961],[-35.012,-7.9955],[-35.0106,-7.9953],[-35.0106,-7.9965],[-35.0104,-7.997],[-35.008,-7.9969],[-35.0062,-7.9971],[-35.0047,-7.9976],[-35.0011,-7.998],[-35.0006,-7.9983],[-35.0011,-7.9995],[-35.0012,-8.0002],[-35.0017,-8.0015],[-35.0022,-8.0016],[-35.0026,-8.0037],[-35.0022,-8.0039],[-35.0021,-8.0044],[-35.0025,-8.0054],[-35.0029,-8.0058],[-35.0041,-8.0052],[-35.0048,-8.007],[-35.005,-8.0079],[-35.0054,-8.0086],[-35.0059,-8.0087],[-35.0063,-8.0094],[-35.0066,-8.0095]]]}},{"type":"Feature","properties":{"c":"b119","b":119,"n":"São Paulo","m":"2603454","cx":-34.9744,"cy":-8.0096},"geometry":{"type":"Polygon","coordinates":[[[-34.973,-8.0116],[-34.9738,-8.0114],[-34.9743,-8.0118],[-34.9751,-8.012],[-34.9755,-8.012],[-34.9755,-8.01],[-34.9757,-8.0086],[-34.9762,-8.0089],[-34.9765,-8.0085],[-34.9738,-8.0065],[-34.9738,-8.0075],[-34.9739,-8.0082],[-34.9733,-8.0092],[-34.9725,-8.0116],[-34.9724,-8.0129],[-34.973,-8.0116]]]}},{"type":"Feature","properties":{"c":"b120","b":120,"n":"São Pedro","m":"2603454","cx":-34.9712,"cy":-8.0055},"geometry":{"type":"Polygon","coordinates":[[[-34.9742,-8.0051],[-34.9742,-8.004],[-34.9743,-8.0033],[-34.9742,-8.0023],[-34.9738,-8.0015],[-34.9719,-7.9998],[-34.9709,-7.9998],[-34.9701,-7.9994],[-34.9696,-7.9994],[-34.9683,-8.0001],[-34.9675,-8.0006],[-34.9664,-8.0005],[-34.966,-7.9995],[-34.9653,-7.999],[-34.9637,-7.9984],[-34.9632,-7.9979],[-34.9637,-8.0025],[-34.9655,-8.0044],[-34.9668,-8.0048],[-34.9676,-8.0048],[-34.9678,-8.0056],[-34.9683,-8.0054],[-34.9691,-8.0068],[-34.9685,-8.0068],[-34.9683,-8.0073],[-34.9677,-8.007],[-34.9672,-8.0072],[-34.9672,-8.0079],[-34.9675,-8.0092],[-34.9685,-8.0098],[-34.968,-8.0104],[-34.9703,-8.0121],[-34.9719,-8.013],[-34.9724,-8.0129],[-34.9725,-8.0116],[-34.9733,-8.0092],[-34.9739,-8.0082],[-34.9738,-8.0075],[-34.9738,-8.0065],[-34.9742,-8.0051]]]}},{"type":"Feature","properties":{"c":"b121","b":121,"n":"Tabatinga","m":"2603454","cx":-34.9782,"cy":-7.9973},"geometry":{"type":"Polygon","coordinates":[[[-34.9844,-7.9998],[-34.9844,-7.9986],[-34.9841,-7.9979],[-34.9827,-7.9968],[-34.9829,-7.9967],[-34.983,-7.9956],[-34.9828,-7.9951],[-34.9832,-7.9952],[-34.9837,-7.9932],[-34.9839,-7.9947],[-34.9862,-7.9923],[-34.984,-7.99],[-34.9836,-7.9911],[-34.983,-7.9902],[-34.9811,-7.9916],[-34.9807,-7.9921],[-34.9801,-7.9918],[-34.9803,-7.9925],[-34.9797,-7.9931],[-34.9786,-7.9922],[-34.9783,-7.9934],[-34.9777,-7.994],[-34.9771,-7.994],[-34.977,-7.9916],[-34.9766,-7.9908],[-34.9775,-7.9896],[-34.9767,-7.988],[-34.9755,-7.9908],[-34.9746,-7.99],[-34.9751,-7.9891],[-34.9746,-7.9887],[-34.9741,-7.9889],[-34.9735,-7.9895],[-34.9732,-7.9892],[-34.9737,-7.9883],[-34.9746,-7.9878],[-34.9756,-7.9876],[-34.9749,-7.9862],[-34.9731,-7.9873],[-34.972,-7.9893],[-34.9719,-7.9897],[-34.9721,-7.9907],[-34.9746,-7.9929],[-34.9749,-7.994],[-34.9747,-7.9944],[-34.9731,-7.9952],[-34.9729,-7.9956],[-34.973,-7.9981],[-34.9719,-7.9993],[-34.9719,-7.9998],[-34.9738,-8.0015],[-34.9742,-8.0023],[-34.9743,-8.0033],[-34.9742,-8.004],[-34.9742,-8.0051],[-34.9738,-8.0065],[-34.9765,-8.0085],[-34.977,-8.0081],[-34.977,-8.0076],[-34.9776,-8.0076],[-34.9783,-8.0068],[-34.9793,-8.0063],[-34.9797,-8.0058],[-34.9806,-8.0064],[-34.9813,-8.0065],[-34.9818,-8.0051],[-34.982,-8.0042],[-34.983,-8.0036],[-34.9834,-8.0027],[-34.9844,-8.0021],[-34.9845,-8.0014],[-34.9851,-8.0004],[-34.9855,-8.0004],[-34.9844,-7.9998]]]}},{"type":"Feature","properties":{"c":"b122","b":122,"n":"Timbi","m":"2603454","cx":-34.9917,"cy":-8.0181},"geometry":{"type":"Polygon","coordinates":[[[-34.997,-8.0268],[-35.0003,-8.0248],[-34.9986,-8.0208],[-34.9987,-8.0203],[-34.998,-8.019],[-34.9972,-8.0197],[-34.9958,-8.02],[-34.9943,-8.0196],[-34.9946,-8.0193],[-34.9958,-8.0188],[-34.9952,-8.0175],[-34.995,-8.0167],[-34.9949,-8.0154],[-34.9945,-8.0146],[-34.9948,-8.0135],[-34.9938,-8.013],[-34.9936,-8.0124],[-34.9925,-8.0125],[-34.9922,-8.0116],[-34.9919,-8.0111],[-34.9915,-8.0114],[-34.991,-8.0121],[-34.99,-8.0114],[-34.99,-8.0099],[-34.9903,-8.0092],[-34.9899,-8.0085],[-34.9887,-8.0075],[-34.9881,-8.0064],[-34.9885,-8.0056],[-34.9884,-8.0053],[-34.9872,-8.0049],[-34.9866,-8.0048],[-34.9851,-8.0044],[-34.9843,-8.0044],[-34.9861,-8.0076],[-34.9874,-8.0096],[-34.9869,-8.0098],[-34.9877,-8.01],[-34.9883,-8.0111],[-34.9882,-8.0129],[-34.9877,-8.0217],[-34.9876,-8.0231],[-34.9911,-8.0239],[-34.9908,-8.0254],[-34.9898,-8.0299],[-34.9911,-8.0302],[-34.9909,-8.031],[-34.9912,-8.0314],[-34.9927,-8.0287],[-34.9937,-8.0271],[-34.9948,-8.0276],[-34.9965,-8.028],[-34.997,-8.0268]]]}},{"type":"Feature","properties":{"c":"b123","b":123,"n":"Vale das Pedreiras","m":"2603454","cx":-34.9664,"cy":-8.0062},"geometry":{"type":"Polygon","coordinates":[[[-34.9637,-8.0029],[-34.9644,-8.0083],[-34.9649,-8.0084],[-34.9657,-8.0092],[-34.9671,-8.0098],[-34.968,-8.0104],[-34.9685,-8.0098],[-34.9675,-8.0092],[-34.9672,-8.0079],[-34.9672,-8.0072],[-34.9677,-8.007],[-34.9683,-8.0073],[-34.9685,-8.0068],[-34.9691,-8.0068],[-34.9683,-8.0054],[-34.9678,-8.0056],[-34.9676,-8.0048],[-34.9668,-8.0048],[-34.9655,-8.0044],[-34.9637,-8.0025],[-34.9637,-8.0029]]]}},{"type":"Feature","properties":{"c":"b124","b":124,"n":"Vera Cruz","m":"2603454","cx":-35.007,"cy":-7.9554},"geometry":{"type":"Polygon","coordinates":[[[-35.0064,-7.9461],[-35.0059,-7.9458],[-35.0052,-7.9467],[-35.0041,-7.9468],[-35.0033,-7.9475],[-35.0029,-7.9476],[-35.0026,-7.9472],[-35.002,-7.9471],[-35.0008,-7.9477],[-35.0006,-7.9481],[-34.9994,-7.9482],[-34.9987,-7.9485],[-34.9995,-7.9502],[-35.0037,-7.9596],[-35.0055,-7.9639],[-35.0061,-7.9652],[-35.0084,-7.963],[-35.0137,-7.9579],[-35.0125,-7.9557],[-35.0119,-7.9551],[-35.0116,-7.9542],[-35.0091,-7.9493],[-35.0074,-7.946],[-35.0071,-7.9458],[-35.0064,-7.9461]]]}},{"type":"Feature","properties":{"c":"b125","b":125,"n":"Viana","m":"2603454","cx":-34.9936,"cy":-8.0304},"geometry":{"type":"Polygon","coordinates":[[[-34.9948,-8.0276],[-34.9937,-8.0271],[-34.9927,-8.0287],[-34.9912,-8.0314],[-34.9909,-8.0323],[-34.9937,-8.032],[-34.995,-8.033],[-34.9958,-8.0332],[-34.9959,-8.0318],[-34.9956,-8.031],[-34.9955,-8.0299],[-34.9959,-8.029],[-34.9965,-8.028],[-34.9948,-8.0276]]]}},{"type":"Feature","properties":{"c":"b126","b":126,"n":"Vila da Fábrica","m":"2603454","cx":-34.9819,"cy":-8.0115},"geometry":{"type":"Polygon","coordinates":[[[-34.9836,-8.0153],[-34.9846,-8.0161],[-34.9845,-8.0166],[-34.9858,-8.0168],[-34.9857,-8.0175],[-34.9866,-8.0195],[-34.9863,-8.0214],[-34.9877,-8.0217],[-34.9882,-8.0129],[-34.9883,-8.0111],[-34.9877,-8.01],[-34.9869,-8.0098],[-34.9874,-8.0096],[-34.9861,-8.0076],[-34.9843,-8.0044],[-34.9851,-8.0044],[-34.9866,-8.0048],[-34.9863,-8.0037],[-34.992,-8.0012],[-34.9928,-8.0007],[-34.9917,-7.9994],[-34.9908,-7.999],[-34.9899,-7.9993],[-34.9896,-7.9996],[-34.989,-7.9991],[-34.988,-7.9989],[-34.9874,-7.9991],[-34.9875,-7.9995],[-34.9864,-8.0005],[-34.9855,-8.0004],[-34.9851,-8.0004],[-34.9845,-8.0014],[-34.9844,-8.0021],[-34.9834,-8.0027],[-34.983,-8.0036],[-34.982,-8.0042],[-34.9818,-8.0051],[-34.9813,-8.0065],[-34.9806,-8.0064],[-34.9797,-8.0058],[-34.9793,-8.0063],[-34.9783,-8.0068],[-34.9776,-8.0076],[-34.977,-8.0076],[-34.977,-8.0081],[-34.9765,-8.0085],[-34.9762,-8.0089],[-34.9757,-8.0086],[-34.9755,-8.01],[-34.9755,-8.012],[-34.9751,-8.012],[-34.9755,-8.0124],[-34.9737,-8.0142],[-34.973,-8.0139],[-34.973,-8.0146],[-34.9714,-8.017],[-34.97,-8.0186],[-34.9702,-8.0188],[-34.969,-8.0197],[-34.9697,-8.0201],[-34.9708,-8.0213],[-34.9712,-8.0214],[-34.9749,-8.0236],[-34.9752,-8.0222],[-34.9759,-8.022],[-34.9757,-8.0203],[-34.9764,-8.0203],[-34.9763,-8.0197],[-34.9755,-8.0196],[-34.975,-8.0193],[-34.9767,-8.0178],[-34.9783,-8.0175],[-34.9787,-8.0181],[-34.9798,-8.0188],[-34.9806,-8.019],[-34.9809,-8.0182],[-34.9815,-8.0174],[-34.9814,-8.0167],[-34.9781,-8.0151],[-34.9791,-8.014],[-34.9788,-8.0134],[-34.9796,-8.013],[-34.9806,-8.0133],[-34.9806,-8.0143],[-34.9817,-8.0149],[-34.9817,-8.0152],[-34.9824,-8.0154],[-34.9832,-8.0159],[-34.9836,-8.0153]]]}},{"type":"Feature","properties":{"c":"b127","b":127,"n":"Vila da Inabi","m":"2603454","cx":-34.9704,"cy":-8.0158},"geometry":{"type":"Polygon","coordinates":[[[-34.9724,-8.0129],[-34.9716,-8.0134],[-34.9709,-8.0129],[-34.9702,-8.014],[-34.9699,-8.0148],[-34.9692,-8.0152],[-34.9685,-8.0159],[-34.9677,-8.0157],[-34.9664,-8.0161],[-34.968,-8.0169],[-34.969,-8.0176],[-34.97,-8.0186],[-34.9714,-8.017],[-34.973,-8.0146],[-34.973,-8.0139],[-34.9724,-8.0129]]]}},{"type":"Feature","properties":{"c":"b128","b":128,"n":"ANDORINHA","m":"2604106","cx":-36.0178,"cy":-8.255},"geometry":{"type":"Polygon","coordinates":[[[-36.0081,-8.2614],[-36.0077,-8.2618],[-36.0063,-8.2625],[-36.0053,-8.2635],[-36.0046,-8.264],[-36.0064,-8.2652],[-36.007,-8.2656],[-36.0085,-8.2657],[-36.0108,-8.2661],[-36.0118,-8.266],[-36.0134,-8.2662],[-36.0132,-8.2668],[-36.0139,-8.2669],[-36.014,-8.2663],[-36.014,-8.2654],[-36.0144,-8.2641],[-36.0151,-8.2644],[-36.0159,-8.2644],[-36.017,-8.2635],[-36.0166,-8.2612],[-36.0163,-8.2606],[-36.0166,-8.2605],[-36.0173,-8.2595],[-36.0179,-8.2582],[-36.0196,-8.2562],[-36.0211,-8.2553],[-36.0218,-8.2552],[-36.0229,-8.2554],[-36.0232,-8.2553],[-36.0232,-8.2547],[-36.0241,-8.2545],[-36.0238,-8.2534],[-36.0241,-8.2532],[-36.024,-8.251],[-36.0235,-8.2498],[-36.0243,-8.2495],[-36.0243,-8.248],[-36.023,-8.2479],[-36.0226,-8.2474],[-36.0221,-8.245],[-36.0226,-8.2432],[-36.0215,-8.243],[-36.0197,-8.2438],[-36.0188,-8.2452],[-36.0173,-8.2484],[-36.0166,-8.2503],[-36.0159,-8.2513],[-36.014,-8.2526],[-36.0131,-8.2539],[-36.0127,-8.2544],[-36.0105,-8.2579],[-36.0081,-8.2614]]]}},{"type":"Feature","properties":{"c":"b129","b":129,"n":"Agamenon Magalhães","m":"2604106","cx":-36.0187,"cy":-8.3046},"geometry":{"type":"Polygon","coordinates":[[[-36.0273,-8.2977],[-36.0257,-8.2975],[-36.0247,-8.2976],[-36.0235,-8.298],[-36.0224,-8.2992],[-36.0219,-8.3006],[-36.0219,-8.3016],[-36.0214,-8.303],[-36.0201,-8.3037],[-36.0173,-8.3039],[-36.016,-8.3037],[-36.0144,-8.3032],[-36.0127,-8.3031],[-36.0119,-8.3028],[-36.0088,-8.3025],[-36.0075,-8.3018],[-36.0068,-8.3021],[-36.0063,-8.3017],[-36.0036,-8.3012],[-36.0023,-8.3008],[-36.0013,-8.3008],[-36.0001,-8.3002],[-35.9979,-8.3001],[-35.9972,-8.2998],[-35.9955,-8.2997],[-35.9933,-8.2992],[-35.9927,-8.2987],[-35.9927,-8.2979],[-35.9935,-8.2967],[-35.9942,-8.2948],[-35.9943,-8.2933],[-35.9943,-8.2921],[-35.9937,-8.2898],[-35.9929,-8.2883],[-35.9923,-8.288],[-35.9919,-8.2881],[-35.9911,-8.2892],[-35.9903,-8.2896],[-35.9882,-8.2899],[-35.9868,-8.2901],[-35.9851,-8.2908],[-35.9857,-8.2925],[-35.9863,-8.2935],[-35.9878,-8.2958],[-35.9881,-8.297],[-35.9881,-8.3002],[-35.9883,-8.303],[-35.9891,-8.3063],[-35.9899,-8.3085],[-35.9911,-8.3136],[-35.9912,-8.315],[-35.9913,-8.3203],[-35.9911,-8.321],[-35.9924,-8.3218],[-35.9943,-8.3195],[-35.9955,-8.3197],[-35.9961,-8.3193],[-35.9955,-8.3182],[-35.9958,-8.3178],[-35.9957,-8.3169],[-35.9951,-8.3155],[-35.9958,-8.3161],[-35.9967,-8.3149],[-35.9979,-8.3145],[-35.9987,-8.3139],[-35.9987,-8.3136],[-35.9998,-8.3135],[-36.0001,-8.3128],[-35.9993,-8.3114],[-35.997,-8.3107],[-35.9968,-8.3098],[-35.9962,-8.3091],[-35.9965,-8.3085],[-35.9962,-8.3062],[-35.9973,-8.3058],[-35.9975,-8.3054],[-35.9979,-8.3058],[-36.0001,-8.3069],[-36.0004,-8.3056],[-35.9995,-8.305],[-35.999,-8.3051],[-35.9993,-8.3043],[-35.9994,-8.3029],[-36.0002,-8.3025],[-36.0005,-8.3018],[-36.0079,-8.3039],[-36.0232,-8.3083],[-36.0231,-8.3094],[-36.0228,-8.3105],[-36.0216,-8.3103],[-36.0214,-8.3108],[-36.0213,-8.3129],[-36.0229,-8.3137],[-36.023,-8.3133],[-36.0241,-8.3136],[-36.0241,-8.313],[-36.0248,-8.3128],[-36.0259,-8.3131],[-36.0271,-8.3131],[-36.0277,-8.3133],[-36.0286,-8.3139],[-36.029,-8.3132],[-36.0316,-8.3144],[-36.0324,-8.3147],[-36.0336,-8.3146],[-36.0321,-8.3118],[-36.0314,-8.3097],[-36.0319,-8.3078],[-36.0289,-8.307],[-36.0275,-8.3059],[-36.027,-8.3049],[-36.0268,-8.3016],[-36.0271,-8.3004],[-36.0276,-8.2998],[-36.0276,-8.2991],[-36.028,-8.2984],[-36.0273,-8.2977]]]}},{"type":"Feature","properties":{"c":"b130","b":130,"n":"Alto do Moura","m":"2604106","cx":-36.0268,"cy":-8.2931},"geometry":{"type":"Polygon","coordinates":[[[-36.0349,-8.2907],[-36.0358,-8.2904],[-36.0355,-8.2892],[-36.0355,-8.2864],[-36.0343,-8.2857],[-36.0336,-8.2855],[-36.0335,-8.285],[-36.0321,-8.2842],[-36.0304,-8.2836],[-36.0294,-8.2835],[-36.0286,-8.2837],[-36.0259,-8.285],[-36.026,-8.2864],[-36.0266,-8.2878],[-36.0272,-8.2887],[-36.0275,-8.2901],[-36.0244,-8.2894],[-36.023,-8.2892],[-36.0208,-8.2894],[-36.0195,-8.2899],[-36.0186,-8.2899],[-36.0185,-8.2925],[-36.0179,-8.2938],[-36.0177,-8.2944],[-36.0183,-8.2959],[-36.0186,-8.2973],[-36.019,-8.3014],[-36.02,-8.3009],[-36.0212,-8.3011],[-36.0219,-8.3016],[-36.0219,-8.3006],[-36.0224,-8.2992],[-36.0235,-8.298],[-36.0247,-8.2976],[-36.0257,-8.2975],[-36.0273,-8.2977],[-36.028,-8.2984],[-36.0288,-8.2997],[-36.0292,-8.2998],[-36.0302,-8.2997],[-36.0327,-8.2999],[-36.0341,-8.2999],[-36.0355,-8.2994],[-36.036,-8.2988],[-36.0369,-8.2969],[-36.0364,-8.2953],[-36.0355,-8.2947],[-36.0354,-8.2924],[-36.0349,-8.2907]]]}},{"type":"Feature","properties":{"c":"b131","b":131,"n":"Boa Vista","m":"2604106","cx":-35.9869,"cy":-8.275},"geometry":{"type":"Polygon","coordinates":[[[-35.9901,-8.2702],[-35.9856,-8.2703],[-35.9855,-8.2696],[-35.9841,-8.2716],[-35.9822,-8.2738],[-35.982,-8.276],[-35.9832,-8.2756],[-35.9847,-8.2757],[-35.9851,-8.2761],[-35.9856,-8.2774],[-35.9855,-8.2783],[-35.9869,-8.2799],[-35.9877,-8.2804],[-35.9885,-8.2802],[-35.9897,-8.2796],[-35.9914,-8.2791],[-35.9917,-8.2783],[-35.9916,-8.2773],[-35.992,-8.2773],[-35.9917,-8.2744],[-35.9946,-8.2699],[-35.9912,-8.2703],[-35.9908,-8.2703],[-35.9901,-8.2702]]]}},{"type":"Feature","properties":{"c":"b132","b":132,"n":"CIDADE JARDIM","m":"2604106","cx":-35.9489,"cy":-8.2773},"geometry":{"type":"Polygon","coordinates":[[[-35.9464,-8.2736],[-35.9464,-8.2741],[-35.9458,-8.2741],[-35.9437,-8.2753],[-35.9427,-8.2761],[-35.943,-8.2763],[-35.9446,-8.2783],[-35.9452,-8.2788],[-35.9471,-8.28],[-35.9496,-8.2808],[-35.9499,-8.2807],[-35.9511,-8.2811],[-35.9519,-8.2812],[-35.954,-8.2803],[-35.9539,-8.2753],[-35.9528,-8.2754],[-35.9529,-8.2739],[-35.9539,-8.2739],[-35.9539,-8.2733],[-35.9526,-8.2733],[-35.9517,-8.2733],[-35.9516,-8.2739],[-35.9512,-8.2739],[-35.9505,-8.2729],[-35.9501,-8.2734],[-35.9466,-8.2736],[-35.9464,-8.2736]]]}},{"type":"Feature","properties":{"c":"b133","b":133,"n":"Caiuca","m":"2604106","cx":-35.9847,"cy":-8.2833},"geometry":{"type":"Polygon","coordinates":[[[-35.9839,-8.2871],[-35.9842,-8.2882],[-35.9851,-8.2908],[-35.9868,-8.2901],[-35.9882,-8.2899],[-35.9882,-8.2884],[-35.9891,-8.2876],[-35.9881,-8.2859],[-35.9871,-8.2835],[-35.9871,-8.2831],[-35.9867,-8.2827],[-35.986,-8.2827],[-35.9851,-8.283],[-35.9848,-8.2828],[-35.9832,-8.283],[-35.9827,-8.2825],[-35.9828,-8.2808],[-35.9831,-8.2795],[-35.9828,-8.2791],[-35.9835,-8.2785],[-35.984,-8.2777],[-35.9845,-8.2774],[-35.9847,-8.2766],[-35.9851,-8.2761],[-35.9847,-8.2757],[-35.9832,-8.2756],[-35.982,-8.276],[-35.9812,-8.2813],[-35.9813,-8.2822],[-35.9818,-8.2829],[-35.9831,-8.2839],[-35.9837,-8.2852],[-35.9839,-8.2871]]]}},{"type":"Feature","properties":{"c":"b134","b":134,"n":"Cedro","m":"2604106","cx":-35.9462,"cy":-8.2805},"geometry":{"type":"Polygon","coordinates":[[[-35.954,-8.2803],[-35.9519,-8.2812],[-35.9511,-8.2811],[-35.9499,-8.2807],[-35.9496,-8.2808],[-35.9471,-8.28],[-35.9452,-8.2788],[-35.9446,-8.2783],[-35.943,-8.2763],[-35.9427,-8.2761],[-35.9421,-8.276],[-35.9413,-8.2762],[-35.9414,-8.2763],[-35.9409,-8.278],[-35.9399,-8.2792],[-35.9395,-8.2801],[-35.9398,-8.2803],[-35.9406,-8.2794],[-35.9418,-8.279],[-35.9433,-8.2798],[-35.9444,-8.2815],[-35.9448,-8.2833],[-35.9453,-8.2838],[-35.9467,-8.2838],[-35.9474,-8.2832],[-35.9483,-8.2827],[-35.9489,-8.2827],[-35.9513,-8.2833],[-35.9523,-8.2844],[-35.9531,-8.2847],[-35.9534,-8.2834],[-35.954,-8.2823],[-35.9549,-8.2803],[-35.954,-8.2803]]]}},{"type":"Feature","properties":{"c":"b135","b":135,"n":"Centenário","m":"2604106","cx":-35.9811,"cy":-8.2836},"geometry":{"type":"Polygon","coordinates":[[[-35.9754,-8.2825],[-35.9757,-8.2835],[-35.9766,-8.283],[-35.9781,-8.2832],[-35.9798,-8.2838],[-35.9798,-8.2849],[-35.9801,-8.2853],[-35.9837,-8.2852],[-35.9831,-8.2839],[-35.9818,-8.2829],[-35.9813,-8.2822],[-35.9781,-8.2821],[-35.977,-8.282],[-35.9757,-8.2823],[-35.9754,-8.2825]]]}},{"type":"Feature","properties":{"c":"b136","b":136,"n":"Cidade Alta","m":"2604106","cx":-35.9832,"cy":-8.3143},"geometry":{"type":"Polygon","coordinates":[[[-35.9689,-8.3049],[-35.9675,-8.3051],[-35.965,-8.3058],[-35.9675,-8.3084],[-35.9684,-8.3091],[-35.9713,-8.3104],[-35.9734,-8.3114],[-35.9738,-8.3118],[-35.976,-8.3157],[-35.9766,-8.3162],[-35.9793,-8.3175],[-35.9799,-8.3182],[-35.9812,-8.3217],[-35.9818,-8.3251],[-35.9821,-8.3261],[-35.9829,-8.3276],[-35.9835,-8.3284],[-35.985,-8.3269],[-35.9871,-8.3251],[-35.9906,-8.3218],[-35.9911,-8.321],[-35.9913,-8.3203],[-35.9912,-8.315],[-35.9911,-8.3136],[-35.9899,-8.3085],[-35.9891,-8.3063],[-35.9883,-8.303],[-35.9881,-8.3002],[-35.986,-8.3008],[-35.9795,-8.3023],[-35.9719,-8.3042],[-35.9689,-8.3049]]]}},{"type":"Feature","properties":{"c":"b137","b":137,"n":"DEPUTADO JOSÉ ANTÔNIO LIBERATO","m":"2604106","cx":-35.9424,"cy":-8.2877},"geometry":{"type":"Polygon","coordinates":[[[-35.9474,-8.2903],[-35.9488,-8.2897],[-35.9481,-8.2888],[-35.9486,-8.2873],[-35.9501,-8.289],[-35.9508,-8.2887],[-35.9531,-8.2891],[-35.9534,-8.2881],[-35.9538,-8.2856],[-35.9531,-8.2847],[-35.9523,-8.2844],[-35.9513,-8.2833],[-35.9489,-8.2827],[-35.9483,-8.2827],[-35.9474,-8.2832],[-35.9467,-8.2838],[-35.9453,-8.2838],[-35.9448,-8.2833],[-35.9444,-8.2815],[-35.9433,-8.2798],[-35.9418,-8.279],[-35.9406,-8.2794],[-35.9398,-8.2803],[-35.9397,-8.2807],[-35.9401,-8.2812],[-35.9403,-8.2829],[-35.94,-8.2842],[-35.9395,-8.2846],[-35.9385,-8.2847],[-35.9371,-8.2856],[-35.9361,-8.2863],[-35.9356,-8.2863],[-35.9361,-8.2873],[-35.9368,-8.2883],[-35.9402,-8.2916],[-35.9411,-8.2931],[-35.9413,-8.2941],[-35.9412,-8.2952],[-35.941,-8.2961],[-35.9419,-8.2945],[-35.9425,-8.2937],[-35.9434,-8.2929],[-35.9449,-8.292],[-35.9458,-8.2917],[-35.9467,-8.2916],[-35.9474,-8.2903]]]}},{"type":"Feature","properties":{"c":"b138","b":138,"n":"Divinópolis","m":"2604106","cx":-35.9781,"cy":-8.2799},"geometry":{"type":"Polygon","coordinates":[[[-35.9812,-8.2813],[-35.982,-8.276],[-35.981,-8.2762],[-35.9795,-8.276],[-35.9787,-8.2761],[-35.9769,-8.2774],[-35.9755,-8.2787],[-35.9739,-8.2812],[-35.9751,-8.2823],[-35.9757,-8.2823],[-35.977,-8.282],[-35.9781,-8.2821],[-35.9813,-8.2822],[-35.9812,-8.2813]]]}},{"type":"Feature","properties":{"c":"b139","b":139,"n":"Indianópolis","m":"2604106","cx":-35.955,"cy":-8.2918},"geometry":{"type":"Polygon","coordinates":[[[-35.9567,-8.2968],[-35.9563,-8.2961],[-35.9561,-8.2941],[-35.959,-8.2932],[-35.9628,-8.2921],[-35.9639,-8.2916],[-35.9661,-8.291],[-35.9665,-8.2907],[-35.9654,-8.2901],[-35.965,-8.2894],[-35.9647,-8.2879],[-35.9639,-8.2864],[-35.9638,-8.2859],[-35.9631,-8.2843],[-35.9626,-8.2837],[-35.9616,-8.2833],[-35.9599,-8.2836],[-35.959,-8.2832],[-35.9577,-8.2831],[-35.9564,-8.2839],[-35.9555,-8.2848],[-35.955,-8.2858],[-35.9542,-8.286],[-35.9538,-8.2856],[-35.9534,-8.2881],[-35.9531,-8.2891],[-35.9508,-8.2887],[-35.9501,-8.289],[-35.9486,-8.2873],[-35.9481,-8.2888],[-35.9488,-8.2897],[-35.9474,-8.2903],[-35.9467,-8.2916],[-35.9459,-8.2931],[-35.9476,-8.2941],[-35.9463,-8.2962],[-35.947,-8.2963],[-35.9502,-8.2964],[-35.9501,-8.3001],[-35.9521,-8.3007],[-35.9548,-8.301],[-35.9569,-8.2998],[-35.9588,-8.299],[-35.9567,-8.2968]]]}},{"type":"Feature","properties":{"c":"b140","b":140,"n":"JARDIM PANORAMA","m":"2604106","cx":-35.9888,"cy":-8.2665},"geometry":{"type":"Polygon","coordinates":[[[-35.9909,-8.2688],[-35.9903,-8.2624],[-35.989,-8.2634],[-35.9874,-8.2648],[-35.9869,-8.266],[-35.9869,-8.267],[-35.9855,-8.2696],[-35.9856,-8.2703],[-35.9901,-8.2702],[-35.9908,-8.2703],[-35.9909,-8.2688]]]}},{"type":"Feature","properties":{"c":"b141","b":141,"n":"JOSÉ CARLOS DE OLIVEIRA","m":"2604106","cx":-36.0107,"cy":-8.2718},"geometry":{"type":"Polygon","coordinates":[[[-36.0108,-8.2782],[-36.0115,-8.277],[-36.0135,-8.2743],[-36.0145,-8.2734],[-36.0157,-8.2727],[-36.0177,-8.2721],[-36.0186,-8.2716],[-36.0184,-8.2709],[-36.0174,-8.2674],[-36.0174,-8.2669],[-36.0147,-8.267],[-36.0147,-8.2663],[-36.014,-8.2663],[-36.0139,-8.2669],[-36.0132,-8.2668],[-36.0134,-8.2662],[-36.0118,-8.266],[-36.0108,-8.2661],[-36.0085,-8.2657],[-36.007,-8.2656],[-36.0064,-8.2652],[-36.0061,-8.2676],[-36.0074,-8.2677],[-36.0073,-8.2686],[-36.0055,-8.2684],[-36.0036,-8.2715],[-36.0027,-8.2727],[-36.002,-8.2758],[-36.0023,-8.2759],[-36.0025,-8.2789],[-36.01,-8.2783],[-36.0104,-8.2785],[-36.0108,-8.2782]]]}},{"type":"Feature","properties":{"c":"b142","b":142,"n":"Jardim Boa Vista","m":"2604106","cx":-35.9981,"cy":-8.263},"geometry":{"type":"Polygon","coordinates":[[[-35.9903,-8.2624],[-35.9909,-8.2688],[-35.9908,-8.2703],[-35.9912,-8.2703],[-35.9946,-8.2699],[-35.9953,-8.2695],[-35.9966,-8.2685],[-35.9989,-8.2669],[-36.0015,-8.2652],[-36.0034,-8.2647],[-36.0046,-8.264],[-36.0053,-8.2635],[-36.0063,-8.2625],[-36.0077,-8.2618],[-36.0081,-8.2614],[-36.0105,-8.2579],[-36.0081,-8.2585],[-36.0064,-8.2588],[-36.0045,-8.2592],[-36.0031,-8.26],[-36.0022,-8.2609],[-36.0019,-8.2597],[-35.9994,-8.2581],[-35.9977,-8.2556],[-35.9967,-8.2563],[-35.9937,-8.2581],[-35.9932,-8.2584],[-35.9915,-8.2613],[-35.9903,-8.2624]]]}},{"type":"Feature","properties":{"c":"b143","b":143,"n":"João Mota","m":"2604106","cx":-35.9848,"cy":-8.2795},"geometry":{"type":"Polygon","coordinates":[[[-35.9914,-8.2791],[-35.9897,-8.2796],[-35.9885,-8.2802],[-35.9877,-8.2804],[-35.9869,-8.2799],[-35.9855,-8.2783],[-35.9856,-8.2774],[-35.9851,-8.2761],[-35.9847,-8.2766],[-35.9845,-8.2774],[-35.984,-8.2777],[-35.9835,-8.2785],[-35.9828,-8.2791],[-35.9831,-8.2795],[-35.9828,-8.2808],[-35.9827,-8.2825],[-35.9832,-8.283],[-35.9848,-8.2828],[-35.9851,-8.283],[-35.986,-8.2827],[-35.9867,-8.2827],[-35.9871,-8.2831],[-35.9879,-8.2821],[-35.9911,-8.2812],[-35.991,-8.2794],[-35.9914,-8.2792],[-35.9914,-8.2791]]]}},{"type":"Feature","properties":{"c":"b144","b":144,"n":"Luiz Gonzaga","m":"2604106","cx":-35.9734,"cy":-8.2378},"geometry":{"type":"MultiPolygon","coordinates":[[[[-35.9745,-8.2526],[-35.9751,-8.2522],[-35.975,-8.2508],[-35.9751,-8.2486],[-35.9751,-8.2456],[-35.9753,-8.2431],[-35.9756,-8.2373],[-35.9761,-8.2359],[-35.9769,-8.2342],[-35.9785,-8.2307],[-35.9787,-8.2294],[-35.9787,-8.229],[-35.9778,-8.2263],[-35.9772,-8.2243],[-35.976,-8.2215],[-35.9756,-8.2203],[-35.9742,-8.2205],[-35.9726,-8.2209],[-35.9722,-8.2209],[-35.9734,-8.2297],[-35.9735,-8.231],[-35.9738,-8.2327],[-35.974,-8.2344],[-35.9743,-8.2358],[-35.9713,-8.2363],[-35.9711,-8.2364],[-35.9714,-8.2384],[-35.9713,-8.2408],[-35.9713,-8.2442],[-35.971,-8.2465],[-35.9666,-8.2481],[-35.9661,-8.2469],[-35.9643,-8.2474],[-35.9639,-8.2477],[-35.9627,-8.248],[-35.9627,-8.2503],[-35.9629,-8.2519],[-35.9638,-8.2529],[-35.9652,-8.2551],[-35.9695,-8.2539],[-35.9745,-8.2526]]],[[[-35.9546,-8.2578],[-35.9557,-8.2577],[-35.9579,-8.2571],[-35.9577,-8.2564],[-35.9581,-8.2523],[-35.9583,-8.2516],[-35.958,-8.2518],[-35.9577,-8.2513],[-35.9566,-8.2512],[-35.9567,-8.2485],[-35.9552,-8.2483],[-35.9543,-8.2495],[-35.9546,-8.2509],[-35.9544,-8.2567],[-35.9541,-8.2576],[-35.9546,-8.2578]]]]}},{"type":"Feature","properties":{"c":"b145","b":145,"n":"MANOEL BEZERRA LOPES (NEZINHO DA CIPAN)","m":"2604106","cx":-35.9463,"cy":-8.2999},"geometry":{"type":"Polygon","coordinates":[[[-35.9613,-8.3067],[-35.965,-8.3058],[-35.9604,-8.3008],[-35.9588,-8.299],[-35.9569,-8.2998],[-35.9548,-8.301],[-35.9521,-8.3007],[-35.9501,-8.3001],[-35.9502,-8.2964],[-35.947,-8.2963],[-35.9463,-8.2962],[-35.9476,-8.2941],[-35.9459,-8.2931],[-35.9467,-8.2916],[-35.9458,-8.2917],[-35.9449,-8.292],[-35.9434,-8.2929],[-35.9425,-8.2937],[-35.9419,-8.2945],[-35.941,-8.2961],[-35.94,-8.2979],[-35.941,-8.2981],[-35.9415,-8.2985],[-35.9418,-8.2992],[-35.9426,-8.3],[-35.9435,-8.3003],[-35.9436,-8.3008],[-35.943,-8.3015],[-35.9423,-8.3018],[-35.9422,-8.3027],[-35.9428,-8.3038],[-35.944,-8.3044],[-35.945,-8.3046],[-35.9453,-8.3051],[-35.946,-8.3047],[-35.9462,-8.3041],[-35.9478,-8.3057],[-35.9483,-8.306],[-35.9496,-8.3059],[-35.9512,-8.3068],[-35.9515,-8.3077],[-35.9523,-8.3075],[-35.9528,-8.3072],[-35.9532,-8.3073],[-35.9541,-8.3069],[-35.9556,-8.3081],[-35.9566,-8.3078],[-35.9613,-8.3067]]]}},{"type":"Feature","properties":{"c":"b146","b":146,"n":"MARIA AUXILIADORA","m":"2604106","cx":-35.9982,"cy":-8.2721},"geometry":{"type":"Polygon","coordinates":[[[-36.0027,-8.2727],[-36.0036,-8.2715],[-36.0055,-8.2684],[-36.0073,-8.2686],[-36.0074,-8.2677],[-36.0061,-8.2676],[-36.0064,-8.2652],[-36.0046,-8.264],[-36.0034,-8.2647],[-36.0015,-8.2652],[-35.9989,-8.2669],[-35.9966,-8.2685],[-35.9953,-8.2695],[-35.9946,-8.2699],[-35.9917,-8.2744],[-35.992,-8.2773],[-35.9916,-8.2773],[-35.9917,-8.2783],[-35.9914,-8.2791],[-35.9914,-8.2792],[-35.9934,-8.2786],[-35.9952,-8.2793],[-35.9969,-8.2788],[-35.9972,-8.278],[-35.9977,-8.2773],[-35.9976,-8.2764],[-35.9981,-8.2758],[-35.9985,-8.276],[-36.0018,-8.276],[-36.002,-8.2758],[-36.0027,-8.2727]]]}},{"type":"Feature","properties":{"c":"b147","b":147,"n":"Maurício de Nassau","m":"2604106","cx":-35.9743,"cy":-8.2666},"geometry":{"type":"Polygon","coordinates":[[[-35.9755,-8.2787],[-35.9769,-8.2774],[-35.9787,-8.2761],[-35.9795,-8.276],[-35.981,-8.2762],[-35.982,-8.276],[-35.9822,-8.2738],[-35.982,-8.2725],[-35.9816,-8.2719],[-35.9768,-8.2641],[-35.9763,-8.2631],[-35.9761,-8.2621],[-35.9751,-8.2522],[-35.9745,-8.2526],[-35.9695,-8.2539],[-35.9691,-8.2572],[-35.9694,-8.2583],[-35.9697,-8.2588],[-35.9713,-8.2595],[-35.9714,-8.2606],[-35.9712,-8.2612],[-35.9712,-8.2623],[-35.9706,-8.2639],[-35.9707,-8.2652],[-35.9697,-8.268],[-35.9695,-8.2705],[-35.9691,-8.2717],[-35.9683,-8.2721],[-35.967,-8.2732],[-35.9665,-8.2739],[-35.9666,-8.2756],[-35.9665,-8.276],[-35.9664,-8.2765],[-35.9668,-8.2778],[-35.9666,-8.2785],[-35.966,-8.2794],[-35.9655,-8.2798],[-35.9654,-8.2801],[-35.9662,-8.2811],[-35.9666,-8.2827],[-35.9665,-8.2829],[-35.9678,-8.2833],[-35.9693,-8.2832],[-35.9731,-8.2821],[-35.9739,-8.2812],[-35.9755,-8.2787]]]}},{"type":"Feature","properties":{"c":"b148","b":148,"n":"Morro do Bom Jesus","m":"2604106","cx":-35.9769,"cy":-8.2855},"geometry":{"type":"Polygon","coordinates":[[[-35.9798,-8.2838],[-35.9781,-8.2832],[-35.9766,-8.283],[-35.9757,-8.2835],[-35.9749,-8.2839],[-35.9745,-8.2839],[-35.9742,-8.2851],[-35.9739,-8.285],[-35.9742,-8.2859],[-35.9749,-8.2867],[-35.9769,-8.2874],[-35.9786,-8.2875],[-35.9786,-8.2869],[-35.9797,-8.2867],[-35.9798,-8.2849],[-35.9798,-8.2838]]]}},{"type":"Feature","properties":{"c":"b149","b":149,"n":"NINA LIBERATO","m":"2604106","cx":-36.032,"cy":-8.273},"geometry":{"type":"Polygon","coordinates":[[[-36.0366,-8.2719],[-36.0369,-8.2704],[-36.039,-8.2696],[-36.039,-8.2688],[-36.0387,-8.2685],[-36.0391,-8.2677],[-36.0368,-8.2664],[-36.0357,-8.2662],[-36.0335,-8.2671],[-36.0307,-8.2677],[-36.0286,-8.2678],[-36.0289,-8.2699],[-36.0288,-8.2712],[-36.03,-8.2714],[-36.0299,-8.2718],[-36.031,-8.2734],[-36.0311,-8.2745],[-36.0304,-8.2745],[-36.03,-8.275],[-36.0291,-8.2754],[-36.0294,-8.2768],[-36.0295,-8.2781],[-36.031,-8.2781],[-36.0315,-8.2785],[-36.0315,-8.2799],[-36.0331,-8.2799],[-36.0327,-8.2787],[-36.0324,-8.2767],[-36.0325,-8.2744],[-36.0339,-8.272],[-36.0349,-8.2726],[-36.0352,-8.2721],[-36.0366,-8.2719]]]}},{"type":"Feature","properties":{"c":"b150","b":150,"n":"NOSSA SENHORA DAS GRAÇAS","m":"2604106","cx":-36.045,"cy":-8.2942},"geometry":{"type":"MultiPolygon","coordinates":[[[[-36.0618,-8.2962],[-36.0612,-8.2958],[-36.0607,-8.295],[-36.06,-8.2975],[-36.064,-8.2983],[-36.0649,-8.299],[-36.0665,-8.2988],[-36.0671,-8.299],[-36.0677,-8.2944],[-36.0659,-8.2943],[-36.066,-8.2933],[-36.0668,-8.2923],[-36.0659,-8.2918],[-36.0645,-8.2913],[-36.0647,-8.2906],[-36.0634,-8.2906],[-36.0625,-8.2904],[-36.0624,-8.2913],[-36.0624,-8.2929],[-36.0623,-8.2943],[-36.0624,-8.2964],[-36.0618,-8.2962]]],[[[-36.0624,-8.2883],[-36.0626,-8.287],[-36.0626,-8.2852],[-36.0577,-8.2852],[-36.0572,-8.295],[-36.0573,-8.2952],[-36.0582,-8.294],[-36.0589,-8.2935],[-36.0591,-8.2906],[-36.0592,-8.2883],[-36.0624,-8.2883]]],[[[-36.0362,-8.299],[-36.0369,-8.2991],[-36.0392,-8.2989],[-36.0428,-8.3004],[-36.0433,-8.301],[-36.0444,-8.3011],[-36.0459,-8.3016],[-36.0471,-8.3016],[-36.0488,-8.3005],[-36.0499,-8.3008],[-36.053,-8.3011],[-36.0545,-8.3008],[-36.0553,-8.3011],[-36.0548,-8.3005],[-36.0545,-8.2992],[-36.0546,-8.2962],[-36.0555,-8.2952],[-36.054,-8.2937],[-36.0533,-8.2933],[-36.0513,-8.2932],[-36.0502,-8.2925],[-36.0496,-8.2916],[-36.0486,-8.2912],[-36.0449,-8.2921],[-36.0441,-8.2921],[-36.0434,-8.2916],[-36.0427,-8.2898],[-36.0422,-8.2888],[-36.0404,-8.2879],[-36.04,-8.2875],[-36.0397,-8.2867],[-36.0391,-8.286],[-36.0386,-8.2871],[-36.0391,-8.2882],[-36.0403,-8.2897],[-36.041,-8.2907],[-36.0403,-8.2912],[-36.0397,-8.2908],[-36.0389,-8.2913],[-36.0393,-8.2926],[-36.0391,-8.2928],[-36.0381,-8.2928],[-36.0354,-8.2924],[-36.0355,-8.2947],[-36.0364,-8.2953],[-36.0369,-8.2969],[-36.036,-8.2988],[-36.0355,-8.2994],[-36.0362,-8.299]]]]}},{"type":"Feature","properties":{"c":"b151","b":151,"n":"Nossa Senhora das Dores","m":"2604106","cx":-35.9688,"cy":-8.2855},"geometry":{"type":"Polygon","coordinates":[[[-35.9753,-8.2903],[-35.975,-8.2893],[-35.9754,-8.2893],[-35.9755,-8.2886],[-35.9764,-8.2889],[-35.9769,-8.2874],[-35.9749,-8.2867],[-35.9742,-8.2859],[-35.9739,-8.285],[-35.9742,-8.2851],[-35.9745,-8.2839],[-35.9749,-8.2839],[-35.9757,-8.2835],[-35.9754,-8.2825],[-35.9757,-8.2823],[-35.9751,-8.2823],[-35.9739,-8.2812],[-35.9731,-8.2821],[-35.9693,-8.2832],[-35.9678,-8.2833],[-35.9665,-8.2829],[-35.9666,-8.2827],[-35.9662,-8.2811],[-35.9654,-8.2801],[-35.9655,-8.2798],[-35.9652,-8.2802],[-35.9638,-8.2809],[-35.963,-8.2817],[-35.9633,-8.283],[-35.9626,-8.2837],[-35.9631,-8.2843],[-35.9638,-8.2859],[-35.9639,-8.2864],[-35.9647,-8.2879],[-35.965,-8.2894],[-35.9654,-8.2901],[-35.9665,-8.2907],[-35.9668,-8.2909],[-35.9684,-8.2913],[-35.969,-8.2907],[-35.9693,-8.2899],[-35.9696,-8.2881],[-35.9701,-8.2876],[-35.9711,-8.2877],[-35.9728,-8.2884],[-35.9739,-8.2883],[-35.9744,-8.2888],[-35.9747,-8.2898],[-35.9746,-8.2903],[-35.9753,-8.2903]]]}},{"type":"Feature","properties":{"c":"b152","b":152,"n":"Nova Caruaru","m":"2604106","cx":-35.9786,"cy":-8.2479},"geometry":{"type":"MultiPolygon","coordinates":[[[[-35.9832,-8.2619],[-35.9833,-8.2615],[-35.9842,-8.2613],[-35.9845,-8.2608],[-35.9845,-8.2597],[-35.9841,-8.2591],[-35.9846,-8.2579],[-35.9862,-8.2572],[-35.9867,-8.2569],[-35.9866,-8.2563],[-35.9852,-8.2552],[-35.9848,-8.2546],[-35.9841,-8.2546],[-35.9839,-8.254],[-35.9834,-8.2536],[-35.9816,-8.2511],[-35.9816,-8.2492],[-35.9823,-8.2473],[-35.9828,-8.2458],[-35.9843,-8.2442],[-35.9846,-8.2422],[-35.9856,-8.2394],[-35.9858,-8.2366],[-35.9865,-8.2352],[-35.9875,-8.2337],[-35.988,-8.232],[-35.9889,-8.2296],[-35.9889,-8.2289],[-35.9892,-8.2274],[-35.9889,-8.2259],[-35.9884,-8.2242],[-35.9881,-8.224],[-35.9843,-8.2237],[-35.9832,-8.224],[-35.9802,-8.2251],[-35.9781,-8.226],[-35.9778,-8.2263],[-35.9787,-8.229],[-35.9787,-8.2294],[-35.9785,-8.2307],[-35.9769,-8.2342],[-35.9761,-8.2359],[-35.9756,-8.2373],[-35.9753,-8.2431],[-35.9751,-8.2456],[-35.9751,-8.2486],[-35.975,-8.2508],[-35.9751,-8.2522],[-35.9761,-8.2621],[-35.9763,-8.2631],[-35.9768,-8.2641],[-35.9816,-8.2719],[-35.9821,-8.2712],[-35.9823,-8.2698],[-35.9836,-8.2677],[-35.984,-8.2665],[-35.984,-8.2655],[-35.9837,-8.265],[-35.9835,-8.2639],[-35.9835,-8.2626],[-35.9839,-8.2625],[-35.9832,-8.2619]]],[[[-35.9936,-8.2563],[-35.9938,-8.2562],[-35.9939,-8.255],[-35.9882,-8.2564],[-35.9882,-8.258],[-35.9887,-8.2588],[-35.9901,-8.2604],[-35.9904,-8.2614],[-35.9915,-8.2613],[-35.9932,-8.2584],[-35.9937,-8.2581],[-35.9936,-8.2563]]],[[[-35.9713,-8.2096],[-35.9705,-8.2086],[-35.9683,-8.2055],[-35.9683,-8.2078],[-35.9682,-8.2105],[-35.971,-8.2104],[-35.9717,-8.2103],[-35.9713,-8.2096]]]]}},{"type":"Feature","properties":{"c":"b153","b":153,"n":"PINHEIRÓPOLIS","m":"2604106","cx":-35.9842,"cy":-8.2967},"geometry":{"type":"Polygon","coordinates":[[[-35.9881,-8.297],[-35.9878,-8.2958],[-35.9863,-8.2935],[-35.9857,-8.2925],[-35.9851,-8.2908],[-35.983,-8.2914],[-35.9825,-8.2918],[-35.9807,-8.2937],[-35.9802,-8.294],[-35.9796,-8.2939],[-35.9798,-8.2946],[-35.9801,-8.2946],[-35.9806,-8.2959],[-35.9804,-8.2965],[-35.9798,-8.3006],[-35.9795,-8.3023],[-35.986,-8.3008],[-35.9881,-8.3002],[-35.9881,-8.297]]]}},{"type":"Feature","properties":{"c":"b154","b":154,"n":"Petrópolis","m":"2604106","cx":-35.9754,"cy":-8.2952},"geometry":{"type":"Polygon","coordinates":[[[-35.9798,-8.3006],[-35.9804,-8.2965],[-35.9806,-8.2959],[-35.9801,-8.2946],[-35.9798,-8.2946],[-35.9796,-8.2939],[-35.979,-8.2939],[-35.9783,-8.2936],[-35.9748,-8.2925],[-35.9744,-8.2921],[-35.9742,-8.2913],[-35.9746,-8.2903],[-35.9747,-8.2898],[-35.9744,-8.2888],[-35.9739,-8.2883],[-35.9728,-8.2884],[-35.9711,-8.2877],[-35.9701,-8.2876],[-35.9696,-8.2881],[-35.9693,-8.2899],[-35.969,-8.2907],[-35.9699,-8.2906],[-35.971,-8.2911],[-35.9714,-8.2928],[-35.9701,-8.2927],[-35.9701,-8.2932],[-35.971,-8.2976],[-35.9715,-8.2989],[-35.9712,-8.299],[-35.971,-8.3008],[-35.9706,-8.3013],[-35.9705,-8.3025],[-35.9708,-8.3031],[-35.9717,-8.3034],[-35.9719,-8.3027],[-35.9727,-8.3029],[-35.9719,-8.3035],[-35.9719,-8.3042],[-35.9795,-8.3023],[-35.9798,-8.3006]]]}},{"type":"Feature","properties":{"c":"b155","b":155,"n":"Presidente Kennedy","m":"2604106","cx":-35.9994,"cy":-8.2882},"geometry":{"type":"Polygon","coordinates":[[[-35.9903,-8.2896],[-35.9911,-8.2892],[-35.9919,-8.2881],[-35.9923,-8.288],[-35.9929,-8.2883],[-35.9937,-8.2898],[-35.9943,-8.2921],[-35.9943,-8.2933],[-35.9942,-8.2948],[-35.9935,-8.2967],[-35.9927,-8.2979],[-35.9927,-8.2987],[-35.9933,-8.2992],[-35.9955,-8.2997],[-35.9972,-8.2998],[-35.9979,-8.3001],[-36.0001,-8.3002],[-36.0013,-8.3008],[-36.0023,-8.3008],[-36.0025,-8.2971],[-36.0028,-8.2959],[-36.0031,-8.2956],[-36.0036,-8.2945],[-36.0046,-8.2944],[-36.0067,-8.2945],[-36.0071,-8.2917],[-36.0063,-8.2892],[-36.006,-8.2878],[-36.0085,-8.2882],[-36.0087,-8.2855],[-36.0124,-8.2865],[-36.0123,-8.2867],[-36.0134,-8.2869],[-36.014,-8.2868],[-36.0166,-8.2857],[-36.0179,-8.2854],[-36.0207,-8.2857],[-36.0207,-8.2854],[-36.017,-8.2851],[-36.0167,-8.2848],[-36.0157,-8.2849],[-36.0154,-8.2839],[-36.0162,-8.2835],[-36.0152,-8.2829],[-36.0239,-8.2806],[-36.0234,-8.2788],[-36.0124,-8.2817],[-36.01,-8.2808],[-36.0089,-8.2807],[-36.0097,-8.2791],[-36.0104,-8.2785],[-36.01,-8.2783],[-36.0025,-8.2789],[-36.0023,-8.2759],[-36.002,-8.2758],[-36.0018,-8.276],[-35.9985,-8.276],[-35.9981,-8.2758],[-35.9976,-8.2764],[-35.9977,-8.2773],[-35.9972,-8.278],[-35.9969,-8.2788],[-35.9952,-8.2793],[-35.9934,-8.2786],[-35.9914,-8.2792],[-35.991,-8.2794],[-35.9911,-8.2812],[-35.9879,-8.2821],[-35.9871,-8.2831],[-35.9871,-8.2835],[-35.9881,-8.2859],[-35.9891,-8.2876],[-35.9882,-8.2884],[-35.9882,-8.2899],[-35.9903,-8.2896]]]}},{"type":"Feature","properties":{"c":"b156","b":156,"n":"Rendeiras","m":"2604106","cx":-35.923,"cy":-8.2816},"geometry":{"type":"Polygon","coordinates":[[[-35.9361,-8.2863],[-35.9371,-8.2856],[-35.9385,-8.2847],[-35.9395,-8.2846],[-35.94,-8.2842],[-35.9403,-8.2829],[-35.9401,-8.2812],[-35.9397,-8.2807],[-35.9398,-8.2803],[-35.9395,-8.2801],[-35.9399,-8.2792],[-35.9409,-8.278],[-35.9414,-8.2763],[-35.9413,-8.2762],[-35.9402,-8.2776],[-35.9396,-8.278],[-35.939,-8.2781],[-35.9377,-8.2777],[-35.9365,-8.2778],[-35.9341,-8.2771],[-35.9333,-8.2767],[-35.931,-8.2764],[-35.9308,-8.276],[-35.9313,-8.2742],[-35.9299,-8.2739],[-35.9282,-8.2734],[-35.927,-8.2733],[-35.9254,-8.273],[-35.9251,-8.2734],[-35.9237,-8.2733],[-35.9229,-8.2731],[-35.9225,-8.2725],[-35.9204,-8.2727],[-35.92,-8.2734],[-35.9206,-8.2748],[-35.9206,-8.2756],[-35.9196,-8.276],[-35.9191,-8.2753],[-35.9184,-8.2755],[-35.9181,-8.2759],[-35.9181,-8.2765],[-35.9189,-8.2771],[-35.9177,-8.2773],[-35.917,-8.277],[-35.9165,-8.2762],[-35.9157,-8.2757],[-35.9153,-8.2767],[-35.914,-8.2768],[-35.9137,-8.2765],[-35.9143,-8.2761],[-35.9145,-8.2757],[-35.914,-8.2751],[-35.9127,-8.2748],[-35.9112,-8.2757],[-35.911,-8.2754],[-35.9113,-8.2743],[-35.9109,-8.2738],[-35.9107,-8.2743],[-35.9095,-8.2749],[-35.9086,-8.2744],[-35.9067,-8.2772],[-35.9066,-8.2777],[-35.9063,-8.2802],[-35.9057,-8.282],[-35.9057,-8.2825],[-35.9049,-8.2828],[-35.904,-8.2827],[-35.9036,-8.283],[-35.9039,-8.2836],[-35.9062,-8.2849],[-35.9072,-8.2857],[-35.9086,-8.2866],[-35.911,-8.2876],[-35.9116,-8.2888],[-35.9115,-8.2899],[-35.9122,-8.2899],[-35.9131,-8.2896],[-35.9141,-8.2903],[-35.9146,-8.2903],[-35.9165,-8.29],[-35.9185,-8.2891],[-35.92,-8.2874],[-35.9212,-8.2871],[-35.9222,-8.2862],[-35.924,-8.2851],[-35.926,-8.2849],[-35.9277,-8.285],[-35.9288,-8.2851],[-35.9305,-8.2853],[-35.9321,-8.2862],[-35.9328,-8.2862],[-35.9333,-8.2859],[-35.9344,-8.2842],[-35.9344,-8.2837],[-35.9352,-8.2835],[-35.935,-8.284],[-35.935,-8.285],[-35.9356,-8.2863],[-35.9361,-8.2863]]]}},{"type":"Feature","properties":{"c":"b157","b":157,"n":"Riachão","m":"2604106","cx":-35.9585,"cy":-8.2826},"geometry":{"type":"Polygon","coordinates":[[[-35.9642,-8.2795],[-35.9629,-8.2797],[-35.9623,-8.28],[-35.9607,-8.2818],[-35.9599,-8.2822],[-35.9591,-8.2821],[-35.9569,-8.282],[-35.9556,-8.2807],[-35.9549,-8.2803],[-35.954,-8.2823],[-35.9534,-8.2834],[-35.9531,-8.2847],[-35.9538,-8.2856],[-35.9542,-8.286],[-35.955,-8.2858],[-35.9555,-8.2848],[-35.9564,-8.2839],[-35.9577,-8.2831],[-35.959,-8.2832],[-35.9599,-8.2836],[-35.9616,-8.2833],[-35.9626,-8.2837],[-35.9633,-8.283],[-35.963,-8.2817],[-35.9638,-8.2809],[-35.9652,-8.2802],[-35.9655,-8.2798],[-35.9642,-8.2795]]]}},{"type":"Feature","properties":{"c":"b158","b":158,"n":"SERRAS DO VALE","m":"2604106","cx":-35.9397,"cy":-8.26},"geometry":{"type":"Polygon","coordinates":[[[-35.9466,-8.2736],[-35.9472,-8.2709],[-35.9472,-8.2699],[-35.9469,-8.2685],[-35.946,-8.2668],[-35.9446,-8.2644],[-35.9445,-8.2634],[-35.9443,-8.2625],[-35.9428,-8.2586],[-35.9419,-8.2542],[-35.9418,-8.2528],[-35.9418,-8.2509],[-35.942,-8.2482],[-35.9413,-8.2468],[-35.9405,-8.2473],[-35.9392,-8.2485],[-35.9391,-8.2492],[-35.9398,-8.2494],[-35.9401,-8.2507],[-35.936,-8.2506],[-35.9355,-8.2514],[-35.9363,-8.252],[-35.9356,-8.2533],[-35.9353,-8.2547],[-35.9375,-8.2554],[-35.9375,-8.2556],[-35.9387,-8.2556],[-35.9386,-8.2572],[-35.9407,-8.2572],[-35.9407,-8.2576],[-35.9411,-8.2576],[-35.9412,-8.2586],[-35.9389,-8.2585],[-35.9377,-8.2583],[-35.9351,-8.2576],[-35.9354,-8.2596],[-35.9368,-8.2604],[-35.9366,-8.2621],[-35.9391,-8.2626],[-35.9408,-8.2626],[-35.9408,-8.2657],[-35.9422,-8.267],[-35.9457,-8.267],[-35.9459,-8.2671],[-35.9466,-8.2685],[-35.947,-8.2699],[-35.9468,-8.2717],[-35.9459,-8.2728],[-35.9464,-8.2736],[-35.9466,-8.2736]]]}},{"type":"Feature","properties":{"c":"b159","b":159,"n":"SEVERINO AFONSO","m":"2604106","cx":-35.9845,"cy":-8.2687},"geometry":{"type":"Polygon","coordinates":[[[-35.9886,-8.2622],[-35.9864,-8.2631],[-35.9852,-8.2631],[-35.9839,-8.2625],[-35.9835,-8.2626],[-35.9835,-8.2639],[-35.9837,-8.265],[-35.984,-8.2655],[-35.984,-8.2665],[-35.9836,-8.2677],[-35.9823,-8.2698],[-35.9821,-8.2712],[-35.9816,-8.2719],[-35.982,-8.2725],[-35.9822,-8.2738],[-35.9841,-8.2716],[-35.9855,-8.2696],[-35.9869,-8.267],[-35.9869,-8.266],[-35.9874,-8.2648],[-35.989,-8.2634],[-35.9886,-8.2622]]]}},{"type":"Feature","properties":{"c":"b160","b":160,"n":"Salgado","m":"2604106","cx":-35.9572,"cy":-8.2682},"geometry":{"type":"Polygon","coordinates":[[[-35.9541,-8.2576],[-35.9534,-8.2572],[-35.9519,-8.2554],[-35.9507,-8.2585],[-35.9504,-8.2595],[-35.9497,-8.2609],[-35.9513,-8.2637],[-35.9523,-8.2651],[-35.9543,-8.2654],[-35.9543,-8.2658],[-35.9549,-8.2658],[-35.9549,-8.2671],[-35.9528,-8.2672],[-35.953,-8.2709],[-35.9528,-8.2729],[-35.9526,-8.2733],[-35.9539,-8.2733],[-35.9539,-8.2739],[-35.9529,-8.2739],[-35.9528,-8.2754],[-35.9539,-8.2753],[-35.954,-8.2803],[-35.9549,-8.2803],[-35.9556,-8.2807],[-35.9569,-8.282],[-35.9591,-8.2821],[-35.9599,-8.2822],[-35.9607,-8.2818],[-35.9623,-8.28],[-35.9629,-8.2797],[-35.9642,-8.2795],[-35.9655,-8.2798],[-35.966,-8.2794],[-35.9666,-8.2785],[-35.9668,-8.2778],[-35.9664,-8.2765],[-35.9665,-8.276],[-35.9652,-8.2745],[-35.9641,-8.2736],[-35.963,-8.2719],[-35.9617,-8.2697],[-35.9615,-8.269],[-35.9614,-8.2674],[-35.96,-8.2634],[-35.9572,-8.2613],[-35.9563,-8.2601],[-35.9548,-8.2588],[-35.9546,-8.2578],[-35.9541,-8.2576]]]}},{"type":"Feature","properties":{"c":"b161","b":161,"n":"Santa Rosa","m":"2604106","cx":-35.9605,"cy":-8.2956},"geometry":{"type":"Polygon","coordinates":[[[-35.9608,-8.3005],[-35.9625,-8.301],[-35.9629,-8.3004],[-35.9629,-8.2993],[-35.9634,-8.2975],[-35.9644,-8.2964],[-35.965,-8.2952],[-35.9655,-8.2933],[-35.9672,-8.2936],[-35.9682,-8.2935],[-35.9681,-8.2931],[-35.9685,-8.2921],[-35.9684,-8.2913],[-35.9668,-8.2909],[-35.9665,-8.2907],[-35.9661,-8.291],[-35.9639,-8.2916],[-35.9628,-8.2921],[-35.959,-8.2932],[-35.9561,-8.2941],[-35.9563,-8.2961],[-35.9567,-8.2968],[-35.9588,-8.299],[-35.9604,-8.3008],[-35.9608,-8.3005]]]}},{"type":"Feature","properties":{"c":"b162","b":162,"n":"SÃO JOSÉ","m":"2604106","cx":-35.9322,"cy":-8.2732},"geometry":{"type":"Polygon","coordinates":[[[-35.94,-8.276],[-35.9388,-8.2756],[-35.9367,-8.2745],[-35.9374,-8.273],[-35.9383,-8.2718],[-35.9375,-8.2712],[-35.9372,-8.2707],[-35.9366,-8.2705],[-35.9367,-8.2684],[-35.9323,-8.2683],[-35.9319,-8.2722],[-35.9314,-8.2721],[-35.9277,-8.2712],[-35.927,-8.2733],[-35.9282,-8.2734],[-35.9299,-8.2739],[-35.9313,-8.2742],[-35.9308,-8.276],[-35.931,-8.2764],[-35.9333,-8.2767],[-35.9341,-8.2771],[-35.9365,-8.2778],[-35.9377,-8.2777],[-35.939,-8.2781],[-35.9396,-8.278],[-35.9402,-8.2776],[-35.9413,-8.2762],[-35.94,-8.276]]]}},{"type":"Feature","properties":{"c":"b163","b":163,"n":"SÃO JOÃO DA ESCÓCIA","m":"2604106","cx":-35.9497,"cy":-8.2678},"geometry":{"type":"Polygon","coordinates":[[[-35.9528,-8.2729],[-35.953,-8.2709],[-35.9528,-8.2672],[-35.9549,-8.2671],[-35.9549,-8.2658],[-35.9543,-8.2658],[-35.9543,-8.2654],[-35.9523,-8.2651],[-35.9513,-8.2637],[-35.9497,-8.2609],[-35.9489,-8.2623],[-35.9479,-8.2638],[-35.9474,-8.2642],[-35.9472,-8.2655],[-35.9468,-8.2663],[-35.946,-8.2668],[-35.9469,-8.2685],[-35.9472,-8.2699],[-35.9472,-8.2709],[-35.9466,-8.2736],[-35.9501,-8.2734],[-35.9505,-8.2729],[-35.9512,-8.2739],[-35.9516,-8.2739],[-35.9517,-8.2733],[-35.9526,-8.2733],[-35.9528,-8.2729]]]}},{"type":"Feature","properties":{"c":"b164","b":164,"n":"São Francisco","m":"2604106","cx":-35.98,"cy":-8.2898},"geometry":{"type":"Polygon","coordinates":[[[-35.9764,-8.2889],[-35.9755,-8.2886],[-35.9754,-8.2893],[-35.975,-8.2893],[-35.9753,-8.2903],[-35.9746,-8.2903],[-35.9742,-8.2913],[-35.9744,-8.2921],[-35.9748,-8.2925],[-35.9783,-8.2936],[-35.979,-8.2939],[-35.9796,-8.2939],[-35.9802,-8.294],[-35.9807,-8.2937],[-35.9825,-8.2918],[-35.983,-8.2914],[-35.9851,-8.2908],[-35.9842,-8.2882],[-35.9839,-8.2871],[-35.9837,-8.2852],[-35.9801,-8.2853],[-35.9798,-8.2849],[-35.9797,-8.2867],[-35.9786,-8.2869],[-35.9786,-8.2875],[-35.9769,-8.2874],[-35.9764,-8.2889]]]}},{"type":"Feature","properties":{"c":"b165","b":165,"n":"Universitário","m":"2604106","cx":-35.9655,"cy":-8.2645},"geometry":{"type":"MultiPolygon","coordinates":[[[[-35.9666,-8.2756],[-35.9665,-8.2739],[-35.967,-8.2732],[-35.9683,-8.2721],[-35.9691,-8.2717],[-35.9695,-8.2705],[-35.9697,-8.268],[-35.9707,-8.2652],[-35.9706,-8.2639],[-35.9712,-8.2623],[-35.9712,-8.2612],[-35.9714,-8.2606],[-35.9713,-8.2595],[-35.9697,-8.2588],[-35.9694,-8.2583],[-35.9691,-8.2572],[-35.9695,-8.2539],[-35.9652,-8.2551],[-35.9579,-8.2571],[-35.9557,-8.2577],[-35.9546,-8.2578],[-35.9548,-8.2588],[-35.9563,-8.2601],[-35.9572,-8.2613],[-35.96,-8.2634],[-35.9614,-8.2674],[-35.9615,-8.269],[-35.9617,-8.2697],[-35.963,-8.2719],[-35.9641,-8.2736],[-35.9652,-8.2745],[-35.9665,-8.276],[-35.9666,-8.2756]]],[[[-35.9569,-8.2448],[-35.9568,-8.2433],[-35.9569,-8.2425],[-35.9573,-8.2412],[-35.9575,-8.2398],[-35.9577,-8.2357],[-35.9551,-8.2359],[-35.9528,-8.2364],[-35.9532,-8.2384],[-35.9533,-8.2398],[-35.9531,-8.242],[-35.9529,-8.2457],[-35.9498,-8.2462],[-35.9483,-8.2463],[-35.9477,-8.248],[-35.9484,-8.2501],[-35.9483,-8.251],[-35.9486,-8.2512],[-35.9495,-8.2512],[-35.9491,-8.2527],[-35.9512,-8.2546],[-35.9519,-8.2554],[-35.9534,-8.2572],[-35.9541,-8.2576],[-35.9544,-8.2567],[-35.9546,-8.2509],[-35.9543,-8.2495],[-35.9552,-8.2483],[-35.9567,-8.2485],[-35.9569,-8.2448]]]]}},{"type":"Feature","properties":{"c":"b166","b":166,"n":"Vassoural","m":"2604106","cx":-35.9672,"cy":-8.2982},"geometry":{"type":"Polygon","coordinates":[[[-35.9719,-8.3035],[-35.9727,-8.3029],[-35.9719,-8.3027],[-35.9717,-8.3034],[-35.9708,-8.3031],[-35.9705,-8.3025],[-35.9706,-8.3013],[-35.971,-8.3008],[-35.9712,-8.299],[-35.9715,-8.2989],[-35.971,-8.2976],[-35.9701,-8.2932],[-35.9701,-8.2927],[-35.9714,-8.2928],[-35.971,-8.2911],[-35.9699,-8.2906],[-35.969,-8.2907],[-35.9684,-8.2913],[-35.9685,-8.2921],[-35.9681,-8.2931],[-35.9682,-8.2935],[-35.9672,-8.2936],[-35.9655,-8.2933],[-35.965,-8.2952],[-35.9644,-8.2964],[-35.9634,-8.2975],[-35.9629,-8.2993],[-35.9629,-8.3004],[-35.9625,-8.301],[-35.9608,-8.3005],[-35.9604,-8.3008],[-35.965,-8.3058],[-35.9675,-8.3051],[-35.9689,-8.3049],[-35.9719,-8.3042],[-35.9719,-8.3035]]]}},{"type":"Feature","properties":{"c":"b167","b":167,"n":"Verde","m":"2604106","cx":-35.9792,"cy":-8.3315},"geometry":{"type":"MultiPolygon","coordinates":[[[[-35.9804,-8.3249],[-35.9783,-8.3253],[-35.9783,-8.3272],[-35.9768,-8.3291],[-35.9762,-8.3287],[-35.9749,-8.3292],[-35.9749,-8.3294],[-35.976,-8.3299],[-35.976,-8.3311],[-35.9766,-8.3321],[-35.9771,-8.3342],[-35.9777,-8.3358],[-35.978,-8.3375],[-35.9797,-8.3371],[-35.9807,-8.3368],[-35.9804,-8.336],[-35.9805,-8.3352],[-35.982,-8.332],[-35.9825,-8.3303],[-35.9835,-8.3284],[-35.9829,-8.3276],[-35.9821,-8.3261],[-35.9818,-8.3251],[-35.9804,-8.3249]]],[[[-35.9684,-8.3091],[-35.9675,-8.3084],[-35.965,-8.3058],[-35.9613,-8.3067],[-35.9566,-8.3078],[-35.9571,-8.308],[-35.9579,-8.3078],[-35.9574,-8.3093],[-35.9568,-8.3126],[-35.9565,-8.3146],[-35.9559,-8.3168],[-35.9553,-8.3183],[-35.9559,-8.3185],[-35.9557,-8.3188],[-35.959,-8.322],[-35.9607,-8.3218],[-35.9607,-8.3201],[-35.9619,-8.3202],[-35.9619,-8.3178],[-35.9611,-8.3151],[-35.961,-8.3123],[-35.9592,-8.3126],[-35.9578,-8.3118],[-35.9576,-8.3115],[-35.9576,-8.3095],[-35.9583,-8.3077],[-35.9592,-8.3075],[-35.9596,-8.3082],[-35.9622,-8.3114],[-35.9638,-8.3104],[-35.9647,-8.3118],[-35.9658,-8.313],[-35.9668,-8.3143],[-35.9671,-8.315],[-35.9692,-8.3141],[-35.9692,-8.313],[-35.9703,-8.3126],[-35.9713,-8.3104],[-35.9684,-8.3091]]]]}},{"type":"Feature","properties":{"c":"b168","b":168,"n":"Baixa Verde","m":"2604205","cx":-35.7217,"cy":-8.6622},"geometry":{"type":"Polygon","coordinates":[[[-35.7185,-8.6604],[-35.7178,-8.6616],[-35.7181,-8.6622],[-35.7198,-8.6618],[-35.7199,-8.6623],[-35.7194,-8.6624],[-35.7189,-8.6631],[-35.72,-8.6643],[-35.7208,-8.6637],[-35.7217,-8.6641],[-35.7215,-8.6645],[-35.7227,-8.6648],[-35.7232,-8.6636],[-35.7238,-8.664],[-35.7237,-8.6636],[-35.7245,-8.6627],[-35.7235,-8.6623],[-35.7225,-8.6611],[-35.7225,-8.6604],[-35.7221,-8.6597],[-35.7191,-8.66],[-35.7185,-8.6604]]]}},{"type":"Feature","properties":{"c":"b169","b":169,"n":"Buranhem","m":"2604205","cx":-35.731,"cy":-8.6648},"geometry":{"type":"Polygon","coordinates":[[[-35.7289,-8.6678],[-35.7298,-8.6676],[-35.7297,-8.6671],[-35.7307,-8.6656],[-35.7321,-8.6655],[-35.7327,-8.6656],[-35.7334,-8.6651],[-35.7338,-8.6641],[-35.7337,-8.6636],[-35.7342,-8.663],[-35.7336,-8.6631],[-35.7328,-8.6621],[-35.7315,-8.6614],[-35.7305,-8.6624],[-35.7297,-8.6622],[-35.7291,-8.6627],[-35.7286,-8.6645],[-35.7284,-8.6658],[-35.7276,-8.667],[-35.7289,-8.6678]]]}},{"type":"Feature","properties":{"c":"b170","b":170,"n":"Canaã","m":"2604205","cx":-35.7394,"cy":-8.6681},"geometry":{"type":"Polygon","coordinates":[[[-35.7304,-8.6683],[-35.7312,-8.6683],[-35.7316,-8.6685],[-35.7331,-8.6699],[-35.7342,-8.6706],[-35.7364,-8.6703],[-35.7375,-8.6698],[-35.738,-8.6703],[-35.7382,-8.6711],[-35.7393,-8.6726],[-35.7402,-8.6733],[-35.7401,-8.6738],[-35.7409,-8.6735],[-35.7423,-8.6728],[-35.7439,-8.6709],[-35.7438,-8.6706],[-35.7444,-8.6699],[-35.7438,-8.6693],[-35.7437,-8.6682],[-35.743,-8.6678],[-35.743,-8.6672],[-35.7425,-8.6668],[-35.7425,-8.6662],[-35.742,-8.6659],[-35.7395,-8.6649],[-35.739,-8.6651],[-35.7386,-8.6649],[-35.7391,-8.6639],[-35.7387,-8.6623],[-35.738,-8.6635],[-35.7372,-8.6641],[-35.7357,-8.6646],[-35.7352,-8.6654],[-35.7352,-8.666],[-35.7355,-8.6671],[-35.7355,-8.6679],[-35.7348,-8.6685],[-35.7343,-8.6685],[-35.7314,-8.6677],[-35.7298,-8.6676],[-35.7289,-8.6678],[-35.7304,-8.6683]]]}},{"type":"Feature","properties":{"c":"b171","b":171,"n":"Centro","m":"2604205","cx":-35.7206,"cy":-8.6683},"geometry":{"type":"Polygon","coordinates":[[[-35.7256,-8.6691],[-35.7252,-8.6689],[-35.7242,-8.6694],[-35.7239,-8.668],[-35.7232,-8.6668],[-35.7232,-8.6662],[-35.7236,-8.6652],[-35.7227,-8.6648],[-35.7215,-8.6645],[-35.7214,-8.6644],[-35.7209,-8.6663],[-35.7214,-8.6681],[-35.7212,-8.6682],[-35.7206,-8.6667],[-35.72,-8.6675],[-35.719,-8.6668],[-35.7181,-8.667],[-35.7181,-8.6662],[-35.7177,-8.6665],[-35.7154,-8.667],[-35.7148,-8.6675],[-35.7148,-8.6685],[-35.7153,-8.6692],[-35.7159,-8.6678],[-35.7171,-8.6676],[-35.7175,-8.6691],[-35.7184,-8.6709],[-35.7194,-8.6719],[-35.7198,-8.6721],[-35.72,-8.6717],[-35.7211,-8.6717],[-35.7223,-8.671],[-35.7225,-8.6715],[-35.7249,-8.6701],[-35.7251,-8.6703],[-35.7256,-8.6691]]]}},{"type":"Feature","properties":{"c":"b172","b":172,"n":"Dezoito","m":"2604205","cx":-35.7214,"cy":-8.6751},"geometry":{"type":"Polygon","coordinates":[[[-35.7206,-8.6733],[-35.7201,-8.675],[-35.7204,-8.6754],[-35.7216,-8.6752],[-35.7218,-8.6756],[-35.7221,-8.6778],[-35.7225,-8.6782],[-35.7235,-8.6788],[-35.7241,-8.6775],[-35.7237,-8.6765],[-35.7226,-8.6754],[-35.7224,-8.6742],[-35.7228,-8.6737],[-35.7241,-8.6727],[-35.7247,-8.6718],[-35.7243,-8.6716],[-35.7232,-8.6714],[-35.7221,-8.6723],[-35.7211,-8.6723],[-35.7205,-8.6728],[-35.7206,-8.6733]]]}},{"type":"Feature","properties":{"c":"b173","b":173,"n":"Guabiraba","m":"2604205","cx":-35.7241,"cy":-8.6714},"geometry":{"type":"Polygon","coordinates":[[[-35.7205,-8.6728],[-35.7211,-8.6723],[-35.7221,-8.6723],[-35.7232,-8.6714],[-35.7243,-8.6716],[-35.7247,-8.6718],[-35.7251,-8.6703],[-35.7249,-8.6701],[-35.7225,-8.6715],[-35.7223,-8.671],[-35.7211,-8.6717],[-35.72,-8.6717],[-35.7198,-8.6721],[-35.7205,-8.6728]]]}},{"type":"Feature","properties":{"c":"b174","b":174,"n":"Jardim Diamante","m":"2604205","cx":-35.7247,"cy":-8.6659},"geometry":{"type":"Polygon","coordinates":[[[-35.7276,-8.667],[-35.7259,-8.6664],[-35.7261,-8.6655],[-35.7258,-8.6656],[-35.7252,-8.663],[-35.7245,-8.6627],[-35.7237,-8.6636],[-35.7238,-8.664],[-35.724,-8.6643],[-35.7236,-8.6652],[-35.7232,-8.6662],[-35.7232,-8.6668],[-35.7239,-8.668],[-35.7242,-8.6694],[-35.7252,-8.6689],[-35.7256,-8.6691],[-35.7261,-8.6685],[-35.7272,-8.668],[-35.7289,-8.6678],[-35.7276,-8.667]]]}},{"type":"Feature","properties":{"c":"b175","b":175,"n":"Monte Alegre","m":"2604205","cx":-35.7152,"cy":-8.6634},"geometry":{"type":"Polygon","coordinates":[[[-35.7148,-8.6675],[-35.7154,-8.667],[-35.7177,-8.6665],[-35.7181,-8.6662],[-35.7183,-8.6653],[-35.7182,-8.6641],[-35.7177,-8.6637],[-35.7189,-8.6631],[-35.7194,-8.6624],[-35.7199,-8.6623],[-35.7198,-8.6618],[-35.7181,-8.6622],[-35.7178,-8.6616],[-35.7185,-8.6604],[-35.7191,-8.66],[-35.718,-8.6591],[-35.7179,-8.6587],[-35.7168,-8.6596],[-35.7156,-8.6594],[-35.7145,-8.6584],[-35.7139,-8.6583],[-35.7138,-8.6588],[-35.7144,-8.6594],[-35.7145,-8.6599],[-35.7136,-8.66],[-35.7125,-8.6606],[-35.7127,-8.6611],[-35.712,-8.6631],[-35.7123,-8.6639],[-35.7129,-8.6642],[-35.7143,-8.6647],[-35.7152,-8.6644],[-35.7155,-8.664],[-35.7164,-8.6645],[-35.715,-8.6657],[-35.7144,-8.6658],[-35.7135,-8.6663],[-35.7119,-8.6668],[-35.7115,-8.6673],[-35.7116,-8.6679],[-35.7121,-8.6683],[-35.7141,-8.6686],[-35.7146,-8.6688],[-35.7148,-8.6685],[-35.7148,-8.6675]]]}},{"type":"Feature","properties":{"c":"b176","b":176,"n":"Niterói","m":"2604205","cx":-35.7232,"cy":-8.6869},"geometry":{"type":"Polygon","coordinates":[[[-35.7214,-8.6814],[-35.7209,-8.6817],[-35.7211,-8.6807],[-35.7208,-8.6797],[-35.7206,-8.6795],[-35.7199,-8.681],[-35.7199,-8.6817],[-35.7188,-8.6823],[-35.7185,-8.6828],[-35.7183,-8.6845],[-35.7176,-8.6848],[-35.7181,-8.6858],[-35.7174,-8.6863],[-35.7168,-8.6889],[-35.7171,-8.6906],[-35.7178,-8.6917],[-35.7184,-8.6922],[-35.7208,-8.6917],[-35.7222,-8.6916],[-35.7229,-8.6914],[-35.7233,-8.692],[-35.7252,-8.6934],[-35.7267,-8.694],[-35.7293,-8.6945],[-35.73,-8.6949],[-35.731,-8.695],[-35.7309,-8.6945],[-35.7301,-8.6935],[-35.7299,-8.6926],[-35.7288,-8.6922],[-35.7275,-8.6914],[-35.7291,-8.6894],[-35.7292,-8.6881],[-35.729,-8.6865],[-35.7306,-8.6868],[-35.7309,-8.687],[-35.7316,-8.6865],[-35.732,-8.6871],[-35.7331,-8.6865],[-35.7337,-8.686],[-35.7355,-8.686],[-35.736,-8.6856],[-35.7359,-8.6851],[-35.7354,-8.6845],[-35.7354,-8.6833],[-35.7348,-8.6829],[-35.7343,-8.6832],[-35.7335,-8.6831],[-35.732,-8.684],[-35.7315,-8.6838],[-35.731,-8.6828],[-35.7304,-8.6828],[-35.7293,-8.6835],[-35.7269,-8.6846],[-35.7254,-8.685],[-35.724,-8.6847],[-35.7229,-8.6843],[-35.7224,-8.6834],[-35.7223,-8.6829],[-35.7234,-8.6824],[-35.7245,-8.6815],[-35.725,-8.6803],[-35.7249,-8.6798],[-35.7235,-8.6788],[-35.7228,-8.68],[-35.7224,-8.6799],[-35.7214,-8.6814]]]}},{"type":"Feature","properties":{"c":"b177","b":177,"n":"Nova Catende","m":"2604205","cx":-35.7327,"cy":-8.6725},"geometry":{"type":"MultiPolygon","coordinates":[[[[-35.7308,-8.6743],[-35.7316,-8.675],[-35.732,-8.6748],[-35.7328,-8.6733],[-35.734,-8.6728],[-35.7341,-8.6721],[-35.7322,-8.6706],[-35.732,-8.6709],[-35.7304,-8.6746],[-35.7308,-8.6743]]],[[[-35.7279,-8.673],[-35.7294,-8.674],[-35.7307,-8.6709],[-35.7292,-8.6702],[-35.7281,-8.6726],[-35.7276,-8.6726],[-35.7279,-8.673]]]]}},{"type":"Feature","properties":{"c":"b178","b":178,"n":"Pavão","m":"2604205","cx":-35.716,"cy":-8.6742},"geometry":{"type":"Polygon","coordinates":[[[-35.7225,-8.6782],[-35.7221,-8.6778],[-35.7218,-8.6756],[-35.7216,-8.6752],[-35.7204,-8.6754],[-35.7201,-8.675],[-35.7206,-8.6733],[-35.7205,-8.6728],[-35.7198,-8.6721],[-35.7194,-8.6719],[-35.7184,-8.6709],[-35.7175,-8.6691],[-35.7171,-8.6676],[-35.7159,-8.6678],[-35.7153,-8.6692],[-35.7153,-8.6703],[-35.7149,-8.6708],[-35.7138,-8.6705],[-35.7134,-8.6698],[-35.7126,-8.6697],[-35.7122,-8.6693],[-35.7111,-8.6691],[-35.7112,-8.6711],[-35.7117,-8.6713],[-35.7113,-8.6721],[-35.7113,-8.6733],[-35.7123,-8.6754],[-35.7114,-8.6769],[-35.7119,-8.6765],[-35.7127,-8.6765],[-35.7131,-8.6771],[-35.7136,-8.6772],[-35.715,-8.6766],[-35.7154,-8.6771],[-35.716,-8.6767],[-35.7176,-8.6767],[-35.7183,-8.6772],[-35.7178,-8.678],[-35.717,-8.6783],[-35.7169,-8.6791],[-35.7174,-8.6797],[-35.7175,-8.6803],[-35.7179,-8.6804],[-35.7194,-8.6798],[-35.7206,-8.6786],[-35.721,-8.6785],[-35.7219,-8.6796],[-35.7224,-8.6799],[-35.7228,-8.68],[-35.7235,-8.6788],[-35.7225,-8.6782]]]}},{"type":"Feature","properties":{"c":"b179","b":179,"n":"Pedras","m":"2604205","cx":-35.7233,"cy":-8.6645},"geometry":{"type":"Polygon","coordinates":[[[-35.7236,-8.6652],[-35.724,-8.6643],[-35.7238,-8.664],[-35.7232,-8.6636],[-35.7227,-8.6648],[-35.7236,-8.6652]]]}},{"type":"Feature","properties":{"c":"b180","b":180,"n":"Castelo Branco","m":"2604403","cx":-35.2118,"cy":-7.9966},"geometry":{"type":"Polygon","coordinates":[[[-35.2096,-7.9952],[-35.2112,-7.996],[-35.2117,-7.9963],[-35.211,-7.9978],[-35.2119,-7.9978],[-35.212,-7.9969],[-35.2128,-7.9949],[-35.211,-7.995],[-35.2096,-7.9952]]]}},{"type":"Feature","properties":{"c":"b181","b":181,"n":"Centro","m":"2604403","cx":-35.214,"cy":-7.9978},"geometry":{"type":"Polygon","coordinates":[[[-35.214,-7.9999],[-35.2171,-7.9998],[-35.217,-7.9989],[-35.2165,-7.9989],[-35.2163,-7.9979],[-35.2154,-7.9975],[-35.2144,-7.9966],[-35.2135,-7.9954],[-35.2128,-7.9949],[-35.212,-7.9969],[-35.2119,-7.9978],[-35.212,-7.999],[-35.2121,-7.9991],[-35.2123,-7.9991],[-35.2127,-7.9998],[-35.2131,-8.0009],[-35.2134,-8.0003],[-35.2141,-8.0004],[-35.214,-7.9999]]]}},{"type":"Feature","properties":{"c":"b182","b":182,"n":"Cruzeiro","m":"2604403","cx":-35.2094,"cy":-7.997},"geometry":{"type":"Polygon","coordinates":[[[-35.2075,-7.9981],[-35.2081,-7.9982],[-35.2083,-7.9994],[-35.2109,-7.9992],[-35.212,-7.999],[-35.2119,-7.9978],[-35.211,-7.9978],[-35.2117,-7.9963],[-35.2112,-7.996],[-35.2096,-7.9952],[-35.2072,-7.9957],[-35.2075,-7.9981]]]}},{"type":"Feature","properties":{"c":"b183","b":183,"n":"Guindaste","m":"2604403","cx":-35.2134,"cy":-8.0011},"geometry":{"type":"Polygon","coordinates":[[[-35.2144,-8.0021],[-35.2144,-8.0014],[-35.2141,-8.0004],[-35.2134,-8.0003],[-35.2131,-8.0009],[-35.2127,-7.9998],[-35.2123,-7.9991],[-35.2121,-7.9991],[-35.2123,-8.0008],[-35.2134,-8.0031],[-35.2144,-8.0021]]]}},{"type":"Feature","properties":{"c":"b184","b":184,"n":"Maria Doralice Mascena","m":"2604403","cx":-35.2141,"cy":-7.9922},"geometry":{"type":"Polygon","coordinates":[[[-35.2109,-7.9943],[-35.211,-7.995],[-35.2128,-7.9949],[-35.2135,-7.9954],[-35.2185,-7.9895],[-35.2187,-7.9888],[-35.2193,-7.9878],[-35.22,-7.9873],[-35.2161,-7.9877],[-35.2135,-7.9881],[-35.2126,-7.9907],[-35.2112,-7.9937],[-35.2109,-7.9943]]]}},{"type":"Feature","properties":{"c":"b185","b":185,"n":"Matadouro","m":"2604403","cx":-35.207,"cy":-7.9917},"geometry":{"type":"Polygon","coordinates":[[[-35.211,-7.995],[-35.2109,-7.9943],[-35.2112,-7.9937],[-35.2091,-7.9936],[-35.2084,-7.9941],[-35.208,-7.992],[-35.2082,-7.9915],[-35.2087,-7.9912],[-35.2089,-7.9906],[-35.2085,-7.99],[-35.2079,-7.9901],[-35.2076,-7.9891],[-35.2086,-7.9883],[-35.2083,-7.9879],[-35.2079,-7.9879],[-35.2073,-7.9888],[-35.2063,-7.9888],[-35.2055,-7.9894],[-35.2047,-7.9894],[-35.205,-7.9902],[-35.2058,-7.9912],[-35.2064,-7.9936],[-35.2054,-7.9941],[-35.2055,-7.9957],[-35.2072,-7.9957],[-35.2096,-7.9952],[-35.211,-7.995]]]}},{"type":"Feature","properties":{"c":"b186","b":186,"n":"Santa Luzia","m":"2604403","cx":-35.2111,"cy":-8.002},"geometry":{"type":"Polygon","coordinates":[[[-35.212,-7.999],[-35.2109,-7.9992],[-35.2083,-7.9994],[-35.2106,-8.005],[-35.2122,-8.0043],[-35.2134,-8.0031],[-35.2123,-8.0008],[-35.2121,-7.9991],[-35.212,-7.999]]]}},{"type":"Feature","properties":{"c":"b187","b":187,"n":"Ronaldo Amaral","m":"2604700","cx":-36.3139,"cy":-9.1408},"geometry":{"type":"Polygon","coordinates":[[[-36.3161,-9.1402],[-36.3158,-9.1394],[-36.3154,-9.1395],[-36.315,-9.139],[-36.3141,-9.1386],[-36.3139,-9.1395],[-36.3148,-9.1401],[-36.3147,-9.1405],[-36.3137,-9.1407],[-36.312,-9.1405],[-36.3119,-9.1409],[-36.3097,-9.1406],[-36.3094,-9.1419],[-36.3123,-9.1421],[-36.3123,-9.1427],[-36.3152,-9.143],[-36.3154,-9.1419],[-36.3161,-9.1402]]]}},{"type":"Feature","properties":{"c":"b188","b":188,"n":"Alvorada","m":"2605202","cx":-35.257,"cy":-8.3845},"geometry":{"type":"Polygon","coordinates":[[[-35.2443,-8.3707],[-35.2426,-8.3721],[-35.2432,-8.3736],[-35.2434,-8.3742],[-35.2453,-8.3752],[-35.2459,-8.3753],[-35.2466,-8.3766],[-35.2483,-8.3783],[-35.2485,-8.38],[-35.2483,-8.3816],[-35.2505,-8.384],[-35.2506,-8.385],[-35.2513,-8.3861],[-35.2511,-8.3864],[-35.2615,-8.3969],[-35.2632,-8.3985],[-35.264,-8.3977],[-35.264,-8.3964],[-35.2633,-8.3958],[-35.2636,-8.3955],[-35.263,-8.395],[-35.2641,-8.3948],[-35.2664,-8.3931],[-35.2672,-8.3928],[-35.2652,-8.3903],[-35.2639,-8.3866],[-35.2634,-8.3837],[-35.2619,-8.3825],[-35.2602,-8.3824],[-35.2561,-8.3804],[-35.2556,-8.3794],[-35.2551,-8.3795],[-35.2544,-8.3791],[-35.2545,-8.3772],[-35.2531,-8.3769],[-35.2518,-8.3763],[-35.2496,-8.374],[-35.2485,-8.3731],[-35.2477,-8.3727],[-35.2455,-8.3714],[-35.2451,-8.3703],[-35.2443,-8.3707]]]}},{"type":"Feature","properties":{"c":"b189","b":189,"n":"Atalaia","m":"2605202","cx":-35.2399,"cy":-8.3672},"geometry":{"type":"Polygon","coordinates":[[[-35.2362,-8.3663],[-35.2376,-8.3669],[-35.2389,-8.368],[-35.2392,-8.3688],[-35.2398,-8.3692],[-35.2406,-8.3696],[-35.2422,-8.3711],[-35.2426,-8.3721],[-35.2443,-8.3707],[-35.2451,-8.3703],[-35.2447,-8.3696],[-35.2436,-8.3687],[-35.242,-8.3676],[-35.2416,-8.3669],[-35.2414,-8.366],[-35.241,-8.3651],[-35.2404,-8.3632],[-35.2399,-8.3625],[-35.2394,-8.3626],[-35.2391,-8.3635],[-35.2382,-8.3639],[-35.2366,-8.3642],[-35.2362,-8.3663]]]}},{"type":"Feature","properties":{"c":"b190","b":190,"n":"Bela Vista","m":"2605202","cx":-35.2393,"cy":-8.3593},"geometry":{"type":"Polygon","coordinates":[[[-35.2432,-8.3561],[-35.2418,-8.3554],[-35.2408,-8.3548],[-35.2402,-8.3557],[-35.2399,-8.3555],[-35.2397,-8.3565],[-35.2394,-8.3569],[-35.2387,-8.3564],[-35.2375,-8.3564],[-35.2375,-8.3576],[-35.2369,-8.3581],[-35.2366,-8.3591],[-35.2368,-8.3596],[-35.2371,-8.3599],[-35.237,-8.3605],[-35.2381,-8.3609],[-35.2394,-8.362],[-35.2405,-8.362],[-35.2415,-8.3642],[-35.2417,-8.3642],[-35.2414,-8.3632],[-35.2429,-8.3624],[-35.2426,-8.3614],[-35.2423,-8.3615],[-35.2418,-8.3602],[-35.242,-8.3589],[-35.2434,-8.3577],[-35.2438,-8.357],[-35.2432,-8.3561]]]}},{"type":"Feature","properties":{"c":"b191","b":191,"n":"Boa Esperança","m":"2605202","cx":-35.2442,"cy":-8.3648},"geometry":{"type":"Polygon","coordinates":[[[-35.2457,-8.3599],[-35.2453,-8.3621],[-35.2455,-8.3628],[-35.2435,-8.3641],[-35.2417,-8.3642],[-35.2415,-8.3642],[-35.2405,-8.362],[-35.2399,-8.3625],[-35.2404,-8.3632],[-35.241,-8.3651],[-35.2414,-8.366],[-35.2416,-8.3669],[-35.242,-8.3676],[-35.2436,-8.3687],[-35.2447,-8.3696],[-35.2451,-8.3703],[-35.2463,-8.3695],[-35.2461,-8.3693],[-35.2467,-8.3682],[-35.247,-8.367],[-35.2465,-8.3659],[-35.2468,-8.3652],[-35.2479,-8.3646],[-35.2482,-8.3643],[-35.2478,-8.3638],[-35.248,-8.3629],[-35.2479,-8.3618],[-35.247,-8.361],[-35.248,-8.3603],[-35.2484,-8.3599],[-35.2462,-8.359],[-35.2457,-8.3599]]]}},{"type":"Feature","properties":{"c":"b192","b":192,"n":"Centro","m":"2605202","cx":-35.2335,"cy":-8.3622},"geometry":{"type":"Polygon","coordinates":[[[-35.2272,-8.3601],[-35.2274,-8.3613],[-35.2267,-8.3624],[-35.2272,-8.3634],[-35.229,-8.3644],[-35.23,-8.3649],[-35.2296,-8.3652],[-35.229,-8.3662],[-35.2297,-8.3665],[-35.2303,-8.3653],[-35.231,-8.3649],[-35.2317,-8.3647],[-35.234,-8.3646],[-35.235,-8.3644],[-35.2366,-8.3642],[-35.2382,-8.3639],[-35.2391,-8.3635],[-35.2394,-8.3626],[-35.2399,-8.3625],[-35.2405,-8.362],[-35.2394,-8.362],[-35.2381,-8.3609],[-35.237,-8.3605],[-35.2371,-8.3599],[-35.2368,-8.3596],[-35.2352,-8.3608],[-35.2346,-8.3607],[-35.2341,-8.3611],[-35.2334,-8.3609],[-35.232,-8.3605],[-35.2283,-8.3603],[-35.2292,-8.3593],[-35.2295,-8.3588],[-35.2291,-8.358],[-35.2272,-8.3601]]]}},{"type":"Feature","properties":{"c":"b193","b":193,"n":"Cidade Centro","m":"2605202","cx":-35.2317,"cy":-8.3565},"geometry":{"type":"Polygon","coordinates":[[[-35.2321,-8.3533],[-35.2286,-8.3546],[-35.2288,-8.3559],[-35.2291,-8.3572],[-35.2291,-8.358],[-35.2295,-8.3588],[-35.2292,-8.3593],[-35.2283,-8.3603],[-35.232,-8.3605],[-35.2334,-8.3609],[-35.2334,-8.3592],[-35.234,-8.3586],[-35.2346,-8.3584],[-35.2345,-8.3575],[-35.2352,-8.3574],[-35.2347,-8.3571],[-35.2341,-8.3558],[-35.2337,-8.3545],[-35.2326,-8.354],[-35.2324,-8.3537],[-35.2321,-8.3533]]]}},{"type":"Feature","properties":{"c":"b194","b":194,"n":"Jaguaribe","m":"2605202","cx":-35.2405,"cy":-8.3728},"geometry":{"type":"Polygon","coordinates":[[[-35.2426,-8.3721],[-35.2422,-8.3711],[-35.2406,-8.3696],[-35.2398,-8.3692],[-35.2395,-8.3699],[-35.2371,-8.375],[-35.2395,-8.3767],[-35.2403,-8.3772],[-35.241,-8.3763],[-35.2432,-8.3736],[-35.2426,-8.3721]]]}},{"type":"Feature","properties":{"c":"b195","b":195,"n":"Mangueira","m":"2605202","cx":-35.2313,"cy":-8.3679},"geometry":{"type":"Polygon","coordinates":[[[-35.2366,-8.3642],[-35.235,-8.3644],[-35.234,-8.3646],[-35.2317,-8.3647],[-35.231,-8.3649],[-35.2303,-8.3653],[-35.2297,-8.3665],[-35.2292,-8.3673],[-35.2281,-8.3674],[-35.2272,-8.3668],[-35.2253,-8.3658],[-35.2234,-8.365],[-35.2231,-8.3644],[-35.2231,-8.3631],[-35.2221,-8.3623],[-35.2206,-8.3622],[-35.2195,-8.3628],[-35.2184,-8.3638],[-35.223,-8.3656],[-35.2243,-8.3663],[-35.2256,-8.3671],[-35.2319,-8.3714],[-35.2346,-8.3733],[-35.2356,-8.3684],[-35.2362,-8.3663],[-35.2366,-8.3642]]]}},{"type":"Feature","properties":{"c":"b196","b":196,"n":"Maracujá","m":"2605202","cx":-35.2368,"cy":-8.3716},"geometry":{"type":"Polygon","coordinates":[[[-35.2392,-8.3688],[-35.2389,-8.368],[-35.2376,-8.3669],[-35.2362,-8.3663],[-35.2356,-8.3684],[-35.2346,-8.3733],[-35.2371,-8.375],[-35.2395,-8.3699],[-35.2398,-8.3692],[-35.2392,-8.3688]]]}},{"type":"Feature","properties":{"c":"b197","b":197,"n":"Nova Cidade","m":"2605202","cx":-35.2457,"cy":-8.3791},"geometry":{"type":"Polygon","coordinates":[[[-35.2457,-8.381],[-35.2477,-8.3829],[-35.2511,-8.3864],[-35.2513,-8.3861],[-35.2506,-8.385],[-35.2505,-8.384],[-35.2483,-8.3816],[-35.2485,-8.38],[-35.2483,-8.3783],[-35.2466,-8.3766],[-35.2459,-8.3753],[-35.2453,-8.3752],[-35.2434,-8.3742],[-35.2432,-8.3736],[-35.241,-8.3763],[-35.2403,-8.3772],[-35.2457,-8.381]]]}},{"type":"Feature","properties":{"c":"b198","b":198,"n":"Nova Descoberta","m":"2605202","cx":-35.2355,"cy":-8.3563},"geometry":{"type":"Polygon","coordinates":[[[-35.2341,-8.3611],[-35.2346,-8.3607],[-35.2352,-8.3608],[-35.2368,-8.3596],[-35.2366,-8.3591],[-35.2369,-8.3581],[-35.2368,-8.3568],[-35.2363,-8.3553],[-35.236,-8.3541],[-35.2361,-8.3534],[-35.2354,-8.3525],[-35.2351,-8.3527],[-35.2344,-8.3537],[-35.2331,-8.3539],[-35.2324,-8.3537],[-35.2326,-8.354],[-35.2337,-8.3545],[-35.2341,-8.3558],[-35.2347,-8.3571],[-35.2352,-8.3574],[-35.2345,-8.3575],[-35.2346,-8.3584],[-35.234,-8.3586],[-35.2334,-8.3592],[-35.2334,-8.3609],[-35.2341,-8.3611]]]}},{"type":"Feature","properties":{"c":"b199","b":199,"n":"Nova Escada","m":"2605202","cx":-35.2288,"cy":-8.3728},"geometry":{"type":"Polygon","coordinates":[[[-35.2257,-8.3676],[-35.2235,-8.3696],[-35.223,-8.3711],[-35.2226,-8.3713],[-35.2233,-8.3715],[-35.2248,-8.3724],[-35.2272,-8.3741],[-35.2257,-8.3765],[-35.2265,-8.3767],[-35.2261,-8.3772],[-35.2264,-8.3773],[-35.2268,-8.3767],[-35.2275,-8.3773],[-35.2276,-8.3769],[-35.2285,-8.3771],[-35.2305,-8.3773],[-35.23,-8.3778],[-35.2306,-8.3781],[-35.2309,-8.3774],[-35.2316,-8.3772],[-35.2312,-8.3765],[-35.2314,-8.376],[-35.2324,-8.3755],[-35.2316,-8.3747],[-35.2322,-8.3732],[-35.2322,-8.3725],[-35.2318,-8.3718],[-35.2319,-8.3714],[-35.2256,-8.3671],[-35.2257,-8.3676]]]}},{"type":"Feature","properties":{"c":"b200","b":200,"n":"Povo Deus","m":"2605202","cx":-35.2438,"cy":-8.3608},"geometry":{"type":"Polygon","coordinates":[[[-35.2469,-8.358],[-35.2449,-8.3574],[-35.2438,-8.357],[-35.2434,-8.3577],[-35.242,-8.3589],[-35.2418,-8.3602],[-35.2423,-8.3615],[-35.2426,-8.3614],[-35.2429,-8.3624],[-35.2414,-8.3632],[-35.2417,-8.3642],[-35.2435,-8.3641],[-35.2455,-8.3628],[-35.2453,-8.3621],[-35.2457,-8.3599],[-35.2462,-8.359],[-35.2469,-8.358]]]}},{"type":"Feature","properties":{"c":"b201","b":201,"n":"Riacho do Navio","m":"2605202","cx":-35.2249,"cy":-8.3635},"geometry":{"type":"Polygon","coordinates":[[[-35.2254,-8.3648],[-35.2261,-8.3642],[-35.2264,-8.3636],[-35.2272,-8.3634],[-35.225,-8.3623],[-35.2224,-8.3609],[-35.2216,-8.3606],[-35.2208,-8.3605],[-35.217,-8.3607],[-35.2162,-8.3612],[-35.2156,-8.3627],[-35.2147,-8.365],[-35.2144,-8.3651],[-35.214,-8.3659],[-35.2148,-8.3664],[-35.2155,-8.3659],[-35.2158,-8.3655],[-35.218,-8.3643],[-35.2184,-8.3638],[-35.2195,-8.3628],[-35.2206,-8.3622],[-35.2221,-8.3623],[-35.2231,-8.3631],[-35.2231,-8.3644],[-35.2234,-8.365],[-35.2253,-8.3658],[-35.2254,-8.3648]]]}},{"type":"Feature","properties":{"c":"b202","b":202,"n":"Santo Antônio","m":"2605202","cx":-35.2384,"cy":-8.355},"geometry":{"type":"Polygon","coordinates":[[[-35.2406,-8.3539],[-35.2407,-8.353],[-35.2405,-8.3523],[-35.2386,-8.3523],[-35.2379,-8.3524],[-35.2368,-8.3529],[-35.2354,-8.3525],[-35.2361,-8.3534],[-35.236,-8.3541],[-35.2363,-8.3553],[-35.2368,-8.3568],[-35.2369,-8.3581],[-35.2375,-8.3576],[-35.2375,-8.3564],[-35.2387,-8.3564],[-35.2394,-8.3569],[-35.2397,-8.3565],[-35.2399,-8.3555],[-35.2402,-8.3557],[-35.2408,-8.3548],[-35.2406,-8.3539]]]}},{"type":"Feature","properties":{"c":"b203","b":203,"n":"São Francisco","m":"2605202","cx":-35.2347,"cy":-8.3751},"geometry":{"type":"Polygon","coordinates":[[[-35.2319,-8.3714],[-35.2318,-8.3718],[-35.2322,-8.3725],[-35.2322,-8.3732],[-35.2316,-8.3747],[-35.2324,-8.3755],[-35.2319,-8.3773],[-35.2331,-8.3779],[-35.2346,-8.3773],[-35.2354,-8.3753],[-35.2364,-8.376],[-35.2364,-8.3769],[-35.236,-8.3779],[-35.238,-8.3791],[-35.2386,-8.3782],[-35.2385,-8.3776],[-35.2395,-8.3767],[-35.2371,-8.375],[-35.2346,-8.3733],[-35.2319,-8.3714]]]}},{"type":"Feature","properties":{"c":"b204","b":204,"n":"São Sebastião","m":"2605202","cx":-35.2218,"cy":-8.3587},"geometry":{"type":"Polygon","coordinates":[[[-35.2162,-8.3612],[-35.217,-8.3607],[-35.2208,-8.3605],[-35.2216,-8.3606],[-35.2224,-8.3609],[-35.225,-8.3623],[-35.2272,-8.3634],[-35.2267,-8.3624],[-35.2274,-8.3613],[-35.2272,-8.3601],[-35.2291,-8.358],[-35.2291,-8.3572],[-35.2288,-8.3559],[-35.2286,-8.3546],[-35.2249,-8.356],[-35.2232,-8.3564],[-35.2219,-8.3564],[-35.2195,-8.3557],[-35.2192,-8.3554],[-35.2196,-8.3549],[-35.2193,-8.3545],[-35.2189,-8.3549],[-35.2181,-8.3547],[-35.2165,-8.3549],[-35.2153,-8.3563],[-35.2143,-8.3565],[-35.2152,-8.3569],[-35.215,-8.3581],[-35.2153,-8.3593],[-35.2148,-8.3598],[-35.2139,-8.3598],[-35.2131,-8.3617],[-35.2156,-8.3627],[-35.2162,-8.3612]]]}},{"type":"Feature","properties":{"c":"b205","b":205,"n":"Viradouro","m":"2605202","cx":-35.2274,"cy":-8.3655},"geometry":{"type":"Polygon","coordinates":[[[-35.2264,-8.3636],[-35.2261,-8.3642],[-35.2254,-8.3648],[-35.2253,-8.3658],[-35.2272,-8.3668],[-35.2281,-8.3674],[-35.2292,-8.3673],[-35.2297,-8.3665],[-35.229,-8.3662],[-35.2296,-8.3652],[-35.23,-8.3649],[-35.229,-8.3644],[-35.2272,-8.3634],[-35.2264,-8.3636]]]}},{"type":"Feature","properties":{"c":"b206","b":206,"n":"Aloísio Souto Pinto","m":"2606002","cx":-36.4997,"cy":-8.9044},"geometry":{"type":"Polygon","coordinates":[[[-36.513,-8.8943],[-36.5122,-8.8943],[-36.5103,-8.8946],[-36.5086,-8.8946],[-36.507,-8.894],[-36.506,-8.8932],[-36.505,-8.8927],[-36.504,-8.8919],[-36.5022,-8.8909],[-36.5006,-8.8908],[-36.499,-8.8909],[-36.4983,-8.8934],[-36.5006,-8.8954],[-36.5014,-8.8964],[-36.5001,-8.8977],[-36.4984,-8.8993],[-36.498,-8.8986],[-36.495,-8.8993],[-36.4937,-8.9008],[-36.4938,-8.9012],[-36.498,-8.9066],[-36.4994,-8.9084],[-36.5003,-8.9102],[-36.5004,-8.9108],[-36.5002,-8.9127],[-36.5003,-8.9139],[-36.5008,-8.9152],[-36.5018,-8.9171],[-36.5024,-8.9175],[-36.5035,-8.9175],[-36.5045,-8.9179],[-36.5058,-8.9166],[-36.5063,-8.9164],[-36.5076,-8.9153],[-36.5097,-8.9175],[-36.5111,-8.9187],[-36.5138,-8.9159],[-36.5134,-8.9148],[-36.511,-8.9122],[-36.512,-8.9108],[-36.5115,-8.9105],[-36.5106,-8.9113],[-36.5097,-8.9119],[-36.509,-8.9127],[-36.5088,-8.9139],[-36.5079,-8.9139],[-36.5055,-8.9112],[-36.5014,-8.9069],[-36.5018,-8.9062],[-36.5014,-8.9057],[-36.5031,-8.9049],[-36.5031,-8.904],[-36.5039,-8.901],[-36.5061,-8.8995],[-36.5088,-8.8988],[-36.51,-8.8981],[-36.5105,-8.8982],[-36.5112,-8.8973],[-36.5112,-8.8966],[-36.5122,-8.8975],[-36.5125,-8.8975],[-36.5155,-8.897],[-36.5163,-8.8954],[-36.5147,-8.8951],[-36.5136,-8.8945],[-36.513,-8.8943]]]}},{"type":"Feature","properties":{"c":"b207","b":207,"n":"Boa Vista","m":"2606002","cx":-36.4943,"cy":-8.9133},"geometry":{"type":"Polygon","coordinates":[[[-36.4979,-8.8938],[-36.4958,-8.8935],[-36.4947,-8.8937],[-36.4941,-8.8936],[-36.4941,-8.8944],[-36.4929,-8.8945],[-36.4922,-8.8951],[-36.4917,-8.8944],[-36.4909,-8.895],[-36.4899,-8.8962],[-36.489,-8.8968],[-36.4906,-8.8998],[-36.4891,-8.901],[-36.4881,-8.9022],[-36.487,-8.9049],[-36.4869,-8.9053],[-36.4873,-8.9064],[-36.488,-8.9071],[-36.4881,-8.9075],[-36.4876,-8.9081],[-36.4874,-8.909],[-36.4892,-8.9175],[-36.4898,-8.92],[-36.4899,-8.9208],[-36.4896,-8.9236],[-36.4895,-8.9251],[-36.4888,-8.928],[-36.4883,-8.9295],[-36.4874,-8.9304],[-36.4874,-8.9311],[-36.4879,-8.9332],[-36.4899,-8.9332],[-36.4923,-8.9334],[-36.4944,-8.9337],[-36.4961,-8.9301],[-36.4912,-8.9273],[-36.4922,-8.9261],[-36.4935,-8.9243],[-36.4946,-8.9235],[-36.496,-8.9216],[-36.4967,-8.9209],[-36.4992,-8.9198],[-36.4998,-8.9193],[-36.5016,-8.9186],[-36.5032,-8.9182],[-36.5035,-8.9175],[-36.5024,-8.9175],[-36.5018,-8.9171],[-36.5008,-8.9152],[-36.5003,-8.9139],[-36.5002,-8.9127],[-36.5004,-8.9108],[-36.5003,-8.9102],[-36.4994,-8.9084],[-36.498,-8.9066],[-36.4938,-8.9012],[-36.4937,-8.9008],[-36.495,-8.8993],[-36.498,-8.8986],[-36.4984,-8.8993],[-36.5001,-8.8977],[-36.5014,-8.8964],[-36.5006,-8.8954],[-36.4983,-8.8934],[-36.4979,-8.8938]]]}},{"type":"Feature","properties":{"c":"b208","b":208,"n":"Dom Hélder Câmara","m":"2606002","cx":-36.4991,"cy":-8.8582},"geometry":{"type":"Polygon","coordinates":[[[-36.4869,-8.8665],[-36.4858,-8.8655],[-36.4862,-8.864],[-36.4865,-8.8637],[-36.4878,-8.862],[-36.489,-8.8611],[-36.4897,-8.8645],[-36.4905,-8.8657],[-36.4909,-8.8674],[-36.4905,-8.8678],[-36.4906,-8.8684],[-36.4901,-8.8686],[-36.4893,-8.8704],[-36.4903,-8.8703],[-36.4904,-8.8707],[-36.4915,-8.8705],[-36.4916,-8.8709],[-36.4942,-8.8704],[-36.4943,-8.87],[-36.4959,-8.8706],[-36.4969,-8.8699],[-36.4974,-8.8699],[-36.4978,-8.8679],[-36.4987,-8.8683],[-36.4994,-8.8682],[-36.501,-8.8684],[-36.5027,-8.8681],[-36.504,-8.8687],[-36.5047,-8.8687],[-36.5052,-8.8714],[-36.5057,-8.8724],[-36.5055,-8.8734],[-36.5066,-8.8748],[-36.5075,-8.8741],[-36.5078,-8.8732],[-36.5081,-8.8705],[-36.5082,-8.8701],[-36.5085,-8.868],[-36.5114,-8.8598],[-36.5121,-8.8572],[-36.5126,-8.8561],[-36.5134,-8.8551],[-36.5118,-8.8544],[-36.4886,-8.841],[-36.4862,-8.8595],[-36.4844,-8.857],[-36.4812,-8.8593],[-36.4803,-8.8603],[-36.4806,-8.861],[-36.4801,-8.8613],[-36.4804,-8.8619],[-36.478,-8.8636],[-36.4786,-8.8651],[-36.4802,-8.864],[-36.4804,-8.8653],[-36.4808,-8.8654],[-36.4818,-8.8649],[-36.482,-8.8666],[-36.4817,-8.8694],[-36.4852,-8.8676],[-36.4869,-8.8665]]]}},{"type":"Feature","properties":{"c":"b209","b":209,"n":"Dom Thiago Postma","m":"2606002","cx":-36.495,"cy":-8.8719},"geometry":{"type":"Polygon","coordinates":[[[-36.5078,-8.8732],[-36.5075,-8.8741],[-36.5066,-8.8748],[-36.5055,-8.8734],[-36.5057,-8.8724],[-36.5052,-8.8714],[-36.5047,-8.8687],[-36.504,-8.8687],[-36.5027,-8.8681],[-36.501,-8.8684],[-36.4994,-8.8682],[-36.4987,-8.8683],[-36.4978,-8.8679],[-36.4974,-8.8699],[-36.4969,-8.8699],[-36.4959,-8.8706],[-36.4943,-8.87],[-36.4942,-8.8704],[-36.4916,-8.8709],[-36.4915,-8.8705],[-36.4904,-8.8707],[-36.4903,-8.8703],[-36.4893,-8.8704],[-36.4901,-8.8686],[-36.4906,-8.8684],[-36.4905,-8.8678],[-36.4909,-8.8674],[-36.4905,-8.8657],[-36.4897,-8.8645],[-36.489,-8.8611],[-36.4878,-8.862],[-36.4865,-8.8637],[-36.4862,-8.864],[-36.4858,-8.8655],[-36.4869,-8.8665],[-36.4852,-8.8676],[-36.4851,-8.8688],[-36.4844,-8.8728],[-36.4855,-8.8733],[-36.486,-8.8739],[-36.4869,-8.8744],[-36.4861,-8.8759],[-36.4856,-8.8778],[-36.485,-8.8792],[-36.4858,-8.8795],[-36.4877,-8.8815],[-36.4889,-8.882],[-36.4902,-8.8818],[-36.5013,-8.8766],[-36.5029,-8.8762],[-36.5039,-8.8761],[-36.5054,-8.8763],[-36.5073,-8.8768],[-36.5078,-8.8732]]]}},{"type":"Feature","properties":{"c":"b210","b":210,"n":"Francisco Simão dos Santos Figueira","m":"2606002","cx":-36.4782,"cy":-8.9099},"geometry":{"type":"Polygon","coordinates":[[[-36.4644,-8.9038],[-36.4642,-8.9042],[-36.4633,-8.9051],[-36.463,-8.9055],[-36.4661,-8.9078],[-36.467,-8.9077],[-36.4675,-8.908],[-36.4695,-8.9094],[-36.4682,-8.9105],[-36.4679,-8.9111],[-36.4683,-8.9128],[-36.4692,-8.9132],[-36.4717,-8.9149],[-36.471,-8.9161],[-36.4706,-8.9159],[-36.469,-8.9165],[-36.4679,-8.9172],[-36.4676,-8.9176],[-36.4694,-8.918],[-36.4711,-8.9186],[-36.4732,-8.9177],[-36.4765,-8.9154],[-36.4771,-8.9147],[-36.4802,-8.917],[-36.4821,-8.9181],[-36.4839,-8.9164],[-36.485,-8.9155],[-36.4855,-8.9177],[-36.486,-8.9186],[-36.487,-8.9186],[-36.488,-8.9191],[-36.4886,-8.9201],[-36.489,-8.9224],[-36.4896,-8.9236],[-36.4899,-8.9208],[-36.4898,-8.92],[-36.4892,-8.9175],[-36.4874,-8.909],[-36.4876,-8.9081],[-36.4881,-8.9075],[-36.488,-8.9071],[-36.4873,-8.9064],[-36.4869,-8.9053],[-36.487,-8.9049],[-36.4881,-8.9022],[-36.4891,-8.901],[-36.4906,-8.8998],[-36.489,-8.8968],[-36.4872,-8.8972],[-36.4857,-8.8972],[-36.4815,-8.8983],[-36.48,-8.8992],[-36.4775,-8.8991],[-36.4755,-8.8997],[-36.4744,-8.8999],[-36.4715,-8.9008],[-36.4689,-8.9011],[-36.4667,-8.9019],[-36.4652,-8.903],[-36.4644,-8.9038]]]}},{"type":"Feature","properties":{"c":"b211","b":211,"n":"Heliópolis","m":"2606002","cx":-36.4752,"cy":-8.8886},"geometry":{"type":"Polygon","coordinates":[[[-36.487,-8.8944],[-36.4864,-8.8929],[-36.4861,-8.8868],[-36.4862,-8.8865],[-36.4872,-8.8871],[-36.4885,-8.884],[-36.4856,-8.8797],[-36.485,-8.8792],[-36.4838,-8.8788],[-36.4824,-8.8781],[-36.4818,-8.8783],[-36.4801,-8.8792],[-36.4789,-8.8793],[-36.4744,-8.8771],[-36.473,-8.8763],[-36.4708,-8.8747],[-36.4707,-8.8748],[-36.4705,-8.8759],[-36.4692,-8.876],[-36.4694,-8.878],[-36.4711,-8.8785],[-36.4704,-8.879],[-36.4684,-8.8797],[-36.469,-8.8821],[-36.4698,-8.8845],[-36.4681,-8.885],[-36.467,-8.8851],[-36.4645,-8.8852],[-36.4646,-8.886],[-36.4642,-8.8883],[-36.4644,-8.889],[-36.4639,-8.8898],[-36.4634,-8.8923],[-36.4634,-8.8932],[-36.4632,-8.8939],[-36.4627,-8.8942],[-36.4628,-8.8948],[-36.4635,-8.8958],[-36.4632,-8.8964],[-36.4634,-8.8971],[-36.4639,-8.8975],[-36.4636,-8.8981],[-36.4646,-8.8992],[-36.4648,-8.9001],[-36.4659,-8.9009],[-36.4661,-8.9015],[-36.4659,-8.9019],[-36.4649,-8.9025],[-36.4652,-8.903],[-36.4667,-8.9019],[-36.4689,-8.9011],[-36.4715,-8.9008],[-36.4744,-8.8999],[-36.4755,-8.8997],[-36.4775,-8.8991],[-36.48,-8.8992],[-36.4815,-8.8983],[-36.4857,-8.8972],[-36.4872,-8.8972],[-36.487,-8.8944]]]}},{"type":"Feature","properties":{"c":"b212","b":212,"n":"Jose Maria Dourado","m":"2606002","cx":-36.47,"cy":-8.8617},"geometry":{"type":"Polygon","coordinates":[[[-36.473,-8.8763],[-36.4744,-8.8771],[-36.4789,-8.8793],[-36.4801,-8.8792],[-36.4818,-8.8783],[-36.4824,-8.8781],[-36.4838,-8.8788],[-36.485,-8.8792],[-36.4856,-8.8778],[-36.4861,-8.8759],[-36.4869,-8.8744],[-36.486,-8.8739],[-36.4855,-8.8733],[-36.4844,-8.8728],[-36.4839,-8.873],[-36.4825,-8.8727],[-36.4814,-8.8717],[-36.4812,-8.8708],[-36.48,-8.8699],[-36.4798,-8.8695],[-36.48,-8.8684],[-36.4793,-8.8665],[-36.4777,-8.8647],[-36.4767,-8.863],[-36.4754,-8.8604],[-36.4745,-8.8593],[-36.4742,-8.8586],[-36.4736,-8.858],[-36.4721,-8.857],[-36.4713,-8.8564],[-36.47,-8.8561],[-36.4692,-8.8554],[-36.4682,-8.8536],[-36.4672,-8.8525],[-36.4663,-8.8513],[-36.466,-8.8506],[-36.4641,-8.8484],[-36.4634,-8.8475],[-36.4628,-8.8462],[-36.4625,-8.845],[-36.461,-8.8491],[-36.4646,-8.8582],[-36.4647,-8.8592],[-36.4646,-8.8599],[-36.4619,-8.867],[-36.4619,-8.8681],[-36.4626,-8.8693],[-36.4688,-8.8734],[-36.4708,-8.8747],[-36.473,-8.8763]]]}},{"type":"Feature","properties":{"c":"b213","b":213,"n":"Magano","m":"2606002","cx":-36.5012,"cy":-8.8848},"geometry":{"type":"MultiPolygon","coordinates":[[[[-36.4961,-8.8867],[-36.4973,-8.8862],[-36.4977,-8.8875],[-36.4987,-8.8869],[-36.4995,-8.8869],[-36.5021,-8.8863],[-36.5025,-8.888],[-36.5023,-8.8903],[-36.5022,-8.8909],[-36.504,-8.8919],[-36.505,-8.8927],[-36.506,-8.8932],[-36.5063,-8.8926],[-36.5049,-8.8917],[-36.5056,-8.8915],[-36.5063,-8.8906],[-36.5073,-8.8887],[-36.5076,-8.888],[-36.5085,-8.8837],[-36.5084,-8.8827],[-36.5081,-8.882],[-36.5093,-8.8811],[-36.5089,-8.8805],[-36.5105,-8.8795],[-36.5131,-8.8783],[-36.5131,-8.878],[-36.5112,-8.878],[-36.5073,-8.8768],[-36.507,-8.8795],[-36.5046,-8.879],[-36.5037,-8.8789],[-36.5026,-8.8799],[-36.4962,-8.8832],[-36.4947,-8.8838],[-36.4937,-8.8858],[-36.4961,-8.8867]]],[[[-36.5085,-8.8706],[-36.5083,-8.8725],[-36.5106,-8.8725],[-36.5132,-8.8702],[-36.5129,-8.8698],[-36.5121,-8.87],[-36.5115,-8.8686],[-36.5119,-8.8683],[-36.512,-8.8676],[-36.5091,-8.8675],[-36.5089,-8.8683],[-36.5086,-8.8702],[-36.5082,-8.8701],[-36.5081,-8.8705],[-36.5085,-8.8706]]]]}},{"type":"Feature","properties":{"c":"b214","b":214,"n":"Manoel Chéu","m":"2606002","cx":-36.5098,"cy":-8.891},"geometry":{"type":"Polygon","coordinates":[[[-36.5063,-8.8906],[-36.5056,-8.8915],[-36.5049,-8.8917],[-36.5063,-8.8926],[-36.506,-8.8932],[-36.507,-8.894],[-36.5086,-8.8946],[-36.5103,-8.8946],[-36.5122,-8.8943],[-36.513,-8.8943],[-36.5136,-8.8945],[-36.5138,-8.8942],[-36.5137,-8.8893],[-36.513,-8.8885],[-36.5116,-8.8873],[-36.511,-8.8876],[-36.511,-8.8889],[-36.5097,-8.8891],[-36.5073,-8.8887],[-36.5063,-8.8906]]]}},{"type":"Feature","properties":{"c":"b215","b":215,"n":"Novo Heliópolis","m":"2606002","cx":-36.459,"cy":-8.8645},"geometry":{"type":"Polygon","coordinates":[[[-36.4708,-8.8747],[-36.4688,-8.8734],[-36.4626,-8.8693],[-36.4619,-8.8681],[-36.4619,-8.867],[-36.4646,-8.8599],[-36.4647,-8.8592],[-36.4646,-8.8582],[-36.461,-8.8491],[-36.4582,-8.8563],[-36.4561,-8.862],[-36.454,-8.8675],[-36.4502,-8.8775],[-36.4513,-8.8777],[-36.4523,-8.8774],[-36.4546,-8.8763],[-36.4565,-8.8757],[-36.4586,-8.8755],[-36.4679,-8.8744],[-36.4687,-8.8743],[-36.4699,-8.8745],[-36.4707,-8.8748],[-36.4708,-8.8747]]]}},{"type":"Feature","properties":{"c":"b216","b":216,"n":"Santo Antônio","m":"2606002","cx":-36.4943,"cy":-8.8906},"geometry":{"type":"Polygon","coordinates":[[[-36.499,-8.8909],[-36.5006,-8.8908],[-36.5022,-8.8909],[-36.5023,-8.8903],[-36.5025,-8.888],[-36.5021,-8.8863],[-36.4995,-8.8869],[-36.4987,-8.8869],[-36.4977,-8.8875],[-36.4973,-8.8862],[-36.4961,-8.8867],[-36.4937,-8.8858],[-36.4926,-8.888],[-36.4915,-8.8876],[-36.4899,-8.8861],[-36.4885,-8.884],[-36.4872,-8.8871],[-36.4862,-8.8865],[-36.4861,-8.8868],[-36.4864,-8.8929],[-36.487,-8.8944],[-36.4872,-8.8972],[-36.489,-8.8968],[-36.4899,-8.8962],[-36.4909,-8.895],[-36.4917,-8.8944],[-36.4922,-8.8951],[-36.4929,-8.8945],[-36.4941,-8.8944],[-36.4941,-8.8936],[-36.4947,-8.8937],[-36.4958,-8.8935],[-36.4979,-8.8938],[-36.4983,-8.8934],[-36.499,-8.8909]]]}},{"type":"Feature","properties":{"c":"b217","b":217,"n":"Severiano Moraes Filho","m":"2606002","cx":-36.4522,"cy":-8.8911},"geometry":{"type":"Polygon","coordinates":[[[-36.4699,-8.8745],[-36.4687,-8.8743],[-36.4679,-8.8744],[-36.4586,-8.8755],[-36.4565,-8.8757],[-36.4546,-8.8763],[-36.4523,-8.8774],[-36.4513,-8.8777],[-36.4502,-8.8775],[-36.4485,-8.882],[-36.4422,-8.8898],[-36.4417,-8.89],[-36.4308,-8.9028],[-36.432,-8.9048],[-36.4338,-8.9079],[-36.4378,-8.9067],[-36.4428,-8.905],[-36.443,-8.8987],[-36.4488,-8.8975],[-36.4491,-8.8972],[-36.4501,-8.8972],[-36.4518,-8.8969],[-36.4523,-8.897],[-36.4528,-8.8978],[-36.4544,-8.8988],[-36.4573,-8.8996],[-36.4607,-8.9011],[-36.4625,-8.9024],[-36.464,-8.9031],[-36.4649,-8.9025],[-36.4659,-8.9019],[-36.4661,-8.9015],[-36.4659,-8.9009],[-36.4648,-8.9001],[-36.4646,-8.8992],[-36.4636,-8.8981],[-36.4639,-8.8975],[-36.4634,-8.8971],[-36.4632,-8.8964],[-36.4635,-8.8958],[-36.4628,-8.8948],[-36.4627,-8.8942],[-36.4632,-8.8939],[-36.4634,-8.8932],[-36.4634,-8.8923],[-36.4639,-8.8898],[-36.4644,-8.889],[-36.4642,-8.8883],[-36.4646,-8.886],[-36.4645,-8.8852],[-36.467,-8.8851],[-36.4681,-8.885],[-36.4698,-8.8845],[-36.469,-8.8821],[-36.4684,-8.8797],[-36.4704,-8.879],[-36.4711,-8.8785],[-36.4694,-8.878],[-36.4692,-8.876],[-36.4705,-8.8759],[-36.4707,-8.8748],[-36.4699,-8.8745]]]}},{"type":"Feature","properties":{"c":"b218","b":218,"n":"São José","m":"2606002","cx":-36.4925,"cy":-8.8826},"geometry":{"type":"Polygon","coordinates":[[[-36.5054,-8.8763],[-36.5039,-8.8761],[-36.5029,-8.8762],[-36.5013,-8.8766],[-36.4902,-8.8818],[-36.4889,-8.882],[-36.4877,-8.8815],[-36.4858,-8.8795],[-36.485,-8.8792],[-36.4856,-8.8797],[-36.4885,-8.884],[-36.4899,-8.8861],[-36.4915,-8.8876],[-36.4926,-8.888],[-36.4937,-8.8858],[-36.4947,-8.8838],[-36.4962,-8.8832],[-36.5026,-8.8799],[-36.5037,-8.8789],[-36.5046,-8.879],[-36.507,-8.8795],[-36.5073,-8.8768],[-36.5054,-8.8763]]]}},{"type":"Feature","properties":{"c":"b219","b":219,"n":"Centro","m":"2606101","cx":-35.2926,"cy":-8.002},"geometry":{"type":"Polygon","coordinates":[[[-35.2909,-7.9975],[-35.2906,-7.9983],[-35.2894,-7.9997],[-35.2869,-8.0003],[-35.2887,-8.001],[-35.29,-8.0022],[-35.2895,-8.0028],[-35.2895,-8.0035],[-35.2898,-8.0042],[-35.2903,-8.0045],[-35.291,-8.0053],[-35.2914,-8.0063],[-35.2924,-8.0061],[-35.292,-8.0056],[-35.2922,-8.0049],[-35.2934,-8.003],[-35.294,-8.0034],[-35.2952,-8.0038],[-35.2958,-8.0036],[-35.2954,-8.0018],[-35.2956,-8.0016],[-35.2967,-8.0011],[-35.2945,-8.0002],[-35.2947,-7.9996],[-35.2923,-7.9985],[-35.2909,-7.9975]]]}},{"type":"Feature","properties":{"c":"b220","b":220,"n":"Cohab","m":"2606101","cx":-35.2855,"cy":-7.9987},"geometry":{"type":"Polygon","coordinates":[[[-35.2876,-7.997],[-35.2872,-7.9971],[-35.2859,-7.997],[-35.2849,-7.9975],[-35.2837,-7.9999],[-35.2852,-8.0011],[-35.2859,-8.0001],[-35.2876,-7.997]]]}},{"type":"Feature","properties":{"c":"b221","b":221,"n":"Madre de Deus","m":"2606101","cx":-35.2889,"cy":-7.9979},"geometry":{"type":"Polygon","coordinates":[[[-35.293,-7.9975],[-35.2928,-7.9963],[-35.292,-7.9963],[-35.292,-7.9958],[-35.2912,-7.9956],[-35.2905,-7.9959],[-35.2905,-7.9963],[-35.2896,-7.9959],[-35.2892,-7.997],[-35.288,-7.9963],[-35.2876,-7.997],[-35.2859,-8.0001],[-35.2863,-8.0005],[-35.2869,-8.0003],[-35.2894,-7.9997],[-35.2906,-7.9983],[-35.2909,-7.9975],[-35.2923,-7.9985],[-35.293,-7.9975]]]}},{"type":"Feature","properties":{"c":"b222","b":222,"n":"Nova Glória","m":"2606101","cx":-35.2989,"cy":-7.9998},"geometry":{"type":"Polygon","coordinates":[[[-35.2945,-8.0002],[-35.2967,-8.0011],[-35.2983,-8.0019],[-35.2981,-8.003],[-35.3002,-8.003],[-35.3016,-8.0035],[-35.3034,-8.0043],[-35.3045,-8.0049],[-35.3048,-8.0041],[-35.3053,-8.0038],[-35.3046,-8.0034],[-35.3053,-8.0015],[-35.3047,-8.0012],[-35.3041,-8.0026],[-35.3036,-8.0029],[-35.3027,-8.0024],[-35.302,-8.0023],[-35.3022,-8.0017],[-35.3016,-8.0015],[-35.3022,-8.0002],[-35.3032,-8.0],[-35.3036,-7.9978],[-35.3026,-7.9978],[-35.3027,-7.9973],[-35.3017,-7.9964],[-35.3012,-7.9969],[-35.3001,-7.9959],[-35.2994,-7.9953],[-35.2991,-7.9955],[-35.2984,-7.995],[-35.2965,-7.9971],[-35.2951,-7.9988],[-35.2947,-7.9996],[-35.2945,-8.0002]]]}},{"type":"Feature","properties":{"c":"b223","b":223,"n":"Santa Rita","m":"2606101","cx":-35.2965,"cy":-7.9933},"geometry":{"type":"Polygon","coordinates":[[[-35.2996,-7.9936],[-35.3004,-7.993],[-35.3022,-7.9926],[-35.3067,-7.9967],[-35.3069,-7.9966],[-35.3077,-7.9974],[-35.3081,-7.9974],[-35.3082,-7.9961],[-35.3079,-7.9907],[-35.3073,-7.9899],[-35.3076,-7.9895],[-35.3067,-7.9878],[-35.3058,-7.9873],[-35.3052,-7.9878],[-35.304,-7.9884],[-35.2946,-7.9917],[-35.2955,-7.9881],[-35.2951,-7.9877],[-35.2935,-7.9876],[-35.2928,-7.9888],[-35.2928,-7.9903],[-35.2927,-7.9915],[-35.2934,-7.9949],[-35.2921,-7.995],[-35.292,-7.9958],[-35.292,-7.9963],[-35.2928,-7.9963],[-35.293,-7.9975],[-35.2923,-7.9985],[-35.2947,-7.9996],[-35.2951,-7.9988],[-35.2965,-7.9971],[-35.2984,-7.995],[-35.2996,-7.9936]]]}},{"type":"Feature","properties":{"c":"b224","b":224,"n":"Centro","m":"2606309","cx":-39.6146,"cy":-7.7164},"geometry":{"type":"Polygon","coordinates":[[[-39.6159,-7.7182],[-39.6158,-7.7166],[-39.6158,-7.7136],[-39.6157,-7.7133],[-39.6136,-7.7135],[-39.6139,-7.7147],[-39.6139,-7.716],[-39.6133,-7.7163],[-39.6136,-7.7172],[-39.6155,-7.7181],[-39.6154,-7.7191],[-39.6159,-7.7194],[-39.616,-7.7188],[-39.6167,-7.7187],[-39.6165,-7.7184],[-39.6159,-7.7182]]]}},{"type":"Feature","properties":{"c":"b225","b":225,"n":"Deputado Ulisses Guimarães","m":"2606309","cx":-39.6167,"cy":-7.7112},"geometry":{"type":"Polygon","coordinates":[[[-39.6157,-7.7133],[-39.6158,-7.7136],[-39.6196,-7.7134],[-39.6195,-7.7119],[-39.6201,-7.7118],[-39.62,-7.7106],[-39.6206,-7.7105],[-39.6204,-7.7095],[-39.6136,-7.7102],[-39.6134,-7.7105],[-39.6136,-7.7135],[-39.6157,-7.7133]]]}},{"type":"Feature","properties":{"c":"b226","b":226,"n":"Jardim Novo Granito","m":"2606309","cx":-39.6165,"cy":-7.7159},"geometry":{"type":"Polygon","coordinates":[[[-39.6158,-7.7136],[-39.6158,-7.7166],[-39.6159,-7.7182],[-39.6165,-7.7184],[-39.6174,-7.7177],[-39.617,-7.7162],[-39.6175,-7.7157],[-39.6176,-7.7149],[-39.6197,-7.7144],[-39.6196,-7.7134],[-39.6158,-7.7136]]]}},{"type":"Feature","properties":{"c":"b227","b":227,"n":"Agamenon","m":"2606804","cx":-34.9231,"cy":-7.8351},"geometry":{"type":"Polygon","coordinates":[[[-34.9147,-7.8376],[-34.9152,-7.8379],[-34.9153,-7.8399],[-34.9158,-7.8405],[-34.9159,-7.8411],[-34.9164,-7.8418],[-34.9172,-7.8421],[-34.9182,-7.842],[-34.9188,-7.8421],[-34.9194,-7.8418],[-34.9202,-7.8417],[-34.9212,-7.8419],[-34.9223,-7.8426],[-34.9233,-7.8435],[-34.9252,-7.8433],[-34.9253,-7.8427],[-34.9263,-7.8429],[-34.9274,-7.8427],[-34.9273,-7.8431],[-34.928,-7.843],[-34.9292,-7.8431],[-34.9313,-7.8441],[-34.9318,-7.842],[-34.9317,-7.8413],[-34.9295,-7.8372],[-34.929,-7.8343],[-34.9272,-7.8346],[-34.9261,-7.8296],[-34.9254,-7.8272],[-34.9249,-7.8258],[-34.9237,-7.8258],[-34.9231,-7.8264],[-34.9212,-7.8272],[-34.9199,-7.8281],[-34.9183,-7.8289],[-34.9166,-7.8295],[-34.917,-7.8302],[-34.9165,-7.8315],[-34.9166,-7.8317],[-34.9179,-7.8315],[-34.9183,-7.8342],[-34.9164,-7.8355],[-34.9159,-7.8348],[-34.9163,-7.8345],[-34.9165,-7.8336],[-34.9159,-7.8331],[-34.9149,-7.8343],[-34.9153,-7.8349],[-34.9139,-7.8352],[-34.9147,-7.8376]]]}},{"type":"Feature","properties":{"c":"b228","b":228,"n":"Alto do Céu","m":"2606804","cx":-34.9319,"cy":-7.8056},"geometry":{"type":"Polygon","coordinates":[[[-34.9263,-7.8016],[-34.9263,-7.8036],[-34.9261,-7.8044],[-34.9249,-7.8063],[-34.9234,-7.8077],[-34.928,-7.8097],[-34.9301,-7.8101],[-34.9314,-7.8099],[-34.9342,-7.8105],[-34.9369,-7.8093],[-34.9373,-7.8093],[-34.9378,-7.8091],[-34.9378,-7.8081],[-34.939,-7.8041],[-34.9385,-7.8044],[-34.9378,-7.8043],[-34.9358,-7.8049],[-34.9349,-7.8049],[-34.9331,-7.8042],[-34.9319,-7.8036],[-34.9313,-7.803],[-34.931,-7.8025],[-34.9302,-7.8018],[-34.9272,-7.7995],[-34.9268,-7.7996],[-34.9263,-7.8016]]]}},{"type":"Feature","properties":{"c":"b229","b":229,"n":"Ana de Albuquerque","m":"2606804","cx":-34.9134,"cy":-7.8447},"geometry":{"type":"Polygon","coordinates":[[[-34.9178,-7.843],[-34.9172,-7.8421],[-34.9164,-7.8418],[-34.9159,-7.8411],[-34.9158,-7.8405],[-34.9153,-7.8399],[-34.9152,-7.8379],[-34.9147,-7.8376],[-34.9139,-7.8352],[-34.9131,-7.8351],[-34.9127,-7.8361],[-34.9124,-7.8379],[-34.9099,-7.8474],[-34.9095,-7.8501],[-34.9094,-7.8504],[-34.9089,-7.8538],[-34.9103,-7.8531],[-34.9121,-7.8523],[-34.9121,-7.8516],[-34.9133,-7.8512],[-34.9146,-7.8505],[-34.9154,-7.8487],[-34.9154,-7.8472],[-34.9159,-7.8455],[-34.9166,-7.844],[-34.9178,-7.8434],[-34.9178,-7.843]]]}},{"type":"Feature","properties":{"c":"b230","b":230,"n":"Bela Vista","m":"2606804","cx":-34.9269,"cy":-7.822},"geometry":{"type":"Polygon","coordinates":[[[-34.9292,-7.8261],[-34.9335,-7.8265],[-34.9342,-7.8271],[-34.9346,-7.8273],[-34.937,-7.827],[-34.9372,-7.8234],[-34.9375,-7.8227],[-34.9372,-7.8225],[-34.9377,-7.8216],[-34.9387,-7.8211],[-34.9396,-7.8185],[-34.937,-7.817],[-34.9354,-7.8167],[-34.9327,-7.8167],[-34.9298,-7.8161],[-34.9289,-7.8162],[-34.9269,-7.8159],[-34.9259,-7.8154],[-34.9243,-7.8153],[-34.9234,-7.815],[-34.9221,-7.8162],[-34.9212,-7.8177],[-34.919,-7.819],[-34.9169,-7.8198],[-34.9165,-7.8213],[-34.915,-7.8272],[-34.9143,-7.8299],[-34.9166,-7.8295],[-34.9183,-7.8289],[-34.9199,-7.8281],[-34.9212,-7.8272],[-34.9231,-7.8264],[-34.9237,-7.8258],[-34.9249,-7.8258],[-34.9292,-7.8261]]]}},{"type":"Feature","properties":{"c":"b231","b":231,"n":"Boa Sorte","m":"2606804","cx":-34.9039,"cy":-7.8614},"geometry":{"type":"Polygon","coordinates":[[[-34.8985,-7.8591],[-34.8993,-7.8607],[-34.9005,-7.8621],[-34.9011,-7.8625],[-34.9024,-7.863],[-34.9045,-7.8633],[-34.9042,-7.864],[-34.9049,-7.8651],[-34.9069,-7.8678],[-34.9073,-7.8653],[-34.908,-7.8601],[-34.9068,-7.8599],[-34.9059,-7.8596],[-34.906,-7.8589],[-34.9049,-7.858],[-34.9049,-7.8572],[-34.9019,-7.8577],[-34.9018,-7.8564],[-34.9009,-7.8564],[-34.8991,-7.8571],[-34.8977,-7.8578],[-34.8985,-7.8591]]]}},{"type":"Feature","properties":{"c":"b232","b":232,"n":"Bonfim","m":"2606804","cx":-34.9149,"cy":-7.8764},"geometry":{"type":"Polygon","coordinates":[[[-34.9148,-7.8799],[-34.9154,-7.8803],[-34.9166,-7.8807],[-34.9197,-7.879],[-34.9191,-7.8785],[-34.9193,-7.8778],[-34.9201,-7.8767],[-34.9203,-7.8756],[-34.9188,-7.8754],[-34.9179,-7.8754],[-34.9157,-7.8746],[-34.9147,-7.875],[-34.9139,-7.8747],[-34.9126,-7.8738],[-34.9121,-7.8736],[-34.9101,-7.8722],[-34.9099,-7.873],[-34.91,-7.8749],[-34.9098,-7.8761],[-34.9092,-7.878],[-34.9102,-7.8784],[-34.9103,-7.8782],[-34.9122,-7.8788],[-34.9148,-7.8799]]]}},{"type":"Feature","properties":{"c":"b233","b":233,"n":"Campina de Feira","m":"2606804","cx":-34.9133,"cy":-7.8234},"geometry":{"type":"Polygon","coordinates":[[[-34.9146,-7.8208],[-34.9113,-7.8205],[-34.9101,-7.8256],[-34.9113,-7.8264],[-34.915,-7.8272],[-34.9165,-7.8213],[-34.9146,-7.8208]]]}},{"type":"Feature","properties":{"c":"b234","b":234,"n":"Centro","m":"2606804","cx":-34.9077,"cy":-7.8333},"geometry":{"type":"Polygon","coordinates":[[[-34.9077,-7.8378],[-34.9086,-7.8375],[-34.9086,-7.8368],[-34.9124,-7.8379],[-34.9127,-7.8361],[-34.9131,-7.8351],[-34.9141,-7.831],[-34.9143,-7.8299],[-34.915,-7.8272],[-34.9113,-7.8264],[-34.9101,-7.8256],[-34.9113,-7.8205],[-34.9113,-7.8196],[-34.9103,-7.8199],[-34.9094,-7.8207],[-34.909,-7.8214],[-34.9085,-7.8217],[-34.9079,-7.8216],[-34.9076,-7.8213],[-34.9072,-7.8216],[-34.9065,-7.8216],[-34.9059,-7.8213],[-34.9056,-7.8217],[-34.9055,-7.8228],[-34.905,-7.8228],[-34.9045,-7.8239],[-34.904,-7.8239],[-34.9036,-7.8244],[-34.9032,-7.8241],[-34.9027,-7.8243],[-34.9023,-7.824],[-34.9012,-7.8244],[-34.9024,-7.825],[-34.9025,-7.8254],[-34.9021,-7.8257],[-34.901,-7.8256],[-34.9006,-7.8261],[-34.9015,-7.8271],[-34.9011,-7.8284],[-34.9013,-7.8298],[-34.9028,-7.8304],[-34.9019,-7.8309],[-34.9015,-7.8314],[-34.9019,-7.8316],[-34.9018,-7.8409],[-34.9019,-7.8426],[-34.9016,-7.8433],[-34.8994,-7.8433],[-34.8993,-7.8442],[-34.8975,-7.8442],[-34.8974,-7.8451],[-34.8997,-7.8453],[-34.8996,-7.8463],[-34.9007,-7.8456],[-34.9015,-7.8446],[-34.9023,-7.8433],[-34.9028,-7.8423],[-34.9031,-7.8411],[-34.9034,-7.8407],[-34.9049,-7.8401],[-34.9056,-7.8389],[-34.9059,-7.8369],[-34.9063,-7.8384],[-34.9077,-7.8378]]]}},{"type":"Feature","properties":{"c":"b235","b":235,"n":"Cruz de Rebouças","m":"2606804","cx":-34.9063,"cy":-7.8711},"geometry":{"type":"Polygon","coordinates":[[[-34.9049,-7.8651],[-34.9034,-7.8657],[-34.9029,-7.8667],[-34.9024,-7.867],[-34.904,-7.8694],[-34.9025,-7.8701],[-34.903,-7.8705],[-34.9032,-7.872],[-34.9044,-7.8718],[-34.9063,-7.8718],[-34.906,-7.8743],[-34.9058,-7.8755],[-34.9077,-7.8757],[-34.9083,-7.8761],[-34.9098,-7.8761],[-34.91,-7.8749],[-34.9099,-7.873],[-34.9101,-7.8722],[-34.909,-7.8704],[-34.9069,-7.8678],[-34.9049,-7.8651]]]}},{"type":"Feature","properties":{"c":"b236","b":236,"n":"Encanto Igarassu","m":"2606804","cx":-34.9029,"cy":-7.8546},"geometry":{"type":"Polygon","coordinates":[[[-34.9094,-7.8504],[-34.8993,-7.8496],[-34.8979,-7.8504],[-34.8959,-7.8508],[-34.8969,-7.8524],[-34.897,-7.8528],[-34.897,-7.8554],[-34.8974,-7.8571],[-34.8977,-7.8578],[-34.8991,-7.8571],[-34.9009,-7.8564],[-34.9018,-7.8564],[-34.9019,-7.8577],[-34.9049,-7.8572],[-34.9049,-7.858],[-34.906,-7.8589],[-34.9059,-7.8596],[-34.9068,-7.8599],[-34.908,-7.8601],[-34.9082,-7.859],[-34.9089,-7.8538],[-34.9094,-7.8504]]]}},{"type":"Feature","properties":{"c":"b237","b":237,"n":"Inhamã","m":"2606804","cx":-34.8993,"cy":-7.8794},"geometry":{"type":"Polygon","coordinates":[[[-34.906,-7.8743],[-34.9035,-7.8746],[-34.9029,-7.8744],[-34.9013,-7.8746],[-34.8996,-7.8742],[-34.8994,-7.8737],[-34.899,-7.8738],[-34.8993,-7.8729],[-34.898,-7.8731],[-34.8972,-7.8743],[-34.895,-7.8748],[-34.8938,-7.8748],[-34.8937,-7.8756],[-34.8941,-7.8772],[-34.894,-7.8779],[-34.8935,-7.8788],[-34.8931,-7.88],[-34.8934,-7.8807],[-34.8937,-7.8832],[-34.8951,-7.8847],[-34.8958,-7.8847],[-34.896,-7.8853],[-34.8955,-7.8868],[-34.8968,-7.8868],[-34.9003,-7.8866],[-34.9022,-7.8859],[-34.9043,-7.8861],[-34.9047,-7.8835],[-34.9058,-7.8755],[-34.906,-7.8743]]]}},{"type":"Feature","properties":{"c":"b238","b":238,"n":"Jabacó","m":"2606804","cx":-34.9353,"cy":-7.8394},"geometry":{"type":"Polygon","coordinates":[[[-34.931,-7.8453],[-34.9315,-7.8469],[-34.9315,-7.848],[-34.9322,-7.8492],[-34.9334,-7.85],[-34.9345,-7.8504],[-34.9369,-7.8518],[-34.9377,-7.8525],[-34.9398,-7.8536],[-34.9421,-7.8541],[-34.9434,-7.8547],[-34.9463,-7.8554],[-34.9466,-7.8548],[-34.9467,-7.8534],[-34.9461,-7.8534],[-34.9452,-7.8525],[-34.9448,-7.8513],[-34.9427,-7.8487],[-34.9423,-7.8477],[-34.9417,-7.8471],[-34.9412,-7.846],[-34.9406,-7.8461],[-34.9401,-7.844],[-34.9399,-7.8376],[-34.9397,-7.8363],[-34.9376,-7.8345],[-34.9363,-7.8314],[-34.935,-7.8314],[-34.9349,-7.8312],[-34.9345,-7.8284],[-34.9342,-7.8271],[-34.9335,-7.8265],[-34.9292,-7.8261],[-34.9249,-7.8258],[-34.9254,-7.8272],[-34.9261,-7.8296],[-34.9272,-7.8346],[-34.929,-7.8343],[-34.9295,-7.8372],[-34.9317,-7.8413],[-34.9318,-7.842],[-34.9313,-7.8441],[-34.931,-7.8453]]]}},{"type":"Feature","properties":{"c":"b239","b":239,"n":"Monjope","m":"2606804","cx":-34.9209,"cy":-7.8587},"geometry":{"type":"MultiPolygon","coordinates":[[[[-34.9315,-7.848],[-34.9315,-7.8469],[-34.931,-7.8453],[-34.9313,-7.8441],[-34.9292,-7.8431],[-34.928,-7.843],[-34.9273,-7.8431],[-34.9274,-7.8427],[-34.9263,-7.8429],[-34.9253,-7.8427],[-34.9252,-7.8433],[-34.9233,-7.8435],[-34.9223,-7.8426],[-34.9212,-7.8419],[-34.9202,-7.8417],[-34.9194,-7.8418],[-34.9188,-7.8421],[-34.9182,-7.842],[-34.9172,-7.8421],[-34.9178,-7.843],[-34.9178,-7.8434],[-34.9177,-7.8448],[-34.9179,-7.8456],[-34.9176,-7.8462],[-34.9174,-7.8483],[-34.9176,-7.85],[-34.9171,-7.8521],[-34.9173,-7.8533],[-34.9174,-7.8553],[-34.9173,-7.8568],[-34.9175,-7.8582],[-34.9172,-7.8593],[-34.917,-7.8603],[-34.9171,-7.8609],[-34.9167,-7.8625],[-34.9163,-7.8632],[-34.9156,-7.8636],[-34.9118,-7.865],[-34.911,-7.8649],[-34.9096,-7.8654],[-34.9073,-7.8653],[-34.9069,-7.8678],[-34.909,-7.8704],[-34.9101,-7.8722],[-34.9121,-7.8736],[-34.9126,-7.8738],[-34.9139,-7.8747],[-34.9147,-7.875],[-34.9157,-7.8746],[-34.9179,-7.8754],[-34.9188,-7.8754],[-34.9203,-7.8756],[-34.9209,-7.8754],[-34.9213,-7.8744],[-34.9227,-7.8726],[-34.9216,-7.872],[-34.9217,-7.8715],[-34.921,-7.8697],[-34.9205,-7.8692],[-34.92,-7.8673],[-34.92,-7.8667],[-34.9217,-7.8665],[-34.9219,-7.8662],[-34.9222,-7.8667],[-34.9228,-7.8663],[-34.923,-7.8648],[-34.9226,-7.8641],[-34.9234,-7.8642],[-34.9234,-7.8639],[-34.9228,-7.8635],[-34.9246,-7.8621],[-34.9243,-7.8617],[-34.9251,-7.861],[-34.9252,-7.8607],[-34.9245,-7.8594],[-34.9247,-7.8565],[-34.9254,-7.8561],[-34.9254,-7.854],[-34.9252,-7.8529],[-34.925,-7.8522],[-34.926,-7.8514],[-34.926,-7.8505],[-34.9309,-7.8491],[-34.9322,-7.8492],[-34.9315,-7.848]]],[[[-34.9143,-7.8299],[-34.9141,-7.831],[-34.9131,-7.8351],[-34.9139,-7.8352],[-34.9153,-7.8349],[-34.9149,-7.8343],[-34.9159,-7.8331],[-34.9165,-7.8336],[-34.9163,-7.8345],[-34.9159,-7.8348],[-34.9164,-7.8355],[-34.9183,-7.8342],[-34.9179,-7.8315],[-34.9166,-7.8317],[-34.9165,-7.8315],[-34.917,-7.8302],[-34.9166,-7.8295],[-34.9143,-7.8299]]]]}},{"type":"Feature","properties":{"c":"b240","b":240,"n":"Pancó","m":"2606804","cx":-34.9123,"cy":-7.8617},"geometry":{"type":"Polygon","coordinates":[[[-34.9165,-7.8587],[-34.9165,-7.8579],[-34.916,-7.8578],[-34.9146,-7.859],[-34.914,-7.859],[-34.9131,-7.8598],[-34.9125,-7.8596],[-34.9115,-7.8598],[-34.9111,-7.8595],[-34.9082,-7.859],[-34.908,-7.8601],[-34.9073,-7.8653],[-34.9096,-7.8654],[-34.911,-7.8649],[-34.9118,-7.865],[-34.9156,-7.8636],[-34.9163,-7.8632],[-34.9167,-7.8625],[-34.9171,-7.8609],[-34.917,-7.8603],[-34.9172,-7.8593],[-34.9165,-7.8587]]]}},{"type":"Feature","properties":{"c":"b241","b":241,"n":"Posto de Monta","m":"2606804","cx":-34.9051,"cy":-7.8417},"geometry":{"type":"Polygon","coordinates":[[[-34.9059,-7.8369],[-34.9056,-7.8389],[-34.9049,-7.8401],[-34.9034,-7.8407],[-34.9031,-7.8411],[-34.9028,-7.8423],[-34.9023,-7.8433],[-34.9073,-7.8467],[-34.9085,-7.8463],[-34.9078,-7.844],[-34.9063,-7.8384],[-34.9059,-7.8369]]]}},{"type":"Feature","properties":{"c":"b242","b":242,"n":"Rubina","m":"2606804","cx":-34.9085,"cy":-7.8795},"geometry":{"type":"Polygon","coordinates":[[[-34.9103,-7.8782],[-34.9102,-7.8784],[-34.9092,-7.878],[-34.9098,-7.8761],[-34.9083,-7.8761],[-34.9077,-7.8757],[-34.9058,-7.8755],[-34.9047,-7.8835],[-34.906,-7.8834],[-34.9082,-7.8825],[-34.9084,-7.8822],[-34.9092,-7.8818],[-34.9095,-7.8822],[-34.9106,-7.882],[-34.9114,-7.8824],[-34.9115,-7.8803],[-34.9122,-7.8788],[-34.9103,-7.8782]]]}},{"type":"Feature","properties":{"c":"b243","b":243,"n":"Santa Luzia","m":"2606804","cx":-34.9141,"cy":-7.8829},"geometry":{"type":"Polygon","coordinates":[[[-34.9166,-7.8807],[-34.9154,-7.8803],[-34.9148,-7.8799],[-34.9122,-7.8788],[-34.9115,-7.8803],[-34.9114,-7.8824],[-34.9106,-7.882],[-34.9095,-7.8822],[-34.9092,-7.8818],[-34.9084,-7.8822],[-34.9082,-7.8825],[-34.906,-7.8834],[-34.9047,-7.8835],[-34.9043,-7.8861],[-34.9076,-7.8865],[-34.9084,-7.887],[-34.9096,-7.8869],[-34.9108,-7.8869],[-34.9109,-7.8865],[-34.9144,-7.8854],[-34.9168,-7.8849],[-34.9195,-7.8836],[-34.9235,-7.8819],[-34.921,-7.8799],[-34.9197,-7.879],[-34.9166,-7.8807]]]}},{"type":"Feature","properties":{"c":"b244","b":244,"n":"Santa Rita","m":"2606804","cx":-34.8978,"cy":-7.8365},"geometry":{"type":"Polygon","coordinates":[[[-34.9005,-7.8239],[-34.8984,-7.8228],[-34.8969,-7.8218],[-34.8963,-7.8217],[-34.8952,-7.8222],[-34.8946,-7.823],[-34.8942,-7.8239],[-34.8942,-7.8252],[-34.8945,-7.8264],[-34.8943,-7.8271],[-34.8938,-7.8278],[-34.8955,-7.8305],[-34.8965,-7.8323],[-34.8966,-7.833],[-34.8958,-7.8338],[-34.894,-7.8347],[-34.8932,-7.8355],[-34.8934,-7.8362],[-34.8943,-7.8368],[-34.8938,-7.8375],[-34.8933,-7.8378],[-34.8924,-7.8379],[-34.8917,-7.8375],[-34.8913,-7.8377],[-34.8913,-7.8385],[-34.8923,-7.8399],[-34.8915,-7.8401],[-34.8906,-7.8396],[-34.89,-7.8399],[-34.89,-7.8404],[-34.8903,-7.841],[-34.89,-7.8415],[-34.8886,-7.8416],[-34.8886,-7.8432],[-34.8871,-7.8446],[-34.8868,-7.8453],[-34.887,-7.847],[-34.8868,-7.8483],[-34.8862,-7.8492],[-34.8862,-7.8499],[-34.8876,-7.8508],[-34.8892,-7.8511],[-34.891,-7.8505],[-34.892,-7.8507],[-34.8929,-7.8513],[-34.8935,-7.8513],[-34.8947,-7.8506],[-34.8952,-7.8505],[-34.8959,-7.8508],[-34.8979,-7.8504],[-34.8993,-7.8496],[-34.9094,-7.8504],[-34.9095,-7.8501],[-34.9085,-7.8463],[-34.9073,-7.8467],[-34.9023,-7.8433],[-34.9015,-7.8446],[-34.9007,-7.8456],[-34.8996,-7.8463],[-34.8997,-7.8453],[-34.8974,-7.8451],[-34.8975,-7.8442],[-34.8993,-7.8442],[-34.8994,-7.8433],[-34.9016,-7.8433],[-34.9019,-7.8426],[-34.9018,-7.8409],[-34.9019,-7.8316],[-34.9015,-7.8314],[-34.9019,-7.8309],[-34.9028,-7.8304],[-34.9013,-7.8298],[-34.9011,-7.8284],[-34.9015,-7.8271],[-34.9006,-7.8261],[-34.901,-7.8256],[-34.9021,-7.8257],[-34.9025,-7.8254],[-34.9024,-7.825],[-34.9012,-7.8244],[-34.9005,-7.8239]]]}},{"type":"Feature","properties":{"c":"b245","b":245,"n":"Santo Antonio","m":"2606804","cx":-34.915,"cy":-7.8514},"geometry":{"type":"Polygon","coordinates":[[[-34.9111,-7.8595],[-34.9115,-7.8598],[-34.9125,-7.8596],[-34.9131,-7.8598],[-34.914,-7.859],[-34.9146,-7.859],[-34.916,-7.8578],[-34.9165,-7.8579],[-34.9165,-7.8587],[-34.9172,-7.8593],[-34.9175,-7.8582],[-34.9173,-7.8568],[-34.9174,-7.8553],[-34.9173,-7.8533],[-34.9171,-7.8521],[-34.9176,-7.85],[-34.9174,-7.8483],[-34.9176,-7.8462],[-34.9179,-7.8456],[-34.9177,-7.8448],[-34.9178,-7.8434],[-34.9166,-7.844],[-34.9159,-7.8455],[-34.9154,-7.8472],[-34.9154,-7.8487],[-34.9146,-7.8505],[-34.9133,-7.8512],[-34.9121,-7.8516],[-34.9121,-7.8523],[-34.9103,-7.8531],[-34.9089,-7.8538],[-34.9082,-7.859],[-34.9111,-7.8595]]]}},{"type":"Feature","properties":{"c":"b246","b":246,"n":"Saramandaia","m":"2606804","cx":-34.9093,"cy":-7.8412},"geometry":{"type":"Polygon","coordinates":[[[-34.9086,-7.8368],[-34.9086,-7.8375],[-34.9077,-7.8378],[-34.9063,-7.8384],[-34.9078,-7.844],[-34.9085,-7.8463],[-34.9095,-7.8501],[-34.9099,-7.8474],[-34.9124,-7.8379],[-34.9086,-7.8368]]]}},{"type":"Feature","properties":{"c":"b247","b":247,"n":"Sítio dos Marcos","m":"2606804","cx":-34.8855,"cy":-7.8144},"geometry":{"type":"Polygon","coordinates":[[[-34.9023,-7.824],[-34.9027,-7.8243],[-34.9032,-7.8241],[-34.9036,-7.8244],[-34.904,-7.8239],[-34.9045,-7.8239],[-34.905,-7.8228],[-34.9055,-7.8228],[-34.9056,-7.8217],[-34.9059,-7.8213],[-34.9065,-7.8216],[-34.9072,-7.8216],[-34.9076,-7.8213],[-34.9079,-7.8216],[-34.9085,-7.8217],[-34.909,-7.8214],[-34.9094,-7.8207],[-34.9103,-7.8199],[-34.9113,-7.8196],[-34.9112,-7.8159],[-34.911,-7.8152],[-34.9101,-7.8136],[-34.9094,-7.8132],[-34.9087,-7.8123],[-34.9083,-7.8114],[-34.9079,-7.8095],[-34.9087,-7.8082],[-34.9095,-7.806],[-34.9095,-7.8051],[-34.9041,-7.8057],[-34.901,-7.8061],[-34.9002,-7.806],[-34.8992,-7.8033],[-34.8987,-7.803],[-34.8973,-7.803],[-34.8952,-7.8027],[-34.8944,-7.8024],[-34.8924,-7.8017],[-34.8902,-7.8019],[-34.8894,-7.8047],[-34.8877,-7.8071],[-34.8861,-7.808],[-34.8815,-7.8093],[-34.8787,-7.8097],[-34.8741,-7.8099],[-34.8653,-7.8113],[-34.8605,-7.813],[-34.8605,-7.8154],[-34.8616,-7.8172],[-34.8636,-7.8187],[-34.8668,-7.82],[-34.869,-7.8202],[-34.8711,-7.8195],[-34.8739,-7.8167],[-34.8754,-7.8162],[-34.8769,-7.8165],[-34.878,-7.8177],[-34.8793,-7.8198],[-34.8812,-7.8233],[-34.8824,-7.8247],[-34.8844,-7.8257],[-34.8869,-7.8266],[-34.89,-7.8261],[-34.8922,-7.8251],[-34.8942,-7.8239],[-34.8946,-7.823],[-34.8952,-7.8222],[-34.8963,-7.8217],[-34.8969,-7.8218],[-34.8984,-7.8228],[-34.9005,-7.8239],[-34.9012,-7.8244],[-34.9023,-7.824]]]}},{"type":"Feature","properties":{"c":"b248","b":248,"n":"Tabatinga","m":"2606804","cx":-34.914,"cy":-7.8129},"geometry":{"type":"Polygon","coordinates":[[[-34.9095,-7.806],[-34.9087,-7.8082],[-34.9079,-7.8095],[-34.9083,-7.8114],[-34.9087,-7.8123],[-34.9094,-7.8132],[-34.9101,-7.8136],[-34.911,-7.8152],[-34.9112,-7.8159],[-34.9113,-7.8196],[-34.9113,-7.8205],[-34.9146,-7.8208],[-34.9165,-7.8213],[-34.9169,-7.8198],[-34.9174,-7.8174],[-34.918,-7.8149],[-34.9188,-7.8127],[-34.9198,-7.8111],[-34.9213,-7.8095],[-34.923,-7.8081],[-34.9095,-7.8051],[-34.9095,-7.806]]]}},{"type":"Feature","properties":{"c":"b249","b":249,"n":"Triunfo","m":"2606804","cx":-34.9026,"cy":-7.8733},"geometry":{"type":"Polygon","coordinates":[[[-34.899,-7.8738],[-34.8994,-7.8737],[-34.8996,-7.8742],[-34.9013,-7.8746],[-34.9029,-7.8744],[-34.9035,-7.8746],[-34.906,-7.8743],[-34.9063,-7.8718],[-34.9044,-7.8718],[-34.9032,-7.872],[-34.901,-7.8726],[-34.9008,-7.8723],[-34.9018,-7.872],[-34.9017,-7.8717],[-34.9005,-7.8721],[-34.9003,-7.8725],[-34.8993,-7.8729],[-34.899,-7.8738]]]}},{"type":"Feature","properties":{"c":"b250","b":250,"n":"Umbura","m":"2606804","cx":-34.8956,"cy":-7.8627},"geometry":{"type":"Polygon","coordinates":[[[-34.903,-7.8705],[-34.9025,-7.8701],[-34.904,-7.8694],[-34.9024,-7.867],[-34.9029,-7.8667],[-34.9034,-7.8657],[-34.9049,-7.8651],[-34.9042,-7.864],[-34.9045,-7.8633],[-34.9024,-7.863],[-34.9011,-7.8625],[-34.9005,-7.8621],[-34.8993,-7.8607],[-34.8985,-7.8591],[-34.8977,-7.8578],[-34.8974,-7.8571],[-34.897,-7.8554],[-34.897,-7.8528],[-34.8969,-7.8524],[-34.8959,-7.8508],[-34.8952,-7.8505],[-34.8947,-7.8506],[-34.8935,-7.8513],[-34.8938,-7.8527],[-34.8932,-7.854],[-34.8928,-7.8545],[-34.8919,-7.8547],[-34.8917,-7.8556],[-34.8913,-7.8562],[-34.8903,-7.857],[-34.8897,-7.8612],[-34.8895,-7.8631],[-34.891,-7.8646],[-34.8902,-7.8653],[-34.8892,-7.8673],[-34.8887,-7.8676],[-34.89,-7.8687],[-34.8918,-7.8703],[-34.892,-7.8708],[-34.8932,-7.8719],[-34.8944,-7.8718],[-34.894,-7.8734],[-34.8938,-7.8748],[-34.895,-7.8748],[-34.8972,-7.8743],[-34.898,-7.8731],[-34.8993,-7.8729],[-34.9003,-7.8725],[-34.9005,-7.8721],[-34.9017,-7.8717],[-34.9018,-7.872],[-34.9008,-7.8723],[-34.901,-7.8726],[-34.9032,-7.872],[-34.903,-7.8705]]]}},{"type":"Feature","properties":{"c":"b251","b":251,"n":"Vila Rural","m":"2606804","cx":-34.9275,"cy":-7.8135},"geometry":{"type":"Polygon","coordinates":[[[-34.9362,-7.8144],[-34.9371,-7.811],[-34.9373,-7.8093],[-34.9369,-7.8093],[-34.9342,-7.8105],[-34.9314,-7.8099],[-34.9301,-7.8101],[-34.928,-7.8097],[-34.9234,-7.8077],[-34.923,-7.8081],[-34.9213,-7.8095],[-34.9198,-7.8111],[-34.9188,-7.8127],[-34.918,-7.8149],[-34.9174,-7.8174],[-34.9169,-7.8198],[-34.919,-7.819],[-34.9212,-7.8177],[-34.9221,-7.8162],[-34.9234,-7.815],[-34.9243,-7.8153],[-34.9259,-7.8154],[-34.9269,-7.8159],[-34.9289,-7.8162],[-34.9298,-7.8161],[-34.9327,-7.8167],[-34.9354,-7.8167],[-34.9362,-7.8144]]]}},{"type":"Feature","properties":{"c":"b252","b":252,"n":"Alto Da Palmeira","m":"2607208","cx":-35.1196,"cy":-8.5194},"geometry":{"type":"Polygon","coordinates":[[[-35.1202,-8.5182],[-35.1198,-8.5174],[-35.1196,-8.5178],[-35.1186,-8.5184],[-35.1175,-8.5204],[-35.1174,-8.5211],[-35.1206,-8.5204],[-35.1209,-8.5197],[-35.1215,-8.5192],[-35.1214,-8.5188],[-35.1228,-8.5177],[-35.1229,-8.5174],[-35.1202,-8.5182]]]}},{"type":"Feature","properties":{"c":"b253","b":253,"n":"Alto da Caixa D'Água","m":"2607208","cx":-35.1216,"cy":-8.5164},"geometry":{"type":"Polygon","coordinates":[[[-35.1235,-8.5154],[-35.1218,-8.5134],[-35.1217,-8.5137],[-35.1205,-8.513],[-35.1209,-8.5144],[-35.1205,-8.515],[-35.1198,-8.5174],[-35.1202,-8.5182],[-35.1229,-8.5174],[-35.1235,-8.5154]]]}},{"type":"Feature","properties":{"c":"b254","b":254,"n":"Antônio Dourado Neto","m":"2607208","cx":-35.0581,"cy":-8.3957},"geometry":{"type":"Polygon","coordinates":[[[-35.0567,-8.3956],[-35.057,-8.396],[-35.0565,-8.3969],[-35.0569,-8.3973],[-35.0567,-8.398],[-35.0563,-8.3978],[-35.0546,-8.3958],[-35.054,-8.3958],[-35.0548,-8.3968],[-35.0561,-8.3987],[-35.0569,-8.3994],[-35.0574,-8.3997],[-35.058,-8.3981],[-35.0573,-8.3979],[-35.0574,-8.397],[-35.0584,-8.3974],[-35.0584,-8.398],[-35.0588,-8.399],[-35.0593,-8.3993],[-35.0598,-8.3991],[-35.0592,-8.3978],[-35.0594,-8.3968],[-35.0591,-8.3966],[-35.0595,-8.3958],[-35.0589,-8.395],[-35.0593,-8.3947],[-35.0597,-8.3951],[-35.0598,-8.3943],[-35.0591,-8.3934],[-35.0589,-8.3921],[-35.0585,-8.3919],[-35.0575,-8.3926],[-35.0573,-8.3933],[-35.0572,-8.3942],[-35.057,-8.3942],[-35.0567,-8.3956]]]}},{"type":"Feature","properties":{"c":"b255","b":255,"n":"Canoas","m":"2607208","cx":-35.0225,"cy":-8.4423},"geometry":{"type":"Polygon","coordinates":[[[-35.0155,-8.4387],[-35.016,-8.4393],[-35.019,-8.4418],[-35.0175,-8.443],[-35.0191,-8.4447],[-35.0195,-8.4444],[-35.0205,-8.4451],[-35.0199,-8.4453],[-35.0186,-8.4465],[-35.0188,-8.447],[-35.0195,-8.4474],[-35.0194,-8.4476],[-35.0204,-8.4484],[-35.0213,-8.4494],[-35.0217,-8.449],[-35.0226,-8.4487],[-35.0234,-8.448],[-35.023,-8.4463],[-35.0229,-8.4452],[-35.0239,-8.444],[-35.025,-8.4436],[-35.0252,-8.4426],[-35.0265,-8.4427],[-35.0266,-8.442],[-35.0258,-8.4418],[-35.0248,-8.4413],[-35.0246,-8.4406],[-35.0238,-8.4403],[-35.0227,-8.439],[-35.0222,-8.439],[-35.0207,-8.4382],[-35.0205,-8.4378],[-35.0192,-8.4377],[-35.019,-8.4367],[-35.0183,-8.4357],[-35.0178,-8.4366],[-35.0173,-8.4364],[-35.0171,-8.4376],[-35.0148,-8.4373],[-35.0155,-8.4387]]]}},{"type":"Feature","properties":{"c":"b256","b":256,"n":"Centro","m":"2607208","cx":-35.0141,"cy":-8.4424},"geometry":{"type":"MultiPolygon","coordinates":[[[[-35.0596,-8.3915],[-35.0593,-8.3912],[-35.0581,-8.3914],[-35.0568,-8.392],[-35.056,-8.3927],[-35.0566,-8.3931],[-35.057,-8.3942],[-35.0572,-8.3942],[-35.0573,-8.3933],[-35.0575,-8.3926],[-35.0585,-8.3919],[-35.0589,-8.3921],[-35.0591,-8.3934],[-35.0598,-8.3943],[-35.0597,-8.3951],[-35.0593,-8.3947],[-35.0589,-8.395],[-35.0595,-8.3958],[-35.0591,-8.3966],[-35.0594,-8.3968],[-35.0592,-8.3978],[-35.0598,-8.3991],[-35.0593,-8.3993],[-35.0588,-8.399],[-35.0584,-8.398],[-35.0584,-8.3974],[-35.0574,-8.397],[-35.0573,-8.3979],[-35.058,-8.3981],[-35.0574,-8.3997],[-35.0569,-8.3994],[-35.0572,-8.4001],[-35.0571,-8.4004],[-35.0592,-8.4015],[-35.0604,-8.4016],[-35.0622,-8.4022],[-35.0627,-8.4021],[-35.0629,-8.4019],[-35.0658,-8.4013],[-35.0656,-8.4006],[-35.0654,-8.4004],[-35.0657,-8.3994],[-35.0656,-8.3987],[-35.0655,-8.3987],[-35.0652,-8.3974],[-35.0649,-8.3971],[-35.0639,-8.3966],[-35.0635,-8.397],[-35.0621,-8.3958],[-35.0608,-8.3961],[-35.0604,-8.3966],[-35.0605,-8.3957],[-35.0607,-8.3948],[-35.0604,-8.3936],[-35.0604,-8.3933],[-35.0596,-8.3915]]],[[[-35.0121,-8.437],[-35.0117,-8.4373],[-35.0102,-8.4408],[-35.0099,-8.443],[-35.0092,-8.444],[-35.0108,-8.4438],[-35.0114,-8.4446],[-35.0118,-8.4448],[-35.0118,-8.444],[-35.0121,-8.444],[-35.0122,-8.4458],[-35.013,-8.4447],[-35.0144,-8.4439],[-35.0157,-8.4477],[-35.0165,-8.4486],[-35.0182,-8.4489],[-35.0185,-8.4487],[-35.0187,-8.4479],[-35.0194,-8.4476],[-35.0195,-8.4474],[-35.0188,-8.447],[-35.0186,-8.4465],[-35.0199,-8.4453],[-35.0205,-8.4451],[-35.0195,-8.4444],[-35.0191,-8.4447],[-35.0175,-8.443],[-35.019,-8.4418],[-35.016,-8.4393],[-35.0155,-8.4387],[-35.0148,-8.4373],[-35.0121,-8.437]]]]}},{"type":"Feature","properties":{"c":"b257","b":257,"n":"Centro","m":"2607208","cx":-35.1241,"cy":-8.5139},"geometry":{"type":"Polygon","coordinates":[[[-35.1264,-8.5144],[-35.126,-8.5146],[-35.1258,-8.5133],[-35.1259,-8.5121],[-35.1253,-8.5131],[-35.1251,-8.5123],[-35.1229,-8.511],[-35.1224,-8.512],[-35.1226,-8.5122],[-35.1218,-8.5134],[-35.1235,-8.5154],[-35.1245,-8.5161],[-35.1251,-8.5155],[-35.1262,-8.5149],[-35.1264,-8.5144]]]}},{"type":"Feature","properties":{"c":"b258","b":258,"n":"Cupe","m":"2607208","cx":-34.9939,"cy":-8.468},"geometry":{"type":"Polygon","coordinates":[[[-34.9833,-8.4562],[-34.9831,-8.4569],[-34.9837,-8.4581],[-34.9865,-8.4613],[-34.9884,-8.4638],[-34.9912,-8.4688],[-34.993,-8.472],[-34.9946,-8.4747],[-34.996,-8.4775],[-34.9969,-8.4793],[-35.0001,-8.4785],[-34.9993,-8.4766],[-34.9981,-8.4711],[-34.9979,-8.4701],[-34.9968,-8.4672],[-34.9966,-8.4657],[-34.9957,-8.4641],[-34.9955,-8.4609],[-34.9954,-8.459],[-34.995,-8.4573],[-34.9954,-8.4563],[-34.9938,-8.4558],[-34.9915,-8.4578],[-34.9896,-8.4595],[-34.9884,-8.458],[-34.9877,-8.4583],[-34.9868,-8.4578],[-34.9863,-8.4566],[-34.9863,-8.4556],[-34.9833,-8.4562]]]}},{"type":"Feature","properties":{"c":"b259","b":259,"n":"Enseada De Serrambi","m":"2607208","cx":-35.0262,"cy":-8.5616},"geometry":{"type":"Polygon","coordinates":[[[-35.018,-8.5599],[-35.0195,-8.56],[-35.021,-8.5604],[-35.0226,-8.561],[-35.0238,-8.5621],[-35.0274,-8.5654],[-35.029,-8.5671],[-35.0317,-8.5697],[-35.0328,-8.5707],[-35.0334,-8.5707],[-35.0357,-8.5691],[-35.0357,-8.5672],[-35.0356,-8.5662],[-35.0349,-8.5634],[-35.0335,-8.5646],[-35.0332,-8.5647],[-35.0314,-8.5627],[-35.0305,-8.5621],[-35.0278,-8.5611],[-35.0273,-8.5602],[-35.0265,-8.5594],[-35.0262,-8.5585],[-35.0261,-8.5576],[-35.0264,-8.5574],[-35.0256,-8.5568],[-35.0261,-8.5563],[-35.0253,-8.5556],[-35.024,-8.5546],[-35.0233,-8.5545],[-35.0215,-8.5534],[-35.0212,-8.5537],[-35.0206,-8.5533],[-35.0201,-8.5536],[-35.0197,-8.5533],[-35.0183,-8.5551],[-35.0178,-8.5545],[-35.0166,-8.5529],[-35.0166,-8.5531],[-35.0166,-8.5542],[-35.0175,-8.5554],[-35.0192,-8.5564],[-35.0183,-8.5574],[-35.0174,-8.5588],[-35.0164,-8.559],[-35.0164,-8.5601],[-35.018,-8.5599]]]}},{"type":"Feature","properties":{"c":"b260","b":260,"n":"Enseadinha","m":"2607208","cx":-35.0064,"cy":-8.5458},"geometry":{"type":"Polygon","coordinates":[[[-35.0051,-8.5428],[-35.0044,-8.5432],[-35.0028,-8.5436],[-35.0027,-8.544],[-35.003,-8.5449],[-35.0032,-8.5467],[-35.0031,-8.5483],[-35.0036,-8.5492],[-35.006,-8.5518],[-35.0081,-8.5534],[-35.0089,-8.5549],[-35.0106,-8.5546],[-35.0107,-8.5558],[-35.016,-8.5534],[-35.0166,-8.5531],[-35.0166,-8.5529],[-35.0161,-8.5502],[-35.0162,-8.5489],[-35.0166,-8.5479],[-35.0155,-8.5494],[-35.013,-8.5506],[-35.0125,-8.5497],[-35.0114,-8.5492],[-35.0098,-8.5479],[-35.0095,-8.5435],[-35.0109,-8.54],[-35.0115,-8.5381],[-35.0115,-8.5375],[-35.0107,-8.5371],[-35.0098,-8.5369],[-35.0091,-8.5373],[-35.0088,-8.5388],[-35.0081,-8.5398],[-35.0072,-8.5406],[-35.0056,-8.5418],[-35.005,-8.5422],[-35.0051,-8.5428]]]}},{"type":"Feature","properties":{"c":"b261","b":261,"n":"Maracaípe","m":"2607208","cx":-35.01,"cy":-8.5174},"geometry":{"type":"MultiPolygon","coordinates":[[[[-35.0095,-8.5144],[-35.007,-8.5094],[-35.0056,-8.5098],[-35.0019,-8.5114],[-35.003,-8.512],[-35.0038,-8.5128],[-35.0046,-8.5142],[-35.0051,-8.5153],[-35.0055,-8.5178],[-35.006,-8.5206],[-35.0066,-8.5238],[-35.0066,-8.5255],[-35.0093,-8.5253],[-35.0105,-8.5249],[-35.0108,-8.5246],[-35.0107,-8.5243],[-35.0121,-8.5242],[-35.0124,-8.5238],[-35.0123,-8.5223],[-35.0121,-8.5219],[-35.0106,-8.5217],[-35.0103,-8.521],[-35.0105,-8.5206],[-35.0099,-8.519],[-35.0102,-8.5187],[-35.012,-8.5195],[-35.0127,-8.5193],[-35.0141,-8.5193],[-35.0145,-8.5184],[-35.0145,-8.5171],[-35.0155,-8.5166],[-35.0157,-8.5159],[-35.0154,-8.5154],[-35.0146,-8.5151],[-35.0142,-8.5147],[-35.0128,-8.5138],[-35.0117,-8.5134],[-35.0117,-8.5122],[-35.0102,-8.511],[-35.01,-8.5117],[-35.0103,-8.5122],[-35.0105,-8.5131],[-35.01,-8.5138],[-35.0097,-8.5138],[-35.0095,-8.5144]]],[[[-35.0107,-8.5296],[-35.0083,-8.5291],[-35.0066,-8.5288],[-35.0062,-8.5317],[-35.0056,-8.5338],[-35.0037,-8.5383],[-35.003,-8.5398],[-35.0031,-8.5403],[-35.0037,-8.5405],[-35.004,-8.5409],[-35.0049,-8.5414],[-35.005,-8.5422],[-35.0056,-8.5418],[-35.0072,-8.5406],[-35.0081,-8.5398],[-35.0088,-8.5388],[-35.0091,-8.5373],[-35.0098,-8.5369],[-35.0107,-8.5371],[-35.0115,-8.5375],[-35.0113,-8.5363],[-35.012,-8.5343],[-35.012,-8.5335],[-35.0118,-8.5321],[-35.0107,-8.5321],[-35.0109,-8.5312],[-35.0108,-8.5294],[-35.0107,-8.5296]]]]}},{"type":"Feature","properties":{"c":"b262","b":262,"n":"Merepe","m":"2607208","cx":-35.0029,"cy":-8.4934},"geometry":{"type":"Polygon","coordinates":[[[-35.0113,-8.5048],[-35.0123,-8.5047],[-35.012,-8.5027],[-35.0087,-8.5027],[-35.0087,-8.4992],[-35.0054,-8.4992],[-35.0029,-8.4887],[-35.002,-8.4847],[-35.001,-8.4807],[-35.0001,-8.4785],[-34.9969,-8.4793],[-34.9996,-8.4857],[-35.0004,-8.4879],[-35.0014,-8.4915],[-35.0022,-8.4954],[-35.0024,-8.4972],[-35.0024,-8.4989],[-35.0022,-8.5006],[-35.0015,-8.5025],[-35.0003,-8.5041],[-35.0002,-8.5046],[-35.0014,-8.5048],[-35.0074,-8.5047],[-35.0079,-8.5048],[-35.0113,-8.5048]]]}},{"type":"Feature","properties":{"c":"b263","b":263,"n":"Muro Alto","m":"2607208","cx":-34.9804,"cy":-8.4332},"geometry":{"type":"Polygon","coordinates":[[[-34.9864,-8.4515],[-34.9881,-8.4503],[-34.9888,-8.4502],[-34.9891,-8.449],[-34.9896,-8.4489],[-34.9891,-8.4471],[-34.9877,-8.4469],[-34.9884,-8.4456],[-34.9871,-8.4419],[-34.9866,-8.4419],[-34.9865,-8.4424],[-34.9859,-8.4426],[-34.9851,-8.4417],[-34.9845,-8.4391],[-34.9837,-8.437],[-34.9826,-8.4353],[-34.9821,-8.4343],[-34.9818,-8.4327],[-34.9816,-8.4322],[-34.9818,-8.4301],[-34.9802,-8.4311],[-34.9798,-8.4309],[-34.9792,-8.4297],[-34.9791,-8.4288],[-34.9794,-8.4279],[-34.9789,-8.4272],[-34.978,-8.4257],[-34.978,-8.4247],[-34.9772,-8.4236],[-34.9777,-8.4227],[-34.9768,-8.422],[-34.9764,-8.4214],[-34.9761,-8.4189],[-34.9757,-8.4181],[-34.9758,-8.4174],[-34.9756,-8.4161],[-34.975,-8.415],[-34.9741,-8.4139],[-34.9737,-8.4103],[-34.9732,-8.4116],[-34.9726,-8.4125],[-34.9715,-8.4137],[-34.9712,-8.4146],[-34.9717,-8.4159],[-34.9729,-8.4177],[-34.9734,-8.4187],[-34.9742,-8.4217],[-34.975,-8.4228],[-34.9753,-8.4242],[-34.9757,-8.4251],[-34.9775,-8.4272],[-34.9779,-8.4286],[-34.9782,-8.4298],[-34.9781,-8.4301],[-34.9785,-8.4309],[-34.9787,-8.4317],[-34.979,-8.4322],[-34.9792,-8.433],[-34.9786,-8.4334],[-34.9794,-8.4353],[-34.9786,-8.4355],[-34.9803,-8.4393],[-34.9813,-8.442],[-34.9829,-8.4466],[-34.9834,-8.4485],[-34.9839,-8.4509],[-34.9841,-8.4529],[-34.9841,-8.4539],[-34.9838,-8.455],[-34.9833,-8.4562],[-34.9863,-8.4556],[-34.9864,-8.4515]]]}},{"type":"Feature","properties":{"c":"b264","b":264,"n":"Nova Camela","m":"2607208","cx":-35.1192,"cy":-8.5147},"geometry":{"type":"Polygon","coordinates":[[[-35.1205,-8.515],[-35.1209,-8.5144],[-35.1205,-8.513],[-35.118,-8.5115],[-35.1179,-8.5124],[-35.1176,-8.5144],[-35.1178,-8.5163],[-35.118,-8.5165],[-35.1198,-8.5174],[-35.1205,-8.515]]]}},{"type":"Feature","properties":{"c":"b265","b":265,"n":"Ponta De Serrambi","m":"2607208","cx":-35.0129,"cy":-8.5588},"geometry":{"type":"Polygon","coordinates":[[[-35.016,-8.5534],[-35.0107,-8.5558],[-35.0106,-8.5546],[-35.0089,-8.5549],[-35.0091,-8.5559],[-35.0092,-8.5572],[-35.0087,-8.5589],[-35.0079,-8.5603],[-35.0076,-8.5613],[-35.0068,-8.562],[-35.0075,-8.5633],[-35.0077,-8.5644],[-35.0084,-8.5646],[-35.0094,-8.5636],[-35.0118,-8.5616],[-35.0138,-8.5606],[-35.0156,-8.5602],[-35.0164,-8.5601],[-35.0164,-8.559],[-35.0174,-8.5588],[-35.0183,-8.5574],[-35.0192,-8.5564],[-35.0175,-8.5554],[-35.0166,-8.5542],[-35.0166,-8.5531],[-35.016,-8.5534]]]}},{"type":"Feature","properties":{"c":"b266","b":266,"n":"Rurópolis Centro","m":"2607208","cx":-35.1245,"cy":-8.5175},"geometry":{"type":"Polygon","coordinates":[[[-35.1251,-8.5155],[-35.1245,-8.5161],[-35.1235,-8.5154],[-35.1229,-8.5174],[-35.1228,-8.5177],[-35.1214,-8.5188],[-35.1215,-8.5192],[-35.1209,-8.5197],[-35.1206,-8.5204],[-35.1241,-8.5197],[-35.1247,-8.5193],[-35.1247,-8.5186],[-35.1254,-8.5178],[-35.126,-8.5177],[-35.1268,-8.5169],[-35.1268,-8.5164],[-35.126,-8.5156],[-35.1262,-8.5149],[-35.1251,-8.5155]]]}},{"type":"Feature","properties":{"c":"b267","b":267,"n":"Salinas","m":"2607208","cx":-35.0112,"cy":-8.509},"geometry":{"type":"MultiPolygon","coordinates":[[[[-35.0113,-8.5048],[-35.0079,-8.5048],[-35.0077,-8.505],[-35.0091,-8.5113],[-35.0097,-8.5138],[-35.01,-8.5138],[-35.0105,-8.5131],[-35.0103,-8.5122],[-35.01,-8.5117],[-35.0102,-8.511],[-35.0117,-8.5122],[-35.0117,-8.5119],[-35.0107,-8.5109],[-35.0109,-8.5105],[-35.0117,-8.5104],[-35.0126,-8.5097],[-35.0136,-8.5092],[-35.014,-8.5088],[-35.0141,-8.508],[-35.0144,-8.5075],[-35.0145,-8.5044],[-35.0123,-8.5047],[-35.0113,-8.5048]]],[[[-35.0067,-8.5266],[-35.0066,-8.5288],[-35.0083,-8.5291],[-35.0107,-8.5296],[-35.0108,-8.5294],[-35.011,-8.5286],[-35.0107,-8.5253],[-35.0108,-8.5246],[-35.0105,-8.5249],[-35.0093,-8.5253],[-35.0066,-8.5255],[-35.0067,-8.5266]]]]}},{"type":"Feature","properties":{"c":"b268","b":268,"n":"Santo Antônio","m":"2607208","cx":-35.1223,"cy":-8.5102},"geometry":{"type":"Polygon","coordinates":[[[-35.1241,-8.5109],[-35.1245,-8.5107],[-35.1239,-8.51],[-35.1241,-8.5088],[-35.1237,-8.5088],[-35.1232,-8.5096],[-35.1228,-8.5093],[-35.1231,-8.5087],[-35.1231,-8.508],[-35.1228,-8.5072],[-35.122,-8.5069],[-35.122,-8.5076],[-35.1207,-8.5086],[-35.1205,-8.5104],[-35.119,-8.5112],[-35.1178,-8.511],[-35.118,-8.5115],[-35.1205,-8.513],[-35.1217,-8.5137],[-35.1218,-8.5134],[-35.1226,-8.5122],[-35.1224,-8.512],[-35.1229,-8.511],[-35.1251,-8.5123],[-35.1253,-8.5131],[-35.1259,-8.5121],[-35.1241,-8.5109]]]}},{"type":"Feature","properties":{"c":"b269","b":269,"n":"Santo Cristo","m":"2607208","cx":-35.066,"cy":-8.4032},"geometry":{"type":"Polygon","coordinates":[[[-35.0676,-8.4055],[-35.0675,-8.4045],[-35.0678,-8.4036],[-35.0675,-8.4029],[-35.0669,-8.4024],[-35.0671,-8.402],[-35.0667,-8.4008],[-35.0656,-8.4006],[-35.0658,-8.4013],[-35.0629,-8.4019],[-35.0627,-8.4021],[-35.0676,-8.4055]]]}},{"type":"Feature","properties":{"c":"b270","b":270,"n":"São Miguel","m":"2607208","cx":-35.0634,"cy":-8.3959},"geometry":{"type":"Polygon","coordinates":[[[-35.0656,-8.3981],[-35.0658,-8.3964],[-35.0648,-8.3964],[-35.0634,-8.3941],[-35.0634,-8.3935],[-35.0621,-8.3938],[-35.0612,-8.3941],[-35.0607,-8.3941],[-35.0604,-8.3933],[-35.0604,-8.3936],[-35.0607,-8.3948],[-35.0605,-8.3957],[-35.0604,-8.3966],[-35.0608,-8.3961],[-35.0621,-8.3958],[-35.0635,-8.397],[-35.0639,-8.3966],[-35.0649,-8.3971],[-35.0652,-8.3974],[-35.0655,-8.3987],[-35.0656,-8.3987],[-35.0656,-8.3981]]]}},{"type":"Feature","properties":{"c":"b271","b":271,"n":"Toquinho","m":"2607208","cx":-35.0422,"cy":-8.5882},"geometry":{"type":"Polygon","coordinates":[[[-35.0338,-8.5716],[-35.0352,-8.5738],[-35.0361,-8.5749],[-35.0365,-8.5758],[-35.0367,-8.5767],[-35.0366,-8.578],[-35.0375,-8.5787],[-35.0383,-8.58],[-35.0384,-8.581],[-35.0382,-8.5825],[-35.0388,-8.5839],[-35.0389,-8.5859],[-35.0393,-8.5867],[-35.0404,-8.5878],[-35.043,-8.5902],[-35.0441,-8.5914],[-35.0447,-8.5925],[-35.0454,-8.5938],[-35.0459,-8.5957],[-35.0462,-8.5976],[-35.0462,-8.5988],[-35.046,-8.5999],[-35.045,-8.6034],[-35.0449,-8.6052],[-35.0458,-8.6065],[-35.0466,-8.6065],[-35.048,-8.606],[-35.0479,-8.6051],[-35.0475,-8.603],[-35.0476,-8.6002],[-35.0483,-8.5975],[-35.0483,-8.5967],[-35.0477,-8.5948],[-35.047,-8.5938],[-35.0468,-8.593],[-35.0465,-8.5914],[-35.0441,-8.5887],[-35.0419,-8.5868],[-35.0415,-8.5858],[-35.0408,-8.5849],[-35.0406,-8.5838],[-35.0403,-8.583],[-35.0396,-8.582],[-35.0401,-8.5812],[-35.0402,-8.58],[-35.0391,-8.5781],[-35.0381,-8.5741],[-35.0359,-8.5714],[-35.0357,-8.5691],[-35.0334,-8.5707],[-35.0328,-8.5707],[-35.0338,-8.5716]]]}},{"type":"Feature","properties":{"c":"b272","b":272,"n":"Vila Do Porto","m":"2607208","cx":-35.0033,"cy":-8.5096},"geometry":{"type":"Polygon","coordinates":[[[-34.9999,-8.5064],[-34.9998,-8.5075],[-35.0,-8.5085],[-35.0004,-8.5099],[-35.0011,-8.511],[-35.0019,-8.5114],[-35.0056,-8.5098],[-35.007,-8.5094],[-35.0095,-8.5144],[-35.0097,-8.5138],[-35.0091,-8.5113],[-35.0077,-8.505],[-35.0079,-8.5048],[-35.0074,-8.5047],[-35.0014,-8.5048],[-35.0002,-8.5046],[-34.9999,-8.5064]]]}},{"type":"Feature","properties":{"c":"b273","b":273,"n":"Vila Poço Verde","m":"2607307","cx":-40.1385,"cy":-7.6499},"geometry":{"type":"Polygon","coordinates":[[[-40.1371,-7.6555],[-40.1382,-7.655],[-40.1394,-7.6544],[-40.14,-7.6543],[-40.1407,-7.6546],[-40.141,-7.6553],[-40.1418,-7.6555],[-40.1428,-7.6534],[-40.1424,-7.6521],[-40.1421,-7.652],[-40.143,-7.6502],[-40.1432,-7.6496],[-40.1441,-7.6496],[-40.144,-7.6486],[-40.1441,-7.6475],[-40.145,-7.6451],[-40.1427,-7.6447],[-40.1432,-7.6466],[-40.1433,-7.6476],[-40.1414,-7.6476],[-40.1403,-7.6461],[-40.1393,-7.6464],[-40.1387,-7.6459],[-40.1392,-7.6453],[-40.1371,-7.6443],[-40.1358,-7.6459],[-40.1359,-7.646],[-40.1356,-7.6486],[-40.135,-7.6487],[-40.1344,-7.6483],[-40.1343,-7.6489],[-40.1335,-7.6491],[-40.1342,-7.6504],[-40.1344,-7.6518],[-40.1344,-7.6546],[-40.1359,-7.6554],[-40.1371,-7.6555]]]}},{"type":"Feature","properties":{"c":"b274","b":274,"n":"Cajueiro","m":"2607752","cx":-34.8988,"cy":-7.7712},"geometry":{"type":"Polygon","coordinates":[[[-34.9017,-7.7706],[-34.8983,-7.7699],[-34.898,-7.7697],[-34.8975,-7.77],[-34.8965,-7.7696],[-34.8958,-7.7703],[-34.896,-7.7714],[-34.8958,-7.7731],[-34.8976,-7.7726],[-34.9021,-7.771],[-34.9017,-7.7706]]]}},{"type":"Feature","properties":{"c":"b275","b":275,"n":"Cidade Criança","m":"2607752","cx":-34.8985,"cy":-7.7808},"geometry":{"type":"Polygon","coordinates":[[[-34.8981,-7.7765],[-34.8975,-7.7765],[-34.8974,-7.7769],[-34.896,-7.7794],[-34.896,-7.7802],[-34.8955,-7.782],[-34.8952,-7.7822],[-34.895,-7.7828],[-34.8954,-7.7828],[-34.8952,-7.7833],[-34.8957,-7.7834],[-34.8969,-7.7838],[-34.8976,-7.7836],[-34.8993,-7.7844],[-34.9009,-7.7838],[-34.9013,-7.7825],[-34.9017,-7.7821],[-34.9014,-7.7814],[-34.8996,-7.7761],[-34.8981,-7.7765]]]}},{"type":"Feature","properties":{"c":"b276","b":276,"n":"Cidade Industrial","m":"2607752","cx":-34.8995,"cy":-7.7897},"geometry":{"type":"MultiPolygon","coordinates":[[[[-34.8975,-7.8022],[-34.8969,-7.8024],[-34.8965,-7.8028],[-34.8973,-7.8029],[-34.8975,-7.8022]]],[[[-34.8986,-7.8029],[-34.8982,-7.8027],[-34.8973,-7.8029],[-34.8986,-7.8029]]],[[[-34.8954,-7.8027],[-34.8954,-7.8023],[-34.895,-7.8026],[-34.8954,-7.8027]]],[[[-34.911,-7.7735],[-34.9067,-7.7744],[-34.9016,-7.7753],[-34.9008,-7.7754],[-34.8996,-7.7761],[-34.9014,-7.7814],[-34.9017,-7.7821],[-34.9013,-7.7825],[-34.9009,-7.7838],[-34.8993,-7.7844],[-34.8976,-7.7836],[-34.8969,-7.7838],[-34.8957,-7.7834],[-34.8955,-7.7837],[-34.895,-7.7834],[-34.8939,-7.784],[-34.8928,-7.784],[-34.8924,-7.785],[-34.8922,-7.7875],[-34.8926,-7.7885],[-34.893,-7.7887],[-34.8927,-7.7891],[-34.8927,-7.7902],[-34.8929,-7.7909],[-34.8926,-7.7915],[-34.893,-7.7916],[-34.8939,-7.7914],[-34.8939,-7.7908],[-34.8943,-7.7915],[-34.895,-7.791],[-34.8952,-7.7913],[-34.8959,-7.7911],[-34.8959,-7.7912],[-34.895,-7.7916],[-34.8948,-7.7923],[-34.8953,-7.793],[-34.8957,-7.793],[-34.8969,-7.7919],[-34.8979,-7.7917],[-34.8984,-7.7912],[-34.8981,-7.7919],[-34.8977,-7.7921],[-34.8968,-7.7921],[-34.8962,-7.7928],[-34.8956,-7.7932],[-34.8962,-7.7934],[-34.8963,-7.7938],[-34.8968,-7.794],[-34.8975,-7.7947],[-34.8983,-7.7951],[-34.8974,-7.795],[-34.8958,-7.794],[-34.896,-7.7938],[-34.8951,-7.7933],[-34.8945,-7.7924],[-34.894,-7.7926],[-34.8939,-7.7933],[-34.8956,-7.7939],[-34.894,-7.7937],[-34.8934,-7.7939],[-34.8919,-7.7949],[-34.892,-7.7966],[-34.8917,-7.7967],[-34.8916,-7.7979],[-34.8919,-7.7981],[-34.8921,-7.7991],[-34.892,-7.7996],[-34.8917,-7.7986],[-34.8916,-7.7993],[-34.8922,-7.8014],[-34.8929,-7.8014],[-34.8933,-7.8011],[-34.8935,-7.8016],[-34.8946,-7.8015],[-34.8941,-7.8018],[-34.8942,-7.8022],[-34.8948,-7.8021],[-34.8958,-7.8023],[-34.8969,-7.8022],[-34.8979,-7.8017],[-34.8977,-7.8021],[-34.8979,-7.8027],[-34.8982,-7.8027],[-34.8986,-7.8027],[-34.8992,-7.8033],[-34.9002,-7.806],[-34.901,-7.8061],[-34.9041,-7.8057],[-34.9095,-7.8051],[-34.9093,-7.8039],[-34.9083,-7.8013],[-34.9064,-7.7962],[-34.9063,-7.7908],[-34.9064,-7.7896],[-34.9064,-7.7885],[-34.9073,-7.7885],[-34.9087,-7.7882],[-34.9105,-7.7881],[-34.9114,-7.785],[-34.9142,-7.781],[-34.9144,-7.7801],[-34.9142,-7.7791],[-34.9144,-7.7785],[-34.9159,-7.7771],[-34.9153,-7.7762],[-34.9128,-7.7733],[-34.911,-7.7733],[-34.911,-7.7735]],[[-34.8958,-7.7903],[-34.8962,-7.7899],[-34.8959,-7.7911],[-34.8958,-7.7903]]],[[[-34.8917,-7.7903],[-34.892,-7.7906],[-34.8918,-7.7902],[-34.8917,-7.7903]]],[[[-34.8906,-7.7907],[-34.891,-7.7901],[-34.8905,-7.7907],[-34.8906,-7.7907]]],[[[-34.8912,-7.792],[-34.8917,-7.7917],[-34.8912,-7.7911],[-34.8912,-7.792]]],[[[-34.8931,-7.7926],[-34.8932,-7.7927],[-34.8934,-7.7925],[-34.8931,-7.7926]]],[[[-34.8938,-7.7917],[-34.8936,-7.792],[-34.894,-7.7922],[-34.8944,-7.7919],[-34.8938,-7.7917]]],[[[-34.8924,-7.7937],[-34.8923,-7.7939],[-34.8927,-7.7936],[-34.8924,-7.7937]]],[[[-34.892,-7.7942],[-34.8919,-7.7939],[-34.8918,-7.7944],[-34.892,-7.7942]]]]}},{"type":"Feature","properties":{"c":"b277","b":277,"n":"Conceição","m":"2607752","cx":-34.9019,"cy":-7.7733},"geometry":{"type":"Polygon","coordinates":[[[-34.8989,-7.7742],[-34.8996,-7.7761],[-34.9008,-7.7754],[-34.9016,-7.7753],[-34.9067,-7.7744],[-34.9064,-7.7735],[-34.9055,-7.7732],[-34.9049,-7.7728],[-34.904,-7.7726],[-34.9031,-7.7717],[-34.9032,-7.7709],[-34.9021,-7.771],[-34.8976,-7.7726],[-34.8979,-7.7738],[-34.8989,-7.7742]]]}},{"type":"Feature","properties":{"c":"b278","b":278,"n":"Espinheiro","m":"2607752","cx":-34.8935,"cy":-7.7728},"geometry":{"type":"MultiPolygon","coordinates":[[[[-34.8958,-7.7733],[-34.8979,-7.7738],[-34.8976,-7.7726],[-34.8958,-7.7731],[-34.896,-7.7714],[-34.8948,-7.7718],[-34.8936,-7.7716],[-34.8911,-7.7715],[-34.891,-7.7721],[-34.8913,-7.7721],[-34.8912,-7.7741],[-34.8935,-7.7734],[-34.8949,-7.7733],[-34.8958,-7.7733]]],[[[-34.8906,-7.7773],[-34.8911,-7.779],[-34.8914,-7.781],[-34.8916,-7.781],[-34.8932,-7.7811],[-34.8938,-7.7808],[-34.8939,-7.7803],[-34.8935,-7.7798],[-34.895,-7.7791],[-34.8953,-7.7788],[-34.8953,-7.777],[-34.8946,-7.7764],[-34.8941,-7.7766],[-34.8926,-7.7767],[-34.8925,-7.7773],[-34.8915,-7.7774],[-34.8912,-7.7758],[-34.8905,-7.7759],[-34.8906,-7.7773]]]]}},{"type":"Feature","properties":{"c":"b279","b":279,"n":"Grêmio","m":"2607752","cx":-34.9052,"cy":-7.7721},"geometry":{"type":"Polygon","coordinates":[[[-34.911,-7.7735],[-34.911,-7.7733],[-34.9101,-7.7733],[-34.9077,-7.7739],[-34.9067,-7.7716],[-34.9057,-7.7701],[-34.9042,-7.7706],[-34.9017,-7.7706],[-34.9021,-7.771],[-34.9032,-7.7709],[-34.9031,-7.7717],[-34.904,-7.7726],[-34.9049,-7.7728],[-34.9055,-7.7732],[-34.9064,-7.7735],[-34.9067,-7.7744],[-34.911,-7.7735]]]}},{"type":"Feature","properties":{"c":"b280","b":280,"n":"Mangabeira","m":"2607752","cx":-34.9138,"cy":-7.7972},"geometry":{"type":"Polygon","coordinates":[[[-34.9087,-7.7882],[-34.9073,-7.7885],[-34.9064,-7.7885],[-34.9064,-7.7896],[-34.9063,-7.7908],[-34.9064,-7.7962],[-34.9083,-7.8013],[-34.9093,-7.8039],[-34.9095,-7.8051],[-34.923,-7.8081],[-34.9234,-7.8077],[-34.9249,-7.8063],[-34.9261,-7.8044],[-34.9263,-7.8036],[-34.9263,-7.8016],[-34.9268,-7.7996],[-34.9265,-7.7994],[-34.9241,-7.799],[-34.9219,-7.7983],[-34.9184,-7.7951],[-34.9172,-7.7947],[-34.9143,-7.7943],[-34.9141,-7.794],[-34.9146,-7.7915],[-34.9155,-7.7916],[-34.9153,-7.7905],[-34.9158,-7.7892],[-34.9137,-7.7886],[-34.9105,-7.7881],[-34.9087,-7.7882]]]}},{"type":"Feature","properties":{"c":"b281","b":281,"n":"Veloz","m":"2607752","cx":-34.8926,"cy":-7.7749},"geometry":{"type":"Polygon","coordinates":[[[-34.8935,-7.7734],[-34.8912,-7.7741],[-34.8913,-7.7721],[-34.891,-7.7721],[-34.8908,-7.7745],[-34.8905,-7.7753],[-34.8905,-7.7759],[-34.8912,-7.7758],[-34.8915,-7.7774],[-34.8925,-7.7773],[-34.8926,-7.7767],[-34.8941,-7.7766],[-34.8946,-7.7764],[-34.8942,-7.7759],[-34.8944,-7.7757],[-34.8946,-7.7744],[-34.8943,-7.774],[-34.8949,-7.7733],[-34.8935,-7.7734]]]}},{"type":"Feature","properties":{"c":"b282","b":282,"n":"Várzea","m":"2607752","cx":-34.8961,"cy":-7.7779},"geometry":{"type":"Polygon","coordinates":[[[-34.8989,-7.7742],[-34.8979,-7.7738],[-34.8958,-7.7733],[-34.8949,-7.7733],[-34.8943,-7.774],[-34.8946,-7.7744],[-34.8944,-7.7757],[-34.8942,-7.7759],[-34.8946,-7.7764],[-34.8953,-7.777],[-34.8953,-7.7788],[-34.895,-7.7791],[-34.8935,-7.7798],[-34.8939,-7.7803],[-34.8938,-7.7808],[-34.8932,-7.7811],[-34.8916,-7.781],[-34.8918,-7.7814],[-34.8931,-7.7819],[-34.894,-7.7823],[-34.8939,-7.7834],[-34.8931,-7.7832],[-34.8936,-7.7837],[-34.8943,-7.7834],[-34.8947,-7.7823],[-34.8955,-7.782],[-34.896,-7.7802],[-34.896,-7.7794],[-34.8974,-7.7769],[-34.8975,-7.7765],[-34.8981,-7.7765],[-34.8996,-7.7761],[-34.8989,-7.7742]]]}},{"type":"Feature","properties":{"c":"b283","b":283,"n":"Barra de Jangada","m":"2607901","cx":-34.9427,"cy":-8.2263},"geometry":{"type":"Polygon","coordinates":[[[-34.9305,-8.2274],[-34.9317,-8.2291],[-34.9335,-8.2325],[-34.9342,-8.2344],[-34.9349,-8.2372],[-34.9356,-8.2389],[-34.9375,-8.2407],[-34.9402,-8.242],[-34.9411,-8.2422],[-34.9426,-8.2424],[-34.9436,-8.2417],[-34.9443,-8.2394],[-34.9453,-8.2379],[-34.947,-8.2359],[-34.9474,-8.2352],[-34.9479,-8.2348],[-34.9496,-8.2341],[-34.9509,-8.2344],[-34.9523,-8.2344],[-34.9547,-8.2361],[-34.9564,-8.2362],[-34.9579,-8.2353],[-34.9592,-8.2328],[-34.9581,-8.2315],[-34.9564,-8.2288],[-34.9556,-8.2249],[-34.9574,-8.2248],[-34.9581,-8.2241],[-34.9588,-8.2215],[-34.959,-8.2216],[-34.9599,-8.2204],[-34.9601,-8.2188],[-34.9604,-8.2188],[-34.9599,-8.2161],[-34.9603,-8.2161],[-34.96,-8.2145],[-34.9598,-8.213],[-34.958,-8.2136],[-34.9579,-8.2134],[-34.9567,-8.2138],[-34.9554,-8.2142],[-34.9552,-8.2133],[-34.9557,-8.2129],[-34.9555,-8.2118],[-34.9546,-8.2119],[-34.9542,-8.2115],[-34.9546,-8.2111],[-34.9544,-8.2103],[-34.9537,-8.2097],[-34.9535,-8.2103],[-34.9519,-8.2123],[-34.9506,-8.2132],[-34.9501,-8.2139],[-34.9491,-8.2145],[-34.9463,-8.2148],[-34.9439,-8.2149],[-34.9433,-8.2127],[-34.9426,-8.2123],[-34.9423,-8.2125],[-34.9417,-8.2117],[-34.9408,-8.2097],[-34.9397,-8.2102],[-34.9394,-8.2096],[-34.937,-8.2103],[-34.9355,-8.2111],[-34.9349,-8.2111],[-34.9331,-8.2118],[-34.9273,-8.2136],[-34.9276,-8.2142],[-34.9259,-8.2153],[-34.9254,-8.2142],[-34.9241,-8.2147],[-34.9196,-8.2163],[-34.9212,-8.2186],[-34.9222,-8.2198],[-34.9228,-8.2199],[-34.9232,-8.2205],[-34.9239,-8.2219],[-34.9248,-8.2216],[-34.9253,-8.222],[-34.926,-8.2231],[-34.9261,-8.2236],[-34.9285,-8.2242],[-34.9286,-8.2253],[-34.9305,-8.2274]]]}},{"type":"Feature","properties":{"c":"b284","b":284,"n":"Bulhões","m":"2607901","cx":-35.0445,"cy":-8.1228},"geometry":{"type":"Polygon","coordinates":[[[-35.0391,-8.1307],[-35.0398,-8.131],[-35.0406,-8.1302],[-35.041,-8.1307],[-35.0403,-8.1319],[-35.0401,-8.1329],[-35.041,-8.1333],[-35.0423,-8.1332],[-35.0431,-8.1332],[-35.0437,-8.1321],[-35.0444,-8.1321],[-35.0448,-8.1314],[-35.0445,-8.1307],[-35.045,-8.1293],[-35.0451,-8.1284],[-35.0457,-8.1279],[-35.0465,-8.128],[-35.0473,-8.1286],[-35.0483,-8.13],[-35.0498,-8.1325],[-35.0502,-8.1337],[-35.0509,-8.1348],[-35.0514,-8.1352],[-35.0533,-8.1358],[-35.0544,-8.1361],[-35.0551,-8.137],[-35.0557,-8.1374],[-35.0567,-8.1386],[-35.0594,-8.1384],[-35.0599,-8.1381],[-35.0605,-8.1364],[-35.0603,-8.135],[-35.0608,-8.134],[-35.0612,-8.1338],[-35.0624,-8.1338],[-35.0627,-8.1335],[-35.0631,-8.1323],[-35.0627,-8.1311],[-35.0622,-8.1302],[-35.0612,-8.13],[-35.0602,-8.1295],[-35.0586,-8.1277],[-35.0573,-8.126],[-35.0563,-8.1261],[-35.0555,-8.1257],[-35.0552,-8.1252],[-35.0551,-8.1234],[-35.0554,-8.1215],[-35.0559,-8.1205],[-35.0561,-8.1181],[-35.0567,-8.1177],[-35.0572,-8.1188],[-35.0581,-8.1195],[-35.0585,-8.1189],[-35.0587,-8.1172],[-35.0591,-8.1168],[-35.0604,-8.1162],[-35.0609,-8.1164],[-35.0616,-8.1178],[-35.0626,-8.1188],[-35.0627,-8.1194],[-35.0624,-8.1202],[-35.0622,-8.1215],[-35.0626,-8.1231],[-35.0632,-8.1243],[-35.063,-8.1252],[-35.0636,-8.1267],[-35.0645,-8.1271],[-35.0651,-8.1264],[-35.0665,-8.1255],[-35.0675,-8.1244],[-35.0687,-8.1239],[-35.0691,-8.1242],[-35.0697,-8.1257],[-35.071,-8.127],[-35.072,-8.1277],[-35.0724,-8.1287],[-35.0725,-8.1293],[-35.0723,-8.1302],[-35.0725,-8.131],[-35.0741,-8.1312],[-35.0749,-8.1316],[-35.0762,-8.132],[-35.078,-8.1322],[-35.0787,-8.1327],[-35.0794,-8.133],[-35.0806,-8.1324],[-35.0817,-8.1322],[-35.0754,-8.1202],[-35.0685,-8.1074],[-35.0671,-8.1069],[-35.0658,-8.1071],[-35.0639,-8.1083],[-35.062,-8.1086],[-35.0603,-8.1092],[-35.0585,-8.1084],[-35.057,-8.1085],[-35.0547,-8.1094],[-35.054,-8.1095],[-35.0514,-8.1089],[-35.0503,-8.109],[-35.0463,-8.1116],[-35.0427,-8.1122],[-35.0403,-8.1122],[-35.0353,-8.1119],[-35.0341,-8.1121],[-35.0329,-8.1128],[-35.0322,-8.1129],[-35.0308,-8.1129],[-35.0313,-8.1151],[-35.0308,-8.1157],[-35.0312,-8.1164],[-35.0312,-8.1173],[-35.033,-8.118],[-35.0332,-8.1186],[-35.0326,-8.1187],[-35.0324,-8.1196],[-35.0333,-8.1196],[-35.0344,-8.1199],[-35.0341,-8.1217],[-35.0337,-8.1226],[-35.034,-8.1235],[-35.0336,-8.1253],[-35.0332,-8.1263],[-35.0332,-8.1273],[-35.0335,-8.1276],[-35.0333,-8.1282],[-35.0338,-8.1288],[-35.0352,-8.128],[-35.0354,-8.1277],[-35.0367,-8.1271],[-35.0375,-8.1271],[-35.0382,-8.1276],[-35.0382,-8.1281],[-35.0388,-8.1288],[-35.0389,-8.1299],[-35.0391,-8.1307]]]}},{"type":"Feature","properties":{"c":"b285","b":285,"n":"Cajueiro Seco","m":"2607901","cx":-34.9321,"cy":-8.175},"geometry":{"type":"Polygon","coordinates":[[[-34.9207,-8.1692],[-34.9189,-8.1705],[-34.918,-8.1714],[-34.9186,-8.1719],[-34.9198,-8.1717],[-34.9217,-8.1713],[-34.9235,-8.1733],[-34.9245,-8.1738],[-34.9278,-8.1763],[-34.9294,-8.1776],[-34.9329,-8.1802],[-34.934,-8.1811],[-34.94,-8.1857],[-34.9429,-8.1878],[-34.9432,-8.1875],[-34.944,-8.1877],[-34.9469,-8.1892],[-34.9479,-8.1883],[-34.9496,-8.1872],[-34.9492,-8.1868],[-34.9507,-8.1854],[-34.9494,-8.1844],[-34.9478,-8.1838],[-34.9449,-8.183],[-34.9436,-8.1823],[-34.9427,-8.1813],[-34.939,-8.1763],[-34.9361,-8.1724],[-34.9349,-8.1695],[-34.9337,-8.168],[-34.9317,-8.1661],[-34.927,-8.1614],[-34.9261,-8.1623],[-34.9231,-8.1648],[-34.9221,-8.1659],[-34.9209,-8.1688],[-34.9207,-8.1692]]]}},{"type":"Feature","properties":{"c":"b286","b":286,"n":"Candeias","m":"2607901","cx":-34.9271,"cy":-8.2034},"geometry":{"type":"Polygon","coordinates":[[[-34.94,-8.2077],[-34.9385,-8.2045],[-34.9374,-8.2019],[-34.9374,-8.2009],[-34.9376,-8.2],[-34.9395,-8.1952],[-34.9397,-8.1949],[-34.9402,-8.1931],[-34.9401,-8.1924],[-34.9395,-8.1908],[-34.9392,-8.1895],[-34.9388,-8.1896],[-34.9386,-8.189],[-34.9371,-8.189],[-34.937,-8.1886],[-34.9365,-8.189],[-34.9344,-8.1889],[-34.9345,-8.1892],[-34.9319,-8.1894],[-34.9316,-8.1894],[-34.9278,-8.1896],[-34.9258,-8.1901],[-34.9212,-8.191],[-34.9182,-8.1916],[-34.9172,-8.1918],[-34.917,-8.1943],[-34.9168,-8.1957],[-34.9164,-8.1974],[-34.9163,-8.1999],[-34.916,-8.2012],[-34.916,-8.2023],[-34.9164,-8.2051],[-34.9178,-8.212],[-34.9188,-8.2147],[-34.9196,-8.2163],[-34.9241,-8.2147],[-34.9254,-8.2142],[-34.9259,-8.2153],[-34.9276,-8.2142],[-34.9273,-8.2136],[-34.9331,-8.2118],[-34.9349,-8.2111],[-34.9355,-8.2111],[-34.937,-8.2103],[-34.9394,-8.2096],[-34.9397,-8.2102],[-34.9408,-8.2097],[-34.94,-8.2077]]]}},{"type":"Feature","properties":{"c":"b287","b":287,"n":"Cavaleiro","m":"2607901","cx":-34.9769,"cy":-8.0905},"geometry":{"type":"Polygon","coordinates":[[[-34.9882,-8.0979],[-34.9883,-8.0958],[-34.9881,-8.0941],[-34.9876,-8.0927],[-34.9864,-8.0912],[-34.9834,-8.0882],[-34.9817,-8.0864],[-34.9801,-8.0844],[-34.9788,-8.0832],[-34.9792,-8.0823],[-34.9785,-8.0813],[-34.9779,-8.0813],[-34.9776,-8.0805],[-34.9779,-8.0782],[-34.9774,-8.0782],[-34.9774,-8.0793],[-34.9768,-8.0793],[-34.9763,-8.0799],[-34.9766,-8.0805],[-34.9761,-8.0805],[-34.9753,-8.0792],[-34.9742,-8.0791],[-34.9739,-8.0783],[-34.9726,-8.0782],[-34.9716,-8.0785],[-34.9723,-8.0793],[-34.9713,-8.0809],[-34.9713,-8.0814],[-34.9711,-8.0816],[-34.9709,-8.0817],[-34.9712,-8.0823],[-34.9713,-8.0837],[-34.9721,-8.085],[-34.9731,-8.0856],[-34.9736,-8.0864],[-34.9732,-8.0875],[-34.9717,-8.0882],[-34.9713,-8.0877],[-34.9702,-8.0875],[-34.9702,-8.0881],[-34.9696,-8.0881],[-34.9698,-8.0887],[-34.9695,-8.0893],[-34.9682,-8.0899],[-34.9678,-8.0913],[-34.9662,-8.0911],[-34.9651,-8.0915],[-34.9652,-8.0921],[-34.9643,-8.0931],[-34.9654,-8.0938],[-34.9662,-8.0941],[-34.9658,-8.0947],[-34.9668,-8.0957],[-34.9685,-8.0984],[-34.9695,-8.1003],[-34.9704,-8.1013],[-34.9718,-8.102],[-34.9737,-8.0991],[-34.9747,-8.0972],[-34.9752,-8.0957],[-34.9766,-8.0961],[-34.9786,-8.0969],[-34.9794,-8.097],[-34.9829,-8.0969],[-34.9835,-8.0971],[-34.9845,-8.0976],[-34.9856,-8.0988],[-34.9864,-8.0993],[-34.9878,-8.0999],[-34.9882,-8.0979]]]}},{"type":"Feature","properties":{"c":"b288","b":288,"n":"Centro","m":"2607901","cx":-35.0127,"cy":-8.1195},"geometry":{"type":"Polygon","coordinates":[[[-35.0218,-8.1137],[-35.0198,-8.1131],[-35.0199,-8.1122],[-35.0204,-8.112],[-35.0201,-8.1112],[-35.0203,-8.1089],[-35.0203,-8.1075],[-35.0187,-8.107],[-35.0193,-8.1054],[-35.0187,-8.1055],[-35.0187,-8.1065],[-35.0181,-8.1073],[-35.0179,-8.1083],[-35.0175,-8.1094],[-35.0176,-8.1109],[-35.0171,-8.1113],[-35.016,-8.111],[-35.0154,-8.1096],[-35.0149,-8.109],[-35.0143,-8.1091],[-35.0137,-8.1096],[-35.0131,-8.1105],[-35.0137,-8.1123],[-35.0133,-8.1132],[-35.0125,-8.1131],[-35.0106,-8.1124],[-35.01,-8.1128],[-35.0102,-8.1136],[-35.01,-8.1142],[-35.0094,-8.1142],[-35.0072,-8.1135],[-35.0073,-8.1146],[-35.0071,-8.1152],[-35.0055,-8.1172],[-35.0053,-8.1182],[-35.0055,-8.1198],[-35.0073,-8.1289],[-35.0069,-8.13],[-35.0075,-8.1305],[-35.0069,-8.131],[-35.0072,-8.1321],[-35.0071,-8.1332],[-35.0092,-8.134],[-35.0094,-8.133],[-35.0098,-8.1327],[-35.0093,-8.1326],[-35.009,-8.1319],[-35.0094,-8.1319],[-35.0094,-8.1304],[-35.0095,-8.1294],[-35.0124,-8.1302],[-35.0132,-8.1306],[-35.0145,-8.1316],[-35.0152,-8.1318],[-35.0167,-8.1317],[-35.018,-8.1309],[-35.0182,-8.1306],[-35.0185,-8.1297],[-35.018,-8.1287],[-35.0173,-8.1279],[-35.017,-8.1272],[-35.017,-8.1251],[-35.0175,-8.1239],[-35.0186,-8.123],[-35.0194,-8.1215],[-35.0201,-8.1192],[-35.0202,-8.1187],[-35.0208,-8.1174],[-35.0217,-8.1169],[-35.0227,-8.116],[-35.0229,-8.1139],[-35.0218,-8.1137]]]}},{"type":"Feature","properties":{"c":"b289","b":289,"n":"Comportas","m":"2607901","cx":-34.9686,"cy":-8.1834},"geometry":{"type":"Polygon","coordinates":[[[-34.9847,-8.1791],[-34.9848,-8.1783],[-34.9842,-8.1772],[-34.9826,-8.1761],[-34.9806,-8.1744],[-34.9795,-8.174],[-34.9791,-8.1737],[-34.9789,-8.1727],[-34.9772,-8.1729],[-34.9769,-8.1723],[-34.9768,-8.1713],[-34.9757,-8.1708],[-34.9749,-8.1697],[-34.9747,-8.1691],[-34.9736,-8.1688],[-34.9726,-8.1695],[-34.9726,-8.1709],[-34.9724,-8.1715],[-34.9725,-8.1724],[-34.9717,-8.1727],[-34.9715,-8.1734],[-34.9723,-8.1741],[-34.972,-8.1747],[-34.9712,-8.1744],[-34.9706,-8.1734],[-34.9703,-8.1735],[-34.9705,-8.1743],[-34.9702,-8.1749],[-34.9692,-8.1751],[-34.9686,-8.1748],[-34.9668,-8.1746],[-34.9664,-8.1742],[-34.9657,-8.1743],[-34.9655,-8.1747],[-34.9649,-8.1748],[-34.9645,-8.1742],[-34.9641,-8.1742],[-34.9631,-8.1748],[-34.9631,-8.1755],[-34.9621,-8.1765],[-34.9626,-8.1767],[-34.9629,-8.1773],[-34.9624,-8.178],[-34.9629,-8.1784],[-34.9627,-8.179],[-34.9627,-8.1796],[-34.9621,-8.1813],[-34.9608,-8.1819],[-34.9608,-8.1827],[-34.9594,-8.1847],[-34.9596,-8.1858],[-34.9579,-8.1863],[-34.9574,-8.1873],[-34.9598,-8.1864],[-34.9609,-8.1862],[-34.9633,-8.1886],[-34.9627,-8.1901],[-34.9631,-8.1913],[-34.964,-8.192],[-34.9665,-8.1932],[-34.9668,-8.1937],[-34.9685,-8.193],[-34.9722,-8.1935],[-34.97,-8.1973],[-34.9722,-8.1982],[-34.974,-8.1946],[-34.9762,-8.1951],[-34.9749,-8.1919],[-34.9742,-8.19],[-34.9749,-8.1889],[-34.9755,-8.1885],[-34.9754,-8.1876],[-34.9757,-8.1868],[-34.9766,-8.1858],[-34.9769,-8.1852],[-34.9764,-8.1845],[-34.977,-8.1832],[-34.9783,-8.1838],[-34.979,-8.1838],[-34.9805,-8.1844],[-34.9813,-8.1845],[-34.9824,-8.1837],[-34.983,-8.1826],[-34.9844,-8.1808],[-34.9847,-8.1798],[-34.985,-8.1796],[-34.9847,-8.1791]]]}},{"type":"Feature","properties":{"c":"b290","b":290,"n":"Curado","m":"2607901","cx":-35.0041,"cy":-8.0718},"geometry":{"type":"Polygon","coordinates":[[[-35.0051,-8.0863],[-35.0049,-8.0855],[-35.0056,-8.0851],[-35.0058,-8.0853],[-35.0068,-8.0854],[-35.0075,-8.0849],[-35.0079,-8.0841],[-35.0091,-8.0833],[-35.0101,-8.0828],[-35.0102,-8.0821],[-35.0113,-8.0821],[-35.0117,-8.0815],[-35.0122,-8.0812],[-35.0131,-8.0817],[-35.0137,-8.0811],[-35.0141,-8.0801],[-35.0139,-8.0792],[-35.0145,-8.0789],[-35.0146,-8.0784],[-35.0154,-8.0783],[-35.016,-8.0779],[-35.0171,-8.0779],[-35.0178,-8.0776],[-35.0191,-8.0763],[-35.0204,-8.0764],[-35.0211,-8.0751],[-35.0211,-8.0746],[-35.0216,-8.0739],[-35.0218,-8.0729],[-35.0223,-8.072],[-35.0224,-8.0715],[-35.0232,-8.0716],[-35.0237,-8.0712],[-35.0237,-8.0705],[-35.0242,-8.0696],[-35.0253,-8.0691],[-35.0258,-8.0691],[-35.0265,-8.0673],[-35.0271,-8.0671],[-35.0279,-8.066],[-35.0285,-8.0664],[-35.029,-8.0648],[-35.0294,-8.0646],[-35.03,-8.0635],[-35.0308,-8.0627],[-35.032,-8.0604],[-35.0322,-8.0599],[-35.0265,-8.0583],[-35.0197,-8.0565],[-35.0169,-8.0558],[-35.0167,-8.0558],[-35.0149,-8.0559],[-35.0146,-8.0563],[-35.0137,-8.0563],[-35.0135,-8.0569],[-35.0123,-8.058],[-35.0123,-8.059],[-35.0113,-8.0595],[-35.0107,-8.0591],[-35.0101,-8.0592],[-35.0094,-8.0603],[-35.0088,-8.0601],[-35.0066,-8.0597],[-35.0064,-8.0604],[-35.0052,-8.0621],[-35.0049,-8.0627],[-35.0033,-8.0628],[-35.0027,-8.064],[-35.0018,-8.0639],[-35.0003,-8.0639],[-34.9988,-8.0627],[-34.998,-8.0625],[-34.9971,-8.0615],[-34.9962,-8.0609],[-34.9957,-8.0607],[-34.9954,-8.061],[-34.9951,-8.0624],[-34.9945,-8.0623],[-34.9931,-8.0622],[-34.9931,-8.0626],[-34.9938,-8.0636],[-34.9933,-8.0652],[-34.993,-8.0664],[-34.992,-8.0666],[-34.9916,-8.0669],[-34.9901,-8.0689],[-34.9893,-8.0692],[-34.9892,-8.0696],[-34.9895,-8.0709],[-34.9894,-8.0712],[-34.9872,-8.0716],[-34.9861,-8.0716],[-34.9857,-8.072],[-34.9862,-8.074],[-34.986,-8.0746],[-34.9852,-8.0742],[-34.9845,-8.0751],[-34.984,-8.0749],[-34.9831,-8.0758],[-34.9805,-8.0755],[-34.9796,-8.0759],[-34.9791,-8.0764],[-34.9789,-8.0779],[-34.9779,-8.0782],[-34.9776,-8.0805],[-34.9779,-8.0813],[-34.9785,-8.0813],[-34.9792,-8.0823],[-34.9788,-8.0832],[-34.9801,-8.0844],[-34.9817,-8.0864],[-34.9834,-8.0882],[-34.9851,-8.0873],[-34.9862,-8.0871],[-34.9869,-8.0847],[-34.9876,-8.0849],[-34.9879,-8.0841],[-34.9881,-8.0831],[-34.9889,-8.0825],[-34.9896,-8.0822],[-34.99,-8.0806],[-34.9899,-8.0801],[-34.9895,-8.0796],[-34.9905,-8.0798],[-34.9924,-8.0803],[-34.9946,-8.0815],[-34.9975,-8.0834],[-34.9992,-8.0844],[-35.0017,-8.0853],[-35.0051,-8.0863]]]}},{"type":"Feature","properties":{"c":"b291","b":291,"n":"Dois Carneiros","m":"2607901","cx":-34.966,"cy":-8.1173},"geometry":{"type":"Polygon","coordinates":[[[-34.9605,-8.1104],[-34.9593,-8.1106],[-34.9575,-8.1115],[-34.9581,-8.1116],[-34.9589,-8.112],[-34.9597,-8.1145],[-34.9589,-8.1167],[-34.959,-8.1177],[-34.9599,-8.1188],[-34.9601,-8.1199],[-34.9597,-8.1215],[-34.9592,-8.1224],[-34.9594,-8.1234],[-34.9608,-8.1229],[-34.9608,-8.1205],[-34.9613,-8.1199],[-34.9623,-8.1193],[-34.9631,-8.1193],[-34.9647,-8.1199],[-34.9653,-8.1204],[-34.9657,-8.1205],[-34.9663,-8.1187],[-34.9676,-8.1191],[-34.9685,-8.1199],[-34.9693,-8.1221],[-34.9695,-8.1235],[-34.9699,-8.1251],[-34.9703,-8.1253],[-34.9718,-8.1301],[-34.9719,-8.1308],[-34.9722,-8.1307],[-34.9722,-8.1296],[-34.9727,-8.1292],[-34.9722,-8.1289],[-34.9718,-8.1281],[-34.9721,-8.1276],[-34.972,-8.1259],[-34.9725,-8.1229],[-34.9725,-8.1218],[-34.9728,-8.1198],[-34.9727,-8.1195],[-34.972,-8.1193],[-34.972,-8.119],[-34.973,-8.1185],[-34.9733,-8.1178],[-34.9727,-8.117],[-34.9727,-8.1164],[-34.973,-8.1162],[-34.9742,-8.1163],[-34.9744,-8.1156],[-34.9735,-8.1154],[-34.9732,-8.1145],[-34.974,-8.1139],[-34.9746,-8.114],[-34.9763,-8.1151],[-34.9778,-8.116],[-34.9782,-8.1159],[-34.9776,-8.1153],[-34.9772,-8.1144],[-34.9754,-8.1136],[-34.9768,-8.1127],[-34.9753,-8.1133],[-34.9746,-8.1127],[-34.9743,-8.1121],[-34.9736,-8.1114],[-34.9743,-8.1107],[-34.9741,-8.1102],[-34.9737,-8.1104],[-34.973,-8.1094],[-34.972,-8.1082],[-34.9715,-8.1083],[-34.9718,-8.1076],[-34.9719,-8.1064],[-34.9712,-8.1056],[-34.9708,-8.1048],[-34.9711,-8.1047],[-34.9705,-8.1037],[-34.97,-8.1042],[-34.97,-8.105],[-34.9693,-8.105],[-34.9688,-8.1056],[-34.9691,-8.1064],[-34.9684,-8.1069],[-34.9681,-8.1067],[-34.9674,-8.1073],[-34.9659,-8.1094],[-34.9638,-8.1106],[-34.9632,-8.1098],[-34.9618,-8.1096],[-34.9605,-8.1104]]]}},{"type":"Feature","properties":{"c":"b292","b":292,"n":"Engenho Velho","m":"2607901","cx":-35.0018,"cy":-8.0998},"geometry":{"type":"Polygon","coordinates":[[[-35.0122,-8.1104],[-35.0114,-8.1096],[-35.0119,-8.1087],[-35.0125,-8.1084],[-35.0116,-8.108],[-35.0109,-8.1067],[-35.0108,-8.1055],[-35.0103,-8.1049],[-35.0094,-8.1048],[-35.0094,-8.1051],[-35.0081,-8.1052],[-35.0074,-8.1048],[-35.0062,-8.1052],[-35.0063,-8.1038],[-35.006,-8.1027],[-35.0061,-8.1018],[-35.0055,-8.1],[-35.0045,-8.0997],[-35.0032,-8.0987],[-35.0038,-8.0976],[-35.0034,-8.0962],[-35.0034,-8.0952],[-35.0031,-8.094],[-35.003,-8.0909],[-35.0038,-8.0904],[-35.0049,-8.0883],[-35.0054,-8.0864],[-35.0051,-8.0863],[-35.0017,-8.0853],[-35.0015,-8.0857],[-35.0007,-8.0854],[-35.0009,-8.0862],[-35.0008,-8.0869],[-35.0011,-8.0878],[-35.0006,-8.0882],[-35.0,-8.0902],[-34.9998,-8.0914],[-35.0001,-8.0926],[-35.0001,-8.0943],[-35.0006,-8.0953],[-35.0014,-8.0962],[-35.0014,-8.0967],[-35.0002,-8.0982],[-34.9992,-8.0984],[-34.9984,-8.0991],[-34.9986,-8.1005],[-34.9981,-8.102],[-34.9976,-8.1019],[-34.9974,-8.1028],[-34.9969,-8.1035],[-34.9966,-8.1035],[-34.9964,-8.1045],[-34.9958,-8.1056],[-34.9945,-8.1071],[-34.9942,-8.1085],[-34.9963,-8.1086],[-34.9959,-8.1098],[-34.9964,-8.1093],[-34.9975,-8.1095],[-34.9985,-8.1094],[-35.0004,-8.1081],[-35.0008,-8.1082],[-35.0016,-8.109],[-35.0029,-8.1097],[-35.0038,-8.1098],[-35.0043,-8.1101],[-35.0045,-8.1125],[-35.0052,-8.113],[-35.0057,-8.1132],[-35.0061,-8.1137],[-35.0072,-8.1135],[-35.0094,-8.1142],[-35.01,-8.1142],[-35.0102,-8.1136],[-35.01,-8.1128],[-35.0106,-8.1124],[-35.0125,-8.1131],[-35.0133,-8.1132],[-35.0137,-8.1123],[-35.0131,-8.1105],[-35.0122,-8.1104]]]}},{"type":"Feature","properties":{"c":"b293","b":293,"n":"Floriano","m":"2607901","cx":-34.994,"cy":-8.0934},"geometry":{"type":"Polygon","coordinates":[[[-34.9891,-8.1009],[-34.9895,-8.1015],[-34.9897,-8.1027],[-34.9897,-8.1039],[-34.9898,-8.1048],[-34.9902,-8.1055],[-34.9908,-8.1062],[-34.9916,-8.1067],[-34.9945,-8.1071],[-34.9958,-8.1056],[-34.9964,-8.1045],[-34.9966,-8.1035],[-34.9969,-8.1035],[-34.9974,-8.1028],[-34.9976,-8.1019],[-34.9981,-8.102],[-34.9986,-8.1005],[-34.9984,-8.0991],[-34.9992,-8.0984],[-35.0002,-8.0982],[-35.0014,-8.0967],[-35.0014,-8.0962],[-35.0006,-8.0953],[-35.0001,-8.0943],[-35.0001,-8.0926],[-34.9998,-8.0914],[-35.0,-8.0902],[-35.0006,-8.0882],[-35.0011,-8.0878],[-35.0008,-8.0869],[-35.0009,-8.0862],[-35.0007,-8.0854],[-35.0015,-8.0857],[-35.0017,-8.0853],[-34.9992,-8.0844],[-34.9975,-8.0834],[-34.9946,-8.0815],[-34.9924,-8.0803],[-34.9905,-8.0798],[-34.9895,-8.0796],[-34.9899,-8.0801],[-34.99,-8.0806],[-34.9896,-8.0822],[-34.9889,-8.0825],[-34.9881,-8.0831],[-34.9879,-8.0841],[-34.9876,-8.0849],[-34.9869,-8.0847],[-34.9862,-8.0871],[-34.9851,-8.0873],[-34.9834,-8.0882],[-34.9864,-8.0912],[-34.9876,-8.0927],[-34.9881,-8.0941],[-34.9883,-8.0958],[-34.9882,-8.0979],[-34.9879,-8.0999],[-34.9891,-8.1009]]]}},{"type":"Feature","properties":{"c":"b294","b":294,"n":"Guararapes","m":"2607901","cx":-34.9332,"cy":-8.1575},"geometry":{"type":"Polygon","coordinates":[[[-34.9246,-8.1569],[-34.9267,-8.1586],[-34.9267,-8.1588],[-34.9281,-8.1601],[-34.9307,-8.1628],[-34.9308,-8.1627],[-34.9333,-8.1654],[-34.935,-8.167],[-34.936,-8.168],[-34.9368,-8.1682],[-34.9373,-8.1681],[-34.9379,-8.1674],[-34.9397,-8.1616],[-34.94,-8.1611],[-34.9401,-8.1608],[-34.9409,-8.1581],[-34.9414,-8.1568],[-34.9411,-8.1567],[-34.9416,-8.1546],[-34.9412,-8.1546],[-34.9358,-8.1525],[-34.9344,-8.1514],[-34.9342,-8.151],[-34.9337,-8.1483],[-34.9332,-8.1477],[-34.931,-8.1476],[-34.929,-8.1487],[-34.9286,-8.1497],[-34.9249,-8.1533],[-34.9236,-8.1544],[-34.9231,-8.1544],[-34.922,-8.154],[-34.9216,-8.154],[-34.9209,-8.1549],[-34.9246,-8.1569]]]}},{"type":"Feature","properties":{"c":"b295","b":295,"n":"Jardim Jordão","m":"2607901","cx":-34.9321,"cy":-8.1463},"geometry":{"type":"Polygon","coordinates":[[[-34.942,-8.1545],[-34.9428,-8.1514],[-34.9435,-8.1491],[-34.9442,-8.1479],[-34.9448,-8.1471],[-34.9467,-8.1456],[-34.9472,-8.145],[-34.9474,-8.1443],[-34.9472,-8.1434],[-34.9465,-8.1419],[-34.9465,-8.1407],[-34.9472,-8.139],[-34.9474,-8.1376],[-34.9442,-8.1376],[-34.9431,-8.1373],[-34.9372,-8.1368],[-34.9364,-8.1379],[-34.9332,-8.1416],[-34.9323,-8.1419],[-34.9302,-8.1416],[-34.9279,-8.1412],[-34.9216,-8.1416],[-34.9202,-8.1421],[-34.918,-8.1431],[-34.9181,-8.1441],[-34.9195,-8.1524],[-34.92,-8.154],[-34.9209,-8.1549],[-34.9216,-8.154],[-34.922,-8.154],[-34.9231,-8.1544],[-34.9236,-8.1544],[-34.9249,-8.1533],[-34.9286,-8.1497],[-34.929,-8.1487],[-34.931,-8.1476],[-34.9332,-8.1477],[-34.9337,-8.1483],[-34.9342,-8.151],[-34.9344,-8.1514],[-34.9358,-8.1525],[-34.9412,-8.1546],[-34.9416,-8.1546],[-34.942,-8.1545]]]}},{"type":"Feature","properties":{"c":"b296","b":296,"n":"Manassu","m":"2607901","cx":-35.0353,"cy":-8.079},"geometry":{"type":"Polygon","coordinates":[[[-35.0418,-8.0946],[-35.0424,-8.0948],[-35.0492,-8.0966],[-35.0498,-8.0967],[-35.0592,-8.0973],[-35.0598,-8.0973],[-35.0637,-8.0984],[-35.0597,-8.0909],[-35.0569,-8.0856],[-35.0563,-8.0785],[-35.0551,-8.0673],[-35.0491,-8.0653],[-35.0417,-8.0626],[-35.0322,-8.0599],[-35.032,-8.0604],[-35.0308,-8.0627],[-35.03,-8.0635],[-35.0294,-8.0646],[-35.029,-8.0648],[-35.0285,-8.0664],[-35.0279,-8.066],[-35.0271,-8.0671],[-35.0265,-8.0673],[-35.0258,-8.0691],[-35.0253,-8.0691],[-35.0242,-8.0696],[-35.0237,-8.0705],[-35.0237,-8.0712],[-35.0232,-8.0716],[-35.0224,-8.0715],[-35.0223,-8.072],[-35.0218,-8.0729],[-35.0216,-8.0739],[-35.0211,-8.0746],[-35.0211,-8.0751],[-35.0204,-8.0764],[-35.0191,-8.0763],[-35.0178,-8.0776],[-35.0171,-8.0779],[-35.016,-8.0779],[-35.0154,-8.0783],[-35.0146,-8.0784],[-35.0145,-8.0789],[-35.0139,-8.0792],[-35.0141,-8.0801],[-35.0137,-8.0811],[-35.0131,-8.0817],[-35.0122,-8.0812],[-35.0117,-8.0815],[-35.0113,-8.0821],[-35.0102,-8.0821],[-35.0101,-8.0828],[-35.0091,-8.0833],[-35.0079,-8.0841],[-35.0075,-8.0849],[-35.0068,-8.0854],[-35.0058,-8.0853],[-35.0056,-8.0851],[-35.0049,-8.0855],[-35.0051,-8.0863],[-35.0054,-8.0864],[-35.0111,-8.0882],[-35.013,-8.0886],[-35.0166,-8.0885],[-35.0176,-8.089],[-35.0193,-8.09],[-35.021,-8.0904],[-35.0258,-8.0904],[-35.0269,-8.0905],[-35.0282,-8.0909],[-35.03,-8.092],[-35.0308,-8.0928],[-35.0318,-8.0935],[-35.0329,-8.0938],[-35.0371,-8.0942],[-35.0418,-8.0946]]]}},{"type":"Feature","properties":{"c":"b297","b":297,"n":"Marcos Freire","m":"2607901","cx":-34.9807,"cy":-8.1441},"geometry":{"type":"Polygon","coordinates":[[[-34.958,-8.1472],[-34.9567,-8.1484],[-34.9528,-8.1515],[-34.9516,-8.1525],[-34.9509,-8.1534],[-34.9502,-8.1549],[-34.9547,-8.1538],[-34.957,-8.1537],[-34.9589,-8.154],[-34.9612,-8.1547],[-34.9657,-8.156],[-34.9707,-8.1575],[-34.9804,-8.1595],[-34.9815,-8.1597],[-34.9853,-8.1601],[-34.9861,-8.1604],[-34.9892,-8.1619],[-34.9902,-8.1621],[-34.9915,-8.1618],[-34.9924,-8.1611],[-34.9923,-8.161],[-34.9972,-8.1568],[-34.9976,-8.1562],[-34.9979,-8.1554],[-34.9977,-8.1534],[-34.9976,-8.1526],[-34.9988,-8.1494],[-34.9995,-8.1475],[-34.9999,-8.1453],[-35.0014,-8.1419],[-35.0029,-8.1384],[-35.0038,-8.1374],[-35.0044,-8.1364],[-35.0044,-8.1357],[-35.0041,-8.1327],[-35.0034,-8.1321],[-35.0031,-8.1312],[-35.0032,-8.1308],[-35.0027,-8.1305],[-35.0022,-8.1309],[-35.0018,-8.1306],[-35.0015,-8.1308],[-35.0003,-8.1296],[-35.0,-8.1295],[-34.999,-8.1285],[-34.9988,-8.1276],[-34.9974,-8.1271],[-34.9966,-8.1276],[-34.9947,-8.1264],[-34.9936,-8.1269],[-34.9934,-8.1274],[-34.9924,-8.1284],[-34.991,-8.1314],[-34.9903,-8.1322],[-34.9892,-8.1316],[-34.9885,-8.1318],[-34.988,-8.1326],[-34.9867,-8.1325],[-34.9864,-8.1331],[-34.9861,-8.1341],[-34.985,-8.1344],[-34.9845,-8.1337],[-34.9828,-8.1338],[-34.9811,-8.1334],[-34.981,-8.133],[-34.9805,-8.133],[-34.9799,-8.1323],[-34.9789,-8.1318],[-34.9772,-8.1313],[-34.9761,-8.1305],[-34.9748,-8.13],[-34.9737,-8.1299],[-34.9727,-8.1292],[-34.9722,-8.1296],[-34.9722,-8.1307],[-34.9719,-8.1308],[-34.9722,-8.1317],[-34.9723,-8.1333],[-34.9717,-8.1354],[-34.9707,-8.1367],[-34.9695,-8.1376],[-34.9675,-8.1386],[-34.9664,-8.1393],[-34.962,-8.143],[-34.958,-8.1472]]]}},{"type":"Feature","properties":{"c":"b298","b":298,"n":"Muribeca","m":"2607901","cx":-35.0281,"cy":-8.1797},"geometry":{"type":"Polygon","coordinates":[[[-34.9613,-8.1422],[-34.9588,-8.1396],[-34.9583,-8.1395],[-34.9573,-8.1384],[-34.9565,-8.1369],[-34.9563,-8.137],[-34.9565,-8.1379],[-34.956,-8.1375],[-34.955,-8.1373],[-34.9535,-8.1386],[-34.9532,-8.1387],[-34.9523,-8.1382],[-34.9517,-8.1383],[-34.952,-8.1377],[-34.9512,-8.1375],[-34.9503,-8.1382],[-34.948,-8.1379],[-34.9475,-8.1376],[-34.9474,-8.1376],[-34.9472,-8.139],[-34.9465,-8.1407],[-34.9465,-8.1419],[-34.9472,-8.1434],[-34.9474,-8.1443],[-34.9472,-8.145],[-34.9467,-8.1456],[-34.9448,-8.1471],[-34.9442,-8.1479],[-34.9435,-8.1491],[-34.9428,-8.1514],[-34.942,-8.1545],[-34.9416,-8.1546],[-34.9411,-8.1567],[-34.9414,-8.1568],[-34.9409,-8.1581],[-34.9401,-8.1608],[-34.94,-8.1611],[-34.9418,-8.162],[-34.9445,-8.1631],[-34.9462,-8.1634],[-34.948,-8.1631],[-34.9471,-8.1671],[-34.9462,-8.1712],[-34.9456,-8.1728],[-34.9451,-8.1738],[-34.9435,-8.1758],[-34.9447,-8.177],[-34.9455,-8.1776],[-34.9466,-8.1779],[-34.9506,-8.1777],[-34.9502,-8.1787],[-34.9523,-8.1807],[-34.9536,-8.181],[-34.9562,-8.1838],[-34.957,-8.1854],[-34.9577,-8.1859],[-34.9579,-8.1863],[-34.9596,-8.1858],[-34.9594,-8.1847],[-34.9608,-8.1827],[-34.9608,-8.1819],[-34.9621,-8.1813],[-34.9627,-8.1796],[-34.9627,-8.179],[-34.9629,-8.1784],[-34.9624,-8.178],[-34.9629,-8.1773],[-34.9626,-8.1767],[-34.9621,-8.1765],[-34.9631,-8.1755],[-34.9631,-8.1748],[-34.9641,-8.1742],[-34.9645,-8.1742],[-34.9649,-8.1748],[-34.9655,-8.1747],[-34.9657,-8.1743],[-34.9664,-8.1742],[-34.9668,-8.1746],[-34.9686,-8.1748],[-34.9692,-8.1751],[-34.9702,-8.1749],[-34.9705,-8.1743],[-34.9703,-8.1735],[-34.9706,-8.1734],[-34.9712,-8.1744],[-34.972,-8.1747],[-34.9723,-8.1741],[-34.9715,-8.1734],[-34.9717,-8.1727],[-34.9725,-8.1724],[-34.9724,-8.1715],[-34.9726,-8.1709],[-34.9726,-8.1695],[-34.9736,-8.1688],[-34.9747,-8.1691],[-34.9749,-8.1697],[-34.9757,-8.1708],[-34.9768,-8.1713],[-34.9769,-8.1723],[-34.9772,-8.1729],[-34.9789,-8.1727],[-34.9791,-8.1737],[-34.9795,-8.174],[-34.9806,-8.1744],[-34.9826,-8.1761],[-34.9842,-8.1772],[-34.9848,-8.1783],[-34.9847,-8.1791],[-34.985,-8.1796],[-34.9859,-8.1791],[-34.9877,-8.1788],[-34.988,-8.1787],[-34.9892,-8.1775],[-34.9906,-8.1765],[-34.9915,-8.177],[-34.993,-8.1784],[-34.9941,-8.1785],[-34.9944,-8.1788],[-34.9947,-8.1798],[-34.9954,-8.1804],[-34.9961,-8.1807],[-34.997,-8.1806],[-34.9975,-8.1799],[-34.9976,-8.1792],[-34.9973,-8.1785],[-34.9975,-8.1779],[-34.9983,-8.1787],[-34.9986,-8.1792],[-34.9987,-8.1812],[-34.9995,-8.1814],[-34.9996,-8.1829],[-35.0008,-8.1835],[-35.0026,-8.1832],[-35.004,-8.1823],[-35.0052,-8.1818],[-35.0062,-8.1815],[-35.0073,-8.1804],[-35.0101,-8.1782],[-35.0105,-8.1782],[-35.0111,-8.1791],[-35.0114,-8.1804],[-35.0106,-8.1815],[-35.0114,-8.182],[-35.0122,-8.1839],[-35.0128,-8.1848],[-35.013,-8.1862],[-35.0128,-8.1876],[-35.0118,-8.1883],[-35.0116,-8.1896],[-35.0111,-8.1904],[-35.011,-8.1916],[-35.0114,-8.1933],[-35.0123,-8.1937],[-35.012,-8.1948],[-35.0108,-8.1952],[-35.0092,-8.1952],[-35.0085,-8.1956],[-35.008,-8.1962],[-35.0063,-8.1973],[-35.0061,-8.1977],[-35.0062,-8.1985],[-35.0058,-8.199],[-35.0063,-8.2002],[-35.0067,-8.2006],[-35.0065,-8.2011],[-35.0056,-8.2014],[-35.0049,-8.2032],[-35.0036,-8.2039],[-35.0041,-8.2046],[-35.004,-8.2051],[-35.0034,-8.2057],[-35.0026,-8.2058],[-35.0016,-8.2066],[-35.0017,-8.207],[-35.0026,-8.2078],[-35.0029,-8.2089],[-35.0028,-8.2097],[-35.0018,-8.211],[-35.0015,-8.2116],[-35.0014,-8.2124],[-35.0016,-8.2128],[-35.0021,-8.2119],[-35.0026,-8.2113],[-35.0033,-8.2101],[-35.005,-8.2097],[-35.0058,-8.208],[-35.0065,-8.2075],[-35.007,-8.206],[-35.0641,-8.2227],[-35.0642,-8.2226],[-35.0634,-8.2211],[-35.0631,-8.2196],[-35.0633,-8.2186],[-35.0639,-8.217],[-35.0647,-8.2144],[-35.0655,-8.2131],[-35.0675,-8.2096],[-35.0675,-8.209],[-35.0668,-8.2075],[-35.0663,-8.2073],[-35.0667,-8.2067],[-35.0671,-8.2051],[-35.0683,-8.2049],[-35.068,-8.2029],[-35.0673,-8.2029],[-35.0673,-8.2025],[-35.0667,-8.2026],[-35.0663,-8.2011],[-35.066,-8.2008],[-35.0653,-8.2008],[-35.0649,-8.2003],[-35.0644,-8.2003],[-35.063,-8.2009],[-35.0629,-8.1997],[-35.0631,-8.1992],[-35.0625,-8.1964],[-35.0625,-8.1959],[-35.0619,-8.1939],[-35.0609,-8.1927],[-35.059,-8.1919],[-35.0588,-8.1908],[-35.0596,-8.1886],[-35.0597,-8.1865],[-35.059,-8.187],[-35.0582,-8.1871],[-35.0568,-8.1863],[-35.0556,-8.1859],[-35.0551,-8.1859],[-35.0543,-8.1849],[-35.0536,-8.1845],[-35.0534,-8.1836],[-35.0534,-8.182],[-35.0528,-8.1818],[-35.0519,-8.1818],[-35.0512,-8.1811],[-35.0513,-8.1802],[-35.0504,-8.1787],[-35.0511,-8.1781],[-35.0513,-8.1771],[-35.0508,-8.1769],[-35.0507,-8.1763],[-35.0509,-8.1752],[-35.0498,-8.1744],[-35.0489,-8.174],[-35.0492,-8.1752],[-35.0493,-8.1767],[-35.049,-8.1771],[-35.0481,-8.1777],[-35.0473,-8.1785],[-35.0471,-8.1798],[-35.0468,-8.1801],[-35.0459,-8.1794],[-35.0452,-8.18],[-35.0449,-8.1797],[-35.0448,-8.1785],[-35.0441,-8.1785],[-35.044,-8.1782],[-35.0433,-8.1778],[-35.0436,-8.1775],[-35.0433,-8.1769],[-35.0434,-8.1759],[-35.0432,-8.1754],[-35.0425,-8.175],[-35.0401,-8.1741],[-35.0399,-8.1734],[-35.0398,-8.1718],[-35.0391,-8.171],[-35.0372,-8.1696],[-35.0362,-8.1691],[-35.0359,-8.1681],[-35.0362,-8.1675],[-35.0362,-8.166],[-35.0355,-8.1652],[-35.0344,-8.1651],[-35.034,-8.1657],[-35.0332,-8.1658],[-35.0326,-8.1651],[-35.0314,-8.1656],[-35.0308,-8.1648],[-35.0304,-8.1648],[-35.0302,-8.1641],[-35.0296,-8.1636],[-35.0291,-8.1642],[-35.029,-8.1637],[-35.0274,-8.163],[-35.0267,-8.1625],[-35.0258,-8.1622],[-35.023,-8.162],[-35.0229,-8.1617],[-35.0222,-8.1618],[-35.0217,-8.1616],[-35.0211,-8.1629],[-35.0204,-8.1632],[-35.0197,-8.1625],[-35.0189,-8.1628],[-35.0185,-8.1625],[-35.0186,-8.1616],[-35.0177,-8.1608],[-35.0167,-8.1613],[-35.0163,-8.1608],[-35.015,-8.1607],[-35.0142,-8.1612],[-35.0141,-8.162],[-35.0137,-8.1629],[-35.0123,-8.1633],[-35.0114,-8.1645],[-35.0112,-8.1645],[-35.011,-8.1635],[-35.0099,-8.1634],[-35.0091,-8.1623],[-35.0088,-8.163],[-35.0085,-8.1627],[-35.0077,-8.1629],[-35.0073,-8.1642],[-35.0071,-8.1641],[-35.0067,-8.1649],[-35.0067,-8.1655],[-35.006,-8.1655],[-35.0053,-8.1667],[-35.0041,-8.1675],[-35.0035,-8.1682],[-35.0028,-8.1678],[-35.0018,-8.1666],[-34.9999,-8.166],[-34.9995,-8.1654],[-34.9989,-8.1653],[-34.998,-8.166],[-34.9965,-8.1659],[-34.9964,-8.1653],[-34.9966,-8.1636],[-34.997,-8.1628],[-34.9964,-8.1625],[-34.9965,-8.1631],[-34.996,-8.1633],[-34.9957,-8.1627],[-34.9948,-8.1619],[-34.9938,-8.1615],[-34.9935,-8.1621],[-34.9924,-8.1611],[-34.9915,-8.1618],[-34.9902,-8.1621],[-34.9892,-8.1619],[-34.9861,-8.1604],[-34.9853,-8.1601],[-34.9815,-8.1597],[-34.9804,-8.1595],[-34.9707,-8.1575],[-34.9657,-8.156],[-34.9612,-8.1547],[-34.9589,-8.154],[-34.957,-8.1537],[-34.9547,-8.1538],[-34.9502,-8.1549],[-34.9509,-8.1534],[-34.9516,-8.1525],[-34.9528,-8.1515],[-34.9567,-8.1484],[-34.958,-8.1472],[-34.962,-8.143],[-34.9613,-8.1422]]]}},{"type":"Feature","properties":{"c":"b299","b":299,"n":"Muribequinha","m":"2607901","cx":-35.0453,"cy":-8.1588},"geometry":{"type":"Polygon","coordinates":[[[-35.0047,-8.1198],[-35.0033,-8.1213],[-35.0046,-8.1222],[-35.0038,-8.1239],[-35.003,-8.1252],[-35.003,-8.1255],[-35.0023,-8.1257],[-34.9985,-8.1247],[-34.9975,-8.1249],[-34.997,-8.1264],[-34.9974,-8.1271],[-34.9988,-8.1276],[-34.999,-8.1285],[-35.0,-8.1295],[-35.0003,-8.1296],[-35.0015,-8.1308],[-35.0018,-8.1306],[-35.0022,-8.1309],[-35.0027,-8.1305],[-35.0032,-8.1308],[-35.0031,-8.1312],[-35.0034,-8.1321],[-35.0041,-8.1327],[-35.0044,-8.1357],[-35.0044,-8.1364],[-35.0038,-8.1374],[-35.0029,-8.1384],[-35.0014,-8.1419],[-34.9999,-8.1453],[-34.9995,-8.1475],[-34.9988,-8.1494],[-34.9976,-8.1526],[-34.9977,-8.1534],[-34.9979,-8.1554],[-34.9976,-8.1562],[-34.9972,-8.1568],[-34.9923,-8.161],[-34.9924,-8.1611],[-34.9935,-8.1621],[-34.9938,-8.1615],[-34.9948,-8.1619],[-34.9957,-8.1627],[-34.996,-8.1633],[-34.9965,-8.1631],[-34.9964,-8.1625],[-34.997,-8.1628],[-34.9966,-8.1636],[-34.9964,-8.1653],[-34.9965,-8.1659],[-34.998,-8.166],[-34.9989,-8.1653],[-34.9995,-8.1654],[-34.9999,-8.166],[-35.0018,-8.1666],[-35.0028,-8.1678],[-35.0035,-8.1682],[-35.0041,-8.1675],[-35.0053,-8.1667],[-35.006,-8.1655],[-35.0067,-8.1655],[-35.0067,-8.1649],[-35.0071,-8.1641],[-35.0073,-8.1642],[-35.0077,-8.1629],[-35.0085,-8.1627],[-35.0088,-8.163],[-35.0091,-8.1623],[-35.0099,-8.1634],[-35.011,-8.1635],[-35.0112,-8.1645],[-35.0114,-8.1645],[-35.0123,-8.1633],[-35.0137,-8.1629],[-35.0141,-8.162],[-35.0142,-8.1612],[-35.015,-8.1607],[-35.0163,-8.1608],[-35.0167,-8.1613],[-35.0177,-8.1608],[-35.0186,-8.1616],[-35.0185,-8.1625],[-35.0189,-8.1628],[-35.0197,-8.1625],[-35.0204,-8.1632],[-35.0211,-8.1629],[-35.0217,-8.1616],[-35.0222,-8.1618],[-35.0229,-8.1617],[-35.023,-8.162],[-35.0258,-8.1622],[-35.0267,-8.1625],[-35.0274,-8.163],[-35.029,-8.1637],[-35.0291,-8.1642],[-35.0296,-8.1636],[-35.0302,-8.1641],[-35.0304,-8.1648],[-35.0308,-8.1648],[-35.0314,-8.1656],[-35.0326,-8.1651],[-35.0332,-8.1658],[-35.034,-8.1657],[-35.0344,-8.1651],[-35.0355,-8.1652],[-35.0362,-8.166],[-35.0362,-8.1675],[-35.0359,-8.1681],[-35.0362,-8.1691],[-35.0372,-8.1696],[-35.0391,-8.171],[-35.0398,-8.1718],[-35.0399,-8.1734],[-35.0401,-8.1741],[-35.0425,-8.175],[-35.0432,-8.1754],[-35.0434,-8.1759],[-35.0433,-8.1769],[-35.0436,-8.1775],[-35.0433,-8.1778],[-35.044,-8.1782],[-35.0441,-8.1785],[-35.0448,-8.1785],[-35.0449,-8.1797],[-35.0452,-8.18],[-35.0459,-8.1794],[-35.0468,-8.1801],[-35.0471,-8.1798],[-35.0473,-8.1785],[-35.0481,-8.1777],[-35.049,-8.1771],[-35.0493,-8.1767],[-35.0492,-8.1752],[-35.0489,-8.174],[-35.0498,-8.1744],[-35.0509,-8.1752],[-35.0507,-8.1763],[-35.0508,-8.1769],[-35.0513,-8.1771],[-35.0511,-8.1781],[-35.0504,-8.1787],[-35.0513,-8.1802],[-35.0512,-8.1811],[-35.0519,-8.1818],[-35.0528,-8.1818],[-35.0534,-8.182],[-35.0534,-8.1836],[-35.0536,-8.1845],[-35.0543,-8.1849],[-35.0551,-8.1859],[-35.0556,-8.1859],[-35.0568,-8.1863],[-35.0582,-8.1871],[-35.059,-8.187],[-35.0597,-8.1865],[-35.0596,-8.1886],[-35.0588,-8.1908],[-35.059,-8.1919],[-35.0609,-8.1927],[-35.0619,-8.1939],[-35.0625,-8.1959],[-35.0625,-8.1964],[-35.0631,-8.1992],[-35.0629,-8.1997],[-35.063,-8.2009],[-35.0644,-8.2003],[-35.0649,-8.2003],[-35.0653,-8.2008],[-35.066,-8.2008],[-35.0659,-8.2007],[-35.0666,-8.1988],[-35.0672,-8.1986],[-35.0746,-8.1893],[-35.0874,-8.1739],[-35.0971,-8.1616],[-35.0875,-8.1432],[-35.084,-8.1365],[-35.0817,-8.1322],[-35.0806,-8.1324],[-35.0794,-8.133],[-35.0787,-8.1327],[-35.078,-8.1322],[-35.0762,-8.132],[-35.0749,-8.1316],[-35.0741,-8.1312],[-35.0725,-8.131],[-35.0723,-8.1302],[-35.0725,-8.1293],[-35.0724,-8.1287],[-35.072,-8.1277],[-35.071,-8.127],[-35.0697,-8.1257],[-35.0691,-8.1242],[-35.0687,-8.1239],[-35.0675,-8.1244],[-35.0665,-8.1255],[-35.0651,-8.1264],[-35.0645,-8.1271],[-35.0636,-8.1267],[-35.063,-8.1252],[-35.0632,-8.1243],[-35.0626,-8.1231],[-35.0622,-8.1215],[-35.0624,-8.1202],[-35.0627,-8.1194],[-35.0626,-8.1188],[-35.0616,-8.1178],[-35.0609,-8.1164],[-35.0604,-8.1162],[-35.0591,-8.1168],[-35.0587,-8.1172],[-35.0585,-8.1189],[-35.0581,-8.1195],[-35.0572,-8.1188],[-35.0567,-8.1177],[-35.0561,-8.1181],[-35.0559,-8.1205],[-35.0554,-8.1215],[-35.0551,-8.1234],[-35.0552,-8.1252],[-35.0555,-8.1257],[-35.0563,-8.1261],[-35.0573,-8.126],[-35.0586,-8.1277],[-35.0602,-8.1295],[-35.0612,-8.13],[-35.0622,-8.1302],[-35.0627,-8.1311],[-35.0631,-8.1323],[-35.0627,-8.1335],[-35.0624,-8.1338],[-35.0612,-8.1338],[-35.0608,-8.134],[-35.0603,-8.135],[-35.0605,-8.1364],[-35.0599,-8.1381],[-35.0594,-8.1384],[-35.0567,-8.1386],[-35.0557,-8.1374],[-35.0551,-8.137],[-35.0544,-8.1361],[-35.0533,-8.1358],[-35.0514,-8.1352],[-35.0509,-8.1348],[-35.0502,-8.1337],[-35.0498,-8.1325],[-35.0483,-8.13],[-35.0473,-8.1286],[-35.0465,-8.128],[-35.0457,-8.1279],[-35.0451,-8.1284],[-35.045,-8.1293],[-35.0445,-8.1307],[-35.0448,-8.1314],[-35.0444,-8.1321],[-35.0437,-8.1321],[-35.0431,-8.1332],[-35.0423,-8.1332],[-35.041,-8.1333],[-35.0401,-8.1329],[-35.0403,-8.1319],[-35.041,-8.1307],[-35.0406,-8.1302],[-35.0398,-8.131],[-35.0391,-8.1307],[-35.0389,-8.1299],[-35.0384,-8.1305],[-35.0384,-8.1298],[-35.0381,-8.129],[-35.0376,-8.1288],[-35.0347,-8.1301],[-35.0362,-8.1321],[-35.0373,-8.1325],[-35.038,-8.134],[-35.0396,-8.135],[-35.0425,-8.1366],[-35.0424,-8.1371],[-35.0429,-8.1378],[-35.0422,-8.1382],[-35.0417,-8.1382],[-35.0414,-8.1372],[-35.0409,-8.1371],[-35.0407,-8.1366],[-35.0401,-8.1362],[-35.0388,-8.1366],[-35.0386,-8.1373],[-35.0375,-8.1365],[-35.0368,-8.1364],[-35.0364,-8.136],[-35.0354,-8.1361],[-35.0339,-8.1374],[-35.0334,-8.1374],[-35.0325,-8.1364],[-35.0313,-8.1358],[-35.0307,-8.1358],[-35.0283,-8.1348],[-35.0277,-8.1341],[-35.0271,-8.1342],[-35.0271,-8.1338],[-35.0266,-8.1335],[-35.0262,-8.1329],[-35.027,-8.1319],[-35.0279,-8.1317],[-35.0282,-8.1312],[-35.027,-8.1308],[-35.0254,-8.1311],[-35.0249,-8.1309],[-35.0233,-8.1311],[-35.0226,-8.1304],[-35.0225,-8.1311],[-35.0215,-8.1308],[-35.0214,-8.1303],[-35.0209,-8.1299],[-35.0202,-8.1297],[-35.0198,-8.1298],[-35.0191,-8.1309],[-35.0182,-8.1306],[-35.018,-8.1309],[-35.0167,-8.1317],[-35.0152,-8.1318],[-35.0145,-8.1316],[-35.0132,-8.1306],[-35.0124,-8.1302],[-35.0095,-8.1294],[-35.0094,-8.1304],[-35.0094,-8.1319],[-35.009,-8.1319],[-35.0093,-8.1326],[-35.0098,-8.1327],[-35.0094,-8.133],[-35.0092,-8.134],[-35.0071,-8.1332],[-35.0072,-8.1321],[-35.0069,-8.131],[-35.0075,-8.1305],[-35.0069,-8.13],[-35.0073,-8.1289],[-35.0055,-8.1198],[-35.0047,-8.1198]]]}},{"type":"Feature","properties":{"c":"b300","b":300,"n":"Piedade","m":"2607901","cx":-34.9169,"cy":-8.1679},"geometry":{"type":"Polygon","coordinates":[[[-34.9389,-8.1875],[-34.9398,-8.1867],[-34.94,-8.1857],[-34.934,-8.1811],[-34.9329,-8.1802],[-34.9294,-8.1776],[-34.9278,-8.1763],[-34.9245,-8.1738],[-34.9235,-8.1733],[-34.9217,-8.1713],[-34.9198,-8.1717],[-34.9186,-8.1719],[-34.918,-8.1714],[-34.9189,-8.1705],[-34.9207,-8.1692],[-34.9209,-8.1688],[-34.9196,-8.1659],[-34.9197,-8.165],[-34.9185,-8.1621],[-34.9184,-8.1621],[-34.917,-8.159],[-34.916,-8.1571],[-34.9199,-8.1541],[-34.9194,-8.1534],[-34.9187,-8.1519],[-34.9168,-8.1439],[-34.9168,-8.1438],[-34.9151,-8.1446],[-34.9136,-8.1451],[-34.9145,-8.1476],[-34.9137,-8.1479],[-34.914,-8.1487],[-34.9115,-8.1497],[-34.9125,-8.1522],[-34.9136,-8.1539],[-34.9121,-8.1543],[-34.9119,-8.1533],[-34.9111,-8.1536],[-34.9113,-8.1542],[-34.9088,-8.1551],[-34.9112,-8.1616],[-34.9122,-8.1644],[-34.913,-8.1671],[-34.9141,-8.1718],[-34.9154,-8.1747],[-34.9155,-8.1759],[-34.9161,-8.1804],[-34.9166,-8.1822],[-34.9177,-8.1857],[-34.9176,-8.1878],[-34.917,-8.1902],[-34.9172,-8.1918],[-34.9182,-8.1916],[-34.9212,-8.191],[-34.9258,-8.1901],[-34.9278,-8.1896],[-34.9316,-8.1894],[-34.9319,-8.1894],[-34.9345,-8.1892],[-34.9344,-8.1889],[-34.9365,-8.189],[-34.937,-8.1886],[-34.9371,-8.189],[-34.9386,-8.189],[-34.9388,-8.1896],[-34.9392,-8.1895],[-34.9389,-8.1875]]]}},{"type":"Feature","properties":{"c":"b301","b":301,"n":"Prazeres","m":"2607901","cx":-34.9943,"cy":-8.187},"geometry":{"type":"Polygon","coordinates":[[[-34.92,-8.154],[-34.9195,-8.1524],[-34.9181,-8.1441],[-34.918,-8.1431],[-34.9168,-8.1438],[-34.9168,-8.1439],[-34.9187,-8.1519],[-34.9194,-8.1534],[-34.9199,-8.1541],[-34.916,-8.1571],[-34.917,-8.159],[-34.9184,-8.1621],[-34.9185,-8.1621],[-34.9197,-8.165],[-34.9196,-8.1659],[-34.9209,-8.1688],[-34.9221,-8.1659],[-34.9231,-8.1648],[-34.9261,-8.1623],[-34.927,-8.1614],[-34.9317,-8.1661],[-34.9337,-8.168],[-34.9349,-8.1695],[-34.9361,-8.1724],[-34.939,-8.1763],[-34.9427,-8.1813],[-34.9436,-8.1823],[-34.9449,-8.183],[-34.9478,-8.1838],[-34.9494,-8.1844],[-34.9507,-8.1854],[-34.9492,-8.1868],[-34.9496,-8.1872],[-34.9479,-8.1883],[-34.9469,-8.1892],[-34.9487,-8.1906],[-34.9498,-8.1915],[-34.9503,-8.1924],[-34.9513,-8.1939],[-34.9517,-8.1949],[-34.9526,-8.196],[-34.9528,-8.1975],[-34.9528,-8.1985],[-34.953,-8.1995],[-34.9527,-8.2001],[-34.9517,-8.2009],[-34.9511,-8.2022],[-34.9513,-8.2032],[-34.9512,-8.2041],[-34.9519,-8.2052],[-34.9516,-8.2063],[-34.952,-8.2069],[-34.9521,-8.2088],[-34.9519,-8.2092],[-34.9505,-8.2103],[-34.9499,-8.211],[-34.9499,-8.2116],[-34.9502,-8.2127],[-34.9501,-8.2139],[-34.9506,-8.2132],[-34.9519,-8.2123],[-34.9535,-8.2103],[-34.9537,-8.2097],[-34.9544,-8.2103],[-34.9546,-8.2111],[-34.9542,-8.2115],[-34.9546,-8.2119],[-34.9555,-8.2118],[-34.9557,-8.2129],[-34.9552,-8.2133],[-34.9554,-8.2142],[-34.9567,-8.2138],[-34.9579,-8.2134],[-34.958,-8.2136],[-34.9598,-8.213],[-34.96,-8.2145],[-34.9603,-8.2161],[-34.9616,-8.2158],[-34.9626,-8.2155],[-34.9627,-8.2158],[-34.9645,-8.2155],[-34.9651,-8.2157],[-34.9714,-8.2187],[-34.9708,-8.2201],[-34.9702,-8.2212],[-34.9701,-8.223],[-34.9704,-8.2238],[-34.9699,-8.2245],[-34.9704,-8.2252],[-34.9733,-8.2282],[-34.974,-8.2289],[-34.9748,-8.2292],[-34.9757,-8.2299],[-34.9763,-8.2308],[-34.977,-8.2311],[-34.9782,-8.2304],[-34.9781,-8.2294],[-34.9786,-8.2288],[-34.9801,-8.2285],[-34.9814,-8.2286],[-34.9823,-8.2295],[-34.9832,-8.2291],[-34.9834,-8.2286],[-34.9828,-8.2272],[-34.9829,-8.2258],[-34.9833,-8.2246],[-34.9837,-8.2245],[-34.985,-8.2252],[-34.9855,-8.2252],[-34.9859,-8.2246],[-34.9855,-8.2236],[-34.9855,-8.222],[-34.9854,-8.2213],[-34.9861,-8.2191],[-34.9866,-8.2188],[-34.9873,-8.219],[-34.9878,-8.2219],[-34.99,-8.2245],[-34.9908,-8.2244],[-34.991,-8.225],[-34.9922,-8.225],[-34.9925,-8.2257],[-34.9938,-8.2254],[-34.9938,-8.2247],[-34.9944,-8.2249],[-34.9955,-8.2242],[-34.9968,-8.2223],[-34.9969,-8.2213],[-34.9976,-8.2209],[-34.998,-8.2203],[-34.998,-8.2197],[-34.9988,-8.2192],[-34.9991,-8.2181],[-34.9988,-8.2172],[-34.9993,-8.2163],[-34.9998,-8.216],[-35.0006,-8.2151],[-35.0008,-8.2144],[-35.0016,-8.2128],[-35.0014,-8.2124],[-35.0015,-8.2116],[-35.0018,-8.211],[-35.0028,-8.2097],[-35.0029,-8.2089],[-35.0026,-8.2078],[-35.0017,-8.207],[-35.0016,-8.2066],[-35.0026,-8.2058],[-35.0034,-8.2057],[-35.004,-8.2051],[-35.0041,-8.2046],[-35.0036,-8.2039],[-35.0049,-8.2032],[-35.0056,-8.2014],[-35.0065,-8.2011],[-35.0067,-8.2006],[-35.0063,-8.2002],[-35.0058,-8.199],[-35.0062,-8.1985],[-35.0061,-8.1977],[-35.0063,-8.1973],[-35.008,-8.1962],[-35.0085,-8.1956],[-35.0092,-8.1952],[-35.0108,-8.1952],[-35.012,-8.1948],[-35.0123,-8.1937],[-35.0114,-8.1933],[-35.011,-8.1916],[-35.0111,-8.1904],[-35.0116,-8.1896],[-35.0118,-8.1883],[-35.0128,-8.1876],[-35.013,-8.1862],[-35.0128,-8.1848],[-35.0122,-8.1839],[-35.0114,-8.182],[-35.0106,-8.1815],[-35.0114,-8.1804],[-35.0111,-8.1791],[-35.0105,-8.1782],[-35.0101,-8.1782],[-35.0073,-8.1804],[-35.0062,-8.1815],[-35.0052,-8.1818],[-35.004,-8.1823],[-35.0026,-8.1832],[-35.0008,-8.1835],[-34.9996,-8.1829],[-34.9995,-8.1814],[-34.9987,-8.1812],[-34.9986,-8.1792],[-34.9983,-8.1787],[-34.9975,-8.1779],[-34.9973,-8.1785],[-34.9976,-8.1792],[-34.9975,-8.1799],[-34.997,-8.1806],[-34.9961,-8.1807],[-34.9954,-8.1804],[-34.9947,-8.1798],[-34.9944,-8.1788],[-34.9941,-8.1785],[-34.993,-8.1784],[-34.9915,-8.177],[-34.9906,-8.1765],[-34.9892,-8.1775],[-34.988,-8.1787],[-34.9877,-8.1788],[-34.9859,-8.1791],[-34.985,-8.1796],[-34.9847,-8.1798],[-34.9844,-8.1808],[-34.983,-8.1826],[-34.9824,-8.1837],[-34.9813,-8.1845],[-34.9805,-8.1844],[-34.979,-8.1838],[-34.9783,-8.1838],[-34.977,-8.1832],[-34.9764,-8.1845],[-34.9769,-8.1852],[-34.9766,-8.1858],[-34.9757,-8.1868],[-34.9754,-8.1876],[-34.9755,-8.1885],[-34.9749,-8.1889],[-34.9742,-8.19],[-34.9749,-8.1919],[-34.9762,-8.1951],[-34.974,-8.1946],[-34.9722,-8.1982],[-34.97,-8.1973],[-34.9722,-8.1935],[-34.9685,-8.193],[-34.9668,-8.1937],[-34.9665,-8.1932],[-34.964,-8.192],[-34.9631,-8.1913],[-34.9627,-8.1901],[-34.9633,-8.1886],[-34.9609,-8.1862],[-34.9598,-8.1864],[-34.9574,-8.1873],[-34.9579,-8.1863],[-34.9577,-8.1859],[-34.957,-8.1854],[-34.9562,-8.1838],[-34.9536,-8.181],[-34.9523,-8.1807],[-34.9502,-8.1787],[-34.9506,-8.1777],[-34.9466,-8.1779],[-34.9455,-8.1776],[-34.9447,-8.177],[-34.9435,-8.1758],[-34.9451,-8.1738],[-34.9456,-8.1728],[-34.9462,-8.1712],[-34.9471,-8.1671],[-34.948,-8.1631],[-34.9462,-8.1634],[-34.9445,-8.1631],[-34.9418,-8.162],[-34.94,-8.1611],[-34.9397,-8.1616],[-34.9379,-8.1674],[-34.9373,-8.1681],[-34.9368,-8.1682],[-34.936,-8.168],[-34.935,-8.167],[-34.9333,-8.1654],[-34.9308,-8.1627],[-34.9307,-8.1628],[-34.9281,-8.1601],[-34.9267,-8.1588],[-34.9267,-8.1586],[-34.9246,-8.1569],[-34.9209,-8.1549],[-34.92,-8.154]]]}},{"type":"Feature","properties":{"c":"b302","b":302,"n":"Santana","m":"2607901","cx":-34.9883,"cy":-8.1205},"geometry":{"type":"Polygon","coordinates":[[[-35.0053,-8.1182],[-35.0055,-8.1172],[-35.0071,-8.1152],[-35.0073,-8.1146],[-35.0072,-8.1135],[-35.0061,-8.1137],[-35.0057,-8.1132],[-35.0052,-8.113],[-35.0045,-8.1125],[-35.0043,-8.1101],[-35.0038,-8.1098],[-35.0029,-8.1097],[-35.0016,-8.109],[-35.0008,-8.1082],[-35.0004,-8.1081],[-34.9985,-8.1094],[-34.9975,-8.1095],[-34.9964,-8.1093],[-34.9959,-8.1098],[-34.9954,-8.1109],[-34.9945,-8.1108],[-34.9942,-8.1111],[-34.9934,-8.1126],[-34.9928,-8.1133],[-34.9919,-8.1136],[-34.9911,-8.1129],[-34.9901,-8.1127],[-34.9886,-8.1129],[-34.9867,-8.1127],[-34.9842,-8.1137],[-34.9835,-8.1134],[-34.9829,-8.1125],[-34.9826,-8.1123],[-34.9818,-8.1134],[-34.9812,-8.1136],[-34.9803,-8.1132],[-34.9785,-8.113],[-34.9784,-8.1137],[-34.9787,-8.1152],[-34.9782,-8.1159],[-34.9778,-8.116],[-34.9763,-8.1151],[-34.9746,-8.114],[-34.974,-8.1139],[-34.9732,-8.1145],[-34.9735,-8.1154],[-34.9744,-8.1156],[-34.9742,-8.1163],[-34.973,-8.1162],[-34.9727,-8.1164],[-34.9727,-8.117],[-34.9733,-8.1178],[-34.973,-8.1185],[-34.972,-8.119],[-34.972,-8.1193],[-34.9727,-8.1195],[-34.9728,-8.1198],[-34.9725,-8.1218],[-34.9725,-8.1229],[-34.972,-8.1259],[-34.9721,-8.1276],[-34.9718,-8.1281],[-34.9722,-8.1289],[-34.9727,-8.1292],[-34.9737,-8.1299],[-34.9748,-8.13],[-34.9761,-8.1305],[-34.9772,-8.1313],[-34.9789,-8.1318],[-34.9799,-8.1323],[-34.9805,-8.133],[-34.981,-8.133],[-34.9811,-8.1334],[-34.9828,-8.1338],[-34.9845,-8.1337],[-34.985,-8.1344],[-34.9861,-8.1341],[-34.9864,-8.1331],[-34.9867,-8.1325],[-34.988,-8.1326],[-34.9885,-8.1318],[-34.9892,-8.1316],[-34.9903,-8.1322],[-34.991,-8.1314],[-34.9924,-8.1284],[-34.9934,-8.1274],[-34.9936,-8.1269],[-34.9947,-8.1264],[-34.9966,-8.1276],[-34.9974,-8.1271],[-34.997,-8.1264],[-34.9975,-8.1249],[-34.9985,-8.1247],[-35.0023,-8.1257],[-35.003,-8.1255],[-35.003,-8.1252],[-35.0038,-8.1239],[-35.0046,-8.1222],[-35.0033,-8.1213],[-35.0047,-8.1198],[-35.0055,-8.1198],[-35.0053,-8.1182]]]}},{"type":"Feature","properties":{"c":"b303","b":303,"n":"Santo Aleixo","m":"2607901","cx":-35.0191,"cy":-8.0989},"geometry":{"type":"Polygon","coordinates":[[[-35.0204,-8.1059],[-35.021,-8.1059],[-35.0215,-8.1055],[-35.0229,-8.1053],[-35.0239,-8.1055],[-35.0246,-8.1069],[-35.0259,-8.1075],[-35.027,-8.1073],[-35.0287,-8.1082],[-35.0291,-8.1081],[-35.0291,-8.1072],[-35.0288,-8.1068],[-35.0287,-8.1055],[-35.0289,-8.1052],[-35.0292,-8.1038],[-35.031,-8.1033],[-35.032,-8.1021],[-35.0333,-8.102],[-35.0349,-8.0999],[-35.0355,-8.0996],[-35.0348,-8.0991],[-35.0346,-8.0986],[-35.0354,-8.0983],[-35.0354,-8.0971],[-35.0358,-8.0966],[-35.0368,-8.096],[-35.0375,-8.096],[-35.038,-8.0957],[-35.038,-8.0951],[-35.0373,-8.0948],[-35.0371,-8.0942],[-35.0329,-8.0938],[-35.0318,-8.0935],[-35.0308,-8.0928],[-35.03,-8.092],[-35.0282,-8.0909],[-35.0269,-8.0905],[-35.0258,-8.0904],[-35.021,-8.0904],[-35.0193,-8.09],[-35.0176,-8.089],[-35.0166,-8.0885],[-35.013,-8.0886],[-35.0111,-8.0882],[-35.0054,-8.0864],[-35.0049,-8.0883],[-35.0038,-8.0904],[-35.003,-8.0909],[-35.0031,-8.094],[-35.0034,-8.0952],[-35.0034,-8.0962],[-35.0038,-8.0976],[-35.0032,-8.0987],[-35.0045,-8.0997],[-35.0055,-8.1],[-35.0061,-8.1018],[-35.006,-8.1027],[-35.0063,-8.1038],[-35.0062,-8.1052],[-35.0074,-8.1048],[-35.0081,-8.1052],[-35.0094,-8.1051],[-35.0094,-8.1048],[-35.0103,-8.1049],[-35.0108,-8.1055],[-35.0109,-8.1067],[-35.0116,-8.108],[-35.0125,-8.1084],[-35.0119,-8.1087],[-35.0114,-8.1096],[-35.0122,-8.1104],[-35.0131,-8.1105],[-35.0137,-8.1096],[-35.0143,-8.1091],[-35.0149,-8.109],[-35.0154,-8.1096],[-35.016,-8.111],[-35.0171,-8.1113],[-35.0176,-8.1109],[-35.0175,-8.1094],[-35.0179,-8.1083],[-35.0181,-8.1073],[-35.0187,-8.1065],[-35.0187,-8.1055],[-35.0193,-8.1054],[-35.0204,-8.1059]]]}},{"type":"Feature","properties":{"c":"b304","b":304,"n":"Socorro","m":"2607901","cx":-34.9878,"cy":-8.1075},"geometry":{"type":"Polygon","coordinates":[[[-34.9963,-8.1086],[-34.9942,-8.1085],[-34.9945,-8.1071],[-34.9916,-8.1067],[-34.9908,-8.1062],[-34.9902,-8.1055],[-34.9898,-8.1048],[-34.9897,-8.1039],[-34.9897,-8.1027],[-34.9895,-8.1015],[-34.9891,-8.1009],[-34.9879,-8.0999],[-34.9873,-8.1013],[-34.9854,-8.1043],[-34.9852,-8.1043],[-34.9842,-8.1055],[-34.9837,-8.1062],[-34.9836,-8.1071],[-34.982,-8.107],[-34.9806,-8.1079],[-34.9796,-8.1089],[-34.9785,-8.111],[-34.9774,-8.1122],[-34.9768,-8.1127],[-34.9754,-8.1136],[-34.9772,-8.1144],[-34.9776,-8.1153],[-34.9782,-8.1159],[-34.9787,-8.1152],[-34.9784,-8.1137],[-34.9785,-8.113],[-34.9803,-8.1132],[-34.9812,-8.1136],[-34.9818,-8.1134],[-34.9826,-8.1123],[-34.9829,-8.1125],[-34.9835,-8.1134],[-34.9842,-8.1137],[-34.9867,-8.1127],[-34.9886,-8.1129],[-34.9901,-8.1127],[-34.9911,-8.1129],[-34.9919,-8.1136],[-34.9928,-8.1133],[-34.9934,-8.1126],[-34.9942,-8.1111],[-34.9945,-8.1108],[-34.9954,-8.1109],[-34.9959,-8.1098],[-34.9963,-8.1086]]]}},{"type":"Feature","properties":{"c":"b305","b":305,"n":"Sucupira","m":"2607901","cx":-34.9745,"cy":-8.1029},"geometry":{"type":"Polygon","coordinates":[[[-34.9636,-8.0932],[-34.9625,-8.0939],[-34.9617,-8.0938],[-34.9614,-8.095],[-34.9622,-8.0959],[-34.9622,-8.0977],[-34.962,-8.0987],[-34.9623,-8.0996],[-34.9629,-8.0997],[-34.9629,-8.1004],[-34.9627,-8.1015],[-34.963,-8.1016],[-34.9628,-8.1022],[-34.9627,-8.1039],[-34.9629,-8.106],[-34.9633,-8.1065],[-34.9628,-8.1072],[-34.9627,-8.1084],[-34.9619,-8.1091],[-34.9618,-8.1096],[-34.9632,-8.1098],[-34.9638,-8.1106],[-34.9659,-8.1094],[-34.9674,-8.1073],[-34.9681,-8.1067],[-34.9684,-8.1069],[-34.9691,-8.1064],[-34.9688,-8.1056],[-34.9693,-8.105],[-34.97,-8.105],[-34.97,-8.1042],[-34.9705,-8.1037],[-34.9711,-8.1047],[-34.9708,-8.1048],[-34.9712,-8.1056],[-34.9719,-8.1064],[-34.9718,-8.1076],[-34.9715,-8.1083],[-34.972,-8.1082],[-34.973,-8.1094],[-34.9737,-8.1104],[-34.9741,-8.1102],[-34.9743,-8.1107],[-34.9736,-8.1114],[-34.9743,-8.1121],[-34.9746,-8.1127],[-34.9753,-8.1133],[-34.9768,-8.1127],[-34.9774,-8.1122],[-34.9785,-8.111],[-34.9796,-8.1089],[-34.9806,-8.1079],[-34.982,-8.107],[-34.9836,-8.1071],[-34.9837,-8.1062],[-34.9842,-8.1055],[-34.9852,-8.1043],[-34.9854,-8.1043],[-34.9873,-8.1013],[-34.9879,-8.0999],[-34.9878,-8.0999],[-34.9864,-8.0993],[-34.9856,-8.0988],[-34.9845,-8.0976],[-34.9835,-8.0971],[-34.9829,-8.0969],[-34.9794,-8.097],[-34.9786,-8.0969],[-34.9766,-8.0961],[-34.9752,-8.0957],[-34.9747,-8.0972],[-34.9737,-8.0991],[-34.9718,-8.102],[-34.9704,-8.1013],[-34.9695,-8.1003],[-34.9685,-8.0984],[-34.9668,-8.0957],[-34.9658,-8.0947],[-34.9636,-8.0932]]]}},{"type":"Feature","properties":{"c":"b306","b":306,"n":"Vargem Fria","m":"2607901","cx":-35.048,"cy":-8.1045},"geometry":{"type":"Polygon","coordinates":[[[-35.0322,-8.1129],[-35.0329,-8.1128],[-35.0341,-8.1121],[-35.0353,-8.1119],[-35.0403,-8.1122],[-35.0427,-8.1122],[-35.0463,-8.1116],[-35.0503,-8.109],[-35.0514,-8.1089],[-35.054,-8.1095],[-35.0547,-8.1094],[-35.057,-8.1085],[-35.0585,-8.1084],[-35.0603,-8.1092],[-35.062,-8.1086],[-35.0639,-8.1083],[-35.0658,-8.1071],[-35.0671,-8.1069],[-35.0685,-8.1074],[-35.0637,-8.0984],[-35.0598,-8.0973],[-35.0592,-8.0973],[-35.0498,-8.0967],[-35.0492,-8.0966],[-35.0424,-8.0948],[-35.0418,-8.0946],[-35.0371,-8.0942],[-35.0373,-8.0948],[-35.038,-8.0951],[-35.038,-8.0957],[-35.0375,-8.096],[-35.0368,-8.096],[-35.0358,-8.0966],[-35.0354,-8.0971],[-35.0354,-8.0983],[-35.0346,-8.0986],[-35.0348,-8.0991],[-35.0355,-8.0996],[-35.0349,-8.0999],[-35.0333,-8.102],[-35.032,-8.1021],[-35.031,-8.1033],[-35.0292,-8.1038],[-35.0289,-8.1052],[-35.0287,-8.1055],[-35.0288,-8.1068],[-35.0291,-8.1072],[-35.0291,-8.1081],[-35.0289,-8.1094],[-35.0284,-8.1095],[-35.0283,-8.1108],[-35.0277,-8.1115],[-35.0271,-8.1129],[-35.0261,-8.1132],[-35.026,-8.1134],[-35.0249,-8.1137],[-35.0249,-8.1139],[-35.0266,-8.1137],[-35.0288,-8.1129],[-35.0308,-8.1129],[-35.0322,-8.1129]]]}},{"type":"Feature","properties":{"c":"b307","b":307,"n":"Vila Rica","m":"2607901","cx":-35.0252,"cy":-8.1258},"geometry":{"type":"Polygon","coordinates":[[[-35.0227,-8.116],[-35.0217,-8.1169],[-35.0208,-8.1174],[-35.0202,-8.1187],[-35.0201,-8.1192],[-35.0194,-8.1215],[-35.0186,-8.123],[-35.0175,-8.1239],[-35.017,-8.1251],[-35.017,-8.1272],[-35.0173,-8.1279],[-35.018,-8.1287],[-35.0185,-8.1297],[-35.0182,-8.1306],[-35.0191,-8.1309],[-35.0198,-8.1298],[-35.0202,-8.1297],[-35.0209,-8.1299],[-35.0214,-8.1303],[-35.0215,-8.1308],[-35.0225,-8.1311],[-35.0226,-8.1304],[-35.0233,-8.1311],[-35.0249,-8.1309],[-35.0254,-8.1311],[-35.027,-8.1308],[-35.0282,-8.1312],[-35.0279,-8.1317],[-35.027,-8.1319],[-35.0262,-8.1329],[-35.0266,-8.1335],[-35.0271,-8.1338],[-35.0271,-8.1342],[-35.0277,-8.1341],[-35.0283,-8.1348],[-35.0307,-8.1358],[-35.0313,-8.1358],[-35.0325,-8.1364],[-35.0334,-8.1374],[-35.0339,-8.1374],[-35.0354,-8.1361],[-35.0364,-8.136],[-35.0368,-8.1364],[-35.0375,-8.1365],[-35.0386,-8.1373],[-35.0388,-8.1366],[-35.0401,-8.1362],[-35.0407,-8.1366],[-35.0409,-8.1371],[-35.0414,-8.1372],[-35.0417,-8.1382],[-35.0422,-8.1382],[-35.0429,-8.1378],[-35.0424,-8.1371],[-35.0425,-8.1366],[-35.0396,-8.135],[-35.038,-8.134],[-35.0373,-8.1325],[-35.0362,-8.1321],[-35.0347,-8.1301],[-35.0376,-8.1288],[-35.0381,-8.129],[-35.0384,-8.1298],[-35.0384,-8.1305],[-35.0389,-8.1299],[-35.0388,-8.1288],[-35.0382,-8.1281],[-35.0382,-8.1276],[-35.0375,-8.1271],[-35.0367,-8.1271],[-35.0354,-8.1277],[-35.0352,-8.128],[-35.0338,-8.1288],[-35.0333,-8.1282],[-35.0335,-8.1276],[-35.0332,-8.1273],[-35.0332,-8.1263],[-35.0336,-8.1253],[-35.034,-8.1235],[-35.0337,-8.1226],[-35.0341,-8.1217],[-35.0344,-8.1199],[-35.0333,-8.1196],[-35.0324,-8.1196],[-35.0326,-8.1187],[-35.0332,-8.1186],[-35.033,-8.118],[-35.0312,-8.1173],[-35.0312,-8.1164],[-35.0308,-8.1157],[-35.0313,-8.1151],[-35.0308,-8.1129],[-35.0288,-8.1129],[-35.0266,-8.1137],[-35.0249,-8.1139],[-35.0238,-8.114],[-35.0229,-8.1139],[-35.0227,-8.116]]]}},{"type":"Feature","properties":{"c":"b308","b":308,"n":"Vista Alegre","m":"2607901","cx":-35.0243,"cy":-8.1102},"geometry":{"type":"Polygon","coordinates":[[[-35.0287,-8.1082],[-35.027,-8.1073],[-35.0259,-8.1075],[-35.0246,-8.1069],[-35.0239,-8.1055],[-35.0229,-8.1053],[-35.0215,-8.1055],[-35.021,-8.1059],[-35.0204,-8.1059],[-35.0193,-8.1054],[-35.0187,-8.107],[-35.0203,-8.1075],[-35.0203,-8.1089],[-35.0201,-8.1112],[-35.0204,-8.112],[-35.0199,-8.1122],[-35.0198,-8.1131],[-35.0218,-8.1137],[-35.0229,-8.1139],[-35.0238,-8.114],[-35.0249,-8.1139],[-35.0249,-8.1137],[-35.026,-8.1134],[-35.0261,-8.1132],[-35.0271,-8.1129],[-35.0277,-8.1115],[-35.0283,-8.1108],[-35.0284,-8.1095],[-35.0289,-8.1094],[-35.0291,-8.1081],[-35.0287,-8.1082]]]}},{"type":"Feature","properties":{"c":"b309","b":309,"n":"Zumbi do Pacheco","m":"2607901","cx":-34.9627,"cy":-8.1313},"geometry":{"type":"Polygon","coordinates":[[[-34.9718,-8.1301],[-34.9703,-8.1253],[-34.9699,-8.1251],[-34.9695,-8.1235],[-34.9693,-8.1221],[-34.9685,-8.1199],[-34.9676,-8.1191],[-34.9663,-8.1187],[-34.9657,-8.1205],[-34.9653,-8.1204],[-34.9647,-8.1199],[-34.9631,-8.1193],[-34.9623,-8.1193],[-34.9613,-8.1199],[-34.9608,-8.1205],[-34.9608,-8.1229],[-34.9594,-8.1234],[-34.96,-8.1249],[-34.9605,-8.1252],[-34.9604,-8.1258],[-34.9607,-8.1263],[-34.9603,-8.1276],[-34.9591,-8.1287],[-34.9585,-8.1297],[-34.9578,-8.1299],[-34.9572,-8.1296],[-34.9566,-8.1288],[-34.9556,-8.1291],[-34.955,-8.1274],[-34.9547,-8.1262],[-34.9543,-8.1252],[-34.9539,-8.1236],[-34.9532,-8.1252],[-34.9532,-8.1261],[-34.9529,-8.1265],[-34.953,-8.1272],[-34.9525,-8.1293],[-34.9521,-8.1299],[-34.9525,-8.1306],[-34.9562,-8.1335],[-34.9567,-8.134],[-34.9572,-8.1341],[-34.9565,-8.1365],[-34.9563,-8.137],[-34.9565,-8.1369],[-34.9573,-8.1384],[-34.9583,-8.1395],[-34.9588,-8.1396],[-34.9613,-8.1422],[-34.962,-8.143],[-34.9664,-8.1393],[-34.9675,-8.1386],[-34.9695,-8.1376],[-34.9707,-8.1367],[-34.9717,-8.1354],[-34.9723,-8.1333],[-34.9722,-8.1317],[-34.9719,-8.1308],[-34.9718,-8.1301]]]}},{"type":"Feature","properties":{"c":"b310","b":310,"n":"Augusto Melo","m":"2608008","cx":-36.5004,"cy":-7.9838},"geometry":{"type":"Polygon","coordinates":[[[-36.5003,-7.985],[-36.4999,-7.9861],[-36.5,-7.987],[-36.5002,-7.9878],[-36.5015,-7.9871],[-36.501,-7.9863],[-36.5024,-7.985],[-36.5016,-7.984],[-36.5022,-7.9831],[-36.5015,-7.9823],[-36.5019,-7.9821],[-36.501,-7.98],[-36.4995,-7.9806],[-36.4994,-7.9803],[-36.4972,-7.981],[-36.4976,-7.9814],[-36.4979,-7.9824],[-36.4987,-7.9836],[-36.4997,-7.9841],[-36.5001,-7.9847],[-36.5003,-7.985]]]}},{"type":"Feature","properties":{"c":"b311","b":311,"n":"Boa Vista","m":"2608008","cx":-36.496,"cy":-7.9826},"geometry":{"type":"Polygon","coordinates":[[[-36.4997,-7.9841],[-36.4987,-7.9836],[-36.4979,-7.9824],[-36.4976,-7.9814],[-36.4972,-7.981],[-36.4994,-7.9803],[-36.4991,-7.9799],[-36.4989,-7.9791],[-36.498,-7.9796],[-36.4976,-7.9786],[-36.4965,-7.9791],[-36.4964,-7.9788],[-36.4958,-7.9792],[-36.4944,-7.9793],[-36.4943,-7.9803],[-36.4932,-7.9802],[-36.4942,-7.9823],[-36.4936,-7.9829],[-36.4933,-7.9836],[-36.4934,-7.9843],[-36.4941,-7.9859],[-36.4944,-7.9857],[-36.495,-7.987],[-36.5001,-7.9847],[-36.4997,-7.9841]]]}},{"type":"Feature","properties":{"c":"b312","b":312,"n":"Bom Jesus","m":"2608008","cx":-36.4931,"cy":-7.9862},"geometry":{"type":"Polygon","coordinates":[[[-36.495,-7.987],[-36.4944,-7.9857],[-36.4941,-7.9859],[-36.4934,-7.9843],[-36.4933,-7.9836],[-36.4911,-7.9839],[-36.4915,-7.9866],[-36.4917,-7.9888],[-36.4945,-7.9883],[-36.494,-7.9895],[-36.4959,-7.989],[-36.495,-7.987]]]}},{"type":"Feature","properties":{"c":"b313","b":313,"n":"Branco","m":"2608008","cx":-36.4903,"cy":-7.9948},"geometry":{"type":"Polygon","coordinates":[[[-36.4955,-7.991],[-36.4951,-7.991],[-36.4937,-7.9916],[-36.4927,-7.9923],[-36.4921,-7.9924],[-36.4906,-7.9924],[-36.4892,-7.9941],[-36.4865,-7.9959],[-36.4874,-7.9961],[-36.4891,-7.9973],[-36.4901,-7.9983],[-36.4917,-7.9972],[-36.4916,-7.9957],[-36.4922,-7.995],[-36.4938,-7.9936],[-36.4943,-7.9938],[-36.4945,-7.9946],[-36.4949,-7.9946],[-36.4958,-7.9929],[-36.4956,-7.991],[-36.4955,-7.991]]]}},{"type":"Feature","properties":{"c":"b314","b":314,"n":"Centro","m":"2608008","cx":-36.4971,"cy":-7.9883},"geometry":{"type":"Polygon","coordinates":[[[-36.5,-7.987],[-36.4999,-7.9861],[-36.5003,-7.985],[-36.5001,-7.9847],[-36.495,-7.987],[-36.4959,-7.989],[-36.4963,-7.9903],[-36.4956,-7.991],[-36.496,-7.9911],[-36.4972,-7.9907],[-36.4979,-7.9896],[-36.4979,-7.9892],[-36.4991,-7.9877],[-36.5,-7.987]]]}},{"type":"Feature","properties":{"c":"b315","b":315,"n":"Petrolino Malaco de Souza (Seu Teté)","m":"2608008","cx":-36.5004,"cy":-7.9914},"geometry":{"type":"Polygon","coordinates":[[[-36.4977,-7.9919],[-36.4991,-7.9917],[-36.4996,-7.9922],[-36.5002,-7.9939],[-36.5012,-7.9957],[-36.5033,-7.994],[-36.5032,-7.9939],[-36.504,-7.9918],[-36.5049,-7.9892],[-36.5039,-7.9893],[-36.5031,-7.989],[-36.5023,-7.9891],[-36.5015,-7.989],[-36.5014,-7.9887],[-36.4998,-7.989],[-36.4991,-7.9877],[-36.4979,-7.9892],[-36.4979,-7.9896],[-36.4972,-7.9907],[-36.496,-7.9911],[-36.4977,-7.9919]]]}},{"type":"Feature","properties":{"c":"b316","b":316,"n":"Asa Branca","m":"2608107","cx":-35.5909,"cy":-7.8673},"geometry":{"type":"Polygon","coordinates":[[[-35.5926,-7.8638],[-35.5906,-7.8637],[-35.5882,-7.8658],[-35.5879,-7.8668],[-35.5876,-7.8687],[-35.5884,-7.8695],[-35.5875,-7.8705],[-35.5877,-7.871],[-35.5885,-7.8712],[-35.5899,-7.8709],[-35.5906,-7.8707],[-35.5913,-7.8709],[-35.5918,-7.8708],[-35.593,-7.8711],[-35.5936,-7.8705],[-35.5942,-7.8696],[-35.5943,-7.869],[-35.5942,-7.8677],[-35.5937,-7.8669],[-35.5937,-7.8654],[-35.5934,-7.865],[-35.5938,-7.8647],[-35.5926,-7.8638]]]}},{"type":"Feature","properties":{"c":"b317","b":317,"n":"Boa Vista","m":"2608107","cx":-35.5889,"cy":-7.8619},"geometry":{"type":"Polygon","coordinates":[[[-35.5925,-7.8598],[-35.5925,-7.8596],[-35.5915,-7.8594],[-35.5897,-7.8589],[-35.5885,-7.859],[-35.5887,-7.8596],[-35.5883,-7.8613],[-35.5872,-7.8637],[-35.5878,-7.8639],[-35.5885,-7.8632],[-35.5891,-7.8633],[-35.589,-7.8627],[-35.59,-7.8625],[-35.5895,-7.8602],[-35.5905,-7.86],[-35.5909,-7.8612],[-35.5922,-7.8613],[-35.5925,-7.8598]]]}},{"type":"Feature","properties":{"c":"b318","b":318,"n":"Bultrins","m":"2608107","cx":-35.5939,"cy":-7.8535},"geometry":{"type":"Polygon","coordinates":[[[-35.5943,-7.8567],[-35.5944,-7.8556],[-35.5954,-7.855],[-35.5972,-7.8549],[-35.5981,-7.855],[-35.601,-7.8555],[-35.6011,-7.8547],[-35.5986,-7.8542],[-35.5986,-7.8539],[-35.5977,-7.8537],[-35.5981,-7.8525],[-35.5987,-7.8527],[-35.5988,-7.8523],[-35.5979,-7.8521],[-35.5981,-7.8507],[-35.5973,-7.8517],[-35.5968,-7.853],[-35.5957,-7.8529],[-35.5955,-7.8534],[-35.593,-7.8531],[-35.5929,-7.8502],[-35.5943,-7.8503],[-35.5944,-7.8488],[-35.5934,-7.8483],[-35.5923,-7.8482],[-35.5913,-7.8486],[-35.5913,-7.8501],[-35.5895,-7.8499],[-35.5896,-7.8533],[-35.5907,-7.8539],[-35.5906,-7.8551],[-35.5897,-7.8549],[-35.5898,-7.8559],[-35.5896,-7.8568],[-35.5893,-7.8567],[-35.5891,-7.8573],[-35.5881,-7.857],[-35.588,-7.8572],[-35.5889,-7.8579],[-35.5898,-7.8579],[-35.5905,-7.8588],[-35.5909,-7.8582],[-35.5914,-7.8583],[-35.5916,-7.8589],[-35.5933,-7.8581],[-35.5941,-7.8571],[-35.5943,-7.8567]]]}},{"type":"Feature","properties":{"c":"b319","b":319,"n":"Centro","m":"2608107","cx":-35.591,"cy":-7.8619},"geometry":{"type":"Polygon","coordinates":[[[-35.5906,-7.8637],[-35.5926,-7.8638],[-35.5917,-7.8631],[-35.5922,-7.8613],[-35.5909,-7.8612],[-35.5905,-7.86],[-35.5895,-7.8602],[-35.59,-7.8625],[-35.589,-7.8627],[-35.5891,-7.8633],[-35.5906,-7.8637]]]}},{"type":"Feature","properties":{"c":"b320","b":320,"n":"Frei Damião","m":"2608107","cx":-35.604,"cy":-7.8428},"geometry":{"type":"Polygon","coordinates":[[[-35.6066,-7.8396],[-35.6059,-7.8397],[-35.6054,-7.8392],[-35.6045,-7.8393],[-35.604,-7.839],[-35.6035,-7.839],[-35.6032,-7.8381],[-35.5983,-7.8377],[-35.5985,-7.8385],[-35.598,-7.8384],[-35.5976,-7.8403],[-35.5989,-7.8406],[-35.6004,-7.8409],[-35.6007,-7.8406],[-35.6013,-7.8413],[-35.6021,-7.8414],[-35.6023,-7.8479],[-35.6025,-7.8481],[-35.604,-7.848],[-35.6051,-7.8475],[-35.6057,-7.8457],[-35.6062,-7.8459],[-35.6067,-7.8457],[-35.6061,-7.8444],[-35.6057,-7.8442],[-35.6059,-7.8432],[-35.6058,-7.8425],[-35.6067,-7.842],[-35.6069,-7.8415],[-35.608,-7.8402],[-35.6066,-7.8396]]]}},{"type":"Feature","properties":{"c":"b321","b":321,"n":"Manoel Vidal","m":"2608107","cx":-35.5874,"cy":-7.8645},"geometry":{"type":"Polygon","coordinates":[[[-35.5891,-7.8633],[-35.5885,-7.8632],[-35.5878,-7.8639],[-35.5872,-7.8637],[-35.5883,-7.8613],[-35.5887,-7.8596],[-35.5885,-7.859],[-35.5884,-7.8588],[-35.5866,-7.8583],[-35.5866,-7.8586],[-35.5873,-7.8588],[-35.5874,-7.8601],[-35.5868,-7.8599],[-35.5866,-7.8604],[-35.5872,-7.8607],[-35.5872,-7.8612],[-35.5865,-7.8626],[-35.5858,-7.8628],[-35.5853,-7.8635],[-35.5843,-7.8632],[-35.5842,-7.8635],[-35.5852,-7.8637],[-35.5852,-7.8651],[-35.5843,-7.8659],[-35.5838,-7.8658],[-35.5827,-7.8661],[-35.5823,-7.8675],[-35.5833,-7.8686],[-35.5837,-7.8684],[-35.5841,-7.8687],[-35.5847,-7.8688],[-35.5852,-7.8692],[-35.5869,-7.8699],[-35.5875,-7.8705],[-35.5884,-7.8695],[-35.5876,-7.8687],[-35.5879,-7.8668],[-35.5882,-7.8658],[-35.5906,-7.8637],[-35.5891,-7.8633]]]}},{"type":"Feature","properties":{"c":"b322","b":322,"n":"Monsenhor Jonas","m":"2608107","cx":-35.5946,"cy":-7.8627},"geometry":{"type":"Polygon","coordinates":[[[-35.598,-7.8638],[-35.5974,-7.8637],[-35.5975,-7.862],[-35.5963,-7.8619],[-35.5961,-7.8624],[-35.5936,-7.8623],[-35.5934,-7.8622],[-35.5933,-7.8613],[-35.5922,-7.8613],[-35.5917,-7.8631],[-35.5926,-7.8638],[-35.5938,-7.8647],[-35.595,-7.8646],[-35.596,-7.8648],[-35.5968,-7.8647],[-35.5973,-7.8644],[-35.5979,-7.8644],[-35.598,-7.8638]]]}},{"type":"Feature","properties":{"c":"b323","b":323,"n":"Mãe Rainha","m":"2608107","cx":-35.5995,"cy":-7.8568},"geometry":{"type":"Polygon","coordinates":[[[-35.5971,-7.856],[-35.5976,-7.8564],[-35.5967,-7.8573],[-35.5966,-7.8579],[-35.597,-7.858],[-35.5968,-7.8588],[-35.5973,-7.859],[-35.5981,-7.8589],[-35.5981,-7.8583],[-35.6006,-7.8583],[-35.6007,-7.8578],[-35.6019,-7.8577],[-35.6016,-7.8555],[-35.601,-7.8555],[-35.5981,-7.855],[-35.5972,-7.8549],[-35.5971,-7.856]]]}},{"type":"Feature","properties":{"c":"b324","b":324,"n":"Neco de Léo","m":"2608107","cx":-35.6001,"cy":-7.8632},"geometry":{"type":"Polygon","coordinates":[[[-35.5922,-7.8613],[-35.5933,-7.8613],[-35.5934,-7.8622],[-35.5936,-7.8623],[-35.5961,-7.8624],[-35.5963,-7.8619],[-35.5975,-7.862],[-35.5974,-7.8637],[-35.598,-7.8638],[-35.5979,-7.8644],[-35.5996,-7.8645],[-35.5995,-7.8657],[-35.599,-7.866],[-35.5991,-7.8664],[-35.6,-7.8668],[-35.6015,-7.8664],[-35.6015,-7.8657],[-35.6046,-7.8659],[-35.6043,-7.8646],[-35.6049,-7.8643],[-35.6047,-7.8639],[-35.6041,-7.864],[-35.602,-7.8627],[-35.6,-7.8627],[-35.5997,-7.8626],[-35.597,-7.8608],[-35.5953,-7.8608],[-35.5925,-7.8598],[-35.5922,-7.8613]]]}},{"type":"Feature","properties":{"c":"b325","b":325,"n":"Oswaldo Lima","m":"2608107","cx":-35.5958,"cy":-7.8562},"geometry":{"type":"Polygon","coordinates":[[[-35.5967,-7.8573],[-35.5976,-7.8564],[-35.5971,-7.856],[-35.5972,-7.8549],[-35.5954,-7.855],[-35.5944,-7.8556],[-35.5943,-7.8567],[-35.5941,-7.8571],[-35.5966,-7.8579],[-35.5967,-7.8573]]]}},{"type":"Feature","properties":{"c":"b326","b":326,"n":"Raul Soares","m":"2608107","cx":-35.599,"cy":-7.861},"geometry":{"type":"Polygon","coordinates":[[[-35.5941,-7.8571],[-35.5933,-7.8581],[-35.5916,-7.8589],[-35.5915,-7.8594],[-35.5925,-7.8596],[-35.5925,-7.8598],[-35.5953,-7.8608],[-35.597,-7.8608],[-35.5997,-7.8626],[-35.6,-7.8627],[-35.602,-7.8627],[-35.6041,-7.864],[-35.6047,-7.8639],[-35.6052,-7.8639],[-35.6066,-7.8643],[-35.6074,-7.8642],[-35.608,-7.8649],[-35.6089,-7.8648],[-35.6085,-7.8626],[-35.6078,-7.8627],[-35.6077,-7.8623],[-35.6066,-7.8626],[-35.605,-7.8624],[-35.6032,-7.8613],[-35.6019,-7.8611],[-35.5979,-7.8606],[-35.5978,-7.8602],[-35.5981,-7.8589],[-35.5973,-7.859],[-35.5968,-7.8588],[-35.597,-7.858],[-35.5966,-7.8579],[-35.5941,-7.8571]]]}},{"type":"Feature","properties":{"c":"b327","b":327,"n":"São José","m":"2608107","cx":-35.5871,"cy":-7.8574},"geometry":{"type":"Polygon","coordinates":[[[-35.5884,-7.8588],[-35.5885,-7.859],[-35.5897,-7.8589],[-35.5915,-7.8594],[-35.5916,-7.8589],[-35.5914,-7.8583],[-35.5909,-7.8582],[-35.5905,-7.8588],[-35.5898,-7.8579],[-35.5889,-7.8579],[-35.588,-7.8572],[-35.5875,-7.8566],[-35.5871,-7.8556],[-35.586,-7.8555],[-35.5861,-7.8569],[-35.5857,-7.8577],[-35.5858,-7.8581],[-35.5866,-7.8583],[-35.5884,-7.8588]]]}},{"type":"Feature","properties":{"c":"b328","b":328,"n":"Centro","m":"2608909","cx":-35.4553,"cy":-7.8802},"geometry":{"type":"Polygon","coordinates":[[[-35.4508,-7.8793],[-35.4521,-7.8799],[-35.4538,-7.8806],[-35.4562,-7.8817],[-35.457,-7.8821],[-35.4578,-7.8809],[-35.4575,-7.8808],[-35.4578,-7.8797],[-35.4575,-7.8798],[-35.4574,-7.879],[-35.4566,-7.8784],[-35.4563,-7.8792],[-35.4534,-7.8778],[-35.453,-7.8787],[-35.4526,-7.8792],[-35.4513,-7.8786],[-35.4508,-7.8793]]]}},{"type":"Feature","properties":{"c":"b329","b":329,"n":"Dt Severino Pinheiro","m":"2608909","cx":-35.4479,"cy":-7.8744},"geometry":{"type":"Polygon","coordinates":[[[-35.448,-7.8735],[-35.4445,-7.8708],[-35.4432,-7.8725],[-35.444,-7.8733],[-35.4466,-7.8751],[-35.4513,-7.8785],[-35.4518,-7.8779],[-35.4522,-7.8781],[-35.4533,-7.8768],[-35.4526,-7.8761],[-35.4527,-7.8755],[-35.4511,-7.8747],[-35.4509,-7.875],[-35.4503,-7.8748],[-35.4499,-7.8742],[-35.4483,-7.873],[-35.448,-7.8735]]]}},{"type":"Feature","properties":{"c":"b330","b":330,"n":"José Fernades Salsa","m":"2608909","cx":-35.4498,"cy":-7.8821},"geometry":{"type":"Polygon","coordinates":[[[-35.4538,-7.8806],[-35.4521,-7.8799],[-35.4508,-7.8793],[-35.4513,-7.8785],[-35.4466,-7.8751],[-35.4454,-7.8767],[-35.4451,-7.8772],[-35.4462,-7.8786],[-35.4459,-7.8861],[-35.4461,-7.8864],[-35.4461,-7.8878],[-35.4477,-7.889],[-35.4485,-7.8881],[-35.4499,-7.887],[-35.4502,-7.8864],[-35.4522,-7.8853],[-35.453,-7.8844],[-35.4537,-7.8813],[-35.4548,-7.8816],[-35.4547,-7.8826],[-35.4551,-7.883],[-35.4562,-7.8817],[-35.4538,-7.8806]]]}},{"type":"Feature","properties":{"c":"b331","b":331,"n":"João Ernesto","m":"2608909","cx":-35.4343,"cy":-7.8644},"geometry":{"type":"Polygon","coordinates":[[[-35.4404,-7.8689],[-35.4409,-7.867],[-35.4414,-7.867],[-35.4415,-7.8654],[-35.4411,-7.8619],[-35.4415,-7.8614],[-35.4413,-7.8606],[-35.4415,-7.8592],[-35.4411,-7.8591],[-35.4396,-7.86],[-35.4375,-7.8603],[-35.4349,-7.8616],[-35.4348,-7.8606],[-35.4329,-7.8606],[-35.4328,-7.8639],[-35.4313,-7.8636],[-35.4306,-7.8626],[-35.4299,-7.8637],[-35.4266,-7.8617],[-35.4265,-7.862],[-35.4277,-7.8637],[-35.4275,-7.8643],[-35.427,-7.8646],[-35.4268,-7.8657],[-35.4281,-7.8654],[-35.4305,-7.8658],[-35.4318,-7.8663],[-35.4344,-7.8676],[-35.4351,-7.8678],[-35.4361,-7.8684],[-35.4377,-7.8692],[-35.4384,-7.8697],[-35.4387,-7.87],[-35.439,-7.8694],[-35.44,-7.8694],[-35.4404,-7.8689]]]}},{"type":"Feature","properties":{"c":"b332","b":332,"n":"Juá","m":"2608909","cx":-35.436,"cy":-7.8812},"geometry":{"type":"Polygon","coordinates":[[[-35.4454,-7.8767],[-35.4445,-7.8753],[-35.4422,-7.8733],[-35.44,-7.8711],[-35.4395,-7.8709],[-35.4387,-7.87],[-35.4384,-7.8697],[-35.4375,-7.8724],[-35.4391,-7.8734],[-35.4391,-7.8744],[-35.437,-7.8743],[-35.4361,-7.875],[-35.436,-7.8799],[-35.4352,-7.8794],[-35.4345,-7.8784],[-35.4343,-7.8784],[-35.4343,-7.8795],[-35.4336,-7.8795],[-35.4333,-7.8809],[-35.4326,-7.8816],[-35.4304,-7.8832],[-35.4302,-7.8846],[-35.429,-7.8848],[-35.4289,-7.8887],[-35.4249,-7.8887],[-35.4248,-7.8908],[-35.4248,-7.8925],[-35.4278,-7.8904],[-35.4303,-7.8898],[-35.4329,-7.888],[-35.4337,-7.8877],[-35.434,-7.8865],[-35.4344,-7.8855],[-35.4352,-7.8845],[-35.4373,-7.8824],[-35.4384,-7.8816],[-35.4434,-7.879],[-35.4445,-7.8779],[-35.4451,-7.8772],[-35.4454,-7.8767]]]}},{"type":"Feature","properties":{"c":"b333","b":333,"n":"Otácio de Lemos","m":"2608909","cx":-35.439,"cy":-7.8898},"geometry":{"type":"Polygon","coordinates":[[[-35.4461,-7.8864],[-35.4459,-7.8861],[-35.4462,-7.8786],[-35.4451,-7.8772],[-35.4445,-7.8779],[-35.4434,-7.879],[-35.4384,-7.8816],[-35.4373,-7.8824],[-35.4352,-7.8845],[-35.4344,-7.8855],[-35.434,-7.8865],[-35.4337,-7.8877],[-35.4334,-7.8887],[-35.4326,-7.8904],[-35.4309,-7.8936],[-35.4299,-7.8953],[-35.4288,-7.8973],[-35.4269,-7.9006],[-35.4341,-7.9031],[-35.4346,-7.8962],[-35.4361,-7.8962],[-35.4362,-7.8936],[-35.4366,-7.8925],[-35.4383,-7.8932],[-35.4444,-7.8945],[-35.4449,-7.8903],[-35.4452,-7.8893],[-35.4461,-7.8878],[-35.4461,-7.8864]]]}},{"type":"Feature","properties":{"c":"b334","b":334,"n":"Pirauira","m":"2608909","cx":-35.461,"cy":-7.8844},"geometry":{"type":"Polygon","coordinates":[[[-35.457,-7.8821],[-35.4577,-7.8826],[-35.4594,-7.8847],[-35.4605,-7.886],[-35.4615,-7.8877],[-35.4619,-7.8874],[-35.4615,-7.8868],[-35.4621,-7.8857],[-35.4626,-7.8852],[-35.4628,-7.8841],[-35.4625,-7.8836],[-35.4621,-7.8821],[-35.4595,-7.8816],[-35.4578,-7.8809],[-35.457,-7.8821]]]}},{"type":"Feature","properties":{"c":"b335","b":335,"n":"Ponto Certo","m":"2608909","cx":-35.4427,"cy":-7.8729},"geometry":{"type":"Polygon","coordinates":[[[-35.439,-7.8694],[-35.4387,-7.87],[-35.4395,-7.8709],[-35.44,-7.8711],[-35.4422,-7.8733],[-35.4445,-7.8753],[-35.4454,-7.8767],[-35.4466,-7.8751],[-35.444,-7.8733],[-35.4432,-7.8725],[-35.4445,-7.8708],[-35.4431,-7.8698],[-35.4422,-7.8692],[-35.4422,-7.8699],[-35.4405,-7.8693],[-35.44,-7.8694],[-35.439,-7.8694]]]}},{"type":"Feature","properties":{"c":"b336","b":336,"n":"Redentor","m":"2608909","cx":-35.4526,"cy":-7.8746},"geometry":{"type":"Polygon","coordinates":[[[-35.4526,-7.8792],[-35.453,-7.8787],[-35.4534,-7.8778],[-35.4563,-7.8792],[-35.4566,-7.8784],[-35.4574,-7.879],[-35.4575,-7.8798],[-35.4578,-7.8797],[-35.4583,-7.8789],[-35.4592,-7.8786],[-35.46,-7.8788],[-35.4607,-7.8787],[-35.462,-7.8778],[-35.4621,-7.8777],[-35.4614,-7.8774],[-35.4608,-7.877],[-35.4604,-7.8763],[-35.4596,-7.8757],[-35.4589,-7.8754],[-35.4571,-7.8749],[-35.4566,-7.8753],[-35.4563,-7.8759],[-35.4558,-7.8752],[-35.4551,-7.8749],[-35.4563,-7.8735],[-35.4553,-7.8711],[-35.4549,-7.8708],[-35.4534,-7.8709],[-35.4533,-7.8701],[-35.4516,-7.8698],[-35.4511,-7.8695],[-35.4504,-7.87],[-35.4502,-7.8706],[-35.4502,-7.8712],[-35.4483,-7.873],[-35.4499,-7.8742],[-35.4503,-7.8748],[-35.4509,-7.875],[-35.4511,-7.8747],[-35.4527,-7.8755],[-35.4526,-7.8761],[-35.4533,-7.8768],[-35.4522,-7.8781],[-35.4518,-7.8779],[-35.4513,-7.8786],[-35.4526,-7.8792]],[[-35.454,-7.8763],[-35.4537,-7.8761],[-35.4544,-7.8755],[-35.455,-7.8746],[-35.4551,-7.8749],[-35.454,-7.8763]]]}},{"type":"Feature","properties":{"c":"b337","b":337,"n":"Santa Luzia","m":"2608909","cx":-35.4474,"cy":-7.869},"geometry":{"type":"Polygon","coordinates":[[[-35.4445,-7.8657],[-35.4445,-7.8673],[-35.4435,-7.8676],[-35.444,-7.8688],[-35.444,-7.8693],[-35.4431,-7.8698],[-35.4445,-7.8708],[-35.448,-7.8735],[-35.4483,-7.873],[-35.4502,-7.8712],[-35.4502,-7.8706],[-35.4504,-7.87],[-35.4511,-7.8695],[-35.4493,-7.8674],[-35.4487,-7.8664],[-35.448,-7.8658],[-35.4475,-7.865],[-35.4475,-7.8646],[-35.4445,-7.8657]]]}},{"type":"Feature","properties":{"c":"b338","b":338,"n":"Santa Teresinha","m":"2608909","cx":-35.4574,"cy":-7.8913},"geometry":{"type":"Polygon","coordinates":[[[-35.4615,-7.8877],[-35.4605,-7.886],[-35.4594,-7.8847],[-35.4577,-7.8826],[-35.457,-7.8821],[-35.4562,-7.8817],[-35.4551,-7.883],[-35.4547,-7.8826],[-35.4548,-7.8816],[-35.4537,-7.8813],[-35.453,-7.8844],[-35.4522,-7.8853],[-35.4502,-7.8864],[-35.4499,-7.887],[-35.4485,-7.8881],[-35.4477,-7.889],[-35.4501,-7.8907],[-35.4508,-7.8896],[-35.4516,-7.8891],[-35.4519,-7.8885],[-35.4534,-7.8884],[-35.4531,-7.8919],[-35.4531,-7.8925],[-35.4545,-7.8925],[-35.456,-7.8922],[-35.455,-7.8954],[-35.4593,-7.8963],[-35.4585,-7.9003],[-35.4592,-7.9009],[-35.4607,-7.8987],[-35.4614,-7.8926],[-35.4623,-7.8886],[-35.4615,-7.8877]]]}},{"type":"Feature","properties":{"c":"b339","b":339,"n":"Santo Antônio","m":"2608909","cx":-35.4632,"cy":-7.8854},"geometry":{"type":"Polygon","coordinates":[[[-35.4575,-7.8808],[-35.4578,-7.8809],[-35.4595,-7.8816],[-35.4621,-7.8821],[-35.4625,-7.8836],[-35.4628,-7.8841],[-35.4626,-7.8852],[-35.4621,-7.8857],[-35.4615,-7.8868],[-35.4619,-7.8874],[-35.4615,-7.8877],[-35.4623,-7.8886],[-35.4651,-7.8911],[-35.4675,-7.8927],[-35.4691,-7.8936],[-35.4694,-7.8929],[-35.4695,-7.8905],[-35.4697,-7.8901],[-35.4691,-7.8901],[-35.4688,-7.8897],[-35.4687,-7.8886],[-35.4683,-7.8884],[-35.468,-7.8888],[-35.4668,-7.8875],[-35.4663,-7.8883],[-35.4659,-7.8884],[-35.464,-7.8869],[-35.4641,-7.8803],[-35.4633,-7.8797],[-35.4626,-7.8795],[-35.4628,-7.8779],[-35.4621,-7.8777],[-35.462,-7.8778],[-35.4607,-7.8787],[-35.46,-7.8788],[-35.4592,-7.8786],[-35.4583,-7.8789],[-35.4578,-7.8797],[-35.4575,-7.8808]]]}},{"type":"Feature","properties":{"c":"b340","b":340,"n":"São Sebastião","m":"2608909","cx":-35.4435,"cy":-7.8608},"geometry":{"type":"Polygon","coordinates":[[[-35.4474,-7.864],[-35.4469,-7.8632],[-35.4455,-7.8625],[-35.4455,-7.8611],[-35.446,-7.8602],[-35.4459,-7.8592],[-35.4516,-7.8586],[-35.4523,-7.8583],[-35.4529,-7.8578],[-35.4533,-7.857],[-35.4545,-7.8531],[-35.4551,-7.852],[-35.4483,-7.8519],[-35.4482,-7.8515],[-35.4476,-7.8526],[-35.4468,-7.8537],[-35.4456,-7.8551],[-35.4437,-7.8562],[-35.4422,-7.8568],[-35.4418,-7.8568],[-35.4415,-7.8572],[-35.4411,-7.8571],[-35.4409,-7.8581],[-35.4411,-7.8582],[-35.4411,-7.8591],[-35.4415,-7.8592],[-35.4413,-7.8606],[-35.4415,-7.8614],[-35.4411,-7.8619],[-35.4415,-7.8654],[-35.4414,-7.867],[-35.4409,-7.867],[-35.4404,-7.8689],[-35.44,-7.8694],[-35.4405,-7.8693],[-35.4422,-7.8699],[-35.4422,-7.8692],[-35.4431,-7.8698],[-35.444,-7.8693],[-35.444,-7.8688],[-35.4435,-7.8676],[-35.4445,-7.8673],[-35.4445,-7.8657],[-35.4475,-7.8646],[-35.4474,-7.864]]]}},{"type":"Feature","properties":{"c":"b341","b":341,"n":"Aguazinha","m":"2609600","cx":-34.8839,"cy":-7.9994},"geometry":{"type":"Polygon","coordinates":[[[-34.8817,-8.0016],[-34.8836,-8.0028],[-34.8859,-8.0055],[-34.8861,-8.0057],[-34.8871,-8.0055],[-34.8881,-8.0048],[-34.8869,-8.0027],[-34.8877,-8.0016],[-34.8896,-7.9996],[-34.8902,-7.9993],[-34.8898,-7.9985],[-34.8891,-7.9985],[-34.8887,-7.9988],[-34.8883,-7.9996],[-34.888,-8.0],[-34.8872,-7.9993],[-34.8876,-7.9983],[-34.8865,-7.9955],[-34.8859,-7.9952],[-34.8858,-7.9942],[-34.8848,-7.9931],[-34.8845,-7.995],[-34.8842,-7.9957],[-34.883,-7.9964],[-34.8819,-7.9962],[-34.8817,-7.9964],[-34.8808,-7.9964],[-34.8802,-7.9968],[-34.8802,-7.9972],[-34.8805,-7.9986],[-34.88,-8.0012],[-34.8817,-8.0016]]]}},{"type":"Feature","properties":{"c":"b342","b":342,"n":"Alto da Bondade","m":"2609600","cx":-34.9096,"cy":-7.9853},"geometry":{"type":"Polygon","coordinates":[[[-34.9141,-7.98],[-34.9139,-7.9794],[-34.9109,-7.9797],[-34.9099,-7.9802],[-34.9091,-7.981],[-34.9076,-7.982],[-34.9068,-7.9827],[-34.9062,-7.9825],[-34.9035,-7.9823],[-34.9035,-7.9833],[-34.9033,-7.9858],[-34.9027,-7.9866],[-34.904,-7.9867],[-34.9043,-7.9859],[-34.9069,-7.9875],[-34.9079,-7.988],[-34.9073,-7.9887],[-34.9067,-7.9889],[-34.9064,-7.9895],[-34.9084,-7.9905],[-34.9087,-7.9898],[-34.9102,-7.9904],[-34.9113,-7.9885],[-34.9121,-7.9888],[-34.9126,-7.9883],[-34.9125,-7.988],[-34.9133,-7.9881],[-34.9147,-7.9871],[-34.9157,-7.9876],[-34.916,-7.9865],[-34.9159,-7.9848],[-34.9135,-7.9844],[-34.9138,-7.9822],[-34.9141,-7.98]]]}},{"type":"Feature","properties":{"c":"b343","b":343,"n":"Alto da Conquista","m":"2609600","cx":-34.9013,"cy":-7.9829},"geometry":{"type":"Polygon","coordinates":[[[-34.9033,-7.9858],[-34.9035,-7.9833],[-34.9035,-7.9823],[-34.9037,-7.9802],[-34.9037,-7.9786],[-34.9004,-7.9775],[-34.8953,-7.9757],[-34.8941,-7.9768],[-34.894,-7.9781],[-34.8935,-7.9782],[-34.8929,-7.9791],[-34.8937,-7.9805],[-34.8943,-7.9814],[-34.8976,-7.9823],[-34.899,-7.9825],[-34.8994,-7.9839],[-34.8993,-7.9847],[-34.8996,-7.9853],[-34.899,-7.9866],[-34.8991,-7.9878],[-34.8986,-7.9891],[-34.8987,-7.9894],[-34.8996,-7.9884],[-34.9,-7.9877],[-34.9015,-7.9872],[-34.9027,-7.9866],[-34.9033,-7.9858]]]}},{"type":"Feature","properties":{"c":"b344","b":344,"n":"Alto da Nação","m":"2609600","cx":-34.8538,"cy":-8.0009},"geometry":{"type":"Polygon","coordinates":[[[-34.8561,-7.9999],[-34.8559,-7.9996],[-34.8542,-7.9985],[-34.8539,-7.9984],[-34.8506,-8.0],[-34.8518,-8.0019],[-34.8528,-8.0027],[-34.8539,-8.0039],[-34.8539,-8.0031],[-34.8557,-8.0027],[-34.8561,-8.0035],[-34.8565,-8.0034],[-34.8563,-8.0025],[-34.8568,-8.0025],[-34.8561,-7.9999]]]}},{"type":"Feature","properties":{"c":"b345","b":345,"n":"Alto do Sol Nascente","m":"2609600","cx":-34.9066,"cy":-7.9806},"geometry":{"type":"Polygon","coordinates":[[[-34.9062,-7.9825],[-34.9068,-7.9827],[-34.9076,-7.982],[-34.9091,-7.981],[-34.9099,-7.9802],[-34.9109,-7.9797],[-34.9049,-7.9786],[-34.9038,-7.9786],[-34.9037,-7.9786],[-34.9037,-7.9802],[-34.9035,-7.9823],[-34.9062,-7.9825]]]}},{"type":"Feature","properties":{"c":"b346","b":346,"n":"Amaro Branco","m":"2609600","cx":-34.8469,"cy":-8.0101},"geometry":{"type":"Polygon","coordinates":[[[-34.8445,-8.0077],[-34.8446,-8.0092],[-34.8444,-8.0112],[-34.8445,-8.0121],[-34.8451,-8.0134],[-34.8475,-8.0133],[-34.8466,-8.0129],[-34.8464,-8.0122],[-34.8469,-8.0119],[-34.8469,-8.0111],[-34.8474,-8.0109],[-34.8478,-8.0114],[-34.8491,-8.0106],[-34.8494,-8.0096],[-34.8499,-8.0092],[-34.8474,-8.0068],[-34.847,-8.0066],[-34.8454,-8.0066],[-34.8448,-8.0069],[-34.8445,-8.0077]]]}},{"type":"Feature","properties":{"c":"b347","b":347,"n":"Amparo","m":"2609600","cx":-34.8546,"cy":-8.0124},"geometry":{"type":"Polygon","coordinates":[[[-34.856,-8.0096],[-34.8557,-8.0106],[-34.8544,-8.0111],[-34.8539,-8.0114],[-34.8522,-8.0133],[-34.8526,-8.0141],[-34.8529,-8.014],[-34.8535,-8.0153],[-34.8535,-8.0158],[-34.855,-8.0162],[-34.8566,-8.0116],[-34.8571,-8.0101],[-34.856,-8.0096]]]}},{"type":"Feature","properties":{"c":"b348","b":348,"n":"Bairro Novo","m":"2609600","cx":-34.8429,"cy":-8.0033},"geometry":{"type":"Polygon","coordinates":[[[-34.8458,-8.0053],[-34.8465,-8.0041],[-34.8466,-8.0007],[-34.846,-7.9995],[-34.8466,-7.9992],[-34.8451,-7.9965],[-34.8451,-7.9939],[-34.8449,-7.9932],[-34.8433,-7.994],[-34.8394,-7.9951],[-34.8372,-7.9959],[-34.8379,-7.9969],[-34.8385,-7.9984],[-34.8389,-8.0016],[-34.8392,-8.0026],[-34.8404,-8.0081],[-34.841,-8.0092],[-34.8424,-8.0125],[-34.8432,-8.0135],[-34.8445,-8.0121],[-34.8444,-8.0112],[-34.8446,-8.0092],[-34.8445,-8.0077],[-34.8448,-8.0069],[-34.8458,-8.0053]]]}},{"type":"Feature","properties":{"c":"b349","b":349,"n":"Bonsucesso","m":"2609600","cx":-34.8545,"cy":-8.0089},"geometry":{"type":"Polygon","coordinates":[[[-34.8537,-8.0085],[-34.8538,-8.0087],[-34.8523,-8.01],[-34.8512,-8.0091],[-34.8492,-8.0078],[-34.8489,-8.0075],[-34.8469,-8.0049],[-34.8465,-8.0041],[-34.8458,-8.0053],[-34.8448,-8.0069],[-34.8454,-8.0066],[-34.847,-8.0066],[-34.8474,-8.0068],[-34.8499,-8.0092],[-34.8494,-8.0096],[-34.8491,-8.0106],[-34.8478,-8.0114],[-34.8474,-8.0109],[-34.8469,-8.0111],[-34.8469,-8.0119],[-34.8464,-8.0122],[-34.8466,-8.0129],[-34.8475,-8.0133],[-34.8496,-8.0138],[-34.8514,-8.0128],[-34.8522,-8.0133],[-34.8539,-8.0114],[-34.855,-8.0098],[-34.8558,-8.008],[-34.8553,-8.0081],[-34.8544,-8.0077],[-34.8537,-8.0085]]]}},{"type":"Feature","properties":{"c":"b350","b":350,"n":"Bultrins","m":"2609600","cx":-34.8486,"cy":-7.9998},"geometry":{"type":"Polygon","coordinates":[[[-34.8539,-7.9984],[-34.8542,-7.9985],[-34.8559,-7.9996],[-34.8558,-7.9988],[-34.8553,-7.997],[-34.8551,-7.9954],[-34.8537,-7.9951],[-34.8527,-7.9953],[-34.8506,-7.9966],[-34.8492,-7.9975],[-34.8494,-7.9979],[-34.8466,-7.9992],[-34.846,-7.9995],[-34.8466,-8.0007],[-34.8465,-8.0041],[-34.8469,-8.0049],[-34.8496,-8.0029],[-34.8491,-8.0024],[-34.8487,-8.0007],[-34.8496,-8.0005],[-34.8506,-8.0],[-34.8539,-7.9984]]]}},{"type":"Feature","properties":{"c":"b351","b":351,"n":"Caixa D'Água","m":"2609600","cx":-34.9029,"cy":-7.9954},"geometry":{"type":"Polygon","coordinates":[[[-34.9059,-7.9974],[-34.9056,-7.9969],[-34.9064,-7.9964],[-34.9068,-7.9956],[-34.9069,-7.994],[-34.9054,-7.994],[-34.9048,-7.9926],[-34.905,-7.9904],[-34.906,-7.9893],[-34.9057,-7.9891],[-34.9052,-7.9894],[-34.9047,-7.9903],[-34.9034,-7.9906],[-34.9028,-7.9906],[-34.9026,-7.9915],[-34.9022,-7.9918],[-34.9005,-7.9906],[-34.8999,-7.9912],[-34.8992,-7.993],[-34.8996,-7.9932],[-34.9007,-7.9944],[-34.8994,-7.9952],[-34.8992,-7.9949],[-34.8989,-7.9962],[-34.8966,-7.9956],[-34.8958,-7.9958],[-34.8958,-7.9967],[-34.8963,-7.9967],[-34.8965,-7.9971],[-34.8961,-7.9976],[-34.8962,-7.998],[-34.8955,-7.9982],[-34.8967,-7.9989],[-34.8978,-8.0009],[-34.8985,-8.0008],[-34.8991,-8.0021],[-34.8995,-8.002],[-34.9031,-7.9996],[-34.9033,-7.9993],[-34.905,-7.9982],[-34.9056,-7.9976],[-34.9059,-7.9974]]]}},{"type":"Feature","properties":{"c":"b352","b":352,"n":"Carmo","m":"2609600","cx":-34.8497,"cy":-8.0166},"geometry":{"type":"Polygon","coordinates":[[[-34.8451,-8.0134],[-34.8445,-8.0121],[-34.8432,-8.0135],[-34.8442,-8.0143],[-34.8452,-8.0152],[-34.8464,-8.0165],[-34.846,-8.0172],[-34.8471,-8.0172],[-34.8473,-8.0176],[-34.8483,-8.0188],[-34.849,-8.0198],[-34.8492,-8.0205],[-34.8499,-8.021],[-34.8509,-8.0203],[-34.85,-8.0194],[-34.851,-8.0183],[-34.8523,-8.0183],[-34.8524,-8.0171],[-34.853,-8.0167],[-34.8535,-8.0158],[-34.8535,-8.0153],[-34.8529,-8.014],[-34.8526,-8.0141],[-34.8522,-8.0133],[-34.8514,-8.0128],[-34.8496,-8.0138],[-34.8475,-8.0133],[-34.8451,-8.0134]]]}},{"type":"Feature","properties":{"c":"b353","b":353,"n":"Casa Caiada","m":"2609600","cx":-34.8381,"cy":-7.9822},"geometry":{"type":"Polygon","coordinates":[[[-34.845,-7.9926],[-34.8451,-7.9899],[-34.8456,-7.988],[-34.8456,-7.9876],[-34.844,-7.9856],[-34.8425,-7.9831],[-34.8419,-7.9826],[-34.84,-7.9818],[-34.8388,-7.9814],[-34.8379,-7.9809],[-34.8374,-7.9804],[-34.837,-7.9789],[-34.8362,-7.9772],[-34.8354,-7.9743],[-34.8352,-7.9732],[-34.8348,-7.9723],[-34.8335,-7.9686],[-34.8325,-7.969],[-34.8311,-7.9693],[-34.8317,-7.9715],[-34.8322,-7.9732],[-34.8326,-7.9742],[-34.8333,-7.9749],[-34.8338,-7.9765],[-34.8342,-7.9781],[-34.8344,-7.9798],[-34.8346,-7.9808],[-34.8356,-7.9832],[-34.8359,-7.9843],[-34.8371,-7.9858],[-34.8377,-7.9876],[-34.8384,-7.9907],[-34.8385,-7.9914],[-34.8384,-7.9929],[-34.8374,-7.9944],[-34.8369,-7.9955],[-34.8372,-7.9959],[-34.8394,-7.9951],[-34.8433,-7.994],[-34.8449,-7.9932],[-34.845,-7.9926]]]}},{"type":"Feature","properties":{"c":"b354","b":354,"n":"Fragoso","m":"2609600","cx":-34.8499,"cy":-7.9847},"geometry":{"type":"Polygon","coordinates":[[[-34.8551,-7.993],[-34.8553,-7.9906],[-34.8562,-7.9857],[-34.8564,-7.9839],[-34.8569,-7.9823],[-34.8579,-7.9809],[-34.8592,-7.9798],[-34.8635,-7.9764],[-34.8644,-7.9746],[-34.8642,-7.9745],[-34.8633,-7.9745],[-34.8584,-7.9717],[-34.8565,-7.9727],[-34.8555,-7.9743],[-34.8542,-7.9762],[-34.8542,-7.9766],[-34.8535,-7.9766],[-34.8532,-7.9797],[-34.8532,-7.9802],[-34.8526,-7.9799],[-34.8524,-7.9801],[-34.8521,-7.9825],[-34.8495,-7.9824],[-34.8487,-7.9825],[-34.847,-7.9827],[-34.8443,-7.9839],[-34.8439,-7.9839],[-34.8443,-7.9834],[-34.8419,-7.9826],[-34.8425,-7.9831],[-34.844,-7.9856],[-34.8456,-7.9876],[-34.8456,-7.988],[-34.8451,-7.9899],[-34.845,-7.9926],[-34.8449,-7.9932],[-34.8451,-7.9939],[-34.8451,-7.9965],[-34.8466,-7.9992],[-34.8494,-7.9979],[-34.8492,-7.9975],[-34.8506,-7.9966],[-34.8527,-7.9953],[-34.8537,-7.9951],[-34.8551,-7.9954],[-34.8551,-7.993]]]}},{"type":"Feature","properties":{"c":"b355","b":355,"n":"Guadalupe","m":"2609600","cx":-34.856,"cy":-8.0073},"geometry":{"type":"Polygon","coordinates":[[[-34.8548,-8.0043],[-34.8543,-8.0051],[-34.8543,-8.0055],[-34.8534,-8.0055],[-34.8537,-8.0064],[-34.8544,-8.0077],[-34.8553,-8.0081],[-34.8558,-8.008],[-34.855,-8.0098],[-34.8539,-8.0114],[-34.8544,-8.0111],[-34.8557,-8.0106],[-34.856,-8.0096],[-34.8571,-8.0101],[-34.8576,-8.0083],[-34.8578,-8.0069],[-34.8568,-8.0025],[-34.8563,-8.0025],[-34.8565,-8.0034],[-34.8561,-8.0035],[-34.8557,-8.0027],[-34.8539,-8.0031],[-34.8539,-8.0039],[-34.8548,-8.0043]]]}},{"type":"Feature","properties":{"c":"b356","b":356,"n":"Jardim Atlântico","m":"2609600","cx":-34.8456,"cy":-7.9738},"geometry":{"type":"Polygon","coordinates":[[[-34.8348,-7.9723],[-34.8352,-7.9732],[-34.8354,-7.9743],[-34.8362,-7.9772],[-34.837,-7.9789],[-34.8374,-7.9804],[-34.8379,-7.9809],[-34.8388,-7.9814],[-34.84,-7.9818],[-34.8419,-7.9826],[-34.8443,-7.9834],[-34.8439,-7.9839],[-34.8443,-7.9839],[-34.847,-7.9827],[-34.8487,-7.9825],[-34.8495,-7.9824],[-34.8521,-7.9825],[-34.8524,-7.9801],[-34.8526,-7.9799],[-34.8532,-7.9802],[-34.8532,-7.9797],[-34.8535,-7.9766],[-34.8542,-7.9766],[-34.8542,-7.9762],[-34.8555,-7.9743],[-34.8565,-7.9727],[-34.8584,-7.9717],[-34.8512,-7.9676],[-34.8478,-7.9676],[-34.8451,-7.9678],[-34.8443,-7.9678],[-34.8438,-7.9666],[-34.8422,-7.9629],[-34.8409,-7.964],[-34.8396,-7.9662],[-34.8387,-7.9669],[-34.8361,-7.9677],[-34.8348,-7.9681],[-34.8335,-7.9686],[-34.8348,-7.9723]]]}},{"type":"Feature","properties":{"c":"b357","b":357,"n":"Jardim Brasil","m":"2609600","cx":-34.8695,"cy":-8.005},"geometry":{"type":"Polygon","coordinates":[[[-34.8743,-7.9992],[-34.8731,-7.9982],[-34.8712,-8.0011],[-34.8706,-8.001],[-34.8702,-8.0013],[-34.8703,-8.0002],[-34.8694,-7.9993],[-34.8692,-7.9995],[-34.8664,-8.0013],[-34.8659,-8.0018],[-34.8659,-8.0024],[-34.8653,-8.0027],[-34.8645,-8.0042],[-34.8644,-8.0047],[-34.8636,-8.0054],[-34.8618,-8.008],[-34.8604,-8.0099],[-34.8598,-8.0109],[-34.8608,-8.0108],[-34.8623,-8.01],[-34.8635,-8.0091],[-34.8652,-8.0119],[-34.8684,-8.0099],[-34.8686,-8.0105],[-34.8692,-8.0103],[-34.8685,-8.0098],[-34.8715,-8.0079],[-34.8712,-8.0055],[-34.8714,-8.0053],[-34.8744,-8.0052],[-34.8781,-8.0029],[-34.8768,-8.0008],[-34.8768,-8.0004],[-34.8743,-7.9992]]]}},{"type":"Feature","properties":{"c":"b358","b":358,"n":"Monte","m":"2609600","cx":-34.8507,"cy":-8.005},"geometry":{"type":"Polygon","coordinates":[[[-34.8489,-8.0075],[-34.8492,-8.0078],[-34.8512,-8.0091],[-34.8523,-8.01],[-34.8538,-8.0087],[-34.8537,-8.0085],[-34.8544,-8.0077],[-34.8537,-8.0064],[-34.8534,-8.0055],[-34.8543,-8.0055],[-34.8543,-8.0051],[-34.8548,-8.0043],[-34.8539,-8.0039],[-34.8528,-8.0027],[-34.8518,-8.0019],[-34.8506,-8.0],[-34.8496,-8.0005],[-34.8487,-8.0007],[-34.8491,-8.0024],[-34.8496,-8.0029],[-34.8469,-8.0049],[-34.8489,-8.0075]]]}},{"type":"Feature","properties":{"c":"b359","b":359,"n":"Ouro Preto","m":"2609600","cx":-34.864,"cy":-7.9976},"geometry":{"type":"Polygon","coordinates":[[[-34.87,-7.9953],[-34.8688,-7.9941],[-34.8666,-7.9922],[-34.8635,-7.9888],[-34.8604,-7.9856],[-34.8594,-7.9847],[-34.8579,-7.9836],[-34.8569,-7.9826],[-34.8569,-7.9823],[-34.8564,-7.9839],[-34.8562,-7.9857],[-34.8553,-7.9906],[-34.8551,-7.993],[-34.8551,-7.9954],[-34.8553,-7.997],[-34.8558,-7.9988],[-34.8559,-7.9996],[-34.8561,-7.9999],[-34.8568,-8.0025],[-34.8578,-8.0069],[-34.8591,-8.0119],[-34.8598,-8.0109],[-34.8604,-8.0099],[-34.8618,-8.008],[-34.8636,-8.0054],[-34.8644,-8.0047],[-34.8645,-8.0042],[-34.8653,-8.0027],[-34.8659,-8.0024],[-34.8659,-8.0018],[-34.8664,-8.0013],[-34.8692,-7.9995],[-34.8694,-7.9993],[-34.8703,-8.0002],[-34.8702,-8.0013],[-34.8706,-8.001],[-34.8712,-8.0011],[-34.8731,-7.9982],[-34.87,-7.9953]]]}},{"type":"Feature","properties":{"c":"b360","b":360,"n":"Passarinho","m":"2609600","cx":-34.9124,"cy":-7.9899},"geometry":{"type":"Polygon","coordinates":[[[-34.9167,-7.9867],[-34.9162,-7.9864],[-34.9162,-7.9854],[-34.9167,-7.9851],[-34.9162,-7.9849],[-34.9161,-7.9842],[-34.9157,-7.984],[-34.9151,-7.983],[-34.9138,-7.9822],[-34.9135,-7.9844],[-34.9159,-7.9848],[-34.916,-7.9865],[-34.9157,-7.9876],[-34.9147,-7.9871],[-34.9133,-7.9881],[-34.9125,-7.988],[-34.9126,-7.9883],[-34.9121,-7.9888],[-34.9113,-7.9885],[-34.9102,-7.9904],[-34.9087,-7.9898],[-34.9084,-7.9905],[-34.9064,-7.9895],[-34.9067,-7.9889],[-34.9057,-7.9891],[-34.906,-7.9893],[-34.905,-7.9904],[-34.9048,-7.9926],[-34.9054,-7.994],[-34.9069,-7.994],[-34.9068,-7.9956],[-34.9064,-7.9964],[-34.9056,-7.9969],[-34.9059,-7.9974],[-34.9056,-7.9976],[-34.9063,-7.9974],[-34.9069,-7.9967],[-34.9069,-7.9961],[-34.9076,-7.9952],[-34.9082,-7.9948],[-34.909,-7.9937],[-34.9095,-7.9929],[-34.9108,-7.9919],[-34.9123,-7.9911],[-34.913,-7.9908],[-34.9141,-7.99],[-34.9169,-7.988],[-34.9166,-7.9872],[-34.9167,-7.9867]]]}},{"type":"Feature","properties":{"c":"b361","b":361,"n":"Peixinhos","m":"2609600","cx":-34.8723,"cy":-8.0127},"geometry":{"type":"Polygon","coordinates":[[[-34.8796,-8.0144],[-34.8796,-8.0132],[-34.8798,-8.0119],[-34.88,-8.0113],[-34.8815,-8.0097],[-34.8822,-8.0092],[-34.8832,-8.0088],[-34.8842,-8.0079],[-34.885,-8.0066],[-34.8861,-8.0057],[-34.8859,-8.0055],[-34.8836,-8.0028],[-34.8817,-8.0016],[-34.88,-8.0012],[-34.8768,-8.0004],[-34.8768,-8.0008],[-34.8781,-8.0029],[-34.8744,-8.0052],[-34.8714,-8.0053],[-34.8712,-8.0055],[-34.8715,-8.0079],[-34.8685,-8.0098],[-34.8692,-8.0103],[-34.8686,-8.0105],[-34.8684,-8.0099],[-34.8652,-8.0119],[-34.8646,-8.0123],[-34.8656,-8.0139],[-34.8662,-8.0137],[-34.866,-8.0147],[-34.8672,-8.0165],[-34.8655,-8.0175],[-34.8649,-8.0177],[-34.8608,-8.0187],[-34.862,-8.023],[-34.8629,-8.0243],[-34.8657,-8.0228],[-34.8694,-8.0214],[-34.8734,-8.0201],[-34.8729,-8.0173],[-34.8776,-8.0165],[-34.8793,-8.0161],[-34.8796,-8.0144]]]}},{"type":"Feature","properties":{"c":"b362","b":362,"n":"Rio Doce","m":"2609600","cx":-34.8431,"cy":-7.9619},"geometry":{"type":"Polygon","coordinates":[[[-34.855,-7.967],[-34.858,-7.9671],[-34.8577,-7.9662],[-34.8571,-7.9634],[-34.8567,-7.9618],[-34.8558,-7.9571],[-34.8553,-7.955],[-34.8536,-7.9548],[-34.8509,-7.9547],[-34.8471,-7.9561],[-34.8463,-7.9562],[-34.8451,-7.9568],[-34.8455,-7.9572],[-34.8407,-7.9609],[-34.8405,-7.9606],[-34.8378,-7.9607],[-34.8365,-7.9602],[-34.8316,-7.958],[-34.8314,-7.9579],[-34.8308,-7.9578],[-34.8291,-7.9589],[-34.828,-7.9591],[-34.8292,-7.9609],[-34.8295,-7.9621],[-34.8302,-7.9634],[-34.831,-7.9676],[-34.8311,-7.9693],[-34.8325,-7.969],[-34.8335,-7.9686],[-34.8348,-7.9681],[-34.8361,-7.9677],[-34.8387,-7.9669],[-34.8396,-7.9662],[-34.8409,-7.964],[-34.8422,-7.9629],[-34.8438,-7.9666],[-34.8443,-7.9678],[-34.8451,-7.9678],[-34.8478,-7.9676],[-34.8512,-7.9676],[-34.855,-7.967]]]}},{"type":"Feature","properties":{"c":"b363","b":363,"n":"Salgadinho","m":"2609600","cx":-34.8679,"cy":-8.0329},"geometry":{"type":"Polygon","coordinates":[[[-34.8748,-8.0291],[-34.8722,-8.028],[-34.8725,-8.0278],[-34.8719,-8.0268],[-34.873,-8.0261],[-34.8717,-8.025],[-34.8715,-8.0251],[-34.8693,-8.0229],[-34.87,-8.0223],[-34.8694,-8.0214],[-34.8657,-8.0228],[-34.8629,-8.0243],[-34.8588,-8.0278],[-34.8592,-8.0283],[-34.8609,-8.0313],[-34.8624,-8.0341],[-34.8633,-8.0371],[-34.8639,-8.0395],[-34.8641,-8.0407],[-34.8611,-8.0436],[-34.8606,-8.0445],[-34.8642,-8.041],[-34.8693,-8.0369],[-34.8699,-8.0363],[-34.8755,-8.0317],[-34.8761,-8.0298],[-34.8748,-8.0291]]]}},{"type":"Feature","properties":{"c":"b364","b":364,"n":"Santa Teresa","m":"2609600","cx":-34.858,"cy":-8.0232},"geometry":{"type":"Polygon","coordinates":[[[-34.8542,-8.0233],[-34.8571,-8.0257],[-34.8588,-8.0278],[-34.8629,-8.0243],[-34.862,-8.023],[-34.8608,-8.0187],[-34.8585,-8.0193],[-34.8582,-8.0193],[-34.8552,-8.0201],[-34.8549,-8.02],[-34.8541,-8.0204],[-34.8538,-8.0211],[-34.854,-8.0218],[-34.8531,-8.0228],[-34.8542,-8.0233]]]}},{"type":"Feature","properties":{"c":"b365","b":365,"n":"Sapucaia","m":"2609600","cx":-34.8911,"cy":-7.9975},"geometry":{"type":"Polygon","coordinates":[[[-34.893,-8.0034],[-34.894,-8.0032],[-34.8935,-8.0023],[-34.8945,-8.0016],[-34.8933,-8.0],[-34.8937,-7.9998],[-34.895,-7.9996],[-34.8948,-7.9984],[-34.895,-7.9967],[-34.8951,-7.996],[-34.8935,-7.9955],[-34.892,-7.9939],[-34.8913,-7.9913],[-34.891,-7.9909],[-34.8902,-7.9913],[-34.8894,-7.9913],[-34.8885,-7.9911],[-34.8869,-7.9915],[-34.8857,-7.9923],[-34.8848,-7.9931],[-34.8858,-7.9942],[-34.8859,-7.9952],[-34.8865,-7.9955],[-34.8876,-7.9983],[-34.8872,-7.9993],[-34.888,-8.0],[-34.8883,-7.9996],[-34.8887,-7.9988],[-34.8891,-7.9985],[-34.8898,-7.9985],[-34.8902,-7.9993],[-34.8896,-7.9996],[-34.8877,-8.0016],[-34.8869,-8.0027],[-34.8881,-8.0048],[-34.8887,-8.0044],[-34.8896,-8.0042],[-34.891,-8.0034],[-34.8916,-8.0035],[-34.893,-8.0034]]]}},{"type":"Feature","properties":{"c":"b366","b":366,"n":"São Benedito","m":"2609600","cx":-34.8954,"cy":-7.9999},"geometry":{"type":"Polygon","coordinates":[[[-34.8991,-8.0021],[-34.8985,-8.0008],[-34.8978,-8.0009],[-34.8967,-7.9989],[-34.8955,-7.9982],[-34.8962,-7.998],[-34.8961,-7.9976],[-34.8965,-7.9971],[-34.8963,-7.9967],[-34.8958,-7.9967],[-34.895,-7.9967],[-34.8948,-7.9984],[-34.895,-7.9996],[-34.8937,-7.9998],[-34.8933,-8.0],[-34.8945,-8.0016],[-34.8935,-8.0023],[-34.894,-8.0032],[-34.8955,-8.0029],[-34.8973,-8.0016],[-34.898,-8.0016],[-34.8986,-8.0019],[-34.8991,-8.0021]]]}},{"type":"Feature","properties":{"c":"b367","b":367,"n":"Sítio Novo","m":"2609600","cx":-34.8725,"cy":-8.0239},"geometry":{"type":"Polygon","coordinates":[[[-34.8734,-8.0201],[-34.8694,-8.0214],[-34.87,-8.0223],[-34.8693,-8.0229],[-34.8715,-8.0251],[-34.8717,-8.025],[-34.873,-8.0261],[-34.8719,-8.0268],[-34.8725,-8.0278],[-34.8722,-8.028],[-34.8748,-8.0291],[-34.8761,-8.0298],[-34.8757,-8.0276],[-34.8734,-8.0202],[-34.8734,-8.0201]]]}},{"type":"Feature","properties":{"c":"b368","b":368,"n":"Tabajara","m":"2609600","cx":-34.8665,"cy":-7.9762},"geometry":{"type":"Polygon","coordinates":[[[-34.8696,-7.9761],[-34.8705,-7.9742],[-34.8725,-7.97],[-34.8694,-7.9684],[-34.8675,-7.9675],[-34.8642,-7.9745],[-34.8644,-7.9746],[-34.8635,-7.9764],[-34.8592,-7.9798],[-34.8579,-7.9809],[-34.8569,-7.9823],[-34.8569,-7.9826],[-34.8579,-7.9836],[-34.8594,-7.9847],[-34.8597,-7.9838],[-34.8602,-7.9839],[-34.8613,-7.983],[-34.862,-7.9829],[-34.8623,-7.9826],[-34.8622,-7.9813],[-34.8631,-7.9806],[-34.8634,-7.9809],[-34.865,-7.9811],[-34.8657,-7.9806],[-34.8661,-7.9811],[-34.8665,-7.9802],[-34.8665,-7.9793],[-34.867,-7.9789],[-34.8674,-7.9791],[-34.8683,-7.9788],[-34.8689,-7.977],[-34.8694,-7.9772],[-34.8694,-7.9764],[-34.8696,-7.9761]]]}},{"type":"Feature","properties":{"c":"b369","b":369,"n":"Varadouro","m":"2609600","cx":-34.8577,"cy":-8.0139},"geometry":{"type":"Polygon","coordinates":[[[-34.8602,-8.016],[-34.8591,-8.0119],[-34.8578,-8.0069],[-34.8576,-8.0083],[-34.8571,-8.0101],[-34.8566,-8.0116],[-34.855,-8.0162],[-34.8535,-8.0158],[-34.853,-8.0167],[-34.8524,-8.0171],[-34.8523,-8.0183],[-34.851,-8.0183],[-34.85,-8.0194],[-34.8509,-8.0203],[-34.8499,-8.021],[-34.8509,-8.0223],[-34.8516,-8.0224],[-34.8531,-8.0228],[-34.854,-8.0218],[-34.8538,-8.0211],[-34.8541,-8.0204],[-34.8549,-8.02],[-34.8552,-8.0201],[-34.8582,-8.0193],[-34.8585,-8.0193],[-34.8608,-8.0187],[-34.8602,-8.016]]]}},{"type":"Feature","properties":{"c":"b370","b":370,"n":"Vila Popular","m":"2609600","cx":-34.8626,"cy":-8.0138},"geometry":{"type":"Polygon","coordinates":[[[-34.8635,-8.0091],[-34.8623,-8.01],[-34.8608,-8.0108],[-34.8598,-8.0109],[-34.8591,-8.0119],[-34.8602,-8.016],[-34.8608,-8.0187],[-34.8649,-8.0177],[-34.8655,-8.0175],[-34.8672,-8.0165],[-34.866,-8.0147],[-34.8662,-8.0137],[-34.8656,-8.0139],[-34.8646,-8.0123],[-34.8652,-8.0119],[-34.8635,-8.0091]]]}},{"type":"Feature","properties":{"c":"b371","b":371,"n":"Águas Compridas","m":"2609600","cx":-34.8948,"cy":-7.989},"geometry":{"type":"Polygon","coordinates":[[[-34.9067,-7.9889],[-34.9073,-7.9887],[-34.9079,-7.988],[-34.9069,-7.9875],[-34.9043,-7.9859],[-34.904,-7.9867],[-34.9027,-7.9866],[-34.9015,-7.9872],[-34.9,-7.9877],[-34.8996,-7.9884],[-34.8987,-7.9894],[-34.8986,-7.9891],[-34.8991,-7.9878],[-34.899,-7.9866],[-34.8996,-7.9853],[-34.8993,-7.9847],[-34.8994,-7.9839],[-34.899,-7.9825],[-34.8976,-7.9823],[-34.8943,-7.9814],[-34.8943,-7.9829],[-34.8931,-7.9838],[-34.8924,-7.9851],[-34.8914,-7.9857],[-34.8922,-7.9885],[-34.8914,-7.989],[-34.8909,-7.989],[-34.8909,-7.9904],[-34.891,-7.9909],[-34.8913,-7.9913],[-34.892,-7.9939],[-34.8935,-7.9955],[-34.8951,-7.996],[-34.895,-7.9967],[-34.8958,-7.9967],[-34.8958,-7.9958],[-34.8966,-7.9956],[-34.8989,-7.9962],[-34.8992,-7.9949],[-34.8994,-7.9952],[-34.9007,-7.9944],[-34.8996,-7.9932],[-34.8992,-7.993],[-34.8999,-7.9912],[-34.9005,-7.9906],[-34.9022,-7.9918],[-34.9026,-7.9915],[-34.9028,-7.9906],[-34.9034,-7.9906],[-34.9047,-7.9903],[-34.9052,-7.9894],[-34.9057,-7.9891],[-34.9067,-7.9889]]]}},{"type":"Feature","properties":{"c":"b372","b":372,"n":"Alto Bela Vista","m":"2610509","cx":-35.5941,"cy":-7.9808},"geometry":{"type":"Polygon","coordinates":[[[-35.5894,-7.976],[-35.5895,-7.9764],[-35.5891,-7.9767],[-35.5895,-7.9775],[-35.5904,-7.9785],[-35.5911,-7.9799],[-35.5913,-7.9811],[-35.5907,-7.9819],[-35.5899,-7.982],[-35.5877,-7.9818],[-35.5872,-7.9822],[-35.5885,-7.9835],[-35.5899,-7.9854],[-35.5904,-7.9858],[-35.5915,-7.9866],[-35.5934,-7.9866],[-35.594,-7.9857],[-35.594,-7.9847],[-35.5934,-7.9841],[-35.5934,-7.9836],[-35.5941,-7.9836],[-35.5941,-7.983],[-35.5969,-7.9826],[-35.597,-7.9805],[-35.5971,-7.9766],[-35.5953,-7.9775],[-35.5943,-7.9784],[-35.5928,-7.979],[-35.593,-7.9747],[-35.5898,-7.9757],[-35.5894,-7.976]]]}},{"type":"Feature","properties":{"c":"b373","b":373,"n":"Alto Caturité","m":"2610509","cx":-35.5842,"cy":-7.9733},"geometry":{"type":"Polygon","coordinates":[[[-35.5846,-7.9745],[-35.5852,-7.9742],[-35.5847,-7.9735],[-35.5857,-7.9728],[-35.5843,-7.9724],[-35.5841,-7.9729],[-35.5839,-7.9722],[-35.5829,-7.9722],[-35.5829,-7.9731],[-35.5834,-7.9731],[-35.5837,-7.974],[-35.5846,-7.9745]]]}},{"type":"Feature","properties":{"c":"b374","b":374,"n":"Alto Santa Inês","m":"2610509","cx":-35.5655,"cy":-7.9693},"geometry":{"type":"MultiPolygon","coordinates":[[[[-35.5836,-7.9754],[-35.583,-7.9751],[-35.5831,-7.9746],[-35.5826,-7.9742],[-35.5829,-7.9734],[-35.5835,-7.9741],[-35.5837,-7.974],[-35.5834,-7.9731],[-35.5829,-7.9731],[-35.5829,-7.9722],[-35.5829,-7.9704],[-35.5828,-7.9696],[-35.5822,-7.9683],[-35.5814,-7.9685],[-35.5819,-7.9699],[-35.5797,-7.9705],[-35.5798,-7.9672],[-35.5784,-7.9673],[-35.5786,-7.9681],[-35.5786,-7.9689],[-35.5768,-7.9689],[-35.5765,-7.9685],[-35.5764,-7.9723],[-35.5763,-7.9755],[-35.5774,-7.9763],[-35.5781,-7.9765],[-35.5781,-7.9754],[-35.5787,-7.9755],[-35.5786,-7.9746],[-35.5782,-7.9738],[-35.5788,-7.9741],[-35.58,-7.974],[-35.5805,-7.9737],[-35.5804,-7.976],[-35.5813,-7.9758],[-35.5823,-7.9759],[-35.5828,-7.9763],[-35.5836,-7.9754]]],[[[-35.5625,-7.9697],[-35.5651,-7.9708],[-35.5668,-7.9711],[-35.5679,-7.9721],[-35.5685,-7.9721],[-35.5697,-7.9706],[-35.5677,-7.967],[-35.5642,-7.9665],[-35.5644,-7.9681],[-35.5635,-7.9684],[-35.5632,-7.9681],[-35.5621,-7.9683],[-35.5616,-7.969],[-35.5625,-7.9697]]]]}},{"type":"Feature","properties":{"c":"b375","b":375,"n":"Alto da Esperança","m":"2610509","cx":-35.5846,"cy":-7.9712},"geometry":{"type":"Polygon","coordinates":[[[-35.5898,-7.9757],[-35.5895,-7.9745],[-35.5899,-7.9723],[-35.5904,-7.9708],[-35.5895,-7.9701],[-35.5881,-7.9692],[-35.5881,-7.9707],[-35.5879,-7.9719],[-35.5879,-7.9726],[-35.5873,-7.9729],[-35.5864,-7.9717],[-35.5864,-7.9704],[-35.5842,-7.9674],[-35.5836,-7.9667],[-35.5828,-7.9652],[-35.582,-7.9645],[-35.5821,-7.9675],[-35.5822,-7.9683],[-35.5828,-7.9696],[-35.5829,-7.9704],[-35.5829,-7.9722],[-35.5839,-7.9722],[-35.5841,-7.9729],[-35.5843,-7.9724],[-35.5857,-7.9728],[-35.5847,-7.9735],[-35.5852,-7.9742],[-35.5846,-7.9745],[-35.5837,-7.974],[-35.5835,-7.9741],[-35.5829,-7.9734],[-35.5826,-7.9742],[-35.5831,-7.9746],[-35.583,-7.9751],[-35.5836,-7.9754],[-35.5828,-7.9763],[-35.5835,-7.9772],[-35.5853,-7.9767],[-35.5889,-7.9754],[-35.5893,-7.9754],[-35.5894,-7.976],[-35.5898,-7.9757]]]}},{"type":"Feature","properties":{"c":"b376","b":376,"n":"Centro","m":"2610509","cx":-35.5804,"cy":-7.9783},"geometry":{"type":"Polygon","coordinates":[[[-35.584,-7.9807],[-35.585,-7.9795],[-35.5835,-7.9772],[-35.5828,-7.9763],[-35.5823,-7.9759],[-35.5813,-7.9758],[-35.5804,-7.976],[-35.5805,-7.9737],[-35.58,-7.974],[-35.5788,-7.9741],[-35.5782,-7.9738],[-35.5786,-7.9746],[-35.5787,-7.9755],[-35.5781,-7.9754],[-35.5781,-7.9765],[-35.5774,-7.9763],[-35.5763,-7.9755],[-35.5749,-7.9743],[-35.5766,-7.9764],[-35.5765,-7.9799],[-35.577,-7.9799],[-35.577,-7.9811],[-35.5783,-7.9811],[-35.5783,-7.9823],[-35.5792,-7.9823],[-35.5806,-7.9809],[-35.5807,-7.9815],[-35.5822,-7.9812],[-35.5835,-7.9819],[-35.584,-7.9807]]]}},{"type":"Feature","properties":{"c":"b377","b":377,"n":"Novo Horizonte","m":"2610509","cx":-35.5877,"cy":-7.979},"geometry":{"type":"Polygon","coordinates":[[[-35.585,-7.9795],[-35.5862,-7.9812],[-35.5872,-7.9822],[-35.5877,-7.9818],[-35.5899,-7.982],[-35.5907,-7.9819],[-35.5913,-7.9811],[-35.5911,-7.9799],[-35.5904,-7.9785],[-35.5895,-7.9775],[-35.5891,-7.9767],[-35.5895,-7.9764],[-35.5894,-7.976],[-35.5893,-7.9754],[-35.5889,-7.9754],[-35.5853,-7.9767],[-35.5835,-7.9772],[-35.585,-7.9795]]]}},{"type":"Feature","properties":{"c":"b378","b":378,"n":"Salgado","m":"2610509","cx":-35.5699,"cy":-7.9768},"geometry":{"type":"Polygon","coordinates":[[[-35.5607,-7.9684],[-35.5599,-7.9686],[-35.5606,-7.9697],[-35.5619,-7.9711],[-35.563,-7.9712],[-35.5631,-7.9721],[-35.5629,-7.9731],[-35.5632,-7.9738],[-35.5644,-7.974],[-35.565,-7.9744],[-35.5644,-7.9753],[-35.5642,-7.9758],[-35.5649,-7.9764],[-35.5653,-7.9772],[-35.5663,-7.9778],[-35.566,-7.9795],[-35.5668,-7.9813],[-35.5673,-7.9817],[-35.5679,-7.9837],[-35.5683,-7.9839],[-35.5683,-7.9834],[-35.5696,-7.9837],[-35.5699,-7.9844],[-35.5712,-7.9847],[-35.5719,-7.9851],[-35.5735,-7.9853],[-35.5742,-7.9852],[-35.5751,-7.9842],[-35.5757,-7.984],[-35.5757,-7.9836],[-35.5763,-7.9836],[-35.5763,-7.9814],[-35.5761,-7.9808],[-35.5763,-7.9797],[-35.5752,-7.9789],[-35.5743,-7.9786],[-35.5743,-7.9784],[-35.5754,-7.978],[-35.5726,-7.9736],[-35.5721,-7.9721],[-35.5716,-7.9715],[-35.5702,-7.9707],[-35.5697,-7.9706],[-35.5685,-7.9721],[-35.5679,-7.9721],[-35.5668,-7.9711],[-35.5651,-7.9708],[-35.5625,-7.9697],[-35.5616,-7.969],[-35.5607,-7.9684]]]}},{"type":"Feature","properties":{"c":"b379","b":379,"n":"São Lourenço","m":"2610509","cx":-35.5862,"cy":-7.9828},"geometry":{"type":"Polygon","coordinates":[[[-35.584,-7.9807],[-35.5835,-7.9819],[-35.5844,-7.9824],[-35.585,-7.9832],[-35.5861,-7.9838],[-35.5884,-7.9843],[-35.5892,-7.9851],[-35.5899,-7.9854],[-35.5885,-7.9835],[-35.5872,-7.9822],[-35.5862,-7.9812],[-35.585,-7.9795],[-35.584,-7.9807]]]}},{"type":"Feature","properties":{"c":"b380","b":380,"n":"Arthur Lundgren I","m":"2610707","cx":-34.8886,"cy":-7.9353},"geometry":{"type":"Polygon","coordinates":[[[-34.8988,-7.9289],[-34.8982,-7.9295],[-34.8981,-7.9302],[-34.8979,-7.9299],[-34.8978,-7.931],[-34.8971,-7.9308],[-34.8954,-7.9318],[-34.8939,-7.9314],[-34.8935,-7.9311],[-34.8916,-7.9307],[-34.889,-7.9315],[-34.8884,-7.9315],[-34.8861,-7.9306],[-34.8853,-7.9323],[-34.8839,-7.9343],[-34.8837,-7.9348],[-34.883,-7.9358],[-34.8826,-7.9364],[-34.8837,-7.9369],[-34.8847,-7.9365],[-34.8857,-7.9368],[-34.8863,-7.9376],[-34.8865,-7.9387],[-34.8868,-7.9391],[-34.8873,-7.9391],[-34.8879,-7.9394],[-34.8887,-7.9392],[-34.8896,-7.9395],[-34.8905,-7.94],[-34.893,-7.9409],[-34.8954,-7.9416],[-34.8964,-7.9418],[-34.8969,-7.9416],[-34.8972,-7.9414],[-34.8973,-7.9373],[-34.8944,-7.9372],[-34.8931,-7.9331],[-34.8947,-7.9336],[-34.8949,-7.9331],[-34.8967,-7.9338],[-34.8973,-7.9324],[-34.901,-7.9333],[-34.902,-7.9336],[-34.9025,-7.9335],[-34.9017,-7.9321],[-34.8997,-7.9298],[-34.8995,-7.9297],[-34.8988,-7.9289]]]}},{"type":"Feature","properties":{"c":"b381","b":381,"n":"Arthur Lundgren II","m":"2610707","cx":-34.8933,"cy":-7.9253},"geometry":{"type":"Polygon","coordinates":[[[-34.8884,-7.9315],[-34.889,-7.9315],[-34.8916,-7.9307],[-34.8935,-7.9311],[-34.8939,-7.9314],[-34.8954,-7.9318],[-34.8971,-7.9308],[-34.8978,-7.931],[-34.8979,-7.9299],[-34.8981,-7.9302],[-34.8982,-7.9295],[-34.8988,-7.9289],[-34.8982,-7.9281],[-34.8978,-7.9273],[-34.8969,-7.9248],[-34.8954,-7.9208],[-34.8955,-7.9198],[-34.8958,-7.9187],[-34.8948,-7.92],[-34.8934,-7.9215],[-34.889,-7.9259],[-34.8882,-7.9268],[-34.8861,-7.9306],[-34.8884,-7.9315]]]}},{"type":"Feature","properties":{"c":"b382","b":382,"n":"Centro","m":"2610707","cx":-34.8836,"cy":-7.943},"geometry":{"type":"Polygon","coordinates":[[[-34.8873,-7.9391],[-34.8868,-7.9391],[-34.8865,-7.9387],[-34.8863,-7.9376],[-34.8857,-7.9368],[-34.8847,-7.9365],[-34.8837,-7.9369],[-34.8826,-7.9364],[-34.8797,-7.9407],[-34.8787,-7.9445],[-34.8791,-7.945],[-34.8794,-7.9462],[-34.8798,-7.947],[-34.8813,-7.9471],[-34.8824,-7.9477],[-34.8839,-7.9484],[-34.8846,-7.9485],[-34.8878,-7.9485],[-34.8889,-7.9482],[-34.89,-7.9478],[-34.8906,-7.9478],[-34.8904,-7.9465],[-34.8899,-7.9461],[-34.8895,-7.9457],[-34.8885,-7.9452],[-34.8882,-7.9444],[-34.8877,-7.944],[-34.8886,-7.9421],[-34.8884,-7.9403],[-34.8872,-7.9396],[-34.8879,-7.9394],[-34.8873,-7.9391]]]}},{"type":"Feature","properties":{"c":"b383","b":383,"n":"Engenho Maranguape","m":"2610707","cx":-34.8421,"cy":-7.9194},"geometry":{"type":"Polygon","coordinates":[[[-34.8465,-7.9177],[-34.8459,-7.917],[-34.8453,-7.916],[-34.8451,-7.915],[-34.8445,-7.9113],[-34.8432,-7.9114],[-34.8428,-7.9113],[-34.8423,-7.9141],[-34.8418,-7.9145],[-34.8391,-7.9133],[-34.8379,-7.9164],[-34.8377,-7.9168],[-34.8361,-7.9182],[-34.8356,-7.9185],[-34.8353,-7.9205],[-34.8352,-7.9224],[-34.8345,-7.9246],[-34.8349,-7.9245],[-34.8395,-7.9229],[-34.8402,-7.9225],[-34.8405,-7.9228],[-34.8415,-7.9259],[-34.8418,-7.9272],[-34.8437,-7.9268],[-34.8444,-7.9267],[-34.8448,-7.9259],[-34.8449,-7.9241],[-34.8451,-7.9233],[-34.8461,-7.9222],[-34.848,-7.9204],[-34.8488,-7.9204],[-34.8492,-7.9208],[-34.8501,-7.9205],[-34.8465,-7.9177]]]}},{"type":"Feature","properties":{"c":"b384","b":384,"n":"Fragoso","m":"2610707","cx":-34.8635,"cy":-7.9594},"geometry":{"type":"Polygon","coordinates":[[[-34.8633,-7.9745],[-34.8642,-7.9745],[-34.8675,-7.9675],[-34.8682,-7.964],[-34.8683,-7.9635],[-34.8724,-7.9569],[-34.8713,-7.9562],[-34.8714,-7.9558],[-34.8697,-7.9554],[-34.868,-7.9545],[-34.8676,-7.954],[-34.8672,-7.9517],[-34.8657,-7.9518],[-34.8655,-7.9511],[-34.867,-7.9508],[-34.8667,-7.9496],[-34.8651,-7.9502],[-34.8646,-7.9511],[-34.8618,-7.9536],[-34.8608,-7.9523],[-34.8603,-7.9525],[-34.8597,-7.9519],[-34.8589,-7.9514],[-34.8585,-7.9516],[-34.8575,-7.9502],[-34.857,-7.9505],[-34.8565,-7.9499],[-34.8561,-7.9501],[-34.8558,-7.9499],[-34.8553,-7.9502],[-34.8552,-7.9493],[-34.8547,-7.9491],[-34.8548,-7.9496],[-34.8544,-7.95],[-34.8542,-7.9517],[-34.853,-7.9528],[-34.8522,-7.9532],[-34.8521,-7.9542],[-34.8534,-7.9543],[-34.8536,-7.9548],[-34.8553,-7.955],[-34.8558,-7.9571],[-34.8567,-7.9618],[-34.8571,-7.9634],[-34.8577,-7.9662],[-34.858,-7.9671],[-34.855,-7.967],[-34.8512,-7.9676],[-34.8584,-7.9717],[-34.8633,-7.9745]]]}},{"type":"Feature","properties":{"c":"b385","b":385,"n":"Jaguarana","m":"2610707","cx":-34.8527,"cy":-7.9067},"geometry":{"type":"Polygon","coordinates":[[[-34.8612,-7.9076],[-34.8619,-7.9058],[-34.8632,-7.904],[-34.8628,-7.9017],[-34.8608,-7.8987],[-34.861,-7.8972],[-34.8652,-7.8961],[-34.8658,-7.8946],[-34.8662,-7.8911],[-34.8656,-7.8912],[-34.8635,-7.8907],[-34.862,-7.8891],[-34.8592,-7.8827],[-34.8584,-7.885],[-34.8572,-7.8869],[-34.8556,-7.889],[-34.8547,-7.8896],[-34.8531,-7.8907],[-34.8518,-7.8908],[-34.8497,-7.8899],[-34.8485,-7.89],[-34.8474,-7.8905],[-34.8454,-7.8908],[-34.8441,-7.8897],[-34.8431,-7.8894],[-34.8415,-7.8893],[-34.8407,-7.8884],[-34.8411,-7.887],[-34.8408,-7.8865],[-34.8394,-7.8859],[-34.8389,-7.8852],[-34.8393,-7.8844],[-34.8389,-7.8838],[-34.8388,-7.8829],[-34.8386,-7.8826],[-34.8376,-7.8834],[-34.8381,-7.8844],[-34.8378,-7.8856],[-34.8387,-7.8877],[-34.8384,-7.8887],[-34.8401,-7.8921],[-34.8408,-7.894],[-34.8411,-7.8946],[-34.8427,-7.8957],[-34.8433,-7.896],[-34.845,-7.8959],[-34.8455,-7.8962],[-34.8455,-7.897],[-34.8445,-7.9005],[-34.8443,-7.9037],[-34.8432,-7.9038],[-34.8437,-7.9051],[-34.844,-7.9083],[-34.8445,-7.9113],[-34.8451,-7.915],[-34.8453,-7.916],[-34.8459,-7.917],[-34.8465,-7.9177],[-34.8501,-7.9205],[-34.8513,-7.9218],[-34.8522,-7.9226],[-34.8536,-7.9234],[-34.8556,-7.9251],[-34.8577,-7.927],[-34.8579,-7.9274],[-34.8587,-7.929],[-34.8598,-7.9303],[-34.8602,-7.9288],[-34.8615,-7.9283],[-34.8627,-7.9287],[-34.8643,-7.9294],[-34.8654,-7.9291],[-34.8655,-7.9294],[-34.8679,-7.9288],[-34.8686,-7.9287],[-34.8689,-7.9283],[-34.8689,-7.9275],[-34.8683,-7.9262],[-34.8682,-7.9238],[-34.8675,-7.9225],[-34.8665,-7.9216],[-34.8661,-7.9219],[-34.8642,-7.9216],[-34.8636,-7.9208],[-34.8626,-7.921],[-34.8627,-7.9191],[-34.8617,-7.9174],[-34.8615,-7.9167],[-34.8615,-7.9142],[-34.861,-7.9097],[-34.8612,-7.9076]]]}},{"type":"Feature","properties":{"c":"b386","b":386,"n":"Jaguaribe","m":"2610707","cx":-34.8791,"cy":-7.9248},"geometry":{"type":"Polygon","coordinates":[[[-34.8837,-7.9348],[-34.8839,-7.9343],[-34.8853,-7.9323],[-34.8861,-7.9306],[-34.8882,-7.9268],[-34.889,-7.9259],[-34.8934,-7.9215],[-34.8948,-7.92],[-34.8958,-7.9187],[-34.8965,-7.9179],[-34.896,-7.9169],[-34.8952,-7.9161],[-34.895,-7.9157],[-34.895,-7.9148],[-34.8943,-7.9141],[-34.894,-7.9133],[-34.8934,-7.9129],[-34.8914,-7.9128],[-34.8904,-7.9119],[-34.8897,-7.9117],[-34.8885,-7.9116],[-34.8875,-7.9123],[-34.8871,-7.9123],[-34.8863,-7.9127],[-34.8855,-7.9137],[-34.8849,-7.914],[-34.8833,-7.914],[-34.8827,-7.9137],[-34.8814,-7.9137],[-34.8805,-7.9135],[-34.8756,-7.9113],[-34.8746,-7.911],[-34.8727,-7.91],[-34.8717,-7.9098],[-34.8674,-7.9107],[-34.8667,-7.9113],[-34.8657,-7.9115],[-34.862,-7.9106],[-34.861,-7.9097],[-34.8615,-7.9142],[-34.8615,-7.9167],[-34.8617,-7.9174],[-34.8627,-7.9191],[-34.8626,-7.921],[-34.8636,-7.9208],[-34.8642,-7.9216],[-34.8661,-7.9219],[-34.8665,-7.9216],[-34.8675,-7.9225],[-34.8682,-7.9238],[-34.8683,-7.9262],[-34.8689,-7.9275],[-34.8689,-7.9283],[-34.8686,-7.9287],[-34.8679,-7.9288],[-34.8655,-7.9294],[-34.8654,-7.9291],[-34.8643,-7.9294],[-34.8627,-7.9287],[-34.8615,-7.9283],[-34.8602,-7.9288],[-34.8598,-7.9303],[-34.8602,-7.931],[-34.8615,-7.9325],[-34.8623,-7.9338],[-34.8634,-7.9348],[-34.8636,-7.9355],[-34.8637,-7.9372],[-34.8639,-7.9383],[-34.8653,-7.9378],[-34.8662,-7.9367],[-34.8676,-7.9354],[-34.8684,-7.9348],[-34.8704,-7.9344],[-34.8717,-7.9339],[-34.8734,-7.9336],[-34.8746,-7.9338],[-34.8752,-7.9341],[-34.8779,-7.9348],[-34.8784,-7.9352],[-34.8797,-7.9356],[-34.88,-7.936],[-34.8807,-7.9363],[-34.8812,-7.9358],[-34.8819,-7.9358],[-34.8808,-7.9366],[-34.8812,-7.9368],[-34.8825,-7.9357],[-34.883,-7.9358],[-34.8837,-7.9348]]]}},{"type":"Feature","properties":{"c":"b387","b":387,"n":"Janga","m":"2610707","cx":-34.8298,"cy":-7.9379},"geometry":{"type":"Polygon","coordinates":[[[-34.8291,-7.9589],[-34.8308,-7.9578],[-34.8314,-7.9579],[-34.8319,-7.9574],[-34.8326,-7.9561],[-34.833,-7.9558],[-34.8327,-7.953],[-34.8327,-7.9522],[-34.8323,-7.9511],[-34.8312,-7.9493],[-34.8315,-7.9492],[-34.8309,-7.9482],[-34.8331,-7.9477],[-34.8338,-7.9471],[-34.8363,-7.9475],[-34.8398,-7.9464],[-34.8396,-7.9455],[-34.8399,-7.9438],[-34.8404,-7.9431],[-34.8395,-7.9427],[-34.8384,-7.9416],[-34.8377,-7.9414],[-34.8362,-7.9378],[-34.8358,-7.9374],[-34.8345,-7.9353],[-34.8345,-7.935],[-34.8334,-7.9336],[-34.8345,-7.9331],[-34.834,-7.9317],[-34.8328,-7.9322],[-34.8322,-7.9317],[-34.8315,-7.9305],[-34.8335,-7.9264],[-34.8339,-7.9261],[-34.8345,-7.9248],[-34.8349,-7.9245],[-34.8345,-7.9246],[-34.8352,-7.9224],[-34.8353,-7.9205],[-34.8356,-7.9185],[-34.8361,-7.9182],[-34.836,-7.9176],[-34.8336,-7.9176],[-34.8336,-7.917],[-34.8303,-7.9171],[-34.8277,-7.9173],[-34.8248,-7.9177],[-34.8234,-7.9177],[-34.8202,-7.9177],[-34.82,-7.9206],[-34.8201,-7.923],[-34.8204,-7.9253],[-34.8202,-7.9257],[-34.8205,-7.9273],[-34.8211,-7.9299],[-34.8209,-7.9306],[-34.8209,-7.9315],[-34.8212,-7.932],[-34.8221,-7.9324],[-34.8225,-7.9339],[-34.8226,-7.9347],[-34.8218,-7.9353],[-34.8219,-7.9362],[-34.8229,-7.9361],[-34.8232,-7.9365],[-34.8233,-7.9381],[-34.8236,-7.9393],[-34.8234,-7.94],[-34.8228,-7.9404],[-34.8227,-7.9412],[-34.8233,-7.9417],[-34.8228,-7.9425],[-34.8231,-7.9435],[-34.824,-7.9442],[-34.8242,-7.945],[-34.8241,-7.9457],[-34.8234,-7.9464],[-34.8235,-7.9468],[-34.8243,-7.9467],[-34.8248,-7.9476],[-34.8247,-7.9485],[-34.8254,-7.9489],[-34.8258,-7.9494],[-34.8254,-7.9505],[-34.826,-7.9514],[-34.8266,-7.9514],[-34.8269,-7.9517],[-34.8269,-7.9524],[-34.8277,-7.9529],[-34.8283,-7.9538],[-34.8285,-7.955],[-34.8284,-7.9572],[-34.828,-7.9591],[-34.8291,-7.9589]]]}},{"type":"Feature","properties":{"c":"b388","b":388,"n":"Jardim Maranguape","m":"2610707","cx":-34.8489,"cy":-7.953},"geometry":{"type":"Polygon","coordinates":[[[-34.8534,-7.9543],[-34.8521,-7.9542],[-34.8522,-7.9532],[-34.853,-7.9528],[-34.8542,-7.9517],[-34.8544,-7.95],[-34.8548,-7.9496],[-34.8547,-7.9491],[-34.8552,-7.9493],[-34.8553,-7.9502],[-34.8558,-7.9499],[-34.8571,-7.9485],[-34.8557,-7.9478],[-34.8545,-7.9482],[-34.8546,-7.9451],[-34.8527,-7.9448],[-34.8512,-7.9455],[-34.8505,-7.9456],[-34.8497,-7.9465],[-34.849,-7.9481],[-34.849,-7.9485],[-34.8495,-7.9491],[-34.8493,-7.9494],[-34.8471,-7.9514],[-34.8416,-7.9562],[-34.8402,-7.957],[-34.8371,-7.9597],[-34.8365,-7.9602],[-34.8378,-7.9607],[-34.8405,-7.9606],[-34.8407,-7.9609],[-34.8455,-7.9572],[-34.8451,-7.9568],[-34.8463,-7.9562],[-34.8471,-7.9561],[-34.8509,-7.9547],[-34.8536,-7.9548],[-34.8534,-7.9543]]]}},{"type":"Feature","properties":{"c":"b389","b":389,"n":"Jardim Paulista","m":"2610707","cx":-34.8963,"cy":-7.9529},"geometry":{"type":"Polygon","coordinates":[[[-34.9047,-7.9454],[-34.9044,-7.9436],[-34.9031,-7.944],[-34.9027,-7.9436],[-34.9018,-7.9441],[-34.9016,-7.9437],[-34.9009,-7.9437],[-34.9005,-7.9435],[-34.8997,-7.9441],[-34.8985,-7.9446],[-34.8979,-7.9447],[-34.8976,-7.9443],[-34.8963,-7.9439],[-34.8963,-7.9455],[-34.8958,-7.9455],[-34.8958,-7.9451],[-34.8945,-7.945],[-34.8932,-7.9452],[-34.8924,-7.9449],[-34.8915,-7.9451],[-34.8915,-7.9459],[-34.8899,-7.9461],[-34.8904,-7.9465],[-34.8906,-7.9478],[-34.89,-7.9478],[-34.8889,-7.9482],[-34.8878,-7.9485],[-34.8884,-7.9489],[-34.889,-7.95],[-34.8891,-7.9507],[-34.8891,-7.9524],[-34.8896,-7.9534],[-34.8904,-7.9548],[-34.8916,-7.9541],[-34.8921,-7.9548],[-34.8935,-7.9545],[-34.8939,-7.9546],[-34.8938,-7.9569],[-34.895,-7.9581],[-34.8959,-7.9581],[-34.8959,-7.9576],[-34.897,-7.9582],[-34.8968,-7.9586],[-34.8958,-7.9593],[-34.8955,-7.9598],[-34.8958,-7.9601],[-34.8955,-7.9609],[-34.8962,-7.9612],[-34.8958,-7.9624],[-34.897,-7.9632],[-34.8974,-7.9629],[-34.8985,-7.9629],[-34.8991,-7.9626],[-34.8996,-7.9616],[-34.9001,-7.9613],[-34.8996,-7.96],[-34.8996,-7.9591],[-34.8997,-7.9582],[-34.9001,-7.9578],[-34.9011,-7.9575],[-34.9013,-7.9578],[-34.9032,-7.9576],[-34.9031,-7.9572],[-34.9035,-7.9566],[-34.903,-7.9562],[-34.9028,-7.9549],[-34.9033,-7.9522],[-34.9032,-7.9491],[-34.9044,-7.9491],[-34.905,-7.9488],[-34.9048,-7.9485],[-34.9047,-7.9466],[-34.9044,-7.9462],[-34.9049,-7.9459],[-34.9047,-7.9454]]]}},{"type":"Feature","properties":{"c":"b390","b":390,"n":"Jardim Velho","m":"2610707","cx":-34.8952,"cy":-7.9427},"geometry":{"type":"Polygon","coordinates":[[[-34.9029,-7.9436],[-34.9025,-7.9429],[-34.9011,-7.9423],[-34.9003,-7.9423],[-34.8992,-7.9426],[-34.8978,-7.9426],[-34.8967,-7.9423],[-34.8969,-7.9416],[-34.8964,-7.9418],[-34.8954,-7.9416],[-34.893,-7.9409],[-34.8905,-7.94],[-34.8896,-7.9395],[-34.8887,-7.9392],[-34.8879,-7.9394],[-34.8872,-7.9396],[-34.8884,-7.9403],[-34.8886,-7.9421],[-34.8877,-7.944],[-34.8882,-7.9444],[-34.8885,-7.9452],[-34.8895,-7.9457],[-34.8899,-7.9461],[-34.8915,-7.9459],[-34.8915,-7.9451],[-34.8924,-7.9449],[-34.8932,-7.9452],[-34.8945,-7.945],[-34.8958,-7.9451],[-34.8958,-7.9455],[-34.8963,-7.9455],[-34.8963,-7.9439],[-34.8976,-7.9443],[-34.8979,-7.9447],[-34.8985,-7.9446],[-34.8997,-7.9441],[-34.9005,-7.9435],[-34.9009,-7.9437],[-34.9016,-7.9437],[-34.9018,-7.9441],[-34.9027,-7.9436],[-34.9029,-7.9436]]]}},{"type":"Feature","properties":{"c":"b391","b":391,"n":"Maranguape I","m":"2610707","cx":-34.8645,"cy":-7.9494},"geometry":{"type":"Polygon","coordinates":[[[-34.8718,-7.9542],[-34.8713,-7.9541],[-34.8715,-7.9535],[-34.8721,-7.9526],[-34.8715,-7.9522],[-34.8724,-7.9512],[-34.8729,-7.9493],[-34.8718,-7.9488],[-34.8689,-7.9463],[-34.8679,-7.9448],[-34.8671,-7.9431],[-34.8668,-7.9429],[-34.8657,-7.9433],[-34.8636,-7.9436],[-34.8616,-7.9443],[-34.8596,-7.9454],[-34.8557,-7.9478],[-34.8571,-7.9485],[-34.8558,-7.9499],[-34.8561,-7.9501],[-34.8565,-7.9499],[-34.857,-7.9505],[-34.8575,-7.9502],[-34.8585,-7.9516],[-34.8589,-7.9514],[-34.8597,-7.9519],[-34.8603,-7.9525],[-34.8608,-7.9523],[-34.8618,-7.9536],[-34.8646,-7.9511],[-34.8651,-7.9502],[-34.8667,-7.9496],[-34.867,-7.9508],[-34.8655,-7.9511],[-34.8657,-7.9518],[-34.8672,-7.9517],[-34.8676,-7.954],[-34.868,-7.9545],[-34.8697,-7.9554],[-34.8714,-7.9558],[-34.8718,-7.9542]]]}},{"type":"Feature","properties":{"c":"b392","b":392,"n":"Maranguape II","m":"2610707","cx":-34.8587,"cy":-7.9342},"geometry":{"type":"Polygon","coordinates":[[[-34.8655,-7.9421],[-34.8646,-7.9407],[-34.8639,-7.9383],[-34.8637,-7.9372],[-34.8636,-7.9355],[-34.8634,-7.9348],[-34.8623,-7.9338],[-34.8615,-7.9325],[-34.8602,-7.931],[-34.8598,-7.9303],[-34.8587,-7.929],[-34.8579,-7.9274],[-34.8577,-7.927],[-34.8556,-7.9251],[-34.8536,-7.9234],[-34.8522,-7.9226],[-34.8513,-7.9218],[-34.8501,-7.9205],[-34.8492,-7.9208],[-34.8488,-7.9204],[-34.848,-7.9204],[-34.8461,-7.9222],[-34.8451,-7.9233],[-34.8449,-7.9241],[-34.8448,-7.9259],[-34.8444,-7.9267],[-34.8437,-7.9268],[-34.8434,-7.9289],[-34.8437,-7.9306],[-34.8453,-7.9306],[-34.8477,-7.9304],[-34.8476,-7.9308],[-34.849,-7.9319],[-34.8488,-7.9326],[-34.8492,-7.9328],[-34.8496,-7.9316],[-34.85,-7.9321],[-34.8519,-7.9333],[-34.8524,-7.9326],[-34.8528,-7.9328],[-34.8531,-7.9325],[-34.8541,-7.9332],[-34.8539,-7.9335],[-34.8551,-7.9347],[-34.8547,-7.9349],[-34.8546,-7.9355],[-34.8549,-7.9376],[-34.8548,-7.9407],[-34.8547,-7.9428],[-34.8546,-7.9451],[-34.8545,-7.9482],[-34.8557,-7.9478],[-34.8596,-7.9454],[-34.8616,-7.9443],[-34.8636,-7.9436],[-34.8657,-7.9433],[-34.8668,-7.9429],[-34.8655,-7.9421]]]}},{"type":"Feature","properties":{"c":"b393","b":393,"n":"Maria Farinha","m":"2610707","cx":-34.8378,"cy":-7.8576},"geometry":{"type":"Polygon","coordinates":[[[-34.8407,-7.8612],[-34.8417,-7.8569],[-34.8415,-7.8518],[-34.841,-7.847],[-34.8411,-7.8451],[-34.8402,-7.845],[-34.8402,-7.8443],[-34.8407,-7.8426],[-34.8408,-7.8413],[-34.841,-7.8408],[-34.8404,-7.8401],[-34.8396,-7.8396],[-34.8388,-7.8396],[-34.8379,-7.84],[-34.8376,-7.8407],[-34.8374,-7.8415],[-34.837,-7.8431],[-34.8365,-7.8441],[-34.8359,-7.8475],[-34.8358,-7.849],[-34.8354,-7.8513],[-34.8345,-7.8542],[-34.8343,-7.8554],[-34.834,-7.8584],[-34.8344,-7.8625],[-34.8344,-7.8656],[-34.8339,-7.8691],[-34.8335,-7.8707],[-34.8329,-7.8723],[-34.8309,-7.876],[-34.8316,-7.8757],[-34.8334,-7.8761],[-34.8335,-7.8757],[-34.8344,-7.8731],[-34.8361,-7.8734],[-34.8367,-7.8732],[-34.8381,-7.8716],[-34.8381,-7.869],[-34.8384,-7.8676],[-34.8386,-7.867],[-34.8397,-7.8652],[-34.8414,-7.8631],[-34.8407,-7.8612]]]}},{"type":"Feature","properties":{"c":"b394","b":394,"n":"Mirueira","m":"2610707","cx":-34.9053,"cy":-7.9627},"geometry":{"type":"Polygon","coordinates":[[[-34.8913,-7.9568],[-34.8903,-7.9571],[-34.889,-7.9591],[-34.8883,-7.9603],[-34.8886,-7.9607],[-34.8879,-7.9609],[-34.8884,-7.9611],[-34.8897,-7.9629],[-34.8893,-7.9634],[-34.8894,-7.9646],[-34.8892,-7.9652],[-34.8895,-7.9663],[-34.8884,-7.9672],[-34.8881,-7.9664],[-34.8867,-7.9669],[-34.8878,-7.9688],[-34.8886,-7.9697],[-34.8893,-7.9692],[-34.8897,-7.9695],[-34.8902,-7.9692],[-34.8906,-7.9695],[-34.8911,-7.9691],[-34.8915,-7.9694],[-34.8919,-7.9691],[-34.8922,-7.9697],[-34.8922,-7.9705],[-34.8916,-7.9704],[-34.8909,-7.9711],[-34.8907,-7.972],[-34.8911,-7.9733],[-34.8915,-7.9738],[-34.8915,-7.9745],[-34.8919,-7.9759],[-34.8953,-7.9757],[-34.9004,-7.9775],[-34.9038,-7.9786],[-34.9049,-7.9786],[-34.9109,-7.9797],[-34.9139,-7.9794],[-34.9135,-7.9749],[-34.9129,-7.9698],[-34.9103,-7.9538],[-34.9102,-7.9528],[-34.9097,-7.9524],[-34.9074,-7.9489],[-34.9057,-7.9473],[-34.9049,-7.9459],[-34.9044,-7.9462],[-34.9047,-7.9466],[-34.9048,-7.9485],[-34.905,-7.9488],[-34.9044,-7.9491],[-34.9032,-7.9491],[-34.9033,-7.9522],[-34.9028,-7.9549],[-34.903,-7.9562],[-34.9035,-7.9566],[-34.9031,-7.9572],[-34.9032,-7.9576],[-34.9013,-7.9578],[-34.9011,-7.9575],[-34.9001,-7.9578],[-34.8997,-7.9582],[-34.8996,-7.9591],[-34.8996,-7.96],[-34.9001,-7.9613],[-34.8996,-7.9616],[-34.8991,-7.9626],[-34.8985,-7.9629],[-34.8974,-7.9629],[-34.897,-7.9632],[-34.8958,-7.9624],[-34.8962,-7.9612],[-34.8955,-7.9609],[-34.8958,-7.9601],[-34.8955,-7.9598],[-34.8958,-7.9593],[-34.8968,-7.9586],[-34.897,-7.9582],[-34.8959,-7.9576],[-34.8959,-7.9581],[-34.895,-7.9581],[-34.8938,-7.9569],[-34.8939,-7.9546],[-34.8935,-7.9545],[-34.8921,-7.9548],[-34.8916,-7.9541],[-34.8904,-7.9548],[-34.8913,-7.9568]]]}},{"type":"Feature","properties":{"c":"b395","b":395,"n":"Nobre","m":"2610707","cx":-34.8723,"cy":-7.9414},"geometry":{"type":"Polygon","coordinates":[[[-34.8739,-7.9495],[-34.8755,-7.9494],[-34.8775,-7.9498],[-34.8781,-7.9474],[-34.8787,-7.9445],[-34.8797,-7.9407],[-34.8826,-7.9364],[-34.883,-7.9358],[-34.8825,-7.9357],[-34.8812,-7.9368],[-34.8808,-7.9366],[-34.8819,-7.9358],[-34.8812,-7.9358],[-34.8807,-7.9363],[-34.88,-7.936],[-34.8797,-7.9356],[-34.8784,-7.9352],[-34.8779,-7.9348],[-34.8752,-7.9341],[-34.8746,-7.9338],[-34.8734,-7.9336],[-34.8717,-7.9339],[-34.8704,-7.9344],[-34.8684,-7.9348],[-34.8676,-7.9354],[-34.8662,-7.9367],[-34.8653,-7.9378],[-34.8639,-7.9383],[-34.8646,-7.9407],[-34.8655,-7.9421],[-34.8668,-7.9429],[-34.8671,-7.9431],[-34.8679,-7.9448],[-34.8689,-7.9463],[-34.8718,-7.9488],[-34.8729,-7.9493],[-34.8739,-7.9495]]]}},{"type":"Feature","properties":{"c":"b396","b":396,"n":"Nossa Senhora da Conceição","m":"2610707","cx":-34.8367,"cy":-7.8926},"geometry":{"type":"Polygon","coordinates":[[[-34.8393,-7.903],[-34.8407,-7.9056],[-34.8409,-7.9062],[-34.8408,-7.9079],[-34.8413,-7.9086],[-34.8427,-7.9083],[-34.844,-7.9083],[-34.8437,-7.9051],[-34.8432,-7.9038],[-34.8443,-7.9037],[-34.8445,-7.9005],[-34.8455,-7.897],[-34.8455,-7.8962],[-34.845,-7.8959],[-34.8433,-7.896],[-34.8427,-7.8957],[-34.8411,-7.8946],[-34.8408,-7.894],[-34.8401,-7.8921],[-34.8384,-7.8887],[-34.8387,-7.8877],[-34.8378,-7.8856],[-34.8381,-7.8844],[-34.8376,-7.8834],[-34.8386,-7.8826],[-34.8377,-7.8824],[-34.837,-7.8827],[-34.8362,-7.8826],[-34.8351,-7.8827],[-34.8349,-7.8812],[-34.8333,-7.8813],[-34.834,-7.8798],[-34.8341,-7.8799],[-34.8353,-7.8775],[-34.8342,-7.8761],[-34.8335,-7.8757],[-34.8334,-7.8761],[-34.8316,-7.8757],[-34.8309,-7.876],[-34.8304,-7.8767],[-34.8285,-7.8789],[-34.827,-7.8804],[-34.8252,-7.883],[-34.8245,-7.8845],[-34.8241,-7.8867],[-34.8237,-7.8882],[-34.8238,-7.8894],[-34.8301,-7.8894],[-34.831,-7.8886],[-34.831,-7.8889],[-34.8334,-7.8931],[-34.8348,-7.8955],[-34.8387,-7.9024],[-34.8393,-7.903]]]}},{"type":"Feature","properties":{"c":"b397","b":397,"n":"Nossa Senhora do Ó","m":"2610707","cx":-34.8291,"cy":-7.8951},"geometry":{"type":"Polygon","coordinates":[[[-34.8251,-7.902],[-34.8387,-7.9024],[-34.8348,-7.8955],[-34.8334,-7.8931],[-34.831,-7.8889],[-34.831,-7.8886],[-34.8301,-7.8894],[-34.8238,-7.8894],[-34.8239,-7.8903],[-34.8237,-7.8925],[-34.8238,-7.8937],[-34.8236,-7.8947],[-34.8244,-7.8985],[-34.8244,-7.8994],[-34.8248,-7.9019],[-34.8251,-7.902]]]}},{"type":"Feature","properties":{"c":"b398","b":398,"n":"Paratibe","m":"2610707","cx":-34.9721,"cy":-7.9341},"geometry":{"type":"Polygon","coordinates":[[[-34.8967,-7.9423],[-34.8978,-7.9426],[-34.8992,-7.9426],[-34.9003,-7.9423],[-34.9011,-7.9423],[-34.9025,-7.9429],[-34.9029,-7.9436],[-34.9027,-7.9436],[-34.9031,-7.944],[-34.9044,-7.9436],[-34.9047,-7.9454],[-34.9049,-7.9459],[-34.9057,-7.9473],[-34.9074,-7.9489],[-34.9097,-7.9524],[-34.9102,-7.9528],[-34.9092,-7.944],[-34.9106,-7.9428],[-34.9113,-7.9411],[-34.9113,-7.9404],[-34.911,-7.9396],[-34.9112,-7.9391],[-34.9139,-7.9371],[-34.9141,-7.9366],[-34.9149,-7.9362],[-34.9156,-7.9361],[-34.9155,-7.9355],[-34.9162,-7.9348],[-34.918,-7.9353],[-34.9184,-7.9359],[-34.9198,-7.9355],[-34.9207,-7.935],[-34.9211,-7.935],[-34.9224,-7.9344],[-34.9226,-7.9345],[-34.9235,-7.9335],[-34.9245,-7.934],[-34.9255,-7.9339],[-34.9255,-7.9345],[-34.9261,-7.9354],[-34.9275,-7.9357],[-34.9281,-7.9356],[-34.9291,-7.9349],[-34.9305,-7.9349],[-34.933,-7.9336],[-34.9339,-7.9325],[-34.9344,-7.9324],[-34.9353,-7.9327],[-34.9361,-7.9321],[-34.9368,-7.9328],[-34.9381,-7.9331],[-34.9393,-7.9322],[-34.9402,-7.9312],[-34.941,-7.9316],[-34.9426,-7.9309],[-34.9428,-7.93],[-34.9436,-7.9298],[-34.945,-7.9299],[-34.9458,-7.9303],[-34.9471,-7.9298],[-34.9476,-7.9303],[-34.9484,-7.9295],[-34.9489,-7.93],[-34.949,-7.931],[-34.9501,-7.9318],[-34.951,-7.933],[-34.9519,-7.935],[-34.9523,-7.9355],[-34.954,-7.936],[-34.9545,-7.936],[-34.9566,-7.9355],[-34.9578,-7.9363],[-34.9584,-7.936],[-34.9591,-7.9365],[-34.9593,-7.9372],[-34.9599,-7.9377],[-34.9602,-7.9382],[-34.9632,-7.939],[-34.9646,-7.9401],[-34.9657,-7.9406],[-34.9663,-7.9411],[-34.9678,-7.9418],[-34.9684,-7.9414],[-34.9688,-7.9416],[-34.9696,-7.9414],[-34.97,-7.9406],[-34.9709,-7.9401],[-34.9715,-7.9405],[-34.972,-7.9412],[-34.9725,-7.941],[-34.9738,-7.941],[-34.9748,-7.9405],[-34.9751,-7.9399],[-34.9773,-7.9396],[-34.9775,-7.9401],[-34.9783,-7.9402],[-34.9796,-7.9411],[-34.9806,-7.9414],[-34.9811,-7.9413],[-34.9812,-7.9406],[-34.9824,-7.9398],[-34.9831,-7.9402],[-34.9833,-7.9399],[-34.984,-7.9402],[-34.9838,-7.9397],[-34.9847,-7.9394],[-34.9851,-7.9403],[-34.9848,-7.9406],[-34.9859,-7.9408],[-34.9863,-7.941],[-34.9869,-7.9407],[-34.9873,-7.9408],[-34.9878,-7.9405],[-34.9879,-7.9396],[-34.9887,-7.9388],[-34.9899,-7.9388],[-34.9902,-7.9391],[-34.9909,-7.9383],[-34.9909,-7.9363],[-34.9915,-7.9361],[-34.9916,-7.9357],[-34.9914,-7.9349],[-34.9921,-7.9343],[-34.9927,-7.9343],[-34.9927,-7.9333],[-34.9937,-7.9329],[-34.9946,-7.9333],[-34.9959,-7.9333],[-34.9966,-7.9324],[-34.9963,-7.932],[-34.9964,-7.9312],[-34.997,-7.9308],[-34.9973,-7.9302],[-34.9984,-7.9303],[-34.9991,-7.9297],[-35.0,-7.9297],[-35.0001,-7.9292],[-35.0008,-7.9286],[-35.001,-7.9278],[-35.0024,-7.9271],[-35.0027,-7.9266],[-35.004,-7.9259],[-35.0052,-7.9258],[-35.0061,-7.9259],[-35.0072,-7.9251],[-35.0082,-7.9251],[-35.0091,-7.9255],[-35.0102,-7.9256],[-35.0111,-7.9253],[-35.0126,-7.9252],[-35.0145,-7.9254],[-35.0159,-7.9259],[-35.0167,-7.9274],[-35.0168,-7.9279],[-35.0195,-7.9307],[-35.0198,-7.9315],[-35.0207,-7.9319],[-35.0211,-7.9325],[-35.0218,-7.9324],[-35.0229,-7.9319],[-35.0241,-7.9323],[-35.0257,-7.9321],[-35.0261,-7.9323],[-35.0267,-7.9334],[-35.0276,-7.9336],[-35.0283,-7.9335],[-35.0289,-7.9338],[-35.031,-7.9298],[-35.0254,-7.9258],[-35.025,-7.925],[-35.0248,-7.9234],[-35.025,-7.9205],[-35.0247,-7.9195],[-35.0238,-7.9182],[-35.0224,-7.9169],[-35.0207,-7.916],[-35.0183,-7.9158],[-35.0078,-7.9166],[-34.9974,-7.919],[-34.9882,-7.9201],[-34.9856,-7.9202],[-34.9807,-7.9195],[-34.9706,-7.9175],[-34.9677,-7.9171],[-34.9651,-7.9166],[-34.9619,-7.9156],[-34.9612,-7.9157],[-34.9608,-7.916],[-34.9597,-7.9188],[-34.9589,-7.9195],[-34.9578,-7.92],[-34.9546,-7.9204],[-34.9522,-7.9201],[-34.95,-7.92],[-34.9492,-7.9203],[-34.9477,-7.9211],[-34.9433,-7.9245],[-34.9417,-7.9253],[-34.9399,-7.9259],[-34.9387,-7.9262],[-34.9361,-7.9255],[-34.9338,-7.9249],[-34.9322,-7.9248],[-34.9305,-7.9251],[-34.9296,-7.9254],[-34.9286,-7.9259],[-34.9287,-7.9267],[-34.9282,-7.9275],[-34.9274,-7.9282],[-34.9261,-7.929],[-34.9236,-7.93],[-34.9229,-7.9299],[-34.9218,-7.9293],[-34.9185,-7.9271],[-34.9173,-7.9269],[-34.9158,-7.9271],[-34.9148,-7.9276],[-34.914,-7.9282],[-34.9133,-7.9291],[-34.9129,-7.9299],[-34.9126,-7.9313],[-34.9125,-7.9344],[-34.91,-7.9358],[-34.9085,-7.936],[-34.9072,-7.9359],[-34.9064,-7.9355],[-34.9054,-7.9343],[-34.9042,-7.9323],[-34.9032,-7.9312],[-34.9018,-7.9303],[-34.9005,-7.9299],[-34.8995,-7.9297],[-34.8997,-7.9298],[-34.9017,-7.9321],[-34.9025,-7.9335],[-34.902,-7.9336],[-34.901,-7.9333],[-34.8973,-7.9324],[-34.8967,-7.9338],[-34.8949,-7.9331],[-34.8947,-7.9336],[-34.8931,-7.9331],[-34.8944,-7.9372],[-34.8973,-7.9373],[-34.8972,-7.9414],[-34.8969,-7.9416],[-34.8967,-7.9423]]]}},{"type":"Feature","properties":{"c":"b399","b":399,"n":"Parque do Janga","m":"2610707","cx":-34.8462,"cy":-7.941},"geometry":{"type":"Polygon","coordinates":[[[-34.8418,-7.9272],[-34.8415,-7.9259],[-34.8405,-7.9228],[-34.8402,-7.9225],[-34.8395,-7.9229],[-34.8349,-7.9245],[-34.8345,-7.9248],[-34.8339,-7.9261],[-34.8335,-7.9264],[-34.8315,-7.9305],[-34.8322,-7.9317],[-34.8328,-7.9322],[-34.834,-7.9317],[-34.8345,-7.9331],[-34.8334,-7.9336],[-34.8345,-7.935],[-34.8345,-7.9353],[-34.8358,-7.9374],[-34.8362,-7.9378],[-34.8377,-7.9414],[-34.8384,-7.9416],[-34.8395,-7.9427],[-34.8404,-7.9431],[-34.8399,-7.9438],[-34.8396,-7.9455],[-34.8398,-7.9464],[-34.8363,-7.9475],[-34.8338,-7.9471],[-34.8331,-7.9477],[-34.8309,-7.9482],[-34.8315,-7.9492],[-34.8312,-7.9493],[-34.8323,-7.9511],[-34.8327,-7.9522],[-34.8327,-7.953],[-34.833,-7.9558],[-34.8326,-7.9561],[-34.8319,-7.9574],[-34.8314,-7.9579],[-34.8316,-7.958],[-34.8365,-7.9602],[-34.8371,-7.9597],[-34.8402,-7.957],[-34.8416,-7.9562],[-34.8471,-7.9514],[-34.8493,-7.9494],[-34.8495,-7.9491],[-34.849,-7.9485],[-34.849,-7.9481],[-34.8497,-7.9465],[-34.8505,-7.9456],[-34.8512,-7.9455],[-34.8527,-7.9448],[-34.8546,-7.9451],[-34.8547,-7.9428],[-34.8548,-7.9407],[-34.8549,-7.9376],[-34.8546,-7.9355],[-34.8547,-7.9349],[-34.8551,-7.9347],[-34.8539,-7.9335],[-34.8541,-7.9332],[-34.8531,-7.9325],[-34.8528,-7.9328],[-34.8524,-7.9326],[-34.8519,-7.9333],[-34.85,-7.9321],[-34.8496,-7.9316],[-34.8492,-7.9328],[-34.8488,-7.9326],[-34.849,-7.9319],[-34.8476,-7.9308],[-34.8477,-7.9304],[-34.8453,-7.9306],[-34.8437,-7.9306],[-34.8434,-7.9289],[-34.8437,-7.9268],[-34.8418,-7.9272]]]}},{"type":"Feature","properties":{"c":"b400","b":400,"n":"Pau Amarelo","m":"2610707","cx":-34.8334,"cy":-7.9096},"geometry":{"type":"Polygon","coordinates":[[[-34.8249,-7.904],[-34.8246,-7.9052],[-34.8239,-7.9074],[-34.8234,-7.9084],[-34.8229,-7.909],[-34.8221,-7.9103],[-34.8221,-7.9112],[-34.8216,-7.9122],[-34.8211,-7.9126],[-34.8204,-7.9161],[-34.8202,-7.9177],[-34.8234,-7.9177],[-34.8248,-7.9177],[-34.8277,-7.9173],[-34.8303,-7.9171],[-34.8336,-7.917],[-34.8336,-7.9176],[-34.836,-7.9176],[-34.8361,-7.9182],[-34.8377,-7.9168],[-34.8379,-7.9164],[-34.8391,-7.9133],[-34.8418,-7.9145],[-34.8423,-7.9141],[-34.8428,-7.9113],[-34.8432,-7.9114],[-34.8445,-7.9113],[-34.844,-7.9083],[-34.8427,-7.9083],[-34.8413,-7.9086],[-34.8408,-7.9079],[-34.8409,-7.9062],[-34.8407,-7.9056],[-34.8393,-7.903],[-34.8387,-7.9024],[-34.8251,-7.902],[-34.8248,-7.9019],[-34.8249,-7.904]]]}},{"type":"Feature","properties":{"c":"b401","b":401,"n":"Poty","m":"2610707","cx":-34.8452,"cy":-7.8767},"geometry":{"type":"Polygon","coordinates":[[[-34.8342,-7.8761],[-34.8353,-7.8775],[-34.8341,-7.8799],[-34.834,-7.8798],[-34.8333,-7.8813],[-34.8349,-7.8812],[-34.8351,-7.8827],[-34.8362,-7.8826],[-34.837,-7.8827],[-34.8377,-7.8824],[-34.8386,-7.8826],[-34.8388,-7.8829],[-34.8389,-7.8838],[-34.8393,-7.8844],[-34.8389,-7.8852],[-34.8394,-7.8859],[-34.8408,-7.8865],[-34.8411,-7.887],[-34.8407,-7.8884],[-34.8415,-7.8893],[-34.8431,-7.8894],[-34.8441,-7.8897],[-34.8454,-7.8908],[-34.8474,-7.8905],[-34.8485,-7.89],[-34.8497,-7.8899],[-34.8518,-7.8908],[-34.8531,-7.8907],[-34.8547,-7.8896],[-34.8556,-7.889],[-34.8572,-7.8869],[-34.8584,-7.885],[-34.8592,-7.8827],[-34.8577,-7.8797],[-34.8559,-7.8773],[-34.8554,-7.8755],[-34.8557,-7.8733],[-34.8551,-7.8715],[-34.8522,-7.8697],[-34.8442,-7.8659],[-34.8414,-7.8631],[-34.8397,-7.8652],[-34.8386,-7.867],[-34.8384,-7.8676],[-34.8381,-7.869],[-34.8381,-7.8716],[-34.8367,-7.8732],[-34.8361,-7.8734],[-34.8344,-7.8731],[-34.8335,-7.8757],[-34.8342,-7.8761]]]}},{"type":"Feature","properties":{"c":"b402","b":402,"n":"Tabajara","m":"2610707","cx":-34.8811,"cy":-7.9726},"geometry":{"type":"Polygon","coordinates":[[[-34.8728,-7.9763],[-34.8732,-7.977],[-34.873,-7.9788],[-34.8729,-7.9801],[-34.8735,-7.9807],[-34.8754,-7.9808],[-34.8773,-7.9801],[-34.878,-7.9794],[-34.8785,-7.9786],[-34.8789,-7.9774],[-34.8819,-7.9757],[-34.8839,-7.9763],[-34.8919,-7.9759],[-34.8915,-7.9745],[-34.8915,-7.9738],[-34.8911,-7.9733],[-34.8907,-7.972],[-34.8909,-7.9711],[-34.8916,-7.9704],[-34.8922,-7.9705],[-34.8922,-7.9697],[-34.8919,-7.9691],[-34.8915,-7.9694],[-34.8911,-7.9691],[-34.8906,-7.9695],[-34.8902,-7.9692],[-34.8897,-7.9695],[-34.8893,-7.9692],[-34.8886,-7.9697],[-34.8878,-7.9688],[-34.8867,-7.9669],[-34.8864,-7.9655],[-34.885,-7.9647],[-34.8832,-7.9647],[-34.8821,-7.9645],[-34.8813,-7.9645],[-34.8804,-7.9649],[-34.8795,-7.9648],[-34.8779,-7.9656],[-34.8772,-7.9654],[-34.8766,-7.9658],[-34.8749,-7.9661],[-34.8744,-7.966],[-34.8736,-7.9668],[-34.8729,-7.9671],[-34.8727,-7.9677],[-34.872,-7.9676],[-34.8702,-7.9684],[-34.8694,-7.9684],[-34.8725,-7.97],[-34.8705,-7.9742],[-34.8696,-7.9761],[-34.8694,-7.9764],[-34.8728,-7.9763]]]}},{"type":"Feature","properties":{"c":"b403","b":403,"n":"Torres Galvão","m":"2610707","cx":-34.8815,"cy":-7.9565},"geometry":{"type":"Polygon","coordinates":[[[-34.8881,-7.9664],[-34.8884,-7.9672],[-34.8895,-7.9663],[-34.8892,-7.9652],[-34.8894,-7.9646],[-34.8893,-7.9634],[-34.8897,-7.9629],[-34.8884,-7.9611],[-34.8879,-7.9609],[-34.8886,-7.9607],[-34.8883,-7.9603],[-34.889,-7.9591],[-34.8903,-7.9571],[-34.8913,-7.9568],[-34.8904,-7.9548],[-34.8896,-7.9534],[-34.8891,-7.9524],[-34.8891,-7.9507],[-34.889,-7.95],[-34.8884,-7.9489],[-34.8878,-7.9485],[-34.8846,-7.9485],[-34.8839,-7.9484],[-34.8824,-7.9477],[-34.8813,-7.9471],[-34.8798,-7.947],[-34.8794,-7.9462],[-34.8791,-7.945],[-34.8787,-7.9445],[-34.8781,-7.9474],[-34.8775,-7.9498],[-34.8755,-7.9494],[-34.8739,-7.9495],[-34.8729,-7.9493],[-34.8724,-7.9512],[-34.8715,-7.9522],[-34.8721,-7.9526],[-34.8715,-7.9535],[-34.8713,-7.9541],[-34.8718,-7.9542],[-34.8714,-7.9558],[-34.8713,-7.9562],[-34.8724,-7.9569],[-34.8683,-7.9635],[-34.8682,-7.964],[-34.8675,-7.9675],[-34.8694,-7.9684],[-34.8702,-7.9684],[-34.872,-7.9676],[-34.8727,-7.9677],[-34.8729,-7.9671],[-34.8736,-7.9668],[-34.8744,-7.966],[-34.8749,-7.9661],[-34.8766,-7.9658],[-34.8772,-7.9654],[-34.8779,-7.9656],[-34.8795,-7.9648],[-34.8804,-7.9649],[-34.8813,-7.9645],[-34.8821,-7.9645],[-34.8832,-7.9647],[-34.885,-7.9647],[-34.8864,-7.9655],[-34.8867,-7.9669],[-34.8881,-7.9664]]]}},{"type":"Feature","properties":{"c":"b404","b":404,"n":"Baixa Grande","m":"2610905","cx":-36.6778,"cy":-8.348},"geometry":{"type":"Polygon","coordinates":[[[-36.675,-8.3526],[-36.6775,-8.3529],[-36.6821,-8.3521],[-36.6828,-8.3531],[-36.6836,-8.353],[-36.6827,-8.3523],[-36.6811,-8.3507],[-36.6817,-8.3498],[-36.6807,-8.3467],[-36.6798,-8.3444],[-36.6795,-8.3427],[-36.6781,-8.3446],[-36.6781,-8.3449],[-36.6734,-8.3411],[-36.6726,-8.3423],[-36.6728,-8.3427],[-36.6721,-8.3431],[-36.6738,-8.3442],[-36.6748,-8.3445],[-36.6755,-8.345],[-36.6757,-8.3446],[-36.6766,-8.3451],[-36.6752,-8.3471],[-36.6738,-8.3488],[-36.6734,-8.3506],[-36.6746,-8.351],[-36.6743,-8.3516],[-36.6743,-8.3522],[-36.674,-8.3522],[-36.675,-8.3526]]]}},{"type":"Feature","properties":{"c":"b405","b":405,"n":"Caixa D'Água","m":"2610905","cx":-36.6941,"cy":-8.351},"geometry":{"type":"Polygon","coordinates":[[[-36.6817,-8.3498],[-36.6811,-8.3507],[-36.6827,-8.3523],[-36.6836,-8.353],[-36.6842,-8.3531],[-36.6849,-8.3525],[-36.6856,-8.3523],[-36.6866,-8.3527],[-36.6872,-8.3532],[-36.6888,-8.3536],[-36.689,-8.3531],[-36.6917,-8.3527],[-36.6937,-8.3527],[-36.6952,-8.3522],[-36.6948,-8.3545],[-36.6964,-8.355],[-36.6972,-8.3555],[-36.6977,-8.3547],[-36.6974,-8.3541],[-36.6976,-8.353],[-36.697,-8.3519],[-36.697,-8.3495],[-36.6975,-8.3488],[-36.6975,-8.3484],[-36.6962,-8.3486],[-36.696,-8.3481],[-36.6936,-8.3505],[-36.6924,-8.3507],[-36.6865,-8.3522],[-36.6837,-8.3513],[-36.6845,-8.3489],[-36.6842,-8.3488],[-36.6842,-8.3479],[-36.6807,-8.3467],[-36.6817,-8.3498]]]}},{"type":"Feature","properties":{"c":"b406","b":406,"n":"Centenário","m":"2610905","cx":-36.6909,"cy":-8.3646},"geometry":{"type":"Polygon","coordinates":[[[-36.6964,-8.3636],[-36.6976,-8.3616],[-36.6985,-8.3617],[-36.6986,-8.3612],[-36.6965,-8.3606],[-36.6957,-8.3606],[-36.6941,-8.3612],[-36.6925,-8.3618],[-36.6915,-8.3619],[-36.6902,-8.3619],[-36.6869,-8.3618],[-36.6858,-8.3619],[-36.6851,-8.3623],[-36.6852,-8.3667],[-36.6855,-8.3671],[-36.6877,-8.3668],[-36.6963,-8.3656],[-36.6967,-8.3655],[-36.6964,-8.3636]]]}},{"type":"Feature","properties":{"c":"b407","b":407,"n":"Central","m":"2610905","cx":-36.7137,"cy":-8.3681},"geometry":{"type":"Polygon","coordinates":[[[-36.7076,-8.37],[-36.7129,-8.3729],[-36.7181,-8.3751],[-36.7197,-8.3758],[-36.72,-8.3755],[-36.72,-8.3741],[-36.7201,-8.3724],[-36.7195,-8.3664],[-36.7166,-8.3656],[-36.7162,-8.3654],[-36.7149,-8.365],[-36.7137,-8.3633],[-36.7123,-8.3627],[-36.7088,-8.3619],[-36.7085,-8.363],[-36.7081,-8.3659],[-36.7076,-8.3699],[-36.7076,-8.37]]]}},{"type":"Feature","properties":{"c":"b408","b":408,"n":"Centro","m":"2610905","cx":-36.6957,"cy":-8.3573},"geometry":{"type":"Polygon","coordinates":[[[-36.6915,-8.3619],[-36.6925,-8.3618],[-36.6941,-8.3612],[-36.6941,-8.3604],[-36.6965,-8.3594],[-36.6966,-8.3595],[-36.6968,-8.3592],[-36.6993,-8.3594],[-36.7002,-8.3597],[-36.7022,-8.3611],[-36.702,-8.3616],[-36.7024,-8.3618],[-36.7023,-8.3624],[-36.7028,-8.3626],[-36.704,-8.3626],[-36.7061,-8.3621],[-36.7061,-8.3615],[-36.7057,-8.361],[-36.7057,-8.3602],[-36.7047,-8.3603],[-36.7045,-8.3594],[-36.7036,-8.3592],[-36.703,-8.3588],[-36.702,-8.3574],[-36.7005,-8.3572],[-36.6993,-8.3563],[-36.6981,-8.3562],[-36.6972,-8.3555],[-36.6964,-8.355],[-36.6948,-8.3545],[-36.6952,-8.3522],[-36.6937,-8.3527],[-36.6917,-8.3527],[-36.689,-8.3531],[-36.6888,-8.3536],[-36.6899,-8.3538],[-36.6907,-8.3535],[-36.692,-8.3538],[-36.6917,-8.3548],[-36.6911,-8.3561],[-36.6913,-8.3569],[-36.6902,-8.357],[-36.6903,-8.3579],[-36.6898,-8.3579],[-36.6897,-8.3589],[-36.6895,-8.3593],[-36.6908,-8.3599],[-36.6899,-8.3616],[-36.6902,-8.3619],[-36.6915,-8.3619]]]}},{"type":"Feature","properties":{"c":"b409","b":409,"n":"Dr. Ivo Isidoro De Assis","m":"2610905","cx":-36.728,"cy":-8.3821},"geometry":{"type":"Polygon","coordinates":[[[-36.7262,-8.3831],[-36.7274,-8.3831],[-36.7275,-8.3829],[-36.7293,-8.3832],[-36.73,-8.3814],[-36.7266,-8.3803],[-36.7264,-8.3811],[-36.7262,-8.3831]]]}},{"type":"Feature","properties":{"c":"b410","b":410,"n":"José Rocha","m":"2610905","cx":-36.6993,"cy":-8.3637},"geometry":{"type":"Polygon","coordinates":[[[-36.6989,-8.3653],[-36.6997,-8.3656],[-36.7018,-8.3667],[-36.7022,-8.3654],[-36.7021,-8.3639],[-36.7028,-8.3626],[-36.7023,-8.3624],[-36.7009,-8.3615],[-36.6986,-8.361],[-36.6986,-8.3612],[-36.6985,-8.3617],[-36.6976,-8.3616],[-36.6964,-8.3636],[-36.6967,-8.3655],[-36.6989,-8.3653]]]}},{"type":"Feature","properties":{"c":"b411","b":411,"n":"Moacir Brito De Freitas","m":"2610905","cx":-36.7051,"cy":-8.3656},"geometry":{"type":"Polygon","coordinates":[[[-36.7021,-8.3639],[-36.7022,-8.3654],[-36.7018,-8.3667],[-36.7071,-8.3697],[-36.7076,-8.3699],[-36.7081,-8.3659],[-36.7085,-8.363],[-36.7088,-8.3619],[-36.708,-8.3619],[-36.7061,-8.3621],[-36.704,-8.3626],[-36.7028,-8.3626],[-36.7021,-8.3639]]]}},{"type":"Feature","properties":{"c":"b412","b":412,"n":"Pedra Redonda","m":"2610905","cx":-36.6792,"cy":-8.3584},"geometry":{"type":"Polygon","coordinates":[[[-36.6736,-8.3534],[-36.6728,-8.3526],[-36.6708,-8.3517],[-36.6694,-8.3558],[-36.6697,-8.357],[-36.67,-8.3566],[-36.6713,-8.3557],[-36.6731,-8.3552],[-36.6733,-8.3561],[-36.6749,-8.3557],[-36.6754,-8.356],[-36.6762,-8.3572],[-36.6759,-8.3574],[-36.6776,-8.3606],[-36.6776,-8.3612],[-36.677,-8.3636],[-36.6779,-8.3638],[-36.6785,-8.3633],[-36.6806,-8.3627],[-36.6804,-8.3623],[-36.6811,-8.3623],[-36.6814,-8.3602],[-36.6819,-8.3602],[-36.6817,-8.3594],[-36.6824,-8.3567],[-36.6826,-8.3565],[-36.6828,-8.3551],[-36.6831,-8.3544],[-36.6828,-8.3531],[-36.6821,-8.3521],[-36.6775,-8.3529],[-36.675,-8.3526],[-36.674,-8.3522],[-36.6736,-8.3534]]]}},{"type":"Feature","properties":{"c":"b413","b":413,"n":"Pitanga","m":"2610905","cx":-36.7142,"cy":-8.3628},"geometry":{"type":"Polygon","coordinates":[[[-36.7102,-8.3605],[-36.7057,-8.3602],[-36.7057,-8.361],[-36.7061,-8.3615],[-36.7061,-8.3621],[-36.708,-8.3619],[-36.7088,-8.3619],[-36.7123,-8.3627],[-36.7137,-8.3633],[-36.7149,-8.365],[-36.7162,-8.3654],[-36.7165,-8.3647],[-36.7169,-8.3641],[-36.7161,-8.363],[-36.7149,-8.3624],[-36.7141,-8.3613],[-36.7124,-8.3609],[-36.7102,-8.3605]]]}},{"type":"Feature","properties":{"c":"b414","b":414,"n":"Prado","m":"2610905","cx":-36.6858,"cy":-8.3609},"geometry":{"type":"Polygon","coordinates":[[[-36.6899,-8.3616],[-36.6908,-8.3599],[-36.6895,-8.3593],[-36.6897,-8.3589],[-36.6898,-8.3579],[-36.6903,-8.3579],[-36.6902,-8.357],[-36.6913,-8.3569],[-36.6911,-8.3561],[-36.6917,-8.3548],[-36.692,-8.3538],[-36.6907,-8.3535],[-36.6899,-8.3538],[-36.6888,-8.3536],[-36.6872,-8.3532],[-36.6866,-8.3527],[-36.6856,-8.3523],[-36.6849,-8.3525],[-36.6842,-8.3531],[-36.6836,-8.353],[-36.6828,-8.3531],[-36.6831,-8.3544],[-36.6828,-8.3551],[-36.6826,-8.3565],[-36.6824,-8.3567],[-36.6817,-8.3594],[-36.6819,-8.3602],[-36.6814,-8.3602],[-36.6811,-8.3623],[-36.6804,-8.3623],[-36.6806,-8.3627],[-36.6785,-8.3633],[-36.6779,-8.3638],[-36.677,-8.3636],[-36.6756,-8.3631],[-36.675,-8.3627],[-36.6748,-8.3687],[-36.6855,-8.3671],[-36.6852,-8.3667],[-36.6851,-8.3623],[-36.6858,-8.3619],[-36.6869,-8.3618],[-36.6902,-8.3619],[-36.6899,-8.3616]]]}},{"type":"Feature","properties":{"c":"b415","b":415,"n":"Salgado","m":"2610905","cx":-36.6951,"cy":-8.3602},"geometry":{"type":"Polygon","coordinates":[[[-36.6957,-8.3606],[-36.6957,-8.3601],[-36.6966,-8.3595],[-36.6965,-8.3594],[-36.6941,-8.3604],[-36.6941,-8.3612],[-36.6957,-8.3606]]]}},{"type":"Feature","properties":{"c":"b416","b":416,"n":"Santo Antônio","m":"2610905","cx":-36.7161,"cy":-8.3754},"geometry":{"type":"Polygon","coordinates":[[[-36.6963,-8.3656],[-36.6967,-8.3688],[-36.7,-8.3689],[-36.7025,-8.3691],[-36.703,-8.3691],[-36.7039,-8.3684],[-36.7036,-8.3732],[-36.7046,-8.3735],[-36.7051,-8.3734],[-36.7048,-8.377],[-36.7056,-8.3772],[-36.7053,-8.3786],[-36.7033,-8.3844],[-36.7065,-8.385],[-36.7077,-8.3795],[-36.7082,-8.3795],[-36.7086,-8.3776],[-36.7091,-8.3776],[-36.7091,-8.3771],[-36.7086,-8.3769],[-36.709,-8.3738],[-36.7108,-8.3742],[-36.7115,-8.3743],[-36.7117,-8.3736],[-36.7135,-8.3746],[-36.7142,-8.3758],[-36.7183,-8.376],[-36.7181,-8.3751],[-36.7129,-8.3729],[-36.7076,-8.37],[-36.7076,-8.3699],[-36.7071,-8.3697],[-36.7018,-8.3667],[-36.6997,-8.3656],[-36.6989,-8.3653],[-36.6967,-8.3655],[-36.6963,-8.3656]]]}},{"type":"Feature","properties":{"c":"b417","b":417,"n":"Serrinha","m":"2610905","cx":-36.7007,"cy":-8.3551},"geometry":{"type":"Polygon","coordinates":[[[-36.6999,-8.349],[-36.6999,-8.35],[-36.6985,-8.3534],[-36.6977,-8.3547],[-36.6972,-8.3555],[-36.6981,-8.3562],[-36.6993,-8.3563],[-36.7005,-8.3572],[-36.702,-8.3574],[-36.703,-8.3588],[-36.7036,-8.3592],[-36.7045,-8.3594],[-36.7047,-8.3603],[-36.7057,-8.3602],[-36.7102,-8.3605],[-36.7124,-8.3609],[-36.7134,-8.3605],[-36.7138,-8.3593],[-36.711,-8.3583],[-36.71,-8.3591],[-36.7086,-8.359],[-36.7058,-8.358],[-36.7043,-8.3573],[-36.7036,-8.3565],[-36.7046,-8.3531],[-36.7021,-8.3502],[-36.7031,-8.3506],[-36.7035,-8.3504],[-36.7033,-8.3497],[-36.7026,-8.3498],[-36.701,-8.3493],[-36.6999,-8.349]]]}},{"type":"Feature","properties":{"c":"b418","b":418,"n":"São Sebastião","m":"2610905","cx":-36.6995,"cy":-8.3608},"geometry":{"type":"Polygon","coordinates":[[[-36.6957,-8.3601],[-36.6957,-8.3606],[-36.6965,-8.3606],[-36.6986,-8.3612],[-36.6986,-8.361],[-36.7009,-8.3615],[-36.7023,-8.3624],[-36.7024,-8.3618],[-36.702,-8.3616],[-36.7022,-8.3611],[-36.7002,-8.3597],[-36.6993,-8.3594],[-36.6968,-8.3592],[-36.6966,-8.3595],[-36.6957,-8.3601]]]}},{"type":"Feature","properties":{"c":"b419","b":419,"n":"Vila Anápolis","m":"2610905","cx":-36.6884,"cy":-8.3679},"geometry":{"type":"Polygon","coordinates":[[[-36.6963,-8.3656],[-36.6877,-8.3668],[-36.6855,-8.3671],[-36.6748,-8.3687],[-36.6736,-8.3688],[-36.6834,-8.3713],[-36.6847,-8.3713],[-36.6863,-8.3708],[-36.6903,-8.37],[-36.6912,-8.3698],[-36.6961,-8.3688],[-36.6967,-8.3688],[-36.6963,-8.3656]]]}},{"type":"Feature","properties":{"c":"b420","b":420,"n":"Xucurus","m":"2610905","cx":-36.6983,"cy":-8.351},"geometry":{"type":"Polygon","coordinates":[[[-36.7012,-8.3491],[-36.6987,-8.3484],[-36.6978,-8.3475],[-36.6967,-8.3475],[-36.696,-8.3481],[-36.6962,-8.3486],[-36.6975,-8.3484],[-36.6975,-8.3488],[-36.697,-8.3495],[-36.697,-8.3519],[-36.6976,-8.353],[-36.6974,-8.3541],[-36.6977,-8.3547],[-36.6985,-8.3534],[-36.6999,-8.35],[-36.6999,-8.349],[-36.701,-8.3493],[-36.7012,-8.3491]]]}},{"type":"Feature","properties":{"c":"b421","b":421,"n":"Alto Do Cocar","m":"2611101","cx":-40.5326,"cy":-9.3736},"geometry":{"type":"Polygon","coordinates":[[[-40.5348,-9.3787],[-40.5376,-9.376],[-40.538,-9.3759],[-40.5377,-9.3754],[-40.5372,-9.3745],[-40.5329,-9.3703],[-40.53,-9.3673],[-40.5296,-9.3692],[-40.5294,-9.3728],[-40.5284,-9.3745],[-40.5279,-9.3758],[-40.5348,-9.3787]]]}},{"type":"Feature","properties":{"c":"b422","b":422,"n":"Antônio Cassimiro","m":"2611101","cx":-40.5128,"cy":-9.3658},"geometry":{"type":"Polygon","coordinates":[[[-40.5141,-9.382],[-40.5147,-9.3807],[-40.5166,-9.3815],[-40.517,-9.3811],[-40.5193,-9.3778],[-40.5201,-9.377],[-40.5201,-9.3767],[-40.5209,-9.3759],[-40.5211,-9.3754],[-40.5199,-9.3749],[-40.5204,-9.3738],[-40.5223,-9.3713],[-40.5226,-9.3704],[-40.5238,-9.3685],[-40.5249,-9.3669],[-40.5263,-9.3647],[-40.5264,-9.3639],[-40.5196,-9.3572],[-40.5177,-9.3554],[-40.5161,-9.3539],[-40.5149,-9.3533],[-40.5087,-9.3513],[-40.5078,-9.3549],[-40.5076,-9.3544],[-40.5037,-9.3599],[-40.5028,-9.3606],[-40.5031,-9.361],[-40.4999,-9.3636],[-40.4989,-9.3645],[-40.501,-9.3669],[-40.5002,-9.3675],[-40.5013,-9.3686],[-40.502,-9.3691],[-40.5037,-9.3699],[-40.5066,-9.3733],[-40.5072,-9.3738],[-40.5093,-9.3763],[-40.5116,-9.3789],[-40.511,-9.3807],[-40.5141,-9.382]]]}},{"type":"Feature","properties":{"c":"b423","b":423,"n":"Areia Branca","m":"2611101","cx":-40.4926,"cy":-9.3815},"geometry":{"type":"Polygon","coordinates":[[[-40.4959,-9.3765],[-40.4908,-9.3756],[-40.4895,-9.375],[-40.4885,-9.3753],[-40.4884,-9.3755],[-40.4889,-9.3851],[-40.4892,-9.3894],[-40.4909,-9.3884],[-40.493,-9.3876],[-40.4929,-9.3841],[-40.4965,-9.3839],[-40.4963,-9.379],[-40.496,-9.3771],[-40.4959,-9.3765]]]}},{"type":"Feature","properties":{"c":"b424","b":424,"n":"Atrás da Banca","m":"2611101","cx":-40.5089,"cy":-9.3981},"geometry":{"type":"MultiPolygon","coordinates":[[[[-40.5142,-9.3939],[-40.5133,-9.3933],[-40.5105,-9.3942],[-40.5099,-9.3947],[-40.5091,-9.3947],[-40.508,-9.3951],[-40.5072,-9.3956],[-40.5064,-9.3968],[-40.5061,-9.3973],[-40.5057,-9.3989],[-40.5053,-9.3996],[-40.5042,-9.4006],[-40.5037,-9.4015],[-40.5037,-9.4021],[-40.5039,-9.4033],[-40.5053,-9.4031],[-40.5059,-9.4027],[-40.5076,-9.4027],[-40.5103,-9.4019],[-40.5117,-9.402],[-40.5117,-9.4004],[-40.5121,-9.3973],[-40.5152,-9.3967],[-40.5142,-9.3939]]],[[[-40.5046,-9.4053],[-40.5031,-9.4056],[-40.5013,-9.4064],[-40.5015,-9.4065],[-40.5034,-9.4067],[-40.5049,-9.4065],[-40.5053,-9.4062],[-40.5062,-9.4062],[-40.5067,-9.4057],[-40.5062,-9.4052],[-40.5046,-9.4053]]]]}},{"type":"Feature","properties":{"c":"b425","b":425,"n":"Boa Esperança","m":"2611101","cx":-40.4677,"cy":-9.3524},"geometry":{"type":"MultiPolygon","coordinates":[[[[-40.4539,-9.3703],[-40.4543,-9.371],[-40.4579,-9.3754],[-40.4649,-9.3611],[-40.4657,-9.3617],[-40.4677,-9.3582],[-40.4684,-9.3572],[-40.471,-9.3529],[-40.4742,-9.3477],[-40.4735,-9.3464],[-40.4653,-9.3304],[-40.4642,-9.331],[-40.465,-9.3325],[-40.4658,-9.3321],[-40.4662,-9.333],[-40.4612,-9.3355],[-40.4613,-9.3359],[-40.4598,-9.3368],[-40.4552,-9.3392],[-40.4636,-9.3436],[-40.4595,-9.3462],[-40.467,-9.3505],[-40.4651,-9.3519],[-40.4595,-9.3549],[-40.4515,-9.3592],[-40.4499,-9.3604],[-40.4496,-9.3605],[-40.4505,-9.3636],[-40.4512,-9.365],[-40.453,-9.3685],[-40.4539,-9.3703]]],[[[-40.4352,-9.3451],[-40.4373,-9.3428],[-40.4393,-9.3398],[-40.4411,-9.3376],[-40.4368,-9.337],[-40.4356,-9.3393],[-40.4347,-9.341],[-40.4345,-9.3416],[-40.4332,-9.3437],[-40.4352,-9.3451]]]]}},{"type":"Feature","properties":{"c":"b426","b":426,"n":"Caminho Do Sol","m":"2611101","cx":-40.502,"cy":-9.3804},"geometry":{"type":"Polygon","coordinates":[[[-40.5036,-9.3825],[-40.5034,-9.3812],[-40.5062,-9.3808],[-40.5073,-9.38],[-40.5078,-9.3792],[-40.5059,-9.3784],[-40.5048,-9.3781],[-40.4959,-9.3765],[-40.496,-9.3771],[-40.4963,-9.3776],[-40.4986,-9.3851],[-40.5027,-9.3829],[-40.5036,-9.3825]]]}},{"type":"Feature","properties":{"c":"b427","b":427,"n":"Carneiro","m":"2611101","cx":-40.4554,"cy":-9.3783},"geometry":{"type":"Polygon","coordinates":[[[-40.4529,-9.3687],[-40.4507,-9.3696],[-40.4504,-9.3694],[-40.4482,-9.3701],[-40.4479,-9.3703],[-40.4459,-9.3708],[-40.4463,-9.3717],[-40.4472,-9.3724],[-40.4478,-9.374],[-40.4482,-9.3752],[-40.4486,-9.3781],[-40.4487,-9.3785],[-40.4489,-9.3821],[-40.4495,-9.3845],[-40.4499,-9.3854],[-40.4506,-9.3862],[-40.4505,-9.3865],[-40.451,-9.3877],[-40.4513,-9.3879],[-40.4522,-9.3872],[-40.4529,-9.3872],[-40.4543,-9.3863],[-40.4566,-9.3843],[-40.457,-9.3853],[-40.4578,-9.385],[-40.4584,-9.3852],[-40.4617,-9.3828],[-40.4627,-9.382],[-40.4641,-9.3806],[-40.4644,-9.3808],[-40.465,-9.3803],[-40.4579,-9.3754],[-40.4543,-9.371],[-40.4539,-9.3703],[-40.453,-9.3685],[-40.4529,-9.3687]]]}},{"type":"Feature","properties":{"c":"b428","b":428,"n":"Centro","m":"2611101","cx":-40.4986,"cy":-9.3966},"geometry":{"type":"MultiPolygon","coordinates":[[[[-40.5033,-9.404],[-40.5031,-9.4039],[-40.5031,-9.4041],[-40.5033,-9.404]]],[[[-40.5037,-9.4021],[-40.5037,-9.4015],[-40.5042,-9.4006],[-40.5053,-9.3996],[-40.5057,-9.3989],[-40.5061,-9.3973],[-40.5064,-9.3968],[-40.5059,-9.3963],[-40.5064,-9.3957],[-40.5067,-9.3946],[-40.5084,-9.3909],[-40.5088,-9.3892],[-40.5071,-9.3889],[-40.5041,-9.3892],[-40.5037,-9.3897],[-40.5024,-9.39],[-40.5014,-9.3886],[-40.501,-9.3878],[-40.5002,-9.3873],[-40.4993,-9.3872],[-40.498,-9.3867],[-40.4964,-9.3878],[-40.4951,-9.3888],[-40.4905,-9.3923],[-40.4904,-9.3941],[-40.4898,-9.3943],[-40.4907,-9.3959],[-40.493,-9.3998],[-40.4923,-9.4003],[-40.4939,-9.4031],[-40.4945,-9.4054],[-40.4946,-9.406],[-40.4948,-9.4056],[-40.4956,-9.4052],[-40.4977,-9.4049],[-40.4985,-9.4045],[-40.5001,-9.4044],[-40.5009,-9.4039],[-40.501,-9.4043],[-40.5025,-9.4035],[-40.5039,-9.4033],[-40.5037,-9.4021]]]]}},{"type":"Feature","properties":{"c":"b429","b":429,"n":"Cidade Universitária","m":"2611101","cx":-40.4739,"cy":-9.3947},"geometry":{"type":"Polygon","coordinates":[[[-40.4654,-9.397],[-40.4686,-9.398],[-40.4714,-9.3989],[-40.4768,-9.4008],[-40.4778,-9.4009],[-40.4788,-9.4007],[-40.4826,-9.3999],[-40.4835,-9.4003],[-40.4859,-9.401],[-40.4864,-9.3991],[-40.4849,-9.3986],[-40.484,-9.3981],[-40.4833,-9.3968],[-40.4831,-9.3954],[-40.4839,-9.3934],[-40.4808,-9.3913],[-40.4784,-9.3895],[-40.4775,-9.3889],[-40.4752,-9.3873],[-40.4746,-9.3878],[-40.4695,-9.3912],[-40.4652,-9.394],[-40.4631,-9.3958],[-40.4629,-9.3962],[-40.4654,-9.397]]]}},{"type":"Feature","properties":{"c":"b430","b":430,"n":"Cohab-Massangano","m":"2611101","cx":-40.5359,"cy":-9.3837},"geometry":{"type":"Polygon","coordinates":[[[-40.5427,-9.3855],[-40.5408,-9.3806],[-40.5404,-9.3798],[-40.5388,-9.3774],[-40.5387,-9.3767],[-40.538,-9.3759],[-40.5376,-9.376],[-40.5348,-9.3787],[-40.5303,-9.383],[-40.5292,-9.3844],[-40.5281,-9.3852],[-40.5267,-9.3865],[-40.526,-9.3875],[-40.5253,-9.3901],[-40.5246,-9.3918],[-40.5261,-9.3925],[-40.5267,-9.3927],[-40.5293,-9.3928],[-40.5295,-9.3882],[-40.5304,-9.3881],[-40.5319,-9.3876],[-40.5363,-9.3858],[-40.5376,-9.3864],[-40.5429,-9.3866],[-40.5427,-9.3855]]]}},{"type":"Feature","properties":{"c":"b431","b":431,"n":"Cohab-São Francisco","m":"2611101","cx":-40.5626,"cy":-9.4025},"geometry":{"type":"Polygon","coordinates":[[[-40.5393,-9.4152],[-40.5403,-9.4164],[-40.5413,-9.4178],[-40.5434,-9.4213],[-40.5438,-9.4223],[-40.5455,-9.4204],[-40.5464,-9.4197],[-40.5468,-9.42],[-40.5473,-9.4199],[-40.5485,-9.4171],[-40.5495,-9.4168],[-40.5504,-9.4169],[-40.551,-9.4175],[-40.5524,-9.4193],[-40.5535,-9.4203],[-40.5558,-9.4221],[-40.557,-9.4227],[-40.5583,-9.4226],[-40.5588,-9.4223],[-40.5607,-9.4202],[-40.5613,-9.4198],[-40.5629,-9.4195],[-40.5643,-9.4203],[-40.5652,-9.4205],[-40.5673,-9.4213],[-40.5678,-9.4214],[-40.5689,-9.4211],[-40.572,-9.4191],[-40.5729,-9.4184],[-40.5728,-9.4179],[-40.5733,-9.4176],[-40.5745,-9.4164],[-40.575,-9.4165],[-40.5756,-9.4161],[-40.5758,-9.4151],[-40.5763,-9.4144],[-40.5765,-9.4135],[-40.5773,-9.4128],[-40.5783,-9.4124],[-40.5812,-9.4102],[-40.5825,-9.4074],[-40.5837,-9.4042],[-40.5838,-9.4033],[-40.5825,-9.3979],[-40.5823,-9.3962],[-40.5818,-9.3949],[-40.5816,-9.3938],[-40.581,-9.3926],[-40.5743,-9.3925],[-40.5649,-9.3925],[-40.5604,-9.3862],[-40.5573,-9.382],[-40.5563,-9.3823],[-40.5569,-9.3835],[-40.557,-9.3845],[-40.5582,-9.3872],[-40.56,-9.391],[-40.5584,-9.391],[-40.5562,-9.3907],[-40.5533,-9.3916],[-40.5515,-9.3923],[-40.5506,-9.3928],[-40.5505,-9.3924],[-40.5487,-9.393],[-40.5477,-9.3901],[-40.5446,-9.39],[-40.5446,-9.3896],[-40.5442,-9.3896],[-40.5443,-9.3902],[-40.5434,-9.39],[-40.5436,-9.3917],[-40.5435,-9.3937],[-40.5432,-9.396],[-40.5428,-9.3975],[-40.5418,-9.4009],[-40.5419,-9.4017],[-40.5404,-9.4053],[-40.539,-9.4085],[-40.539,-9.4089],[-40.538,-9.4112],[-40.5397,-9.4123],[-40.5388,-9.4136],[-40.5384,-9.4145],[-40.5393,-9.4152]]]}},{"type":"Feature","properties":{"c":"b432","b":432,"n":"Cosme e Damião","m":"2611101","cx":-40.5475,"cy":-9.3667},"geometry":{"type":"Polygon","coordinates":[[[-40.5508,-9.3595],[-40.5508,-9.3583],[-40.5485,-9.3572],[-40.5438,-9.3652],[-40.5421,-9.3682],[-40.5396,-9.3723],[-40.5386,-9.3738],[-40.5377,-9.3754],[-40.538,-9.3759],[-40.5396,-9.3744],[-40.5403,-9.3736],[-40.5416,-9.3723],[-40.5434,-9.3713],[-40.5446,-9.371],[-40.5512,-9.3706],[-40.5528,-9.3706],[-40.5508,-9.3595]]]}},{"type":"Feature","properties":{"c":"b433","b":433,"n":"Distrito Industrial","m":"2611101","cx":-40.5271,"cy":-9.3989},"geometry":{"type":"Polygon","coordinates":[[[-40.5121,-9.3973],[-40.5117,-9.4004],[-40.5117,-9.402],[-40.513,-9.4024],[-40.5143,-9.4024],[-40.5163,-9.4022],[-40.5172,-9.4024],[-40.5173,-9.4028],[-40.5178,-9.4026],[-40.5183,-9.4034],[-40.519,-9.4032],[-40.5206,-9.4037],[-40.5201,-9.4031],[-40.5214,-9.4037],[-40.5223,-9.4048],[-40.5225,-9.4047],[-40.5244,-9.4055],[-40.5263,-9.4071],[-40.5292,-9.4081],[-40.5298,-9.4087],[-40.5308,-9.4091],[-40.5326,-9.4109],[-40.5331,-9.4123],[-40.5339,-9.4129],[-40.5349,-9.4132],[-40.5353,-9.4128],[-40.5364,-9.4131],[-40.5373,-9.4138],[-40.5378,-9.4144],[-40.5384,-9.4145],[-40.5388,-9.4136],[-40.5397,-9.4123],[-40.538,-9.4112],[-40.539,-9.4089],[-40.539,-9.4085],[-40.5404,-9.4053],[-40.5419,-9.4017],[-40.5418,-9.4009],[-40.5428,-9.3975],[-40.5432,-9.396],[-40.5435,-9.3937],[-40.5436,-9.3917],[-40.5434,-9.39],[-40.5429,-9.3866],[-40.5376,-9.3864],[-40.5363,-9.3858],[-40.5319,-9.3876],[-40.5304,-9.3881],[-40.5295,-9.3882],[-40.5293,-9.3928],[-40.5267,-9.3927],[-40.5261,-9.3925],[-40.5246,-9.3918],[-40.5239,-9.3925],[-40.5217,-9.3942],[-40.5193,-9.3955],[-40.5169,-9.3964],[-40.5152,-9.3967],[-40.5121,-9.3973]]]}},{"type":"Feature","properties":{"c":"b434","b":434,"n":"Dom Avelar","m":"2611101","cx":-40.4924,"cy":-9.3569},"geometry":{"type":"Polygon","coordinates":[[[-40.4882,-9.3678],[-40.4891,-9.3694],[-40.4922,-9.3669],[-40.4945,-9.3649],[-40.4974,-9.3626],[-40.4989,-9.3645],[-40.4999,-9.3636],[-40.5031,-9.361],[-40.5028,-9.3606],[-40.5037,-9.3599],[-40.5076,-9.3544],[-40.5078,-9.3549],[-40.5087,-9.3513],[-40.5006,-9.3487],[-40.4949,-9.3468],[-40.4926,-9.3462],[-40.4885,-9.3453],[-40.4851,-9.3448],[-40.4824,-9.3446],[-40.4808,-9.3446],[-40.478,-9.3447],[-40.4761,-9.3453],[-40.4735,-9.3464],[-40.4742,-9.3477],[-40.4778,-9.3546],[-40.4799,-9.3589],[-40.4834,-9.3655],[-40.4854,-9.3693],[-40.4882,-9.3678]]]}},{"type":"Feature","properties":{"c":"b435","b":435,"n":"Dom Malan","m":"2611101","cx":-40.4969,"cy":-9.3815},"geometry":{"type":"Polygon","coordinates":[[[-40.4963,-9.379],[-40.4965,-9.3839],[-40.4929,-9.3841],[-40.493,-9.3876],[-40.4966,-9.3862],[-40.4986,-9.3851],[-40.4963,-9.3776],[-40.496,-9.3771],[-40.4963,-9.379]]]}},{"type":"Feature","properties":{"c":"b436","b":436,"n":"Gercino Coelho","m":"2611101","cx":-40.5136,"cy":-9.3911},"geometry":{"type":"Polygon","coordinates":[[[-40.519,-9.3914],[-40.5185,-9.3897],[-40.5174,-9.3875],[-40.517,-9.3871],[-40.51,-9.3851],[-40.5089,-9.3892],[-40.5088,-9.3892],[-40.5084,-9.3909],[-40.5067,-9.3946],[-40.5064,-9.3957],[-40.5059,-9.3963],[-40.5064,-9.3968],[-40.5072,-9.3956],[-40.508,-9.3951],[-40.5091,-9.3947],[-40.5099,-9.3947],[-40.5105,-9.3942],[-40.5133,-9.3933],[-40.519,-9.3914]]]}},{"type":"Feature","properties":{"c":"b437","b":437,"n":"Jardim Amazonas","m":"2611101","cx":-40.5294,"cy":-9.3806},"geometry":{"type":"Polygon","coordinates":[[[-40.5279,-9.3758],[-40.5251,-9.3825],[-40.5243,-9.3846],[-40.5239,-9.3863],[-40.5248,-9.3871],[-40.5249,-9.3879],[-40.5256,-9.3872],[-40.526,-9.3875],[-40.5267,-9.3865],[-40.5281,-9.3852],[-40.5292,-9.3844],[-40.5303,-9.383],[-40.5348,-9.3787],[-40.5279,-9.3758]]]}},{"type":"Feature","properties":{"c":"b438","b":438,"n":"Jardim Maravilha","m":"2611101","cx":-40.5173,"cy":-9.3857},"geometry":{"type":"Polygon","coordinates":[[[-40.511,-9.3807],[-40.5099,-9.385],[-40.51,-9.3851],[-40.517,-9.3871],[-40.5174,-9.3875],[-40.5185,-9.3897],[-40.519,-9.3914],[-40.5223,-9.3902],[-40.5233,-9.3896],[-40.5245,-9.3884],[-40.5249,-9.3879],[-40.5248,-9.3871],[-40.5239,-9.3863],[-40.5202,-9.3847],[-40.5183,-9.3839],[-40.5141,-9.382],[-40.511,-9.3807]]]}},{"type":"Feature","properties":{"c":"b439","b":439,"n":"Jardim São Paulo","m":"2611101","cx":-40.5364,"cy":-9.3678},"geometry":{"type":"Polygon","coordinates":[[[-40.5329,-9.3703],[-40.5372,-9.3745],[-40.5377,-9.3754],[-40.5386,-9.3738],[-40.5396,-9.3723],[-40.5421,-9.3682],[-40.5438,-9.3652],[-40.5404,-9.3627],[-40.5409,-9.3613],[-40.5414,-9.3609],[-40.5402,-9.3606],[-40.5386,-9.3612],[-40.5371,-9.3628],[-40.5366,-9.3644],[-40.5348,-9.3643],[-40.535,-9.3651],[-40.5349,-9.3655],[-40.5333,-9.366],[-40.5314,-9.3671],[-40.53,-9.3673],[-40.5329,-9.3703]]]}},{"type":"Feature","properties":{"c":"b440","b":440,"n":"Jatobá","m":"2611101","cx":-40.4623,"cy":-9.3893},"geometry":{"type":"MultiPolygon","coordinates":[[[[-40.4737,-9.3864],[-40.465,-9.3803],[-40.4644,-9.3808],[-40.4641,-9.3806],[-40.4627,-9.382],[-40.4617,-9.3828],[-40.4584,-9.3852],[-40.4578,-9.385],[-40.457,-9.3853],[-40.4566,-9.3843],[-40.4543,-9.3863],[-40.4529,-9.3872],[-40.4522,-9.3872],[-40.4513,-9.3879],[-40.4518,-9.3888],[-40.4529,-9.3899],[-40.4556,-9.3917],[-40.4559,-9.392],[-40.4573,-9.3933],[-40.4581,-9.3943],[-40.4587,-9.3959],[-40.4594,-9.3966],[-40.46,-9.3979],[-40.4605,-9.3977],[-40.4629,-9.3962],[-40.4631,-9.3958],[-40.4652,-9.394],[-40.4695,-9.3912],[-40.4746,-9.3878],[-40.4752,-9.3873],[-40.4737,-9.3864]]],[[[-40.4573,-9.395],[-40.4574,-9.3946],[-40.4567,-9.3934],[-40.4548,-9.3916],[-40.4537,-9.391],[-40.4526,-9.3899],[-40.4516,-9.389],[-40.4516,-9.3896],[-40.4524,-9.3914],[-40.4527,-9.3926],[-40.4531,-9.3933],[-40.4539,-9.3944],[-40.4549,-9.3951],[-40.4566,-9.3955],[-40.4578,-9.3961],[-40.4583,-9.3961],[-40.4579,-9.3952],[-40.4573,-9.395]]]]}},{"type":"Feature","properties":{"c":"b441","b":441,"n":"José e Maria","m":"2611101","cx":-40.4957,"cy":-9.3713},"geometry":{"type":"Polygon","coordinates":[[[-40.4872,-9.3727],[-40.4887,-9.3743],[-40.4899,-9.3751],[-40.4895,-9.375],[-40.4908,-9.3756],[-40.4959,-9.3765],[-40.5048,-9.3781],[-40.5059,-9.3784],[-40.5078,-9.3792],[-40.511,-9.3807],[-40.5116,-9.3789],[-40.5093,-9.3763],[-40.5072,-9.3738],[-40.5066,-9.3733],[-40.5037,-9.3699],[-40.502,-9.3691],[-40.5013,-9.3686],[-40.5002,-9.3675],[-40.501,-9.3669],[-40.4989,-9.3645],[-40.4974,-9.3626],[-40.4945,-9.3649],[-40.4922,-9.3669],[-40.4891,-9.3694],[-40.4882,-9.3678],[-40.4854,-9.3693],[-40.4872,-9.3727]]]}},{"type":"Feature","properties":{"c":"b442","b":442,"n":"João de Deus","m":"2611101","cx":-40.5346,"cy":-9.353},"geometry":{"type":"Polygon","coordinates":[[[-40.5485,-9.3572],[-40.5497,-9.3552],[-40.5522,-9.3508],[-40.5509,-9.3504],[-40.5502,-9.3499],[-40.5465,-9.3482],[-40.5454,-9.35],[-40.5437,-9.3509],[-40.5434,-9.3509],[-40.542,-9.3501],[-40.5418,-9.3504],[-40.5392,-9.3489],[-40.5391,-9.3489],[-40.5368,-9.3477],[-40.5372,-9.3468],[-40.5354,-9.3455],[-40.5347,-9.3466],[-40.534,-9.3463],[-40.534,-9.3455],[-40.5334,-9.3453],[-40.5321,-9.3442],[-40.5312,-9.3439],[-40.5265,-9.3412],[-40.5245,-9.3403],[-40.5219,-9.3404],[-40.522,-9.3409],[-40.5213,-9.3419],[-40.5212,-9.3425],[-40.5201,-9.3468],[-40.5191,-9.35],[-40.5177,-9.3554],[-40.5196,-9.3572],[-40.5264,-9.3639],[-40.5289,-9.3663],[-40.53,-9.3673],[-40.5314,-9.3671],[-40.5333,-9.366],[-40.5349,-9.3655],[-40.535,-9.3651],[-40.5348,-9.3643],[-40.5366,-9.3644],[-40.5371,-9.3628],[-40.5386,-9.3612],[-40.5402,-9.3606],[-40.5414,-9.3609],[-40.5409,-9.3613],[-40.5404,-9.3627],[-40.5438,-9.3652],[-40.5485,-9.3572]]]}},{"type":"Feature","properties":{"c":"b443","b":443,"n":"Km 2","m":"2611101","cx":-40.5071,"cy":-9.3818},"geometry":{"type":"Polygon","coordinates":[[[-40.511,-9.3807],[-40.5078,-9.3792],[-40.5073,-9.38],[-40.5062,-9.3808],[-40.5034,-9.3812],[-40.5036,-9.3825],[-40.5055,-9.3837],[-40.5071,-9.3842],[-40.5099,-9.385],[-40.511,-9.3807]]]}},{"type":"Feature","properties":{"c":"b444","b":444,"n":"Loteamento Recife","m":"2611101","cx":-40.4744,"cy":-9.3626},"geometry":{"type":"Polygon","coordinates":[[[-40.471,-9.3529],[-40.4684,-9.3572],[-40.4677,-9.3582],[-40.4657,-9.3617],[-40.4683,-9.3635],[-40.4701,-9.3646],[-40.4789,-9.3707],[-40.4874,-9.3765],[-40.4877,-9.3755],[-40.4885,-9.3753],[-40.4895,-9.375],[-40.4899,-9.3751],[-40.4887,-9.3743],[-40.4872,-9.3727],[-40.4854,-9.3693],[-40.4834,-9.3655],[-40.4799,-9.3589],[-40.4778,-9.3546],[-40.4742,-9.3477],[-40.471,-9.3529]]]}},{"type":"Feature","properties":{"c":"b445","b":445,"n":"Maria Auxiliadora","m":"2611101","cx":-40.493,"cy":-9.3886},"geometry":{"type":"Polygon","coordinates":[[[-40.5031,-9.3834],[-40.5027,-9.3829],[-40.4986,-9.3851],[-40.4966,-9.3862],[-40.493,-9.3876],[-40.4909,-9.3884],[-40.4892,-9.3894],[-40.4893,-9.3927],[-40.4898,-9.3943],[-40.4904,-9.3941],[-40.4905,-9.3923],[-40.4951,-9.3888],[-40.4964,-9.3878],[-40.498,-9.3867],[-40.4993,-9.3872],[-40.5031,-9.3834]]]}},{"type":"Feature","properties":{"c":"b446","b":446,"n":"Ouro Preto","m":"2611101","cx":-40.5193,"cy":-9.3817},"geometry":{"type":"Polygon","coordinates":[[[-40.5245,-9.3821],[-40.5239,-9.3811],[-40.5227,-9.3804],[-40.5226,-9.3795],[-40.5235,-9.3776],[-40.5221,-9.3771],[-40.5216,-9.3779],[-40.521,-9.3773],[-40.5201,-9.377],[-40.5193,-9.3778],[-40.517,-9.3811],[-40.5166,-9.3815],[-40.5147,-9.3807],[-40.5141,-9.382],[-40.5183,-9.3839],[-40.5202,-9.3847],[-40.5239,-9.3863],[-40.5243,-9.3846],[-40.5251,-9.3825],[-40.5245,-9.3821]]]}},{"type":"Feature","properties":{"c":"b447","b":447,"n":"Palhinhas","m":"2611101","cx":-40.5205,"cy":-9.3922},"geometry":{"type":"Polygon","coordinates":[[[-40.5256,-9.3872],[-40.5249,-9.3879],[-40.5245,-9.3884],[-40.5233,-9.3896],[-40.5223,-9.3902],[-40.519,-9.3914],[-40.5133,-9.3933],[-40.5142,-9.3939],[-40.5152,-9.3967],[-40.5169,-9.3964],[-40.5193,-9.3955],[-40.5217,-9.3942],[-40.5239,-9.3925],[-40.5246,-9.3918],[-40.5253,-9.3901],[-40.526,-9.3875],[-40.5256,-9.3872]]]}},{"type":"Feature","properties":{"c":"b448","b":448,"n":"Pedra do Bode","m":"2611101","cx":-40.4785,"cy":-9.4029},"geometry":{"type":"MultiPolygon","coordinates":[[[[-40.4708,-9.421],[-40.4725,-9.4208],[-40.475,-9.4198],[-40.4761,-9.4192],[-40.4796,-9.4171],[-40.4808,-9.4162],[-40.4817,-9.4154],[-40.4827,-9.4142],[-40.482,-9.4135],[-40.4801,-9.4136],[-40.4776,-9.4135],[-40.4713,-9.4135],[-40.4694,-9.4137],[-40.4671,-9.4136],[-40.4649,-9.4132],[-40.4653,-9.4149],[-40.4652,-9.4157],[-40.4662,-9.418],[-40.4676,-9.4202],[-40.4682,-9.4205],[-40.4708,-9.421]]],[[[-40.4605,-9.3977],[-40.46,-9.3979],[-40.4605,-9.3992],[-40.4609,-9.3996],[-40.461,-9.4002],[-40.4619,-9.4016],[-40.4623,-9.402],[-40.4637,-9.4026],[-40.4645,-9.4033],[-40.4674,-9.4052],[-40.4697,-9.4064],[-40.4703,-9.4069],[-40.4714,-9.4075],[-40.4727,-9.4079],[-40.4736,-9.4084],[-40.4753,-9.409],[-40.477,-9.4093],[-40.4793,-9.4093],[-40.4802,-9.409],[-40.4806,-9.4086],[-40.4826,-9.4083],[-40.4863,-9.4075],[-40.4879,-9.4068],[-40.489,-9.4066],[-40.4907,-9.4064],[-40.4911,-9.4066],[-40.4926,-9.4064],[-40.493,-9.4058],[-40.4935,-9.4062],[-40.4945,-9.406],[-40.4945,-9.4054],[-40.4939,-9.4031],[-40.4859,-9.401],[-40.4835,-9.4003],[-40.4826,-9.3999],[-40.4788,-9.4007],[-40.4778,-9.4009],[-40.4768,-9.4008],[-40.4714,-9.3989],[-40.4686,-9.398],[-40.4654,-9.397],[-40.4629,-9.3962],[-40.4605,-9.3977]]],[[[-40.4539,-9.4014],[-40.4547,-9.403],[-40.4555,-9.4039],[-40.4575,-9.406],[-40.4589,-9.407],[-40.461,-9.4089],[-40.4628,-9.4099],[-40.4638,-9.4097],[-40.4643,-9.4093],[-40.4643,-9.4089],[-40.463,-9.4083],[-40.4626,-9.4076],[-40.4609,-9.4051],[-40.4607,-9.4043],[-40.4576,-9.4013],[-40.4563,-9.4004],[-40.4551,-9.399],[-40.4532,-9.3971],[-40.453,-9.3971],[-40.4535,-9.4003],[-40.4539,-9.4014]]]]}},{"type":"Feature","properties":{"c":"b449","b":449,"n":"Pedro Raimundo","m":"2611101","cx":-40.5249,"cy":-9.3733},"geometry":{"type":"Polygon","coordinates":[[[-40.5284,-9.3745],[-40.5294,-9.3728],[-40.5296,-9.3692],[-40.53,-9.3673],[-40.5289,-9.3663],[-40.5264,-9.3639],[-40.5263,-9.3647],[-40.5249,-9.3669],[-40.5238,-9.3685],[-40.5226,-9.3704],[-40.5223,-9.3713],[-40.5204,-9.3738],[-40.5199,-9.3749],[-40.5211,-9.3754],[-40.5209,-9.3759],[-40.5201,-9.3767],[-40.5201,-9.377],[-40.521,-9.3773],[-40.5216,-9.3779],[-40.5221,-9.3771],[-40.5235,-9.3776],[-40.5226,-9.3795],[-40.5227,-9.3804],[-40.5239,-9.3811],[-40.5245,-9.3821],[-40.5251,-9.3825],[-40.5279,-9.3758],[-40.5284,-9.3745]]]}},{"type":"Feature","properties":{"c":"b450","b":450,"n":"Serrote do Urubu","m":"2611101","cx":-40.4437,"cy":-9.3562},"geometry":{"type":"MultiPolygon","coordinates":[[[[-40.4389,-9.3653],[-40.4393,-9.3668],[-40.4402,-9.3681],[-40.4398,-9.3682],[-40.4399,-9.3688],[-40.4406,-9.3696],[-40.4409,-9.3705],[-40.4416,-9.3718],[-40.4422,-9.3725],[-40.4435,-9.3744],[-40.4435,-9.3748],[-40.4444,-9.3757],[-40.4447,-9.3749],[-40.4445,-9.3743],[-40.4442,-9.3746],[-40.4434,-9.3721],[-40.4426,-9.3704],[-40.4421,-9.3684],[-40.4421,-9.3676],[-40.4415,-9.3658],[-40.4401,-9.3635],[-40.4391,-9.3621],[-40.4372,-9.3602],[-40.437,-9.3602],[-40.4375,-9.3626],[-40.4389,-9.3653]]],[[[-40.4479,-9.3703],[-40.4482,-9.3701],[-40.4504,-9.3694],[-40.4507,-9.3696],[-40.4529,-9.3687],[-40.453,-9.3685],[-40.4512,-9.365],[-40.4505,-9.3636],[-40.4496,-9.3605],[-40.4491,-9.3591],[-40.4467,-9.3551],[-40.4461,-9.3543],[-40.4406,-9.3493],[-40.4386,-9.3477],[-40.4352,-9.3451],[-40.4332,-9.3437],[-40.4322,-9.3431],[-40.4311,-9.3427],[-40.4294,-9.3427],[-40.4255,-9.3431],[-40.4245,-9.3429],[-40.4232,-9.3425],[-40.421,-9.3416],[-40.4211,-9.3428],[-40.421,-9.3471],[-40.4215,-9.3468],[-40.4234,-9.3468],[-40.4252,-9.347],[-40.4278,-9.3479],[-40.4288,-9.3486],[-40.4301,-9.3497],[-40.4306,-9.3498],[-40.4318,-9.3508],[-40.4326,-9.3511],[-40.4343,-9.3522],[-40.4358,-9.3534],[-40.4365,-9.3536],[-40.4375,-9.3542],[-40.4382,-9.3549],[-40.4382,-9.3554],[-40.4393,-9.3559],[-40.4393,-9.3561],[-40.4408,-9.3564],[-40.441,-9.3571],[-40.4415,-9.3576],[-40.4425,-9.3596],[-40.443,-9.36],[-40.443,-9.3603],[-40.444,-9.3624],[-40.4443,-9.3636],[-40.4446,-9.3639],[-40.4448,-9.3648],[-40.4451,-9.3654],[-40.4453,-9.3663],[-40.4457,-9.3673],[-40.4458,-9.3686],[-40.4459,-9.3708],[-40.4479,-9.3703]]],[[[-40.4328,-9.3533],[-40.4327,-9.3535],[-40.4339,-9.3548],[-40.4348,-9.3562],[-40.4351,-9.3562],[-40.4367,-9.3577],[-40.4376,-9.3587],[-40.4387,-9.3593],[-40.4395,-9.3601],[-40.4402,-9.3604],[-40.4397,-9.3588],[-40.4385,-9.3572],[-40.4368,-9.3557],[-40.4355,-9.3548],[-40.4328,-9.3533]]],[[[-40.4282,-9.3527],[-40.4307,-9.3533],[-40.4308,-9.3531],[-40.4301,-9.3525],[-40.4278,-9.3513],[-40.4255,-9.3506],[-40.4252,-9.3507],[-40.4282,-9.3527]]],[[[-40.4251,-9.3527],[-40.4249,-9.352],[-40.423,-9.3515],[-40.4225,-9.3518],[-40.4241,-9.3524],[-40.4251,-9.3527]]],[[[-40.4357,-9.3601],[-40.4354,-9.3602],[-40.4359,-9.3615],[-40.4361,-9.3611],[-40.4357,-9.3601]]]]}},{"type":"Feature","properties":{"c":"b451","b":451,"n":"São Gonçalo","m":"2611101","cx":-40.5481,"cy":-9.3815},"geometry":{"type":"Polygon","coordinates":[[[-40.5553,-9.3826],[-40.5548,-9.3798],[-40.5546,-9.3792],[-40.5542,-9.3762],[-40.5535,-9.3759],[-40.5533,-9.3753],[-40.553,-9.3736],[-40.5528,-9.3706],[-40.5512,-9.3706],[-40.5446,-9.371],[-40.5434,-9.3713],[-40.5416,-9.3723],[-40.5403,-9.3736],[-40.5396,-9.3744],[-40.538,-9.3759],[-40.5387,-9.3767],[-40.5388,-9.3774],[-40.5404,-9.3798],[-40.5408,-9.3806],[-40.5427,-9.3855],[-40.5429,-9.3866],[-40.5434,-9.39],[-40.5443,-9.3902],[-40.5442,-9.3896],[-40.5446,-9.3896],[-40.5446,-9.39],[-40.5477,-9.3901],[-40.5487,-9.393],[-40.5505,-9.3924],[-40.5506,-9.3928],[-40.5515,-9.3923],[-40.5533,-9.3916],[-40.5562,-9.3907],[-40.5584,-9.391],[-40.56,-9.391],[-40.5582,-9.3872],[-40.557,-9.3845],[-40.5569,-9.3835],[-40.5563,-9.3823],[-40.5553,-9.3826]]]}},{"type":"Feature","properties":{"c":"b452","b":452,"n":"São José","m":"2611101","cx":-40.4871,"cy":-9.3963},"geometry":{"type":"Polygon","coordinates":[[[-40.4882,-9.39],[-40.4839,-9.3934],[-40.4831,-9.3954],[-40.4833,-9.3968],[-40.484,-9.3981],[-40.4849,-9.3986],[-40.4864,-9.3991],[-40.4859,-9.401],[-40.4939,-9.4031],[-40.4923,-9.4003],[-40.493,-9.3998],[-40.4907,-9.3959],[-40.4898,-9.3943],[-40.4893,-9.3927],[-40.4892,-9.3894],[-40.4882,-9.39]]]}},{"type":"Feature","properties":{"c":"b453","b":453,"n":"Topázio","m":"2611101","cx":-40.4812,"cy":-9.3315},"geometry":{"type":"Polygon","coordinates":[[[-40.4735,-9.3464],[-40.4761,-9.3453],[-40.478,-9.3447],[-40.4808,-9.3446],[-40.4824,-9.3446],[-40.4851,-9.3448],[-40.4885,-9.3453],[-40.4926,-9.3462],[-40.4949,-9.3468],[-40.5006,-9.3487],[-40.5087,-9.3513],[-40.5149,-9.3533],[-40.5161,-9.3539],[-40.5177,-9.3554],[-40.5191,-9.35],[-40.5201,-9.3468],[-40.5212,-9.3425],[-40.5213,-9.3419],[-40.522,-9.3409],[-40.5219,-9.3404],[-40.5129,-9.338],[-40.51,-9.3382],[-40.5096,-9.3381],[-40.5073,-9.337],[-40.4987,-9.3326],[-40.4722,-9.3192],[-40.4722,-9.3184],[-40.473,-9.3157],[-40.4743,-9.3107],[-40.4735,-9.3102],[-40.4721,-9.3099],[-40.4711,-9.3093],[-40.4705,-9.31],[-40.4696,-9.3105],[-40.4673,-9.312],[-40.4666,-9.3122],[-40.4663,-9.3114],[-40.4665,-9.3099],[-40.4655,-9.3105],[-40.4645,-9.3115],[-40.4636,-9.3127],[-40.4624,-9.3134],[-40.4616,-9.3132],[-40.461,-9.316],[-40.4592,-9.3138],[-40.4547,-9.3083],[-40.4541,-9.3085],[-40.4542,-9.3088],[-40.4617,-9.3235],[-40.4653,-9.3304],[-40.4735,-9.3464]]]}},{"type":"Feature","properties":{"c":"b454","b":454,"n":"Vila Eduardo","m":"2611101","cx":-40.4869,"cy":-9.3815},"geometry":{"type":"Polygon","coordinates":[[[-40.4839,-9.3934],[-40.4882,-9.39],[-40.4892,-9.3894],[-40.4889,-9.3851],[-40.4884,-9.3755],[-40.4885,-9.3753],[-40.4877,-9.3755],[-40.4874,-9.3765],[-40.4868,-9.378],[-40.4812,-9.3898],[-40.4808,-9.3913],[-40.4839,-9.3934]]]}},{"type":"Feature","properties":{"c":"b455","b":455,"n":"Vila Mocó","m":"2611101","cx":-40.505,"cy":-9.3861},"geometry":{"type":"Polygon","coordinates":[[[-40.5089,-9.3892],[-40.51,-9.3851],[-40.5099,-9.385],[-40.5071,-9.3842],[-40.5055,-9.3837],[-40.5036,-9.3825],[-40.5027,-9.3829],[-40.5031,-9.3834],[-40.4993,-9.3872],[-40.5002,-9.3873],[-40.501,-9.3878],[-40.5014,-9.3886],[-40.5024,-9.39],[-40.5037,-9.3897],[-40.5041,-9.3892],[-40.5071,-9.3889],[-40.5088,-9.3892],[-40.5089,-9.3892]]]}},{"type":"Feature","properties":{"c":"b456","b":456,"n":"Zona Militar","m":"2611101","cx":-40.4726,"cy":-9.3759},"geometry":{"type":"Polygon","coordinates":[[[-40.465,-9.3803],[-40.4737,-9.3864],[-40.4752,-9.3873],[-40.4775,-9.3889],[-40.4784,-9.3895],[-40.4808,-9.3913],[-40.4812,-9.3898],[-40.4868,-9.378],[-40.4874,-9.3765],[-40.4789,-9.3707],[-40.4701,-9.3646],[-40.4683,-9.3635],[-40.4657,-9.3617],[-40.4649,-9.3611],[-40.4579,-9.3754],[-40.465,-9.3803]]]}},{"type":"Feature","properties":{"c":"b457","b":457,"n":"Deputado Edgar Lins Cavalcante","m":"2611507","cx":-36.0112,"cy":-8.8136},"geometry":{"type":"Polygon","coordinates":[[[-36.0106,-8.8158],[-36.0115,-8.8154],[-36.0119,-8.8155],[-36.0117,-8.8147],[-36.0119,-8.8144],[-36.0119,-8.8129],[-36.0124,-8.8127],[-36.0123,-8.8112],[-36.0118,-8.8114],[-36.011,-8.8112],[-36.0106,-8.813],[-36.0105,-8.8142],[-36.0092,-8.8134],[-36.0087,-8.8138],[-36.0082,-8.8152],[-36.0083,-8.8157],[-36.0099,-8.8158],[-36.0106,-8.8158]]]}},{"type":"Feature","properties":{"c":"b458","b":458,"n":"Edson Lira Paula","m":"2611507","cx":-36.0103,"cy":-8.8174},"geometry":{"type":"Polygon","coordinates":[[[-36.0096,-8.8178],[-36.0096,-8.8198],[-36.0109,-8.8196],[-36.0115,-8.8188],[-36.0111,-8.8182],[-36.0109,-8.8169],[-36.0119,-8.8155],[-36.0115,-8.8154],[-36.0106,-8.8158],[-36.0099,-8.8158],[-36.0096,-8.8178]]]}},{"type":"Feature","properties":{"c":"b459","b":459,"n":"Aflitos","m":"2611606","cx":-34.8959,"cy":-8.0406},"geometry":{"type":"Polygon","coordinates":[[[-34.8938,-8.0415],[-34.8947,-8.0426],[-34.8958,-8.0431],[-34.8974,-8.0436],[-34.8982,-8.0414],[-34.8994,-8.0396],[-34.8981,-8.037],[-34.8957,-8.0379],[-34.8943,-8.0383],[-34.8946,-8.0393],[-34.8937,-8.0397],[-34.8925,-8.0399],[-34.8938,-8.0415]]]}},{"type":"Feature","properties":{"c":"b460","b":460,"n":"Afogados","m":"2611606","cx":-34.9104,"cy":-8.0764},"geometry":{"type":"Polygon","coordinates":[[[-34.9028,-8.0775],[-34.9021,-8.0794],[-34.902,-8.0797],[-34.9013,-8.0819],[-34.9009,-8.0824],[-34.9001,-8.0827],[-34.8994,-8.0827],[-34.9005,-8.0834],[-34.9023,-8.0841],[-34.9033,-8.0846],[-34.9069,-8.0837],[-34.909,-8.0832],[-34.9098,-8.0834],[-34.9105,-8.0841],[-34.9118,-8.0862],[-34.9128,-8.0876],[-34.9138,-8.0885],[-34.9146,-8.0888],[-34.9165,-8.0888],[-34.9169,-8.0878],[-34.9168,-8.087],[-34.9178,-8.0853],[-34.9187,-8.0848],[-34.9212,-8.0839],[-34.9221,-8.0834],[-34.923,-8.0838],[-34.9232,-8.0835],[-34.9228,-8.083],[-34.9231,-8.0827],[-34.9244,-8.084],[-34.9254,-8.0837],[-34.9245,-8.0829],[-34.9222,-8.0815],[-34.9226,-8.0798],[-34.922,-8.0796],[-34.9175,-8.0784],[-34.9175,-8.0771],[-34.9171,-8.0754],[-34.9174,-8.0753],[-34.9171,-8.0742],[-34.916,-8.0743],[-34.9156,-8.0722],[-34.9152,-8.0723],[-34.9142,-8.071],[-34.9149,-8.0708],[-34.9147,-8.0697],[-34.9142,-8.0681],[-34.9136,-8.0681],[-34.9131,-8.0667],[-34.9129,-8.0668],[-34.912,-8.0639],[-34.9111,-8.0641],[-34.9091,-8.0651],[-34.9077,-8.0655],[-34.9072,-8.0664],[-34.9067,-8.0669],[-34.9051,-8.068],[-34.9061,-8.0687],[-34.9067,-8.07],[-34.9065,-8.0712],[-34.9062,-8.0718],[-34.9054,-8.0723],[-34.9048,-8.0729],[-34.9044,-8.0736],[-34.904,-8.0738],[-34.9042,-8.0747],[-34.9039,-8.0758],[-34.9028,-8.0775]]]}},{"type":"Feature","properties":{"c":"b461","b":461,"n":"Alto José Bonifácio","m":"2611606","cx":-34.9137,"cy":-8.0131},"geometry":{"type":"Polygon","coordinates":[[[-34.9165,-8.0159],[-34.9158,-8.0153],[-34.9166,-8.0148],[-34.9162,-8.0136],[-34.9157,-8.0125],[-34.9155,-8.0114],[-34.9153,-8.0115],[-34.9146,-8.0099],[-34.9123,-8.0075],[-34.9123,-8.0072],[-34.9114,-8.0076],[-34.9107,-8.0081],[-34.9104,-8.0113],[-34.9126,-8.0122],[-34.9116,-8.0129],[-34.9113,-8.0133],[-34.9102,-8.0125],[-34.9103,-8.0139],[-34.9099,-8.0146],[-34.9104,-8.0157],[-34.9102,-8.0165],[-34.9103,-8.018],[-34.9107,-8.0185],[-34.9108,-8.0191],[-34.911,-8.0192],[-34.9115,-8.0183],[-34.9126,-8.018],[-34.9137,-8.0169],[-34.9151,-8.017],[-34.916,-8.0162],[-34.9165,-8.0162],[-34.9165,-8.0159]]]}},{"type":"Feature","properties":{"c":"b462","b":462,"n":"Alto José do Pinho","m":"2611606","cx":-34.9075,"cy":-8.0224},"geometry":{"type":"Polygon","coordinates":[[[-34.9117,-8.0229],[-34.9116,-8.0203],[-34.911,-8.0192],[-34.9108,-8.0191],[-34.9097,-8.0189],[-34.9088,-8.019],[-34.9079,-8.0195],[-34.9082,-8.02],[-34.9074,-8.0204],[-34.906,-8.0207],[-34.9049,-8.0211],[-34.905,-8.0214],[-34.9039,-8.022],[-34.9032,-8.0222],[-34.9039,-8.0232],[-34.9053,-8.0227],[-34.9057,-8.0241],[-34.9067,-8.0248],[-34.9066,-8.0256],[-34.9075,-8.0253],[-34.9119,-8.0241],[-34.9117,-8.0229]]]}},{"type":"Feature","properties":{"c":"b463","b":463,"n":"Alto Santa Terezinha","m":"2611606","cx":-34.9083,"cy":-8.0155},"geometry":{"type":"Polygon","coordinates":[[[-34.9107,-8.0185],[-34.9103,-8.018],[-34.9102,-8.0165],[-34.9104,-8.0157],[-34.9099,-8.0146],[-34.9103,-8.0139],[-34.9102,-8.0125],[-34.9096,-8.0126],[-34.909,-8.0125],[-34.9082,-8.0129],[-34.9073,-8.0138],[-34.9069,-8.0139],[-34.9062,-8.013],[-34.9062,-8.0126],[-34.9055,-8.0119],[-34.9052,-8.0117],[-34.9051,-8.0128],[-34.9053,-8.0135],[-34.9062,-8.0143],[-34.9064,-8.0152],[-34.9062,-8.0168],[-34.906,-8.0174],[-34.9052,-8.0186],[-34.9065,-8.0182],[-34.9066,-8.0179],[-34.9072,-8.0183],[-34.9079,-8.0195],[-34.9088,-8.019],[-34.9097,-8.0189],[-34.9108,-8.0191],[-34.9107,-8.0185]]]}},{"type":"Feature","properties":{"c":"b464","b":464,"n":"Alto do Mandu","m":"2611606","cx":-34.9275,"cy":-8.0226},"geometry":{"type":"Polygon","coordinates":[[[-34.9314,-8.021],[-34.9312,-8.0203],[-34.9305,-8.0201],[-34.9285,-8.0201],[-34.9282,-8.0198],[-34.9288,-8.0184],[-34.9285,-8.0182],[-34.9279,-8.0188],[-34.9267,-8.0199],[-34.9257,-8.0216],[-34.9257,-8.0236],[-34.926,-8.0245],[-34.9264,-8.0248],[-34.9273,-8.025],[-34.9279,-8.0256],[-34.9282,-8.0255],[-34.928,-8.0248],[-34.9285,-8.0238],[-34.9293,-8.0233],[-34.9294,-8.0218],[-34.9308,-8.0215],[-34.9314,-8.0218],[-34.9314,-8.021]]]}},{"type":"Feature","properties":{"c":"b465","b":465,"n":"Apipucos","m":"2611606","cx":-34.9381,"cy":-8.0182},"geometry":{"type":"Polygon","coordinates":[[[-34.9368,-8.0089],[-34.9355,-8.0104],[-34.9343,-8.0116],[-34.9333,-8.012],[-34.9343,-8.0128],[-34.9345,-8.0144],[-34.9349,-8.015],[-34.9348,-8.0157],[-34.9352,-8.0163],[-34.9352,-8.0174],[-34.9342,-8.0183],[-34.9331,-8.0183],[-34.931,-8.0166],[-34.9301,-8.0175],[-34.9299,-8.0192],[-34.9306,-8.0198],[-34.9305,-8.0201],[-34.9312,-8.0203],[-34.9314,-8.021],[-34.9314,-8.0218],[-34.9317,-8.022],[-34.9324,-8.0217],[-34.9337,-8.0213],[-34.9341,-8.0225],[-34.9356,-8.0225],[-34.9367,-8.0224],[-34.9378,-8.0221],[-34.9385,-8.0224],[-34.9385,-8.0229],[-34.9379,-8.0234],[-34.938,-8.0242],[-34.9396,-8.0254],[-34.9404,-8.0262],[-34.9413,-8.0266],[-34.9418,-8.0271],[-34.943,-8.0275],[-34.9428,-8.0231],[-34.9426,-8.0201],[-34.9422,-8.0188],[-34.9419,-8.0181],[-34.94,-8.0154],[-34.9394,-8.0144],[-34.9378,-8.0113],[-34.9376,-8.0105],[-34.9376,-8.009],[-34.9368,-8.0089]]]}},{"type":"Feature","properties":{"c":"b466","b":466,"n":"Areias","m":"2611606","cx":-34.9299,"cy":-8.0949},"geometry":{"type":"Polygon","coordinates":[[[-34.9222,-8.0942],[-34.9217,-8.0947],[-34.9214,-8.0945],[-34.9206,-8.0951],[-34.9207,-8.0953],[-34.9199,-8.0959],[-34.9203,-8.0967],[-34.9218,-8.0976],[-34.9229,-8.0993],[-34.9238,-8.1005],[-34.925,-8.1018],[-34.9255,-8.1021],[-34.9279,-8.1024],[-34.9288,-8.0959],[-34.9329,-8.0997],[-34.9348,-8.0992],[-34.9348,-8.1046],[-34.9363,-8.1045],[-34.9371,-8.1047],[-34.9377,-8.1045],[-34.938,-8.1041],[-34.939,-8.1022],[-34.9399,-8.1009],[-34.9397,-8.0987],[-34.9401,-8.0973],[-34.9392,-8.0952],[-34.9379,-8.0933],[-34.9377,-8.0923],[-34.9366,-8.0921],[-34.9361,-8.0918],[-34.9368,-8.0907],[-34.9373,-8.0882],[-34.9377,-8.0865],[-34.9345,-8.0855],[-34.9322,-8.0848],[-34.9313,-8.0865],[-34.93,-8.088],[-34.9297,-8.089],[-34.9295,-8.0908],[-34.9254,-8.0927],[-34.9222,-8.0942]]]}},{"type":"Feature","properties":{"c":"b467","b":467,"n":"Arruda","m":"2611606","cx":-34.8898,"cy":-8.024},"geometry":{"type":"Polygon","coordinates":[[[-34.8795,-8.0226],[-34.883,-8.0243],[-34.883,-8.0245],[-34.8856,-8.0258],[-34.8876,-8.0272],[-34.8885,-8.0276],[-34.8899,-8.0277],[-34.8952,-8.0281],[-34.8974,-8.027],[-34.8988,-8.0265],[-34.8997,-8.0248],[-34.8988,-8.0241],[-34.8975,-8.0249],[-34.8972,-8.0239],[-34.8971,-8.0238],[-34.8938,-8.0232],[-34.8931,-8.0212],[-34.8909,-8.0219],[-34.8872,-8.0234],[-34.8865,-8.0214],[-34.8856,-8.0197],[-34.885,-8.0201],[-34.8811,-8.0223],[-34.8798,-8.0225],[-34.8795,-8.0226]]]}},{"type":"Feature","properties":{"c":"b468","b":468,"n":"Barro","m":"2611606","cx":-34.9561,"cy":-8.0995},"geometry":{"type":"Polygon","coordinates":[[[-34.948,-8.11],[-34.9515,-8.1106],[-34.9539,-8.1115],[-34.9543,-8.1114],[-34.9546,-8.1108],[-34.9551,-8.1112],[-34.9553,-8.1109],[-34.9564,-8.1116],[-34.9561,-8.1127],[-34.9566,-8.112],[-34.9575,-8.1115],[-34.9593,-8.1106],[-34.9605,-8.1104],[-34.9618,-8.1096],[-34.9619,-8.1091],[-34.9627,-8.1084],[-34.9628,-8.1072],[-34.9633,-8.1065],[-34.9629,-8.106],[-34.9627,-8.1039],[-34.9628,-8.1022],[-34.963,-8.1016],[-34.9627,-8.1015],[-34.9629,-8.1004],[-34.9629,-8.0997],[-34.9623,-8.0996],[-34.962,-8.0987],[-34.9622,-8.0977],[-34.9622,-8.0959],[-34.9614,-8.095],[-34.9612,-8.0946],[-34.961,-8.0951],[-34.9603,-8.095],[-34.9602,-8.0939],[-34.9597,-8.0938],[-34.9595,-8.0933],[-34.959,-8.0931],[-34.959,-8.0926],[-34.9575,-8.0918],[-34.9576,-8.091],[-34.9534,-8.09],[-34.9471,-8.0925],[-34.9468,-8.091],[-34.9468,-8.0895],[-34.9432,-8.0873],[-34.9419,-8.0866],[-34.9405,-8.0864],[-34.939,-8.0866],[-34.9377,-8.0865],[-34.9373,-8.0882],[-34.9368,-8.0907],[-34.9361,-8.0918],[-34.9366,-8.0921],[-34.9377,-8.0923],[-34.9379,-8.0933],[-34.9392,-8.0952],[-34.9401,-8.0973],[-34.9397,-8.0987],[-34.9399,-8.1009],[-34.9404,-8.1005],[-34.942,-8.1],[-34.9429,-8.0993],[-34.9434,-8.0986],[-34.945,-8.0965],[-34.9469,-8.0959],[-34.9476,-8.0955],[-34.9485,-8.0947],[-34.9496,-8.0963],[-34.95,-8.0974],[-34.9501,-8.0993],[-34.9497,-8.1005],[-34.9486,-8.1024],[-34.9484,-8.1029],[-34.9488,-8.1057],[-34.9486,-8.1063],[-34.947,-8.1092],[-34.9469,-8.1095],[-34.948,-8.11]]]}},{"type":"Feature","properties":{"c":"b469","b":469,"n":"Beberibe","m":"2611606","cx":-34.8962,"cy":-8.0056},"geometry":{"type":"Polygon","coordinates":[[[-34.893,-8.0034],[-34.8916,-8.0035],[-34.8927,-8.0058],[-34.8939,-8.0078],[-34.8943,-8.0081],[-34.8959,-8.0077],[-34.8965,-8.0078],[-34.8969,-8.0091],[-34.8982,-8.0099],[-34.899,-8.0075],[-34.8999,-8.0055],[-34.8996,-8.0041],[-34.9005,-8.0038],[-34.8988,-8.0022],[-34.8986,-8.0019],[-34.898,-8.0016],[-34.8973,-8.0016],[-34.8955,-8.0029],[-34.894,-8.0032],[-34.893,-8.0034]]]}},{"type":"Feature","properties":{"c":"b470","b":470,"n":"Boa Viagem","m":"2611606","cx":-34.9034,"cy":-8.127},"geometry":{"type":"Polygon","coordinates":[[[-34.8999,-8.1113],[-34.8996,-8.1105],[-34.8987,-8.1091],[-34.8977,-8.108],[-34.8968,-8.1077],[-34.8948,-8.1078],[-34.8941,-8.1076],[-34.8924,-8.1063],[-34.8925,-8.1061],[-34.8914,-8.1054],[-34.8896,-8.1038],[-34.8889,-8.1041],[-34.8865,-8.0988],[-34.8828,-8.1005],[-34.8832,-8.1015],[-34.8841,-8.1025],[-34.885,-8.1045],[-34.888,-8.1105],[-34.8893,-8.1135],[-34.8906,-8.1153],[-34.8919,-8.1175],[-34.8932,-8.1201],[-34.8945,-8.1221],[-34.8956,-8.1243],[-34.8965,-8.1267],[-34.8973,-8.1287],[-34.8984,-8.1309],[-34.8994,-8.1332],[-34.9006,-8.136],[-34.9013,-8.1383],[-34.9042,-8.1442],[-34.9068,-8.15],[-34.9077,-8.1526],[-34.9088,-8.1551],[-34.9113,-8.1542],[-34.9111,-8.1536],[-34.9119,-8.1533],[-34.9121,-8.1543],[-34.9136,-8.1539],[-34.9125,-8.1522],[-34.9115,-8.1497],[-34.914,-8.1487],[-34.9137,-8.1479],[-34.9145,-8.1476],[-34.9136,-8.1451],[-34.9151,-8.1446],[-34.9168,-8.1438],[-34.918,-8.1431],[-34.9179,-8.1416],[-34.9177,-8.1416],[-34.9166,-8.1348],[-34.9156,-8.1288],[-34.9143,-8.1291],[-34.9135,-8.1299],[-34.914,-8.1316],[-34.9138,-8.1315],[-34.9134,-8.1299],[-34.9125,-8.1301],[-34.9127,-8.1311],[-34.912,-8.131],[-34.9121,-8.1317],[-34.9108,-8.1315],[-34.9101,-8.1274],[-34.9096,-8.1224],[-34.9096,-8.1213],[-34.9082,-8.1192],[-34.9077,-8.1187],[-34.9062,-8.1179],[-34.9056,-8.1174],[-34.9031,-8.1148],[-34.9021,-8.1129],[-34.901,-8.1121],[-34.9005,-8.1112],[-34.8999,-8.1113]]]}},{"type":"Feature","properties":{"c":"b471","b":471,"n":"Boa Vista","m":"2611606","cx":-34.8949,"cy":-8.0555},"geometry":{"type":"Polygon","coordinates":[[[-34.8948,-8.0604],[-34.8945,-8.0598],[-34.8976,-8.0624],[-34.8979,-8.0595],[-34.8979,-8.0581],[-34.8979,-8.0561],[-34.8976,-8.055],[-34.8965,-8.0534],[-34.8951,-8.0515],[-34.894,-8.05],[-34.8905,-8.0456],[-34.89,-8.0451],[-34.8898,-8.0476],[-34.89,-8.0497],[-34.89,-8.0532],[-34.8923,-8.0526],[-34.8914,-8.0544],[-34.8926,-8.0565],[-34.893,-8.059],[-34.8913,-8.0593],[-34.8915,-8.0606],[-34.8902,-8.0604],[-34.8899,-8.0585],[-34.89,-8.0575],[-34.8864,-8.0596],[-34.8862,-8.0592],[-34.887,-8.0578],[-34.8863,-8.0567],[-34.8842,-8.0578],[-34.8828,-8.0578],[-34.8799,-8.0596],[-34.882,-8.0629],[-34.8825,-8.0639],[-34.8831,-8.0643],[-34.885,-8.0649],[-34.8856,-8.065],[-34.8894,-8.0663],[-34.8896,-8.0652],[-34.8907,-8.0652],[-34.8908,-8.0639],[-34.8901,-8.0632],[-34.8908,-8.0627],[-34.8913,-8.0636],[-34.8952,-8.0628],[-34.8948,-8.0604]]]}},{"type":"Feature","properties":{"c":"b472","b":472,"n":"Bomba do Hemetério","m":"2611606","cx":-34.9009,"cy":-8.0214},"geometry":{"type":"Polygon","coordinates":[[[-34.906,-8.0207],[-34.9074,-8.0204],[-34.9082,-8.02],[-34.9079,-8.0195],[-34.9072,-8.0183],[-34.9066,-8.0179],[-34.9065,-8.0182],[-34.9052,-8.0186],[-34.906,-8.0174],[-34.9056,-8.0174],[-34.9046,-8.0184],[-34.904,-8.0181],[-34.9039,-8.0177],[-34.9034,-8.019],[-34.9018,-8.019],[-34.9016,-8.0197],[-34.9,-8.0196],[-34.8987,-8.0199],[-34.8982,-8.0195],[-34.8978,-8.0206],[-34.8974,-8.021],[-34.8977,-8.0217],[-34.8968,-8.022],[-34.8972,-8.0239],[-34.8975,-8.0249],[-34.8988,-8.0241],[-34.8997,-8.0248],[-34.9006,-8.0229],[-34.9049,-8.0211],[-34.906,-8.0207]]]}},{"type":"Feature","properties":{"c":"b473","b":473,"n":"Bongi","m":"2611606","cx":-34.9195,"cy":-8.0654},"geometry":{"type":"Polygon","coordinates":[[[-34.9239,-8.0669],[-34.9228,-8.0638],[-34.922,-8.0641],[-34.9218,-8.0633],[-34.9216,-8.0615],[-34.9212,-8.0616],[-34.9207,-8.0624],[-34.9202,-8.0623],[-34.9187,-8.0626],[-34.9183,-8.063],[-34.9183,-8.0636],[-34.9171,-8.0647],[-34.9141,-8.0661],[-34.9133,-8.0633],[-34.912,-8.0639],[-34.9129,-8.0668],[-34.9131,-8.0667],[-34.9136,-8.0681],[-34.9142,-8.0681],[-34.9158,-8.0675],[-34.9166,-8.069],[-34.9169,-8.0698],[-34.9177,-8.0695],[-34.9213,-8.0685],[-34.9229,-8.0675],[-34.9239,-8.0669]]]}},{"type":"Feature","properties":{"c":"b474","b":474,"n":"Brasília Teimosa","m":"2611606","cx":-34.8804,"cy":-8.0829},"geometry":{"type":"Polygon","coordinates":[[[-34.8736,-8.0747],[-34.8747,-8.0771],[-34.8752,-8.0785],[-34.8756,-8.0799],[-34.876,-8.0807],[-34.877,-8.083],[-34.8773,-8.0841],[-34.8778,-8.0854],[-34.8792,-8.0903],[-34.8795,-8.0911],[-34.8817,-8.0906],[-34.8815,-8.0895],[-34.8817,-8.0888],[-34.8823,-8.0878],[-34.8825,-8.087],[-34.8829,-8.0861],[-34.8833,-8.0844],[-34.8839,-8.0828],[-34.8798,-8.0809],[-34.8752,-8.0776],[-34.8748,-8.0771],[-34.8738,-8.0746],[-34.8736,-8.0747]]]}},{"type":"Feature","properties":{"c":"b475","b":475,"n":"Brejo da Guabiraba","m":"2611606","cx":-34.9329,"cy":-7.9917},"geometry":{"type":"Polygon","coordinates":[[[-34.9305,-7.9946],[-34.9311,-7.9951],[-34.9319,-7.9955],[-34.9325,-7.9965],[-34.9326,-7.9975],[-34.9343,-7.9978],[-34.9348,-7.9981],[-34.9354,-7.9977],[-34.9356,-7.9971],[-34.9365,-7.996],[-34.9372,-7.9955],[-34.938,-7.9942],[-34.937,-7.9928],[-34.936,-7.9905],[-34.9352,-7.9891],[-34.9327,-7.9862],[-34.9313,-7.9869],[-34.9305,-7.987],[-34.9309,-7.9878],[-34.9295,-7.9882],[-34.9305,-7.9894],[-34.9298,-7.9903],[-34.9296,-7.9912],[-34.9288,-7.9922],[-34.9278,-7.9935],[-34.9299,-7.9951],[-34.9305,-7.9946]]]}},{"type":"Feature","properties":{"c":"b476","b":476,"n":"Brejo de Beberibe","m":"2611606","cx":-34.9251,"cy":-7.998},"geometry":{"type":"Polygon","coordinates":[[[-34.9278,-7.9935],[-34.9288,-7.9922],[-34.9296,-7.9912],[-34.9298,-7.9903],[-34.9305,-7.9894],[-34.9295,-7.9882],[-34.9288,-7.9895],[-34.9285,-7.9912],[-34.9277,-7.992],[-34.927,-7.9917],[-34.926,-7.9927],[-34.9249,-7.9952],[-34.9243,-7.9966],[-34.9244,-7.9972],[-34.9231,-7.9982],[-34.9229,-7.9986],[-34.9215,-7.9995],[-34.9216,-8.0],[-34.9211,-8.0006],[-34.9188,-8.0016],[-34.9174,-8.0025],[-34.9168,-8.0025],[-34.9163,-8.003],[-34.9159,-8.0039],[-34.9154,-8.0037],[-34.9151,-8.0043],[-34.9141,-8.0046],[-34.9139,-8.0053],[-34.9133,-8.0056],[-34.9123,-8.0063],[-34.9104,-8.0064],[-34.9109,-8.0077],[-34.9114,-8.0076],[-34.9123,-8.0072],[-34.9135,-8.0062],[-34.9147,-8.0058],[-34.9162,-8.0048],[-34.9192,-8.0026],[-34.9217,-8.0035],[-34.9223,-8.0034],[-34.9228,-8.0024],[-34.9228,-8.0019],[-34.9237,-8.0017],[-34.923,-8.0009],[-34.9238,-7.9999],[-34.9246,-8.0004],[-34.9251,-8.0],[-34.927,-7.9979],[-34.928,-7.9965],[-34.929,-7.996],[-34.9299,-7.9951],[-34.9278,-7.9935]]]}},{"type":"Feature","properties":{"c":"b477","b":477,"n":"Cabanga","m":"2611606","cx":-34.8956,"cy":-8.079},"geometry":{"type":"Polygon","coordinates":[[[-34.8912,-8.078],[-34.891,-8.0786],[-34.8888,-8.0801],[-34.8893,-8.081],[-34.891,-8.0814],[-34.8918,-8.0819],[-34.8954,-8.0812],[-34.8971,-8.0812],[-34.8988,-8.0819],[-34.8998,-8.0821],[-34.901,-8.0815],[-34.9018,-8.0797],[-34.902,-8.0797],[-34.9021,-8.0794],[-34.902,-8.0794],[-34.8964,-8.0775],[-34.892,-8.076],[-34.8915,-8.0774],[-34.8905,-8.0771],[-34.8912,-8.078]]]}},{"type":"Feature","properties":{"c":"b478","b":478,"n":"Cajueiro","m":"2611606","cx":-34.8846,"cy":-8.0109},"geometry":{"type":"Polygon","coordinates":[[[-34.8871,-8.0143],[-34.8893,-8.0139],[-34.8895,-8.0125],[-34.8893,-8.0113],[-34.8882,-8.0105],[-34.8883,-8.0089],[-34.885,-8.0066],[-34.8842,-8.0079],[-34.8832,-8.0088],[-34.8822,-8.0092],[-34.8815,-8.0097],[-34.88,-8.0113],[-34.8803,-8.0116],[-34.8807,-8.0113],[-34.8813,-8.0121],[-34.8819,-8.0132],[-34.8825,-8.0131],[-34.8849,-8.0159],[-34.8871,-8.0143]]]}},{"type":"Feature","properties":{"c":"b479","b":479,"n":"Campina do Barreto","m":"2611606","cx":-34.8818,"cy":-8.0173},"geometry":{"type":"Polygon","coordinates":[[[-34.8853,-8.0193],[-34.884,-8.0166],[-34.8851,-8.0163],[-34.8849,-8.0159],[-34.8825,-8.0131],[-34.8819,-8.0132],[-34.8813,-8.0121],[-34.8807,-8.0113],[-34.8803,-8.0116],[-34.88,-8.0113],[-34.8798,-8.0119],[-34.8796,-8.0132],[-34.8796,-8.0144],[-34.8793,-8.0161],[-34.8794,-8.0167],[-34.8791,-8.0179],[-34.8798,-8.0186],[-34.8794,-8.0209],[-34.8796,-8.0213],[-34.8802,-8.0216],[-34.8798,-8.0225],[-34.8811,-8.0223],[-34.885,-8.0201],[-34.8856,-8.0197],[-34.8853,-8.0193]]]}},{"type":"Feature","properties":{"c":"b480","b":480,"n":"Campo Grande","m":"2611606","cx":-34.8809,"cy":-8.0308},"geometry":{"type":"Polygon","coordinates":[[[-34.8757,-8.0276],[-34.8761,-8.0298],[-34.8755,-8.0317],[-34.8699,-8.0363],[-34.8712,-8.0362],[-34.8764,-8.0386],[-34.8813,-8.0408],[-34.8818,-8.0398],[-34.8827,-8.0386],[-34.8836,-8.039],[-34.8838,-8.0378],[-34.8841,-8.0366],[-34.8832,-8.0358],[-34.8854,-8.0335],[-34.8846,-8.033],[-34.8853,-8.0319],[-34.8876,-8.0285],[-34.8882,-8.0288],[-34.8886,-8.0283],[-34.8897,-8.029],[-34.8895,-8.0286],[-34.8899,-8.0277],[-34.8885,-8.0276],[-34.8876,-8.0272],[-34.8856,-8.0258],[-34.883,-8.0245],[-34.883,-8.0243],[-34.8795,-8.0226],[-34.8786,-8.0223],[-34.8744,-8.0199],[-34.8734,-8.0202],[-34.8757,-8.0276]]]}},{"type":"Feature","properties":{"c":"b481","b":481,"n":"Casa Amarela","m":"2611606","cx":-34.9168,"cy":-8.0259},"geometry":{"type":"Polygon","coordinates":[[[-34.9241,-8.0287],[-34.9237,-8.0282],[-34.9246,-8.0276],[-34.9264,-8.0274],[-34.9268,-8.0275],[-34.9272,-8.0269],[-34.9268,-8.0267],[-34.927,-8.0262],[-34.9266,-8.0254],[-34.9262,-8.0253],[-34.9264,-8.0248],[-34.926,-8.0245],[-34.9257,-8.0236],[-34.9257,-8.0216],[-34.9267,-8.0199],[-34.9254,-8.0203],[-34.9227,-8.0207],[-34.9185,-8.0211],[-34.9177,-8.0213],[-34.9172,-8.0205],[-34.9158,-8.0211],[-34.9144,-8.0214],[-34.9147,-8.0225],[-34.9131,-8.0235],[-34.9119,-8.0241],[-34.9075,-8.0253],[-34.9066,-8.0256],[-34.9075,-8.0299],[-34.9071,-8.0301],[-34.9086,-8.031],[-34.9088,-8.0312],[-34.9093,-8.0308],[-34.9109,-8.0299],[-34.9118,-8.0306],[-34.913,-8.0323],[-34.9153,-8.0315],[-34.9216,-8.0296],[-34.9241,-8.0287]]]}},{"type":"Feature","properties":{"c":"b482","b":482,"n":"Casa Forte","m":"2611606","cx":-34.9192,"cy":-8.0337},"geometry":{"type":"Polygon","coordinates":[[[-34.9153,-8.0315],[-34.9156,-8.0322],[-34.9165,-8.0331],[-34.9159,-8.0338],[-34.9161,-8.0343],[-34.9147,-8.0349],[-34.9139,-8.0365],[-34.9147,-8.0372],[-34.9159,-8.0378],[-34.9178,-8.038],[-34.9186,-8.0379],[-34.9193,-8.0374],[-34.9201,-8.0365],[-34.9201,-8.036],[-34.921,-8.0347],[-34.9217,-8.034],[-34.9226,-8.0336],[-34.9237,-8.032],[-34.9223,-8.0312],[-34.9216,-8.0296],[-34.9153,-8.0315]]]}},{"type":"Feature","properties":{"c":"b483","b":483,"n":"Caxangá","m":"2611606","cx":-34.952,"cy":-8.0285},"geometry":{"type":"Polygon","coordinates":[[[-34.9655,-8.0198],[-34.9619,-8.0214],[-34.9621,-8.0207],[-34.9598,-8.0214],[-34.9588,-8.0216],[-34.957,-8.0222],[-34.9558,-8.0225],[-34.9545,-8.0229],[-34.9537,-8.0227],[-34.9524,-8.022],[-34.9514,-8.0208],[-34.9505,-8.0206],[-34.9492,-8.0208],[-34.9478,-8.0206],[-34.9462,-8.0212],[-34.9445,-8.0228],[-34.9435,-8.0233],[-34.9428,-8.0231],[-34.943,-8.0275],[-34.9446,-8.0275],[-34.9445,-8.0349],[-34.945,-8.0364],[-34.9456,-8.037],[-34.9498,-8.0347],[-34.9528,-8.0331],[-34.9584,-8.0299],[-34.9588,-8.0296],[-34.9601,-8.0273],[-34.9619,-8.0244],[-34.9627,-8.0238],[-34.9628,-8.023],[-34.9631,-8.0226],[-34.964,-8.0221],[-34.966,-8.0212],[-34.966,-8.021],[-34.9655,-8.0198]]]}},{"type":"Feature","properties":{"c":"b484","b":484,"n":"Caçote","m":"2611606","cx":-34.9314,"cy":-8.1011},"geometry":{"type":"Polygon","coordinates":[[[-34.9287,-8.1024],[-34.9301,-8.1032],[-34.9312,-8.1041],[-34.932,-8.1045],[-34.934,-8.1048],[-34.9348,-8.1046],[-34.9348,-8.0992],[-34.9329,-8.0997],[-34.9288,-8.0959],[-34.9279,-8.1024],[-34.9287,-8.1024]]]}},{"type":"Feature","properties":{"c":"b485","b":485,"n":"Cidade Universitária","m":"2611606","cx":-34.9511,"cy":-8.0546},"geometry":{"type":"Polygon","coordinates":[[[-34.9582,-8.0613],[-34.9577,-8.0596],[-34.9581,-8.0593],[-34.958,-8.0589],[-34.9585,-8.058],[-34.9591,-8.0557],[-34.9581,-8.0559],[-34.9584,-8.0569],[-34.9578,-8.057],[-34.9571,-8.0562],[-34.9566,-8.0564],[-34.9538,-8.0464],[-34.9468,-8.0464],[-34.9448,-8.0464],[-34.9439,-8.0463],[-34.9442,-8.0499],[-34.9443,-8.0516],[-34.943,-8.052],[-34.9432,-8.0536],[-34.946,-8.0529],[-34.9461,-8.0531],[-34.9462,-8.0567],[-34.9461,-8.0581],[-34.9459,-8.0597],[-34.9546,-8.057],[-34.9554,-8.0599],[-34.9556,-8.0594],[-34.956,-8.0597],[-34.9563,-8.0606],[-34.9567,-8.0616],[-34.9569,-8.0612],[-34.9582,-8.0613]]]}},{"type":"Feature","properties":{"c":"b486","b":486,"n":"Coelhos","m":"2611606","cx":-34.89,"cy":-8.0675},"geometry":{"type":"Polygon","coordinates":[[[-34.8894,-8.071],[-34.8904,-8.0705],[-34.8941,-8.0683],[-34.8931,-8.066],[-34.892,-8.0652],[-34.8908,-8.0639],[-34.8907,-8.0652],[-34.8896,-8.0652],[-34.8894,-8.0663],[-34.8856,-8.065],[-34.885,-8.0649],[-34.8847,-8.0653],[-34.8856,-8.0659],[-34.8861,-8.0666],[-34.887,-8.0698],[-34.8876,-8.0705],[-34.8885,-8.071],[-34.8894,-8.071]]]}},{"type":"Feature","properties":{"c":"b487","b":487,"n":"Cohab","m":"2611606","cx":-34.9486,"cy":-8.1241},"geometry":{"type":"Polygon","coordinates":[[[-34.9592,-8.1224],[-34.9597,-8.1215],[-34.9601,-8.1199],[-34.9599,-8.1188],[-34.959,-8.1177],[-34.9589,-8.1167],[-34.9597,-8.1145],[-34.9589,-8.112],[-34.9581,-8.1116],[-34.9575,-8.1115],[-34.9566,-8.112],[-34.9561,-8.1127],[-34.9564,-8.1116],[-34.9553,-8.1109],[-34.9551,-8.1112],[-34.9546,-8.1108],[-34.9543,-8.1114],[-34.9539,-8.1115],[-34.9515,-8.1106],[-34.948,-8.11],[-34.9469,-8.1095],[-34.9464,-8.1107],[-34.9453,-8.1135],[-34.9444,-8.1155],[-34.9429,-8.1193],[-34.9427,-8.1203],[-34.9428,-8.1211],[-34.9434,-8.1232],[-34.9437,-8.1246],[-34.9439,-8.1283],[-34.944,-8.1295],[-34.9443,-8.1301],[-34.945,-8.1312],[-34.9468,-8.1332],[-34.9473,-8.1343],[-34.9474,-8.1351],[-34.9475,-8.1376],[-34.948,-8.1379],[-34.9503,-8.1382],[-34.9512,-8.1375],[-34.952,-8.1377],[-34.9517,-8.1383],[-34.9523,-8.1382],[-34.9532,-8.1387],[-34.9535,-8.1386],[-34.955,-8.1373],[-34.956,-8.1375],[-34.9565,-8.1379],[-34.9563,-8.137],[-34.9565,-8.1365],[-34.9572,-8.1341],[-34.9567,-8.134],[-34.9562,-8.1335],[-34.9525,-8.1306],[-34.9521,-8.1299],[-34.9525,-8.1293],[-34.953,-8.1272],[-34.9529,-8.1265],[-34.9532,-8.1261],[-34.9532,-8.1252],[-34.9539,-8.1236],[-34.9543,-8.1252],[-34.9547,-8.1262],[-34.955,-8.1274],[-34.9556,-8.1291],[-34.9566,-8.1288],[-34.9572,-8.1296],[-34.9578,-8.1299],[-34.9585,-8.1297],[-34.9591,-8.1287],[-34.9603,-8.1276],[-34.9607,-8.1263],[-34.9604,-8.1258],[-34.9605,-8.1252],[-34.96,-8.1249],[-34.9594,-8.1234],[-34.9592,-8.1224]]]}},{"type":"Feature","properties":{"c":"b488","b":488,"n":"Coqueiral","m":"2611606","cx":-34.9675,"cy":-8.0883},"geometry":{"type":"Polygon","coordinates":[[[-34.971,-8.0823],[-34.9702,-8.082],[-34.9702,-8.0825],[-34.9693,-8.0828],[-34.9684,-8.0839],[-34.968,-8.0835],[-34.9679,-8.084],[-34.967,-8.085],[-34.9663,-8.0858],[-34.9656,-8.0871],[-34.9652,-8.0885],[-34.965,-8.0898],[-34.9659,-8.0899],[-34.9662,-8.0904],[-34.9646,-8.0916],[-34.9636,-8.0932],[-34.9658,-8.0947],[-34.9662,-8.0941],[-34.9654,-8.0938],[-34.9643,-8.0931],[-34.9652,-8.0921],[-34.9651,-8.0915],[-34.9662,-8.0911],[-34.9678,-8.0913],[-34.9682,-8.0899],[-34.9695,-8.0893],[-34.9698,-8.0887],[-34.9696,-8.0881],[-34.9702,-8.0881],[-34.9702,-8.0875],[-34.9713,-8.0877],[-34.9717,-8.0882],[-34.9732,-8.0875],[-34.9736,-8.0864],[-34.9731,-8.0856],[-34.9721,-8.085],[-34.9713,-8.0837],[-34.971,-8.0823]]]}},{"type":"Feature","properties":{"c":"b489","b":489,"n":"Cordeiro","m":"2611606","cx":-34.9289,"cy":-8.0506},"geometry":{"type":"Polygon","coordinates":[[[-34.924,-8.0555],[-34.9249,-8.0578],[-34.9258,-8.0605],[-34.9275,-8.0606],[-34.9301,-8.0617],[-34.9323,-8.0627],[-34.9319,-8.0596],[-34.9312,-8.0582],[-34.9338,-8.0551],[-34.9339,-8.0553],[-34.935,-8.0547],[-34.9344,-8.0536],[-34.9363,-8.0543],[-34.9367,-8.0528],[-34.9374,-8.053],[-34.9376,-8.0523],[-34.938,-8.052],[-34.9384,-8.0522],[-34.9388,-8.052],[-34.9396,-8.0495],[-34.9402,-8.0474],[-34.9401,-8.0471],[-34.9386,-8.0472],[-34.9326,-8.047],[-34.9317,-8.0465],[-34.9309,-8.0451],[-34.93,-8.0456],[-34.9289,-8.0438],[-34.9295,-8.0435],[-34.9289,-8.0423],[-34.9284,-8.0419],[-34.928,-8.0421],[-34.9267,-8.0398],[-34.9259,-8.039],[-34.9253,-8.0396],[-34.9238,-8.0402],[-34.9225,-8.0405],[-34.92,-8.0421],[-34.9184,-8.043],[-34.9166,-8.0433],[-34.9167,-8.0455],[-34.9177,-8.0484],[-34.9189,-8.0516],[-34.9214,-8.0562],[-34.924,-8.0555]]]}},{"type":"Feature","properties":{"c":"b490","b":490,"n":"Curado","m":"2611606","cx":-34.9575,"cy":-8.0712},"geometry":{"type":"Polygon","coordinates":[[[-34.9564,-8.0842],[-34.9584,-8.0828],[-34.96,-8.0822],[-34.9633,-8.0817],[-34.9658,-8.0815],[-34.9682,-8.0811],[-34.9701,-8.0807],[-34.9702,-8.0805],[-34.9711,-8.0812],[-34.9711,-8.0816],[-34.9713,-8.0814],[-34.9713,-8.0809],[-34.9723,-8.0793],[-34.9716,-8.0785],[-34.9726,-8.0782],[-34.9739,-8.0783],[-34.9742,-8.0791],[-34.9753,-8.0792],[-34.9761,-8.0805],[-34.9766,-8.0805],[-34.9763,-8.0799],[-34.9768,-8.0793],[-34.9774,-8.0793],[-34.9774,-8.0782],[-34.9779,-8.0782],[-34.9789,-8.0779],[-34.9791,-8.0764],[-34.9796,-8.0759],[-34.9805,-8.0755],[-34.9831,-8.0758],[-34.984,-8.0749],[-34.9845,-8.0751],[-34.9852,-8.0742],[-34.986,-8.0746],[-34.9862,-8.074],[-34.9857,-8.072],[-34.9861,-8.0716],[-34.9856,-8.0713],[-34.9831,-8.0692],[-34.9826,-8.0689],[-34.9806,-8.0673],[-34.98,-8.0722],[-34.9759,-8.0711],[-34.9753,-8.0708],[-34.9658,-8.0662],[-34.9627,-8.0649],[-34.9569,-8.0612],[-34.9567,-8.0616],[-34.9563,-8.0606],[-34.956,-8.0597],[-34.9556,-8.0594],[-34.9554,-8.0599],[-34.9546,-8.057],[-34.9459,-8.0597],[-34.9456,-8.0607],[-34.9453,-8.0617],[-34.9445,-8.0636],[-34.9422,-8.0667],[-34.9368,-8.0682],[-34.9346,-8.0689],[-34.9389,-8.0708],[-34.9386,-8.072],[-34.9352,-8.077],[-34.9347,-8.0778],[-34.9349,-8.0778],[-34.9358,-8.0768],[-34.9376,-8.0766],[-34.9378,-8.076],[-34.9375,-8.0752],[-34.9378,-8.0747],[-34.9399,-8.0752],[-34.9412,-8.0753],[-34.9444,-8.0751],[-34.9458,-8.0752],[-34.9464,-8.0751],[-34.9465,-8.0761],[-34.9474,-8.0766],[-34.9475,-8.0776],[-34.9493,-8.0775],[-34.9502,-8.078],[-34.9508,-8.0779],[-34.9518,-8.0787],[-34.9519,-8.0794],[-34.953,-8.0817],[-34.9538,-8.0827],[-34.9539,-8.0842],[-34.9546,-8.0854],[-34.9564,-8.0842]]]}},{"type":"Feature","properties":{"c":"b491","b":491,"n":"Córrego do Jenipapo","m":"2611606","cx":-34.937,"cy":-8.0024},"geometry":{"type":"Polygon","coordinates":[[[-34.9343,-8.0049],[-34.9336,-8.0056],[-34.9334,-8.0064],[-34.9339,-8.0082],[-34.934,-8.0089],[-34.9348,-8.0091],[-34.9356,-8.0099],[-34.9355,-8.0104],[-34.9368,-8.0089],[-34.9376,-8.009],[-34.9381,-8.0053],[-34.9388,-8.0004],[-34.9395,-7.9979],[-34.9394,-7.9966],[-34.939,-7.9953],[-34.9387,-7.9949],[-34.938,-7.9942],[-34.9372,-7.9955],[-34.9365,-7.996],[-34.9356,-7.9971],[-34.9354,-7.9977],[-34.9348,-7.9981],[-34.9353,-7.9986],[-34.9363,-7.9991],[-34.9368,-8.0006],[-34.9366,-8.0011],[-34.9357,-8.0019],[-34.9353,-8.003],[-34.9347,-8.0033],[-34.9341,-8.004],[-34.9343,-8.0049]]]}},{"type":"Feature","properties":{"c":"b492","b":492,"n":"Derby","m":"2611606","cx":-34.9,"cy":-8.0573},"geometry":{"type":"Polygon","coordinates":[[[-34.8995,-8.0525],[-34.8987,-8.0525],[-34.8969,-8.053],[-34.8965,-8.0534],[-34.8976,-8.055],[-34.8979,-8.0561],[-34.8979,-8.0581],[-34.8979,-8.0595],[-34.8982,-8.0596],[-34.8999,-8.0615],[-34.9,-8.062],[-34.9007,-8.0619],[-34.9007,-8.0598],[-34.9009,-8.0589],[-34.9015,-8.0578],[-34.9028,-8.0568],[-34.9034,-8.0558],[-34.9042,-8.053],[-34.8995,-8.0525]]]}},{"type":"Feature","properties":{"c":"b493","b":493,"n":"Dois Irmãos","m":"2611606","cx":-34.9474,"cy":-8.0074},"geometry":{"type":"Polygon","coordinates":[[[-34.9644,-8.0083],[-34.9637,-8.0029],[-34.9621,-8.002],[-34.9606,-8.0021],[-34.9598,-8.002],[-34.9592,-8.0016],[-34.9587,-8.0008],[-34.9582,-7.9989],[-34.9577,-7.9984],[-34.9532,-7.9945],[-34.9525,-7.994],[-34.9515,-7.9936],[-34.946,-7.9926],[-34.9452,-7.9924],[-34.9435,-7.9925],[-34.9415,-7.9933],[-34.9409,-7.9921],[-34.9395,-7.9914],[-34.9396,-7.9918],[-34.9406,-7.9935],[-34.94,-7.9939],[-34.9387,-7.9949],[-34.939,-7.9953],[-34.9394,-7.9966],[-34.9395,-7.9979],[-34.9388,-8.0004],[-34.9381,-8.0053],[-34.9376,-8.009],[-34.9376,-8.0105],[-34.9378,-8.0113],[-34.9394,-8.0144],[-34.94,-8.0154],[-34.9419,-8.0181],[-34.9422,-8.0188],[-34.9426,-8.0201],[-34.9428,-8.0231],[-34.9435,-8.0233],[-34.9445,-8.0228],[-34.9462,-8.0212],[-34.9478,-8.0206],[-34.9492,-8.0208],[-34.9505,-8.0206],[-34.9514,-8.0208],[-34.9524,-8.022],[-34.9537,-8.0227],[-34.9545,-8.0229],[-34.9558,-8.0225],[-34.9553,-8.021],[-34.9546,-8.0199],[-34.9528,-8.0184],[-34.9514,-8.0168],[-34.9517,-8.0164],[-34.9519,-8.0148],[-34.9517,-8.0137],[-34.952,-8.0129],[-34.9522,-8.0115],[-34.9527,-8.0108],[-34.9539,-8.0104],[-34.9553,-8.0089],[-34.9556,-8.0082],[-34.9574,-8.0072],[-34.9584,-8.0077],[-34.9589,-8.0084],[-34.9594,-8.0082],[-34.9607,-8.0085],[-34.9629,-8.0082],[-34.9644,-8.0089],[-34.9644,-8.0083]]]}},{"type":"Feature","properties":{"c":"b494","b":494,"n":"Dois Unidos","m":"2611606","cx":-34.9144,"cy":-7.997},"geometry":{"type":"Polygon","coordinates":[[[-34.9212,-7.9992],[-34.9216,-7.9988],[-34.9226,-7.9959],[-34.9232,-7.9948],[-34.9231,-7.9938],[-34.9237,-7.9927],[-34.9212,-7.9903],[-34.9201,-7.9894],[-34.919,-7.9888],[-34.9192,-7.9877],[-34.9184,-7.9872],[-34.9166,-7.9872],[-34.9169,-7.988],[-34.9141,-7.99],[-34.913,-7.9908],[-34.9123,-7.9911],[-34.9108,-7.9919],[-34.9095,-7.9929],[-34.909,-7.9937],[-34.9082,-7.9948],[-34.9076,-7.9952],[-34.9069,-7.9961],[-34.9069,-7.9967],[-34.9063,-7.9974],[-34.9056,-7.9976],[-34.905,-7.9982],[-34.9033,-7.9993],[-34.9031,-7.9996],[-34.8995,-8.002],[-34.8991,-8.0021],[-34.8986,-8.0019],[-34.8988,-8.0022],[-34.9005,-8.0038],[-34.9024,-8.0054],[-34.9033,-8.0064],[-34.9041,-8.0066],[-34.9061,-8.0072],[-34.9066,-8.0075],[-34.9074,-8.0073],[-34.9091,-8.0073],[-34.9096,-8.0068],[-34.9104,-8.0064],[-34.9123,-8.0063],[-34.9133,-8.0056],[-34.9139,-8.0053],[-34.9141,-8.0046],[-34.9151,-8.0043],[-34.9154,-8.0037],[-34.9159,-8.0039],[-34.9163,-8.003],[-34.9168,-8.0025],[-34.9174,-8.0025],[-34.9188,-8.0016],[-34.9211,-8.0006],[-34.9216,-8.0],[-34.9215,-7.9995],[-34.9212,-7.9992]]]}},{"type":"Feature","properties":{"c":"b495","b":495,"n":"Encruzilhada","m":"2611606","cx":-34.8932,"cy":-8.0344},"geometry":{"type":"Polygon","coordinates":[[[-34.8937,-8.0397],[-34.8946,-8.0393],[-34.8943,-8.0383],[-34.8957,-8.0379],[-34.8981,-8.037],[-34.8965,-8.0335],[-34.895,-8.0312],[-34.894,-8.0316],[-34.8915,-8.0311],[-34.8918,-8.03],[-34.8898,-8.0297],[-34.8898,-8.0318],[-34.8905,-8.0326],[-34.8886,-8.0357],[-34.8879,-8.0353],[-34.8854,-8.0335],[-34.8832,-8.0358],[-34.8841,-8.0366],[-34.8838,-8.0378],[-34.8867,-8.0405],[-34.8876,-8.0398],[-34.8888,-8.0394],[-34.8907,-8.0391],[-34.892,-8.0386],[-34.8925,-8.0399],[-34.8937,-8.0397]]]}},{"type":"Feature","properties":{"c":"b496","b":496,"n":"Engenho do Meio","m":"2611606","cx":-34.943,"cy":-8.0551},"geometry":{"type":"Polygon","coordinates":[[[-34.9459,-8.0597],[-34.9461,-8.0581],[-34.9462,-8.0567],[-34.9461,-8.0531],[-34.946,-8.0529],[-34.9432,-8.0536],[-34.943,-8.052],[-34.9443,-8.0516],[-34.9442,-8.0499],[-34.9396,-8.0495],[-34.9388,-8.052],[-34.9384,-8.0522],[-34.9388,-8.0529],[-34.9393,-8.0531],[-34.9411,-8.0606],[-34.9418,-8.0636],[-34.943,-8.0637],[-34.944,-8.0631],[-34.9447,-8.0621],[-34.9455,-8.0607],[-34.9456,-8.0607],[-34.9459,-8.0597]]]}},{"type":"Feature","properties":{"c":"b497","b":497,"n":"Espinheiro","m":"2611606","cx":-34.8913,"cy":-8.0438},"geometry":{"type":"Polygon","coordinates":[[[-34.8892,-8.0446],[-34.89,-8.0451],[-34.8905,-8.0456],[-34.894,-8.05],[-34.8961,-8.0487],[-34.8965,-8.049],[-34.897,-8.0476],[-34.896,-8.0469],[-34.8954,-8.0458],[-34.8942,-8.0445],[-34.8958,-8.0431],[-34.8947,-8.0426],[-34.8938,-8.0415],[-34.8925,-8.0399],[-34.892,-8.0386],[-34.8907,-8.0391],[-34.8888,-8.0394],[-34.8876,-8.0398],[-34.8867,-8.0405],[-34.8848,-8.0425],[-34.8892,-8.0446]]]}},{"type":"Feature","properties":{"c":"b498","b":498,"n":"Estância","m":"2611606","cx":-34.93,"cy":-8.0851},"geometry":{"type":"Polygon","coordinates":[[[-34.9348,-8.083],[-34.9352,-8.08],[-34.9339,-8.0796],[-34.9347,-8.0778],[-34.9344,-8.0777],[-34.934,-8.0781],[-34.9331,-8.0784],[-34.9322,-8.0784],[-34.9313,-8.0783],[-34.93,-8.0788],[-34.9289,-8.08],[-34.9285,-8.0807],[-34.9284,-8.0815],[-34.9279,-8.082],[-34.9265,-8.0831],[-34.9288,-8.0838],[-34.9284,-8.0848],[-34.9281,-8.0847],[-34.9265,-8.089],[-34.9264,-8.0898],[-34.9252,-8.0925],[-34.9254,-8.0927],[-34.9295,-8.0908],[-34.9297,-8.089],[-34.93,-8.088],[-34.9313,-8.0865],[-34.9322,-8.0848],[-34.9345,-8.0855],[-34.9348,-8.083]]]}},{"type":"Feature","properties":{"c":"b499","b":499,"n":"Fundão","m":"2611606","cx":-34.8928,"cy":-8.0137},"geometry":{"type":"Polygon","coordinates":[[[-34.8921,-8.0109],[-34.8911,-8.0108],[-34.8911,-8.011],[-34.89,-8.011],[-34.8893,-8.0113],[-34.8895,-8.0125],[-34.8893,-8.0139],[-34.8871,-8.0143],[-34.8849,-8.0159],[-34.8851,-8.0163],[-34.8862,-8.0169],[-34.8871,-8.017],[-34.8878,-8.0169],[-34.8881,-8.0184],[-34.8888,-8.0183],[-34.8903,-8.0186],[-34.8909,-8.0178],[-34.8919,-8.0169],[-34.8925,-8.0176],[-34.8934,-8.0168],[-34.8932,-8.0165],[-34.8949,-8.0151],[-34.8965,-8.0135],[-34.8957,-8.0128],[-34.8943,-8.0107],[-34.8943,-8.0097],[-34.8932,-8.0091],[-34.8921,-8.0109]]]}},{"type":"Feature","properties":{"c":"b500","b":500,"n":"Graças","m":"2611606","cx":-34.8993,"cy":-8.045},"geometry":{"type":"Polygon","coordinates":[[[-34.9045,-8.0508],[-34.9036,-8.048],[-34.9034,-8.0468],[-34.9037,-8.0455],[-34.9045,-8.0436],[-34.9048,-8.0421],[-34.9033,-8.0414],[-34.9036,-8.0404],[-34.9051,-8.0386],[-34.9016,-8.0369],[-34.9001,-8.0362],[-34.8994,-8.0363],[-34.8981,-8.037],[-34.8994,-8.0396],[-34.8982,-8.0414],[-34.8974,-8.0436],[-34.8958,-8.0431],[-34.8942,-8.0445],[-34.8954,-8.0458],[-34.896,-8.0469],[-34.897,-8.0476],[-34.8965,-8.049],[-34.8961,-8.0487],[-34.894,-8.05],[-34.8951,-8.0515],[-34.8965,-8.0534],[-34.8969,-8.053],[-34.8987,-8.0525],[-34.8995,-8.0525],[-34.9042,-8.053],[-34.9045,-8.0508]]]}},{"type":"Feature","properties":{"c":"b501","b":501,"n":"Guabiraba","m":"2611606","cx":-34.9446,"cy":-7.966},"geometry":{"type":"Polygon","coordinates":[[[-34.9387,-7.9949],[-34.94,-7.9939],[-34.9406,-7.9935],[-34.9396,-7.9918],[-34.9395,-7.9914],[-34.9409,-7.9921],[-34.9415,-7.9933],[-34.9435,-7.9925],[-34.9452,-7.9924],[-34.946,-7.9926],[-34.9515,-7.9936],[-34.9525,-7.994],[-34.9532,-7.9945],[-34.9577,-7.9984],[-34.9582,-7.9989],[-34.9587,-8.0008],[-34.9592,-8.0016],[-34.9598,-8.002],[-34.9606,-8.0021],[-34.9621,-8.002],[-34.9637,-8.0029],[-34.9637,-8.0025],[-34.9632,-7.9979],[-34.9623,-7.9904],[-34.9623,-7.9901],[-34.9631,-7.9892],[-34.9632,-7.9887],[-34.9641,-7.9874],[-34.9637,-7.9856],[-34.9637,-7.9849],[-34.9633,-7.984],[-34.9622,-7.9831],[-34.9619,-7.9819],[-34.9623,-7.9807],[-34.9623,-7.9785],[-34.9626,-7.9777],[-34.9624,-7.977],[-34.962,-7.977],[-34.9612,-7.9756],[-34.9615,-7.9746],[-34.9621,-7.9741],[-34.9631,-7.974],[-34.9635,-7.9737],[-34.9655,-7.9736],[-34.966,-7.9731],[-34.9678,-7.9726],[-34.9685,-7.9723],[-34.9703,-7.9717],[-34.9709,-7.9716],[-34.9707,-7.9705],[-34.9704,-7.97],[-34.9697,-7.9693],[-34.9705,-7.9678],[-34.9707,-7.9668],[-34.9715,-7.9663],[-34.9712,-7.9658],[-34.9714,-7.965],[-34.9709,-7.9639],[-34.9717,-7.9639],[-34.9716,-7.9637],[-34.9728,-7.9638],[-34.9733,-7.9635],[-34.9743,-7.964],[-34.9755,-7.9642],[-34.9761,-7.965],[-34.9761,-7.9665],[-34.9766,-7.9672],[-34.9771,-7.9675],[-34.9775,-7.9686],[-34.9773,-7.969],[-34.9784,-7.97],[-34.9793,-7.9701],[-34.9798,-7.9699],[-34.9806,-7.9689],[-34.9814,-7.9682],[-34.9813,-7.9679],[-34.9821,-7.9676],[-34.9834,-7.9667],[-34.9856,-7.9663],[-34.9874,-7.9649],[-34.9879,-7.9648],[-34.9888,-7.9641],[-34.9894,-7.9632],[-34.9899,-7.9623],[-34.991,-7.9625],[-34.9917,-7.9622],[-34.9927,-7.9616],[-34.9938,-7.9616],[-34.9953,-7.9627],[-34.9974,-7.9627],[-34.9985,-7.9637],[-34.9992,-7.9639],[-35.0001,-7.9638],[-35.0007,-7.9633],[-35.0011,-7.9626],[-35.0019,-7.9618],[-35.0028,-7.9607],[-35.0029,-7.9602],[-35.0037,-7.9596],[-34.9995,-7.9502],[-34.9987,-7.9485],[-34.9994,-7.9482],[-35.0006,-7.9481],[-35.0008,-7.9477],[-35.002,-7.9471],[-35.0026,-7.9472],[-35.0029,-7.9476],[-35.0033,-7.9475],[-35.0041,-7.9468],[-35.0052,-7.9467],[-35.0059,-7.9458],[-35.0064,-7.9461],[-35.0071,-7.9458],[-35.0084,-7.9457],[-35.0001,-7.9292],[-35.0,-7.9297],[-34.9991,-7.9297],[-34.9984,-7.9303],[-34.9973,-7.9302],[-34.997,-7.9308],[-34.9964,-7.9312],[-34.9963,-7.932],[-34.9966,-7.9324],[-34.9959,-7.9333],[-34.9946,-7.9333],[-34.9937,-7.9329],[-34.9927,-7.9333],[-34.9927,-7.9343],[-34.9921,-7.9343],[-34.9914,-7.9349],[-34.9916,-7.9357],[-34.9915,-7.9361],[-34.9909,-7.9363],[-34.9909,-7.9383],[-34.9902,-7.9391],[-34.9899,-7.9388],[-34.9887,-7.9388],[-34.9879,-7.9396],[-34.9878,-7.9405],[-34.9873,-7.9408],[-34.9869,-7.9407],[-34.9863,-7.941],[-34.9859,-7.9408],[-34.9848,-7.9406],[-34.9851,-7.9403],[-34.9847,-7.9394],[-34.9838,-7.9397],[-34.984,-7.9402],[-34.9833,-7.9399],[-34.9831,-7.9402],[-34.9824,-7.9398],[-34.9812,-7.9406],[-34.9811,-7.9413],[-34.9806,-7.9414],[-34.9796,-7.9411],[-34.9783,-7.9402],[-34.9775,-7.9401],[-34.9773,-7.9396],[-34.9751,-7.9399],[-34.9748,-7.9405],[-34.9738,-7.941],[-34.9725,-7.941],[-34.972,-7.9412],[-34.9715,-7.9405],[-34.9709,-7.9401],[-34.97,-7.9406],[-34.9696,-7.9414],[-34.9688,-7.9416],[-34.9684,-7.9414],[-34.9678,-7.9418],[-34.9663,-7.9411],[-34.9657,-7.9406],[-34.9646,-7.9401],[-34.9632,-7.939],[-34.9602,-7.9382],[-34.9599,-7.9377],[-34.9593,-7.9372],[-34.9591,-7.9365],[-34.9584,-7.936],[-34.9578,-7.9363],[-34.9566,-7.9355],[-34.9545,-7.936],[-34.954,-7.936],[-34.9523,-7.9355],[-34.9519,-7.935],[-34.951,-7.933],[-34.9501,-7.9318],[-34.949,-7.931],[-34.9489,-7.93],[-34.9484,-7.9295],[-34.9476,-7.9303],[-34.9471,-7.9298],[-34.9458,-7.9303],[-34.945,-7.9299],[-34.9436,-7.9298],[-34.9428,-7.93],[-34.9426,-7.9309],[-34.941,-7.9316],[-34.9402,-7.9312],[-34.9393,-7.9322],[-34.9381,-7.9331],[-34.9368,-7.9328],[-34.9361,-7.9321],[-34.9353,-7.9327],[-34.9344,-7.9324],[-34.9339,-7.9325],[-34.933,-7.9336],[-34.9305,-7.9349],[-34.9291,-7.9349],[-34.9281,-7.9356],[-34.9275,-7.9357],[-34.9261,-7.9354],[-34.9255,-7.9345],[-34.9255,-7.9339],[-34.9245,-7.934],[-34.9235,-7.9335],[-34.9226,-7.9345],[-34.9224,-7.9344],[-34.9211,-7.935],[-34.9207,-7.935],[-34.9198,-7.9355],[-34.9184,-7.9359],[-34.918,-7.9353],[-34.9162,-7.9348],[-34.9155,-7.9355],[-34.9156,-7.9361],[-34.9149,-7.9362],[-34.9141,-7.9366],[-34.9139,-7.9371],[-34.9112,-7.9391],[-34.911,-7.9396],[-34.9113,-7.9404],[-34.9113,-7.9411],[-34.9106,-7.9428],[-34.9092,-7.944],[-34.9102,-7.9528],[-34.9103,-7.9538],[-34.9108,-7.9537],[-34.9112,-7.9545],[-34.9118,-7.9575],[-34.9128,-7.9604],[-34.9132,-7.9613],[-34.9142,-7.9623],[-34.9156,-7.9635],[-34.9161,-7.9638],[-34.9172,-7.9652],[-34.9202,-7.9695],[-34.9209,-7.9708],[-34.922,-7.9741],[-34.9227,-7.9752],[-34.9235,-7.9758],[-34.9256,-7.9766],[-34.9266,-7.9773],[-34.9277,-7.9784],[-34.9299,-7.9798],[-34.9312,-7.9809],[-34.9318,-7.9816],[-34.9321,-7.9823],[-34.9318,-7.984],[-34.9319,-7.9851],[-34.9327,-7.9862],[-34.9352,-7.9891],[-34.936,-7.9905],[-34.937,-7.9928],[-34.938,-7.9942],[-34.9387,-7.9949]]]}},{"type":"Feature","properties":{"c":"b502","b":502,"n":"Hipódromo","m":"2611606","cx":-34.8876,"cy":-8.0323},"geometry":{"type":"Polygon","coordinates":[[[-34.8897,-8.029],[-34.8886,-8.0283],[-34.8882,-8.0288],[-34.8876,-8.0285],[-34.8853,-8.0319],[-34.8846,-8.033],[-34.8854,-8.0335],[-34.8879,-8.0353],[-34.8886,-8.0357],[-34.8905,-8.0326],[-34.8898,-8.0318],[-34.8898,-8.0297],[-34.8897,-8.029]]]}},{"type":"Feature","properties":{"c":"b503","b":503,"n":"Ibura","m":"2611606","cx":-34.9334,"cy":-8.1171},"geometry":{"type":"Polygon","coordinates":[[[-34.9443,-8.1301],[-34.944,-8.1295],[-34.9439,-8.1283],[-34.9437,-8.1246],[-34.9434,-8.1232],[-34.9428,-8.1211],[-34.9427,-8.1203],[-34.9429,-8.1193],[-34.9444,-8.1155],[-34.9453,-8.1135],[-34.9464,-8.1107],[-34.9469,-8.1095],[-34.947,-8.1092],[-34.9486,-8.1063],[-34.9488,-8.1057],[-34.9484,-8.1029],[-34.9486,-8.1024],[-34.9497,-8.1005],[-34.9501,-8.0993],[-34.95,-8.0974],[-34.9496,-8.0963],[-34.9485,-8.0947],[-34.9476,-8.0955],[-34.9469,-8.0959],[-34.945,-8.0965],[-34.9434,-8.0986],[-34.9429,-8.0993],[-34.942,-8.1],[-34.9404,-8.1005],[-34.9399,-8.1009],[-34.939,-8.1022],[-34.938,-8.1041],[-34.9377,-8.1045],[-34.9371,-8.1047],[-34.9363,-8.1045],[-34.9348,-8.1046],[-34.934,-8.1048],[-34.932,-8.1045],[-34.9312,-8.1041],[-34.9301,-8.1032],[-34.9287,-8.1024],[-34.9279,-8.1024],[-34.9271,-8.108],[-34.9265,-8.1125],[-34.9262,-8.1134],[-34.9257,-8.1141],[-34.9216,-8.1187],[-34.921,-8.1193],[-34.9194,-8.1202],[-34.9184,-8.1214],[-34.9167,-8.1224],[-34.9145,-8.1228],[-34.9156,-8.1288],[-34.9166,-8.1348],[-34.9177,-8.1416],[-34.9179,-8.1416],[-34.9181,-8.1419],[-34.9193,-8.1416],[-34.9206,-8.1409],[-34.9216,-8.1399],[-34.9241,-8.1406],[-34.9271,-8.1405],[-34.9294,-8.1407],[-34.9295,-8.1384],[-34.9291,-8.1384],[-34.9295,-8.1377],[-34.9323,-8.1362],[-34.933,-8.135],[-34.934,-8.1345],[-34.9337,-8.1342],[-34.9337,-8.1316],[-34.9342,-8.1307],[-34.9333,-8.1311],[-34.9332,-8.1305],[-34.9334,-8.1293],[-34.9378,-8.1302],[-34.9392,-8.1304],[-34.9401,-8.1297],[-34.9409,-8.1309],[-34.9418,-8.1311],[-34.9427,-8.1316],[-34.9441,-8.1306],[-34.9447,-8.1314],[-34.945,-8.1312],[-34.9443,-8.1301]]]}},{"type":"Feature","properties":{"c":"b504","b":504,"n":"Ilha Joana Bezerra","m":"2611606","cx":-34.8982,"cy":-8.0707},"geometry":{"type":"Polygon","coordinates":[[[-34.9042,-8.0747],[-34.904,-8.0738],[-34.9044,-8.0736],[-34.9048,-8.0729],[-34.9054,-8.0723],[-34.9062,-8.0718],[-34.9065,-8.0712],[-34.9067,-8.07],[-34.9061,-8.0687],[-34.9051,-8.068],[-34.904,-8.0669],[-34.9032,-8.0658],[-34.9025,-8.0659],[-34.9013,-8.0676],[-34.9006,-8.0679],[-34.8998,-8.0672],[-34.8992,-8.0675],[-34.898,-8.0677],[-34.8968,-8.0675],[-34.8954,-8.0677],[-34.8941,-8.0683],[-34.8904,-8.0705],[-34.8894,-8.071],[-34.8885,-8.071],[-34.8879,-8.0723],[-34.8885,-8.0727],[-34.8896,-8.0729],[-34.893,-8.0727],[-34.8942,-8.0728],[-34.8981,-8.0738],[-34.9027,-8.0752],[-34.9039,-8.0758],[-34.9042,-8.0747]]]}},{"type":"Feature","properties":{"c":"b505","b":505,"n":"Ilha do Leite","m":"2611606","cx":-34.8947,"cy":-8.0653},"geometry":{"type":"Polygon","coordinates":[[[-34.892,-8.0652],[-34.8931,-8.066],[-34.8941,-8.0683],[-34.8954,-8.0677],[-34.8968,-8.0675],[-34.8971,-8.0655],[-34.8974,-8.0638],[-34.8949,-8.0635],[-34.8952,-8.0628],[-34.8913,-8.0636],[-34.8908,-8.0627],[-34.8901,-8.0632],[-34.8908,-8.0639],[-34.892,-8.0652]]]}},{"type":"Feature","properties":{"c":"b506","b":506,"n":"Ilha do Retiro","m":"2611606","cx":-34.9051,"cy":-8.0644},"geometry":{"type":"Polygon","coordinates":[[[-34.9092,-8.065],[-34.9098,-8.0621],[-34.9067,-8.0614],[-34.9067,-8.0616],[-34.9051,-8.0612],[-34.9045,-8.0612],[-34.9007,-8.0619],[-34.9009,-8.0638],[-34.9008,-8.065],[-34.9005,-8.066],[-34.8998,-8.0672],[-34.9006,-8.0679],[-34.9013,-8.0676],[-34.9025,-8.0659],[-34.9032,-8.0658],[-34.904,-8.0669],[-34.9051,-8.068],[-34.9067,-8.0669],[-34.9072,-8.0664],[-34.9077,-8.0655],[-34.9091,-8.0651],[-34.9092,-8.065]]]}},{"type":"Feature","properties":{"c":"b507","b":507,"n":"Imbiribeira","m":"2611606","cx":-34.9089,"cy":-8.1075},"geometry":{"type":"Polygon","coordinates":[[[-34.9145,-8.1228],[-34.9167,-8.1224],[-34.9184,-8.1214],[-34.9194,-8.1202],[-34.921,-8.1193],[-34.9167,-8.1156],[-34.9163,-8.115],[-34.9162,-8.1118],[-34.9161,-8.1117],[-34.9159,-8.108],[-34.916,-8.1066],[-34.9163,-8.1055],[-34.9169,-8.1047],[-34.918,-8.1042],[-34.9197,-8.1044],[-34.9215,-8.1043],[-34.9224,-8.1041],[-34.9226,-8.1035],[-34.9224,-8.1021],[-34.9228,-8.1014],[-34.9238,-8.1005],[-34.9229,-8.0993],[-34.9218,-8.0976],[-34.9203,-8.0967],[-34.9199,-8.0959],[-34.9199,-8.0949],[-34.9191,-8.0929],[-34.9192,-8.0906],[-34.9186,-8.0893],[-34.9179,-8.0889],[-34.9165,-8.0888],[-34.9146,-8.0888],[-34.9138,-8.0885],[-34.9128,-8.0876],[-34.9118,-8.0862],[-34.9105,-8.0841],[-34.9098,-8.0834],[-34.909,-8.0832],[-34.9069,-8.0837],[-34.9033,-8.0846],[-34.9037,-8.0863],[-34.9038,-8.0879],[-34.9043,-8.0895],[-34.9051,-8.0908],[-34.9059,-8.0914],[-34.9066,-8.0918],[-34.9073,-8.0926],[-34.9078,-8.0942],[-34.9078,-8.0956],[-34.9073,-8.0971],[-34.9065,-8.0988],[-34.9057,-8.1002],[-34.9052,-8.1013],[-34.9042,-8.1024],[-34.9041,-8.1031],[-34.9047,-8.1045],[-34.9047,-8.1055],[-34.9043,-8.1061],[-34.9034,-8.1068],[-34.902,-8.1072],[-34.9016,-8.1078],[-34.9015,-8.1094],[-34.9005,-8.1112],[-34.901,-8.1121],[-34.9021,-8.1129],[-34.9031,-8.1148],[-34.9056,-8.1174],[-34.9062,-8.1179],[-34.9077,-8.1187],[-34.9082,-8.1192],[-34.9096,-8.1213],[-34.9096,-8.1224],[-34.9101,-8.1274],[-34.9108,-8.1315],[-34.9121,-8.1317],[-34.912,-8.131],[-34.9127,-8.1311],[-34.9125,-8.1301],[-34.9134,-8.1299],[-34.9138,-8.1315],[-34.914,-8.1316],[-34.9135,-8.1299],[-34.9143,-8.1291],[-34.9156,-8.1288],[-34.9145,-8.1228]]]}},{"type":"Feature","properties":{"c":"b508","b":508,"n":"Ipsep","m":"2611606","cx":-34.9214,"cy":-8.1099},"geometry":{"type":"Polygon","coordinates":[[[-34.9216,-8.1187],[-34.9257,-8.1141],[-34.9262,-8.1134],[-34.9265,-8.1125],[-34.9271,-8.108],[-34.9279,-8.1024],[-34.9255,-8.1021],[-34.925,-8.1018],[-34.9238,-8.1005],[-34.9228,-8.1014],[-34.9224,-8.1021],[-34.9226,-8.1035],[-34.9224,-8.1041],[-34.9215,-8.1043],[-34.9197,-8.1044],[-34.918,-8.1042],[-34.9169,-8.1047],[-34.9163,-8.1055],[-34.916,-8.1066],[-34.9159,-8.108],[-34.9161,-8.1117],[-34.9162,-8.1118],[-34.9163,-8.115],[-34.9167,-8.1156],[-34.921,-8.1193],[-34.9216,-8.1187]]]}},{"type":"Feature","properties":{"c":"b509","b":509,"n":"Iputinga","m":"2611606","cx":-34.9356,"cy":-8.036},"geometry":{"type":"Polygon","coordinates":[[[-34.9267,-8.0398],[-34.928,-8.0421],[-34.9284,-8.0419],[-34.9289,-8.0423],[-34.9295,-8.0435],[-34.9289,-8.0438],[-34.93,-8.0456],[-34.9309,-8.0451],[-34.9317,-8.0465],[-34.9326,-8.047],[-34.9386,-8.0472],[-34.9401,-8.0471],[-34.9402,-8.0474],[-34.9396,-8.0495],[-34.9442,-8.0499],[-34.9439,-8.0463],[-34.9448,-8.0464],[-34.9437,-8.0437],[-34.9435,-8.0435],[-34.9422,-8.0402],[-34.9418,-8.0391],[-34.9456,-8.037],[-34.945,-8.0364],[-34.9445,-8.0349],[-34.9446,-8.0275],[-34.943,-8.0275],[-34.9418,-8.0271],[-34.9413,-8.0266],[-34.9404,-8.0262],[-34.9396,-8.0254],[-34.938,-8.0242],[-34.9379,-8.0234],[-34.9385,-8.0229],[-34.9385,-8.0224],[-34.9378,-8.0221],[-34.9367,-8.0224],[-34.9356,-8.0225],[-34.9341,-8.0225],[-34.9332,-8.0228],[-34.933,-8.0233],[-34.9332,-8.0243],[-34.9331,-8.025],[-34.9321,-8.0258],[-34.9305,-8.0286],[-34.929,-8.0304],[-34.9278,-8.032],[-34.9271,-8.0332],[-34.9265,-8.0345],[-34.9264,-8.0356],[-34.9265,-8.0372],[-34.9264,-8.038],[-34.9259,-8.039],[-34.9267,-8.0398]]]}},{"type":"Feature","properties":{"c":"b510","b":510,"n":"Jaqueira","m":"2611606","cx":-34.9049,"cy":-8.0379},"geometry":{"type":"Polygon","coordinates":[[[-34.9051,-8.0386],[-34.9036,-8.0404],[-34.9033,-8.0414],[-34.9048,-8.0421],[-34.905,-8.0397],[-34.9052,-8.039],[-34.9059,-8.0381],[-34.9068,-8.0375],[-34.9078,-8.0372],[-34.9084,-8.0372],[-34.91,-8.0382],[-34.9103,-8.0377],[-34.9089,-8.0369],[-34.9079,-8.0366],[-34.9069,-8.0358],[-34.9059,-8.0347],[-34.906,-8.0338],[-34.9056,-8.0338],[-34.905,-8.035],[-34.9043,-8.0357],[-34.9026,-8.0347],[-34.9016,-8.0369],[-34.9051,-8.0386]]]}},{"type":"Feature","properties":{"c":"b511","b":511,"n":"Jardim São Paulo","m":"2611606","cx":-34.9442,"cy":-8.0822},"geometry":{"type":"Polygon","coordinates":[[[-34.9339,-8.0796],[-34.9352,-8.08],[-34.9348,-8.083],[-34.9345,-8.0855],[-34.9377,-8.0865],[-34.939,-8.0866],[-34.9405,-8.0864],[-34.9419,-8.0866],[-34.9432,-8.0873],[-34.9468,-8.0895],[-34.948,-8.0897],[-34.9509,-8.0893],[-34.9523,-8.0876],[-34.9539,-8.0859],[-34.9546,-8.0854],[-34.9539,-8.0842],[-34.9538,-8.0827],[-34.953,-8.0817],[-34.9519,-8.0794],[-34.9518,-8.0787],[-34.9508,-8.0779],[-34.9502,-8.078],[-34.9493,-8.0775],[-34.9475,-8.0776],[-34.9474,-8.0766],[-34.9465,-8.0761],[-34.9464,-8.0751],[-34.9458,-8.0752],[-34.9444,-8.0751],[-34.9412,-8.0753],[-34.9399,-8.0752],[-34.9378,-8.0747],[-34.9375,-8.0752],[-34.9378,-8.076],[-34.9376,-8.0766],[-34.9358,-8.0768],[-34.9349,-8.0778],[-34.9347,-8.0778],[-34.9339,-8.0796]]]}},{"type":"Feature","properties":{"c":"b512","b":512,"n":"Jiquiá","m":"2611606","cx":-34.9224,"cy":-8.0861},"geometry":{"type":"MultiPolygon","coordinates":[[[[-34.9352,-8.077],[-34.9347,-8.077],[-34.9339,-8.0778],[-34.9327,-8.0778],[-34.9319,-8.0779],[-34.9317,-8.0784],[-34.9322,-8.0784],[-34.9331,-8.0784],[-34.934,-8.0781],[-34.9344,-8.0777],[-34.9347,-8.0778],[-34.9352,-8.077]]],[[[-34.931,-8.0767],[-34.9315,-8.0763],[-34.9311,-8.075],[-34.9282,-8.0754],[-34.9257,-8.076],[-34.9239,-8.0766],[-34.9233,-8.0766],[-34.9226,-8.0798],[-34.9222,-8.0815],[-34.9245,-8.0829],[-34.9254,-8.0837],[-34.9244,-8.084],[-34.9231,-8.0827],[-34.9228,-8.083],[-34.9232,-8.0835],[-34.923,-8.0838],[-34.9221,-8.0834],[-34.9212,-8.0839],[-34.9187,-8.0848],[-34.9178,-8.0853],[-34.9168,-8.087],[-34.9169,-8.0878],[-34.9165,-8.0888],[-34.9179,-8.0889],[-34.9186,-8.0893],[-34.9192,-8.0906],[-34.9191,-8.0929],[-34.9199,-8.0949],[-34.9199,-8.0959],[-34.9207,-8.0953],[-34.9206,-8.0951],[-34.9214,-8.0945],[-34.9217,-8.0947],[-34.9222,-8.0942],[-34.9254,-8.0927],[-34.9252,-8.0925],[-34.9264,-8.0898],[-34.9265,-8.089],[-34.9281,-8.0847],[-34.9284,-8.0848],[-34.9288,-8.0838],[-34.9265,-8.0831],[-34.9279,-8.082],[-34.9284,-8.0815],[-34.9285,-8.0807],[-34.9289,-8.08],[-34.93,-8.0788],[-34.9313,-8.0783],[-34.9317,-8.0784],[-34.931,-8.0767]]]]}},{"type":"Feature","properties":{"c":"b513","b":513,"n":"Jordão","m":"2611606","cx":-34.94,"cy":-8.1356},"geometry":{"type":"Polygon","coordinates":[[[-34.9475,-8.1376],[-34.9474,-8.1351],[-34.9473,-8.1343],[-34.9468,-8.1332],[-34.945,-8.1312],[-34.9447,-8.1314],[-34.9441,-8.1306],[-34.9427,-8.1316],[-34.9418,-8.1311],[-34.9409,-8.1309],[-34.9401,-8.1297],[-34.9392,-8.1304],[-34.9378,-8.1302],[-34.9334,-8.1293],[-34.9332,-8.1305],[-34.9333,-8.1311],[-34.9342,-8.1307],[-34.9337,-8.1316],[-34.9337,-8.1342],[-34.934,-8.1345],[-34.933,-8.135],[-34.9323,-8.1362],[-34.9295,-8.1377],[-34.9291,-8.1384],[-34.9295,-8.1384],[-34.9294,-8.1407],[-34.9271,-8.1405],[-34.9241,-8.1406],[-34.9216,-8.1399],[-34.9206,-8.1409],[-34.9193,-8.1416],[-34.9181,-8.1419],[-34.9179,-8.1416],[-34.918,-8.1431],[-34.9202,-8.1421],[-34.9216,-8.1416],[-34.9279,-8.1412],[-34.9302,-8.1416],[-34.9323,-8.1419],[-34.9332,-8.1416],[-34.9364,-8.1379],[-34.9372,-8.1368],[-34.9431,-8.1373],[-34.9442,-8.1376],[-34.9474,-8.1376],[-34.9475,-8.1376]]]}},{"type":"Feature","properties":{"c":"b514","b":514,"n":"Linha do Tiro","m":"2611606","cx":-34.9046,"cy":-8.009},"geometry":{"type":"Polygon","coordinates":[[[-34.8996,-8.0041],[-34.8999,-8.0055],[-34.899,-8.0075],[-34.8982,-8.0099],[-34.9003,-8.0104],[-34.9012,-8.0106],[-34.9032,-8.0106],[-34.9039,-8.011],[-34.9051,-8.0128],[-34.9052,-8.0117],[-34.9055,-8.0119],[-34.9062,-8.0126],[-34.9062,-8.013],[-34.9069,-8.0139],[-34.9073,-8.0138],[-34.9082,-8.0129],[-34.909,-8.0125],[-34.9096,-8.0126],[-34.9102,-8.0125],[-34.9113,-8.0133],[-34.9116,-8.0129],[-34.9126,-8.0122],[-34.9104,-8.0113],[-34.9107,-8.0081],[-34.9114,-8.0076],[-34.9109,-8.0077],[-34.9104,-8.0064],[-34.9096,-8.0068],[-34.9091,-8.0073],[-34.9074,-8.0073],[-34.9066,-8.0075],[-34.9061,-8.0072],[-34.9041,-8.0066],[-34.9033,-8.0064],[-34.9024,-8.0054],[-34.9005,-8.0038],[-34.8996,-8.0041]]]}},{"type":"Feature","properties":{"c":"b515","b":515,"n":"Macaxeira","m":"2611606","cx":-34.9302,"cy":-8.0118},"geometry":{"type":"Polygon","coordinates":[[[-34.9356,-8.0099],[-34.9348,-8.0091],[-34.934,-8.0089],[-34.9339,-8.0082],[-34.9334,-8.0064],[-34.9336,-8.0056],[-34.9343,-8.0049],[-34.9341,-8.004],[-34.9336,-8.0036],[-34.933,-8.0039],[-34.9325,-8.0048],[-34.932,-8.005],[-34.9313,-8.0062],[-34.9304,-8.0055],[-34.9297,-8.0059],[-34.9288,-8.0055],[-34.9266,-8.0055],[-34.9255,-8.007],[-34.9259,-8.0073],[-34.9258,-8.0081],[-34.9263,-8.0081],[-34.9267,-8.0087],[-34.9269,-8.0101],[-34.9274,-8.011],[-34.9262,-8.0122],[-34.9261,-8.0135],[-34.9267,-8.0144],[-34.927,-8.0153],[-34.9269,-8.0162],[-34.9274,-8.0176],[-34.9275,-8.0184],[-34.927,-8.0185],[-34.9272,-8.0189],[-34.9279,-8.0188],[-34.9285,-8.0182],[-34.9288,-8.0184],[-34.9282,-8.0198],[-34.9285,-8.0201],[-34.9305,-8.0201],[-34.9306,-8.0198],[-34.9299,-8.0192],[-34.9301,-8.0175],[-34.931,-8.0166],[-34.9331,-8.0183],[-34.9342,-8.0183],[-34.9352,-8.0174],[-34.9352,-8.0163],[-34.9348,-8.0157],[-34.9349,-8.015],[-34.9345,-8.0144],[-34.9343,-8.0128],[-34.9333,-8.012],[-34.9343,-8.0116],[-34.9355,-8.0104],[-34.9356,-8.0099]]]}},{"type":"Feature","properties":{"c":"b516","b":516,"n":"Madalena","m":"2611606","cx":-34.91,"cy":-8.0542},"geometry":{"type":"Polygon","coordinates":[[[-34.9034,-8.0468],[-34.9036,-8.048],[-34.9045,-8.0508],[-34.9042,-8.053],[-34.9034,-8.0558],[-34.9028,-8.0568],[-34.9015,-8.0578],[-34.9009,-8.0589],[-34.9007,-8.0598],[-34.9007,-8.0619],[-34.9045,-8.0612],[-34.9051,-8.0612],[-34.9067,-8.0616],[-34.9067,-8.0614],[-34.9098,-8.0621],[-34.91,-8.0606],[-34.9099,-8.0592],[-34.9108,-8.058],[-34.9107,-8.0579],[-34.9117,-8.0569],[-34.9143,-8.0563],[-34.9165,-8.0555],[-34.9153,-8.0516],[-34.9142,-8.0481],[-34.9092,-8.0475],[-34.9042,-8.0469],[-34.9044,-8.0456],[-34.9037,-8.0455],[-34.9034,-8.0468]]]}},{"type":"Feature","properties":{"c":"b517","b":517,"n":"Mangabeira","m":"2611606","cx":-34.9029,"cy":-8.0236},"geometry":{"type":"Polygon","coordinates":[[[-34.9006,-8.0229],[-34.8997,-8.0248],[-34.8988,-8.0265],[-34.8992,-8.0264],[-34.9034,-8.0264],[-34.9049,-8.0261],[-34.9055,-8.0262],[-34.9066,-8.0256],[-34.9067,-8.0248],[-34.9057,-8.0241],[-34.9053,-8.0227],[-34.9039,-8.0232],[-34.9032,-8.0222],[-34.9039,-8.022],[-34.905,-8.0214],[-34.9049,-8.0211],[-34.9006,-8.0229]]]}},{"type":"Feature","properties":{"c":"b518","b":518,"n":"Mangueira","m":"2611606","cx":-34.9203,"cy":-8.076},"geometry":{"type":"Polygon","coordinates":[[[-34.9171,-8.0754],[-34.9175,-8.0771],[-34.9175,-8.0784],[-34.922,-8.0796],[-34.9226,-8.0798],[-34.9233,-8.0766],[-34.9239,-8.0738],[-34.9239,-8.0731],[-34.923,-8.074],[-34.9222,-8.0744],[-34.9206,-8.0749],[-34.9182,-8.0751],[-34.9174,-8.0753],[-34.9171,-8.0754]]]}},{"type":"Feature","properties":{"c":"b519","b":519,"n":"Monteiro","m":"2611606","cx":-34.9293,"cy":-8.0264},"geometry":{"type":"Polygon","coordinates":[[[-34.929,-8.0304],[-34.9305,-8.0286],[-34.9321,-8.0258],[-34.9331,-8.025],[-34.9332,-8.0243],[-34.933,-8.0233],[-34.9332,-8.0228],[-34.9341,-8.0225],[-34.9337,-8.0213],[-34.9324,-8.0217],[-34.9317,-8.022],[-34.9314,-8.0218],[-34.9308,-8.0215],[-34.9294,-8.0218],[-34.9293,-8.0233],[-34.9285,-8.0238],[-34.928,-8.0248],[-34.9282,-8.0255],[-34.9279,-8.0256],[-34.9273,-8.025],[-34.9264,-8.0248],[-34.9262,-8.0253],[-34.9266,-8.0254],[-34.927,-8.0262],[-34.9268,-8.0267],[-34.9272,-8.0269],[-34.9268,-8.0275],[-34.9264,-8.0274],[-34.9246,-8.0276],[-34.9237,-8.0282],[-34.9241,-8.0287],[-34.9243,-8.0294],[-34.9252,-8.0292],[-34.9258,-8.0295],[-34.9271,-8.0313],[-34.9278,-8.032],[-34.929,-8.0304]]]}},{"type":"Feature","properties":{"c":"b520","b":520,"n":"Morro da Conceição","m":"2611606","cx":-34.9145,"cy":-8.02},"geometry":{"type":"Polygon","coordinates":[[[-34.9131,-8.0235],[-34.9147,-8.0225],[-34.9144,-8.0214],[-34.9158,-8.0211],[-34.9172,-8.0205],[-34.9178,-8.0196],[-34.9176,-8.0186],[-34.9178,-8.0171],[-34.9165,-8.0162],[-34.916,-8.0162],[-34.9151,-8.017],[-34.9137,-8.0169],[-34.9126,-8.018],[-34.9115,-8.0183],[-34.911,-8.0192],[-34.9116,-8.0203],[-34.9117,-8.0229],[-34.9119,-8.0241],[-34.9131,-8.0235]]]}},{"type":"Feature","properties":{"c":"b521","b":521,"n":"Mustardinha","m":"2611606","cx":-34.9193,"cy":-8.0716},"geometry":{"type":"Polygon","coordinates":[[[-34.9182,-8.0751],[-34.9206,-8.0749],[-34.9222,-8.0744],[-34.923,-8.074],[-34.9239,-8.0731],[-34.9241,-8.0724],[-34.9237,-8.0705],[-34.9229,-8.0675],[-34.9213,-8.0685],[-34.9177,-8.0695],[-34.9169,-8.0698],[-34.9166,-8.069],[-34.9158,-8.0675],[-34.9142,-8.0681],[-34.9147,-8.0697],[-34.9149,-8.0708],[-34.9142,-8.071],[-34.9152,-8.0723],[-34.9156,-8.0722],[-34.916,-8.0743],[-34.9171,-8.0742],[-34.9174,-8.0753],[-34.9182,-8.0751]]]}},{"type":"Feature","properties":{"c":"b522","b":522,"n":"Nova Descoberta","m":"2611606","cx":-34.9241,"cy":-8.0077},"geometry":{"type":"Polygon","coordinates":[[[-34.9347,-8.0033],[-34.9353,-8.003],[-34.9357,-8.0019],[-34.9366,-8.0011],[-34.9368,-8.0006],[-34.9363,-7.9991],[-34.9353,-7.9986],[-34.9348,-7.9981],[-34.9343,-7.9978],[-34.9326,-7.9975],[-34.9325,-7.9965],[-34.9319,-7.9955],[-34.9311,-7.9951],[-34.9305,-7.9946],[-34.9299,-7.9951],[-34.929,-7.996],[-34.928,-7.9965],[-34.927,-7.9979],[-34.9251,-8.0],[-34.9246,-8.0004],[-34.9238,-7.9999],[-34.923,-8.0009],[-34.9237,-8.0017],[-34.9228,-8.0019],[-34.9228,-8.0024],[-34.9223,-8.0034],[-34.9217,-8.0035],[-34.9222,-8.0045],[-34.9213,-8.006],[-34.9221,-8.0061],[-34.9226,-8.0072],[-34.9221,-8.0084],[-34.9224,-8.0092],[-34.9232,-8.0097],[-34.9232,-8.0128],[-34.923,-8.0133],[-34.9234,-8.0158],[-34.9238,-8.016],[-34.9244,-8.0175],[-34.9242,-8.0177],[-34.9244,-8.019],[-34.9247,-8.019],[-34.9252,-8.0198],[-34.9254,-8.0203],[-34.9267,-8.0199],[-34.9279,-8.0188],[-34.9272,-8.0189],[-34.927,-8.0185],[-34.9275,-8.0184],[-34.9274,-8.0176],[-34.9269,-8.0162],[-34.927,-8.0153],[-34.9267,-8.0144],[-34.9261,-8.0135],[-34.9262,-8.0122],[-34.9274,-8.011],[-34.9269,-8.0101],[-34.9267,-8.0087],[-34.9263,-8.0081],[-34.9258,-8.0081],[-34.9259,-8.0073],[-34.9255,-8.007],[-34.9266,-8.0055],[-34.9288,-8.0055],[-34.9297,-8.0059],[-34.9304,-8.0055],[-34.9313,-8.0062],[-34.932,-8.005],[-34.9325,-8.0048],[-34.933,-8.0039],[-34.9336,-8.0036],[-34.9341,-8.004],[-34.9347,-8.0033]]]}},{"type":"Feature","properties":{"c":"b523","b":523,"n":"Paissandu","m":"2611606","cx":-34.8985,"cy":-8.0636},"geometry":{"type":"Polygon","coordinates":[[[-34.8949,-8.0635],[-34.8974,-8.0638],[-34.8971,-8.0655],[-34.8968,-8.0675],[-34.898,-8.0677],[-34.8992,-8.0675],[-34.8998,-8.0672],[-34.9005,-8.066],[-34.9008,-8.065],[-34.9009,-8.0638],[-34.9007,-8.0619],[-34.9,-8.062],[-34.8999,-8.0615],[-34.8982,-8.0596],[-34.8979,-8.0595],[-34.8976,-8.0624],[-34.8945,-8.0598],[-34.8948,-8.0604],[-34.8952,-8.0628],[-34.8949,-8.0635]]]}},{"type":"Feature","properties":{"c":"b524","b":524,"n":"Parnamirim","m":"2611606","cx":-34.911,"cy":-8.034},"geometry":{"type":"Polygon","coordinates":[[[-34.9079,-8.0326],[-34.9073,-8.0326],[-34.9068,-8.0335],[-34.906,-8.0338],[-34.9059,-8.0347],[-34.9069,-8.0358],[-34.9079,-8.0366],[-34.9089,-8.0369],[-34.9103,-8.0377],[-34.9113,-8.0378],[-34.9147,-8.0372],[-34.9139,-8.0365],[-34.9147,-8.0349],[-34.9161,-8.0343],[-34.9159,-8.0338],[-34.9165,-8.0331],[-34.9156,-8.0322],[-34.9153,-8.0315],[-34.913,-8.0323],[-34.9118,-8.0306],[-34.9109,-8.0299],[-34.9093,-8.0308],[-34.9088,-8.0312],[-34.9086,-8.031],[-34.9079,-8.0326]]]}},{"type":"Feature","properties":{"c":"b525","b":525,"n":"Passarinho","m":"2611606","cx":-34.9191,"cy":-7.9762},"geometry":{"type":"Polygon","coordinates":[[[-34.9151,-7.983],[-34.9157,-7.984],[-34.9161,-7.9842],[-34.9162,-7.9849],[-34.9167,-7.9851],[-34.9162,-7.9854],[-34.9162,-7.9864],[-34.9167,-7.9867],[-34.9166,-7.9872],[-34.9184,-7.9872],[-34.9192,-7.9877],[-34.919,-7.9888],[-34.9201,-7.9894],[-34.9212,-7.9903],[-34.9237,-7.9927],[-34.9231,-7.9938],[-34.9232,-7.9948],[-34.9226,-7.9959],[-34.9216,-7.9988],[-34.9212,-7.9992],[-34.9215,-7.9995],[-34.9229,-7.9986],[-34.9231,-7.9982],[-34.9244,-7.9972],[-34.9243,-7.9966],[-34.9249,-7.9952],[-34.926,-7.9927],[-34.927,-7.9917],[-34.9277,-7.992],[-34.9285,-7.9912],[-34.9288,-7.9895],[-34.9295,-7.9882],[-34.9309,-7.9878],[-34.9305,-7.987],[-34.9313,-7.9869],[-34.9327,-7.9862],[-34.9319,-7.9851],[-34.9318,-7.984],[-34.9321,-7.9823],[-34.9318,-7.9816],[-34.9312,-7.9809],[-34.9299,-7.9798],[-34.9277,-7.9784],[-34.9266,-7.9773],[-34.9256,-7.9766],[-34.9235,-7.9758],[-34.9227,-7.9752],[-34.922,-7.9741],[-34.9209,-7.9708],[-34.9202,-7.9695],[-34.9172,-7.9652],[-34.9161,-7.9638],[-34.9156,-7.9635],[-34.9142,-7.9623],[-34.9132,-7.9613],[-34.9128,-7.9604],[-34.9118,-7.9575],[-34.9112,-7.9545],[-34.9108,-7.9537],[-34.9103,-7.9538],[-34.9129,-7.9698],[-34.9135,-7.9749],[-34.9139,-7.9794],[-34.9141,-7.98],[-34.9138,-7.9822],[-34.9151,-7.983]]]}},{"type":"Feature","properties":{"c":"b526","b":526,"n":"Pau Ferro","m":"2611606","cx":-34.9738,"cy":-7.9677},"geometry":{"type":"Polygon","coordinates":[[[-34.9722,-7.9718],[-34.9734,-7.9697],[-34.9747,-7.9689],[-34.9752,-7.9688],[-34.9766,-7.9692],[-34.9773,-7.969],[-34.9775,-7.9686],[-34.9771,-7.9675],[-34.9766,-7.9672],[-34.9761,-7.9665],[-34.9761,-7.965],[-34.9755,-7.9642],[-34.9743,-7.964],[-34.9733,-7.9635],[-34.9728,-7.9638],[-34.9716,-7.9637],[-34.9717,-7.9639],[-34.9709,-7.9639],[-34.9714,-7.965],[-34.9712,-7.9658],[-34.9715,-7.9663],[-34.9707,-7.9668],[-34.9705,-7.9678],[-34.9697,-7.9693],[-34.9704,-7.97],[-34.9707,-7.9705],[-34.9709,-7.9716],[-34.9722,-7.9718]]]}},{"type":"Feature","properties":{"c":"b527","b":527,"n":"Peixinhos","m":"2611606","cx":-34.8765,"cy":-8.0192},"geometry":{"type":"Polygon","coordinates":[[[-34.8802,-8.0216],[-34.8796,-8.0213],[-34.8794,-8.0209],[-34.8798,-8.0186],[-34.8791,-8.0179],[-34.8794,-8.0167],[-34.8793,-8.0161],[-34.8776,-8.0165],[-34.8729,-8.0173],[-34.8734,-8.0201],[-34.8734,-8.0202],[-34.8744,-8.0199],[-34.8786,-8.0223],[-34.8795,-8.0226],[-34.8798,-8.0225],[-34.8802,-8.0216]]]}},{"type":"Feature","properties":{"c":"b528","b":528,"n":"Pina","m":"2611606","cx":-34.8944,"cy":-8.0966},"geometry":{"type":"Polygon","coordinates":[[[-34.8833,-8.0844],[-34.8829,-8.0861],[-34.8825,-8.087],[-34.8823,-8.0878],[-34.8817,-8.0888],[-34.8815,-8.0895],[-34.8817,-8.0906],[-34.8795,-8.0911],[-34.8802,-8.093],[-34.8811,-8.0962],[-34.8819,-8.0984],[-34.8828,-8.1005],[-34.8865,-8.0988],[-34.8889,-8.1041],[-34.8896,-8.1038],[-34.8914,-8.1054],[-34.8925,-8.1061],[-34.8924,-8.1063],[-34.8941,-8.1076],[-34.8948,-8.1078],[-34.8968,-8.1077],[-34.8977,-8.108],[-34.8987,-8.1091],[-34.8996,-8.1105],[-34.8999,-8.1113],[-34.9005,-8.1112],[-34.9015,-8.1094],[-34.9016,-8.1078],[-34.902,-8.1072],[-34.9034,-8.1068],[-34.9043,-8.1061],[-34.9047,-8.1055],[-34.9047,-8.1045],[-34.9041,-8.1031],[-34.9042,-8.1024],[-34.9052,-8.1013],[-34.9057,-8.1002],[-34.9065,-8.0988],[-34.9073,-8.0971],[-34.9078,-8.0956],[-34.9078,-8.0942],[-34.9073,-8.0926],[-34.9066,-8.0918],[-34.9059,-8.0914],[-34.9051,-8.0908],[-34.9043,-8.0895],[-34.9038,-8.0879],[-34.9037,-8.0863],[-34.9033,-8.0846],[-34.9023,-8.0841],[-34.9005,-8.0834],[-34.8994,-8.0827],[-34.8963,-8.0823],[-34.8932,-8.0826],[-34.8915,-8.0829],[-34.8886,-8.0834],[-34.8883,-8.0837],[-34.8877,-8.0837],[-34.8868,-8.0839],[-34.8859,-8.0837],[-34.8839,-8.0828],[-34.8833,-8.0844]]]}},{"type":"Feature","properties":{"c":"b529","b":529,"n":"Ponto de Parada","m":"2611606","cx":-34.8924,"cy":-8.0294},"geometry":{"type":"Polygon","coordinates":[[[-34.8952,-8.0283],[-34.8952,-8.0281],[-34.8899,-8.0277],[-34.8895,-8.0286],[-34.8897,-8.029],[-34.8898,-8.0297],[-34.8918,-8.03],[-34.8915,-8.0311],[-34.894,-8.0316],[-34.895,-8.0312],[-34.8952,-8.0283]]]}},{"type":"Feature","properties":{"c":"b530","b":530,"n":"Porto da Madeira","m":"2611606","cx":-34.8897,"cy":-8.0072},"geometry":{"type":"Polygon","coordinates":[[[-34.8937,-8.0084],[-34.8943,-8.0081],[-34.8939,-8.0078],[-34.8927,-8.0058],[-34.8916,-8.0035],[-34.891,-8.0034],[-34.8896,-8.0042],[-34.8887,-8.0044],[-34.8881,-8.0048],[-34.8871,-8.0055],[-34.8861,-8.0057],[-34.885,-8.0066],[-34.8883,-8.0089],[-34.8882,-8.0105],[-34.8893,-8.0113],[-34.89,-8.011],[-34.8911,-8.011],[-34.8911,-8.0108],[-34.8921,-8.0109],[-34.8932,-8.0091],[-34.8937,-8.0084]]]}},{"type":"Feature","properties":{"c":"b531","b":531,"n":"Poço","m":"2611606","cx":-34.9236,"cy":-8.0352},"geometry":{"type":"Polygon","coordinates":[[[-34.9264,-8.038],[-34.9265,-8.0372],[-34.9264,-8.0356],[-34.9265,-8.0345],[-34.9271,-8.0332],[-34.9278,-8.032],[-34.9271,-8.0313],[-34.9258,-8.0295],[-34.9252,-8.0292],[-34.9243,-8.0294],[-34.9241,-8.0287],[-34.9216,-8.0296],[-34.9223,-8.0312],[-34.9237,-8.032],[-34.9226,-8.0336],[-34.9217,-8.034],[-34.921,-8.0347],[-34.9201,-8.036],[-34.9201,-8.0365],[-34.9193,-8.0374],[-34.9186,-8.0379],[-34.9178,-8.038],[-34.9185,-8.0391],[-34.9191,-8.0398],[-34.92,-8.0421],[-34.9225,-8.0405],[-34.9238,-8.0402],[-34.9253,-8.0396],[-34.9259,-8.039],[-34.9264,-8.038]]]}},{"type":"Feature","properties":{"c":"b532","b":532,"n":"Prado","m":"2611606","cx":-34.9167,"cy":-8.0611},"geometry":{"type":"Polygon","coordinates":[[[-34.9258,-8.0605],[-34.9249,-8.0578],[-34.924,-8.0555],[-34.9214,-8.0562],[-34.917,-8.0574],[-34.9165,-8.0555],[-34.9143,-8.0563],[-34.9117,-8.0569],[-34.9107,-8.0579],[-34.9108,-8.058],[-34.9099,-8.0592],[-34.91,-8.0606],[-34.9098,-8.0621],[-34.9092,-8.065],[-34.9111,-8.0641],[-34.912,-8.0639],[-34.9133,-8.0633],[-34.9141,-8.0661],[-34.9171,-8.0647],[-34.9183,-8.0636],[-34.9183,-8.063],[-34.9187,-8.0626],[-34.9202,-8.0623],[-34.9207,-8.0624],[-34.9212,-8.0616],[-34.9216,-8.0615],[-34.9258,-8.0605]]]}},{"type":"Feature","properties":{"c":"b533","b":533,"n":"Recife","m":"2611606","cx":-34.871,"cy":-8.0558},"geometry":{"type":"MultiPolygon","coordinates":[[[[-34.8692,-8.0587],[-34.8708,-8.0633],[-34.8729,-8.0672],[-34.8735,-8.0667],[-34.8738,-8.067],[-34.8746,-8.0659],[-34.8747,-8.0652],[-34.8747,-8.0641],[-34.8744,-8.063],[-34.8738,-8.0607],[-34.8736,-8.0594],[-34.8739,-8.058],[-34.874,-8.0568],[-34.8736,-8.0546],[-34.8732,-8.0523],[-34.8726,-8.0506],[-34.872,-8.05],[-34.8707,-8.048],[-34.8697,-8.0458],[-34.8687,-8.0439],[-34.866,-8.0451],[-34.8673,-8.0477],[-34.8682,-8.0497],[-34.8678,-8.0549],[-34.8692,-8.0587]]],[[[-34.8738,-8.0745],[-34.8728,-8.0721],[-34.872,-8.07],[-34.8728,-8.0697],[-34.8725,-8.0693],[-34.8719,-8.0696],[-34.8707,-8.0669],[-34.8698,-8.0652],[-34.8687,-8.0623],[-34.8671,-8.0587],[-34.8655,-8.0548],[-34.8629,-8.0493],[-34.8622,-8.048],[-34.8614,-8.0476],[-34.8592,-8.047],[-34.859,-8.0472],[-34.8615,-8.0478],[-34.8622,-8.0485],[-34.8638,-8.0517],[-34.8663,-8.0572],[-34.8666,-8.0583],[-34.8677,-8.0609],[-34.8684,-8.0627],[-34.8687,-8.0632],[-34.8705,-8.0669],[-34.8718,-8.0706],[-34.8736,-8.0747],[-34.8738,-8.0746],[-34.8738,-8.0745]]]]}},{"type":"Feature","properties":{"c":"b534","b":534,"n":"Rosarinho","m":"2611606","cx":-34.8973,"cy":-8.0325},"geometry":{"type":"Polygon","coordinates":[[[-34.895,-8.0312],[-34.8965,-8.0335],[-34.8981,-8.037],[-34.8994,-8.0363],[-34.8992,-8.0353],[-34.9003,-8.0351],[-34.8982,-8.0316],[-34.8986,-8.0311],[-34.897,-8.029],[-34.8958,-8.0284],[-34.8952,-8.0283],[-34.895,-8.0312]]]}},{"type":"Feature","properties":{"c":"b535","b":535,"n":"San Martin","m":"2611606","cx":-34.928,"cy":-8.0692},"geometry":{"type":"Polygon","coordinates":[[[-34.9239,-8.0738],[-34.9233,-8.0766],[-34.9239,-8.0766],[-34.9257,-8.076],[-34.9282,-8.0754],[-34.9311,-8.075],[-34.9315,-8.0763],[-34.931,-8.0767],[-34.9317,-8.0784],[-34.9319,-8.0779],[-34.9327,-8.0778],[-34.9339,-8.0778],[-34.9347,-8.077],[-34.9352,-8.077],[-34.9386,-8.072],[-34.9389,-8.0708],[-34.9346,-8.0689],[-34.9328,-8.0695],[-34.9309,-8.0636],[-34.9301,-8.0617],[-34.9275,-8.0606],[-34.9258,-8.0605],[-34.9216,-8.0615],[-34.9218,-8.0633],[-34.922,-8.0641],[-34.9228,-8.0638],[-34.9239,-8.0669],[-34.9229,-8.0675],[-34.9237,-8.0705],[-34.9241,-8.0724],[-34.9239,-8.0731],[-34.9239,-8.0738]]]}},{"type":"Feature","properties":{"c":"b536","b":536,"n":"Sancho","m":"2611606","cx":-34.9616,"cy":-8.0846},"geometry":{"type":"Polygon","coordinates":[[[-34.9663,-8.0858],[-34.967,-8.085],[-34.9662,-8.0822],[-34.9658,-8.0815],[-34.9633,-8.0817],[-34.96,-8.0822],[-34.9584,-8.0828],[-34.9564,-8.0842],[-34.9564,-8.0872],[-34.9585,-8.088],[-34.9591,-8.088],[-34.9646,-8.0869],[-34.9656,-8.0871],[-34.9663,-8.0858]]]}},{"type":"Feature","properties":{"c":"b537","b":537,"n":"Santana","m":"2611606","cx":-34.9156,"cy":-8.0402},"geometry":{"type":"Polygon","coordinates":[[[-34.9113,-8.0378],[-34.9103,-8.0377],[-34.91,-8.0382],[-34.9111,-8.0392],[-34.9122,-8.0407],[-34.9128,-8.0419],[-34.9137,-8.0426],[-34.9148,-8.0432],[-34.9166,-8.0433],[-34.9184,-8.043],[-34.92,-8.0421],[-34.9191,-8.0398],[-34.9185,-8.0391],[-34.9178,-8.038],[-34.9159,-8.0378],[-34.9147,-8.0372],[-34.9113,-8.0378]]]}},{"type":"Feature","properties":{"c":"b538","b":538,"n":"Santo Amaro","m":"2611606","cx":-34.8816,"cy":-8.0479},"geometry":{"type":"Polygon","coordinates":[[[-34.8693,-8.0369],[-34.8696,-8.0373],[-34.8694,-8.0378],[-34.8695,-8.0397],[-34.8702,-8.0408],[-34.8729,-8.0445],[-34.8742,-8.0473],[-34.8728,-8.0483],[-34.8731,-8.049],[-34.8729,-8.05],[-34.8735,-8.0508],[-34.8737,-8.0506],[-34.8753,-8.053],[-34.8765,-8.0553],[-34.8772,-8.056],[-34.8781,-8.0574],[-34.8799,-8.0596],[-34.8828,-8.0578],[-34.8842,-8.0578],[-34.8863,-8.0567],[-34.8894,-8.055],[-34.8898,-8.0544],[-34.89,-8.0532],[-34.89,-8.0497],[-34.8898,-8.0476],[-34.89,-8.0451],[-34.8892,-8.0446],[-34.8848,-8.0425],[-34.8813,-8.0408],[-34.8764,-8.0386],[-34.8712,-8.0362],[-34.8699,-8.0363],[-34.8693,-8.0369]]]}},{"type":"Feature","properties":{"c":"b539","b":539,"n":"Santo Antônio","m":"2611606","cx":-34.8787,"cy":-8.0643},"geometry":{"type":"Polygon","coordinates":[[[-34.876,-8.0669],[-34.8764,-8.0686],[-34.8776,-8.0682],[-34.8786,-8.0676],[-34.8794,-8.0684],[-34.8808,-8.0673],[-34.8828,-8.0667],[-34.883,-8.0673],[-34.884,-8.0664],[-34.8843,-8.0659],[-34.8825,-8.0653],[-34.8817,-8.0646],[-34.8812,-8.0639],[-34.8802,-8.0619],[-34.8783,-8.0597],[-34.8774,-8.0593],[-34.8766,-8.0598],[-34.8764,-8.0615],[-34.876,-8.0618],[-34.8761,-8.063],[-34.876,-8.0648],[-34.8757,-8.0668],[-34.876,-8.0669]]]}},{"type":"Feature","properties":{"c":"b540","b":540,"n":"Soledade","m":"2611606","cx":-34.8895,"cy":-8.0566},"geometry":{"type":"Polygon","coordinates":[[[-34.887,-8.0578],[-34.8862,-8.0592],[-34.8864,-8.0596],[-34.89,-8.0575],[-34.8899,-8.0585],[-34.8902,-8.0604],[-34.8915,-8.0606],[-34.8913,-8.0593],[-34.893,-8.059],[-34.8926,-8.0565],[-34.8914,-8.0544],[-34.8923,-8.0526],[-34.89,-8.0532],[-34.8898,-8.0544],[-34.8894,-8.055],[-34.8863,-8.0567],[-34.887,-8.0578]]]}},{"type":"Feature","properties":{"c":"b541","b":541,"n":"São José","m":"2611606","cx":-34.883,"cy":-8.0724},"geometry":{"type":"Polygon","coordinates":[[[-34.8876,-8.0705],[-34.887,-8.0698],[-34.8861,-8.0666],[-34.8856,-8.0659],[-34.8847,-8.0653],[-34.8843,-8.0659],[-34.884,-8.0664],[-34.883,-8.0673],[-34.8828,-8.0667],[-34.8808,-8.0673],[-34.8794,-8.0684],[-34.8786,-8.0676],[-34.8776,-8.0682],[-34.8764,-8.0686],[-34.876,-8.0669],[-34.8757,-8.0668],[-34.8755,-8.0672],[-34.8742,-8.0683],[-34.8747,-8.0694],[-34.8753,-8.0711],[-34.8759,-8.0715],[-34.8783,-8.0726],[-34.8797,-8.0733],[-34.8811,-8.0739],[-34.8823,-8.0742],[-34.8858,-8.0756],[-34.8874,-8.0763],[-34.8892,-8.077],[-34.8896,-8.0774],[-34.8905,-8.0771],[-34.8915,-8.0774],[-34.892,-8.076],[-34.8964,-8.0775],[-34.902,-8.0794],[-34.9021,-8.0794],[-34.9028,-8.0775],[-34.9039,-8.0758],[-34.9027,-8.0752],[-34.8981,-8.0738],[-34.8942,-8.0728],[-34.893,-8.0727],[-34.8896,-8.0729],[-34.8885,-8.0727],[-34.8879,-8.0723],[-34.8885,-8.071],[-34.8876,-8.0705]]]}},{"type":"Feature","properties":{"c":"b542","b":542,"n":"Sítio dos Pintos - São Brás","m":"2611606","cx":-34.9574,"cy":-8.0156},"geometry":{"type":"Polygon","coordinates":[[[-34.957,-8.0222],[-34.9588,-8.0216],[-34.9598,-8.0214],[-34.9621,-8.0207],[-34.9628,-8.0171],[-34.9644,-8.0089],[-34.9629,-8.0082],[-34.9607,-8.0085],[-34.9594,-8.0082],[-34.9589,-8.0084],[-34.9584,-8.0077],[-34.9574,-8.0072],[-34.9556,-8.0082],[-34.9553,-8.0089],[-34.9539,-8.0104],[-34.9527,-8.0108],[-34.9522,-8.0115],[-34.952,-8.0129],[-34.9517,-8.0137],[-34.9519,-8.0148],[-34.9517,-8.0164],[-34.9514,-8.0168],[-34.9528,-8.0184],[-34.9546,-8.0199],[-34.9553,-8.021],[-34.9558,-8.0225],[-34.957,-8.0222]]]}},{"type":"Feature","properties":{"c":"b543","b":543,"n":"Tamarineira","m":"2611606","cx":-34.9034,"cy":-8.0313},"geometry":{"type":"Polygon","coordinates":[[[-34.9068,-8.0335],[-34.9073,-8.0326],[-34.9079,-8.0326],[-34.9086,-8.031],[-34.9071,-8.0301],[-34.9075,-8.0299],[-34.9066,-8.0256],[-34.9055,-8.0262],[-34.9049,-8.0261],[-34.9034,-8.0264],[-34.8992,-8.0264],[-34.8988,-8.0265],[-34.8974,-8.027],[-34.8952,-8.0281],[-34.8952,-8.0283],[-34.8958,-8.0284],[-34.897,-8.029],[-34.8986,-8.0311],[-34.8982,-8.0316],[-34.9003,-8.0351],[-34.8992,-8.0353],[-34.8994,-8.0363],[-34.9001,-8.0362],[-34.9016,-8.0369],[-34.9026,-8.0347],[-34.9043,-8.0357],[-34.905,-8.035],[-34.9056,-8.0338],[-34.906,-8.0338],[-34.9068,-8.0335]]]}},{"type":"Feature","properties":{"c":"b544","b":544,"n":"Tejipió","m":"2611606","cx":-34.9569,"cy":-8.0896},"geometry":{"type":"Polygon","coordinates":[[[-34.9617,-8.0938],[-34.9625,-8.0939],[-34.9636,-8.0932],[-34.9646,-8.0916],[-34.9662,-8.0904],[-34.9659,-8.0899],[-34.965,-8.0898],[-34.9652,-8.0885],[-34.9656,-8.0871],[-34.9646,-8.0869],[-34.9591,-8.088],[-34.9585,-8.088],[-34.9564,-8.0872],[-34.9564,-8.0842],[-34.9546,-8.0854],[-34.9539,-8.0859],[-34.9523,-8.0876],[-34.9509,-8.0893],[-34.948,-8.0897],[-34.9468,-8.0895],[-34.9468,-8.091],[-34.9471,-8.0925],[-34.9534,-8.09],[-34.9576,-8.091],[-34.9575,-8.0918],[-34.959,-8.0926],[-34.959,-8.0931],[-34.9595,-8.0933],[-34.9597,-8.0938],[-34.9602,-8.0939],[-34.9603,-8.095],[-34.961,-8.0951],[-34.9612,-8.0946],[-34.9614,-8.095],[-34.9617,-8.0938]]]}},{"type":"Feature","properties":{"c":"b545","b":545,"n":"Torre","m":"2611606","cx":-34.9094,"cy":-8.0429},"geometry":{"type":"Polygon","coordinates":[[[-34.9151,-8.0484],[-34.9177,-8.0484],[-34.9167,-8.0455],[-34.9166,-8.0433],[-34.9148,-8.0432],[-34.9137,-8.0426],[-34.9128,-8.0419],[-34.9122,-8.0407],[-34.9111,-8.0392],[-34.91,-8.0382],[-34.9084,-8.0372],[-34.9078,-8.0372],[-34.9068,-8.0375],[-34.9059,-8.0381],[-34.9052,-8.039],[-34.905,-8.0397],[-34.9048,-8.0421],[-34.9045,-8.0436],[-34.9037,-8.0455],[-34.9044,-8.0456],[-34.9042,-8.0469],[-34.9092,-8.0475],[-34.9142,-8.0481],[-34.9151,-8.0484]]]}},{"type":"Feature","properties":{"c":"b546","b":546,"n":"Torreão","m":"2611606","cx":-34.884,"cy":-8.0401},"geometry":{"type":"Polygon","coordinates":[[[-34.8838,-8.0378],[-34.8836,-8.039],[-34.8827,-8.0386],[-34.8818,-8.0398],[-34.8813,-8.0408],[-34.8848,-8.0425],[-34.8867,-8.0405],[-34.8838,-8.0378]]]}},{"type":"Feature","properties":{"c":"b547","b":547,"n":"Torrões","m":"2611606","cx":-34.9367,"cy":-8.0612},"geometry":{"type":"Polygon","coordinates":[[[-34.9455,-8.0607],[-34.9447,-8.0621],[-34.944,-8.0631],[-34.943,-8.0637],[-34.9418,-8.0636],[-34.9411,-8.0606],[-34.9393,-8.0531],[-34.9388,-8.0529],[-34.9384,-8.0522],[-34.938,-8.052],[-34.9376,-8.0523],[-34.9374,-8.053],[-34.9367,-8.0528],[-34.9363,-8.0543],[-34.9344,-8.0536],[-34.935,-8.0547],[-34.9339,-8.0553],[-34.9338,-8.0551],[-34.9312,-8.0582],[-34.9319,-8.0596],[-34.9323,-8.0627],[-34.9301,-8.0617],[-34.9309,-8.0636],[-34.9328,-8.0695],[-34.9346,-8.0689],[-34.9368,-8.0682],[-34.9422,-8.0667],[-34.9445,-8.0636],[-34.9453,-8.0617],[-34.9456,-8.0607],[-34.9455,-8.0607]]]}},{"type":"Feature","properties":{"c":"b548","b":548,"n":"Totó","m":"2611606","cx":-34.968,"cy":-8.0827},"geometry":{"type":"Polygon","coordinates":[[[-34.9712,-8.0823],[-34.9709,-8.0817],[-34.9711,-8.0816],[-34.9711,-8.0812],[-34.9702,-8.0805],[-34.9701,-8.0807],[-34.9682,-8.0811],[-34.9658,-8.0815],[-34.9662,-8.0822],[-34.967,-8.085],[-34.9679,-8.084],[-34.968,-8.0835],[-34.9684,-8.0839],[-34.9693,-8.0828],[-34.9702,-8.0825],[-34.9702,-8.082],[-34.971,-8.0823],[-34.9713,-8.0837],[-34.9712,-8.0823]]]}},{"type":"Feature","properties":{"c":"b549","b":549,"n":"Vasco da Gama","m":"2611606","cx":-34.9194,"cy":-8.012},"geometry":{"type":"Polygon","coordinates":[[[-34.9252,-8.0198],[-34.9247,-8.019],[-34.9244,-8.019],[-34.9242,-8.0177],[-34.9244,-8.0175],[-34.9238,-8.016],[-34.9234,-8.0158],[-34.923,-8.0133],[-34.9232,-8.0128],[-34.9232,-8.0097],[-34.9224,-8.0092],[-34.9221,-8.0084],[-34.9226,-8.0072],[-34.9221,-8.0061],[-34.9213,-8.006],[-34.9222,-8.0045],[-34.9217,-8.0035],[-34.9192,-8.0026],[-34.9162,-8.0048],[-34.9147,-8.0058],[-34.9135,-8.0062],[-34.9123,-8.0072],[-34.9123,-8.0075],[-34.9146,-8.0099],[-34.9153,-8.0115],[-34.9155,-8.0114],[-34.9157,-8.0125],[-34.9162,-8.0136],[-34.9166,-8.0148],[-34.9158,-8.0153],[-34.9165,-8.0159],[-34.9165,-8.0162],[-34.9178,-8.0171],[-34.9176,-8.0186],[-34.9178,-8.0196],[-34.9172,-8.0205],[-34.9177,-8.0213],[-34.9185,-8.0211],[-34.9227,-8.0207],[-34.9254,-8.0203],[-34.9252,-8.0198]]]}},{"type":"Feature","properties":{"c":"b550","b":550,"n":"Várzea","m":"2611606","cx":-34.9776,"cy":-8.0487},"geometry":{"type":"Polygon","coordinates":[[[-34.9627,-8.0649],[-34.9658,-8.0662],[-34.9753,-8.0708],[-34.9759,-8.0711],[-34.98,-8.0722],[-34.9806,-8.0673],[-34.9826,-8.0689],[-34.9831,-8.0692],[-34.9856,-8.0713],[-34.9861,-8.0716],[-34.9872,-8.0716],[-34.9894,-8.0712],[-34.9895,-8.0709],[-34.9892,-8.0696],[-34.9893,-8.0692],[-34.9901,-8.0689],[-34.9916,-8.0669],[-34.992,-8.0666],[-34.993,-8.0664],[-34.9933,-8.0652],[-34.9938,-8.0636],[-34.9931,-8.0626],[-34.9931,-8.0622],[-34.9945,-8.0623],[-34.9951,-8.0624],[-34.9954,-8.061],[-34.9957,-8.0607],[-34.9962,-8.0609],[-34.9971,-8.0615],[-34.998,-8.0625],[-34.9988,-8.0627],[-35.0003,-8.0639],[-35.0018,-8.0639],[-35.0027,-8.064],[-35.0033,-8.0628],[-35.0049,-8.0627],[-35.0052,-8.0621],[-35.0064,-8.0604],[-35.0066,-8.0597],[-35.0088,-8.0601],[-35.0094,-8.0603],[-35.0101,-8.0592],[-35.0107,-8.0591],[-35.0113,-8.0595],[-35.0123,-8.059],[-35.0123,-8.058],[-35.0135,-8.0569],[-35.0137,-8.0563],[-35.0146,-8.0563],[-35.0149,-8.0559],[-35.0167,-8.0558],[-35.0052,-8.0507],[-34.9964,-8.0467],[-34.9948,-8.0461],[-34.9943,-8.0444],[-34.9935,-8.0436],[-34.9933,-8.0427],[-34.9937,-8.0404],[-34.994,-8.0398],[-34.995,-8.0383],[-34.9961,-8.0369],[-34.9963,-8.0358],[-34.9965,-8.0353],[-34.996,-8.0349],[-34.9962,-8.0336],[-34.9958,-8.0332],[-34.995,-8.033],[-34.9937,-8.032],[-34.9909,-8.0323],[-34.9902,-8.0327],[-34.9896,-8.0337],[-34.9885,-8.0351],[-34.9873,-8.0362],[-34.986,-8.0367],[-34.9847,-8.0355],[-34.9835,-8.0349],[-34.9823,-8.0348],[-34.9818,-8.034],[-34.9799,-8.0327],[-34.9802,-8.0319],[-34.9797,-8.0307],[-34.9787,-8.0294],[-34.9772,-8.0293],[-34.9768,-8.029],[-34.9761,-8.0289],[-34.9754,-8.0298],[-34.9748,-8.0299],[-34.9741,-8.0293],[-34.9684,-8.0226],[-34.968,-8.0224],[-34.9671,-8.0225],[-34.9665,-8.0221],[-34.966,-8.0212],[-34.964,-8.0221],[-34.9631,-8.0226],[-34.9628,-8.023],[-34.9627,-8.0238],[-34.9619,-8.0244],[-34.9601,-8.0273],[-34.9588,-8.0296],[-34.9584,-8.0299],[-34.9528,-8.0331],[-34.9498,-8.0347],[-34.9456,-8.037],[-34.9418,-8.0391],[-34.9422,-8.0402],[-34.9435,-8.0435],[-34.9437,-8.0437],[-34.9448,-8.0464],[-34.9468,-8.0464],[-34.9538,-8.0464],[-34.9566,-8.0564],[-34.9571,-8.0562],[-34.9578,-8.057],[-34.9584,-8.0569],[-34.9581,-8.0559],[-34.9591,-8.0557],[-34.9585,-8.058],[-34.958,-8.0589],[-34.9581,-8.0593],[-34.9577,-8.0596],[-34.9582,-8.0613],[-34.9569,-8.0612],[-34.9627,-8.0649]]]}},{"type":"Feature","properties":{"c":"b551","b":551,"n":"Zumbí","m":"2611606","cx":-34.9179,"cy":-8.0536},"geometry":{"type":"Polygon","coordinates":[[[-34.9151,-8.0484],[-34.9142,-8.0481],[-34.9153,-8.0516],[-34.9165,-8.0555],[-34.917,-8.0574],[-34.9214,-8.0562],[-34.9189,-8.0516],[-34.9177,-8.0484],[-34.9151,-8.0484]]]}},{"type":"Feature","properties":{"c":"b552","b":552,"n":"Água Fria","m":"2611606","cx":-34.9002,"cy":-8.0157},"geometry":{"type":"Polygon","coordinates":[[[-34.8865,-8.0214],[-34.8872,-8.0234],[-34.8909,-8.0219],[-34.8931,-8.0212],[-34.8938,-8.0232],[-34.8971,-8.0238],[-34.8972,-8.0239],[-34.8968,-8.022],[-34.8977,-8.0217],[-34.8974,-8.021],[-34.8978,-8.0206],[-34.8982,-8.0195],[-34.8987,-8.0199],[-34.9,-8.0196],[-34.9016,-8.0197],[-34.9018,-8.019],[-34.9034,-8.019],[-34.9039,-8.0177],[-34.904,-8.0181],[-34.9046,-8.0184],[-34.9056,-8.0174],[-34.906,-8.0174],[-34.9062,-8.0168],[-34.9064,-8.0152],[-34.9062,-8.0143],[-34.9053,-8.0135],[-34.9051,-8.0128],[-34.9039,-8.011],[-34.9032,-8.0106],[-34.9012,-8.0106],[-34.9003,-8.0104],[-34.8982,-8.0099],[-34.8969,-8.0091],[-34.8965,-8.0078],[-34.8959,-8.0077],[-34.8943,-8.0081],[-34.8937,-8.0084],[-34.8932,-8.0091],[-34.8943,-8.0097],[-34.8943,-8.0107],[-34.8957,-8.0128],[-34.8965,-8.0135],[-34.8949,-8.0151],[-34.8932,-8.0165],[-34.8934,-8.0168],[-34.8925,-8.0176],[-34.8919,-8.0169],[-34.8909,-8.0178],[-34.8903,-8.0186],[-34.8888,-8.0183],[-34.8881,-8.0184],[-34.8878,-8.0169],[-34.8871,-8.017],[-34.8862,-8.0169],[-34.8851,-8.0163],[-34.884,-8.0166],[-34.8853,-8.0193],[-34.8856,-8.0197],[-34.8865,-8.0214]]]}},{"type":"Feature","properties":{"c":"b553","b":553,"n":"Bairro Da Moda","m":"2612505","cx":-36.23,"cy":-7.9322},"geometry":{"type":"Polygon","coordinates":[[[-36.2286,-7.9418],[-36.2287,-7.9418],[-36.2285,-7.9494],[-36.2304,-7.9493],[-36.2304,-7.9467],[-36.2307,-7.944],[-36.2307,-7.9419],[-36.2312,-7.9262],[-36.2292,-7.9261],[-36.2287,-7.9383],[-36.2286,-7.9418]]]}},{"type":"Feature","properties":{"c":"b554","b":554,"n":"Bairro Novo","m":"2612505","cx":-36.2034,"cy":-7.9535},"geometry":{"type":"Polygon","coordinates":[[[-36.2029,-7.9507],[-36.2029,-7.9496],[-36.2006,-7.9489],[-36.2004,-7.9526],[-36.2004,-7.9544],[-36.2006,-7.9556],[-36.2014,-7.9559],[-36.2026,-7.9559],[-36.2042,-7.9561],[-36.2052,-7.9565],[-36.2076,-7.9504],[-36.2039,-7.9506],[-36.2029,-7.9507]]]}},{"type":"Feature","properties":{"c":"b555","b":555,"n":"Bela Vista","m":"2612505","cx":-36.2157,"cy":-7.938},"geometry":{"type":"Polygon","coordinates":[[[-36.2285,-7.9494],[-36.2287,-7.9418],[-36.2286,-7.9418],[-36.2287,-7.9383],[-36.2223,-7.9387],[-36.2223,-7.9389],[-36.219,-7.9388],[-36.2191,-7.9378],[-36.2202,-7.9378],[-36.2202,-7.9363],[-36.2203,-7.9295],[-36.2204,-7.926],[-36.2185,-7.9259],[-36.2171,-7.9273],[-36.216,-7.9303],[-36.2153,-7.9318],[-36.2134,-7.9342],[-36.2132,-7.9363],[-36.2131,-7.9368],[-36.2121,-7.9385],[-36.212,-7.9471],[-36.2119,-7.9502],[-36.2284,-7.9494],[-36.2285,-7.9494]]]}},{"type":"Feature","properties":{"c":"b556","b":556,"n":"Centro","m":"2612505","cx":-36.2024,"cy":-7.9581},"geometry":{"type":"Polygon","coordinates":[[[-36.1994,-7.9595],[-36.2009,-7.9611],[-36.2023,-7.9623],[-36.203,-7.9628],[-36.204,-7.9631],[-36.2057,-7.9627],[-36.2067,-7.9619],[-36.2075,-7.9609],[-36.2082,-7.9605],[-36.2081,-7.9591],[-36.2051,-7.9577],[-36.2049,-7.9573],[-36.2052,-7.9565],[-36.2042,-7.9561],[-36.2026,-7.9559],[-36.2014,-7.9559],[-36.2006,-7.9556],[-36.2004,-7.9544],[-36.2004,-7.9526],[-36.1988,-7.9539],[-36.1995,-7.9551],[-36.2001,-7.9565],[-36.2001,-7.9568],[-36.1992,-7.9578],[-36.1982,-7.9585],[-36.1994,-7.9595]]]}},{"type":"Feature","properties":{"c":"b557","b":557,"n":"Cruz Alta","m":"2612505","cx":-36.221,"cy":-7.9542},"geometry":{"type":"Polygon","coordinates":[[[-36.2119,-7.9502],[-36.2118,-7.9502],[-36.2117,-7.955],[-36.212,-7.9552],[-36.2118,-7.9559],[-36.211,-7.9571],[-36.211,-7.9592],[-36.2105,-7.9596],[-36.211,-7.9594],[-36.2128,-7.9587],[-36.2145,-7.9586],[-36.2174,-7.9593],[-36.2191,-7.959],[-36.2229,-7.9568],[-36.2256,-7.9557],[-36.2271,-7.9552],[-36.2286,-7.9552],[-36.2303,-7.9557],[-36.2303,-7.9535],[-36.2283,-7.9534],[-36.2284,-7.9494],[-36.2119,-7.9502]]]}},{"type":"Feature","properties":{"c":"b558","b":558,"n":"Dona Dom","m":"2612505","cx":-36.2038,"cy":-7.9431},"geometry":{"type":"Polygon","coordinates":[[[-36.2049,-7.9372],[-36.204,-7.9371],[-36.2036,-7.9373],[-36.2019,-7.9369],[-36.2022,-7.9352],[-36.2009,-7.9351],[-36.2006,-7.9449],[-36.2006,-7.9489],[-36.2029,-7.9496],[-36.2029,-7.9507],[-36.2039,-7.9506],[-36.2052,-7.9494],[-36.2068,-7.9475],[-36.2074,-7.9459],[-36.2068,-7.9459],[-36.2069,-7.9414],[-36.2071,-7.938],[-36.2049,-7.9372]]]}},{"type":"Feature","properties":{"c":"b559","b":559,"n":"Gaudêncio Gomes Feitosa","m":"2612505","cx":-36.1811,"cy":-7.9628},"geometry":{"type":"Polygon","coordinates":[[[-36.1907,-7.9562],[-36.19,-7.9575],[-36.1885,-7.9591],[-36.1877,-7.9595],[-36.187,-7.9596],[-36.1852,-7.9592],[-36.1836,-7.9591],[-36.1801,-7.959],[-36.1747,-7.9577],[-36.1741,-7.9617],[-36.1744,-7.9623],[-36.1743,-7.9633],[-36.1743,-7.9647],[-36.1738,-7.9673],[-36.1739,-7.9682],[-36.1759,-7.9687],[-36.1776,-7.9685],[-36.1894,-7.9619],[-36.1899,-7.961],[-36.19,-7.9592],[-36.1909,-7.9586],[-36.1907,-7.9562]]]}},{"type":"Feature","properties":{"c":"b560","b":560,"n":"Malaquias Cardoso","m":"2612505","cx":-36.1953,"cy":-7.9444},"geometry":{"type":"Polygon","coordinates":[[[-36.1992,-7.9578],[-36.2001,-7.9568],[-36.2001,-7.9565],[-36.1995,-7.9551],[-36.1988,-7.9539],[-36.2004,-7.9526],[-36.2006,-7.9489],[-36.2006,-7.9449],[-36.2009,-7.9351],[-36.2011,-7.9308],[-36.1988,-7.9307],[-36.1986,-7.9357],[-36.1985,-7.9424],[-36.1973,-7.9375],[-36.1939,-7.9372],[-36.1943,-7.9403],[-36.1938,-7.9416],[-36.1934,-7.9422],[-36.1929,-7.9425],[-36.1911,-7.9428],[-36.19,-7.944],[-36.1899,-7.946],[-36.1903,-7.9468],[-36.19,-7.947],[-36.1906,-7.9487],[-36.1909,-7.9491],[-36.1943,-7.9529],[-36.1942,-7.9553],[-36.194,-7.9562],[-36.1925,-7.9558],[-36.1913,-7.956],[-36.1907,-7.9562],[-36.1909,-7.9586],[-36.1925,-7.9587],[-36.1942,-7.959],[-36.1948,-7.9589],[-36.1953,-7.9581],[-36.1968,-7.9578],[-36.1982,-7.9585],[-36.1992,-7.9578]]]}},{"type":"Feature","properties":{"c":"b561","b":561,"n":"Malhada do Meio","m":"2612505","cx":-36.2381,"cy":-7.9216},"geometry":{"type":"Polygon","coordinates":[[[-36.2351,-7.923],[-36.2357,-7.9239],[-36.2367,-7.9248],[-36.2375,-7.9251],[-36.2391,-7.9264],[-36.2408,-7.9269],[-36.2431,-7.9272],[-36.2497,-7.9273],[-36.2498,-7.9206],[-36.2468,-7.9205],[-36.2466,-7.9219],[-36.2433,-7.9222],[-36.2437,-7.9211],[-36.2359,-7.9166],[-36.2355,-7.9174],[-36.2324,-7.9156],[-36.2322,-7.9187],[-36.2321,-7.9214],[-36.2337,-7.9221],[-36.2351,-7.923]]]}},{"type":"Feature","properties":{"c":"b562","b":562,"n":"Manhosa","m":"2612505","cx":-36.2085,"cy":-7.9305},"geometry":{"type":"Polygon","coordinates":[[[-36.2009,-7.9351],[-36.2022,-7.9352],[-36.2019,-7.9369],[-36.2036,-7.9373],[-36.204,-7.9371],[-36.2049,-7.9372],[-36.2071,-7.938],[-36.2072,-7.938],[-36.2131,-7.9368],[-36.2132,-7.9363],[-36.2134,-7.9342],[-36.2153,-7.9318],[-36.216,-7.9303],[-36.2171,-7.9273],[-36.2185,-7.9259],[-36.2203,-7.9242],[-36.2187,-7.9235],[-36.2032,-7.923],[-36.2029,-7.9253],[-36.2012,-7.9252],[-36.2011,-7.9308],[-36.2009,-7.9351]]]}},{"type":"Feature","properties":{"c":"b563","b":563,"n":"Nova Santa Cruz","m":"2612505","cx":-36.2094,"cy":-7.9436},"geometry":{"type":"Polygon","coordinates":[[[-36.2072,-7.938],[-36.2071,-7.938],[-36.2069,-7.9414],[-36.2068,-7.9459],[-36.2074,-7.9459],[-36.2068,-7.9475],[-36.2052,-7.9494],[-36.2039,-7.9506],[-36.2076,-7.9504],[-36.2118,-7.9502],[-36.2119,-7.9502],[-36.212,-7.9471],[-36.2121,-7.9385],[-36.2131,-7.9368],[-36.2072,-7.938]]]}},{"type":"Feature","properties":{"c":"b564","b":564,"n":"Oscarzão","m":"2612505","cx":-36.1817,"cy":-7.9545},"geometry":{"type":"Polygon","coordinates":[[[-36.1836,-7.9581],[-36.1845,-7.9582],[-36.1844,-7.9568],[-36.1846,-7.9551],[-36.185,-7.954],[-36.1857,-7.9504],[-36.1816,-7.9503],[-36.1814,-7.9533],[-36.1806,-7.9537],[-36.1796,-7.9534],[-36.1787,-7.9536],[-36.1785,-7.9562],[-36.1778,-7.9558],[-36.1765,-7.9556],[-36.1746,-7.955],[-36.1744,-7.9562],[-36.1745,-7.9576],[-36.1747,-7.9577],[-36.1801,-7.959],[-36.1836,-7.9591],[-36.1836,-7.9581]]]}},{"type":"Feature","properties":{"c":"b565","b":565,"n":"Palestina","m":"2612505","cx":-36.1917,"cy":-7.951},"geometry":{"type":"MultiPolygon","coordinates":[[[[-36.1904,-7.9546],[-36.1904,-7.9559],[-36.1907,-7.9562],[-36.1913,-7.956],[-36.1925,-7.9558],[-36.194,-7.9562],[-36.1942,-7.9553],[-36.1943,-7.9529],[-36.1909,-7.9491],[-36.1904,-7.9546]]],[[[-36.1857,-7.9374],[-36.1837,-7.9362],[-36.1837,-7.9377],[-36.1838,-7.9385],[-36.1848,-7.9393],[-36.1847,-7.9396],[-36.1852,-7.94],[-36.185,-7.9411],[-36.1851,-7.9426],[-36.1871,-7.9426],[-36.1876,-7.9423],[-36.187,-7.9406],[-36.1857,-7.9374]]]]}},{"type":"Feature","properties":{"c":"b566","b":566,"n":"Santo Agostinho","m":"2612505","cx":-36.1952,"cy":-7.932},"geometry":{"type":"Polygon","coordinates":[[[-36.1973,-7.9375],[-36.1985,-7.9424],[-36.1986,-7.9357],[-36.1988,-7.9307],[-36.2011,-7.9308],[-36.2012,-7.9252],[-36.1944,-7.9249],[-36.194,-7.9238],[-36.1921,-7.9251],[-36.1919,-7.9266],[-36.1916,-7.9292],[-36.1916,-7.9332],[-36.1888,-7.9335],[-36.1887,-7.9367],[-36.1915,-7.9368],[-36.1915,-7.9365],[-36.1939,-7.9367],[-36.1939,-7.9372],[-36.1973,-7.9375]]]}},{"type":"Feature","properties":{"c":"b567","b":567,"n":"São Cristóvão","m":"2612505","cx":-36.2087,"cy":-7.9555},"geometry":{"type":"Polygon","coordinates":[[[-36.211,-7.9592],[-36.211,-7.9571],[-36.2118,-7.9559],[-36.212,-7.9552],[-36.2117,-7.955],[-36.2118,-7.9502],[-36.2076,-7.9504],[-36.2052,-7.9565],[-36.2049,-7.9573],[-36.2051,-7.9577],[-36.2081,-7.9591],[-36.2082,-7.9605],[-36.209,-7.96],[-36.2105,-7.9596],[-36.211,-7.9592]]]}},{"type":"Feature","properties":{"c":"b568","b":568,"n":"Aldeia","m":"2613701","cx":-35.0221,"cy":-7.9753},"geometry":{"type":"Polygon","coordinates":[[[-35.027,-7.9581],[-35.0262,-7.9579],[-35.0259,-7.9576],[-35.0246,-7.9573],[-35.0237,-7.9568],[-35.0229,-7.9567],[-35.0227,-7.9573],[-35.0217,-7.9576],[-35.0214,-7.958],[-35.02,-7.9588],[-35.0191,-7.9589],[-35.0185,-7.9596],[-35.0174,-7.9592],[-35.0167,-7.9597],[-35.0164,-7.9608],[-35.0165,-7.961],[-35.0156,-7.9615],[-35.0152,-7.9622],[-35.015,-7.963],[-35.0146,-7.9637],[-35.0148,-7.964],[-35.0146,-7.9652],[-35.0149,-7.9672],[-35.0147,-7.9675],[-35.0149,-7.9691],[-35.013,-7.9705],[-35.0127,-7.9702],[-35.012,-7.9705],[-35.0114,-7.9701],[-35.0108,-7.9704],[-35.0108,-7.9708],[-35.009,-7.9713],[-35.0086,-7.9719],[-35.0087,-7.972],[-35.0168,-7.9902],[-35.0166,-7.9909],[-35.0173,-7.9907],[-35.0182,-7.9901],[-35.0187,-7.9896],[-35.0198,-7.9889],[-35.0211,-7.9884],[-35.0222,-7.9892],[-35.0226,-7.9892],[-35.0234,-7.9883],[-35.0242,-7.9878],[-35.0264,-7.9868],[-35.0256,-7.9858],[-35.027,-7.9855],[-35.0273,-7.9847],[-35.0281,-7.9833],[-35.0285,-7.9824],[-35.0298,-7.9829],[-35.0295,-7.9837],[-35.0303,-7.985],[-35.0309,-7.9849],[-35.0313,-7.9845],[-35.0315,-7.9855],[-35.0321,-7.986],[-35.0328,-7.9869],[-35.0333,-7.987],[-35.034,-7.9875],[-35.035,-7.9877],[-35.0367,-7.9894],[-35.038,-7.9909],[-35.0398,-7.9924],[-35.04,-7.9946],[-35.0405,-7.9945],[-35.0413,-7.9935],[-35.0423,-7.9923],[-35.0399,-7.9905],[-35.0406,-7.9894],[-35.0396,-7.9887],[-35.0375,-7.987],[-35.0389,-7.9852],[-35.039,-7.9848],[-35.0384,-7.9843],[-35.04,-7.9827],[-35.04,-7.9819],[-35.0392,-7.9811],[-35.0386,-7.9808],[-35.0362,-7.9805],[-35.0341,-7.9784],[-35.034,-7.9774],[-35.0342,-7.9767],[-35.0342,-7.9759],[-35.0338,-7.9748],[-35.0331,-7.9719],[-35.0328,-7.9716],[-35.0293,-7.97],[-35.0288,-7.9696],[-35.028,-7.9677],[-35.0283,-7.9652],[-35.0281,-7.9644],[-35.0288,-7.9639],[-35.0294,-7.9622],[-35.0295,-7.9612],[-35.0293,-7.9604],[-35.0283,-7.9581],[-35.0282,-7.958],[-35.027,-7.9581]]]}},{"type":"Feature","properties":{"c":"b569","b":569,"n":"Bela Vista","m":"2613701","cx":-35.0127,"cy":-8.0142},"geometry":{"type":"Polygon","coordinates":[[[-35.0022,-8.0181],[-35.0024,-8.0183],[-35.0066,-8.0187],[-35.0166,-8.0198],[-35.0175,-8.0183],[-35.0183,-8.016],[-35.0175,-8.0154],[-35.0184,-8.0131],[-35.0189,-8.011],[-35.0199,-8.0089],[-35.0195,-8.0088],[-35.0182,-8.0115],[-35.0174,-8.0124],[-35.0163,-8.0126],[-35.0152,-8.0126],[-35.014,-8.0123],[-35.014,-8.0119],[-35.0128,-8.0115],[-35.0118,-8.0115],[-35.0113,-8.0109],[-35.0112,-8.0113],[-35.0088,-8.0131],[-35.0059,-8.0153],[-35.0022,-8.0181]]]}},{"type":"Feature","properties":{"c":"b570","b":570,"n":"Caiará","m":"2613701","cx":-35.0454,"cy":-7.9874},"geometry":{"type":"MultiPolygon","coordinates":[[[[-35.0483,-7.9883],[-35.0494,-7.9892],[-35.049,-7.9896],[-35.0497,-7.9901],[-35.05,-7.9908],[-35.0511,-7.9905],[-35.0517,-7.9899],[-35.0499,-7.9885],[-35.0497,-7.9887],[-35.0487,-7.9879],[-35.0485,-7.9881],[-35.0483,-7.9883]]],[[[-35.0423,-7.9868],[-35.0425,-7.9872],[-35.0451,-7.9897],[-35.0445,-7.9905],[-35.0449,-7.9907],[-35.0461,-7.9891],[-35.0472,-7.9881],[-35.0479,-7.9876],[-35.0483,-7.9873],[-35.0478,-7.9868],[-35.0468,-7.9859],[-35.045,-7.9846],[-35.0446,-7.9841],[-35.0437,-7.9852],[-35.0423,-7.9868]]]]}},{"type":"Feature","properties":{"c":"b571","b":571,"n":"Capibaribe","m":"2613701","cx":-35.0177,"cy":-7.9998},"geometry":{"type":"Polygon","coordinates":[[[-35.013,-8.0043],[-35.0138,-8.0044],[-35.0138,-8.0027],[-35.0147,-8.0035],[-35.0154,-8.0036],[-35.018,-8.0046],[-35.0209,-8.0059],[-35.0216,-8.0033],[-35.0214,-8.0033],[-35.0216,-8.002],[-35.021,-8.0021],[-35.0214,-8.0003],[-35.021,-7.9994],[-35.0214,-7.9992],[-35.0215,-7.9984],[-35.0209,-7.9978],[-35.0216,-7.9961],[-35.021,-7.9955],[-35.0205,-7.9943],[-35.0197,-7.9942],[-35.0186,-7.9944],[-35.0184,-7.994],[-35.0176,-7.9935],[-35.0159,-7.9934],[-35.0144,-7.999],[-35.013,-8.0043]]]}},{"type":"Feature","properties":{"c":"b572","b":572,"n":"Centro","m":"2613701","cx":-35.0396,"cy":-7.9974},"geometry":{"type":"Polygon","coordinates":[[[-35.0424,-7.9944],[-35.0413,-7.9935],[-35.0405,-7.9945],[-35.04,-7.9946],[-35.035,-7.9949],[-35.0357,-7.9979],[-35.0358,-7.9991],[-35.0368,-7.9989],[-35.0384,-7.9993],[-35.0404,-8.0001],[-35.0411,-8.0003],[-35.0436,-8.001],[-35.0457,-8.0007],[-35.0461,-8.0],[-35.0451,-7.9998],[-35.0444,-8.0],[-35.0433,-8.0],[-35.0436,-7.997],[-35.0427,-7.996],[-35.0431,-7.9955],[-35.0439,-7.996],[-35.0448,-7.9946],[-35.044,-7.9941],[-35.0443,-7.9937],[-35.0438,-7.9932],[-35.0424,-7.9944]]]}},{"type":"Feature","properties":{"c":"b573","b":573,"n":"Chã de Tábua","m":"2613701","cx":-35.0312,"cy":-7.9901},"geometry":{"type":"Polygon","coordinates":[[[-35.0398,-7.9924],[-35.038,-7.9909],[-35.0367,-7.9894],[-35.035,-7.9877],[-35.034,-7.9875],[-35.0333,-7.987],[-35.0328,-7.9869],[-35.0321,-7.986],[-35.0315,-7.9855],[-35.0313,-7.9845],[-35.0309,-7.9849],[-35.0303,-7.985],[-35.0295,-7.9837],[-35.0298,-7.9829],[-35.0285,-7.9824],[-35.0281,-7.9833],[-35.0273,-7.9847],[-35.027,-7.9855],[-35.0256,-7.9858],[-35.0264,-7.9868],[-35.0242,-7.9878],[-35.0234,-7.9883],[-35.0257,-7.9909],[-35.0267,-7.9921],[-35.0271,-7.9925],[-35.0275,-7.9937],[-35.027,-7.9944],[-35.0264,-7.9938],[-35.0259,-7.9948],[-35.0266,-7.9957],[-35.0273,-7.9962],[-35.0286,-7.9944],[-35.0308,-7.9961],[-35.0331,-7.9977],[-35.0321,-7.9991],[-35.0326,-7.9991],[-35.0347,-7.9985],[-35.0357,-7.9979],[-35.035,-7.9949],[-35.04,-7.9946],[-35.0398,-7.9924]]]}},{"type":"Feature","properties":{"c":"b574","b":574,"n":"Ercina Lapenda","m":"2613701","cx":-35.0408,"cy":-7.9858},"geometry":{"type":"Polygon","coordinates":[[[-35.0437,-7.9852],[-35.0435,-7.9851],[-35.0406,-7.9822],[-35.04,-7.9827],[-35.0384,-7.9843],[-35.039,-7.9848],[-35.0389,-7.9852],[-35.0375,-7.987],[-35.0396,-7.9887],[-35.0403,-7.9878],[-35.0408,-7.9882],[-35.0421,-7.9865],[-35.0423,-7.9868],[-35.0437,-7.9852]]]}},{"type":"Feature","properties":{"c":"b575","b":575,"n":"Muribara","m":"2613701","cx":-35.0479,"cy":-8.009},"geometry":{"type":"Polygon","coordinates":[[[-35.0527,-7.9959],[-35.0514,-7.9956],[-35.0511,-7.9953],[-35.0496,-7.996],[-35.049,-7.9969],[-35.0491,-7.9976],[-35.0484,-7.9995],[-35.0469,-7.9994],[-35.0461,-8.0],[-35.0457,-8.0007],[-35.0436,-8.001],[-35.0411,-8.0003],[-35.0413,-8.0013],[-35.0416,-8.0016],[-35.0415,-8.0021],[-35.0425,-8.0024],[-35.0425,-8.0034],[-35.0433,-8.0069],[-35.0434,-8.0075],[-35.0428,-8.0091],[-35.0426,-8.0102],[-35.0416,-8.0184],[-35.0412,-8.0201],[-35.0405,-8.0218],[-35.0425,-8.0226],[-35.0426,-8.0214],[-35.0425,-8.0208],[-35.0435,-8.0203],[-35.0448,-8.0202],[-35.0459,-8.0189],[-35.0491,-8.0155],[-35.0496,-8.0152],[-35.0503,-8.016],[-35.051,-8.0165],[-35.0516,-8.0164],[-35.0522,-8.0157],[-35.0535,-8.0167],[-35.0541,-8.0164],[-35.0538,-8.0128],[-35.0534,-8.0112],[-35.0537,-8.0103],[-35.0529,-8.0089],[-35.0518,-8.0075],[-35.0519,-8.0055],[-35.0529,-8.0045],[-35.0527,-8.0037],[-35.051,-8.003],[-35.0552,-8.0019],[-35.0555,-8.0007],[-35.0554,-8.0003],[-35.0556,-7.9989],[-35.0552,-7.9983],[-35.0559,-7.9977],[-35.056,-7.9965],[-35.0555,-7.9963],[-35.0541,-7.9966],[-35.0538,-7.9962],[-35.0532,-7.9962],[-35.0527,-7.9959]]]}},{"type":"Feature","properties":{"c":"b576","b":576,"n":"Nova Tiuma","m":"2613701","cx":-35.0528,"cy":-7.9917},"geometry":{"type":"Polygon","coordinates":[[[-35.0534,-7.9878],[-35.0517,-7.9899],[-35.0511,-7.9905],[-35.05,-7.9908],[-35.0493,-7.991],[-35.05,-7.9913],[-35.051,-7.9922],[-35.0515,-7.9931],[-35.0514,-7.9936],[-35.051,-7.9949],[-35.0511,-7.9953],[-35.0514,-7.9956],[-35.0527,-7.9959],[-35.0536,-7.995],[-35.054,-7.9943],[-35.0547,-7.9922],[-35.0554,-7.9912],[-35.0561,-7.9908],[-35.0563,-7.99],[-35.0559,-7.9896],[-35.0561,-7.9893],[-35.0537,-7.9873],[-35.0534,-7.9878]]]}},{"type":"Feature","properties":{"c":"b577","b":577,"n":"Parque Capibaribe","m":"2613701","cx":-35.0391,"cy":-8.0108},"geometry":{"type":"Polygon","coordinates":[[[-35.0405,-8.0218],[-35.0412,-8.0201],[-35.0416,-8.0184],[-35.0426,-8.0102],[-35.0428,-8.0091],[-35.0434,-8.0075],[-35.0433,-8.0069],[-35.0425,-8.0034],[-35.0425,-8.0024],[-35.0415,-8.0021],[-35.0416,-8.0016],[-35.0413,-8.0013],[-35.0411,-8.0003],[-35.0404,-8.0001],[-35.0384,-7.9993],[-35.0368,-7.9989],[-35.0358,-7.9991],[-35.0358,-8.0008],[-35.0355,-7.9998],[-35.034,-8.0003],[-35.0337,-8.0008],[-35.0327,-8.0019],[-35.0328,-8.0024],[-35.0333,-8.0022],[-35.0339,-8.003],[-35.0321,-8.0047],[-35.0325,-8.0054],[-35.0323,-8.0069],[-35.0326,-8.0079],[-35.033,-8.0079],[-35.0332,-8.0088],[-35.0328,-8.009],[-35.0321,-8.0103],[-35.0337,-8.011],[-35.0345,-8.0094],[-35.0354,-8.0095],[-35.0357,-8.0107],[-35.0347,-8.0128],[-35.0354,-8.014],[-35.0352,-8.0143],[-35.0363,-8.0156],[-35.0363,-8.0161],[-35.0359,-8.0177],[-35.0368,-8.019],[-35.0359,-8.0199],[-35.0358,-8.0206],[-35.0367,-8.0206],[-35.0374,-8.0201],[-35.038,-8.0204],[-35.0383,-8.0214],[-35.0388,-8.0222],[-35.0389,-8.023],[-35.0397,-8.0226],[-35.0401,-8.0227],[-35.0405,-8.0218]]]}},{"type":"Feature","properties":{"c":"b578","b":578,"n":"Penedo","m":"2613701","cx":-35.027,"cy":-8.0246},"geometry":{"type":"Polygon","coordinates":[[[-35.0397,-8.0226],[-35.0389,-8.023],[-35.0388,-8.0222],[-35.0383,-8.0214],[-35.038,-8.0204],[-35.0374,-8.0201],[-35.0367,-8.0206],[-35.0358,-8.0206],[-35.0359,-8.0199],[-35.0368,-8.019],[-35.0359,-8.0177],[-35.0363,-8.0161],[-35.0363,-8.0156],[-35.0352,-8.0143],[-35.0354,-8.014],[-35.0347,-8.0128],[-35.0357,-8.0107],[-35.0354,-8.0095],[-35.0345,-8.0094],[-35.0337,-8.011],[-35.0321,-8.0103],[-35.0328,-8.009],[-35.0332,-8.0088],[-35.033,-8.0079],[-35.0326,-8.0079],[-35.0323,-8.0069],[-35.0325,-8.0054],[-35.0321,-8.0047],[-35.0339,-8.003],[-35.0333,-8.0022],[-35.0328,-8.0024],[-35.0327,-8.0019],[-35.0337,-8.0008],[-35.034,-8.0003],[-35.0355,-7.9998],[-35.0358,-8.0008],[-35.0358,-7.9991],[-35.0353,-7.9989],[-35.0344,-7.9991],[-35.0325,-8.0005],[-35.0315,-8.0017],[-35.0307,-8.0029],[-35.03,-8.0032],[-35.0286,-8.0031],[-35.0262,-8.0026],[-35.0249,-8.002],[-35.0231,-8.0029],[-35.0227,-8.0036],[-35.0216,-8.0033],[-35.0209,-8.0059],[-35.0208,-8.0066],[-35.0199,-8.0089],[-35.0189,-8.011],[-35.0184,-8.0131],[-35.0175,-8.0154],[-35.0183,-8.016],[-35.0175,-8.0183],[-35.0166,-8.0198],[-35.0151,-8.0234],[-35.0149,-8.0258],[-35.0144,-8.027],[-35.0139,-8.0286],[-35.0131,-8.0323],[-35.0128,-8.0341],[-35.0124,-8.0356],[-35.012,-8.0364],[-35.0108,-8.0377],[-35.0101,-8.0379],[-35.0094,-8.0377],[-35.0066,-8.0363],[-35.0023,-8.0349],[-35.0008,-8.0347],[-34.9987,-8.0351],[-34.9983,-8.035],[-34.9968,-8.0357],[-34.9961,-8.0369],[-34.995,-8.0383],[-34.994,-8.0398],[-34.9937,-8.0404],[-34.9933,-8.0427],[-34.9935,-8.0436],[-34.9943,-8.0444],[-34.9948,-8.0461],[-34.9964,-8.0467],[-35.0052,-8.0507],[-35.0074,-8.0488],[-35.0095,-8.0463],[-35.0115,-8.0448],[-35.0135,-8.044],[-35.0183,-8.0435],[-35.0206,-8.043],[-35.0252,-8.0413],[-35.0271,-8.0406],[-35.0287,-8.0397],[-35.0301,-8.0385],[-35.0311,-8.0374],[-35.0321,-8.0361],[-35.0342,-8.0326],[-35.0365,-8.029],[-35.0401,-8.0227],[-35.0397,-8.0226]]]}},{"type":"Feature","properties":{"c":"b579","b":579,"n":"Pixete","m":"2613701","cx":-35.0476,"cy":-7.9954},"geometry":{"type":"Polygon","coordinates":[[[-35.0469,-7.9994],[-35.0484,-7.9995],[-35.0491,-7.9976],[-35.049,-7.9969],[-35.0496,-7.996],[-35.0511,-7.9953],[-35.051,-7.9949],[-35.0514,-7.9936],[-35.0515,-7.9931],[-35.051,-7.9922],[-35.05,-7.9913],[-35.0493,-7.991],[-35.0475,-7.9914],[-35.0449,-7.9923],[-35.0438,-7.9932],[-35.0443,-7.9937],[-35.044,-7.9941],[-35.0448,-7.9946],[-35.0439,-7.996],[-35.0431,-7.9955],[-35.0427,-7.996],[-35.0436,-7.997],[-35.0433,-8.0],[-35.0444,-8.0],[-35.0451,-7.9998],[-35.0461,-8.0],[-35.0469,-7.9994]]]}},{"type":"Feature","properties":{"c":"b580","b":580,"n":"São João e São Paulo","m":"2613701","cx":-35.0162,"cy":-8.0077},"geometry":{"type":"Polygon","coordinates":[[[-35.0118,-8.0115],[-35.0128,-8.0115],[-35.014,-8.0119],[-35.014,-8.0123],[-35.0152,-8.0126],[-35.0163,-8.0126],[-35.0174,-8.0124],[-35.0182,-8.0115],[-35.0195,-8.0088],[-35.0199,-8.0089],[-35.0208,-8.0066],[-35.0209,-8.0059],[-35.018,-8.0046],[-35.0154,-8.0036],[-35.0147,-8.0035],[-35.0138,-8.0027],[-35.0138,-8.0044],[-35.013,-8.0043],[-35.0113,-8.0109],[-35.0118,-8.0115]]]}},{"type":"Feature","properties":{"c":"b581","b":581,"n":"Tiuma","m":"2613701","cx":-35.0666,"cy":-7.9843},"geometry":{"type":"MultiPolygon","coordinates":[[[[-35.0561,-7.9893],[-35.0559,-7.9896],[-35.0563,-7.99],[-35.0561,-7.9908],[-35.0554,-7.9912],[-35.0547,-7.9922],[-35.054,-7.9943],[-35.0536,-7.995],[-35.0527,-7.9959],[-35.0532,-7.9962],[-35.0536,-7.996],[-35.0542,-7.9951],[-35.0555,-7.9928],[-35.056,-7.9923],[-35.0585,-7.9902],[-35.0605,-7.9894],[-35.0624,-7.9889],[-35.0648,-7.9889],[-35.0658,-7.9889],[-35.0679,-7.9884],[-35.0711,-7.9888],[-35.0726,-7.9886],[-35.0753,-7.9887],[-35.0759,-7.989],[-35.0782,-7.9857],[-35.0814,-7.981],[-35.0839,-7.977],[-35.0818,-7.9769],[-35.0804,-7.9753],[-35.0786,-7.9765],[-35.0786,-7.976],[-35.078,-7.9749],[-35.0766,-7.9737],[-35.0766,-7.9729],[-35.0768,-7.9724],[-35.0757,-7.9715],[-35.0755,-7.9726],[-35.0748,-7.9735],[-35.0731,-7.9747],[-35.0707,-7.9773],[-35.0697,-7.9777],[-35.0676,-7.9775],[-35.0665,-7.9776],[-35.0625,-7.978],[-35.0595,-7.9784],[-35.0589,-7.9787],[-35.0573,-7.9806],[-35.0559,-7.9794],[-35.0546,-7.9815],[-35.0538,-7.9832],[-35.0546,-7.9838],[-35.0536,-7.9849],[-35.0548,-7.9862],[-35.0537,-7.9873],[-35.0561,-7.9893]]],[[[-35.0483,-7.9873],[-35.0479,-7.9876],[-35.0485,-7.9881],[-35.0487,-7.9879],[-35.0497,-7.9887],[-35.0499,-7.9885],[-35.0517,-7.9899],[-35.0534,-7.9878],[-35.0509,-7.986],[-35.0508,-7.9857],[-35.0489,-7.9843],[-35.0472,-7.9863],[-35.0478,-7.9868],[-35.0483,-7.9873]]]]}},{"type":"Feature","properties":{"c":"b582","b":582,"n":"Vila do Reinado","m":"2613701","cx":-35.0423,"cy":-7.9903},"geometry":{"type":"Polygon","coordinates":[[[-35.05,-7.9908],[-35.0497,-7.9901],[-35.049,-7.9896],[-35.0494,-7.9892],[-35.0483,-7.9883],[-35.0485,-7.9881],[-35.0479,-7.9876],[-35.0472,-7.9881],[-35.0461,-7.9891],[-35.0449,-7.9907],[-35.0445,-7.9905],[-35.0451,-7.9897],[-35.0425,-7.9872],[-35.0423,-7.9868],[-35.0421,-7.9865],[-35.0408,-7.9882],[-35.0403,-7.9878],[-35.0396,-7.9887],[-35.0406,-7.9894],[-35.0399,-7.9905],[-35.0423,-7.9923],[-35.0413,-7.9935],[-35.0424,-7.9944],[-35.0438,-7.9932],[-35.0449,-7.9923],[-35.0475,-7.9914],[-35.0493,-7.991],[-35.05,-7.9908]]]}},{"type":"Feature","properties":{"c":"b583","b":583,"n":"Várzea Fria","m":"2613701","cx":-35.0241,"cy":-7.9959},"geometry":{"type":"Polygon","coordinates":[[[-35.0226,-7.9892],[-35.0222,-7.9892],[-35.0211,-7.9884],[-35.0198,-7.9889],[-35.0187,-7.9896],[-35.0182,-7.9901],[-35.0173,-7.9907],[-35.0166,-7.9909],[-35.0159,-7.9934],[-35.0176,-7.9935],[-35.0184,-7.994],[-35.0186,-7.9944],[-35.0197,-7.9942],[-35.0205,-7.9943],[-35.021,-7.9955],[-35.0216,-7.9961],[-35.0209,-7.9978],[-35.0215,-7.9984],[-35.0214,-7.9992],[-35.021,-7.9994],[-35.0214,-8.0003],[-35.021,-8.0021],[-35.0216,-8.002],[-35.0214,-8.0033],[-35.0216,-8.0033],[-35.0227,-8.0036],[-35.0231,-8.0029],[-35.0249,-8.002],[-35.0262,-8.0026],[-35.0286,-8.0031],[-35.03,-8.0032],[-35.0307,-8.0029],[-35.0315,-8.0017],[-35.0325,-8.0005],[-35.0344,-7.9991],[-35.0353,-7.9989],[-35.0358,-7.9991],[-35.0357,-7.9979],[-35.0347,-7.9985],[-35.0326,-7.9991],[-35.0321,-7.9991],[-35.0331,-7.9977],[-35.0308,-7.9961],[-35.0286,-7.9944],[-35.0273,-7.9962],[-35.0266,-7.9957],[-35.0259,-7.9948],[-35.0264,-7.9938],[-35.027,-7.9944],[-35.0275,-7.9937],[-35.0271,-7.9925],[-35.0267,-7.9921],[-35.0257,-7.9909],[-35.0234,-7.9883],[-35.0226,-7.9892]]]}},{"type":"Feature","properties":{"c":"b584","b":584,"n":"AABB","m":"2613909","cx":-38.2864,"cy":-7.9959},"geometry":{"type":"Polygon","coordinates":[[[-38.2963,-7.9961],[-38.2958,-7.9967],[-38.2947,-7.9954],[-38.2943,-7.9957],[-38.2937,-7.995],[-38.2949,-7.9935],[-38.2945,-7.9926],[-38.295,-7.9919],[-38.2958,-7.9918],[-38.2953,-7.9911],[-38.2939,-7.9915],[-38.2919,-7.99],[-38.2914,-7.9891],[-38.2913,-7.9885],[-38.2911,-7.988],[-38.2904,-7.9883],[-38.2907,-7.989],[-38.2901,-7.9892],[-38.2912,-7.9906],[-38.2902,-7.9914],[-38.2888,-7.9894],[-38.2877,-7.9896],[-38.2882,-7.991],[-38.2857,-7.9919],[-38.2851,-7.9894],[-38.2837,-7.9898],[-38.284,-7.9908],[-38.2828,-7.9911],[-38.2822,-7.9889],[-38.2805,-7.9894],[-38.2808,-7.9905],[-38.2794,-7.9909],[-38.279,-7.9897],[-38.2774,-7.9901],[-38.2785,-7.9938],[-38.2801,-7.9935],[-38.2805,-7.9951],[-38.278,-7.9957],[-38.2771,-7.9964],[-38.2764,-7.9965],[-38.2758,-7.9963],[-38.2749,-7.9963],[-38.2742,-7.9985],[-38.2733,-7.9998],[-38.2724,-8.0001],[-38.2753,-8.0021],[-38.2767,-8.0027],[-38.2778,-8.0034],[-38.2797,-8.004],[-38.2813,-8.0042],[-38.2829,-8.0037],[-38.2832,-8.0036],[-38.2854,-8.0036],[-38.2891,-8.0039],[-38.2941,-8.0038],[-38.2963,-8.0037],[-38.2981,-8.0031],[-38.2995,-8.0015],[-38.3001,-8.0002],[-38.3002,-7.9983],[-38.2963,-7.9961]]]}},{"type":"Feature","properties":{"c":"b585","b":585,"n":"Bom Jesus","m":"2613909","cx":-38.3076,"cy":-7.9864},"geometry":{"type":"Polygon","coordinates":[[[-38.3062,-7.9912],[-38.3065,-7.9912],[-38.309,-7.9912],[-38.3098,-7.9913],[-38.3108,-7.9922],[-38.3112,-7.9927],[-38.3121,-7.9935],[-38.3124,-7.9913],[-38.3126,-7.9906],[-38.3136,-7.989],[-38.3139,-7.9882],[-38.3137,-7.9874],[-38.3139,-7.9867],[-38.3147,-7.9862],[-38.3148,-7.9858],[-38.3159,-7.9861],[-38.3168,-7.9851],[-38.3165,-7.9842],[-38.3172,-7.9818],[-38.3135,-7.9799],[-38.312,-7.9797],[-38.3087,-7.98],[-38.3067,-7.9806],[-38.3018,-7.9826],[-38.3013,-7.9829],[-38.3009,-7.9869],[-38.3024,-7.9873],[-38.3032,-7.99],[-38.3036,-7.99],[-38.3045,-7.9926],[-38.3062,-7.9912]]]}},{"type":"Feature","properties":{"c":"b586","b":586,"n":"Cachoeira","m":"2613909","cx":-38.3221,"cy":-7.981},"geometry":{"type":"Polygon","coordinates":[[[-38.3057,-7.9779],[-38.3058,-7.9779],[-38.3067,-7.9806],[-38.3087,-7.98],[-38.312,-7.9797],[-38.3135,-7.9799],[-38.3172,-7.9818],[-38.3218,-7.9843],[-38.3248,-7.9859],[-38.3285,-7.988],[-38.3297,-7.9873],[-38.3286,-7.9866],[-38.3287,-7.9846],[-38.3284,-7.9826],[-38.3284,-7.9814],[-38.3287,-7.9798],[-38.3269,-7.9796],[-38.3269,-7.9785],[-38.3266,-7.9785],[-38.3266,-7.9768],[-38.3252,-7.9763],[-38.3218,-7.9757],[-38.3212,-7.976],[-38.3206,-7.9769],[-38.32,-7.9773],[-38.3197,-7.9781],[-38.3191,-7.9787],[-38.3172,-7.979],[-38.3169,-7.9799],[-38.3162,-7.9799],[-38.3153,-7.9784],[-38.3152,-7.978],[-38.3143,-7.9791],[-38.312,-7.9789],[-38.3119,-7.9757],[-38.31,-7.9758],[-38.3099,-7.9749],[-38.3087,-7.9748],[-38.3087,-7.9754],[-38.3078,-7.9753],[-38.3078,-7.9762],[-38.3058,-7.9763],[-38.3056,-7.9745],[-38.3049,-7.9744],[-38.3042,-7.9751],[-38.3057,-7.9779]]]}},{"type":"Feature","properties":{"c":"b587","b":587,"n":"José Alves Carvalho Nunes","m":"2613909","cx":-38.2742,"cy":-7.9909},"geometry":{"type":"Polygon","coordinates":[[[-38.2758,-7.9963],[-38.2764,-7.9965],[-38.2771,-7.9964],[-38.278,-7.9957],[-38.2805,-7.9951],[-38.2801,-7.9935],[-38.2785,-7.9938],[-38.2774,-7.9901],[-38.2763,-7.9902],[-38.276,-7.9891],[-38.2753,-7.9887],[-38.2743,-7.9878],[-38.2745,-7.9866],[-38.2738,-7.9861],[-38.2736,-7.9854],[-38.2738,-7.985],[-38.2694,-7.9859],[-38.2701,-7.9881],[-38.2702,-7.9889],[-38.271,-7.9917],[-38.272,-7.9956],[-38.2727,-7.996],[-38.2744,-7.9964],[-38.2749,-7.9963],[-38.2758,-7.9963]]]}},{"type":"Feature","properties":{"c":"b588","b":588,"n":"José Rufino Alves","m":"2613909","cx":-38.3035,"cy":-8.0016},"geometry":{"type":"Polygon","coordinates":[[[-38.3062,-7.9912],[-38.3045,-7.9926],[-38.3027,-7.9942],[-38.3011,-7.9962],[-38.3002,-7.9976],[-38.3002,-7.9983],[-38.3001,-8.0002],[-38.2995,-8.0015],[-38.2981,-8.0031],[-38.2963,-8.0037],[-38.2941,-8.0038],[-38.2891,-8.0039],[-38.2854,-8.0036],[-38.2832,-8.0036],[-38.2829,-8.0037],[-38.2828,-8.0047],[-38.2831,-8.0051],[-38.2827,-8.0063],[-38.2828,-8.0068],[-38.2838,-8.0097],[-38.2836,-8.0109],[-38.2835,-8.0121],[-38.2974,-8.0094],[-38.303,-8.0083],[-38.306,-8.0077],[-38.3059,-8.0068],[-38.3076,-8.002],[-38.3076,-8.0017],[-38.3072,-8.0005],[-38.3074,-8.0006],[-38.3074,-7.9997],[-38.3069,-7.9964],[-38.3069,-7.9953],[-38.3065,-7.9912],[-38.3062,-7.9912]]]}},{"type":"Feature","properties":{"c":"b589","b":589,"n":"José Tomé de Souza","m":"2613909","cx":-38.2887,"cy":-7.9759},"geometry":{"type":"Polygon","coordinates":[[[-38.2794,-7.9759],[-38.2808,-7.9753],[-38.2816,-7.9753],[-38.2836,-7.9758],[-38.2866,-7.979],[-38.2878,-7.9804],[-38.2886,-7.9796],[-38.2875,-7.9783],[-38.2897,-7.9766],[-38.2904,-7.978],[-38.2909,-7.9778],[-38.292,-7.9806],[-38.2916,-7.9807],[-38.2921,-7.9818],[-38.2922,-7.9819],[-38.2948,-7.9822],[-38.296,-7.9822],[-38.2961,-7.9822],[-38.2954,-7.9798],[-38.2952,-7.9787],[-38.2948,-7.9777],[-38.2938,-7.976],[-38.2927,-7.9748],[-38.291,-7.9731],[-38.2869,-7.9697],[-38.2873,-7.971],[-38.2877,-7.9715],[-38.2871,-7.9716],[-38.2873,-7.9723],[-38.2841,-7.9734],[-38.2834,-7.9728],[-38.2822,-7.9733],[-38.2813,-7.9733],[-38.2788,-7.9738],[-38.2784,-7.9741],[-38.2794,-7.9759]]]}},{"type":"Feature","properties":{"c":"b590","b":590,"n":"Nossa Senhora da Conceição","m":"2613909","cx":-38.2816,"cy":-7.9874},"geometry":{"type":"Polygon","coordinates":[[[-38.2736,-7.9854],[-38.2738,-7.9861],[-38.2745,-7.9866],[-38.2743,-7.9878],[-38.2753,-7.9887],[-38.276,-7.9891],[-38.2763,-7.9902],[-38.2774,-7.9901],[-38.279,-7.9897],[-38.2794,-7.9909],[-38.2808,-7.9905],[-38.2805,-7.9894],[-38.2822,-7.9889],[-38.2828,-7.9911],[-38.284,-7.9908],[-38.2837,-7.9898],[-38.2851,-7.9894],[-38.2857,-7.9919],[-38.2882,-7.991],[-38.2877,-7.9896],[-38.2888,-7.9894],[-38.2902,-7.9914],[-38.2912,-7.9906],[-38.2901,-7.9892],[-38.2907,-7.989],[-38.2904,-7.9883],[-38.29,-7.9884],[-38.2885,-7.987],[-38.2857,-7.983],[-38.2856,-7.9827],[-38.2738,-7.985],[-38.2736,-7.9854]]]}},{"type":"Feature","properties":{"c":"b591","b":591,"n":"Nossa Senhora da Penha","m":"2613909","cx":-38.2982,"cy":-7.9905},"geometry":{"type":"Polygon","coordinates":[[[-38.2914,-7.9891],[-38.2919,-7.99],[-38.2939,-7.9915],[-38.2953,-7.9911],[-38.2958,-7.9918],[-38.295,-7.9919],[-38.2945,-7.9926],[-38.2949,-7.9935],[-38.2937,-7.995],[-38.2943,-7.9957],[-38.2947,-7.9954],[-38.2958,-7.9967],[-38.2963,-7.9961],[-38.3002,-7.9983],[-38.3002,-7.9976],[-38.3011,-7.9962],[-38.3027,-7.9942],[-38.3045,-7.9926],[-38.3036,-7.99],[-38.3032,-7.99],[-38.3024,-7.9873],[-38.3009,-7.9869],[-38.3013,-7.9829],[-38.3012,-7.9827],[-38.2961,-7.9822],[-38.296,-7.9822],[-38.2954,-7.9822],[-38.2971,-7.984],[-38.2975,-7.9839],[-38.2987,-7.9849],[-38.3001,-7.9865],[-38.2982,-7.9871],[-38.2981,-7.9867],[-38.2971,-7.9865],[-38.2973,-7.9875],[-38.2942,-7.9886],[-38.2927,-7.9888],[-38.2926,-7.9881],[-38.2913,-7.9885],[-38.2914,-7.9891]]]}},{"type":"Feature","properties":{"c":"b592","b":592,"n":"Nossa Senhora de Fátima","m":"2613909","cx":-38.2899,"cy":-7.9793},"geometry":{"type":"Polygon","coordinates":[[[-38.2916,-7.9807],[-38.292,-7.9806],[-38.2909,-7.9778],[-38.2904,-7.978],[-38.2897,-7.9766],[-38.2875,-7.9783],[-38.2886,-7.9796],[-38.2878,-7.9804],[-38.2866,-7.979],[-38.2856,-7.9797],[-38.2859,-7.98],[-38.2854,-7.9804],[-38.2864,-7.9817],[-38.2869,-7.9825],[-38.2906,-7.9818],[-38.2921,-7.9818],[-38.2916,-7.9807]]]}},{"type":"Feature","properties":{"c":"b593","b":593,"n":"São Cristóvão","m":"2613909","cx":-38.2935,"cy":-7.9857},"geometry":{"type":"Polygon","coordinates":[[[-38.2906,-7.9818],[-38.2869,-7.9825],[-38.2856,-7.9827],[-38.2857,-7.983],[-38.2885,-7.987],[-38.29,-7.9884],[-38.2904,-7.9883],[-38.2911,-7.988],[-38.2913,-7.9885],[-38.2926,-7.9881],[-38.2927,-7.9888],[-38.2942,-7.9886],[-38.2973,-7.9875],[-38.2971,-7.9865],[-38.2981,-7.9867],[-38.2982,-7.9871],[-38.3001,-7.9865],[-38.2987,-7.9849],[-38.2975,-7.9839],[-38.2971,-7.984],[-38.2954,-7.9822],[-38.2948,-7.9822],[-38.2922,-7.9819],[-38.2921,-7.9818],[-38.2906,-7.9818]]]}},{"type":"Feature","properties":{"c":"b594","b":594,"n":"São Sebastião","m":"2613909","cx":-38.304,"cy":-7.9781},"geometry":{"type":"Polygon","coordinates":[[[-38.2938,-7.976],[-38.2948,-7.9777],[-38.2952,-7.9787],[-38.2954,-7.9798],[-38.2961,-7.9822],[-38.3012,-7.9827],[-38.3013,-7.9829],[-38.3018,-7.9826],[-38.3067,-7.9806],[-38.3058,-7.9779],[-38.3057,-7.9779],[-38.3042,-7.9751],[-38.3035,-7.9745],[-38.3013,-7.9738],[-38.3007,-7.9734],[-38.2996,-7.9734],[-38.2991,-7.9736],[-38.297,-7.974],[-38.2987,-7.9752],[-38.2994,-7.9756],[-38.3006,-7.9756],[-38.3005,-7.9759],[-38.3012,-7.9771],[-38.3019,-7.9777],[-38.3025,-7.9789],[-38.3042,-7.9798],[-38.3042,-7.9804],[-38.3035,-7.9808],[-38.3033,-7.9813],[-38.3012,-7.9822],[-38.2995,-7.9816],[-38.2988,-7.9809],[-38.2997,-7.9808],[-38.2999,-7.98],[-38.2996,-7.9787],[-38.2989,-7.9783],[-38.2979,-7.9783],[-38.2966,-7.9773],[-38.2963,-7.9767],[-38.2955,-7.9765],[-38.2951,-7.9757],[-38.2936,-7.9746],[-38.2927,-7.9748],[-38.2938,-7.976]]]}},{"type":"Feature","properties":{"c":"b595","b":595,"n":"Tancredo Neves","m":"2613909","cx":-38.2791,"cy":-7.9774},"geometry":{"type":"Polygon","coordinates":[[[-38.2856,-7.9827],[-38.2869,-7.9825],[-38.2864,-7.9817],[-38.2854,-7.9804],[-38.2859,-7.98],[-38.2856,-7.9797],[-38.2866,-7.979],[-38.2836,-7.9758],[-38.2816,-7.9753],[-38.2808,-7.9753],[-38.2794,-7.9759],[-38.2784,-7.9741],[-38.2762,-7.9711],[-38.2727,-7.972],[-38.2713,-7.9698],[-38.2673,-7.9688],[-38.2672,-7.9701],[-38.2674,-7.9702],[-38.2676,-7.9717],[-38.2717,-7.9727],[-38.2722,-7.9746],[-38.274,-7.9814],[-38.2738,-7.9826],[-38.2727,-7.9839],[-38.2729,-7.9849],[-38.2724,-7.9852],[-38.2715,-7.9851],[-38.2704,-7.9843],[-38.2703,-7.9838],[-38.2714,-7.9837],[-38.2723,-7.9823],[-38.273,-7.9819],[-38.2727,-7.9809],[-38.2714,-7.9798],[-38.2688,-7.9814],[-38.2628,-7.9826],[-38.2622,-7.9803],[-38.2608,-7.9809],[-38.2617,-7.9843],[-38.2619,-7.9843],[-38.2621,-7.9855],[-38.2624,-7.9857],[-38.2627,-7.9872],[-38.2694,-7.9859],[-38.2738,-7.985],[-38.2856,-7.9827]]]}},{"type":"Feature","properties":{"c":"b596","b":596,"n":"Vanete Almeida","m":"2613909","cx":-38.3403,"cy":-7.9998},"geometry":{"type":"Polygon","coordinates":[[[-38.3429,-7.9982],[-38.3408,-7.9972],[-38.3377,-8.0015],[-38.3362,-8.0035],[-38.338,-8.0048],[-38.3396,-8.0028],[-38.3429,-7.9982]]]}},{"type":"Feature","properties":{"c":"b597","b":597,"n":"Vila Bela","m":"2613909","cx":-38.3242,"cy":-7.994},"geometry":{"type":"Polygon","coordinates":[[[-38.3289,-7.997],[-38.3306,-7.9956],[-38.3271,-7.9924],[-38.3305,-7.989],[-38.3293,-7.9884],[-38.3293,-7.9888],[-38.3262,-7.9904],[-38.3206,-7.9934],[-38.3183,-7.9947],[-38.317,-7.9952],[-38.3189,-7.9972],[-38.3191,-7.9971],[-38.3214,-7.9994],[-38.3215,-7.9997],[-38.3267,-7.9979],[-38.3289,-7.997]]]}},{"type":"Feature","properties":{"c":"b598","b":598,"n":"Bela Vista","m":"2614501","cx":-35.7597,"cy":-7.8274},"geometry":{"type":"Polygon","coordinates":[[[-35.7573,-7.8271],[-35.7579,-7.8277],[-35.7587,-7.8294],[-35.7586,-7.8301],[-35.7589,-7.8302],[-35.7591,-7.8312],[-35.7596,-7.8316],[-35.7604,-7.8319],[-35.7613,-7.8312],[-35.762,-7.8317],[-35.762,-7.8334],[-35.7622,-7.8349],[-35.7644,-7.8347],[-35.7655,-7.8338],[-35.7635,-7.8294],[-35.7647,-7.8294],[-35.7647,-7.8291],[-35.7618,-7.8291],[-35.7618,-7.827],[-35.7623,-7.8266],[-35.7618,-7.8265],[-35.762,-7.8256],[-35.7627,-7.8244],[-35.7609,-7.8242],[-35.7606,-7.8228],[-35.7606,-7.8204],[-35.7596,-7.8202],[-35.7589,-7.8208],[-35.758,-7.8222],[-35.7572,-7.8226],[-35.7569,-7.8235],[-35.7573,-7.8254],[-35.757,-7.8259],[-35.7573,-7.8271]]]}},{"type":"Feature","properties":{"c":"b599","b":599,"n":"Cabaceira","m":"2614501","cx":-35.7586,"cy":-7.8412},"geometry":{"type":"Polygon","coordinates":[[[-35.7608,-7.841],[-35.7615,-7.84],[-35.7598,-7.8376],[-35.7592,-7.838],[-35.7589,-7.8375],[-35.7581,-7.8375],[-35.7575,-7.8369],[-35.7569,-7.8373],[-35.7565,-7.8383],[-35.7555,-7.8384],[-35.7552,-7.8388],[-35.7552,-7.8398],[-35.7562,-7.8398],[-35.7564,-7.8414],[-35.7551,-7.8415],[-35.755,-7.8421],[-35.7537,-7.842],[-35.7519,-7.8428],[-35.7533,-7.8429],[-35.7541,-7.8434],[-35.7559,-7.8456],[-35.7568,-7.8448],[-35.761,-7.8449],[-35.761,-7.8439],[-35.7608,-7.8422],[-35.7608,-7.841]]]}},{"type":"Feature","properties":{"c":"b600","b":600,"n":"Centro","m":"2614501","cx":-35.7596,"cy":-7.8361},"geometry":{"type":"Polygon","coordinates":[[[-35.7569,-7.8373],[-35.7575,-7.8369],[-35.7581,-7.8375],[-35.7589,-7.8375],[-35.7592,-7.838],[-35.7598,-7.8376],[-35.7615,-7.84],[-35.7608,-7.841],[-35.7608,-7.8422],[-35.7613,-7.8422],[-35.7614,-7.8415],[-35.7618,-7.8415],[-35.7628,-7.8402],[-35.7625,-7.8397],[-35.7632,-7.8398],[-35.7632,-7.8403],[-35.7636,-7.8403],[-35.7637,-7.8392],[-35.7649,-7.8393],[-35.765,-7.8373],[-35.7642,-7.837],[-35.7641,-7.8355],[-35.7645,-7.8348],[-35.7644,-7.8347],[-35.7622,-7.8349],[-35.762,-7.8334],[-35.762,-7.8317],[-35.7613,-7.8312],[-35.7604,-7.8319],[-35.7596,-7.8316],[-35.7591,-7.8312],[-35.7589,-7.8302],[-35.7586,-7.8301],[-35.7585,-7.8311],[-35.7565,-7.8324],[-35.7561,-7.8318],[-35.7538,-7.8329],[-35.754,-7.8337],[-35.7544,-7.8341],[-35.7536,-7.8343],[-35.7538,-7.8352],[-35.7543,-7.835],[-35.7555,-7.8367],[-35.7563,-7.8377],[-35.7565,-7.8383],[-35.7569,-7.8373]]]}},{"type":"Feature","properties":{"c":"b601","b":601,"n":"Chã do Marinheiro","m":"2614501","cx":-35.7736,"cy":-7.8435},"geometry":{"type":"Polygon","coordinates":[[[-35.7668,-7.8557],[-35.7677,-7.8559],[-35.7692,-7.856],[-35.7755,-7.8551],[-35.7774,-7.8552],[-35.7843,-7.8569],[-35.7845,-7.8558],[-35.7846,-7.8538],[-35.7847,-7.845],[-35.7848,-7.8433],[-35.7848,-7.8384],[-35.7848,-7.8379],[-35.7866,-7.8328],[-35.7871,-7.8315],[-35.7871,-7.8308],[-35.7859,-7.8309],[-35.7859,-7.8303],[-35.7845,-7.8303],[-35.7845,-7.8305],[-35.7836,-7.8305],[-35.7833,-7.8313],[-35.7833,-7.8338],[-35.7835,-7.8342],[-35.782,-7.8353],[-35.7827,-7.8358],[-35.7835,-7.8372],[-35.7845,-7.8376],[-35.7842,-7.8378],[-35.7829,-7.8381],[-35.7824,-7.8379],[-35.7824,-7.837],[-35.7818,-7.8361],[-35.7795,-7.8361],[-35.7795,-7.8372],[-35.7778,-7.8375],[-35.7758,-7.8374],[-35.7746,-7.8382],[-35.7739,-7.8384],[-35.7734,-7.8382],[-35.7728,-7.839],[-35.7713,-7.8398],[-35.7701,-7.8392],[-35.7697,-7.8394],[-35.7695,-7.8391],[-35.7697,-7.8381],[-35.7696,-7.836],[-35.7689,-7.8361],[-35.7681,-7.8358],[-35.7678,-7.8345],[-35.7672,-7.8346],[-35.7648,-7.8346],[-35.7645,-7.8348],[-35.7641,-7.8355],[-35.7642,-7.837],[-35.765,-7.8373],[-35.7649,-7.8393],[-35.7637,-7.8392],[-35.7636,-7.8403],[-35.7632,-7.8403],[-35.7632,-7.8398],[-35.7625,-7.8397],[-35.7628,-7.8402],[-35.7618,-7.8415],[-35.7614,-7.8415],[-35.7613,-7.8422],[-35.7616,-7.8427],[-35.7627,-7.8438],[-35.7637,-7.8442],[-35.7655,-7.8445],[-35.7663,-7.8444],[-35.7657,-7.8454],[-35.7645,-7.8455],[-35.7644,-7.8485],[-35.7655,-7.8483],[-35.7656,-7.8497],[-35.7643,-7.8498],[-35.7643,-7.8527],[-35.7642,-7.8547],[-35.7668,-7.8557]]]}},{"type":"Feature","properties":{"c":"b602","b":602,"n":"Coqueiro","m":"2614501","cx":-35.7642,"cy":-7.866},"geometry":{"type":"Polygon","coordinates":[[[-35.7774,-7.8552],[-35.7755,-7.8551],[-35.7692,-7.856],[-35.7677,-7.8559],[-35.7668,-7.8557],[-35.7642,-7.8547],[-35.7623,-7.8538],[-35.7622,-7.8539],[-35.7621,-7.8594],[-35.7613,-7.8604],[-35.7608,-7.8604],[-35.7601,-7.8604],[-35.7583,-7.8625],[-35.7574,-7.8634],[-35.755,-7.8644],[-35.7536,-7.8651],[-35.7524,-7.8654],[-35.7517,-7.8653],[-35.7626,-7.8751],[-35.7602,-7.877],[-35.759,-7.8777],[-35.7654,-7.8778],[-35.7651,-7.8767],[-35.7646,-7.8758],[-35.7647,-7.8751],[-35.7654,-7.8747],[-35.7654,-7.8741],[-35.766,-7.8731],[-35.7665,-7.8717],[-35.7671,-7.8713],[-35.7675,-7.8703],[-35.7678,-7.8702],[-35.7676,-7.8688],[-35.7678,-7.8685],[-35.7675,-7.8666],[-35.7707,-7.8669],[-35.7709,-7.8681],[-35.7714,-7.87],[-35.7742,-7.8718],[-35.7774,-7.8719],[-35.7773,-7.8708],[-35.7775,-7.8687],[-35.7774,-7.8684],[-35.7754,-7.8655],[-35.7743,-7.8649],[-35.7746,-7.8642],[-35.7796,-7.8624],[-35.7853,-7.8605],[-35.7855,-7.8573],[-35.7843,-7.8569],[-35.7774,-7.8552]]]}},{"type":"Feature","properties":{"c":"b603","b":603,"n":"Diogo","m":"2614501","cx":-35.7528,"cy":-7.8287},"geometry":{"type":"Polygon","coordinates":[[[-35.7538,-7.8329],[-35.7561,-7.8318],[-35.7565,-7.8324],[-35.7585,-7.8311],[-35.7586,-7.8301],[-35.7587,-7.8294],[-35.7579,-7.8277],[-35.7573,-7.8271],[-35.757,-7.8259],[-35.7566,-7.8255],[-35.7561,-7.8242],[-35.7556,-7.8233],[-35.7537,-7.824],[-35.7536,-7.8243],[-35.7527,-7.8244],[-35.7521,-7.8238],[-35.7508,-7.8235],[-35.7488,-7.8232],[-35.7465,-7.8239],[-35.7456,-7.8249],[-35.7448,-7.8252],[-35.7443,-7.8266],[-35.7447,-7.8274],[-35.7456,-7.8282],[-35.7465,-7.828],[-35.747,-7.8274],[-35.7478,-7.8277],[-35.747,-7.8292],[-35.7473,-7.8299],[-35.748,-7.8301],[-35.7489,-7.8298],[-35.7495,-7.8302],[-35.7496,-7.8297],[-35.7502,-7.8295],[-35.7503,-7.8307],[-35.751,-7.831],[-35.7517,-7.8326],[-35.7529,-7.8335],[-35.754,-7.8337],[-35.7538,-7.8329]]]}},{"type":"Feature","properties":{"c":"b604","b":604,"n":"Lagoa Nova","m":"2614501","cx":-35.7799,"cy":-7.8335},"geometry":{"type":"Polygon","coordinates":[[[-35.7821,-7.831],[-35.7821,-7.8306],[-35.7805,-7.8305],[-35.7804,-7.8322],[-35.7765,-7.8322],[-35.7764,-7.8339],[-35.7754,-7.8337],[-35.7754,-7.833],[-35.7738,-7.8331],[-35.7738,-7.8339],[-35.7727,-7.8338],[-35.7712,-7.834],[-35.7705,-7.8339],[-35.7689,-7.8334],[-35.7688,-7.8326],[-35.768,-7.8326],[-35.7681,-7.8317],[-35.7687,-7.8316],[-35.7689,-7.8308],[-35.7693,-7.8308],[-35.7695,-7.8298],[-35.7688,-7.8297],[-35.7689,-7.8277],[-35.767,-7.8274],[-35.767,-7.8291],[-35.7647,-7.8291],[-35.7647,-7.8294],[-35.7635,-7.8294],[-35.7655,-7.8338],[-35.7644,-7.8347],[-35.7645,-7.8348],[-35.7648,-7.8346],[-35.7672,-7.8346],[-35.7678,-7.8345],[-35.7681,-7.8358],[-35.7689,-7.8361],[-35.7696,-7.836],[-35.7697,-7.8381],[-35.7695,-7.8391],[-35.7697,-7.8394],[-35.7701,-7.8392],[-35.7713,-7.8398],[-35.7728,-7.839],[-35.7734,-7.8382],[-35.7739,-7.8384],[-35.7746,-7.8382],[-35.7758,-7.8374],[-35.7778,-7.8375],[-35.7795,-7.8372],[-35.7795,-7.8361],[-35.7818,-7.8361],[-35.7824,-7.837],[-35.7824,-7.8379],[-35.7829,-7.8381],[-35.7842,-7.8378],[-35.7845,-7.8376],[-35.7835,-7.8372],[-35.7827,-7.8358],[-35.782,-7.8353],[-35.7835,-7.8342],[-35.7833,-7.8338],[-35.7833,-7.8313],[-35.7821,-7.831]]]}},{"type":"Feature","properties":{"c":"b605","b":605,"n":"Santo Antônio","m":"2614501","cx":-35.7554,"cy":-7.8515},"geometry":{"type":"Polygon","coordinates":[[[-35.7399,-7.8485],[-35.7399,-7.8491],[-35.7402,-7.8504],[-35.7417,-7.8511],[-35.7427,-7.8511],[-35.7435,-7.8512],[-35.7435,-7.8519],[-35.7444,-7.8527],[-35.7443,-7.8534],[-35.7457,-7.8546],[-35.7467,-7.8548],[-35.7468,-7.8554],[-35.7474,-7.8557],[-35.7483,-7.8538],[-35.7485,-7.8514],[-35.7492,-7.8513],[-35.7512,-7.8517],[-35.7519,-7.8522],[-35.7536,-7.8531],[-35.7543,-7.8533],[-35.7558,-7.8542],[-35.756,-7.8541],[-35.7577,-7.8554],[-35.7581,-7.8562],[-35.7593,-7.8577],[-35.7599,-7.8583],[-35.7609,-7.8598],[-35.7608,-7.8604],[-35.7613,-7.8604],[-35.7621,-7.8594],[-35.7622,-7.8539],[-35.7623,-7.8538],[-35.7612,-7.8526],[-35.7559,-7.8456],[-35.7541,-7.8434],[-35.7533,-7.8429],[-35.7519,-7.8428],[-35.7434,-7.8468],[-35.7399,-7.8485]]]}},{"type":"Feature","properties":{"c":"b606","b":606,"n":"São José","m":"2614501","cx":-35.7526,"cy":-7.838},"geometry":{"type":"Polygon","coordinates":[[[-35.7537,-7.842],[-35.755,-7.8421],[-35.7551,-7.8415],[-35.7564,-7.8414],[-35.7562,-7.8398],[-35.7552,-7.8398],[-35.7552,-7.8388],[-35.7555,-7.8384],[-35.7565,-7.8383],[-35.7563,-7.8377],[-35.7555,-7.8367],[-35.7543,-7.835],[-35.7538,-7.8352],[-35.7536,-7.8343],[-35.7544,-7.8341],[-35.754,-7.8337],[-35.7529,-7.8335],[-35.7517,-7.8326],[-35.751,-7.831],[-35.7503,-7.8307],[-35.7502,-7.8295],[-35.7496,-7.8297],[-35.7495,-7.8302],[-35.7495,-7.8335],[-35.7485,-7.8329],[-35.7476,-7.8321],[-35.7467,-7.8337],[-35.7464,-7.8338],[-35.7456,-7.833],[-35.7443,-7.8331],[-35.7438,-7.8338],[-35.7438,-7.8345],[-35.743,-7.8355],[-35.743,-7.8359],[-35.7439,-7.8368],[-35.7444,-7.8365],[-35.7457,-7.8366],[-35.7468,-7.8361],[-35.7482,-7.836],[-35.7489,-7.8357],[-35.7489,-7.843],[-35.748,-7.843],[-35.7473,-7.8433],[-35.7463,-7.8429],[-35.7457,-7.8429],[-35.7452,-7.8419],[-35.7444,-7.8419],[-35.743,-7.8411],[-35.7421,-7.8415],[-35.7416,-7.8413],[-35.7408,-7.8401],[-35.7401,-7.841],[-35.7398,-7.8442],[-35.7402,-7.8444],[-35.7405,-7.8452],[-35.7411,-7.8452],[-35.7415,-7.8447],[-35.7419,-7.8447],[-35.7425,-7.8455],[-35.7431,-7.8457],[-35.7434,-7.8468],[-35.7519,-7.8428],[-35.7537,-7.842]]]}},{"type":"Feature","properties":{"c":"b607","b":607,"n":"São Sebastião","m":"2614501","cx":-35.7612,"cy":-7.8484},"geometry":{"type":"Polygon","coordinates":[[[-35.7642,-7.8547],[-35.7643,-7.8527],[-35.7643,-7.8498],[-35.7656,-7.8497],[-35.7655,-7.8483],[-35.7644,-7.8485],[-35.7645,-7.8455],[-35.7657,-7.8454],[-35.7663,-7.8444],[-35.7655,-7.8445],[-35.7637,-7.8442],[-35.7627,-7.8438],[-35.7616,-7.8427],[-35.7613,-7.8422],[-35.7608,-7.8422],[-35.761,-7.8439],[-35.761,-7.8449],[-35.7568,-7.8448],[-35.7559,-7.8456],[-35.7612,-7.8526],[-35.7623,-7.8538],[-35.7642,-7.8547]]]}},{"type":"Feature","properties":{"c":"b608","b":608,"n":"Araruna","m":"2615300","cx":-35.32,"cy":-7.5204},"geometry":{"type":"Polygon","coordinates":[[[-35.3183,-7.5154],[-35.3172,-7.5174],[-35.3167,-7.5174],[-35.3153,-7.5168],[-35.3144,-7.5162],[-35.3133,-7.5165],[-35.3122,-7.5168],[-35.3111,-7.5177],[-35.3111,-7.5181],[-35.3123,-7.5182],[-35.3122,-7.5186],[-35.3129,-7.5187],[-35.3129,-7.5196],[-35.3124,-7.5196],[-35.3124,-7.5205],[-35.3109,-7.5204],[-35.3099,-7.5203],[-35.3088,-7.5203],[-35.3055,-7.5211],[-35.3099,-7.5221],[-35.3201,-7.5247],[-35.3215,-7.525],[-35.3225,-7.5254],[-35.3233,-7.5255],[-35.3292,-7.5187],[-35.3294,-7.5184],[-35.3274,-7.518],[-35.3266,-7.5177],[-35.3257,-7.5166],[-35.324,-7.5163],[-35.3232,-7.5166],[-35.3233,-7.5162],[-35.3186,-7.5155],[-35.3186,-7.5154],[-35.3183,-7.5154]]]}},{"type":"Feature","properties":{"c":"b609","b":609,"n":"Barro","m":"2615300","cx":-35.3226,"cy":-7.5131},"geometry":{"type":"Polygon","coordinates":[[[-35.3186,-7.5155],[-35.3233,-7.5162],[-35.3232,-7.5166],[-35.324,-7.5163],[-35.3247,-7.5145],[-35.3248,-7.514],[-35.3252,-7.514],[-35.3247,-7.5133],[-35.3249,-7.513],[-35.3247,-7.5122],[-35.3248,-7.5106],[-35.3245,-7.5097],[-35.3236,-7.5098],[-35.3217,-7.5111],[-35.3211,-7.5113],[-35.3206,-7.5115],[-35.3204,-7.5137],[-35.3196,-7.5151],[-35.3186,-7.5154],[-35.3186,-7.5155]]]}},{"type":"Feature","properties":{"c":"b610","b":610,"n":"Centro","m":"2615300","cx":-35.3188,"cy":-7.5116},"geometry":{"type":"Polygon","coordinates":[[[-35.3208,-7.5104],[-35.3199,-7.5095],[-35.32,-7.5084],[-35.321,-7.506],[-35.3207,-7.5057],[-35.3198,-7.5068],[-35.3192,-7.5078],[-35.3186,-7.5082],[-35.3187,-7.5086],[-35.318,-7.5092],[-35.3174,-7.5105],[-35.3169,-7.5117],[-35.3168,-7.5126],[-35.3161,-7.5137],[-35.3159,-7.5128],[-35.3128,-7.5129],[-35.3119,-7.513],[-35.3119,-7.5136],[-35.3121,-7.5148],[-35.3131,-7.5145],[-35.3133,-7.5165],[-35.3144,-7.5162],[-35.3153,-7.5168],[-35.3167,-7.5174],[-35.3172,-7.5174],[-35.3183,-7.5154],[-35.3186,-7.5154],[-35.3196,-7.5151],[-35.3204,-7.5137],[-35.3206,-7.5115],[-35.3211,-7.5113],[-35.3208,-7.5104]]]}},{"type":"Feature","properties":{"c":"b611","b":611,"n":"Cezar Augusto","m":"2615300","cx":-35.3088,"cy":-7.5012},"geometry":{"type":"Polygon","coordinates":[[[-35.3142,-7.5016],[-35.3183,-7.5001],[-35.3185,-7.4992],[-35.3175,-7.4989],[-35.317,-7.4982],[-35.3162,-7.4976],[-35.317,-7.4966],[-35.3166,-7.4957],[-35.3165,-7.4948],[-35.3152,-7.4948],[-35.3144,-7.4944],[-35.3133,-7.4944],[-35.313,-7.4935],[-35.3059,-7.5002],[-35.3023,-7.5009],[-35.3031,-7.5038],[-35.3028,-7.5048],[-35.3007,-7.5068],[-35.3019,-7.5094],[-35.305,-7.5083],[-35.3043,-7.5068],[-35.3047,-7.5066],[-35.3061,-7.5054],[-35.3083,-7.5053],[-35.3099,-7.5063],[-35.3108,-7.504],[-35.3113,-7.5042],[-35.312,-7.5023],[-35.3118,-7.5016],[-35.3124,-7.5023],[-35.3142,-7.5016]]]}},{"type":"Feature","properties":{"c":"b612","b":612,"n":"Cohab","m":"2615300","cx":-35.3113,"cy":-7.5124},"geometry":{"type":"Polygon","coordinates":[[[-35.3106,-7.5137],[-35.3119,-7.5136],[-35.3119,-7.513],[-35.3128,-7.5129],[-35.3127,-7.5115],[-35.3102,-7.5116],[-35.3096,-7.5119],[-35.3106,-7.5137]]]}},{"type":"Feature","properties":{"c":"b613","b":613,"n":"Coronel Maranhão","m":"2615300","cx":-35.3259,"cy":-7.5085},"geometry":{"type":"Polygon","coordinates":[[[-35.3251,-7.5059],[-35.3252,-7.5064],[-35.3249,-7.5076],[-35.3253,-7.5081],[-35.3256,-7.509],[-35.326,-7.509],[-35.3257,-7.5103],[-35.3248,-7.5106],[-35.3247,-7.5122],[-35.3249,-7.513],[-35.3254,-7.513],[-35.3264,-7.5126],[-35.3277,-7.5131],[-35.3282,-7.5132],[-35.3289,-7.5127],[-35.3295,-7.5123],[-35.3305,-7.5126],[-35.33,-7.5116],[-35.3271,-7.5115],[-35.3273,-7.5093],[-35.3263,-7.5091],[-35.3267,-7.5076],[-35.3309,-7.5061],[-35.3314,-7.508],[-35.3331,-7.507],[-35.3325,-7.5055],[-35.3317,-7.5062],[-35.3312,-7.5048],[-35.3274,-7.506],[-35.327,-7.5048],[-35.3264,-7.505],[-35.3266,-7.5056],[-35.3261,-7.5058],[-35.3256,-7.5052],[-35.3251,-7.5059]]]}},{"type":"Feature","properties":{"c":"b614","b":614,"n":"Cruzeiro","m":"2615300","cx":-35.3227,"cy":-7.5082},"geometry":{"type":"Polygon","coordinates":[[[-35.3217,-7.5111],[-35.3236,-7.5098],[-35.3245,-7.5097],[-35.3248,-7.5106],[-35.3257,-7.5103],[-35.326,-7.509],[-35.3256,-7.509],[-35.3253,-7.5081],[-35.3249,-7.5076],[-35.3252,-7.5064],[-35.3251,-7.5059],[-35.3256,-7.5052],[-35.3239,-7.5062],[-35.3233,-7.5054],[-35.3226,-7.505],[-35.3221,-7.5055],[-35.3223,-7.5058],[-35.321,-7.5059],[-35.321,-7.506],[-35.32,-7.5084],[-35.3199,-7.5095],[-35.3208,-7.5104],[-35.3211,-7.5113],[-35.3217,-7.5111]]]}},{"type":"Feature","properties":{"c":"b615","b":615,"n":"Independência","m":"2615300","cx":-35.3093,"cy":-7.5077},"geometry":{"type":"Polygon","coordinates":[[[-35.3102,-7.5116],[-35.3127,-7.5115],[-35.3128,-7.5129],[-35.3159,-7.5128],[-35.3161,-7.5137],[-35.3168,-7.5126],[-35.3169,-7.5117],[-35.3174,-7.5105],[-35.316,-7.51],[-35.3162,-7.5096],[-35.3144,-7.5087],[-35.3147,-7.5082],[-35.3132,-7.5073],[-35.3134,-7.5065],[-35.3143,-7.5059],[-35.3137,-7.5044],[-35.3128,-7.5027],[-35.3124,-7.5023],[-35.3118,-7.5016],[-35.312,-7.5023],[-35.3113,-7.5042],[-35.3108,-7.504],[-35.3099,-7.5063],[-35.3083,-7.5053],[-35.3061,-7.5054],[-35.3047,-7.5066],[-35.3043,-7.5068],[-35.305,-7.5083],[-35.3019,-7.5094],[-35.3023,-7.5103],[-35.3029,-7.5124],[-35.3049,-7.5118],[-35.3063,-7.5117],[-35.3085,-7.5106],[-35.3081,-7.5101],[-35.3089,-7.5101],[-35.3096,-7.5119],[-35.3102,-7.5116]]]}},{"type":"Feature","properties":{"c":"b616","b":616,"n":"Jardim Guarani","m":"2615300","cx":-35.3172,"cy":-7.5025},"geometry":{"type":"Polygon","coordinates":[[[-35.3142,-7.5016],[-35.315,-7.5037],[-35.3153,-7.5045],[-35.3181,-7.5035],[-35.3189,-7.5056],[-35.3196,-7.5055],[-35.3207,-7.5057],[-35.3209,-7.5045],[-35.3203,-7.5036],[-35.3206,-7.5035],[-35.3189,-7.5012],[-35.3184,-7.5011],[-35.3183,-7.5001],[-35.3142,-7.5016]]]}},{"type":"Feature","properties":{"c":"b617","b":617,"n":"Mocosinho","m":"2615300","cx":-35.3077,"cy":-7.5141},"geometry":{"type":"Polygon","coordinates":[[[-35.3106,-7.5137],[-35.3096,-7.5119],[-35.3089,-7.5101],[-35.3081,-7.5101],[-35.3085,-7.5106],[-35.3063,-7.5117],[-35.3049,-7.5118],[-35.3029,-7.5124],[-35.3031,-7.5129],[-35.3048,-7.5185],[-35.3053,-7.5181],[-35.3054,-7.517],[-35.3059,-7.5165],[-35.3067,-7.5164],[-35.3072,-7.5167],[-35.3085,-7.518],[-35.3103,-7.5185],[-35.3111,-7.5181],[-35.3111,-7.5177],[-35.3122,-7.5168],[-35.3133,-7.5165],[-35.3131,-7.5145],[-35.3121,-7.5148],[-35.3119,-7.5136],[-35.3106,-7.5137]]]}},{"type":"Feature","properties":{"c":"b618","b":618,"n":"Mocós","m":"2615300","cx":-35.3089,"cy":-7.5191},"geometry":{"type":"Polygon","coordinates":[[[-35.3048,-7.5186],[-35.3055,-7.5211],[-35.3088,-7.5203],[-35.3099,-7.5203],[-35.3109,-7.5204],[-35.3124,-7.5205],[-35.3124,-7.5196],[-35.3129,-7.5196],[-35.3129,-7.5187],[-35.3122,-7.5186],[-35.3123,-7.5182],[-35.3111,-7.5181],[-35.3103,-7.5185],[-35.3085,-7.518],[-35.3072,-7.5167],[-35.3067,-7.5164],[-35.3059,-7.5165],[-35.3054,-7.517],[-35.3053,-7.5181],[-35.3048,-7.5185],[-35.3048,-7.5186]]]}},{"type":"Feature","properties":{"c":"b619","b":619,"n":"Nova Vida","m":"2615300","cx":-35.3008,"cy":-7.5147},"geometry":{"type":"Polygon","coordinates":[[[-35.298,-7.5121],[-35.2978,-7.5165],[-35.2978,-7.517],[-35.2973,-7.5177],[-35.2976,-7.5189],[-35.2968,-7.5192],[-35.2977,-7.5198],[-35.2987,-7.5194],[-35.3002,-7.5184],[-35.3017,-7.5182],[-35.3027,-7.5179],[-35.3037,-7.5187],[-35.3048,-7.5186],[-35.3048,-7.5185],[-35.3031,-7.5129],[-35.3018,-7.5119],[-35.3006,-7.5117],[-35.2973,-7.5103],[-35.298,-7.5121]]]}},{"type":"Feature","properties":{"c":"b620","b":620,"n":"Santa Ana","m":"2615300","cx":-35.3266,"cy":-7.5153},"geometry":{"type":"Polygon","coordinates":[[[-35.3282,-7.5132],[-35.3277,-7.5131],[-35.3264,-7.5126],[-35.3254,-7.513],[-35.3249,-7.513],[-35.3247,-7.5133],[-35.3252,-7.514],[-35.3248,-7.514],[-35.3247,-7.5145],[-35.324,-7.5163],[-35.3257,-7.5166],[-35.3266,-7.5177],[-35.3274,-7.518],[-35.3294,-7.5184],[-35.329,-7.5179],[-35.3287,-7.517],[-35.3288,-7.5156],[-35.3289,-7.5151],[-35.3289,-7.5127],[-35.3282,-7.5132]]]}},{"type":"Feature","properties":{"c":"b621","b":621,"n":"Santa Terezinha","m":"2615300","cx":-35.3178,"cy":-7.5062},"geometry":{"type":"Polygon","coordinates":[[[-35.3192,-7.5078],[-35.3198,-7.5068],[-35.3207,-7.5057],[-35.3196,-7.5055],[-35.3189,-7.5056],[-35.3181,-7.5035],[-35.3153,-7.5045],[-35.315,-7.5037],[-35.3143,-7.5041],[-35.3147,-7.5055],[-35.3157,-7.5068],[-35.3172,-7.5073],[-35.3186,-7.5082],[-35.3192,-7.5078]]]}},{"type":"Feature","properties":{"c":"b622","b":622,"n":"Santiago","m":"2615300","cx":-35.3323,"cy":-7.5163},"geometry":{"type":"Polygon","coordinates":[[[-35.3289,-7.5151],[-35.3288,-7.5156],[-35.3287,-7.517],[-35.329,-7.5179],[-35.3294,-7.5184],[-35.3303,-7.5194],[-35.3306,-7.5206],[-35.3328,-7.5206],[-35.3337,-7.5197],[-35.3352,-7.5188],[-35.3356,-7.5187],[-35.336,-7.518],[-35.3365,-7.5178],[-35.3369,-7.5172],[-35.3349,-7.5154],[-35.3343,-7.5146],[-35.3323,-7.5147],[-35.3317,-7.5132],[-35.3305,-7.5126],[-35.3295,-7.5123],[-35.3289,-7.5127],[-35.3289,-7.5151]]]}},{"type":"Feature","properties":{"c":"b623","b":623,"n":"Sapucaia","m":"2615300","cx":-35.299,"cy":-7.5081},"geometry":{"type":"Polygon","coordinates":[[[-35.2953,-7.5022],[-35.2973,-7.5103],[-35.3006,-7.5117],[-35.3018,-7.5119],[-35.3031,-7.5129],[-35.3029,-7.5124],[-35.3023,-7.5103],[-35.3019,-7.5094],[-35.3007,-7.5068],[-35.3028,-7.5048],[-35.3031,-7.5038],[-35.3023,-7.5009],[-35.2953,-7.5022]]]}},{"type":"Feature","properties":{"c":"b624","b":624,"n":"Timbaubinha","m":"2615300","cx":-35.32,"cy":-7.4985},"geometry":{"type":"MultiPolygon","coordinates":[[[[-35.3133,-7.4944],[-35.3144,-7.4944],[-35.3152,-7.4948],[-35.3165,-7.4948],[-35.3166,-7.4957],[-35.317,-7.4966],[-35.3162,-7.4976],[-35.317,-7.4982],[-35.3175,-7.4989],[-35.3185,-7.4992],[-35.3183,-7.5001],[-35.3184,-7.5011],[-35.3189,-7.5012],[-35.3206,-7.5035],[-35.3203,-7.5036],[-35.3209,-7.5045],[-35.3207,-7.5057],[-35.321,-7.506],[-35.321,-7.5059],[-35.3223,-7.5058],[-35.3221,-7.5055],[-35.3226,-7.505],[-35.3233,-7.5054],[-35.3239,-7.5062],[-35.3256,-7.5052],[-35.3243,-7.5039],[-35.3242,-7.5035],[-35.3246,-7.5028],[-35.3246,-7.5019],[-35.324,-7.5011],[-35.3242,-7.5007],[-35.3235,-7.5004],[-35.3234,-7.5],[-35.3228,-7.4996],[-35.3225,-7.4989],[-35.3241,-7.4955],[-35.3256,-7.4944],[-35.3268,-7.4937],[-35.3271,-7.493],[-35.3268,-7.4922],[-35.3269,-7.4916],[-35.3253,-7.492],[-35.3244,-7.4911],[-35.3231,-7.4923],[-35.3217,-7.4905],[-35.3195,-7.4909],[-35.319,-7.4911],[-35.317,-7.493],[-35.3161,-7.4921],[-35.3158,-7.4909],[-35.313,-7.4935],[-35.3133,-7.4944]]],[[[-35.3243,-7.499],[-35.3247,-7.4993],[-35.327,-7.4994],[-35.327,-7.5005],[-35.3272,-7.5013],[-35.3295,-7.5013],[-35.3296,-7.4984],[-35.3243,-7.4981],[-35.3243,-7.499]]]]}},{"type":"Feature","properties":{"c":"b625","b":625,"n":"Três Cocos","m":"2615300","cx":-35.3145,"cy":-7.5062},"geometry":{"type":"Polygon","coordinates":[[[-35.318,-7.5092],[-35.3187,-7.5086],[-35.3186,-7.5082],[-35.3172,-7.5073],[-35.3157,-7.5068],[-35.3147,-7.5055],[-35.3143,-7.5041],[-35.315,-7.5037],[-35.3142,-7.5016],[-35.3124,-7.5023],[-35.3128,-7.5027],[-35.3137,-7.5044],[-35.3143,-7.5059],[-35.3134,-7.5065],[-35.3132,-7.5073],[-35.3147,-7.5082],[-35.3144,-7.5087],[-35.3162,-7.5096],[-35.316,-7.51],[-35.3174,-7.5105],[-35.318,-7.5092]]]}},{"type":"Feature","properties":{"c":"b626","b":626,"n":"Centro","m":"2616209","cx":-35.9824,"cy":-7.9016},"geometry":{"type":"MultiPolygon","coordinates":[[[[-35.9847,-7.9065],[-35.9864,-7.9061],[-35.9865,-7.9068],[-35.9863,-7.9073],[-35.9873,-7.907],[-35.9883,-7.9052],[-35.9889,-7.9047],[-35.9878,-7.9037],[-35.9875,-7.9041],[-35.9879,-7.9046],[-35.9869,-7.9052],[-35.9862,-7.9051],[-35.9846,-7.9055],[-35.9847,-7.9065]]],[[[-35.9873,-7.9005],[-35.9865,-7.9007],[-35.986,-7.9005],[-35.9858,-7.9019],[-35.9839,-7.9014],[-35.9824,-7.9008],[-35.9788,-7.8999],[-35.9786,-7.9001],[-35.9798,-7.9014],[-35.9805,-7.9033],[-35.9807,-7.9039],[-35.9869,-7.9031],[-35.9876,-7.9036],[-35.9887,-7.902],[-35.9893,-7.9003],[-35.9887,-7.8993],[-35.9873,-7.9005]]]]}},{"type":"Feature","properties":{"c":"b627","b":627,"n":"Danilo Andrade","m":"2616209","cx":-35.9831,"cy":-7.8985},"geometry":{"type":"Polygon","coordinates":[[[-35.986,-7.8982],[-35.985,-7.8964],[-35.9841,-7.8965],[-35.9836,-7.8954],[-35.9838,-7.8952],[-35.9813,-7.8961],[-35.982,-7.8979],[-35.9806,-7.8981],[-35.9798,-7.8993],[-35.979,-7.8989],[-35.9771,-7.8974],[-35.977,-7.8993],[-35.9786,-7.9001],[-35.9788,-7.8999],[-35.9824,-7.9008],[-35.9839,-7.9014],[-35.9858,-7.9019],[-35.986,-7.9005],[-35.986,-7.8982]]]}},{"type":"Feature","properties":{"c":"b628","b":628,"n":"Dr. Ernildo Gonçalves","m":"2616209","cx":-35.9828,"cy":-7.9053},"geometry":{"type":"Polygon","coordinates":[[[-35.9792,-7.9035],[-35.9789,-7.904],[-35.9792,-7.9044],[-35.9791,-7.9049],[-35.9802,-7.9049],[-35.9808,-7.9065],[-35.9814,-7.9073],[-35.982,-7.9071],[-35.9815,-7.9062],[-35.9846,-7.9055],[-35.9862,-7.9051],[-35.9869,-7.9052],[-35.9879,-7.9046],[-35.9875,-7.9041],[-35.9878,-7.9037],[-35.9876,-7.9036],[-35.9869,-7.9031],[-35.9807,-7.9039],[-35.9805,-7.9033],[-35.9792,-7.9035]]]}},{"type":"Feature","properties":{"c":"b629","b":629,"n":"João Santo","m":"2616209","cx":-35.9842,"cy":-7.9087},"geometry":{"type":"Polygon","coordinates":[[[-35.984,-7.9078],[-35.9821,-7.9074],[-35.982,-7.9071],[-35.9814,-7.9073],[-35.9801,-7.9078],[-35.98,-7.9084],[-35.9796,-7.9089],[-35.9801,-7.9094],[-35.9821,-7.9095],[-35.9818,-7.9124],[-35.9833,-7.9122],[-35.9834,-7.913],[-35.9864,-7.9116],[-35.9888,-7.9104],[-35.9886,-7.9097],[-35.9887,-7.9085],[-35.9888,-7.9075],[-35.9886,-7.9057],[-35.989,-7.9049],[-35.9889,-7.9047],[-35.9883,-7.9052],[-35.9873,-7.907],[-35.9863,-7.9073],[-35.984,-7.9078]]]}},{"type":"Feature","properties":{"c":"b630","b":630,"n":"Leocadio Ferreira de Araujo (Bairro Goiabeira)","m":"2616209","cx":-35.9953,"cy":-7.9003},"geometry":{"type":"Polygon","coordinates":[[[-35.9931,-7.8964],[-35.9929,-7.8975],[-35.9919,-7.8996],[-35.9915,-7.901],[-35.991,-7.9018],[-35.9908,-7.9026],[-35.9908,-7.9037],[-35.9904,-7.904],[-35.9904,-7.9041],[-35.9919,-7.9037],[-35.9922,-7.9045],[-35.9931,-7.9044],[-35.9932,-7.9062],[-35.9935,-7.9075],[-35.9954,-7.9072],[-35.997,-7.9072],[-35.9995,-7.9075],[-36.0001,-7.906],[-36.0005,-7.9062],[-36.0012,-7.9043],[-36.0015,-7.9027],[-35.9983,-7.9016],[-35.9994,-7.8988],[-35.999,-7.8952],[-35.9933,-7.8945],[-35.9931,-7.8964]]]}},{"type":"Feature","properties":{"c":"b631","b":631,"n":"Luiz Soares","m":"2616209","cx":-35.9841,"cy":-7.9066},"geometry":{"type":"Polygon","coordinates":[[[-35.9821,-7.9074],[-35.984,-7.9078],[-35.9863,-7.9073],[-35.9865,-7.9068],[-35.9864,-7.9061],[-35.9847,-7.9065],[-35.9846,-7.9055],[-35.9815,-7.9062],[-35.982,-7.9071],[-35.9821,-7.9074]]]}},{"type":"Feature","properties":{"c":"b632","b":632,"n":"Manoel de Souza Leal","m":"2616209","cx":-35.9923,"cy":-7.9058},"geometry":{"type":"Polygon","coordinates":[[[-35.9932,-7.9062],[-35.9931,-7.9044],[-35.9922,-7.9045],[-35.9919,-7.9037],[-35.9904,-7.9041],[-35.9905,-7.9046],[-35.9913,-7.9049],[-35.9914,-7.9054],[-35.9912,-7.9078],[-35.9935,-7.9075],[-35.9932,-7.9062]]]}},{"type":"Feature","properties":{"c":"b633","b":633,"n":"Prefeito José Ozair Cavalcanti (Bairro Rua Nova)","m":"2616209","cx":-35.99,"cy":-7.9066},"geometry":{"type":"Polygon","coordinates":[[[-35.9904,-7.904],[-35.989,-7.9049],[-35.9886,-7.9057],[-35.9888,-7.9075],[-35.9887,-7.9085],[-35.9898,-7.909],[-35.9905,-7.9081],[-35.9912,-7.9078],[-35.9914,-7.9054],[-35.9913,-7.9049],[-35.9905,-7.9046],[-35.9904,-7.9041],[-35.9904,-7.904]]]}},{"type":"Feature","properties":{"c":"b634","b":634,"n":"Prefeito Pedro Barbosa da Silva (Bairro São José)","m":"2616209","cx":-35.9904,"cy":-7.8991},"geometry":{"type":"Polygon","coordinates":[[[-35.9934,-7.894],[-35.9906,-7.8935],[-35.9901,-7.8957],[-35.9886,-7.899],[-35.9887,-7.8993],[-35.9893,-7.9003],[-35.9887,-7.902],[-35.9876,-7.9036],[-35.9878,-7.9037],[-35.9889,-7.9047],[-35.989,-7.9049],[-35.9904,-7.904],[-35.9908,-7.9037],[-35.9908,-7.9026],[-35.991,-7.9018],[-35.9915,-7.901],[-35.9919,-7.8996],[-35.9929,-7.8975],[-35.9931,-7.8964],[-35.9933,-7.8945],[-35.9934,-7.894]]]}},{"type":"Feature","properties":{"c":"b635","b":635,"n":"Severino José de Menezes (Bairro Gravatazinho 2)","m":"2616209","cx":-35.9886,"cy":-7.9183},"geometry":{"type":"Polygon","coordinates":[[[-35.9831,-7.917],[-35.9846,-7.9172],[-35.9844,-7.9199],[-35.9841,-7.9203],[-35.9844,-7.9211],[-35.9831,-7.9223],[-35.9833,-7.9229],[-35.9851,-7.9227],[-35.9847,-7.9238],[-35.9858,-7.9239],[-35.9871,-7.9242],[-35.9881,-7.9241],[-35.9885,-7.925],[-35.9895,-7.9239],[-35.9899,-7.9239],[-35.9899,-7.9231],[-35.9914,-7.9228],[-35.992,-7.9231],[-35.9918,-7.9225],[-35.992,-7.9218],[-35.9926,-7.9216],[-35.9927,-7.9193],[-35.9931,-7.9186],[-35.9923,-7.9181],[-35.9919,-7.9152],[-35.991,-7.915],[-35.9899,-7.9139],[-35.9893,-7.9138],[-35.9887,-7.9132],[-35.9879,-7.9127],[-35.9868,-7.9117],[-35.9864,-7.9116],[-35.9834,-7.913],[-35.9831,-7.917]]]}},{"type":"Feature","properties":{"c":"b636","b":636,"n":"Tenente Esequias Pierre de Lima (Bairro do Cruzeiro)","m":"2616209","cx":-35.9902,"cy":-7.911},"geometry":{"type":"Polygon","coordinates":[[[-35.9935,-7.9075],[-35.9912,-7.9078],[-35.9905,-7.9081],[-35.9898,-7.909],[-35.9887,-7.9085],[-35.9886,-7.9097],[-35.9888,-7.9104],[-35.9864,-7.9116],[-35.9868,-7.9117],[-35.9879,-7.9127],[-35.9887,-7.9132],[-35.9893,-7.9138],[-35.9899,-7.9139],[-35.991,-7.915],[-35.9919,-7.9152],[-35.9923,-7.9145],[-35.9925,-7.9118],[-35.9933,-7.9105],[-35.9946,-7.9091],[-35.9954,-7.9072],[-35.9935,-7.9075]]]}},{"type":"Feature","properties":{"c":"b637","b":637,"n":"Alto José Leal","m":"2616407","cx":-35.3035,"cy":-8.1131},"geometry":{"type":"Polygon","coordinates":[[[-35.3065,-8.1156],[-35.3062,-8.1156],[-35.3064,-8.1142],[-35.3065,-8.1111],[-35.3074,-8.1076],[-35.3061,-8.1082],[-35.3054,-8.1074],[-35.304,-8.1067],[-35.303,-8.1069],[-35.3038,-8.1071],[-35.3033,-8.108],[-35.3027,-8.1086],[-35.3022,-8.1101],[-35.3011,-8.1111],[-35.3009,-8.1123],[-35.3004,-8.1139],[-35.2998,-8.1144],[-35.2971,-8.116],[-35.2968,-8.1166],[-35.2975,-8.1173],[-35.2983,-8.1177],[-35.2995,-8.1179],[-35.3037,-8.1177],[-35.3061,-8.1175],[-35.3065,-8.1156]]]}},{"type":"Feature","properties":{"c":"b638","b":638,"n":"Bela Vista","m":"2616407","cx":-35.2987,"cy":-8.1077},"geometry":{"type":"Polygon","coordinates":[[[-35.3077,-8.107],[-35.3072,-8.106],[-35.3055,-8.1052],[-35.3046,-8.1045],[-35.3049,-8.1042],[-35.302,-8.1013],[-35.2956,-8.0991],[-35.2955,-8.1],[-35.2946,-8.102],[-35.2939,-8.1025],[-35.2932,-8.1037],[-35.2932,-8.1049],[-35.2937,-8.1064],[-35.2939,-8.1079],[-35.2933,-8.1095],[-35.2924,-8.1103],[-35.2911,-8.1122],[-35.2918,-8.1123],[-35.293,-8.1127],[-35.2944,-8.1136],[-35.2953,-8.1144],[-35.2968,-8.1166],[-35.2971,-8.116],[-35.2998,-8.1144],[-35.3004,-8.1139],[-35.3009,-8.1123],[-35.3011,-8.1111],[-35.3022,-8.1101],[-35.3027,-8.1086],[-35.3033,-8.108],[-35.3038,-8.1071],[-35.303,-8.1069],[-35.304,-8.1067],[-35.3054,-8.1074],[-35.3061,-8.1082],[-35.3074,-8.1076],[-35.3077,-8.107]]]}},{"type":"Feature","properties":{"c":"b639","b":639,"n":"Caiçara","m":"2616407","cx":-35.322,"cy":-8.1164},"geometry":{"type":"Polygon","coordinates":[[[-35.3232,-8.1208],[-35.3255,-8.1213],[-35.3271,-8.1214],[-35.3295,-8.1214],[-35.332,-8.1219],[-35.3339,-8.1226],[-35.3404,-8.125],[-35.3433,-8.1178],[-35.3455,-8.1169],[-35.3448,-8.116],[-35.3438,-8.1159],[-35.3433,-8.1162],[-35.3427,-8.1157],[-35.3416,-8.1161],[-35.3413,-8.1171],[-35.3404,-8.1166],[-35.3381,-8.1171],[-35.3376,-8.1175],[-35.3372,-8.1187],[-35.3364,-8.1195],[-35.3356,-8.1193],[-35.3352,-8.1204],[-35.3346,-8.1208],[-35.3328,-8.1202],[-35.3305,-8.1185],[-35.3296,-8.1174],[-35.3291,-8.1172],[-35.3284,-8.1161],[-35.3295,-8.1151],[-35.325,-8.1124],[-35.3233,-8.1119],[-35.3175,-8.1091],[-35.3147,-8.108],[-35.3141,-8.1093],[-35.3132,-8.1089],[-35.3102,-8.1082],[-35.3096,-8.1093],[-35.3093,-8.1114],[-35.3114,-8.1117],[-35.3116,-8.1125],[-35.3143,-8.1126],[-35.3144,-8.1148],[-35.3155,-8.1148],[-35.3154,-8.1169],[-35.3131,-8.1172],[-35.3154,-8.1178],[-35.3211,-8.12],[-35.3232,-8.1208]]]}},{"type":"Feature","properties":{"c":"b640","b":640,"n":"Cajueiro","m":"2616407","cx":-35.327,"cy":-8.1327},"geometry":{"type":"Polygon","coordinates":[[[-35.3339,-8.1226],[-35.332,-8.1219],[-35.3295,-8.1214],[-35.3271,-8.1214],[-35.3278,-8.1234],[-35.3269,-8.1251],[-35.3278,-8.1254],[-35.3294,-8.1254],[-35.3294,-8.1261],[-35.3301,-8.1262],[-35.3301,-8.1271],[-35.3293,-8.129],[-35.3288,-8.1291],[-35.3275,-8.1285],[-35.3262,-8.1289],[-35.3239,-8.1307],[-35.323,-8.1309],[-35.3215,-8.1308],[-35.3211,-8.1305],[-35.3189,-8.1313],[-35.3182,-8.131],[-35.3176,-8.1316],[-35.3171,-8.1321],[-35.3164,-8.1334],[-35.3165,-8.1342],[-35.3179,-8.1365],[-35.3175,-8.1373],[-35.3164,-8.1385],[-35.3149,-8.139],[-35.3138,-8.1392],[-35.3129,-8.1396],[-35.3114,-8.14],[-35.3117,-8.1407],[-35.3119,-8.1423],[-35.3132,-8.1434],[-35.314,-8.1438],[-35.3155,-8.1436],[-35.3222,-8.1414],[-35.3309,-8.1387],[-35.3324,-8.1381],[-35.3356,-8.1366],[-35.3404,-8.125],[-35.3339,-8.1226]]]}},{"type":"Feature","properties":{"c":"b641","b":641,"n":"Cajá","m":"2616407","cx":-35.2866,"cy":-8.1032},"geometry":{"type":"Polygon","coordinates":[[[-35.2924,-8.1103],[-35.2933,-8.1095],[-35.2939,-8.1079],[-35.2937,-8.1064],[-35.2932,-8.1049],[-35.2932,-8.1037],[-35.2939,-8.1025],[-35.2946,-8.102],[-35.2955,-8.1],[-35.2956,-8.0991],[-35.2947,-8.099],[-35.2932,-8.0983],[-35.2921,-8.0975],[-35.2918,-8.0971],[-35.2923,-8.0963],[-35.2921,-8.0951],[-35.2932,-8.093],[-35.2922,-8.0922],[-35.2888,-8.0965],[-35.2875,-8.0965],[-35.2854,-8.0954],[-35.2849,-8.0963],[-35.2835,-8.096],[-35.2831,-8.0982],[-35.2834,-8.0983],[-35.2826,-8.1012],[-35.2821,-8.1017],[-35.2802,-8.1024],[-35.2795,-8.1021],[-35.2793,-8.1024],[-35.2797,-8.1028],[-35.2797,-8.1036],[-35.2801,-8.1045],[-35.28,-8.1053],[-35.2803,-8.1069],[-35.2805,-8.1073],[-35.2816,-8.1078],[-35.2829,-8.1094],[-35.2831,-8.1099],[-35.2822,-8.1109],[-35.2816,-8.112],[-35.2823,-8.1134],[-35.2832,-8.1142],[-35.2848,-8.1139],[-35.2884,-8.1125],[-35.2899,-8.1121],[-35.2911,-8.1122],[-35.2924,-8.1103]]]}},{"type":"Feature","properties":{"c":"b642","b":642,"n":"Campinas","m":"2616407","cx":-35.3239,"cy":-8.1255},"geometry":{"type":"Polygon","coordinates":[[[-35.3167,-8.1244],[-35.3177,-8.1247],[-35.3185,-8.1256],[-35.3184,-8.1266],[-35.3181,-8.1274],[-35.3189,-8.1289],[-35.318,-8.1296],[-35.3177,-8.1304],[-35.3182,-8.131],[-35.3189,-8.1313],[-35.3211,-8.1305],[-35.3215,-8.1308],[-35.323,-8.1309],[-35.3239,-8.1307],[-35.3262,-8.1289],[-35.3275,-8.1285],[-35.3288,-8.1291],[-35.3293,-8.129],[-35.3301,-8.1271],[-35.3301,-8.1262],[-35.3294,-8.1261],[-35.3294,-8.1254],[-35.3278,-8.1254],[-35.3269,-8.1251],[-35.3278,-8.1234],[-35.3271,-8.1214],[-35.3255,-8.1213],[-35.3232,-8.1208],[-35.3211,-8.12],[-35.3209,-8.1205],[-35.32,-8.1207],[-35.3202,-8.1203],[-35.3191,-8.1199],[-35.3177,-8.121],[-35.3165,-8.1226],[-35.3163,-8.123],[-35.3165,-8.1239],[-35.3167,-8.1244]]]}},{"type":"Feature","properties":{"c":"b643","b":643,"n":"Centro","m":"2616407","cx":-35.296,"cy":-8.1175},"geometry":{"type":"Polygon","coordinates":[[[-35.2995,-8.1179],[-35.2983,-8.1177],[-35.2975,-8.1173],[-35.2968,-8.1166],[-35.2953,-8.1144],[-35.2944,-8.1136],[-35.293,-8.1127],[-35.292,-8.1159],[-35.2933,-8.1164],[-35.293,-8.1171],[-35.294,-8.1174],[-35.2938,-8.1179],[-35.2928,-8.1177],[-35.2923,-8.1185],[-35.2921,-8.1206],[-35.2926,-8.1211],[-35.2931,-8.122],[-35.2941,-8.1219],[-35.2942,-8.1222],[-35.2948,-8.1223],[-35.2951,-8.1216],[-35.2961,-8.1208],[-35.2962,-8.1203],[-35.2969,-8.1205],[-35.2979,-8.1192],[-35.2989,-8.1186],[-35.3029,-8.1184],[-35.3037,-8.1182],[-35.3037,-8.1177],[-35.2995,-8.1179]]]}},{"type":"Feature","properties":{"c":"b644","b":644,"n":"Conceição","m":"2616407","cx":-35.2722,"cy":-8.1086},"geometry":{"type":"Polygon","coordinates":[[[-35.2832,-8.1142],[-35.2823,-8.1134],[-35.2816,-8.112],[-35.2822,-8.1109],[-35.2831,-8.1099],[-35.2829,-8.1094],[-35.2816,-8.1078],[-35.2805,-8.1073],[-35.2803,-8.1069],[-35.28,-8.1053],[-35.2801,-8.1045],[-35.2797,-8.1036],[-35.2797,-8.1028],[-35.2793,-8.1024],[-35.2783,-8.1023],[-35.2775,-8.1041],[-35.2771,-8.1037],[-35.2769,-8.1023],[-35.2766,-8.1018],[-35.276,-8.1015],[-35.2753,-8.1021],[-35.2747,-8.1021],[-35.2735,-8.1013],[-35.2716,-8.1013],[-35.27,-8.1009],[-35.2692,-8.1009],[-35.2677,-8.1013],[-35.2674,-8.1012],[-35.266,-8.101],[-35.2655,-8.1008],[-35.2633,-8.1005],[-35.2628,-8.1009],[-35.262,-8.1006],[-35.2613,-8.0996],[-35.2609,-8.0996],[-35.2627,-8.1132],[-35.263,-8.1154],[-35.2631,-8.1168],[-35.2635,-8.1168],[-35.2737,-8.1151],[-35.2817,-8.1143],[-35.2832,-8.1142]]]}},{"type":"Feature","properties":{"c":"b645","b":645,"n":"Figueiras","m":"2616407","cx":-35.3027,"cy":-8.139},"geometry":{"type":"Polygon","coordinates":[[[-35.3095,-8.1428],[-35.3082,-8.1424],[-35.3073,-8.1414],[-35.3064,-8.141],[-35.3062,-8.1407],[-35.3065,-8.1403],[-35.3057,-8.1395],[-35.3056,-8.1384],[-35.3049,-8.1377],[-35.3043,-8.1376],[-35.3043,-8.1371],[-35.3036,-8.1374],[-35.3026,-8.1366],[-35.3024,-8.1362],[-35.3015,-8.1359],[-35.3009,-8.1362],[-35.301,-8.1354],[-35.3007,-8.135],[-35.2996,-8.1356],[-35.2982,-8.1341],[-35.2975,-8.1353],[-35.2964,-8.1355],[-35.2946,-8.1344],[-35.2943,-8.134],[-35.2935,-8.1342],[-35.2927,-8.1341],[-35.2917,-8.1334],[-35.2908,-8.1346],[-35.2946,-8.1365],[-35.2984,-8.1383],[-35.3031,-8.1406],[-35.3049,-8.1416],[-35.3085,-8.1431],[-35.3103,-8.1436],[-35.3095,-8.1428]]]}},{"type":"Feature","properties":{"c":"b646","b":646,"n":"Galiléia","m":"2616407","cx":-35.2835,"cy":-8.1322},"geometry":{"type":"Polygon","coordinates":[[[-35.286,-8.1314],[-35.2819,-8.1284],[-35.2823,-8.1293],[-35.2824,-8.1301],[-35.2821,-8.131],[-35.2808,-8.1329],[-35.2819,-8.1336],[-35.2818,-8.1338],[-35.2823,-8.1342],[-35.2849,-8.1354],[-35.2855,-8.1354],[-35.2859,-8.1316],[-35.2862,-8.1315],[-35.286,-8.1314]]]}},{"type":"Feature","properties":{"c":"b647","b":647,"n":"Jardim Ipiranga","m":"2616407","cx":-35.2936,"cy":-8.13},"geometry":{"type":"Polygon","coordinates":[[[-35.2881,-8.1329],[-35.2908,-8.1346],[-35.2917,-8.1334],[-35.2927,-8.1341],[-35.2935,-8.1342],[-35.2943,-8.134],[-35.2946,-8.1344],[-35.2964,-8.1355],[-35.2975,-8.1353],[-35.2982,-8.1341],[-35.2996,-8.1356],[-35.3007,-8.135],[-35.3006,-8.1342],[-35.3004,-8.1339],[-35.3006,-8.1332],[-35.2996,-8.1332],[-35.2994,-8.1325],[-35.2987,-8.1317],[-35.2989,-8.1309],[-35.2987,-8.1299],[-35.2983,-8.129],[-35.2982,-8.1276],[-35.2983,-8.1271],[-35.2978,-8.1269],[-35.2974,-8.1271],[-35.2971,-8.1268],[-35.2972,-8.126],[-35.296,-8.1255],[-35.2953,-8.1264],[-35.295,-8.1263],[-35.2935,-8.1244],[-35.2934,-8.1248],[-35.2927,-8.1257],[-35.2921,-8.1261],[-35.2914,-8.1267],[-35.2908,-8.1261],[-35.2901,-8.1267],[-35.2903,-8.1269],[-35.2892,-8.1278],[-35.2897,-8.1283],[-35.2893,-8.1292],[-35.2884,-8.1302],[-35.2878,-8.1296],[-35.2874,-8.1298],[-35.288,-8.1306],[-35.2871,-8.1321],[-35.2881,-8.1329]]]}},{"type":"Feature","properties":{"c":"b648","b":648,"n":"Jardim São Pedro","m":"2616407","cx":-35.309,"cy":-8.1121},"geometry":{"type":"Polygon","coordinates":[[[-35.309,-8.1173],[-35.3119,-8.1172],[-35.3131,-8.1172],[-35.3154,-8.1169],[-35.3155,-8.1148],[-35.3144,-8.1148],[-35.3143,-8.1126],[-35.3116,-8.1125],[-35.3114,-8.1117],[-35.3093,-8.1114],[-35.3096,-8.1093],[-35.3102,-8.1082],[-35.3132,-8.1089],[-35.3141,-8.1093],[-35.3147,-8.108],[-35.313,-8.1073],[-35.3129,-8.108],[-35.3108,-8.1074],[-35.3091,-8.1068],[-35.3077,-8.107],[-35.3074,-8.1076],[-35.3065,-8.1111],[-35.3064,-8.1142],[-35.3062,-8.1156],[-35.3065,-8.1156],[-35.3061,-8.1175],[-35.309,-8.1173]]]}},{"type":"Feature","properties":{"c":"b649","b":649,"n":"Livramento","m":"2616407","cx":-35.3039,"cy":-8.1234},"geometry":{"type":"Polygon","coordinates":[[[-35.2938,-8.1223],[-35.2938,-8.123],[-35.2935,-8.1237],[-35.2936,-8.1243],[-35.295,-8.125],[-35.2953,-8.1251],[-35.2956,-8.1247],[-35.2961,-8.1232],[-35.2977,-8.1226],[-35.2987,-8.1227],[-35.3002,-8.1252],[-35.3004,-8.1268],[-35.3015,-8.127],[-35.3026,-8.1285],[-35.3031,-8.1283],[-35.3039,-8.1284],[-35.3049,-8.1295],[-35.3063,-8.1285],[-35.306,-8.1273],[-35.307,-8.1262],[-35.3074,-8.1266],[-35.3089,-8.1227],[-35.3099,-8.1204],[-35.3102,-8.1196],[-35.3098,-8.118],[-35.3091,-8.118],[-35.309,-8.1173],[-35.3061,-8.1175],[-35.3037,-8.1177],[-35.3037,-8.1182],[-35.3029,-8.1184],[-35.2989,-8.1186],[-35.2979,-8.1192],[-35.2969,-8.1205],[-35.2962,-8.1203],[-35.2961,-8.1208],[-35.2951,-8.1216],[-35.2948,-8.1223],[-35.2942,-8.1222],[-35.2941,-8.1219],[-35.2931,-8.122],[-35.2938,-8.1223]]]}},{"type":"Feature","properties":{"c":"b650","b":650,"n":"Lídia Queiroz","m":"2616407","cx":-35.2817,"cy":-8.125},"geometry":{"type":"Polygon","coordinates":[[[-35.269,-8.1226],[-35.2706,-8.1233],[-35.2728,-8.1242],[-35.2788,-8.1266],[-35.28,-8.1272],[-35.2819,-8.1284],[-35.286,-8.1314],[-35.2866,-8.1296],[-35.2866,-8.1283],[-35.2868,-8.1269],[-35.2867,-8.1265],[-35.2872,-8.1258],[-35.2878,-8.1261],[-35.2895,-8.1238],[-35.2896,-8.1233],[-35.2905,-8.1224],[-35.2908,-8.1227],[-35.2912,-8.1221],[-35.2931,-8.122],[-35.2926,-8.1211],[-35.2921,-8.1206],[-35.2906,-8.1202],[-35.2895,-8.1205],[-35.2882,-8.1199],[-35.2881,-8.1205],[-35.2887,-8.1205],[-35.2892,-8.1209],[-35.2892,-8.1217],[-35.2884,-8.1217],[-35.2862,-8.1223],[-35.2849,-8.1223],[-35.2844,-8.122],[-35.2821,-8.1211],[-35.2813,-8.121],[-35.2814,-8.1207],[-35.2785,-8.1194],[-35.2784,-8.1196],[-35.2753,-8.1179],[-35.2745,-8.1176],[-35.2717,-8.1175],[-35.2699,-8.1172],[-35.2693,-8.1173],[-35.268,-8.1193],[-35.2673,-8.1196],[-35.2653,-8.1201],[-35.269,-8.1226]]]}},{"type":"Feature","properties":{"c":"b651","b":651,"n":"Mangueira","m":"2616407","cx":-35.3123,"cy":-8.1289},"geometry":{"type":"Polygon","coordinates":[[[-35.296,-8.1255],[-35.2972,-8.126],[-35.2971,-8.1268],[-35.2974,-8.1271],[-35.2978,-8.1269],[-35.2983,-8.1271],[-35.2982,-8.1276],[-35.2983,-8.129],[-35.2987,-8.1299],[-35.2989,-8.1309],[-35.2987,-8.1317],[-35.2994,-8.1325],[-35.2996,-8.1332],[-35.3006,-8.1332],[-35.3012,-8.133],[-35.3014,-8.1333],[-35.3031,-8.1338],[-35.3034,-8.1345],[-35.3039,-8.1347],[-35.3047,-8.1345],[-35.3052,-8.1351],[-35.3077,-8.1348],[-35.3081,-8.1351],[-35.3087,-8.1344],[-35.3086,-8.134],[-35.3092,-8.1338],[-35.3099,-8.1343],[-35.3103,-8.1341],[-35.3113,-8.1345],[-35.3121,-8.1352],[-35.3127,-8.1353],[-35.3146,-8.1343],[-35.3151,-8.1342],[-35.3158,-8.1332],[-35.316,-8.1324],[-35.3176,-8.1316],[-35.3182,-8.131],[-35.3177,-8.1304],[-35.318,-8.1296],[-35.3189,-8.1289],[-35.3181,-8.1274],[-35.3184,-8.1266],[-35.3185,-8.1256],[-35.3177,-8.1247],[-35.3167,-8.1244],[-35.3165,-8.1239],[-35.316,-8.1261],[-35.3107,-8.1241],[-35.3109,-8.1264],[-35.3108,-8.1272],[-35.3103,-8.1282],[-35.3082,-8.1276],[-35.3074,-8.1266],[-35.307,-8.1262],[-35.306,-8.1273],[-35.3063,-8.1285],[-35.3049,-8.1295],[-35.3039,-8.1284],[-35.3031,-8.1283],[-35.3026,-8.1285],[-35.3015,-8.127],[-35.3004,-8.1268],[-35.3002,-8.1252],[-35.2987,-8.1227],[-35.2977,-8.1226],[-35.2961,-8.1232],[-35.2956,-8.1247],[-35.2953,-8.1251],[-35.296,-8.1255]]]}},{"type":"Feature","properties":{"c":"b652","b":652,"n":"Maranhão","m":"2616407","cx":-35.2843,"cy":-8.1184},"geometry":{"type":"Polygon","coordinates":[[[-35.2817,-8.1143],[-35.2818,-8.1149],[-35.2821,-8.1211],[-35.2844,-8.122],[-35.2849,-8.1223],[-35.2862,-8.1223],[-35.2884,-8.1217],[-35.2892,-8.1217],[-35.2892,-8.1209],[-35.2887,-8.1205],[-35.2881,-8.1205],[-35.2882,-8.1199],[-35.2877,-8.1199],[-35.2875,-8.1192],[-35.287,-8.1189],[-35.2861,-8.1178],[-35.2852,-8.118],[-35.2849,-8.1176],[-35.2843,-8.1176],[-35.2839,-8.1171],[-35.284,-8.1165],[-35.2832,-8.1158],[-35.2832,-8.1142],[-35.2817,-8.1143]]]}},{"type":"Feature","properties":{"c":"b653","b":653,"n":"Matriz","m":"2616407","cx":-35.2881,"cy":-8.1162},"geometry":{"type":"Polygon","coordinates":[[[-35.2895,-8.1205],[-35.2906,-8.1202],[-35.2921,-8.1206],[-35.2923,-8.1185],[-35.2928,-8.1177],[-35.2938,-8.1179],[-35.294,-8.1174],[-35.293,-8.1171],[-35.2933,-8.1164],[-35.292,-8.1159],[-35.293,-8.1127],[-35.2918,-8.1123],[-35.2911,-8.1122],[-35.2899,-8.1121],[-35.2884,-8.1125],[-35.2848,-8.1139],[-35.2832,-8.1142],[-35.2832,-8.1158],[-35.284,-8.1165],[-35.2839,-8.1171],[-35.2843,-8.1176],[-35.2849,-8.1176],[-35.2852,-8.118],[-35.2861,-8.1178],[-35.287,-8.1189],[-35.2875,-8.1192],[-35.2877,-8.1199],[-35.2882,-8.1199],[-35.2895,-8.1205]]]}},{"type":"Feature","properties":{"c":"b654","b":654,"n":"Natuba","m":"2616407","cx":-35.311,"cy":-8.138},"geometry":{"type":"Polygon","coordinates":[[[-35.3004,-8.1339],[-35.3006,-8.1342],[-35.3007,-8.135],[-35.301,-8.1354],[-35.3009,-8.1362],[-35.3015,-8.1359],[-35.3024,-8.1362],[-35.3026,-8.1366],[-35.3036,-8.1374],[-35.3043,-8.1371],[-35.3043,-8.1376],[-35.3049,-8.1377],[-35.3056,-8.1384],[-35.3057,-8.1395],[-35.3065,-8.1403],[-35.3062,-8.1407],[-35.3064,-8.141],[-35.3073,-8.1414],[-35.3082,-8.1424],[-35.3095,-8.1428],[-35.3103,-8.1436],[-35.3124,-8.1439],[-35.314,-8.1438],[-35.3132,-8.1434],[-35.3119,-8.1423],[-35.3117,-8.1407],[-35.3114,-8.14],[-35.3129,-8.1396],[-35.3138,-8.1392],[-35.3149,-8.139],[-35.3164,-8.1385],[-35.3175,-8.1373],[-35.3179,-8.1365],[-35.3165,-8.1342],[-35.3164,-8.1334],[-35.3171,-8.1321],[-35.3176,-8.1316],[-35.316,-8.1324],[-35.3158,-8.1332],[-35.3151,-8.1342],[-35.3146,-8.1343],[-35.3127,-8.1353],[-35.3121,-8.1352],[-35.3113,-8.1345],[-35.3103,-8.1341],[-35.3099,-8.1343],[-35.3092,-8.1338],[-35.3086,-8.134],[-35.3087,-8.1344],[-35.3081,-8.1351],[-35.3077,-8.1348],[-35.3052,-8.1351],[-35.3047,-8.1345],[-35.3039,-8.1347],[-35.3034,-8.1345],[-35.3031,-8.1338],[-35.3014,-8.1333],[-35.3012,-8.133],[-35.3006,-8.1332],[-35.3004,-8.1339]]]}},{"type":"Feature","properties":{"c":"b655","b":655,"n":"Nossa Senhora do Amparo","m":"2616407","cx":-35.2882,"cy":-8.1273},"geometry":{"type":"Polygon","coordinates":[[[-35.2953,-8.1251],[-35.295,-8.125],[-35.2936,-8.1243],[-35.2935,-8.1237],[-35.2938,-8.123],[-35.2938,-8.1223],[-35.2931,-8.122],[-35.2912,-8.1221],[-35.2908,-8.1227],[-35.2905,-8.1224],[-35.2896,-8.1233],[-35.2895,-8.1238],[-35.2878,-8.1261],[-35.2872,-8.1258],[-35.2867,-8.1265],[-35.2868,-8.1269],[-35.2866,-8.1283],[-35.2866,-8.1296],[-35.286,-8.1314],[-35.2862,-8.1315],[-35.2871,-8.1321],[-35.288,-8.1306],[-35.2874,-8.1298],[-35.2878,-8.1296],[-35.2884,-8.1302],[-35.2893,-8.1292],[-35.2897,-8.1283],[-35.2892,-8.1278],[-35.2903,-8.1269],[-35.2901,-8.1267],[-35.2908,-8.1261],[-35.2914,-8.1267],[-35.2921,-8.1261],[-35.2927,-8.1257],[-35.2934,-8.1248],[-35.2935,-8.1244],[-35.295,-8.1263],[-35.2953,-8.1264],[-35.296,-8.1255],[-35.2953,-8.1251]]]}},{"type":"Feature","properties":{"c":"b656","b":656,"n":"Redenção","m":"2616407","cx":-35.2784,"cy":-8.1178},"geometry":{"type":"Polygon","coordinates":[[[-35.2818,-8.1149],[-35.2817,-8.1143],[-35.2737,-8.1151],[-35.2635,-8.1168],[-35.2631,-8.1168],[-35.2625,-8.1181],[-35.2653,-8.1201],[-35.2673,-8.1196],[-35.268,-8.1193],[-35.2693,-8.1173],[-35.2699,-8.1172],[-35.2717,-8.1175],[-35.2745,-8.1176],[-35.2753,-8.1179],[-35.2784,-8.1196],[-35.2785,-8.1194],[-35.2814,-8.1207],[-35.2813,-8.121],[-35.2821,-8.1211],[-35.2818,-8.1149]]]}},{"type":"Feature","properties":{"c":"b657","b":657,"n":"Santana","m":"2616407","cx":-35.2702,"cy":-8.094},"geometry":{"type":"Polygon","coordinates":[[[-35.2613,-8.0996],[-35.262,-8.1006],[-35.2628,-8.1009],[-35.2633,-8.1005],[-35.2655,-8.1008],[-35.266,-8.101],[-35.2674,-8.1012],[-35.2677,-8.1013],[-35.2692,-8.1009],[-35.27,-8.1009],[-35.2716,-8.1013],[-35.2735,-8.1013],[-35.2747,-8.1021],[-35.2753,-8.1021],[-35.276,-8.1015],[-35.2766,-8.1018],[-35.2791,-8.0992],[-35.2798,-8.0991],[-35.2798,-8.098],[-35.2803,-8.0968],[-35.2804,-8.0955],[-35.2801,-8.0926],[-35.2769,-8.0904],[-35.2766,-8.0904],[-35.2767,-8.0897],[-35.2773,-8.0881],[-35.2759,-8.0876],[-35.2745,-8.0894],[-35.2721,-8.0894],[-35.2718,-8.0902],[-35.2708,-8.092],[-35.2694,-8.0917],[-35.2684,-8.0913],[-35.2674,-8.0906],[-35.2654,-8.0887],[-35.2643,-8.0879],[-35.2612,-8.0863],[-35.2583,-8.0859],[-35.2592,-8.0884],[-35.2597,-8.0907],[-35.2609,-8.0996],[-35.2613,-8.0996]]]}},{"type":"Feature","properties":{"c":"b658","b":658,"n":"São Vicente De Paulo","m":"2616407","cx":-35.3127,"cy":-8.1226},"geometry":{"type":"Polygon","coordinates":[[[-35.3163,-8.123],[-35.3165,-8.1226],[-35.3177,-8.121],[-35.3191,-8.1199],[-35.3202,-8.1203],[-35.32,-8.1207],[-35.3209,-8.1205],[-35.3211,-8.12],[-35.3154,-8.1178],[-35.3131,-8.1172],[-35.3119,-8.1172],[-35.309,-8.1173],[-35.3091,-8.118],[-35.3098,-8.118],[-35.3102,-8.1196],[-35.3099,-8.1204],[-35.3089,-8.1227],[-35.3074,-8.1266],[-35.3082,-8.1276],[-35.3103,-8.1282],[-35.3108,-8.1272],[-35.3109,-8.1264],[-35.3107,-8.1241],[-35.316,-8.1261],[-35.3165,-8.1239],[-35.3163,-8.123]]]}},{"type":"Feature","properties":{"c":"b659","b":659,"n":"Água Branca","m":"2616407","cx":-35.2805,"cy":-8.1002},"geometry":{"type":"Polygon","coordinates":[[[-35.2804,-8.0955],[-35.2803,-8.0968],[-35.2798,-8.098],[-35.2798,-8.0991],[-35.2791,-8.0992],[-35.2766,-8.1018],[-35.2769,-8.1023],[-35.2771,-8.1037],[-35.2775,-8.1041],[-35.2783,-8.1023],[-35.2793,-8.1024],[-35.2795,-8.1021],[-35.2802,-8.1024],[-35.2821,-8.1017],[-35.2826,-8.1012],[-35.2834,-8.0983],[-35.2831,-8.0982],[-35.2835,-8.096],[-35.2804,-8.0955]]]}}]}