{"type":"FeatureCollection","features":[{"type":"Feature","properties":{"c":"b0","b":0,"n":"Central","m":"2400109","cx":-36.6395,"cy":-6.438},"geometry":{"type":"Polygon","coordinates":[[[-36.6408,-6.4352],[-36.6388,-6.435],[-36.6366,-6.4349],[-36.6367,-6.4364],[-36.6364,-6.4367],[-36.6366,-6.4377],[-36.637,-6.4382],[-36.6374,-6.4382],[-36.6374,-6.439],[-36.6379,-6.4406],[-36.6385,-6.4403],[-36.6411,-6.4399],[-36.641,-6.4387],[-36.6427,-6.4377],[-36.6423,-6.4375],[-36.642,-6.4354],[-36.6408,-6.4352]]]}},{"type":"Feature","properties":{"c":"b1","b":1,"n":"Luiz Gonzaga Bezerra","m":"2400109","cx":-36.6429,"cy":-6.4341},"geometry":{"type":"Polygon","coordinates":[[[-36.6429,-6.4285],[-36.643,-6.4292],[-36.6416,-6.433],[-36.642,-6.4354],[-36.6423,-6.4375],[-36.6427,-6.4377],[-36.641,-6.4387],[-36.6411,-6.4399],[-36.6438,-6.4402],[-36.6456,-6.441],[-36.6472,-6.4415],[-36.6474,-6.4374],[-36.6451,-6.4376],[-36.6438,-6.4352],[-36.6442,-6.433],[-36.6448,-6.4326],[-36.6445,-6.4291],[-36.6429,-6.4285]]]}},{"type":"Feature","properties":{"c":"b2","b":2,"n":"Major Ari de Pinho","m":"2400109","cx":-36.6396,"cy":-6.4307},"geometry":{"type":"Polygon","coordinates":[[[-36.6421,-6.428],[-36.6403,-6.4277],[-36.6401,-6.4287],[-36.638,-6.4285],[-36.6358,-6.4323],[-36.6365,-6.4341],[-36.6366,-6.4349],[-36.6388,-6.435],[-36.6408,-6.4352],[-36.642,-6.4354],[-36.6416,-6.433],[-36.643,-6.4292],[-36.6429,-6.4285],[-36.6421,-6.428]]]}},{"type":"Feature","properties":{"c":"b3","b":3,"n":"Padre José Dantas Cortez","m":"2400109","cx":-36.6414,"cy":-6.4267},"geometry":{"type":"Polygon","coordinates":[[[-36.6401,-6.4287],[-36.6403,-6.4277],[-36.6421,-6.428],[-36.6429,-6.4285],[-36.6445,-6.4291],[-36.6444,-6.4257],[-36.6408,-6.4238],[-36.6411,-6.4229],[-36.6391,-6.4228],[-36.638,-6.4285],[-36.6401,-6.4287]]]}},{"type":"Feature","properties":{"c":"b4","b":4,"n":"Petrópolis","m":"2400109","cx":-36.6406,"cy":-6.4473},"geometry":{"type":"Polygon","coordinates":[[[-36.6456,-6.441],[-36.6438,-6.4402],[-36.6411,-6.4399],[-36.6385,-6.4403],[-36.6379,-6.4406],[-36.636,-6.441],[-36.6355,-6.4412],[-36.6331,-6.442],[-36.634,-6.4467],[-36.6349,-6.4473],[-36.6363,-6.4458],[-36.636,-6.4465],[-36.636,-6.4477],[-36.6364,-6.4499],[-36.6386,-6.4547],[-36.6452,-6.4472],[-36.6468,-6.4447],[-36.6472,-6.4415],[-36.6456,-6.441]]]}},{"type":"Feature","properties":{"c":"b5","b":5,"n":"Senador Dinarte de Medeiros Mariz","m":"2400109","cx":-36.6474,"cy":-6.4313},"geometry":{"type":"Polygon","coordinates":[[[-36.6448,-6.4326],[-36.6442,-6.433],[-36.6438,-6.4352],[-36.6451,-6.4376],[-36.6474,-6.4374],[-36.6507,-6.4301],[-36.6532,-6.43],[-36.6529,-6.4283],[-36.6522,-6.4287],[-36.6444,-6.4257],[-36.6445,-6.4291],[-36.6448,-6.4326]]]}},{"type":"Feature","properties":{"c":"b6","b":6,"n":"Vereador Tarcisio Bezerra Galvão","m":"2400109","cx":-36.6347,"cy":-6.4372},"geometry":{"type":"Polygon","coordinates":[[[-36.6365,-6.4341],[-36.6358,-6.4323],[-36.6329,-6.4346],[-36.6327,-6.4351],[-36.6331,-6.442],[-36.6355,-6.4412],[-36.636,-6.441],[-36.6379,-6.4406],[-36.6374,-6.439],[-36.6374,-6.4382],[-36.637,-6.4382],[-36.6366,-6.4377],[-36.6364,-6.4367],[-36.6367,-6.4364],[-36.6366,-6.4349],[-36.6365,-6.4341]]]}},{"type":"Feature","properties":{"c":"b7","b":7,"n":"Centro","m":"2402402","cx":-36.5939,"cy":-6.5535},"geometry":{"type":"Polygon","coordinates":[[[-36.598,-6.5547],[-36.5987,-6.5544],[-36.5984,-6.553],[-36.599,-6.5526],[-36.5987,-6.5517],[-36.5983,-6.5512],[-36.597,-6.5514],[-36.5966,-6.5511],[-36.5963,-6.5502],[-36.5952,-6.5492],[-36.5937,-6.5493],[-36.5929,-6.5496],[-36.5921,-6.5502],[-36.5897,-6.5529],[-36.5891,-6.5541],[-36.5888,-6.5544],[-36.5892,-6.5561],[-36.5892,-6.5569],[-36.5894,-6.5569],[-36.5897,-6.558],[-36.5918,-6.5572],[-36.5967,-6.5555],[-36.5978,-6.5556],[-36.598,-6.5547]]]}},{"type":"Feature","properties":{"c":"b8","b":8,"n":"Dom José Adelino Dantas","m":"2402402","cx":-36.5846,"cy":-6.5589},"geometry":{"type":"Polygon","coordinates":[[[-36.5907,-6.5612],[-36.5897,-6.558],[-36.5894,-6.5569],[-36.5892,-6.5569],[-36.5892,-6.5561],[-36.5888,-6.5544],[-36.5878,-6.5546],[-36.5863,-6.5547],[-36.5849,-6.554],[-36.584,-6.5539],[-36.5814,-6.5546],[-36.5803,-6.555],[-36.5793,-6.5551],[-36.5782,-6.5582],[-36.5802,-6.5596],[-36.5817,-6.5605],[-36.5886,-6.5636],[-36.5916,-6.5652],[-36.5907,-6.5612]]]}},{"type":"Feature","properties":{"c":"b9","b":9,"n":"Santa Rita de Cássia","m":"2402402","cx":-36.6008,"cy":-6.5587},"geometry":{"type":"Polygon","coordinates":[[[-36.598,-6.5573],[-36.5979,-6.5584],[-36.5985,-6.559],[-36.5995,-6.5607],[-36.6006,-6.5651],[-36.6051,-6.5645],[-36.6036,-6.5591],[-36.6027,-6.5565],[-36.6013,-6.5527],[-36.6011,-6.5518],[-36.5999,-6.5522],[-36.5987,-6.5517],[-36.599,-6.5526],[-36.5984,-6.553],[-36.5987,-6.5544],[-36.598,-6.5547],[-36.5978,-6.5556],[-36.598,-6.5573]]]}},{"type":"Feature","properties":{"c":"b10","b":10,"n":"São José","m":"2402402","cx":-36.5951,"cy":-6.5609},"geometry":{"type":"Polygon","coordinates":[[[-36.5995,-6.5607],[-36.5985,-6.559],[-36.5979,-6.5584],[-36.598,-6.5573],[-36.5978,-6.5556],[-36.5967,-6.5555],[-36.5918,-6.5572],[-36.5897,-6.558],[-36.5907,-6.5612],[-36.5916,-6.5652],[-36.5928,-6.5662],[-36.5975,-6.5656],[-36.6006,-6.5651],[-36.5995,-6.5607]]]}},{"type":"Feature","properties":{"c":"b11","b":11,"n":"Centro","m":"2402501","cx":-36.8322,"cy":-5.3398},"geometry":{"type":"Polygon","coordinates":[[[-36.8487,-5.3325],[-36.8423,-5.3327],[-36.8409,-5.3334],[-36.8377,-5.3348],[-36.837,-5.3335],[-36.8318,-5.3377],[-36.8302,-5.3391],[-36.8291,-5.3366],[-36.8287,-5.3339],[-36.8282,-5.3344],[-36.8191,-5.3426],[-36.8201,-5.3443],[-36.8246,-5.3473],[-36.8313,-5.3418],[-36.8336,-5.3407],[-36.8339,-5.3415],[-36.8367,-5.3406],[-36.8403,-5.3422],[-36.8487,-5.3325]]]}},{"type":"Feature","properties":{"c":"b12","b":12,"n":"Pacheco","m":"2402501","cx":-36.8321,"cy":-5.3461},"geometry":{"type":"Polygon","coordinates":[[[-36.8329,-5.3519],[-36.8376,-5.3521],[-36.8383,-5.345],[-36.8403,-5.3422],[-36.8367,-5.3406],[-36.8339,-5.3415],[-36.8336,-5.3407],[-36.8313,-5.3418],[-36.8246,-5.3473],[-36.8329,-5.3519]]]}},{"type":"Feature","properties":{"c":"b13","b":13,"n":"Valdemar Campielo Maresco","m":"2402501","cx":-36.8319,"cy":-5.3352},"geometry":{"type":"Polygon","coordinates":[[[-36.8376,-5.333],[-36.8288,-5.3338],[-36.8287,-5.3339],[-36.8291,-5.3366],[-36.8302,-5.3391],[-36.8318,-5.3377],[-36.837,-5.3335],[-36.8376,-5.333]]]}},{"type":"Feature","properties":{"c":"b14","b":14,"n":"Alto do Remédio","m":"2403004","cx":-36.7993,"cy":-6.4115},"geometry":{"type":"Polygon","coordinates":[[[-36.8006,-6.4081],[-36.7996,-6.4093],[-36.7985,-6.4089],[-36.7946,-6.4114],[-36.7939,-6.4121],[-36.7924,-6.4116],[-36.7944,-6.4142],[-36.796,-6.4139],[-36.797,-6.4158],[-36.8009,-6.4168],[-36.8041,-6.4158],[-36.8042,-6.4109],[-36.8046,-6.4109],[-36.8044,-6.4064],[-36.8006,-6.4081]]]}},{"type":"Feature","properties":{"c":"b15","b":15,"n":"Centro","m":"2403004","cx":-36.7888,"cy":-6.4129},"geometry":{"type":"Polygon","coordinates":[[[-36.7899,-6.4106],[-36.7892,-6.4117],[-36.788,-6.4119],[-36.7863,-6.4118],[-36.7872,-6.4126],[-36.7897,-6.4155],[-36.7906,-6.4164],[-36.7899,-6.4132],[-36.7908,-6.4119],[-36.7902,-6.4115],[-36.7912,-6.41],[-36.7903,-6.4097],[-36.7898,-6.4105],[-36.7899,-6.4106]]]}},{"type":"Feature","properties":{"c":"b16","b":16,"n":"Novo Horizonte","m":"2403004","cx":-36.7881,"cy":-6.4149},"geometry":{"type":"Polygon","coordinates":[[[-36.7857,-6.4118],[-36.7846,-6.4135],[-36.7848,-6.4138],[-36.7865,-6.4143],[-36.7892,-6.4175],[-36.7906,-6.4164],[-36.7897,-6.4155],[-36.7872,-6.4126],[-36.7863,-6.4118],[-36.7857,-6.4118]]]}},{"type":"Feature","properties":{"c":"b17","b":17,"n":"Santo Antônio","m":"2403004","cx":-36.7861,"cy":-6.4081},"geometry":{"type":"Polygon","coordinates":[[[-36.788,-6.4119],[-36.7892,-6.4117],[-36.7899,-6.4106],[-36.7898,-6.4105],[-36.7898,-6.4099],[-36.7889,-6.4095],[-36.7902,-6.4094],[-36.7914,-6.4088],[-36.791,-6.4073],[-36.7897,-6.4072],[-36.7888,-6.4066],[-36.7882,-6.4069],[-36.7878,-6.4067],[-36.7884,-6.4062],[-36.7879,-6.4056],[-36.7864,-6.4057],[-36.787,-6.4051],[-36.7861,-6.4043],[-36.7855,-6.4042],[-36.7854,-6.4048],[-36.7849,-6.4052],[-36.7846,-6.405],[-36.7838,-6.4055],[-36.7843,-6.4065],[-36.7833,-6.406],[-36.7829,-6.406],[-36.7831,-6.4067],[-36.7823,-6.4059],[-36.7824,-6.4056],[-36.7817,-6.405],[-36.7804,-6.4054],[-36.7804,-6.4069],[-36.7815,-6.4075],[-36.779,-6.4105],[-36.7718,-6.4099],[-36.7698,-6.413],[-36.7712,-6.413],[-36.7712,-6.4128],[-36.7724,-6.4121],[-36.7733,-6.4118],[-36.7743,-6.4117],[-36.7798,-6.4117],[-36.7829,-6.4117],[-36.7857,-6.4118],[-36.7863,-6.4118],[-36.788,-6.4119]]]}},{"type":"Feature","properties":{"c":"b18","b":18,"n":"Coronel Manoel Salustino","m":"2403103","cx":-36.5258,"cy":-6.2636},"geometry":{"type":"Polygon","coordinates":[[[-36.5194,-6.2631],[-36.5213,-6.2656],[-36.5225,-6.2681],[-36.5229,-6.2692],[-36.5261,-6.2687],[-36.5282,-6.2672],[-36.5302,-6.2662],[-36.5317,-6.264],[-36.5321,-6.263],[-36.5324,-6.2596],[-36.5259,-6.2585],[-36.5245,-6.2583],[-36.5215,-6.2582],[-36.5189,-6.2613],[-36.5183,-6.2618],[-36.5194,-6.2631]]]}},{"type":"Feature","properties":{"c":"b19","b":19,"n":"Doutor José Bezerra","m":"2403103","cx":-36.5288,"cy":-6.2426},"geometry":{"type":"Polygon","coordinates":[[[-36.5228,-6.2377],[-36.5238,-6.2482],[-36.5242,-6.2493],[-36.5242,-6.2502],[-36.5251,-6.2507],[-36.525,-6.2511],[-36.524,-6.2509],[-36.5238,-6.2521],[-36.5264,-6.2526],[-36.5264,-6.2524],[-36.5285,-6.2504],[-36.5288,-6.2503],[-36.5314,-6.2475],[-36.5372,-6.2378],[-36.5228,-6.2377]]]}},{"type":"Feature","properties":{"c":"b20","b":20,"n":"JK","m":"2403103","cx":-36.5221,"cy":-6.2548},"geometry":{"type":"Polygon","coordinates":[[[-36.5245,-6.2583],[-36.5259,-6.2585],[-36.5262,-6.2559],[-36.5286,-6.2565],[-36.527,-6.2535],[-36.5264,-6.2526],[-36.5238,-6.2521],[-36.522,-6.2517],[-36.5206,-6.2511],[-36.5202,-6.2512],[-36.5161,-6.254],[-36.5171,-6.2561],[-36.5176,-6.2557],[-36.5188,-6.2564],[-36.5194,-6.2576],[-36.5207,-6.2578],[-36.5215,-6.2582],[-36.5245,-6.2583]]]}},{"type":"Feature","properties":{"c":"b21","b":21,"n":"José Dantas de Araújo","m":"2403103","cx":-36.5197,"cy":-6.2437},"geometry":{"type":"Polygon","coordinates":[[[-36.5167,-6.2419],[-36.5155,-6.2456],[-36.5158,-6.2484],[-36.5163,-6.2477],[-36.5172,-6.2481],[-36.517,-6.2485],[-36.5179,-6.2488],[-36.5184,-6.2491],[-36.5199,-6.2502],[-36.5197,-6.2508],[-36.5202,-6.2512],[-36.5206,-6.2511],[-36.522,-6.2517],[-36.5238,-6.2521],[-36.524,-6.2509],[-36.525,-6.2511],[-36.5251,-6.2507],[-36.5242,-6.2502],[-36.5242,-6.2493],[-36.5238,-6.2482],[-36.5228,-6.2377],[-36.518,-6.2377],[-36.5167,-6.2419]]]}},{"type":"Feature","properties":{"c":"b22","b":22,"n":"Manoel Tomaz de Araújo","m":"2403103","cx":-36.5147,"cy":-6.2621},"geometry":{"type":"Polygon","coordinates":[[[-36.5183,-6.2618],[-36.5156,-6.2583],[-36.5137,-6.2556],[-36.5128,-6.2563],[-36.5108,-6.2574],[-36.5113,-6.2583],[-36.5113,-6.2591],[-36.5108,-6.2606],[-36.5109,-6.2624],[-36.5104,-6.2641],[-36.5103,-6.2656],[-36.5135,-6.2681],[-36.514,-6.2676],[-36.5136,-6.2672],[-36.516,-6.2651],[-36.5164,-6.2655],[-36.5183,-6.2639],[-36.5194,-6.2631],[-36.5183,-6.2618]]]}},{"type":"Feature","properties":{"c":"b23","b":23,"n":"Paizinho Maria","m":"2403103","cx":-36.499,"cy":-6.2779},"geometry":{"type":"Polygon","coordinates":[[[-36.5103,-6.2561],[-36.5097,-6.2525],[-36.503,-6.2547],[-36.5021,-6.2567],[-36.5001,-6.2564],[-36.4976,-6.2576],[-36.4952,-6.2573],[-36.492,-6.2568],[-36.4926,-6.258],[-36.4922,-6.2587],[-36.4913,-6.2593],[-36.4917,-6.2596],[-36.495,-6.2615],[-36.4932,-6.2879],[-36.4946,-6.2881],[-36.4948,-6.2878],[-36.5135,-6.2681],[-36.5103,-6.2656],[-36.5104,-6.2641],[-36.5109,-6.2624],[-36.5108,-6.2606],[-36.5113,-6.2591],[-36.5113,-6.2583],[-36.5108,-6.2574],[-36.5103,-6.2561]]]}},{"type":"Feature","properties":{"c":"b24","b":24,"n":"Parque Dourado","m":"2403103","cx":-36.5135,"cy":-6.2532},"geometry":{"type":"Polygon","coordinates":[[[-36.5197,-6.2508],[-36.5199,-6.2502],[-36.5184,-6.2491],[-36.5179,-6.2488],[-36.5175,-6.2499],[-36.5171,-6.2499],[-36.5138,-6.251],[-36.5129,-6.2512],[-36.5097,-6.2525],[-36.5103,-6.2561],[-36.5108,-6.2574],[-36.5128,-6.2563],[-36.5137,-6.2556],[-36.5161,-6.254],[-36.5202,-6.2512],[-36.5197,-6.2508]]]}},{"type":"Feature","properties":{"c":"b25","b":25,"n":"Professor Gilberto da Cunha Pinheiro","m":"2403103","cx":-36.5149,"cy":-6.2754},"geometry":{"type":"Polygon","coordinates":[[[-36.5225,-6.2681],[-36.5213,-6.2656],[-36.5194,-6.2631],[-36.5183,-6.2639],[-36.5164,-6.2655],[-36.516,-6.2651],[-36.5136,-6.2672],[-36.514,-6.2676],[-36.5135,-6.2681],[-36.4948,-6.2878],[-36.4982,-6.2886],[-36.5084,-6.2892],[-36.5234,-6.2903],[-36.5214,-6.2865],[-36.5212,-6.2825],[-36.5214,-6.281],[-36.5227,-6.2769],[-36.5238,-6.274],[-36.524,-6.273],[-36.5239,-6.2722],[-36.5229,-6.2692],[-36.5225,-6.2681]]]}},{"type":"Feature","properties":{"c":"b26","b":26,"n":"Radir Pereira","m":"2403103","cx":-36.5054,"cy":-6.2466},"geometry":{"type":"Polygon","coordinates":[[[-36.5129,-6.2512],[-36.5138,-6.251],[-36.5171,-6.2499],[-36.5175,-6.2499],[-36.5179,-6.2488],[-36.517,-6.2485],[-36.5172,-6.2481],[-36.5163,-6.2477],[-36.5158,-6.2484],[-36.5155,-6.2456],[-36.5167,-6.2419],[-36.518,-6.2377],[-36.4952,-6.2377],[-36.4953,-6.2535],[-36.4952,-6.2573],[-36.4976,-6.2576],[-36.5001,-6.2564],[-36.5021,-6.2567],[-36.503,-6.2547],[-36.5097,-6.2525],[-36.5129,-6.2512]]]}},{"type":"Feature","properties":{"c":"b27","b":27,"n":"Santa Maria Gorete","m":"2403103","cx":-36.5182,"cy":-6.258},"geometry":{"type":"Polygon","coordinates":[[[-36.5207,-6.2578],[-36.5194,-6.2576],[-36.5188,-6.2564],[-36.5176,-6.2557],[-36.5171,-6.2561],[-36.5161,-6.254],[-36.5137,-6.2556],[-36.5156,-6.2583],[-36.5183,-6.2618],[-36.5189,-6.2613],[-36.5215,-6.2582],[-36.5207,-6.2578]]]}},{"type":"Feature","properties":{"c":"b28","b":28,"n":"Sílvio Bezerra","m":"2403103","cx":-36.5461,"cy":-6.2754},"geometry":{"type":"Polygon","coordinates":[[[-36.569,-6.2896],[-36.569,-6.2802],[-36.569,-6.2632],[-36.5321,-6.263],[-36.5317,-6.264],[-36.5302,-6.2662],[-36.5282,-6.2672],[-36.5261,-6.2687],[-36.5229,-6.2692],[-36.5239,-6.2722],[-36.524,-6.273],[-36.5238,-6.274],[-36.5227,-6.2769],[-36.5214,-6.281],[-36.5212,-6.2825],[-36.5214,-6.2865],[-36.5234,-6.2903],[-36.569,-6.2896]]]}},{"type":"Feature","properties":{"c":"b29","b":29,"n":"Valfredo Galvão","m":"2403103","cx":-36.5482,"cy":-6.2514},"geometry":{"type":"Polygon","coordinates":[[[-36.5324,-6.2596],[-36.5321,-6.263],[-36.569,-6.2632],[-36.5689,-6.238],[-36.5574,-6.2379],[-36.5496,-6.2378],[-36.5463,-6.2378],[-36.5372,-6.2378],[-36.5314,-6.2475],[-36.5288,-6.2503],[-36.5285,-6.2504],[-36.5264,-6.2524],[-36.5264,-6.2526],[-36.527,-6.2535],[-36.5286,-6.2565],[-36.5262,-6.2559],[-36.5259,-6.2585],[-36.5324,-6.2596]]]}},{"type":"Feature","properties":{"c":"b30","b":30,"n":"Bela Parnamirim","m":"2403251","cx":-35.2887,"cy":-5.9267},"geometry":{"type":"Polygon","coordinates":[[[-35.2891,-5.9045],[-35.2878,-5.9107],[-35.2864,-5.9179],[-35.2867,-5.9178],[-35.284,-5.922],[-35.2846,-5.924],[-35.285,-5.9255],[-35.2858,-5.9278],[-35.2858,-5.9301],[-35.2923,-5.9335],[-35.2921,-5.9411],[-35.2924,-5.942],[-35.2942,-5.9503],[-35.295,-5.95],[-35.2918,-5.9245],[-35.292,-5.9243],[-35.2911,-5.9238],[-35.2917,-5.9228],[-35.2909,-5.9224],[-35.2915,-5.9215],[-35.2912,-5.9191],[-35.2906,-5.9189],[-35.2914,-5.9168],[-35.2902,-5.9163],[-35.291,-5.9142],[-35.2896,-5.9135],[-35.2909,-5.9116],[-35.2894,-5.9111],[-35.2906,-5.9091],[-35.2899,-5.9091],[-35.2892,-5.9035],[-35.2891,-5.9045]]]}},{"type":"Feature","properties":{"c":"b31","b":31,"n":"Boa Esperança","m":"2403251","cx":-35.2619,"cy":-5.9291},"geometry":{"type":"Polygon","coordinates":[[[-35.2603,-5.9366],[-35.2613,-5.9371],[-35.2624,-5.9359],[-35.2626,-5.9354],[-35.2644,-5.9337],[-35.2648,-5.9336],[-35.2648,-5.9298],[-35.2647,-5.9232],[-35.2648,-5.9207],[-35.2638,-5.9213],[-35.2584,-5.9236],[-35.2589,-5.9284],[-35.2591,-5.9315],[-35.2595,-5.9373],[-35.2603,-5.9366]]]}},{"type":"Feature","properties":{"c":"b32","b":32,"n":"Cajupiranga","m":"2403251","cx":-35.2509,"cy":-5.9477},"geometry":{"type":"Polygon","coordinates":[[[-35.2373,-5.9481],[-35.2396,-5.9487],[-35.2402,-5.949],[-35.2415,-5.9511],[-35.243,-5.9511],[-35.2444,-5.9519],[-35.2462,-5.9542],[-35.2475,-5.9578],[-35.2491,-5.9592],[-35.2496,-5.9602],[-35.2499,-5.9614],[-35.2506,-5.9621],[-35.2575,-5.9618],[-35.2605,-5.9619],[-35.2651,-5.9616],[-35.2649,-5.9522],[-35.2649,-5.9441],[-35.2648,-5.9336],[-35.2644,-5.9337],[-35.2626,-5.9354],[-35.2624,-5.9359],[-35.2613,-5.9371],[-35.2603,-5.9366],[-35.2595,-5.9373],[-35.2586,-5.9379],[-35.2578,-5.9382],[-35.2566,-5.9383],[-35.2527,-5.938],[-35.2502,-5.9375],[-35.2483,-5.9372],[-35.2463,-5.9366],[-35.2428,-5.9371],[-35.2399,-5.9377],[-35.2406,-5.9414],[-35.2406,-5.9421],[-35.2396,-5.9418],[-35.2383,-5.9421],[-35.2376,-5.943],[-35.237,-5.9459],[-35.2365,-5.9474],[-35.2373,-5.9481]]]}},{"type":"Feature","properties":{"c":"b33","b":33,"n":"Centro","m":"2403251","cx":-35.26,"cy":-5.9147},"geometry":{"type":"Polygon","coordinates":[[[-35.2584,-5.9236],[-35.2638,-5.9213],[-35.2648,-5.9207],[-35.2662,-5.9199],[-35.2641,-5.9153],[-35.2648,-5.915],[-35.2644,-5.9144],[-35.2625,-5.9153],[-35.2616,-5.9113],[-35.261,-5.9084],[-35.2604,-5.9063],[-35.2569,-5.9063],[-35.2574,-5.911],[-35.2576,-5.9145],[-35.2582,-5.9205],[-35.2584,-5.9236]]]}},{"type":"Feature","properties":{"c":"b34","b":34,"n":"Cohabinal","m":"2403251","cx":-35.2676,"cy":-5.9247},"geometry":{"type":"Polygon","coordinates":[[[-35.2688,-5.9185],[-35.2662,-5.9199],[-35.2648,-5.9207],[-35.2647,-5.9232],[-35.2648,-5.9298],[-35.271,-5.9262],[-35.2698,-5.922],[-35.2688,-5.9185]]]}},{"type":"Feature","properties":{"c":"b35","b":35,"n":"Emaús","m":"2403251","cx":-35.2411,"cy":-5.8789},"geometry":{"type":"Polygon","coordinates":[[[-35.2339,-5.8938],[-35.2381,-5.8938],[-35.2438,-5.8934],[-35.2442,-5.8934],[-35.2557,-5.8924],[-35.2558,-5.8915],[-35.2553,-5.8844],[-35.255,-5.8803],[-35.255,-5.8795],[-35.2553,-5.8784],[-35.2559,-5.8766],[-35.2561,-5.8753],[-35.2562,-5.8743],[-35.2556,-5.8709],[-35.2539,-5.8679],[-35.2534,-5.8669],[-35.2536,-5.8658],[-35.252,-5.8656],[-35.2508,-5.8653],[-35.2493,-5.8647],[-35.2482,-5.864],[-35.2474,-5.8638],[-35.2464,-5.8639],[-35.246,-5.8641],[-35.2446,-5.8645],[-35.2434,-5.8646],[-35.2429,-5.8649],[-35.2395,-5.868],[-35.2377,-5.8694],[-35.2368,-5.8715],[-35.2359,-5.8727],[-35.2318,-5.8761],[-35.2311,-5.8765],[-35.2291,-5.8767],[-35.2279,-5.8777],[-35.226,-5.8803],[-35.2254,-5.8808],[-35.2267,-5.8853],[-35.2293,-5.8938],[-35.2339,-5.8938]]]}},{"type":"Feature","properties":{"c":"b36","b":36,"n":"Encanto Verde","m":"2403251","cx":-35.2708,"cy":-5.8775},"geometry":{"type":"Polygon","coordinates":[[[-35.254,-5.8658],[-35.2536,-5.8658],[-35.2534,-5.8669],[-35.2539,-5.8679],[-35.2556,-5.8709],[-35.2562,-5.8743],[-35.2561,-5.8753],[-35.2559,-5.8766],[-35.2553,-5.8784],[-35.255,-5.8795],[-35.255,-5.8803],[-35.2553,-5.8844],[-35.2558,-5.8915],[-35.2572,-5.8916],[-35.258,-5.8911],[-35.259,-5.8912],[-35.2599,-5.8912],[-35.2655,-5.8896],[-35.2718,-5.8878],[-35.2734,-5.8895],[-35.2764,-5.8898],[-35.2783,-5.8899],[-35.2789,-5.8917],[-35.2789,-5.8937],[-35.278,-5.8962],[-35.2768,-5.8987],[-35.2767,-5.9012],[-35.2787,-5.9036],[-35.2796,-5.9041],[-35.2809,-5.9049],[-35.2856,-5.9036],[-35.2892,-5.9035],[-35.2866,-5.8832],[-35.2862,-5.8797],[-35.2824,-5.8498],[-35.282,-5.8506],[-35.2809,-5.8517],[-35.2796,-5.8527],[-35.2788,-5.8539],[-35.2784,-5.8542],[-35.2766,-5.8545],[-35.2729,-5.8553],[-35.2723,-5.8555],[-35.2711,-5.8558],[-35.2681,-5.8559],[-35.2653,-5.8564],[-35.2645,-5.8568],[-35.2622,-5.8586],[-35.258,-5.8627],[-35.256,-5.8641],[-35.2557,-5.8646],[-35.2544,-5.8654],[-35.254,-5.8658]]]}},{"type":"Feature","properties":{"c":"b37","b":37,"n":"Jardim Planalto","m":"2403251","cx":-35.2553,"cy":-5.929},"geometry":{"type":"Polygon","coordinates":[[[-35.2582,-5.9205],[-35.2485,-5.9205],[-35.2483,-5.9206],[-35.2469,-5.9223],[-35.2473,-5.9222],[-35.2478,-5.9228],[-35.2474,-5.9232],[-35.2509,-5.9267],[-35.2504,-5.9272],[-35.252,-5.9295],[-35.2514,-5.9321],[-35.2512,-5.9338],[-35.2502,-5.9375],[-35.2527,-5.938],[-35.2566,-5.9383],[-35.2578,-5.9382],[-35.2586,-5.9379],[-35.2595,-5.9373],[-35.2591,-5.9315],[-35.2589,-5.9284],[-35.2584,-5.9236],[-35.2582,-5.9205]]]}},{"type":"Feature","properties":{"c":"b38","b":38,"n":"Liberdade","m":"2403251","cx":-35.2453,"cy":-5.931},"geometry":{"type":"Polygon","coordinates":[[[-35.2428,-5.9371],[-35.2463,-5.9366],[-35.2483,-5.9372],[-35.2502,-5.9375],[-35.2512,-5.9338],[-35.2514,-5.9321],[-35.252,-5.9295],[-35.2504,-5.9272],[-35.2509,-5.9267],[-35.2474,-5.9232],[-35.2478,-5.9228],[-35.2473,-5.9222],[-35.2469,-5.9223],[-35.2452,-5.9243],[-35.241,-5.9291],[-35.2379,-5.9265],[-35.2384,-5.9279],[-35.2385,-5.9288],[-35.2387,-5.9299],[-35.2391,-5.9324],[-35.2393,-5.9349],[-35.2399,-5.9377],[-35.2428,-5.9371]]]}},{"type":"Feature","properties":{"c":"b39","b":39,"n":"Monte Castelo","m":"2403251","cx":-35.2657,"cy":-5.9077},"geometry":{"type":"Polygon","coordinates":[[[-35.2702,-5.9071],[-35.2687,-5.9042],[-35.267,-5.9007],[-35.2655,-5.9018],[-35.2604,-5.9063],[-35.261,-5.9084],[-35.2616,-5.9113],[-35.2625,-5.9153],[-35.2644,-5.9144],[-35.2722,-5.9108],[-35.2702,-5.9071]]]}},{"type":"Feature","properties":{"c":"b40","b":40,"n":"Nova Esperança","m":"2403251","cx":-35.2792,"cy":-5.947},"geometry":{"type":"Polygon","coordinates":[[[-35.2942,-5.9503],[-35.2924,-5.942],[-35.2921,-5.9411],[-35.2899,-5.9384],[-35.2891,-5.937],[-35.2885,-5.9374],[-35.2872,-5.9362],[-35.2859,-5.9359],[-35.2842,-5.9357],[-35.2827,-5.9352],[-35.2821,-5.9351],[-35.2781,-5.9342],[-35.2765,-5.9336],[-35.2727,-5.9329],[-35.2721,-5.9331],[-35.2711,-5.9343],[-35.2706,-5.9346],[-35.2693,-5.9336],[-35.2683,-5.9331],[-35.2675,-5.9332],[-35.2669,-5.9337],[-35.2659,-5.9335],[-35.2648,-5.9336],[-35.2649,-5.9441],[-35.2649,-5.9522],[-35.2651,-5.9616],[-35.2707,-5.9613],[-35.274,-5.9603],[-35.2788,-5.9577],[-35.2812,-5.9574],[-35.2839,-5.9572],[-35.2896,-5.9577],[-35.292,-5.9581],[-35.2961,-5.9582],[-35.295,-5.95],[-35.2942,-5.9503]]]}},{"type":"Feature","properties":{"c":"b41","b":41,"n":"Nova Parnamirim","m":"2403251","cx":-35.2088,"cy":-5.8849},"geometry":{"type":"Polygon","coordinates":[[[-35.224,-5.8781],[-35.2195,-5.8721],[-35.2179,-5.8686],[-35.215,-5.8703],[-35.2151,-5.8706],[-35.2131,-5.8716],[-35.2122,-5.8722],[-35.2113,-5.8723],[-35.2124,-5.8743],[-35.2095,-5.8758],[-35.2092,-5.8752],[-35.2045,-5.8788],[-35.2008,-5.8816],[-35.1936,-5.8872],[-35.1889,-5.8906],[-35.19,-5.8926],[-35.1933,-5.8968],[-35.1959,-5.9009],[-35.1963,-5.9002],[-35.1979,-5.9025],[-35.2004,-5.9007],[-35.201,-5.9002],[-35.2014,-5.9015],[-35.2021,-5.9027],[-35.2028,-5.9017],[-35.2091,-5.8982],[-35.2111,-5.8968],[-35.2142,-5.8929],[-35.2153,-5.8919],[-35.2165,-5.8899],[-35.218,-5.8878],[-35.2199,-5.8859],[-35.2225,-5.884],[-35.2236,-5.8826],[-35.2244,-5.8815],[-35.2251,-5.8811],[-35.224,-5.8781]]]}},{"type":"Feature","properties":{"c":"b42","b":42,"n":"Parque das Nações","m":"2403251","cx":-35.2223,"cy":-5.9312},"geometry":{"type":"Polygon","coordinates":[[[-35.2032,-5.9234],[-35.2002,-5.9243],[-35.2002,-5.9286],[-35.2055,-5.9272],[-35.206,-5.9338],[-35.2092,-5.9341],[-35.212,-5.9348],[-35.2131,-5.9353],[-35.2148,-5.9367],[-35.2168,-5.9374],[-35.2183,-5.9377],[-35.2208,-5.9386],[-35.2247,-5.9412],[-35.2257,-5.9415],[-35.2295,-5.9434],[-35.232,-5.9456],[-35.2328,-5.946],[-35.2343,-5.9464],[-35.2359,-5.9466],[-35.2365,-5.9474],[-35.237,-5.9459],[-35.2376,-5.943],[-35.2383,-5.9421],[-35.2396,-5.9418],[-35.2406,-5.9421],[-35.2406,-5.9414],[-35.2399,-5.9377],[-35.2393,-5.9349],[-35.2391,-5.9324],[-35.2387,-5.9299],[-35.2385,-5.9288],[-35.2384,-5.9279],[-35.2379,-5.9265],[-35.2333,-5.9227],[-35.2327,-5.9186],[-35.2323,-5.9131],[-35.227,-5.9147],[-35.2275,-5.9164],[-35.2271,-5.9167],[-35.226,-5.9169],[-35.2254,-5.9175],[-35.2228,-5.9182],[-35.2203,-5.9188],[-35.2203,-5.919],[-35.2191,-5.9191],[-35.2132,-5.9207],[-35.2143,-5.9249],[-35.2105,-5.926],[-35.2094,-5.9218],[-35.2091,-5.9219],[-35.2032,-5.9234]]]}},{"type":"Feature","properties":{"c":"b43","b":43,"n":"Parque das Árvores","m":"2403251","cx":-35.2171,"cy":-5.9034},"geometry":{"type":"Polygon","coordinates":[[[-35.2321,-5.9103],[-35.2314,-5.9004],[-35.2306,-5.8977],[-35.2293,-5.8938],[-35.2267,-5.8853],[-35.2254,-5.8808],[-35.2251,-5.8811],[-35.2244,-5.8815],[-35.2236,-5.8826],[-35.2225,-5.884],[-35.2199,-5.8859],[-35.218,-5.8878],[-35.2165,-5.8899],[-35.2153,-5.8919],[-35.2142,-5.8929],[-35.2111,-5.8968],[-35.2091,-5.8982],[-35.2028,-5.9017],[-35.2021,-5.9027],[-35.2032,-5.9042],[-35.2039,-5.9055],[-35.2051,-5.9082],[-35.2071,-5.9121],[-35.2075,-5.9131],[-35.2091,-5.9219],[-35.2094,-5.9218],[-35.2105,-5.926],[-35.2143,-5.9249],[-35.2132,-5.9207],[-35.2191,-5.9191],[-35.2203,-5.919],[-35.2203,-5.9188],[-35.2228,-5.9182],[-35.2254,-5.9175],[-35.226,-5.9169],[-35.2271,-5.9167],[-35.2275,-5.9164],[-35.227,-5.9147],[-35.2323,-5.9131],[-35.2321,-5.9103]]]}},{"type":"Feature","properties":{"c":"b44","b":44,"n":"Parque de Exposições","m":"2403251","cx":-35.2616,"cy":-5.8961},"geometry":{"type":"Polygon","coordinates":[[[-35.2655,-5.9018],[-35.267,-5.9007],[-35.268,-5.8998],[-35.2655,-5.8896],[-35.2599,-5.8912],[-35.259,-5.8912],[-35.258,-5.8911],[-35.2572,-5.8916],[-35.2558,-5.8915],[-35.2557,-5.8924],[-35.2569,-5.9063],[-35.2604,-5.9063],[-35.2655,-5.9018]]]}},{"type":"Feature","properties":{"c":"b45","b":45,"n":"Parque do Jiqui","m":"2403251","cx":-35.1979,"cy":-5.9077},"geometry":{"type":"Polygon","coordinates":[[[-35.1883,-5.917],[-35.187,-5.9173],[-35.1884,-5.9191],[-35.1889,-5.9205],[-35.1895,-5.9214],[-35.1903,-5.9218],[-35.1916,-5.922],[-35.1931,-5.9215],[-35.195,-5.9203],[-35.196,-5.9195],[-35.1967,-5.9184],[-35.1981,-5.9169],[-35.1988,-5.9165],[-35.2048,-5.9115],[-35.2047,-5.9112],[-35.2017,-5.9042],[-35.2017,-5.9033],[-35.2021,-5.9027],[-35.2014,-5.9015],[-35.201,-5.9002],[-35.2004,-5.9007],[-35.1979,-5.9025],[-35.1963,-5.9002],[-35.1959,-5.9009],[-35.1883,-5.917]]]}},{"type":"Feature","properties":{"c":"b46","b":46,"n":"Passagem de Areia","m":"2403251","cx":-35.2806,"cy":-5.9118},"geometry":{"type":"Polygon","coordinates":[[[-35.2722,-5.9108],[-35.273,-5.9104],[-35.2742,-5.9129],[-35.2758,-5.9163],[-35.2797,-5.9173],[-35.2801,-5.9173],[-35.2804,-5.9184],[-35.2822,-5.9185],[-35.283,-5.9202],[-35.2834,-5.9213],[-35.284,-5.922],[-35.2867,-5.9178],[-35.2864,-5.9179],[-35.2878,-5.9107],[-35.2891,-5.9045],[-35.2892,-5.9035],[-35.2856,-5.9036],[-35.2809,-5.9049],[-35.2796,-5.9041],[-35.2788,-5.9059],[-35.2729,-5.9067],[-35.2702,-5.9071],[-35.2722,-5.9108]]]}},{"type":"Feature","properties":{"c":"b47","b":47,"n":"Rosa dos Ventos","m":"2403251","cx":-35.2766,"cy":-5.9251},"geometry":{"type":"Polygon","coordinates":[[[-35.2757,-5.9166],[-35.2754,-5.923],[-35.2731,-5.9241],[-35.2728,-5.9241],[-35.2729,-5.9222],[-35.2698,-5.922],[-35.271,-5.9262],[-35.2723,-5.9268],[-35.2784,-5.9301],[-35.282,-5.9322],[-35.2823,-5.9323],[-35.2826,-5.9234],[-35.2814,-5.9212],[-35.2804,-5.9184],[-35.2801,-5.9173],[-35.2797,-5.9173],[-35.2758,-5.9163],[-35.2757,-5.9166]]]}},{"type":"Feature","properties":{"c":"b48","b":48,"n":"Santa Tereza","m":"2403251","cx":-35.2841,"cy":-5.929},"geometry":{"type":"Polygon","coordinates":[[[-35.2834,-5.9213],[-35.283,-5.9202],[-35.2822,-5.9185],[-35.2804,-5.9184],[-35.2814,-5.9212],[-35.2826,-5.9234],[-35.2823,-5.9323],[-35.2832,-5.9326],[-35.2854,-5.9328],[-35.2876,-5.9337],[-35.2891,-5.937],[-35.2899,-5.9384],[-35.2921,-5.9411],[-35.2923,-5.9335],[-35.2858,-5.9301],[-35.2858,-5.9278],[-35.285,-5.9255],[-35.2846,-5.924],[-35.284,-5.922],[-35.2834,-5.9213]]]}},{"type":"Feature","properties":{"c":"b49","b":49,"n":"Santos Reis","m":"2403251","cx":-35.2704,"cy":-5.9175},"geometry":{"type":"Polygon","coordinates":[[[-35.2688,-5.9185],[-35.2698,-5.922],[-35.2729,-5.9222],[-35.2728,-5.9241],[-35.2731,-5.9241],[-35.2754,-5.923],[-35.2757,-5.9166],[-35.2758,-5.9163],[-35.2742,-5.9129],[-35.273,-5.9104],[-35.2722,-5.9108],[-35.2644,-5.9144],[-35.2648,-5.915],[-35.2641,-5.9153],[-35.2662,-5.9199],[-35.2688,-5.9185]]]}},{"type":"Feature","properties":{"c":"b50","b":50,"n":"Vale do Sol","m":"2403251","cx":-35.2725,"cy":-5.9312},"geometry":{"type":"Polygon","coordinates":[[[-35.2648,-5.9336],[-35.2659,-5.9335],[-35.2669,-5.9337],[-35.2675,-5.9332],[-35.2683,-5.9331],[-35.2693,-5.9336],[-35.2706,-5.9346],[-35.2711,-5.9343],[-35.2721,-5.9331],[-35.2727,-5.9329],[-35.2765,-5.9336],[-35.2781,-5.9342],[-35.2821,-5.9351],[-35.2827,-5.9352],[-35.2842,-5.9357],[-35.2859,-5.9359],[-35.2872,-5.9362],[-35.2885,-5.9374],[-35.2891,-5.937],[-35.2876,-5.9337],[-35.2854,-5.9328],[-35.2832,-5.9326],[-35.2823,-5.9323],[-35.282,-5.9322],[-35.2784,-5.9301],[-35.2723,-5.9268],[-35.271,-5.9262],[-35.2648,-5.9298],[-35.2648,-5.9336]]]}},{"type":"Feature","properties":{"c":"b51","b":51,"n":"Vida Nova","m":"2403251","cx":-35.2724,"cy":-5.8974},"geometry":{"type":"Polygon","coordinates":[[[-35.2687,-5.9042],[-35.2702,-5.9071],[-35.2729,-5.9067],[-35.2788,-5.9059],[-35.2796,-5.9041],[-35.2787,-5.9036],[-35.2767,-5.9012],[-35.2768,-5.8987],[-35.278,-5.8962],[-35.2789,-5.8937],[-35.2789,-5.8917],[-35.2783,-5.8899],[-35.2764,-5.8898],[-35.2734,-5.8895],[-35.2718,-5.8878],[-35.2655,-5.8896],[-35.268,-5.8998],[-35.267,-5.9007],[-35.2687,-5.9042]]]}},{"type":"Feature","properties":{"c":"b52","b":52,"n":"Alto da Bela Vista","m":"2403400","cx":-36.7241,"cy":-6.9406},"geometry":{"type":"Polygon","coordinates":[[[-36.7207,-6.9416],[-36.7217,-6.941],[-36.7224,-6.9419],[-36.7273,-6.9432],[-36.7299,-6.9398],[-36.7288,-6.9387],[-36.7278,-6.9388],[-36.7272,-6.9379],[-36.7256,-6.9378],[-36.7243,-6.9374],[-36.7235,-6.9376],[-36.7225,-6.939],[-36.7217,-6.9394],[-36.7205,-6.9394],[-36.7199,-6.9399],[-36.7191,-6.9402],[-36.7189,-6.9411],[-36.7207,-6.9416]]]}},{"type":"Feature","properties":{"c":"b53","b":53,"n":"Alto do Juazeiro","m":"2403400","cx":-36.7187,"cy":-6.95},"geometry":{"type":"Polygon","coordinates":[[[-36.7163,-6.9487],[-36.7158,-6.9493],[-36.7158,-6.9507],[-36.7161,-6.9519],[-36.716,-6.9524],[-36.7193,-6.9531],[-36.7241,-6.9467],[-36.7204,-6.946],[-36.7199,-6.9462],[-36.7197,-6.9471],[-36.7188,-6.9477],[-36.7184,-6.9476],[-36.7174,-6.9469],[-36.7171,-6.947],[-36.7162,-6.9483],[-36.7163,-6.9487]]]}},{"type":"Feature","properties":{"c":"b54","b":54,"n":"Centro","m":"2403400","cx":-36.7173,"cy":-6.9464},"geometry":{"type":"Polygon","coordinates":[[[-36.7265,-6.9441],[-36.7221,-6.9441],[-36.7212,-6.944],[-36.721,-6.9441],[-36.72,-6.9439],[-36.7197,-6.9446],[-36.7146,-6.9455],[-36.7153,-6.9488],[-36.7162,-6.9483],[-36.7171,-6.947],[-36.7174,-6.9469],[-36.7184,-6.9476],[-36.7188,-6.9477],[-36.7197,-6.9471],[-36.7199,-6.9462],[-36.7204,-6.946],[-36.7241,-6.9467],[-36.7265,-6.9441]]]}},{"type":"Feature","properties":{"c":"b55","b":55,"n":"Dinarte Mariz","m":"2403400","cx":-36.7125,"cy":-6.949},"geometry":{"type":"Polygon","coordinates":[[[-36.7116,-6.946],[-36.7085,-6.9496],[-36.7079,-6.9502],[-36.71,-6.952],[-36.716,-6.9524],[-36.7161,-6.9519],[-36.7158,-6.9507],[-36.7158,-6.9493],[-36.7163,-6.9487],[-36.7162,-6.9483],[-36.7153,-6.9488],[-36.7146,-6.9455],[-36.7116,-6.946]]]}},{"type":"Feature","properties":{"c":"b56","b":56,"n":"Prefeito Jose Marcelino de Oliveira","m":"2403400","cx":-36.7201,"cy":-6.9433},"geometry":{"type":"Polygon","coordinates":[[[-36.7197,-6.9446],[-36.72,-6.9439],[-36.721,-6.9441],[-36.7212,-6.944],[-36.7221,-6.9441],[-36.7265,-6.9441],[-36.7273,-6.9432],[-36.7224,-6.9419],[-36.7217,-6.941],[-36.7207,-6.9416],[-36.7189,-6.9411],[-36.7188,-6.9414],[-36.7177,-6.9412],[-36.7171,-6.9406],[-36.7153,-6.9414],[-36.7147,-6.9421],[-36.7129,-6.9435],[-36.7117,-6.9456],[-36.7116,-6.946],[-36.7146,-6.9455],[-36.7197,-6.9446]]]}},{"type":"Feature","properties":{"c":"b57","b":57,"n":"Campestre","m":"2404309","cx":-37.515,"cy":-5.4591},"geometry":{"type":"Polygon","coordinates":[[[-37.5195,-5.4586],[-37.5153,-5.4556],[-37.5151,-5.456],[-37.5119,-5.4536],[-37.5118,-5.454],[-37.5109,-5.4542],[-37.5114,-5.4554],[-37.5111,-5.4555],[-37.5101,-5.4575],[-37.5134,-5.4644],[-37.5163,-5.4627],[-37.5176,-5.4618],[-37.5197,-5.4601],[-37.5189,-5.4595],[-37.5195,-5.4587],[-37.5195,-5.4586]]]}},{"type":"Feature","properties":{"c":"b58","b":58,"n":"Cigana","m":"2404309","cx":-37.5193,"cy":-5.4501},"geometry":{"type":"Polygon","coordinates":[[[-37.5224,-5.4565],[-37.5232,-5.4584],[-37.5241,-5.4583],[-37.5241,-5.4568],[-37.5241,-5.4542],[-37.5239,-5.4526],[-37.5237,-5.4486],[-37.5232,-5.4475],[-37.5226,-5.447],[-37.5197,-5.4461],[-37.5168,-5.4429],[-37.5139,-5.4491],[-37.5157,-5.4512],[-37.518,-5.4539],[-37.5214,-5.4578],[-37.5224,-5.4565]]]}},{"type":"Feature","properties":{"c":"b59","b":59,"n":"Dix-Sept Rosado","m":"2404309","cx":-37.5227,"cy":-5.4614},"geometry":{"type":"Polygon","coordinates":[[[-37.5232,-5.4584],[-37.5224,-5.4565],[-37.5214,-5.4578],[-37.5208,-5.4586],[-37.5201,-5.4581],[-37.5195,-5.4587],[-37.5215,-5.4604],[-37.5219,-5.4625],[-37.5228,-5.4653],[-37.5235,-5.4653],[-37.5234,-5.4626],[-37.5241,-5.4592],[-37.5241,-5.4583],[-37.5232,-5.4584]]]}},{"type":"Feature","properties":{"c":"b60","b":60,"n":"Porfírio Marques","m":"2404309","cx":-37.515,"cy":-5.4537},"geometry":{"type":"Polygon","coordinates":[[[-37.5119,-5.4536],[-37.5151,-5.456],[-37.5153,-5.4556],[-37.5195,-5.4586],[-37.5195,-5.4587],[-37.5201,-5.4581],[-37.5208,-5.4586],[-37.5214,-5.4578],[-37.518,-5.4539],[-37.5157,-5.4512],[-37.5139,-5.4491],[-37.5119,-5.4536]]]}},{"type":"Feature","properties":{"c":"b61","b":61,"n":"Santa Catarina","m":"2404309","cx":-37.5192,"cy":-5.4626},"geometry":{"type":"Polygon","coordinates":[[[-37.5219,-5.4625],[-37.5215,-5.4604],[-37.5195,-5.4587],[-37.5189,-5.4595],[-37.5197,-5.4601],[-37.5176,-5.4618],[-37.5163,-5.4627],[-37.5134,-5.4644],[-37.5123,-5.4656],[-37.5139,-5.4657],[-37.5163,-5.4664],[-37.519,-5.4647],[-37.5194,-5.4653],[-37.5228,-5.4653],[-37.5219,-5.4625]]]}},{"type":"Feature","properties":{"c":"b62","b":62,"n":"Antônio Jota","m":"2404853","cx":-36.8692,"cy":-5.6518},"geometry":{"type":"Polygon","coordinates":[[[-36.8672,-5.6535],[-36.8673,-5.6537],[-36.8713,-5.6526],[-36.8727,-5.6494],[-36.8715,-5.6496],[-36.871,-5.6496],[-36.871,-5.649],[-36.8683,-5.6493],[-36.868,-5.6498],[-36.8682,-5.6507],[-36.8664,-5.651],[-36.8672,-5.6535]]]}},{"type":"Feature","properties":{"c":"b63","b":63,"n":"Barro Vermelho","m":"2404853","cx":-36.8627,"cy":-5.6348},"geometry":{"type":"Polygon","coordinates":[[[-36.8621,-5.6374],[-36.8648,-5.6367],[-36.8671,-5.636],[-36.867,-5.6355],[-36.8656,-5.6359],[-36.8649,-5.6333],[-36.8649,-5.632],[-36.8641,-5.6316],[-36.8634,-5.6305],[-36.86,-5.6321],[-36.86,-5.634],[-36.8604,-5.6374],[-36.8607,-5.6381],[-36.8621,-5.6374]]]}},{"type":"Feature","properties":{"c":"b64","b":64,"n":"Centro","m":"2404853","cx":-36.8712,"cy":-5.6428},"geometry":{"type":"Polygon","coordinates":[[[-36.8771,-5.6418],[-36.8758,-5.6366],[-36.8726,-5.6393],[-36.871,-5.6399],[-36.8679,-5.6409],[-36.8656,-5.6416],[-36.8663,-5.6438],[-36.8659,-5.6454],[-36.8662,-5.6459],[-36.8672,-5.6461],[-36.8688,-5.6457],[-36.8692,-5.6471],[-36.8698,-5.6471],[-36.871,-5.6465],[-36.8713,-5.6461],[-36.8719,-5.6461],[-36.8723,-5.6464],[-36.8724,-5.6459],[-36.874,-5.6451],[-36.8746,-5.6451],[-36.8771,-5.6418]]]}},{"type":"Feature","properties":{"c":"b65","b":65,"n":"Iguaraçu","m":"2404853","cx":-36.8705,"cy":-5.6384},"geometry":{"type":"Polygon","coordinates":[[[-36.8745,-5.6359],[-36.8707,-5.6365],[-36.8706,-5.636],[-36.8674,-5.6369],[-36.8672,-5.6375],[-36.8679,-5.6402],[-36.8679,-5.6409],[-36.871,-5.6399],[-36.8726,-5.6393],[-36.8758,-5.6366],[-36.8755,-5.6354],[-36.8753,-5.6355],[-36.8745,-5.6359]]]}},{"type":"Feature","properties":{"c":"b66","b":66,"n":"João Leopoldo Lopes","m":"2404853","cx":-36.8644,"cy":-5.6391},"geometry":{"type":"Polygon","coordinates":[[[-36.8671,-5.636],[-36.8648,-5.6367],[-36.8621,-5.6374],[-36.8607,-5.6381],[-36.8622,-5.6415],[-36.8656,-5.6416],[-36.8679,-5.6409],[-36.8679,-5.6402],[-36.8672,-5.6375],[-36.8674,-5.6369],[-36.8671,-5.636]]]}},{"type":"Feature","properties":{"c":"b67","b":67,"n":"Luiz Inácio","m":"2404853","cx":-36.8684,"cy":-5.6326},"geometry":{"type":"Polygon","coordinates":[[[-36.8641,-5.6316],[-36.8649,-5.632],[-36.8649,-5.6333],[-36.8656,-5.6359],[-36.867,-5.6355],[-36.8671,-5.636],[-36.8674,-5.6369],[-36.8706,-5.636],[-36.8707,-5.6365],[-36.8745,-5.6359],[-36.8753,-5.6355],[-36.8749,-5.634],[-36.8651,-5.6295],[-36.8634,-5.6305],[-36.8641,-5.6316]]]}},{"type":"Feature","properties":{"c":"b68","b":68,"n":"São Manoel","m":"2404853","cx":-36.8666,"cy":-5.6462},"geometry":{"type":"Polygon","coordinates":[[[-36.8741,-5.6464],[-36.8746,-5.6451],[-36.874,-5.6451],[-36.8724,-5.6459],[-36.8723,-5.6464],[-36.8719,-5.6461],[-36.8713,-5.6461],[-36.871,-5.6465],[-36.8698,-5.6471],[-36.8692,-5.6471],[-36.8688,-5.6457],[-36.8672,-5.6461],[-36.8662,-5.6459],[-36.8659,-5.6454],[-36.8663,-5.6438],[-36.8656,-5.6416],[-36.8622,-5.6415],[-36.8658,-5.6499],[-36.8664,-5.651],[-36.8682,-5.6507],[-36.868,-5.6498],[-36.8683,-5.6493],[-36.871,-5.649],[-36.871,-5.6496],[-36.8715,-5.6496],[-36.8727,-5.6494],[-36.8741,-5.6464]]]}},{"type":"Feature","properties":{"c":"b69","b":69,"n":"Centro","m":"2405207","cx":-37.4088,"cy":-6.0156},"geometry":{"type":"Polygon","coordinates":[[[-37.4066,-6.0174],[-37.408,-6.0181],[-37.4089,-6.0185],[-37.4103,-6.0193],[-37.412,-6.0129],[-37.4094,-6.0137],[-37.4073,-6.0149],[-37.4052,-6.0163],[-37.4066,-6.0174]]]}},{"type":"Feature","properties":{"c":"b70","b":70,"n":"Doutor Onézimo Maia","m":"2405207","cx":-37.4041,"cy":-6.0177},"geometry":{"type":"Polygon","coordinates":[[[-37.4035,-6.0204],[-37.4062,-6.019],[-37.408,-6.0181],[-37.4066,-6.0174],[-37.4052,-6.0163],[-37.4037,-6.015],[-37.4007,-6.0172],[-37.4026,-6.0207],[-37.4035,-6.0204]]]}},{"type":"Feature","properties":{"c":"b71","b":71,"n":"Doze de Julho","m":"2405207","cx":-37.4062,"cy":-6.0139},"geometry":{"type":"Polygon","coordinates":[[[-37.4122,-6.0117],[-37.4096,-6.0119],[-37.4074,-6.0117],[-37.4029,-6.0141],[-37.4037,-6.015],[-37.4052,-6.0163],[-37.4073,-6.0149],[-37.4094,-6.0137],[-37.412,-6.0129],[-37.4122,-6.0117]]]}},{"type":"Feature","properties":{"c":"b72","b":72,"n":"São Bento","m":"2405207","cx":-37.4064,"cy":-6.0212},"geometry":{"type":"Polygon","coordinates":[[[-37.4089,-6.0185],[-37.408,-6.0181],[-37.4062,-6.019],[-37.4035,-6.0204],[-37.4026,-6.0207],[-37.4029,-6.0218],[-37.4017,-6.0246],[-37.4069,-6.0237],[-37.41,-6.0218],[-37.4103,-6.0193],[-37.4089,-6.0185]]]}},{"type":"Feature","properties":{"c":"b73","b":73,"n":"Centro","m":"2405603","cx":-37.3495,"cy":-6.3811},"geometry":{"type":"Polygon","coordinates":[[[-37.3466,-6.3804],[-37.3451,-6.3808],[-37.3452,-6.3813],[-37.3468,-6.3809],[-37.3474,-6.3831],[-37.3492,-6.3825],[-37.3527,-6.3808],[-37.3518,-6.3789],[-37.3466,-6.3804]]]}},{"type":"Feature","properties":{"c":"b74","b":74,"n":"Emboca","m":"2405603","cx":-37.35,"cy":-6.3837},"geometry":{"type":"Polygon","coordinates":[[[-37.3478,-6.3844],[-37.3476,-6.3845],[-37.348,-6.3857],[-37.3516,-6.3858],[-37.3527,-6.3851],[-37.3518,-6.3816],[-37.3529,-6.3811],[-37.3527,-6.3808],[-37.3492,-6.3825],[-37.3474,-6.3831],[-37.3478,-6.3844]]]}},{"type":"Feature","properties":{"c":"b75","b":75,"n":"Floresta","m":"2405603","cx":-37.3384,"cy":-6.3772},"geometry":{"type":"Polygon","coordinates":[[[-37.339,-6.3729],[-37.3312,-6.3751],[-37.3322,-6.3763],[-37.3351,-6.378],[-37.3367,-6.3787],[-37.3385,-6.3801],[-37.3388,-6.3808],[-37.3403,-6.3805],[-37.3412,-6.3796],[-37.3437,-6.3786],[-37.3435,-6.3781],[-37.3425,-6.3764],[-37.3415,-6.3751],[-37.3405,-6.3724],[-37.339,-6.3729]]]}},{"type":"Feature","properties":{"c":"b76","b":76,"n":"Novo Jardim","m":"2405603","cx":-37.342,"cy":-6.3837},"geometry":{"type":"Polygon","coordinates":[[[-37.3476,-6.3845],[-37.3478,-6.3844],[-37.3474,-6.3831],[-37.3468,-6.3809],[-37.3452,-6.3813],[-37.3451,-6.3808],[-37.3393,-6.3824],[-37.3363,-6.3831],[-37.3367,-6.3849],[-37.3379,-6.3867],[-37.3418,-6.3861],[-37.348,-6.3857],[-37.3476,-6.3845]]]}},{"type":"Feature","properties":{"c":"b77","b":77,"n":"Santa Cecilia","m":"2405603","cx":-37.3436,"cy":-6.38},"geometry":{"type":"Polygon","coordinates":[[[-37.3466,-6.3804],[-37.3454,-6.3774],[-37.3435,-6.3781],[-37.3437,-6.3786],[-37.3412,-6.3796],[-37.3403,-6.3805],[-37.3388,-6.3808],[-37.3393,-6.3824],[-37.3451,-6.3808],[-37.3466,-6.3804]]]}},{"type":"Feature","properties":{"c":"b78","b":78,"n":"Santa Maria","m":"2405603","cx":-37.3455,"cy":-6.3737},"geometry":{"type":"Polygon","coordinates":[[[-37.3505,-6.3752],[-37.3493,-6.3721],[-37.3483,-6.3712],[-37.3479,-6.3705],[-37.346,-6.3708],[-37.3431,-6.3716],[-37.3405,-6.3724],[-37.3415,-6.3751],[-37.3425,-6.3764],[-37.3435,-6.3781],[-37.3454,-6.3774],[-37.3493,-6.3758],[-37.3492,-6.3752],[-37.3496,-6.375],[-37.3503,-6.3765],[-37.3512,-6.3762],[-37.3505,-6.3752]]]}},{"type":"Feature","properties":{"c":"b79","b":79,"n":"Santo Amaro","m":"2405603","cx":-37.3518,"cy":-6.3743},"geometry":{"type":"Polygon","coordinates":[[[-37.3522,-6.3787],[-37.3555,-6.3781],[-37.3549,-6.3763],[-37.3543,-6.3756],[-37.3541,-6.3748],[-37.3527,-6.3738],[-37.3519,-6.3736],[-37.3497,-6.3703],[-37.3479,-6.3705],[-37.3483,-6.3712],[-37.3493,-6.3721],[-37.3505,-6.3752],[-37.3512,-6.3762],[-37.3522,-6.3787]]]}},{"type":"Feature","properties":{"c":"b80","b":80,"n":"Sao José","m":"2405603","cx":-37.3488,"cy":-6.378},"geometry":{"type":"Polygon","coordinates":[[[-37.3503,-6.3765],[-37.3496,-6.375],[-37.3492,-6.3752],[-37.3493,-6.3758],[-37.3454,-6.3774],[-37.3466,-6.3804],[-37.3518,-6.3789],[-37.3522,-6.3787],[-37.3512,-6.3762],[-37.3503,-6.3765]]]}},{"type":"Feature","properties":{"c":"b81","b":81,"n":"Vila do Rio","m":"2405603","cx":-37.3537,"cy":-6.3817},"geometry":{"type":"Polygon","coordinates":[[[-37.3522,-6.3787],[-37.3518,-6.3789],[-37.3527,-6.3808],[-37.3529,-6.3811],[-37.3518,-6.3816],[-37.3527,-6.3851],[-37.3533,-6.3843],[-37.3548,-6.3833],[-37.3556,-6.3819],[-37.3555,-6.3796],[-37.3557,-6.3787],[-37.3555,-6.3781],[-37.3522,-6.3787]]]}},{"type":"Feature","properties":{"c":"b82","b":82,"n":"Antônio Aciole da Silva","m":"2406502","cx":-36.4737,"cy":-6.0905},"geometry":{"type":"Polygon","coordinates":[[[-36.4764,-6.0861],[-36.4675,-6.0858],[-36.4691,-6.0888],[-36.4722,-6.094],[-36.4728,-6.0935],[-36.4769,-6.0923],[-36.4783,-6.086],[-36.4764,-6.0861]]]}},{"type":"Feature","properties":{"c":"b83","b":83,"n":"Bernardino de Sena","m":"2406502","cx":-36.4774,"cy":-6.0993},"geometry":{"type":"Polygon","coordinates":[[[-36.4728,-6.0935],[-36.4722,-6.094],[-36.4728,-6.0949],[-36.4783,-6.1044],[-36.4802,-6.1037],[-36.4784,-6.0927],[-36.4786,-6.092],[-36.4769,-6.0923],[-36.4728,-6.0935]]]}},{"type":"Feature","properties":{"c":"b84","b":84,"n":"Centro","m":"2406502","cx":-36.4694,"cy":-6.0956},"geometry":{"type":"Polygon","coordinates":[[[-36.4642,-6.0856],[-36.4617,-6.0858],[-36.4628,-6.087],[-36.4635,-6.09],[-36.4653,-6.0916],[-36.4654,-6.0928],[-36.4662,-6.0932],[-36.4654,-6.0964],[-36.4661,-6.0965],[-36.4671,-6.0981],[-36.469,-6.1003],[-36.4698,-6.1029],[-36.4704,-6.104],[-36.4711,-6.1048],[-36.4716,-6.1063],[-36.4767,-6.1047],[-36.4783,-6.1044],[-36.4728,-6.0949],[-36.4722,-6.094],[-36.4691,-6.0888],[-36.4675,-6.0858],[-36.4642,-6.0856]]]}},{"type":"Feature","properties":{"c":"b85","b":85,"n":"Clavinote","m":"2406502","cx":-36.4851,"cy":-6.0968},"geometry":{"type":"Polygon","coordinates":[[[-36.4769,-6.0923],[-36.4786,-6.092],[-36.4784,-6.0927],[-36.4802,-6.1037],[-36.4907,-6.101],[-36.4919,-6.0859],[-36.4835,-6.0857],[-36.4821,-6.0863],[-36.4783,-6.086],[-36.4769,-6.0923]]]}},{"type":"Feature","properties":{"c":"b86","b":86,"n":"Jesus Menino","m":"2406502","cx":-36.459,"cy":-6.0992},"geometry":{"type":"Polygon","coordinates":[[[-36.4596,-6.0915],[-36.4581,-6.0916],[-36.4504,-6.0911],[-36.4496,-6.1045],[-36.4523,-6.1053],[-36.462,-6.1057],[-36.4683,-6.1062],[-36.4716,-6.1063],[-36.4711,-6.1048],[-36.4704,-6.104],[-36.4698,-6.1029],[-36.469,-6.1003],[-36.4671,-6.0981],[-36.4661,-6.0965],[-36.4654,-6.0964],[-36.4662,-6.0932],[-36.4654,-6.0928],[-36.4653,-6.0916],[-36.4596,-6.0915]]]}},{"type":"Feature","properties":{"c":"b87","b":87,"n":"Abolição","m":"2408003","cx":-37.3605,"cy":-5.1618},"geometry":{"type":"Polygon","coordinates":[[[-37.3813,-5.1502],[-37.3747,-5.1419],[-37.3742,-5.1423],[-37.3727,-5.1414],[-37.3689,-5.1483],[-37.3683,-5.1493],[-37.3673,-5.1487],[-37.3658,-5.1482],[-37.3651,-5.1474],[-37.3647,-5.148],[-37.3644,-5.1478],[-37.3639,-5.1485],[-37.3642,-5.1487],[-37.362,-5.1519],[-37.3609,-5.1528],[-37.3597,-5.154],[-37.358,-5.1553],[-37.3566,-5.1559],[-37.3557,-5.1546],[-37.3549,-5.1552],[-37.3544,-5.1543],[-37.3536,-5.1547],[-37.3525,-5.1544],[-37.352,-5.1544],[-37.3495,-5.156],[-37.35,-5.1574],[-37.3505,-5.1606],[-37.3511,-5.1631],[-37.3509,-5.1654],[-37.3505,-5.1668],[-37.3488,-5.1694],[-37.3483,-5.1705],[-37.3452,-5.1757],[-37.3481,-5.1803],[-37.3501,-5.1829],[-37.3522,-5.1808],[-37.3548,-5.178],[-37.36,-5.1725],[-37.3608,-5.1717],[-37.3657,-5.1665],[-37.3673,-5.165],[-37.3779,-5.1538],[-37.3809,-5.1507],[-37.3813,-5.1502]]]}},{"type":"Feature","properties":{"c":"b88","b":88,"n":"Aeroporto","m":"2408003","cx":-37.368,"cy":-5.1996},"geometry":{"type":"Polygon","coordinates":[[[-37.3579,-5.2006],[-37.3628,-5.2012],[-37.3662,-5.2084],[-37.3669,-5.2102],[-37.3671,-5.2106],[-37.3696,-5.2148],[-37.3723,-5.2128],[-37.3741,-5.2107],[-37.3744,-5.2101],[-37.3763,-5.2044],[-37.3772,-5.2021],[-37.3783,-5.1986],[-37.3785,-5.1972],[-37.3785,-5.1962],[-37.3784,-5.1951],[-37.3781,-5.1938],[-37.3774,-5.1925],[-37.3765,-5.1913],[-37.3755,-5.1903],[-37.3739,-5.1882],[-37.3735,-5.1876],[-37.3726,-5.1864],[-37.3706,-5.1842],[-37.3706,-5.1841],[-37.368,-5.1847],[-37.3667,-5.1853],[-37.3662,-5.1847],[-37.3633,-5.1861],[-37.3631,-5.1858],[-37.3608,-5.1874],[-37.357,-5.1899],[-37.3559,-5.1903],[-37.356,-5.191],[-37.3594,-5.1914],[-37.3585,-5.1922],[-37.359,-5.1932],[-37.3586,-5.1961],[-37.3579,-5.2006]]]}},{"type":"Feature","properties":{"c":"b89","b":89,"n":"Alagados","m":"2408003","cx":-37.3509,"cy":-5.2143},"geometry":{"type":"Polygon","coordinates":[[[-37.3449,-5.2131],[-37.3447,-5.2136],[-37.345,-5.2151],[-37.3461,-5.2164],[-37.3473,-5.2158],[-37.3472,-5.2166],[-37.3462,-5.2173],[-37.348,-5.2184],[-37.3483,-5.2188],[-37.3487,-5.2203],[-37.3494,-5.2214],[-37.3508,-5.2231],[-37.351,-5.2248],[-37.3558,-5.2242],[-37.3578,-5.2236],[-37.3593,-5.2226],[-37.3625,-5.2202],[-37.3631,-5.2197],[-37.3615,-5.2189],[-37.3611,-5.2182],[-37.36,-5.2174],[-37.3578,-5.2153],[-37.3562,-5.2134],[-37.3548,-5.2112],[-37.354,-5.2101],[-37.3534,-5.2097],[-37.3529,-5.2085],[-37.3509,-5.207],[-37.3492,-5.2053],[-37.3479,-5.2048],[-37.3473,-5.205],[-37.3447,-5.206],[-37.343,-5.2064],[-37.3421,-5.2062],[-37.3398,-5.2047],[-37.3397,-5.2053],[-37.3398,-5.2073],[-37.3402,-5.2082],[-37.3408,-5.2079],[-37.341,-5.2082],[-37.3437,-5.211],[-37.3449,-5.2131]]]}},{"type":"Feature","properties":{"c":"b90","b":90,"n":"Alto da Conceição","m":"2408003","cx":-37.348,"cy":-5.2003},"geometry":{"type":"Polygon","coordinates":[[[-37.3492,-5.2053],[-37.3509,-5.207],[-37.3513,-5.2069],[-37.3528,-5.206],[-37.3536,-5.2054],[-37.3543,-5.2045],[-37.3543,-5.2041],[-37.3534,-5.2018],[-37.3534,-5.2014],[-37.3531,-5.2009],[-37.3527,-5.1996],[-37.353,-5.1993],[-37.3499,-5.1955],[-37.349,-5.1943],[-37.3485,-5.1946],[-37.348,-5.1939],[-37.3437,-5.1965],[-37.3438,-5.1973],[-37.343,-5.1983],[-37.3428,-5.1989],[-37.3428,-5.1998],[-37.3434,-5.2007],[-37.345,-5.2021],[-37.346,-5.2038],[-37.3468,-5.2044],[-37.3479,-5.2048],[-37.3492,-5.2053]]]}},{"type":"Feature","properties":{"c":"b91","b":91,"n":"Alto de São Manoel","m":"2408003","cx":-37.3333,"cy":-5.2126},"geometry":{"type":"Polygon","coordinates":[[[-37.341,-5.2082],[-37.3408,-5.2079],[-37.3402,-5.2082],[-37.3398,-5.2073],[-37.3397,-5.2053],[-37.3398,-5.2047],[-37.3382,-5.2037],[-37.3327,-5.2008],[-37.3308,-5.2024],[-37.3294,-5.2039],[-37.3281,-5.2051],[-37.3305,-5.2069],[-37.3298,-5.2096],[-37.3292,-5.2096],[-37.3288,-5.2102],[-37.3293,-5.2106],[-37.3263,-5.2142],[-37.3257,-5.2137],[-37.3252,-5.2143],[-37.3254,-5.2145],[-37.3244,-5.2154],[-37.3246,-5.2156],[-37.328,-5.2183],[-37.3283,-5.2185],[-37.3272,-5.2203],[-37.325,-5.2239],[-37.3253,-5.2237],[-37.3311,-5.2201],[-37.332,-5.2195],[-37.3321,-5.2197],[-37.3365,-5.2166],[-37.3354,-5.2151],[-37.3396,-5.2121],[-37.3406,-5.2131],[-37.3437,-5.211],[-37.341,-5.2082]]]}},{"type":"Feature","properties":{"c":"b92","b":92,"n":"Alto do Sumaré","m":"2408003","cx":-37.3355,"cy":-5.2382},"geometry":{"type":"Polygon","coordinates":[[[-37.3561,-5.2444],[-37.3558,-5.2423],[-37.3537,-5.2368],[-37.3533,-5.2355],[-37.3511,-5.2294],[-37.3509,-5.2284],[-37.351,-5.2277],[-37.351,-5.2248],[-37.3441,-5.2257],[-37.3435,-5.2257],[-37.3305,-5.226],[-37.3273,-5.226],[-37.3259,-5.2259],[-37.3252,-5.2253],[-37.325,-5.2247],[-37.325,-5.2239],[-37.3229,-5.2271],[-37.3211,-5.2304],[-37.3207,-5.2309],[-37.3159,-5.2397],[-37.3114,-5.2477],[-37.3182,-5.2529],[-37.3202,-5.2493],[-37.3209,-5.2508],[-37.3318,-5.2457],[-37.3318,-5.2504],[-37.3559,-5.2504],[-37.3561,-5.2444]]]}},{"type":"Feature","properties":{"c":"b93","b":93,"n":"Barrocas","m":"2408003","cx":-37.328,"cy":-5.163},"geometry":{"type":"Polygon","coordinates":[[[-37.335,-5.1759],[-37.337,-5.1747],[-37.3397,-5.1728],[-37.3381,-5.17],[-37.3385,-5.1698],[-37.3373,-5.1678],[-37.3359,-5.1644],[-37.3346,-5.1617],[-37.336,-5.1609],[-37.3414,-5.1573],[-37.3414,-5.1557],[-37.3415,-5.1527],[-37.3412,-5.1494],[-37.3254,-5.1599],[-37.3173,-5.1654],[-37.3161,-5.1662],[-37.3183,-5.167],[-37.3203,-5.1685],[-37.3209,-5.1694],[-37.3216,-5.171],[-37.3232,-5.1734],[-37.3244,-5.1742],[-37.3254,-5.1744],[-37.3273,-5.1751],[-37.3289,-5.1766],[-37.3297,-5.1778],[-37.3298,-5.1787],[-37.3318,-5.1781],[-37.3335,-5.177],[-37.335,-5.1759]]]}},{"type":"Feature","properties":{"c":"b94","b":94,"n":"Belo Horizonte","m":"2408003","cx":-37.3573,"cy":-5.2104},"geometry":{"type":"Polygon","coordinates":[[[-37.3534,-5.2018],[-37.3543,-5.2041],[-37.3543,-5.2045],[-37.3536,-5.2054],[-37.3528,-5.206],[-37.3513,-5.2069],[-37.3509,-5.207],[-37.3529,-5.2085],[-37.3534,-5.2097],[-37.354,-5.2101],[-37.3548,-5.2112],[-37.3562,-5.2134],[-37.3578,-5.2153],[-37.36,-5.2174],[-37.3611,-5.2182],[-37.3615,-5.2189],[-37.3631,-5.2197],[-37.3648,-5.2184],[-37.3696,-5.2148],[-37.3671,-5.2106],[-37.3669,-5.2102],[-37.3655,-5.2109],[-37.3652,-5.2108],[-37.3616,-5.2121],[-37.3572,-5.2058],[-37.3549,-5.2024],[-37.3534,-5.2014],[-37.3534,-5.2018]]]}},{"type":"Feature","properties":{"c":"b95","b":95,"n":"Boa Vista","m":"2408003","cx":-37.3547,"cy":-5.1951},"geometry":{"type":"Polygon","coordinates":[[[-37.359,-5.1932],[-37.3585,-5.1922],[-37.3594,-5.1914],[-37.356,-5.191],[-37.3564,-5.1925],[-37.3545,-5.1928],[-37.3537,-5.1931],[-37.3513,-5.1947],[-37.3499,-5.1955],[-37.353,-5.1993],[-37.3578,-5.1964],[-37.3586,-5.1961],[-37.359,-5.1932]]]}},{"type":"Feature","properties":{"c":"b96","b":96,"n":"Bom Jardim","m":"2408003","cx":-37.3385,"cy":-5.18},"geometry":{"type":"Polygon","coordinates":[[[-37.3348,-5.1792],[-37.3401,-5.188],[-37.3417,-5.187],[-37.3428,-5.1888],[-37.3453,-5.1872],[-37.3417,-5.1812],[-37.3415,-5.1809],[-37.3419,-5.1778],[-37.3421,-5.1766],[-37.3419,-5.1764],[-37.3397,-5.1728],[-37.337,-5.1747],[-37.335,-5.1759],[-37.3335,-5.177],[-37.3348,-5.1792]]]}},{"type":"Feature","properties":{"c":"b97","b":97,"n":"Bom Jesus","m":"2408003","cx":-37.3632,"cy":-5.2325},"geometry":{"type":"Polygon","coordinates":[[[-37.351,-5.2277],[-37.3509,-5.2284],[-37.3511,-5.2294],[-37.3533,-5.2355],[-37.3537,-5.2368],[-37.3558,-5.2423],[-37.3561,-5.2444],[-37.3559,-5.2504],[-37.3638,-5.2505],[-37.3635,-5.2526],[-37.3799,-5.2451],[-37.3768,-5.2382],[-37.3728,-5.2295],[-37.3718,-5.2287],[-37.3696,-5.228],[-37.369,-5.2276],[-37.3683,-5.2262],[-37.3676,-5.2245],[-37.3653,-5.2193],[-37.3648,-5.2184],[-37.3631,-5.2197],[-37.3625,-5.2202],[-37.3593,-5.2226],[-37.3578,-5.2236],[-37.3558,-5.2242],[-37.351,-5.2248],[-37.351,-5.2277]]]}},{"type":"Feature","properties":{"c":"b98","b":98,"n":"Centro","m":"2408003","cx":-37.3414,"cy":-5.1915},"geometry":{"type":"Polygon","coordinates":[[[-37.348,-5.1939],[-37.349,-5.1932],[-37.3461,-5.1886],[-37.3453,-5.1872],[-37.3428,-5.1888],[-37.3417,-5.187],[-37.3401,-5.188],[-37.3373,-5.1898],[-37.3307,-5.1943],[-37.3289,-5.1959],[-37.3304,-5.1963],[-37.333,-5.1967],[-37.3349,-5.1972],[-37.3367,-5.1972],[-37.3378,-5.1968],[-37.3404,-5.1952],[-37.3414,-5.195],[-37.3429,-5.1956],[-37.3437,-5.1965],[-37.348,-5.1939]]]}},{"type":"Feature","properties":{"c":"b99","b":99,"n":"Dix-Sept Rosado","m":"2408003","cx":-37.3869,"cy":-5.1959},"geometry":{"type":"Polygon","coordinates":[[[-37.3724,-5.2151],[-37.3906,-5.2005],[-37.3951,-5.1964],[-37.3956,-5.1956],[-37.3939,-5.1836],[-37.3884,-5.1767],[-37.3849,-5.1789],[-37.379,-5.1814],[-37.3769,-5.1827],[-37.3756,-5.1832],[-37.3706,-5.1842],[-37.3726,-5.1864],[-37.3735,-5.1876],[-37.3739,-5.1882],[-37.3755,-5.1903],[-37.3765,-5.1913],[-37.3774,-5.1925],[-37.3781,-5.1938],[-37.3784,-5.1951],[-37.3785,-5.1962],[-37.3785,-5.1972],[-37.3783,-5.1986],[-37.3772,-5.2021],[-37.3763,-5.2044],[-37.3744,-5.2101],[-37.3741,-5.2107],[-37.3723,-5.2128],[-37.3696,-5.2148],[-37.3724,-5.2151]]]}},{"type":"Feature","properties":{"c":"b100","b":100,"n":"Dom Jaime Câmara","m":"2408003","cx":-37.3102,"cy":-5.2324},"geometry":{"type":"Polygon","coordinates":[[[-37.3272,-5.2203],[-37.3283,-5.2185],[-37.328,-5.2183],[-37.3246,-5.2156],[-37.3233,-5.2164],[-37.3194,-5.2192],[-37.3031,-5.2305],[-37.2984,-5.234],[-37.3053,-5.2408],[-37.3114,-5.2477],[-37.3159,-5.2397],[-37.3207,-5.2309],[-37.3211,-5.2304],[-37.3229,-5.2271],[-37.325,-5.2239],[-37.3272,-5.2203]]]}},{"type":"Feature","properties":{"c":"b101","b":101,"n":"Doze Anos","m":"2408003","cx":-37.3517,"cy":-5.1906},"geometry":{"type":"Polygon","coordinates":[[[-37.3559,-5.1903],[-37.355,-5.189],[-37.352,-5.1851],[-37.3461,-5.1886],[-37.349,-5.1932],[-37.348,-5.1939],[-37.3485,-5.1946],[-37.349,-5.1943],[-37.3499,-5.1955],[-37.3513,-5.1947],[-37.3537,-5.1931],[-37.3545,-5.1928],[-37.3564,-5.1925],[-37.356,-5.191],[-37.3559,-5.1903]]]}},{"type":"Feature","properties":{"c":"b102","b":102,"n":"Ilha de Santa Luzia","m":"2408003","cx":-37.3373,"cy":-5.2003},"geometry":{"type":"Polygon","coordinates":[[[-37.3421,-5.2062],[-37.343,-5.2064],[-37.3447,-5.206],[-37.3473,-5.205],[-37.3479,-5.2048],[-37.3468,-5.2044],[-37.346,-5.2038],[-37.345,-5.2021],[-37.3434,-5.2007],[-37.3428,-5.1998],[-37.3428,-5.1989],[-37.343,-5.1983],[-37.3438,-5.1973],[-37.3437,-5.1965],[-37.3429,-5.1956],[-37.3414,-5.195],[-37.3404,-5.1952],[-37.3378,-5.1968],[-37.3367,-5.1972],[-37.3349,-5.1972],[-37.333,-5.1967],[-37.3304,-5.1963],[-37.3289,-5.1959],[-37.3261,-5.1947],[-37.3252,-5.1941],[-37.3253,-5.1947],[-37.3263,-5.197],[-37.3271,-5.1979],[-37.3277,-5.1983],[-37.3327,-5.2008],[-37.3382,-5.2037],[-37.3398,-5.2047],[-37.3421,-5.2062]]]}},{"type":"Feature","properties":{"c":"b103","b":103,"n":"Itapetinga","m":"2408003","cx":-37.3769,"cy":-5.2219},"geometry":{"type":"Polygon","coordinates":[[[-37.3648,-5.2184],[-37.3653,-5.2193],[-37.3676,-5.2245],[-37.3683,-5.2262],[-37.369,-5.2276],[-37.3696,-5.228],[-37.3718,-5.2287],[-37.3728,-5.2295],[-37.3768,-5.2382],[-37.3799,-5.2451],[-37.3956,-5.1956],[-37.3951,-5.1964],[-37.3906,-5.2005],[-37.3724,-5.2151],[-37.3696,-5.2148],[-37.3648,-5.2184]]]}},{"type":"Feature","properties":{"c":"b104","b":104,"n":"Lagoa do Mato","m":"2408003","cx":-37.3601,"cy":-5.2041},"geometry":{"type":"Polygon","coordinates":[[[-37.3578,-5.1964],[-37.353,-5.1993],[-37.3527,-5.1996],[-37.3531,-5.2009],[-37.3534,-5.2014],[-37.3549,-5.2024],[-37.3572,-5.2058],[-37.3616,-5.2121],[-37.3652,-5.2108],[-37.3655,-5.2109],[-37.3669,-5.2102],[-37.3662,-5.2084],[-37.3628,-5.2012],[-37.3579,-5.2006],[-37.3586,-5.1961],[-37.3578,-5.1964]]]}},{"type":"Feature","properties":{"c":"b105","b":105,"n":"Nova Betânia","m":"2408003","cx":-37.3728,"cy":-5.1693},"geometry":{"type":"Polygon","coordinates":[[[-37.3756,-5.1832],[-37.3769,-5.1827],[-37.379,-5.1814],[-37.3849,-5.1789],[-37.3884,-5.1767],[-37.3861,-5.1738],[-37.3806,-5.1669],[-37.3812,-5.1662],[-37.3825,-5.166],[-37.383,-5.1647],[-37.3851,-5.1596],[-37.3852,-5.1585],[-37.386,-5.157],[-37.3858,-5.1564],[-37.3844,-5.1545],[-37.3837,-5.1536],[-37.3836,-5.1533],[-37.383,-5.1524],[-37.3817,-5.1513],[-37.3809,-5.1507],[-37.3779,-5.1538],[-37.3673,-5.165],[-37.3657,-5.1665],[-37.3608,-5.1717],[-37.36,-5.1725],[-37.3548,-5.178],[-37.3522,-5.1808],[-37.3501,-5.1829],[-37.352,-5.1851],[-37.355,-5.189],[-37.3559,-5.1903],[-37.357,-5.1899],[-37.3608,-5.1874],[-37.3631,-5.1858],[-37.3633,-5.1861],[-37.3662,-5.1847],[-37.3667,-5.1853],[-37.368,-5.1847],[-37.3706,-5.1841],[-37.3706,-5.1842],[-37.3756,-5.1832]]]}},{"type":"Feature","properties":{"c":"b106","b":106,"n":"Paredões","m":"2408003","cx":-37.3334,"cy":-5.1866},"geometry":{"type":"Polygon","coordinates":[[[-37.3348,-5.1792],[-37.3335,-5.177],[-37.3318,-5.1781],[-37.3298,-5.1787],[-37.3296,-5.1803],[-37.3296,-5.1807],[-37.3301,-5.1813],[-37.3312,-5.1819],[-37.3316,-5.1828],[-37.3314,-5.1843],[-37.3309,-5.1852],[-37.3296,-5.1859],[-37.3285,-5.186],[-37.3277,-5.1863],[-37.3272,-5.187],[-37.3264,-5.1888],[-37.3248,-5.1901],[-37.3244,-5.191],[-37.3243,-5.1921],[-37.3245,-5.193],[-37.3252,-5.1941],[-37.3261,-5.1947],[-37.3289,-5.1959],[-37.3307,-5.1943],[-37.3373,-5.1898],[-37.3401,-5.188],[-37.3348,-5.1792]]]}},{"type":"Feature","properties":{"c":"b107","b":107,"n":"Pintos","m":"2408003","cx":-37.3209,"cy":-5.1835},"geometry":{"type":"Polygon","coordinates":[[[-37.3182,-5.1977],[-37.3215,-5.2001],[-37.3251,-5.1978],[-37.3263,-5.1987],[-37.3271,-5.1979],[-37.3263,-5.197],[-37.3253,-5.1947],[-37.3252,-5.1941],[-37.3245,-5.193],[-37.3243,-5.1921],[-37.3244,-5.191],[-37.3248,-5.1901],[-37.3264,-5.1888],[-37.3272,-5.187],[-37.3277,-5.1863],[-37.3285,-5.186],[-37.3296,-5.1859],[-37.3309,-5.1852],[-37.3314,-5.1843],[-37.3316,-5.1828],[-37.3312,-5.1819],[-37.3301,-5.1813],[-37.3296,-5.1807],[-37.3296,-5.1803],[-37.3298,-5.1787],[-37.3297,-5.1778],[-37.3289,-5.1766],[-37.3273,-5.1751],[-37.3254,-5.1744],[-37.3244,-5.1742],[-37.3232,-5.1734],[-37.3216,-5.171],[-37.3209,-5.1694],[-37.3203,-5.1685],[-37.3183,-5.167],[-37.3161,-5.1662],[-37.3152,-5.1662],[-37.3116,-5.1702],[-37.3038,-5.1755],[-37.3108,-5.1842],[-37.3053,-5.1881],[-37.3074,-5.1897],[-37.3122,-5.1933],[-37.3126,-5.1936],[-37.3161,-5.1962],[-37.3182,-5.1977]]]}},{"type":"Feature","properties":{"c":"b108","b":108,"n":"Planalto Treze de Maio","m":"2408003","cx":-37.3409,"cy":-5.2186},"geometry":{"type":"Polygon","coordinates":[[[-37.3508,-5.2231],[-37.3494,-5.2214],[-37.3487,-5.2203],[-37.3483,-5.2188],[-37.348,-5.2184],[-37.3462,-5.2173],[-37.3472,-5.2166],[-37.3473,-5.2158],[-37.3461,-5.2164],[-37.345,-5.2151],[-37.3447,-5.2136],[-37.3449,-5.2131],[-37.3437,-5.211],[-37.3406,-5.2131],[-37.3396,-5.2121],[-37.3354,-5.2151],[-37.3365,-5.2166],[-37.3321,-5.2197],[-37.332,-5.2195],[-37.3311,-5.2201],[-37.3253,-5.2237],[-37.325,-5.2239],[-37.325,-5.2247],[-37.3252,-5.2253],[-37.3259,-5.2259],[-37.3273,-5.226],[-37.3305,-5.226],[-37.3435,-5.2257],[-37.3441,-5.2257],[-37.351,-5.2248],[-37.3508,-5.2231]]]}},{"type":"Feature","properties":{"c":"b109","b":109,"n":"Presidente Costa e Silva","m":"2408003","cx":-37.3102,"cy":-5.2148},"geometry":{"type":"Polygon","coordinates":[[[-37.3244,-5.2154],[-37.3254,-5.2145],[-37.3252,-5.2143],[-37.3257,-5.2137],[-37.3263,-5.2142],[-37.3293,-5.2106],[-37.3288,-5.2102],[-37.3292,-5.2096],[-37.3298,-5.2096],[-37.3305,-5.2069],[-37.3281,-5.2051],[-37.3294,-5.2039],[-37.3308,-5.2024],[-37.3327,-5.2008],[-37.3277,-5.1983],[-37.3271,-5.1979],[-37.3263,-5.1987],[-37.3251,-5.1978],[-37.3215,-5.2001],[-37.3182,-5.1977],[-37.3161,-5.1962],[-37.3155,-5.1969],[-37.3152,-5.1967],[-37.3147,-5.1976],[-37.315,-5.1983],[-37.3137,-5.1995],[-37.314,-5.2],[-37.3122,-5.2012],[-37.3122,-5.2011],[-37.3059,-5.2054],[-37.3059,-5.2056],[-37.3044,-5.2066],[-37.3012,-5.2088],[-37.2994,-5.2099],[-37.2974,-5.2114],[-37.2985,-5.2128],[-37.2949,-5.2152],[-37.2865,-5.2213],[-37.2889,-5.2265],[-37.2901,-5.2262],[-37.2984,-5.234],[-37.3031,-5.2305],[-37.3194,-5.2192],[-37.3233,-5.2164],[-37.3246,-5.2156],[-37.3244,-5.2154]]]}},{"type":"Feature","properties":{"c":"b110","b":110,"n":"Redenção","m":"2408003","cx":-37.336,"cy":-5.1478},"geometry":{"type":"Polygon","coordinates":[[[-37.3568,-5.1322],[-37.3484,-5.1346],[-37.3474,-5.1356],[-37.3453,-5.136],[-37.3454,-5.1367],[-37.3346,-5.1437],[-37.327,-5.1488],[-37.3237,-5.151],[-37.3219,-5.152],[-37.3128,-5.158],[-37.3124,-5.158],[-37.3143,-5.1602],[-37.3142,-5.161],[-37.3171,-5.1652],[-37.3173,-5.1654],[-37.3254,-5.1599],[-37.3412,-5.1494],[-37.3451,-5.1468],[-37.3472,-5.1453],[-37.347,-5.1442],[-37.3507,-5.1419],[-37.3537,-5.1399],[-37.3537,-5.1395],[-37.3546,-5.1394],[-37.3545,-5.1389],[-37.358,-5.1393],[-37.3576,-5.1362],[-37.3568,-5.1322]]]}},{"type":"Feature","properties":{"c":"b111","b":111,"n":"Rincão","m":"2408003","cx":-37.2959,"cy":-5.2033},"geometry":{"type":"Polygon","coordinates":[[[-37.3126,-5.1936],[-37.3122,-5.1933],[-37.3074,-5.1897],[-37.3053,-5.1881],[-37.273,-5.21],[-37.2827,-5.2192],[-37.2858,-5.2199],[-37.2865,-5.2213],[-37.2949,-5.2152],[-37.2985,-5.2128],[-37.2974,-5.2114],[-37.2994,-5.2099],[-37.3012,-5.2088],[-37.3044,-5.2066],[-37.3059,-5.2056],[-37.3059,-5.2054],[-37.3122,-5.2011],[-37.3122,-5.2012],[-37.314,-5.2],[-37.3137,-5.1995],[-37.315,-5.1983],[-37.3147,-5.1976],[-37.3152,-5.1967],[-37.3155,-5.1969],[-37.3161,-5.1962],[-37.3126,-5.1936]]]}},{"type":"Feature","properties":{"c":"b112","b":112,"n":"Santa Delmira","m":"2408003","cx":-37.359,"cy":-5.1447},"geometry":{"type":"Polygon","coordinates":[[[-37.3619,-5.1327],[-37.3598,-5.1353],[-37.3576,-5.1362],[-37.358,-5.1393],[-37.3545,-5.1389],[-37.3546,-5.1394],[-37.3537,-5.1395],[-37.3537,-5.1399],[-37.3507,-5.1419],[-37.347,-5.1442],[-37.3472,-5.1453],[-37.348,-5.1486],[-37.3482,-5.1498],[-37.3495,-5.156],[-37.352,-5.1544],[-37.3525,-5.1544],[-37.3536,-5.1547],[-37.3544,-5.1543],[-37.3549,-5.1552],[-37.3557,-5.1546],[-37.3566,-5.1559],[-37.358,-5.1553],[-37.3597,-5.154],[-37.3609,-5.1528],[-37.362,-5.1519],[-37.3642,-5.1487],[-37.3639,-5.1485],[-37.3644,-5.1478],[-37.3647,-5.148],[-37.3651,-5.1474],[-37.3658,-5.1482],[-37.3673,-5.1487],[-37.3683,-5.1493],[-37.3689,-5.1483],[-37.3727,-5.1414],[-37.3619,-5.1327]]]}},{"type":"Feature","properties":{"c":"b113","b":113,"n":"Santo Antônio","m":"2408003","cx":-37.3436,"cy":-5.1673},"geometry":{"type":"Polygon","coordinates":[[[-37.3419,-5.1764],[-37.3421,-5.1766],[-37.3419,-5.1778],[-37.3415,-5.1809],[-37.3417,-5.1812],[-37.3453,-5.1872],[-37.3461,-5.1886],[-37.352,-5.1851],[-37.3501,-5.1829],[-37.3481,-5.1803],[-37.3452,-5.1757],[-37.3483,-5.1705],[-37.3488,-5.1694],[-37.3505,-5.1668],[-37.3509,-5.1654],[-37.3511,-5.1631],[-37.3505,-5.1606],[-37.35,-5.1574],[-37.3495,-5.156],[-37.3482,-5.1498],[-37.348,-5.1486],[-37.3472,-5.1453],[-37.3451,-5.1468],[-37.3412,-5.1494],[-37.3415,-5.1527],[-37.3414,-5.1557],[-37.3414,-5.1573],[-37.336,-5.1609],[-37.3346,-5.1617],[-37.3359,-5.1644],[-37.3373,-5.1678],[-37.3385,-5.1698],[-37.3381,-5.17],[-37.3397,-5.1728],[-37.3419,-5.1764]]]}},{"type":"Feature","properties":{"c":"b114","b":114,"n":"Alecrim","m":"2408102","cx":-35.2191,"cy":-5.7975},"geometry":{"type":"Polygon","coordinates":[[[-35.2215,-5.8069],[-35.225,-5.8056],[-35.228,-5.8045],[-35.2256,-5.8027],[-35.2253,-5.802],[-35.2259,-5.8009],[-35.2259,-5.8],[-35.2252,-5.7989],[-35.2253,-5.7985],[-35.226,-5.7966],[-35.2259,-5.7962],[-35.2253,-5.7958],[-35.2242,-5.7954],[-35.2237,-5.7948],[-35.2232,-5.7936],[-35.224,-5.7934],[-35.2255,-5.7898],[-35.2265,-5.7877],[-35.2183,-5.7855],[-35.2172,-5.785],[-35.215,-5.7868],[-35.2142,-5.7876],[-35.2126,-5.7887],[-35.2119,-5.7889],[-35.2116,-5.7894],[-35.2089,-5.7912],[-35.2094,-5.7916],[-35.21,-5.7928],[-35.2117,-5.796],[-35.2131,-5.7986],[-35.2122,-5.8005],[-35.2119,-5.8009],[-35.2128,-5.8038],[-35.2148,-5.8093],[-35.219,-5.8077],[-35.2215,-5.8069]]]}},{"type":"Feature","properties":{"c":"b115","b":115,"n":"Areia Preta","m":"2408102","cx":-35.1892,"cy":-5.7884},"geometry":{"type":"Polygon","coordinates":[[[-35.1923,-5.7872],[-35.194,-5.7856],[-35.1949,-5.785],[-35.1954,-5.7844],[-35.1935,-5.7834],[-35.1931,-5.7838],[-35.1918,-5.7842],[-35.1913,-5.7838],[-35.1894,-5.7841],[-35.1897,-5.7849],[-35.1895,-5.7859],[-35.1889,-5.7872],[-35.1883,-5.7875],[-35.1879,-5.7887],[-35.1871,-5.7902],[-35.1866,-5.7907],[-35.1857,-5.7908],[-35.1848,-5.7923],[-35.1856,-5.793],[-35.1863,-5.7935],[-35.1882,-5.7917],[-35.1906,-5.7881],[-35.1916,-5.7875],[-35.1923,-5.7872]]]}},{"type":"Feature","properties":{"c":"b116","b":116,"n":"Barro Vermelho","m":"2408102","cx":-35.2078,"cy":-5.7994},"geometry":{"type":"Polygon","coordinates":[[[-35.2122,-5.8005],[-35.2131,-5.7986],[-35.2117,-5.796],[-35.21,-5.7928],[-35.2094,-5.7916],[-35.2089,-5.7912],[-35.2078,-5.7925],[-35.207,-5.7932],[-35.2077,-5.7964],[-35.2025,-5.7984],[-35.2032,-5.8004],[-35.2038,-5.8001],[-35.2046,-5.8023],[-35.206,-5.8062],[-35.2061,-5.8063],[-35.2079,-5.8055],[-35.2086,-5.8049],[-35.2108,-5.8023],[-35.2119,-5.8009],[-35.2122,-5.8005]]]}},{"type":"Feature","properties":{"c":"b117","b":117,"n":"Bom Pastor","m":"2408102","cx":-35.2469,"cy":-5.8076},"geometry":{"type":"Polygon","coordinates":[[[-35.2612,-5.81],[-35.2585,-5.8084],[-35.2555,-5.805],[-35.2539,-5.8022],[-35.2531,-5.7994],[-35.2523,-5.7982],[-35.2521,-5.797],[-35.2469,-5.8007],[-35.2438,-5.8027],[-35.2422,-5.8047],[-35.241,-5.8059],[-35.2391,-5.8047],[-35.2356,-5.808],[-35.2326,-5.8057],[-35.2308,-5.8064],[-35.2318,-5.8072],[-35.2335,-5.809],[-35.2349,-5.8109],[-35.24,-5.8187],[-35.2485,-5.8155],[-35.2512,-5.8145],[-35.263,-5.8105],[-35.2612,-5.81]]]}},{"type":"Feature","properties":{"c":"b118","b":118,"n":"Candelária","m":"2408102","cx":-35.2163,"cy":-5.8463},"geometry":{"type":"Polygon","coordinates":[[[-35.2089,-5.8443],[-35.2084,-5.8459],[-35.2083,-5.8467],[-35.2085,-5.8482],[-35.2086,-5.8482],[-35.2094,-5.8502],[-35.2111,-5.8539],[-35.2116,-5.8548],[-35.2126,-5.8571],[-35.2126,-5.8573],[-35.2136,-5.8596],[-35.2149,-5.8622],[-35.2158,-5.8641],[-35.22,-5.8616],[-35.2231,-5.8597],[-35.2281,-5.8566],[-35.2287,-5.8562],[-35.228,-5.8561],[-35.2269,-5.8554],[-35.2265,-5.8545],[-35.2264,-5.8539],[-35.2267,-5.8527],[-35.2266,-5.8517],[-35.2262,-5.8505],[-35.2249,-5.8475],[-35.2229,-5.8432],[-35.2225,-5.8426],[-35.2218,-5.842],[-35.2298,-5.8368],[-35.2302,-5.8374],[-35.2315,-5.8366],[-35.2324,-5.8383],[-35.2331,-5.8378],[-35.2309,-5.8339],[-35.2303,-5.8327],[-35.23,-5.8329],[-35.227,-5.8282],[-35.2268,-5.8278],[-35.2257,-5.8282],[-35.2229,-5.8295],[-35.2175,-5.8318],[-35.2122,-5.834],[-35.2119,-5.8356],[-35.2111,-5.8386],[-35.21,-5.8419],[-35.2089,-5.8443]]]}},{"type":"Feature","properties":{"c":"b119","b":119,"n":"Capim Macio","m":"2408102","cx":-35.2014,"cy":-5.8571},"geometry":{"type":"Polygon","coordinates":[[[-35.2008,-5.866],[-35.2049,-5.863],[-35.205,-5.8629],[-35.2056,-5.8608],[-35.2057,-5.8595],[-35.2058,-5.8556],[-35.2098,-5.8544],[-35.2111,-5.8539],[-35.2094,-5.8502],[-35.2086,-5.8482],[-35.2085,-5.8482],[-35.2083,-5.8467],[-35.2084,-5.8459],[-35.2089,-5.8443],[-35.21,-5.8419],[-35.2081,-5.8408],[-35.2051,-5.8389],[-35.2028,-5.8432],[-35.2024,-5.8435],[-35.1967,-5.8441],[-35.1957,-5.8437],[-35.1959,-5.8443],[-35.1969,-5.8468],[-35.2002,-5.8548],[-35.1951,-5.8587],[-35.1883,-5.864],[-35.1865,-5.8652],[-35.1846,-5.8661],[-35.1852,-5.8668],[-35.191,-5.8744],[-35.1917,-5.8737],[-35.1916,-5.8735],[-35.1943,-5.8711],[-35.1967,-5.8692],[-35.2008,-5.866]]]}},{"type":"Feature","properties":{"c":"b120","b":120,"n":"Cidade Alta","m":"2408102","cx":-35.2094,"cy":-5.7872},"geometry":{"type":"Polygon","coordinates":[[[-35.2123,-5.7826],[-35.2113,-5.7806],[-35.2084,-5.7816],[-35.2065,-5.7807],[-35.2055,-5.7815],[-35.2026,-5.7832],[-35.2038,-5.7863],[-35.2051,-5.7899],[-35.206,-5.7906],[-35.207,-5.7932],[-35.2078,-5.7925],[-35.2089,-5.7912],[-35.2116,-5.7894],[-35.2119,-5.7889],[-35.2126,-5.7887],[-35.2142,-5.7876],[-35.215,-5.7868],[-35.2172,-5.785],[-35.2123,-5.7826]]]}},{"type":"Feature","properties":{"c":"b121","b":121,"n":"Cidade Nova","m":"2408102","cx":-35.233,"cy":-5.8416},"geometry":{"type":"Polygon","coordinates":[[[-35.2452,-5.8339],[-35.245,-5.8322],[-35.2452,-5.8317],[-35.245,-5.8306],[-35.245,-5.8298],[-35.2446,-5.8268],[-35.2444,-5.826],[-35.2417,-5.8275],[-35.2378,-5.8308],[-35.2369,-5.8315],[-35.2364,-5.8308],[-35.2342,-5.8324],[-35.2309,-5.8339],[-35.2331,-5.8378],[-35.2324,-5.8383],[-35.2315,-5.8366],[-35.2302,-5.8374],[-35.2298,-5.8368],[-35.2218,-5.842],[-35.2225,-5.8426],[-35.2229,-5.8432],[-35.2249,-5.8475],[-35.2262,-5.8505],[-35.2266,-5.8517],[-35.2267,-5.8527],[-35.2264,-5.8539],[-35.2265,-5.8545],[-35.2269,-5.8554],[-35.228,-5.8561],[-35.2287,-5.8562],[-35.2305,-5.8563],[-35.2317,-5.8568],[-35.2326,-5.8562],[-35.2327,-5.8546],[-35.2329,-5.8542],[-35.2333,-5.8545],[-35.2339,-5.8535],[-35.2368,-5.8509],[-35.2364,-5.8506],[-35.2385,-5.8494],[-35.2373,-5.8474],[-35.2415,-5.8436],[-35.2441,-5.8413],[-35.2447,-5.8404],[-35.2455,-5.8387],[-35.2457,-5.8379],[-35.2456,-5.8363],[-35.2452,-5.8339]]]}},{"type":"Feature","properties":{"c":"b122","b":122,"n":"Cidade da Esperança","m":"2408102","cx":-35.2357,"cy":-5.8266},"geometry":{"type":"Polygon","coordinates":[[[-35.2432,-5.8238],[-35.24,-5.8187],[-35.2311,-5.8221],[-35.2268,-5.8236],[-35.2266,-5.8238],[-35.2279,-5.8259],[-35.2283,-5.8272],[-35.2268,-5.8278],[-35.227,-5.8282],[-35.23,-5.8329],[-35.2303,-5.8327],[-35.2309,-5.8339],[-35.2342,-5.8324],[-35.2364,-5.8308],[-35.2369,-5.8315],[-35.2378,-5.8308],[-35.2417,-5.8275],[-35.2444,-5.826],[-35.2432,-5.8238]]]}},{"type":"Feature","properties":{"c":"b123","b":123,"n":"Dix-Sept Rosado","m":"2408102","cx":-35.2282,"cy":-5.8103},"geometry":{"type":"Polygon","coordinates":[[[-35.2335,-5.809],[-35.2318,-5.8072],[-35.2308,-5.8064],[-35.228,-5.8045],[-35.225,-5.8056],[-35.2215,-5.8069],[-35.219,-5.8077],[-35.2218,-5.8097],[-35.2237,-5.8152],[-35.2289,-5.8132],[-35.2314,-5.8123],[-35.2349,-5.8109],[-35.2335,-5.809]]]}},{"type":"Feature","properties":{"c":"b124","b":124,"n":"Filipe Camarão","m":"2408102","cx":-35.2554,"cy":-5.8242},"geometry":{"type":"Polygon","coordinates":[[[-35.248,-5.8354],[-35.2521,-5.834],[-35.2522,-5.8347],[-35.2539,-5.8357],[-35.2544,-5.8358],[-35.2584,-5.8378],[-35.262,-5.8357],[-35.2625,-5.8349],[-35.2657,-5.828],[-35.2665,-5.826],[-35.2675,-5.8243],[-35.2674,-5.8241],[-35.2679,-5.8232],[-35.2683,-5.8222],[-35.2689,-5.8211],[-35.2709,-5.8136],[-35.2669,-5.8116],[-35.2652,-5.8111],[-35.263,-5.8105],[-35.2512,-5.8145],[-35.2485,-5.8155],[-35.24,-5.8187],[-35.2432,-5.8238],[-35.2444,-5.826],[-35.2446,-5.8268],[-35.245,-5.8298],[-35.245,-5.8306],[-35.2452,-5.8317],[-35.245,-5.8322],[-35.2452,-5.8339],[-35.2456,-5.8363],[-35.248,-5.8354]]]}},{"type":"Feature","properties":{"c":"b125","b":125,"n":"Guarapés","m":"2408102","cx":-35.2721,"cy":-5.8343},"geometry":{"type":"Polygon","coordinates":[[[-35.2689,-5.8211],[-35.2683,-5.8222],[-35.2679,-5.8232],[-35.2674,-5.8241],[-35.2675,-5.8243],[-35.2665,-5.826],[-35.2657,-5.828],[-35.2625,-5.8349],[-35.262,-5.8357],[-35.2584,-5.8378],[-35.2544,-5.8358],[-35.2539,-5.8357],[-35.2522,-5.8347],[-35.2521,-5.834],[-35.248,-5.8354],[-35.2456,-5.8363],[-35.2457,-5.8379],[-35.2455,-5.8387],[-35.2503,-5.8411],[-35.2498,-5.8422],[-35.2502,-5.8422],[-35.2509,-5.843],[-35.2517,-5.8417],[-35.255,-5.8434],[-35.2568,-5.8443],[-35.2587,-5.8453],[-35.2637,-5.8478],[-35.2684,-5.8503],[-35.2766,-5.8545],[-35.2784,-5.8542],[-35.2788,-5.8539],[-35.2796,-5.8527],[-35.2809,-5.8517],[-35.282,-5.8506],[-35.2824,-5.8498],[-35.2825,-5.8496],[-35.2827,-5.8455],[-35.2825,-5.8421],[-35.2831,-5.838],[-35.2825,-5.8368],[-35.2807,-5.8365],[-35.2816,-5.8337],[-35.2817,-5.8317],[-35.282,-5.8301],[-35.282,-5.8284],[-35.2818,-5.8254],[-35.2815,-5.822],[-35.2808,-5.8207],[-35.2797,-5.8189],[-35.2784,-5.8183],[-35.2761,-5.8177],[-35.2745,-5.817],[-35.2725,-5.8149],[-35.2709,-5.8136],[-35.2689,-5.8211]]]}},{"type":"Feature","properties":{"c":"b126","b":126,"n":"Igapó","m":"2408102","cx":-35.2575,"cy":-5.7719},"geometry":{"type":"Polygon","coordinates":[[[-35.2669,-5.7708],[-35.2709,-5.7694],[-35.275,-5.7678],[-35.2757,-5.7676],[-35.2774,-5.7669],[-35.2763,-5.7658],[-35.272,-5.7619],[-35.2719,-5.762],[-35.269,-5.763],[-35.2654,-5.7642],[-35.26,-5.766],[-35.2548,-5.7676],[-35.2548,-5.768],[-35.2511,-5.7691],[-35.2513,-5.7704],[-35.2506,-5.773],[-35.2494,-5.7749],[-35.2493,-5.7764],[-35.2484,-5.7797],[-35.2474,-5.7823],[-35.2476,-5.7822],[-35.2488,-5.7789],[-35.249,-5.7782],[-35.2499,-5.7773],[-35.2515,-5.7766],[-35.2612,-5.773],[-35.2669,-5.7708]]]}},{"type":"Feature","properties":{"c":"b127","b":127,"n":"Lagoa Azul","m":"2408102","cx":-35.2636,"cy":-5.7256},"geometry":{"type":"Polygon","coordinates":[[[-35.2524,-5.736],[-35.2571,-5.741],[-35.261,-5.7449],[-35.2598,-5.7463],[-35.2603,-5.7468],[-35.2633,-5.7464],[-35.2651,-5.7454],[-35.2658,-5.7448],[-35.2668,-5.7432],[-35.2676,-5.7413],[-35.2729,-5.7344],[-35.2734,-5.7333],[-35.2737,-5.732],[-35.2746,-5.7304],[-35.276,-5.7291],[-35.2785,-5.7271],[-35.279,-5.7263],[-35.2795,-5.7251],[-35.2798,-5.7236],[-35.2784,-5.7231],[-35.2771,-5.7222],[-35.2765,-5.7217],[-35.2752,-5.7196],[-35.2733,-5.7156],[-35.2724,-5.7141],[-35.271,-5.7123],[-35.269,-5.7099],[-35.2679,-5.7085],[-35.2671,-5.7072],[-35.2664,-5.7058],[-35.2655,-5.704],[-35.2616,-5.7061],[-35.2604,-5.7072],[-35.2599,-5.7062],[-35.2567,-5.709],[-35.2547,-5.7101],[-35.2528,-5.7099],[-35.252,-5.7101],[-35.2509,-5.7099],[-35.2499,-5.7102],[-35.2469,-5.7121],[-35.2467,-5.7134],[-35.245,-5.715],[-35.2444,-5.7158],[-35.243,-5.7168],[-35.2424,-5.7168],[-35.2417,-5.7161],[-35.2401,-5.716],[-35.239,-5.7151],[-35.2376,-5.7144],[-35.2371,-5.7146],[-35.2349,-5.7171],[-35.2341,-5.7179],[-35.2335,-5.7182],[-35.2331,-5.7187],[-35.2336,-5.7198],[-35.2338,-5.7222],[-35.2341,-5.7238],[-35.2341,-5.7254],[-35.2343,-5.7259],[-35.2351,-5.7272],[-35.2362,-5.7261],[-35.2384,-5.7248],[-35.2403,-5.7238],[-35.2428,-5.7223],[-35.2465,-5.7201],[-35.2475,-5.7243],[-35.249,-5.7296],[-35.2496,-5.7316],[-35.2517,-5.7351],[-35.2524,-5.736]]]}},{"type":"Feature","properties":{"c":"b128","b":128,"n":"Lagoa Nova","m":"2408102","cx":-35.2156,"cy":-5.8255},"geometry":{"type":"Polygon","coordinates":[[[-35.2283,-5.8272],[-35.2279,-5.8259],[-35.2266,-5.8238],[-35.2268,-5.8236],[-35.2246,-5.8175],[-35.2237,-5.8152],[-35.2218,-5.8097],[-35.219,-5.8077],[-35.2148,-5.8093],[-35.2099,-5.8111],[-35.208,-5.8118],[-35.2051,-5.8129],[-35.205,-5.8127],[-35.1995,-5.8148],[-35.2007,-5.8182],[-35.2034,-5.8252],[-35.2044,-5.828],[-35.2017,-5.8291],[-35.203,-5.8326],[-35.2014,-5.8338],[-35.1973,-5.837],[-35.1958,-5.839],[-35.1952,-5.8401],[-35.195,-5.8408],[-35.1951,-5.8426],[-35.1957,-5.8437],[-35.1967,-5.8441],[-35.2024,-5.8435],[-35.2028,-5.8432],[-35.2051,-5.8389],[-35.2081,-5.8408],[-35.21,-5.8419],[-35.2111,-5.8386],[-35.2119,-5.8356],[-35.2122,-5.834],[-35.2175,-5.8318],[-35.2229,-5.8295],[-35.2257,-5.8282],[-35.2268,-5.8278],[-35.2283,-5.8272]]]}},{"type":"Feature","properties":{"c":"b129","b":129,"n":"Lagoa Seca","m":"2408102","cx":-35.2104,"cy":-5.8078},"geometry":{"type":"Polygon","coordinates":[[[-35.208,-5.8118],[-35.2099,-5.8111],[-35.2148,-5.8093],[-35.2128,-5.8038],[-35.2119,-5.8009],[-35.2108,-5.8023],[-35.2086,-5.8049],[-35.2079,-5.8055],[-35.2061,-5.8063],[-35.208,-5.8118]]]}},{"type":"Feature","properties":{"c":"b130","b":130,"n":"Mãe Luíza","m":"2408102","cx":-35.1875,"cy":-5.7944},"geometry":{"type":"Polygon","coordinates":[[[-35.1937,-5.7889],[-35.1931,-5.7872],[-35.1922,-5.7875],[-35.1916,-5.7875],[-35.1906,-5.7881],[-35.1882,-5.7917],[-35.1863,-5.7935],[-35.1856,-5.793],[-35.1844,-5.7942],[-35.1841,-5.7947],[-35.1835,-5.7963],[-35.183,-5.7973],[-35.1827,-5.7982],[-35.1826,-5.8017],[-35.183,-5.8012],[-35.1835,-5.8011],[-35.1845,-5.8004],[-35.1858,-5.799],[-35.1876,-5.7973],[-35.1897,-5.7958],[-35.1907,-5.7947],[-35.1911,-5.7939],[-35.1919,-5.7931],[-35.1926,-5.7931],[-35.1931,-5.7928],[-35.193,-5.7921],[-35.194,-5.7906],[-35.1936,-5.7901],[-35.1935,-5.789],[-35.1937,-5.7889]]]}},{"type":"Feature","properties":{"c":"b131","b":131,"n":"Neópolis","m":"2408102","cx":-35.2082,"cy":-5.8673},"geometry":{"type":"Polygon","coordinates":[[[-35.2158,-5.8641],[-35.2149,-5.8622],[-35.2136,-5.8596],[-35.2126,-5.8573],[-35.2126,-5.8571],[-35.2116,-5.8548],[-35.2111,-5.8539],[-35.2098,-5.8544],[-35.2058,-5.8556],[-35.2057,-5.8595],[-35.2056,-5.8608],[-35.205,-5.8629],[-35.2049,-5.863],[-35.2008,-5.866],[-35.1967,-5.8692],[-35.198,-5.8706],[-35.1994,-5.8725],[-35.2003,-5.8735],[-35.2009,-5.872],[-35.2013,-5.8717],[-35.2035,-5.8713],[-35.2028,-5.8741],[-35.2008,-5.8816],[-35.2045,-5.8788],[-35.2092,-5.8752],[-35.2095,-5.8758],[-35.2124,-5.8743],[-35.2113,-5.8723],[-35.2122,-5.8722],[-35.2131,-5.8716],[-35.2151,-5.8706],[-35.215,-5.8703],[-35.2179,-5.8686],[-35.2158,-5.8641]]]}},{"type":"Feature","properties":{"c":"b132","b":132,"n":"Nordeste","m":"2408102","cx":-35.2445,"cy":-5.7927},"geometry":{"type":"Polygon","coordinates":[[[-35.2517,-5.7944],[-35.2518,-5.7912],[-35.2511,-5.788],[-35.2497,-5.7857],[-35.2481,-5.7839],[-35.2476,-5.7822],[-35.2474,-5.7823],[-35.2439,-5.7825],[-35.2408,-5.7839],[-35.2376,-5.7865],[-35.2348,-5.7878],[-35.2364,-5.7912],[-35.238,-5.7943],[-35.2385,-5.7954],[-35.2372,-5.7961],[-35.2373,-5.7986],[-35.238,-5.7989],[-35.2384,-5.8004],[-35.2382,-5.8014],[-35.2376,-5.803],[-35.2384,-5.8042],[-35.2391,-5.8047],[-35.241,-5.8059],[-35.2422,-5.8047],[-35.2438,-5.8027],[-35.2469,-5.8007],[-35.2521,-5.797],[-35.2517,-5.7944]]]}},{"type":"Feature","properties":{"c":"b133","b":133,"n":"Nossa Senhora da Apresentação","m":"2408102","cx":-35.2777,"cy":-5.7451},"geometry":{"type":"Polygon","coordinates":[[[-35.2616,-5.7487],[-35.263,-5.7531],[-35.2638,-5.7565],[-35.2642,-5.7589],[-35.2654,-5.7642],[-35.269,-5.763],[-35.2719,-5.762],[-35.272,-5.7619],[-35.2763,-5.7658],[-35.2774,-5.7669],[-35.2798,-5.766],[-35.284,-5.7644],[-35.2866,-5.7635],[-35.2873,-5.7621],[-35.2883,-5.7578],[-35.2889,-5.7532],[-35.2902,-5.7429],[-35.2904,-5.7402],[-35.2913,-5.7325],[-35.2911,-5.7309],[-35.2902,-5.7298],[-35.289,-5.7287],[-35.2859,-5.7265],[-35.2798,-5.7236],[-35.2795,-5.7251],[-35.279,-5.7263],[-35.2785,-5.7271],[-35.276,-5.7291],[-35.2746,-5.7304],[-35.2737,-5.732],[-35.2734,-5.7333],[-35.2729,-5.7344],[-35.2676,-5.7413],[-35.2668,-5.7432],[-35.2658,-5.7448],[-35.2651,-5.7454],[-35.2633,-5.7464],[-35.2603,-5.7468],[-35.2616,-5.7487]]]}},{"type":"Feature","properties":{"c":"b134","b":134,"n":"Nossa Senhora de Nazaré","m":"2408102","cx":-35.2313,"cy":-5.8163},"geometry":{"type":"Polygon","coordinates":[[[-35.2349,-5.8109],[-35.2314,-5.8123],[-35.2289,-5.8132],[-35.2237,-5.8152],[-35.2246,-5.8175],[-35.2268,-5.8236],[-35.2311,-5.8221],[-35.24,-5.8187],[-35.2349,-5.8109]]]}},{"type":"Feature","properties":{"c":"b135","b":135,"n":"Nova Descoberta","m":"2408102","cx":-35.1981,"cy":-5.8263},"geometry":{"type":"Polygon","coordinates":[[[-35.198,-5.8154],[-35.1972,-5.815],[-35.196,-5.8155],[-35.1965,-5.8161],[-35.1963,-5.8166],[-35.1958,-5.8169],[-35.1956,-5.8176],[-35.1957,-5.8185],[-35.1968,-5.8203],[-35.1961,-5.821],[-35.1954,-5.8221],[-35.1953,-5.8232],[-35.1944,-5.825],[-35.1927,-5.8256],[-35.192,-5.827],[-35.191,-5.8304],[-35.1921,-5.834],[-35.1926,-5.8351],[-35.1936,-5.8358],[-35.1955,-5.8365],[-35.1973,-5.837],[-35.2014,-5.8338],[-35.203,-5.8326],[-35.2017,-5.8291],[-35.2044,-5.828],[-35.2034,-5.8252],[-35.2007,-5.8182],[-35.1995,-5.8148],[-35.198,-5.8154]]]}},{"type":"Feature","properties":{"c":"b136","b":136,"n":"Pajuçara","m":"2408102","cx":-35.2365,"cy":-5.7371},"geometry":{"type":"Polygon","coordinates":[[[-35.2496,-5.7316],[-35.249,-5.7296],[-35.2475,-5.7243],[-35.2465,-5.7201],[-35.2428,-5.7223],[-35.2403,-5.7238],[-35.2384,-5.7248],[-35.2362,-5.7261],[-35.2351,-5.7272],[-35.2343,-5.7259],[-35.2341,-5.7254],[-35.2341,-5.7238],[-35.2338,-5.7222],[-35.2336,-5.7198],[-35.2331,-5.7187],[-35.2327,-5.72],[-35.2314,-5.7219],[-35.2304,-5.7225],[-35.2297,-5.7237],[-35.228,-5.7246],[-35.2265,-5.7262],[-35.2259,-5.7264],[-35.2268,-5.7277],[-35.2275,-5.7291],[-35.2269,-5.7305],[-35.2259,-5.7317],[-35.2254,-5.7343],[-35.2246,-5.7346],[-35.223,-5.7357],[-35.2231,-5.7385],[-35.2214,-5.7404],[-35.2204,-5.7409],[-35.2195,-5.7418],[-35.2188,-5.7421],[-35.2172,-5.7433],[-35.2158,-5.7442],[-35.2145,-5.7454],[-35.2185,-5.7452],[-35.2224,-5.7451],[-35.2234,-5.7452],[-35.2241,-5.7456],[-35.2372,-5.7535],[-35.2435,-5.7453],[-35.2475,-5.7402],[-35.2513,-5.7353],[-35.2517,-5.7351],[-35.2496,-5.7316]]]}},{"type":"Feature","properties":{"c":"b137","b":137,"n":"Petrópolis","m":"2408102","cx":-35.1987,"cy":-5.7839},"geometry":{"type":"Polygon","coordinates":[[[-35.2026,-5.7832],[-35.2018,-5.7808],[-35.2009,-5.7793],[-35.1994,-5.7801],[-35.1974,-5.7816],[-35.1961,-5.7809],[-35.1935,-5.7834],[-35.1954,-5.7844],[-35.1949,-5.785],[-35.194,-5.7856],[-35.1923,-5.7872],[-35.1916,-5.7875],[-35.1922,-5.7875],[-35.1931,-5.7872],[-35.1937,-5.7889],[-35.196,-5.788],[-35.1964,-5.7891],[-35.2009,-5.7874],[-35.2038,-5.7863],[-35.2026,-5.7832]]]}},{"type":"Feature","properties":{"c":"b138","b":138,"n":"Pitimbú","m":"2408102","cx":-35.2349,"cy":-5.862},"geometry":{"type":"Polygon","coordinates":[[[-35.2254,-5.8808],[-35.226,-5.8803],[-35.2279,-5.8777],[-35.2291,-5.8767],[-35.2311,-5.8765],[-35.2318,-5.8761],[-35.2359,-5.8727],[-35.2368,-5.8715],[-35.2377,-5.8694],[-35.2395,-5.868],[-35.2429,-5.8649],[-35.2434,-5.8646],[-35.2446,-5.8645],[-35.246,-5.8641],[-35.2464,-5.8639],[-35.2474,-5.8638],[-35.2482,-5.864],[-35.2493,-5.8647],[-35.2508,-5.8653],[-35.252,-5.8656],[-35.2536,-5.8658],[-35.254,-5.8658],[-35.2544,-5.8654],[-35.2533,-5.8649],[-35.2522,-5.8641],[-35.2513,-5.8625],[-35.2496,-5.8614],[-35.2488,-5.8596],[-35.2487,-5.8579],[-35.248,-5.8562],[-35.2475,-5.8539],[-35.2468,-5.8514],[-35.246,-5.8503],[-35.2443,-5.8452],[-35.2433,-5.8429],[-35.2418,-5.8441],[-35.2415,-5.8436],[-35.2373,-5.8474],[-35.2385,-5.8494],[-35.2364,-5.8506],[-35.2368,-5.8509],[-35.2339,-5.8535],[-35.2333,-5.8545],[-35.2329,-5.8542],[-35.2327,-5.8546],[-35.2326,-5.8562],[-35.2317,-5.8568],[-35.2305,-5.8563],[-35.2287,-5.8562],[-35.2281,-5.8566],[-35.2231,-5.8597],[-35.22,-5.8616],[-35.2158,-5.8641],[-35.2179,-5.8686],[-35.2195,-5.8721],[-35.224,-5.8781],[-35.2251,-5.8811],[-35.2254,-5.8808]]]}},{"type":"Feature","properties":{"c":"b139","b":139,"n":"Planalto","m":"2408102","cx":-35.2601,"cy":-5.8527},"geometry":{"type":"Polygon","coordinates":[[[-35.2684,-5.8503],[-35.2637,-5.8478],[-35.2587,-5.8453],[-35.2568,-5.8443],[-35.255,-5.8434],[-35.2517,-5.8417],[-35.2509,-5.843],[-35.2502,-5.8422],[-35.2498,-5.8422],[-35.2503,-5.8411],[-35.2455,-5.8387],[-35.2447,-5.8404],[-35.2441,-5.8413],[-35.2415,-5.8436],[-35.2418,-5.8441],[-35.2433,-5.8429],[-35.2443,-5.8452],[-35.246,-5.8503],[-35.2468,-5.8514],[-35.2475,-5.8539],[-35.248,-5.8562],[-35.2487,-5.8579],[-35.2488,-5.8596],[-35.2496,-5.8614],[-35.2513,-5.8625],[-35.2522,-5.8641],[-35.2533,-5.8649],[-35.2544,-5.8654],[-35.2557,-5.8646],[-35.256,-5.8641],[-35.258,-5.8627],[-35.2622,-5.8586],[-35.2645,-5.8568],[-35.2653,-5.8564],[-35.2681,-5.8559],[-35.2711,-5.8558],[-35.2723,-5.8555],[-35.2729,-5.8553],[-35.2766,-5.8545],[-35.2684,-5.8503]]]}},{"type":"Feature","properties":{"c":"b140","b":140,"n":"Ponta Negra","m":"2408102","cx":-35.1854,"cy":-5.8813},"geometry":{"type":"Polygon","coordinates":[[[-35.1936,-5.8872],[-35.2008,-5.8816],[-35.2028,-5.8741],[-35.2035,-5.8713],[-35.2013,-5.8717],[-35.2009,-5.872],[-35.2003,-5.8735],[-35.1994,-5.8725],[-35.198,-5.8706],[-35.1967,-5.8692],[-35.1943,-5.8711],[-35.1916,-5.8735],[-35.1917,-5.8737],[-35.191,-5.8744],[-35.1852,-5.8668],[-35.1846,-5.8661],[-35.1844,-5.8662],[-35.1837,-5.8654],[-35.1824,-5.8659],[-35.1815,-5.8661],[-35.181,-5.8656],[-35.1808,-5.8649],[-35.1807,-5.8638],[-35.1795,-5.8631],[-35.1793,-5.8645],[-35.1788,-5.8664],[-35.1781,-5.8687],[-35.177,-5.8716],[-35.1759,-5.8739],[-35.1745,-5.8762],[-35.1731,-5.8783],[-35.1713,-5.8803],[-35.1691,-5.8819],[-35.1672,-5.883],[-35.1658,-5.8833],[-35.165,-5.8831],[-35.1646,-5.8829],[-35.1646,-5.8824],[-35.1642,-5.8823],[-35.164,-5.8817],[-35.163,-5.8807],[-35.1619,-5.8801],[-35.1617,-5.8797],[-35.1601,-5.8797],[-35.159,-5.8802],[-35.1584,-5.881],[-35.1569,-5.8818],[-35.1563,-5.8829],[-35.1558,-5.8834],[-35.1551,-5.8834],[-35.1544,-5.8827],[-35.1538,-5.8831],[-35.1538,-5.8837],[-35.1534,-5.8854],[-35.1529,-5.8863],[-35.1532,-5.8898],[-35.1537,-5.8945],[-35.1541,-5.8971],[-35.1541,-5.8978],[-35.1762,-5.8998],[-35.1889,-5.8906],[-35.1936,-5.8872]]]}},{"type":"Feature","properties":{"c":"b141","b":141,"n":"Potengi","m":"2408102","cx":-35.2507,"cy":-5.7509},"geometry":{"type":"Polygon","coordinates":[[[-35.2318,-5.7605],[-35.2279,-5.7652],[-35.2287,-5.7663],[-35.2298,-5.7672],[-35.2306,-5.7674],[-35.2325,-5.7672],[-35.2334,-5.767],[-35.2356,-5.7663],[-35.2361,-5.7645],[-35.2368,-5.7638],[-35.2379,-5.7635],[-35.2389,-5.7641],[-35.2391,-5.7648],[-35.2385,-5.7658],[-35.2373,-5.7668],[-35.2369,-5.7674],[-35.2369,-5.7682],[-35.2375,-5.7688],[-35.2414,-5.7689],[-35.2422,-5.7679],[-35.246,-5.7645],[-35.2474,-5.7633],[-35.2473,-5.7632],[-35.2482,-5.7622],[-35.2491,-5.7627],[-35.2494,-5.7632],[-35.25,-5.7649],[-35.2511,-5.7691],[-35.2548,-5.768],[-35.2548,-5.7676],[-35.26,-5.766],[-35.2654,-5.7642],[-35.2642,-5.7589],[-35.2638,-5.7565],[-35.263,-5.7531],[-35.2616,-5.7487],[-35.2603,-5.7468],[-35.2598,-5.7463],[-35.261,-5.7449],[-35.2571,-5.741],[-35.2524,-5.736],[-35.2517,-5.7351],[-35.2513,-5.7353],[-35.2475,-5.7402],[-35.2435,-5.7453],[-35.2372,-5.7535],[-35.2318,-5.7605]]]}},{"type":"Feature","properties":{"c":"b142","b":142,"n":"Praia do Meio","m":"2408102","cx":-35.1953,"cy":-5.7782},"geometry":{"type":"Polygon","coordinates":[[[-35.1979,-5.779],[-35.1973,-5.7777],[-35.1976,-5.7773],[-35.1969,-5.777],[-35.1973,-5.7766],[-35.1965,-5.7749],[-35.1959,-5.7736],[-35.1956,-5.7737],[-35.195,-5.7731],[-35.1938,-5.7731],[-35.1933,-5.7746],[-35.193,-5.7787],[-35.1928,-5.7801],[-35.1924,-5.7816],[-35.1916,-5.7826],[-35.191,-5.7828],[-35.1904,-5.7825],[-35.19,-5.7834],[-35.1894,-5.7841],[-35.1913,-5.7838],[-35.1918,-5.7842],[-35.1931,-5.7838],[-35.1935,-5.7834],[-35.1961,-5.7809],[-35.1974,-5.7816],[-35.1994,-5.7801],[-35.1979,-5.779]]]}},{"type":"Feature","properties":{"c":"b143","b":143,"n":"Quintas","m":"2408102","cx":-35.2315,"cy":-5.7975},"geometry":{"type":"Polygon","coordinates":[[[-35.2308,-5.8064],[-35.2326,-5.8057],[-35.2356,-5.808],[-35.2391,-5.8047],[-35.2384,-5.8042],[-35.2376,-5.803],[-35.2382,-5.8014],[-35.2384,-5.8004],[-35.238,-5.7989],[-35.2373,-5.7986],[-35.2372,-5.7961],[-35.2385,-5.7954],[-35.238,-5.7943],[-35.2364,-5.7912],[-35.2348,-5.7878],[-35.2265,-5.7877],[-35.2255,-5.7898],[-35.224,-5.7934],[-35.2232,-5.7936],[-35.2237,-5.7948],[-35.2242,-5.7954],[-35.2253,-5.7958],[-35.2259,-5.7962],[-35.226,-5.7966],[-35.2253,-5.7985],[-35.2252,-5.7989],[-35.2259,-5.8],[-35.2259,-5.8009],[-35.2253,-5.802],[-35.2256,-5.8027],[-35.228,-5.8045],[-35.2308,-5.8064]]]}},{"type":"Feature","properties":{"c":"b144","b":144,"n":"Redinha","m":"2408102","cx":-35.2159,"cy":-5.7482},"geometry":{"type":"Polygon","coordinates":[[[-35.2318,-5.7605],[-35.2372,-5.7535],[-35.2241,-5.7456],[-35.2234,-5.7452],[-35.2224,-5.7451],[-35.2185,-5.7452],[-35.2145,-5.7454],[-35.2158,-5.7442],[-35.2172,-5.7433],[-35.2188,-5.7421],[-35.2195,-5.7418],[-35.2204,-5.7409],[-35.2214,-5.7404],[-35.2231,-5.7385],[-35.223,-5.7357],[-35.2246,-5.7346],[-35.2254,-5.7343],[-35.2259,-5.7317],[-35.2269,-5.7305],[-35.2275,-5.7291],[-35.2268,-5.7277],[-35.2259,-5.7264],[-35.2258,-5.7273],[-35.2261,-5.7273],[-35.2131,-5.7352],[-35.2115,-5.7363],[-35.2106,-5.737],[-35.2071,-5.7395],[-35.2078,-5.7402],[-35.2063,-5.741],[-35.2055,-5.7425],[-35.2036,-5.7432],[-35.2037,-5.7441],[-35.2035,-5.7464],[-35.2035,-5.7473],[-35.2033,-5.7491],[-35.2028,-5.7502],[-35.2011,-5.7521],[-35.1987,-5.7532],[-35.2034,-5.7575],[-35.2062,-5.7604],[-35.2063,-5.7651],[-35.2102,-5.7665],[-35.2115,-5.7677],[-35.2124,-5.768],[-35.2145,-5.7683],[-35.2161,-5.7682],[-35.2172,-5.7675],[-35.2185,-5.7661],[-35.2191,-5.7645],[-35.2197,-5.7637],[-35.2205,-5.7632],[-35.2255,-5.7632],[-35.2264,-5.7633],[-35.227,-5.7639],[-35.2279,-5.7652],[-35.2318,-5.7605]]]}},{"type":"Feature","properties":{"c":"b145","b":145,"n":"Ribeira","m":"2408102","cx":-35.2058,"cy":-5.7755},"geometry":{"type":"Polygon","coordinates":[[[-35.2018,-5.7808],[-35.2026,-5.7832],[-35.2055,-5.7815],[-35.2065,-5.7807],[-35.2084,-5.7816],[-35.2113,-5.7806],[-35.209,-5.7762],[-35.2065,-5.768],[-35.2041,-5.7686],[-35.2041,-5.7689],[-35.203,-5.7708],[-35.2032,-5.7714],[-35.204,-5.7751],[-35.2015,-5.7759],[-35.2012,-5.7791],[-35.2009,-5.7793],[-35.2018,-5.7808]]]}},{"type":"Feature","properties":{"c":"b146","b":146,"n":"Rocas","m":"2408102","cx":-35.2004,"cy":-5.7734},"geometry":{"type":"Polygon","coordinates":[[[-35.2038,-5.7678],[-35.203,-5.7679],[-35.2025,-5.7687],[-35.2007,-5.7708],[-35.1997,-5.7706],[-35.198,-5.7717],[-35.1974,-5.7727],[-35.1971,-5.7741],[-35.1973,-5.7746],[-35.1965,-5.7749],[-35.1973,-5.7766],[-35.1969,-5.777],[-35.1976,-5.7773],[-35.1973,-5.7777],[-35.1979,-5.779],[-35.1994,-5.7801],[-35.2009,-5.7793],[-35.2012,-5.7791],[-35.2015,-5.7759],[-35.204,-5.7751],[-35.2032,-5.7714],[-35.203,-5.7708],[-35.2041,-5.7689],[-35.2041,-5.7686],[-35.2038,-5.7678]]]}},{"type":"Feature","properties":{"c":"b147","b":147,"n":"Salinas","m":"2408102","cx":-35.2291,"cy":-5.7755},"geometry":{"type":"Polygon","coordinates":[[[-35.25,-5.7649],[-35.2494,-5.7632],[-35.2491,-5.7627],[-35.2482,-5.7622],[-35.2473,-5.7632],[-35.2474,-5.7633],[-35.246,-5.7645],[-35.2422,-5.7679],[-35.2414,-5.7689],[-35.2375,-5.7688],[-35.2369,-5.7682],[-35.2369,-5.7674],[-35.2373,-5.7668],[-35.2385,-5.7658],[-35.2391,-5.7648],[-35.2389,-5.7641],[-35.2379,-5.7635],[-35.2368,-5.7638],[-35.2361,-5.7645],[-35.2356,-5.7663],[-35.2334,-5.767],[-35.2325,-5.7672],[-35.2306,-5.7674],[-35.2298,-5.7672],[-35.2287,-5.7663],[-35.2279,-5.7652],[-35.227,-5.7639],[-35.2264,-5.7633],[-35.2255,-5.7632],[-35.2205,-5.7632],[-35.2197,-5.7637],[-35.2191,-5.7645],[-35.2185,-5.7661],[-35.2172,-5.7675],[-35.2161,-5.7682],[-35.2145,-5.7683],[-35.2124,-5.768],[-35.2115,-5.7677],[-35.2102,-5.7665],[-35.2063,-5.7651],[-35.2064,-5.7677],[-35.2065,-5.768],[-35.209,-5.7762],[-35.2113,-5.7806],[-35.2123,-5.7826],[-35.2172,-5.785],[-35.2183,-5.7855],[-35.2265,-5.7877],[-35.2348,-5.7878],[-35.2376,-5.7865],[-35.2408,-5.7839],[-35.2439,-5.7825],[-35.2474,-5.7823],[-35.2484,-5.7797],[-35.2493,-5.7764],[-35.2494,-5.7749],[-35.2506,-5.773],[-35.2513,-5.7704],[-35.2511,-5.7691],[-35.25,-5.7649]]]}},{"type":"Feature","properties":{"c":"b148","b":148,"n":"Santos Reis","m":"2408102","cx":-35.2002,"cy":-5.7636},"geometry":{"type":"Polygon","coordinates":[[[-35.2065,-5.768],[-35.2064,-5.7677],[-35.2063,-5.7651],[-35.2062,-5.7604],[-35.2034,-5.7575],[-35.1987,-5.7532],[-35.1945,-5.7549],[-35.1943,-5.7564],[-35.1944,-5.757],[-35.1942,-5.7581],[-35.1943,-5.7596],[-35.1941,-5.7617],[-35.1943,-5.7628],[-35.1941,-5.7643],[-35.1943,-5.7654],[-35.1943,-5.7669],[-35.1942,-5.7689],[-35.194,-5.7696],[-35.1939,-5.7721],[-35.1938,-5.7731],[-35.195,-5.7731],[-35.1956,-5.7737],[-35.1959,-5.7736],[-35.1965,-5.7749],[-35.1973,-5.7746],[-35.1971,-5.7741],[-35.1974,-5.7727],[-35.198,-5.7717],[-35.1997,-5.7706],[-35.2007,-5.7708],[-35.2025,-5.7687],[-35.203,-5.7679],[-35.2038,-5.7678],[-35.2041,-5.7686],[-35.2065,-5.768]]]}},{"type":"Feature","properties":{"c":"b149","b":149,"n":"Tirol","m":"2408102","cx":-35.1998,"cy":-5.8013},"geometry":{"type":"Polygon","coordinates":[[[-35.205,-5.8127],[-35.2051,-5.8129],[-35.208,-5.8118],[-35.2061,-5.8063],[-35.206,-5.8062],[-35.2046,-5.8023],[-35.2038,-5.8001],[-35.2032,-5.8004],[-35.2025,-5.7984],[-35.2077,-5.7964],[-35.207,-5.7932],[-35.206,-5.7906],[-35.2051,-5.7899],[-35.2038,-5.7863],[-35.2009,-5.7874],[-35.1964,-5.7891],[-35.196,-5.788],[-35.1937,-5.7889],[-35.1935,-5.789],[-35.1947,-5.7894],[-35.1946,-5.7903],[-35.1941,-5.791],[-35.1935,-5.7926],[-35.1931,-5.7931],[-35.1924,-5.795],[-35.1926,-5.7963],[-35.1921,-5.7975],[-35.1925,-5.7986],[-35.1951,-5.7947],[-35.1961,-5.7943],[-35.1967,-5.7954],[-35.1967,-5.7968],[-35.1958,-5.798],[-35.1957,-5.7994],[-35.1954,-5.8006],[-35.1955,-5.802],[-35.1951,-5.8026],[-35.1945,-5.8041],[-35.1938,-5.8055],[-35.193,-5.8066],[-35.1934,-5.8068],[-35.1941,-5.8064],[-35.1945,-5.8067],[-35.1938,-5.8087],[-35.1939,-5.8094],[-35.1935,-5.8105],[-35.1919,-5.8125],[-35.1917,-5.8129],[-35.1923,-5.8134],[-35.1941,-5.8128],[-35.1954,-5.8131],[-35.1957,-5.8139],[-35.1955,-5.8145],[-35.1958,-5.8155],[-35.196,-5.8155],[-35.1972,-5.815],[-35.198,-5.8154],[-35.1995,-5.8148],[-35.205,-5.8127]]]}},{"type":"Feature","properties":{"c":"b150","b":150,"n":"Boqueirão","m":"2408904","cx":-36.6518,"cy":-6.6894},"geometry":{"type":"MultiPolygon","coordinates":[[[[-36.6527,-6.6954],[-36.6533,-6.6971],[-36.6551,-6.6985],[-36.6552,-6.6987],[-36.6605,-6.7079],[-36.6632,-6.7073],[-36.6603,-6.7019],[-36.6562,-6.6935],[-36.6527,-6.6954]]],[[[-36.6503,-6.6914],[-36.6521,-6.6905],[-36.6531,-6.6898],[-36.6533,-6.6902],[-36.6543,-6.6896],[-36.6533,-6.6874],[-36.6525,-6.6877],[-36.6511,-6.6886],[-36.6493,-6.6892],[-36.6503,-6.6914]]]]}},{"type":"Feature","properties":{"c":"b151","b":151,"n":"Centro","m":"2408904","cx":-36.6577,"cy":-6.6858},"geometry":{"type":"Polygon","coordinates":[[[-36.6628,-6.6892],[-36.6607,-6.6848],[-36.6586,-6.6802],[-36.6573,-6.6811],[-36.656,-6.6822],[-36.6546,-6.6842],[-36.6542,-6.6852],[-36.654,-6.6865],[-36.6533,-6.6874],[-36.6543,-6.6896],[-36.6558,-6.6926],[-36.6584,-6.6913],[-36.6628,-6.6892]]]}},{"type":"Feature","properties":{"c":"b152","b":152,"n":"Cruz do Monte","m":"2408904","cx":-36.6641,"cy":-6.6972},"geometry":{"type":"Polygon","coordinates":[[[-36.6671,-6.7042],[-36.6679,-6.7033],[-36.6689,-6.7028],[-36.6671,-6.6991],[-36.6675,-6.6987],[-36.6662,-6.696],[-36.6628,-6.6892],[-36.6584,-6.6913],[-36.6621,-6.6985],[-36.6655,-6.7055],[-36.6671,-6.7042]]]}},{"type":"Feature","properties":{"c":"b153","b":153,"n":"Dinarte Mariz","m":"2408904","cx":-36.6644,"cy":-6.6843},"geometry":{"type":"MultiPolygon","coordinates":[[[[-36.6651,-6.688],[-36.6686,-6.6864],[-36.6686,-6.6849],[-36.668,-6.6838],[-36.6682,-6.6822],[-36.6675,-6.6823],[-36.6671,-6.6821],[-36.6668,-6.6806],[-36.665,-6.6811],[-36.6636,-6.6807],[-36.6629,-6.6803],[-36.661,-6.6797],[-36.6597,-6.6797],[-36.6586,-6.6802],[-36.6607,-6.6848],[-36.6628,-6.6892],[-36.6651,-6.688]]],[[[-36.6498,-6.6917],[-36.6514,-6.6931],[-36.6527,-6.6954],[-36.6562,-6.6935],[-36.6558,-6.6926],[-36.6543,-6.6896],[-36.6533,-6.6902],[-36.6531,-6.6898],[-36.6521,-6.6905],[-36.6503,-6.6914],[-36.6498,-6.6917]]]]}},{"type":"Feature","properties":{"c":"b154","b":154,"n":"Ivan Bezerra","m":"2408904","cx":-36.6683,"cy":-6.6952},"geometry":{"type":"Polygon","coordinates":[[[-36.6662,-6.696],[-36.6675,-6.6987],[-36.6671,-6.6991],[-36.6689,-6.7028],[-36.6699,-6.7019],[-36.6703,-6.7013],[-36.6703,-6.7006],[-36.6707,-6.6998],[-36.6723,-6.6989],[-36.6729,-6.6997],[-36.6749,-6.6983],[-36.6751,-6.6976],[-36.6714,-6.696],[-36.6703,-6.6945],[-36.6704,-6.6911],[-36.6701,-6.6907],[-36.6686,-6.6877],[-36.6686,-6.6864],[-36.6651,-6.688],[-36.6628,-6.6892],[-36.6662,-6.696]]]}},{"type":"Feature","properties":{"c":"b155","b":155,"n":"Maria Terceira","m":"2408904","cx":-36.6612,"cy":-6.7002},"geometry":{"type":"Polygon","coordinates":[[[-36.6558,-6.6926],[-36.6562,-6.6935],[-36.6603,-6.7019],[-36.6632,-6.7073],[-36.6634,-6.7073],[-36.6649,-6.7061],[-36.6655,-6.7055],[-36.6621,-6.6985],[-36.6584,-6.6913],[-36.6558,-6.6926]]]}},{"type":"Feature","properties":{"c":"b156","b":156,"n":"São Sebastião","m":"2408904","cx":-36.6536,"cy":-6.6804},"geometry":{"type":"Polygon","coordinates":[[[-36.6597,-6.6797],[-36.661,-6.6797],[-36.6629,-6.6803],[-36.6636,-6.6807],[-36.665,-6.6811],[-36.6668,-6.6806],[-36.666,-6.6776],[-36.6657,-6.6769],[-36.6643,-6.6746],[-36.6639,-6.6737],[-36.6639,-6.6719],[-36.6629,-6.6721],[-36.6608,-6.6717],[-36.6596,-6.6724],[-36.6592,-6.6741],[-36.6581,-6.6745],[-36.6558,-6.6739],[-36.6538,-6.6735],[-36.6511,-6.6724],[-36.6501,-6.672],[-36.6491,-6.6723],[-36.6468,-6.673],[-36.6482,-6.6751],[-36.6495,-6.6767],[-36.6483,-6.684],[-36.6492,-6.6881],[-36.6493,-6.6892],[-36.6511,-6.6886],[-36.6525,-6.6877],[-36.6533,-6.6874],[-36.654,-6.6865],[-36.6542,-6.6852],[-36.6546,-6.6842],[-36.656,-6.6822],[-36.6573,-6.6811],[-36.6586,-6.6802],[-36.6597,-6.6797]]]}},{"type":"Feature","properties":{"c":"b157","b":157,"n":"Centro","m":"2410801","cx":-38.3149,"cy":-6.2634},"geometry":{"type":"Polygon","coordinates":[[[-38.3151,-6.2619],[-38.3147,-6.2627],[-38.3142,-6.2625],[-38.314,-6.2629],[-38.3135,-6.2639],[-38.3117,-6.2641],[-38.3118,-6.265],[-38.3127,-6.2654],[-38.313,-6.2649],[-38.3139,-6.265],[-38.3151,-6.2656],[-38.3153,-6.2652],[-38.3162,-6.2657],[-38.3164,-6.2653],[-38.3155,-6.2648],[-38.3164,-6.263],[-38.3168,-6.2627],[-38.3151,-6.2619]]]}},{"type":"Feature","properties":{"c":"b158","b":158,"n":"Esperança","m":"2410801","cx":-38.3178,"cy":-6.2654},"geometry":{"type":"Polygon","coordinates":[[[-38.3168,-6.2627],[-38.3164,-6.263],[-38.3155,-6.2648],[-38.3164,-6.2653],[-38.3162,-6.2657],[-38.3153,-6.2652],[-38.3151,-6.2656],[-38.3147,-6.2664],[-38.3153,-6.2677],[-38.3168,-6.2685],[-38.3195,-6.2672],[-38.3183,-6.2666],[-38.3193,-6.2653],[-38.3193,-6.2639],[-38.3199,-6.2631],[-38.3191,-6.2624],[-38.3182,-6.2622],[-38.3168,-6.2627]]]}},{"type":"Feature","properties":{"c":"b159","b":159,"n":"Novo Horizonte","m":"2410801","cx":-38.3091,"cy":-6.2645},"geometry":{"type":"Polygon","coordinates":[[[-38.3131,-6.2625],[-38.3108,-6.2614],[-38.3094,-6.2605],[-38.3063,-6.2616],[-38.3064,-6.2649],[-38.3066,-6.2657],[-38.3112,-6.2678],[-38.3124,-6.2663],[-38.3127,-6.2654],[-38.3118,-6.265],[-38.3117,-6.2641],[-38.3135,-6.2639],[-38.314,-6.2629],[-38.3131,-6.2625]]]}},{"type":"Feature","properties":{"c":"b160","b":160,"n":"Renascer","m":"2410801","cx":-38.3144,"cy":-6.26},"geometry":{"type":"Polygon","coordinates":[[[-38.3122,-6.2586],[-38.3121,-6.2592],[-38.3117,-6.2596],[-38.3123,-6.2605],[-38.313,-6.2612],[-38.3136,-6.2614],[-38.3131,-6.2625],[-38.314,-6.2629],[-38.3142,-6.2625],[-38.3147,-6.2627],[-38.3151,-6.2619],[-38.3168,-6.2627],[-38.3182,-6.2622],[-38.3182,-6.2613],[-38.3133,-6.2569],[-38.3128,-6.2573],[-38.3122,-6.2586]]]}},{"type":"Feature","properties":{"c":"b161","b":161,"n":"Sao Gonçalo","m":"2410801","cx":-38.3104,"cy":-6.2589},"geometry":{"type":"Polygon","coordinates":[[[-38.3108,-6.2614],[-38.3131,-6.2625],[-38.3136,-6.2614],[-38.313,-6.2612],[-38.3123,-6.2605],[-38.3117,-6.2596],[-38.3121,-6.2592],[-38.3122,-6.2586],[-38.3128,-6.2573],[-38.3096,-6.2552],[-38.3074,-6.2563],[-38.3094,-6.2605],[-38.3108,-6.2614]]]}},{"type":"Feature","properties":{"c":"b162","b":162,"n":"Sao João Batista","m":"2410801","cx":-38.3134,"cy":-6.267},"geometry":{"type":"Polygon","coordinates":[[[-38.3124,-6.2663],[-38.3112,-6.2678],[-38.312,-6.2682],[-38.3153,-6.2677],[-38.3147,-6.2664],[-38.3151,-6.2656],[-38.3139,-6.265],[-38.313,-6.2649],[-38.3127,-6.2654],[-38.3124,-6.2663]]]}},{"type":"Feature","properties":{"c":"b163","b":163,"n":"Amarante","m":"2412005","cx":-35.2684,"cy":-5.775},"geometry":{"type":"Polygon","coordinates":[[[-35.2733,-5.7824],[-35.2736,-5.7821],[-35.2758,-5.7817],[-35.278,-5.7815],[-35.2771,-5.7794],[-35.2754,-5.7753],[-35.2745,-5.7743],[-35.2753,-5.7743],[-35.2769,-5.7747],[-35.2758,-5.771],[-35.2754,-5.7699],[-35.2758,-5.7698],[-35.275,-5.7678],[-35.2709,-5.7694],[-35.2669,-5.7708],[-35.2612,-5.773],[-35.2621,-5.7775],[-35.2632,-5.7806],[-35.2733,-5.7824]]]}},{"type":"Feature","properties":{"c":"b164","b":164,"n":"Centro","m":"2412005","cx":-35.342,"cy":-5.7933},"geometry":{"type":"Polygon","coordinates":[[[-35.3289,-5.7885],[-35.3287,-5.7903],[-35.3276,-5.791],[-35.3281,-5.7962],[-35.3289,-5.7963],[-35.3356,-5.7957],[-35.3362,-5.7958],[-35.3385,-5.7967],[-35.3423,-5.7975],[-35.3436,-5.7985],[-35.3447,-5.7989],[-35.3455,-5.7997],[-35.3468,-5.8003],[-35.3478,-5.8004],[-35.3503,-5.8012],[-35.3533,-5.8018],[-35.3548,-5.8026],[-35.3562,-5.803],[-35.358,-5.8029],[-35.3576,-5.8016],[-35.3568,-5.8002],[-35.3561,-5.7981],[-35.3563,-5.7973],[-35.3563,-5.7959],[-35.3562,-5.789],[-35.3546,-5.7895],[-35.3533,-5.7898],[-35.352,-5.7897],[-35.3502,-5.7894],[-35.3466,-5.7891],[-35.3426,-5.7888],[-35.342,-5.7887],[-35.3409,-5.7889],[-35.3387,-5.789],[-35.3366,-5.7892],[-35.3368,-5.7883],[-35.3285,-5.7869],[-35.3284,-5.7876],[-35.3289,-5.7885]]]}},{"type":"Feature","properties":{"c":"b165","b":165,"n":"Goladim","m":"2412005","cx":-35.2838,"cy":-5.7729},"geometry":{"type":"Polygon","coordinates":[[[-35.2876,-5.7732],[-35.288,-5.7727],[-35.2846,-5.7698],[-35.2808,-5.7667],[-35.2798,-5.766],[-35.2774,-5.7669],[-35.2757,-5.7676],[-35.2823,-5.7762],[-35.2814,-5.7761],[-35.2841,-5.7799],[-35.2846,-5.7798],[-35.2848,-5.7789],[-35.285,-5.7789],[-35.2861,-5.7768],[-35.2866,-5.7749],[-35.2876,-5.7732]]]}},{"type":"Feature","properties":{"c":"b166","b":166,"n":"Guajiru","m":"2412005","cx":-35.3201,"cy":-5.756},"geometry":{"type":"Polygon","coordinates":[[[-35.3282,-5.7612],[-35.3328,-5.7607],[-35.3329,-5.7599],[-35.3345,-5.7504],[-35.3351,-5.7473],[-35.335,-5.7465],[-35.3347,-5.7455],[-35.3245,-5.7493],[-35.3118,-5.7541],[-35.3016,-5.7579],[-35.3016,-5.7587],[-35.3014,-5.7595],[-35.306,-5.7646],[-35.3167,-5.7629],[-35.3179,-5.7628],[-35.3282,-5.7612]]]}},{"type":"Feature","properties":{"c":"b167","b":167,"n":"Jardim Lola","m":"2412005","cx":-35.2563,"cy":-5.7769},"geometry":{"type":"Polygon","coordinates":[[[-35.2522,-5.7804],[-35.254,-5.7804],[-35.256,-5.7797],[-35.2591,-5.7788],[-35.261,-5.7784],[-35.2615,-5.7802],[-35.2632,-5.7806],[-35.2621,-5.7775],[-35.2612,-5.773],[-35.2515,-5.7766],[-35.2499,-5.7773],[-35.249,-5.7782],[-35.2488,-5.7789],[-35.2522,-5.7804]]]}},{"type":"Feature","properties":{"c":"b168","b":168,"n":"Jardins","m":"2412005","cx":-35.2971,"cy":-5.7304},"geometry":{"type":"Polygon","coordinates":[[[-35.3118,-5.7541],[-35.3245,-5.7493],[-35.3347,-5.7455],[-35.3515,-5.7393],[-35.3526,-5.7387],[-35.3537,-5.7376],[-35.3565,-5.7338],[-35.3606,-5.7286],[-35.358,-5.7289],[-35.3551,-5.7292],[-35.3515,-5.73],[-35.3463,-5.7309],[-35.3445,-5.7318],[-35.3429,-5.733],[-35.3418,-5.7349],[-35.3411,-5.7369],[-35.3407,-5.7378],[-35.3398,-5.7382],[-35.3389,-5.7384],[-35.3376,-5.7382],[-35.3366,-5.7377],[-35.3349,-5.7365],[-35.3343,-5.7358],[-35.3324,-5.735],[-35.3292,-5.7345],[-35.3217,-5.7343],[-35.3208,-5.7345],[-35.3196,-5.735],[-35.319,-5.7357],[-35.3166,-5.7374],[-35.3154,-5.7379],[-35.3144,-5.7381],[-35.3132,-5.738],[-35.3113,-5.737],[-35.3096,-5.7358],[-35.3082,-5.7345],[-35.3069,-5.7327],[-35.3043,-5.7309],[-35.3012,-5.7292],[-35.2982,-5.7279],[-35.2936,-5.7253],[-35.2896,-5.7237],[-35.287,-5.7219],[-35.2865,-5.7209],[-35.2856,-5.718],[-35.2854,-5.711],[-35.2852,-5.7102],[-35.2841,-5.7086],[-35.2821,-5.7064],[-35.2806,-5.7052],[-35.2772,-5.7044],[-35.2764,-5.7032],[-35.2762,-5.7013],[-35.2754,-5.7006],[-35.2741,-5.7007],[-35.2694,-5.7018],[-35.2655,-5.704],[-35.2664,-5.7058],[-35.2671,-5.7072],[-35.2679,-5.7085],[-35.269,-5.7099],[-35.271,-5.7123],[-35.2724,-5.7141],[-35.2733,-5.7156],[-35.2752,-5.7196],[-35.2765,-5.7217],[-35.2771,-5.7222],[-35.2784,-5.7231],[-35.2798,-5.7236],[-35.2859,-5.7265],[-35.289,-5.7287],[-35.2902,-5.7298],[-35.2911,-5.7309],[-35.2913,-5.7325],[-35.2904,-5.7402],[-35.2902,-5.7429],[-35.2889,-5.7532],[-35.2892,-5.7532],[-35.29,-5.7543],[-35.2902,-5.7547],[-35.2946,-5.7605],[-35.3016,-5.7579],[-35.3118,-5.7541]]]}},{"type":"Feature","properties":{"c":"b169","b":169,"n":"Maçaranduba","m":"2412005","cx":-35.3744,"cy":-5.7589},"geometry":{"type":"Polygon","coordinates":[[[-35.3565,-5.7338],[-35.3537,-5.7376],[-35.3526,-5.7387],[-35.3515,-5.7393],[-35.3347,-5.7455],[-35.335,-5.7465],[-35.3351,-5.7473],[-35.3345,-5.7504],[-35.3329,-5.7599],[-35.3328,-5.7607],[-35.3394,-5.7597],[-35.3403,-5.7596],[-35.3464,-5.7581],[-35.3491,-5.7576],[-35.3437,-5.7635],[-35.3468,-5.7694],[-35.3461,-5.7705],[-35.345,-5.7715],[-35.3428,-5.7728],[-35.342,-5.7738],[-35.338,-5.7809],[-35.3376,-5.783],[-35.3368,-5.7883],[-35.3366,-5.7892],[-35.3387,-5.789],[-35.3409,-5.7889],[-35.342,-5.7887],[-35.3426,-5.7888],[-35.3466,-5.7891],[-35.3502,-5.7894],[-35.352,-5.7897],[-35.3533,-5.7898],[-35.3546,-5.7895],[-35.3539,-5.7886],[-35.3548,-5.7881],[-35.3562,-5.7878],[-35.3581,-5.7879],[-35.3591,-5.7883],[-35.3604,-5.7884],[-35.3628,-5.788],[-35.3638,-5.7881],[-35.3679,-5.789],[-35.3697,-5.7757],[-35.4021,-5.7582],[-35.4022,-5.758],[-35.3917,-5.7385],[-35.3915,-5.7385],[-35.3768,-5.7463],[-35.3813,-5.7349],[-35.3822,-5.7358],[-35.385,-5.7371],[-35.3857,-5.7361],[-35.3859,-5.7352],[-35.3845,-5.735],[-35.3838,-5.7347],[-35.3819,-5.7334],[-35.3785,-5.7318],[-35.3709,-5.7294],[-35.3696,-5.7291],[-35.3617,-5.7291],[-35.3611,-5.7285],[-35.3606,-5.7286],[-35.3565,-5.7338]]]}},{"type":"Feature","properties":{"c":"b170","b":170,"n":"Novo Amarante","m":"2412005","cx":-35.2783,"cy":-5.775},"geometry":{"type":"Polygon","coordinates":[[[-35.2794,-5.7829],[-35.2808,-5.7817],[-35.2818,-5.7816],[-35.283,-5.7811],[-35.2841,-5.7799],[-35.2814,-5.7761],[-35.2823,-5.7762],[-35.2757,-5.7676],[-35.275,-5.7678],[-35.2758,-5.7698],[-35.2754,-5.7699],[-35.2758,-5.771],[-35.2769,-5.7747],[-35.2753,-5.7743],[-35.2745,-5.7743],[-35.2754,-5.7753],[-35.2771,-5.7794],[-35.278,-5.7815],[-35.2794,-5.7829]]]}},{"type":"Feature","properties":{"c":"b171","b":171,"n":"Olho D'Água","m":"2412005","cx":-35.299,"cy":-5.7672},"geometry":{"type":"Polygon","coordinates":[[[-35.3151,-5.7689],[-35.3165,-5.7681],[-35.3166,-5.7677],[-35.3167,-5.7644],[-35.3172,-5.7636],[-35.3179,-5.7628],[-35.3167,-5.7629],[-35.306,-5.7646],[-35.3014,-5.7595],[-35.3016,-5.7587],[-35.3016,-5.7579],[-35.2946,-5.7605],[-35.2902,-5.7547],[-35.29,-5.7543],[-35.2892,-5.7532],[-35.2889,-5.7532],[-35.2883,-5.7578],[-35.2873,-5.7621],[-35.2866,-5.7635],[-35.284,-5.7644],[-35.2798,-5.766],[-35.2808,-5.7667],[-35.2846,-5.7698],[-35.288,-5.7727],[-35.2876,-5.7732],[-35.2866,-5.7749],[-35.2927,-5.777],[-35.2945,-5.778],[-35.2937,-5.7804],[-35.2973,-5.7817],[-35.297,-5.7748],[-35.2979,-5.7744],[-35.2979,-5.7756],[-35.2988,-5.7756],[-35.2988,-5.7764],[-35.3003,-5.7763],[-35.3002,-5.7735],[-35.3014,-5.773],[-35.301,-5.7724],[-35.3027,-5.7711],[-35.3035,-5.7722],[-35.3049,-5.7717],[-35.3041,-5.7704],[-35.3044,-5.7701],[-35.3075,-5.7691],[-35.3071,-5.7687],[-35.3091,-5.768],[-35.3105,-5.7696],[-35.3119,-5.769],[-35.3123,-5.7695],[-35.3124,-5.7703],[-35.3151,-5.7707],[-35.3151,-5.7689]]]}},{"type":"Feature","properties":{"c":"b172","b":172,"n":"Regomoleiro","m":"2412005","cx":-35.2904,"cy":-5.7867},"geometry":{"type":"Polygon","coordinates":[[[-35.2991,-5.7915],[-35.299,-5.7886],[-35.2974,-5.7884],[-35.2973,-5.7817],[-35.2937,-5.7804],[-35.2945,-5.778],[-35.2927,-5.777],[-35.2866,-5.7749],[-35.2861,-5.7768],[-35.285,-5.7789],[-35.2848,-5.7789],[-35.2846,-5.7798],[-35.2841,-5.7799],[-35.283,-5.7811],[-35.2818,-5.7816],[-35.2808,-5.7817],[-35.2794,-5.7829],[-35.2799,-5.7831],[-35.2814,-5.7833],[-35.2826,-5.7869],[-35.2833,-5.7865],[-35.2843,-5.7889],[-35.2843,-5.789],[-35.2859,-5.7975],[-35.2871,-5.797],[-35.2873,-5.7966],[-35.2875,-5.7972],[-35.29,-5.7977],[-35.2913,-5.7972],[-35.293,-5.7971],[-35.2952,-5.7973],[-35.2992,-5.7983],[-35.2991,-5.7915]]]}},{"type":"Feature","properties":{"c":"b173","b":173,"n":"Santa Terezinha","m":"2412005","cx":-35.3303,"cy":-5.7733},"geometry":{"type":"Polygon","coordinates":[[[-35.3285,-5.7869],[-35.3368,-5.7883],[-35.3376,-5.783],[-35.338,-5.7809],[-35.342,-5.7738],[-35.3428,-5.7728],[-35.345,-5.7715],[-35.3461,-5.7705],[-35.3468,-5.7694],[-35.3437,-5.7635],[-35.3491,-5.7576],[-35.3464,-5.7581],[-35.3403,-5.7596],[-35.3394,-5.7597],[-35.3328,-5.7607],[-35.3282,-5.7612],[-35.3179,-5.7628],[-35.3172,-5.7636],[-35.3167,-5.7644],[-35.3166,-5.7677],[-35.3165,-5.7681],[-35.3151,-5.7689],[-35.3151,-5.7707],[-35.3158,-5.7709],[-35.3181,-5.7722],[-35.3182,-5.7726],[-35.3193,-5.7894],[-35.3254,-5.7879],[-35.3272,-5.7876],[-35.3284,-5.7876],[-35.3285,-5.7869]]]}},{"type":"Feature","properties":{"c":"b174","b":174,"n":"Santo Antônio do Potengi","m":"2412005","cx":-35.3082,"cy":-5.785},"geometry":{"type":"Polygon","coordinates":[[[-35.3182,-5.7726],[-35.3181,-5.7722],[-35.3158,-5.7709],[-35.3151,-5.7707],[-35.3124,-5.7703],[-35.3123,-5.7695],[-35.3119,-5.769],[-35.3105,-5.7696],[-35.3091,-5.768],[-35.3071,-5.7687],[-35.3075,-5.7691],[-35.3044,-5.7701],[-35.3041,-5.7704],[-35.3049,-5.7717],[-35.3035,-5.7722],[-35.3027,-5.7711],[-35.301,-5.7724],[-35.3014,-5.773],[-35.3002,-5.7735],[-35.3003,-5.7763],[-35.2988,-5.7764],[-35.2988,-5.7756],[-35.2979,-5.7756],[-35.2979,-5.7744],[-35.297,-5.7748],[-35.2973,-5.7817],[-35.2974,-5.7884],[-35.299,-5.7886],[-35.2991,-5.7915],[-35.2992,-5.7983],[-35.3006,-5.7978],[-35.303,-5.7969],[-35.3059,-5.7968],[-35.3075,-5.7976],[-35.3087,-5.7985],[-35.3091,-5.7974],[-35.3094,-5.7959],[-35.3093,-5.7937],[-35.3114,-5.7925],[-35.3124,-5.7906],[-35.3124,-5.79],[-35.3135,-5.7902],[-35.315,-5.7903],[-35.3193,-5.7894],[-35.3182,-5.7726]]]}},{"type":"Feature","properties":{"c":"b175","b":175,"n":"Beira Rio","m":"2412401","cx":-36.8778,"cy":-6.4535},"geometry":{"type":"Polygon","coordinates":[[[-36.88,-6.4519],[-36.8796,-6.4519],[-36.8771,-6.4506],[-36.8757,-6.4496],[-36.8737,-6.4516],[-36.876,-6.4549],[-36.8775,-6.4573],[-36.8817,-6.4522],[-36.88,-6.4519]]]}},{"type":"Feature","properties":{"c":"b176","b":176,"n":"Centro","m":"2412401","cx":-36.879,"cy":-6.448},"geometry":{"type":"Polygon","coordinates":[[[-36.8812,-6.4469],[-36.8815,-6.4465],[-36.8786,-6.4448],[-36.877,-6.4443],[-36.8762,-6.4453],[-36.8758,-6.4463],[-36.8758,-6.4474],[-36.8761,-6.4477],[-36.8753,-6.4482],[-36.8743,-6.4478],[-36.8757,-6.4496],[-36.8771,-6.4506],[-36.8796,-6.4519],[-36.88,-6.4519],[-36.8813,-6.4496],[-36.8826,-6.4476],[-36.8812,-6.4469]]]}},{"type":"Feature","properties":{"c":"b177","b":177,"n":"Liberdade","m":"2412401","cx":-36.8831,"cy":-6.4438},"geometry":{"type":"Polygon","coordinates":[[[-36.8815,-6.4465],[-36.8812,-6.4469],[-36.8826,-6.4476],[-36.884,-6.4483],[-36.8842,-6.4481],[-36.8853,-6.4486],[-36.8861,-6.4472],[-36.886,-6.4397],[-36.8842,-6.4411],[-36.8829,-6.4423],[-36.8815,-6.4428],[-36.8786,-6.4448],[-36.8815,-6.4465]]]}},{"type":"Feature","properties":{"c":"b178","b":178,"n":"Nova Bonita","m":"2412401","cx":-36.8828,"cy":-6.45},"geometry":{"type":"Polygon","coordinates":[[[-36.8842,-6.4481],[-36.884,-6.4483],[-36.8826,-6.4476],[-36.8813,-6.4496],[-36.88,-6.4519],[-36.8817,-6.4522],[-36.8833,-6.4527],[-36.8843,-6.4504],[-36.8853,-6.4486],[-36.8842,-6.4481]]]}},{"type":"Feature","properties":{"c":"b179","b":179,"n":"Ambrozina","m":"2413409","cx":-37.4004,"cy":-6.6645},"geometry":{"type":"Polygon","coordinates":[[[-37.3981,-6.6628],[-37.4,-6.6679],[-37.4016,-6.6673],[-37.4008,-6.6654],[-37.4023,-6.6649],[-37.4016,-6.6642],[-37.3997,-6.6626],[-37.3985,-6.6619],[-37.3976,-6.6615],[-37.3981,-6.6628]]]}},{"type":"Feature","properties":{"c":"b180","b":180,"n":"Arécio Batista","m":"2413409","cx":-37.3912,"cy":-6.6613},"geometry":{"type":"Polygon","coordinates":[[[-37.3947,-6.6619],[-37.3938,-6.6609],[-37.3933,-6.6606],[-37.3931,-6.6604],[-37.3881,-6.6594],[-37.3878,-6.6608],[-37.3884,-6.6618],[-37.3902,-6.6621],[-37.3919,-6.6623],[-37.3935,-6.6628],[-37.3947,-6.6619]]]}},{"type":"Feature","properties":{"c":"b181","b":181,"n":"Centro","m":"2413409","cx":-37.3968,"cy":-6.6648},"geometry":{"type":"Polygon","coordinates":[[[-37.3933,-6.6606],[-37.3938,-6.6609],[-37.3947,-6.6619],[-37.3935,-6.6628],[-37.3946,-6.6642],[-37.3948,-6.6654],[-37.3938,-6.6673],[-37.3943,-6.6678],[-37.396,-6.667],[-37.3963,-6.6675],[-37.397,-6.6672],[-37.3977,-6.6688],[-37.4,-6.6679],[-37.3981,-6.6628],[-37.3976,-6.6615],[-37.3933,-6.6606]]]}},{"type":"Feature","properties":{"c":"b182","b":182,"n":"Derosse Mariz","m":"2413409","cx":-37.3961,"cy":-6.6683},"geometry":{"type":"Polygon","coordinates":[[[-37.3964,-6.6701],[-37.3969,-6.6692],[-37.3977,-6.6688],[-37.397,-6.6672],[-37.3963,-6.6675],[-37.396,-6.667],[-37.3943,-6.6678],[-37.3964,-6.6701]]]}},{"type":"Feature","properties":{"c":"b183","b":183,"n":"Helvécio Praxedes","m":"2413409","cx":-37.4021,"cy":-6.6677},"geometry":{"type":"Polygon","coordinates":[[[-37.4008,-6.6654],[-37.4016,-6.6673],[-37.4,-6.6679],[-37.3977,-6.6688],[-37.3969,-6.6692],[-37.3973,-6.6703],[-37.4041,-6.6675],[-37.4035,-6.6665],[-37.4023,-6.6649],[-37.4008,-6.6654]]]}},{"type":"Feature","properties":{"c":"b184","b":184,"n":"Liberdade","m":"2413409","cx":-37.3925,"cy":-6.6708},"geometry":{"type":"Polygon","coordinates":[[[-37.3943,-6.6678],[-37.3938,-6.6673],[-37.3918,-6.6686],[-37.3881,-6.6715],[-37.3911,-6.6732],[-37.3933,-6.675],[-37.3964,-6.6701],[-37.3943,-6.6678]]]}}]}