{"type":"FeatureCollection","features":[{"type":"Feature","properties":{"c":"b0","b":0,"n":"17 de Março","m":"2800308","cx":-37.097,"cy":-10.997},"geometry":{"type":"Polygon","coordinates":[[[-37.1044,-11.0074],[-37.1057,-11.0069],[-37.1035,-11.0027],[-37.1026,-11.0009],[-37.1011,-10.9981],[-37.1001,-10.9959],[-37.0986,-10.9931],[-37.0975,-10.9911],[-37.0963,-10.989],[-37.0956,-10.9876],[-37.0947,-10.9878],[-37.094,-10.9864],[-37.094,-10.9866],[-37.0824,-10.9903],[-37.0823,-10.9908],[-37.0815,-10.9912],[-37.0852,-10.9924],[-37.0924,-10.995],[-37.0925,-10.9953],[-37.0941,-10.9984],[-37.0948,-10.9995],[-37.0963,-11.0024],[-37.0989,-11.0078],[-37.0999,-11.0095],[-37.1044,-11.0074]]]}},{"type":"Feature","properties":{"c":"b1","b":1,"n":"Aeroporto","m":"2800308","cx":-37.0759,"cy":-10.9871},"geometry":{"type":"Polygon","coordinates":[[[-37.0823,-10.9908],[-37.0824,-10.9903],[-37.094,-10.9866],[-37.094,-10.9864],[-37.0947,-10.9878],[-37.0956,-10.9876],[-37.0931,-10.9823],[-37.0923,-10.981],[-37.0926,-10.9806],[-37.0923,-10.9801],[-37.0912,-10.9798],[-37.0911,-10.98],[-37.0892,-10.9794],[-37.089,-10.9798],[-37.0907,-10.9803],[-37.0916,-10.9814],[-37.0921,-10.9825],[-37.0877,-10.9803],[-37.0867,-10.9797],[-37.0823,-10.9775],[-37.0769,-10.9745],[-37.0657,-10.9799],[-37.0658,-10.98],[-37.0594,-10.9832],[-37.0587,-10.9833],[-37.0565,-10.9831],[-37.058,-10.9857],[-37.0587,-10.9863],[-37.0597,-10.9877],[-37.0615,-10.9909],[-37.0625,-10.9925],[-37.0638,-10.9942],[-37.0658,-10.9964],[-37.0678,-10.9985],[-37.0691,-11.0],[-37.0721,-10.999],[-37.0738,-10.9982],[-37.0758,-10.997],[-37.0774,-10.9957],[-37.0805,-10.9956],[-37.0807,-10.9954],[-37.0794,-10.9937],[-37.0795,-10.9935],[-37.0813,-10.9913],[-37.0815,-10.9912],[-37.0823,-10.9908]]]}},{"type":"Feature","properties":{"c":"b2","b":2,"n":"América","m":"2800308","cx":-37.079,"cy":-10.9212},"geometry":{"type":"Polygon","coordinates":[[[-37.0762,-10.9149],[-37.0742,-10.9152],[-37.075,-10.9208],[-37.0753,-10.9217],[-37.0779,-10.9276],[-37.0784,-10.9286],[-37.0807,-10.9276],[-37.0804,-10.9264],[-37.0805,-10.9251],[-37.081,-10.9235],[-37.0818,-10.9223],[-37.0848,-10.919],[-37.0884,-10.9151],[-37.088,-10.914],[-37.0858,-10.9143],[-37.0857,-10.9134],[-37.0827,-10.9138],[-37.0782,-10.9143],[-37.0761,-10.9139],[-37.0762,-10.9149]]]}},{"type":"Feature","properties":{"c":"b3","b":3,"n":"Areia Branca","m":"2800308","cx":-37.1285,"cy":-11.0642},"geometry":{"type":"Polygon","coordinates":[[[-37.1664,-11.0665],[-37.1648,-11.0643],[-37.1632,-11.0619],[-37.1611,-11.0584],[-37.1598,-11.0569],[-37.1584,-11.0557],[-37.1571,-11.0551],[-37.1556,-11.0547],[-37.1534,-11.0548],[-37.1517,-11.0551],[-37.1491,-11.0558],[-37.148,-11.0563],[-37.146,-11.0577],[-37.1439,-11.0597],[-37.1428,-11.0614],[-37.1423,-11.064],[-37.1406,-11.0643],[-37.1399,-11.064],[-37.1392,-11.0633],[-37.1384,-11.0629],[-37.1375,-11.0621],[-37.1367,-11.0615],[-37.1362,-11.0609],[-37.1361,-11.06],[-37.1353,-11.0589],[-37.1329,-11.0572],[-37.1293,-11.0502],[-37.1282,-11.0501],[-37.126,-11.0506],[-37.1182,-11.0545],[-37.1157,-11.0556],[-37.1117,-11.0573],[-37.113,-11.059],[-37.1166,-11.0641],[-37.1175,-11.0654],[-37.1221,-11.0717],[-37.1269,-11.0784],[-37.1302,-11.0777],[-37.1337,-11.0773],[-37.136,-11.077],[-37.1369,-11.0768],[-37.1361,-11.0756],[-37.1349,-11.0739],[-37.136,-11.0737],[-37.1379,-11.0736],[-37.1415,-11.0732],[-37.1417,-11.0745],[-37.1423,-11.0744],[-37.1425,-11.0756],[-37.1422,-11.0757],[-37.1429,-11.0767],[-37.1444,-11.0762],[-37.1453,-11.0762],[-37.1458,-11.0775],[-37.1468,-11.0774],[-37.1481,-11.077],[-37.1485,-11.0779],[-37.149,-11.0779],[-37.1617,-11.0696],[-37.1622,-11.0686],[-37.1633,-11.0679],[-37.1638,-11.0682],[-37.1664,-11.0665]]]}},{"type":"Feature","properties":{"c":"b4","b":4,"n":"Atalaia","m":"2800308","cx":-37.052,"cy":-10.9893},"geometry":{"type":"Polygon","coordinates":[[[-37.0516,-10.9777],[-37.0499,-10.9779],[-37.049,-10.9782],[-37.0489,-10.9779],[-37.0471,-10.9785],[-37.0423,-10.9796],[-37.0367,-10.9817],[-37.0375,-10.9827],[-37.0409,-10.9864],[-37.0462,-10.9925],[-37.0515,-10.9986],[-37.0528,-11.0],[-37.055,-11.0026],[-37.058,-11.0008],[-37.0598,-10.9999],[-37.0601,-10.9996],[-37.0658,-10.9964],[-37.0638,-10.9942],[-37.0625,-10.9925],[-37.0615,-10.9909],[-37.0597,-10.9877],[-37.0587,-10.9863],[-37.058,-10.9857],[-37.0565,-10.9831],[-37.0552,-10.9829],[-37.0543,-10.9831],[-37.0531,-10.9838],[-37.0532,-10.9835],[-37.053,-10.9807],[-37.0535,-10.9794],[-37.0536,-10.9785],[-37.0537,-10.9761],[-37.0531,-10.976],[-37.0516,-10.9777]]]}},{"type":"Feature","properties":{"c":"b5","b":5,"n":"Bairro Aruana","m":"2800308","cx":-37.0797,"cy":-11.0086},"geometry":{"type":"Polygon","coordinates":[[[-37.0989,-11.0078],[-37.0963,-11.0024],[-37.0948,-10.9995],[-37.0941,-10.9984],[-37.0925,-10.9953],[-37.0924,-10.995],[-37.0852,-10.9924],[-37.0815,-10.9912],[-37.0813,-10.9913],[-37.0795,-10.9935],[-37.0794,-10.9937],[-37.0807,-10.9954],[-37.0805,-10.9956],[-37.0774,-10.9957],[-37.0758,-10.997],[-37.0738,-10.9982],[-37.0721,-10.999],[-37.0691,-11.0],[-37.0678,-10.9985],[-37.0658,-10.9964],[-37.0601,-10.9996],[-37.0598,-10.9999],[-37.058,-11.0008],[-37.055,-11.0026],[-37.0581,-11.0062],[-37.0618,-11.0109],[-37.0633,-11.0129],[-37.0664,-11.0171],[-37.0715,-11.0241],[-37.0729,-11.0262],[-37.0758,-11.0251],[-37.0784,-11.0238],[-37.0795,-11.0232],[-37.0818,-11.0218],[-37.0847,-11.0205],[-37.0844,-11.0202],[-37.0873,-11.0183],[-37.0905,-11.0162],[-37.0936,-11.0141],[-37.0968,-11.012],[-37.097,-11.0107],[-37.0991,-11.0101],[-37.0999,-11.0095],[-37.0989,-11.0078]]]}},{"type":"Feature","properties":{"c":"b6","b":6,"n":"Bugio","m":"2800308","cx":-37.0967,"cy":-10.8901},"geometry":{"type":"Polygon","coordinates":[[[-37.1048,-10.891],[-37.1045,-10.8892],[-37.1044,-10.8878],[-37.1037,-10.8872],[-37.1023,-10.8872],[-37.1014,-10.8873],[-37.1009,-10.8878],[-37.0997,-10.8877],[-37.0986,-10.8873],[-37.0978,-10.8874],[-37.0975,-10.8872],[-37.0967,-10.8873],[-37.096,-10.887],[-37.096,-10.8866],[-37.0955,-10.8867],[-37.0953,-10.8862],[-37.0948,-10.8863],[-37.094,-10.8854],[-37.0933,-10.8859],[-37.0927,-10.8875],[-37.0917,-10.8876],[-37.0916,-10.8871],[-37.0903,-10.8875],[-37.0897,-10.8884],[-37.0897,-10.8892],[-37.089,-10.8896],[-37.0886,-10.8906],[-37.0889,-10.8906],[-37.0891,-10.8914],[-37.0877,-10.8918],[-37.0877,-10.8926],[-37.0872,-10.8943],[-37.0873,-10.8949],[-37.0886,-10.8952],[-37.0895,-10.8957],[-37.0915,-10.895],[-37.0974,-10.8939],[-37.0983,-10.8937],[-37.1017,-10.8914],[-37.102,-10.8915],[-37.1039,-10.8911],[-37.1045,-10.8912],[-37.1044,-10.8915],[-37.1048,-10.891]]]}},{"type":"Feature","properties":{"c":"b7","b":7,"n":"Capucho","m":"2800308","cx":-37.0959,"cy":-10.9146},"geometry":{"type":"Polygon","coordinates":[[[-37.0912,-10.9087],[-37.0907,-10.91],[-37.0902,-10.9117],[-37.0891,-10.9141],[-37.0884,-10.9151],[-37.0848,-10.919],[-37.0874,-10.9199],[-37.0947,-10.9226],[-37.0956,-10.9228],[-37.0963,-10.9228],[-37.1001,-10.9215],[-37.1021,-10.9171],[-37.1027,-10.9156],[-37.1047,-10.9111],[-37.1071,-10.9057],[-37.1017,-10.9064],[-37.0962,-10.9072],[-37.0927,-10.9077],[-37.0912,-10.9087]]]}},{"type":"Feature","properties":{"c":"b8","b":8,"n":"Centro","m":"2800308","cx":-37.0525,"cy":-10.9126},"geometry":{"type":"Polygon","coordinates":[[[-37.048,-10.9184],[-37.0574,-10.9185],[-37.0574,-10.914],[-37.0575,-10.9063],[-37.0527,-10.906],[-37.0526,-10.9059],[-37.0495,-10.9056],[-37.0495,-10.9043],[-37.0479,-10.9042],[-37.0475,-10.9043],[-37.0477,-10.9056],[-37.0476,-10.9062],[-37.048,-10.9066],[-37.0478,-10.9086],[-37.0476,-10.9087],[-37.0477,-10.9099],[-37.0476,-10.9112],[-37.0476,-10.915],[-37.0472,-10.9165],[-37.0466,-10.9184],[-37.048,-10.9184]]]}},{"type":"Feature","properties":{"c":"b9","b":9,"n":"Cidade Nova","m":"2800308","cx":-37.0728,"cy":-10.889},"geometry":{"type":"Polygon","coordinates":[[[-37.0777,-10.8895],[-37.0767,-10.888],[-37.0747,-10.8863],[-37.0747,-10.885],[-37.0748,-10.8845],[-37.0732,-10.8833],[-37.072,-10.8852],[-37.071,-10.8857],[-37.0701,-10.8864],[-37.0697,-10.8871],[-37.0694,-10.8879],[-37.0689,-10.8885],[-37.0668,-10.8902],[-37.0659,-10.8909],[-37.0651,-10.8922],[-37.0677,-10.8951],[-37.0713,-10.8931],[-37.0724,-10.8933],[-37.0735,-10.8925],[-37.074,-10.8918],[-37.0749,-10.8911],[-37.0772,-10.8898],[-37.0777,-10.8895]]]}},{"type":"Feature","properties":{"c":"b10","b":10,"n":"Cirurgia","m":"2800308","cx":-37.063,"cy":-10.9165},"geometry":{"type":"Polygon","coordinates":[[[-37.0694,-10.9187],[-37.0676,-10.9137],[-37.0642,-10.9141],[-37.0597,-10.9141],[-37.0597,-10.9144],[-37.0589,-10.9144],[-37.0585,-10.914],[-37.0574,-10.914],[-37.0574,-10.9185],[-37.0643,-10.9186],[-37.0694,-10.9187]]]}},{"type":"Feature","properties":{"c":"b11","b":11,"n":"Coroa do Meio","m":"2800308","cx":-37.0444,"cy":-10.9593},"geometry":{"type":"Polygon","coordinates":[[[-37.0423,-10.9796],[-37.0471,-10.9785],[-37.0489,-10.9779],[-37.049,-10.9782],[-37.0499,-10.9779],[-37.0516,-10.9777],[-37.0531,-10.976],[-37.0529,-10.9744],[-37.0529,-10.973],[-37.053,-10.9722],[-37.0529,-10.971],[-37.0526,-10.9691],[-37.0522,-10.9677],[-37.052,-10.9656],[-37.0485,-10.9662],[-37.0467,-10.9667],[-37.0459,-10.9668],[-37.0457,-10.966],[-37.0462,-10.9647],[-37.0467,-10.9638],[-37.0467,-10.9626],[-37.0474,-10.9606],[-37.0475,-10.9597],[-37.0481,-10.959],[-37.0486,-10.9577],[-37.0488,-10.956],[-37.0487,-10.9557],[-37.0494,-10.9528],[-37.0493,-10.9522],[-37.0495,-10.9514],[-37.0494,-10.9509],[-37.0489,-10.9505],[-37.0482,-10.952],[-37.0472,-10.9522],[-37.0467,-10.9517],[-37.0463,-10.9505],[-37.0462,-10.9497],[-37.0464,-10.9482],[-37.0468,-10.9473],[-37.0476,-10.9469],[-37.0483,-10.9472],[-37.0488,-10.9486],[-37.0492,-10.9487],[-37.0496,-10.9482],[-37.0497,-10.9467],[-37.0496,-10.9443],[-37.0492,-10.9427],[-37.0485,-10.942],[-37.0477,-10.9415],[-37.0462,-10.9402],[-37.0453,-10.9385],[-37.0448,-10.938],[-37.043,-10.9372],[-37.0422,-10.9372],[-37.0422,-10.9379],[-37.043,-10.9388],[-37.0438,-10.9401],[-37.044,-10.9409],[-37.0442,-10.9432],[-37.0445,-10.9449],[-37.0443,-10.9459],[-37.0437,-10.9467],[-37.044,-10.9494],[-37.0438,-10.953],[-37.0426,-10.956],[-37.04,-10.9615],[-37.0394,-10.9623],[-37.0356,-10.9597],[-37.0358,-10.9602],[-37.0362,-10.9627],[-37.0355,-10.966],[-37.0347,-10.9686],[-37.0336,-10.9706],[-37.0335,-10.9713],[-37.0339,-10.9743],[-37.034,-10.976],[-37.0345,-10.9778],[-37.0349,-10.9784],[-37.0354,-10.9798],[-37.0367,-10.9817],[-37.0423,-10.9796]]]}},{"type":"Feature","properties":{"c":"b12","b":12,"n":"Dezoito do Forte","m":"2800308","cx":-37.0734,"cy":-10.8979},"geometry":{"type":"Polygon","coordinates":[[[-37.0749,-10.8911],[-37.074,-10.8918],[-37.0735,-10.8925],[-37.0724,-10.8933],[-37.0713,-10.8931],[-37.0677,-10.8951],[-37.0678,-10.8962],[-37.0674,-10.8974],[-37.066,-10.8986],[-37.065,-10.8987],[-37.0635,-10.8985],[-37.0624,-10.8981],[-37.0608,-10.8989],[-37.0609,-10.9],[-37.0609,-10.903],[-37.0613,-10.9031],[-37.0623,-10.9044],[-37.0629,-10.9063],[-37.0642,-10.9061],[-37.0655,-10.9058],[-37.0671,-10.9058],[-37.0736,-10.9049],[-37.0735,-10.9035],[-37.0746,-10.9034],[-37.0765,-10.9036],[-37.0769,-10.9009],[-37.0772,-10.9],[-37.0803,-10.8977],[-37.0776,-10.8935],[-37.0776,-10.892],[-37.0774,-10.892],[-37.0772,-10.8898],[-37.0749,-10.8911]]]}},{"type":"Feature","properties":{"c":"b13","b":13,"n":"Dom Luciano","m":"2800308","cx":-37.0781,"cy":-10.8839},"geometry":{"type":"Polygon","coordinates":[[[-37.0828,-10.8864],[-37.0834,-10.8856],[-37.0809,-10.8819],[-37.0799,-10.8802],[-37.0784,-10.8781],[-37.0781,-10.8773],[-37.0757,-10.8777],[-37.0749,-10.8783],[-37.0737,-10.8809],[-37.0734,-10.8813],[-37.0728,-10.8816],[-37.0728,-10.8823],[-37.0732,-10.8833],[-37.0748,-10.8845],[-37.0747,-10.885],[-37.0747,-10.8863],[-37.0767,-10.888],[-37.0777,-10.8895],[-37.0828,-10.8864]]]}},{"type":"Feature","properties":{"c":"b14","b":14,"n":"Farolândia","m":"2800308","cx":-37.0656,"cy":-10.9686},"geometry":{"type":"Polygon","coordinates":[[[-37.0587,-10.9833],[-37.0594,-10.9832],[-37.0658,-10.98],[-37.0657,-10.9799],[-37.0769,-10.9745],[-37.08,-10.9729],[-37.0795,-10.972],[-37.079,-10.9717],[-37.0788,-10.9711],[-37.0783,-10.9709],[-37.0784,-10.9691],[-37.0789,-10.9682],[-37.0785,-10.9679],[-37.0772,-10.968],[-37.0768,-10.9679],[-37.0765,-10.9667],[-37.0748,-10.9662],[-37.0738,-10.9652],[-37.0736,-10.9641],[-37.0741,-10.9633],[-37.0748,-10.9627],[-37.0748,-10.9622],[-37.0736,-10.9616],[-37.0735,-10.9604],[-37.0727,-10.9598],[-37.0713,-10.9581],[-37.0682,-10.9567],[-37.0668,-10.9567],[-37.0628,-10.9579],[-37.0617,-10.9576],[-37.0615,-10.9572],[-37.0616,-10.9553],[-37.0612,-10.9544],[-37.0607,-10.9538],[-37.0601,-10.9535],[-37.0591,-10.9534],[-37.0581,-10.9539],[-37.0576,-10.9546],[-37.0572,-10.956],[-37.0568,-10.9565],[-37.0559,-10.9575],[-37.0543,-10.9586],[-37.0541,-10.9583],[-37.0532,-10.9585],[-37.0523,-10.9583],[-37.0514,-10.9579],[-37.0518,-10.9642],[-37.052,-10.9656],[-37.0522,-10.9677],[-37.0526,-10.9691],[-37.0529,-10.971],[-37.053,-10.9722],[-37.0529,-10.973],[-37.0529,-10.9744],[-37.0531,-10.976],[-37.0537,-10.9761],[-37.0536,-10.9785],[-37.0535,-10.9794],[-37.053,-10.9807],[-37.0532,-10.9835],[-37.0531,-10.9838],[-37.0543,-10.9831],[-37.0552,-10.9829],[-37.0565,-10.9831],[-37.0587,-10.9833]]]}},{"type":"Feature","properties":{"c":"b15","b":15,"n":"Gameleira","m":"2800308","cx":-37.1164,"cy":-11.0764},"geometry":{"type":"Polygon","coordinates":[[[-37.1105,-11.0604],[-37.1059,-11.0618],[-37.1017,-11.0635],[-37.0994,-11.0649],[-37.1014,-11.068],[-37.1059,-11.0744],[-37.1145,-11.0869],[-37.1199,-11.0945],[-37.1223,-11.0939],[-37.1282,-11.0924],[-37.1279,-11.0914],[-37.1271,-11.0889],[-37.1281,-11.0887],[-37.1299,-11.0882],[-37.1328,-11.0876],[-37.1332,-11.0875],[-37.1322,-11.0859],[-37.1306,-11.0835],[-37.1269,-11.0784],[-37.1221,-11.0717],[-37.1175,-11.0654],[-37.1166,-11.0641],[-37.113,-11.059],[-37.1105,-11.0604]]]}},{"type":"Feature","properties":{"c":"b16","b":16,"n":"Getúlio Vargas","m":"2800308","cx":-37.062,"cy":-10.9092},"geometry":{"type":"Polygon","coordinates":[[[-37.0667,-10.9104],[-37.0662,-10.9081],[-37.0655,-10.9058],[-37.0642,-10.9061],[-37.0629,-10.9063],[-37.0611,-10.9066],[-37.0604,-10.9065],[-37.0575,-10.9063],[-37.0574,-10.914],[-37.0585,-10.914],[-37.0589,-10.9144],[-37.0597,-10.9144],[-37.0597,-10.9141],[-37.0642,-10.9141],[-37.0676,-10.9137],[-37.0667,-10.9104]]]}},{"type":"Feature","properties":{"c":"b17","b":17,"n":"Grageru","m":"2800308","cx":-37.0634,"cy":-10.9418},"geometry":{"type":"Polygon","coordinates":[[[-37.0545,-10.9347],[-37.0551,-10.9375],[-37.0552,-10.938],[-37.0561,-10.9388],[-37.0572,-10.9394],[-37.059,-10.9406],[-37.0614,-10.9431],[-37.0622,-10.9451],[-37.0627,-10.9458],[-37.0631,-10.9471],[-37.0668,-10.951],[-37.0678,-10.9508],[-37.069,-10.9504],[-37.0701,-10.9499],[-37.071,-10.9493],[-37.073,-10.9473],[-37.0647,-10.9402],[-37.0641,-10.9396],[-37.0634,-10.9385],[-37.0629,-10.9369],[-37.0628,-10.9351],[-37.0621,-10.9337],[-37.0609,-10.9304],[-37.0586,-10.9319],[-37.0542,-10.9339],[-37.0545,-10.9347]]]}},{"type":"Feature","properties":{"c":"b18","b":18,"n":"Industrial","m":"2800308","cx":-37.0533,"cy":-10.8939},"geometry":{"type":"Polygon","coordinates":[[[-37.0576,-10.8901],[-37.0574,-10.8902],[-37.0555,-10.8903],[-37.053,-10.8903],[-37.052,-10.8904],[-37.0515,-10.888],[-37.0512,-10.8874],[-37.0485,-10.8826],[-37.0483,-10.8821],[-37.0454,-10.8828],[-37.0463,-10.8839],[-37.0465,-10.8858],[-37.0477,-10.8895],[-37.0478,-10.8904],[-37.0482,-10.8915],[-37.0482,-10.8927],[-37.0486,-10.8931],[-37.0488,-10.8943],[-37.0486,-10.8962],[-37.0486,-10.8974],[-37.0482,-10.8985],[-37.0487,-10.8991],[-37.0487,-10.9022],[-37.0478,-10.9029],[-37.0477,-10.9034],[-37.0479,-10.9042],[-37.0495,-10.9043],[-37.0495,-10.9056],[-37.0526,-10.9059],[-37.0575,-10.8992],[-37.0585,-10.8979],[-37.0576,-10.897],[-37.058,-10.8955],[-37.0574,-10.8951],[-37.058,-10.8935],[-37.0581,-10.8921],[-37.0587,-10.8914],[-37.0589,-10.8903],[-37.0576,-10.8901]]]}},{"type":"Feature","properties":{"c":"b19","b":19,"n":"Inácio Barbosa","m":"2800308","cx":-37.0726,"cy":-10.9518},"geometry":{"type":"Polygon","coordinates":[[[-37.0852,-10.9552],[-37.0833,-10.9531],[-37.0825,-10.9505],[-37.0788,-10.9448],[-37.0774,-10.9429],[-37.0743,-10.9461],[-37.073,-10.9473],[-37.071,-10.9493],[-37.0701,-10.9499],[-37.069,-10.9504],[-37.0678,-10.9508],[-37.0668,-10.951],[-37.0578,-10.9526],[-37.0568,-10.953],[-37.0554,-10.9537],[-37.0534,-10.9551],[-37.0511,-10.956],[-37.0514,-10.9579],[-37.0523,-10.9583],[-37.0532,-10.9585],[-37.0541,-10.9583],[-37.0543,-10.9586],[-37.0559,-10.9575],[-37.0568,-10.9565],[-37.0572,-10.956],[-37.0576,-10.9546],[-37.0581,-10.9539],[-37.0591,-10.9534],[-37.0601,-10.9535],[-37.0607,-10.9538],[-37.0612,-10.9544],[-37.0616,-10.9553],[-37.0615,-10.9572],[-37.0617,-10.9576],[-37.0628,-10.9579],[-37.0668,-10.9567],[-37.0682,-10.9567],[-37.0713,-10.9581],[-37.0727,-10.9598],[-37.0735,-10.9604],[-37.0748,-10.9603],[-37.0787,-10.9594],[-37.0841,-10.9582],[-37.0848,-10.9573],[-37.0851,-10.9562],[-37.0852,-10.9552]]]}},{"type":"Feature","properties":{"c":"b20","b":20,"n":"Jabotiana","m":"2800308","cx":-37.0853,"cy":-10.9439},"geometry":{"type":"Polygon","coordinates":[[[-37.0788,-10.9448],[-37.0825,-10.9505],[-37.0833,-10.9531],[-37.0852,-10.9552],[-37.0851,-10.9562],[-37.0887,-10.9572],[-37.0894,-10.9576],[-37.0899,-10.9584],[-37.0908,-10.9613],[-37.0916,-10.9627],[-37.0939,-10.9652],[-37.0948,-10.9661],[-37.097,-10.9667],[-37.0997,-10.969],[-37.1004,-10.9693],[-37.1027,-10.9699],[-37.0982,-10.9584],[-37.0979,-10.9577],[-37.0955,-10.9514],[-37.0939,-10.9473],[-37.0936,-10.9465],[-37.0921,-10.9427],[-37.0914,-10.941],[-37.0938,-10.9355],[-37.0944,-10.9342],[-37.0972,-10.9279],[-37.1001,-10.9215],[-37.0963,-10.9228],[-37.0956,-10.9228],[-37.0947,-10.9226],[-37.0874,-10.9199],[-37.0848,-10.919],[-37.0818,-10.9223],[-37.081,-10.9235],[-37.0805,-10.9251],[-37.0804,-10.9264],[-37.0807,-10.9276],[-37.0824,-10.9322],[-37.083,-10.9341],[-37.083,-10.936],[-37.0827,-10.9369],[-37.0818,-10.9385],[-37.0803,-10.94],[-37.0774,-10.9429],[-37.0788,-10.9448]]]}},{"type":"Feature","properties":{"c":"b21","b":21,"n":"Japãozinho","m":"2800308","cx":-37.0691,"cy":-10.8837},"geometry":{"type":"Polygon","coordinates":[[[-37.0649,-10.887],[-37.0655,-10.8887],[-37.0668,-10.8902],[-37.0689,-10.8885],[-37.0694,-10.8879],[-37.0697,-10.8871],[-37.0701,-10.8864],[-37.071,-10.8857],[-37.072,-10.8852],[-37.0732,-10.8833],[-37.0728,-10.8823],[-37.0728,-10.8816],[-37.0728,-10.8807],[-37.0725,-10.8802],[-37.0725,-10.8784],[-37.0722,-10.8784],[-37.0722,-10.8793],[-37.0719,-10.8794],[-37.0714,-10.8802],[-37.0721,-10.8805],[-37.0721,-10.8808],[-37.0714,-10.8812],[-37.0707,-10.8812],[-37.07,-10.8817],[-37.0694,-10.8803],[-37.0685,-10.8802],[-37.0681,-10.8799],[-37.0672,-10.8797],[-37.067,-10.8777],[-37.0656,-10.8773],[-37.0654,-10.881],[-37.0652,-10.8815],[-37.0653,-10.883],[-37.0656,-10.8834],[-37.0649,-10.884],[-37.0641,-10.8859],[-37.0634,-10.8865],[-37.0649,-10.887]]]}},{"type":"Feature","properties":{"c":"b22","b":22,"n":"Jardim Centenário","m":"2800308","cx":-37.0962,"cy":-10.8964},"geometry":{"type":"Polygon","coordinates":[[[-37.1019,-10.8946],[-37.1019,-10.893],[-37.1026,-10.8921],[-37.103,-10.8921],[-37.1044,-10.8915],[-37.1045,-10.8912],[-37.1039,-10.8911],[-37.102,-10.8915],[-37.1017,-10.8914],[-37.0983,-10.8937],[-37.0974,-10.8939],[-37.0915,-10.895],[-37.0895,-10.8957],[-37.0897,-10.8964],[-37.0895,-10.8978],[-37.0897,-10.8984],[-37.0896,-10.8997],[-37.0902,-10.9003],[-37.0904,-10.9002],[-37.0908,-10.9009],[-37.0915,-10.9006],[-37.092,-10.901],[-37.0925,-10.9019],[-37.0941,-10.901],[-37.0976,-10.8991],[-37.0978,-10.8994],[-37.1008,-10.8976],[-37.1028,-10.8965],[-37.1028,-10.8963],[-37.1019,-10.8946]]]}},{"type":"Feature","properties":{"c":"b23","b":23,"n":"Jardins","m":"2800308","cx":-37.0562,"cy":-10.9444},"geometry":{"type":"Polygon","coordinates":[[[-37.0631,-10.9471],[-37.0627,-10.9458],[-37.0622,-10.9451],[-37.0614,-10.9431],[-37.059,-10.9406],[-37.0572,-10.9394],[-37.0561,-10.9388],[-37.0552,-10.938],[-37.0551,-10.9375],[-37.0545,-10.9347],[-37.0542,-10.9339],[-37.0504,-10.9356],[-37.0471,-10.9357],[-37.0472,-10.9361],[-37.047,-10.9373],[-37.0483,-10.9394],[-37.0493,-10.9405],[-37.0499,-10.9421],[-37.0504,-10.9438],[-37.0506,-10.9461],[-37.0509,-10.95],[-37.0506,-10.9516],[-37.0511,-10.956],[-37.0534,-10.9551],[-37.0554,-10.9537],[-37.0568,-10.953],[-37.0578,-10.9526],[-37.0668,-10.951],[-37.0631,-10.9471]]]}},{"type":"Feature","properties":{"c":"b24","b":24,"n":"José Conrado de Araújo","m":"2800308","cx":-37.0829,"cy":-10.9056},"geometry":{"type":"Polygon","coordinates":[[[-37.0883,-10.9075],[-37.089,-10.9069],[-37.0905,-10.9062],[-37.0916,-10.906],[-37.0925,-10.9052],[-37.0929,-10.9042],[-37.0928,-10.9028],[-37.0925,-10.9019],[-37.0917,-10.9023],[-37.0893,-10.9027],[-37.0887,-10.9029],[-37.0791,-10.9042],[-37.0768,-10.9044],[-37.0736,-10.9049],[-37.074,-10.9083],[-37.0743,-10.9091],[-37.0751,-10.9101],[-37.0754,-10.9099],[-37.0817,-10.9091],[-37.0889,-10.9082],[-37.0883,-10.9075]]]}},{"type":"Feature","properties":{"c":"b25","b":25,"n":"Lamarão","m":"2800308","cx":-37.0788,"cy":-10.8718},"geometry":{"type":"Polygon","coordinates":[[[-37.0734,-10.8813],[-37.0737,-10.8809],[-37.0749,-10.8783],[-37.0757,-10.8777],[-37.0781,-10.8773],[-37.0773,-10.8752],[-37.0772,-10.8747],[-37.0789,-10.8744],[-37.0794,-10.874],[-37.0801,-10.874],[-37.0806,-10.8744],[-37.0807,-10.875],[-37.0816,-10.8747],[-37.0823,-10.8769],[-37.083,-10.8765],[-37.083,-10.877],[-37.0834,-10.8775],[-37.0838,-10.8772],[-37.0844,-10.8772],[-37.0847,-10.8781],[-37.0853,-10.8781],[-37.0853,-10.8786],[-37.088,-10.8796],[-37.0887,-10.8791],[-37.0868,-10.8784],[-37.0876,-10.8776],[-37.0877,-10.8764],[-37.0874,-10.8759],[-37.087,-10.8758],[-37.0865,-10.8764],[-37.0862,-10.8759],[-37.085,-10.8764],[-37.0846,-10.8759],[-37.0849,-10.8756],[-37.0844,-10.8749],[-37.0843,-10.8738],[-37.0839,-10.8733],[-37.0843,-10.8728],[-37.0852,-10.8725],[-37.0857,-10.8712],[-37.0863,-10.8707],[-37.0874,-10.8705],[-37.0859,-10.8685],[-37.0853,-10.8677],[-37.0835,-10.8646],[-37.0825,-10.8636],[-37.0819,-10.8632],[-37.0812,-10.8631],[-37.0791,-10.8635],[-37.0784,-10.8635],[-37.076,-10.8641],[-37.0751,-10.8645],[-37.0732,-10.8656],[-37.0721,-10.8668],[-37.0718,-10.8677],[-37.0718,-10.8692],[-37.0721,-10.8708],[-37.0722,-10.8725],[-37.0719,-10.8744],[-37.0711,-10.8757],[-37.07,-10.8767],[-37.0689,-10.8775],[-37.067,-10.8777],[-37.0672,-10.8797],[-37.0681,-10.8799],[-37.0685,-10.8802],[-37.0694,-10.8803],[-37.07,-10.8817],[-37.0707,-10.8812],[-37.0714,-10.8812],[-37.0721,-10.8808],[-37.0721,-10.8805],[-37.0714,-10.8802],[-37.0719,-10.8794],[-37.0722,-10.8793],[-37.0722,-10.8784],[-37.0725,-10.8784],[-37.0725,-10.8802],[-37.0728,-10.8807],[-37.0728,-10.8816],[-37.0734,-10.8813]]]}},{"type":"Feature","properties":{"c":"b26","b":26,"n":"Luzia","m":"2800308","cx":-37.066,"cy":-10.9373},"geometry":{"type":"Polygon","coordinates":[[[-37.0743,-10.9461],[-37.0774,-10.9429],[-37.077,-10.9424],[-37.0755,-10.9394],[-37.0749,-10.9389],[-37.0729,-10.9387],[-37.0722,-10.9391],[-37.0711,-10.9387],[-37.0693,-10.9382],[-37.0687,-10.9378],[-37.0693,-10.9364],[-37.0702,-10.9349],[-37.0702,-10.9323],[-37.0701,-10.9308],[-37.0694,-10.9278],[-37.0668,-10.9286],[-37.0633,-10.9295],[-37.0609,-10.9304],[-37.0621,-10.9337],[-37.0628,-10.9351],[-37.0629,-10.9369],[-37.0634,-10.9385],[-37.0641,-10.9396],[-37.0647,-10.9402],[-37.073,-10.9473],[-37.0743,-10.9461]]]}},{"type":"Feature","properties":{"c":"b27","b":27,"n":"Marivan","m":"2800308","cx":-37.0932,"cy":-10.9797},"geometry":{"type":"Polygon","coordinates":[[[-37.0769,-10.9745],[-37.0823,-10.9775],[-37.0867,-10.9797],[-37.0877,-10.9803],[-37.0921,-10.9825],[-37.0916,-10.9814],[-37.0907,-10.9803],[-37.089,-10.9798],[-37.0892,-10.9794],[-37.0911,-10.98],[-37.0912,-10.9798],[-37.0923,-10.9801],[-37.0926,-10.9806],[-37.0923,-10.981],[-37.0931,-10.9823],[-37.0956,-10.9876],[-37.0976,-10.9867],[-37.0965,-10.9842],[-37.0969,-10.984],[-37.0965,-10.9822],[-37.0965,-10.981],[-37.0961,-10.9796],[-37.0949,-10.9749],[-37.0944,-10.9731],[-37.0938,-10.9725],[-37.0926,-10.9719],[-37.0917,-10.9724],[-37.0914,-10.9732],[-37.0901,-10.9736],[-37.0895,-10.974],[-37.0883,-10.974],[-37.0882,-10.9748],[-37.0864,-10.9759],[-37.0848,-10.9767],[-37.0845,-10.9766],[-37.0847,-10.9758],[-37.0829,-10.9761],[-37.0827,-10.9759],[-37.0825,-10.975],[-37.0812,-10.9749],[-37.0805,-10.9743],[-37.0806,-10.9733],[-37.08,-10.9729],[-37.0769,-10.9745]]]}},{"type":"Feature","properties":{"c":"b28","b":28,"n":"Matapoã","m":"2800308","cx":-37.1488,"cy":-11.0819},"geometry":{"type":"Polygon","coordinates":[[[-37.1482,-11.0942],[-37.1488,-11.0942],[-37.1487,-11.0937],[-37.1495,-11.0917],[-37.1509,-11.0897],[-37.1517,-11.0889],[-37.1535,-11.0875],[-37.1568,-11.0861],[-37.1588,-11.0855],[-37.1629,-11.0841],[-37.1647,-11.0836],[-37.1661,-11.083],[-37.1704,-11.0808],[-37.1714,-11.0805],[-37.1718,-11.0795],[-37.1716,-11.0784],[-37.1707,-11.0769],[-37.1687,-11.0745],[-37.1682,-11.0736],[-37.1665,-11.0713],[-37.1638,-11.0682],[-37.1633,-11.0679],[-37.1622,-11.0686],[-37.1617,-11.0696],[-37.149,-11.0779],[-37.1485,-11.0779],[-37.1481,-11.077],[-37.1468,-11.0774],[-37.1458,-11.0775],[-37.1453,-11.0762],[-37.1444,-11.0762],[-37.1429,-11.0767],[-37.1422,-11.0757],[-37.1425,-11.0756],[-37.1423,-11.0744],[-37.1417,-11.0745],[-37.1415,-11.0732],[-37.1379,-11.0736],[-37.136,-11.0737],[-37.1349,-11.0739],[-37.1361,-11.0756],[-37.1369,-11.0768],[-37.136,-11.077],[-37.1337,-11.0773],[-37.1302,-11.0777],[-37.1269,-11.0784],[-37.1306,-11.0835],[-37.1322,-11.0859],[-37.1348,-11.0852],[-37.1361,-11.0868],[-37.1371,-11.0884],[-37.1375,-11.0892],[-37.1395,-11.0891],[-37.141,-11.0913],[-37.1427,-11.094],[-37.1441,-11.0935],[-37.1446,-11.0938],[-37.1454,-11.094],[-37.1461,-11.0947],[-37.1482,-11.0942]]]}},{"type":"Feature","properties":{"c":"b29","b":29,"n":"Mosqueiro","m":"2800308","cx":-37.1456,"cy":-11.1119},"geometry":{"type":"Polygon","coordinates":[[[-37.1239,-11.1004],[-37.1257,-11.1031],[-37.1284,-11.1076],[-37.1303,-11.1105],[-37.1329,-11.1141],[-37.135,-11.1173],[-37.1372,-11.1213],[-37.1406,-11.1278],[-37.144,-11.1339],[-37.1444,-11.135],[-37.1449,-11.1355],[-37.1507,-11.1378],[-37.1529,-11.138],[-37.1548,-11.1376],[-37.1557,-11.1369],[-37.1566,-11.1357],[-37.157,-11.1339],[-37.1568,-11.1311],[-37.157,-11.128],[-37.1569,-11.1261],[-37.157,-11.1236],[-37.1572,-11.1212],[-37.1575,-11.1189],[-37.158,-11.1171],[-37.1588,-11.1148],[-37.1597,-11.1124],[-37.1606,-11.1103],[-37.1606,-11.1099],[-37.1585,-11.1114],[-37.1526,-11.1097],[-37.1516,-11.1092],[-37.1509,-11.1084],[-37.1499,-11.1069],[-37.1516,-11.1058],[-37.1513,-11.1052],[-37.1524,-11.1045],[-37.1522,-11.104],[-37.1494,-11.0999],[-37.1471,-11.0996],[-37.146,-11.0991],[-37.1465,-11.0988],[-37.1461,-11.0977],[-37.1449,-11.0959],[-37.1447,-11.0953],[-37.1461,-11.0947],[-37.1454,-11.094],[-37.1446,-11.0938],[-37.1441,-11.0935],[-37.1427,-11.094],[-37.141,-11.0913],[-37.1395,-11.0891],[-37.1375,-11.0892],[-37.1371,-11.0884],[-37.1361,-11.0868],[-37.1348,-11.0852],[-37.1322,-11.0859],[-37.1332,-11.0875],[-37.1328,-11.0876],[-37.1299,-11.0882],[-37.1281,-11.0887],[-37.1271,-11.0889],[-37.1279,-11.0914],[-37.1282,-11.0924],[-37.1223,-11.0939],[-37.1199,-11.0945],[-37.1239,-11.1004]]]}},{"type":"Feature","properties":{"c":"b30","b":30,"n":"Novo Paraíso","m":"2800308","cx":-37.083,"cy":-10.9112},"geometry":{"type":"Polygon","coordinates":[[[-37.0756,-10.9107],[-37.076,-10.9121],[-37.0761,-10.9139],[-37.0782,-10.9143],[-37.0827,-10.9138],[-37.0857,-10.9134],[-37.0858,-10.9143],[-37.088,-10.914],[-37.0884,-10.9151],[-37.0891,-10.9141],[-37.0902,-10.9117],[-37.0907,-10.91],[-37.0912,-10.9087],[-37.0927,-10.9077],[-37.0889,-10.9082],[-37.0817,-10.9091],[-37.0754,-10.9099],[-37.0751,-10.9101],[-37.0756,-10.9107]]]}},{"type":"Feature","properties":{"c":"b31","b":31,"n":"Olaria","m":"2800308","cx":-37.0997,"cy":-10.9023},"geometry":{"type":"Polygon","coordinates":[[[-37.1075,-10.9048],[-37.107,-10.9027],[-37.1064,-10.9018],[-37.1062,-10.901],[-37.1058,-10.9006],[-37.1052,-10.8993],[-37.1029,-10.8963],[-37.1028,-10.8963],[-37.1028,-10.8965],[-37.1008,-10.8976],[-37.0978,-10.8994],[-37.0976,-10.8991],[-37.0941,-10.901],[-37.0925,-10.9019],[-37.0928,-10.9028],[-37.0929,-10.9042],[-37.0925,-10.9052],[-37.0916,-10.906],[-37.0905,-10.9062],[-37.089,-10.9069],[-37.0883,-10.9075],[-37.0889,-10.9082],[-37.0927,-10.9077],[-37.0962,-10.9072],[-37.1017,-10.9064],[-37.1071,-10.9057],[-37.1075,-10.9048]]]}},{"type":"Feature","properties":{"c":"b32","b":32,"n":"Palestina","m":"2800308","cx":-37.0651,"cy":-10.8956},"geometry":{"type":"Polygon","coordinates":[[[-37.0635,-10.8985],[-37.065,-10.8987],[-37.066,-10.8986],[-37.0674,-10.8974],[-37.0678,-10.8962],[-37.0677,-10.8951],[-37.0651,-10.8922],[-37.0646,-10.893],[-37.0626,-10.8936],[-37.0621,-10.8939],[-37.0626,-10.895],[-37.0622,-10.8966],[-37.0624,-10.8981],[-37.0635,-10.8985]]]}},{"type":"Feature","properties":{"c":"b33","b":33,"n":"Pereira Lobo","m":"2800308","cx":-37.0691,"cy":-10.9249},"geometry":{"type":"Polygon","coordinates":[[[-37.071,-10.9273],[-37.0724,-10.9267],[-37.0694,-10.9187],[-37.0643,-10.9186],[-37.0681,-10.9231],[-37.0664,-10.9231],[-37.0664,-10.9271],[-37.0668,-10.9286],[-37.0694,-10.9278],[-37.071,-10.9273]]]}},{"type":"Feature","properties":{"c":"b34","b":34,"n":"Ponto Novo","m":"2800308","cx":-37.0766,"cy":-10.9345},"geometry":{"type":"Polygon","coordinates":[[[-37.0803,-10.94],[-37.0818,-10.9385],[-37.0827,-10.9369],[-37.083,-10.936],[-37.083,-10.9341],[-37.0824,-10.9322],[-37.0807,-10.9276],[-37.0784,-10.9286],[-37.0779,-10.9276],[-37.0744,-10.9279],[-37.0729,-10.9265],[-37.0724,-10.9267],[-37.071,-10.9273],[-37.0694,-10.9278],[-37.0701,-10.9308],[-37.0702,-10.9323],[-37.0702,-10.9349],[-37.0693,-10.9364],[-37.0687,-10.9378],[-37.0693,-10.9382],[-37.0711,-10.9387],[-37.0722,-10.9391],[-37.0729,-10.9387],[-37.0749,-10.9389],[-37.0755,-10.9394],[-37.077,-10.9424],[-37.0774,-10.9429],[-37.0803,-10.94]]]}},{"type":"Feature","properties":{"c":"b35","b":35,"n":"Porto Dantas","m":"2800308","cx":-37.0528,"cy":-10.877},"geometry":{"type":"Polygon","coordinates":[[[-37.0641,-10.8859],[-37.0649,-10.884],[-37.0656,-10.8834],[-37.0653,-10.883],[-37.0652,-10.8815],[-37.0654,-10.881],[-37.0656,-10.8773],[-37.0651,-10.8768],[-37.0642,-10.8745],[-37.0627,-10.8724],[-37.0622,-10.8715],[-37.0609,-10.8698],[-37.0588,-10.8672],[-37.0583,-10.8665],[-37.0573,-10.8657],[-37.0551,-10.8646],[-37.0524,-10.8638],[-37.0517,-10.8637],[-37.0496,-10.8642],[-37.0484,-10.8647],[-37.0461,-10.8651],[-37.0437,-10.8654],[-37.0422,-10.8657],[-37.041,-10.8662],[-37.0402,-10.8667],[-37.0391,-10.8672],[-37.0388,-10.8677],[-37.0371,-10.8683],[-37.0367,-10.8687],[-37.0365,-10.8696],[-37.0367,-10.8702],[-37.0382,-10.8725],[-37.039,-10.8745],[-37.04,-10.8761],[-37.0405,-10.8776],[-37.0411,-10.8783],[-37.0425,-10.8795],[-37.0437,-10.8807],[-37.044,-10.8813],[-37.0454,-10.8828],[-37.0483,-10.8821],[-37.0485,-10.8826],[-37.0512,-10.8874],[-37.0515,-10.888],[-37.052,-10.8904],[-37.053,-10.8903],[-37.0555,-10.8903],[-37.0574,-10.8902],[-37.0576,-10.8901],[-37.0589,-10.8903],[-37.059,-10.889],[-37.06,-10.8884],[-37.0612,-10.8875],[-37.0634,-10.8865],[-37.0641,-10.8859]]]}},{"type":"Feature","properties":{"c":"b36","b":36,"n":"Robalo","m":"2800308","cx":-37.0924,"cy":-11.0361},"geometry":{"type":"Polygon","coordinates":[[[-37.0818,-11.0218],[-37.0795,-11.0232],[-37.0784,-11.0238],[-37.0758,-11.0251],[-37.0729,-11.0262],[-37.0763,-11.0312],[-37.0793,-11.0353],[-37.0843,-11.0426],[-37.0903,-11.0412],[-37.0916,-11.0403],[-37.092,-11.0409],[-37.0931,-11.0406],[-37.0948,-11.0398],[-37.0968,-11.0394],[-37.0974,-11.0395],[-37.0983,-11.039],[-37.0969,-11.037],[-37.0977,-11.0367],[-37.0982,-11.0368],[-37.099,-11.0366],[-37.1001,-11.0374],[-37.1003,-11.0379],[-37.1019,-11.0374],[-37.1062,-11.0356],[-37.1097,-11.0403],[-37.1124,-11.0386],[-37.1136,-11.0393],[-37.1149,-11.0397],[-37.116,-11.0399],[-37.1184,-11.0395],[-37.1197,-11.0391],[-37.1212,-11.0381],[-37.1223,-11.0371],[-37.1245,-11.0408],[-37.1293,-11.0502],[-37.1329,-11.0572],[-37.1353,-11.0589],[-37.1361,-11.06],[-37.1362,-11.0609],[-37.1367,-11.0615],[-37.1375,-11.0621],[-37.1384,-11.0629],[-37.1392,-11.0633],[-37.1399,-11.064],[-37.1406,-11.0643],[-37.1423,-11.064],[-37.1428,-11.0614],[-37.1417,-11.0633],[-37.1409,-11.0635],[-37.14,-11.0633],[-37.1391,-11.0629],[-37.1386,-11.0616],[-37.1368,-11.057],[-37.1336,-11.0486],[-37.1309,-11.0418],[-37.1276,-11.0332],[-37.1238,-11.0352],[-37.1223,-11.0356],[-37.1211,-11.0349],[-37.1204,-11.0347],[-37.1202,-11.0338],[-37.1189,-11.0319],[-37.1158,-11.0294],[-37.1147,-11.0253],[-37.1164,-11.0247],[-37.1186,-11.0245],[-37.1212,-11.0255],[-37.1234,-11.026],[-37.1235,-11.0246],[-37.123,-11.0236],[-37.1216,-11.0226],[-37.1201,-11.0222],[-37.1165,-11.0215],[-37.1154,-11.0211],[-37.1158,-11.0197],[-37.116,-11.0182],[-37.1186,-11.0158],[-37.1188,-11.0141],[-37.1172,-11.013],[-37.1161,-11.0113],[-37.115,-11.0093],[-37.1143,-11.0088],[-37.114,-11.0091],[-37.1141,-11.0099],[-37.1137,-11.0103],[-37.1141,-11.0114],[-37.1138,-11.0125],[-37.1141,-11.0164],[-37.1138,-11.0177],[-37.1135,-11.0183],[-37.1128,-11.0184],[-37.1115,-11.0171],[-37.1107,-11.0166],[-37.1099,-11.0166],[-37.109,-11.0158],[-37.1084,-11.0148],[-37.1074,-11.0139],[-37.1064,-11.0137],[-37.1043,-11.0139],[-37.1025,-11.0131],[-37.1014,-11.0122],[-37.1002,-11.0116],[-37.0997,-11.0108],[-37.0986,-11.0109],[-37.0979,-11.0113],[-37.0977,-11.012],[-37.0956,-11.0148],[-37.0956,-11.0156],[-37.0963,-11.0167],[-37.0973,-11.0176],[-37.0976,-11.0184],[-37.0993,-11.0183],[-37.1005,-11.0179],[-37.1019,-11.0179],[-37.1023,-11.0183],[-37.1024,-11.0193],[-37.1018,-11.0209],[-37.1018,-11.0218],[-37.102,-11.0225],[-37.1005,-11.0233],[-37.0998,-11.0235],[-37.0982,-11.0242],[-37.096,-11.0251],[-37.0958,-11.025],[-37.0948,-11.0258],[-37.0944,-11.0255],[-37.0928,-11.0274],[-37.0926,-11.0289],[-37.0928,-11.0297],[-37.0918,-11.0302],[-37.0856,-11.0217],[-37.0847,-11.0205],[-37.0818,-11.0218]]]}},{"type":"Feature","properties":{"c":"b37","b":37,"n":"Salgado Filho","m":"2800308","cx":-37.056,"cy":-10.9292},"geometry":{"type":"Polygon","coordinates":[[[-37.0599,-10.9284],[-37.0575,-10.9255],[-37.0573,-10.9252],[-37.053,-10.9255],[-37.0517,-10.9255],[-37.0517,-10.9279],[-37.0516,-10.93],[-37.053,-10.9318],[-37.0542,-10.9339],[-37.0586,-10.9319],[-37.0609,-10.9304],[-37.0599,-10.9284]]]}},{"type":"Feature","properties":{"c":"b38","b":38,"n":"Santa Maria","m":"2800308","cx":-37.1081,"cy":-10.9995},"geometry":{"type":"Polygon","coordinates":[[[-37.1063,-11.0081],[-37.1076,-11.0104],[-37.1107,-11.0166],[-37.1115,-11.0171],[-37.1128,-11.0184],[-37.1135,-11.0183],[-37.1138,-11.0177],[-37.1141,-11.0164],[-37.1138,-11.0125],[-37.1141,-11.0114],[-37.1137,-11.0103],[-37.1141,-11.0099],[-37.114,-11.0091],[-37.1143,-11.0088],[-37.115,-11.0093],[-37.1161,-11.0113],[-37.1172,-11.013],[-37.1188,-11.0141],[-37.1186,-11.0158],[-37.116,-11.0182],[-37.1158,-11.0197],[-37.1154,-11.0211],[-37.1165,-11.0215],[-37.1201,-11.0222],[-37.1216,-11.0226],[-37.123,-11.0236],[-37.1235,-11.0246],[-37.1234,-11.026],[-37.1212,-11.0255],[-37.1186,-11.0245],[-37.1164,-11.0247],[-37.1147,-11.0253],[-37.1158,-11.0294],[-37.1189,-11.0319],[-37.1202,-11.0338],[-37.1204,-11.0347],[-37.1211,-11.0349],[-37.1223,-11.0356],[-37.1238,-11.0352],[-37.1276,-11.0332],[-37.1229,-11.0212],[-37.1203,-11.0149],[-37.1121,-10.9938],[-37.1066,-10.9798],[-37.1054,-10.9771],[-37.1053,-10.9765],[-37.1027,-10.9699],[-37.1004,-10.9693],[-37.0997,-10.969],[-37.097,-10.9667],[-37.0948,-10.9661],[-37.0939,-10.9652],[-37.0928,-10.9659],[-37.0937,-10.9665],[-37.0936,-10.9669],[-37.0931,-10.9672],[-37.0927,-10.968],[-37.0933,-10.9681],[-37.0933,-10.9685],[-37.0925,-10.9691],[-37.0925,-10.9695],[-37.093,-10.9701],[-37.0928,-10.9716],[-37.0926,-10.9719],[-37.0938,-10.9725],[-37.0944,-10.9731],[-37.0949,-10.9749],[-37.0961,-10.9796],[-37.0965,-10.981],[-37.0965,-10.9822],[-37.0969,-10.984],[-37.0965,-10.9842],[-37.0976,-10.9867],[-37.0956,-10.9876],[-37.0963,-10.989],[-37.0975,-10.9911],[-37.0986,-10.9931],[-37.1001,-10.9959],[-37.1011,-10.9981],[-37.1026,-11.0009],[-37.1035,-11.0027],[-37.1057,-11.0069],[-37.1063,-11.0081]]]}},{"type":"Feature","properties":{"c":"b39","b":39,"n":"Santo Antônio","m":"2800308","cx":-37.0601,"cy":-10.896},"geometry":{"type":"Polygon","coordinates":[[[-37.0622,-10.8966],[-37.0626,-10.895],[-37.0621,-10.8939],[-37.0626,-10.8936],[-37.0646,-10.893],[-37.0651,-10.8922],[-37.0659,-10.8909],[-37.0668,-10.8902],[-37.0655,-10.8887],[-37.0649,-10.887],[-37.0634,-10.8865],[-37.0612,-10.8875],[-37.06,-10.8884],[-37.059,-10.889],[-37.0589,-10.8903],[-37.0587,-10.8914],[-37.0581,-10.8921],[-37.058,-10.8935],[-37.0574,-10.8951],[-37.058,-10.8955],[-37.0576,-10.897],[-37.0585,-10.8979],[-37.0575,-10.8992],[-37.0526,-10.9059],[-37.0527,-10.906],[-37.0575,-10.9063],[-37.0604,-10.9065],[-37.0611,-10.9066],[-37.0629,-10.9063],[-37.0623,-10.9044],[-37.0613,-10.9031],[-37.0609,-10.903],[-37.0609,-10.9],[-37.0608,-10.8989],[-37.0624,-10.8981],[-37.0622,-10.8966]]]}},{"type":"Feature","properties":{"c":"b40","b":40,"n":"Santos Dumont","m":"2800308","cx":-37.084,"cy":-10.8954},"geometry":{"type":"Polygon","coordinates":[[[-37.092,-10.901],[-37.0915,-10.9006],[-37.0908,-10.9009],[-37.0904,-10.9002],[-37.0902,-10.9003],[-37.0896,-10.8997],[-37.0897,-10.8984],[-37.0895,-10.8978],[-37.0897,-10.8964],[-37.0895,-10.8957],[-37.0886,-10.8952],[-37.0873,-10.8949],[-37.0872,-10.8943],[-37.0877,-10.8926],[-37.0877,-10.8918],[-37.0891,-10.8914],[-37.0889,-10.8906],[-37.0886,-10.8906],[-37.089,-10.8896],[-37.0891,-10.8892],[-37.0867,-10.8892],[-37.0848,-10.8891],[-37.0849,-10.8881],[-37.0834,-10.8856],[-37.0828,-10.8864],[-37.0777,-10.8895],[-37.0772,-10.8898],[-37.0774,-10.892],[-37.0776,-10.892],[-37.0776,-10.8935],[-37.0803,-10.8977],[-37.0772,-10.9],[-37.0769,-10.9009],[-37.0765,-10.9036],[-37.0746,-10.9034],[-37.0735,-10.9035],[-37.0736,-10.9049],[-37.0768,-10.9044],[-37.0791,-10.9042],[-37.0887,-10.9029],[-37.0893,-10.9027],[-37.0917,-10.9023],[-37.0925,-10.9019],[-37.092,-10.901]]]}},{"type":"Feature","properties":{"c":"b41","b":41,"n":"Siqueira Campos","m":"2800308","cx":-37.0716,"cy":-10.9169},"geometry":{"type":"Polygon","coordinates":[[[-37.0694,-10.9187],[-37.0724,-10.9267],[-37.0729,-10.9265],[-37.0744,-10.9279],[-37.0779,-10.9276],[-37.0753,-10.9217],[-37.075,-10.9208],[-37.0742,-10.9152],[-37.0762,-10.9149],[-37.0761,-10.9139],[-37.076,-10.9121],[-37.0756,-10.9107],[-37.0751,-10.9101],[-37.0743,-10.9091],[-37.074,-10.9083],[-37.0736,-10.9049],[-37.0671,-10.9058],[-37.0655,-10.9058],[-37.0662,-10.9081],[-37.0667,-10.9104],[-37.0676,-10.9137],[-37.0694,-10.9187]]]}},{"type":"Feature","properties":{"c":"b42","b":42,"n":"Soledade","m":"2800308","cx":-37.0891,"cy":-10.88},"geometry":{"type":"Polygon","coordinates":[[[-37.0784,-10.8781],[-37.0799,-10.8802],[-37.0809,-10.8819],[-37.0834,-10.8856],[-37.0849,-10.8881],[-37.0848,-10.8891],[-37.0867,-10.8892],[-37.0872,-10.8878],[-37.0879,-10.887],[-37.0893,-10.8863],[-37.0902,-10.8861],[-37.0911,-10.8861],[-37.092,-10.8854],[-37.0915,-10.885],[-37.0914,-10.8845],[-37.0919,-10.8839],[-37.0917,-10.8834],[-37.0921,-10.883],[-37.0922,-10.8822],[-37.0932,-10.8818],[-37.0933,-10.8816],[-37.0946,-10.8815],[-37.0955,-10.8807],[-37.0972,-10.8804],[-37.0992,-10.8798],[-37.1008,-10.8791],[-37.1015,-10.8783],[-37.1018,-10.8776],[-37.1017,-10.877],[-37.1012,-10.8765],[-37.0991,-10.876],[-37.0983,-10.8761],[-37.0948,-10.8758],[-37.094,-10.8758],[-37.0919,-10.875],[-37.0911,-10.8743],[-37.0904,-10.8732],[-37.089,-10.8722],[-37.0879,-10.871],[-37.0874,-10.8705],[-37.0863,-10.8707],[-37.0857,-10.8712],[-37.0852,-10.8725],[-37.0843,-10.8728],[-37.0839,-10.8733],[-37.0843,-10.8738],[-37.0844,-10.8749],[-37.0849,-10.8756],[-37.0846,-10.8759],[-37.085,-10.8764],[-37.0862,-10.8759],[-37.0865,-10.8764],[-37.087,-10.8758],[-37.0874,-10.8759],[-37.0877,-10.8764],[-37.0876,-10.8776],[-37.0868,-10.8784],[-37.0887,-10.8791],[-37.088,-10.8796],[-37.0853,-10.8786],[-37.0853,-10.8781],[-37.0847,-10.8781],[-37.0844,-10.8772],[-37.0838,-10.8772],[-37.0834,-10.8775],[-37.083,-10.877],[-37.083,-10.8765],[-37.0823,-10.8769],[-37.0816,-10.8747],[-37.0807,-10.875],[-37.0806,-10.8744],[-37.0801,-10.874],[-37.0794,-10.874],[-37.0789,-10.8744],[-37.0772,-10.8747],[-37.0773,-10.8752],[-37.0781,-10.8773],[-37.0784,-10.8781]]]}},{"type":"Feature","properties":{"c":"b43","b":43,"n":"Suíça","m":"2800308","cx":-37.0619,"cy":-10.9242},"geometry":{"type":"Polygon","coordinates":[[[-37.0574,-10.9185],[-37.0573,-10.9252],[-37.0575,-10.9255],[-37.0599,-10.9284],[-37.0609,-10.9304],[-37.0633,-10.9295],[-37.0668,-10.9286],[-37.0664,-10.9271],[-37.0664,-10.9231],[-37.0681,-10.9231],[-37.0643,-10.9186],[-37.0574,-10.9185]]]}},{"type":"Feature","properties":{"c":"b44","b":44,"n":"São Conrado","m":"2800308","cx":-37.0844,"cy":-10.9663},"geometry":{"type":"Polygon","coordinates":[[[-37.0736,-10.9616],[-37.0748,-10.9622],[-37.0748,-10.9627],[-37.0741,-10.9633],[-37.0736,-10.9641],[-37.0738,-10.9652],[-37.0748,-10.9662],[-37.0765,-10.9667],[-37.0768,-10.9679],[-37.0772,-10.968],[-37.0785,-10.9679],[-37.0789,-10.9682],[-37.0784,-10.9691],[-37.0783,-10.9709],[-37.0788,-10.9711],[-37.079,-10.9717],[-37.0795,-10.972],[-37.08,-10.9729],[-37.0806,-10.9733],[-37.0805,-10.9743],[-37.0812,-10.9749],[-37.0825,-10.975],[-37.0827,-10.9759],[-37.0829,-10.9761],[-37.0847,-10.9758],[-37.0845,-10.9766],[-37.0848,-10.9767],[-37.0864,-10.9759],[-37.0882,-10.9748],[-37.0883,-10.974],[-37.0895,-10.974],[-37.0901,-10.9736],[-37.0914,-10.9732],[-37.0917,-10.9724],[-37.0926,-10.9719],[-37.0928,-10.9716],[-37.093,-10.9701],[-37.0925,-10.9695],[-37.0925,-10.9691],[-37.0933,-10.9685],[-37.0933,-10.9681],[-37.0927,-10.968],[-37.0931,-10.9672],[-37.0936,-10.9669],[-37.0937,-10.9665],[-37.0928,-10.9659],[-37.0939,-10.9652],[-37.0916,-10.9627],[-37.0908,-10.9613],[-37.0899,-10.9584],[-37.0894,-10.9576],[-37.0887,-10.9572],[-37.0851,-10.9562],[-37.0848,-10.9573],[-37.0841,-10.9582],[-37.0787,-10.9594],[-37.0748,-10.9603],[-37.0735,-10.9604],[-37.0736,-10.9616]]]}},{"type":"Feature","properties":{"c":"b45","b":45,"n":"São José","m":"2800308","cx":-37.0509,"cy":-10.9232},"geometry":{"type":"Polygon","coordinates":[[[-37.0439,-10.9254],[-37.0449,-10.9254],[-37.0517,-10.9255],[-37.053,-10.9255],[-37.0573,-10.9252],[-37.0574,-10.9185],[-37.048,-10.9184],[-37.0466,-10.9184],[-37.0451,-10.9219],[-37.0437,-10.9245],[-37.0439,-10.9254]]]}},{"type":"Feature","properties":{"c":"b46","b":46,"n":"São José dos Náufragos","m":"2800308","cx":-37.1082,"cy":-11.0504},"geometry":{"type":"Polygon","coordinates":[[[-37.1245,-11.0408],[-37.1223,-11.0371],[-37.1212,-11.0381],[-37.1197,-11.0391],[-37.1184,-11.0395],[-37.116,-11.0399],[-37.1149,-11.0397],[-37.1136,-11.0393],[-37.1124,-11.0386],[-37.1097,-11.0403],[-37.1062,-11.0356],[-37.1019,-11.0374],[-37.1003,-11.0379],[-37.1001,-11.0374],[-37.099,-11.0366],[-37.0982,-11.0368],[-37.0977,-11.0367],[-37.0969,-11.037],[-37.0983,-11.039],[-37.0974,-11.0395],[-37.0968,-11.0394],[-37.0948,-11.0398],[-37.0931,-11.0406],[-37.092,-11.0409],[-37.0916,-11.0403],[-37.0903,-11.0412],[-37.0843,-11.0426],[-37.0888,-11.0493],[-37.0925,-11.0547],[-37.0966,-11.0607],[-37.0994,-11.0649],[-37.1017,-11.0635],[-37.1059,-11.0618],[-37.1105,-11.0604],[-37.113,-11.059],[-37.1117,-11.0573],[-37.1157,-11.0556],[-37.1182,-11.0545],[-37.126,-11.0506],[-37.1282,-11.0501],[-37.1293,-11.0502],[-37.1245,-11.0408]]]}},{"type":"Feature","properties":{"c":"b47","b":47,"n":"Treze de Julho","m":"2800308","cx":-37.0488,"cy":-10.9307},"geometry":{"type":"Polygon","coordinates":[[[-37.053,-10.9318],[-37.0516,-10.93],[-37.0517,-10.9279],[-37.0517,-10.9255],[-37.0449,-10.9254],[-37.0439,-10.9254],[-37.0437,-10.9245],[-37.0426,-10.9261],[-37.0427,-10.9273],[-37.0431,-10.9286],[-37.0435,-10.929],[-37.0463,-10.9314],[-37.0467,-10.9318],[-37.0464,-10.9333],[-37.0467,-10.935],[-37.0471,-10.9357],[-37.0504,-10.9356],[-37.0542,-10.9339],[-37.053,-10.9318]]]}},{"type":"Feature","properties":{"c":"b48","b":48,"n":"Alphaville","m":"2800605","cx":-37.0282,"cy":-10.9253},"geometry":{"type":"Polygon","coordinates":[[[-37.0372,-10.9261],[-37.0372,-10.9238],[-37.0334,-10.9239],[-37.0332,-10.9245],[-37.0313,-10.9246],[-37.0313,-10.9236],[-37.0301,-10.9233],[-37.0234,-10.9228],[-37.0184,-10.9235],[-37.018,-10.924],[-37.0211,-10.9276],[-37.0245,-10.929],[-37.0299,-10.9288],[-37.0368,-10.9284],[-37.0372,-10.9261]]]}},{"type":"Feature","properties":{"c":"b49","b":49,"n":"Antônio Pedro","m":"2800605","cx":-37.0332,"cy":-10.9092},"geometry":{"type":"Polygon","coordinates":[[[-37.0323,-10.9103],[-37.0323,-10.9109],[-37.0332,-10.9112],[-37.0336,-10.9109],[-37.0342,-10.9096],[-37.0342,-10.9088],[-37.0347,-10.9078],[-37.0353,-10.9076],[-37.0366,-10.9081],[-37.0369,-10.908],[-37.037,-10.9075],[-37.0347,-10.907],[-37.0319,-10.9074],[-37.0323,-10.9103]]]}},{"type":"Feature","properties":{"c":"b50","b":50,"n":"Atalaia Nova","m":"2800605","cx":-37.0278,"cy":-10.942},"geometry":{"type":"Polygon","coordinates":[[[-37.035,-10.9439],[-37.0353,-10.9424],[-37.0353,-10.9416],[-37.0355,-10.9404],[-37.0358,-10.94],[-37.0351,-10.94],[-37.0344,-10.9401],[-37.0342,-10.9398],[-37.0325,-10.9397],[-37.0279,-10.9393],[-37.0275,-10.9402],[-37.0247,-10.9389],[-37.0227,-10.9374],[-37.0219,-10.9366],[-37.0205,-10.9349],[-37.0193,-10.9332],[-37.0164,-10.9297],[-37.0155,-10.9283],[-37.0159,-10.9269],[-37.0147,-10.9282],[-37.0133,-10.9265],[-37.0124,-10.9273],[-37.012,-10.9278],[-37.0142,-10.9314],[-37.0159,-10.9344],[-37.02,-10.9417],[-37.0214,-10.9439],[-37.0227,-10.9451],[-37.0235,-10.9461],[-37.0244,-10.9485],[-37.025,-10.9497],[-37.0261,-10.9514],[-37.0272,-10.9525],[-37.0292,-10.9539],[-37.0317,-10.9549],[-37.034,-10.9562],[-37.0346,-10.9573],[-37.0349,-10.957],[-37.0375,-10.9517],[-37.0391,-10.9453],[-37.0391,-10.9443],[-37.035,-10.9439]]]}},{"type":"Feature","properties":{"c":"b51","b":51,"n":"Bairro Baixo","m":"2800605","cx":-37.0372,"cy":-10.9119},"geometry":{"type":"Polygon","coordinates":[[[-37.0377,-10.909],[-37.038,-10.9077],[-37.037,-10.9075],[-37.0369,-10.908],[-37.0369,-10.909],[-37.0371,-10.9096],[-37.0368,-10.9105],[-37.036,-10.9109],[-37.0358,-10.9115],[-37.0359,-10.9123],[-37.0359,-10.9138],[-37.0348,-10.9149],[-37.0346,-10.9152],[-37.035,-10.9159],[-37.0332,-10.9158],[-37.0329,-10.9166],[-37.036,-10.9169],[-37.0369,-10.917],[-37.0383,-10.9132],[-37.0387,-10.9108],[-37.0391,-10.9093],[-37.0377,-10.909]]]}},{"type":"Feature","properties":{"c":"b52","b":52,"n":"Beira Rio","m":"2800605","cx":-37.0403,"cy":-10.9145},"geometry":{"type":"Polygon","coordinates":[[[-37.0377,-10.9022],[-37.0376,-10.9028],[-37.0386,-10.9027],[-37.0391,-10.903],[-37.0392,-10.9036],[-37.0398,-10.9036],[-37.0399,-10.9045],[-37.0394,-10.9082],[-37.0391,-10.9093],[-37.0387,-10.9108],[-37.0383,-10.9132],[-37.0369,-10.917],[-37.0364,-10.9187],[-37.0362,-10.9206],[-37.0368,-10.9215],[-37.0372,-10.9238],[-37.0372,-10.9261],[-37.0368,-10.9284],[-37.0368,-10.9291],[-37.0361,-10.9319],[-37.0361,-10.9326],[-37.0354,-10.9365],[-37.0354,-10.9369],[-37.0347,-10.9383],[-37.0345,-10.9395],[-37.0351,-10.94],[-37.0358,-10.94],[-37.0355,-10.9404],[-37.0353,-10.9416],[-37.0353,-10.9424],[-37.035,-10.9439],[-37.0391,-10.9443],[-37.0391,-10.9412],[-37.0398,-10.9369],[-37.04,-10.929],[-37.0398,-10.9258],[-37.0406,-10.9214],[-37.0417,-10.9184],[-37.0425,-10.9158],[-37.044,-10.91],[-37.0444,-10.9068],[-37.0445,-10.9042],[-37.0443,-10.898],[-37.0435,-10.8898],[-37.0418,-10.8873],[-37.0398,-10.8841],[-37.0356,-10.8853],[-37.0367,-10.887],[-37.0375,-10.8882],[-37.0391,-10.892],[-37.0394,-10.8931],[-37.0396,-10.8957],[-37.0397,-10.8979],[-37.0396,-10.9004],[-37.0379,-10.9003],[-37.0378,-10.9009],[-37.0358,-10.9007],[-37.0356,-10.902],[-37.0377,-10.9022]]]}},{"type":"Feature","properties":{"c":"b53","b":53,"n":"Brisas de Atalaia","m":"2800605","cx":-37.0138,"cy":-10.9224},"geometry":{"type":"Polygon","coordinates":[[[-37.0064,-10.9192],[-37.0079,-10.9212],[-37.0097,-10.9241],[-37.0113,-10.9266],[-37.012,-10.9278],[-37.0124,-10.9273],[-37.0133,-10.9265],[-37.0147,-10.9282],[-37.0159,-10.9269],[-37.018,-10.924],[-37.0184,-10.9235],[-37.0211,-10.9187],[-37.0214,-10.9182],[-37.018,-10.9178],[-37.0122,-10.9175],[-37.0097,-10.9168],[-37.007,-10.9163],[-37.0054,-10.9163],[-37.0047,-10.9168],[-37.0064,-10.9192]]]}},{"type":"Feature","properties":{"c":"b54","b":54,"n":"Caminho da Praia","m":"2800605","cx":-37.0285,"cy":-10.9148},"geometry":{"type":"Polygon","coordinates":[[[-37.0286,-10.9166],[-37.0322,-10.9166],[-37.0329,-10.9166],[-37.0332,-10.9158],[-37.034,-10.9139],[-37.0346,-10.9133],[-37.0342,-10.9131],[-37.0316,-10.9127],[-37.0296,-10.9124],[-37.0291,-10.9122],[-37.0256,-10.9119],[-37.0248,-10.9119],[-37.0229,-10.9157],[-37.0286,-10.9166]]]}},{"type":"Feature","properties":{"c":"b55","b":55,"n":"Centro","m":"2800605","cx":-37.0333,"cy":-10.9061},"geometry":{"type":"Polygon","coordinates":[[[-37.0319,-10.9074],[-37.0347,-10.907],[-37.037,-10.9075],[-37.038,-10.9077],[-37.0377,-10.909],[-37.0391,-10.9093],[-37.0394,-10.9082],[-37.0399,-10.9045],[-37.0398,-10.9036],[-37.0392,-10.9036],[-37.0391,-10.903],[-37.0386,-10.9027],[-37.0376,-10.9028],[-37.0375,-10.9038],[-37.0379,-10.9038],[-37.0376,-10.905],[-37.0372,-10.9054],[-37.0333,-10.9052],[-37.0333,-10.9051],[-37.0312,-10.9055],[-37.0279,-10.9059],[-37.0273,-10.9045],[-37.027,-10.9052],[-37.0268,-10.9064],[-37.0269,-10.9078],[-37.0288,-10.9077],[-37.0319,-10.9074]]]}},{"type":"Feature","properties":{"c":"b56","b":56,"n":"Costa Paradiso","m":"2800605","cx":-37.0284,"cy":-10.9197},"geometry":{"type":"Polygon","coordinates":[[[-37.0214,-10.9154],[-37.0105,-10.9144],[-37.0062,-10.9139],[-37.0039,-10.9139],[-37.0024,-10.9139],[-37.0047,-10.9168],[-37.0054,-10.9163],[-37.007,-10.9163],[-37.0097,-10.9168],[-37.0122,-10.9175],[-37.018,-10.9178],[-37.0214,-10.9182],[-37.0211,-10.9187],[-37.0184,-10.9235],[-37.0234,-10.9228],[-37.0301,-10.9233],[-37.0313,-10.9236],[-37.0313,-10.9246],[-37.0332,-10.9245],[-37.0334,-10.9239],[-37.0372,-10.9238],[-37.0368,-10.9215],[-37.0362,-10.9206],[-37.0364,-10.9187],[-37.0369,-10.917],[-37.036,-10.9169],[-37.0329,-10.9166],[-37.0322,-10.9166],[-37.0286,-10.9166],[-37.0229,-10.9157],[-37.0214,-10.9154]]]}},{"type":"Feature","properties":{"c":"b57","b":57,"n":"Espaço Tropical","m":"2800605","cx":-37.0071,"cy":-10.9051},"geometry":{"type":"Polygon","coordinates":[[[-37.0194,-10.906],[-37.0153,-10.9018],[-37.0145,-10.9007],[-37.013,-10.8982],[-37.0127,-10.8976],[-37.0077,-10.8997],[-37.0075,-10.8993],[-37.0117,-10.8973],[-37.0108,-10.8968],[-37.0098,-10.8967],[-37.0091,-10.8957],[-37.009,-10.8953],[-36.9949,-10.9043],[-36.9984,-10.909],[-37.0003,-10.9113],[-37.0024,-10.9139],[-37.0039,-10.9139],[-37.0062,-10.9139],[-37.0105,-10.9144],[-37.0214,-10.9154],[-37.0229,-10.9157],[-37.0248,-10.9119],[-37.0191,-10.9113],[-37.0159,-10.911],[-37.0153,-10.9101],[-37.0088,-10.9098],[-37.0069,-10.9097],[-37.0021,-10.9094],[-37.0017,-10.9085],[-37.015,-10.907],[-37.0204,-10.9071],[-37.0194,-10.906]]]}},{"type":"Feature","properties":{"c":"b58","b":58,"n":"Governador Marcelo Deda","m":"2800605","cx":-37.0339,"cy":-10.9119},"geometry":{"type":"Polygon","coordinates":[[[-37.0366,-10.9081],[-37.0353,-10.9076],[-37.0347,-10.9078],[-37.0342,-10.9088],[-37.0342,-10.9096],[-37.0336,-10.9109],[-37.0332,-10.9112],[-37.0323,-10.9109],[-37.0316,-10.9125],[-37.0316,-10.9127],[-37.0342,-10.9131],[-37.0346,-10.9133],[-37.034,-10.9139],[-37.0332,-10.9158],[-37.035,-10.9159],[-37.0346,-10.9152],[-37.0348,-10.9149],[-37.0359,-10.9138],[-37.0359,-10.9123],[-37.0358,-10.9115],[-37.036,-10.9109],[-37.0368,-10.9105],[-37.0371,-10.9096],[-37.0369,-10.909],[-37.0369,-10.908],[-37.0366,-10.9081]]]}},{"type":"Feature","properties":{"c":"b59","b":59,"n":"Luar da Barra","m":"2800605","cx":-37.0152,"cy":-10.9095},"geometry":{"type":"Polygon","coordinates":[[[-37.0224,-10.908],[-37.0215,-10.9077],[-37.0204,-10.9071],[-37.015,-10.907],[-37.0017,-10.9085],[-37.0021,-10.9094],[-37.0069,-10.9097],[-37.0088,-10.9098],[-37.0153,-10.9101],[-37.0159,-10.911],[-37.0191,-10.9113],[-37.0248,-10.9119],[-37.0267,-10.9079],[-37.0236,-10.9081],[-37.0224,-10.908]]]}},{"type":"Feature","properties":{"c":"b60","b":60,"n":"Marivan","m":"2800605","cx":-37.0329,"cy":-10.9039},"geometry":{"type":"Polygon","coordinates":[[[-37.0377,-10.9022],[-37.0356,-10.902],[-37.0356,-10.9026],[-37.0348,-10.9025],[-37.0347,-10.9036],[-37.0341,-10.9035],[-37.0342,-10.9025],[-37.0301,-10.9019],[-37.0278,-10.904],[-37.0273,-10.9045],[-37.0279,-10.9059],[-37.0312,-10.9055],[-37.0333,-10.9051],[-37.0333,-10.9052],[-37.0372,-10.9054],[-37.0376,-10.905],[-37.0379,-10.9038],[-37.0375,-10.9038],[-37.0376,-10.9028],[-37.0377,-10.9022]]]}},{"type":"Feature","properties":{"c":"b61","b":61,"n":"Moisés Gomes","m":"2800605","cx":-37.0271,"cy":-10.9106},"geometry":{"type":"Polygon","coordinates":[[[-37.0267,-10.9079],[-37.0248,-10.9119],[-37.0256,-10.9119],[-37.0291,-10.9122],[-37.0286,-10.9093],[-37.0291,-10.9092],[-37.0288,-10.9077],[-37.0269,-10.9078],[-37.0267,-10.9079]]]}},{"type":"Feature","properties":{"c":"b62","b":62,"n":"Olimar","m":"2800605","cx":-37.0364,"cy":-10.8989},"geometry":{"type":"Polygon","coordinates":[[[-37.0362,-10.8964],[-37.0348,-10.8972],[-37.0323,-10.8999],[-37.0301,-10.9019],[-37.0342,-10.9025],[-37.0341,-10.9035],[-37.0347,-10.9036],[-37.0348,-10.9025],[-37.0356,-10.9026],[-37.0356,-10.902],[-37.0358,-10.9007],[-37.0378,-10.9009],[-37.0379,-10.9003],[-37.0396,-10.9004],[-37.0397,-10.8979],[-37.0396,-10.8957],[-37.0362,-10.8964]]]}},{"type":"Feature","properties":{"c":"b63","b":63,"n":"Paraíso da Barra","m":"2800605","cx":-37.0252,"cy":-10.9049},"geometry":{"type":"Polygon","coordinates":[[[-37.0269,-10.9078],[-37.0268,-10.9064],[-37.027,-10.9052],[-37.0267,-10.9047],[-37.0255,-10.9019],[-37.025,-10.9021],[-37.0242,-10.9035],[-37.0239,-10.9045],[-37.0226,-10.9063],[-37.0225,-10.9073],[-37.0236,-10.9073],[-37.0236,-10.9081],[-37.0267,-10.9079],[-37.0269,-10.9078]]]}},{"type":"Feature","properties":{"c":"b64","b":64,"n":"Prisco Viana","m":"2800605","cx":-37.0305,"cy":-10.9098},"geometry":{"type":"Polygon","coordinates":[[[-37.0288,-10.9077],[-37.0291,-10.9092],[-37.0286,-10.9093],[-37.0291,-10.9122],[-37.0296,-10.9124],[-37.0316,-10.9127],[-37.0316,-10.9125],[-37.0323,-10.9109],[-37.0323,-10.9103],[-37.0319,-10.9074],[-37.0288,-10.9077]]]}},{"type":"Feature","properties":{"c":"b65","b":65,"n":"Rio das Canas","m":"2800605","cx":-37.0266,"cy":-10.9029},"geometry":{"type":"Polygon","coordinates":[[[-37.0267,-10.9047],[-37.027,-10.9052],[-37.0273,-10.9045],[-37.0278,-10.904],[-37.0268,-10.9019],[-37.0255,-10.9019],[-37.0267,-10.9047]]]}},{"type":"Feature","properties":{"c":"b66","b":66,"n":"Boquim Velho","m":"2800670","cx":-37.611,"cy":-11.1428},"geometry":{"type":"Polygon","coordinates":[[[-37.6084,-11.1458],[-37.6088,-11.146],[-37.6138,-11.15],[-37.6151,-11.1466],[-37.6161,-11.1456],[-37.616,-11.1453],[-37.6169,-11.1448],[-37.6172,-11.1438],[-37.6162,-11.1433],[-37.6145,-11.1424],[-37.6061,-11.1365],[-37.6049,-11.1361],[-37.6039,-11.1362],[-37.6033,-11.1364],[-37.6031,-11.1366],[-37.6036,-11.1375],[-37.6084,-11.1458]]]}},{"type":"Feature","properties":{"c":"b67","b":67,"n":"Centro","m":"2800670","cx":-37.6206,"cy":-11.1468},"geometry":{"type":"Polygon","coordinates":[[[-37.6234,-11.1453],[-37.6194,-11.1447],[-37.6182,-11.1444],[-37.6172,-11.1438],[-37.6169,-11.1448],[-37.6168,-11.1463],[-37.6173,-11.1474],[-37.6181,-11.1479],[-37.6204,-11.1503],[-37.6209,-11.1499],[-37.6214,-11.1504],[-37.6223,-11.1509],[-37.6228,-11.1509],[-37.6231,-11.1494],[-37.6224,-11.1486],[-37.6256,-11.1455],[-37.6255,-11.1451],[-37.6234,-11.1453]]]}},{"type":"Feature","properties":{"c":"b68","b":68,"n":"Horácio Fernandes Fontes","m":"2800670","cx":-37.6276,"cy":-11.1465},"geometry":{"type":"Polygon","coordinates":[[[-37.6315,-11.1474],[-37.6297,-11.1456],[-37.6286,-11.1453],[-37.6281,-11.1447],[-37.6287,-11.1446],[-37.6272,-11.1423],[-37.6262,-11.1414],[-37.6259,-11.1428],[-37.6254,-11.1439],[-37.6255,-11.1451],[-37.6256,-11.1455],[-37.6224,-11.1486],[-37.6231,-11.1494],[-37.6228,-11.1509],[-37.6232,-11.1516],[-37.6243,-11.1528],[-37.6252,-11.1521],[-37.624,-11.1508],[-37.6241,-11.1497],[-37.6257,-11.1493],[-37.627,-11.1493],[-37.6281,-11.1519],[-37.6296,-11.1511],[-37.6297,-11.1515],[-37.632,-11.1497],[-37.6315,-11.1487],[-37.6325,-11.1482],[-37.6315,-11.1474]]]}},{"type":"Feature","properties":{"c":"b69","b":69,"n":"Industrial","m":"2800670","cx":-37.6231,"cy":-11.14},"geometry":{"type":"Polygon","coordinates":[[[-37.6254,-11.1439],[-37.6248,-11.1433],[-37.6245,-11.142],[-37.6246,-11.1404],[-37.6248,-11.1396],[-37.6262,-11.1358],[-37.6223,-11.1355],[-37.622,-11.1375],[-37.6215,-11.1393],[-37.6219,-11.1396],[-37.6188,-11.1424],[-37.6186,-11.1426],[-37.6167,-11.1424],[-37.6162,-11.1433],[-37.6172,-11.1438],[-37.6182,-11.1444],[-37.6194,-11.1447],[-37.6234,-11.1453],[-37.6255,-11.1451],[-37.6254,-11.1439]]]}},{"type":"Feature","properties":{"c":"b70","b":70,"n":"Jacomildes Barreto","m":"2800670","cx":-37.6099,"cy":-11.1369},"geometry":{"type":"Polygon","coordinates":[[[-37.6074,-11.1319],[-37.606,-11.1345],[-37.6049,-11.1355],[-37.6038,-11.136],[-37.6033,-11.1364],[-37.6039,-11.1362],[-37.6049,-11.1361],[-37.6061,-11.1365],[-37.6145,-11.1424],[-37.6162,-11.1433],[-37.6167,-11.1424],[-37.6137,-11.1395],[-37.6137,-11.1384],[-37.6133,-11.1374],[-37.6127,-11.1365],[-37.6136,-11.1356],[-37.6131,-11.1351],[-37.6077,-11.1311],[-37.6076,-11.1309],[-37.6074,-11.1319]]]}},{"type":"Feature","properties":{"c":"b71","b":71,"n":"Miguel dos Anjos","m":"2800670","cx":-37.599,"cy":-11.1396},"geometry":{"type":"Polygon","coordinates":[[[-37.6038,-11.136],[-37.6032,-11.1343],[-37.5953,-11.1405],[-37.5959,-11.1416],[-37.5961,-11.1431],[-37.597,-11.1449],[-37.5978,-11.1451],[-37.5978,-11.1462],[-37.5987,-11.1463],[-37.5989,-11.1443],[-37.5994,-11.1444],[-37.6011,-11.1428],[-37.6017,-11.1413],[-37.6017,-11.1404],[-37.6015,-11.1389],[-37.6025,-11.138],[-37.6036,-11.1375],[-37.6031,-11.1366],[-37.6033,-11.1364],[-37.6038,-11.136]]]}},{"type":"Feature","properties":{"c":"b72","b":72,"n":"Padre José Gumercindo","m":"2800670","cx":-37.6185,"cy":-11.1506},"geometry":{"type":"Polygon","coordinates":[[[-37.6228,-11.1509],[-37.6223,-11.1509],[-37.6214,-11.1504],[-37.6209,-11.1499],[-37.6204,-11.1503],[-37.6181,-11.1479],[-37.6173,-11.1474],[-37.6168,-11.1463],[-37.6169,-11.1448],[-37.616,-11.1453],[-37.6161,-11.1456],[-37.6162,-11.147],[-37.6165,-11.1476],[-37.6154,-11.1489],[-37.615,-11.1501],[-37.6157,-11.1538],[-37.6145,-11.1551],[-37.6157,-11.1563],[-37.6188,-11.1564],[-37.6209,-11.1547],[-37.6201,-11.1536],[-37.6232,-11.1516],[-37.6228,-11.1509]]]}},{"type":"Feature","properties":{"c":"b73","b":73,"n":"Simpliciano Fernandes Filho","m":"2800670","cx":-37.6056,"cy":-11.1298},"geometry":{"type":"Polygon","coordinates":[[[-37.6066,-11.1286],[-37.6108,-11.123],[-37.61,-11.1225],[-37.609,-11.1229],[-37.6071,-11.126],[-37.6049,-11.1229],[-37.6032,-11.1228],[-37.6021,-11.1257],[-37.6034,-11.1284],[-37.6054,-11.1327],[-37.6032,-11.1343],[-37.6038,-11.136],[-37.6049,-11.1355],[-37.606,-11.1345],[-37.6074,-11.1319],[-37.6076,-11.1309],[-37.6066,-11.1286]]]}},{"type":"Feature","properties":{"c":"b74","b":74,"n":"Temístocles de Santana","m":"2800670","cx":-37.6342,"cy":-11.145},"geometry":{"type":"Polygon","coordinates":[[[-37.6341,-11.1474],[-37.6357,-11.1503],[-37.6376,-11.1495],[-37.637,-11.1482],[-37.6385,-11.1475],[-37.6378,-11.146],[-37.641,-11.1446],[-37.6407,-11.1438],[-37.6399,-11.1428],[-37.6368,-11.1432],[-37.6358,-11.1422],[-37.637,-11.1412],[-37.6364,-11.1405],[-37.6358,-11.1411],[-37.6339,-11.1414],[-37.6334,-11.1411],[-37.6333,-11.1404],[-37.6328,-11.1405],[-37.6325,-11.141],[-37.6318,-11.1413],[-37.6315,-11.1409],[-37.6299,-11.1423],[-37.6278,-11.1402],[-37.6262,-11.1414],[-37.6272,-11.1423],[-37.6287,-11.1446],[-37.6281,-11.1447],[-37.6286,-11.1453],[-37.6297,-11.1456],[-37.6315,-11.1474],[-37.6325,-11.1482],[-37.6341,-11.1474]]]}},{"type":"Feature","properties":{"c":"b75","b":75,"n":"Alagoas","m":"2802106","cx":-37.4365,"cy":-11.2573},"geometry":{"type":"Polygon","coordinates":[[[-37.4364,-11.2633],[-37.4363,-11.2654],[-37.4368,-11.2664],[-37.4389,-11.2657],[-37.4396,-11.2652],[-37.439,-11.2642],[-37.4398,-11.264],[-37.4417,-11.2641],[-37.4419,-11.2649],[-37.4435,-11.2624],[-37.4436,-11.2621],[-37.4433,-11.2596],[-37.4439,-11.2587],[-37.4436,-11.2585],[-37.4432,-11.2589],[-37.4409,-11.2595],[-37.4402,-11.2578],[-37.4354,-11.2486],[-37.4351,-11.2482],[-37.4351,-11.2492],[-37.4317,-11.2509],[-37.4281,-11.2526],[-37.4284,-11.2537],[-37.4288,-11.2547],[-37.4286,-11.2557],[-37.4299,-11.2562],[-37.4314,-11.2569],[-37.4323,-11.257],[-37.4338,-11.2576],[-37.4359,-11.2619],[-37.4364,-11.2633]]]}},{"type":"Feature","properties":{"c":"b76","b":76,"n":"Alecrim","m":"2802106","cx":-37.4453,"cy":-11.239},"geometry":{"type":"Polygon","coordinates":[[[-37.4519,-11.2534],[-37.4522,-11.2523],[-37.453,-11.2507],[-37.4529,-11.2495],[-37.4539,-11.2471],[-37.455,-11.247],[-37.4552,-11.2479],[-37.4559,-11.2477],[-37.4556,-11.2459],[-37.4546,-11.2459],[-37.4546,-11.2443],[-37.4543,-11.2435],[-37.4543,-11.2419],[-37.4535,-11.2419],[-37.454,-11.2415],[-37.4548,-11.2401],[-37.455,-11.2388],[-37.4557,-11.2376],[-37.4565,-11.2362],[-37.4578,-11.235],[-37.4582,-11.2344],[-37.4593,-11.2354],[-37.4588,-11.2359],[-37.46,-11.2369],[-37.4591,-11.2389],[-37.4604,-11.2402],[-37.4614,-11.2392],[-37.4621,-11.2375],[-37.4626,-11.2367],[-37.4587,-11.2335],[-37.4625,-11.2286],[-37.4635,-11.2275],[-37.4642,-11.2265],[-37.4651,-11.2248],[-37.4658,-11.2228],[-37.4666,-11.2214],[-37.4674,-11.2206],[-37.4674,-11.2191],[-37.4663,-11.2192],[-37.466,-11.2202],[-37.4646,-11.2196],[-37.4642,-11.2202],[-37.4648,-11.2209],[-37.4645,-11.2222],[-37.4649,-11.2226],[-37.4645,-11.2235],[-37.4637,-11.2242],[-37.4632,-11.2249],[-37.4623,-11.2248],[-37.4619,-11.2237],[-37.461,-11.2238],[-37.4604,-11.2252],[-37.4596,-11.2252],[-37.4584,-11.2238],[-37.4568,-11.2224],[-37.4559,-11.2224],[-37.4526,-11.2237],[-37.4505,-11.2243],[-37.449,-11.2242],[-37.4479,-11.2244],[-37.4466,-11.2242],[-37.4459,-11.2245],[-37.4433,-11.2227],[-37.4427,-11.222],[-37.4423,-11.2223],[-37.4416,-11.222],[-37.4412,-11.2216],[-37.4409,-11.2209],[-37.4401,-11.22],[-37.4388,-11.2194],[-37.437,-11.2197],[-37.4349,-11.2202],[-37.4324,-11.2211],[-37.4315,-11.2216],[-37.431,-11.2222],[-37.4296,-11.2231],[-37.4282,-11.2235],[-37.4268,-11.2239],[-37.4243,-11.2227],[-37.4233,-11.2227],[-37.4218,-11.222],[-37.4218,-11.2225],[-37.4224,-11.2252],[-37.4226,-11.2258],[-37.423,-11.2258],[-37.4266,-11.2252],[-37.4277,-11.2254],[-37.4296,-11.2248],[-37.4303,-11.226],[-37.436,-11.24],[-37.438,-11.2463],[-37.4387,-11.2462],[-37.4396,-11.2475],[-37.4393,-11.2486],[-37.4395,-11.2509],[-37.4397,-11.2514],[-37.4413,-11.2504],[-37.4417,-11.2507],[-37.4414,-11.2522],[-37.4425,-11.2531],[-37.4423,-11.2541],[-37.4424,-11.2548],[-37.4434,-11.2557],[-37.4447,-11.2564],[-37.4448,-11.257],[-37.4439,-11.2587],[-37.4444,-11.2592],[-37.4457,-11.2575],[-37.4473,-11.2583],[-37.4472,-11.2585],[-37.4499,-11.257],[-37.4501,-11.257],[-37.4515,-11.2554],[-37.452,-11.2549],[-37.4519,-11.2534]]]}},{"type":"Feature","properties":{"c":"b77","b":77,"n":"Bomfim","m":"2802106","cx":-37.4473,"cy":-11.2667},"geometry":{"type":"Polygon","coordinates":[[[-37.4424,-11.2678],[-37.4428,-11.2686],[-37.445,-11.2711],[-37.4473,-11.2734],[-37.449,-11.2752],[-37.4495,-11.2761],[-37.4502,-11.2762],[-37.4502,-11.2766],[-37.4507,-11.2778],[-37.4518,-11.2796],[-37.4519,-11.2807],[-37.4531,-11.2796],[-37.4525,-11.2758],[-37.4547,-11.2719],[-37.4526,-11.2703],[-37.4523,-11.2657],[-37.4518,-11.265],[-37.4515,-11.2612],[-37.4518,-11.2609],[-37.4516,-11.2595],[-37.4511,-11.2588],[-37.4554,-11.2571],[-37.4575,-11.2562],[-37.4577,-11.256],[-37.4565,-11.2544],[-37.4546,-11.2521],[-37.4534,-11.2538],[-37.452,-11.2549],[-37.4515,-11.2554],[-37.4501,-11.257],[-37.4499,-11.257],[-37.4472,-11.2585],[-37.4473,-11.2583],[-37.4457,-11.2575],[-37.4444,-11.2592],[-37.4439,-11.2587],[-37.4433,-11.2596],[-37.4436,-11.2621],[-37.4435,-11.2624],[-37.4419,-11.2649],[-37.4424,-11.2678]]]}},{"type":"Feature","properties":{"c":"b78","b":78,"n":"Botequim","m":"2802106","cx":-37.4295,"cy":-11.2633},"geometry":{"type":"Polygon","coordinates":[[[-37.4354,-11.2691],[-37.435,-11.269],[-37.4359,-11.2681],[-37.4353,-11.2676],[-37.4346,-11.2656],[-37.4351,-11.2648],[-37.435,-11.2643],[-37.4357,-11.2621],[-37.4359,-11.2619],[-37.4338,-11.2576],[-37.4323,-11.257],[-37.4314,-11.2569],[-37.4299,-11.2562],[-37.4286,-11.2557],[-37.4283,-11.2562],[-37.4276,-11.2565],[-37.4273,-11.2575],[-37.4263,-11.2586],[-37.4261,-11.2591],[-37.4253,-11.2594],[-37.4258,-11.2603],[-37.4259,-11.2611],[-37.4254,-11.2615],[-37.4245,-11.2616],[-37.4233,-11.2623],[-37.4244,-11.2647],[-37.4248,-11.2673],[-37.4246,-11.2696],[-37.4254,-11.2694],[-37.4253,-11.2689],[-37.4269,-11.269],[-37.4269,-11.2703],[-37.4279,-11.2705],[-37.4291,-11.2703],[-37.4288,-11.2693],[-37.4292,-11.2699],[-37.4304,-11.2697],[-37.4303,-11.2692],[-37.4314,-11.2691],[-37.432,-11.2688],[-37.4326,-11.2692],[-37.4337,-11.2704],[-37.4352,-11.2699],[-37.4354,-11.2691]]]}},{"type":"Feature","properties":{"c":"b79","b":79,"n":"Candeal","m":"2802106","cx":-37.4597,"cy":-11.2871},"geometry":{"type":"Polygon","coordinates":[[[-37.4537,-11.2857],[-37.4554,-11.2866],[-37.4574,-11.2876],[-37.4586,-11.2885],[-37.4614,-11.2894],[-37.4626,-11.2896],[-37.463,-11.2865],[-37.4549,-11.2854],[-37.4532,-11.285],[-37.4537,-11.2857]]]}},{"type":"Feature","properties":{"c":"b80","b":80,"n":"Centro","m":"2802106","cx":-37.4407,"cy":-11.2716},"geometry":{"type":"Polygon","coordinates":[[[-37.4357,-11.2621],[-37.435,-11.2643],[-37.4351,-11.2648],[-37.4346,-11.2656],[-37.4353,-11.2676],[-37.4359,-11.2681],[-37.435,-11.269],[-37.4354,-11.2691],[-37.4352,-11.2699],[-37.4369,-11.2703],[-37.4356,-11.2721],[-37.4365,-11.2726],[-37.4365,-11.2728],[-37.436,-11.2752],[-37.4361,-11.2761],[-37.4363,-11.2755],[-37.4368,-11.2755],[-37.4373,-11.2743],[-37.4378,-11.2744],[-37.4388,-11.275],[-37.4374,-11.2759],[-37.4371,-11.2765],[-37.4374,-11.2768],[-37.4374,-11.2776],[-37.4369,-11.2785],[-37.4378,-11.2781],[-37.4405,-11.2791],[-37.4432,-11.2805],[-37.445,-11.2812],[-37.4466,-11.2812],[-37.4469,-11.2818],[-37.4474,-11.2813],[-37.4464,-11.2798],[-37.4463,-11.2788],[-37.446,-11.2781],[-37.4447,-11.2763],[-37.4435,-11.2749],[-37.4443,-11.2744],[-37.4457,-11.2747],[-37.4468,-11.2743],[-37.4473,-11.2734],[-37.445,-11.2711],[-37.4428,-11.2686],[-37.4424,-11.2678],[-37.4419,-11.2649],[-37.4417,-11.2641],[-37.4398,-11.264],[-37.439,-11.2642],[-37.4396,-11.2652],[-37.4389,-11.2657],[-37.4368,-11.2664],[-37.4363,-11.2654],[-37.4364,-11.2633],[-37.4359,-11.2619],[-37.4357,-11.2621]]]}},{"type":"Feature","properties":{"c":"b81","b":81,"n":"Estancinha","m":"2802106","cx":-37.4525,"cy":-11.2985},"geometry":{"type":"MultiPolygon","coordinates":[[[[-37.4533,-11.3018],[-37.4536,-11.2979],[-37.4536,-11.2969],[-37.4533,-11.2965],[-37.4517,-11.2963],[-37.4514,-11.2991],[-37.4515,-11.3004],[-37.4521,-11.3014],[-37.4533,-11.3018]]],[[[-37.4514,-11.2843],[-37.4511,-11.2846],[-37.4506,-11.2862],[-37.4506,-11.287],[-37.4518,-11.2898],[-37.4521,-11.2895],[-37.452,-11.2884],[-37.452,-11.2873],[-37.4517,-11.2858],[-37.4519,-11.2857],[-37.4527,-11.2862],[-37.453,-11.2856],[-37.4535,-11.286],[-37.4537,-11.2857],[-37.4532,-11.285],[-37.4514,-11.2843]]],[[[-37.4504,-11.289],[-37.4494,-11.2886],[-37.4484,-11.2904],[-37.4478,-11.2904],[-37.4469,-11.291],[-37.4458,-11.2914],[-37.4456,-11.292],[-37.4469,-11.2928],[-37.4478,-11.2912],[-37.4487,-11.2912],[-37.4487,-11.293],[-37.4495,-11.2941],[-37.4509,-11.2938],[-37.4502,-11.2917],[-37.4505,-11.2895],[-37.4504,-11.289]]]]}},{"type":"Feature","properties":{"c":"b82","b":82,"n":"Porto D’Areia","m":"2802106","cx":-37.4338,"cy":-11.2766},"geometry":{"type":"Polygon","coordinates":[[[-37.4374,-11.2776],[-37.4374,-11.2768],[-37.4371,-11.2765],[-37.4374,-11.2759],[-37.4388,-11.275],[-37.4378,-11.2744],[-37.4373,-11.2743],[-37.4368,-11.2755],[-37.4363,-11.2755],[-37.4361,-11.2761],[-37.436,-11.2752],[-37.4365,-11.2728],[-37.4346,-11.2736],[-37.4341,-11.274],[-37.4338,-11.2748],[-37.4321,-11.2759],[-37.4317,-11.275],[-37.4309,-11.2755],[-37.4304,-11.2765],[-37.4302,-11.2777],[-37.4297,-11.2779],[-37.4308,-11.2805],[-37.431,-11.2806],[-37.4333,-11.2799],[-37.4357,-11.279],[-37.4369,-11.2785],[-37.4374,-11.2776]]]}},{"type":"Feature","properties":{"c":"b83","b":83,"n":"Santa Cruz","m":"2802106","cx":-37.4486,"cy":-11.2784},"geometry":{"type":"Polygon","coordinates":[[[-37.4468,-11.2743],[-37.4457,-11.2747],[-37.4443,-11.2744],[-37.4435,-11.2749],[-37.4447,-11.2763],[-37.446,-11.2781],[-37.4463,-11.2788],[-37.4464,-11.2798],[-37.4474,-11.2813],[-37.4469,-11.2818],[-37.4472,-11.2825],[-37.4486,-11.2829],[-37.45,-11.2824],[-37.4519,-11.2807],[-37.4518,-11.2796],[-37.4507,-11.2778],[-37.4502,-11.2766],[-37.4502,-11.2762],[-37.4495,-11.2761],[-37.449,-11.2752],[-37.4473,-11.2734],[-37.4468,-11.2743]]]}},{"type":"Feature","properties":{"c":"b84","b":84,"n":"São Jorge","m":"2802106","cx":-37.4315,"cy":-11.2732},"geometry":{"type":"Polygon","coordinates":[[[-37.4365,-11.2726],[-37.4356,-11.2721],[-37.4369,-11.2703],[-37.4352,-11.2699],[-37.4337,-11.2704],[-37.4326,-11.2692],[-37.432,-11.2688],[-37.4314,-11.2691],[-37.4303,-11.2692],[-37.4304,-11.2697],[-37.4292,-11.2699],[-37.4288,-11.2693],[-37.4291,-11.2703],[-37.4279,-11.2705],[-37.4269,-11.2703],[-37.4269,-11.269],[-37.4253,-11.2689],[-37.4254,-11.2694],[-37.4283,-11.2747],[-37.4297,-11.2779],[-37.4302,-11.2777],[-37.4304,-11.2765],[-37.4309,-11.2755],[-37.4317,-11.275],[-37.4321,-11.2759],[-37.4338,-11.2748],[-37.4341,-11.274],[-37.4346,-11.2736],[-37.4365,-11.2728],[-37.4365,-11.2726]]]}},{"type":"Feature","properties":{"c":"b85","b":85,"n":"Valter Cardozo Costa","m":"2802106","cx":-37.4305,"cy":-11.2425},"geometry":{"type":"MultiPolygon","coordinates":[[[[-37.4281,-11.2526],[-37.4317,-11.2509],[-37.4351,-11.2492],[-37.4351,-11.2482],[-37.4354,-11.2486],[-37.4402,-11.2578],[-37.4409,-11.2595],[-37.4432,-11.2589],[-37.4436,-11.2585],[-37.4439,-11.2587],[-37.4448,-11.257],[-37.4447,-11.2564],[-37.4434,-11.2557],[-37.4424,-11.2548],[-37.4423,-11.2541],[-37.4425,-11.2531],[-37.4414,-11.2522],[-37.4417,-11.2507],[-37.4413,-11.2504],[-37.4397,-11.2514],[-37.4395,-11.2509],[-37.4393,-11.2486],[-37.4396,-11.2475],[-37.4387,-11.2462],[-37.438,-11.2463],[-37.436,-11.24],[-37.4303,-11.226],[-37.4296,-11.2248],[-37.4277,-11.2254],[-37.4266,-11.2252],[-37.423,-11.2258],[-37.4226,-11.2258],[-37.4222,-11.2284],[-37.4215,-11.2305],[-37.4202,-11.2317],[-37.4194,-11.232],[-37.4185,-11.2318],[-37.4174,-11.2331],[-37.4163,-11.2349],[-37.4161,-11.2367],[-37.415,-11.238],[-37.4139,-11.239],[-37.4161,-11.2436],[-37.4164,-11.2446],[-37.4154,-11.2454],[-37.4161,-11.247],[-37.4171,-11.2468],[-37.4197,-11.2446],[-37.4222,-11.2418],[-37.4233,-11.2409],[-37.4238,-11.2416],[-37.4247,-11.2432],[-37.4265,-11.2444],[-37.4259,-11.245],[-37.4253,-11.2462],[-37.4258,-11.2477],[-37.4268,-11.2484],[-37.4271,-11.2493],[-37.4259,-11.2495],[-37.4241,-11.2492],[-37.422,-11.2506],[-37.4231,-11.2524],[-37.4242,-11.2538],[-37.4267,-11.2546],[-37.4284,-11.2537],[-37.4281,-11.2526]]],[[[-37.412,-11.2391],[-37.4126,-11.2385],[-37.411,-11.2368],[-37.4121,-11.2359],[-37.4104,-11.2346],[-37.4092,-11.2355],[-37.4085,-11.2358],[-37.4079,-11.2364],[-37.408,-11.2368],[-37.4075,-11.2382],[-37.408,-11.239],[-37.408,-11.2395],[-37.4085,-11.24],[-37.4093,-11.2402],[-37.4102,-11.2407],[-37.4107,-11.2405],[-37.4107,-11.2414],[-37.4126,-11.2396],[-37.412,-11.2391]]]]}},{"type":"Feature","properties":{"c":"b86","b":86,"n":"Anísio Amâncio de Oliveira","m":"2802908","cx":-37.4157,"cy":-10.6948},"geometry":{"type":"Polygon","coordinates":[[[-37.4269,-10.6915],[-37.4253,-10.6921],[-37.4246,-10.6889],[-37.4239,-10.6871],[-37.4215,-10.688],[-37.4173,-10.6894],[-37.4149,-10.6896],[-37.4149,-10.6897],[-37.4131,-10.6899],[-37.4129,-10.6894],[-37.4125,-10.6898],[-37.4111,-10.6907],[-37.4115,-10.6913],[-37.4112,-10.692],[-37.4083,-10.6939],[-37.4046,-10.6954],[-37.4025,-10.6971],[-37.4036,-10.6996],[-37.4047,-10.7003],[-37.4067,-10.7036],[-37.4072,-10.703],[-37.4086,-10.7021],[-37.4096,-10.7018],[-37.4102,-10.7009],[-37.4107,-10.7009],[-37.4109,-10.7004],[-37.4147,-10.6996],[-37.4191,-10.6988],[-37.4189,-10.6974],[-37.4186,-10.6969],[-37.4189,-10.6966],[-37.4194,-10.6966],[-37.4274,-10.6942],[-37.4269,-10.6915]]]}},{"type":"Feature","properties":{"c":"b87","b":87,"n":"Bananeira","m":"2802908","cx":-37.4163,"cy":-10.677},"geometry":{"type":"Polygon","coordinates":[[[-37.4209,-10.6815],[-37.4194,-10.6789],[-37.4195,-10.6784],[-37.4209,-10.6756],[-37.4206,-10.675],[-37.4198,-10.6744],[-37.42,-10.6736],[-37.4183,-10.6732],[-37.417,-10.6738],[-37.4161,-10.675],[-37.4156,-10.6736],[-37.4152,-10.673],[-37.4145,-10.6725],[-37.413,-10.6721],[-37.412,-10.6722],[-37.4107,-10.6726],[-37.4103,-10.6724],[-37.4101,-10.6732],[-37.4095,-10.6729],[-37.4093,-10.672],[-37.4094,-10.6717],[-37.4086,-10.6704],[-37.4075,-10.671],[-37.4065,-10.6707],[-37.4061,-10.6701],[-37.405,-10.6706],[-37.4038,-10.6703],[-37.4067,-10.6729],[-37.4077,-10.6736],[-37.4191,-10.682],[-37.4209,-10.682],[-37.4209,-10.6815]]]}},{"type":"Feature","properties":{"c":"b88","b":88,"n":"Centro","m":"2802908","cx":-37.4272,"cy":-10.6852},"geometry":{"type":"Polygon","coordinates":[[[-37.4325,-10.6896],[-37.4335,-10.6834],[-37.4341,-10.6822],[-37.4341,-10.6821],[-37.4209,-10.682],[-37.4215,-10.688],[-37.4239,-10.6871],[-37.4246,-10.6889],[-37.4253,-10.6921],[-37.4269,-10.6915],[-37.4325,-10.6896]]]}},{"type":"Feature","properties":{"c":"b89","b":89,"n":"Doutor José Milton Machado","m":"2802908","cx":-37.4445,"cy":-10.694},"geometry":{"type":"Polygon","coordinates":[[[-37.4487,-10.7049],[-37.4524,-10.6971],[-37.4508,-10.6869],[-37.451,-10.6819],[-37.4443,-10.6856],[-37.4417,-10.6856],[-37.4406,-10.6856],[-37.4404,-10.6854],[-37.4385,-10.6911],[-37.438,-10.6924],[-37.4362,-10.6957],[-37.4487,-10.7049]]]}},{"type":"Feature","properties":{"c":"b90","b":90,"n":"Mamede Paes Mendonça","m":"2802908","cx":-37.427,"cy":-10.6779},"geometry":{"type":"Polygon","coordinates":[[[-37.4341,-10.6821],[-37.4343,-10.6752],[-37.4302,-10.6749],[-37.4296,-10.6767],[-37.4287,-10.6773],[-37.4268,-10.6774],[-37.4263,-10.6765],[-37.4254,-10.676],[-37.4248,-10.6755],[-37.4238,-10.6735],[-37.4219,-10.6742],[-37.4212,-10.6737],[-37.42,-10.6736],[-37.4198,-10.6744],[-37.4206,-10.675],[-37.4209,-10.6756],[-37.4195,-10.6784],[-37.4194,-10.6789],[-37.4209,-10.6815],[-37.4209,-10.682],[-37.4341,-10.6821]]]}},{"type":"Feature","properties":{"c":"b91","b":91,"n":"Marcela","m":"2802908","cx":-37.4216,"cy":-10.6708},"geometry":{"type":"Polygon","coordinates":[[[-37.4344,-10.6698],[-37.4344,-10.6643],[-37.429,-10.6654],[-37.4223,-10.6669],[-37.4214,-10.6668],[-37.4157,-10.6666],[-37.4117,-10.6664],[-37.411,-10.6663],[-37.4077,-10.6671],[-37.4064,-10.6681],[-37.4027,-10.6693],[-37.4038,-10.6703],[-37.405,-10.6706],[-37.4061,-10.6701],[-37.4065,-10.6707],[-37.4075,-10.671],[-37.4086,-10.6704],[-37.4094,-10.6717],[-37.4093,-10.672],[-37.4095,-10.6729],[-37.4101,-10.6732],[-37.4103,-10.6724],[-37.4107,-10.6726],[-37.412,-10.6722],[-37.413,-10.6721],[-37.4145,-10.6725],[-37.4152,-10.673],[-37.4156,-10.6736],[-37.4161,-10.675],[-37.417,-10.6738],[-37.4183,-10.6732],[-37.42,-10.6736],[-37.4212,-10.6737],[-37.4219,-10.6742],[-37.4238,-10.6735],[-37.4248,-10.6755],[-37.4254,-10.676],[-37.4263,-10.6765],[-37.4268,-10.6774],[-37.4287,-10.6773],[-37.4296,-10.6767],[-37.4302,-10.6749],[-37.4343,-10.6752],[-37.4344,-10.6698]]]}},{"type":"Feature","properties":{"c":"b92","b":92,"n":"Marianga","m":"2802908","cx":-37.4198,"cy":-10.7006},"geometry":{"type":"Polygon","coordinates":[[[-37.4289,-10.7025],[-37.4289,-10.7015],[-37.4274,-10.6942],[-37.4194,-10.6966],[-37.4189,-10.6966],[-37.4186,-10.6969],[-37.4189,-10.6974],[-37.4191,-10.6988],[-37.4147,-10.6996],[-37.4109,-10.7004],[-37.4107,-10.7009],[-37.4102,-10.7009],[-37.4096,-10.7018],[-37.4086,-10.7021],[-37.4072,-10.703],[-37.4067,-10.7036],[-37.4075,-10.7053],[-37.4082,-10.7058],[-37.4087,-10.7068],[-37.4087,-10.7075],[-37.4125,-10.7041],[-37.413,-10.7035],[-37.4151,-10.7043],[-37.4149,-10.7053],[-37.4177,-10.7048],[-37.4203,-10.7047],[-37.4206,-10.704],[-37.4214,-10.7042],[-37.4259,-10.7035],[-37.4282,-10.703],[-37.4283,-10.7033],[-37.4289,-10.7025]]]}},{"type":"Feature","properties":{"c":"b93","b":93,"n":"Miguel Teles de Mendonça","m":"2802908","cx":-37.4169,"cy":-10.7125},"geometry":{"type":"Polygon","coordinates":[[[-37.4282,-10.703],[-37.4259,-10.7035],[-37.4214,-10.7042],[-37.4206,-10.704],[-37.4203,-10.7047],[-37.4177,-10.7048],[-37.4149,-10.7053],[-37.4151,-10.7043],[-37.413,-10.7035],[-37.4125,-10.7041],[-37.4087,-10.7075],[-37.4089,-10.7095],[-37.4095,-10.71],[-37.411,-10.715],[-37.4106,-10.7163],[-37.4106,-10.7172],[-37.4112,-10.7183],[-37.413,-10.7202],[-37.4137,-10.7205],[-37.414,-10.7219],[-37.4143,-10.7224],[-37.4149,-10.7242],[-37.4157,-10.7249],[-37.4166,-10.725],[-37.4191,-10.7217],[-37.42,-10.7203],[-37.4218,-10.716],[-37.4222,-10.7152],[-37.4272,-10.7058],[-37.4283,-10.7033],[-37.4282,-10.703]]]}},{"type":"Feature","properties":{"c":"b94","b":94,"n":"Oviêdo Teixeira","m":"2802908","cx":-37.4339,"cy":-10.7135},"geometry":{"type":"Polygon","coordinates":[[[-37.4362,-10.6957],[-37.4356,-10.6964],[-37.4342,-10.6978],[-37.4315,-10.7002],[-37.4306,-10.7008],[-37.4293,-10.702],[-37.4289,-10.7025],[-37.4283,-10.7033],[-37.4272,-10.7058],[-37.4222,-10.7152],[-37.4218,-10.716],[-37.42,-10.7203],[-37.4191,-10.7217],[-37.4166,-10.725],[-37.4136,-10.7289],[-37.4144,-10.7294],[-37.4149,-10.7301],[-37.4167,-10.7315],[-37.4185,-10.7323],[-37.4206,-10.7301],[-37.4244,-10.7279],[-37.447,-10.7118],[-37.4487,-10.7049],[-37.4362,-10.6957]]]}},{"type":"Feature","properties":{"c":"b95","b":95,"n":"Porto","m":"2802908","cx":-37.4403,"cy":-10.6673},"geometry":{"type":"Polygon","coordinates":[[[-37.4341,-10.6821],[-37.4341,-10.6822],[-37.4413,-10.6822],[-37.4447,-10.6717],[-37.4469,-10.6648],[-37.4474,-10.6629],[-37.4478,-10.661],[-37.4481,-10.6598],[-37.4516,-10.649],[-37.4518,-10.6483],[-37.4509,-10.6485],[-37.4488,-10.6486],[-37.4488,-10.651],[-37.4479,-10.6511],[-37.4471,-10.6532],[-37.4455,-10.6546],[-37.4395,-10.6631],[-37.4359,-10.6639],[-37.4352,-10.6639],[-37.4344,-10.6643],[-37.4344,-10.6698],[-37.4343,-10.6752],[-37.4341,-10.6821]]]}},{"type":"Feature","properties":{"c":"b96","b":96,"n":"Queimadas","m":"2802908","cx":-37.455,"cy":-10.6638},"geometry":{"type":"Polygon","coordinates":[[[-37.4629,-10.6605],[-37.4595,-10.6525],[-37.4587,-10.6526],[-37.457,-10.6522],[-37.4562,-10.6513],[-37.4516,-10.649],[-37.4481,-10.6598],[-37.4478,-10.661],[-37.4474,-10.6629],[-37.4469,-10.6648],[-37.4447,-10.6717],[-37.4452,-10.6723],[-37.4456,-10.6722],[-37.4464,-10.6726],[-37.448,-10.674],[-37.4497,-10.6747],[-37.4504,-10.6757],[-37.4513,-10.6763],[-37.4518,-10.6769],[-37.4519,-10.6763],[-37.4523,-10.6759],[-37.4531,-10.6758],[-37.4535,-10.676],[-37.4539,-10.6768],[-37.4551,-10.6769],[-37.4567,-10.6767],[-37.4572,-10.6769],[-37.4596,-10.6767],[-37.4603,-10.6764],[-37.4622,-10.6768],[-37.4629,-10.6605]]]}},{"type":"Feature","properties":{"c":"b97","b":97,"n":"Riacho Doce","m":"2802908","cx":-37.4493,"cy":-10.6794},"geometry":{"type":"Polygon","coordinates":[[[-37.4622,-10.6768],[-37.4603,-10.6764],[-37.4596,-10.6767],[-37.4572,-10.6769],[-37.4567,-10.6767],[-37.4551,-10.6769],[-37.4539,-10.6768],[-37.4535,-10.676],[-37.4531,-10.6758],[-37.4523,-10.6759],[-37.4519,-10.6763],[-37.4518,-10.6769],[-37.4513,-10.6763],[-37.4504,-10.6757],[-37.4497,-10.6747],[-37.448,-10.674],[-37.4464,-10.6726],[-37.4456,-10.6722],[-37.4452,-10.6723],[-37.4447,-10.6717],[-37.4413,-10.6822],[-37.4404,-10.6854],[-37.4406,-10.6856],[-37.4417,-10.6856],[-37.4443,-10.6856],[-37.451,-10.6819],[-37.4622,-10.6768]]]}},{"type":"Feature","properties":{"c":"b98","b":98,"n":"Rotary Club","m":"2802908","cx":-37.4363,"cy":-10.6875},"geometry":{"type":"Polygon","coordinates":[[[-37.4335,-10.6834],[-37.4325,-10.6896],[-37.4323,-10.6906],[-37.4339,-10.692],[-37.435,-10.6934],[-37.4355,-10.6948],[-37.4355,-10.6961],[-37.4356,-10.6964],[-37.4362,-10.6957],[-37.438,-10.6924],[-37.4385,-10.6911],[-37.4404,-10.6854],[-37.4413,-10.6822],[-37.4341,-10.6822],[-37.4335,-10.6834]]]}},{"type":"Feature","properties":{"c":"b99","b":99,"n":"Serrano","m":"2802908","cx":-37.4316,"cy":-10.6955},"geometry":{"type":"Polygon","coordinates":[[[-37.4355,-10.6961],[-37.4355,-10.6948],[-37.435,-10.6934],[-37.4339,-10.692],[-37.4323,-10.6906],[-37.4325,-10.6896],[-37.4269,-10.6915],[-37.4274,-10.6942],[-37.4289,-10.7015],[-37.4289,-10.7025],[-37.4293,-10.702],[-37.4306,-10.7008],[-37.4315,-10.7002],[-37.4342,-10.6978],[-37.4356,-10.6964],[-37.4355,-10.6961]]]}},{"type":"Feature","properties":{"c":"b100","b":100,"n":"São Cristóvão","m":"2802908","cx":-37.4087,"cy":-10.6864},"geometry":{"type":"Polygon","coordinates":[[[-37.4209,-10.682],[-37.4191,-10.682],[-37.4077,-10.6736],[-37.4069,-10.675],[-37.4047,-10.6765],[-37.4015,-10.6786],[-37.3976,-10.6812],[-37.394,-10.6835],[-37.3952,-10.6849],[-37.4011,-10.6953],[-37.4025,-10.6971],[-37.4046,-10.6954],[-37.4083,-10.6939],[-37.4112,-10.692],[-37.4115,-10.6913],[-37.4111,-10.6907],[-37.4125,-10.6898],[-37.4129,-10.6894],[-37.4131,-10.6899],[-37.4149,-10.6897],[-37.4149,-10.6896],[-37.4173,-10.6894],[-37.4215,-10.688],[-37.4209,-10.682]]]}},{"type":"Feature","properties":{"c":"b101","b":101,"n":"Ademar de Carvalho","m":"2803500","cx":-37.6617,"cy":-10.9071},"geometry":{"type":"Polygon","coordinates":[[[-37.6632,-10.913],[-37.6647,-10.9109],[-37.6657,-10.9101],[-37.6674,-10.9079],[-37.6685,-10.9064],[-37.6677,-10.9056],[-37.6696,-10.903],[-37.6702,-10.9038],[-37.6707,-10.9022],[-37.6709,-10.8991],[-37.671,-10.896],[-37.6705,-10.8961],[-37.6676,-10.8975],[-37.6632,-10.9003],[-37.6605,-10.902],[-37.6573,-10.9052],[-37.6529,-10.91],[-37.6545,-10.9099],[-37.6559,-10.9101],[-37.6581,-10.9109],[-37.6578,-10.9115],[-37.6591,-10.9122],[-37.6601,-10.9125],[-37.6558,-10.9154],[-37.6551,-10.9154],[-37.6523,-10.9137],[-37.6519,-10.9126],[-37.6495,-10.9134],[-37.65,-10.9145],[-37.6507,-10.9152],[-37.6513,-10.9161],[-37.6509,-10.9166],[-37.6526,-10.9181],[-37.6568,-10.9154],[-37.6613,-10.9123],[-37.6626,-10.9135],[-37.6632,-10.913]]]}},{"type":"Feature","properties":{"c":"b102","b":102,"n":"Alto da Boa Vista","m":"2803500","cx":-37.6924,"cy":-10.9033},"geometry":{"type":"Polygon","coordinates":[[[-37.695,-10.8949],[-37.6923,-10.8985],[-37.6901,-10.9017],[-37.6835,-10.9108],[-37.6827,-10.9118],[-37.682,-10.9125],[-37.6788,-10.9152],[-37.6811,-10.9154],[-37.6842,-10.9167],[-37.6855,-10.9171],[-37.6873,-10.9173],[-37.6887,-10.9162],[-37.6923,-10.9108],[-37.6922,-10.9099],[-37.693,-10.9097],[-37.6931,-10.9085],[-37.6944,-10.9061],[-37.6948,-10.905],[-37.6994,-10.8977],[-37.7012,-10.8966],[-37.7001,-10.8945],[-37.7,-10.8934],[-37.6994,-10.8925],[-37.7009,-10.8911],[-37.6989,-10.8893],[-37.695,-10.8949]]]}},{"type":"Feature","properties":{"c":"b103","b":103,"n":"Centro","m":"2803500","cx":-37.67,"cy":-10.918},"geometry":{"type":"Polygon","coordinates":[[[-37.6733,-10.9197],[-37.6771,-10.9165],[-37.6731,-10.9115],[-37.6713,-10.9104],[-37.6701,-10.9114],[-37.6666,-10.9142],[-37.6649,-10.9155],[-37.6637,-10.9165],[-37.6655,-10.9195],[-37.6682,-10.924],[-37.6733,-10.9197]]]}},{"type":"Feature","properties":{"c":"b104","b":104,"n":"Cidade Nova","m":"2803500","cx":-37.6864,"cy":-10.8988},"geometry":{"type":"Polygon","coordinates":[[[-37.6998,-10.8882],[-37.6977,-10.8863],[-37.6973,-10.8868],[-37.6964,-10.8869],[-37.6957,-10.8872],[-37.6944,-10.8882],[-37.6935,-10.8885],[-37.6928,-10.8892],[-37.6922,-10.8896],[-37.6903,-10.8915],[-37.6881,-10.8919],[-37.6843,-10.8918],[-37.683,-10.8922],[-37.6829,-10.8934],[-37.682,-10.8954],[-37.6806,-10.8992],[-37.6795,-10.9014],[-37.6785,-10.9029],[-37.6782,-10.904],[-37.6775,-10.9052],[-37.6773,-10.9067],[-37.6776,-10.9083],[-37.6789,-10.9074],[-37.6782,-10.9091],[-37.6808,-10.911],[-37.6827,-10.9118],[-37.6835,-10.9108],[-37.6901,-10.9017],[-37.6923,-10.8985],[-37.695,-10.8949],[-37.6989,-10.8893],[-37.6998,-10.8882]]]}},{"type":"Feature","properties":{"c":"b105","b":105,"n":"Exposição","m":"2803500","cx":-37.6643,"cy":-10.9234},"geometry":{"type":"Polygon","coordinates":[[[-37.6624,-10.9218],[-37.6614,-10.9229],[-37.6598,-10.9243],[-37.6631,-10.9272],[-37.6635,-10.9279],[-37.6682,-10.924],[-37.6655,-10.9195],[-37.6624,-10.9218]]]}},{"type":"Feature","properties":{"c":"b106","b":106,"n":"Horta","m":"2803500","cx":-37.6565,"cy":-10.9288},"geometry":{"type":"Polygon","coordinates":[[[-37.6631,-10.9272],[-37.6598,-10.9243],[-37.6595,-10.9242],[-37.6529,-10.9183],[-37.653,-10.9187],[-37.6516,-10.9198],[-37.6491,-10.9209],[-37.6476,-10.9213],[-37.6456,-10.9223],[-37.6449,-10.923],[-37.6451,-10.9241],[-37.6459,-10.9258],[-37.6462,-10.9275],[-37.647,-10.9276],[-37.648,-10.9274],[-37.6492,-10.9274],[-37.6504,-10.9287],[-37.651,-10.929],[-37.6517,-10.9296],[-37.6531,-10.93],[-37.6505,-10.933],[-37.6492,-10.9337],[-37.6486,-10.9343],[-37.6474,-10.9361],[-37.6472,-10.9368],[-37.6501,-10.9393],[-37.6599,-10.931],[-37.6635,-10.9279],[-37.6631,-10.9272]]]}},{"type":"Feature","properties":{"c":"b107","b":107,"n":"Jardim Campo Novo","m":"2803500","cx":-37.6606,"cy":-10.9384},"geometry":{"type":"Polygon","coordinates":[[[-37.6695,-10.9344],[-37.6635,-10.9279],[-37.6599,-10.931],[-37.6501,-10.9393],[-37.658,-10.9429],[-37.6633,-10.9448],[-37.6643,-10.9458],[-37.6647,-10.9467],[-37.6656,-10.948],[-37.6662,-10.9493],[-37.6678,-10.946],[-37.669,-10.9432],[-37.669,-10.941],[-37.6703,-10.9375],[-37.6703,-10.9353],[-37.6701,-10.9336],[-37.6695,-10.9344]]]}},{"type":"Feature","properties":{"c":"b108","b":108,"n":"Laudelino Freire","m":"2803500","cx":-37.6778,"cy":-10.9116},"geometry":{"type":"Polygon","coordinates":[[[-37.6808,-10.911],[-37.6782,-10.9091],[-37.6789,-10.9074],[-37.6776,-10.9083],[-37.6773,-10.9067],[-37.676,-10.9074],[-37.6749,-10.9088],[-37.6731,-10.9115],[-37.6771,-10.9165],[-37.6788,-10.9152],[-37.682,-10.9125],[-37.6827,-10.9118],[-37.6808,-10.911]]]}},{"type":"Feature","properties":{"c":"b109","b":109,"n":"Libório","m":"2803500","cx":-37.675,"cy":-10.9018},"geometry":{"type":"Polygon","coordinates":[[[-37.6775,-10.9052],[-37.6782,-10.904],[-37.6785,-10.9029],[-37.6795,-10.9014],[-37.6806,-10.8992],[-37.682,-10.8954],[-37.6829,-10.8934],[-37.683,-10.8922],[-37.6818,-10.8925],[-37.6816,-10.893],[-37.6812,-10.8931],[-37.6802,-10.893],[-37.6795,-10.8925],[-37.6787,-10.8927],[-37.6776,-10.8934],[-37.677,-10.8942],[-37.676,-10.895],[-37.6746,-10.8947],[-37.6719,-10.8953],[-37.671,-10.896],[-37.6709,-10.8991],[-37.6707,-10.9022],[-37.6702,-10.9038],[-37.6696,-10.903],[-37.6677,-10.9056],[-37.6685,-10.9064],[-37.6674,-10.9079],[-37.6682,-10.9075],[-37.6685,-10.9076],[-37.6713,-10.9104],[-37.6731,-10.9115],[-37.6749,-10.9088],[-37.676,-10.9074],[-37.6773,-10.9067],[-37.6775,-10.9052]]]}},{"type":"Feature","properties":{"c":"b110","b":110,"n":"Novo Horizonte","m":"2803500","cx":-37.6587,"cy":-10.9182},"geometry":{"type":"Polygon","coordinates":[[[-37.6529,-10.9183],[-37.6595,-10.9242],[-37.6598,-10.9243],[-37.6614,-10.9229],[-37.6624,-10.9218],[-37.6655,-10.9195],[-37.6637,-10.9165],[-37.6649,-10.9155],[-37.6626,-10.9135],[-37.6613,-10.9123],[-37.6568,-10.9154],[-37.6526,-10.9181],[-37.6529,-10.9183]]]}},{"type":"Feature","properties":{"c":"b111","b":111,"n":"Pratas","m":"2803500","cx":-37.6793,"cy":-10.919},"geometry":{"type":"Polygon","coordinates":[[[-37.6771,-10.9165],[-37.6733,-10.9197],[-37.6807,-10.9241],[-37.6809,-10.9235],[-37.6822,-10.9221],[-37.6827,-10.9211],[-37.6839,-10.9198],[-37.6849,-10.9184],[-37.6855,-10.9171],[-37.6842,-10.9167],[-37.6811,-10.9154],[-37.6788,-10.9152],[-37.6771,-10.9165]]]}},{"type":"Feature","properties":{"c":"b112","b":112,"n":"Silvio Romero","m":"2803500","cx":-37.6664,"cy":-10.9122},"geometry":{"type":"Polygon","coordinates":[[[-37.6685,-10.9076],[-37.6682,-10.9075],[-37.6674,-10.9079],[-37.6657,-10.9101],[-37.6647,-10.9109],[-37.6632,-10.913],[-37.6626,-10.9135],[-37.6649,-10.9155],[-37.6666,-10.9142],[-37.6701,-10.9114],[-37.6713,-10.9104],[-37.6685,-10.9076]]]}},{"type":"Feature","properties":{"c":"b113","b":113,"n":"São José","m":"2803500","cx":-37.6748,"cy":-10.9257},"geometry":{"type":"Polygon","coordinates":[[[-37.6733,-10.9197],[-37.6682,-10.924],[-37.6635,-10.9279],[-37.6695,-10.9344],[-37.6701,-10.9336],[-37.6702,-10.9326],[-37.6705,-10.9323],[-37.6717,-10.9313],[-37.6726,-10.9335],[-37.6745,-10.9328],[-37.6782,-10.9305],[-37.6793,-10.9296],[-37.6808,-10.9313],[-37.686,-10.9273],[-37.6807,-10.9241],[-37.6733,-10.9197]]]}},{"type":"Feature","properties":{"c":"b114","b":114,"n":"Alto da Glória","m":"2804508","cx":-37.3973,"cy":-10.2155},"geometry":{"type":"Polygon","coordinates":[[[-37.4034,-10.2132],[-37.4041,-10.2129],[-37.404,-10.2124],[-37.405,-10.2121],[-37.4049,-10.2111],[-37.4031,-10.2116],[-37.4029,-10.2111],[-37.4007,-10.2129],[-37.4004,-10.2126],[-37.3987,-10.2141],[-37.3976,-10.2129],[-37.3929,-10.2173],[-37.3918,-10.218],[-37.3897,-10.2191],[-37.39,-10.2203],[-37.3914,-10.2206],[-37.3929,-10.2206],[-37.3942,-10.2205],[-37.3967,-10.2195],[-37.3985,-10.2192],[-37.3983,-10.2181],[-37.3966,-10.2184],[-37.3963,-10.2169],[-37.4035,-10.214],[-37.4034,-10.2132]]]}},{"type":"Feature","properties":{"c":"b115","b":115,"n":"Brasília","m":"2804508","cx":-37.4118,"cy":-10.2178},"geometry":{"type":"MultiPolygon","coordinates":[[[[-37.4188,-10.2167],[-37.4179,-10.2153],[-37.4171,-10.2145],[-37.4144,-10.2162],[-37.4136,-10.2151],[-37.4124,-10.216],[-37.4114,-10.2162],[-37.4108,-10.2172],[-37.41,-10.2173],[-37.4084,-10.2167],[-37.408,-10.2167],[-37.4074,-10.218],[-37.4063,-10.2188],[-37.4062,-10.219],[-37.4047,-10.2198],[-37.4051,-10.2198],[-37.4068,-10.2209],[-37.4073,-10.2211],[-37.4086,-10.221],[-37.4104,-10.2198],[-37.4113,-10.2194],[-37.4123,-10.2194],[-37.4132,-10.2191],[-37.4142,-10.2183],[-37.4157,-10.218],[-37.4166,-10.2177],[-37.418,-10.2175],[-37.4185,-10.217],[-37.4188,-10.2167]]],[[[-37.4178,-10.2041],[-37.4134,-10.2037],[-37.4142,-10.2058],[-37.4151,-10.2075],[-37.4152,-10.2081],[-37.4148,-10.2088],[-37.4145,-10.2103],[-37.4161,-10.2112],[-37.4153,-10.2124],[-37.4171,-10.2136],[-37.4179,-10.2139],[-37.418,-10.2139],[-37.4198,-10.2127],[-37.42,-10.2118],[-37.4193,-10.2104],[-37.4186,-10.2093],[-37.42,-10.2092],[-37.4196,-10.2084],[-37.4204,-10.2067],[-37.421,-10.2058],[-37.4178,-10.2041]]]]}},{"type":"Feature","properties":{"c":"b116","b":116,"n":"Centro","m":"2804508","cx":-37.4215,"cy":-10.2179},"geometry":{"type":"MultiPolygon","coordinates":[[[[-37.418,-10.2139],[-37.4179,-10.2139],[-37.4171,-10.2145],[-37.4179,-10.2153],[-37.4188,-10.2167],[-37.4185,-10.217],[-37.4185,-10.2191],[-37.419,-10.2209],[-37.4194,-10.2208],[-37.4227,-10.2214],[-37.4228,-10.2216],[-37.4264,-10.2189],[-37.4224,-10.217],[-37.421,-10.2161],[-37.4213,-10.2157],[-37.418,-10.2139]]],[[[-37.4226,-10.2146],[-37.4225,-10.2157],[-37.4235,-10.2169],[-37.4268,-10.2185],[-37.4269,-10.2185],[-37.4277,-10.2179],[-37.4245,-10.2133],[-37.4226,-10.2146]]]]}},{"type":"Feature","properties":{"c":"b117","b":117,"n":"Cohab","m":"2804508","cx":-37.3933,"cy":-10.2121},"geometry":{"type":"Polygon","coordinates":[[[-37.3918,-10.218],[-37.3929,-10.2173],[-37.3976,-10.2129],[-37.4017,-10.2092],[-37.4031,-10.2084],[-37.4045,-10.2085],[-37.4084,-10.2087],[-37.4078,-10.2081],[-37.4074,-10.2068],[-37.4067,-10.2058],[-37.4055,-10.205],[-37.4038,-10.2048],[-37.403,-10.2044],[-37.403,-10.2063],[-37.4013,-10.2062],[-37.3973,-10.2081],[-37.3943,-10.2078],[-37.3942,-10.208],[-37.3938,-10.2109],[-37.3882,-10.2113],[-37.3881,-10.2151],[-37.3859,-10.2201],[-37.3861,-10.221],[-37.3897,-10.2191],[-37.3918,-10.218]]]}},{"type":"Feature","properties":{"c":"b118","b":118,"n":"Danilo Aragão","m":"2804508","cx":-37.401,"cy":-10.2113},"geometry":{"type":"Polygon","coordinates":[[[-37.4031,-10.2084],[-37.4017,-10.2092],[-37.3976,-10.2129],[-37.3987,-10.2141],[-37.4004,-10.2126],[-37.4007,-10.2129],[-37.4029,-10.2111],[-37.4031,-10.2116],[-37.4049,-10.2111],[-37.4045,-10.2085],[-37.4031,-10.2084]]]}},{"type":"Feature","properties":{"c":"b119","b":119,"n":"Divinéia","m":"2804508","cx":-37.4262,"cy":-10.2228},"geometry":{"type":"Polygon","coordinates":[[[-37.4268,-10.2185],[-37.4264,-10.2189],[-37.4228,-10.2216],[-37.4227,-10.2214],[-37.4194,-10.2208],[-37.419,-10.2209],[-37.4163,-10.2247],[-37.4153,-10.226],[-37.4146,-10.2275],[-37.4201,-10.2266],[-37.4212,-10.2262],[-37.4245,-10.224],[-37.4254,-10.2256],[-37.4255,-10.2265],[-37.4265,-10.226],[-37.4267,-10.2255],[-37.4274,-10.2249],[-37.428,-10.2251],[-37.4283,-10.226],[-37.4293,-10.2263],[-37.4295,-10.2274],[-37.4291,-10.2287],[-37.4295,-10.2286],[-37.4309,-10.2271],[-37.4319,-10.2259],[-37.432,-10.2254],[-37.4402,-10.2174],[-37.4378,-10.2178],[-37.436,-10.2186],[-37.4351,-10.2188],[-37.4328,-10.2187],[-37.4315,-10.2192],[-37.4309,-10.2192],[-37.4297,-10.2189],[-37.4269,-10.2185],[-37.4268,-10.2185]]]}},{"type":"Feature","properties":{"c":"b120","b":120,"n":"Nossa Senhora de Lourdes","m":"2804508","cx":-37.4325,"cy":-10.2163},"geometry":{"type":"Polygon","coordinates":[[[-37.4269,-10.2185],[-37.4297,-10.2189],[-37.4309,-10.2192],[-37.4315,-10.2192],[-37.4328,-10.2187],[-37.4351,-10.2188],[-37.436,-10.2186],[-37.4346,-10.2144],[-37.4341,-10.2131],[-37.4318,-10.2148],[-37.4277,-10.2179],[-37.4269,-10.2185]]]}},{"type":"Feature","properties":{"c":"b121","b":121,"n":"Nova Brasília","m":"2804508","cx":-37.4129,"cy":-10.2143},"geometry":{"type":"Polygon","coordinates":[[[-37.4179,-10.2139],[-37.4171,-10.2136],[-37.4153,-10.2124],[-37.4129,-10.211],[-37.4119,-10.2126],[-37.4115,-10.212],[-37.4107,-10.2115],[-37.4095,-10.2126],[-37.409,-10.2137],[-37.4085,-10.2141],[-37.4083,-10.2158],[-37.408,-10.2167],[-37.4084,-10.2167],[-37.41,-10.2173],[-37.4108,-10.2172],[-37.4114,-10.2162],[-37.4124,-10.216],[-37.4136,-10.2151],[-37.4144,-10.2162],[-37.4171,-10.2145],[-37.4179,-10.2139]]]}},{"type":"Feature","properties":{"c":"b122","b":122,"n":"Nova Esperança","m":"2804508","cx":-37.4278,"cy":-10.2059},"geometry":{"type":"MultiPolygon","coordinates":[[[[-37.4443,-10.1975],[-37.4436,-10.1969],[-37.4434,-10.1963],[-37.4283,-10.201],[-37.4273,-10.1999],[-37.4263,-10.2004],[-37.4257,-10.2019],[-37.4249,-10.2023],[-37.4229,-10.2038],[-37.4222,-10.2047],[-37.4214,-10.2059],[-37.421,-10.2058],[-37.4204,-10.2067],[-37.4196,-10.2084],[-37.42,-10.2092],[-37.4186,-10.2093],[-37.4193,-10.2104],[-37.42,-10.2118],[-37.4198,-10.2127],[-37.418,-10.2139],[-37.4213,-10.2157],[-37.4215,-10.2153],[-37.4226,-10.2146],[-37.4245,-10.2133],[-37.4347,-10.206],[-37.4457,-10.1982],[-37.4443,-10.1975]]],[[[-37.4047,-10.2037],[-37.4042,-10.2036],[-37.4038,-10.2048],[-37.4055,-10.205],[-37.4067,-10.2058],[-37.4074,-10.2068],[-37.4078,-10.2081],[-37.4084,-10.2087],[-37.4094,-10.2089],[-37.4129,-10.211],[-37.4151,-10.2075],[-37.4142,-10.2058],[-37.4134,-10.2037],[-37.4047,-10.2037]]]]}},{"type":"Feature","properties":{"c":"b123","b":123,"n":"Novo Horizonte","m":"2804508","cx":-37.4224,"cy":-10.2165},"geometry":{"type":"Polygon","coordinates":[[[-37.4215,-10.2153],[-37.4213,-10.2157],[-37.421,-10.2161],[-37.4224,-10.217],[-37.4264,-10.2189],[-37.4268,-10.2185],[-37.4235,-10.2169],[-37.4225,-10.2157],[-37.4226,-10.2146],[-37.4215,-10.2153]]]}},{"type":"Feature","properties":{"c":"b124","b":124,"n":"Sebastião Lopes da Silva","m":"2804508","cx":-37.4376,"cy":-10.2072},"geometry":{"type":"Polygon","coordinates":[[[-37.4416,-10.2083],[-37.4429,-10.2062],[-37.4431,-10.2057],[-37.4439,-10.2062],[-37.4486,-10.1993],[-37.447,-10.1985],[-37.4457,-10.1982],[-37.4347,-10.206],[-37.4245,-10.2133],[-37.4277,-10.2179],[-37.4318,-10.2148],[-37.4341,-10.2131],[-37.4416,-10.2083]]]}},{"type":"Feature","properties":{"c":"b125","b":125,"n":"Silos","m":"2804508","cx":-37.415,"cy":-10.2201},"geometry":{"type":"MultiPolygon","coordinates":[[[[-37.4111,-10.2211],[-37.412,-10.2226],[-37.4127,-10.2243],[-37.4127,-10.2248],[-37.414,-10.2236],[-37.4146,-10.2234],[-37.4163,-10.2247],[-37.419,-10.2209],[-37.4185,-10.2191],[-37.4185,-10.217],[-37.418,-10.2175],[-37.4166,-10.2177],[-37.4157,-10.218],[-37.4142,-10.2183],[-37.4132,-10.2191],[-37.4123,-10.2194],[-37.4113,-10.2194],[-37.4111,-10.2211]]],[[[-37.4153,-10.2124],[-37.4161,-10.2112],[-37.4145,-10.2103],[-37.4148,-10.2088],[-37.4152,-10.2081],[-37.4151,-10.2075],[-37.4129,-10.211],[-37.4153,-10.2124]]],[[[-37.4115,-10.212],[-37.4119,-10.2126],[-37.4129,-10.211],[-37.4094,-10.2089],[-37.4084,-10.2087],[-37.4045,-10.2085],[-37.4049,-10.2111],[-37.405,-10.2121],[-37.404,-10.2124],[-37.4041,-10.2129],[-37.4034,-10.2132],[-37.4035,-10.214],[-37.4075,-10.2122],[-37.4075,-10.2102],[-37.4083,-10.2102],[-37.4107,-10.2115],[-37.4115,-10.212]]]]}},{"type":"Feature","properties":{"c":"b126","b":126,"n":"Albano Franco","m":"2804805","cx":-37.0647,"cy":-10.838},"geometry":{"type":"Polygon","coordinates":[[[-37.0696,-10.8353],[-37.0695,-10.8347],[-37.0694,-10.8344],[-37.0686,-10.8338],[-37.0684,-10.8334],[-37.0685,-10.8318],[-37.0679,-10.8311],[-37.0679,-10.83],[-37.0682,-10.829],[-37.0678,-10.8284],[-37.066,-10.8296],[-37.0656,-10.8317],[-37.0652,-10.8317],[-37.0652,-10.8293],[-37.0653,-10.8289],[-37.0666,-10.8276],[-37.0667,-10.8266],[-37.0665,-10.8263],[-37.0635,-10.8263],[-37.0634,-10.8266],[-37.0644,-10.8284],[-37.0646,-10.8289],[-37.0642,-10.83],[-37.0637,-10.8309],[-37.0636,-10.8317],[-37.063,-10.8317],[-37.0634,-10.8293],[-37.0628,-10.8288],[-37.0613,-10.83],[-37.0606,-10.8308],[-37.0601,-10.8309],[-37.0587,-10.8323],[-37.0587,-10.8328],[-37.0577,-10.8343],[-37.0586,-10.8353],[-37.0602,-10.8369],[-37.0613,-10.8372],[-37.0619,-10.837],[-37.0624,-10.8374],[-37.0633,-10.8374],[-37.0633,-10.8392],[-37.0628,-10.8397],[-37.0633,-10.8408],[-37.0619,-10.8445],[-37.0604,-10.8474],[-37.0625,-10.8494],[-37.0643,-10.8476],[-37.0642,-10.8472],[-37.065,-10.8468],[-37.0655,-10.8461],[-37.0657,-10.8454],[-37.0658,-10.8413],[-37.0662,-10.8409],[-37.0658,-10.8402],[-37.0659,-10.8384],[-37.0662,-10.8376],[-37.0671,-10.8367],[-37.0677,-10.8364],[-37.0678,-10.8359],[-37.0685,-10.836],[-37.0696,-10.8353]]]}},{"type":"Feature","properties":{"c":"b127","b":127,"n":"Boa Viagem","m":"2804805","cx":-37.1269,"cy":-10.9007},"geometry":{"type":"Polygon","coordinates":[[[-37.1321,-10.8928],[-37.13,-10.895],[-37.1294,-10.8953],[-37.1251,-10.8954],[-37.1243,-10.8957],[-37.1202,-10.9049],[-37.1196,-10.9064],[-37.1308,-10.9032],[-37.1315,-10.9029],[-37.1316,-10.9026],[-37.132,-10.8989],[-37.1326,-10.8921],[-37.1321,-10.8928]]]}},{"type":"Feature","properties":{"c":"b128","b":128,"n":"Castelo","m":"2804805","cx":-37.1212,"cy":-10.8495},"geometry":{"type":"Polygon","coordinates":[[[-37.1247,-10.8532],[-37.124,-10.8519],[-37.1248,-10.851],[-37.1233,-10.8501],[-37.1234,-10.8483],[-37.1215,-10.8465],[-37.1208,-10.8456],[-37.1183,-10.849],[-37.1231,-10.8522],[-37.1247,-10.8532]]]}},{"type":"Feature","properties":{"c":"b129","b":129,"n":"Centro Histórico","m":"2804805","cx":-37.1272,"cy":-10.8511},"geometry":{"type":"Polygon","coordinates":[[[-37.1301,-10.8446],[-37.1291,-10.8444],[-37.1282,-10.846],[-37.1279,-10.8458],[-37.1275,-10.8462],[-37.1262,-10.8456],[-37.1263,-10.8458],[-37.1261,-10.8492],[-37.1255,-10.8503],[-37.1234,-10.8483],[-37.1233,-10.8501],[-37.1248,-10.851],[-37.124,-10.8519],[-37.1247,-10.8532],[-37.1231,-10.8522],[-37.1231,-10.8534],[-37.1239,-10.8542],[-37.1237,-10.8546],[-37.1243,-10.8556],[-37.1241,-10.8564],[-37.1275,-10.8577],[-37.1287,-10.8563],[-37.1309,-10.8552],[-37.1315,-10.8547],[-37.1318,-10.8536],[-37.1323,-10.8529],[-37.1327,-10.8519],[-37.1325,-10.8502],[-37.1312,-10.8504],[-37.1307,-10.851],[-37.1304,-10.8521],[-37.1297,-10.8512],[-37.1294,-10.8488],[-37.1307,-10.847],[-37.1302,-10.8456],[-37.1303,-10.8452],[-37.1301,-10.8446]]]}},{"type":"Feature","properties":{"c":"b130","b":130,"n":"Fernando Collor","m":"2804805","cx":-37.0916,"cy":-10.8598},"geometry":{"type":"Polygon","coordinates":[[[-37.0986,-10.8534],[-37.0967,-10.8525],[-37.0971,-10.8525],[-37.0967,-10.8517],[-37.0959,-10.8515],[-37.0945,-10.8515],[-37.0914,-10.852],[-37.0912,-10.8505],[-37.0906,-10.8496],[-37.0908,-10.8486],[-37.0902,-10.8486],[-37.0899,-10.8486],[-37.0902,-10.8493],[-37.0902,-10.8504],[-37.0899,-10.8509],[-37.0897,-10.8522],[-37.0884,-10.8521],[-37.0884,-10.8525],[-37.0889,-10.8525],[-37.0898,-10.8527],[-37.0932,-10.8545],[-37.0928,-10.8552],[-37.0924,-10.8551],[-37.0908,-10.8562],[-37.0898,-10.858],[-37.0897,-10.8591],[-37.0903,-10.8593],[-37.0901,-10.8596],[-37.0888,-10.8589],[-37.0884,-10.8596],[-37.0916,-10.8615],[-37.094,-10.8628],[-37.0942,-10.8636],[-37.0939,-10.8636],[-37.0943,-10.8656],[-37.094,-10.8667],[-37.0936,-10.8672],[-37.0926,-10.8679],[-37.0923,-10.8684],[-37.0927,-10.8692],[-37.0926,-10.8694],[-37.0935,-10.8707],[-37.0954,-10.8712],[-37.0959,-10.8707],[-37.0962,-10.8694],[-37.0962,-10.8686],[-37.0955,-10.8684],[-37.0958,-10.8674],[-37.0978,-10.8679],[-37.0983,-10.8671],[-37.0985,-10.866],[-37.0975,-10.8657],[-37.0971,-10.8662],[-37.0962,-10.8659],[-37.0959,-10.8655],[-37.0958,-10.8646],[-37.0965,-10.8645],[-37.0962,-10.8632],[-37.0968,-10.8626],[-37.0962,-10.8612],[-37.0949,-10.8598],[-37.0943,-10.8599],[-37.0943,-10.8593],[-37.096,-10.8585],[-37.0966,-10.8576],[-37.0965,-10.8566],[-37.0976,-10.8559],[-37.0979,-10.8554],[-37.099,-10.8559],[-37.0994,-10.8558],[-37.1002,-10.8537],[-37.0986,-10.8534]]]}},{"type":"Feature","properties":{"c":"b131","b":131,"n":"Guajará","m":"2804805","cx":-37.1571,"cy":-10.8971},"geometry":{"type":"Polygon","coordinates":[[[-37.1657,-10.9023],[-37.1643,-10.9018],[-37.1643,-10.9009],[-37.1624,-10.9006],[-37.1625,-10.896],[-37.161,-10.8955],[-37.165,-10.8874],[-37.1634,-10.8855],[-37.1619,-10.8876],[-37.1613,-10.8886],[-37.1586,-10.8925],[-37.1586,-10.8927],[-37.1592,-10.8949],[-37.1592,-10.8954],[-37.157,-10.8954],[-37.1566,-10.8953],[-37.1557,-10.8958],[-37.1554,-10.8955],[-37.1552,-10.8956],[-37.1549,-10.8959],[-37.1531,-10.8954],[-37.1527,-10.8954],[-37.1528,-10.8959],[-37.1513,-10.8964],[-37.152,-10.8978],[-37.152,-10.8985],[-37.1516,-10.8991],[-37.1523,-10.9007],[-37.1556,-10.899],[-37.1556,-10.8999],[-37.1526,-10.9015],[-37.153,-10.9026],[-37.1537,-10.9036],[-37.1555,-10.9059],[-37.1562,-10.9064],[-37.1575,-10.9069],[-37.1602,-10.9075],[-37.1635,-10.9081],[-37.1655,-10.9028],[-37.1657,-10.9023]]]}},{"type":"Feature","properties":{"c":"b132","b":132,"n":"Itacanema","m":"2804805","cx":-37.1187,"cy":-10.9129},"geometry":{"type":"Polygon","coordinates":[[[-37.1308,-10.9032],[-37.1196,-10.9064],[-37.1174,-10.9068],[-37.1161,-10.9067],[-37.113,-10.9062],[-37.1086,-10.9055],[-37.1071,-10.9057],[-37.1047,-10.9111],[-37.1027,-10.9156],[-37.1021,-10.9171],[-37.1038,-10.9159],[-37.1048,-10.9155],[-37.107,-10.9151],[-37.1074,-10.9149],[-37.109,-10.9149],[-37.1122,-10.9157],[-37.1158,-10.9167],[-37.118,-10.9174],[-37.1225,-10.9188],[-37.1275,-10.9206],[-37.1295,-10.9212],[-37.1321,-10.9224],[-37.1322,-10.9218],[-37.1302,-10.9211],[-37.1304,-10.9208],[-37.1311,-10.9211],[-37.1314,-10.92],[-37.1296,-10.9198],[-37.1299,-10.9184],[-37.1304,-10.9185],[-37.1305,-10.918],[-37.1318,-10.9182],[-37.1322,-10.9156],[-37.1328,-10.9158],[-37.1331,-10.9153],[-37.1338,-10.9154],[-37.134,-10.9144],[-37.1332,-10.9115],[-37.1336,-10.9114],[-37.1328,-10.9092],[-37.1318,-10.9093],[-37.1319,-10.9078],[-37.1316,-10.9076],[-37.1318,-10.9071],[-37.1318,-10.9061],[-37.1316,-10.9039],[-37.1316,-10.903],[-37.1308,-10.9032]]]}},{"type":"Feature","properties":{"c":"b133","b":133,"n":"Jardim","m":"2804805","cx":-37.1406,"cy":-10.8913},"geometry":{"type":"Polygon","coordinates":[[[-37.1488,-10.9005],[-37.1488,-10.899],[-37.1516,-10.8991],[-37.1506,-10.8966],[-37.1496,-10.8973],[-37.1493,-10.8965],[-37.1493,-10.895],[-37.1499,-10.8949],[-37.1483,-10.8906],[-37.1482,-10.89],[-37.1485,-10.888],[-37.147,-10.8873],[-37.1476,-10.8864],[-37.1475,-10.8855],[-37.1463,-10.885],[-37.1455,-10.8849],[-37.1451,-10.8842],[-37.1442,-10.8838],[-37.144,-10.8816],[-37.1438,-10.881],[-37.1377,-10.8844],[-37.137,-10.8848],[-37.1359,-10.885],[-37.1348,-10.8847],[-37.1343,-10.8836],[-37.1335,-10.8829],[-37.1335,-10.8824],[-37.1332,-10.8842],[-37.1329,-10.8889],[-37.1326,-10.8921],[-37.1341,-10.8928],[-37.1339,-10.8921],[-37.1345,-10.8925],[-37.1354,-10.8924],[-37.1352,-10.8937],[-37.1359,-10.8971],[-37.1358,-10.8973],[-37.1362,-10.9001],[-37.1367,-10.9015],[-37.1391,-10.9009],[-37.1406,-10.9007],[-37.1426,-10.901],[-37.1439,-10.9015],[-37.1453,-10.9023],[-37.1468,-10.9012],[-37.148,-10.9008],[-37.1488,-10.9005]]]}},{"type":"Feature","properties":{"c":"b134","b":134,"n":"João Alves","m":"2804805","cx":-37.0816,"cy":-10.8597},"geometry":{"type":"Polygon","coordinates":[[[-37.0853,-10.8524],[-37.0841,-10.8525],[-37.079,-10.8524],[-37.0788,-10.8536],[-37.0789,-10.8546],[-37.0797,-10.8548],[-37.0795,-10.8566],[-37.0792,-10.8567],[-37.0794,-10.8575],[-37.0788,-10.8587],[-37.0782,-10.8596],[-37.0785,-10.8605],[-37.0811,-10.8611],[-37.0846,-10.8623],[-37.0854,-10.8631],[-37.087,-10.8652],[-37.0886,-10.8666],[-37.0903,-10.8669],[-37.0904,-10.8663],[-37.0911,-10.8656],[-37.0902,-10.8638],[-37.0897,-10.8631],[-37.0869,-10.8614],[-37.0857,-10.8608],[-37.0849,-10.8598],[-37.0849,-10.8593],[-37.0855,-10.8574],[-37.0864,-10.8574],[-37.0878,-10.8563],[-37.0878,-10.8545],[-37.0884,-10.8536],[-37.0884,-10.853],[-37.0889,-10.8525],[-37.0884,-10.8525],[-37.0853,-10.8524]]]}},{"type":"Feature","properties":{"c":"b135","b":135,"n":"Mangabeira","m":"2804805","cx":-37.0741,"cy":-10.8587},"geometry":{"type":"Polygon","coordinates":[[[-37.0745,-10.8529],[-37.0745,-10.8534],[-37.0722,-10.8561],[-37.0722,-10.8568],[-37.0718,-10.8569],[-37.0715,-10.8579],[-37.0719,-10.8594],[-37.0723,-10.8605],[-37.0728,-10.8613],[-37.0724,-10.8617],[-37.072,-10.8628],[-37.0714,-10.8633],[-37.0708,-10.8646],[-37.0713,-10.8652],[-37.0732,-10.8649],[-37.0748,-10.8639],[-37.0764,-10.8632],[-37.0782,-10.8626],[-37.0787,-10.8626],[-37.0785,-10.8612],[-37.0777,-10.8606],[-37.0778,-10.8604],[-37.0764,-10.8606],[-37.076,-10.861],[-37.0754,-10.8602],[-37.0761,-10.8593],[-37.0769,-10.8581],[-37.0768,-10.8563],[-37.0772,-10.855],[-37.0776,-10.8541],[-37.0776,-10.8529],[-37.0745,-10.8529]]]}},{"type":"Feature","properties":{"c":"b136","b":136,"n":"Marcos Freire I","m":"2804805","cx":-37.0671,"cy":-10.8445},"geometry":{"type":"Polygon","coordinates":[[[-37.0649,-10.8476],[-37.0717,-10.8516],[-37.0715,-10.852],[-37.0729,-10.8527],[-37.0745,-10.8529],[-37.0776,-10.8529],[-37.0785,-10.8528],[-37.0785,-10.8524],[-37.0764,-10.8523],[-37.0676,-10.8436],[-37.0676,-10.8391],[-37.0678,-10.8382],[-37.0683,-10.8371],[-37.0685,-10.836],[-37.0678,-10.8359],[-37.0677,-10.8364],[-37.0671,-10.8367],[-37.0662,-10.8376],[-37.0659,-10.8384],[-37.0658,-10.8402],[-37.0662,-10.8409],[-37.0658,-10.8413],[-37.0657,-10.8454],[-37.0655,-10.8461],[-37.065,-10.8468],[-37.0642,-10.8472],[-37.0643,-10.8476],[-37.0649,-10.8476]]]}},{"type":"Feature","properties":{"c":"b137","b":137,"n":"Marcos Freire II","m":"2804805","cx":-37.0652,"cy":-10.8621},"geometry":{"type":"Polygon","coordinates":[[[-37.0524,-10.8571],[-37.0538,-10.8595],[-37.0545,-10.8591],[-37.0551,-10.8594],[-37.0566,-10.859],[-37.0568,-10.8587],[-37.0562,-10.8577],[-37.0563,-10.8575],[-37.0584,-10.8574],[-37.0584,-10.8612],[-37.0581,-10.8626],[-37.0571,-10.8648],[-37.0592,-10.8664],[-37.0631,-10.8712],[-37.0647,-10.8738],[-37.0661,-10.8763],[-37.0668,-10.8768],[-37.0677,-10.8768],[-37.0688,-10.8762],[-37.0698,-10.8754],[-37.0705,-10.8739],[-37.0709,-10.8722],[-37.0711,-10.8699],[-37.0714,-10.8674],[-37.0718,-10.8664],[-37.0732,-10.8649],[-37.0713,-10.8652],[-37.0708,-10.8646],[-37.0714,-10.8633],[-37.072,-10.8628],[-37.0724,-10.8617],[-37.0728,-10.8613],[-37.0723,-10.8605],[-37.0719,-10.8594],[-37.0715,-10.8579],[-37.0718,-10.8569],[-37.0722,-10.8568],[-37.0722,-10.8561],[-37.0745,-10.8534],[-37.0745,-10.8529],[-37.0729,-10.8527],[-37.0715,-10.852],[-37.0717,-10.8516],[-37.0649,-10.8476],[-37.0643,-10.8476],[-37.0625,-10.8494],[-37.0604,-10.8474],[-37.0593,-10.8496],[-37.0588,-10.8501],[-37.0568,-10.8521],[-37.0558,-10.8529],[-37.0541,-10.8548],[-37.053,-10.8557],[-37.0517,-10.8565],[-37.0522,-10.857],[-37.0524,-10.8571]]]}},{"type":"Feature","properties":{"c":"b138","b":138,"n":"Marcos Freire III","m":"2804805","cx":-37.0812,"cy":-10.8332},"geometry":{"type":"Polygon","coordinates":[[[-37.075,-10.8339],[-37.075,-10.835],[-37.0763,-10.835],[-37.0763,-10.8355],[-37.0802,-10.8359],[-37.0817,-10.8361],[-37.082,-10.8354],[-37.0841,-10.8349],[-37.0851,-10.8341],[-37.0851,-10.8335],[-37.0838,-10.8334],[-37.0833,-10.8328],[-37.0842,-10.8318],[-37.0849,-10.8315],[-37.085,-10.8311],[-37.0839,-10.8301],[-37.0828,-10.83],[-37.0821,-10.8305],[-37.0815,-10.83],[-37.0805,-10.8304],[-37.0792,-10.8318],[-37.0791,-10.833],[-37.078,-10.8336],[-37.0771,-10.8337],[-37.0763,-10.8339],[-37.0755,-10.8338],[-37.075,-10.8339]]]}},{"type":"Feature","properties":{"c":"b139","b":139,"n":"Novo Horizonte","m":"2804805","cx":-37.0762,"cy":-10.8389},"geometry":{"type":"Polygon","coordinates":[[[-37.074,-10.8413],[-37.0744,-10.842],[-37.0747,-10.8415],[-37.0799,-10.8426],[-37.0799,-10.842],[-37.0793,-10.8419],[-37.0794,-10.8404],[-37.0763,-10.8413],[-37.0749,-10.841],[-37.0767,-10.8406],[-37.0771,-10.8402],[-37.0771,-10.8394],[-37.0779,-10.8396],[-37.0784,-10.8395],[-37.0803,-10.8383],[-37.0812,-10.8384],[-37.0812,-10.8376],[-37.0806,-10.8372],[-37.0806,-10.8368],[-37.0801,-10.8366],[-37.0802,-10.8359],[-37.0763,-10.8355],[-37.0763,-10.835],[-37.075,-10.835],[-37.0716,-10.835],[-37.074,-10.8413]]]}},{"type":"Feature","properties":{"c":"b140","b":140,"n":"Pai André","m":"2804805","cx":-37.1537,"cy":-10.913},"geometry":{"type":"Polygon","coordinates":[[[-37.1524,-10.9073],[-37.1484,-10.9086],[-37.1501,-10.9163],[-37.1533,-10.9172],[-37.1552,-10.9172],[-37.1575,-10.9168],[-37.1573,-10.9142],[-37.1589,-10.9118],[-37.1524,-10.9073]]]}},{"type":"Feature","properties":{"c":"b141","b":141,"n":"Palestina de Dentro","m":"2804805","cx":-37.1685,"cy":-10.909},"geometry":{"type":"Polygon","coordinates":[[[-37.1643,-10.9018],[-37.1657,-10.9023],[-37.1655,-10.9028],[-37.1659,-10.9166],[-37.1669,-10.9154],[-37.1681,-10.9149],[-37.168,-10.9142],[-37.1688,-10.9134],[-37.1703,-10.914],[-37.1708,-10.914],[-37.1719,-10.9131],[-37.1715,-10.9122],[-37.172,-10.9118],[-37.1714,-10.9098],[-37.1711,-10.9082],[-37.1713,-10.9074],[-37.1721,-10.9066],[-37.1723,-10.9057],[-37.1726,-10.9038],[-37.1729,-10.9039],[-37.1736,-10.9034],[-37.1736,-10.9028],[-37.1643,-10.9009],[-37.1643,-10.9018]]]}},{"type":"Feature","properties":{"c":"b142","b":142,"n":"Palestina de Fora","m":"2804805","cx":-37.1575,"cy":-10.9078},"geometry":{"type":"Polygon","coordinates":[[[-37.1488,-10.899],[-37.1488,-10.9005],[-37.148,-10.9008],[-37.1488,-10.9023],[-37.1465,-10.9032],[-37.15,-10.9054],[-37.1506,-10.9061],[-37.1524,-10.9073],[-37.1589,-10.9118],[-37.1648,-10.9159],[-37.1658,-10.9167],[-37.1659,-10.9166],[-37.1655,-10.9028],[-37.1635,-10.9081],[-37.1602,-10.9075],[-37.1575,-10.9069],[-37.1562,-10.9064],[-37.1555,-10.9059],[-37.1537,-10.9036],[-37.153,-10.9026],[-37.1526,-10.9015],[-37.1556,-10.8999],[-37.1556,-10.899],[-37.1523,-10.9007],[-37.1516,-10.8991],[-37.1488,-10.899]]]}},{"type":"Feature","properties":{"c":"b143","b":143,"n":"Parque dos Faróis","m":"2804805","cx":-37.1365,"cy":-10.913},"geometry":{"type":"Polygon","coordinates":[[[-37.1344,-10.9235],[-37.1358,-10.9239],[-37.138,-10.9249],[-37.1389,-10.9191],[-37.1399,-10.9147],[-37.1397,-10.9134],[-37.1389,-10.9127],[-37.1395,-10.9111],[-37.1393,-10.9106],[-37.1396,-10.909],[-37.1386,-10.9073],[-37.1401,-10.9068],[-37.1398,-10.9057],[-37.1401,-10.9053],[-37.1435,-10.9038],[-37.1445,-10.9033],[-37.1456,-10.9025],[-37.1453,-10.9023],[-37.1439,-10.9015],[-37.1426,-10.901],[-37.1406,-10.9007],[-37.1391,-10.9009],[-37.1367,-10.9015],[-37.1316,-10.903],[-37.1316,-10.9039],[-37.1318,-10.9061],[-37.1318,-10.9071],[-37.1316,-10.9076],[-37.1319,-10.9078],[-37.1318,-10.9093],[-37.1328,-10.9092],[-37.1336,-10.9114],[-37.1332,-10.9115],[-37.134,-10.9144],[-37.1338,-10.9154],[-37.1331,-10.9153],[-37.1328,-10.9158],[-37.1322,-10.9156],[-37.1318,-10.9182],[-37.1305,-10.918],[-37.1304,-10.9185],[-37.1299,-10.9184],[-37.1296,-10.9198],[-37.1314,-10.92],[-37.1311,-10.9211],[-37.1304,-10.9208],[-37.1302,-10.9211],[-37.1322,-10.9218],[-37.1321,-10.9224],[-37.1344,-10.9235]]]}},{"type":"Feature","properties":{"c":"b144","b":144,"n":"Piabeta","m":"2804805","cx":-37.0532,"cy":-10.8337},"geometry":{"type":"Polygon","coordinates":[[[-37.0606,-10.8437],[-37.0617,-10.8443],[-37.0624,-10.8428],[-37.0629,-10.8408],[-37.0624,-10.8395],[-37.0625,-10.8392],[-37.062,-10.8384],[-37.0612,-10.8376],[-37.0604,-10.8374],[-37.0596,-10.8368],[-37.0576,-10.8357],[-37.057,-10.8343],[-37.0581,-10.8316],[-37.0592,-10.8305],[-37.0593,-10.8298],[-37.0597,-10.8291],[-37.0609,-10.8279],[-37.062,-10.8276],[-37.0622,-10.8267],[-37.0619,-10.8256],[-37.0621,-10.8254],[-37.0621,-10.8228],[-37.0573,-10.823],[-37.0458,-10.8259],[-37.0431,-10.8277],[-37.0495,-10.8332],[-37.0489,-10.8345],[-37.0491,-10.8358],[-37.0491,-10.8377],[-37.0488,-10.8408],[-37.0477,-10.8427],[-37.0475,-10.8433],[-37.0488,-10.8435],[-37.0515,-10.844],[-37.0518,-10.8454],[-37.0521,-10.8458],[-37.0539,-10.8455],[-37.0538,-10.845],[-37.0554,-10.8446],[-37.0553,-10.8441],[-37.0561,-10.8439],[-37.0574,-10.844],[-37.059,-10.8439],[-37.0606,-10.8437]]]}},{"type":"Feature","properties":{"c":"b145","b":145,"n":"Porto Grande","m":"2804805","cx":-37.1352,"cy":-10.8405},"geometry":{"type":"Polygon","coordinates":[[[-37.1303,-10.8452],[-37.1318,-10.8454],[-37.1318,-10.8463],[-37.1332,-10.8463],[-37.135,-10.8463],[-37.1354,-10.8458],[-37.1367,-10.8466],[-37.1371,-10.8422],[-37.1378,-10.8349],[-37.1332,-10.8351],[-37.1332,-10.837],[-37.1343,-10.8388],[-37.1317,-10.8425],[-37.1307,-10.845],[-37.1301,-10.8446],[-37.1303,-10.8452]]]}},{"type":"Feature","properties":{"c":"b146","b":146,"n":"Porto Grande","m":"2804805","cx":-37.1305,"cy":-10.8398},"geometry":{"type":"Polygon","coordinates":[[[-37.1307,-10.845],[-37.1317,-10.8425],[-37.1343,-10.8388],[-37.1332,-10.837],[-37.1332,-10.8351],[-37.131,-10.8341],[-37.1281,-10.8336],[-37.1274,-10.8393],[-37.1276,-10.8403],[-37.1272,-10.8405],[-37.1271,-10.842],[-37.1257,-10.8439],[-37.1256,-10.8445],[-37.1258,-10.8453],[-37.1262,-10.8456],[-37.1275,-10.8462],[-37.1279,-10.8458],[-37.1282,-10.846],[-37.1291,-10.8444],[-37.1301,-10.8446],[-37.1307,-10.845]]]}},{"type":"Feature","properties":{"c":"b147","b":147,"n":"Santa Cecília","m":"2804805","cx":-37.1243,"cy":-10.8935},"geometry":{"type":"Polygon","coordinates":[[[-37.1329,-10.8889],[-37.1332,-10.8842],[-37.1335,-10.8824],[-37.1336,-10.8812],[-37.133,-10.8809],[-37.1323,-10.881],[-37.1319,-10.8818],[-37.1315,-10.8823],[-37.1306,-10.8816],[-37.1299,-10.8816],[-37.1279,-10.8811],[-37.128,-10.8805],[-37.1269,-10.8801],[-37.1244,-10.8799],[-37.1235,-10.8801],[-37.1232,-10.8809],[-37.1225,-10.8814],[-37.1204,-10.8816],[-37.1201,-10.8818],[-37.1182,-10.8816],[-37.1182,-10.8822],[-37.1178,-10.8828],[-37.1173,-10.8829],[-37.1174,-10.8836],[-37.1171,-10.8845],[-37.1167,-10.8852],[-37.1155,-10.886],[-37.1149,-10.8868],[-37.1148,-10.8874],[-37.1149,-10.8897],[-37.1143,-10.8908],[-37.113,-10.8917],[-37.1136,-10.8915],[-37.1139,-10.8917],[-37.1143,-10.8909],[-37.1153,-10.8906],[-37.1174,-10.8897],[-37.1187,-10.8896],[-37.1165,-10.8952],[-37.1191,-10.8942],[-37.1194,-10.8956],[-37.1193,-10.8961],[-37.1196,-10.897],[-37.1199,-10.8986],[-37.1198,-10.8996],[-37.1196,-10.8996],[-37.1195,-10.9005],[-37.1182,-10.9029],[-37.1174,-10.9068],[-37.1196,-10.9064],[-37.1202,-10.9049],[-37.1243,-10.8957],[-37.1251,-10.8954],[-37.1294,-10.8953],[-37.13,-10.895],[-37.1321,-10.8928],[-37.1326,-10.8921],[-37.1329,-10.8889]]]}},{"type":"Feature","properties":{"c":"b148","b":148,"n":"Santa Inês","m":"2804805","cx":-37.1579,"cy":-10.8834},"geometry":{"type":"Polygon","coordinates":[[[-37.1554,-10.8955],[-37.1555,-10.8954],[-37.1576,-10.894],[-37.1586,-10.8927],[-37.1586,-10.8925],[-37.1613,-10.8886],[-37.1619,-10.8876],[-37.1634,-10.8855],[-37.167,-10.8715],[-37.1651,-10.8715],[-37.1644,-10.8716],[-37.1609,-10.8752],[-37.1593,-10.8767],[-37.1584,-10.8773],[-37.1571,-10.8777],[-37.1534,-10.8786],[-37.1522,-10.8787],[-37.1498,-10.8787],[-37.1483,-10.8788],[-37.15,-10.88],[-37.1505,-10.8795],[-37.1513,-10.8804],[-37.1521,-10.8807],[-37.1534,-10.8826],[-37.1505,-10.8842],[-37.1492,-10.8843],[-37.1485,-10.888],[-37.1482,-10.89],[-37.1483,-10.8906],[-37.1499,-10.8949],[-37.1506,-10.8966],[-37.1513,-10.8964],[-37.1511,-10.8959],[-37.1516,-10.8957],[-37.1511,-10.8947],[-37.1517,-10.8945],[-37.1512,-10.8932],[-37.1523,-10.893],[-37.153,-10.8948],[-37.1538,-10.8945],[-37.1552,-10.8956],[-37.1554,-10.8955]]]}},{"type":"Feature","properties":{"c":"b149","b":149,"n":"Santo Inácio","m":"2804805","cx":-37.161,"cy":-10.918},"geometry":{"type":"Polygon","coordinates":[[[-37.1573,-10.9142],[-37.1575,-10.9168],[-37.1581,-10.9234],[-37.1586,-10.9239],[-37.1598,-10.9236],[-37.161,-10.9235],[-37.1616,-10.9232],[-37.1619,-10.9227],[-37.1621,-10.9216],[-37.1629,-10.9193],[-37.1638,-10.9189],[-37.164,-10.9184],[-37.1648,-10.9175],[-37.1658,-10.9167],[-37.1648,-10.9159],[-37.1589,-10.9118],[-37.1573,-10.9142]]]}},{"type":"Feature","properties":{"c":"b150","b":150,"n":"Sobrado","m":"2804805","cx":-37.1119,"cy":-10.8978},"geometry":{"type":"Polygon","coordinates":[[[-37.1052,-10.8993],[-37.1058,-10.9006],[-37.1062,-10.901],[-37.1064,-10.9018],[-37.107,-10.9027],[-37.1075,-10.9048],[-37.1071,-10.9057],[-37.1086,-10.9055],[-37.113,-10.9062],[-37.1161,-10.9067],[-37.1174,-10.9068],[-37.1182,-10.9029],[-37.1195,-10.9005],[-37.1196,-10.8996],[-37.1198,-10.8996],[-37.1199,-10.8986],[-37.1196,-10.897],[-37.1193,-10.8961],[-37.1194,-10.8956],[-37.1191,-10.8942],[-37.1165,-10.8952],[-37.1187,-10.8896],[-37.1174,-10.8897],[-37.1153,-10.8906],[-37.1143,-10.8909],[-37.1139,-10.8917],[-37.1136,-10.8915],[-37.113,-10.8917],[-37.1093,-10.8943],[-37.1077,-10.8953],[-37.107,-10.8953],[-37.1058,-10.8949],[-37.1053,-10.895],[-37.1029,-10.8963],[-37.1052,-10.8993]]]}},{"type":"Feature","properties":{"c":"b151","b":151,"n":"São Brás","m":"2804805","cx":-37.0417,"cy":-10.855},"geometry":{"type":"Polygon","coordinates":[[[-37.0619,-10.8445],[-37.0617,-10.8443],[-37.0606,-10.8437],[-37.059,-10.8439],[-37.059,-10.845],[-37.058,-10.845],[-37.0563,-10.8452],[-37.0561,-10.8439],[-37.0553,-10.8441],[-37.0554,-10.8446],[-37.0538,-10.845],[-37.0539,-10.8455],[-37.0521,-10.8458],[-37.0518,-10.8454],[-37.0515,-10.844],[-37.0488,-10.8435],[-37.0475,-10.8433],[-37.0477,-10.8427],[-37.031,-10.84],[-37.0284,-10.8474],[-37.0295,-10.8552],[-37.0339,-10.8701],[-37.0354,-10.8687],[-37.0373,-10.8665],[-37.0394,-10.8655],[-37.0424,-10.8644],[-37.0454,-10.8635],[-37.0462,-10.8632],[-37.0495,-10.8625],[-37.0508,-10.8625],[-37.0528,-10.8628],[-37.0533,-10.8603],[-37.0528,-10.8594],[-37.0528,-10.8587],[-37.0522,-10.8576],[-37.0522,-10.857],[-37.0517,-10.8565],[-37.053,-10.8557],[-37.0541,-10.8548],[-37.0558,-10.8529],[-37.0568,-10.8521],[-37.0588,-10.8501],[-37.0593,-10.8496],[-37.0604,-10.8474],[-37.0619,-10.8445]]]}},{"type":"Feature","properties":{"c":"b152","b":152,"n":"Taboca","m":"2804805","cx":-37.139,"cy":-10.8742},"geometry":{"type":"Polygon","coordinates":[[[-37.1351,-10.8691],[-37.1347,-10.869],[-37.1343,-10.8737],[-37.1337,-10.8796],[-37.1345,-10.88],[-37.1353,-10.8799],[-37.1359,-10.8795],[-37.139,-10.8767],[-37.1399,-10.876],[-37.1436,-10.8747],[-37.1438,-10.873],[-37.144,-10.8727],[-37.1351,-10.8691]]]}},{"type":"Feature","properties":{"c":"b153","b":153,"n":"Taiçoca de Dentro","m":"2804805","cx":-37.0762,"cy":-10.8285},"geometry":{"type":"Polygon","coordinates":[[[-37.0696,-10.8353],[-37.0703,-10.8351],[-37.0716,-10.835],[-37.075,-10.835],[-37.075,-10.8339],[-37.0755,-10.8338],[-37.0756,-10.8334],[-37.0771,-10.8333],[-37.0783,-10.8331],[-37.0786,-10.8323],[-37.0782,-10.8318],[-37.0786,-10.8313],[-37.079,-10.8313],[-37.0803,-10.8302],[-37.0813,-10.8297],[-37.0821,-10.83],[-37.0828,-10.8297],[-37.0844,-10.8298],[-37.0853,-10.8306],[-37.0854,-10.831],[-37.0863,-10.8297],[-37.0848,-10.8294],[-37.0841,-10.8287],[-37.084,-10.8278],[-37.0871,-10.8246],[-37.0885,-10.8229],[-37.0843,-10.8219],[-37.0797,-10.8226],[-37.0756,-10.8234],[-37.0705,-10.8236],[-37.0625,-10.8228],[-37.0622,-10.8228],[-37.0633,-10.826],[-37.0639,-10.8258],[-37.0655,-10.8258],[-37.0665,-10.826],[-37.0675,-10.8258],[-37.0683,-10.826],[-37.067,-10.8267],[-37.0667,-10.828],[-37.0655,-10.8293],[-37.0655,-10.8297],[-37.0661,-10.829],[-37.0677,-10.8281],[-37.0679,-10.8273],[-37.0685,-10.8274],[-37.0683,-10.8283],[-37.0685,-10.8292],[-37.0683,-10.8307],[-37.0689,-10.8316],[-37.069,-10.8332],[-37.0697,-10.8343],[-37.0695,-10.8347],[-37.0696,-10.8353]]]}},{"type":"Feature","properties":{"c":"b154","b":154,"n":"Taiçoca de Fora","m":"2804805","cx":-37.094,"cy":-10.8416},"geometry":{"type":"Polygon","coordinates":[[[-37.1011,-10.8449],[-37.0994,-10.8446],[-37.0997,-10.843],[-37.0997,-10.842],[-37.0993,-10.8411],[-37.1005,-10.8406],[-37.1009,-10.8401],[-37.1005,-10.8399],[-37.1008,-10.8392],[-37.1017,-10.8397],[-37.1021,-10.8354],[-37.102,-10.8353],[-37.0978,-10.8391],[-37.0956,-10.8357],[-37.0926,-10.8364],[-37.0912,-10.8356],[-37.0897,-10.8305],[-37.0883,-10.8301],[-37.0879,-10.8312],[-37.0863,-10.8328],[-37.0858,-10.8338],[-37.0863,-10.8348],[-37.0858,-10.8368],[-37.0874,-10.8365],[-37.0877,-10.8372],[-37.0881,-10.8373],[-37.0875,-10.8381],[-37.0884,-10.8412],[-37.0886,-10.8427],[-37.0891,-10.8441],[-37.0888,-10.8447],[-37.0902,-10.8444],[-37.0905,-10.8448],[-37.0903,-10.8456],[-37.09,-10.8456],[-37.0902,-10.8466],[-37.0895,-10.8476],[-37.0902,-10.8486],[-37.0908,-10.8486],[-37.0906,-10.8496],[-37.0912,-10.8505],[-37.0914,-10.852],[-37.0945,-10.8515],[-37.0959,-10.8515],[-37.0967,-10.8517],[-37.0971,-10.8525],[-37.0967,-10.8525],[-37.0986,-10.8534],[-37.1002,-10.8537],[-37.1011,-10.8449]]]}},{"type":"Feature","properties":{"c":"b155","b":155,"n":"Comendador Travassos","m":"2806602","cx":-37.0555,"cy":-10.7823},"geometry":{"type":"Polygon","coordinates":[[[-37.0518,-10.7811],[-37.051,-10.7829],[-37.0504,-10.7827],[-37.0493,-10.7829],[-37.0493,-10.7819],[-37.0491,-10.7829],[-37.0478,-10.7837],[-37.047,-10.7838],[-37.0462,-10.7835],[-37.0455,-10.784],[-37.0449,-10.7839],[-37.0452,-10.7848],[-37.0458,-10.7857],[-37.0462,-10.7861],[-37.0487,-10.7859],[-37.049,-10.7855],[-37.0523,-10.7863],[-37.0527,-10.7861],[-37.0549,-10.7856],[-37.0596,-10.7831],[-37.0602,-10.7807],[-37.0612,-10.7777],[-37.0606,-10.778],[-37.0592,-10.7784],[-37.0583,-10.779],[-37.0577,-10.7798],[-37.0557,-10.7809],[-37.055,-10.7809],[-37.0529,-10.7806],[-37.0528,-10.7812],[-37.0518,-10.7811]]]}},{"type":"Feature","properties":{"c":"b156","b":156,"n":"Centro","m":"2806701","cx":-37.2045,"cy":-11.0121},"geometry":{"type":"Polygon","coordinates":[[[-37.2097,-11.0172],[-37.21,-11.0166],[-37.211,-11.0168],[-37.2111,-11.0166],[-37.2102,-11.015],[-37.2103,-11.0147],[-37.2098,-11.0138],[-37.2102,-11.0124],[-37.2099,-11.012],[-37.2097,-11.011],[-37.2094,-11.0104],[-37.2088,-11.0099],[-37.2086,-11.0094],[-37.2075,-11.0097],[-37.2074,-11.0092],[-37.2065,-11.0089],[-37.205,-11.0067],[-37.2032,-11.009],[-37.2039,-11.0096],[-37.2037,-11.0119],[-37.2029,-11.0116],[-37.2013,-11.0115],[-37.1992,-11.0095],[-37.1987,-11.0094],[-37.1974,-11.0099],[-37.1978,-11.0107],[-37.1983,-11.0108],[-37.199,-11.0116],[-37.199,-11.0122],[-37.1999,-11.0129],[-37.1996,-11.0136],[-37.2001,-11.0139],[-37.1997,-11.0145],[-37.2001,-11.0152],[-37.2005,-11.0167],[-37.2011,-11.0174],[-37.2022,-11.0175],[-37.2021,-11.0177],[-37.2034,-11.0172],[-37.2078,-11.0172],[-37.2085,-11.0169],[-37.2097,-11.0172]]]}},{"type":"Feature","properties":{"c":"b157","b":157,"n":"Divinéia","m":"2806701","cx":-37.2136,"cy":-11.0045},"geometry":{"type":"Polygon","coordinates":[[[-37.2172,-11.0042],[-37.2166,-11.0043],[-37.217,-11.0037],[-37.2166,-11.0022],[-37.215,-10.9995],[-37.2141,-11.0001],[-37.2116,-11.0008],[-37.2108,-11.0014],[-37.2104,-11.002],[-37.2099,-11.0037],[-37.2098,-11.0048],[-37.2091,-11.0058],[-37.2089,-11.0067],[-37.209,-11.009],[-37.2089,-11.0094],[-37.2106,-11.0093],[-37.2179,-11.0073],[-37.2172,-11.0042]]]}},{"type":"Feature","properties":{"c":"b158","b":158,"n":"Eduardo Gomes","m":"2806701","cx":-37.1231,"cy":-10.9295},"geometry":{"type":"Polygon","coordinates":[[[-37.1291,-10.9331],[-37.129,-10.9312],[-37.1277,-10.9312],[-37.1278,-10.9282],[-37.1277,-10.927],[-37.1291,-10.9272],[-37.1291,-10.9265],[-37.1295,-10.9263],[-37.1303,-10.9263],[-37.1309,-10.9266],[-37.1323,-10.9265],[-37.1339,-10.9262],[-37.1339,-10.9258],[-37.1333,-10.9254],[-37.1335,-10.9246],[-37.1312,-10.9242],[-37.1293,-10.9237],[-37.1295,-10.9212],[-37.1275,-10.9206],[-37.1225,-10.9188],[-37.118,-10.9174],[-37.1181,-10.9218],[-37.1183,-10.9271],[-37.1184,-10.9313],[-37.118,-10.9314],[-37.118,-10.9324],[-37.1134,-10.9309],[-37.113,-10.932],[-37.1161,-10.9348],[-37.1219,-10.9396],[-37.1225,-10.94],[-37.1225,-10.9389],[-37.1223,-10.9366],[-37.1257,-10.9357],[-37.127,-10.9356],[-37.1287,-10.9363],[-37.1291,-10.9331]]]}},{"type":"Feature","properties":{"c":"b159","b":159,"n":"Irineu Neri","m":"2806701","cx":-37.2187,"cy":-11.0088},"geometry":{"type":"Polygon","coordinates":[[[-37.2086,-11.0094],[-37.2088,-11.0099],[-37.2094,-11.0104],[-37.2097,-11.011],[-37.2119,-11.0107],[-37.2139,-11.0102],[-37.2156,-11.0097],[-37.216,-11.0092],[-37.217,-11.0093],[-37.217,-11.0099],[-37.2188,-11.0125],[-37.2202,-11.0131],[-37.2212,-11.0131],[-37.2216,-11.0124],[-37.2201,-11.0104],[-37.2197,-11.0096],[-37.2214,-11.0089],[-37.2228,-11.0108],[-37.2239,-11.0099],[-37.224,-11.0089],[-37.226,-11.0087],[-37.2269,-11.0087],[-37.2296,-11.0096],[-37.2295,-11.01],[-37.2309,-11.0105],[-37.2321,-11.0101],[-37.2325,-11.0091],[-37.2333,-11.009],[-37.2337,-11.0087],[-37.235,-11.0086],[-37.2356,-11.0081],[-37.2367,-11.0079],[-37.2376,-11.0074],[-37.2375,-11.0067],[-37.2367,-11.0062],[-37.2355,-11.0062],[-37.2346,-11.0058],[-37.2332,-11.0048],[-37.2328,-11.0043],[-37.2274,-11.0049],[-37.2261,-11.0066],[-37.2261,-11.0069],[-37.2196,-11.0069],[-37.2179,-11.0073],[-37.2106,-11.0093],[-37.2089,-11.0094],[-37.2086,-11.0094]]]}},{"type":"Feature","properties":{"c":"b160","b":160,"n":"Lourival Batista","m":"2806701","cx":-37.2089,"cy":-10.9958},"geometry":{"type":"Polygon","coordinates":[[[-37.2148,-10.999],[-37.2158,-10.9969],[-37.2176,-10.9927],[-37.218,-10.9914],[-37.2181,-10.9905],[-37.2179,-10.9879],[-37.2176,-10.9833],[-37.2142,-10.9843],[-37.2131,-10.9854],[-37.2115,-10.9864],[-37.2105,-10.9869],[-37.2097,-10.9878],[-37.2085,-10.9881],[-37.2077,-10.989],[-37.207,-10.9901],[-37.2056,-10.9903],[-37.2048,-10.9908],[-37.2041,-10.9922],[-37.2036,-10.9934],[-37.2031,-10.9939],[-37.2022,-10.9942],[-37.2016,-10.9947],[-37.2013,-10.997],[-37.2015,-10.9974],[-37.2007,-10.9983],[-37.2009,-10.999],[-37.1995,-11.0003],[-37.2,-11.0014],[-37.2008,-11.0019],[-37.2022,-11.0043],[-37.2035,-11.0047],[-37.2044,-11.0059],[-37.205,-11.0067],[-37.2065,-11.0089],[-37.2074,-11.0092],[-37.2075,-11.0097],[-37.2086,-11.0094],[-37.2089,-11.0094],[-37.209,-11.009],[-37.2089,-11.0067],[-37.2091,-11.0058],[-37.2098,-11.0048],[-37.2099,-11.0037],[-37.2104,-11.002],[-37.2108,-11.0014],[-37.2116,-11.0008],[-37.2141,-11.0001],[-37.2148,-10.999]]]}},{"type":"Feature","properties":{"c":"b161","b":161,"n":"Luiz Alves","m":"2806701","cx":-37.1271,"cy":-10.9408},"geometry":{"type":"Polygon","coordinates":[[[-37.126,-10.9431],[-37.1275,-10.9424],[-37.128,-10.9431],[-37.128,-10.9441],[-37.1293,-10.9449],[-37.1292,-10.9424],[-37.131,-10.942],[-37.1303,-10.9381],[-37.1291,-10.9379],[-37.1283,-10.938],[-37.1283,-10.9373],[-37.1287,-10.9363],[-37.127,-10.9356],[-37.1257,-10.9357],[-37.1223,-10.9366],[-37.1225,-10.9389],[-37.1225,-10.94],[-37.1243,-10.9416],[-37.1226,-10.9435],[-37.1235,-10.9446],[-37.126,-10.9431]]]}},{"type":"Feature","properties":{"c":"b162","b":162,"n":"Madre Paulina","m":"2806701","cx":-37.1144,"cy":-10.9381},"geometry":{"type":"Polygon","coordinates":[[[-37.1226,-10.9435],[-37.1243,-10.9416],[-37.1225,-10.94],[-37.1219,-10.9396],[-37.1161,-10.9348],[-37.113,-10.932],[-37.1104,-10.9298],[-37.1103,-10.9302],[-37.1095,-10.9343],[-37.1091,-10.9366],[-37.1075,-10.9445],[-37.1093,-10.9447],[-37.1098,-10.9461],[-37.1109,-10.946],[-37.1119,-10.9465],[-37.1145,-10.9468],[-37.1156,-10.9472],[-37.117,-10.9451],[-37.1179,-10.9452],[-37.1197,-10.9459],[-37.1204,-10.9461],[-37.1229,-10.946],[-37.1232,-10.9458],[-37.1235,-10.9446],[-37.1226,-10.9435]]]}},{"type":"Feature","properties":{"c":"b163","b":163,"n":"Marcelo Déda","m":"2806701","cx":-37.097,"cy":-10.9484},"geometry":{"type":"MultiPolygon","coordinates":[[[[-37.0984,-10.9442],[-37.0989,-10.944],[-37.0995,-10.9457],[-37.1002,-10.9454],[-37.1009,-10.9448],[-37.101,-10.9439],[-37.1025,-10.9437],[-37.1014,-10.9432],[-37.1003,-10.9423],[-37.0993,-10.9426],[-37.0995,-10.9436],[-37.0988,-10.9422],[-37.0989,-10.9406],[-37.098,-10.9403],[-37.0977,-10.9408],[-37.0983,-10.9418],[-37.098,-10.9423],[-37.0971,-10.9408],[-37.0963,-10.9418],[-37.097,-10.9425],[-37.0973,-10.9435],[-37.0984,-10.9442]]],[[[-37.0986,-10.9581],[-37.0987,-10.9588],[-37.0993,-10.959],[-37.0992,-10.9579],[-37.0988,-10.958],[-37.0986,-10.9575],[-37.0979,-10.9577],[-37.0982,-10.9584],[-37.0986,-10.9581]]],[[[-37.1095,-10.9343],[-37.1103,-10.9302],[-37.1092,-10.9307],[-37.108,-10.9318],[-37.108,-10.9325],[-37.1074,-10.9325],[-37.1034,-10.9323],[-37.1028,-10.9324],[-37.1022,-10.9328],[-37.1013,-10.9339],[-37.1011,-10.9345],[-37.1005,-10.9348],[-37.1001,-10.9353],[-37.1005,-10.9392],[-37.1006,-10.9405],[-37.1023,-10.9404],[-37.1023,-10.9391],[-37.103,-10.9391],[-37.1031,-10.9381],[-37.1049,-10.9381],[-37.1047,-10.9355],[-37.1057,-10.9347],[-37.1057,-10.9355],[-37.1078,-10.9352],[-37.1076,-10.9364],[-37.1091,-10.9366],[-37.1095,-10.9343]]],[[[-37.094,-10.9361],[-37.0959,-10.9362],[-37.0958,-10.9354],[-37.0953,-10.9354],[-37.0953,-10.9342],[-37.0944,-10.9342],[-37.0938,-10.9355],[-37.094,-10.9361]]],[[[-37.0951,-10.9395],[-37.0951,-10.9385],[-37.0937,-10.9384],[-37.0931,-10.9395],[-37.093,-10.9411],[-37.0937,-10.941],[-37.0944,-10.9412],[-37.0946,-10.9395],[-37.0951,-10.9395]]],[[[-37.0938,-10.9464],[-37.0944,-10.9448],[-37.0935,-10.942],[-37.0921,-10.9427],[-37.0936,-10.9465],[-37.0938,-10.9464]]],[[[-37.0975,-10.9512],[-37.0998,-10.95],[-37.1002,-10.9494],[-37.0987,-10.9468],[-37.097,-10.9465],[-37.0939,-10.9473],[-37.0955,-10.9514],[-37.0975,-10.9512]]]]}},{"type":"Feature","properties":{"c":"b164","b":164,"n":"Romualdo Prado","m":"2806701","cx":-37.1979,"cy":-11.0031},"geometry":{"type":"Polygon","coordinates":[[[-37.1987,-11.0094],[-37.1992,-11.0095],[-37.2013,-11.0115],[-37.2029,-11.0116],[-37.2037,-11.0119],[-37.2039,-11.0096],[-37.2032,-11.009],[-37.205,-11.0067],[-37.2044,-11.0059],[-37.2035,-11.0047],[-37.2022,-11.0043],[-37.2008,-11.0019],[-37.2,-11.0014],[-37.1995,-11.0003],[-37.2009,-10.999],[-37.2007,-10.9983],[-37.2015,-10.9974],[-37.2013,-10.997],[-37.2016,-10.9947],[-37.2012,-10.9948],[-37.2004,-10.9956],[-37.1975,-10.9973],[-37.1962,-10.9965],[-37.1923,-10.993],[-37.1888,-10.9965],[-37.1899,-10.9979],[-37.1915,-10.9986],[-37.193,-10.9988],[-37.1936,-10.9993],[-37.1939,-11.0],[-37.1944,-11.0024],[-37.1943,-11.0039],[-37.1954,-11.0056],[-37.196,-11.0064],[-37.1961,-11.0074],[-37.1971,-11.0074],[-37.1975,-11.0079],[-37.1974,-11.0099],[-37.1987,-11.0094]]]}},{"type":"Feature","properties":{"c":"b165","b":165,"n":"Rosa Elze","m":"2806701","cx":-37.1052,"cy":-10.924},"geometry":{"type":"Polygon","coordinates":[[[-37.109,-10.9149],[-37.1074,-10.9149],[-37.107,-10.9151],[-37.1048,-10.9155],[-37.1038,-10.9159],[-37.1021,-10.9171],[-37.1001,-10.9215],[-37.0972,-10.9279],[-37.1017,-10.9321],[-37.1028,-10.9324],[-37.1034,-10.9323],[-37.1074,-10.9325],[-37.108,-10.9325],[-37.108,-10.9318],[-37.1092,-10.9307],[-37.1103,-10.9302],[-37.1104,-10.9298],[-37.1112,-10.9257],[-37.111,-10.9257],[-37.1117,-10.9223],[-37.1118,-10.9213],[-37.1116,-10.9205],[-37.1117,-10.9185],[-37.1119,-10.9185],[-37.1119,-10.917],[-37.1122,-10.9157],[-37.109,-10.9149]]]}},{"type":"Feature","properties":{"c":"b166","b":166,"n":"Rosa Maria","m":"2806701","cx":-37.1148,"cy":-10.924},"geometry":{"type":"Polygon","coordinates":[[[-37.113,-10.932],[-37.1134,-10.9309],[-37.118,-10.9324],[-37.118,-10.9314],[-37.1184,-10.9313],[-37.1183,-10.9271],[-37.1181,-10.9218],[-37.118,-10.9174],[-37.1158,-10.9167],[-37.1122,-10.9157],[-37.1119,-10.917],[-37.1119,-10.9185],[-37.1117,-10.9185],[-37.1116,-10.9205],[-37.1118,-10.9213],[-37.1117,-10.9223],[-37.111,-10.9257],[-37.1112,-10.9257],[-37.1104,-10.9298],[-37.113,-10.932]]]}},{"type":"Feature","properties":{"c":"b167","b":167,"n":"São Gonçalo","m":"2806701","cx":-37.2013,"cy":-11.0223},"geometry":{"type":"Polygon","coordinates":[[[-37.2018,-11.018],[-37.2007,-11.0185],[-37.1996,-11.0178],[-37.1981,-11.018],[-37.1972,-11.0183],[-37.1959,-11.018],[-37.1957,-11.019],[-37.1962,-11.0199],[-37.1973,-11.0209],[-37.1954,-11.0222],[-37.1973,-11.0246],[-37.1977,-11.0259],[-37.1982,-11.0259],[-37.2026,-11.0254],[-37.2034,-11.0255],[-37.2055,-11.027],[-37.2072,-11.0278],[-37.2082,-11.0264],[-37.2086,-11.0255],[-37.2085,-11.0242],[-37.2082,-11.0232],[-37.2073,-11.0225],[-37.206,-11.0217],[-37.2058,-11.0211],[-37.2076,-11.0208],[-37.2078,-11.0184],[-37.2086,-11.0181],[-37.2085,-11.0169],[-37.2078,-11.0172],[-37.2034,-11.0172],[-37.2021,-11.0177],[-37.2018,-11.018]]]}},{"type":"Feature","properties":{"c":"b168","b":168,"n":"Tijuquinha","m":"2806701","cx":-37.1316,"cy":-10.9321},"geometry":{"type":"Polygon","coordinates":[[[-37.1283,-10.9373],[-37.1283,-10.938],[-37.1291,-10.9379],[-37.1313,-10.9374],[-37.1315,-10.9376],[-37.1334,-10.9368],[-37.1347,-10.9356],[-37.1347,-10.9348],[-37.1338,-10.9348],[-37.134,-10.9324],[-37.1342,-10.9318],[-37.1343,-10.93],[-37.1357,-10.9301],[-37.1362,-10.9273],[-37.1351,-10.9271],[-37.1335,-10.9275],[-37.1328,-10.9271],[-37.1323,-10.9265],[-37.1309,-10.9266],[-37.1303,-10.9263],[-37.1295,-10.9263],[-37.1291,-10.9265],[-37.1291,-10.9272],[-37.1277,-10.927],[-37.1278,-10.9282],[-37.1277,-10.9312],[-37.129,-10.9312],[-37.1291,-10.9331],[-37.1287,-10.9363],[-37.1283,-10.9373]]]}},{"type":"Feature","properties":{"c":"b169","b":169,"n":"Várzea Grande","m":"2806701","cx":-37.1109,"cy":-10.9488},"geometry":{"type":"Polygon","coordinates":[[[-37.1069,-10.9461],[-37.1066,-10.9473],[-37.1062,-10.9484],[-37.1055,-10.9493],[-37.1053,-10.9502],[-37.1042,-10.9523],[-37.1048,-10.9525],[-37.1073,-10.952],[-37.1091,-10.9521],[-37.1111,-10.9523],[-37.1121,-10.9523],[-37.1143,-10.952],[-37.1156,-10.9525],[-37.1164,-10.9531],[-37.1162,-10.9524],[-37.1162,-10.9508],[-37.1159,-10.9501],[-37.116,-10.9482],[-37.1156,-10.9472],[-37.1145,-10.9468],[-37.1119,-10.9465],[-37.1109,-10.946],[-37.1098,-10.9461],[-37.1093,-10.9447],[-37.1075,-10.9445],[-37.1069,-10.9461]]]}},{"type":"Feature","properties":{"c":"b170","b":170,"n":"Avenida","m":"2807402","cx":-38.0094,"cy":-11.1709},"geometry":{"type":"Polygon","coordinates":[[[-38.0059,-11.1731],[-38.008,-11.1741],[-38.011,-11.1752],[-38.013,-11.1765],[-38.0138,-11.1773],[-38.0143,-11.1783],[-38.0144,-11.1783],[-38.0123,-11.1728],[-38.0111,-11.1672],[-38.0076,-11.1689],[-38.006,-11.1729],[-38.0059,-11.1731]]]}},{"type":"Feature","properties":{"c":"b171","b":171,"n":"Bela Vista","m":"2807402","cx":-37.9984,"cy":-11.1717},"geometry":{"type":"Polygon","coordinates":[[[-37.9999,-11.1641],[-37.9997,-11.164],[-37.9994,-11.1648],[-37.9985,-11.1652],[-37.9981,-11.1657],[-37.9977,-11.1658],[-37.9974,-11.1666],[-37.9965,-11.1668],[-37.9963,-11.1672],[-37.9967,-11.1678],[-37.9966,-11.1685],[-37.996,-11.1681],[-37.9948,-11.1688],[-37.9944,-11.1689],[-37.9943,-11.1696],[-37.9939,-11.1697],[-37.9936,-11.1702],[-37.9935,-11.1714],[-37.9932,-11.1721],[-37.9929,-11.1722],[-37.9927,-11.1727],[-37.9932,-11.173],[-37.9923,-11.1744],[-37.992,-11.1754],[-37.9914,-11.1751],[-37.9913,-11.1765],[-37.9927,-11.1781],[-37.9945,-11.1797],[-37.9969,-11.179],[-37.9977,-11.1785],[-38.0007,-11.1755],[-38.0016,-11.1749],[-38.0043,-11.1738],[-37.9999,-11.1641]]]}},{"type":"Feature","properties":{"c":"b172","b":172,"n":"Bom Jardim","m":"2807402","cx":-38.0048,"cy":-11.1665},"geometry":{"type":"Polygon","coordinates":[[[-38.0111,-11.1587],[-38.0107,-11.1588],[-38.0105,-11.1593],[-38.0081,-11.1596],[-38.0076,-11.1601],[-38.0065,-11.1602],[-38.006,-11.1608],[-38.0049,-11.1611],[-38.0048,-11.1614],[-38.0031,-11.1618],[-38.0022,-11.1624],[-38.002,-11.1622],[-38.0004,-11.1632],[-37.9999,-11.1641],[-38.0043,-11.1738],[-38.0053,-11.1733],[-38.006,-11.1729],[-38.0076,-11.1689],[-38.0115,-11.1599],[-38.0124,-11.1577],[-38.0111,-11.1587]]]}},{"type":"Feature","properties":{"c":"b173","b":173,"n":"Campos","m":"2807402","cx":-37.9988,"cy":-11.1898},"geometry":{"type":"Polygon","coordinates":[[[-37.9931,-11.1863],[-37.9941,-11.1888],[-37.9963,-11.1878],[-37.9967,-11.1894],[-37.9972,-11.1903],[-37.9972,-11.191],[-37.9978,-11.1926],[-37.9984,-11.193],[-37.9983,-11.1939],[-37.9985,-11.1942],[-38.0006,-11.1943],[-38.0018,-11.194],[-37.9996,-11.1912],[-37.9997,-11.191],[-38.001,-11.1904],[-37.9984,-11.1848],[-37.9941,-11.186],[-37.9931,-11.1863]]]}},{"type":"Feature","properties":{"c":"b174","b":174,"n":"Castelo Branco","m":"2807402","cx":-37.9944,"cy":-11.1812},"geometry":{"type":"Polygon","coordinates":[[[-37.9977,-11.1833],[-37.9982,-11.183],[-37.9945,-11.1797],[-37.9927,-11.1781],[-37.9913,-11.1766],[-37.9918,-11.1784],[-37.992,-11.1787],[-37.9918,-11.1793],[-37.9932,-11.1827],[-37.9941,-11.186],[-37.9984,-11.1848],[-37.9977,-11.1833]]]}},{"type":"Feature","properties":{"c":"b175","b":175,"n":"Centenário","m":"2807402","cx":-37.9855,"cy":-11.1757},"geometry":{"type":"Polygon","coordinates":[[[-37.984,-11.1833],[-37.9843,-11.1833],[-37.9851,-11.1824],[-37.9854,-11.1827],[-37.9857,-11.1824],[-37.9873,-11.1822],[-37.9878,-11.1809],[-37.9887,-11.181],[-37.9891,-11.18],[-37.9896,-11.1801],[-37.9903,-11.1795],[-37.9911,-11.1783],[-37.9912,-11.1777],[-37.9907,-11.1771],[-37.9913,-11.1766],[-37.9913,-11.1765],[-37.9857,-11.1704],[-37.984,-11.1686],[-37.9816,-11.1671],[-37.9798,-11.1664],[-37.9751,-11.1719],[-37.9755,-11.1729],[-37.9763,-11.1734],[-37.9778,-11.1741],[-37.9784,-11.1739],[-37.9788,-11.1743],[-37.9796,-11.1746],[-37.9803,-11.1753],[-37.9807,-11.176],[-37.9816,-11.1771],[-37.9815,-11.1777],[-37.9819,-11.1783],[-37.9823,-11.1802],[-37.9827,-11.1807],[-37.9823,-11.1811],[-37.9827,-11.1818],[-37.9828,-11.1826],[-37.9831,-11.1831],[-37.9826,-11.1833],[-37.9827,-11.1843],[-37.984,-11.1833]]]}},{"type":"Feature","properties":{"c":"b176","b":176,"n":"Centro","m":"2807402","cx":-38.0037,"cy":-11.1878},"geometry":{"type":"Polygon","coordinates":[[[-38.0031,-11.1937],[-38.0033,-11.1932],[-38.004,-11.1925],[-38.0055,-11.1919],[-38.0062,-11.1905],[-38.0077,-11.1899],[-38.0085,-11.189],[-38.009,-11.1889],[-38.0053,-11.1858],[-38.0047,-11.1866],[-38.0014,-11.1839],[-37.9993,-11.1821],[-37.9982,-11.183],[-37.9977,-11.1833],[-37.9984,-11.1848],[-38.001,-11.1904],[-37.9997,-11.191],[-37.9996,-11.1912],[-38.0018,-11.194],[-38.0031,-11.1937]]]}},{"type":"Feature","properties":{"c":"b177","b":177,"n":"Cruz","m":"2807402","cx":-38.0115,"cy":-11.1627},"geometry":{"type":"Polygon","coordinates":[[[-38.0115,-11.1599],[-38.0076,-11.1689],[-38.0111,-11.1672],[-38.0116,-11.1655],[-38.0153,-11.1562],[-38.0148,-11.1564],[-38.0131,-11.1562],[-38.0124,-11.1577],[-38.0115,-11.1599]]]}},{"type":"Feature","properties":{"c":"b178","b":178,"n":"Macaé","m":"2807402","cx":-37.9919,"cy":-11.1898},"geometry":{"type":"Polygon","coordinates":[[[-37.988,-11.1882],[-37.9866,-11.1887],[-37.9872,-11.1915],[-37.988,-11.193],[-37.9882,-11.194],[-37.9894,-11.1935],[-37.991,-11.1925],[-37.9934,-11.1917],[-37.9952,-11.1913],[-37.9955,-11.191],[-37.9967,-11.1911],[-37.9972,-11.191],[-37.9972,-11.1903],[-37.9967,-11.1894],[-37.9963,-11.1878],[-37.9941,-11.1888],[-37.9931,-11.1863],[-37.988,-11.1882]]]}},{"type":"Feature","properties":{"c":"b179","b":179,"n":"Palame","m":"2807402","cx":-38.0103,"cy":-11.1838},"geometry":{"type":"Polygon","coordinates":[[[-38.0143,-11.1783],[-38.0116,-11.1807],[-38.0099,-11.182],[-38.0095,-11.1823],[-38.0075,-11.183],[-38.0063,-11.1835],[-38.0056,-11.1847],[-38.0053,-11.1858],[-38.009,-11.1889],[-38.0094,-11.1888],[-38.0101,-11.189],[-38.0106,-11.1887],[-38.0106,-11.1881],[-38.0111,-11.1878],[-38.0128,-11.186],[-38.0132,-11.1852],[-38.0139,-11.1849],[-38.0146,-11.1842],[-38.0144,-11.1783],[-38.0143,-11.1783]]]}},{"type":"Feature","properties":{"c":"b180","b":180,"n":"Pinheiro","m":"2807402","cx":-38.0103,"cy":-11.1778},"geometry":{"type":"Polygon","coordinates":[[[-38.0049,-11.1753],[-38.0057,-11.1762],[-38.007,-11.1784],[-38.0081,-11.18],[-38.0099,-11.182],[-38.0116,-11.1807],[-38.0143,-11.1783],[-38.0138,-11.1773],[-38.013,-11.1765],[-38.011,-11.1752],[-38.008,-11.1741],[-38.0059,-11.1731],[-38.0049,-11.1753]]]}},{"type":"Feature","properties":{"c":"b181","b":181,"n":"Santa Rita","m":"2807402","cx":-38.0058,"cy":-11.181},"geometry":{"type":"Polygon","coordinates":[[[-38.0081,-11.18],[-38.007,-11.1784],[-38.0057,-11.1762],[-38.0049,-11.1753],[-38.0014,-11.1839],[-38.0047,-11.1866],[-38.0053,-11.1858],[-38.0056,-11.1847],[-38.0063,-11.1835],[-38.0075,-11.183],[-38.0095,-11.1823],[-38.0099,-11.182],[-38.0081,-11.18]]]}},{"type":"Feature","properties":{"c":"b182","b":182,"n":"Santos Dumont","m":"2807402","cx":-37.9889,"cy":-11.183},"geometry":{"type":"Polygon","coordinates":[[[-37.9907,-11.1771],[-37.9912,-11.1777],[-37.9911,-11.1783],[-37.9903,-11.1795],[-37.9896,-11.1801],[-37.9891,-11.18],[-37.9887,-11.181],[-37.9878,-11.1809],[-37.9873,-11.1822],[-37.9857,-11.1824],[-37.9854,-11.1827],[-37.9851,-11.1824],[-37.9843,-11.1833],[-37.984,-11.1833],[-37.9827,-11.1843],[-37.9817,-11.1854],[-37.9811,-11.1854],[-37.9807,-11.186],[-37.9794,-11.1859],[-37.9791,-11.1854],[-37.9785,-11.1859],[-37.978,-11.1853],[-37.9775,-11.1854],[-37.9772,-11.1861],[-37.9764,-11.1857],[-37.9764,-11.1862],[-37.976,-11.1859],[-37.9764,-11.1874],[-37.9767,-11.1871],[-37.9769,-11.1879],[-37.9772,-11.1877],[-37.978,-11.1881],[-37.9791,-11.1877],[-37.9827,-11.1887],[-37.9833,-11.1896],[-37.985,-11.1892],[-37.9866,-11.1887],[-37.988,-11.1882],[-37.9931,-11.1863],[-37.9941,-11.186],[-37.9932,-11.1827],[-37.9918,-11.1793],[-37.992,-11.1787],[-37.9918,-11.1784],[-37.9913,-11.1766],[-37.9907,-11.1771]]]}},{"type":"Feature","properties":{"c":"b183","b":183,"n":"Sutí","m":"2807402","cx":-37.986,"cy":-11.1922},"geometry":{"type":"Polygon","coordinates":[[[-37.9776,-11.1891],[-37.9782,-11.1889],[-37.978,-11.1894],[-37.9785,-11.1897],[-37.9787,-11.189],[-37.9792,-11.1892],[-37.9789,-11.1895],[-37.9789,-11.1906],[-37.9785,-11.1915],[-37.9797,-11.1916],[-37.9818,-11.1911],[-37.9828,-11.1912],[-37.9829,-11.1915],[-37.9841,-11.1917],[-37.9847,-11.1926],[-37.9845,-11.194],[-37.9837,-11.195],[-37.9839,-11.1956],[-37.9842,-11.196],[-37.9854,-11.1962],[-37.9857,-11.196],[-37.9873,-11.1959],[-37.9872,-11.1955],[-37.9877,-11.1952],[-37.987,-11.1949],[-37.9882,-11.194],[-37.988,-11.193],[-37.9872,-11.1915],[-37.9866,-11.1887],[-37.985,-11.1892],[-37.9833,-11.1896],[-37.9827,-11.1887],[-37.9791,-11.1877],[-37.978,-11.1881],[-37.9776,-11.1891]]]}},{"type":"Feature","properties":{"c":"b184","b":184,"n":"Vicentino","m":"2807402","cx":-38.0017,"cy":-11.177},"geometry":{"type":"Polygon","coordinates":[[[-38.0059,-11.1731],[-38.006,-11.1729],[-38.0053,-11.1733],[-38.0043,-11.1738],[-38.0016,-11.1749],[-38.0007,-11.1755],[-37.9977,-11.1785],[-37.9969,-11.179],[-37.9945,-11.1797],[-37.9982,-11.183],[-37.9993,-11.1821],[-38.0014,-11.1839],[-38.0049,-11.1753],[-38.0059,-11.1731]]]}}]}