ano,lid,cd_tse,zona,nr_local,nome,bairro_tse,lat,lon,aptos,bairro,aprox
2020,0,1007,9,1023,ESCOLA JOSE CEZARIO DE FARIAS,ZONA RURAL,-9.72636,-68.12432,1497,-1,0
2020,1,1007,9,1040,FUNTAC - PROJETO ANTIMARI,ZONA RURAL,-9.98055,-67.84561,205,-1,0
2020,2,1007,9,1058,CENTRO DE CULTURA E FLORESTANIA,CENTRO,-9.8267,-67.95126,1018,-1,0
2020,3,1007,9,1066,ESCOLA RURAL NOVA VIDA,ZONA RURAL,-9.64371,-68.04273,400,-1,0
2020,4,1007,9,1074,ESCOLA RURAL MARIA DO CARMO RAMOS,ZONA RURAL,-9.79285,-68.26061,370,-1,0
2020,5,1007,9,1082,SEAPROF BUJARI,CENTRO,-9.8263,-67.95104,690,-1,0
2020,6,1007,9,1090,CRECHE PROFESSORA DONA BELA,CENTRO,-9.82699,-67.9514,771,-1,0
2020,7,1007,9,1104,ESCOLA EDMUNDO PINTO DE ALMEIDA NETO,CENTRO,-9.82483,-67.95125,1809,-1,0
2020,8,1007,9,1112,ESCOLA SÃO JOÃO BATISTA,CENTRO,-9.82472,-67.94976,2410,-1,0
2020,9,1007,9,1120,ESCOLA ESTADUAL PEDRO GOMES,ZONA RURAL,-9.81239,-67.90013,443,-1,0
2020,10,1015,2,1015,ESCOLA ARGENTINA PEREIRA FEITOSA,CENTRO,-10.57214,-67.67562,1101,-1,0
2020,11,1015,2,1023,ESCOLA NAIR SOMBRA,CENTRO,-10.57717,-67.67639,967,-1,0
2020,12,1015,2,1031,CAMARA MUNICIPAL,CENTRO,-10.57579,-67.67698,759,-1,0
2020,13,1015,2,1040,CENTRO ADMINISTRATIVO MUNICIPAL,CENTRO,-10.57456,-67.67661,1,-1,1
2020,14,1015,2,1058,PRE-ESCOLA MUNDO ENCANTADO,CENTRO,-10.57577,-67.67739,463,-1,0
2020,15,1015,2,1066,ESCOLA NOVA ESPERANCA,ZONA RURAL,-10.37423,-67.79128,945,-1,0
2020,16,1015,2,1074,ESCOLA MUNICIPAL INDEPENDENCIA,ZONA RURAL PAD ZAQUEU MACHADO,-10.52749,-67.74905,102,-1,1
2020,17,1015,2,1082,ESCOLA MUNICIPAL ENFERMEIRA MARIA DE NAZARE DA CRUZ,ZONA RURAL PAD ALCOBRAS,-10.52749,-67.74905,73,-1,1
2020,18,1015,2,1090,ESCOLA MUNICIPAL JOSE SILVEIRA,ZONA RURAL PAD ALCOBRAS,-10.52749,-67.74905,1,-1,1
2020,19,1015,2,1104,ESCOLA MUNICIPAL RURAL SÃO FRANCISCO,ZONA RURAL SÃO LUIZ REMANSO,-10.39008,-67.93472,224,-1,0
2020,20,1015,2,1112,ESCOLA MUNICIPAL MARIETA FREIRE RODRIGUES,ZONA RURAL VILA HORTEGRANJEIRA,-10.4444,-67.71008,411,-1,0
2020,21,1015,2,1120,ESC ENS FUN PROF NOELIA MARIA ALVES DE SOUZA,CONQUISTA,-10.57373,-67.67671,1030,-1,0
2020,22,1015,2,1155,CENTRO DE FLORESTANIA,CENTRO,-10.57032,-67.67581,486,-1,0
2020,23,1015,2,1171,SECRETARIA DE ASSISTÊNCIA SOCIAL,CONQUISTA,-10.57373,-67.67671,159,-1,1
2020,24,1015,2,1198,ESCOLA JOSE ALVES DA SILVA,ZONA RURAL - SERINGAL CAPATARA,-10.52749,-67.74905,77,-1,1
2020,25,1015,2,1201,ESCOLA MUNICIPAL LIMEIRA,ZONA RURAL,-10.47812,-67.81845,2,-1,1
2020,26,1015,2,1228,ESCOLA MUNICIPAL MARIA FERNANDES DE AMORIM,PROJETO DE ASSENTAMENTO VILA NOVA,-10.47417,-68.0459,99,-1,0
2020,27,1015,2,1236,ESCOLA ARISTON FERREIRA DA CUNHA,ZONA RURAL,-10.58202,-67.84562,496,-1,0
2020,28,1015,2,1244,PRÉDIO DO INCRA,ZONA RURAL PAD ALCOBRAS,-10.52749,-67.74905,41,-1,1
2020,29,1015,2,1252,PRÉDIO DA SEAPROF,CENTRO,-10.57619,-67.67746,103,-1,0
2020,30,1023,1,1015,ESCOLA JOSE PLACIDO DE CASTRO,PORTO ACRE,-9.59026,-67.53729,1613,-1,0
2020,31,1023,1,1023,ESCOLA EDMUNDO PINTO DE ALMEIDA NETO,PROJETO HUMAITA,-9.72946,-67.70025,1778,-1,0
2020,32,1023,1,1031,ESCOLA PUBLICA JADER SARAIVA MACHADO,PORTO ACRE,-9.67818,-67.74472,1584,-1,0
2020,33,1023,1,1040,ESCOLA NOSSA SENHORA AUXILIADORA,ZONA RURAL,-9.81852,-67.58964,273,-1,0
2020,34,1023,1,1058,SEDE DO INCRA,PROJETO HUMAITA,-9.70476,-67.72293,17,-1,1
2020,35,1023,1,1066,ESCOLA MAJOR VENCESLAU SALINAS PAVILHAO II,CENTRO,-9.59037,-67.53686,769,-1,0
2020,36,1023,1,1074,ESCOLA MUNICIPAL JOAQUIM FALCAO MACEDO,ZONA RURAL,-9.67408,-67.36957,449,-1,0
2020,37,1023,1,1082,ESCOLA MUNICIPAL NOVO HORIZONTE,PROJETO HUMAITA,-9.72876,-67.70085,1155,-1,0
2020,38,1023,1,1090,CENTRO DE SAUDE DE PORTO ACRE,PROJETO HUMAITA,-9.67999,-67.74671,452,-1,0
2020,39,1023,1,1104,SECRETARIA EXECUTIVA DE ASSIT. TEC. E GARANTIA DE PRODUCAO - SEATER-GP,PROJETO HUMAITA,-9.67962,-67.74136,485,-1,0
2020,40,1023,1,1112,ESCOLA SÃO RAIMUNDO NONATO,ZONA RURAL,-9.44939,-67.81562,373,-1,0
2020,41,1023,1,1120,CENTRO CULTURAL DA FLORESTANIA,CENTRO,-9.59032,-67.53687,3,-1,0
2020,42,1023,1,1139,ESCOLA CRISTO REI,ZONA RURAL,-9.75593,-67.35796,874,-1,0
2020,43,1023,1,1147,ESCOLA MUNICIPAL DE ENSINO FUNDAMENTAL VITÓRIA,ZONA RURAL,-9.60639,-67.37156,178,-1,0
2020,44,1023,1,1163,ESCOLA ESTADUAL UNIÃO E PROGRESSO,ZONA RURAL,-9.75267,-67.35358,364,-1,0
2020,45,1023,1,1171,ESCOLA MUNICIPAL NILCE MACHADO DA ROCHA,JOSÉ GALDINO,-9.59106,-67.54147,193,-1,0
2020,46,1023,1,1180,CÂMARA MUNICIPAL DE PORTO ACRE,CENTRO,-9.5932,-67.54251,298,-1,0
2020,47,1023,1,1198,IFAC - POLO PORTO ACRE,PROJETO HUMAITA,-9.72964,-67.7013,778,-1,0
2020,48,1023,1,1201,ESCOLA MUNICIPAL PEQUENO PRÍNCIPE,PROJETO HUMAITA,-9.68112,-67.74713,576,-1,0
2020,49,1023,1,1210,UNIDADE DE SAÚDE DA FAMÍLIA ÁLVARO ARAÚJO NOBRE,ZONA RURAL,-9.52338,-67.77589,427,-1,0
2020,50,1031,3,1015,ESC. EST. ENSINO MÉDIO PADRE PAOLINO MARIA BALDASSARI,CIDADE NOVA,-9.44356,-70.48647,909,-1,0
2020,51,1031,3,1023,ESCOLA ANTONIA FERNANDES DE MOURA,CENTRO,-9.43372,-70.49356,921,-1,0
2020,52,1031,3,1031,ESCOLA MUNICIPAL  DR. CELSO COSME SALGADO,CIDADE NOVA,-9.44211,-70.48876,485,-1,0
2020,53,1031,3,1040,UNIDADE BÁSICA DE SAÚDE INDÍGENA - UBSI,ZONA RURAL,-9.08696,-69.99325,590,-1,0
2020,54,1031,3,1058,ESCOLA INDÍGENA SOBRAL,ZONA RURAL,-9.27994,-70.3419,327,-1,0
2020,55,1031,3,1066,ESCOLA INDÍGENA SANTA MARIA,ZONA RURAL,-9.17361,-70.21945,334,-1,0
2020,56,1040,4,1015,ESCOLA ELVIRA FERREIRA GOMES,CENTRO,-8.9462,-72.78562,1702,-1,0
2020,57,1040,4,1023,ESCOLA JUSTINIANO DE SERPA,CENTRO,-8.94952,-72.78593,1734,-1,0
2020,58,1040,4,1031,ESCOLA MANOEL RODRIGUES DE ARAUJO,CENTRO,-8.94847,-72.78705,1221,-1,0
2020,59,1040,4,1040,ESCOLA ZILDA VASCONCELOS,ZONA RURAL,-9.05906,-72.24631,793,-1,0
2020,60,1040,4,1058,ESCOLA SAO RAIMUNDO,ZONA RURAL,-9.3109,-72.68887,297,-1,0
2020,61,1040,4,1066,ESCOLA TANCREDO DE ALMEIDA NEVES,ZONA RURAL,-9.06402,-72.68762,510,-1,0
2020,62,1040,4,1074,ESCOLA JOÃO PRAXEDES,ZONA RURAL,-8.94133,-72.57598,663,-1,0
2020,63,1040,4,1082,ESCOLA MARNIZIA CRUZ,ZONA RURAL,-8.77668,-72.8296,627,-1,0
2020,64,1040,4,1090,CÂMARA MUNICIPAL,CENTRO,-8.94766,-72.78924,590,-1,0
2020,65,1040,4,1120,ESCOLA ERNESTINA RODRIGUES FERREIRA,ZONA RURAL,-9.41095,-72.71587,434,-1,0
2020,66,1040,4,1139,ESCOLA JOSÉ PINTO PEREIRA,ZONA RURAL,-9.19105,-72.71202,488,-1,0
2020,67,1040,4,1147,ESCOLA SAMUEL PINYÃKO,ZONA RURAL,-9.17074,-72.91177,389,-1,0
2020,68,1040,4,1155,ESCOLA LAURA SALES DE MELO,ZONA RURAL,-8.9405,-72.41095,336,-1,0
2020,69,1040,4,1163,CENTRO CULTURAL CUPICHAU,ZONA RURAL,-9.47984,-72.41832,227,-1,0
2020,70,1040,4,1171,ESCOLA ANTÔNIO RUBENS PINHEIRO,ZONA RURAL,-9.22938,-72.70331,201,-1,0
2020,71,1040,4,1180,ESCOLA PRAXEDES BRANDÃO,ZONA RURAL,-8.83504,-72.76247,279,-1,0
2020,72,1058,6,1023,CENTRO CULTURAL SEBASTIÃO JOAQUIM DANTAS BARROSO,FERREIRA DA SILVA,-10.99867,-68.75056,319,8,0
2020,73,1058,6,1040,ESCOLA MARIA SOCORRO DE SOUZA FROTA,FRANCISCO JOSE MOREIRA,-10.99382,-68.75108,1109,9,0
2020,74,1058,6,1066,ESCOLA  KAIRALA JOSE KAIRALA,RAIMUNDO CHAAR,-11.01254,-68.74111,1483,12,0
2020,75,1058,6,1074,ESCOLA VALDOMIRO FERREIRA BARROSO - KM 19,ZONA RURAL,-10.82918,-68.88791,704,-1,0
2020,76,1058,6,1082,ESCOLA GETULIO VARGAS,CENTRO,-11.0156,-68.74487,957,6,0
2020,77,1058,6,1104,ESCOLA VITORIA SALVATIERRA CESAR,CENTRO,-11.01554,-68.74424,585,6,0
2020,78,1058,6,1112,SEMED - SECRETARIA MUNICIPAL DE EDUCAÇÃO,RAIMUNDO CHAAR,-11.00865,-68.74553,539,12,0
2020,79,1058,6,1120,ESCOLA FONTENELE DE CASTRO,FERREIRA DA SILVA,-11.00013,-68.75041,1684,8,0
2020,80,1058,6,1139,ESCOLA OS PASTORINHOS,ELDORADO,-11.00385,-68.75157,773,7,0
2020,81,1058,6,1147,ESCOLA PADRE ANDRE NATALINO - KM 13 04 BOCAS,ZONA RURAL,-10.89402,-68.81757,201,-1,0
2020,82,1058,6,1155,ESCOLA FRANCISCO GERMANO DA SILVA - KM 68,ZONA RURAL,-10.76525,-69.08692,336,-1,1
2020,83,1058,6,1171,CEDUP - CENTRO DE ESTUDOS EDUCAÇÃO PERMANENTE,CENTRO,-11.01203,-68.74645,187,6,1
2020,84,1058,6,1180,ESCOLA VALERIA BISPO SABALA - KM 26,ZONA RURAL,-10.95395,-68.92785,561,-1,0
2020,85,1058,6,1198,ESCOLA FRANCISCO GERMANO DA SILVA - KM 68,ZONA RURAL,-10.81908,-69.2282,452,-1,0
2020,86,1058,6,1201,ESCOLA VALÉRIA BISPO SABALA - KM 26,ZONA RURAL,-10.76525,-69.08692,138,-1,1
2020,87,1058,6,1210,ESCOLA ODILON PRATAGI,CENTRO,-11.0073,-68.74323,1501,12,0
2020,88,1058,6,1228,ESCOLA ELSON DIAS DANTAS,LEONARDO BARBOSA,-11.0111,-68.7597,915,10,0
2020,89,1058,6,1996,ESCOLA MENINO JESUS,CENTRO,-11.00555,-68.75468,823,7,0
2020,90,1058,6,2046,CEDUP,CENTRO,-11.01508,-68.7499,546,6,0
2020,91,1058,6,2127,SESC-SERVIÇO SOCIAL DO COMERCIO,ELDORADO,-10.99911,-68.75383,842,7,0
2020,92,1058,6,2135,ESCOLA MARIA SOCORRO DE SOUZA FROTA,FRANCISCO JOSE MOREIRA,-10.99382,-68.75108,485,9,1
2020,93,1058,6,2143,ESCOLA PRINCESA IZABEL - KM 84 MAIS 07 KM DE RAMAL,ZONA RURAL,-10.75855,-69.37455,218,-1,0
2020,94,1058,6,2151,ESCOLA FULGÊNCIO DE PAIVA -KM 59 MAIS 18 DE RAMAL,ZONA RURAL,-10.72723,-69.11079,326,-1,0
2020,95,1058,6,2208,ESCOLA ANTÔNIO CARNEIRO DA SILVA - KM 04 POLO AGROFLORESTAL,ZONA RURAL,-10.94813,-68.70454,192,-1,0
2020,96,1058,6,2224,ESCOLA PADRE JOSÉ DE ANCHIETA - KM 59 MAIS 60 DE RAMAL,ZONA RURAL,-10.4771,-69.27543,155,-1,0
2020,97,1058,6,2240,ESCOLA GETULIO VARGAS (ZONA RURAL),ZONA RURAL,-10.47999,-69.45544,146,-1,0
2020,98,1058,6,2267,CENTRO DO IDOSO,ELDORADO,-10.99944,-68.75398,265,7,0
2020,99,1058,6,2275,UNIDADE BÁSICA DE SAÚDE TUFIC MIZAEL SAADY,CENTRO,-11.01315,-68.74181,365,12,0
2020,100,1058,6,2283,UNIDADE BÁSICA DE SAÚDE SIMÃO MANSOUR BARTHA,ALBERTO CASTRO,-10.99608,-68.75968,37,5,0
2020,101,1066,4,1015,ESCOLA SEBASTIÃO CORREIA DE PAIVA,CENTRO,-8.26537,-72.74241,691,-1,0
2020,102,1066,4,1023,ESCOLA MANOEL MOREIRA PINHEIRO,CENTRO,-8.26713,-72.74511,1207,-1,0
2020,103,1066,4,1031,ESCOLA BORGES DE AQUINO,CENTRO,-8.26613,-72.74082,1181,-1,0
2020,104,1066,4,1040,ESCOLA IZAURA AMORIM DE LIMA,CENTRO,-8.26936,-72.74355,1340,-1,0
2020,105,1066,4,1058,ESCOLA SÃO JOSÉ,ZONA RURAL,-8.5724,-72.40444,449,-1,0
2020,106,1066,4,1074,ESCOLA NOSSA SENHORA APARECIDA,ZONA RURAL,-8.46309,-72.84421,256,-1,0
2020,107,1066,4,1082,ESCOLA CHATEAUBRIAND BEZERRA,ZONA RURAL,-8.40128,-72.59038,101,-1,0
2020,108,1066,4,1090,ESCOLA LIMA DO VALE,ZONA RURAL,-8.44716,-72.53157,275,-1,0
2020,109,1066,4,1104,ESCOLA ALFREDO SALES,ZONA RURAL,-8.54489,-72.80973,361,-1,0
2020,110,1066,4,1112,ESCOLA JOSÉ DE MELO BARRETO,ZONA RURAL,-8.6016,-72.9234,122,-1,0
2020,111,1066,4,1120,ESCOLA VENCESLAU BRÁZ,ZONA RURAL,-8.36367,-72.76782,266,-1,0
2020,112,1066,4,1139,ESCOLA FRANCISCO DAS CHAGAS,ZONA RURAL,-8.43293,-72.97836,119,-1,0
2020,113,1066,4,1147,ESCOLA CASTELO BRANCO,ZONA RURAL,-8.23634,-72.95588,195,-1,0
2020,114,1066,4,1155,ESCOLA MUNICIPAL HELENA NOBRE,ZONA RURAL,-8.45148,-72.7562,7,-1,1
2020,115,1074,4,1015,ESCOLA COMANDANTE BRAZ DE AGUIAR,CENTRO,-7.63438,-72.66623,525,-1,0
2020,116,1074,4,1023,ESCOLA SANTA RITA,ZONA RURAL,-7.74178,-72.45922,443,-1,0
2020,117,1074,4,1031,ESCOLA OLAVO BILAC,ZONA RURAL,-7.77059,-72.3918,1209,-1,0
2020,118,1074,4,1040,CRIEBRB - CENTRO DE REF. EM INOVAÇÕES PARA A ED. BARÃO DO RIO BRANCO,CENTRO,-7.63498,-72.6667,274,-1,0
2020,119,1074,4,1058,PRÉ-ESCOLAR OSVALDO D'ALBUQUERQUE LIMA,CENTRO,-7.6333,-72.66684,69,-1,0
2020,120,1074,4,1066,ESCOLA CRAVEIRO COSTA,REMANSO,-7.62209,-72.6599,1508,-1,0
2020,121,1074,4,1074,CEDUP - CENTRO DE EDUCAÇÃO ESTADUAL PERMANENTE,CENTRO,-7.63336,-72.66452,79,-1,0
2020,122,1074,4,1090,SAID ALMEIDA FILHO / NÚCLEO DE APOIO PEDAGÓGICO À INCLUSÃO - NAPI,varzea,-7.63328,-72.6635,252,-1,0
2020,123,1074,4,1104,ESCOLA IRMÃ DIANA,CRUZEIRINHO NOVO,-7.64041,-72.67816,338,-1,0
2020,124,1074,4,1112,UNIDADE DE GESTÃO SUSTENTÁVEL,CENTRO,-7.63417,-72.66806,71,-1,1
2020,125,1074,4,1120,ESCOLA VALÉRIO CALDAS DE MAGALHÃES,CENTRO,-7.63547,-72.66959,953,-1,0
2020,126,1074,4,1147,CEFLORA - CENTRO DE EDUCAÇÃO PROFISSIONAL E TECNOLÓGICA  DO JURUA,VINTE E CINCO DE AGOSTO,-7.61604,-72.67246,408,-1,0
2020,127,1074,4,1155,ESCOLA DOM HENRIQUE RUTH,JOÃO ALVES,-7.62979,-72.68108,2994,-1,0
2020,128,1074,4,1171,ESCOLA PADRE CARLOS KUNZ,MANOEL TERÇAS,-7.63756,-72.67903,948,-1,0
2020,129,1074,4,1198,ESCOLA PADRE CRISTÓVÃO FREIRE ARNAUD,NOSSA SENHORA DAS GRAÇAS,-7.61765,-72.70023,969,-1,0
2020,130,1074,4,1210,ESCOLA MARIA DE NAZARÉ SANTIAGO,ZONA RURAL,-7.72303,-72.74364,409,-1,0
2020,131,1074,4,1228,ESCOLA PADRE DAMIÃO,REMANSO,-7.61964,-72.6594,1436,-1,0
2020,132,1074,4,1252,SECRETARIA MUNICIPAL DO MEIO AMBIENTE,CENTRO,-7.63361,-72.67154,200,-1,0
2020,133,1074,4,1260,CENTRO CULTURAL AMARINO SALES,CENTRO,-7.63417,-72.66806,91,-1,1
2020,134,1074,4,1295,ESCOLA CIVICO-MILITAR MADRE ADELGUNDES BECKER,MIRITIZAL,-7.64192,-72.66029,2143,-1,0
2020,135,1074,4,1309,ESCOLA THAUMATURGO DE AZEVEDO,ALUMÍNIO,-7.62875,-72.66148,993,-1,0
2020,136,1074,4,1325,ESCOLA JUAREZ IBERNON DE OLIVEIRA,ZONA RURAL,-7.75045,-72.40056,331,-1,0
2020,137,1074,4,1333,UNIDADE DE GESTÃO AMBIENTAL INTEGRADA - UGAI,ZONA RURAL,-7.79749,-72.02761,1126,-1,0
2020,138,1074,4,1341,FUNDAÇÃO DE CULTURA E COMUNICAÇÃO ELIAS MANSOUR,CENTRO,-7.63417,-72.66806,147,-1,1
2020,139,1074,4,1350,ESCOLA PROF FLODOARDO CABRAL,ESCOLA TÉCNICA,-7.62815,-72.67264,1288,-1,0
2020,140,1074,4,1368,ESCOLA PRESBITERIANA,ESCOLA TÉCNICA,-7.62518,-72.67217,577,-1,0
2020,141,1074,4,1376,PRE-ESCOLAR MARCELINO CHAMPAGNAT,varzea,-7.63285,-72.66366,569,-1,0
2020,142,1074,4,1384,ESCOLA MARIA LIMA DE SOUZA,COBAL,-7.62899,-72.65742,1677,-1,0
2020,143,1074,4,1392,ESCOLA PROF. ANTONIO DE BARROS FREIRE,TELEGRAFO,-7.62397,-72.66601,2070,-1,0
2020,144,1074,4,1406,ESCOLA JOÃO KUBTSCHECK,VINTE E CINCO DE AGOSTO,-7.61667,-72.67319,1341,-1,0
2020,145,1074,4,1422,ESCOLA PRES. TANCREDO DE ALMEIDA NEVES,COPACABANA,-7.62331,-72.67647,1108,-1,0
2020,146,1074,4,1430,SECRETARIA DA FAZENDA ESTADUAL - SEFAZ,CENTRO,-7.6319,-72.66506,273,-1,0
2020,147,1074,4,1449,CENTRO CULTURAL DO JURUÁ,CENTRO,-7.63417,-72.66806,46,-1,1
2020,148,1074,4,1457,ESCOLA CORAZITA NEGREIROS,TELEGRAFO,-7.62452,-72.66142,1029,-1,0
2020,149,1074,4,1473,ESCOLA GOVERNADOR HUGO CARNEIRO,FLORESTA,-7.62655,-72.67452,317,-1,0
2020,150,1074,4,1481,ESCOLA ARTHUR MAIA,ARTUR MAIA,-7.62093,-72.68439,1468,-1,0
2020,151,1074,4,1490,PREFEITURA MUNICIPAL,CENTRO,-7.63417,-72.66806,91,-1,1
2020,152,1074,4,1503,SECRETARIA MUNICIPAL DE OBRAS,CENTRO,-7.63417,-72.66806,16,-1,1
2020,153,1074,4,1520,ESCOLA PROFESSORA FRANCISCA RITA DE CÁSSIA LIMA PINTO,O CRUZEIRÃO,-7.61629,-72.6687,1093,-1,0
2020,154,1074,4,1554,ESCOLA DARCY BEZERRA,AEROPORTO VELHO,-7.60211,-72.6832,2043,-1,0
2020,155,1074,4,1562,INSTITUTO CHICO MENDES DE CONSERVAÇÃO DA BIODIVERSIDADE - ICMBIO,O CRUZEIRÃO,-7.62147,-72.67022,385,-1,0
2020,156,1074,4,1570,CRECHE MARIA CIDÁLIA CORREIA LIMA DE MESSIAS,SÃO JOSÉ,-7.6105,-72.67045,894,-1,0
2020,157,1074,4,1597,ESCOLA PROFESSORA QUITA,SÃO JOSÉ,-7.61127,-72.67345,829,-1,0
2020,158,1074,4,1600,ESCOLA RÊGO BARROS,CENTRO,-7.63635,-72.67398,702,-1,0
2020,159,1074,4,1619,ESCOLA SÃO JOSÉ,MORRO DA GLÓRIA,-7.63235,-72.66998,712,-1,0
2020,160,1074,4,1643,ESCOLA JOÃO BUSSONS DE OLIVEIRA,ZONA RURAL,-7.74051,-72.48687,1339,-1,0
2020,161,1074,4,1783,ESCOLA ANTÔNIO FERREIRA GOMES,ZONA RURAL,-7.66649,-72.81269,960,-1,0
2020,162,1074,4,1791,ESCOLA MANOEL BRAZ DE MELO,ZONA RURAL,-7.58567,-72.81162,1662,-1,0
2020,163,1074,4,2089,ESCOLA CORA CORALINA,ZONA RURAL,-7.76261,-72.29482,864,-1,0
2020,164,1074,4,2097,ESCOLA AUGUSTO SEVERO,ZONA RURAL,-7.52808,-72.88198,745,-1,0
2020,165,1074,4,2100,ESCOLA EMÍDIO BRAGA DE VASCONCELOS,ZONA RURAL,-7.58091,-72.71367,966,-1,0
2020,166,1074,4,2127,ESCOLA PADRE MARCELINO CHAMPAGNAT,JOÃO ALVES,-7.63232,-72.67833,1357,-1,0
2020,167,1074,4,2135,ESCOLA MUSTAFA ALMEIDA TOBU,JOÃO ALVES,-7.6267,-72.68059,1063,-1,0
2020,168,1074,4,2143,ESCOLA ABSOLON MOREIRA,FLORESTA,-7.61238,-72.68138,1214,-1,0
2020,169,1074,4,2151,ESCOLA SETE DE SETEMBRO,ZONA RURAL,-7.59332,-72.75005,671,-1,0
2020,170,1074,4,2160,ESCOLA LUIZ ANTÔNIO MEIRIM PEDREIRA,CRUZEIRINHO NOVO,-7.6391,-72.68023,1344,-1,0
2020,171,1074,4,2186,ESCOLA SANTA LUZIA,ZONA RURAL,-7.5506,-72.7256,469,-1,0
2020,172,1074,4,2194,ESCOLA ALFREDO SAID,ZONA RURAL,-8.0238,-72.74495,346,-1,0
2020,173,1074,4,2208,ESCOLA HUMBERTO DE CAMPOS,ZONA RURAL,-7.81059,-72.43904,807,-1,0
2020,174,1074,4,2216,ESCOLA HELENA NOBRE,ZONA RURAL,-8.13368,-72.83045,200,-1,0
2020,175,1074,4,2224,ESCOLA ARTUR LEBRE II,ZONA RURAL,-8.23474,-73.18503,467,-1,0
2020,176,1074,4,2232,ESCOLA 21 DE ABRIL,MIRITIZAL,-7.64041,-72.64685,728,-1,0
2020,177,1074,4,2240,ESCOLA RAINHA DA FLORESTA,ZONA RURAL,-8.0245,-72.40203,744,-1,0
2020,178,1074,4,2259,ESCOLA JOAQUIM NOGUEIRA,ZONA RURAL,-8.06621,-72.06362,542,-1,0
2020,179,1074,4,2267,ESCOLA PADRE EGON ANGEL,ZONA RURAL,-8.10709,-72.59623,305,-1,0
2020,180,1074,4,2275,ESCOLA DION THAUMATURGO,ZONA RURAL,-7.71477,-72.7088,271,-1,0
2020,181,1074,4,2291,ESCOLA INDÍGENA TAMÃKÃYÃ,ZONA RURAL,-7.77324,-72.20169,265,-1,0
2020,182,1074,4,2305,ESCOLA 17 DE NOVEMBRO,ZONA RURAL,-7.53616,-72.84353,243,-1,0
2020,183,1074,4,2313,ESCOLA GENERAL RONDON,ZONA RURAL,-7.67759,-72.79681,170,-1,0
2020,184,1074,4,2321,ESCOLA RAIMUNDA DE OLIVEIRA AMORIM,ZONA RURAL,-7.54362,-72.77949,137,-1,0
2020,185,1074,4,2330,ESCOLA SEBASTIANA SILENE VALENTE,ZONA RURAL,-7.72066,-72.35362,176,-1,0
2020,186,1074,4,2348,ESCOLA MILITAR DOM PEDRO II,SANTA TEREZINHA,-7.5886,-72.68608,732,-1,0
2020,187,1074,4,2356,ESCOLA VISCONDE DO RIO BRANCO,ZONA RURAL,-7.63121,-72.64295,255,-1,0
2020,188,1074,4,2364,ESCOLA RUI  BARBOSA,MIRITIZAL,-7.65394,-72.67475,56,-1,0
2020,189,1074,4,2372,ESCOLA MUNICIPAL PROFESSORA NEUZA BERNARDINO DE SOUZA,ZONA RURAL,-8.08783,-72.77656,82,-1,0
2020,190,1074,4,2380,ESCOLA DE ENSINO FUNDAMENTAL ARTHUR LEBRE I,ZONA RURAL,-7.78133,-72.60232,40,-1,1
2020,191,1074,4,2399,ESCOLA RAINHA DA FLORESTA - ANEXO I,ZONA RURAL,-7.78133,-72.60232,46,-1,1
2020,192,1074,4,2402,ESCOLA MUNICIPAL RODRIGUES SILVA,ZONA RURAL,-7.78133,-72.60232,39,-1,1
2020,193,1082,4,1015,ESCOLA FRANCISCO BRAGA DE SOUZA,CENTRO,-7.73794,-72.65385,1656,38,0
2020,194,1082,4,1023,ESCOLA CUNHA VASCONCELOS,CENTRO,-7.73748,-72.64943,1097,37,0
2020,195,1082,4,1031,ESCOLA PEDRO DE MELO CORREIA,CENTRO,-7.73264,-72.64825,894,40,0
2020,196,1082,4,1040,ESCOLA POLO AGROFLORESTAL,ZONA RURAL,-7.68842,-72.95263,242,-1,0
2020,197,1082,4,1058,ESCOLA MARIA LIGIA DE MATOS DA SILVA,CENTRO,-7.73768,-72.64906,581,39,0
2020,198,1082,4,1066,ESCOLA PADRE RAIMUNDO AGNALDO PEREIRA TRINDADE,CENTRO,-7.72999,-72.64922,870,40,0
2020,199,1082,4,1074,ESCOLA INENCI MORORO DE OLIVEIRA,ZONA RURAL,-7.87481,-72.75919,755,-1,0
2020,200,1082,4,1082,ESCOLA MARECHAL RONDON,ZONA RURAL,-7.75893,-72.85435,293,-1,0
2020,201,1082,4,1090,ESCOLA MANOEL CARNEIRO DE MESSIAS,ZONA RURAL,-7.77283,-72.64577,643,-1,0
2020,202,1082,4,1104,ESCOLA SANTA CLARA,ZONA RURAL,-7.82159,-72.66495,846,-1,0
2020,203,1082,4,1112,ESCOLA MARGARIDA PEDREIRA,ZONA RURAL,-7.87727,-72.90646,515,-1,0
2020,204,1082,4,1120,ESCOLA RAIMUNDO ALVES DA COSTA I,ZONA RURAL,-7.87237,-73.07379,163,-1,0
2020,205,1082,4,1139,ESCOLA MARIA LIZETE DE OLIVEIRA MOURA,ZONA RURAL,-7.94593,-72.94312,353,-1,0
2020,206,1082,4,1147,ESCOLA HIDELBRANDO FABRÍCIO ÂNGELO,ZONA RURAL,-7.74594,-72.89835,233,-1,0
2020,207,1082,4,1155,ESCOLA EDSON MOURA,ZONA RURAL,-7.85785,-72.93301,264,-1,0
2020,208,1082,4,1163,ESCOLA FRANCISCO ENEAS CORREIA DE SOUZA,ZONA RURAL,-7.90909,-72.85328,199,-1,0
2020,209,1082,4,1171,ESCOLA JOSÉ MORORÓ DE OLIVEIRA,ZONA RURAL,-7.78587,-73.03162,278,-1,0
2020,210,1082,4,1180,ESCOLA SÃO JOSÉ II,ZONA RURAL,-7.69737,-72.84097,157,-1,0
2020,211,1082,4,1198,ESCOLA PAULO FREIRE ANEXO I,ZONA RURAL,-7.78096,-72.75889,206,-1,0
2020,212,1082,4,1201,ESCOLA GODOFREDO SAMPAIO,ZONA RURAL,-7.81,-72.63969,307,-1,0
2020,213,1082,4,1210,ESCOLA NUNES CORREIA,ZONA RURAL,-7.85351,-72.7342,289,-1,0
2020,214,1082,4,1228,ESCOLA JÚLIA MARIA DE SANTANA AMORIM,CENTRO,-7.7372,-72.65668,301,38,0
2020,215,1082,4,1236,ESCOLA MARIA DIONE BERNARDO MOTA,ZONA RURAL,-7.72592,-72.74007,244,-1,0
2020,216,1082,4,1260,ESCOLA PEDRO DOMINGOS DE CARVALHO,ZONA RURAL,-7.81051,-72.83708,2,-1,1
2020,217,1090,4,1015,ESCOLA JOSE BERNARDO DE SOUZA,CENTRO,-7.61286,-72.90123,525,-1,0
2020,218,1090,4,1023,SECRETARIA DE ACAO SOCIAL,JOSE MARTINS,-7.61187,-72.91159,502,-1,0
2020,219,1090,4,1031,ESCOLA PADRE EDSON OLIVEIRA DANTAS,CENTRO,-7.60871,-72.90898,1030,-1,0
2020,220,1090,4,1040,COORDENACAO DE ENSINO,CENTRO,-7.61275,-72.89988,288,-1,0
2020,221,1090,4,1058,ESCOLA ANTONIO DE OLIVEIRA DANTAS,SAO VIDAL,-7.61453,-72.90907,1334,-1,0
2020,222,1090,4,1066,CAMARA MUNICIPAL,CENTRO,-7.61111,-72.9038,327,-1,0
2020,223,1090,4,1074,ESCOLA JOSE SENA,ZONA RURAL,-7.71998,-73.34453,308,-1,0
2020,224,1090,4,1090,ESCOLA JOSEFA DE QUEIROZ,ZONA RURAL,-7.4558,-73.64409,201,-1,0
2020,225,1090,4,1112,PREFEITURA MUNICIPAL,CENTRO,-7.60779,-72.90629,350,-1,0
2020,226,1090,4,1120,ESCOLA FRANCISCO FREIRE DE CARVALHO,SAO FRANCISCO,-7.59588,-72.92491,2235,-1,0
2020,227,1090,4,1139,ESCOLA BELARMINO DE MENDONCA,CENTRO,-7.61362,-72.9022,951,-1,0
2020,228,1090,4,1147,ESCOLA ARTUR LEBRE,GUARANI,-7.62568,-72.8804,1680,-1,0
2020,229,1090,4,1163,ESCOLA PEDRO ANTONIO DE OLIVEIRA,ZONA RURAL,-7.43426,-73.45852,460,-1,0
2020,230,1090,4,1180,ESCOLA JOAO SABINO DA ROCHA,ZONA RURAL,-7.50342,-73.26895,160,-1,0
2020,231,1090,4,1198,ESCOLA IXUBÃY RABUY PUYANAWA,ZONA RURAL,-7.52611,-73.00561,437,-1,0
2020,232,1090,4,1201,ESCOLA VENINA BATISTA SIRQUEIRA,ZONA RURAL,-7.46512,-72.9598,688,-1,0
2020,233,1090,4,1210,ESCOLA PEDRO DE MORAES,ZONA RURAL,-7.41811,-73.22485,521,-1,0
2020,234,1090,4,1228,ESCOLA GLÓRIA SORIANO ROSAS,ZONA RURAL,-7.39738,-73.04604,209,-1,0
2020,235,1090,4,1236,ESCOLA LUIZ DE FONTES,ZONA RURAL,-7.55809,-72.97949,235,-1,0
2020,236,1090,4,1244,ESCOLA JOAQUIM GENEROSO DE OLIVEIRA,IRACEMA,-7.58911,-72.93655,700,-1,0
2020,237,1104,5,1023,PREFEITURA MUNICIPAL,CENTRO,-9.19065,-71.95171,503,-1,0
2020,238,1104,5,1031,ESCOLA MANOEL RODRIGUES DE FARIAS,CENTRO,-9.1907,-71.94814,1169,-1,0
2020,239,1104,5,1040,CAMARA MUNICIPAL,CENTRO,-9.19047,-71.95124,475,-1,0
2020,240,1104,5,1058,ESCOLA DE ENSINO FUNDAMENTAL ATALIBA XIMENES ARAGAO,ZONA RURAL,-9.23052,-71.65067,409,-1,0
2020,241,1104,5,1066,ESCOLA DE ENSINO FUNDAMENTAL CORONEL FLORENCIO DA CUNHA,ZONA RURAL,-8.82431,-71.81518,448,-1,0
2020,242,1104,5,1074,ALDEIA INDIGENA BOA VISTA,ZONA RURAL,-9.34183,-72.07283,532,-1,0
2020,243,1104,5,1082,ESCOLA JAIRO DE FIGUEIREDO MELO,CENTRO,-9.19061,-71.95036,1430,-1,1
2020,244,1104,5,1090,ESCOLA PRÉ-ESCOLAR 12 DE OUTUBRO,CENTRO,-9.19061,-71.95036,243,-1,1
2020,245,1112,6,1015,ESCOLA BRASIL BOLIVIA,CENTRO,-11.02973,-68.74054,1206,15,0
2020,246,1112,6,1031,ESCOLA JOANA RIBEIRO AMED,CENTRO,-11.02857,-68.73743,1465,15,0
2020,247,1112,6,1058,ESCOLA RAIMUNDA DA CUNHA AIRES,JOSE HASSEM,-11.03154,-68.74939,1442,19,0
2020,248,1112,6,1210,ESCOLA JOAO PEDRO DA SILVA,LIBERDADE,-11.0241,-68.74095,1219,20,0
2020,249,1112,6,1252,ESCOLA LUIZ GONZAGA DA ROCHA - KM 09 VILA PROGRESSO,ZONA RURAL,-11.03109,-68.6665,328,-1,0
2020,250,1112,6,1279,ESCOLA SANTA FÉ - KM 52 ESTRADA VELHA (GUAJARÁ),ZONA RURAL,-10.94978,-68.52323,184,-1,0
2020,251,1112,6,1287,ESCOLA JOSÉ HASSEM HALL FILHO,SATEL,-11.02415,-68.74838,653,23,0
2020,252,1112,6,1295,NÚCLEO ESTADUAL DE EDUCAÇÃO / SEE,CENTRO,-11.02848,-68.73848,585,15,0
2020,253,1112,6,1309,ESCOLA BELA FLOR,AEROPORTO,-11.0301,-68.73492,1774,15,0
2020,254,1112,6,1317,ESCOLA CASTELO BRANCO - KM 20,ZONA RURAL,-10.96078,-68.59467,637,-1,0
2020,255,1112,6,1325,ESCOLA JOSÉ BENÍCIO MOREIRA - KM 37 ESTRADA VELHA (PRATA),ZONA RURAL,-11.02035,-68.48802,197,-1,0
2020,256,1112,6,1333,ESCOLA ALCINO MONTEIRO DE OLIVEIRA - KM 33 (MATO GROSSO),ZONA RURAL,-10.90319,-68.4574,297,-1,0
2020,257,1112,6,1368,ESCOLA BELO PORVIR,FONTINELE DE CASTRO,-11.03577,-68.74408,613,21,0
2020,258,1112,6,1376,ESCOLA LAGO - KM 05 MAIS 28 DE RAMAL (SERINGAL PORONGABA),ZONA RURAL,-10.8097,-68.77508,194,-1,0
2020,259,1112,6,1392,ESCOLA INFANTIL COSMA DE AZEVEDO MARQUES,SATEL,-11.02027,-68.74635,363,23,0
2020,260,1112,6,1406,ESCOLA SEBASTIÃO BRANDÃO DO NASCIMENTO,AEROPORTO,-11.03034,-68.73863,388,15,0
2020,261,1112,6,1414,ESCOLA JOSÉ JOAQUIM MEIRELES,ZONA RURAL,-10.85717,-68.67239,187,-1,0
2020,262,1120,8,1015,ESCOLA ALTINA MAGALHAES,ZONA RURAL,-9.82757,-66.88068,958,-1,0
2020,263,1120,8,1023,ESCOLA  DE 1 GRAU PROF PEDRO DE CASTRO MEIRELES,CENTRO,-10.07847,-67.05594,1077,-1,0
2020,264,1120,8,1031,ESCOLA DE 1 GRAU MARIA DE JESUS RIBEIRO,ZONA RURAL,-10.00729,-67.03876,598,-1,0
2020,265,1120,8,1040,ESCOLA SANTA LUCIA III,ZONA RURAL,-9.81228,-67.09381,1024,-1,0
2020,266,1120,8,1058,CRECHE MUNICIPAL,CENTRO,-10.07714,-67.05579,677,-1,0
2020,267,1120,8,1066,ESCOLA NOVO HORIZONTE,CENTRO,-10.07427,-67.05851,744,-1,0
2020,268,1120,8,1074,ESCOLA MARCILIO PONTES DOS SANTOS,CENTRO,-10.07284,-67.0487,1243,-1,0
2020,269,1120,8,1112,CENTRO DE TRABALHADORES DA AMAZÔNIA,ZONA RURAL - CTA,-10.01105,-66.77385,141,-1,0
2020,270,1120,8,1120,ESC MUN CEN ENS FUN RITA BOCALON RODRIGUES,CENTRO,-10.0763,-67.05188,1361,-1,0
2020,271,1120,8,1139,POLO UNIVERSITARIO DA UAB,CENTRO,-10.07339,-67.05453,517,-1,0
2020,272,1120,8,1180,ESCOLA MUNICIPAL JAIME ALENCAR,ZONA RURAL - PORTO LUIZ I E II,-9.98911,-66.93384,243,-1,0
2020,273,1120,8,1198,COLÉGIO AGRÍCOLA,ZONA RURAL - RAMAL PROGRESSO,-9.84971,-66.8487,110,-1,0
2020,274,1120,8,1210,CENTRO DE REFERENCIA E ASSISTENCIA SOCIAL - CRAS,CENTRO,-10.07811,-67.05564,476,-1,0
2020,275,1139,7,1031,ESCOLA DE SEGUNDO GRAU JOSE GURGEL RABELO,CIDADE NOVA,-8.16586,-70.3504,2575,27,0
2020,276,1139,7,1040,GINASIO IMACULADA CONCEICAO,CENTRO,-8.16846,-70.35626,1369,26,0
2020,277,1139,7,1058,GRUPO ESCOLAR PREFEITO RAIMUNDO AUGUSTO DE ARAUJO,CENTRO,-8.1619,-70.35006,2399,34,0
2020,278,1139,7,1074,COMPLEXO ESCOLAR NANZIO MAGALHAES,CIDADE NOVA,-8.16757,-70.35053,1602,27,0
2020,279,1139,7,1112,ESCOLA FRANCISCO NUNES LEITÃO,SEGUNDO DISTRITO,-8.17037,-70.35002,947,27,0
2020,280,1139,7,1147,PRE-ESCOLAR TOPPO GIGGIO,CENTRO,-8.16835,-70.34361,519,30,0
2020,281,1139,7,1163,ESCOLA VICENTE CELSO BRANDAO,BELA VISTA,-8.15892,-70.3518,2385,25,0
2020,282,1139,7,1171,ESCOLA DE ENSINO FUNDAMENTAL SEVERINO CORDEIRO,ESPERANÇA,-8.16704,-70.3442,2400,30,0
2020,283,1139,7,1180,ESCOLA DE ENSINO FUNDAMENTAL DR. EIRALDO CARNEIRO DE FRANCA,COHAB I,-8.1956,-70.34476,1149,36,1
2020,284,1139,7,1198,ESCOLA ANTÔNIO FENELON DE OLIVEIRA,ZONA RURAL,-8.5128,-70.04855,551,-1,0
2020,285,1139,7,1201,ESCOLA PAULINO FEIJO DE MELO,ZONA RURAL,-8.46495,-70.55173,372,-1,0
2020,286,1139,7,1210,ESCOLA MUNICIPAL MANOEL VENANCIO BARBOSA,ZONA RURAL,-7.96015,-69.94614,429,-1,0
2020,287,1139,7,1228,ESCOLA MUNICIPAL DE ENSINO FUNDAMENTAL RAIMUNDO PRADO,ZONA RURAL,-9.16744,-70.85247,402,-1,0
2020,288,1139,7,1236,ESCOLA MUNICIPAL DE ENSINO FUNDAMENTAL DONA TEREZA DE CARVALHO,ZONA RURAL,-8.90495,-70.85959,283,-1,0
2020,289,1139,7,1244,ESCOLA MUNICIPAL DE EDUCACAO INFANTIL MENINO JESUS,NAIR ARAUJO,-8.17086,-70.35396,1216,33,0
2020,290,1139,7,1252,ESCOLA KAXINAWA HUNIKUI SIA,ZONA RURAL,-8.08329,-70.31974,275,-1,0
2020,291,1139,7,1260,ESCOLA TAKEHAYNE SHANENAWA,ZONA RURAL,-8.15893,-70.37101,294,35,1
2020,292,1139,7,1279,ESCOLA JOSE FERREIRA FILHO,ZONA RURAL,-8.8653,-70.59477,364,-1,0
2020,293,1139,7,1287,ESCOLA HANANERA,ZONA RURAL,-9.39784,-71.22327,345,-1,0
2020,294,1139,7,1295,ESCOLA IVO NEVES,ZONA RURAL,-8.29424,-70.36815,137,-1,0
2020,295,1139,7,1309,ESCOLA MUNICIPAL ARLETE ALMEIDA,ZONA RURAL,-8.66368,-70.70157,143,-1,0
2020,296,1139,7,1317,ESCOLA NOVA OLINDA,ZONA RURAL,-9.10163,-70.71797,238,-1,0
2020,297,1139,7,1325,CENTRO DE REFERÊNCIA DE ASSISTÊNCIA SOCIAL - CRAS,CENTRO,-8.16885,-70.35837,1123,26,0
2020,298,1139,7,1333,UNIVERSIDADE FEDERAL DO ACRE - UFAC,CIDADE NOVA,-8.1662,-70.35138,44,27,0
2020,299,1392,1,1031,COLÉGIO ESTADUAL BARÃO DO RIO BRANCO,CENTRO,-9.9731,-67.81026,1966,-1,0
2020,300,1392,1,1058,INSTITUTO BRASILEIRO DE GEOGRAFIA E ESTATISTICA - IBGE,CENTRO,-9.97507,-67.80802,280,-1,0
2020,301,1392,1,1066,OCA RIO BRANCO,CENTRO,-9.97278,-67.80661,2172,-1,0
2020,302,1392,1,1074,CENTRO DE EDUCAÇÃO DE JOVENS E ADULTOS - CEJA,CENTRO,-9.97717,-67.80957,784,-1,0
2020,303,1392,1,1090,PREFEITURA MUNICIPAL DE RIO BRANCO,CENTRO,-9.97246,-67.80998,1473,-1,0
2020,304,1392,1,1120,GABINETE MILITAR DO GOVERNO DO ACRE,CENTRO,-9.97288,-67.80806,129,-1,0
2020,305,1392,1,1139,COLEGIO ACREANO,CENTRO,-9.97417,-67.80622,1448,-1,0
2020,306,1392,1,1171,DERACRE,SEGUNDO DISTRITO,-9.98479,-67.80626,1011,-1,0
2020,307,1392,1,1180,SECRETARIA DE ESTADO DE SAÚDE - SESACRE,CENTRO,-9.97468,-67.80755,712,-1,0
2020,308,1392,1,1236,ESCOLA DR. CARLOS VASCONCELOS,QUINZE,-9.98995,-67.81106,1651,-1,0
2020,309,1392,1,1260,ESCOLA PROF. MARILENA MANSOUR (ANTIGA IRACEMA GOMES PEREIRA),QUINZE,-9.986,-67.81201,1034,-1,0
2020,310,1392,1,1279,ESCOLA MENINO JESUS,CENTRO,-9.97485,-67.80707,1437,-1,0
2020,311,1392,1,1295,ESCOLA ESTADUAL PROFESSORA TEREZINHA MIGUÉIS,CIDADE NOVA,-9.98461,-67.8178,1834,-1,0
2020,312,1392,1,1317,ESCOLA PROF JOSE RODRIGUES LEITE - ETICA,CENTRO,-9.97469,-67.80816,1431,-1,0
2020,313,1392,1,1325,CÂMARA MUNICIPAL DE RIO BRANCO,SEIS DE AGOSTO,-9.97945,-67.80666,651,-1,0
2020,314,1392,1,1384,ESCOLA ANITA GARIBALDI,TRIÂNGULO VELHO,-9.98936,-67.80914,998,-1,0
2020,315,1392,1,1465,INSTITUTO IMACULADA CONCEICAO - CENEC,QUINZE,-9.98469,-67.81105,1103,-1,0
2020,316,1392,1,1473,INSTITUTO SAO JOSE,CENTRO,-9.97445,-67.81163,1091,-1,0
2020,317,1392,1,1490,PALACIO DAS SECRETARIAS,CENTRO,-9.97483,-67.80905,401,-1,0
2020,318,1392,1,1503,EMPRESA BRASILEIRA DE CORREIOS E TELEGRÁFOS,CENTRO,-9.9765,-67.80805,120,-1,0
2020,319,1392,1,1546,SECRETARIA DA FAZENDA,CENTRO,-9.97506,-67.80843,641,-1,0
2020,320,1392,1,1554,CONSELHO REGIONAL DE ENFERMAGEM - COREN,CENTRO,-9.97131,-67.81335,477,-1,0
2020,321,1392,1,1589,SECRETARIA DE ESTADO DE OBRAS PÚBLICAS - SEOP,SEGUNDO DISTRITO,-9.98515,-67.80628,652,-1,0
2020,322,1392,1,1600,"SECRETARIA DE ESTADO DE EDUCAÇÃO, CULTURA E ESPORTE",CENTRO,-9.97174,-67.81184,722,-1,0
2020,323,1392,1,1643,ESCOLA LOURIVAL PINHO,TRIÂNGULO VELHO,-9.98786,-67.80944,1633,-1,0
2020,324,1392,1,1651,SESC - SERVICO SOCIAL DO COMERCIO,CENTRO,-9.9748,-67.81113,433,-1,0
2020,325,1392,1,1694,COLEGIO DE APLICACAO DA UFAC,CENTRO,-9.97147,-67.81088,1090,-1,0
2020,326,1392,1,1708,FORUM BARAO DO RIO BRANCO,CENTRO,-9.97605,-67.81027,1154,-1,0
2020,327,1392,1,1759,ESCOLA RURAL ERCÍLIA FEITOSA GOMES,ZONA RURAL,-10.01413,-67.6732,437,-1,0
2020,328,1392,1,1783,ESCOLA RURAL CAPITÃO EDGARD CERQUEIRA FILHO,ZONA RURAL,-10.00876,-67.50105,758,-1,0
2020,329,1392,1,1848,ESCOLA DEPUTADO RAIMUNDO HERMINIO DE MELO,ZONA RURAL,-10.01491,-67.71749,1266,-1,0
2020,330,1392,1,1856,ESCOLA JOAO MARIANO,TAQUARI,-10.00555,-67.8219,1327,-1,0
2020,331,1392,1,1872,ESCOLA ROBERTO SANCHES MUBARAC,SEIS DE AGOSTO,-9.97767,-67.80232,1854,-1,0
2020,332,1392,1,1929,ESCOLA GEORGETE ELUAN KALUME,CADEIA VELHA,-9.97217,-67.79474,1543,-1,0
2020,333,1392,1,1961,DELEGACIA DO MINISTERIO DO TRABALHO,CENTRO,-9.97381,-67.80756,342,-1,0
2020,334,1392,1,1988,INSTITUTO DO MEIO AMBIENTE DO ACRE-IMAC,CENTRO,-9.9719,-67.80868,543,-1,0
2020,335,1392,1,1996,ESCOLA ZULEIDE PEREIRA DE SOUZA,VILA ACRE,-10.02418,-67.7987,1727,-1,0
2020,336,1392,1,2054,SENAI,CADEIA VELHA,-9.97216,-67.79428,1932,-1,0
2020,337,1392,1,2089,ESCOLA MADRE HILDEBRANDA DO PRA,CIDADE NOVA,-9.98105,-67.81437,1337,-1,0
2020,338,1392,1,2100,ESCOLA ALEXANDRE DOS SANTOS LEITAO,CENTRO,-9.97608,-67.80714,353,-1,0
2020,339,1392,1,2313,ESCOLA LEONCIO DE CARVALHO,VILA ACRE,-10.04738,-67.79138,1374,-1,0
2020,340,1392,1,2321,ASSEMBLEIA LEGISLATIVA DO ACRE,CENTRO,-9.97574,-67.80949,384,-1,0
2020,341,1392,1,2402,ESCOLA ANA TURAM MACHADO FALCAO,CIDADE NOVA,-9.98229,-67.81603,1207,-1,0
2020,342,1392,1,2461,TRIBUNAL REGIONAL DO TRABALHO - TRT,CENTRO,-9.9758,-67.80986,241,-1,0
2020,343,1392,1,2470,ESCOLA ANTONIA FERNANDES DE FREITAS,SANTA INÊS,-10.00737,-67.79442,1386,-1,0
2020,344,1392,1,2488,BIBLIOTECA PÚBLICA ESTADUAL,CENTRO,-9.97358,-67.81012,305,-1,0
2020,345,1392,1,2500,INSS - AGÊNCIA CENTRO,CENTRO,-9.97164,-67.81124,362,-1,0
2020,346,1392,1,2526,ESCOLA ELIAS MANSOUR,TAQUARI,-9.99846,-67.81735,1000,-1,0
2020,347,1392,1,2534,ESCOLA OSCAR FELICIO DE SOUZA,VILA ALBERT SAMPAIO,-10.01641,-67.69933,626,-1,0
2020,348,1392,1,2542,ESCOLA PAULO FREIRE,BELO JARDIM II,-10.01052,-67.77689,2058,-1,0
2020,349,1392,1,2550,ESCOLA PROF. SEBASTIÃO PEDROSA (ARENA DA FLORESTA),COMARA,-9.99776,-67.80571,1427,-1,0
2020,350,1392,1,2569,ESCOLA MARIA ANGÉLICA DE CASTRO,CENTRO,-9.98006,-67.80719,1782,-1,0
2020,351,1392,1,2577,ESCOLA JOSE CHALUB LEITE,AREAL,-10.00277,-67.80088,1048,-1,0
2020,352,1392,1,2585,DNIT - SUPERINTENDÊNCIA REGIONAL NO ACRE,BAIRRO DA CORRENTE,-10.01197,-67.79519,1025,-1,0
2020,353,1392,1,2615,SECRETARIA DE ESTADO DE COMUNICAÇÃO - SECOM,CENTRO,-9.97387,-67.81071,227,-1,0
2020,354,1392,1,2658,CADES (ANTIGA SECTAS),CENTRO,-9.97189,-67.81079,214,-1,0
2020,355,1392,1,2666,ESCOLA SANTO ANTONIO II,ZONA RURAL,-9.96729,-67.73109,774,-1,0
2020,356,1392,1,2674,ESCOLA BENFICA,VILA ACRE,-10.04699,-67.79107,1023,-1,0
2020,357,1392,1,2690,SEST/SENAT,VILA ACRE,-10.02717,-67.79888,1393,-1,0
2020,358,1392,1,2712,ESCOLA PROFESSOR JOSUÉ FERNANDES,RECANTO DOS BURITIS,-10.00285,-67.79322,1360,-1,0
2020,359,1392,1,2720,ESCOLA DUQUE DE CAXIAS,BELO JARDIM II,-10.01144,-67.77425,1381,-1,0
2020,360,1392,1,2755,SECRETARIA DE ESTADO DE MEIO AMBIENTE - SEMA,CENTRO,-9.97439,-67.8078,212,-1,0
2020,361,1392,1,2763,ESCOLA DR. JOSÉ CARVALHO,VILA ACRE,-10.06267,-67.78026,606,-1,0
2020,362,1392,1,2771,ESCOLA RURAL SÃO PEDRO I,ZONA RURAL,-10.0888,-67.82046,446,-1,0
2020,363,1392,1,2780,ESCOLA MAURICILA SANTANA,VILA BENFICA,-10.06909,-67.80026,588,-1,0
2020,364,1392,1,2798,ESCOLA BELO JARDIM,BELO JARDIM I,-10.00892,-67.77529,880,-1,0
2020,365,1392,1,2801,ESCOLA SANTA MARIA II,SANTA MARIA,-10.04871,-67.7713,905,-1,0
2020,366,1392,1,2810,IDAF - VILA ACRE,VILA ACRE,-10.0232,-67.79867,1170,-1,0
2020,367,1392,1,2828,ACREPREVIDÊNCIA,CERÂMICA,-9.97269,-67.80261,559,-1,0
2020,368,1392,1,2836,CENTRO DE SAUDE CLAUDIA VITORINO,TAQUARI,-9.99633,-67.8077,677,-1,0
2020,369,1392,1,2844,ESCOLA RURAL BEIJA-FLOR,BELO JARDIM II,-10.00175,-67.77164,565,-1,0
2020,370,1392,1,2852,ESCOLA RURAL RUY AZEVEDO,ZONA RURAL,-10.04013,-67.83295,411,-1,0
2020,371,1392,1,2860,ESCOLA DJANIRA BEZERRA DOS REIS,TAQUARI,-10.00891,-67.83012,301,-1,0
2020,372,1392,1,2895,ESCOLA PROF RAIMUNDA SILVA PARÁ,CIDADE DO POVO,-10.02536,-67.75325,1695,-1,0
2020,373,1392,1,2909,CGU,TRIÂNGULO NOVO,-10.00448,-67.80738,346,-1,0
2020,374,1392,1,2917,ESCOLA MARIA IZALIZ CORREIA TEIXEIRA,SANTA INÊS,-10.00026,-67.79507,389,-1,0
2020,375,1392,1,2941,ESCOLA MUNICIPAL BOM JESUS,TAQUARI,-10.01702,-67.8231,54,-1,0
2020,376,1392,1,2950,UNIDADE DE SAÚDE MARIA DE JESUS DE ANDRADE,TAQUARI,-10.00816,-67.82574,190,-1,0
2020,377,1392,1,2968,ESCOLA CARMELITA BARBOSA MONTENEGRO,VILA ACRE,-10.03619,-67.80012,499,-1,0
2020,378,1392,1,2976,URAP  EDUARDO ASSMAR,QUINZE,-9.98589,-67.81146,104,-1,0
2020,379,1392,1,2984,ESCOLA DE EDUCAÇÃO INFANTIL WILLY VIANA DAS NEVES,CIDADE NOVA,-9.98194,-67.81729,75,-1,0
2020,380,1392,1,3000,CRAS CIDADE NOVA,CIDADE NOVA,-9.98098,-67.81637,157,-1,0
2020,381,1392,1,3018,CEU - CENTRO DE ESPORTES UNIFICADO,CIDADE NOVA,-9.98141,-67.81655,134,-1,0
2020,382,1392,1,3026,UNIDADE BÁSICA DE SAÚDE MARIA DA CONCEIÇÃO,BELO JARDIM I,-10.00806,-67.7841,380,-1,0
2020,383,1392,1,3034,MINISTÉRIO DA AGRICULTURA - MAPA,CORRENTE,-10.0193,-67.7974,771,-1,0
2020,384,1392,1,3042,FACULDADE DE TEOLOGIA E FILOSOFIA SINAL,RESIDENCIAL SANTO AFONSO,-10.01927,-67.78275,646,-1,0
2020,385,1392,1,3050,CENTRO DE EDUCAÇÃO SUPERIOR DO ACRE (ANTIGA FACULDADE BETEL),CANAÃ,-9.99339,-67.79517,141,-1,0
2020,386,1392,1,3069,ESCOLA DONA MOZINHA FEITOSA,CANAÃ,-9.99094,-67.79497,106,-1,0
2020,387,1392,1,3093,ESCOLA MANOEL MACHADO,BELO JARDIM I,-9.98126,-67.79132,326,-1,0
2020,388,1392,1,3115,ESCOLA TUFIC ASSMAR,SANTA MARIA,-10.06322,-67.74405,251,-1,0
2020,389,1392,1,3174,ESCOLA CLARICE FECURY,SANTA INÊS,-10.00912,-67.79871,1968,-1,0
2020,390,1392,1,3247,ESCOLA MUNICIPAL MONTE CASTELO,APOLÔNIO SALES,-9.92578,-67.81235,1163,-1,0
2020,391,1392,1,3255,ESCOLA CASTELO BRANCO,AVIÁRIO,-9.96757,-67.8033,1362,-1,0
2020,392,1392,1,3263,UNIDADE DE SAÚDE FRANCISCO RONEY MEIRELES,VILA IVONETE,-9.93334,-67.82561,683,-1,0
2020,393,1392,1,3280,INCRA - INSTITUTO NACIONAL DE COLONIZAÇÃO E REFORMA AGRÁRIA,AVIÁRIO,-9.96543,-67.80259,1727,-1,0
2020,394,1392,1,3298,ESCOLA NEUTEL MAIA,BOSQUE,-9.96671,-67.81743,1698,-1,0
2020,395,1392,1,3301,ESCOLA ESTADUAL PROFESSOR RAIMUNDO BORGES,CHICO MENDES,-9.94134,-67.80447,994,-1,0
2020,396,1392,1,3310,ESCOLA SAMUEL BARREIRA,BOSQUE,-9.95936,-67.80646,1625,-1,0
2020,397,1392,1,3328,ESCOLA RAIMUNDO MELO,RAIMUNDO MELO,-9.94271,-67.82102,1747,-1,0
2020,398,1392,1,3336,ESCOLA PIMENTEL GOMES,SÃO FRANCISCO,-9.94889,-67.79499,1551,-1,0
2020,399,1392,1,3344,ESCOLA PROFESSORA CLÍCIA GADELHA,SÃO FRANCISCO,-9.94815,-67.79485,1356,-1,0
2020,400,1392,1,3352,ESCOLA JORGE FELIX LAVOCAT,TROPICAL,-9.95858,-67.79428,1327,-1,0
2020,401,1392,1,3360,ESCOLA  MOZART DONIZETE,VILA IVONETE,-9.95047,-67.82429,1688,-1,0
2020,402,1392,1,3379,ESCOLA BERTA VIEIRA DE ANDRADE,SÃO FRANCISCO,-9.95251,-67.79659,2022,-1,0
2020,403,1392,1,3387,IDAF - AVIÁRIO,AVIÁRIO,-9.96649,-67.80315,559,-1,0
2020,404,1392,1,3395,INSS - AGÊNCIA DO BOSQUE,BOSQUE,-9.96627,-67.81322,696,-1,0
2020,405,1392,1,3409,"SEC. EST. DE DESENV. FLORESTAL, DA IND., DO COM., E SERV. SUSTENTÁVEIS",BOSQUE,-9.96202,-67.81489,330,-1,0
2020,406,1392,1,3425,ESCOLA LINDAURA MARTINS LEITÃO,JARDIM ELDORADO,-9.93825,-67.8022,1348,-1,0
2020,407,1392,1,3433,ESCOLA ESTADUAL IZA MELLO,SÃO FRANCISCO,-9.95236,-67.79763,1517,-1,0
2020,408,1392,1,3441,ESCOLA MARIANA DA SILVA OLIVEIRA (ANTIGA NAZARÉ DOURADO),PLACAS,-9.93262,-67.82095,926,-1,0
2020,409,1392,1,3450,CENTRO DE SAÚDE VILA IVONETE,VILA IVONETE,-9.9502,-67.82446,345,-1,0
2020,410,1392,1,3468,ESCOLA GLÓRIA PEREZ,XAVIER MAIA,-9.93907,-67.8137,2135,-1,0
2020,411,1392,1,3476,SDA - DEPART. DE PRODUCAO ANIMAL,AVIÁRIO,-9.96689,-67.80331,390,-1,0
2020,412,1392,1,3492,ESCOLA HUMBERTO SOARES,JOSÉ AUGUSTO,-9.96564,-67.80843,1523,-1,0
2020,413,1392,1,3506,ESCOLA TEODOLINA FALCAO MACEDO,PLACAS,-9.94489,-67.81226,1653,-1,0
2020,414,1392,1,3514,FEDERAÇÃO DO COMÉRCIO - FECOMÉRCIO/AC,VILA IVONETE,-9.95618,-67.81786,127,-1,0
2020,415,1392,1,3522,SENAC,BOSQUE,-9.95685,-67.81552,894,-1,0
2020,416,1392,1,3530,UMARB - UNIÃO MUNICIPAL DAS ASSOCIAÇÕES DE MORADORES DE RIO BRANCO,CENTRO,-9.96949,-67.81056,87,-1,0
2020,417,1392,1,3549,ESCOLA MARIA LÚCIA MOURA MARIN,MORADA DO SOL,-9.96311,-67.79491,1136,-1,0
2020,418,1392,1,3557,ESCOLA AGNALDO MORENO (ANTIGA MARILENA MANSOUR),ZONA RURAL,-9.88446,-67.68009,510,-1,0
2020,419,1392,1,3573,ESCOLA MUNICIPAL LUIZA CARNEIRO DANTAS,SÃO FRANCISCO,-9.95382,-67.79816,1316,-1,0
2020,420,1392,1,3581,INSTITUTO DE EDUCACAO LOURENCO FILHO,VILA IVONETE,-9.95324,-67.81908,1374,-1,0
2020,421,1392,1,3590,ESCOLA VOVO MOCINHA,PLACAS,-9.93939,-67.81478,1378,-1,0
2020,422,1392,1,3603,SECRETARIA DE ARTICULAÇÃO INSTITUCIONAL - SAI (ANTIGO PEQ. NEGOCIOS),CENTRO,-9.97099,-67.81096,516,-1,0
2020,423,1392,1,3611,UNOPAR (ANTIGO COLÉGIO RENASCER),AVIÁRIO,-9.96783,-67.80278,942,-1,0
2020,424,1392,1,3620,IAPEN - INSTITUTO DE ADMINISTRAÇÃO PENITENCIÁRIA ESTADUAL,BOSQUE,-9.96681,-67.81308,562,-1,0
2020,425,1392,1,3638,ESCOLA DOM GIOCONDO MARIA GROTTI,BOSQUE,-9.95972,-67.80881,1013,-1,0
2020,426,1392,1,3646,COHAB-ACRE,BOSQUE,-9.96045,-67.8104,943,-1,0
2020,427,1392,1,3662,ESCOLA LUIZ DE CARVALHO FONTENELLE,BOSQUE,-9.96066,-67.81889,525,-1,0
2020,428,1392,1,3670,FUNDAÇÃO NACIONAL DE SAUDE - FUNASA,BOSQUE,-9.96127,-67.8203,927,-1,0
2020,429,1392,1,3689,SEME - SECRETARIA MUNICIPAL DE EDUCAÇÃO,BOSQUE,-9.95983,-67.81217,1497,-1,0
2020,430,1392,1,3697,PROCURADORIA GERAL DO ESTADO DO ACRE - PGE/AC,VILA IVONETE,-9.95326,-67.81886,433,-1,0
2020,431,1392,1,3700,ESCOLA DR. MARIO DE OLIVEIRA,CERÂMICA,-9.97127,-67.80403,1644,-1,0
2020,432,1392,1,3719,UNIDADE DE SAÚDE DA FAMÍLIA - VITÓRIA,CHICO MENDES,-9.94519,-67.80064,336,-1,0
2020,433,1392,1,3735,CENTRO EDUCACIONAL LATU-SENSU(ANTIGO COLÉGIO SANTA MARIA),TROPICAL,-9.96043,-67.79553,1370,-1,0
2020,434,1392,1,3743,ESCOLA PADRE CARLOS CASAVECCHIA,XAVIER MAIA,-9.93258,-67.82013,1401,-1,0
2020,435,1392,1,3751,INSTITUTO FEDERAL DO ACRE - IFAC,XAVIER MAIA,-9.93129,-67.81793,2750,-1,0
2020,436,1392,1,3778,ESCOLA FREI ANDRÉ MARIA FICARELLI,CIDADE DO POVO,-10.02677,-67.75449,248,-1,0
2020,437,1392,1,3786,ESCOLA PROFESSORA CRISTINA MAIA,CIDADE DO POVO,-10.02993,-67.76323,41,-1,0
2020,438,1392,9,1015,ESCOLA PÚBLICA HELOÍSA MOURÃO MARQUES,AEROPORTO VELHO,-9.97803,-67.82437,1706,-1,0
2020,439,1392,9,1023,INSTITUTO FEDERAL DO ACRE - IFAC -  BAIXADA,AEROPORTO VELHO,-9.98483,-67.82253,1107,-1,0
2020,440,1392,9,1031,ESCOLA FRANCISCO SALGADO FILHO,FLORESTA,-9.97131,-67.83181,1707,-1,0
2020,441,1392,9,1040,ESCOLA MUNICIPAL ANGELINA GONÇALVES DE SOUZA,FLORESTA,-9.97507,-67.84357,1415,-1,0
2020,442,1392,9,1058,ESCOLA LOURIVAL SOMBRA,ESTAÇÃO EXPERIMENTAL,-9.96413,-67.83799,1777,-1,0
2020,443,1392,9,1066,ESCOLA LUIZA BATISTA DE SOUZA,FLORESTA,-9.97061,-67.83644,1492,-1,0
2020,444,1392,9,1074,ESCOLA NATALINO DA SILVEIRA BRITO,ESTAÇÃO EXPERIMENTAL,-9.96392,-67.83366,1366,-1,0
2020,445,1392,9,1082,ESCOLA PADRE DIOGO FEIJÓ,ABRAÃO ALAB,-9.9722,-67.82738,1373,-1,0
2020,446,1392,9,1090,ESCOLA SERAFIM SILVA SALGADO,AEROPORTO VELHO,-9.98328,-67.82431,1342,-1,0
2020,447,1392,9,1104,ESCOLA TANCREDO NEVES,GLÓRIA,-9.9903,-67.82684,2046,-1,0
2020,448,1392,9,1112,SECRETARIA DE EDUCAÇÃO E CULTURA,AEROPORTO VELHO,-9.97844,-67.82447,1365,-1,0
2020,449,1392,9,1139,ESCOLA PÚBLICA ADALBERTO SENA,DISTRITO INDUSTRIAL,-9.97338,-67.85342,1840,-1,0
2020,450,1392,9,1147,ESCOLA PÚBLICA ALCIMAR LEITÃO,DISTRITO INDUSTRIAL,-9.94568,-67.88136,1730,-1,0
2020,451,1392,9,1155,SEAPROF,ESTAÇÃO EXPERIMENTAL,-9.96636,-67.83094,1171,-1,0
2020,452,1392,9,1163,ESCOLA PÚBLICA ÁUREA PIRES,AEROPORTO VELHO,-9.9888,-67.82135,1353,-1,0
2020,453,1392,9,1171,SECRETARIA DE ESTADO DE ASSISTENCIA SOCIAL - FUMBESA,ESTAÇÃO EXPERIMENTAL,-9.96667,-67.8321,1570,-1,0
2020,454,1392,9,1180,INSTITUTO DE DESENV. DE EDUCAÇÃO PROF DOM MOACYR (COL.AGRÍCOLA),ZONA RURAL,-10.01019,-67.98985,1171,-1,0
2020,455,1392,9,1198,UFAC - UNIVERSIDADE FEDERAL DO ACRE,DISTRITO INDUSTRIAL,-9.95647,-67.86327,2608,-1,0
2020,456,1392,9,1201,ESCOLA HENRIQUE LIMA,CALAFATE,-9.97675,-67.88575,2148,-1,0
2020,457,1392,9,1210,ESCOLA SHEILA MARIA NASSERALA,ESTAÇÃO EXPERIMENTAL,-9.96334,-67.84015,741,-1,0
2020,458,1392,9,1228,ESCOLA DARCY VARGAS,DISTRITO INDUSTRIAL,-9.96107,-67.85318,986,-1,0
2020,459,1392,9,1236,ESCOLA JOÃO PAULO I,JOÃO EDUARDO,-9.98112,-67.83262,1700,-1,0
2020,460,1392,9,1244,ESCOLA CLÍNIO BRANDÃO,FLORESTA,-9.9897,-67.84806,1085,-1,0
2020,461,1392,9,1252,ESCOLA JOÃO PAULO II,SOBRAL,-10.00139,-67.83343,1766,-1,0
2020,462,1392,9,1260,ESCOLA JOSÉ SALES DE ARAÚJO,DISTRITO INDUSTRIAL,-9.97333,-67.85349,1381,-1,0
2020,463,1392,9,1287,CENTRO CULTURAL E SOCIAL LYDIA HAMMES (ANTIGO INPA),AEROPORTO VELHO,-9.98885,-67.81843,682,-1,0
2020,464,1392,9,1295,ESCOLA MARIA RAIMUNDA BALBINO DA SILVA,PALHEIRAL,-9.98399,-67.82713,1167,-1,0
2020,465,1392,9,1309,ESCOLA RURAL PROF. CLAUDIO AUGUSTO F. DE SALES,ZONA RURAL,-9.95974,-68.18577,572,-1,0
2020,466,1392,9,1317,ESCOLA MUN PROF TEREZINHA MIGUÉIS (PROJ. FIGUEIRA - INCRA),ZONA RURAL,-9.93525,-68.30394,934,-1,0
2020,467,1392,9,1325,SMZC - SECRETARIA MUNICIPAL E ZELADORIA DA CIDADE,AEROPORTO VELHO,-9.98262,-67.82485,658,-1,0
2020,468,1392,9,1333,ESCOLA PÚBLICA RAIMUNDO GOMES DE OLIVEIRA,DISTRITO INDUSTRIAL,-9.94938,-67.85923,2390,-1,0
2020,469,1392,9,1350,DEPARTAMENTO DE VIIGILÂNCIA SANITÁRIA (ANTIGA EMURB),FLORESTA,-9.97452,-67.82858,990,-1,0
2020,470,1392,9,1368,ESCOLA INFANTIL MONTEIRO LOBATO,FLORESTA,-9.97513,-67.82855,1035,-1,0
2020,471,1392,9,1376,FEDERAÇÃO DAS INDÚSTRIAS DO ESTADO DO ACRE - FIEAC,ESTAÇÃO EXPERIMENTAL,-9.96831,-67.83019,931,-1,0
2020,472,1392,9,1384,ESCOLA FRANCISCO AUGUSTO BACURAU,FLORESTA,-9.98007,-67.84337,1384,-1,0
2020,473,1392,9,1406,DETRAN-AC (EM FRENTE AG BANCO DO BRASIL ESTILO),ABRAÃO ALAB,-9.96908,-67.82352,800,-1,0
2020,474,1392,9,1422,COLÉGIO ALTERNATIVO,FLORESTA,-9.97384,-67.83445,1564,-1,0
2020,475,1392,9,1430,ASSOCIAÇÃO DE PAIS E AMIGOS DOS EXCEPCIONAIS - APAE,NOVA ESPERANÇA,-9.97315,-67.83504,685,-1,0
2020,476,1392,9,1449,ESCOLA INFANTIL BEM-TE-VI,ESPERANÇA,-9.97246,-67.83486,728,-1,0
2020,477,1392,9,1457,CENTRO ESTADUAL DE ATENDIMENTO AO DEFICIENTE VISUAL,ESTAÇÃO EXPERIMENTAL,-9.96721,-67.83081,436,-1,0
2020,478,1392,9,1490,TRIBUNAL DE CONTAS DO ESTADO DO ACRE,ABRAÃO ALAB,-9.96823,-67.82316,536,-1,0
2020,479,1392,9,1503,DETRAN,ESTAÇÃO EXPERIMENTAL,-9.96652,-67.83083,780,-1,0
2020,480,1392,9,1520,COLÉGIO META III,ABRAÃO ALAB,-9.97145,-67.82623,1728,-1,0
2020,481,1392,9,1538,ESCOLA FRANCISCO DE PAULA LEITE OITICICA,BAHIA NOVA,-9.99169,-67.83207,1334,-1,0
2020,482,1392,9,1554,INSTITUTO SENAI DE TECNOLOGIA MADEIRA E MOVEL,DISTRITO INDUSTRIAL,-9.94413,-67.87083,806,-1,0
2020,483,1392,9,1562,IBAMA,ABRAÃO ALAB,-9.96997,-67.82287,594,-1,0
2020,484,1392,9,1570,ESCOLA JOSÉ RIBAMAR BATISTA,AEROPORTO VELHO,-9.98443,-67.82273,1713,-1,0
2020,485,1392,9,1589,ESCOLA JUVENAL ANTUNES,CALAFATE,-9.97973,-67.87077,1507,-1,0
2020,486,1392,9,1597,ESCOLA  AFONSO PINTO DE MEDEIROS,PLÁCIDO DE CASTRO,-10.00181,-67.83856,1047,-1,0
2020,487,1392,9,1600,ESCOLA MARILDA GOUVEIA VIANA,JOÃO EDUARDO,-9.98208,-67.83468,1183,-1,0
2020,488,1392,9,1619,ESCOLA PROFESSORA RAMONA M P DE CASTRO,BOA VISTA,-10.00458,-67.83601,1347,-1,0
2020,489,1392,9,1627,ESCOLA FREI THIAGO MARIA MATIOLI,BAHIA,-9.98813,-67.82807,1741,-1,0
2020,490,1392,9,1635,ESCOLA FLAVIANO FLÁVIO BAPTISTA,AEROPORTO VELHO,-9.99272,-67.81628,1376,-1,0
2020,491,1392,9,1643,ESCOLA IRMÃ MARIA GABRIELA SOARES,PREVENTÓRIO,-9.97425,-67.82049,706,-1,0
2020,492,1392,9,1660,ESCOLA AYRTON SENNA DA SILVA,AYRTON SENA,-10.00032,-67.82571,1032,-1,0
2020,493,1392,9,1678,ESCOLA ARMANDO NOGUEIRA,DISTRITO INDUSTRIAL,-9.96055,-67.85566,1386,-1,0
2020,494,1392,9,1686,ESCOLA RURAL ALTO ALEGRE II,ZONA RURAL,-9.97329,-67.85349,330,-1,0
2020,495,1392,9,1694,ESCOLA ARACY CERQUEIRA,CONJUNTO UNIVERSITARIO,-9.90681,-67.89119,682,-1,0
2020,496,1392,9,1708,FUNDAÇÃO BRADESCO,FLORESTA,-9.97772,-67.84255,1555,-1,0
2020,497,1392,9,1716,ESCOLA DE EDUCAÇÃO INFANTIL FREI PELEGRINO,AEROPORTO VELHO,-9.99113,-67.81992,536,-1,0
2020,498,1392,9,1724,ESCOLA ALMADA BRITO,CALAFATE,-9.9764,-67.88395,1687,-1,0
2020,499,1392,9,1732,ESCOLA GOVERNADOR JOSÉ AUGUSTO,BOA UNIÃO,-9.99726,-67.83156,1090,-1,0
2020,500,1392,9,1740,ESCOLA BOA UNIÃO,BOA UNIÃO,-9.99765,-67.83193,1368,-1,0
2020,501,1392,9,1759,URAP - AUGUSTO HIDALGO DE LIMA,PALHEIRAL,-9.98369,-67.82673,600,-1,0
2020,502,1392,9,1767,ESCOLA ACREANA DE MÚSICA (ANT CENTRO CULTURAL),DISTRITO INDUSTRIAL,-9.94957,-67.85889,1678,-1,0
2020,503,1392,9,1775,CENTRO DE REFERÊNCIA DA REGIONAL VI,AEROPORTO VELHO,-9.98359,-67.82517,460,-1,0
2020,504,1392,9,1783,DEPARTAMENTO DE VIGILÂNCIA EPIDEMIOLÓGICA,FLORESTA,-9.96203,-67.81482,284,-1,0
2020,505,1392,9,1791,ESCOLA DE ENSINO FUNDAMENTAL E MÉDIO ESTADUAL NOVA ESPERANÇA,ZONA RURAL,-10.1962,-67.90346,441,-1,0
2020,506,1392,9,1805,ESCOLA MANOEL TIAGO LINDOZO,ZONA RURAL,-10.148,-67.96757,242,-1,0
2020,507,1392,9,1821,CASA DO ADOLESCENTE,BAHIA,-9.98797,-67.8282,10,-1,0
2020,508,1392,9,1830,CRAS - CENTRO DE REFERENCIA DE ASSISTENCIA SOCIAL,BAHIA,-9.98384,-67.8251,187,-1,0
2020,509,1392,9,1848,SEAPROF (TRANSACREANA),ZONA RURAL,-10.00288,-67.93316,156,-1,1
2020,510,1392,9,1856,CRECHE HILDA BRAGA,CALAFATE,-9.97931,-67.87103,336,-1,0
2020,511,1392,9,1864,CRECHE MUNICIPAL GUMERCINDO BESSA,CONJUNTO UNIVERSITÁRIO,-9.97333,-67.85348,345,-1,0
2020,512,1392,9,1872,U VERSE (ANTIGA FAAO),CHÁCARA IPÊ,-9.96046,-67.85139,825,-1,0
2020,513,1392,9,1880,TRIBUNAL DE JUSTIÇA,PORTAL DA AMAZONIA,-9.97025,-67.85278,1040,-1,0
2020,514,1392,9,1899,FACULDADE UNINORTE,JARDIM EUROPA,-9.96745,-67.85094,2657,-1,0
2020,515,1392,9,1902,ESCOLA DOUTOR SANTIAGO DANTAS,ZONA RURAL,-10.03111,-67.95498,558,-1,0
2020,516,1392,9,1910,ESCOLA ESTADUAL RURAL JORGE KALUME,DISTRITO INDUSTRIAL,-9.97315,-67.85351,300,-1,0
2020,517,1392,9,1929,ESCOLA MUNICIPAL JOSE POTYGUARA,CALAFATE,-9.97978,-67.88112,767,-1,0
2020,518,1392,9,1937,ESCOLA ESTADUAL EDILSON FAÇANHA,CALAFATE,-9.98039,-67.87673,1208,-1,0
2020,519,1392,9,1953,ESCOLA ESTADUAL PROFESSORA ILKA MARIA DE LIMA,MOCINHA MAGALHAES,-9.94414,-67.85734,989,-1,0
2020,520,1392,9,1961,ESCOLA ESTADUAL TEREZINHA KALUME,TUCUMÃ,-9.94911,-67.85382,654,-1,0
2020,521,1392,9,1970,ESCOLA IRENE DANTAS DO NASCIMENTO,ZONA RURAL,-9.99455,-68.01748,72,-1,0
2020,522,1392,9,1988,UNIDADE DE SAÚDE SEBASTIANA PRADO (TRANSACREANA),ZONA RURAL,-9.9358,-68.3047,142,-1,0
2020,523,1392,9,1996,CENTRO DIA PARA IDOSOS,ESTAÇÃO EXPERIMENTAL,-9.96696,-67.83103,435,-1,0
2020,524,1392,9,2003,ESCOLA ESTADUAL MAJOR JOÃO CÂNCIO,ZONA RURAL,-9.84638,-68.42613,419,-1,0
2020,525,1392,9,2011,ELETRONORTE,ESTAÇÃO EXPERIMENTAL,-9.96688,-67.83806,145,-1,0
2020,526,1392,9,2020,FAMETA,PRIMAVERA,-9.95248,-67.84786,1114,-1,0
2020,527,1392,9,2038,ESCOLA INFANTIL VALDIVA DE CASTRO DOS SANTOS,CONJUNTO UNIVERSITARIO,-9.97326,-67.85351,484,-1,0
2020,528,1392,9,2046,ESCOLA MARINA VICENTE GOMES,BOA UNIÃO,-9.99717,-67.83088,1169,-1,0
2020,529,1392,9,2054,ESCOLA ILSON RIBEIRO,ILSON RIBEIRO,-9.98604,-67.88539,389,-1,0
2020,530,1392,9,2062,ESCOLA SAO FRANCISCO DE ASSIS,BOA ESPERANÇA,-9.95817,-67.82635,683,-1,0
2020,531,1392,9,2070,ASSOC. COMERCIAL - ACISA,DOM GIOCONDO,-9.9703,-67.81765,947,-1,0
2020,532,1392,9,2089,ESCOLA MUNICIPAL INFANTIL FRANCISCA ARAGAO DA SILVA,GERALDO FLEMING,-9.95377,-67.83658,1328,-1,0
2020,533,1392,9,2097,ESCOLA JOELMA OLIVEIRA DE LIMA,TANCREDO NEVES,-9.92227,-67.83376,1483,-1,0
2020,534,1392,9,2100,ESCOLA DE ENSINO FUNDAMENTAL DO SERVIÇO SOCIAL DA INDÚSTRIA - SESI,ESTAÇÃO EXPERIMENTAL,-9.96084,-67.83894,1644,-1,0
2020,535,1392,9,2119,CENTRO CULTURAL THAUMATURGO FILHO,MANOEL JULIÃO,-9.95446,-67.83204,688,-1,0
2020,536,1392,9,2127,ESCOLA PROFESSOR PEDRO MARTINELLO,TANCREDO NEVES,-9.92136,-67.83315,1356,-1,0
2020,537,1392,9,2135,ESCOLA PROFESSORA IONE PORTELA DA COSTA CASAS,NOVA ESTAÇÃO,-9.95713,-67.83086,1348,-1,0
2020,538,1392,9,2143,CENTRO DE REFERÊNCIA DE ASSISTÊNCIA SOCIAL - CRAS,TANCREDO NEVES,-9.93878,-67.8306,348,-1,0
2020,539,1392,9,2151,CRECHE MUNICIPAL JAIRO JUNIOR,TANCREDO NEVES,-9.92955,-67.83265,339,-1,0
2020,540,1392,9,2160,ESCOLA PROFESSOR ALVARO VIEIRA DA ROCHA,CONQUISTA,-9.95026,-67.83411,1138,-1,0
2020,541,1392,9,2178,ESCOLA MUNICIPAL JESSÉ SANTIAGO,JORGE FELIX LAVOCAT,-9.92783,-67.83964,675,-1,0
2020,542,1392,9,2186,ESCOLA DOUTOR JOAO AGUIAR,MANOEL JULIÃO,-9.9559,-67.83339,1740,-1,0
2020,543,1392,9,2194,ESCOLA MÁRIO LOBÃO,ALTO ALEGRE,-9.91876,-67.82709,305,-1,0
2020,544,1392,9,2208,ESCOLA MUNICIPAL ANICE DIB JATENE,GERALDO FLEMING,-9.95343,-67.83582,1081,-1,0
2020,545,1392,9,2216,ESCOLA ESTADUAL PROFESSORA ELOZIRA DOS SANTOS TOMÉ,ALTO ALEGRE,-9.93142,-67.82626,1348,-1,0
2020,546,1392,9,2224,ESCOLA EUFROSINA SILVA OLIVEIRA,ALTO ALEGRE,-9.92639,-67.82746,1194,-1,0
2020,547,1392,9,2232,JUNTA COMERCIAL DO ESTADO DO ACRE - JUCEAC,BOSQUE,-9.96139,-67.8206,434,-1,0
2020,548,1392,9,2240,UNIDADE DE SAÚDE DA FAMÍLIA ELPÍDIO MOREIRA SOUZA,DEFESA CIVIL,-9.93819,-67.83369,624,-1,0
2020,549,1392,9,2259,CONAB - SUP. MUNICIPAL DE TRANSPORTE E TRÂNSITO,ESTAÇÃO EXPERIMENTAL,-9.96487,-67.83077,894,-1,0
2020,550,1392,9,2267,HORTO FLORESTAL (SECRETARIA MUNICIPAL DE MEIO AMBIENTE - SEMEIA),RAIMUNDO MELO,-9.94732,-67.82536,334,-1,0
2020,551,1392,9,2275,ESCOLA ESTADUAL DJALMA TELES GALDINO,JORGE FELIX LAVOCAT,-9.9293,-67.84218,1336,-1,0
2020,552,1392,9,2283,ESCOLA CHRIZARUBINA LEITÃO ABRAÃO,MANOEL JULIÃO,-9.95702,-67.83354,673,-1,0
2020,553,1392,9,2305,ESCOLA ESTADUAL MARIA CHALUB LEITE,NOVA ESTAÇÃO,-9.95987,-67.82911,1347,-1,0
2020,554,1392,9,2313,ESCOLA AME (ASSOCIAÇÃO MODERNA DE ENSINO),SANTA QUITÉRIA,-9.94828,-67.82573,1375,-1,0
2020,555,1392,9,2321,UNIDADE DE SAÚDE DA FAMÍLIA PLATILDE OLIVEIRA DA SILVA,TANCREDO NEVES,-9.9291,-67.83212,564,-1,0
2020,556,1392,9,2330,ESCOLA ISMAEL GOMES DE CARVALHO,TANCREDO NEVES,-9.93327,-67.83213,2284,-1,0
2020,557,1392,9,2356,ESCOLA MARIA ADEIZA RODRIGUES PEREIRA,PALHEIRAL,-9.98314,-67.82623,685,-1,0
2020,558,1392,9,2364,DEFENSORIA PÚBLICA DO ESTADO - DPE,SANTA QUITÉRIA,-9.94894,-67.82497,791,-1,0
2020,559,1392,9,2380,COLÉGIO MILITAR TIRADENTES,CALAFATE,-9.97711,-67.87442,184,-1,0
2020,560,1457,3,1015,EMR - ESCOLA MESSIAS RODRIGUES,BAIRRO DA PISTA,-9.07377,-68.65503,1914,50,0
2020,561,1457,3,1023,EEEFISJ - ESCOLA ESTADUAL ENSINO FUNDAMENTAL INSTITUTO SANTA JULIANA,CENTRO,-9.06854,-68.65674,1629,45,0
2020,562,1457,3,1031,EAV - ESCOLA ASSIS VASCONCELOS,BOM SUCESSO,-9.05894,-68.66469,921,43,0
2020,563,1457,3,1040,NÚCLEO DE EDUCAÇÃO - SEE/AC,CSU,-9.07558,-68.6628,580,61,0
2020,564,1457,3,1058,SEME - SECRETARIA MUNICIPAL DE EDUCAÇÃO,CENTRO,-9.06325,-68.65681,273,45,0
2020,565,1457,3,1066,EEEMDJM - ESCOLA ESTADUAL DE ENSINO MÉDIO DOM JULIO MATTIOLI,CENTRO,-9.06887,-68.65974,1515,48,0
2020,566,1457,3,1074,COPERYACO,CENTRO,-9.06895,-68.66162,267,48,0
2020,567,1457,3,1082,EFC - ESCOLA FONTENELE DE CASTRO,CENTRO,-9.06894,-68.65577,812,45,0
2020,568,1457,3,1090,IDAF,CENTRO,-9.06884,-68.66145,525,48,0
2020,569,1457,3,1104,ESCOLA ELIZIARIO TAVORA,CENTRO,-9.06833,-68.65662,1024,45,0
2020,570,1457,3,1112,EEFGMC - ESCOLA DE ENSINO FUNDAMENTAL GUTEMBERG MODESTO DA COSTA,BOSQUE,-9.07466,-68.66029,1399,46,0
2020,571,1457,3,1120,EEFSM - ESCOLA DE ENSINO FUNDAMENTAL SIQUEIRA DE MENEZES,VILA MILITAR,-9.06054,-68.65738,1203,65,0
2020,572,1457,3,1139,EEA - ESCOLA EUGENIO AREAL,CIDADE NOVA,-9.0582,-68.65892,650,47,0
2020,573,1457,3,1147,INCRA - INSTITUTO NACIONAL DE COLONIZAÇÃO E REFORMA AGRÁRIA,BOSQUE,-9.06918,-68.65462,603,50,0
2020,574,1457,3,1155,ERHM - ESCOLA RAIMUNDO HERMNIO DE MELO,TRIANGULO,-9.07663,-68.67024,1113,63,0
2020,575,1457,3,1171,EEICV - ESCOLA DE EDUCAÇÃO INFANTIL CHAPEUZINHO VERMELHO,CENTRO,-9.06837,-68.65562,565,45,0
2020,576,1457,3,1180,EEFC - ESCOLA EUCLIDES FEITOSA CAVALCANTE,ANA VIEIRA,-9.06831,-68.6715,1192,42,0
2020,577,1457,3,1198,CRAS - CENTRO DE REFERÊNCIA E ASSISTÊNCIA SOCIAL,CENTRO,-9.06778,-68.65633,471,45,0
2020,578,1457,3,1244,PEIMC - PRE-ESCOLA IRACEMA MODESTO DA COSTA,CENTRO,-9.06642,-68.65914,792,48,0
2020,579,1457,3,1252,CEFPB - COMPLEXO ESCOLAR FRANCISCO PAULA BEZERRA,CENTRO,-9.06643,-68.65955,1155,48,0
2020,580,1457,3,1279,EVBC - ESCOLA VICENTE BALBINO DA COSTA,CRISTO LIBERTADOR,-9.07703,-68.66621,568,49,0
2020,581,1457,3,1287,EEFC - ESCOLA DE ENSINO FUNDAMENTAL CAZUMBÁ,ZONA RURAL,-9.12973,-68.95259,343,-1,0
2020,582,1457,3,1295,EEEFRM - ESCOLA ESTADUAL DE ENSINO FUNDAMENTAL RAIMUNDO MAGALHÃES,NITEROI,-9.06525,-68.65305,850,59,0
2020,583,1457,3,1309,SECRETARIA MUNICIPAL DE SAÚDE (ANTIGO MARIA DE FATIMA),VITORIA,-9.07463,-68.65452,867,51,0
2020,584,1457,3,1333,POLO UAB (UNIVERSIDADE ABERTA DO BRASIL),CSU,-9.075,-68.66207,1042,61,0
2020,585,1457,3,1341,ESCOLA NOVA OLINDA,ZONA RURAL,-10.10305,-69.20638,356,-1,0
2020,586,1457,3,1376,UNIDADE BÁSICA DE SAÚDE RECIFE,ZONA RURAL,-9.86785,-68.87687,552,-1,0
2020,587,1457,3,1384,EMEFJJM - ESCOLA MUNICIPAL DE ENSINO FUNDAMENTAL JOSÉ JOAQUIM DE MATOS,ZONA RURAL,-9.36722,-68.61666,417,-1,0
2020,588,1457,3,1392,ESCOLA WALFREDO GUEDES MONTEIRO,EUGENIO AUGUSTO AREAL,-9.0852,-68.67612,1063,53,0
2020,589,1457,3,1406,ESCOLA MUNICIPAL DE ENSINO FUNDAMENTAL JOSÉ DA ROCHA NEVES,ZONA RURAL,-9.46016,-68.92447,207,-1,0
2020,590,1457,3,1414,CENTRO DE ATENÇÃO PSICOSSOCIAL (CAPS),CENTRO,-9.06841,-68.65535,276,45,0
2020,591,1457,3,1422,UNIDADE BÁSICA DE SAÚDE FLORILIO PEREIRA LUSTOSA,ANA VIEIRA,-9.06846,-68.67116,296,42,0
2020,592,1457,3,1430,UNIDADE BÁSICA DE SAÚDE FLORENTINO FLORIANO,BOM SUCESSO,-9.05496,-68.66717,290,43,0
2020,593,1457,3,1449,UNIDADE BÁSICA DE SAÚDE LAURO FONTES,CIDADE NOVA,-9.05962,-68.6606,297,47,0
2020,594,1457,3,1457,SECRETARIA MUNICIPAL DE PLANEJAMENTO (ANTIGO DE SAÚDE),CENTRO,-9.06481,-68.65621,278,45,0
2020,595,1457,3,1465,TRT - VARA DE SENA MADUREIRA,CENTRO,-9.06962,-68.65465,285,50,0
2020,596,1457,3,1473,CRECHE CRIANÇA FELIZ,BOSQUE,-9.07217,-68.66088,521,46,0
2020,597,1457,3,1481,ESCOLA BÍBLICA DA 1ª IGREJA BATISTA REGULAR,CENTRO,-9.06769,-68.65788,573,45,1
2020,598,1457,3,1503,CENTRO ALAÍDE PINHEIRO,VITORIA,-9.07476,-68.6548,283,50,0
2020,599,1457,3,1511,CRECHE PADRE PAOLINO MARIA BALDASSARI,BAIRRO DA PISTA,-9.07465,-68.65517,283,50,0
2020,600,1457,3,1520,SEPA - SECRETARIA DE ESTADO DE PRODUÇÃO E AGRONEGÓGIO (ANTIGO SEAPROF),CENTRO,-9.06887,-68.66127,262,48,0
2020,601,1457,3,1538,ELETROACRE - ENERGISA,CIDADE NOVA,-9.05891,-68.65976,172,47,1
2020,602,1457,3,1546,POSTO DE SAÚDE CARLOS AFONSO VIEIRA DE ARAÚJO,CENTRO,-9.06657,-68.65917,82,48,0
2020,603,1457,3,1554,UNIDADE BÁSICA DE SAÚDE EDSON SALES,CRISTO LIBERTADOR,-9.07791,-68.66892,219,63,0
2020,604,1473,5,1015,ESCOLA DE PRIMEIRO GRAU JOAO RIBEIRO,CENTRO,-8.15963,-70.76573,2334,67,0
2020,605,1473,5,1023,CAMARA MUNICIPAL,CENTRO,-8.15981,-70.76439,291,67,0
2020,606,1473,5,1031,ESCOLA ROSAURA MOURAO DA ROCHA,SENADOR POMPEU,-8.16466,-70.76526,2038,71,0
2020,607,1473,5,1074,ESCOLA JOSE AUGUSTO DE ARAUJO,CENTRO,-8.1598,-70.7709,2303,67,0
2020,608,1473,5,1082,ESCOLA DE ENSINO FUNDAMENTAL DELZUÍTE BARROSO BRAGA DE ARAÚJO,COPACABANA,-8.14981,-70.78225,1235,69,0
2020,609,1473,5,1090,PREDIO DO INCRA,CENTRO,-8.15976,-70.76765,341,67,0
2020,610,1473,5,1112,CEDUP - UFAC,CENTRO,-8.15846,-70.76648,958,67,0
2020,611,1473,5,1120,SECRETARIA MUNICIPAL DE EDUCACAO E CULTURA - SEMEC,CENTRO,-8.16044,-70.76421,618,67,0
2020,612,1473,5,1147,ESCOLA DONIZETE MOTA,TRIÂNGULO,-8.15627,-70.75875,1118,72,0
2020,613,1473,5,1171,ESCOLA PLACIDO DE CASTRO,CENTRO,-8.15936,-70.76942,2291,67,0
2020,614,1473,5,1228,NÚCLEO DE EDUCAÇÃO - SEE,CENTRO,-8.15984,-70.76415,381,67,0
2020,615,1473,5,1236,ESCOLA TUPANIR GAUDENCIO DA COSTA,CENTRO,-8.15659,-70.75868,2037,72,0
2020,616,1473,5,1244,ESCOLA DE ENSINO MÉDIO DR. FRANCISCO DJALMA DA CUNHA BATISTA,COPACABANA,-8.15818,-70.77818,1312,69,0
2020,617,1473,5,1252,ESCOLA DE ENSINO FUNDAMENTAL GOVERNADOR EDMUNDO PINTO DE ALMEIDA,CORCOVADO,-8.15199,-70.73308,921,72,1
2020,618,1473,5,1260,ESCOLA DE ENSINO FUNDAMENTAL PEDRO ZUMBA DA SILVA,ZONA RURAL GREGORIO,-7.95303,-71.48605,343,-1,0
2020,619,1473,5,1287,SECRETARIA DE ESTADO DE PRODUCAO - SEPRO,CENTRO,-8.16071,-70.76487,469,67,0
2020,620,1473,5,1317,SECRETARIA DA FAZENDA - SEFAZ,CENTRO,-8.16054,-70.76332,301,67,0
2020,621,1473,5,1325,ACAMPAMENTO DO DERACRE- ZONA RURAL RIOZINHO DA LIBERDADE,ZONA RURAL GREGORIO,-7.80575,-72.00313,360,-1,0
2020,622,1473,5,1341,ESCOLA DE ENSINO FUNDAMENTAL CEL JOSE MARQUES DE ALBUQUERQUE,ZONA RURAL,-8.84454,-71.2551,407,-1,0
2020,623,1473,5,1350,ESCOLA DE ENSINO FUND. PROF. RILZA MARIA DANIEL DO NASCIMENTO,SENADOR POMPEU,-8.16645,-70.76643,1719,71,0
2020,624,1473,5,1368,CENTRO COMUNITÁRIO ALDEIA ÁGUA VIVA,ZONA RURAL,-8.35345,-71.22304,290,-1,0
2020,625,1473,5,1376,ESCOLA ESTADUAL DE 1º GRAU IVAN STTIHU,ZONA RURAL GREGORIO,-8.39083,-71.77529,203,-1,0
2020,626,1473,5,1384,ESCOLA MUNICIPAL SÃO JOSÉ,ZONA RURAL,-9.01931,-71.43093,173,-1,0
2020,627,1473,5,1392,ESCOLA ESTIRÃO DO CAUCHO,ZONA RURAL,-8.24489,-70.75476,266,-1,0
2020,628,1473,5,1406,ESCOLA SÃO SEBASTIÃO,ZONA RURAL,-8.34785,-71.02913,121,-1,0
2020,629,1473,5,1422,"ESCOLA SANTA TEREZINA, ANEXO IV, RIO ACURAUA",ZONA RURAL,-7.8461,-70.87964,86,-1,0
2020,630,1473,5,1430,ESCOLA MUNICIPAL ADELMAR DE OLIVEIRA,AVELINO LEAL,-8.1524,-70.77544,668,66,0
2020,631,1473,5,1449,ESCOLA ESTADUAL INSTITUTO SÃO JOSÉ,CENTRO,-8.15884,-70.76663,1763,67,0
2020,632,1473,5,1465,ESCOLA  MUNICIPAL ALMIRANTE BARROSO,IPEPACONHA,-8.16442,-70.78391,21,70,0
2020,633,1473,5,1473,ESCOLA DE ENSINO INFANTIL MARIA AUCILENE CALIXTO ALVES,COHAB,-8.15841,-70.77549,19,69,0
2020,634,1473,5,1481,ESCOLA MUNICIPAL VALDINA TORQUATO DO NASCIMENTO,TRIÂNGULO,-8.15068,-70.75678,27,72,0
2020,635,1473,5,1490,ESCOLA FRANCISCO NAPOLEÃO DE ARAÚJO,ZONA RURAL GREGORIO,-7.95142,-71.4935,940,-1,0
2020,636,1490,2,1015,GINASIO ANTHERO SOARES BEZERRA,CENTRO,-10.65389,-68.50511,1252,75,0
2020,637,1490,2,1031,COLÉGIO DIVINA PROVIDÊNCIA,CENTRO,-10.6532,-68.50358,1530,75,0
2020,638,1490,2,1058,CLUBE MUNICIPAL - ASSEMUX,CENTRO,-10.65386,-68.50591,233,75,0
2020,639,1490,2,1074,GRUPO ESCOLAR PLACIDO DE CASTRO,CENTRO,-10.65206,-68.50518,800,75,0
2020,640,1490,2,1082,IFAC - CAMPUS XAPURI,CENTRO,-10.66075,-68.4943,2047,76,0
2020,641,1490,2,1139,FÓRUM DE XAPURI,CENTRO,-10.6534,-68.50572,409,75,0
2020,642,1490,2,1155,NÚCLEO DA UFAC,CENTRO,-10.65464,-68.50295,382,75,0
2020,643,1490,2,1171,ESCOLA ESTADUAL PADRE JÓSIMO - COMUNIDADE SÃO JOÃO DO GUARANI,ZONA RURAL,-10.39537,-68.62527,206,-1,0
2020,644,1490,2,1180,ESCOLA 5 DE DEZEMBRO - COMUNIDADE NOVA VIDA,ZONA RURAL,-10.48832,-68.68332,199,-1,0
2020,645,1490,2,1198,ESCOLA MUNICIPAL RURAL - SEDE DOIS IRMÃOS,ZONA RURAL,-10.58374,-68.26384,146,-1,0
2020,646,1490,2,1201,ESCOLA ESPERANÇA DO POVO - FAZENDINHA,ZONA RURAL,-10.83956,-68.37565,398,-1,0
2020,647,1490,2,1210,ESCOLA ESTADUAL BÁRBARA VIEIRA DE SANTANA - SGAL SÃO JOSÉ,ZONA RURAL,-10.83477,-68.24651,128,-1,0
2020,648,1490,2,1228,ESCOLA BELO JARDIM - ASSENTAMENTO TUPÁ,ZONA RURAL,-10.53204,-68.72727,208,-1,0
2020,649,1490,2,1236,ESCOLA MUNICIPAL ALCIMAR NUNES LEITÃO,MUTIRAO,-10.66292,-68.49111,435,79,0
2020,650,1490,2,1244,ESCOLA MUNICIPAL CAMINHO DO SABER,CONSTANTINO MELO SARKIS,-10.65041,-68.49459,360,77,0
2020,651,1490,2,1252,ESCOLA LATIFE ZAINE KALUME,CENTRO,-10.65159,-68.50537,685,75,0
2020,652,1490,2,1260,CEDUP - CENTRO ESTADUAL DE EDUCACAO PERMANENTE,CENTRO,-10.65297,-68.50396,419,75,0
2020,653,1490,2,1279,ESCOLA ESTADUAL MADRE GABRIELA NARDI,SIBERIA,-10.64811,-68.50689,1037,82,0
2020,654,1490,2,1287,CENTRO EDUCACIONAL SESC XAPURI,VARIANTE,-10.65406,-68.49185,525,77,0
2020,655,1511,8,1023,CAMARA MUNICIPAL,CENTRO,-10.3337,-67.18495,459,-1,0
2020,656,1511,8,1031,ESCOLA CARMELIA ALVES,CENTRO,-10.32241,-67.1867,521,-1,0
2020,657,1511,8,1040,PREDIO DA SEAPROF - ANTIGA EMATER - ACRE,CENTRO,-10.33404,-67.18423,269,-1,0
2020,658,1511,8,1058,ESCOLA CASINHA DO SABER,CENTRO,-10.33414,-67.18405,397,-1,0
2020,659,1511,8,1074,ESCOLA ELIAS MANSOUR SIMAO FILHO,CENTRO,-10.33409,-67.18455,826,-1,0
2020,660,1511,8,1082,ESCOLA JOSE VALMIR,CENTRO,-10.3273,-67.18405,966,-1,0
2020,661,1511,8,1104,ESC EST SAO LUIZ GONZAGA,DISTRITO DE VILA CAMPINAS,-10.06323,-67.29485,1345,-1,0
2020,662,1511,8,1112,ESCOLA FRANKLIN ROOSEVELT,CENTRO,-10.3352,-67.18633,1320,-1,0
2020,663,1511,8,1155,ESCOLA JOAO RICARDO DE FREITAS (COLEGIO AGRICOLA),ZONA RURAL,-10.31076,-67.19695,315,-1,0
2020,664,1511,8,1546,ESCOLA JOSE FRANCISCO DA SILVA,CENTRO,-10.32939,-67.17897,1520,-1,0
2020,665,1511,8,1562,ESCOLA ESTADUAL RURAL MANUEL DE BARROS,ZONA RURAL,-10.18283,-67.2535,405,-1,0
2020,666,1511,8,1570,POSTO DE SAUDE MARIO GOMES DA SILVA,ZONA RURAL,-10.33206,-67.52155,368,-1,0
2020,667,1511,8,1589,ESCOLA ESTADUAL RURAL FLAVIA BARROS PIMENTEL,ZONA RURAL,-10.31852,-67.36668,496,-1,0
2020,668,1511,8,1597,ESCOLA MUNICIPAL CARLOS JOSE DOS SANTOS,ZONA RURAL,-10.19792,-67.16459,299,-1,0
2020,669,1511,8,1600,ESC MUN JOAO BATISTA LOPES DE LIMA,DISTRITO DE VILA CAMPINAS,-10.07243,-67.29426,665,-1,0
2020,670,1511,8,1619,CENTRO DE DIFUSÃO TECNOLÓGICA,CENTRO,-10.32782,-67.18556,294,-1,0
2020,671,1511,8,1627,CENTRO DE FLORESTANIA,CENTRO,-10.33699,-67.1855,538,-1,0
2020,672,1511,8,1643,ESCOLA MUNICIPAL SIRLEI PAIVA DE LIMA II,CENTRO,-10.32242,-67.18626,48,-1,0
2020,673,1511,8,1651,ESCOLA MUNICIPAL INFANTIL CENIRA DOS SANTOS,DISTRITO DE VILA CAMPINAS,-10.06867,-67.29774,400,-1,0
2020,674,1511,8,1694,ESCOLA CASTRO ALVES,ZONA RURAL - MONTE ALEGRE,-10.43174,-67.53066,124,-1,0
2020,675,1511,8,1708,SECRETARIA MUNICIPAL DE AÇÃO SOCIAL,CENTRO,-10.32975,-67.18516,1,-1,1
2020,676,1511,8,1724,SESC PLACIDO DE CASTRO,CENTRO,-10.31952,-67.19079,388,-1,0
2020,677,1538,8,1015,CAMARA MUNICIPAL,CENTRO,-10.15556,-67.73812,262,-1,0
2020,678,1538,8,1023,ESCOLA LUPICINIO ALEXANDRE NUNES,CENTRO,-10.15764,-67.73691,499,-1,0
2020,679,1538,8,1031,COLEGIO 15 DE JUNHO,TRIUNFO,-10.14582,-67.73929,1172,-1,0
2020,680,1538,8,1040,ESCOLA FENELON MANOEL,CENTRO,-10.15528,-67.73635,512,-1,0
2020,681,1538,8,1058,IDAF,CENTRO,-10.15519,-67.73633,146,-1,0
2020,682,1538,8,1066,ESCOLA  ALBERTO ZAIRE,18 DE SETEMBRO,-10.15219,-67.73124,950,-1,0
2020,683,1538,8,1074,COLEGIO SANTO IZIDORO,CENTRO,-10.15471,-67.73551,1320,-1,0
2020,684,1538,8,1082,ESCOLA VEIGA CABRAL,CENTRO,-10.15357,-67.73905,1083,-1,0
2020,685,1538,8,1090,ESCOLA BRIGADEIRO EDUARDO GOMES,CENTRO,-10.15783,-67.73613,1326,-1,0
2020,686,1538,8,1139,ESCOLA CARLOS ALBERTO PEREIRA DO NASCIMENTO,DEMOCRACIA,-10.16622,-67.72051,575,-1,0
2020,687,1538,8,1147,ESCOLA SAO JOSE IV,ZONA RURAL,-9.97472,-67.35802,186,-1,0
2020,688,1538,8,1155,ESCOLA DIVA PEREIRA DE SOUZA,COHAB,-10.15744,-67.73076,1477,-1,0
2020,689,1538,8,1163,ESCOLA PADRE CARLOS CASAVECCHIA,ZONA RURAL,-10.08858,-67.53039,555,-1,0
2020,690,1538,8,1171,ESCOLA MANOEL DA COSTA SOBRINHO,ZONA RURAL,-9.94173,-67.29545,298,-1,0
2020,691,1538,8,1201,ESCOLA MARIA AUXILIADORA QUEIROZ,ZONA RURAL,-9.91359,-67.169,429,-1,0
2020,692,1538,8,1210,ESCOLA MUNICIPAL DE ENSINO  FUNDAMENTAL ORLANDO DE SOUZA VIANA,NAIRE DE PAULA LEITE 2,-10.14254,-67.73281,974,-1,0
2020,693,1538,8,1228,ESCOLA ESTADUAL RURAL BOM DESTINO,ZONA RURAL PSDA BONAL,-9.9759,-67.17723,512,-1,0
2020,694,1538,8,1236,ESCOLA ESTADUAL RAIMUNDO HERMINIO DE MELO II,ZONA RURAL PA LIMEIRA,-10.19292,-67.54761,443,-1,0
2020,695,1538,8,1244,ESCOLA ESTADUAL NOVA JERUSALEM II,ZONA RURAL RML PROGRESSO,-9.71081,-67.23037,63,-1,0
2020,696,1538,8,1252,ESCOLA MUNICIPAL RURAL JOELMA OLIVEIRA DE LIMA,ZONA RURAL,-9.91368,-67.16926,70,-1,0
2020,697,1538,8,1260,ESCOLA ESTADUAL MARIA JOSE BEZERRA DOS REIS,ZONA RURAL,-10.11367,-67.47039,189,-1,0
2020,698,1538,8,1295,PRÉDIO DA SEATER - BOCA DO RAMAL AREIA BRANCA,ZONA RURAL - KM 70 BOCA DO ACRE,-9.75888,-67.35648,201,-1,0
2020,699,1538,8,1309,PRE ESC EST NUBIA MARIA FERNANDES,SAO FRANCISCO,-10.14868,-67.73131,443,-1,0
2020,700,1538,8,1317,ESCOLA ESTADUAL SAO FRANCISCO DE ASSIS,ZONA RURAL - KM 52 BOCA DO ACRE,-9.88954,-67.44128,295,-1,0
2020,701,1538,8,1333,ESCOLA MUNICIPAL MANOEL GONZAGA BEZERRA SOBRINHO,TRIUNFO,-10.15178,-67.73731,516,-1,0
2020,702,1538,8,1368,ESCOLA PUBLICA MUNICIPAL LUIZ QUEROZ NOGUEIRA,ZONA RURAL RML PROGRESSO,-9.66937,-67.17149,199,-1,0
2020,703,1538,8,1376,CREAS - CENTRO DE REFERÊNCIA ESPECIALIZADO DE ASSISTÊNCIA SOCIAL,CENTRO,-10.15817,-67.73705,243,-1,0
2020,704,1538,8,1384,CRAS - CENTRO DE REFERÊNCIA E ASSISTÊNCIA SOCIAL,CENTRO,-10.14423,-67.74188,143,-1,0
2020,705,1538,8,1392,ESCOLA MONTEIRO LOBATO,TRIUNFO,-10.14746,-67.73752,407,-1,0
2020,706,1538,8,1406,ESCOLA MODELO,JARDIM BOTANICO,-10.15671,-67.73262,337,-1,0
2020,707,1538,8,1422,SESC - UNIDADE DE SENADOR GUIOMARD,CENTRO,-10.15496,-67.74063,791,-1,0
2020,708,1538,8,1430,POSTO DE SAÚDE MÁXIMO DAMASCENO WASCONCELOS,ZONA RURAL,-10.15461,-67.74129,1,-1,0
2020,709,1538,8,1449,ESCOLA BELA UNIAO,ZONA RURAL,-10.05275,-67.5157,20,-1,0
2020,710,1538,8,1457,ESCOLA ESTADUAL ELZIRA ANGÉLICA DO NASCIMENTO,ZONA RURAL - PIRÃ DE RÃ,-10.13149,-67.67621,40,-1,0
2020,711,1538,8,1481,ESCOLA ALDACI SIMOES DA COSTA,FAZENDINHA,-10.14481,-67.7422,875,-1,0
2020,712,1554,3,1228,ESCOLA DOM PRÓPERO BERNARD,CENTRO,-8.84036,-69.26126,1338,-1,0
2020,713,1554,3,1244,ESCOLA NAZIRA ANUTE DE LIMA,SAO JOSE,-8.83859,-69.2628,2203,-1,0
2020,714,1554,3,1252,ESCOLA ANTONIA MENDES,SAO FRANCISCO,-8.8336,-69.25927,1186,-1,0
2020,715,1554,3,1260,ESCOLA MARIA DAS GRAÇAS ALVES DA ROCHA,SAO FRANCISCO,-8.83263,-69.2662,967,-1,0
2020,716,1554,3,1279,CRECHE YÊDA,CENTRO,-8.83978,-69.26022,1172,-1,0
2020,717,1554,3,1287,POSTO DE SAÚDE,ZONA RURAL,-9.11309,-69.78075,257,-1,0
2020,718,1554,3,1295,EMLPF - ESCOLA MUNICIPAL LUIZ PLÁCIDO FERNANDES,ZONA RURAL,-8.82874,-69.26447,86,-1,0
2020,719,1570,6,1015,ESCOLA SIMON BOLIVAR,CENTRO,-10.94245,-69.56786,465,2,0
2020,720,1570,6,1023,ESCOLA EDILSA MARIA BATISTA,CASCATA,-10.93978,-69.56251,316,1,0
2020,721,1570,6,1031,ESCOLA IRIS CELIA CABANELLAS ZANNINI,CENTRO,-10.93978,-69.56616,2292,2,0
2020,722,1570,6,1040,ESCOLA SIMON BOLIVAR,CENTRO,-10.94078,-69.56709,536,2,1
2020,723,1570,6,1228,ESCOLA MARIA FERREIRA DA SILVA,BELA VISTA,-10.93938,-69.56247,728,1,0
2020,724,1570,6,1236,ESCOLA 07 DE NOVEMBRO - SERINGAL ICURIÃ KM 76,ZONA RURAL,-10.44384,-69.69638,211,-1,0
2020,725,1570,6,1244,ESCOLA BAIXA VERDE -  (DIVISÃO) 40 KM DE RAMAL,ZONA RURAL,-10.66845,-69.59848,278,-1,0
2020,726,1570,6,1279,CÂMARA MUNICIPAL,CENTRO,-10.94011,-69.56725,338,2,0
2020,727,1570,6,1309,ESCOLA KAJPAHA - ALDEIA JATOBÁ,ZONA RURAL,-10.53926,-69.86121,252,-1,0
2020,728,1570,6,1317,ESCOLA INDÍGENA 7 ESTRELAS - ALDEIA EXTREMA,ZONA RURAL,-10.65269,-70.13351,136,-1,0
2020,729,1570,6,1325,ESCOLA PIYAKATI  - ALDEIA TRÊS CACHOEIRA,ZONA RURAL,-10.92475,-69.86705,116,-1,0
2020,730,1570,6,1333,"ESCOLA CARIOLANDO DE SOUZA GOMES, SGL SÃO FRANCISCO, COL. DERRETIDO",ZONA RURAL,-10.93881,-69.76351,70,-1,0
2020,731,1570,6,1341,UNIDADE BÁSICA DE SAÚDE TEREZINHA BATISTA DOS SANTOS,CASCATA,-10.94073,-69.56127,100,1,0
2020,732,1570,6,1350,ESCOLA VICENTE BESSA,ZONA RURAL,-10.93979,-69.5625,75,1,0
2022,0,1007,9,1023,ESCOLA JOSE CEZARIO DE FARIAS,ZONA RURAL,-9.72636,-68.12432,1464,-1,0
2022,1,1007,9,1040,FUNTAC - PROJETO ANTIMARI,ZONA RURAL,-9.98055,-67.84561,192,-1,0
2022,2,1007,9,1058,CENTRO DE CULTURA E FLORESTANIA (SECRET EDUCAÇÃO),CENTRO,-9.8267,-67.95126,992,-1,0
2022,3,1007,9,1066,ESCOLA RURAL NOVA VIDA,ZONA RURAL,-9.64371,-68.04273,402,-1,0
2022,4,1007,9,1074,ESCOLA RURAL MARIA DO CARMO RAMOS,ZONA RURAL,-9.79285,-68.26061,369,-1,0
2022,5,1007,9,1082,SECRETARIA DE ESTADO DE PRODUÇÃO E AGRONEGÓCIO - SEPA ( SEAPROF BUJARI,CENTRO,-9.8263,-67.95104,661,-1,0
2022,6,1007,9,1090,CRECHE PROFESSORA DONA BELA,CENTRO,-9.82699,-67.9514,718,-1,0
2022,7,1007,9,1104,ESCOLA EDMUNDO PINTO DE ALMEIDA NETO,CENTRO,-9.82483,-67.95125,1993,-1,0
2022,8,1007,9,1112,ESCOLA SÃO JOÃO BATISTA,CENTRO,-9.82472,-67.94976,2513,-1,0
2022,9,1007,9,1120,ESCOLA ESTADUAL PEDRO GOMES,ZONA RURAL,-9.81239,-67.90013,508,-1,0
2022,10,1007,9,1147,UNIDADE DE GESTÃO AMBIENTAL INTEGRADA - UGAI,ZONA RURAL,-9.9734,-67.85345,129,-1,0
2022,11,1015,2,1015,ESCOLA ARGENTINA PEREIRA FEITOSA,CENTRO,-10.57214,-67.67562,1264,-1,0
2022,12,1015,2,1023,ESCOLA NAIR SOMBRA,CENTRO,-10.57717,-67.67639,971,-1,0
2022,13,1015,2,1031,CAMARA MUNICIPAL,CENTRO,-10.57579,-67.67698,802,-1,0
2022,14,1015,2,1058,PRE-ESCOLA MUNDO ENCANTADO,CENTRO,-10.57577,-67.67739,461,-1,0
2022,15,1015,2,1066,ESCOLA NOVA ESPERANCA,ZONA RURAL,-10.37423,-67.79128,1150,-1,0
2022,16,1015,2,1104,ESCOLA MUNICIPAL RURAL SÃO FRANCISCO,ZONA RURAL SÃO LUIZ REMANSO,-10.39008,-67.93472,235,-1,0
2022,17,1015,2,1112,ESCOLA MUNICIPAL MARIETA FREIRE RODRIGUES,ZONA RURAL VILA HORTEGRANJEIRA,-10.4444,-67.71008,392,-1,0
2022,18,1015,2,1120,ESC ENS FUN PROF NOELIA MARIA ALVES DE SOUZA,CONQUISTA,-10.57373,-67.67671,1136,-1,0
2022,19,1015,2,1155,CENTRO DE FLORESTANIA,CENTRO,-10.57032,-67.67581,525,-1,0
2022,20,1015,2,1228,ESCOLA MUNICIPAL MARIA FERNANDES DE AMORIM,PROJETO DE ASSENTAMENTO VILA NOVA,-10.47417,-68.0459,112,-1,0
2022,21,1015,2,1236,ESCOLA ARISTON FERREIRA DA CUNHA,ZONA RURAL,-10.58202,-67.84562,550,-1,0
2022,22,1015,2,1252,PRÉDIO DA SEAPROF,CENTRO,-10.57619,-67.67746,245,-1,0
2022,23,1023,1,1015,ESCOLA JOSE PLACIDO DE CASTRO,PORTO ACRE,-9.59026,-67.53729,1745,-1,0
2022,24,1023,1,1023,ESCOLA EDMUNDO PINTO DE ALMEIDA NETO,PROJETO HUMAITA,-9.72946,-67.70025,1766,-1,0
2022,25,1023,1,1031,ESCOLA PUBLICA JADER SARAIVA MACHADO,PORTO ACRE,-9.67818,-67.74472,2114,-1,0
2022,26,1023,1,1040,ESCOLA NOSSA SENHORA AUXILIADORA,ZONA RURAL,-9.81852,-67.58964,84,-1,0
2022,27,1023,1,1074,ESCOLA MUNICIPAL JOAQUIM FALCAO MACEDO,ZONA RURAL,-9.67408,-67.36957,470,-1,0
2022,28,1023,1,1082,ESCOLA MUNICIPAL NOVO HORIZONTE,PROJETO HUMAITA,-9.72876,-67.70085,1373,-1,0
2022,29,1023,1,1090,CENTRO DE SAUDE DE PORTO ACRE,PROJETO HUMAITA,-9.67999,-67.74671,443,-1,0
2022,30,1023,1,1112,ESCOLA SÃO RAIMUNDO NONATO,ZONA RURAL,-9.44939,-67.81562,367,-1,0
2022,31,1023,1,1120,CENTRO CULTURAL DA FLORESTANIA,CENTRO,-9.59032,-67.53687,557,-1,0
2022,32,1023,1,1139,ESCOLA CRISTO REI,ZONA RURAL,-9.75593,-67.35796,879,-1,0
2022,33,1023,1,1147,ESCOLA MUNICIPAL DE ENSINO FUNDAMENTAL VITÓRIA,ZONA RURAL,-9.60639,-67.37156,191,-1,0
2022,34,1023,1,1163,ESCOLA ESTADUAL UNIÃO E PROGRESSO,ZONA RURAL,-9.75267,-67.35358,462,-1,0
2022,35,1023,1,1171,ESCOLA MUNICIPAL NILCE MACHADO DA ROCHA,JOSÉ GALDINO,-9.59106,-67.54147,519,-1,0
2022,36,1023,1,1180,CÂMARA MUNICIPAL DE PORTO ACRE,CENTRO,-9.5932,-67.54251,282,-1,0
2022,37,1023,1,1198,IFAC - POLO PORTO ACRE,PROJETO HUMAITA,-9.72964,-67.7013,746,-1,0
2022,38,1023,1,1201,ESCOLA MUNICIPAL PEQUENO PRÍNCIPE,PROJETO HUMAITA,-9.68112,-67.74713,569,-1,0
2022,39,1023,1,1210,UNIDADE DE SAÚDE DA FAMÍLIA ÁLVARO ARAÚJO NOBRE,ZONA RURAL,-9.52338,-67.77589,423,-1,0
2022,40,1023,1,1228,ESCOLA MUNICIPAL SANTA INÊS,ZONA RURAL,-9.82515,-67.59446,205,-1,0
2022,41,1031,3,1015,ESC. EST. ENSINO MÉDIO PADRE PAOLINO MARIA BALDASSARI,CIDADE NOVA,-9.44356,-70.48647,960,-1,0
2022,42,1031,3,1023,ESCOLA ANTONIA FERNANDES DE MOURA,CENTRO,-9.43372,-70.49356,685,-1,0
2022,43,1031,3,1031,ESCOLA MUNICIPAL  DR. CELSO COSME SALGADO,CIDADE NOVA,-9.44211,-70.48876,481,-1,0
2022,44,1031,3,1040,UNIDADE BÁSICA DE SAÚDE INDÍGENA - UBSI,ZONA RURAL,-9.08696,-69.99325,603,-1,0
2022,45,1031,3,1058,ESCOLA INDÍGENA SOBRAL,ZONA RURAL,-9.27994,-70.3419,333,-1,0
2022,46,1031,3,1066,ESCOLA INDÍGENA SANTA MARIA,ZONA RURAL,-9.17361,-70.21945,328,-1,0
2022,47,1031,3,1074,ESCOLA FRANCISCO RABELO SÁ,CIDADE NOVA,-9.44266,-70.48654,381,-1,0
2022,48,1040,4,1015,ESCOLA ELVIRA FERREIRA GOMES,CENTRO,-8.9462,-72.78562,1869,-1,0
2022,49,1040,4,1023,ESCOLA JUSTINIANO DE SERPA,CENTRO,-8.94952,-72.78593,1880,-1,0
2022,50,1040,4,1031,ESCOLA MANOEL RODRIGUES DE ARAUJO,CENTRO,-8.94847,-72.78705,1265,-1,0
2022,51,1040,4,1040,ESCOLA ZILDA VASCONCELOS,ZONA RURAL,-9.05906,-72.24631,898,-1,0
2022,52,1040,4,1058,ESCOLA SAO RAIMUNDO,ZONA RURAL,-9.3109,-72.68887,300,-1,0
2022,53,1040,4,1066,ESCOLA TANCREDO DE ALMEIDA NEVES,ZONA RURAL,-9.06402,-72.68762,551,-1,0
2022,54,1040,4,1074,ESCOLA JOÃO PRAXEDES,ZONA RURAL,-8.94133,-72.57598,729,-1,0
2022,55,1040,4,1082,ESCOLA MARNIZIA CRUZ,ZONA RURAL,-8.77668,-72.8296,676,-1,0
2022,56,1040,4,1090,ESCOLA MARIA LUZIA ELIAS DOS SANTOS,CENTRO,-8.94766,-72.78924,626,-1,0
2022,57,1040,4,1120,ESCOLA ERNESTINA RODRIGUES FERREIRA,ZONA RURAL,-9.41095,-72.71587,448,-1,0
2022,58,1040,4,1139,ESCOLA JOSÉ PINTO PEREIRA,ZONA RURAL,-9.19105,-72.71202,529,-1,0
2022,59,1040,4,1147,ESCOLA SAMUEL PINYÃKO,ZONA RURAL,-9.17074,-72.91177,434,-1,0
2022,60,1040,4,1155,ESCOLA LAURA SALES DE MELO,ZONA RURAL,-8.9405,-72.41095,359,-1,0
2022,61,1040,4,1163,CENTRO CULTURAL CUPICHAU,ZONA RURAL,-9.47984,-72.41832,249,-1,0
2022,62,1040,4,1171,ESCOLA ANTÔNIO RUBENS PINHEIRO,ZONA RURAL,-9.22938,-72.70331,207,-1,0
2022,63,1040,4,1180,ESCOLA PRAXEDES BRANDÃO,ZONA RURAL,-8.83504,-72.76247,317,-1,0
2022,64,1058,6,1023,CENTRO CULTURAL SEBASTIÃO JOAQUIM DANTAS BARROSO,FERREIRA DA SILVA,-10.99867,-68.75056,313,8,0
2022,65,1058,6,1040,ESCOLA MARIA SOCORRO DE SOUZA FROTA,FRANCISCO JOSE MOREIRA,-10.99382,-68.75108,1713,9,0
2022,66,1058,6,1066,ESCOLA  KAIRALA JOSE KAIRALA,RAIMUNDO CHAAR,-11.01254,-68.74111,1984,12,0
2022,67,1058,6,1074,ESCOLA VALDOMIRO FERREIRA BARROSO - KM 19,ZONA RURAL,-10.82918,-68.88791,745,-1,0
2022,68,1058,6,1082,ESCOLA GETULIO VARGAS,CENTRO,-11.0156,-68.74487,976,6,0
2022,69,1058,6,1104,ESCOLA VITORIA SALVATIERRA CESAR,CENTRO,-11.01554,-68.74424,573,6,0
2022,70,1058,6,1112,SEMED - SECRETARIA MUNICIPAL DE EDUCAÇÃO,RAIMUNDO CHAAR,-11.00865,-68.74553,538,12,0
2022,71,1058,6,1120,ESCOLA FONTENELE DE CASTRO,FERREIRA DA SILVA,-11.00013,-68.75041,1714,8,0
2022,72,1058,6,1180,ESCOLA VALERIA BISPO SABALA - KM 26,ZONA RURAL,-10.95395,-68.92785,761,-1,0
2022,73,1058,6,1198,ESCOLA FRANCISCO GERMANO DA SILVA - KM 68,ZONA RURAL,-10.81908,-69.2282,859,-1,0
2022,74,1058,6,1210,ESCOLA ODILON PRATAGI,CENTRO,-11.0073,-68.74323,1706,12,0
2022,75,1058,6,1228,ESCOLA ELSON DIAS DANTAS,LEONARDO BARBOSA,-11.0111,-68.7597,922,10,0
2022,76,1058,6,1996,ESCOLA MENINO JESUS,CENTRO,-11.00555,-68.75468,900,7,0
2022,77,1058,6,2046,CEDUP - CENTRO DE ESTUDOS EDUCAÇÃO PERMANENTE,CENTRO,-11.01508,-68.7499,789,6,0
2022,78,1058,6,2151,ESCOLA FULGÊNCIO DE PAIVA -KM 59 MAIS 18 DE RAMAL,ZONA RURAL,-10.72723,-69.11079,358,-1,0
2022,79,1058,6,2208,ESCOLA ANTÔNIO CARNEIRO DA SILVA - KM 04 POLO AGROFLORESTAL,ZONA RURAL,-10.94813,-68.70454,210,-1,0
2022,80,1058,6,2224,ESCOLA PADRE JOSÉ DE ANCHIETA - KM 59 MAIS 60 DE RAMAL,ZONA RURAL,-10.4771,-69.27543,182,-1,0
2022,81,1058,6,2240,ESCOLA GETULIO VARGAS (ZONA RURAL),ZONA RURAL,-10.47999,-69.45544,157,-1,0
2022,82,1058,6,2267,CENTRO DO IDOSO,ELDORADO,-10.99944,-68.75398,586,7,0
2022,83,1058,6,2283,UNIDADE BÁSICA DE SAÚDE SIMÃO MANSOUR BARTHA,ALBERTO CASTRO,-10.99608,-68.75968,138,5,0
2022,84,1058,6,2291,NÚCLEO DE BASE PALMEIRAS - AMOPREBE (KM 84),ZONA RURAL,-10.68603,-69.36186,236,-1,0
2022,85,1058,6,2305,CAMPUS FRONTEIRA DO ALTO ACRE - UFAC,ZONA RURAL,-10.96154,-68.8131,210,-1,0
2022,86,1058,6,2313,SENAC - NÚCLEO DE EDUCAÇÃO PROFISSIONAL DE BRASILÉIA,ELDORADO,-11.00416,-68.75182,1085,7,0
2022,87,1058,6,2321,DIVISÃO DE CONTROLE DAS ENDEMIAS,ELDORADO,-11.0018,-68.7529,575,7,1
2022,88,1066,4,1015,ESCOLA SEBASTIÃO CORREIA DE PAIVA,CENTRO,-8.26537,-72.74241,905,-1,0
2022,89,1066,4,1023,ESCOLA MANOEL MOREIRA PINHEIRO,CENTRO,-8.26713,-72.74511,1218,-1,0
2022,90,1066,4,1031,ESCOLA BORGES DE AQUINO,CENTRO,-8.26613,-72.74082,1217,-1,0
2022,91,1066,4,1040,ESCOLA IZAURA AMORIM DE LIMA,CENTRO,-8.26936,-72.74355,1508,-1,0
2022,92,1066,4,1058,ESCOLA SÃO JOSÉ,ZONA RURAL,-8.5724,-72.40444,519,-1,0
2022,93,1066,4,1074,ESCOLA NOSSA SENHORA APARECIDA,ZONA RURAL,-8.46309,-72.84421,255,-1,0
2022,94,1066,4,1082,ESCOLA CHATEAUBRIAND BEZERRA,ZONA RURAL,-8.40128,-72.59038,128,-1,0
2022,95,1066,4,1090,ESCOLA LIMA DO VALE,ZONA RURAL,-8.44716,-72.53157,316,-1,0
2022,96,1066,4,1104,ESCOLA ALFREDO SALES,ZONA RURAL,-8.54489,-72.80973,388,-1,0
2022,97,1066,4,1112,ESCOLA JOSÉ DE MELO BARRETO,ZONA RURAL,-8.6016,-72.9234,123,-1,0
2022,98,1066,4,1120,ESCOLA VENCESLAU BRÁZ,ZONA RURAL,-8.36367,-72.76782,297,-1,0
2022,99,1066,4,1139,ESCOLA FRANCISCO DAS CHAGAS,ZONA RURAL,-8.43293,-72.97836,120,-1,0
2022,100,1066,4,1147,ESCOLA CASTELO BRANCO,ZONA RURAL,-8.23634,-72.95588,220,-1,0
2022,101,1074,4,1015,ESCOLA COMANDANTE BRAZ DE AGUIAR,CENTRO,-7.63438,-72.66623,931,-1,0
2022,102,1074,4,1023,ESCOLA SANTA RITA,ZONA RURAL,-7.74178,-72.45922,505,-1,0
2022,103,1074,4,1031,ESCOLA OLAVO BILAC,ZONA RURAL,-7.77059,-72.3918,1303,-1,0
2022,104,1074,4,1058,PRÉ-ESCOLAR OSVALDO D'ALBUQUERQUE LIMA,CENTRO,-7.6333,-72.66684,396,-1,0
2022,105,1074,4,1066,ESCOLA CRAVEIRO COSTA,REMANSO,-7.62209,-72.6599,1731,-1,0
2022,106,1074,4,1074,UAB - UNIVERSIDADE ABERTA DO BRASIL,CENTRO,-7.63336,-72.66452,674,-1,0
2022,107,1074,4,1104,ESCOLA IRMÃ DIANA,CRUZEIRINHO NOVO,-7.64041,-72.67816,376,-1,0
2022,108,1074,4,1120,ESCOLA VALÉRIO CALDAS DE MAGALHÃES,CENTRO,-7.63547,-72.66959,1163,-1,0
2022,109,1074,4,1147,CEFLORA - CENTRO DE EDUCAÇÃO PROFISSIONAL E TECNOLÓGICA  DO JURUA,VINTE E CINCO DE AGOSTO,-7.61604,-72.67246,550,-1,0
2022,110,1074,4,1155,ESCOLA DOM HENRIQUE RUTH,JOÃO ALVES,-7.62979,-72.68108,3175,-1,0
2022,111,1074,4,1171,ESCOLA PADRE CARLOS KUNZ,MANOEL TERÇAS,-7.63756,-72.67903,1005,-1,0
2022,112,1074,4,1198,ESCOLA PADRE CRISTÓVÃO FREIRE ARNAUD,NOSSA SENHORA DAS GRAÇAS,-7.61765,-72.70023,1041,-1,0
2022,113,1074,4,1210,ESCOLA MARIA DE NAZARÉ SANTIAGO,ZONA RURAL,-7.72303,-72.74364,510,-1,0
2022,114,1074,4,1228,ESCOLA PADRE DAMIÃO,REMANSO,-7.61964,-72.6594,1459,-1,0
2022,115,1074,4,1295,ESCOLA CIVICO-MILITAR MADRE ADELGUNDES BECKER,MIRITIZAL,-7.64192,-72.66029,2319,-1,0
2022,116,1074,4,1309,ESCOLA THAUMATURGO DE AZEVEDO,ALUMÍNIO,-7.62875,-72.66148,1023,-1,0
2022,117,1074,4,1325,ESCOLA JUAREZ IBERNON DE OLIVEIRA,ZONA RURAL,-7.75045,-72.40056,352,-1,0
2022,118,1074,4,1333,UNIDADE DE GESTÃO AMBIENTAL INTEGRADA - UGAI,ZONA RURAL,-7.79749,-72.02761,1271,-1,0
2022,119,1074,4,1350,ESCOLA PROF FLODOARDO CABRAL,ESCOLA TÉCNICA,-7.62815,-72.67264,1348,-1,0
2022,120,1074,4,1368,ESCOLA PRESBITERIANA,ESCOLA TÉCNICA,-7.62518,-72.67217,603,-1,0
2022,121,1074,4,1376,PRE-ESCOLAR MARCELINO CHAMPAGNAT,varzea,-7.63285,-72.66366,596,-1,0
2022,122,1074,4,1384,ESCOLA MARIA LIMA DE SOUZA,COBAL,-7.62899,-72.65742,1792,-1,0
2022,123,1074,4,1392,ESCOLA PROF. ANTONIO DE BARROS FREIRE,TELEGRAFO,-7.62397,-72.66601,2123,-1,0
2022,124,1074,4,1406,ESCOLA JOÃO KUBTSCHECK,VINTE E CINCO DE AGOSTO,-7.61667,-72.67319,1438,-1,0
2022,125,1074,4,1422,ESCOLA PRES. TANCREDO DE ALMEIDA NEVES,COPACABANA,-7.62331,-72.67647,1122,-1,0
2022,126,1074,4,1457,ESCOLA CORAZITA NEGREIROS,TELEGRAFO,-7.62452,-72.66142,1103,-1,0
2022,127,1074,4,1473,ESCOLA GOVERNADOR HUGO CARNEIRO,FLORESTA,-7.62655,-72.67452,692,-1,0
2022,128,1074,4,1481,ESCOLA ARTHUR MAIA,ARTUR MAIA,-7.62093,-72.68439,1451,-1,0
2022,129,1074,4,1520,ESCOLA PROFESSORA FRANCISCA RITA DE CÁSSIA LIMA PINTO,O CRUZEIRÃO,-7.61629,-72.6687,1126,-1,0
2022,130,1074,4,1554,ESCOLA DARCY BEZERRA,AEROPORTO VELHO,-7.60211,-72.6832,2024,-1,0
2022,131,1074,4,1570,CRECHE MARIA CIDÁLIA CORREIA LIMA DE MESSIAS,SÃO JOSÉ,-7.6105,-72.67045,961,-1,0
2022,132,1074,4,1597,ESCOLA PROFESSORA QUITA,SÃO JOSÉ,-7.61127,-72.67345,855,-1,0
2022,133,1074,4,1600,ESCOLA RÊGO BARROS,CENTRO,-7.63635,-72.67398,718,-1,0
2022,134,1074,4,1619,ESCOLA SÃO JOSÉ,MORRO DA GLÓRIA,-7.63235,-72.66998,763,-1,0
2022,135,1074,4,1643,ESCOLA JOÃO BUSSONS DE OLIVEIRA,ZONA RURAL,-7.74051,-72.48687,1438,-1,0
2022,136,1074,4,1783,ESCOLA ANTÔNIO FERREIRA GOMES,ZONA RURAL,-7.66649,-72.81269,1046,-1,0
2022,137,1074,4,1791,ESCOLA MANOEL BRAZ DE MELO,ZONA RURAL,-7.58567,-72.81162,1755,-1,0
2022,138,1074,4,2089,ESCOLA CORA CORALINA,ZONA RURAL,-7.76261,-72.29482,968,-1,0
2022,139,1074,4,2097,ESCOLA AUGUSTO SEVERO,ZONA RURAL,-7.52808,-72.88198,763,-1,0
2022,140,1074,4,2100,ESCOLA EMÍDIO BRAGA DE VASCONCELOS,ZONA RURAL,-7.58091,-72.71367,1000,-1,0
2022,141,1074,4,2127,ESCOLA PADRE MARCELINO CHAMPAGNAT,JOÃO ALVES,-7.63232,-72.67833,1418,-1,0
2022,142,1074,4,2135,ESCOLA MUSTAFA ALMEIDA TOBU,JOÃO ALVES,-7.6267,-72.68059,1161,-1,0
2022,143,1074,4,2143,ESCOLA ABSOLON MOREIRA,FLORESTA,-7.61238,-72.68138,1441,-1,0
2022,144,1074,4,2151,ESCOLA SETE DE SETEMBRO,ZONA RURAL,-7.59332,-72.75005,714,-1,0
2022,145,1074,4,2160,ESCOLA LUIZ ANTÔNIO MEIRIM PEDREIRA,CRUZEIRINHO NOVO,-7.6391,-72.68023,1396,-1,0
2022,146,1074,4,2186,ESCOLA SANTA LUZIA,ZONA RURAL,-7.5506,-72.7256,483,-1,0
2022,147,1074,4,2194,ESCOLA ALFREDO SAID,ZONA RURAL,-8.0238,-72.74495,319,-1,0
2022,148,1074,4,2208,ESCOLA HUMBERTO DE CAMPOS,ZONA RURAL,-7.81059,-72.43904,843,-1,0
2022,149,1074,4,2216,ESCOLA HELENA NOBRE,ZONA RURAL,-8.13368,-72.83045,197,-1,0
2022,150,1074,4,2224,ESCOLA ARTUR LEBRE II,ZONA RURAL,-8.23474,-73.18503,509,-1,0
2022,151,1074,4,2232,ESCOLA 21 DE ABRIL,MIRITIZAL,-7.64041,-72.64685,897,-1,0
2022,152,1074,4,2240,ESCOLA RAINHA DA FLORESTA,ZONA RURAL,-8.0245,-72.40203,848,-1,0
2022,153,1074,4,2259,ESCOLA JOAQUIM NOGUEIRA,ZONA RURAL,-8.06621,-72.06362,613,-1,0
2022,154,1074,4,2267,ESCOLA PADRE EGON ANGEL,ZONA RURAL,-8.10709,-72.59623,291,-1,0
2022,155,1074,4,2275,ESCOLA DION THAUMATURGO,ZONA RURAL,-7.71477,-72.7088,296,-1,0
2022,156,1074,4,2291,ESCOLA INDÍGENA TAMÃKÃYÃ,ZONA RURAL,-7.77324,-72.20169,323,-1,0
2022,157,1074,4,2305,ESCOLA 17 DE NOVEMBRO,ZONA RURAL,-7.53616,-72.84353,285,-1,0
2022,158,1074,4,2313,ESCOLA GENERAL RONDON,ZONA RURAL,-7.67759,-72.79681,213,-1,0
2022,159,1074,4,2321,ESCOLA RAIMUNDA DE OLIVEIRA AMORIM,ZONA RURAL,-7.54362,-72.77949,134,-1,0
2022,160,1074,4,2330,ESCOLA SEBASTIANA SILENE VALENTE,ZONA RURAL,-7.72066,-72.35362,222,-1,0
2022,161,1074,4,2348,ESCOLA MILITAR DOM PEDRO II,SANTA TEREZINHA,-7.5886,-72.68608,916,-1,0
2022,162,1074,4,2356,ESCOLA VISCONDE DO RIO BRANCO,ZONA RURAL,-7.63121,-72.64295,283,-1,0
2022,163,1074,4,2364,ESCOLA RUI  BARBOSA,MIRITIZAL,-7.65394,-72.67475,118,-1,0
2022,164,1074,4,2372,ESCOLA NEUZA BERNARDINO DE SOUZA,ZONA RURAL,-8.08783,-72.77656,116,-1,0
2022,165,1082,4,1015,ESCOLA FRANCISCO BRAGA DE SOUZA,CENTRO,-7.73794,-72.65385,1691,38,0
2022,166,1082,4,1023,ESCOLA CUNHA VASCONCELOS,CENTRO,-7.73748,-72.64943,1115,37,0
2022,167,1082,4,1031,ESCOLA PEDRO DE MELO CORREIA,CENTRO,-7.73264,-72.64825,893,40,0
2022,168,1082,4,1040,ESCOLA POLO AGROFLORESTAL,ZONA RURAL,-7.68842,-72.95263,233,-1,0
2022,169,1082,4,1058,ESCOLA MARIA LIGIA DE MATOS DA SILVA,CENTRO,-7.73768,-72.64906,583,39,0
2022,170,1082,4,1066,ESCOLA PADRE RAIMUNDO AGNALDO PEREIRA TRINDADE,CENTRO,-7.72999,-72.64922,834,40,0
2022,171,1082,4,1074,ESCOLA INENCI MORORO DE OLIVEIRA,ZONA RURAL,-7.87481,-72.75919,812,-1,0
2022,172,1082,4,1082,ESCOLA MARECHAL RONDON,ZONA RURAL,-7.75893,-72.85435,314,-1,0
2022,173,1082,4,1090,ESCOLA MANOEL CARNEIRO DE MESSIAS,ZONA RURAL,-7.77283,-72.64577,648,-1,0
2022,174,1082,4,1104,ESCOLA SANTA CLARA,ZONA RURAL,-7.82159,-72.66495,927,-1,0
2022,175,1082,4,1112,ESCOLA MARGARIDA PEDREIRA,ZONA RURAL,-7.87727,-72.90646,528,-1,0
2022,176,1082,4,1120,ESCOLA RAIMUNDO ALVES DA COSTA I,ZONA RURAL,-7.87237,-73.07379,166,-1,0
2022,177,1082,4,1139,ESCOLA MARIA LIZETE DE OLIVEIRA MOURA,ZONA RURAL,-7.94593,-72.94312,366,-1,0
2022,178,1082,4,1147,ESCOLA HIDELBRANDO FABRÍCIO ÂNGELO,ZONA RURAL,-7.74594,-72.89835,227,-1,0
2022,179,1082,4,1155,ESCOLA EDSON MOURA,ZONA RURAL,-7.85785,-72.93301,279,-1,0
2022,180,1082,4,1163,ESCOLA FRANCISCO ENEAS CORREIA DE SOUZA,ZONA RURAL,-7.90909,-72.85328,212,-1,0
2022,181,1082,4,1171,ESCOLA JOSÉ MORORÓ DE OLIVEIRA,ZONA RURAL,-7.78587,-73.03162,253,-1,0
2022,182,1082,4,1180,ESCOLA SÃO JOSÉ II,ZONA RURAL,-7.69737,-72.84097,156,-1,0
2022,183,1082,4,1198,ESCOLA PAULO FREIRE ANEXO I,ZONA RURAL,-7.78096,-72.75889,198,-1,0
2022,184,1082,4,1201,ESCOLA GODOFREDO SAMPAIO,ZONA RURAL,-7.81,-72.63969,312,-1,0
2022,185,1082,4,1210,ESCOLA NUNES CORREIA,ZONA RURAL,-7.85351,-72.7342,303,-1,0
2022,186,1082,4,1228,ESCOLA JÚLIA MARIA DE SANTANA AMORIM,CENTRO,-7.7372,-72.65668,462,38,0
2022,187,1082,4,1236,ESCOLA MARIA DIONE BERNARDO MOTA,ZONA RURAL,-7.72592,-72.74007,272,-1,0
2022,188,1090,4,1015,ESCOLA JOSE BERNARDO DE SOUZA,CENTRO,-7.61286,-72.90123,522,-1,0
2022,189,1090,4,1023,SECRETARIA DE ACAO SOCIAL,JOSE MARTINS,-7.61187,-72.91159,492,-1,0
2022,190,1090,4,1031,ESCOLA PADRE EDSON OLIVEIRA DANTAS,CENTRO,-7.60871,-72.90898,1045,-1,0
2022,191,1090,4,1040,COORDENACAO DE ENSINO,CENTRO,-7.61275,-72.89988,280,-1,0
2022,192,1090,4,1058,ESCOLA ANTONIO DE OLIVEIRA DANTAS,SAO VIDAL,-7.61453,-72.90907,1493,-1,0
2022,193,1090,4,1066,CAMARA MUNICIPAL,CENTRO,-7.61111,-72.9038,341,-1,0
2022,194,1090,4,1074,ESCOLA JOSE SENA,ZONA RURAL,-7.71998,-73.34453,322,-1,0
2022,195,1090,4,1090,ESCOLA JOSEFA DE QUEIROZ,ZONA RURAL,-7.4558,-73.64409,216,-1,0
2022,196,1090,4,1112,PREFEITURA MUNICIPAL,CENTRO,-7.60779,-72.90629,346,-1,0
2022,197,1090,4,1120,ESCOLA FRANCISCO FREIRE DE CARVALHO,SAO FRANCISCO,-7.59588,-72.92491,2321,-1,0
2022,198,1090,4,1139,ESCOLA BELARMINO DE MENDONCA,CENTRO,-7.61362,-72.9022,1019,-1,0
2022,199,1090,4,1147,ESCOLA ARTUR LEBRE,GUARANI,-7.62568,-72.8804,1750,-1,0
2022,200,1090,4,1163,ESCOLA PEDRO ANTONIO DE OLIVEIRA,ZONA RURAL,-7.43426,-73.45852,491,-1,0
2022,201,1090,4,1180,ESCOLA JOAO SABINO DA ROCHA,ZONA RURAL,-7.50342,-73.26895,169,-1,0
2022,202,1090,4,1198,ESCOLA IXUBÃY RABUY PUYANAWA,ZONA RURAL,-7.52611,-73.00561,499,-1,0
2022,203,1090,4,1201,ESCOLA VENINA BATISTA SIRQUEIRA,ZONA RURAL,-7.46512,-72.9598,686,-1,0
2022,204,1090,4,1210,ESCOLA PEDRO DE MORAES,ZONA RURAL,-7.41811,-73.22485,543,-1,0
2022,205,1090,4,1228,ESCOLA GLÓRIA SORIANO ROSAS,ZONA RURAL,-7.39738,-73.04604,223,-1,0
2022,206,1090,4,1236,ESCOLA LUIZ DE FONTES,ZONA RURAL,-7.55809,-72.97949,258,-1,0
2022,207,1090,4,1244,ESCOLA JOAQUIM GENEROSO DE OLIVEIRA,IRACEMA,-7.58911,-72.93655,770,-1,0
2022,208,1104,5,1023,PREFEITURA MUNICIPAL,CENTRO,-9.19065,-71.95171,520,-1,0
2022,209,1104,5,1031,ESCOLA MANOEL RODRIGUES DE FARIAS,CENTRO,-9.1907,-71.94814,1340,-1,0
2022,210,1104,5,1040,CAMARA MUNICIPAL,CENTRO,-9.19047,-71.95124,483,-1,0
2022,211,1104,5,1058,ESCOLA DE ENSINO FUNDAMENTAL ATALIBA XIMENES ARAGAO,ZONA RURAL,-9.23052,-71.65067,417,-1,0
2022,212,1104,5,1066,ESCOLA DE ENSINO FUNDAMENTAL CORONEL FLORENCIO DA CUNHA,ZONA RURAL,-8.82431,-71.81518,474,-1,0
2022,213,1104,5,1074,ALDEIA INDIGENA BOA VISTA,ZONA RURAL,-9.34183,-72.07283,540,-1,0
2022,214,1104,5,1104,ESCOLA PRÉ ESCOLAR 12 DE OUTUBRO,CENTRO,-9.19069,-71.95106,237,-1,0
2022,215,1104,5,1112,ESCOLA JAIRO DE FIGUEIREDO MELO,CENTRO,-9.19019,-71.94831,1583,-1,0
2022,216,1112,6,1015,ESCOLA BRASIL BOLIVIA,CENTRO,-11.02973,-68.74054,1199,15,0
2022,217,1112,6,1031,ESCOLA JOANA RIBEIRO AMED,CENTRO,-11.02857,-68.73743,1438,15,0
2022,218,1112,6,1058,ESCOLA RAIMUNDA DA CUNHA AIRES,JOSE HASSEM,-11.03154,-68.74939,1431,19,0
2022,219,1112,6,1210,ESCOLA JOAO PEDRO DA SILVA,LIBERDADE,-11.0241,-68.74095,1370,20,0
2022,220,1112,6,1252,ESCOLA LUIZ GONZAGA DA ROCHA - KM 09 VILA PROGRESSO,ZONA RURAL,-11.03109,-68.6665,367,-1,0
2022,221,1112,6,1287,ESCOLA JOSÉ HASSEM HALL FILHO,SATEL,-11.02415,-68.74838,1126,23,0
2022,222,1112,6,1295,NÚCLEO ESTADUAL DE EDUCAÇÃO / SEE,CENTRO,-11.02848,-68.73848,579,15,0
2022,223,1112,6,1309,ESCOLA BELA FLOR,AEROPORTO,-11.0301,-68.73492,1753,15,0
2022,224,1112,6,1317,ESCOLA CASTELO BRANCO - KM 20,ZONA RURAL,-10.96078,-68.59467,860,-1,0
2022,225,1112,6,1325,ESCOLA JOSÉ BENÍCIO MOREIRA - KM 37 ESTRADA VELHA (PRATA),ZONA RURAL,-11.02035,-68.48802,206,-1,0
2022,226,1112,6,1333,ESCOLA ALCINO MONTEIRO DE OLIVEIRA - KM 33 (MATO GROSSO),ZONA RURAL,-10.90319,-68.4574,295,-1,0
2022,227,1112,6,1368,ESCOLA BELO PORVIR,FONTINELE DE CASTRO,-11.03577,-68.74408,867,21,0
2022,228,1112,6,1376,ESCOLA LAGO - KM 05 MAIS 28 DE RAMAL (SERINGAL PORONGABA),ZONA RURAL,-10.8097,-68.77508,238,-1,0
2022,229,1112,6,1406,ESCOLA SEBASTIÃO BRANDÃO DO NASCIMENTO,AEROPORTO,-11.03034,-68.73863,596,15,0
2022,230,1112,6,1414,ESCOLA JOSÉ JOAQUIM MEIRELES,ZONA RURAL,-10.85717,-68.67239,206,-1,0
2022,231,1120,8,1015,ESCOLA ALTINA MAGALHAES,ZONA RURAL,-9.82757,-66.88068,996,-1,0
2022,232,1120,8,1023,ESCOLA  DE 1 GRAU PROF PEDRO DE CASTRO MEIRELES,CENTRO,-10.07847,-67.05594,1127,-1,0
2022,233,1120,8,1031,ESCOLA DE 1 GRAU MARIA DE JESUS RIBEIRO,ZONA RURAL,-10.00729,-67.03876,617,-1,0
2022,234,1120,8,1040,ESCOLA SANTA LUCIA III,ZONA RURAL,-9.81228,-67.09381,1042,-1,0
2022,235,1120,8,1058,CRECHE MUNICIPAL,CENTRO,-10.07714,-67.05579,688,-1,0
2022,236,1120,8,1066,ESCOLA NOVO HORIZONTE,CENTRO,-10.07427,-67.05851,774,-1,0
2022,237,1120,8,1074,ESCOLA MARCILIO PONTES DOS SANTOS,CENTRO,-10.07284,-67.0487,1403,-1,0
2022,238,1120,8,1112,CENTRO DE TRABALHADORES DA AMAZÔNIA,ZONA RURAL - CTA,-10.01105,-66.77385,156,-1,0
2022,239,1120,8,1120,ESC MUN CEN ENS FUN RITA BOCALON RODRIGUES,CENTRO,-10.0763,-67.05188,1402,-1,0
2022,240,1120,8,1139,POLO UNIVERSITARIO DA UAB,CENTRO,-10.07339,-67.05453,526,-1,0
2022,241,1120,8,1180,ESCOLA MUNICIPAL JAIME ALENCAR,ZONA RURAL - PORTO LUIZ I E II,-9.98911,-66.93384,240,-1,0
2022,242,1120,8,1198,COLÉGIO AGRÍCOLA,ZONA RURAL - RAMAL PROGRESSO,-9.84971,-66.8487,113,-1,0
2022,243,1120,8,1210,CENTRO DE REFERENCIA E ASSISTENCIA SOCIAL - CRAS,CENTRO,-10.07811,-67.05564,445,-1,0
2022,244,1139,7,1031,ESCOLA DE SEGUNDO GRAU JOSE GURGEL RABELO,CIDADE NOVA,-8.16586,-70.3504,2800,27,0
2022,245,1139,7,1040,GINASIO IMACULADA CONCEICAO,CENTRO,-8.16846,-70.35626,1369,26,0
2022,246,1139,7,1058,GRUPO ESCOLAR PREFEITO RAIMUNDO AUGUSTO DE ARAUJO,CENTRO,-8.1619,-70.35006,2459,34,0
2022,247,1139,7,1074,COMPLEXO ESCOLAR NANZIO MAGALHAES,CIDADE NOVA,-8.16757,-70.35053,1680,27,0
2022,248,1139,7,1112,ESCOLA FRANCISCO NUNES LEITÃO,SEGUNDO DISTRITO,-8.17037,-70.35002,953,27,0
2022,249,1139,7,1147,PRE-ESCOLAR TOPPO GIGGIO,CENTRO,-8.16835,-70.34361,523,30,0
2022,250,1139,7,1163,ESCOLA VICENTE CELSO BRANDAO,BELA VISTA,-8.15892,-70.3518,2515,25,0
2022,251,1139,7,1171,ESCOLA DE ENSINO FUNDAMENTAL SEVERINO CORDEIRO,ESPERANÇA,-8.16704,-70.3442,2578,30,0
2022,252,1139,7,1180,ESCOLA DE ENSINO FUNDAMENTAL DR. EIRALDO CARNEIRO DE FRANCA,COHAB I,-8.1956,-70.34476,1242,36,1
2022,253,1139,7,1198,ESCOLA ANTÔNIO FENELON DE OLIVEIRA,ZONA RURAL,-8.5128,-70.04855,622,-1,0
2022,254,1139,7,1201,ESCOLA PAULINO FEIJO DE MELO,ZONA RURAL,-8.46495,-70.55173,400,-1,0
2022,255,1139,7,1210,ESCOLA MUNICIPAL MANOEL VENANCIO BARBOSA,ZONA RURAL,-7.96015,-69.94614,448,-1,0
2022,256,1139,7,1228,ESCOLA MUNICIPAL DE ENSINO FUNDAMENTAL RAIMUNDO PRADO,ZONA RURAL,-9.16744,-70.85247,433,-1,0
2022,257,1139,7,1236,ESCOLA MUNICIPAL DE ENSINO FUNDAMENTAL DONA TEREZA DE CARVALHO,ZONA RURAL,-8.90495,-70.85959,302,-1,0
2022,258,1139,7,1244,ESCOLA MUNICIPAL DE EDUCACAO INFANTIL MENINO JESUS,NAIR ARAUJO,-8.17086,-70.35396,1312,33,0
2022,259,1139,7,1252,ESCOLA KAXINAWA HUNIKUI SIA,ZONA RURAL,-8.08329,-70.31974,305,-1,0
2022,260,1139,7,1260,ESCOLA TAKEHAYNE SHANENAWA,ZONA RURAL,-8.15893,-70.37101,305,35,1
2022,261,1139,7,1279,ESCOLA JOSE FERREIRA FILHO,ZONA RURAL,-8.8653,-70.59477,387,-1,0
2022,262,1139,7,1295,ESCOLA IVO NEVES,ZONA RURAL,-8.29424,-70.36815,136,-1,0
2022,263,1139,7,1309,ESCOLA MUNICIPAL ARLETE ALMEIDA,ZONA RURAL,-8.66368,-70.70157,164,-1,0
2022,264,1139,7,1317,ESCOLA NOVA OLINDA,ZONA RURAL,-9.10163,-70.71797,258,-1,0
2022,265,1139,7,1325,CENTRO DE REFERÊNCIA DE ASSISTÊNCIA SOCIAL - CRAS,CENTRO,-8.16885,-70.35837,1144,26,0
2022,266,1139,7,1333,UNIVERSIDADE FEDERAL DO ACRE - UFAC,CIDADE NOVA,-8.1662,-70.35138,79,27,0
2022,267,1139,7,1341,ALDEIA NOVA FLORESTA,ZONA RURAL,-9.47805,-71.30307,375,-1,0
2022,268,1392,1,1031,COLÉGIO ESTADUAL BARÃO DO RIO BRANCO,CENTRO,-9.9731,-67.81026,2039,-1,0
2022,269,1392,1,1058,INSTITUTO BRASILEIRO DE GEOGRAFIA E ESTATISTICA - IBGE,CENTRO,-9.97507,-67.80802,284,-1,0
2022,270,1392,1,1066,OCA RIO BRANCO,CENTRO,-9.97278,-67.80661,1987,-1,0
2022,271,1392,1,1074,CENTRO DE EDUCAÇÃO DE JOVENS E ADULTOS - CEJA CENTRO,CENTRO,-9.97717,-67.80957,992,-1,0
2022,272,1392,1,1090,PREFEITURA MUNICIPAL DE RIO BRANCO,CENTRO,-9.97246,-67.80998,1507,-1,0
2022,273,1392,1,1139,COLEGIO ACREANO,CENTRO,-9.97417,-67.80622,1672,-1,0
2022,274,1392,1,1171,DERACRE,SEGUNDO DISTRITO,-9.98479,-67.80626,1021,-1,0
2022,275,1392,1,1180,SECRETARIA DE ESTADO DE SAÚDE - SESACRE,CENTRO,-9.97468,-67.80755,702,-1,0
2022,276,1392,1,1236,ESCOLA DR. CARLOS VASCONCELOS,QUINZE,-9.98995,-67.81106,1640,-1,0
2022,277,1392,1,1260,ESCOLA PROF. MARILENA MANSOUR (ANTIGA IRACEMA GOMES PEREIRA),QUINZE,-9.986,-67.81201,1015,-1,0
2022,278,1392,1,1279,ESCOLA MENINO JESUS,CENTRO,-9.97485,-67.80707,1006,-1,0
2022,279,1392,1,1295,ESCOLA ESTADUAL PROFESSORA TEREZINHA MIGUÉIS,CIDADE NOVA,-9.98461,-67.8178,1738,-1,0
2022,280,1392,1,1317,ESCOLA PROFESSOR JOSÉ RODRIGUES LEITE (ÉTICA),CENTRO,-9.97469,-67.80816,1527,-1,0
2022,281,1392,1,1384,ESCOLA ANITA GARIBALDI,TRIÂNGULO VELHO,-9.98936,-67.80914,1008,-1,0
2022,282,1392,1,1465,INSTITUTO IMACULADA CONCEICAO - CENEC,QUINZE,-9.98469,-67.81105,1031,-1,0
2022,283,1392,1,1473,INSTITUTO SAO JOSE,CENTRO,-9.97445,-67.81163,1182,-1,0
2022,284,1392,1,1490,PALACIO DAS SECRETARIAS,CENTRO,-9.97483,-67.80905,797,-1,0
2022,285,1392,1,1546,SECRETARIA DA FAZENDA,CENTRO,-9.97506,-67.80843,643,-1,0
2022,286,1392,1,1554,CONSELHO REGIONAL DE ENFERMAGEM - COREN,CENTRO,-9.97131,-67.81335,987,-1,0
2022,287,1392,1,1589,SEINFRA - SECRETARIA DE ESTADO DE INFRAESTRUTURA,TRIÂNGULO,-9.98515,-67.80628,609,-1,0
2022,288,1392,1,1600,SECRETARIA DE ESTADO DE EDUCAÇÃO (ANTIGO SEBRAE),CENTRO,-9.97174,-67.81184,985,-1,0
2022,289,1392,1,1643,ESCOLA LOURIVAL PINHO,TRIÂNGULO VELHO,-9.98786,-67.80944,1682,-1,0
2022,290,1392,1,1651,SERVICO SOCIAL DO COMERCIO (SESC CENTRO),CENTRO,-9.9748,-67.81113,790,-1,0
2022,291,1392,1,1708,FORUM BARAO DO RIO BRANCO,CENTRO,-9.97605,-67.81027,1182,-1,0
2022,292,1392,1,1759,ESCOLA RURAL ERCÍLIA FEITOSA GOMES,ZONA RURAL,-10.01413,-67.6732,463,-1,0
2022,293,1392,1,1783,ESCOLA RURAL CAPITÃO EDGARD CERQUEIRA FILHO,ZONA RURAL,-10.00876,-67.50105,767,-1,0
2022,294,1392,1,1848,ESCOLA MUNICIPAL RAIMUNDO HERMINIO DE MELO,ZONA RURAL,-10.01491,-67.71749,1287,-1,0
2022,295,1392,1,1856,ESCOLA JOAO MARIANO,TAQUARI,-10.00555,-67.8219,1297,-1,0
2022,296,1392,1,1872,ESCOLA ROBERTO SANCHES MUBARAC,SEIS DE AGOSTO,-9.97767,-67.80232,1869,-1,0
2022,297,1392,1,1929,ESCOLA GEORGETE ELUAN KALUME,CADEIA VELHA,-9.97217,-67.79474,1571,-1,0
2022,298,1392,1,1961,SUPERINTENDÊNCIA DO MINISTÉRIO DO TRABALHO,CENTRO,-9.97381,-67.80756,673,-1,0
2022,299,1392,1,1988,INSTITUTO DO MEIO AMBIENTE DO ACRE-IMAC,CENTRO,-9.9719,-67.80868,533,-1,0
2022,300,1392,1,1996,ESCOLA ZULEIDE PEREIRA DE SOUZA,VILA ACRE,-10.02418,-67.7987,1671,-1,0
2022,301,1392,1,2054,SENAI,CADEIA VELHA,-9.97216,-67.79428,1949,-1,0
2022,302,1392,1,2089,ESCOLA MADRE HILDEBRANDA DO PRA,CIDADE NOVA,-9.98105,-67.81437,1319,-1,0
2022,303,1392,1,2100,MUSEU DOS POVOS ACREANOS,CENTRO,-9.97608,-67.80714,120,-1,0
2022,304,1392,1,2313,ESCOLA LEONCIO DE CARVALHO,VILA ACRE,-10.04738,-67.79138,1663,-1,0
2022,305,1392,1,2321,ASSEMBLEIA LEGISLATIVA DO ACRE,CENTRO,-9.97574,-67.80949,359,-1,0
2022,306,1392,1,2402,ESCOLA ANA TURAM MACHADO FALCAO,CIDADE NOVA,-9.98229,-67.81603,1087,-1,0
2022,307,1392,1,2461,TRIBUNAL REGIONAL DO TRABALHO - TRT,CENTRO,-9.9758,-67.80986,586,-1,0
2022,308,1392,1,2470,ESCOLA ANTONIA FERNANDES DE FREITAS,SANTA INÊS,-10.00737,-67.79442,1395,-1,0
2022,309,1392,1,2488,BIBLIOTECA PÚBLICA ESTADUAL,CENTRO,-9.97358,-67.81012,284,-1,0
2022,310,1392,1,2500,INSS - AGÊNCIA CENTRO,CENTRO,-9.97164,-67.81124,359,-1,0
2022,311,1392,1,2526,ESCOLA ELIAS MANSOUR,TAQUARI,-9.99846,-67.81735,941,-1,0
2022,312,1392,1,2534,ESCOLA OSCAR FELICIO DE SOUZA,VILA ALBERT SAMPAIO,-10.01641,-67.69933,678,-1,0
2022,313,1392,1,2542,ESCOLA PAULO FREIRE,BELO JARDIM II,-10.01052,-67.77689,1647,-1,0
2022,314,1392,1,2550,ESCOLA PROF. SEBASTIÃO PEDROSA (ARENA DA FLORESTA),COMARA,-9.99776,-67.80571,1439,-1,0
2022,315,1392,1,2569,ESCOLA MARIA ANGÉLICA DE CASTRO,CENTRO,-9.98006,-67.80719,1729,-1,0
2022,316,1392,1,2577,ESCOLA JOSE CHALUB LEITE,AREAL,-10.00277,-67.80088,985,-1,0
2022,317,1392,1,2585,DEPARTAMENTO NACIONAL DE INFRAESTRUTURA E TRANSPORTE - DNIT,BAIRRO DA CORRENTE,-10.01197,-67.79519,985,-1,0
2022,318,1392,1,2615,SECRETARIA DE ESTADO DE COMUNICAÇÃO - SECOM,CENTRO,-9.97387,-67.81071,231,-1,0
2022,319,1392,1,2666,ESCOLA SANTO ANTONIO II,ZONA RURAL,-9.96729,-67.73109,861,-1,0
2022,320,1392,1,2674,ESCOLA BENFICA,VILA ACRE,-10.04699,-67.79107,1008,-1,0
2022,321,1392,1,2690,SEST/SENAT,VILA ACRE,-10.02717,-67.79888,1465,-1,0
2022,322,1392,1,2712,ESCOLA PROFESSOR JOSUÉ FERNANDES,RECANTO DOS BURITIS,-10.00285,-67.79322,1372,-1,0
2022,323,1392,1,2720,ESCOLA DUQUE DE CAXIAS,BELO JARDIM II,-10.01144,-67.77425,1328,-1,0
2022,324,1392,1,2755,SECRETARIA DE ESTADO DE MEIO AMBIENTE - SEMA,CENTRO,-9.97439,-67.8078,440,-1,0
2022,325,1392,1,2763,ESCOLA DR. JOSÉ CARVALHO,VILA ACRE,-10.06267,-67.78026,726,-1,0
2022,326,1392,1,2771,ESCOLA RURAL SÃO PEDRO I,ZONA RURAL,-10.0888,-67.82046,504,-1,0
2022,327,1392,1,2780,ESCOLA MAURICILA SANTANA,VILA BENFICA,-10.06909,-67.80026,695,-1,0
2022,328,1392,1,2798,ESCOLA BELO JARDIM,BELO JARDIM I,-10.00892,-67.77529,941,-1,0
2022,329,1392,1,2801,ESCOLA SANTA MARIA II,SANTA MARIA,-10.04871,-67.7713,706,-1,0
2022,330,1392,1,2810,IDAF - VILA ACRE,VILA ACRE,-10.0232,-67.79867,1169,-1,0
2022,331,1392,1,2828,ACREPREVIDÊNCIA,CERÂMICA,-9.97269,-67.80261,707,-1,0
2022,332,1392,1,2836,CENTRO DE SAUDE CLAUDIA VITORINO,TAQUARI,-9.99633,-67.8077,672,-1,0
2022,333,1392,1,2844,ESCOLA RURAL BEIJA-FLOR,BELO JARDIM II,-10.00175,-67.77164,627,-1,0
2022,334,1392,1,2852,ESCOLA RURAL RUY AZEVEDO,ZONA RURAL,-10.04013,-67.83295,469,-1,0
2022,335,1392,1,2860,ESCOLA DJANIRA BEZERRA DOS REIS,TAQUARI,-10.00891,-67.83012,385,-1,0
2022,336,1392,1,2895,ESCOLA PROF RAIMUNDA SILVA PARÁ,CIDADE DO POVO,-10.02536,-67.75325,1666,-1,0
2022,337,1392,1,2909,CONTROLADORIA GERAL DA UNIÃO - CGU,TRIÂNGULO NOVO,-10.00448,-67.80738,370,-1,0
2022,338,1392,1,2917,ESCOLA MARIA IZALIZ CORREIA TEIXEIRA,SANTA INÊS,-10.00026,-67.79507,392,-1,0
2022,339,1392,1,2933,ESCOLA MUNICIPAL CHICO MENDES,SANTA INÊS,-10.01093,-67.79795,843,-1,0
2022,340,1392,1,2950,UNIDADE DE SAÚDE MARIA DE JESUS DE ANDRADE,TAQUARI,-10.00816,-67.82574,218,-1,0
2022,341,1392,1,2968,ESCOLA CARMELITA BARBOSA MONTENEGRO,VILA ACRE,-10.03619,-67.80012,561,-1,0
2022,342,1392,1,2976,URAP  EDUARDO ASSMAR,QUINZE,-9.98589,-67.81146,186,-1,0
2022,343,1392,1,2984,ESCOLA DE EDUCAÇÃO INFANTIL WILLY VIANA DAS NEVES,CIDADE NOVA,-9.98194,-67.81729,360,-1,0
2022,344,1392,1,3000,CRAS CIDADE NOVA,CIDADE NOVA,-9.98098,-67.81637,117,-1,0
2022,345,1392,1,3018,CEU - CENTRO DE ESPORTES UNIFICADO,CIDADE NOVA,-9.98141,-67.81655,133,-1,0
2022,346,1392,1,3026,UNIDADE BÁSICA DE SAÚDE MARIA DA CONCEIÇÃO,BELO JARDIM I,-10.00806,-67.7841,469,-1,0
2022,347,1392,1,3034,"MINISTÉRIO DA AGRICULTURA, PECUÁRIA E ABASTECIMENTO - MAPA",CORRENTE,-10.0193,-67.7974,846,-1,0
2022,348,1392,1,3050,CENTRO DE EDUCAÇÃO SUPERIOR DO ACRE (ANTIGA FACULDADE BETEL),CANAÃ,-9.99339,-67.79517,330,-1,0
2022,349,1392,1,3093,ESCOLA MANOEL MACHADO,BELO JARDIM I,-9.98126,-67.79132,441,-1,0
2022,350,1392,1,3115,ESCOLA TUFIC ASSMAR,SANTA MARIA,-10.06322,-67.74405,324,-1,0
2022,351,1392,1,3174,ESCOLA CLARISSE FECURY,SANTA INÊS,-10.00912,-67.79871,1323,-1,0
2022,352,1392,1,3247,ESCOLA MUNICIPAL MONTE CASTELO,APOLÔNIO SALES,-9.92578,-67.81235,1397,-1,0
2022,353,1392,1,3255,ESCOLA CASTELO BRANCO,AVIÁRIO,-9.96757,-67.8033,1350,-1,0
2022,354,1392,1,3263,UNIDADE DE SAÚDE FRANCISCO RONEY MEIRELES,VILA IVONETE,-9.93334,-67.82561,671,-1,0
2022,355,1392,1,3280,INCRA - INSTITUTO NACIONAL DE COLONIZAÇÃO E REFORMA AGRÁRIA,AVIÁRIO,-9.96543,-67.80259,1680,-1,0
2022,356,1392,1,3298,ESCOLA NEUTEL MAIA,BOSQUE,-9.96671,-67.81743,1684,-1,0
2022,357,1392,1,3301,ESCOLA ESTADUAL PROFESSOR RAIMUNDO BORGES,CHICO MENDES,-9.94134,-67.80447,1011,-1,0
2022,358,1392,1,3310,ESCOLA SAMUEL BARREIRA,BOSQUE,-9.95936,-67.80646,1627,-1,0
2022,359,1392,1,3328,ESCOLA ESTADUAL RAIMUNDO HERMINIO DE MELO,RAIMUNDO MELO,-9.94271,-67.82102,1679,-1,0
2022,360,1392,1,3336,ESCOLA PIMENTEL GOMES,SÃO FRANCISCO,-9.94889,-67.79499,1681,-1,0
2022,361,1392,1,3344,ESCOLA PROFESSORA CLÍCIA GADELHA,SÃO FRANCISCO,-9.94815,-67.79485,1630,-1,0
2022,362,1392,1,3352,ESCOLA JORGE FELIX LAVOCAT,TROPICAL,-9.95858,-67.79428,1327,-1,0
2022,363,1392,1,3360,ESCOLA  MOZART DONIZETE,VILA IVONETE,-9.95047,-67.82429,1706,-1,0
2022,364,1392,1,3379,ESCOLA BERTA VIEIRA DE ANDRADE,SÃO FRANCISCO,-9.95251,-67.79659,2006,-1,0
2022,365,1392,1,3387,IDAF - AVIÁRIO,AVIÁRIO,-9.96649,-67.80315,775,-1,0
2022,366,1392,1,3409,SENAC,BOSQUE,-9.95685,-67.81552,151,-1,0
2022,367,1392,1,3425,ESCOLA LINDAURA MARTINS LEITÃO,ELDORADO,-9.93825,-67.8022,1357,-1,0
2022,368,1392,1,3433,ESCOLA ESTADUAL IZA MELLO,SÃO FRANCISCO,-9.95236,-67.79763,1010,-1,0
2022,369,1392,1,3441,ESCOLA MARIANA DA SILVA OLIVEIRA (ANTIGA NAZARÉ DOURADO),PLACAS,-9.93262,-67.82095,1010,-1,0
2022,370,1392,1,3450,CENTRO DE SAÚDE VILA IVONETE,VILA IVONETE,-9.9502,-67.82446,343,-1,0
2022,371,1392,1,3468,ESCOLA GLÓRIA PEREZ,XAVIER MAIA,-9.93907,-67.8137,2375,-1,0
2022,372,1392,1,3476,SECRETARIA DE ESTADO DE PLANEJAMENTO E GESTÃO (SEPLAG - ANTIGA SDA),AVIÁRIO,-9.96689,-67.80331,451,-1,0
2022,373,1392,1,3492,ESCOLA HUMBERTO SOARES,JOSÉ AUGUSTO,-9.96564,-67.80843,2052,-1,0
2022,374,1392,1,3506,ESCOLA THEODOLINA FALCAO MACEDO,PLACAS,-9.94489,-67.81226,1684,-1,0
2022,375,1392,1,3514,FEDERAÇÃO DO COMÉRCIO - FECOMÉRCIO/AC,VILA IVONETE,-9.95618,-67.81786,344,-1,0
2022,376,1392,1,3522,SENAC,BOSQUE,-9.95685,-67.81552,1429,-1,0
2022,377,1392,1,3549,ESCOLA MARIA LÚCIA MOURA MARIN,MORADA DO SOL,-9.96311,-67.79491,1196,-1,0
2022,378,1392,1,3557,ESCOLA AGNALDO MORENO (ANTIGA MARILENA MANSOUR),ZONA RURAL,-9.88446,-67.68009,560,-1,0
2022,379,1392,1,3565,CEJA - SÃO FRANCISCO,SÃO FRANCISCO,-9.95154,-67.79485,676,-1,0
2022,380,1392,1,3573,ESCOLA MUNICIPAL LUIZA CARNEIRO DANTAS,SÃO FRANCISCO,-9.95382,-67.79816,1344,-1,0
2022,381,1392,1,3581,INSTITUTO DE EDUCACAO LOURENCO FILHO,VILA IVONETE,-9.95324,-67.81908,1480,-1,0
2022,382,1392,1,3590,ESCOLA VOVO MOCINHA,PLACAS,-9.93939,-67.81478,1350,-1,0
2022,383,1392,1,3603,GABINETE DO VICE GOVERNADOR (ANTIGA SAI),CENTRO,-9.97099,-67.81096,830,-1,0
2022,384,1392,1,3611,SECRETARIA DE ESTADO DE PLANEJAMENTO E GESTÃO (SEPLAG - ANTIGA SDA),AVIÁRIO,-9.96689,-67.80331,39,-1,0
2022,385,1392,1,3638,ESCOLA DOM GIOCONDO MARIA GROTTI,BOSQUE,-9.95972,-67.80881,1342,-1,0
2022,386,1392,1,3646,COHAB-ACRE,BOSQUE,-9.96045,-67.8104,998,-1,0
2022,387,1392,1,3662,ESCOLA LUIZ DE CARVALHO FONTENELLE,BOSQUE,-9.96066,-67.81889,552,-1,0
2022,388,1392,1,3670,FUNDAÇÃO NACIONAL DE SAUDE - FUNASA,BOSQUE,-9.96127,-67.8203,928,-1,0
2022,389,1392,1,3689,SEME - SECRETARIA MUNICIPAL DE EDUCAÇÃO,BOSQUE,-9.95983,-67.81217,477,-1,0
2022,390,1392,1,3700,ESCOLA DR. MARIO DE OLIVEIRA,CERÂMICA,-9.97127,-67.80403,1598,-1,0
2022,391,1392,1,3719,UNIDADE DE SAÚDE DA FAMÍLIA - VITÓRIA,CHICO MENDES,-9.94519,-67.80064,340,-1,0
2022,392,1392,1,3735,COLÉGIO LATO SENSU,TROPICAL,-9.96043,-67.79553,1354,-1,0
2022,393,1392,1,3743,ESCOLA PADRE CARLOS CASAVECCHIA,XAVIER MAIA,-9.93258,-67.82013,1651,-1,0
2022,394,1392,1,3751,INSTITUTO FEDERAL DO ACRE - IFAC,XAVIER MAIA,-9.93129,-67.81793,2702,-1,0
2022,395,1392,1,3778,ESCOLA FREI ANDRÉ MARIA FICARELLI,CIDADE DO POVO,-10.02677,-67.75449,835,-1,0
2022,396,1392,1,3794,CRECHE MARIA ESTELA MARQUES,ELDORADO,-9.93585,-67.79632,228,-1,0
2022,397,1392,1,3816,ESCOLA MUNICIPAL BOA UNIÃO,SANTA MARIA,-10.05193,-67.76107,329,-1,0
2022,398,1392,1,3840,COLÉGIO MILITAR DOM PEDRO II,RESIDENCIAL SANTO AFONSO,-10.0184,-67.78067,1281,-1,0
2022,399,1392,1,3859,INSTITUTO ÁGUIAS DO SABER,SÃO FRANCISCO,-9.96135,-67.80186,713,-1,0
2022,400,1392,1,3867,SECRETARIA ESTADUAL ADJUNTA DE LICITAÇÕES (CPL),AVIÁRIO,-9.96394,-67.80786,566,-1,0
2022,401,1392,1,3875,MINISTÉRIO PÚBLICO DO TRABALHO - MPT,DOM GIOCONDO,-9.97225,-67.81342,238,-1,0
2022,402,1392,1,3948,SERVIÇO SOCIAL DO COMÉRCIO (SESC BOSQUE),BOSQUE,-9.956,-67.81931,730,-1,0
2022,403,1392,9,1015,ESCOLA PÚBLICA HELOÍSA MOURÃO MARQUES,AEROPORTO VELHO,-9.97803,-67.82437,1688,-1,0
2022,404,1392,9,1023,INSTITUTO FEDERAL DO ACRE - IFAC -  BAIXADA,AEROPORTO VELHO,-9.98483,-67.82253,1152,-1,0
2022,405,1392,9,1031,ESCOLA FRANCISCO SALGADO FILHO,FLORESTA,-9.97131,-67.83181,1683,-1,0
2022,406,1392,9,1040,ESCOLA MUNICIPAL ANGELINA GONÇALVES DE SOUZA,FLORESTA,-9.97507,-67.84357,1347,-1,0
2022,407,1392,9,1058,ESCOLA LOURIVAL SOMBRA,ESTAÇÃO EXPERIMENTAL,-9.96413,-67.83799,1682,-1,0
2022,408,1392,9,1066,ESCOLA LUIZA BATISTA DE SOUZA,FLORESTA,-9.97061,-67.83644,1545,-1,0
2022,409,1392,9,1074,ESCOLA NATALINO DA SILVEIRA BRITO,ESTAÇÃO EXPERIMENTAL,-9.96392,-67.83366,1351,-1,0
2022,410,1392,9,1082,ESCOLA PADRE DIOGO FEIJÓ,ABRAÃO ALAB,-9.9722,-67.82738,1351,-1,0
2022,411,1392,9,1090,ESCOLA SERAFIM DA SILVA SALGADO,AEROPORTO VELHO,-9.98328,-67.82431,1334,-1,0
2022,412,1392,9,1104,ESCOLA TANCREDO NEVES,GLÓRIA,-9.9903,-67.82684,2163,-1,0
2022,413,1392,9,1112,SECRETARIA DE EDUCAÇÃO E CULTURA,AEROPORTO VELHO,-9.97844,-67.82447,1342,-1,0
2022,414,1392,9,1139,ESCOLA PÚBLICA ADALBERTO SENA,DISTRITO INDUSTRIAL,-9.97338,-67.85342,1828,-1,0
2022,415,1392,9,1147,ESCOLA PÚBLICA ALCIMAR LEITÃO,DISTRITO INDUSTRIAL,-9.94568,-67.88136,1687,-1,0
2022,416,1392,9,1155,SEAPROF,ESTAÇÃO EXPERIMENTAL,-9.96636,-67.83094,1363,-1,0
2022,417,1392,9,1163,ESCOLA PÚBLICA ÁUREA PIRES,AEROPORTO VELHO,-9.9888,-67.82135,1352,-1,0
2022,418,1392,9,1171,SECRETARIA DE ESTADO DE ASSISTENCIA SOCIAL - FUMBESA,ESTAÇÃO EXPERIMENTAL,-9.96667,-67.8321,1566,-1,0
2022,419,1392,9,1180,INSTITUTO DE DESENV. DE EDUCAÇÃO PROF DOM MOACYR (COL.AGRÍCOLA),ZONA RURAL,-10.01019,-67.98985,1097,-1,0
2022,420,1392,9,1198,UFAC - UNIVERSIDADE FEDERAL DO ACRE,DISTRITO INDUSTRIAL,-9.95647,-67.86327,2954,-1,0
2022,421,1392,9,1201,ESCOLA HENRIQUE LIMA,CALAFATE,-9.97675,-67.88575,1982,-1,0
2022,422,1392,9,1210,ESCOLA SHEILA MARIA NASSERALA,ESTAÇÃO EXPERIMENTAL,-9.96334,-67.84015,703,-1,0
2022,423,1392,9,1228,ESCOLA DARCY VARGAS,DISTRITO INDUSTRIAL,-9.96107,-67.85318,988,-1,0
2022,424,1392,9,1236,ESCOLA JOÃO PAULO I,JOÃO EDUARDO,-9.98112,-67.83262,1691,-1,0
2022,425,1392,9,1244,ESCOLA CLÍNIO BRANDÃO,FLORESTA,-9.9897,-67.84806,1187,-1,0
2022,426,1392,9,1252,ESCOLA JOÃO PAULO II,SOBRAL,-10.00139,-67.83343,2016,-1,0
2022,427,1392,9,1260,ESCOLA JOSÉ SALES DE ARAÚJO,DISTRITO INDUSTRIAL,-9.97333,-67.85349,1451,-1,0
2022,428,1392,9,1287,CENTRO CULTURAL E SOCIAL LYDIA HAMMES (ANTIGO INPA),AEROPORTO VELHO,-9.98885,-67.81843,685,-1,0
2022,429,1392,9,1295,ESCOLA MARIA RAIMUNDA BALBINO DA SILVA,PALHEIRAL,-9.98399,-67.82713,1120,-1,0
2022,430,1392,9,1309,ESCOLA RURAL PROF. CLAUDIO AUGUSTO F. DE SALES,ZONA RURAL,-9.95974,-68.18577,612,-1,0
2022,431,1392,9,1317,ESCOLA MUN PROF TEREZINHA MIGUÉIS (PROJ. FIGUEIRA - INCRA),ZONA RURAL,-9.93525,-68.30394,1063,-1,0
2022,432,1392,9,1325,SMZC - SECRETARIA MUNICIPAL E ZELADORIA DA CIDADE,AEROPORTO VELHO,-9.98262,-67.82485,636,-1,0
2022,433,1392,9,1333,ESCOLA PÚBLICA RAIMUNDO GOMES DE OLIVEIRA,DISTRITO INDUSTRIAL,-9.94938,-67.85923,2344,-1,0
2022,434,1392,9,1350,DEPARTAMENTO DE VIIGILÂNCIA SANITÁRIA (ANTIGA EMURB),FLORESTA,-9.97452,-67.82858,1005,-1,0
2022,435,1392,9,1368,ESCOLA INFANTIL MONTEIRO LOBATO,FLORESTA,-9.97513,-67.82855,1026,-1,0
2022,436,1392,9,1376,FEDERAÇÃO DAS INDÚSTRIAS DO ESTADO DO ACRE - FIEAC,ESTAÇÃO EXPERIMENTAL,-9.96831,-67.83019,1000,-1,0
2022,437,1392,9,1384,ESCOLA FRANCISCO AUGUSTO BACURAU,FLORESTA,-9.98007,-67.84337,1356,-1,0
2022,438,1392,9,1406,DETRAN-AC (EM FRENTE AG BANCO DO BRASIL ESTILO),ABRAÃO ALAB,-9.96908,-67.82352,837,-1,0
2022,439,1392,9,1422,COLÉGIO ALTERNATIVO,FLORESTA,-9.97384,-67.83445,1483,-1,0
2022,440,1392,9,1430,ASSOCIAÇÃO DE PAIS E AMIGOS DOS EXCEPCIONAIS - APAE,ESPERANÇA,-9.97315,-67.83504,671,-1,0
2022,441,1392,9,1449,ESCOLA INFANTIL BEM-TE-VI,ESPERANÇA,-9.97246,-67.83486,684,-1,0
2022,442,1392,9,1457,CENTRO ESTADUAL DE ATENDIMENTO AO DEFICIENTE VISUAL,ESTAÇÃO EXPERIMENTAL,-9.96721,-67.83081,462,-1,0
2022,443,1392,9,1490,TRIBUNAL DE CONTAS DO ESTADO DO ACRE,ABRAÃO ALAB,-9.96823,-67.82316,602,-1,0
2022,444,1392,9,1503,DETRAN,ESTAÇÃO EXPERIMENTAL,-9.96652,-67.83083,697,-1,0
2022,445,1392,9,1520,COLÉGIO META III,ABRAÃO ALAB,-9.97145,-67.82623,1817,-1,0
2022,446,1392,9,1538,ESCOLA FRANCISCO DE PAULA LEITE OITICICA,BAHIA NOVA,-9.99169,-67.83207,1338,-1,0
2022,447,1392,9,1554,CENTRO DE TECNOLOGIA DA MADEIRA E DO MOBILIÁRIO (SESI),DISTRITO INDUSTRIAL,-9.94413,-67.87083,832,-1,0
2022,448,1392,9,1562,IBAMA,ABRAÃO ALAB,-9.96997,-67.82287,612,-1,0
2022,449,1392,9,1570,ESCOLA JOSÉ RIBAMAR BATISTA,AEROPORTO VELHO,-9.98443,-67.82273,1678,-1,0
2022,450,1392,9,1589,ESCOLA JUVENAL ANTUNES,CALAFATE,-9.97973,-67.87077,1416,-1,0
2022,451,1392,9,1597,ESCOLA  AFONSO PINTO DE MEDEIROS,PLÁCIDO DE CASTRO,-10.00181,-67.83856,1023,-1,0
2022,452,1392,9,1600,ESCOLA MARILDA GOUVEIA VIANA,JOÃO EDUARDO,-9.98208,-67.83468,1403,-1,0
2022,453,1392,9,1619,ESCOLA PROFESSORA RAMONA M P DE CASTRO,BOA VISTA,-10.00458,-67.83601,1316,-1,0
2022,454,1392,9,1627,ESCOLA FREI THIAGO MARIA MATIOLI,BAHIA,-9.98813,-67.82807,1710,-1,0
2022,455,1392,9,1635,ESCOLA FLAVIANO FLÁVIO BAPTISTA,AEROPORTO VELHO,-9.99272,-67.81628,1346,-1,0
2022,456,1392,9,1643,ESCOLA IRMÃ MARIA GABRIELA SOARES,PREVENTÓRIO,-9.97425,-67.82049,719,-1,0
2022,457,1392,9,1660,ESCOLA AYRTON SENNA DA SILVA,AYRTON SENA,-10.00032,-67.82571,1004,-1,0
2022,458,1392,9,1678,ESCOLA ARMANDO NOGUEIRA,DISTRITO INDUSTRIAL,-9.96055,-67.85566,1350,-1,0
2022,459,1392,9,1694,ESCOLA ARACY CERQUEIRA,CONJUNTO UNIVERSITARIO,-9.90681,-67.89119,747,-1,0
2022,460,1392,9,1708,FUNDAÇÃO BRADESCO,FLORESTA,-9.97772,-67.84255,1799,-1,0
2022,461,1392,9,1716,ESCOLA DE EDUCAÇÃO INFANTIL FREI PELEGRINO,AEROPORTO VELHO,-9.99113,-67.81992,598,-1,0
2022,462,1392,9,1724,ESCOLA ALMADA BRITO,CALAFATE,-9.9764,-67.88395,1642,-1,0
2022,463,1392,9,1732,ESCOLA GOVERNADOR JOSÉ AUGUSTO,BOA UNIÃO,-9.99726,-67.83156,1169,-1,0
2022,464,1392,9,1740,ESCOLA BOA UNIÃO,BOA UNIÃO,-9.99765,-67.83193,1338,-1,0
2022,465,1392,9,1759,URAP - AUGUSTO HIDALGO DE LIMA,PALHEIRAL,-9.98369,-67.82673,642,-1,0
2022,466,1392,9,1767,ESCOLA ACREANA DE MÚSICA (ANT CENTRO CULTURAL),DISTRITO INDUSTRIAL,-9.94957,-67.85889,1694,-1,0
2022,467,1392,9,1775,CRAS SOBRAL - CENTRO DE REFERENCIA DE ASSISTENCIA SOCIAL,BAHIA,-9.98384,-67.8251,189,-1,0
2022,468,1392,9,1783,DEPARTAMENTO DE VIGILÂNCIA EPIDEMIOLÓGICA,FLORESTA,-9.96203,-67.81482,303,-1,0
2022,469,1392,9,1791,ESCOLA DE ENSINO FUNDAMENTAL E MÉDIO ESTADUAL NOVA ESPERANÇA,ZONA RURAL,-10.1962,-67.90346,457,-1,0
2022,470,1392,9,1805,ESCOLA MANOEL TIAGO LINDOZO,ZONA RURAL,-10.148,-67.96757,277,-1,0
2022,471,1392,9,1830,CRAS - CENTRO DE REFERENCIA DE ASSISTENCIA SOCIAL,BAHIA,-9.98384,-67.8251,531,-1,0
2022,472,1392,9,1856,CRECHE HILDA BRAGA,CALAFATE,-9.97931,-67.87103,333,-1,0
2022,473,1392,9,1864,CRECHE MUNICIPAL GUMERCINDO BESSA,CONJUNTO UNIVERSITÁRIO,-9.97333,-67.85348,339,-1,0
2022,474,1392,9,1872,U VERSE (ANTIGA FAAO),CHÁCARA IPÊ,-9.96046,-67.85139,943,-1,0
2022,475,1392,9,1899,FACULDADE UNINORTE,JARDIM EUROPA,-9.96745,-67.85094,2975,-1,0
2022,476,1392,9,1902,ESCOLA DOUTOR SANTIAGO DANTAS,ZONA RURAL,-10.03111,-67.95498,668,-1,0
2022,477,1392,9,1910,ESCOLA ESTADUAL RURAL JORGE KALUME,DISTRITO INDUSTRIAL,-9.97315,-67.85351,361,-1,0
2022,478,1392,9,1929,ESCOLA MUNICIPAL JOSE POTYGUARA,CALAFATE,-9.97978,-67.88112,784,-1,0
2022,479,1392,9,1937,ESCOLA ESTADUAL EDILSON FAÇANHA,CALAFATE,-9.98039,-67.87673,1217,-1,0
2022,480,1392,9,1953,ESCOLA ESTADUAL PROFESSORA ILKA MARIA DE LIMA,MOCINHA MAGALHAES,-9.94414,-67.85734,1020,-1,0
2022,481,1392,9,1961,ESCOLA ESTADUAL TEREZINHA KALUME,TUCUMÃ,-9.94911,-67.85382,970,-1,0
2022,482,1392,9,1970,ESCOLA IRENE DANTAS DO NASCIMENTO,ZONA RURAL,-9.99455,-68.01748,97,-1,0
2022,483,1392,9,1988,UNIDADE DE SAÚDE SEBASTIANA PRADO (TRANSACREANA),ZONA RURAL,-9.9358,-68.3047,178,-1,0
2022,484,1392,9,1996,CENTRO DIA PARA IDOSOS,ESTAÇÃO EXPERIMENTAL,-9.96696,-67.83103,482,-1,0
2022,485,1392,9,2003,ESCOLA ESTADUAL MAJOR JOÃO CÂNCIO,ZONA RURAL,-9.84638,-68.42613,472,-1,0
2022,486,1392,9,2011,ELETRONORTE,ESTAÇÃO EXPERIMENTAL,-9.96688,-67.83806,136,-1,0
2022,487,1392,9,2020,FAMETA,PRIMAVERA,-9.95248,-67.84786,1327,-1,0
2022,488,1392,9,2038,ESCOLA INFANTIL VALDIVA DE CASTRO DOS SANTOS,CONJUNTO UNIVERSITARIO,-9.97326,-67.85351,557,-1,0
2022,489,1392,9,2046,ESCOLA MARINA VICENTE GOMES,BOA UNIÃO,-9.99717,-67.83088,1329,-1,0
2022,490,1392,9,2054,ESCOLA ILSON RIBEIRO,ILSON RIBEIRO,-9.98604,-67.88539,601,-1,0
2022,491,1392,9,2062,ESCOLA SAO FRANCISCO DE ASSIS,VILA IVONETE,-9.95817,-67.82635,712,-1,0
2022,492,1392,9,2070,ASSOC. COMERCIAL - ACISA,DOM GIOCONDO,-9.9703,-67.81765,1142,-1,0
2022,493,1392,9,2089,ESCOLA MUNICIPAL INFANTIL FRANCISCA ARAGAO DA SILVA,GERALDO FLEMING,-9.95377,-67.83658,1310,-1,0
2022,494,1392,9,2097,ESCOLA JOELMA OLIVEIRA DE LIMA,TANCREDO NEVES,-9.92227,-67.83376,1687,-1,0
2022,495,1392,9,2100,ESCOLA DE ENSINO FUNDAMENTAL DO SERVIÇO SOCIAL DA INDÚSTRIA - SESI,ESTAÇÃO EXPERIMENTAL,-9.96084,-67.83894,1794,-1,0
2022,496,1392,9,2119,CENTRO CULTURAL THAUMATURGO FILHO,MANOEL JULIÃO,-9.95446,-67.83204,679,-1,0
2022,497,1392,9,2127,ESCOLA PROFESSOR PEDRO MARTINELLO,TANCREDO NEVES,-9.92136,-67.83315,1396,-1,0
2022,498,1392,9,2135,ESCOLA PROFESSORA IONE PORTELA DA COSTA CASAS,NOVA ESTAÇÃO,-9.95713,-67.83086,1345,-1,0
2022,499,1392,9,2143,CENTRO DE REFERÊNCIA DE ASSISTÊNCIA SOCIAL - CRAS (TANCREDO NEVES),TANCREDO NEVES,-9.93878,-67.8306,345,-1,0
2022,500,1392,9,2151,CRECHE MUNICIPAL JAIRO JUNIOR,TANCREDO NEVES,-9.92955,-67.83265,330,-1,0
2022,501,1392,9,2160,ESCOLA PROFESSOR ALVARO VIEIRA DA ROCHA,CONQUISTA,-9.95026,-67.83411,1223,-1,0
2022,502,1392,9,2178,ESCOLA MUNICIPAL JESSÉ SANTIAGO,JORGE FELIX LAVOCAT,-9.92783,-67.83964,665,-1,0
2022,503,1392,9,2186,ESCOLA DOUTOR JOAO AGUIAR,MANOEL JULIÃO,-9.9559,-67.83339,1864,-1,0
2022,504,1392,9,2194,ESCOLA MÁRIO LOBÃO,ALTO ALEGRE,-9.91876,-67.82709,388,-1,0
2022,505,1392,9,2208,ESCOLA MUNICIPAL ANICE DIB JATENE,GERALDO FLEMING,-9.95343,-67.83582,1178,-1,0
2022,506,1392,9,2216,ESCOLA ESTADUAL PROFESSORA ELOZIRA DOS SANTOS TOMÉ,ALTO ALEGRE,-9.93142,-67.82626,1321,-1,0
2022,507,1392,9,2224,ESCOLA EUFROSINA SILVA OLIVEIRA,ALTO ALEGRE,-9.92639,-67.82746,1342,-1,0
2022,508,1392,9,2232,JUNTA COMERCIAL DO ESTADO DO ACRE - JUCEAC,BOSQUE,-9.96139,-67.8206,631,-1,0
2022,509,1392,9,2240,UNIDADE DE SAÚDE DA FAMÍLIA ELPÍDIO MOREIRA SOUZA,DEFESA CIVIL,-9.93819,-67.83369,673,-1,0
2022,510,1392,9,2259,CONAB - COMPANHIA NACIONAL DE ABASTECIMENTO,ESTAÇÃO EXPERIMENTAL,-9.96487,-67.83077,925,-1,0
2022,511,1392,9,2267,HORTO FLORESTAL (SECRETARIA MUNICIPAL DE MEIO AMBIENTE - SEMEIA),VILA IVONETE,-9.94732,-67.82536,344,-1,0
2022,512,1392,9,2275,ESCOLA ESTADUAL DJALMA TELES GALDINO,JORGE FELIX LAVOCAT,-9.9293,-67.84218,1327,-1,0
2022,513,1392,9,2283,ESCOLA CHRIZARUBINA LEITÃO ABRAÃO,MANOEL JULIÃO,-9.95702,-67.83354,681,-1,0
2022,514,1392,9,2305,ESCOLA ESTADUAL MARIA CHALUB LEITE,NOVA ESTAÇÃO,-9.95987,-67.82911,1341,-1,0
2022,515,1392,9,2313,ESCOLA AME (ASSOCIAÇÃO MODERNA DE ENSINO),SANTA QUITÉRIA,-9.94828,-67.82573,1369,-1,0
2022,516,1392,9,2321,UNIDADE DE SAÚDE DA FAMÍLIA PLATILDE OLIVEIRA DA SILVA,TANCREDO NEVES,-9.9291,-67.83212,679,-1,0
2022,517,1392,9,2330,ESCOLA ISMAEL GOMES DE CARVALHO,TANCREDO NEVES,-9.93327,-67.83213,2352,-1,0
2022,518,1392,9,2356,ESCOLA MARIA ADEIZA RODRIGUES PEREIRA,PALHEIRAL,-9.98314,-67.82623,702,-1,0
2022,519,1392,9,2364,DEFENSORIA PÚBLICA DO ESTADO - DPE,SANTA QUITÉRIA,-9.94894,-67.82497,986,-1,0
2022,520,1392,9,2380,COLÉGIO MILITAR TIRADENTES,CALAFATE,-9.97711,-67.87442,949,-1,0
2022,521,1392,9,2399,ESCOLA RURAL ALTO ALEGRE I,ZONA RURAL,-9.91121,-68.50533,325,-1,0
2022,522,1392,9,2402,ESCOLA TÉCNICA DE SAÚDE MARIA MOREIRA DA ROCHA,DISTRITO INDUSTRIAL,-9.96987,-67.85329,1019,-1,0
2022,523,1457,3,1015,EMR - ESCOLA MESSIAS RODRIGUES,BAIRRO DA PISTA,-9.07377,-68.65503,1481,50,0
2022,524,1457,3,1023,EEEFISJ - ESCOLA ESTADUAL ENSINO FUNDAMENTAL INSTITUTO SANTA JULIANA,CENTRO,-9.06854,-68.65674,1634,45,0
2022,525,1457,3,1031,EAV - ESCOLA ASSIS VASCONCELOS,BOM SUCESSO,-9.05894,-68.66469,1073,43,0
2022,526,1457,3,1040,NÚCLEO DE EDUCAÇÃO - SEE/AC,CSU,-9.07558,-68.6628,592,61,0
2022,527,1457,3,1058,SEME - SECRETARIA MUNICIPAL DE EDUCAÇÃO,CENTRO,-9.06325,-68.65681,273,45,0
2022,528,1457,3,1066,EEEMDJM - ESCOLA ESTADUAL DE ENSINO MÉDIO DOM JULIO MATTIOLI,CENTRO,-9.06887,-68.65974,1910,48,0
2022,529,1457,3,1074,COPERYACO,CENTRO,-9.06895,-68.66162,277,48,0
2022,530,1457,3,1082,EFC - ESCOLA FONTENELE DE CASTRO,CENTRO,-9.06894,-68.65577,817,45,0
2022,531,1457,3,1090,IDAF,CENTRO,-9.06884,-68.66145,521,48,0
2022,532,1457,3,1104,ESCOLA ELIZIARIO TAVORA,CENTRO,-9.06833,-68.65662,1003,45,0
2022,533,1457,3,1112,EEFGMC - ESCOLA DE ENSINO FUNDAMENTAL GUTEMBERG MODESTO DA COSTA,BOSQUE,-9.07466,-68.66029,1422,46,0
2022,534,1457,3,1120,EEFSM - ESCOLA DE ENSINO FUNDAMENTAL SIQUEIRA DE MENEZES,VILA MILITAR,-9.06054,-68.65738,1442,65,0
2022,535,1457,3,1139,EEA - ESCOLA EUGENIO AREAL,CIDADE NOVA,-9.0582,-68.65892,667,47,0
2022,536,1457,3,1147,SECRETARIA MUNICIPAL DE CIDADANIA,BAIRRO DA PISTA,-9.06918,-68.65462,584,50,0
2022,537,1457,3,1155,ERHM - ESCOLA RAIMUNDO HERMNIO DE MELO,TRIANGULO,-9.07663,-68.67024,1171,63,0
2022,538,1457,3,1171,EEICV - ESCOLA DE EDUCAÇÃO INFANTIL CHAPEUZINHO VERMELHO,CENTRO,-9.06837,-68.65562,604,45,0
2022,539,1457,3,1180,EEFC - ESCOLA EUCLIDES FEITOSA CAVALCANTE,ANA VIEIRA,-9.06831,-68.6715,1277,42,0
2022,540,1457,3,1198,CRAS - CENTRO DE REFERÊNCIA E ASSISTÊNCIA SOCIAL,CENTRO,-9.06778,-68.65633,519,45,0
2022,541,1457,3,1244,PEIMC - PRE-ESCOLA IRACEMA MODESTO DA COSTA,CENTRO,-9.06642,-68.65914,804,48,0
2022,542,1457,3,1252,CEFPB - COMPLEXO ESCOLAR FRANCISCO PAULA BEZERRA,CENTRO,-9.06643,-68.65955,1169,48,0
2022,543,1457,3,1279,EVBC - ESCOLA VICENTE BALBINO DA COSTA,CRISTO LIBERTADOR,-9.07703,-68.66621,590,49,0
2022,544,1457,3,1287,EEFC - ESCOLA DE ENSINO FUNDAMENTAL CAZUMBÁ,ZONA RURAL,-9.12973,-68.95259,352,-1,0
2022,545,1457,3,1295,EEEFRM - ESCOLA ESTADUAL DE ENSINO FUNDAMENTAL RAIMUNDO MAGALHÃES,NITEROI,-9.06525,-68.65305,920,59,0
2022,546,1457,3,1309,SECRETARIA MUNICIPAL DE SAÚDE (ANTIGO MARIA DE FATIMA),VITORIA,-9.07463,-68.65452,909,51,0
2022,547,1457,3,1333,POLO UAB (UNIVERSIDADE ABERTA DO BRASIL),CSU,-9.075,-68.66207,1015,61,0
2022,548,1457,3,1341,ESCOLA NOVA OLINDA,ZONA RURAL,-10.10305,-69.20638,401,-1,0
2022,549,1457,3,1376,UNIDADE BÁSICA DE SAÚDE RECIFE,ZONA RURAL,-9.86785,-68.87687,620,-1,0
2022,550,1457,3,1384,EMEFJJM - ESCOLA MUNICIPAL DE ENSINO FUNDAMENTAL JOSÉ JOAQUIM DE MATOS,ZONA RURAL,-9.36722,-68.61666,464,-1,0
2022,551,1457,3,1392,ESCOLA WALFREDO GUEDES MONTEIRO,EUGENIO AUGUSTO AREAL,-9.0852,-68.67612,1169,53,0
2022,552,1457,3,1406,ESCOLA MUNICIPAL DE ENSINO FUNDAMENTAL JOSÉ DA ROCHA NEVES,ZONA RURAL,-9.46016,-68.92447,225,-1,0
2022,553,1457,3,1414,CENTRO DE ATENÇÃO PSICOSSOCIAL (CAPS),CENTRO,-9.06841,-68.65535,269,45,0
2022,554,1457,3,1422,UNIDADE BÁSICA DE SAÚDE FLORILIO PEREIRA LUSTOSA,ANA VIEIRA,-9.06846,-68.67116,289,42,0
2022,555,1457,3,1430,UNIDADE BÁSICA DE SAÚDE FLORENTINO FLORIANO,BOM SUCESSO,-9.05496,-68.66717,287,43,0
2022,556,1457,3,1449,UNIDADE BÁSICA DE SAÚDE LAURO FONTES,CIDADE NOVA,-9.05962,-68.6606,296,47,0
2022,557,1457,3,1457,SECRETARIA MUNICIPAL DE PLANEJAMENTO (ANTIGO DE SAÚDE),CENTRO,-9.06481,-68.65621,264,45,0
2022,558,1457,3,1465,TRT - VARA DE SENA MADUREIRA,CENTRO,-9.06962,-68.65465,274,50,0
2022,559,1457,3,1473,CRECHE CRIANÇA FELIZ,BOSQUE,-9.07217,-68.66088,586,46,0
2022,560,1457,3,1481,ESCOLA BÍBLICA DA 1ª IGREJA BATISTA REGULAR,CENTRO,-9.06768,-68.65754,708,45,1
2022,561,1457,3,1503,SERVIÇO DE CONVIVÊNCIA E FORTALECIMENTO DE VÍNCULOS DE 15 À 17 ANOS,VITORIA,-9.07476,-68.6548,561,50,0
2022,562,1457,3,1511,CRECHE PADRE PAOLINO MARIA BALDASSARI,BAIRRO DA PISTA,-9.07465,-68.65517,575,50,0
2022,563,1457,3,1554,UNIDADE BÁSICA DE SAÚDE EDSON SALES,CRISTO LIBERTADOR,-9.07791,-68.66892,258,63,0
2022,564,1457,3,1562,ESCOLA MUNICIPAL MARIA NOGUEIRA,ZONA RURAL,-9.33119,-68.37134,97,-1,0
2022,565,1473,5,1015,ESCOLA DE PRIMEIRO GRAU JOAO RIBEIRO,CENTRO,-8.15963,-70.76573,2473,67,0
2022,566,1473,5,1023,CAMARA MUNICIPAL,CENTRO,-8.15981,-70.76439,321,67,0
2022,567,1473,5,1031,ESCOLA ROSAURA MOURAO DA ROCHA,SENADOR POMPEU,-8.16466,-70.76526,2067,71,0
2022,568,1473,5,1074,ESCOLA JOSE AUGUSTO DE ARAUJO,CENTRO,-8.1598,-70.7709,2384,67,0
2022,569,1473,5,1082,ESCOLA DE ENSINO FUNDAMENTAL DELZUÍTE BARROSO BRAGA DE ARAÚJO,COPACABANA,-8.14981,-70.78225,1314,69,0
2022,570,1473,5,1112,CEDUP - UFAC,CENTRO,-8.15846,-70.76648,947,67,0
2022,571,1473,5,1120,SECRETARIA MUNICIPAL DE EDUCACAO E CULTURA - SEMEC,CENTRO,-8.16044,-70.76421,604,67,0
2022,572,1473,5,1147,ESCOLA DONIZETE MOTA,TRIÂNGULO,-8.15627,-70.75875,1166,72,0
2022,573,1473,5,1171,ESCOLA PLACIDO DE CASTRO,CENTRO,-8.15936,-70.76942,2313,67,0
2022,574,1473,5,1228,NÚCLEO DE EDUCAÇÃO - SEE,CENTRO,-8.15984,-70.76415,375,67,0
2022,575,1473,5,1236,ESCOLA TUPANIR GAUDENCIO DA COSTA,CENTRO,-8.15659,-70.75868,2066,72,0
2022,576,1473,5,1244,ESCOLA DE ENSINO MÉDIO DR. FRANCISCO DJALMA DA CUNHA BATISTA,COPACABANA,-8.15818,-70.77818,1361,69,0
2022,577,1473,5,1252,ESCOLA DE ENSINO FUNDAMENTAL GOVERNADOR EDMUNDO PINTO DE ALMEIDA,CORCOVADO,-8.15199,-70.73308,1032,72,1
2022,578,1473,5,1287,SECRETARIA DE ESTADO DE PRODUCAO - SEPRO,CENTRO,-8.16071,-70.76487,545,67,0
2022,579,1473,5,1317,SECRETARIA DA FAZENDA - SEFAZ,CENTRO,-8.16054,-70.76332,313,67,0
2022,580,1473,5,1325,ESCOLA ESTADUAL MAGIA DO SABER - ZONA RURAL RIOZINHO DA LIBERDADE,ZONA RURAL GREGORIO,-7.80575,-72.00313,406,-1,0
2022,581,1473,5,1341,ESCOLA DE ENSINO FUNDAMENTAL CEL JOSE MARQUES DE ALBUQUERQUE,ZONA RURAL,-8.84454,-71.2551,429,-1,0
2022,582,1473,5,1350,ESCOLA DE ENSINO FUND. PROF. RILZA MARIA DANIEL DO NASCIMENTO,SENADOR POMPEU,-8.16645,-70.76643,1856,71,0
2022,583,1473,5,1368,CENTRO COMUNITÁRIO ALDEIA ÁGUA VIVA,ZONA RURAL,-8.35345,-71.22304,293,-1,0
2022,584,1473,5,1376,ESCOLA ESTADUAL DE 1º GRAU IVA STTIHU,ZONA RURAL GREGORIO,-8.39083,-71.77529,228,-1,0
2022,585,1473,5,1384,ESCOLA ESTADUAL SÃO JOSÉ,ZONA RURAL,-9.01931,-71.43093,174,-1,0
2022,586,1473,5,1392,ESCOLA ESTIRÃO DO CAUCHO,ZONA RURAL,-8.24489,-70.75476,340,-1,0
2022,587,1473,5,1406,ESCOLA SÃO SEBASTIÃO,ZONA RURAL,-8.34785,-71.02913,127,-1,0
2022,588,1473,5,1422,"ESCOLA SANTA TEREZINA, ANEXO IV, RIO ACURAUA",ZONA RURAL,-7.8461,-70.87964,86,-1,0
2022,589,1473,5,1430,ESCOLA MUNICIPAL ADELMAR DE OLIVEIRA,AVELINO LEAL,-8.1524,-70.77544,731,66,0
2022,590,1473,5,1449,ESCOLA ESTADUAL INSTITUTO SÃO JOSÉ,CENTRO,-8.15884,-70.76663,1819,67,0
2022,591,1473,5,1465,ESCOLA  MUNICIPAL ALMIRANTE BARROSO,IPEPACONHA,-8.16442,-70.78391,109,70,0
2022,592,1473,5,1481,ESCOLA MUNICIPAL VALDINA TORQUATO DO NASCIMENTO,TRIÂNGULO,-8.15068,-70.75678,131,72,0
2022,593,1473,5,1490,ESCOLA FRANCISCO NAPOLEÃO DE ARAÚJO,ZONA RURAL GREGORIO,-7.95142,-71.4935,1359,-1,0
2022,594,1473,5,1503,INSTITUTO DE DEFESA AGROPECUÁRIA E FLORESTAL DO ACRE - IDAF,CENTRO,-8.16068,-70.76489,332,67,0
2022,595,1490,2,1015,GINASIO ANTHERO SOARES BEZERRA,CENTRO,-10.65389,-68.50511,1300,75,0
2022,596,1490,2,1031,COLÉGIO DIVINA PROVIDÊNCIA,CENTRO,-10.6532,-68.50358,1706,75,0
2022,597,1490,2,1058,CLUBE MUNICIPAL - ASSEMUX,CENTRO,-10.65386,-68.50591,243,75,0
2022,598,1490,2,1074,GRUPO ESCOLAR PLACIDO DE CASTRO,CENTRO,-10.65206,-68.50518,811,75,0
2022,599,1490,2,1082,IFAC - CAMPUS XAPURI,CENTRO,-10.66075,-68.4943,2214,76,0
2022,600,1490,2,1139,FÓRUM DE XAPURI,CENTRO,-10.6534,-68.50572,395,75,0
2022,601,1490,2,1155,NÚCLEO DA UFAC,CENTRO,-10.65464,-68.50295,377,75,0
2022,602,1490,2,1171,ESCOLA ESTADUAL PADRE JÓSIMO - COMUNIDADE SÃO JOÃO DO GUARANI,ZONA RURAL,-10.39537,-68.62527,251,-1,0
2022,603,1490,2,1180,ESCOLA 5 DE DEZEMBRO - COMUNIDADE NOVA VIDA,ZONA RURAL,-10.48832,-68.68332,205,-1,0
2022,604,1490,2,1198,ESCOLA MUNICIPAL RURAL - SEDE DOIS IRMÃOS,ZONA RURAL,-10.58374,-68.26384,146,-1,0
2022,605,1490,2,1201,ESCOLA ESPERANÇA DO POVO - FAZENDINHA,ZONA RURAL,-10.83956,-68.37565,422,-1,0
2022,606,1490,2,1210,ESCOLA ESTADUAL BÁRBARA VIEIRA DE SANTANA - SGAL SÃO JOSÉ,ZONA RURAL,-10.83477,-68.24651,131,-1,0
2022,607,1490,2,1228,POSTO DE SAÚDE - ASSENTAMENTO TUPÁ,ZONA RURAL,-10.53204,-68.72727,209,-1,0
2022,608,1490,2,1236,ESCOLA MUNICIPAL ALCIMAR NUNES LEITÃO,MUTIRAO,-10.66292,-68.49111,462,79,0
2022,609,1490,2,1244,ESCOLA MUNICIPAL CAMINHO DO SABER,CONSTANTINO MELO SARKIS,-10.65041,-68.49459,413,77,0
2022,610,1490,2,1252,ESCOLA LATIFE ZAINE KALUME,CENTRO,-10.65159,-68.50537,684,75,0
2022,611,1490,2,1260,CEDUP - CENTRO ESTADUAL DE EDUCACAO PERMANENTE,CENTRO,-10.65297,-68.50396,403,75,0
2022,612,1490,2,1279,ESCOLA ESTADUAL MADRE GABRIELA NARDI,SIBERIA,-10.64811,-68.50689,1200,82,0
2022,613,1490,2,1287,CENTRO EDUCACIONAL SESC XAPURI,VARIANTE,-10.65406,-68.49185,555,77,0
2022,614,1511,8,1023,CAMARA MUNICIPAL DE PLÁCIDO DE CASTRO,CAGEACRE,-10.3337,-67.18495,449,-1,0
2022,615,1511,8,1031,ESCOLA CARMELIA ALVES,CENTRO,-10.32241,-67.1867,529,-1,0
2022,616,1511,8,1040,PREDIO DA SEAPROF - ANTIGA EMATER - ACRE,CENTRO,-10.33404,-67.18423,245,-1,0
2022,617,1511,8,1058,ESCOLA CASINHA DO SABER,CENTRO,-10.33414,-67.18405,406,-1,0
2022,618,1511,8,1074,ESCOLA ELIAS MANSOUR SIMAO FILHO,CENTRO,-10.33409,-67.18455,824,-1,0
2022,619,1511,8,1082,ESCOLA JOSE VALMIR,CENTRO,-10.3273,-67.18405,1004,-1,0
2022,620,1511,8,1104,ESC EST SAO LUIZ GONZAGA,DISTRITO DE VILA CAMPINAS,-10.06323,-67.29485,1475,-1,0
2022,621,1511,8,1112,ESCOLA FRANKLIN ROOSEVELT,CENTRO,-10.3352,-67.18633,1420,-1,0
2022,622,1511,8,1155,ESCOLA JOAO RICARDO DE FREITAS (COLEGIO AGRICOLA),ZONA RURAL,-10.31076,-67.19695,337,-1,0
2022,623,1511,8,1546,ESCOLA JOSE FRANCISCO DA SILVA,CENTRO,-10.32939,-67.17897,1570,-1,0
2022,624,1511,8,1562,ESCOLA ESTADUAL RURAL MANUEL DE BARROS,ZONA RURAL,-10.18283,-67.2535,399,-1,0
2022,625,1511,8,1570,POSTO DE SAUDE MARIO GOMES DA SILVA,ZONA RURAL,-10.33206,-67.52155,380,-1,0
2022,626,1511,8,1589,ESCOLA ESTADUAL RURAL FLAVIA BARROS PIMENTEL,ZONA RURAL,-10.31852,-67.36668,534,-1,0
2022,627,1511,8,1597,ESCOLA MUNICIPAL CARLOS JOSE DOS SANTOS,ZONA RURAL,-10.19792,-67.16459,295,-1,0
2022,628,1511,8,1600,ESC MUN JOAO BATISTA LOPES DE LIMA,DISTRITO DE VILA CAMPINAS,-10.07243,-67.29426,661,-1,0
2022,629,1511,8,1619,SECRETARIA MUNICIPAL DE EDUCAÇÃO DE PLACIDO DE CASTRO,CENTRO,-10.32782,-67.18556,284,-1,0
2022,630,1511,8,1627,CENTRO DE FLORESTANIA,CENTRO,-10.33699,-67.1855,504,-1,0
2022,631,1511,8,1651,ESCOLA MUNICIPAL INFANTIL CENIRA DOS SANTOS,DISTRITO DE VILA CAMPINAS,-10.06867,-67.29774,390,-1,0
2022,632,1511,8,1694,ESCOLA CASTRO ALVES,ZONA RURAL - MONTE ALEGRE,-10.43174,-67.53066,130,-1,0
2022,633,1511,8,1724,SESC PLACIDO DE CASTRO,CENTRO,-10.31952,-67.19079,450,-1,0
2022,634,1538,8,1015,CAMARA MUNICIPAL,CENTRO,-10.15556,-67.73812,288,-1,0
2022,635,1538,8,1023,ESCOLA LUPICINIO ALEXANDRE NUNES,CENTRO,-10.15764,-67.73691,230,-1,0
2022,636,1538,8,1031,COLEGIO 15 DE JUNHO,TRIUNFO,-10.14582,-67.73929,1320,-1,0
2022,637,1538,8,1040,ESCOLA FENELON MANOEL,CENTRO,-10.15528,-67.73635,645,-1,0
2022,638,1538,8,1066,ESCOLA  ALBERTO ZAIRE,18 DE SETEMBRO,-10.15219,-67.73124,950,-1,0
2022,639,1538,8,1074,COLEGIO SANTO IZIDORO,CENTRO,-10.15471,-67.73551,1358,-1,0
2022,640,1538,8,1082,ESCOLA VEIGA CABRAL,CENTRO,-10.15357,-67.73905,1109,-1,0
2022,641,1538,8,1090,ESCOLA BRIGADEIRO EDUARDO GOMES,CENTRO,-10.15783,-67.73613,1333,-1,0
2022,642,1538,8,1139,ESCOLA CARLOS ALBERTO PEREIRA DO NASCIMENTO,DEMOCRACIA,-10.16622,-67.72051,606,-1,0
2022,643,1538,8,1147,ESCOLA SAO JOSE IV,ZONA RURAL,-9.97472,-67.35802,195,-1,0
2022,644,1538,8,1155,ESCOLA DIVA PEREIRA DE SOUZA,COHAB,-10.15744,-67.73076,1500,-1,0
2022,645,1538,8,1163,ESCOLA PADRE CARLOS CASAVECCHIA,ZONA RURAL,-10.08858,-67.53039,606,-1,0
2022,646,1538,8,1171,ESCOLA MANOEL DA COSTA SOBRINHO,ZONA RURAL,-9.94173,-67.29545,294,-1,0
2022,647,1538,8,1201,ESCOLA MARIA AUXILIADORA QUEIROZ,ZONA RURAL,-9.91359,-67.169,538,-1,0
2022,648,1538,8,1210,ESCOLA MUNICIPAL DE ENSINO  FUNDAMENTAL ORLANDO DE SOUZA VIANA,NAIRE DE PAULA LEITE 2,-10.14254,-67.73281,971,-1,0
2022,649,1538,8,1228,ESCOLA ESTADUAL RURAL BOM DESTINO,ZONA RURAL PSDA BONAL,-9.9759,-67.17723,539,-1,0
2022,650,1538,8,1236,ESCOLA ESTADUAL RAIMUNDO HERMINIO DE MELO II,ZONA RURAL PA LIMEIRA,-10.19292,-67.54761,448,-1,0
2022,651,1538,8,1244,ESCOLA ESTADUAL NOVA JERUSALEM II,ZONA RURAL RML PROGRESSO,-9.71081,-67.23037,58,-1,0
2022,652,1538,8,1260,ESCOLA ESTADUAL MARIA JOSE BEZERRA DOS REIS,ZONA RURAL,-10.11367,-67.47039,192,-1,0
2022,653,1538,8,1295,PRÉDIO DA SEATER - BOCA DO RAMAL AREIA BRANCA,ZONA RURAL - KM 70 BOCA DO ACRE,-9.75888,-67.35648,204,-1,0
2022,654,1538,8,1309,PRE ESC EST NUBIA MARIA FERNANDES,SAO FRANCISCO,-10.14868,-67.73131,430,-1,0
2022,655,1538,8,1317,ESCOLA ESTADUAL SAO FRANCISCO DE ASSIS,ZONA RURAL - KM 52 BOCA DO ACRE,-9.88954,-67.44128,310,-1,0
2022,656,1538,8,1333,ESCOLA MUNICIPAL MANOEL GONZAGA BEZERRA SOBRINHO,TRIUNFO,-10.15178,-67.73731,623,-1,0
2022,657,1538,8,1368,ESCOLA PUBLICA MUNICIPAL LUIZ QUEROZ NOGUEIRA,ZONA RURAL RML PROGRESSO,-9.66937,-67.17149,185,-1,0
2022,658,1538,8,1376,CREAS - CENTRO DE REFERÊNCIA ESPECIALIZADO DE ASSISTÊNCIA SOCIAL,CENTRO,-10.15817,-67.73705,234,-1,0
2022,659,1538,8,1392,ESCOLA MONTEIRO LOBATO,TRIUNFO,-10.14746,-67.73752,407,-1,0
2022,660,1538,8,1406,ESCOLA MODELO,JARDIM BOTANICO,-10.15671,-67.73262,588,-1,0
2022,661,1538,8,1422,SESC - UNIDADE DE SENADOR GUIOMARD,CENTRO,-10.15496,-67.74063,735,-1,0
2022,662,1538,8,1457,ESCOLA ESTADUAL ELZIRA ANGÉLICA DO NASCIMENTO,ZONA RURAL - PIRÃ DE RÃ,-10.13149,-67.67621,55,-1,0
2022,663,1538,8,1481,ESCOLA ALDACI SIMOES DA COSTA,FAZENDINHA,-10.14481,-67.7422,900,-1,0
2022,664,1554,3,1228,ESCOLA DOM PRÓPERO BERNARD,CENTRO,-8.84036,-69.26126,1626,-1,0
2022,665,1554,3,1244,ESCOLA NAZIRA ANUTE DE LIMA,SAO JOSE,-8.83859,-69.2628,2430,-1,0
2022,666,1554,3,1252,ESCOLA ANTONIA MENDES,SAO FRANCISCO,-8.8336,-69.25927,1241,-1,0
2022,667,1554,3,1260,ESCOLA MARIA DAS GRAÇAS ALVES DA ROCHA,SAO FRANCISCO,-8.83263,-69.2662,946,-1,0
2022,668,1554,3,1279,CRECHE YÊDA,CENTRO,-8.83978,-69.26022,1128,-1,0
2022,669,1554,3,1287,POSTO DE SAÚDE,ZONA RURAL,-9.11309,-69.78075,310,-1,0
2022,670,1554,3,1295,EMLPF - ESCOLA MUNICIPAL LUIZ PLÁCIDO FERNANDES,ZONA RURAL,-8.82874,-69.26447,98,-1,0
2022,671,1570,6,1015,ESCOLA SIMON BOLIVAR,CENTRO,-10.94245,-69.56786,1010,2,0
2022,672,1570,6,1023,ESCOLA EDILSA MARIA BATISTA,CASCATA,-10.93978,-69.56251,921,1,0
2022,673,1570,6,1031,ESCOLA IRIS CELIA CABANELLAS ZANNINI,CENTRO,-10.93978,-69.56616,1765,2,0
2022,674,1570,6,1228,ESCOLA MARIA FERREIRA DA SILVA,BELA VISTA,-10.93938,-69.56247,731,1,0
2022,675,1570,6,1236,ESCOLA 07 DE NOVEMBRO - SERINGAL ICURIÃ KM 76,ZONA RURAL,-10.44384,-69.69638,219,-1,0
2022,676,1570,6,1244,ESCOLA BAIXA VERDE -  (DIVISÃO) 40 KM DE RAMAL,ZONA RURAL,-10.66845,-69.59848,308,-1,0
2022,677,1570,6,1279,CÂMARA MUNICIPAL,CENTRO,-10.94011,-69.56725,344,2,0
2022,678,1570,6,1309,ESCOLA KAJPAHA - ALDEIA JATOBÁ,ZONA RURAL,-10.53926,-69.86121,295,-1,0
2022,679,1570,6,1317,ESCOLA INDÍGENA 7 ESTRELAS - ALDEIA EXTREMA,ZONA RURAL,-10.65269,-70.13351,157,-1,0
2022,680,1570,6,1325,ESCOLA PIYAKATI  - ALDEIA TRÊS CACHOEIRA,ZONA RURAL,-10.92475,-69.86705,138,-1,0
2022,681,1570,6,1341,UNIDADE BÁSICA DE SAÚDE TEREZINHA BATISTA DOS SANTOS,CASCATA,-10.94073,-69.56127,188,1,0
2022,682,1570,6,1350,ESCOLA VICENTE BESSA,ZONA RURAL,-10.93979,-69.5625,312,1,0
2024,0,1007,9,1023,ESCOLA JOSE CEZARIO DE FARIAS,ZONA RURAL,-9.72636,-68.12432,1557,-1,0
2024,1,1007,9,1040,ESCOLA MAPINGUARI - FUNTAC - PROJETO ANTIMARI,ZONA RURAL,-9.98055,-67.84561,211,-1,0
2024,2,1007,9,1058,"NÚCLEO DE EDUCAÇÃO, CULTURA E ESPORTES - SEE - BUJARI/AC",CENTRO,-9.8267,-67.95126,970,-1,0
2024,3,1007,9,1066,ESCOLA RURAL NOVA VIDA,ZONA RURAL,-9.64371,-68.04273,465,-1,0
2024,4,1007,9,1074,ESCOLA RURAL MARIA DO CARMO RAMOS,ZONA RURAL,-9.79285,-68.26061,393,-1,0
2024,5,1007,9,1082,SEPA - SECRETARIA DE ESTADO DE PRODUÇÃO E AGRONEGÓCIO (BUJARI)),CENTRO,-9.8263,-67.95104,656,-1,0
2024,6,1007,9,1090,CRECHE PROFESSORA DONA BELA,CENTRO,-9.82699,-67.9514,771,-1,0
2024,7,1007,9,1104,ESCOLA EDMUNDO PINTO DE ALMEIDA NETO,CENTRO,-9.82483,-67.95125,2691,-1,0
2024,8,1007,9,1112,ESCOLA SÃO JOÃO BATISTA,CENTRO,-9.82472,-67.94976,3007,-1,0
2024,9,1007,9,1120,ESCOLA ESTADUAL PEDRO GOMES,ZONA RURAL,-9.81239,-67.90013,872,-1,0
2024,10,1007,9,1147,UNIDADE DE GESTÃO AMBIENTAL INTEGRADA - UGAI,ZONA RURAL,-9.9734,-67.85345,236,-1,0
2024,11,1015,2,1015,ESCOLA ARGENTINA PEREIRA FEITOSA,CENTRO,-10.57214,-67.67562,2022,-1,0
2024,12,1015,2,1023,ESCOLA NAIR SOMBRA,CENTRO,-10.57717,-67.67639,1309,-1,0
2024,13,1015,2,1031,CAMARA MUNICIPAL,CENTRO,-10.57579,-67.67698,232,-1,0
2024,14,1015,2,1058,PRE-ESCOLA MUNDO ENCANTADO,CENTRO,-10.57577,-67.67739,983,-1,0
2024,15,1015,2,1066,ESCOLA NOVA ESPERANCA,ZONA RURAL,-10.37423,-67.79128,1284,-1,0
2024,16,1015,2,1104,ESCOLA MUNICIPAL RURAL SÃO FRANCISCO,ZONA RURAL SÃO LUIZ REMANSO,-10.39008,-67.93472,268,-1,0
2024,17,1015,2,1112,ESCOLA MUNICIPAL MARIETA FREIRE RODRIGUES,ZONA RURAL VILA HORTEGRANJEIRA,-10.4444,-67.71008,446,-1,0
2024,18,1015,2,1120,ESC ENS FUN PROF NOELIA MARIA ALVES DE SOUZA,CONQUISTA,-10.57373,-67.67671,1290,-1,0
2024,19,1015,2,1228,ESCOLA MUNICIPAL MARIA FERNANDES DE AMORIM,PROJETO DE ASSENTAMENTO VILA NOVA,-10.47417,-68.0459,120,-1,0
2024,20,1015,2,1236,ESCOLA ARISTON FERREIRA DA CUNHA,ZONA RURAL,-10.58202,-67.84562,615,-1,0
2024,21,1023,1,1015,ESCOLA JOSE PLACIDO DE CASTRO,PORTO ACRE,-9.59026,-67.53729,1924,-1,0
2024,22,1023,1,1023,ESCOLA EDMUNDO PINTO DE ALMEIDA NETO,PROJETO HUMAITA,-9.72946,-67.70025,1923,-1,0
2024,23,1023,1,1031,ESCOLA PUBLICA JADER SARAIVA MACHADO,PORTO ACRE,-9.67818,-67.74472,2280,-1,0
2024,24,1023,1,1066,ESCOLA MAJOR VENCESLAU SALINAS PAVILHAO II,CENTRO,-9.59037,-67.53686,863,-1,0
2024,25,1023,1,1074,ESCOLA MUNICIPAL JOAQUIM FALCAO MACEDO,ZONA RURAL,-9.67408,-67.36957,481,-1,0
2024,26,1023,1,1082,ESCOLA MUNICIPAL NOVO HORIZONTE,PROJETO HUMAITA,-9.72876,-67.70085,1866,-1,0
2024,27,1023,1,1090,CENTRO DE SAUDE DE PORTO ACRE,PROJETO HUMAITA,-9.67999,-67.74671,487,-1,0
2024,28,1023,1,1112,ESCOLA SÃO RAIMUNDO NONATO,ZONA RURAL,-9.44939,-67.81562,485,-1,0
2024,29,1023,1,1139,ESCOLA CRISTO REI,ZONA RURAL,-9.75593,-67.35796,863,-1,0
2024,30,1023,1,1147,ESCOLA MUNICIPAL DE ENSINO FUNDAMENTAL VITÓRIA,ZONA RURAL,-9.60639,-67.37156,278,-1,0
2024,31,1023,1,1163,ESCOLA ESTADUAL UNIÃO E PROGRESSO,ZONA RURAL,-9.75267,-67.35358,704,-1,0
2024,32,1023,1,1171,ESCOLA MUNICIPAL NILCE MACHADO DA ROCHA,JOSÉ GALDINO,-9.59106,-67.54147,300,-1,0
2024,33,1023,1,1180,CÂMARA MUNICIPAL DE PORTO ACRE,CENTRO,-9.5932,-67.54251,293,-1,0
2024,34,1023,1,1198,ESCOLA MUNICIPAL PARAÍSO DO SABER,PROJETO HUMAITA,-9.72964,-67.7013,720,-1,0
2024,35,1023,1,1201,ESCOLA MUNICIPAL PEQUENO PRÍNCIPE,PROJETO HUMAITA,-9.68112,-67.74713,604,-1,0
2024,36,1023,1,1210,UNIDADE DE SAÚDE DA FAMÍLIA ÁLVARO ARAÚJO NOBRE,ZONA RURAL,-9.52338,-67.77589,458,-1,0
2024,37,1023,1,1228,ESCOLA MUNICIPAL SANTA INÊS,ZONA RURAL,-9.82515,-67.59446,330,-1,0
2024,38,1031,3,1015,ESC. EST. ENSINO MÉDIO PADRE PAOLINO MARIA BALDASSARI,CIDADE NOVA,-9.44356,-70.48647,784,-1,0
2024,39,1031,3,1023,ESCOLA ANTONIA FERNANDES DE MOURA,CENTRO,-9.43372,-70.49356,521,-1,0
2024,40,1031,3,1031,ESCOLA MUNICIPAL  DR. CELSO COSME SALGADO,CIDADE NOVA,-9.44211,-70.48876,704,-1,0
2024,41,1031,3,1040,UNIDADE BÁSICA DE SAÚDE INDÍGENA - (ALDEIA NOVA FRONTEIRA),ZONA RURAL,-9.08696,-69.99325,521,-1,0
2024,42,1031,3,1058,UNIDADE BÁSICA DE SAÚDE ALDEIA MARONAWA,ZONA RURAL,-9.27994,-70.3419,300,-1,0
2024,43,1031,3,1066,ESCOLA INDÍGENA SANTA MARIA (ALDEIA NOVO MARINHO),ZONA RURAL,-9.17361,-70.21945,311,-1,0
2024,44,1031,3,1082,ESCOLA FRANCISCO RABELO SÁ,CIDADE NOVA,-9.44261,-70.48649,777,-1,0
2024,45,1040,4,1015,ESCOLA ELVIRA FERREIRA GOMES,CENTRO,-8.9462,-72.78562,2001,-1,0
2024,46,1040,4,1023,ESCOLA JUSTINIANO DE SERPA,CENTRO,-8.94952,-72.78593,1746,-1,0
2024,47,1040,4,1031,ESCOLA MANOEL RODRIGUES DE ARAUJO,CENTRO,-8.94847,-72.78705,1186,-1,0
2024,48,1040,4,1040,ESCOLA ZILDA VASCONCELOS,ZONA RURAL,-9.05906,-72.24631,896,-1,0
2024,49,1040,4,1058,ESCOLA SAO RAIMUNDO,ZONA RURAL,-9.3109,-72.68887,301,-1,0
2024,50,1040,4,1066,ESCOLA TANCREDO DE ALMEIDA NEVES,ZONA RURAL,-9.06402,-72.68762,589,-1,0
2024,51,1040,4,1074,ESCOLA JOÃO PRAXEDES,ZONA RURAL,-8.94133,-72.57598,765,-1,0
2024,52,1040,4,1082,ESCOLA MARNIZIA CRUZ,ZONA RURAL,-8.77668,-72.8296,704,-1,0
2024,53,1040,4,1090,ESCOLA  MARIA FERREIRA DO VALE,CENTRO,-8.94766,-72.78924,828,-1,0
2024,54,1040,4,1120,ESCOLA ERNESTINA RODRIGUES FERREIRA,ZONA RURAL,-9.41095,-72.71587,495,-1,0
2024,55,1040,4,1139,ESCOLA JOSÉ PINTO PEREIRA,ZONA RURAL,-9.19105,-72.71202,538,-1,0
2024,56,1040,4,1147,ESCOLA SAMUEL PIYÃKO,ZONA RURAL,-9.17074,-72.91177,437,-1,0
2024,57,1040,4,1155,ESCOLA JOSEFA LOPES DA CUNHA,ZONA RURAL,-8.9405,-72.41095,390,-1,0
2024,58,1040,4,1163,CENTRO CULTURAL CUPICHAU,ZONA RURAL,-9.47984,-72.41832,263,-1,0
2024,59,1040,4,1171,ESCOLA ANTÔNIO RUBENS PINHEIRO,ZONA RURAL,-9.22938,-72.70331,237,-1,0
2024,60,1040,4,1180,ESCOLA PRAXEDES BRANDÃO,ZONA RURAL,-8.83504,-72.76247,352,-1,0
2024,61,1058,6,1023,CENTRO CULTURAL SEBASTIÃO JOAQUIM DANTAS BARROSO,FERREIRA DA SILVA,-10.99867,-68.75056,296,8,0
2024,62,1058,6,1040,ESCOLA MARIA SOCORRO DE SOUZA FROTA,FRANCISCO JOSE MOREIRA,-10.99382,-68.75108,1736,9,0
2024,63,1058,6,1066,ESCOLA  KAIRALA JOSE KAIRALA,RAIMUNDO CHAAR,-11.01254,-68.74111,2142,12,0
2024,64,1058,6,1074,ESCOLA VALDOMIRO FERREIRA BARROSO - KM 19,ZONA RURAL,-10.82918,-68.88791,775,-1,0
2024,65,1058,6,1082,ESCOLA GETULIO VARGAS,CENTRO,-11.0156,-68.74487,1327,6,0
2024,66,1058,6,1104,ESCOLA VITORIA SALVATIERRA CESAR,CENTRO,-11.01554,-68.74424,178,6,0
2024,67,1058,6,1112,SEMED - SECRETARIA MUNICIPAL DE EDUCAÇÃO,RAIMUNDO CHAAR,-11.00865,-68.74553,569,12,0
2024,68,1058,6,1120,ESCOLA FONTENELE DE CASTRO,FERREIRA DA SILVA,-11.00013,-68.75041,1733,8,0
2024,69,1058,6,1180,ESCOLA VALERIA BISPO SABALA - KM 26,ZONA RURAL,-10.95395,-68.92785,783,-1,0
2024,70,1058,6,1198,ESCOLA FRANCISCO GERMANO DA SILVA - KM 68,ZONA RURAL,-10.81908,-69.2282,884,-1,0
2024,71,1058,6,1210,ESCOLA ODILON PRATAGI,CENTRO,-11.0073,-68.74323,1707,12,0
2024,72,1058,6,1228,ESCOLA ELSON DIAS DANTAS,LEONARDO BARBOSA,-11.0111,-68.7597,974,10,0
2024,73,1058,6,1996,ESCOLA MENINO JESUS,CENTRO,-11.00555,-68.75468,938,7,0
2024,74,1058,6,2046,CEDUP - CENTRO DE ESTUDOS EDUCAÇÃO PERMANENTE,CENTRO,-11.01508,-68.7499,841,6,0
2024,75,1058,6,2127,SESC-SERVIÇO SOCIAL DO COMERCIO,ELDORADO,-10.99911,-68.75383,876,7,0
2024,76,1058,6,2151,ESCOLA FULGÊNCIO DE PAIVA -KM 59 MAIS 18 DE RAMAL,ZONA RURAL,-10.72723,-69.11079,405,-1,0
2024,77,1058,6,2208,ESCOLA ANTÔNIO CARNEIRO DA SILVA - KM 04 POLO AGROFLORESTAL,ZONA RURAL,-10.94813,-68.70454,245,-1,0
2024,78,1058,6,2224,ESCOLA PADRE JOSÉ DE ANCHIETA - KM 59 MAIS 60 DE RAMAL,ZONA RURAL,-10.4771,-69.27543,217,-1,0
2024,79,1058,6,2267,CENTRO DO IDOSO,ELDORADO,-10.99944,-68.75398,488,7,0
2024,80,1058,6,2283,UNIDADE BÁSICA DE SAÚDE SIMÃO MANSOUR BARTHA,ALBERTO CASTRO,-10.99608,-68.75968,379,5,0
2024,81,1058,6,2291,NÚCLEO DE BASE PALMEIRAS - AMOPREBE (KM 84),ZONA RURAL,-10.68603,-69.36186,271,-1,0
2024,82,1058,6,2305,CAMPUS FRONTEIRA DO ALTO ACRE - UFAC,ZONA RURAL,-10.96154,-68.8131,230,-1,0
2024,83,1058,6,2313,SENAC - NÚCLEO DE EDUCAÇÃO PROFISSIONAL DE BRASILÉIA,ELDORADO,-11.00416,-68.75182,1321,7,0
2024,84,1058,6,2330,ESCOLA MUNICIPAL JUELITA MEIRELES,ZONA RURAL,-10.45625,-69.49228,168,-1,0
2024,85,1066,4,1015,ESCOLA  MANOEL CORREIA DE PAIVA,CENTRO,-8.26537,-72.74241,910,-1,0
2024,86,1066,4,1023,ESCOLA MANOEL MOREIRA PINHEIRO,CENTRO,-8.26713,-72.74511,1375,-1,0
2024,87,1066,4,1031,ESCOLA BORGES DE AQUINO,CENTRO,-8.26613,-72.74082,1468,-1,0
2024,88,1066,4,1040,ESCOLA IZAURA AMORIM DE LIMA,CENTRO,-8.26936,-72.74355,1663,-1,0
2024,89,1066,4,1058,ESCOLA SÃO JOSÉ,ZONA RURAL,-8.5724,-72.40444,563,-1,0
2024,90,1066,4,1074,ESCOLA NOSSA SENHORA APARECIDA,ZONA RURAL,-8.46309,-72.84421,212,-1,0
2024,91,1066,4,1082,ESCOLA CHATEAUBRIAND BEZERRA,ZONA RURAL,-8.40128,-72.59038,137,-1,0
2024,92,1066,4,1090,ESCOLA LIMA DO VALE,ZONA RURAL,-8.44716,-72.53157,311,-1,0
2024,93,1066,4,1104,ESCOLA ALFREDO SALES,ZONA RURAL,-8.54489,-72.80973,422,-1,0
2024,94,1066,4,1112,ESCOLA JOSÉ DE MELO BARRETO,ZONA RURAL,-8.6016,-72.9234,109,-1,0
2024,95,1066,4,1120,ESCOLA VENCESLAU BRÁZ,ZONA RURAL,-8.36367,-72.76782,334,-1,0
2024,96,1066,4,1139,ESCOLA SAO FRANCISCO DAS CHAGAS,ZONA RURAL,-8.43293,-72.97836,124,-1,0
2024,97,1066,4,1147,ESCOLA CASTELO BRANCO,ZONA RURAL,-8.23634,-72.95588,199,-1,0
2024,98,1074,4,1015,ESCOLA BRAZ DE AGUIAR,CENTRO,-7.63438,-72.66623,895,-1,0
2024,99,1074,4,1023,ESCOLA SANTA RITA,ZONA RURAL,-7.74178,-72.45922,542,-1,0
2024,100,1074,4,1031,ESCOLA OLAVO BILAC,ZONA RURAL,-7.77059,-72.3918,1360,-1,0
2024,101,1074,4,1058,ESCOLA OSVALDO D'ALBUQUERQUE LIMA,CENTRO,-7.6333,-72.66684,392,-1,0
2024,102,1074,4,1066,ESCOLA CRAVEIRO COSTA,REMANSO,-7.62209,-72.6599,2006,-1,0
2024,103,1074,4,1074,UNIVERSIDADE ABERTA DO BRASIL,CENTRO,-7.63336,-72.66452,649,-1,0
2024,104,1074,4,1104,ESCOLA IRMÃ DIANA,CRUZEIRINHO NOVO,-7.64041,-72.67816,439,-1,0
2024,105,1074,4,1120,ESCOLA DR. VALÉRIO CALDAS DE MAGALHÃES,CENTRO,-7.63547,-72.66959,1133,-1,0
2024,106,1074,4,1147,CEFLORA,VINTE E CINCO DE AGOSTO,-7.61604,-72.67246,593,-1,0
2024,107,1074,4,1155,ESCOLA DOM HENRIQUE RUTH,JOÃO ALVES,-7.62979,-72.68108,3452,-1,0
2024,108,1074,4,1171,ESCOLA PADRE CARLOS KUNZ,MANOEL TERÇAS,-7.63756,-72.67903,1085,-1,0
2024,109,1074,4,1198,ESCOLA PADRE CRISTÓVÃO FREIRE ARNAUD,NOSSA SENHORA DAS GRAÇAS,-7.61765,-72.70023,1099,-1,0
2024,110,1074,4,1210,ESCOLA MARIA DE NAZARÉ SANTIAGO,ZONA RURAL,-7.72303,-72.74364,492,-1,0
2024,111,1074,4,1228,ESCOLA PADRE DAMIÃO,REMANSO,-7.61964,-72.6594,1513,-1,0
2024,112,1074,4,1295,ESCOLA MADRE ADELGUNDES BECKER,MIRITIZAL,-7.64192,-72.66029,2450,-1,0
2024,113,1074,4,1309,ESCOLA THAUMATURGO DE AZEVEDO,ALUMÍNIO,-7.62875,-72.66148,1042,-1,0
2024,114,1074,4,1325,ESCOLA JUAREZ IBERNON,ZONA RURAL,-7.75045,-72.40056,389,-1,0
2024,115,1074,4,1333,ESCOLA SÃO FRANCISCO,ZONA RURAL,-7.79749,-72.02761,865,-1,0
2024,116,1074,4,1350,ESCOLA PROFESSOR FLODOARDO CABRAL,ESCOLA TÉCNICA,-7.62815,-72.67264,1438,-1,0
2024,117,1074,4,1368,ESCOLA PRESBITERIANA,ESCOLA TÉCNICA,-7.62518,-72.67217,645,-1,0
2024,118,1074,4,1376,PRÉ-ESCOLAR MARCELINO CHAMPAGNAT,varzea,-7.63285,-72.66366,598,-1,0
2024,119,1074,4,1384,ESCOLA MARIA LIMA DE SOUZA,COBAL,-7.62899,-72.65742,1818,-1,0
2024,120,1074,4,1392,ESCOLA ANTONIO DE BARROS FREIRE,TELEGRAFO,-7.62397,-72.66601,2211,-1,0
2024,121,1074,4,1406,ESCOLA JOÃO KUBITSCHECK,VINTE E CINCO DE AGOSTO,-7.61667,-72.67319,1491,-1,0
2024,122,1074,4,1422,ESCOLA PRESIDENTE TANCREDO DE ALMEIDA NEVES,COPACABANA,-7.62331,-72.67647,1154,-1,0
2024,123,1074,4,1457,ESCOLA CORAZITA NEGREIROS,TELEGRAFO,-7.62452,-72.66142,1140,-1,0
2024,124,1074,4,1473,ESCOLA HUGO CARNEIRO,FLORESTA,-7.62655,-72.67452,702,-1,0
2024,125,1074,4,1481,ESCOLA ARTHUR MAIA DE CARVALHO,ARTUR MAIA,-7.62093,-72.68439,1511,-1,0
2024,126,1074,4,1520,ESCOLA FRANCISCA RITA DE CÁSSIA LIMA PINTO,CRUZEIRÃO,-7.61629,-72.6687,1194,-1,0
2024,127,1074,4,1554,ESCOLA DARCY BEZERRA,AEROPORTO VELHO,-7.60211,-72.6832,2116,-1,0
2024,128,1074,4,1570,CRECHE MARIA CIDÁLIA CORREIA LIMA DE MESSIAS,SÃO JOSÉ,-7.6105,-72.67045,1073,-1,0
2024,129,1074,4,1597,ESCOLA PROFESSORA QUITA,SÃO JOSÉ,-7.61127,-72.67345,899,-1,0
2024,130,1074,4,1600,ESCOLA REGOS BARROS,CENTRO,-7.63635,-72.67398,735,-1,0
2024,131,1074,4,1619,ESCOLA SÃO JOSÉ,MORRO DA GLÓRIA,-7.63235,-72.66998,809,-1,0
2024,132,1074,4,1643,ESCOLA JOÃO BUSSONS DE OLIVEIRA,ZONA RURAL,-7.74051,-72.48687,1477,-1,0
2024,133,1074,4,1783,ESCOLA ANTÔNIO FERREIRA GOMES,ZONA RURAL,-7.66649,-72.81269,1018,-1,0
2024,134,1074,4,1791,ESCOLA MANOEL BRAZ DE MELO,ZONA RURAL,-7.58567,-72.81162,1791,-1,0
2024,135,1074,4,2089,ESCOLA CORA CORALINA,ZONA RURAL,-7.76261,-72.29482,886,-1,0
2024,136,1074,4,2097,ESCOLA AUGUSTO SEVERO,ZONA RURAL,-7.52808,-72.88198,725,-1,0
2024,137,1074,4,2100,ESCOLA EMÍDIO BRAGA DE VASCONCELOS,BOCA DA ALEMANHA,-7.58091,-72.71367,1068,-1,0
2024,138,1074,4,2127,ESCOLA PADRE MARCELINO CHAMPAGNAT,JOÃO ALVES,-7.63232,-72.67833,1449,-1,0
2024,139,1074,4,2135,ESCOLA MUSTAFA ALMEIDA TOBU,JOÃO ALVES,-7.6267,-72.68059,1187,-1,0
2024,140,1074,4,2143,ESCOLA ABSOLON MOREIRA,FLORESTA,-7.61238,-72.68138,1533,-1,0
2024,141,1074,4,2151,ESCOLA SETE DE SETEMBRO,SÃO CRISTÓVÃO,-7.59332,-72.75005,782,-1,0
2024,142,1074,4,2160,ESCOLA LUIZ ANTÔNIO MEIRIM PEDREIRA,CRUZEIRINHO NOVO,-7.6391,-72.68023,1507,-1,0
2024,143,1074,4,2186,ESCOLA SANTA LUZIA,ZONA RURAL,-7.5506,-72.7256,471,-1,0
2024,144,1074,4,2194,ESCOLA ALFREDO SAID,ZONA RURAL,-8.0238,-72.74495,306,-1,0
2024,145,1074,4,2208,ESCOLA HUMBERTO DE CAMPOS,ZONA RURAL,-7.81059,-72.43904,932,-1,0
2024,146,1074,4,2216,ESCOLA HELENA NOBRE,ZONA RURAL,-8.13368,-72.83045,191,-1,0
2024,147,1074,4,2224,ESCOLA ARTUR LEBRE II,ZONA RURAL,-8.23474,-73.18503,540,-1,0
2024,148,1074,4,2232,ESCOLA 21 DE ABRIL,MIRITIZAL,-7.64041,-72.64685,932,-1,0
2024,149,1074,4,2240,ESCOLA RAINHA DA FLORESTA,ZONA RURAL,-8.0245,-72.40203,967,-1,0
2024,150,1074,4,2259,ESCOLA JOAQUIM NOGUEIRA,ZONA RURAL,-8.06621,-72.06362,634,-1,0
2024,151,1074,4,2267,ESCOLA PADRE EGON ANGEL,ZONA RURAL,-8.10709,-72.59623,387,-1,0
2024,152,1074,4,2275,ESCOLA DION THAUMATURGO,ZONA RURAL,-7.71477,-72.7088,305,-1,0
2024,153,1074,4,2291,ESCOLA TAMÃKÃYÃ,ZONA RURAL,-7.77324,-72.20169,350,-1,0
2024,154,1074,4,2305,ESCOLA 17 DE NOVEMBRO,ZONA RURAL,-7.53616,-72.84353,290,-1,0
2024,155,1074,4,2313,ESCOLA GENERAL RONDON,ZONA RURAL,-7.67759,-72.79681,225,-1,0
2024,156,1074,4,2321,ESCOLA RAIMUNDA DE OLIVEIRA AMORIM,ZONA RURAL,-7.54362,-72.77949,134,-1,0
2024,157,1074,4,2330,ESCOLA SEBASTIANA SILENE VALENTE,ZONA RURAL,-7.72066,-72.35362,318,-1,0
2024,158,1074,4,2348,ESCOLA DOM PEDRO II,SANTA TEREZINHA,-7.5886,-72.68608,976,-1,0
2024,159,1074,4,2356,ESCOLA VISCONDE DO RIO BRANCO,MIRITIZAL,-7.63121,-72.64295,281,-1,0
2024,160,1074,4,2364,ESCOLA RUI  BARBOSA,MIRITIZAL,-7.65394,-72.67475,243,-1,0
2024,161,1074,4,2372,ESCOLA NEUZA BERNARDINO DE SOUZA,ZONA RURAL,-8.08783,-72.77656,125,-1,0
2024,162,1074,4,2380,ESCOLA ARTHUR LEBRE I,ZONA RURAL,-7.80287,-72.59033,115,-1,1
2024,163,1074,4,2410,ESCOLA NOSSA SENHORA APARECIDA,ZONA RURAL,-7.80287,-72.59033,124,-1,1
2024,164,1074,4,2429,UNIDADE DE GESTÃO AMBIENTAL INTEGRADA - UGAI,ZONA RURAL,-7.80287,-72.59033,446,-1,1
2024,165,1082,4,1015,ESCOLA FRANCISCO BRAGA DE SOUZA,CENTRO,-7.73794,-72.65385,1597,38,0
2024,166,1082,4,1023,ESCOLA CUNHA VASCONCELOS,CENTRO,-7.73748,-72.64943,1057,37,0
2024,167,1082,4,1031,ESCOLA PEDRO DE MELO CORREIA,CENTRO,-7.73264,-72.64825,817,40,0
2024,168,1082,4,1040,ESCOLA POLO AGROFLORESTAL,ZONA RURAL,-7.68842,-72.95263,237,-1,0
2024,169,1082,4,1058,ESCOLA MARIA LIGIA DE MATOS DA SILVA,CENTRO,-7.73768,-72.64906,605,39,0
2024,170,1082,4,1066,ESCOLA PADRE RAIMUNDO AGNALDO PEREIRA TRINDADE,CENTRO,-7.72999,-72.64922,879,40,0
2024,171,1082,4,1074,ESCOLA INENCI MORORÓ DE OLIVEIRA,ZONA RURAL,-7.87481,-72.75919,882,-1,0
2024,172,1082,4,1082,ESCOLA MARECHAL RONDON,ZONA RURAL,-7.75893,-72.85435,307,-1,0
2024,173,1082,4,1090,ESCOLA MANOEL CARNEIRO DE MESSIAS,ZONA RURAL,-7.77283,-72.64577,662,-1,0
2024,174,1082,4,1104,ESCOLA SANTA CLARA,ZONA RURAL,-7.82159,-72.66495,795,-1,0
2024,175,1082,4,1112,ESCOLA MARGARIDA PEDREIRA,ZONA RURAL,-7.87727,-72.90646,511,-1,0
2024,176,1082,4,1120,ESCOLA RAIMUNDO ALVES DA COSTA I,ZONA RURAL,-7.87237,-73.07379,176,-1,0
2024,177,1082,4,1139,ESCOLA MARIA LIZETE DE OLIVEIRA MOURA,ZONA RURAL,-7.94593,-72.94312,408,-1,0
2024,178,1082,4,1147,ESCOLA HIDELBRANDO FABRÍCIO ÂNGELO,ZONA RURAL,-7.74594,-72.89835,186,-1,0
2024,179,1082,4,1155,ESCOLA EDSON MOURA,ZONA RURAL,-7.85785,-72.93301,302,-1,0
2024,180,1082,4,1163,ESCOLA FRANCISCO ENEAS CORREIA DE SOUZA,ZONA RURAL,-7.90909,-72.85328,239,-1,0
2024,181,1082,4,1171,ESCOLA JOSÉ MORORÓ DE OLIVEIRA,ZONA RURAL,-7.78587,-73.03162,275,-1,0
2024,182,1082,4,1180,ESCOLA SÃO JOSÉ II,ZONA RURAL,-7.69737,-72.84097,189,-1,0
2024,183,1082,4,1198,ESCOLA PAULO FREIRE - ANEXO I,ZONA RURAL,-7.78096,-72.75889,193,-1,0
2024,184,1082,4,1201,ESCOLA GODOFREDO SAMPAIO,ZONA RURAL,-7.81,-72.63969,329,-1,0
2024,185,1082,4,1210,ESCOLA NUNES CORREIA,ZONA RURAL,-7.85351,-72.7342,337,-1,0
2024,186,1082,4,1228,ESCOLA JÚLIA MARIA DE SANTANA AMORIM,CENTRO,-7.7372,-72.65668,560,38,0
2024,187,1082,4,1236,ESCOLA MARIA DIONE BERNARDO MOTA,ZONA RURAL,-7.72592,-72.74007,492,-1,0
2024,188,1082,4,1279,ESCOLA JOSÉ CASSIMIRO DE ALMEIDA,ZONA RURAL,-7.81051,-72.83708,212,-1,1
2024,189,1090,4,1015,ESCOLA JOSE BERNARDO DE SOUZA,CENTRO,-7.61286,-72.90123,504,-1,0
2024,190,1090,4,1023,SECRETARIA DE ACAO SOCIAL,JOSE MARTINS,-7.61187,-72.91159,425,-1,0
2024,191,1090,4,1031,ESCOLA PADRE EDSON OLIVEIRA DANTAS,JOSE MARTINS,-7.60871,-72.90898,993,-1,0
2024,192,1090,4,1040,COORDENACAO DE ENSINO,COBAL,-7.61275,-72.89988,246,-1,0
2024,193,1090,4,1058,ESCOLA ANTONIO DE OLIVEIRA DANTAS,SAO VIDAL,-7.61453,-72.90907,1653,-1,0
2024,194,1090,4,1066,CAMARA MUNICIPAL,CENTRO,-7.61111,-72.9038,380,-1,0
2024,195,1090,4,1074,ESCOLA JOSE SENA,ZONA RURAL,-7.71998,-73.34453,295,-1,0
2024,196,1090,4,1090,ESCOLA JOSEFA DE QUEIROZ,ZONA RURAL,-7.4558,-73.64409,222,-1,0
2024,197,1090,4,1112,PREFEITURA MUNICIPAL,CENTRO,-7.60779,-72.90629,370,-1,0
2024,198,1090,4,1120,ESCOLA FRANCISCO FREIRE DE CARVALHO,SAO FRANCISCO,-7.59588,-72.92491,2403,-1,0
2024,199,1090,4,1139,ESCOLA BELARMINO DE MENDONCA,CENTRO,-7.61362,-72.9022,1100,-1,0
2024,200,1090,4,1147,ESCOLA 1º DE MAIO,GUARANI,-7.62568,-72.8804,1873,-1,0
2024,201,1090,4,1163,ESCOLA PEDRO ANTONIO DE OLIVEIRA,ZONA RURAL,-7.43426,-73.45852,547,-1,0
2024,202,1090,4,1180,ESCOLA JOÃO SABINO DA ROCHA,ZONA RURAL,-7.50342,-73.26895,182,-1,0
2024,203,1090,4,1198,ESCOLA IXUBÃY RABUI PUYANAWA,ZONA RURAL,-7.52611,-73.00561,530,-1,0
2024,204,1090,4,1201,ESCOLA BRAULINO VIEIRA DE ALENCAR,ZONA RURAL,-7.46512,-72.9598,695,-1,0
2024,205,1090,4,1210,ESCOLA MARIA FIRMINO CHAVES,ZONA RURAL,-7.41811,-73.22485,557,-1,0
2024,206,1090,4,1228,ESCOLA GLÓRIA SORIANO ROSAS,ZONA RURAL,-7.39738,-73.04604,267,-1,0
2024,207,1090,4,1236,ESCOLA LUIZ DE FONTES,ZONA RURAL,-7.55809,-72.97949,267,-1,0
2024,208,1090,4,1244,ESCOLA JOAQUIM GENEROSO DE OLIVEIRA,IRACEMA,-7.58911,-72.93655,822,-1,0
2024,209,1104,5,1023,PREFEITURA MUNICIPAL,CENTRO,-9.19065,-71.95171,525,-1,0
2024,210,1104,5,1031,ESCOLA MANOEL RODRIGUES DE FARIAS,CENTRO,-9.1907,-71.94814,1335,-1,0
2024,211,1104,5,1040,CAMARA MUNICIPAL,CENTRO,-9.19047,-71.95124,585,-1,0
2024,212,1104,5,1058,ESCOLA DE ENSINO FUNDAMENTAL ATALIBA XIMENES ARAGAO,ZONA RURAL,-9.23052,-71.65067,455,-1,0
2024,213,1104,5,1066,ESCOLA DE ENSINO FUNDAMENTAL CORONEL FLORENCIO DA CUNHA,ZONA RURAL,-8.82431,-71.81518,480,-1,0
2024,214,1104,5,1074,ALDEIA INDIGENA BOA VISTA,ZONA RURAL,-9.34183,-72.07283,614,-1,0
2024,215,1104,5,1104,ESCOLA PRÉ ESCOLAR 12 DE OUTUBRO,CENTRO,-9.19069,-71.95106,330,-1,0
2024,216,1104,5,1112,ESCOLA JAIRO DE FIGUEIREDO MELO,CENTRO,-9.19019,-71.94831,1568,-1,0
2024,217,1112,6,1015,ESCOLA BRASIL BOLIVIA,CENTRO,-11.02973,-68.74054,1169,15,0
2024,218,1112,6,1031,ESCOLA JOANA RIBEIRO AMED,CENTRO,-11.02857,-68.73743,1425,15,0
2024,219,1112,6,1058,ESCOLA RAIMUNDA DA CUNHA AIRES,JOSE HASSEM,-11.03154,-68.74939,1422,19,0
2024,220,1112,6,1210,ESCOLA JOAO PEDRO DA SILVA,LIBERDADE,-11.0241,-68.74095,1139,20,0
2024,221,1112,6,1252,ESCOLA LUIZ GONZAGA DA ROCHA - KM 09 VILA PROGRESSO,ZONA RURAL,-11.03109,-68.6665,410,-1,0
2024,222,1112,6,1287,ESCOLA JOSÉ HASSEM HALL FILHO,SATEL,-11.02415,-68.74838,1234,23,0
2024,223,1112,6,1295,NÚCLEO ESTADUAL DE EDUCAÇÃO / SEE,CENTRO,-11.02848,-68.73848,680,15,0
2024,224,1112,6,1309,ESCOLA BELA FLOR,AEROPORTO,-11.0301,-68.73492,1794,15,0
2024,225,1112,6,1317,ESCOLA CASTELO BRANCO - KM 20,ZONA RURAL,-10.96078,-68.59467,928,-1,0
2024,226,1112,6,1325,ESCOLA JOSÉ BENÍCIO MOREIRA - KM 37 ESTRADA VELHA (PRATA),ZONA RURAL,-11.02035,-68.48802,239,-1,0
2024,227,1112,6,1333,ESCOLA ALCINO MONTEIRO DE OLIVEIRA - KM 33 (MATO GROSSO),ZONA RURAL,-10.90319,-68.4574,315,-1,0
2024,228,1112,6,1368,ESCOLA BELO PORVIR,FONTINELE DE CASTRO,-11.03577,-68.74408,1369,21,0
2024,229,1112,6,1392,ESCOLA INFANTIL COSMA DE AZEVEDO MARQUES ,SATEL,-11.02027,-68.74635,115,23,0
2024,230,1112,6,1406,ESCOLA SEBASTIÃO BRANDÃO DO NASCIMENTO,AEROPORTO,-11.03034,-68.73863,576,15,0
2024,231,1112,6,1414,ESCOLA JOSÉ JOAQUIM MEIRELES,ZONA RURAL,-10.85717,-68.67239,272,-1,0
2024,232,1112,6,1422,NÚCLEO DE BASE PORONGABA,ZONA RURAL,-10.80963,-68.77493,197,-1,0
2024,233,1112,6,1430,ESCOLA MARIA ESTER DE OLIVEIRA,ZONA RURAL,-10.74799,-68.73559,134,-1,0
2024,234,1112,6,1449,SECRETARIA MUNICIPAL DE MEIO AMBIENTE E TURISMO DE EPITACIOLÂNDIA,AEROPORTO,-11.02898,-68.7384,298,15,0
2024,235,1112,6,1473,ESCOLA MUNICIPAL PEQUENO PRÍNCIPE,LIBERDADE,-11.02396,-68.73728,590,20,0
2024,236,1120,8,1015,ESCOLA ALTINA MAGALHAES,ZONA RURAL,-9.82757,-66.88068,1078,-1,0
2024,237,1120,8,1023,ESCOLA  DE 1 GRAU PROF PEDRO DE CASTRO MEIRELES,CENTRO,-10.07847,-67.05594,1211,-1,0
2024,238,1120,8,1031,ESCOLA DE 1 GRAU MARIA DE JESUS RIBEIRO,ZONA RURAL,-10.00729,-67.03876,677,-1,0
2024,239,1120,8,1040,ESCOLA SANTA LUCIA III,ZONA RURAL,-9.81228,-67.09381,1075,-1,0
2024,240,1120,8,1058,CRECHE MUNICIPAL,CENTRO,-10.07714,-67.05579,725,-1,0
2024,241,1120,8,1066,ESCOLA NOVO HORIZONTE,CENTRO,-10.07427,-67.05851,853,-1,0
2024,242,1120,8,1074,ESCOLA MARCILIO PONTES DOS SANTOS,CENTRO,-10.07284,-67.0487,1624,-1,0
2024,243,1120,8,1112,ASSOCIAÇÃO SERINGUEIRA PORTO DIAS,ZONA RURAL - CTA,-10.01105,-66.77385,172,-1,0
2024,244,1120,8,1120,ESC MUN CEN ENS FUN RITA BOCALON RODRIGUES,CENTRO,-10.0763,-67.05188,1473,-1,0
2024,245,1120,8,1139,POLO UNIVERSITARIO DA UAB,CENTRO,-10.07339,-67.05453,541,-1,0
2024,246,1120,8,1180,ESCOLA MUNICIPAL JAIME ALENCAR,ZONA RURAL - PORTO LUIZ I E II,-9.98911,-66.93384,263,-1,0
2024,247,1120,8,1198,COLÉGIO AGRÍCOLA,ZONA RURAL - RAMAL PROGRESSO,-9.84971,-66.8487,113,-1,0
2024,248,1120,8,1210,CENTRO DE REFERENCIA E ASSISTENCIA SOCIAL - CRAS,CENTRO,-10.07811,-67.05564,430,-1,0
2024,249,1139,7,1031,ESCOLA DE SEGUNDO GRAU JOSE GURGEL RABELO,CIDADE NOVA,-8.16586,-70.3504,2849,27,0
2024,250,1139,7,1040,GINASIO IMACULADA CONCEICAO,CENTRO,-8.16846,-70.35626,1270,26,0
2024,251,1139,7,1058,GRUPO ESCOLAR PREFEITO RAIMUNDO AUGUSTO DE ARAUJO,CENTRO,-8.1619,-70.35006,2303,34,0
2024,252,1139,7,1074,COMPLEXO ESCOLAR NANZIO MAGALHAES,CIDADE NOVA,-8.16757,-70.35053,1701,27,0
2024,253,1139,7,1112,ESCOLA FRANCISCO NUNES LEITÃO,SEGUNDO DISTRITO,-8.17037,-70.35002,891,27,0
2024,254,1139,7,1147,PRE-ESCOLAR TOPPO GIGGIO,CENTRO,-8.16835,-70.34361,516,30,0
2024,255,1139,7,1163,ESCOLA VICENTE CELSO BRANDAO,BELA VISTA,-8.15892,-70.3518,2625,25,0
2024,256,1139,7,1171,ESCOLA DE ENSINO FUNDAMENTAL SEVERINO CORDEIRO,ESPERANÇA,-8.16704,-70.3442,2703,30,0
2024,257,1139,7,1180,ESCOLA DE ENSINO FUNDAMENTAL DR. EIRALDO CARNEIRO DE FRANCA,COHAB I,-8.1956,-70.34476,1345,36,1
2024,258,1139,7,1198,ESCOLA ANTÔNIO FENELON DE OLIVEIRA,ZONA RURAL,-8.5128,-70.04855,728,-1,0
2024,259,1139,7,1201,ESCOLA PAULINO FEIJO DE MELO,ZONA RURAL,-8.46495,-70.55173,438,-1,0
2024,260,1139,7,1210,ESCOLA MUNICIPAL MANOEL VENANCIO BARBOSA,ZONA RURAL,-7.96015,-69.94614,481,-1,0
2024,261,1139,7,1228,ESCOLA MUNICIPAL DE ENSINO FUNDAMENTAL RAIMUNDO PRADO,ZONA RURAL,-9.16744,-70.85247,448,-1,0
2024,262,1139,7,1236,ESCOLA MUNICIPAL DE ENSINO FUNDAMENTAL DONA TEREZA DE CARVALHO,ZONA RURAL,-8.90495,-70.85959,322,-1,0
2024,263,1139,7,1244,ESCOLA MUNICIPAL DE EDUCACAO INFANTIL MENINO JESUS,NAIR ARAUJO,-8.17086,-70.35396,1313,33,0
2024,264,1139,7,1252,ESCOLA KAXINAWA HUNIKUI SIA,ZONA RURAL,-8.08329,-70.31974,349,-1,0
2024,265,1139,7,1260,ESCOLA TAKEHAYNE SHANENAWA,ZONA RURAL,-8.15893,-70.37101,321,35,1
2024,266,1139,7,1279,ESCOLA JOSE FERREIRA FILHO,ZONA RURAL,-8.8653,-70.59477,408,-1,0
2024,267,1139,7,1295,ESCOLA IVO NEVES,ZONA RURAL,-8.29424,-70.36815,147,-1,0
2024,268,1139,7,1309,ESCOLA MUNICIPAL ARLETE ALMEIDA,ZONA RURAL,-8.66368,-70.70157,183,-1,0
2024,269,1139,7,1317,ESCOLA NOVA OLINDA,ZONA RURAL,-9.10163,-70.71797,311,-1,0
2024,270,1139,7,1325,CENTRO DE REFERÊNCIA DE ASSISTÊNCIA SOCIAL - CRAS,CENTRO,-8.16885,-70.35837,1067,26,0
2024,271,1139,7,1333,UNIVERSIDADE FEDERAL DO ACRE - UFAC,CIDADE NOVA,-8.1662,-70.35138,138,27,0
2024,272,1139,7,1341,ALDEIA NOVA FLORESTA,ZONA RURAL,-9.47805,-71.30307,364,-1,0
2024,273,1392,1,1031,COLÉGIO ESTADUAL BARÃO DO RIO BRANCO,CENTRO,-9.9731,-67.81026,2005,-1,0
2024,274,1392,1,1058,INSTITUTO BRASILEIRO DE GEOGRAFIA E ESTATISTICA - IBGE,CENTRO,-9.97507,-67.80802,278,-1,0
2024,275,1392,1,1066,OCA RIO BRANCO,CENTRO,-9.97278,-67.80661,1910,-1,0
2024,276,1392,1,1074,CENTRO DE EDUCAÇÃO DE JOVENS E ADULTOS - CEJA CENTRO,CENTRO,-9.97717,-67.80957,960,-1,0
2024,277,1392,1,1090,PREFEITURA MUNICIPAL DE RIO BRANCO,CENTRO,-9.97246,-67.80998,1456,-1,0
2024,278,1392,1,1139,COLEGIO ACREANO,CENTRO,-9.97417,-67.80622,1682,-1,0
2024,279,1392,1,1171,DERACRE,SEGUNDO DISTRITO,-9.98479,-67.80626,990,-1,0
2024,280,1392,1,1180,SECRETARIA DE ESTADO DE SAÚDE - SESACRE,CENTRO,-9.97468,-67.80755,1339,-1,0
2024,281,1392,1,1236,ESCOLA DR. CARLOS VASCONCELOS,QUINZE,-9.98995,-67.81106,1591,-1,0
2024,282,1392,1,1260,ESCOLA PROF. MARILENA MANSOUR (ANTIGA IRACEMA GOMES PEREIRA),QUINZE,-9.986,-67.81201,976,-1,0
2024,283,1392,1,1279,ESCOLA MENINO JESUS,CENTRO,-9.97485,-67.80707,1444,-1,0
2024,284,1392,1,1295,ESCOLA ESTADUAL PROFESSORA TEREZINHA MIGUÉIS,CIDADE NOVA,-9.98461,-67.8178,1721,-1,0
2024,285,1392,1,1317,ESCOLA PROFESSOR JOSÉ RODRIGUES LEITE (ÉTICA),CENTRO,-9.97469,-67.80816,1499,-1,0
2024,286,1392,1,1384,ESCOLA ANITA GARIBALDI,TRIÂNGULO VELHO,-9.98936,-67.80914,996,-1,0
2024,287,1392,1,1465,INSTITUTO IMACULADA CONCEICAO - CENEC,QUINZE,-9.98469,-67.81105,1226,-1,0
2024,288,1392,1,1473,INSTITUTO SAO JOSE,CENTRO,-9.97445,-67.81163,1412,-1,0
2024,289,1392,1,1490,PALACIO DAS SECRETARIAS,CENTRO,-9.97483,-67.80905,781,-1,0
2024,290,1392,1,1554,CONSELHO REGIONAL DE ENFERMAGEM - COREN,CENTRO,-9.97131,-67.81335,516,-1,0
2024,291,1392,1,1589,SEINFRA - SECRETARIA DE ESTADO DE INFRAESTRUTURA,TRIÂNGULO,-9.98515,-67.80628,571,-1,0
2024,292,1392,1,1600,SECRETARIA DE ESTADO DE EDUCAÇÃO (ANTIGO SEBRAE),CENTRO,-9.97174,-67.81184,738,-1,0
2024,293,1392,1,1643,ESCOLA LOURIVAL PINHO,TRIÂNGULO VELHO,-9.98786,-67.80944,1657,-1,0
2024,294,1392,1,1651,SERVICO SOCIAL DO COMERCIO (SESC CENTRO),CENTRO,-9.9748,-67.81113,1073,-1,0
2024,295,1392,1,1708,FORUM BARAO DO RIO BRANCO,CENTRO,-9.97605,-67.81027,1161,-1,0
2024,296,1392,1,1759,ESCOLA RURAL ERCÍLIA FEITOSA GOMES,ZONA RURAL,-10.01413,-67.6732,491,-1,0
2024,297,1392,1,1783,ESCOLA RURAL CAPITÃO EDGARD CERQUEIRA FILHO,ZONA RURAL,-10.00876,-67.50105,723,-1,0
2024,298,1392,1,1848,ESCOLA MUNICIPAL RAIMUNDO HERMINIO DE MELO,ZONA RURAL,-10.01491,-67.71749,1232,-1,0
2024,299,1392,1,1856,ESCOLA JOAO MARIANO,TAQUARI,-10.00555,-67.8219,1309,-1,0
2024,300,1392,1,1872,ESCOLA ROBERTO SANCHES MUBARAC,SEIS DE AGOSTO,-9.97767,-67.80232,1873,-1,0
2024,301,1392,1,1929,ESCOLA GEORGETE ELUAN KALUME,CADEIA VELHA,-9.97217,-67.79474,1609,-1,0
2024,302,1392,1,1961,SUPERINTENDÊNCIA DO MINISTÉRIO DO TRABALHO,CENTRO,-9.97381,-67.80756,324,-1,0
2024,303,1392,1,1988,INSTITUTO DO MEIO AMBIENTE DO ACRE-IMAC,CENTRO,-9.9719,-67.80868,529,-1,0
2024,304,1392,1,1996,ESCOLA ZULEIDE PEREIRA DE SOUZA,VILA ACRE,-10.02418,-67.7987,1652,-1,0
2024,305,1392,1,2054,SENAI,CADEIA VELHA,-9.97216,-67.79428,1957,-1,0
2024,306,1392,1,2089,ESCOLA MADRE HILDEBRANDA DO PRA,CIDADE NOVA,-9.98105,-67.81437,1252,-1,0
2024,307,1392,1,2100,MUSEU DOS POVOS ACREANOS,CENTRO,-9.97608,-67.80714,430,-1,0
2024,308,1392,1,2313,ESCOLA LEONCIO DE CARVALHO,VILA ACRE,-10.04738,-67.79138,2034,-1,0
2024,309,1392,1,2402,ESCOLA ANA TURAM MACHADO FALCAO,CIDADE NOVA,-9.98229,-67.81603,1047,-1,0
2024,310,1392,1,2461,TRIBUNAL REGIONAL DO TRABALHO - TRT,CENTRO,-9.9758,-67.80986,581,-1,0
2024,311,1392,1,2470,ESCOLA ANTONIA FERNANDES DE FREITAS,SANTA INÊS,-10.00737,-67.79442,1516,-1,0
2024,312,1392,1,2488,BIBLIOTECA PÚBLICA ESTADUAL,CENTRO,-9.97358,-67.81012,472,-1,0
2024,313,1392,1,2500,INSS - AGÊNCIA CENTRO,CENTRO,-9.97164,-67.81124,344,-1,0
2024,314,1392,1,2526,ESCOLA ELIAS MANSOUR,TAQUARI,-9.99846,-67.81735,907,-1,0
2024,315,1392,1,2534,ESCOLA OSCAR FELICIO DE SOUZA,VILA ALBERT SAMPAIO,-10.01641,-67.69933,703,-1,0
2024,316,1392,1,2542,ESCOLA PAULO FREIRE,BELO JARDIM II,-10.01052,-67.77689,1967,-1,0
2024,317,1392,1,2550,ESCOLA PROF. SEBASTIÃO PEDROSA (ARENA DA FLORESTA),COMARA,-9.99776,-67.80571,1405,-1,0
2024,318,1392,1,2569,ESCOLA MARIA ANGÉLICA DE CASTRO,CENTRO,-9.98006,-67.80719,1650,-1,0
2024,319,1392,1,2577,ESCOLA JOSE CHALUB LEITE,AREAL,-10.00277,-67.80088,1083,-1,0
2024,320,1392,1,2585,DEPARTAMENTO NACIONAL DE INFRAESTRUTURA E TRANSPORTE - DNIT,BAIRRO DA CORRENTE,-10.01197,-67.79519,921,-1,0
2024,321,1392,1,2666,ESCOLA SANTO ANTONIO II,ZONA RURAL,-9.96729,-67.73109,914,-1,0
2024,322,1392,1,2674,ESCOLA BENFICA,VILA ACRE,-10.04699,-67.79107,1008,-1,0
2024,323,1392,1,2690,SEST/SENAT,VILA ACRE,-10.02717,-67.79888,1536,-1,0
2024,324,1392,1,2712,ESCOLA PROFESSOR JOSUÉ FERNANDES,RECANTO DOS BURITIS,-10.00285,-67.79322,1394,-1,0
2024,325,1392,1,2720,ESCOLA DUQUE DE CAXIAS,BELO JARDIM II,-10.01144,-67.77425,1331,-1,0
2024,326,1392,1,2755,SECRETARIA DE ESTADO DE MEIO AMBIENTE - SEMA,CENTRO,-9.97439,-67.8078,451,-1,0
2024,327,1392,1,2763,ESCOLA DR. JOSÉ CARVALHO,VILA ACRE,-10.06267,-67.78026,853,-1,0
2024,328,1392,1,2771,ESCOLA RURAL SÃO PEDRO I,ZONA RURAL,-10.0888,-67.82046,590,-1,0
2024,329,1392,1,2780,ESCOLA MAURICILA SANTANA,VILA BENFICA,-10.06909,-67.80026,804,-1,0
2024,330,1392,1,2798,ESCOLA BELO JARDIM,BELO JARDIM I,-10.00892,-67.77529,902,-1,0
2024,331,1392,1,2801,ESCOLA SANTA MARIA II,SANTA MARIA,-10.04871,-67.7713,1016,-1,0
2024,332,1392,1,2810,IDAF - VILA ACRE,VILA ACRE,-10.0232,-67.79867,1143,-1,0
2024,333,1392,1,2828,ACREPREVIDÊNCIA,CERÂMICA,-9.97269,-67.80261,744,-1,0
2024,334,1392,1,2836,CENTRO DE SAUDE CLAUDIA VITORINO,TAQUARI,-9.99633,-67.8077,651,-1,0
2024,335,1392,1,2844,ESCOLA RURAL BEIJA-FLOR,BELO JARDIM II,-10.00175,-67.77164,670,-1,0
2024,336,1392,1,2852,ESCOLA RURAL RUY AZEVEDO,ZONA RURAL,-10.04013,-67.83295,505,-1,0
2024,337,1392,1,2860,ESCOLA DJANIRA BEZERRA DOS REIS,TAQUARI,-10.00891,-67.83012,400,-1,0
2024,338,1392,1,2895,ESCOLA PROF RAIMUNDA SILVA PARÁ,CIDADE DO POVO,-10.02536,-67.75325,1656,-1,0
2024,339,1392,1,2909,CONTROLADORIA GERAL DA UNIÃO - CGU,TRIÂNGULO NOVO,-10.00448,-67.80738,370,-1,0
2024,340,1392,1,2917,ESCOLA MARIA IZALIZ CORREIA TEIXEIRA,SANTA INÊS,-10.00026,-67.79507,398,-1,0
2024,341,1392,1,2933,ESCOLA MUNICIPAL CHICO MENDES,SANTA INÊS,-10.01093,-67.79795,739,-1,0
2024,342,1392,1,2950,UNIDADE DE SAÚDE MARIA DE JESUS DE ANDRADE,TAQUARI,-10.00816,-67.82574,232,-1,0
2024,343,1392,1,2968,ESCOLA CARMELITA BARBOSA MONTENEGRO,VILA ACRE,-10.03619,-67.80012,638,-1,0
2024,344,1392,1,2984,ESCOLA DE EDUCAÇÃO INFANTIL WILLY VIANA DAS NEVES,CIDADE NOVA,-9.98194,-67.81729,637,-1,0
2024,345,1392,1,3026,UNIDADE BÁSICA DE SAÚDE MARIA DA CONCEIÇÃO,BELO JARDIM I,-10.00806,-67.7841,547,-1,0
2024,346,1392,1,3034,"MINISTÉRIO DA AGRICULTURA, PECUÁRIA E ABASTECIMENTO - MAPA",CORRENTE,-10.0193,-67.7974,843,-1,0
2024,347,1392,1,3050,CENTRO DE EDUCAÇÃO SUPERIOR DO ACRE (ANTIGA FACULDADE BETEL),CANAÃ,-9.99339,-67.79517,418,-1,0
2024,348,1392,1,3093,ESCOLA MANOEL MACHADO,BELO JARDIM I,-9.98126,-67.79132,600,-1,0
2024,349,1392,1,3115,ESCOLA TUFIC ASSMAR,SANTA MARIA,-10.06322,-67.74405,335,-1,0
2024,350,1392,1,3174,ESCOLA CLARISSE FECURY,SANTA INÊS,-10.00912,-67.79871,1271,-1,0
2024,351,1392,1,3247,ESCOLA MUNICIPAL MONTE CASTELO,APOLÔNIO SALES,-9.92578,-67.81235,1350,-1,0
2024,352,1392,1,3255,ESCOLA CASTELO BRANCO,AVIÁRIO,-9.96757,-67.8033,1336,-1,0
2024,353,1392,1,3263,UNIDADE DE SAÚDE FRANCISCO RONEY MEIRELES,VILA IVONETE,-9.93334,-67.82561,670,-1,0
2024,354,1392,1,3280,INCRA - INSTITUTO NACIONAL DE COLONIZAÇÃO E REFORMA AGRÁRIA,AVIÁRIO,-9.96543,-67.80259,1634,-1,0
2024,355,1392,1,3298,ESCOLA NEUTEL MAIA,BOSQUE,-9.96671,-67.81743,1687,-1,0
2024,356,1392,1,3301,ESCOLA ESTADUAL PROFESSOR RAIMUNDO BORGES,CHICO MENDES,-9.94134,-67.80447,1013,-1,0
2024,357,1392,1,3310,ESCOLA SAMUEL BARREIRA,BOSQUE,-9.95936,-67.80646,1598,-1,0
2024,358,1392,1,3328,ESCOLA ESTADUAL RAIMUNDO HERMINIO DE MELO,RAIMUNDO MELO,-9.94271,-67.82102,1685,-1,0
2024,359,1392,1,3336,ESCOLA PIMENTEL GOMES,SÃO FRANCISCO,-9.94889,-67.79499,1660,-1,0
2024,360,1392,1,3344,ESCOLA PROFESSORA CLÍCIA GADELHA,SÃO FRANCISCO,-9.94815,-67.79485,1683,-1,0
2024,361,1392,1,3352,ESCOLA JORGE FELIX LAVOCAT,TROPICAL,-9.95858,-67.79428,1344,-1,0
2024,362,1392,1,3360,ESCOLA  MOZART DONIZETE,VILA IVONETE,-9.95047,-67.82429,1687,-1,0
2024,363,1392,1,3379,ESCOLA BERTA VIEIRA DE ANDRADE,SÃO FRANCISCO,-9.95251,-67.79659,1989,-1,0
2024,364,1392,1,3387,IDAF - AVIÁRIO,AVIÁRIO,-9.96649,-67.80315,607,-1,0
2024,365,1392,1,3425,ESCOLA LINDAURA MARTINS LEITÃO,ELDORADO,-9.93825,-67.8022,1655,-1,0
2024,366,1392,1,3433,ESCOLA ESTADUAL IZA MELLO,SÃO FRANCISCO,-9.95236,-67.79763,1006,-1,0
2024,367,1392,1,3441,ESCOLA MARIANA DA SILVA OLIVEIRA (ANTIGA NAZARÉ DOURADO),PLACAS,-9.93262,-67.82095,1013,-1,0
2024,368,1392,1,3450,CENTRO DE SAÚDE VILA IVONETE,VILA IVONETE,-9.9502,-67.82446,345,-1,0
2024,369,1392,1,3468,ESCOLA GLÓRIA PEREZ,XAVIER MAIA,-9.93907,-67.8137,2719,-1,0
2024,370,1392,1,3476,SECRETARIA DE ESTADO DE PLANEJAMENTO E GESTÃO (SEPLAG - ANTIGA SDA),AVIÁRIO,-9.96689,-67.80331,1263,-1,0
2024,371,1392,1,3492,ESCOLA HUMBERTO SOARES,JOSÉ AUGUSTO,-9.96564,-67.80843,2009,-1,0
2024,372,1392,1,3506,ESCOLA THEODOLINA FALCAO MACEDO,PLACAS,-9.94489,-67.81226,1672,-1,0
2024,373,1392,1,3514,FEDERAÇÃO DO COMÉRCIO - FECOMÉRCIO/AC,VILA IVONETE,-9.95618,-67.81786,286,-1,0
2024,374,1392,1,3522,SENAC,BOSQUE,-9.95685,-67.81552,1192,-1,0
2024,375,1392,1,3549,ESCOLA MARIA LÚCIA MOURA MARIN,MORADA DO SOL,-9.96311,-67.79491,1268,-1,0
2024,376,1392,1,3557,ESCOLA AGNALDO MORENO (ANTIGA MARILENA MANSOUR),ZONA RURAL,-9.88446,-67.68009,588,-1,0
2024,377,1392,1,3565,CEJA - SÃO FRANCISCO,SÃO FRANCISCO,-9.95154,-67.79485,886,-1,0
2024,378,1392,1,3573,ESCOLA MUNICIPAL LUIZA CARNEIRO DANTAS,SÃO FRANCISCO,-9.95382,-67.79816,1340,-1,0
2024,379,1392,1,3581,INSTITUTO DE EDUCACAO LOURENCO FILHO,VILA IVONETE,-9.95324,-67.81908,1983,-1,0
2024,380,1392,1,3590,ESCOLA VOVO MOCINHA,PLACAS,-9.93939,-67.81478,1360,-1,0
2024,381,1392,1,3638,ESCOLA DOM GIOCONDO MARIA GROTTI,BOSQUE,-9.95972,-67.80881,1316,-1,0
2024,382,1392,1,3646,COHAB-ACRE,BOSQUE,-9.96045,-67.8104,983,-1,0
2024,383,1392,1,3662,ESCOLA LUIZ DE CARVALHO FONTENELLE,BOSQUE,-9.96066,-67.81889,1476,-1,0
2024,384,1392,1,3697,PROCURADORIA GERAL DO ESTADO DO ACRE - PGE/AC,VILA IVONETE,-9.95326,-67.81886,734,-1,0
2024,385,1392,1,3700,ESCOLA DR. MARIO DE OLIVEIRA,CERÂMICA,-9.97127,-67.80403,1583,-1,0
2024,386,1392,1,3719,UNIDADE DE SAÚDE DA FAMÍLIA - VITÓRIA,CHICO MENDES,-9.94519,-67.80064,331,-1,0
2024,387,1392,1,3735,COLÉGIO LATO SENSU,TROPICAL,-9.96043,-67.79553,1357,-1,0
2024,388,1392,1,3743,ESCOLA PADRE CARLOS CASAVECCHIA,XAVIER MAIA,-9.93258,-67.82013,1883,-1,0
2024,389,1392,1,3751,INSTITUTO FEDERAL DO ACRE - IFAC,XAVIER MAIA,-9.93129,-67.81793,2670,-1,0
2024,390,1392,1,3778,ESCOLA FREI ANDRÉ MARIA FICARELLI,CIDADE DO POVO,-10.02677,-67.75449,1300,-1,0
2024,391,1392,1,3786,ESCOLA PROFESSORA CRISTINA MAIA,CIDADE DO POVO,-10.02993,-67.76323,16,-1,0
2024,392,1392,1,3794,CRECHE MARIA ESTELA MARQUES,ELDORADO,-9.93585,-67.79632,166,-1,0
2024,393,1392,1,3816,ESCOLA MUNICIPAL BOA UNIÃO,SANTA MARIA,-10.05193,-67.76107,141,-1,0
2024,394,1392,1,3840,COLÉGIO MILITAR DOM PEDRO II,RESIDENCIAL SANTO AFONSO,-10.0184,-67.78067,1164,-1,0
2024,395,1392,1,3859,INSTITUTO ÁGUIAS DO SABER,SÃO FRANCISCO,-9.96135,-67.80186,1154,-1,0
2024,396,1392,1,3875,MINISTÉRIO PÚBLICO DO TRABALHO - MPT,DOM GIOCONDO,-9.97225,-67.81342,463,-1,0
2024,397,1392,1,3956,SECRETARIA MUNICIPAL DE INFRAESTRUTURA E MOBILIDADE URBANA - SEINFRA,CENTRO,-9.97225,-67.80953,557,-1,0
2024,398,1392,9,1015,ESCOLA PÚBLICA HELOÍSA MOURÃO MARQUES,AEROPORTO VELHO,-9.97803,-67.82437,1684,-1,0
2024,399,1392,9,1023,IEPTEC - ANTIGO INSTITUTO FEDERAL DO ACRE - IFAC -  BAIXADA,AEROPORTO VELHO,-9.98483,-67.82253,1795,-1,0
2024,400,1392,9,1031,ESCOLA FRANCISCO SALGADO FILHO,FLORESTA,-9.97131,-67.83181,1664,-1,0
2024,401,1392,9,1040,ESCOLA MUNICIPAL ANGELINA GONÇALVES DE SOUZA,FLORESTA,-9.97507,-67.84357,1341,-1,0
2024,402,1392,9,1058,ESCOLA LOURIVAL SOMBRA,ESTAÇÃO EXPERIMENTAL,-9.96413,-67.83799,1695,-1,0
2024,403,1392,9,1066,ESCOLA LUIZA BATISTA DE SOUZA,FLORESTA,-9.97061,-67.83644,1589,-1,0
2024,404,1392,9,1074,ESCOLA NATALINO DA SILVEIRA BRITO,ESTAÇÃO EXPERIMENTAL,-9.96392,-67.83366,1369,-1,0
2024,405,1392,9,1082,ESCOLA PADRE DIOGO FEIJÓ,ABRAÃO ALAB,-9.9722,-67.82738,1332,-1,0
2024,406,1392,9,1090,ESCOLA SERAFIM DA SILVA SALGADO,AEROPORTO VELHO,-9.98328,-67.82431,1326,-1,0
2024,407,1392,9,1104,ESCOLA TANCREDO NEVES,GLÓRIA,-9.9903,-67.82684,2243,-1,0
2024,408,1392,9,1112,SECRETARIA DE EDUCAÇÃO E CULTURA,AEROPORTO VELHO,-9.97844,-67.82447,1319,-1,0
2024,409,1392,9,1139,ESCOLA PÚBLICA ADALBERTO SENA,DISTRITO INDUSTRIAL,-9.97338,-67.85342,1903,-1,0
2024,410,1392,9,1147,ESCOLA PÚBLICA ALCIMAR LEITÃO,DISTRITO INDUSTRIAL,-9.94568,-67.88136,1700,-1,0
2024,411,1392,9,1155,SEAGRI/CAGEACRE,ESTAÇÃO EXPERIMENTAL,-9.96636,-67.83094,1618,-1,0
2024,412,1392,9,1163,ESCOLA PÚBLICA ÁUREA PIRES,AEROPORTO VELHO,-9.9888,-67.82135,1354,-1,0
2024,413,1392,9,1171,FUNDAÇÃO DO BEM ESTAR SOCIAL DO ACRE - FUNBESA,ESTAÇÃO EXPERIMENTAL,-9.96667,-67.8321,1987,-1,0
2024,414,1392,9,1180,INSTITUTO FEDERAL DO ACRE (IFAC) - TRANSACREANA,ZONA RURAL,-10.01019,-67.98985,1029,-1,0
2024,415,1392,9,1198,UFAC - UNIVERSIDADE FEDERAL DO ACRE,DISTRITO INDUSTRIAL,-9.95647,-67.86327,2948,-1,0
2024,416,1392,9,1201,ESCOLA HENRIQUE LIMA,CALAFATE,-9.97675,-67.88575,1983,-1,0
2024,417,1392,9,1210,ESCOLA SHEILA MARIA NASSERALA,ESTAÇÃO EXPERIMENTAL,-9.96334,-67.84015,681,-1,0
2024,418,1392,9,1228,CEMEAC - CENTRO DE MÍDIAS EDU. DO ACRE (ANT. ESCOLA DARCY VARGAS),JARDIM EUROPA,-9.96107,-67.85318,956,-1,0
2024,419,1392,9,1236,ESCOLA JOÃO PAULO I,JOÃO EDUARDO,-9.98112,-67.83262,1681,-1,0
2024,420,1392,9,1244,ESCOLA CLÍNIO BRANDÃO,FLORESTA,-9.9897,-67.84806,1329,-1,0
2024,421,1392,9,1252,ESCOLA JOÃO PAULO II,SOBRAL,-10.00139,-67.83343,2005,-1,0
2024,422,1392,9,1260,ESCOLA JOSÉ SALES DE ARAÚJO,DISTRITO INDUSTRIAL,-9.97333,-67.85349,1493,-1,0
2024,423,1392,9,1295,ESCOLA MARIA RAIMUNDA BALBINO DA SILVA,PALHEIRAL,-9.98399,-67.82713,1062,-1,0
2024,424,1392,9,1309,ESCOLA RURAL PROF. CLAUDIO AUGUSTO F. DE SALES,ZONA RURAL,-9.95974,-68.18577,664,-1,0
2024,425,1392,9,1317,ESCOLA MUN PROF TEREZINHA MIGUÉIS (PROJ. FIGUEIRA - INCRA),ZONA RURAL,-9.93525,-68.30394,923,-1,0
2024,426,1392,9,1325,SMZC - SECRETARIA MUNICIPAL E ZELADORIA DA CIDADE,AEROPORTO VELHO,-9.98262,-67.82485,604,-1,0
2024,427,1392,9,1333,ESCOLA PÚBLICA RAIMUNDO GOMES DE OLIVEIRA,DISTRITO INDUSTRIAL,-9.94938,-67.85923,2357,-1,0
2024,428,1392,9,1368,ESCOLA INFANTIL MONTEIRO LOBATO,BELA VISTA,-9.97513,-67.82855,1502,-1,0
2024,429,1392,9,1376,FEDERAÇÃO DAS INDÚSTRIAS DO ESTADO DO ACRE - FIEAC,ESTAÇÃO EXPERIMENTAL,-9.96831,-67.83019,986,-1,0
2024,430,1392,9,1384,ESCOLA FRANCISCO AUGUSTO BACURAU,FLORESTA,-9.98007,-67.84337,1338,-1,0
2024,431,1392,9,1422,COLÉGIO ALTERNATIVO,FLORESTA,-9.97384,-67.83445,1975,-1,0
2024,432,1392,9,1430,ASSOCIAÇÃO DE PAIS E AMIGOS DOS EXCEPCIONAIS - APAE,ESPERANÇA,-9.97315,-67.83504,683,-1,0
2024,433,1392,9,1449,ESCOLA INFANTIL BEM-TE-VI,ESPERANÇA,-9.97246,-67.83486,675,-1,0
2024,434,1392,9,1457,CENTRO ESTADUAL DE ATENDIMENTO AO DEFICIENTE VISUAL,ESTAÇÃO EXPERIMENTAL,-9.96721,-67.83081,760,-1,0
2024,435,1392,9,1490,TRIBUNAL DE CONTAS DO ESTADO DO ACRE,ABRAÃO ALAB,-9.96823,-67.82316,1391,-1,0
2024,436,1392,9,1520,COLÉGIO META III,ABRAÃO ALAB,-9.97145,-67.82623,1793,-1,0
2024,437,1392,9,1538,ESCOLA FRANCISCO DE PAULA LEITE OITICICA,BAHIA NOVA,-9.99169,-67.83207,1330,-1,0
2024,438,1392,9,1554,INSTITUTO SENAI DE TECNOLOGIA MADEIRA E MÓVEL,DISTRITO INDUSTRIAL,-9.94413,-67.87083,843,-1,0
2024,439,1392,9,1562,IBAMA,ABRAÃO ALAB,-9.96997,-67.82287,606,-1,0
2024,440,1392,9,1570,ESCOLA JOSÉ RIBAMAR BATISTA,AEROPORTO VELHO,-9.98443,-67.82273,1680,-1,0
2024,441,1392,9,1589,ESCOLA JUVENAL ANTUNES,CALAFATE,-9.97973,-67.87077,1340,-1,0
2024,442,1392,9,1597,ESCOLA  AFONSO PINTO DE MEDEIROS,PLÁCIDO DE CASTRO,-10.00181,-67.83856,1065,-1,0
2024,443,1392,9,1600,ESCOLA MARILDA GOUVEIA VIANA,JOÃO EDUARDO,-9.98208,-67.83468,1657,-1,0
2024,444,1392,9,1619,ESCOLA PROFESSORA RAMONA M P DE CASTRO,BOA VISTA,-10.00458,-67.83601,1367,-1,0
2024,445,1392,9,1627,ESCOLA FREI THIAGO MARIA MATIOLI,BAHIA,-9.98813,-67.82807,1670,-1,0
2024,446,1392,9,1635,ESCOLA FLAVIANO FLÁVIO BAPTISTA,AEROPORTO VELHO,-9.99272,-67.81628,1340,-1,0
2024,447,1392,9,1643,ESCOLA IRMÃ MARIA GABRIELA SOARES,PREVENTÓRIO,-9.97425,-67.82049,699,-1,0
2024,448,1392,9,1660,ESCOLA AYRTON SENNA DA SILVA,AYRTON SENA,-10.00032,-67.82571,999,-1,0
2024,449,1392,9,1678,ESCOLA ARMANDO NOGUEIRA,DISTRITO INDUSTRIAL,-9.96055,-67.85566,1366,-1,0
2024,450,1392,9,1694,ESCOLA ARACY CERQUEIRA,CONJUNTO UNIVERSITARIO,-9.90681,-67.89119,842,-1,0
2024,451,1392,9,1708,FUNDAÇÃO BRADESCO,FLORESTA,-9.97772,-67.84255,1868,-1,0
2024,452,1392,9,1716,ESCOLA DE EDUCAÇÃO INFANTIL FREI PELEGRINO,AEROPORTO VELHO,-9.99113,-67.81992,672,-1,0
2024,453,1392,9,1724,ESCOLA ALMADA BRITO,CALAFATE,-9.9764,-67.88395,1594,-1,0
2024,454,1392,9,1732,ESCOLA GOVERNADOR JOSÉ AUGUSTO,BOA UNIÃO,-9.99726,-67.83156,1383,-1,0
2024,455,1392,9,1740,ESCOLA BOA UNIÃO,BOA UNIÃO,-9.99765,-67.83193,1344,-1,0
2024,456,1392,9,1759,URAP - AUGUSTO HIDALGO DE LIMA,PALHEIRAL,-9.98369,-67.82673,637,-1,0
2024,457,1392,9,1767,ESCOLA ACREANA DE MÚSICA (ANT CENTRO CULTURAL),DISTRITO INDUSTRIAL,-9.94957,-67.85889,1692,-1,0
2024,458,1392,9,1791,ESCOLA DE ENSINO FUNDAMENTAL E MÉDIO ESTADUAL NOVA ESPERANÇA,ZONA RURAL,-10.1962,-67.90346,461,-1,0
2024,459,1392,9,1805,ESCOLA MANOEL TIAGO LINDOZO,ZONA RURAL,-10.148,-67.96757,296,-1,0
2024,460,1392,9,1830,CRAS SOBRAL - CENTRO DE REFERENCIA DE ASSISTENCIA SOCIAL,BAHIA,-9.98384,-67.8251,766,-1,0
2024,461,1392,9,1856,CRECHE HILDA BRAGA,CALAFATE,-9.97931,-67.87103,337,-1,0
2024,462,1392,9,1864,CRECHE MUNICIPAL GUMERCINDO BESSA,CONJUNTO UNIVERSITÁRIO,-9.97333,-67.85348,342,-1,0
2024,463,1392,9,1872,DETRAN (PRÉDIO INTEGRADO),CHÁCARA IPÊ,-9.96046,-67.85139,920,-1,0
2024,464,1392,9,1899,FACULDADE UNINORTE,JARDIM EUROPA,-9.96745,-67.85094,3162,-1,0
2024,465,1392,9,1902,ESCOLA DOUTOR SANTIAGO DANTAS,ZONA RURAL,-10.03111,-67.95498,784,-1,0
2024,466,1392,9,1910,ESCOLA ESTADUAL RURAL JORGE KALUME,DISTRITO INDUSTRIAL,-9.97315,-67.85351,415,-1,0
2024,467,1392,9,1929,ESCOLA MUNICIPAL JOSE POTYGUARA,CALAFATE,-9.97978,-67.88112,831,-1,0
2024,468,1392,9,1937,ESCOLA ESTADUAL EDILSON FAÇANHA,CALAFATE,-9.98039,-67.87673,1229,-1,0
2024,469,1392,9,1953,ESCOLA ESTADUAL PROFESSORA ILKA MARIA DE LIMA,MOCINHA MAGALHAES,-9.94414,-67.85734,1007,-1,0
2024,470,1392,9,1961,ESCOLA ESTADUAL TEREZINHA KALUME,TUCUMÃ,-9.94911,-67.85382,1020,-1,0
2024,471,1392,9,1970,ESCOLA IRENE DANTAS DO NASCIMENTO,ZONA RURAL,-9.99455,-68.01748,137,-1,0
2024,472,1392,9,2003,ESCOLA ESTADUAL MAJOR JOÃO CÂNCIO,ZONA RURAL,-9.84638,-68.42613,525,-1,0
2024,473,1392,9,2011,ELETRONORTE,ESTAÇÃO EXPERIMENTAL,-9.96688,-67.83806,146,-1,0
2024,474,1392,9,2020,UNIMETA - ESTÁCIO,PRIMAVERA,-9.95248,-67.84786,1348,-1,0
2024,475,1392,9,2038,ESCOLA INFANTIL VALDIVA DE CASTRO DOS SANTOS,CONJUNTO UNIVERSITARIO,-9.97326,-67.85351,565,-1,0
2024,476,1392,9,2046,ESCOLA MARINA VICENTE GOMES,BOA UNIÃO,-9.99717,-67.83088,1313,-1,0
2024,477,1392,9,2054,ESCOLA ILSON RIBEIRO,ILSON RIBEIRO,-9.98604,-67.88539,735,-1,0
2024,478,1392,9,2062,ESCOLA SAO FRANCISCO DE ASSIS,VILA IVONETE,-9.95817,-67.82635,717,-1,0
2024,479,1392,9,2070,ASSOC. COMERCIAL - ACISA,DOM GIOCONDO,-9.9703,-67.81765,1152,-1,0
2024,480,1392,9,2089,ESCOLA MUNICIPAL INFANTIL FRANCISCA ARAGAO DA SILVA,GERALDO FLEMING,-9.95377,-67.83658,1298,-1,0
2024,481,1392,9,2097,ESCOLA JOELMA OLIVEIRA DE LIMA,TANCREDO NEVES,-9.92227,-67.83376,1658,-1,0
2024,482,1392,9,2100,ESCOLA DE ENSINO FUNDAMENTAL DO SERVIÇO SOCIAL DA INDÚSTRIA - SESI,ESTAÇÃO EXPERIMENTAL,-9.96084,-67.83894,1782,-1,0
2024,483,1392,9,2119,CENTRO CULTURAL THAUMATURGO FILHO,MANOEL JULIÃO,-9.95446,-67.83204,673,-1,0
2024,484,1392,9,2127,ESCOLA PROFESSOR PEDRO MARTINELLO,TANCREDO NEVES,-9.92136,-67.83315,1617,-1,0
2024,485,1392,9,2135,ESCOLA PROFESSORA IONE PORTELA DA COSTA CASAS,NOVA ESTAÇÃO,-9.95713,-67.83086,1349,-1,0
2024,486,1392,9,2151,CRECHE MUNICIPAL JAIRO JUNIOR,TANCREDO NEVES,-9.92955,-67.83265,659,-1,0
2024,487,1392,9,2160,ESCOLA PROFESSOR ALVARO VIEIRA DA ROCHA,CONQUISTA,-9.95026,-67.83411,1325,-1,0
2024,488,1392,9,2178,ESCOLA MUNICIPAL JESSÉ SANTIAGO,JORGE FELIX LAVOCAT,-9.92783,-67.83964,659,-1,0
2024,489,1392,9,2186,ESCOLA DOUTOR JOÃO AGUIAR,MANOEL JULIÃO,-9.9559,-67.83339,1994,-1,0
2024,490,1392,9,2194,ESCOLA MÁRIO LOBÃO,ALTO ALEGRE,-9.91876,-67.82709,474,-1,0
2024,491,1392,9,2208,ESCOLA MUNICIPAL ANICE DIB JATENE,GERALDO FLEMING,-9.95343,-67.83582,1171,-1,0
2024,492,1392,9,2216,ESCOLA ESTADUAL PROFESSORA ELOZIRA DOS SANTOS TOMÉ,ALTO ALEGRE,-9.93142,-67.82626,1318,-1,0
2024,493,1392,9,2224,ESCOLA EUFROSINA SILVA OLIVEIRA,ALTO ALEGRE,-9.92639,-67.82746,1342,-1,0
2024,494,1392,9,2232,JUNTA COMERCIAL DO ESTADO DO ACRE - JUCEAC,BOSQUE,-9.96139,-67.8206,618,-1,0
2024,495,1392,9,2240,UNIDADE DE SAÚDE DA FAMÍLIA ELPÍDIO MOREIRA SOUZA,DEFESA CIVIL,-9.93819,-67.83369,669,-1,0
2024,496,1392,9,2259,CONAB - COMPANHIA NACIONAL DE ABASTECIMENTO,ESTAÇÃO EXPERIMENTAL,-9.96487,-67.83077,1410,-1,0
2024,497,1392,9,2267,HORTO FLORESTAL (SECRETARIA MUNICIPAL DE MEIO AMBIENTE - SEMEIA),VILA IVONETE,-9.94732,-67.82536,340,-1,0
2024,498,1392,9,2275,ESCOLA ESTADUAL DJALMA TELES GALDINO,JORGE FELIX LAVOCAT,-9.9293,-67.84218,1431,-1,0
2024,499,1392,9,2283,ESCOLA CHRIZARUBINA LEITÃO ABRAÃO,MANOEL JULIÃO,-9.95702,-67.83354,655,-1,0
2024,500,1392,9,2305,ESCOLA ESTADUAL MARIA CHALUB LEITE,NOVA ESTAÇÃO,-9.95987,-67.82911,1354,-1,0
2024,501,1392,9,2313,ESCOLA AME (ASSOCIAÇÃO MODERNA DE ENSINO),SANTA QUITÉRIA,-9.94828,-67.82573,1349,-1,0
2024,502,1392,9,2321,UNIDADE DE SAÚDE DA FAMÍLIA PLATILDE OLIVEIRA DA SILVA,TANCREDO NEVES,-9.9291,-67.83212,671,-1,0
2024,503,1392,9,2330,ESCOLA ISMAEL GOMES DE CARVALHO,TANCREDO NEVES,-9.93327,-67.83213,2432,-1,0
2024,504,1392,9,2356,ESCOLA MARIA ADEIZA RODRIGUES PEREIRA,PALHEIRAL,-9.98314,-67.82623,717,-1,0
2024,505,1392,9,2364,DEFENSORIA PÚBLICA DO ESTADO - DPE,SANTA QUITÉRIA,-9.94894,-67.82497,982,-1,0
2024,506,1392,9,2380,COLÉGIO MILITAR TIRADENTES,CALAFATE,-9.97711,-67.87442,1534,-1,0
2024,507,1392,9,2410,ESCOLA TÉCNICA DE SAÚDE MARIA MOREIRA DA ROCHA,PORTAL DA AMAZONIA,-9.96977,-67.85331,981,-1,0
2024,508,1392,9,2429,ESCOLA EST. DALVA DE SOUZA DAS NEVES (TRANSACREANA),ZONA RURAL,-9.9734,-67.85345,358,-1,0
2024,509,1392,9,2437,ESCOLA RURAL ALTO ALEGRE I,ZONA RURAL,-9.97352,-67.85351,348,-1,0
2024,510,1457,3,1015,EMR - ESCOLA MESSIAS RODRIGUES,BAIRRO DA PISTA,-9.07377,-68.65503,1283,50,0
2024,511,1457,3,1023,EEEFISJ - ESCOLA ESTADUAL ENSINO FUNDAMENTAL INSTITUTO SANTA JULIANA,CENTRO,-9.06854,-68.65674,1464,45,0
2024,512,1457,3,1031,EAV - ESCOLA ASSIS VASCONCELOS,BOM SUCESSO,-9.05894,-68.66469,1087,43,0
2024,513,1457,3,1040,NÚCLEO DE EDUCAÇÃO - SEE/AC,CSU,-9.07558,-68.6628,563,61,0
2024,514,1457,3,1058,SEME - SECRETARIA MUNICIPAL DE EDUCAÇÃO,CENTRO,-9.06325,-68.65681,276,45,0
2024,515,1457,3,1066,EEEMDJM - ESCOLA ESTADUAL DE ENSINO MÉDIO DOM JULIO MATTIOLI,CENTRO,-9.06887,-68.65974,1745,48,0
2024,516,1457,3,1082,EFC - ESCOLA FONTENELE DE CASTRO,CENTRO,-9.06894,-68.65577,1032,45,0
2024,517,1457,3,1090,IDAF,CENTRO,-9.06884,-68.66145,511,48,0
2024,518,1457,3,1104,ESCOLA ELIZIARIO TAVORA,CENTRO,-9.06833,-68.65662,895,45,0
2024,519,1457,3,1112,EEFGMC - ESCOLA DE ENSINO FUNDAMENTAL GUTEMBERG MODESTO DA COSTA,BOSQUE,-9.07466,-68.66029,1334,46,0
2024,520,1457,3,1120,EEFSM - ESCOLA DE ENSINO FUNDAMENTAL SIQUEIRA DE MENEZES,VILA MILITAR,-9.06054,-68.65738,1471,65,0
2024,521,1457,3,1139,EEA - ESCOLA EUGENIO AREAL,CIDADE NOVA,-9.0582,-68.65892,681,47,0
2024,522,1457,3,1147,SECRETARIA MUNICIPAL DE CIDADANIA,BAIRRO DA PISTA,-9.06918,-68.65462,525,50,0
2024,523,1457,3,1155,ERHM - ESCOLA RAIMUNDO HERMNIO DE MELO,TRIANGULO,-9.07663,-68.67024,1145,63,0
2024,524,1457,3,1171,EEICV - ESCOLA DE EDUCAÇÃO INFANTIL CHAPEUZINHO VERMELHO,CENTRO,-9.06837,-68.65562,744,45,0
2024,525,1457,3,1180,EEFC - ESCOLA EUCLIDES FEITOSA CAVALCANTE,ANA VIEIRA,-9.06831,-68.6715,1140,42,0
2024,526,1457,3,1198,PROGRAMA CRIANÇA FELIZ,CENTRO,-9.06778,-68.65633,463,45,0
2024,527,1457,3,1244,PEIMC - PRE-ESCOLA IRACEMA MODESTO DA COSTA,CENTRO,-9.06642,-68.65914,1070,48,0
2024,528,1457,3,1252,UFAC,CENTRO,-9.06643,-68.65955,1129,48,0
2024,529,1457,3,1279,EVBC - ESCOLA VICENTE BALBINO DA COSTA,CRISTO LIBERTADOR,-9.07703,-68.66621,567,49,0
2024,530,1457,3,1287,EEFC - ESCOLA DE ENSINO FUNDAMENTAL CAZUMBÁ,ZONA RURAL,-9.12973,-68.95259,369,-1,0
2024,531,1457,3,1295,EEEFRM - ESCOLA ESTADUAL DE ENSINO FUNDAMENTAL RAIMUNDO MAGALHÃES,NITEROI,-9.06525,-68.65305,951,59,0
2024,532,1457,3,1309,SECRETARIA MUNICIPAL DE SAÚDE (ANTIGO MARIA DE FATIMA),VITORIA,-9.07463,-68.65452,855,51,0
2024,533,1457,3,1333,POLO UAB (UNIVERSIDADE ABERTA DO BRASIL),CSU,-9.075,-68.66207,516,61,0
2024,534,1457,3,1341,ESCOLA MUNICIPAL ISAAC D'ÁVILA (NOVA OLINDA),ZONA RURAL,-10.10305,-69.20638,437,-1,0
2024,535,1457,3,1376,UNIDADE BÁSICA DE SAÚDE RECIFE,ZONA RURAL,-9.86785,-68.87687,662,-1,0
2024,536,1457,3,1384,EMEFJJM - ESCOLA MUNICIPAL DE ENSINO FUNDAMENTAL JOSÉ JOAQUIM DE MATOS,ZONA RURAL,-9.36722,-68.61666,554,-1,0
2024,537,1457,3,1392,ESCOLA WALFREDO GUEDES MONTEIRO,EUGENIO AUGUSTO AREAL,-9.0852,-68.67612,1382,53,0
2024,538,1457,3,1406,ESCOLA MUNICIPAL JOSÉ DA ROCHA NEVES (LUA NOVA),ZONA RURAL,-9.46016,-68.92447,290,-1,0
2024,539,1457,3,1414,CENTRO DE ATENÇÃO PSICOSSOCIAL (CAPS),CENTRO,-9.06841,-68.65535,270,45,0
2024,540,1457,3,1422,UNIDADE BÁSICA DE SAÚDE FLORILIO PEREIRA LUSTOSA,ANA VIEIRA,-9.06846,-68.67116,287,42,0
2024,541,1457,3,1430,UNIDADE BÁSICA DE SAÚDE FLORENTINO FLORIANO,BOM SUCESSO,-9.05496,-68.66717,339,43,0
2024,542,1457,3,1449,UNIDADE BÁSICA DE SAÚDE LAURO FONTES,CIDADE NOVA,-9.05962,-68.6606,286,47,0
2024,543,1457,3,1457,SECRETARIA MUNICIPAL DE PLANEJAMENTO (ANTIGO DE SAÚDE),CENTRO,-9.06481,-68.65621,269,45,0
2024,544,1457,3,1465,TRT - VARA DE SENA MADUREIRA,CENTRO,-9.06962,-68.65465,266,50,0
2024,545,1457,3,1473,CRECHE CRIANÇA FELIZ,BOSQUE,-9.07217,-68.66088,1308,46,0
2024,546,1457,3,1503,SERVIÇO DE CONVIVÊNCIA E FORTALECIMENTO DE VÍNCULOS DE 15 À 17 ANOS,VITORIA,-9.07476,-68.6548,548,50,0
2024,547,1457,3,1511,CRECHE PADRE PAOLINO MARIA BALDASSARI,BAIRRO DA PISTA,-9.07465,-68.65517,829,50,0
2024,548,1457,3,1520,SEPA - SECRETARIA DE ESTADO DE PRODUÇÃO E AGRONEGÓGIO (ANTIGO SEAPROF),CENTRO,-9.06887,-68.66127,255,48,0
2024,549,1457,3,1546,POSTO DE SAÚDE CARLOS AFONSO VIEIRA DE ARAÚJO,CENTRO,-9.06657,-68.65917,285,48,0
2024,550,1457,3,1554,UNIDADE BÁSICA DE SAÚDE EDSON SALES,CRISTO LIBERTADOR,-9.07791,-68.66892,294,63,0
2024,551,1457,3,1562,ESCOLA MUNICIPAL MARIA NOGUEIRA,ZONA RURAL,-9.33119,-68.37134,105,-1,0
2024,552,1457,3,1597,ESCOLA MARIA GORETE D'AVILA - RAMAL DO CORDEIRO,ZONA RURAL,-9.19939,-68.38183,184,-1,0
2024,553,1473,5,1015,ESCOLA DE PRIMEIRO GRAU JOAO RIBEIRO,CENTRO,-8.15963,-70.76573,2453,67,0
2024,554,1473,5,1023,CAMARA MUNICIPAL,CENTRO,-8.15981,-70.76439,295,67,0
2024,555,1473,5,1031,ESCOLA ROSAURA MOURAO DA ROCHA,SENADOR POMPEU,-8.16466,-70.76526,2217,71,0
2024,556,1473,5,1074,ESCOLA JOSE AUGUSTO DE ARAUJO,CENTRO,-8.1598,-70.7709,2271,67,0
2024,557,1473,5,1082,ESCOLA DE ENSINO FUNDAMENTAL DELZUÍTE BARROSO BRAGA DE ARAÚJO,COPACABANA,-8.14981,-70.78225,1360,69,0
2024,558,1473,5,1112,CEDUP - UFAC,CENTRO,-8.15846,-70.76648,847,67,0
2024,559,1473,5,1120,SECRETARIA MUNICIPAL DE EDUCACAO E CULTURA - SEMEC,CENTRO,-8.16044,-70.76421,563,67,0
2024,560,1473,5,1147,ESCOLA DONIZETE MOTA,TRIÂNGULO,-8.15627,-70.75875,1119,72,0
2024,561,1473,5,1171,ESCOLA PLACIDO DE CASTRO,CENTRO,-8.15936,-70.76942,2214,67,0
2024,562,1473,5,1228,NÚCLEO DE EDUCAÇÃO - SEE,CENTRO,-8.15984,-70.76415,355,67,0
2024,563,1473,5,1236,ESCOLA TUPANIR GAUDENCIO DA COSTA,CENTRO,-8.15659,-70.75868,2021,72,0
2024,564,1473,5,1244,ESCOLA DE ENSINO MÉDIO DR. FRANCISCO DJALMA DA CUNHA BATISTA,COPACABANA,-8.15818,-70.77818,1301,69,0
2024,565,1473,5,1252,ESCOLA DE ENSINO FUNDAMENTAL GOVERNADOR EDMUNDO PINTO DE ALMEIDA,CORCOVADO,-8.15199,-70.73308,1137,72,1
2024,566,1473,5,1325,ESCOLA ESTADUAL MAGIA DO SABER - ZONA RURAL RIOZINHO DA LIBERDADE,ZONA RURAL GREGORIO,-7.80575,-72.00313,420,-1,0
2024,567,1473,5,1341,ESCOLA DE ENSINO FUNDAMENTAL CEL JOSE MARQUES DE ALBUQUERQUE,ZONA RURAL,-8.84454,-71.2551,526,-1,0
2024,568,1473,5,1350,ESCOLA DE ENSINO FUND. PROF. RILZA MARIA DANIEL DO NASCIMENTO,SENADOR POMPEU,-8.16645,-70.76643,2017,71,0
2024,569,1473,5,1368,CENTRO COMUNITÁRIO ALDEIA ÀGUA VIVA,ZONA RURAL,-8.35345,-71.22304,336,-1,0
2024,570,1473,5,1376,ESCOLA ESTADUAL DE 1º GRAU IVA STTIHU,ZONA RURAL GREGORIO,-8.39083,-71.77529,235,-1,0
2024,571,1473,5,1384,ESCOLA ESTADUAL SÃO JOSÉ,ZONA RURAL,-9.01931,-71.43093,178,-1,0
2024,572,1473,5,1392,ESCOLA ESTIRÃO DO CAUCHO,ZONA RURAL,-8.24489,-70.75476,391,-1,0
2024,573,1473,5,1406,ESCOLA SÃO SEBASTIÃO,ZONA RURAL,-8.34785,-71.02913,145,-1,0
2024,574,1473,5,1422,"ESCOLA SANTA TEREZINA, ANEXO IV, RIO ACURAUA",ZONA RURAL,-7.8461,-70.87964,89,-1,0
2024,575,1473,5,1430,ESCOLA MUNICIPAL ADELMAR DE OLIVEIRA,AVELINO LEAL,-8.1524,-70.77544,811,66,0
2024,576,1473,5,1449,ESCOLA ESTADUAL INSTITUTO SÃO JOSÉ,CENTRO,-8.15884,-70.76663,2111,67,0
2024,577,1473,5,1465,ESCOLA  MUNICIPAL ALMIRANTE BARROSO,IPEPACONHA,-8.16442,-70.78391,273,70,0
2024,578,1473,5,1473,ESCOLA DE ENSINO INFANTIL MARIA AUCILENE CALIXTO ALVES,COHAB,-8.15841,-70.77549,989,69,0
2024,579,1473,5,1481,ESCOLA MUNICIPAL VALDINA TORQUATO DO NASCIMENTO,TRIÂNGULO,-8.15068,-70.75678,259,72,0
2024,580,1473,5,1538,ESCOLA FRANCISCO NAPOLEÃO DE ARAÚJO,ZONA RURAL GREGORIO,-8.09829,-71.88921,1494,-1,1
2024,581,1490,2,1015,GINASIO ANTHERO SOARES BEZERRA,CENTRO,-10.65389,-68.50511,1700,75,0
2024,582,1490,2,1031,COLÉGIO DIVINA PROVIDÊNCIA,CENTRO,-10.6532,-68.50358,1859,75,0
2024,583,1490,2,1074,GRUPO ESCOLAR PLACIDO DE CASTRO,CENTRO,-10.65206,-68.50518,843,75,0
2024,584,1490,2,1082,IFAC - CAMPUS XAPURI,CENTRO,-10.66075,-68.4943,2479,76,0
2024,585,1490,2,1139,FÓRUM DE XAPURI,CENTRO,-10.6534,-68.50572,380,75,0
2024,586,1490,2,1155,NÚCLEO DA UFAC,CENTRO,-10.65464,-68.50295,243,75,0
2024,587,1490,2,1171,ESCOLA ESTADUAL PADRE JÓSIMO - COMUNIDADE SÃO JOÃO DO GUARANI,ZONA RURAL,-10.39537,-68.62527,265,-1,0
2024,588,1490,2,1180,ESCOLA 5 DE DEZEMBRO - COMUNIDADE NOVA VIDA,ZONA RURAL,-10.48832,-68.68332,219,-1,0
2024,589,1490,2,1198,ESCOLA MUNICIPAL RURAL - SEDE DOIS IRMÃOS,ZONA RURAL,-10.58374,-68.26384,173,-1,0
2024,590,1490,2,1201,ESCOLA ESPERANÇA DO POVO - FAZENDINHA,ZONA RURAL,-10.83956,-68.37565,456,-1,0
2024,591,1490,2,1210,ESCOLA ESTADUAL BÁRBARA VIEIRA DE SANTANA - SGAL SÃO JOSÉ,ZONA RURAL,-10.83477,-68.24651,145,-1,0
2024,592,1490,2,1228,POSTO DE SAÚDE - ASSENTAMENTO TUPÁ,ZONA RURAL,-10.53204,-68.72727,209,-1,0
2024,593,1490,2,1236,ESCOLA MUNICIPAL ALCIMAR NUNES LEITÃO,MUTIRAO,-10.66292,-68.49111,530,79,0
2024,594,1490,2,1244,ESCOLA MUNICIPAL CAMINHO DO SABER,CONSTANTINO MELO SARKIS,-10.65041,-68.49459,490,77,0
2024,595,1490,2,1252,ESCOLA LATIFE ZAINE KALUME,CENTRO,-10.65159,-68.50537,713,75,0
2024,596,1490,2,1260,POLO DE APOIO PRESENCIAL DA UNIVERSIDADE ABERTA DO BRASIL - UAB,CENTRO,-10.65297,-68.50396,383,75,0
2024,597,1490,2,1279,ESCOLA ESTADUAL MADRE GABRIELA NARDI,SIBERIA,-10.64811,-68.50689,1317,82,0
2024,598,1490,2,1287,CENTRO EDUCACIONAL SESC XAPURI,VARIANTE,-10.65406,-68.49185,651,77,0
2024,599,1511,8,1023,CAMARA MUNICIPAL DE PLÁCIDO DE CASTRO,CAGEACRE,-10.3337,-67.18495,481,-1,0
2024,600,1511,8,1031,ESCOLA CARMELIA ALVES,CENTRO,-10.32241,-67.1867,598,-1,0
2024,601,1511,8,1040,SEAGRI (ANTIGA SEPA SEAPROF EMATER),CENTRO,-10.33404,-67.18423,228,-1,0
2024,602,1511,8,1058,ESCOLA CASINHA DO SABER,CENTRO,-10.33414,-67.18405,407,-1,0
2024,603,1511,8,1074,ESCOLA ELIAS MANSOUR SIMAO FILHO,CENTRO,-10.33409,-67.18455,831,-1,0
2024,604,1511,8,1082,ESCOLA JOSE VALMIR,CENTRO,-10.3273,-67.18405,1068,-1,0
2024,605,1511,8,1104,ESC EST SAO LUIZ GONZAGA,DISTRITO DE VILA CAMPINAS,-10.06323,-67.29485,1527,-1,0
2024,606,1511,8,1112,ESCOLA FRANKLIN ROOSEVELT,CENTRO,-10.3352,-67.18633,1422,-1,0
2024,607,1511,8,1155,ESCOLA JOAO RICARDO DE FREITAS (COLEGIO AGRICOLA),ZONA RURAL,-10.31076,-67.19695,388,-1,0
2024,608,1511,8,1546,ESCOLA JOSE FRANCISCO DA SILVA,CENTRO,-10.32939,-67.17897,1633,-1,0
2024,609,1511,8,1562,ESCOLA ESTADUAL RURAL MANUEL DE BARROS,ZONA RURAL,-10.18283,-67.2535,418,-1,0
2024,610,1511,8,1570,POSTO DE SAUDE MARIO GOMES DA SILVA,ZONA RURAL,-10.33206,-67.52155,436,-1,0
2024,611,1511,8,1589,ESCOLA ESTADUAL RURAL FLAVIA BARROS PIMENTEL,ZONA RURAL,-10.31852,-67.36668,600,-1,0
2024,612,1511,8,1597,ESCOLA MUNICIPAL CARLOS JOSE DOS SANTOS,ZONA RURAL,-10.19792,-67.16459,338,-1,0
2024,613,1511,8,1600,ESC MUN JOAO BATISTA LOPES DE LIMA,DISTRITO DE VILA CAMPINAS,-10.07243,-67.29426,647,-1,0
2024,614,1511,8,1619,SECRETARIA MUNICIPAL DE EDUCAÇÃO DE PLACIDO DE CASTRO,CENTRO,-10.32782,-67.18556,279,-1,0
2024,615,1511,8,1627,CENTRO DE FLORESTANIA,CENTRO,-10.33699,-67.1855,515,-1,0
2024,616,1511,8,1660,ESCOLA MUNICIPAL INFANTIL CENIRA DOS SANTOS,DISTRITO DE VILA CAMPINAS,-10.06883,-67.298,396,-1,0
2024,617,1511,8,1694,ESCOLA CASTRO ALVES,ZONA RURAL - MONTE ALEGRE,-10.43174,-67.53066,142,-1,0
2024,618,1511,8,1724,SESC PLACIDO DE CASTRO,CENTRO,-10.31952,-67.19079,403,-1,0
2024,619,1538,8,1015,CAMARA MUNICIPAL,CENTRO,-10.15556,-67.73812,283,-1,0
2024,620,1538,8,1023,ESCOLA LUPICINIO ALEXANDRE NUNES,CENTRO,-10.15764,-67.73691,462,-1,0
2024,621,1538,8,1031,COLEGIO 15 DE JUNHO,TRIUNFO,-10.14582,-67.73929,1613,-1,0
2024,622,1538,8,1040,ESCOLA FENELON MANOEL,CENTRO,-10.15528,-67.73635,614,-1,0
2024,623,1538,8,1066,ESCOLA  ALBERTO ZAIRE,18 DE SETEMBRO,-10.15219,-67.73124,959,-1,0
2024,624,1538,8,1074,COLEGIO SANTO IZIDORO,CENTRO,-10.15471,-67.73551,1364,-1,0
2024,625,1538,8,1082,ESCOLA VEIGA CABRAL,CENTRO,-10.15357,-67.73905,1146,-1,0
2024,626,1538,8,1090,ESCOLA BRIGADEIRO EDUARDO GOMES,CENTRO,-10.15783,-67.73613,1431,-1,0
2024,627,1538,8,1139,ESCOLA CARLOS ALBERTO PEREIRA DO NASCIMENTO,DEMOCRACIA,-10.16622,-67.72051,617,-1,0
2024,628,1538,8,1147,ESCOLA SAO JOSE IV,ZONA RURAL,-9.97472,-67.35802,219,-1,0
2024,629,1538,8,1155,ESCOLA DIVA PEREIRA DE SOUZA,COHAB,-10.15744,-67.73076,1552,-1,0
2024,630,1538,8,1163,ESCOLA PADRE CARLOS CASAVECCHIA,ZONA RURAL,-10.08858,-67.53039,737,-1,0
2024,631,1538,8,1171,ESCOLA MANOEL DA COSTA SOBRINHO,ZONA RURAL,-9.94173,-67.29545,305,-1,0
2024,632,1538,8,1210,ESCOLA MUNICIPAL DE ENSINO  FUNDAMENTAL ORLANDO DE SOUZA VIANA,NAIRE DE PAULA LEITE 2,-10.14254,-67.73281,1015,-1,0
2024,633,1538,8,1228,ESCOLA ESTADUAL RURAL BOM DESTINO,ZONA RURAL PSDA BONAL,-9.9759,-67.17723,598,-1,0
2024,634,1538,8,1236,ESCOLA ESTADUAL RAIMUNDO HERMINIO DE MELO II,ZONA RURAL PA LIMEIRA,-10.19292,-67.54761,474,-1,0
2024,635,1538,8,1244,ESCOLA ESTADUAL NOVA JERUSALEM II,ZONA RURAL RML PROGRESSO,-9.71081,-67.23037,81,-1,0
2024,636,1538,8,1252,MARIA AUXILIADORA DE QUEIROZ,ZONA RURAL,-9.91368,-67.16926,578,-1,0
2024,637,1538,8,1260,ESCOLA ESTADUAL MARIA JOSE BEZERRA DOS REIS,ZONA RURAL,-10.11367,-67.47039,211,-1,0
2024,638,1538,8,1295,AUTO POSTO CAQUETÁ,ZONA RURAL - KM 70 BOCA DO ACRE,-9.75888,-67.35648,198,-1,0
2024,639,1538,8,1309,PRE ESC MUNICIPAL NUBIA MARIA FERNANDES,SAO FRANCISCO,-10.14868,-67.73131,487,-1,0
2024,640,1538,8,1317,ESCOLA ESTADUAL SAO FRANCISCO DE ASSIS II,ZONA RURAL - KM 52 BOCA DO ACRE,-9.88954,-67.44128,493,-1,0
2024,641,1538,8,1333,ESCOLA MUNICIPAL MANOEL GONZAGA BEZERRA SOBRINHO,TRIUNFO,-10.15178,-67.73731,492,-1,0
2024,642,1538,8,1368,ESCOLA PUBLICA MUNICIPAL LUIZ QUEROZ NOGUEIRA,ZONA RURAL RML PROGRESSO,-9.66937,-67.17149,204,-1,0
2024,643,1538,8,1376,CREAS - CENTRO DE REFERÊNCIA ESPECIALIZADO DE ASSISTÊNCIA SOCIAL,CENTRO,-10.15817,-67.73705,235,-1,0
2024,644,1538,8,1392,ESCOLA MONTEIRO LOBATO,TRIUNFO,-10.14746,-67.73752,425,-1,0
2024,645,1538,8,1406,ESCOLA MODELO,JARDIM BOTANICO,-10.15671,-67.73262,372,-1,0
2024,646,1538,8,1430,SESC - UNIDADE DE SENADOR GUIOMARD,CENTRO,-10.15461,-67.74129,758,-1,0
2024,647,1538,8,1449,ESCOLA BELA UNIAO,ZONA RURAL,-10.05275,-67.5157,105,-1,0
2024,648,1538,8,1457,ESCOLA ESTADUAL ELZIRA ANGÉLICA DO NASCIMENTO,ZONA RURAL - PIRÃ DE RÃ,-10.13149,-67.67621,157,-1,0
2024,649,1538,8,1481,ESCOLA ALDACI SIMOES DA COSTA,FAZENDINHA,-10.14481,-67.7422,1327,-1,0
2024,650,1554,3,1228,ESCOLA DOM PRÓPERO BERNARD,CENTRO,-8.84036,-69.26126,1751,-1,0
2024,651,1554,3,1244,ESCOLA NAZIRA ANUTE DE LIMA,SAO JOSE,-8.83859,-69.2628,2310,-1,0
2024,652,1554,3,1252,ESCOLA ANTONIA MENDES,SAO FRANCISCO,-8.8336,-69.25927,1142,-1,0
2024,653,1554,3,1260,ESCOLA MARIA DAS GRAÇAS ALVES DA ROCHA,SAO FRANCISCO,-8.83263,-69.2662,1126,-1,0
2024,654,1554,3,1279,CRECHE YÊDA,CENTRO,-8.83978,-69.26022,677,-1,0
2024,655,1554,3,1287,POSTO DE SAÚDE (ALDEIA BUAÇÚ),ZONA RURAL,-9.11309,-69.78075,396,-1,0
2024,656,1554,3,1295,ESCOLA MUNICIPAL LUIZ PLÁCIDO FERNANDES - (ITAÚBA),ZONA RURAL,-8.82874,-69.26447,107,-1,0
2024,657,1554,3,1309,ESCOLA MENINO JESUS,ANIBAL SARAIVA,-8.83998,-69.26361,741,-1,0
2024,658,1570,6,1015,ESCOLA SIMON BOLIVAR,CENTRO,-10.94245,-69.56786,1067,2,0
2024,659,1570,6,1023,ESCOLA EDILSA MARIA BATISTA,CASCATA,-10.93978,-69.56251,1153,1,0
2024,660,1570,6,1031,ESCOLA IRIS CELIA CABANELLAS ZANNINI,CENTRO,-10.93978,-69.56616,1767,2,0
2024,661,1570,6,1228,ESCOLA MARIA FERREIRA DA SILVA,BELA VISTA,-10.93938,-69.56247,754,1,0
2024,662,1570,6,1236,ESCOLA 07 DE NOVEMBRO - SERINGAL ICURIÃ KM 76,ZONA RURAL,-10.44384,-69.69638,241,-1,0
2024,663,1570,6,1244,ESCOLA BAIXA VERDE -  (DIVISÃO) 40 KM DE RAMAL,ZONA RURAL,-10.66845,-69.59848,366,-1,0
2024,664,1570,6,1279,CÂMARA MUNICIPAL,CENTRO,-10.94011,-69.56725,342,2,0
2024,665,1570,6,1309,ESCOLA KAJPAHA - ALDEIA JATOBÁ,ZONA RURAL,-10.53926,-69.86121,391,-1,0
2024,666,1570,6,1317,ESCOLA INDÍGENA 7 ESTRELAS - ALDEIA EXTREMA,ZONA RURAL,-10.65269,-70.13351,183,-1,0
2024,667,1570,6,1325,ESCOLA PIYAKATI  - ALDEIA TRÊS CACHOEIRA,ZONA RURAL,-10.92475,-69.86705,141,-1,0
2024,668,1570,6,1341,UNIDADE BÁSICA DE SAÚDE TEREZINHA BATISTA DOS SANTOS,CASCATA,-10.94073,-69.56127,76,1,0
2024,669,1570,6,1350,ESCOLA VICENTE BESSA,ZONA RURAL,-10.93979,-69.5625,692,1,0
2026,0,1007,9,1023,ESCOLA JOSE CEZARIO DE FARIAS,ZONA RURAL,-9.72639,-68.1241,1428,-1,0
2026,1,1007,9,1040,ESCOLA MAPINGUARI - FUNTAC - PROJETO ANTIMARI,ZONA RURAL,-9.4036,-68.14358,208,-1,0
2026,2,1007,9,1058,"NÚCLEO DE EDUCAÇÃO, CULTURA E ESPORTES - SEE - BUJARI/AC",CENTRO,-9.82668,-67.95114,927,-1,0
2026,3,1007,9,1066,ESCOLA RURAL NOVA VIDA,ZONA RURAL,-9.6438,-68.04275,452,-1,0
2026,4,1007,9,1074,ESCOLA RURAL MARIA DO CARMO RAMOS,ZONA RURAL,-9.79308,-68.26046,348,-1,0
2026,5,1007,9,1082,SEPA - SECRETARIA DE ESTADO DE PRODUÇÃO E AGRONEGÓCIO (BUJARI)),CENTRO,-9.82629,-67.95121,625,-1,0
2026,6,1007,9,1090,CRECHE PROFESSORA DONA BELA,CENTRO,-9.82694,-67.95143,729,-1,0
2026,7,1007,9,1104,ESCOLA EDMUNDO PINTO DE ALMEIDA NETO,CENTRO,-9.82469,-67.95129,2418,-1,0
2026,8,1007,9,1112,ESCOLA SÃO JOÃO BATISTA,CENTRO,-9.82477,-67.94966,2941,-1,0
2026,9,1007,9,1120,ESCOLA ESTADUAL PEDRO GOMES,ZONA RURAL,-9.81233,-67.90007,863,-1,0
2026,10,1007,9,1147,UNIDADE DE GESTÃO AMBIENTAL INTEGRADA - UGAI,ZONA RURAL,-9.33359,-68.32125,209,-1,0
2026,11,1015,2,1015,ESCOLA ARGENTINA PEREIRA FEITOSA,CENTRO,-10.57214,-67.67562,1957,-1,0
2026,12,1015,2,1023,ESCOLA NAIR SOMBRA,CENTRO,-10.57717,-67.67639,1246,-1,0
2026,13,1015,2,1058,PRE-ESCOLA MUNDO ENCANTADO,CENTRO,-10.57577,-67.67739,1124,-1,0
2026,14,1015,2,1066,ESCOLA NOVA ESPERANCA,ZONA RURAL,-10.37423,-67.79128,1170,-1,0
2026,15,1015,2,1104,ESCOLA MUNICIPAL RURAL SÃO FRANCISCO,ZONA RURAL SÃO LUIZ REMANSO,-10.39001,-67.93456,266,-1,0
2026,16,1015,2,1120,ESC ENS FUN PROF NOELIA MARIA ALVES DE SOUZA,CONQUISTA,-10.57373,-67.67671,1661,-1,0
2026,17,1015,2,1228,ESCOLA MUNICIPAL MARIA FERNANDES DE AMORIM,ZONA RURAL,-10.47405,-68.04583,122,-1,0
2026,18,1015,2,1236,ESCOLA ARISTON FERREIRA DA CUNHA,ZONA RURAL,-10.58185,-67.84528,618,-1,0
2026,19,1023,1,1015,ESCOLA JOSE PLACIDO DE CASTRO,PORTO ACRE,-9.59035,-67.5373,1812,-1,0
2026,20,1023,1,1023,ESCOLA EDMUNDO PINTO DE ALMEIDA NETO,PROJETO HUMAITA,-9.72939,-67.70032,1868,-1,0
2026,21,1023,1,1031,ESCOLA PUBLICA JADER SARAIVA MACHADO,PORTO ACRE,-9.67816,-67.74472,2210,-1,0
2026,22,1023,1,1040,ESCOLA NOSSA SENHORA AUXILIADORA,ZONA RURAL,-9.81843,-67.58952,287,-1,0
2026,23,1023,1,1066,ESCOLA MAJOR WENCESLAU SALINAS,CENTRO,-9.5888,-67.53304,800,-1,0
2026,24,1023,1,1074,ESCOLA MUNICIPAL JOAQUIM FALCAO MACEDO,ZONA RURAL,-9.67399,-67.36963,456,-1,0
2026,25,1023,1,1082,ESCOLA MUNICIPAL NOVO HORIZONTE,PROJETO HUMAITA,-9.72881,-67.70084,1767,-1,0
2026,26,1023,1,1090,UNIDADE DE SAÚDE DA FAMÍLIA ILDA BARBOSA DE SOUZA,PROJETO HUMAITA,-9.68012,-67.74662,444,-1,0
2026,27,1023,1,1112,ESCOLA SÃO RAIMUNDO NONATO,ZONA RURAL,-9.44959,-67.81585,466,-1,0
2026,28,1023,1,1120,CENTRO CULTURAL DA FLORESTANIA,CENTRO,-9.59035,-67.53684,74,-1,0
2026,29,1023,1,1139,ESCOLA CRISTO REI,ZONA RURAL,-9.75594,-67.35801,812,-1,0
2026,30,1023,1,1147,ESCOLA MUNICIPAL DE ENSINO FUNDAMENTAL VITÓRIA,ZONA RURAL,-9.60643,-67.3716,257,-1,0
2026,31,1023,1,1163,ESCOLA ESTADUAL UNIÃO E PROGRESSO,ZONA RURAL,-9.75257,-67.35331,698,-1,0
2026,32,1023,1,1171,ESCOLA MUNICIPAL NILCE MACHADO DA ROCHA,JOSÉ GALDINO,-9.591,-67.54149,293,-1,0
2026,33,1023,1,1180,CÂMARA MUNICIPAL DE PORTO ACRE,CENTRO,-9.59328,-67.54254,278,-1,0
2026,34,1023,1,1198,ESCOLA MUNICIPAL PARAÍSO DO SABER,PROJETO HUMAITA,-9.72969,-67.70143,686,-1,0
2026,35,1023,1,1201,ESCOLA MUNICIPAL PEQUENO PRÍNCIPE,PROJETO HUMAITA,-9.68103,-67.74702,576,-1,0
2026,36,1023,1,1210,UNIDADE DE SAÚDE DA FAMÍLIA ÁLVARO ARAÚJO NOBRE,ZONA RURAL,-9.5233,-67.77587,445,-1,0
2026,37,1023,1,1228,ESCOLA MUNICIPAL SANTA INÊS,ZONA RURAL,-9.82515,-67.59446,39,-1,0
2026,38,1031,3,1015,ESC. EST. ENSINO MÉDIO PADRE PAOLINO MARIA BALDASSARI,CIDADE NOVA,-9.44374,-70.48653,1503,-1,0
2026,39,1031,3,1023,ESCOLA ANTONIA FERNANDES DE MOURA,CENTRO,-9.43383,-70.49353,639,-1,0
2026,40,1031,3,1040,UNIDADE BÁSICA DE SAÚDE INDÍGENA - (ALDEIA NOVA FRONTEIRA),ZONA RURAL,-9.08715,-69.99323,472,-1,0
2026,41,1031,3,1058,UNIDADE BÁSICA DE SAÚDE ALDEIA MARONAWA,ZONA RURAL,-9.28032,-70.3418,333,-1,0
2026,42,1031,3,1066,ESCOLA INDÍGENA SANTA MARIA (ALDEIA NOVO MARINHO),ZONA RURAL,-9.17387,-70.21964,317,-1,0
2026,43,1031,3,1082,ESCOLA FRANCISCO RABELO SÁ,CIDADE NOVA,-9.44274,-70.48646,697,-1,0
2026,44,1040,4,1015,ESCOLA ELVIRA FERREIRA GOMES,CENTRO,-8.94623,-72.7856,1954,-1,0
2026,45,1040,4,1023,ESCOLA JUSTINIANO DE SERPA,CENTRO,-8.94954,-72.78592,1641,-1,0
2026,46,1040,4,1031,ESCOLA MANOEL RODRIGUES DE ARAUJO,CENTRO,-8.94854,-72.78701,1120,-1,0
2026,47,1040,4,1040,ESCOLA ZILDA VASCONCELOS,ZONA RURAL,-9.05924,-72.24635,898,-1,0
2026,48,1040,4,1058,ESCOLA SAO RAIMUNDO,ZONA RURAL,-9.31095,-72.68886,291,-1,0
2026,49,1040,4,1066,ESCOLA TANCREDO DE ALMEIDA NEVES,ZONA RURAL,-9.06415,-72.68771,612,-1,0
2026,50,1040,4,1074,ESCOLA JOÃO PRAXEDES,ZONA RURAL,-8.83451,-72.76238,781,-1,0
2026,51,1040,4,1082,ESCOLA MARNIZIA CRUZ,ZONA RURAL,-8.77667,-72.82957,709,-1,0
2026,52,1040,4,1090,ESCOLA  MARIA LUZIA ELIAS DOS SANTOS ,CENTRO,-8.94754,-72.78913,1063,-1,0
2026,53,1040,4,1120,ESCOLA ERNESTINA RODRIGUES FERREIRA,ZONA RURAL,-9.41077,-72.71555,523,-1,0
2026,54,1040,4,1139,ESCOLA JOSÉ PINTO PEREIRA,ZONA RURAL,-9.19097,-72.712,536,-1,0
2026,55,1040,4,1147,ESCOLA SAMUEL PIYÃKO,ZONA RURAL,-9.17073,-72.91202,463,-1,0
2026,56,1040,4,1155,ESCOLA JOSEFA LOPES DA CUNHA,ZONA RURAL,-8.93184,-72.43639,399,-1,0
2026,57,1040,4,1163,ESCOLA INDIGENA BOA VISTA,ZONA RURAL,-9.47846,-72.42839,278,-1,0
2026,58,1040,4,1171,ESCOLA ANTÔNIO RUBENS PINHEIRO,ZONA RURAL,-9.22939,-72.7035,239,-1,0
2026,59,1040,4,1180,ESCOLA PRAXEDES BRANDÃO,ZONA RURAL,-8.94219,-72.58007,350,-1,0
2026,60,1058,6,1023,CENTRO CULTURAL SEBASTIÃO JOAQUIM DANTAS BARROSO,FERREIRA DA SILVA,-10.99872,-68.75054,290,8,0
2026,61,1058,6,1040,ESCOLA MARIA SOCORRO DE SOUZA FROTA,MARCOS GALVÃO II,-10.99058,-68.74546,1757,11,0
2026,62,1058,6,1066,ESCOLA  KAIRALA JOSE KAIRALA,RAIMUNDO CHAAR,-11.0125,-68.74113,2194,12,0
2026,63,1058,6,1074,ESCOLA VALDOMIRO FERREIRA BARROSO - KM 19,ZONA RURAL,-10.82917,-68.88807,784,-1,0
2026,64,1058,6,1082,ESCOLA GETULIO VARGAS,CENTRO,-11.01541,-68.74497,1486,6,0
2026,65,1058,6,1112,SEMED - SECRETARIA MUNICIPAL DE EDUCAÇÃO,RAIMUNDO CHAAR,-11.00866,-68.74576,529,12,0
2026,66,1058,6,1120,ESCOLA FONTENELE DE CASTRO,FERREIRA DA SILVA,-11.00021,-68.75054,2246,8,0
2026,67,1058,6,1180,ESCOLA VALERIA BISPO SABALA - KM 26,ZONA RURAL,-10.95359,-68.92818,773,-1,0
2026,68,1058,6,1198,ESCOLA FRANCISCO GERMANO DA SILVA - KM 68,ZONA RURAL,-10.81913,-69.22823,894,-1,0
2026,69,1058,6,1210,ESCOLA ODILON PRATAGI,CENTRO,-11.00733,-68.74321,1744,12,0
2026,70,1058,6,1228,ESCOLA ELSON DIAS DANTAS,LEONARDO BARBOSA,-11.01094,-68.75983,976,10,0
2026,71,1058,6,1996,ESCOLA MENINO JESUS,ELDORADO,-11.0055,-68.75489,1510,7,0
2026,72,1058,6,2046,CEDUP - CENTRO DE ESTUDOS EDUCAÇÃO PERMANENTE (POLO UAB). ,CENTRO,-11.01524,-68.74984,845,6,0
2026,73,1058,6,2127,SESC-SERVIÇO SOCIAL DO COMERCIO,ELDORADO,-10.99891,-68.75384,877,7,0
2026,74,1058,6,2151,ESCOLA FULGÊNCIO DE PAIVA -KM 59 MAIS 18 DE RAMAL,ZONA RURAL,-10.72723,-69.1107,421,-1,0
2026,75,1058,6,2224,ESCOLA JOSE MARREIRA FILHO (ANCHIETA),ZONA RURAL,-10.47711,-69.27552,218,-1,0
2026,76,1058,6,2240,ESCOLA GETULIO VARGAS (ZONA RURAL),ZONA RURAL,-10.48048,-69.45502,168,-1,0
2026,77,1058,6,2267,CENTRO DO IDOSO,ELDORADO,-10.99944,-68.75402,549,7,0
2026,78,1058,6,2291,NÚCLEO DE BASE PALMEIRAS - AMOPREBE (KM 84),ZONA RURAL,-10.68603,-69.36167,272,-1,0
2026,79,1058,6,2313,SENAC - NÚCLEO DE EDUCAÇÃO PROFISSIONAL DE BRASILÉIA,ELDORADO,-11.00417,-68.75192,1446,7,0
2026,80,1058,6,2330,ESCOLA MUNICIPAL JUELITA MEIRELES,ZONA RURAL,-10.45624,-69.49236,14,-1,0
2026,81,1066,4,1015,ESCOLA  MANOEL CORREIA DE PAIVA,CENTRO,-8.2654,-72.74248,919,-1,0
2026,82,1066,4,1023,COLÉGIO MARISTA PORTO WALTER ,CENTRO,-8.26722,-72.74499,1436,-1,0
2026,83,1066,4,1031,ESCOLA BORGES DE AQUINO,CENTRO,-8.26602,-72.74076,1451,-1,0
2026,84,1066,4,1040,ESCOLA IZAURA AMORIM DE LIMA,CENTRO,-8.26937,-72.74378,1670,-1,0
2026,85,1066,4,1058,ESCOLA SÃO JOSÉ,ZONA RURAL,-8.57335,-72.40172,562,-1,0
2026,86,1066,4,1074,ESCOLA NOSSA SENHORA APARECIDA,ZONA RURAL,-8.46312,-72.84439,221,-1,0
2026,87,1066,4,1082,ESCOLA CHATEAUBRIAND BEZERRA,ZONA RURAL,-8.40109,-72.59049,146,-1,0
2026,88,1066,4,1090,ESCOLA ARARA INDÍGENA ,ZONA RURAL,-8.49723,-72.45586,338,-1,0
2026,89,1066,4,1104,ESCOLA ALFREDO SALES,ZONA RURAL,-8.54463,-72.81128,463,-1,0
2026,90,1066,4,1112,ESCOLA JOSÉ DE MELO BARRETO,ZONA RURAL,-8.60145,-72.92299,102,-1,0
2026,91,1066,4,1120,ESCOLA VENCESLAU BRÁZ,ZONA RURAL,-8.36355,-72.76795,342,-1,0
2026,92,1066,4,1139,ESCOLA SAO FRANCISCO DAS CHAGAS,ZONA RURAL,-8.43322,-72.97857,144,-1,0
2026,93,1066,4,1147,ESCOLA CASTELO BRANCO,ZONA RURAL,-8.23634,-72.95594,204,-1,0
2026,94,1074,4,1015,ESCOLA BRAZ DE AGUIAR,CENTRO,-7.63424,-72.66637,927,-1,0
2026,95,1074,4,1023,ESCOLA RAIMUNDO CALPER,ZONA RURAL,-7.742,-72.45906,586,-1,0
2026,96,1074,4,1031,ESCOLA OLAVO BILAC,ZONA RURAL,-7.77055,-72.39189,1388,-1,0
2026,97,1074,4,1058,ESCOLA OSVALDO D'ALBUQUERQUE LIMA,CENTRO,-7.63335,-72.66697,385,-1,0
2026,98,1074,4,1066,ESCOLA CRAVEIRO COSTA,REMANSO,-7.62222,-72.65995,2084,-1,0
2026,99,1074,4,1074,UNIVERSIDADE ABERTA DO BRASIL,CENTRO,-7.63318,-72.66458,594,-1,0
2026,100,1074,4,1104,ESCOLA IRMÃ DIANA,CRUZEIRINHO NOVO,-7.64032,-72.67812,498,-1,0
2026,101,1074,4,1120,ESCOLA DR. VALÉRIO CALDAS DE MAGALHÃES,CENTRO,-7.63549,-72.66957,1081,-1,0
2026,102,1074,4,1147,CEFLORA,VINTE E CINCO DE AGOSTO,-7.61595,-72.67221,673,-1,0
2026,103,1074,4,1155,ESCOLA DOM HENRIQUE RUTH,JOÃO ALVES,-7.62981,-72.68118,3273,-1,0
2026,104,1074,4,1171,ESCOLA PADRE CARLOS KUNZ,MANOEL TERÇAS,-7.63757,-72.67907,1025,-1,0
2026,105,1074,4,1198,ESCOLA PADRE CRISTÓVÃO FREIRE ARNAUD,NOSSA SENHORA DAS GRAÇAS,-7.61763,-72.70006,1177,-1,0
2026,106,1074,4,1210,ESCOLA MARIA DE NAZARÉ SANTIAGO,ZONA RURAL,-7.72307,-72.74367,464,-1,0
2026,107,1074,4,1228,ESCOLA PADRE DAMIÃO,REMANSO,-7.61969,-72.65932,1573,-1,0
2026,108,1074,4,1295,ESCOLA MADRE ADELGUNDES BECKER,MIRITIZAL,-7.64206,-72.66038,2389,-1,0
2026,109,1074,4,1309,ESCOLA THAUMATURGO DE AZEVEDO,ALUMÍNIO,-7.62873,-72.66141,1045,-1,0
2026,110,1074,4,1325,ESCOLA JUAREZ IBERNON,ZONA RURAL,-7.75057,-72.40055,385,-1,0
2026,111,1074,4,1333,ESCOLA SÃO FRANCISCO,ZONA RURAL,-7.82835,-72.04735,730,-1,0
2026,112,1074,4,1350,ESCOLA PROFESSOR FLODOARDO CABRAL,ESCOLA TÉCNICA,-7.62794,-72.67214,1449,-1,0
2026,113,1074,4,1368,ESCOLA PRESBITERIANA,ESCOLA TÉCNICA,-7.62494,-72.67262,660,-1,0
2026,114,1074,4,1376,PRÉ-ESCOLAR MARCELINO CHAMPAGNAT,varzea,-7.63277,-72.66357,606,-1,0
2026,115,1074,4,1384,ESCOLA MARIA LIMA DE SOUZA,COBAL,-7.62904,-72.65719,1860,-1,0
2026,116,1074,4,1392,ESCOLA ANTONIO DE BARROS FREIRE,TELEGRAFO,-7.62399,-72.66751,2264,-1,0
2026,117,1074,4,1406,ESCOLA JOÃO KUBITSCHECK,VINTE E CINCO DE AGOSTO,-7.61632,-72.67315,1505,-1,0
2026,118,1074,4,1422,ESCOLA PRESIDENTE TANCREDO DE ALMEIDA NEVES,COPACABANA,-7.62259,-72.67653,1190,-1,0
2026,119,1074,4,1457,ESCOLA CORAZITA NEGREIROS,TELEGRAFO,-7.62468,-72.66129,1144,-1,0
2026,120,1074,4,1473,ESCOLA HUGO CARNEIRO,FLORESTA,-7.62657,-72.67459,693,-1,0
2026,121,1074,4,1481,ESCOLA ARTHUR MAIA DE CARVALHO,ARTUR MAIA,-7.6209,-72.68438,1435,-1,0
2026,122,1074,4,1520,ESCOLA FRANCISCA RITA DE CÁSSIA LIMA PINTO,CRUZEIRÃO,-7.61675,-72.66801,1247,-1,0
2026,123,1074,4,1554,ESCOLA DARCY BEZERRA,AEROPORTO VELHO,-7.60212,-72.68329,2250,-1,0
2026,124,1074,4,1570,CRECHE MARIA CIDÁLIA CORREIA LIMA DE MESSIAS,SÃO JOSÉ,-7.61051,-72.67051,1021,-1,0
2026,125,1074,4,1597,ESCOLA PROFESSORA QUITA,SÃO JOSÉ,-7.61129,-72.67355,908,-1,0
2026,126,1074,4,1600,ESCOLA REGOS BARROS,CENTRO,-7.63649,-72.67407,708,-1,0
2026,127,1074,4,1619,ESCOLA SÃO JOSÉ,MORRO DA GLÓRIA,-7.6325,-72.66993,788,-1,0
2026,128,1074,4,1643,ESCOLA JOÃO BUSSONS DE OLIVEIRA,ZONA RURAL,-7.74021,-72.48674,1540,-1,0
2026,129,1074,4,1783,ESCOLA ANTÔNIO FERREIRA GOMES,ZONA RURAL,-7.66646,-72.8128,1052,-1,0
2026,130,1074,4,1791,ESCOLA MANOEL BRAZ DE MELO,ZONA RURAL,-7.58562,-72.81149,1833,-1,0
2026,131,1074,4,2089,ESCOLA CORA CORALINA,ZONA RURAL,-7.76272,-72.29483,870,-1,0
2026,132,1074,4,2097,ESCOLA AUGUSTO SEVERO,ZONA RURAL,-7.5282,-72.88222,697,-1,0
2026,133,1074,4,2100,ESCOLA EMÍDIO BRAGA DE VASCONCELOS,BOCA DA ALEMANHA,-7.5809,-72.71359,1101,-1,0
2026,134,1074,4,2127,ESCOLA PADRE MARCELINO CHAMPAGNAT,JOÃO ALVES,-7.63298,-72.67823,1476,-1,0
2026,135,1074,4,2135,ESCOLA MUSTAFA ALMEIDA TOBU,JOÃO ALVES,-7.62664,-72.68039,1230,-1,0
2026,136,1074,4,2143,ESCOLA ABSOLON MOREIRA,FLORESTA,-7.61228,-72.68145,1560,-1,0
2026,137,1074,4,2151,ESCOLA SETE DE SETEMBRO,SÃO CRISTÓVÃO,-7.5933,-72.74987,813,-1,0
2026,138,1074,4,2160,ESCOLA LUIZ ANTÔNIO MEIRIM PEDREIRA,CRUZEIRINHO NOVO,-7.63905,-72.68024,1492,-1,0
2026,139,1074,4,2186,ESCOLA SANTA LUZIA,ZONA RURAL,-7.55038,-72.72549,490,-1,0
2026,140,1074,4,2194,ESCOLA ALFREDO SAID,ZONA RURAL,-8.02435,-72.74509,288,-1,0
2026,141,1074,4,2208,ESCOLA HUMBERTO DE CAMPOS,ZONA RURAL,-7.81061,-72.43907,896,-1,0
2026,142,1074,4,2216,ESCOLA HELENA NOBRE,ZONA RURAL,-8.1337,-72.83042,176,-1,0
2026,143,1074,4,2224,ESCOLA ARTUR LEBRE II,ZONA RURAL,-8.23463,-73.18499,546,-1,0
2026,144,1074,4,2232,ESCOLA 21 DE ABRIL,MIRITIZAL,-7.64046,-72.64676,987,-1,0
2026,145,1074,4,2240,ESCOLA RAINHA DA FLORESTA,ZONA RURAL,-8.0244,-72.40209,992,-1,0
2026,146,1074,4,2259,ESCOLA PROFESSOR FRANCISCO ALBECIR BRITO DA SILVA,ZONA RURAL,-8.0662,-72.06368,627,-1,0
2026,147,1074,4,2267,ESCOLA PADRE EGON ANGEL,ZONA RURAL,-8.10718,-72.59625,399,-1,0
2026,148,1074,4,2275,ESCOLA DION THAUMATURGO,ZONA RURAL,-7.71479,-72.70872,313,-1,0
2026,149,1074,4,2291,ESCOLA TAMÃKÃYÃ,ZONA RURAL,-7.77316,-72.20177,404,-1,0
2026,150,1074,4,2305,ESCOLA 17 DE NOVEMBRO,ZONA RURAL,-7.53659,-72.8436,310,-1,0
2026,151,1074,4,2313,ESCOLA GENERAL RONDON,ZONA RURAL,-7.67763,-72.79677,220,-1,0
2026,152,1074,4,2321,ESCOLA EMÍDIO BRAGA DE VASCONCELOS (ANEXO),BOCA DA ALEMANHA,-7.54362,-72.77949,143,-1,0
2026,153,1074,4,2330,ESCOLA SEBASTIANA SILENE VALENTE,ZONA RURAL,-7.71989,-72.35287,334,-1,0
2026,154,1074,4,2348,ESCOLA DOM PEDRO II,SANTA TEREZINHA,-7.58868,-72.68617,1095,-1,0
2026,155,1074,4,2356,ESCOLA VISCONDE DO RIO BRANCO,MIRITIZAL,-7.63114,-72.64293,278,-1,0
2026,156,1074,4,2364,ESCOLA RUI  BARBOSA,MIRITIZAL,-7.65398,-72.67455,312,-1,0
2026,157,1074,4,2372,ESCOLA NEUZA BERNARDINO DE SOUZA,ZONA RURAL,-8.08791,-72.77657,126,-1,0
2026,158,1074,4,2380,ESCOLA ARTHUR LEBRE I,ZONA RURAL,-7.92195,-72.27607,118,-1,0
2026,159,1074,4,2410,ESCOLA NOSSA SENHORA APARECIDA,ZONA RURAL,-7.74491,-72.55636,144,-1,0
2026,160,1074,4,2429,UNIDADE DE GESTÃO AMBIENTAL INTEGRADA - UGAI,ZONA RURAL,-7.79745,-72.02751,574,-1,0
2026,161,1074,4,2437,ESCOLA PADRE ALFREDO NUSS,COHAB,-7.62496,-72.68579,212,-1,0
2026,162,1074,4,2445,ESCOLA  MARIA TEREZINHA DE JESUS SAAVEDRA,SABOEIRO,-7.63803,-72.68589,168,-1,0
2026,163,1074,4,2453,ESCOLA/CRECHE IRMÃ MARIA SUZANA,MIRITIZAL,-7.64084,-72.66147,126,-1,0
2026,164,1074,4,2461,ESCOLA FRANCISCA BARROS DE OLIVEIRA,SÃO JOSÉ,-7.60098,-72.66804,220,-1,0
2026,165,1082,4,1015,ESCOLA FRANCISCO BRAGA DE SOUZA,CENTRO,-7.73777,-72.65379,1558,38,0
2026,166,1082,4,1023,ESCOLA CUNHA VASCONCELOS,CENTRO,-7.7376,-72.64935,1016,39,0
2026,167,1082,4,1031,ESCOLA PEDRO DE MELO CORREIA,CENTRO,-7.73265,-72.64839,833,40,0
2026,168,1082,4,1040,ESCOLA POLO AGROFLORESTAL,ZONA RURAL,-7.68854,-72.95256,220,-1,0
2026,169,1082,4,1058,ESCOLA MARIA LIGIA DE MATOS DA SILVA,CENTRO,-7.7377,-72.64892,559,39,0
2026,170,1082,4,1066,ESCOLA PADRE RAIMUNDO AGNALDO PEREIRA TRINDADE,CENTRO,-7.73005,-72.64919,844,40,0
2026,171,1082,4,1074,ESCOLA INENCI MORORÓ DE OLIVEIRA,ZONA RURAL,-7.87486,-72.75924,876,-1,0
2026,172,1082,4,1082,ESCOLA MARECHAL RONDON,ZONA RURAL,-7.75905,-72.85445,306,-1,0
2026,173,1082,4,1090,ESCOLA MANOEL CARNEIRO DE MESSIAS,ZONA RURAL,-7.7728,-72.64576,648,-1,0
2026,174,1082,4,1104,ESCOLA SANTA CLARA,ZONA RURAL,-7.82153,-72.66515,787,-1,0
2026,175,1082,4,1112,ESCOLA MARGARIDA PEDREIRA,ZONA RURAL,-7.87732,-72.90628,505,-1,0
2026,176,1082,4,1120,ESCOLA RAIMUNDO ALVES DA COSTA I,ZONA RURAL,-7.87174,-73.07422,189,-1,0
2026,177,1082,4,1139,ESCOLA MARIA LIZETE DE OLIVEIRA MOURA,ZONA RURAL,-7.94596,-72.94304,406,-1,0
2026,178,1082,4,1147,ESCOLA HIDELBRANDO FABRÍCIO ÂNGELO,ZONA RURAL,-7.74573,-72.89825,164,-1,0
2026,179,1082,4,1155,ESCOLA EDSON MOURA,ZONA RURAL,-7.85791,-72.93305,336,-1,0
2026,180,1082,4,1163,ESCOLA FRANCISCO ENEAS CORREIA DE SOUZA,ZONA RURAL,-7.90914,-72.85323,247,-1,0
2026,181,1082,4,1171,ESCOLA JOSÉ MORORÓ DE OLIVEIRA,ZONA RURAL,-7.78592,-73.03169,264,-1,0
2026,182,1082,4,1180,ESCOLA SÃO JOSÉ II,ZONA RURAL,-7.69757,-72.84088,174,-1,0
2026,183,1082,4,1198,ESCOLA PAULO FREIRE - ANEXO I,ZONA RURAL,-7.78076,-72.75875,176,-1,0
2026,184,1082,4,1201,ESCOLA GODOFREDO SAMPAIO,ZONA RURAL,-7.80969,-72.63988,366,-1,0
2026,185,1082,4,1210,ESCOLA NUNES CORREIA,ZONA RURAL,-7.85334,-72.73423,350,-1,0
2026,186,1082,4,1228,ESCOLA JÚLIA MARIA DE SANTANA AMORIM,CENTRO,-7.73732,-72.65669,576,38,0
2026,187,1082,4,1236,ESCOLA MARIA DIONE BERNARDO MOTA,ZONA RURAL,-7.72684,-72.74148,530,-1,0
2026,188,1082,4,1279,ESCOLA JOSÉ CASSIMIRO DE ALMEIDA,ZONA RURAL,-7.83171,-72.68949,213,-1,0
2026,189,1090,4,1015,ESCOLA JOSE BERNARDO DE SOUZA,CENTRO,-7.61286,-72.9013,496,-1,0
2026,190,1090,4,1023,SECRETARIA DE ACAO SOCIAL,JOSE MARTINS,-7.61161,-72.9116,388,-1,0
2026,191,1090,4,1031,ESCOLA PADRE EDSON OLIVEIRA DANTAS,JOSE MARTINS,-7.60866,-72.90889,1316,-1,0
2026,192,1090,4,1040,COORDENACAO DE ENSINO,COBAL,-7.6128,-72.89988,233,-1,0
2026,193,1090,4,1058,ESCOLA ANTONIO DE OLIVEIRA DANTAS,SAO VIDAL,-7.61459,-72.90903,1702,-1,0
2026,194,1090,4,1066,CAMARA MUNICIPAL,CENTRO,-7.61108,-72.90391,380,-1,0
2026,195,1090,4,1074,ESCOLA JOSE SENA,ZONA RURAL,-7.7198,-73.34462,306,-1,0
2026,196,1090,4,1090,ESCOLA JOSEFA DE QUEIROZ,ZONA RURAL,-7.45581,-73.64402,219,-1,0
2026,197,1090,4,1120,ESCOLA FRANCISCO FREIRE DE CARVALHO,SAO FRANCISCO,-7.59582,-72.92494,2446,-1,0
2026,198,1090,4,1139,ESCOLA BELARMINO DE MENDONCA,CENTRO,-7.6137,-72.90207,1133,-1,0
2026,199,1090,4,1147,ESCOLA 1º DE MAIO,GUARANI,-7.62959,-72.87803,1932,-1,0
2026,200,1090,4,1163,ESCOLA PEDRO ANTONIO DE OLIVEIRA,ZONA RURAL,-7.43149,-73.46279,577,-1,0
2026,201,1090,4,1180,ESCOLA JOÃO SABINO DA ROCHA,ZONA RURAL,-7.50347,-73.26874,185,-1,0
2026,202,1090,4,1198,ESCOLA IXUBÃY RABUI PUYANAWA,ZONA RURAL,-7.52607,-73.00542,563,-1,0
2026,203,1090,4,1201,ESCOLA BRAULINO VIEIRA DE ALENCAR,ZONA RURAL,-7.4652,-72.95983,771,-1,0
2026,204,1090,4,1210,ESCOLA MARIA FIRMINO CHAVES,ZONA RURAL,-7.41824,-73.22432,588,-1,0
2026,205,1090,4,1228,ESCOLA GLÓRIA SORIANO ROSAS,ZONA RURAL,-7.39757,-73.0462,299,-1,0
2026,206,1090,4,1236,ESCOLA LUIZ DE FONTES,ZONA RURAL,-7.55818,-72.97956,290,-1,0
2026,207,1090,4,1244,ESCOLA JOAQUIM GENEROSO DE OLIVEIRA,IRACEMA,-7.58913,-72.93637,835,-1,0
2026,208,1104,5,1023,PREFEITURA MUNICIPAL,CENTRO,-9.19061,-71.95166,552,-1,0
2026,209,1104,5,1031,ESCOLA MANOEL RODRIGUES DE FARIAS,CENTRO,-9.19059,-71.94816,1260,-1,0
2026,210,1104,5,1040,CAMARA MUNICIPAL,CENTRO,-9.19044,-71.95129,587,-1,0
2026,211,1104,5,1058,ESCOLA DE ENSINO FUNDAMENTAL ATALIBA XIMENES ARAGAO,ZONA RURAL,-9.23052,-71.65067,483,-1,0
2026,212,1104,5,1066,ESCOLA DE ENSINO FUNDAMENTAL CORONEL FLORENCIO DA CUNHA,ZONA RURAL,-8.82411,-71.81517,467,-1,0
2026,213,1104,5,1074,ALDEIA INDIGENA BOA VISTA,ZONA RURAL,-9.342,-72.07245,597,-1,0
2026,214,1104,5,1104,ESCOLA PRÉ ESCOLAR 12 DE OUTUBRO,CENTRO,-9.19051,-71.95109,365,-1,0
2026,215,1104,5,1112,ESCOLA JAIRO DE FIGUEIREDO MELO,CENTRO,-9.1902,-71.94831,1692,-1,0
2026,216,1112,6,1015,ESCOLA BRASIL BOLIVIA,CENTRO,-11.02985,-68.74058,1194,21,0
2026,217,1112,6,1031,ESCOLA JOANA RIBEIRO AMED,CENTRO,-11.02867,-68.73739,1434,15,0
2026,218,1112,6,1058,ESCOLA RAIMUNDA DA CUNHA AIRES,JOSE HASSEM,-11.03146,-68.74931,1433,19,0
2026,219,1112,6,1210,ESCOLA JOAO PEDRO DA SILVA,LIBERDADE,-11.02413,-68.74089,1152,20,0
2026,220,1112,6,1252,ESCOLA LUIZ GONZAGA DA ROCHA - KM 09 VILA PROGRESSO,ZONA RURAL,-11.03099,-68.66642,460,-1,0
2026,221,1112,6,1287,ESCOLA JOSÉ HASSEM HALL FILHO,SATEL,-11.02424,-68.74849,997,23,0
2026,222,1112,6,1295,NÚCLEO ESTADUAL DE EDUCAÇÃO / SEE,CENTRO,-11.02869,-68.73838,565,15,0
2026,223,1112,6,1309,ESCOLA BELA FLOR,AEROPORTO,-11.03031,-68.73491,1757,15,0
2026,224,1112,6,1317,ESCOLA CASTELO BRANCO - KM 20,ZONA RURAL,-10.9608,-68.59475,913,-1,0
2026,225,1112,6,1325,ESCOLA JOSÉ BENÍCIO MOREIRA - KM 37 ESTRADA VELHA (PRATA),ZONA RURAL,-11.02035,-68.48802,246,-1,0
2026,226,1112,6,1333,ESCOLA ALCINO MONTEIRO DE OLIVEIRA - KM 33 (MATO GROSSO),ZONA RURAL,-10.90326,-68.45728,315,-1,0
2026,227,1112,6,1368,ESCOLA BELO PORVIR,FONTINELE DE CASTRO,-11.03564,-68.74409,1367,21,0
2026,228,1112,6,1392,ESCOLA INFANTIL COSMA DE AZEVEDO MARQUES ,SATEL,-11.02029,-68.74633,359,23,0
2026,229,1112,6,1406,ESCOLA SEBASTIÃO BRANDÃO DO NASCIMENTO,AEROPORTO,-11.03025,-68.73877,579,15,0
2026,230,1112,6,1414,ESCOLA JOSÉ JOAQUIM MEIRELES,ZONA RURAL,-10.85711,-68.67236,293,-1,0
2026,231,1112,6,1422,NÚCLEO DE BASE PORONGABA,ZONA RURAL,-10.80966,-68.77499,195,-1,0
2026,232,1112,6,1430,ESCOLA MARIA ESTER DE OLIVEIRA,ZONA RURAL,-10.74801,-68.7358,165,-1,0
2026,233,1112,6,1449,SECRETARIA MUNICIPAL DE MEIO AMBIENTE E TURISMO DE EPITACIOLÂNDIA,AEROPORTO,-11.02904,-68.73844,293,15,0
2026,234,1112,6,1457,SECRETARIA MUNICIPAL DE EDUCAÇÃO DE EPITACIOLÂNDIA,AEROPORTO,-11.02908,-68.73837,155,15,0
2026,235,1112,6,1465,CENTRO DO IDOSO DE EPITACIOLÂNDIA,VILA VITÓRIA,-11.03109,-68.73243,146,22,0
2026,236,1112,6,1473,ESCOLA MUNICIPAL PEQUENO PRÍNCIPE,LIBERDADE,-11.024,-68.73728,586,20,0
2026,237,1120,8,1015,ESCOLA ALTINA MAGALHAES,ZONA RURAL,-9.82769,-66.88066,1079,-1,0
2026,238,1120,8,1023,ESCOLA  DE 1 GRAU PROF PEDRO DE CASTRO MEIRELES,CENTRO,-10.07847,-67.05594,1216,-1,0
2026,239,1120,8,1031,ESCOLA DE 1 GRAU MARIA DE JESUS RIBEIRO,ZONA RURAL,-10.00723,-67.03871,645,-1,0
2026,240,1120,8,1040,ESCOLA SANTA LUCIA III,ZONA RURAL,-9.81227,-67.09402,1077,-1,0
2026,241,1120,8,1058,CRECHE MUNICIPAL,CENTRO,-10.0772,-67.05581,700,-1,0
2026,242,1120,8,1066,ESCOLA NOVO HORIZONTE,CENTRO,-10.07425,-67.0585,879,-1,0
2026,243,1120,8,1074,ESCOLA MARCILIO PONTES DOS SANTOS,CENTRO,-10.07295,-67.04869,1702,-1,0
2026,244,1120,8,1112,ASSOCIAÇÃO SERINGUEIRA PORTO DIAS,ZONA RURAL - CTA,-10.01112,-66.77386,182,-1,0
2026,245,1120,8,1120,ESC MUN CEN ENS FUN RITA BOCALON RODRIGUES,CENTRO,-10.07659,-67.05128,1463,-1,0
2026,246,1120,8,1139,POLO UNIVERSITARIO DA UAB,CENTRO,-10.07347,-67.05454,518,-1,0
2026,247,1120,8,1180,ESCOLA MUNICIPAL JAIME ALENCAR,ZONA RURAL - PORTO LUIZ I E II,-9.98918,-66.93372,258,-1,0
2026,248,1120,8,1198,COLÉGIO AGRÍCOLA,ZONA RURAL - RAMAL PROGRESSO,-9.84904,-66.84948,106,-1,0
2026,249,1120,8,1210,CENTRO DE REFERENCIA E ASSISTENCIA SOCIAL - CRAS,CENTRO,-10.07815,-67.05549,395,-1,0
2026,250,1139,7,1031,ESCOLA DE SEGUNDO GRAU JOSE GURGEL RABELO,CIDADE NOVA,-8.16557,-70.35043,2916,27,0
2026,251,1139,7,1040,GINASIO IMACULADA CONCEICAO,CENTRO,-8.16801,-70.35607,1252,26,0
2026,252,1139,7,1058,GRUPO ESCOLAR PREFEITO RAIMUNDO AUGUSTO DE ARAUJO,CENTRO,-8.16607,-70.35503,2438,26,0
2026,253,1139,7,1074,COMPLEXO ESCOLAR NANZIO MAGALHAES,CIDADE NOVA,-8.16786,-70.35058,1742,27,0
2026,254,1139,7,1112,ESCOLA FRANCISCO NUNES LEITÃO,SEGUNDO DISTRITO,-8.16367,-70.35213,994,34,0
2026,255,1139,7,1147,PRE-ESCOLAR TOPPO GIGGIO,CENTRO,-8.1692,-70.35669,542,26,0
2026,256,1139,7,1163,ESCOLA VICENTE CELSO BRANDAO,BELA VISTA,-8.15891,-70.35167,2721,25,0
2026,257,1139,7,1171,ESCOLA DE ENSINO FUNDAMENTAL SEVERINO CORDEIRO,ESPERANÇA,-8.16695,-70.34421,2687,31,0
2026,258,1139,7,1180,ESCOLA DE ENSINO FUNDAMENTAL DR. EIRALDO CARNEIRO DE FRANCA,COHAB I,-8.17807,-70.35849,1342,28,0
2026,259,1139,7,1198,ESCOLA ANTÔNIO FENELON DE OLIVEIRA,ZONA RURAL,-8.51331,-70.04836,739,-1,0
2026,260,1139,7,1201,ESCOLA PAULINO FEIJO DE MELO,ZONA RURAL,-8.46498,-70.55178,482,-1,0
2026,261,1139,7,1210,ESCOLA MUNICIPAL MANOEL VENANCIO BARBOSA,ZONA RURAL,-7.96018,-69.94608,539,-1,0
2026,262,1139,7,1228,ESCOLA MUNICIPAL DE ENSINO FUNDAMENTAL RAIMUNDO PRADO,ZONA RURAL,-9.16736,-70.85254,542,-1,0
2026,263,1139,7,1236,ESCOLA MUNICIPAL DE ENSINO FUNDAMENTAL DONA TEREZA DE CARVALHO,ZONA RURAL,-8.90483,-70.8596,362,-1,0
2026,264,1139,7,1244,ESCOLA MUNICIPAL DE EDUCACAO INFANTIL MENINO JESUS,NAIR ARAUJO,-8.17981,-70.35388,1314,36,0
2026,265,1139,7,1252,ESCOLA KAXINAWA HUNIKUI SIA,ZONA RURAL,-8.08333,-70.32037,358,-1,0
2026,266,1139,7,1260,ESCOLA TAKEHAYNE SHANENAWA,ZONA RURAL,-8.15897,-70.371,353,35,1
2026,267,1139,7,1279,ESCOLA JOSE FERREIRA FILHO,ZONA RURAL,-8.86532,-70.59489,468,-1,0
2026,268,1139,7,1287,ESCOLA HANANERA,ZONA RURAL,-9.39784,-71.22327,3,-1,0
2026,269,1139,7,1295,ESCOLA IVO NEVES,ZONA RURAL,-8.28965,-70.36747,147,-1,0
2026,270,1139,7,1309,ESCOLA MUNICIPAL ARLETE ALMEIDA,ZONA RURAL,-8.66363,-70.70147,198,-1,0
2026,271,1139,7,1317,ESCOLA NOVA OLINDA,ZONA RURAL,-9.10165,-70.71807,340,-1,0
2026,272,1139,7,1325,CENTRO DE REFERÊNCIA DE ASSISTÊNCIA SOCIAL - CRAS,CENTRO,-8.16885,-70.35837,1063,26,0
2026,273,1139,7,1333,UNIVERSIDADE FEDERAL DO ACRE - UFAC,CIDADE NOVA,-8.16594,-70.35157,275,27,0
2026,274,1139,7,1341,ALDEIA NOVA FLORESTA,ZONA RURAL,-9.47707,-71.30323,413,-1,0
2026,275,1392,1,1031,COLÉGIO ESTADUAL BARÃO DO RIO BRANCO,CENTRO,-9.97303,-67.81046,1905,-1,0
2026,276,1392,1,1058,INSTITUTO BRASILEIRO DE GEOGRAFIA E ESTATISTICA - IBGE,CENTRO,-9.97504,-67.80802,501,-1,0
2026,277,1392,1,1066,OCA RIO BRANCO,CENTRO,-9.9729,-67.80652,1805,-1,0
2026,278,1392,1,1074,CENTRO DE EDUCAÇÃO DE JOVENS E ADULTOS - CEJA CENTRO,CENTRO,-9.97729,-67.80959,862,-1,0
2026,279,1392,1,1090,PREFEITURA MUNICIPAL DE RIO BRANCO,CENTRO,-9.97238,-67.81007,1397,-1,0
2026,280,1392,1,1139,COLEGIO ACREANO,CENTRO,-9.97413,-67.80617,1658,-1,0
2026,281,1392,1,1171,DERACRE,SEGUNDO DISTRITO,-9.98477,-67.80626,955,-1,0
2026,282,1392,1,1180,SECRETARIA DE ESTADO DE SAÚDE - SESACRE,CENTRO,-9.9744,-67.80755,1255,-1,0
2026,283,1392,1,1236,ESCOLA DR. CARLOS VASCONCELOS,QUINZE,-9.99004,-67.81119,1504,-1,0
2026,284,1392,1,1260,ESCOLA PROF. MARILENA MANSOUR (ANTIGA IRACEMA GOMES PEREIRA),QUINZE,-9.98609,-67.81203,926,-1,0
2026,285,1392,1,1279,ESCOLA MENINO JESUS,CENTRO,-9.9748,-67.807,944,-1,0
2026,286,1392,1,1295,ESCOLA ESTADUAL PROFESSORA TEREZINHA MIGUÉIS,CIDADE NOVA,-9.9847,-67.81783,1690,-1,0
2026,287,1392,1,1317,ESCOLA PROFESSOR JOSÉ RODRIGUES LEITE (ÉTICA),CENTRO,-9.97493,-67.80797,1429,-1,0
2026,288,1392,1,1384,ESCOLA ANITA GARIBALDI,TRIÂNGULO VELHO,-9.98947,-67.80909,968,-1,0
2026,289,1392,1,1465,INSTITUTO IMACULADA CONCEICAO - CENEC,QUINZE,-9.98397,-67.81154,1102,-1,0
2026,290,1392,1,1473,INSTITUTO SAO JOSE,CENTRO,-9.97442,-67.81156,1112,-1,0
2026,291,1392,1,1490,PALACIO DAS SECRETARIAS,CENTRO,-9.97498,-67.80917,1831,-1,0
2026,292,1392,1,1554,CONSELHO REGIONAL DE ENFERMAGEM - COREN,CENTRO,-9.97124,-67.81329,968,-1,0
2026,293,1392,1,1589,SEHURB (ANTIGA SEINFRA),TRIÂNGULO,-9.98476,-67.80631,519,-1,0
2026,294,1392,1,1643,ESCOLA LOURIVAL PINHO,TRIÂNGULO VELHO,-9.98788,-67.80948,1608,-1,0
2026,295,1392,1,1694,SECRETARIA DE GOVERNO,CENTRO,-9.97088,-67.81101,828,-1,0
2026,296,1392,1,1759,ESCOLA RURAL ERCÍLIA FEITOSA GOMES,ZONA RURAL,-10.01425,-67.67311,510,-1,0
2026,297,1392,1,1783,ESCOLA RURAL CAPITÃO EDGARD CERQUEIRA FILHO,ZONA RURAL,-10.00874,-67.5011,703,-1,0
2026,298,1392,1,1848,ESCOLA MUNICIPAL DEPUTADO RAIMUNDO MELO,ZONA RURAL,-10.01495,-67.71747,1160,-1,0
2026,299,1392,1,1856,ESCOLA JOAO MARIANO,TAQUARI,-10.00554,-67.82195,1840,-1,0
2026,300,1392,1,1872,ESCOLA ROBERTO SANCHES MUBARAC,SEIS DE AGOSTO,-9.97768,-67.80231,1914,-1,0
2026,301,1392,1,1929,ESCOLA GEORGETE ELUAN KALUME,CADEIA VELHA,-9.97226,-67.79475,1564,-1,0
2026,302,1392,1,1961,SUPERINTENDÊNCIA DO MINISTÉRIO DO TRABALHO,CENTRO,-9.97374,-67.8075,822,-1,0
2026,303,1392,1,1988,ISE - INSTITUTO SÓCIO EDUCATIVO DO ACRE (ANTIGO IMAC),CENTRO,-9.97191,-67.80873,933,-1,0
2026,304,1392,1,1996,ESCOLA ZULEIDE PEREIRA DE SOUZA,VILA ACRE,-10.02398,-67.79859,1666,-1,0
2026,305,1392,1,2054,SENAI,CADEIA VELHA,-9.97211,-67.79426,1873,-1,0
2026,306,1392,1,2089,ESCOLA MADRE HILDEBRANDA DO PRA,CIDADE NOVA,-9.98096,-67.81438,1207,-1,0
2026,307,1392,1,2100,MUSEU DOS POVOS ACREANOS,CENTRO,-9.97591,-67.80709,392,-1,0
2026,308,1392,1,2313,ESCOLA LEONCIO DE CARVALHO,VILA ACRE,-10.0474,-67.79133,2334,-1,0
2026,309,1392,1,2402,ESCOLA ANA TURAM MACHADO FALCAO,CIDADE NOVA,-9.98225,-67.81615,998,-1,0
2026,310,1392,1,2461,TRIBUNAL REGIONAL DO TRABALHO - TRT,CENTRO,-9.97574,-67.80975,529,-1,0
2026,311,1392,1,2470,ESCOLA ANTONIA FERNANDES DE FREITAS,SANTA INÊS,-10.00739,-67.79435,1601,-1,0
2026,312,1392,1,2488,BIBLIOTECA PÚBLICA ESTADUAL,CENTRO,-9.97361,-67.80997,441,-1,0
2026,313,1392,1,2500,INSS - AGÊNCIA CENTRO,CENTRO,-9.97141,-67.81108,312,-1,0
2026,314,1392,1,2534,ESCOLA OSCAR FELICIO DE SOUZA,ZONA RURAL,-10.01648,-67.69926,703,-1,0
2026,315,1392,1,2542,ESCOLA PAULO FREIRE,BELO JARDIM II,-10.0107,-67.77689,1951,-1,0
2026,316,1392,1,2550,ESCOLA PROF. SEBASTIÃO PEDROSA (ARENA DA FLORESTA),COMARA,-9.99781,-67.80567,1345,-1,0
2026,317,1392,1,2569,ESCOLA MARIA ANGÉLICA DE CASTRO,CENTRO,-9.97957,-67.80698,1526,-1,0
2026,318,1392,1,2577,ESCOLA JOSE CHALUB LEITE,AREAL,-10.00277,-67.80088,1063,-1,0
2026,319,1392,1,2585,DEPARTAMENTO NACIONAL DE INFRAESTRUTURA E TRANSPORTE - DNIT,BAIRRO DA CORRENTE,-10.01199,-67.79552,823,-1,0
2026,320,1392,1,2615,SECRETARIA DE ESTADO DE COMUNICAÇÃO - SECOM,CENTRO,-9.97386,-67.81075,202,-1,0
2026,321,1392,1,2666,ESCOLA SANTO ANTONIO II,ZONA RURAL,-9.96732,-67.73115,984,-1,0
2026,322,1392,1,2674,ESCOLA BENFICA,VILA ACRE,-10.0469,-67.79107,1102,-1,0
2026,323,1392,1,2690,SEST/SENAT,VILA ACRE,-10.02775,-67.79918,1615,-1,0
2026,324,1392,1,2712,ESCOLA PROFESSOR JOSUÉ FERNANDES,RECANTO DOS BURITIS,-10.00284,-67.79315,1397,-1,0
2026,325,1392,1,2720,ESCOLA DUQUE DE CAXIAS,BELO JARDIM II,-10.01185,-67.77448,1285,-1,0
2026,326,1392,1,2763,ESCOLA DR. JOSÉ CARVALHO,VILA ACRE,-10.06272,-67.78024,851,-1,0
2026,327,1392,1,2771,ESCOLA RURAL SÃO PEDRO I,ZONA RURAL,-10.08876,-67.82045,698,-1,0
2026,328,1392,1,2780,ESCOLA MAURICILA SANTANA,VILA BENFICA,-10.06904,-67.80017,932,-1,0
2026,329,1392,1,2798,ESCOLA BELO JARDIM,BELO JARDIM I,-10.00898,-67.77556,871,-1,0
2026,330,1392,1,2801,ESCOLA SANTA MARIA II,SANTA MARIA,-10.04868,-67.77133,1030,-1,0
2026,331,1392,1,2810,IDAF - VILA ACRE,VILA ACRE,-10.02286,-67.79895,1115,-1,0
2026,332,1392,1,2828,ACREPREVIDÊNCIA,CERÂMICA,-9.97275,-67.80256,744,-1,0
2026,333,1392,1,2836,IFAC - REITORIA,COMARA,-10.00572,-67.80552,562,-1,0
2026,334,1392,1,2844,ESCOLA RURAL BEIJA-FLOR,BELO JARDIM II,-10.00169,-67.77166,661,-1,0
2026,335,1392,1,2852,ESCOLA RURAL RUY AZEVEDO,ZONA RURAL,-10.0401,-67.83296,509,-1,0
2026,336,1392,1,2860,ESCOLA DJANIRA BEZERRA DOS REIS,TAQUARI,-10.00885,-67.83019,422,-1,0
2026,337,1392,1,2895,ESCOLA PROF RAIMUNDA SILVA PARÁ,CIDADE DO POVO,-10.02532,-67.75327,1870,-1,0
2026,338,1392,1,2909,CONTROLADORIA GERAL DA UNIÃO - CGU,TRIÂNGULO NOVO,-10.00429,-67.80744,354,-1,0
2026,339,1392,1,2917,ESCOLA MARIA IZALIZ CORREIA TEIXEIRA,SANTA INÊS,-10.00021,-67.79505,391,-1,0
2026,340,1392,1,2933,ESCOLA MUNICIPAL CHICO MENDES,SANTA INÊS,-10.01078,-67.79806,732,-1,0
2026,341,1392,1,2950,UNIDADE DE SAÚDE MARIA DE JESUS DE ANDRADE,TAQUARI,-10.00812,-67.82573,499,-1,0
2026,342,1392,1,2968,ESCOLA CARMELITA BARBOSA MONTENEGRO,VILA ACRE,-10.03615,-67.80011,696,-1,0
2026,343,1392,1,2976,URAP  EDUARDO ASSMAR,QUINZE,-9.98589,-67.81146,125,-1,0
2026,344,1392,1,2984,ESCOLA DE EDUCAÇÃO INFANTIL WILLY VIANA DAS NEVES,CIDADE NOVA,-9.98191,-67.81731,624,-1,0
2026,345,1392,1,3026,UNIDADE BÁSICA DE SAÚDE MARIA DA CONCEIÇÃO,BELO JARDIM I,-10.00816,-67.78417,614,-1,0
2026,346,1392,1,3034,"MINISTÉRIO DA AGRICULTURA, PECUÁRIA E ABASTECIMENTO - MAPA",CORRENTE,-10.01935,-67.79757,784,-1,0
2026,347,1392,1,3050,COLEGIO BATISTA BETEL,CANAÃ,-9.99336,-67.79521,460,-1,0
2026,348,1392,1,3093,ESCOLA MANOEL MACHADO,BELO JARDIM I,-9.9814,-67.7913,780,-1,0
2026,349,1392,1,3115,ESCOLA TUFIC ASSMAR,SANTA MARIA,-10.06318,-67.74409,366,-1,0
2026,350,1392,1,3174,ESCOLA CLARISSE FECURY,SANTA INÊS,-10.00913,-67.79877,1209,-1,0
2026,351,1392,1,3247,ESCOLA MUNICIPAL MONTE CASTELO,APOLÔNIO SALES,-9.92581,-67.81235,1354,-1,0
2026,352,1392,1,3255,ESCOLA CASTELO BRANCO,AVIÁRIO,-9.96755,-67.80334,1313,-1,0
2026,353,1392,1,3263,URAP RONEY MEIRELES,VILA IVONETE,-9.93364,-67.82601,681,-1,0
2026,354,1392,1,3280,INCRA - INSTITUTO NACIONAL DE COLONIZAÇÃO E REFORMA AGRÁRIA,AVIÁRIO,-9.96586,-67.80242,1533,-1,0
2026,355,1392,1,3298,ESCOLA NEUTEL MAIA,BOSQUE,-9.96669,-67.81754,1695,-1,0
2026,356,1392,1,3301,ESCOLA ESTADUAL PROFESSOR RAIMUNDO BORGES,CHICO MENDES,-9.94115,-67.80441,1013,-1,0
2026,357,1392,1,3310,ESCOLA SAMUEL BARREIRA,BOSQUE,-9.95934,-67.80651,1551,-1,0
2026,358,1392,1,3328,ESCOLA ESTADUAL RAIMUNDO HERMINIO DE MELO,RAIMUNDO MELO,-9.94264,-67.82103,1695,-1,0
2026,359,1392,1,3336,ESCOLA PIMENTEL GOMES,SÃO FRANCISCO,-9.94883,-67.79491,1679,-1,0
2026,360,1392,1,3344,ESCOLA PROFESSORA CLÍCIA GADELHA,SÃO FRANCISCO,-9.94813,-67.79498,1687,-1,0
2026,361,1392,1,3352,ESCOLA JORGE FELIX LAVOCAT,TROPICAL,-9.95871,-67.79447,1283,-1,0
2026,362,1392,1,3360,ESCOLA  MOZART DONIZETE,VILA IVONETE,-9.95048,-67.82435,1628,-1,0
2026,363,1392,1,3379,ESCOLA BERTA VIEIRA DE ANDRADE,SÃO FRANCISCO,-9.95236,-67.79659,2004,-1,0
2026,364,1392,1,3387,IDAF - AVIÁRIO,AVIÁRIO,-9.96646,-67.80318,593,-1,0
2026,365,1392,1,3425,ESCOLA LINDAURA MARTINS LEITÃO,ELDORADO,-9.93828,-67.80213,1705,-1,0
2026,366,1392,1,3433,ESCOLA ESTADUAL IZA MELLO,SÃO FRANCISCO,-9.95233,-67.79752,1017,-1,0
2026,367,1392,1,3441,ESCOLA MARIANA DA SILVA OLIVEIRA (ANTIGA NAZARÉ DOURADO),PLACAS,-9.93269,-67.82101,957,-1,0
2026,368,1392,1,3450,CENTRO DE SAÚDE VILA IVONETE,VILA IVONETE,-9.95015,-67.82434,344,-1,0
2026,369,1392,1,3468,ESCOLA GLÓRIA PEREZ,XAVIER MAIA,-9.93903,-67.81365,2727,-1,0
2026,370,1392,1,3476,SECRETARIA DE ESTADO DE ADMINISTRAÇÃO-SEAD (ANTIGA SEPLAG),AVIÁRIO,-9.9667,-67.80357,1167,-1,0
2026,371,1392,1,3492,ESCOLA HUMBERTO SOARES,JOSÉ AUGUSTO,-9.9657,-67.8083,1877,-1,0
2026,372,1392,1,3506,ESCOLA THEODOLINA FALCAO MACEDO,PLACAS,-9.94493,-67.81237,1720,-1,0
2026,373,1392,1,3514,FEDERAÇÃO DO COMÉRCIO - FECOMÉRCIO/AC,VILA IVONETE,-9.9567,-67.8176,182,-1,0
2026,374,1392,1,3522,SENAC,BOSQUE,-9.95649,-67.81534,1103,-1,0
2026,375,1392,1,3549,ESCOLA MARIA LÚCIA MOURA MARIN,MORADA DO SOL,-9.96324,-67.79484,1323,-1,0
2026,376,1392,1,3557,ESCOLA AGNALDO MORENO (ANTIGA MARILENA MANSOUR),ZONA RURAL,-9.88453,-67.68011,596,-1,0
2026,377,1392,1,3565,CIEC (ANTIGO CEJA) - SÃO FRANCISCO,SÃO FRANCISCO,-9.95147,-67.79513,913,-1,0
2026,378,1392,1,3573,ESCOLA MUNICIPAL LUIZA CARNEIRO DANTAS,SÃO FRANCISCO,-9.95384,-67.79805,1252,-1,0
2026,379,1392,1,3581,INSTITUTO DE EDUCACAO LOURENCO FILHO,VILA IVONETE,-9.95315,-67.81917,1914,-1,0
2026,380,1392,1,3590,ESCOLA VOVO MOCINHA,PLACAS,-9.93938,-67.81486,1361,-1,0
2026,381,1392,1,3638,ESCOLA DOM GIOCONDO MARIA GROTTI,BOSQUE,-9.95977,-67.80882,1297,-1,0
2026,382,1392,1,3646,COHAB-ACRE,BOSQUE,-9.96073,-67.81084,966,-1,0
2026,383,1392,1,3662,ESCOLA LUIZ DE CARVALHO FONTENELLE,BOSQUE,-9.96044,-67.8187,1365,-1,0
2026,384,1392,1,3697,PROCURADORIA GERAL DO ESTADO DO ACRE - PGE/AC,BOSQUE,-9.95322,-67.81899,667,-1,0
2026,385,1392,1,3700,ESCOLA DR. MARIO DE OLIVEIRA,CERÂMICA,-9.97122,-67.80404,1489,-1,0
2026,386,1392,1,3719,UNIDADE DE SAÚDE DA FAMÍLIA - VITÓRIA,CHICO MENDES,-9.94523,-67.80057,334,-1,0
2026,387,1392,1,3735,COLÉGIO LATO SENSU,TROPICAL,-9.96038,-67.79539,1368,-1,0
2026,388,1392,1,3743,ESCOLA PADRE CARLOS CASAVECCHIA,XAVIER MAIA,-9.9325,-67.82008,2000,-1,0
2026,389,1392,1,3751,INSTITUTO FEDERAL DO ACRE - IFAC,XAVIER MAIA,-9.93154,-67.81789,2667,-1,0
2026,390,1392,1,3778,ESCOLA FREI ANDRÉ MARIA FICARELLI,CIDADE DO POVO,-10.02687,-67.75451,1191,-1,0
2026,391,1392,1,3786,ESCOLA PROFESSORA CRISTINA MAIA,CIDADE DO POVO,-10.03006,-67.7632,524,-1,0
2026,392,1392,1,3794,CRECHE MARIA ESTELA MARQUES,ELDORADO,-9.93594,-67.79644,285,-1,0
2026,393,1392,1,3816,ESCOLA MUNICIPAL BOA UNIÃO,SANTA MARIA,-10.05189,-67.76104,307,-1,0
2026,394,1392,1,3824,UNIDADE BÁSICA DE SAÚDE DA FAMÍLIA BENFICA,BENFICA,-10.05393,-67.77739,121,-1,0
2026,395,1392,1,3840,COLÉGIO MILITAR DOM PEDRO II,RESIDENCIAL SANTO AFONSO,-10.01835,-67.78068,1419,-1,0
2026,396,1392,1,3859,INSTITUTO ÁGUIAS DO SABER,SÃO FRANCISCO,-9.96144,-67.80195,1078,-1,0
2026,397,1392,1,3875,MINISTÉRIO PÚBLICO DO TRABALHO - MPT,DOM GIOCONDO,-9.97232,-67.81328,457,-1,0
2026,398,1392,1,3948,SERVIÇO SOCIAL DO COMÉRCIO (SESC BOSQUE),BOSQUE,-9.9561,-67.81863,133,-1,0
2026,399,1392,1,3956,SECRETARIA MUNICIPAL DE INFRAESTRUTURA E MOBILIDADE URBANA - SEINFRA,CENTRO,-9.97216,-67.80949,531,-1,0
2026,400,1392,9,1015,ESCOLA PÚBLICA HELOÍSA MOURÃO MARQUES,AEROPORTO VELHO,-9.9781,-67.82469,1685,-1,0
2026,401,1392,9,1023,IEPTEC - ANTIGO INSTITUTO FEDERAL DO ACRE - IFAC -  BAIXADA,AEROPORTO VELHO,-9.98481,-67.82255,1632,-1,0
2026,402,1392,9,1031,ESCOLA FRANCISCO SALGADO FILHO,FLORESTA,-9.9713,-67.83194,1544,-1,0
2026,403,1392,9,1040,ESCOLA MUNICIPAL ANGELINA GONÇALVES DE SOUZA,FLORESTA,-9.97506,-67.84364,1309,-1,0
2026,404,1392,9,1058,ESCOLA LOURIVAL SOMBRA,ESTAÇÃO EXPERIMENTAL,-9.96404,-67.83795,1672,-1,0
2026,405,1392,9,1066,ESCOLA LUIZA BATISTA DE SOUZA,FLORESTA,-9.97063,-67.83609,1690,-1,0
2026,406,1392,9,1074,ESCOLA NATALINO DA SILVEIRA BRITO,ESTAÇÃO EXPERIMENTAL,-9.964,-67.83348,1348,-1,0
2026,407,1392,9,1082,ESCOLA PADRE DIOGO FEIJÓ,ABRAÃO ALAB,-9.97191,-67.82693,1333,-1,0
2026,408,1392,9,1090,ESCOLA SERAFIM DA SILVA SALGADO,AEROPORTO VELHO,-9.98327,-67.82432,1322,-1,0
2026,409,1392,9,1104,ESCOLA TANCREDO NEVES,GLÓRIA,-9.99021,-67.82683,2233,-1,0
2026,410,1392,9,1112,SECRETARIA DE EDUCAÇÃO E CULTURA,AEROPORTO VELHO,-9.9789,-67.82458,1213,-1,0
2026,411,1392,9,1139,ESCOLA PÚBLICA ADALBERTO SENA,DISTRITO INDUSTRIAL,-9.95503,-67.85784,2008,-1,0
2026,412,1392,9,1147,ESCOLA PÚBLICA ALCIMAR LEITÃO,DISTRITO INDUSTRIAL,-9.9457,-67.88144,1690,-1,0
2026,413,1392,9,1155,SEAGRI/CAGEACRE,ESTAÇÃO EXPERIMENTAL,-9.96626,-67.83096,1501,-1,0
2026,414,1392,9,1163,ESCOLA PÚBLICA ÁUREA PIRES,AEROPORTO VELHO,-9.98923,-67.82157,1286,-1,0
2026,415,1392,9,1180,INSTITUTO FEDERAL DO ACRE (IFAC) - TRANSACREANA,ZONA RURAL,-10.00994,-67.98974,1140,-1,0
2026,416,1392,9,1198,UFAC - UNIVERSIDADE FEDERAL DO ACRE,DISTRITO INDUSTRIAL,-9.95625,-67.86345,2900,-1,0
2026,417,1392,9,1201,ESCOLA HENRIQUE LIMA,CALAFATE,-9.97667,-67.88579,1992,-1,0
2026,418,1392,9,1210,ESCOLA SHEILA MARIA NASSERALA,ESTAÇÃO EXPERIMENTAL,-9.96339,-67.84014,666,-1,0
2026,419,1392,9,1236,ESCOLA JOÃO PAULO I,JOÃO EDUARDO,-9.98122,-67.83282,1695,-1,0
2026,420,1392,9,1244,ESCOLA CLÍNIO BRANDÃO,FLORESTA,-9.98946,-67.84811,1367,-1,0
2026,421,1392,9,1252,ESCOLA JOÃO PAULO II,SOBRAL,-10.00139,-67.83363,2023,-1,0
2026,422,1392,9,1260,ESCOLA JOSÉ SALES DE ARAÚJO,DISTRITO INDUSTRIAL,-9.94635,-67.88191,1529,-1,0
2026,423,1392,9,1295,ESCOLA MARIA RAIMUNDA BALBINO DA SILVA,PALHEIRAL,-9.984,-67.82714,1014,-1,0
2026,424,1392,9,1309,ESCOLA RURAL PROF. CLAUDIO AUGUSTO F. DE SALES,ZONA RURAL,-9.96007,-68.1859,665,-1,0
2026,425,1392,9,1317,ESCOLA MUN PROF TEREZINHA MIGUÉIS (PROJ. FIGUEIRA - INCRA),ZONA RURAL,-9.93532,-68.3039,869,-1,0
2026,426,1392,9,1325,SMZC - SECRETARIA MUNICIPAL E ZELADORIA DA CIDADE,AEROPORTO VELHO,-9.98276,-67.82472,538,-1,0
2026,427,1392,9,1333,ESCOLA PÚBLICA RAIMUNDO GOMES DE OLIVEIRA,DISTRITO INDUSTRIAL,-9.94893,-67.85932,2350,-1,0
2026,428,1392,9,1368,ESCOLA INFANTIL MONTEIRO LOBATO,BELA VISTA,-9.97518,-67.82846,1469,-1,0
2026,429,1392,9,1376,FEDERAÇÃO DAS INDÚSTRIAS DO ESTADO DO ACRE - FIEAC,ESTAÇÃO EXPERIMENTAL,-9.96824,-67.83016,952,-1,0
2026,430,1392,9,1384,ESCOLA FRANCISCO AUGUSTO BACURAU,FLORESTA,-9.98014,-67.84329,1347,-1,0
2026,431,1392,9,1422,COLÉGIO ALTERNATIVO,FLORESTA,-9.97374,-67.83453,1999,-1,0
2026,432,1392,9,1430,ASSOCIAÇÃO DE PAIS E AMIGOS DOS EXCEPCIONAIS - APAE,ESPERANÇA,-9.97317,-67.83522,674,-1,0
2026,433,1392,9,1449,ESCOLA INFANTIL BEM-TE-VI,ESPERANÇA,-9.97261,-67.83498,680,-1,0
2026,434,1392,9,1457,CENTRO ESTADUAL DE ATENDIMENTO AO DEFICIENTE VISUAL,ESTAÇÃO EXPERIMENTAL,-9.96715,-67.83076,1908,-1,0
2026,435,1392,9,1490,TRIBUNAL DE CONTAS DO ESTADO DO ACRE,ABRAÃO ALAB,-9.96896,-67.82326,1281,-1,0
2026,436,1392,9,1520,COLÉGIO META III,ABRAÃO ALAB,-9.97161,-67.82609,1790,-1,0
2026,437,1392,9,1538,ESCOLA FRANCISCO DE PAULA LEITE OITICICA,BAHIA NOVA,-9.99148,-67.83207,1347,-1,0
2026,438,1392,9,1554,INSTITUTO SENAI DE TECNOLOGIA MADEIRA E MÓVEL,DISTRITO INDUSTRIAL,-9.94404,-67.87093,799,-1,0
2026,439,1392,9,1562,IBAMA,ABRAÃO ALAB,-9.96996,-67.82288,606,-1,0
2026,440,1392,9,1570,ESCOLA JOSÉ RIBAMAR BATISTA,AEROPORTO VELHO,-9.98436,-67.82284,1751,-1,0
2026,441,1392,9,1589,ESCOLA JUVENAL ANTUNES,CALAFATE,-9.97963,-67.87075,1343,-1,0
2026,442,1392,9,1597,ESCOLA  AFONSO PINTO DE MEDEIROS,PLÁCIDO DE CASTRO,-10.00197,-67.83861,1102,-1,0
2026,443,1392,9,1600,ESCOLA MARILDA GOUVEIA VIANA,JOÃO EDUARDO,-9.98248,-67.83478,1677,-1,0
2026,444,1392,9,1619,ESCOLA PROFESSORA RAMONA M P DE CASTRO,BOA VISTA,-10.00465,-67.836,1369,-1,0
2026,445,1392,9,1627,ESCOLA FREI THIAGO MARIA MATIOLI,BAHIA,-9.98813,-67.82807,1665,-1,0
2026,446,1392,9,1635,ESCOLA FLAVIANO FLÁVIO BAPTISTA,AEROPORTO VELHO,-9.99271,-67.81633,1262,-1,0
2026,447,1392,9,1643,ESCOLA IRMÃ MARIA GABRIELA SOARES,PREVENTÓRIO,-9.97324,-67.82521,644,-1,0
2026,448,1392,9,1660,ESCOLA AYRTON SENNA DA SILVA,AYRTON SENA,-10.0004,-67.82564,998,-1,0
2026,449,1392,9,1678,ESCOLA ARMANDO NOGUEIRA,DISTRITO INDUSTRIAL,-9.9597,-67.85559,1366,-1,0
2026,450,1392,9,1686,ESCOLA RURAL ALTO ALEGRE II,ZONA RURAL,-9.91115,-68.50532,337,-1,0
2026,451,1392,9,1694,ESCOLA ARACY CERQUEIRA,CONJUNTO UNIVERSITARIO,-9.90678,-67.89118,880,-1,0
2026,452,1392,9,1708,FUNDAÇÃO BRADESCO,FLORESTA,-9.97771,-67.84254,2007,-1,0
2026,453,1392,9,1716,ESCOLA DE EDUCAÇÃO INFANTIL FREI PELEGRINO,AEROPORTO VELHO,-9.99123,-67.81995,674,-1,0
2026,454,1392,9,1724,ESCOLA ALMADA BRITO,CALAFATE,-9.9765,-67.88398,1516,-1,0
2026,455,1392,9,1732,ESCOLA GOVERNADOR JOSÉ AUGUSTO,BOA UNIÃO,-9.9972,-67.83163,1330,-1,0
2026,456,1392,9,1740,ESCOLA BOA UNIÃO,BOA UNIÃO,-9.99764,-67.8319,1528,-1,0
2026,457,1392,9,1759,URAP - AUGUSTO HIDALGO DE LIMA,PALHEIRAL,-9.98349,-67.82662,605,-1,0
2026,458,1392,9,1767,ESCOLA ACREANA DE MÚSICA (ANT CENTRO CULTURAL),DISTRITO INDUSTRIAL,-9.94955,-67.85902,1688,-1,0
2026,459,1392,9,1791,ESCOLA DE ENSINO FUNDAMENTAL E MÉDIO ESTADUAL NOVA ESPERANÇA,ZONA RURAL,-10.19611,-67.90307,461,-1,0
2026,460,1392,9,1805,ESCOLA MANOEL TIAGO LINDOZO,ZONA RURAL,-10.14802,-67.96765,286,-1,0
2026,461,1392,9,1830,CRAS SOBRAL - CENTRO DE REFERENCIA DE ASSISTENCIA SOCIAL,BAHIA,-9.98357,-67.82524,763,-1,0
2026,462,1392,9,1856,CRECHE HILDA BRAGA,CALAFATE,-9.97933,-67.87106,340,-1,0
2026,463,1392,9,1864,CRECHE MUNICIPAL GUMERCINDO BESSA,CONJUNTO UNIVERSITÁRIO,-9.94798,-67.885,341,-1,0
2026,464,1392,9,1872,DETRAN (PRÉDIO INTEGRADO),CHÁCARA IPÊ,-9.96007,-67.85127,2005,-1,0
2026,465,1392,9,1899,FACULDADE UNINORTE,JARDIM EUROPA,-9.96746,-67.85076,3308,-1,0
2026,466,1392,9,1902,ESCOLA DOUTOR SANTIAGO DANTAS,ZONA RURAL,-10.03104,-67.95494,868,-1,0
2026,467,1392,9,1910,ESCOLA ESTADUAL RURAL JORGE KALUME,DISTRITO INDUSTRIAL,-9.93889,-67.91715,447,-1,0
2026,468,1392,9,1929,ESCOLA MUNICIPAL JOSE POTYGUARA,CALAFATE,-9.97976,-67.88114,855,-1,0
2026,469,1392,9,1937,ESCOLA ESTADUAL EDILSON FAÇANHA,CALAFATE,-9.98035,-67.87699,1180,-1,0
2026,470,1392,9,1953,ESCOLA ESTADUAL PROFESSORA ILKA MARIA DE LIMA,MOCINHA MAGALHAES,-9.94406,-67.85738,1008,-1,0
2026,471,1392,9,1961,ESCOLA ESTADUAL TEREZINHA KALUME,TUCUMÃ,-9.94911,-67.85392,1018,-1,0
2026,472,1392,9,2003,ESCOLA ESTADUAL MAJOR JOÃO CÂNCIO,ZONA RURAL,-9.84636,-68.42607,558,-1,0
2026,473,1392,9,2020,UNIMETA - ESTÁCIO,PRIMAVERA,-9.95211,-67.84788,1361,-1,0
2026,474,1392,9,2038,ESCOLA INFANTIL VALDIVA DE CASTRO DOS SANTOS,CONJUNTO UNIVERSITARIO,-9.94602,-67.88559,555,-1,0
2026,475,1392,9,2046,ESCOLA MARINA VICENTE GOMES,BOA UNIÃO,-9.99744,-67.83094,1392,-1,0
2026,476,1392,9,2054,ESCOLA ILSON RIBEIRO,ILSON RIBEIRO,-9.98607,-67.88543,881,-1,0
2026,477,1392,9,2062,ESCOLA SAO FRANCISCO DE ASSIS,VILA IVONETE,-9.95805,-67.82635,684,-1,0
2026,478,1392,9,2070,ASSOC. COMERCIAL - ACISA,DOM GIOCONDO,-9.97032,-67.81762,1108,-1,0
2026,479,1392,9,2089,ESCOLA MUNICIPAL INFANTIL FRANCISCA ARAGAO DA SILVA,GERALDO FLEMING,-9.95381,-67.83665,1236,-1,0
2026,480,1392,9,2097,ESCOLA JOELMA OLIVEIRA DE LIMA,TANCREDO NEVES,-9.92225,-67.83373,1653,-1,0
2026,481,1392,9,2100,ESCOLA DE ENSINO FUNDAMENTAL DO SERVIÇO SOCIAL DA INDÚSTRIA - SESI,ESTAÇÃO EXPERIMENTAL,-9.9607,-67.83881,3059,-1,0
2026,482,1392,9,2119,CENTRO CULTURAL THAUMATURGO FILHO,MANOEL JULIÃO,-9.95454,-67.83204,678,-1,0
2026,483,1392,9,2127,ESCOLA PROFESSOR PEDRO MARTINELLO,TANCREDO NEVES,-9.92141,-67.83306,1669,-1,0
2026,484,1392,9,2135,ESCOLA PROFESSORA IONE PORTELA DA COSTA CASAS,NOVA ESTAÇÃO,-9.95701,-67.831,1358,-1,0
2026,485,1392,9,2151,CRECHE MUNICIPAL JAIRO JUNIOR,TANCREDO NEVES,-9.92949,-67.83267,672,-1,0
2026,486,1392,9,2160,ESCOLA PROFESSOR ALVARO VIEIRA DA ROCHA,CONQUISTA,-9.95032,-67.83428,1356,-1,0
2026,487,1392,9,2178,ESCOLA MUNICIPAL JESSÉ SANTIAGO,JORGE FELIX LAVOCAT,-9.92783,-67.8397,645,-1,0
2026,488,1392,9,2186,ESCOLA DOUTOR JOÃO AGUIAR,MANOEL JULIÃO,-9.95592,-67.83375,2018,-1,0
2026,489,1392,9,2194,ESCOLA MÁRIO LOBÃO,ALTO ALEGRE,-9.91845,-67.82714,513,-1,0
2026,490,1392,9,2208,ESCOLA MUNICIPAL ANICE DIB JATENE,GERALDO FLEMING,-9.95344,-67.83579,1207,-1,0
2026,491,1392,9,2216,ESCOLA ESTADUAL PROFESSORA ELOZIRA DOS SANTOS TOMÉ,ALTO ALEGRE,-9.93133,-67.82618,1345,-1,0
2026,492,1392,9,2224,ESCOLA EUFROSINA SILVA OLIVEIRA,ALTO ALEGRE,-9.92642,-67.82748,1346,-1,0
2026,493,1392,9,2232,JUNTA COMERCIAL DO ESTADO DO ACRE - JUCEAC,BOSQUE,-9.96138,-67.82053,570,-1,0
2026,494,1392,9,2240,UNIDADE DE SAÚDE DA FAMÍLIA ELPÍDIO MOREIRA SOUZA,DEFESA CIVIL,-9.93824,-67.83375,665,-1,0
2026,495,1392,9,2267,HORTO FLORESTAL (SECRETARIA MUNICIPAL DE MEIO AMBIENTE - SEMEIA),VILA IVONETE,-9.94751,-67.82574,334,-1,0
2026,496,1392,9,2275,ESCOLA ESTADUAL DJALMA TELES GALDINO,JORGE FELIX LAVOCAT,-9.9293,-67.84211,1534,-1,0
2026,497,1392,9,2283,ESCOLA CHRIZARUBINA LEITÃO ABRAÃO,MANOEL JULIÃO,-9.95604,-67.83394,598,-1,0
2026,498,1392,9,2305,ESCOLA ESTADUAL MARIA CHALUB LEITE,NOVA ESTAÇÃO,-9.95993,-67.82902,1345,-1,0
2026,499,1392,9,2313,ESCOLA AME (ASSOCIAÇÃO MODERNA DE ENSINO),SANTA QUITÉRIA,-9.94828,-67.82583,1345,-1,0
2026,500,1392,9,2321,UNIDADE DE SAÚDE DA FAMÍLIA PLATILDE OLIVEIRA DA SILVA,TANCREDO NEVES,-9.92897,-67.83217,623,-1,0
2026,501,1392,9,2330,ESCOLA ISMAEL GOMES DE CARVALHO,TANCREDO NEVES,-9.93328,-67.83214,2449,-1,0
2026,502,1392,9,2356,ESCOLA MARIA ADEIZA RODRIGUES PEREIRA,PALHEIRAL,-9.9831,-67.82625,696,-1,0
2026,503,1392,9,2364,DEFENSORIA PÚBLICA DO ESTADO - DPE,SANTA QUITÉRIA,-9.94902,-67.82497,930,-1,0
2026,504,1392,9,2380,COLÉGIO MILITAR TIRADENTES,CALAFATE,-9.97705,-67.87441,1676,-1,0
2026,505,1392,9,2410,ESCOLA TÉCNICA DE SAÚDE MARIA MOREIRA DA ROCHA,PORTAL DA AMAZONIA,-9.96994,-67.85317,996,-1,0
2026,506,1392,9,2429,ESCOLA EST. DALVA DE SOUZA DAS NEVES (TRANSACREANA),ZONA RURAL,-9.93518,-68.30286,378,-1,0
2026,507,1392,9,2453,SEBRAE,ESTAÇÃO EXPERIMENTAL,-9.96842,-67.82965,702,-1,0
2026,508,1457,3,1015,EMR - ESCOLA MESSIAS RODRIGUES,BAIRRO DA PISTA,-9.07395,-68.65506,1358,50,0
2026,509,1457,3,1023,EEEFISJ - ESCOLA ESTADUAL ENSINO FUNDAMENTAL INSTITUTO SANTA JULIANA,CENTRO,-9.06863,-68.65691,1444,45,0
2026,510,1457,3,1031,EAV - ESCOLA ASSIS VASCONCELOS,BOM SUCESSO,-9.05896,-68.6648,1151,43,0
2026,511,1457,3,1040,NÚCLEO DE EDUCAÇÃO - SEE/AC,CSU,-9.07545,-68.66281,592,61,0
2026,512,1457,3,1058,SEME - SECRETARIA MUNICIPAL DE EDUCAÇÃO,CENTRO,-9.0633,-68.65671,283,45,0
2026,513,1457,3,1066,EEEMDJM - ESCOLA ESTADUAL DE ENSINO MÉDIO DOM JULIO MATTIOLI,CENTRO,-9.06854,-68.65974,2040,48,0
2026,514,1457,3,1082,EFC - ESCOLA FONTENELE DE CASTRO,CENTRO,-9.06899,-68.6557,1189,45,0
2026,515,1457,3,1090,IDAF,CENTRO,-9.06879,-68.66148,491,48,0
2026,516,1457,3,1104,ESCOLA ELIZIARIO TAVORA,CENTRO,-9.06839,-68.65633,873,45,0
2026,517,1457,3,1112,ESCOLA MUNICIPAL PROF. HERMANO COSTA FILHO,BOSQUE,-9.07995,-68.66416,2258,49,0
2026,518,1457,3,1120,EEFSM - ESCOLA DE ENSINO FUNDAMENTAL SIQUEIRA DE MENEZES,VILA MILITAR,-9.06063,-68.65737,1505,45,0
2026,519,1457,3,1139,EEA - ESCOLA EUGENIO AREAL,CIDADE NOVA,-9.05808,-68.65888,689,47,0
2026,520,1457,3,1147,SECRETARIA MUNICIPAL DE ASSISTENCIA SOCIAL ,BAIRRO DA PISTA,-9.06911,-68.65456,501,50,0
2026,521,1457,3,1155,ERHM - ESCOLA RAIMUNDO HERMNIO DE MELO,TRIANGULO,-9.07678,-68.67019,1152,63,0
2026,522,1457,3,1171,EEICV - ESCOLA DE EDUCAÇÃO INFANTIL CHAPEUZINHO VERMELHO,CENTRO,-9.06842,-68.6556,740,45,0
2026,523,1457,3,1180,EEFC - ESCOLA EUCLIDES FEITOSA CAVALCANTE,ANA VIEIRA,-9.06841,-68.67155,1148,42,0
2026,524,1457,3,1198,PROGRAMA CRIANÇA FELIZ E SECRETARIA DA MULHER ,CENTRO,-9.06766,-68.65646,420,45,0
2026,525,1457,3,1244,E.M.E.I - IRACEMA D'AVILA MODESTO,CENTRO,-9.06625,-68.65919,1036,48,0
2026,526,1457,3,1252,UFAC,CENTRO,-9.06616,-68.65969,1127,48,0
2026,527,1457,3,1279,EVBC - ESCOLA VICENTE BALBINO DA COSTA,CRISTO LIBERTADOR,-9.07672,-68.66608,590,49,0
2026,528,1457,3,1287,EEFC - ESCOLA DE ENSINO FUNDAMENTAL CAZUMBÁ,ZONA RURAL,-9.13514,-68.9648,374,-1,0
2026,529,1457,3,1295,EEEFRM - ESCOLA ESTADUAL DE ENSINO FUNDAMENTAL RAIMUNDO MAGALHÃES,NITEROI,-9.06517,-68.65278,986,59,0
2026,530,1457,3,1309,SECRETARIA MUNICIPAL DE SAÚDE (ANTIGO MARIA DE FATIMA),VITORIA,-9.07453,-68.65443,838,51,0
2026,531,1457,3,1341,ESCOLA MUNICIPAL ISAAC D'ÁVILA (NOVA OLINDA),ZONA RURAL,-10.09009,-69.21465,423,-1,0
2026,532,1457,3,1376,UNIDADE BÁSICA DE SAÚDE RECIFE,ZONA RURAL,-9.87387,-68.87607,678,-1,0
2026,533,1457,3,1384,EMEFJJM - ESCOLA MUNICIPAL DE ENSINO FUNDAMENTAL JOSÉ JOAQUIM DE MATOS,ZONA RURAL,-9.36738,-68.61676,476,-1,0
2026,534,1457,3,1392,ESCOLA WALFREDO GUEDES MONTEIRO,EUGENIO AUGUSTO AREAL,-9.08509,-68.67615,1302,53,0
2026,535,1457,3,1406,ESCOLA MUNICIPAL JOSÉ DA ROCHA NEVES (LUA NOVA),ZONA RURAL,-9.45946,-68.90087,298,-1,0
2026,536,1457,3,1422,UNIDADE BÁSICA DE SAÚDE FLORILIO PEREIRA LUSTOSA,ANA VIEIRA,-9.06856,-68.67138,312,42,0
2026,537,1457,3,1430,UNIDADE BÁSICA DE SAÚDE FLORENTINO FLORIANO,BOM SUCESSO,-9.05504,-68.66727,281,43,0
2026,538,1457,3,1449,UNIDADE BÁSICA DE SAÚDE LAURO FONTES,CIDADE NOVA,-9.05956,-68.66075,273,47,0
2026,539,1457,3,1457,SECRETARIA MUNICIPAL DE PLANEJAMENTO (ANTIGO DE SAÚDE),CENTRO,-9.06476,-68.6562,235,45,0
2026,540,1457,3,1465,TRT - VARA DE SENA MADUREIRA,CENTRO,-9.06958,-68.65471,245,50,0
2026,541,1457,3,1473,CRECHE CRIANÇA FELIZ,BOSQUE,-9.07234,-68.6608,798,46,0
2026,542,1457,3,1503,SERVIÇO DE CONVIVÊNCIA E FORTALECIMENTO DE VÍNCULOS DE 15 À 17 ANOS,VITORIA,-9.07491,-68.65486,517,50,0
2026,543,1457,3,1511,CRECHE PADRE PAOLINO MARIA BALDASSARI,BAIRRO DA PISTA,-9.07476,-68.65518,845,50,0
2026,544,1457,3,1520,SEPA - SECRETARIA DE ESTADO DE PRODUÇÃO E AGRONEGÓGIO (ANTIGO SEAPROF),CENTRO,-9.06879,-68.66127,253,48,0
2026,545,1457,3,1554,UNIDADE BÁSICA DE SAÚDE EDSON SALES,CRISTO LIBERTADOR,-9.07785,-68.66895,307,63,0
2026,546,1457,3,1562,ESCOLA MUNICIPAL MARIA NOGUEIRA,ZONA RURAL,-9.33124,-68.37158,120,-1,0
2026,547,1457,3,1570,IFAC,getúlio nunes sampaio,-9.08196,-68.6795,196,53,0
2026,548,1457,3,1589,ESCOLA MUNICIPAL DE ENSINO FUNDAMENTAL CLARISSE ASSEF,FLORENTINO MORENO,-9.05085,-68.6769,58,54,1
2026,549,1457,3,1597,ESCOLA MARIA GORETE D'AVILA - RAMAL DO CORDEIRO,ZONA RURAL,-9.19945,-68.38191,189,-1,0
2026,550,1457,3,1600,ESCOLA FRANCISCA MONTEIRO - RAMAL DOS TERÇADOS,ZONA RURAL,-9.44878,-68.553,314,-1,0
2026,551,1473,5,1015,ESCOLA DE PRIMEIRO GRAU JOAO RIBEIRO,CENTRO,-8.15936,-70.76556,2646,67,0
2026,552,1473,5,1023,CÂMARA MUNICIPAL DE TARAUACÁ,CENTRO,-8.15976,-70.76442,294,67,0
2026,553,1473,5,1031,ESCOLA ROSAURA MOURAO DA ROCHA,SENADOR POMPEU,-8.16459,-70.76501,2419,71,0
2026,554,1473,5,1074,ESCOLA JOSE AUGUSTO DE ARAUJO,CENTRO,-8.15974,-70.77105,2257,67,0
2026,555,1473,5,1082,ESCOLA DE ENSINO FUNDAMENTAL DELZUÍTE BARROSO BRAGA DE ARAÚJO,COPACABANA,-8.14988,-70.78239,1435,69,0
2026,556,1473,5,1112,CEDUP - UFAC,CENTRO,-8.15847,-70.76643,841,67,0
2026,557,1473,5,1120,SECRETARIA MUNICIPAL DE EDUCACAO E CULTURA - SEMEC,CENTRO,-8.16029,-70.76424,531,67,0
2026,558,1473,5,1147,ESCOLA DONIZETE MOTA,TRIÂNGULO,-8.15628,-70.75873,1073,72,0
2026,559,1473,5,1171,ESCOLA PLACIDO DE CASTRO,CENTRO,-8.15979,-70.76817,2181,67,0
2026,560,1473,5,1228,NÚCLEO DE EDUCAÇÃO  DE TARAUACÁ ,CENTRO,-8.15984,-70.7641,354,67,0
2026,561,1473,5,1236,ESCOLA TUPANIR GAUDENCIO DA COSTA,CENTRO,-8.15674,-70.75878,2173,72,0
2026,562,1473,5,1244,ESCOLA DE ENSINO MÉDIO DR. FRANCISCO DJALMA DA CUNHA BATISTA,COPACABANA,-8.15818,-70.77808,1287,69,0
2026,563,1473,5,1252,ESCOLA DE ENSINO FUNDAMENTAL GOVERNADOR EDMUNDO PINTO DE ALMEIDA,CORCOVADO,-8.15199,-70.73305,1223,72,1
2026,564,1473,5,1325,ESCOLA ESTADUAL MAGIA DO SABER - ZONA RURAL RIOZINHO DA LIBERDADE,ZONA RURAL GREGORIO,-7.80576,-72.00313,430,-1,0
2026,565,1473,5,1341,ESCOLA DE ENSINO FUNDAMENTAL CEL JOSE MARQUES DE ALBUQUERQUE,ZONA RURAL,-8.84486,-71.25522,591,-1,0
2026,566,1473,5,1350,ESCOLA DE ENSINO FUND. PROF. RILZA MARIA DANIEL DO NASCIMENTO,SENADOR POMPEU,-8.15098,-70.75686,2263,72,0
2026,567,1473,5,1368,ALDEIA ÀGUA VIVA,ZONA RURAL,-8.35349,-71.22299,351,-1,0
2026,568,1473,5,1376,ESCOLA ESTADUAL DE 1º GRAU IVA STTIHU,ZONA RURAL GREGORIO,-8.39066,-71.77543,270,-1,0
2026,569,1473,5,1384,ESCOLA ESTADUAL SÃO JOSÉ,ZONA RURAL,-9.01913,-71.43094,221,-1,0
2026,570,1473,5,1392,ESCOLA ESTIRÃO DO CAUCHO,ZONA RURAL,-8.24493,-70.75458,405,-1,0
2026,571,1473,5,1406,ESCOLA SÃO SEBASTIÃO,ZONA RURAL,-8.34791,-71.02906,158,-1,0
2026,572,1473,5,1422,"ESCOLA SANTA TEREZINHA, ANEXO IV, RIO ACURAUA",ZONA RURAL,-7.8461,-70.87967,117,-1,0
2026,573,1473,5,1430,ESCOLA MUNICIPAL ADELMAR DE OLIVEIRA,AVELINO LEAL,-8.1527,-70.77547,881,66,0
2026,574,1473,5,1449,ESCOLA ESTADUAL INSTITUTO SÃO JOSÉ,CENTRO,-8.15882,-70.76668,1983,67,0
2026,575,1473,5,1465,ESCOLA  MUNICIPAL ALMIRANTE BARROSO,IPEPACONHA,-8.16448,-70.78412,502,70,0
2026,576,1473,5,1473,ESCOLA DE ENSINO INFANTIL MARIA AUCILENE CALIXTO ALVES,COHAB,-8.15839,-70.77533,944,69,0
2026,577,1473,5,1481,ESCOLA MUNICIPAL VALDINA TORQUATO DO NASCIMENTO,TRIÂNGULO,-8.15072,-70.75668,447,72,0
2026,578,1473,5,1511,"ESCOLA ESTADUAL SÃO FRANCISCO I, ALDEIA MUCURIPE - MIBÃYA",ZONA RURAL,-8.44274,-71.09541,16,-1,1
2026,579,1473,5,1538,ESCOLA FRANCISCO NAPOLEÃO DE ARAÚJO,ZONA RURAL GREGORIO,-7.95136,-71.49348,1740,-1,0
2026,580,1490,2,1015,GINASIO ANTHERO SOARES BEZERRA,CENTRO,-10.65393,-68.50535,1520,75,0
2026,581,1490,2,1031,COLÉGIO DIVINA PROVIDÊNCIA,CENTRO,-10.65314,-68.50383,1846,75,0
2026,582,1490,2,1074,GRUPO ESCOLAR PLACIDO DE CASTRO,CENTRO,-10.65193,-68.50513,809,75,0
2026,583,1490,2,1082,IFAC - CAMPUS XAPURI,CENTRO,-10.66067,-68.49414,2296,76,0
2026,584,1490,2,1139,FÓRUM DE XAPURI,CENTRO,-10.65341,-68.50582,363,75,0
2026,585,1490,2,1155,NÚCLEO DA UFAC,CENTRO,-10.65462,-68.503,324,75,0
2026,586,1490,2,1171,ESCOLA ESTADUAL PADRE JÓSIMO - COMUNIDADE SÃO JOÃO DO GUARANI,ZONA RURAL,-10.39549,-68.62524,274,-1,0
2026,587,1490,2,1180,ESCOLA 5 DE DEZEMBRO - COMUNIDADE NOVA VIDA,ZONA RURAL,-10.4885,-68.68346,100,-1,0
2026,588,1490,2,1198,ESCOLA MUNICIPAL PROF. MARTA FERNANDES DE SOUZA,ZONA RURAL,-10.58364,-68.264,168,-1,0
2026,589,1490,2,1201,ESCOLA ESPERANÇA DO POVO - FAZENDINHA,ZONA RURAL,-10.83948,-68.3759,447,-1,0
2026,590,1490,2,1210,ESCOLA ESTADUAL BÁRBARA VIEIRA DE SANTANA - SGAL SÃO JOSÉ,ZONA RURAL,-10.83469,-68.24642,152,-1,0
2026,591,1490,2,1228,POSTO DE SAÚDE - ASSENTAMENTO TUPÁ,ZONA RURAL,-10.53221,-68.72737,310,-1,0
2026,592,1490,2,1236,ESCOLA MUNICIPAL ALCIMAR NUNES LEITÃO,MUTIRAO,-10.66333,-68.48955,530,79,0
2026,593,1490,2,1244,ESCOLA MUNICIPAL CAMINHO DO SABER,CONSTANTINO MELO SARKIS,-10.6503,-68.49441,490,77,0
2026,594,1490,2,1252,ESCOLA LATIFE ZAINE KALUME,CENTRO,-10.65153,-68.50551,699,75,0
2026,595,1490,2,1260,POLO DE APOIO PRESENCIAL DA UNIVERSIDADE ABERTA DO BRASIL - UAB,CENTRO,-10.65295,-68.50397,368,75,0
2026,596,1490,2,1279,ESCOLA ESTADUAL MADRE GABRIELA NARDI,SIBERIA,-10.64832,-68.50698,1312,82,0
2026,597,1490,2,1287,CENTRO EDUCACIONAL SESC XAPURI,VARIANTE,-10.6545,-68.4927,641,77,0
2026,598,1490,2,1295,ESCOLA PROFESSORA RITA MAIA,CERAMICA,-10.66382,-68.49649,129,76,0
2026,599,1490,2,1309,ESCOLA ESTADUAL BELO HORIZONTE,ZONA RURAL,-10.48105,-68.47306,8,-1,0
2026,600,1511,8,1023,CAMARA MUNICIPAL DE PLÁCIDO DE CASTRO,CAGEACRE,-10.33389,-67.18488,442,-1,0
2026,601,1511,8,1031,ESCOLA CARMELIA ALVES,CENTRO,-10.32259,-67.18687,587,-1,0
2026,602,1511,8,1040,SEAGRI (ANTIGA SEPA SEAPROF EMATER),CENTRO,-10.33399,-67.18439,209,-1,0
2026,603,1511,8,1058,ESCOLA CASINHA DO SABER,CENTRO,-10.33421,-67.18409,382,-1,0
2026,604,1511,8,1074,ESCOLA ELIAS MANSOUR SIMAO FILHO,CENTRO,-10.33415,-67.18447,761,-1,0
2026,605,1511,8,1082,ESCOLA JOSE VALMIR,CENTRO,-10.3272,-67.18402,1047,-1,0
2026,606,1511,8,1104,ESC EST SAO LUIZ GONZAGA,DISTRITO DE VILA CAMPINAS,-10.06329,-67.29482,1470,-1,0
2026,607,1511,8,1112,ESCOLA FRANKLIN ROOSEVELT,CENTRO,-10.33517,-67.18625,1381,-1,0
2026,608,1511,8,1155,ESCOLA JOAO RICARDO DE FREITAS (COLEGIO AGRICOLA),ZONA RURAL,-10.31088,-67.1977,403,-1,0
2026,609,1511,8,1546,ESCOLA JOSE FRANCISCO DA SILVA,CENTRO,-10.32941,-67.17899,1636,-1,0
2026,610,1511,8,1562,ESCOLA ESTADUAL RURAL MANUEL DE BARROS,ZONA RURAL,-10.18263,-67.25345,400,-1,0
2026,611,1511,8,1570,POSTO DE SAUDE MARIO GOMES DA SILVA,ZONA RURAL,-10.33183,-67.52157,435,-1,0
2026,612,1511,8,1589,ESCOLA ESTADUAL RURAL FLAVIA BARROS PIMENTEL,ZONA RURAL,-10.31852,-67.36645,583,-1,0
2026,613,1511,8,1597,ESCOLA MUNICIPAL CARLOS JOSE DOS SANTOS,ZONA RURAL,-10.19793,-67.16457,321,-1,0
2026,614,1511,8,1600,ESC MUN JOAO BATISTA LOPES DE LIMA,DISTRITO DE VILA CAMPINAS,-10.07249,-67.29427,587,-1,0
2026,615,1511,8,1619,SECRETARIA MUNICIPAL DE EDUCAÇÃO DE PLACIDO DE CASTRO,CENTRO,-10.32762,-67.1858,272,-1,0
2026,616,1511,8,1627,CENTRO DE FLORESTANIA,CENTRO,-10.33687,-67.18553,483,-1,0
2026,617,1511,8,1660,ESCOLA MUNICIPAL INFANTIL CENIRA DOS SANTOS,DISTRITO DE VILA CAMPINAS,-10.06867,-67.29784,365,-1,0
2026,618,1511,8,1694,ESCOLA CASTRO ALVES,ZONA RURAL - MONTE ALEGRE,-10.43156,-67.53075,135,-1,0
2026,619,1511,8,1724,SESC PLACIDO DE CASTRO,CENTRO,-10.31967,-67.19068,406,-1,0
2026,620,1538,8,1015,CAMARA MUNICIPAL,CENTRO,-10.15547,-67.73806,273,-1,0
2026,621,1538,8,1023,ESCOLA LUPICINIO ALEXANDRE NUNES,CENTRO,-10.15759,-67.7369,430,-1,0
2026,622,1538,8,1031,COLEGIO 15 DE JUNHO,TRIUNFO,-10.14584,-67.73913,1562,-1,0
2026,623,1538,8,1040,ESCOLA FENELON MANOEL,CENTRO,-10.15519,-67.73633,568,-1,0
2026,624,1538,8,1066,ESCOLA  ALBERTO ZAIRE,18 DE SETEMBRO,-10.15232,-67.73138,934,-1,0
2026,625,1538,8,1074,COLEGIO SANTO IZIDORO,CENTRO,-10.15446,-67.7356,1301,-1,0
2026,626,1538,8,1082,ESCOLA VEIGA CABRAL,CENTRO,-10.15357,-67.73905,1128,-1,0
2026,627,1538,8,1090,ESCOLA BRIGADEIRO EDUARDO GOMES,CENTRO,-10.15799,-67.73626,1315,-1,0
2026,628,1538,8,1139,ESCOLA CARLOS ALBERTO PEREIRA DO NASCIMENTO,DEMOCRACIA,-10.16632,-67.72051,614,-1,0
2026,629,1538,8,1147,ESCOLA SAO JOSE IV,ZONA RURAL,-9.97489,-67.35793,204,-1,0
2026,630,1538,8,1155,ESCOLA DIVA PEREIRA DE SOUZA,COHAB,-10.15723,-67.73094,1516,-1,0
2026,631,1538,8,1163,ESCOLA PADRE CARLOS CASAVECCHIA,ZONA RURAL,-10.08831,-67.53051,708,-1,0
2026,632,1538,8,1171,ESCOLA MANOEL DA COSTA SOBRINHO,ZONA RURAL,-9.9418,-67.29527,289,-1,0
2026,633,1538,8,1210,ESCOLA MUNICIPAL DE ENSINO  FUNDAMENTAL ORLANDO DE SOUZA VIANA,NAIRE DE PAULA LEITE 2,-10.14255,-67.73285,963,-1,0
2026,634,1538,8,1228,ESCOLA ESTADUAL RURAL BOM DESTINO,ZONA RURAL PSDA BONAL,-9.97588,-67.17716,550,-1,0
2026,635,1538,8,1236,ESCOLA ESTADUAL RAIMUNDO HERMINIO DE MELO II,ZONA RURAL PA LIMEIRA,-10.19259,-67.54751,438,-1,0
2026,636,1538,8,1244,ESCOLA ESTADUAL NOVA JERUSALEM II,ZONA RURAL RML PROGRESSO,-9.7111,-67.23019,79,-1,0
2026,637,1538,8,1252,MARIA AUXILIADORA DE QUEIROZ,ZONA RURAL,-9.91383,-67.16948,548,-1,0
2026,638,1538,8,1260,ESCOLA ESTADUAL MARIA JOSE BEZERRA DOS REIS,ZONA RURAL,-10.11375,-67.47037,214,-1,0
2026,639,1538,8,1295,AUTO POSTO CAQUETÁ,ZONA RURAL - KM 70 BOCA DO ACRE,-9.75888,-67.35648,175,-1,0
2026,640,1538,8,1309,PRE ESC MUNICIPAL NUBIA MARIA FERNANDES,SAO FRANCISCO,-10.14871,-67.73122,456,-1,0
2026,641,1538,8,1317,ESCOLA ESTADUAL SAO FRANCISCO DE ASSIS II,ZONA RURAL - KM 52 BOCA DO ACRE,-9.88965,-67.44072,475,-1,0
2026,642,1538,8,1333,ESCOLA MUNICIPAL MANOEL GONZAGA BEZERRA SOBRINHO,TRIUNFO,-10.00568,-67.80295,467,-1,0
2026,643,1538,8,1368,ESCOLA PUBLICA MUNICIPAL LUIZ QUEROZ NOGUEIRA,ZONA RURAL RML PROGRESSO,-9.66977,-67.17143,195,-1,0
2026,644,1538,8,1376,CREAS - CENTRO DE REFERÊNCIA ESPECIALIZADO DE ASSISTÊNCIA SOCIAL,CENTRO,-10.14939,-67.73348,211,-1,0
2026,645,1538,8,1392,ESCOLA MONTEIRO LOBATO,TRIUNFO,-10.1476,-67.73755,385,-1,0
2026,646,1538,8,1406,ESCOLA MODELO,JARDIM BOTANICO,-10.15652,-67.73285,361,-1,0
2026,647,1538,8,1430,SESC - UNIDADE DE SENADOR GUIOMARD,CENTRO,-10.15461,-67.74129,642,-1,0
2026,648,1538,8,1449,ESCOLA BELA UNIAO,ZONA RURAL,-10.05272,-67.51564,132,-1,0
2026,649,1538,8,1457,ESCOLA ESTADUAL ELZIRA ANGÉLICA DO NASCIMENTO,ZONA RURAL - PIRÃ DE RÃ,-10.13146,-67.67624,175,-1,0
2026,650,1538,8,1481,ESCOLA ALDACI SIMOES DA COSTA,FAZENDINHA,-10.14504,-67.74224,1362,-1,0
2026,651,1554,3,1228,ESCOLA DOM PRÓSPERO BERNARD,CENTRO,-8.84038,-69.26118,1886,-1,0
2026,652,1554,3,1244,ESCOLA NAZIRA ANUTE DE LIMA,SAO JOSE,-8.83853,-69.26281,2237,-1,0
2026,653,1554,3,1252,ESCOLA ANTONIA MENDES,SAO FRANCISCO,-8.83361,-69.2593,1162,-1,0
2026,654,1554,3,1260,ESCOLA MARIA DAS GRAÇAS ALVES DA ROCHA,SAO FRANCISCO,-8.83264,-69.26661,1156,-1,0
2026,655,1554,3,1279,CRECHE YÊDA,CENTRO,-8.83976,-69.26034,781,-1,0
2026,656,1554,3,1287,POSTO DE SAÚDE (ALDEIA BUAÇÚ),ZONA RURAL,-9.11304,-69.78079,466,-1,0
2026,657,1554,3,1295,ESCOLA MUNICIPAL LUIZ PLÁCIDO FERNANDES - (ITAÚBA),ZONA RURAL,-8.75966,-69.0887,106,-1,0
2026,658,1554,3,1309,ESCOLA MENINO JESUS,ANIBAL SARAIVA,-8.83992,-69.2635,827,-1,0
2026,659,1570,6,1015,ESCOLA SIMON BOLIVAR,CENTRO,-10.94245,-69.56786,1018,2,0
2026,660,1570,6,1023,ESCOLA EDILSA MARIA BATISTA,CASCATA,-10.94069,-69.56312,933,1,0
2026,661,1570,6,1031,ESCOLA IRIS CELIA CABANELLAS ZANNINI,CENTRO,-10.9398,-69.56619,1666,2,0
2026,662,1570,6,1228,ESCOLA MARIA FERREIRA DA SILVA,BELA VISTA,-10.93874,-69.55636,746,0,0
2026,663,1570,6,1236,ESCOLA 07 DE NOVEMBRO - SERINGAL ICURIÃ KM 76,ZONA RURAL,-10.44348,-69.69624,254,-1,0
2026,664,1570,6,1244,ESCOLA BAIXA VERDE -  (DIVISÃO) 40 KM DE RAMAL,ZONA RURAL,-10.66838,-69.59831,378,-1,0
2026,665,1570,6,1279,CÂMARA MUNICIPAL,CENTRO,-10.93988,-69.56732,343,2,0
2026,666,1570,6,1309,ESCOLA KAJPAHA - ALDEIA JATOBÁ,ZONA RURAL,-10.53928,-69.86124,408,-1,0
2026,667,1570,6,1317,ESCOLA INDÍGENA 7 ESTRELAS - ALDEIA EXTREMA,ZONA RURAL,-10.65301,-70.13351,188,-1,0
2026,668,1570,6,1325,ESCOLA HIMATKALTSHI - ALDEIA NOVA UNIÃO,ZONA RURAL,-10.92573,-69.92262,147,-1,0
2026,669,1570,6,1333,"ESCOLA CARIOLANDO DE SOUZA GOMES, SGL SÃO FRANCISCO, COL. DERRETIDO",ZONA RURAL,-10.93877,-69.76352,90,-1,0
2026,670,1570,6,1341,UNIDADE BÁSICA DE SAÚDE TEREZINHA BATISTA DOS SANTOS,CASCATA,-10.94053,-69.56121,266,1,0
2026,671,1570,6,1350,ESCOLA VICENTE BESSA,ZONA RURAL,-10.92737,-69.55377,853,3,1
