cid,lid,votos
c0001,10,2
c0001,35,1
c0001,36,1
c0001,37,3
c0001,45,2
c0001,46,3
c0001,48,3
c0001,49,4
c0001,50,4
c0001,51,4
c0001,52,4
c0001,53,6
c0001,54,6
c0001,55,2
c0001,56,3
c0001,57,1
c0001,58,2
c0001,59,8
c0001,60,2
c0001,62,1
c0001,66,1
c0001,67,4
c0001,68,2
c0001,69,1
c0001,70,7
c0001,71,2
c0001,72,3
c0001,74,2
c0001,76,16
c0001,77,2
c0001,80,1
c0001,82,2
c0001,83,3
c0001,84,11
c0001,85,2
c0001,86,4
c0001,87,1
c0001,88,1
c0001,89,1
c0001,90,2
c0001,94,2
c0001,96,1
c0001,103,2
c0001,104,8
c0001,108,1
c0001,109,2
c0001,111,6
c0001,113,2
c0001,120,4
c0001,122,6
c0001,123,2
c0001,124,6
c0001,125,1
c0001,126,7
c0001,128,2
c0001,142,3
c0001,144,3
c0001,147,3
c0001,148,9
c0001,149,2
c0001,150,4
c0001,151,2
c0001,153,6
c0001,154,4
c0001,155,3
c0001,156,8
c0001,158,3
c0001,159,1
c0001,162,1
c0001,164,6
c0001,167,7
c0001,168,2
c0001,169,5
c0001,171,3
c0001,172,4
c0001,179,4
c0001,180,7
c0001,181,1
c0001,183,5
c0001,185,1
c0001,186,1
c0001,189,1
c0001,190,3
c0001,191,5
c0001,193,4
c0001,194,7
c0001,204,1
c0001,205,2
c0001,216,1
c0001,228,1
c0001,230,1
c0001,233,4
c0001,235,4
c0001,236,2
c0001,251,1
c0001,255,1
c0001,257,2
c0001,266,1
c0001,268,2
c0001,269,1
c0001,272,2
c0001,273,1
c0001,277,2
c0001,278,1
c0001,283,2
c0001,289,1
c0001,290,1
c0001,292,1
c0001,295,1
c0001,297,2
c0001,300,2
c0001,301,3
c0001,306,2
c0001,311,1
c0001,314,6
c0001,316,2
c0001,323,1
c0001,325,2
c0002,10,2
c0002,11,1
c0002,15,2
c0002,16,1
c0002,19,1
c0002,20,2
c0002,21,18
c0002,22,1
c0002,28,1
c0002,29,1
c0002,34,6
c0002,35,1
c0002,36,1
c0002,37,3
c0002,39,1
c0002,40,1
c0002,43,3
c0002,45,1
c0002,46,13
c0002,48,7
c0002,49,5
c0002,50,9
c0002,51,5
c0002,52,2
c0002,53,9
c0002,54,2
c0002,55,4
c0002,56,7
c0002,57,13
c0002,58,3
c0002,59,9
c0002,60,19
c0002,61,3
c0002,63,6
c0002,66,3
c0002,67,5
c0002,68,10
c0002,69,13
c0002,70,5
c0002,71,9
c0002,72,7
c0002,73,6
c0002,74,12
c0002,75,11
c0002,76,13
c0002,77,4
c0002,78,9
c0002,79,1
c0002,80,1
c0002,81,4
c0002,82,9
c0002,83,7
c0002,84,10
c0002,85,15
c0002,86,12
c0002,87,5
c0002,89,3
c0002,90,2
c0002,94,3
c0002,95,1
c0002,96,3
c0002,98,4
c0002,99,3
c0002,100,3
c0002,101,2
c0002,102,4
c0002,103,8
c0002,104,3
c0002,106,1
c0002,107,2
c0002,108,9
c0002,109,2
c0002,111,6
c0002,113,5
c0002,114,4
c0002,115,1
c0002,118,1
c0002,119,4
c0002,120,21
c0002,121,7
c0002,122,1
c0002,123,20
c0002,124,3
c0002,125,6
c0002,126,19
c0002,127,18
c0002,128,10
c0002,129,2
c0002,132,11
c0002,135,3
c0002,139,6
c0002,140,7
c0002,142,10
c0002,143,6
c0002,144,5
c0002,146,2
c0002,147,5
c0002,148,8
c0002,149,1
c0002,150,10
c0002,151,5
c0002,152,2
c0002,153,2
c0002,154,2
c0002,155,4
c0002,156,10
c0002,157,1
c0002,158,5
c0002,159,6
c0002,161,11
c0002,163,24
c0002,164,8
c0002,167,7
c0002,168,8
c0002,169,14
c0002,170,9
c0002,171,2
c0002,172,10
c0002,176,9
c0002,178,1
c0002,179,3
c0002,180,7
c0002,181,3
c0002,182,1
c0002,183,14
c0002,184,1
c0002,186,4
c0002,190,5
c0002,191,3
c0002,192,6
c0002,193,14
c0002,194,7
c0002,228,5
c0002,233,7
c0002,234,2
c0002,235,3
c0002,244,4
c0002,249,1
c0002,251,3
c0002,252,1
c0002,255,2
c0002,257,1
c0002,266,1
c0002,267,1
c0002,268,5
c0002,269,2
c0002,272,1
c0002,275,2
c0002,278,1
c0002,282,1
c0002,283,1
c0002,288,1
c0002,289,3
c0002,291,4
c0002,292,8
c0002,293,2
c0002,296,5
c0002,297,4
c0002,299,2
c0002,300,1
c0002,301,2
c0002,302,14
c0002,304,7
c0002,305,6
c0002,307,2
c0002,308,8
c0002,310,1
c0002,311,3
c0002,312,4
c0002,313,3
c0002,314,2
c0002,321,1
c0002,325,3
c0002,332,1
c0002,335,1
c0002,340,7
c0003,31,1
c0003,38,1
c0003,57,1
c0003,79,1
c0003,99,1
c0003,111,1
c0003,147,1
c0003,155,1
c0003,158,2
c0003,168,2
c0003,298,1
c0003,306,1
c0003,328,9
c0003,331,1
c0003,333,2
c0003,335,2
c0003,339,1
c0003,343,9
c0003,345,4
c0004,1,2
c0004,2,1
c0004,7,1
c0004,9,6
c0004,10,6
c0004,11,3
c0004,14,1
c0004,16,15
c0004,19,6
c0004,20,9
c0004,22,1
c0004,23,1
c0004,24,4
c0004,25,7
c0004,26,6
c0004,27,1
c0004,28,21
c0004,29,10
c0004,30,1
c0004,31,46
c0004,32,7
c0004,33,1
c0004,34,11
c0004,35,5
c0004,36,3
c0004,42,1
c0004,45,2
c0004,46,6
c0004,48,6
c0004,49,4
c0004,50,8
c0004,51,10
c0004,52,14
c0004,53,7
c0004,54,11
c0004,55,3
c0004,56,5
c0004,57,10
c0004,58,4
c0004,59,16
c0004,60,7
c0004,61,4
c0004,62,21
c0004,63,5
c0004,65,2
c0004,66,4
c0004,67,4
c0004,68,13
c0004,69,10
c0004,70,11
c0004,71,6
c0004,72,14
c0004,73,13
c0004,74,18
c0004,75,14
c0004,76,29
c0004,77,11
c0004,78,5
c0004,79,5
c0004,80,2
c0004,81,1
c0004,82,5
c0004,83,7
c0004,84,12
c0004,85,18
c0004,86,20
c0004,87,10
c0004,88,11
c0004,89,8
c0004,90,5
c0004,94,5
c0004,95,11
c0004,98,3
c0004,99,2
c0004,100,6
c0004,101,3
c0004,102,1
c0004,103,4
c0004,104,4
c0004,106,1
c0004,107,6
c0004,108,15
c0004,109,10
c0004,111,9
c0004,112,1
c0004,113,12
c0004,114,4
c0004,115,34
c0004,116,4
c0004,118,3
c0004,119,10
c0004,120,11
c0004,121,8
c0004,122,5
c0004,123,5
c0004,124,13
c0004,125,3
c0004,126,18
c0004,127,9
c0004,128,8
c0004,129,1
c0004,132,2
c0004,134,3
c0004,135,4
c0004,139,4
c0004,140,2
c0004,142,10
c0004,144,9
c0004,147,12
c0004,148,10
c0004,149,2
c0004,150,11
c0004,151,8
c0004,152,1
c0004,153,1
c0004,154,6
c0004,155,2
c0004,156,12
c0004,158,5
c0004,159,5
c0004,160,1
c0004,161,2
c0004,163,5
c0004,164,5
c0004,167,15
c0004,168,8
c0004,169,20
c0004,170,2
c0004,171,19
c0004,172,7
c0004,173,1
c0004,176,1
c0004,178,1
c0004,179,4
c0004,180,1
c0004,181,2
c0004,183,9
c0004,184,2
c0004,186,6
c0004,188,1
c0004,189,1
c0004,190,3
c0004,191,8
c0004,192,1
c0004,193,7
c0004,194,10
c0004,195,3
c0004,197,1
c0004,199,2
c0004,200,10
c0004,201,4
c0004,203,1
c0004,204,16
c0004,206,1
c0004,208,7
c0004,210,2
c0004,211,1
c0004,212,25
c0004,213,24
c0004,215,23
c0004,216,15
c0004,217,1
c0004,218,6
c0004,222,4
c0004,225,3
c0004,227,3
c0004,228,3
c0004,229,1
c0004,230,3
c0004,233,15
c0004,234,3
c0004,235,1
c0004,236,2
c0004,241,6
c0004,244,3
c0004,251,2
c0004,252,6
c0004,254,3
c0004,255,11
c0004,258,1
c0004,264,1
c0004,267,2
c0004,269,3
c0004,272,5
c0004,273,8
c0004,275,5
c0004,276,6
c0004,277,7
c0004,279,2
c0004,288,5
c0004,289,1
c0004,291,264
c0004,292,258
c0004,293,154
c0004,294,27
c0004,295,214
c0004,296,220
c0004,297,318
c0004,298,172
c0004,299,48
c0004,300,152
c0004,301,189
c0004,302,145
c0004,303,275
c0004,304,217
c0004,305,151
c0004,306,126
c0004,307,237
c0004,308,158
c0004,309,47
c0004,310,100
c0004,311,103
c0004,312,156
c0004,313,105
c0004,314,202
c0004,315,52
c0004,316,139
c0004,317,54
c0004,318,82
c0004,319,37
c0004,320,14
c0004,321,105
c0004,322,52
c0004,323,63
c0004,324,21
c0004,325,235
c0004,328,3
c0004,336,3
c0004,343,1
c0005,16,1
c0005,29,2
c0005,37,2
c0005,45,2
c0005,46,1
c0005,48,1
c0005,49,1
c0005,50,2
c0005,52,1
c0005,53,4
c0005,54,1
c0005,57,1
c0005,59,3
c0005,60,1
c0005,61,1
c0005,66,3
c0005,68,7
c0005,69,1
c0005,70,1
c0005,71,2
c0005,72,1
c0005,73,2
c0005,74,1
c0005,75,1
c0005,76,3
c0005,80,1
c0005,81,4
c0005,82,2
c0005,84,1
c0005,85,1
c0005,87,2
c0005,94,2
c0005,99,1
c0005,102,2
c0005,104,1
c0005,106,1
c0005,107,1
c0005,111,2
c0005,113,2
c0005,120,2
c0005,123,1
c0005,124,3
c0005,125,4
c0005,128,3
c0005,137,1
c0005,139,3
c0005,142,2
c0005,144,8
c0005,147,8
c0005,148,1
c0005,150,11
c0005,151,2
c0005,155,4
c0005,156,5
c0005,170,2
c0005,171,1
c0005,172,1
c0005,179,2
c0005,181,1
c0005,183,1
c0005,186,2
c0005,190,3
c0005,191,1
c0005,192,2
c0005,194,2
c0005,228,2
c0005,236,1
c0005,246,2
c0005,277,1
c0005,288,1
c0005,297,2
c0005,298,1
c0005,301,1
c0005,304,1
c0005,305,1
c0005,314,1
c0005,316,1
c0005,317,1
c0006,3,1
c0006,51,1
c0006,53,2
c0006,57,1
c0006,59,1
c0006,68,1
c0006,83,1
c0006,84,1
c0006,113,4
c0006,125,2
c0006,126,1
c0006,128,1
c0006,129,1
c0006,148,1
c0006,149,1
c0006,150,1
c0006,151,1
c0006,155,1
c0006,156,2
c0006,167,2
c0006,171,1
c0006,183,3
c0006,190,1
c0006,232,1
c0006,235,18
c0006,236,22
c0006,244,37
c0006,247,1
c0006,249,9
c0006,250,7
c0006,251,4
c0006,282,1
c0006,307,1
c0006,318,1
c0006,328,2
c0006,335,1
c0006,345,1
c0007,1,2
c0007,3,1
c0007,4,1
c0007,7,3
c0007,10,17
c0007,12,1
c0007,13,1
c0007,14,2
c0007,16,29
c0007,17,22
c0007,18,2
c0007,19,4
c0007,20,29
c0007,22,5
c0007,24,11
c0007,25,25
c0007,26,1
c0007,27,1
c0007,28,17
c0007,29,11
c0007,30,1
c0007,31,3
c0007,32,4
c0007,34,3
c0007,35,4
c0007,36,4
c0007,37,4
c0007,39,1
c0007,40,13
c0007,42,2
c0007,45,1
c0007,46,14
c0007,48,17
c0007,49,9
c0007,50,22
c0007,51,27
c0007,52,22
c0007,53,24
c0007,54,10
c0007,55,24
c0007,56,24
c0007,57,21
c0007,58,9
c0007,59,30
c0007,60,14
c0007,61,4
c0007,62,29
c0007,64,2
c0007,65,2
c0007,66,21
c0007,67,15
c0007,68,34
c0007,69,27
c0007,70,13
c0007,71,18
c0007,72,32
c0007,73,24
c0007,74,40
c0007,75,28
c0007,76,48
c0007,77,17
c0007,78,3
c0007,79,12
c0007,80,5
c0007,81,12
c0007,82,17
c0007,83,8
c0007,84,17
c0007,85,30
c0007,86,40
c0007,87,24
c0007,88,16
c0007,89,17
c0007,90,28
c0007,91,4
c0007,94,12
c0007,95,14
c0007,96,8
c0007,97,9
c0007,98,17
c0007,99,20
c0007,100,12
c0007,101,11
c0007,102,8
c0007,103,7
c0007,104,10
c0007,106,14
c0007,107,4
c0007,108,38
c0007,109,17
c0007,111,19
c0007,112,2
c0007,113,13
c0007,114,7
c0007,115,22
c0007,118,8
c0007,119,11
c0007,120,32
c0007,121,11
c0007,122,4
c0007,123,12
c0007,124,24
c0007,125,16
c0007,126,21
c0007,127,13
c0007,128,15
c0007,129,5
c0007,130,1
c0007,131,2
c0007,132,10
c0007,133,1
c0007,137,4
c0007,138,1
c0007,139,4
c0007,140,2
c0007,141,5
c0007,142,19
c0007,144,17
c0007,145,1
c0007,147,28
c0007,148,9
c0007,149,6
c0007,150,21
c0007,151,16
c0007,152,4
c0007,153,13
c0007,154,4
c0007,155,15
c0007,156,42
c0007,158,15
c0007,159,19
c0007,162,2
c0007,163,8
c0007,164,18
c0007,167,6
c0007,168,26
c0007,169,41
c0007,170,5
c0007,171,28
c0007,172,12
c0007,175,1
c0007,178,2
c0007,179,13
c0007,180,12
c0007,181,10
c0007,183,15
c0007,184,3
c0007,185,6
c0007,186,8
c0007,187,3
c0007,189,1
c0007,190,9
c0007,191,8
c0007,192,10
c0007,193,22
c0007,194,26
c0007,195,5
c0007,196,3
c0007,197,7
c0007,199,5
c0007,200,734
c0007,201,335
c0007,202,45
c0007,203,170
c0007,204,72
c0007,205,48
c0007,206,126
c0007,207,296
c0007,208,277
c0007,209,14
c0007,210,275
c0007,211,100
c0007,212,354
c0007,213,1259
c0007,214,92
c0007,215,920
c0007,216,529
c0007,217,143
c0007,218,193
c0007,219,74
c0007,220,59
c0007,221,47
c0007,222,104
c0007,223,72
c0007,224,71
c0007,225,196
c0007,226,68
c0007,227,474
c0007,228,31
c0007,229,8
c0007,230,55
c0007,233,25
c0007,234,10
c0007,235,12
c0007,236,22
c0007,237,44
c0007,240,4
c0007,241,3
c0007,244,9
c0007,246,1
c0007,249,11
c0007,250,3
c0007,251,9
c0007,252,12
c0007,253,3
c0007,254,27
c0007,255,12
c0007,257,5
c0007,258,8
c0007,259,22
c0007,260,4
c0007,261,13
c0007,262,5
c0007,263,2
c0007,264,2
c0007,265,1
c0007,266,9
c0007,267,26
c0007,268,27
c0007,269,23
c0007,270,1
c0007,271,1
c0007,272,18
c0007,273,18
c0007,274,15
c0007,275,15
c0007,276,14
c0007,277,15
c0007,278,10
c0007,279,12
c0007,280,1
c0007,281,6
c0007,282,3
c0007,283,16
c0007,284,8
c0007,285,4
c0007,288,17
c0007,289,17
c0007,290,19
c0007,291,86
c0007,292,177
c0007,293,160
c0007,294,12
c0007,295,39
c0007,296,45
c0007,297,92
c0007,298,48
c0007,299,21
c0007,300,58
c0007,301,44
c0007,302,76
c0007,303,57
c0007,304,47
c0007,305,106
c0007,306,39
c0007,307,51
c0007,308,66
c0007,309,1
c0007,310,18
c0007,311,23
c0007,312,46
c0007,313,24
c0007,314,67
c0007,315,2
c0007,316,33
c0007,317,19
c0007,318,21
c0007,319,17
c0007,320,7
c0007,321,19
c0007,322,7
c0007,323,20
c0007,324,7
c0007,325,60
c0007,328,4
c0007,329,3
c0007,333,5
c0007,336,1
c0007,343,4
c0007,345,3
c0008,49,2
c0008,50,4
c0008,52,2
c0008,53,3
c0008,58,2
c0008,59,2
c0008,60,2
c0008,68,4
c0008,72,1
c0008,74,1
c0008,76,3
c0008,79,2
c0008,80,2
c0008,82,1
c0008,83,2
c0008,89,2
c0008,108,1
c0008,109,1
c0008,111,4
c0008,114,1
c0008,120,3
c0008,126,1
c0008,128,1
c0008,147,1
c0008,156,2
c0008,158,3
c0008,159,2
c0008,163,1
c0008,181,1
c0008,191,1
c0008,193,1
c0008,194,1
c0008,314,1
c0008,345,1
c0009,2,1
c0009,16,6
c0009,19,1
c0009,20,3
c0009,21,3
c0009,25,5
c0009,28,6
c0009,32,2
c0009,35,4
c0009,37,1
c0009,38,1
c0009,40,4
c0009,45,2
c0009,46,13
c0009,48,19
c0009,49,1
c0009,50,13
c0009,51,20
c0009,52,20
c0009,53,25
c0009,54,12
c0009,55,19
c0009,56,13
c0009,57,20
c0009,58,5
c0009,59,20
c0009,60,15
c0009,61,6
c0009,62,21
c0009,63,12
c0009,65,1
c0009,66,8
c0009,67,19
c0009,68,19
c0009,69,18
c0009,70,12
c0009,71,13
c0009,72,20
c0009,73,9
c0009,74,15
c0009,75,13
c0009,76,34
c0009,77,28
c0009,78,5
c0009,79,6
c0009,81,3
c0009,82,15
c0009,83,8
c0009,84,19
c0009,85,20
c0009,86,12
c0009,87,13
c0009,88,2
c0009,89,12
c0009,90,4
c0009,94,4
c0009,95,22
c0009,98,8
c0009,99,6
c0009,100,2
c0009,103,19
c0009,104,13
c0009,105,4
c0009,107,9
c0009,108,16
c0009,109,9
c0009,111,11
c0009,112,2
c0009,113,4
c0009,114,5
c0009,115,25
c0009,116,1
c0009,118,9
c0009,119,5
c0009,120,29
c0009,121,31
c0009,122,12
c0009,123,7
c0009,124,33
c0009,125,13
c0009,126,13
c0009,127,13
c0009,128,10
c0009,129,2
c0009,130,4
c0009,131,1
c0009,132,32
c0009,133,10
c0009,137,4
c0009,139,16
c0009,140,27
c0009,142,17
c0009,144,15
c0009,145,3
c0009,147,12
c0009,148,7
c0009,149,11
c0009,150,12
c0009,151,25
c0009,152,3
c0009,153,8
c0009,154,11
c0009,155,12
c0009,156,45
c0009,158,15
c0009,159,6
c0009,161,1
c0009,163,7
c0009,164,12
c0009,165,1
c0009,167,11
c0009,168,20
c0009,169,14
c0009,170,10
c0009,171,29
c0009,172,11
c0009,178,2
c0009,179,13
c0009,180,17
c0009,181,5
c0009,182,1
c0009,183,8
c0009,184,1
c0009,185,2
c0009,186,6
c0009,190,21
c0009,191,12
c0009,192,7
c0009,193,15
c0009,194,14
c0009,197,1
c0009,200,1
c0009,201,3
c0009,216,1
c0009,228,2
c0009,230,12
c0009,233,7
c0009,234,3
c0009,235,3
c0009,236,3
c0009,244,3
c0009,249,3
c0009,250,3
c0009,251,1
c0009,252,1
c0009,255,1
c0009,257,7
c0009,258,8
c0009,261,1
c0009,262,1
c0009,263,3
c0009,264,1
c0009,265,1
c0009,268,12
c0009,269,2
c0009,272,3
c0009,273,4
c0009,275,2
c0009,277,1
c0009,278,2
c0009,279,2
c0009,284,2
c0009,289,1
c0009,291,4
c0009,292,13
c0009,293,1
c0009,295,17
c0009,296,10
c0009,297,19
c0009,298,10
c0009,300,11
c0009,301,12
c0009,302,5
c0009,303,28
c0009,304,9
c0009,305,12
c0009,306,33
c0009,307,17
c0009,308,17
c0009,310,5
c0009,311,4
c0009,312,12
c0009,313,29
c0009,314,9
c0009,316,6
c0009,317,4
c0009,318,3
c0009,319,3
c0009,320,3
c0009,321,15
c0009,322,4
c0009,323,3
c0009,324,1
c0009,325,15
c0009,328,6
c0009,333,21
c0009,336,1
c0009,343,8
c0009,345,8
c0010,54,2
c0010,55,1
c0010,56,2
c0010,61,1
c0010,62,1
c0010,63,5
c0010,65,1
c0010,67,1
c0010,68,1
c0010,82,1
c0010,86,1
c0010,89,2
c0010,120,1
c0010,175,2
c0010,179,2
c0010,192,1
c0010,204,1
c0010,295,2
c0010,307,1
c0010,310,1
c0010,313,2
c0010,322,1
c0010,323,1
c0010,335,3
c0010,352,1
c0010,374,1
c0011,1,2
c0011,32,1
c0011,35,1
c0011,53,1
c0011,55,2
c0011,60,3
c0011,61,1
c0011,62,4
c0011,63,2
c0011,65,1
c0011,67,2
c0011,68,1
c0011,71,5
c0011,72,1
c0011,73,1
c0011,83,2
c0011,88,2
c0011,89,1
c0011,90,1
c0011,94,2
c0011,95,1
c0011,108,1
c0011,110,2
c0011,112,1
c0011,114,2
c0011,117,3
c0011,125,2
c0011,132,1
c0011,140,1
c0011,141,1
c0011,159,1
c0011,160,1
c0011,163,1
c0011,164,1
c0011,165,1
c0011,167,1
c0011,168,1
c0011,169,3
c0011,173,1
c0011,174,1
c0011,180,1
c0011,181,2
c0011,186,2
c0011,206,1
c0011,207,1
c0011,291,1
c0011,318,1
c0012,28,1
c0012,52,2
c0012,53,2
c0012,54,1
c0012,55,4
c0012,56,2
c0012,57,2
c0012,59,6
c0012,61,5
c0012,63,11
c0012,64,3
c0012,65,1
c0012,66,1
c0012,67,3
c0012,68,3
c0012,71,2
c0012,75,1
c0012,76,1
c0012,77,2
c0012,79,4
c0012,80,2
c0012,81,1
c0012,82,1
c0012,83,1
c0012,84,1
c0012,85,1
c0012,86,2
c0012,87,4
c0012,88,3
c0012,89,2
c0012,90,2
c0012,91,4
c0012,92,2
c0012,95,4
c0012,110,2
c0012,112,1
c0012,120,3
c0012,123,1
c0012,124,1
c0012,125,1
c0012,126,4
c0012,133,1
c0012,134,1
c0012,136,2
c0012,138,1
c0012,141,3
c0012,157,2
c0012,158,1
c0012,160,1
c0012,161,2
c0012,162,1
c0012,163,1
c0012,164,1
c0012,166,1
c0012,171,1
c0012,173,5
c0012,174,3
c0012,175,5
c0012,176,1
c0012,177,2
c0012,178,1
c0012,179,6
c0012,180,2
c0012,181,7
c0012,182,2
c0012,185,1
c0012,186,5
c0012,188,2
c0012,189,1
c0012,191,2
c0012,192,3
c0012,203,1
c0012,205,3
c0012,206,5
c0012,246,1
c0012,254,1
c0012,262,1
c0012,268,1
c0012,277,1
c0012,307,1
c0012,313,1
c0012,317,6
c0012,318,1
c0012,319,1
c0012,321,1
c0012,325,2
c0012,330,1
c0012,333,1
c0012,336,1
c0012,342,1
c0012,348,1
c0013,24,2
c0013,27,1
c0013,30,1
c0013,31,1
c0013,41,1
c0013,52,5
c0013,53,3
c0013,55,2
c0013,56,6
c0013,57,2
c0013,58,2
c0013,59,3
c0013,60,2
c0013,61,3
c0013,62,2
c0013,63,5
c0013,67,2
c0013,68,7
c0013,69,1
c0013,71,3
c0013,75,1
c0013,76,5
c0013,78,5
c0013,79,1
c0013,80,2
c0013,82,2
c0013,84,1
c0013,85,1
c0013,86,7
c0013,87,2
c0013,88,2
c0013,89,1
c0013,90,1
c0013,91,4
c0013,92,5
c0013,94,3
c0013,95,1
c0013,108,1
c0013,110,1
c0013,112,2
c0013,114,1
c0013,116,1
c0013,117,3
c0013,120,1
c0013,123,4
c0013,124,2
c0013,125,1
c0013,127,2
c0013,131,1
c0013,133,2
c0013,134,2
c0013,136,2
c0013,137,2
c0013,140,4
c0013,158,2
c0013,159,1
c0013,161,2
c0013,162,1
c0013,163,1
c0013,164,3
c0013,167,2
c0013,168,1
c0013,169,1
c0013,171,1
c0013,172,1
c0013,173,1
c0013,174,2
c0013,175,2
c0013,176,1
c0013,177,4
c0013,178,1
c0013,179,2
c0013,181,6
c0013,182,3
c0013,183,1
c0013,185,3
c0013,186,1
c0013,189,2
c0013,192,3
c0013,204,3
c0013,205,3
c0013,206,4
c0013,229,1
c0013,242,1
c0013,247,1
c0013,254,6
c0013,262,3
c0013,263,2
c0013,267,2
c0013,272,1
c0013,284,1
c0013,290,1
c0013,291,2
c0013,292,3
c0013,296,1
c0013,298,1
c0013,299,2
c0013,300,3
c0013,308,1
c0013,313,3
c0013,314,3
c0013,317,18
c0013,318,11
c0013,319,5
c0013,320,1
c0013,321,7
c0013,322,2
c0013,324,6
c0013,325,10
c0013,326,5
c0013,327,3
c0013,328,1
c0013,329,4
c0013,330,2
c0013,332,1
c0013,333,1
c0013,334,8
c0013,335,2
c0013,336,7
c0013,341,1
c0013,342,2
c0013,345,2
c0013,346,2
c0013,348,6
c0013,352,10
c0014,1,5
c0014,2,13
c0014,8,13
c0014,9,13
c0014,11,3
c0014,12,18
c0014,13,4
c0014,14,11
c0014,15,1
c0014,16,14
c0014,17,12
c0014,18,6
c0014,19,2
c0014,20,7
c0014,23,2
c0014,24,13
c0014,25,5
c0014,26,2
c0014,28,7
c0014,29,3
c0014,30,6
c0014,31,4
c0014,32,18
c0014,33,5
c0014,34,7
c0014,35,36
c0014,36,7
c0014,38,10
c0014,39,10
c0014,40,7
c0014,42,19
c0014,43,1
c0014,45,4
c0014,48,1
c0014,49,1
c0014,50,12
c0014,51,5
c0014,52,31
c0014,53,29
c0014,54,26
c0014,55,42
c0014,56,26
c0014,57,51
c0014,58,24
c0014,59,103
c0014,60,36
c0014,61,113
c0014,62,33
c0014,63,106
c0014,64,24
c0014,65,14
c0014,66,18
c0014,67,15
c0014,68,45
c0014,69,18
c0014,70,8
c0014,71,41
c0014,72,32
c0014,73,20
c0014,74,15
c0014,75,16
c0014,76,24
c0014,77,11
c0014,78,39
c0014,79,34
c0014,80,47
c0014,81,8
c0014,82,51
c0014,83,5
c0014,84,13
c0014,85,27
c0014,86,46
c0014,87,38
c0014,88,34
c0014,89,20
c0014,90,12
c0014,91,42
c0014,92,57
c0014,93,25
c0014,94,50
c0014,95,34
c0014,96,1
c0014,97,26
c0014,98,23
c0014,101,8
c0014,102,1
c0014,103,2
c0014,104,1
c0014,108,36
c0014,109,11
c0014,110,39
c0014,111,24
c0014,112,43
c0014,113,1
c0014,114,50
c0014,115,17
c0014,116,51
c0014,117,35
c0014,118,2
c0014,120,25
c0014,121,3
c0014,122,19
c0014,123,35
c0014,124,27
c0014,125,49
c0014,126,49
c0014,127,7
c0014,129,1
c0014,130,22
c0014,131,15
c0014,132,20
c0014,133,18
c0014,134,14
c0014,135,1
c0014,136,54
c0014,137,7
c0014,138,4
c0014,140,3
c0014,141,12
c0014,142,6
c0014,143,5
c0014,144,1
c0014,145,10
c0014,146,5
c0014,147,5
c0014,151,2
c0014,152,2
c0014,153,5
c0014,155,1
c0014,157,10
c0014,158,56
c0014,159,17
c0014,160,19
c0014,161,18
c0014,162,31
c0014,163,35
c0014,164,21
c0014,165,24
c0014,166,20
c0014,167,20
c0014,168,25
c0014,169,34
c0014,170,45
c0014,171,22
c0014,172,13
c0014,173,17
c0014,174,10
c0014,175,41
c0014,176,39
c0014,177,12
c0014,178,10
c0014,179,19
c0014,180,12
c0014,181,45
c0014,182,29
c0014,183,6
c0014,185,27
c0014,186,17
c0014,187,24
c0014,188,31
c0014,189,12
c0014,190,18
c0014,191,14
c0014,192,26
c0014,193,11
c0014,194,8
c0014,195,2
c0014,197,2
c0014,199,4
c0014,200,12
c0014,203,30
c0014,204,24
c0014,205,30
c0014,206,26
c0014,207,12
c0014,208,6
c0014,209,17
c0014,212,17
c0014,213,13
c0014,216,3
c0014,217,4
c0014,220,3
c0014,221,1
c0014,223,1
c0014,224,1
c0014,225,16
c0014,227,13
c0014,228,2
c0014,229,15
c0014,230,14
c0014,231,5
c0014,232,4
c0014,234,6
c0014,235,1
c0014,236,3
c0014,238,3
c0014,239,12
c0014,240,1
c0014,242,17
c0014,243,5
c0014,244,5
c0014,245,3
c0014,246,10
c0014,247,3
c0014,248,6
c0014,251,11
c0014,252,11
c0014,253,6
c0014,254,7
c0014,255,33
c0014,262,7
c0014,263,5
c0014,264,1
c0014,266,3
c0014,267,7
c0014,268,5
c0014,269,9
c0014,271,2
c0014,273,21
c0014,274,1
c0014,275,28
c0014,277,26
c0014,278,8
c0014,279,2
c0014,282,4
c0014,283,2
c0014,284,6
c0014,285,4
c0014,286,5
c0014,287,1
c0014,289,4
c0014,290,9
c0014,291,20
c0014,292,8
c0014,293,1
c0014,295,9
c0014,296,21
c0014,297,16
c0014,298,16
c0014,299,6
c0014,300,1
c0014,301,13
c0014,305,5
c0014,306,8
c0014,307,15
c0014,308,1
c0014,310,2
c0014,311,8
c0014,313,290
c0014,314,233
c0014,315,33
c0014,316,26
c0014,317,261
c0014,318,334
c0014,319,190
c0014,320,4
c0014,321,194
c0014,322,244
c0014,323,117
c0014,324,246
c0014,325,324
c0014,326,153
c0014,327,185
c0014,328,179
c0014,329,307
c0014,330,160
c0014,331,26
c0014,332,97
c0014,333,94
c0014,334,129
c0014,335,106
c0014,336,245
c0014,337,33
c0014,341,48
c0014,342,91
c0014,343,49
c0014,345,91
c0014,346,64
c0014,347,17
c0014,348,226
c0014,349,19
c0014,350,8
c0014,351,5
c0014,352,189
c0014,355,15
c0014,356,7
c0014,359,1
c0014,363,4
c0014,367,4
c0014,369,2
c0014,370,5
c0014,373,5
c0015,12,6
c0015,13,5
c0015,14,1
c0015,15,1
c0015,17,6
c0015,19,1
c0015,20,15
c0015,21,4
c0015,23,5
c0015,24,15
c0015,26,4
c0015,27,2
c0015,28,4
c0015,29,13
c0015,30,20
c0015,31,4
c0015,32,2
c0015,33,1
c0015,34,4
c0015,35,1
c0015,38,4
c0015,40,2
c0015,42,4
c0015,50,6
c0015,51,3
c0015,52,11
c0015,53,7
c0015,54,3
c0015,55,5
c0015,56,3
c0015,57,9
c0015,58,10
c0015,59,20
c0015,60,13
c0015,61,15
c0015,62,6
c0015,63,25
c0015,64,7
c0015,65,4
c0015,66,4
c0015,67,2
c0015,68,3
c0015,69,6
c0015,70,3
c0015,71,8
c0015,72,8
c0015,73,2
c0015,74,5
c0015,75,1
c0015,76,6
c0015,77,5
c0015,78,20
c0015,79,9
c0015,80,6
c0015,81,6
c0015,82,8
c0015,83,1
c0015,84,4
c0015,85,3
c0015,86,6
c0015,87,4
c0015,88,3
c0015,89,10
c0015,90,1
c0015,91,8
c0015,92,14
c0015,93,1
c0015,94,5
c0015,95,9
c0015,96,3
c0015,97,2
c0015,98,4
c0015,103,5
c0015,108,11
c0015,109,2
c0015,110,6
c0015,111,5
c0015,112,23
c0015,113,10
c0015,114,13
c0015,115,3
c0015,116,8
c0015,117,6
c0015,120,4
c0015,121,1
c0015,123,12
c0015,124,8
c0015,125,9
c0015,126,9
c0015,132,2
c0015,133,5
c0015,134,7
c0015,136,6
c0015,141,5
c0015,143,3
c0015,149,1
c0015,150,4
c0015,151,9
c0015,152,3
c0015,153,6
c0015,155,3
c0015,158,9
c0015,159,8
c0015,160,7
c0015,161,5
c0015,162,9
c0015,163,1
c0015,164,7
c0015,165,3
c0015,166,6
c0015,167,5
c0015,168,4
c0015,169,5
c0015,170,3
c0015,171,4
c0015,172,10
c0015,173,1
c0015,174,5
c0015,175,5
c0015,176,2
c0015,177,2
c0015,178,2
c0015,179,8
c0015,181,5
c0015,182,5
c0015,183,3
c0015,185,18
c0015,186,6
c0015,187,5
c0015,188,5
c0015,189,4
c0015,190,2
c0015,191,6
c0015,192,6
c0015,193,1
c0015,194,5
c0015,197,8
c0015,199,2
c0015,200,6
c0015,203,4
c0015,204,10
c0015,205,6
c0015,206,7
c0015,207,3
c0015,208,2
c0015,209,7
c0015,210,1
c0015,212,3
c0015,213,226
c0015,214,82
c0015,215,8
c0015,216,27
c0015,217,8
c0015,218,17
c0015,219,21
c0015,220,49
c0015,221,24
c0015,222,5
c0015,223,71
c0015,224,14
c0015,225,120
c0015,226,106
c0015,227,216
c0015,228,22
c0015,229,240
c0015,230,162
c0015,231,5
c0015,232,41
c0015,233,3
c0015,234,23
c0015,235,13
c0015,236,14
c0015,237,21
c0015,238,39
c0015,239,74
c0015,240,20
c0015,241,11
c0015,242,188
c0015,243,85
c0015,244,92
c0015,245,20
c0015,246,1
c0015,247,1
c0015,248,8
c0015,251,4
c0015,253,8
c0015,254,7
c0015,262,12
c0015,263,10
c0015,264,2
c0015,265,3
c0015,268,3
c0015,269,12
c0015,271,1
c0015,272,2
c0015,275,1
c0015,279,13
c0015,280,3
c0015,288,1
c0015,289,3
c0015,290,4
c0015,291,2
c0015,295,2
c0015,296,3
c0015,297,3
c0015,299,1
c0015,301,1
c0015,302,4
c0015,305,1
c0015,306,3
c0015,309,2
c0015,311,4
c0015,313,20
c0015,314,8
c0015,315,43
c0015,316,8
c0015,317,14
c0015,318,18
c0015,319,11
c0015,320,10
c0015,321,14
c0015,322,16
c0015,323,15
c0015,324,12
c0015,325,17
c0015,326,26
c0015,327,11
c0015,328,11
c0015,329,18
c0015,330,37
c0015,332,2
c0015,333,14
c0015,334,7
c0015,335,3
c0015,336,15
c0015,337,2
c0015,341,5
c0015,342,6
c0015,343,3
c0015,345,11
c0015,346,6
c0015,348,22
c0015,350,6
c0015,351,6
c0015,352,16
c0015,363,1
c0015,370,2
c0015,373,3
c0016,20,4
c0016,57,1
c0016,58,1
c0016,64,1
c0016,66,3
c0016,72,2
c0016,134,1
c0016,165,1
c0016,169,1
c0016,179,1
c0016,188,2
c0016,192,1
c0016,253,2
c0016,264,3
c0016,299,1
c0016,301,1
c0016,317,5
c0016,319,1
c0016,322,4
c0016,323,1
c0016,325,1
c0016,326,1
c0016,328,5
c0016,329,1
c0016,333,3
c0016,334,1
c0016,348,2
c0016,350,1
c0017,3,1
c0017,12,2
c0017,15,2
c0017,16,1
c0017,20,1
c0017,24,2
c0017,25,3
c0017,28,1
c0017,29,2
c0017,30,2
c0017,31,2
c0017,32,1
c0017,35,6
c0017,42,2
c0017,45,2
c0017,50,3
c0017,52,4
c0017,53,1
c0017,54,2
c0017,55,3
c0017,56,4
c0017,57,7
c0017,58,1
c0017,59,10
c0017,60,8
c0017,61,5
c0017,62,7
c0017,63,12
c0017,64,6
c0017,65,2
c0017,66,4
c0017,67,3
c0017,68,6
c0017,69,1
c0017,71,4
c0017,72,4
c0017,73,4
c0017,74,4
c0017,75,1
c0017,76,5
c0017,78,8
c0017,79,2
c0017,80,3
c0017,81,2
c0017,82,3
c0017,83,1
c0017,85,1
c0017,86,8
c0017,87,6
c0017,88,5
c0017,89,7
c0017,90,2
c0017,91,4
c0017,92,7
c0017,93,2
c0017,94,2
c0017,95,8
c0017,101,2
c0017,104,2
c0017,108,14
c0017,109,5
c0017,110,3
c0017,111,4
c0017,112,14
c0017,113,5
c0017,114,8
c0017,115,5
c0017,116,9
c0017,117,9
c0017,120,1
c0017,123,7
c0017,124,7
c0017,125,15
c0017,126,14
c0017,127,4
c0017,131,2
c0017,132,3
c0017,133,6
c0017,134,9
c0017,136,5
c0017,137,2
c0017,138,1
c0017,141,7
c0017,142,1
c0017,145,3
c0017,147,1
c0017,152,4
c0017,158,6
c0017,159,3
c0017,160,3
c0017,161,4
c0017,162,8
c0017,163,11
c0017,164,5
c0017,165,11
c0017,166,1
c0017,167,5
c0017,168,5
c0017,169,17
c0017,170,12
c0017,171,2
c0017,172,1
c0017,173,7
c0017,174,2
c0017,175,3
c0017,176,2
c0017,177,1
c0017,179,5
c0017,181,16
c0017,182,1
c0017,183,3
c0017,184,1
c0017,185,4
c0017,186,4
c0017,187,1
c0017,188,3
c0017,190,1
c0017,191,1
c0017,192,4
c0017,194,2
c0017,195,1
c0017,200,1
c0017,203,12
c0017,204,3
c0017,205,6
c0017,206,5
c0017,207,2
c0017,213,6
c0017,218,1
c0017,225,1
c0017,227,8
c0017,229,2
c0017,230,6
c0017,232,1
c0017,239,8
c0017,243,2
c0017,244,1
c0017,246,4
c0017,251,1
c0017,252,1
c0017,253,1
c0017,254,2
c0017,258,1
c0017,263,1
c0017,274,1
c0017,275,1
c0017,300,1
c0017,311,1
c0017,313,2
c0017,318,2
c0017,322,1
c0017,326,1
c0017,327,2
c0017,328,1
c0017,329,1
c0017,335,2
c0017,336,2
c0017,337,3
c0017,355,2
c0017,360,2
c0017,362,2
c0017,363,1
c0017,373,3
c0018,32,1
c0018,52,1
c0018,53,4
c0018,54,1
c0018,55,2
c0018,56,2
c0018,57,4
c0018,58,2
c0018,59,5
c0018,61,9
c0018,62,1
c0018,63,2
c0018,65,1
c0018,66,1
c0018,68,1
c0018,71,2
c0018,75,2
c0018,76,3
c0018,77,1
c0018,78,1
c0018,79,6
c0018,80,6
c0018,82,3
c0018,86,2
c0018,89,2
c0018,91,2
c0018,92,5
c0018,93,2
c0018,94,3
c0018,95,1
c0018,97,1
c0018,98,1
c0018,108,1
c0018,114,2
c0018,115,2
c0018,120,1
c0018,123,2
c0018,125,2
c0018,126,1
c0018,132,2
c0018,133,2
c0018,141,2
c0018,158,4
c0018,159,3
c0018,161,2
c0018,162,5
c0018,163,1
c0018,164,2
c0018,165,2
c0018,167,1
c0018,168,2
c0018,169,1
c0018,171,2
c0018,173,1
c0018,174,1
c0018,175,2
c0018,176,2
c0018,178,2
c0018,179,1
c0018,180,3
c0018,181,22
c0018,182,1
c0018,185,4
c0018,188,9
c0018,189,1
c0018,191,2
c0018,192,3
c0018,203,1
c0018,205,4
c0018,206,2
c0018,244,1
c0018,254,1
c0018,263,1
c0018,273,1
c0018,274,1
c0018,292,1
c0018,301,1
c0018,307,1
c0018,313,9
c0018,317,4
c0018,318,9
c0018,319,3
c0018,320,2
c0018,321,2
c0018,322,2
c0018,324,5
c0018,325,1
c0018,326,4
c0018,327,5
c0018,329,6
c0018,330,2
c0018,333,2
c0018,335,1
c0018,336,2
c0018,342,5
c0018,346,1
c0018,352,8
c0019,2,3
c0019,8,3
c0019,10,1
c0019,12,2
c0019,13,1
c0019,16,1
c0019,17,1
c0019,24,1
c0019,25,1
c0019,32,2
c0019,33,2
c0019,35,2
c0019,36,1
c0019,38,3
c0019,39,2
c0019,41,7
c0019,42,19
c0019,50,12
c0019,52,20
c0019,53,9
c0019,54,12
c0019,55,19
c0019,56,11
c0019,57,33
c0019,58,3
c0019,59,26
c0019,60,16
c0019,61,19
c0019,62,28
c0019,63,22
c0019,64,3
c0019,65,3
c0019,66,8
c0019,67,15
c0019,68,29
c0019,69,10
c0019,70,1
c0019,71,13
c0019,72,15
c0019,73,17
c0019,74,7
c0019,75,3
c0019,76,11
c0019,77,6
c0019,78,17
c0019,79,8
c0019,80,14
c0019,81,5
c0019,82,3
c0019,83,2
c0019,84,1
c0019,85,7
c0019,86,16
c0019,87,33
c0019,88,18
c0019,89,15
c0019,90,5
c0019,91,10
c0019,92,17
c0019,93,13
c0019,94,10
c0019,95,25
c0019,96,1
c0019,97,1
c0019,101,2
c0019,103,5
c0019,104,2
c0019,108,13
c0019,109,18
c0019,110,12
c0019,111,8
c0019,112,22
c0019,113,7
c0019,114,15
c0019,115,9
c0019,116,22
c0019,117,15
c0019,120,12
c0019,123,15
c0019,124,9
c0019,125,23
c0019,126,22
c0019,127,3
c0019,131,4
c0019,132,6
c0019,133,40
c0019,134,10
c0019,135,2
c0019,136,19
c0019,137,1
c0019,138,1
c0019,141,5
c0019,142,5
c0019,143,4
c0019,145,4
c0019,147,2
c0019,149,4
c0019,150,11
c0019,152,5
c0019,155,1
c0019,156,1
c0019,158,14
c0019,159,7
c0019,160,12
c0019,161,6
c0019,162,9
c0019,163,28
c0019,164,26
c0019,165,32
c0019,166,62
c0019,167,17
c0019,168,13
c0019,169,24
c0019,170,29
c0019,171,23
c0019,172,22
c0019,173,10
c0019,174,12
c0019,175,9
c0019,176,45
c0019,177,9
c0019,178,2
c0019,179,8
c0019,180,7
c0019,181,21
c0019,182,11
c0019,183,5
c0019,184,1
c0019,185,17
c0019,186,11
c0019,187,1
c0019,188,10
c0019,189,12
c0019,191,3
c0019,192,9
c0019,194,9
c0019,196,5
c0019,197,5
c0019,199,1
c0019,200,6
c0019,202,6
c0019,203,22
c0019,204,81
c0019,205,13
c0019,206,26
c0019,207,1
c0019,209,2
c0019,212,2
c0019,213,3
c0019,214,1
c0019,217,1
c0019,218,1
c0019,224,4
c0019,226,3
c0019,227,2
c0019,239,1
c0019,243,1
c0019,244,6
c0019,246,1
c0019,248,1
c0019,253,1
c0019,254,4
c0019,262,1
c0019,263,1
c0019,267,2
c0019,268,1
c0019,269,4
c0019,273,1
c0019,275,2
c0019,277,2
c0019,284,2
c0019,286,1
c0019,290,2
c0019,292,1
c0019,296,3
c0019,297,1
c0019,298,3
c0019,299,3
c0019,301,2
c0019,305,2
c0019,306,1
c0019,308,3
c0019,313,12
c0019,314,2
c0019,315,1
c0019,317,5
c0019,318,14
c0019,319,8
c0019,320,8
c0019,321,12
c0019,322,18
c0019,323,2
c0019,324,17
c0019,325,12
c0019,326,8
c0019,327,11
c0019,328,1
c0019,329,10
c0019,330,33
c0019,332,1
c0019,333,3
c0019,334,3
c0019,335,6
c0019,336,10
c0019,342,5
c0019,343,8
c0019,345,6
c0019,346,1
c0019,348,9
c0019,351,1
c0019,352,6
c0019,355,1
c0019,373,4
c0020,1,20
c0020,2,13
c0020,3,2
c0020,4,1
c0020,7,40
c0020,8,1
c0020,10,102
c0020,11,22
c0020,12,37
c0020,13,5
c0020,14,10
c0020,15,13
c0020,16,31
c0020,17,1
c0020,18,15
c0020,19,18
c0020,20,27
c0020,21,4
c0020,23,3
c0020,24,15
c0020,25,23
c0020,26,9
c0020,27,2
c0020,28,25
c0020,29,25
c0020,30,4
c0020,32,14
c0020,34,19
c0020,35,14
c0020,36,24
c0020,37,102
c0020,38,2
c0020,39,5
c0020,40,22
c0020,41,2
c0020,42,6
c0020,43,18
c0020,45,44
c0020,46,55
c0020,48,65
c0020,49,20
c0020,50,56
c0020,51,48
c0020,52,37
c0020,53,92
c0020,54,49
c0020,55,54
c0020,56,66
c0020,57,95
c0020,58,26
c0020,59,72
c0020,60,51
c0020,61,20
c0020,62,18
c0020,63,22
c0020,64,4
c0020,65,5
c0020,66,30
c0020,67,52
c0020,68,96
c0020,69,66
c0020,70,42
c0020,71,46
c0020,72,62
c0020,73,62
c0020,74,74
c0020,75,116
c0020,76,187
c0020,77,59
c0020,78,37
c0020,79,24
c0020,80,15
c0020,81,30
c0020,82,58
c0020,83,54
c0020,84,92
c0020,85,113
c0020,86,61
c0020,87,55
c0020,88,27
c0020,89,66
c0020,90,16
c0020,93,1
c0020,94,38
c0020,95,3
c0020,97,2
c0020,98,44
c0020,99,43
c0020,100,22
c0020,101,28
c0020,102,19
c0020,103,59
c0020,104,34
c0020,105,6
c0020,106,13
c0020,107,31
c0020,108,118
c0020,109,46
c0020,111,76
c0020,112,1
c0020,113,15
c0020,114,24
c0020,115,13
c0020,117,15
c0020,118,4
c0020,119,30
c0020,120,91
c0020,121,77
c0020,122,24
c0020,123,66
c0020,124,58
c0020,125,37
c0020,126,81
c0020,127,74
c0020,128,48
c0020,129,11
c0020,130,19
c0020,131,37
c0020,132,125
c0020,133,67
c0020,135,6
c0020,136,16
c0020,137,20
c0020,138,41
c0020,139,43
c0020,140,19
c0020,141,13
c0020,142,39
c0020,144,52
c0020,145,7
c0020,146,4
c0020,147,72
c0020,148,79
c0020,149,24
c0020,150,59
c0020,151,47
c0020,152,3
c0020,153,42
c0020,154,46
c0020,155,46
c0020,156,125
c0020,157,1
c0020,158,60
c0020,159,56
c0020,160,2
c0020,161,3
c0020,162,2
c0020,163,32
c0020,164,30
c0020,165,9
c0020,166,13
c0020,167,65
c0020,168,48
c0020,169,67
c0020,170,43
c0020,171,79
c0020,172,71
c0020,173,1
c0020,175,2
c0020,176,3
c0020,177,1
c0020,178,13
c0020,179,32
c0020,180,62
c0020,181,38
c0020,182,3
c0020,183,108
c0020,185,4
c0020,186,38
c0020,187,1
c0020,189,4
c0020,190,44
c0020,191,36
c0020,192,27
c0020,193,125
c0020,194,59
c0020,195,14
c0020,197,5
c0020,198,1
c0020,199,1
c0020,200,9
c0020,201,1
c0020,204,1
c0020,205,1
c0020,208,1
c0020,211,2
c0020,212,2
c0020,213,23
c0020,215,17
c0020,216,12
c0020,220,3
c0020,225,6
c0020,227,6
c0020,228,22
c0020,229,2
c0020,230,2
c0020,233,23
c0020,234,7
c0020,235,19
c0020,236,61
c0020,237,66
c0020,239,3
c0020,240,1
c0020,241,1
c0020,242,58
c0020,244,16
c0020,246,2
c0020,247,16
c0020,248,26
c0020,249,7
c0020,250,13
c0020,251,6
c0020,252,9
c0020,253,1
c0020,254,22
c0020,255,13
c0020,257,222
c0020,258,20
c0020,259,11
c0020,260,8
c0020,261,73
c0020,262,133
c0020,263,60
c0020,264,73
c0020,265,44
c0020,266,6
c0020,267,31
c0020,268,81
c0020,269,60
c0020,270,24
c0020,272,39
c0020,273,43
c0020,274,20
c0020,275,33
c0020,276,23
c0020,277,37
c0020,278,29
c0020,279,25
c0020,281,29
c0020,282,9
c0020,283,23
c0020,284,44
c0020,285,8
c0020,287,1
c0020,288,22
c0020,289,19
c0020,290,15
c0020,291,64
c0020,292,6
c0020,293,5
c0020,295,27
c0020,296,30
c0020,297,50
c0020,298,29
c0020,299,7
c0020,300,31
c0020,301,13
c0020,302,4
c0020,303,36
c0020,304,30
c0020,305,52
c0020,306,34
c0020,307,33
c0020,308,71
c0020,309,1
c0020,310,12
c0020,311,7
c0020,312,30
c0020,313,22
c0020,314,20
c0020,315,8
c0020,316,13
c0020,317,7
c0020,318,11
c0020,319,12
c0020,320,10
c0020,321,14
c0020,322,1
c0020,323,16
c0020,324,4
c0020,325,32
c0020,328,18
c0020,329,1
c0020,333,16
c0020,334,1
c0020,335,29
c0020,336,1
c0020,339,2
c0020,343,7
c0020,345,16
c0021,2,8
c0021,4,17
c0021,5,2
c0021,7,13
c0021,8,3
c0021,10,49
c0021,11,10
c0021,12,5
c0021,13,1
c0021,14,1
c0021,16,11
c0021,17,2
c0021,19,2
c0021,20,6
c0021,24,2
c0021,25,3
c0021,26,3
c0021,28,1
c0021,29,6
c0021,31,3
c0021,34,1
c0021,35,2
c0021,36,1
c0021,37,3
c0021,40,1
c0021,46,12
c0021,48,26
c0021,49,12
c0021,50,17
c0021,51,22
c0021,52,7
c0021,53,34
c0021,54,8
c0021,55,26
c0021,56,30
c0021,57,30
c0021,58,9
c0021,59,11
c0021,60,7
c0021,61,9
c0021,62,11
c0021,63,1
c0021,66,14
c0021,67,9
c0021,68,15
c0021,69,13
c0021,70,7
c0021,71,6
c0021,72,9
c0021,73,6
c0021,74,10
c0021,75,10
c0021,76,14
c0021,77,2
c0021,78,2
c0021,79,3
c0021,80,2
c0021,81,9
c0021,82,8
c0021,83,13
c0021,84,7
c0021,85,2
c0021,86,8
c0021,87,4
c0021,89,2
c0021,94,9
c0021,95,3
c0021,98,9
c0021,99,1
c0021,100,4
c0021,101,1
c0021,102,1
c0021,103,6
c0021,104,5
c0021,107,11
c0021,108,4
c0021,109,7
c0021,111,17
c0021,112,1
c0021,113,2
c0021,114,1
c0021,115,7
c0021,118,2
c0021,119,5
c0021,120,4
c0021,121,2
c0021,122,9
c0021,123,7
c0021,124,14
c0021,125,15
c0021,126,38
c0021,127,11
c0021,128,13
c0021,131,6
c0021,137,4
c0021,138,1
c0021,139,7
c0021,141,1
c0021,142,19
c0021,144,15
c0021,147,19
c0021,148,2
c0021,149,3
c0021,150,11
c0021,151,9
c0021,153,1
c0021,154,14
c0021,155,13
c0021,156,17
c0021,158,8
c0021,159,11
c0021,163,9
c0021,164,10
c0021,167,7
c0021,168,11
c0021,169,6
c0021,170,2
c0021,171,8
c0021,172,5
c0021,177,1
c0021,178,1
c0021,179,1
c0021,180,5
c0021,181,9
c0021,183,5
c0021,188,1
c0021,190,15
c0021,191,11
c0021,192,9
c0021,194,8
c0021,196,1
c0021,200,5
c0021,204,1
c0021,212,7
c0021,213,10
c0021,215,1
c0021,216,8
c0021,218,3
c0021,226,1
c0021,228,2
c0021,229,6
c0021,233,5
c0021,234,2
c0021,235,2
c0021,236,7
c0021,239,2
c0021,244,1
c0021,249,3
c0021,250,1
c0021,251,5
c0021,252,16
c0021,253,2
c0021,254,7
c0021,255,12
c0021,257,7
c0021,258,5
c0021,259,4
c0021,261,1
c0021,264,4
c0021,267,2
c0021,268,5
c0021,269,4
c0021,272,2
c0021,273,3
c0021,274,1
c0021,275,3
c0021,276,2
c0021,277,4
c0021,279,1
c0021,283,1
c0021,290,1
c0021,291,8
c0021,294,2
c0021,295,12
c0021,296,14
c0021,297,7
c0021,298,1
c0021,299,1
c0021,300,3
c0021,301,4
c0021,303,6
c0021,304,5
c0021,306,4
c0021,307,5
c0021,308,5
c0021,309,1
c0021,310,1
c0021,311,1
c0021,312,4
c0021,313,6
c0021,314,4
c0021,315,1
c0021,318,1
c0021,319,1
c0021,321,1
c0021,323,1
c0021,325,2
c0021,328,4
c0021,336,2
c0021,343,2
c0021,345,1
c0021,346,1
c0022,2,7
c0022,4,1
c0022,17,1
c0022,20,1
c0022,26,1
c0022,30,12
c0022,35,2
c0022,42,2
c0022,46,7
c0022,48,13
c0022,49,2
c0022,50,12
c0022,51,16
c0022,52,5
c0022,53,9
c0022,54,8
c0022,55,7
c0022,56,5
c0022,57,13
c0022,58,5
c0022,59,9
c0022,60,3
c0022,62,6
c0022,65,1
c0022,66,3
c0022,67,4
c0022,68,6
c0022,69,6
c0022,70,7
c0022,71,14
c0022,72,4
c0022,73,1
c0022,74,6
c0022,75,4
c0022,76,8
c0022,77,3
c0022,79,4
c0022,80,2
c0022,81,1
c0022,82,10
c0022,83,5
c0022,84,13
c0022,85,6
c0022,86,3
c0022,87,4
c0022,88,5
c0022,89,1
c0022,95,2
c0022,98,3
c0022,99,4
c0022,100,2
c0022,102,3
c0022,103,6
c0022,104,5
c0022,107,4
c0022,108,5
c0022,109,5
c0022,111,5
c0022,114,2
c0022,115,3
c0022,118,1
c0022,120,5
c0022,121,6
c0022,122,8
c0022,123,4
c0022,124,12
c0022,125,2
c0022,126,4
c0022,127,7
c0022,128,7
c0022,129,2
c0022,131,4
c0022,132,1
c0022,139,3
c0022,140,2
c0022,141,4
c0022,142,2
c0022,144,1
c0022,145,4
c0022,147,2
c0022,148,5
c0022,149,1
c0022,150,6
c0022,151,5
c0022,153,3
c0022,155,3
c0022,156,2
c0022,158,1
c0022,159,7
c0022,163,7
c0022,164,3
c0022,167,4
c0022,168,3
c0022,169,2
c0022,170,2
c0022,171,4
c0022,172,3
c0022,180,6
c0022,181,1
c0022,185,1
c0022,186,2
c0022,190,8
c0022,191,2
c0022,193,2
c0022,194,5
c0022,198,1
c0022,201,1
c0022,213,2
c0022,215,1
c0022,216,1
c0022,225,1
c0022,233,1
c0022,235,1
c0022,236,2
c0022,238,1
c0022,244,4
c0022,249,1
c0022,250,1
c0022,252,3
c0022,253,2
c0022,254,3
c0022,255,1
c0022,258,1
c0022,259,1
c0022,261,1
c0022,263,1
c0022,268,3
c0022,269,5
c0022,275,1
c0022,277,1
c0022,279,1
c0022,290,1
c0022,291,2
c0022,295,4
c0022,296,5
c0022,297,4
c0022,298,5
c0022,300,3
c0022,301,1
c0022,303,1
c0022,304,3
c0022,306,4
c0022,308,3
c0022,312,4
c0022,313,3
c0022,314,1
c0022,316,3
c0022,319,1
c0022,333,1
c0022,335,3
c0023,1,1
c0023,7,3
c0023,8,1
c0023,10,8
c0023,11,1
c0023,16,50
c0023,17,2
c0023,18,21
c0023,19,1
c0023,20,22
c0023,21,1
c0023,24,11
c0023,25,27
c0023,27,2
c0023,28,5
c0023,29,3
c0023,31,1
c0023,32,4
c0023,34,6
c0023,35,4
c0023,36,3
c0023,37,1
c0023,38,1
c0023,45,1
c0023,46,15
c0023,48,10
c0023,49,10
c0023,50,18
c0023,51,9
c0023,52,18
c0023,53,24
c0023,54,10
c0023,55,15
c0023,56,6
c0023,57,28
c0023,58,12
c0023,59,13
c0023,60,10
c0023,61,6
c0023,62,7
c0023,63,4
c0023,66,5
c0023,67,25
c0023,68,16
c0023,69,11
c0023,70,9
c0023,71,10
c0023,72,14
c0023,73,17
c0023,74,19
c0023,75,11
c0023,76,28
c0023,77,11
c0023,78,10
c0023,79,6
c0023,80,4
c0023,81,13
c0023,82,14
c0023,83,10
c0023,84,31
c0023,85,15
c0023,86,16
c0023,87,8
c0023,88,5
c0023,89,10
c0023,90,3
c0023,91,3
c0023,93,2
c0023,94,11
c0023,95,4
c0023,97,13
c0023,98,2
c0023,99,9
c0023,100,4
c0023,101,2
c0023,102,5
c0023,103,9
c0023,104,9
c0023,106,3
c0023,107,4
c0023,108,10
c0023,109,7
c0023,111,25
c0023,113,10
c0023,114,5
c0023,115,14
c0023,116,1
c0023,117,2
c0023,118,3
c0023,119,3
c0023,120,22
c0023,121,7
c0023,122,8
c0023,123,12
c0023,124,17
c0023,125,23
c0023,126,26
c0023,127,12
c0023,128,29
c0023,130,1
c0023,131,1
c0023,133,1
c0023,135,4
c0023,137,5
c0023,139,14
c0023,141,2
c0023,142,21
c0023,143,3
c0023,144,56
c0023,145,1
c0023,146,1
c0023,147,27
c0023,148,5
c0023,149,7
c0023,150,32
c0023,151,17
c0023,152,3
c0023,153,12
c0023,154,16
c0023,155,17
c0023,156,16
c0023,157,2
c0023,158,31
c0023,159,14
c0023,161,1
c0023,163,17
c0023,164,13
c0023,167,42
c0023,168,11
c0023,169,26
c0023,170,5
c0023,171,17
c0023,172,16
c0023,176,1
c0023,177,1
c0023,178,4
c0023,179,13
c0023,180,28
c0023,181,11
c0023,183,12
c0023,184,3
c0023,185,2
c0023,186,7
c0023,189,1
c0023,190,18
c0023,191,11
c0023,192,17
c0023,193,16
c0023,194,23
c0023,195,9
c0023,196,1
c0023,197,5
c0023,199,1
c0023,200,9
c0023,201,3
c0023,204,5
c0023,205,1
c0023,208,2
c0023,213,18
c0023,214,1
c0023,215,9
c0023,216,4
c0023,225,7
c0023,228,3
c0023,229,1
c0023,230,2
c0023,231,7
c0023,233,3
c0023,234,1
c0023,235,11
c0023,236,12
c0023,237,2
c0023,244,16
c0023,249,2
c0023,250,4
c0023,251,3
c0023,252,3
c0023,253,1
c0023,254,3
c0023,255,5
c0023,257,24
c0023,258,12
c0023,261,5
c0023,262,20
c0023,263,11
c0023,264,11
c0023,265,6
c0023,267,8
c0023,268,13
c0023,269,12
c0023,270,1
c0023,272,9
c0023,273,1
c0023,274,4
c0023,275,5
c0023,276,7
c0023,277,10
c0023,278,2
c0023,279,4
c0023,280,3
c0023,283,3
c0023,284,9
c0023,285,2
c0023,288,12
c0023,289,2
c0023,291,3
c0023,292,1
c0023,293,1
c0023,294,1
c0023,295,4
c0023,296,7
c0023,297,4
c0023,298,9
c0023,300,2
c0023,301,7
c0023,303,6
c0023,304,9
c0023,305,8
c0023,306,5
c0023,307,9
c0023,308,2
c0023,311,2
c0023,312,4
c0023,313,3
c0023,314,6
c0023,316,6
c0023,318,3
c0023,319,1
c0023,321,1
c0023,322,3
c0023,325,6
c0023,326,3
c0023,327,7
c0023,328,14
c0023,329,1
c0023,333,5
c0023,338,3
c0023,341,2
c0023,342,7
c0023,343,5
c0023,345,9
c0024,1,3
c0024,2,3
c0024,7,13
c0024,9,5
c0024,10,23
c0024,11,5
c0024,13,5
c0024,14,3
c0024,16,13
c0024,17,7
c0024,19,6
c0024,20,6
c0024,21,1
c0024,22,1
c0024,24,6
c0024,25,8
c0024,26,19
c0024,27,1
c0024,28,20
c0024,29,16
c0024,30,1
c0024,31,22
c0024,32,12
c0024,33,1
c0024,34,12
c0024,35,3
c0024,37,3
c0024,42,1
c0024,45,3
c0024,46,9
c0024,48,11
c0024,49,6
c0024,50,15
c0024,51,22
c0024,52,8
c0024,53,19
c0024,54,10
c0024,55,8
c0024,56,11
c0024,57,14
c0024,58,7
c0024,59,25
c0024,60,21
c0024,61,3
c0024,62,39
c0024,63,3
c0024,65,3
c0024,66,14
c0024,67,12
c0024,68,10
c0024,69,33
c0024,70,15
c0024,71,9
c0024,72,18
c0024,73,13
c0024,74,17
c0024,75,27
c0024,76,37
c0024,77,8
c0024,78,8
c0024,79,7
c0024,80,3
c0024,81,6
c0024,82,8
c0024,83,7
c0024,84,22
c0024,85,41
c0024,86,28
c0024,87,10
c0024,88,35
c0024,89,11
c0024,90,11
c0024,93,5
c0024,94,11
c0024,95,20
c0024,98,12
c0024,99,6
c0024,100,3
c0024,101,1
c0024,102,4
c0024,103,14
c0024,104,9
c0024,106,1
c0024,107,7
c0024,108,34
c0024,109,10
c0024,111,11
c0024,112,3
c0024,113,10
c0024,114,7
c0024,115,36
c0024,116,4
c0024,118,7
c0024,119,14
c0024,120,21
c0024,121,15
c0024,122,11
c0024,123,11
c0024,124,13
c0024,125,3
c0024,126,15
c0024,127,8
c0024,128,15
c0024,132,3
c0024,134,2
c0024,135,3
c0024,137,1
c0024,138,1
c0024,139,8
c0024,140,4
c0024,142,15
c0024,144,14
c0024,147,21
c0024,148,9
c0024,150,17
c0024,151,16
c0024,152,3
c0024,153,2
c0024,154,9
c0024,155,6
c0024,156,12
c0024,158,7
c0024,159,9
c0024,163,11
c0024,164,4
c0024,167,18
c0024,168,17
c0024,169,20
c0024,170,5
c0024,171,27
c0024,172,16
c0024,176,1
c0024,178,1
c0024,179,6
c0024,180,9
c0024,181,4
c0024,183,9
c0024,186,7
c0024,188,1
c0024,189,1
c0024,190,6
c0024,191,4
c0024,192,4
c0024,193,10
c0024,194,6
c0024,195,11
c0024,196,3
c0024,197,5
c0024,200,20
c0024,201,2
c0024,203,1
c0024,204,17
c0024,208,2
c0024,210,2
c0024,211,1
c0024,212,33
c0024,213,30
c0024,214,1
c0024,215,34
c0024,216,22
c0024,217,1
c0024,218,17
c0024,220,4
c0024,221,2
c0024,222,2
c0024,223,1
c0024,225,7
c0024,227,3
c0024,228,8
c0024,229,1
c0024,230,7
c0024,233,27
c0024,234,3
c0024,235,4
c0024,236,6
c0024,244,4
c0024,249,2
c0024,251,2
c0024,252,6
c0024,254,3
c0024,255,11
c0024,257,1
c0024,258,8
c0024,261,1
c0024,262,1
c0024,266,2
c0024,267,2
c0024,268,8
c0024,269,6
c0024,272,5
c0024,273,11
c0024,275,10
c0024,276,6
c0024,277,6
c0024,279,3
c0024,284,3
c0024,288,4
c0024,290,1
c0024,291,408
c0024,292,190
c0024,293,128
c0024,294,36
c0024,295,296
c0024,296,312
c0024,297,412
c0024,298,234
c0024,299,20
c0024,300,242
c0024,301,310
c0024,302,187
c0024,303,376
c0024,304,301
c0024,305,248
c0024,306,206
c0024,307,326
c0024,308,309
c0024,309,60
c0024,310,140
c0024,311,160
c0024,312,213
c0024,313,143
c0024,314,356
c0024,315,50
c0024,316,222
c0024,317,75
c0024,318,123
c0024,319,55
c0024,320,24
c0024,321,133
c0024,322,83
c0024,323,100
c0024,324,24
c0024,325,382
c0024,328,9
c0024,335,1
c0024,336,5
c0024,343,3
c0024,345,3
c0024,346,1
c0025,1,2
c0025,2,2
c0025,3,2
c0025,7,5
c0025,10,17
c0025,11,4
c0025,12,27
c0025,13,3
c0025,14,3
c0025,16,9
c0025,17,1
c0025,18,1
c0025,19,2
c0025,20,7
c0025,23,1
c0025,24,6
c0025,25,2
c0025,26,1
c0025,27,1
c0025,28,18
c0025,29,11
c0025,31,4
c0025,32,9
c0025,34,2
c0025,35,1
c0025,36,5
c0025,40,1
c0025,43,3
c0025,46,21
c0025,48,18
c0025,49,6
c0025,50,25
c0025,51,23
c0025,52,22
c0025,53,33
c0025,54,18
c0025,55,18
c0025,56,19
c0025,57,27
c0025,58,8
c0025,59,25
c0025,60,17
c0025,61,11
c0025,62,9
c0025,63,13
c0025,64,1
c0025,65,2
c0025,66,10
c0025,67,17
c0025,68,30
c0025,69,14
c0025,70,17
c0025,71,14
c0025,72,21
c0025,73,15
c0025,74,13
c0025,75,14
c0025,76,37
c0025,77,12
c0025,78,13
c0025,79,13
c0025,80,11
c0025,81,10
c0025,82,15
c0025,83,21
c0025,84,36
c0025,85,20
c0025,86,26
c0025,87,7
c0025,88,4
c0025,89,9
c0025,94,8
c0025,95,4
c0025,98,12
c0025,99,11
c0025,100,5
c0025,101,5
c0025,102,4
c0025,103,5
c0025,104,11
c0025,105,1
c0025,106,2
c0025,107,7
c0025,108,19
c0025,109,9
c0025,111,10
c0025,112,5
c0025,113,6
c0025,114,5
c0025,115,6
c0025,116,1
c0025,117,1
c0025,118,1
c0025,119,9
c0025,120,20
c0025,121,10
c0025,122,9
c0025,123,25
c0025,124,26
c0025,125,19
c0025,126,18
c0025,127,19
c0025,128,16
c0025,129,2
c0025,130,1
c0025,131,5
c0025,132,2
c0025,135,3
c0025,137,15
c0025,139,6
c0025,140,3
c0025,142,27
c0025,144,17
c0025,147,32
c0025,148,19
c0025,149,4
c0025,150,20
c0025,151,25
c0025,152,8
c0025,153,14
c0025,154,16
c0025,155,17
c0025,156,45
c0025,158,12
c0025,159,19
c0025,161,1
c0025,163,19
c0025,164,18
c0025,166,2
c0025,167,11
c0025,168,6
c0025,169,14
c0025,170,9
c0025,171,25
c0025,172,10
c0025,176,1
c0025,177,8
c0025,178,1
c0025,179,8
c0025,180,21
c0025,181,12
c0025,183,17
c0025,185,2
c0025,186,11
c0025,190,11
c0025,191,20
c0025,192,13
c0025,193,17
c0025,194,17
c0025,195,21
c0025,196,1
c0025,197,8
c0025,199,3
c0025,200,19
c0025,201,8
c0025,203,1
c0025,204,1
c0025,206,1
c0025,207,1
c0025,211,4
c0025,212,3
c0025,213,13
c0025,214,2
c0025,215,7
c0025,216,10
c0025,223,1
c0025,225,2
c0025,226,1
c0025,228,10
c0025,230,24
c0025,231,1
c0025,233,4
c0025,234,4
c0025,235,10
c0025,236,35
c0025,237,5
c0025,238,3
c0025,241,36
c0025,244,11
c0025,247,1
c0025,249,10
c0025,250,5
c0025,251,2
c0025,252,1
c0025,253,2
c0025,254,1
c0025,255,4
c0025,257,4
c0025,258,2
c0025,259,1
c0025,261,1
c0025,262,4
c0025,263,1
c0025,264,1
c0025,265,1
c0025,266,1
c0025,267,9
c0025,268,18
c0025,269,10
c0025,272,8
c0025,273,20
c0025,274,9
c0025,275,19
c0025,276,6
c0025,277,2
c0025,278,9
c0025,279,2
c0025,281,1
c0025,283,7
c0025,284,7
c0025,285,2
c0025,288,5
c0025,289,5
c0025,290,3
c0025,291,4
c0025,292,5
c0025,293,1
c0025,294,1
c0025,295,11
c0025,296,8
c0025,297,12
c0025,298,9
c0025,299,1
c0025,300,7
c0025,301,3
c0025,302,7
c0025,303,10
c0025,304,10
c0025,305,9
c0025,306,16
c0025,307,5
c0025,308,3
c0025,310,3
c0025,311,4
c0025,312,10
c0025,313,6
c0025,314,12
c0025,315,1
c0025,316,8
c0025,317,2
c0025,318,6
c0025,319,1
c0025,321,5
c0025,322,1
c0025,323,3
c0025,325,10
c0025,328,6
c0025,340,2
c0025,343,4
c0025,345,5
c0025,346,1
c0026,1,1
c0026,2,11
c0026,4,3
c0026,7,9
c0026,10,32
c0026,11,7
c0026,13,1
c0026,14,10
c0026,16,23
c0026,17,4
c0026,18,3
c0026,19,13
c0026,20,13
c0026,21,3
c0026,23,1
c0026,24,13
c0026,25,14
c0026,26,2
c0026,27,8
c0026,28,17
c0026,29,15
c0026,30,3
c0026,31,4
c0026,32,11
c0026,34,7
c0026,35,5
c0026,36,5
c0026,37,28
c0026,38,1
c0026,39,9
c0026,40,4
c0026,43,9
c0026,44,2
c0026,45,16
c0026,46,107
c0026,48,97
c0026,49,59
c0026,50,89
c0026,51,91
c0026,52,67
c0026,53,100
c0026,54,71
c0026,55,74
c0026,56,74
c0026,57,81
c0026,58,59
c0026,59,139
c0026,60,75
c0026,61,51
c0026,62,45
c0026,63,59
c0026,64,26
c0026,66,64
c0026,67,56
c0026,68,74
c0026,69,72
c0026,70,46
c0026,71,73
c0026,72,71
c0026,73,67
c0026,74,84
c0026,75,72
c0026,76,145
c0026,77,64
c0026,78,93
c0026,79,46
c0026,80,33
c0026,81,37
c0026,82,90
c0026,83,44
c0026,84,100
c0026,85,55
c0026,86,57
c0026,87,64
c0026,88,10
c0026,89,15
c0026,90,24
c0026,91,5
c0026,94,38
c0026,95,35
c0026,96,13
c0026,97,2
c0026,98,50
c0026,99,27
c0026,100,26
c0026,101,25
c0026,102,15
c0026,103,58
c0026,104,67
c0026,105,6
c0026,106,10
c0026,107,16
c0026,108,37
c0026,109,45
c0026,111,64
c0026,112,3
c0026,113,31
c0026,114,30
c0026,115,32
c0026,116,2
c0026,117,15
c0026,118,7
c0026,119,39
c0026,120,100
c0026,121,71
c0026,122,51
c0026,123,76
c0026,124,164
c0026,125,76
c0026,126,101
c0026,127,86
c0026,128,126
c0026,129,12
c0026,130,9
c0026,131,14
c0026,132,5
c0026,133,6
c0026,134,2
c0026,135,1
c0026,136,9
c0026,137,32
c0026,138,3
c0026,139,49
c0026,140,11
c0026,141,5
c0026,142,63
c0026,143,13
c0026,144,43
c0026,145,12
c0026,146,2
c0026,147,79
c0026,148,62
c0026,149,50
c0026,150,108
c0026,151,97
c0026,152,8
c0026,153,38
c0026,154,47
c0026,155,54
c0026,156,133
c0026,157,8
c0026,158,98
c0026,159,80
c0026,160,12
c0026,163,51
c0026,164,52
c0026,166,6
c0026,167,143
c0026,168,52
c0026,169,110
c0026,170,29
c0026,171,122
c0026,172,49
c0026,173,7
c0026,174,10
c0026,175,6
c0026,176,13
c0026,177,2
c0026,178,32
c0026,179,44
c0026,180,88
c0026,181,54
c0026,182,4
c0026,183,73
c0026,184,2
c0026,185,10
c0026,186,32
c0026,188,1
c0026,190,65
c0026,191,65
c0026,192,72
c0026,193,80
c0026,194,139
c0026,195,20
c0026,196,7
c0026,197,13
c0026,198,9
c0026,199,7
c0026,200,20
c0026,201,3
c0026,203,1
c0026,204,4
c0026,205,2
c0026,207,3
c0026,210,5
c0026,211,2
c0026,212,6
c0026,213,21
c0026,214,32
c0026,215,14
c0026,216,19
c0026,217,2
c0026,218,10
c0026,219,1
c0026,220,2
c0026,221,1
c0026,222,4
c0026,225,5
c0026,227,7
c0026,228,4
c0026,229,8
c0026,230,2
c0026,231,1
c0026,232,96
c0026,233,8
c0026,234,5
c0026,235,41
c0026,236,67
c0026,237,15
c0026,239,2
c0026,240,260
c0026,241,24
c0026,242,35
c0026,244,46
c0026,246,1
c0026,247,2
c0026,248,3
c0026,249,20
c0026,250,10
c0026,251,13
c0026,252,9
c0026,253,3
c0026,254,12
c0026,255,20
c0026,256,6
c0026,257,37
c0026,258,38
c0026,259,3
c0026,260,10
c0026,261,24
c0026,262,42
c0026,263,21
c0026,264,11
c0026,265,11
c0026,266,35
c0026,267,19
c0026,268,20
c0026,269,12
c0026,270,7
c0026,271,3
c0026,272,11
c0026,273,15
c0026,274,15
c0026,275,37
c0026,276,8
c0026,277,15
c0026,278,14
c0026,279,8
c0026,280,17
c0026,281,7
c0026,282,22
c0026,283,15
c0026,284,12
c0026,285,3
c0026,287,6
c0026,288,9
c0026,289,28
c0026,290,2
c0026,291,43
c0026,292,14
c0026,293,3
c0026,294,5
c0026,295,36
c0026,296,45
c0026,297,62
c0026,298,36
c0026,299,7
c0026,300,23
c0026,301,22
c0026,302,7
c0026,303,56
c0026,304,31
c0026,305,43
c0026,306,26
c0026,307,29
c0026,308,45
c0026,309,3
c0026,310,8
c0026,311,19
c0026,312,25
c0026,313,22
c0026,314,24
c0026,315,3
c0026,316,14
c0026,317,5
c0026,318,5
c0026,319,7
c0026,320,2
c0026,321,8
c0026,322,2
c0026,323,8
c0026,324,1
c0026,325,24
c0026,328,17
c0026,329,2
c0026,333,4
c0026,334,3
c0026,335,3
c0026,339,6
c0026,343,12
c0026,344,1
c0026,345,9
c0026,346,5
c0027,1,1
c0027,9,1
c0027,12,4
c0027,14,2
c0027,15,3
c0027,20,2
c0027,21,1
c0027,24,2
c0027,29,3
c0027,33,3
c0027,35,1
c0027,38,1
c0027,52,7
c0027,53,3
c0027,54,4
c0027,55,1
c0027,56,8
c0027,57,5
c0027,58,5
c0027,59,12
c0027,60,9
c0027,61,11
c0027,62,2
c0027,63,16
c0027,64,4
c0027,65,3
c0027,66,3
c0027,67,2
c0027,68,3
c0027,71,6
c0027,72,2
c0027,73,2
c0027,74,2
c0027,75,5
c0027,76,1
c0027,77,2
c0027,78,5
c0027,79,2
c0027,80,9
c0027,81,4
c0027,82,4
c0027,84,1
c0027,85,5
c0027,86,9
c0027,87,4
c0027,88,7
c0027,89,4
c0027,90,1
c0027,91,5
c0027,92,15
c0027,93,5
c0027,94,9
c0027,95,8
c0027,101,1
c0027,103,1
c0027,105,1
c0027,108,3
c0027,109,4
c0027,110,10
c0027,111,5
c0027,112,16
c0027,113,3
c0027,114,3
c0027,115,6
c0027,116,8
c0027,117,5
c0027,120,6
c0027,123,10
c0027,124,5
c0027,125,6
c0027,126,13
c0027,131,2
c0027,132,7
c0027,133,6
c0027,134,2
c0027,136,5
c0027,140,1
c0027,145,4
c0027,146,1
c0027,149,1
c0027,151,3
c0027,158,3
c0027,159,11
c0027,160,4
c0027,161,6
c0027,162,4
c0027,163,12
c0027,164,12
c0027,165,11
c0027,166,2
c0027,167,6
c0027,168,5
c0027,169,22
c0027,170,12
c0027,171,5
c0027,172,4
c0027,173,6
c0027,174,6
c0027,175,11
c0027,176,4
c0027,177,4
c0027,178,7
c0027,179,15
c0027,180,8
c0027,181,8
c0027,182,12
c0027,183,1
c0027,185,12
c0027,186,1
c0027,188,2
c0027,189,1
c0027,191,3
c0027,192,10
c0027,198,2
c0027,200,2
c0027,203,6
c0027,204,7
c0027,205,10
c0027,206,5
c0027,207,2
c0027,213,3
c0027,215,1
c0027,227,2
c0027,229,1
c0027,230,1
c0027,239,3
c0027,246,1
c0027,250,1
c0027,251,1
c0027,253,3
c0027,254,1
c0027,258,1
c0027,262,1
c0027,263,1
c0027,267,3
c0027,268,2
c0027,275,4
c0027,277,1
c0027,278,1
c0027,279,1
c0027,285,1
c0027,286,1
c0027,291,3
c0027,295,2
c0027,296,2
c0027,298,1
c0027,299,1
c0027,302,1
c0027,307,1
c0027,310,1
c0027,311,2
c0027,313,3
c0027,316,2
c0027,317,5
c0027,318,5
c0027,319,2
c0027,321,3
c0027,322,1
c0027,324,4
c0027,325,1
c0027,326,1
c0027,327,3
c0027,329,1
c0027,330,3
c0027,331,1
c0027,332,2
c0027,333,4
c0027,335,2
c0027,336,1
c0027,341,1
c0027,342,2
c0027,346,2
c0027,348,3
c0027,363,1
c0027,370,1
c0028,1,4
c0028,2,13
c0028,3,2
c0028,4,8
c0028,8,18
c0028,9,19
c0028,10,4
c0028,11,1
c0028,12,58
c0028,13,15
c0028,14,30
c0028,15,24
c0028,16,25
c0028,17,17
c0028,18,2
c0028,19,10
c0028,20,52
c0028,21,7
c0028,22,81
c0028,23,16
c0028,24,29
c0028,25,1
c0028,26,45
c0028,27,6
c0028,28,17
c0028,29,29
c0028,30,13
c0028,31,6
c0028,32,17
c0028,33,7
c0028,34,11
c0028,35,2
c0028,36,4
c0028,39,6
c0028,41,16
c0028,42,126
c0028,43,7
c0028,44,14
c0028,45,28
c0028,46,14
c0028,47,42
c0028,48,9
c0028,49,6
c0028,50,69
c0028,51,8
c0028,52,107
c0028,53,84
c0028,54,88
c0028,55,121
c0028,56,86
c0028,57,118
c0028,58,61
c0028,59,166
c0028,60,113
c0028,61,125
c0028,62,174
c0028,63,310
c0028,64,92
c0028,65,33
c0028,66,48
c0028,67,50
c0028,68,127
c0028,69,12
c0028,70,5
c0028,71,129
c0028,72,108
c0028,73,53
c0028,74,36
c0028,75,25
c0028,76,93
c0028,77,50
c0028,78,114
c0028,79,41
c0028,80,130
c0028,81,39
c0028,82,84
c0028,83,9
c0028,84,23
c0028,85,49
c0028,86,139
c0028,87,162
c0028,88,105
c0028,89,107
c0028,90,91
c0028,91,88
c0028,92,157
c0028,93,57
c0028,94,99
c0028,95,86
c0028,96,44
c0028,97,20
c0028,98,50
c0028,99,99
c0028,100,2
c0028,101,19
c0028,102,22
c0028,103,29
c0028,104,71
c0028,105,60
c0028,107,2
c0028,108,84
c0028,109,16
c0028,110,99
c0028,111,61
c0028,112,121
c0028,113,4
c0028,114,100
c0028,115,53
c0028,116,80
c0028,117,90
c0028,118,7
c0028,119,32
c0028,120,71
c0028,121,48
c0028,122,5
c0028,123,121
c0028,124,49
c0028,125,84
c0028,126,84
c0028,127,19
c0028,128,14
c0028,129,4
c0028,130,15
c0028,131,19
c0028,132,56
c0028,133,85
c0028,134,40
c0028,135,46
c0028,136,113
c0028,137,7
c0028,138,7
c0028,139,16
c0028,140,4
c0028,141,31
c0028,142,14
c0028,143,10
c0028,144,4
c0028,145,10
c0028,146,3
c0028,147,19
c0028,148,4
c0028,149,26
c0028,150,60
c0028,151,20
c0028,152,13
c0028,153,91
c0028,154,30
c0028,156,2
c0028,157,23
c0028,158,83
c0028,159,58
c0028,160,44
c0028,161,76
c0028,162,47
c0028,163,77
c0028,164,58
c0028,165,80
c0028,166,52
c0028,167,54
c0028,168,65
c0028,169,70
c0028,170,103
c0028,171,47
c0028,172,28
c0028,173,81
c0028,174,32
c0028,175,98
c0028,176,118
c0028,177,40
c0028,178,68
c0028,179,106
c0028,180,57
c0028,181,116
c0028,182,139
c0028,183,22
c0028,185,129
c0028,186,47
c0028,187,53
c0028,188,58
c0028,189,67
c0028,190,5
c0028,191,17
c0028,192,116
c0028,193,19
c0028,194,177
c0028,195,9
c0028,196,28
c0028,197,43
c0028,198,15
c0028,199,55
c0028,200,82
c0028,202,34
c0028,203,79
c0028,204,106
c0028,205,136
c0028,206,154
c0028,207,26
c0028,208,44
c0028,209,12
c0028,210,5
c0028,212,17
c0028,213,35
c0028,214,56
c0028,215,8
c0028,217,6
c0028,218,11
c0028,219,1
c0028,220,14
c0028,222,4
c0028,223,2
c0028,224,11
c0028,225,12
c0028,226,50
c0028,227,27
c0028,228,8
c0028,229,23
c0028,230,28
c0028,231,2
c0028,232,30
c0028,233,5
c0028,234,2
c0028,236,11
c0028,239,9
c0028,242,15
c0028,243,10
c0028,244,10
c0028,245,2
c0028,246,66
c0028,247,9
c0028,248,39
c0028,249,43
c0028,251,73
c0028,252,24
c0028,253,33
c0028,254,59
c0028,255,132
c0028,258,10
c0028,259,18
c0028,260,43
c0028,262,26
c0028,263,26
c0028,264,1
c0028,265,13
c0028,266,4
c0028,267,23
c0028,268,31
c0028,269,24
c0028,271,11
c0028,272,10
c0028,273,21
c0028,274,3
c0028,275,21
c0028,277,19
c0028,278,169
c0028,279,38
c0028,280,36
c0028,281,18
c0028,282,98
c0028,283,154
c0028,284,122
c0028,285,84
c0028,286,62
c0028,287,47
c0028,288,19
c0028,289,3
c0028,290,3
c0028,291,32
c0028,292,18
c0028,294,1
c0028,295,12
c0028,296,12
c0028,297,4
c0028,298,11
c0028,299,11
c0028,300,7
c0028,301,12
c0028,302,7
c0028,304,21
c0028,305,5
c0028,306,10
c0028,307,10
c0028,308,2
c0028,310,21
c0028,311,11
c0028,313,140
c0028,314,32
c0028,315,112
c0028,316,15
c0028,317,141
c0028,318,163
c0028,319,97
c0028,320,114
c0028,321,119
c0028,322,149
c0028,323,52
c0028,324,93
c0028,325,131
c0028,326,72
c0028,327,103
c0028,328,96
c0028,329,96
c0028,330,113
c0028,331,12
c0028,332,46
c0028,333,74
c0028,334,74
c0028,335,49
c0028,336,151
c0028,337,43
c0028,341,23
c0028,342,60
c0028,343,15
c0028,345,49
c0028,346,20
c0028,347,9
c0028,348,175
c0028,349,22
c0028,350,17
c0028,351,38
c0028,352,105
c0028,353,2
c0028,354,15
c0028,355,62
c0028,356,31
c0028,357,16
c0028,360,31
c0028,361,1
c0028,362,52
c0028,363,11
c0028,366,5
c0028,367,1
c0028,368,1
c0028,369,6
c0028,370,53
c0028,372,2
c0028,373,59
c0028,374,8
c0029,2,10
c0029,3,1
c0029,5,4
c0029,6,1
c0029,8,18
c0029,9,5
c0029,12,12
c0029,13,2
c0029,14,6
c0029,15,12
c0029,16,6
c0029,17,8
c0029,18,4
c0029,20,21
c0029,21,10
c0029,22,8
c0029,23,3
c0029,24,16
c0029,25,3
c0029,27,11
c0029,28,7
c0029,29,15
c0029,30,8
c0029,31,4
c0029,32,9
c0029,33,9
c0029,34,7
c0029,35,1
c0029,36,9
c0029,37,1
c0029,38,3
c0029,39,6
c0029,40,1
c0029,41,4
c0029,42,15
c0029,44,2
c0029,45,2
c0029,48,3
c0029,50,5
c0029,51,3
c0029,52,63
c0029,53,57
c0029,54,30
c0029,55,48
c0029,56,46
c0029,57,85
c0029,58,26
c0029,59,65
c0029,60,33
c0029,61,65
c0029,62,32
c0029,63,107
c0029,64,33
c0029,65,16
c0029,66,21
c0029,67,31
c0029,68,32
c0029,69,8
c0029,70,2
c0029,71,49
c0029,72,38
c0029,73,22
c0029,74,16
c0029,75,12
c0029,76,26
c0029,77,17
c0029,78,20
c0029,79,22
c0029,80,32
c0029,81,6
c0029,82,30
c0029,83,4
c0029,84,12
c0029,85,16
c0029,86,61
c0029,87,36
c0029,88,40
c0029,89,25
c0029,90,46
c0029,91,46
c0029,92,83
c0029,93,26
c0029,94,39
c0029,95,67
c0029,96,7
c0029,97,1
c0029,98,50
c0029,99,1
c0029,100,40
c0029,101,12
c0029,102,11
c0029,103,27
c0029,104,6
c0029,105,8
c0029,107,4
c0029,108,36
c0029,109,18
c0029,110,57
c0029,111,29
c0029,112,57
c0029,113,3
c0029,114,38
c0029,115,30
c0029,116,55
c0029,117,34
c0029,118,4
c0029,119,2
c0029,120,33
c0029,121,18
c0029,122,6
c0029,123,79
c0029,124,22
c0029,125,41
c0029,126,61
c0029,127,9
c0029,129,12
c0029,130,17
c0029,131,5
c0029,132,13
c0029,133,58
c0029,134,28
c0029,135,9
c0029,136,33
c0029,137,4
c0029,138,2
c0029,140,2
c0029,141,7
c0029,142,2
c0029,143,4
c0029,144,2
c0029,146,2
c0029,147,5
c0029,149,11
c0029,150,3
c0029,151,61
c0029,152,5
c0029,153,21
c0029,154,2
c0029,155,7
c0029,156,11
c0029,157,63
c0029,158,40
c0029,159,45
c0029,160,27
c0029,161,55
c0029,162,25
c0029,163,32
c0029,164,25
c0029,165,46
c0029,166,31
c0029,167,23
c0029,168,31
c0029,169,40
c0029,170,36
c0029,171,43
c0029,172,15
c0029,173,50
c0029,174,28
c0029,175,42
c0029,176,57
c0029,177,47
c0029,178,39
c0029,179,48
c0029,180,48
c0029,181,41
c0029,182,79
c0029,183,7
c0029,185,48
c0029,186,24
c0029,187,14
c0029,188,16
c0029,189,25
c0029,190,18
c0029,191,13
c0029,192,78
c0029,193,7
c0029,194,57
c0029,195,5
c0029,196,3
c0029,198,7
c0029,199,2
c0029,200,33
c0029,202,7
c0029,203,43
c0029,204,37
c0029,205,65
c0029,206,109
c0029,207,28
c0029,208,29
c0029,209,31
c0029,210,9
c0029,212,6
c0029,213,13
c0029,214,11
c0029,215,9
c0029,216,1
c0029,217,3
c0029,218,2
c0029,219,2
c0029,220,3
c0029,221,29
c0029,223,7
c0029,224,2
c0029,225,22
c0029,226,23
c0029,227,11
c0029,228,36
c0029,229,4
c0029,230,8
c0029,231,1
c0029,232,1
c0029,233,2
c0029,234,13
c0029,235,2
c0029,239,4
c0029,242,5
c0029,243,11
c0029,244,8
c0029,245,1
c0029,246,4
c0029,248,1
c0029,251,5
c0029,252,1
c0029,253,21
c0029,254,35
c0029,255,6
c0029,256,8
c0029,257,2
c0029,258,150
c0029,259,26
c0029,260,17
c0029,261,5
c0029,262,18
c0029,263,7
c0029,264,3
c0029,266,4
c0029,267,15
c0029,268,10
c0029,269,21
c0029,271,5
c0029,272,5
c0029,273,10
c0029,274,8
c0029,275,36
c0029,276,16
c0029,277,11
c0029,278,9
c0029,279,26
c0029,280,3
c0029,281,32
c0029,282,8
c0029,283,14
c0029,284,5
c0029,285,4
c0029,286,4
c0029,287,1
c0029,288,4
c0029,289,35
c0029,290,15
c0029,291,23
c0029,292,11
c0029,293,21
c0029,294,9
c0029,295,16
c0029,296,16
c0029,297,1
c0029,298,6
c0029,299,10
c0029,300,5
c0029,301,7
c0029,302,4
c0029,303,9
c0029,304,4
c0029,305,4
c0029,306,6
c0029,307,10
c0029,308,12
c0029,309,2
c0029,310,8
c0029,311,6
c0029,312,5
c0029,313,26
c0029,314,1
c0029,315,8
c0029,316,7
c0029,317,24
c0029,318,19
c0029,319,14
c0029,320,15
c0029,321,9
c0029,322,10
c0029,323,3
c0029,324,17
c0029,325,19
c0029,326,12
c0029,327,12
c0029,328,18
c0029,329,23
c0029,330,11
c0029,331,16
c0029,332,2
c0029,333,5
c0029,334,5
c0029,335,13
c0029,336,13
c0029,337,3
c0029,341,4
c0029,342,6
c0029,345,2
c0029,346,3
c0029,347,1
c0029,348,10
c0029,349,3
c0029,352,13
c0029,355,6
c0029,356,3
c0029,360,7
c0029,362,9
c0029,363,12
c0029,365,4
c0029,366,1
c0029,367,8
c0029,370,3
c0029,373,5
c0029,374,3
c0030,255,1
c0030,256,5
c0030,257,1
c0030,258,5
c0031,255,477
c0031,256,134
c0031,257,393
c0031,258,584
c0031,259,27
c0032,270,13
c0032,271,24
c0032,272,54
c0032,273,50
c0032,275,9
c0032,276,46
c0032,277,34
c0032,278,32
c0032,279,18
c0032,280,66
c0032,281,30
c0032,282,30
c0032,283,11
c0032,284,18
c0032,285,1
c0032,286,3
c0032,287,5
c0032,288,13
c0032,289,35
c0032,290,11
c0032,291,15
c0032,292,1
c0032,293,22
c0032,294,8
c0032,295,10
c0032,296,3
c0033,48,20
c0033,49,10
c0033,50,23
c0033,51,18
c0033,52,30
c0033,53,26
c0033,54,29
c0033,55,43
c0033,56,16
c0033,57,25
c0033,58,24
c0033,59,45
c0033,60,23
c0033,61,36
c0033,62,37
c0033,63,2
c0033,64,7
c0033,65,12
c0033,66,4
c0033,69,19
c0033,70,29
c0033,71,48
c0033,72,37
c0033,73,36
c0033,74,28
c0033,75,33
c0033,76,30
c0033,77,44
c0033,78,40
c0033,79,65
c0033,80,37
c0033,81,1
c0033,82,12
c0033,83,11
c0033,84,10
c0033,85,34
c0033,86,19
c0033,87,38
c0033,88,38
c0033,89,31
c0033,90,30
c0033,91,11
c0033,92,23
c0033,93,8
c0033,94,1
c0033,95,5
c0033,96,39
c0033,97,10
c0033,99,15
c0033,100,25
c0033,103,22
c0033,104,27
c0033,105,19
c0033,106,9
c0033,107,11
c0033,108,33
c0033,109,11
c0033,111,8
c0033,112,10
c0033,113,49
c0033,114,34
c0033,115,22
c0033,116,31
c0033,117,23
c0033,118,10
c0033,119,17
c0033,120,21
c0033,123,1
c0033,124,3
c0033,125,35
c0033,126,46
c0033,127,34
c0033,128,30
c0033,129,38
c0033,130,26
c0033,131,65
c0033,132,5
c0033,134,4
c0033,135,2
c0033,137,2
c0033,140,11
c0033,142,18
c0033,143,36
c0033,144,1
c0033,145,3
c0033,146,30
c0033,147,1
c0033,148,84
c0033,151,46
c0033,152,44
c0033,153,35
c0033,154,13
c0033,155,52
c0033,156,60
c0033,157,8
c0033,158,15
c0033,159,10
c0033,160,30
c0033,161,28
c0033,162,2
c0033,163,68
c0033,164,23
c0033,165,63
c0033,166,42
c0033,170,13
c0033,171,25
c0033,172,2
c0033,174,51
c0033,175,48
c0033,176,76
c0033,177,22
c0033,178,41
c0033,179,5
c0033,180,36
c0033,182,1
c0033,185,3
c0033,186,5
c0033,187,21
c0033,188,33
c0033,189,35
c0033,190,17
c0033,191,15
c0033,193,5
c0033,194,5
c0033,195,6
c0033,196,2
c0034,48,74
c0034,49,47
c0034,50,108
c0034,51,56
c0034,52,89
c0034,53,172
c0034,54,106
c0034,55,200
c0034,56,86
c0034,57,75
c0034,58,95
c0034,59,123
c0034,60,28
c0034,61,147
c0034,62,75
c0034,63,26
c0034,64,53
c0034,65,36
c0034,66,40
c0034,67,5
c0034,68,4
c0034,69,30
c0034,70,72
c0034,71,121
c0034,72,104
c0034,73,118
c0034,74,101
c0034,75,186
c0034,76,64
c0034,77,88
c0034,78,108
c0034,79,295
c0034,80,71
c0034,81,39
c0034,82,36
c0034,83,44
c0034,84,47
c0034,85,132
c0034,86,82
c0034,87,248
c0034,88,109
c0034,89,57
c0034,90,71
c0034,91,27
c0034,92,56
c0034,93,6
c0034,94,4
c0034,95,7
c0034,96,95
c0034,97,48
c0034,99,38
c0034,100,93
c0034,101,2
c0034,103,38
c0034,104,52
c0034,105,31
c0034,106,34
c0034,107,26
c0034,108,44
c0034,109,66
c0034,111,21
c0034,112,43
c0034,113,96
c0034,114,63
c0034,115,67
c0034,116,124
c0034,117,39
c0034,118,24
c0034,119,59
c0034,120,24
c0034,123,1
c0034,124,5
c0034,125,61
c0034,126,130
c0034,127,89
c0034,128,52
c0034,129,102
c0034,130,111
c0034,131,92
c0034,132,5
c0034,133,21
c0034,134,17
c0034,135,10
c0034,136,7
c0034,137,1
c0034,138,5
c0034,140,29
c0034,141,29
c0034,142,45
c0034,143,93
c0034,145,17
c0034,146,60
c0034,147,1
c0034,148,116
c0034,149,7
c0034,150,1
c0034,151,68
c0034,152,64
c0034,153,59
c0034,154,20
c0034,155,99
c0034,156,41
c0034,157,4
c0034,158,44
c0034,159,61
c0034,160,56
c0034,161,118
c0034,162,2
c0034,163,66
c0034,164,59
c0034,165,76
c0034,166,89
c0034,169,1
c0034,170,66
c0034,171,73
c0034,172,14
c0034,174,117
c0034,175,56
c0034,176,87
c0034,177,37
c0034,178,60
c0034,179,12
c0034,180,67
c0034,186,5
c0034,187,54
c0034,188,40
c0034,189,75
c0034,190,53
c0034,191,26
c0034,192,2
c0034,193,14
c0034,194,1
c0034,195,9
c0034,196,1
c0035,50,331
c0035,51,208
c0035,52,365
c0035,53,145
c0035,54,353
c0035,55,303
c0035,56,467
c0035,57,226
c0035,58,266
c0035,59,259
c0035,60,330
c0035,62,370
c0035,63,315
c0035,64,157
c0035,65,263
c0035,66,135
c0035,67,26
c0035,68,52
c0035,69,163
c0035,70,245
c0035,71,332
c0035,72,392
c0035,73,339
c0035,74,236
c0035,75,374
c0035,76,345
c0035,77,204
c0035,78,534
c0035,79,210
c0035,80,334
c0035,81,164
c0035,82,81
c0035,83,123
c0035,84,254
c0035,85,195
c0035,86,434
c0035,87,200
c0035,88,238
c0035,89,185
c0035,90,112
c0035,91,85
c0035,92,65
c0035,93,22
c0035,95,331
c0035,96,279
c0035,97,107
c0035,98,7
c0035,99,64
c0035,100,242
c0035,101,120
c0035,102,88
c0035,103,141
c0035,104,54
c0035,105,148
c0035,106,238
c0035,107,29
c0035,108,32
c0035,109,92
c0035,110,165
c0035,111,151
c0035,112,261
c0035,113,135
c0035,114,102
c0035,115,154
c0035,116,44
c0035,117,115
c0035,118,51
c0035,119,25
c0035,120,208
c0035,121,364
c0035,122,89
c0035,123,218
c0035,124,444
c0035,125,289
c0035,126,163
c0035,127,299
c0035,128,247
c0035,129,79
c0035,130,130
c0035,131,153
c0035,132,169
c0035,133,4
c0035,134,54
c0035,135,34
c0035,136,99
c0035,137,45
c0035,138,194
c0035,139,22
c0035,140,86
c0035,141,246
c0035,142,94
c0035,143,267
c0035,144,140
c0035,145,26
c0035,146,175
c0035,147,201
c0035,148,187
c0035,149,66
c0035,150,285
c0035,151,176
c0035,152,32
c0035,153,104
c0035,154,164
c0035,155,142
c0035,156,236
c0035,157,10
c0035,158,162
c0035,159,124
c0035,160,197
c0035,161,202
c0035,162,66
c0035,163,32
c0035,164,4
c0035,165,188
c0035,166,177
c0035,167,63
c0035,168,29
c0035,169,233
c0035,170,117
c0035,171,222
c0035,172,119
c0035,173,204
c0035,174,41
c0035,175,182
c0035,176,14
c0035,177,38
c0035,178,3
c0035,179,8
c0035,180,14
c0035,181,36
c0035,182,109
c0035,183,175
c0035,184,84
c0035,185,53
c0035,186,176
c0035,187,18
c0035,188,9
c0035,189,93
c0035,190,15
c0035,191,26
c0035,192,31
c0035,193,11
c0035,194,14
c0035,195,8
c0035,196,8
c0035,197,8
c0035,198,14
c0035,199,4
c0035,200,5
c0035,201,220
c0035,202,128
c0035,203,119
c0035,204,135
c0036,265,2
c0036,267,1
c0036,268,1
c0037,0,18
c0037,1,271
c0037,2,877
c0037,3,116
c0037,4,222
c0037,5,56
c0037,6,100
c0037,7,611
c0037,8,46
c0037,9,64
c0037,10,1411
c0037,11,428
c0037,12,172
c0037,13,189
c0037,14,173
c0037,15,65
c0037,16,1196
c0037,17,551
c0037,18,257
c0037,19,332
c0037,20,1096
c0037,21,95
c0037,22,147
c0037,23,106
c0037,24,547
c0037,25,919
c0037,26,143
c0037,27,121
c0037,28,898
c0037,29,601
c0037,30,398
c0037,31,480
c0037,32,359
c0037,33,108
c0037,34,429
c0037,35,283
c0037,36,482
c0037,37,965
c0037,38,89
c0037,39,178
c0037,40,351
c0037,41,72
c0037,42,258
c0037,43,117
c0037,44,165
c0037,45,349
c0037,46,867
c0037,48,925
c0037,49,494
c0037,50,1044
c0037,51,1067
c0037,52,867
c0037,53,1407
c0037,54,615
c0037,55,801
c0037,56,957
c0037,57,1422
c0037,58,500
c0037,59,1390
c0037,60,1369
c0037,61,422
c0037,62,1070
c0037,63,528
c0037,64,193
c0037,65,149
c0037,66,779
c0037,67,876
c0037,68,1583
c0037,69,1222
c0037,70,884
c0037,71,1192
c0037,72,1181
c0037,73,1230
c0037,74,1545
c0037,75,1234
c0037,76,1853
c0037,77,1050
c0037,78,1074
c0037,79,429
c0037,80,335
c0037,81,571
c0037,82,1072
c0037,83,760
c0037,84,1466
c0037,85,1155
c0037,86,1243
c0037,87,862
c0037,88,581
c0037,89,575
c0037,90,365
c0037,91,265
c0037,93,37
c0037,94,538
c0037,95,591
c0037,96,143
c0037,97,197
c0037,98,659
c0037,99,607
c0037,100,421
c0037,101,328
c0037,102,268
c0037,103,1134
c0037,104,591
c0037,105,122
c0037,106,159
c0037,107,381
c0037,108,1375
c0037,109,1007
c0037,111,1071
c0037,112,409
c0037,113,479
c0037,114,460
c0037,115,944
c0037,116,79
c0037,117,165
c0037,118,313
c0037,119,586
c0037,120,1644
c0037,121,1174
c0037,122,507
c0037,123,1093
c0037,124,1398
c0037,125,742
c0037,126,1389
c0037,127,1225
c0037,128,1250
c0037,129,371
c0037,130,261
c0037,131,372
c0037,132,322
c0037,133,237
c0037,134,50
c0037,135,237
c0037,136,175
c0037,137,506
c0037,138,83
c0037,139,688
c0037,140,144
c0037,141,329
c0037,142,997
c0037,143,217
c0037,144,1002
c0037,145,427
c0037,146,78
c0037,147,1313
c0037,148,1038
c0037,149,413
c0037,150,1271
c0037,151,1162
c0037,152,277
c0037,153,741
c0037,154,612
c0037,155,809
c0037,156,1898
c0037,157,129
c0037,158,1129
c0037,159,1053
c0037,160,187
c0037,161,70
c0037,162,30
c0037,163,728
c0037,164,612
c0037,165,130
c0037,166,139
c0037,167,1067
c0037,168,844
c0037,169,1515
c0037,170,620
c0037,171,1358
c0037,172,1023
c0037,173,99
c0037,174,88
c0037,175,12
c0037,176,56
c0037,177,69
c0037,178,214
c0037,179,618
c0037,180,789
c0037,181,633
c0037,182,89
c0037,183,1099
c0037,184,59
c0037,185,126
c0037,186,635
c0037,187,70
c0037,188,63
c0037,189,91
c0037,190,784
c0037,191,668
c0037,192,608
c0037,193,1419
c0037,194,1221
c0037,195,1006
c0037,196,397
c0037,197,500
c0037,198,193
c0037,199,220
c0037,200,965
c0037,201,542
c0037,202,76
c0037,203,168
c0037,204,151
c0037,205,103
c0037,206,137
c0037,207,473
c0037,208,210
c0037,209,35
c0037,210,403
c0037,211,169
c0037,212,492
c0037,213,1421
c0037,214,170
c0037,215,1337
c0037,216,759
c0037,217,182
c0037,218,395
c0037,219,146
c0037,220,110
c0037,221,66
c0037,222,173
c0037,223,80
c0037,224,51
c0037,225,250
c0037,226,95
c0037,227,649
c0037,228,1152
c0037,229,404
c0037,230,466
c0037,231,243
c0037,232,376
c0037,233,965
c0037,234,444
c0037,235,1099
c0037,236,1769
c0037,237,699
c0037,238,96
c0037,239,161
c0037,240,686
c0037,241,849
c0037,242,359
c0037,243,74
c0037,244,1085
c0037,246,295
c0037,247,52
c0037,248,323
c0037,249,584
c0037,250,441
c0037,251,313
c0037,252,701
c0037,253,287
c0037,254,742
c0037,255,691
c0037,256,70
c0037,257,1211
c0037,258,472
c0037,259,218
c0037,260,190
c0037,261,666
c0037,262,917
c0037,263,651
c0037,264,346
c0037,265,389
c0037,266,510
c0037,267,837
c0037,268,982
c0037,269,809
c0037,270,181
c0037,271,162
c0037,272,577
c0037,273,733
c0037,274,598
c0037,275,1211
c0037,276,362
c0037,277,527
c0037,278,632
c0037,279,369
c0037,280,112
c0037,281,165
c0037,282,352
c0037,283,691
c0037,284,473
c0037,285,243
c0037,287,114
c0037,288,485
c0037,289,776
c0037,290,297
c0037,291,1617
c0037,292,1229
c0037,293,498
c0037,294,166
c0037,295,1044
c0037,296,1073
c0037,297,1723
c0037,298,945
c0037,299,242
c0037,300,1139
c0037,301,988
c0037,302,931
c0037,303,1501
c0037,304,1179
c0037,305,1591
c0037,306,1167
c0037,307,1250
c0037,308,1571
c0037,309,103
c0037,310,564
c0037,311,518
c0037,312,829
c0037,313,782
c0037,314,1251
c0037,315,265
c0037,316,864
c0037,317,228
c0037,318,424
c0037,319,346
c0037,320,186
c0037,321,775
c0037,322,238
c0037,323,438
c0037,324,125
c0037,325,1050
c0037,326,55
c0037,327,320
c0037,328,1111
c0037,329,100
c0037,330,145
c0037,331,10
c0037,332,56
c0037,333,239
c0037,334,102
c0037,335,222
c0037,336,129
c0037,337,16
c0037,338,62
c0037,339,119
c0037,340,114
c0037,341,102
c0037,342,132
c0037,343,686
c0037,344,55
c0037,345,688
c0037,346,58
c0038,0,9
c0038,1,227
c0038,2,636
c0038,3,105
c0038,4,163
c0038,5,45
c0038,6,84
c0038,7,542
c0038,8,36
c0038,9,59
c0038,10,1243
c0038,11,404
c0038,12,156
c0038,13,162
c0038,14,129
c0038,15,54
c0038,16,1180
c0038,17,524
c0038,18,221
c0038,19,311
c0038,20,990
c0038,21,79
c0038,22,121
c0038,23,107
c0038,24,512
c0038,25,842
c0038,26,123
c0038,27,110
c0038,28,828
c0038,29,555
c0038,30,356
c0038,31,417
c0038,32,329
c0038,33,84
c0038,34,385
c0038,35,246
c0038,36,389
c0038,37,783
c0038,38,64
c0038,39,148
c0038,40,299
c0038,41,57
c0038,42,189
c0038,43,110
c0038,44,107
c0038,45,220
c0038,46,958
c0038,48,1014
c0038,49,568
c0038,50,1173
c0038,51,1147
c0038,52,962
c0038,53,1582
c0038,54,683
c0038,55,933
c0038,56,1001
c0038,57,1474
c0038,58,536
c0038,59,1449
c0038,60,1427
c0038,61,470
c0038,62,1080
c0038,63,457
c0038,64,184
c0038,65,133
c0038,66,848
c0038,67,898
c0038,68,1512
c0038,69,1303
c0038,70,918
c0038,71,1155
c0038,72,1271
c0038,73,1251
c0038,74,1547
c0038,75,1252
c0038,76,1945
c0038,77,1042
c0038,78,859
c0038,79,479
c0038,80,382
c0038,81,576
c0038,82,1121
c0038,83,853
c0038,84,1623
c0038,85,1191
c0038,86,1217
c0038,87,908
c0038,88,573
c0038,89,589
c0038,90,349
c0038,91,243
c0038,93,35
c0038,94,575
c0038,95,522
c0038,96,117
c0038,97,166
c0038,98,640
c0038,99,599
c0038,100,414
c0038,101,329
c0038,102,263
c0038,103,1044
c0038,104,667
c0038,105,106
c0038,106,178
c0038,107,395
c0038,108,1237
c0038,109,942
c0038,111,1132
c0038,112,357
c0038,113,514
c0038,114,457
c0038,115,887
c0038,116,70
c0038,117,162
c0038,118,301
c0038,119,543
c0038,120,1583
c0038,121,1172
c0038,122,577
c0038,123,1084
c0038,124,1561
c0038,125,808
c0038,126,1461
c0038,127,1223
c0038,128,1274
c0038,129,323
c0038,130,208
c0038,131,352
c0038,132,290
c0038,133,199
c0038,134,53
c0038,135,202
c0038,136,163
c0038,137,542
c0038,138,72
c0038,139,710
c0038,140,139
c0038,141,316
c0038,142,1011
c0038,143,167
c0038,144,1075
c0038,145,393
c0038,146,83
c0038,147,1308
c0038,148,1021
c0038,149,425
c0038,150,1298
c0038,151,1164
c0038,152,260
c0038,153,741
c0038,154,640
c0038,155,873
c0038,156,1871
c0038,157,120
c0038,158,1142
c0038,159,1055
c0038,160,176
c0038,161,64
c0038,162,32
c0038,163,765
c0038,164,652
c0038,165,119
c0038,166,132
c0038,167,1155
c0038,168,868
c0038,169,1515
c0038,170,589
c0038,171,1381
c0038,172,996
c0038,173,81
c0038,174,77
c0038,175,18
c0038,176,55
c0038,177,54
c0038,178,198
c0038,179,640
c0038,180,863
c0038,181,592
c0038,182,84
c0038,183,1083
c0038,184,60
c0038,185,126
c0038,186,597
c0038,187,61
c0038,188,55
c0038,189,84
c0038,190,882
c0038,191,750
c0038,192,632
c0038,193,1356
c0038,194,1271
c0038,195,799
c0038,196,334
c0038,197,391
c0038,198,172
c0038,199,148
c0038,200,872
c0038,201,497
c0038,202,57
c0038,203,144
c0038,204,122
c0038,205,82
c0038,206,108
c0038,207,386
c0038,208,160
c0038,209,34
c0038,210,298
c0038,211,127
c0038,212,443
c0038,213,1235
c0038,214,132
c0038,215,1150
c0038,216,701
c0038,217,154
c0038,218,358
c0038,219,110
c0038,220,108
c0038,221,54
c0038,222,159
c0038,223,70
c0038,224,41
c0038,225,235
c0038,226,77
c0038,227,552
c0038,228,1026
c0038,229,380
c0038,230,421
c0038,231,217
c0038,232,340
c0038,233,809
c0038,234,397
c0038,235,1020
c0038,236,1692
c0038,237,671
c0038,238,75
c0038,239,153
c0038,240,650
c0038,241,716
c0038,242,346
c0038,243,69
c0038,244,990
c0038,246,257
c0038,247,49
c0038,248,309
c0038,249,508
c0038,250,381
c0038,251,264
c0038,252,638
c0038,253,256
c0038,254,619
c0038,255,581
c0038,256,59
c0038,257,1120
c0038,258,368
c0038,259,151
c0038,260,167
c0038,261,611
c0038,262,804
c0038,263,586
c0038,264,312
c0038,265,341
c0038,266,450
c0038,267,799
c0038,268,924
c0038,269,771
c0038,270,164
c0038,271,136
c0038,272,550
c0038,273,687
c0038,274,533
c0038,275,1080
c0038,276,305
c0038,277,504
c0038,278,597
c0038,279,339
c0038,280,111
c0038,281,161
c0038,282,306
c0038,283,612
c0038,284,459
c0038,285,238
c0038,287,105
c0038,288,433
c0038,289,694
c0038,290,264
c0038,291,1585
c0038,292,1115
c0038,293,452
c0038,294,113
c0038,295,1065
c0038,296,1098
c0038,297,1714
c0038,298,953
c0038,299,179
c0038,300,1110
c0038,301,981
c0038,302,800
c0038,303,1462
c0038,304,1193
c0038,305,1417
c0038,306,1172
c0038,307,1220
c0038,308,1464
c0038,309,73
c0038,310,542
c0038,311,521
c0038,312,805
c0038,313,804
c0038,314,1188
c0038,315,232
c0038,316,862
c0038,317,224
c0038,318,382
c0038,319,303
c0038,320,165
c0038,321,700
c0038,322,228
c0038,323,391
c0038,324,113
c0038,325,1067
c0038,326,53
c0038,327,254
c0038,328,900
c0038,329,69
c0038,330,115
c0038,331,8
c0038,332,45
c0038,333,210
c0038,334,80
c0038,335,191
c0038,336,122
c0038,337,12
c0038,338,58
c0038,339,110
c0038,340,102
c0038,341,76
c0038,342,115
c0038,343,626
c0038,344,43
c0038,345,526
c0038,346,49
c0039,0,14
c0039,1,166
c0039,2,353
c0039,3,108
c0039,4,195
c0039,5,60
c0039,6,44
c0039,7,56
c0039,8,467
c0039,9,309
c0039,10,48
c0039,11,30
c0039,12,878
c0039,13,155
c0039,14,395
c0039,15,141
c0039,16,234
c0039,17,224
c0039,18,93
c0039,19,105
c0039,20,949
c0039,21,429
c0039,22,180
c0039,23,201
c0039,24,733
c0039,25,67
c0039,26,119
c0039,27,96
c0039,28,484
c0039,29,683
c0039,30,156
c0039,31,198
c0039,32,693
c0039,33,568
c0039,34,194
c0039,35,279
c0039,36,247
c0039,37,68
c0039,38,380
c0039,39,238
c0039,40,38
c0039,41,273
c0039,42,985
c0039,43,104
c0039,44,129
c0039,45,352
c0039,46,49
c0039,47,202
c0039,48,151
c0039,49,117
c0039,50,563
c0039,51,223
c0039,52,1086
c0039,53,868
c0039,54,895
c0039,55,1233
c0039,56,745
c0039,57,1246
c0039,58,1013
c0039,59,1698
c0039,60,967
c0039,61,1544
c0039,62,980
c0039,63,2230
c0039,64,933
c0039,65,393
c0039,66,538
c0039,67,672
c0039,68,958
c0039,69,256
c0039,70,116
c0039,71,1302
c0039,72,967
c0039,73,491
c0039,74,482
c0039,75,363
c0039,76,754
c0039,77,381
c0039,78,954
c0039,79,579
c0039,80,1115
c0039,81,287
c0039,82,1154
c0039,83,104
c0039,84,428
c0039,85,502
c0039,86,1560
c0039,87,1303
c0039,88,957
c0039,89,891
c0039,90,718
c0039,91,919
c0039,92,1650
c0039,93,706
c0039,94,1003
c0039,95,948
c0039,96,229
c0039,97,284
c0039,98,305
c0039,99,94
c0039,100,21
c0039,101,128
c0039,102,79
c0039,103,380
c0039,104,217
c0039,105,157
c0039,107,64
c0039,108,886
c0039,109,379
c0039,110,992
c0039,111,666
c0039,112,1152
c0039,113,79
c0039,114,900
c0039,115,508
c0039,116,1077
c0039,117,967
c0039,118,89
c0039,119,60
c0039,120,670
c0039,121,103
c0039,122,101
c0039,123,1087
c0039,124,637
c0039,125,1086
c0039,126,1017
c0039,127,166
c0039,128,92
c0039,129,74
c0039,130,19
c0039,131,213
c0039,132,471
c0039,133,796
c0039,134,442
c0039,135,55
c0039,136,970
c0039,137,91
c0039,138,92
c0039,139,80
c0039,140,87
c0039,141,271
c0039,142,106
c0039,143,95
c0039,144,31
c0039,145,144
c0039,146,54
c0039,147,154
c0039,148,11
c0039,149,68
c0039,150,76
c0039,151,114
c0039,152,74
c0039,153,266
c0039,154,54
c0039,155,30
c0039,156,48
c0039,157,271
c0039,158,907
c0039,159,533
c0039,160,471
c0039,161,674
c0039,162,691
c0039,163,724
c0039,164,489
c0039,165,740
c0039,166,659
c0039,167,490
c0039,168,639
c0039,169,862
c0039,170,789
c0039,171,624
c0039,172,419
c0039,173,851
c0039,174,580
c0039,175,993
c0039,176,1095
c0039,177,435
c0039,178,598
c0039,179,988
c0039,180,937
c0039,181,1259
c0039,182,1069
c0039,183,206
c0039,184,10
c0039,185,1311
c0039,186,500
c0039,187,316
c0039,188,609
c0039,189,482
c0039,190,67
c0039,191,250
c0039,192,992
c0039,193,74
c0039,194,554
c0039,195,147
c0039,196,158
c0039,197,117
c0039,198,70
c0039,199,157
c0039,200,265
c0039,202,111
c0039,203,790
c0039,204,939
c0039,205,1187
c0039,206,1380
c0039,207,716
c0039,208,288
c0039,209,453
c0039,210,153
c0039,211,9
c0039,212,201
c0039,213,796
c0039,214,652
c0039,215,51
c0039,216,119
c0039,217,102
c0039,218,94
c0039,219,126
c0039,220,282
c0039,221,232
c0039,222,27
c0039,223,204
c0039,224,134
c0039,225,424
c0039,226,473
c0039,227,748
c0039,228,152
c0039,229,646
c0039,230,668
c0039,231,101
c0039,232,249
c0039,233,127
c0039,234,69
c0039,235,42
c0039,236,133
c0039,237,80
c0039,238,56
c0039,239,380
c0039,240,105
c0039,241,35
c0039,242,497
c0039,243,282
c0039,244,355
c0039,245,74
c0039,246,765
c0039,247,193
c0039,248,350
c0039,249,137
c0039,250,412
c0039,251,579
c0039,252,232
c0039,253,660
c0039,254,1029
c0039,255,694
c0039,256,30
c0039,257,135
c0039,258,759
c0039,259,618
c0039,260,362
c0039,261,22
c0039,262,589
c0039,263,282
c0039,264,146
c0039,265,21
c0039,266,341
c0039,267,351
c0039,268,345
c0039,269,416
c0039,271,194
c0039,272,170
c0039,273,664
c0039,274,140
c0039,275,625
c0039,276,60
c0039,277,748
c0039,278,696
c0039,279,315
c0039,280,186
c0039,281,111
c0039,282,406
c0039,283,508
c0039,284,428
c0039,285,381
c0039,286,275
c0039,287,76
c0039,288,56
c0039,289,257
c0039,290,559
c0039,291,715
c0039,292,474
c0039,293,57
c0039,294,101
c0039,295,355
c0039,296,418
c0039,297,299
c0039,298,401
c0039,299,535
c0039,300,178
c0039,301,454
c0039,302,313
c0039,303,73
c0039,304,115
c0039,305,226
c0039,306,460
c0039,307,321
c0039,308,196
c0039,309,46
c0039,310,274
c0039,311,200
c0039,312,54
c0039,313,1304
c0039,314,961
c0039,315,359
c0039,316,67
c0039,317,1142
c0039,318,1567
c0039,319,857
c0039,320,159
c0039,321,1054
c0039,322,1022
c0039,323,587
c0039,324,938
c0039,325,1340
c0039,326,938
c0039,327,1049
c0039,328,769
c0039,329,1090
c0039,330,1301
c0039,331,62
c0039,332,463
c0039,333,461
c0039,334,695
c0039,335,743
c0039,336,1034
c0039,337,184
c0039,341,225
c0039,342,391
c0039,343,220
c0039,345,463
c0039,346,280
c0039,347,47
c0039,348,1007
c0039,349,36
c0039,350,39
c0039,351,95
c0039,352,910
c0039,353,64
c0039,354,99
c0039,355,858
c0039,356,208
c0039,357,103
c0039,358,12
c0039,359,36
c0039,360,207
c0039,361,78
c0039,362,195
c0039,363,86
c0039,364,43
c0039,365,62
c0039,366,75
c0039,367,117
c0039,368,53
c0039,369,103
c0039,370,677
c0039,372,53
c0039,373,665
c0039,374,77
c0040,270,1
c0040,271,6
c0040,272,7
c0040,273,6
c0040,274,1
c0040,276,8
c0040,277,9
c0040,278,3
c0040,279,2
c0040,280,8
c0040,281,1
c0040,282,8
c0040,283,3
c0040,284,3
c0040,287,1
c0040,288,4
c0040,290,5
c0040,291,3
c0040,293,3
c0040,294,2
c0040,295,2
c0040,296,2
c0041,341,2
c0041,342,36
c0041,343,2
c0041,347,2
c0041,348,3
c0041,352,3
c0041,354,1
c0041,356,1
c0041,357,10
c0041,359,3
c0041,360,25
c0042,202,2
c0042,203,1
c0042,204,1
c0042,211,2
c0042,217,2
c0042,223,3
c0043,289,2
c0043,293,1
c0044,278,10
c0044,288,1
c0044,295,1
c0045,272,1
c0045,276,1
c0045,296,1
c0046,270,1
c0046,272,2
c0046,273,1
c0046,276,1
c0046,277,6
c0046,279,1
c0046,280,2
c0046,282,1
c0046,284,2
c0046,289,1
c0047,272,3
c0047,273,3
c0047,276,1
c0047,278,1
c0047,279,2
c0047,280,4
c0047,282,2
c0047,284,1
c0047,290,1
c0047,293,1
c0047,294,1
c0048,271,1
c0048,272,3
c0048,276,1
c0048,278,4
c0048,279,1
c0048,282,1
c0048,284,2
c0048,289,1
c0049,273,1
c0049,277,2
c0049,282,3
c0049,295,1
c0050,271,1
c0050,274,2
c0050,283,1
c0051,280,2
c0052,271,2
c0052,272,1
c0052,273,1
c0052,276,4
c0052,277,2
c0052,280,5
c0052,282,2
c0052,289,1
c0052,290,1
c0052,291,1
c0053,217,1
c0053,220,6
c0054,202,5
c0054,203,9
c0054,205,1
c0054,215,31
c0054,217,6
c0054,218,12
c0054,219,16
c0054,220,7
c0054,222,4
c0054,224,1
c0054,225,3
c0055,202,7
c0055,203,3
c0055,217,9
c0055,219,17
c0055,220,2
c0055,229,1
c0056,220,3
c0057,204,1
c0057,216,1
c0057,217,1
c0057,223,11
c0057,227,1
c0058,217,3
c0059,202,1
c0059,217,3
c0059,219,2
c0059,220,1
c0060,206,6
c0061,297,4
c0061,298,3
c0061,299,1
c0061,300,6
c0061,301,4
c0061,302,4
c0061,303,2
c0061,304,1
c0061,306,1
c0061,307,6
c0061,308,3
c0061,309,4
c0061,310,1
c0061,311,4
c0061,313,16
c0061,314,7
c0061,315,5
c0061,316,17
c0061,318,1
c0061,319,1
c0061,320,4
c0061,321,1
c0061,322,1
c0061,323,4
c0061,326,1
c0061,328,4
c0061,334,1
c0061,335,1
c0061,336,1
c0061,338,2
c0062,297,1
c0062,300,1
c0062,301,1
c0062,303,1
c0062,304,2
c0062,310,1
c0062,311,1
c0062,313,3
c0062,322,1
c0062,324,1
c0063,297,7
c0063,298,2
c0063,301,1
c0063,302,1
c0063,303,2
c0063,308,1
c0063,310,1
c0063,311,1
c0063,312,1
c0063,313,3
c0063,317,3
c0063,320,2
c0063,321,2
c0063,323,1
c0063,338,1
c0064,297,2
c0064,301,7
c0064,302,3
c0064,303,8
c0064,304,9
c0064,307,3
c0064,308,4
c0064,309,3
c0064,310,1
c0064,311,1
c0064,312,1
c0064,313,9
c0064,314,2
c0064,316,1
c0064,319,1
c0064,320,3
c0064,321,3
c0064,322,3
c0064,323,2
c0064,332,1
c0064,334,1
c0064,336,1
c0064,338,1
c0065,297,86
c0065,298,7
c0065,299,1
c0065,300,2
c0065,301,55
c0065,302,58
c0065,303,71
c0065,304,41
c0065,305,5
c0065,306,15
c0065,307,32
c0065,308,43
c0065,309,30
c0065,310,55
c0065,311,48
c0065,312,32
c0065,313,71
c0065,314,44
c0065,315,30
c0065,316,64
c0065,317,39
c0065,319,11
c0065,320,25
c0065,321,35
c0065,322,19
c0065,323,58
c0065,326,7
c0065,328,9
c0065,329,9
c0065,331,10
c0065,332,11
c0065,334,20
c0065,335,13
c0065,336,9
c0065,337,8
c0065,338,17
c0066,297,4
c0066,301,7
c0066,302,3
c0066,303,7
c0066,304,2
c0066,307,3
c0066,308,9
c0066,309,2
c0066,310,2
c0066,311,5
c0066,312,1
c0066,313,4
c0066,315,5
c0066,316,24
c0066,317,1
c0066,319,3
c0066,320,4
c0066,321,3
c0066,322,4
c0066,323,5
c0066,326,1
c0066,328,2
c0066,329,9
c0066,331,2
c0066,332,1
c0066,333,1
c0066,334,4
c0066,335,3
c0066,336,2
c0066,337,1
c0066,338,1
c0067,297,2
c0067,298,1
c0067,301,1
c0067,302,2
c0067,303,4
c0067,304,17
c0067,307,1
c0067,308,1
c0067,310,4
c0067,311,2
c0067,312,3
c0067,313,4
c0067,314,3
c0067,315,3
c0067,316,1
c0067,321,2
c0067,322,5
c0067,323,1
c0067,326,1
c0067,328,1
c0067,334,4
c0067,337,1
c0067,338,1
c0068,328,1
c0069,297,17
c0069,298,4
c0069,301,7
c0069,302,8
c0069,303,9
c0069,304,2
c0069,307,7
c0069,310,9
c0069,311,10
c0069,312,6
c0069,313,5
c0069,314,6
c0069,315,2
c0069,316,5
c0069,319,5
c0069,320,1
c0069,321,6
c0069,322,2
c0069,323,3
c0069,332,2
c0069,335,1
c0069,336,1
c0069,337,1
c0069,338,2
c0070,297,2
c0070,298,1
c0070,301,11
c0070,302,11
c0070,303,2
c0070,304,2
c0070,307,5
c0070,308,2
c0070,309,34
c0070,311,3
c0070,313,10
c0070,315,2
c0070,316,4
c0070,319,1
c0070,320,2
c0070,321,1
c0070,323,4
c0070,328,1
c0070,329,2
c0071,299,44
c0071,303,1
c0071,305,4
c0071,308,3
c0071,309,1
c0071,313,2
c0071,318,1
c0071,322,1
c0071,323,1
c0071,335,1
c0072,297,3
c0072,298,3
c0072,301,4
c0072,302,1
c0072,303,1
c0072,307,5
c0072,309,1
c0072,310,3
c0072,312,15
c0072,319,3
c0072,321,1
c0072,333,1
c0072,338,4
c0073,301,1
c0073,302,1
c0073,304,1
c0073,307,1
c0073,308,3
c0073,309,1
c0073,311,1
c0073,312,1
c0073,313,1
c0073,314,3
c0073,316,2
c0073,320,1
c0073,321,1
c0073,323,1
c0073,336,1
c0073,337,1
c0073,338,1
c0074,310,2
c0074,322,5
c0074,323,1
c0074,334,3
c0074,338,1
c0075,297,37
c0075,298,10
c0075,299,12
c0075,301,17
c0075,302,32
c0075,303,46
c0075,304,28
c0075,305,6
c0075,306,7
c0075,307,48
c0075,308,21
c0075,309,21
c0075,310,22
c0075,311,27
c0075,312,23
c0075,313,42
c0075,314,9
c0075,315,17
c0075,316,58
c0075,317,13
c0075,319,30
c0075,320,15
c0075,321,27
c0075,322,24
c0075,323,51
c0075,326,4
c0075,328,10
c0075,329,5
c0075,331,10
c0075,332,2
c0075,333,10
c0075,334,13
c0075,335,6
c0075,336,6
c0075,338,11
c0076,313,2
c0076,332,1
c0077,297,10
c0077,301,8
c0077,302,2
c0077,303,9
c0077,304,11
c0077,306,1
c0077,307,6
c0077,308,2
c0077,310,2
c0077,311,5
c0077,312,2
c0077,313,1
c0077,314,2
c0077,316,5
c0077,317,1
c0077,320,1
c0077,321,5
c0077,322,1
c0077,323,2
c0077,328,2
c0077,332,1
c0077,335,1
c0077,336,1
c0078,298,1
c0078,301,2
c0078,302,2
c0078,303,1
c0078,304,4
c0078,307,1
c0078,308,1
c0078,309,3
c0078,311,11
c0078,315,1
c0078,316,4
c0078,320,2
c0078,321,6
c0078,322,1
c0078,326,1
c0078,336,1
c0079,48,7
c0079,49,5
c0079,50,10
c0079,51,14
c0079,52,11
c0079,53,10
c0079,54,19
c0079,55,17
c0079,56,14
c0079,57,5
c0079,58,7
c0079,59,8
c0079,60,6
c0079,61,15
c0079,62,4
c0079,63,1
c0079,64,5
c0079,65,2
c0079,69,6
c0079,70,11
c0079,71,46
c0079,72,12
c0079,73,6
c0079,74,5
c0079,75,17
c0079,76,10
c0079,77,29
c0079,78,19
c0079,79,11
c0079,80,23
c0079,82,4
c0079,83,11
c0079,84,4
c0079,85,16
c0079,86,3
c0079,87,12
c0079,88,11
c0079,89,21
c0079,90,25
c0079,91,10
c0079,92,5
c0079,96,7
c0079,97,7
c0079,99,9
c0079,100,12
c0079,103,4
c0079,104,4
c0079,105,5
c0079,106,5
c0079,107,6
c0079,108,9
c0079,109,7
c0079,111,1
c0079,112,3
c0079,113,12
c0079,114,15
c0079,115,13
c0079,116,7
c0079,117,5
c0079,118,1
c0079,119,6
c0079,120,2
c0079,125,8
c0079,126,14
c0079,127,15
c0079,128,8
c0079,129,11
c0079,130,18
c0079,131,13
c0079,132,4
c0079,134,1
c0079,135,3
c0079,138,1
c0079,140,1
c0079,142,2
c0079,143,14
c0079,145,8
c0079,146,10
c0079,147,2
c0079,148,13
c0079,151,21
c0079,152,10
c0079,153,4
c0079,154,3
c0079,155,13
c0079,156,5
c0079,158,7
c0079,159,10
c0079,160,24
c0079,161,18
c0079,163,9
c0079,164,8
c0079,165,6
c0079,166,15
c0079,170,10
c0079,171,18
c0079,172,1
c0079,174,12
c0079,175,4
c0079,176,14
c0079,177,2
c0079,178,10
c0079,179,8
c0079,180,7
c0079,186,2
c0079,187,6
c0079,188,2
c0079,189,7
c0079,191,4
c0079,192,1
c0079,193,1
c0079,195,1
c0080,48,35
c0080,49,23
c0080,50,42
c0080,51,15
c0080,52,21
c0080,53,38
c0080,54,21
c0080,55,39
c0080,56,28
c0080,57,26
c0080,58,18
c0080,59,37
c0080,60,16
c0080,61,51
c0080,62,47
c0080,63,5
c0080,64,16
c0080,65,78
c0080,66,46
c0080,67,19
c0080,68,8
c0080,69,19
c0080,70,17
c0080,71,44
c0080,72,26
c0080,73,19
c0080,74,29
c0080,75,25
c0080,76,40
c0080,77,53
c0080,78,17
c0080,79,45
c0080,80,31
c0080,81,87
c0080,82,15
c0080,83,6
c0080,84,18
c0080,85,40
c0080,86,21
c0080,87,39
c0080,88,27
c0080,89,16
c0080,90,23
c0080,91,22
c0080,92,6
c0080,93,13
c0080,94,13
c0080,95,26
c0080,96,34
c0080,97,9
c0080,99,44
c0080,100,37
c0080,101,6
c0080,102,2
c0080,103,9
c0080,104,13
c0080,105,7
c0080,106,8
c0080,107,3
c0080,108,23
c0080,109,21
c0080,110,23
c0080,111,2
c0080,112,11
c0080,113,27
c0080,114,25
c0080,115,9
c0080,116,34
c0080,117,15
c0080,118,5
c0080,119,16
c0080,120,75
c0080,123,1
c0080,124,1
c0080,125,21
c0080,126,105
c0080,127,42
c0080,128,15
c0080,129,40
c0080,130,35
c0080,131,48
c0080,132,10
c0080,133,16
c0080,134,28
c0080,135,81
c0080,136,7
c0080,137,1
c0080,138,3
c0080,139,3
c0080,140,24
c0080,141,29
c0080,142,22
c0080,143,61
c0080,144,35
c0080,145,8
c0080,146,32
c0080,148,20
c0080,149,29
c0080,150,3
c0080,151,55
c0080,152,39
c0080,153,24
c0080,154,18
c0080,155,55
c0080,156,40
c0080,157,2
c0080,158,14
c0080,159,38
c0080,160,24
c0080,161,38
c0080,162,2
c0080,163,46
c0080,164,22
c0080,165,43
c0080,166,44
c0080,167,3
c0080,168,9
c0080,169,2
c0080,170,25
c0080,171,16
c0080,172,2
c0080,173,8
c0080,174,40
c0080,175,36
c0080,176,41
c0080,177,17
c0080,178,43
c0080,179,4
c0080,180,38
c0080,181,1
c0080,182,11
c0080,183,3
c0080,184,1
c0080,185,3
c0080,186,2
c0080,187,18
c0080,188,24
c0080,189,24
c0080,190,11
c0080,191,17
c0080,192,3
c0080,193,4
c0080,194,5
c0080,195,9
c0081,53,2
c0081,55,2
c0081,59,1
c0081,69,1
c0081,70,2
c0081,71,1
c0081,87,2
c0081,90,1
c0081,91,1
c0081,106,1
c0081,125,2
c0081,126,1
c0081,127,2
c0081,128,1
c0081,129,1
c0081,130,3
c0081,131,3
c0081,143,2
c0081,152,2
c0081,153,3
c0081,154,2
c0081,155,2
c0081,158,4
c0081,164,2
c0081,174,23
c0081,189,12
c0081,190,2
c0082,48,7
c0082,49,6
c0082,50,3
c0082,51,1
c0082,52,2
c0082,53,3
c0082,54,2
c0082,55,11
c0082,56,2
c0082,59,1
c0082,60,1
c0082,61,5
c0082,63,2
c0082,64,4
c0082,65,1
c0082,69,1
c0082,71,7
c0082,72,1
c0082,73,6
c0082,74,4
c0082,75,6
c0082,77,6
c0082,79,13
c0082,80,2
c0082,82,3
c0082,83,1
c0082,85,4
c0082,87,9
c0082,88,1
c0082,89,1
c0082,90,3
c0082,91,4
c0082,93,1
c0082,96,2
c0082,100,1
c0082,103,1
c0082,104,1
c0082,106,1
c0082,107,3
c0082,108,1
c0082,109,3
c0082,112,1
c0082,113,2
c0082,114,10
c0082,115,1
c0082,116,4
c0082,119,1
c0082,125,3
c0082,126,4
c0082,127,1
c0082,128,2
c0082,129,3
c0082,130,4
c0082,131,2
c0082,142,1
c0082,148,1
c0082,151,4
c0082,153,3
c0082,154,1
c0082,155,2
c0082,156,1
c0082,158,3
c0082,159,2
c0082,160,1
c0082,161,2
c0082,163,2
c0082,165,3
c0082,170,4
c0082,171,3
c0082,174,2
c0082,176,3
c0082,177,2
c0082,178,11
c0082,179,1
c0082,188,1
c0082,189,8
c0082,191,2
c0083,61,1
c0083,64,1
c0083,71,1
c0083,75,1
c0083,91,1
c0083,111,2
c0083,116,1
c0083,125,9
c0083,126,2
c0083,166,2
c0083,177,1
c0084,51,4
c0084,52,9
c0084,53,2
c0084,54,3
c0084,55,3
c0084,56,2
c0084,58,1
c0084,59,1
c0084,61,3
c0084,62,2
c0084,64,1
c0084,65,1
c0084,69,1
c0084,70,1
c0084,72,1
c0084,73,2
c0084,74,2
c0084,75,2
c0084,76,1
c0084,77,1
c0084,78,1
c0084,79,1
c0084,80,2
c0084,82,1
c0084,85,2
c0084,86,1
c0084,87,3
c0084,88,5
c0084,92,1
c0084,97,1
c0084,99,1
c0084,103,1
c0084,105,2
c0084,107,1
c0084,109,2
c0084,113,6
c0084,114,1
c0084,116,2
c0084,117,1
c0084,119,2
c0084,125,2
c0084,126,3
c0084,128,1
c0084,129,4
c0084,130,2
c0084,131,3
c0084,143,1
c0084,146,3
c0084,152,1
c0084,153,2
c0084,155,2
c0084,156,1
c0084,158,1
c0084,163,2
c0084,164,1
c0084,165,4
c0084,166,3
c0084,170,1
c0084,171,1
c0084,174,2
c0084,177,1
c0084,178,4
c0084,188,1
c0084,191,1
c0085,50,3
c0085,52,1
c0085,53,8
c0085,54,1
c0085,55,4
c0085,56,1
c0085,57,1
c0085,58,3
c0085,59,4
c0085,61,2
c0085,62,2
c0085,64,1
c0085,65,1
c0085,66,4
c0085,70,3
c0085,71,7
c0085,72,4
c0085,73,2
c0085,74,6
c0085,75,1
c0085,76,1
c0085,77,2
c0085,78,21
c0085,79,11
c0085,80,4
c0085,82,1
c0085,84,1
c0085,85,4
c0085,87,1
c0085,88,9
c0085,89,2
c0085,90,3
c0085,91,2
c0085,92,4
c0085,96,3
c0085,100,6
c0085,104,2
c0085,105,1
c0085,106,2
c0085,108,3
c0085,109,3
c0085,112,2
c0085,113,9
c0085,115,2
c0085,116,2
c0085,119,2
c0085,125,3
c0085,126,4
c0085,127,1
c0085,128,1
c0085,129,3
c0085,130,3
c0085,131,2
c0085,142,1
c0085,143,3
c0085,146,14
c0085,148,5
c0085,151,5
c0085,152,6
c0085,153,7
c0085,154,1
c0085,155,5
c0085,156,1
c0085,159,3
c0085,161,1
c0085,163,1
c0085,165,2
c0085,166,2
c0085,174,1
c0085,175,2
c0085,176,2
c0085,177,7
c0085,178,2
c0085,180,5
c0085,188,1
c0085,189,3
c0085,190,1
c0085,191,1
c0086,48,1
c0086,58,1
c0086,59,1
c0086,61,3
c0086,62,2
c0086,63,1
c0086,69,1
c0086,71,3
c0086,72,2
c0086,76,1
c0086,77,3
c0086,78,3
c0086,79,3
c0086,84,1
c0086,87,2
c0086,88,8
c0086,89,1
c0086,90,2
c0086,91,1
c0086,92,3
c0086,96,1
c0086,105,2
c0086,109,1
c0086,113,3
c0086,114,3
c0086,116,1
c0086,127,1
c0086,129,1
c0086,146,1
c0086,164,1
c0086,165,2
c0086,171,1
c0086,174,3
c0086,175,1
c0086,176,1
c0086,178,1
c0086,187,1
c0086,193,2
c0087,49,2
c0087,50,4
c0087,51,1
c0087,54,3
c0087,55,2
c0087,56,2
c0087,58,1
c0087,59,2
c0087,60,2
c0087,61,1
c0087,62,2
c0087,69,4
c0087,71,11
c0087,72,2
c0087,73,2
c0087,74,1
c0087,75,1
c0087,76,2
c0087,77,5
c0087,78,2
c0087,79,6
c0087,84,2
c0087,85,4
c0087,86,2
c0087,87,1
c0087,88,2
c0087,90,1
c0087,91,1
c0087,97,1
c0087,104,1
c0087,105,3
c0087,109,1
c0087,111,2
c0087,116,1
c0087,125,1
c0087,126,2
c0087,127,4
c0087,128,1
c0087,129,1
c0087,130,2
c0087,131,3
c0087,140,4
c0087,142,2
c0087,143,4
c0087,145,2
c0087,148,8
c0087,151,25
c0087,153,1
c0087,154,3
c0087,155,1
c0087,156,5
c0087,158,1
c0087,160,5
c0087,161,5
c0087,163,2
c0087,164,3
c0087,165,1
c0087,166,1
c0087,170,1
c0087,171,1
c0087,173,1
c0087,174,3
c0087,175,3
c0087,176,1
c0087,178,2
c0087,179,5
c0087,180,1
c0087,187,1
c0087,188,5
c0088,48,3
c0088,49,1
c0088,50,5
c0088,51,2
c0088,52,13
c0088,53,8
c0088,54,5
c0088,55,7
c0088,56,5
c0088,57,7
c0088,58,3
c0088,59,10
c0088,60,4
c0088,61,10
c0088,62,8
c0088,63,1
c0088,64,2
c0088,65,1
c0088,69,6
c0088,70,10
c0088,71,6
c0088,72,3
c0088,73,4
c0088,74,1
c0088,75,6
c0088,76,8
c0088,77,5
c0088,79,8
c0088,80,1
c0088,82,4
c0088,83,1
c0088,84,1
c0088,85,1
c0088,86,4
c0088,87,6
c0088,88,3
c0088,89,7
c0088,90,3
c0088,96,7
c0088,97,1
c0088,100,4
c0088,104,2
c0088,105,2
c0088,107,1
c0088,108,3
c0088,109,3
c0088,112,1
c0088,113,1
c0088,114,3
c0088,116,3
c0088,117,2
c0088,118,1
c0088,125,5
c0088,126,11
c0088,127,3
c0088,128,3
c0088,129,3
c0088,130,1
c0088,131,3
c0088,133,1
c0088,134,3
c0088,140,1
c0088,142,5
c0088,143,4
c0088,146,7
c0088,148,9
c0088,151,12
c0088,153,3
c0088,155,3
c0088,156,7
c0088,157,1
c0088,159,3
c0088,160,4
c0088,161,6
c0088,164,3
c0088,165,3
c0088,166,1
c0088,167,1
c0088,170,2
c0088,171,1
c0088,174,5
c0088,175,6
c0088,176,5
c0088,177,1
c0088,179,1
c0088,180,5
c0088,187,4
c0088,188,1
c0088,189,1
c0088,190,8
c0088,195,2
c0088,196,1
c0089,69,1
c0089,88,1
c0089,109,1
c0089,127,1
c0089,130,1
c0089,131,2
c0089,143,1
c0089,161,2
c0089,164,2
c0089,174,3
c0089,178,4
c0089,189,2
c0090,48,1
c0090,49,1
c0090,50,1
c0090,51,1
c0090,53,1
c0090,54,3
c0090,55,3
c0090,56,2
c0090,57,6
c0090,58,1
c0090,59,6
c0090,60,1
c0090,61,2
c0090,64,3
c0090,65,2
c0090,69,2
c0090,71,2
c0090,72,4
c0090,73,1
c0090,74,3
c0090,75,5
c0090,76,11
c0090,77,4
c0090,78,2
c0090,79,2
c0090,80,3
c0090,83,1
c0090,84,1
c0090,86,2
c0090,87,4
c0090,88,1
c0090,89,5
c0090,90,3
c0090,92,2
c0090,95,2
c0090,96,6
c0090,97,3
c0090,100,6
c0090,102,4
c0090,103,4
c0090,104,7
c0090,106,1
c0090,107,3
c0090,108,3
c0090,109,1
c0090,113,1
c0090,114,1
c0090,116,4
c0090,117,1
c0090,118,1
c0090,120,2
c0090,125,16
c0090,128,1
c0090,129,3
c0090,130,1
c0090,131,1
c0090,140,1
c0090,142,2
c0090,143,4
c0090,146,3
c0090,147,4
c0090,148,1
c0090,151,2
c0090,152,21
c0090,153,30
c0090,154,1
c0090,156,4
c0090,158,19
c0090,159,2
c0090,160,2
c0090,161,4
c0090,163,5
c0090,164,4
c0090,165,5
c0090,166,3
c0090,167,4
c0090,170,3
c0090,171,1
c0090,174,2
c0090,175,6
c0090,176,3
c0090,177,13
c0090,178,3
c0090,180,22
c0090,187,2
c0090,188,2
c0090,189,5
c0090,190,8
c0090,191,1
c0090,192,1
c0090,195,1
c0091,48,1
c0091,50,2
c0091,53,1
c0091,55,1
c0091,56,1
c0091,58,1
c0091,59,1
c0091,60,2
c0091,61,4
c0091,62,2
c0091,65,1
c0091,70,3
c0091,71,1
c0091,72,1
c0091,74,5
c0091,75,4
c0091,77,1
c0091,78,1
c0091,79,1
c0091,85,2
c0091,88,2
c0091,96,3
c0091,97,1
c0091,99,1
c0091,103,1
c0091,108,1
c0091,114,2
c0091,115,1
c0091,116,2
c0091,125,4
c0091,127,1
c0091,129,3
c0091,143,2
c0091,151,1
c0091,153,1
c0091,156,1
c0091,158,1
c0091,161,1
c0091,174,1
c0091,186,1
c0092,48,2
c0092,49,1
c0092,50,2
c0092,51,1
c0092,52,2
c0092,53,1
c0092,54,1
c0092,57,1
c0092,59,1
c0092,61,2
c0092,70,1
c0092,71,4
c0092,74,1
c0092,75,2
c0092,77,2
c0092,78,8
c0092,79,1
c0092,80,1
c0092,82,1
c0092,84,1
c0092,85,3
c0092,88,5
c0092,90,2
c0092,97,1
c0092,100,2
c0092,103,1
c0092,104,1
c0092,106,2
c0092,109,2
c0092,113,3
c0092,114,1
c0092,116,1
c0092,125,1
c0092,131,1
c0092,148,1
c0092,151,1
c0092,152,4
c0092,165,4
c0092,166,2
c0092,176,3
c0092,180,3
c0092,188,1
c0092,189,3
c0093,297,15
c0093,298,1
c0093,301,6
c0093,302,11
c0093,303,7
c0093,304,17
c0093,306,3
c0093,307,2
c0093,308,2
c0093,310,9
c0093,311,24
c0093,312,1
c0093,313,8
c0093,316,16
c0093,317,5
c0093,319,5
c0093,321,11
c0093,322,1
c0093,323,1
c0093,326,1
c0093,329,2
c0093,331,1
c0093,332,1
c0093,333,1
c0093,334,5
c0093,338,1
c0094,297,28
c0094,298,2
c0094,299,3
c0094,300,2
c0094,301,16
c0094,302,21
c0094,303,38
c0094,304,26
c0094,306,1
c0094,307,16
c0094,308,11
c0094,309,2
c0094,310,24
c0094,311,24
c0094,312,10
c0094,313,5
c0094,314,34
c0094,315,5
c0094,316,22
c0094,317,3
c0094,319,3
c0094,320,5
c0094,321,15
c0094,322,20
c0094,323,6
c0094,326,2
c0094,328,2
c0094,329,2
c0094,332,3
c0094,333,1
c0094,334,8
c0094,335,1
c0094,336,1
c0094,338,3
c0095,30,13
c0095,31,3
c0095,34,8
c0095,36,2
c0095,37,3
c0096,30,12
c0096,31,7
c0096,32,1
c0096,33,1
c0096,34,4
c0096,36,19
c0096,37,6
c0097,30,46
c0097,31,23
c0097,34,22
c0097,35,5
c0097,36,16
c0097,37,18
c0098,342,10
c0098,343,1
c0098,352,3
c0098,357,9
c0098,360,5
c0099,297,12
c0099,299,1
c0099,300,10
c0099,301,7
c0099,302,5
c0099,303,16
c0099,304,10
c0099,307,11
c0099,308,14
c0099,309,9
c0099,310,2
c0099,311,8
c0099,312,5
c0099,313,20
c0099,315,3
c0099,316,8
c0099,317,1
c0099,319,2
c0099,320,6
c0099,321,15
c0099,322,6
c0099,323,14
c0099,326,1
c0099,328,2
c0099,329,1
c0099,332,2
c0099,334,3
c0099,335,2
c0099,336,4
c0099,337,3
c0099,338,9
c0100,197,1
c0100,199,1
c0101,236,13
c0101,237,15
c0101,245,8
c0101,246,1
c0101,247,1
c0101,250,10
c0101,251,4
c0101,252,1
c0101,253,1
c0102,305,10
c0102,306,10
c0102,309,12
c0102,310,12
c0102,311,7
c0102,314,12
c0102,315,2
c0102,317,5
c0102,318,10
c0102,319,7
c0102,320,2
c0102,321,1
c0102,324,1
c0102,325,2
c0102,326,5
c0102,327,2
c0102,328,1
c0102,330,1
c0102,336,2
c0102,338,4
c0102,342,2
c0102,343,10
c0103,31,8
c0103,32,3
c0103,35,6
c0103,37,1
c0103,38,2
c0104,31,23
c0104,32,20
c0104,33,5
c0104,34,4
c0104,35,5
c0104,36,2
c0104,37,49
c0104,38,9
c0105,31,12
c0105,32,2
c0105,33,1
c0105,34,103
c0105,35,10
c0105,37,2
c0105,38,4
c0106,31,10
c0106,32,6
c0106,34,1
c0106,35,7
c0106,36,27
c0106,37,6
c0106,39,61
c0107,31,53
c0107,32,27
c0107,33,1
c0107,34,6
c0107,35,27
c0107,36,1
c0107,37,18
c0107,38,16
c0108,50,9
c0108,51,4
c0108,52,11
c0108,53,2
c0108,54,12
c0108,55,5
c0108,56,16
c0108,57,1
c0108,58,9
c0108,59,20
c0108,60,12
c0108,62,13
c0108,63,14
c0108,64,4
c0108,67,3
c0108,69,6
c0108,70,5
c0108,71,15
c0108,72,16
c0108,73,8
c0108,74,32
c0108,75,12
c0108,76,21
c0108,77,25
c0108,78,20
c0108,79,3
c0108,80,2
c0108,81,9
c0108,83,3
c0108,84,11
c0108,85,8
c0108,86,10
c0108,87,21
c0108,88,24
c0108,89,8
c0108,90,3
c0108,92,2
c0108,95,19
c0108,96,12
c0108,97,5
c0108,100,9
c0108,101,4
c0108,102,5
c0108,103,6
c0108,104,2
c0108,105,14
c0108,106,10
c0108,108,2
c0108,109,3
c0108,110,18
c0108,111,10
c0108,112,5
c0108,113,10
c0108,114,7
c0108,115,5
c0108,116,2
c0108,118,6
c0108,120,21
c0108,121,6
c0108,122,3
c0108,123,31
c0108,124,16
c0108,125,2
c0108,126,16
c0108,127,24
c0108,128,59
c0108,131,1
c0108,136,3
c0108,137,7
c0108,138,6
c0108,141,11
c0108,143,8
c0108,146,7
c0108,147,24
c0108,148,13
c0108,149,7
c0108,150,8
c0108,151,8
c0108,153,11
c0108,154,6
c0108,155,7
c0108,156,8
c0108,157,4
c0108,158,19
c0108,159,2
c0108,160,5
c0108,161,4
c0108,163,3
c0108,165,35
c0108,166,3
c0108,169,11
c0108,170,9
c0108,171,19
c0108,172,19
c0108,173,21
c0108,174,1
c0108,175,17
c0108,177,1
c0108,179,1
c0108,180,3
c0108,181,4
c0108,182,10
c0108,183,21
c0108,184,5
c0108,186,19
c0108,187,1
c0108,188,1
c0108,189,9
c0108,193,2
c0108,194,2
c0108,196,1
c0108,197,1
c0108,198,1
c0108,201,16
c0108,202,5
c0108,203,9
c0109,305,161
c0109,306,57
c0109,307,29
c0109,308,10
c0109,309,117
c0109,310,209
c0109,311,102
c0109,312,12
c0109,314,139
c0109,315,132
c0109,316,65
c0109,317,91
c0109,318,172
c0109,319,131
c0109,320,122
c0109,321,108
c0109,322,188
c0109,324,56
c0109,325,55
c0109,326,80
c0109,327,57
c0109,328,125
c0109,329,21
c0109,330,32
c0109,331,41
c0109,332,26
c0109,333,27
c0109,334,134
c0109,336,38
c0109,337,2
c0109,338,127
c0109,341,3
c0109,342,45
c0109,343,103
c0110,281,1
c0110,282,1
c0110,283,4
c0110,286,3
c0110,287,3
c0110,293,1
c0110,302,1
c0111,51,2
c0111,53,1
c0111,54,3
c0111,58,1
c0111,60,1
c0111,62,2
c0111,64,1
c0111,66,1
c0111,70,3
c0111,73,1
c0111,74,1
c0111,75,1
c0111,78,2
c0111,80,1
c0111,81,1
c0111,96,3
c0111,102,1
c0111,105,2
c0111,106,1
c0111,119,13
c0111,122,9
c0111,123,1
c0111,126,1
c0111,127,2
c0111,128,1
c0111,146,13
c0111,147,1
c0111,150,2
c0111,151,8
c0111,152,2
c0111,155,2
c0111,156,2
c0111,158,3
c0111,159,1
c0111,160,1
c0111,161,2
c0111,169,3
c0111,171,2
c0111,172,1
c0111,173,1
c0111,176,1
c0111,201,3
c0111,203,1
c0112,51,1
c0112,54,1
c0112,55,3
c0112,56,1
c0112,58,1
c0112,72,1
c0112,78,1
c0112,164,1
c0112,173,1
c0112,186,1
c0112,194,1
c0113,69,1
c0113,72,2
c0113,79,1
c0113,89,1
c0113,121,1
c0113,124,2
c0113,126,2
c0113,128,1
c0113,138,2
c0113,141,1
c0113,147,2
c0113,148,4
c0113,150,1
c0113,153,4
c0113,175,1
c0113,181,1
c0113,189,2
c0113,201,1
c0114,50,24
c0114,51,19
c0114,52,43
c0114,53,17
c0114,54,35
c0114,55,37
c0114,56,39
c0114,57,22
c0114,58,26
c0114,59,21
c0114,60,28
c0114,62,40
c0114,63,25
c0114,64,11
c0114,65,24
c0114,66,2
c0114,67,2
c0114,68,5
c0114,69,15
c0114,70,31
c0114,71,42
c0114,72,23
c0114,73,30
c0114,74,39
c0114,75,25
c0114,76,50
c0114,77,18
c0114,78,38
c0114,79,33
c0114,80,6
c0114,81,21
c0114,82,3
c0114,83,9
c0114,84,29
c0114,85,23
c0114,86,32
c0114,87,24
c0114,88,52
c0114,89,25
c0114,90,17
c0114,91,18
c0114,92,4
c0114,93,1
c0114,95,38
c0114,96,18
c0114,97,48
c0114,98,3
c0114,100,27
c0114,101,11
c0114,102,4
c0114,103,12
c0114,104,6
c0114,105,26
c0114,106,14
c0114,107,1
c0114,108,5
c0114,109,8
c0114,110,26
c0114,111,25
c0114,112,28
c0114,113,16
c0114,114,6
c0114,115,28
c0114,116,6
c0114,118,18
c0114,120,32
c0114,121,41
c0114,122,9
c0114,123,31
c0114,124,74
c0114,125,34
c0114,126,25
c0114,127,36
c0114,128,32
c0114,129,3
c0114,130,2
c0114,131,5
c0114,132,45
c0114,136,9
c0114,138,24
c0114,139,12
c0114,140,7
c0114,141,35
c0114,143,34
c0114,146,17
c0114,147,22
c0114,148,19
c0114,149,8
c0114,150,33
c0114,151,37
c0114,152,10
c0114,153,11
c0114,154,15
c0114,155,21
c0114,156,39
c0114,157,1
c0114,158,29
c0114,159,18
c0114,160,40
c0114,161,29
c0114,162,3
c0114,163,2
c0114,165,21
c0114,166,35
c0114,169,35
c0114,170,32
c0114,171,36
c0114,172,23
c0114,173,30
c0114,174,5
c0114,175,16
c0114,176,1
c0114,181,5
c0114,182,17
c0114,183,22
c0114,184,12
c0114,185,2
c0114,186,22
c0114,187,2
c0114,188,4
c0114,189,13
c0114,192,3
c0114,194,1
c0114,197,1
c0114,201,27
c0114,202,18
c0114,203,14
c0114,204,14
c0115,52,1
c0115,54,1
c0115,55,2
c0115,60,1
c0115,65,1
c0115,72,1
c0115,76,1
c0115,78,4
c0115,82,1
c0115,86,1
c0115,96,1
c0115,126,1
c0115,165,1
c0115,173,1
c0116,50,25
c0116,51,8
c0116,52,15
c0116,53,10
c0116,54,17
c0116,55,16
c0116,56,27
c0116,57,10
c0116,58,10
c0116,59,15
c0116,60,24
c0116,62,23
c0116,63,16
c0116,64,5
c0116,65,26
c0116,66,1
c0116,69,11
c0116,70,11
c0116,71,25
c0116,72,28
c0116,73,11
c0116,74,8
c0116,75,31
c0116,76,18
c0116,77,6
c0116,78,32
c0116,79,10
c0116,80,10
c0116,81,4
c0116,82,2
c0116,83,13
c0116,84,20
c0116,85,11
c0116,86,22
c0116,87,9
c0116,88,7
c0116,89,11
c0116,90,9
c0116,91,21
c0116,93,6
c0116,94,1
c0116,95,25
c0116,96,24
c0116,97,9
c0116,100,11
c0116,101,7
c0116,102,5
c0116,103,5
c0116,104,4
c0116,105,8
c0116,106,8
c0116,108,2
c0116,109,10
c0116,110,20
c0116,111,6
c0116,112,18
c0116,113,4
c0116,114,7
c0116,115,15
c0116,116,2
c0116,118,10
c0116,120,22
c0116,121,50
c0116,123,18
c0116,124,19
c0116,125,13
c0116,126,7
c0116,127,12
c0116,128,11
c0116,131,2
c0116,132,6
c0116,136,10
c0116,137,10
c0116,138,8
c0116,141,12
c0116,143,15
c0116,146,5
c0116,147,17
c0116,148,11
c0116,149,3
c0116,150,6
c0116,151,7
c0116,152,4
c0116,153,3
c0116,154,7
c0116,155,4
c0116,156,14
c0116,158,16
c0116,159,3
c0116,160,11
c0116,161,4
c0116,165,10
c0116,169,9
c0116,170,6
c0116,171,17
c0116,172,6
c0116,173,13
c0116,174,2
c0116,175,21
c0116,182,5
c0116,183,2
c0116,184,6
c0116,186,8
c0116,188,2
c0116,189,5
c0116,194,1
c0116,195,1
c0116,198,1
c0116,201,4
c0116,202,8
c0116,203,4
c0117,50,6
c0117,51,3
c0117,52,12
c0117,53,4
c0117,54,8
c0117,55,1
c0117,56,14
c0117,57,6
c0117,58,9
c0117,59,11
c0117,60,14
c0117,62,5
c0117,64,2
c0117,65,3
c0117,66,1
c0117,69,4
c0117,70,5
c0117,71,4
c0117,72,3
c0117,73,4
c0117,74,3
c0117,75,8
c0117,76,3
c0117,77,2
c0117,78,5
c0117,79,2
c0117,81,1
c0117,82,1
c0117,83,3
c0117,84,3
c0117,85,3
c0117,86,10
c0117,87,1
c0117,88,6
c0117,91,1
c0117,95,5
c0117,96,8
c0117,97,1
c0117,98,1
c0117,100,3
c0117,102,2
c0117,103,2
c0117,105,2
c0117,106,4
c0117,108,2
c0117,109,4
c0117,110,2
c0117,111,3
c0117,112,8
c0117,113,2
c0117,115,3
c0117,118,1
c0117,121,7
c0117,123,2
c0117,124,19
c0117,125,5
c0117,126,5
c0117,127,15
c0117,128,2
c0117,138,4
c0117,141,11
c0117,143,5
c0117,146,9
c0117,147,3
c0117,148,6
c0117,150,3
c0117,151,9
c0117,152,1
c0117,154,3
c0117,155,5
c0117,156,11
c0117,158,1
c0117,159,3
c0117,161,5
c0117,165,3
c0117,166,3
c0117,169,5
c0117,170,3
c0117,171,2
c0117,172,2
c0117,173,9
c0117,179,1
c0117,181,1
c0117,184,5
c0117,186,7
c0117,188,1
c0117,189,3
c0117,201,4
c0117,202,5
c0117,203,2
c0118,50,6
c0118,51,4
c0118,52,1
c0118,53,4
c0118,54,5
c0118,55,9
c0118,56,5
c0118,57,2
c0118,59,4
c0118,60,7
c0118,62,5
c0118,63,2
c0118,64,1
c0118,65,6
c0118,67,1
c0118,69,2
c0118,70,4
c0118,71,3
c0118,72,4
c0118,73,12
c0118,74,3
c0118,75,6
c0118,76,8
c0118,77,4
c0118,78,37
c0118,79,2
c0118,81,2
c0118,82,6
c0118,83,1
c0118,84,6
c0118,85,1
c0118,86,15
c0118,87,6
c0118,88,6
c0118,89,2
c0118,90,6
c0118,95,9
c0118,96,8
c0118,97,3
c0118,100,4
c0118,102,2
c0118,103,2
c0118,104,4
c0118,105,1
c0118,106,5
c0118,110,4
c0118,112,9
c0118,115,4
c0118,120,1
c0118,121,7
c0118,122,1
c0118,123,3
c0118,124,8
c0118,125,5
c0118,126,4
c0118,127,1
c0118,128,1
c0118,141,3
c0118,143,3
c0118,146,2
c0118,147,5
c0118,148,6
c0118,149,4
c0118,150,7
c0118,151,3
c0118,153,1
c0118,154,1
c0118,155,4
c0118,156,6
c0118,158,2
c0118,159,2
c0118,160,3
c0118,161,4
c0118,166,2
c0118,169,1
c0118,170,1
c0118,171,5
c0118,172,1
c0118,173,2
c0118,174,1
c0118,175,5
c0118,189,1
c0118,197,1
c0118,201,3
c0118,202,3
c0118,203,1
c0119,50,11
c0119,51,5
c0119,52,17
c0119,53,11
c0119,54,39
c0119,55,38
c0119,56,44
c0119,57,9
c0119,58,21
c0119,59,16
c0119,60,34
c0119,62,42
c0119,63,56
c0119,64,11
c0119,65,42
c0119,66,17
c0119,68,4
c0119,69,28
c0119,70,20
c0119,71,61
c0119,72,46
c0119,73,20
c0119,74,17
c0119,75,28
c0119,76,75
c0119,77,30
c0119,78,69
c0119,79,29
c0119,80,8
c0119,81,13
c0119,82,1
c0119,83,23
c0119,84,26
c0119,85,21
c0119,86,37
c0119,87,56
c0119,88,46
c0119,89,15
c0119,90,15
c0119,91,14
c0119,93,2
c0119,95,29
c0119,96,36
c0119,97,19
c0119,100,30
c0119,101,10
c0119,102,14
c0119,103,32
c0119,104,6
c0119,105,16
c0119,106,20
c0119,107,3
c0119,108,6
c0119,109,4
c0119,110,48
c0119,111,24
c0119,112,43
c0119,113,15
c0119,114,11
c0119,115,31
c0119,116,5
c0119,118,18
c0119,119,7
c0119,120,24
c0119,121,20
c0119,122,11
c0119,123,28
c0119,124,34
c0119,125,23
c0119,126,13
c0119,127,41
c0119,128,32
c0119,130,12
c0119,131,4
c0119,134,3
c0119,135,1
c0119,136,1
c0119,137,3
c0119,138,12
c0119,139,4
c0119,141,27
c0119,143,29
c0119,146,27
c0119,147,22
c0119,148,48
c0119,149,6
c0119,150,16
c0119,151,19
c0119,152,6
c0119,153,15
c0119,154,7
c0119,155,19
c0119,156,33
c0119,158,26
c0119,159,21
c0119,160,25
c0119,161,26
c0119,162,1
c0119,165,20
c0119,166,18
c0119,167,1
c0119,168,6
c0119,169,31
c0119,170,6
c0119,171,37
c0119,172,14
c0119,173,28
c0119,174,5
c0119,175,27
c0119,179,1
c0119,180,3
c0119,181,11
c0119,182,14
c0119,183,20
c0119,184,16
c0119,186,62
c0119,187,2
c0119,188,1
c0119,189,13
c0119,191,2
c0119,192,4
c0119,193,2
c0119,194,2
c0119,195,1
c0119,197,3
c0119,198,2
c0119,200,5
c0119,201,23
c0119,202,12
c0119,203,15
c0119,204,3
c0120,265,12
c0120,267,8
c0120,268,8
c0121,265,3
c0121,266,1
c0121,267,3
c0121,268,4
c0122,265,35
c0122,266,1
c0122,267,19
c0122,268,40
c0123,265,12
c0123,267,4
c0123,268,2
c0124,265,2
c0124,267,2
c0124,268,1
c0125,267,2
c0126,265,8
c0126,267,5
c0126,268,2
c0127,305,23
c0127,306,1
c0127,308,6
c0127,309,16
c0127,310,37
c0127,311,21
c0127,312,11
c0127,314,14
c0127,315,10
c0127,316,13
c0127,317,20
c0127,318,28
c0127,319,9
c0127,320,14
c0127,321,28
c0127,322,12
c0127,323,3
c0127,324,2
c0127,325,13
c0127,326,18
c0127,327,11
c0127,328,20
c0127,330,4
c0127,331,9
c0127,332,5
c0127,334,17
c0127,336,9
c0127,337,5
c0127,338,22
c0127,339,2
c0127,340,8
c0127,342,7
c0127,343,20
c0128,305,14
c0128,306,4
c0128,309,16
c0128,310,13
c0128,311,14
c0128,314,4
c0128,315,4
c0128,316,1
c0128,317,13
c0128,318,30
c0128,319,4
c0128,320,8
c0128,321,15
c0128,322,2
c0128,324,5
c0128,325,1
c0128,326,10
c0128,327,1
c0128,328,1
c0128,331,3
c0128,332,3
c0128,333,2
c0128,334,3
c0128,336,1
c0128,338,4
c0128,342,1
c0128,343,15
c0129,305,2
c0129,309,6
c0129,310,4
c0129,311,2
c0129,314,6
c0129,315,1
c0129,316,24
c0129,318,1
c0129,319,2
c0129,320,1
c0129,321,2
c0129,325,1
c0129,326,4
c0129,328,4
c0129,331,3
c0129,336,1
c0129,338,5
c0129,343,10
c0130,305,4
c0130,309,4
c0130,310,6
c0130,315,1
c0130,317,1
c0130,318,3
c0130,321,1
c0130,322,1
c0130,324,7
c0130,326,3
c0130,327,1
c0130,328,2
c0130,331,1
c0130,332,1
c0130,336,2
c0130,338,2
c0131,305,2
c0131,306,1
c0131,310,3
c0131,311,1
c0131,315,2
c0131,316,5
c0131,317,8
c0131,318,4
c0131,319,2
c0131,320,1
c0131,321,1
c0131,322,6
c0131,326,1
c0131,327,1
c0131,328,1
c0131,329,9
c0131,330,1
c0131,332,15
c0131,334,8
c0131,338,1
c0131,342,1
c0131,343,3
c0132,305,13
c0132,306,1
c0132,309,2
c0132,310,10
c0132,311,8
c0132,314,1
c0132,315,3
c0132,316,2
c0132,317,1
c0132,318,6
c0132,319,7
c0132,320,1
c0132,321,4
c0132,322,3
c0132,324,1
c0132,326,8
c0132,327,3
c0132,328,2
c0132,329,1
c0132,334,1
c0132,336,2
c0132,338,2
c0132,343,8
c0133,305,80
c0133,306,219
c0133,307,2
c0133,308,25
c0133,309,58
c0133,310,95
c0133,311,42
c0133,312,19
c0133,314,49
c0133,315,55
c0133,316,42
c0133,317,61
c0133,318,93
c0133,319,87
c0133,320,29
c0133,321,73
c0133,322,46
c0133,323,34
c0133,324,23
c0133,325,20
c0133,326,41
c0133,327,40
c0133,328,53
c0133,329,86
c0133,330,7
c0133,331,25
c0133,332,6
c0133,333,6
c0133,334,77
c0133,336,20
c0133,337,19
c0133,338,53
c0133,339,10
c0133,340,14
c0133,341,2
c0133,342,18
c0133,343,62
c0134,305,7
c0134,306,3
c0134,308,2
c0134,309,5
c0134,310,4
c0134,311,4
c0134,314,4
c0134,315,29
c0134,316,2
c0134,317,2
c0134,318,4
c0134,319,9
c0134,320,13
c0134,321,7
c0134,322,3
c0134,324,2
c0134,325,8
c0134,326,7
c0134,327,2
c0134,328,26
c0134,330,4
c0134,331,9
c0134,332,1
c0134,333,1
c0134,334,5
c0134,338,30
c0134,343,6
c0135,305,34
c0135,306,2
c0135,307,10
c0135,309,22
c0135,310,29
c0135,311,34
c0135,314,16
c0135,315,15
c0135,316,10
c0135,317,20
c0135,318,29
c0135,319,16
c0135,320,17
c0135,321,16
c0135,322,9
c0135,324,7
c0135,325,8
c0135,326,13
c0135,327,24
c0135,328,24
c0135,330,1
c0135,331,4
c0135,334,26
c0135,336,7
c0135,338,9
c0135,339,1
c0135,342,11
c0135,343,17
c0136,305,4
c0136,309,4
c0136,310,9
c0136,311,5
c0136,314,7
c0136,315,16
c0136,316,4
c0136,317,9
c0136,318,6
c0136,319,4
c0136,320,8
c0136,321,9
c0136,322,12
c0136,324,9
c0136,325,5
c0136,326,1
c0136,327,1
c0136,328,16
c0136,330,2
c0136,331,2
c0136,334,2
c0136,338,11
c0136,343,3
c0137,305,190
c0137,306,22
c0137,307,97
c0137,309,156
c0137,310,179
c0137,311,103
c0137,314,125
c0137,315,172
c0137,316,87
c0137,317,122
c0137,318,194
c0137,319,123
c0137,320,95
c0137,321,179
c0137,322,103
c0137,324,54
c0137,325,49
c0137,326,89
c0137,327,70
c0137,328,163
c0137,329,1
c0137,330,40
c0137,331,53
c0137,332,12
c0137,333,10
c0137,334,111
c0137,336,40
c0137,338,145
c0137,341,2
c0137,342,26
c0137,343,133
c0138,305,4
c0138,306,3
c0138,309,3
c0138,310,9
c0138,314,1
c0138,315,9
c0138,316,6
c0138,317,2
c0138,318,1
c0138,319,2
c0138,320,2
c0138,321,1
c0138,322,5
c0138,325,2
c0138,326,4
c0138,327,1
c0138,328,4
c0138,332,2
c0138,334,5
c0138,336,2
c0138,338,9
c0138,342,1
c0138,343,1
c0139,8,17
c0139,9,3
c0139,10,11
c0139,11,34
c0139,12,8
c0139,13,18
c0139,14,6
c0139,15,33
c0139,16,14
c0139,17,4
c0139,18,6
c0140,15,2
c0141,11,1
c0141,16,2
c0142,8,7
c0142,9,1
c0142,11,11
c0142,12,2
c0142,13,2
c0142,15,3
c0143,8,6
c0143,11,53
c0143,12,12
c0143,13,9
c0143,14,1
c0143,15,4
c0143,16,2
c0143,18,3
c0144,205,12
c0144,206,2
c0144,207,9
c0144,209,2
c0144,210,1
c0145,205,16
c0145,206,27
c0145,207,11
c0145,209,34
c0145,210,28
c0146,205,3
c0146,206,1
c0146,209,2
c0147,205,4
c0147,206,4
c0147,207,2
c0153,249,5
c0153,250,8
c0153,258,2
c0153,262,2
c0153,264,2
c0154,251,2
c0154,254,44
c0154,258,3
c0154,262,1
c0154,264,1
c0155,249,6
c0155,250,7
c0155,252,3
c0155,257,2
c0155,258,10
c0155,260,5
c0155,261,5
c0155,262,3
c0155,263,4
c0155,264,2
c0156,249,3
c0156,250,13
c0156,258,6
c0156,259,1
c0156,260,1
c0156,262,3
c0156,264,3
c0157,249,2
c0157,258,3
c0157,259,12
c0157,263,1
c0157,264,1
c0158,249,7
c0158,250,21
c0158,251,3
c0158,258,4
c0158,259,3
c0158,262,2
c0158,263,1
c0158,264,4
c0159,226,5
c0159,239,1
c0159,241,1
c0161,223,1
c0162,221,1
c0162,223,1
c0162,226,1
c0162,237,13
c0163,217,1
c0163,218,4
c0163,220,5
c0163,222,1
c0163,223,4
c0163,225,6
c0163,226,2
c0163,235,1
c0163,239,4
c0163,240,1
c0163,241,1
c0164,214,4
c0164,215,9
c0164,225,1
c0164,239,1
c0164,240,1
c0165,211,3
c0165,214,6
c0165,215,3
c0165,216,1
c0165,222,89
c0165,223,10
c0165,225,11
c0165,226,7
c0165,228,17
c0165,230,6
c0165,231,3
c0165,239,8
c0165,240,4
c0165,241,4
c0166,346,20
c0166,351,2
c0166,354,3
c0166,360,6
c0166,361,5
c0166,363,14
c0167,346,13
c0167,347,7
c0167,351,3
c0167,353,1
c0167,354,9
c0167,357,4
c0167,360,3
c0167,361,9
c0167,363,12
c0167,364,2
c0168,346,1
c0169,346,2
c0169,363,2
c0170,346,2
c0170,356,4
c0171,205,3
c0171,206,1
c0172,0,12
c0172,1,232
c0172,2,398
c0172,3,99
c0172,4,218
c0172,5,49
c0172,6,91
c0172,7,63
c0172,8,450
c0172,9,369
c0172,10,78
c0172,11,116
c0172,12,1078
c0172,13,210
c0172,14,470
c0172,15,220
c0172,16,284
c0172,17,309
c0172,18,123
c0172,19,122
c0172,20,1211
c0172,21,568
c0172,22,318
c0172,23,293
c0172,24,1014
c0172,25,97
c0172,26,138
c0172,27,152
c0172,28,648
c0172,29,875
c0172,30,182
c0172,31,274
c0172,32,873
c0172,33,647
c0172,34,352
c0172,35,348
c0172,36,358
c0172,37,98
c0172,38,454
c0172,39,311
c0172,40,35
c0172,41,318
c0172,42,1022
c0172,43,106
c0172,44,199
c0172,45,396
c0172,46,47
c0172,47,305
c0172,48,152
c0172,49,204
c0172,50,629
c0172,51,268
c0172,52,1073
c0172,53,906
c0172,54,981
c0172,55,1501
c0172,56,989
c0172,57,1362
c0172,58,1247
c0172,59,2246
c0172,60,1459
c0172,61,2280
c0172,62,1509
c0172,63,2766
c0172,64,1282
c0172,65,502
c0172,66,671
c0172,67,816
c0172,68,1181
c0172,69,411
c0172,70,125
c0172,71,1743
c0172,72,1439
c0172,73,755
c0172,74,639
c0172,75,461
c0172,76,1304
c0172,77,447
c0172,78,1528
c0172,79,933
c0172,80,1214
c0172,81,428
c0172,82,1358
c0172,83,125
c0172,84,529
c0172,85,546
c0172,86,1473
c0172,87,1574
c0172,88,1090
c0172,89,1140
c0172,90,698
c0172,91,921
c0172,92,1618
c0172,93,908
c0172,94,1200
c0172,95,1334
c0172,96,346
c0172,97,350
c0172,98,414
c0172,99,294
c0172,100,63
c0172,101,253
c0172,102,212
c0172,103,631
c0172,104,378
c0172,105,313
c0172,107,93
c0172,108,1191
c0172,109,522
c0172,110,1287
c0172,111,951
c0172,112,1395
c0172,113,194
c0172,114,1283
c0172,115,633
c0172,116,1585
c0172,117,1244
c0172,118,190
c0172,119,58
c0172,120,742
c0172,121,172
c0172,122,184
c0172,123,1307
c0172,124,846
c0172,125,1571
c0172,126,1520
c0172,127,208
c0172,128,153
c0172,129,151
c0172,130,22
c0172,131,364
c0172,132,695
c0172,133,961
c0172,134,685
c0172,135,141
c0172,136,1484
c0172,137,135
c0172,138,138
c0172,139,86
c0172,140,261
c0172,141,465
c0172,142,197
c0172,143,151
c0172,144,45
c0172,145,201
c0172,146,75
c0172,147,222
c0172,148,10
c0172,149,97
c0172,150,88
c0172,151,210
c0172,152,150
c0172,153,457
c0172,154,81
c0172,155,93
c0172,156,131
c0172,157,448
c0172,158,1345
c0172,159,723
c0172,160,595
c0172,161,663
c0172,162,924
c0172,163,1043
c0172,164,698
c0172,165,1043
c0172,166,792
c0172,167,754
c0172,168,662
c0172,169,1440
c0172,170,1292
c0172,171,804
c0172,172,716
c0172,173,830
c0172,174,687
c0172,175,1077
c0172,176,1440
c0172,177,432
c0172,178,563
c0172,179,1047
c0172,180,1055
c0172,181,1645
c0172,182,1070
c0172,183,319
c0172,184,18
c0172,185,1327
c0172,186,551
c0172,187,619
c0172,188,687
c0172,189,473
c0172,190,102
c0172,191,248
c0172,192,966
c0172,193,167
c0172,194,1086
c0172,195,238
c0172,196,216
c0172,197,237
c0172,198,131
c0172,199,319
c0172,200,498
c0172,202,158
c0172,203,993
c0172,204,1249
c0172,205,1225
c0172,206,1473
c0172,207,933
c0172,208,414
c0172,209,681
c0172,210,302
c0172,211,38
c0172,212,277
c0172,213,876
c0172,214,676
c0172,215,82
c0172,216,150
c0172,217,150
c0172,218,106
c0172,219,126
c0172,220,488
c0172,221,236
c0172,222,43
c0172,223,478
c0172,224,190
c0172,225,527
c0172,226,700
c0172,227,816
c0172,228,188
c0172,229,857
c0172,230,878
c0172,231,193
c0172,232,386
c0172,233,168
c0172,234,142
c0172,235,81
c0172,236,229
c0172,237,80
c0172,238,72
c0172,239,481
c0172,240,113
c0172,241,59
c0172,242,620
c0172,243,340
c0172,244,423
c0172,245,138
c0172,246,1004
c0172,247,331
c0172,248,413
c0172,249,198
c0172,250,466
c0172,251,772
c0172,252,308
c0172,253,1000
c0172,254,1411
c0172,255,838
c0172,256,95
c0172,257,185
c0172,258,840
c0172,259,829
c0172,260,420
c0172,261,57
c0172,262,802
c0172,263,439
c0172,264,361
c0172,265,41
c0172,266,364
c0172,267,483
c0172,268,497
c0172,269,624
c0172,271,268
c0172,272,238
c0172,273,825
c0172,274,319
c0172,275,738
c0172,276,90
c0172,277,816
c0172,278,904
c0172,279,412
c0172,280,180
c0172,281,184
c0172,282,636
c0172,283,742
c0172,284,631
c0172,285,503
c0172,286,430
c0172,287,125
c0172,288,77
c0172,289,480
c0172,290,830
c0172,291,972
c0172,292,651
c0172,293,174
c0172,294,147
c0172,295,534
c0172,296,632
c0172,297,563
c0172,298,567
c0172,299,806
c0172,300,318
c0172,301,596
c0172,302,472
c0172,303,93
c0172,304,183
c0172,305,341
c0172,306,774
c0172,307,461
c0172,308,273
c0172,309,115
c0172,310,392
c0172,311,288
c0172,312,86
c0172,313,1616
c0172,314,1150
c0172,315,533
c0172,316,138
c0172,317,1179
c0172,318,1742
c0172,319,925
c0172,320,198
c0172,321,1307
c0172,322,1226
c0172,323,938
c0172,324,1260
c0172,325,1587
c0172,326,1432
c0172,327,1273
c0172,328,932
c0172,329,1352
c0172,330,1837
c0172,331,87
c0172,332,516
c0172,333,496
c0172,334,751
c0172,335,811
c0172,336,1271
c0172,337,278
c0172,341,230
c0172,342,434
c0172,343,387
c0172,345,616
c0172,346,333
c0172,347,136
c0172,348,1072
c0172,349,34
c0172,350,46
c0172,351,165
c0172,352,991
c0172,353,77
c0172,354,321
c0172,355,972
c0172,356,111
c0172,357,138
c0172,358,21
c0172,359,57
c0172,360,279
c0172,361,114
c0172,362,299
c0172,363,117
c0172,364,35
c0172,365,94
c0172,366,104
c0172,367,145
c0172,368,107
c0172,369,132
c0172,370,756
c0172,372,56
c0172,373,700
c0172,374,92
