cid,pessoa,disp,nome_urna,nome,numero,partido,situacao,tot,nmun,rk,nc,anulados,ue,sq
c0001,g30651,de22,Tia da Merenda Silvana Costa,Silvana Rosalino da Costa,19002,PODE,Suplente,151,23,690,782,0,Rio Grande do Sul,210001596154
c0002,g34439,de22,Prego Motos,Homero Davila Neto,19414,PODE,Suplente,360,12,595,782,0,Rio Grande do Sul,210001596162
c0003,g15814,de22,André Nogueira,André Nogueira,50222,PSOL,Suplente,436,72,570,782,0,Rio Grande do Sul,210001598519
c0004,g23338,de22,Ana Cristina,Ana Cristina Londe Nogueira Aguirre,18018,REDE,Suplente,533,65,540,782,0,Rio Grande do Sul,210001598531
c0005,g33459,de22,Elias Cabreira,José Elias dos Santos Cabreira,13013,PT,Suplente,1444,191,399,782,0,Rio Grande do Sul,210001610584
c0006,g21849,de22,Rene Ribeiro,Rene Nedi de Souza Ribeiro,13190,PT,Suplente,6193,210,211,782,0,Rio Grande do Sul,210001610585
c0007,g18481,de22,Professora Rita Della Giustina,Rita de Cassia Della Giustina de Oliveira,13213,PT,Suplente,16316,207,106,782,0,Rio Grande do Sul,210001610586
c0008,g33422,de22,Ìyá Sandrali,Sandrali de Campos Bueno,13777,PT,Suplente,4219,171,262,782,0,Rio Grande do Sul,210001610587
c0009,g36754,de22,Frei Sérgio,Sérgio Antônio Görgen,13690,PT,Suplente,26858,408,68,782,0,Rio Grande do Sul,210001610588
c0010,g6410,de22,Sofia Cavedon,Sofia Cavedon Nunes,13400,PT,Eleito,39039,361,31,782,0,Rio Grande do Sul,210001610589
c0011,g17008,de22,Stela Farias,Stela Beatriz Farias Lopes,13113,PT,Eleito,37957,375,32,782,0,Rio Grande do Sul,210001610590
c0012,g8314,de22,Bira Teixeira,Ubirajara Machado Teixeira,13285,PT,Suplente,6974,175,198,782,0,Rio Grande do Sul,210001610591
c0013,g24015,de22,Beto Noronha,Adalberto de Oliveira Noronha,13313,PT,Suplente,13231,259,135,782,0,Rio Grande do Sul,210001610592
c0014,g12066,de22,Adão Pretto,Adão Pretto Filho,13655,PT,Eleito,66457,465,11,782,0,Rio Grande do Sul,210001610593
c0015,g49660,de22,Ágata Mostardeiro,Ágata Vieira Mostardeiro,13070,PT,Suplente,3226,237,293,782,0,Rio Grande do Sul,210001610594
c0016,g48673,de22,Alberto Heck,Alberto João Heck,13600,PT,Suplente,9492,194,171,782,0,Rio Grande do Sul,210001610595
c0017,g35245,de22,Alex Boscaini,Alex Sander Alves Boscaini,13040,PT,Suplente,6684,130,203,782,0,Rio Grande do Sul,210001610596
c0018,g15038,de22,Alisson Ferronato,Alisson Ferronato dos Santos,13131,PT,Suplente,11521,371,152,782,0,Rio Grande do Sul,210001610597
c0019,g10730,de22,Ana Affonso,Ana Ines Affonso,13813,PT,Suplente,35256,325,40,782,0,Rio Grande do Sul,210001610598
c0020,g32117,de22,Valdeci Oliveira,Antonio Valdeci Oliveira de Oliveira,13713,PT,Eleito,70580,324,7,782,0,Rio Grande do Sul,210001610599
c0021,g48632,de22,Claudião de Ibiaçá,Claudiomiro Fracasso,13613,PT,Suplente,15243,268,115,782,0,Rio Grande do Sul,210001610602
c0022,g39389,de22,Maneco Hassen,Emanuel Hassen de Jesus,13700,PT,Suplente,34532,318,41,782,0,Rio Grande do Sul,210001610603
c0023,g28093,de22,Eva Valéria Lorenzato,Eva Valéria Lorenzato,13123,PT,Suplente,10832,334,162,782,0,Rio Grande do Sul,210001610604
c0024,g8533,de22,Evandro Paixão,Evandro Israel Machado Paixão,13333,PT,Suplente,3849,266,270,782,0,Rio Grande do Sul,210001610605
c0025,g39758,de22,Everton Maninho,Everton Luiz da Rosa Alves,13136,PT,Suplente,2097,90,355,782,0,Rio Grande do Sul,210001610606
c0026,g37333,de22,Fernando Marroni,Fernando Stephan Marroni,13456,PT,Suplente,28884,326,54,782,0,Rio Grande do Sul,210001610607
c0027,g30522,de22,Gabrieli Vaz,Gabrieli da Silva Vaz,13999,PT,Suplente,1128,162,435,782,0,Rio Grande do Sul,210001610609
c0028,g39818,de22,Gerri Sawaris,Gerri Sawaris,13888,PT,Suplente,16542,246,105,782,0,Rio Grande do Sul,210001610610
c0029,g36729,de22,Pepe Vargas,Gilberto José Spier Vargas,13001,PT,Eleito,69949,329,8,782,0,Rio Grande do Sul,210001610611
c0030,g4183,de22,Halley,Halley Lino de Souza,13111,PT,Suplente,36150,241,37,782,0,Rio Grande do Sul,210001610612
c0031,g20863,de22,Professora Helenir,Helenir Aguiar Schurer,13303,PT,Suplente,15798,407,112,782,0,Rio Grande do Sul,210001610613
c0032,g11353,de22,Ibrail Vergueiro,Ibrail Vergueiro,13130,PT,Suplente,1413,181,402,782,0,Rio Grande do Sul,210001610614
c0033,g745,de22,Ivan Duarte,Ivan Admar Dornelles Duarte,13513,PT,Suplente,6329,149,210,782,0,Rio Grande do Sul,210001610617
c0034,g40069,de22,Ivar Pavan,Ivar Pavan,13240,PT,Suplente,23727,311,77,782,0,Rio Grande do Sul,210001610618
c0035,g30040,de22,Ivonete Carvalho,Ivonete Carvalho,13677,PT,Suplente,3179,142,296,782,0,Rio Grande do Sul,210001610619
c0036,g13488,de22,Jeferson Fernandes,Jeferson Oliveira Fernandes,13120,PT,Eleito,60280,408,14,782,0,Rio Grande do Sul,210001610620
c0037,g1599,de22,João Marcelo,João Marcelo Lucas Schneider,13913,PT,Suplente,1424,87,401,782,0,Rio Grande do Sul,210001610621
c0038,g30568,de22,Samuel,José Samuel da Silva Santos,13030,PT,Suplente,10068,278,166,782,0,Rio Grande do Sul,210001610622
c0039,g33047,de22,Zé Nunes,José Sidney Nunes de Almeida,13500,PT,Eleito,44035,270,26,782,0,Rio Grande do Sul,210001610623
c0040,g13173,de22,Katia Duarte,Katia Cilene de Quadros Duarte,13799,PT,Suplente,1939,63,365,782,0,Rio Grande do Sul,210001610625
c0041,g18709,de22,Laura Sito,Laura Soares Sito Silveira,13300,PT,Eleito,36705,367,35,782,0,Rio Grande do Sul,210001610626
c0042,g48722,de22,Leonel Radde,Leonel Guterres Radde,13007,PT,Eleito,44300,435,25,782,0,Rio Grande do Sul,210001610627
c0043,g20907,de22,Lins Robalo,Lins Robalo,13444,PT,Suplente,5524,219,226,782,0,Rio Grande do Sul,210001610628
c0044,g41787,de22,Mainardi,Luiz Fernando Mainardi,13555,PT,Eleito,56859,402,18,782,0,Rio Grande do Sul,210001610629
c0045,g45907,de22,Marcelinho da Vavá,Marcelo Vargas Quadros,13699,PT,Suplente,275,88,632,782,0,Rio Grande do Sul,210001610630
c0046,g36435,de22,Marcia Lucas,Marcia Eliza Lucas Ferreira,13413,PT,Suplente,4260,94,261,782,0,Rio Grande do Sul,210001610631
c0047,g7212,de22,Professora Margarete,Margarete Simon Ferretti,13114,PT,Suplente,11510,219,153,782,0,Rio Grande do Sul,210001610632
c0048,g12993,de22,Miguel Rossetto,Miguel Soldatelli Rossetto,13000,PT,Eleito,37790,443,33,782,0,Rio Grande do Sul,210001610633
c0049,g23395,de22,Mônica,Mônica Juliana Facio,13789,PT,Suplente,14330,235,121,782,0,Rio Grande do Sul,210001610634
c0050,g17128,de22,Patricia Loupee,Patricia de Quadros Berwanger,13223,PT,Suplente,120,59,714,782,0,Rio Grande do Sul,210001610635
c0051,g45843,de22,Paulo Berquo,Paulo Antônio Berquo Farias,13222,PT,Suplente,5264,162,233,782,0,Rio Grande do Sul,210001610636
c0052,g4585,de22,Major Paulo Tito,Paulo Ricardo Tito Coelho,13321,PT,Suplente,3143,175,299,782,0,Rio Grande do Sul,210001610637
c0053,g20668,de26,Natasha,Natasha Narciso Ferreira,13100,PT,Eleito,54027,443,22,528,0,Rio Grande do Sul,210002534003
c0054,g11189,de26,Picolotto,Joacir Picolotto,13678,PT,Suplente,478,66,407,528,0,Rio Grande do Sul,210002534005
c0055,g33923,de26,Valdir Oliveira,Valdir Oliveira de Oliveira,13713,PT,Suplente,14661,193,126,528,0,Rio Grande do Sul,210002534006
c0056,g39389,de26,Maneco Hassen,Emanuel Hassen de Jesus,13700,PT,Suplente,33786,286,51,528,0,Rio Grande do Sul,210002534007
c0057,g30040,de26,Ivonete Carvalho,Ivonete Carvalho,13677,PT,Suplente,2450,130,259,528,0,Rio Grande do Sul,210002534008
c0058,g48288,de26,Helen Cabral,Helen Martins Cabral,13730,PT,Suplente,7603,125,178,528,0,Rio Grande do Sul,210002534009
c0059,g20675,de26,Daniel Ferreira,Daniel Ferreira Lima,13313,PT,Suplente,732,133,367,528,0,Rio Grande do Sul,210002534010
c0060,g23395,de26,Mônica,Mônica Juliana Facio,13789,PT,Suplente,11847,216,142,528,0,Rio Grande do Sul,210002534011
c0061,g12993,de26,Miguel Rossetto,Miguel Soldatelli Rossetto,13000,PT,Eleito,35913,442,46,528,0,Rio Grande do Sul,210002534012
c0062,g15547,de26,Alexandre Bublitz,Alexandre Bublitz,13010,PT,Suplente,17399,292,110,528,0,Rio Grande do Sul,210002534013
c0063,g33621,de26,Brunno Mattos,Brunno Mattos da Silva,13013,PT,Suplente,3093,229,243,528,0,Rio Grande do Sul,210002534014
c0064,g20370,de26,Grasselli,Nelson Jose Grasselli,13690,PT,Suplente,24456,391,78,528,0,Rio Grande do Sul,210002534015
c0065,g33047,de26,Zé Nunes,Jose Sidney Nunes de Almeida,13500,PT,Eleito,38726,352,40,528,0,Rio Grande do Sul,210002534017
c0066,g15323,de26,Cleonice Back,Cleonice Fabiane Back,13131,PT,Suplente,19001,420,104,528,0,Rio Grande do Sul,210002534018
c0067,g36729,de26,Pepe Vargas,Gilberto José Spier Vargas,13001,PT,Eleito,58532,355,17,528,0,Rio Grande do Sul,210002534019
c0068,g4183,de26,Halley,Halley Lino de Souza,13111,PT,Eleito,47138,303,26,528,0,Rio Grande do Sul,210002534020
c0069,g22221,de26,Pai Tadeu,Tadeu Marques Rodrigues,13777,PT,Suplente,5291,154,208,528,0,Rio Grande do Sul,210002534021
c0070,g50968,de26,Marina Callegaro,Marina Maria de Avila Callegaro,13015,PT,Suplente,4819,183,211,528,0,Rio Grande do Sul,210002534023
c0071,g23306,de26,Douglas Butzke,Douglas Junior Butzke,13778,PT,Suplente,1460,98,306,528,0,Rio Grande do Sul,210002534026
c0072,g37048,de26,Paulo Orelha,Paulo Vanderlei Faguaga Siqueira,13888,PT,Suplente,881,75,353,528,0,Rio Grande do Sul,210002534028
c0073,g20895,de26,Professor Corazza,Gilberto Corazza,13130,PT,Suplente,2119,199,271,528,0,Rio Grande do Sul,210002534032
c0074,g47490,de26,Maria Eunice,Maria Eunice Dias Wolf,13513,PT,Suplente,6859,199,189,528,0,Rio Grande do Sul,210002534033
c0075,g46316,de26,Lelinho Lopes,Lélio Nunes Lopes Filho,13800,PT,Suplente,24998,210,74,528,0,Rio Grande do Sul,210002534034
c0076,g28093,de26,Eva Valeria Lorenzato,Eva Valeria Lorenzato,13123,PT,Suplente,9824,329,153,528,0,Rio Grande do Sul,210002534035
c0077,g12066,de26,Adão Pretto,Adão Pretto Filho,13655,PT,Eleito,68042,480,12,528,0,Rio Grande do Sul,210002534036
c0078,g19478,de26,Sidi Cardoso,Sidinei Cardoso Pereira,13613,PT,Suplente,32606,370,54,528,0,Rio Grande do Sul,210002534037
c0079,g6410,de26,Sofia Cavedon,Sofia Cavedon Nunes,13400,PT,Eleito,37165,386,42,528,0,Rio Grande do Sul,210002534038
c0080,g17008,de26,Stela Farias,Stela Beatriz Farias Lopes,13113,PT,Suplente,30322,340,59,528,0,Rio Grande do Sul,210002534039
c0081,g10730,de26,Ana Affonso,Ana Ines Affonso,13813,PT,Suplente,15414,312,125,528,0,Rio Grande do Sul,210002534040
c0082,g30470,de26,Nelson Spolaor,Nelson Spolaor,13999,PT,Suplente,12153,283,137,528,0,Rio Grande do Sul,210002534041
c0083,g18481,de26,Professora Rita,Rita de Cassia Della Giustina de Oliveira,13213,PT,Suplente,7013,171,187,528,0,Rio Grande do Sul,210002534042
c0084,g48722,de26,Leonel Radde,Leonel Guterres Radde,13007,PT,Eleito,93787,496,8,528,0,Rio Grande do Sul,210002534043
c0085,g2816,de26,Dariu Garcia,Dariu Francisco Alves Garcia,13112,PT,Suplente,420,120,420,528,0,Rio Grande do Sul,210002534044
c0086,g20863,de26,Professora Helenir,Helenir Aguiar Schürer,13303,PT,Suplente,12307,405,136,528,0,Rio Grande do Sul,210002534045
c0087,g11267,de26,Léo da Costa,Leonardo da Costa Silva,13333,PT,Suplente,20545,341,93,528,0,Rio Grande do Sul,210002534046
c0088,g38975,de26,Marina Bernardes,Marina Bernardes,13456,PT,Suplente,14597,357,127,528,0,Rio Grande do Sul,210002534047
c0089,g10835,de26,Claudio Toralles,Claudio Marcos Peres Toralles,13012,PT,Suplente,971,66,344,528,0,Rio Grande do Sul,210002534049
c0090,g13488,de26,Jeferson Fernandes,Jeferson Oliveira Fernandes,13120,PT,Eleito,49047,424,25,528,0,Rio Grande do Sul,210002534050
c0091,g47510,de26,Ericka Oliveira,Ericka Eyshylla Leon Rodrigues de Oliveira,13300,PT,Suplente,1180,202,321,528,0,Rio Grande do Sul,210002534051
c0092,g47394,de26,Marcelo Cordeiro,Marcelo Cordeiro,13003,PT,Suplente,1470,89,304,528,0,Rio Grande do Sul,210002534053
c0093,g42545,de26,Maiquel Butzke,Maiquel Andriel Seckler Butzke,44222,UNIÃO,Suplente,3635,107,229,528,0,Rio Grande do Sul,210002537895
c0094,g4905,de26,Guto Lopes,Carlos Augusto da Silva Lopes,12512,PDT,Suplente,8700,176,166,528,0,Rio Grande do Sul,210002539799
c0095,g1199,de26,Professor Daniel,Daniel Fernando Koehler,55355,PSD,Suplente,3700,71,225,528,0,Rio Grande do Sul,210002540655
c0096,g21974,df22,Xascote,Luis Carlos Silva de Souza,1960,PODE,Suplente,197,22,458,512,0,Rio Grande do Sul,210001596117
c0097,g40608,df22,Márcio Chagas Coletivo Negro,Márcio Chagas da Silva,5099,PSOL,Suplente,6738,173,110,512,0,Rio Grande do Sul,210001596914
c0098,g20668,df22,Natasha,Anderson Narciso Ferreira,5010,PSOL,Suplente,5925,250,116,512,0,Rio Grande do Sul,210001596929
c0099,g19390,df22,Luis Carlos Trombetta,Luis Carlos Trombetta,5068,PSOL,Suplente,1233,51,264,512,0,Rio Grande do Sul,210001596936
c0100,g23963,df22,Fortunati,Jose Alberto Reus Fortunati,4456,UNIÃO,Suplente,24298,292,47,512,0,Rio Grande do Sul,210001601870
c0101,g39240,df22,Anacleto Zanella,Anacleto Zanella,1340,PT,Suplente,19281,271,54,512,0,Rio Grande do Sul,210001604637
c0102,g4905,df22,Guto Lopes,Carlos Augusto da Silva Lopes,1365,PT,Suplente,12191,292,78,512,0,Rio Grande do Sul,210001604639
c0103,g42463,df22,Cristiane da Silva Conceição,Cristiane da Silva Conceição,1347,PT,Suplente,648,115,343,512,0,Rio Grande do Sul,210001604640
c0104,g5336,df22,Denise Pessôa,Denise da Silva Pessôa,1333,PT,Eleito,44241,412,37,512,0,Rio Grande do Sul,210001604642
c0105,g50122,df22,Marcon,Dionilso Mateus Marcon,1355,PT,Eleito,129352,493,9,512,0,Rio Grande do Sul,210001604643
c0106,g15797,df22,Eduardo Manique,Eduardo Evaldt Manique,1331,PT,Suplente,3629,252,149,512,0,Rio Grande do Sul,210001604644
c0107,g1272,df22,Bohn Gass,Elvino José Bohn Gass,1320,PT,Eleito,131881,488,8,512,0,Rio Grande do Sul,210001604645
c0108,g45814,df22,Professor Israel,Israel Kujawa,1303,PT,Suplente,3566,284,152,512,0,Rio Grande do Sul,210001604646
c0109,g11189,df22,Picolotto,Joacir Picolotto,1345,PT,Suplente,2708,260,182,512,0,Rio Grande do Sul,210001604647
c0110,g46316,df22,Lelinho Lopes,Lelio Nunes Lopes Filho,1380,PT,Suplente,17098,151,62,512,0,Rio Grande do Sul,210001604648
c0111,g49244,df22,Marcel Frison,Marcel Martins Frison,1330,PT,Suplente,11744,296,80,512,0,Rio Grande do Sul,210001604649
c0112,g29236,df22,Maria do Rosário,Maria do Rosário Nunes,1370,PT,Eleito,151050,493,6,512,0,Rio Grande do Sul,210001604650
c0113,g47490,df22,Maria Eunice,Maria Eunice Dias Wolf,1314,PT,Suplente,18928,291,56,512,0,Rio Grande do Sul,210001604651
c0114,g40319,df22,Leonel Matias,Leonel José Morem Matias,1310,PT,Suplente,2797,208,178,512,0,Rio Grande do Sul,210001604653
c0115,g35837,df22,Tereza Fujii,Maria Tereza Tavares Fujii,1313,PT,Suplente,13014,435,73,512,0,Rio Grande do Sul,210001604654
c0116,g284,df22,Nereu Piovesan,Nereu Piovesan,1390,PT,Suplente,10682,269,84,512,0,Rio Grande do Sul,210001604655
c0117,g33364,df22,Alexandre Lindenmeyer,Alexandre Duarte Lindenmeyer,1311,PT,Eleito,93768,432,21,512,0,Rio Grande do Sul,210001604656
c0118,g43010,df22,Claudia Schiedeck,Claudia Schiedeck Soares de Souza,1399,PT,Suplente,5768,262,118,512,0,Rio Grande do Sul,210001604658
c0119,g1536,df22,Henrique Mascarenhas de Souza,Henrique Mascarenhas de Souza,1377,PT,Suplente,1992,177,219,512,0,Rio Grande do Sul,210001604659
c0120,g33827,df22,Nestor Schwertner,Nestor Pedro Schwertner,1367,PT,Suplente,15723,212,65,512,0,Rio Grande do Sul,210001604661
c0121,g33041,df22,Paulinho dos Santos,Paulo de Oliveira dos Santos,1301,PT,Suplente,5208,286,121,512,0,Rio Grande do Sul,210001604662
c0122,g2027,df22,Reginete Bispo,Reginete Souza Bispo,1378,PT,Suplente,19728,298,53,512,0,Rio Grande do Sul,210001604663
c0123,g49429,df22,Vera Tita,Vera Lúcia da Silva,1388,PT,Suplente,2769,160,180,512,0,Rio Grande do Sul,210001604666
c0124,g31533,df22,Vitor Paladini,Vitor Carlos Frozza Paladini,1353,PT,Suplente,4690,181,123,512,0,Rio Grande do Sul,210001604667
c0125,g26647,df22,Paulo Pimenta,Paulo Roberto Severo Pimenta,1307,PT,Eleito,223109,496,3,512,0,Rio Grande do Sul,210001604668
c0126,g3770,df22,Dari da Silva,Dari da Silva,7009,AVANTE,Não eleito,1328,42,255,512,0,Rio Grande do Sul,210001620445
c0127,g41649,df22,Cássio Moreira,Cássio Silva Moreira,1288,PDT,Suplente,716,85,332,512,0,Rio Grande do Sul,210001621258
c0128,g11785,df26,Leandro Dutra,Leandro Dutra Soares,5066,PSOL,Suplente,294,28,348,435,0,Rio Grande do Sul,210002533904
c0129,g50452,df26,Tiago Dominguez,Tiago Dominguez Pacheco,5075,PSOL,Suplente,1869,104,190,435,0,Rio Grande do Sul,210002533914
c0130,g33459,df26,Elias Cabreira,José Elias dos Santos Cabreira,1314,PT,Suplente,641,99,286,435,0,Rio Grande do Sul,210002534580
c0131,g12047,df26,Rosane Nascimento,Rosane Teresinha da Silva Nascimento,1301,PT,Suplente,2270,249,175,435,0,Rio Grande do Sul,210002534581
c0132,g40834,df26,Jonas Reis,Jonas Tarcisio Reis,1300,PT,Suplente,13788,395,62,435,0,Rio Grande do Sul,210002534582
c0133,g5336,df26,Denise Pessôa,Denise da Silva Pessôa,1333,PT,Eleito,100893,470,16,435,0,Rio Grande do Sul,210002534583
c0134,g32117,df26,Valdeci Oliveira,Antonio Valdeci Oliveira de Oliveira,1307,PT,Eleito,93419,418,21,435,0,Rio Grande do Sul,210002534584
c0135,g23963,df26,Fortunati,Jose Alberto Reus Fortunati,1302,PT,Suplente,12897,302,63,435,0,Rio Grande do Sul,210002534586
c0136,g9488,df26,Dr. Julio Stobbe,Julio César Stobbe,1311,PT,Suplente,11881,373,71,435,0,Rio Grande do Sul,210002534587
c0137,g2027,df26,Reginete Bispo,Reginete Souza Bispo,1378,PT,Suplente,12640,307,66,435,0,Rio Grande do Sul,210002534589
c0138,g15797,df26,Eduardo Manique,Eduardo Evaldt Manique,1331,PT,Suplente,4414,308,114,435,0,Rio Grande do Sul,210002534590
c0139,g30253,df26,Miriam Marroni,Miriam Paz Garcez Marroni,1345,PT,Suplente,15318,234,59,435,0,Rio Grande do Sul,210002534591
c0140,g38490,df26,Naiton Gama,Naiton Luís Gama,1330,PT,Suplente,5270,293,100,435,0,Rio Grande do Sul,210002534592
c0141,g18709,df26,Laura Sito,Laura Soares Sito Silveira,1303,PT,Suplente,79335,451,28,435,0,Rio Grande do Sul,210002534594
c0142,g28032,df26,Pérola Sampaio,Thais Maria Ferreira Sampaio,1350,PT,Suplente,5062,249,105,435,0,Rio Grande do Sul,210002534595
c0143,g40319,df26,Professor Leonel,Leonel Jose Morem Matias,1310,PT,Suplente,2683,253,151,435,0,Rio Grande do Sul,210002534596
c0144,g33364,df26,Alexandre Lindenmeyer,Alexandre Duarte Lindenmeyer,1313,PT,Suplente,89434,462,23,435,0,Rio Grande do Sul,210002534597
c0145,g50122,df26,Marcon,Dionilso Mateus Marcon,1355,PT,Eleito,99566,491,18,435,0,Rio Grande do Sul,210002534598
c0146,g13173,df26,Katia Duarte,Katia Cilene de Quadros Duarte,1379,PT,Suplente,1713,149,197,435,0,Rio Grande do Sul,210002534599
c0147,g1272,df26,Bohn Gass,Elvino Jose Bohn Gass,1320,PT,Eleito,111196,491,13,435,0,Rio Grande do Sul,210002534601
c0148,g48116,df26,Fufa,Claudio Renato de Azevedo Filho,1377,PT,Suplente,10646,220,76,435,0,Rio Grande do Sul,210002534602
c0149,g29236,df26,Maria do Rosario,Maria do Rosario Nunes,1370,PT,Eleito,173788,497,6,435,0,Rio Grande do Sul,210002534604
c0150,g3518,df26,Ary Vanazzi,Ary Jose Vanazzi,1399,PT,Suplente,31073,347,47,435,0,Rio Grande do Sul,210002534605
c0151,g36334,gov22,Edegar Pretto,João Edegar Pretto,13,PT,Não eleito,1700374,497,3,10,0,Rio Grande do Sul,210001604469
c0152,g4096,pref20,Polaco,Valdemar Cibulski,13,PT,Eleito,1845,1,1,2,0,Itatiba do Sul,210000631794
c0153,g47928,pref20,Rogerinho Carniel,Rogerio Barbieri Carniel,13,PT,Não eleito,716,1,3,3,0,Sobradinho,210000633287
c0154,g20987,pref20,Velton,Velton Vicente Hahn,13,PT,Eleito,1215,1,1,3,0,Pontão,210000636518
c0155,g12080,pref20,Granzotto,Guilherme Eugênio Granzotto,13,PT,Não eleito,2274,1,2,2,0,Aratiba,210000638063
c0156,g41832,pref20,Marcos,Marcos do Nascimento Santos,13,PT,Eleito,1336,1,1,1,0,Sagrada Família,210000639878
c0157,g2343,pref20,Ribeiro,Sergio Roberto Ribeiro,10,REPUBLICANOS,Não eleito,168,1,3,3,0,São José do Hortêncio,210000640931
c0158,g49302,pref20,Daniel,Daniel Pereira de Almeida,13,PT,Eleito,5761,1,1,3,0,Butiá,210000641059
c0159,g17008,pref20,Stela,Stela Beatriz Farias Lopes,13,PT,Não eleito,24212,1,2,6,0,Alvorada,210000643887
c0160,g29952,pref20,Rudi,Rudimar Lolatto,13,PT,Não eleito,881,1,2,2,0,Benjamin Constant do Sul,210000650183
c0161,g36729,pref20,Pepe Vargas,Gilberto José Spier Vargas,13,PT,2º turno,75619,1,1,11,0,Caxias do Sul,210000650670
c0162,g30043,pref20,Gilson Rodrigues,Gilson Alves Rodrigues,13,PT,Não eleito,558,1,4,4,0,Pinheiro Machado,210000651335
c0163,g24039,pref20,Professor Cláudio,Claudio Humberto da Costa,13,PT,Não eleito,453,1,4,6,0,Triunfo,210000653774
c0164,g9686,pref20,Cleber Praça,Cleber Daunis Praça,13,PT,Não eleito,158,1,3,3,0,Xangri-Lá,210000654566
c0165,g46831,pref20,Zeca Seger,José Luis Seger,13,PT,Não eleito,3574,1,2,2,0,Santo Cristo,210000656354
c0166,g10072,pref20,Darlene Pereira,Darlene Torrada Pereira,13,PT,Não eleito,34768,1,2,8,0,Rio Grande,210000656625
c0167,g42856,pref20,Jaime Rosalino,Jaime Rosalino,13,PT,Não eleito,3523,1,2,3,0,São Pedro do Sul,210000658311
c0168,g22619,pref20,Sep,José Henrique Heberle,13,PT,Eleito,1175,1,1,2,0,São Pedro do Butiá,210000660536
c0169,g4905,pref20,Guto Lopes,Carlos Augusto da Silva Lopes,12,PDT,Não eleito,23637,1,2,7,0,Viamão,210000660769
c0170,g49201,pref20,Deja Burtet,Dejair Antonio Burtet,13,PT,Não eleito,544,1,3,3,0,Jóia,210000661259
c0171,g44771,pref20,Rodrigo Veleda,Rodrigo Veleda Martins,13,PT,Não eleito,3781,1,2,2,0,São Luiz Gonzaga,210000662758
c0172,g26127,pref20,Luana Lais Schwantes,Luana Lais Schwantes,13,PT,Não eleito,565,1,2,2,0,Linha Nova,210000670402
c0173,g21948,pref20,Rodrigo Battistella,Rodrigo Amadeo Battistella,13,PT,Eleito,5059,1,1,4,0,Nova Santa Rita,210000670647
c0174,g5095,pref20,Doutor Andrei,Andrei Moraes Niekrachevicz,13,PT,Não eleito,854,1,3,3,0,Santo Antônio da Patrulha,210000672671
c0175,g44506,pref20,Filipin,Joracir Filipin,13,PT,Não eleito,3010,1,2,5,0,Dois Irmãos,210000674354
c0176,g44344,pref20,Paulo Sergio,Paulo Sergio Moreira Rodrigues,13,PT,Não eleito,2164,1,3,3,0,Panambi,210000675046
c0177,g4865,pref20,Delegado Passos,Alicildo José dos Passos,13,PT,Não eleito,486,1,4,4,0,Frederico Westphalen,210000675526
c0178,g48474,pref20,Cebinho,Cesar Roberto Couto de Brito,13,PT,Não eleito,2293,1,2,2,0,Pedro Osório,210000676047
c0179,g22414,pref20,Luciano Guerra,Luciano Zanini Guerra,13,PT,Não eleito,31843,1,3,6,0,Santa Maria,210000677746
c0180,g21915,pref20,Nelsinho Metalúrgico,Nelson Luiz da Silva,13,PT,Não eleito,7374,1,4,9,0,Canoas,210000678947
c0181,g13275,pref20,Orlando Desconsi,Orlando Desconsi,13,PT,Não eleito,18502,1,2,4,0,Santa Rosa,210000680990
c0182,g8616,pref20,Leodegar Rodrigues,Leodegar Rodrigues,13,PT,Eleito,1361,1,1,3,0,Novo Cabrais,210000681890
c0183,g47759,pref20,Marta Caminha,Marta Helena Fernandez Caminha,13,PT,Não eleito,1436,1,6,7,0,Cachoeira do Sul,210000682149
c0184,g11375,pref20,Davi,João Davi Goergen,13,PT,Não eleito,589,1,3,3,0,Boqueirão do Leão,210000682951
c0185,g15784,pref20,Altair Copatti,Altair Francisco Copatti,13,PT,Não eleito,6606,1,2,2,0,Três de Maio,210000686257
c0186,g1596,pref20,Rudinei Menegotto,Rudinei Menegotto da Silveira,13,PT,Não eleito,318,1,4,5,0,Barra do Ribeiro,210000707366
c0187,g30377,pref20,Marcio Possan,Marcio Jair Possan,13,PT,Não eleito,1013,1,8,8,0,Bento Gonçalves,210000720989
c0188,g42807,pref20,Marcelo Motta,Marcelo Pavani Motta,13,PT,Não eleito,394,1,3,3,0,Formigueiro,210000721230
c0189,g4208,pref20,Gilmar,Gilmar José Damiani,13,PT,Não eleito,1209,1,2,2,0,Braga,210000722087
c0190,g133,pref20,Adriano,Adriano Castro dos Santos,13,PT,Não eleito,2911,1,2,3,0,Candiota,210000725468
c0191,g37564,pref20,Vilson,Vilson Antonio Babicz,13,PT,Não eleito,768,1,2,2,0,Floriano Peixoto,210000726354
c0192,g45356,pref20,Dr Jorginho,Jorge Leandro Dickel,13,PT,Não eleito,6024,1,2,4,0,Três Passos,210000728158
c0193,g30364,pref20,Toninho Rodrigues,Antonio Celço Silveira Rodrigues,13,PT,Não eleito,484,1,5,5,0,Caçapava do Sul,210000730880
c0194,g22999,pref20,Jairo Carneiro,Jairo Santos Silva Carneiro,13,PT,Não eleito,2038,1,5,6,0,Gravataí,210000731987
c0195,g33682,pref20,Professor Edson Portilho,Edson Luiz Portilho,13,PT,Não eleito,5493,1,3,5,0,Sapucaia do Sul,210000734077
c0196,g35390,pref20,Cilene Werle Dill,Cilene Werle Dill,13,PT,Não eleito,1821,1,2,2,0,São Paulo das Missões,210000736522
c0197,g39778,pref20,Cairo Corrêa,Cairo Garcia Corrêa,13,PT,Não eleito,828,1,2,2,0,Cerrito,210000737802
c0198,g10240,pref20,Moraes,Airton José Moraes,13,PT,Não eleito,1266,1,2,2,0,Novo Machado,210000738767
c0199,g7001,pref20,Zairo,Zairo Riboli,13,PT,Eleito,1271,1,1,2,0,Vista Alegre,210000740410
c0200,g32347,pref20,João Brandão,João de Souza Brandão,13,PT,Não eleito,903,1,2,4,0,Tabaí,210000741475
c0201,g14187,pref20,Maria do Horto,Maria do Horto Loureiro Salbego,13,PT,Não eleito,6702,1,3,4,0,Alegrete,210000742150
c0202,g18810,pref20,Luciano Sangalli,Luciano Sangalli,13,PT,Não eleito,704,1,3,3,0,Seberi,210000743094
c0203,g22316,pref20,Josiel Griseli,Josiel Fernando Griseli,13,PT,Eleito,988,1,1,2,0,Ponte Preta,210000743241
c0204,g8067,pref20,Leandro Rocha,Emerson Leandro Rocha,13,PT,Não eleito,1043,1,2,2,0,Itacurubi,210000743515
c0205,g32506,pref20,Paulo Giudice,Paulo da Rosa Giudice Filho,13,PT,Não eleito,6509,1,2,3,0,Santa Vitória do Palmar,210000744996
c0206,g3255,pref20,Dra Rosângela Dornelles,Rosângela Dornelles,13,PT,Não eleito,3603,1,3,6,0,Charqueadas,210000746720
c0207,g760,pref20,Cezar Coleto,Cezar Coleto,13,PT,Não eleito,1408,1,2,2,0,Vitória das Missões,210000748338
c0208,g1724,pref20,Gilmar de Quadros  Gordinho,Gilmar de Quadros,13,PT,Não eleito,1155,1,3,3,0,Lindolfo Collor,210000748439
c0209,g31133,pref20,Fernando Campani,Fernando Campani,13,PT,Não eleito,1648,1,2,2,0,Hulha Negra,210000767319
c0210,g36983,pref20,Nice,Elenice Allebrandt,13,PT,Não eleito,1056,1,3,3,0,Santo Augusto,210000771956
c0211,g34052,pref20,Odacir Mello,Odacir Boaventura Manhabosco de Mello,13,PT,Eleito,1820,1,1,3,0,Ciríaco,210000775305
c0212,g1283,pref20,Mello,João Leonir Almeida de Mello,13,PT,Não eleito,700,1,2,2,0,São Pedro da Serra,210000776775
c0213,g14601,pref20,Mario,Mario Raul da Rosa Corrêa,13,PT,Não eleito,6064,1,2,3,0,Quaraí,210000779214
c0214,g11553,pref20,Maria da Graça,Maria da Graça Souza,13,PT,Não eleito,3004,1,2,3,0,Jaguarão,210000779949
c0215,g7210,pref20,Telmo,Otelmo Reis da Silva,13,PT,Eleito,1733,1,1,1,0,Cristal do Sul,210000780814
c0216,g26258,pref20,Evandro,Evandro Baratto,13,PT,Não eleito,759,1,2,2,0,Paulo Bento,210000783053
c0217,g49391,pref20,Pretinho,Valdelirio Pretto da Silva,13,PT,Eleito,1745,1,2,5,0,Miraguaí,210000785695
c0218,g11939,pref20,Luzia Viana,Luzia Celeste Ochoa Viana,13,PT,Não eleito,433,1,6,7,0,Rosário do Sul,210000789381
c0219,g15045,pref20,Dirlei Bernardi dos Santos,Dirlei Bernardi dos Santos,13,PT,Não eleito,929,1,3,3,0,Maximiliano de Almeida,210000796030
c0220,g26978,pref20,Roque Vargas,Roque Carlos de Vargas,10,REPUBLICANOS,Não eleito,355,1,3,3,0,Fazenda Vilanova,210000797280
c0221,g24624,pref20,Elói Poltronieri,Elói Poltronieri,13,PT,Não eleito,10812,1,2,4,0,Vacaria,210000804650
c0222,g36824,pref20,Domingos Alexandre,Domingos Alexandre,13,PT,Não eleito,76,1,4,4,0,Araricá,210000807387
c0223,g15814,pref20,Andre Nogueira,Andre Nogueira,50,PSOL,Não eleito,62,1,3,3,0,São Francisco de Paula,210000808182
c0224,g45839,pref20,Bibi,Luiz Blanco Alves,13,PT,Eleito,1260,1,1,3,0,Taquaruçu do Sul,210000809678
c0225,g36435,pref20,Marcia Lucas,Marcia Eliza Lucas Ferreira,13,PT,Não eleito,8913,1,2,6,0,São Lourenço do Sul,210000810414
c0226,g15038,pref20,Alisson Ferronato,Alisson Ferronato dos Santos,13,PT,Não eleito,2460,1,3,3,0,Soledade,210000822017
c0227,g17546,pref20,Evandro Massing,Evandro Luis Massing,13,PT,Eleito,8344,1,1,3,0,Palmeira das Missões,210000823017
c0228,g34369,pref20,Régis,Regis Luiz Gornicki,13,PT,Não eleito,929,1,3,4,0,Dom Feliciano,210000825292
c0229,g39996,pref20,Volnei Savegnago,Volnei Colvero Savegnago,13,PT,Não eleito,2087,1,2,2,0,Faxinal do Soturno,210000825786
c0230,g21575,pref20,Celis Madrid,Celis Teresinha Bittencourt Madrid,13,PT,Não eleito,816,1,5,5,0,Canguçu,210000826788
c0231,g41787,pref20,Mainardi,Luiz Fernando Mainardi,13,PT,Não eleito,24218,1,2,7,0,Bagé,210000827247
c0232,g44424,pref20,Tarcisio Zimmermann,Tarcisio Joao Zimmermann,13,PT,Não eleito,14693,1,4,4,0,Novo Hamburgo,210000832291
c0233,g22031,pref20,Gilmar,Gilmar Leschewitz,13,PT,Não eleito,2126,1,2,2,0,Erval Seco,210000834934
c0234,g2761,pref20,Glauber Lima,Glauber Gularte Lima,13,PT,Não eleito,6375,1,4,7,0,Sant'Ana do Livramento,210000841606
c0235,g26067,pref20,Diego,Diego Martinelli Bergamaschi,13,PT,Eleito,794,1,1,1,0,Engenho Velho,210000848495
c0236,g46469,pref20,Prof Tonia,Tônia Maria da Silva Silveira,13,PT,Não eleito,1383,1,3,5,0,Palmares do Sul,210000851960
c0237,g39748,pref20,Mauro Nolasco,Mauro Santos Nolasco,13,PT,Não eleito,3872,1,2,3,0,Capão do Leão,210000853759
c0238,g15020,pref20,Genes,Genes Jacinto Moterle Ribeiro,13,PT,Eleito,1793,1,1,2,0,Paim Filho,210000857331
c0239,g6755,pref20,Sidinei Bach,Sidinei Nilson Bach,13,PT,Não eleito,972,1,2,2,0,Lagoa Bonita do Sul,210000871863
c0240,g22052,pref20,Frederico,Frederico de Barros Silva,13,PT,Não eleito,2988,1,6,7,0,Santa Cruz do Sul,210000881637
c0241,g28641,pref20,Kolassa,Hilario Jose Kolassa,13,PT,Não eleito,1163,1,2,2,0,Centenário,210000886141
c0242,g30470,pref20,Spolaor,Nelson Spolaor,13,PT,Não eleito,14374,1,2,7,0,Sapiranga,210000891598
c0243,g2772,pref20,Josue Resende,Josué Evangelista de Resende,13,PT,Não eleito,886,1,2,2,0,Rio dos Índios,210000898447
c0244,g44965,pref20,Segalla,Elias Miguel Segalla,13,PT,Eleito,2183,1,1,2,0,Trindade do Sul,210000926672
c0245,g33203,pref20,Pedro,Pedro Ademir Matias da Rosa,13,PT,Não eleito,879,1,2,2,0,Lajeado do Bugre,210000934624
c0246,g20801,pref20,Saulo,Saulo Piccinin,13,PT,Eleito,890,1,1,2,0,Ivorá,210000937984
c0247,g23401,pref20,Moises Lima,Moises Lima Matos,13,PT,Não eleito,813,1,4,5,0,Torres,210000938731
c0248,g5509,pref20,Paulo Huffel,Paulo de Oliveira Huffel,13,PT,Não eleito,665,1,3,3,0,Dilermando de Aguiar,210000948085
c0249,g22572,pref20,Rudinei Fernandes,Rudinei Fernandes,13,PT,Não eleito,2492,1,4,7,0,Guaíba,210000961959
c0250,g31084,pref20,Daniela Pedde,Daniela Gutz Pedde,13,PT,Não eleito,89,1,6,6,0,Cidreira,210000967031
c0251,g30924,pref20,Elcio Soder,Elcio Soder,13,PT,Não eleito,1030,1,2,2,0,Sede Nova,210000967831
c0252,g32502,pref20,Paulo Silva,Paulo dos Santos Silva,13,PT,Não eleito,698,1,2,2,0,Dois Irmãos das Missões,210000984180
c0253,g33769,pref20,Marcão,Marcos Antonio Forchesatto,13,PT,Não eleito,2362,1,2,2,0,Ametista do Sul,210000987486
c0254,g11974,pref20,Godinho,Luis Alberto Godinho,13,PT,Não eleito,440,1,5,5,0,Carazinho,210000989027
c0255,g9772,pref20,Tio Ivo,Ivo Port,13,PT,Não eleito,159,1,4,4,0,Passo do Sobrado,210000991642
c0256,g34788,pref20,Professora Claudete Oliveira,Claudete Silva de Oliveira,13,PT,Não eleito,1778,1,3,4,0,Eldorado do Sul,210000991984
c0257,g13985,pref20,Antonio Kummer,Antonio Lauro Kummer,13,PT,Não eleito,241,1,4,4,0,Agudo,210000997991
c0258,g41481,pref20,Jaime Martini,Jaime Edsson Martini,13,PT,Eleito,777,1,1,2,0,Novo Xingu,210001005072
c0259,g11111,pref20,Momo,Ademir Antoninho Momo,13,PT,Não eleito,1216,1,2,2,0,Marcelino Ramos,210001006821
c0260,g37735,pref20,Jeferson Lazzarotto,Jeferson Rogério Lazzarotto,13,PT,Não eleito,5613,1,3,5,0,Cachoeirinha,210001008796
c0261,g33337,pref20,Carlinhos Canjiquinha,Carlos Alberto da Rosa Filho,13,PT,Não eleito,694,1,3,3,0,Barra do Quaraí,210001010168
c0262,g44953,pref20,Rafael de Carli Marafon,Rafael de Carli Marafon,13,PT,Não eleito,667,1,2,2,0,Montauri,210001011662
c0263,g36805,pref20,Antônio Mota,Antônio Sergio de Vargas Mota,13,PT,Não eleito,2215,1,2,2,0,Boa Vista do Buricá,210001015498
c0264,g42189,pref20,Zelinski,Luiz Zelinski,13,PT,Eleito,666,1,1,2,0,Carlos Gomes,210001017496
c0265,g4607,pref20,Pedro Dornelles,Pedro Estadeu Nascimento Dornelles,13,PT,Não eleito,847,1,4,6,0,Capão da Canoa,210001028263
c0266,g42061,pref20,Suely Cruz,Suely Maria Garcia da Cruz,13,PT,Não eleito,313,1,4,5,0,São Jerônimo,210001031687
c0267,g4643,pref20,Rodrigo,Rodrigo Locatelli Tisott,13,PT,Eleito,1263,1,1,2,0,Barra do Guarita,210001033688
c0268,g13727,pref20,Dico,Lauderi Avelino dos Santos,17,PSL,Não eleito,754,1,6,7,0,Sapiranga,210001053169
c0269,g15516,pref20,Jairo Sais,Jairo Batista Gonçalves Sais,12,PDT,Não eleito,1467,1,2,2,0,Herval,210001061643
c0270,g3518,pref20,Vanazzi,Ary José Vanazzi,13,PT,Eleito,46203,1,1,4,0,São Leopoldo,210001065131
c0271,g2004,pref20,Denise Goulart,Denise Rodrigues Goulart,13,PT,Não eleito,543,1,6,7,0,Estrela,210001070195
c0272,g39471,pref20,Vettorato,Vladimir Antonio Vettorato,13,PT,Não eleito,1002,1,2,2,0,São Valério do Sul,210001090473
c0273,g48560,pref20,Guilherme Abib,Guilherme Nascimento Abib,13,PT,Não eleito,1683,1,3,3,0,São Gabriel,210001121534
c0274,g1204,pref20,Vilson Roberto,Vilson Roberto Bastos dos Santos,13,PT,Não eleito,10730,1,2,5,0,Cruz Alta,210001123415
c0275,g30232,pref20,Decarli,Lauri Decarli,13,PT,Não eleito,1236,1,2,2,0,Vila Maria,210001129415
c0276,g39758,pref20,Everton Maninho,Everton Luiz da Rosa Alves,13,PT,Não eleito,1782,1,3,6,0,Uruguaiana,210001151119
c0277,g7156,pref20,Márcio Politowski,Márcio Politowski,13,PT,Eleito,973,1,1,2,0,Sete de Setembro,210001151211
c0278,g1241,pref20,Cristiano Aquino,Cristiano Rodrigues Aquino,13,PT,Não eleito,3704,1,2,3,0,Tupanciretã,210001173091
c0279,g11629,pref20,Professor Ricardo,Ricardo Agádio Kraemer,13,PT,Não eleito,1663,1,4,5,0,Montenegro,210001175182
c0280,g19097,pref20,Cesar Welter,Iliandro Cesar Welter,13,PT,Não eleito,1367,1,2,3,0,Campo Novo,210001179559
c0281,g34009,pref20,Dr Gilmar,Gilmar Carteri,13,PT,Não eleito,1827,1,3,4,0,São José do Norte,210001180566
c0282,g50675,pref20,Sgt Bortoloto,Roberto Carlos Bortoloto,13,PT,Não eleito,707,1,3,3,0,Getúlio Vargas,210001183411
c0283,g51151,pref20,Tenente Célio,Célio José Pereira,13,PT,Não eleito,1163,1,4,4,0,Rio Pardo,210001218633
c0284,g6859,pref20,Natália Weimer,Natália Herta Weimer,13,PT,Não eleito,785,1,5,6,0,Estância Velha,210001231236
c0285,g745,pref20,Ivan Duarte,Ivan Admar Dornelles Duarte,13,PT,2º turno,22889,1,2,11,0,Pelotas,210001233238
c0286,g16041,pref20,Sergio,Sergio Odilo Nied,13,PT,Não eleito,557,1,2,2,0,Travesseiro,210001267305
c0287,g36710,pref20,Sandro Cisilotto Garda,Sandro Cisilotto Garda,13,PT,Não eleito,3182,1,4,4,0,Garibaldi,210001519939
c0288,g36729,pref20t2,Pepe Vargas,Gilberto José Spier Vargas,13,PT,2º turno,92707,1,2,2,0,Caxias do Sul,210000650670
c0289,g745,pref20t2,Ivan Duarte,Ivan Admar Dornelles Duarte,13,PT,2º turno,47941,1,2,2,0,Pelotas,210001233238
c0290,g42159,pref20t2,David Almansa,David Almansa Bernardo,13,PT,Não eleito,19430,1,2,3,0,Cachoeirinha,210001735107
c0291,g9,pref20t2,Milani,Irson Milani,13,PT,Eleito,1311,1,1,1,0,Entre Rios do Sul,210001742706
c0292,g25848,pref24,Prof. Ilson,Ilson Dias da Silveira,13,PT,Não eleito,4416,1,4,4,0,Uruguaiana,210001886210
c0293,g27118,pref24,Professor Serginho,Sérgio Moacir Job Lima,13,PT,Não eleito,1203,1,5,5,0,Tramandaí,210001886498
c0294,g39900,pref24,Luiz Gauterio,Luiz Sidnei Bravo Gauterio Junior,13,PT,Não eleito,7193,1,2,2,0,São José do Norte,210001895406
c0295,g38631,pref24,Ana Barros,Ana Clara Brum de Barros,13,PT,Não eleito,8077,1,2,3,0,São Luiz Gonzaga,210001900684
c0296,g2058,pref24,Zelmute Marten,Zelmute Oliveira Peres Marten,13,PT,Eleito,7498,1,1,5,0,São Lourenço do Sul,210001903449
c0297,g21948,pref24,Rodrigo Battistella,Rodrigo Amadeo Battistella,13,PT,Eleito,12130,1,1,3,0,Nova Santa Rita,210001912636
c0298,g17008,pref24,Stela,Stela Beatriz Farias Lopes,13,PT,Não eleito,27479,1,2,4,0,Alvorada,210001928011
c0299,g15701,pref24,Marquinho da Solda,Marco Aurelio da Silva,13,PT,Não eleito,1001,1,3,3,0,Triunfo,210001941604
c0300,g14601,pref24,Mário Raul,Mário Raul da Rosa Corrêa,13,PT,Não eleito,5379,1,2,3,0,Quaraí,210001947582
c0301,g46939,pref24,Tanira,Tanira Ferreira Marques,13,PT,Não eleito,4700,1,2,2,0,Butiá,210001948188
c0302,g49884,pref24,Sandro Ferigollo,Sandro Roberto Galarça Ferigollo,13,PT,Eleito,1209,1,1,5,0,Itaara,210001948686
c0303,g24015,pref24,Beto Noronha,Adalberto de Oliveira Noronha,13,PT,Não eleito,13284,1,2,2,0,Ijuí,210001949036
c0304,g8443,pref24,Jorge de Oliveira,Jorge Luis de Oliveira,13,PT,Não eleito,2397,1,3,3,0,Bento Gonçalves,210001951597
c0305,g17546,pref24,Evandro Massing,Evandro Luis Massing,13,PT,Eleito,9282,1,1,3,0,Palmeira das Missões,210001954196
c0306,g21753,pref24,Jair Segatto,Jair Segatto,13,PT,Não eleito,1154,1,2,2,0,Vitória das Missões,210001956595
c0307,g27215,pref24,Flávio Almeida,Flávio Reis de Almeida,13,PT,Não eleito,1039,1,2,2,0,Morro Redondo,210001956900
c0308,g49145,pref24,Joao Pedro Schmidt,Joao Pedro Schmidt,13,PT,Não eleito,6507,1,4,4,0,Santa Cruz do Sul,210001957439
c0309,g32732,pref24,Anderson Vargas,Anderson de Azevedo Vargas,13,PT,Eleito,1483,1,1,3,0,Tabaí,210001963355
c0310,g32117,pref24,Valdeci Oliveira,Antonio Valdeci Oliveira de Oliveira,13,PT,2º turno,58580,1,1,7,0,Santa Maria,210001964902
c0311,g25367,pref24,Elise,Elise de Moura Rosa,13,PT,Não eleito,1487,1,2,2,0,Campo Novo,210001965201
c0312,g5336,pref24,Denise Pessôa,Denise da Silva Pessôa,13,PT,Não eleito,61684,1,3,4,0,Caxias do Sul,210001971234
c0313,g15020,pref24,Genes,Genes Jacinto Moterle Ribeiro,13,PT,Eleito,1879,1,1,2,0,Paim Filho,210001973135
c0314,g44476,pref24,Valéria,Valeria Ferreira das Neves,13,PT,Não eleito,394,1,3,3,0,Igrejinha,210001974371
c0315,g48116,pref24,Fufa,Claudio Renato de Azevedo Filho,13,PT,Não eleito,8507,1,4,5,0,Novo Hamburgo,210001976151
c0316,g3770,pref24,Dari da Silva,Dari da Silva,13,PT,Não eleito,1448,1,3,3,0,Parobé,210001976586
c0317,g42002,pref24,Roberto Panazzolo,Roberto Panazzolo,13,PT,Eleito,1907,1,1,1,0,Nova Roma do Sul,210001976761
c0318,g13275,pref24,Orlando Desconsi,Orlando Desconsi,13,PT,Não eleito,12087,1,2,3,0,Santa Rosa,210001977260
c0319,g37009,pref24,Josi Miorin,Josieli Minosso Lamana Miorin,13,PT,Não eleito,1958,1,4,4,0,Santiago,210001977618
c0320,g47928,pref24,Rogerinho,Rogerio Barbieri Carniel,13,PT,Não eleito,736,1,3,3,0,Sobradinho,210001982465
c0321,g37502,pref24,Gilmar,Gilmar Antônio Rinaldi,13,PT,Não eleito,12916,1,2,4,0,Esteio,210001982679
c0322,g50409,pref24,Professor João,João Carlos Hickmann,13,PT,Não eleito,1976,1,2,2,0,Tiradentes do Sul,210001984437
c0323,g10453,pref24,Fabris Prestes,Fabris Cardoso Prestes,13,PT,Não eleito,1709,1,4,4,0,Canguçu,210001985012
c0324,g46260,pref24,Jose Volnei da Silva Oliveira,Jose Volnei da Silva Oliveira,13,PT,Não eleito,809,1,2,2,0,Pedras Altas,210001985359
c0325,g46441,pref24,Jaques Borracha,Jaques Vagner Soares Boeno,13,PT,Não eleito,1427,1,3,3,0,Capão do Leão,210001985764
c0326,g43972,pref24,Bruno,Bruno Engel Justin,13,PT,Não eleito,246,1,3,3,0,Três Forquilhas,210001986829
c0327,g22031,pref24,Gilmar Leschewitz,Gilmar Leschewitz,13,PT,Não eleito,2046,1,2,3,0,Erval Seco,210001989703
c0328,g15797,pref24,Eduardo Manique,Eduardo Evaldt Manique,13,PT,Não eleito,699,1,4,4,0,Três Coroas,210001991269
c0329,g19985,pref24,Paulinho Mendes,Paulo Sergio Mendes Filho,13,PT,Não eleito,106,1,3,3,0,Arambaré,210001993630
c0330,g23406,pref24,Aquiles Pires,Aquiles Rodrigues Pires,13,PT,Não eleito,11616,1,2,3,0,Sant'Ana do Livramento,210001995794
c0331,g17736,pref24,Anilton Oliveira,Anilton Gonçalves de Oliveira,13,PT,Não eleito,11253,1,2,4,0,Alegrete,210002002262
c0332,g39892,pref24,Enfermeiro Jair Rocha,Jair Rocha Oliveira,13,PT,Não eleito,733,1,4,5,0,Rosário do Sul,210002004780
c0333,g20859,pref24,Patricia Castro,Patricia Santos de Castro,13,PT,Não eleito,1187,1,4,4,0,Caçapava do Sul,210002008253
c0334,g46416,pref24,Beto,Gilberto Kozak,13,PT,Não eleito,1030,1,2,2,0,Centenário,210002012284
c0335,g25456,pref24,Leandrinho,Jorge Leandro Caldas,13,PT,Não eleito,774,1,3,3,0,Barra do Ribeiro,210002020184
c0336,g50775,pref24,Volnei,Volnei Francisco Carpes,13,PT,Não eleito,237,1,3,3,0,Machadinho,210002021413
c0337,g4905,pref24,Guto Lopes,Carlos Augusto da Silva Lopes,12,PDT,Não eleito,34015,1,2,4,0,Viamão,210002022749
c0338,g4096,pref24,Polaco,Valdemar Cibulski,13,PT,Eleito,2115,1,1,1,0,Itatiba do Sul,210002024092
c0339,g7122,pref24,Caio  Baierle,Carlos Gilberto Baierle,13,PT,Não eleito,2335,1,2,2,0,Passo do Sobrado,210002027405
c0340,g42159,pref24,David Almansa,David Almansa Bernardo,13,PT,Não eleito,18550,1,4,6,0,Cachoeirinha,210002028644
c0341,g19726,pref24,Carlinhos,Carlos Jose da Rosa,13,PT,Não eleito,32,1,4,4,0,São João do Polêsine,210002034267
c0342,g1241,pref24,Cristiano Aquino,Cristiano Rodrigues Aquino,13,PT,Não eleito,3396,1,2,2,0,Tupanciretã,210002043231
c0343,g23998,pref24,Eloi Batista,Eloi Andrades Batista,13,PT,Não eleito,0,0,2,2,1610,Bossoroca,210002045652
c0344,g34052,pref24,Odacir,Odacir Boaventura Manhabosco de Mello,13,PT,Eleito,2181,1,1,1,0,Ciríaco,210002050973
c0345,g15784,pref24,Copatti,Altair Francisco Copatti,13,PT,Não eleito,4378,1,2,3,0,Três de Maio,210002055441
c0346,g32805,pref24,Ederson Barbosa,Ederson Barbosa da Silva,13,PT,Não eleito,3860,1,2,2,0,Cruz Alta,210002057223
c0347,g30741,pref24,Marcos Senger,Marcos Ernani Senger,13,PT,Não eleito,4598,1,2,2,0,São Pedro do Sul,210002057829
c0348,g42189,pref24,Zelinski,Luiz Zelinski,13,PT,Não eleito,606,1,2,2,0,Carlos Gomes,210002062185
c0349,g29236,pref24,Maria do Rosário,Maria do Rosário Nunes,13,PT,2º turno,182553,1,2,8,0,Porto Alegre,210002062507
c0350,g38463,pref24,"Prof, Rudney",Rudney Aminadab Santos,13,PT,Não eleito,1012,1,3,3,0,São Jerônimo,210002065340
c0351,g40789,pref24,Jp,João Pedro Gaspar dos Santos,13,PT,Não eleito,1673,1,2,2,0,Portão,210002065592
c0352,g51151,pref24,Tenente Célio,Célio José Pereira,13,PT,Não eleito,795,1,4,4,0,Rio Pardo,210002066024
c0353,g30470,pref24,Nelson Spolaor,Nelson Spolaor,13,PT,Não eleito,44208,1,2,5,0,São Leopoldo,210002067645
c0354,g37333,pref24,Marroni,Fernando Stephan Marroni,13,PT,2º turno,68443,1,1,6,0,Pelotas,210002068620
c0355,g26978,pref24,Vargas,Roque Carlos de Vargas,13,PT,Não eleito,116,1,3,3,0,Fazenda Vilanova,210002070273
c0356,g51106,pref24,Professor Titino,Joao Felix Silveira Cunha,13,PT,Não eleito,572,1,3,3,0,Itaqui,210002070615
c0357,g16272,pref24,Cleomar Furini,Cleomar Furini,13,PT,Não eleito,549,1,3,3,0,Novo Barreiro,210002075934
c0358,g19350,pref24,Azambuja,Norberto Ferreira de Azambuja,13,PT,Não eleito,217,1,4,4,0,General Câmara,210002089345
c0359,g20987,pref24,Velton,Velton Vicente Hahn,13,PT,Não eleito,1476,1,2,2,0,Pontão,210002108362
c0360,g13932,pref24,Mairo Piovesan,Mairo Trentin Piovesan,13,PT,Não eleito,964,1,2,3,0,Rodeio Bonito,210002109619
c0361,g8233,pref24,Arrial,Rogênio de Arrial,13,PT,Não eleito,52,1,3,3,0,Passa Sete,210002116461
c0362,g9,pref24,Milani,Irson Milani,13,PT,Eleito,1371,1,1,2,0,Entre Rios do Sul,210002129738
c0363,g10176,pref24,Alaor Scariot,Alaor Scariot,13,PT,Não eleito,2824,1,3,4,0,Lagoa Vermelha,210002132423
c0364,g14206,pref24,Professor Nelso,Nelso dos Santos,13,PT,Não eleito,713,1,3,3,0,Nonoai,210002134707
c0365,g50924,pref24,Rodrigo,Rodrigo Anezi,13,PT,Não eleito,442,1,4,4,0,Carlos Barbosa,210002139323
c0366,g18481,pref24,Professora Rita,Rita de Cássia Della Giustina de Oliveira,13,PT,Não eleito,11212,1,2,3,0,Sapiranga,210002141500
c0367,g133,pref24,Adriano,Adriano Castro dos Santos,13,PT,Não eleito,2502,1,2,3,0,Candiota,210002145683
c0368,g23165,pref24,Elio Beck Guterres,Elio Martim Guterres,13,PT,Não eleito,271,1,3,3,0,São Martinho da Serra,210002146506
c0369,g38295,pref24,Fatima Maria,Fatima Beatriz da Silva Maria,13,PT,Não eleito,9008,1,4,4,0,Viamão,210002147777
c0370,g26613,pref24,Dr Renato Dreyer,Carlos Renato Dreyer,13,PT,Não eleito,601,1,5,5,0,Teutônia,210002149414
c0371,g10242,pref24,Alencar,Alencar Filipin Cavalheiro,13,PT,Não eleito,0,0,3,3,936,Júlio de Castilhos,210002150576
c0372,g28154,pref24,Filipe Lang,Filipe Menezes Lang,13,PT,Não eleito,1881,1,3,4,0,Palmares do Sul,210002150937
c0373,g12047,pref24,Rosane,Rosane Teresinha da Silva Nascimento,13,PT,Não eleito,1622,1,3,5,0,Estância Velha,210002153829
c0374,g45839,pref24,Bibi,Luiz Blanco Alves,13,PT,Eleito,1379,1,1,2,0,Taquaruçu do Sul,210002162928
c0375,g24890,pref24,Vinícius Cornelli,Marcos Vinícius Corneli,13,PT,Não eleito,4842,1,4,6,0,Cachoeira do Sul,210002182631
c0376,g36758,pref24,Julci Luft,Julci Vanderlei Luft,55,PSD,Não eleito,929,1,2,2,0,Salvador das Missões,210002189121
c0377,g13325,pref24,Claudio Mineiro,Claudio Roberto da Silva Mineiro,40,PSB,Não eleito,813,1,3,3,0,Palmeira das Missões,210002195709
c0378,g8616,pref24,Leodegar Rodrigues,Leodegar Rodrigues,13,PT,Eleito,1471,1,1,3,0,Novo Cabrais,210002196478
c0379,g45755,pref24,Caju,Darci Francisco Cavalheiro,13,PT,Não eleito,297,1,3,3,0,Santo Augusto,210002196631
c0380,g4510,pref24,Ademar Oscar Olsson,Ademar Oscar Olsson,13,PT,Não eleito,1482,1,2,2,0,Porto Lucena,210002197064
c0381,g48182,pref24,João Zanatta,João Carlos Pagnussat Zanatta,13,PT,Não eleito,761,1,2,2,0,Camargo,210002204028
c0382,g22316,pref24,Josiel Griseli,Josiel Fernando Griseli,13,PT,Eleito,1098,1,1,1,0,Ponte Preta,210002205432
c0383,g7001,pref24,Zairo,Zairo Riboli,13,PT,Não eleito,1172,1,2,2,0,Vista Alegre,210002212925
c0384,g39240,pref24,Anacleto Zanella,Anacleto Zanella,13,PT,Não eleito,8204,1,3,4,0,Erechim,210002227743
c0385,g22909,pref24,Candido Faleiro,Jose Candido Faleiro Neto,13,PT,Não eleito,749,1,4,4,0,Venâncio Aires,210002228075
c0386,g20895,pref24,Professor Corazza,Gilberto Corazza,13,PT,Não eleito,2491,1,4,4,0,Santo Ângelo,210002230627
c0387,g33779,pref24,Daniel Bordignon,Daniel Luiz Bordignon,13,PT,Não eleito,18739,1,3,3,0,Gravataí,210002231466
c0388,g14953,pref24,Carlos Fuhro,Carlos Alberto dos Santos Fuhro,13,PT,Não eleito,216,1,4,4,0,Cidreira,210002234391
c0389,g44424,pref24,Tarcísio Zimmermann,Tarcísio João Zimmermann,12,PDT,Não eleito,22471,1,2,5,0,Novo Hamburgo,210002235786
c0390,g3459,pref24,Vander Wille,Vander Ricardo Dick Wille,13,PT,Não eleito,962,1,2,2,0,Nova Candelária,210002238191
c0391,g11974,pref24,Godinho,Luis Alberto Godinho,13,PT,Não eleito,536,1,4,4,0,Carazinho,210002243486
c0392,g41787,pref24,Mainardi,Luiz Fernando Mainardi,13,PT,Eleito,32893,1,1,3,0,Bagé,210002244659
c0393,g24077,pref24,Valcier,Valcier Balestrin,13,PT,Eleito,1385,1,1,2,0,Barra do Guarita,210002265198
c0394,g44965,pref24,Segalla,Elias Miguel Segalla,13,PT,Não eleito,2374,1,2,2,0,Trindade do Sul,210002270105
c0395,g43284,pref24,Lizete Ceolin,Lizete Piton Ceolin,13,PT,Não eleito,333,1,3,3,0,Caiçara,210002270644
c0396,g14066,pref24,Rudimar Muller,Rudimar Muller,13,PT,Não eleito,2737,1,2,4,0,Cruzeiro do Sul,210002272603
c0397,g11636,pref24,Guilherme Ferrari,Guilherme Ferrari,13,PT,Não eleito,853,1,2,2,0,Doutor Maurício Cardoso,210002275850
c0398,g12612,pref24,Anderson Jr Moraes,Anderson Junior Moraes,13,PT,Não eleito,1177,1,2,3,0,Novo Machado,210002278651
c0399,g24213,pref24,Marcos Fabricio,Marcos Vinicius Negrini Fabricio,13,PT,Não eleito,35,1,3,3,0,Terra de Areia,210002280429
c0400,g48513,pref24,Pierre Emerim,Pierre Emerim da Rosa,13,PT,Não eleito,7636,1,2,3,0,Imbé,210002281657
c0401,g25408,pref24,Glecio,Glecio dos Santos Rodrigues,13,PT,Não eleito,458,1,2,2,0,Aceguá,210002288178
c0402,g7094,pref24,Julio Dorneles,Julio Cesar Dorneles da Silva,13,PT,Não eleito,569,1,4,4,0,Gramado,210002294400
c0403,g49782,pref24,Luciano Rodrigues,Luciano Rodrigues,13,PT,Não eleito,5213,1,3,5,0,Sapucaia do Sul,210002294876
c0404,g36541,pref24,Paulo Grassi,Paulo Roberto Grassi,13,PT,Não eleito,475,1,4,4,0,Arroio do Meio,210002303290
c0405,g31133,pref24,Fernando Campani,Fernando Campani,13,PT,Eleito,2015,1,1,3,0,Hulha Negra,210002303328
c0406,g10437,pref24,Geovane Rodrigues,Geovane Haubmam Rodrigues,13,PT,Não eleito,465,1,2,2,0,Itacurubi,210002310211
c0407,g1724,pref24,Gordinho,Gilmar de Quadros,13,PT,Não eleito,1251,1,2,2,0,Lindolfo Collor,210002313248
c0408,g31733,pref24,Dilon Araújo,Dilon da Silva Araújo,13,PT,Não eleito,391,1,3,3,0,Condor,210002319233
c0409,g22256,pref24,Clezio,Clezio Antonio Rigo,13,PT,Não eleito,634,1,2,2,0,Floriano Peixoto,210002319668
c0410,g10052,pref24,Adelar Silvestri,Adelar José Silvestri,13,PT,Eleito,699,1,1,2,0,Gentil,210002321006
c0411,g24889,pref24,Maria Manchini Rodrigues,Maria Manchini Rodrigues,13,PT,Não eleito,2830,1,3,4,0,Panambi,210002322740
c0412,g48474,pref24,Cebinho,Cesar Roberto Couto de Brito,13,PT,Não eleito,2163,1,2,2,0,Pedro Osório,210002325827
c0413,g42060,pref24,Miguel Gasparetto,Miguel Angelo Gasparetto,13,PT,Não eleito,2161,1,2,2,0,Ronda Alta,210002327612
c0414,g37414,pref24,Eldo Grunitzky O Quero Quero,Eldo Ignacio Grunitzky,13,PT,Não eleito,787,1,2,2,0,Sete de Setembro,210002329277
c0415,g39818,pref24,Gerri Sawaris,Gerri Sawaris,13,PT,Não eleito,2045,1,2,4,0,Constantina,210002333736
c0416,g30537,pref24,Ivan Agatti,Ivan Batista Agatti,13,PT,Eleito,910,1,1,2,0,Coronel Pilar,210002335744
c0417,g32352,pref24,Dr. Sérgio Kniphoff,Sérgio Luiz Kniphoff,13,PT,Não eleito,4235,1,3,3,0,Lajeado,210002337853
c0418,g26258,pref24,Evandro Baratto,Evandro Baratto,55,PSD,Eleito,1039,1,1,2,0,Paulo Bento,210002350060
c0419,g16614,pref24,Professor Gilberto,Flavio Gilberto Cruz Pereira,13,PT,Não eleito,219,1,3,3,0,Chuí,210002351222
c0420,g46282,pref24,Paulinha,Ana Paula Rodrigues,13,PT,Não eleito,373,1,3,3,0,Iraí,210002352521
c0421,g37708,pref24,Elisandro da Silva,Elisandro da Silva,13,PT,Não eleito,2081,1,2,3,0,Palmitinho,210002353463
c0422,g15038,pref24,Alisson Ferronato,Alisson Ferronato dos Santos,13,PT,Não eleito,5848,1,2,3,0,Soledade,210002356944
c0423,g32849,pref24,Lêle,Clesio Baldissera de Oliveira,13,PT,Não eleito,264,1,3,3,0,Planalto,210002358049
c0424,g42564,pref24,Renato - Melado,Luis Renato dos Santos,13,PT,Não eleito,775,1,3,3,0,Tapera,210002359516
c0425,g27718,pref24,Jair,Jair Elias Adams Lermen,13,PT,Não eleito,1072,1,2,2,0,São Paulo das Missões,210002364279
c0426,g43534,pref24,Luciano Moresco,Luciano José Moresco,13,PT,Não eleito,868,1,3,3,0,Encantado,210002373126
c0427,g20801,pref24,Saulo,Saulo Piccinin,13,PT,Não eleito,598,1,2,2,0,Ivorá,210002374638
c0428,g10072,pref24,Darlene,Darlene Torrada Pereira,13,PT,Eleito,48141,1,1,5,0,Rio Grande,210002389002
c0429,g25639,pref24,Carolina Prestes,Carolina Prestes dos Santos,13,PT,Não eleito,2560,1,2,2,0,Fontoura Xavier,210002395955
c0430,g7652,pref24,Tairone,Tairone Rodrigo Pereira Keppler,13,PT,Não eleito,6923,1,5,6,0,Cachoeirinha,210002528184
c0431,g32117,pref24t2,Valdeci Oliveira,Antonio Valdeci Oliveira de Oliveira,13,PT,2º turno,64113,1,2,2,0,Santa Maria,210001964902
c0432,g29236,pref24t2,Maria do Rosário,Maria do Rosário Nunes,13,PT,2º turno,254128,1,2,2,0,Porto Alegre,210002062507
c0433,g37333,pref24t2,Marroni,Fernando Stephan Marroni,13,PT,2º turno,87737,1,1,2,0,Pelotas,210002068620
c0434,g37397,pres22t1,Lula,Luiz Inácio Lula da Silva,13,PT,2º turno,2806672,497,2,11,0,Rio Grande do Sul,280001607829
c0435,g37397,pres22t1,Lula,Luiz Inácio Lula da Silva,13,PT,2º turno,2806672,497,1,11,0,Rio Grande do Sul,280001607829
c0436,g37397,pres22t1,Lula,Luiz Inácio Lula da Silva,13,PT,2º turno,2806672,497,1,11,0,Rio Grande do Sul,280001607829
c0437,g37397,pres22t1,Lula,Luiz Inácio Lula da Silva,13,PT,2º turno,2806672,497,1,11,0,Rio Grande do Sul,280001607829
c0438,g37397,pres22t1,Lula,Luiz Inácio Lula da Silva,13,PT,2º turno,2806672,497,1,11,0,Rio Grande do Sul,280001607829
c0439,g37397,pres22t1,Lula,Luiz Inácio Lula da Silva,13,PT,2º turno,2806672,497,1,11,0,Rio Grande do Sul,280001607829
c0440,g37397,pres22t1,Lula,Luiz Inácio Lula da Silva,13,PT,2º turno,2806672,497,2,11,0,Rio Grande do Sul,280001607829
c0441,g37397,pres22t1,Lula,Luiz Inácio Lula da Silva,13,PT,2º turno,2806672,497,2,11,0,Rio Grande do Sul,280001607829
c0442,g37397,pres22t1,Lula,Luiz Inácio Lula da Silva,13,PT,2º turno,2806672,497,2,11,0,Rio Grande do Sul,280001607829
c0443,g37397,pres22t1,Lula,Luiz Inácio Lula da Silva,13,PT,2º turno,2806672,497,1,11,0,Rio Grande do Sul,280001607829
c0444,g37397,pres22t1,Lula,Luiz Inácio Lula da Silva,13,PT,2º turno,2806672,497,1,11,0,Rio Grande do Sul,280001607829
c0445,g37397,pres22t1,Lula,Luiz Inácio Lula da Silva,13,PT,2º turno,2806672,497,2,11,0,Rio Grande do Sul,280001607829
c0446,g37397,pres22t1,Lula,Luiz Inácio Lula da Silva,13,PT,2º turno,2806672,497,2,11,0,Rio Grande do Sul,280001607829
c0447,g37397,pres22t1,Lula,Luiz Inácio Lula da Silva,13,PT,2º turno,2806672,497,1,11,0,Rio Grande do Sul,280001607829
c0448,g37397,pres22t1,Lula,Luiz Inácio Lula da Silva,13,PT,2º turno,2806672,497,1,11,0,Rio Grande do Sul,280001607829
c0449,g37397,pres22t1,Lula,Luiz Inácio Lula da Silva,13,PT,2º turno,2806672,497,1,11,0,Rio Grande do Sul,280001607829
c0450,g37397,pres22t1,Lula,Luiz Inácio Lula da Silva,13,PT,2º turno,2806672,497,1,11,0,Rio Grande do Sul,280001607829
c0451,g37397,pres22t1,Lula,Luiz Inácio Lula da Silva,13,PT,2º turno,2806672,497,2,11,0,Rio Grande do Sul,280001607829
c0452,g37397,pres22t1,Lula,Luiz Inácio Lula da Silva,13,PT,2º turno,2806672,497,2,11,0,Rio Grande do Sul,280001607829
c0453,g37397,pres22t1,Lula,Luiz Inácio Lula da Silva,13,PT,2º turno,2806672,497,1,11,0,Rio Grande do Sul,280001607829
c0454,g37397,pres22t1,Lula,Luiz Inácio Lula da Silva,13,PT,2º turno,2806672,497,2,11,0,Rio Grande do Sul,280001607829
c0455,g37397,pres22t1,Lula,Luiz Inácio Lula da Silva,13,PT,2º turno,2806672,497,2,11,0,Rio Grande do Sul,280001607829
c0456,g37397,pres22t1,Lula,Luiz Inácio Lula da Silva,13,PT,2º turno,2806672,497,2,11,0,Rio Grande do Sul,280001607829
c0457,g37397,pres22t1,Lula,Luiz Inácio Lula da Silva,13,PT,2º turno,2806672,497,2,11,0,Rio Grande do Sul,280001607829
c0458,g37397,pres22t1,Lula,Luiz Inácio Lula da Silva,13,PT,2º turno,2806672,497,1,11,0,Rio Grande do Sul,280001607829
c0459,g37397,pres22t1,Lula,Luiz Inácio Lula da Silva,13,PT,2º turno,2806672,497,2,11,0,Rio Grande do Sul,280001607829
c0460,g37397,pres22t1,Lula,Luiz Inácio Lula da Silva,13,PT,2º turno,2806672,497,1,11,0,Rio Grande do Sul,280001607829
c0461,g37397,pres22t1,Lula,Luiz Inácio Lula da Silva,13,PT,2º turno,2806672,497,1,11,0,Rio Grande do Sul,280001607829
c0462,g37397,pres22t2,Lula,Luiz Inácio Lula da Silva,13,PT,2º turno,2891851,497,2,2,0,Rio Grande do Sul,280001607829
c0463,g37397,pres22t2,Lula,Luiz Inácio Lula da Silva,13,PT,2º turno,2891851,497,1,2,0,Rio Grande do Sul,280001607829
c0464,g37397,pres22t2,Lula,Luiz Inácio Lula da Silva,13,PT,2º turno,2891851,497,1,2,0,Rio Grande do Sul,280001607829
c0465,g37397,pres22t2,Lula,Luiz Inácio Lula da Silva,13,PT,2º turno,2891851,497,2,2,0,Rio Grande do Sul,280001607829
c0466,g37397,pres22t2,Lula,Luiz Inácio Lula da Silva,13,PT,2º turno,2891851,497,1,2,0,Rio Grande do Sul,280001607829
c0467,g37397,pres22t2,Lula,Luiz Inácio Lula da Silva,13,PT,2º turno,2891851,497,1,2,0,Rio Grande do Sul,280001607829
c0468,g37397,pres22t2,Lula,Luiz Inácio Lula da Silva,13,PT,2º turno,2891851,497,2,2,0,Rio Grande do Sul,280001607829
c0469,g37397,pres22t2,Lula,Luiz Inácio Lula da Silva,13,PT,2º turno,2891851,497,2,2,0,Rio Grande do Sul,280001607829
c0470,g37397,pres22t2,Lula,Luiz Inácio Lula da Silva,13,PT,2º turno,2891851,497,2,2,0,Rio Grande do Sul,280001607829
c0471,g37397,pres22t2,Lula,Luiz Inácio Lula da Silva,13,PT,2º turno,2891851,497,1,2,0,Rio Grande do Sul,280001607829
c0472,g37397,pres22t2,Lula,Luiz Inácio Lula da Silva,13,PT,2º turno,2891851,497,1,2,0,Rio Grande do Sul,280001607829
c0473,g37397,pres22t2,Lula,Luiz Inácio Lula da Silva,13,PT,2º turno,2891851,497,2,2,0,Rio Grande do Sul,280001607829
c0474,g37397,pres22t2,Lula,Luiz Inácio Lula da Silva,13,PT,2º turno,2891851,497,2,2,0,Rio Grande do Sul,280001607829
c0475,g37397,pres22t2,Lula,Luiz Inácio Lula da Silva,13,PT,2º turno,2891851,497,1,2,0,Rio Grande do Sul,280001607829
c0476,g37397,pres22t2,Lula,Luiz Inácio Lula da Silva,13,PT,2º turno,2891851,497,1,2,0,Rio Grande do Sul,280001607829
c0477,g37397,pres22t2,Lula,Luiz Inácio Lula da Silva,13,PT,2º turno,2891851,497,1,2,0,Rio Grande do Sul,280001607829
c0478,g37397,pres22t2,Lula,Luiz Inácio Lula da Silva,13,PT,2º turno,2891851,497,1,2,0,Rio Grande do Sul,280001607829
c0479,g37397,pres22t2,Lula,Luiz Inácio Lula da Silva,13,PT,2º turno,2891851,497,2,2,0,Rio Grande do Sul,280001607829
c0480,g37397,pres22t2,Lula,Luiz Inácio Lula da Silva,13,PT,2º turno,2891851,497,2,2,0,Rio Grande do Sul,280001607829
c0481,g37397,pres22t2,Lula,Luiz Inácio Lula da Silva,13,PT,2º turno,2891851,497,1,2,0,Rio Grande do Sul,280001607829
c0482,g37397,pres22t2,Lula,Luiz Inácio Lula da Silva,13,PT,2º turno,2891851,497,2,2,0,Rio Grande do Sul,280001607829
c0483,g37397,pres22t2,Lula,Luiz Inácio Lula da Silva,13,PT,2º turno,2891851,497,2,2,0,Rio Grande do Sul,280001607829
c0484,g37397,pres22t2,Lula,Luiz Inácio Lula da Silva,13,PT,2º turno,2891851,497,2,2,0,Rio Grande do Sul,280001607829
c0485,g37397,pres22t2,Lula,Luiz Inácio Lula da Silva,13,PT,2º turno,2891851,497,2,2,0,Rio Grande do Sul,280001607829
c0486,g37397,pres22t2,Lula,Luiz Inácio Lula da Silva,13,PT,2º turno,2891851,497,1,2,0,Rio Grande do Sul,280001607829
c0487,g37397,pres22t2,Lula,Luiz Inácio Lula da Silva,13,PT,2º turno,2891851,497,2,2,0,Rio Grande do Sul,280001607829
c0488,g37397,pres22t2,Lula,Luiz Inácio Lula da Silva,13,PT,2º turno,2891851,497,1,2,0,Rio Grande do Sul,280001607829
c0489,g37397,pres22t2,Lula,Luiz Inácio Lula da Silva,13,PT,2º turno,2891851,497,1,2,0,Rio Grande do Sul,280001607829
c0490,g43225,sen22,Olívio Dutra,Olívio de Oliveira Dutra,131,PT,Não eleito,2225458,497,2,8,0,Rio Grande do Sul,210001619906
c0491,g26647,sen26,Pimenta,Paulo Roberto Severo Pimenta,131,PT,Não eleito,1870301,497,4,13,0,Rio Grande do Sul,210002533584
c0492,g50182,ver20,Paulina Dias,Paulina de Lourdes da Silva Dias,13413,PT,Eleito,179,1,5,29,0,Itatiba do Sul,210000631844
c0493,g25132,ver20,Renato Toniolo,Renato Antonio da Silva Toniolo,13640,PT,Eleito,212,1,3,29,0,Itatiba do Sul,210000631845
c0494,g10557,ver20,Virgilino,Virgilino dos Santos,13131,PT,Suplente,63,1,21,29,0,Itatiba do Sul,210000631846
c0495,g28665,ver20,Ivete Zati,Ivete Maria Favreto Zati,13623,PT,Suplente,113,1,10,29,0,Itatiba do Sul,210000631847
c0496,g18893,ver20,Professor Aislan,Aislan Fritsche da Silveira,13123,PT,Suplente,129,1,8,29,0,Itatiba do Sul,210000631848
c0497,g29956,ver20,Isaias Wastchuk,Isaias Wastchuk,13913,PT,Eleito,303,1,1,29,0,Itatiba do Sul,210000631849
c0498,g39952,ver20,Mandebura Didi,Alcemir Mandebura,13185,PT,Suplente,39,1,24,29,0,Itatiba do Sul,210000631850
c0499,g23534,ver20,Kusma,Idacir José Kusma,13113,PT,Eleito,142,1,7,29,0,Itatiba do Sul,210000631851
c0500,g37292,ver20,Claudio Kessler,Claudio Kessler,13111,PT,Eleito,143,1,6,29,0,Itatiba do Sul,210000631852
c0501,g13549,ver20,Ivete Morandi,Ivete Salete Morandi,13136,PT,Suplente,71,1,19,29,0,Itatiba do Sul,210000631853
c0502,g17976,ver20,Rafinha da Assistência,Rafaela Moroni Bald,13456,PT,Eleito,215,1,2,29,0,Itatiba do Sul,210000631854
c0503,g11463,ver20,Elisa Stringhini,Elisa Salete Stringhini,13333,PT,Suplente,83,1,17,29,0,Itatiba do Sul,210000631855
c0504,g19875,ver20,Zuchi do Hospital,Adilson Volmir Zuchi,13444,PT,Suplente,105,1,12,29,0,Itatiba do Sul,210000631856
c0505,g41931,ver20,Vanessa Boneli,Vanessa Peres Boneli,13131,PT,Suplente,82,1,18,42,0,Manoel Viana,210000631875
c0506,g49502,ver20,Nilva,Nilva Loeci Azevedo,13012,PT,Suplente,22,1,36,42,0,Manoel Viana,210000631876
c0507,g26744,ver20,Rudi Pizzi,Rudimar de Moraes Pizzi,13255,PT,Suplente,56,1,24,42,0,Manoel Viana,210000631877
c0508,g29573,ver20,Neri Iglessias,Carlos Neri Pinto Iglessias,13013,PT,Suplente,22,1,36,42,0,Manoel Viana,210000631878
c0509,g9840,ver20,Salete Padilha,Salete Nunes Padilha,13113,PT,Suplente,27,1,33,42,0,Manoel Viana,210000631879
c0510,g35297,ver20,Éden Caldas,Éden Ari Gomes Caldas,13456,PT,Eleito,173,1,8,42,0,Manoel Viana,210000631881
c0511,g48659,ver20,Alaor Raymundo,Alaor Souza Raymundo,13000,PT,Não eleito,86,1,16,30,0,Vila Nova do Sul,210000632094
c0512,g19390,ver20,Luis Carlos Trombetta,Luis Carlos Trombetta,12345,PDT,Suplente,226,1,29,99,0,Igrejinha,210000635458
c0513,g36242,ver20,Irmã Margarida,Ivone Margarida Heller Cardoso dos Santos,13515,PT,Suplente,55,1,221,323,0,Alvorada,210000635648
c0514,g26912,ver20,Guinho Ricardo Leal,Ricardo Samuel Mendonça Leal,13011,PT,Suplente,639,1,34,323,0,Alvorada,210000635649
c0515,g25571,ver20,Professor Vicente,Vicente Jesus dos Santos Taberner,13007,PT,Suplente,503,1,47,323,0,Alvorada,210000635650
c0516,g14666,ver20,Filipe Gonçalves,Filipe Teixeira Gonçalves,13111,PT,Suplente,435,1,55,323,0,Alvorada,210000635651
c0517,g41348,ver20,Prof Antonio Cesar Fonseca,Antonio Cesar Santos Fonseca,13013,PT,Suplente,420,1,60,323,0,Alvorada,210000635652
c0518,g25523,ver20,Agente de Saude Claudete Rosa,Claudete Gonçalves da Rosa,13130,PT,Suplente,359,1,68,323,0,Alvorada,210000635653
c0519,g26629,ver20,Daniel do Bazar,Daniel de Souza e Silva,13600,PT,Suplente,200,1,110,323,0,Alvorada,210000635654
c0520,g6497,ver20,Ely Bira Balbueno,Ely Ubirajara Alves Balbueno,13133,PT,Suplente,84,1,179,323,0,Alvorada,210000635655
c0521,g29606,ver20,Solano Carboni,Solano Cesar Carboni,13144,PT,Suplente,331,1,76,323,0,Alvorada,210000635656
c0522,g33242,ver20,Pamela Mallmann,Pâmela Mallmann da Silva,13183,PT,Suplente,79,1,185,323,0,Alvorada,210000635657
c0523,g2770,ver20,Catiana Metalurgica,Catiana Leite Nunes,13222,PT,Suplente,176,1,116,323,0,Alvorada,210000635658
c0524,g22413,ver20,Celso da Aparecida,Celso Rudimar da Silva,13421,PT,Suplente,134,1,134,323,0,Alvorada,210000635659
c0525,g26834,ver20,Cris Schunck,Cristine Schunck,13527,PT,Suplente,79,1,185,323,0,Alvorada,210000635660
c0526,g35422,ver20,Professor Serginho,Sergio Maciel Bertoldi,13113,PT,Suplente,352,1,69,323,0,Alvorada,210000635661
c0527,g39724,ver20,Professor Vander,Vanderlei de Paula Gomes,13177,PT,Suplente,583,1,37,323,0,Alvorada,210000635662
c0528,g30756,ver20,Giovana,Giovana dos Santos Thiago,13000,PT,Eleito,1154,1,11,323,0,Alvorada,210000635663
c0529,g23795,ver20,Roseli Fanezzi,Roseli Fanezzi,13500,PT,Suplente,159,1,122,323,0,Alvorada,210000635665
c0530,g25108,ver20,Carlos Fontes,Carlos Augusto dos Santos Fontes,13112,PT,Suplente,245,1,100,323,0,Alvorada,210000635666
c0531,g14885,ver20,Leandro Tur,Cladir Cardoso Leandro,13333,PT,Eleito,1117,1,14,323,0,Alvorada,210000635667
c0532,g30506,ver20,Binho Car,Robson da Silva Vicente,13900,PT,Suplente,96,1,170,323,0,Alvorada,210000635668
c0533,g2358,ver20,Girino,Igor Agradem Domingos,13456,PT,Suplente,395,1,63,323,0,Alvorada,210000635669
c0534,g1012,ver20,João Carlos,Joao Carlos da Cruz Pereira,13978,PT,Suplente,66,1,202,323,0,Alvorada,210000635670
c0535,g32856,ver20,Rodrigues Cabeleireiro Raiz,Nilto do Nascimento Rodrigues,13123,PT,Suplente,305,1,84,323,0,Alvorada,210000635672
c0536,g11726,ver20,Sheila Barcelos,Sheila Barcelos de Christo,13777,PT,Suplente,28,1,269,323,0,Alvorada,210000635673
c0537,g11892,ver20,Cristhyan Marques,Cristhyan dos Santos Marques,12555,PDT,Suplente,371,1,66,323,0,Alvorada,210000636201
c0538,g35085,ver20,Claudinho,Claudio Puntel,13650,PT,Não eleito,45,1,42,56,0,Sobradinho,210000636237
c0539,g19629,ver20,Eni de Macedo,Eni Borges de Macedo,13555,PT,Não eleito,58,1,39,56,0,Sobradinho,210000636238
c0540,g14171,ver20,Fio,Iromenes Jesus de Oliveira,13123,PT,Não eleito,37,1,45,56,0,Sobradinho,210000636239
c0541,g25707,ver20,Fári,Rubens Farinon,13302,PT,Não eleito,23,1,51,56,0,Sobradinho,210000636240
c0542,g49705,ver20,Dário Machado,Dari Miguel Machado,13133,PT,Não eleito,62,1,37,56,0,Sobradinho,210000636241
c0543,g43778,ver20,Patric Redin,Patric André Redin,13000,PT,Não eleito,97,1,32,56,0,Sobradinho,210000636242
c0544,g21207,ver20,Izabel Souza,Izabel Aparecida de Souza,13456,PT,Não eleito,115,1,31,56,0,Sobradinho,210000636243
c0545,g16290,ver20,Nelci de Souza Schwertz,Nelci de Souza Schwertz,13789,PT,Não eleito,63,1,36,56,0,Sobradinho,210000636244
c0546,g17821,ver20,Professor Rodrigo Maio,Rodrigo Salvador Sackis,25000,DEM,Suplente,522,1,52,401,0,Rio Grande,210000636566
c0547,g29783,ver20,Joao Vanderlei Geraldo Congo,Joao Vanderlei Geraldo,14111,PTB,Suplente,94,1,33,56,0,Sobradinho,210000637719
c0548,g20859,ver20,Patricia Castro,Patricia Santos de Castro,22000,PL,Eleito,443,1,10,76,0,Caçapava do Sul,210000637743
c0549,g10095,ver20,Flávio Ferreira,Flávio Luis dos Santos Ferreira,13567,PT,Não eleito,5,1,98,99,0,Igrejinha,210000638115
c0550,g3465,ver20,Professor Amarildo,Amarildo Alves Rodrigues,13234,PT,Não eleito,115,1,51,99,0,Igrejinha,210000638116
c0551,g24310,ver20,Ana dos Santos,Ana Maria dos Santos,13123,PT,Não eleito,25,1,82,99,0,Igrejinha,210000638117
c0552,g50838,ver20,Valmir Pereira,Valmir José Pereira,13789,PT,Não eleito,10,1,94,99,0,Igrejinha,210000638118
c0553,g33137,ver20,Professor Leonardo Backes,Leonardo Backes,13311,PT,Não eleito,32,1,79,99,0,Igrejinha,210000638119
c0554,g50590,ver20,Lorisete Leão,Lorisete Maria Dias,13456,PT,Não eleito,348,1,20,99,0,Igrejinha,210000638120
c0555,g20827,ver20,Biduzinho da Gaita,Alberi Inacio da Silva,13222,PT,Suplente,3,1,34,35,0,Pinhal Grande,210000640710
c0556,g49913,ver20,Fádia Flain,Fádia Joana Patta Flain,13777,PT,Suplente,10,1,29,35,0,Pinhal Grande,210000640711
c0557,g15037,ver20,Binão,Cleber Antonio Binotto,13555,PT,Suplente,50,1,16,35,0,Pinhal Grande,210000640712
c0558,g25509,ver20,Aline Portela,Aline Michelon Portela,13123,PT,Suplente,14,1,26,35,0,Pinhal Grande,210000640713
c0559,g3205,ver20,Luiz Carlos Gomes,Luiz Carlos Soares Gomes,13333,PT,Eleito,91,1,13,35,0,Pinhal Grande,210000640714
c0560,g33035,ver20,Amanda Posser Durigon,Amanda Posser Durigon,13000,PT,Suplente,57,1,15,35,0,Pinhal Grande,210000640715
c0561,g36444,ver20,Gustavo,Gustavo Dalcin,13139,PT,Suplente,9,1,31,35,0,Pinhal Grande,210000640716
c0562,g42344,ver20,Polaca,Cladir Dal Castel,13456,PT,Suplente,47,1,17,35,0,Pinhal Grande,210000640717
c0563,g17643,ver20,Moacir Rocha,Moacir da Rosa Rocha,13111,PT,Suplente,6,1,33,35,0,Pinhal Grande,210000640718
c0564,g37472,ver20,Enfermeira Ellen,Ellen Santos do Amaral,13111,PT,Suplente,295,1,12,96,0,Butiá,210000641061
c0565,g51268,ver20,Helio do Taxi,Helio Santos Ferreira,13000,PT,Eleito,347,1,8,96,0,Butiá,210000641062
c0566,g18340,ver20,Maicon do Açougue,Maicon Henrique Machado Ferreira,13444,PT,Suplente,122,1,29,96,0,Butiá,210000641063
c0567,g47446,ver20,Diego Silva,Diego Silva da Silva,13999,PT,Suplente,231,1,16,96,0,Butiá,210000641064
c0568,g40334,ver20,Neca Lima,Maria Antonia Soares de Lima,13652,PT,Suplente,112,1,31,96,0,Butiá,210000641065
c0569,g25147,ver20,Pedrinho,Pedro Lopes Camilo,13678,PT,Suplente,203,1,20,96,0,Butiá,210000641066
c0570,g38027,ver20,Betinho,Luiz Alberto Peres da Silva Filho,13123,PT,Suplente,336,1,10,96,0,Butiá,210000641067
c0571,g29877,ver20,Neuza Azambuja,Neuza Boeira da Silva Azambuja,13555,PT,Suplente,49,1,51,96,0,Butiá,210000641068
c0572,g44892,ver20,Jeferson Motorista,Jeferson Freitas da Gama,13333,PT,Eleito,347,1,8,96,0,Butiá,210000641069
c0573,g42948,ver20,Edson Leal,Edson da Silva Leal,13888,PT,Eleito,405,1,4,96,0,Butiá,210000641070
c0574,g27039,ver20,Zoca,Luiz Volnei da Silva,13456,PT,Suplente,133,1,26,96,0,Butiá,210000641071
c0575,g13192,ver20,Waguinho,Vagner Alves Pfutze,13222,PT,Eleito,355,1,7,96,0,Butiá,210000641072
c0576,g49804,ver20,Silvane da Silva,Silvane Silva da Silva,13113,PT,Suplente,102,1,32,96,0,Butiá,210000641073
c0577,g49564,ver20,Teca,Teresinha da Silva Rosa,13799,PT,Suplente,76,1,38,96,0,Butiá,210000641074
c0578,g28730,ver20,Cleir Almeida,Cleir Terezinha Silveira de Almeida,13313,PT,Suplente,65,1,23,42,0,Manoel Viana,210000641087
c0579,g15701,ver20,Marquinhos da Solda,Marco Aurelio da Silva,12345,PDT,Eleito,609,1,7,108,0,Triunfo,210000641299
c0580,g29206,ver20,Antonio Kieling,Antonio Hilário Kieling,13456,PT,Suplente,153,1,11,20,0,Caibaté,210000641507
c0581,g15973,ver20,Neusa Marx,Neusa Maria Marx,13123,PT,Eleito,304,1,1,20,0,Caibaté,210000641508
c0582,g10785,ver20,Prof Eldiro,Eldiro Ceolin,13013,PT,Suplente,189,1,17,50,0,Restinga Sêca,210000642171
c0583,g38910,ver20,Abel Oliveira,Abel Oliveira dos Santos,13680,PT,Eleito,480,1,5,50,0,Restinga Sêca,210000642172
c0584,g40647,ver20,Teresinha Paim,Teresinha Aparecida Lopes Paim,13010,PT,Suplente,175,1,22,50,0,Restinga Sêca,210000642173
c0585,g16351,ver20,Andrea do Postinho,Andrea Derzete Berardi,55333,PSD,Suplente,294,1,89,323,0,Alvorada,210000643551
c0586,g403,ver20,Tchóde,Diógene Biegelmeier,13013,PT,Não eleito,42,1,22,27,0,Nova Boa Vista,210000644909
c0587,g1475,ver20,Silvana dos Santos,Silvana da Silva dos Santos,13613,PT,Não eleito,55,1,18,27,0,Nova Boa Vista,210000644910
c0588,g40204,ver20,Alex Milani,Alex Milani,13555,PT,Não eleito,59,1,13,27,0,Nova Boa Vista,210000644911
c0589,g45048,ver20,Valmoré Gás,Valmoré Guimarães da Rosa,11111,PP,Suplente,195,1,45,126,0,São Borja,210000647532
c0590,g11326,ver20,Sandra Marques,Sandra Helena Maciel Marques Faguaga,11555,PP,Suplente,498,1,20,126,0,São Borja,210000647533
c0591,g17451,ver20,Mauri Quaresma - Maninho,Mauri de Oliveira Quaresma,15345,MDB,Não eleito,44,1,25,35,0,São Miguel das Missões,210000647664
c0592,g4195,ver20,Professor Paulo Barcellos,Paulo Roberto Freitas Barcellos,13123,PT,Suplente,734,1,19,126,0,Ijuí,210000647724
c0593,g24015,ver20,Beto Noronha,Adalberto de Oliveira Noronha,13120,PT,Eleito,1862,1,2,126,0,Ijuí,210000647725
c0594,g36286,ver20,Renildo Tibe,Renildo do Nascimento Ferrando,13000,PT,Suplente,117,1,80,126,0,Ijuí,210000647726
c0595,g13071,ver20,Célia,Celia Clarice Atkinson,13333,PT,Suplente,59,1,103,126,0,Ijuí,210000647727
c0596,g18373,ver20,Paulo Moura,Paulo Renato de Moura,13777,PT,Suplente,36,1,110,126,0,Ijuí,210000647728
c0597,g14589,ver20,Maria Sençata,Maria Sençata Bueno da Silva,13320,PT,Suplente,51,1,105,126,0,Ijuí,210000647729
c0598,g8314,ver20,Bira,Ubirajara Machado Teixeira,13285,PT,Suplente,761,1,18,126,0,Ijuí,210000647731
c0599,g5617,ver20,Juliana Campoy,Juliana Campoy Miranda de Souza,13377,PT,Suplente,243,1,63,126,0,Ijuí,210000647732
c0600,g13742,ver20,Gilmar Silveira,Gilmar Rodrigues Silveira,40454,PSB,Suplente,37,1,109,126,0,Ijuí,210000647893
c0601,g32717,ver20,Ingrid Lopez,Ingrid Caroline de Jesus Lopez,15222,MDB,Não eleito,15,1,23,27,0,Chuí,210000648470
c0602,g24501,ver20,Luiz Inacio Kunz,Luiz Inacio Kunz,13345,PT,Suplente,93,1,40,70,0,Três de Maio,210000649493
c0603,g23313,ver20,Trage,Fernando Vanin Trage,13123,PT,Suplente,133,1,29,70,0,Três de Maio,210000649494
c0604,g35454,ver20,Sirlei Woiciekoski Weise,Sirlei Woiciekoski Weise,13900,PT,Suplente,40,1,50,70,0,Três de Maio,210000649495
c0605,g34347,ver20,Diogo Wolf,Diogo André Wolf,13000,PT,Eleito,622,1,5,70,0,Três de Maio,210000649496
c0606,g35709,ver20,Professor Géferson,Géferson Luís Meller,13130,PT,Suplente,456,1,11,70,0,Três de Maio,210000649497
c0607,g36383,ver20,Pintinho,Adilo da Silva Pinto,13213,PT,Suplente,107,1,34,70,0,Três de Maio,210000649498
c0608,g30456,ver20,Alexandre Ott,Alexandre Marcelo Ott,13777,PT,Eleito,475,1,8,70,0,Três de Maio,210000649499
c0609,g36408,ver20,Batista Loro,Batista Zelimar Loro,13630,PT,Suplente,205,1,23,70,0,Três de Maio,210000649500
c0610,g1939,ver20,Elisangela Mella,Elisangela Mella Cruz,13222,PT,Suplente,173,1,25,70,0,Três de Maio,210000649501
c0611,g29810,ver20,Ernani Claudio Weimer,Ernani Claudio Weimer,13234,PT,Eleito,742,1,4,70,0,Três de Maio,210000649502
c0612,g21031,ver20,Professora Lúcia,Lucia Calegaro Marmitt,13999,PT,Suplente,251,1,19,70,0,Três de Maio,210000649503
c0613,g9459,ver20,Luísa de Vargas,Luísa de Vargas,13567,PT,Suplente,67,1,45,70,0,Três de Maio,210000649504
c0614,g36095,ver20,Paulista,Milton Border,13555,PT,Suplente,9,1,64,70,0,Três de Maio,210000649505
c0615,g22195,ver20,Rosa,Rosa Maria da Silva,15456,MDB,Suplente,45,1,19,42,0,Novo Cabrais,210000649891
c0616,g19405,ver20,Rodriguinho,Rodrigo Machado da Costa,12123,PDT,Não eleito,115,1,29,79,0,Jaguarão,210000650400
c0617,g5953,ver20,Getulio Ramos,Getulio Nei Boaventura Ramos,10223,REPUBLICANOS,Suplente,58,1,99,163,0,Camaquã,210000650455
c0618,g51337,ver20,Vilsinho,Vilson da Silva,13513,PT,Não eleito,54,1,13,23,0,Pinhal,210000650457
c0619,g19717,ver20,Prof Dolores,Dolores Tres,13360,PT,Não eleito,40,1,19,23,0,Pinhal,210000650458
c0620,g23639,ver20,Marilei,Marilei Beltramin,13655,PT,Não eleito,49,1,15,23,0,Pinhal,210000650459
c0621,g13885,ver20,Nei,Amélio Sidnei Baiocco,13333,PT,Suplente,149,1,14,25,0,Aratiba,210000651208
c0622,g14956,ver20,Cláudia,Cláudia Morgan Lazarotto Mocellin,13963,PT,Suplente,108,1,16,25,0,Aratiba,210000651209
c0623,g26880,ver20,Olivo Baiocco,Olivo Paulinho Baiocco,13699,PT,Suplente,145,1,15,25,0,Aratiba,210000651210
c0624,g5872,ver20,Débora Cenci,Débora Lúcia Cenci,13123,PT,Eleito,258,1,8,25,0,Aratiba,210000651211
c0625,g15594,ver20,Lenir,Lenir Amélio Christmann,13655,PT,Suplente,202,1,13,25,0,Aratiba,210000651212
c0626,g30776,ver20,Marcia,Marcia Fátima Balen Matté,13999,PT,Eleito,575,1,3,25,0,Aratiba,210000651213
c0627,g51113,ver20,Paulão,Paulo Altenhofer,13000,PT,Eleito,377,1,5,25,0,Aratiba,210000651214
c0628,g716,ver20,Sbruzzi,Idanir Sbruzzi,13456,PT,Suplente,86,1,17,25,0,Aratiba,210000651215
c0629,g37160,ver20,Ana Paula,Ana Paula Silva da Silva,13456,PT,Suplente,67,1,12,25,0,Pedras Altas,210000651310
c0630,g2641,ver20,Nádia,Nádia Padilha Venâncio,13567,PT,Eleito,134,1,3,25,0,Pedras Altas,210000651311
c0631,g47827,ver20,Antônio Prestes Neguinho,Antônio Prestes,13036,PT,Eleito,135,1,2,25,0,Pedras Altas,210000651312
c0632,g19287,ver20,Alcides Souza da Rosa,Alcides Souza da Rosa,13013,PT,Suplente,4,1,23,25,0,Pedras Altas,210000651313
c0633,g39787,ver20,Elenice Mendes,Elenice Mendes da Silva,13000,PT,Eleito,133,1,4,25,0,Pedras Altas,210000651314
c0634,g5150,ver20,Prof Maria Eliana,Maria Eliana Nobre Azevedo,13123,PT,Eleito,106,1,8,25,0,Pedras Altas,210000651315
c0635,g34996,ver20,Marcola,Marco Antonio Machado Costa,13333,PT,Suplente,72,1,10,25,0,Pedras Altas,210000651316
c0636,g32443,ver20,Diego Marques,Diego dos Santos Marques,13777,PT,Eleito,120,1,6,25,0,Pedras Altas,210000651317
c0637,g9908,ver20,Tio Mario,Mario Teixeira de Mello,13622,PT,Eleito,107,1,7,25,0,Pedras Altas,210000651318
c0638,g39507,ver20,Luciano Silveira        Feijão,Luciano Silva da Silveira,14620,PTB,Suplente,42,1,28,52,0,Pantano Grande,210000651456
c0639,g28612,ver20,João Raul,João Raul Borba Moreira,13608,PT,Suplente,18,1,37,52,0,Pantano Grande,210000651465
c0640,g25842,ver20,Aline Petry,Aline Petry da Silva,13013,PT,Suplente,8,1,46,52,0,Pantano Grande,210000651466
c0641,g44594,ver20,Nauro Freitas     Fia,Nauro Rogério Rodrigues de Freitas,13200,PT,Suplente,16,1,40,52,0,Pantano Grande,210000651467
c0642,g42535,ver20,Edimara,Edimara Silveira da Rosa,13000,PT,Suplente,33,1,32,52,0,Pantano Grande,210000651468
c0643,g45565,ver20,Guga    Gilberto Carvalho,Gilberto da Silva Carvalho,13456,PT,Suplente,236,1,13,52,0,Pantano Grande,210000651469
c0644,g29666,ver20,Alex Tvardoski,José Alex Tvardoski,13601,PT,Suplente,9,1,45,52,0,Pantano Grande,210000651470
c0645,g7911,ver20,Lucas Rodrigues,Lucas da Silva Rodrigues,13123,PT,Eleito,478,1,3,52,0,Pantano Grande,210000651471
c0646,g26347,ver20,Mateus Luz,Mateus Silveira Luz,13333,PT,Suplente,220,1,15,52,0,Pantano Grande,210000651472
c0647,g35096,ver20,Tais Sperb,Tais Rosa Sperb,13800,PT,Suplente,35,1,31,52,0,Pantano Grande,210000651473
c0648,g23942,ver20,Juarez        Motorista,Juarez Rosa de Barros,13016,PT,Suplente,38,1,29,52,0,Pantano Grande,210000651474
c0649,g41749,ver20,Rosi,Rosemery Tatiane Alves Pedroso,13111,PT,Suplente,10,1,44,52,0,Pantano Grande,210000651475
c0650,g20668,ver20,Natasha Ferreira,Anderson Narciso Ferreira,50050,PSOL,Suplente,2011,1,74,834,0,Porto Alegre,210000652197
c0651,g50212,ver20,Lenita,Lenita Piassa,13513,PT,Suplente,27,1,20,28,0,Benjamin Constant do Sul,210000653237
c0652,g6877,ver20,Janaine,Janaine Elen Dall Agnol,13444,PT,Eleito,81,1,11,28,0,Benjamin Constant do Sul,210000653238
c0653,g7295,ver20,Nunes,Riovaldo Nunes,13160,PT,Suplente,11,1,24,28,0,Benjamin Constant do Sul,210000653239
c0654,g36140,ver20,Marili,Marili Fatima Bellini,13613,PT,Suplente,40,1,17,28,0,Benjamin Constant do Sul,210000653240
c0655,g37541,ver20,Gezen,Gezen Garcia,13555,PT,Suplente,72,1,13,28,0,Benjamin Constant do Sul,210000653241
c0656,g47924,ver20,Alderi,Alderi Rampanelli,13333,PT,Eleito,78,1,12,28,0,Benjamin Constant do Sul,210000653242
c0657,g11658,ver20,Pira,Genir Brandino,13000,PT,Eleito,175,1,1,28,0,Benjamin Constant do Sul,210000653243
c0658,g3043,ver20,Leomar,Leomar Toniolli,13777,PT,Eleito,124,1,4,28,0,Benjamin Constant do Sul,210000653244
c0659,g43472,ver20,Faísca,Claudir Mariani,13456,PT,Suplente,21,1,22,28,0,Benjamin Constant do Sul,210000653245
c0660,g5225,ver20,Professora Adelaide,Adelaide Terezinha de Oliveira Martins,13068,PT,Suplente,209,1,221,481,0,Caxias do Sul,210000653569
c0661,g16905,ver20,Valtair Moraes,Airton Valtair Oliz de Moraes,13666,PT,Suplente,200,1,230,481,0,Caxias do Sul,210000653570
c0662,g10688,ver20,Ângela Michelin,Ângela Michelin,13333,PT,Suplente,215,1,219,481,0,Caxias do Sul,210000653571
c0663,g49624,ver20,Tatto,Alfredo Vitorio Tatto,13654,PT,Suplente,1369,1,31,481,0,Caxias do Sul,210000653572
c0664,g18347,ver20,Edinho Perschinho,Edio Reil Ávila da Rosa,13134,PT,Suplente,61,1,394,481,0,Caxias do Sul,210000653573
c0665,g41554,ver20,Ivanor Ramos,Ivanor Gomes dos Santos Ramos,13913,PT,Suplente,83,1,352,481,0,Caxias do Sul,210000653574
c0666,g14734,ver20,Gaby,Maria Gabriele Cia,13113,PT,Suplente,68,1,384,481,0,Caxias do Sul,210000653575
c0667,g5336,ver20,Denise Pessôa,Denise da Silva Pessôa,13123,PT,Eleito,5117,1,2,481,0,Caxias do Sul,210000653576
c0668,g17251,ver20,José Adail,Jose Adail Gil Mello,13019,PT,Suplente,228,1,208,481,0,Caxias do Sul,210000653577
c0669,g20483,ver20,Lucas Caregnato,Lucas Caregnato,13678,PT,Eleito,1728,1,21,481,0,Caxias do Sul,210000653578
c0670,g42128,ver20,Prof Luis Biasoli,Luis Fernando Biasoli,13456,PT,Suplente,222,1,217,481,0,Caxias do Sul,210000653579
c0671,g21375,ver20,Mara Cardozo,Maria Claudete Cardozo,13111,PT,Suplente,708,1,80,481,0,Caxias do Sul,210000653580
c0672,g34837,ver20,Rose Frigeri,Roselaine Frigeri,13013,PT,Suplente,1554,1,27,481,0,Caxias do Sul,210000653581
c0673,g19466,ver20,Valmor Flores,Valmor Flores dos Santos,13610,PT,Suplente,343,1,159,481,0,Caxias do Sul,210000653582
c0674,g43885,ver20,Wilson Delffes,Wilson Nunes Delffes,13620,PT,Suplente,105,1,319,481,0,Caxias do Sul,210000653583
c0675,g37056,ver20,Elô do Pt,Eloisa Duarte da Silva,13007,PT,Suplente,158,1,273,481,0,Caxias do Sul,210000653584
c0676,g16806,ver20,Estela Balardin,Estela Balardin da Silva,13003,PT,Eleito,2391,1,13,481,0,Caxias do Sul,210000653585
c0677,g14155,ver20,Vanderson Lopes,Vanderson Alex dos Santos Lopes,13888,PT,Suplente,389,1,134,481,0,Caxias do Sul,210000653586
c0678,g3732,ver20,Elói Gallon,Elói Gallon,13677,PT,Suplente,665,1,86,481,0,Caxias do Sul,210000653587
c0679,g4107,ver20,Le Maffa,Leandro Maffazioli,13130,PT,Suplente,70,1,380,481,0,Caxias do Sul,210000653588
c0680,g30176,ver20,Lucimar Carnizella,Lucimar Parisotto Carnizella,13001,PT,Suplente,399,1,129,481,0,Caxias do Sul,210000653589
c0681,g38075,ver20,Tito de Azevedo,Luiz Carlos de Azevedo,13165,PT,Suplente,80,1,357,481,0,Caxias do Sul,210000653590
c0682,g6726,ver20,Miguel Dallalba,Miguel Dallalba,13000,PT,Suplente,613,1,90,481,0,Caxias do Sul,210000653591
c0683,g35915,ver20,Naira Sousa,Naira Regina do Nascimento Sousa,13131,PT,Suplente,319,1,167,481,0,Caxias do Sul,210000653592
c0684,g49810,ver20,Olecir Martins  O Pintor,Olecir Martins de Almeida,13246,PT,Suplente,44,1,429,481,0,Caxias do Sul,210000653593
c0685,g36905,ver20,Pastor Sched,Rudimar Moraes da Silva,13231,PT,Suplente,114,1,312,481,0,Caxias do Sul,210000653594
c0686,g49428,ver20,Artur Zulian,Artur Zulian Denicol,13100,PT,Suplente,366,1,149,481,0,Caxias do Sul,210000653595
c0687,g554,ver20,Agostinho do Alegrete,Agostinho Prazer Reginaldo Filho,13401,PT,Suplente,126,1,302,481,0,Caxias do Sul,210000653596
c0688,g46112,ver20,Cleo Araujo,Cleonice Felix de Araújo,13601,PT,Suplente,1045,1,45,481,0,Caxias do Sul,210000653597
c0689,g46625,ver20,Roque,Alvandir Nunes da Conceição,13669,PT,Não eleito,19,1,90,108,0,Triunfo,210000653717
c0690,g21449,ver20,Angelita B Ribeiro,Angelita Batista Ribeiro,13613,PT,Não eleito,21,1,87,108,0,Triunfo,210000653718
c0691,g48094,ver20,Tite,Jones Faustino Lencina dos Santos,13468,PT,Não eleito,25,1,81,108,0,Triunfo,210000653719
c0692,g21715,ver20,Vandira Isabel Braz,Vandira Isabel Braz,13456,PT,Não eleito,10,1,99,108,0,Triunfo,210000653720
c0693,g28790,ver20,Giovani Junior,Giovani dos Santos Junior,13147,PT,Não eleito,8,1,103,108,0,Triunfo,210000653721
c0694,g46106,ver20,Mara Lucia de Medeiros Castro,Mara Lucia de Medeiros Castro,13013,PT,Não eleito,46,1,60,108,0,Triunfo,210000653722
c0695,g30941,ver20,Professor Jorge,Jorge Miguel Bonatto Umann,13789,PT,Não eleito,132,1,29,108,0,Triunfo,210000653723
c0696,g21437,ver20,Clovis Saraiva da Rosa,Clóvis Saraiva da Rosa,13131,PT,Não eleito,11,1,96,108,0,Triunfo,210000653724
c0697,g40571,ver20,Marcus Pozo,Marcus Antonio Cardoso Pozo,13222,PT,Não eleito,16,1,92,108,0,Triunfo,210000653725
c0698,g34900,ver20,Luis do Pt,Luis Fernando Quadros Lopes,13456,PT,Não eleito,40,1,44,68,0,Xangri-Lá,210000654477
c0699,g195,ver20,Albano Roth,Albano Luis Roth,13000,PT,Não eleito,31,1,47,68,0,Xangri-Lá,210000654478
c0700,g1572,ver20,Gelci Unser,Gelci Maria Unser,13013,PT,Não eleito,53,1,39,68,0,Xangri-Lá,210000654479
c0701,g25303,ver20,Adenilson Faggion,Adenilson Faggion,12134,PDT,Suplente,32,1,16,18,0,Mariano Moro,210000655344
c0702,g15911,ver20,Soni Carvalho,Dirceu Mebius de Carvalho,13690,PT,Suplente,156,1,20,28,0,Santo Cristo,210000656754
c0703,g43797,ver20,Anencir Kerkhoff,Anencir Luis Kerkhoff,13120,PT,Suplente,306,1,14,28,0,Santo Cristo,210000656755
c0704,g11030,ver20,Paulo Puhl,Paulo José Puhl,13644,PT,Suplente,210,1,18,28,0,Santo Cristo,210000656756
c0705,g5463,ver20,Vilson Feiden,Vilson Jose Feiden,13678,PT,Eleito,485,1,10,28,0,Santo Cristo,210000656757
c0706,g1148,ver20,Eloir Kuhsler,Eloir André Kuhsler,13613,PT,Suplente,330,1,13,28,0,Santo Cristo,210000656758
c0707,g7964,ver20,Mariangela Soares,Mariangela Pereira Soares,13633,PT,Suplente,69,1,26,28,0,Santo Cristo,210000656759
c0708,g10199,ver20,Ester Lunkes,Ester Maria Lunkes,13688,PT,Suplente,141,1,22,28,0,Santo Cristo,210000656760
c0709,g6196,ver20,Profe Lia,Lia Inês Lenz,13610,PT,Eleito,498,1,8,28,0,Santo Cristo,210000656761
c0710,g27287,ver20,Celso Ostwald,Celso Ostwald,13890,PT,Suplente,69,1,12,19,0,Dezesseis de Novembro,210000658252
c0711,g28765,ver20,Roni Bolter,Roni Carlos Genz Bolter,13123,PT,Eleito,145,1,9,19,0,Dezesseis de Novembro,210000658253
c0712,g8097,ver20,Mare Fernandes,Marelice da Silva Fernandes,13613,PT,Suplente,17,1,18,19,0,Dezesseis de Novembro,210000658254
c0713,g21451,ver20,Marta,Marta Maria Schneiders,13321,PT,Suplente,65,1,13,19,0,Dezesseis de Novembro,210000658255
c0714,g33755,ver20,Formiga,Flavio de Avila Severo,13680,PT,Suplente,54,1,14,19,0,Dezesseis de Novembro,210000658256
c0715,g31950,ver20,Elaine Colet Lorini,Elaine Colet Lorini,13113,PT,Não eleito,79,1,15,27,0,Barra Funda,210000658623
c0716,g17286,ver20,Jose Sirlei,Jose Sirlei Lopes Bataioli,11123,PP,Suplente,44,1,21,42,0,Novo Cabrais,210000658790
c0717,g26536,ver20,Aline Pimentel da Silva,Aline Pimentel da Silva,13313,PT,Não eleito,24,1,69,82,0,Nova Prata,210000659268
c0718,g46690,ver20,André Hamerski,André Hamerski,13000,PT,Não eleito,186,1,26,82,0,Nova Prata,210000659269
c0719,g30943,ver20,Edinho,Edison de Oliveira Moreira,13777,PT,Não eleito,94,1,46,82,0,Nova Prata,210000659270
c0720,g32158,ver20,Marcos Antonio Ducha,Marcos Antonio Camargo,13013,PT,Não eleito,106,1,41,82,0,Nova Prata,210000659271
c0721,g36417,ver20,Vinicius Pagnoncelli,Vinicius Mateus Pagnoncelli Gonzatto,13333,PT,Não eleito,75,1,55,82,0,Nova Prata,210000659272
c0722,g31980,ver20,Maria dos Gatos,Maria Andradina Batista da Rosa,13710,PT,Não eleito,60,1,59,82,0,Nova Prata,210000659273
c0723,g31532,ver20,Romeo Boito,Romeo José Boito,13888,PT,Não eleito,92,1,47,82,0,Nova Prata,210000659274
c0724,g10540,ver20,Suélen Bittencourt,Suélen Nunes Bittencourt,13613,PT,Não eleito,14,1,75,82,0,Nova Prata,210000659275
c0725,g21476,ver20,Júlio Garcia,Júlio César Schmitt Garcia,13323,PT,Não eleito,65,1,64,78,0,Santiago,210000659594
c0726,g4254,ver20,Luciano Garcia,Luciano da Luz Garcia,13111,PT,Não eleito,51,1,68,78,0,Santiago,210000659595
c0727,g8141,ver20,Kaika,Maria da Conceição Rossa da Costa,13013,PT,Não eleito,92,1,57,78,0,Santiago,210000659596
c0728,g12413,ver20,Rodrigo Knierin,Rodrigo Knierin da Roza,13313,PT,Não eleito,126,1,50,78,0,Santiago,210000659597
c0729,g89,ver20,Dimore,José Carlos da Silva Correa,13123,PT,Não eleito,65,1,64,78,0,Santiago,210000659598
c0730,g15453,ver20,Mariana Fraga,Mariana Fraga de Vargas,13813,PT,Não eleito,24,1,74,78,0,Santiago,210000659599
c0731,g10957,ver20,Cláudio Eletricista,Claudio de Freitas Lopes,13777,PT,Não eleito,86,1,58,78,0,Santiago,210000659600
c0732,g49119,ver20,Bueno,Antonio Carlos Rosa Bueno,13620,PT,Não eleito,456,1,21,78,0,Santiago,210000659601
c0733,g37185,ver20,Geanine Bolzan,Geanine Bolzan Cogo,13180,PT,Não eleito,376,1,24,78,0,Santiago,210000659602
c0734,g40461,ver20,Silvana,Gladis Silvane Corrêa de Andrade,13011,PT,Não eleito,168,1,41,78,0,Santiago,210000659603
c0735,g42089,ver20,Ci,Moacir Nazário,13113,PT,Eleito,306,1,2,14,0,Unistalda,210000659651
c0736,g4419,ver20,Claudete Vargas,Claudete Gonçalves Vargas,13213,PT,Suplente,29,1,13,14,0,Unistalda,210000659652
c0737,g30024,ver20,Professor Adriano,Adriano da Fonseca Rosa,12000,PDT,Suplente,91,1,17,51,0,Cerrito,210000660027
c0738,g17824,ver20,Ariel Vaz,Ariel Fernando Heberle Vaz,13777,PT,Eleito,372,1,1,20,0,São Pedro do Butiá,210000660141
c0739,g40558,ver20,Eugênio Rauber,Eugênio Tiago Rauber,13666,PT,Eleito,217,1,2,20,0,São Pedro do Butiá,210000660142
c0740,g46401,ver20,Zeca Martins,José Antônio dos Santos Martins,13120,PT,Suplente,43,1,15,20,0,São Pedro do Butiá,210000660143
c0741,g80,ver20,Vanete Weschenfelder,Vanete Ribeiro Stankowski,13713,PT,Suplente,35,1,16,20,0,São Pedro do Butiá,210000660144
c0742,g9412,ver20,Cristiane Boesing,Cristiane Boesing,13123,PT,Eleito,102,1,10,20,0,São Pedro do Butiá,210000660145
c0743,g32060,ver20,Douglas Mayer,Douglas Mayer,13333,PT,Eleito,152,1,6,20,0,São Pedro do Butiá,210000660146
c0744,g3692,ver20,Luis Zwirtes,Luis Alberto Zwirtes,13100,PT,Eleito,83,1,13,20,0,São Pedro do Butiá,210000660147
c0745,g12024,ver20,Maria dos Santos,Maria Gonçalves dos Santos,13456,PT,Suplente,52,1,14,20,0,São Pedro do Butiá,210000660148
c0746,g46754,ver20,Ademar Binotto,Ademar Binotto,13644,PT,Suplente,38,1,35,44,0,Jóia,210000661220
c0747,g42800,ver20,Branco Brittes,Gelson Brittes,13007,PT,Suplente,32,1,36,44,0,Jóia,210000661221
c0748,g30675,ver20,Amanda Dara Perin,Amanda Dara Silva dos Santos Perin,13513,PT,Suplente,68,1,25,44,0,Jóia,210000661222
c0749,g18326,ver20,Everton Jantsch,Everton Jantsch,13123,PT,Suplente,22,1,40,44,0,Jóia,210000661223
c0750,g46614,ver20,Gildo Padilha,Gildo Luiz Padilha de Lima,13613,PT,Suplente,94,1,22,44,0,Jóia,210000661224
c0751,g29209,ver20,Inácio,Ignacio Levinski,13013,PT,Eleito,188,1,9,44,0,Jóia,210000661225
c0752,g44057,ver20,Terezinha Pereira Bueno,Terezinha Pereira Bueno,13113,PT,Suplente,10,1,43,44,0,Jóia,210000661226
c0753,g46406,ver20,Adenilson Bode,Adenilson de Souza,13655,PT,Suplente,173,1,12,44,0,Jóia,210000661227
c0754,g4324,ver20,Beti Webery,Albertina Lucia Webery,13555,PT,Suplente,9,1,44,44,0,Jóia,210000661228
c0755,g4040,ver20,Tilape,Odemar dos Santos Martins,13213,PT,Suplente,25,1,37,44,0,Jóia,210000661229
c0756,g46103,ver20,Eloisa,Eloisa Elaine Gonçalves Reyes,13777,PT,Suplente,71,1,37,56,0,Piratini,210000661239
c0757,g12050,ver20,Jose Auri,Jose Auri Soares,13655,PT,Eleito,611,1,5,56,0,Piratini,210000661240
c0758,g43931,ver20,João,Joao Carlos Avila da Silveira,13123,PT,Suplente,234,1,17,56,0,Piratini,210000661241
c0759,g17403,ver20,Tiago Montanha,Jose Tiago Famoso Montanho,13113,PT,Suplente,162,1,23,56,0,Piratini,210000661242
c0760,g20884,ver20,Jorginho,Jorge Rodrigues de Almeida,13964,PT,Suplente,49,1,42,56,0,Piratini,210000661243
c0761,g11228,ver20,Vangela,Vangela Maria de Avila Ferreira,13317,PT,Suplente,2,1,56,56,0,Piratini,210000661244
c0762,g21574,ver20,Angelica Panatieri,Angelica Barroso Panatieri,13500,PT,Suplente,126,1,25,56,0,Piratini,210000661245
c0763,g37640,ver20,Rogerio,Rogerio de Oliveira,13613,PT,Suplente,379,1,8,56,0,Piratini,210000661246
c0764,g45280,ver20,Anildo Jung,Anildo Jung,13777,PT,Suplente,22,1,86,105,0,Portão,210000661647
c0765,g27061,ver20,Pereira,Waldir Garcia Pereira,13013,PT,Suplente,240,1,26,105,0,Portão,210000661648
c0766,g10880,ver20,Ega,Celiria Fernandes,13456,PT,Suplente,38,1,76,105,0,Portão,210000661649
c0767,g9634,ver20,Cleber Alvares,Cleber Luis Alvares da Silva,13333,PT,Suplente,15,1,92,105,0,Portão,210000661650
c0768,g9133,ver20,Braulino Ribeiro,Braulino Ribeiro da Silva,13655,PT,Suplente,15,1,92,105,0,Portão,210000661651
c0769,g10907,ver20,Elenita Fisioterapeuta,Elenita Rodrigues de Oliveira,13113,PT,Suplente,80,1,57,105,0,Portão,210000661652
c0770,g40789,ver20,Jp,João Pedro Gaspar dos Santos,13613,PT,Eleito,636,1,4,105,0,Portão,210000661653
c0771,g15508,ver20,Margarete Pereira,Margarete Pereira,13240,PT,Suplente,78,1,58,105,0,Portão,210000661654
c0772,g12856,ver20,Julita,Julita Teresinha Machado,13111,PT,Suplente,35,1,78,105,0,Portão,210000661655
c0773,g20206,ver20,Mauro   Piruca,Mauro de Oliveira de Quevedo,13033,PT,Suplente,65,1,66,105,0,Portão,210000661656
c0774,g14246,ver20,Roberto Leitão,Roberto Rodrigo Eismann,13190,PT,Eleito,548,1,8,105,0,Portão,210000661657
c0775,g14409,ver20,Guri de Palmitinho,Jonatas Luiz da Rosa,13000,PT,Suplente,52,1,67,105,0,Portão,210000661658
c0776,g22209,ver20,Bianca Moutinho,Bianca da Silva Moutinho,13120,PT,Suplente,106,1,47,105,0,Portão,210000661659
c0777,g25734,ver20,Décinho,Décio Sergio Carvalho,13600,PT,Suplente,91,1,51,105,0,Portão,210000661660
c0778,g42570,ver20,Elias Trein,Elias Campo Trein,13707,PT,Suplente,465,1,14,105,0,Portão,210000661661
c0779,g27572,ver20,Paulinha,Paula Regina Rodrigues da Silva,13105,PT,Suplente,72,1,61,105,0,Portão,210000661662
c0780,g5950,ver20,Adejair Silva,Adejair Antonio da Silva,40100,PSB,Não eleito,64,1,49,81,0,São Sebastião do Caí,210000661913
c0781,g24261,ver20,Carmen Schimaniak,Carmen Lucia Schimaniak,13444,PT,Suplente,44,1,17,20,0,Doutor Maurício Cardoso,210000662501
c0782,g11636,ver20,Guilherme Ferrari,Guilherme Ferrari,13333,PT,Suplente,170,1,10,20,0,Doutor Maurício Cardoso,210000662502
c0783,g16259,ver20,Almir Osmari,Almir Jose Ludwig Osmari,13555,PT,Eleito,190,1,8,20,0,Doutor Maurício Cardoso,210000662503
c0784,g18590,ver20,Marquinhos Eckerdt,Marcos Henrichsen Eckerdt,13013,PT,Não eleito,80,1,37,72,0,Crissiumal,210000663508
c0785,g14256,ver20,Loni Gaertner,Loni Breunig Gaertner,13016,PT,Não eleito,67,1,39,72,0,Crissiumal,210000663509
c0786,g21280,ver20,Andrea de Mattos,Andrea de Mattos Reis,13333,PT,Não eleito,24,1,60,72,0,Crissiumal,210000663510
c0787,g41456,ver20,João Lay Lay,João Alfonso Hackenhaar,13113,PT,Não eleito,40,1,51,72,0,Crissiumal,210000663511
c0788,g6148,ver20,Marcio Simionato,Marcio Schmidt Simionato,13456,PT,Não eleito,99,1,32,72,0,Crissiumal,210000663512
c0789,g21389,ver20,Inesio José Grub,Inesio José Grub,13613,PT,Não eleito,171,1,19,72,0,Crissiumal,210000663513
c0790,g45504,ver20,Carol,Carolinda Ramos Faraon,13113,PT,Suplente,22,1,16,16,0,Guabiju,210000664663
c0791,g50796,ver20,Mauro Ribeiro,Mauro Prigol Ribeiro,13555,PT,Eleito,103,1,3,16,0,Guabiju,210000664664
c0792,g13923,ver20,Roque Reis,Carlos Roque Trindade dos Reis,13000,PT,Suplente,35,1,14,16,0,Guabiju,210000664665
c0793,g47115,ver20,Roberto Pszigodinski,Roberto Pszigodinski,14222,PTB,Suplente,98,1,28,57,0,Dom Feliciano,210000666365
c0794,g32533,ver20,Rita de Cássia,Rita de Cássia Rembowski,14321,PTB,Eleito,253,1,10,57,0,Dom Feliciano,210000666369
c0795,g10013,ver20,Lucidio Fagundes,Lucidio Adelar da Rosa Fagundes,13777,PT,Não eleito,17,1,35,41,0,Paraíso do Sul,210000666415
c0796,g27777,ver20,Zeca Lovato,José Orestes Lovato,13655,PT,Não eleito,214,1,7,41,0,Paraíso do Sul,210000666416
c0797,g47110,ver20,Marina Salles,Marina Bilha Salles,13013,PT,Não eleito,77,1,19,41,0,Paraíso do Sul,210000666417
c0798,g34477,ver20,Andretta,Jandir Andretta,13330,PT,Suplente,115,1,9,32,0,Jacutinga,210000666499
c0799,g7355,ver20,Lorenzetti,Maximino Ernesto Lorenzetti,13610,PT,Eleito,128,1,8,32,0,Jacutinga,210000666500
c0800,g45544,ver20,Sandra da Saúde,Sandra Mari Soares,13555,PT,Eleito,162,1,5,32,0,Jacutinga,210000666501
c0801,g13702,ver20,Clarice,Clarice Pereira Boeira Coghetto,13014,PT,Suplente,90,1,10,32,0,Jacutinga,210000666502
c0802,g6265,ver20,Vágner Cocão,Jonatan Vagner Borges de Borba,40040,PSB,Suplente,423,1,59,323,0,Alvorada,210000666760
c0803,g23497,ver20,Melo do Brick,João Valtoni Almeida de Melo,15615,MDB,Suplente,129,1,29,42,0,São Francisco de Assis,210000667149
c0804,g47862,ver20,Aline Sofia Schlieck,Aline Sofia Schlieck,13333,PT,Suplente,77,1,14,27,0,Westfalia,210000667265
c0805,g15397,ver20,Rejane Ahlert Eggers,Rejane Ahlert Eggers,13123,PT,Eleito,96,1,9,27,0,Westfalia,210000667266
c0806,g11164,ver20,Claimar,Claimar Domingos Kohl,13111,PT,Suplente,38,1,22,27,0,Westfalia,210000667267
c0807,g29767,ver20,Renato Gaspar Herbert,Renato Gaspar Herbert,13777,PT,Eleito,202,1,1,27,0,Westfalia,210000667268
c0808,g15217,ver20,Valmor Endler,Valmor Endler,13671,PT,Suplente,87,1,12,27,0,Westfalia,210000667269
c0809,g42463,ver20,Cristiane da Silva Conceição,Cristiane da Silva Conceição,10741,REPUBLICANOS,Suplente,26,1,807,834,0,Porto Alegre,210000668052
c0810,g44275,ver20,Fabio Molina,Fabio Molina  Vargas,13613,PT,Não eleito,135,1,47,91,0,Itaqui,210000668964
c0811,g45453,ver20,Pita,Luis Alberto Alves Toja,13123,PT,Não eleito,88,1,60,91,0,Itaqui,210000668965
c0812,g40898,ver20,Dolores Vieira dos Santos,Dolores Vieira dos Santos,13050,PT,Não eleito,102,1,54,91,0,Itaqui,210000668966
c0813,g7447,ver20,Rochinha,Eneli Gutierrez Silva,13126,PT,Não eleito,18,1,89,91,0,Itaqui,210000668967
c0814,g22417,ver20,Sirlene Silo,Sirlene Nunes Vieira,13113,PT,Não eleito,158,1,43,91,0,Itaqui,210000668968
c0815,g41276,ver20,Dr Léo Rogers,Leonardo Rogers Ferner Tiecker,13456,PT,Não eleito,38,1,79,91,0,Itaqui,210000668969
c0816,g25245,ver20,Ulisses Gordinho do Povo,Ulisses Rodrigues da Silva,13813,PT,Não eleito,114,1,52,91,0,Itaqui,210000668970
c0817,g18913,ver20,Professor Marco Espinosa,Marco Antonio Bacelar Espinosa,13234,PT,Não eleito,157,1,44,91,0,Itaqui,210000668971
c0818,g46694,ver20,Professor Ricardo Carpes,Ricardo Howes Carpes,13777,PT,Não eleito,300,1,23,91,0,Itaqui,210000668973
c0819,g51106,ver20,Professor Titino,João Felix Silveira  Cunha,13789,PT,Não eleito,49,1,73,91,0,Itaqui,210000668975
c0820,g23395,ver20,Professora Mônica,Mônica Juliana Facio,13456,PT,Não eleito,801,1,1,159,0,Taquara,210000669762
c0821,g15779,ver20,Cristina Lopes,Cristina Lopes Chaves,13003,PT,Não eleito,36,1,120,159,0,Taquara,210000669763
c0822,g48592,ver20,Lorival Rosa,Lorival da Rosa,13777,PT,Não eleito,304,1,35,159,0,Taquara,210000669764
c0823,g13686,ver20,Paulo Wagner da Cultura,Paulo Antônio Wagner de Oliveira,13789,PT,Não eleito,69,1,98,159,0,Taquara,210000669765
c0824,g19872,ver20,Jean Bueno,Jean Bueno Amaral,13613,PT,Não eleito,11,1,151,159,0,Taquara,210000669768
c0825,g1952,ver20,Everton Alves,Everton Loureiro Alves,13509,PT,Não eleito,40,1,117,159,0,Taquara,210000669769
c0826,g193,ver20,Tuca do Morro da Cruz,Marcos Oscar de Lima Ramos,13813,PT,Não eleito,49,1,112,159,0,Taquara,210000669770
c0827,g40411,ver20,Estefanio,Estefanio Rangel Carneiro,13520,PT,Não eleito,27,1,131,159,0,Taquara,210000669771
c0828,g33990,ver20,Sérgio Utzig,Sérgio Utzig,13333,PT,Suplente,50,1,11,20,0,Linha Nova,210000670298
c0829,g12928,ver20,Luciane Zimmermann,Luciane Zimmermann Costa,13456,PT,Eleito,121,1,2,20,0,Linha Nova,210000670299
c0830,g1490,ver20,Beatriz Schmitt,Beatriz Schmitt,13000,PT,Eleito,79,1,5,20,0,Linha Nova,210000670300
c0831,g17460,ver20,Paulo Altmann,Paulo Alberto Altmann,13013,PT,Eleito,97,1,4,20,0,Linha Nova,210000670301
c0832,g1391,ver20,Clark Martegani,Clark Dias Martegani,22022,PL,Não eleito,196,1,19,105,0,Quaraí,210000670718
c0833,g1818,ver20,Marco Longaray,Marco Aurélio Santos Longaray,13613,PT,Suplente,533,1,21,163,0,Camaquã,210000671575
c0834,g41412,ver20,Professor Leandro,Leandro Neutzling Barbosa,13999,PT,Suplente,152,1,61,163,0,Camaquã,210000671576
c0835,g16917,ver20,Marivone Ramos,Marivone Goulart Ramos,13333,PT,Eleito,775,1,10,163,0,Camaquã,210000671577
c0836,g10030,ver20,Cristiano Guarani,Cristiano Dario de Souza,13130,PT,Suplente,29,1,127,163,0,Camaquã,210000671578
c0837,g50234,ver20,Zely Krusciel,Maria Zely Krusciel de Moraes,13000,PT,Suplente,26,1,133,163,0,Camaquã,210000671579
c0838,g25898,ver20,Professor Edson,Edson Luis de Almeida Oliveira,13123,PT,Suplente,383,1,33,163,0,Camaquã,210000671580
c0839,g1470,ver20,Professor Augusto,Augusto de Fraga Cardoso,13123,PT,Não eleito,301,1,28,94,0,Santo Antônio da Patrulha,210000672438
c0840,g38951,ver20,Ede,Edenilson dos Santos Costa,13000,PT,Não eleito,495,1,15,94,0,Santo Antônio da Patrulha,210000672439
c0841,g481,ver20,Rosi Borba,Rosi Borba,13777,PT,Não eleito,27,1,83,94,0,Santo Antônio da Patrulha,210000672440
c0842,g36870,ver20,Yuri Duarte,Yuri Duarte de Araujo,13027,PT,Não eleito,58,1,70,94,0,Santo Antônio da Patrulha,210000672441
c0843,g47579,ver20,Delourdes,Maria de Lourdes Werner,13013,PT,Não eleito,43,1,77,94,0,Santo Antônio da Patrulha,210000672442
c0844,g3162,ver20,Valtair Técnico de Enfermagem,Valtair Martins de Oliveira,13777,PT,Suplente,368,1,16,70,0,Dois Irmãos,210000674461
c0845,g41615,ver20,Professora Sheila,Sheila da Silva,13300,PT,Eleito,517,1,11,70,0,Dois Irmãos,210000674462
c0846,g41944,ver20,Devanir,Devanir Soares Chagas,13999,PT,Suplente,180,1,26,70,0,Dois Irmãos,210000674463
c0847,g23734,ver20,Mariele,Mariele de Matos Steffen,13900,PT,Suplente,22,1,59,70,0,Dois Irmãos,210000674464
c0848,g34773,ver20,Marcia Vepo,Marcia Oliveira Vepo,13013,PT,Suplente,54,1,48,70,0,Dois Irmãos,210000674465
c0849,g5024,ver20,Cris da Farmácia,Cristine Groth,13613,PT,Suplente,274,1,22,70,0,Dois Irmãos,210000674466
c0850,g44663,ver20,Silvia Bialoso,Silvia Clenir Bialoso,13333,PT,Suplente,119,1,37,70,0,Dois Irmãos,210000674467
c0851,g44191,ver20,Marcio Goldschmidt,Marcio Goldschmidt,13000,PT,Suplente,342,1,18,70,0,Dois Irmãos,210000674468
c0852,g73,ver20,Toinho,Antonio Aguinaldo Guimarâes,13666,PT,Suplente,34,1,56,70,0,Dois Irmãos,210000674469
c0853,g24289,ver20,Osmar,Osmar Verissimo de Jesus,13800,PT,Suplente,325,1,20,70,0,Dois Irmãos,210000674470
c0854,g24765,ver20,Moacir Gonçalves Social,Moacir Gonçalves,13123,PT,Não eleito,23,1,25,37,0,Vicente Dutra,210000675240
c0855,g15794,ver20,Edson Tietz,Anildo Edson Tietz,13222,PT,Não eleito,79,1,14,37,0,Vicente Dutra,210000675241
c0856,g11035,ver20,Claudiomiro R. Padilha Kiko,Claudiomiro Rodrigues Padilha,13333,PT,Não eleito,28,1,23,37,0,Vicente Dutra,210000675242
c0857,g42556,ver20,Adriana Redel,Adriana Redel,13111,PT,Não eleito,5,1,36,37,0,Vicente Dutra,210000675243
c0858,g43787,ver20,Beti da Saúde,Elizabete Monticelli de Abreu,13000,PT,Suplente,32,1,104,142,0,Panambi,210000675438
c0859,g49202,ver20,Claudio Motta,Claudio Cicero de Oliveira Motta,13234,PT,Eleito,403,1,17,142,0,Panambi,210000675439
c0860,g5464,ver20,Professora Maria Inaja,Maria Inaja Charte de Lima,13555,PT,Suplente,102,1,60,142,0,Panambi,210000675440
c0861,g26237,ver20,Vanusa Gamst,Vanusa Gamst dos Santos Hamerski,13123,PT,Suplente,20,1,118,142,0,Panambi,210000675441
c0862,g26519,ver20,Joao Aldino Oliveira Côco,Joao Aldino da Silva Oliveira,13754,PT,Suplente,51,1,86,142,0,Panambi,210000675442
c0863,g41692,ver20,Tiago Mesadri,Tiago Machado Mesadri,13617,PT,Suplente,8,1,135,142,0,Panambi,210000675443
c0864,g26249,ver20,Valdemar Zimmermann,Valdemar Zimmermann,13456,PT,Suplente,67,1,75,142,0,Panambi,210000675444
c0865,g47919,ver20,Daniel Farias,Daniel dos Santos Farias,13580,PT,Suplente,56,1,81,142,0,Panambi,210000675445
c0866,g20978,ver20,Chico Leandro Berghahn,Leandro Rodrigues Berghahn,13300,PT,Suplente,320,1,22,142,0,Panambi,210000675446
c0867,g9103,ver20,Paulo Roberto dos Vídeos,Paulo Roberto de Oliveira,13613,PT,Suplente,242,1,33,142,0,Panambi,210000675447
c0868,g17901,ver20,Mery Dhein,Rosemeri Anna Dhein,13111,PT,Suplente,63,1,77,142,0,Panambi,210000675448
c0869,g34061,ver20,Ronaldo Santos,Ronaldo de Bairros Santos,13270,PT,Suplente,15,1,125,142,0,Panambi,210000675449
c0870,g19297,ver20,Tania Petry Pletsch,Tania de Fatima dos Santos Petry Pletsch,13310,PT,Suplente,91,1,65,142,0,Panambi,210000675450
c0871,g4617,ver20,Alex Borchardt,Alex Jose Borchardt,13789,PT,Suplente,83,1,69,142,0,Panambi,210000675451
c0872,g16122,ver20,Luciana Herder Alemoa,Luciana Martins Herder,13667,PT,Suplente,27,1,112,142,0,Panambi,210000675452
c0873,g28158,ver20,Professora Claudia Schollmeier,Claudia Araujo dos Santos Schollmeier,13013,PT,Suplente,56,1,81,142,0,Panambi,210000675453
c0874,g29844,ver20,Professor Carlos,Carlos Eugênio Rossa,13007,PT,Não eleito,179,1,34,56,0,Frederico Westphalen,210000675528
c0875,g12653,ver20,Pitol,Antonio Pitol,13013,PT,Não eleito,42,1,48,56,0,Frederico Westphalen,210000675529
c0876,g6192,ver20,Kelly Segatto,Kelly Aparecida Segatto da Silva,13123,PT,Não eleito,90,1,44,56,0,Frederico Westphalen,210000675530
c0877,g49928,ver20,Joao Gilberto,Joao Gilberto da Silveira,11234,PP,Suplente,77,1,25,47,0,Entre-Ijuís,210000677583
c0878,g11429,ver20,André Fracari,André Luiz Fracari,13333,PT,Suplente,198,1,158,340,0,Santa Maria,210000677813
c0879,g359,ver20,Angelita Amaral,Angelita do Amaral Bezerra,13007,PT,Suplente,42,1,298,340,0,Santa Maria,210000677814
c0880,g48288,ver20,Helen Cabral,Helen Martins Cabral,13730,PT,Suplente,1511,1,14,340,0,Santa Maria,210000677815
c0881,g4387,ver20,Claudio Bianchin,João Claudio Bianchin de Lima Sobrinho,13111,PT,Suplente,84,1,243,340,0,Santa Maria,210000677816
c0882,g1727,ver20,Carteiro André,José André Brites Barcelos,13143,PT,Suplente,98,1,224,340,0,Santa Maria,210000677817
c0883,g33587,ver20,Juliano Cardoso,Juliano Marafiga Cardoso,13013,PT,Suplente,356,1,111,340,0,Santa Maria,210000677818
c0884,g39490,ver20,Luciano Ribas,Luciano do Monte Ribas,13605,PT,Suplente,463,1,84,340,0,Santa Maria,210000677819
c0885,g22867,ver20,Rogério Bolson,Rogério José Bolson,13010,PT,Suplente,431,1,97,340,0,Santa Maria,210000677820
c0886,g35826,ver20,Enfermeira Salete,Salete Catarina Scaramussa,13456,PT,Suplente,869,1,36,340,0,Santa Maria,210000677821
c0887,g43910,ver20,Sérgio Oliveira,Sérgio Oliveira da Costa,13678,PT,Suplente,172,1,175,340,0,Santa Maria,210000677822
c0888,g50968,ver20,Marina Callegaro,Marina Maria de Avila Calegaro,13015,PT,Eleito,1602,1,13,340,0,Santa Maria,210000677823
c0889,g2596,ver20,Paulo Volmar,Paulo Volmar Rodrigues,13614,PT,Suplente,287,1,133,340,0,Santa Maria,210000677824
c0890,g10008,ver20,Simone Flores Ilha,Simone Flores Fontana,13777,PT,Suplente,204,1,153,340,0,Santa Maria,210000677825
c0891,g5110,ver20,Claudia Machado,Claudia Medianeira Rodrigues Machado,13100,PT,Suplente,512,1,77,340,0,Santa Maria,210000677826
c0892,g8830,ver20,Luciano Becher,Edison Luciano Becher Costa,13999,PT,Suplente,98,1,224,340,0,Santa Maria,210000677827
c0893,g51104,ver20,Zezinho,José Reunildo Lescano Nunes,13224,PT,Suplente,197,1,160,340,0,Santa Maria,210000677828
c0894,g5565,ver20,Estatua Viva,Marcio da Silva,13607,PT,Suplente,81,1,248,340,0,Santa Maria,210000677829
c0895,g31166,ver20,Myrna Floresta,Myrna Lena Floresta,13637,PT,Suplente,181,1,172,340,0,Santa Maria,210000677830
c0896,g3808,ver20,Ricardo Blattes,Ricardo Lovatto Blattes,13000,PT,Eleito,1658,1,11,340,0,Santa Maria,210000677831
c0897,g33923,ver20,Valdir Oliveira,Valdir Oliveira de Oliveira,13713,PT,Eleito,1814,1,8,340,0,Santa Maria,210000677832
c0898,g32634,ver20,Marco Escobar Professor Barata,Marco Eleno Escobar Flores,13123,PT,Suplente,443,1,93,340,0,Santa Maria,210000677833
c0899,g45650,ver20,João Adalberto,João Adalberto dos Santos,13369,PT,Suplente,156,1,183,340,0,Santa Maria,210000677834
c0900,g29980,ver20,Psicólogo Alex,Alex Barcelos Monaiar,13420,PT,Suplente,754,1,49,340,0,Santa Maria,210000677835
c0901,g43221,ver20,Professora Celita,Celita da Silva,13789,PT,Suplente,1059,1,26,340,0,Santa Maria,210000677836
c0902,g51047,ver20,Daniel Diniz,Daniel Rangel Diniz,13630,PT,Suplente,1101,1,25,340,0,Santa Maria,210000677837
c0903,g49892,ver20,Engenheiro Ederson,Ederson Jaguarassu Lopes Aquistapasse,13001,PT,Suplente,49,1,285,340,0,Santa Maria,210000677838
c0904,g17544,ver20,Ezequiel Bassam,Ezequiel dos Santos Bassam,13618,PT,Suplente,53,1,280,340,0,Santa Maria,210000677839
c0905,g4154,ver20,Professora Nivia,Nivia Terezinha Paim Mariano,13177,PT,Suplente,258,1,138,340,0,Santa Maria,210000677840
c0906,g2408,ver20,Paulo Candido,Paulo Ricardo Candido,13227,PT,Suplente,190,1,164,340,0,Santa Maria,210000677841
c0907,g9867,ver20,Nando Ribeiro,Angelo Fernando da Silva Ribeiro,23133,CIDADANIA,Suplente,919,1,15,401,0,Rio Grande,210000678569
c0908,g26455,ver20,Fabio Machado,Fabio Medeiros Machado,23555,CIDADANIA,Suplente,406,1,74,401,0,Rio Grande,210000678588
c0909,g20238,ver20,Tiago Rasche,Tiago Henrique Rasche,13000,PT,Não eleito,78,1,17,31,0,Brochier,210000678887
c0910,g41240,ver20,Anesio Scherer,Anesio Silvio Scherer,13133,PT,Não eleito,150,1,10,31,0,Brochier,210000678888
c0911,g42021,ver20,Silvia Massing,Silvia Schoenell Massing,13131,PT,Não eleito,5,1,30,31,0,Brochier,210000678889
c0912,g49251,ver20,Baruio,Ademir Gilmar Valk,12345,PDT,Suplente,188,1,8,32,0,Miraguaí,210000679466
c0913,g7442,ver20,Raquel,Raquel Pinheiro,13000,PT,Eleito,240,1,1,20,0,Sagrada Família,210000680287
c0914,g7129,ver20,Tilo,Joventil dos Santos Brizolla,13456,PT,Suplente,16,1,17,20,0,Sagrada Família,210000680288
c0915,g42254,ver20,Tio Pedro,Pedro Fiuza Tasso,13613,PT,Eleito,120,1,9,20,0,Sagrada Família,210000680289
c0916,g19634,ver20,Maurinho,Mauro Fernando Brizola,13313,PT,Eleito,160,1,3,20,0,Sagrada Família,210000680290
c0917,g24620,ver20,Cride,Euclides José Pereira Ardenghi,13513,PT,Suplente,101,1,10,20,0,Sagrada Família,210000680291
c0918,g50016,ver20,Josiane Pica,Josiane Brizolla,13013,PT,Suplente,4,1,20,20,0,Sagrada Família,210000680292
c0919,g32034,ver20,Miltinho,Milton Moura de Souza,12345,PDT,Suplente,108,1,14,40,0,Campo Novo,210000680497
c0920,g23141,ver20,Marisa,Marisa Ines Neumann,13699,PT,Não eleito,57,1,21,40,0,Tiradentes do Sul,210000680553
c0921,g4089,ver20,Pedrolinho do Pt,Jose Odair Diniz Pedrolo,13113,PT,Não eleito,31,1,28,40,0,Tiradentes do Sul,210000680554
c0922,g20911,ver20,Profe Lurdes,Lourdes Hickmann,13456,PT,Não eleito,147,1,11,40,0,Tiradentes do Sul,210000680555
c0923,g18513,ver20,Janir Sattler,Janir Paulo Sattler,13333,PT,Não eleito,23,1,31,40,0,Tiradentes do Sul,210000680556
c0924,g42930,ver20,Cristopher Santos da Silva,Cristopher Santos da Silva,13013,PT,Suplente,87,1,28,46,0,Arroio Grande,210000680601
c0925,g50197,ver20,Edegar Douglas,Edegar Douglas,13655,PT,Suplente,65,1,32,46,0,Arroio Grande,210000680602
c0926,g1067,ver20,Eliane Borges Maciel,Eliane Borges Maciel,13333,PT,Suplente,47,1,38,46,0,Arroio Grande,210000680603
c0927,g39888,ver20,Ida Guadalupe,Ida de Fatima Gonçalves Guadalupe,13190,PT,Suplente,36,1,40,46,0,Arroio Grande,210000680604
c0928,g44279,ver20,João Cézar Larrosa,João Cézar Brandt Larrosa,13000,PT,Eleito,679,1,2,46,0,Arroio Grande,210000680605
c0929,g43888,ver20,João Lázaro Rodrigues Alves,João Lázaro Rodrigues Alves,13330,PT,Suplente,32,1,43,46,0,Arroio Grande,210000680606
c0930,g36939,ver20,Joice Furtado,Joice Madalena Teixeira Furtado,13600,PT,Suplente,34,1,41,46,0,Arroio Grande,210000680607
c0931,g47361,ver20,Elioir Serpa Rondan,Elioir Serpa Rondan,13123,PT,Suplente,61,1,34,46,0,Arroio Grande,210000680608
c0932,g28325,ver20,Paulo Mailan dos Santos Júnior,Paulo Mailan dos Santos Júnior,13500,PT,Suplente,5,1,46,46,0,Arroio Grande,210000680609
c0933,g19327,ver20,Professora Itatiara Quevedo,Itatiara da Silva Quevedo,11888,PP,Suplente,43,1,25,51,0,Herval,210000680654
c0934,g5668,ver20,Walter André,Walter André Carvalho da Rocha,12001,PDT,Suplente,96,1,9,57,0,Arambaré,210000682229
c0935,g38058,ver20,Diépe,Eder Bariviera,13613,PT,Eleito,304,1,2,30,0,Rodeio Bonito,210000682559
c0936,g36918,ver20,Gringa,Maria Jocelia Giordani,13655,PT,Suplente,65,1,20,30,0,Rodeio Bonito,210000682560
c0937,g40625,ver20,Angela Taschetto,Angela Maria Taschetto,13013,PT,Eleito,275,1,5,30,0,Rodeio Bonito,210000682561
c0938,g31647,ver20,Leandro Paludo,Leandro Paludo,13000,PT,Suplente,230,1,8,30,0,Rodeio Bonito,210000682562
c0939,g6876,ver20,Silvio,Silvio Luiz Schmidt Conte,13333,PT,Eleito,245,1,6,39,0,Boqueirão do Leão,210000682936
c0940,g1905,ver20,Ricardo,Luis Ricardo Barbon,13650,PT,Suplente,30,1,27,39,0,Boqueirão do Leão,210000682937
c0941,g36734,ver20,Silvia,Silvia Eni Goergen,13789,PT,Suplente,110,1,17,39,0,Boqueirão do Leão,210000682938
c0942,g2674,ver20,Carlinhos Elias,João Carlos Elias,15012,MDB,Suplente,262,1,19,79,0,Eldorado do Sul,210000684092
c0943,g41642,ver20,José Luiz Comin,José Luiz Comin,13413,PT,Eleito,160,1,3,25,0,Nova Roma do Sul,210000684515
c0944,g12292,ver20,Loris Sosnoski,Loris Sosnoski,13113,PT,Suplente,77,1,16,25,0,Nova Roma do Sul,210000684516
c0945,g30891,ver20,José Alcidios Battistin,José Alcidios Battistin,13613,PT,Suplente,37,1,24,25,0,Nova Roma do Sul,210000684517
c0946,g10887,ver20,Cleide Balerini de Bastiani,Cleide Balerini de Bastiani,13045,PT,Suplente,68,1,18,25,0,Nova Roma do Sul,210000684518
c0947,g27408,ver20,Juliano Magnaguagno,Juliano Magnaguagno,13513,PT,Suplente,51,1,22,25,0,Nova Roma do Sul,210000684519
c0948,g23231,ver20,Janete Pires Appio,Janete Pires Appio,13013,PT,Suplente,60,1,20,25,0,Nova Roma do Sul,210000684520
c0949,g16398,ver20,Luciano Ordai,Luciano Adronico da Silva,12420,PDT,Suplente,113,1,95,137,0,Uruguaiana,210000684584
c0950,g42545,ver20,Maiquel Butzke,Maiquel Andriel Seckler Butzke,13333,PT,Eleito,172,1,7,42,0,Novo Cabrais,210000684971
c0951,g45714,ver20,Andre Rodrigues,Andre Luis Rodrigues,13123,PT,Suplente,97,1,14,42,0,Novo Cabrais,210000684972
c0952,g31545,ver20,Zauro de Arreal,Zauro Elias de Arreal,13613,PT,Eleito,157,1,9,42,0,Novo Cabrais,210000684973
c0953,g654,ver20,Angela Dumke,Angela Gelsdorf Dumke,13456,PT,Eleito,185,1,3,42,0,Novo Cabrais,210000684974
c0954,g32826,ver20,Edison Massirer Ribeiro,Edison Massirer Ribeiro,13113,PT,Suplente,25,1,31,42,0,Novo Cabrais,210000684975
c0955,g28936,ver20,Leomar de Lacerda,Leomar de Lacerda,13777,PT,Suplente,92,1,15,42,0,Novo Cabrais,210000684976
c0956,g51298,ver20,Claudete de Fátima Alves,Claudete de Fátima Alves,13222,PT,Suplente,10,1,37,42,0,Novo Cabrais,210000684977
c0957,g18672,ver20,Lauro de Arreal,Lauro de Arreal,13666,PT,Suplente,104,1,12,42,0,Novo Cabrais,210000684978
c0958,g28860,ver20,Marcos Jordanio dos Santos,Marcos Jordanio dos Santos,13020,PT,Suplente,36,1,25,42,0,Novo Cabrais,210000684979
c0959,g40327,ver20,Mariliz Machado,Mariliz Machado,13555,PT,Suplente,32,1,28,42,0,Novo Cabrais,210000684980
c0960,g30190,ver20,Jânio Macedo,Jânio Simonal Macedo,13713,PT,Suplente,277,1,50,230,0,Cachoeira do Sul,210000685031
c0961,g17151,ver20,Jorge Baldez,Jorge Alberto Neves Baldez,13125,PT,Suplente,84,1,133,230,0,Cachoeira do Sul,210000685032
c0962,g37557,ver20,Paulo Trajano,Paulo Roberto Brasil da Rosa,13348,PT,Suplente,46,1,172,230,0,Cachoeira do Sul,210000685033
c0963,g40671,ver20,Ryan Rosa,Ryan dos Santos Rosa,13007,PT,Suplente,339,1,39,230,0,Cachoeira do Sul,210000685034
c0964,g20939,ver20,Nei Sena,Nei Alves de Sena,13613,PT,Suplente,146,1,92,230,0,Cachoeira do Sul,210000685035
c0965,g5907,ver20,Telda Assis,Telda da Silva Assis,13000,PT,Eleito,461,1,22,230,0,Cachoeira do Sul,210000685036
c0966,g15868,ver20,Cristina Mór,Cristina da Gama Mór,13013,PT,Suplente,193,1,68,230,0,Cachoeira do Sul,210000685037
c0967,g16101,ver20,Glauber Santos,Glauber Santos Silva,13500,PT,Suplente,395,1,29,230,0,Cachoeira do Sul,210000685038
c0968,g6868,ver20,Lucas Lopes,Lucas Aldi da Silva Lopes,13123,PT,Suplente,67,1,147,230,0,Cachoeira do Sul,210000685039
c0969,g49741,ver20,Michele dos Santos,Michele dos Santos,13777,PT,Suplente,439,1,23,230,0,Cachoeira do Sul,210000685040
c0970,g20875,ver20,Ivone do Nego Urnau,Ivone Grutzmann,13567,PT,Suplente,73,1,10,13,0,Porto Vera Cruz,210000685052
c0971,g46846,ver20,Jederson Seimetz,Jederson Michel Seimetz,13789,PT,Eleito,99,1,9,13,0,Porto Vera Cruz,210000685053
c0972,g35813,ver20,Valdecir Gall,Valdecir José Comoretto Gall,13613,PT,Eleito,105,1,8,13,0,Porto Vera Cruz,210000685054
c0973,g7157,ver20,Ari Dresch,Ari Armin Dresch,13613,PT,Suplente,382,1,36,174,0,Santa Rosa,210000685357
c0974,g4505,ver20,Mônica Rohr,Mônica Letícia Rohr,13601,PT,Suplente,556,1,21,174,0,Santa Rosa,210000685358
c0975,g29504,ver20,Márcia Carvalho,Márcia Weschenfelder Carvalho,13555,PT,Eleito,667,1,14,174,0,Santa Rosa,210000685359
c0976,g25813,ver20,Regis Bonmann,Regis Roberto Machado Bonmann,13192,PT,Eleito,685,1,12,174,0,Santa Rosa,210000685360
c0977,g17530,ver20,Della Giustina,Janice Della Giustina Werner,13447,PT,Suplente,41,1,128,174,0,Santa Rosa,210000685361
c0978,g37059,ver20,Gilmar Klug,Gilmar Klug,13131,PT,Suplente,54,1,115,174,0,Santa Rosa,210000685362
c0979,g11860,ver20,Noli Antunes,Noli Correa Antunes,13536,PT,Suplente,174,1,69,174,0,Santa Rosa,210000685363
c0980,g9813,ver20,Professor Dado Silva,Delmar Osório Dado Soares da Silva,13456,PT,Eleito,605,1,17,174,0,Santa Rosa,210000685364
c0981,g1990,ver20,Professor Rogerio,Rogério dos Santos da Silva,13777,PT,Suplente,247,1,53,174,0,Santa Rosa,210000685365
c0982,g47890,ver20,Valdene da Silva,Valdenir da Silva,13000,PT,Suplente,391,1,34,174,0,Santa Rosa,210000685366
c0983,g3443,ver20,Mara Alves,Mara Guacira Alves,13113,PT,Suplente,250,1,51,174,0,Santa Rosa,210000685367
c0984,g6600,ver20,Simone Spindler,Simone Margarete Roehrs Spindler,13457,PT,Suplente,154,1,76,174,0,Santa Rosa,210000685368
c0985,g35677,ver20,Amanda Avellaneda,Amanda Vitória Barboza Avellaneda,13013,PT,Suplente,69,1,106,174,0,Santa Rosa,210000685369
c0986,g10165,ver20,Rafael do Sindicato,Rafael de Oliveira,13333,PT,Suplente,525,1,23,174,0,Santa Rosa,210000685370
c0987,g9408,ver20,Sônia Bairros,Sônia Barros de Bairros de Melo,13666,PT,Suplente,56,1,113,174,0,Santa Rosa,210000685371
c0988,g18495,ver20,Professor Airton,Airton Rodrigues da Silva,13789,PT,Suplente,345,1,40,174,0,Santa Rosa,210000685373
c0989,g18906,ver20,Luis Carlos Martins,Luis Carlos Martins,13130,PT,Suplente,551,1,22,174,0,Santa Rosa,210000685374
c0990,g19418,ver20,Padilha,João Carlos Luiz da Silveira,13123,PT,Suplente,221,1,59,174,0,Santa Rosa,210000685375
c0991,g27912,ver20,Marcio Soares,Marcio Rosa Soares,13456,PT,Eleito,89,1,5,26,0,São Pedro das Missões,210000685421
c0992,g6006,ver20,Ivone Moraes,Ivone da Silva Moraes,13513,PT,Suplente,17,1,20,26,0,São Pedro das Missões,210000685422
c0993,g33478,ver20,Adriana Petry,Adriana Petry Binello,13123,PT,Suplente,39,1,16,26,0,São Pedro das Missões,210000685423
c0994,g3208,ver20,Flavio Garcez Chiquinho,Flavio Ademir Garcez da Silva,13555,PT,Eleito,103,1,2,26,0,São Pedro das Missões,210000685425
c0995,g23273,ver20,Carlão,Carlos Pereira Carvalho,40333,PSB,Suplente,40,1,18,24,0,São José dos Ausentes,210000685780
c0996,g40580,ver20,Lolo,Angelo Antonio Viola Neto,40413,PSB,Eleito,92,1,13,24,0,São José dos Ausentes,210000685785
c0997,g44474,ver20,Fátima,Terezinha de Fátima Lopes,13123,PT,Suplente,16,1,24,24,0,Porto Lucena,210000685854
c0998,g50345,ver20,Maidana,Juares Adelmir Maidana,13456,PT,Eleito,132,1,10,24,0,Porto Lucena,210000685855
c0999,g25430,ver20,Miúdo,Ademir de Almeida Cerri,13222,PT,Suplente,128,1,11,24,0,Porto Lucena,210000685856
c1000,g26374,ver20,Professora Marciane,Marciane Schwarz,40100,PSB,Suplente,82,1,48,95,0,Três Coroas,210000686245
c1001,g35772,ver20,Adilson Machado Barros,Adilson Antonio Machado de Barros,13456,PT,Não eleito,66,1,22,35,0,Independência,210000686259
c1002,g22814,ver20,Elias Severo,Elias Severo Bairos,13013,PT,Não eleito,74,1,21,35,0,Independência,210000686260
c1003,g26588,ver20,Lidia Dall Agnese,Lidia Regina Gresele Dall Agnese,13015,PT,Não eleito,36,1,27,35,0,Independência,210000686261
c1004,g50323,ver20,Sandra Cachoeira,Sandra Cachoeira,13800,PT,Não eleito,11,1,90,95,0,Três Coroas,210000686335
c1005,g50369,ver20,Ademar,Ademar Beilke,13313,PT,Não eleito,68,1,54,95,0,Três Coroas,210000686336
c1006,g35113,ver20,Marcio Freitas,Marcio Andre Freitas,13813,PT,Não eleito,21,1,81,95,0,Três Coroas,210000686337
c1007,g3837,ver20,Andre,Andre Schuck,13123,PT,Não eleito,32,1,76,95,0,Três Coroas,210000686338
c1008,g46150,ver20,Pedrinho,Pedro Senir Farencena,13680,PT,Não eleito,232,1,17,95,0,Três Coroas,210000686339
c1009,g5188,ver20,Neila Cardoso,Neila Regina dos Santos Cardoso,13167,PT,Não eleito,15,1,86,95,0,Três Coroas,210000686340
c1010,g532,ver20,Fernando Mecanico,Fernando Adelar Wathier,13113,PT,Não eleito,123,1,36,95,0,Três Coroas,210000686341
c1011,g46581,ver20,Solange Rech,Fatima Solange Damin,13300,PT,Não eleito,10,1,91,95,0,Três Coroas,210000686342
c1012,g39096,ver20,Joao do Sindicato,Joao Carlos Guimaraes,13100,PT,Não eleito,62,1,58,95,0,Três Coroas,210000686343
c1013,g10290,ver20,Jacir Rodrigues,Jacir Leandro Rodrigues da Silva,15175,MDB,Suplente,34,1,26,51,0,Itaara,210000686677
c1014,g33352,ver20,Maninho,Everaldo Pires Valério,13000,PT,Não eleito,72,1,28,64,0,Pinheiro Machado,210000686960
c1015,g28647,ver20,Taikiro,Taikiro Pereira da Cunha,13888,PT,Não eleito,352,1,3,64,0,Pinheiro Machado,210000686961
c1016,g43727,ver20,Luiz Bigode,Luiz Antonio Silva Almeida,13777,PT,Não eleito,26,1,47,64,0,Pinheiro Machado,210000686962
c1017,g10011,ver20,Leandro Oliveira,Leandro Oliveira Ornelas,13500,PT,Não eleito,130,1,19,64,0,Pinheiro Machado,210000686963
c1018,g26367,ver20,Taiara Bandeira,Taiara Bandeira Pinheiro,13969,PT,Não eleito,3,1,64,64,0,Pinheiro Machado,210000686964
c1019,g37895,ver20,Renata Cunha,Renata Cunha da Cunha,13555,PT,Não eleito,12,1,61,64,0,Pinheiro Machado,210000686965
c1020,g24109,ver20,Marilu Soares Lú,Marilu Moreira Soares,13013,PT,Não eleito,13,1,57,64,0,Pinheiro Machado,210000686966
c1021,g13135,ver20,Angelo Xuxa,Angelo Almeida Carniel,13456,PT,Não eleito,71,1,32,89,0,Balneário Pinhal,210000687833
c1022,g37284,ver20,Jalva Maria,Jalva Maria Quadros de Quadros,13570,PT,Não eleito,2,1,87,89,0,Balneário Pinhal,210000687834
c1023,g23051,ver20,Silvio Padeiro,Silvio Luis Gonçalves dos Santos,13555,PT,Não eleito,6,1,80,89,0,Balneário Pinhal,210000687836
c1024,g31115,ver20,Janete,Janete Ramalho Rodrigues,13777,PT,Não eleito,104,1,22,89,0,Balneário Pinhal,210000687837
c1025,g4228,ver20,Salatiel da Fruteira,Salatiel Cananeia de Moura,13180,PT,Não eleito,9,1,76,89,0,Balneário Pinhal,210000687838
c1026,g14992,ver20,Clodoaldo Baxinho,Clodoaldo Valim Boeira,13622,PT,Suplente,155,1,6,24,0,São José dos Ausentes,210000688959
c1027,g32044,ver20,Silvana,Silvana Aparecida da Silva Almeida,13113,PT,Suplente,16,1,23,24,0,São José dos Ausentes,210000688960
c1028,g10546,ver20,Magrão do Pt,Vanderlei dos Santos Macedo,13123,PT,Não eleito,27,1,27,41,0,Jaquirana,210000689071
c1029,g4215,ver20,Tania Jocelia,Tania Jocelia de Oliveira Soares Wahlbrinch,13333,PT,Não eleito,16,1,19,22,0,Jaboticaba,210000705676
c1030,g43987,ver20,Gilvan Vargas,Gilvan Vargas da Rosa,13313,PT,Não eleito,122,1,11,22,0,Jaboticaba,210000705677
c1031,g14062,ver20,Chiquinho,Oldair Bueno Cancian,13613,PT,Não eleito,85,1,14,22,0,Jaboticaba,210000705678
c1032,g24292,ver20,Andrea F D Menegotto,Andrea Figueiredo Duarte,13133,PT,Suplente,14,1,86,117,0,Barra do Ribeiro,210000707399
c1033,g44658,ver20,Negrinho,Luis Francisco Carvalho Vieira,13153,PT,Suplente,61,1,35,117,0,Barra do Ribeiro,210000707400
c1034,g25948,ver20,Luciana Jacobs Tia Lu,Luciana Gomes Jacobs,13033,PT,Suplente,19,1,75,117,0,Barra do Ribeiro,210000707401
c1035,g44409,ver20,Luciano Silva,Luciano de Souza Silva,13001,PT,Suplente,79,1,27,117,0,Barra do Ribeiro,210000707402
c1036,g4311,ver20,Luiz Arlei Deizinho,Luiz Arlei da Silva Pereira,13500,PT,Suplente,61,1,35,117,0,Barra do Ribeiro,210000707403
c1037,g17660,ver20,Gelson Fraga,Gelson Batista Carvalho de Fraga,13003,PT,Suplente,22,1,69,117,0,Barra do Ribeiro,210000707404
c1038,g25456,ver20,Leandrinho,Jorge Leandro Caldas,13000,PT,Eleito,136,1,14,117,0,Barra do Ribeiro,210000707405
c1039,g6907,ver20,Marcos Ovalhe,Marcos Leandro de Oliveira Ovalhe,13333,PT,Suplente,49,1,41,117,0,Barra do Ribeiro,210000707406
c1040,g20968,ver20,Maria Noeci,Maria Noeci Almeida da Silva,13020,PT,Suplente,3,1,113,117,0,Barra do Ribeiro,210000707407
c1041,g11837,ver20,Inez de Oliveira,Maria Inez de Oliveira Lourenzi,13029,PT,Suplente,17,1,80,117,0,Barra do Ribeiro,210000707408
c1042,g44716,ver20,Eduardo Golambieski,Eduardo Schulz Golambieski,13013,PT,Suplente,38,1,49,117,0,Barra do Ribeiro,210000707409
c1043,g15067,ver20,Glauber Negao,Glauber Eduardo Glowascki Fagundes,13113,PT,Suplente,73,1,29,117,0,Barra do Ribeiro,210000707410
c1044,g28145,ver20,Carmem Lucia,Carmem Lucia de Freitas Guimaraes,13155,PT,Suplente,3,1,113,117,0,Barra do Ribeiro,210000707411
c1045,g40718,ver20,Virgilio,Virgilio Manoel Aurelio,13456,PT,Suplente,24,1,67,117,0,Barra do Ribeiro,210000707412
c1046,g24282,ver20,Mari,Maresilde Teresinha Baggio Confferi,13456,PT,Não eleito,8,1,31,36,0,Dois Lajeados,210000708280
c1047,g27452,ver20,Jeri,Jeri Adriana Cenci,13133,PT,Não eleito,42,1,18,36,0,Dois Lajeados,210000708281
c1048,g5879,ver20,Vanilo,Vanilo Giacomin,13130,PT,Não eleito,59,1,14,36,0,Dois Lajeados,210000708282
c1049,g10597,ver20,Marcio,Marcio João Cover,13650,PT,Não eleito,70,1,13,36,0,Dois Lajeados,210000708283
c1050,g30020,ver20,Marcelo,Marcelo Frighetto,13728,PT,Não eleito,7,1,33,36,0,Dois Lajeados,210000708284
c1051,g27186,ver20,Juciane Inacio,Juciane Inacio,13111,PT,Suplente,37,1,39,51,0,Tenente Portela,210000720787
c1052,g42071,ver20,Maristela Brizola,Maristela Dias Brizola,13112,PT,Suplente,18,1,46,51,0,Tenente Portela,210000720788
c1053,g44671,ver20,Scherer,Claudenir Scherer,13456,PT,Suplente,154,1,22,51,0,Tenente Portela,210000720789
c1054,g2048,ver20,Claudinho Pereira,Claudio André da Silva,13713,PT,Suplente,189,1,20,51,0,Tenente Portela,210000720790
c1055,g3178,ver20,Sinato,Sinato Kenker Ribeiro,13123,PT,Suplente,110,1,25,51,0,Tenente Portela,210000720791
c1056,g45580,ver20,Dudu Ferrari,Eduardo Jose Barella Ferrari,13113,PT,Eleito,236,1,15,51,0,Tenente Portela,210000720792
c1057,g34905,ver20,Adma Soliman,Adma Gama Soliman,13001,PT,Não eleito,259,1,69,230,0,Bento Gonçalves,210000720796
c1058,g27044,ver20,Beatriz Lima,Beatriz de Lima Teixeira,13333,PT,Não eleito,582,1,28,230,0,Bento Gonçalves,210000720797
c1059,g28196,ver20,Ivete Menegotto,Ivete Maria Menegotto,13000,PT,Não eleito,90,1,131,230,0,Bento Gonçalves,210000720798
c1060,g44157,ver20,Vitor Marsango,Vitor Augusto Marsango Teixeira,13313,PT,Não eleito,312,1,55,230,0,Bento Gonçalves,210000720799
c1061,g45508,ver20,Dirceu Dall Agnol,Dirceu Dall Agnol,13137,PT,Não eleito,60,1,157,230,0,Bento Gonçalves,210000720801
c1062,g45175,ver20,Alexandra Schander,Alexandra Machado Schander,13229,PT,Suplente,127,1,186,421,0,Viamão,210000720837
c1063,g11749,ver20,Osmar Perito,Osmar Moisés de Moura,13655,PT,Suplente,345,1,85,421,0,Viamão,210000720838
c1064,g20566,ver20,Luiz Adriano,Luiz Adriano Mesquita Soares,13059,PT,Suplente,27,1,354,421,0,Viamão,210000720839
c1065,g44435,ver20,Serginho,Sérgio Antonio Kumpfer,13100,PT,Suplente,506,1,57,421,0,Viamão,210000720840
c1066,g44990,ver20,Professora Sibeli,Sibeli da Silva Siegle,13022,PT,Suplente,73,1,255,421,0,Viamão,210000720841
c1067,g38295,ver20,Fatima Maria,Fatima Beatriz da Silva Maria,13123,PT,Eleito,1045,1,9,421,0,Viamão,210000720842
c1068,g32469,ver20,Júnior Gervasoni Madruga,Gerson do Nascimento Junior,13070,PT,Suplente,136,1,177,421,0,Viamão,210000720843
c1069,g46981,ver20,Cândido  de Castro,Cândido Joaquim de Castro,13700,PT,Suplente,118,1,194,421,0,Viamão,210000720844
c1070,g46622,ver20,Chaleira,Gladimir Costa da Silva,13227,PT,Suplente,269,1,105,421,0,Viamão,210000720846
c1071,g21805,ver20,Itamar Santos,Itamar Silva dos Santos,13044,PT,Suplente,104,1,209,421,0,Viamão,210000720847
c1072,g41186,ver20,Rosane Pires,Rosane da Silva Pires,13999,PT,Suplente,108,1,204,421,0,Viamão,210000720848
c1073,g27571,ver20,Karla Renée,Karla Renée Machado,13019,PT,Suplente,854,1,23,421,0,Viamão,210000720849
c1074,g45352,ver20,Denis Remi,Denis Remi Cardoso Silveira,13600,PT,Suplente,96,1,221,421,0,Viamão,210000720850
c1075,g24852,ver20,Rodrigo Choco,Rodrigo de Quadros da Costa,13777,PT,Suplente,409,1,72,421,0,Viamão,210000720851
c1076,g35521,ver20,Paulo Ferreira,Paulo Fernando Pinto Ferreira,13000,PT,Suplente,237,1,120,421,0,Viamão,210000720852
c1077,g35245,ver20,Alex Boscaini,Alex Sander Alves Boscaini,13040,PT,Eleito,1616,1,3,421,0,Viamão,210000720853
c1078,g36989,ver20,Estela Vilanova,Estela Mari Kurschner Vilanova,13400,PT,Suplente,1042,1,10,421,0,Viamão,210000720854
c1079,g44283,ver20,Airton Machado,Airton da Rosa Machado,13999,PT,Não eleito,124,1,15,39,0,Formigueiro,210000721222
c1080,g46765,ver20,Gilberto Magrão,Gilberto Zanini Costa,13331,PT,Não eleito,17,1,33,39,0,Formigueiro,210000721223
c1081,g35793,ver20,Rogerio Machado,Rogerio da Silva Machado,13033,PT,Não eleito,20,1,32,39,0,Formigueiro,210000721224
c1082,g5516,ver20,Jania Enfermeira,Jania Maria Wegner Lorenzoni,13124,PT,Não eleito,17,1,33,39,0,Formigueiro,210000721225
c1083,g26733,ver20,Medianeira Vargas,Maria Medianeira Ferreira de Vargas,13300,PT,Não eleito,38,1,27,39,0,Formigueiro,210000721226
c1084,g1974,ver20,Tita,Roseli Couto da Silva Dornelles,13222,PT,Não eleito,47,1,25,39,0,Formigueiro,210000721227
c1085,g19131,ver20,Celso Cardoso,Celso Dias Cardoso Flores,13111,PT,Não eleito,40,1,26,39,0,Formigueiro,210000721228
c1086,g28085,ver20,Adriano da Bicicleta,Adriano Tavares Oliveira,11678,PP,Suplente,11,1,36,39,0,Chuvisca,210000721284
c1087,g3615,ver20,Milton Kurtz,Milton Kurtz,13123,PT,Suplente,119,1,10,27,0,Braga,210000722339
c1088,g15406,ver20,Andy,Andrieli Mariana da Rocha,13133,PT,Suplente,7,1,27,27,0,Braga,210000722340
c1089,g45090,ver20,Pipa,Marcio Cristiano Souza Santos,13000,PT,Suplente,105,1,13,27,0,Braga,210000722341
c1090,g10369,ver20,Orlando,Orlando Ricardo Tavares,13333,PT,Eleito,144,1,6,27,0,Braga,210000722342
c1091,g27286,ver20,Ceni da Saúde,Ceni Souza Dalpra,13456,PT,Eleito,158,1,5,27,0,Braga,210000722343
c1092,g15475,ver20,José Ferraz,José Milton da Cruz Ferraz,13131,PT,Suplente,15,1,22,27,0,Braga,210000722344
c1093,g12861,ver20,Edson Penadez,Edson Ferreira Penadez,12612,PDT,Suplente,83,1,162,329,0,Cachoeirinha,210000723770
c1094,g22591,ver20,Andreza Vieira,Andreza Alves Vieira,13013,PT,Não eleito,49,1,105,161,0,Parobé,210000724179
c1095,g4700,ver20,Adilson Martins,Adilson Martins,13413,PT,Não eleito,77,1,87,161,0,Parobé,210000724180
c1096,g16316,ver20,Clair Oliveira,Clair Antonio de Oliveira,13555,PT,Não eleito,67,1,93,161,0,Parobé,210000724181
c1097,g50984,ver20,Marco Pereira,Marco Pereira de Siqueira,13660,PT,Não eleito,10,1,149,161,0,Parobé,210000724182
c1098,g7349,ver20,Dina do Restaurante,Leopoldina Brisola de Lima,13500,PT,Não eleito,61,1,97,161,0,Parobé,210000724183
c1099,g32663,ver20,Barbosa Missioneiro,Claudemir Barbosa da Silva,13000,PT,Não eleito,237,1,46,161,0,Parobé,210000724184
c1100,g36026,ver20,Professor Lodeir,Lodeir Santos de Souza,13543,PT,Não eleito,235,1,47,161,0,Parobé,210000724185
c1101,g40043,ver20,Maria Helena,Maria Helena Silva de Oliveira,13368,PT,Não eleito,30,1,126,161,0,Parobé,210000724186
c1102,g16870,ver20,Catiuscia Martins,Catiuscia Rosa Martins,13888,PT,Não eleito,118,1,66,161,0,Parobé,210000724187
c1103,g13146,ver20,Leonel Bernardo,Leonel Ivanes Bernardo,13456,PT,Não eleito,249,1,44,161,0,Parobé,210000724188
c1104,g6591,ver20,Eduardo Barreto,Eduardo Menezes Barreto,13213,PT,Suplente,136,1,27,105,0,Quaraí,210000725038
c1105,g43096,ver20,Thaíse Corrêa,Thaíse Corrêa Dalsasso,13613,PT,Eleito,549,1,3,105,0,Quaraí,210000725039
c1106,g6562,ver20,Aldoir,Aldoir Mazui Garcia,13333,PT,Suplente,53,1,48,105,0,Quaraí,210000725040
c1107,g31475,ver20,Kellin Tormes,Kellin Carolina Tormes Antunes,13022,PT,Suplente,12,1,88,105,0,Quaraí,210000725041
c1108,g5549,ver20,Fino,Flavio Darlei Velasques de Deus,13222,PT,Eleito,283,1,14,105,0,Quaraí,210000725042
c1109,g28506,ver20,Adriano Chorão,Adriano dos Santos Alves,13500,PT,Eleito,463,1,7,105,0,Quaraí,210000725043
c1110,g42439,ver20,Mãe Rita,Rita Clara Padilha de Souza Charão,13672,PT,Suplente,26,1,72,105,0,Quaraí,210000725044
c1111,g48954,ver20,Professora Catiuscia Pedroso,Catiuscia Silene Vilaverde Pedroso,13713,PT,Suplente,188,1,21,105,0,Quaraí,210000725045
c1112,g29392,ver20,Jeferson da Iluminação,Jeferson Airton Benites da Rosa,13000,PT,Suplente,130,1,30,105,0,Quaraí,210000725046
c1113,g39276,ver20,Thifani Ferreira,Thifani Ferreira Deferrari,13021,PT,Suplente,107,1,34,105,0,Quaraí,210000725047
c1114,g18392,ver20,Leandro Pescador,Leandro Itamar Garcia Tribino,13029,PT,Suplente,105,1,35,105,0,Quaraí,210000725048
c1115,g15707,ver20,Dani Parahiba,Daniele Parahiba dos Santos,13031,PT,Suplente,10,1,92,105,0,Quaraí,210000725050
c1116,g34130,ver20,Waldir Laureano,Waldir Laureano Fernandes,13577,PT,Suplente,23,1,76,105,0,Quaraí,210000725051
c1117,g30834,ver20,Luis Pires,Jose Luis Pires Lopes,13013,PT,Suplente,76,1,42,105,0,Quaraí,210000725052
c1118,g24703,ver20,Professor Armênio,Armênio Bello Schmidt,13777,PT,Eleito,452,1,8,105,0,Quaraí,210000725053
c1119,g34439,ver20,Prego Motos,Homero Davila Neto,13007,PT,Suplente,136,1,27,105,0,Quaraí,210000725054
c1120,g18001,ver20,Cleonice,Cleonice Miechoanski Vooss,13222,PT,Eleito,82,1,9,29,0,Floriano Peixoto,210000726356
c1121,g46006,ver20,Tansini,Denilson Paulo Tansini,13007,PT,Suplente,73,1,14,29,0,Floriano Peixoto,210000726357
c1122,g32850,ver20,Adelino,Adelino Servinski,13610,PT,Suplente,45,1,17,29,0,Floriano Peixoto,210000726358
c1123,g25876,ver20,Amarildo,Amarildo Kaczanowski,13000,PT,Suplente,8,1,26,29,0,Floriano Peixoto,210000726360
c1124,g43704,ver20,Besouro,Ariovaldo de Oliveira Marques,13670,PT,Suplente,6,1,27,29,0,Floriano Peixoto,210000726361
c1125,g46060,ver20,Sonia,Sonia Mara Kaczanoski Betiol,13615,PT,Eleito,117,1,2,29,0,Floriano Peixoto,210000726362
c1126,g44347,ver20,Selvino,Selvino Levinski,13605,PT,Suplente,75,1,13,29,0,Floriano Peixoto,210000726363
c1127,g46273,ver20,Leandra,Leandra Ferri,13108,PT,Suplente,14,1,22,29,0,Floriano Peixoto,210000726364
c1128,g31450,ver20,Vanceta,Dornelis Vanset,13123,PT,Suplente,45,1,17,29,0,Floriano Peixoto,210000726365
c1129,g16070,ver20,Simone,Simone Raquel Fenske Schlosser,13450,PT,Suplente,18,1,20,29,0,Floriano Peixoto,210000726366
c1130,g39479,ver20,Salvador Cavalheiro,Salvador Cavalheiro,23333,CIDADANIA,Não eleito,69,1,36,55,0,Getúlio Vargas,210000726686
c1131,g16357,ver20,Douglas Zanella,Douglas Rafael Zanella,13456,PT,Eleito,100,1,11,22,0,Três Arroios,210000726815
c1132,g40630,ver20,Claudinei Ecco,Claudinei Ecco,13610,PT,Suplente,98,1,12,22,0,Três Arroios,210000726816
c1133,g17969,ver20,Salete Cordone,Salete Taléia Cordone,13000,PT,Suplente,50,1,14,22,0,Três Arroios,210000726817
c1134,g13798,ver20,Adao da Bom Sucesso,Adão Auri Borges Flores,13660,PT,Suplente,362,1,103,469,0,Canoas,210000727672
c1135,g41795,ver20,Joaninha,Joana Veracy Rodrigues,13130,PT,Suplente,81,1,310,469,0,Canoas,210000727673
c1136,g6104,ver20,Emilio Neto,Emilio Millan Neto,13613,PT,Eleito,1477,1,22,469,0,Canoas,210000727674
c1137,g50905,ver20,Derju,Derju Costa Leite,13456,PT,Suplente,254,1,142,469,0,Canoas,210000727675
c1138,g39278,ver20,Indio do Sindicato,André Severo Soares,13000,PT,Suplente,514,1,77,469,0,Canoas,210000727676
c1139,g26050,ver20,Professor Alvarez,Alvarez da Silva,13100,PT,Suplente,153,1,218,469,0,Canoas,210000727677
c1140,g47490,ver20,Maria Eunice,Maria Eunice Dias Wolf,13513,PT,Eleito,1536,1,21,469,0,Canoas,210000727678
c1141,g4340,ver20,Fabio Pinto,Fabio Pinto,13006,PT,Suplente,6,1,465,469,0,Canoas,210000727679
c1142,g17505,ver20,Ana Laura,Ana Laura de Souza Porciuncula,13531,PT,Suplente,144,1,225,469,0,Canoas,210000727680
c1143,g43510,ver20,Nando Ramos,Paulo Roberto Ramos,13010,PT,Suplente,52,1,363,469,0,Canoas,210000727681
c1144,g49250,ver20,Grasi Barcelos,Elaine Grasiela Barcelos da Silva,13630,PT,Suplente,329,1,112,469,0,Canoas,210000727682
c1145,g21916,ver20,Pai Cesar de Xango,Cesar Juarez Nunes Pimentel,13777,PT,Suplente,485,1,82,469,0,Canoas,210000727684
c1146,g49660,ver20,Ágata Mostardeiro,Ágata Vieira Mostardeiro,13999,PT,Suplente,290,1,124,469,0,Canoas,210000727685
c1147,g8423,ver20,Fernanda Longoni,Fernanda Longoni Pfeil,13148,PT,Suplente,208,1,174,469,0,Canoas,210000727686
c1148,g1243,ver20,Professora Gisele Vidal,Gisele Vidal de Albuquerque,13113,PT,Suplente,595,1,70,469,0,Canoas,210000727687
c1149,g12582,ver20,Renato Dilelio,Renato Campos Dilelio,13699,PT,Suplente,125,1,249,469,0,Canoas,210000727688
c1150,g37164,ver20,Mario Almeida Metalúrgico,Mário Luís de Almeida,13655,PT,Suplente,126,1,245,469,0,Canoas,210000727689
c1151,g43771,ver20,Telassim,Telassim Fernandes Carvalho Lewandowski,13001,PT,Suplente,240,1,151,469,0,Canoas,210000727690
c1152,g17147,ver20,India,Marlene Balim,13333,PT,Suplente,136,1,234,469,0,Canoas,210000727691
c1153,g13010,ver20,Michele Dutra,Michele Paust Dutra,13123,PT,Suplente,365,1,102,469,0,Canoas,210000727692
c1154,g43406,ver20,Luci Jorge Nós Mulheres,Luci Mari Castro Leite Jorge,13008,PT,Suplente,157,1,212,469,0,Canoas,210000727693
c1155,g9767,ver20,Paulo Ritter,Paulo Roberto Ritter,13013,PT,Suplente,1153,1,31,469,0,Canoas,210000727694
c1156,g12025,ver20,Vani Piovesan,Vanir Teresinha dos Santos Piovesan,13114,PT,Suplente,1398,1,26,469,0,Canoas,210000727695
c1157,g15596,ver20,João Vanderli,João Vanderli da Silva,13009,PT,Suplente,64,1,336,469,0,Canoas,210000727696
c1158,g4993,ver20,Mandinho do Guaju,Alexandre Rodrigues Hentschke,13129,PT,Suplente,22,1,437,469,0,Canoas,210000727697
c1159,g36372,ver20,Schuquel,Onerso Schuquel de Oliveira,15123,MDB,Suplente,127,1,48,91,0,Itaqui,210000727758
c1160,g46262,ver20,Mauri,Mauri Jose Vendrame,13456,PT,Eleito,78,1,11,18,0,Mariano Moro,210000729077
c1161,g31185,ver20,Adelar,Adelar Krug,13789,PT,Suplente,25,1,17,18,0,Mariano Moro,210000729078
c1162,g18246,ver20,Rosane,Rosane Maria Gritti,13123,PT,Eleito,260,1,1,18,0,Mariano Moro,210000729079
c1163,g35227,ver20,Índio,Everton Guedes,13999,PT,Suplente,53,1,49,76,0,Caçapava do Sul,210000730856
c1164,g32766,ver20,Emiliana Batista,Emiliana de Jesus Rodrigues Batista,13113,PT,Suplente,28,1,65,76,0,Caçapava do Sul,210000730857
c1165,g19417,ver20,Prof Fatinha,Fatima Maria Dorneles de Melo,13222,PT,Suplente,19,1,70,76,0,Caçapava do Sul,210000730858
c1166,g9415,ver20,Batista Ferreira,Batista Sezerino Oliveira Ferreira,13013,PT,Suplente,50,1,51,76,0,Caçapava do Sul,210000730859
c1167,g30155,ver20,Gabriela Rodrigues,Gabriela Machado Rodrigues,13613,PT,Suplente,112,1,39,76,0,Caçapava do Sul,210000730860
c1168,g34256,ver20,Taca,Jorge Itajara Fontoura Silveira,13213,PT,Suplente,14,1,74,76,0,Caçapava do Sul,210000730861
c1169,g33401,ver20,Flavio Brito,Flavio Fontoura Brito,13333,PT,Suplente,32,1,62,76,0,Caçapava do Sul,210000730862
c1170,g35784,ver20,Jari Vargas Taxista,Jari Araujo Vargas,13000,PT,Suplente,77,1,45,76,0,Caçapava do Sul,210000730863
c1171,g23069,ver20,Boca Torres,Luis Fernando Torres,13123,PT,Eleito,992,1,3,76,0,Caçapava do Sul,210000730864
c1172,g46802,ver20,Ademir,Ademir Antônio Cavagnoli,13134,PT,Suplente,13,1,38,43,0,Pontão,210000731806
c1173,g8566,ver20,Daniela,Daniela Caitano da Silva Oliveira,13444,PT,Eleito,159,1,4,43,0,Pontão,210000731807
c1174,g22589,ver20,Lourival,Lourival Jacques da Silva,13123,PT,Suplente,19,1,30,43,0,Pontão,210000731808
c1175,g37969,ver20,João,João Jair Cunha de Chaves,13333,PT,Suplente,73,1,14,43,0,Pontão,210000731809
c1176,g30676,ver20,Marcio,Marcio Jose Bonato,13131,PT,Suplente,55,1,18,43,0,Pontão,210000731810
c1177,g51203,ver20,Professora Cidiane,Cidiane Aparecida de Souza,13913,PT,Suplente,81,1,13,43,0,Pontão,210000731811
c1178,g41226,ver20,Sandra,Sandra Maria Ayres Guimarães,13313,PT,Suplente,18,1,33,43,0,Pontão,210000731812
c1179,g25918,ver20,Pilonetto,Edgar Pilonetto,13713,PT,Suplente,34,1,25,43,0,Pontão,210000731813
c1180,g5555,ver20,Rosane,Rosane Maria de Moura Strehl,13013,PT,Suplente,116,1,11,43,0,Pontão,210000731814
c1181,g1405,ver20,Mauro,Mauro Matias Marcello,13777,PT,Eleito,130,1,7,43,0,Pontão,210000731815
c1182,g12364,ver20,Zeca Borracheiro,Jose Esaias de Oliveira,13271,PT,Suplente,37,1,23,43,0,Pontão,210000731816
c1183,g48851,ver20,Agricultora Suzete,Suzete das Graças Silveira de Campos,13613,PT,Eleito,119,1,10,43,0,Pontão,210000731817
c1184,g21283,ver20,Dente,Volnir Duarte Dente,13555,PT,Eleito,126,1,9,43,0,Pontão,210000731818
c1185,g17978,ver20,Gondi,Eduardo Antônio Sereta,13456,PT,Eleito,164,1,3,43,0,Pontão,210000731819
c1186,g27450,ver20,Laudelina,Laudelina Vieira,13680,PT,Suplente,22,1,45,66,0,Paverama,210000732730
c1187,g7760,ver20,Silacio Krieger,Silacio Krieger,13123,PT,Suplente,19,1,48,66,0,Paverama,210000732731
c1188,g36192,ver20,Anderson Marques da Silva,Anderson Marques da Silva,13350,PT,Suplente,10,1,59,66,0,Paverama,210000732732
c1189,g46344,ver20,Professor João Elídio,João Elidio Egewardt,13000,PT,Suplente,126,1,14,66,0,Paverama,210000732733
c1190,g45398,ver20,Nenê,João Devanir Sacks,13113,PT,Eleito,169,1,6,66,0,Paverama,210000732734
c1191,g49418,ver20,Ana do Loló,Ana Lucia da Silva,13222,PT,Suplente,33,1,36,66,0,Paverama,210000732735
c1192,g10713,ver20,Braz da Rosa,Braz André Alves da Rosa,13426,PT,Suplente,93,1,49,70,0,Três Passos,210000732773
c1193,g30251,ver20,Gilmar Maier,Gilmar Maier,13333,PT,Eleito,391,1,9,70,0,Três Passos,210000732774
c1194,g31299,ver20,Sirlei Voos,Sirlei Maria Voos,13456,PT,Suplente,84,1,53,70,0,Três Passos,210000732775
c1195,g24089,ver20,Diego Maciel,Diego Hider Maciel,13123,PT,Eleito,410,1,8,70,0,Três Passos,210000732776
c1196,g43748,ver20,Paulo Dörr,Paulo Rogério Dörr,13613,PT,Suplente,97,1,47,70,0,Três Passos,210000732777
c1197,g41955,ver20,Ade Schmitz,Adenir Roque Schmitz,13504,PT,Suplente,113,1,43,70,0,Três Passos,210000732778
c1198,g16471,ver20,Nelita Real,Nelita Francisca Real,13313,PT,Suplente,211,1,23,70,0,Três Passos,210000732779
c1199,g48878,ver20,Márcia de Oliveira,Márcia Cristina de Oliveira,13013,PT,Suplente,326,1,13,70,0,Três Passos,210000732780
c1200,g18214,ver20,Diego Morgenstern,Diego Cristiano Morgenstern,13913,PT,Suplente,52,1,57,70,0,Três Passos,210000732781
c1201,g20089,ver20,Sandro Radaelli,Sandro Geovani Radaelli,13000,PT,Suplente,308,1,15,70,0,Três Passos,210000732782
c1202,g29409,ver20,Martins Caubói,Antonio Raimundo Martins da Silva,13000,PT,Não eleito,243,1,120,412,0,Gravataí,210000733130
c1203,g12257,ver20,Medusa Kafele,Vladimir Duarte,13171,PT,Não eleito,115,1,194,412,0,Gravataí,210000733132
c1204,g51338,ver20,Teilor,Luiz Tailor Machado,13199,PT,Não eleito,27,1,348,412,0,Gravataí,210000733133
c1205,g6399,ver20,Michael Ale,Michael Alexandre Padilha Brizolla de Campos,13213,PT,Não eleito,14,1,377,412,0,Gravataí,210000733134
c1206,g12984,ver20,Auri,Auri Sanches de Oliveira,13007,PT,Não eleito,72,1,258,412,0,Gravataí,210000733135
c1207,g3897,ver20,Dilomar Oliveira,Dilomar Oliveira da Rosa,13111,PT,Não eleito,38,1,321,412,0,Gravataí,210000733136
c1208,g36582,ver20,Paulo Tiepner,Paulo Tiepner,13349,PT,Não eleito,23,1,358,412,0,Gravataí,210000733137
c1209,g1013,ver20,Valéria Pereira,Valéria Nunes Pereira,13300,PT,Não eleito,76,1,248,412,0,Gravataí,210000733138
c1210,g10566,ver20,Pri Rodrigues,Priscila da Silva Rodrigues,13700,PT,Não eleito,135,1,179,412,0,Gravataí,210000733139
c1211,g12727,ver20,Mana Ju,Juraciara da Silva,13022,PT,Não eleito,42,1,307,412,0,Gravataí,210000733140
c1212,g34299,ver20,Renato Larré,Renato de Castro Larré,13789,PT,Não eleito,20,1,364,412,0,Gravataí,210000733141
c1213,g39690,ver20,Luis Flamarion,Luis Flamarion Both,13133,PT,Não eleito,68,1,262,412,0,Gravataí,210000733142
c1214,g3760,ver20,Rosalva,Rosalva da Silva,13900,PT,Não eleito,63,1,269,412,0,Gravataí,210000733143
c1215,g14853,ver20,Vitalina,Vitalina Conceição Marques Gonçalves,13500,PT,Não eleito,1312,1,18,412,0,Gravataí,210000733144
c1216,g40947,ver20,José Lunardi,José Lunardi,13100,PT,Não eleito,63,1,269,412,0,Gravataí,210000733145
c1217,g8413,ver20,Adelaide Klein,Adelaide Maria Klein,13123,PT,Não eleito,205,1,134,412,0,Gravataí,210000733146
c1218,g48283,ver20,Marcelo Nascimento,Marcelo Pereira do Nascimento,13013,PT,Não eleito,208,1,132,412,0,Gravataí,210000733147
c1219,g47083,ver20,Professora Rose Freitas,Rose Mary de Freitas da Silva,13777,PT,Não eleito,591,1,48,412,0,Gravataí,210000733149
c1220,g12094,ver20,Veleda Gaelzer,Veleda Renita Wilke Gaelzer,13130,PT,Suplente,73,1,12,24,0,Poço das Antas,210000733945
c1221,g36962,ver20,Adriano Stiehl,Adriano Stiehl,13123,PT,Eleito,105,1,6,24,0,Poço das Antas,210000733946
c1222,g22461,ver20,Renato Póvoa,Renato Pires Póvoa,13333,PT,Eleito,502,1,2,99,0,Capão do Leão,210000734304
c1223,g2713,ver20,Carlinhos do Parque,Carlos Rodrigo Vitória Furtado,13222,PT,Suplente,44,1,74,99,0,Capão do Leão,210000734305
c1224,g20613,ver20,Jhulian Ferreira,Jhulian Lenon Campos Ferreira,13010,PT,Eleito,354,1,6,99,0,Capão do Leão,210000734306
c1225,g38790,ver20,Kátia Silva,Katia Berenice da Silva Simões,13313,PT,Suplente,48,1,66,99,0,Capão do Leão,210000734307
c1226,g30290,ver20,Letícia Affonso,Leticia Morales de Affonso Ferreira Inssarriaga,13456,PT,Suplente,100,1,38,99,0,Capão do Leão,210000734308
c1227,g33822,ver20,Glei Rodales,Glei Ricardo da Cunha Rodales,13601,PT,Suplente,140,1,32,99,0,Capão do Leão,210000734309
c1228,g3578,ver20,Juliano Manke,Juliano Hepp Manke,13022,PT,Suplente,95,1,41,99,0,Capão do Leão,210000734310
c1229,g6633,ver20,Claudenir Nunes,Claudenir Ribeiro Nunes,13111,PT,Suplente,245,1,14,99,0,Capão do Leão,210000734311
c1230,g3657,ver20,Crístoni Costa,Cristoni de Mello Costa,13007,PT,Suplente,280,1,9,99,0,Capão do Leão,210000734312
c1231,g33218,ver20,Nego Bicca,Helio Zanoni Peres Bicca,13013,PT,Suplente,137,1,33,99,0,Capão do Leão,210000734313
c1232,g32066,ver20,Mari da Saúde,Marilene Souza Cardoso,13444,PT,Suplente,45,1,72,99,0,Capão do Leão,210000734314
c1233,g48123,ver20,João Luíz Caburé,João Luíz Gonçalves de Gonçalves,13555,PT,Suplente,86,1,43,99,0,Capão do Leão,210000734315
c1234,g50163,ver20,Miro do Posto,Claudemir de Souza Martins,13656,PT,Suplente,127,1,35,99,0,Capão do Leão,210000734316
c1235,g31542,ver20,Mara Porto,Mara Gislaine Vaz Porto,13999,PT,Suplente,270,1,10,99,0,Capão do Leão,210000734317
c1236,g45041,ver20,Prof Marco Aurélio Gomes,Marco Aurélio da Silva Gomes,13500,PT,Eleito,315,1,8,99,0,Capão do Leão,210000734318
c1237,g6791,ver20,Patrícia Arena,Patrícia Mendieta Arena,13888,PT,Suplente,12,1,95,99,0,Capão do Leão,210000734319
c1238,g50060,ver20,Teonesio Abraão Andreis,Teonesio Abraão Andreis,13667,PT,Eleito,186,1,8,33,0,Campina das Missões,210000736427
c1239,g3588,ver20,Neri Spohr,Neri Spohr,13200,PT,Suplente,68,1,20,33,0,Campina das Missões,210000736428
c1240,g7516,ver20,Marcelo Henz,Marcelo Henz,13678,PT,Eleito,264,1,3,33,0,Campina das Missões,210000736429
c1241,g19581,ver20,Vanderlei Mallmann,Vanderlei Luis Mallmann,13613,PT,Suplente,165,1,12,33,0,Campina das Missões,210000736430
c1242,g34094,ver20,Iris Webler,Iris Tereza Trindade,13620,PT,Suplente,45,1,28,33,0,Campina das Missões,210000736431
c1243,g15762,ver20,Professor Anderson,Anderson Henrique Rozek Mallmann,13131,PT,Suplente,108,1,17,33,0,Campina das Missões,210000736432
c1244,g944,ver20,Ivete Henzel,Ivete Sirlei Damke Henzel,13170,PT,Suplente,58,1,23,33,0,Campina das Missões,210000736433
c1245,g42428,ver20,Ieda Schmatz,Ieda Brasilia Oliveira Schmatz,13663,PT,Suplente,33,1,31,33,0,Campina das Missões,210000736434
c1246,g41774,ver20,Anabele Herrmann,Anabele Herrmann,13131,PT,Suplente,7,1,25,26,0,São Paulo das Missões,210000736703
c1247,g19046,ver20,Neiva,Neiva Janete Szynwelski,13456,PT,Suplente,36,1,22,26,0,São Paulo das Missões,210000736704
c1248,g43182,ver20,Doutor Alessandro,Alessandro Oliveira de Moura,13123,PT,Eleito,246,1,6,26,0,São Paulo das Missões,210000736705
c1249,g7734,ver20,Arlindo Ucker,Arlindo Ucker,13333,PT,Suplente,133,1,18,26,0,São Paulo das Missões,210000736706
c1250,g27718,ver20,Jair Adams Lermen,Jair Elias Adams Lermen,13000,PT,Eleito,310,1,3,26,0,São Paulo das Missões,210000736707
c1251,g20605,ver20,Airton Wagner,Airton Wagner,13125,PT,Suplente,143,1,15,26,0,São Paulo das Missões,210000736708
c1252,g39796,ver20,Luisinho,Luis Carlos Taubner Jorge,13333,PT,Eleito,182,1,7,57,0,Pedro Osório,210000737957
c1253,g30153,ver20,Osmarino Martins Muciça,Osmarino Martins Barros,13513,PT,Suplente,33,1,39,57,0,Pedro Osório,210000737959
c1254,g26916,ver20,Paula Borges,Paula Garcia Borges,13813,PT,Suplente,28,1,44,57,0,Pedro Osório,210000737960
c1255,g30811,ver20,Serginho Wonglon,Sergio Augusto Martins Wonglon,13111,PT,Suplente,146,1,15,57,0,Pedro Osório,210000737961
c1256,g31978,ver20,Celia Silva Ferreira,Celia Silva Ferreira,13613,PT,Suplente,28,1,44,57,0,Pedro Osório,210000737962
c1257,g7190,ver20,"Edenilto Braga, Didi",Edenilto da Silva Braga,13500,PT,Suplente,24,1,46,57,0,Pedro Osório,210000737963
c1258,g20937,ver20,Branco,Anildo Garcia Borges,13125,PT,Suplente,24,1,46,57,0,Pedro Osório,210000737964
c1259,g25284,ver20,Marcio Fiori,Marcio Luiz Fiori,13013,PT,Eleito,209,1,5,57,0,Pedro Osório,210000737965
c1260,g12228,ver20,Marcia Martins,Marcia Helena Brandt Martins,13000,PT,Suplente,126,1,17,57,0,Pedro Osório,210000737966
c1261,g33659,ver20,Sergio Silva,Sergio Augusto Leite Silva,13222,PT,Suplente,46,1,32,57,0,Pedro Osório,210000737967
c1262,g15866,ver20,Enfermeiro Rafael Duquia,Rafael Soares Duquia,13913,PT,Suplente,173,1,8,57,0,Pedro Osório,210000737968
c1263,g15751,ver20,Valmir Monks,Valmir Nunes Monks,13190,PT,Suplente,47,1,31,57,0,Pedro Osório,210000737969
c1264,g5945,ver20,Fabiana Medeiros,Fabiana Medeiros Mello,13033,PT,Suplente,24,1,46,57,0,Pedro Osório,210000737970
c1265,g38463,ver20,Professor Rudney,Rudney Aminadab Santos,12222,PDT,Suplente,206,1,21,97,0,São Jerônimo,210000738569
c1266,g11597,ver20,Luiza Ana Ferreira Dall Agnol,Luiza Ana Ferreira Dall Agnol,13213,PT,Suplente,37,1,17,20,0,São Jorge,210000739783
c1267,g20822,ver20,Auria Dalva Telles Pimentel,Auria Dalva Telles Pimentel,13000,PT,Suplente,16,1,18,20,0,São Jorge,210000739784
c1268,g38618,ver20,Roni Galvan,Roni Galvan,13123,PT,Suplente,93,1,12,20,0,São Jorge,210000739785
c1269,g3594,ver20,Francisco de Carvalho,Francisco de Carvalho,13313,PT,Eleito,148,1,7,20,0,São Jorge,210000739786
c1270,g34253,ver20,Denise Souza,Denise Rodrigues de Souza,13333,PT,Eleito,211,1,7,17,0,Vitória das Missões,210000739806
c1271,g16692,ver20,Celso Borchartt,Celso Borchartt Antunes,13123,PT,Suplente,151,1,11,17,0,Vitória das Missões,210000739807
c1272,g21753,ver20,Jair Segatto,Jair Segatto,13456,PT,Eleito,243,1,4,17,0,Vitória das Missões,210000739808
c1273,g22518,ver20,Marcos Vianna,Antonio Marcos Vianna,13123,PT,Eleito,141,1,8,31,0,Novo Machado,210000740207
c1274,g12612,ver20,Anderson Moraes,Anderson Junior Moraes,13131,PT,Eleito,201,1,2,31,0,Novo Machado,210000740208
c1275,g8905,ver20,Ilaine Sommerfelt,Ilaine Stiebe Sommerfelt,13234,PT,Suplente,21,1,26,31,0,Novo Machado,210000740209
c1276,g23583,ver20,Deise Junkherr,Deise Junkherr,13133,PT,Suplente,40,1,22,31,0,Novo Machado,210000740210
c1277,g20023,ver20,Cristhofer Bortoli,Cristhofer José Bortoli,13000,PT,Eleito,136,1,10,31,0,Novo Machado,210000740211
c1278,g31425,ver20,Osmar Fronza,Osmar Fronza,13130,PT,Suplente,126,1,12,31,0,Novo Machado,210000740212
c1279,g16461,ver20,Nego dos Santos,Dilomar Heitor dos Santos,13120,PT,Suplente,70,1,18,31,0,Novo Machado,210000740213
c1280,g9263,ver20,Valdecir Trindade,Valdecir Sutil da Trindade,13013,PT,Suplente,61,1,20,31,0,Novo Machado,210000740214
c1281,g45659,ver20,Veridiana Schendel,Veridiana Denise Glanzel Schendel,13214,PT,Eleito,133,1,11,31,0,Novo Machado,210000740215
c1282,g7855,ver20,Claudinei Ferreira,Claudinei Ferreira,13613,PT,Suplente,97,1,15,31,0,Novo Machado,210000740216
c1283,g12101,ver20,Volnei,Volnei dos Santos Nascimento,13321,PT,Suplente,26,1,12,26,0,Vista Alegre,210000740217
c1284,g16291,ver20,Sandra,Sandra Prezniska,13000,PT,Suplente,20,1,14,26,0,Vista Alegre,210000740218
c1285,g18474,ver20,Zibetti,Adair Zibetti,13513,PT,Suplente,20,1,14,26,0,Vista Alegre,210000740219
c1286,g3551,ver20,Bina,Albina Alves Dalpiva,13913,PT,Suplente,10,1,23,26,0,Vista Alegre,210000740220
c1287,g34622,ver20,Kika,Elsa Regina Vicentini Vargas,13313,PT,Eleito,136,1,7,26,0,Vista Alegre,210000740221
c1288,g14998,ver20,Gustavo,Gustavo Stona,13789,PT,Eleito,108,1,9,26,0,Vista Alegre,210000740222
c1289,g3740,ver20,Celio,Celio Antunes de Andrade,13111,PT,Eleito,94,1,10,26,0,Vista Alegre,210000740224
c1290,g21688,ver20,Eledir,Eledir Carvalho Binelo,13413,PT,Suplente,20,1,14,26,0,Vista Alegre,210000740225
c1291,g10562,ver20,Galhardo,Valdenir Valentim Galhardo,13200,PT,Suplente,4,1,24,26,0,Vista Alegre,210000740226
c1292,g44664,ver20,Nino,Vendelino Piaia,13555,PT,Suplente,11,1,21,26,0,Vista Alegre,210000740227
c1293,g19844,ver20,Dionatan,Dionatan Figueira Milnikel,13123,PT,Suplente,18,1,17,26,0,Vista Alegre,210000740228
c1294,g9316,ver20,Eduardo,Eduardo Dal Piva,13543,PT,Suplente,94,1,10,26,0,Vista Alegre,210000740229
c1295,g50695,ver20,Laídes,Laídes Gonçalves,22666,PL,Não eleito,16,1,18,26,0,Vista Alegre,210000740416
c1296,g38257,ver20,Maria Salete,Maria Salete Portela,13444,PT,Suplente,12,1,48,50,0,Nonoai,210000740708
c1297,g4119,ver20,Pastor Elias,Elias de Chaves Fortes,13123,PT,Suplente,125,1,24,50,0,Nonoai,210000740709
c1298,g13263,ver20,Soli Favero,Solinara Favero,13333,PT,Suplente,101,1,28,50,0,Nonoai,210000740710
c1299,g34820,ver20,Lucas de Paula Pereira,Lucas de Paula Pereira,13777,PT,Suplente,92,1,30,50,0,Nonoai,210000740711
c1300,g14206,ver20,Professor  Nelso,Nelso dos Santos,13622,PT,Eleito,239,1,11,50,0,Nonoai,210000740712
c1301,g40469,ver20,Preto,Denir de Borba,13456,PT,Suplente,144,1,19,50,0,Nonoai,210000740713
c1302,g23418,ver20,Marcos Abreu,Marcos Antônio Castilhos Abreu,12355,PDT,Suplente,344,1,156,481,0,Caxias do Sul,210000741086
c1303,g42093,ver20,Josi da Iveti,Josiane de Souza Rodrigues,13013,PT,Suplente,25,1,35,55,0,Tabaí,210000741582
c1304,g21730,ver20,Ademar Raspadinha,Ademar da Silva,13000,PT,Suplente,21,1,38,55,0,Tabaí,210000741583
c1305,g32732,ver20,Anderson Vargas,Anderson de Azevedo Vargas,13444,PT,Eleito,230,1,1,55,0,Tabaí,210000741584
c1306,g48364,ver20,Tina,Isabel Cristina dos Reis,13111,PT,Suplente,12,1,41,55,0,Tabaí,210000741585
c1307,g45181,ver20,Darci Gaiteiro,Darci Pereira da Silva,13123,PT,Eleito,87,1,15,55,0,Tabaí,210000741586
c1308,g325,ver20,Wiliam Brandão,Wiliam Azevedo Brandão,13333,PT,Suplente,44,1,22,55,0,Tabaí,210000741587
c1309,g40991,ver20,Rosa Leães,Rosa Maria Vargas Leães,13013,PT,Não eleito,483,1,5,70,0,Nova Hartz,210000741807
c1310,g50390,ver20,Carubla Zukowski,Carubla Paula Zukowski,13000,PT,Suplente,62,1,11,29,0,Ponte Preta,210000743232
c1311,g34901,ver20,Rosmari Raspe,Rosmari Raspe,13444,PT,Suplente,7,1,26,29,0,Ponte Preta,210000743233
c1312,g44908,ver20,Silvana Cararo,Silvana Bazoti Cararo,13123,PT,Suplente,12,1,21,29,0,Ponte Preta,210000743234
c1313,g1683,ver20,Darlan Zappani,Darlan Zappani,13333,PT,Eleito,125,1,3,29,0,Ponte Preta,210000743235
c1314,g51163,ver20,Claudir Cararo,Claudir Cararo,13113,PT,Eleito,93,1,7,29,0,Ponte Preta,210000743236
c1315,g11906,ver20,Rosane Jane,Rosane Alves da Silva,13133,PT,Suplente,26,1,19,29,0,Ponte Preta,210000743237
c1316,g41625,ver20,Leandrinho,Eliandro Silva da Silva,13013,PT,Não eleito,25,1,36,49,0,Barão do Triunfo,210000743344
c1317,g15345,ver20,Luiz C Michel,Luiz Carlos Michel,13123,PT,Não eleito,71,1,11,24,0,Novo Tiradentes,210000743594
c1318,g5645,ver20,Marilde Nicolini,Marilde Maria Nicolini Pereira,13333,PT,Não eleito,61,1,13,24,0,Novo Tiradentes,210000743595
c1319,g26293,ver20,Felipe Godoy,Felipe Godoy dos Santos,13555,PT,Suplente,96,1,16,23,0,Barracão,210000744094
c1320,g24614,ver20,Déia,Claudete Aparecida de Souza Bentaque,13333,PT,Suplente,31,1,21,23,0,Barracão,210000744095
c1321,g10396,ver20,Vilson Jacobi,Vilson Girardi Jacobi,13111,PT,Eleito,226,1,7,23,0,Barracão,210000744096
c1322,g40014,ver20,Teonila Xavier,Teonila da Silva Xavier,13123,PT,Suplente,30,1,22,23,0,Barracão,210000744097
c1323,g42542,ver20,Rita de Oliveira,Rita Estela de Oliveira,13233,PT,Suplente,35,1,56,75,0,São Pedro do Sul,210000744448
c1324,g42574,ver20,Gilberto Lampert,Gilberto Lampert,13555,PT,Suplente,152,1,20,75,0,São Pedro do Sul,210000744449
c1325,g30463,ver20,Lucinda da Saúde,Lucinda Silveira da Silva,13699,PT,Suplente,182,1,16,75,0,São Pedro do Sul,210000744450
c1326,g14457,ver20,Graziela M Kaus Prof Grazi,Graziela Marafiga Kaus,13614,PT,Eleito,390,1,4,75,0,São Pedro do Sul,210000744451
c1327,g41872,ver20,Maria Lehnhart,Maria Terezinha Lehnhart da Rosa,13113,PT,Suplente,91,1,34,75,0,São Pedro do Sul,210000744452
c1328,g16179,ver20,Jiordan Francisco,Jiordan Francisco Santos da Silva,13777,PT,Suplente,50,1,50,75,0,São Pedro do Sul,210000744453
c1329,g6419,ver20,Maurili D Avila Tavares,Maurilia D Avila Tavares,13888,PT,Suplente,158,1,19,75,0,São Pedro do Sul,210000744454
c1330,g18024,ver20,Pablo Garcia Ptzinger Duende,Pablo Garcia Ptzinger,13666,PT,Suplente,31,1,58,75,0,São Pedro do Sul,210000744455
c1331,g50498,ver20,Altamir Avila Dias,Altamir Avila Dias,13300,PT,Suplente,198,1,15,75,0,São Pedro do Sul,210000744456
c1332,g27428,ver20,Artemio Dias Diniz,Artemio Dias Diniz,13000,PT,Eleito,213,1,13,75,0,São Pedro do Sul,210000744457
c1333,g49909,ver20,Rosa Nazir,Rosa Nazir da Silva Dias,13222,PT,Suplente,114,1,29,75,0,São Pedro do Sul,210000744458
c1334,g31962,ver20,Rafael Campara,Angelo Rafael Campara,13123,PT,Suplente,122,1,25,75,0,São Pedro do Sul,210000744459
c1335,g44019,ver20,Arizoli Sacerdote Lica,Arizoli Flores Sacerdote,13111,PT,Suplente,201,1,14,75,0,São Pedro do Sul,210000744460
c1336,g45485,ver20,Jorge Bortoluzzi Jacaré,Jorge Luiz Cezar Bortoluzzi,13333,PT,Suplente,16,1,65,75,0,São Pedro do Sul,210000744461
c1337,g28046,ver20,Pinokio,Jose Henrique Mallmann Rodrigues,13013,PT,Suplente,82,1,38,75,0,São Pedro do Sul,210000744462
c1338,g41050,ver20,Enio Dias Barcellos,Enio Dias Barcellos,13999,PT,Eleito,233,1,12,75,0,São Pedro do Sul,210000744463
c1339,g22836,ver20,Medina,Laudenir Correa Medina,13613,PT,Suplente,36,1,53,70,0,Horizontina,210000744967
c1340,g20375,ver20,Agueda,Adelores Agueda Wochter Tannenhaues,13333,PT,Suplente,60,1,46,70,0,Horizontina,210000744968
c1341,g6762,ver20,Ramos do Sindicato,Jorge Luis Ramos,13123,PT,Suplente,407,1,8,70,0,Horizontina,210000744969
c1342,g38131,ver20,Valdir Halmann,Valdir Delmar Halmann,13013,PT,Suplente,91,1,36,70,0,Horizontina,210000744970
c1343,g1336,ver20,Ana Denise,Ana Denise Gorgen Strapasson,13120,PT,Eleito,455,1,4,70,0,Horizontina,210000744971
c1344,g40181,ver20,Maria Benati,Maria Levanir Ebrin Benati,13120,PT,Não eleito,93,1,20,36,0,Tucunduva,210000745967
c1345,g42277,ver20,Cride,Milton Euclides Dornelles da Silva,13456,PT,Não eleito,121,1,17,36,0,Tucunduva,210000745968
c1346,g10437,ver20,Geovane Rodrigues,Geovane Haubmam Rodrigues,13010,PT,Suplente,78,1,15,28,0,Itacurubi,210000746158
c1347,g33666,ver20,Ezequiel Soares,Adão Ezequiel Martins Soares,13713,PT,Eleito,133,1,4,28,0,Itacurubi,210000746159
c1348,g35375,ver20,João Silveira,João Carlos da Silveira,13123,PT,Suplente,16,1,23,28,0,Itacurubi,210000746162
c1349,g9910,ver20,Nicolau,Gilnei Loureiro Belmonte,13000,PT,Eleito,104,1,8,28,0,Itacurubi,210000746163
c1350,g39997,ver20,Adriana Maciel,Adriana Siqueira Maciel,13613,PT,Eleito,114,1,6,28,0,Itacurubi,210000746164
c1351,g12488,ver20,Mauro Mecânico,Mauro André da Silva Gehlen,13444,PT,Suplente,53,1,19,28,0,Itacurubi,210000746166
c1352,g47438,ver20,D Loça,Lucenir Santiago dos Santos,13789,PT,Suplente,102,1,10,28,0,Itacurubi,210000746167
c1353,g25281,ver20,Karine Leal,Karine Leal Pereira da Silva,13013,PT,Suplente,15,1,25,28,0,Itacurubi,210000746169
c1354,g22949,ver20,Alécia Machado,Alécia Machado Ortiz,13013,PT,Suplente,29,1,22,29,0,Santo Antônio das Missões,210000746193
c1355,g40304,ver20,Renata Carvalho,Renata dos Santos Carvalho,13625,PT,Suplente,11,1,27,29,0,Santo Antônio das Missões,210000746194
c1356,g50752,ver20,Serjão,Sérgio Alberto dos Santos Araujo,13000,PT,Suplente,138,1,19,29,0,Santo Antônio das Missões,210000746195
c1357,g4174,ver20,Paulo César Sapo,Paulo César Araujo Pedroso,13444,PT,Eleito,414,1,4,29,0,Santo Antônio das Missões,210000746196
c1358,g21038,ver20,Marcelo Nunes,Marcelo dos Santos Nunes,13007,PT,Suplente,14,1,25,29,0,Santo Antônio das Missões,210000746197
c1359,g39385,ver20,Jorge Gomes,Jorge Luiz de Barros Gomes,13212,PT,Suplente,14,1,25,29,0,Santo Antônio das Missões,210000746198
c1360,g40020,ver20,Irmão Ailton,Ailton Rogerio Silva Moraes,12000,PDT,Suplente,171,1,16,29,0,Santo Antônio das Missões,210000746464
c1361,g32083,ver20,Marciano Rubert,Marciano Marcos Rubert,13456,PT,Eleito,188,1,2,18,0,Nova Ramada,210000751083
c1362,g32680,ver20,Luis Claudio Francisconi,Luis Claudio Francisconi,13333,PT,Eleito,85,1,11,18,0,Nova Ramada,210000751084
c1363,g48245,ver20,Lori Mocan,Lori Mocan,13123,PT,Suplente,67,1,13,18,0,Nova Ramada,210000751085
c1364,g41069,ver20,Giselma,Giselma Ferreira Pereira,13001,PT,Suplente,142,1,14,75,0,Candiota,210000752142
c1365,g11618,ver20,Ronaldão,Paulo Ronaldo Machado Montes,13213,PT,Suplente,132,1,17,75,0,Candiota,210000752143
c1366,g35658,ver20,Ronald,Ronald Gabriel Dambrosio Mansour,13070,PT,Suplente,162,1,12,75,0,Candiota,210000752144
c1367,g14629,ver20,Jaquison  Jacu,Jaquison Rodrigues Pereira,13031,PT,Suplente,36,1,43,75,0,Candiota,210000752145
c1368,g23459,ver20,Gilmar,Gilmar Rodrigues de Morais,13513,PT,Suplente,34,1,44,75,0,Candiota,210000752146
c1369,g24234,ver20,Rosangela,Rosangela Hellwig Gonçalves,13013,PT,Suplente,76,1,30,75,0,Candiota,210000752147
c1370,g46375,ver20,Adão Socca,Adão Lucas Socca,13048,PT,Suplente,52,1,35,75,0,Candiota,210000752148
c1371,g50048,ver20,Dirceu Zanatto,Dirceu Zanatto Dias,13055,PT,Suplente,194,1,7,75,0,Candiota,210000752149
c1372,g50474,ver20,Ataides,Ataide da Silva,13000,PT,Eleito,311,1,2,75,0,Candiota,210000752150
c1373,g4674,ver20,Danilo,Danilo Gonçalves,13650,PT,Eleito,206,1,5,75,0,Candiota,210000752151
c1374,g31623,ver20,Professor João Roberto,João Roberto Silva da Costa,13313,PT,Suplente,87,1,26,75,0,Candiota,210000752152
c1375,g36550,ver20,Lilian,Lilian Pereira Cunha,13123,PT,Suplente,16,1,57,75,0,Candiota,210000752153
c1376,g5735,ver20,Luana,Luana Camacho Vais,13613,PT,Eleito,274,1,3,75,0,Candiota,210000752154
c1377,g40263,ver20,Fernanda,Fernanda da Silva Santos,13113,PT,Suplente,114,1,20,75,0,Candiota,210000752155
c1378,g35266,ver20,Jair Henrich,Jair Luís Henrich,15999,MDB,Eleito,203,1,3,19,0,Salvador das Missões,210000753338
c1379,g44831,ver20,Sofia,Maria Aparecida Ferreira Johann,13456,PT,Suplente,52,1,25,37,0,Ajuricaba,210000753767
c1380,g3134,ver20,Jardel Fernandes,Jardel Vanderlei Andrades Fernandes,13613,PT,Eleito,488,1,1,37,0,Ajuricaba,210000753768
c1381,g43155,ver20,Velanir,Velanir Bagolin,13123,PT,Suplente,237,1,6,37,0,Ajuricaba,210000753769
c1382,g18489,ver20,Gerri,Rogerio Altemar Gheller,13123,PT,Suplente,65,1,21,38,0,Novo Barreiro,210000755408
c1383,g24564,ver20,Volmar Tonello,Volmar da Silva Tonello,13654,PT,Eleito,142,1,7,38,0,Novo Barreiro,210000755409
c1384,g37193,ver20,Paulo Klein,Paulo Cesar Klein,13690,PT,Eleito,160,1,6,38,0,Novo Barreiro,210000755410
c1385,g26359,ver20,Dentinho,Anderson Ramos Saggiorato,13789,PT,Suplente,103,1,18,38,0,Novo Barreiro,210000755411
c1386,g6694,ver20,Marlene Furini,Marlene Maciel Furini,13777,PT,Suplente,69,1,20,38,0,Novo Barreiro,210000755412
c1387,g5003,ver20,Ica Barzotto,Arlinda Vitoria Barzotto,13113,PT,Suplente,24,1,28,38,0,Novo Barreiro,210000755413
c1388,g25265,ver20,Bombeiro Alexandre,Antonio Alexandre Moura de Quadro,13193,PT,Suplente,486,1,58,401,0,Rio Grande,210000755765
c1389,g36835,ver20,Mauro Lopes,Mauro Antonio Lopes da Costa,13555,PT,Suplente,486,1,58,401,0,Rio Grande,210000755766
c1390,g15213,ver20,Bárbara Cazaubon,Barbara Cazaubon Prado,13300,PT,Suplente,76,1,223,401,0,Rio Grande,210000755767
c1391,g12708,ver20,Jorge Rafael,Jorge Rafael da Costa Lopes,13500,PT,Suplente,142,1,155,401,0,Rio Grande,210000755768
c1392,g25930,ver20,Benito Metalurgico,Benito de Oliveira Gonçalves,13013,PT,Suplente,531,1,50,401,0,Rio Grande,210000755769
c1393,g34286,ver20,Claudio Costa,Claudio Jose Cardozo da Costa,13650,PT,Suplente,605,1,40,401,0,Rio Grande,210000755770
c1394,g47817,ver20,Cledenir Mendonça,Cledenir Vergara Mendonça,13133,PT,Suplente,478,1,61,401,0,Rio Grande,210000755771
c1395,g1892,ver20,Edinho Lopes,Edson Gomes Lopes,13333,PT,Suplente,506,1,54,401,0,Rio Grande,210000755773
c1396,g1725,ver20,Cleiton Massia,Cleiton Marçal Massia,13921,PT,Suplente,179,1,136,401,0,Rio Grande,210000755774
c1397,g35562,ver20,Gilmar Ávila,Gilmar Xavier Avila,13999,PT,Suplente,456,1,65,401,0,Rio Grande,210000755775
c1398,g40315,ver20,Marcelo Trovão,Carlos Marcelo Borges Lima,13789,PT,Suplente,160,1,146,401,0,Rio Grande,210000755776
c1399,g5915,ver20,Pedrinho Pescador,Pedro Osmar da Silva Acosta,13714,PT,Suplente,89,1,202,401,0,Rio Grande,210000755777
c1400,g34313,ver20,Kaká do Sindicato,Reginaldo Silveira Rodrigues,13313,PT,Suplente,169,1,143,401,0,Rio Grande,210000755778
c1401,g14884,ver20,Luciano Gonçalves,Luciano da Rocha Gonçalves,13033,PT,Suplente,684,1,30,401,0,Rio Grande,210000755779
c1402,g37575,ver20,Rovam Castro,Rovam Simões Gonçalves de Castro,13456,PT,Eleito,1281,1,9,401,0,Rio Grande,210000755780
c1403,g44327,ver20,Karina Rocha,Karina Melo da Rocha,13800,PT,Suplente,663,1,32,401,0,Rio Grande,210000755781
c1404,g40452,ver20,Sandra Oliveira,Sandra Mara de Oliveira,13444,PT,Suplente,73,1,227,401,0,Rio Grande,210000755782
c1405,g13698,ver20,Spotorno,Luiz Francisco Spotorno,13131,PT,Suplente,786,1,27,401,0,Rio Grande,210000755783
c1406,g40597,ver20,Professor Marco,Marco Antonio Sais da Costa,13111,PT,Suplente,109,1,178,401,0,Rio Grande,210000755784
c1407,g39679,ver20,Fatima Maier,Maria de Fátima Maier,13200,PT,Suplente,393,1,77,401,0,Rio Grande,210000755786
c1408,g29068,ver20,Professora Tanise,Tanise Silva Reis,13007,PT,Suplente,294,1,106,401,0,Rio Grande,210000755787
c1409,g10100,ver20,Rafael Missiunas,Rafael de Carvalho Missiunas,13777,PT,Eleito,881,1,20,401,0,Rio Grande,210000755788
c1410,g41942,ver20,Lusia Ferreira,Lusia Ribeiro Ferreira,13001,PT,Suplente,117,1,170,401,0,Rio Grande,210000755789
c1411,g40673,ver20,Ricardo Melo,Ricardo Melo dos Santos,13666,PT,Suplente,80,1,216,401,0,Rio Grande,210000755790
c1412,g8997,ver20,Professora Denise,Denise Rodrigues Marques,13123,PT,Eleito,883,1,19,401,0,Rio Grande,210000755791
c1413,g24145,ver20,Regininha,Maria Regina da  Conceição Moraes,13180,PT,Eleito,930,1,14,401,0,Rio Grande,210000755792
c1414,g48299,ver20,Adriana Carvalho,Adriana Matos de Carvalho,13000,PT,Suplente,621,1,36,401,0,Rio Grande,210000755793
c1415,g14659,ver20,Margarette Cavalheiro,Margarette Paz Cavalheiro,13222,PT,Suplente,308,1,101,401,0,Rio Grande,210000755794
c1416,g25968,ver20,Fabrício Cavalheiro,Fabricio Vilneck Cavalheiro,13100,PT,Suplente,324,1,96,401,0,Rio Grande,210000755795
c1417,g23529,ver20,Dino,Ademir Altair Rader,13610,PT,Suplente,90,1,16,65,0,Lindolfo Collor,210000756293
c1418,g25974,ver20,Bettina Presser,Bettina Presser Krug,13999,PT,Suplente,15,1,50,65,0,Lindolfo Collor,210000756294
c1419,g43176,ver20,Cleito Will,Cleito Cristiano Hemming,13013,PT,Suplente,94,1,13,65,0,Lindolfo Collor,210000756295
c1420,g46926,ver20,Wagner Strohhaecker,Wagner Strohhaecker,13333,PT,Suplente,89,1,17,65,0,Lindolfo Collor,210000756297
c1421,g8849,ver20,Mirtes Regina Bohn,Mirtes Regina Bohn,13629,PT,Suplente,35,1,35,65,0,Lindolfo Collor,210000756298
c1422,g3475,ver20,Rogerio Miguel Grutzmann,Rogerio Miguel Grutzmann,13555,PT,Suplente,98,1,11,65,0,Lindolfo Collor,210000756299
c1423,g45484,ver20,Jair Barata,Jair Jose Petter,13789,PT,Eleito,210,1,2,65,0,Lindolfo Collor,210000756300
c1424,g25263,ver20,Valdemario Jose da Silva,Valdemario Jose da Silva,13444,PT,Suplente,18,1,46,65,0,Lindolfo Collor,210000756301
c1425,g47231,ver20,Scherer,Valmir Andre Scherer,13123,PT,Eleito,101,1,10,65,0,Lindolfo Collor,210000756302
c1426,g27788,ver20,Ana Paula Moreira,Ana Paula da Silva Moreira,65111,PC do B,Não eleito,424,1,44,249,0,Bagé,210000758084
c1427,g13472,ver20,Tchuca Gross,Rosil da Cunha Gross,12333,PDT,Suplente,255,1,7,45,0,Fontoura Xavier,210000760429
c1428,g45364,ver20,Noemi da Silva,Noemi da Silva,13234,PT,Suplente,21,1,17,19,0,Cruzaltense,210000760656
c1429,g44154,ver20,Maneco,Osmar Loureira da Silva,13123,PT,Eleito,117,1,8,19,0,Cruzaltense,210000760657
c1430,g36119,ver20,Luiz Vedovatto,Luiz Vedovatto,13456,PT,Suplente,72,1,11,19,0,Cruzaltense,210000760658
c1431,g32745,ver20,Gilmar,Gilmar Antonio da Silva Oliveira,15123,MDB,Suplente,46,1,14,41,0,Paulo Bento,210000761046
c1432,g4648,ver20,Pati Girelli,Patrícia Girelli,13130,PT,Suplente,112,1,10,33,0,São Valentim,210000762090
c1433,g44281,ver20,Gemelli,Luiz Antonio Gemelli,13013,PT,Suplente,30,1,26,33,0,São Valentim,210000762091
c1434,g1070,ver20,Lizi Franceschi,Eliziane Franceschi,13456,PT,Suplente,53,1,20,33,0,São Valentim,210000762092
c1435,g18488,ver20,Ademir Baldo,Ademir Baldo,13650,PT,Eleito,127,1,8,33,0,São Valentim,210000762093
c1436,g28534,ver20,Elenir do Hot Dog,Elenir Rodrigues da Silva Barbosa,13671,PT,Suplente,9,1,48,58,0,Redentora,210000762131
c1437,g38579,ver20,Toco,Valdoir de Quadros Macedo,13622,PT,Suplente,102,1,19,58,0,Redentora,210000762132
c1438,g42834,ver20,Vanderlei da Rosa,Vanderlei da Rosa,13655,PT,Eleito,264,1,6,58,0,Redentora,210000762133
c1439,g45844,ver20,Derli Bento,Derli Bento,13600,PT,Suplente,52,1,28,58,0,Redentora,210000762134
c1440,g25154,ver20,Ivonildo,Ivonildo Aldair dos Santos Vieira,13650,PT,Suplente,159,1,10,58,0,Redentora,210000762135
c1441,g41431,ver20,Professora Marines,Marines de Moura Rosa,13613,PT,Suplente,105,1,18,58,0,Redentora,210000762136
c1442,g22221,ver20,Pai Tadeu,Geneir Tadeu Marques Rodrigues,40678,PSB,Suplente,307,1,21,101,0,Soledade,210000763722
c1443,g7461,ver20,Dilse Machado,Dilse Machado de Mattos,13413,PT,Suplente,87,1,12,29,0,Lajeado do Bugre,210000765445
c1444,g47719,ver20,Vatiesco,Dejavan Vatiesco Machado Duarte,13333,PT,Eleito,103,1,7,29,0,Lajeado do Bugre,210000765446
c1445,g11990,ver20,Cledia,Cledia Regina Nat de Lima,13123,PT,Eleito,101,1,8,29,0,Lajeado do Bugre,210000765447
c1446,g44844,ver20,João Marcos,João Marcos Moreira da Silva,13222,PT,Suplente,49,1,14,29,0,Lajeado do Bugre,210000765448
c1447,g36164,ver20,Crodo,Clodori Prestes da Silva,13112,PT,Suplente,90,1,10,29,0,Lajeado do Bugre,210000765449
c1448,g34209,ver20,Joãozinho,João Ribeiro Bueno,13613,PT,Suplente,19,1,22,29,0,Lajeado do Bugre,210000765450
c1449,g44438,ver20,Alana Flores,Alana Talita Flores,25125,DEM,Não eleito,49,1,58,108,0,Triunfo,210000765497
c1450,g29805,ver20,Maria Inácia,Maria Inácia Paim Berned,13213,PT,Suplente,186,1,59,116,0,Alegrete,210000767354
c1451,g45843,ver20,Paulo Berquó,Paulo Antônio Berquó Farias,13222,PT,Suplente,808,1,7,116,0,Alegrete,210000767355
c1452,g39664,ver20,Seu Rui,Rui Peres Antunes,13123,PT,Suplente,70,1,94,116,0,Alegrete,210000767356
c1453,g14580,ver20,Valter Martins,Valter Luiz Martins,13456,PT,Suplente,237,1,50,116,0,Alegrete,210000767357
c1454,g762,ver20,Oswaldo Ferrari,Oswaldo Ferrari Senador de Oliveira,13013,PT,Suplente,433,1,27,116,0,Alegrete,210000767358
c1455,g38661,ver20,Elaine Montano,Elaine Alexandre Montano,13603,PT,Suplente,78,1,91,116,0,Alegrete,210000767359
c1456,g17736,ver20,Anilton Oliveira,Anilton Gonçalves de Oliveira,13100,PT,Eleito,1075,1,3,116,0,Alegrete,210000767360
c1457,g26804,ver20,Caca Rocha,Claudiomiro da Silva Rocha,13601,PT,Suplente,295,1,38,116,0,Alegrete,210000767361
c1458,g40701,ver20,Valdir França,Valdir Franca de Moura,13999,PT,Suplente,66,1,20,47,0,Hulha Negra,210000767631
c1459,g684,ver20,Dalvir Zorzi,Dalvir Zorzi,13622,PT,Eleito,194,1,6,47,0,Hulha Negra,210000767632
c1460,g18665,ver20,Chico Sotilli,Ivan Sotilli,13655,PT,Suplente,36,1,28,47,0,Hulha Negra,210000767633
c1461,g32113,ver20,Irineu Engelmann,Irineu Engelmann,13680,PT,Suplente,72,1,18,47,0,Hulha Negra,210000767634
c1462,g48700,ver20,Hugo Teixeira,Hugo Trenchi Garcia Teixeira,13600,PT,Eleito,198,1,5,47,0,Hulha Negra,210000767635
c1463,g368,ver20,Jair Vaz,Jair Amilton de Souza Vaz,13123,PT,Suplente,26,1,33,47,0,Hulha Negra,210000767636
c1464,g46980,ver20,Floripa,Floripa de Cavalheiro Medeiros,13456,PT,Suplente,6,1,44,47,0,Hulha Negra,210000767637
c1465,g42440,ver20,Mara Morales,Mara Sueli Ramos Morales,13612,PT,Suplente,43,1,24,47,0,Hulha Negra,210000767638
c1466,g45006,ver20,Raquel Rita do Brick,Raquel Menezes Rita,13133,PT,Suplente,21,1,35,47,0,Hulha Negra,210000767639
c1467,g17676,ver20,Ezequias de Souza,Ezequias Sieg de Souza,13016,PT,Suplente,21,1,35,47,0,Hulha Negra,210000767640
c1468,g36894,ver20,Joana Duarte,Joanaina Duarte Coelho,13176,PT,Suplente,8,1,41,47,0,Hulha Negra,210000767641
c1469,g32475,ver20,Volnei Manfron,Volnei Domingo Manfron,13613,PT,Eleito,240,1,2,47,0,Hulha Negra,210000767642
c1470,g12010,ver20,Amelinha Lopes,Amelinha Lopes da Silva,13777,PT,Suplente,84,1,14,47,0,Hulha Negra,210000767643
c1471,g3411,ver20,Dani,Danieli Buttinger,13333,PT,Eleito,205,1,8,45,0,São Vicente do Sul,210000768394
c1472,g36370,ver20,Joel Telles,Joel Fernando Marques de Oliveira,13013,PT,Suplente,115,1,21,45,0,São Vicente do Sul,210000768395
c1473,g21768,ver20,Fernanda Furlan,Fernanda Mendes Furlan,13123,PT,Suplente,60,1,25,45,0,São Vicente do Sul,210000768396
c1474,g10751,ver20,Agente Guta,Gustavo Dela Pace da Silveira,13007,PT,Suplente,48,1,27,45,0,São Vicente do Sul,210000768397
c1475,g15783,ver20,David,David Sete Moreira da Costa,13000,PT,Suplente,197,1,11,45,0,São Vicente do Sul,210000768398
c1476,g19350,ver20,Azambuja,Norberto Ferreira de Azambuja,13000,PT,Não eleito,93,1,19,66,0,General Câmara,210000768755
c1477,g31783,ver20,Rodrigo,Rodrigo da Silva Gonçalves,13513,PT,Suplente,36,1,16,26,0,Gramado dos Loureiros,210000768993
c1478,g16559,ver20,Gringa,Rosilda Fortes da Silva,13333,PT,Suplente,27,1,20,26,0,Gramado dos Loureiros,210000768994
c1479,g50938,ver20,Bide,Ivanir Giordani,13313,PT,Eleito,101,1,11,26,0,Gramado dos Loureiros,210000768995
c1480,g7684,ver20,Laudinir - Porão,Laudinir Hanauer,13777,PT,Não eleito,90,1,15,23,0,São Pedro da Serra,210000769000
c1481,g19990,ver20,Sieglinde,Sieglinde Deuner,13444,PT,Não eleito,62,1,17,23,0,São Pedro da Serra,210000769001
c1482,g26926,ver20,Paulo Fenner,Paulo Renato Pompeu Fenner,13330,PT,Não eleito,23,1,22,23,0,São Pedro da Serra,210000769002
c1483,g16565,ver20,Luiz Duarte da Farmácia,Luiz Alberto Nunes Duarte,13014,PT,Suplente,456,1,28,167,0,Esteio,210000769586
c1484,g41687,ver20,Enfermeiro Carlos,Juvêncio Carlos Bicca Bicca,13777,PT,Suplente,198,1,61,167,0,Esteio,210000769587
c1485,g8822,ver20,Mateus da Barbearia,Mateus de Souza e Souza,13333,PT,Suplente,178,1,65,167,0,Esteio,210000769588
c1486,g37808,ver20,Janaína Santos,Janaína Beatriz Machado dos Santos,13003,PT,Suplente,160,1,70,167,0,Esteio,210000769589
c1487,g13281,ver20,Maria Elma,Maria Elma Tavares,13331,PT,Suplente,108,1,86,167,0,Esteio,210000769590
c1488,g19467,ver20,Ricardinho,Ricardo Antônio Fortes do Amaral,13123,PT,Suplente,393,1,34,167,0,Esteio,210000769591
c1489,g44239,ver20,Leo Dahmer,Leonardo Dahmer,13000,PT,Eleito,1185,1,5,167,0,Esteio,210000769592
c1490,g8656,ver20,Professor Marco Lopes,Marco Antônio Lopes,13050,PT,Suplente,79,1,105,167,0,Esteio,210000769593
c1491,g37502,ver20,Gilmar Rinaldi,Gilmar Antônio Rinaldi,13789,PT,Eleito,1345,1,4,167,0,Esteio,210000769594
c1492,g49429,ver20,Vera Tita,Vera Lucia da Silva,13313,PT,Suplente,605,1,21,167,0,Esteio,210000769595
c1493,g6330,ver20,Eliane da Silva,Eliane Teresinha da Silva da Silva,13013,PT,Suplente,132,1,75,167,0,Esteio,210000769596
c1494,g32436,ver20,Fabio Neumann Fabinho,Fabio Neumann Figueredo,13111,PT,Suplente,932,1,9,167,0,Esteio,210000769597
c1495,g44330,ver20,Zé Barbudo,José Carlos Silva da Rosa,13444,PT,Suplente,201,1,60,167,0,Esteio,210000769598
c1496,g175,ver20,Ju Ferreira,Juliana Ferreira,13400,PT,Suplente,409,1,32,167,0,Esteio,210000769599
c1497,g31951,ver20,Gilmar Antonietti,Gilmar Antonietti,13444,PT,Não eleito,163,1,36,64,0,Garibaldi,210000770309
c1498,g25703,ver20,Ivanes Zappaz,Ivanes Zappaz,13001,PT,Não eleito,201,1,32,64,0,Garibaldi,210000770310
c1499,g36710,ver20,Sandro Cisilotto Garda,Sandro Cisilotto Garda,13777,PT,Não eleito,480,1,16,64,0,Garibaldi,210000770311
c1500,g43010,ver20,Claudia Schiedeck,Claudia Schiedeck Soares de Souza,13456,PT,Não eleito,186,1,34,64,0,Garibaldi,210000770312
c1501,g26391,ver20,Gilmar Berté,Gilmar Pedro Berté,13013,PT,Não eleito,319,1,23,64,0,Garibaldi,210000770313
c1502,g26494,ver20,Roze Vasconcelos,Rozelia Quoos de Vasconcelos,13313,PT,Não eleito,95,1,43,64,0,Garibaldi,210000770314
c1503,g31551,ver20,Isabel Gonçalves,Isabel Maria Gonçalves da Silva,13113,PT,Não eleito,46,1,51,64,0,Garibaldi,210000770315
c1504,g10522,ver20,Rambo Alemão,Fabio Gustavo Rambo,13180,PT,Não eleito,46,1,51,64,0,Garibaldi,210000770316
c1505,g735,ver20,Marcio Oliveira,Marcio Silva de Oliveira,13000,PT,Não eleito,83,1,46,64,0,Garibaldi,210000770317
c1506,g29145,ver20,João Baruffaldi,João Baruffaldi,13333,PT,Eleito,84,1,6,24,0,Coronel Pilar,210000770990
c1507,g21431,ver20,Adriano Ferrari,Adriano Ferrari,13013,PT,Eleito,129,1,2,24,0,Coronel Pilar,210000770991
c1508,g39106,ver20,Zulmira Maria Felipin,Zulmira Maria Felipin,13111,PT,Suplente,14,1,19,24,0,Coronel Pilar,210000770992
c1509,g15576,ver20,Ione Terezinha,Ione Terezinha Zimmermann Cardozo,13333,PT,Suplente,171,1,23,50,0,Santo Augusto,210000771973
c1510,g47631,ver20,Sueli dos Santos,Sueli Fatima dos Santos,13013,PT,Suplente,18,1,50,50,0,Santo Augusto,210000771974
c1511,g10675,ver20,Sônia,Sônia Regina da Silva,13000,PT,Suplente,114,1,31,50,0,Santo Augusto,210000771975
c1512,g45755,ver20,Caju,Darci Francisco Cavalheiro,13111,PT,Suplente,94,1,33,50,0,Santo Augusto,210000771976
c1513,g8577,ver20,Vanderlei Soares,Vanderlei Viana Soares,13777,PT,Suplente,46,1,42,50,0,Santo Augusto,210000771977
c1514,g46239,ver20,Maicon Lopes,Maicon Mauricio Lopes,13120,PT,Eleito,200,1,18,50,0,Santo Augusto,210000771978
c1515,g21150,ver20,Pai Miguel,Miguel Nunes Borges,13666,PT,Suplente,255,1,18,107,0,Santa Vitória do Palmar,210000773751
c1516,g2311,ver20,Maria das Graças,Maria das Graças Rodrigues Morales,13989,PT,Suplente,6,1,106,107,0,Santa Vitória do Palmar,210000773752
c1517,g30857,ver20,Professor Mauricio,Mauricio Roque Silva de Freitas,13888,PT,Eleito,440,1,9,107,0,Santa Vitória do Palmar,210000773753
c1518,g43892,ver20,Jaquinha,Emerson Selayaran Cava,13333,PT,Suplente,274,1,17,107,0,Santa Vitória do Palmar,210000773754
c1519,g42234,ver20,Laurinha,Laura Roziane Cardoso Teixeira,13013,PT,Suplente,95,1,49,107,0,Santa Vitória do Palmar,210000773755
c1520,g19686,ver20,Vivi Muller,Viviane Maciel Muller,13654,PT,Eleito,319,1,15,107,0,Santa Vitória do Palmar,210000773756
c1521,g18997,ver20,Maristela Emoções,Maristela dos Santos Pereira,13500,PT,Suplente,166,1,34,107,0,Santa Vitória do Palmar,210000773757
c1522,g48858,ver20,Sandro Borges Dandão,Sandro Borges Silva,13777,PT,Suplente,70,1,57,107,0,Santa Vitória do Palmar,210000773758
c1523,g13173,ver20,Katia Duarte,Katia Cilene de Quadros Duarte,13799,PT,Suplente,224,1,20,107,0,Santa Vitória do Palmar,210000773759
c1524,g34714,ver20,Carlinhos do Pt,Carlos Olmiro Collasso Moreira,13123,PT,Suplente,31,1,87,107,0,Santa Vitória do Palmar,210000773760
c1525,g15151,ver20,Nivia,Nivia Maria Silva,13665,PT,Suplente,130,1,42,107,0,Santa Vitória do Palmar,210000773761
c1526,g31574,ver20,Gabriel,Gabriel Silveira da Silva,13730,PT,Suplente,205,1,25,107,0,Santa Vitória do Palmar,210000773762
c1527,g37726,ver20,Rodinei Tô Ligado,Rodinei Mirapalhete Cruz,13603,PT,Suplente,106,1,45,107,0,Santa Vitória do Palmar,210000773763
c1528,g32761,ver20,Pita,Pitagoras Marzullo Viana,13713,PT,Suplente,154,1,37,107,0,Santa Vitória do Palmar,210000773764
c1529,g4742,ver20,O Camila,Cláudio Oberdan Borges Pereira,13413,PT,Suplente,172,1,31,107,0,Santa Vitória do Palmar,210000773765
c1530,g3097,ver20,Tchilila,Juscely dos Santos Cardoso de Aguiar,13456,PT,Eleito,362,1,12,107,0,Santa Vitória do Palmar,210000773766
c1531,g39806,ver20,Claudiomar Pescador,Claudiomar Abreu de Moura,13016,PT,Suplente,229,1,19,107,0,Santa Vitória do Palmar,210000773767
c1532,g44431,ver20,Carlinhos da Ambulância,Carlos Julio Capera Silvera,13000,PT,Eleito,468,1,7,107,0,Santa Vitória do Palmar,210000773768
c1533,g19666,ver20,Daniel Cardoso,Daniel da Silva Cardoso,13900,PT,Suplente,77,1,54,107,0,Santa Vitória do Palmar,210000773769
c1534,g32115,ver20,Sandro do Pt,Sandro Alex Fagundes,13999,PT,Suplente,96,1,48,107,0,Santa Vitória do Palmar,210000773770
c1535,g47938,ver20,Sidinei Viana,Sidinei Viana,13013,PT,Não eleito,306,1,9,35,0,Seberi,210000774509
c1536,g39764,ver20,Fátima Kovalski,Fátima Maria Lorenzi Kovalski,13131,PT,Não eleito,33,1,32,35,0,Seberi,210000774510
c1537,g10383,ver20,Everton,Everton Campanharo Rodrigues,13789,PT,Eleito,181,1,8,30,0,Ciríaco,210000775338
c1538,g16152,ver20,Jorge,Jorge Alessandretti,13456,PT,Suplente,33,1,21,30,0,Ciríaco,210000775339
c1539,g49684,ver20,Mateus Viecilli,Mateus Berton Viecilli,13123,PT,Suplente,136,1,13,30,0,Ciríaco,210000775340
c1540,g17494,ver20,Silvia Chiarello,Silvia Mazetto Chiarello,13322,PT,Suplente,43,1,19,30,0,Ciríaco,210000775341
c1541,g41078,ver20,Ary Segala,Ary Segala,13610,PT,Eleito,248,1,3,30,0,Ciríaco,210000775342
c1542,g3325,ver20,Sirlei,Sirlei de Fátima Ely Camargo,13313,PT,Suplente,10,1,27,30,0,Ciríaco,210000775343
c1543,g11444,ver20,Jaqueline,Jaqueline Monteiro do Carmo dos Santos,13630,PT,Suplente,13,1,26,30,0,Ciríaco,210000775344
c1544,g22507,ver20,Dulce,Dulce Aparecida dos Santos,13362,PT,Suplente,9,1,21,22,0,Cacique Doble,210000776664
c1545,g27371,ver20,Sidi,Sidnei Salete Carniel Olivoto,13333,PT,Eleito,193,1,8,22,0,Cacique Doble,210000776665
c1546,g12002,ver20,Pipino,Daltro Beltrame,13000,PT,Suplente,46,1,18,22,0,Cacique Doble,210000776666
c1547,g26803,ver20,Petezinho,Valmir Zenis,13015,PT,Suplente,111,1,14,22,0,Cacique Doble,210000776668
c1548,g19976,ver20,Sadizinho,Sadi Zauza,10123,REPUBLICANOS,Não eleito,58,1,15,30,0,Ciríaco,210000776926
c1549,g3220,ver20,Marcelo,Marcial de Almeida,13078,PT,Não eleito,194,1,46,170,0,São Gabriel,210000777481
c1550,g43129,ver20,Aurea Menezes,Aurea Maria Menezes de Avila,13806,PT,Não eleito,27,1,124,170,0,São Gabriel,210000777482
c1551,g38769,ver20,Lirba,Lirba Maria da Costa Machado,13123,PT,Não eleito,10,1,154,170,0,São Gabriel,210000777483
c1552,g48203,ver20,Eliamar Oliveira,Eliamar Silva de Oliveira,13113,PT,Não eleito,61,1,91,170,0,São Gabriel,210000777484
c1553,g43965,ver20,Camarguinho da Fronteira,Inocencio dos Santos Camargo,13713,PT,Não eleito,119,1,65,170,0,São Gabriel,210000777485
c1554,g1354,ver20,Taborda,Luis Fernando Taborda de Almeida,13333,PT,Não eleito,66,1,85,170,0,São Gabriel,210000777487
c1555,g24196,ver20,Magali Balconi,Magali Gomes Balconi,13456,PT,Não eleito,179,1,49,170,0,São Gabriel,210000777488
c1556,g47071,ver20,Sandro Freitas,Sandro Reginaldo Silva de Freitas,13013,PT,Não eleito,8,1,159,170,0,São Gabriel,210000777490
c1557,g12063,ver20,Felipe Abib,Felipe Nascimento Abib,13613,PT,Não eleito,468,1,21,170,0,São Gabriel,210000777491
c1558,g31049,ver20,Zila,Zila Umpierre Soares,13222,PT,Não eleito,10,1,154,170,0,São Gabriel,210000777492
c1559,g39762,ver20,Americo Fagundes,Americo Fagundes dos Santos,13031,PT,Não eleito,20,1,136,170,0,São Gabriel,210000777493
c1560,g48095,ver20,Vanuza,Vanuza Vicentini,25444,DEM,Suplente,29,1,46,50,0,Santo Augusto,210000780706
c1561,g2789,ver20,Alaor Barbosa,Alaor Correa Barbosa,10109,REPUBLICANOS,Suplente,236,1,203,481,0,Caxias do Sul,210000781345
c1562,g8787,ver20,Amanda Chagas,Amanda Silva Chagas,13130,PT,Suplente,46,1,58,79,0,Jaguarão,210000783467
c1563,g8415,ver20,Miriam Coelho,Miriam Coelho Martinez Velazques,13333,PT,Suplente,255,1,13,79,0,Jaguarão,210000783468
c1564,g2145,ver20,Professor Vitor,Vitor Hugo de Souza Almeida,13234,PT,Suplente,96,1,35,79,0,Jaguarão,210000783469
c1565,g8540,ver20,Edilson Farias,Edilson Farias,13400,PT,Suplente,110,1,33,79,0,Jaguarão,210000783470
c1566,g42683,ver20,Oberte Paiva,Oberte da Silva Paiva,13300,PT,Suplente,214,1,18,79,0,Jaguarão,210000783471
c1567,g24412,ver20,Wellington Cabaldi,Wellington Gonçalves Cabaldi,13888,PT,Suplente,79,1,41,79,0,Jaguarão,210000783472
c1568,g12171,ver20,Roseli Calvetti,Roseli Calvetti,13600,PT,Suplente,240,1,15,79,0,Jaguarão,210000783473
c1569,g22429,ver20,Alex Pitoni,Alex Pitoni,13001,PT,Suplente,300,1,10,79,0,Jaguarão,210000783474
c1570,g9877,ver20,Lisandro Lenz,Lisandro da Silva Lenz,13013,PT,Eleito,412,1,5,79,0,Jaguarão,210000783475
c1571,g45533,ver20,Isabel Espinoza,Isabel Cristina Espinoza Souza,13900,PT,Eleito,467,1,4,79,0,Jaguarão,210000783476
c1572,g10115,ver20,Kakão,Eduardo Pires Moraes,13984,PT,Suplente,225,1,16,79,0,Jaguarão,210000783477
c1573,g47380,ver20,Maria Fernanda,Maria Fernanda Passos das Neves,13313,PT,Suplente,333,1,6,79,0,Jaguarão,210000783478
c1574,g10791,ver20,Professora Iracema,Iracema Veleda Goulart,13007,PT,Suplente,52,1,52,79,0,Jaguarão,210000783479
c1575,g48386,ver20,Sadi Preto,Sadi Lopes da Silva,14261,PTB,Suplente,11,1,41,41,0,Vale do Sol,210000783769
c1576,g21681,ver20,Naldir Vicente,Naldir Vicente,13213,PT,Suplente,80,1,27,56,0,Palmitinho,210000784431
c1577,g21942,ver20,Ademir Bonafe,Ademir Bonafe,13013,PT,Suplente,84,1,23,56,0,Palmitinho,210000784432
c1578,g3754,ver20,Ananias Bastos,Ananias Bastos,13513,PT,Suplente,125,1,11,56,0,Palmitinho,210000784433
c1579,g1090,ver20,Cildeine,Cildeine Antonia de Castro,13113,PT,Suplente,24,1,43,56,0,Palmitinho,210000784434
c1580,g40593,ver20,Claudia Reis,Claudia Eliane dos Reis Queiroz,13111,PT,Suplente,16,1,49,56,0,Palmitinho,210000784435
c1581,g45962,ver20,Rocha,Evonir da Rocha,13500,PT,Suplente,119,1,12,56,0,Palmitinho,210000784436
c1582,g2823,ver20,Jaque,Jaqueline Lazarotto,13613,PT,Suplente,17,1,48,56,0,Palmitinho,210000784438
c1583,g15015,ver20,Luiz Henrique,Luiz Henrique Dalcanton,13813,PT,Eleito,287,1,3,56,0,Palmitinho,210000784439
c1584,g42455,ver20,Cleide Rodrigues,Cleide Duarte Rodrigues Garcia,13777,PT,Suplente,34,1,42,59,0,Salto do Jacuí,210000784496
c1585,g19041,ver20,Lucas Santiago,Lucas Santiago dos Santos,13007,PT,Suplente,79,1,30,59,0,Salto do Jacuí,210000784497
c1586,g22443,ver20,Paula Weber,Paula Adriana Franco  Weber,13333,PT,Suplente,34,1,42,59,0,Salto do Jacuí,210000784498
c1587,g43904,ver20,Paulo Menezes,Paulo Menezes,13078,PT,Suplente,8,1,53,59,0,Salto do Jacuí,210000784499
c1588,g26738,ver20,Cleres,Cleres Maria Cavalheiro Revelante,13000,PT,Eleito,144,1,17,59,0,Salto do Jacuí,210000784500
c1589,g31382,ver20,Elivelton,Elivelton dos Reis Noi,13613,PT,Suplente,125,1,20,59,0,Salto do Jacuí,210000784501
c1590,g9881,ver20,Rosely,Rosely Schneider,13123,PT,Não eleito,48,1,85,144,0,Teutônia,210000784626
c1591,g38654,ver20,Paulo Roberto Bayer,Paulo Roberto Bayer,13001,PT,Não eleito,102,1,53,144,0,Teutônia,210000784628
c1592,g18941,ver20,Felipe Pinow,Wanderson Felipe Pinow Vidal,13013,PT,Suplente,26,1,22,32,0,Miraguaí,210000785621
c1593,g14192,ver20,Pelezinho,Luiz Carlos Carvalho,13000,PT,Suplente,45,1,17,32,0,Miraguaí,210000785622
c1594,g49073,ver20,Papo,Valdir de Jesus,13123,PT,Suplente,110,1,11,32,0,Miraguaí,210000785623
c1595,g12343,ver20,Vandinho,Vanderlei Antonio Lunardi,13456,PT,Eleito,241,1,4,32,0,Miraguaí,210000785624
c1596,g27277,ver20,Monica,Monica de Moura Rosa,13113,PT,Suplente,34,1,21,32,0,Miraguaí,210000785625
c1597,g10807,ver20,Juliana Padilha,Juliana Padilha,13133,PT,Suplente,39,1,20,32,0,Miraguaí,210000785626
c1598,g36713,ver20,Ana Aurelia,Ana Aurélia Flores Andreazza,13123,PT,Suplente,98,1,60,142,0,Rosário do Sul,210000789070
c1599,g13476,ver20,Amadeo Varela,Amadeo Vargas Varela,13789,PT,Suplente,111,1,50,142,0,Rosário do Sul,210000789071
c1600,g20677,ver20,Agripino Trindade,Agripino da Rosa Trindade,13654,PT,Suplente,41,1,90,142,0,Rosário do Sul,210000789072
c1601,g27281,ver20,Atheros Cides,Atheros Cides dos Santos,13007,PT,Eleito,322,1,18,142,0,Rosário do Sul,210000789073
c1602,g13866,ver20,Valdenir Alves Caboclo,Valdenir da Rosa Alves,13013,PT,Suplente,38,1,92,142,0,Rosário do Sul,210000789074
c1603,g19270,ver20,Mano Volnei,Volnei Rosa da Silva,13513,PT,Suplente,90,1,62,142,0,Rosário do Sul,210000789075
c1604,g1613,ver20,Jaime Ramis,Jaime Nunes Ramis,13001,PT,Suplente,8,1,133,142,0,Rosário do Sul,210000789076
c1605,g38885,ver20,Levi Flores,Levi Alexandre Flores,13555,PT,Suplente,69,1,73,142,0,Rosário do Sul,210000789077
c1606,g39079,ver20,Mary Silva,Mariglei da Silva Machado,13969,PT,Suplente,25,1,108,142,0,Rosário do Sul,210000789078
c1607,g17114,ver20,Lucio Menezes,Lucio Adriano Flores de Menezes,13456,PT,Suplente,8,1,133,142,0,Rosário do Sul,210000789079
c1608,g34029,ver20,Professora Roselei,Roselei da Silva Witt,13000,PT,Suplente,281,1,21,142,0,Rosário do Sul,210000789080
c1609,g31468,ver20,Zaltron Chico,José Antonio Mezeck Zaltron,13190,PT,Suplente,128,1,48,142,0,Rosário do Sul,210000789081
c1610,g39634,ver20,Irene da Rosa Bandeira,Irene da Rosa Bandeira,13133,PT,Suplente,24,1,110,142,0,Rosário do Sul,210000789082
c1611,g42932,ver20,Eng Gilvam Carvalho,Gilvam da Silva Carvalho,13088,PT,Suplente,15,1,148,195,0,Charqueadas,210000789609
c1612,g10517,ver20,Joana Olívia,Joana Olívia Fernandes,13876,PT,Suplente,50,1,85,195,0,Charqueadas,210000789610
c1613,g38863,ver20,Paula Fernandes,Paula dos Santos Fernandes,13130,PT,Suplente,100,1,54,195,0,Charqueadas,210000789611
c1614,g115,ver20,Bruna Haag,Bruna da Silva Haag,13333,PT,Suplente,49,1,86,195,0,Charqueadas,210000789612
c1615,g11189,ver20,Picolotto,Joacir Picolotto,13655,PT,Suplente,69,1,69,195,0,Charqueadas,210000789613
c1616,g14277,ver20,Almerindo Guterres Dutra,Almerindo Guterres Dutra,13644,PT,Suplente,149,1,38,195,0,Charqueadas,210000789614
c1617,g28897,ver20,Pedro Wathier,Valdir Pedro Wathier,13657,PT,Suplente,88,1,58,195,0,Charqueadas,210000789615
c1618,g10327,ver20,Prof Rose Souza,Rosângela de Carvalho Souza,13123,PT,Suplente,403,1,8,195,0,Charqueadas,210000789616
c1619,g35966,ver20,Fernando Marques,Fernando Marques Visnievski,13456,PT,Suplente,68,1,72,195,0,Charqueadas,210000789617
c1620,g43366,ver20,Luana Silva,Luana Leote da Silva,13013,PT,Suplente,31,1,108,195,0,Charqueadas,210000789618
c1621,g27257,ver20,Prof Paula Ynajá,Paula Ynajá Vieira Nunes,13613,PT,Eleito,719,1,2,195,0,Charqueadas,210000789619
c1622,g20691,ver20,Wagner Madeira,Wagner Rosa dos Santos,13010,PT,Suplente,44,1,92,195,0,Charqueadas,210000789620
c1623,g47502,ver20,Bruno Oliveira,Bruno Oliveira da Silva,13233,PT,Suplente,85,1,61,195,0,Charqueadas,210000789621
c1624,g19481,ver20,Felipe Moita,Carlos Felipe Lopes Rodrigues,13444,PT,Não eleito,16,1,40,57,0,Arambaré,210000790888
c1625,g2398,ver20,Tainá Antunes,Taina Jaknke Antunes,13222,PT,Não eleito,10,1,49,57,0,Arambaré,210000790889
c1626,g10092,ver20,Eduardo Silva,Eduardo Cordeiro da Silva,13120,PT,Não eleito,61,1,15,57,0,Arambaré,210000790890
c1627,g10933,ver20,Celso Moraes,Celso Luiz de Moraes,13620,PT,Não eleito,6,1,56,57,0,Arambaré,210000790891
c1628,g7226,ver20,Angela Costa,Angela Costa,13155,PT,Não eleito,12,1,44,57,0,Arambaré,210000790892
c1629,g46467,ver20,Marcio Costa,Marcio Costa da Silva,13350,PT,Não eleito,38,1,23,57,0,Arambaré,210000790893
c1630,g43567,ver20,Samanta,Samanta Garcia,13012,PT,Não eleito,22,1,37,57,0,Arambaré,210000790894
c1631,g26902,ver20,Guilherme Priebe,Guilherme Priebe,13333,PT,Não eleito,38,1,23,57,0,Arambaré,210000790895
c1632,g9981,ver20,Ciro Almada,Ciro de Carvalho Almada,13130,PT,Não eleito,13,1,43,57,0,Arambaré,210000790896
c1633,g46692,ver20,Isamar Oliveira,Isamar Jose Oliveira da Silva,12444,PDT,Suplente,761,1,37,326,0,Passo Fundo,210000793552
c1634,g33838,ver20,Clarice,Maria Clarice Adams,13123,PT,Suplente,21,1,30,35,0,São Miguel das Missões,210000795639
c1635,g25013,ver20,Bola,Silmar Mullich,13601,PT,Suplente,217,1,8,35,0,São Miguel das Missões,210000795640
c1636,g20332,ver20,Gilo,Giloe Brizola dos Santos,13444,PT,Eleito,226,1,7,35,0,São Miguel das Missões,210000795641
c1637,g46562,ver20,Professor Chico,Francisco Fang,13456,PT,Suplente,135,1,15,35,0,São Miguel das Missões,210000795642
c1638,g21440,ver20,Keli Ten Caten,Keli Cristina Ten Caten,13055,PT,Suplente,14,1,31,35,0,São Miguel das Missões,210000795643
c1639,g552,ver20,Andreia Zwertes Surkamp,Andreia Zwertes Surkamp,13250,PT,Suplente,16,1,27,36,0,Cristal do Sul,210000796629
c1640,g13006,ver20,Dirceu João Kunze,Dirceu João Kunze,13555,PT,Suplente,49,1,14,36,0,Cristal do Sul,210000796630
c1641,g19683,ver20,Fabiane Facco,Fabiane Geleide Facco,13567,PT,Suplente,18,1,24,36,0,Cristal do Sul,210000796631
c1642,g19399,ver20,Osvaldo,Osvaldo Luiz Cardoso Pinto,13456,PT,Eleito,206,1,1,36,0,Cristal do Sul,210000796632
c1643,g11341,ver20,Luiz Binsfeld,Luiz Binsfeld,13000,PT,Suplente,88,1,9,36,0,Cristal do Sul,210000796633
c1644,g42540,ver20,Tiago,Tiago Propodolski,13013,PT,Eleito,159,1,5,36,0,Cristal do Sul,210000796634
c1645,g26959,ver20,Professora Sônia Rambo,Sônia Nadir Rambo,13123,PT,Não eleito,140,1,11,23,0,Harmonia,210000797140
c1646,g50279,ver20,Professor Egon,Egon Aloysio Stroeher,13000,PT,Não eleito,86,1,29,44,0,Feliz,210000797232
c1647,g36180,ver20,Ika,Geneci Ribeiro,13613,PT,Suplente,5,1,53,56,0,Riozinho,210000798285
c1648,g10572,ver20,Lorena Otto,Lorena de Fátima Otto,13123,PT,Suplente,11,1,46,56,0,Riozinho,210000798286
c1649,g10812,ver20,Tânia Carvalho,Tânia Maria Carvalho,13600,PT,Suplente,9,1,48,56,0,Riozinho,210000798287
c1650,g20028,ver20,Mamuty Petry,Cledio Osmir Petry,13900,PT,Suplente,109,1,12,56,0,Riozinho,210000798288
c1651,g30363,ver20,Paulinho do Gás,Paulo Roberto Rischter,13000,PT,Eleito,139,1,4,56,0,Riozinho,210000798289
c1652,g22382,ver20,Tuche,Adelar Schreiner,13777,PT,Suplente,4,1,54,56,0,Riozinho,210000798290
c1653,g37025,ver20,Marcio do Sindicato,Gilberto Marcio Iungton,13555,PT,Suplente,62,1,21,56,0,Riozinho,210000798291
c1654,g45864,ver20,Cacique Felipe,Felipe Oscar Brizoela,13456,PT,Suplente,15,1,42,56,0,Riozinho,210000798292
c1655,g32811,ver20,Zé Baiano,José Simão Machado de Oliveira,13999,PT,Suplente,14,1,43,56,0,Riozinho,210000798293
c1656,g30354,ver20,Feijão,Ilésio Vanderlei da Rosa,10020,REPUBLICANOS,Não eleito,85,1,55,105,0,Portão,210000799724
c1657,g14503,ver20,Jacson Turra,Jacson Strauss Turra,13789,PT,Suplente,108,1,97,193,0,Sant'Ana do Livramento,210000800695
c1658,g23406,ver20,Aquiles,Aquiles Rodrigues Pires,13555,PT,Eleito,1053,1,5,193,0,Sant'Ana do Livramento,210000800696
c1659,g30575,ver20,Dionilza Motta,Dionilza Martins Motta Maciel,13335,PT,Suplente,13,1,178,193,0,Sant'Ana do Livramento,210000800697
c1660,g2327,ver20,Monica Carlinda,Monica Carlinda dos Santos da Cunha,13813,PT,Suplente,36,1,145,193,0,Sant'Ana do Livramento,210000800698
c1661,g15160,ver20,Graxa,Osmar de Lucca,13013,PT,Suplente,533,1,22,193,0,Sant'Ana do Livramento,210000800699
c1662,g12837,ver20,Cand Coletiva Representa,Yuan Kuen Baltazar da Nobrega Tong,13420,PT,Suplente,175,1,72,193,0,Sant'Ana do Livramento,210000800700
c1663,g14855,ver20,Aline Dias,Aline Dias Lopes,13022,PT,Suplente,33,1,148,193,0,Sant'Ana do Livramento,210000800701
c1664,g32173,ver20,Dagberto Reis,Dagberto Cezarino dos Reis,13123,PT,Eleito,564,1,18,193,0,Sant'Ana do Livramento,210000800702
c1665,g5389,ver20,Delmar da Rosa,Delmar da Rosa Rodrigues,13444,PT,Suplente,101,1,102,193,0,Sant'Ana do Livramento,210000800703
c1666,g45427,ver20,Denise Toledo,Denise Maria Brites Toledo,13111,PT,Suplente,506,1,26,193,0,Sant'Ana do Livramento,210000800704
c1667,g24876,ver20,Fabricio Peres,Fabricio Peres da Silva,13333,PT,Suplente,509,1,25,193,0,Sant'Ana do Livramento,210000800705
c1668,g8724,ver20,Joao Carlos Pereira Gonsales,Joao Carlos Pereira Gonsales,13644,PT,Suplente,69,1,119,193,0,Sant'Ana do Livramento,210000800706
c1669,g38851,ver20,Enrique Lopes,Jose Enrique Lopez Costa,13777,PT,Suplente,95,1,107,193,0,Sant'Ana do Livramento,210000800707
c1670,g13562,ver20,Leandro Ferreira,Leandro Adilio Ferreira,13000,PT,Eleito,666,1,10,193,0,Sant'Ana do Livramento,210000800708
c1671,g37865,ver20,Itacir,Luiz Itacir Soares,13313,PT,Suplente,428,1,37,193,0,Sant'Ana do Livramento,210000800709
c1672,g48114,ver20,Sandro Dias,Sandro Dias Soares,13113,PT,Suplente,69,1,119,193,0,Sant'Ana do Livramento,210000800711
c1673,g12689,ver20,Sallete Cabral,Maria Sallete Barbosa Cabral,13213,PT,Suplente,24,1,161,193,0,Sant'Ana do Livramento,210000800712
c1674,g32252,ver20,Claudio Milan,Claudio Deniz Milan Ignacio,13888,PT,Suplente,405,1,39,193,0,Sant'Ana do Livramento,210000800713
c1675,g33508,ver20,Candida Roberta,Candida Roberta Rodrigues Machado Assunção Gomes,13456,PT,Suplente,325,1,46,193,0,Sant'Ana do Livramento,210000800714
c1676,g25958,ver20,Luis D Aganju,Luis Augusto Peres Silveira,13666,PT,Suplente,133,1,89,193,0,Sant'Ana do Livramento,210000800715
c1677,g15281,ver20,Prof Elaine,Elaine de Almeida Silva,13333,PT,Não eleito,292,1,9,25,0,Coronel Bicaco,210000802523
c1678,g23490,ver20,Jesus,Ailton Puttlitz,13021,PT,Suplente,4,1,30,31,0,Maximiliano de Almeida,210000802562
c1679,g42646,ver20,Vera do Padeiro,Veranice Pegorini Baldissera,13456,PT,Eleito,170,1,6,31,0,Maximiliano de Almeida,210000802563
c1680,g40548,ver20,Junior Calderolli,Junior Fernando Calderolli,13333,PT,Suplente,65,1,21,31,0,Maximiliano de Almeida,210000802564
c1681,g44741,ver20,Marcelo Locatelli,Marcelo Junior Locatelli,13613,PT,Suplente,122,1,14,31,0,Maximiliano de Almeida,210000802566
c1682,g45894,ver20,Tere Lourenço,Terezinha Lourenço,13013,PT,Suplente,98,1,17,31,0,Maximiliano de Almeida,210000802567
c1683,g32778,ver20,Ana Ferreira,Ana Maria Machado Ferreira,13233,PT,Suplente,27,1,25,31,0,Maximiliano de Almeida,210000802568
c1684,g47408,ver20,Fabio Macanan,Fabio Macanan,13123,PT,Eleito,142,1,11,31,0,Maximiliano de Almeida,210000802569
c1685,g47147,ver20,Onira Zonin,Onira Orlando Zonin,13213,PT,Suplente,125,1,13,31,0,Maximiliano de Almeida,210000802570
c1686,g48930,ver20,Professor Elton Mentges,Elton Mentges,13513,PT,Eleito,326,1,13,66,0,Giruá,210000803657
c1687,g27672,ver20,Ricardo Jurenick,Ricardo Rogério Jurenick,13123,PT,Suplente,55,1,34,66,0,Giruá,210000803658
c1688,g12736,ver20,Professora Rosani Assunção,Rosani Assunção da Silva,13013,PT,Suplente,115,1,22,66,0,Giruá,210000803659
c1689,g21094,ver20,Chica,Francisca de Oliveira,13789,PT,Suplente,48,1,37,66,0,Giruá,210000803660
c1690,g44055,ver20,Cátia Lyra,Luciane Catia Preischadt Lyra,13020,PT,Suplente,77,1,26,66,0,Giruá,210000803661
c1691,g40405,ver20,Márcio Silva da Rádio,Marcio Adriano Rosa da Silva,13000,PT,Suplente,208,1,16,66,0,Giruá,210000803662
c1692,g21854,ver20,Professora Janete,Janete Maria de Lima,13613,PT,Suplente,179,1,19,66,0,Giruá,210000803663
c1693,g10001,ver20,Lucia Wielens,Lucia Farezin Wielens,13709,PT,Suplente,8,1,65,66,0,Giruá,210000803664
c1694,g3222,ver20,Queira,Idemar Queira,13608,PT,Suplente,13,1,62,66,0,Giruá,210000803665
c1695,g47368,ver20,Sica,Luci Terezinha dos Santos Freitas,13188,PT,Suplente,44,1,41,66,0,Giruá,210000803667
c1696,g4110,ver20,Juca Batista,Jose Batista Guilherme do Nascimento,13713,PT,Suplente,17,1,58,66,0,Giruá,210000803668
c1697,g33612,ver20,Santo,Santo Fernandes Domingos,13333,PT,Suplente,26,1,52,66,0,Giruá,210000803669
c1698,g11672,ver20,Kisuco,Luiz Carlos da Luz Braz,13524,PT,Suplente,67,1,28,66,0,Giruá,210000803670
c1699,g42882,ver20,Jardel Xaviel,Jardel Xaviel Alves,13630,PT,Suplente,49,1,36,66,0,Giruá,210000803671
c1700,g4444,ver20,Grillo,Edio João Leite de Almeida Filho,13258,PT,Suplente,63,1,30,66,0,Giruá,210000803672
c1701,g30701,ver20,Luciano Machado,Luciano Alves Machado,13777,PT,Suplente,42,1,44,66,0,Giruá,210000803673
c1702,g28833,ver20,Janete Benetti,Janete Regina Benetti,13613,PT,Suplente,194,1,15,28,0,Catuípe,210000803740
c1703,g21354,ver20,Sinara Mayer,Sinara Ester Mayer,13123,PT,Suplente,56,1,23,28,0,Catuípe,210000803741
c1704,g15777,ver20,Jose Pedro,Jose Pedro de Oliveira,13060,PT,Suplente,36,1,25,28,0,Catuípe,210000803742
c1705,g11332,ver20,Damacena,Claudiomiro Damacena,13013,PT,Suplente,48,1,24,28,0,Catuípe,210000803743
c1706,g41644,ver20,Militz,Gladimir Militz Wey,13777,PT,Eleito,272,1,10,28,0,Catuípe,210000803744
c1707,g48540,ver20,Oliverio Resmini,Oliverio Resmini,13999,PT,Suplente,174,1,18,28,0,Catuípe,210000803745
c1708,g12907,ver20,Ademir de Almeida,Ademir Oliveira de Almeida,55222,PSD,Suplente,93,1,93,192,0,Vacaria,210000803931
c1709,g40446,ver20,Necki Pergher,Roslene Pergher,13513,PT,Não eleito,66,1,109,202,0,Venâncio Aires,210000804498
c1710,g30602,ver20,Fabinho Alves,Fabio Alves,13456,PT,Não eleito,74,1,103,202,0,Venâncio Aires,210000804499
c1711,g47228,ver20,Celson Lucas Ferreira,Celson Lucas Ferreira,13678,PT,Não eleito,136,1,73,202,0,Venâncio Aires,210000804501
c1712,g50463,ver20,Manoela Freitas,Maria Manoela Freitas da Rosa,13631,PT,Não eleito,42,1,140,202,0,Venâncio Aires,210000804502
c1713,g22909,ver20,Candido Ofaleiro,Jose Candido Faleiro Neto,13613,PT,Não eleito,209,1,56,202,0,Venâncio Aires,210000804503
c1714,g17075,ver20,Eldo Stertz,Eldo Stertz,13000,PT,Não eleito,57,1,122,202,0,Venâncio Aires,210000804504
c1715,g38109,ver20,Rosange Lehmen de Moraes,Rosange Mariza Lehmen de Moraes,13913,PT,Não eleito,413,1,30,202,0,Venâncio Aires,210000804505
c1716,g18516,ver20,Carlinho Pintor,Carlos Henrique da Silva,13380,PT,Não eleito,34,1,150,202,0,Venâncio Aires,210000804506
c1717,g27906,ver20,Paulinho Castilhos,Luis Paulo de Castilhos,13444,PT,Suplente,37,1,26,30,0,Tuparendi,210000804575
c1718,g7858,ver20,Jane,Rosane Luiza Ramos,13123,PT,Suplente,38,1,25,30,0,Tuparendi,210000804576
c1719,g32662,ver20,Geraldino Morin,Geraldino Antonio Morin,13333,PT,Suplente,132,1,20,30,0,Tuparendi,210000804577
c1720,g8488,ver20,Professora Eliza,Eliza Helena Andrighetti Konzen,13456,PT,Eleito,217,1,10,30,0,Tuparendi,210000804578
c1721,g19751,ver20,Celito,Celito Perin,13789,PT,Suplente,169,1,17,30,0,Tuparendi,210000804579
c1722,g8926,ver20,Cleusa Silveira Subtil,Cleusa da Silveira Subtil,13456,PT,Suplente,52,1,18,26,0,Pinhal da Serra,210000804652
c1723,g33698,ver20,Evandro Ribeiro Cabeça,Evandro Ribeiro Antunes,13123,PT,Eleito,109,1,6,26,0,Pinhal da Serra,210000804653
c1724,g9624,ver20,Edenilson Candido Vira Lata,José Edenilson Rodrigues de Candido,13175,PT,Suplente,59,1,17,26,0,Pinhal da Serra,210000804654
c1725,g47903,ver20,Marciano Longhi - Barreiro,Marciano Silveira Longhi,13115,PT,Eleito,91,1,12,26,0,Pinhal da Serra,210000804655
c1726,g35452,ver20,Rejane Dutra,Rejane de Fátima Dutra,13013,PT,Suplente,27,1,23,26,0,Pinhal da Serra,210000804656
c1727,g21599,ver20,Fabiano da Agricultura,Fabiano Duarte,13333,PT,Suplente,76,1,14,26,0,Pinhal da Serra,210000804657
c1728,g5687,ver20,Elenir Brum,Elenir de Fátima de Bairros Brum,10333,REPUBLICANOS,Suplente,242,1,54,174,0,Santa Rosa,210000804695
c1729,g48511,ver20,Nelinho,Joao Carmo Gonçalves,13101,PT,Suplente,35,1,145,192,0,Vacaria,210000804728
c1730,g17343,ver20,Soeli Moraes,Soeli de Fátima Moraes da Silva,13777,PT,Suplente,37,1,140,192,0,Vacaria,210000804729
c1731,g42305,ver20,Professora Joara,Joara Dutra Vieira,13333,PT,Suplente,221,1,49,192,0,Vacaria,210000804730
c1732,g42632,ver20,Antônia Meireles  Toninha,Antônia Meireles da Rosa,13500,PT,Suplente,54,1,119,192,0,Vacaria,210000804732
c1733,g44294,ver20,Valdecir Panisson,Valdecir Francisco Panisson,13444,PT,Suplente,324,1,31,192,0,Vacaria,210000804733
c1734,g14812,ver20,Orimar Pizzamiglio,Orimar Luis Pizzamiglio,13123,PT,Suplente,153,1,66,192,0,Vacaria,210000804734
c1735,g8379,ver20,Diomir Saraiva,Diomir Jose Saraiva,13888,PT,Suplente,187,1,56,192,0,Vacaria,210000804735
c1736,g17504,ver20,Dirceu das Rosas,Dirceu Boeno,13111,PT,Suplente,26,1,162,192,0,Vacaria,210000804736
c1737,g16538,ver20,Alison Oliveira,Alison de Oliveira Silva,13789,PT,Suplente,102,1,86,192,0,Vacaria,210000804737
c1738,g37597,ver20,Sandro Taipeiro,Alessandro Pereira de Quadra,13221,PT,Suplente,26,1,162,192,0,Vacaria,210000804739
c1739,g17550,ver20,Chay Souza,Chaiane Borges de Souza,13000,PT,Suplente,173,1,60,192,0,Vacaria,210000804740
c1740,g14826,ver20,Maria Nery Bernardi,Maria das Graças Nery Bernardi,13999,PT,Suplente,25,1,164,192,0,Vacaria,210000804741
c1741,g48031,ver20,Vanderlei Maciel,Vanderlei Maciel de Moraes,13456,PT,Suplente,144,1,70,192,0,Vacaria,210000804742
c1742,g40755,ver20,Paulinho Portela,Paulo Ricardo Portela Teixeira,13017,PT,Suplente,18,1,170,192,0,Vacaria,210000804743
c1743,g47161,ver20,Sebastião Rodrigues Pintor,Sebastião Rodrigues de Jesus,13313,PT,Suplente,34,1,147,192,0,Vacaria,210000804744
c1744,g34685,ver20,Rafael Campos,Rafael de Campos Maciel,13113,PT,Suplente,114,1,80,192,0,Vacaria,210000804745
c1745,g23123,ver20,Professora Selmari,Selmari Etelvina Souza da Silva,13713,PT,Eleito,385,1,26,192,0,Vacaria,210000804746
c1746,g27148,ver20,Micoco,Fabiano Camargo Maciel,13293,PT,Suplente,43,1,133,192,0,Vacaria,210000804747
c1747,g48776,ver20,Ionilsa Elizabete - Bete,Ionilsa Elizabete de Oliveira Telles,13129,PT,Suplente,12,1,177,192,0,Vacaria,210000804748
c1748,g3002,ver20,Sônia Soares,Sônia Mara Soares de Almeida,13555,PT,Suplente,107,1,83,192,0,Vacaria,210000804749
c1749,g50976,ver20,Carina Portela,Carina Borges Portela,13741,PT,Suplente,36,1,143,192,0,Vacaria,210000804750
c1750,g8385,ver20,Adão do Prado Velho,Adão César Chaves Dias,40333,PSB,Suplente,372,1,53,249,0,Bagé,210000805075
c1751,g5064,ver20,Geraldo do Pt,Geraldo Luiz Lorenzi,13000,PT,Não eleito,25,1,48,86,0,Araricá,210000807321
c1752,g19462,ver20,Luan Fagner da Luz,Luan Fagner da Luz,13013,PT,Não eleito,17,1,56,86,0,Araricá,210000807322
c1753,g29304,ver20,Maria Clari Teixeira,Maria Clari Teixeira,13001,PT,Não eleito,13,1,61,86,0,Araricá,210000807323
c1754,g14316,ver20,Fernanda da Silva,Fernanda da Silva,13113,PT,Suplente,46,1,16,28,0,Taquaruçu do Sul,210000810247
c1755,g13111,ver20,Vania Therezinha Alves,Vania Therezinha Alves,13650,PT,Suplente,11,1,25,28,0,Taquaruçu do Sul,210000810248
c1756,g39462,ver20,Dieco,Leonir Casaril,13123,PT,Eleito,166,1,6,28,0,Taquaruçu do Sul,210000810250
c1757,g23935,ver20,Laercio da Costa,Laercio da Costa,13500,PT,Suplente,16,1,22,28,0,Taquaruçu do Sul,210000810251
c1758,g33626,ver20,Tiago Stival,Tiago Stival,13613,PT,Eleito,116,1,9,28,0,Taquaruçu do Sul,210000810253
c1759,g39880,ver20,Betinho,Roberto Farias,13555,PT,Suplente,30,1,18,28,0,Taquaruçu do Sul,210000810254
c1760,g44116,ver20,Marilene G dos Santos,Marilene Goulart dos Santos,13600,PT,Suplente,28,1,20,28,0,Taquaruçu do Sul,210000810255
c1761,g1081,ver20,Ronei Schmalfuss,Ronei Schmalfuss,13777,PT,Eleito,538,1,14,95,0,São Lourenço do Sul,210000810905
c1762,g11897,ver20,Professora Marta Iepsen,Marta Lauri Iepsen,13630,PT,Suplente,449,1,21,95,0,São Lourenço do Sul,210000810906
c1763,g49980,ver20,Denis Peglow,Denis Alberto Peglow,13500,PT,Suplente,478,1,19,95,0,São Lourenço do Sul,210000810907
c1764,g25205,ver20,Gilmar Majada,Gilmar dos Santos Majada,13713,PT,Suplente,206,1,39,95,0,São Lourenço do Sul,210000810908
c1765,g44261,ver20,Doca,Iltom Kuhn,13200,PT,Suplente,417,1,23,95,0,São Lourenço do Sul,210000810909
c1766,g40808,ver20,Aline Blank,Aline Blank Bandeira,13123,PT,Suplente,481,1,18,95,0,São Lourenço do Sul,210000810910
c1767,g5648,ver20,Gilmar Lüdtke,Gilmar Lüdtke,13000,PT,Suplente,308,1,30,95,0,São Lourenço do Sul,210000810911
c1768,g2923,ver20,Pablo Machin,Gumildo Pablo Machin Chaparro,13613,PT,Suplente,145,1,49,95,0,São Lourenço do Sul,210000810912
c1769,g13425,ver20,Silvia Lopes,Silvia Nara Lopes,13555,PT,Suplente,179,1,42,95,0,São Lourenço do Sul,210000810913
c1770,g13736,ver20,Zilmar Caetano,Zilmar Caetano de Almeida,13444,PT,Suplente,348,1,27,95,0,São Lourenço do Sul,210000810914
c1771,g29151,ver20,Dilmar Silveira,Dilmar Silveira,13456,PT,Suplente,161,1,45,95,0,São Lourenço do Sul,210000810915
c1772,g24874,ver20,Grazi Vasques,Graziela de Araujo Vasques,13333,PT,Suplente,501,1,17,95,0,São Lourenço do Sul,210000810916
c1773,g44501,ver20,Ildo Döring,Ildo Strider Döring,13850,PT,Eleito,812,1,6,95,0,São Lourenço do Sul,210000810917
c1774,g46603,ver20,Lara,Lara Bohm da Silva,13013,PT,Suplente,513,1,16,95,0,São Lourenço do Sul,210000810918
c1775,g46141,ver20,Rodrigo Seefeldt,Rodrigo Seefeldt,13813,PT,Suplente,364,1,25,95,0,São Lourenço do Sul,210000810919
c1776,g32796,ver20,Valéria Stallbaum,Valéria Stallbaum,13300,PT,Suplente,160,1,46,95,0,São Lourenço do Sul,210000810920
c1777,g16736,ver20,Luis Weber,Luis Clairton Behling Weber,13113,PT,Eleito,982,1,3,95,0,São Lourenço do Sul,210000810921
c1778,g50538,ver20,Ivéte Moreira,Eva Ivete de Almeida Moreira,13444,PT,Suplente,51,1,49,75,0,São Pedro do Sul,210000810983
c1779,g14214,ver20,Ivone,Ivone Salete Parzianello,13113,PT,Suplente,118,1,11,20,0,Severiano de Almeida,210000819263
c1780,g39325,ver20,Zanella,Ricardo Zanella,13213,PT,Eleito,173,1,8,20,0,Severiano de Almeida,210000819264
c1781,g42180,ver20,Silvio Deparis,Silvio Domingos Deparis,13682,PT,Suplente,68,1,17,20,0,Severiano de Almeida,210000819265
c1782,g36254,ver20,Adair da Rocha,Adair Francisco da Rocha,13447,PT,Suplente,37,1,192,229,0,Sapucaia do Sul,210000819915
c1783,g14794,ver20,Nilsa do Posto,Nilsa Teresinha de Quevedo Neves,13013,PT,Suplente,181,1,86,229,0,Sapucaia do Sul,210000819916
c1784,g31930,ver20,Nelsinho Metalurgico,Nelson Lima Rodrigues,13333,PT,Suplente,248,1,71,229,0,Sapucaia do Sul,210000819917
c1785,g25929,ver20,Roni Azevedo,Roni Silva de Azevedo,13011,PT,Suplente,9,1,225,229,0,Sapucaia do Sul,210000819918
c1786,g33041,ver20,Paulinho dos Santos,Paulo de Oliveira dos Santos,13631,PT,Suplente,542,1,32,229,0,Sapucaia do Sul,210000819919
c1787,g46255,ver20,Nair Silveira,Nair Terezinha da Silveira,13888,PT,Suplente,24,1,205,229,0,Sapucaia do Sul,210000819920
c1788,g22964,ver20,Atila Andrade,Atila Vladimir Andrade,13022,PT,Suplente,558,1,31,229,0,Sapucaia do Sul,210000819921
c1789,g33980,ver20,Professora Elenara,Elenara Vieira Martins Luz,13638,PT,Suplente,298,1,58,229,0,Sapucaia do Sul,210000819922
c1790,g32990,ver20,Andreia Portilho,Andreia Portilho de Freitas,13160,PT,Suplente,208,1,77,229,0,Sapucaia do Sul,210000819923
c1791,g33236,ver20,Carlão,Carlos Rogerio de Oliveira,13630,PT,Suplente,147,1,108,229,0,Sapucaia do Sul,210000819924
c1792,g41346,ver20,Zé Leandro,José Leandro Ourique,13007,PT,Suplente,127,1,122,229,0,Sapucaia do Sul,210000819925
c1793,g8476,ver20,Suzy Oliveira,Suzy Evelin da Silva de Oliveira,13131,PT,Suplente,41,1,186,229,0,Sapucaia do Sul,210000819926
c1794,g32535,ver20,Ballin,Vilmar Ballin,13513,PT,Eleito,751,1,21,229,0,Sapucaia do Sul,210000819927
c1795,g3477,ver20,Mateus,Luiz Mateus Cenci,13345,PT,Eleito,92,1,4,23,0,União da Serra,210000821274
c1796,g36859,ver20,Emeline Zambam,Emeline Zambam,13700,PT,Suplente,2,1,23,23,0,União da Serra,210000821275
c1797,g4992,ver20,Neodi Cenci,Neodi Anacleto Cenci,13456,PT,Suplente,50,1,12,23,0,União da Serra,210000821276
c1798,g48666,ver20,Ildo Fiorentin,Ildo Antonio Fiorentin,13500,PT,Eleito,127,1,3,23,0,União da Serra,210000821277
c1799,g38139,ver20,Rosane Cereza,Rosane Cereza da Silva,13100,PT,Suplente,5,1,22,23,0,União da Serra,210000821278
c1800,g39686,ver20,Tia Yeda,Yeda Maria de Vargas,13615,PT,Não eleito,52,1,101,148,0,Campo Bom,210000821987
c1801,g4462,ver20,Pedro Farias Nunes,Pedro Farias Nunes,13020,PT,Não eleito,19,1,137,148,0,Campo Bom,210000821988
c1802,g37120,ver20,Edgar Gross,Edgar Gross,13356,PT,Não eleito,47,1,108,148,0,Campo Bom,210000821989
c1803,g27082,ver20,Beti,Ierece Lourdes da Silva Bos,13123,PT,Não eleito,29,1,126,148,0,Campo Bom,210000821990
c1804,g30828,ver20,Marcia Padilha,Marcia Padilha da Luz,13600,PT,Não eleito,54,1,98,148,0,Campo Bom,210000821991
c1805,g32420,ver20,Claudio Simmi,Claudio Nisxota Simmi,13013,PT,Não eleito,187,1,54,148,0,Campo Bom,210000821993
c1806,g46168,ver20,Valmir Vendedor,Valmir Ferreira dos Santos,13333,PT,Suplente,91,1,51,101,0,Soledade,210000822336
c1807,g8253,ver20,Bianca Spinelli,Bianca Elisa Spinelli,13113,PT,Suplente,54,1,66,101,0,Soledade,210000822337
c1808,g36519,ver20,Prof Lise,Lisane Maria Prates,13073,PT,Suplente,20,1,88,101,0,Soledade,210000822338
c1809,g10141,ver20,João Pedro Trautmann,João Pedro Trautmann,13013,PT,Suplente,28,1,81,101,0,Soledade,210000822339
c1810,g20066,ver20,Andreia Pedroso,Andreia de Carvalho Pedroso,13133,PT,Suplente,176,1,36,101,0,Soledade,210000822340
c1811,g624,ver20,Raul,Raul dos Santos Moraes,13396,PT,Suplente,40,1,76,101,0,Soledade,210000822341
c1812,g14737,ver20,Lucio Dias,Lucio Eugenio Bueno Dias,13622,PT,Eleito,336,1,16,101,0,Soledade,210000822342
c1813,g3654,ver20,Terezinha Freitas,Terezinha de Lourdes da Silva Freitas,13164,PT,Suplente,37,1,79,101,0,Soledade,210000822343
c1814,g49751,ver20,Antonio Carlos Maciel,Antonio Carlos Maciel,13125,PT,Suplente,45,1,72,101,0,Soledade,210000822344
c1815,g37572,ver20,Fael Rosa,Rafael Rosa dos Santos,13111,PT,Suplente,85,1,53,101,0,Soledade,210000822345
c1816,g33603,ver20,Cenira Gomes A Polaca do Mtd,Cenira Gomes de Campos,13630,PT,Suplente,211,1,30,67,0,Palmeira das Missões,210000823900
c1817,g10374,ver20,José Ochoa,Jose Valtenir da Rosa Ochoa,13019,PT,Suplente,59,1,47,67,0,Palmeira das Missões,210000823901
c1818,g34443,ver20,Professora Carmem,Carmem Lucia da Silva Soares,13130,PT,Suplente,203,1,31,67,0,Palmeira das Missões,210000823902
c1819,g20344,ver20,Roberto Tailor Betão,Roberto Tailor Alves Amaral,13432,PT,Suplente,183,1,33,67,0,Palmeira das Missões,210000823903
c1820,g13566,ver20,Vergílio Matias,Vergilio Matias da Rosa,13789,PT,Eleito,626,1,8,67,0,Palmeira das Missões,210000823904
c1821,g45763,ver20,Joel Avila,Joel Avila da Silva,13777,PT,Suplente,26,1,56,67,0,Palmeira das Missões,210000823905
c1822,g39039,ver20,Clarissa Bones,Clarissa Moreira Bones,13222,PT,Suplente,423,1,18,67,0,Palmeira das Missões,210000823906
c1823,g32180,ver20,Prof Davi Piovesan,Davi Cargnin Piovesan,13655,PT,Eleito,705,1,4,67,0,Palmeira das Missões,210000823907
c1824,g32437,ver20,Giba,Enio Gilmar de Abreu Giacomelli,13456,PT,Suplente,481,1,13,67,0,Palmeira das Missões,210000823908
c1825,g4093,ver20,Nelsinho Magalhães,Nelson Martins Magalhães,13333,PT,Suplente,284,1,26,67,0,Palmeira das Missões,210000823909
c1826,g40157,ver20,Maria Andréia,Maria Andreia Maciel Nerling,13000,PT,Suplente,310,1,24,67,0,Palmeira das Missões,210000823910
c1827,g13325,ver20,Professor Claudio Mineiro,Claudio Roberto da Silva Mineiro,13013,PT,Eleito,630,1,7,67,0,Palmeira das Missões,210000823911
c1828,g29442,ver20,Gabriel Pereira,Gabriel Pereira dos Santos,13123,PT,Eleito,581,1,10,67,0,Palmeira das Missões,210000823912
c1829,g29850,ver20,Godois,Vilmar Luiz Rodrigues de Godois,13555,PT,Eleito,695,1,6,67,0,Palmeira das Missões,210000823913
c1830,g18100,ver20,Andréa Arce,Andrea Luciane Martins Arce,13002,PT,Suplente,111,1,36,67,0,Palmeira das Missões,210000823914
c1831,g25128,ver20,Marli de Jesus,Marli de Jesus,13133,PT,Suplente,68,1,23,35,0,Faxinal do Soturno,210000824215
c1832,g37089,ver20,Lourdes Lago Garlet,Lourdes Lago Garlet,13123,PT,Suplente,52,1,24,35,0,Faxinal do Soturno,210000824216
c1833,g38484,ver20,Giovani da Santo Antônio,Giovani dos Santos Garlet,13660,PT,Suplente,96,1,19,35,0,Faxinal do Soturno,210000824217
c1834,g31421,ver20,Pedro Vicente Uliana,Pedro Vicente Uliana,13300,PT,Suplente,29,1,27,35,0,Faxinal do Soturno,210000824218
c1835,g2375,ver20,Beto Santos,Alberto dos Santos,13240,PT,Suplente,110,1,17,35,0,Faxinal do Soturno,210000824219
c1836,g13546,ver20,Idemar Gonçalves,Idemar Martins Gonçalves,13345,PT,Suplente,104,1,18,35,0,Faxinal do Soturno,210000824220
c1837,g14404,ver20,Bianca Bastiani Goulart,Bianca Bastiani Goulart,13613,PT,Suplente,132,1,15,35,0,Faxinal do Soturno,210000824221
c1838,g26968,ver20,Professora Lisandra,Lisandra Locateli Pereira,13100,PT,Eleito,160,1,10,35,0,Faxinal do Soturno,210000824222
c1839,g47025,ver20,Ubirajá Falcão,Ubirajá Falcão da Rocha,13000,PT,Eleito,150,1,12,35,0,Faxinal do Soturno,210000824223
c1840,g31982,ver20,Ronaldo Lima,Ronaldo Cezar Carvalho de Lima,13007,PT,Suplente,148,1,13,35,0,Faxinal do Soturno,210000824224
c1841,g17078,ver20,Cleomar,Cleomar José Viecsinski,13111,PT,Suplente,38,1,22,34,0,Erval Grande,210000824486
c1842,g1101,ver20,Mari Tessaro,Marines Marcon Tessaro,13333,PT,Eleito,235,1,2,34,0,Erval Grande,210000824487
c1843,g28060,ver20,Maccari,Alcir Francisco Maccari,13555,PT,Suplente,163,1,8,34,0,Erval Grande,210000824488
c1844,g9671,ver20,Quilombo Borges,Jose Alex Borges Mendes,13077,PT,Suplente,31,1,106,142,0,Canguçu,210000825058
c1845,g16856,ver20,Jair Xavier,Jair Ribeiro Xavier,13500,PT,Suplente,175,1,47,142,0,Canguçu,210000825059
c1846,g50233,ver20,Vanderlei Braga,Vanderlei Braga Ferreira,13000,PT,Suplente,34,1,103,142,0,Canguçu,210000825060
c1847,g22158,ver20,Ildo Gauger,Ildo Gauger,13013,PT,Suplente,96,1,68,142,0,Canguçu,210000825061
c1848,g25722,ver20,Marina Silveira,Marina Silveira de Souza,13456,PT,Suplente,54,1,88,142,0,Canguçu,210000825062
c1849,g38069,ver20,Iasmin Roloff,Iasmin Roloff Rutz,13222,PT,Eleito,928,1,6,142,0,Canguçu,210000825063
c1850,g17048,ver20,Eloisa Fraga,Eloisa Arlete Paraíba Fraga,13777,PT,Suplente,242,1,37,142,0,Canguçu,210000825064
c1851,g2469,ver20,Giani Payador,Giani Schmidt da Silva,13123,PT,Não eleito,106,1,17,21,0,Roque Gonzales,210000825581
c1852,g24363,ver20,Jonas,Jonas Horbach,40123,PSB,Suplente,201,1,17,56,0,Sobradinho,210000825670
c1853,g28960,ver20,Lauri Wilchen,Lauri Felipe Wilchen,13613,PT,Suplente,276,1,9,44,0,Cerro Largo,210000825797
c1854,g27670,ver20,Inácio Lauermann,Inácio Afonso Lauermann,13650,PT,Suplente,273,1,10,44,0,Cerro Largo,210000825798
c1855,g42028,ver20,Cleonice Dewes,Maria Cleonice dos Santos Dewes,13540,PT,Suplente,15,1,41,44,0,Cerro Largo,210000825799
c1856,g40183,ver20,Margarete,Margarete Jacinta Schuster,13013,PT,Suplente,11,1,42,44,0,Cerro Largo,210000825800
c1857,g11475,ver20,Bruno Schmeing,Bruno Henrique Schein Schmeing,13750,PT,Suplente,9,1,43,44,0,Cerro Largo,210000825801
c1858,g11453,ver20,Jean Francesco Wille Donel,Jean Francesco Wille Donel,13120,PT,Suplente,28,1,38,44,0,Cerro Largo,210000825802
c1859,g36897,ver20,André,Jorge Andre Pires Lubas,13144,PT,Eleito,353,1,5,44,0,Cerro Largo,210000825803
c1860,g49020,ver20,Daniela Lourenço,Daniela Silva de Lourenco,13123,PT,Suplente,45,1,34,44,0,Cerro Largo,210000825804
c1861,g21329,ver20,Odali Battisti,Odali Pedro Battisti,13613,PT,Não eleito,93,1,16,32,0,Progresso,210000826465
c1862,g30229,ver20,Ivete Lazzaron,Ivete Lazzaron,13410,PT,Não eleito,15,1,29,32,0,Progresso,210000826466
c1863,g2444,ver20,Giseli Vittorazzi,Giseli Vittorazzi,13415,PT,Não eleito,4,1,32,32,0,Progresso,210000826467
c1864,g34302,ver20,Leandro Mariante,Leandro da Rosa,13113,PT,Eleito,635,1,5,71,0,Taquari,210000827086
c1865,g47274,ver20,Edinara Medeiros,Edinara Teresinha de Medeiros,13234,PT,Suplente,151,1,34,71,0,Taquari,210000827087
c1866,g17725,ver20,Leo Piovesan,Leo Piovesan,13013,PT,Suplente,126,1,40,71,0,Taquari,210000827088
c1867,g10756,ver20,Adriana da Léo,Adriana Silva dos Santos,13808,PT,Suplente,92,1,47,71,0,Taquari,210000827089
c1868,g25820,ver20,Professora Ana Paula,Ana Paula Nunes Arnt,13123,PT,Eleito,694,1,4,71,0,Taquari,210000827090
c1869,g50554,ver20,Marisa Fazenda,Marisa Madalena Bastos Fazenda,13456,PT,Suplente,84,1,48,71,0,Taquari,210000827091
c1870,g222,ver20,Fabiano da Zeladoria,Fabiano Silva de Souza,13303,PT,Suplente,180,1,23,71,0,Taquari,210000827092
c1871,g27889,ver20,Luis Porto,Luis Henrique Quadros Porto,13313,PT,Eleito,799,1,3,71,0,Taquari,210000827093
c1872,g16482,ver20,João da Aldeia,João Batista da Silva Lopes,13222,PT,Suplente,18,1,62,71,0,Taquari,210000827094
c1873,g3430,ver20,Luciano Maria,Luciano Fabiano Maria da Silva,13015,PT,Suplente,434,1,10,71,0,Taquari,210000827095
c1874,g31811,ver20,Márcio Rodrigues,Marcio Rodrigues da Costa,13213,PT,Suplente,137,1,37,71,0,Taquari,210000827096
c1875,g51042,ver20,Ana Paula Pereira,Ana Paula Pereira,13333,PT,Suplente,95,1,119,249,0,Bagé,210000827437
c1876,g25047,ver20,Silvinho,Silvio Oscar Soares Gonçalves,13613,PT,Suplente,253,1,67,249,0,Bagé,210000827438
c1877,g25518,ver20,Catarina da Kennedy,Catarina Gomes Moreira,13331,PT,Suplente,202,1,74,249,0,Bagé,210000827439
c1878,g9588,ver20,Amarelo,José Ricardo Montezano Gonsales,13612,PT,Suplente,320,1,58,249,0,Bagé,210000827440
c1879,g1082,ver20,Edegar Franco,Edegar Franco de Franco,13321,PT,Suplente,382,1,51,249,0,Bagé,210000827441
c1880,g43627,ver20,Patrique Cebola,Patrique Silveira da Rosa,13555,PT,Suplente,505,1,34,249,0,Bagé,210000827442
c1881,g43695,ver20,Maninha Silveira,Aldorina Silveira Domingues da Silva,13161,PT,Suplente,66,1,150,249,0,Bagé,210000827443
c1882,g8906,ver20,Flavius Dajulia,Flavius Vinicius Brignol Borba,13113,PT,Eleito,631,1,24,249,0,Bagé,210000827444
c1883,g48331,ver20,Maitê Brião,Maitê Brião de Vasconcellos,13013,PT,Suplente,184,1,78,249,0,Bagé,210000827445
c1884,g10752,ver20,Claus Menezes,Claudislei Menezes Bitencourt,13413,PT,Suplente,76,1,142,249,0,Bagé,210000827446
c1885,g2263,ver20,Nutricionista Lú Gervásio,João Luis Ricalde Gervásio,13713,PT,Suplente,319,1,59,249,0,Bagé,210000827448
c1886,g29297,ver20,Marlon Monteiro,Marlon Monteiro Silveira dos Santos,13000,PT,Suplente,603,1,27,249,0,Bagé,210000827449
c1887,g35301,ver20,Paulinho da Luz,Paulo Francisco Rodrigues,13123,PT,Suplente,169,1,86,249,0,Bagé,210000827450
c1888,g25095,ver20,Laura Ricaldone,Laura Ricaldone de Sousa,13777,PT,Suplente,244,1,69,249,0,Bagé,210000827451
c1889,g13615,ver20,Mulato do Som da Cor,Luis Alfredo Soares Resende,13202,PT,Suplente,138,1,96,249,0,Bagé,210000827452
c1890,g46316,ver20,Lélinho Lopes,Lélio Nunes Lopes Filho,13800,PT,Eleito,2130,1,2,249,0,Bagé,210000827453
c1891,g27245,ver20,Nei Ferraz,Nei Meneses Ferraz,13464,PT,Suplente,83,1,135,249,0,Bagé,210000827454
c1892,g32971,ver20,Ataliba Taxista,Ataliba Dutra da Silva,13273,PT,Suplente,38,1,189,249,0,Bagé,210000827455
c1893,g39898,ver20,Caren Castencio,Caren Cristiane da Rosa Castencio,13678,PT,Eleito,1016,1,9,249,0,Bagé,210000827456
c1894,g36937,ver20,Iara Coelho,Iara Maria Tadeu Coelho,13118,PT,Suplente,90,1,125,249,0,Bagé,210000827457
c1895,g21466,ver20,Antonio Vagner,Antônio Vagner Gomes de Mello,13257,PT,Suplente,61,1,162,249,0,Bagé,210000827458
c1896,g26786,ver20,Dedê Scoto,Maria Ide Scoto da Silva,13213,PT,Suplente,186,1,77,249,0,Bagé,210000827459
c1897,g30151,ver20,Santo,Santo Valdeni Silva Lopes,13513,PT,Suplente,93,1,122,249,0,Bagé,210000827460
c1898,g42662,ver20,Max Bombeiro,Max Geraldo Meinke,13193,PT,Suplente,377,1,52,249,0,Bagé,210000827461
c1899,g40466,ver20,Dr Ruben Salazar,Ruben Dario Salazar Arias,13640,PT,Eleito,2635,1,1,249,0,Bagé,210000827462
c1900,g18494,ver20,Jaíne Magnaguagno,Jaíne Letícia Cortina Magnaguagno,13007,PT,Suplente,29,1,23,41,0,Paulo Bento,210000830899
c1901,g48894,ver20,Aline Grunevald Nega,Aline Grunevald,13137,PT,Suplente,45,1,16,41,0,Paulo Bento,210000830900
c1902,g42095,ver20,Carlinhos,Carlos Alberto Dall Agnol,13123,PT,Eleito,67,1,10,41,0,Paulo Bento,210000830901
c1903,g32912,ver20,Pedroso,Gian Carlos Pedroso,13878,PT,Suplente,15,1,29,41,0,Paulo Bento,210000830902
c1904,g8117,ver20,Valdir Otto Bugre,Valdir Otto,13456,PT,Suplente,46,1,14,41,0,Paulo Bento,210000830903
c1905,g5428,ver20,Fernandão,Fernando Wasiluk,13789,PT,Suplente,42,1,18,41,0,Paulo Bento,210000830904
c1906,g22755,ver20,Filipiak,Edson Filipiak,13013,PT,Eleito,71,1,8,41,0,Paulo Bento,210000830905
c1907,g8951,ver20,Alderi Sganzerla,Alderi Sganzerla,13015,PT,Suplente,50,1,11,41,0,Paulo Bento,210000830906
c1908,g31073,ver20,Salate Navarini,Salete Navarini,13130,PT,Suplente,7,1,36,41,0,Paulo Bento,210000830907
c1909,g9536,ver20,Dgenne Ribeiro,Dgenne Cristina Ribeiro da Silva,13000,PT,Não eleito,77,1,19,28,0,Nova Palma,210000832080
c1910,g4860,ver20,Luiz Trentin,Luiz Antonio Trentin,13300,PT,Não eleito,200,1,11,28,0,Nova Palma,210000832081
c1911,g22203,ver20,Itamar Garlet,Itamar Demo Garlet,13111,PT,Não eleito,40,1,23,28,0,Nova Palma,210000832082
c1912,g37198,ver20,Elidir Waiantt,Elidir Waiantt,13998,PT,Suplente,27,1,219,231,0,Novo Hamburgo,210000833509
c1913,g21267,ver20,Nilson Torriano,Nilson Torriano,13800,PT,Suplente,1380,1,23,231,0,Novo Hamburgo,210000833510
c1914,g38121,ver20,Enio Brizola,Enio Antonio Brizola,13133,PT,Eleito,1628,1,15,231,0,Novo Hamburgo,210000833511
c1915,g26104,ver20,Andre Dutra,Andre da Silva Dutra,13069,PT,Suplente,88,1,177,231,0,Novo Hamburgo,210000833512
c1916,g43980,ver20,Dienifer Conceição,Dienifer Monique da Conceição,13013,PT,Suplente,589,1,48,231,0,Novo Hamburgo,210000833513
c1917,g33799,ver20,Eduardo Tamborero,Eduardo Gomes da Silva,13100,PT,Suplente,804,1,41,231,0,Novo Hamburgo,210000833514
c1918,g42320,ver20,Tanara Lucas,Tanara Sabrina Lucas,13555,PT,Suplente,172,1,135,231,0,Novo Hamburgo,210000833515
c1919,g45318,ver20,Will Ferraz,Will Robson Ferraz D Elly,13123,PT,Suplente,1053,1,26,231,0,Novo Hamburgo,210000833516
c1920,g1714,ver20,Regis Felizardo,Regis Tiaraju Felizardo,13099,PT,Suplente,90,1,175,231,0,Novo Hamburgo,210000833517
c1921,g12137,ver20,Joao Rosa,Joao Alexandre da Cruz da Rosa,13200,PT,Suplente,350,1,78,231,0,Novo Hamburgo,210000833518
c1922,g385,ver20,Juraci Lemes,Juraci da Silva Lemes,13888,PT,Suplente,23,1,221,231,0,Novo Hamburgo,210000833519
c1923,g8168,ver20,Camila Costa,Camila Graziela da Costa,13456,PT,Suplente,88,1,177,231,0,Novo Hamburgo,210000833520
c1924,g49338,ver20,Velci Neves,Velci da Silva,13111,PT,Suplente,621,1,47,231,0,Novo Hamburgo,210000833521
c1925,g26044,ver20,Cida Braga,Maria Ercilda Conde Braga,13777,PT,Suplente,115,1,161,231,0,Novo Hamburgo,210000833522
c1926,g36973,ver20,Odair dos Santos,Odair Reis dos Santos,13999,PT,Suplente,197,1,123,231,0,Novo Hamburgo,210000833523
c1927,g46387,ver20,Dr Elmar,Elmar de Souza,13222,PT,Suplente,115,1,161,231,0,Novo Hamburgo,210000833524
c1928,g14634,ver20,Odilon Santos,Odilon da Silva Santos,13600,PT,Suplente,213,1,116,231,0,Novo Hamburgo,210000833525
c1929,g3699,ver20,Professora Pamela Vieira,Pamela Vieira da Silva,13333,PT,Suplente,533,1,57,231,0,Novo Hamburgo,210000833526
c1930,g35121,ver20,Eduarda  Milena,Eduarda Milena da Silva,13180,PT,Suplente,414,1,69,231,0,Novo Hamburgo,210000833527
c1931,g49044,ver20,Marli Naloski,Marli Aparecida Naloski Araujo,13000,PT,Suplente,96,1,171,231,0,Novo Hamburgo,210000833528
c1932,g48370,ver20,Elias Koczkoday,Elias Koczkoday,13500,PT,Suplente,73,1,191,231,0,Novo Hamburgo,210000833529
c1933,g33169,ver20,Sabrina Huther,Sabrina Fabiola Huther,13500,PT,Não eleito,134,1,34,49,0,Arroio do Meio,210000834625
c1934,g36541,ver20,Paulo Grassi,Paulo Roberto Grassi,13000,PT,Não eleito,245,1,21,49,0,Arroio do Meio,210000834626
c1935,g42619,ver20,Rogelio Sebastiany,Rogelio Sebastiany,13234,PT,Não eleito,106,1,37,49,0,Arroio do Meio,210000834627
c1936,g38100,ver20,Elisete Cristina,Elisete Cristina Ferreira,13333,PT,Não eleito,28,1,46,49,0,Arroio do Meio,210000834628
c1937,g20227,ver20,Margarete Klauck,Margarete Cardoso Klauck,13716,PT,Não eleito,81,1,40,49,0,Arroio do Meio,210000834629
c1938,g28701,ver20,Elisete de Borba,Elisete de Borba,13113,PT,Não eleito,30,1,45,49,0,Arroio do Meio,210000834630
c1939,g4615,ver20,Ale Marcon,Alessandra Marcon,13123,PT,Suplente,256,1,26,98,0,Gramado,210000835002
c1940,g2359,ver20,Simone Lovato,Simone Lovato,13234,PT,Suplente,75,1,58,98,0,Gramado,210000835003
c1941,g1199,ver20,Professor Daniel,Daniel Fernando Koehler,13013,PT,Eleito,1298,1,3,98,0,Gramado,210000835004
c1942,g37838,ver20,Gilnei Benetti,Gilnei José Benetti,13028,PT,Suplente,200,1,37,98,0,Gramado,210000835005
c1943,g35732,ver20,Sidão,Sidinei Zamberlan,13000,PT,Suplente,78,1,57,98,0,Gramado,210000835006
c1944,g47637,ver20,Elias Camargo,Elias Camargo,13300,PT,Eleito,256,1,4,35,0,Erval Seco,210000835336
c1945,g33253,ver20,Alison Nunes Mainardi,Alison Julian Nunes Mainardi,13313,PT,Suplente,43,1,23,35,0,Erval Seco,210000835337
c1946,g45822,ver20,Dirce Figueiró,Dirce Maria dos Santos Figueiró,13555,PT,Suplente,35,1,25,35,0,Erval Seco,210000835338
c1947,g22899,ver20,Miguel Lemos,Miguel Gustavo Ramos Lemos,13456,PT,Eleito,237,1,5,35,0,Erval Seco,210000835339
c1948,g44528,ver20,Lenir Savian,Lenir de Fatima Balbino da Silva Savian,13013,PT,Suplente,10,1,33,35,0,Erval Seco,210000835340
c1949,g46045,ver20,Barboza,Mateus Barboza,13333,PT,Suplente,24,1,28,35,0,Erval Seco,210000835341
c1950,g12707,ver20,Mauro Luis Farias,Mauro Luis Farias,13369,PT,Suplente,181,1,12,35,0,Erval Seco,210000835342
c1951,g39755,ver20,Tania Costa,Tania de Fátima dos Santos Costa,13789,PT,Suplente,36,1,24,35,0,Erval Seco,210000835343
c1952,g28747,ver20,Edson Leschewitz,Edson Leschewitz,13000,PT,Suplente,193,1,10,35,0,Erval Seco,210000835344
c1953,g32364,ver20,Mano,Valderi Braitenbach,13123,PT,Eleito,271,1,3,35,0,Erval Seco,210000835345
c1954,g20264,ver20,Diego do Caco,Diego Zanatta Costa,13222,PT,Suplente,128,1,18,35,0,Erval Seco,210000835346
c1955,g40299,ver20,Nádia Penz,Nádia Beatriz Penz,13332,PT,Suplente,74,1,21,35,0,Erval Seco,210000835347
c1956,g21695,ver20,Luis Passini,Luis Reis Passini,13147,PT,Suplente,124,1,19,35,0,Erval Seco,210000835348
c1957,g27031,ver20,Marciano Fernandes,Marciano Lucas de Jesus Fernandes,12673,PDT,Suplente,29,1,29,39,0,Boqueirão do Leão,210000836731
c1958,g45391,ver20,Jaque Santos,Jaqueline Gonçalves dos Santos,40440,PSB,Suplente,166,1,62,202,0,Venâncio Aires,210000837805
c1959,g10774,ver20,Tonho Bilóia,Antonio Pereira Sarmento,40555,PSB,Não eleito,45,1,20,55,0,Tabaí,210000844577
c1960,g22686,ver20,Cris Medeiros,Ana Cristina Medeiros de Lima,13470,PT,Suplente,2192,1,70,834,0,Porto Alegre,210000845647
c1961,g40834,ver20,Jonas Reis,Jonas Tarcisio Reis,13113,PT,Eleito,5133,1,13,834,0,Porto Alegre,210000845648
c1962,g35239,ver20,Marcelo Sgarbossa,Marcelo Sgarbossa,13123,PT,Suplente,3770,1,29,834,0,Porto Alegre,210000845649
c1963,g23809,ver20,Julio Quadros,Julio Cesar Riemenschneider de Quadros,13655,PT,Suplente,677,1,191,834,0,Porto Alegre,210000845650
c1964,g37119,ver20,Maristela Maffei,Maristela Maffei,13680,PT,Suplente,883,1,149,834,0,Porto Alegre,210000845651
c1965,g2027,ver20,Reginete Bispo,Reginete Souza Bispo,13477,PT,Suplente,4008,1,25,834,0,Porto Alegre,210000845652
c1966,g24022,ver20,Jairo Menegaz,Jairo Menegaz,13347,PT,Suplente,176,1,527,834,0,Porto Alegre,210000845653
c1967,g33668,ver20,Vanete Farias Lopes,Vanete Farias Lopes,13008,PT,Suplente,25,1,808,834,0,Porto Alegre,210000845654
c1968,g48722,ver20,Leonel Radde,Leonel Guterres Radde,13007,PT,Eleito,5611,1,8,834,0,Porto Alegre,210000845655
c1969,g28953,ver20,Alberto Terres,Alberto Moura Terres,13060,PT,Suplente,908,1,145,834,0,Porto Alegre,210000845656
c1970,g50421,ver20,Any Moraes,Any Carmem de Avila Moraes,13913,PT,Suplente,880,1,150,834,0,Porto Alegre,210000845657
c1971,g17150,ver20,Marsal Rodrigues Artista,Marçal Pereira Rodrigues,13962,PT,Suplente,39,1,783,834,0,Porto Alegre,210000845658
c1972,g27290,ver20,Carla Ribeiro,Carla Ribeiro,13193,PT,Suplente,216,1,471,834,0,Porto Alegre,210000845659
c1973,g31841,ver20,Mirgon,Mirgon Helmuth Kayser Junior,13020,PT,Suplente,451,1,267,834,0,Porto Alegre,210000845660
c1974,g30111,ver20,Ligia D Elia,Ligia Aracy D Elia,13590,PT,Suplente,132,1,606,834,0,Porto Alegre,210000845661
c1975,g4101,ver20,Beto Fagundes,Alberto dos Santos Fagundes,13777,PT,Suplente,222,1,461,834,0,Porto Alegre,210000845662
c1976,g10245,ver20,Elaine Kovalski,Elaine Cristina Kovalski,13141,PT,Suplente,112,1,639,834,0,Porto Alegre,210000845664
c1977,g12576,ver20,Lidio Santos,Lidionei da Rosa Santos,13456,PT,Suplente,718,1,184,834,0,Porto Alegre,210000845665
c1978,g2859,ver20,Vagner H,Vagner de Souza Fagundes,13555,PT,Suplente,220,1,465,834,0,Porto Alegre,210000845666
c1979,g22098,ver20,Malu Viana,Maria Luiza Rodrigues Viana,13778,PT,Suplente,352,1,323,834,0,Porto Alegre,210000845667
c1980,g21537,ver20,Polaca Rocha,Ana Paula Meira da Rocha,13133,PT,Suplente,639,1,202,834,0,Porto Alegre,210000845668
c1981,g23888,ver20,Professor Bernardo,Bernardo Lucero de Carli,13001,PT,Suplente,1132,1,122,834,0,Porto Alegre,210000845669
c1982,g35087,ver20,Dudu do Pt,Eduardo Koehler Behnck,13031,PT,Suplente,38,1,786,834,0,Porto Alegre,210000845670
c1983,g18709,ver20,Laura Sito,Laura Soares Sito Silveira,13300,PT,Eleito,5390,1,10,834,0,Porto Alegre,210000845671
c1984,g6833,ver20,Everton Gimenis,Everton de Morais Gimenis,13000,PT,Suplente,2272,1,66,834,0,Porto Alegre,210000845672
c1985,g42169,ver20,Marco Arruee Salgadinho,Marco Aurélio Santana Arruee,13666,PT,Suplente,118,1,630,834,0,Porto Alegre,210000845673
c1986,g5669,ver20,Rafa Ferretti,Rafael Brum Ferretti,13030,PT,Suplente,220,1,465,834,0,Porto Alegre,210000845674
c1987,g41973,ver20,Everton Scartezzini Abeg,Everton Scartezzini Abeg,13058,PT,Suplente,107,1,647,834,0,Porto Alegre,210000845675
c1988,g35328,ver20,Pedro Loss,Pedro Leonardo da Luz Loss,13400,PT,Suplente,767,1,171,834,0,Porto Alegre,210000845676
c1989,g8995,ver20,Baba Diba de Iyemonja,Valmir Ferreira Martins,13888,PT,Suplente,1198,1,115,834,0,Porto Alegre,210000845677
c1990,g30631,ver20,Paulo Teixeira,Paulo Fernandes Teixeira,13333,PT,Suplente,70,1,717,834,0,Porto Alegre,210000845678
c1991,g22373,ver20,Sady Jacques,Sady Jacques,13321,PT,Suplente,282,1,390,834,0,Porto Alegre,210000845679
c1992,g47628,ver20,Iya Vera Soares,Vera Beatriz Soares,13713,PT,Suplente,274,1,399,834,0,Porto Alegre,210000845680
c1993,g50876,ver20,Aldacir Oliboni,Aldacir Jose Oliboni,13580,PT,Eleito,4612,1,19,834,0,Porto Alegre,210000845681
c1994,g8211,ver20,Engenheiro Comassetto,Carlos Roberto Comassetto,13013,PT,Suplente,3419,1,38,834,0,Porto Alegre,210000845682
c1995,g2941,ver20,Pedro da Luz,Jose Pedro Silva da Luz,13500,PT,Suplente,327,1,347,834,0,Porto Alegre,210000845683
c1996,g18587,ver20,Padre Nei Colombo,Nei Juarez Alfonso Colombo,13774,PT,Suplente,68,1,721,834,0,Porto Alegre,210000845684
c1997,g363,ver20,Paulo Ferreira,Paulo Adalberto Alves Ferreira,13051,PT,Suplente,1290,1,104,834,0,Porto Alegre,210000845685
c1998,g8521,ver20,Alberto Miranda,Alberto Miranda da Silva,13635,PT,Suplente,56,1,753,834,0,Porto Alegre,210000845686
c1999,g2484,ver20,Palmira Fontoura,Palmira Marques da Fontoura,13413,PT,Suplente,433,1,278,834,0,Porto Alegre,210000845687
c2000,g1606,ver20,Nelton Schmidt,Nelton Vantuir Schmidt,13789,PT,Suplente,143,1,582,834,0,Porto Alegre,210000845688
c2001,g19103,ver20,Ton Falcão,Everton Bornholdt Falcao,13065,PT,Suplente,221,1,462,834,0,Porto Alegre,210000845689
c2002,g41333,ver20,Manoel Rocha,Manoel Rocha da Rosa,13494,PT,Suplente,644,1,199,834,0,Porto Alegre,210000845690
c2003,g24733,ver20,Professor Ottmar Teske,Ottmar Teske,13131,PT,Suplente,468,1,258,834,0,Porto Alegre,210000845691
c2004,g31753,ver20,Adeli Sell,Adeli Sell,13601,PT,Suplente,2344,1,64,834,0,Porto Alegre,210000845692
c2005,g48002,ver20,Hosana Piccardi,Hosana Maria Fonseca Piccardi,13100,PT,Suplente,408,1,291,834,0,Porto Alegre,210000845693
c2006,g5419,ver20,Inês de Lima Wasiak,Inês de Lima Wasiak,13333,PT,Não eleito,34,1,26,30,0,Ipê,210000846046
c2007,g42230,ver20,Bilu,Luiz Carlos Scapinelli,13013,PT,Não eleito,180,1,12,30,0,Ipê,210000846047
c2008,g41190,ver20,Vilmar Menegat,Vilmar Menegat,13131,PT,Não eleito,157,1,15,30,0,Ipê,210000846048
c2009,g31168,ver20,Cheila Dalberto,Cheila Dalberto,13013,PT,Não eleito,87,1,23,36,0,Ibiraiaras,210000846708
c2010,g14524,ver20,Itamar Barea,Itamar Barea,13113,PT,Não eleito,52,1,26,36,0,Ibiraiaras,210000846709
c2011,g50836,ver20,Fernando Daros,Fernando Daros,13213,PT,Não eleito,157,1,12,36,0,Ibiraiaras,210000846710
c2012,g44891,ver20,Professor Ronei,Ronei Antonio Webler,13123,PT,Não eleito,427,1,23,75,0,Osório,210000849172
c2013,g23109,ver20,Guego,Carlos Reginaldo Gonçalves Pacheco,13013,PT,Não eleito,163,1,37,75,0,Osório,210000849173
c2014,g11263,ver20,Professora Isabel,Isabel Silveira dos Santos,13120,PT,Não eleito,911,1,8,75,0,Osório,210000849174
c2015,g20703,ver20,Sampaio,Marcio Rodrigues Sampaio,13131,PT,Não eleito,39,1,59,75,0,Osório,210000849175
c2016,g50673,ver20,Erica Souza,Erica Ferreira Souza,13113,PT,Não eleito,100,1,44,75,0,Osório,210000849176
c2017,g30693,ver20,Dorli,Dorli Gomes Rodrigues,13222,PT,Suplente,20,1,62,72,0,Palmares do Sul,210000851599
c2018,g38170,ver20,Adelar Araujo Xiru,Adelar Araújo dos Santos,13013,PT,Suplente,46,1,38,72,0,Palmares do Sul,210000851600
c2019,g20699,ver20,Aline Brum,Aline Rosa Brum,13999,PT,Suplente,16,1,63,72,0,Palmares do Sul,210000851601
c2020,g19670,ver20,Deise da Ótica,Deise de Fátima Mesquita,13123,PT,Suplente,50,1,36,72,0,Palmares do Sul,210000851602
c2021,g17669,ver20,Graciane Greice,Graciane de Lima Rosa,13133,PT,Suplente,160,1,17,72,0,Palmares do Sul,210000851603
c2022,g12773,ver20,José Adriel Pipoca,Jose Adriel Oliveira da Silva,13456,PT,Suplente,109,1,23,72,0,Palmares do Sul,210000851604
c2023,g41735,ver20,Marcelo da Silveira,Marcelo da Silveira,13200,PT,Suplente,41,1,45,72,0,Palmares do Sul,210000851605
c2024,g18270,ver20,Gilda,Gilda Maria Mendes Mesquita,13588,PT,Suplente,12,1,67,72,0,Palmares do Sul,210000851606
c2025,g38113,ver20,Décio Junior,Decio Machado Monteiro,13150,PT,Suplente,37,1,50,72,0,Palmares do Sul,210000851607
c2026,g8365,ver20,Marcelo Alemão dos Produtos,Marcelo Jablonski,13333,PT,Suplente,28,1,53,72,0,Palmares do Sul,210000851608
c2027,g28154,ver20,Filipe Lang,Filipe Menezes Lang,13000,PT,Eleito,404,1,2,72,0,Palmares do Sul,210000851609
c2028,g19019,ver20,Edson,José Edson Rodrigues,13300,PT,Suplente,27,1,54,72,0,Palmares do Sul,210000851611
c2029,g3159,ver20,Angenor Almeida,Angenor dos Reis de Almeida,13000,PT,Suplente,63,1,22,49,0,Morro Redondo,210000853891
c2030,g16157,ver20,Maria Terezinha Mesquita,Maria Terezinha Mesquita Wachholz,13413,PT,Suplente,5,1,46,49,0,Morro Redondo,210000853892
c2031,g3098,ver20,Maria Tereza Fonseca,Maria Tereza Lisboa da Fonseca,13666,PT,Suplente,5,1,46,49,0,Morro Redondo,210000853893
c2032,g37028,ver20,Hosni Husein,Hosni Zafanelli Husein,13381,PT,Suplente,2,1,48,49,0,Morro Redondo,210000853894
c2033,g3212,ver20,Cristiane Corrêa,Cristiane da Silva Corrêa,13222,PT,Suplente,21,1,35,49,0,Morro Redondo,210000853895
c2034,g41293,ver20,Marcio Guerreiro,Marcio Joel Signorini,13777,PT,Suplente,27,1,33,49,0,Morro Redondo,210000853896
c2035,g30408,ver20,Thiarles Schneider,Thiarles Melo Schneider,13456,PT,Eleito,227,1,4,49,0,Morro Redondo,210000853897
c2036,g16989,ver20,Dene Eslabao,Valdenir Eslabão dos Santos,13033,PT,Suplente,38,1,30,49,0,Morro Redondo,210000853898
c2037,g784,ver20,Priscila Danda,Priscila Danda da Silva,13333,PT,Suplente,52,1,26,49,0,Morro Redondo,210000853899
c2038,g2388,ver20,Adair,Adair José da Silva,12555,PDT,Suplente,270,1,38,161,0,Parobé,210000857303
c2039,g10000,ver20,Margarete Ferreira,Margarete de Fatima Ferreira Gregorio,13444,PT,Suplente,25,1,25,27,0,Paim Filho,210000857581
c2040,g19942,ver20,Iracema Cagnini Peruzzolo Cema,Iracema Lourdes Cagnini Peruzzolo,13555,PT,Suplente,74,1,18,27,0,Paim Filho,210000857582
c2041,g17242,ver20,De Paula,Luiz Teles de Paula,13234,PT,Suplente,152,1,9,27,0,Paim Filho,210000857583
c2042,g21939,ver20,Elaine Garbin Zanchet,Elaine Regina Garbin Zanchet,13113,PT,Eleito,200,1,5,27,0,Paim Filho,210000857584
c2043,g8729,ver20,Chico de Moraes,Francisco de Moraes,13666,PT,Suplente,34,1,24,27,0,Paim Filho,210000857585
c2044,g1876,ver20,Celsão,Celso Luiz Lorenson,13111,PT,Eleito,263,1,2,27,0,Paim Filho,210000857586
c2045,g22265,ver20,David Conte,David Conte,13000,PT,Eleito,240,1,4,27,0,Paim Filho,210000857587
c2046,g36223,ver20,Oeliton Moraes,Oeliton Antunes Moraes,13123,PT,Suplente,52,1,20,27,0,Paim Filho,210000857588
c2047,g11912,ver20,Pontel,Aldair Antonio Pontel,13999,PT,Eleito,161,1,7,27,0,Paim Filho,210000857589
c2048,g34469,ver20,Igor Conte,Igor Conte,13456,PT,Suplente,131,1,14,27,0,Paim Filho,210000857590
c2049,g47728,ver20,Marli da Silva,Marli Aparecida da Silva,13333,PT,Suplente,42,1,23,27,0,Paim Filho,210000857591
c2050,g19482,ver20,Capelini,Ovidio Capelini,13222,PT,Suplente,152,1,9,27,0,Paim Filho,210000857592
c2051,g39770,ver20,Joelci Pereira,Joelci Alves da Silva Pereira,13670,PT,Suplente,29,1,21,26,0,Santo Expedito do Sul,210000858983
c2052,g20596,ver20,Jaciel da Rosa Pereira,Jaciel da Rosa Pereira,13222,PT,Eleito,94,1,8,26,0,Santo Expedito do Sul,210000858984
c2053,g44133,ver20,Nilson Passaglia,Nilson Passaglia,13013,PT,Suplente,51,1,19,26,0,Santo Expedito do Sul,210000858985
c2054,g31917,ver20,Valdir dos Santos Tola,Valdir dos Santos,13777,PT,Suplente,87,1,10,26,0,Santo Expedito do Sul,210000858986
c2055,g26680,ver20,Clemilde Belusso,Clemilde Fátima Debona Belusso,13555,PT,Eleito,125,1,3,26,0,Santo Expedito do Sul,210000858987
c2056,g44351,ver20,Eduardo Luiz Martins,Eduardo Luiz Martins,13123,PT,Suplente,5,1,34,38,0,Lagoa Bonita do Sul,210000859394
c2057,g30200,ver20,Cleamaris Conti Lipke - Fofa,Cleamaris Diana Conti Lipke,13113,PT,Suplente,54,1,17,38,0,Lagoa Bonita do Sul,210000859395
c2058,g45478,ver20,Adriana da Rosa Foletto,Adriana da Rosa Foletto,13115,PT,Suplente,15,1,26,38,0,Lagoa Bonita do Sul,210000859396
c2059,g47099,ver20,Almeri Pribe - Pirica,Almeri Ivo Pribe,13456,PT,Eleito,71,1,12,38,0,Lagoa Bonita do Sul,210000859397
c2060,g31580,ver20,Anderson Soares,Anderson Soares,13013,PT,Suplente,1,1,38,38,0,Lagoa Bonita do Sul,210000859398
c2061,g49271,ver20,Geferson Pereira - Gefinho,Geferson Alexssander Pereira,13333,PT,Suplente,17,1,25,38,0,Lagoa Bonita do Sul,210000859399
c2062,g15989,ver20,Ismael Rathke,Ismael Rathke,13345,PT,Suplente,41,1,18,38,0,Lagoa Bonita do Sul,210000859400
c2063,g30699,ver20,Tainara Aparecida Nunes,Tainara Aparecida Nunes,13450,PT,Suplente,6,1,33,38,0,Lagoa Bonita do Sul,210000859401
c2064,g37571,ver20,Marcia Lazzari,Marcia Lazzari Raminelli,13227,PT,Suplente,27,1,22,38,0,Lagoa Bonita do Sul,210000859402
c2065,g5201,ver20,Vandinho,Vanderlei Nunes e Silva,13222,PT,Suplente,4,1,37,38,0,Lagoa Bonita do Sul,210000859403
c2066,g12015,ver20,Joel Lucas da Rosa,Joel Lucas da Rosa,13133,PT,Suplente,34,1,19,38,0,Lagoa Bonita do Sul,210000859404
c2067,g33711,ver20,Olavo da Rosa - Olavinho,Olavo da Rosa,13555,PT,Eleito,97,1,9,38,0,Lagoa Bonita do Sul,210000859405
c2068,g21442,ver20,Jean,Jean Carlos Giasson,13888,PT,Suplente,120,1,13,26,0,Ibiaçá,210000860755
c2069,g44932,ver20,Alci,Alcir Stefani,13013,PT,Eleito,127,1,12,26,0,Ibiaçá,210000860756
c2070,g7213,ver20,Nilvo,Nilvo Cecchin,13130,PT,Suplente,111,1,15,26,0,Ibiaçá,210000860757
c2071,g8844,ver20,Miro,Rosemir Rossi,13333,PT,Suplente,115,1,14,26,0,Ibiaçá,210000860758
c2072,g50142,ver20,Andreia,Andreia Aparecida Gambin Mioto,13613,PT,Suplente,90,1,17,26,0,Ibiaçá,210000860759
c2073,g16501,ver20,Iza,Izanete Maria Colla,13113,PT,Suplente,24,1,26,26,0,Ibiaçá,210000860760
c2074,g48742,ver20,Jureça,Jureci dos Santos da Silva,13234,PT,Não eleito,172,1,10,28,0,Pinheirinho do Vale,210000860985
c2075,g28304,ver20,Tadei,Vilson Tadei Lermen,13013,PT,Não eleito,54,1,19,28,0,Pinheirinho do Vale,210000860986
c2076,g38520,ver20,Professora Elisane,Elisane Maria Steffen Martiny,13013,PT,Não eleito,44,1,24,45,0,Alto Feliz,210000861461
c2077,g282,ver20,Ademir Wiederkehr,Ademir Jose Wiederkehr,13123,PT,Não eleito,23,1,32,45,0,Alto Feliz,210000861462
c2078,g2621,ver20,Andre Luiz Jung,Andre Luiz Jung,13113,PT,Não eleito,65,1,22,28,0,São Martinho,210000862281
c2079,g8492,ver20,Puro Sangue,Adair Nichele dos Santos,13013,PT,Não eleito,93,1,18,28,0,São Martinho,210000862282
c2080,g19579,ver20,Marlene Schimith,Marlene Schimith,13123,PT,Não eleito,144,1,13,28,0,São Martinho,210000862283
c2081,g50408,ver20,Marina Bastos,Miguela Marina de Bastos Gonçalves,15610,MDB,Suplente,260,1,33,78,0,Santiago,210000864555
c2082,g34119,ver20,Reginaldo,Marcio Reginaldo Bitencourt da Cruz,12200,PDT,Suplente,148,1,45,78,0,Santiago,210000864890
c2083,g1162,ver20,Isaias,Isaias Santos Rocha,11222,PP,Suplente,66,1,16,43,0,Fazenda Vilanova,210000865660
c2084,g45197,ver20,Alessandro Ferreira,Alessandro Soares Ferreira,13000,PT,Não eleito,30,1,22,31,0,Mata,210000866458
c2085,g1574,ver20,Prof Ana Figueira,Ana Maria Cezar Figueira,13333,PT,Não eleito,30,1,22,31,0,Mata,210000866459
c2086,g19485,ver20,Michele Nascimento,Michele da Silva Nascimento,13120,PT,Não eleito,23,1,25,31,0,Mata,210000866460
c2087,g8697,ver20,Prof Ivo,Ivo Antonio Hohemberger,13456,PT,Não eleito,137,1,10,31,0,Mata,210000866461
c2088,g26542,ver20,Dirlei Lima,Dirlei da Silva Lima,13133,PT,Não eleito,19,1,26,31,0,Mata,210000866462
c2089,g3909,ver20,Jair Furtado,Jair Claudiomir Furtado,15555,MDB,Suplente,91,1,20,39,0,Boqueirão do Leão,210000866846
c2090,g38418,ver20,Natalino Backes,Natalino Backes,13123,PT,Não eleito,75,1,16,33,0,São José do Hortêncio,210000866924
c2091,g20376,ver20,Irilde Maria Spaniol,Irilde Maria Spaniol,13111,PT,Não eleito,67,1,20,33,0,São José do Hortêncio,210000866925
c2092,g15487,ver20,Adilson de Lima,Adilson de Lima,13000,PT,Não eleito,90,1,13,33,0,São José do Hortêncio,210000866926
c2093,g32309,ver20,Dr. Pedro,Pedro Canisio Dullius,12190,PDT,Suplente,149,1,62,148,0,Capão da Canoa,210000869780
c2094,g23835,ver20,Toddy,Ivandro Fontana,13131,PT,Suplente,73,1,18,23,0,Água Santa,210000870305
c2095,g144,ver20,Beto,Carlos Alberto Possebom,13123,PT,Eleito,156,1,4,23,0,Água Santa,210000870306
c2096,g21171,ver20,Izadora,Izadora Conte da Silveira,13572,PT,Suplente,59,1,19,23,0,Água Santa,210000870307
c2097,g21215,ver20,Delocir Buzato,Delocir Buzato,13333,PT,Eleito,348,1,1,20,0,David Canabarro,210000873462
c2098,g1255,ver20,Prof. Perrude,João Francisco Perrude,14333,PTB,Suplente,73,1,33,44,0,Bom Princípio,210000874495
c2099,g40588,ver20,Chico Winter,Francisco Miguel Winter,14750,PTB,Suplente,82,1,28,44,0,Bom Princípio,210000874501
c2100,g35406,ver20,Jaqueline,Jaqueline Bianchi,13333,PT,Eleito,98,1,6,23,0,Santo Antônio do Palma,210000874573
c2101,g14228,ver20,Toni,Antonio Michatowski,13013,PT,Suplente,69,1,13,23,0,Santo Antônio do Palma,210000874574
c2102,g50586,ver20,Dorotea,Dorotea Marcynski Ziemniczak,13456,PT,Suplente,56,1,14,23,0,Santo Antônio do Palma,210000874575
c2103,g16689,ver20,Paulinho,Paulo Cesar Dal Asta,13613,PT,Eleito,138,1,1,23,0,Santo Antônio do Palma,210000874576
c2104,g49978,ver20,Cesar Semanski,Cesar Semanski,40789,PSB,Eleito,93,1,8,23,0,Santo Antônio do Palma,210000874577
c2105,g10916,ver20,Dalceu Fernandes,Dalceu Borges Fernandes,11211,PP,Suplente,135,1,42,101,0,Soledade,210000874774
c2106,g45788,ver20,Marilia Gutierres,Marilia de Medeiros Gonçalves,13123,PT,Suplente,20,1,38,51,0,Herval,210000874799
c2107,g43683,ver20,Daniele Garcia,Daniele Garcia,13013,PT,Suplente,14,1,40,51,0,Herval,210000874801
c2108,g32597,ver20,Professor Chiquinho,Francisco da Costa Vieira,13333,PT,Suplente,98,1,18,51,0,Herval,210000874802
c2109,g11247,ver20,Marino Diel,Marino Meurer Diel,13133,PT,Suplente,50,1,23,51,0,Herval,210000874803
c2110,g32175,ver20,Pekão,Edinaldo Francisco Azevedo,13111,PT,Eleito,231,1,4,51,0,Herval,210000874804
c2111,g33390,ver20,Giovanildo Lopes,Giovanildo Lopes da Costa,13123,PT,Suplente,166,1,18,57,0,Dom Feliciano,210000874818
c2112,g44620,ver20,Janete Markowski Couto,Janete Markowski Couto,13313,PT,Suplente,78,1,31,57,0,Dom Feliciano,210000874819
c2113,g12073,ver20,Nil Kober,Ivanildo Kober,13000,PT,Suplente,97,1,29,57,0,Dom Feliciano,210000874820
c2114,g4867,ver20,Raimundo Biedzicki,Raimundo Brys Biedzicki,13600,PT,Suplente,63,1,37,57,0,Dom Feliciano,210000874821
c2115,g1422,ver20,Renato Soares,Renato Slawski Soares,13113,PT,Suplente,139,1,25,57,0,Dom Feliciano,210000874822
c2116,g38149,ver20,Leticia Nunes Martins,Leticia Nunes Martins,13013,PT,Suplente,85,1,30,57,0,Dom Feliciano,210000874823
c2117,g87,ver20,Vanderlei de Olveira,Vanderlei de Oliveira,13444,PT,Suplente,193,1,16,57,0,Dom Feliciano,210000874824
c2118,g12508,ver20,Cristiano Studzinski,Cristiano Jose Studzinski,13500,PT,Eleito,225,1,14,57,0,Dom Feliciano,210000874825
c2119,g20166,ver20,Paulo Zaikowski,Paulo Zajkowski,13300,PT,Suplente,54,1,40,57,0,Dom Feliciano,210000874826
c2120,g9937,ver20,Maria Jussara,Maria Jussara Martins Araújo,13332,PT,Suplente,62,1,38,57,0,Dom Feliciano,210000874827
c2121,g41430,ver20,Professora Leila Job,Leila Fatima Corrêa Job,13131,PT,Suplente,52,1,41,57,0,Dom Feliciano,210000874828
c2122,g31801,ver20,Sangalli,Cristian Roger Sangalli,13789,PT,Suplente,28,1,37,45,0,Fontoura Xavier,210000875769
c2123,g25639,ver20,Carolina Prestes,Carolina Prestes dos Santos,13000,PT,Eleito,329,1,3,45,0,Fontoura Xavier,210000875770
c2124,g49390,ver20,Sandra Garcias,Sandra Mara Garcias,13337,PT,Suplente,176,1,14,45,0,Fontoura Xavier,210000875772
c2125,g41483,ver20,Antonio Santeiro,Antonio Portela de Castro,13567,PT,Eleito,299,1,4,45,0,Fontoura Xavier,210000875774
c2126,g10870,ver20,Cristiano Pedroso,Cristiano Silva Pedroso,13222,PT,Suplente,83,1,25,45,0,Fontoura Xavier,210000875775
c2127,g29076,ver20,Sandro Tigrinho,Sandro Vaz Godoy,13555,PT,Eleito,203,1,11,45,0,Fontoura Xavier,210000875776
c2128,g20098,ver20,Betinho,Felisberto Godoy da Rosa,13123,PT,Suplente,202,1,12,45,0,Fontoura Xavier,210000875777
c2129,g50146,ver20,Ivete,Ivete Silva dos Santos,13888,PT,Suplente,42,1,33,45,0,Fontoura Xavier,210000875780
c2130,g20846,ver20,Angarete Paz da Rosa,Angarete Paz da Rosa,13333,PT,Eleito,212,1,9,45,0,Fontoura Xavier,210000875781
c2131,g44093,ver20,Cleni Gonçalves,Cleni Gonçalves,13513,PT,Suplente,8,1,42,55,0,Tabaí,210000876040
c2132,g46437,ver20,Biano,Adriano Souza da Costa,13555,PT,Suplente,45,1,20,55,0,Tabaí,210000876041
c2133,g13590,ver20,Adenilso Camelo,Adenilso Danelli,13333,PT,Não eleito,20,1,25,36,0,Cerro Grande,210000878288
c2134,g21625,ver20,Thaís Blau,Thaís Gabriela Blau,13555,PT,Não eleito,4,1,35,36,0,Cerro Grande,210000878289
c2135,g49439,ver20,Romario Marcolan,Romario Marcolan,13655,PT,Não eleito,83,1,14,36,0,Cerro Grande,210000878290
c2136,g42240,ver20,Pedro da Borracharia,Pedro de Oliveira,13678,PT,Não eleito,12,1,27,36,0,Cerro Grande,210000878291
c2137,g47395,ver20,Rosi Casagrande,Rosiane Fatima Casagrande,13613,PT,Não eleito,25,1,23,36,0,Cerro Grande,210000878292
c2138,g10730,ver20,Ana Affonso,Ana Inés Affonso,13813,PT,Eleito,2906,1,3,242,0,São Leopoldo,210000878961
c2139,g36172,ver20,Adão Romeiro,Adão Carlos Romeiro Rodrigues,13913,PT,Suplente,159,1,136,242,0,São Leopoldo,210000878962
c2140,g51013,ver20,Marcelo Costa,Marcelo Agiova da Costa,13568,PT,Suplente,271,1,93,242,0,São Leopoldo,210000878963
c2141,g15214,ver20,Janaína Fernandes,Janaína Raquel da Costa Fernandes,13888,PT,Suplente,328,1,80,242,0,São Leopoldo,210000878964
c2142,g2608,ver20,Sandra Scherer,Sandra Mariza Waliszenski Scherer,13500,PT,Suplente,237,1,104,242,0,São Leopoldo,210000878965
c2143,g3741,ver20,Pm Adriano,Paulo Adriano Gonçalves Leite,13190,PT,Suplente,296,1,87,242,0,São Leopoldo,210000878966
c2144,g31420,ver20,Zangado Nelci,Nelci Dias de Menezes,13337,PT,Suplente,147,1,139,242,0,São Leopoldo,210000878967
c2145,g22176,ver20,Ferenando Menezes,Luiz Fernando Vargas de Menezes,13070,PT,Suplente,169,1,133,242,0,São Leopoldo,210000878968
c2146,g8943,ver20,Alvino de Moraes,Alvino de Moraes,13199,PT,Suplente,197,1,119,242,0,São Leopoldo,210000878969
c2147,g45461,ver20,Denise,Denise Rosane Ribeiro dos Santos,13530,PT,Suplente,27,1,225,242,0,São Leopoldo,210000878970
c2148,g39573,ver20,Alcemir Garcia,Alcemir da Silveira Garcia,13300,PT,Suplente,483,1,56,242,0,São Leopoldo,210000878971
c2149,g15918,ver20,Dinho,Evandro dos Santos,13200,PT,Suplente,561,1,48,242,0,São Leopoldo,210000878972
c2150,g44630,ver20,Jú Lanfermann,Jussara Lanfermann,13001,PT,Suplente,492,1,52,242,0,São Leopoldo,210000878973
c2151,g40259,ver20,Nadir Jesus,Nadir Maria de Jesus,13013,PT,Suplente,723,1,33,242,0,São Leopoldo,210000878974
c2152,g18312,ver20,Tiago Silveira,Tiago Oliveira Silveira,13999,PT,Suplente,759,1,32,242,0,São Leopoldo,210000878975
c2153,g49244,ver20,Marcel Frison,Marcel Martins Frison,13000,PT,Eleito,1344,1,21,242,0,São Leopoldo,210000878976
c2154,g21445,ver20,Brasiliano Silva,Brasiliano da Silva Neves,13600,PT,Suplente,33,1,219,242,0,São Leopoldo,210000878977
c2155,g23538,ver20,Alemão Schutze,Claudimir Schutze,13799,PT,Suplente,657,1,42,242,0,São Leopoldo,210000878978
c2156,g42565,ver20,Henrique Schuster,Henrique Arlindo Franzmann Schuster,13670,PT,Suplente,76,1,178,242,0,São Leopoldo,210000878979
c2157,g33827,ver20,Nestor Schwertner,Nestor Pedro Schwertner,13677,PT,Eleito,3227,1,2,242,0,São Leopoldo,210000878980
c2158,g41685,ver20,Jara Alencastro,Jaralise Souza Alencastro de Carvalho,13007,PT,Não eleito,13,1,75,85,0,Tapes,210000879092
c2159,g10243,ver20,Rodrigo Ribeiro,Rodrigo da Silva Ribeiro,13777,PT,Não eleito,106,1,24,85,0,Tapes,210000879093
c2160,g20895,ver20,Professor Corazza,Gilberto Corazza,13100,PT,Eleito,694,1,11,152,0,Santo Ângelo,210000881289
c2161,g8121,ver20,Daniele Barbosa,Daniele de Moura Barbosa,13111,PT,Suplente,25,1,134,152,0,Santo Ângelo,210000881290
c2162,g6556,ver20,Diego Maciel,Diego Lemos Maciel,13013,PT,Suplente,129,1,90,152,0,Santo Ângelo,210000881291
c2163,g32538,ver20,Claudir Diniz Garcia,Claudir Diniz Garcia,13613,PT,Suplente,188,1,69,152,0,Santo Ângelo,210000881292
c2164,g48595,ver20,Juliana Corrêa da Ditz,Juliana Correa de Oliveira,13116,PT,Suplente,22,1,137,152,0,Santo Ângelo,210000881293
c2165,g14902,ver20,Guaraci Fernandes,Guaraci de Alencar Fernandes Lemos,13300,PT,Suplente,219,1,60,152,0,Santo Ângelo,210000881294
c2166,g17952,ver20,Cristian Fontella,Cristian Carmo Fontella,13123,PT,Suplente,565,1,19,152,0,Santo Ângelo,210000881295
c2167,g32545,ver20,Profe Rosana Vargas,Rosana Figueiredo Vargas,13113,PT,Suplente,201,1,64,152,0,Santo Ângelo,210000881296
c2168,g42241,ver20,Julia de Souza,Julia Rejane de Souza,13527,PT,Suplente,332,1,67,252,0,Santa Cruz do Sul,210000881639
c2169,g45958,ver20,Nercio Kuhl,Nercio Kuhl,13610,PT,Suplente,55,1,198,252,0,Santa Cruz do Sul,210000881640
c2170,g3527,ver20,Andre Beck,Andre Luiz Beck,13633,PT,Suplente,248,1,92,252,0,Santa Cruz do Sul,210000881641
c2171,g48673,ver20,Alberto Heck,Alberto João Heck,13600,PT,Eleito,1320,1,6,252,0,Santa Cruz do Sul,210000881642
c2172,g33365,ver20,Camila Benke Radialista,Camila Janaina Vieira Benke,13013,PT,Suplente,126,1,140,252,0,Santa Cruz do Sul,210000881643
c2173,g21837,ver20,Doralino Rosa,Doralino Silveira da Rosa,13789,PT,Suplente,401,1,60,252,0,Santa Cruz do Sul,210000881644
c2174,g18626,ver20,Dieni Berté Schwendler,Dianefer Berté Schwendler,13100,PT,Suplente,503,1,41,252,0,Santa Cruz do Sul,210000881645
c2175,g37503,ver20,Claudio Baiano,Claudio Pereira Batista,13000,PT,Suplente,139,1,131,252,0,Santa Cruz do Sul,210000881646
c2176,g18047,ver20,Maria Lucia Furlan,Maria Lúcia Nepomuceno Sousa Furlan,13028,PT,Não eleito,39,1,13,16,0,Protásio Alves,210000884599
c2177,g14953,ver20,Carlos Fuhro,Carlos Alberto dos Santos Fuhro,13000,PT,Não eleito,46,1,43,88,0,Cidreira,210000887102
c2178,g39143,ver20,Valdir Alexandre,Valdir Alexandre,13123,PT,Suplente,183,1,62,155,0,Sapiranga,210000891325
c2179,g17012,ver20,Mauri Schorn,Mauri Antonio Schorn,13513,PT,Suplente,343,1,37,155,0,Sapiranga,210000891326
c2180,g18303,ver20,Ademar da Silva,Ademar da Silva,13155,PT,Suplente,212,1,54,155,0,Sapiranga,210000891327
c2181,g49547,ver20,Toninho,Antonio Brum Goulart,13433,PT,Suplente,19,1,141,155,0,Sapiranga,210000891328
c2182,g35446,ver20,Ivanir Machado,Ivanir da Silva Machado,13456,PT,Suplente,112,1,87,155,0,Sapiranga,210000891329
c2183,g12721,ver20,Joao dos Santos,Joao dos Santos,13600,PT,Suplente,40,1,120,155,0,Sapiranga,210000891330
c2184,g15023,ver20,Joao Gomes,Joao Gomes dos Santos,13290,PT,Suplente,62,1,111,155,0,Sapiranga,210000891331
c2185,g17466,ver20,Loivo,Loivo Rosch Antonio,13000,PT,Suplente,474,1,26,155,0,Sapiranga,210000891332
c2186,g18481,ver20,Professora Rita Della Giustina,Rita de Cassia Della Giustina de Oliveira,13213,PT,Eleito,1681,1,1,155,0,Sapiranga,210000891333
c2187,g7567,ver20,Gilberto Gemeo,Gilberto Ferreira,13133,PT,Suplente,467,1,27,155,0,Sapiranga,210000891334
c2188,g39282,ver20,Marilena Maus,Marilena Maus,13700,PT,Suplente,24,1,140,155,0,Sapiranga,210000891336
c2189,g21806,ver20,Bia da Padaria,Beatriz Rosa de Souza,13333,PT,Suplente,45,1,118,155,0,Sapiranga,210000891337
c2190,g12139,ver20,Adri Fiuza,Adriane dos Santos Fiuza,13800,PT,Suplente,259,1,47,155,0,Sapiranga,210000891338
c2191,g23396,ver20,Joao Moraes,Joao Rudinei Moraes,13633,PT,Suplente,452,1,29,155,0,Sapiranga,210000891339
c2192,g102,ver20,Baiano do Sindicato,Oldair Pagliarini,13100,PT,Suplente,180,1,65,155,0,Sapiranga,210000891340
c2193,g15077,ver20,Marcelo da Silva,Marcelo Joao da Silva,13655,PT,Suplente,141,1,75,155,0,Sapiranga,210000891341
c2194,g13405,ver20,Oda Rosanelli,Odair José Rosanelli,13777,PT,Não eleito,85,1,119,186,0,Farroupilha,210000892399
c2195,g13729,ver20,Paulo Biegelmeyer,Paulo Ricardo Biegelmeyer,13013,PT,Não eleito,49,1,146,186,0,Farroupilha,210000892400
c2196,g44855,ver20,Bruna Eleodoro,Bruna Zmijevski Eleodoro,13014,PT,Não eleito,52,1,143,186,0,Farroupilha,210000892401
c2197,g32838,ver20,Carlão Bernardi,Carlos Bernardi,13231,PT,Não eleito,21,1,174,186,0,Farroupilha,210000892402
c2198,g46552,ver20,Covolan,Marcelo Covolan,13100,PT,Não eleito,93,1,109,186,0,Farroupilha,210000892403
c2199,g34830,ver20,Leomar da Silva,Leomar da Silva,13456,PT,Não eleito,78,1,123,186,0,Farroupilha,210000892404
c2200,g24652,ver20,Márcio Güilden,Márcio Güilden,13123,PT,Não eleito,391,1,33,186,0,Farroupilha,210000892405
c2201,g17038,ver20,Hortencio do Amaral,Hortencio Francisco Mendes do Amaral,13333,PT,Não eleito,206,1,63,186,0,Farroupilha,210000892406
c2202,g38384,ver20,Renata Lopes,Renata Wulff Lopes,13000,PT,Não eleito,185,1,70,186,0,Farroupilha,210000892407
c2203,g29079,ver20,Mari Lima,Marisete Lima Dal Ri,13001,PT,Não eleito,77,1,124,186,0,Farroupilha,210000892408
c2204,g10503,ver20,Belmiro Marmitt,Belmiro Marmitt,13413,PT,Não eleito,87,1,66,97,0,Estância Velha,210000895651
c2205,g25429,ver20,Professora Cecilia,Cecilia Decarli,13000,PT,Não eleito,233,1,36,97,0,Estância Velha,210000895653
c2206,g6428,ver20,Noeli Recktenwalt,Noeli Recktenwalt,13113,PT,Não eleito,31,1,82,97,0,Estância Velha,210000895655
c2207,g43190,ver20,Enfermeira Marcia Ribeiro,Marcia Ines Ribeiro,13013,PT,Não eleito,434,1,18,97,0,Estância Velha,210000895656
c2208,g45109,ver20,Jéssica de Araujo,Jéssica de Araujo,13665,PT,Suplente,55,1,21,27,0,Rio dos Índios,210000898455
c2209,g4472,ver20,Valmir Vieira,Valmir Vieira,13555,PT,Suplente,10,1,26,27,0,Rio dos Índios,210000898456
c2210,g6026,ver20,Emerson Lorenzi,Emerson Lorenzi,13444,PT,Suplente,82,1,15,27,0,Rio dos Índios,210000898457
c2211,g3640,ver20,Laurindo Bilini,Laurindo Bilini,13222,PT,Eleito,136,1,2,27,0,Rio dos Índios,210000898458
c2212,g30204,ver20,Giseli Padilha,Giseli Aparecida Padilha,13133,PT,Suplente,8,1,27,27,0,Rio dos Índios,210000898459
c2213,g12022,ver20,Adilio Mulinetti,Adilio Mulinetti,13456,PT,Suplente,51,1,22,27,0,Rio dos Índios,210000898460
c2214,g35473,ver20,Joao Malacarne (Juda),Joao Domingos Malacarne,13333,PT,Suplente,47,1,23,27,0,Rio dos Índios,210000898461
c2215,g13311,ver20,Adenilso Batistel,Adenilso Batistel,13119,PT,Suplente,47,1,23,27,0,Rio dos Índios,210000898462
c2216,g2762,ver20,Professora Naura,Naura Baptistella Fontana,13000,PT,Eleito,118,1,8,27,0,Rio dos Índios,210000898463
c2217,g38368,ver20,Doraci Pacheco,Doraci Pacheco Filho,15505,MDB,Suplente,208,1,19,78,0,Júlio de Castilhos,210000910544
c2218,g19489,ver20,Clau Flores,Claudete Carlos Flores,11016,PP,Suplente,7,1,28,30,0,Terra de Areia,210000922458
c2219,g16614,ver20,Gilberto Pereira,Flavio Gilberto Cruz Pereira,11333,PP,Suplente,63,1,17,27,0,Chuí,210000922629
c2220,g30212,ver20,Leonardo Piccolotto dos Santos,Leonardo Piccolotto dos Santos,13123,PT,Eleito,84,1,10,22,0,São José das Missões,210000923198
c2221,g36514,ver20,Neca Souza,Maria de Fatima Picoloto de Souza,13456,PT,Suplente,59,1,15,22,0,São José das Missões,210000923199
c2222,g11488,ver20,Fabiano Chicatte da Conceição,Fabiano Chicatte da Conceição,13413,PT,Suplente,57,1,16,22,0,São José das Missões,210000923200
c2223,g24388,ver20,Niltinho,Nilton Carlos Valim da Rosa,13013,PT,Não eleito,17,1,33,35,0,Bom Jesus,210000923908
c2224,g32096,ver20,Lisandra,Elisandra Martins Pereira,13123,PT,Não eleito,82,1,22,35,0,Bom Jesus,210000923909
c2225,g24778,ver20,Cleomar Boeira,Cleomar Schuwaab,13000,PT,Suplente,30,1,39,47,0,São José do Ouro,210000928384
c2226,g50716,ver20,Jairo Ribeiro,Jairo Ribeiro,13333,PT,Suplente,68,1,29,47,0,São José do Ouro,210000928385
c2227,g38895,ver20,Gonçalves,Darci Lyra Gonçalves,13113,PT,Suplente,18,1,44,47,0,São José do Ouro,210000928386
c2228,g39870,ver20,Neusa Garcia,Neusa Garcia Silvestrini,13321,PT,Suplente,98,1,18,47,0,São José do Ouro,210000928387
c2229,g4115,ver20,Toco Cassol,Claidecir Antonio Cassol,13013,PT,Eleito,113,1,16,47,0,São José do Ouro,210000928388
c2230,g47310,ver20,Zé Barbosa,Amarildo José Barbosa,13123,PT,Suplente,43,1,35,47,0,São José do Ouro,210000928389
c2231,g38822,ver20,Neto Viana,Sisinio Viana Guimaraes,13123,PT,Eleito,130,1,11,52,0,Lavras do Sul,210000934812
c2232,g27971,ver20,Vinicius Suanez,Nercy Vinicius Munhos Suanez,13333,PT,Suplente,77,1,25,52,0,Lavras do Sul,210000934813
c2233,g30501,ver20,Janio Fontoura,Janio Farias da Fontoura,13000,PT,Suplente,63,1,27,52,0,Lavras do Sul,210000934814
c2234,g34013,ver20,Zk Severo,Maria Jose de Souza Severo,13133,PT,Suplente,20,1,39,52,0,Lavras do Sul,210000934815
c2235,g45487,ver20,Andrigo Senna,Andrigo de Senna Silveira,13456,PT,Suplente,36,1,34,52,0,Lavras do Sul,210000934816
c2236,g41176,ver20,Rita Vivian,Ana Rita Barbosa Vivian,13789,PT,Suplente,17,1,42,52,0,Lavras do Sul,210000934817
c2237,g36722,ver20,Neila Corrêa,Neila Teresinha Corrêa Alves,22016,PL,Suplente,9,1,152,161,0,Parobé,210000936498
c2238,g3770,ver20,Dari da Silva,Dari da Silva,22100,PL,Eleito,689,1,3,161,0,Parobé,210000936513
c2239,g49663,ver20,Lucio Haeser,Lucio Flavio Haeser,13000,PT,Não eleito,133,1,45,81,0,Canela,210000937748
c2240,g47062,ver20,Cigano,Emerson Guimarães,13333,PT,Suplente,22,1,101,140,0,Torres,210000938024
c2241,g50844,ver20,Daniel Sant Anna,Daniel Sant Anna Bittencourt,13001,PT,Suplente,168,1,36,140,0,Torres,210000938025
c2242,g41142,ver20,Vicente Machado,Vicente Virleu Pereira Machado,13000,PT,Suplente,108,1,53,140,0,Torres,210000938026
c2243,g45440,ver20,Zete Silveira,Mariete da Silveira,13031,PT,Suplente,381,1,16,140,0,Torres,210000938027
c2244,g25762,ver20,Tia Ana,Ana Maria Bernardino de Carvalho Boaventura,13151,PT,Suplente,12,1,116,140,0,Torres,210000938028
c2245,g1618,ver20,Moises Trisch,Moises Trisch,13013,PT,Eleito,426,1,11,140,0,Torres,210000938029
c2246,g7194,ver20,Diogo  Tchê,Diogo Ferreira Rodrigues,13789,PT,Suplente,22,1,26,31,0,São Domingos do Sul,210000938734
c2247,g25521,ver20,Lorete Kich,Lorete Teresinha Kich,13313,PT,Suplente,88,1,11,31,0,São Domingos do Sul,210000938735
c2248,g28528,ver20,Ana Claudia,Ana Claudia Silva Rosa,13130,PT,Suplente,18,1,29,31,0,São Domingos do Sul,210000938736
c2249,g35840,ver20,Júlia Fochi,Júlia Fochi,13113,PT,Suplente,16,1,30,31,0,São Domingos do Sul,210000938737
c2250,g13284,ver20,Pandolfi,Evandro Luiz Pandolfi,13456,PT,Eleito,105,1,7,31,0,São Domingos do Sul,210000938738
c2251,g18132,ver20,Nico,Jaime Poter,13123,PT,Suplente,45,1,20,31,0,São Domingos do Sul,210000938739
c2252,g5241,ver20,Clécio,Clécio Roznheski,13013,PT,Suplente,54,1,18,31,0,São Domingos do Sul,210000938740
c2253,g29543,ver20,Bento Valim,Bento Raupp Valim,13013,PT,Suplente,75,1,16,25,0,Mampituba,210000938989
c2254,g42447,ver20,Professor Ricardo,Ricardo de Oliveira Lumertz,13200,PT,Eleito,130,1,10,25,0,Mampituba,210000938990
c2255,g16897,ver20,Joice Bertoti,Joice Bertoti Padilha Magnus,13123,PT,Suplente,97,1,13,25,0,Mampituba,210000938991
c2256,g13575,ver20,Rosa Eleuterio Leite,Rosa Eleuterio Leite,13666,PT,Suplente,8,1,35,36,0,Trindade do Sul,210000939221
c2257,g36565,ver20,Solange Batistella Lara,Solange Batistella Lara,13000,PT,Eleito,134,1,14,36,0,Trindade do Sul,210000939222
c2258,g3209,ver20,Cobrinha,Claudio da Silva Palmas,13333,PT,Suplente,64,1,24,36,0,Trindade do Sul,210000939223
c2259,g26503,ver20,Luiz do Pt,Luiz Carlos Colvero,13888,PT,Eleito,163,1,12,36,0,Trindade do Sul,210000939224
c2260,g9348,ver20,Professor Itamar Basso,Itamar Isac Basso,13555,PT,Suplente,82,1,19,36,0,Trindade do Sul,210000939225
c2261,g25418,ver20,Chico Peladage,Leonir Guilherme Frubel,13123,PT,Suplente,79,1,21,36,0,Trindade do Sul,210000939226
c2262,g3988,ver20,Sergio Evangelista,Sergio Ferreira da Silva,13213,PT,Suplente,36,1,27,36,0,Trindade do Sul,210000939227
c2263,g37858,ver20,Maine Turchetti,Maine Bastos Turchetti,13013,PT,Não eleito,194,1,16,30,0,Jaguari,210000947596
c2264,g20480,ver20,Paulinho Becker,Leopaulo Oliveira Becker,13413,PT,Não eleito,160,1,17,30,0,Jaguari,210000947597
c2265,g25322,ver20,Luiz Carlos Mala,Luiz Carlos de Oliveira,13113,PT,Não eleito,25,1,28,30,0,Jaguari,210000947598
c2266,g24950,ver20,Elisiane Severo Costa,Elisiane Severo Costa,13013,PT,Suplente,26,1,27,48,0,Dilermando de Aguiar,210000949758
c2267,g46421,ver20,Rodrigo da Rádio,Rodrigo Luis dos Santos,13631,PT,Suplente,28,1,25,48,0,Dilermando de Aguiar,210000949759
c2268,g7638,ver20,Alexandre Proença,Alexandre da Costa Proença,13666,PT,Eleito,163,1,2,48,0,Dilermando de Aguiar,210000949760
c2269,g17015,ver20,Fernanda Pulhese,Fernanda Pulhese Machado,13309,PT,Suplente,11,1,34,48,0,Dilermando de Aguiar,210000949761
c2270,g36577,ver20,Mario Abelha,Mario Iop Balconi,13135,PT,Suplente,11,1,34,48,0,Dilermando de Aguiar,210000949762
c2271,g23210,ver20,Jorge Reis,Antonio Jorge da Silva Reis,13222,PT,Suplente,18,1,29,48,0,Dilermando de Aguiar,210000949763
c2272,g12352,ver20,Carlos Eduardo Dudu,Carlos Eduardo Veiga Dornelles,13613,PT,Suplente,10,1,37,48,0,Dilermando de Aguiar,210000949764
c2273,g10161,ver20,Xico Francisco Maciel,Francisco Jose Maciel Junior,13789,PT,Suplente,81,1,14,48,0,Dilermando de Aguiar,210000949765
c2274,g19530,ver20,Professora Carla Huffel,Carla Adriana Duarte Huffel,13456,PT,Suplente,58,1,17,48,0,Dilermando de Aguiar,210000949766
c2275,g17795,ver20,Marcelo Teixeira Dotto,Marcelo Teixeira Dotto,13123,PT,Eleito,124,1,7,48,0,Dilermando de Aguiar,210000949767
c2276,g18963,ver20,Juliana dos Santos   Ju,Juliana dos Santos,13007,PT,Suplente,7,1,42,48,0,Dilermando de Aguiar,210000949768
c2277,g13970,ver20,João Righi,João Batista Comin Righi,13444,PT,Suplente,5,1,45,48,0,Dilermando de Aguiar,210000949769
c2278,g14552,ver20,Eronita Gonçalves,Eronita Teresinha Gonçalves de Lima,13333,PT,Suplente,12,1,51,52,0,Guaporé,210000951305
c2279,g27983,ver20,Moreta,Ronaldo Jair Donida,13013,PT,Eleito,1070,1,1,52,0,Guaporé,210000951306
c2280,g36750,ver20,Ricardo Morais,Ricardo Morais da Silva,11789,PP,Suplente,504,1,35,249,0,Bagé,210000951366
c2281,g33233,ver20,Nei da Rosa,Nelson Flores da Rosa,22000,PL,Suplente,97,1,17,36,0,Trindade do Sul,210000951964
c2282,g44731,ver20,Bueno,Carlos Antonio de Oliveira Bueno,77123,SOLIDARIEDADE,Não eleito,190,1,142,412,0,Gravataí,210000953852
c2283,g10442,ver20,Odair Dallacort,Odair Dallacort,13123,PT,Eleito,122,1,7,23,0,Camargo,210000957280
c2284,g28513,ver20,Silvia Pagnussat Domeneghini,Silvia Pagnussat Domeneghini,13333,PT,Suplente,89,1,13,23,0,Camargo,210000957281
c2285,g35395,ver20,Jair do Lot Pop,Jair Antonio de Oliveira,13000,PT,Suplente,213,1,21,113,0,Nova Santa Rita,210000958894
c2286,g18746,ver20,Ze Rosales,Jose Adalmir Gonçalves Rosales,13699,PT,Suplente,112,1,40,113,0,Nova Santa Rita,210000958895
c2287,g7054,ver20,Beto Loco,Roberto Carlos Mendes,13131,PT,Suplente,204,1,24,113,0,Nova Santa Rita,210000958896
c2288,g38612,ver20,Rodrigo Pedal,Rodrigo de Oliveira Aveiro,13123,PT,Eleito,396,1,2,113,0,Nova Santa Rita,210000958897
c2289,g39342,ver20,Gisa,Gisele Warttmann Baptista Borba,13777,PT,Suplente,141,1,35,113,0,Nova Santa Rita,210000958898
c2290,g43271,ver20,Rô,Rosangela Lima Almeida Buttenbender,13232,PT,Suplente,14,1,99,113,0,Nova Santa Rita,210000958899
c2291,g3068,ver20,Michele da Saude,Michele Olina Nunes,13789,PT,Suplente,101,1,44,113,0,Nova Santa Rita,210000958900
c2292,g591,ver20,Renatinho Indio,Renato de Moura Farias,13455,PT,Suplente,71,1,61,113,0,Nova Santa Rita,210000958901
c2293,g47580,ver20,Andreia Margarete,Andreia Margarete Oliveira Fochezatto,13111,PT,Eleito,344,1,5,113,0,Nova Santa Rita,210000958902
c2294,g22951,ver20,Ari Baioneta,Ari Bueno de Oliveira,13013,PT,Suplente,87,1,54,113,0,Nova Santa Rita,210000958903
c2295,g48341,ver20,Gonha,Antonio Marcirio Rodrigues,13190,PT,Suplente,241,1,14,113,0,Nova Santa Rita,210000958904
c2296,g16702,ver20,Lebrão,Ildo Maciel da Luz,13456,PT,Eleito,307,1,7,113,0,Nova Santa Rita,210000958905
c2297,g5891,ver20,Vanda,Vanda Luisa Vanzin,13642,PT,Suplente,25,1,88,113,0,Nova Santa Rita,210000958906
c2298,g44642,ver20,Marli Castro,Marli da Silva Castro,13613,PT,Suplente,249,1,11,113,0,Nova Santa Rita,210000958907
c2299,g25246,ver20,Professor Reginaldo,Reginaldo Adornes Monteiro,13655,PT,Suplente,74,1,57,113,0,Nova Santa Rita,210000958908
c2300,g8407,ver20,Adão Lacerda,Adão Enio de Freitas Lacerda,13623,PT,Suplente,70,1,154,343,0,Guaíba,210000960711
c2301,g41996,ver20,Marisa Ramos,Marisa Ramos de Aguiar,13200,PT,Suplente,28,1,240,343,0,Guaíba,210000960712
c2302,g18441,ver20,Lucas Lyrio,Lucas Lyrio da Rocha,13155,PT,Suplente,31,1,231,343,0,Guaíba,210000960713
c2303,g1697,ver20,Edy Metalúrgico,Edmilson Castro de Freitas,13113,PT,Suplente,360,1,36,343,0,Guaíba,210000960714
c2304,g890,ver20,Catarina Gomes,Maria Catarina Ribeiro Gomes,13132,PT,Suplente,75,1,146,343,0,Guaíba,210000960715
c2305,g6162,ver20,Mirian Raquel,Mirian Raquel Avila de Medeiros,13300,PT,Suplente,46,1,185,343,0,Guaíba,210000960716
c2306,g13849,ver20,Nenynho Bocajuniors,Clodoaldo August da Silva,13000,PT,Suplente,178,1,80,343,0,Guaíba,210000960717
c2307,g51247,ver20,Wagner Azambuja,Wagner Azambuja de Souza,13100,PT,Suplente,112,1,114,343,0,Guaíba,210000960719
c2308,g34236,ver20,Rubens Colono,Rubens Broco Guerra,13500,PT,Suplente,265,1,50,343,0,Guaíba,210000960720
c2309,g42977,ver20,Alexandra Baqueta,Anderson Luiz da Silveira Ferreira,13023,PT,Suplente,22,1,266,343,0,Guaíba,210000960721
c2310,g2780,ver20,Pilita,Mirta Cristina Soares dos Santos,13400,PT,Suplente,105,1,121,343,0,Guaíba,210000960722
c2311,g35949,ver20,Arquiteto Reginaldo Lacerda,Reginaldo Leocadio Melo de Lacerda,13131,PT,Suplente,73,1,148,343,0,Guaíba,210000960723
c2312,g25937,ver20,Orlando Caranga,Orlando Luiz Crescencio,13321,PT,Suplente,39,1,205,343,0,Guaíba,210000960724
c2313,g30651,ver20,Tia Silvana,Silvana Rosalino da Costa,13069,PT,Não eleito,6,1,90,95,0,Rolante,210000965441
c2314,g7434,ver20,Dirceu Franzen,Dirceu Otto Franzen,13132,PT,Não eleito,5,1,92,95,0,Rolante,210000965442
c2315,g20819,ver20,Leticia Falkoski,Leticia Diaime Falkoski,13600,PT,Não eleito,13,1,80,95,0,Rolante,210000965443
c2316,g23034,ver20,Jair Silva,Jair Rodrigues da Silva,13900,PT,Não eleito,430,1,5,95,0,Rolante,210000965444
c2317,g44796,ver20,Rafael Rosa,Rafael Gustavo da Rosa,13013,PT,Não eleito,14,1,74,95,0,Rolante,210000965445
c2318,g45173,ver20,Marco Koch,Marco Rogerio Koch,13500,PT,Não eleito,39,1,58,95,0,Rolante,210000965446
c2319,g45814,ver20,Professor Israel Kujawa,Israel Kujawa,13333,PT,Suplente,507,1,62,326,0,Passo Fundo,210000965557
c2320,g4633,ver20,Pedro Cerbaro,Pedro Cerbaro,13634,PT,Suplente,163,1,141,326,0,Passo Fundo,210000965558
c2321,g45142,ver20,Glaudiomar Franciosi,Glaudiomar Franciosi,13147,PT,Suplente,19,1,311,326,0,Passo Fundo,210000965559
c2322,g8356,ver20,Neri Gomes,Nicolau Neri Gomes,13014,PT,Suplente,515,1,60,326,0,Passo Fundo,210000965560
c2323,g3341,ver20,Alex Napp,Alex Napp Vieira,13113,PT,Suplente,63,1,230,326,0,Passo Fundo,210000965561
c2324,g16308,ver20,Tarciel da Silva,Tarciel Alexandre Onazar da Silva,13013,PT,Suplente,328,1,86,326,0,Passo Fundo,210000965562
c2325,g49699,ver20,Clausir Flores,Clausir Flores,13789,PT,Suplente,45,1,261,326,0,Passo Fundo,210000965563
c2326,g29663,ver20,Nara Vidal,Nara Isar Vidal Menegatti,13777,PT,Suplente,182,1,130,326,0,Passo Fundo,210000965564
c2327,g14639,ver20,Julinho da Moradia,Julio Cesar Gonçalves,13999,PT,Suplente,521,1,59,326,0,Passo Fundo,210000965565
c2328,g38502,ver20,João Garcia,Joao Otavio Chaise Garcia,13258,PT,Suplente,166,1,139,326,0,Passo Fundo,210000965566
c2329,g6190,ver20,Denair Sandre,Denair Sandre,13636,PT,Suplente,46,1,257,326,0,Passo Fundo,210000965567
c2330,g15098,ver20,Simone Silva,Simone Santos da Silva,13000,PT,Suplente,16,1,317,326,0,Passo Fundo,210000965568
c2331,g39047,ver20,Neiva do Carmo,Neiva do Carmo,13313,PT,Suplente,20,1,309,326,0,Passo Fundo,210000965569
c2332,g28093,ver20,Eva Valéria Lorenzato,Eva Valéria Lorenzato,13123,PT,Eleito,1310,1,11,326,0,Passo Fundo,210000965570
c2333,g34981,ver20,Marcelo Dalssotto,Marcelo Ronavi Dalssotto,13000,PT,Eleito,130,1,6,23,0,Dois Irmãos das Missões,210000966767
c2334,g3104,ver20,Matheus Boelter,Matheus Oliveira Boelter,13111,PT,Eleito,128,1,7,23,0,Dois Irmãos das Missões,210000966768
c2335,g39683,ver20,Cleunice Costa,Cleunice da Silva Moraes da Costa,13777,PT,Suplente,30,1,14,23,0,Dois Irmãos das Missões,210000966769
c2336,g11347,ver20,Aline Labres,Aline Labres Martins da Silva,13444,PT,Suplente,27,1,15,23,0,Dois Irmãos das Missões,210000966770
c2337,g44378,ver20,Camilo Figueira,Camilo de Jesus dos Santos Figueira,13123,PT,Suplente,50,1,13,23,0,Dois Irmãos das Missões,210000966771
c2338,g16795,ver20,Trovão,Jair Carvalho Correa,13333,PT,Eleito,98,1,8,23,0,Dois Irmãos das Missões,210000966772
c2339,g5013,ver20,Plinio Collet,Plinio Antonio Collet,13123,PT,Eleito,147,1,1,28,0,Sede Nova,210000967832
c2340,g40900,ver20,Valmir Padilha,Valmir Padilha,13333,PT,Suplente,59,1,16,28,0,Sede Nova,210000967833
c2341,g4492,ver20,Fabio Monteiro,Fabio Barcelos Monteiro,13999,PT,Eleito,110,1,8,28,0,Sede Nova,210000967834
c2342,g15555,ver20,Marcia Dasilva,Marcia Andreia Feldmann da Silva,13777,PT,Suplente,56,1,18,28,0,Sede Nova,210000967835
c2343,g42710,ver20,Aline Kunrath,Aline Ines Kunrath,13456,PT,Suplente,10,1,28,28,0,Sede Nova,210000967836
c2344,g51170,ver20,Sirlei,Sirlei da Rocha Portela,13113,PT,Suplente,1,1,32,32,0,Entre Rios do Sul,210000968426
c2345,g9,ver20,Soni,Irson Milani,13333,PT,Eleito,187,1,3,32,0,Entre Rios do Sul,210000968427
c2346,g8249,ver20,Ademir Marchetti,Ademir Marchetti,13456,PT,Suplente,51,1,16,32,0,Entre Rios do Sul,210000968428
c2347,g26890,ver20,Doraci,Maria Doraci Nunes da Silva,13145,PT,Suplente,14,1,28,32,0,Entre Rios do Sul,210000968429
c2348,g37887,ver20,Sirtuli,Lindomar Luis Sirtuli,13123,PT,Suplente,113,1,9,32,0,Entre Rios do Sul,210000968430
c2349,g40688,ver20,Dino Galvão,Edinei de Oliveira Galvão,13555,PT,Suplente,29,1,24,34,0,Esmeralda,210000980281
c2350,g43050,ver20,Amelia Alves de Abreu,Amelia Alves de Abreu,13666,PT,Suplente,13,1,28,34,0,Esmeralda,210000980282
c2351,g6975,ver20,Ezanilda Silva Sgorla,Ezanilda de Fatima Silva Sgorla,13222,PT,Suplente,91,1,10,34,0,Esmeralda,210000980283
c2352,g7579,ver20,Gauchão Geronço,Geronço Alves Correa,13888,PT,Suplente,35,1,22,34,0,Esmeralda,210000980285
c2353,g45150,ver20,Érico Francisco da Fonseca,Érico Francisco da Fonseca,13999,PT,Eleito,132,1,3,34,0,Esmeralda,210000980286
c2354,g11871,ver20,Mauricio Marcon,Mauricio Diogo Vizzotto Marcon,13777,PT,Suplente,57,1,13,26,0,Ivorá,210000980326
c2355,g38265,ver20,Tiaguinho,Tiago de Oliveira,13333,PT,Eleito,107,1,3,26,0,Ivorá,210000980327
c2356,g39067,ver20,Cheila Zanon,Cheila Zanon,13013,PT,Suplente,54,1,14,26,0,Ivorá,210000980328
c2357,g43362,ver20,Marcelo Borges,Marcelo Benites Borges,15151,MDB,Suplente,117,1,23,40,0,Tapera,210000980897
c2358,g42107,ver20,Baccin,Jose Antonio Baccin,11222,PP,Não eleito,50,1,17,32,0,Entre Rios do Sul,210000983875
c2359,g35253,ver20,Joao Medeiros,Joao Antonio de Medeiros Neto,11333,PP,Não eleito,38,1,21,32,0,Entre Rios do Sul,210000983877
c2360,g1633,ver20,Valdir,Valdir Luis Wobeto,13615,PT,Não eleito,118,1,18,30,0,Cândido Godói,210000983898
c2361,g29198,ver20,Marlice Schedler,Marlice Schedler,13123,PT,Não eleito,39,1,26,30,0,Cândido Godói,210000983899
c2362,g7077,ver20,Angelina Kapron,Angelina Kapron,13115,PT,Não eleito,67,1,19,30,0,Cândido Godói,210000983901
c2363,g25600,ver20,Basilio,Basilio Afonso Krämer,13456,PT,Não eleito,208,1,12,30,0,Cândido Godói,210000983902
c2364,g5519,ver20,Resende,João Darcy Resende,13456,PT,Eleito,200,1,10,23,0,Gaurama,210000984982
c2365,g2271,ver20,Joel,Joel Alberton,13123,PT,Suplente,143,1,14,23,0,Gaurama,210000984983
c2366,g49926,ver20,Profe Gladis Wolff,Gladis Helena Wolff,13333,PT,Suplente,145,1,13,23,0,Gaurama,210000984984
c2367,g13248,ver20,Adilson Schuch,Adilson Oliveira Schuch,13690,PT,Suplente,388,1,22,142,0,Canguçu,210000985475
c2368,g1571,ver20,Adelio Alves de Oliveira,Adelio Alves de Oliveira,13455,PT,Não eleito,229,1,13,42,0,Chapada,210000989110
c2369,g20012,ver20,Elisane Rodrigues dos Santos,Elisane Rodrigues dos Santos,11000,PP,Suplente,127,1,14,39,0,Formigueiro,210000989953
c2370,g43545,ver20,Jovana de Carvalho,Jovana de Carvalho,13123,PT,Suplente,65,1,51,82,0,Vera Cruz,210000992150
c2371,g40503,ver20,Cira Kaufmann,Cira Maria Gassen Kaufmann,13456,PT,Eleito,465,1,8,82,0,Vera Cruz,210000992151
c2372,g1943,ver20,Nelcindo de Carvalho,Nelcindo de Carvalho,13666,PT,Suplente,59,1,53,82,0,Vera Cruz,210000992152
c2373,g7056,ver20,Mario Grieger,Mario Luis Grieger,13130,PT,Suplente,17,1,68,82,0,Vera Cruz,210000992153
c2374,g6342,ver20,Gilberto Wink,Gilberto Wink,13555,PT,Suplente,386,1,14,82,0,Vera Cruz,210000992154
c2375,g23687,ver20,Sergio Kern,Sergio Kern,13444,PT,Suplente,305,1,19,82,0,Vera Cruz,210000992155
c2376,g17810,ver20,Pablo Rodrigues,Pablo Daniel Barbosa Rodrigues,13044,PT,Suplente,74,1,41,79,0,Eldorado do Sul,210000992218
c2377,g37997,ver20,Chinês da Madeireira,Ademir Antonio Marques,13123,PT,Suplente,163,1,25,79,0,Eldorado do Sul,210000992219
c2378,g23726,ver20,Tigre,João Francisco de Morais Cardoso,13655,PT,Suplente,502,1,11,79,0,Eldorado do Sul,210000992220
c2379,g8934,ver20,Izabel Borges,Izabel Regina Mueller Aubin Borges,13333,PT,Suplente,23,1,64,79,0,Eldorado do Sul,210000992221
c2380,g44403,ver20,Rejane Fortes,Rejane de Fátima dos Santos Fortes,13013,PT,Suplente,249,1,21,79,0,Eldorado do Sul,210000992222
c2381,g3863,ver20,Paulo Silva,Paulo Roberto Silva,13313,PT,Suplente,54,1,50,79,0,Eldorado do Sul,210000992223
c2382,g6434,ver20,José Antonio,Jose Antonio Santos da Silva,13358,PT,Suplente,23,1,64,79,0,Eldorado do Sul,210000992224
c2383,g2699,ver20,Marilene Aguirre,Marilene Gabriel Aguirre,13456,PT,Suplente,48,1,52,79,0,Eldorado do Sul,210000992225
c2384,g7992,ver20,Juliano Soares,Juliano Soares da Silva,13777,PT,Eleito,896,1,4,79,0,Eldorado do Sul,210000992226
c2385,g36908,ver20,Elenice Schulz,Elenice Schulz,13000,PT,Suplente,38,1,34,45,0,Passo do Sobrado,210000992372
c2386,g2597,ver20,Daiane,Daiane Vanessa Fuentes,13520,PT,Suplente,39,1,33,45,0,Passo do Sobrado,210000992373
c2387,g7711,ver20,Selmo Loco,Selmo Baierle Fgundes,13576,PT,Eleito,174,1,6,45,0,Passo do Sobrado,210000992374
c2388,g14925,ver20,Gil,Gilberto Inacio Hermes,13123,PT,Suplente,92,1,22,45,0,Passo do Sobrado,210000992375
c2389,g41053,ver20,Ze do Brejo,Jose Edith Vieira dos Santos,13789,PT,Suplente,15,1,40,45,0,Passo do Sobrado,210000992376
c2390,g20636,ver20,Aline da Saúde,Aline Moraes Silveira,13333,PT,Suplente,173,1,7,45,0,Passo do Sobrado,210000992377
c2391,g46372,ver20,Cassiano Ferreira,Willian Cassiano Ferreira,13456,PT,Suplente,99,1,18,45,0,Passo do Sobrado,210000992378
c2392,g16223,ver20,Edison Dassi,Edison Sidinei Dassi,13789,PT,Suplente,55,1,15,38,0,Lagoa Bonita do Sul,210000992543
c2393,g11840,ver20,Saimon Ferreira,Saimon da Rosa Carvalho Ferreira,13222,PT,Suplente,13,1,53,61,0,Santana da Boa Vista,210000992806
c2394,g47477,ver20,Juarezinho,Juarez Dias Fagundes,13655,PT,Eleito,193,1,6,61,0,Santana da Boa Vista,210000992807
c2395,g10066,ver20,Zezinho,Jose Otavio Domingues Soares,13617,PT,Suplente,85,1,23,61,0,Santana da Boa Vista,210000992808
c2396,g11483,ver20,Geremias,Geremias Batista de Farias,13000,PT,Suplente,67,1,27,61,0,Santana da Boa Vista,210000992809
c2397,g8095,ver20,Indiara Lopes,Indiara Lopes de Oliveira,13013,PT,Suplente,46,1,35,61,0,Santana da Boa Vista,210000992810
c2398,g25304,ver20,Mere Goes,Mere Terezinha da Silva Goes,13333,PT,Suplente,131,1,14,61,0,Santana da Boa Vista,210000992811
c2399,g22620,ver20,Mauricio,João Mauricio Rosa de Oliveira,13555,PT,Suplente,95,1,21,61,0,Santana da Boa Vista,210000992812
c2400,g14087,ver20,Valdirao,Valdir Pedro Pacheco,14144,PTB,Suplente,94,1,21,45,0,Passo do Sobrado,210000993441
c2401,g38076,ver20,Tania Iochims,Tania Iochims,14646,PTB,Suplente,119,1,10,45,0,Passo do Sobrado,210000993443
c2402,g9885,ver20,Vaninho,Gilvanio Francisco da Silva Nascimento,14014,PTB,Suplente,116,1,13,45,0,Passo do Sobrado,210000993447
c2403,g9839,ver20,Pai Antonio,Antonio Rogerio de Souza,23101,CIDADANIA,Não eleito,251,1,91,252,0,Santa Cruz do Sul,210000993923
c2404,g46247,ver20,Paulinho Oliveira,Jose Paulo Oliveira,13000,PT,Não eleito,183,1,15,76,0,Arroio dos Ratos,210000995144
c2405,g26825,ver20,Sena do Bar,Adair Sena Martins,13122,PT,Não eleito,24,1,57,76,0,Arroio dos Ratos,210000995145
c2406,g5279,ver20,Professora Isolda,Isolda Mena Dutra,13013,PT,Não eleito,45,1,46,76,0,Arroio dos Ratos,210000995146
c2407,g12641,ver20,Alexandre Peixe,Alexandre Borges Neto,13789,PT,Não eleito,70,1,35,76,0,Arroio dos Ratos,210000995147
c2408,g8665,ver20,Neiva do Garcia,Maria Inelva do Amaral,13222,PT,Não eleito,24,1,57,76,0,Arroio dos Ratos,210000995148
c2409,g33028,ver20,Eduardo do Garcia,Eduardo Rodrigues da Rosa,13658,PT,Não eleito,12,1,68,76,0,Arroio dos Ratos,210000995149
c2410,g31603,ver20,Tiago Ziguer Tiaguinho,Tiago Jose Ziguer,13113,PT,Suplente,115,1,12,22,0,Centenário,210000995564
c2411,g4209,ver20,Ivete Sobbis May,Ivete Fatima Sobbis May,13613,PT,Suplente,9,1,20,22,0,Centenário,210000995565
c2412,g22539,ver20,Dorli Ostrowski,Dorli Ostrowski,13013,PT,Suplente,32,1,18,22,0,Centenário,210000995566
c2413,g33361,ver20,Angelita,Angelita Ana Samojeden Ziger,13789,PT,Eleito,169,1,7,22,0,Centenário,210000995567
c2414,g46416,ver20,Beto,Gilberto Kozak,13123,PT,Eleito,211,1,1,22,0,Centenário,210000995568
c2415,g46323,ver20,Adelcio Ziger,Adelcio Jose Ziger,13666,PT,Eleito,180,1,5,22,0,Centenário,210000995569
c2416,g16466,ver20,Alceu Katafesta Capivara,Alceu Marcelo Katafesta,13913,PT,Eleito,202,1,2,22,0,Centenário,210000995570
c2417,g35782,ver20,Ademir,Ademir Antonio Stachowski,13611,PT,Suplente,38,1,16,22,0,Centenário,210000995571
c2418,g41426,ver20,Jandir Piotrovski,Jandir Jose Piotrovski,13456,PT,Eleito,125,1,10,22,0,Centenário,210000995572
c2419,g28576,ver20,Dorival Junior,Dorival Junior Preczewski,13213,PT,Suplente,102,1,13,22,0,Centenário,210000995573
c2420,g26285,ver20,Sirlei Vidal,Sirlei Lopes Vidal,13707,PT,Não eleito,92,1,35,61,0,Agudo,210000997405
c2421,g35383,ver20,Giovani Gonçalves,Giovani Gonçalves,13611,PT,Não eleito,35,1,50,61,0,Agudo,210000997406
c2422,g10775,ver20,Lucas Reinehr,Lucas Reinehr,13013,PT,Não eleito,116,1,29,61,0,Agudo,210000997407
c2423,g36802,ver20,Claudir Seiffert,Claudir Seiffert,13789,PT,Não eleito,19,1,60,61,0,Agudo,210000997408
c2424,g19284,ver20,Giovana Streck,Giovana Streck Brasil da Silva,13223,PT,Não eleito,34,1,52,61,0,Agudo,210000997409
c2425,g13047,ver20,Vande Binello,Vanderlei Binello Prestes,13777,PT,Suplente,30,1,14,18,0,Novo Xingu,210001002270
c2426,g26656,ver20,Daiane Carini,Daiane Roso Carini,13222,PT,Eleito,103,1,6,18,0,Novo Xingu,210001002271
c2427,g23969,ver20,Ruthe Mahler,Ruthe Paula Sechini Mahler,13456,PT,Suplente,67,1,11,18,0,Novo Xingu,210001002272
c2428,g30122,ver20,Sergio Tasso,Sergio Celso Tasso,13333,PT,Eleito,90,1,9,18,0,Novo Xingu,210001002273
c2429,g6747,ver20,Hildor,Hildor Lindner,13555,PT,Eleito,109,1,3,18,0,Novo Xingu,210001002274
c2430,g28711,ver20,Juliana Martinelli,Juliana da Silva Tascheto Martinelli,13444,PT,Suplente,29,1,15,18,0,Novo Xingu,210001002275
c2431,g36200,ver20,Salete Panozzo,Salete da Silva Panozzo,13224,PT,Suplente,50,1,16,26,0,Boa Vista do Incra,210001002293
c2432,g11231,ver20,Marcos Maciel,Marcos Goncalves Maciel,13013,PT,Eleito,115,1,5,26,0,Boa Vista do Incra,210001002294
c2433,g4031,ver20,Roberto Freitas,Roberto Freitas de Freitas,13000,PT,Suplente,19,1,24,26,0,Boa Vista do Incra,210001002295
c2434,g4948,ver20,Tita Barbosa,Ledir Barbosa de Campos,13456,PT,Suplente,3,1,26,26,0,Boa Vista do Incra,210001002296
c2435,g22180,ver20,Paulo Mate,Paulo Joarez de Freitas Mate,13123,PT,Suplente,65,1,14,26,0,Boa Vista do Incra,210001002297
c2436,g21659,ver20,Adair,Adair Ludke,13113,PT,Suplente,51,1,10,16,0,Engenho Velho,210001006602
c2437,g13330,ver20,Glória Zanatta,Glória Barbosa Zanatta,13313,PT,Eleito,61,1,8,16,0,Engenho Velho,210001006603
c2438,g5272,ver20,Tabaldi,Alvecir Roque Tabaldi,13234,PT,Eleito,78,1,4,16,0,Engenho Velho,210001006604
c2439,g25689,ver20,Douglas Pydd,Douglas Gabriel Johanns Pydd,11100,PP,Eleito,262,1,4,33,0,Campina das Missões,210001006782
c2440,g8192,ver20,Marcio Trindade,Marcio Manica da Trindade,13500,PT,Suplente,12,1,30,38,0,São Martinho da Serra,210001006876
c2441,g27677,ver20,Margaret Fogaça,Margaret Aparecida Lopes Fogaça,13013,PT,Suplente,15,1,29,38,0,São Martinho da Serra,210001006877
c2442,g37876,ver20,Rubem Brasil,Rubem Antunes Brasil,13631,PT,Suplente,0,0,38,38,0,São Martinho da Serra,210001006878
c2443,g23165,ver20,Elio Guterres,Élio Martins Guterres,13456,PT,Eleito,137,1,5,38,0,São Martinho da Serra,210001006879
c2444,g51112,ver20,Paulo Alexandre Borges,Paulo Alexandre Borges,13555,PT,Suplente,61,1,21,38,0,São Martinho da Serra,210001006880
c2445,g46210,ver20,Janaína Beck,Janaína de Vargas Beck,13040,PT,Suplente,27,1,26,38,0,São Martinho da Serra,210001006881
c2446,g16908,ver20,Roslaine Ten Caten Butzen,Roslaine Ten Caten Butzen,19190,PODE,Eleito,269,1,2,33,0,Campina das Missões,210001007055
c2447,g16218,ver20,Tenente Leis,Carlos Alberto Leis,13190,PT,Suplente,55,1,196,329,0,Cachoeirinha,210001008798
c2448,g40375,ver20,Bena Cecconello,Maria Bernadete Flores Cecconello,13055,PT,Suplente,18,1,276,329,0,Cachoeirinha,210001008799
c2449,g9583,ver20,Nene Fonseca,Sedirlei José Fonseca,13300,PT,Suplente,43,1,223,329,0,Cachoeirinha,210001008800
c2450,g5893,ver20,Nina Volpi,Rosane Vitória Volpi,13233,PT,Suplente,141,1,114,329,0,Cachoeirinha,210001008802
c2451,g30821,ver20,Pedro Henrique,Pedro Henrique Pires Kohler,13010,PT,Suplente,14,1,282,329,0,Cachoeirinha,210001008803
c2452,g42159,ver20,David Almansa,David Almansa Bernardo,13113,PT,Eleito,1803,1,1,329,0,Cachoeirinha,210001008804
c2453,g26172,ver20,Gentil Musa,Gentil Angelo Musa,13370,PT,Suplente,13,1,286,329,0,Cachoeirinha,210001008806
c2454,g49947,ver20,Idio Mesquita,Idio Correa Mesquita,13903,PT,Suplente,136,1,115,329,0,Cachoeirinha,210001008808
c2455,g17657,ver20,Seu Valdemar,Valdemar Winkler,13333,PT,Suplente,65,1,182,329,0,Cachoeirinha,210001008809
c2456,g12158,ver20,Ge Candeia,Geneci da Silva Candeia,13666,PT,Suplente,12,1,288,329,0,Cachoeirinha,210001008810
c2457,g34116,ver20,Irmão Elder Falcon,Elder Falcon Miller,13456,PT,Suplente,63,1,11,51,0,Barra do Quaraí,210001010455
c2458,g8570,ver20,Palica,Paulo Otavio Camargo da Rosa,13013,PT,Suplente,22,1,35,51,0,Barra do Quaraí,210001010456
c2459,g42267,ver20,Fernando Alonso,Luis Fernando Alonso,13607,PT,Eleito,149,1,1,51,0,Barra do Quaraí,210001010457
c2460,g12639,ver20,Maria Cristina,Maria Cristina Mendes da Cruz,13100,PT,Suplente,21,1,37,51,0,Barra do Quaraí,210001010458
c2461,g4984,ver20,Bia Martins,Bianca da Silva Martins,13789,PT,Suplente,19,1,39,51,0,Barra do Quaraí,210001010459
c2462,g47046,ver20,Professor Claudiomar,Claudiomar de Freitas Constantino,13713,PT,Suplente,18,1,41,51,0,Barra do Quaraí,210001010460
c2463,g21236,ver20,Cintia Souza,Cintia Leite de Souza,13444,PT,Suplente,7,1,48,51,0,Barra do Quaraí,210001010461
c2464,g43752,ver20,Katiane de Almeida,Elvira Katiane de Almeida Falcao,13007,PT,Suplente,10,1,45,51,0,Barra do Quaraí,210001010462
c2465,g25825,ver20,Fernando Balbuena,Fernando Balbuena da Silveira,13777,PT,Suplente,61,1,14,51,0,Barra do Quaraí,210001010463
c2466,g35002,ver20,Carla Almeida,Carla Cristiane Benites de Almeida,13123,PT,Suplente,23,1,33,51,0,Barra do Quaraí,210001010464
c2467,g21138,ver20,Pastor Edenilson,Edenilson de Almeida Brazeiro,13999,PT,Eleito,95,1,7,51,0,Barra do Quaraí,210001010465
c2468,g46979,ver20,Alex Maria,Alex Maria,12456,PDT,Eleito,130,1,6,32,0,Entre Rios do Sul,210001011603
c2469,g30735,ver20,Renato Malfatti,Renato Malfatti,13666,PT,Eleito,96,1,5,17,0,Montauri,210001011664
c2470,g9310,ver20,Claudia Giaretta,Claudia Giaretta,13333,PT,Eleito,167,1,2,17,0,Montauri,210001011665
c2471,g2183,ver20,Chila,Eliseu Souto,12909,PDT,Suplente,165,1,28,70,0,Dois Irmãos,210001012515
c2472,g36382,ver20,Roseli Beal,Roseli Silveira Schmidt Beal,13123,PT,Suplente,29,1,23,29,0,Marcelino Ramos,210001013464
c2473,g2934,ver20,Nelci Daga,Nelci Daga,13138,PT,Suplente,69,1,17,29,0,Marcelino Ramos,210001013465
c2474,g10753,ver20,Profe Cleu Valmórbida,Cleunice Maria Valmórbida Closs,13555,PT,Suplente,150,1,11,29,0,Marcelino Ramos,210001013466
c2475,g22892,ver20,Adilson Lavall,Adilson Lavall,13500,PT,Eleito,160,1,10,29,0,Marcelino Ramos,210001013467
c2476,g15223,ver20,Enio,Enio Luiz Wittmann,13013,PT,Eleito,236,1,4,29,0,Marcelino Ramos,210001013468
c2477,g3661,ver20,Herson Zwirtes,Herson Paulo Zwirtes,13000,PT,Suplente,86,1,16,29,0,Marcelino Ramos,210001013469
c2478,g41147,ver20,Jacira Guedes,Jacira Guedes Ribeiro,13006,PT,Suplente,15,1,25,29,0,Marcelino Ramos,210001013470
c2479,g27503,ver20,Hélio Müller,Hélio Müller,13777,PT,Eleito,242,1,3,29,0,Marcelino Ramos,210001013471
c2480,g18435,ver20,Big Bike,Elemar Bartz Affeldt,13022,PT,Suplente,127,1,15,64,0,Cerro Grande do Sul,210001014537
c2481,g25275,ver20,Sergio Araujo,Sergio Schumacher de Araujo,13130,PT,Suplente,90,1,25,64,0,Cerro Grande do Sul,210001014538
c2482,g16440,ver20,Angelica Salvador,Angelica Salvador Martins,13131,PT,Suplente,16,1,55,64,0,Cerro Grande do Sul,210001014539
c2483,g50846,ver20,Jaque,Jaqueline Jorge Bischoff,13013,PT,Suplente,135,1,14,64,0,Cerro Grande do Sul,210001014540
c2484,g37592,ver20,Paulo Garcia,Paulo Antonio Garcia,13111,PT,Suplente,8,1,64,64,0,Cerro Grande do Sul,210001014541
c2485,g39020,ver20,Juquinha,Jose Luis da Silva Oliveira,13000,PT,Suplente,42,1,41,64,0,Cerro Grande do Sul,210001014543
c2486,g4467,ver20,Márcia Viégas,Marcia Roseli da Silva Viégas,13038,PT,Suplente,9,1,60,64,0,Cerro Grande do Sul,210001014544
c2487,g14125,ver20,Nuria,Nuria Maria Pacheco,13444,PT,Suplente,13,1,58,64,0,Cerro Grande do Sul,210001014545
c2488,g28165,ver20,Serginho Neumann,Sergio Pacheco Neumann,13123,PT,Eleito,226,1,4,64,0,Cerro Grande do Sul,210001014546
c2489,g42184,ver20,Valeria Quadros,Valeria da Silva Quadros,25500,DEM,Suplente,39,1,62,85,0,Tapes,210001014993
c2490,g14498,ver20,Cássia,Cássia Izabela Eckert,13113,PT,Eleito,320,1,6,24,0,Boa Vista do Buricá,210001015499
c2491,g24164,ver20,Vilson Leidemer,Vilson Leidemer,13630,PT,Eleito,312,1,7,24,0,Boa Vista do Buricá,210001015500
c2492,g24455,ver20,Zica,Roseli de Oliveira Reizes Hahn,13300,PT,Eleito,370,1,3,24,0,Boa Vista do Buricá,210001015501
c2493,g37749,ver20,Ademir Eisermann,Ademir Eisermann,13580,PT,Suplente,195,1,11,24,0,Boa Vista do Buricá,210001015502
c2494,g31865,ver20,Fábio Ludwig,Fabio Eduardo Ludwig,13123,PT,Não eleito,109,1,8,26,0,Nova Candelária,210001017308
c2495,g626,ver20,Profe Nelci,Nelci Bach Schmidt,13333,PT,Não eleito,90,1,11,26,0,Nova Candelária,210001017309
c2496,g23221,ver20,Rui C Andriotti Careca,Rui Cesar Andriotti,51333,PATRIOTA,Não eleito,30,1,60,117,0,Barra do Ribeiro,210001018212
c2497,g26077,ver20,Maria Jocelaine Puntel,Maria Jocelaine Puntel,13123,PT,Não eleito,36,1,21,27,0,Lagoão,210001024289
c2498,g50342,ver20,Jesus Silvan dos Santos,Jesus Silvan dos Santos,13456,PT,Não eleito,45,1,19,27,0,Lagoão,210001024290
c2499,g28099,ver20,Gilso Elui Nunes,Gilso Elui Nunes,13122,PT,Não eleito,105,1,14,27,0,Lagoão,210001024291
c2500,g40450,ver20,Juliano de Oliveira Rodrigues,Juliano de Oliveira Rodrigues,45000,PSDB,Suplente,87,1,16,27,0,Lagoão,210001024334
c2501,g27821,ver20,Arnildo Mayer,Arnildo Mayer,11011,PP,Suplente,252,1,14,35,0,Seberi,210001025168
c2502,g39780,ver20,Clairton Alves,Clairton Aurelio Alves,13789,PT,Suplente,385,1,13,69,0,Imbé,210001025538
c2503,g44164,ver20,Fagner Guiner,Fagner Braga Goulart,13333,PT,Eleito,539,1,8,69,0,Imbé,210001025539
c2504,g18798,ver20,Tio Chico,Francisco de Paula da Silva e Silva,13713,PT,Suplente,177,1,22,69,0,Imbé,210001025540
c2505,g30607,ver20,Virna Alice,Virna Alice Marciel Cruz,13222,PT,Suplente,397,1,11,69,0,Imbé,210001025541
c2506,g33157,ver20,Marilene Korb,Marilene Conceição dos Santos Korb,13655,PT,Suplente,21,1,50,69,0,Imbé,210001025542
c2507,g27946,ver20,Renata Franki,Renata Franki Moreira,13327,PT,Suplente,124,1,30,69,0,Imbé,210001025543
c2508,g42027,ver20,Giovani Pereira,Giovani Pereira de Souza,13113,PT,Suplente,367,1,14,69,0,Imbé,210001025545
c2509,g15351,ver20,Vainer Chinho,Vainer Dias Fernandes,13123,PT,Suplente,6,1,62,69,0,Imbé,210001025546
c2510,g6362,ver20,Caio Santana,Caio Teixeira  Sant Ana,13555,PT,Eleito,642,1,2,69,0,Imbé,210001025547
c2511,g12404,ver20,Vilmar Nico,Vilmar Martins Monteiro,13190,PT,Eleito,612,1,3,69,0,Imbé,210001025548
c2512,g41199,ver20,Adiles Revers Biason,Adiles Catarina Revers Biason,13520,PT,Suplente,62,1,24,40,0,Barão de Cotegipe,210001026064
c2513,g16769,ver20,Renato Bordignon,Renato Bordignon,13013,PT,Suplente,134,1,16,40,0,Barão de Cotegipe,210001026065
c2514,g36862,ver20,Paulo Faccioli,Paulo Faccioli,13690,PT,Eleito,190,1,6,40,0,Barão de Cotegipe,210001026066
c2515,g4146,ver20,Marilena Berria,Marilena Berria,13789,PT,Eleito,225,1,3,40,0,Barão de Cotegipe,210001026067
c2516,g41883,ver20,Paulo Vicente Dias Duarte,Paulo Vicente Dias Duarte,13310,PT,Suplente,84,1,20,40,0,Barão de Cotegipe,210001026068
c2517,g23035,ver20,Flávio Fioravanti,Flávio Rios Fioravanti,13213,PT,Suplente,40,1,30,40,0,Barão de Cotegipe,210001026069
c2518,g7036,ver20,Patricia Filippini,Patricia Maria Filippini,13123,PT,Suplente,169,1,11,40,0,Barão de Cotegipe,210001026070
c2519,g26208,ver20,Suelen Olivio,Suelen Fernanda Fagundes Olivio,13456,PT,Suplente,22,1,34,40,0,Barão de Cotegipe,210001026071
c2520,g18299,ver20,Marino Azulão,Marino Gomes da Silva,13133,PT,Não eleito,22,1,120,157,0,Estrela,210001026355
c2521,g875,ver20,Lora,Loraci Maria Birck,13712,PT,Não eleito,123,1,44,157,0,Estrela,210001026356
c2522,g36245,ver20,Eduardo Bruxel,Eduardo da Costa Bruxel,13333,PT,Não eleito,111,1,50,157,0,Estrela,210001026357
c2523,g25529,ver20,Fagundes do Taxi,José Carlos Rosa Fagundes,13013,PT,Não eleito,49,1,85,157,0,Estrela,210001026359
c2524,g29004,ver20,Jura,Juraci Padilha dos Santos,13620,PT,Não eleito,32,1,105,157,0,Estrela,210001026360
c2525,g13527,ver20,Daniel Bechert,Daniel Bechert,13123,PT,Não eleito,9,1,66,69,0,Sinimbu,210001030026
c2526,g31390,ver20,Fabiane Hinz Geske,Fabiane Hinz Geske,13013,PT,Não eleito,27,1,47,69,0,Sinimbu,210001030027
c2527,g42201,ver20,Mercei Greiner,Mercei Greiner,13456,PT,Não eleito,90,1,24,69,0,Sinimbu,210001030028
c2528,g28111,ver20,Luciano Ertel,Luciano José Ertel,13000,PT,Não eleito,98,1,23,69,0,Sinimbu,210001030029
c2529,g47387,ver20,Eloni Lopes,Eloni dos Santos Lopes,13333,PT,Não eleito,25,1,48,69,0,Sinimbu,210001030030
c2530,g18444,ver20,Jean Carlo Hirsch,Jean Carlo Hirsch,13356,PT,Não eleito,13,1,59,69,0,Sinimbu,210001030031
c2531,g34366,ver20,Tonho Costa,Antonio Machado da Costa,13258,PT,Suplente,50,1,21,56,0,Gramado Xavier,210001030406
c2532,g33273,ver20,Toco Fraga,Leandro de Fraga,13456,PT,Suplente,54,1,20,56,0,Gramado Xavier,210001030408
c2533,g16372,ver20,Volmir,Volmir Pedro Groff,13999,PT,Eleito,88,1,10,56,0,Gramado Xavier,210001030409
c2534,g45688,ver20,Teresa do Nascimento,Teresinha Lena Ribeiro do Nascimento,13789,PT,Suplente,14,1,38,56,0,Gramado Xavier,210001030410
c2535,g21995,ver20,Vanderlei Alemão,Vanderley Scheffer,13666,PT,Não eleito,2,1,96,97,0,São Jerônimo,210001031807
c2536,g25945,ver20,Sinott,Jorge Luiz da Silva Sinott,13000,PT,Não eleito,70,1,49,97,0,São Jerônimo,210001031808
c2537,g16647,ver20,Severo,Luis Henrique Severo da Silva,13333,PT,Não eleito,179,1,27,97,0,São Jerônimo,210001031809
c2538,g35385,ver20,Carol Schuster,Carolina Schuster Rosa Seade,13777,PT,Não eleito,76,1,46,97,0,São Jerônimo,210001031810
c2539,g16174,ver20,Marcio Pilger,Marcio Rogerio Pilger,13001,PT,Não eleito,135,1,36,97,0,São Jerônimo,210001031811
c2540,g23727,ver20,Flora Moreira,Maria Flora Moreira Souza,13808,PT,Não eleito,16,1,78,97,0,São Jerônimo,210001031812
c2541,g29470,ver20,Diego Lopes,Diego Cardoso Lopes,13513,PT,Não eleito,54,1,55,97,0,São Jerônimo,210001031813
c2542,g15780,ver20,Eneias,Eneias Ismael da Silva,13556,PT,Não eleito,59,1,52,97,0,São Jerônimo,210001031814
c2543,g16331,ver20,Vânia Oliveira,Vani Terezinha Silva de Oliveira,13111,PT,Não eleito,8,1,90,97,0,São Jerônimo,210001031815
c2544,g9765,ver20,Lourdes Helena Sieben,Lourdes Helena Sieben,13012,PT,Suplente,38,1,82,91,0,Lajeado,210001033015
c2545,g51359,ver20,Willian Hoppe,Willian Henrique Hoppe,13710,PT,Suplente,267,1,45,91,0,Lajeado,210001033016
c2546,g29487,ver20,Grasiela Blau,Grasiela Sell Blau,13567,PT,Suplente,67,1,73,91,0,Lajeado,210001033017
c2547,g39066,ver20,Ricardo Ewald,Ricardo Ewald,13456,PT,Suplente,342,1,42,91,0,Lajeado,210001033018
c2548,g12251,ver20,Jones Fiegenbaum,Jones Fiegenbaum,13130,PT,Suplente,613,1,23,91,0,Lajeado,210001033019
c2549,g25505,ver20,Rodrigo Macedo,Rodrigo Macedo da Silveira,13820,PT,Suplente,31,1,85,91,0,Lajeado,210001033020
c2550,g22292,ver20,Sergio Rambo,Sergio Miguel Rambo,13580,PT,Suplente,576,1,25,91,0,Lajeado,210001033021
c2551,g32352,ver20,Sergio Kniphoff,Sergio Luiz Kniphoff,13714,PT,Eleito,872,1,12,91,0,Lajeado,210001033022
c2552,g15966,ver20,Jeana Micaela Corrêa,Jeana Micaela Corrêa,13069,PT,Suplente,177,1,53,91,0,Lajeado,210001033023
c2553,g23693,ver20,Eloede Conzatti,Eloede Maria Conzatti,13748,PT,Suplente,252,1,47,91,0,Lajeado,210001033024
c2554,g13037,ver20,Ivanir Lenhart,Ivanir Olívio Lenhart,13143,PT,Suplente,47,1,78,91,0,Lajeado,210001033025
c2555,g3635,ver20,Marilda Aguir,Marilda de Fatima Viana Aguir,13000,PT,Não eleito,16,1,28,35,0,Chiapetta,210001033464
c2556,g12719,ver20,Celia Padilha,Celia Vargas Padilha,13133,PT,Não eleito,100,1,14,35,0,Chiapetta,210001033465
c2557,g50418,ver20,Janavio Ferreira,Janavio dos Santos Ferreira,13655,PT,Não eleito,126,1,12,35,0,Chiapetta,210001033466
c2558,g32793,ver20,Professora Salete,Salete Antonieta Bernardi Vogt,13136,PT,Eleito,110,1,8,24,0,Barra do Guarita,210001033723
c2559,g38360,ver20,Dari,Dario Rodrigues da Silva,13344,PT,Suplente,104,1,10,24,0,Barra do Guarita,210001033724
c2560,g17076,ver20,Marcinho,Marcio Cocenski,13999,PT,Eleito,167,1,3,24,0,Barra do Guarita,210001033725
c2561,g23528,ver20,Noedi,Noedi Luis Lorenzato,13333,PT,Eleito,133,1,5,24,0,Barra do Guarita,210001033726
c2562,g24286,ver20,Vilmar,Vilmar da Silva Ribeiro,13222,PT,Suplente,107,1,9,24,0,Barra do Guarita,210001033727
c2563,g43701,ver20,Mirinho,José Valmir da Silva,13613,PT,Suplente,71,1,14,24,0,Barra do Guarita,210001033728
c2564,g30814,ver20,Nega,Dolores Vieira de Morais,13413,PT,Suplente,26,1,22,24,0,Barra do Guarita,210001033729
c2565,g35458,ver20,Angela,Angela Verenice da Luz Nascimento,13213,PT,Eleito,156,1,4,24,0,Barra do Guarita,210001033730
c2566,g22241,ver20,Moreira,Egidio Moreira,13456,PT,Eleito,126,1,7,24,0,Barra do Guarita,210001033731
c2567,g18257,ver20,Beco,Anibaldo Brietzke,13620,PT,Suplente,95,1,13,24,0,Barra do Guarita,210001033732
c2568,g6713,ver20,Cristiane,Cristiane Pedrozo,13206,PT,Suplente,59,1,17,24,0,Barra do Guarita,210001033733
c2569,g42864,ver20,Rafael Carneiro,Rafael Antônio Carneiro,22345,PL,Não eleito,186,1,130,401,0,Rio Grande,210001044763
c2570,g38631,ver20,Ana Barros,Ana Clara Brum de Barros,13123,PT,Eleito,1330,1,1,69,0,São Luiz Gonzaga,210001045233
c2571,g38104,ver20,Jose Luiz Terra,Jose Luis Terra Vieira,13613,PT,Eleito,537,1,11,69,0,São Luiz Gonzaga,210001045234
c2572,g48755,ver20,Jorginho Leaozinho,Jorge Duarte de Moraes,13456,PT,Suplente,88,1,39,69,0,São Luiz Gonzaga,210001045235
c2573,g10446,ver20,Kevin Savian,Kevin dos Anjos Savian dos Santos,13000,PT,Suplente,39,1,50,69,0,São Luiz Gonzaga,210001045236
c2574,g43981,ver20,Professor Chico Terra,Francisco Carlos Jacques Terra,13150,PT,Suplente,120,1,34,69,0,São Luiz Gonzaga,210001045238
c2575,g8123,ver20,Mada Breem,Madalena Ribeiro Bremm,13999,PT,Suplente,26,1,57,69,0,São Luiz Gonzaga,210001045239
c2576,g10135,ver20,Vladir Avila,Vladir Vagner Gonçalves Avila,13013,PT,Suplente,42,1,49,69,0,São Luiz Gonzaga,210001045240
c2577,g50596,ver20,Medina,Sidinei Amarilho Medina,13444,PT,Suplente,33,1,52,69,0,São Luiz Gonzaga,210001045241
c2578,g36103,ver20,Marisa Beck,Marisa Beck Marques,13620,PT,Suplente,367,1,18,69,0,São Luiz Gonzaga,210001045242
c2579,g11948,ver20,Cássio Raddatz,Cássio Raddatz,13333,PT,Não eleito,58,1,16,30,0,Dona Francisca,210001045354
c2580,g44124,ver20,Rocha,José Alberto Rocha de Oliveira,13131,PT,Não eleito,42,1,20,30,0,Dona Francisca,210001045355
c2581,g326,ver20,Adriana,Adriana de Fatima da Silva Lopes,13000,PT,Não eleito,11,1,29,30,0,Dona Francisca,210001045356
c2582,g22238,ver20,Profe Ângela,Ângela Aciele Gracioli,13123,PT,Não eleito,122,1,10,30,0,Dona Francisca,210001045357
c2583,g21972,ver20,André do Hospital,André Oliveira Aires,13613,PT,Não eleito,154,1,27,57,0,São Sepé,210001050260
c2584,g18043,ver20,Beleza,João Alberto Pires Neves,13000,PT,Não eleito,110,1,34,57,0,São Sepé,210001050261
c2585,g6264,ver20,Pepe,Paulo Afonso Pereira Brum,13113,PT,Não eleito,58,1,41,57,0,São Sepé,210001050262
c2586,g50841,ver20,Elisamara,Elisamara Souza Pereira,13123,PT,Não eleito,36,1,43,57,0,São Sepé,210001050263
c2587,g8011,ver20,Aparicio do Banco,Aparicio Lopes Pacheco,13513,PT,Não eleito,62,1,38,57,0,São Sepé,210001050267
c2588,g31385,ver20,Anilton Pichani,Anilton Pichani,13100,PT,Não eleito,253,1,12,27,0,Três Cachoeiras,210001051736
c2589,g5113,ver20,Liana Hahn,Liana Maria Kruger Hahn,13131,PT,Não eleito,10,1,27,27,0,Três Cachoeiras,210001051737
c2590,g26717,ver20,Marcelo Vieira,Marcelo Nunes Vieira,13123,PT,Não eleito,83,1,22,27,0,Três Cachoeiras,210001051738
c2591,g9441,ver20,Arlindão Fischer,Arlindo Fischer,13555,PT,Suplente,96,1,20,35,0,Ametista do Sul,210001054318
c2592,g38486,ver20,Daniela Maciel,Daniela Munique Maciel,13613,PT,Suplente,66,1,26,35,0,Ametista do Sul,210001054319
c2593,g42116,ver20,Osmar Freitas,Osmar Freitas,13777,PT,Suplente,17,1,32,35,0,Ametista do Sul,210001054320
c2594,g11155,ver20,Juliana Garlet,Juliane Garlet,13333,PT,Eleito,140,1,16,35,0,Ametista do Sul,210001054321
c2595,g28067,ver20,Nini Capra,Claudionor Capra,13222,PT,Eleito,458,1,1,35,0,Ametista do Sul,210001054322
c2596,g8487,ver20,Brandina,Maria Brandina Kazienko Nascimento,13555,PT,Suplente,15,1,31,37,0,Bossoroca,210001057177
c2597,g50774,ver20,Julio Timbauva,Julio Cesar de Souza Martins,13660,PT,Suplente,149,1,13,37,0,Bossoroca,210001057178
c2598,g55,ver20,Chico do Pt,Francisco Nenete Trindade Rodrigues,13131,PT,Suplente,26,1,28,37,0,Bossoroca,210001057179
c2599,g23998,ver20,Elói Batista,Elói Andrade Batista,13666,PT,Eleito,157,1,11,37,0,Bossoroca,210001057180
c2600,g15395,ver20,Beto Pereira,José Alberto Pereira,13456,PT,Suplente,78,1,19,37,0,Bossoroca,210001057182
c2601,g20077,ver20,Fatima Maciel,Fatima da Silva,13668,PT,Suplente,5,1,35,37,0,Bossoroca,210001057183
c2602,g14226,ver20,Maria Teresa Thomas,Maria Teresa Thomas,13333,PT,Suplente,94,1,13,19,0,Salvador das Missões,210001059157
c2603,g36758,ver20,Julci Luft,Julci Vanderlei Luft,13999,PT,Eleito,142,1,9,19,0,Salvador das Missões,210001059158
c2604,g42725,ver20,Samuel Schneider,Samuel Henrique Schneider,13000,PT,Eleito,224,1,2,19,0,Salvador das Missões,210001059159
c2605,g630,ver20,Elder Weber Schropfer,Elder Weber Schropfer,13013,PT,Não eleito,310,1,7,29,0,Porto Xavier,210001059397
c2606,g6768,ver20,Andressa Bratz,Andressa Liliane Engers Bratz,13889,PT,Não eleito,102,1,21,29,0,Porto Xavier,210001059398
c2607,g18579,ver20,Beto Rohleder,Gilberto Luis Rohleder,13200,PT,Suplente,67,1,11,30,0,Ubiretama,210001059647
c2608,g29718,ver20,Rogerio Rohleder,Rogerio Genor Rohleder,13120,PT,Eleito,81,1,7,30,0,Ubiretama,210001059648
c2609,g12592,ver20,Professora Romi,Romi Genice Rohleder Gertz,13246,PT,Suplente,28,1,23,30,0,Ubiretama,210001059649
c2610,g34406,ver20,Terezinha Meurer,Terezinha Velida Adams Meurer,13456,PT,Não eleito,23,1,21,21,0,Roque Gonzales,210001059724
c2611,g35549,ver20,Calango,Ederson Dantas de Vargas,13111,PT,Suplente,77,1,29,39,0,Antônio Prado,210001064473
c2612,g33130,ver20,Gilmar Pontel,Gilmar Pontel,13013,PT,Suplente,229,1,17,39,0,Antônio Prado,210001064474
c2613,g28796,ver20,Catiça,Pedro Valdecir da Silva Dutra,13333,PT,Suplente,97,1,26,39,0,Antônio Prado,210001064475
c2614,g44568,ver20,Profe Sirlei,Sirlei Stedile,13123,PT,Suplente,293,1,10,39,0,Antônio Prado,210001064476
c2615,g28113,ver20,Gilmar Belle,Gilmar Belle,13000,PT,Suplente,190,1,19,39,0,Antônio Prado,210001064477
c2616,g34211,ver20,Laís Sottoriva,Laís Dadázio Sottoriva,13024,PT,Eleito,344,1,5,39,0,Antônio Prado,210001064478
c2617,g50889,ver20,Cerineu Mantovani,Cerineu Jose Mantovani,13013,PT,Eleito,171,1,3,31,0,Pejuçara,210001064931
c2618,g31387,ver20,Neri Oliveira,Neri Azair de Oliveira,13456,PT,Suplente,27,1,23,31,0,Pejuçara,210001064932
c2619,g33577,ver20,Adão Vieira,Adão Vieira,13123,PT,Suplente,66,1,17,31,0,Pejuçara,210001064933
c2620,g28896,ver20,Janete Callegari,Janete Mantovani Callegari,13540,PT,Suplente,15,1,28,31,0,Pejuçara,210001064934
c2621,g2221,ver20,Andreia Matos,Andreia Freitas de Matos,13737,PT,Suplente,17,1,27,31,0,Pejuçara,210001064935
c2622,g20730,ver20,Jorge Winter,Jorge Luis Winter,17738,PSL,Suplente,130,1,14,33,0,Campina das Missões,210001066375
c2623,g31550,ver20,Simone,Simone Maria Thomaz Paiva,13123,PT,Não eleito,36,1,23,27,0,Salvador do Sul,210001070717
c2624,g29167,ver20,Rosemar Orth,Rosemar Orth,13000,PT,Não eleito,204,1,9,27,0,Salvador do Sul,210001070718
c2625,g12121,ver20,Preto Mendes,Almir Carlos Mendes,13000,PT,Não eleito,33,1,27,40,0,Machadinho,210001075203
c2626,g22796,ver20,Neiva,Neiva Consaladora Shneider,13123,PT,Não eleito,19,1,32,40,0,Machadinho,210001075204
c2627,g20412,ver20,Abrahão,João Abrahão Baratieri,13013,PT,Não eleito,40,1,24,40,0,Machadinho,210001075205
c2628,g37148,ver20,João Valmir,Joao Valmir da Silva,13113,PT,Não eleito,48,1,23,40,0,Machadinho,210001075206
c2629,g14123,ver20,Melania,Melania Moterli,13333,PT,Não eleito,63,1,21,40,0,Machadinho,210001075207
c2630,g11729,ver20,Silvia Pinheiro,Silvia Rejane Pinheiro,45700,PSDB,Não eleito,16,1,69,75,0,Osório,210001075573
c2631,g45118,ver20,Vagner Borracheiro da Brasília,Vagner da Rosa Leivas,12412,PDT,Suplente,43,1,34,57,0,Pedro Osório,210001076760
c2632,g1528,ver20,Lauro,Lauro Wedy de Moraes,13313,PT,Suplente,125,1,20,59,0,Salto do Jacuí,210001078586
c2633,g39801,ver20,Gilberto,Gilberto Ulrich de Oliveira,13456,PT,Suplente,153,1,8,38,0,Caiçara,210001079792
c2634,g21033,ver20,Vanda,Vanda Sarzi Sartori da Silva,13613,PT,Suplente,11,1,35,38,0,Caiçara,210001079793
c2635,g43284,ver20,Lizete Ceolin,Lizete Piton Ceolin,13000,PT,Suplente,118,1,11,38,0,Caiçara,210001079794
c2636,g7795,ver20,Olivo Bonatti,Olivo Francisco Bonatti,13655,PT,Eleito,189,1,6,38,0,Caiçara,210001079795
c2637,g15210,ver20,Sidnei Strack,Sidnei Strack,13123,PT,Suplente,43,1,26,38,0,Caiçara,210001079796
c2638,g47622,ver20,Claudete Lazarotto,Claudete Maria Lazarotto,13610,PT,Suplente,11,1,35,38,0,Caiçara,210001079797
c2639,g21444,ver20,Jorge Liberalesso,Jorge Domingos Liberalesso,13777,PT,Suplente,49,1,24,38,0,Caiçara,210001079798
c2640,g29964,ver20,Darci Gomes,Darci Pinheiro Gomes,13012,PT,Suplente,44,1,25,38,0,Caiçara,210001079799
c2641,g17667,ver20,Professor Luís Paulo,Luís Paulo Corrêa Dias,13363,PT,Não eleito,141,1,85,137,0,Uruguaiana,210001081958
c2642,g11616,ver20,Jovelino Martins,Jovelino Baldez Martins,13555,PT,Não eleito,17,1,134,137,0,Uruguaiana,210001081959
c2643,g39615,ver20,Professora Stael Soraya,Stael Soraya dos Santos Rosa,13333,PT,Não eleito,850,1,20,137,0,Uruguaiana,210001081960
c2644,g47898,ver20,Ana Eliz Ribeiro,Ana Elizabeth Ribeiro Cardoso,13222,PT,Não eleito,110,1,96,137,0,Uruguaiana,210001081961
c2645,g30522,ver20,Gabrieli Vaz,Gabrieli da Silva Vaz,13999,PT,Não eleito,316,1,50,137,0,Uruguaiana,210001081962
c2646,g8166,ver20,Jefferson Guimarães,Jefferson Adriano Marques Guimarães,13123,PT,Não eleito,94,1,101,137,0,Uruguaiana,210001081963
c2647,g41048,ver20,Lu da Saúde,Luciane Domingues Velasques,11022,PP,Suplente,111,1,17,44,0,Jóia,210001083491
c2648,g18870,ver20,Mateus Menezes,Mateus Alessandro Felizardo de Menezes,19900,PODE,Suplente,389,1,32,230,0,Cachoeira do Sul,210001085669
c2649,g4374,ver20,Jeni Iaronka,Jeni Iaronka,13700,PT,Não eleito,43,1,53,95,0,Rolante,210001085772
c2650,g46473,ver20,Claudete da Silva,Claudete Maria da Silva,19999,PODE,Não eleito,71,1,71,91,0,Lajeado,210001089521
c2651,g46907,ver20,Maninha,Solange Bueno Plein Licks,13123,PT,Suplente,119,1,6,23,0,São Valério do Sul,210001089864
c2652,g44803,ver20,Alaides,Alaides Marcos Lacorte,13456,PT,Eleito,205,1,1,23,0,São Valério do Sul,210001089865
c2653,g48631,ver20,Quintana,Valdemar Quintana,13444,PT,Suplente,5,1,22,23,0,São Valério do Sul,210001089866
c2654,g44695,ver20,Siduelio,Siduelio Miguel,13222,PT,Eleito,158,1,3,23,0,São Valério do Sul,210001089867
c2655,g24358,ver20,Eni,Eni Geronimo,13000,PT,Suplente,22,1,19,23,0,São Valério do Sul,210001089868
c2656,g25408,ver20,Glecio Rodrigues,Glecio dos Santos Rodrigues,13501,PT,Não eleito,80,1,11,58,0,Aceguá,210001090994
c2657,g43375,ver20,Tania Mara,Tania Mara Rodrigues Ferreira,13521,PT,Não eleito,2,1,57,58,0,Aceguá,210001090995
c2658,g480,ver20,Helio Machado,Helio Oliveira Machado,13013,PT,Não eleito,19,1,41,58,0,Aceguá,210001090996
c2659,g7201,ver20,Jair Bagestão,Jair Bagestão,40040,PSB,Não eleito,352,1,26,161,0,Parobé,210001092524
c2660,g11443,ver20,Marilene,Marilene Cunha Mesquita,13333,PT,Não eleito,8,1,38,39,0,Chuvisca,210001093877
c2661,g43351,ver20,Mozarte,Mozarte Pereira Meireles,13013,PT,Não eleito,89,1,16,39,0,Chuvisca,210001093878
c2662,g29270,ver20,Venilda Chisto,Venilda Chisto,13123,PT,Suplente,32,1,18,29,0,Gentil,210001094175
c2663,g42595,ver20,Diego Fabris,Diego Fabris,13333,PT,Eleito,68,1,10,29,0,Gentil,210001094176
c2664,g18413,ver20,Rosma Dalchiavon,Rosemari Dalchiavon,13666,PT,Suplente,26,1,21,29,0,Gentil,210001094177
c2665,g11526,ver20,Magnun Soares,Magnun Soares Cardoso,13444,PT,Suplente,8,1,29,29,0,Gentil,210001094178
c2666,g47350,ver20,Vagner do Prado,Vagner Renan Ribeiro do Prado,13456,PT,Eleito,81,1,7,29,0,Gentil,210001094179
c2667,g12379,ver20,Edison Picoli,Edison Picoli dos Santos,13555,PT,Suplente,47,1,13,29,0,Gentil,210001094180
c2668,g6994,ver20,Leonir Smolarek,Leonir Smolarek,13213,PT,Suplente,130,1,17,41,0,Casca,210001096936
c2669,g34031,ver20,Sirlei,Sirlei Rapkievicz,13888,PT,Eleito,385,1,3,41,0,Casca,210001096937
c2670,g16885,ver20,Girelli,Vandoir José Girelli,13013,PT,Suplente,22,1,39,41,0,Casca,210001096938
c2671,g42438,ver20,Denise Gaieski,Denise Gaieski,13333,PT,Suplente,28,1,36,41,0,Casca,210001096939
c2672,g42129,ver20,Junior Paza,Junior de Cezaro Paza,13444,PT,Suplente,20,1,41,41,0,Casca,210001096940
c2673,g38409,ver20,Marilene Bonafé,Marilene de Carli Bonafé,13332,PT,Suplente,186,1,10,41,0,Casca,210001096941
c2674,g41058,ver20,Ivanir de Sordi,Ivanir Eugênio de Sordi,13113,PT,Suplente,25,1,38,41,0,Casca,210001096942
c2675,g14487,ver20,Gilmar,Pedro Martins Claro,13903,PT,Suplente,48,1,31,41,0,Casca,210001096943
c2676,g30102,ver20,Luciana Trentim,Luciana Trentim,13000,PT,Suplente,65,1,27,41,0,Casca,210001096944
c2677,g24018,ver20,Marli,Marli Pedroso da Veiga,22223,PL,Suplente,22,1,16,16,0,Engenho Velho,210001098392
c2678,g50290,ver20,Damacena,Dalmiro Marcos Eilert Damacena,13100,PT,Não eleito,62,1,45,70,0,Nova Hartz,210001098660
c2679,g29842,ver20,Vanilde Girardi Aresi,Vanilde Girardi Aresi,13132,PT,Suplente,32,1,28,36,0,Trindade do Sul,210001098844
c2680,g29460,ver20,Marlon Cardoso,Marlon Luis Cardoso,13613,PT,Não eleito,119,1,12,38,0,Picada Café,210001102885
c2681,g39721,ver20,Angelica,Angélica Maciel da Rosa,13456,PT,Não eleito,26,1,24,28,0,Barão,210001104180
c2682,g48348,ver20,Charlene Neuhaus,Charlene Neuhaus,13333,PT,Não eleito,31,1,23,28,0,Barão,210001104181
c2683,g23747,ver20,Marino,Marino Pedro Zagonel,13213,PT,Não eleito,178,1,10,28,0,Barão,210001104182
c2684,g20990,ver20,Luiz Carlos Luizão,Luiz Carlos de Souza,13013,PT,Não eleito,58,1,22,28,0,Barão,210001104183
c2685,g14044,ver20,Thamyz Brito,Thamyz Brito Peres,13111,PT,Suplente,27,1,59,97,0,São Francisco de Paula,210001105102
c2686,g11608,ver20,Flavio Rosa - Tataruga,Flavio Rosa dos Santos,13123,PT,Suplente,53,1,44,97,0,São Francisco de Paula,210001105103
c2687,g13435,ver20,Atos Rogerio,Atos Rogério Marques dos Reis,13000,PT,Suplente,191,1,22,97,0,São Francisco de Paula,210001105104
c2688,g50246,ver20,Professor Mateus,Mateus Barcelos,13001,PT,Eleito,328,1,10,97,0,São Francisco de Paula,210001105105
c2689,g24917,ver20,Quioma Paycorich,Quioma Junior Anacleto Paycorich,13555,PT,Suplente,32,1,54,97,0,São Francisco de Paula,210001105106
c2690,g32777,ver20,Rudimar Rato,Rudimar Luis Bertuol Pires,13456,PT,Suplente,121,1,29,97,0,São Francisco de Paula,210001105107
c2691,g30643,ver20,Adriana Penssim,Adriana Teresa Penssim Sperb,13113,PT,Suplente,105,1,33,97,0,São Francisco de Paula,210001105108
c2692,g3626,ver20,Vivi,Viviane Schafer,13100,PT,Suplente,239,1,18,97,0,São Francisco de Paula,210001105109
c2693,g32585,ver20,Simone Santos,Simone de Lima e Silva Santos,13013,PT,Suplente,121,1,29,97,0,São Francisco de Paula,210001105110
c2694,g3450,ver20,Brenda Santos,Brenda Ruana dos Santos,13500,PT,Suplente,22,1,66,97,0,São Francisco de Paula,210001105111
c2695,g23095,ver20,Noredi Souza,Noredi da Silva Souza,13628,PT,Suplente,29,1,55,97,0,São Francisco de Paula,210001105112
c2696,g44768,ver20,Gisele Azevedo,Gisele da Silva de Azevedo,13333,PT,Suplente,47,1,47,97,0,São Francisco de Paula,210001105113
c2697,g38335,ver20,Tiagão do Povo,Tiago Eduardo Silveira dos Santos,13220,PT,Suplente,11,1,88,97,0,São Francisco de Paula,210001105114
c2698,g12796,ver20,Marcon,Dilhermando Carlos Marcon,13655,PT,Eleito,346,1,2,22,0,Rondinha,210001107948
c2699,g38039,ver20,Zico do Bairro,Sergio Antonio Fortes da Silva,13333,PT,Eleito,314,1,4,22,0,Rondinha,210001107949
c2700,g50936,ver20,Vanessa Rodrigues,Vanessa Rodrigues Leite,13580,PT,Suplente,34,1,20,22,0,Rondinha,210001107950
c2701,g24377,ver20,Donida,Amarildo Antonio Donida,13678,PT,Suplente,256,1,5,22,0,Rondinha,210001107951
c2702,g35957,ver20,Rosi Zantedeschi,Rosilene Ines Zantedeschi,13456,PT,Suplente,37,1,19,22,0,Rondinha,210001107952
c2703,g43302,ver20,Dona Maria,Maria Catarina Caron Franzon,13080,PT,Suplente,42,1,25,33,0,Liberato Salzano,210001108332
c2704,g31147,ver20,Tonho Calisto,Antonio da Silva,13333,PT,Suplente,98,1,15,33,0,Liberato Salzano,210001108333
c2705,g18864,ver20,Tonho Lima,Antonio dos Santos Lima,13555,PT,Suplente,47,1,24,33,0,Liberato Salzano,210001108334
c2706,g3296,ver20,Vande,Wanerley Scorteganha,13444,PT,Eleito,172,1,10,33,0,Liberato Salzano,210001108335
c2707,g3857,ver20,Aline,Aline Felix,13000,PT,Suplente,53,1,22,33,0,Liberato Salzano,210001108336
c2708,g1196,ver20,Adilson Veiga,Adilson Alves da Veiga,13666,PT,Suplente,13,1,33,33,0,Liberato Salzano,210001108337
c2709,g5449,ver20,Fabinho Rocha,Tito Fabio Leal da Silva,13130,PT,Suplente,128,1,59,126,0,São Borja,210001112095
c2710,g4404,ver20,Edivaldo Prestes,Edivaldo Souza Prestes,13023,PT,Suplente,37,1,93,126,0,São Borja,210001112096
c2711,g20907,ver20,Lins Robalo,Lins Robalo,13444,PT,Eleito,678,1,12,126,0,São Borja,210001112097
c2712,g45588,ver20,Bárbara Panciera,Bárbara Karina Gonçalves Panciera,13777,PT,Suplente,364,1,27,126,0,São Borja,210001112100
c2713,g50159,ver20,Emiliano Batista,Emiliano Batista Lopes,13113,PT,Suplente,210,1,42,126,0,São Borja,210001112101
c2714,g49455,ver20,Sergio Rampanelli,Sergio Angelin da Silva Rampanelli,13999,PT,Suplente,22,1,105,126,0,São Borja,210001112103
c2715,g36634,ver20,Claudio Tasca,Jose Claudio Maciel Tasca,13555,PT,Suplente,113,1,63,126,0,São Borja,210001112104
c2716,g44318,ver20,Mano Valter,Valter Vieira Aguirre,13133,PT,Suplente,39,1,90,126,0,São Borja,210001112105
c2717,g24184,ver20,Adelar Chagas,Adelar Mohnschmidt Chagas,13650,PT,Suplente,101,1,18,54,0,Condor,210001112137
c2718,g22259,ver20,Profe Sara,Sara Adriane Medeiros de Oliveira,13633,PT,Suplente,131,1,14,54,0,Condor,210001112138
c2719,g47145,ver20,Fabio Schirrmann,Fabio de Lima Schirrmann,13789,PT,Suplente,122,1,16,54,0,Condor,210001112139
c2720,g5855,ver20,Fabiane Veiverberg,Fabiane Veiverberg,13013,PT,Suplente,30,1,40,54,0,Condor,210001112140
c2721,g47914,ver20,Eduardo Santos Erthal,Eduardo Santos Erthal,13113,PT,Suplente,48,1,29,54,0,Condor,210001112142
c2722,g14056,ver20,Carlos Veriato Véio,Carlos Roberto Alves Veriato,13123,PT,Eleito,173,1,7,54,0,Condor,210001112143
c2723,g9979,ver20,Leandro Datsch,Leandro Antonio Datsch,13456,PT,Suplente,18,1,50,54,0,Condor,210001112144
c2724,g35795,ver20,Divina,Divina Maria Nunes da Cunha,13527,PT,Não eleito,27,1,348,412,0,Gravataí,210001115419
c2725,g36986,ver20,Professora Cristina Ramires,Maria Cristina Ramires Anselmo,13131,PT,Não eleito,77,1,76,148,0,Capão da Canoa,210001121871
c2726,g24945,ver20,Rudi do Arco Íris,Rudimar Rodrigues Ozorio,13222,PT,Não eleito,17,1,124,148,0,Capão da Canoa,210001121873
c2727,g3118,ver20,Sapo,Arnaldo Salvador da Costa,13111,PT,Não eleito,39,1,95,148,0,Capão da Canoa,210001121874
c2728,g34816,ver20,Eliane Silva,Eliane Silva,13456,PT,Não eleito,18,1,122,148,0,Capão da Canoa,210001121875
c2729,g22979,ver20,Simone Martins,Simone Martins de Souza,13014,PT,Não eleito,27,1,110,148,0,Capão da Canoa,210001121876
c2730,g20876,ver20,Gessica Flores,Géssica de Vargas Flôres Roitman Cabral,13130,PT,Não eleito,35,1,97,148,0,Capão da Canoa,210001121877
c2731,g39594,ver20,Clovis Careca,José Clovis Silveira dos Santos,13777,PT,Não eleito,9,1,138,148,0,Capão da Canoa,210001121878
c2732,g50270,ver20,Tereza Vieira,Tereza Martin Vieira,13125,PT,Não eleito,31,1,102,148,0,Capão da Canoa,210001121879
c2733,g3375,ver20,Alcione Ribeiro,Alcione de Souza Ribeiro,13000,PT,Não eleito,33,1,100,148,0,Capão da Canoa,210001121880
c2734,g29695,ver20,Luis Henrique,Luiz Henrique dos Santos Pereira,13621,PT,Não eleito,40,1,92,148,0,Capão da Canoa,210001121881
c2735,g25588,ver20,Jesus Silva,Jesus Salvador da Silva,13300,PT,Não eleito,26,1,113,148,0,Capão da Canoa,210001121882
c2736,g35285,ver20,Régis Prestes,Regis da Silva Prestes,13013,PT,Não eleito,138,1,66,148,0,Capão da Canoa,210001121883
c2737,g47448,ver20,Daniel,Daniel Carlos Schwanck,13333,PT,Não eleito,206,1,49,148,0,Capão da Canoa,210001121884
c2738,g14418,ver20,Alaor Lumertz,Alaor Lumertz de Oliveira,13113,PT,Não eleito,20,1,118,148,0,Capão da Canoa,210001121885
c2739,g1110,ver20,Erica Santori,Erica Vanessa Santori,13999,PT,Eleito,126,1,8,30,0,Vila Maria,210001127202
c2740,g27756,ver20,Junior Longo,Junior Longo,13333,PT,Eleito,165,1,4,30,0,Vila Maria,210001127203
c2741,g11257,ver20,Dal Moro,Leonir Jose Dal Moro,13613,PT,Suplente,46,1,22,30,0,Vila Maria,210001127204
c2742,g32458,ver20,Graciela,Graciela Franciscão,13413,PT,Suplente,35,1,25,30,0,Vila Maria,210001127205
c2743,g23334,ver20,Odalgiro,Odalgiro Deon,13133,PT,Suplente,68,1,16,30,0,Vila Maria,210001127206
c2744,g2133,ver20,Orsato,Isenor Orsato,13213,PT,Suplente,46,1,22,30,0,Vila Maria,210001127207
c2745,g19267,ver20,Cleiton Rossetto,Cleiton Antonio Rossetto,13130,PT,Suplente,67,1,18,30,0,Vila Maria,210001127208
c2746,g49760,ver20,Chicão Tomasi,Claudimar Tomasi,13123,PT,Suplente,24,1,28,30,0,Vila Maria,210001127209
c2747,g5121,ver20,Fernanda,Fernanda Endrigo Bugança,13456,PT,Suplente,68,1,16,30,0,Vila Maria,210001127210
c2748,g20940,ver20,Emerson Guzzo,Emerson Guzzo,13333,PT,Eleito,235,1,7,30,0,São João da Urtiga,210001130578
c2749,g5937,ver20,Zelinda Zucco,Zelinda Sacon Zucco,13789,PT,Suplente,61,1,16,30,0,São João da Urtiga,210001130579
c2750,g22874,ver20,Clair Toseto,Clair Toseto,13456,PT,Suplente,64,1,15,30,0,São João da Urtiga,210001130580
c2751,g5501,ver20,Tito,Tito de Souza,13550,PT,Suplente,81,1,23,35,0,Ronda Alta,210001131490
c2752,g38095,ver20,Carminha,Carmem Terezinha Prates dos Santos,13333,PT,Suplente,207,1,12,35,0,Ronda Alta,210001131491
c2753,g32371,ver20,Mauro Tonin,Mauro Tadeu Tonin,13013,PT,Eleito,425,1,3,35,0,Ronda Alta,210001131492
c2754,g30650,ver20,Lucca,Silvânio Roque Lucca,13513,PT,Eleito,409,1,4,35,0,Ronda Alta,210001131493
c2755,g23720,ver20,Baixinho,Sidnei Nayssinho,13123,PT,Eleito,360,1,6,35,0,Ronda Alta,210001131494
c2756,g36739,ver20,Kleber Civardi Galo,Kleber Luís Civardi,13630,PT,Eleito,382,1,5,35,0,Ronda Alta,210001131495
c2757,g15858,ver20,Giovani Balbinot,Giovani Balbinot,13000,PT,Suplente,101,1,19,35,0,Ronda Alta,210001131496
c2758,g33757,ver20,Jura,Juraci Lourdes Machado da Silva,13222,PT,Suplente,200,1,14,35,0,Ronda Alta,210001131497
c2759,g10129,ver20,Janete,Janete Eunice Bratz,13321,PT,Suplente,90,1,22,35,0,Ronda Alta,210001131498
c2760,g2003,ver20,Verônica Moraes,Verônica de Fátima de Lima Moraes,13333,PT,Não eleito,85,1,37,68,0,Sarandi,210001136902
c2761,g49353,ver20,Claudinor Lorini,Claudinor Alberto Lorini,13123,PT,Não eleito,254,1,19,68,0,Sarandi,210001136903
c2762,g27979,ver20,Jaykom,Jaicon Luis França Hudson,13013,PT,Suplente,80,1,92,126,0,Ijuí,210001137370
c2763,g32973,ver20,Pirilampo,Beto Aloísio Berwig,12345,PDT,Suplente,100,1,15,22,0,Rondinha,210001138208
c2764,g29208,ver20,Zaira Fraga,Zaira de Fatima Fraga Rodrigues,65555,PC do B,Não eleito,203,1,62,152,0,Santo Ângelo,210001139682
c2765,g41578,ver20,Raviel Telles,Raviel da Silva Telles,13123,PT,Não eleito,34,1,26,51,0,Itaara,210001142643
c2766,g49884,ver20,Sandro Ferigollo,Sandro Roberto Galarça Ferigollo,13013,PT,Não eleito,197,1,1,51,0,Itaara,210001142644
c2767,g31354,ver20,Glades Pereira,Glades dos Santos Pereira,13233,PT,Não eleito,4,1,31,32,0,Toropi,210001142808
c2768,g18690,ver20,Ana Paula da Rosa,Ana Paula Paim da Rosa,13777,PT,Não eleito,42,1,20,32,0,Toropi,210001142809
c2769,g2411,ver20,Clairo Seco,Clairo Dalvim Steinhauzen,13456,PT,Não eleito,134,1,4,32,0,Toropi,210001142810
c2770,g47182,ver20,Darci Gelocha,Darci Gelocha,13613,PT,Não eleito,32,1,24,32,0,Toropi,210001142811
c2771,g21994,ver20,Itajar Sperb,Itajar Pereira Sperb,13733,PT,Não eleito,239,1,22,95,0,Encruzilhada do Sul,210001143065
c2772,g63,ver20,Professor Fabrício Corrêa Xyka,Fabricio Soares de Borba Corrêa,13800,PT,Não eleito,161,1,31,95,0,Encruzilhada do Sul,210001143067
c2773,g21108,ver20,Vera Lucia Struck,Vera Lucia Prestes Struck,13333,PT,Não eleito,8,1,87,95,0,Encruzilhada do Sul,210001143068
c2774,g13461,ver20,Luiza Helena,Luiza Helena Schneider Souza,13013,PT,Não eleito,90,1,43,95,0,Encruzilhada do Sul,210001143069
c2775,g7854,ver20,Julio Selbach,Julio Cesar Selbach,13123,PT,Não eleito,42,1,57,95,0,Encruzilhada do Sul,210001143070
c2776,g48332,ver20,Chicão da Quinta,Francisco Nilton Nunes,13700,PT,Não eleito,42,1,57,95,0,Encruzilhada do Sul,210001143071
c2777,g50085,ver20,Augustinho,Agostinho Ademir Pedroso,13655,PT,Não eleito,48,1,53,95,0,Encruzilhada do Sul,210001143072
c2778,g5821,ver20,Dani Piovesan,Danieli Piovesan,13555,PT,Não eleito,126,1,36,95,0,Encruzilhada do Sul,210001143073
c2779,g38321,ver20,Jonas Rachi,Jonas Rachi dos Santos,13000,PT,Não eleito,130,1,35,95,0,Encruzilhada do Sul,210001143074
c2780,g4787,ver20,Marilda Farias,Marli de Farias Freitas,13444,PT,Não eleito,4,1,54,55,0,Amaral Ferrador,210001144198
c2781,g38096,ver20,Manuela Louzada Lacerda,Manuela Louzada Lacerda,13013,PT,Não eleito,56,1,23,55,0,Amaral Ferrador,210001144199
c2782,g878,ver20,Leir Silva,Neir Figueira da Silva,13333,PT,Não eleito,31,1,29,55,0,Amaral Ferrador,210001144200
c2783,g50055,ver20,Doraldo da Gama,Doraldo Ferreira da Gama,13222,PT,Não eleito,7,1,50,55,0,Amaral Ferrador,210001144201
c2784,g21079,ver20,Pica Pau,Izidoro Hoinoski,13888,PT,Eleito,71,1,7,22,0,Carlos Gomes,210001145516
c2785,g17856,ver20,Sueli,Sueli Terezinha Uavniczak,13456,PT,Suplente,66,1,10,22,0,Carlos Gomes,210001145517
c2786,g49355,ver20,Dirceu,Dirceu Mario Glaner,13789,PT,Eleito,127,1,2,22,0,Carlos Gomes,210001145519
c2787,g946,ver20,Lindomar,Lindomar Nestor Pawlak,13650,PT,Eleito,132,1,1,22,0,Carlos Gomes,210001145520
c2788,g13986,ver20,Tere,Rozeli Terezinha Bedra Guisolfi,13234,PT,Suplente,22,1,16,22,0,Carlos Gomes,210001145521
c2789,g40622,ver20,Margarida,Margarida Edviges Prilla,13133,PT,Suplente,34,1,14,22,0,Carlos Gomes,210001145522
c2790,g21039,ver20,Gilmar,Gilmar Antonio Geuda,13374,PT,Eleito,71,1,7,22,0,Carlos Gomes,210001145523
c2791,g28705,ver20,Chico Rutsatz,Nauro Rutsatz,13620,PT,Suplente,62,1,32,41,0,Vale do Sol,210001146682
c2792,g49775,ver20,Lucimara,Lucimara Vilas Nova,13613,PT,Suplente,39,1,35,41,0,Vale do Sol,210001146683
c2793,g43352,ver20,Alcione Becker,Alcione Aparecida Rech Becker,13246,PT,Suplente,13,1,40,41,0,Vale do Sol,210001146684
c2794,g36201,ver20,Leco,Luiz Carlos Grade,13313,PT,Eleito,181,1,13,41,0,Vale do Sol,210001146685
c2795,g6938,ver20,Mauro Mueller,Mauro Francisco Mueller,13456,PT,Suplente,147,1,17,41,0,Vale do Sol,210001146686
c2796,g28895,ver20,Keko,Leoclésio Flesch,13131,PT,Suplente,140,1,19,41,0,Vale do Sol,210001146687
c2797,g28749,ver20,Lucas Becker,Lucas Martim Becker,13699,PT,Suplente,49,1,34,41,0,Vale do Sol,210001146688
c2798,g32392,ver20,Tiago Gehrke,Tiago Henrique Gehrke,13724,PT,Suplente,35,1,37,41,0,Vale do Sol,210001146689
c2799,g27549,ver20,Loreci Leopold,Loreci Leopold,13555,PT,Suplente,28,1,39,41,0,Vale do Sol,210001146690
c2800,g46804,ver20,Claudia do Sindicato,Claudia Regina Ferigollo,13233,PT,Suplente,655,1,22,257,0,Erechim,210001148331
c2801,g37513,ver20,Adriana Rissi,Adriana Fátima Brunetto Rissi,13500,PT,Suplente,35,1,198,257,0,Erechim,210001148332
c2802,g8069,ver20,Aladir Mariga,Aladir Carlos Mariga,13789,PT,Suplente,138,1,112,257,0,Erechim,210001148333
c2803,g20976,ver20,Prof Darlan,Darlan Dinorvan Pasinatto da Rocha,13003,PT,Suplente,222,1,70,257,0,Erechim,210001148334
c2804,g5088,ver20,Paulo Moraes,Paulo Roberto Moraes,13015,PT,Suplente,716,1,18,257,0,Erechim,210001148335
c2805,g1648,ver20,Lucas Farina,Lucas Roberto Farina,13123,PT,Suplente,889,1,12,257,0,Erechim,210001148336
c2806,g5232,ver20,Nelci Dagostini,Nelci D Agostini,13240,PT,Suplente,88,1,142,257,0,Erechim,210001148337
c2807,g47621,ver20,Profe Márcia,Márcia Silva,13456,PT,Suplente,106,1,129,257,0,Erechim,210001148338
c2808,g23560,ver20,Serginho,Sérgio Alves Bento,13200,PT,Eleito,954,1,10,257,0,Erechim,210001148339
c2809,g41467,ver20,William da Luz,William da Luz,13000,PT,Suplente,111,1,127,257,0,Erechim,210001148340
c2810,g39240,ver20,Anacleto Zanella,Anacleto Zanella,13610,PT,Eleito,962,1,9,257,0,Erechim,210001148341
c2811,g43730,ver20,Ervino Krüger,Ervino Edemundo Krüger,13013,PT,Suplente,47,1,181,257,0,Erechim,210001148342
c2812,g2029,ver20,Jocemar Casagrande,Jocemar Casagrande,15615,MDB,Suplente,79,1,12,58,0,Aceguá,210001148598
c2813,g27547,ver20,Joel Welter,Joel Welter,13560,PT,Eleito,125,1,2,34,0,Sete de Setembro,210001151203
c2814,g34201,ver20,Jocélia Solange Hamerski,Jocélia Solange Hamerski,13789,PT,Suplente,20,1,27,34,0,Sete de Setembro,210001151204
c2815,g43551,ver20,Cristiano Valderlei Pavão,Cristiano Vanderlei Pavão,13690,PT,Suplente,43,1,13,34,0,Sete de Setembro,210001151205
c2816,g45193,ver20,Márcio José Wojciechowski,Márcio José Wojciechowski,13013,PT,Suplente,29,1,21,34,0,Sete de Setembro,210001151206
c2817,g22689,ver20,Eliane Gabrielczk,Eliane Gabrielczk,13113,PT,Eleito,46,1,12,34,0,Sete de Setembro,210001151207
c2818,g10372,ver20,Claudia Drabik Weiler,Claudia Drabik Weiler,13130,PT,Suplente,23,1,26,34,0,Sete de Setembro,210001151208
c2819,g24914,ver20,Luiz Estevão Podgorski,Luiz Estevão Podgorski,13970,PT,Suplente,39,1,16,34,0,Sete de Setembro,210001151209
c2820,g23731,ver20,Solange Antunes Gabriclarzk,Solange Antunes Gabriclarzk,13345,PT,Suplente,10,1,32,34,0,Sete de Setembro,210001151210
c2821,g6517,ver20,Ivete Romano Vedana,Ivete Romano Vedana,13015,PT,Não eleito,45,1,78,105,0,Flores da Cunha,210001154154
c2822,g25956,ver20,Ivete Calgaro Stuani,Ivete Calgaro Stuani,13113,PT,Não eleito,25,1,93,105,0,Flores da Cunha,210001154155
c2823,g49987,ver20,Jones Piroli,Jones Piroli,13000,PT,Não eleito,281,1,23,105,0,Flores da Cunha,210001154156
c2824,g35540,ver20,Maria Eulalia Dalfolo,Maria Eulalia Alves de Aguiar,13335,PT,Não eleito,47,1,73,105,0,Flores da Cunha,210001154157
c2825,g14926,ver20,Ilda da Costa Santos,Ilda da Costa Santos,13003,PT,Não eleito,39,1,82,105,0,Flores da Cunha,210001154158
c2826,g24108,ver20,Edison Biassi,Edison Biassi,13013,PT,Não eleito,54,1,68,105,0,Flores da Cunha,210001154159
c2827,g32989,ver20,Ronei Cedenir dos Santos,Ronei Cedenir dos Santos,13131,PT,Não eleito,37,1,83,105,0,Flores da Cunha,210001154160
c2828,g49315,ver20,Paulo Couto,Paulo Roberto Correa Couto,13123,PT,Não eleito,121,1,48,105,0,Flores da Cunha,210001154161
c2829,g43936,ver20,Tércio Antunes Barrerito,Tércio de Quadros Antunes,50000,PSOL,Não eleito,70,1,220,326,0,Passo Fundo,210001161645
c2830,g17812,ver20,Rosangela,Rosangela Paula de Lima,13013,PT,Suplente,99,1,23,38,0,Iraí,210001166922
c2831,g46282,ver20,Paulinha,Ana Paula Rodrigues,13000,PT,Eleito,203,1,8,38,0,Iraí,210001166923
c2832,g47461,ver20,Zeni Moreira,Zeni de Fátima Moreira,13164,PT,Suplente,25,1,31,38,0,Iraí,210001166924
c2833,g49389,ver20,Gustavo Rodrigues,Gustavo Rodrigues da Silva,13555,PT,Suplente,11,1,35,38,0,Iraí,210001166925
c2834,g13317,ver20,Anderson Zanato,Anderson Zanato,13333,PT,Suplente,80,1,26,38,0,Iraí,210001166926
c2835,g23990,ver20,Luzia Bueno,Luzia Aparecida Dal Agnol Bueno,13113,PT,Suplente,13,1,34,38,0,Iraí,210001166927
c2836,g36349,ver20,Piti,Clever Antonio Diotti,13456,PT,Suplente,130,1,15,38,0,Iraí,210001166928
c2837,g18344,ver20,Professora Noca,Lourdes Elena Soares Schneider,13613,PT,Suplente,96,1,24,38,0,Iraí,210001166929
c2838,g42030,ver20,Rafael Kerber,Rafael Luis Kerber,12630,PDT,Suplente,387,1,12,69,0,Imbé,210001167758
c2839,g44379,ver20,Luizinho do Indianópolis,Luiz Carlos Ertzogue,13123,PT,Não eleito,17,1,121,158,0,Tramandaí,210001171327
c2840,g26961,ver20,Anibal,Anibal Candido Oliveira da Silva,13013,PT,Não eleito,53,1,77,158,0,Tramandaí,210001171328
c2841,g11083,ver20,Ritinha Medina,Rita de Cássia Tavares Montaño Medina,13888,PT,Não eleito,14,1,124,158,0,Tramandaí,210001171329
c2842,g17843,ver20,Silvio Luis,Silvio Luis dos Santos Marcelo,13669,PT,Não eleito,41,1,89,158,0,Tramandaí,210001171330
c2843,g4381,ver20,Cesar Carvalho,Cesar Augusto Carvalho,13015,PT,Não eleito,17,1,121,158,0,Tramandaí,210001171331
c2844,g14049,ver20,Nara Vargas,Nara Rejane Marques de Vargas,13300,PT,Não eleito,68,1,69,158,0,Tramandaí,210001171332
c2845,g19140,ver20,Julio Cabeleireiro,Júlio Lessa Corrêa,13489,PT,Não eleito,74,1,63,158,0,Tramandaí,210001171333
c2846,g14871,ver20,Tiago Roque,Tiago Roque,13248,PT,Não eleito,50,1,79,158,0,Tramandaí,210001171334
c2847,g19292,ver20,Moio,Carlos Alberto Bernardo  Damiani,13113,PT,Não eleito,34,1,100,158,0,Tramandaí,210001171335
c2848,g8933,ver20,Veridiana,Veridiana Cabral de Almeida,13213,PT,Não eleito,8,1,145,158,0,Tramandaí,210001171336
c2849,g22996,ver20,Angela,Angela Marlene Tavares Azevedo,13222,PT,Suplente,145,1,31,83,0,Tupanciretã,210001174428
c2850,g33628,ver20,Darci,Darci Mendes,13613,PT,Suplente,265,1,15,83,0,Tupanciretã,210001174429
c2851,g3072,ver20,Joce Aquino,Jocelene Silveira Aquino,13607,PT,Eleito,519,1,3,83,0,Tupanciretã,210001174430
c2852,g14614,ver20,Bino,Setembrino Valau Quevedo,13413,PT,Suplente,82,1,39,83,0,Tupanciretã,210001174431
c2853,g30750,ver20,Mirian,Mirian Marli de Freitas Lima,13013,PT,Suplente,15,1,72,83,0,Tupanciretã,210001174433
c2854,g12144,ver20,Marcelo Tigre,Marcelo Pereira da Silva,13113,PT,Suplente,42,1,49,83,0,Tupanciretã,210001174434
c2855,g35321,ver20,Monaliza Furtado,Monaliza Furtado,13180,PT,Não eleito,402,1,27,103,0,Montenegro,210001174692
c2856,g28580,ver20,Ezequiel Souza,Ezequiel Adriano de Souza,13113,PT,Não eleito,636,1,9,103,0,Montenegro,210001174693
c2857,g29823,ver20,Delcio Garcia,Delcio Garcia e Silva,13699,PT,Não eleito,94,1,79,103,0,Montenegro,210001174694
c2858,g49780,ver20,Claudio Tenório,Claudio Batista de Azevedo Tenório,13333,PT,Não eleito,131,1,71,103,0,Montenegro,210001174695
c2859,g25748,ver20,Maria Ferreira Machado,Maria Lucimar Ferreira Machado,13014,PT,Não eleito,137,1,65,103,0,Montenegro,210001174696
c2860,g32922,ver20,Eliane Morfan,Eliane Catarina Morfan de Brito,13888,PT,Não eleito,262,1,43,103,0,Montenegro,210001174697
c2861,g18032,ver20,Jucelia Pastorello,Jucelia Seni Bueno Pastorello,13999,PT,Suplente,55,1,36,43,0,Sananduva,210001174963
c2862,g22917,ver20,Perondi,Vanderlei Perondi,13222,PT,Suplente,274,1,16,43,0,Sananduva,210001174964
c2863,g42609,ver20,Rafa,Rafael Arlei Fortuna,13555,PT,Suplente,242,1,18,43,0,Sananduva,210001174965
c2864,g45116,ver20,Polli,Claudenir Polli,13123,PT,Eleito,547,1,2,43,0,Sananduva,210001174966
c2865,g6541,ver20,Miguel Paese,Miguel Angelo Paese,13456,PT,Eleito,438,1,7,43,0,Sananduva,210001174967
c2866,g37045,ver20,Linda,Lindsay Loren Alves Leal Pinto Ferro,13333,PT,Suplente,149,1,25,43,0,Sananduva,210001174968
c2867,g32481,ver20,Marino Lovato,Marino Fortunato Lovato,13613,PT,Suplente,376,1,11,43,0,Sananduva,210001174969
c2868,g25745,ver20,Cler Dalbosco,Rosicler Maria Dalbosco,13789,PT,Suplente,117,1,28,43,0,Sananduva,210001174970
c2869,g8395,ver20,Monika,Monika Utermohl de Queiroz,13121,PT,Não eleito,165,1,26,55,0,Getúlio Vargas,210001175433
c2870,g7901,ver20,Ernane Giaretta,Ernane Giaretta,13613,PT,Não eleito,181,1,23,55,0,Getúlio Vargas,210001175436
c2871,g45441,ver20,Clareci,Clareci Ramseier,13333,PT,Não eleito,18,1,53,55,0,Getúlio Vargas,210001175437
c2872,g39558,ver20,Edson,Edson Pedro Krasuski,13313,PT,Não eleito,131,1,28,55,0,Getúlio Vargas,210001175438
c2873,g12396,ver20,Madruga,Jorge Sandi Madruga,13131,PT,Suplente,369,1,16,80,0,São José do Norte,210001176371
c2874,g50220,ver20,Derly Martins,Oderli Martins Machado,13750,PT,Suplente,65,1,43,80,0,São José do Norte,210001176372
c2875,g49907,ver20,Fernando Mortola,Fernando José Mortola,13111,PT,Suplente,317,1,17,80,0,São José do Norte,210001176373
c2876,g6851,ver20,Odirlem,Odirlem Conde Oliveira,13666,PT,Suplente,62,1,46,80,0,São José do Norte,210001176374
c2877,g42708,ver20,Edinho,Ederson Gonsalves dos Santos,13231,PT,Suplente,89,1,36,80,0,São José do Norte,210001176375
c2878,g39900,ver20,Luiz Gautério,Luiz Sidnei Bravo Gautério Junior,13000,PT,Eleito,1043,1,1,80,0,São José do Norte,210001176376
c2879,g43911,ver20,Débora Vaz,Débora Costa Vaz,13555,PT,Suplente,4,1,80,80,0,São José do Norte,210001176377
c2880,g3665,ver20,Carla Simone,Carla Simone Almeida do Amaral,13113,PT,Suplente,43,1,54,80,0,São José do Norte,210001176378
c2881,g42696,ver20,Maria Luiza,Maria Luiza Nogueira Maio,13333,PT,Suplente,12,1,72,80,0,São José do Norte,210001176379
c2882,g46194,ver20,João Franco,João Franco Bindé,13400,PT,Eleito,206,1,3,40,0,Campo Novo,210001177692
c2883,g8660,ver20,Elizabete,Elizabete da Fonseca Anhaia,13333,PT,Suplente,59,1,22,40,0,Campo Novo,210001177693
c2884,g14922,ver20,Djuri,Jurandir Gonçalves dos Santos,13111,PT,Suplente,94,1,18,40,0,Campo Novo,210001177694
c2885,g47923,ver20,Algemiro Popular Prefeito,Algemiro de Souza Martins,13456,PT,Eleito,103,1,15,40,0,Campo Novo,210001177695
c2886,g5372,ver20,Paixão,Isaias dos Santos Paixão,13606,PT,Suplente,18,1,32,40,0,Campo Novo,210001177696
c2887,g6319,ver20,Ketruin Fuhrman N,Ketruin Jardela Dutra da Silva,13000,PT,Suplente,96,1,17,40,0,Campo Novo,210001177697
c2888,g42011,ver20,Elisete Heming,Elisete Rosa Heming,13123,PT,Suplente,28,1,29,40,0,Campo Novo,210001177698
c2889,g32547,ver20,Filipetto,Juliano Hoffmann Filipetto,13999,PT,Suplente,59,1,22,40,0,Campo Novo,210001177699
c2890,g12979,ver20,Rosemari Fiuza,Rosemari Fiuza da Silva,65000,PC do B,Não eleito,41,1,89,158,0,Tramandaí,210001179701
c2891,g27243,ver20,Verno Martins,Verno Rodrigues Martins,13131,PT,Suplente,191,1,176,392,0,Pelotas,210001181714
c2892,g27951,ver20,Seu Girão,Luis Carlos Girão Danda,13123,PT,Suplente,506,1,84,392,0,Pelotas,210001181715
c2893,g4258,ver20,Veterinaria Lorena Coll,Lorena de Vargas Nunes Coll,13311,PT,Suplente,823,1,52,392,0,Pelotas,210001181716
c2894,g38753,ver20,Gilca Gonçalves,Gilca Gutierres Gonçalves,13413,PT,Suplente,47,1,314,392,0,Pelotas,210001181717
c2895,g30685,ver20,Guenther Riechel,Guenther Mozart Riechel,13031,PT,Suplente,293,1,129,392,0,Pelotas,210001181718
c2896,g41496,ver20,Rafael Beltrame,Rafael de Souza Beltrame,13556,PT,Suplente,109,1,240,392,0,Pelotas,210001181719
c2897,g46674,ver20,Fernanda Camargo,Fernanda Loredo Camargo,13609,PT,Suplente,143,1,209,392,0,Pelotas,210001181721
c2898,g35837,ver20,Tereza Fujii,Maria Tereza Tavares Fujii,13456,PT,Suplente,825,1,51,392,0,Pelotas,210001181722
c2899,g24617,ver20,Sidnei Matias Fagundes Sid,Sidnei Matias Fagundes,13631,PT,Eleito,1065,1,35,392,0,Pelotas,210001181723
c2900,g3521,ver20,Catharina Motta,Catharina Beatriz dos Santos Motta,13164,PT,Suplente,200,1,170,392,0,Pelotas,210001181724
c2901,g30909,ver20,Gilson Schmidt,Gilson Schmidt,13613,PT,Suplente,82,1,263,392,0,Pelotas,210001181725
c2902,g36798,ver20,Lu Almeida,Luciane Barcellos de Almeida,13213,PT,Suplente,212,1,166,392,0,Pelotas,210001181726
c2903,g30253,ver20,Miriam Marroni,Miriam Paz Garcez Marroni,13000,PT,Eleito,2328,1,7,392,0,Pelotas,210001181727
c2904,g29548,ver20,Nico Alves,Nelson Fagundes Alves,13077,PT,Suplente,94,1,257,392,0,Pelotas,210001181728
c2905,g21955,ver20,Nilton Z3,Nilton Alves Sabino,13403,PT,Suplente,70,1,280,392,0,Pelotas,210001181729
c2906,g43769,ver20,Santa Sodre,Santa Petronilia Gerald Sodre,13234,PT,Suplente,26,1,354,392,0,Pelotas,210001181730
c2907,g11214,ver20,Carla Cassais,Carla da Silva Cassais,13013,PT,Suplente,841,1,49,392,0,Pelotas,210001181731
c2908,g1536,ver20,Henrique Mascarenhas de Souza,Henrique Mascarenhas de Souza,13913,PT,Suplente,823,1,52,392,0,Pelotas,210001181732
c2909,g36988,ver20,Leandro Xavier,Leandro Xavier da Cruz,13777,PT,Suplente,105,1,246,392,0,Pelotas,210001181733
c2910,g39619,ver20,Professora Neuza,Neuza Regina das Neves Janke,13611,PT,Suplente,122,1,225,392,0,Pelotas,210001181735
c2911,g14334,ver20,Pablo Borba,Pablo Silveira Mendes Borba,13007,PT,Suplente,133,1,214,392,0,Pelotas,210001181736
c2912,g46576,ver20,Rafael Martinelli,Rafael Godoy Porto Martinelli,13713,PT,Suplente,595,1,75,392,0,Pelotas,210001181737
c2913,g51092,ver20,Luciano Lima,Luciano Luz de Lima,13513,PT,Suplente,279,1,135,392,0,Pelotas,210001181738
c2914,g46191,ver20,Luiz Carlos Frigideira,Luiz Carlos Luisboa dos Santos,13313,PT,Suplente,18,1,41,46,0,Guarani das Missões,210001191966
c2915,g38839,ver20,Ivete Szinwelski,Ivete Grzelak Szinwelski,13130,PT,Suplente,54,1,27,46,0,Guarani das Missões,210001191967
c2916,g17140,ver20,Eliza Magryta,Eliza da Silva Magryta,13690,PT,Suplente,147,1,10,46,0,Guarani das Missões,210001191968
c2917,g16638,ver20,Maria Nunes,Maria Nunes Gurski,13970,PT,Suplente,36,1,35,46,0,Guarani das Missões,210001191969
c2918,g3406,ver20,Jorge Maleszyk Guaico,Jorge Maleszyk,13620,PT,Suplente,140,1,11,46,0,Guarani das Missões,210001191970
c2919,g33703,ver20,Leomar Lysyk,Leomar Lysyk,13175,PT,Suplente,40,1,32,46,0,Guarani das Missões,210001191971
c2920,g8802,ver20,Nelson Grzybowski,Nelson Grzybowski,13640,PT,Suplente,115,1,15,46,0,Guarani das Missões,210001191972
c2921,g23545,ver20,Paulo Marmilicz,Paulo Tomaz Marmilicz,13613,PT,Suplente,86,1,22,46,0,Guarani das Missões,210001191973
c2922,g3091,ver20,Prof Orly,Orly Inacio Reidel,13456,PT,Eleito,162,1,9,46,0,Guarani das Missões,210001191974
c2923,g34602,ver20,Lívia Oselame,Livia Maria Ribeiro Oselame Sangalli,13013,PT,Não eleito,129,1,31,58,0,Encantado,210001201696
c2924,g43534,ver20,Luciano Moresco,Luciano José Moresco,13000,PT,Não eleito,502,1,8,58,0,Encantado,210001201697
c2925,g35789,ver20,João Caldas,João Carlos da Silva Caldas,13013,PT,Eleito,625,1,18,343,0,Guaíba,210001206409
c2926,g10231,ver20,Leila Marques,Leila Garcia Marques,13313,PT,Suplente,22,1,266,343,0,Guaíba,210001206410
c2927,g3869,ver20,Gueto Chaves,Oslen Melchior Chaves,13456,PT,Eleito,257,1,4,35,0,Viadutos,210001216320
c2928,g47032,ver20,Dirceu Lazzarotto,Dirceu Lazzarotto,13513,PT,Suplente,67,1,18,35,0,Viadutos,210001216321
c2929,g26130,ver20,Noraides,Noraides Terezinha Baldissera,13321,PT,Suplente,12,1,34,35,0,Viadutos,210001216322
c2930,g2989,ver20,Gicele Tomkiel,Gicele Ferreira Tomkiel,13131,PT,Suplente,44,1,22,35,0,Viadutos,210001216323
c2931,g9349,ver20,Beto Sucata,Gilberto Koltwitz Almeida,40450,PSB,Suplente,203,1,41,142,0,Panambi,210001227608
c2932,g19815,ver20,Gilson Garmatz,Gilson Roberto Garmatz,13007,PT,Suplente,142,1,33,84,0,Ibirubá,210001228716
c2933,g37763,ver20,Alessandra Cristina da Silva,Alessandra Cristina da Silva,13065,PT,Suplente,76,1,42,84,0,Ibirubá,210001228717
c2934,g3919,ver20,Professora Jussara Rodrigues,Jussara Rodrigues de Andrade,13000,PT,Eleito,319,1,13,84,0,Ibirubá,210001228718
c2935,g24140,ver20,Olindo de Campos,Olindo de Campos,13333,PT,Suplente,229,1,20,84,0,Ibirubá,210001228719
c2936,g39644,ver20,Paulo Esteriz,Paulo Roberto da Silva Esteriz,13123,PT,Suplente,123,1,19,32,0,Santa Bárbara do Sul,210001229431
c2937,g38573,ver20,Paulo Dal Castel,Paulo Roberto Dal Castel,13456,PT,Suplente,276,1,8,32,0,Santa Bárbara do Sul,210001229433
c2938,g18624,ver20,Macetão,Dejair de Oliveira,13789,PT,Eleito,315,1,6,32,0,Santa Bárbara do Sul,210001229434
c2939,g36268,ver20,Ecilda da Saúde,Ecilda Celeste da Silva,13444,PT,Suplente,54,1,23,32,0,Santa Bárbara do Sul,210001229435
c2940,g19122,ver20,Paulinho Vereador,Paulo Sérgio Hauenstein,13613,PT,Eleito,468,1,1,32,0,Santa Bárbara do Sul,210001229436
c2941,g820,ver20,Edio Vogel,Edio Inácio Vogel,13610,PT,Eleito,782,1,4,38,0,Ivoti,210001230672
c2942,g2448,ver20,Jair Vier,Jair André Vier,13300,PT,Suplente,312,1,14,38,0,Ivoti,210001230673
c2943,g46799,ver20,Guilherme Hubler,Guilherme Hubler,13000,PT,Suplente,224,1,21,38,0,Ivoti,210001230674
c2944,g13020,ver20,Cristiane Malta,Cristiane Matos Malta,13013,PT,Suplente,67,1,31,38,0,Ivoti,210001230675
c2945,g22734,ver20,Marta Oliveira,Marta Catarina de Oliveira,13567,PT,Suplente,30,1,34,38,0,Ivoti,210001230676
c2946,g25724,ver20,Professor Binho Paulo Rubilar,Paulo Rubilar de Lemos Pereira,45045,PSDB,Suplente,394,1,12,80,0,São José do Norte,210001232035
c2947,g31004,ver20,Kika,Ivete Maria Godoy Patatt,13013,PT,Não eleito,92,1,12,22,0,Vista Gaúcha,210001233242
c2948,g28281,ver20,Vilson,Vilson Luis Goldschmidt,13454,PT,Não eleito,36,1,19,22,0,Vista Gaúcha,210001233243
c2949,g40955,ver20,Raiana Nunes,Raiana Michele da Silva Nunes,13013,PT,Não eleito,12,1,70,78,0,Júlio de Castilhos,210001236775
c2950,g43941,ver20,Vagner Maydana,Vagner Rolim Maydana,13789,PT,Não eleito,141,1,25,78,0,Júlio de Castilhos,210001236777
c2951,g50399,ver20,Oneide O Ligeirinho,Oneide Francisco Soares Martins,13168,PT,Não eleito,44,1,52,78,0,Júlio de Castilhos,210001236778
c2952,g43622,ver20,Luciane Fagundes,Luciane Fagundes da Silva,13047,PT,Não eleito,120,1,31,78,0,Júlio de Castilhos,210001236779
c2953,g20640,ver20,Roque Vanderlei,Roque Vanderlei da Silva,13111,PT,Não eleito,165,1,23,78,0,Júlio de Castilhos,210001236780
c2954,g35801,ver20,Gelso Polaquini,Gelso Francisco Polaquini,13123,PT,Eleito,380,1,7,30,0,Constantina,210001238288
c2955,g50676,ver20,Ede,Edeval Borcioni,13000,PT,Eleito,396,1,5,30,0,Constantina,210001238289
c2956,g21664,ver20,Janice Favaretto,Janice Rosalia Lorenzi Favaretto,13613,PT,Suplente,160,1,14,30,0,Constantina,210001238290
c2957,g4057,ver20,Bitter,Arivaldo Bohrer,65665,PC do B,Não eleito,151,1,152,326,0,Passo Fundo,210001240465
c2958,g33758,ver20,Jovem,Carlos da Silva Delolmo Ledesma,13633,PT,Não eleito,29,1,122,170,0,São Gabriel,210001241520
c2959,g18734,ver20,Jeferson Rohde Vogt,Jeferson Rohde Vogt,13000,PT,Não eleito,31,1,19,32,0,Coronel Barros,210001242575
c2960,g31035,ver20,Margarete Rohde Vogt,Margarete Rohde Vogt,13555,PT,Não eleito,7,1,31,32,0,Coronel Barros,210001242576
c2961,g9020,ver20,Jeane Zardo,Jeane Zardo,13013,PT,Não eleito,102,1,35,81,0,São Sebastião do Caí,210001243004
c2962,g25640,ver20,Guto,Augusto Napp,13456,PT,Não eleito,186,1,21,81,0,São Sebastião do Caí,210001243005
c2963,g36294,ver20,Bruna Passos,Bruna Jordana Santos dos Passos,13100,PT,Não eleito,7,1,79,81,0,São Sebastião do Caí,210001243006
c2964,g34152,ver20,Roque Verdureiro,Roque Emir Pereira,13111,PT,Não eleito,26,1,117,160,0,Rio Pardo,210001243442
c2965,g41697,ver20,Gabe,Aldino Eugenio Gabe,13123,PT,Não eleito,25,1,120,160,0,Rio Pardo,210001243443
c2966,g21867,ver20,Leo Quadros,Léo Humberto de Quadros Noll,13569,PT,Não eleito,13,1,141,160,0,Rio Pardo,210001243444
c2967,g7141,ver20,Pablo Baierle Ferreira,Pablo Baierle Ferreira,13120,PT,Não eleito,142,1,47,160,0,Rio Pardo,210001243445
c2968,g3161,ver20,Marta Silva,Marta Aurelia Carvalho da Silva,13170,PT,Não eleito,7,1,149,160,0,Rio Pardo,210001243446
c2969,g9070,ver20,Bilu,Salvador Roque Pereira da Rosa,13313,PT,Não eleito,7,1,149,160,0,Rio Pardo,210001243447
c2970,g37849,ver20,Emir,Emir Machado Marques,13222,PT,Não eleito,237,1,29,160,0,Rio Pardo,210001243448
c2971,g49881,ver20,Ronaldo Moraes,Luiz Ronaldo Correa Moraes,13007,PT,Não eleito,113,1,59,160,0,Rio Pardo,210001243449
c2972,g7313,ver20,Axel Ramao,Axel Marcelo Souza Ramao,13057,PT,Não eleito,21,1,128,160,0,Rio Pardo,210001243450
c2973,g1636,ver20,Marcia L Brum,Marcia Luciane Brum Moreira,13777,PT,Não eleito,35,1,107,160,0,Rio Pardo,210001243451
c2974,g14914,ver20,Zenilda,Zenilda Ferreira da Silva,13023,PT,Não eleito,41,1,101,160,0,Rio Pardo,210001243452
c2975,g35516,ver20,Leonardo Lunardi,Leonardo Carvalho Lunardi,13033,PT,Não eleito,16,1,137,160,0,Rio Pardo,210001243453
c2976,g24606,ver20,Lucia Vieira,Ana Lucia Vieira dos Santos,13109,PT,Não eleito,15,1,140,160,0,Rio Pardo,210001243454
c2977,g28384,ver20,Aldemir Dalmaso,Aldemir Dalmaso,13123,PT,Eleito,62,1,7,34,0,Sete de Setembro,210001245049
c2978,g23787,ver20,Paulo Thomaz,Paulo Cesar Thomaz de Oliveira,13133,PT,Suplente,177,1,72,152,0,Santo Ângelo,210001245377
c2979,g45444,ver20,Juce,Jucemar Antonio Woitysiak,13000,PT,Suplente,77,1,16,38,0,Áurea,210001247612
c2980,g520,ver20,Janete,Janete Mariazinha Olczevski,13007,PT,Suplente,44,1,23,38,0,Áurea,210001247613
c2981,g28159,ver20,Sireninha,Elton Carlos Sirena,13123,PT,Eleito,165,1,4,38,0,Áurea,210001247614
c2982,g395,ver20,Lauro May,Lauro May,13610,PT,Suplente,93,1,12,38,0,Áurea,210001247615
c2983,g4293,ver20,Carlos Dubenczuk,Carlos Dubenczuk,13333,PT,Eleito,97,1,11,38,0,Áurea,210001247616
c2984,g1797,ver20,Salete Oliari,Salete Sirlei Oliari,13456,PT,Suplente,17,1,31,38,0,Áurea,210001247617
c2985,g45205,ver20,Valdomiro Jose Bosa,Valdomiro Jose Bosa,13655,PT,Eleito,530,1,1,36,0,Trindade do Sul,210001247909
c2986,g25053,ver20,Regina Boucinha,Maria Regina Leite Boucinha,13713,PT,Não eleito,40,1,64,86,0,Dom Pedrito,210001249686
c2987,g50599,ver20,André Lopes,André Fábio Souza Lopes,13013,PT,Não eleito,7,1,84,86,0,Dom Pedrito,210001249688
c2988,g5850,ver20,Jorge Omar,Jorge Omar de Mello Lopes,13000,PT,Não eleito,230,1,31,86,0,Dom Pedrito,210001249689
c2989,g46852,ver20,Glauco Gonçalves,Glauco Adriano Alves Gonçalves,13123,PT,Não eleito,14,1,77,86,0,Dom Pedrito,210001249690
c2990,g25678,ver20,Adão Dutra,Adão Reinel de Oliveira Dutra,13192,PT,Não eleito,46,1,62,86,0,Dom Pedrito,210001249691
c2991,g9604,ver20,Sulzback,Flademir Sulzback,13300,PT,Suplente,173,1,55,243,0,Cruz Alta,210001254814
c2992,g33692,ver20,Ana Paula,Ana Paula dos Santos Coelho,13513,PT,Eleito,358,1,29,243,0,Cruz Alta,210001254815
c2993,g18608,ver20,Fernanda Steinbrenner,Fernanda Raquel Steinbrenner,13120,PT,Suplente,97,1,84,243,0,Cruz Alta,210001254816
c2994,g7694,ver20,Sandra Farias,Sandra Regina Farias da Silva,13000,PT,Suplente,91,1,87,243,0,Cruz Alta,210001254817
c2995,g38085,ver20,Adir Pretto,Adir Pretto da Silva,13655,PT,Eleito,1091,1,1,243,0,Cruz Alta,210001254818
c2996,g30577,ver20,Bruno Ciotti,Bruno Vladimir Perucio Ciotti,13555,PT,Suplente,136,1,66,243,0,Cruz Alta,210001254820
c2997,g17806,ver20,Eduardo Dobler (Dudu),Eduardo Dobler,13222,PT,Suplente,34,1,159,243,0,Cruz Alta,210001254821
c2998,g11007,ver20,Pedro Goulart,Jose Pedro Landvoigt Goulart,13100,PT,Suplente,33,1,165,243,0,Cruz Alta,210001254822
c2999,g19331,ver20,Dani Broch,Danieli Broch,13013,PT,Suplente,270,1,39,243,0,Cruz Alta,210001254823
c3000,g14597,ver20,Poeta Golly,Jorge Roberto dos Santos Nunes,13743,PT,Suplente,36,1,153,243,0,Cruz Alta,210001254824
c3001,g48627,ver20,Marcio Barboza,Marcio Teixeira Barboza,13333,PT,Suplente,174,1,53,243,0,Cruz Alta,210001254825
c3002,g12301,ver20,Cavalheiro,Alcides Machado Cavalheiro,13613,PT,Não eleito,145,1,24,78,0,Júlio de Castilhos,210001255829
c3003,g46927,ver20,Fatima,Leocilda Fatima Santos de Salles,13033,PT,Não eleito,7,1,76,78,0,Júlio de Castilhos,210001255830
c3004,g30713,ver20,Jose Bolomar,Jose Bolomar Melo Teixeira,13000,PT,Não eleito,38,1,55,78,0,Júlio de Castilhos,210001255831
c3005,g47400,ver20,Olidia Chiarello Bollis,Olidia Chiarello Bollis,13139,PT,Não eleito,37,1,34,36,0,Serafina Corrêa,210001258934
c3006,g12939,ver20,Professor Xyko Mestre,Francisco Paulo Rodrigues Mestre,13123,PT,Não eleito,168,1,21,36,0,Serafina Corrêa,210001259170
c3007,g31448,ver20,Tiago Feronato,Tiago Joel Feronato,13013,PT,Não eleito,44,1,33,36,0,Serafina Corrêa,210001259171
c3008,g30037,ver20,Marlene Silvestrin,Marlene Silva Silvestrin,13611,PT,Suplente,327,1,87,326,0,Passo Fundo,210001260182
c3009,g23096,ver20,Juscemara,Maria Juscemara Velho de Macedo,13123,PT,Eleito,169,1,5,24,0,São José dos Ausentes,210001260630
c3010,g28830,ver20,Ediane Dallavi,Ediane Dallavi,13555,PT,Não eleito,5,1,36,37,0,Vicente Dutra,210001260862
c3011,g13853,ver20,Aureo Mesquita,Aureo Mesquita de Almeida,13567,PT,Suplente,66,1,227,326,0,Passo Fundo,210001261926
c3012,g40654,ver20,Luiz Moreira,Luiz Moreira,13010,PT,Suplente,32,1,289,326,0,Passo Fundo,210001261928
c3013,g18406,ver20,Mauro Weschenfelder,Mauro Jose dos Santos Weschenfelder,13222,PT,Suplente,85,1,11,28,0,Sede Nova,210001262048
c3014,g49959,ver20,Mario Aguiar,Mario Oscar Vieira de Aguiar,15333,MDB,Suplente,14,1,72,85,0,Tapes,210001262127
c3015,g46298,ver20,Patacho,Luis Fernando Saldana Chamorro,13555,PT,Suplente,80,1,41,105,0,Quaraí,210001264663
c3016,g34569,ver20,Tereza Quadros,Terezinha Santos Quadros,13359,PT,Suplente,11,1,291,329,0,Cachoeirinha,210001264733
c3017,g13231,ver20,Leila  Mengue,Leila Mara de Lima Mengue,13250,PT,Suplente,64,1,186,329,0,Cachoeirinha,210001264734
c3018,g23287,ver20,Maria Leonardo,Maria Leonardo Lima da Silva,13100,PT,Suplente,3,1,321,329,0,Cachoeirinha,210001264735
c3019,g13411,ver20,Anilto Brizola,Anilto de Almeida Brizolla,13025,PT,Suplente,44,1,222,329,0,Cachoeirinha,210001264736
c3020,g50743,ver20,Jesus,Paulo Rogério de Jesus,13120,PT,Suplente,13,1,286,329,0,Cachoeirinha,210001264737
c3021,g22998,ver20,Andréa Calheiro,Andréa Calheiro da Silva,13313,PT,Suplente,38,1,235,329,0,Cachoeirinha,210001264738
c3022,g36423,ver20,Xandy Borba,Alexandre de Borba Lopes,13713,PT,Suplente,11,1,291,329,0,Cachoeirinha,210001264739
c3023,g5435,ver20,Patricia Damaceno,Patricia Leão Damaceno,13131,PT,Suplente,105,1,140,329,0,Cachoeirinha,210001264740
c3024,g15558,ver20,Gabriel Nardi,Gabriel Nardi Maciel,13169,PT,Suplente,104,1,144,329,0,Cachoeirinha,210001264742
c3025,g35360,ver20,Priscila Dias,Priscila de Cassia Dias da Silva,13500,PT,Suplente,37,1,238,329,0,Cachoeirinha,210001264743
c3026,g23475,ver20,Ari Bigolin,Ari Bigolin,13450,PT,Suplente,44,1,21,33,0,São Valentim,210001264805
c3027,g32560,ver20,Juliane Goulart Trindade,Juliane Goulart Trindade,13972,PT,Não eleito,0,0,91,91,0,Itaqui,210001265003
c3028,g33529,ver20,Gabriela Carneiro,Gabriela Carneiro,13007,PT,Não eleito,14,1,90,91,0,Itaqui,210001265004
c3029,g12331,ver20,Luciano Zambelli Boca,Luciano Jose Dalateia Zambelli,13000,PT,Não eleito,32,1,121,148,0,Campo Bom,210001265168
c3030,g31209,ver20,Jussara Bueno,Jussara Beatriz Bueno,13613,PT,Suplente,20,1,45,54,0,Condor,210001265652
c3031,g44027,ver20,João Kniest,João Kniest,13123,PT,Não eleito,135,1,66,103,0,Montenegro,210001265788
c3032,g5826,ver20,Sandro Melo,Sandro Machado Melo,13013,PT,Suplente,149,1,27,69,0,Imbé,210001266288
c3033,g30892,ver20,Sildão,Sildo Paulo de Abreu Marques,13777,PT,Não eleito,19,1,35,55,0,Amaral Ferrador,210001266462
c3034,g16980,ver20,Carol Guimarães,Carolina Guimarães Alves,13888,PT,Suplente,4,1,67,69,0,Imbé,210001267860
c3035,g44166,ver20,Giovani,Giovani dos Santos Rodrigues,13999,PT,Não eleito,22,1,46,57,0,São Sepé,210001268936
c3036,g8232,ver20,Flaiane Trindade,Flaiane de Oliveira Trindade,13555,PT,Não eleito,68,1,37,57,0,São Sepé,210001268938
c3037,g37050,ver20,Maria Nilza  Ica,Maria Nilza Rodrigues,13615,PT,Não eleito,10,1,55,57,0,São Sepé,210001268943
c3038,g27271,ver20,Dejota,Daisiane Javarez de Almeida,13500,PT,Suplente,79,1,90,116,0,Alegrete,210001270508
c3039,g48351,ver20,Rejane,Rejane Paula Pauletti Biessek,13500,PT,Eleito,79,1,10,29,0,Floriano Peixoto,210001270689
c3040,g5803,ver20,Rute Schilling,Rute Cristina Schilling,13888,PT,Suplente,5,1,60,65,0,Lindolfo Collor,210001270809
c3041,g44112,ver20,João Ari,João Ari Vieira,13789,PT,Suplente,133,1,12,35,0,Viadutos,210001270873
c3042,g32016,ver20,Elisa Amaral,Elisa Maria Amaral do Nascimento,13333,PT,Suplente,18,1,111,126,0,São Borja,210001271116
c3043,g41257,ver20,José Vantuil,José Vantuil Souza Ferreira,13133,PT,Não eleito,3,1,56,57,0,São Sepé,210001271608
c3044,g22638,ver20,Didi,Rudimar Antonio Zamiatowski,13654,PT,Suplente,21,1,17,22,0,Carlos Gomes,210001272844
c3045,g6367,ver20,Melina de Deus,Melina de Deus,13777,PT,Suplente,8,1,31,32,0,Santa Bárbara do Sul,210001272879
c3046,g4426,ver20,Rachel e Movimento Voz do Povo,Rachel Alves Machado de Oliveira,13513,PT,Suplente,365,1,67,323,0,Alvorada,210001273868
c3047,g49494,ver20,Flavio,Flavio Alberto Noskoski,13113,PT,Não eleito,77,1,34,55,0,Getúlio Vargas,210001273870
c3048,g14115,ver20,Carol Porto,Carolina Moraes Porto,13600,PT,Suplente,2,1,57,57,0,Pedro Osório,210001275778
c3049,g41240,ver24,Anesio Scherer,Anesio Silvio Scherer,13133,PT,Eleito,173,1,7,38,0,Brochier,210001883604
c3050,g37176,ver24,Darci Scherer,Darci Josemar Scherer,13000,PT,Suplente,172,1,8,38,0,Brochier,210001883605
c3051,g19606,ver24,Marines da Silva,Marines da Silva,13213,PT,Suplente,17,1,33,38,0,Brochier,210001883606
c3052,g9059,ver24,Deise Menezes,Deise Terezinha Menezes,13113,PT,Não eleito,388,1,20,149,0,Tramandaí,210001886504
c3053,g25111,ver24,Gustavo Sala,Gustavo Goulart Sala,13009,PT,Não eleito,32,1,109,149,0,Tramandaí,210001886505
c3054,g46438,ver24,Claudio do Sindicato,Claudiomiro Acosta Facio,13000,PT,Não eleito,98,1,62,149,0,Tramandaí,210001886506
c3055,g21899,ver24,Gilberto Carteiro,Gilberto Germano,13123,PT,Não eleito,15,1,125,149,0,Tramandaí,210001886507
c3056,g14584,ver24,Laini,Valdir dos Santos Laini,13313,PT,Não eleito,9,1,132,149,0,Tramandaí,210001886508
c3057,g30173,ver24,Zé Madruga,José Roberto Prestes Madruga,13333,PT,Não eleito,88,1,67,149,0,Tramandaí,210001886509
c3058,g13337,ver24,Elisandro do Uber,Elisandro Figueiró,13669,PT,Não eleito,15,1,125,149,0,Tramandaí,210001886510
c3059,g50633,ver24,Professora Paula Edejane,Paula Edejane Félix da Silva,13777,PT,Não eleito,115,1,58,149,0,Tramandaí,210001886511
c3060,g49081,ver24,Rubens Bage da Refrigeração,Rubens Sebages Soares,13013,PT,Não eleito,63,1,82,149,0,Tramandaí,210001886512
c3061,g4753,ver24,Prof Lila,Maria Angélica Ribeiro,13007,PT,Não eleito,40,1,102,149,0,Tramandaí,210001886513
c3062,g26127,ver24,Luana Lais Schwantes,Luana Lais Schwantes,13500,PT,Eleito,97,1,4,19,0,Linha Nova,210001898024
c3063,g17460,ver24,Paulo Altmann,Paulo Alberto Altmann,13013,PT,Eleito,86,1,7,19,0,Linha Nova,210001898025
c3064,g33990,ver24,Sergio Utzig,Sergio Utzig,13333,PT,Suplente,71,1,11,19,0,Linha Nova,210001898026
c3065,g1490,ver24,Beatriz Schmitt,Beatriz Schmitt,13000,PT,Suplente,82,1,8,19,0,Linha Nova,210001898027
c3066,g49691,ver24,Angela Chaves,Angela da Silva Chaves,13045,PT,Não eleito,10,1,36,38,0,Jaquirana,210001899357
c3067,g31183,ver24,Prof Cesar,Cesar Augusto da Silva Souza,13013,PT,Não eleito,14,1,35,38,0,Jaquirana,210001899358
c3068,g40474,ver24,Ilário Silva,Ilário Silva da Cruz,13145,PT,Não eleito,1,1,38,38,0,Jaquirana,210001899359
c3069,g2713,ver24,Carlinhos do Parque,Carlos Rodrigo Vitoria Furtado,12222,PDT,Suplente,34,1,79,105,0,Capão do Leão,210001900620
c3070,g49472,ver24,Catiucia Vargas,Catiucia de Vargas dos Santos,13133,PT,Suplente,131,1,39,98,0,São Luiz Gonzaga,210001900706
c3071,g44771,ver24,Veleda,Rodrigo Veleda Martins,13130,PT,Eleito,435,1,14,98,0,São Luiz Gonzaga,210001900707
c3072,g12154,ver24,Rose Gamarra,Rosenara Machado Gamarra,13713,PT,Suplente,145,1,37,98,0,São Luiz Gonzaga,210001900708
c3073,g36243,ver24,Professor Borck,Luis Henrique Borck Monroe,13013,PT,Suplente,32,1,75,98,0,São Luiz Gonzaga,210001900709
c3074,g562,ver24,Izaias Moura,Izaías Moura de Lima,13333,PT,Suplente,21,1,89,98,0,São Luiz Gonzaga,210001900710
c3075,g50439,ver24,Enfermeira Jaqueline,Jaqueline Nascimento de Miranda,13777,PT,Suplente,223,1,26,98,0,São Luiz Gonzaga,210001900711
c3076,g38104,ver24,Jose Luis,Jose Luis Terra Vieira,13613,PT,Suplente,296,1,19,98,0,São Luiz Gonzaga,210001900712
c3077,g15094,ver24,Lazaro,Lazaro Diel Hendges,13660,PT,Suplente,147,1,36,98,0,São Luiz Gonzaga,210001900713
c3078,g6918,ver24,Ana Luiza,Ana Luiza Espindola Machado,13278,PT,Suplente,26,1,81,98,0,São Luiz Gonzaga,210001900714
c3079,g44017,ver24,Léo Vargas,Leonardo Vargas Pereira,13123,PT,Eleito,734,1,4,98,0,São Luiz Gonzaga,210001900715
c3080,g35152,ver24,Tania Manganeli,Tania Manganeli da Natividade,13165,PT,Suplente,22,1,87,98,0,São Luiz Gonzaga,210001900716
c3081,g43981,ver24,Professor Chico Terra,Francisco Carlos Jacques Terra,13120,PT,Suplente,123,1,40,98,0,São Luiz Gonzaga,210001900717
c3082,g45364,ver24,Noemi,Noemi da Silva,45000,PSDB,Suplente,26,1,21,29,0,Cruzaltense,210001901144
c3083,g45041,ver24,Professor Marco Aurelio,Marco Aurelio da Silva Gomes,45500,PSDB,Suplente,201,1,21,105,0,Capão do Leão,210001902032
c3084,g39276,ver24,Thifani Ferreira,Thifani Ferreira Deferrari,13013,PT,Suplente,176,1,26,124,0,Quaraí,210001902307
c3085,g6591,ver24,Eduardo Barreto,Eduardo Menezes Barreto,13213,PT,Suplente,114,1,38,124,0,Quaraí,210001902308
c3086,g43096,ver24,Thaíse Corrêa,Thaíse Corrêa Dalsasso,13613,PT,Eleito,381,1,8,124,0,Quaraí,210001902309
c3087,g31449,ver24,Guto Nadal,Antônio Augusto Nadal da Luz,13513,PT,Suplente,212,1,19,124,0,Quaraí,210001902310
c3088,g1391,ver24,Clark Martegani,Clark Dias Martegani,13113,PT,Suplente,189,1,24,124,0,Quaraí,210001902311
c3089,g46298,ver24,Patacho,Luis Fernando Saldaña Chamorro,13555,PT,Suplente,237,1,18,124,0,Quaraí,210001902312
c3090,g48954,ver24,Professora Catiuscia Pedroso,Catiuscia Silene Vilaverde Pedroso,13713,PT,Suplente,199,1,21,124,0,Quaraí,210001902313
c3091,g5549,ver24,Flávio de Deus Fino,Flávio Darlei Velasques de Deus,13222,PT,Eleito,463,1,5,124,0,Quaraí,210001902314
c3092,g28506,ver24,Adriano Chorão,Adriano dos Santos Alves,13500,PT,Suplente,205,1,20,124,0,Quaraí,210001902315
c3093,g40138,ver24,Eudes Teixeira,Eudes Rodinei Fagundes Teixeira,13777,PT,Suplente,36,1,62,124,0,Quaraí,210001902316
c3094,g18392,ver24,Leandro Pescador,Leandro Itamar Garcia Tribino,13029,PT,Suplente,80,1,47,124,0,Quaraí,210001902317
c3095,g15473,ver24,Mestre Pretto,Daniel Roberto Soares,13888,PT,Suplente,417,1,18,93,0,São Lourenço do Sul,210001903466
c3096,g45223,ver24,Júlio Ieck,Júlio Cezar Ieck da Silva,13000,PT,Suplente,56,1,67,93,0,São Lourenço do Sul,210001903467
c3097,g16736,ver24,Luis Weber,Luis Clairton Behling Weber,13113,PT,Suplente,848,1,7,93,0,São Lourenço do Sul,210001903468
c3098,g36435,ver24,Márcia Lucas,Márcia Eliza Lucas Ferreira,13123,PT,Eleito,1104,1,4,93,0,São Lourenço do Sul,210001903469
c3099,g29151,ver24,Dilmar Silveira,Dilmar Silveira,13456,PT,Suplente,93,1,58,93,0,São Lourenço do Sul,210001903470
c3100,g16221,ver24,Ritinha do Sereno,Rita de Cássia Ferreira Bueno,13117,PT,Suplente,27,1,83,93,0,São Lourenço do Sul,210001903471
c3101,g44501,ver24,Ildo Doring,Ildo Strider Doring,13850,PT,Eleito,1353,1,2,93,0,São Lourenço do Sul,210001903472
c3102,g1081,ver24,Ronei Schmalfuss,Ronei Schmalfuss,13777,PT,Suplente,457,1,15,93,0,São Lourenço do Sul,210001903473
c3103,g26780,ver24,Ana Paula,Ana Paula Prietsch das Neves,13013,PT,Suplente,238,1,38,93,0,São Lourenço do Sul,210001903475
c3104,g24874,ver24,Grazi Vasques,Graziela de Araújo Vasques,13333,PT,Eleito,936,1,6,93,0,São Lourenço do Sul,210001903476
c3105,g2923,ver24,Pablo Machin,Gumildo Pablo Machin Chaparro,13613,PT,Suplente,164,1,50,93,0,São Lourenço do Sul,210001903477
c3106,g12508,ver24,Cristiano Studzinski,Cristiano José Studzinski,45600,PSDB,Eleito,292,1,9,53,0,Dom Feliciano,210001903919
c3107,g38149,ver24,Letícia Nunes,Leticia Nunes Martins,45123,PSDB,Suplente,127,1,27,53,0,Dom Feliciano,210001903928
c3108,g45770,ver24,Aldinho,Aldoir Rosa Brizolla,13333,PT,Eleito,164,1,2,21,0,São Pedro das Missões,210001906780
c3109,g27912,ver24,Marcio Soares,Marcio Rosa Soares,13423,PT,Eleito,78,1,7,21,0,São Pedro das Missões,210001906781
c3110,g22049,ver24,Sirlei Soares,Sirlei Soares dos Santos,13123,PT,Suplente,13,1,18,21,0,São Pedro das Missões,210001906782
c3111,g29350,ver24,Plinio Vezaro,Plinio dos Santos Vezaro,13013,PT,Eleito,101,1,6,21,0,São Pedro das Missões,210001906783
c3112,g18531,ver24,Dhayane Larsen,Dhayane Lays Larsen Ferreira,13111,PT,Suplente,78,1,7,21,0,São Pedro das Missões,210001906784
c3113,g6006,ver24,Ivone Moraes,Ivone da Silva Moraes,13513,PT,Suplente,9,1,19,21,0,São Pedro das Missões,210001906785
c3114,g784,ver24,Priscila Danda,Priscila Danda da Silva,45123,PSDB,Suplente,85,1,16,42,0,Morro Redondo,210001911436
c3115,g47763,ver24,Roger Ramalho,Roger Narciso Ramalho,13420,PT,Não eleito,46,1,55,62,0,Marau,210001912102
c3116,g32690,ver24,Marli Bottega,Marli Bottega,13533,PT,Não eleito,53,1,53,62,0,Marau,210001912103
c3117,g39891,ver24,Jandir Dal Piaz,Jandir Francisco Dal Piaz,13333,PT,Não eleito,749,1,10,62,0,Marau,210001912104
c3118,g38612,ver24,Rodrigo Pedal,Rodrigo de Oliveira Aveiro,13123,PT,Eleito,746,1,2,100,0,Nova Santa Rita,210001912809
c3119,g47580,ver24,Andréia Margarete Acs Saúde,Andréia Margarete Oliveira Fochezatto,13111,PT,Eleito,489,1,7,100,0,Nova Santa Rita,210001912810
c3120,g6206,ver24,Mota,Guilherme Augusto Ferreira Mota,13000,PT,Suplente,298,1,15,100,0,Nova Santa Rita,210001912811
c3121,g21386,ver24,Maninho,Gilvano Portes,13658,PT,Suplente,220,1,23,100,0,Nova Santa Rita,210001912812
c3122,g49540,ver24,Rita da Educação,Maria Rita Figueiró Feijó,13333,PT,Eleito,417,1,10,100,0,Nova Santa Rita,210001912813
c3123,g7054,ver24,Beto Loco,Roberto Carlos Mendes,13131,PT,Eleito,500,1,6,100,0,Nova Santa Rita,210001912814
c3124,g4185,ver24,Daia de Oliveira,Daiane Silva de Oliveira,13107,PT,Suplente,127,1,36,100,0,Nova Santa Rita,210001912815
c3125,g47738,ver24,Emerson Giacomelli,Emerson José Giacomelli,13114,PT,Eleito,820,1,1,100,0,Nova Santa Rita,210001912816
c3126,g16702,ver24,Lebrão,Ildo Maciel da Luz,13456,PT,Suplente,406,1,12,100,0,Nova Santa Rita,210001912817
c3127,g48341,ver24,Gonha,Antonio Marcirio Rodrigues,13190,PT,Suplente,246,1,20,100,0,Nova Santa Rita,210001912818
c3128,g31511,ver24,Tia Carina,Carina Salete Falcao da Rosa,13003,PT,Suplente,25,1,75,100,0,Nova Santa Rita,210001912819
c3129,g18746,ver24,Zé Rosales,José Adalmir Gonçalves Rosales,13699,PT,Suplente,53,1,59,100,0,Nova Santa Rita,210001912820
c3130,g5064,ver24,Geraldo do Pt,Geraldo Luiz Lorenzi,13000,PT,Não eleito,9,1,65,69,0,Araricá,210001912974
c3131,g7430,ver24,Valter Chereta,Valter Marciano dos Santos Chereta,13400,PT,Não eleito,66,1,27,69,0,Araricá,210001912975
c3132,g29304,ver24,Maria Clari Teixeira,Maria Clari Teixeira,13001,PT,Não eleito,9,1,65,69,0,Araricá,210001912976
c3133,g21278,ver24,Ganga,Elisangela Fernandes de Souza,13666,PT,Suplente,117,1,39,79,0,São José do Norte,210001913611
c3134,g37231,ver24,Tia Hélia,Hélia Terezinha da Silva Bernardo,13131,PT,Suplente,212,1,24,79,0,São José do Norte,210001913612
c3135,g2089,ver24,Fábia,Ana Fabia Soares Borges Silva,13123,PT,Suplente,146,1,35,79,0,São José do Norte,210001913613
c3136,g10639,ver24,Nei do Bar Grenal,Claudinei Aredes de Pinho,13457,PT,Suplente,71,1,47,79,0,São José do Norte,210001913614
c3137,g19615,ver24,Mauri Duarte,Mauri Wyse Duarte,13000,PT,Suplente,57,1,54,79,0,São José do Norte,210001913615
c3138,g25724,ver24,Binho,Paulo Rubilar de Lemos Pereira,13333,PT,Eleito,791,1,5,79,0,São José do Norte,210001913616
c3139,g27654,ver24,Paulo Carteiro,Paulo Ricardo Nunes de Souza,13777,PT,Suplente,387,1,14,79,0,São José do Norte,210001913617
c3140,g10999,ver24,Dinho Ramos,Ederson da Silva Ramos,13013,PT,Suplente,260,1,18,79,0,São José do Norte,210001913618
c3141,g440,ver24,Vivi Hood,Viviane Hood de Sá,13111,PT,Suplente,122,1,38,79,0,São José do Norte,210001913619
c3142,g42829,ver24,Psicólogo Marcus,Marcus Vinicius Jacques Chagas,13775,PT,Suplente,35,1,66,79,0,São José do Norte,210001913620
c3143,g34332,ver24,Adilson dos Santos,Adilson dos Santos,13133,PT,Não eleito,40,1,14,20,0,Ibarama,210001914664
c3144,g11031,ver24,Aline Schmengler,Aline Carla Schmengler,13131,PT,Não eleito,35,1,16,20,0,Ibarama,210001914665
c3145,g34131,ver24,Lenara,Lenara Linhar Knirsch,13135,PT,Não eleito,24,1,18,20,0,Ibarama,210001914666
c3146,g9735,ver24,Mosquito,Lademir Martins de Oliveira,13333,PT,Não eleito,53,1,13,20,0,Ibarama,210001914667
c3147,g35239,ver24,Marcelo Sgarbossa,Marcelo Sgarbossa,18123,REDE,Suplente,2016,1,81,511,0,Porto Alegre,210001915773
c3148,g44892,ver24,Jeferson Motorista,Jeferson Freitas da Gama,12000,PDT,Suplente,262,1,13,95,0,Butiá,210001916398
c3149,g10663,ver24,Denis Medina,Denis Antônio Medeiros Medina,13100,PT,Não eleito,78,1,103,133,0,Uruguaiana,210001917342
c3150,g27587,ver24,Isabel Vieira,Isabel Cristina Silva Vieira,13713,PT,Não eleito,102,1,90,133,0,Uruguaiana,210001917343
c3151,g16398,ver24,Luciano Ordai,Luciano Adrônico da Silva,13123,PT,Não eleito,200,1,68,133,0,Uruguaiana,210001917344
c3152,g5196,ver24,Arthur Domingues,Arthur Oliveira Domingues,13200,PT,Não eleito,177,1,71,133,0,Uruguaiana,210001917345
c3153,g36800,ver24,Dagoberto da Rosa,Dagoberto Souza da Rosa,13013,PT,Não eleito,48,1,117,133,0,Uruguaiana,210001917346
c3154,g30522,ver24,Gabrieli Vaz,Gabrieli da Silva Vaz,13999,PT,Não eleito,79,1,102,133,0,Uruguaiana,210001917347
c3155,g50618,ver24,Roger Baigorra Machado,Roger Cristiano Baigorra Machado,13065,PT,Não eleito,819,1,19,133,0,Uruguaiana,210001917348
c3156,g29013,ver24,Maria Graces,Maria da Graca Silva Graces,13456,PT,Não eleito,82,1,100,133,0,Uruguaiana,210001917349
c3157,g39615,ver24,Professora Staël,Stael Soraya dos Santos Rosa,13333,PT,Não eleito,499,1,34,133,0,Uruguaiana,210001917350
c3158,g2589,ver24,Alvarito Velo,Alvaro Güez Velo,13136,PT,Não eleito,203,1,67,133,0,Uruguaiana,210001917351
c3159,g30434,ver24,Cristian Costa,Cristian da Costa,13500,PT,Não eleito,62,1,111,133,0,Uruguaiana,210001917352
c3160,g23490,ver24,Jesus,Ailton Puttlitz,13013,PT,Suplente,7,1,30,30,0,Maximiliano de Almeida,210001918233
c3161,g22169,ver24,Caetano,Jovani Caetano,13000,PT,Suplente,71,1,19,30,0,Maximiliano de Almeida,210001918234
c3162,g48881,ver24,Rafael,Rafael Tunes,13113,PT,Suplente,27,1,28,30,0,Maximiliano de Almeida,210001918235
c3163,g17914,ver24,Tata,Rosilei Chiapetti,13111,PT,Suplente,32,1,27,30,0,Maximiliano de Almeida,210001918236
c3164,g17043,ver24,Serginho Macagnan,Sergio Macagnan,13110,PT,Suplente,131,1,13,30,0,Maximiliano de Almeida,210001918237
c3165,g47147,ver24,Onira,Onira Orlando Zonin,13213,PT,Eleito,228,1,2,30,0,Maximiliano de Almeida,210001918238
c3166,g40547,ver24,Luciane Vendruscolo,Luciane Vendruscolo,13613,PT,Suplente,60,1,21,30,0,Maximiliano de Almeida,210001918239
c3167,g20335,ver24,Neusa Cardoso,Neusa Teresinha Cardoso,13163,PT,Não eleito,13,1,49,50,0,Tenente Portela,210001919636
c3168,g14284,ver24,Gustavo Brun Kuki,Gustavo Henrique Brun,13613,PT,Não eleito,259,1,13,50,0,Tenente Portela,210001919637
c3169,g35015,ver24,Martins,Rozendo Martins Neto,13123,PT,Não eleito,30,1,43,50,0,Tenente Portela,210001919638
c3170,g49530,ver24,Marcia Antunes,Marcia Cristina Antunes,13789,PT,Não eleito,26,1,46,50,0,Tenente Portela,210001919639
c3171,g2048,ver24,Claudinho Pereira,Claudio Andre da Silva,13713,PT,Não eleito,81,1,32,50,0,Tenente Portela,210001919640
c3172,g50224,ver24,Tiago Kerner,Tiago Darlei Kerner,13456,PT,Não eleito,348,1,8,50,0,Tenente Portela,210001919641
c3173,g35513,ver24,Marcia Nunes,Marcia Carvalho Nunes,13444,PT,Suplente,30,1,26,31,0,Santo Antônio das Missões,210001921245
c3174,g210,ver24,Rogerio Deio Morais,Rogerio de Santis Morais,13456,PT,Eleito,266,1,13,31,0,Santo Antônio das Missões,210001921246
c3175,g40020,ver24,Ailton Silva Dj,Ailton Rogerio Silva Moraes,13333,PT,Suplente,136,1,17,31,0,Santo Antônio das Missões,210001921247
c3176,g46785,ver24,Bolo,Joao Claudio Ramos do Nascimento,13555,PT,Suplente,34,1,24,31,0,Santo Antônio das Missões,210001921248
c3177,g50752,ver24,Serjão,Sergio Alberto dos Santos Araujo,13000,PT,Suplente,166,1,15,31,0,Santo Antônio das Missões,210001921249
c3178,g16681,ver24,Raquele Lopes,Raquele de Oliveira Lopes,13013,PT,Suplente,29,1,27,31,0,Santo Antônio das Missões,210001921250
c3179,g38579,ver24,Toco,Valdoir de Quadros Macedo,22622,PL,Suplente,154,1,12,47,0,Redentora,210001923454
c3180,g9803,ver24,Edson Baiano,Edson Martins Cabral,13456,PT,Não eleito,76,1,42,52,0,São Marcos,210001925918
c3181,g21833,ver24,Professor Carlos Rizzon,Carlos Ernesto Mussatto Rizzon,13613,PT,Não eleito,612,1,4,52,0,São Marcos,210001925919
c3182,g10127,ver24,Clarinêz Rosa  Clari,Clarinêz Clemente da Rosa,13360,PT,Não eleito,16,1,51,52,0,São Marcos,210001925920
c3183,g41142,ver24,Vicente Machado,Vicente Virleu Pereira Machado,45145,PSDB,Suplente,117,1,53,127,0,Torres,210001926062
c3184,g42435,ver24,Luciano Lima,Luciano Lima,13999,PT,Suplente,209,1,59,136,0,Esteio,210001928666
c3185,g49429,ver24,Vera Tita,Vera Lucia da Silva,13313,PT,Suplente,336,1,38,136,0,Esteio,210001928667
c3186,g44239,ver24,Leo Dahmer,Leonardo Dahmer,13000,PT,Eleito,1636,1,3,136,0,Esteio,210001928668
c3187,g44214,ver24,Prof Silvia,Silvia Maria Heissler,13013,PT,Suplente,456,1,24,136,0,Esteio,210001928669
c3188,g15064,ver24,Professor Jauri,Jauri Bratti Machado,13813,PT,Suplente,657,1,20,136,0,Esteio,210001928670
c3189,g48937,ver24,Jorge Tiba,Jorge Luiz Borges de Souza,13123,PT,Suplente,320,1,43,136,0,Esteio,210001928671
c3190,g32436,ver24,Fabio Neumann Fabinho,Fabio Neumann Figueredo,13111,PT,Eleito,2076,1,2,136,0,Esteio,210001928673
c3191,g4778,ver24,Gustavo Souza,Gustavo de Souza Silveira,13007,PT,Suplente,428,1,27,136,0,Esteio,210001928674
c3192,g175,ver24,Ju Ferreira,Juliana Ferreira,13400,PT,Suplente,756,1,18,136,0,Esteio,210001928675
c3193,g49907,ver24,Fernando Mortola,Fernando José Mortola,12111,PDT,Suplente,311,1,16,79,0,São José do Norte,210001929779
c3194,g47477,ver24,Juarezinho,Juarez Dias Fagundes,15655,MDB,Eleito,131,1,15,47,0,Santana da Boa Vista,210001930845
c3195,g10546,ver24,Magrão Vanderlei,Vanderlei dos Santos Macedo,11123,PP,Suplente,59,1,20,38,0,Jaquirana,210001930987
c3196,g36980,ver24,Eloir Maria,Eloir Maria dos Passos,13456,PT,Não eleito,3,1,27,27,0,Capão Bonito do Sul,210001931471
c3197,g18728,ver24,Eusébio,Eusébio Gomes Pedroso,13123,PT,Não eleito,34,1,18,27,0,Capão Bonito do Sul,210001931472
c3198,g44838,ver24,Cristhian Brizolla,Cristhian Pierre Brizolla da Silva,13613,PT,Suplente,302,1,23,85,0,Palmeira das Missões,210001931620
c3199,g2267,ver24,Professora Maria Elizete,Maria Elizete Silva Martins,13013,PT,Suplente,183,1,34,85,0,Palmeira das Missões,210001931621
c3200,g29850,ver24,Vilmar Godois,Vilmar Luiz Rodrigues de Godois,13555,PT,Eleito,624,1,7,85,0,Palmeira das Missões,210001931623
c3201,g32076,ver24,Izana Patrícia,Izana Patrícia Santos da Silva,13300,PT,Eleito,484,1,12,85,0,Palmeira das Missões,210001931624
c3202,g41529,ver24,Mateus Luan,Mateus Luan Klein Karling,13813,PT,Suplente,286,1,24,85,0,Palmeira das Missões,210001931625
c3203,g7191,ver24,Isabella de Carli,Isabella Teresa Magalhães de Carli,13000,PT,Suplente,153,1,36,85,0,Palmeira das Missões,210001931626
c3204,g33603,ver24,Polaca do Mdt,Cenira Gomes de Campos,13630,PT,Suplente,246,1,28,85,0,Palmeira das Missões,210001931627
c3205,g46814,ver24,Sindimara Ribeiro,Sindimara Ribeiro,13789,PT,Eleito,868,1,1,85,0,Palmeira das Missões,210001931628
c3206,g39039,ver24,Clarissa Bones,Clarissa Moreira Bones,13123,PT,Suplente,220,1,33,85,0,Palmeira das Missões,210001931629
c3207,g34039,ver24,Zezinho,José Luis Soares,13456,PT,Suplente,103,1,48,85,0,Palmeira das Missões,210001931630
c3208,g4693,ver24,Jonei Catilé,Jonei Fagundes Ventil,13050,PT,Suplente,142,1,40,85,0,Palmeira das Missões,210001931631
c3209,g9953,ver24,Clodoaldo - Tio Lico,Clodoaldo Bueno dos Santos,13655,PT,Eleito,762,1,5,85,0,Palmeira das Missões,210001931633
c3210,g48245,ver24,Lori Mocan,Lori Mocan,13123,PT,Suplente,55,1,14,23,0,Nova Ramada,210001931641
c3211,g32083,ver24,Marciano Rubert,Marciano Marcos Rubert,13456,PT,Eleito,136,1,3,23,0,Nova Ramada,210001931644
c3212,g30756,ver24,Giovana Thiago,Giovana dos Santos Thiago,13000,PT,Eleito,1456,1,12,272,0,Alvorada,210001932620
c3213,g16351,ver24,Andrea do Postinho,Andrea Derzete Berardi,13100,PT,Suplente,377,1,62,272,0,Alvorada,210001932621
c3214,g6265,ver24,Vagner Cocão,Jonatan Vagner Borges de Borba,13040,PT,Suplente,290,1,75,272,0,Alvorada,210001932622
c3215,g34408,ver24,Vânia do Ctg,Reovane Goularte Ribeiro,13001,PT,Suplente,84,1,146,272,0,Alvorada,210001932623
c3216,g47769,ver24,Aldori Marques,Aldori Marques dos Santos,13567,PT,Suplente,315,1,73,272,0,Alvorada,210001932624
c3217,g26488,ver24,Marcelo Gonçalves,Marcelo Francisco Gomes Goncalves,13111,PT,Suplente,709,1,38,272,0,Alvorada,210001932625
c3218,g14885,ver24,Leandro Tur,Cladir Cardoso Leandro,13333,PT,Eleito,1250,1,21,272,0,Alvorada,210001932628
c3219,g11892,ver24,Cristhyan Marques,Cristhyan dos Santos Marques,13500,PT,Suplente,613,1,44,272,0,Alvorada,210001932629
c3220,g14098,ver24,Ana Costa,Ana Lucia Costa Alves,13777,PT,Suplente,329,1,68,272,0,Alvorada,210001932631
c3221,g31590,ver24,Dona Conceição,Jonathas da Silva Conceiçao,13513,PT,Suplente,687,1,40,272,0,Alvorada,210001932632
c3222,g7180,ver24,Professor Kleiton,Kleiton da Silva Muller,13113,PT,Eleito,1491,1,10,272,0,Alvorada,210001932633
c3223,g2358,ver24,Girino,Igor Agradem Domingos,13456,PT,Suplente,718,1,36,272,0,Alvorada,210001932634
c3224,g8776,ver24,Rosseto,Rodinei Rosseto,13655,PT,Suplente,1053,1,28,272,0,Alvorada,210001932636
c3225,g9686,ver24,Cleber Praça,Cleber Daunis Praça,13000,PT,Não eleito,27,1,40,59,0,Xangri-Lá,210001940612
c3226,g41805,ver24,Gilmar Dornelles,Gilmar Martins Dornelles,13113,PT,Não eleito,21,1,45,59,0,Xangri-Lá,210001940613
c3227,g1572,ver24,Gelci Unser,Gelci Maria Unser,13013,PT,Não eleito,71,1,33,59,0,Xangri-Lá,210001940614
c3228,g44438,ver24,Alana Flores,Alana Talita Flores,13200,PT,Não eleito,96,1,37,83,0,Triunfo,210001941503
c3229,g21437,ver24,Clovis,Clovis Saraiva da Rosa,13131,PT,Não eleito,9,1,72,83,0,Triunfo,210001941504
c3230,g44243,ver24,Janete,Janete Beatriz da Rocha Azambuja,13123,PT,Não eleito,79,1,42,83,0,Triunfo,210001941506
c3231,g10363,ver24,Maria Luiza,Maria Luiza Souza da Silva,13456,PT,Não eleito,136,1,30,83,0,Triunfo,210001941507
c3232,g30049,ver24,Luana Brandão,Luana de Araujo Brandão,13000,PT,Não eleito,349,1,16,83,0,Triunfo,210001941508
c3233,g42104,ver24,Silvio,Silvio Jose Vogt e Souza,13022,PT,Não eleito,8,1,74,83,0,Triunfo,210001941510
c3234,g10642,ver24,Rodrigo Chaverinho,Rodrigo da Silveira e Caldas,13777,PT,Não eleito,20,1,61,83,0,Triunfo,210001941511
c3235,g45090,ver24,Pipa,Marcio Cristiano Souza Santos,12333,PDT,Suplente,112,1,13,18,0,Braga,210001946462
c3236,g14794,ver24,Nilsa do Posto,Nilsa Terezinha de Quevedo,44333,UNIÃO,Suplente,145,1,84,129,0,Sapucaia do Sul,210001948156
c3237,g51268,ver24,Helio do Taxi,Helio Santos Ferreira,13000,PT,Eleito,378,1,9,95,0,Butiá,210001948210
c3238,g37472,ver24,Enfermeira Ellen,Ellen Santos do Amaral,13111,PT,Eleito,321,1,10,95,0,Butiá,210001948211
c3239,g40334,ver24,Neca Lima,Maria Antonia Soares de Lima,13652,PT,Suplente,150,1,28,95,0,Butiá,210001948212
c3240,g40849,ver24,Paulo do Multipla,Paulo Sergio Gonçalves de Souza,13144,PT,Suplente,55,1,51,95,0,Butiá,210001948213
c3241,g22225,ver24,Raul,Raul Barreto Rodrigues,13444,PT,Suplente,50,1,54,95,0,Butiá,210001948214
c3242,g42948,ver24,Edson Leal,Edson da Silva Leal,13888,PT,Eleito,429,1,5,95,0,Butiá,210001948215
c3243,g50862,ver24,Joãozinho da Pecuária,João Batista Garcia de Souza,13123,PT,Suplente,166,1,23,95,0,Butiá,210001948216
c3244,g23899,ver24,João,João Luiz Guedes Dias,13131,PT,Suplente,34,1,64,95,0,Butiá,210001948217
c3245,g13192,ver24,Vaguinho,Vagner Alves Pfutze,13222,PT,Suplente,240,1,16,95,0,Butiá,210001948218
c3246,g27459,ver24,Greise,Greise Pedebós de Castro,13777,PT,Suplente,33,1,65,95,0,Butiá,210001948219
c3247,g34773,ver24,Marcia Vepo,Marcia Oliveira Vepo,13013,PT,Suplente,41,1,51,61,0,Dois Irmãos,210001948649
c3248,g24289,ver24,Osmar,Osmar Verissimo de Jesus,13800,PT,Suplente,281,1,22,61,0,Dois Irmãos,210001948650
c3249,g27516,ver24,Kelvin Penedo,Kelvin da Silva Penedo,13513,PT,Eleito,695,1,8,61,0,Dois Irmãos,210001948651
c3250,g41615,ver24,Profe Sheila,Sheila da Silva,13300,PT,Suplente,384,1,13,61,0,Dois Irmãos,210001948652
c3251,g41944,ver24,Devanir Chagas,Devanir Soares Chagas,13999,PT,Suplente,138,1,32,61,0,Dois Irmãos,210001948653
c3252,g2183,ver24,Chila,Eliseu Souto,13909,PT,Suplente,170,1,29,61,0,Dois Irmãos,210001948654
c3253,g23159,ver24,Ageu da Bluart,Ageu Duarte de Almeida,13123,PT,Suplente,24,1,56,61,0,Dois Irmãos,210001948655
c3254,g5793,ver24,Moacir Filipin,Moacir Filipin,13200,PT,Suplente,309,1,19,61,0,Dois Irmãos,210001948656
c3255,g44191,ver24,Marcio Goldschmidt,Marcio Goldschmidt,13000,PT,Suplente,421,1,12,61,0,Dois Irmãos,210001948657
c3256,g40861,ver24,Silvana da Assistencia,Silvana Burnier Klein,13100,PT,Suplente,32,1,54,61,0,Dois Irmãos,210001948658
c3257,g38027,ver24,Betinho,Luiz Alberto Peres da Silva Filho,45123,PSDB,Suplente,208,1,21,95,0,Butiá,210001949696
c3258,g827,ver24,Elaine Saggin,Elaine Conceição Saggin da Rosa,13123,PT,Não eleito,29,1,20,25,0,Porto Mauá,210001949723
c3259,g35226,ver24,Jean Saggin,Jean Pablo Saggin da Rosa,13456,PT,Não eleito,77,1,11,25,0,Porto Mauá,210001949724
c3260,g27044,ver24,Beatriz de Lima,Beatriz de Lima Teixeira,13333,PT,Não eleito,620,1,38,154,0,Bento Gonçalves,210001951675
c3261,g13528,ver24,Léo,Leonildo da Luz de Moura,13454,PT,Não eleito,261,1,69,154,0,Bento Gonçalves,210001951676
c3262,g10414,ver24,Reciani,Reciani Ereno Sansonowicz,13113,PT,Não eleito,494,1,44,154,0,Bento Gonçalves,210001951677
c3263,g17847,ver24,Ronaldo Nunes,Ronaldo da Silva Nunes,13456,PT,Não eleito,90,1,108,154,0,Bento Gonçalves,210001951678
c3264,g46531,ver24,João Pedro,João Pedro Tumelero,13813,PT,Não eleito,30,1,139,154,0,Bento Gonçalves,210001951679
c3265,g29967,ver24,Lia Alves,Lia Gonçalves Alves,13133,PT,Não eleito,50,1,127,154,0,Bento Gonçalves,210001951680
c3266,g26204,ver24,Maristela,Maristela Pelegrini Fraporti,13513,PT,Não eleito,37,1,136,154,0,Bento Gonçalves,210001951681
c3267,g23118,ver24,Vaine Meneghetti,Vaine Antônio Meneghetti,13123,PT,Não eleito,281,1,66,154,0,Bento Gonçalves,210001951682
c3268,g44157,ver24,Vítor Marsango,Vítor Augusto Marsango Teixeira,13313,PT,Não eleito,578,1,40,154,0,Bento Gonçalves,210001951683
c3269,g20043,ver24,Alberi,Alberi Couto da Silva,13858,PT,Não eleito,40,1,134,154,0,Bento Gonçalves,210001951684
c3270,g44302,ver24,Valdir  Aido,Valdir Laureano dos Santos,13341,PT,Não eleito,28,1,141,154,0,Bento Gonçalves,210001951685
c3271,g34905,ver24,Adma Soliman,Adma Gama Soliman,13001,PT,Não eleito,138,1,94,154,0,Bento Gonçalves,210001951686
c3272,g25930,ver24,Benito Metalurgico,Benito de Oliveira Gonçalves,40013,PSB,Suplente,747,1,39,266,0,Rio Grande,210001952833
c3273,g32916,ver24,Fabiano Potácio,Fabiano Mansueto Rosa,13222,PT,Suplente,283,1,11,41,0,Restinga Sêca,210001953300
c3274,g38910,ver24,Abel Oliveira,Abel Oliveira dos Santos,13680,PT,Eleito,478,1,5,41,0,Restinga Sêca,210001953301
c3275,g40647,ver24,Teresinha Paim,Teresinha Aparecida Lopes Paim,13010,PT,Suplente,142,1,22,41,0,Restinga Sêca,210001953302
c3276,g32856,ver24,Rodrigues Cabeleireiro,Nilto do Nascimento Rodrigues,40456,PSB,Não eleito,390,1,59,272,0,Alvorada,210001954771
c3277,g49281,ver24,Marta Pies Volkmer,Marta Pies Volkmer,13613,PT,Eleito,196,1,10,24,0,Campina das Missões,210001955966
c3278,g50060,ver24,Teonesio Abraão Andreis,Teonesio Abraão Andreis,13667,PT,Suplente,162,1,14,24,0,Campina das Missões,210001955967
c3279,g8924,ver24,Dirce Inez Dapper,Dirce Ines Dapper,13123,PT,Suplente,29,1,23,24,0,Campina das Missões,210001955968
c3280,g25689,ver24,Douglas Gabriel Johanns Pydd,Douglas Gabriel Johanns Pydd,13456,PT,Eleito,285,1,4,24,0,Campina das Missões,210001955969
c3281,g16536,ver24,Pedro Nicolau Schutz,Pedro Nicolau Schutz,13000,PT,Suplente,78,1,17,24,0,Campina das Missões,210001955970
c3282,g16908,ver24,Roslaine Ten Caten Butzen,Roslaine Ten Caten Butzen,13190,PT,Suplente,175,1,11,24,0,Campina das Missões,210001955971
c3283,g20730,ver24,Jorge Luis Winter,Jorge Luis Winter,13013,PT,Suplente,72,1,18,24,0,Campina das Missões,210001955972
c3284,g8440,ver24,Eliane Maia,Eliane Maia de Lima,13049,PT,Suplente,19,1,33,42,0,Morro Redondo,210001956902
c3285,g3212,ver24,Cristiane Corrêa,Cristiane da Silva Corrêa,13222,PT,Suplente,18,1,35,42,0,Morro Redondo,210001956903
c3286,g3159,ver24,Angenor Almeida,Angenor dos Reis de Almeida,13000,PT,Suplente,51,1,25,42,0,Morro Redondo,210001956904
c3287,g30408,ver24,Thiarles Schneider,Thiarles Melo Schneider,13456,PT,Eleito,250,1,3,42,0,Morro Redondo,210001956905
c3288,g41293,ver24,Marcio Signorini,Marcio Joel Signorini,13777,PT,Suplente,16,1,38,42,0,Morro Redondo,210001956906
c3289,g21082,ver24,Janaina Silva,Janaina da Fonseca Silva,13666,PT,Suplente,16,1,38,42,0,Morro Redondo,210001956907
c3290,g7240,ver24,Jadiel Bruno,Jadiel Huckembeck Bruno,13555,PT,Suplente,34,1,30,42,0,Morro Redondo,210001956908
c3291,g45915,ver24,Professor Thiago,Thiago Cardoso Lopes,13123,PT,Suplente,48,1,27,42,0,Morro Redondo,210001956909
c3292,g13598,ver24,Barba,Társis Nunes Sayão,13131,PT,Não eleito,21,1,64,69,0,Santo Antônio da Patrulha,210001957216
c3293,g36252,ver24,Alexandre Ramos,Alexandre Silveira Ramos,13189,PT,Não eleito,97,1,41,69,0,Santo Antônio da Patrulha,210001957217
c3294,g38951,ver24,Edê,Edenilson dos Santos Costa,13000,PT,Não eleito,427,1,22,69,0,Santo Antônio da Patrulha,210001957218
c3295,g29560,ver24,Rose Cunha,Rosane de Fátima Alves da Cunha,13300,PT,Não eleito,23,1,63,69,0,Santo Antônio da Patrulha,210001957219
c3296,g3877,ver24,Bete da Farmácia,Elisabete Santos Goularte,13033,PT,Não eleito,36,1,60,69,0,Santo Antônio da Patrulha,210001957220
c3297,g35730,ver24,Nunes,Giocemar Nunes Santos Correa,13137,PT,Não eleito,16,1,65,69,0,Santo Antônio da Patrulha,210001957221
c3298,g5095,ver24,Andrei,Andrei Moraes Niekrachevicz,13013,PT,Não eleito,54,1,50,69,0,Santo Antônio da Patrulha,210001957222
c3299,g33983,ver24,Ane Ramos,Anelise dos Santos Ramos,13123,PT,Não eleito,444,1,21,69,0,Santo Antônio da Patrulha,210001957223
c3300,g46047,ver24,Carla Portal,Carla Jucineli Portal de Souza,13333,PT,Não eleito,39,1,56,69,0,Santo Antônio da Patrulha,210001957224
c3301,g50829,ver24,Alvair Machado   Vico,Alvair Machado,13555,PT,Suplente,326,1,47,124,0,Ijuí,210001958029
c3302,g12873,ver24,Professor Rudimar Scheren,Rudimar Schuster Scheren,13123,PT,Eleito,1192,1,9,124,0,Ijuí,210001958030
c3303,g34681,ver24,Fabiola,Fabiola da Silva Pinto,13253,PT,Suplente,52,1,94,124,0,Ijuí,210001958033
c3304,g44009,ver24,Gilson  Cardoso Lutador,Gilson Borges Cardoso,13743,PT,Suplente,65,1,85,124,0,Ijuí,210001958034
c3305,g14282,ver24,Lu Bohrer,Luciana Bertazzo Bohrer,13133,PT,Suplente,492,1,32,124,0,Ijuí,210001958035
c3306,g8177,ver24,Maozinha,Antonio Milton Ferreira da Luz,13125,PT,Suplente,113,1,70,124,0,Ijuí,210001958037
c3307,g8314,ver24,Bira,Ubirajara Machado Teixeira,13285,PT,Eleito,1476,1,3,124,0,Ijuí,210001958038
c3308,g39833,ver24,Tonha,Antonia de Fatima Gobbo,13120,PT,Suplente,480,1,34,124,0,Ijuí,210001958039
c3309,g11265,ver24,Debora Oliveira,Debora Vieira de Oliveira,13313,PT,Suplente,323,1,48,124,0,Ijuí,210001958040
c3310,g13742,ver24,Gilmar Silveira,Gilmar Rodrigues Silveira,13013,PT,Suplente,160,1,63,124,0,Ijuí,210001958041
c3311,g40146,ver24,Paulo Motorista,Paulo Gilberto Bodnar,13131,PT,Suplente,59,1,87,124,0,Ijuí,210001958042
c3312,g42944,ver24,Mauricio Baby,Mauricio dos Santos dos Santos,13333,PT,Suplente,79,1,80,124,0,Ijuí,210001958043
c3313,g50372,ver24,Pâmela da Rosa,Pamela Sabrina da Rosa Cruz,13100,PT,Suplente,54,1,91,124,0,Ijuí,210001958044
c3314,g36286,ver24,Renildo Tibe,Renildo do Nascimento Ferrando,13000,PT,Suplente,112,1,71,124,0,Ijuí,210001958045
c3315,g12616,ver24,Pastor Gildo,Gildo Luis Magalhaes,13130,PT,Suplente,50,1,98,124,0,Ijuí,210001958046
c3316,g45766,ver24,Luiza Meus,Luiza Andreia Meus dos Santos,13777,PT,Eleito,170,1,7,45,0,Manoel Viana,210001959937
c3317,g5559,ver24,Ronaldo Pizzi,Ronaldo Moraes Pizzi,13655,PT,Suplente,132,1,12,45,0,Manoel Viana,210001959939
c3318,g35297,ver24,Éden Caldas,Éden Ari Gomes Caldas,13456,PT,Suplente,90,1,20,45,0,Manoel Viana,210001959941
c3319,g41931,ver24,Vanessa Boneli,Vanessa Peres Boneli,13131,PT,Suplente,141,1,9,45,0,Manoel Viana,210001959942
c3320,g10774,ver24,Tonho Bilóia,Antonio Pereira Sarmento,13000,PT,Suplente,74,1,16,40,0,Tabaí,210001963613
c3321,g45181,ver24,Darci Gaiteiro,Darci Pereira da Silva,13123,PT,Eleito,93,1,14,40,0,Tabaí,210001963614
c3322,g43348,ver24,Vinicius Azevedo Martins,Vinicius de Azevedo Martins,13333,PT,Suplente,66,1,17,40,0,Tabaí,210001963615
c3323,g48364,ver24,Tina,Isabel Cristina dos Reis,13111,PT,Suplente,10,1,37,40,0,Tabaí,210001963616
c3324,g46437,ver24,Biano,Adriano Souza da Costa,13555,PT,Suplente,43,1,24,40,0,Tabaí,210001963617
c3325,g14804,ver24,Giovane,Giovane de Moura Lopes,13113,PT,Suplente,24,1,33,40,0,Tabaí,210001963618
c3326,g8077,ver24,Suzi Marcon,Suzana Rech Marcon,13444,PT,Suplente,50,1,23,40,0,Tabaí,210001963619
c3327,g1110,ver24,Érica Santori,Érica Vanessa Santori,13999,PT,Eleito,94,1,13,37,0,Vila Maria,210001964927
c3328,g37501,ver24,Biólogo Alex,Alex da Conceição,13444,PT,Suplente,57,1,20,37,0,Vila Maria,210001964928
c3329,g2225,ver24,Professor Moacir,Moacir Marconi,13588,PT,Suplente,16,1,33,37,0,Vila Maria,210001964929
c3330,g50950,ver24,Grasi Sciota,Grasiela Sciota Franceschi,13333,PT,Suplente,84,1,18,37,0,Vila Maria,210001964930
c3331,g13623,ver24,Diego Ficagna,Diego José Ficagna,13420,PT,Suplente,23,1,30,37,0,Vila Maria,210001964931
c3332,g34460,ver24,Roque Chiodelli,Roque Chiodelli,13555,PT,Suplente,30,1,26,37,0,Vila Maria,210001964932
c3333,g32547,ver24,Juliano,Juliano Hoffmann Filipetto,10110,REPUBLICANOS,Suplente,48,1,24,38,0,Campo Novo,210001965447
c3334,g14922,ver24,Diuri,Jurandir Goncalves dos Santos,10111,REPUBLICANOS,Suplente,126,1,10,38,0,Campo Novo,210001965452
c3335,g34439,ver24,Prego Motos,Homero Davila Neto,44007,UNIÃO,Não eleito,167,1,29,124,0,Quaraí,210001966813
c3336,g17151,ver24,Jorge Baldez,Jorge Alberto Neves Baldez,10666,REPUBLICANOS,Suplente,236,1,57,150,0,Cachoeira do Sul,210001967430
c3337,g13018,ver24,Pâmela Teixeira Mullich,Pâmela Carolina Teixeira Mullich,13111,PT,Eleito,192,1,8,22,0,Vitória das Missões,210001970201
c3338,g42036,ver24,Neiva Coleto,Neiva Coleto,13120,PT,Suplente,21,1,21,22,0,Vitória das Missões,210001970202
c3339,g28818,ver24,Cleci Bueno,Cleci de Fatima Pastoris Borchartt Bueno,13222,PT,Suplente,44,1,20,22,0,Vitória das Missões,210001970203
c3340,g33279,ver24,Edemar  Bueno,Edemar Domingues Bueno,13456,PT,Suplente,79,1,16,22,0,Vitória das Missões,210001970204
c3341,g760,ver24,Cezar Coleto,Cezar Coleto,13678,PT,Suplente,153,1,11,22,0,Vitória das Missões,210001970205
c3342,g38085,ver24,Adir Pretto,Adir Pretto da Silva,13655,PT,Eleito,864,1,12,105,0,Cruz Alta,210001970697
c3343,g38082,ver24,Priscila Sommer,Priscila Sommer de Oliveira,13302,PT,Suplente,22,1,91,105,0,Cruz Alta,210001970699
c3344,g48627,ver24,Márcio Barboza,Márcio Teixeira Barboza,13333,PT,Suplente,147,1,61,105,0,Cruz Alta,210001970700
c3345,g9278,ver24,Pedro Henrique,Pedro Henrique Pintos,13000,PT,Suplente,160,1,58,105,0,Cruz Alta,210001970701
c3346,g33692,ver24,Ana Paula,Ana Paula dos Santos Coelho,13513,PT,Suplente,237,1,48,105,0,Cruz Alta,210001970702
c3347,g20913,ver24,Ana Saugo,Ana Paula Saugo,13123,PT,Suplente,186,1,53,105,0,Cruz Alta,210001970703
c3348,g36114,ver24,Graciele Nicolodi,Graciele Nicolodi de Oliveira,13213,PT,Suplente,119,1,65,105,0,Cruz Alta,210001970706
c3349,g34756,ver24,Tio Niro,Oniro Roberto Ardenghi Machado,13630,PT,Suplente,21,1,22,31,0,Sagrada Família,210001971215
c3350,g21573,ver24,Beto,Joao Natalio Ribeiro de Oliveira,13333,PT,Suplente,101,1,10,31,0,Sagrada Família,210001971216
c3351,g47041,ver24,Marcia Previatti,Marcia Muller Previatti,13113,PT,Suplente,15,1,25,31,0,Sagrada Família,210001971217
c3352,g19634,ver24,Maurinho,Mauro Fernando Brizola,13313,PT,Eleito,147,1,2,31,0,Sagrada Família,210001971218
c3353,g7551,ver24,Alana Wilde,Alana Maiara Wilde Granke,13513,PT,Suplente,6,1,30,31,0,Sagrada Família,210001971219
c3354,g38714,ver24,Cléber Arruda,Cléber Silvano Grafetti de Arruda,13000,PT,Eleito,131,1,4,31,0,Sagrada Família,210001971220
c3355,g10199,ver24,Ester Lunkes,Ester Maria Lunkes,13688,PT,Suplente,77,1,23,27,0,Santo Cristo,210001972017
c3356,g4194,ver24,Marcio Weirich,Marcio Luis Weirich,13123,PT,Eleito,603,1,9,27,0,Santo Cristo,210001972018
c3357,g11030,ver24,Paulo Puhl,Paulo Jose Puhl,13644,PT,Suplente,138,1,18,27,0,Santo Cristo,210001972019
c3358,g16520,ver24,Anacleto L Dillmann,Anacleto Luis Dillmann,13213,PT,Suplente,43,1,26,27,0,Santo Cristo,210001972020
c3359,g831,ver24,Ines Maria Meinerz,Ines Maria Meinerz,13610,PT,Suplente,120,1,20,27,0,Santo Cristo,210001972021
c3360,g46772,ver24,Marcos Jose Feiden,Marcos Jose Feiden,13678,PT,Suplente,270,1,14,27,0,Santo Cristo,210001972022
c3361,g17428,ver24,Sicmar Stumm,Sicmar Luis Stumm,13456,PT,Eleito,621,1,8,27,0,Santo Cristo,210001972023
c3362,g34345,ver24,Rosmeri Maders,Rosmeri Maders,13234,PT,Suplente,125,1,19,27,0,Santo Cristo,210001972024
c3363,g1148,ver24,Eloir André Kuhsler,Eloir Andre Kuhsler,13613,PT,Suplente,247,1,15,27,0,Santo Cristo,210001972025
c3364,g46831,ver24,Zeca Seger,Jose Luis Seger,13120,PT,Eleito,829,1,3,27,0,Santo Cristo,210001972026
c3365,g35627,ver24,Rafaela  Tariga,Rafaela Teixeira Tariga,13133,PT,Suplente,40,1,22,27,0,Nova Roma do Sul,210001972037
c3366,g22870,ver24,Eliana Turchetto Zatti,Eliana Teresinha Turchetto Zatti,13333,PT,Suplente,17,1,26,27,0,Nova Roma do Sul,210001972038
c3367,g2228,ver24,Israel Forlin Tatin,Israel Forlin,13013,PT,Suplente,43,1,20,27,0,Nova Roma do Sul,210001972039
c3368,g41642,ver24,José Luiz Comin,José Luiz Comin,13413,PT,Eleito,133,1,9,27,0,Nova Roma do Sul,210001972040
c3369,g18996,ver24,Claudete  Pavanatto de  Souza,Claudete Teresinha Pavanatto de Souza,13123,PT,Suplente,110,1,13,27,0,Nova Roma do Sul,210001972041
c3370,g10887,ver24,Cleide Balerini de Bastiani,Cleide Balerini de Bastiani,13789,PT,Suplente,21,1,25,27,0,Nova Roma do Sul,210001972042
c3371,g12292,ver24,Loris Sosnoski,Loris Sosnoski,13450,PT,Eleito,156,1,5,27,0,Nova Roma do Sul,210001972043
c3372,g4109,ver24,Kiko Favero,Janirio José Favero,13001,PT,Suplente,94,1,14,27,0,Nova Roma do Sul,210001972044
c3373,g35580,ver24,Rosangela Maria Tieppo,Rosangela Maria Tieppo,13613,PT,Eleito,143,1,7,27,0,Nova Roma do Sul,210001972045
c3374,g27408,ver24,Juliano Magnaguagno,Juliano Magnaguagno,13513,PT,Suplente,53,1,19,27,0,Nova Roma do Sul,210001972046
c3375,g4838,ver24,Roselaine,Roselaine dos Santos Rodrigues,13888,PT,Suplente,13,1,29,33,0,Pinhal Grande,210001972423
c3376,g15037,ver24,Binão,Cleber Antônio Binotto,13555,PT,Suplente,157,1,9,33,0,Pinhal Grande,210001972424
c3377,g13845,ver24,Jonas Machado,Jonas Gomes Machado,13225,PT,Suplente,3,1,33,33,0,Pinhal Grande,210001972425
c3378,g3205,ver24,Gomes,Luiz Carlos Soares Gomes,13333,PT,Eleito,158,1,8,33,0,Pinhal Grande,210001972426
c3379,g11283,ver24,Leotte,Nilton César Leote de Souza,13111,PT,Suplente,48,1,19,33,0,Pinhal Grande,210001972427
c3380,g9696,ver24,Michelle,Michelle Daiane Pozzer Dalcin,13123,PT,Suplente,14,1,27,33,0,Pinhal Grande,210001972428
c3381,g18551,ver24,Eneida Patta Flain,Eneida Gizelda Patta Flain,13013,PT,Suplente,6,1,32,33,0,Pinhal Grande,210001972429
c3382,g16205,ver24,Vitalino dos Santos,Vitalino Rodrigues dos Santos,13444,PT,Suplente,8,1,31,33,0,Pinhal Grande,210001972430
c3383,g7130,ver24,Cabeça,Valdir Machado de Mello,13777,PT,Suplente,106,1,12,33,0,Pinhal Grande,210001972431
c3384,g21939,ver24,Elaine Garbin Zanchet,Elaine Regina Garbin Zanchet,13113,PT,Suplente,139,1,11,24,0,Paim Filho,210001973253
c3385,g46063,ver24,Alex Confortin,Alex Junior Confortin,13111,PT,Eleito,251,1,4,24,0,Paim Filho,210001973254
c3386,g34282,ver24,Nice,Leonilce Fatima Gelain Arsego,13222,PT,Eleito,278,1,2,24,0,Paim Filho,210001973255
c3387,g34469,ver24,Igor Conte,Igor Conte,13456,PT,Suplente,107,1,13,24,0,Paim Filho,210001973256
c3388,g19942,ver24,Iracema Cagnini Peruzzolo Cema,Iracema Lourdes Cagnini Peruzzolo,13555,PT,Suplente,81,1,16,24,0,Paim Filho,210001973257
c3389,g27641,ver24,Junior Vicenzi,Junior Paulo Vicenzi,13444,PT,Eleito,343,1,1,24,0,Paim Filho,210001973258
c3390,g22265,ver24,David Conte,David Conte,13000,PT,Eleito,249,1,5,24,0,Paim Filho,210001973259
c3391,g15069,ver24,Carine Baldin,Carine Baldin,13333,PT,Suplente,103,1,14,24,0,Paim Filho,210001973260
c3392,g17242,ver24,De Paula,Luiz Teles de Paula,13234,PT,Eleito,212,1,8,24,0,Paim Filho,210001973261
c3393,g36223,ver24,Oeliton Moraes,Oeliton Antunes Moraes,13123,PT,Suplente,84,1,15,24,0,Paim Filho,210001973262
c3394,g6362,ver24,Caio Sant Ana,Caio Teixeira Sant Ana,40555,PSB,Eleito,600,1,8,77,0,Imbé,210001973819
c3395,g18798,ver24,Tio Chico,Francisco de Paula da Silva e Silva,40713,PSB,Suplente,121,1,36,77,0,Imbé,210001973820
c3396,g17886,ver24,Nitinha,Anita Maria Ostwald Porto,13456,PT,Suplente,58,1,18,23,0,Dezesseis de Novembro,210001974004
c3397,g27287,ver24,Celso,Celso Ostwald,13890,PT,Suplente,126,1,7,23,0,Dezesseis de Novembro,210001974005
c3398,g28765,ver24,Roni Bolter,Roni Carlos Genz Bölter,13123,PT,Eleito,135,1,6,23,0,Dezesseis de Novembro,210001974006
c3399,g46150,ver24,Pedrinho Farencena,Pedro Senir Farencena,12680,PDT,Não eleito,252,1,15,76,0,Três Coroas,210001974243
c3400,g10802,ver24,Ariel Luz,Ariel Luiza Pereira Luz Mello,13300,PT,Não eleito,195,1,35,87,0,Igrejinha,210001974434
c3401,g19390,ver24,Professor Trombetta,Luis Carlos Trombetta,13555,PT,Não eleito,181,1,37,87,0,Igrejinha,210001974435
c3402,g3682,ver24,Luciano Scheffer,Luciano Scheffer,13808,PT,Não eleito,29,1,72,87,0,Igrejinha,210001974436
c3403,g51177,ver24,Baita,Nilso Joao de Oliveira,13013,PT,Não eleito,45,1,67,87,0,Igrejinha,210001974437
c3404,g18714,ver24,Profe Marisa,Marisa Barth,13650,PT,Não eleito,19,1,75,87,0,Igrejinha,210001974438
c3405,g50590,ver24,Lorisete Leão,Lorisete Maria de Leao,13456,PT,Não eleito,337,1,22,87,0,Igrejinha,210001974439
c3406,g47446,ver24,Diego Silva do Ginásio,Diego Silva da Silva,15999,MDB,Não eleito,228,1,18,95,0,Butiá,210001974571
c3407,g4467,ver24,Marcia Viegas,Marcia Roseli da Silva Viegas,15900,MDB,Suplente,3,1,86,91,0,Cerro Grande do Sul,210001975859
c3408,g11785,ver24,Leandro do Pt,Leandro Dutra Soares,13777,PT,Não eleito,21,1,74,110,0,Balneário Pinhal,210001977306
c3409,g44167,ver24,Cida Fagundes,Maria Aparecida Rodrigues Fagundes,13077,PT,Não eleito,14,1,84,110,0,Balneário Pinhal,210001977307
c3410,g43483,ver24,Renato Brandão,Juri Renato Borba Brandão,13700,PT,Não eleito,9,1,93,110,0,Balneário Pinhal,210001977309
c3411,g9236,ver24,Casinha Pescador,Regis Omar Sayão Ramires,13113,PT,Não eleito,10,1,90,110,0,Balneário Pinhal,210001977310
c3412,g15669,ver24,Miriam Corrêa,Miriam Beatriz Barbosa Corrêa,13013,PT,Não eleito,22,1,72,110,0,Balneário Pinhal,210001977311
c3413,g41708,ver24,Alessandra Rodrigues,Alessandra Rodrigues Freitas,13323,PT,Não eleito,6,1,96,110,0,Balneário Pinhal,210001977312
c3414,g44172,ver24,Rodrigo Michel,Rodrigo Rathye Michel,13070,PT,Não eleito,24,1,69,110,0,Balneário Pinhal,210001977313
c3415,g10946,ver24,Pompeo,João Martins Pereira Pompeo,13999,PT,Não eleito,13,1,85,110,0,Balneário Pinhal,210001977315
c3416,g25067,ver24,Gilmar Matos,Gilmar de Oliveira Matos,13374,PT,Suplente,43,1,101,117,0,Santa Rosa,210001977327
c3417,g13681,ver24,Mauri João Szareski,Mauri João Szareski,13608,PT,Suplente,44,1,100,117,0,Santa Rosa,210001977328
c3418,g10165,ver24,Rafael de Oliveira,Rafael de Oliveira,13333,PT,Suplente,590,1,23,117,0,Santa Rosa,210001977329
c3419,g5687,ver24,Elenir Brum,Elenir de Fátima de Bairros Brum,13123,PT,Suplente,388,1,35,117,0,Santa Rosa,210001977330
c3420,g18906,ver24,Luis Carlos Martins,Luis Carlos Martins,13130,PT,Eleito,674,1,19,117,0,Santa Rosa,210001977331
c3421,g37059,ver24,Gilmar Klug,Gilmar Klug,13131,PT,Suplente,48,1,98,117,0,Santa Rosa,210001977332
c3422,g18495,ver24,Professor Airton,Airton Rodrigues da Silva,13789,PT,Suplente,460,1,31,117,0,Santa Rosa,210001977333
c3423,g29504,ver24,Marcia Carvalho,Marcia Weschenfelder Carvalho,13555,PT,Suplente,546,1,26,117,0,Santa Rosa,210001977334
c3424,g7157,ver24,Ari Dresch e Coletivo,Ari Armin Dresch,65123,PC do B,Suplente,379,1,37,117,0,Santa Rosa,210001977335
c3425,g25813,ver24,Regis Bonmann,Regis Roberto Machado Bonmann,13192,PT,Eleito,1425,1,7,117,0,Santa Rosa,210001977338
c3426,g1990,ver24,Professor Rogerio,Rogerio dos Santos da Silva,13777,PT,Suplente,306,1,45,117,0,Santa Rosa,210001977339
c3427,g3748,ver24,Rosane de Almeida,Rosane Fritz de Almeida,13456,PT,Suplente,574,1,24,117,0,Santa Rosa,210001977340
c3428,g899,ver24,Nei Tissot,Sidnei Tissot Reich,13013,PT,Suplente,117,1,75,117,0,Santa Rosa,210001977341
c3429,g1675,ver24,Elisangela de Oliveira,Elisângela Maria dos Santos Oliveira,13330,PT,Suplente,433,1,33,117,0,Santa Rosa,210001977342
c3430,g49119,ver24,Bueno,Antonio Carlos Rosa Bueno,13620,PT,Suplente,462,1,17,84,0,Santiago,210001977619
c3431,g37185,ver24,Geanine Bolzan,Geanine Bolzan Cogo,13180,PT,Suplente,292,1,27,84,0,Santiago,210001977620
c3432,g34119,ver24,Agente Márcio Bitencourt,Marcio Reginaldo Bitencourt da Cruz,13300,PT,Suplente,102,1,50,84,0,Santiago,210001977621
c3433,g13320,ver24,Thadeu Silveira,Ramão Thadeu Santos Silveira,13190,PT,Suplente,43,1,67,84,0,Santiago,210001977622
c3434,g50408,ver24,Marina Bastos,Miguela Marina de Bastos Gonçalves,13510,PT,Suplente,157,1,40,84,0,Santiago,210001977623
c3435,g22952,ver24,Fernanda Machado,Fernanda de Lima Machado da Silva,13331,PT,Suplente,35,1,73,84,0,Santiago,210001977624
c3436,g15433,ver24,João Inácio,João Inácio Souza de Carvalho,13123,PT,Suplente,23,1,80,84,0,Santiago,210001977625
c3437,g16617,ver24,Tierle Canterle,Tierle Polga Canterle,13013,PT,Suplente,32,1,75,84,0,Santiago,210001977626
c3438,g8405,ver24,Jorge Gonçalves,Jorge Deoclécio Gonçalves da Rosa,13501,PT,Suplente,40,1,69,84,0,Santiago,210001977627
c3439,g22809,ver24,Odacir Perônio,Odacir Viviani Perônio,13610,PT,Suplente,127,1,47,84,0,Santiago,210001977628
c3440,g32525,ver24,Sestrem,Carlos Antonio Sestrem,13000,PT,Suplente,31,1,76,84,0,Santiago,210001977629
c3441,g19901,ver24,Iris Guedes,Iris Minéia da Silva Guedes,13009,PT,Suplente,16,1,83,84,0,Santiago,210001977630
c3442,g22020,ver24,Déio Crestani,Joel Antonio Crestani,13333,PT,Eleito,486,1,16,84,0,Santiago,210001977631
c3443,g32036,ver24,Valtair Pagé,Valtair Oliveira,13609,PT,Suplente,26,1,77,84,0,Santiago,210001977632
c3444,g47923,ver24,Algemiro Prefeito,Algemiro de Souza Martins,13456,PT,Suplente,39,1,27,38,0,Campo Novo,210001979937
c3445,g22843,ver24,Valquiria de Morais,Valquiria de Morais,13500,PT,Suplente,27,1,32,38,0,Campo Novo,210001979938
c3446,g1005,ver24,Gessi,Gessi Constantino Nunes,13123,PT,Eleito,124,1,11,38,0,Campo Novo,210001979939
c3447,g32034,ver24,Miltinho,Milton Moura de Souza,13567,PT,Suplente,89,1,17,38,0,Campo Novo,210001979940
c3448,g37293,ver24,Sueli,Sueli Low Lopes Copetti,13433,PT,Suplente,17,1,33,38,0,Campo Novo,210001979941
c3449,g8530,ver24,Meri,Dulce Meri dos Santos,13313,PT,Suplente,29,1,30,38,0,Campo Novo,210001979942
c3450,g46194,ver24,Joao Franco,Joao Franco Binde,13400,PT,Suplente,116,1,13,38,0,Campo Novo,210001979943
c3451,g50384,ver24,Antonio Oliveira Tonho,Antonio Carlos de Oliveira,13333,PT,Suplente,60,1,22,38,0,Campo Novo,210001979944
c3452,g41129,ver24,Joceli Neckel,Joceli da Silva Neckel,13555,PT,Suplente,28,1,31,38,0,Campo Novo,210001979945
c3453,g24440,ver24,André Ecke,Andre Ecke,13469,PT,Suplente,66,1,25,46,0,Sobradinho,210001982360
c3454,g14171,ver24,Fio,Iromenes Jesus de Oliveira,13013,PT,Suplente,39,1,31,46,0,Sobradinho,210001982361
c3455,g39874,ver24,Ângela,Angela Ana Dias,13123,PT,Suplente,29,1,36,46,0,Sobradinho,210001982362
c3456,g34472,ver24,Vedi,Avedir Gomes da Silva,13108,PT,Suplente,60,1,26,46,0,Sobradinho,210001982363
c3457,g42474,ver24,Luan da Vl,Luan Rauber,13059,PT,Suplente,58,1,28,46,0,Sobradinho,210001982364
c3458,g19629,ver24,Ení de Macedo,Ení Borges de Macedo,13555,PT,Suplente,71,1,24,46,0,Sobradinho,210001982365
c3459,g24363,ver24,Jonas Horbach,Jonas Horbach,13456,PT,Eleito,291,1,13,46,0,Sobradinho,210001982366
c3460,g41853,ver24,Lara,Lara Carlin Antonio,13777,PT,Suplente,32,1,35,46,0,Sobradinho,210001982367
c3461,g29783,ver24,Congo,Joao Vanderlei Geraldo,13111,PT,Suplente,93,1,21,46,0,Sobradinho,210001982368
c3462,g10192,ver24,Dileta,Dileta Roselaine do Nascimento,13520,PT,Suplente,34,1,33,46,0,Sobradinho,210001982369
c3463,g32044,ver24,Silvana Almeida,Silvana Aparecida da Silva Almeida,13333,PT,Suplente,12,1,28,33,0,São José dos Ausentes,210001983849
c3464,g2545,ver24,Marta da Silva,Marta da Silva,13227,PT,Suplente,24,1,25,33,0,São José dos Ausentes,210001983850
c3465,g40580,ver24,Lolo,Angelo Antônio Viola Neto,13777,PT,Eleito,97,1,13,33,0,São José dos Ausentes,210001983851
c3466,g48702,ver24,Cauan Constantino Boeira,Cauan Constantino Boeira,13622,PT,Eleito,296,1,1,33,0,São José dos Ausentes,210001983852
c3467,g23096,ver24,Juscemara Macedo,Maria Juscemara Velho de Macedo,13123,PT,Eleito,290,1,2,33,0,São José dos Ausentes,210001983853
c3468,g23273,ver24,Carlão,Carlos Pereira Carvalho,13111,PT,Suplente,55,1,18,33,0,São José dos Ausentes,210001983854
c3469,g33841,ver24,Lara Jaqueline Sparremberger,Lara Jaqueline Sparremberger Maschmann,13013,PT,Não eleito,50,1,20,29,0,Três Forquilhas,210001984260
c3470,g41494,ver24,Dani Flores,Daniela Gonçalves Flores,13500,PT,Não eleito,22,1,24,29,0,Três Forquilhas,210001984261
c3471,g9279,ver24,Allan Fernandes,Allan Fernandes de Souza,13000,PT,Não eleito,74,1,16,29,0,Três Forquilhas,210001984262
c3472,g26180,ver24,Valci Tietbohl,Valci Strasburg Tietbohl,13113,PT,Não eleito,13,1,27,29,0,Três Forquilhas,210001984263
c3473,g18178,ver24,Mateus Bresolin,Mateus Rickrot Bresolin,13321,PT,Não eleito,18,1,25,29,0,Três Forquilhas,210001984264
c3474,g21587,ver24,Professor Janilson,Janilson Meyer Neubert Savóis,13333,PT,Não eleito,56,1,19,29,0,Três Forquilhas,210001984265
c3475,g39794,ver24,Enezio Klippel,Enezio Mauer Klippel,13513,PT,Não eleito,5,1,28,29,0,Três Forquilhas,210001984266
c3476,g4935,ver24,Nutri Samanta Sparremberger,Samanta Sparremberger Desiderio,13777,PT,Não eleito,30,1,22,29,0,Três Forquilhas,210001984267
c3477,g30001,ver24,Leonardo Barbosa,Leonardo de Castilhos Barbosa,13666,PT,Não eleito,5,1,28,29,0,Três Forquilhas,210001984268
c3478,g36835,ver24,Mauro Lopes,Mauro Antonio Lopes da Costa,40040,PSB,Suplente,325,1,86,266,0,Rio Grande,210001985619
c3479,g51254,ver24,Eduardo Facio,Eduardo Facio de Oliveira,13789,PT,Suplente,79,1,93,157,0,Taquara,210001986942
c3480,g34077,ver24,Paulo Pedroso - Preto,Paulo Cesar Pedroso,13600,PT,Suplente,49,1,109,157,0,Taquara,210001986944
c3481,g7761,ver24,Pedrinho Teixeira,Pedro Alberto Teixeira,13013,PT,Suplente,101,1,76,157,0,Taquara,210001986945
c3482,g33060,ver24,Professor Amauri,Amauri Pereira da Rosa,13400,PT,Suplente,81,1,92,157,0,Taquara,210001986946
c3483,g46315,ver24,Gizele Gomes,Gizele Freund Gomes,13300,PT,Suplente,8,1,150,157,0,Taquara,210001986948
c3484,g23395,ver24,Mônica,Mônica Juliana Facio,13456,PT,Eleito,875,1,3,157,0,Taquara,210001986950
c3485,g193,ver24,Tuca do Morro da Cruz,Marcos Oscar de Lima Ramos,13813,PT,Suplente,41,1,115,157,0,Taquara,210001986951
c3486,g15779,ver24,Cristina Lopes,Cristina Lopes Chaves,13003,PT,Suplente,37,1,117,157,0,Taquara,210001986952
c3487,g1872,ver24,Eder Ribeiro,Ederson Toledo Ribeiro,13131,PT,Suplente,54,1,103,157,0,Taquara,210001986953
c3488,g532,ver24,Fernando Mecânico,Fernando Adelar Wathier,13113,PT,Não eleito,87,1,44,76,0,Três Coroas,210001988449
c3489,g36668,ver24,Thiago Tomazini,Thiago Daniel Tomazini,13123,PT,Não eleito,100,1,39,76,0,Três Coroas,210001988450
c3490,g29887,ver24,Gilberto Tibola,Gilberto Tibola,13131,PT,Não eleito,108,1,37,76,0,Três Coroas,210001988451
c3491,g12732,ver24,Professora Édina,Edina Rosangela Bithencourt,13060,PT,Não eleito,136,1,29,76,0,Três Coroas,210001988452
c3492,g26374,ver24,Professora Marciane,Marciane Schwarz,13000,PT,Não eleito,96,1,40,76,0,Três Coroas,210001988453
c3493,g26389,ver24,Caçapa,Adair Lourenço da Silva,13013,PT,Não eleito,25,1,65,76,0,Três Coroas,210001988454
c3494,g38975,ver24,Marina Bernardes,Marina Bernardes,13013,PT,Eleito,3062,1,2,217,0,Passo Fundo,210001990002
c3495,g28093,ver24,Eva Valéria Lorenzato,Eva Valeria Lorenzato,13123,PT,Eleito,2831,1,4,217,0,Passo Fundo,210001990003
c3496,g21154,ver24,Edivânia Rodrigues,Edivania Rodrigues da Silva,13456,PT,Suplente,483,1,66,217,0,Passo Fundo,210001990004
c3497,g45814,ver24,Professor Israel Kujawa,Israel Kujawa,13333,PT,Suplente,426,1,72,217,0,Passo Fundo,210001990005
c3498,g6787,ver24,Ronaldo Ras,Ronaldo Antonio da Silva,13713,PT,Suplente,37,1,192,217,0,Passo Fundo,210001990006
c3499,g25153,ver24,Adelar Aguiar,Adelar Silva de Aguiar,13021,PT,Suplente,475,1,67,217,0,Passo Fundo,210001990007
c3500,g38739,ver24,Catarina da Reciclagem,Catarina da Rosa,13633,PT,Suplente,151,1,116,217,0,Passo Fundo,210001990009
c3501,g3020,ver24,Fernando Dare,Fernando Dare,13555,PT,Suplente,229,1,101,217,0,Passo Fundo,210001990011
c3502,g30321,ver24,Nelson Goiano,Nelson Rodrigues da Silva,13777,PT,Suplente,364,1,81,217,0,Passo Fundo,210001990013
c3503,g43936,ver24,Barrerito Antunes,Tercio de Quadros Antunes,13111,PT,Suplente,49,1,183,217,0,Passo Fundo,210001990014
c3504,g4057,ver24,Bitter,Arivaldo Bohrer,13000,PT,Suplente,439,1,71,217,0,Passo Fundo,210001990015
c3505,g50727,ver24,Andrigo,Andrigo Veiga Mateus,13313,PT,Suplente,22,1,209,217,0,Passo Fundo,210001990018
c3506,g46692,ver24,Isamar Oliveira,Isamar Jose Oliveira da Silva,13444,PT,Suplente,732,1,50,217,0,Passo Fundo,210001990019
c3507,g17048,ver24,Eloisa Fraga,Eloisa Arlete Paraiba Fraga,13777,PT,Suplente,175,1,55,110,0,Canguçu,210001990880
c3508,g13248,ver24,Adilson Schuch,Adilson Oliveira Schuch,13690,PT,Eleito,892,1,6,110,0,Canguçu,210001990881
c3509,g8959,ver24,Rudinei Borges,Rudinei Borges de Borges,13123,PT,Suplente,408,1,29,110,0,Canguçu,210001990882
c3510,g16856,ver24,Jair Xavier,Jair Ribeiro Xavier,13500,PT,Suplente,343,1,33,110,0,Canguçu,210001990883
c3511,g23556,ver24,Maica Tainara,Maica Tainara Soares Ferreira,13130,PT,Eleito,998,1,3,110,0,Canguçu,210001990884
c3512,g42734,ver24,Vinicius Quintana,Vinicius Quintana Nunes,13013,PT,Suplente,188,1,53,110,0,Canguçu,210001990885
c3513,g38069,ver24,Iasmin Roloff,Iasmin Roloff Rutz,13222,PT,Suplente,824,1,10,110,0,Canguçu,210001990886
c3514,g14032,ver24,Mudo,Celcio Gross,13135,PT,Não eleito,16,1,31,35,0,Machadinho,210001991356
c3515,g27786,ver24,Sali Vanin,Sali Marita de Almeida Vanin,13130,PT,Não eleito,25,1,28,35,0,Machadinho,210001991357
c3516,g18421,ver24,Mara,Mara Gilse Bianchin Carpes,13333,PT,Não eleito,105,1,15,35,0,Machadinho,210001991358
c3517,g24146,ver24,Lucio Formaio,Lucio Teles da Luz,13456,PT,Não eleito,24,1,29,35,0,Machadinho,210001991359
c3518,g22039,ver24,Prof Fabian,Fabian Eduardo Debenedetti Carbajal,13000,PT,Suplente,248,1,21,70,0,Jaguarão,210001992076
c3519,g42683,ver24,Oberte Paiva,Oberte da Silva Paiva,13300,PT,Suplente,318,1,14,70,0,Jaguarão,210001992077
c3520,g24412,ver24,Wellington Cabaldi,Wellington Goncalves Cabaldi,13888,PT,Suplente,41,1,58,70,0,Jaguarão,210001992078
c3521,g22555,ver24,Cláudia Bertoche,Claudia Janet Bertoche Gonzalez,13138,PT,Suplente,101,1,40,70,0,Jaguarão,210001992079
c3522,g47380,ver24,Maria Fernanda,Maria Fernanda Passos das Neves,13313,PT,Eleito,528,1,5,70,0,Jaguarão,210001992080
c3523,g20366,ver24,Monica Protetora,Monica Pereira Lessa,13500,PT,Suplente,225,1,23,70,0,Jaguarão,210001992081
c3524,g10115,ver24,Eduardo da Saúde Kakão,Eduardo Pires Moraes,13456,PT,Suplente,354,1,13,70,0,Jaguarão,210001992082
c3525,g45533,ver24,Isabel,Isabel Cristina Espinosa Souza,13900,PT,Suplente,492,1,8,70,0,Jaguarão,210001992083
c3526,g9877,ver24,Lisandro Lenz,Lisandro da Silva Lenz,13013,PT,Eleito,533,1,4,70,0,Jaguarão,210001992084
c3527,g19405,ver24,Rodriguinho,Rodrigo Machado da Costa,13123,PT,Suplente,199,1,26,70,0,Jaguarão,210001992085
c3528,g47637,ver24,Elias Camargo,Elias Camargo,13300,PT,Eleito,405,1,1,36,0,Erval Seco,210001993286
c3529,g39638,ver24,Eloi Manfio,Eloi Paulo Montagner Manfio,13333,PT,Suplente,39,1,25,36,0,Erval Seco,210001993287
c3530,g37685,ver24,Erica Teixeira,Erica Marluza Bihain Teixeira,13111,PT,Suplente,36,1,29,36,0,Erval Seco,210001993288
c3531,g45214,ver24,Katiane Hining,Katiane Andreia Hining,13334,PT,Suplente,31,1,32,36,0,Erval Seco,210001993289
c3532,g50121,ver24,Adenilso Nunes,Adenilso Schobert Nunes,13155,PT,Suplente,209,1,9,36,0,Erval Seco,210001993290
c3533,g32364,ver24,Mano,Valderi Braitenbach,13123,PT,Eleito,283,1,3,36,0,Erval Seco,210001993291
c3534,g12707,ver24,Mauro Farias,Mauro Luis Farias,13000,PT,Eleito,274,1,4,36,0,Erval Seco,210001993292
c3535,g5280,ver24,Gordo Lima,Elton Luiz Costa de Lima,13025,PT,Suplente,137,1,16,36,0,Erval Seco,210001993293
c3536,g12539,ver24,Professora Rosana,Rosana Beatriz Manfio Pessotto,13655,PT,Eleito,270,1,6,36,0,Erval Seco,210001993294
c3537,g22899,ver24,Miguel Lemos,Miguel Gustavo Ramos Lemos,13456,PT,Suplente,156,1,13,36,0,Erval Seco,210001993295
c3538,g49313,ver24,Professor Xarão,Julio Cezar Lopes Xarão,13777,PT,Não eleito,10,1,134,145,0,Parobé,210001993419
c3539,g7201,ver24,Jair do Atelier (Bagestão),Jair Bagestão,13013,PT,Não eleito,0,0,143,145,199,Parobé,210001993421
c3540,g19305,ver24,Marcia Bones,Marcia Regina Santos Bones,13543,PT,Não eleito,449,1,23,145,0,Parobé,210001993422
c3541,g45805,ver24,Cirlei Gemelli,Cirlei Gemelli Miotto,13456,PT,Não eleito,136,1,55,145,0,Parobé,210001993423
c3542,g2388,ver24,Adair da Silva,Adair Jose da Silva,13555,PT,Não eleito,234,1,41,145,0,Parobé,210001993424
c3543,g937,ver24,Gilmar Uber,Gilmar Jose de Lima,13333,PT,Não eleito,24,1,110,145,0,Parobé,210001993425
c3544,g18780,ver24,Loivo Abigair - Loivo do Banco,Loivo Abigair da Silva,13813,PT,Não eleito,99,1,65,145,0,Parobé,210001993426
c3545,g51221,ver24,Maico Padilha Verdureiro,Maico da Silva Padilha,13100,PT,Não eleito,121,1,59,145,0,Parobé,210001993427
c3546,g31549,ver24,Claudete Rosa,Claudete Rosa de Oliveira,13789,PT,Não eleito,18,1,119,145,0,Parobé,210001993429
c3547,g28278,ver24,João Henckes - O Veio do Rio,Joao Alcido Henckes,13613,PT,Não eleito,30,1,104,145,0,Parobé,210001993430
c3548,g2492,ver24,Beto - Gilberto Oliveira,Gilberto Silva de Oliveira,13123,PT,Não eleito,85,1,72,145,0,Parobé,210001993431
c3549,g21788,ver24,Silvio da Conceito,Silvio Luis Cecilio da Silva,13687,PT,Não eleito,7,1,139,145,0,Parobé,210001993432
c3550,g36722,ver24,Neila Corrêa,Neila Teresinha Corrêa Alves,13502,PT,Não eleito,15,1,128,145,0,Parobé,210001993433
c3551,g33638,ver24,Roger Arambar,Roger dos Santos Gonçalves,13420,PT,Não eleito,3,1,60,61,0,Arambaré,210001993653
c3552,g5668,ver24,Walter André,Walter André Carvalho da Rocha,13500,PT,Não eleito,98,1,11,61,0,Arambaré,210001993654
c3553,g48662,ver24,Amanda Biguá,Amanda dos Santos Collioni Martins,13000,PT,Não eleito,5,1,58,61,0,Arambaré,210001993655
c3554,g16565,ver24,Luiz Duarte Teixeirinha,Luiz Alberto Nunes Duarte,13650,PT,Não eleito,6,1,57,61,0,Arambaré,210001993656
c3555,g19481,ver24,Felipe Moita,Carlos Felipe Lopes Rodrigues,13444,PT,Não eleito,9,1,53,61,0,Arambaré,210001993657
c3556,g33299,ver24,Jotape,João Paulo Ferreira Macedo,13113,PT,Não eleito,12,1,48,61,0,Arambaré,210001993658
c3557,g43567,ver24,Samanta Garcia,Samanta Garcia,13012,PT,Não eleito,36,1,26,61,0,Arambaré,210001993659
c3558,g26401,ver24,Selma Medeiros,Selma Medeiros Pagani,13644,PT,Não eleito,8,1,54,61,0,Arambaré,210001993660
c3559,g6241,ver24,Negão Ederaldo,Ederaldo Gonçalves Pereira,13013,PT,Não eleito,46,1,23,61,0,Arambaré,210001993661
c3560,g31833,ver24,Odônio Toco,Odônio Machado Garcia,13057,PT,Não eleito,22,1,34,61,0,Arambaré,210001993662
c3561,g2375,ver24,Beto Santos,Alberto dos Santos,13240,PT,Suplente,53,1,26,37,0,Faxinal do Soturno,210001994587
c3562,g38484,ver24,Giovani da Santo Antonio,Giovani dos Santos Garlet,13660,PT,Eleito,135,1,15,37,0,Faxinal do Soturno,210001994588
c3563,g26968,ver24,Professora Lisandra,Lisandra Locateli Pereira,13100,PT,Suplente,101,1,17,37,0,Faxinal do Soturno,210001994589
c3564,g10080,ver24,Vera Fagan,Vera Lucia da Rocha Fagan,13623,PT,Suplente,22,1,32,37,0,Faxinal do Soturno,210001994590
c3565,g42454,ver24,Adãozinho,Adão Furtado Cabreira Filho,13012,PT,Suplente,43,1,28,37,0,Faxinal do Soturno,210001994591
c3566,g38891,ver24,Tenente Santana,Jeberson Enio Arruda Santana,13193,PT,Suplente,67,1,23,37,0,Faxinal do Soturno,210001994592
c3567,g8406,ver24,Ivonete,Ivonete Neto Padilha Baratto,13013,PT,Suplente,18,1,33,37,0,Faxinal do Soturno,210001994593
c3568,g30555,ver24,Benetti,Valter Benetti,13333,PT,Suplente,85,1,18,37,0,Faxinal do Soturno,210001994594
c3569,g34842,ver24,Boessio,Edson Luis Kirsch Boessio,13130,PT,Suplente,13,1,35,37,0,Faxinal do Soturno,210001994595
c3570,g23504,ver24,Allana Esperdiao,Allana dos Santos Esperdiao,13133,PT,Suplente,23,1,31,37,0,Faxinal do Soturno,210001994596
c3571,g47338,ver24,Jorge Zimmer,Jorge Zimmer,13000,PT,Não eleito,567,1,2,37,0,Feliz,210001994609
c3572,g36436,ver24,Simone Henz Nunes,Simone Henz Nunes,13777,PT,Não eleito,66,1,32,37,0,Feliz,210001994610
c3573,g16806,ver24,Estela Balardin,Estela Balardin da Silva,13003,PT,Eleito,3821,1,8,340,0,Caxias do Sul,210001995872
c3574,g29179,ver24,Gabriel Schmitt Gabão,Gabriel Schmitt,13789,PT,Suplente,354,1,142,340,0,Caxias do Sul,210001995873
c3575,g46112,ver24,Cléo Araújo,Cleonice Felix de Araujo,13601,PT,Suplente,1681,1,36,340,0,Caxias do Sul,210001995874
c3576,g49307,ver24,Jorge Gilseu,Jorge Gilseu da Costa Silva,13223,PT,Suplente,493,1,108,340,0,Caxias do Sul,210001995875
c3577,g13645,ver24,Andrelise Sperb,Andrelise Gonçalves Sperb,13222,PT,Suplente,455,1,119,340,0,Caxias do Sul,210001995876
c3578,g2789,ver24,Alaor Barbosa,Alaor Correa Barbosa,13555,PT,Suplente,278,1,167,340,0,Caxias do Sul,210001995877
c3579,g16905,ver24,Valtair Moraes,Airton Valtair Oliz de Moraes,13654,PT,Suplente,184,1,208,340,0,Caxias do Sul,210001995878
c3580,g20483,ver24,Lucas Caregnato,Lucas Caregnato,13678,PT,Eleito,4213,1,5,340,0,Caxias do Sul,210001995879
c3581,g19466,ver24,Valmor Flores,Valmor Flores dos Santos,13610,PT,Suplente,406,1,127,340,0,Caxias do Sul,210001995880
c3582,g30176,ver24,Lucimar Carnizella,Lucimar Parisotto Carnizella,13001,PT,Suplente,392,1,131,340,0,Caxias do Sul,210001995881
c3583,g23646,ver24,Leticia Sarmento,Letícia Sarmento da Silva,13123,PT,Suplente,1718,1,34,340,0,Caxias do Sul,210001995882
c3584,g45786,ver24,Jacir Souza,Jacir Antonio Teles de Souza,13638,PT,Suplente,80,1,287,340,0,Caxias do Sul,210001995883
c3585,g10169,ver24,Clovis Barboza,Clovis Barboza,13117,PT,Suplente,258,1,176,340,0,Caxias do Sul,210001995884
c3586,g22370,ver24,Sane Fiuza,Vilma Jossane Fiuza Borges,13613,PT,Suplente,623,1,90,340,0,Caxias do Sul,210001995886
c3587,g38225,ver24,Jairo Bays,Jairo Roberto Bays,13000,PT,Suplente,456,1,118,340,0,Caxias do Sul,210001995888
c3588,g34837,ver24,Rose Frigeri,Roselaine Frigeri,13013,PT,Eleito,2329,1,21,340,0,Caxias do Sul,210001995890
c3589,g15057,ver24,Luciane Francisquetti,Luciane Francisquetti,13012,PT,Suplente,618,1,92,340,0,Caxias do Sul,210001995891
c3590,g23418,ver24,Marcos Abreu,Marcos Antonio Castilhos Abreu,13130,PT,Suplente,277,1,168,340,0,Caxias do Sul,210001995894
c3591,g5690,ver24,Marcos Regelin,Marcos Carlos Regelin,13444,PT,Suplente,1376,1,42,340,0,Caxias do Sul,210001995895
c3592,g40489,ver24,Dr João,João Modesto da Silva,13013,PT,Não eleito,86,1,20,30,0,São Miguel das Missões,210001996101
c3593,g40858,ver24,Duda Camera,Eduarda dos Santos Camera,13000,PT,Não eleito,61,1,21,30,0,São Miguel das Missões,210001996102
c3594,g20891,ver24,Vaneti Gringa,Vaneti Mara Capeletti da Silva,13123,PT,Não eleito,28,1,24,30,0,São Miguel das Missões,210001996103
c3595,g46562,ver24,Professor Chico,Francisco Fang,13456,PT,Não eleito,87,1,19,30,0,São Miguel das Missões,210001996104
c3596,g17451,ver24,Mauri Quaresma (Maninho),Mauri de Oliveira Quaresma,13435,PT,Não eleito,31,1,23,30,0,São Miguel das Missões,210001996105
c3597,g32173,ver24,Dagberto Reis,Dagberto Cezarino dos Reis,13123,PT,Eleito,896,1,8,149,0,Sant'Ana do Livramento,210001996802
c3598,g13562,ver24,Leandro Ferreira,Leandro Adilio Ferreira,13000,PT,Eleito,1121,1,6,149,0,Sant'Ana do Livramento,210001996803
c3599,g5389,ver24,Delmar da Rosa,Delmar da Rosa Rodrigues,13444,PT,Suplente,108,1,92,149,0,Sant'Ana do Livramento,210001996804
c3600,g5636,ver24,Luis Claudio Quevedo,Luis Claudio Nobre Quevedo,13120,PT,Suplente,253,1,63,149,0,Sant'Ana do Livramento,210001996806
c3601,g32252,ver24,Claudio Milan,Claudio Deniz Milan Ignacio,13888,PT,Suplente,649,1,18,149,0,Sant'Ana do Livramento,210001996807
c3602,g6583,ver24,Jeferson Carteiro,Jeferson Rocha da Costa,13131,PT,Suplente,238,1,65,149,0,Sant'Ana do Livramento,210001996808
c3603,g10877,ver24,Lidia Maciel,Lidia Elaine Maciel Gomes,13555,PT,Suplente,324,1,51,149,0,Sant'Ana do Livramento,210001996809
c3604,g35961,ver24,Professora Valuzia,Valuzia Lopes da Fonte,13221,PT,Suplente,268,1,60,149,0,Sant'Ana do Livramento,210001996810
c3605,g39667,ver24,Mary Souza,Marisete de Fatima Souza,13328,PT,Suplente,264,1,61,149,0,Sant'Ana do Livramento,210001996811
c3606,g15160,ver24,Graxa,Osmar de Lucca,13013,PT,Suplente,737,1,14,149,0,Sant'Ana do Livramento,210001996812
c3607,g37865,ver24,Itacir Soares,Luiz Itacir Soares,13313,PT,Suplente,354,1,47,149,0,Sant'Ana do Livramento,210001996813
c3608,g11300,ver24,Serginho da Santa Casa,Sergio Vicente da Silva,13285,PT,Suplente,256,1,62,149,0,Sant'Ana do Livramento,210001996814
c3609,g10291,ver24,Carlos Manes,Carlos Henrique Zani Manes,13666,PT,Suplente,42,1,122,149,0,Sant'Ana do Livramento,210001996815
c3610,g45427,ver24,Denise Toledo,Denise Maria Brites Toledo,13111,PT,Suplente,548,1,25,149,0,Sant'Ana do Livramento,210001996816
c3611,g37748,ver24,Juarez Massaque,Juarez Bitencourt Massaque,13190,PT,Suplente,198,1,71,149,0,Sant'Ana do Livramento,210001996817
c3612,g47068,ver24,Juliana Lemos,Juliana Lemos Prates,13235,PT,Eleito,859,1,10,149,0,Sant'Ana do Livramento,210001996818
c3613,g40043,ver24,Maria Helena Silva de Oliveira,Maria Helena Silva de Oliveira,22273,PL,Suplente,17,1,122,145,0,Parobé,210001998386
c3614,g48673,ver24,Alberto Heck,Alberto Joao Heck,13600,PT,Eleito,1295,1,8,193,0,Santa Cruz do Sul,210001998836
c3615,g41088,ver24,Ana Werlang,Ana Beatriz Coimbra Werlang,13222,PT,Suplente,47,1,171,193,0,Santa Cruz do Sul,210001998837
c3616,g9839,ver24,Pai Antônio,Antônio Rogerio de Souza,13777,PT,Suplente,275,1,83,193,0,Santa Cruz do Sul,210001998838
c3617,g8883,ver24,Professora Jaque,Jaqueline Ziemann,13213,PT,Suplente,39,1,175,193,0,Santa Cruz do Sul,210001998839
c3618,g10196,ver24,Arnildo Beier,Arnildo Armindo Beier,13013,PT,Suplente,69,1,159,193,0,Santa Cruz do Sul,210001998840
c3619,g37503,ver24,Claudio Baiano,Claudio Pereira Batista,13000,PT,Suplente,129,1,130,193,0,Santa Cruz do Sul,210001998841
c3620,g21837,ver24,Doralino Rosa,Doralino Silveira da Rosa,13789,PT,Suplente,356,1,64,193,0,Santa Cruz do Sul,210001998842
c3621,g22052,ver24,Frederico Silva,Frederico de Barros Silva,13713,PT,Suplente,995,1,17,193,0,Santa Cruz do Sul,210001998843
c3622,g45958,ver24,Nercio Kuhl,Nercio Kühl,13610,PT,Suplente,56,1,165,193,0,Santa Cruz do Sul,210001998844
c3623,g9935,ver24,Pablo Castagnino,Pablo Sperb Castagnino dos Santos,13100,PT,Suplente,158,1,116,193,0,Santa Cruz do Sul,210001998845
c3624,g22583,ver24,Carla Meurer,Carla Meurer,13113,PT,Suplente,87,1,152,193,0,Santa Cruz do Sul,210001998846
c3625,g7043,ver24,Orlando Junior,Orlando Brito de Campos Junior,13123,PT,Suplente,209,1,101,193,0,Santa Cruz do Sul,210001998847
c3626,g34711,ver24,Fernandão,Fernando Miguel Stolben,13500,PT,Suplente,141,1,123,193,0,Santa Cruz do Sul,210001998848
c3627,g16391,ver24,Carlos Juruena,Carlos Eduardo Juruena Grawunder,13131,PT,Suplente,164,1,113,193,0,Santa Cruz do Sul,210001998849
c3628,g42241,ver24,Julia de Souza,Julia Rejane de Souza,13527,PT,Suplente,131,1,127,193,0,Santa Cruz do Sul,210001998850
c3629,g50472,ver24,Lia Jost,Lia Luciana Jost,13333,PT,Suplente,804,1,25,193,0,Santa Cruz do Sul,210001998851
c3630,g4804,ver24,Manu Mantovani,Emanuele Mantovani,13300,PT,Suplente,455,1,43,193,0,Santa Cruz do Sul,210001998852
c3631,g16595,ver24,Paulo Lara,Paulo Rogerio de Lara,13456,PT,Suplente,257,1,87,193,0,Santa Cruz do Sul,210001998853
c3632,g44658,ver24,Negrinho,Luis Francisco Carvalho Vieira,12500,PDT,Suplente,63,1,38,76,0,Barra do Ribeiro,210001999106
c3633,g1336,ver24,Ana Denise Gorgen Strapasson,Ana Denise Gorgen Strapasson,13120,PT,Não eleito,294,1,17,56,0,Horizontina,210002001066
c3634,g6762,ver24,Ramos do Sindicato,Jorge Luis Ramos,13123,PT,Não eleito,437,1,7,56,0,Horizontina,210002001067
c3635,g38131,ver24,Valdir Halmann,Valdir  Delmar Halmann,13013,PT,Não eleito,104,1,32,56,0,Horizontina,210002001068
c3636,g43822,ver24,Dornelles,Darci Dornelles,13100,PT,Não eleito,79,1,38,56,0,Horizontina,210002001069
c3637,g4020,ver24,Jô,Josiane da Cruz Santos,13077,PT,Não eleito,90,1,35,56,0,Horizontina,210002001070
c3638,g27286,ver24,Ceni Souza Dalpra,Ceni Souza Dalpra,13456,PT,Suplente,149,1,9,18,0,Braga,210002001341
c3639,g37752,ver24,Genesio Bartolomeu Renz,Genesio Bartolomeu Renz,13789,PT,Eleito,154,1,8,18,0,Braga,210002001342
c3640,g30456,ver24,Alexandre Ott,Alexandre Marcelo Ott,11777,PP,Eleito,639,1,4,74,0,Três de Maio,210002001670
c3641,g43221,ver24,Professora Celita,Celita da Silva,13789,PT,Suplente,980,1,41,256,0,Santa Maria,210002002004
c3642,g23338,ver24,Ana Cristina Londe,Ana Cristina Londe Nogueira Aguirre,13777,PT,Suplente,667,1,61,256,0,Santa Maria,210002002005
c3643,g14510,ver24,Ricardo Fonseca,Ricardo Alves da Fonseca,13138,PT,Suplente,437,1,88,256,0,Santa Maria,210002002007
c3644,g16215,ver24,Ronaldo Paines,Ronaldo da Silva Paines,13513,PT,Suplente,346,1,97,256,0,Santa Maria,210002002009
c3645,g26070,ver24,Micheli Torrico,Micheli Hermes Torrico,13013,PT,Suplente,1309,1,33,256,0,Santa Maria,210002002011
c3646,g47428,ver24,Paulo Quadrado,Paulo Ronaldo da Silva Martins,13330,PT,Suplente,183,1,126,256,0,Santa Maria,210002002012
c3647,g30521,ver24,Angela Coletiva Antirracista,Angela Maria Souza de Lima,13113,PT,Suplente,1374,1,30,256,0,Santa Maria,210002002013
c3648,g5365,ver24,Antonio Soares Gd,Antonio Eduardo Rodrigues Soares,13123,PT,Suplente,108,1,161,256,0,Santa Maria,210002002014
c3649,g22545,ver24,Cassio Kaus,Cassio Lazzarotto Kaus,13011,PT,Suplente,355,1,96,256,0,Santa Maria,210002002015
c3650,g23335,ver24,Fabricio Vargas,Fabricio Santos Vargas,13000,PT,Suplente,1853,1,16,256,0,Santa Maria,210002002016
c3651,g48288,ver24,Helen Cabral,Helen Martins Cabral,13730,PT,Eleito,2555,1,9,256,0,Santa Maria,210002002017
c3652,g50968,ver24,Marina Callegaro,Marina Maria de Avila Callegaro,13015,PT,Eleito,2354,1,13,256,0,Santa Maria,210002002018
c3653,g17449,ver24,Renata Quartiero,Renata Quartiero,13180,PT,Suplente,1643,1,24,256,0,Santa Maria,210002002019
c3654,g49533,ver24,Professora Valeria Santos,Valeria Terezinha dos Santos,13307,PT,Suplente,248,1,115,256,0,Santa Maria,210002002020
c3655,g49535,ver24,Vilmar Galvão,Vilmar Teixeira Galvão,13640,PT,Suplente,473,1,84,256,0,Santa Maria,210002002021
c3656,g33923,ver24,Valdir Oliveira,Valdir Oliveira de Oliveira,13713,PT,Eleito,4036,1,2,256,0,Santa Maria,210002002022
c3657,g27445,ver24,Valeska Huffel,Valeska Maria Huffel,13643,PT,Suplente,186,1,125,256,0,Santa Maria,210002002023
c3658,g19478,ver24,Sidi,Sidinei Cardoso Pereira,13007,PT,Eleito,2892,1,8,256,0,Santa Maria,210002002024
c3659,g43580,ver24,Lurdez A Carteiro,Maria de Lurdez da Silva Rodrigues,13333,PT,Suplente,320,1,100,256,0,Santa Maria,210002002025
c3660,g50142,ver24,Andreia,Andreia Aparecida Gambim Mioto,13613,PT,Suplente,137,1,12,24,0,Ibiaçá,210002004460
c3661,g31884,ver24,Ari Roman,Ari Pasqual Roman,13113,PT,Suplente,102,1,13,24,0,Ibiaçá,210002004461
c3662,g44932,ver24,Alci,Alcir Stefani,13013,PT,Eleito,148,1,11,24,0,Ibiaçá,210002004462
c3663,g45161,ver24,Renata Maciel,Renata da Silva,13333,PT,Suplente,13,1,23,24,0,Ibiaçá,210002004463
c3664,g36638,ver24,Pro Lore,Loreni Sallette Pacheco Marsiglio,13123,PT,Suplente,24,1,22,24,0,Ibiaçá,210002004464
c3665,g47265,ver24,Luciane de Paula,Luciane de Paula,13000,PT,Suplente,8,1,30,38,0,Miraguaí,210002004596
c3666,g2110,ver24,Juliana,Juliana dos Santos,13136,PT,Suplente,21,1,27,38,0,Miraguaí,210002004597
c3667,g23161,ver24,Ivo Mello,Ivo Mello de Oliveira,13013,PT,Eleito,259,1,3,38,0,Miraguaí,210002004598
c3668,g49251,ver24,Baruio,Ademir Gilmar Valk,13123,PT,Suplente,246,1,6,38,0,Miraguaí,210002004599
c3669,g12343,ver24,Vandinho,Vanderlei Antonio Lunardi,13456,PT,Suplente,50,1,19,38,0,Miraguaí,210002004600
c3670,g28522,ver24,Fernanda Grassi,Fernanda Grassi Veloso,13456,PT,Não eleito,234,1,40,123,0,Capão da Canoa,210002005278
c3671,g12694,ver24,Júnior Rangel,Honorato Júnior Rangel Marins,13013,PT,Não eleito,15,1,109,123,0,Capão da Canoa,210002005279
c3672,g2564,ver24,Professor Jorginho,Jorge Luis da Silva Fernandes,13999,PT,Não eleito,35,1,96,123,0,Capão da Canoa,210002005280
c3673,g32309,ver24,Pedrão,Pedro Canisio Dullius,13560,PT,Não eleito,191,1,48,123,0,Capão da Canoa,210002005281
c3674,g35075,ver24,Meguy,Andressa Stéfani Scholze da Silva,13115,PT,Não eleito,17,1,107,123,0,Capão da Canoa,210002005283
c3675,g48296,ver24,Solange Antunes,Solange Silveira Antunes,13111,PT,Não eleito,15,1,109,123,0,Capão da Canoa,210002005284
c3676,g34239,ver24,Pexe,Diulei Pires,13333,PT,Não eleito,44,1,88,123,0,Capão da Canoa,210002005285
c3677,g4532,ver24,Prof Janete,Janete da Conceição Almeida Picoli,13113,PT,Não eleito,93,1,76,123,0,Capão da Canoa,210002005286
c3678,g50452,ver24,Tiago Dominguez,Tiago Dominguez Pacheco,13300,PT,Não eleito,606,1,14,123,0,Capão da Canoa,210002005288
c3679,g27411,ver24,Professor Vágner Bertoli,Vágner Bertoli de Souza,13123,PT,Não eleito,209,1,43,123,0,Capão da Canoa,210002005289
c3680,g45398,ver24,Nenê Sacks,João Devanir Sacks,13113,PT,Eleito,310,1,3,58,0,Paverama,210002005404
c3681,g8359,ver24,Marcia Kussler de Azevedo,Marcia Kussler de Azevedo,13456,PT,Suplente,40,1,32,58,0,Paverama,210002005407
c3682,g46344,ver24,Professor João Elídio,João Elídio Egewardt,13000,PT,Suplente,118,1,16,58,0,Paverama,210002005408
c3683,g49418,ver24,Ana do Loló,Ana Lúcia da Silva,13222,PT,Suplente,18,1,41,58,0,Paverama,210002005409
c3684,g8912,ver24,Cesar Luis,Cesar Luis de Oliveira,13130,PT,Não eleito,8,1,21,22,0,Pinhal,210002006546
c3685,g23639,ver24,Marilei,Marilei Beltramin,13655,PT,Não eleito,57,1,15,22,0,Pinhal,210002006547
c3686,g39468,ver24,Antonio Frighetto,Antonio Loureiro Frighetto,13613,PT,Não eleito,81,1,12,22,0,Pinhal,210002006548
c3687,g14246,ver24,Roberto Leitão,Roberto Rodrigo Eismann,12190,PDT,Eleito,1000,1,4,67,0,Portão,210002008121
c3688,g2168,ver24,Valquiria Stell,Valquiria Reinstein Stell,13600,PT,Suplente,44,1,57,82,0,Caçapava do Sul,210002008243
c3689,g42953,ver24,Cristian Dorneles,Cristian Allan Dorneles Marques de Vargas,13885,PT,Suplente,8,1,81,82,0,Caçapava do Sul,210002008244
c3690,g32766,ver24,Emiliana Batista,Emiliana de Jesus Rodrigues Batista,13113,PT,Suplente,14,1,77,82,0,Caçapava do Sul,210002008245
c3691,g31266,ver24,Terezinha Melo,Terezinha Nunes de Melo,13333,PT,Suplente,18,1,72,82,0,Caçapava do Sul,210002008246
c3692,g34488,ver24,André Ferreira de Souza,André Ferreira de Souza,13522,PT,Suplente,12,1,78,82,0,Caçapava do Sul,210002008247
c3693,g5170,ver24,Giordano Borba,Giordano Borba de Freitas,13070,PT,Eleito,694,1,5,82,0,Caçapava do Sul,210002008248
c3694,g9415,ver24,Batista Ferreira,Batista Sezerino Oliveira Ferreira,13013,PT,Suplente,29,1,60,82,0,Caçapava do Sul,210002008249
c3695,g19798,ver24,Ricardo do Uber,Oilson Ricardo Gomes Alvares,13130,PT,Suplente,25,1,65,82,0,Caçapava do Sul,210002008251
c3696,g47924,ver24,Alderi Rampanelli,Alderi Rampanelli,13333,PT,Eleito,168,1,4,11,0,Benjamin Constant do Sul,210002012501
c3697,g37541,ver24,Gezen,Gezen Garcia,13555,PT,Eleito,166,1,5,11,0,Benjamin Constant do Sul,210002012502
c3698,g3043,ver24,Leomar Toniolli Coelho,Leomar Toniolli,13777,PT,Eleito,128,1,7,11,0,Benjamin Constant do Sul,210002012503
c3699,g3767,ver24,Rose Magrini,Rosemilda Magrini,13000,PT,Suplente,105,1,10,11,0,Benjamin Constant do Sul,210002012504
c3700,g11712,ver24,Ivone Salete de Andrade,Ivone Salete de Andrade,13444,PT,Eleito,148,1,6,11,0,Benjamin Constant do Sul,210002012505
c3701,g31468,ver24,Zaltron -Chico,Jose Antonio Mezeck Zaltron,13713,PT,Suplente,191,1,35,104,0,Rosário do Sul,210002013888
c3702,g50287,ver24,Claudio Leal,Claudio Leal Trindade,13550,PT,Suplente,21,1,84,104,0,Rosário do Sul,210002013889
c3703,g11939,ver24,Luzia Viana,Luzia Celeste Ochoa Viana,13333,PT,Suplente,176,1,41,104,0,Rosário do Sul,210002013890
c3704,g43244,ver24,Michele Ferrão,Michele Machado Ferrão,13313,PT,Suplente,177,1,40,104,0,Rosário do Sul,210002013891
c3705,g30491,ver24,Cristiano Alba,Miguel Cristiano da Silva Alba,13999,PT,Suplente,123,1,46,104,0,Rosário do Sul,210002013892
c3706,g38885,ver24,Levi Flores,Levi Alexandre Flores,13555,PT,Suplente,107,1,52,104,0,Rosário do Sul,210002013893
c3707,g27281,ver24,Atheros Cides,Atheros Cides dos Santos,13007,PT,Eleito,497,1,12,104,0,Rosário do Sul,210002013894
c3708,g47195,ver24,Bianca Pintto,Bianca da Silva Pinto,13028,PT,Suplente,96,1,57,104,0,Rosário do Sul,210002013896
c3709,g37140,ver24,Dirce Martins,Dirce dos Santos Martins,13013,PT,Suplente,25,1,82,104,0,Rosário do Sul,210002013897
c3710,g20677,ver24,Agripino Trindade,Agripino da Rosa Trindade,13654,PT,Suplente,38,1,78,104,0,Rosário do Sul,210002013899
c3711,g31486,ver24,Elisandro Martins Gonçalves,Elisandro Martins Gonçalves,13123,PT,Suplente,50,1,74,104,0,Rosário do Sul,210002013900
c3712,g13122,ver24,Zelia Muller,Zélia Muller de Lima,13737,PT,Suplente,20,1,87,104,0,Rosário do Sul,210002013901
c3713,g48228,ver24,Elismar Feio,Elismar Rodrigues de Lima,13133,PT,Não eleito,26,1,29,36,0,Mata,210002014611
c3714,g3985,ver24,Prof Lesi,Lesiane Deprá Magrini,13123,PT,Não eleito,29,1,27,36,0,Mata,210002014612
c3715,g34337,ver24,Odete Mack,Odete Mack Reis,13000,PT,Não eleito,23,1,30,36,0,Mata,210002014613
c3716,g42422,ver24,Geraldo,Geraldo Coelho,13234,PT,Não eleito,4,1,36,36,0,Mata,210002014614
c3717,g8697,ver24,Prof Ivo,Ivo Antonio Hohemberger,13013,PT,Não eleito,89,1,14,36,0,Mata,210002014615
c3718,g17045,ver24,Maria Cleni Colares,Maria Cleni Colares,13123,PT,Não eleito,14,1,52,53,0,Dom Feliciano,210002016453
c3719,g47115,ver24,Roberto Pszigodinski,Roberto Pszigodinski,13456,PT,Não eleito,69,1,35,53,0,Dom Feliciano,210002016454
c3720,g34369,ver24,Regis Gornicki,Regis Luiz Gornicki,13113,PT,Não eleito,142,1,24,53,0,Dom Feliciano,210002016455
c3721,g33390,ver24,Giovanildo Lopes da Costa,Giovanildo Lopes da Costa,13500,PT,Não eleito,80,1,33,53,0,Dom Feliciano,210002016456
c3722,g4867,ver24,Raimundo Biedzicki,Raimundo Brys Biedzicki,13600,PT,Não eleito,52,1,38,53,0,Dom Feliciano,210002016457
c3723,g32533,ver24,Rita Rembowski,Rita de Cássia Rembowski,13111,PT,Não eleito,114,1,31,53,0,Dom Feliciano,210002016458
c3724,g50019,ver24,Vera,Vera Lucia Fyszer Kucharski,13013,PT,Não eleito,28,1,48,53,0,Dom Feliciano,210002016459
c3725,g17967,ver24,Clair Binkowski Kuczysnki,Clair Binkowski Kuczynski,13333,PT,Não eleito,143,1,23,53,0,Dom Feliciano,210002016460
c3726,g11164,ver24,Claimar,Claimar Domingos Kohl,13102,PT,Não eleito,52,1,20,26,0,Westfalia,210002016898
c3727,g38317,ver24,Gerson da Ambulancia,Gerson Luis Silva Rojas,13333,PT,Não eleito,33,1,22,26,0,Westfalia,210002016899
c3728,g15397,ver24,Rejane,Rejane Ahlert Eggers,13123,PT,Não eleito,85,1,15,26,0,Westfalia,210002016900
c3729,g28314,ver24,Valeria Vargas,Valeria de Azevedo Vargas,13313,PT,Eleito,285,1,1,40,0,Tabaí,210002017885
c3730,g38548,ver24,Elisete,Elisete Pereira dos Santos,13777,PT,Suplente,11,1,35,40,0,Tabaí,210002017886
c3731,g46924,ver24,Jorginho Sagreira,Jorge Roberto Nunes Sagreira,13333,PT,Suplente,6,1,44,55,0,Aceguá,210002017908
c3732,g2029,ver24,Jocemar Casagrande,Jocemar Casagrande,13000,PT,Eleito,129,1,6,55,0,Aceguá,210002017909
c3733,g32079,ver24,Xicá,Dagoberto Freitas de Oliveira,13349,PT,Suplente,25,1,35,55,0,Aceguá,210002017910
c3734,g1781,ver24,Paulinho do Pt,Paulo Henrique Ferreira Rodrigues,13013,PT,Suplente,91,1,11,55,0,Aceguá,210002017911
c3735,g43226,ver24,Tereza,Tereza Marly Machado dos Santos,13113,PT,Suplente,4,1,48,55,0,Aceguá,210002017912
c3736,g43375,ver24,Tânia Mara,Tânia Mara Rodrigues Ferreira,13521,PT,Suplente,2,1,53,55,0,Aceguá,210002017913
c3737,g39576,ver24,Ju,Juceli Marisete Strapasson,13133,PT,Suplente,70,1,12,15,0,Itatiba do Sul,210002019698
c3738,g7084,ver24,Rola,Loreci Salete do Rosário da Silva,13127,PT,Suplente,22,1,14,15,0,Itatiba do Sul,210002019699
c3739,g11463,ver24,Elisa Stringhini,Elisa Salete Stringhini,13333,PT,Eleito,356,1,2,15,0,Itatiba do Sul,210002019700
c3740,g19875,ver24,Zuchi da Saúde,Adilson Volmir Zuchi,13444,PT,Eleito,393,1,1,15,0,Itatiba do Sul,210002019701
c3741,g17976,ver24,Rafaela Moroni Bald,Rafaela Moroni Bald,13456,PT,Eleito,267,1,5,15,0,Itatiba do Sul,210002019702
c3742,g37292,ver24,Claudio Kessler,Claudio Kessler,13111,PT,Eleito,81,1,11,15,0,Itatiba do Sul,210002019703
c3743,g17740,ver24,Tomalok,Odenir Tomalok,13113,PT,Eleito,271,1,4,15,0,Itatiba do Sul,210002019704
c3744,g50182,ver24,Paulina Dias,Paulina de Lourdes da Silva Dias,13413,PT,Eleito,300,1,3,15,0,Itatiba do Sul,210002019705
c3745,g28195,ver24,Volmir Toniolo,Volmir Toniollo,13640,PT,Eleito,220,1,6,15,0,Itatiba do Sul,210002019706
c3746,g6104,ver24,Emilio Neto,Emilio Millan Neto,13613,PT,Eleito,1946,1,16,328,0,Canoas,210002020004
c3747,g12025,ver24,Vani Piovesan,Vanir Teresinha dos Santos Piovesan,13114,PT,Suplente,1064,1,40,328,0,Canoas,210002020007
c3748,g5344,ver24,Flavio Paim,Flavio Ricardo Paim,13131,PT,Suplente,410,1,98,328,0,Canoas,210002020008
c3749,g18506,ver24,Rosa Marcella,Rosangela Marcela Lima da Silva,13170,PT,Suplente,461,1,89,328,0,Canoas,210002020009
c3750,g39014,ver24,Gabriel Constantino,Gabriel Gomes Constantino,13123,PT,Eleito,1129,1,37,328,0,Canoas,210002020010
c3751,g50656,ver24,Vitor Labes,Vitor Hedlund Labes,13500,PT,Suplente,1125,1,38,328,0,Canoas,210002020011
c3752,g1243,ver24,Gisele Vidal,Gisele Vidal de Albuquerque,13113,PT,Suplente,806,1,58,328,0,Canoas,210002020012
c3753,g21915,ver24,Nelsinho Metalúrgico,Nelson Luiz da Silva,13630,PT,Suplente,837,1,55,328,0,Canoas,210002020014
c3754,g48080,ver24,Marcelo Nunes,Marcelo de Oliveira Nunes,13000,PT,Suplente,398,1,103,328,0,Canoas,210002020016
c3755,g12556,ver24,Elise Vargas,Elise dos Santos Vargas,13513,PT,Suplente,262,1,133,328,0,Canoas,210002020018
c3756,g49660,ver24,Agata Mostardeiro,Agata Vieira Mostardeiro,13070,PT,Suplente,1106,1,39,328,0,Canoas,210002020019
c3757,g6387,ver24,Maicon Prado,Maicon Prado da Cruz,13013,PT,Suplente,971,1,49,328,0,Canoas,210002020021
c3758,g7684,ver24,Laudinir Porão,Laudinir Hanauer,15400,MDB,Eleito,284,1,2,17,0,São Pedro da Serra,210002020029
c3759,g51350,ver24,Jane,Jane Rosita Schulz Golambieski,13333,PT,Suplente,94,1,28,76,0,Barra do Ribeiro,210002020137
c3760,g4739,ver24,Prof Pedro Rocha,Jose Pedro Souza Rocha,13513,PT,Suplente,67,1,37,76,0,Barra do Ribeiro,210002020138
c3761,g26906,ver24,Marcão Conservas,Marco Antonio de Antoni Hubner,13001,PT,Suplente,6,1,74,76,0,Barra do Ribeiro,210002020139
c3762,g6052,ver24,Lucinha,Maria Lucia Mattos Izabel,13005,PT,Suplente,89,1,30,76,0,Barra do Ribeiro,210002020140
c3763,g41780,ver24,Samuel,Samuel Santos Silveira,13111,PT,Suplente,39,1,51,76,0,Barra do Ribeiro,210002020141
c3764,g23221,ver24,Rui Cesar Careca,Rui Cesar Andriotti,13123,PT,Suplente,29,1,58,76,0,Barra do Ribeiro,210002020142
c3765,g30492,ver24,Cacique Santiago,Santiago Franco,13131,PT,Suplente,51,1,43,76,0,Barra do Ribeiro,210002020143
c3766,g7400,ver24,Karine Gomes,Karine Gomes dos Santos,13013,PT,Suplente,22,1,63,76,0,Barra do Ribeiro,210002020144
c3767,g10617,ver24,Miguel,Miguel Amaral de Souza,13000,PT,Suplente,134,1,24,76,0,Barra do Ribeiro,210002020145
c3768,g19362,ver24,Andréa Carteira,Andrea de Oliveira Ribeiro,13222,PT,Eleito,181,1,15,76,0,Barra do Ribeiro,210002020146
c3769,g31300,ver24,Jaqueline Oliveira,Jaqueline Oliveira Lopes,13000,PT,Suplente,72,1,51,105,0,Capão do Leão,210002020383
c3770,g48123,ver24,João Luiz Caburé,João Luiz Gonçalves de Gonçalves,13555,PT,Suplente,36,1,76,105,0,Capão do Leão,210002020384
c3771,g47262,ver24,Tarrã,Hilton Fernando Vasconcelos Aires,13500,PT,Suplente,17,1,92,105,0,Capão do Leão,210002020385
c3772,g27280,ver24,Adilson da Farmácia,Adilson Gomes Tavares,13456,PT,Suplente,73,1,50,105,0,Capão do Leão,210002020386
c3773,g4786,ver24,Marciele Talavitz,Marciele Talavitz Zanusso,13123,PT,Suplente,83,1,46,105,0,Capão do Leão,210002020387
c3774,g7421,ver24,Wolke Rodrigues,Wolke Luiz Aliandro Rodrigues,13131,PT,Suplente,172,1,27,105,0,Capão do Leão,210002020388
c3775,g22461,ver24,Renato Póvoa,Renato Pires Povoa,13333,PT,Eleito,501,1,3,105,0,Capão do Leão,210002020389
c3776,g4523,ver24,Sandra Soares,Sandra Soares Pereira,13631,PT,Suplente,9,1,103,105,0,Capão do Leão,210002020390
c3777,g33218,ver24,Nego Bicca,Helio Zanoni Peres Bicca,13013,PT,Suplente,100,1,41,105,0,Capão do Leão,210002020392
c3778,g8164,ver24,Paulo Rosa,Paulo Renato Nunes da Rosa,13051,PT,Suplente,41,1,71,105,0,Capão do Leão,210002020393
c3779,g27468,ver24,Prof Gil,Gilciane Saes Baldassari,13613,PT,Eleito,598,1,2,105,0,Capão do Leão,210002020394
c3780,g20603,ver24,Zana,Elisiane Moreira Scherer,13013,PT,Suplente,41,1,15,19,0,Lajeado do Bugre,210002020820
c3781,g36164,ver24,Clodo,Clodori Prestes da Silva,13112,PT,Eleito,133,1,5,19,0,Lajeado do Bugre,210002020821
c3782,g44469,ver24,Juliana,Juvina Camargo Duarte,13413,PT,Suplente,96,1,10,19,0,Lajeado do Bugre,210002020822
c3783,g17038,ver24,Hortêncio do Amaral,Hortêncio Francisco Mendes do Amaral,40444,PSB,Suplente,145,1,79,153,0,Farroupilha,210002021264
c3784,g46664,ver24,Lorcindo,Lorcindo Alves Pereira,13131,PT,Não eleito,5,1,34,35,0,Machadinho,210002021288
c3785,g17776,ver24,Elza Danieleski,Elza Rodrigues Danieleski,13222,PT,Não eleito,28,1,26,35,0,Machadinho,210002021289
c3786,g22158,ver24,Ildo Gauger,Ildo Gauger,40111,PSB,Não eleito,56,1,82,110,0,Canguçu,210002021596
c3787,g24852,ver24,Choco,Rodrigo de Quadros da Costa,12222,PDT,Suplente,696,1,48,290,0,Viamão,210002021684
c3788,g29206,ver24,Antonio Kieling,Antonio Hilario Kieling,13456,PT,Suplente,127,1,14,21,0,Caibaté,210002022021
c3789,g15973,ver24,Neusa Marx,Neusa Maria Marx,13123,PT,Eleito,409,1,1,21,0,Caibaté,210002022022
c3790,g33361,ver24,Angelita,Angelita Ana Samojeden Ziger,13789,PT,Suplente,111,1,9,20,0,Centenário,210002023778
c3791,g46323,ver24,Adelcio,Adelcio Jose Ziger,13666,PT,Eleito,150,1,6,20,0,Centenário,210002023779
c3792,g41426,ver24,Xuxa,Jandir Jose Piotrovski,13456,PT,Suplente,82,1,12,20,0,Centenário,210002023780
c3793,g24841,ver24,Prila,João Pedro Prilla,13613,PT,Eleito,153,1,5,20,0,Centenário,210002023781
c3794,g28377,ver24,Wiliam,William Cesar Kaminski,13123,PT,Eleito,126,1,8,20,0,Centenário,210002023782
c3795,g41441,ver24,Kubiak,Rovanir Kubiak,13480,PT,Suplente,81,1,13,20,0,Centenário,210002023783
c3796,g16466,ver24,Capivara,Alceu Marcelo Katafesta,13913,PT,Eleito,184,1,3,20,0,Centenário,210002023784
c3797,g28641,ver24,Kolassa,Hilario Jose Kolassa,13962,PT,Suplente,103,1,10,20,0,Centenário,210002023785
c3798,g22539,ver24,Dorli,Dorli Ostrowski,13013,PT,Suplente,21,1,19,20,0,Centenário,210002023786
c3799,g29911,ver24,Ivone,Ivone Rosalia Orcewala,13113,PT,Suplente,17,1,20,20,0,Centenário,210002023787
c3800,g32811,ver24,Zé Baiano,José Simão Machado de Oliveira,10333,REPUBLICANOS,Não eleito,0,0,87,87,5,Riozinho,210002023829
c3801,g20822,ver24,Áurea Telles,Auria Dalva Telles Pimentel,23123,CIDADANIA,Suplente,24,1,18,20,0,São Jorge,210002024374
c3802,g3594,ver24,Francisco,Francisco de Carvalho,23555,CIDADANIA,Eleito,147,1,8,20,0,São Jorge,210002024375
c3803,g30363,ver24,Paulinho do Gás,Paulo Roberto Rischter,13000,PT,Não eleito,176,1,2,87,0,Riozinho,210002024558
c3804,g40554,ver24,Roni Marcos   Preto,Roni Marcos,13013,PT,Não eleito,30,1,42,87,0,Riozinho,210002024559
c3805,g45864,ver24,Cacique Felipe,Felipe Oscar Brizoela,13456,PT,Não eleito,21,1,49,87,0,Riozinho,210002024560
c3806,g594,ver24,Irineu dos Passos,Irineu Miguel dos Passos,13655,PT,Não eleito,17,1,52,87,0,Riozinho,210002024561
c3807,g43079,ver24,Eva Ferreira,Eva Maria Ferreira,13123,PT,Não eleito,7,1,74,87,0,Riozinho,210002024562
c3808,g20527,ver24,Carla Andresa,Carla Andresa da Silva,13900,PT,Não eleito,9,1,68,87,0,Riozinho,210002024563
c3809,g34253,ver24,Denise de Souza,Denise Rodrigues de Souza,11222,PP,Eleito,196,1,7,22,0,Vitória das Missões,210002024673
c3810,g19745,ver24,Breno Roll,Breno Dalilo Roll,13105,PT,Suplente,18,1,35,49,0,Cerrito,210002024767
c3811,g37230,ver24,Dona Lúcia,Lúcia Batista de Almeida,13113,PT,Suplente,16,1,39,49,0,Cerrito,210002024768
c3812,g44483,ver24,Professor Madeira,Claudemir Pereira Madeira,13333,PT,Suplente,72,1,18,49,0,Cerrito,210002024769
c3813,g39778,ver24,Cairo,Cairo Garcia Corrêa,13456,PT,Suplente,41,1,26,49,0,Cerrito,210002024770
c3814,g40091,ver24,Nico,Marcos Madeira Novo,13013,PT,Suplente,4,1,48,49,0,Cerrito,210002024771
c3815,g17457,ver24,Loiva,Loivaci Lima Garcia,13123,PT,Suplente,10,1,43,49,0,Cerrito,210002024772
c3816,g11748,ver24,Adriano Lackman,Marcos Adriano Lackman Gonçalves,13555,PT,Eleito,116,1,15,49,0,Cerrito,210002024773
c3817,g30024,ver24,Professor Adriano,Adriano da Fonseca Rosa,13000,PT,Suplente,34,1,31,49,0,Cerrito,210002024774
c3818,g40708,ver24,Vinícius Gonçalves,Vinícius dos Santos Gonçalves,13133,PT,Suplente,19,1,33,49,0,Cerrito,210002024775
c3819,g9697,ver24,Priscila Pagliani,Priscila Machado Pagliani Gomes,13313,PT,Suplente,69,1,19,49,0,Cerrito,210002024776
c3820,g36180,ver24,Ika,Geneci Ribeiro,12000,PDT,Não eleito,1,1,85,87,0,Riozinho,210002024818
c3821,g10572,ver24,Lorena Otto,Lorena de Fátima Otto,11333,PP,Não eleito,8,1,69,87,0,Riozinho,210002025442
c3822,g12404,ver24,Vilmar Nico,Vilmar Martins Monteiro,20190,PODE,Eleito,733,1,2,77,0,Imbé,210002026678
c3823,g44164,ver24,Fagner Guiner,Fagner Braga Goulart,20000,PODE,Eleito,534,1,10,77,0,Imbé,210002026682
c3824,g42027,ver24,Giovani Pereira,Giovani Pereira de Souza,45000,PSDB,Suplente,618,1,7,77,0,Imbé,210002027298
c3825,g39780,ver24,Clairton Alves,Clairton Aurélio Alves,45789,PSDB,Suplente,236,1,19,77,0,Imbé,210002027299
c3826,g12306,ver24,Thaty Cardoso,Sandra Tatiane Cardoso Guerra,13456,PT,Suplente,20,1,96,102,0,São Borja,210002027563
c3827,g36634,ver24,Claudio Tasca,Jose Claudio Maciel Tasca,13555,PT,Suplente,56,1,73,102,0,São Borja,210002027564
c3828,g11326,ver24,Sandra Marques,Sandra Helena Maciel Marques Faguaga,13123,PT,Suplente,142,1,55,102,0,São Borja,210002027565
c3829,g50159,ver24,Emiliano Batista,Emiliano Batista Lopes,13113,PT,Suplente,214,1,41,102,0,São Borja,210002027566
c3830,g38062,ver24,Lore,Lourenço Dornelles Alves,13171,PT,Suplente,25,1,89,102,0,São Borja,210002027567
c3831,g21428,ver24,Biscoito,João Manoel dos Santos Diniz,13750,PT,Suplente,75,1,68,102,0,São Borja,210002027568
c3832,g45048,ver24,Valmoré Gás,Valmoré Guimarães da Rosa,13222,PT,Suplente,149,1,54,102,0,São Borja,210002027569
c3833,g37048,ver24,Orelha,Paulo Vanderlei Faguaga Siqueira,13888,PT,Eleito,823,1,10,102,0,São Borja,210002027570
c3834,g46073,ver24,Oseias Dobler,Oseias de Abreu Dobler,13111,PT,Suplente,188,1,44,102,0,São Borja,210002027571
c3835,g21849,ver24,Rene Ribeiro,Rene Nedi de Souza Ribeiro,13013,PT,Eleito,626,1,15,102,0,São Borja,210002027572
c3836,g24553,ver24,Rosângela Farias,Rosangela Farias Fernandes,13150,PT,Suplente,38,1,84,102,0,São Borja,210002027573
c3837,g8686,ver24,Dra Viviane Schmitz,Viviane Martins Schmitz,13131,PT,Suplente,412,1,27,102,0,São Borja,210002027574
c3838,g31835,ver24,Arlei Felu,Arlei Jocelito Contreira Fagundes,13777,PT,Suplente,516,1,22,102,0,São Borja,210002027575
c3839,g49455,ver24,Sergio Terapeuta Rampanelli,Sérgio Angelin da Silva Rampanelli,13000,PT,Suplente,38,1,84,102,0,São Borja,210002027576
c3840,g20907,ver24,Lins Robalo,Lins Robalo,13444,PT,Suplente,491,1,23,102,0,São Borja,210002027577
c3841,g9401,ver24,Gerson Almeida,Gerson da Silva Almeida,13333,PT,Suplente,319,1,35,102,0,São Borja,210002027578
c3842,g40294,ver24,Leandro Silva,Nelson Leandro Silva da Silveira,13975,PT,Suplente,33,1,30,54,0,Passo do Sobrado,210002027579
c3843,g14087,ver24,Valdirão,Valdir Pedro Pacheco,13333,PT,Suplente,67,1,21,54,0,Passo do Sobrado,210002027580
c3844,g20636,ver24,Aline Moraes,Aline Moraes Silveira,13313,PT,Suplente,108,1,12,54,0,Passo do Sobrado,210002027581
c3845,g14925,ver24,Gil,Gilberto Inácio Hermes,13123,PT,Suplente,84,1,18,54,0,Passo do Sobrado,210002027582
c3846,g17446,ver24,Emanuel Helfer Kroth,Emanuel Helfer Kroth,13813,PT,Eleito,122,1,11,54,0,Passo do Sobrado,210002027583
c3847,g9885,ver24,Vaninho Nascimento,Gilvanio Francisco da Silva Nascimento,13713,PT,Suplente,82,1,19,54,0,Passo do Sobrado,210002027584
c3848,g28094,ver24,André Ki Barato,André Nunes de Azevedo,13613,PT,Suplente,63,1,24,54,0,Passo do Sobrado,210002027585
c3849,g38076,ver24,Tania Iochims,Tania Iochims,13646,PT,Eleito,135,1,10,54,0,Passo do Sobrado,210002027586
c3850,g25072,ver24,Lucia Aline,Lucia Aline da Silva,13000,PT,Suplente,15,1,40,54,0,Passo do Sobrado,210002027587
c3851,g45028,ver24,Adriano,Adriano Lopes Velho,13213,PT,Suplente,20,1,33,47,0,Itaara,210002027876
c3852,g48185,ver24,Luisiane Nolibos,Luisiane Nolibos Pereira,13013,PT,Suplente,40,1,26,47,0,Itaara,210002027877
c3853,g33746,ver24,Marinara Abreu,Marinara Abreu Silva,13191,PT,Eleito,83,1,14,47,0,Itaara,210002027878
c3854,g35410,ver24,Bagetti,Vilmar Bagetti,13630,PT,Suplente,11,1,41,47,0,Itaara,210002027879
c3855,g1958,ver24,Juliano Galiano,Juliano Souza da Silva,13777,PT,Suplente,20,1,33,47,0,Itaara,210002027880
c3856,g25840,ver24,Maristela Muniz,Maristela Souza Muniz,13333,PT,Suplente,25,1,31,47,0,Itaara,210002027881
c3857,g34374,ver24,Guilherme,Guilherme Bopp Seeger,13313,PT,Eleito,257,1,2,47,0,Itaara,210002027882
c3858,g10290,ver24,Jacir Rodrigues,Jacir Leandro Rodrigues da Silva,13175,PT,Suplente,40,1,26,47,0,Itaara,210002027883
c3859,g6685,ver24,Leila Wilm,Leila Wilm,13007,PT,Suplente,65,1,19,47,0,Itaara,210002027884
c3860,g3600,ver24,Edy García,Ednei Antonio Fagundes Garcia,13456,PT,Suplente,17,1,37,47,0,Itaara,210002027885
c3861,g8488,ver24,Professora Eliza,Eliza Helena Andrighetti Konzen,13456,PT,Eleito,338,1,6,38,0,Tuparendi,210002028177
c3862,g43958,ver24,Gottardo,Nerci Gottardo,13113,PT,Suplente,38,1,32,38,0,Tuparendi,210002028178
c3863,g32662,ver24,Geraldino Morin,Geraldino Antonio Morin,13333,PT,Suplente,171,1,13,38,0,Tuparendi,210002028179
c3864,g50876,ver24,Aldacir Oliboni,Aldacir José Oliboni,13580,PT,Eleito,4869,1,30,511,0,Porto Alegre,210002029600
c3865,g31753,ver24,Adeli Sell,Adeli Sell,13601,PT,Suplente,2406,1,66,511,0,Porto Alegre,210002029601
c3866,g50421,ver24,Any Moraes,Any Carmem de Avila Moraes,13913,PT,Suplente,2482,1,65,511,0,Porto Alegre,210002029602
c3867,g47184,ver24,Jane Pilar,Jane Terezinha Sobrosa Pilar,13001,PT,Suplente,4673,1,35,511,0,Porto Alegre,210002029603
c3868,g28032,ver24,Pérola Sampaio,Thaís Maria Ferreira Sampaio,13613,PT,Suplente,2612,1,63,511,0,Porto Alegre,210002029605
c3869,g20668,ver24,Natasha,Natasha Ferreira,13100,PT,Eleito,4718,1,33,511,0,Porto Alegre,210002029607
c3870,g36813,ver24,Beta Fontana,Roberta Fontana,13131,PT,Suplente,4058,1,42,511,0,Porto Alegre,210002029608
c3871,g15547,ver24,Alexandre Bublitz,Alexandre Bublitz,13123,PT,Eleito,7144,1,14,511,0,Porto Alegre,210002029610
c3872,g19980,ver24,Ni do Movimento e Coletivo,Ceniriani Vargas da Silva,13800,PT,Suplente,1092,1,130,511,0,Porto Alegre,210002029611
c3873,g33621,ver24,Brunno Mattos,Brunno Mattos da Silva,13013,PT,Suplente,3271,1,48,511,0,Porto Alegre,210002029612
c3874,g12576,ver24,Lidio Santos,Lidionei da Rosa Santos,13456,PT,Suplente,713,1,178,511,0,Porto Alegre,210002029613
c3875,g45120,ver24,Regis Carletti,Regis Luis Roman Carletti,13285,PT,Suplente,242,1,321,511,0,Porto Alegre,210002029614
c3876,g48292,ver24,Volnei Picolotto,Volnei da Conceição Picolotto,13699,PT,Suplente,442,1,232,511,0,Porto Alegre,210002029616
c3877,g6833,ver24,Everton Gimenis,Everton de Morais Gimenis,13000,PT,Suplente,3150,1,49,511,0,Porto Alegre,210002029618
c3878,g21835,ver24,Celestino Lucas,Celestino Louis Silva Lucas,13590,PT,Suplente,80,1,442,511,0,Porto Alegre,210002029619
c3879,g46155,ver24,Nidia Albuquerque,Nidia Maria Andrade de Albuquerque,13888,PT,Suplente,313,1,282,511,0,Porto Alegre,210002029620
c3880,g39920,ver24,Kirion Black,Kirion Lopes Martins,13007,PT,Suplente,783,1,165,511,0,Porto Alegre,210002029621
c3881,g40608,ver24,Márcio Chagas,Marcio Chagas da Silva,13130,PT,Suplente,4397,1,37,511,0,Porto Alegre,210002029622
c3882,g4973,ver24,Davison Soares,Davison Soares Pereira,13655,PT,Suplente,525,1,216,511,0,Porto Alegre,210002029623
c3883,g37119,ver24,Maristela Maffei,Maristela Maffei,13680,PT,Suplente,912,1,147,511,0,Porto Alegre,210002029624
c3884,g6236,ver24,Saul,Saul Antonio Granville Junior,13133,PT,Suplente,208,1,341,511,0,Porto Alegre,210002029627
c3885,g17633,ver24,Dandara Yvy,Dandara Yvy Lopes da Silva,13333,PT,Suplente,502,1,221,511,0,Porto Alegre,210002029628
c3886,g15334,ver24,Paulo Disconzi,Paulo Oscar Disconzi,13347,PT,Suplente,53,1,471,511,0,Porto Alegre,210002029629
c3887,g18687,ver24,Juliana de Souza,Juliana dos Anjos de Souza,13300,PT,Eleito,6261,1,23,511,0,Porto Alegre,210002029630
c3888,g41649,ver24,Professor Cássio Moreira,Cássio Silva Moreira,13014,PT,Suplente,430,1,240,511,0,Porto Alegre,210002029631
c3889,g28981,ver24,Josiane França,Josiane França Santos,13477,PT,Suplente,403,1,250,511,0,Porto Alegre,210002029632
c3890,g50711,ver24,Kapelius,Demian Kapelius Steren,13009,PT,Suplente,119,1,408,511,0,Porto Alegre,210002029633
c3891,g24054,ver24,Professor Jeferson,Jeferson Henrique Aguiar Pereira,13413,PT,Suplente,1431,1,112,511,0,Porto Alegre,210002029634
c3892,g40834,ver24,Jonas Reis,Jonas Tarcisio Reis,13113,PT,Eleito,8235,1,10,511,0,Porto Alegre,210002029635
c3893,g9412,ver24,Cristiane Boesing,Cristiane Boesing,13123,PT,Suplente,102,1,10,18,0,São Pedro do Butiá,210002030750
c3894,g32060,ver24,Douglas Mayer,Douglas Mayer,13333,PT,Eleito,157,1,7,18,0,São Pedro do Butiá,210002030751
c3895,g40558,ver24,Eugênio Rauber,Eugênio Tiago Rauber,13666,PT,Eleito,157,1,7,18,0,São Pedro do Butiá,210002030752
c3896,g17824,ver24,Ariel Vaz,Ariel Fernando Heberle Vaz,13777,PT,Eleito,352,1,1,18,0,São Pedro do Butiá,210002030753
c3897,g12024,ver24,Maria Gonçalves dos Santos,Maria Goncalves dos Santos,13456,PT,Suplente,51,1,16,18,0,São Pedro do Butiá,210002030754
c3898,g3692,ver24,Luis Zwirtes,Luis Alberto Zwirtes,13000,PT,Suplente,31,1,18,18,0,São Pedro do Butiá,210002030755
c3899,g28950,ver24,Maristeu Limberger,Maristeu Luis Limberger,13115,PT,Eleito,228,1,2,18,0,São Pedro do Butiá,210002030756
c3900,g33149,ver24,Daiane Kraemer,Daiane Zott Kraemer,13444,PT,Suplente,36,1,17,18,0,São Pedro do Butiá,210002030757
c3901,g15351,ver24,Vainer Xinho,Vainer Dias Fernandes,15123,MDB,Suplente,166,1,29,77,0,Imbé,210002031000
c3902,g25303,ver24,Deni,Adenilson Faggion,13222,PT,Suplente,13,1,22,22,0,Mariano Moro,210002031310
c3903,g24482,ver24,Mauro,Mauri Dendena,13130,PT,Suplente,15,1,20,22,0,Mariano Moro,210002031311
c3904,g18246,ver24,Rosane,Rosane Maria Gritti,13123,PT,Eleito,214,1,1,22,0,Mariano Moro,210002031312
c3905,g10369,ver24,Orlando,Orlando Ricardo Tavares,15333,MDB,Eleito,123,1,12,18,0,Braga,210002033833
c3906,g29767,ver24,Renato Gaspar Herbert,Renato Gaspar Herbert,45000,PSDB,Eleito,177,1,2,26,0,Westfalia,210002037614
c3907,g11952,ver24,Aclair,Aclair Leane Lucietto Bringmann Dahmer,13555,PT,Suplente,34,1,30,46,0,Tiradentes do Sul,210002039371
c3908,g36878,ver24,Cibeli Heilser,Cibeli Regina Heisler,13666,PT,Eleito,211,1,4,46,0,Tiradentes do Sul,210002039372
c3909,g32080,ver24,Andi Vargas,Andevilson Darlan Berghahn de Vargas,13123,PT,Suplente,34,1,30,46,0,Tiradentes do Sul,210002039373
c3910,g3962,ver24,Jean Carlos,Jean Carlos da Silva Guillant,13333,PT,Suplente,36,1,29,46,0,Tiradentes do Sul,210002039375
c3911,g44797,ver24,Matheus da Obra,Matheus Alexandre Trautenmuller,13222,PT,Suplente,82,1,20,46,0,Tiradentes do Sul,210002039376
c3912,g2129,ver24,Matheus Mezetti,Matheus Olimpio Mezetti,13000,PT,Eleito,211,1,4,46,0,Tiradentes do Sul,210002039377
c3913,g35562,ver24,Gilmar Avila,Gilmar Xavier Avila,13999,PT,Suplente,736,1,40,266,0,Rio Grande,210002042758
c3914,g44327,ver24,Karina Rocha,Karina Melo da Rocha,13800,PT,Suplente,854,1,29,266,0,Rio Grande,210002042759
c3915,g34286,ver24,Claudio Costa,Claudio José Cardozo da Costa,13650,PT,Suplente,753,1,38,266,0,Rio Grande,210002042760
c3916,g48729,ver24,Margareth Badá Badejo,Margareth Badejo dos Santos,13001,PT,Suplente,165,1,124,266,0,Rio Grande,210002042761
c3917,g37575,ver24,Rovam Castro,Rovam Simões Gonçalves de Castro,13456,PT,Eleito,2129,1,3,266,0,Rio Grande,210002042763
c3918,g24145,ver24,Regininha,Maria Regina da Conceição Moraes,13180,PT,Eleito,1652,1,11,266,0,Rio Grande,210002042765
c3919,g8997,ver24,Professora Denise Marques,Denise Rodrigues Marques,13123,PT,Eleito,1708,1,8,266,0,Rio Grande,210002042766
c3920,g42864,ver24,Rafael Carneiro,Rafael Antonio Carneiro,13013,PT,Suplente,608,1,49,266,0,Rio Grande,210002042767
c3921,g14659,ver24,Margarette Cavalheiro,Margarette Paz Cavalheiro,13222,PT,Suplente,489,1,63,266,0,Rio Grande,210002042768
c3922,g43238,ver24,Glauber,Glauber Nunes Pedroso,13777,PT,Eleito,1212,1,15,266,0,Rio Grande,210002042769
c3923,g15221,ver24,Carol Lima,Caroline de Lima da Costa,13613,PT,Suplente,387,1,75,266,0,Rio Grande,210002042770
c3924,g26455,ver24,Fabio Machado,Fabio Medeiros Machado,13000,PT,Suplente,490,1,62,266,0,Rio Grande,210002042771
c3925,g10441,ver24,Henrique do Sindicato,José Henrique Oliveira Heberle,13313,PT,Suplente,271,1,97,266,0,Rio Grande,210002042772
c3926,g13698,ver24,Spotorno,Luiz Francisco Spotorno,13131,PT,Eleito,1348,1,14,266,0,Rio Grande,210002042773
c3927,g25265,ver24,Bombeiro Alexandre,Antonio Alexandre Moura de Quadro,13193,PT,Suplente,646,1,47,266,0,Rio Grande,210002042774
c3928,g17821,ver24,Professor Rodrigo Maio,Rodrigo Maio Salvador Sackis,13007,PT,Suplente,536,1,57,266,0,Rio Grande,210002042775
c3929,g26791,ver24,Junior Popoti,Luiz Rogério Borges Tavares Junior,13100,PT,Suplente,560,1,54,266,0,Rio Grande,210002042778
c3930,g9867,ver24,Nando Ribeiro,Angelo Fernando Silva Ribeiro,13605,PT,Eleito,1361,1,13,266,0,Rio Grande,210002042779
c3931,g15780,ver24,Eneias Ismael,Eneias Ismael da Silva,12555,PDT,Suplente,95,1,39,82,0,São Jerônimo,210002043463
c3932,g35813,ver24,Valdecir Gall,Valdecir Jose Comoretto Gall,13613,PT,Eleito,71,1,9,26,0,Porto Vera Cruz,210002044009
c3933,g20875,ver24,Ivone Grutzmann,Ivone Grutzmann,13567,PT,Suplente,60,1,11,26,0,Porto Vera Cruz,210002044010
c3934,g18676,ver24,Micaela Sommerfelt,Micaela Mariana Sommerfelt,13456,PT,Suplente,5,1,25,26,0,Porto Vera Cruz,210002044011
c3935,g27612,ver24,Lucas Vogel,Lucas Vogel,13789,PT,Suplente,43,1,16,26,0,Porto Vera Cruz,210002044012
c3936,g55,ver24,Chico do Pt,Francisco Nenete Trindade Rodrigues,13000,PT,Suplente,16,1,25,28,0,Bossoroca,210002045828
c3937,g39782,ver24,Ledomar,Ledomar Adilio Ferreira,13013,PT,Suplente,2,1,28,28,0,Bossoroca,210002045829
c3938,g30213,ver24,Tatiane,Tatiane Tisott de Lima,13130,PT,Suplente,104,1,18,28,0,Bossoroca,210002045830
c3939,g17796,ver24,Flor,Jona Darque Conceição Bomfim,13456,PT,Suplente,24,1,23,28,0,Bossoroca,210002045831
c3940,g50774,ver24,Júlio Tímbauva,Júlio César de Souza Martins,13333,PT,Eleito,243,1,4,28,0,Bossoroca,210002045832
c3941,g30086,ver24,Joaquim,Joaquim Devanir Nascimento Rodrigues,13666,PT,Suplente,42,1,21,28,0,Bossoroca,210002045833
c3942,g22734,ver24,Marta Oliveira,Marta Catarina de Oliveira,13567,PT,Não eleito,18,1,40,41,0,Ivoti,210002045970
c3943,g30936,ver24,Cascudo,Luiz Carlos Schneider,13000,PT,Não eleito,90,1,30,41,0,Ivoti,210002045971
c3944,g17023,ver24,Professora Ecleia,Ecleia Paz da Rosa,13013,PT,Não eleito,210,1,21,41,0,Ivoti,210002045972
c3945,g2448,ver24,Jair Vier,Jair André Vier,13300,PT,Não eleito,359,1,15,41,0,Ivoti,210002045973
c3946,g820,ver24,Edio Vogel,Edio Inácio Vogel,13610,PT,Não eleito,405,1,12,41,0,Ivoti,210002045974
c3947,g630,ver24,Elder Weber Schropfer,Elder Weber Schropfer,11000,PP,Eleito,504,1,4,26,0,Porto Xavier,210002046558
c3948,g7676,ver24,Aitão dos Esportes,Edison Paz Aita,13113,PT,Não eleito,10,1,33,36,0,Nova Araçá,210002047419
c3949,g22387,ver24,Maria Monteiro,Maria Cristina Monteiro,13013,PT,Não eleito,26,1,28,36,0,Nova Araçá,210002047420
c3950,g21215,ver24,Delocir,Delocir Buzato,13333,PT,Eleito,315,1,1,28,0,David Canabarro,210002047916
c3951,g21769,ver24,Salete,Salete Zancan Moreschi,13000,PT,Suplente,19,1,27,28,0,David Canabarro,210002047917
c3952,g26347,ver24,Mateus Silveira,Mateus Silveira Luz,13333,PT,Suplente,254,1,10,59,0,Pantano Grande,210002048010
c3953,g35096,ver24,Tais Sperb,Tais Rosa Sperb,13800,PT,Suplente,56,1,35,59,0,Pantano Grande,210002048011
c3954,g45565,ver24,Guga Gilberto Carvalho,Gilberto da Silva Carvalho,13456,PT,Eleito,396,1,3,59,0,Pantano Grande,210002048012
c3955,g39507,ver24,Luciano Feijão,Luciano Silva da Silveira,13620,PT,Suplente,55,1,37,59,0,Pantano Grande,210002048013
c3956,g39607,ver24,Campo Bom,Maiquel Flores Isaias,13700,PT,Suplente,50,1,38,59,0,Pantano Grande,210002048014
c3957,g23537,ver24,Carininha,Carina de Matos Nascente,13000,PT,Suplente,268,1,8,59,0,Pantano Grande,210002048015
c3958,g7911,ver24,Lucas Rodrigues,Lucas da Silva Rodrigues,13123,PT,Eleito,425,1,2,59,0,Pantano Grande,210002048016
c3959,g38209,ver24,Bétinho Barroso,Luis Alberto Rauber Barroso,13014,PT,Suplente,31,1,46,59,0,Pantano Grande,210002048017
c3960,g56,ver24,Professora Maria Eutália,Maria Eutália Moreira Nunes,13013,PT,Suplente,22,1,50,59,0,Pantano Grande,210002048018
c3961,g11554,ver24,Rondinele,Rondinele da Rosa Alves,13734,PT,Suplente,129,1,22,59,0,Pantano Grande,210002048019
c3962,g27371,ver24,Sidi,Sidnei Salette Carniel Olivoto,13333,PT,Eleito,229,1,7,14,0,Cacique Doble,210002049351
c3963,g48663,ver24,Missionario Gilmar,Gilmar Padilha,13222,PT,Suplente,115,1,13,14,0,Cacique Doble,210002049352
c3964,g26803,ver24,Ptzinho,Valmir Zenis,13013,PT,Suplente,152,1,12,14,0,Cacique Doble,210002049353
c3965,g32175,ver24,Edinaldo Azevedo,Edinaldo Francisco Azevedo,44111,UNIÃO,Eleito,139,1,10,42,0,Herval,210002051040
c3966,g43683,ver24,Daniele Garcia,Daniele Garcia,44678,UNIÃO,Suplente,19,1,34,42,0,Herval,210002051046
c3967,g42089,ver24,Ci,Moacir Nazario,13113,PT,Eleito,174,1,7,17,0,Unistalda,210002051193
c3968,g39024,ver24,Carol Martins,Carolina Rodrigues Martins,13103,PT,Suplente,34,1,13,17,0,Unistalda,210002051194
c3969,g20392,ver24,Diciane Portes,Diciane Lopes Portes,13123,PT,Suplente,16,1,17,17,0,Unistalda,210002051195
c3970,g1199,ver24,Professor Daniel,Daniel Fernando Koehler,45045,PSDB,Não eleito,1097,1,6,80,0,Gramado,210002051302
c3971,g6419,ver24,Maurilia D Avila Tavares,Maurilia D Avila Tavares,12888,PDT,Suplente,118,1,26,68,0,São Pedro do Sul,210002053693
c3972,g24501,ver24,Luiz Inacio,Luiz Inacio Kunz,13345,PT,Suplente,13,1,71,74,0,Três de Maio,210002054291
c3973,g29810,ver24,Ernani Weimer,Ernani Claudio Weimer,13234,PT,Eleito,546,1,7,74,0,Três de Maio,210002054292
c3974,g22484,ver24,Renato,Renato Melgarejo de Abreu,13130,PT,Suplente,222,1,21,74,0,Três de Maio,210002054293
c3975,g24361,ver24,Marcia Herbertz,Marcia Helonice Herbertz,13123,PT,Suplente,151,1,36,74,0,Três de Maio,210002054294
c3976,g47978,ver24,Cris Weber,Cristiane Weber,13321,PT,Suplente,56,1,55,74,0,Três de Maio,210002054295
c3977,g37627,ver24,Piva,Jair Zimmermann dos Santos,13888,PT,Suplente,42,1,58,74,0,Três de Maio,210002054296
c3978,g30761,ver24,Pedro Juliano,Pedro Juliano de Lima Ribeiro,13555,PT,Suplente,206,1,23,74,0,Três de Maio,210002054297
c3979,g21031,ver24,Prof Lucia,Lucia Calegaro Marmitt,13999,PT,Suplente,139,1,37,74,0,Três de Maio,210002054298
c3980,g34347,ver24,Diogo Wolf,Diogo André Wolf,13000,PT,Eleito,787,1,3,74,0,Três de Maio,210002054299
c3981,g28021,ver24,Fonseca,José Alcenir Fonseca Soares,13013,PT,Suplente,32,1,61,74,0,Três de Maio,210002054300
c3982,g791,ver24,Tania Georgi,Tania Beatriz Georgi,13456,PT,Suplente,400,1,12,74,0,Três de Maio,210002054301
c3983,g11189,ver24,Picolotto,Joacir Picolotto,13655,PT,Suplente,62,1,73,133,0,Charqueadas,210002055807
c3984,g26687,ver24,Lucio Dutra,Lucio Enildo Guterres Dutra,13644,PT,Suplente,74,1,66,133,0,Charqueadas,210002055808
c3985,g9922,ver24,Patrick Vieira,Patrick Lucas Pereira Vieira,13456,PT,Eleito,429,1,10,133,0,Charqueadas,210002055809
c3986,g27257,ver24,Paula Ynajá,Paula Ynaja Vieira Nunes,13613,PT,Eleito,672,1,4,133,0,Charqueadas,210002055810
c3987,g23926,ver24,Adriel Bagé,Adriel Menezes Vasconcellos dos Santos,13700,PT,Suplente,147,1,43,133,0,Charqueadas,210002055811
c3988,g8891,ver24,Cesar Wathier,Jair Cesar Wathier,13631,PT,Suplente,187,1,34,133,0,Charqueadas,210002055812
c3989,g27577,ver24,Lucas Machado,Lucas Nicola Machado,13001,PT,Suplente,31,1,92,133,0,Charqueadas,210002055813
c3990,g10327,ver24,Profe Rose Souza,Rosangela de Carvalho Souza,13123,PT,Eleito,374,1,14,133,0,Charqueadas,210002055815
c3991,g184,ver24,Aline Rodrigues,Aline Antonia Rodrigues,13165,PT,Suplente,15,1,116,133,0,Charqueadas,210002055817
c3992,g39787,ver24,Elenice Mendes,Elenice Mendes da Silva,13000,PT,Eleito,178,1,2,21,0,Pedras Altas,210002056785
c3993,g39552,ver24,Kako Moreira,Ivanilson Luiz Moreira,13888,PT,Eleito,96,1,11,21,0,Pedras Altas,210002056786
c3994,g32443,ver24,Diego Marques,Diego dos Santos Marques,13777,PT,Eleito,140,1,3,21,0,Pedras Altas,210002056787
c3995,g47827,ver24,Neguinho,Antônio Prestes,13036,PT,Eleito,186,1,1,21,0,Pedras Altas,210002056788
c3996,g5150,ver24,Maria Eliana,Maria Eliana Nobre Azevedo,13123,PT,Eleito,121,1,7,21,0,Pedras Altas,210002056789
c3997,g29338,ver24,Denise,Denise Soares de Oliveira,13222,PT,Suplente,14,1,19,21,0,Pedras Altas,210002056790
c3998,g2641,ver24,Nádia Padilha Venâncio,Nádia Padilha Venâncio,13567,PT,Eleito,128,1,5,21,0,Pedras Altas,210002056791
c3999,g37443,ver24,Alessandra Buêno Vieira,Alessandra Buêno Vieira,13300,PT,Suplente,63,1,13,21,0,Pedras Altas,210002056792
c4000,g34996,ver24,Marcola,Marco Antônio Machado Costa,13333,PT,Eleito,112,1,8,21,0,Pedras Altas,210002056793
c4001,g28520,ver24,Moa do Pt,Moacir José Siebert,13013,PT,Suplente,31,1,16,21,0,Pedras Altas,210002056794
c4002,g10187,ver24,Kide,Deoclides de Paula,13113,PT,Não eleito,162,1,2,37,0,Faxinalzinho,210002058230
c4003,g34774,ver24,Débora Piran,Débora Cristiane de Castro Piran,13123,PT,Não eleito,13,1,34,37,0,Faxinalzinho,210002058231
c4004,g14756,ver24,Rezena Tricolor,Getúlio da Silva Rezena,13113,PT,Não eleito,33,1,75,91,0,Dom Pedrito,210002060020
c4005,g48512,ver24,Neomar,Neomar Farias Rodrigues,13500,PT,Não eleito,64,1,63,91,0,Dom Pedrito,210002060021
c4006,g25074,ver24,Denise Leão,Carmem Denise Leao Gloria Leal,13111,PT,Não eleito,23,1,83,91,0,Dom Pedrito,210002060022
c4007,g34296,ver24,Corrêa,Jose Alberto Madeira Correa,13613,PT,Não eleito,441,1,17,91,0,Dom Pedrito,210002060023
c4008,g30212,ver24,Leonardo Piccolotto dos Santos,Leonardo Piccolotto dos Santos,13123,PT,Não eleito,119,1,8,28,0,São José das Missões,210002060964
c4009,g44249,ver24,Ilo - José Jair Oliveira,José Jair de Souza Oliveira,13130,PT,Não eleito,41,1,19,28,0,São José das Missões,210002060965
c4010,g26178,ver24,Dolores de Souza,Dolores Picolotto de Souza,13456,PT,Não eleito,41,1,19,28,0,São José das Missões,210002060966
c4011,g49005,ver24,Zelinda,Zelinda Fatima Kaminski,13113,PT,Suplente,25,1,15,25,0,Carlos Gomes,210002063867
c4012,g21039,ver24,Gilmar,Gilmar Antonio Geuda,13374,PT,Eleito,78,1,8,25,0,Carlos Gomes,210002063868
c4013,g17675,ver24,Marlene,Marlene Camicia Cervinski,13123,PT,Suplente,5,1,24,25,0,Carlos Gomes,210002063869
c4014,g49355,ver24,Dirceu,Dirceu Mario Glaner,13789,PT,Eleito,89,1,6,25,0,Carlos Gomes,210002063870
c4015,g38652,ver24,Valdemar,Valdemar Luiz Parafianiuk,13613,PT,Suplente,11,1,20,25,0,Carlos Gomes,210002063871
c4016,g946,ver24,Lindomar,Lindomar Nestor Pawlak,13650,PT,Eleito,127,1,1,25,0,Carlos Gomes,210002063872
c4017,g48515,ver24,Elizeu,Elizeu da Silva de Sousa,13813,PT,Suplente,36,1,13,25,0,Carlos Gomes,210002063873
c4018,g13316,ver24,Edi,Ediane Albani Biasi,13013,PT,Suplente,20,1,18,25,0,Carlos Gomes,210002063874
c4019,g21079,ver24,Pica Pau,Izidoro Hoinoski,13888,PT,Suplente,31,1,14,25,0,Carlos Gomes,210002063875
c4020,g49684,ver24,Mateus,Mateus Berton Viecilli,13123,PT,Eleito,198,1,9,18,0,Ciríaco,210002065389
c4021,g10383,ver24,Everton,Everton Campanharo Rodrigues,13789,PT,Eleito,286,1,3,18,0,Ciríaco,210002065390
c4022,g3325,ver24,Sirleizinha,Sirlei de Fatima Ely Camargo,13313,PT,Suplente,10,1,18,18,0,Ciríaco,210002065391
c4023,g41078,ver24,Ary Segala,Ary Segala,13610,PT,Eleito,228,1,7,18,0,Ciríaco,210002065392
c4024,g17494,ver24,Silvia Chiarello,Silvia Mazetto Chiarello,13322,PT,Suplente,58,1,14,18,0,Ciríaco,210002065393
c4025,g19976,ver24,Sadizinho,Sadi Zauza,13222,PT,Suplente,152,1,11,18,0,Ciríaco,210002065394
c4026,g11444,ver24,Jaqueline,Jaqueline Monteiro do Carmo dos Santos,13630,PT,Suplente,17,1,16,18,0,Ciríaco,210002065395
c4027,g33980,ver24,Professora Elenara,Elenara Silveira Martins Luz,50123,PSOL,Não eleito,140,1,87,129,0,Sapucaia do Sul,210002065848
c4028,g24572,ver24,Anderson Kapeta Louzado,Anderson Paulo Louzado,13666,PT,Não eleito,125,1,54,109,0,Rio Pardo,210002066346
c4029,g2557,ver24,Tiago Busz,Tiago Busz da Silva,13440,PT,Não eleito,3,1,108,109,0,Rio Pardo,210002066347
c4030,g2382,ver24,Will Sima,William Figueiró Sima,13000,PT,Não eleito,15,1,100,109,0,Rio Pardo,210002066348
c4031,g6350,ver24,Daniel Godoy  Dati,Daniel Batista Godoy,13301,PT,Não eleito,137,1,50,109,0,Rio Pardo,210002066349
c4032,g41367,ver24,Professora Sandra,Sandra Maria Lemos dos Santos,13133,PT,Não eleito,158,1,48,109,0,Rio Pardo,210002066350
c4033,g22970,ver24,Adair Santos,Adair Jose Santos de Oliveira,13113,PT,Não eleito,34,1,85,109,0,Rio Pardo,210002066351
c4034,g28912,ver24,Lorena Maciel,Lorena da Silva Maciel,13007,PT,Não eleito,104,1,59,109,0,Rio Pardo,210002066352
c4035,g40846,ver24,Nilma Schramm,Nilma Ivonir Silveira Schramm,13070,PT,Não eleito,16,1,98,109,0,Rio Pardo,210002066353
c4036,g11149,ver24,Enfermeira Laureci,Laureci Correa Martins,13013,PT,Não eleito,40,1,83,109,0,Rio Pardo,210002066354
c4037,g4506,ver24,Idalino Bitencourt,Idalino Pereira de Bittencourt,13123,PT,Não eleito,32,1,86,109,0,Rio Pardo,210002066355
c4038,g13513,ver24,Tonho do Pt,Antônio José de Mello,13777,PT,Não eleito,22,1,93,109,0,Rio Pardo,210002066356
c4039,g45811,ver24,Anderson Etter,Anderson Etter,13200,PT,Eleito,1840,1,16,172,0,São Leopoldo,210002067338
c4040,g47092,ver24,Clairton da Fé,Clairton Rodrigues da Fé,13677,PT,Suplente,1519,1,21,172,0,São Leopoldo,210002067339
c4041,g23538,ver24,Alemão Schutze,Claudimir Schutze,13799,PT,Suplente,1517,1,22,172,0,São Leopoldo,210002067341
c4042,g20348,ver24,Ismael Mendonça,Ismael Mendonça dos Santos,13448,PT,Suplente,737,1,43,172,0,São Leopoldo,210002067342
c4043,g43119,ver24,Fábio Bernardo,Fábio Bernardo da Silva,13123,PT,Eleito,2072,1,12,172,0,São Leopoldo,210002067343
c4044,g8533,ver24,Evandro Paixão,Evandro Israel Machado Paixão,13333,PT,Suplente,782,1,40,172,0,São Leopoldo,210002067345
c4045,g22300,ver24,Karina Camillo,Karina Camillo Rodrigues,13813,PT,Eleito,2263,1,10,172,0,São Leopoldo,210002067346
c4046,g1266,ver24,Gisa da Saúde,Maria Gislene Paim,13009,PT,Suplente,697,1,47,172,0,São Leopoldo,210002067347
c4047,g27627,ver24,Professor Ricardo,Ricardo Fernandes da Luz,13456,PT,Eleito,2046,1,13,172,0,São Leopoldo,210002067348
c4048,g40259,ver24,Nadir Jesus,Nadir Maria de Jesus,13013,PT,Suplente,923,1,36,172,0,São Leopoldo,210002067351
c4049,g7711,ver24,Selmo,Selmo Baierle Fagundes,10576,REPUBLICANOS,Eleito,227,1,6,54,0,Passo do Sobrado,210002067862
c4050,g9772,ver24,Tio Ivo,Ivo Port,10123,REPUBLICANOS,Suplente,41,1,27,54,0,Passo do Sobrado,210002067864
c4051,g46576,ver24,Rafael Martinelli,Rafael Godoy Porto Martinelli,13713,PT,Suplente,553,1,85,251,0,Pelotas,210002069739
c4052,g11214,ver24,Carla Cassais,Carla da Silva Cassais,13013,PT,Suplente,1107,1,46,251,0,Pelotas,210002069740
c4053,g14521,ver24,Diego,Diego Rodrigues Gonçalves,13655,PT,Suplente,724,1,73,251,0,Pelotas,210002069742
c4054,g6673,ver24,Professora Marielda Medeiros,Marielda Barcellos Medeiros,13813,PT,Suplente,808,1,70,251,0,Pelotas,210002069744
c4055,g14406,ver24,Edinara Lessa,Edinara Lessa Gonçalves,13000,PT,Suplente,324,1,114,251,0,Pelotas,210002069745
c4056,g46909,ver24,Prof. Adri,Adriane Gerber Martins,13531,PT,Suplente,618,1,81,251,0,Pelotas,210002069746
c4057,g43870,ver24,Ronaldo Quadrado,Ronaldo Quadrado Gomes,13333,PT,Suplente,1302,1,37,251,0,Pelotas,210002069747
c4058,g30253,ver24,Miriam Marroni,Miriam Paz Garcez Marroni,13613,PT,Eleito,2426,1,14,251,0,Pelotas,210002069748
c4059,g23166,ver24,Leila da Rádio,Leila Regina Rodrigues Rodrigues,13156,PT,Suplente,144,1,175,251,0,Pelotas,210002069749
c4060,g50750,ver24,Antonio Leonel  - Butica,Antonio Leonel Rodrigues Soares,13468,PT,Suplente,924,1,59,251,0,Pelotas,210002069750
c4061,g32846,ver24,Luander Lessa,Luander da Silva Lessa,13420,PT,Suplente,228,1,145,251,0,Pelotas,210002069751
c4062,g44284,ver24,Beto Z3,Carlos Alberto dos Santos Passos,13750,PT,Suplente,702,1,75,251,0,Pelotas,210002069752
c4063,g27951,ver24,Seu Girão,Luís Carlos Girão Danda,13123,PT,Suplente,625,1,80,251,0,Pelotas,210002069754
c4064,g33225,ver24,Éder Ribeiro,Éder Ribeiro Fonseca,13913,PT,Suplente,445,1,94,251,0,Pelotas,210002069755
c4065,g35837,ver24,Tereza Fujii,Maria Tereza Tavares Fujii,13133,PT,Suplente,765,1,72,251,0,Pelotas,210002069758
c4066,g745,ver24,Ivan Duarte,Ivan Admar Dornelles Duarte,13513,PT,Eleito,2182,1,18,251,0,Pelotas,210002069759
c4067,g1162,ver24,Isaias da Saúde,Isaias Santos Rocha,13444,PT,Não eleito,87,1,13,34,0,Fazenda Vilanova,210002070270
c4068,g10863,ver24,Paula Aquino,Paula Fernanda Aquino,13113,PT,Não eleito,4,1,34,34,0,Fazenda Vilanova,210002070271
c4069,g45308,ver24,Paulo Quadros,Paulo de Quadros,13123,PT,Não eleito,86,1,14,34,0,Fazenda Vilanova,210002070272
c4070,g7025,ver24,Giovani Garcia Ferner,Giovani Garcia Ferner,13777,PT,Não eleito,83,1,53,80,0,Itaqui,210002070617
c4071,g32560,ver24,Juliane Trindade,Juliane Goulart Trindade,13972,PT,Não eleito,17,1,73,80,0,Itaqui,210002070618
c4072,g46529,ver24,Beatriz Arce,Beatriz Sampaio Arce,13613,PT,Não eleito,15,1,74,80,0,Itaqui,210002070619
c4073,g38240,ver24,Lucio do Sindicato,Lucio Rodrigues Carpes,13013,PT,Não eleito,206,1,26,80,0,Itaqui,210002070620
c4074,g33555,ver24,Rossana Gavião Garcia Finger,Rossana Gavião Garcia Finger,13888,PT,Não eleito,149,1,32,80,0,Itaqui,210002070621
c4075,g40898,ver24,Dolores Vieira dos Santos,Dolores Vieira dos Santos,13050,PT,Não eleito,66,1,56,80,0,Itaqui,210002070622
c4076,g4751,ver24,Guilherme Fogaça,Luis  Guilherme Fogaça Bonorino,13601,PT,Não eleito,8,1,77,80,0,Itaqui,210002070623
c4077,g24299,ver24,Prof Joce Bonorino,Jocelino Zadir Bonorino Figueredo,13000,PT,Não eleito,35,1,68,80,0,Itaqui,210002070624
c4078,g45453,ver24,Pita,Luis Alberto Alves Toja,13123,PT,Não eleito,57,1,58,80,0,Itaqui,210002070625
c4079,g30104,ver24,Joao Carlos Trindade,Joao Carlos Costa Trindade,13970,PT,Não eleito,7,1,79,80,0,Itaqui,210002070626
c4080,g36372,ver24,Schuquel,Onerso Schuquel de Oliveira,13127,PT,Não eleito,96,1,50,80,0,Itaqui,210002070627
c4081,g30354,ver24,Feijão,Ilesio Vanderlei da Rosa,13003,PT,Suplente,96,1,38,67,0,Portão,210002071915
c4082,g20206,ver24,Mauro,Mauro de Oliveira de Quevedo,13033,PT,Suplente,46,1,48,67,0,Portão,210002071916
c4083,g27660,ver24,Fabio,Fabio de Souza,13777,PT,Suplente,65,1,44,67,0,Portão,210002071917
c4084,g45357,ver24,Chapecó,Valdecir Roque Garghetti,13456,PT,Suplente,140,1,33,67,0,Portão,210002071918
c4085,g22209,ver24,Bianca Moutinho,Bianca da Silva Moutinho,13120,PT,Suplente,69,1,43,67,0,Portão,210002071919
c4086,g4919,ver24,Rosa,Rosa Belmiria Goncalves Vilaverde,13102,PT,Suplente,42,1,49,67,0,Portão,210002071920
c4087,g27572,ver24,Paulinha Rodrigues,Paula Regina Rodrigues da Silva,13444,PT,Suplente,62,1,45,67,0,Portão,210002071921
c4088,g45861,ver24,Prof Rose,Rosemar Francescatto Schio,13013,PT,Suplente,284,1,21,67,0,Portão,210002071922
c4089,g15508,ver24,Margarete,Margarete Pereira,13240,PT,Suplente,77,1,41,67,0,Portão,210002071923
c4090,g42570,ver24,Elias Trein,Elias Campo Trein,13707,PT,Eleito,396,1,18,67,0,Portão,210002071924
c4091,g19302,ver24,Clerio,Clerio Von Muhlen,13613,PT,Suplente,336,1,20,67,0,Portão,210002071925
c4092,g48271,ver24,Nenê,Valtoir Moraes Freitas,13234,PT,Suplente,402,1,48,195,0,Cachoeirinha,210002072378
c4093,g47434,ver24,Tairê,Tairê de Azevedo Costa,13333,PT,Suplente,290,1,66,195,0,Cachoeirinha,210002072379
c4094,g719,ver24,Valéria Fros,Alba Valéria da Roza Fros,13077,PT,Suplente,141,1,102,195,0,Cachoeirinha,210002072380
c4095,g44395,ver24,Eguinaldo Gama,Eguinaldo Viegas Gama,13456,PT,Suplente,52,1,141,195,0,Cachoeirinha,210002072381
c4096,g40319,ver24,Prof. Leonel Matias,Leonel Jose Morem Matias,13610,PT,Suplente,592,1,37,195,0,Cachoeirinha,210002072382
c4097,g4772,ver24,Gustavo Almansa,Gustavo Almansa Bernardo,13113,PT,Eleito,1491,1,7,195,0,Cachoeirinha,210002072383
c4098,g20010,ver24,Simone Peña,Simone Trindade Peña,13655,PT,Suplente,135,1,104,195,0,Cachoeirinha,210002072384
c4099,g24313,ver24,Isalino Kingeski,Isalino Kingeski,13013,PT,Suplente,167,1,95,195,0,Cachoeirinha,210002072387
c4100,g41790,ver24,Preto do Ctg,João Luis Lima da Silva,13777,PT,Suplente,154,1,97,195,0,Cachoeirinha,210002072389
c4101,g11267,ver24,Léo da Costa,Leonardo da Costa Silva,13123,PT,Eleito,3117,1,1,195,0,Cachoeirinha,210002072390
c4102,g9092,ver24,Adolfo,José Adolfo Menezes,13555,PT,Suplente,69,1,130,195,0,Cachoeirinha,210002072391
c4103,g51020,ver24,Andreia Piagette,Andreia Ribeiro Piagette,13131,PT,Suplente,101,1,114,195,0,Cachoeirinha,210002072392
c4104,g12861,ver24,Edson Peñadez,Édson Ferreira Peñadez,13133,PT,Suplente,80,1,121,195,0,Cachoeirinha,210002072394
c4105,g11836,ver24,Adilson Irineu,Adilson dos Santos Irineu,13123,PT,Suplente,106,1,23,48,0,Cerro Largo,210002074143
c4106,g36897,ver24,André Lubas,Jorge André Pires Lubas,13144,PT,Eleito,431,1,3,48,0,Cerro Largo,210002074144
c4107,g17245,ver24,Cris Neres,Cristina Neres Nogueira,13113,PT,Suplente,61,1,34,48,0,Cerro Largo,210002074145
c4108,g46186,ver24,Carmo Lunkes,Carmo Lauro Lunkes,13130,PT,Suplente,82,1,29,48,0,Cerro Largo,210002074146
c4109,g27670,ver24,Lauermann,Inácio Afonso Lauermann,13650,PT,Suplente,296,1,8,48,0,Cerro Largo,210002074147
c4110,g5490,ver24,Edegar Alemão,Edegar Anklam Gonçalves,13012,PT,Suplente,56,1,35,48,0,Cerro Largo,210002074148
c4111,g48402,ver24,Mara Schmatz,Mara Schmatz,13120,PT,Suplente,144,1,21,48,0,Cerro Largo,210002074149
c4112,g15944,ver24,Marcia de Deus,Márcia Ester Amaral de Deus,13612,PT,Suplente,7,1,48,48,0,Cerro Largo,210002074150
c4113,g31608,ver24,Bastião,Sebastião dos Santos Campos,13300,PT,Suplente,10,1,45,48,0,Cerro Largo,210002074151
c4114,g32724,ver24,Maurinho Carteiro,Mauro Ortiz Leal,13960,PT,Suplente,19,1,41,48,0,Cerro Largo,210002074152
c4115,g16461,ver24,Nego dos Santos,Dilomar Heitor dos Santos,15000,MDB,Suplente,25,1,21,29,0,Novo Machado,210002074911
c4116,g18490,ver24,Celso Butzke,Celso Butzke,13111,PT,Não eleito,38,1,26,48,0,Entre-Ijuís,210002075387
c4117,g9562,ver24,Aline Olegario,Aline de Menezes Olegario,13147,PT,Não eleito,20,1,37,48,0,Entre-Ijuís,210002075388
c4118,g49928,ver24,Joao Gilberto,Joao Gilberto da Silveira,13123,PT,Não eleito,24,1,34,48,0,Entre-Ijuís,210002075389
c4119,g47063,ver24,Jose Rodimir,Jose Rodimir do Nascimento Oliveira,13023,PT,Não eleito,21,1,36,48,0,Entre-Ijuís,210002075390
c4120,g9417,ver24,Pedro Bueno,Pedro Bueno Gonçalves,13456,PT,Não eleito,205,1,14,48,0,Entre-Ijuís,210002075391
c4121,g25511,ver24,Seu Joao,Joao Carlos Amaral Franco,13213,PT,Não eleito,46,1,23,48,0,Entre-Ijuís,210002075392
c4122,g12279,ver24,Jarbas Carvalho,Jarbas Nunes Carvalho,13637,PT,Não eleito,17,1,40,48,0,Entre-Ijuís,210002075393
c4123,g40636,ver24,Sandra Gehm,Sandra Teresinha Gehm,13777,PT,Não eleito,4,1,48,48,0,Entre-Ijuís,210002075394
c4124,g51265,ver24,India Missioneira,Noemi da Luz Silva,13333,PT,Não eleito,31,1,30,48,0,Entre-Ijuís,210002075395
c4125,g32289,ver24,Nilva Seara,Nilva Antenorio da Silva Seara,13123,PT,Não eleito,104,1,91,153,0,Farroupilha,210002077298
c4126,g31947,ver24,Paulo Schneider,Paulo Afonso Schneider,13013,PT,Não eleito,121,1,87,153,0,Farroupilha,210002077299
c4127,g32838,ver24,Carlão Bernardi,Carlos Bernardi,13331,PT,Não eleito,23,1,142,153,0,Farroupilha,210002077300
c4128,g1864,ver24,Kimura,Jackson Junior Vidal,13321,PT,Não eleito,20,1,145,153,0,Farroupilha,210002077302
c4129,g20886,ver24,Suzana Maggioni Bertuol,Suzana Maggioni Bertuol,13456,PT,Não eleito,541,1,24,153,0,Farroupilha,210002077303
c4130,g5063,ver24,Célia Gaviraghi,Célia Rosa Gaviraghi,13333,PT,Não eleito,55,1,113,153,0,Farroupilha,210002077305
c4131,g50492,ver24,Renato Cesar,Renato Cesar Bernardo Bastos,13133,PT,Não eleito,33,1,129,153,0,Farroupilha,210002077306
c4132,g46552,ver24,Marcelo Covolan,Marcelo Covolan,13100,PT,Não eleito,77,1,103,153,0,Farroupilha,210002077307
c4133,g625,ver24,Cleiton Trânsito e Saúde,Cleiton da Silva Pereira,13678,PT,Não eleito,93,1,98,153,0,Farroupilha,210002077308
c4134,g24377,ver24,Donida,Amarildo Antonio Donida,11444,PP,Eleito,258,1,7,18,0,Rondinha,210002081500
c4135,g42288,ver24,Solange,Solange dos Santos Rosa,13013,PT,Não eleito,33,1,32,41,0,General Câmara,210002089413
c4136,g10738,ver24,Gelson,Gelson Souza de Azeredo,13513,PT,Não eleito,85,1,21,41,0,General Câmara,210002089414
c4137,g49710,ver24,Serginho,Sergio Ramos de Souza,13123,PT,Não eleito,28,1,33,41,0,General Câmara,210002089415
c4138,g18583,ver24,Neuza,Neuza Natalia Santos da Silva,13131,PT,Não eleito,5,1,41,41,0,General Câmara,210002089416
c4139,g40713,ver24,Rosi,Rosi Angela Baptista da Silva,13000,PT,Não eleito,57,1,25,41,0,General Câmara,210002089417
c4140,g22140,ver24,Beto Azambuja,Luiz Alberto Silva Azambuja,13100,PT,Não eleito,34,1,30,41,0,General Câmara,210002089418
c4141,g33352,ver24,Maninho Valério,Everaldo Pires Valério,12333,PDT,Suplente,59,1,31,52,0,Pinheiro Machado,210002103024
c4142,g6541,ver24,Miguel Paese,Miguel Angelo Paese,13456,PT,Eleito,326,1,13,49,0,Sananduva,210002105454
c4143,g22630,ver24,Adriana do Assentamento,Adriana Zanchet Martinelli,13655,PT,Suplente,131,1,31,49,0,Sananduva,210002105455
c4144,g26468,ver24,Maiqui Polli,Maiqui Polli,13123,PT,Suplente,173,1,24,49,0,Sananduva,210002105456
c4145,g38476,ver24,Marilise Bonez,Marilise Bonez,13313,PT,Suplente,74,1,41,49,0,Sananduva,210002105457
c4146,g32481,ver24,Marino Lovato,Marino Fortunato Lovato,13613,PT,Suplente,281,1,17,49,0,Sananduva,210002105458
c4147,g22917,ver24,Perondi,Vanderlei Perondi,13222,PT,Suplente,167,1,25,49,0,Sananduva,210002105459
c4148,g37045,ver24,Linda,Lindsay Loren Alves Leal Pinto Ferro,13333,PT,Suplente,142,1,29,49,0,Sananduva,210002105460
c4149,g40756,ver24,Cesar Monari,Cesar Luiz Monari,13013,PT,Suplente,96,1,38,49,0,Sananduva,210002105461
c4150,g42981,ver24,Adão Abelha,Adão Rubismar Mello,13456,PT,Não eleito,11,1,120,123,0,Camaquã,210002106204
c4151,g28085,ver24,Guri da Bicicleta,Adriano Tavares de Oliveira,13678,PT,Não eleito,12,1,118,123,0,Camaquã,210002106205
c4152,g34311,ver24,Eduardo Otto,Eduardo Otto da Silva,13991,PT,Não eleito,23,1,105,123,0,Camaquã,210002106206
c4153,g5953,ver24,Getúlio Ramos,Getúlio Nei Boaventura Ramos,13500,PT,Não eleito,18,1,114,123,0,Camaquã,210002106207
c4154,g14299,ver24,Fábio Sutil,Fábio Rodrigues Sutil,13222,PT,Não eleito,19,1,109,123,0,Camaquã,210002106208
c4155,g29521,ver24,Diovane Lopes,Diovani Fernandes Lopes,13000,PT,Não eleito,27,1,101,123,0,Camaquã,210002106209
c4156,g16917,ver24,Marivone Ramos,Marivone Goulart Ramos,13333,PT,Não eleito,667,1,19,123,0,Camaquã,210002106210
c4157,g41838,ver24,Carla Simone,Carla Simone de Oliveira Blaskowski,13555,PT,Não eleito,156,1,57,123,0,Camaquã,210002106211
c4158,g25898,ver24,Professor Edson,Edson Luis de Almeida Oliveira,13123,PT,Não eleito,671,1,17,123,0,Camaquã,210002106212
c4159,g42184,ver24,Valéria,Valéria da Silva Quadros,13936,PT,Não eleito,23,1,105,123,0,Camaquã,210002106213
c4160,g10534,ver24,Cris Lima,Carmem Cristiane Lima Rodrigues Romeira,13113,PT,Não eleito,35,1,98,123,0,Camaquã,210002106214
c4161,g13364,ver24,Maria do Povo,Ivania dos Santos,13612,PT,Suplente,32,1,18,18,0,Rondinha,210002108170
c4162,g12796,ver24,Marcon,Dilhermando Carlos Marcon,13655,PT,Eleito,407,1,2,18,0,Rondinha,210002108171
c4163,g35698,ver24,Longhi,Gilberto Angelico Longhi,13613,PT,Suplente,112,1,12,18,0,Rondinha,210002108172
c4164,g32973,ver24,Pirilampo,Beto Aloisio Berwig,13212,PT,Suplente,70,1,15,18,0,Rondinha,210002108173
c4165,g35957,ver24,Rosi Zantedeschi,Rosilene Ines Zantedeschi,13456,PT,Suplente,42,1,17,18,0,Rondinha,210002108174
c4166,g38039,ver24,Zico do Bairro,Sérgio Antônio Fortes da Silva,13333,PT,Eleito,275,1,6,18,0,Rondinha,210002108175
c4167,g35660,ver24,Cafe,Osmar Pereira Martins,13113,PT,Suplente,79,1,17,22,0,Pontão,210002108364
c4168,g21195,ver24,Neca,Margarida da Silva,13213,PT,Eleito,252,1,3,22,0,Pontão,210002108365
c4169,g8566,ver24,Dany,Daniela Caitano da Silva Oliveira,13444,PT,Eleito,190,1,5,22,0,Pontão,210002108366
c4170,g5555,ver24,Rosane,Rosane Maria de Moura Strehl,13013,PT,Suplente,174,1,8,22,0,Pontão,210002108367
c4171,g1405,ver24,Mauro,Mauro Matias Marcello,13777,PT,Suplente,136,1,11,22,0,Pontão,210002108368
c4172,g21283,ver24,Dente,Volnir Duarte Dente,13555,PT,Suplente,83,1,15,22,0,Pontão,210002108370
c4173,g19637,ver24,Gipe,Altemir Luiz Mocellin,13613,PT,Eleito,181,1,7,22,0,Pontão,210002108371
c4174,g47514,ver24,Tito,Euzebio Carlos Giordani,13313,PT,Eleito,245,1,7,32,0,Rodeio Bonito,210002110663
c4175,g11219,ver24,Adilio da Maia,Adilio Alves da Maia,13713,PT,Suplente,65,1,23,32,0,Rodeio Bonito,210002110664
c4176,g38058,ver24,Diepe,Eder Bariviera,13613,PT,Suplente,162,1,10,32,0,Rodeio Bonito,210002110665
c4177,g40625,ver24,Angela Taschetto,Angela Maria Taschetto,13013,PT,Suplente,99,1,17,32,0,Rodeio Bonito,210002110666
c4178,g19880,ver24,Cleonice Policeno,Cleonice Catarina Policeno Enderli,13213,PT,Suplente,11,1,31,32,0,Rodeio Bonito,210002110667
c4179,g30048,ver24,Cleusa Siprandi,Cleusa da Costa Siprandi,13513,PT,Suplente,153,1,12,32,0,Rodeio Bonito,210002110668
c4180,g20070,ver24,Nei Milani,Adronei Junior Milani,13123,PT,Suplente,49,1,25,32,0,Rodeio Bonito,210002110669
c4181,g13173,ver24,Katia Duarte,Katia Cilene de Quadros Duarte,13799,PT,Suplente,226,1,25,97,0,Santa Vitória do Palmar,210002114171
c4182,g46091,ver24,Tia Vau,Valquiria Brum da Silva,13176,PT,Suplente,27,1,76,97,0,Santa Vitória do Palmar,210002114172
c4183,g30857,ver24,Professor Mauricio,Mauricio Roque Silva de Freitas,13888,PT,Eleito,476,1,9,97,0,Santa Vitória do Palmar,210002114173
c4184,g39806,ver24,Claudiomar Pescador,Claudiomar Abreu de Moura,13016,PT,Suplente,165,1,30,97,0,Santa Vitória do Palmar,210002114174
c4185,g46699,ver24,Jussara Bacelo,Jussara Corrêa Bacelo,13013,PT,Suplente,45,1,65,97,0,Santa Vitória do Palmar,210002114175
c4186,g763,ver24,Guacira Maximila,Guacira Maximila dos Santos,13003,PT,Suplente,102,1,39,97,0,Santa Vitória do Palmar,210002114176
c4187,g19686,ver24,Vivi Muller,Viviane Maciel Muller,13654,PT,Suplente,446,1,13,97,0,Santa Vitória do Palmar,210002114177
c4188,g41974,ver24,Vera Borges,Vera Regina Teixeira Borges,13123,PT,Eleito,508,1,7,97,0,Santa Vitória do Palmar,210002114178
c4189,g40200,ver24,Secreta,Gilberto Soares dos Santos,13333,PT,Suplente,98,1,41,97,0,Santa Vitória do Palmar,210002114179
c4190,g27742,ver24,Rosi dos Legumes,Rosi Duarte de Oliveira Maia,13300,PT,Suplente,52,1,57,97,0,Santa Vitória do Palmar,210002114180
c4191,g4600,ver24,Caçapa Azulzinho,Paulo Clamir Terra Cardoso,13500,PT,Suplente,123,1,33,97,0,Santa Vitória do Palmar,210002114181
c4192,g44431,ver24,Carlinhos da Ambulância,Carlos Julio Capera Silvera,13000,PT,Eleito,544,1,6,97,0,Santa Vitória do Palmar,210002114182
c4193,g46946,ver24,Zelei Fernandes,Jozilei Fernandes,13369,PT,Suplente,185,1,27,97,0,Santa Vitória do Palmar,210002114183
c4194,g3097,ver24,Tchilila,Juscely dos Santos Cardoso de Aguiar,13456,PT,Suplente,456,1,12,97,0,Santa Vitória do Palmar,210002114184
c4195,g14614,ver24,Bino,Setembrino Valau Quevedo,13413,PT,Suplente,34,1,51,79,0,Tupanciretã,210002116403
c4196,g30750,ver24,Mirian,Mirian Marli Freitas de Lima,13013,PT,Suplente,11,1,72,79,0,Tupanciretã,210002116404
c4197,g3072,ver24,Joce Aquino,Jocelene Silveira Aquino,13607,PT,Suplente,337,1,13,79,0,Tupanciretã,210002116405
c4198,g51270,ver24,Pedro Costa,Pedro Urubatan Neto da Costa,13666,PT,Suplente,119,1,29,79,0,Tupanciretã,210002116406
c4199,g4260,ver24,Claudiomiro Nenê,Claudiomiro Cordeiro dos Santos,13613,PT,Eleito,564,1,4,79,0,Tupanciretã,210002116407
c4200,g37192,ver24,Edinei Cabelo,Edinei Rodrigues Correa,13500,PT,Suplente,12,1,71,79,0,Tupanciretã,210002116408
c4201,g5938,ver24,Neco,Joao Ildomar Pereira,13013,PT,Não eleito,23,1,21,30,0,Passa Sete,210002116462
c4202,g46090,ver24,Vanoli,Vanoli Jose de Oliveira,13115,PT,Não eleito,11,1,27,30,0,Passa Sete,210002116463
c4203,g15474,ver24,Noemi,Noemi da Silva,13123,PT,Não eleito,14,1,25,30,0,Passa Sete,210002116464
c4204,g8056,ver24,Priscila Veterinária,Priscila Zajdenwerg,13000,PT,Não eleito,89,1,22,27,0,Seberi,210002116721
c4205,g27821,ver24,Tinor,Arnildo Mayer,13013,PT,Não eleito,225,1,17,27,0,Seberi,210002116722
c4206,g39020,ver24,Juquinha,José Luís da Silva Oliveira,44044,UNIÃO,Não eleito,37,1,50,91,0,Cerro Grande do Sul,210002119534
c4207,g17550,ver24,Chay Souza,Chaiane Borges de Souza,45455,PSDB,Suplente,330,1,31,144,0,Vacaria,210002123749
c4208,g20028,ver24,Mamuty Petry,Cledio Osmir Petry,44678,UNIÃO,Eleito,110,1,7,87,0,Riozinho,210002125110
c4209,g36119,ver24,Luiz Vedovatto,Luiz Vedovatto,13456,PT,Não eleito,37,1,18,29,0,Cruzaltense,210002127786
c4210,g32406,ver24,Rosangela Loureiro,Rosangela Gomes Zanotto Loureiro da Silva,13111,PT,Não eleito,81,1,11,29,0,Cruzaltense,210002127787
c4211,g37887,ver24,Sirtuli,Lindomar Luis Sirtuli,13123,PT,Eleito,118,1,7,34,0,Entre Rios do Sul,210002129740
c4212,g42107,ver24,Baccin,José Antonio Baccin,13222,PT,Suplente,20,1,29,34,0,Entre Rios do Sul,210002129741
c4213,g50101,ver24,Nika,Vanderli Fátima Dalla Rosa,13580,PT,Suplente,37,1,21,34,0,Entre Rios do Sul,210002129742
c4214,g46979,ver24,Alex Cuco,Alex Maria,13456,PT,Eleito,194,1,2,34,0,Entre Rios do Sul,210002129743
c4215,g35253,ver24,João das Égua,João Antonio de Medeiros Neto,13113,PT,Suplente,77,1,14,34,0,Entre Rios do Sul,210002129744
c4216,g42293,ver24,Eder Mello,Ederson Mello,13640,PT,Eleito,98,1,9,34,0,Entre Rios do Sul,210002129745
c4217,g12441,ver24,Fabi,Fabiane Machado da Silveira,13111,PT,Suplente,81,1,13,34,0,Entre Rios do Sul,210002129746
c4218,g42448,ver24,Rosane,Rosane de Melo,13333,PT,Suplente,26,1,27,34,0,Entre Rios do Sul,210002129747
c4219,g22911,ver24,Neguinho,Claudir Ribeiro Jovenal,13645,PT,Suplente,82,1,11,34,0,Entre Rios do Sul,210002129748
c4220,g29285,ver24,Carine Teixeira,Carine de Fatima Teixeira,13789,PT,Suplente,52,1,18,25,0,Pinhal da Serra,210002131547
c4221,g21599,ver24,Fabiano da Agricultura,Fabiano Duarte,13333,PT,Suplente,51,1,19,25,0,Pinhal da Serra,210002131548
c4222,g21975,ver24,Lucas Anastacio,Lucas da Costa Anastacio,13456,PT,Eleito,119,1,10,25,0,Pinhal da Serra,210002131549
c4223,g15962,ver24,Marta Callai,Marta Fabiani Callai,13130,PT,Suplente,71,1,13,25,0,Pinhal da Serra,210002131550
c4224,g37216,ver24,Aline Mazzon,Aline Mazzon,13113,PT,Suplente,22,1,24,25,0,Pinhal da Serra,210002131551
c4225,g33698,ver24,Evandro Cabeça,Evandro Ribeiro Antunes,13123,PT,Suplente,86,1,12,25,0,Pinhal da Serra,210002131552
c4226,g3866,ver24,Tonico,Antonio Carlos Vieira Francisco,13000,PT,Suplente,30,1,22,25,0,Pinhal da Serra,210002131553
c4227,g47903,ver24,Marciano Longhi Barreiro,Marciano Silveira Longhi,13115,PT,Eleito,101,1,11,25,0,Pinhal da Serra,210002131554
c4228,g49112,ver24,Inocencio Duarte,Inocencio Vitorino Barros Duarte,13444,PT,Suplente,12,1,45,53,0,Jóia,210002131909
c4229,g41048,ver24,Lu Velasques,Luciane Domingues Velasques,13000,PT,Suplente,68,1,31,53,0,Jóia,210002131910
c4230,g41784,ver24,Mailde,Mailde Dias Machado,13222,PT,Suplente,11,1,47,53,0,Jóia,210002131911
c4231,g24885,ver24,Gabriela de Lima Laureano,Gabriela Lima Laureano Binotto,13113,PT,Suplente,41,1,35,53,0,Jóia,210002131912
c4232,g46406,ver24,Adenilson Bode,Adenilson de Souza,13655,PT,Eleito,289,1,2,53,0,Jóia,210002131913
c4233,g30418,ver24,Jesus Fernandes,Jesus Fernandes,13333,PT,Suplente,30,1,37,53,0,Jóia,210002131914
c4234,g40255,ver24,Lucimara,Lucimara Kuffel,13111,PT,Suplente,74,1,30,53,0,Jóia,210002131915
c4235,g24937,ver24,Fabio Coletivo Amanha Melhor,Fábio Reis Silva,13123,PT,Suplente,189,1,8,53,0,Jóia,210002131916
c4236,g7832,ver24,Inez Guadagnin,Inez Guadagnin,13013,PT,Não eleito,34,1,32,40,0,Ibiraiaras,210002132302
c4237,g46630,ver24,Altamir Cirino,Altamir da Silva,13613,PT,Não eleito,30,1,34,40,0,Ibiraiaras,210002132303
c4238,g11344,ver24,Didi,Ari Benedetti,13123,PT,Não eleito,25,1,35,40,0,Ibiraiaras,210002132304
c4239,g50836,ver24,Fernando Daros,Fernando Daros,13213,PT,Não eleito,142,1,11,40,0,Ibiraiaras,210002132305
c4240,g19661,ver24,Terezinha Barea,Terezinha Lourdes de Oliveira Barea,13113,PT,Não eleito,19,1,36,40,0,Ibiraiaras,210002132306
c4241,g49392,ver24,Vilmar Todeschini,Vilmar Todeschini,13655,PT,Não eleito,85,1,23,40,0,Ibiraiaras,210002132307
c4242,g48349,ver24,Jose Altamir Gringo,Jose Altamir de Oliveira,13613,PT,Não eleito,5,1,27,27,0,Gramado dos Loureiros,210002134170
c4243,g44269,ver24,Professor Ivan,Ivan Alcione Tosi,13000,PT,Não eleito,61,1,12,27,0,Gramado dos Loureiros,210002134171
c4244,g16559,ver24,Gringa,Rosilda Fortes da Silva,13333,PT,Não eleito,46,1,17,27,0,Gramado dos Loureiros,210002134172
c4245,g30132,ver24,Amanda,Amanda Santana,13444,PT,Não eleito,56,1,33,52,0,Nonoai,210002135231
c4246,g25854,ver24,Veveco,Aguinaldo Fortes,13000,PT,Não eleito,61,1,32,52,0,Nonoai,210002135232
c4247,g3274,ver24,Ata,Altair Molinetti,13222,PT,Não eleito,31,1,43,52,0,Nonoai,210002135233
c4248,g31941,ver24,Doutor André,André Luiz Moreira Hypólito,13123,PT,Não eleito,135,1,20,52,0,Nonoai,210002135234
c4249,g40469,ver24,Preto,Denir de Borba,13456,PT,Não eleito,170,1,17,52,0,Nonoai,210002135235
c4250,g45230,ver24,Barrage,Neivaldo Pedro Damin,13555,PT,Não eleito,113,1,21,52,0,Nonoai,210002135236
c4251,g40657,ver24,Enir,Enir Domingues,13333,PT,Não eleito,45,1,39,52,0,Nonoai,210002135237
c4252,g38257,ver24,Maria Salete,Maria Salete Portela,13200,PT,Não eleito,18,1,47,52,0,Nonoai,210002135239
c4253,g14728,ver24,Jocimar Nego,Jocimar Antonio Ferreira,13525,PT,Suplente,161,1,33,86,0,Lagoa Vermelha,210002136055
c4254,g4064,ver24,Ari Sasset,Arivaldes Sasset,13013,PT,Suplente,102,1,43,86,0,Lagoa Vermelha,210002136056
c4255,g36776,ver24,Ida Costa,Idalina Ferreira da Costa,13655,PT,Suplente,55,1,55,86,0,Lagoa Vermelha,210002136057
c4256,g15330,ver24,Lourdes Dolares,Lourdes Dolares,13222,PT,Suplente,46,1,59,86,0,Lagoa Vermelha,210002136058
c4257,g41439,ver24,Gentil Boeno,Gentil Paz Boeno,13855,PT,Suplente,126,1,38,86,0,Lagoa Vermelha,210002136059
c4258,g47814,ver24,Pingo,Neri Chaves da Silva,13113,PT,Suplente,224,1,25,86,0,Lagoa Vermelha,210002136060
c4259,g9504,ver24,Paula Castilhos,Paula Fernanda Castilhos Domingues Baggio,13313,PT,Eleito,282,1,19,86,0,Lagoa Vermelha,210002136061
c4260,g6988,ver24,Rogerio Borges,Sergio Rogerio de Lima Borges,13130,PT,Suplente,20,1,75,86,0,Lagoa Vermelha,210002136062
c4261,g22320,ver24,Seloy Brandão,Seloy Ferreira Brandão,13013,PT,Não eleito,15,1,38,50,0,Caraá,210002137176
c4262,g12824,ver24,Antonio Pisoni,Antônio Pisoni,13030,PT,Não eleito,13,1,40,50,0,Caraá,210002137177
c4263,g42413,ver24,Luiz,Luiz Fernando Fitz,13131,PT,Não eleito,10,1,42,50,0,Caraá,210002137178
c4264,g44728,ver24,Leni Maria Morena,Leni Maria de Oliveira Souza,13330,PT,Não eleito,3,1,48,50,0,Caraá,210002137179
c4265,g408,ver24,Simone Beatricci,Simone Zani Beatricci,13123,PT,Não eleito,152,1,14,50,0,Caraá,210002137180
c4266,g24758,ver24,Professora Inês Reichert,Inês Caroline Reichert,13013,PT,Suplente,1187,1,36,151,0,Novo Hamburgo,210002138333
c4267,g11622,ver24,João França,João Pedro de França,13200,PT,Suplente,344,1,71,151,0,Novo Hamburgo,210002138334
c4268,g26104,ver24,André Dutra,André da Silva Dutra,13069,PT,Suplente,161,1,98,151,0,Novo Hamburgo,210002138335
c4269,g38121,ver24,Enio Brizola,Enio Antonio Brizola,13133,PT,Eleito,2247,1,11,151,0,Novo Hamburgo,210002138336
c4270,g14980,ver24,Fabiano da Telemensagem,Fabiano da Silva,13333,PT,Suplente,141,1,103,151,0,Novo Hamburgo,210002138338
c4271,g28475,ver24,Lúcio Pithan,Lúcio Mauro Muniz Pithan,13300,PT,Suplente,136,1,104,151,0,Novo Hamburgo,210002138339
c4272,g18492,ver24,Professora Luciana Martins,Luciana Andreia Martins,13000,PT,Eleito,2692,1,6,151,0,Novo Hamburgo,210002138341
c4273,g21267,ver24,Nilson Torriano,Nilson Torriano,13800,PT,Suplente,1735,1,19,151,0,Novo Hamburgo,210002138342
c4274,g22780,ver24,Xica Seibel,Jorgia Marisa Seibel,13613,PT,Suplente,837,1,44,151,0,Novo Hamburgo,210002138343
c4275,g49044,ver24,Marli Araújo,Marli Aparecida Naloski Araújo,13445,PT,Suplente,20,1,144,151,0,Novo Hamburgo,210002138344
c4276,g14634,ver24,Odilon Santos,Odilon da Silva Santos,13600,PT,Suplente,54,1,130,151,0,Novo Hamburgo,210002138345
c4277,g41659,ver24,Genoeva,Genoeva da Silva,13268,PT,Suplente,77,1,121,151,0,Novo Hamburgo,210002138346
c4278,g45318,ver24,Will Ferraz,Will Robson Ferraz D Elly,13123,PT,Suplente,1855,1,15,151,0,Novo Hamburgo,210002138347
c4279,g44275,ver24,Fabio Molina,Fabio Molina Vargas,12300,PDT,Suplente,287,1,20,80,0,Itaqui,210002141071
c4280,g26560,ver24,Rubão,Ruben Terres de Oliveira,13123,PT,Não eleito,15,1,25,29,0,Herveiras,210002141155
c4281,g7743,ver24,Elisa de Quadros,Elisângela Cristina de Quadros,13000,PT,Não eleito,19,1,23,29,0,Herveiras,210002141156
c4282,g35406,ver24,Jaque,Jaqueline Bianchi,13333,PT,Suplente,76,1,12,34,0,Santo Antônio do Palma,210002141673
c4283,g37679,ver24,Spibida,Ademir Spibida,13051,PT,Suplente,35,1,20,34,0,Santo Antônio do Palma,210002141674
c4284,g8542,ver24,Andressa Marcynski,Andressa de Deus Marcynski,13123,PT,Eleito,82,1,10,34,0,Santo Antônio do Palma,210002141675
c4285,g6573,ver24,Marco,Marco Antonio Andretta,13030,PT,Suplente,51,1,15,34,0,Santo Antônio do Palma,210002141676
c4286,g50586,ver24,Dorotea,Dorotea Marcynski Ziemniczak,13456,PT,Suplente,17,1,27,34,0,Santo Antônio do Palma,210002141677
c4287,g34062,ver24,Juliane,Juliane Irene Marczinski,13666,PT,Eleito,128,1,2,34,0,Santo Antônio do Palma,210002141678
c4288,g12196,ver24,Eliane,Eliane Zanco,13013,PT,Suplente,50,1,16,34,0,Santo Antônio do Palma,210002141679
c4289,g1955,ver24,Airton,Airton Jose Petrikowski,13655,PT,Suplente,52,1,14,34,0,Santo Antônio do Palma,210002141680
c4290,g49978,ver24,Cesar,Cesar Semanski,13113,PT,Eleito,84,1,9,34,0,Santo Antônio do Palma,210002141681
c4291,g37089,ver24,Lourdes Garlet,Lourdes Lago Garlet,15400,MDB,Suplente,54,1,24,37,0,Faxinal do Soturno,210002142300
c4292,g33544,ver24,Emerson Rech,Emerson Luis Rech,13610,PT,Suplente,63,1,28,47,0,Vale do Sol,210002144377
c4293,g15923,ver24,Leandro de Moura,Leandro de Moura,13450,PT,Suplente,67,1,25,47,0,Vale do Sol,210002144378
c4294,g6938,ver24,Mauro Mueller,Mauro Francisco Mueller,13678,PT,Eleito,232,1,9,47,0,Vale do Sol,210002144379
c4295,g48386,ver24,Sadi da Silva,Sadi Lopes da Silva,13777,PT,Suplente,12,1,45,47,0,Vale do Sol,210002144380
c4296,g42760,ver24,Nilson Flesch,Nilson Flesch,13602,PT,Suplente,66,1,26,47,0,Vale do Sol,210002144381
c4297,g45902,ver24,Lidia Finkler,Lidia Tondello Finkler,13600,PT,Suplente,14,1,44,47,0,Vale do Sol,210002144382
c4298,g34203,ver24,Amanda Rohlfes,Amanda Rohlfes Werner,13625,PT,Suplente,78,1,22,47,0,Vale do Sol,210002144383
c4299,g613,ver24,Roberto Carlos,Roberto Carlos da Silva Lopes,13455,PT,Suplente,49,1,30,47,0,Vale do Sol,210002144384
c4300,g26722,ver24,Mauricio de Carvalho,Mauricio de Carvalho,13025,PT,Suplente,203,1,12,47,0,Vale do Sol,210002144385
c4301,g49775,ver24,Lucimara Vilas Nova,Lucimara Vilas Nova,13613,PT,Suplente,38,1,35,47,0,Vale do Sol,210002144386
c4302,g17992,ver24,Lelê do Coletivo,Alessandra Garcia de Souza,13123,PT,Suplente,473,1,68,290,0,Viamão,210002145253
c4303,g41274,ver24,Dedé Silveira,Dejacquisson da Silveira Roloff,13141,PT,Suplente,30,1,253,290,0,Viamão,210002145254
c4304,g19281,ver24,Ridi,Eliseu Fagundes Chaves,13300,PT,Suplente,946,1,33,290,0,Viamão,210002145255
c4305,g30431,ver24,Isa Empreendedora,Isabel Victoria de Souza,13434,PT,Suplente,109,1,176,290,0,Viamão,210002145256
c4306,g29268,ver24,Ivan Prado,Ivan Carlos Prado Pereira,13655,PT,Suplente,296,1,105,290,0,Viamão,210002145257
c4307,g266,ver24,Coletivamos Adriana Damasceno,Adriana Damasceno da Rocha,13100,PT,Suplente,624,1,52,290,0,Viamão,210002145258
c4308,g43104,ver24,Rhosângela Silvério,Rosângela Maria Sant Anna Silvério,13237,PT,Suplente,102,1,180,290,0,Viamão,210002145259
c4309,g21072,ver24,Dani Rosa,Daniela Rosa Neves,13678,PT,Suplente,729,1,46,290,0,Viamão,210002145260
c4310,g35245,ver24,Alex Boscaini,Alex Sander Alves Boscaini,13040,PT,Eleito,1350,1,14,290,0,Viamão,210002145261
c4311,g19473,ver24,Maique Eletricista,Maique Douglas Silva da Silva,13777,PT,Suplente,88,1,193,290,0,Viamão,210002145262
c4312,g20566,ver24,Lulinha,Luiz Adriano Mesquita Soares,13063,PT,Suplente,10,1,283,290,0,Viamão,210002145264
c4313,g27571,ver24,Karla Renée,Karla Renée Machado,13019,PT,Suplente,619,1,53,290,0,Viamão,210002145265
c4314,g34493,ver24,Lirio Ortiz,Lirio Cézar Ortiz Bittencourt,13204,PT,Suplente,375,1,88,290,0,Viamão,210002145266
c4315,g50880,ver24,Mari do Chicão,Mariluz Rodrigues da Silva,13555,PT,Suplente,47,1,230,290,0,Viamão,210002145267
c4316,g25780,ver24,Marisa Madruga,Marisa Fernanda Madruga,13013,PT,Suplente,132,1,165,290,0,Viamão,210002145268
c4317,g13758,ver24,Nadia Silva,Nadia Pereira da Silva,13025,PT,Suplente,50,1,226,290,0,Viamão,210002145269
c4318,g170,ver24,Paulo Franqueira,Paulo Roberto Dorneles Franqueira,13131,PT,Suplente,103,1,178,290,0,Viamão,210002145272
c4319,g34151,ver24,Aninha do Brechó,Ana Lucia Custodio Rios,13250,PT,Suplente,33,1,250,290,0,Viamão,210002145273
c4320,g50474,ver24,Ataides da Silva,Ataides da Silva,15789,MDB,Eleito,207,1,9,64,0,Candiota,210002146337
c4321,g27983,ver24,Moreta,Ronaldo Jair Donida,12012,PDT,Eleito,509,1,5,93,0,Guaporé,210002146761
c4322,g38822,ver24,Neto Viana,Sisinio Viana Guimaraes,13123,PT,Eleito,398,1,1,48,0,Lavras do Sul,210002147022
c4323,g42266,ver24,Jorge Barbosa,Jorge Luiz Barbosa,13856,PT,Suplente,2,1,48,48,0,Lavras do Sul,210002147023
c4324,g725,ver24,Claudinha do Pt,Claudia Lopes Garcia,13013,PT,Suplente,59,1,23,48,0,Lavras do Sul,210002147024
c4325,g21177,ver24,Cassiane Saraiva,Cassiane Saraiva,13000,PT,Suplente,13,1,40,48,0,Lavras do Sul,210002147026
c4326,g51185,ver24,Jaciara Melo,Lúcia Jaciara de Melo Coelho,13222,PT,Suplente,5,1,44,48,0,Lavras do Sul,210002147027
c4327,g21655,ver24,Ruan Ernandes,Ruan Ernandes Daroncho Trindade,13333,PT,Suplente,11,1,42,48,0,Lavras do Sul,210002147028
c4328,g31826,ver24,Tio Sema,Jose Semarino Lopes de Oliveira,13013,PT,Não eleito,0,0,41,47,74,Santana da Boa Vista,210002147137
c4329,g34764,ver24,Jairinho,Jarisson de Oliveira Souza,13019,PT,Não eleito,0,0,41,47,0,Santana da Boa Vista,210002147138
c4330,g28414,ver24,Karol Cardoso,Karolina de Souza Cardoso,13025,PT,Não eleito,0,0,41,47,0,Santana da Boa Vista,210002147139
c4331,g22620,ver24,Maurício,Joao Mauricio Rosa de Oliveira,13555,PT,Não eleito,0,0,41,47,124,Santana da Boa Vista,210002147140
c4332,g10982,ver24,Arleth Vieira,Arleth Saraiva Vieira,13003,PT,Não eleito,0,0,41,47,5,Santana da Boa Vista,210002147141
c4333,g23965,ver24,Mauro Krusser,Jose Mauro Borba Krusser,13007,PT,Não eleito,0,0,41,47,68,Santana da Boa Vista,210002147142
c4334,g24967,ver24,Josi Lopes,Jusiane Lopes de Oliveira,13000,PT,Não eleito,0,0,41,47,56,Santana da Boa Vista,210002147143
c4335,g35301,ver24,Paulinho da Luz,Paulo Francisco Rodrigues,20123,PODE,Não eleito,96,1,113,176,0,Bagé,210002147381
c4336,g27686,ver24,Celica,Celica Vebber,13123,PT,Eleito,283,1,5,30,0,Ipê,210002147515
c4337,g23295,ver24,Janete Agustini Pauletti,Janete de Fátima Agustini Pauletti,13333,PT,Suplente,128,1,14,30,0,Ipê,210002147516
c4338,g19612,ver24,Quide,Leoclides Antônio Marcon,13122,PT,Suplente,47,1,19,30,0,Ipê,210002147517
c4339,g37088,ver24,Egídio,Luiz Egidio Henkes,13012,PT,Suplente,5,1,30,30,0,Ipê,210002147518
c4340,g22542,ver24,Fabiano Lovatel Sabiá,Fabiano Lovatel,13888,PT,Suplente,167,1,11,30,0,Ipê,210002147519
c4341,g36071,ver24,Izabel  Béia,Izabel Paim de Oliveira,13313,PT,Suplente,23,1,26,30,0,Ipê,210002147520
c4342,g48587,ver24,Pretinho das Mensagens,Reumar José Abbady da Mota,13213,PT,Suplente,383,1,34,113,0,Sapiranga,210002149094
c4343,g1254,ver24,Marion Trindade,Marion Trindade de Araujo,13777,PT,Suplente,32,1,99,113,0,Sapiranga,210002149095
c4344,g18272,ver24,Fiama Simonete,Fiama Coutinho Simonete,13133,PT,Suplente,127,1,62,113,0,Sapiranga,210002149097
c4345,g23396,ver24,João Moraes,João Rudinei Moraes,13633,PT,Suplente,528,1,29,113,0,Sapiranga,210002149098
c4346,g12698,ver24,Enfermeira Claudete,Claudete do Nascimento,13613,PT,Suplente,143,1,58,113,0,Sapiranga,210002149099
c4347,g2014,ver24,Profe Elô Pinheiro,Eloni Lopes Pinheiro,13333,PT,Suplente,193,1,50,113,0,Sapiranga,210002149100
c4348,g4846,ver24,Professora Mari,Maria Elete Viana Farias,13123,PT,Suplente,672,1,23,113,0,Sapiranga,210002149102
c4349,g50172,ver24,Gabrielly de Oliveira,Gabrielly de Oliveira,13113,PT,Eleito,877,1,15,113,0,Sapiranga,210002149103
c4350,g13727,ver24,Dico do Táxi,Lauderi Avelino dos Santos,13444,PT,Suplente,356,1,38,113,0,Sapiranga,210002149104
c4351,g46570,ver24,Jorge Lyra,Jorge Luis Pereira Lyra,13555,PT,Suplente,110,1,13,19,0,Barracão,210002149835
c4352,g10396,ver24,Vilson,Vilson Girardi Jacobi,13111,PT,Eleito,162,1,10,19,0,Barracão,210002149836
c4353,g40014,ver24,Teonila Xavier,Teonila da Silva Xavier,13456,PT,Suplente,79,1,15,19,0,Barracão,210002149837
c4354,g17095,ver24,Alice Ribeiro,Alice de Souza Ribeiro,13015,PT,Eleito,275,1,12,72,0,Júlio de Castilhos,210002151075
c4355,g38368,ver24,Doraci Pacheco Filho,Doraci Pacheco Filho,13700,PT,Suplente,173,1,28,72,0,Júlio de Castilhos,210002151076
c4356,g21041,ver24,Elheotener O Agente de Saude,Elheotener Fernando dos Santos,13500,PT,Suplente,170,1,29,72,0,Júlio de Castilhos,210002151077
c4357,g15031,ver24,Zelia Moreira,Zelia Moreira dos Santos,13777,PT,Suplente,7,1,69,72,0,Júlio de Castilhos,210002151078
c4358,g43941,ver24,Vagner Maydana,Vagner Rolim Maydana,13789,PT,Suplente,153,1,32,72,0,Júlio de Castilhos,210002151079
c4359,g28230,ver24,Fernando Abdalla,Fernando Husein Isa Abdalla,13013,PT,Suplente,130,1,34,72,0,Júlio de Castilhos,210002151080
c4360,g44904,ver24,Elieser Severo,Elieser Borges Severo,13000,PT,Suplente,140,1,33,72,0,Júlio de Castilhos,210002151081
c4361,g1019,ver24,Paulinho do Hospital,Paulo Francisco de Amorim,13555,PT,Suplente,38,1,53,72,0,Júlio de Castilhos,210002151082
c4362,g42812,ver24,Claudia Bastos,Claudia Lucen Trindade Bastos,13339,PT,Suplente,17,1,61,72,0,Júlio de Castilhos,210002151083
c4363,g16244,ver24,Rosane Maidana,Rosane de Fatima Aquino Maidana,13123,PT,Suplente,45,1,48,72,0,Júlio de Castilhos,210002151084
c4364,g38112,ver24,Marcos Sarava,Marcos Antonio Neves dos Santos,13613,PT,Suplente,41,1,51,72,0,Júlio de Castilhos,210002151085
c4365,g20640,ver24,Roque Vanderlei,Roque Vanderlei da Silva,13111,PT,Suplente,183,1,27,72,0,Júlio de Castilhos,210002151086
c4366,g19154,ver24,Ederson Vaz,Ederson Vaz,13777,PT,Suplente,12,1,30,32,0,Erval Grande,210002153980
c4367,g19620,ver24,Fatima Munaro,Fatima Portigliotti Munaro,13013,PT,Suplente,14,1,28,32,0,Erval Grande,210002153981
c4368,g3804,ver24,Lauri Tessaro,Lauri Tessaro,13333,PT,Eleito,243,1,3,32,0,Erval Grande,210002153982
c4369,g28060,ver24,Perea,Alcir Francisco Maccari,13555,PT,Suplente,169,1,9,32,0,Erval Grande,210002153983
c4370,g13216,ver24,Noeli Wieczynski,Noeli Salete Wieczynski,13666,PT,Suplente,65,1,21,32,0,Erval Grande,210002153984
c4371,g23623,ver24,Neusa,Neusa Maria Goularte de Souza,13001,PT,Não eleito,184,1,21,82,0,São Jerônimo,210002154442
c4372,g30619,ver24,Fafa Pimenta,Fabio Demarco Echevengua,13777,PT,Não eleito,37,1,56,82,0,São Jerônimo,210002154443
c4373,g50533,ver24,Paulinho Barbeiro,Paulo Rogério Teixeira dos Santos,13007,PT,Não eleito,51,1,49,82,0,São Jerônimo,210002154444
c4374,g33581,ver24,Rochele Chananeco,Rochele Chananeco de Souza,13008,PT,Não eleito,181,1,22,82,0,São Jerônimo,210002154445
c4375,g40709,ver24,Jorge Francisco,Jorge Francisco Teixeira da Cruz Junior,13999,PT,Não eleito,15,1,64,82,0,São Jerônimo,210002154446
c4376,g5748,ver24,Lourdes Viana,Maria de Lourdes Jorge Viana Silveira,13456,PT,Não eleito,11,1,66,82,0,São Jerônimo,210002154447
c4377,g40460,ver24,Wagner Toco,Wagner Maia Spier,13000,PT,Não eleito,120,1,34,82,0,São Jerônimo,210002154448
c4378,g23365,ver24,Jonatã Ramos Jojo,Jonatã Ramos da Silva,13925,PT,Não eleito,32,1,59,82,0,São Jerônimo,210002154449
c4379,g45143,ver24,Fábio do Gás,Fábio Júnior da Silva Ávila,13333,PT,Não eleito,42,1,53,82,0,São Jerônimo,210002154450
c4380,g30886,ver24,Professor Luis Carlos Menezes,Luis Carlos de Abreu Menezes,13888,PT,Não eleito,27,1,62,82,0,São Jerônimo,210002154451
c4381,g6966,ver24,Letícia Osanai,Letícia Osanai,13130,PT,Não eleito,81,1,44,82,0,São Jerônimo,210002154452
c4382,g28400,ver24,Beto Pradella,Gilberto Pradella,13555,PT,Não eleito,166,1,26,82,0,São Jerônimo,210002154453
c4383,g2582,ver24,João Vagalume,João Maria da Silva Rodrigues,13013,PT,Suplente,10,1,44,47,0,Redentora,210002155053
c4384,g37684,ver24,Tauana Silva,Tauana Silva do Nascimento,13777,PT,Suplente,7,1,46,47,0,Redentora,210002155054
c4385,g49521,ver24,Danilo Amaral O Niko,Danilo Amaral,13555,PT,Suplente,85,1,25,47,0,Redentora,210002155055
c4386,g42834,ver24,Vanderlei da Rosa,Vanderlei da Rosa,13655,PT,Eleito,429,1,1,47,0,Redentora,210002155056
c4387,g21186,ver24,Solange Rodrigues,Solange Graciele Rodrigues,13130,PT,Suplente,11,1,43,47,0,Redentora,210002155057
c4388,g25154,ver24,Ivonildo,Ivonildo Aldair dos Santos Vieira,13650,PT,Suplente,219,1,8,47,0,Redentora,210002155058
c4389,g51089,ver24,Eliane,Eliane Vicente,13690,PT,Suplente,84,1,27,47,0,Redentora,210002155059
c4390,g21659,ver24,Adair,Adair Ludke,13000,PT,Eleito,64,1,9,17,0,Engenho Velho,210002155099
c4391,g27833,ver24,Sassá,Sergio Cabral Ribeiro,13234,PT,Suplente,50,1,11,17,0,Engenho Velho,210002155100
c4392,g32855,ver24,Cema,Graciema Rosa Rissotto,13123,PT,Eleito,56,1,10,17,0,Engenho Velho,210002155101
c4393,g24018,ver24,Marli da Veiga,Marli Pedroso da Veiga,13456,PT,Suplente,34,1,14,17,0,Engenho Velho,210002155103
c4394,g6246,ver24,Valdecir Quevedo,Valdecir Soares Quevedo,13131,PT,Não eleito,0,0,29,30,4,Jari,210002155198
c4395,g14489,ver24,Marçal Santos de Oliveira,Marçal Santos de Oliveira,13013,PT,Não eleito,4,1,27,30,0,Jari,210002155199
c4396,g2863,ver24,Lucia da Fontoura de Lima,Lucia da Fontoura de Lima,13107,PT,Não eleito,0,0,29,30,43,Jari,210002155200
c4397,g25219,ver24,André Alcebiades Kabelo,André Alcebiades Ferreira,13000,PT,Não eleito,32,1,57,65,0,Estância Velha,210002155403
c4398,g717,ver24,Paulo Kehl,Jose Paulo Kehl,13130,PT,Não eleito,70,1,47,65,0,Estância Velha,210002155404
c4399,g43190,ver24,Enfermeira Marcia Ribeiro,Marcia Ines Ribeiro,13013,PT,Não eleito,855,1,10,65,0,Estância Velha,210002155405
c4400,g34972,ver24,Lidia Kohlrausch,Lidia Maria Kohlrausch,13008,PT,Não eleito,91,1,40,65,0,Estância Velha,210002155406
c4401,g6428,ver24,Noeli Recktenwalt,Noeli Recktenwalt,13113,PT,Não eleito,26,1,59,65,0,Estância Velha,210002155407
c4402,g10349,ver24,Professor Rafael,Rafael Baum,13001,PT,Não eleito,398,1,20,65,0,Estância Velha,210002155408
c4403,g6859,ver24,Natalia,Natalia Herta Weimer,13123,PT,Não eleito,50,1,53,65,0,Estância Velha,210002155409
c4404,g25089,ver24,Teca Spolavori,Elaine Wolfle Spolavori,13013,PT,Não eleito,130,1,28,84,0,Tapes,210002157108
c4405,g39751,ver24,Ali Baptista,Alexandre Baptista,13300,PT,Não eleito,35,1,51,84,0,Tapes,210002157109
c4406,g18356,ver24,Alex Souza,Alex de Souza e Silva,13131,PT,Não eleito,22,1,63,84,0,Tapes,210002157110
c4407,g49959,ver24,Mario Aguiar,Mario Oscar Vieira de Aguiar,13333,PT,Não eleito,3,1,83,84,0,Tapes,210002157111
c4408,g41685,ver24,Jara Alencastro,Jaralise Souza Alencastro de Carvalho,13007,PT,Não eleito,14,1,70,84,0,Tapes,210002157112
c4409,g28792,ver24,Paulo Silveira,Paulo Emilio Borges Silveira,13313,PT,Não eleito,35,1,51,84,0,Tapes,210002157113
c4410,g17903,ver24,Arildo Oliveira,Arildo Gonçalves de Oliveira,13100,PT,Suplente,338,1,40,108,0,Alegrete,210002158824
c4411,g19958,ver24,Loivana Gassner,Loivana Gassner,13033,PT,Suplente,288,1,43,108,0,Alegrete,210002158825
c4412,g26804,ver24,Caca Rocha,Claudiomiro da Silva Rocha,13601,PT,Suplente,415,1,35,108,0,Alegrete,210002158826
c4413,g45995,ver24,Me Lindinho Clodoaldo de Oxalá,Clodoaldo Soares Rodrigues,13789,PT,Suplente,270,1,48,108,0,Alegrete,210002158827
c4414,g41214,ver24,Edinalvo,Edinalvo Miranda de Santana,13613,PT,Suplente,125,1,72,108,0,Alegrete,210002158829
c4415,g13989,ver24,Ana Lidiane,Ana Lidiane Santos dos Santos,13456,PT,Suplente,32,1,98,108,0,Alegrete,210002158830
c4416,g25770,ver24,Flávio Escobar,Flávio Roberto da Fonseca Escobar,13070,PT,Suplente,71,1,87,108,0,Alegrete,210002158831
c4417,g30471,ver24,Victor Lobins,Victor Luiz Gomes Lobins da Silva,13500,PT,Suplente,267,1,50,108,0,Alegrete,210002158833
c4418,g45843,ver24,Paulo Berquó,Paulo Antonio Berquó Farias,13222,PT,Eleito,822,1,9,108,0,Alegrete,210002158834
c4419,g15275,ver24,Paula Fernanda,Paula Fernanda de Souza França,13000,PT,Suplente,79,1,85,108,0,Alegrete,210002158835
c4420,g10781,ver24,Clarissa Fioravante,Clarissa Fernandes Dias Fioravante,13123,PT,Suplente,26,1,100,108,0,Alegrete,210002158836
c4421,g31636,ver24,Prof e Policial Wanderley,Vanderlei Silveira de Paula,13300,PT,Suplente,108,1,74,108,0,Alegrete,210002158837
c4422,g29242,ver24,Marcia do Hospital,Marcia Dias do Canto,13130,PT,Suplente,36,1,52,68,0,São Pedro do Sul,210002160305
c4423,g44019,ver24,Arizoli  - Lica,Arizoli Flores Sacerdote,13111,PT,Eleito,241,1,14,68,0,São Pedro do Sul,210002160306
c4424,g40041,ver24,Andre Soares,Andre de Quevedo Soares,13333,PT,Suplente,128,1,24,68,0,São Pedro do Sul,210002160307
c4425,g41050,ver24,Enio Dias Barcellos,Enio Dias Barcellos,13999,PT,Suplente,220,1,17,68,0,São Pedro do Sul,210002160308
c4426,g34531,ver24,Sidinei da Mota,Sidinei Pereira da Mota,13038,PT,Suplente,56,1,42,68,0,São Pedro do Sul,210002160309
c4427,g27428,ver24,Artemio Dias Diniz,Artemio Dias Diniz,13000,PT,Suplente,161,1,20,68,0,São Pedro do Sul,210002160310
c4428,g47291,ver24,Enio Trindade,Enio Trindade de Barros,13777,PT,Suplente,60,1,38,68,0,São Pedro do Sul,210002160311
c4429,g10255,ver24,Prof. Mara Jaqueline,Mara Jaqueline da Silva Nunes,13828,PT,Suplente,37,1,51,68,0,São Pedro do Sul,210002160312
c4430,g23337,ver24,Silvane Damitz Peres,Silvane Damitz Peres,13530,PT,Suplente,40,1,48,68,0,São Pedro do Sul,210002160313
c4431,g14457,ver24,Graziela Prof. Gr@Zi,Graziela Marafiga Kaus,13614,PT,Eleito,511,1,2,68,0,São Pedro do Sul,210002160314
c4432,g6149,ver24,Ta Legal,Nelcir Jose Birrer Kist,13123,PT,Suplente,154,1,21,68,0,São Pedro do Sul,210002160315
c4433,g778,ver24,Claudia Lencina,Claudia de Oliveira Lencina,13017,PT,Não eleito,11,1,42,46,0,Paraíso do Sul,210002160707
c4434,g27777,ver24,Zeca Lovato,Jose Orestes Lovato,13655,PT,Não eleito,191,1,9,46,0,Paraíso do Sul,210002160708
c4435,g3946,ver24,Hermes Rodrigues,Hermes Carlos Rodrigues,13456,PT,Não eleito,80,1,18,46,0,Paraíso do Sul,210002160709
c4436,g1443,ver24,Maria Eroni Massierer,Maria Eroni de Mello Massierer,13260,PT,Não eleito,14,1,39,46,0,Paraíso do Sul,210002160710
c4437,g47110,ver24,Marina Salles,Marina Bilha Salles,13013,PT,Não eleito,45,1,30,46,0,Paraíso do Sul,210002160711
c4438,g19412,ver24,Antenor Desconsi,Antenor Antonio Desconsi,13120,PT,Eleito,134,1,10,24,0,Doutor Maurício Cardoso,210002161268
c4439,g43373,ver24,Marcia Schonarth,Marcia Susana Schonarth,13555,PT,Suplente,18,1,22,24,0,Doutor Maurício Cardoso,210002161269
c4440,g24261,ver24,Carmen Schimaniak,Carmen Lucia Schimaniak,13013,PT,Suplente,60,1,15,24,0,Doutor Maurício Cardoso,210002161270
c4441,g50792,ver24,Profe Seli,Seli Marlei Schneiders,13456,PT,Suplente,79,1,14,24,0,Doutor Maurício Cardoso,210002161271
c4442,g25425,ver24,Carlos Henrique,Carlos Henrique da Silva,13130,PT,Suplente,14,1,23,24,0,Doutor Maurício Cardoso,210002161272
c4443,g7129,ver24,Tilinho,Joventil dos Santos Brizolla,44444,UNIÃO,Suplente,26,1,20,31,0,Sagrada Família,210002161928
c4444,g45763,ver24,Seu Joel,Joel Avila da Silva,40777,PSB,Não eleito,11,1,81,85,0,Palmeira das Missões,210002162021
c4445,g29442,ver24,Gabriel Pereira,Gabriel Pereira dos Santos,40123,PSB,Não eleito,548,1,10,85,0,Palmeira das Missões,210002162023
c4446,g48068,ver24,Alessandra Morais,Alessandra Morais Gonçalves,13059,PT,Suplente,5,1,41,46,0,Dilermando de Aguiar,210002162424
c4447,g40409,ver24,Professor Eleodoro,Eleodoro dos Santos Alves,13444,PT,Suplente,127,1,10,46,0,Dilermando de Aguiar,210002162425
c4448,g46421,ver24,Rodrigo da Radio,Rodrigo Luis dos Santos,13123,PT,Suplente,12,1,34,46,0,Dilermando de Aguiar,210002162426
c4449,g31376,ver24,Beta,Claudete da Silva Saideles,13013,PT,Suplente,64,1,15,46,0,Dilermando de Aguiar,210002162427
c4450,g10161,ver24,Xico Maciel,Francisco Jose Maciel Junior,13789,PT,Eleito,184,1,2,46,0,Dilermando de Aguiar,210002162428
c4451,g36577,ver24,Mario Abelha,Mario Iop Balconi,13678,PT,Suplente,2,1,46,46,0,Dilermando de Aguiar,210002162429
c4452,g34117,ver24,Moreno Pinheiro,Eugenio Hermani da Silva Pinheiro,13456,PT,Suplente,26,1,25,46,0,Dilermando de Aguiar,210002162430
c4453,g43267,ver24,Bruna Teixeira,Bruna Pinto Teixeira,13113,PT,Suplente,23,1,27,46,0,Dilermando de Aguiar,210002162431
c4454,g7638,ver24,Alexandre Proença,Alexandre da Costa Proença,13666,PT,Eleito,155,1,7,46,0,Dilermando de Aguiar,210002162432
c4455,g26318,ver24,Adriano Theisen,Adriano Jose Lauxen Theisen,13000,PT,Suplente,162,1,15,30,0,Cândido Godói,210002164387
c4456,g25600,ver24,Basilio,Basilio Afonso Kramer,13456,PT,Suplente,125,1,18,30,0,Cândido Godói,210002164388
c4457,g12077,ver24,Rosangela,Rosangela Maria Sauer,13131,PT,Suplente,18,1,27,30,0,Cândido Godói,210002164389
c4458,g18554,ver24,Betto da Saude,Roque Gilberto Bourscheid,13666,PT,Eleito,186,1,11,30,0,Cândido Godói,210002164390
c4459,g7817,ver24,Mario,Mario Backes,13150,PT,Suplente,166,1,14,30,0,Cândido Godói,210002164391
c4460,g8286,ver24,Gecelda Esquiavam Figueira,Gecelda Esquiavam Figueira,13113,PT,Suplente,5,1,30,30,0,Cândido Godói,210002164392
c4461,g30655,ver24,Ivan,Ivan Euclides Ludwig,13100,PT,Suplente,77,1,13,31,0,São José do Inhacorá,210002166255
c4462,g22015,ver24,Edu,Eduardo Ludwig,13000,PT,Eleito,102,1,8,31,0,São José do Inhacorá,210002166256
c4463,g874,ver24,Nelsinda,Nelsinda Franz Schú,13123,PT,Suplente,14,1,25,31,0,São José do Inhacorá,210002166257
c4464,g27889,ver24,Luis Porto,Luis Henrique Quadros Porto,12212,PDT,Eleito,650,1,7,62,0,Taquari,210002167017
c4465,g25013,ver24,Silmar Mullich Bola,Silmar Mullich,12601,PDT,Eleito,240,1,8,30,0,São Miguel das Missões,210002171028
c4466,g20332,ver24,Giloe,Giloe Brizola dos Santos,12444,PDT,Eleito,277,1,6,30,0,São Miguel das Missões,210002171029
c4467,g10100,ver24,Rafael Missiunas,Rafael de Carvalho Missiunas,12777,PDT,Não eleito,606,1,51,266,0,Rio Grande,210002172307
c4468,g46285,ver24,Angelica Hassen,Angelica Silva Hassen,13123,PT,Eleito,664,1,6,62,0,Taquari,210002173970
c4469,g34302,ver24,Leandro Mariante,Leandro da Rosa,13113,PT,Suplente,443,1,12,62,0,Taquari,210002173971
c4470,g3430,ver24,Luciano Maria,Luciano Fabiano Maria da Silva,13015,PT,Eleito,779,1,3,62,0,Taquari,210002173972
c4471,g222,ver24,Fabiano da Zeladoria,Fabiano Silva de Souza,13303,PT,Suplente,49,1,41,62,0,Taquari,210002173974
c4472,g40187,ver24,Alexandre Chuvisco,Alexandre Souza de Oliveira,13222,PT,Suplente,276,1,21,62,0,Taquari,210002173975
c4473,g4703,ver24,Carol da Cantina,Caroline Oliveira da Silva,13560,PT,Suplente,48,1,42,62,0,Taquari,210002173977
c4474,g27102,ver24,Sandra Pires,Sandra Regina Pires,13555,PT,Suplente,86,1,39,70,0,Três Passos,210002181714
c4475,g40793,ver24,Professor Edio,Edio Jose Weschenfelder,13456,PT,Suplente,66,1,46,70,0,Três Passos,210002181715
c4476,g20089,ver24,Sandro Radaelli,Sandro Geovani Radaelli,13000,PT,Suplente,348,1,13,70,0,Três Passos,210002181716
c4477,g24089,ver24,Diego Maciel,Diego Hider Maciel,13123,PT,Eleito,554,1,8,70,0,Três Passos,210002181717
c4478,g38386,ver24,Clair Carvalho,Clair de Fatima Carvalho,13067,PT,Suplente,34,1,63,70,0,Três Passos,210002181718
c4479,g51274,ver24,Josi Neckel,Josieli Neckel,13240,PT,Suplente,85,1,40,70,0,Três Passos,210002181719
c4480,g6690,ver24,Farofa,Nelson da Silva,13444,PT,Suplente,45,1,55,70,0,Três Passos,210002181721
c4481,g20479,ver24,Chavales,Claudiomiro Vieira Chavales,13013,PT,Suplente,26,1,64,70,0,Três Passos,210002181724
c4482,g30251,ver24,Gilmar Maier,Gilmar Maier,13333,PT,Suplente,243,1,24,70,0,Três Passos,210002181725
c4483,g7443,ver24,Cema,Juracema Fischborn de Moraes,13123,PT,Não eleito,30,1,23,27,0,Segredo,210002183121
c4484,g7230,ver24,Zairo Rodrigues,Zairo Rodrigues,13013,PT,Não eleito,26,1,24,27,0,Segredo,210002183122
c4485,g4711,ver24,Gilmar Rodrigues,Gilmar Rodrigues,13456,PT,Não eleito,50,1,22,27,0,Segredo,210002183123
c4486,g28222,ver24,Décio,Décio Tramontin,13966,PT,Não eleito,54,1,28,43,0,Maquiné,210002183670
c4487,g22337,ver24,Renato,Renato Dacol de Oliveira,13123,PT,Não eleito,11,1,36,43,0,Maquiné,210002183671
c4488,g31955,ver24,Sheila,Sheila Wtodarski,13007,PT,Não eleito,59,1,26,43,0,Maquiné,210002183672
c4489,g48027,ver24,Fernando Fernandes Fernandão,Fernando Silveira Fernandes,13777,PT,Não eleito,118,1,49,103,0,Teutônia,210002185595
c4490,g21943,ver24,Elisângela da Silva - Nanza,Elisângela da Silva,13130,PT,Não eleito,55,1,76,103,0,Teutônia,210002185596
c4491,g3342,ver24,Claudinei Piskuila,Claudinei Marques,13013,PT,Não eleito,122,1,47,103,0,Teutônia,210002185597
c4492,g24670,ver24,Pulciana Neca,Pulciana Brum da Silva,13123,PT,Não eleito,24,1,98,103,0,Teutônia,210002185598
c4493,g24815,ver24,Vilson,Vilson Meyring,13001,PT,Não eleito,32,1,93,103,0,Teutônia,210002185599
c4494,g10799,ver24,Euclides - Kidi,Euclides Conceição do Nascimento,13133,PT,Não eleito,30,1,96,103,0,Teutônia,210002185600
c4495,g29446,ver24,Liss Leite,Liss da Silva Leite,13113,PT,Não eleito,84,1,61,103,0,Teutônia,210002185601
c4496,g46459,ver24,Wilmuth Engster,Wilmuth Engster,13333,PT,Não eleito,28,1,97,103,0,Teutônia,210002185602
c4497,g21994,ver24,Itajar,Itajar Pereira Sperb,13333,PT,Suplente,216,1,22,72,0,Encruzilhada do Sul,210002187459
c4498,g7455,ver24,Prof. Liara,Liara Xavier Duarte,13123,PT,Suplente,165,1,30,72,0,Encruzilhada do Sul,210002187460
c4499,g30554,ver24,Cassiana,Cassiana de Freitas Lucas,13000,PT,Suplente,100,1,43,72,0,Encruzilhada do Sul,210002187461
c4500,g18825,ver24,Gilmar,Gilmar Carvalho da Silva,13456,PT,Eleito,477,1,7,72,0,Encruzilhada do Sul,210002187463
c4501,g16963,ver24,Jo Luis,Jo Luis Souza Jaeger,13000,PT,Não eleito,86,1,68,92,0,Montenegro,210002190048
c4502,g29530,ver24,Samuel,Samuel Meneguzzi Gehlen,13010,PT,Não eleito,188,1,54,92,0,Montenegro,210002190049
c4503,g50965,ver24,Luisa Zimmer Ritter,Luisa Ritter,13332,PT,Não eleito,14,1,87,92,0,Montenegro,210002190050
c4504,g31341,ver24,Lara Lampert,Lara Maria Lampert,13070,PT,Não eleito,506,1,25,92,0,Montenegro,210002190051
c4505,g35321,ver24,Monaliza Furtado,Monaliza Furtado,13180,PT,Não eleito,405,1,31,92,0,Montenegro,210002190052
c4506,g47934,ver24,Negruni,Fabio Alves Negruni,13054,PT,Não eleito,19,1,84,92,0,Montenegro,210002190053
c4507,g14746,ver24,Lucas Braga,Lucas Nascimento Braga Silva,13013,PT,Não eleito,399,1,33,92,0,Montenegro,210002190054
c4508,g39621,ver24,Tio Mario,Mario Alfredo da Silva Vargas,13133,PT,Não eleito,41,1,74,92,0,Montenegro,210002190055
c4509,g11629,ver24,Professor Ricardo,Ricardo Agadio Kraemer,13456,PT,Não eleito,341,1,35,92,0,Montenegro,210002190056
c4510,g31767,ver24,Liliane Melo,Liliane de Fatima Melo Nunes,13382,PT,Não eleito,193,1,53,92,0,Montenegro,210002190057
c4511,g35117,ver24,Itamar Kellm,Itamar Kellm,13013,PT,Suplente,33,1,26,34,0,Jacutinga,210002190411
c4512,g15170,ver24,Solessi Lansana,Solessi Lansana,13330,PT,Suplente,20,1,29,34,0,Jacutinga,210002190412
c4513,g7478,ver24,Lodea,Gelsi Luiz Lodea,13604,PT,Eleito,187,1,1,34,0,Jacutinga,210002190413
c4514,g27359,ver24,Dejane,Dejane Marchetto,13613,PT,Suplente,26,1,28,34,0,Jacutinga,210002190414
c4515,g7355,ver24,Lorenzetti,Maximino Ernesto Lorenzetti,13610,PT,Suplente,66,1,16,34,0,Jacutinga,210002190415
c4516,g42725,ver24,Samuel Schneider,Samuel Henrique Schneider,55000,PSD,Eleito,198,1,6,21,0,Salvador das Missões,210002191111
c4517,g9486,ver24,Nuno,Bruno Demetrio Matias,13123,PT,Não eleito,25,1,24,28,0,Esmeralda,210002193834
c4518,g11241,ver24,Fabiana Pinto,Fabiana Domingues Pinto,13555,PT,Não eleito,106,1,12,28,0,Esmeralda,210002193835
c4519,g7579,ver24,Gauchão,Geronço Alves Correa,13888,PT,Não eleito,27,1,23,28,0,Esmeralda,210002193836
c4520,g37557,ver24,Paulo Barbeiro,Paulo Roberto Brasil da Rosa,12346,PDT,Não eleito,34,1,132,150,0,Cachoeira do Sul,210002195043
c4521,g10382,ver24,Tenente Martinelli,Ederval Martinelli,13190,PT,Suplente,82,1,17,24,0,Porto Lucena,210002197319
c4522,g26583,ver24,Chiquinho,Antonio Juculotto Junior,13607,PT,Suplente,103,1,15,24,0,Porto Lucena,210002197320
c4523,g22467,ver24,Vilson Savionek,Vilson Osmar Savionek,13456,PT,Eleito,115,1,13,24,0,Porto Lucena,210002197321
c4524,g26587,ver24,Flavia,Flavia Cristina Correa,13013,PT,Suplente,82,1,17,24,0,Porto Lucena,210002197322
c4525,g9228,ver24,Tais,Tais da Rosa,13123,PT,Suplente,9,1,24,24,0,Porto Lucena,210002197323
c4526,g49810,ver24,Olecir Martins O Pintor,Olecir Martins de Almeida,15150,MDB,Não eleito,33,1,327,340,0,Caxias do Sul,210002197419
c4527,g22586,ver24,Leiva Gorski,Leiva Arlete Gorski,13123,PT,Não eleito,54,1,12,21,0,Salvador das Missões,210002201917
c4528,g41325,ver24,Ismar Sander,Ismar Antonio Sander,13333,PT,Não eleito,16,1,19,21,0,Salvador das Missões,210002201918
c4529,g35266,ver24,Jair Henrich,Jair Luis Henrich,13999,PT,Não eleito,135,1,9,21,0,Salvador das Missões,210002201919
c4530,g17600,ver24,Regina Franciscon Zanatta,Regina Franciscon Zanatta,13333,PT,Não eleito,105,1,8,28,0,Camargo,210002204293
c4531,g45262,ver24,Mateus Chiapetti,Mateus Machado Chiapetti,13456,PT,Não eleito,2,1,28,28,0,Camargo,210002204294
c4532,g10442,ver24,Odair Dallacort,Odair Dallacort,13123,PT,Não eleito,83,1,13,28,0,Camargo,210002204295
c4533,g49028,ver24,Lucenir Farias,Lucenir Antonio de Farias,13333,PT,Suplente,32,1,25,39,0,Taquaruçu do Sul,210002206394
c4534,g32500,ver24,Natália Dias,Natália Dias da Silva,13102,PT,Suplente,15,1,35,39,0,Taquaruçu do Sul,210002206395
c4535,g33626,ver24,Tiago Stival,Tiago Stival,13613,PT,Suplente,112,1,10,39,0,Taquaruçu do Sul,210002206396
c4536,g32701,ver24,Franciele Blanc Alves,Franciele Blanc Alves,13690,PT,Suplente,17,1,33,39,0,Taquaruçu do Sul,210002206397
c4537,g37086,ver24,Fabio Casaril,Fabio Marcos Casaril,13123,PT,Eleito,169,1,3,39,0,Taquaruçu do Sul,210002206398
c4538,g10750,ver24,Cledi Silva,Cledinara da Silva,13111,PT,Suplente,39,1,23,39,0,Taquaruçu do Sul,210002206399
c4539,g34335,ver24,Fabiano Dal Piva,Fabiano Dal Piva,13013,PT,Eleito,142,1,5,39,0,Taquaruçu do Sul,210002206400
c4540,g22836,ver24,Laudenir Medina,Laudenir Correa Medina,55615,PSD,Não eleito,11,1,54,56,0,Horizontina,210002209415
c4541,g30250,ver24,Larissa Anacleto,Larissa Charles Anacleto de Oliveira,13500,PT,Não eleito,17,1,67,81,0,São Francisco de Paula,210002210002
c4542,g29640,ver24,Professor Gladson Tizzato,Gladson Tizzato da Silva,13007,PT,Não eleito,368,1,12,81,0,São Francisco de Paula,210002210003
c4543,g36898,ver24,Glorinha do Bar,Gloria Ines Monteiro de Borba,13013,PT,Não eleito,63,1,41,81,0,São Francisco de Paula,210002210004
c4544,g32901,ver24,Caíque Jacob,Jaco Sousa Pereira,13456,PT,Não eleito,60,1,42,81,0,São Francisco de Paula,210002210005
c4545,g8051,ver24,Baruffi,Pedro Baruffi,13223,PT,Não eleito,106,1,28,81,0,São Francisco de Paula,210002210006
c4546,g48133,ver24,Jose Roberto,Jose Roberto dos Santos,13123,PT,Não eleito,18,1,66,81,0,São Francisco de Paula,210002210007
c4547,g13547,ver24,Marta Dutra - Tinha,Maria Marta Rosane Dutra,13333,PT,Não eleito,35,1,55,81,0,São Francisco de Paula,210002210008
c4548,g39675,ver24,Batista Souza,João Batista da Silva Souza,13061,PT,Não eleito,37,1,53,81,0,São Francisco de Paula,210002210009
c4549,g9367,ver24,Itamar do Rincão,Itamar da Rosa,13000,PT,Não eleito,27,1,60,81,0,São Francisco de Paula,210002210010
c4550,g15814,ver24,Dedé - André Nogueira,André Nogueira,13777,PT,Não eleito,57,1,43,81,0,São Francisco de Paula,210002210011
c4551,g20012,ver24,Elisane Rodrigues,Elisane Rodrigues dos Santos,13888,PT,Eleito,219,1,8,28,0,Formigueiro,210002210775
c4552,g1182,ver24,Fernando Canhoto,Fernando da Silva Ferreira,13713,PT,Suplente,77,1,18,28,0,Formigueiro,210002210776
c4553,g25985,ver24,Erviton Gomes,Erviton da Silva Gomes,13013,PT,Suplente,39,1,21,28,0,Formigueiro,210002210777
c4554,g9542,ver24,Janilson Souza,Janilso Silveira de Souza,13007,PT,Suplente,30,1,24,28,0,Formigueiro,210002210778
c4555,g26733,ver24,Medianeira Vargas,Maria Medianeira Ferreira de Vargas,13000,PT,Suplente,29,1,25,28,0,Formigueiro,210002210779
c4556,g4509,ver24,Eliane Santos,Eliane Soares Santos,13133,PT,Suplente,67,1,19,28,0,Formigueiro,210002210780
c4557,g14853,ver24,Vitalina Gonçalves,Vitalina Conceição Marques Gonçalves,13500,PT,Eleito,2632,1,5,327,0,Gravataí,210002211927
c4558,g12257,ver24,Medusa,Vladimir Duarte,13313,PT,Suplente,428,1,79,327,0,Gravataí,210002211929
c4559,g29691,ver24,Patricia Patisbel,Patricia da Silva Rodrigues,13400,PT,Suplente,347,1,90,327,0,Gravataí,210002211930
c4560,g6002,ver24,Professor Valter,Valter Luiz Amaral da Silva,13699,PT,Suplente,296,1,103,327,0,Gravataí,210002211931
c4561,g18159,ver24,Marquinhos Franco,Marcos Vinicius Franco Ribeiro,13655,PT,Suplente,104,1,196,327,0,Gravataí,210002211932
c4562,g12727,ver24,Mana Ju,Juraciara da Silva Costa,13022,PT,Suplente,87,1,211,327,0,Gravataí,210002211933
c4563,g43186,ver24,Marisa Godoy,Marisa Zancan Godoy,13700,PT,Suplente,258,1,120,327,0,Gravataí,210002211934
c4564,g36799,ver24,Diego Bitelo,Diego Bitelo de Lima,13323,PT,Suplente,181,1,141,327,0,Gravataí,210002211935
c4565,g23280,ver24,João Bravo,João Pedro Andrade Bravo,13555,PT,Suplente,57,1,245,327,0,Gravataí,210002211936
c4566,g44731,ver24,Carlos Bueno,Carlos Antonio de Oliveira Bueno,13123,PT,Suplente,132,1,171,327,0,Gravataí,210002211937
c4567,g45547,ver24,Neno Baz,João Nazareno Barbosa da Silva,13330,PT,Suplente,31,1,276,327,0,Gravataí,210002211939
c4568,g16626,ver24,Tio do Churros,Jorge Renato Naleiro,13007,PT,Suplente,82,1,216,327,0,Gravataí,210002211940
c4569,g32578,ver24,Whasth Sena,Whasth Conceição Nunes de Campos Mayer Sena,13013,PT,Suplente,64,1,232,327,0,Gravataí,210002211942
c4570,g26827,ver24,Eduardo Knevitz,Luis Eduardo de Oliveira Prates Knevitz,13999,PT,Suplente,77,1,220,327,0,Gravataí,210002211943
c4571,g47861,ver24,Rosane Bordignon,Rosane Massulo da Silva Bordignon,13777,PT,Suplente,480,1,70,327,0,Gravataí,210002211944
c4572,g26418,ver24,Rosane Spindler,Rosane Spindler,13713,PT,Suplente,124,1,178,327,0,Gravataí,210002211947
c4573,g39026,ver24,Marcão,Marcos da Silva Soares,13711,PT,Suplente,88,1,209,327,0,Gravataí,210002211948
c4574,g1927,ver24,Dani,Daniane Centenaro Queiroz,13613,PT,Eleito,162,1,6,29,0,Vista Alegre,210002212226
c4575,g16699,ver24,Cleber Albarello,Cleber Alcindo Albarello,13666,PT,Suplente,105,1,12,29,0,Vista Alegre,210002212227
c4576,g34622,ver24,Kika Vicentini,Elsa Regina Vicentini Vargas,13313,PT,Eleito,151,1,7,29,0,Vista Alegre,210002212228
c4577,g50695,ver24,Laides,Laides Gonçalves,13513,PT,Suplente,29,1,21,29,0,Vista Alegre,210002212229
c4578,g12101,ver24,Volnei,Volnei dos Santos Nascimento,13113,PT,Suplente,39,1,19,29,0,Vista Alegre,210002212230
c4579,g14998,ver24,Gustavo Stona,Gustavo Stona,13789,PT,Eleito,181,1,5,29,0,Vista Alegre,210002212231
c4580,g41004,ver24,Jean Stanga,Jean Carlos Stanga,13456,PT,Suplente,74,1,14,29,0,Vista Alegre,210002212232
c4581,g3740,ver24,Celio Andrade,Celio Antunes de Andrade,13111,PT,Suplente,54,1,17,29,0,Vista Alegre,210002212233
c4582,g15600,ver24,Luis Stival,Luis Carlos Stival,13234,PT,Eleito,184,1,4,29,0,Vista Alegre,210002212234
c4583,g38738,ver24,Edegar,Edegar de Souza,13000,PT,Suplente,122,1,9,29,0,Vista Alegre,210002212235
c4584,g10881,ver24,Nilvo,Nilvo Camatti,13013,PT,Suplente,20,1,23,32,0,Três Arroios,210002212873
c4585,g41302,ver24,Gilmar,Gilmar Jose Ostrovski,13659,PT,Suplente,63,1,16,32,0,Três Arroios,210002212874
c4586,g47872,ver24,Ademir,Ademir Pertussatti,13613,PT,Suplente,43,1,20,32,0,Três Arroios,210002212875
c4587,g12445,ver24,Salete,Salete Demin,13456,PT,Suplente,38,1,21,32,0,Três Arroios,210002212876
c4588,g34598,ver24,Graciele,Graciele Benedetti,13123,PT,Eleito,119,1,5,32,0,Três Arroios,210002212877
c4589,g41431,ver24,Professora Marinês,Marinês de Moura Rosa,15615,MDB,Suplente,83,1,28,47,0,Redentora,210002213208
c4590,g14997,ver24,Jair Fuca,Jair Gomes de Oliveira,13655,PT,Suplente,126,1,16,54,0,Capela de Santana,210002213873
c4591,g22604,ver24,Filó Ortigara,Filomena Ortigara Queiroz,13122,PT,Suplente,73,1,22,54,0,Capela de Santana,210002213874
c4592,g12495,ver24,Noeli Rozin,Noeli Fátima Rozin,13713,PT,Suplente,16,1,46,54,0,Capela de Santana,210002213875
c4593,g35182,ver24,Alemão do Casarão,Jose Fernando Stroeher,13010,PT,Suplente,6,1,53,54,0,Capela de Santana,210002213876
c4594,g8604,ver24,Liciane Claudino,Liciane da  Rosa Claudino,13456,PT,Suplente,34,1,38,54,0,Capela de Santana,210002213877
c4595,g20267,ver24,Chiquinho,Manoel Francisco Fagundes Flores,13234,PT,Suplente,37,1,33,54,0,Capela de Santana,210002213878
c4596,g14877,ver24,Paulo Baratieri,Jose Paulo Baratieri,13111,PT,Suplente,16,1,46,54,0,Capela de Santana,210002213879
c4597,g39466,ver24,Tiago Pareci,Tiago Nunes,13222,PT,Eleito,264,1,8,54,0,Capela de Santana,210002213881
c4598,g14870,ver24,Pedro Medtler,Pedro Inácio Medtler,13131,PT,Não eleito,58,1,20,29,0,São José do Hortêncio,210002214528
c4599,g16110,ver24,Lili Morgenstern,Lili Frida Kafer Morgenstern,13123,PT,Não eleito,33,1,25,29,0,São José do Hortêncio,210002214529
c4600,g2343,ver24,Ribeiro,Sérgio Roberto Ribeiro,13000,PT,Não eleito,38,1,24,29,0,São José do Hortêncio,210002214530
c4601,g16125,ver24,Alexandre Neu,Alexandre Neu,13321,PT,Eleito,675,1,3,66,0,Agudo,210002215272
c4602,g35383,ver24,Giovani Gonçalves,Giovani Gonçalves,13611,PT,Suplente,11,1,63,66,0,Agudo,210002215273
c4603,g30475,ver24,Eliane Costa,Eliane de Oliveira Costa,13004,PT,Suplente,20,1,60,66,0,Agudo,210002215274
c4604,g42772,ver24,Rose Aguirres   Nega,Rosecleia Fatima Priebe Aguirres,13985,PT,Suplente,2,1,65,66,0,Agudo,210002215275
c4605,g334,ver24,Professor Gerson Schirmer,Gerson Jonas Schirmer,13456,PT,Suplente,154,1,25,66,0,Agudo,210002215276
c4606,g9254,ver24,Elis do Brick,Elisete de Fatima Inacio da Silva,13131,PT,Suplente,17,1,61,66,0,Agudo,210002215277
c4607,g36122,ver24,Marci Kegler,Marci Carlos Kegler,13333,PT,Suplente,74,1,40,66,0,Agudo,210002215278
c4608,g15937,ver24,Sergio de Mello,Sergio Amaral de Mello,13123,PT,Suplente,115,1,34,66,0,Agudo,210002215279
c4609,g13985,ver24,Antonio Kummer,Antonio Lauro Kummer,13013,PT,Suplente,40,1,50,66,0,Agudo,210002215280
c4610,g48346,ver24,Jeferson  O  Chico,Jeferson Jose Pfaff,13113,PT,Suplente,22,1,58,66,0,Agudo,210002215281
c4611,g50773,ver24,Simone Azzolini,Simone Azzolini,13777,PT,Não eleito,4,1,47,48,0,Gaurama,210002217981
c4612,g33378,ver24,Wilmar Colling,Wilmar Antônio Colling,13678,PT,Não eleito,27,1,31,48,0,Gaurama,210002217982
c4613,g5519,ver24,João Resende,João Darcy Resende,13456,PT,Não eleito,125,1,16,48,0,Gaurama,210002217983
c4614,g18369,ver24,Profe Maria Helena,Maria Helena Maito Kaszewski,13111,PT,Não eleito,3,1,48,48,0,Gaurama,210002217984
c4615,g43681,ver24,Jacaré,Ademir Regis Gomes,13999,PT,Não eleito,8,1,42,48,0,Gaurama,210002217985
c4616,g43735,ver24,Darci da Silva Dati,Darci da Silva,13233,PT,Não eleito,11,1,39,48,0,Gaurama,210002217987
c4617,g2271,ver24,Joel Alberton,Joel Alberton,13123,PT,Não eleito,182,1,10,48,0,Gaurama,210002217988
c4618,g47758,ver24,Larissa Gabriela Gili Alves,Larissa Gabriela Gili Alves,13555,PT,Não eleito,6,1,43,48,0,Gaurama,210002217989
c4619,g29808,ver24,Hebi da Saúde,Giana Fabricia Lopes de Castro,13000,PT,Eleito,204,1,2,51,0,Novo Cabrais,210002220014
c4620,g17286,ver24,Zé Sirlei,Jose Sirlei Lopes Bataioli,13313,PT,Suplente,49,1,19,51,0,Novo Cabrais,210002220015
c4621,g12210,ver24,Marcos Homeopata,Marcos Andre Zerbielli,13300,PT,Suplente,53,1,18,51,0,Novo Cabrais,210002220016
c4622,g654,ver24,Angela Dumke,Angela Gelsdorf Dumke,13456,PT,Eleito,150,1,5,51,0,Novo Cabrais,210002220017
c4623,g31545,ver24,Zauro Arreal,Zauro Elias de Arreal,13613,PT,Suplente,62,1,15,51,0,Novo Cabrais,210002220018
c4624,g32798,ver24,Marcão,Marcos Evandro Schultz,13123,PT,Suplente,40,1,20,51,0,Novo Cabrais,210002220019
c4625,g22195,ver24,Rosa,Rosa Maria da Silva,13333,PT,Suplente,55,1,16,51,0,Novo Cabrais,210002220020
c4626,g9253,ver24,Gilson Machado,Gilson Machado,13113,PT,Suplente,22,1,29,51,0,Novo Cabrais,210002220021
c4627,g18558,ver24,Alex Milbradt,Alex Andre Milbradt,13666,PT,Suplente,24,1,26,51,0,Novo Cabrais,210002220022
c4628,g23560,ver24,Serginho,Sergio Alves Bento,15000,MDB,Suplente,894,1,16,193,0,Erechim,210002221346
c4629,g29330,ver24,Gabriel Santos,Gabriel Lacerda dos Santos,13013,PT,Não eleito,7,1,41,42,0,Amaral Ferrador,210002221985
c4630,g39820,ver24,Teresinha Lopes,Teresinha Soares Lopes,13113,PT,Não eleito,10,1,37,42,0,Amaral Ferrador,210002221986
c4631,g50055,ver24,Doraldo da Gama,Doraldo Ferreira da Gama,13222,PT,Não eleito,15,1,32,42,0,Amaral Ferrador,210002221987
c4632,g13711,ver24,Gerri,Gerri Adriani Lacerda Bueno,13131,PT,Não eleito,26,1,27,42,0,Amaral Ferrador,210002221988
c4633,g878,ver24,Leir Silva,Neir Figueira da Silva,13333,PT,Não eleito,15,1,32,42,0,Amaral Ferrador,210002221989
c4634,g21983,ver24,Mariana Carlos,Mariana Silva Carlos,13713,PT,Eleito,846,1,10,150,0,Cachoeira do Sul,210002224331
c4635,g46782,ver24,Isaura Cruz,Isaura Madalena Lopes Cruz,13618,PT,Suplente,59,1,115,150,0,Cachoeira do Sul,210002224332
c4636,g5907,ver24,Telda Assis,Telda da Silva Assis,13000,PT,Suplente,669,1,15,150,0,Cachoeira do Sul,210002224333
c4637,g18870,ver24,Mateus Menezes,Mateus Alessandro Felizardo de Menezes,13152,PT,Suplente,622,1,23,150,0,Cachoeira do Sul,210002224334
c4638,g6868,ver24,Lucas Lopes,Lucas Aldi da Silva Lopes,13123,PT,Suplente,153,1,78,150,0,Cachoeira do Sul,210002224335
c4639,g14983,ver24,Flávio do Borges,Flávio Reis Pereira,13013,PT,Suplente,114,1,92,150,0,Cachoeira do Sul,210002224336
c4640,g40671,ver24,Ryan Rosa,Ryan dos Santos Rosa,13007,PT,Eleito,945,1,6,150,0,Cachoeira do Sul,210002224337
c4641,g2478,ver24,Altemar Santos,Altemar Santos da Fonte,13444,PT,Suplente,254,1,55,150,0,Cachoeira do Sul,210002224338
c4642,g44188,ver24,José Fernando,José Fernando da Silva,13456,PT,Suplente,5,1,149,150,0,Cachoeira do Sul,210002224339
c4643,g6883,ver24,Professor Jorge Domingues,Jorge Eduardo Rodrigues Domingues,13655,PT,Suplente,33,1,134,150,0,Cachoeira do Sul,210002224340
c4644,g33935,ver24,Angela Paiva,Angela Janaína Paiva da Silva,13678,PT,Suplente,67,1,109,150,0,Cachoeira do Sul,210002224341
c4645,g6566,ver24,Honildo Tatsch,Honildo da Silva Tatsch,13113,PT,Suplente,78,1,103,150,0,Cachoeira do Sul,210002224342
c4646,g31050,ver24,Flávio Gomes de Lima,Flávio Gomes de Lima,13333,PT,Suplente,108,1,93,150,0,Cachoeira do Sul,210002224343
c4647,g45168,ver24,Profe Rosani Casanova,Rosani de Fatima Oldani Casanova,13146,PT,Não eleito,44,1,57,83,0,São Sepé,210002224712
c4648,g283,ver24,Paulinho do Bar,Paulo Cesar Neves Silva,13026,PT,Não eleito,57,1,55,83,0,São Sepé,210002224713
c4649,g37050,ver24,Ica,Maria Nilza Rodrigues,13615,PT,Não eleito,10,1,77,83,0,São Sepé,210002224714
c4650,g12917,ver24,Dalva,Dalva Terezinha Pereira Machado,13737,PT,Não eleito,11,1,74,83,0,São Sepé,210002224715
c4651,g33925,ver24,Glenio Campos,Glenio Campos da Rosa,13456,PT,Não eleito,193,1,23,83,0,São Sepé,210002224716
c4652,g17378,ver24,Reni Fantinel Cor de Rosa,Reni Alberto Fantinel,13033,PT,Não eleito,26,1,65,83,0,São Sepé,210002224717
c4653,g39422,ver24,Esio Gonçalves,Esio da Trindade Gonçalves,13111,PT,Não eleito,10,1,77,83,0,São Sepé,210002224718
c4654,g43482,ver24,Julio Lima,Julio Cesar Morais de Lima,13007,PT,Não eleito,122,1,34,83,0,São Sepé,210002224719
c4655,g44549,ver24,Lucas Vargas,Lucas Moraes Vargas,13000,PT,Não eleito,111,1,36,83,0,São Sepé,210002224720
c4656,g23391,ver24,Cezinha Pt,Paulo Cezar Machado Gazen,13713,PT,Não eleito,134,1,31,83,0,São Sepé,210002224721
c4657,g11710,ver24,Natalicia da Saude,Natalicia Zurawski Saldanha,13333,PT,Não eleito,20,1,69,83,0,São Sepé,210002224722
c4658,g39695,ver24,Raulino do Gas,Raulino Oliveira Machado,13332,PT,Não eleito,24,1,67,83,0,São Sepé,210002224723
c4659,g33711,ver24,Olavinho,Olavo da Rosa,13555,PT,Eleito,178,1,5,15,0,Lagoa Bonita do Sul,210002226194
c4660,g19764,ver24,Vinicius Neu,Vinicius Alfredo Neu,13123,PT,Eleito,144,1,7,15,0,Lagoa Bonita do Sul,210002226195
c4661,g30200,ver24,Cleamaris Conti Lipke Fofa,Cleamaris Diana Conti Lipke,13113,PT,Suplente,29,1,15,15,0,Lagoa Bonita do Sul,210002226196
c4662,g47621,ver24,Profe Márcia,Márcia Silva,13456,PT,Suplente,195,1,73,193,0,Erechim,210002227221
c4663,g5088,ver24,Paulo Moraes,Paulo Roberto Alves de Moraes,13015,PT,Suplente,599,1,31,193,0,Erechim,210002227222
c4664,g22392,ver24,Osmar Padilha,Osmar Orestes Padilha,13610,PT,Suplente,746,1,23,193,0,Erechim,210002227224
c4665,g20157,ver24,Ademir,Ademir da Rosa,13100,PT,Suplente,348,1,52,193,0,Erechim,210002227225
c4666,g30119,ver24,Celsinho do Santa,Celso de Souza,13168,PT,Suplente,74,1,112,193,0,Erechim,210002227227
c4667,g10271,ver24,Dulcimar Graboski,Dulcimar Francisco Graboski,13369,PT,Suplente,21,1,167,193,0,Erechim,210002227228
c4668,g8069,ver24,Aladir Mariga,Aladir Carlos Mariga,13789,PT,Suplente,176,1,75,193,0,Erechim,210002227229
c4669,g34754,ver24,Paulo Maleski,Paulo Maleski,13163,PT,Suplente,35,1,147,193,0,Erechim,210002227230
c4670,g3723,ver24,Balen da Feira,Clairton Isidoro Balen,13580,PT,Eleito,763,1,20,193,0,Erechim,210002227231
c4671,g14619,ver24,Lucas Faitão,Lucas Faitão,13123,PT,Suplente,515,1,38,193,0,Erechim,210002227235
c4672,g41735,ver24,Marcelo da Silveira,Marcelo da Silveira,11211,PP,Suplente,52,1,49,90,0,Palmares do Sul,210002228048
c4673,g26391,ver24,Gilmar Berté,Gilmar Pedro Berté,13013,PT,Não eleito,445,1,15,84,0,Garibaldi,210002228294
c4674,g44006,ver24,Leonardo Brugalli,Leonardo Schubert Brugalli,13700,PT,Não eleito,121,1,43,84,0,Garibaldi,210002228295
c4675,g12466,ver24,Selma,Selma Schiedeck,13444,PT,Não eleito,44,1,62,84,0,Garibaldi,210002228296
c4676,g25703,ver24,Ivanes Zappaz,Ivanes Zappaz,13001,PT,Não eleito,102,1,46,84,0,Garibaldi,210002228298
c4677,g23957,ver24,Carmen Dalcin Salvagni,Carmen Maria Dalcin Salvagni,13333,PT,Não eleito,58,1,57,84,0,Garibaldi,210002228300
c4678,g36710,ver24,Sandro Cisilotto Garda,Sandro Cisilotto Garda,13777,PT,Não eleito,635,1,8,84,0,Garibaldi,210002228301
c4679,g21942,ver24,Ademir Bonafé,Ademir Bonafé,40040,PSB,Suplente,77,1,25,54,0,Palmitinho,210002229559
c4680,g24108,ver24,Edison Biassi,Edison Biassi,13123,PT,Não eleito,73,1,55,83,0,Flores da Cunha,210002229577
c4681,g6517,ver24,Ivete Romano,Ivete Romano Vedana,13013,PT,Não eleito,43,1,67,83,0,Flores da Cunha,210002229578
c4682,g12737,ver24,Ramon dos Santos,Ramon Bornholdt dos Santos,13456,PT,Não eleito,153,1,43,83,0,Flores da Cunha,210002229579
c4683,g11605,ver24,Alex Durâes,Alex Durâes Barbosa,13130,PT,Suplente,229,1,56,139,0,Santo Ângelo,210002230683
c4684,g48490,ver24,Bruno Bender,Bruno Bender da Luz,13122,PT,Suplente,144,1,76,139,0,Santo Ângelo,210002230684
c4685,g27367,ver24,Gilda Karlinski,Gilda Terezinha Gonçalves Karlinski,13107,PT,Suplente,154,1,71,139,0,Santo Ângelo,210002230685
c4686,g14902,ver24,Guaraci Fernandes,Guaraci de Alencar Fernandes Lemos,13300,PT,Suplente,88,1,92,139,0,Santo Ângelo,210002230686
c4687,g29208,ver24,Zaira Fraga,Zaira de Fatima Fraga Rodrigues,13113,PT,Suplente,124,1,82,139,0,Santo Ângelo,210002230687
c4688,g40694,ver24,Tenente Lemes,Luiz Carlos Lemes,13190,PT,Suplente,63,1,104,139,0,Santo Ângelo,210002230688
c4689,g41932,ver24,Pedro Lopes,Pedro Rodrigues Lopes,13333,PT,Suplente,17,1,128,139,0,Santo Ângelo,210002230689
c4690,g45772,ver24,Marlene Schubert,Marlene Schubert,13100,PT,Não eleito,0,0,137,139,95,Santo Ângelo,210002230690
c4691,g493,ver24,Conselheiro Jonatâ  Ferreira,Jonatâ Junior Rodrigues Ferreira,13000,PT,Suplente,353,1,39,139,0,Santo Ângelo,210002230691
c4692,g14048,ver24,Marisa Schmidt,Marisa de Fatima Schmidt,13513,PT,Suplente,95,1,88,139,0,Santo Ângelo,210002230692
c4693,g20632,ver24,Roberto Lazzeri,Roberto Lazzeri Pereira,13313,PT,Suplente,65,1,100,139,0,Santo Ângelo,210002230693
c4694,g17952,ver24,Cristian Fontella,Cristian Carmo Fontella,13123,PT,Eleito,730,1,16,139,0,Santo Ângelo,210002230694
c4695,g28919,ver24,Joâo Carlos Antunes,Joâo Carlos Antunes da Silva,13131,PT,Suplente,53,1,110,139,0,Santo Ângelo,210002230695
c4696,g3545,ver24,Jorge Maciel,Jorge Adalberto Maciel,13780,PT,Suplente,20,1,125,139,0,Santo Ângelo,210002230696
c4697,g4341,ver24,Tiago Max,Tiago Max Rocha Rodrigues,13013,PT,Suplente,417,1,32,139,0,Santo Ângelo,210002230697
c4698,g4952,ver24,Profe Cerise,Cerise Ribas de Oliveira,13042,PT,Suplente,135,1,79,139,0,Santo Ângelo,210002230698
c4699,g1314,ver24,Cesar Elemar Bueno,Cesar Elemar Bueno,13333,PT,Não eleito,0,0,30,38,8,Lagoão,210002230880
c4700,g40450,ver24,Juliano de Oliveira Rodrigues,Juliano de Oliveira Rodrigues,13000,PT,Não eleito,0,0,30,38,105,Lagoão,210002230881
c4701,g190,ver24,Graziela Soares,Maria Graziela Garcia Soares,13077,PT,Não eleito,0,0,30,38,5,Lagoão,210002230882
c4702,g22330,ver24,Olandir Vendruscollo,Olandir Vendruscollo,13456,PT,Não eleito,0,0,30,38,113,Lagoão,210002230883
c4703,g12332,ver24,Carla Cristiane,Carla Cristiane Ritzel da Silva,13013,PT,Não eleito,0,0,30,38,4,Lagoão,210002230884
c4704,g50342,ver24,Jesus Silvan,Jesus Silvan dos Santos,13678,PT,Não eleito,0,0,30,38,36,Lagoão,210002230885
c4705,g39499,ver24,Armindo do Calçamento,Armindo Pereira da Luz,13400,PT,Não eleito,0,0,30,38,25,Lagoão,210002230887
c4706,g17917,ver24,Maria Moriá,Maria Leni dos Santos,13113,PT,Não eleito,0,0,30,38,56,Lagoão,210002230888
c4707,g47081,ver24,Erizão,Eri Lopes de Lima,13713,PT,Não eleito,0,0,30,38,113,Lagoão,210002230889
c4708,g15516,ver24,Jairo,Jairo Batista Gonçalves Sais,13013,PT,Eleito,339,1,2,42,0,Herval,210002233085
c4709,g11730,ver24,Aline,Aline Costa Teixeira,13000,PT,Suplente,20,1,33,42,0,Herval,210002233086
c4710,g19327,ver24,Professora Itatiara,Itatiara da Silva Quevedo,13123,PT,Suplente,44,1,24,42,0,Herval,210002233087
c4711,g43387,ver24,Vagner,Vagner Rodal Cardoso,13077,PT,Suplente,28,1,30,42,0,Herval,210002233088
c4712,g39758,ver24,Everton Maninho,Everton Luiz da Rosa Alves,45111,PSDB,Não eleito,154,1,75,133,0,Uruguaiana,210002233460
c4713,g23051,ver24,Sílvio Padeiro,Sílvio Luís Gonçalves dos Santos,20235,PODE,Não eleito,38,1,54,110,0,Balneário Pinhal,210002233641
c4714,g45154,ver24,Dermeval,Dermeval Dias de Souza,13864,PT,Suplente,9,1,44,47,0,Piratini,210002234343
c4715,g3468,ver24,Eliseu,Eliseu Kensy Machado,13456,PT,Suplente,142,1,23,47,0,Piratini,210002234344
c4716,g20884,ver24,Jorginho do Quarto Distrito,Jorge Rodrigues de Almeida,13964,PT,Suplente,38,1,33,47,0,Piratini,210002234345
c4717,g18484,ver24,Emilia,Maria Emilia Soares Porto,13123,PT,Suplente,151,1,22,47,0,Piratini,210002234346
c4718,g12050,ver24,José Auri,José Auri Soares,13655,PT,Eleito,682,1,4,47,0,Piratini,210002234347
c4719,g35945,ver24,Professora Marileia,Marileia Mulling Leitzke,13013,PT,Suplente,131,1,25,47,0,Piratini,210002234348
c4720,g33398,ver24,Helinho,Helio Inacio Gossler,13666,PT,Não eleito,17,1,67,81,0,Cidreira,210002234956
c4721,g14375,ver24,Mestre Ivan Therra,Ivan Irineu Queiroz de Vasconcelos,13000,PT,Não eleito,44,1,48,81,0,Cidreira,210002234957
c4722,g31084,ver24,Professora Daniela Pedde,Daniela Gutz Pedde,13013,PT,Não eleito,35,1,51,81,0,Cidreira,210002234958
c4723,g818,ver24,Professora Glaci,Glaci de Fatima Iser,13313,PT,Não eleito,0,0,81,81,7,Cidreira,210002234959
c4724,g23603,ver24,Naicon,Naicon de Oliveira Santos,13040,PT,Não eleito,51,1,42,81,0,Cidreira,210002234960
c4725,g37360,ver24,Luis Carlos,Luis Carlos Coelho da Silva,13456,PT,Não eleito,25,1,30,43,0,São Martinho da Serra,210002235788
c4726,g41533,ver24,Magna da Silva,Magna Regiane da Silva,13713,PT,Não eleito,10,1,38,43,0,São Martinho da Serra,210002235789
c4727,g51112,ver24,Mano,Paulo  Alexandre Borges,13555,PT,Não eleito,42,1,22,43,0,São Martinho da Serra,210002235790
c4728,g17409,ver24,Paula Pires,Paula Luciane Pires Corrêa,13500,PT,Não eleito,3,1,42,43,0,São Martinho da Serra,210002235791
c4729,g46847,ver24,Aroldo,Aroldo Pacheco Iensen,13666,PT,Não eleito,39,1,25,43,0,São Martinho da Serra,210002235792
c4730,g26441,ver24,Henrique de Fante,Henrique da Silva de Fante,13011,PT,Não eleito,17,1,34,43,0,São Martinho da Serra,210002235793
c4731,g20306,ver24,Rufino,Milton da Rosa Rufino,13506,PT,Não eleito,7,1,39,43,0,São Martinho da Serra,210002235794
c4732,g12843,ver24,Eron Elias,Eron Elias Amaral da Rosa,13321,PT,Não eleito,56,1,18,43,0,São Martinho da Serra,210002235795
c4733,g50857,ver24,Suzane Moura,Suzane de Moura Coelho,13123,PT,Não eleito,25,1,30,43,0,São Martinho da Serra,210002235796
c4734,g47159,ver24,Verci Canabarro,João Verci da Rosa Canabarro,13106,PT,Não eleito,24,1,32,43,0,São Martinho da Serra,210002235797
c4735,g160,ver24,Mauricio Braga (Muricão),Mauricio Cavalheiro Braga,13222,PT,Suplente,109,1,29,90,0,Palmares do Sul,210002235859
c4736,g41727,ver24,Bete,Elisabete Santana Monteiro,13555,PT,Suplente,110,1,28,90,0,Palmares do Sul,210002235860
c4737,g137,ver24,Lily Borges,Lisiane Borges Goulart de Oliveira,13111,PT,Suplente,134,1,19,90,0,Palmares do Sul,210002235861
c4738,g7887,ver24,Sanderlene Mesquita  (Nega),Sanderlene Almeida Mesquita Moreira,13033,PT,Suplente,28,1,62,90,0,Palmares do Sul,210002235862
c4739,g12773,ver24,Adriel Silva (Pipoca),Jose Adriel Oliveira da Silva,13456,PT,Suplente,106,1,31,90,0,Palmares do Sul,210002235863
c4740,g46469,ver24,Prof Tonia,Tonia Maria da Silva Silveira,13444,PT,Suplente,117,1,24,90,0,Palmares do Sul,210002235864
c4741,g8365,ver24,Marcelo Jablonski,Marcelo Jablonski,13333,PT,Suplente,17,1,74,90,0,Palmares do Sul,210002235865
c4742,g29896,ver24,Dedéia,Andrea Sessim Gomes,13123,PT,Suplente,80,1,37,90,0,Palmares do Sul,210002235866
c4743,g39531,ver24,Roberta Lang,Cristiane Roberta Lang,13000,PT,Suplente,112,1,27,90,0,Palmares do Sul,210002235867
c4744,g50376,ver24,Kauandre,Kauandre Santos Pooch,13777,PT,Eleito,232,1,7,90,0,Palmares do Sul,210002235868
c4745,g36325,ver24,Flaviano Stumm,Flaviano Stumm,13456,PT,Suplente,137,1,13,31,0,Barão de Cotegipe,210002236124
c4746,g7036,ver24,Patricia Filippini,Patricia Maria Filippini,13123,PT,Eleito,266,1,4,31,0,Barão de Cotegipe,210002236125
c4747,g23035,ver24,Flavio Fioravanti,Flávio Rios Fioravanti,13113,PT,Suplente,61,1,24,31,0,Barão de Cotegipe,210002236126
c4748,g27470,ver24,Floriano Ternes,Floriano Ternes,13613,PT,Eleito,158,1,10,31,0,Barão de Cotegipe,210002236127
c4749,g36862,ver24,Paulo Faccioli,Paulo Faccioli,13690,PT,Suplente,150,1,11,31,0,Barão de Cotegipe,210002236128
c4750,g25514,ver24,Ana Paula Petroski,Ana Paula Petroski,13333,PT,Suplente,42,1,26,31,0,Barão de Cotegipe,210002236129
c4751,g31292,ver24,Gabriel,Gabriel Novello Cazarotto,13333,PT,Eleito,98,1,8,15,0,Novo Xingu,210002237254
c4752,g14405,ver24,Lucio,Luciomar Wahlbrinch,13555,PT,Eleito,156,1,2,15,0,Novo Xingu,210002237255
c4753,g41234,ver24,Tais Martinelli,Tais Martinelli,13222,PT,Suplente,47,1,11,15,0,Novo Xingu,210002237256
c4754,g35862,ver24,Marilda,Marilda Salete Chiavagatti,13123,PT,Suplente,7,1,15,15,0,Novo Xingu,210002237257
c4755,g24820,ver24,Mateus Buttura Mode,Mateus Henrique Knaak Buttura,13777,PT,Eleito,114,1,6,15,0,Novo Xingu,210002237258
c4756,g48211,ver24,Rodrigo,Rodrigo Dalpiaz,13456,PT,Eleito,133,1,3,15,0,Novo Xingu,210002237259
c4757,g24455,ver24,Zica Hahn,Roseli de Oliveira Reizes Hahn,13300,PT,Eleito,132,1,13,32,0,Boa Vista do Buricá,210002238114
c4758,g36805,ver24,Antonio Mota,Antonio Sergio de Vargas Mota,13123,PT,Eleito,487,1,2,32,0,Boa Vista do Buricá,210002238115
c4759,g37749,ver24,Ademir Eisermann,Ademir Eisermann,13580,PT,Suplente,121,1,14,32,0,Boa Vista do Buricá,210002238116
c4760,g31109,ver24,Romario Rosseto,Romario Rossetto,13613,PT,Suplente,44,1,24,40,0,Novo Barreiro,210002241244
c4761,g1505,ver24,Rodrigo dos Santos  Socadinho,Rodrigo da Cruz dos Santos,13313,PT,Suplente,28,1,27,40,0,Novo Barreiro,210002241245
c4762,g24564,ver24,Volmar Tonello,Volmar da Silva Tonello,13654,PT,Suplente,140,1,12,40,0,Novo Barreiro,210002241246
c4763,g10043,ver24,Adriana Croda Oliveira,Adriana Croda Oliveira,13456,PT,Suplente,15,1,31,40,0,Novo Barreiro,210002241247
c4764,g37193,ver24,Paulo Klein,Paulo Cesar Klein,13690,PT,Eleito,150,1,10,40,0,Novo Barreiro,210002241248
c4765,g6694,ver24,Marlene Furini,Marlene Maciel Furini,13123,PT,Suplente,77,1,21,40,0,Novo Barreiro,210002241249
c4766,g32226,ver24,Vanderlei Vidal,Vanderlei Picolo Vidal,13914,PT,Suplente,9,1,33,40,0,Novo Barreiro,210002241250
c4767,g21284,ver24,Vera dos Santos ( Nice),Vera Eunice dos Santos,13664,PT,Não eleito,0,0,40,40,6,Novo Barreiro,210002241251
c4768,g17108,ver24,Tereza Santiago dos Santos,Tereza Santiago dos Santos,13543,PT,Suplente,6,1,36,40,0,Novo Barreiro,210002241252
c4769,g15696,ver24,Jenice,Jenice Silveira de Souza,13999,PT,Suplente,111,1,8,49,0,Gramado Xavier,210002242304
c4770,g34366,ver24,Tonho da Costa,Antonio Machado da Costa,13258,PT,Suplente,101,1,9,49,0,Gramado Xavier,210002242305
c4771,g22956,ver24,Deonir,Deonir Santarem,13620,PT,Eleito,175,1,3,49,0,Gramado Xavier,210002242306
c4772,g35228,ver24,Ledir Silveira,Ledir Fatima Silveira,13600,PT,Suplente,19,1,29,49,0,Gramado Xavier,210002242307
c4773,g16082,ver24,Professora Silvia,Silvia Regina de Oliveira Kuster,13333,PT,Eleito,112,1,7,49,0,Gramado Xavier,210002242308
c4774,g18444,ver24,Jean Carlo Hirsch,Jean Carlo Hirsch,13456,PT,Não eleito,19,1,47,60,0,Sinimbu,210002242536
c4775,g36126,ver24,Valderi de Moura,Valderi de Moura,13613,PT,Não eleito,74,1,26,60,0,Sinimbu,210002242537
c4776,g30171,ver24,Lisério Geske,Lisério Geske,13177,PT,Não eleito,65,1,30,60,0,Sinimbu,210002242538
c4777,g13659,ver24,Sidinei Furtado,Sidinei Roberto Furtado,13123,PT,Não eleito,183,1,10,60,0,Sinimbu,210002242539
c4778,g20317,ver24,Mauro Soares,Mauro Airton Soares,13000,PT,Não eleito,3,1,56,60,0,Sinimbu,210002242540
c4779,g47387,ver24,Eloni Lopes,Eloni dos Santos Lopes,13333,PT,Não eleito,26,1,43,60,0,Sinimbu,210002242541
c4780,g35612,ver24,Luís Silveira,Luís Silveira,13131,PT,Não eleito,3,1,56,60,0,Sinimbu,210002242542
c4781,g23204,ver24,Dida Behm,Gladilaci Behm,13300,PT,Não eleito,17,1,49,60,0,Sinimbu,210002242543
c4782,g15748,ver24,Claudete Müller,Claudete Miraci Müller,13678,PT,Não eleito,10,1,52,60,0,Sinimbu,210002242544
c4783,g628,ver24,Eli Machado,Eli Consoladora Machado,13123,PT,Não eleito,80,1,17,25,0,Caseiros,210002246080
c4784,g50691,ver24,Leomar Ramos,Leomar Ramos,13333,PT,Não eleito,65,1,18,25,0,Caseiros,210002246081
c4785,g1647,ver24,Osni,Osni Pereira da Silva,13013,PT,Não eleito,11,1,24,25,0,Caseiros,210002246082
c4786,g602,ver24,Sidinei Rampazzo,Sidinei Rampazzo,13044,PT,Não eleito,33,1,23,25,0,Caseiros,210002246083
c4787,g26026,ver24,Ciça,Cecilia Rosa Bauer,13013,PT,Não eleito,8,1,51,51,0,Santa Clara do Sul,210002246986
c4788,g7754,ver24,Leoni,Leoni Cleonice Rosinke,13123,PT,Não eleito,50,1,36,51,0,Santa Clara do Sul,210002246987
c4789,g25358,ver24,Marcelo Foltz,Marcelo Foltz,13213,PT,Não eleito,105,1,16,51,0,Santa Clara do Sul,210002246988
c4790,g3032,ver24,Guilherme Johann,Guilherme Vinicius Johann,13000,PT,Não eleito,44,1,38,51,0,Santa Clara do Sul,210002246989
c4791,g8638,ver24,Claudir Althaus,Claudir Ceso Althaus,13113,PT,Não eleito,28,1,42,51,0,Santa Clara do Sul,210002246990
c4792,g28398,ver24,João Victor Larrosa,João Victor Porto Larrosa,13000,PT,Eleito,808,1,3,48,0,Arroio Grande,210002247282
c4793,g8382,ver24,Sibelli Mello Botelho,Sibelli Mello Botelho,13333,PT,Suplente,208,1,19,48,0,Arroio Grande,210002247283
c4794,g47548,ver24,Cristiano Bretanha,Cristiano Coelho Bretanha,13613,PT,Suplente,45,1,37,48,0,Arroio Grande,210002247284
c4795,g4351,ver24,Isair Rufino Pinheiro,Isair Rufino Pinheiro,13123,PT,Suplente,101,1,25,48,0,Arroio Grande,210002247285
c4796,g26925,ver24,Larah Mendes,Larah Mendes Lima,13601,PT,Suplente,110,1,24,48,0,Arroio Grande,210002247286
c4797,g23624,ver24,Adriana Meireles da Silva,Adriana Meireles da Silva,13013,PT,Suplente,146,1,22,48,0,Arroio Grande,210002247287
c4798,g176,ver24,Nilton Porsche (Fipi),Nilton Ricardo Porsche,13113,PT,Não eleito,55,1,18,37,0,Imigrante,210002249509
c4799,g35234,ver24,Wanice Tiemann,Wanice Tiemann,13333,PT,Não eleito,39,1,24,37,0,Imigrante,210002249510
c4800,g39004,ver24,Celsinho Pereira,Celson Miguel da Silva,13713,PT,Não eleito,68,1,14,37,0,Imigrante,210002249511
c4801,g22336,ver24,Zenaide,Zenaide Belini,13000,PT,Não eleito,21,1,17,18,0,Rio dos Índios,210002249525
c4802,g35473,ver24,Juda,João Domingos Malacarne,13999,PT,Não eleito,35,1,16,18,0,Rio dos Índios,210002249526
c4803,g3640,ver24,Bilini,Laurindo Bilini,13222,PT,Não eleito,109,1,11,18,0,Rio dos Índios,210002249527
c4804,g30204,ver24,Giseli,Giseli Aparecida Padilha,13133,PT,Não eleito,4,1,18,18,0,Rio dos Índios,210002249528
c4805,g46236,ver24,Mario de Araujo,Mario de Araujo,13665,PT,Não eleito,42,1,15,18,0,Rio dos Índios,210002249529
c4806,g50889,ver24,Cerineu Mantovani,Cerineu Jose Mantovani,13013,PT,Eleito,214,1,4,21,0,Pejuçara,210002250038
c4807,g34966,ver24,Marlene Morais,Marlene Catarina de Morais,13123,PT,Suplente,37,1,17,21,0,Pejuçara,210002250039
c4808,g43688,ver24,Jurema Justo,Jurema Justo Mengue,13650,PT,Não eleito,71,1,20,29,0,Três Cachoeiras,210002250766
c4809,g31385,ver24,Anilton Pichani,Anilton Pichani,13100,PT,Não eleito,179,1,14,29,0,Três Cachoeiras,210002250767
c4810,g49716,ver24,Amauri Fernandes,Amauri Rodrigues Fernandes,13300,PT,Não eleito,55,1,23,29,0,Três Cachoeiras,210002250768
c4811,g325,ver24,Wiliam do Nenê,Wiliam Azevedo Brandão,15333,MDB,Suplente,58,1,19,40,0,Tabaí,210002251073
c4812,g21546,ver24,Luiz Pires,Luiz Eduardo Pires dos Santos,13266,PT,Não eleito,7,1,76,81,0,Vera Cruz,210002251165
c4813,g5852,ver24,Devercino Linhares,Devercino Linhares,13127,PT,Não eleito,23,1,67,81,0,Vera Cruz,210002251166
c4814,g47646,ver24,Tatty Soares,Daniela Regina Soares,13123,PT,Não eleito,22,1,68,81,0,Vera Cruz,210002251167
c4815,g6342,ver24,Gilberto Wink,Gilberto Wink,13555,PT,Não eleito,434,1,14,81,0,Vera Cruz,210002251168
c4816,g40503,ver24,Cira Kaufmann,Cira Maria Gassen Kaufmann,13456,PT,Não eleito,387,1,16,81,0,Vera Cruz,210002251169
c4817,g2062,ver24,Joice Santos,Joice Daniele Gomes dos Santos,13333,PT,Não eleito,99,1,44,81,0,Vera Cruz,210002251170
c4818,g5494,ver24,Profe Rita,Rita Soares,13000,PT,Suplente,70,1,50,88,0,Soledade,210002253255
c4819,g49751,ver24,Antonio Carlos Maciel,Antonio Carlos Maciel,13125,PT,Suplente,29,1,68,88,0,Soledade,210002253256
c4820,g18521,ver24,Professor Everaldo,Everaldo Silveira da Silva,13500,PT,Suplente,270,1,26,88,0,Soledade,210002253257
c4821,g22221,ver24,Pai Tadeu,Geneir Tadeu Marques Rodrigues,13678,PT,Eleito,430,1,11,88,0,Soledade,210002253258
c4822,g20066,ver24,Andreia Pedroso,Andreia de Carvalho Pedroso,13133,PT,Suplente,136,1,37,88,0,Soledade,210002253259
c4823,g21639,ver24,Elio Paixao,Elio Pereira da Paixao,13123,PT,Suplente,39,1,60,88,0,Soledade,210002253260
c4824,g10916,ver24,Dalceu Fernandes,Dalceu Borges Fernandes,13713,PT,Suplente,105,1,43,88,0,Soledade,210002253261
c4825,g37461,ver24,Andreia Franco,Andreia Franco Luiz,13242,PT,Suplente,32,1,66,88,0,Soledade,210002253262
c4826,g22319,ver24,Gisele Horn,Gisele Adelise Horn,13100,PT,Suplente,245,1,29,88,0,Soledade,210002253263
c4827,g33777,ver24,Silvio Pereira,Silvio Marcos Mendes Pereira,13101,PT,Suplente,27,1,69,88,0,Soledade,210002253264
c4828,g40127,ver24,Eloi Miranda,Eloi Miranda,13331,PT,Suplente,64,1,52,88,0,Soledade,210002253265
c4829,g14737,ver24,Lucio Dias,Lucio Eugenio Bueno Dias,13622,PT,Suplente,304,1,25,88,0,Soledade,210002253266
c4830,g3296,ver24,Vande,Wanerley Scorteganha,13444,PT,Suplente,102,1,17,36,0,Liberato Salzano,210002255814
c4831,g8068,ver24,Zaira,Zaira Domingas Tonet,13131,PT,Suplente,7,1,35,36,0,Liberato Salzano,210002255815
c4832,g14683,ver24,Julio,Julio da Silva,13113,PT,Suplente,64,1,20,36,0,Liberato Salzano,210002255816
c4833,g290,ver24,Sadizinho,Sadi Barbosa dos Santos,13000,PT,Suplente,98,1,18,36,0,Liberato Salzano,210002255817
c4834,g16451,ver24,Zagotto,Daniel Zagotto,13013,PT,Eleito,144,1,12,36,0,Liberato Salzano,210002255818
c4835,g34985,ver24,Mari,Marilene Terezinha Menegon,13111,PT,Suplente,11,1,32,36,0,Liberato Salzano,210002255819
c4836,g31147,ver24,Tonho Kalistro,Antonio da Silva,13333,PT,Suplente,35,1,25,36,0,Liberato Salzano,210002255820
c4837,g18864,ver24,Tonho Lima,Antonio dos Santos Lima,13555,PT,Suplente,12,1,30,36,0,Liberato Salzano,210002255821
c4838,g35689,ver24,Terezinha,Terezinha Baldissera Fochezatto,13613,PT,Eleito,156,1,10,36,0,Liberato Salzano,210002255822
c4839,g39435,ver24,Waldir Scheibler,Waldir Luiz Scheibler,13000,PT,Suplente,115,1,23,61,0,Cruzeiro do Sul,210002259017
c4840,g43793,ver24,Carol,Maria Caroline Leichtweis,13013,PT,Suplente,86,1,30,61,0,Cruzeiro do Sul,210002259018
c4841,g47294,ver24,Maria Denice Sebastiani,Maria Denice Sebastiani,13123,PT,Suplente,129,1,19,61,0,Cruzeiro do Sul,210002259019
c4842,g11148,ver24,Rudimar,Rudimar Neitzke,13456,PT,Suplente,46,1,43,61,0,Cruzeiro do Sul,210002259020
c4843,g49433,ver24,Arlei Kronbauer,Arlei Paulo Kronbauer,13069,PT,Eleito,144,1,17,61,0,Cruzeiro do Sul,210002259021
c4844,g42110,ver24,Carlão,José Carlos Sehn,13001,PT,Suplente,79,1,35,61,0,Cruzeiro do Sul,210002259022
c4845,g8930,ver24,Vando da Retro,João Vanderlei Kern,13333,PT,Suplente,55,1,41,61,0,Cruzeiro do Sul,210002259023
c4846,g37609,ver24,Amanda,Amanda Franciele Angelo,13045,PT,Suplente,35,1,48,61,0,Cruzeiro do Sul,210002259024
c4847,g31256,ver24,Mareci,Mareci Padilha Ferreira,13366,PT,Suplente,15,1,57,61,0,Cruzeiro do Sul,210002259025
c4848,g49077,ver24,Daniel Backes,Daniel Fabricio Backes,13515,PT,Suplente,86,1,30,61,0,Cruzeiro do Sul,210002259026
c4849,g9086,ver24,Eloisa Oliveira Heinen,Eloisa de Oliveira Heinen,13444,PT,Não eleito,33,1,146,167,0,Venâncio Aires,210002259833
c4850,g30602,ver24,Fabinho Alves,Fabio Alves,13456,PT,Não eleito,76,1,101,167,0,Venâncio Aires,210002259834
c4851,g25567,ver24,Bernardete Schabbach,Maria Bernardete Schabbach,13713,PT,Não eleito,29,1,148,167,0,Venâncio Aires,210002259835
c4852,g47737,ver24,Moises Ribeiro e Alceu Negrão,Moises de Borba Ribeiro,13123,PT,Não eleito,21,1,158,167,0,Venâncio Aires,210002259836
c4853,g15044,ver24,João Batista Xavier,João Batista Xavier,13974,PT,Não eleito,52,1,124,167,0,Venâncio Aires,210002259837
c4854,g28839,ver24,Lauro Kist,Lauro Kist,13200,PT,Não eleito,94,1,95,167,0,Venâncio Aires,210002259838
c4855,g34698,ver24,Gian Garcia  Rosa,Gian Garcia  Rosa,13487,PT,Não eleito,59,1,119,167,0,Venâncio Aires,210002259839
c4856,g47228,ver24,Celson Lucas Ferreira,Celson Lucas Ferreira,13613,PT,Não eleito,196,1,62,167,0,Venâncio Aires,210002259840
c4857,g14774,ver24,Debora Ten Caten,Debora  Maria Ten Caten,13133,PT,Não eleito,27,1,151,167,0,Venâncio Aires,210002259841
c4858,g45218,ver24,João Fischer,João Fischer,13605,PT,Não eleito,29,1,148,167,0,Venâncio Aires,210002259842
c4859,g45391,ver24,Jaque Santos,Jaqueline Gonçalves dos Santos,13000,PT,Não eleito,303,1,42,167,0,Venâncio Aires,210002259843
c4860,g33309,ver24,Jeferson Ribeiro,Jeferson Gabriel Ribeiro dos Santos,13113,PT,Não eleito,113,1,88,167,0,Venâncio Aires,210002259844
c4861,g5735,ver24,Luana Vais,Luana Camacho Vais,13613,PT,Eleito,404,1,4,64,0,Candiota,210002259924
c4862,g29399,ver24,Claudio Porto,Claudio Maciel Moreira Porto,13013,PT,Suplente,95,1,19,64,0,Candiota,210002259925
c4863,g5260,ver24,Axel Costa,Axel de Moura da Costa,13333,PT,Eleito,212,1,8,64,0,Candiota,210002259926
c4864,g49996,ver24,Rosane Parcianello,Rosane Forner Parcianello,13513,PT,Suplente,197,1,10,64,0,Candiota,210002259927
c4865,g37636,ver24,Peco,Pedro Roberto Azambuja Pereira,13000,PT,Suplente,66,1,26,64,0,Candiota,210002259928
c4866,g9179,ver24,Marcelo Belmudes,Marcelo do Pinho Belmudes,13123,PT,Eleito,229,1,6,64,0,Candiota,210002259929
c4867,g4674,ver24,Danilo Gonçalves,Danilo Gonçalves,13650,PT,Suplente,188,1,11,64,0,Candiota,210002259930
c4868,g29420,ver24,Cristina Gonzales,Maria Cristina Silva da Silva,13313,PT,Suplente,62,1,28,64,0,Candiota,210002259931
c4869,g7835,ver24,Tereza Marks,Tereza Marks,13313,PT,Não eleito,22,1,40,49,0,Guarani das Missões,210002263960
c4870,g19808,ver24,Leonardo,Leonardo Estanislau Szinwelski,13113,PT,Não eleito,74,1,22,49,0,Guarani das Missões,210002263961
c4871,g3091,ver24,Prof Orly,Orly Inácio Reidel,13456,PT,Não eleito,154,1,12,49,0,Guarani das Missões,210002263962
c4872,g23545,ver24,Paulo Marmilicz,Paulo Tomaz Marmilicz,13613,PT,Não eleito,74,1,22,49,0,Guarani das Missões,210002263963
c4873,g12700,ver24,Angelo Tortinho,Angelo Lubas dos Santos,13777,PT,Não eleito,8,1,46,49,0,Guarani das Missões,210002263964
c4874,g36269,ver24,Manina,Leonir Fatima de Campos Silva,13000,PT,Suplente,133,1,10,19,0,Barra do Guarita,210002265128
c4875,g18257,ver24,Beco,Anibaldo Brietzke,13620,PT,Eleito,153,1,5,19,0,Barra do Guarita,210002265129
c4876,g43676,ver24,Alievi,Anildo Alievi,13456,PT,Suplente,78,1,14,19,0,Barra do Guarita,210002265130
c4877,g29884,ver24,Dioneia,Dioneia Pereira da Cruz,13555,PT,Suplente,111,1,12,19,0,Barra do Guarita,210002265131
c4878,g24286,ver24,Vilmar,Vilmar da Silva Ribeiro,13222,PT,Eleito,148,1,7,19,0,Barra do Guarita,210002265132
c4879,g35458,ver24,Angela,Angela Verenice da Luz,13213,PT,Eleito,173,1,3,19,0,Barra do Guarita,210002265133
c4880,g38545,ver24,Osmar,Osmar Lucas da Rosa,13131,PT,Suplente,111,1,12,19,0,Barra do Guarita,210002265134
c4881,g17076,ver24,Marcinho,Marcio Cocenski,13999,PT,Eleito,151,1,6,19,0,Barra do Guarita,210002265135
c4882,g4421,ver24,Paschoali,Gelci Luis Paschoali,13613,PT,Eleito,171,1,4,19,0,Barra do Guarita,210002265136
c4883,g38120,ver24,Jaime,Jaime Luiz Vogel,13789,PT,Suplente,116,1,11,19,0,Barra do Guarita,210002265137
c4884,g26738,ver24,Cleres,Cleres Maria Cavalheiro Revelante,12222,PDT,Suplente,223,1,11,46,0,Salto do Jacuí,210002265400
c4885,g4860,ver24,Luiz Trentin,Luiz Antonio Trentin,13300,PT,Não eleito,154,1,14,30,0,Nova Palma,210002265845
c4886,g36693,ver24,Rosane Preto,Rosane Preto,13456,PT,Não eleito,35,1,24,30,0,Nova Palma,210002265846
c4887,g50504,ver24,Tefa Pippi,Stephane Donato Pippi de Oliveira,13013,PT,Não eleito,61,1,21,30,0,Nova Palma,210002265847
c4888,g8198,ver24,Clei Oliveira,Clei Adriano Fontoura de Oliveira,13131,PT,Não eleito,6,1,29,30,0,Nova Palma,210002265848
c4889,g18579,ver24,Beto Rohleder,Gilberto Luis Rohleder,13200,PT,Eleito,194,1,1,29,0,Ubiretama,210002266684
c4890,g29718,ver24,Rogerio Rohleder,Rogerio Genor Rohleder,13120,PT,Suplente,92,1,5,29,0,Ubiretama,210002266686
c4891,g51109,ver24,Loraine Behling,Loraine Behling,13000,PT,Suplente,13,1,27,29,0,Ubiretama,210002266687
c4892,g3783,ver24,Adriana Agente de Saude,Adriana Rita Fabrin,13130,PT,Não eleito,132,1,39,64,0,Carlos Barbosa,210002267390
c4893,g1700,ver24,Cleonice,Cleonice Aparecida Lunedo,13131,PT,Não eleito,55,1,50,64,0,Carlos Barbosa,210002267392
c4894,g27027,ver24,Percio Carteiro,Percio Rogerio da Silva,13123,PT,Não eleito,86,1,44,64,0,Carlos Barbosa,210002267394
c4895,g48137,ver24,Pedroni,Jandir Luis Pedroni,13013,PT,Não eleito,217,1,28,64,0,Carlos Barbosa,210002267396
c4896,g18624,ver24,Macetão,Dejair de Oliveira,13789,PT,Eleito,347,1,3,39,0,Santa Bárbara do Sul,210002267508
c4897,g15106,ver24,Bia,Gerson dos Santos Amaral,13613,PT,Eleito,210,1,11,39,0,Santa Bárbara do Sul,210002267509
c4898,g27098,ver24,Gustavo Engelmann,Luis Gustavo Engelmann,13456,PT,Suplente,72,1,25,39,0,Santa Bárbara do Sul,210002267510
c4899,g45476,ver24,Vanessa Damasceno,Vanessa Terezinha Damasceno,13337,PT,Suplente,38,1,31,39,0,Santa Bárbara do Sul,210002267511
c4900,g9664,ver24,Musun,Valdeci Prestes de Oliveira,13200,PT,Suplente,75,1,24,39,0,Santa Bárbara do Sul,210002267512
c4901,g6367,ver24,Melina de Deus,Melina de Deus de Lima,13777,PT,Suplente,9,1,38,39,0,Santa Bárbara do Sul,210002267513
c4902,g10943,ver24,Marcelo Dalla Nora,Marcelo Chaves Dalla Nora,13333,PT,Suplente,156,1,14,39,0,Santa Bárbara do Sul,210002267514
c4903,g36268,ver24,Ecilda da Saude,Ecilda Celeste da Silva,13444,PT,Suplente,77,1,23,39,0,Santa Bárbara do Sul,210002267515
c4904,g881,ver24,Professor Mario,Mario Jose Willers,13013,PT,Suplente,26,1,22,28,0,Sede Nova,210002267942
c4905,g49550,ver24,Neiva Kunzler,Neiva Damares Kunzler,13222,PT,Suplente,41,1,19,28,0,Sede Nova,210002267943
c4906,g35760,ver24,Sirlei Schmalz,Sirlei Irene Schmalz,13123,PT,Suplente,9,1,27,28,0,Sede Nova,210002267944
c4907,g47757,ver24,Silvio Rohr,Silvio Cleiton Rohr,13660,PT,Suplente,110,1,11,28,0,Sede Nova,210002267945
c4908,g26236,ver24,Claudio,Claudiomiro Soares,13555,PT,Suplente,45,1,18,28,0,Sede Nova,210002267946
c4909,g4492,ver24,Fabio Monteiro,Fabio Barcelos Monteiro,13999,PT,Eleito,131,1,6,28,0,Sede Nova,210002267947
c4910,g28627,ver24,Dario,Dari Leids,13777,PT,Suplente,34,1,21,28,0,Sede Nova,210002267948
c4911,g2195,ver24,Nice Padilha,Eunice Padilha,13333,PT,Suplente,11,1,26,28,0,Sede Nova,210002267949
c4912,g45467,ver24,Djoninho,Djone Vinicio Schuh,13113,PT,Suplente,17,1,25,28,0,Sede Nova,210002267950
c4913,g34981,ver24,Marcelo,Marcelo Ronavi Dalssotto,13000,PT,Eleito,90,1,9,20,0,Dois Irmãos das Missões,210002268207
c4914,g16795,ver24,Trovão,Jair Carvalho Correa,13333,PT,Suplente,67,1,12,20,0,Dois Irmãos das Missões,210002268208
c4915,g34367,ver24,Maristela,Maristela Carvalho Poncatte,13110,PT,Suplente,9,1,19,20,0,Dois Irmãos das Missões,210002268209
c4916,g27994,ver24,Negrinho,José Carlos de Souza Freitas,13456,PT,Não eleito,71,1,26,51,0,Minas do Leão,210002269066
c4917,g27824,ver24,Fran Job,Franciele Job Garcia,13300,PT,Não eleito,87,1,22,51,0,Minas do Leão,210002269067
c4918,g7969,ver24,Nelci Zangrande,Nelci Zangrande,13134,PT,Suplente,19,1,16,22,0,Ponte Preta,210002269176
c4919,g15529,ver24,Seleni Bortolini,Seleni Fatima Bortolini,13613,PT,Suplente,81,1,10,22,0,Ponte Preta,210002269177
c4920,g44908,ver24,Silvana Bazoti,Silvana Bazoti Cararo,13123,PT,Suplente,13,1,17,22,0,Ponte Preta,210002269178
c4921,g1683,ver24,Darlan Zappani,Darlan Zappani,13333,PT,Eleito,142,1,4,22,0,Ponte Preta,210002269179
c4922,g50390,ver24,Carubla Zukowski,Carubla Paula Zukowski,13222,PT,Eleito,100,1,7,22,0,Ponte Preta,210002269180
c4923,g16357,ver24,Douglas Zanella,Douglas Rafael Zanella,15015,MDB,Suplente,92,1,11,32,0,Três Arroios,210002269913
c4924,g36507,ver24,Poliana,Poliana Cardoso da Silva,13999,PT,Suplente,83,1,18,35,0,Trindade do Sul,210002270247
c4925,g33190,ver24,Kamelo,João Adenilso dos Santos,13613,PT,Eleito,241,1,7,35,0,Trindade do Sul,210002270248
c4926,g26503,ver24,Luiz do Pt,Luiz Carlos Colvero,13888,PT,Suplente,136,1,13,35,0,Trindade do Sul,210002270249
c4927,g33233,ver24,Nei,Nelson Flores da Rosa,13022,PT,Eleito,228,1,9,35,0,Trindade do Sul,210002270250
c4928,g8028,ver24,Noreli,Noreli Rodrigues Fachin,13000,PT,Suplente,58,1,23,35,0,Trindade do Sul,210002270251
c4929,g43966,ver24,Monalisa,Monalisa de Witt Ardenghy,13333,PT,Suplente,124,1,15,35,0,Trindade do Sul,210002270252
c4930,g25418,ver24,Chico,Leonir Guilherme Frubel,13123,PT,Suplente,119,1,16,35,0,Trindade do Sul,210002270253
c4931,g43661,ver24,Irildo,Irildo Basso,13555,PT,Suplente,130,1,14,35,0,Trindade do Sul,210002270255
c4932,g43593,ver24,Bidu,Vilson Paida,13313,PT,Suplente,81,1,19,35,0,Trindade do Sul,210002270256
c4933,g764,ver24,Isanete Machado,Isanete Prestes Machado,13777,PT,Suplente,11,1,35,38,0,Caiçara,210002270972
c4934,g16102,ver24,Rodrigo Majolo,Rodrigo Majolo Prestes,13013,PT,Suplente,12,1,34,38,0,Caiçara,210002270973
c4935,g10892,ver24,Silvio Lazarotto,Silvio Lazarotto,13123,PT,Suplente,39,1,24,38,0,Caiçara,210002270974
c4936,g47622,ver24,Claudete Lazarotto,Claudete Maria Lazarotto,13610,PT,Suplente,10,1,36,38,0,Caiçara,210002270975
c4937,g7795,ver24,Olivo Bonatti,Olivo Francisco Bonatti,13655,PT,Eleito,249,1,4,38,0,Caiçara,210002270976
c4938,g19959,ver24,Sidnei de Matos,Sidnei Silva de Matos,13000,PT,Suplente,46,1,23,38,0,Caiçara,210002270977
c4939,g39801,ver24,Gilberto de Oliveira,Gilberto Ulrich de Oliveira,13456,PT,Suplente,220,1,6,38,0,Caiçara,210002270978
c4940,g27469,ver24,Juliana Feltes,Juliana Feltes dos Santos,13520,PT,Suplente,38,1,26,38,0,Caiçara,210002270979
c4941,g33951,ver24,Alex Oliveira,Alexandro Carvalho de Oliveira,13123,PT,Não eleito,27,1,72,83,0,Eldorado do Sul,210002272614
c4942,g1324,ver24,Emilia Pereira,Emilia Pereira,13013,PT,Não eleito,161,1,31,83,0,Eldorado do Sul,210002272615
c4943,g47394,ver24,Marcelo Cordeiro,Marcelo Cordeiro,13007,PT,Não eleito,452,1,13,83,0,Eldorado do Sul,210002272616
c4944,g2674,ver24,Carlinhos Elias,João Carlos Elias,13690,PT,Não eleito,192,1,28,83,0,Eldorado do Sul,210002272617
c4945,g19002,ver24,Paulo Baicoa,Paulo Sérgio Baicoa da Conceição,13700,PT,Não eleito,68,1,49,83,0,Eldorado do Sul,210002272618
c4946,g32322,ver24,Neil Naiff,Neil Robinson Bica Naiff,13001,PT,Não eleito,150,1,32,83,0,Eldorado do Sul,210002272619
c4947,g23726,ver24,Tigre,João Francisco Morais Cardozo,13655,PT,Não eleito,500,1,11,83,0,Eldorado do Sul,210002272621
c4948,g30476,ver24,Michele Rodrigues,Michele Rodrigues Brandão,13180,PT,Não eleito,24,1,75,83,0,Eldorado do Sul,210002272622
c4949,g22521,ver24,Maria Fortes,Maria Augusta Rodrigues Fortes,13401,PT,Não eleito,58,1,56,83,0,Eldorado do Sul,210002272623
c4950,g37204,ver24,Claudete Oliveira,Claudete Oliveira,13906,PT,Não eleito,2,1,51,52,0,Bom Princípio,210002272798
c4951,g40588,ver24,Chico Winter,Francisco Miguel Winter,13456,PT,Não eleito,30,1,43,52,0,Bom Princípio,210002272799
c4952,g29434,ver24,Jose Inacio Stockmanns,Jose Inacio Stockmanns,13613,PT,Não eleito,16,1,45,52,0,Bom Princípio,210002272800
c4953,g1255,ver24,Joao Francisco Perrude,Joao Francisco Perrude,13333,PT,Não eleito,16,1,45,52,0,Bom Princípio,210002272801
c4954,g23622,ver24,Robertina Silva Cardoso,Robertina Silva Cardoso,13000,PT,Não eleito,25,1,44,52,0,Bom Princípio,210002272802
c4955,g32161,ver24,Robson Ferreira Guimarães,Robson Ferreira Guimarães,13013,PT,Não eleito,31,1,42,52,0,Bom Princípio,210002272803
c4956,g33007,ver24,Roque Stein,Roque Stein,13123,PT,Não eleito,54,1,35,52,0,Bom Princípio,210002272804
c4957,g6156,ver24,Gema Scherer,Maria Gema Scherer Gomes,13113,PT,Não eleito,2,1,51,52,0,Bom Princípio,210002272805
c4958,g24488,ver24,Flávio Weizemann,Flavio Andre Weizemann,13981,PT,Não eleito,7,1,50,52,0,Bom Princípio,210002272806
c4959,g15918,ver24,Dinho Vermelho,Evandro dos Santos,55555,PSD,Suplente,590,1,55,172,0,São Leopoldo,210002275897
c4960,g34328,ver24,Sarinha Machado,Sara Eduarda Machado da Silva,13000,PT,Não eleito,8,1,77,83,0,São Sebastião do Caí,210002278225
c4961,g36294,ver24,Bruna Passos,Bruna Jordana Santos dos Passos,13100,PT,Não eleito,5,1,80,83,0,São Sebastião do Caí,210002278226
c4962,g5075,ver24,Deise Soares,Carina Deise Soares Marques,13813,PT,Não eleito,135,1,31,83,0,São Sebastião do Caí,210002278228
c4963,g33693,ver24,Vinicius Koepsel,Vinicius Koepsel Cruz,13133,PT,Não eleito,31,1,59,83,0,São Sebastião do Caí,210002278229
c4964,g34741,ver24,Ivan Cabral,Ivan Nunes Cabral,13021,PT,Não eleito,234,1,19,83,0,São Sebastião do Caí,210002278230
c4965,g29218,ver24,Zuca Flores,Luiz Augusto Flores,13123,PT,Não eleito,33,1,56,83,0,São Sebastião do Caí,210002278231
c4966,g25640,ver24,Guto,Augusto Napp,13456,PT,Não eleito,253,1,14,83,0,São Sebastião do Caí,210002278232
c4967,g5950,ver24,Adejair Silva,Adejair Antonio da Silva,13013,PT,Não eleito,89,1,40,83,0,São Sebastião do Caí,210002278233
c4968,g2503,ver24,Rogerio Liell,Rogerio Luiz Liell,13333,PT,Não eleito,80,1,42,83,0,São Sebastião do Caí,210002278234
c4969,g31929,ver24,Paulo Jurak,Paulo Gilberto Jurak,13123,PT,Eleito,181,1,6,29,0,Novo Machado,210002278326
c4970,g44757,ver24,Iloni Calza Drost,Iloni Calza Drost,13130,PT,Suplente,23,1,22,29,0,Novo Machado,210002278327
c4971,g5760,ver24,Ninto,Arcelio Gulewicz,13131,PT,Suplente,156,1,9,29,0,Novo Machado,210002278328
c4972,g21454,ver24,Eliane Musskopf,Eliane Musskopf,13777,PT,Suplente,75,1,15,29,0,Novo Machado,210002278329
c4973,g26043,ver24,Teresinha,Teresinha Canal,13140,PT,Suplente,8,1,28,29,0,Novo Machado,210002278330
c4974,g20023,ver24,Cristhofer Bortoli,Cristhofer José Bortoli,13000,PT,Eleito,284,1,1,29,0,Novo Machado,210002278331
c4975,g239,ver24,Moraes,Sidenei Moraes,13377,PT,Suplente,12,1,27,29,0,Novo Machado,210002278333
c4976,g38170,ver24,Adelar Xiru,Adelar Araujo dos Santos,25025,PRD,Não eleito,35,1,56,90,0,Palmares do Sul,210002279977
c4977,g16611,ver24,Catia,Catia de Souza da Silva,13033,PT,Não eleito,11,1,27,28,0,Terra de Areia,210002280708
c4978,g19489,ver24,Clau Flores,Claudete Carlos Flores,13013,PT,Não eleito,10,1,28,28,0,Terra de Areia,210002280710
c4979,g15079,ver24,Rodrigo Lessa,Rodrigo dos Santos Lessa,13001,PT,Não eleito,12,1,26,28,0,Terra de Areia,210002280711
c4980,g26926,ver24,Paulo Fenner,Paulo Renato Pompeu Fenner,44888,UNIÃO,Suplente,37,1,15,17,0,São Pedro da Serra,210002280770
c4981,g39899,ver24,Marcio Andriola,Marcio Andriola,13000,PT,Suplente,85,1,42,77,0,Imbé,210002281272
c4982,g5826,ver24,Sandro Melo,Sandro Machado Melo,13013,PT,Suplente,221,1,23,77,0,Imbé,210002281273
c4983,g30607,ver24,Virna Alice,Virna Alice Marciel Cruz,13222,PT,Eleito,595,1,9,77,0,Imbé,210002281274
c4984,g28166,ver24,Josi Barbosa,Joseleine da Silva Barbosa,13456,PT,Suplente,247,1,18,77,0,Imbé,210002281275
c4985,g31523,ver24,Moises Barcelos,Moises Barcelos da Silva,13777,PT,Suplente,45,1,53,77,0,Imbé,210002281276
c4986,g42030,ver24,Rafael Kerber,Rafael Luis Kerber,13630,PT,Não eleito,0,0,74,77,16,Imbé,210002281277
c4987,g16227,ver24,Professora Eleonora Froes,Eleonora Dutra Froes,13123,PT,Não eleito,0,0,74,77,82,Imbé,210002281279
c4988,g27946,ver24,Renata Franki,Renata Franki Moreira,13007,PT,Suplente,248,1,17,77,0,Imbé,210002281281
c4989,g42277,ver24,Cride,Milton Euclides Dornelles da Silva,12345,PDT,Suplente,59,1,22,42,0,Tucunduva,210002282725
c4990,g24999,ver24,Jussara,Jussara de Fatima Berlesi Agnes,13123,PT,Suplente,27,1,19,23,0,São Valério do Sul,210002282740
c4991,g48978,ver24,Cleo,Cleo Oliveira Fongue,13456,PT,Suplente,96,1,10,23,0,São Valério do Sul,210002282741
c4992,g14708,ver24,Casemiro,Casemiro Miguel,13789,PT,Eleito,200,1,2,23,0,São Valério do Sul,210002282742
c4993,g39851,ver24,Gibrair Alves,Gibrair Alves,13333,PT,Não eleito,17,1,39,39,0,Serafina Corrêa,210002283259
c4994,g43496,ver24,Cícero Romão Dantas,Cícero Romão de Carvalho Dantas,13456,PT,Não eleito,30,1,35,39,0,Serafina Corrêa,210002283260
c4995,g40913,ver24,Profe Mani,Lenice Maria Alban Salvi,13131,PT,Não eleito,140,1,23,39,0,Serafina Corrêa,210002283261
c4996,g19683,ver24,Fabiane Facco,Fabiane Geleide Facco,13333,PT,Não eleito,43,1,15,20,0,Cristal do Sul,210002285022
c4997,g11341,ver24,Luiz Binsfeld,Luiz Binsfeld,13000,PT,Não eleito,129,1,9,20,0,Cristal do Sul,210002285023
c4998,g10925,ver24,Silvano Machado,Silvano Carvalho Machado,13789,PT,Não eleito,64,1,34,45,0,Santo Augusto,210002286182
c4999,g48095,ver24,Vanuza Vicentini,Vanuza Vicentini,13377,PT,Não eleito,50,1,36,45,0,Santo Augusto,210002286183
c5000,g24736,ver24,Diovan Maboni,Diovan Cezar Maboni,13666,PT,Não eleito,152,1,21,45,0,Santo Augusto,210002286184
c5001,g8577,ver24,Cabrito,Vanderlei Viana Soares,13777,PT,Não eleito,19,1,41,45,0,Santo Augusto,210002286185
c5002,g36690,ver24,João Pt,João Carvalho de Oliveira,13000,PT,Não eleito,70,1,33,45,0,Santo Augusto,210002286186
c5003,g46132,ver24,Joice Santos,Joice Batista dos Santos,13028,PT,Não eleito,10,1,44,45,0,Santo Augusto,210002286187
c5004,g13315,ver24,Osmar Cardozo,Osmar Zimmermann Cardozo,13333,PT,Não eleito,48,1,37,45,0,Santo Augusto,210002286188
c5005,g47631,ver24,Sueli dos Santos,Sueli Fatima dos Santos,13013,PT,Não eleito,13,1,43,45,0,Santo Augusto,210002286189
c5006,g46239,ver24,Maicon Lopes,Maicon Mauricio Lopes,13120,PT,Não eleito,227,1,17,45,0,Santo Augusto,210002286190
c5007,g49994,ver24,Jordão Ferreira Bechert,Jordão Ferreira Bechert,13789,PT,Não eleito,10,1,37,37,0,Boqueirão do Leão,210002286252
c5008,g36346,ver24,João Ribeiro,João Batista Lopes Ribeiro,13369,PT,Não eleito,13,1,34,37,0,Boqueirão do Leão,210002286253
c5009,g3909,ver24,Jair Furtado,Jair Claudiomir Furtado,13000,PT,Não eleito,128,1,12,37,0,Boqueirão do Leão,210002286254
c5010,g1128,ver24,Paredão,Gilberto Schunke,13690,PT,Não eleito,20,1,31,37,0,Boqueirão do Leão,210002286255
c5011,g32369,ver24,Valquiria,Valquiria Giacomini Pinheiro,13767,PT,Não eleito,15,1,33,37,0,Boqueirão do Leão,210002286256
c5012,g44139,ver24,Rosane Chemin,Rosane Fatima Chemin,13444,PT,Não eleito,89,1,17,37,0,Boqueirão do Leão,210002286257
c5013,g27031,ver24,Marciano Fernandes,Marciano Lucas de Jesus Fernandes,13456,PT,Não eleito,65,1,23,37,0,Boqueirão do Leão,210002286259
c5014,g1870,ver24,Cleci,Cleci Kellerer da Silva,13533,PT,Não eleito,84,1,18,37,0,Boqueirão do Leão,210002286260
c5015,g40981,ver24,Pedro Paulo,Pedro Paulo Maia da Silva,13613,PT,Não eleito,107,1,31,42,0,São Francisco de Assis,210002286679
c5016,g26272,ver24,Geraldo Moacir,Geraldo Moacir dos Santos de Oliveira,13444,PT,Não eleito,136,1,27,42,0,São Francisco de Assis,210002286680
c5017,g45212,ver24,Janete Fabiano,Janete Terezinha Contessa Fabiano,13333,PT,Não eleito,27,1,38,42,0,São Francisco de Assis,210002286681
c5018,g23497,ver24,Melo do Brick,João Valtoni Almeida de Melo,13456,PT,Não eleito,139,1,26,42,0,São Francisco de Assis,210002286682
c5019,g34285,ver24,Aline Brum,Aline Brum da Silva,13555,PT,Não eleito,57,1,35,42,0,São Francisco de Assis,210002286683
c5020,g7296,ver24,Alemão do Mercado,Evandro de Oliveira,13247,PT,Não eleito,77,1,33,42,0,São Francisco de Assis,210002286684
c5021,g29076,ver24,Tigrinho,Sandro Vaz Godoy,55000,PSD,Suplente,199,1,15,42,0,Fontoura Xavier,210002287651
c5022,g1618,ver24,Moisés Trisch,Moisés Trisch,13013,PT,Eleito,1697,1,1,127,0,Torres,210002289413
c5023,g8349,ver24,Tio Marcelo,Marcelo Lemos Gobetti,13133,PT,Suplente,71,1,65,127,0,Torres,210002289415
c5024,g4082,ver24,Fagner Lentz,José Fagner Lentz,13777,PT,Suplente,63,1,69,127,0,Torres,210002289416
c5025,g35385,ver24,Carol Schuster,Carolina Schuster da Rosa Sead,13015,PT,Suplente,17,1,99,127,0,Torres,210002289418
c5026,g17642,ver24,Debora Fernandes,Debora Lupim Fernandes,13003,PT,Suplente,103,1,57,127,0,Torres,210002289419
c5027,g45367,ver24,Gabrielzinho,Gabriel Martins Pereira,13123,PT,Suplente,12,1,104,127,0,Torres,210002289420
c5028,g18933,ver24,Jessica Dias,Jessica Cristine Baggio Dias,13444,PT,Não eleito,14,1,25,31,0,Quevedos,210002294328
c5029,g28573,ver24,Alessandra Coelho,Alessandra Maidana Coelho,13666,PT,Não eleito,1,1,31,31,0,Quevedos,210002294329
c5030,g47894,ver24,Saulo Salles,Luiz Saulo Salles,13333,PT,Não eleito,49,1,17,31,0,Quevedos,210002294330
c5031,g36601,ver24,Vilmar Sousa da Silva,Vilmar Sousa da Silva,13555,PT,Não eleito,3,1,28,31,0,Quevedos,210002294331
c5032,g39596,ver24,Adair Camargo,Adair Rodrigues de Camargo,13222,PT,Não eleito,47,1,18,31,0,Quevedos,210002294332
c5033,g44720,ver24,Alemãozinho da Serra,David Spitzmacher,13611,PT,Não eleito,2,1,30,31,0,Quevedos,210002294333
c5034,g31293,ver24,Jonas Puchalski,Jonas Puchalski,13456,PT,Suplente,87,1,9,23,0,Sete de Setembro,210002295288
c5035,g39578,ver24,Bruna Politowski,Bruna Letícia Politowski,13321,PT,Eleito,154,1,2,23,0,Sete de Setembro,210002295289
c5036,g22689,ver24,Eliane Gabrielczk,Eliane Gabrielczk,13113,PT,Suplente,57,1,14,23,0,Sete de Setembro,210002295290
c5037,g7597,ver24,Angela Lidia Teikowski,Ângela Lidia da Silva Teikowski,13123,PT,Eleito,131,1,4,23,0,Sete de Setembro,210002295291
c5038,g27547,ver24,Joel Welter,Joel Welter,13560,PT,Eleito,103,1,6,23,0,Sete de Setembro,210002295292
c5039,g20313,ver24,Bisol,Euclides Bisol,13212,PT,Suplente,20,1,23,26,0,Severiano de Almeida,210002295452
c5040,g14214,ver24,Ivone,Ivone Salete Parzianello,13113,PT,Suplente,166,1,8,26,0,Severiano de Almeida,210002295453
c5041,g39325,ver24,Zanella,Ricardo Zanella,13213,PT,Eleito,201,1,4,26,0,Severiano de Almeida,210002295454
c5042,g7596,ver24,Idete,Idete Maria Vendruscolo Sentcovski,13013,PT,Suplente,67,1,17,26,0,Severiano de Almeida,210002295455
c5043,g26493,ver24,Borre,Nerí Borre,13100,PT,Eleito,168,1,6,26,0,Severiano de Almeida,210002295456
c5044,g10870,ver24,Cristiano Pedroso,Cristiano Silva Pedroso,15000,MDB,Não eleito,124,1,20,42,0,Fontoura Xavier,210002295589
c5045,g32990,ver24,Andréia Portilho,Andréia Portilho de Freitas,13160,PT,Não eleito,505,1,42,129,0,Sapucaia do Sul,210002295767
c5046,g13403,ver24,Noé Eletricista,Noé Francisco do Nascimento,13513,PT,Não eleito,57,1,105,129,0,Sapucaia do Sul,210002295768
c5047,g22646,ver24,Amanda Toniello,Amanda Vitoria Toniello da Silva,13257,PT,Não eleito,0,0,126,129,35,Sapucaia do Sul,210002295769
c5048,g32953,ver24,Karina Mustafa,Karina Mustafa Rizeq,13130,PT,Não eleito,133,1,89,129,0,Sapucaia do Sul,210002295770
c5049,g6361,ver24,Soares,Kelvin Machado Soares dos Santos,13137,PT,Não eleito,0,0,126,129,25,Sapucaia do Sul,210002295771
c5050,g16660,ver24,Rosi Nasário,Rosinéa Alvina Nasário,13655,PT,Não eleito,19,1,121,129,0,Sapucaia do Sul,210002295772
c5051,g22964,ver24,Átila Andrade,Átila Vladimir Andrade,13022,PT,Não eleito,976,1,23,129,0,Sapucaia do Sul,210002295773
c5052,g33041,ver24,Paulinho dos Santos,Paulo de Oliveira dos Santos,13631,PT,Não eleito,1014,1,20,129,0,Sapucaia do Sul,210002295774
c5053,g6214,ver24,Dalcemar,Dalcemar Soares,13630,PT,Não eleito,150,1,82,129,0,Sapucaia do Sul,210002295775
c5054,g18903,ver24,Izaurinha,Izaura Lúcia  Corrente de Souza,13081,PT,Não eleito,28,1,118,129,0,Sapucaia do Sul,210002295776
c5055,g31698,ver24,Manoel da Brigada,Adairio Manoel Souza,13000,PT,Não eleito,0,0,126,129,138,Sapucaia do Sul,210002295777
c5056,g44659,ver24,Mada,Madalena Lucimar de Souza Silva,13000,PT,Não eleito,86,1,45,80,0,Gramado,210002296279
c5057,g2359,ver24,Simone Lovato,Simone Lovato Broeker,13022,PT,Não eleito,111,1,36,80,0,Gramado,210002296280
c5058,g50584,ver24,Vicentão,Jose Vicente Martiny,13013,PT,Não eleito,28,1,72,80,0,Gramado,210002296282
c5059,g41731,ver24,Adriano Gonçalves,Adriano Gonçalves Pereira,13014,PT,Não eleito,15,1,77,80,0,Gramado,210002296285
c5060,g9353,ver24,Prof. Fatiminha,Maria de Fatima dos Santos Lucas Nascimento,13123,PT,Não eleito,53,1,88,114,0,Canela,210002297023
c5061,g10178,ver24,Afranio Monteiro,Afranio Monteiro,13113,PT,Não eleito,75,1,74,114,0,Canela,210002297024
c5062,g49217,ver24,Professor Augusto,Augusto Cesar Seixas Rorato,13133,PT,Não eleito,107,1,62,114,0,Canela,210002297025
c5063,g41950,ver24,Odete Pozzan Schmitz,Odete Pozzan Schmitz,13123,PT,Não eleito,48,1,19,23,0,Ernestina,210002297188
c5064,g2420,ver24,Rodrigo Magarinus,Rodrigo Magarinus,13333,PT,Não eleito,117,1,8,23,0,Ernestina,210002297189
c5065,g33769,ver24,Marcão,Marcos Antonio Forchesatto,12555,PDT,Eleito,343,1,2,31,0,Ametista do Sul,210002297501
c5066,g17073,ver24,Igor,Igor Leovani da Rosa,13133,PT,Não eleito,113,1,39,69,0,Tapejara,210002298542
c5067,g35039,ver24,Evaldo Gaiardo,Evaldo Gaiardo,13013,PT,Não eleito,194,1,27,69,0,Tapejara,210002298543
c5068,g44815,ver24,Pomadinha Picolotto,Aldair Picolotto,13313,PT,Não eleito,21,1,65,69,0,Tapejara,210002298544
c5069,g36860,ver24,Claudiao,Claudio Rosa da Silva,13613,PT,Não eleito,101,1,41,69,0,Tapejara,210002298545
c5070,g14955,ver24,Professora Silvia,Silvia Regina Lindner Urbanski,13123,PT,Não eleito,70,1,47,69,0,Tapejara,210002298546
c5071,g42757,ver24,Jorge Pe de Pato,Jorge Cival Baptista Nunes,13100,PT,Não eleito,27,1,58,69,0,Tapejara,210002298548
c5072,g16706,ver24,Marcia,Marcia Ciolatto,13333,PT,Não eleito,14,1,67,69,0,Tapejara,210002298549
c5073,g39332,ver24,Nedio Lopes,Nedio Lopes da Silva,13000,PT,Não eleito,17,1,66,69,0,Tapejara,210002298550
c5074,g25814,ver24,Lademir Soares da Mota,Lademir Soares da Mota,13131,PT,Não eleito,14,1,34,41,0,Toropi,210002298815
c5075,g40812,ver24,Juliana Anhaia de Moraes,Juliana Anhaia de Moraes,13333,PT,Não eleito,5,1,40,41,0,Toropi,210002298816
c5076,g2411,ver24,Clairo Seco,Clairo Dalvim Steinhauzen,13456,PT,Não eleito,124,1,7,41,0,Toropi,210002298817
c5077,g31865,ver24,Fabio Ludwig,Fabio Eduardo Ludwig,10222,REPUBLICANOS,Eleito,141,1,9,22,0,Nova Candelária,210002301120
c5078,g12478,ver24,Armando Giehl,Armando Francisco Giehl,13456,PT,Suplente,18,1,19,22,0,Nova Candelária,210002301303
c5079,g626,ver24,Profe Nelci,Nelci Bach Schmidt,13333,PT,Suplente,101,1,13,22,0,Nova Candelária,210002301304
c5080,g47970,ver24,Jorge Steiger,Jorge Luíz Steiger,13123,PT,Eleito,143,1,8,22,0,Nova Candelária,210002301305
c5081,g18489,ver24,Gerri,Rogerio Altemar Gheller,11511,PP,Suplente,69,1,23,40,0,Novo Barreiro,210002302456
c5082,g16780,ver24,Delirde Cassol,Delirde Maria Cassol,13100,PT,Suplente,25,1,26,34,0,Viadutos,210002306048
c5083,g9808,ver24,Caneta,Milton João Baldissera,13600,PT,Suplente,63,1,17,34,0,Viadutos,210002306049
c5084,g3869,ver24,Gueto Chaves,Oslen Melchior Chaves,13456,PT,Eleito,235,1,4,34,0,Viadutos,210002306050
c5085,g44112,ver24,João Ari,João Ari Vieira,13123,PT,Suplente,189,1,11,34,0,Viadutos,210002306051
c5086,g13246,ver24,Catia Longo,Catia Adriana Longo,13300,PT,Suplente,17,1,30,34,0,Viadutos,210002306052
c5087,g33169,ver24,Sabrina Huther,Sabrina Fabiola Hüther,13222,PT,Não eleito,40,1,64,84,0,Arroio do Meio,210002306137
c5088,g13287,ver24,Professora Carla Schroeder,Carla Jaqueline Schroeder,13117,PT,Não eleito,217,1,19,84,0,Arroio do Meio,210002306138
c5089,g46338,ver24,João Grassi,João Ernesto Grassi,13000,PT,Não eleito,221,1,18,84,0,Arroio do Meio,210002306139
c5090,g18488,ver24,Baldo,Ademir Baldo,13650,PT,Suplente,95,1,13,40,0,São Valentim,210002306973
c5091,g48126,ver24,Nadir dos Santos,Nadir dos Santos,13113,PT,Suplente,32,1,22,40,0,São Valentim,210002306974
c5092,g17234,ver24,Nelio,Nelio Francieski,13640,PT,Suplente,49,1,19,40,0,São Valentim,210002306975
c5093,g4648,ver24,Pati Girelli,Patricia Girelli,13130,PT,Eleito,109,1,11,40,0,São Valentim,210002306976
c5094,g29411,ver24,Culau,Ivonir Luiz Culau,13630,PT,Eleito,115,1,10,40,0,São Valentim,210002306977
c5095,g18494,ver24,Jaíne Magnaguagno,Jaíne Leticia Cortina Magnaguagno,15007,MDB,Suplente,9,1,41,53,0,Paulo Bento,210002309063
c5096,g34561,ver24,Camila,Camila Goulart Portela,13456,PT,Suplente,34,1,21,24,0,Itacurubi,210002310359
c5097,g35626,ver24,Maneco Sancar,Jose Carlos dos Santos,13147,PT,Suplente,21,1,22,24,0,Itacurubi,210002310360
c5098,g1891,ver24,José Grosso,Jose Rubem Loureiro Correia,13123,PT,Suplente,82,1,14,24,0,Itacurubi,210002310361
c5099,g33653,ver24,Katita,Katia da Silva Rodrigues,13513,PT,Suplente,19,1,23,24,0,Itacurubi,210002310362
c5100,g33666,ver24,Ezequiel Soares,Adão Ezequiel Martins Soares,13713,PT,Eleito,175,1,4,24,0,Itacurubi,210002310363
c5101,g47438,ver24,D Loça,Lucenir Santiago dos Santos,13789,PT,Suplente,73,1,15,24,0,Itacurubi,210002310364
c5102,g9910,ver24,Nicolau,Gilnei Loureiro Belmonte,13000,PT,Eleito,101,1,9,24,0,Itacurubi,210002310365
c5103,g39305,ver24,Elisiane Erkmann,Elisiane Erkmann de Paula,13234,PT,Suplente,11,1,24,24,0,Itacurubi,210002310366
c5104,g28067,ver24,Nini Capra,Claudionor Capra,13222,PT,Eleito,337,1,3,31,0,Ametista do Sul,210002310669
c5105,g13998,ver24,Ana Lu Zeida,Ana Luiza Zeida,13444,PT,Suplente,20,1,31,31,0,Ametista do Sul,210002310671
c5106,g11230,ver24,Professor Marquinho,Marcos Alexandre Motta,13666,PT,Suplente,301,1,5,31,0,Ametista do Sul,210002310672
c5107,g11155,ver24,Ju Garlet,Juliane Garlet,13333,PT,Suplente,44,1,27,31,0,Ametista do Sul,210002310673
c5108,g32729,ver24,Luis Volmar - Tenente,Luis Volmar dos Santos,13136,PT,Não eleito,28,1,21,36,0,Ibirapuitã,210002310945
c5109,g41252,ver24,Professora Nilva,Tereza Nilva Gasparotto,13111,PT,Não eleito,28,1,21,36,0,Ibirapuitã,210002310946
c5110,g3361,ver24,Carlos de Matos,Carlos de Matos,13333,PT,Não eleito,99,1,14,36,0,Ibirapuitã,210002310947
c5111,g40480,ver24,Jenifer Padilha,Jenifer Padilha Borghardt,13444,PT,Não eleito,3,1,35,36,0,Ibirapuitã,210002310948
c5112,g7126,ver24,Kemer Rusch,Kemerson Gabriel Rusch,13413,PT,Não eleito,7,1,31,36,0,Ibirapuitã,210002310949
c5113,g45687,ver24,Joao Coleraus - Mudo,Joao Loesi Coleraus,13123,PT,Não eleito,87,1,15,36,0,Ibirapuitã,210002310950
c5114,g46316,ver24,Lelinho Lopes,Lélio Nunes Lopes Filho,13800,PT,Eleito,5666,1,1,176,0,Bagé,210002311390
c5115,g18979,ver24,Márcia Cabrera,Márcia Patrícia Alves Cabrera,13180,PT,Suplente,104,1,110,176,0,Bagé,210002311391
c5116,g43627,ver24,Patrique Cebola,Patrique Silveira da Rosa,13555,PT,Suplente,889,1,12,176,0,Bagé,210002311392
c5117,g8385,ver24,Adao Dias,Adão Cesar Chaves Dias,13663,PT,Suplente,501,1,44,176,0,Bagé,210002311393
c5118,g44002,ver24,Almir,Almir da Rosa Cimirro,13013,PT,Suplente,376,1,60,176,0,Bagé,210002311394
c5119,g33579,ver24,Lucas Mello,Lucas Borba de Mello,13113,PT,Eleito,1194,1,6,176,0,Bagé,210002311395
c5120,g966,ver24,Rafael Bada,Rafael Marques Morais,13333,PT,Suplente,430,1,54,176,0,Bagé,210002311396
c5121,g39898,ver24,Caren Castencio,Caren Cristiane da Rosa Castencio,13678,PT,Eleito,1126,1,7,176,0,Bagé,210002311397
c5122,g36750,ver24,Ricardo Morais,Ricardo Morais da Silva,13789,PT,Suplente,542,1,39,176,0,Bagé,210002311399
c5123,g21581,ver24,Everaldo Cruz,Everaldo Cruz,13640,PT,Suplente,576,1,34,176,0,Bagé,210002311400
c5124,g23266,ver24,Dr Leopoldo,Leopoldo Passos Konzen,13444,PT,Eleito,1015,1,9,176,0,Bagé,210002311401
c5125,g31878,ver24,Valdir Júnior,Valdir Júnior Petri Pereira,13123,PT,Suplente,136,1,95,176,0,Bagé,210002311402
c5126,g29297,ver24,Marlon Monteiro,Marlon Monteiro Silveira dos Santos,13000,PT,Eleito,938,1,11,176,0,Bagé,210002311403
c5127,g27788,ver24,Professora Ana Paula,Ana Paula da Silva Moreira,13111,PT,Suplente,597,1,32,176,0,Bagé,210002311404
c5128,g14697,ver24,Enfermeira India,Eliane Rosa de Castro,13777,PT,Suplente,492,1,45,176,0,Bagé,210002311405
c5129,g24715,ver24,Talita Dreger,Talita Dreger Faria,13888,PT,Suplente,227,1,80,176,0,Bagé,210002311406
c5130,g44049,ver24,Lucia,Lucia da Silva dos Santos,13500,PT,Não eleito,13,1,49,53,0,Tapera,210002313064
c5131,g11098,ver24,José Ilo Pereira Barbosa,Jose Ilo Pereira Barbosa,13610,PT,Não eleito,16,1,47,53,0,Tapera,210002313065
c5132,g38500,ver24,Adao Schineider Botinha,Adao Schineider Brandao,13813,PT,Não eleito,24,1,41,53,0,Tapera,210002313066
c5133,g43362,ver24,Marcelo Borges,Marcelo Benites Borges,13300,PT,Não eleito,36,1,37,53,0,Tapera,210002313067
c5134,g22260,ver24,Buxa,Luiz Carlos Pereira Theodoro,13123,PT,Não eleito,193,1,12,53,0,Tapera,210002313068
c5135,g33503,ver24,Guela,Sadi Valdomiro Keitel,13013,PT,Não eleito,27,1,39,53,0,Tapera,210002313069
c5136,g40228,ver24,Ilse,Ilse Ribeiro da Silva,13113,PT,Não eleito,22,1,42,53,0,Tapera,210002313070
c5137,g33829,ver24,Maro,Osmar Casemiro,13456,PT,Não eleito,132,1,23,53,0,Tapera,210002313071
c5138,g2867,ver24,Tiagão,Tiago Weschenfelder de Oliveira,13007,PT,Não eleito,58,1,31,53,0,Tapera,210002313073
c5139,g47231,ver24,Scherinha,Valmir Andre Scherer,13123,PT,Suplente,81,1,21,50,0,Lindolfo Collor,210002313250
c5140,g3475,ver24,Rogerio,Rogerio Miguel Grutzmann,13555,PT,Suplente,110,1,13,50,0,Lindolfo Collor,210002313251
c5141,g19850,ver24,Maria Lurdes,Maria Lurdes Puhl Amaral,13140,PT,Suplente,3,1,47,50,0,Lindolfo Collor,210002313253
c5142,g38010,ver24,Sandra Werner,Sandra Werner,13308,PT,Suplente,3,1,47,50,0,Lindolfo Collor,210002313254
c5143,g48692,ver24,Juvenal Pereira Bueno,Juvenal Pereira Bueno,13000,PT,Suplente,21,1,31,50,0,Lindolfo Collor,210002313255
c5144,g36388,ver24,Alcides de Quadro,Alcides de Quadro,13655,PT,Suplente,121,1,12,50,0,Lindolfo Collor,210002313256
c5145,g45484,ver24,Jair Barata,Jair Jose Petter,13789,PT,Suplente,64,1,24,50,0,Lindolfo Collor,210002313257
c5146,g23529,ver24,Dino,Ademir Altair Rader,13610,PT,Eleito,136,1,9,50,0,Lindolfo Collor,210002313258
c5147,g49847,ver24,Eva Moreira,Eva Moreira,13133,PT,Suplente,29,1,32,42,0,São José do Ouro,210002313402
c5148,g4012,ver24,Mauro Dondoni,Mauro Cezar Dondoni,13123,PT,Suplente,206,1,9,42,0,São José do Ouro,210002313403
c5149,g28998,ver24,Patricio Mandelli,Patricio Ramos dos Santos Mandelli,13321,PT,Suplente,15,1,35,42,0,São José do Ouro,210002313404
c5150,g20916,ver24,Professora Marivone,Marivone Dall Agnol Rizzon,13333,PT,Eleito,222,1,7,42,0,São José do Ouro,210002313405
c5151,g11084,ver24,Valdir Fao,Valdir Jose Fao,13123,PT,Não eleito,26,1,64,72,0,Ibirubá,210002315848
c5152,g3919,ver24,Professora Jussara Rodrigues,Jussara Rodrigues de Andrade,13000,PT,Não eleito,205,1,27,72,0,Ibirubá,210002315849
c5153,g32854,ver24,Liziane da Silva Gularte,Liziane Silva da Silva Gularte,13333,PT,Não eleito,27,1,63,72,0,Ibirubá,210002315850
c5154,g15316,ver24,Professor Henrique Hentges,Henrique Antonio Hentges,13456,PT,Não eleito,261,1,20,72,0,Ibirubá,210002315851
c5155,g47368,ver24,Sica,Luci Terezinha dos Santos Freitas,13188,PT,Suplente,40,1,41,58,0,Giruá,210002318904
c5156,g10660,ver24,Michele Kulmann,Michele dos Santos Kulmann,13267,PT,Suplente,24,1,50,58,0,Giruá,210002318905
c5157,g21854,ver24,Professora Janete,Janete Maria de Lima,13613,PT,Suplente,89,1,30,58,0,Giruá,210002318906
c5158,g15774,ver24,Onirio Rosa,Onirio Conceição Rosa,13928,PT,Suplente,19,1,51,58,0,Giruá,210002318907
c5159,g3222,ver24,Queira,Idemar Queira,13608,PT,Suplente,17,1,54,58,0,Giruá,210002318908
c5160,g15482,ver24,Milton Rosa,Milton Luiz Pereira da Rosa,13630,PT,Eleito,351,1,11,58,0,Giruá,210002318909
c5161,g23012,ver24,Tita,Cleide Salete Tozin Calgaro,13167,PT,Suplente,15,1,55,58,0,Giruá,210002318910
c5162,g26390,ver24,Denise Machado,Denise de Almeida Machado,13213,PT,Suplente,258,1,20,58,0,Giruá,210002318911
c5163,g48930,ver24,Professor Elton,Elton Mentges,13513,PT,Suplente,269,1,19,58,0,Giruá,210002318912
c5164,g32850,ver24,Adelino,Adelino Servinski,13333,PT,Eleito,96,1,9,23,0,Floriano Peixoto,210002318970
c5165,g46060,ver24,Sonia,Sonia Mara Kaczanoski Betiol,13888,PT,Suplente,94,1,11,23,0,Floriano Peixoto,210002318971
c5166,g31305,ver24,Irineu,Ireneu Althaus,13999,PT,Suplente,21,1,19,23,0,Floriano Peixoto,210002318972
c5167,g18001,ver24,Cleo,Cleonice Miechoanski Vooss,13222,PT,Eleito,102,1,8,23,0,Floriano Peixoto,210002318973
c5168,g46006,ver24,Tansini,Denilson Paulo Tansini,13007,PT,Suplente,95,1,10,23,0,Floriano Peixoto,210002318974
c5169,g36983,ver24,Nice,Elenice Allebrandt,22777,PL,Eleito,381,1,8,45,0,Santo Augusto,210002319084
c5170,g7800,ver24,Marcia Ferraz,Marcia de Lima Rodrigues Ferraz,13789,PT,Suplente,58,1,25,42,0,Condor,210002319610
c5171,g48256,ver24,Robson Amaral,Robson Cleber Amaral,13456,PT,Suplente,54,1,28,42,0,Condor,210002319611
c5172,g21083,ver24,Salete Fripp,Salete Fripp,13004,PT,Suplente,35,1,33,42,0,Condor,210002319612
c5173,g8960,ver24,Vairton Wendland,Vairton Wendland,13000,PT,Suplente,4,1,40,42,0,Condor,210002319613
c5174,g43897,ver24,Engenheira Ana,Ana Maria de Souza Correa Chafado,13013,PT,Suplente,108,1,21,42,0,Condor,210002319614
c5175,g14056,ver24,Carlos Veriato Veio,Carlos Roberto Alves Veriato,13123,PT,Eleito,204,1,7,42,0,Condor,210002319615
c5176,g6364,ver24,Gilberto de Moura Betinho,Gilberto de Moura,13007,PT,Suplente,145,1,15,42,0,Condor,210002319616
c5177,g18837,ver24,Rosi Borges,Rosimeri Borges da Silva,13111,PT,Suplente,13,1,81,87,0,Osório,210002322726
c5178,g9962,ver24,Guilherme Castro,Guilherme Castro de Ávila,13420,PT,Suplente,38,1,72,87,0,Osório,210002322727
c5179,g21974,ver24,Xascote,Luís Carlos Silva de Souza,13060,PT,Suplente,27,1,77,87,0,Osório,210002322728
c5180,g44891,ver24,Professor Ronei,Ronei Antônio Webler,13123,PT,Suplente,233,1,36,87,0,Osório,210002322730
c5181,g11729,ver24,Silvia Pinheiro,Silvia Rejane Pinheiro,13007,PT,Suplente,27,1,77,87,0,Osório,210002322731
c5182,g17072,ver24,Enfermeiro William,William Rogerio Aretz Brum,13333,PT,Suplente,160,1,39,87,0,Osório,210002322732
c5183,g43262,ver24,Antônio Cardoso Xixo,João Antônio Cardoso de Oliveira,13560,PT,Suplente,21,1,80,87,0,Osório,210002322734
c5184,g11263,ver24,Professora Isabel,Isabel Silveira dos Santos,13120,PT,Eleito,1609,1,1,87,0,Osório,210002322735
c5185,g50771,ver24,Pelé da Bela,José Manoel da Silva Borges,13013,PT,Suplente,63,1,60,87,0,Osório,210002322736
c5186,g5464,ver24,Profe Maria Inaja,Maria Inaja Charte de Lima,13555,PT,Suplente,177,1,41,104,0,Panambi,210002323169
c5187,g12733,ver24,Paola Silva,Paola Silva da Rosa,13333,PT,Suplente,14,1,100,104,0,Panambi,210002323170
c5188,g9103,ver24,Paulo Roberto,Paulo Roberto de Oliveira,13613,PT,Suplente,620,1,9,104,0,Panambi,210002323171
c5189,g27422,ver24,Profe Mariane,Mariane Lander Cossio,13130,PT,Suplente,57,1,76,104,0,Panambi,210002323172
c5190,g48166,ver24,Ivera Cuidadora,Ivera Della Preia Heemann,13270,PT,Suplente,87,1,64,104,0,Panambi,210002323173
c5191,g31621,ver24,Dari Mello,Dari de Mello Santos,13013,PT,Suplente,60,1,75,104,0,Panambi,210002323174
c5192,g44648,ver24,Joceli Brizolla,Joceli de Fatima Ferreira Brizolla,13123,PT,Suplente,48,1,83,104,0,Panambi,210002323175
c5193,g49202,ver24,Claudio Motta,Claudio Cicero de Oliveira Motta,13234,PT,Eleito,797,1,6,104,0,Panambi,210002323176
c5194,g9349,ver24,Pastor Gilberto - Beto Sucata,Gilberto Koltwitz Almeida,13580,PT,Não eleito,0,0,104,104,136,Panambi,210002323177
c5195,g33800,ver24,Horacio Cabral,Horacio Batista Cabral,13345,PT,Suplente,54,1,79,104,0,Panambi,210002323178
c5196,g40197,ver24,Dalvo Rossetto,Dalvo Jose Rossetto,13228,PT,Suplente,40,1,86,104,0,Panambi,210002323179
c5197,g25708,ver24,Soeli Albrecht,Soeli Albrecht,13451,PT,Suplente,33,1,90,104,0,Panambi,210002323180
c5198,g16299,ver24,Serafim - O Sapateiro,Serafim Vieira Rodrigues,13202,PT,Suplente,67,1,74,104,0,Panambi,210002323181
c5199,g39456,ver24,Valdori Pires,Valdori Sergio Gomes Pires,13913,PT,Suplente,69,1,73,104,0,Panambi,210002323182
c5200,g44803,ver24,Alaides,Alaides Marcos Lacorte,12222,PDT,Eleito,148,1,4,23,0,São Valério do Sul,210002324189
c5201,g42595,ver24,Diego Fabris,Diego Fabris,13333,PT,Eleito,98,1,3,29,0,Gentil,210002324337
c5202,g24496,ver24,João Pedro,João Pedro Santos da Rosa,13111,PT,Suplente,14,1,26,29,0,Gentil,210002324338
c5203,g18413,ver24,Rosma Dalchiavon,Rosemari Dalchiavon,13666,PT,Suplente,21,1,22,29,0,Gentil,210002324339
c5204,g9180,ver24,Wesley Kaempfer,Wesley Guilherme da Silva Kaempfer,13789,PT,Suplente,62,1,10,29,0,Gentil,210002324340
c5205,g47350,ver24,Vagner do Prado,Vagner Renan Ribeiro do Prado,13456,PT,Suplente,65,1,7,29,0,Gentil,210002324341
c5206,g13094,ver24,Marcelo Casanova,Marcelo Casanova,13555,PT,Suplente,21,1,22,29,0,Gentil,210002324342
c5207,g40639,ver24,Profe Saionara,Saionara Moterle Tonin,13147,PT,Eleito,65,1,7,29,0,Gentil,210002324343
c5208,g29270,ver24,Venilda Chisto,Venilda Chisto,13123,PT,Suplente,25,1,21,29,0,Gentil,210002324344
c5209,g12251,ver24,Jones Fiegenbaum,Jones Fiegenbaum,13130,PT,Suplente,609,1,25,106,0,Lajeado,210002324982
c5210,g47337,ver24,Luiza Bassegio,Luiza Udovic Bassegio,13777,PT,Suplente,368,1,34,106,0,Lajeado,210002324983
c5211,g45140,ver24,Paulo Jackson,Paulo Jackson Gonçalves dos Santos,13710,PT,Suplente,15,1,88,106,0,Lajeado,210002324984
c5212,g27013,ver24,Róger D Oliveira,Róger D Oliveira,13013,PT,Suplente,109,1,66,106,0,Lajeado,210002324985
c5213,g1930,ver24,Glademir Schwingel,Glademir Schwingel,13500,PT,Suplente,364,1,35,106,0,Lajeado,210002324986
c5214,g16817,ver24,Di Camargo,Carlos Alexandre Camargo,13111,PT,Suplente,54,1,79,106,0,Lajeado,210002324987
c5215,g46473,ver24,Claudete,Claudete Maria da Silva Appelt,13999,PT,Suplente,89,1,72,106,0,Lajeado,210002324988
c5216,g8877,ver24,Élio do Posto,Elio José Lenhart,13444,PT,Suplente,210,1,54,106,0,Lajeado,210002324989
c5217,g47544,ver24,Ester Almeida,Ester Lidiane do Nascimento de Almeida,13137,PT,Suplente,100,1,69,106,0,Lajeado,210002324991
c5218,g50507,ver24,João Sehn,João Luiz Sehn,13010,PT,Suplente,434,1,32,106,0,Lajeado,210002324992
c5219,g32943,ver24,Rosane Cardoso,Rosane Maria Cardoso,13007,PT,Eleito,1055,1,10,106,0,Lajeado,210002324993
c5220,g23188,ver24,Cristóvão Bohn,Cristóvão Augusto Bohn,13000,PT,Suplente,42,1,81,106,0,Lajeado,210002324994
c5221,g49156,ver24,Eliana Cattoi,Eliana Fernandes Cattoi,13333,PT,Suplente,103,1,68,106,0,Lajeado,210002324995
c5222,g19500,ver24,Simone Motoboy,Simone Cardoso,13077,PT,Não eleito,68,1,90,121,0,Campo Bom,210002325521
c5223,g11437,ver24,Wilmar Careca,Wilmar Rodrigues Cezar,13664,PT,Não eleito,18,1,117,121,0,Campo Bom,210002325522
c5224,g9046,ver24,Linhares,Jorge Luiz Batista Linhares,13500,PT,Não eleito,91,1,77,121,0,Campo Bom,210002325525
c5225,g44759,ver24,Rosa Borges,Rosa Maria Schmalfuss Borges,13513,PT,Suplente,91,1,22,53,0,Pedro Osório,210002325855
c5226,g39796,ver24,Luisinho Taubner,Luis Carlos Taubner Jorge,13333,PT,Eleito,212,1,6,53,0,Pedro Osório,210002325856
c5227,g19081,ver24,Pablo Fernandes,Pablo Halfen Fernandes,13123,PT,Suplente,107,1,19,53,0,Pedro Osório,210002325857
c5228,g37982,ver24,Vera,Vera Lúcia de Medeiros Gonçalves,13330,PT,Suplente,11,1,45,53,0,Pedro Osório,210002325858
c5229,g45118,ver24,Vagner Borracheiro da Brasilia,Vagner da Rosa Leivas,13413,PT,Suplente,69,1,26,53,0,Pedro Osório,210002325859
c5230,g30811,ver24,Serginho Wonglon,Sérgio Augusto Martins Wonglon,13111,PT,Eleito,201,1,8,53,0,Pedro Osório,210002325860
c5231,g39221,ver24,Magrão - Edinilson Brum,Edinilson de Souza Brum,13000,PT,Suplente,153,1,15,53,0,Pedro Osório,210002325861
c5232,g15866,ver24,Enfermeiro Rafael,Rafael Soares Duquia,13913,PT,Suplente,166,1,13,53,0,Pedro Osório,210002325862
c5233,g28255,ver24,Rosa Porto,Rosa Lúcia Quincozes Porto,13133,PT,Suplente,6,1,50,53,0,Pedro Osório,210002325863
c5234,g4374,ver24,Jeni Iaronka,Jeni Iaronka,13700,PT,Não eleito,36,1,46,74,0,Rolante,210002327368
c5235,g31642,ver24,Alemão,Nelson da Rosa Reis,13168,PT,Não eleito,18,1,60,74,0,Rolante,210002327369
c5236,g38370,ver24,Mauri Morais,Mauri Morais,13123,PT,Não eleito,33,1,49,74,0,Rolante,210002327370
c5237,g917,ver24,Vanderlei Rischter,Vanderlei Luis Rischter,13011,PT,Não eleito,29,1,54,74,0,Rolante,210002327371
c5238,g14979,ver24,Tio Ivo,Ivo da Silva,13000,PT,Não eleito,23,1,57,74,0,Rolante,210002327372
c5239,g16581,ver24,Joao Geologo,Joao Andre Sperandio Boz,13013,PT,Não eleito,7,1,69,74,0,Rolante,210002327373
c5240,g45293,ver24,Arlete Andrade,Arlete Correa de Andrade,13613,PT,Não eleito,40,1,44,74,0,Rolante,210002327374
c5241,g23034,ver24,Jair Silva,Jair Rodrigues da Silva,13900,PT,Não eleito,585,1,9,74,0,Rolante,210002327375
c5242,g19282,ver24,Carlão - Carlos da Silva,Carlos da Silva,13901,PT,Não eleito,16,1,62,74,0,Rolante,210002327376
c5243,g28719,ver24,Cledi Faleiro,Cledi Conceicao Faleiro da Silva,13500,PT,Não eleito,80,1,30,74,0,Rolante,210002327377
c5244,g31382,ver24,Elivelton dos Reis,Elivelton dos Reis Noi,13655,PT,Suplente,128,1,23,46,0,Salto do Jacuí,210002328742
c5245,g42577,ver24,Angelita Lima de Souza,Angelita Lima de Souza,13613,PT,Suplente,16,1,38,46,0,Salto do Jacuí,210002328745
c5246,g1528,ver24,Lauro Wedy Moraes,Lauro Wedy Moraes,13333,PT,Suplente,187,1,13,46,0,Salto do Jacuí,210002328746
c5247,g22361,ver24,Naquinho,Osmar da Silva,13456,PT,Eleito,210,1,12,46,0,Salto do Jacuí,210002328747
c5248,g23172,ver24,Angela Valna,Ângela Valna Pereira,13000,PT,Suplente,2,1,45,46,0,Salto do Jacuí,210002328748
c5249,g30651,ver24,Tia da Merenda,Silvana Rosalino da Costa,10002,REPUBLICANOS,Não eleito,7,1,69,74,0,Rolante,210002329236
c5250,g30943,ver24,Edinho da Kombi,Edison de Oliveira Moreira,45678,PSDB,Suplente,278,1,20,70,0,Nova Prata,210002332159
c5251,g42267,ver24,Fernando Alonso,Luis Fernando Alonso,13188,PT,Eleito,278,1,2,32,0,Barra do Quaraí,210002334169
c5252,g21138,ver24,Pastor Edenilson,Edenilson de Almeida Brazeiro,13999,PT,Eleito,151,1,6,32,0,Barra do Quaraí,210002334170
c5253,g18929,ver24,Prof Fátima,Fátima Aparecida Jacques Monteiro,13472,PT,Suplente,19,1,22,32,0,Barra do Quaraí,210002334171
c5254,g25825,ver24,Fernando Balbuena,Fernando Balbuena da Silveira,13777,PT,Suplente,51,1,14,32,0,Barra do Quaraí,210002334172
c5255,g33337,ver24,Carlinhos Canjiquinha,Carlos Alberto da Rosa Filho,13013,PT,Eleito,158,1,5,32,0,Barra do Quaraí,210002334173
c5256,g12010,ver24,Amelinha Lopes,Amelinha Lopes da Silva,13777,PT,Suplente,112,1,15,40,0,Hulha Negra,210002335115
c5257,g32475,ver24,Volnei Manfron,Volnei Domingo Manfron,13613,PT,Eleito,173,1,10,40,0,Hulha Negra,210002335116
c5258,g20401,ver24,Larinha,Lara Elanyele de Oliveira Pergher,13611,PT,Suplente,137,1,13,40,0,Hulha Negra,210002335117
c5259,g18384,ver24,Sonia Goes,Sonia Goes Engelmann,13123,PT,Suplente,115,1,14,40,0,Hulha Negra,210002335118
c5260,g4366,ver24,Paula da Loja,Ana Paula Souza Costa,13313,PT,Suplente,53,1,25,40,0,Hulha Negra,210002335119
c5261,g684,ver24,Dalvir Zorzi,Dalvir Zorzi,13622,PT,Eleito,183,1,7,40,0,Hulha Negra,210002335120
c5262,g40217,ver24,Cardoso,Luiz Cardoso,13630,PT,Suplente,34,1,30,40,0,Hulha Negra,210002335121
c5263,g25497,ver24,Badico,Ubaldino Cunha Costa,13224,PT,Suplente,3,1,39,40,0,Hulha Negra,210002335122
c5264,g5364,ver24,Geneci Mello da Cruz Preta,Geneci Mello da Cruz,13013,PT,Suplente,26,1,33,40,0,Hulha Negra,210002335123
c5265,g48700,ver24,Hugo Teixeira,Hugo Trenchi Garcia Teixeira,13600,PT,Eleito,220,1,4,40,0,Hulha Negra,210002335124
c5266,g4159,ver24,Profe Dirle,Dirlene Maria Wermann,13013,PT,Eleito,205,1,2,13,0,São Domingos do Sul,210002335204
c5267,g16582,ver24,Maristela,Maristella Finatto Ferro,13777,PT,Suplente,91,1,8,13,0,São Domingos do Sul,210002335205
c5268,g18132,ver24,Nico Poter,Jaime Poter,13123,PT,Suplente,75,1,9,13,0,São Domingos do Sul,210002335206
c5269,g23232,ver24,Igovan Delazzeri,Igovan Elias Delazzeri,13131,PT,Suplente,17,1,16,21,0,Coronel Pilar,210002335772
c5270,g29145,ver24,João Baruffaldi,João Baruffaldi,13333,PT,Suplente,52,1,12,21,0,Coronel Pilar,210002335773
c5271,g26084,ver24,Camila de Freitas,Camila Teixeira de Freitas,13029,PT,Suplente,42,1,14,21,0,Coronel Pilar,210002335774
c5272,g21431,ver24,Ferrari,Adriano Ferrari,13013,PT,Eleito,117,1,3,21,0,Coronel Pilar,210002335775
c5273,g39106,ver24,Zulmira M Felipin,Zulmira Maria Felipin,13123,PT,Suplente,6,1,21,21,0,Coronel Pilar,210002335776
c5274,g22124,ver24,Osmar Formentini,Osmar Formentini,13555,PT,Eleito,73,1,10,21,0,Coronel Pilar,210002335777
c5275,g17140,ver24,Eliza Magryta,Eliza da Silva Magryta,12345,PDT,Não eleito,82,1,21,49,0,Guarani das Missões,210002338286
c5276,g39245,ver24,Nelci Lonczynski,Nelci Maria Trzinski Lonczynski,13015,PT,Suplente,28,1,25,39,0,Áurea,210002338599
c5277,g395,ver24,Lauro May,Lauro May,13321,PT,Suplente,150,1,7,39,0,Áurea,210002338600
c5278,g51287,ver24,Adair Prichoa,Adair Cleiton Prichoa,13123,PT,Eleito,158,1,4,39,0,Áurea,210002338601
c5279,g2185,ver24,Sandra Ruszczyk Mustifaga,Sandra Fatima Ruszczyk Mustifaga,13650,PT,Eleito,194,1,2,39,0,Áurea,210002338602
c5280,g37195,ver24,Bombaninha,Anderson Jose Bombana,13259,PT,Suplente,7,1,35,39,0,Áurea,210002338603
c5281,g30889,ver24,Lunara Walchinski,Lunara Kalina Dysarz Walchinski,13000,PT,Suplente,23,1,27,39,0,Áurea,210002338604
c5282,g6721,ver24,Professor Vitão,Vitor Antunes da Silva,13013,PT,Não eleito,34,1,27,54,0,Mariana Pimentel,210002339607
c5283,g47587,ver24,Tia Bete,Elisabete Cardoso Walczaki,13330,PT,Não eleito,10,1,44,54,0,Mariana Pimentel,210002339608
c5284,g38130,ver24,Foguinho,Luiz Amando Franskoviak,13000,PT,Não eleito,21,1,35,54,0,Mariana Pimentel,210002339609
c5285,g48218,ver24,Ana Cristina,Ana Cristina Alves de Quevedo,13078,PT,Não eleito,110,1,60,134,0,São Gabriel,210002341349
c5286,g48508,ver24,Sergio Lopes,Sergio Monteiro Lopes,13007,PT,Não eleito,86,1,71,134,0,São Gabriel,210002341350
c5287,g37999,ver24,Cassimiro,Cassimiro dos Santos Cruz,13456,PT,Não eleito,128,1,55,134,0,São Gabriel,210002341351
c5288,g6946,ver24,Daltair,Daltair Beiger,13113,PT,Não eleito,12,1,129,134,0,São Gabriel,210002341352
c5289,g2816,ver24,Dariu,Dariu Francisco Alves Garcia,13613,PT,Não eleito,61,1,88,134,0,São Gabriel,210002341353
c5290,g34411,ver24,Sandra,Sandra Margarida Oliveira de Souza Santiago,13400,PT,Não eleito,16,1,121,134,0,São Gabriel,210002341354
c5291,g46866,ver24,Tani Vieira,Tani Maria Nunes Vieira,13800,PT,Não eleito,86,1,71,134,0,São Gabriel,210002341355
c5292,g19118,ver24,Palhaço Meleca,Alex da Silva Dias,13013,PT,Não eleito,79,1,80,134,0,São Gabriel,210002341356
c5293,g12244,ver24,Cravelino,Cravelino Ferreira Wortmann,13123,PT,Não eleito,63,1,87,134,0,São Gabriel,210002341357
c5294,g30737,ver24,Alexandre Sagaz,Alexandre Sagaz Machado,13307,PT,Não eleito,46,1,98,134,0,São Gabriel,210002341358
c5295,g48493,ver24,Professora Cristiane,Cristiane da Rosa Meira,13456,PT,Suplente,282,1,9,42,0,Fontoura Xavier,210002341484
c5296,g43816,ver24,Solange Garcias Lemes,Solange Garcias Lemes,13450,PT,Suplente,59,1,31,42,0,Fontoura Xavier,210002341485
c5297,g25038,ver24,Danubio,Danubio Feil da Silva,13234,PT,Suplente,103,1,26,42,0,Fontoura Xavier,210002341486
c5298,g13472,ver24,Nego Tchuca,Rosil da Cunha Gross,13222,PT,Eleito,285,1,8,42,0,Fontoura Xavier,210002341487
c5299,g1668,ver24,Eduardo Véio,Eduardo Silva Nunes,13333,PT,Suplente,254,1,11,42,0,Fontoura Xavier,210002341488
c5300,g25413,ver24,Andre Dal Ponte,Andre Luis da Cruz Dal Ponte,13789,PT,Suplente,116,1,22,42,0,Fontoura Xavier,210002341489
c5301,g41483,ver24,Antonio Santeiro,Antonio Portela de Castro,13567,PT,Eleito,328,1,6,42,0,Fontoura Xavier,210002341490
c5302,g14034,ver24,Dorinha Quevedo,Doralina Maciel de Quevedo,13000,PT,Suplente,107,1,25,42,0,Fontoura Xavier,210002341491
c5303,g20098,ver24,Betinho,Felisberto Godoy da Rosa,13123,PT,Suplente,134,1,19,42,0,Fontoura Xavier,210002341492
c5304,g18844,ver24,Minella,Aneri Francisco Minella,13611,PT,Eleito,73,1,9,26,0,Barra do Rio Azul,210002341767
c5305,g36054,ver24,Edi de Valle,Edi Gonzatto de Valle,13113,PT,Suplente,35,1,20,26,0,Barra do Rio Azul,210002341768
c5306,g37694,ver24,Dal Ponte,Anderson Jose Dal Ponte,13123,PT,Suplente,61,1,11,26,0,Barra do Rio Azul,210002341769
c5307,g50676,ver24,Professor Ede,Edeval Borcioni,13000,PT,Eleito,381,1,5,42,0,Constantina,210002343212
c5308,g15352,ver24,Ironice Moreira,Ironice Moreira,13456,PT,Suplente,16,1,39,42,0,Constantina,210002343213
c5309,g38607,ver24,Jonas Ducles,Jonas Ducles Candido,13333,PT,Suplente,149,1,15,42,0,Constantina,210002343214
c5310,g27404,ver24,Fabio Grizon,Fabio Venicio Zanata Grizon,13555,PT,Suplente,207,1,14,42,0,Constantina,210002343215
c5311,g31888,ver24,Sara,Sara Jane Ludke,13123,PT,Eleito,241,1,13,42,0,Constantina,210002343216
c5312,g40181,ver24,Maria Benati,Maria Levanir Ebrin Benati,13123,PT,Não eleito,86,1,19,42,0,Tucunduva,210002343351
c5313,g50045,ver24,Marcos Zarzecki,Marcos Constante Zarzecki,13130,PT,Não eleito,9,1,39,42,0,Tucunduva,210002343352
c5314,g45444,ver24,Juce,Jucemar Antonio Woitysiak,22222,PL,Eleito,158,1,4,39,0,Áurea,210002346289
c5315,g4808,ver24,Joel,Joel Silveira da Silva,13444,PT,Suplente,27,1,56,91,0,Cerro Grande do Sul,210002346905
c5316,g28165,ver24,Serginho Neumann,Sergio Pacheco Neumann,13123,PT,Suplente,159,1,9,91,0,Cerro Grande do Sul,210002346906
c5317,g50846,ver24,Jaque,Jaqueline Jorge Bischoff,13013,PT,Eleito,221,1,5,91,0,Cerro Grande do Sul,210002346907
c5318,g8973,ver24,Pedro,Pedro da Silva Camargo,13777,PT,Suplente,10,1,74,91,0,Cerro Grande do Sul,210002346908
c5319,g19472,ver24,Betão,Gilberto Santos da Silva,13513,PT,Suplente,14,1,70,91,0,Cerro Grande do Sul,210002346909
c5320,g16440,ver24,Angélica,Angélica Salvador Martins,13555,PT,Suplente,6,1,83,91,0,Cerro Grande do Sul,210002346910
c5321,g18435,ver24,Elemar Big Bike,Elemar Bartz Affeldt,13022,PT,Suplente,154,1,10,91,0,Cerro Grande do Sul,210002346911
c5322,g31782,ver24,Tania,Tania Maria Vicentini de Oliveira,13053,PT,Suplente,1,1,88,91,0,Cerro Grande do Sul,210002346912
c5323,g20516,ver24,Juarez Dallazen,Juarez Francisco Dallazen,13456,PT,Suplente,166,1,14,25,0,Aratiba,210002347540
c5324,g30776,ver24,Márcia Matté,Márcia Fátima Balen Matté,13999,PT,Eleito,597,1,1,25,0,Aratiba,210002347541
c5325,g30282,ver24,Maurinho,Mauro Cesar Rodrigues da Silva,13655,PT,Suplente,88,1,19,25,0,Aratiba,210002347543
c5326,g37903,ver24,Saletinha,Salete Maria Klein Altehofer,13000,PT,Eleito,335,1,5,25,0,Aratiba,210002347544
c5327,g28492,ver24,Mengéle Wermeier,Mengéle Fátima Wermeier,13789,PT,Eleito,309,1,9,25,0,Aratiba,210002347545
c5328,g25115,ver24,Osvaldo Bill Dalla Nora,Osvaldo Agostinho Dalla Nora,13333,PT,Não eleito,130,1,35,61,0,Frederico Westphalen,210002348214
c5329,g49245,ver24,Salete Romitti Maglia,Salete Maria Romitti Maglia,13013,PT,Não eleito,56,1,47,61,0,Frederico Westphalen,210002348216
c5330,g46387,ver24,Dr. Elmar,Elmar de Souza,12222,PDT,Não eleito,223,1,85,151,0,Novo Hamburgo,210002349490
c5331,g1090,ver24,Cildeine de Castro,Cildeine Antonia de Castro,13113,PT,Suplente,26,1,39,54,0,Palmitinho,210002349536
c5332,g5127,ver24,Maneco,Moacir Zuchi,13134,PT,Suplente,40,1,33,54,0,Palmitinho,210002349537
c5333,g47634,ver24,Ivone da Rocha,Ivone Roselia da Rocha,13789,PT,Suplente,14,1,46,54,0,Palmitinho,210002349538
c5334,g33655,ver24,Cris Romitti,Cristiano Antonio Romitti,13333,PT,Suplente,96,1,21,54,0,Palmitinho,210002349539
c5335,g45962,ver24,Rocha,Evonir da Rocha,13500,PT,Suplente,156,1,12,54,0,Palmitinho,210002349540
c5336,g40593,ver24,Claudia dos Reis,Claudia Eliane dos Reis Queiroz,13111,PT,Suplente,13,1,47,54,0,Palmitinho,210002349541
c5337,g15015,ver24,Luiz Henrique Dalcanton,Luiz Henrique Dalcanton,13813,PT,Eleito,454,1,1,54,0,Palmitinho,210002349542
c5338,g35505,ver24,Anderson Balestrin,Anderson Laurindo Balestrin,13000,PT,Eleito,256,1,4,54,0,Palmitinho,210002349543
c5339,g10236,ver24,Jair Brito,Jair Brito dos Santos,13555,PT,Suplente,36,1,34,54,0,Palmitinho,210002349544
c5340,g30339,ver24,Joao Paulo de Azevedo,Joao Paulo de Azevedo,13456,PT,Suplente,25,1,40,54,0,Palmitinho,210002349545
c5341,g42447,ver24,Professor Ricardo,Ricardo de Oliveira Lumertz,13200,PT,Não eleito,113,1,14,37,0,Mampituba,210002349605
c5342,g10201,ver24,Patrício Ptzinho,Patricio Schardosim Brocca,13655,PT,Não eleito,33,1,21,37,0,Mampituba,210002349606
c5343,g50875,ver24,Luana Santos,Luana Pereira dos Santos,13013,PT,Não eleito,32,1,22,37,0,Mampituba,210002349607
c5344,g16874,ver24,Lenise,Lenise Ramos Thomaz,13613,PT,Não eleito,30,1,23,37,0,Mampituba,210002349608
c5345,g30650,ver24,Lucca,Silvanio Roque Lucca,13513,PT,Eleito,319,1,8,26,0,Ronda Alta,210002350778
c5346,g46304,ver24,Edivan  Repolho,Edivan Sarin Braga,13013,PT,Suplente,210,1,13,26,0,Ronda Alta,210002350779
c5347,g45249,ver24,Marisete Lopes,Marisete de Fátima da Silva Lopes,13413,PT,Suplente,37,1,22,26,0,Ronda Alta,210002350780
c5348,g31461,ver24,Marli Togni,Marli Ines Togni,13713,PT,Suplente,118,1,19,26,0,Ronda Alta,210002350781
c5349,g30736,ver24,Marlene dos Santos,Marlene de Lurdes dos Santos,13555,PT,Suplente,211,1,12,26,0,Ronda Alta,210002350782
c5350,g16103,ver24,David Mendes,David Mendes,13133,PT,Suplente,81,1,21,26,0,Ronda Alta,210002350783
c5351,g28206,ver24,Sandro Gadini,Sandro Gadini,13613,PT,Eleito,528,1,3,26,0,Ronda Alta,210002350784
c5352,g25424,ver24,Petezinho,Adilson Ansiliero,13123,PT,Suplente,216,1,11,26,0,Ronda Alta,210002350785
c5353,g36739,ver24,Galo,Kleber Luis Civardi,13630,PT,Eleito,294,1,9,26,0,Ronda Alta,210002350786
c5354,g32717,ver24,Ingrid Lopez,Ingrid Caroline de Jesus Lopez,13440,PT,Não eleito,20,1,31,39,0,Chuí,210002351242
c5355,g34255,ver24,Renatão,Lidio Renato Lima Papaiani,13333,PT,Não eleito,19,1,32,39,0,Chuí,210002351243
c5356,g39211,ver24,Luis Carlos Peluca,Luis Carlos Pla San Martim,13265,PT,Não eleito,32,1,24,39,0,Chuí,210002351244
c5357,g29993,ver24,Luana Araujo,Luana Araujo Pereira,13888,PT,Não eleito,48,1,20,39,0,Chuí,210002351245
c5358,g26431,ver24,Paula Garcia,Paula Regina Garcia Coelho,13111,PT,Não eleito,6,1,36,39,0,Chuí,210002351246
c5359,g49224,ver24,Tefa Urse,Stefanie Evangelina Urse Ghiena,13222,PT,Não eleito,8,1,35,39,0,Chuí,210002351247
c5360,g1937,ver24,Ricardo Lima,Efren Ricardo Lima Cabreira,13013,PT,Não eleito,32,1,24,39,0,Chuí,210002351249
c5361,g30177,ver24,Adenir Ritterbusch,Adenir Ritterbusch,13313,PT,Não eleito,96,1,20,33,0,Ajuricaba,210002351292
c5362,g22138,ver24,Marta,Marta Marquioro Polanczyk,13123,PT,Não eleito,67,1,25,33,0,Ajuricaba,210002351293
c5363,g44831,ver24,Sofia,Sofia Ferreira Johann,13456,PT,Não eleito,81,1,22,33,0,Ajuricaba,210002351294
c5364,g3134,ver24,Jardel Fernandes,Jardel Vanderlei Andrades Fernandes,55555,PSD,Não eleito,205,1,10,33,0,Ajuricaba,210002351712
c5365,g25754,ver24,Paulão,Paulo Adriano Rodrigues,13000,PT,Não eleito,108,1,20,31,0,Iraí,210002352968
c5366,g48461,ver24,Dane,Rejane Strapasson,13313,PT,Não eleito,47,1,28,31,0,Iraí,210002352969
c5367,g15223,ver24,Enio,Enio Luiz Wittmann,11011,PP,Eleito,381,1,1,27,0,Marcelino Ramos,210002355121
c5368,g13904,ver24,Adenilson do Sindicato,Adenilson de Souza Dias,13013,PT,Suplente,104,1,29,53,0,Sarandi,210002355788
c5369,g18126,ver24,Professor Leomar,Leomar Antonio da Silva,13012,PT,Suplente,80,1,32,53,0,Sarandi,210002355789
c5370,g11563,ver24,Ricardo Denti,Ricardo Denti Junior,13000,PT,Eleito,690,1,7,53,0,Sarandi,210002355790
c5371,g41629,ver24,Rosani Blank Thalheimer,Rosani Blank Thalheimer,13123,PT,Suplente,18,1,49,53,0,Sarandi,210002355791
c5372,g2003,ver24,Verônica Moraes,Verônica de Fátima de Lima Moraes,13377,PT,Suplente,38,1,44,53,0,Sarandi,210002355792
c5373,g2181,ver24,Matozo Clairton dos Santos,Clairton dos Santos,13333,PT,Suplente,137,1,23,53,0,Sarandi,210002355793
c5374,g64,ver24,João Zamberlan,João Pedro Zamberlan,13331,PT,Suplente,77,1,34,53,0,Sarandi,210002355794
c5375,g17941,ver24,Marivone Rodrigues,Marivone Silveira Rodrigues,13021,PT,Suplente,13,1,50,53,0,Sarandi,210002355795
c5376,g29839,ver24,Toni do Faxinal,Toni Roger de Oliveira,13133,PT,Não eleito,0,0,39,42,27,Bom Retiro do Sul,210002355950
c5377,g38435,ver24,Aline Ajardo,Aline da Rosa Ajardo,13777,PT,Não eleito,127,1,20,42,0,Bom Retiro do Sul,210002355952
c5378,g7110,ver24,Márcio Castello,Márcio Silva Castello,13077,PT,Não eleito,109,1,132,279,0,Guaíba,210002356397
c5379,g42694,ver24,Professora Dulce,Dulce Helena Duarte,13400,PT,Não eleito,28,1,227,279,0,Guaíba,210002356398
c5380,g10231,ver24,Leila Marques,Leila Marques Innocente,13313,PT,Não eleito,14,1,254,279,0,Guaíba,210002356399
c5381,g40054,ver24,Duda Carneiro,Maria Eduarda Carneiro da Silva,13113,PT,Não eleito,1233,1,4,279,0,Guaíba,210002356400
c5382,g34236,ver24,Rubens Colono,Rubens Broco Guerra,13500,PT,Não eleito,241,1,53,279,0,Guaíba,210002356402
c5383,g6162,ver24,Mirian Raquel,Mirian Raquel Avila Medeiros,65123,PC do B,Não eleito,31,1,223,279,0,Guaíba,210002356404
c5384,g27570,ver24,Elenita Ribeiro,Elenita Nunes Ribeiro,13700,PT,Não eleito,5,1,272,279,0,Guaíba,210002356405
c5385,g35949,ver24,Reginaldo Lacerda,Reginaldo Leocádio Melo de Lacerda,13131,PT,Não eleito,79,1,161,279,0,Guaíba,210002356407
c5386,g49181,ver24,Pai Valdir,Carlos Valdir Domingues da Luz,13788,PT,Não eleito,119,1,122,279,0,Guaíba,210002356408
c5387,g33788,ver24,Maria Onice Viega Ribeiro,Maria Onice Viega Ribeiro,13444,PT,Suplente,54,1,17,20,0,Santo Expedito do Sul,210002357120
c5388,g50115,ver24,Ronaldo Fortuna de Lorenzo,Ronaldo Luiz Fortuna de Lorenzo,13333,PT,Eleito,97,1,9,20,0,Santo Expedito do Sul,210002357121
c5389,g26680,ver24,Clemilde Fatima Debona Belusso,Clemilde Fatima Debona Belusso,13555,PT,Suplente,93,1,12,20,0,Santo Expedito do Sul,210002357122
c5390,g30139,ver24,Psicóloga Elena,Elena O Donnell da Silva Pereira,13001,PT,Não eleito,59,1,38,84,0,Arroio dos Ratos,210002358015
c5391,g5279,ver24,Professora Isolda,Isolda Mena Dutra,13656,PT,Não eleito,13,1,71,84,0,Arroio dos Ratos,210002358016
c5392,g37537,ver24,Ivo,Ivair Silva,13111,PT,Não eleito,25,1,60,84,0,Arroio dos Ratos,210002358017
c5393,g14852,ver24,Vitao do Correio,Victor Hugo dos Santos Freitas,13123,PT,Não eleito,106,1,29,84,0,Arroio dos Ratos,210002358018
c5394,g12009,ver24,Ernandes,Ernandes Rodrigues de Paulo,13013,PT,Não eleito,111,1,26,84,0,Arroio dos Ratos,210002358019
c5395,g46247,ver24,Paulo Oliveira,José Paulo Oliveira,13000,PT,Não eleito,101,1,32,84,0,Arroio dos Ratos,210002358020
c5396,g16423,ver24,Paula Hellwig,Paula Hellwig Oliveira,13333,PT,Não eleito,0,0,81,84,13,Arroio dos Ratos,210002358021
c5397,g4434,ver24,Floresta,Daniel Haubert Inácio,13456,PT,Não eleito,33,1,49,84,0,Arroio dos Ratos,210002358022
c5398,g33028,ver24,Eduardo do Garcia,Eduardo Rodrigues da Rosa,13192,PT,Não eleito,5,1,79,84,0,Arroio dos Ratos,210002358023
c5399,g37890,ver24,Juliano do Canário,Juliano Oliveira Schwalm,13613,PT,Não eleito,11,1,75,84,0,Arroio dos Ratos,210002358024
c5400,g10597,ver24,Marcio João Cover,Marcio João Cover,12444,PDT,Suplente,79,1,17,28,0,Dois Lajeados,210002358588
c5401,g2865,ver24,Valdir,Valdir Vanify da Silva,13003,PT,Não eleito,13,1,37,42,0,Planalto,210002358677
c5402,g17102,ver24,Marcelo,Marcelo Eufrásio,13013,PT,Não eleito,148,1,19,42,0,Planalto,210002358678
c5403,g16409,ver24,Carol Vieira,Caroline Thais Vieira,13000,PT,Não eleito,32,1,32,42,0,Planalto,210002358680
c5404,g27999,ver24,Gemilico,Pedro Genuir Alionço dos Reis,13333,PT,Não eleito,105,1,23,42,0,Planalto,210002358681
c5405,g7485,ver24,Hemily,Hemilly Pasuch,13321,PT,Não eleito,13,1,37,42,0,Planalto,210002358682
c5406,g9007,ver24,Juca,José Sroczinski,13330,PT,Não eleito,78,1,26,42,0,Planalto,210002358684
c5407,g13622,ver24,Edivaldo Lorini,Edivaldo Lorini,13888,PT,Suplente,89,1,16,37,0,Vila Maria,210002358789
c5408,g15487,ver24,Adilson de Lima,Adilson de Lima,10123,REPUBLICANOS,Suplente,146,1,9,29,0,São José do Hortêncio,210002359067
c5409,g1775,ver24,Professora Cristina Dias,Maria Cristina Dias de Souza Silva,13000,PT,Não eleito,167,1,3,43,0,Capivari do Sul,210002359195
c5410,g20336,ver24,Pedra,José Roberto de Mattos Marques,13613,PT,Não eleito,8,1,42,43,0,Capivari do Sul,210002359196
c5411,g42753,ver24,Professor Mario Oli,Mário Oli Moreira Pereira,13123,PT,Não eleito,14,1,37,43,0,Capivari do Sul,210002359197
c5412,g41876,ver24,Maguila,José Ivalei da Rosa Silva,13068,PT,Não eleito,45,1,39,44,0,Getúlio Vargas,210002359211
c5413,g19616,ver24,Laleska Pase,Laleska Ceccatto Pase,13333,PT,Não eleito,77,1,32,44,0,Getúlio Vargas,210002359212
c5414,g50675,ver24,Bortoloto,Roberto Carlos Bortoloto,13013,PT,Não eleito,203,1,19,44,0,Getúlio Vargas,210002359213
c5415,g39479,ver24,Salvador Cavalheiro,Salvador Cavalheiro,13133,PT,Não eleito,11,1,43,44,0,Getúlio Vargas,210002359214
c5416,g31086,ver24,Maria Luciana Trindade,Maria Luciana Trindade,13555,PT,Não eleito,10,1,44,44,0,Getúlio Vargas,210002359215
c5417,g39558,ver24,Edson Krasuski,Edson Pedro Krasuski,13313,PT,Não eleito,137,1,26,44,0,Getúlio Vargas,210002359216
c5418,g36144,ver24,Polon,Gilberto Polon,13113,PT,Não eleito,62,1,34,44,0,Getúlio Vargas,210002359217
c5419,g40507,ver24,Maria Machado,Maria Cecilia Bressian Machado,13777,PT,Não eleito,137,1,26,44,0,Getúlio Vargas,210002359218
c5420,g36609,ver24,Ronald Max Arbter,Ronald Max Arbter,13123,PT,Não eleito,18,1,42,44,0,Getúlio Vargas,210002359219
c5421,g4562,ver24,José Rodrigues,José Vanderlei Alves Rodrigues,13000,PT,Não eleito,44,1,39,52,0,Pinheiro Machado,210002359541
c5422,g10011,ver24,Leandro Ornelas,Leandro Oliveira Ornelas,13500,PT,Não eleito,75,1,25,52,0,Pinheiro Machado,210002359542
c5423,g24109,ver24,Marilu Soares Lu,Marilu Moreira Soares,13013,PT,Não eleito,18,1,45,52,0,Pinheiro Machado,210002359543
c5424,g22755,ver24,Filipiak,Edson Filipiak,13013,PT,Suplente,43,1,19,53,0,Paulo Bento,210002361362
c5425,g49792,ver24,Ines de Fatima,Ines de Fatima dos Santos,13030,PT,Suplente,3,1,52,53,0,Paulo Bento,210002361363
c5426,g48894,ver24,Aline Grunevald Nega,Aline Grunevald,13137,PT,Suplente,30,1,26,53,0,Paulo Bento,210002361364
c5427,g8951,ver24,Alderi,Alderi Sganzerla,13015,PT,Suplente,22,1,31,53,0,Paulo Bento,210002361365
c5428,g32745,ver24,Gilmar,Gilmar Antonio da Silva Oliveira,13456,PT,Suplente,47,1,16,53,0,Paulo Bento,210002361367
c5429,g43552,ver24,Andre,Leandro Andre Grando,13123,PT,Eleito,76,1,10,53,0,Paulo Bento,210002361368
c5430,g27503,ver24,Hélio Müller,Helio Muller,13777,PT,Eleito,312,1,4,27,0,Marcelino Ramos,210002362088
c5431,g33062,ver24,Ana da Saúde,Ana Mara Wentz,13813,PT,Suplente,16,1,22,27,0,Marcelino Ramos,210002362089
c5432,g1557,ver24,Maurão,Mauro Maletzki,13000,PT,Suplente,143,1,9,27,0,Marcelino Ramos,210002362090
c5433,g8771,ver24,Thiago Peppes,Thiago Peppes de Oliveira,13456,PT,Suplente,29,1,18,27,0,Marcelino Ramos,210002362091
c5434,g32638,ver24,Paloma,Paloma Martins de Mello,13333,PT,Suplente,30,1,17,27,0,Marcelino Ramos,210002362092
c5435,g12326,ver24,Fernando Cassol,Fernando Cassol,13013,PT,Eleito,151,1,7,27,0,Marcelino Ramos,210002362093
c5436,g32771,ver24,Patricia Reis,Patricia Livino Reis,13111,PT,Suplente,1,1,53,53,0,Paulo Bento,210002362833
c5437,g28796,ver24,Catiça,Pedro Valdecir da Silva Dutra,13333,PT,Não eleito,221,1,16,34,0,Antônio Prado,210002363095
c5438,g44568,ver24,Profe Sirlei,Sirlei Stédile,13123,PT,Não eleito,160,1,22,34,0,Antônio Prado,210002363096
c5439,g33130,ver24,Gima,Gilmar Pontel,13013,PT,Não eleito,267,1,12,34,0,Antônio Prado,210002363097
c5440,g5646,ver24,Mulher do Docinho,Olônia do Carmo Melfior,13555,PT,Não eleito,15,1,133,144,0,Vacaria,210002363301
c5441,g17504,ver24,Dirceu das Rosas,Dirceu Boeno,13111,PT,Não eleito,21,1,129,144,0,Vacaria,210002363302
c5442,g3596,ver24,Jose Faxina,José Ademir Faxina,13163,PT,Não eleito,15,1,133,144,0,Vacaria,210002363303
c5443,g11056,ver24,Carmem Siqueira,Carmem Carolina Rodrigues Siqueira,13114,PT,Não eleito,11,1,137,144,0,Vacaria,210002363304
c5444,g8379,ver24,Diomir Saraiva,Diomir José Saraiva,13888,PT,Não eleito,158,1,60,144,0,Vacaria,210002363305
c5445,g44294,ver24,Valdecir Panisson,Valdecir Francisco Panisson,13444,PT,Não eleito,339,1,30,144,0,Vacaria,210002363306
c5446,g17343,ver24,Soeli Moraes da Silva,Soeli de Fátima Moraes da Silva,65777,PC do B,Não eleito,13,1,136,144,0,Vacaria,210002363307
c5447,g593,ver24,Marcelo Rezende,Marcelo Diamantino Lacerda Rezende,13777,PT,Não eleito,29,1,124,144,0,Vacaria,210002363308
c5448,g8013,ver24,Professor Flávio,Flávio Martinho Longhi,13123,PT,Não eleito,165,1,58,144,0,Vacaria,210002363309
c5449,g31207,ver24,Irno Gringo,Irno Francisco Schio,13001,PT,Não eleito,48,1,112,144,0,Vacaria,210002363310
c5450,g34685,ver24,Rafael Campos,Rafael de Campos Maciel,13113,PT,Não eleito,154,1,64,144,0,Vacaria,210002363311
c5451,g42305,ver24,Professora Joara,Joara Dutra Vieira,13333,PT,Não eleito,237,1,41,144,0,Vacaria,210002363313
c5452,g23123,ver24,Professora Selmari,Selmari Etelvina Souza da Silva,13713,PT,Não eleito,319,1,33,144,0,Vacaria,210002363314
c5453,g30482,ver24,Carmem Costa,Maria Carmelita da Costa,13222,PT,Não eleito,36,1,120,144,0,Vacaria,210002363315
c5454,g12907,ver24,Ademir Oliveira,Ademir Oliveira de Almeida,13789,PT,Não eleito,65,1,97,144,0,Vacaria,210002363316
c5455,g14288,ver24,Balsanello,Avelino Jose Balsanello,13500,PT,Suplente,6,1,45,53,0,Paulo Bento,210002363903
c5456,g35333,ver24,Talissa Lermen,Talissa Maiara Kotz Lermen,13000,PT,Eleito,239,1,9,21,0,São Paulo das Missões,210002364084
c5457,g19098,ver24,Fabi,Fabiana Gomes Riebe,13113,PT,Suplente,18,1,19,21,0,São Paulo das Missões,210002364086
c5458,g47176,ver24,Jorge Fank,Jorge Luiz Fank,13131,PT,Suplente,121,1,14,21,0,São Paulo das Missões,210002364087
c5459,g29142,ver24,Nego Belmonte,Jose Gabriel Belmonte,13013,PT,Suplente,90,1,15,21,0,São Paulo das Missões,210002364088
c5460,g12979,ver24,Rosemari Kaigang Fiuza,Rosemari Fiuza da Silva,13022,PT,Não eleito,19,1,122,149,0,Tramandaí,210002365162
c5461,g49822,ver24,Breda,Romeu Paulo Breda,13456,PT,Não eleito,145,1,37,93,0,Guaporé,210002365459
c5462,g40841,ver24,Jeronimo,Jeronimo de Souza,13130,PT,Não eleito,21,1,80,93,0,Guaporé,210002365460
c5463,g40354,ver24,Paim,Luis Carlos Pain,13013,PT,Não eleito,32,1,71,93,0,Guaporé,210002365461
c5464,g16610,ver24,Diva,Diva Maria Pergher Genezini,13613,PT,Não eleito,62,1,65,93,0,Guaporé,210002365462
c5465,g19512,ver24,Prof.. Josélia ( Jô),Joselia Civa Donida,13000,PT,Não eleito,87,1,54,93,0,Guaporé,210002365463
c5466,g35789,ver24,João Caldas,Joao Carlos da Silva Caldas,12113,PDT,Eleito,671,1,19,279,0,Guaíba,210002365660
c5467,g31926,ver24,Antonio Oliveira,Antonio Edson Cabral de Oliveira,13013,PT,Suplente,278,1,41,105,0,Cruz Alta,210002366567
c5468,g21916,ver24,Pai Cesar de Xango,Cesar Juarez Nunes Pimentel,50577,PSOL,Não eleito,154,1,181,328,0,Canoas,210002366805
c5469,g6982,ver24,Ademir de Morais,Ademir de Morais,13013,PT,Suplente,20,1,30,42,0,Casca,210002366998
c5470,g14194,ver24,Alfeu Andretta,Alfeu Antonio Andretta,13000,PT,Suplente,27,1,26,42,0,Casca,210002366999
c5471,g27170,ver24,Zélia,Zélia Therezinha Dal Mago Johnk,13222,PT,Suplente,9,1,39,42,0,Casca,210002367000
c5472,g44758,ver24,Ana Kazmirski,Ana Kazmirski Pigosso,13777,PT,Suplente,18,1,32,42,0,Casca,210002367001
c5473,g8984,ver24,Paulo Gayeski,Paulo Gayeski,13666,PT,Suplente,85,1,22,42,0,Casca,210002367002
c5474,g34031,ver24,Sirlei Polaca,Sirlei Rapkievicz,13888,PT,Eleito,648,1,1,42,0,Casca,210002367003
c5475,g47369,ver24,Bogoni,Antonio Jaime Bogoni,13999,PT,Suplente,18,1,32,42,0,Casca,210002367004
c5476,g43266,ver24,Loivo,Valdenir Kruger,13222,PT,Não eleito,133,1,17,46,0,Cristal,210002368365
c5477,g46874,ver24,Valcir Cavalheiro,Valcir Ferreira Cavalheiro,13000,PT,Não eleito,39,1,30,46,0,Cristal,210002368366
c5478,g40513,ver24,Odirlaine Carvalho,Odirlaine Gripa Cadaval de Carvalho,13131,PT,Não eleito,22,1,38,46,0,Cristal,210002368367
c5479,g45260,ver24,Clau Rodrigues da Silva,Claudete Rodrigues da Silva,13100,PT,Não eleito,32,1,33,46,0,Cristal,210002368368
c5480,g6522,ver24,Flavio Ribeiro,Flavio Santana Ribeiro,13224,PT,Não eleito,20,1,40,46,0,Cristal,210002368369
c5481,g19094,ver24,Vilnei Lacerda,Vilnei de Lacerda,13213,PT,Eleito,162,1,4,51,0,Novo Cabrais,210002372960
c5482,g34477,ver24,Andretta,Jandir Andretta,13500,PT,Suplente,66,1,16,34,0,Jacutinga,210002373015
c5483,g34602,ver24,Livia Oselame,Livia Maria Ribeiro Oselame,13300,PT,Não eleito,27,1,56,65,0,Encantado,210002373147
c5484,g43922,ver24,Karol de Castro,Caroline Cristina de Castro,13135,PT,Não eleito,63,1,42,65,0,Encantado,210002373148
c5485,g2657,ver24,Luiz do Brick,Luiz Valmir Christ,13007,PT,Não eleito,35,1,51,65,0,Encantado,210002373149
c5486,g5323,ver24,Chico Toriani,Francisco Carlos Toriani,13001,PT,Não eleito,69,1,41,65,0,Encantado,210002373151
c5487,g31702,ver24,Marcos Cadore,Marcos César Cadore,13013,PT,Não eleito,54,1,44,65,0,Encantado,210002373152
c5488,g38265,ver24,Tiaguinho,Tiago de Oliveira,13333,PT,Suplente,71,1,12,20,0,Ivorá,210002374639
c5489,g1735,ver24,Elaine Fillipin,Maria Elaine Fillipin Rodrigues,13643,PT,Suplente,3,1,20,20,0,Ivorá,210002374640
c5490,g34258,ver24,Neimar Bottega,Neimar Bottega,13613,PT,Eleito,102,1,5,20,0,Ivorá,210002374641
c5491,g14410,ver24,Cristiane B. Moro,Cristiane Bertoldo Moro,13013,PT,Eleito,159,1,1,20,0,Ivorá,210002374642
c5492,g34441,ver24,Lilian Cabreira,Lilian Figueiredo Cabreira,13013,PT,Suplente,97,1,138,272,0,Alvorada,210002374712
c5493,g22996,ver24,Angela,Angela Marlene Tavares Azevedo,13222,PT,Suplente,165,1,23,79,0,Tupanciretã,210002375355
c5494,g41027,ver24,Arlindo Malheiros,Arlindo Kersting Malheiros,13456,PT,Suplente,26,1,59,79,0,Tupanciretã,210002375364
c5495,g49232,ver24,Iva,Ivanesa Cristina Sinigaglia Moterle,13665,PT,Suplente,8,1,35,37,0,Vila Maria,210002376662
c5496,g24859,ver24,Jose Imerio da Silva,Jose Imerio da Silva,13333,PT,Não eleito,37,1,41,51,0,Santa Clara do Sul,210002377464
c5497,g3171,ver24,Lauremar Meinert,Lauremar Jorge Meinert,13961,PT,Não eleito,5,1,45,46,0,Cristal,210002377496
c5498,g14772,ver24,Cecília,Cecília Copceski,13641,PT,Não eleito,8,1,149,154,0,Bento Gonçalves,210002378112
c5499,g33659,ver24,Sérgio Silva,Sérgio Augusto Leite Silva,13222,PT,Suplente,68,1,27,53,0,Pedro Osório,210002378478
c5500,g20805,ver24,Georgia Quevedo,Georgia de Quevedo Leal,13333,PT,Não eleito,29,1,69,84,0,Arroio do Meio,210002379005
c5501,g11331,ver24,Carlos Garcia,Carlos Augusto da Silva Santos,13130,PT,Não eleito,9,1,82,84,0,Arroio do Meio,210002379006
c5502,g13885,ver24,Nei,Amélio Sidnei Baiocco,13333,PT,Suplente,114,1,17,25,0,Aratiba,210002379388
c5503,g45205,ver24,Valdomiro,Valdomiro Jose Bosa,13655,PT,Eleito,493,1,1,35,0,Trindade do Sul,210002379844
c5504,g3657,ver24,Crístoni Costa,Cristoni de Mello Costa,13007,PT,Suplente,248,1,17,105,0,Capão do Leão,210002380120
c5505,g33422,ver24,Iyá Sandrali,Sandrali de Campos Bueno,13777,PT,Suplente,170,1,165,251,0,Pelotas,210002380226
c5506,g42225,ver24,Ana da Rodoviaria,Anadoarina de Fatima dos Santos,13003,PT,Suplente,24,1,26,40,0,São Valentim,210002384181
c5507,g21236,ver24,Cintia Souza,Cintia Leite de Souza,13444,PT,Suplente,6,1,23,32,0,Barra do Quaraí,210002384629
c5508,g7304,ver24,Marlene,Marlene Zancanaro Vedana,13666,PT,Não eleito,41,1,40,52,0,Nonoai,210002385391
c5509,g20656,ver24,Kaia de Quadros,Kaiane Monaliza de Quadros,13444,PT,Suplente,15,1,37,50,0,Lindolfo Collor,210002385898
c5510,g35323,ver24,Júlio Cesar  de Mello,Júlio César de Mello,13666,PT,Não eleito,5,1,91,92,0,Montenegro,210002385910
c5511,g12653,ver24,Pitol,Antonio Pitol,13513,PT,Não eleito,31,1,54,61,0,Frederico Westphalen,210002386077
c5512,g39666,ver24,Profe Edite Luz,Edite Ribeiro da Luz,13013,PT,Suplente,87,1,105,193,0,Erechim,210002386699
c5513,g16747,ver24,Lore,Lorizete Terezinha Frigeri,13500,PT,Não eleito,25,1,60,69,0,Tapejara,210002387304
c5514,g26409,ver24,Lucio Libano,Jose Lucio Ribeiro Libano,13013,PT,Suplente,127,1,37,72,0,Encruzilhada do Sul,210002390070
c5515,g21981,ver24,Jauri Anholeto,Jauri Anholeto,13113,PT,Eleito,198,1,5,29,0,Novo Machado,210002390824
c5516,g36006,ver24,Emilia Moretto,Emilia Moretto,13313,PT,Suplente,14,1,176,193,0,Erechim,210002391354
c5517,g25903,ver24,Dona Almerinda,Almerinda da Silva,13113,PT,Suplente,10,1,184,193,0,Erechim,210002391355
c5518,g21671,ver24,Nelsinho do Taxi,Nelson Lemke Hoffmann,13456,PT,Suplente,52,1,18,21,0,São Paulo das Missões,210002392047
c5519,g15707,ver24,Dani Parahiba,Daniele Parahiba dos Santos,13123,PT,Suplente,15,1,87,124,0,Quaraí,210002394614
c5520,g45338,ver24,Janete,Janete Terezinha Putrich,13133,PT,Não eleito,7,1,52,53,0,Tapera,210002395196
c5521,g39608,ver24,Débora Grün,Débora Grün,13003,PT,Não eleito,7,1,65,65,0,Encantado,210002395329
c5522,g9951,ver24,Lizete Klein,Lizete Falk Klein,13130,PT,Não eleito,6,1,47,49,0,Guarani das Missões,210002395351
c5523,g19410,ver24,Sheilinha,Sheila Mara Cardoso Viana,13123,PT,Não eleito,0,0,39,42,0,Bom Retiro do Sul,210002395370
c5524,g30093,ver24,Enfermeiro Euquer,Euquer Lisboa da Silva,13123,PT,Suplente,558,1,14,82,0,Caçapava do Sul,210002395928
c5525,g5419,ver24,Inês  - Mãe da Manu,Inês de Lima Wasiak,13113,PT,Suplente,25,1,25,30,0,Ipê,210002396556
c5526,g41258,ver24,Moisés,Moisés Lopes,13789,PT,Eleito,76,1,6,17,0,Engenho Velho,210002397516
c5527,g16671,ver24,Aline Marcelino,Aline da Silva Marcelino,13555,PT,Não eleito,9,1,25,25,0,Caseiros,210002397599
c5528,g37397,pres26t1,Lula,Luiz Inácio Lula da Silva,13,PT,,2294759,497,2,13,0,Rio Grande do Sul,
