pessoa,nome,nome_urna,externo
g10018,Jorlei Geffer,Jorlei Geffer,False
g10039,Willian Mello de Lorena,Professor Willian,False
g10041,Estefane Francisca Gonçalves,Estefane da Creche,False
g10047,Douglas Rodrigues Salomao,Douglas,False
g10085,Raimundo Braz Gomes Neto,Tio Buda,False
g10121,Francinaldo Borges da Silva,Francinaldo,False
g10125,Filipe de Oliveira Chagas,Sadler,False
g10133,Claudinei Nobre,Dinei da Dengue,False
g10166,Janieire Maria dos Reis,Professora Jane Reis,False
g1017,Fernando Martins de Souza,Fernando M de Souza,False
g10172,Claudinei Guimarães Tironi,Tuta,False
g10175,Sirlei Bernardete Weber Bonamigo,Sirlei Weber Bonamigo,False
g10234,Edivar Gonsalves dos Santos,Edivar Jeguinho,False
g10235,Welitton Gerolane Granowski Ferreira,Gerolane,False
g10246,Aparecida Elizabeth Silva Lima,Betinha da Saúde,False
g10282,Rosecleia dos Santos,Rosicleia,False
g10298,Pedro Roberto da Silva,Pedrinho Mazão,False
g10309,Jurandir de Souza,Jurandir de Souza,False
g10342,Amauri Gabriel,Amauri,False
g10356,Solange Leite,Solange Leite,False
g10357,Maria Aparecida Ribeiro Teixeira,Professora Cidinha,False
g10364,Josiane Paulina dos Santos Vieira,Josiane,False
g10380,Jair de Lima Pedroso,Abel,False
g10406,Vilson Vieira,Giguinha,False
g10434,Helita Aparecida Matias,Helita,False
g10480,Pedrina de Jesus Oliveira,Pedrina,False
g10492,Carlos Roberto Ramos,Boquinha,False
g10498,Maria Tereza da Silva,Tete da Silva,False
g1050,Arnor das Neves Santos,Arnor,False
g10509,Nelisandra Gonçalves Nunes,Nelly da Associação,False
g1051,Laercio Rodrigues dos Santos,Laercio,False
g10524,Maria de Lourdes Estevan,Lurdes Estevan,False
g10548,Evani Gorete Jora de Moraes de Vargas,Evani de Vargas,False
g10554,Veronica dos Santos Ribeiro Tagliamento,Professora Verônica Ribeiro,False
g10588,Devenir Cândida de Paula,Devanira,False
g10591,Claudenir Alves de Morais,Chupeta do Esporte,False
g10611,Nelson Liber,Nelson Liber,False
g10623,Eliseu Garcia,Eliseu,False
g10630,David Rosário de Souza,David,False
g10672,Beatris Gonçalves dos Santos,Beatris,False
g10681,Luiz Dirceu Bloot,Dirceu Bloot,False
g10685,Maria Cristina Cabral,Cristina,False
g10691,Joaquim Antonio de Oliveira,Professor Joaquim,False
g10704,Neodir Marques de Siqueira,Neodir,False
g10708,Andressa Mariza de Barcellos,Andressa Piano,False
g10709,Ana Maria Siqueira,Professora Ana Maria,False
g10728,Bruna de Souza Nazario,Brunão,False
g10734,Carlos Eduardo Traven,Caê Traven,False
g1077,Jeison Pereira Santos,Jeison Pereira Santos,False
g10770,Claudemir de Souza,Claudio Taxista,False
g10773,Mauri Constantino da Luz,Mauri Constantino,False
g10783,Aureo Nildo Xavier dos Santos,Negão do Pt,False
g10792,Israel Hamulak Paulovski,Israel,False
g10795,Zenilda Batista Bruginski,Professora Zenilda,False
g10810,Pedrinha de Lourdes Mastrangelo,Prof Pedrinha Mastrangelo,False
g10828,Ivani Silva dos Santos Fagundes,Vaninha,False
g1084,Laércio Luis de Oliveira,Doutor Laércio,False
g10851,Paulo Sergio Alves,Paulo Mortinho,False
g10856,Plinio Lustosa Filho,Plinio Lustosa,False
g10865,Adilson Paiva Nunes,Passarinho,False
g10901,Priscila Ramos Ribeiro,Pri Chapa Quente,False
g10924,Scarlat Suiti Bessa Santos,Skarlat Suyt,False
g10927,Rozalino Ramos Pereira,Rozalino Ramos,False
g10939,Dolores Ivone Simionato,Dolores Simionato,False
g10954,Aline Joyce Souza Ferreira,Aline Joyce,False
g10965,Marcio Luiz Carreri,Professor Carreri,False
g10966,Vlaumir de Carvalho,Vlaumir Neno,False
g10968,Leiri da Cunha Duarte,Leiri,False
g10985,Fabio Machado de Oliveira,Fabinho da Garcia,False
g10992,Jose Carlos Kulka Hartkopp,Jose Carlos,False
g11062,Alveti Terezinha Gonchoroski,Alveti Terezinha,False
g1107,Carlos de Camargo,Kiko Borracheiro,False
g11081,Edson Correia,Edinho,False
g11086,Manoel Teodozio Gonzaga,Nana,False
g11094,Vantui Dias dos Anjos,Tuíra,False
g11107,Elias Gomes Barbosa,Elias,False
g11125,Gecelda Ferreira de Araujo,Gecelda Araujo,False
g1113,Juliano de Souza,Juliano do Araucária,False
g11143,Josemari Pereira do Carmo,Josy Carmo,False
g11185,Sebastiao Ademar Chidichina,Tião Chidichina,False
g11220,Wilian Andrizani,Wilian Andrizani,False
g1123,Olivo Dambros,Olivo Dambros,False
g11284,Raquel Mattos Gil,Raquel Gil,False
g11289,Maria Ema Medeiros da Silva,Maria Medeiros,False
g11304,Mariana Silverio de Almeida,Mariana,False
g11308,Pedro Rodrigues de Oliveira,Pedrinho do Ônibus,False
g11329,Celio de Castro,Celio Castro,False
g1133,Jose Osvaldo Tognato,Tognato,False
g11384,Paulo Henrique Carvalho da Silva,Paulo da Auto Escola,False
g11393,Alexandro Elizio dos Santos,Alex Santos,False
g11413,Selma Aparecida  dos Santos Schuler,Selma Schuler,False
g11415,Cesar Prestes Faria,Cezinha da Construção,False
g1142,Antonio Carlos Dantas,Antonio Dantas,False
g11425,Maria de Fatima Gonçalves Faccin,Fátima Faccin,False
g1145,Lilian Ricardo Hundsdorfer,Lilian Hundsforfer,False
g11465,Dayane Amaro de Oliveira,Day Amaro,False
g11470,Alfredo Xavier Ribeiro,Alfredo Ribeiro,False
g11479,Marcio Mariano Bonete,Marcio Bonete da Loja do Bil,False
g11490,Geni Cardoso da Silva Machado,Geni Machado,False
g11501,Aparecida Avelino da Silva,Cida Avelino,False
g11503,Antonio Carlos Marques da Silva,Toninho da Locadora,False
g11535,José Prestes Sobrinho,José Prestes,False
g11546,Ivone Fatima da Silva Vaz,Ivone Rodrigues,False
g11555,Celina  do Carmo da Silva Wotcoski,Tia Celina,False
g11557,Luciano Santos,Luciano Fi do Zé Caetano,False
g1156,Jose Nildo dos Santos,Mané,False
g11576,Roselia Cristina da Silva Marques,Roselia Baixinha,False
g11588,Lucas Lelis de Oliveira,Lukinha Lelis Neguinho,False
g11602,Fabio Miranda da Paz,Fabio Miranda,False
g11617,Monise Cristina Giro Alvares,Monise Alvares,False
g11623,Joelmir Batista Soares,Joelmir,False
g11651,Edenilson Smanioto,Edenilson Smanioto,False
g11653,Ana Lucia Santolini da Silva,Prof Ana Lucia,False
g11655,Gilson Gilcelio dos Santos,Gilson Bahia,False
g11676,David Jesus Lemos,Davi do Assentamento,False
g11701,Rogerio Rech,Prof Rogerio-Mandato Coletivo,False
g11719,Antonio da Luz,Tonhão da Vila Feliz,False
g11720,Jose Alceu Iwanczuk,Prof. Jose Alceu (Dinho),False
g11724,Clademir de Moraes Seixas,Home do Sabão,False
g11746,Marco Roberto Escumação,Marco Sukita,False
g11750,João Carlos do Prado,Cinquenta e Um do Correio,False
g1176,Carlos Rodrigues da Silva,Gamarra,False
g11764,Laureci de Souza Machado,Laureci Machado,False
g11773,Vitor Manoel Gabriel Ferreira,Vitor Manoel,False
g11780,Fabio Canapini,Canapini,False
g11784,Adão Adalmir de Brito Magalhães,Adalmir Pintor,False
g11830,Igor Matheus de Araujo,Igor Araujo,False
g1186,Marcos Vinicius Silva Oliveira,Marcos Oliveira,False
g11863,Tereza de Jesus Loução Pereira,Tereza Loução,False
g11866,Nilton Nascimento de Souza,Niltinho,False
g11875,Valdecir Luiz Elsenbach,Valdecir,False
g11877,Trindade de Oliveira Patcher,Trindade,False
g11883,Gilmar Trevizan de Oliveira,Gilmar Trevisan Boy,False
g11903,Edith de Deus Martins,Edith Martins Chica,False
g11904,Luciana Carina Semensatto Gouvea,Fofa Enfermeira,False
g11924,Fabiana Alves Pereira,Fabiana do Pt,False
g11925,Alexandro Mirkovski,Kisuco,False
g11957,Joraci de Fátima Schissler,Joraci de Fátima,False
g11959,Francisco de Assis Duarte,Chiquinho do Pt,False
g11966,Isis da Silva Machado,Isis Machado,False
g12031,Luiz Celso Galino Cassi,Professor Galino,False
g12043,Ediane Dalo Tibes,Diana do Pt,False
g12061,Magnus Eduardo Goulart,Professor Magnus,False
g12089,Antonio Carlos Bernardino,Antônio Carlos,False
g12091,Adelia Pastor de Souza,Adélia Souza,False
g12104,Thais Alves Pereira,Thaís do Basquete,False
g1211,Joari Alves de Souza,Joari Alves,False
g12135,Marilei dos Santos,Professora Marilei,False
g12142,Oscar Delgado,Oscar Delgado,False
g12163,Jairo Ribeiro dos Santos,Indio do Bodoque,False
g12183,Seleti Alves Ferreira da Silva,Saleti,False
g1220,Cirineu Aparecido Franco,Cirineu Aparecido,False
g12217,Sonia Regina de Cintra,Sonia Cintra,False
g12219,Solange Maria da Silva,Solange da Loterica,False
g12221,Dirceu Rodrigues Castanha,Dirceu Binozo,False
g12222,Carlito Rodrigues Mattos,Carlito,False
g12249,Natalia Cordeiro Lisboa,Natalia Lisboa,False
g1225,Marli de Lirio Kaibers,Marli Kaibers,False
g12260,Alex Batista de Jesus,Keko do Posto,False
g1229,Jonas Ferreira de Andrade,Jonas Andrade,False
g12290,Maria Neusa Ferreira,Neusa,False
g12293,Adriana Cristina Marques,Tia Adriana do Ivanete,False
g12307,Terezinha dos Santos Daiprai,Professora Terezinha,False
g12328,Isaias Pagliarini,Isaias Leitero,False
g1233,Elizabete de Anhaia Drabecki,Bete Anhaia,False
g12335,Maria Aparecida Teodoro Morelli,Maria Morelli Mae da Kaká,False
g12345,Daiane Patene Facco,Daiane Facco,False
g12360,Edcarla Alves Pastor,Professora Edcarla,False
g12362,Patricia Gislaine Cordeiro da Silva,Patricia Cordeiro,False
g12386,Rogerio de Souza Lima,Rogerio da Ambulância,False
g12408,José Etevaldo de Oliveira,Branco,False
g12422,Luciane Francisquini,Luciane Francisquini,False
g12433,Paulo Sérgio Vieira,Prof Paulo Vieira,False
g12479,Ivo Castorino Nunes Machado,Ivo da Vila Rural,False
g12482,Maria Madalena de Souza,Madalena Projeto Mãos de Ouro,False
g12494,Sedenir Antonio Coradin,Professor Sedenir,False
g12518,Vania Aparecida dos Santos,Vania,False
g12521,Ivo Pereira da Rocha,Ivo Enfermeiro,False
g12543,Sergio Ullrich,Serginho,False
g12558,Claudenice Aparecida Herrera,Prof Claudenice,False
g12561,Francisco Eduardo Ferreira de Macedo,Chico,False
g12570,Debora Casturina Moreira Capote,Debora Capote,False
g12581,Ananias Almeida da Silva,Ananias Tomateiro,False
g12599,Marto Jose Soares dos Santos,Marto,False
g12611,Paulo Ribeiro do Vale e Silva,Paulo Vale,False
g12629,Luzia Marcena Teixeira,Luzia Marcena,False
g12633,Arlete Taborda de Moura Salkovski,Arlete,False
g12649,Josinel Pezini dos Santos,Jpezini Peabiru,False
g12658,Rodhier Ferraz Farias,Rodhier,False
g12681,Maria Aparecida Cordeiro Slusarski,Professora Cida,False
g12682,Waleska Mariana de Almeida,Tia Rabiscoh,False
g12685,Silvana Vanderlei de Melo,Silvaninha,False
g12687,Domingos Abel Gonçalves da Cruz Junior,Professor Domingos,False
g12688,Edith Zampier de Almeida,Edith,False
g12703,Cleonice Genuino Vissoto,Professora Cleonice Vissoto,False
g12715,Maria de Lourdes Alves Samaniego,Maria Samaniego,False
g12717,Dario Rodrigues,Dario,False
g12728,Antonio Carlos Mileski,Mileski,False
g12735,Almiro da Silveira Dutra,Gaucho,False
g1276,Willian Batista da Silva,Willian Gatinho,False
g12761,Zuleide de Fatima Bronzi,Zuleide Bronzi Móveis Albanez,False
g12762,Beatriz Almeida da Costa Smanioto,Beatriz,False
g12778,Clairton Pedrozo de Quadros,Clairton Pedrozo,False
g12821,Jair de Lima,Jair de Lima Pé,False
g12838,Cristiane Aparecida Marins dos Santos,Cris do Hospital,False
g12851,Jair de Quadros,Jair da Malucelli,False
g12858,Valdemar Haas Junior,Junior Haas,False
g12872,Hellen Karoline Soares dos Santos,Hellen,False
g12941,Elza Tomba,Elza Tomba,False
g12946,Rosana Machado,Professora Rosana,False
g12949,Doglas Eduardo Schneider,Doglas Schneider,False
g12961,Carina Zampirolli,Carina Zampirolli,False
g12962,Afonso de Sousa Cavalcanti,Professor Afonso,False
g12982,Marcos Adriano Lopes Dias,Marquinhos da Agropecuária,False
g12987,Adão Luiz Botelho,Adão Botelho,False
g13026,Selma Regina dos Santos,Selma,False
g13035,Jose Francisco Souza Padilha,Juca do Santo,False
g13041,Tairini Leticia Caetano,Tairini,False
g1305,Glaucio de Oliveira,Glaucio,False
g13057,Diego Jose Annater,Diego Jose Annater,False
g13077,Osmar Pereira Joanna,Osmar,False
g13089,Ademir Elias Vanzo,Ademir Vanzo,False
g13090,Neide Conceição Carneiro,Neide Carneiro,False
g13098,Jahir Gonçalves Freitas Carneiro,Dr. Jahir do Esplanada,False
g13100,Valmir Alves,Miro,False
g13129,Osni Romagna,Dr Osni,False
g13158,Fernanda Andre Olleros,Fernanda Olleros,False
g13165,Marlene Gonsalves Cavina,Marlene Cavina,False
g13174,David Moreira dos Santos,David Moreira,False
g13190,Maicon Rone Barbalho da Silva,Professor Maicon,False
g13199,Wilson Jose da Silva,Wilson,False
g13210,Dimas Gusso,Dimas Gusso,False
g13214,Antoniela Aparecida de Oliveira,Antoniela Oliveira,False
g13264,Jucimara Guimarães,Jucimara,False
g13265,Fábio Chiavegatti,Fábio Chiavegatti,False
g13286,Elisete Rodrigues da Silva,Elisete Rodrigues,False
g13295,Euvaldo Lopes da Silva,Tuíca,False
g13299,Eliana Rodrigues da Silva,Eliana,False
g13308,Paulo Renato Fernandes,Paulo Renato,False
g13321,Sincero Pascoal Rôla,Prof Sincero Mandato Coletivo,False
g13338,Paulino Pereira da Luz,Professor Paulino,False
g13340,Davi Thiago Moreira Neves,Professor Davi Neves,False
g13354,Francisco Rodrigues Porfirio,Marronzinho,False
g13358,Claudio Ferreira,Claudio Indio,False
g13384,Serli Ferreira de Andrade,Serli Andrade,False
g13424,Dulce Helena Rosa Lopes,Dulce Cuidadora,False
g13430,Carlos Roberto Costa,Carlão Reviravolta,False
g13459,Cleusa Inacio,Rita,False
g13489,Bruno Rafael  do Couto Cividini,Bruno Cividini,False
g1349,Eva Borszowski,Eva Portela,False
g13523,Judite Vieira dos Santos,Judite Vieira,False
g13541,Rafael Augusto da Rocha,Rafael Rocha,False
g13555,Vanderlei Cardoso,Cardoso,False
g1358,Pedro Ferreira de Freitas,Professor Pedro,False
g13606,Claudia Mara Areco,Claudia Areco,False
g13614,Glaucia de Oliveira Canesso,Glaucia Canesso,False
g13629,Averaldo Alves,Averaldo Alves,False
g13630,Admir Morais da Silva,Mi Esposo da Cida Marculino,False
g13632,Graciano Orloski Portela,Graciano,False
g13635,Jose Carlos Antunes Ferreira,Ze Carlos do Sindvel,False
g13677,Salete Bagolin Bez,Salete Bez,False
g13693,Marcia Ruths Recco Candiani,Márcia Candiani,False
g13708,Daniel Correa dos Santos,Daniel Correa,False
g1372,Julio Cezar de Camargo,Julio Tete,False
g13733,Luiz Hamilton Kitcky,Luiz Hamilton,False
g13755,Maria Nysa Moreira Nanni,Delegada Maria Nysa,False
g13756,Pedro José Franklin Avelino dos Santos,P J Franklin,False
g1376,Lacerda Paulino,Lacerda Paulino,False
g13793,Claudia Maria de Castro Matias,Claudia Castro,False
g13795,Ademar Jose de Souza,Professor Ademar,False
g13796,Luiz Orlando de Souza,Luiz Orlando de Souza,False
g13803,Jose dos Santos Lima,Zezão,False
g13812,Dirley Klein,Dirley Klein Polaca,False
g13829,José Luiz Petri,Petri,False
g13834,Adauto da Silva,Professor Adauto,False
g13865,Olivia Ferreira Maceno,Olivia Maceno,False
g13886,Malvina Goes,Malvina da Escola,False
g13917,Ademar Botelho,Ademar,False
g13919,Saulo Leite de Alencar,Saulo da Educação,False
g13987,Leonardo Biavati Candido da Silva,Salino,False
g13991,Rodrigo dos Santos Cunha,Rodrigo Barbosa,False
g13997,Vilson Barbato,Professor Vilson,False
g13999,Anderson Lucas Vereta Patzlaff,Nene do Armando,False
g1401,Roges Sezoski,Roges Luiz,False
g14026,Valdecir Ferreira da Silva,Val Ferreira,False
g14036,Neuza de Mattos,Neuza de Mattos,False
g14054,Aparecida Pimenta,Cida Pimenta,False
g14072,Otavio Henrique da Costa,Otávio do Serjão,False
g1408,Edson da Rocha,Edson Pitoca,False
g14081,Rita de Cassia Florentino,Ritinha,False
g14086,Ricardo Carlos de Oliveira,Ricardo Carlos de Oliveira,False
g14088,Hilda de Araujo Silva,Hilda do Colégio,False
g14096,Joel Luiz Camargo Filho,Joel,False
g141,Everaldo Bueno de Oliveira,Everaldo Bueno de Oliveira,False
g14118,Ivan de Andrade,Ivan da Saude,False
g14167,Sidiney Marcos Sobreira Xavier,Nei,False
g14172,Kleri Seibel,Professora Kleri,False
g14174,Juciane Lopes Pereira,Juciane,False
g14199,Claudomiro Conceição Bezerra,Miro,False
g1420,Joao Revelino Mendes,Professor Revelino,False
g14216,Mauricio Francisco da Costa,Mauricio,False
g14221,Juarez Barbosa,Juarez Cantor,False
g14231,Marilene da Costa Oliveira,Kixirrá Jamamadí,False
g14260,Pedro Ivo Ilkiv,Pedro Ivo,False
g14289,Sirlene Rodriguez de Souza,Sirlene Milton Santos,False
g14291,Tarso Campigotto,Tarso Campigotto,False
g14302,Maristela de Bairros,Maristela,False
g14322,Ivair Pereira,Rosinha,False
g14352,Raimundo Fernandes da Costa,Professor Raimundo,False
g1436,Gilberto Rodrigues de Souza,Gilberto Carteiro,False
g14394,José Carlos Stresser,Carlão Stresser,False
g14401,Maria José da Silva Greghi,Maria Greghi,False
g14420,Claudinei de Lima,Claudinei de Lima,False
g14434,Aline Pavan Ribeiro,Aline Pavan,False
g14446,Edson Francesconi de Oliveira,Edson Francesconi,False
g14452,Vilma Garcia da Silva,Professora Vilma,False
g14456,Juliano Danielski,Juliano Danielski,False
g14474,José Carlos Crepaldi,Prof José Crepaldi,False
g14491,Marlena Rosa de Souza Pereira,Lenna Souza,False
g14511,Benedita Maria Bernades Rufino,Benedita Rufino,False
g14513,Ana Lucia da Silva,Aninha,False
g14547,Clair Siqueira,Clair Siqueira,False
g14560,Clarinda Ribeiro,Clarinda Polaca do Bar,False
g1457,Laercio Ribeiro Filho,Laercio,False
g14571,Andre Luiz Vargas Ilario,André Vargas,False
g14604,Romildo Cordeiro de Souza,Romildo Cordeiro,False
g14611,Braz Manoel da Silva,Braz da Capa Já,False
g1463,Airton da Silva,Airton Pé Preto,False
g14637,Rosa de Oliveira Pinto,Rosa de Melo,False
g14654,Maria Henrique de Carvalho Nascimento,Maria Nascimento,False
g14684,Antonio Carlos Neto,Toninho,False
g147,Nelson Morais,Nelson Morais,False
g14712,Sérgio Roberto Priamo,Sabiá,False
g14727,Marcia Cardoso de Jesus,Marcia Cardoso,False
g14739,Donizete Aparecido Jacomacci,Zetão,False
g14763,Antonio Carlos Farias,Tonhão da Vila Rural,False
g14796,Wesley Martins da Silva,Wesley da Bela Vista,False
g14807,Anderson Teixeira,Anderson Teixeira,False
g14815,Marilza Couto dos Santos,Marilza Couto,False
g14827,Maria Cristina Batista,Cristina Mãe do Natan,False
g14831,Dalmey Fernando Werlang,Agente Dalmey Werlang,False
g14841,Lori Rodrigues,Lori Rodrigues,False
g14849,Jose Carlos Gomes,Carlinhos Cabeleireiro,False
g14869,Odir Antonio Gotardo,Dr Odir,False
g14874,Allan Cardoso de Jesus,Allan Tk,False
g14890,Edinelson de Oliveira,Edinelson Prudente,False
g14895,Valmir Cardozo Pereira,Valmir,False
g14928,Mara Lucia Campos,Mara Campos,False
g14941,Jurandir Gonçalves da Silva,Figura,False
g14946,Elizandra Borba,Elizandra Borba,False
g14968,Izonete dos Santos Carneiro,Iza,False
g14993,Jussara Aparecida Santos,Prof. Jussara,False
g1500,Altair Ângelo dos Santos,Altair da Saúde,False
g15010,Aparecido Pereira,Pelezinho da Ambulância,False
g15048,Solange Balbino Thiago,Solange da Autoescola,False
g15050,Gilmar Fernandes,Brabo da Saude,False
g15052,João Natal da Luz,Prof. João Natal,False
g15056,Avilino Bandeira,Bandeira,False
g15062,Jose Carlos Soares,José Soares,False
g15065,Sidinei Ferreira de Souza,Sidão,False
g15080,Elizeu Dal Bosco,Elizeu Dal Bosco,False
g15082,Djuliandra Francielli Wilmsen,Djully Ramos,False
g15086,Vilmar Felchak,Vilmar Felchak,False
g15091,Valdomiro de Paula,Valdomiro de Paula,False
g15111,Cleri de Fatima Moletta,Cleri Moleta,False
g15132,Adailton Luiz Tino Cesca,Tino Bancario,False
g15174,Santiago da Silva Santos,Santiago Santos,False
g15185,Sebastiao dos Santos Reis,Cafuncho,False
g15186,Silvania Cleusa Lucht,Silvania Lucht,False
g15188,Vanderlei Francisco Vilas Boas,Vando Vilas Boas,False
g1519,Abimael do Valle,Abimael do Valle,False
g15193,Cleusa Maria Schuck,Cleusa Schuck,False
g15194,Hellen Cristina Moreira de Camargo,Hellen Cabeleireira,False
g15201,Marcia de Lurdes Volim Godoi,Marcia Volim Godoi,False
g15211,Josiane Aparecida Batista,Josi do Zico,False
g15239,Maria Madalena Pena dos Santos,Madalena da Curva,False
g15282,Gelson Coelho do Rosário,Gelson Coelho,False
g15286,Vanducir Borges,Vanducir Borges,False
g15289,Josimar de Jesus Vitor do Nascimento,Professor Josimar,False
g1529,Izaias Gonçalves dos Santos,Izaias Gonçalves dos Santos,False
g15300,Cleci Knopf de Lima,Dona Cleci,False
g15303,Cristiano Reis da Fonseca,Cristiano Reis,False
g15305,Inez Catarina Dallelaste,Professora Inez Dallelaste,False
g1531,Ivan José Carvalho dos Santos,Ivan Carvalho,False
g1532,Benedito Paulino dos Santos,Benedito Paulino,False
g15327,José Antonio Sirço,Zé do Foto,False
g15328,Keylla de Oliveira,Keylla Oliveira,False
g15336,Izadora Lorenzi Zuck,Izadora Zuck,False
g15353,Demitre Monthana Canhetti,Demitre Canhetti,False
g15378,Natal Correa,Natal Correa,False
g15385,João Proença,João da Iara,False
g15404,Luciano Amaral Breves,Luciano dos Pássaros,False
g15413,Maycon Alessandro Landgraff,Maycon da Ideal,False
g15428,Arceni dos Santos Alves,Cene da Mecanica,False
g15457,Marilene Kerkhoff dos Santos,Marilene,False
g15465,Jessica de Lima Pinheiro da Silva,Jessica Pinheiro,False
g1547,Francielle Dalila de Oliveira,Fran Dalila,False
g155,Silvana Soares Siqueira Rocha,Silvana Rocha,False
g1552,Carlos Alberto de Oliveira,Carlos da Viola,False
g15545,Maria Valdete Santos,Dete Costureira,False
g15551,Cleuza Terezinha Vieira,Cleuza,False
g15562,Paulo Soares Padilha,Paulo Soares,False
g15581,Idelfonso Telles Neto,Idelfonso Telles,False
g15582,Ivana Pereira Gomes,Ivana Cuidadora,False
g15584,Aluisio Silveira de Souza,Aluisio Silveira,False
g15607,Beatriz Aparecida Dussanoski,Beatriz Dussanoski,False
g15631,Soeli Antonia Gonçalves,Professora Soeli Gonçalves,False
g15647,Sidnei Ferreira,Sidnei Ferreira,False
g15651,Antonio Borges,Borjão,False
g15667,Cassiano Teles de Menezes,Cassiano Menezes,False
g15679,Ana Cristina da Rosa,Cris Rosa,False
g15694,Dayane Rita Pereira,Dayane Pereira,False
g15714,Tayna Theodoro de Souza Coelho,Thaynã Theodoro,False
g15722,Elizabete Aparecida Correa,Bete A Força da Mulher,False
g15724,Ana Zélia da Conceição,Ana Baiana,False
g15750,Izaias Paz,Izaias Magrão,False
g15769,Jose Puga,Pelé Puga do Pt,False
g15807,Nilsa Hesper,Nilsa Hesper,False
g15811,Cecílio de Araújo Pereira,Cecílio,False
g15836,Elisiane Aparecida da Silva Ferreira,Elisiane da Silva,False
g15854,Carlos Cipriani,Carlito,False
g1587,Yonne Alves de Araujo,Yonne Araújo,False
g15880,Fatima da Luz Pingas,Fatima Pingas,False
g15886,Valdir Miranda Felicio,Valdir do Cento e Cinquenta,False
g1589,Nilto Luiz Soares,Itão,False
g15907,Nadir Gouveia Laranja,Nadir Professora,False
g15919,Adriane de Lima Vilas Boas Bartz,Professora Adriane,False
g15927,Paulo Roberto Coelho Vas,Paulinho do Lanche,False
g15938,Osmar José dos Santos,Osmar Santos,False
g15945,Maria Eloisa Lima Dias,Isa da Vila Marli,False
g1598,Rosilaine Bueno Liguori,Rosi Liguori,False
g15983,Neri de Jesus Prestes,Neri de Jesus Prestes,False
g16010,Osório Moreira Couto,Osório,False
g16015,Valdevino Correa de Melo,Valdo Melo,False
g16021,Diarci Angelo de Souza,Diarci de Souza,False
g16048,Luciana Podlasek,Luciana,False
g16053,Rui Barbosa da Silva,Rui Barbeiro,False
g16061,Miriam de Souza,Miriam de Souza,False
g161,Adriana Aparecida Pereira de Araujo,Adriana Araujo,False
g16105,Kátia de Oliveira,Kátia de Oliveira,False
g16106,João Carlos Druszcz,Casca Druszcz,False
g16111,Elieser Joventino dos Santos,Elieser,False
g16131,Dairton Perez Reinozo,Sapecado,False
g16151,Alfredo Peres de Souza,Alfredo Peres,False
g16163,Márcio Roberto Nogueira Diniz,Professor Márcio Diniz,False
g16167,Lucivana da Silva,Vana,False
g16180,Marcos Antonio Siqueira da Silva,Marquinhos Vapt Vupt,False
g16197,Luiz Olavo Martins,Luiz Barão,False
g16217,Caroline Felisbino da Silva,Carol Silva,False
g16228,Dirceu Queiroz de Souza,Dicão,False
g16263,Daniel Cazumba Lyra,Daniel Lyra,False
g1627,Antenor Gomes de Lima,Dr. Antenor,False
g16274,Ruberson Roberto da Luz,Japa da Sucata,False
g16282,Humberto José Henrique,Humberto Henrique,False
g16298,Edivaldo Ribas de Oliveira,Chaverinho,False
g16340,Irailde Dias Gomes,Irailde Fia,False
g1635,Zoleide de Oliveira Pereira,Zoleide Pereira,False
g16361,Suelen Madeira de Brito,Suelen Madeira,False
g16377,Anaterra Viana,Anaterra,False
g1638,Ivanir de Aquino Paulino,Preta do Chumbinho,False
g16385,Monica Regina de Moraes,Monica Moraes,False
g16421,Jose Carlos da Silva Pinto,Jose Carlos Pinto,False
g16468,Carina Andreia da Silva Vieira Hoffmann,Carina Hoffmann,False
g16476,Ari Lamp,Ari Lamp,False
g16491,Rosimeri Aparecida Zeferino,Meri Zeferino,False
g16510,Rosemilda Nogueira do Nascimento,Preta da Radio,False
g16518,Cleuza da Silva,Cleusa do Parque Hortência,False
g16525,Ambrosio Wronski,O Homem do Chapéu,False
g16529,Edina Maria Soares dos Santos,Edina,False
g16537,Casemiro Schimanski,Casemiro Schimanski,False
g16551,Plinio Pezzini,Plinio Pezzini,False
g16553,Angelita Gomes Teixeira,Angelita,False
g1656,Christopher Pimpão Ferreira dos Santos,Christopher Ferreira,False
g16567,Ariston Cristian Gadomski Alves,Ariston Gadomski,False
g16568,Luis Henrique Libarde do Couto,Luis do Couto,False
g16570,Antonio Tadeu Veneri,Tadeu Veneri,False
g16572,Luciana Martinez Cordeiro,Luciana Cordeiro,False
g16573,Francieli Aparecida Diniz,Francieli Filha da Oscarlina,False
g16604,Donizete Galli,Donizete Galli,False
g16608,Jucineia Rosani Kniphoff Wurlitzer,Jucineia Kniphoff Wurlitzer,False
g16650,Leandro de Lima Danelon,Leandro Danelon,False
g16676,Paulo Cesar da Silva,Pc,False
g16685,Luciane do Nascimento Pereira,Luciane do Assentamento,False
g16691,Argemiro Alves de Jesus,Argemiro do Pt,False
g16694,Edio Carlos de Melo,Edio Carlos,False
g16715,Rosana Simões Silva,Pastora Rosana,False
g1673,Luiz Henrique Dias da Silva,Luiz Henrique,False
g16741,André Luiz Santiago,André Serraia,False
g16746,Bernardete Kleinibig Moreira,Professora Bernardete,False
g16761,Ivonilda Matos de Morais,Ivonilda,False
g16814,Rosival Kennedy Bando,Val Bando,False
g16816,Nei de Lima,Lima da Oficina,False
g16841,Eliel Mendes,Eliel do Almeida,False
g16844,Roberto Carlos Dagani,Roberto Dagani,False
g16851,Rosalina Augusta de Oliveira de Paula,Rosa do Povo,False
g16865,Maria de Lourdes Oliveira da Costa,Maria de Lourdes,False
g16866,Luciano Alves Nogueira,Luciano Nogueira,False
g16867,Walter Xavier da Cruz,Geminho,False
g16889,Anderson Luis Nepomuceno Cardoso,Anderson Luis Nepomuceno,False
g16894,Sergio da Silva Caus,Sergio Caus,False
g16904,Orivaldo Onorio,Onorio,False
g16916,Delfino Jose Becker,Delfino,False
g16923,José Claro de Carvalho,Zé Claro,False
g16946,Evelin Tanikawa de Oliveira,Evelin Tanikawa,False
g16948,Adriana Rogéria Theodoro Silva,Adriana da Caixa,False
g16949,Osvaldo Aparecido Herrera,Osvaldo Herrera,False
g17,Antonio Teixeira Sobrinho,Antonio Teixeira,False
g17011,Jolmir Simoes Nunes,Jolmir Gabardo,False
g17014,Marilise Aline Landgraff,Marilise Landgraff,False
g17016,Fernando Roiko,Roiko,False
g17037,Raul Jose Alves,Raul Alves,False
g17054,Alessandro da Silva,Tampinha,False
g17063,Valmiral Alves dos Santos,Valmiral O Jardineiro,False
g17065,Odair Correia,Vermelho,False
g17069,Evelim Straub de Oliveira,Evelim Straub,False
g17093,Claudinei Cezar Cigolini,Claudinei Cigolini,False
g17144,Rodolfo Malik,Rodolfo Malik,False
g17149,Anderson Ferreira da Silva,Anderson Prego da Silva,False
g17153,Izaias Betim Siebre,Izaias,False
g17187,Ana Rosa Costa de Oliveira,Ana Rosa,False
g17197,Cleberson Figueira Batista,Nino do Esporte,False
g17207,Jair de Oliveira,Jair Jaitão,False
g17213,João Maria Correia de Melo,João Maria Correia,False
g17228,Ivai Lopes Barroso,Ivai Lopes,False
g17256,Jose Pereira Frois,Fróis,False
g17259,Joarez Camargo,Joarez Camargo,False
g17260,Daiana Trindade Furtado,Diva Daiana,False
g17270,Maria Janete Cezar Rudniski,Maria Rudniski,False
g17274,Leurides Sampaio Ferreira Navarro,Professora Leu,False
g17282,Everton Luiz Moreira,Everton Moreira,False
g173,Luiz Sergio Marques de Moraes,Serginho Marques,False
g17305,Gilberto Prado de Almeida,Gilberto Prado Coroinha,False
g17312,Luciano Machado,Luciano Machado,False
g17328,Elisangela dos Santos,Elisangela Santos,False
g17338,Leandro de Paula Aguiar,Leandro  Aguiar,False
g17355,Ana Paula Matei Rosa,Ana Paula Matei,False
g17356,Jorvanes Pereira,Jorvanes da Radio,False
g17366,Ronerli Bueno de Oliveira,Ronerli do Alecrim,False
g17389,Faedes Aparecido Facciolli,Faedes Facciolli,False
g17407,Antônio Martini Neto,Professor Toninho,False
g17411,Sebastiao Paulino Rodrigues,Tiao do Taxi,False
g17414,Napoleao dos Santos,Napo,False
g17419,Maikel Douglas Florintino,Maikel Florintino,False
g17427,João José de Oliveira,João de Oliveira,False
g17435,Valdenor Soares de Freitas,Soninho,False
g17450,Lucas Roberto de Araujo Lima,Lucas,False
g17455,Euclides Almeida,Clidinho Sindicato,False
g17462,Wanderlei Alves Ferreira,Wanderlei,False
g1747,Adão Franco da Silva,Polaco Adão,False
g17486,Eleuza da Silva Souza,Eleuza,False
g17487,Nicoly Morais de Araujo,Nicoly da Garapeira,False
g17489,Jair dos Santos Varella,Jair Varella,False
g17490,Willian Clemente Caliente,Willian Açougueiro,False
g17497,Cassiana de Fátima Padilha,Kassy Kloster,False
g17502,Claudio Luiz Silva,Claudio Luiz,False
g17510,Aloísio Torres Guerra,Aloísio Guerra,False
g17524,Susylene Batista de Oliveira,Susy Oliveira,False
g17555,Crislaine Petri,Crislaine,False
g17561,Diana Costa Joaquim,Diana Costa,False
g17576,Valdirene Boraneli,Valdirene Boraneli,False
g17586,Cicero Nildo dos Santos,Fião,False
g17588,Severino Ramos da Silva Santos,Zé da Maça,False
g17594,Juvenil Leal de Oliveira,Jogol,False
g17610,Cilso Celestino Queiroz,Cilso Capeta,False
g1763,Cleonice Ricardi Nunes Feyh,Cleonice Feyh,False
g17630,Everaldo Menegueti,Professor Everaldo,False
g1764,Claudete Kuller dos Reis Costa,Dete,False
g17651,Ana Marta da Silva Salomao,Martinha do Hospital,False
g17664,Ernesto Jose Lahar,Ernesto Papeleiro,False
g17670,Antonio Ferraz,Toninho do Bar,False
g17679,Antonio Zacaroni,Antonio Zacaroni Pezinho,False
g17684,Dair dos Santos,Dair do Skinão,False
g17696,Reni Bueno de Lima,Reni Bueno,False
g17715,Adelina Monica Gonçalves,Monica,False
g17716,Joao Pereira de Lima,Joao Cantor,False
g1772,Carlos Emar Mariucci,Carlos Mariucci,False
g17727,Maria Ivoly Marchioro,Professora Ivoly,False
g17785,Antonio Roberto Rozzi,Roberto Rozzi,False
g1784,Willian Carlos da Silva Correia,Willian Correia,False
g17842,Isabel dos Santos Blocki,Bel,False
g17845,Tatiane Ferreira da Cruz,Tati,False
g17858,Mara Lucia Fornazari Urbano da Silva,Mara Fornazari Urbano,False
g17862,Elidia Cattani Rodrigues,Pastora Elidia,False
g17878,Marilda Ferreira Pilar,Marilda Pilar,False
g17883,Fernanda Carolina Oliveira Paiva,Fer Paiva,False
g17894,Raimundo Otilio da Silva,Raimundo,False
g1792,Devanildo de Castro,Professor Devanildo,False
g17962,Antonio Carlos da Cruz,Antonio Xodo,False
g17983,Rodrigo Leonardo Priesnitz,Rodrigo Priesnitz,False
g17995,Junior Batista da Silva,Juquinha do Sítio,False
g18002,Israel dos Santos,Passo Longo,False
g18025,Micheli Rodrigues dos Santos Tominc de Andrade,Micheli Rodrigues,False
g1804,Julio Cesar Silva,Julinho da Prefeitura,False
g18066,Kemlin Leticia da Silva Biscola Martins,Kemlin Letícia Tattoo,False
g18069,José Calixto Ronha,Zé Ronha,False
g18080,Lucas Alves Donatão,Lucas Kuka,False
g18090,Vladimir Luís de Oliveira,Investigador Dr Vladimir,False
g18095,Larissa Aparecida Porfírio Moreno,Larissa Porfírio,False
g18097,Milton Alves Dias,Índio,False
g18137,Joscemar Forzam Marcante,Joscemar Marcante,False
g18138,Ivonete Mello de Andrade,Ivonete Mello,False
g18141,Veronica da Rosa,Vera,False
g18181,Sidinei Marcos Moraes,Sidinei,False
g18209,Olipio Iapp,Olipio Iapp,False
g18210,Marilene Aparecida Nunes,Professora Marilene,False
g18216,Mailde de Freitas,Mailde das Flores,False
g18220,Udison Estevao de Sa Dias,Udison,False
g18237,Edivaldo de Oliveira,Boquinha,False
g18248,Jose Romanecz,Jose Romanecz,False
g18259,Carolina de Oliveira Santos,Carol,False
g18271,Eris Adão dos Santos,Nego,False
g18275,Nilton Luiz Zaroski,Nilton Zaroski,False
g1828,Marcia Andreia Grochoska,Marcia Grochoska,False
g18280,José Carlos de Assis,Bilão,False
g18288,Claudemar Pedroso Lopes,Clau Lopes,False
g18293,Camila de Oliveira Rocha,Camila Rocha,False
g183,Olavo Luiz da Cruz,Bebezão,False
g18314,Orestes Piacenço Amaral,Orestes Amaral,False
g18329,Luiz Fernando Lima,Luiz Fernando,False
g18350,Vanda do Pilar Santos Bandeira Santana,Professora Vanda Bandeira,False
g18368,Ivair Paz Maciel,Ivair,False
g18379,Eversy Emanoel Guerbes,Guerbes,False
g18381,Cleverson Pingos Bueno,Polaco do Pt,False
g18394,Fernando Correia da Silva,Fernando Sodinha,False
g18402,Gilson Dilmar Stadler,Jacaré do Guincho,False
g18428,Jorge Yared Filho,Jornalista Jorge Yared,False
g18436,Lorival Pereira de Oliveira,Lorival,False
g18473,Elisangela Aparecida da Silva,Elisangela,False
g18493,Hércules Vieira dos Santos,Hércules Vieira,False
g18511,Rozivete de Paula dos Santos,Rozivete,False
g18517,Nivalda Sguissardi Roy,Nivalda,False
g18539,Emersson Jose Rataieski,Emerson Rataieski,False
g18548,Ana Lívia dos Santos Sanches de Oliveira,Ana Lívia Sanches,False
g18573,Carlos Faustino dos Santos,Carlinhos Gato,False
g18578,David Mauricio de Paula,David Mauricio,False
g18607,Vera Lucia Rodrigues,Verinha,False
g18612,Jose Carlos Bueno,Carlinhos,False
g1863,Vera Lucia Pedroso Nogueira,Vera Nogueira,False
g18644,Marlene Pereira Ozorio,Marlene Ozorio,False
g1865,Natalino Luis Ribeiro,Natalino,False
g18660,Eliana Strub Oldra,Eliana,False
g18662,Emilayne Cristine de Araujo Saleme,Emilayne,False
g18670,Dirlene  Almeida Roque,Leninha Roque,False
g18677,Lindomar Paulo do Nascimento,Lindomar,False
g18680,Milton Mafra,Mafra,False
g18691,Alex Moraes Mocheuti,Professor Alex,False
g18720,Flávio Rogerio Bagatin Junior,Flavio Bagatin,False
g18721,Oseias Bravo de Melo,Oseias Carteiro,False
g18725,Francisco de Assis de Souza,Francisco de Assis,False
g1873,Wanderley Vitorio Dias,Wanderley Vitório Dias,False
g18732,Rafael Oliveira Siebre,Rafael Siebre,False
g18741,Samantha Pillar,Samantha Pillar,False
g18745,Eva Maria Moro Soares,Eva Moro,False
g18749,João Carlos Chaves da Silva,Kikão do Esporte,False
g18797,Vera Lucia Cecchin Dapont,Vera Dapont,False
g1882,Andre Reifur,Andre Reifur,False
g18830,Leandro de Souza,Kisuco,False
g1885,Fiorinda do Amaral Dalbosco,Fiorinda,False
g18884,Roberto Raimundo de Lima,Professor Roberto,False
g18889,Marcio Ricardo Marinho,Ricardo Marinho,False
g18927,Joilde Pilatti,Jo da Loja,False
g18955,Sônia Regina de Oliveira Mendes,Regina Mendes,False
g18976,Luiz Braz Ferreira,Labareda,False
g1898,Florinda de Lima Bassi,Prof. Florinda,False
g18984,Itacir Antonio Ceresoli,Tasso,False
g18985,Dinarte Jose de Oliveira,Dinarte,False
g18995,Helena Gonçalves Gandin,Professora Helena,False
g19006,Dirlei Ribas de Castro,Dirlei do Sindicato,False
g19007,Everaldo Alves dos Santos,Everaldo Baratinha,False
g19014,João Batista dos Santos,João Batista Corretor,False
g19076,Regiane Andreia Duarte,Regiane Duarte,False
g19080,Clarice Vanzei,Clarice Vanzei,False
g19087,José Carlos de Oliveira,Zé Carteiro,False
g19089,Jocelino Tavares,Jocelino Tavares,False
g1911,Arnaldo Ferreira dos Santos,Arnaldo Mecanico,False
g19169,Glenio Cesar Ditrich,Glenio Ditrich,False
g19176,Paulo Cesar Marques,Paulo Marques,False
g19192,Edevane Eleutério,Edevane Eleutério,False
g19216,Jair Cortez,Jair Cortez,False
g19236,Valdir Dias Ribeiro,Valdir da Palmeirinha,False
g19241,Adenilso Vieira de Almdeida,Adenilso Vieira Bagre,False
g19258,Mauricio de Inhaia,Mauricio da Água,False
g19268,Eni Aparecida Daron Sinhuri,Eni Sinhuri,False
g19271,Vera Lucia Fontana Giongo,Vera,False
g19299,Evandro Rodrigo Ribeiro,Evandro Rodrigo,False
g19303,Afonso Rodrigues,Afonso,False
g1931,Agostinho Marian,Caminhoneiro Agostinho Marian,False
g19313,Dejalma Vilas Boas,Dejalma do Pt,False
g19318,Neilor Kniphoff,Professor Neilor,False
g19326,Osmar Antonio Schroh,Prof Osmar,False
g19335,Pedro Rodrigues,Pedrinho Ravel,False
g19377,Gerusa Maria Sutilli,Gerusa Sutilli,False
g19427,Débora Ramos de Freitas,Débora Freitas,False
g19443,Roque Slobodjan,Roque do Bar,False
g19449,Valdeci Ribeiro de Maia,Valdeci do Limão,False
g19458,Devaldir Felipe Alves,Dilo Alves,False
g19465,Cecilia Ladi Erthal,Ladi,False
g19494,Tassia Castelli,Tassia Castelli,False
g19495,João Carlos Passari,João Carlos Passari,False
g19506,Idanir Paz Maciel,Idanir Paz Maciel,False
g19507,Maria Helena Alff,Professora Maria Helena,False
g19526,Eva Fabio Figueiredo,Eva Figueiredo,False
g19536,Viviane do Socorro Borba da Silva,Viviane Borba,False
g19587,Juciel Vilmar Jungles dos Santos,Professor Juciel,False
g19613,Nelson Antonio Chemin,Chemin,False
g19638,Lurdes Janete Perin Veit,Janete do Salão,False
g19646,Ademilson Leandro Gato,Professor Gatto,False
g19657,Maria Judite dos Santos,Prof Judite,False
g1966,Silvano Ribeiro,Silvano Ribeiro,False
g19694,Delicia Menezes de Oliveira Caetano,Alice Caetano,False
g19697,Jose Ademar de Oliveira,Nego,False
g19702,Willian Bortolotto,William Bortolotto,False
g19711,Cleverton Roberto Valério,Clevinho,False
g19729,Hugo Marcos Ventura Leite,Marcão Ventura,False
g19730,Adriano Carlos de Moraes,Adriano Iê,False
g19737,Arildo Ferreira de Castro,Professor Arildo,False
g19741,Karin Renate Osternack Portela,Karin  Osternack,False
g19755,Priscilla Alves Ramos,Priscilla,False
g19777,Oldemar Borges Cavalheiro,Oldemar Cavalheiro,False
g19800,Denner Wynderson Weber,Professor Denner,False
g1981,Osvaldo Marcondes,Osvaldo Marcondes,False
g19812,Marly da Silva Rodrigues de Freitas,Marli,False
g1982,Edinelson Carlos Santos da Silva,Parangolé,False
g19827,Cláudia Aline Fróes Montani,Claudia Montani,False
g19845,Graziele Martins Santos,Grazi Santos,False
g19846,Cezar Jose Barea,Baré,False
g19856,Valter Sluchenski Miranda,Valter Miranda,False
g19867,Juraci Vandoski Santana,Professora Juraci,False
g19881,Marcos da Silva Batista,Marcos Batista,False
g1989,Altair de Quadros,Altair Coelho,False
g199,Emerson Haruo Niimoto,Emerson Niimoto,False
g19906,Carlos Penteado,Carlão Penteado,False
g19932,Paulo Rodrigo Antunes da Silva,Paulo Antunes,False
g19946,Edson Marcelino dos Reis,Professor Edson Marcelino,False
g20008,Jose da Silva Bento Neto,Bento da Água,False
g20020,Lauri Santos de Oliveira,Lauri do Gás,False
g20051,Jose Carlos Guimarais,Zé do Livro,False
g20057,Mauro César Henrique Ribeiro Filho,César,False
g20094,Eva Lindamir Barchak,Eva Lindamir,False
g2012,Rogerio Wagner Dariva,Rogerio Bichim,False
g20122,Edna Maria dos Reis Queiroz,Edna Reis,False
g20137,David Teixeira de Sousa,Professor David,False
g20163,Josiane Flores Munis da Silva,Josiane Flores,False
g20180,Roberto Henrique da Mota França,Roberto Mota,False
g20181,Wilson José Daufenbach,Wilson Daufenbach,False
g20188,Gilmar dos Santos Faria,Gilmar Faria,False
g20221,Valdir Correa da Silva,Casa Nova,False
g20231,Alexia Kauana Kingerski de Lara,Kauana,False
g2026,Valdemar Carneiro dos Santos,Dico da Pracidia,False
g20271,Salesio Martendal,Dico Martendal,False
g20273,Cleber Santos Rodrigues,Cleber Santos Rodrigues,False
g20274,Elena Makoski Dalpiva,Elena do Cachorro Quente,False
g20287,Bruno Henrique de Oliveira,Brunyn A Voz do Povo,False
g20293,Nilceia de Oliveira Queiroz,Nilceia Queiroz,False
g20296,Paulo Carvalho de Souza,Paulinho Zaeli,False
g2031,Lidiane da Silva Fermino,Lidiane do Salgado,False
g20315,Maria da Penha dos Reis,Maria da Penha,False
g20329,Claudecir Bruno Alves de Siqueira,Mulatinho Clau,False
g2035,Isael Rodrigues de Lima,Isael Lima,False
g20356,Anderson Jose de Cristo,Anderson da Auto Escola,False
g20357,Francisco Valderi da Silva,Valderi,False
g20439,Benedito de Jesus dos Santos Alves,Benedito,False
g20444,Everson de Souza,Everson de Souza,False
g20445,Adilson Kruger Garbin,Garbin Gás,False
g20446,Fernando Araujo de Azevedo,Fernando Sangue Laranja,False
g20468,Ana Cristina Terlamp,Ana Terlamp,False
g20481,Justino Pedro Rodrigues,Zé Lebre,False
g20488,Adir Rodrigues dos Santos,Adir Quilombola,False
g20496,Vilucir Lanhi,Vilucir Lanhi,False
g2051,Rose Alves Torres,Rose Torres do Banco da Terra,False
g20513,Maria do Carmo Gaiotto Alberti,Maria do Carmo,False
g20514,Elton Carlos Welter,Welter,False
g20525,Natalia Cristina da Silva,Natalia Cristina,False
g20528,Maria do Carmo Azevedo,Maria do Carmo,False
g20534,Rosane Goncalves de Araujo Silva,Rosane,False
g20539,Adelcio de Azeredo,Adelcio de Azeredo,False
g20549,Sidelma Aparecida de Lima,Cida Lima,False
g20555,José Aparecido Fernandes,Fernando Meirelles,False
g20571,Santo Candido Coelho,Santo Coelho,False
g20573,Antonio Ari Borba do Rosario,Ari Borba,False
g20590,Jose Jailton Camargo,Prof Jailton,False
g20601,Josué Antonio Novacoski,Corinthiano,False
g20614,Vanilde José Pereira,Fia,False
g20620,Altamir de Oliveira Meira,Altamir Meira,False
g20648,Juliana Angelica Pires Barddal,Juliana Barddal,False
g20689,Miguel Prates Peroni,Mestre Miguel Pt,False
g20694,Gisele Tiera,Gisele Tiera,False
g20697,Dorival Simoni,Carteiro Dorival Simoni,False
g20705,Hosana Maria Sexugi,Hosana Sexugi,False
g20709,Maria Eliane Simionato da Silva,Maria Eliane,False
g20732,Edna Rosa da Silva,Edna Silva,False
g2074,Nair Fernandes Martins,Dona Nair,False
g20763,Maria de Lourdes Barbieri,Cotinha,False
g2079,Lindomar Antonio Guilardi,Guilardi,False
g2080,Elizabete Alves de Matos,Bete Matos,False
g2082,Nair da Silva,Professora Nair,False
g2083,Roberto de Ramos Machado,Roberto Machado,False
g20834,Douglas Alves da Silva,Douglas Baiano,False
g2085,Tania Cristina Class,Tania Class,False
g2086,Welington Giovanini de Freitas,Welington Giovanini,False
g20872,Edilson de Almeida Machado,Edilson Machado,False
g20882,Diemison da Silva Cadonhoto,Papa Leguas,False
g20894,Francisco Albino,Chicão do Pt,False
g20930,Luis Carlos Candido,Luis Candido,False
g20941,Simone Nuermberg Vasconcellos Costa,Simone Nuremberg,False
g20946,Hamilton Luiz Serighelli,Hamilton Serighelli,False
g20982,Ilze de Oliveira Horobinski,Ilze  Taxista,False
g20996,Adao Lodir Schneider,Adão da Apae,False
g2100,Cassia Regina da Rosa Brandino dos Santos,Cassia,False
g21012,Ruy Barbosa,Professor Ruy Barbosa,False
g21013,Sandro Duarte,Sandro Duarte,False
g21026,Maria Helena Flauzino,Maria Helena,False
g21032,Silvano de Oliveira,Silvano,False
g21035,Rozania Pereira da Silva,Lala,False
g21057,Julieta de Souza Ferreira,Julieta,False
g21065,Jairo Remi Tiemann,Jairo Tiemann,False
g21070,Celso Jose de Morais,Professor Celso,False
g21090,Celso Barros Botelho,Celso do Telefone,False
g21114,Isac Gregório da Silva,Isac Gregório Personal,False
g21116,Edson Eduardo,Edson Padeiro,False
g21137,Santina Izabel Magalhães,Santina Izabel,False
g21163,Antonio Hemeterio de Carvalho,Antonio Acacio,False
g21167,Solange Aparecida Longen Bes,Solange,False
g21189,Valdir de Oliveira,Valdir Serralheiro,False
g21190,Leticia Ribeiro Kaizer,Leticia Ribeiro,False
g21192,Carina Rita de Lima,Carina Rita,False
g2121,João Eziquel de Oliveira,Eziquel Oliveira,False
g21217,Aloisio Xavier Lopes,Aloisio Xavier,False
g21222,Ataide de Albuquerque,Amoroso,False
g21227,José Vitorino Barbieri,Zé Barbieri,False
g21249,Dagmara de Santana Skalski,Professora Dagmara,False
g21306,Valdir Alves do Prado,Irmão Valdir,False
g2134,Sandra Mara de Conto,Sandra do Assentamento,False
g21340,Bernadete Brusque,Prof Berna,False
g21341,Adevan Schvaidak,Adevan Motorista Ratinho,False
g2135,Valmir Aparecido de Souza,Valmir Permino,False
g21367,João Luiz de Oliveira,João do Milinho,False
g21379,Lucimar Severino da Silva,Lúcia do Povão,False
g21388,Maria Luciane Kublitski,Professora Maria Luciane,False
g21396,Sergio Paulo Tonial,Sergio da Saude,False
g21422,Aline de Oliveira Conrado dos Santos,Aline Conrado,False
g2143,Celio Welzel,Celio,False
g2146,Janete Profiro da Silva,Janete Profiro,False
g21479,João Batista Mariano,João Mariano,False
g21499,Eyrimar Fabiano Bortot,Prof Eyrimar Fabiano Bortot,False
g21502,Natalino Pires Cardoso,Oncinha,False
g21527,Rosano Pezzini,Rosanno,False
g21543,Mario Cezar da Silva,Mario Cezar,False
g21572,Janete Floriano,Janete Floriano,False
g21580,Aristides Panizzon,Bide da Mudança,False
g21589,Antonio de Abreu Machado,Antonio de Abreu,False
g2159,Vilma Aparecida Ferreira Tetuliano,Vilma do Conselho,False
g21645,Joao Wilson Narcizo,Joao Wilson,False
g21649,Marcos Machado,Marcos Machado,False
g21707,Leandro dos Santos,Leandro dos Santos,False
g21716,Denise Aparecida Bezerra,Denise da Tekoa,False
g21740,Mario Sergio Verri,Mario Verri,False
g21751,Luzia Alves da Silva,Professora Luzia,False
g21757,Tiago Alves de Souza,Tiago Souza,False
g21794,Najera Alexandre de Lima,Nanah Barbeira,False
g21797,Mariane Dubinski Princ,Mari Princ,False
g21807,Ana Lucia Faustinoni da Silva,Ana Lúcia do Alecrim,False
g21838,Aparecida Fabiana Correa,Bia Correa,False
g21844,Isla Karina de Lima Arnoldo,Isla Karina,False
g21858,Eleni Maria Domingos,Eleni,False
g21897,Ivone Evangelista de Oliveira,Ivone E. Oliveira,False
g2191,Camila Ruppel,Camila Ruppel,False
g2194,Creusa Nunes Barbosa da Silva,Creusa Nunes,False
g21970,Inacio da Costa,Inacio,False
g21992,Josiane Cristina dos Santos,Professora Josiane,False
g220,Ivonete Galdino Biscaia,Ivonete Galdino,False
g22019,Sandra Mara Mendes,Sandra Mendes,False
g22033,Lucas Porn,Lucas Porn,False
g22037,Arlindo Antonio Greselle,Arlindo Antonio Greselle,False
g2204,Eva Aparecida Szczepanski da Silva Rosa,Prof. Eva,False
g22045,Nicanor Rizzo de Souza,Nicanor (Pão Quente),False
g2205,Nilson Lendzion Biscaia,Biscaia,False
g22066,Jose Carlos Damião Portela,Zé do Baratão e Coletivo,False
g2207,Ângelo Costa Quintanilha,Angêlo do Assentamento,False
g22070,Nilton Batista,Nilton da Barbearia,False
g22096,Gisele Salome Dias,Gisele Dias,False
g2210,Francieli Aparecida Custodio,Professora Francieli Custódio,False
g22107,Roseli de Fatima Miersch Zanardi,Roseli Zanardi,False
g22122,Luiz Cesar de Assis,Cesar Assis Musico,False
g22137,Élcio Wszolek,Professor Élcio,False
g2214,Jonas da Rosa Novaes,Jonas Novaes,False
g22159,Reinaldo Aparecido de Carvalho,Reinaldinho,False
g22179,Salete dos Santos Charava,Salete Charava,False
g22184,Pedro Paulo Costa,Pedro Paulo,False
g22210,Maria Iraci da Silva Baptista,Ana do Mauro,False
g22257,Divonzir Manoel dos Santos,Divo Paiol de Telha,False
g22269,Maria do Carmo Soares dos Santos,Maria do Carmo,False
g2227,Jeferson da Maia,Jeferson da Maia Zezé,False
g22276,Carmelina Xavier Prates,Carmen da Saúde,False
g22278,Denila Coelho,Denila Coelho,False
g22303,Agnaldo Timotio de Souza,Agnaldo Timotio,False
g22333,Larissa Joaquina Massoni,Larissa Massoni,False
g2235,Orlando Henrique Marinho da Silva,Orlando Marinho,False
g22410,Matteus Henrique de Oliveira,Matteus Henrique,False
g22430,Valdecir Barreto dos Santos,Galderio,False
g22434,Natal Antonio Bonaldo,Professor Natal,False
g2244,Carlos Edilson Noronha Mota,Seu Carlos Noronha,False
g22440,João Israel Festner,João Leiteiro,False
g22480,Odair Primo da Silva,Odair Primo,False
g22485,Orvandino Lino de Carvalho,Orvandino Porquinho,False
g22490,Joel Tinfel Gonçalves de Almeida,Joel Tinfel,False
g22494,Sandra Dias Ricaldi dos Santos,Prof Sandra Santos,False
g22497,Elizabete Antunes de Oliveira Barros,Pastora Bete,False
g22502,Avenilda Aparecida Dal-Comuni,Ivanilda,False
g22503,Ismair Marques de Souza,Ismair Pedreiro,False
g2251,Joelceo Lourenço,Joelceo Presidente Quilombola,False
g22532,Eduardo Pereira,Eduardo Suchi,False
g22535,João Paulo Moreira Fernandes,João da Assistencia,False
g22537,Paula Jéssica Lima Magno,Jéssica Magno,False
g22544,Valdomiro Novak,Ladio,False
g22562,Eledi da Silva,Eledi,False
g22563,Lucelia Almeida Rocha de Góes,Lucelia Assistente Social,False
g22595,Dejalmo Sacon,Dejalminho do Esporte,False
g226,Elizabeth Waleski de Freitas Piccinini,Professora Beth,False
g22607,Tereza Pereira de Azevedo,Tereza,False
g22613,Antônio Carlos dos Santos,Carlinhos Trovão,False
g22649,Dionisio Oliveira Cardoso,Dionisio,False
g22654,Maria Fernanda da Silva,Maria Fernanda,False
g22669,Cristiane Aparecida Pech Lopes Nepomoceno,Prof. Cris Pech,False
g22693,Valtencir Nabarro Seidel,Nabarro,False
g22697,Guimorvan Pimentel,Gui Pimentel,False
g22704,Sirley Terezinha Lamberty,Sirley Lamberty,False
g22710,Juliana de Fatima Mildemberg de Lara,Ju Mildemberg,False
g22717,Lauro Ribeiro Sobrinho,Lauro Ribeiro,False
g22732,Luis Neves dos Santos,Luis Neves,False
g22737,Jose Fortunato Venancio,Zé Polaco,False
g22750,José Ribeiro Bueno,Zé Liquinho,False
g22763,Cenilda Ribeiro Melo,Cenilda Ribeiro Melo,False
g22765,Mariana Henrique Miranda,Mariana,False
g22766,Joneci Moraes de Lima,Jj,False
g22789,Josiane Cristina Monteiro,Josi Monteiro,False
g22878,Silvana Maria Mosena Conti,Silvana Conti,False
g22896,Herminda Grumiker,Herminda Grumiker,False
g22919,Edevania Maria dos Santos,Edevania,False
g22943,Maria Aparecida Junqueira,Grila,False
g22957,Nelson Pereira,Nelson Bocca,False
g22969,Cleonice Costa da Silva,Nice,False
g22994,Moises Dalcolli,Moises da Ruth,False
g22995,Kenia Jaqueline dos Santos,Professora Kenia,False
g23004,Luiz Francisco Perins Netto,Guto Lula,False
g23009,Fátima Coelho de Souza,Fátima,False
g23015,Florisvaldo Fier,Dr Rosinha,False
g23023,Marcos Roberto Domingos Rodrigues,Marcos Careca,False
g23108,Sovelth Cardoso,Professor Sovelth,False
g23122,Andre Victor Fumagali Mileski,André Mileski,False
g23131,Zélia Maria de Sousa,Zélia do Zé da Pedra,False
g23136,Jose Caetano,Zé Rico,False
g23168,Edimar de Jesus Gonçalves Huller,Edimar Huller,False
g23169,Maycon  Manoel Bonfim Fracisco,Maycon Manoel,False
g23174,Valdir Aparecido Pontes,Dilon Pontes Cantor,False
g2319,Conceição Antunes Costa,Conceição,False
g23193,Lucio Palicz,Pali,False
g2320,Suzana Aparecida Marques,Su Marques,False
g23201,Lenir dos Santos Lima Hanck,Prof Lenir,False
g23224,Giovanni Gigliolli Rodrigues,Dj Giovany,False
g23238,Ana Claudia Radis,Ana Radis,False
g23241,Eliazer da Silva,Eliazer,False
g233,João Maria Ionglonbuod,João da Refrigeração,False
g23316,Valmir de Jesus,Gato Preto,False
g23325,Sara Adorno,Pedagoga Sara,False
g23332,Darcio Appelt,Darcio Appelt,False
g23359,Orlando Moreira Horst,Orlando Tomate,False
g23363,Neri José Dias de Castro,Neri,False
g23367,Vanuza Campos de Oliveira Cavalheiro,Vanuza Cavalheiro,False
g23385,Veronica Libera Chiarello,Verônica,False
g23409,Jorge Pedrozo da Cruz,Jorginho,False
g23411,Marcos Antonio de Souza Brito,Prof Marcos Brito,False
g23415,André Eduardo Rodrigues da Silva,Deh Rodrigues,False
g23428,Tiarlhes Cousseau Pinto Vieira,Tiarlhes Cousseau,False
g23444,Tatiane Garcia,Tatiane Garcia,False
g23481,Cláudia de Andrade Moura,Prof. Cláudia Moura,False
g23502,Rosangela de Anhaia,Professora Rosangela,False
g23503,Luiz Carlos Machea,Luizinho Maqueia,False
g23507,Angela Aparecida Vieira Oliboni,Angela Vieira Oliboni,False
g23512,Modesto Augusto Ferreira,Modesto Ferreira,False
g23515,Gerson Venceslau Aniceto,Gersinho,False
g23520,Gilmar Carlos Lisboa,Gilmar do Sindimont,False
g23550,Claudia dos Santos Canha,Professora Claudia Guanandy,False
g23563,Gilmar Zendron,Gilmar Zendron,False
g23565,Anderson Aparecido Ribeiro,Anderson Fio,False
g23584,Ivonete Guralski,Ivone,False
g236,Izolene Lurdes Tomazini de Oliveira,Izolene Tomazini,False
g23602,Raul Correa da Silva,Rauzinho,False
g23611,Luiz Alves de Oliveira,Luizinho do Sindicato,False
g23655,Adriano do Nascimento,Adriano Nascimento,False
g23660,Nelson Setlik Djuba,Nelson do Monjolinho,False
g23684,Diloney Felipe da Silva Ferreira,Dila Felipe,False
g23691,Jacyr Menequeli,Menequeli do Pt,False
g23697,Ketiane Tamara da Silva Almeida,Ketiane,False
g23711,Claudecir Tessarollo,Polaco Tessarollo,False
g23714,Valmir Benicio Geraldo,Nego Palma,False
g23737,Willian Barboza,Willian Filho do Dodô,False
g23780,Edvaldo Roberto dos Santos,Escovão,False
g23792,Marina da Aparecida da Silva Dzulinski,Marina Silva,False
g23824,Andre Rosa,Andre do Quilombo,False
g2383,Celso Antunes dos Santos,Celso,False
g23851,Amauri de Lima,Prof  Amauri de Lima,False
g23854,Adelia Ceccatto,Professora Adelia,False
g23856,Vanessa Cristina Pizeli,Vanessa do Orizon,False
g23862,Josué Barbosa de Andrade,Duca,False
g23870,Tiago Bohn Bogo,Tiago Bogo,False
g23881,Carlos Nogueira de Almeida,Carlos Tomate,False
g23883,Jiane Ganzer,Jiane Ganzer,False
g23901,Zenilda Teresinha Pinto,Professora Leidy,False
g23911,Ana Flávia Peneroti Cavalcante,Ana Flávia Cavalcante,False
g23944,Patricia da Silva Mattins,Pati Cuidadora,False
g2397,Paulina Jagher Muniz,Professora Paulina,False
g24000,Jacir Machado Bonfim,Jacir Bonfim,False
g24007,Regina da Aparecida Sutil da Silva,Regina Sutil,False
g24012,Sueli dos Anjos Bomfiglio,Sueli Bomfiglio,False
g24013,Leila de Fatima Luz,Leila Luz do Lambari,False
g24028,Andreia Costa Pereira,Andreinha do Salao,False
g24056,Marcio Jose Messias,Marcinho Moto Taxi,False
g24064,Maria Joelma Miranda,Joelma Miranda,False
g24072,José Augusto Liberato,José Augusto,False
g24076,Mauricio Thadeu de Mello e Silva,Requião Filho,False
g24079,Roberto Oliveira de Araujo,Junior Maceió,False
g24093,Luiz Francisco Guil,Chico Guil,False
g24132,Irineu Ronaldo Butke,Schumacher,False
g24149,Luiz Leite Fraga,Cabo Fraga,False
g24159,Denivaldo Alves de Souza,Denivaldo Souza,False
g24205,Renaldo Chagas,Renaldo Chagas,False
g2421,Maria Luisa de Mello Costa,Mariazinha,False
g24212,Wilson Ribeiro da Silva,Wilson do Carrinho,False
g2422,Alessandra Cristiane Monfrenato,Alessandra Monfrenato,False
g24225,Edneide Santos de Souza Fonceca,Bil,False
g24233,Adroaldo Jose Sokolovski,Adroaldo,False
g24258,Jose Mario Custodio,Ze Mario Custodio,False
g2426,Ines Giordani Longo,Ines Giordani Longo,False
g24290,Nylson Bonfanti,Nylson,False
g24297,Cleide Aparecida Fagotti,Cleide Fagotti,False
g24303,Edinir da Aparecida Sutil,Edinir do Restaurante,False
g24309,Elisabete de Souza Pereira,Polaca do Assentamento,False
g2431,Nilson Marcos dos Santos,Nilson Urso,False
g24350,Josiel Vasconcelos,Josiel Vasconcelos,False
g24385,Rondinele Inacio da Silva,Rondinele Silva,False
g24399,Vanderlei Corneau,Vanderlei Corneau,False
g24403,Sirlene de Lima Tapia de Oliveira,Prof Sirlene,False
g24408,Patricia Pinto Barbosa,Patricia Barbosa,False
g2441,Sebastião Rodrigues Gomes,Tiãozinho do Sindicato,False
g24417,Cláudio Alexandre Terra Prado,Cláudio Prado,False
g24448,Carlos Rodrigues,Carlão,False
g24462,Jenyfer Patricia Ramos,Jenyfer Ramos,False
g2450,Sidinei Aparecido Sampaio,Sidnei Sampaio,False
g24526,Marcio Rogerio Biscola,Biscola da Van,False
g24546,Emerson Pillonetto,Emerson,False
g24573,Genival Martins,Val Martins,False
g2459,Juliano Cesar Teixeira,Professor Juliano Lanches,False
g24595,Sesóstris Filipe Armstrong Oliveira,Sesóstris,False
g24623,Jair Maia da Silva,Jair Maia,False
g24627,Edina Pereira Queiroz Barone,Professora Edina Barone,False
g24628,Keila Fabiana Marim,Keila Marim,False
g2464,Sandra Vieira,Sandra Vieira,False
g24649,Moacir Maxcimovicz,Moacir do Rincão,False
g24662,Mario Pascoal Dolinski,Dolinski,False
g24668,Jacir Acordi,Jacir Catarina,False
g24671,Luciana Guzella Rafagnin,Luciana Rafagnin,False
g24674,Miguel Ribeiro Stepenoski,Miguel Stepenoski,False
g24679,Luiz Carlos Braz,Luiz Braz,False
g24706,Velci da Costa Queiroz,Velci Queiroz Cabeleireiro,False
g24710,Lucia Aparecida do Nascimento Silva,Lucia Aparecida do Nascimento,False
g24725,Geovani Alves Teixeira,Giovani do Bar,False
g24726,Sananda Antunes Chemure,Sananda Chemure,False
g24734,Nilton Aparecido Stein,Prof Nilton Stein,False
g24743,Rosiclei Salete Martini,Pedagoga  Rosiclei,False
g24747,Rosana Godoy da Silva,Rosana do Clemente,False
g24766,Daniel Domingos Pereira,Daniel Pereira,False
g24771,Jilberto Saroba,Jilberto Saroba,False
g24781,Sandra Mara de Araujo,Sandra Araujo,False
g24791,Nilceu Natalino Cavalheiro,Nilceu Cavalheiro,False
g24813,Cassio Francisco Rosa,Cassio do Zé Rosa,False
g2482,Luiz Antonio Maciel,Chorinho da Vila,False
g24839,Pedro Imar Mendes Prestes,Pedrinho,False
g24878,Marcos Vinicios Kloster,Professor Marcos Kloster,False
g24900,Ariadne Carla de Almeida da Silva,Ariadne Almeida,False
g24903,Lore Sickorra Langer,Lore Langer,False
g24930,Rosemari Ferreira,Rosemari Ferreira,False
g24964,Leonardo Heverton Nascimento,Léo Heverton,False
g24981,José Mário Ravagnani Junior,Junior Lanches,False
g24996,Joao Evangelista da Silva,Joao do Ps,False
g25003,Elza Aparecida Barbosa Romoda,Elza Romoda,False
g25005,Cleusa Maria Galdeano da Silva,Cleusa Galdeano,False
g25030,José da Luz Fachin,Professor José Fachin,False
g25043,Antonio Carlos Gonçalves,Carlos da Coronel,False
g25046,Ana Queiroz Pedro,Professora Ana Queiroz,False
g25077,Edison Afonso Domingues,Taquinha do Fandango,False
g25098,Roni Oliveira Zangrande,Roni Zangrande,False
g25116,Neiva Santa Vanucchi Rebussi,Neiva do Hospital,False
g25129,Lazaro Valentim Borges,Professor Lazaro,False
g25143,Marcos Fernando Bolincenha,Marcos Fernando,False
g25148,Rivadal Donizete Padilha,Rivadal do Pt,False
g25194,Claudia Servidone,Claudia Servidone,False
g25195,Dilso de Almeida,Dilso Moreno,False
g25214,Adriana Sincero,Adriana do Pompéia,False
g2522,Fernando Thiago Scappini Acosta,Fernando Acosta,False
g25224,Wilson Padilha de Oliveira,Wilson Padilha O Homem do Povo,False
g25237,Maria de Fatima das Chagas,Maria de Fatima,False
g25244,Nanias Luis Machado,Nani Machado,False
g2526,Willian Cezar Bonatelli da Silveira,Willian Bonatelli,False
g25267,Maurício Franco Pereira,Mauricio Franco,False
g25278,Humberto José Pedra González,Pedra,False
g25296,Daniela Adriana Simermann,Adriana,False
g25299,Reginaldo Voinaski,Reginaldo Voinaski,False
g2532,Josimar de Oliveira,Gordo,False
g25325,Eduardo Ferreira dos Santos,Eduardo Encanador,False
g25360,Roberto Severo de Oliveira Neto,Roberto Neto,False
g25391,Eder Carlos Rossetti Oliveira,Eder Rossetti,False
g25402,Irineu Senkio,Neutio Senkio,False
g25411,Rodrigo Edling Ribeiro,Rodrigo Edling Rodraw,False
g25436,Filomena Terezinha Zamboni Schelegel,Filomena Schelegel,False
g25450,João Alves Ferreira,Joãozinho da Áudio Tech,False
g2546,Sandra Aparecida Tullio da Silva,Sandra,False
g25462,Jocelei Ribeiro de Campos,Jocelei Campos,False
g25467,Jose Roberto de Matos,Maguila,False
g25508,Cleomara Derkoski,Cleomara Derkoski,False
g2551,Roberto Luiz Brotti,Brotti,False
g25516,Marcos Roberto Banhara,Marcos Banhara,False
g2553,Joao Maciel de Matos,Joao de Mattos,False
g25548,Roni Marcio Fais,Professor Roni,False
g25551,Doraci Tavares Mazzo,Dora Mazzo,False
g25612,Rodinei Luiz Rodrigues de Campos,Rodinei,False
g25629,Ademir Domingos de Oliveira,Ademir de Oliveira,False
g2566,Germano Devanil dos Santos,Germano da Lagoa Seca,False
g25704,Edna dos Santos Sousa,Miss Preta,False
g2573,Nathan Gabriel Diniz dos Santos,Nathan,False
g25732,Dionatas de Oliveira Brito,Dionatas Brito,False
g25765,Miguel da Rocha Arruda,Miguel Arruda,False
g25786,Suzelaine Costa da Silva,Suzy Costa,False
g25818,Renato Zeni Fagundes,Professor Renatinho,False
g25834,Antonio Rodrigues dos Santos,Vaca da Saúde,False
g25856,Roberto Almeida do Nascimento,Robertinho,False
g25864,Marlene de Castro,Marlene de Castro,False
g25873,Adair Antonio de Lazari,Jacó,False
g25889,Claudio Rufino,Claudio Rufino,False
g2591,João Batista Ilhéus,Batista,False
g25915,Elizabeth Mara Kauche Calçavara Baptista,Beti Calçavara,False
g25939,Valmir Araujo,Valmir Sinuca Bar,False
g25951,Rosalino Basse,Basse,False
g25961,Vanilson Matias de Oliveira,Vanilson do Primavera,False
g25970,Valter Bueno de Camargo,Vartão Eletrecista,False
g25972,Emerson Fabiano Gomes da Silva,Emerson do Pt,False
g2599,Wilson Bezerra da Silva,Wilson da Saúde,False
g25992,Maria Soares Nunes Bittencourt,Maria Gaúcha,False
g26012,Oscar dos Santos Souza,Oscar Cara Seca,False
g2607,Carlos Otaviano dos Santos,Carlinhos da Zeze,False
g26079,Marcos dos Santos Padilha,Marcos Padilha,False
g26080,Keren Polyana Barreto de Oliveira,Keren Barreto,False
g26086,Eliel Pereira da Silva,Eliel da Saúde,False
g26135,Cleonice Martins Padilha,Cleo Padilha,False
g26158,Celso Silva de Alexandre,Celsinho da Garagem,False
g26170,Serli Teresinha Pruni,Serli,False
g26176,Valdinei Borges Machado,Dinei do Taboão,False
g26181,Gilberto dos Santos,Gilberto Santos,False
g26193,Jose Leandro Paulino da Silva,Zelão,False
g26201,Oney Alves Ferreira,Oney Alves Ferreira,False
g26209,Jose Rodrigues Lemos,Prof. Lemos,False
g26227,Jacira dos Santos,Jacira,False
g26253,Fábio Adriano Sa Costa,Fábio Costa,False
g2628,Simone de Fátima Félix da Silva,Simone Félix,False
g26283,Ildo Goulart,Ildo Goulart,False
g2629,Everton Lula Coradin,Everton Lula,False
g26291,Gilberto Monteiro,Gilberto,False
g26300,Daime Cruz,Daime Cruz,False
g26307,Gilsomar Silva Alonso,Gilson,False
g26328,Edson Bernardo do Nascimento,Pretinho,False
g2633,Ana Julia Pires Ribeiro,Ana Júlia,False
g26336,Marcia da Silva Francisco Franco,Marcia do Pesqueiro,False
g26348,João Pedro Fritsch Cararo,João Cararo,False
g26351,Licindo Moreira de Souza,Licindo,False
g26361,José Valter Castanha de Almeida,Tutessane,False
g26387,Adelar Pereira da Silva,Neguinho da Balsa,False
g26397,Alcides Rosa,Tide Rosa,False
g26459,Maria Aparecida Alves Luiz,Maria do Gino,False
g2647,Volmar Rodrigues de Morais,Preto,False
g26483,Bruno Osmil Bux,Bruno Bux,False
g26508,Terezinha da Aparecida Praxedes dos Santos,Tere do Ratão,False
g26526,Cícero Pereira de Souza,Professor Cícero,False
g26544,Maria Aparecida Martins de Oliveira,Maria Martins,False
g26548,Simone Gomes dos Santos,Simone Enfermeira,False
g26552,Paulo Evandro Aparecido Santos Camargo,Vando Camargo,False
g26558,Marcelo Lopes de Miranda,Marcelo Lopes,False
g26564,Vacilina Kovalski da Silva,Professora Rita,False
g26574,Jose Soares Filho,Zé da Madeireira,False
g26576,Ademir Weber,Ademir Weber,False
g26591,Marcos Jordan Romagnolo Vichesi,Marcos Jordan,False
g26596,Marcelino Vieira de Freitas,Marcelino,False
g26616,José Domingos da Silva,Zé Domingos,False
g26639,Rivael Reryg Marcolino,Rivael Marcolino,False
g26644,Celso da Veiga,Celso da Veiga,False
g26652,Rone Aparecida Quirino,Rone,False
g26653,Ana Rosa Rausis,Ana Rosa Rausis,False
g26664,Veronica Aparecida Martins Pereira,Veronica da Padaria,False
g26683,Carlos Alberto Pezzini,Carlinhos Pezzini,False
g26712,Elisabethe Wahlbrinck Jauer,Professora Elisabethe,False
g26725,Janete de Fatima Segato dos Santos,Janete Segato,False
g2673,Jair Ferreira das Chagas,Jair do Sindicato,False
g26734,Mayra Inês do Carmo,Prof  Mayra do Coletivo Delas,False
g26749,Maria Jose Dias,Professora Maria José,False
g26761,Donizeti Palmeira,Professor Donizeti,False
g26764,Nilson Antonio Zanidin,Canidia,False
g26790,Joao Dinis Barbosa,Joao Dinis Barbosa,False
g26796,Rosenilda de Fatima de Oliveira Bozio,Missionaria Rose,False
g26799,Roberta Biembengutt Pedreiro da Silva,Roberta da Ancestral,False
g26815,Jose Luiz Nunes,Jose Luiz,False
g26828,Laureci Coradace Leal,Laureci Leal,False
g26852,Claudio Roberto Ramos,Claudio Roberto,False
g26858,Elísia Rodrigues Bueno,Elísia do Zaqueu,False
g26862,Mariza Padilha de Lima Staine,Mariza Staine,False
g26884,Joaquim Francisco Ramos,Tuti,False
g26892,Maria Célia Cortez Passetti,Professora Maria Célia,False
g26919,Tania Paternoli,Tania Paternoli,False
g26937,Elison Marcelo Scerbo,Marcelo,False
g26991,Valdecir Aparecido Teixeira,Valdecir,False
g26997,Valdecir Martins Pinto da Silva,Cacique,False
g27012,João Benedito Soares,Joãozinho Gaiteiro,False
g27025,Thiago Souza Correa,Thiago Correa,False
g27028,Lindalva Monteiro,Professora Linda Monteiro,False
g27055,Sergio Luiz Corrêa,Serginho do Pt,False
g27075,Leovir de Oliveira,Leovir,False
g27094,Juliana Barraqueiro,Juliana Barraqueiro,False
g27099,Marli de Fatima Mitkus Karasek,Marli Karasek,False
g2710,Cesar da Silva Oliveira,Cesar Silva Doutor,False
g27111,Jose Bialeski,Jose Bialeski,False
g27112,Luana Glaucea Dalgallo,Loana Dalgallo,False
g27143,Nanci Stancki da Luz,Professora Nanci,False
g27152,Vilma Rodrigues Pereira Ribeiro,Vilma Pereira,False
g2717,Edra Ferreira de Moraes,Edra Moraes,False
g27184,Vanderlei Schmidt,Vanderlei Schmidt,False
g27204,Jose Fabro,José Fabro,False
g27217,Jerri Adriani Querino,Jerri Adriani,False
g27236,Carlos Alberto Seibert,Professor Carlos Seibert,False
g27239,Brasilina da Silva Borges Estevam,Brasilina,False
g27242,Celio Valter Mendes,Professor Celio,False
g27244,Marli Salete Vieira,Tia Marli,False
g27246,Maria Jesus Ribeiro dos Santos,Dona Maria,False
g27250,Assis Francisco de Anhaia,Assis Anhaia,False
g27252,Pedro de Oliveira Almeida,Pedrinho Almeida,False
g27265,Tiago Antunes Rodrigues,Tiago do Assentamento,False
g27283,Regina Rodrigues Paiva Bonfim,Professora Regina,False
g27288,José Roberto Gomes,Zé Roberto,False
g27323,Alisson Alexandre dos Passos Saviani,Alisson Ratão,False
g2735,Francisco Eliseu Deorneles,Eliseu Deorneles,False
g27351,Admir Antonio Batista,Didi,False
g27354,Inês Marli Rech Xavier,Inês Xavier,False
g27356,Miguel Pereira dos Santos,Miguel Preto,False
g27357,Lourdes Carvalho de Lima Dias,Leila,False
g2736,Vanderlei Lima do Nascimento,Vande Nascimento,False
g27362,Rogerio da Cunha Aquino,Rogerio Aquino,False
g27366,Genuino Lopes Duarte,Genuino,False
g27376,Antônia Galvão da Cunha Farias,Pedagoga Toninha,False
g27388,Mayka Wogue Carneiro Rodrigues,Mayka Wogue,False
g27398,Greicieli dos Santos Silva,Greici do Mirão,False
g27410,Jair Rocha dos Santos,Jair do Cairi,False
g27418,Marcos Antonio da Silva,Marquinhos  Borracheiro,False
g27427,Renato Eder Munhoz,Renato Munhoz,False
g27446,Wagner de França,Wagner Capacete,False
g27478,Antonio Gomes de Paula,Tonho,False
g27504,Sirlei Rodrigues,Sirlei,False
g2751,Valdecir Sulzbacher,Valdecir Sulzbacher,False
g27514,João Costa de Oliveira,João Costa,False
g27515,Grazieli Aparecida de Azevedo,Grazieli,False
g27518,Rivadávia Ferreira Coutinho,Riva,False
g27526,Nelson Silva de Souza,Nelsão da Força,False
g27551,Adriana Baccin Lopes,Adriana Baccin,False
g27555,Danilo Ribeiro,Professor Danilo,False
g27575,Gonçalino de Oliveira,Gonçalino,False
g27607,Vanessa Ferreira,Vanessa Ferreira Pt,False
g27618,Alex Galindo Ribeiro,Alex Galindo,False
g27623,Paulo Sérgio Domingos,Paulo Enfermeiro,False
g27646,Arilson Maroldi Chiorato,Arilson Chiorato,False
g27651,Gabriel Fernando da Silva,Gabriel Fernando da Silva,False
g27681,Leandro Vilmar Trevizanoto,Galo,False
g27695,Claudenir Rocha Gonçalves,Claudio Sane,False
g277,Antonio Zeferino,Tio Tonho,False
g27732,Weverton Aurelio Pimentel,Weverton Pimentel,False
g27738,Deni Bianchini,Deni Bianchini,False
g27764,Leonidas Oliveira Carneiro,Leonidas Oliveira Carneiro,False
g27775,Lucimara Aparecida dos Reis,Professora Lu Reis,False
g27780,Antonizete Assis da Silva Barbosa,Antonizete,False
g27787,Denise Destri,Professora Denise,False
g27795,Jessica Fernanda Ladislau Côco,Jéssica Côco,False
g27798,Luis Espricigo,Luis Cabra,False
g27816,João Afonso Bay,Pastor João Bay,False
g27822,Silvio Espinola,Silvio Espinola,False
g27823,Natanael Florentino de Barros,Natanael Rede,False
g27836,Jair Francisco Lopes,Jair Lopes  Jota Lopes,False
g27851,Lucilene Rosendo de Souza,Lu Rosendo,False
g2787,Roseli Teresinha de Oliveira,Roseli Oliveira,False
g27894,Fatima Lima de Carvalho,Fatima Radialista,False
g2790,Alex de Castro Tometiche,Alex Jardineiro,False
g27900,Antonio Machado de Jesus Filho,Machadinho,False
g27914,Sthefanny Belthencoor da Silva Barbosa,Sthefanny Belthencoor,False
g27927,Alex Schroeder da Silva,Alex Schroeder,False
g27936,José Aparecido de Oliveira,Cido,False
g2794,Maria Nelina de Barros Lima da Silva,Nelina do Lavacar,False
g27943,Elisandra Duarte Delfino,Elisandra Duarte,False
g27947,Teresinha Mendes Serapiao,Tere,False
g27981,Ismael Neckel,Ismael Neckel,False
g28008,Adriana de Souza Milarch,Adri Massoterapeuta,False
g28014,Cesar da Cruz Rodrigues,Thunai,False
g28020,Amarilson Fogaca,Fogaça,False
g28057,Espedito Manoel da Silva,Dito Pedreiro,False
g2808,Vicente de Andrade Cardoso,Vicente Cardoso,False
g28112,Reinaldo Pires,Nico do Passo Liso,False
g28128,Vanderlei Brizola,Vanderlei Brizola,False
g28138,Milton Rodrigues da Silva,Miltinho,False
g28164,Jenes Bueno,Jenes Bueno,False
g28168,João Correia dos Santos,João Ceará,False
g28179,Ivan Junior Fonseca,Ivan Junior,False
g28180,Valdemar Cordeiro,Tiririca Dois,False
g28191,Samuel Juliano Lemos Rancatti,Samuca Lemos,False
g28192,Ludi Evelin Moreira dos Santos,Evelin Moreira,False
g28198,Raiane Cristina Batista da Silva Basílio,Raiane Cristina,False
g28200,Jorge Luiz da Silva Oliveira,Jorge Lopes,False
g28216,Josete Dubiaski da Silva,Professora Josete,False
g28221,Fabio Gean Carneiro,Fabinho da Bica,False
g28224,Delair de Lima Leandro,Delair Cia Bar,False
g28247,Nelci Rita Pereira Santos,Nelci do Chiquinho,False
g2825,Paulo Cesar dos Santos,Paulo Cascavel,False
g28272,Ivone Carvalho dos Santos,Ivone,False
g28295,Ildebrando Alves Padilha,Professor Ildebrando,False
g28327,Elizandra Fygsãnh Freitas,Elizandra Fygsãnh,False
g28329,Jandir Jose Teixeira,Jandir Teixeira,False
g28334,Gislaine Chaves,Gislaine Pitt,False
g28370,Vera Lucia Carvalho Borgo Bittencourt,Vera,False
g28375,Marines Santana de Almeida Rodrigues,Professora Marines,False
g28418,José de Moura Damiani,José Damiani,False
g28423,Rosangela Stefanovicz Wendrechoski,Rosangela Wendrechoski,False
g28429,Estéfani Helvig dos Passos,Estéfani Helvig dos Passos,False
g28438,Damarli Guarnieri,Professora Damarli,False
g28443,Francisco Trigueiro dos Santos,Tiquinho,False
g2846,Jefferson Luis da Silva,Jefão da Farmacia,False
g28509,Dorival Rodrigues,Cutiara,False
g28515,Amilton Silis Fumagali,Miltão,False
g28527,Gualter Ferreira de Castro,Professor Gualter,False
g28530,Ivanor Mann de Souza,Professor Ivanor,False
g2854,Valdeci Luis Worm,Valdeci do Guarani,False
g28544,Valdecir Ney Gentil de Paula,Formiga,False
g28545,Antonio Nilzo Nunes Pereira,Nil do Posto,False
g28557,Claudio João de Araujo,Claudinho Frentista,False
g2856,Frank Wilhams Duarte Alves,Frank Duarte,False
g28587,Gerson Laerte da Silva Vieira,Gerson Paraná Solidário,False
g28588,Ediele da Silva Ferreira,Ediele Ferreira,False
g2860,Alfredo Flores,Alfredo Flores,False
g28607,Edson de Oliveira Teixeira,Edson Negão,False
g28609,Fabio Antonio dos Santos,Fabio Máquinas,False
g28613,Julio Larios Rosseto,Julinho do Rogério,False
g28632,Ludovina Plaça,Bina do Assentamento,False
g28640,Luciana Souza Sguerre,Luciana,False
g28656,Edinei Batista Francisco,Dr Edinei,False
g28657,Demari Camargo da Silva,Demari,False
g28660,Gerson Matiuchenko,Gerson Matiuchenko,False
g28680,Everson Cesar da Silva,Jaburu,False
g28686,Viviane Cristina Marreiro,Viviane Marreiro,False
g28731,Cleonice Clemente da Silva,Preta,False
g28766,José Paulo de Souza Brito,Paulo Garçom,False
g288,Sergio Kuita Rodrigues,Sergio Kuita,False
g28803,Welinton Real,Welinton Real,False
g2881,Israel Soares da Cruz Junior,Juneira,False
g28819,Ivair Juncoski,Ivair Juncoski Bota,False
g28842,Fernando da Silva Delgado,Fernando Delgado,False
g28846,Ademar Henz,Nico,False
g28853,Lilian Lorena Saddock de Sa,Professora Lilian Saddock,False
g28855,Valmiro Mendes de Matos,Valmiro Matos,False
g28862,Ivo da Silva,Ivo Timóteo,False
g28871,Mario Gonçalves,Gordo da Pá,False
g28872,Diuliana Claudia Baratto,Profe Diuli,False
g28877,Edimara dos Santos Farias,Edimara Farias,False
g289,Rosalia Sousa Santos,Rosalia da Asso,False
g28902,Carlos Roberto Pedro da Silva,Kaka,False
g28908,Fernando Mantuvamni,Mantuvamni,False
g28935,Valdira dos Santos Brum,Enfermeira Valdira,False
g28943,Jairo Gomes Veloso,Jairo Veloso,False
g29,Fernanda Schuastz,Fernanda,False
g29010,Sidinei Ferreira,Sidi,False
g29081,Roberto Augusto de Almeida,Roberto Professor,False
g29088,Gisele Maria Munhoz Knupp,Gisele Knupp,False
g29123,Vilmar Messias de Lima,Professor Wilmar Messias,False
g29139,Edson Lelis Gonçalves,Neguinho Violeiro,False
g29159,Carlos Alberto Campos,Tuchê da Garagem,False
g29174,Jorge Zavacki,Jorge do Assentamento,False
g2918,Jose Vicente da Silva,Zequinha,False
g29186,Graciele Aparecida Rodrigues,Grazi Carteira,False
g29195,João Batista da Paz Vieira,João do Espetinho,False
g29207,Orlindo Torquato Fernandes,Orlindo Torquato Fernandes,False
g29217,Ramão Antunes Brizola,Brizola,False
g29226,Wagner Vitorino Gionco,Wagner Enfermeiro,False
g29241,Ualiid Hussein Ali Mohd Rabah,Ualid Rabah,False
g29250,Valter Aparecido Farfus,Valter Magrão,False
g29289,Maria Clara Rezende de Carvalho,Maria Clara Rezende Carvalho,False
g29295,Osair de Almeida Pereira,Osair Pereira,False
g29341,Fatima Cantuario da Silva,Fatima Cantuario,False
g29369,Elaine Cristina Zabott Potzik,Prof Elaine Potzik,False
g2937,Erica Cristina Machado Bueno,Erica Cristina,False
g29462,Ailton Gomes Teixeira,Ailton do Assentamento,False
g29463,Eder Domingos da Cruz,Eder Perninha,False
g29471,Pedro Borges do Nascimento Neto,Pedro Borges,False
g2949,Carlos Moreira,Carlos Serafin,False
g295,Cláudio Miranda de Morais,Prof Cláudio Miranda,False
g29524,Iliane Severo Nack,Iliane Severo Nack,False
g29532,Fabieli Mangger,Prof Fabieli Mangger,False
g29544,Manoel Messias Guimarães,Léo,False
g29547,Maicon Nogueira,Maicon Nogueira,False
g29555,Robielson Ramos Barreto,Robielson Barreto,False
g29565,João Batista de Novaes,João Novaes,False
g29592,Regina Perpetua Cruz,Regina Cruz,False
g29598,Alice Brodai Ribeiro,Alice,False
g29616,Henrique Antunes Rodrigues,Henrique Rodrigues,False
g29649,Ediones Nowakowski,Dione da Central,False
g29652,Josely Aparecida Ribas Maciel,Jô Ribas,False
g29653,Luciana Bertacchini Moreira Doldan,Professora Luciana Moreira,False
g29689,Jefferson Rocha de Lima,Jefferson Rocha,False
g2969,Leandro da Silva,Leandro Nicolin,False
g29711,Hélio Pereira da Silva,Hélio do Bar,False
g29716,Clovis Vieira Velho,Kaki,False
g29719,Odair da Cruz Pereira,Preta,False
g29743,Marianna dos Santos,Professora Marianna,False
g29745,Sônia de Fatima Schlickmann,Sônia Schlickmann,False
g29753,Fabio Agenor Veiga,Fabio Pampa,False
g29756,Osvaldo Alves de Araujo,Prof Osvaldo Araujo,False
g29769,Andreia da Silva Rosa,Andreia da Silva,False
g29778,Antonio Ferreira de Jesus,Antonio Peito Roxo,False
g29790,Dejair de Jesus Padilha,Dejair de Jesus Padilha,False
g29797,Valdomiro Ivatiuk,Preto Ivatiuk,False
g29806,Daiane Gusmão Morais,Daiane Morais,False
g29816,Norberto Moimaz,Norberto Moimaz,False
g29824,Beatriz de Alcantara Silva,Bia Alcantara,False
g29848,Cesar Augusto Albuquerque,Cesar Ganso,False
g29852,Miguel Javoski,Miguel da Cooperativa,False
g29857,Vitor Gonçalves Pereira,Vitor do Pt,False
g29875,Josoel Sebastião da Silva,Jose do Seisso,False
g29888,Elizabeth Moura Larentes,Beth Assistente Social,False
g29898,Rozana Korczak,Jana do Assentamento,False
g29946,Lourival dos Santos,Lourival do Posto,False
g29955,Edina Felizardo,Edina Felizardo,False
g29958,Milton José Ferreira,Milton José Ferreira,False
g30005,Rejane Aparecida de Barros,Professora Rejane,False
g30016,Ilgo Rintzel,Alemão da Reciclagem,False
g30045,Duilio do Rocio Pereira Nascimento,Duilio do Pt,False
g30055,Diego Scherides dos Santos,Dieguinho da Vila,False
g3011,Silvia Regina Piovezan,Silvia Piovezan,False
g30110,Marisa Aparecida Possatto Stormoski,Marisa,False
g3014,Anderson Rosa dos Santos,Anderson Rosa,False
g30146,Elisangela Valentin do Nascimento,Lia,False
g30178,Angela Patrício de Melo,Angela do Marabá,False
g30185,Douglas Cardoso Antunes,Douglas Negão,False
g30197,Valdemir Antonio de Macedo,Miro da Saúde,False
g30217,Ricardo de Oliveira,Professor Ricardo,False
g30234,Nancy Cury da Silva,Nancy Silva,False
g30243,Luiz de Souza,Luizão do Pt,False
g30248,Joao Roberto da Silva,Joao Roberto,False
g3025,Luis Carlos de Camargo,Luis do Coletivo Popular,False
g30307,Cleonice Pereira dos Santos,Cleonice da Renovação,False
g30311,Jessica Oliveira Borges Ferreira,Jessica Baiana,False
g30327,Jose Paulo de Souza,Paulo Segurança,False
g30368,Francisco Cristino de Oliveira,Baiano do Táxi,False
g30372,Carlos Alberto Vizzotto,Beto Vizzotto,False
g30382,Jhonathan Matheus da Silva,Jhonathan Matheus,False
g30399,Maria Aparecida de Oliveira,Prof Maria Aparecida Guega,False
g30401,Valdir Inocencio,Dentinho,False
g30415,Anisio Aparecido Cordeiro,Nizão,False
g30422,Terezinha de Oliveira Silva,Terezinha,False
g30449,Lediani Teresinha de Moraes Lasta,Lediani Lasta,False
g30450,Leandro Henrique Minotti Fernandes,Dr Leandro Minotti,False
g30485,Felipe Mulatti de Azevedo,Felipe Mulatti,False
g305,João Israel Pereira Pinto,Dr Israel,False
g30516,Luiz Carlos de Oliveira,Dego,False
g3054,Geisi Leidiane Castanha,Geisi Castanha,False
g30560,Iles Vanderleia de Oliveira,Bida,False
g3057,Ederson Batista Becker,Dinho Becker,False
g3061,Elizabeth Dutra da Silva,Elizabeth Dutra,False
g30616,Jair Mariote,Jair Mariote,False
g30625,Dirce Queiroz Vieira,Dirce Queiroz Dona Nene,False
g30641,Elcio Antunes da Silva,Elcio do Galo,False
g30644,Lauro Marcelino Barbosa Filho,Enfermeiro Lauro,False
g30659,Julio César Valaski,Júlio Valaski,False
g3066,Marcio Mauri Kieller Gonçalves,Marcio Kieller,False
g30663,Giovana Catarina de Souza,Giovana Catarina,False
g30666,Marcelo de Oliveira,Marcelo de Oliveira,False
g3067,Roberto Pereira da Silva,Dê do Zitão,False
g30702,Paulo Henrique do Nascimento,Paulo Nascimento,False
g30705,Regiely Peixoto Tomé,Regie Peixoto,False
g30726,Juliano Alves dos Santos,Juliano Alves,False
g30740,Joao Pedro Campos,Joao Pedro,False
g30742,Valter Kraçoski,Valtinho Kraçoski,False
g30754,Sergio Saraiva de Oliveira,Evangelista Sérgio,False
g30793,Luiz Carlos Opata,Luiz Opata,False
g30799,Rodrigo Jose Tereza,Professor Rodrigo,False
g30835,Leandro de Souza Leal,Leandro Leal,False
g30840,Anderson da Silva Bastiani,Anderson,False
g30846,Janete Aparecida Rodrigues de Oliveira Kufner,Janete,False
g30876,Celço Antonio Grabovski,Celsinho,False
g30897,João Aparecido Miranda,João Miranda,False
g309,Carlos Roberto Scalassara,Carlos Scalassara,False
g30905,Ivonete da Aparecida Matoso Niser Ferreira,Professora Ivonete,False
g30926,Daniela Kunrath da Luz,Dani Kunrath,False
g30944,José Rodrigues,Zézinho,False
g30948,Marlene Alonso Sales Faustino,Marlene,False
g30952,Humberto Boaventura da Silva,Humberto Candidatura Coletiva,False
g30960,Valdemar Mendonca dos Santos,Valdemar Zael,False
g30977,Rosane Mendes,Pita,False
g3099,Luiz Carlos da Silva,Luiz Carlos Padre,False
g31001,Helena Madalena da Silva,Helena do Marabá,False
g31003,Osmar Martins Rodrigues,Osmar Martins,False
g31031,Thiago Justi Foltran,Thiago Foltran,False
g3105,Lourdes Nunes Machado,Lurde Machado,False
g31054,Carlos Alberto Rigonato,Rigonato,False
g3108,Alex Oliveira da Conceição,Alex Oliveira,False
g3109,Lucas Gabriel Ribeiro de Souza,Beiço,False
g31095,Everton Luiz Dobner,Everton Dobner,False
g31119,Fernanda Lima,Fernanda Lima,False
g31123,Ismael Natalicio de Piza,Ismael Piza,False
g3113,Florencio Voznei,Florencio,False
g31136,Rosane de Fátima dos Reis,Prof. Rosane,False
g31139,José Aparecido Soares,Fião da Sobaico,False
g31194,Andre Kollenberg,Andre Kollenberg,False
g31205,Alceu Arcine,Polaco do Vidro,False
g31219,Ezequiel Casadei,Zequiel,False
g31230,Luiz Carlos Domingos de Souza,Neguinho Beija Flor,False
g3124,Jurandir Castanho,Tinga,False
g31298,Zulmeia Aparecida da Silva,Professora Zulmeia,False
g31302,Fernanda Miranda Macagnann,Professora Fernanda,False
g31306,Katia Regina Murbach Nogueira Vidal,Professora Katia Vidal,False
g31313,Valdelir da Silva Freitas,Baixinho,False
g31344,Izaias Leite,Izaias Leite,False
g31379,Osvaldo Marinho Novaes,Osvaldo Marinho,False
g31386,Marciele Rodrigues dos Santos Garcia,Marciele Rodrigues,False
g31403,Patrícia Maria Rodrigues,Professora Patrícia,False
g31413,Carlinhos Teles da Silva Junior,Teles,False
g31426,Moises Mauricio de Campos,Moises Campos,False
g31438,Izabel de Araújo Pereira,Izabel Araújo,False
g31445,Elias do Amaral,Jacaré,False
g31453,Romulo Ceccon Barreiros,Romulo Ceccon,False
g31509,Marlene Fatima dos Santos,Marlene Fatima,False
g31526,Reginaldo Aparecido Rasteiro,Reginaldo Rasteiro,False
g31529,Silvio Marcos dos Santos,Professor  Silvio,False
g31552,Alessandra da Silva,Alessandra da Silva,False
g31558,Luciana Cordeiro de Azevedo,Luciana Azevedo,False
g31570,Valdomiro Vidal,Professor Miro Vidal,False
g31577,José de Jesuz Izac,Zé Izac,False
g31614,Davi Mariano,Davi,False
g31634,Kleber Teixeira Ditikun,Kleber Ditikun,False
g31660,Neusa Aparecida Siqueira,Neusa,False
g31662,Paulo Henrique da Silva,Henrique do Espetinho,False
g31666,Alexandre Castanha Glaeser,Alexandre Castanha,False
g3167,Antonio Marcelino Favoreto,Toninho Leiteiro,False
g31670,Oscar Gomes Ferreira,Oscar Gomes,False
g31684,Benedita Isabel dos Santos,Benedita,False
g31694,Paola Pedrette Borges,Paola Pedrette,False
g31715,João Alves Farias,João Alves Farias,False
g31717,Osmar Debastiani,Debastiane,False
g3172,José Antônio Costa,Professor Zé Antônio,False
g31722,Sidinei Dalmolin,Sidinei Dalmolin,False
g31724,Fernando Aron Becker Junior,Fernando  Becker,False
g31747,Claudinei Narcizo,Claudinei Narcizo (Cabelo),False
g31792,João Carlos de Araujo,Professor Zizo,False
g31819,Elizangela da Silva Fortunato,Ponesa,False
g31848,Leonete Maria Spercoski Ribas,Léo Ribas,False
g31864,Valdecir Antonio Morschheuser,Parabolica,False
g31886,Ozorio Borges Neto,Ozorio Borges,False
g31932,Jean Carlos da Cruz Gonçalves,Jean dos Bolos,False
g31949,Diego Harmatiuk,Diego Harmatiuk,False
g31952,Nadia Aparecida de Souza Paula,Nadia Professora,False
g31984,Wagner da Silva Becker,Wagner Becker,False
g3199,Devanil Pereira Costa,Devanil,False
g32003,Tatiana Nanci da Maia,Tatiana Maia,False
g32043,Simoni de Cassia Lazzaretti,Simoni Lazzaretti,False
g32068,Emercon Roberto e Lima,Emercon Lima,False
g32075,Diogo Leonardo Colombari,Diogo Colombari,False
g32088,Jose Maria Diniz,Ze Camelô,False
g32089,José Carlos Caetano,Zé Carlos,False
g32095,Itamar Schwingel,Itamar Schwingel,False
g32127,Maria Diva de Oliveira Martins,Diva Paim,False
g32128,Patrik Fabricio Carneiro Vieira,Patrik Fabricio,False
g3213,João Luis Sprotto,João Sprotto,False
g32137,Valnei Francisco de França Filho,Valnei França,False
g32174,Fernando Luiz Louffagem,Nando do Salao,False
g32181,Rodrigo Jose Caldas,Rodrigo Caldas,False
g32182,Fabio Willian Fernandes,Fabio Fernandes,False
g32191,Alcemir Oliveira da Cruz,Alcemir Eletricista,False
g32192,Jociel Dalpra,Jociel Dalpra,False
g32234,Lucas Henrique de Jesus Mendes,Lucas,False
g32237,José Alceu Orestes,Alceu Orestes,False
g3224,Sidinei Antonio Pagno,Sidinei Pagno,False
g32248,Marcia Maria Portes,Márcia Portes,False
g32250,Gicele Xavier Couto,Professora Gicele,False
g32304,Marcilene Geraldo,Marcilene André Lanches,False
g32336,Maria Olivia Latronico Areco,Maria Olivia Areco,False
g32341,Edna Simone da Silva,Simone Tia do Bar,False
g32342,Edenilson Teixeira dos Santos,Pedro Henrique,False
g32344,Cristiane de Oliveira Braga,Cristiane Braga,False
g32363,Eulalia dos Santos,Eulalia do Restaurante,False
g32374,Jose Osvaldir Cordeiro Bueno,Jose Bueno,False
g32382,Luciana Eloy Salles,Baduina,False
g32424,Guiomar dos Santos,Professor Guiomar,False
g32457,Tatiane Navroski,Professora Tati,False
g32470,Celso Derkach,Careca,False
g32476,Denise Aparecida Novaki,Denise Novaki,False
g32496,Gerson Luiz Quadros Silva,Gerson,False
g32497,Eliaser da Silva Leite,Farmácia,False
g3253,Antônio Carlos Bueno,Toninho Bueno Mecânico,False
g32532,Francisco Carlos Correia,Fubá,False
g32554,Luiz Paternoli,Paternoli,False
g32577,Jaqueline Hardt Silveira,Jaque Hardt,False
g32589,Erick Marcelo Guizoni,Erick Belle Guizoni,False
g3263,Deborah Maria Zanchi,Dra. Deborah Zanchi,False
g32639,Olivir José Prestes de Macedo,Olivir Macedo,False
g32642,Cristian Rodrigo Muller,Professor Cristian,False
g32655,Luciana Tardetti Maltezo,Lu Maltezo,False
g32670,Arildo Mariano,Arildo Escrivão,False
g32714,João Batista,João do Miro,False
g32738,Joseane Chrun Telles,Joseane,False
g32739,Marcos Antonio Folador,Marcos Folador,False
g32742,Vilma Martelli,Vilma Martelli,False
g32765,Luis Pozzolo,Luis Pozzolo,False
g32789,Vanderli Hoffeman,Vandeco da Educação,False
g32810,Renata Borges Branco,Renata Borges,False
g32816,Genivaldo Fernandes de Meira,Genivaldo,False
g32829,Jose Carlos Salles,Salles,False
g3283,Mauro Lemos,Mauro Lemos,False
g32831,Edite Prates Souza,Edite,False
g32852,Jose Aparecido Barbosa de Oliveira,Zezão da Rodoviária,False
g32902,Retieli Aparecida da Silva,Retieli,False
g32915,Luiz Antonio de Andrade Alves,Luiz Antonio Batera,False
g32977,Roberto Hrivnak Junqueira,Roberto Junqueira,False
g32993,João Batista dos Santos,João Batista,False
g32994,Maria Teresinha Greth,Maria Greth,False
g33021,Manoel Paulino da Silva Neto,Mane Tequila,False
g33030,Claudemir Esquerdo Corral,Mimi,False
g33036,Franciele Martins da Silva,Franciele Martins,False
g33049,Loredi da Silva,Loredi da Silva,False
g33071,Elza Pires Bertoldo,Dona Elzinha,False
g33074,Almerinda Tomaz da Rosa,Almerinda,False
g33103,Moises Amaro Costa,Professor Moises,False
g33104,Joao Alziro Brilhante,João Branco,False
g33127,Jose Claudio Pereira da Rocha,Cláudio Moura Rocha,False
g33128,Joãozinho Santana,Joãozinho Santana,False
g33151,Maltinho Beira Gonçalves,Negão Carneiro,False
g3316,Antonio Smokanitz,Tonhão,False
g33160,Lourdes do Carmo Braholka Schwartz,Lourdes,False
g33192,Rodimar Alexandre Dombroski,Rudi Dombroski,False
g33224,Rosenilda de Jesus Ribeiro de Lima,Rosy Ribeiro,False
g3324,Ercilia Bachega,Ercilia Bachega,False
g33297,Antonio Trizotti,Antonio Trizotti,False
g33301,Joao Ribeiro da Cruz,Dão Pedreiro,False
g33324,Joubert Roque dos Santos,Gilbertinho Mão de Pau,False
g3334,Nacyr Cury,Nacyr Cury,False
g33345,Reni Pereira da Silva,Reni,False
g33346,Ian Martin Vargas,Ian Vargas,False
g33359,Jose Alves dos Santos,Negão do Sete,False
g33367,Noel Marques,Noel Marques,False
g33377,Elaine Cristina Brighenti,Elaine Brighenti,False
g33382,Nivaldo Alves,Nivaldo do Costa Rica,False
g3340,Cristiane Aparecida Wainer,Cris Wainer,False
g33403,Maria Molina Gimenez,Maria Molina,False
g33420,Suian Paiva Coutinho,Suian Paiva,False
g33442,José Carlos Maquea Portas,Maquea,False
g3345,Ivanildo Holanda Padilha,Alemão Padilha,False
g33450,Assir Claudino de Arruda,Assir do Oscar Negrao,False
g33460,Sidnei Frazatto,Sidnei Frazatto,False
g33471,Izaac da Silva,Professor Izaac,False
g33486,Maria Guilhermina da Luz Caetano,Professora Maria Guilhermina,False
g33488,Jatir Ceconi,Jatir Ceconi Tilico,False
g33501,Elena Pires Salustriano Gomes,Elena Gomes,False
g33512,Jovina Renh-Ga Donato de Oliveira,Jovina Kaingang,False
g3353,Jaime Moura da Silva,Tequinha da Melancia,False
g33533,Odair Bento dos Santos,Pezão,False
g33549,Fabiana Muniz de Aguiar,Fabiana do Pt,False
g33552,Sebastião dos Santos,Japonês,False
g33578,Ariel Cristiano Born,Serpa,False
g33584,Milton Marques,Lacerda,False
g33631,Jane da Silva,Jane Silva,False
g3364,Valdecir Rizzo,Valdecir Rizzo,False
g3365,Anderson Geovane Tambaruci,Anderson Rato,False
g33657,Maria Odete Ramires Niehues,Maria Odete,False
g33667,Jose Cirineu Machado,Zé Cirineu,False
g33677,Roberto Requiao de Mello e Silva,Roberto Requião,False
g33695,João Maria Bueno,Nene Bueno,False
g33699,Antonio Felix de Souza Filho,Sarnei,False
g33724,Quiteria Alves da Silva,Quitéria,False
g33727,Rosangela Silene Cypriano Niimoto,Luana Cypriano,False
g33741,Helena Priscila Pereira de Melo,Priscila Melo,False
g33756,João Aparecido Monteiro,Picolé,False
g33772,Thays Julianny Teixeira Pinto Domingues Bieberbach,Thays Bieberbach,False
g33794,Sandra Regina Landgraf,Professora Sandra Landgraf,False
g33795,Ordelei Munhos dos Santos,Ordelei Munhos,False
g33814,Fernanda de Azevedo,Fernanda da Lula,False
g33816,Luiz Claudio Monzon,Luiz Claudio Monzon,False
g3384,Derli dos Anjos Pedroso Bueno,Derli dos Anjos,False
g33855,Sinval Ferreira da Silva,Sinval Silva,False
g33865,Sérgio Augusto Gomes Ferreira,Sérgio Gomes,False
g33867,Adriano do Nascimento Moreira,Bidé,False
g33871,Maria Leonilda Barbosa da Silva,Léo,False
g33886,Geraldo Algemiro da Silva,Geraldo,False
g33905,Edelaide Correa Galon,Layde Galon,False
g33916,Edson Armando Silva,Professor Edson,False
g33927,Alzira Tolin Reis,Alzira Tolin,False
g33963,Emerson Lino Gouveia,Professor Emerson,False
g34001,Claudemir Edson Tobias,Caubi da Vila,False
g34002,Walter Santos de Oliveira,Waltão,False
g34007,Telma Aparecida da Silva de Lima,Professora Telma Lima,False
g34015,Arlete Teresinha Stefanoski,Arlete do Sindicato,False
g34017,Adelino Ohse,Adelino Ohse,False
g34023,Fatima Aparecida Marcelino de Lima,Fatima do Turismo,False
g34026,Judith Blum Oliveira,Judith Blum,False
g34087,Ademir Dias,Churrasco,False
g34095,Marli Dalvanso Cabral,Marli Dalvanso,False
g34100,Maria Lucilene da Silva,Lucilene,False
g34109,João Carlos de Oliveira Piraí,João Carlos Piraí,False
g3413,Sirineu Aparecido Pereira,Sirineu,False
g34173,Simoni Gomes dos Santos,Simoni,False
g34183,Clarice Cechet Mendes,Clarice Mendes,False
g3421,Maria Angelica Xavier do Nascimento,Angela,False
g34248,Marlene Scapolan,Marlene,False
g34267,Robson Fernandes da Silva,Banana,False
g343,Teresinha Aparecida Cordeiro da Silva,Teresinha Cordeiro,False
g3431,Fatima Kostinski,Fátima Kostinski,False
g34312,Valdemir Ponte Sant Ana,Nene Sant Ana,False
g34320,Marcelino da Rocha,Marcinho Ferpa,False
g34327,Benedito Soares,Toninho,False
g34329,Luiz Carlos Sardeto,Luiz Sardeto,False
g34343,Henrique Koppen,Henrique Koppen,False
g34353,Janaina Ferraz da Silva,Janaina Lanches,False
g3436,Pedro Auri Faustino,Pedro Faustino,False
g34360,Rosana Araujo de Souza Barros,Rosana Barros,False
g34387,Leandro Rodrigues dos Santos,Professor Leandro,False
g3440,Adnilson Domingues,Adnilson (Mano),False
g34402,Rita de Cassia Ferreira Lins e Silva,Rita Lins,False
g34423,Cilso Fernandes,Cilso do Cairi,False
g34432,Helio Moraes de Jesus,Helio Moraes,False
g34433,Marcos Evandro Plassa,Marcos Neco,False
g34462,Diego Faustino Cena,Cena Touro,False
g34481,João Aquino Bueno,João Bueno,False
g34490,Jose Luiz Martins,Zézinho Matogrosso,False
g34498,Carlos Manoel de Moraes,Carlinho Moraes,False
g34504,Maria Vilma Suhetski Vitti,Maria Vilma,False
g34523,Cirineu Ribeiro dos Reis,Professor Cirineu Reis,False
g34542,Adelio Baltazar,Adelio Baltazar,False
g34620,Alaercio Sales,Pelé,False
g34656,Antonio Oliveira de Moura,Antonio Oliveira,False
g3467,Eder Carlos Pereira Pinto,Eder Pinto,False
g34673,Simone Barbosa,Professora Simone,False
g34699,Yasmin Victoria Souza Hachem,Yasmin Hachem,False
g34709,Francisco Acácio Nazaré de Souza,Chico da Guabiroba,False
g3471,Alexandre Ferreira de Castro e Silva,Alexandre  Coletivo Londrina,False
g34710,Nilson Alberto Monteiro,Nilson Monteiro,False
g34717,Aparecida Viana de Oliveira Arruda,Cida Arruda,False
g34729,Nilvo Ferreira,Nilvo Ferreira,False
g34731,Loreci Antunes de Oliveira,Loreci,False
g34739,Aparecido Godoi,Cido Godoi,False
g34742,Wilson de Oliveira Rocha,Wilson Cabelo,False
g34758,Jose Edemir Iagas,Zé Daservas,False
g34767,Marcelino Mendes,Marcelino Mendes Crioulo,False
g34775,Denise Cardoso Bueno,Professora Denise Bueno,False
g34785,Fabricio Dolla dos Santos,Fabricio Mala,False
g34786,Eloir Francisco Gottert,Eloir Francisco Gottert,False
g34805,João Airton Paulista,Professor João Paulista,False
g3481,Crislayne Fernandes dos Santos,Crislayne,False
g34817,Ozias Moreira dos Santos,Ozias do Sindicato,False
g34835,Márcia Cristina dos Santos de Souza,Professora Márcia,False
g34851,Celso Ribeiro Barbosa,Celso do Mst,False
g34852,Marcelino Rodrigues Batista Filho,Marcelino Rodrigues Batista Fi,False
g34860,Volmir Sabbi,Volmir Sabbi,False
g34867,Maria do Carmo de Campos,Carmem Campos,False
g34876,Andre Lucas Mafalda Vargas,Andre Vargas,False
g34885,Marlete Rocha da Silva,Marlete,False
g34888,Bruna Carla de Camargo Pontes,Bruna Carla de Camargo Pontes,False
g34893,João Martins de Freitas,Prof João,False
g34917,Cleverson Luiz Machado,Cleverson do Joel,False
g3492,Cleci Maria Chaves Polidorio,Vó Cleci,False
g34963,Viviane Martinelli,Viviane Martinelli,False
g34967,Luiz Ernani da Silva Filho,Ernani Filho,False
g35006,Lurdes Berca da Silva Itikava,Lurdes Berca Assistente Social,False
g35009,Agenor Correia Ferreira,Agenor Correia,False
g35022,Marilene Biavati,Tuca,False
g35032,Rosangela Lazarim,Rosangela Lazarim,False
g35035,Wilson do Nascimento Rodrigues,Wilson do Nascimento Rodrigues,False
g35053,José Reinaldo Antunes Carneiro,Prof. Reinaldo,False
g35078,Vanderlei de Lima Proença,Vandinho Proença,False
g3511,Geraldo Custodio Gomes,Ge,False
g35155,Cintia Mara Lopes de Souza,Cintia Mara,False
g35157,Michele de Fatima Nascimento,Professora Michele,False
g35160,Osvaldo Januario Saturno,Saturno,False
g35166,Lorram Jose Rodrigues,Lorran Bovo,False
g35169,Marcelly Maria Leder,Marcelly Leder,False
g35170,Danil Junco Machado,Danil,False
g35172,Pedro Jorge Daudt,Pedro Daudt,False
g35187,Andreia Ventura de Oliveira,Andreia,False
g35189,Sheila Tinfel Cordeiro,Sheila Tinfel,False
g35191,Marina Vennek Borges,Marina,False
g352,Camila Aparecida de Lima Costa,Camila,False
g35206,Angelo Carlos Vanhoni,Angelo Vanhoni,False
g35212,Karolyne Laide Figueiro Rodrigues,Karol Tattoo,False
g35229,Eunice de Campos,Professora Eunice,False
g3523,Cristina Nantes,Cristina,False
g35232,Jose Divoneis Vida,Cutia,False
g35235,Joaquim Martins Cardoso,Cardoso,False
g35241,Altamir de Souza Abreu,Altamir do Táxi,False
g35262,Sandra Mara Martins Pereira,Mara Martins,False
g35289,Josué Ferraz da Silva,Josué Ferraz,False
g3531,Priscila Teixeira,Priscila Teixeira,False
g35319,Vicente dos Reis Francelino,Vicentão do Rincão,False
g35398,Edison Luis Palhano,Luizinho do Pt,False
g35413,Isabel Cristina Diniz,Isabel Diniz,False
g35425,Laurinda de Lima Araujo,Laura do Chapadao,False
g35432,Nelson Joaquim de Oliveira,Batazinho,False
g35435,Angélica Aparecida da Silva,Angélica do Geladinho,False
g35439,Adão Schmidt Papi,Professor Adão,False
g35441,Denize Sant Anna,Professora Denize,False
g35450,Ana Lucia Alves dos Santos Araújo,Ana da Saúde,False
g35465,Elaine Gessimara Davies,Professora Elaine,False
g35471,Darci Fagundes,Darci Fagundes Costela,False
g35488,Soeli Miranda,Soeli Miranda,False
g3550,Eliane Gadomski,Eliane Gadomski,False
g35548,Miriam de Lima,Miriam de Lima,False
g35565,Roberto Carlos de Souza,Roberto Carlos do Pt,False
g35567,Maria Aparecida dos Santos Pinheiro da Silva,Cida Fonseca,False
g35582,Pedro Davi Fontoura,Pedro Fontoura,False
g35599,João Scaliante,João Scaliante,False
g35618,Roberson Paluski Silva,Robinho da Ambulância,False
g35639,Neudes da Luz Santana,Neudes,False
g35647,Cristina Lemes Generoso Alves,Cristina Lemes,False
g35653,Valdir José da Silva,Cocada do Terminal,False
g35679,Pedro Adir de Oliveira,Adir Mateus,False
g35695,Edson Calixto de Andrade,Polaco,False
g35711,Willian Douglas de Carvalho,Willian Carvalho,False
g35714,Lilian Mozer,Lilian Mozer,False
g35715,Nilda de Araújo,Nilda de Araújo,False
g35743,Nelson Matiuchenko,Nelson - Matiuchenko,False
g35745,Jaqueline Carolina Bacarin Gonçalves,Jaqueline Bacarin,False
g35767,Airton Marques,Airtão Marques,False
g35771,Josival Moreira da Silva,Josival Moreira,False
g35791,Albino Lorenzett,Bino Lorenzett,False
g35815,Luciane Cruz,Professora Luciane Cruz,False
g35857,José Souza dos Santos,José da Ocupação,False
g35872,Lenir Nunes de Almeida,Enfermeira Lenir,False
g35897,Eduarda Jankauskas Gois,Duda Jankauskas,False
g35898,Neilor de Oliveira,Neilor,False
g3590,Edson Pereira Gonçalves Junior,Junior Falak,False
g35917,Roseli Helena Pereira Sobral,Roseli Sobral,False
g35947,Renato dos Santos Klhen,Renato Klhen,False
g35982,Jorasi Matias Borges,Jora Borges,False
g36017,Anderson dos Santos Ribeiro,Tete da Lojinha,False
g36033,Rosemeire do Carmo Cardoso Spricido,Meire Enfermeira,False
g36047,Lucimar Ribeiro Moço,Professora Lucimar,False
g36051,Clayton Jonathan Bitencourt,Banha,False
g36055,Gilvando Lial de Farias,Professor Gilvando,False
g3608,Marcio Pinheiro Barbosa,Marcio Barbosa,False
g36094,Jose Rossi da Silva,José Rossi,False
g36106,Jose de Oliveira de Souza,Zé Branco,False
g36110,Joao Ruiz Vidigal,Fuinha,False
g36111,Lindomar Chaves de Jesus Cordeiro,Lindomar Chaves,False
g36115,Francisca Mikota de Oliveira,Chiquinha Mikota,False
g36118,Wilson Jose de Oliveira,Wilson Tatu,False
g36123,Mario Sergio Simiao,Mario Sergio,False
g36133,Renata Battisti,Renata Battisti,False
g36137,Cleide Coutinho,Cleide do Salão,False
g3614,Anisio Tavares Ribeiro,Anisio Tavares,False
g36177,José Nilson dos Santos,Nilsinho,False
g3618,Jose Reinaldo Messias Santos,Zezão Quati,False
g36194,Ronaldo Batista Boiko,Ronaldo Boiko,False
g36214,Manoel Messias Pereira dos Santos,Messias e Coletivo do Lula,False
g36219,Roseli Aparecida de Lima Joba,Rose do Dide,False
g36246,Angela Maria dos Santos Souza,Angela do Nil,False
g36253,José Edson Raimundo da Silva,Pernambuco Padeiro,False
g36299,Samuel Vichetti,Samuel Vicheti,False
g36318,Marcia Alves Espelho Gonçalves,Marcia Espelho,False
g36322,Marcelo Aparecido dos Santos,Marcelo Madalena,False
g36331,Nelson Goncalves de Oliveira,Nelson Americano,False
g36336,Jose Carlos Becker de Oliveira e Silva,Zeca Dirceu,False
g36343,Graciele de Fatima Amaral,Professora Graci,False
g36371,Erica Renata Godinho,Erica Godinho,False
g36374,Aline Saragosa da Silva,Aline,False
g36381,Vicente Moscinski,Vicente Cabeleireiro,False
g36401,Nelson de Oliveira,Nelsinho,False
g36402,Vilmar Correia,Bodega,False
g36411,Rosa Litka,Rosa Litka,False
g36427,Onofre Porto,Onofre Porto,False
g36431,Edevandir Correa Faria,Pelézinho Edevandir,False
g36454,Julio Cesar Leonardi,Julio Leonardi,False
g36458,Aleixo Princival,Aleixo Princival,False
g36516,Bruno Edgar Rodrigues dos Santos,Bruno Índio,False
g36518,Maria Luzia Silva Carvalho da Costa,Luzia,False
g3652,Clebson Ferraz da Silva,Clebson Ferraz,False
g36527,Veronica Aparecida Piovesan,Professora Veronica,False
g36570,Antonio Azevedo dos Anjos,Antonio Motoboy,False
g366,Milsa Vieira,Professora Milsa,False
g36645,José Irã Leite Soares,Zeca Soares,False
g36651,Ney Leao Coelho,Ney do Assentamento,False
g36662,Gilmar Oliveira de Aguiar,Gilmar do Zé Baiano,False
g36670,Elenir Terezinha Graeff,Elenir,False
g36698,Paulo Henrique Gonçalves de Oliveira,Paulo Henrique da Viola,False
g36703,Valter Antonio Pereira,Valter do Pt,False
g36749,Jose Antonio Corna,Jose Corna,False
g36779,Flavia Adriana de Oliveira,Flavia,False
g36785,Joanilson Taques,Brilhante,False
g3679,Miriam Luiza Souza,Miriam da Maristela,False
g36806,Wanderley Lopes Paranhos,Paranhos Terapeuta,False
g36843,João Aparecido da Silva,Janga,False
g36846,Ronaldo Souza Gomides,Prof Ronaldo,False
g36853,Alexsandro Andreghetto dos Santos,Alex Dj,False
g36855,Maria Cristina Ramos,Cris Ramos Bem Coletivo,False
g36880,Rodrigo Marques Sass,Rodrigo Marques,False
g36909,Jean Kleuber Novais Sá Teles,Professor Jean,False
g36914,João Ferreira,João dos Cabritos,False
g36943,Edilson de Paula Bomfim,Edilson Bomfim,False
g36955,Sebastião de Souza Junior,Tiãozinho Pedreiro,False
g3698,Senivaldo Belarmino dos Santos,Seninha da Agricultura,False
g3700,João Henrique Ernesto de Andrade,João Henrique,False
g37005,Dilceu Colasso dos Santos,Dilceu Colasso,False
g37011,Neide Pinheiro da Rosa de Freitas,Neide da Ummar,False
g37022,Gilmar Castanho,Gilmar Castanho - Sorriso,False
g37035,Syrlene Aparecida de Moraes,Professora Syrlene,False
g37051,Valdirene Claudino de Souza,Val,False
g37062,Jucie Parreira dos Santos,Juciê Parreira,False
g37070,Miguel Saif,Saif,False
g37074,Adriana Lewitzki,Adriana da Casa da Cultura,False
g37078,Maria Josefa Frazão Cassemiro,Maria Vendedora,False
g37112,Daiane Graziele Fonseca Gois,Daiane Gois,False
g37132,Gerson França,Padre Gerson,False
g3716,Dimair Jose Maciel,Dimas Maciel,False
g37177,Adriano Cardoso,Adrianinho da Vila Sete,False
g37210,Ivo Wrublewski,Ivo Wrublewski,False
g37221,Solange Moreira,Solange Moreira,False
g37234,Alexandre Amor de Oliveira,Alexandre Amor,False
g37235,Paulo Sergio Portero de Oliveira,Paulinho Borracheiro,False
g3724,Domingos Feliciano de Carvalho,Domingão,False
g37251,Nelson Luiz Pena,Professor Nelson,False
g37265,Rosa de Lima Machado,Rosa Meira,False
g37279,Claudinei Luiz Macedo,Claudinei Macedo,False
g3729,Aparecida Aleixo da Silva,Aparecida Aleixo,False
g37291,Elza Maria da Cruz,Elza,False
g37296,Sebastião Pereira,Sebastião Profeta,False
g37309,Luiz Carlos Flauzino,Luizinho da Farmácia,False
g37311,Rosemir da Cruz Machado Graciano,Rose do Jorjão,False
g37321,Aderbal de Holleben Mello,Aderbal,False
g37325,Emerson Luiz Prestes,Alegrinho,False
g37329,Antonio Eloi de Bairros,Antonio,False
g37381,Gislaine França,Gislaine França,False
g37397,Luiz Inácio Lula da Silva,Lula,True
g37406,Cidelia Rosa de Lima,Cidelia,False
g37410,Antonia de Fatima Ferreira Gomes,Fátima Costureira,False
g37426,Ivanildo Silva de Souza,Ivanildo,False
g37440,Wesley Rodrigo Rossi,Wesley Rossi,False
g37459,Dejair Schettert,Dejair Brasil,False
g37479,Fernanda de Melo Souza,Fernanda Melo,False
g37488,Roberto Angelo de Oliveira,Roberto Oliveira,False
g3751,Tiago Henrique da Silva,Tiago Eletricista,False
g37512,Kelen Dionisio Bustos,Kelen Bustos,False
g37520,Marcelo Pereira Ravaneli,Marcelo Ravaneli,False
g37531,Ivone de Camargo,Ivone Camargo,False
g37535,Stella Maris Nápolis,Stella Nápolis,False
g37548,Pedro Cordeiro das Neves,Pedro Neves,False
g37550,Inisvaldo Lopes Flausino,Investigador Lopes,False
g37556,Irineu Martins Tosta,Irineu Martins,False
g37559,Gonçalina da Silva,Nega da Proteção,False
g37602,Kalamy Caroline dos Santos,Amy Caroline,False
g37623,Gleisi Helena Hoffmann,Gleisi,False
g37648,Amadeu Pires,Amadeu,False
g37663,Leila Cristina de Oliveira,Pinga,False
g37669,Eziquel de Oliveira,Eziquel de Oliveira Quéio,False
g37725,Ivonete Costa Moreira,Ivonete da Jesus,False
g3774,Sebastião Fibes,Bastião,False
g37742,Celio Rodrigues Camargo,Reverendo Celio,False
g37743,Orlando Stavinski,Orlando Stavinski,False
g37746,Regiane do Carmo Santos,Regiane Juntos Somos + Fortes,False
g37782,Elias Rodrigues dos Santos,Elias Rodrigues,False
g37787,Gilmar Barbieri,Professor Gilmar,False
g37805,Carlos Alberto Zanchi,Professor Carlos Zanchi,False
g37824,Antonio Carlos do Nascimento,Bananinha,False
g37829,Sebastiao Morao do Amaral,Chalera,False
g3784,Noeli Aparecida Santos Carneiro,Noeli da Associação,False
g37843,Aparecida Reis Barbosa,Professora Cida Reis,False
g37845,Fernanda Fiori dos Santos,Fernanda Fiori,False
g37871,Cleide Lindamir Tortelli,Cleide da Padaria,False
g37872,Luís Stronchek,Luís Stronchek,False
g37878,José Dovanir Pasquini Ferro,José Ferro,False
g37896,Carlos Barbosa,Carlão,False
g37915,Rosalina Apolinario,Rosa do Caiçara,False
g3792,Marcelo Galdino Pereira,Marcelo Galdino,False
g37937,Claudir Antonio Bee,Claudir Bee,False
g37942,Reinaldo Meneses de Oliveira,Nato Nobre,False
g37955,Pedro Bento de Oliveira,Pedro Bento,False
g37959,Hélio Schimieguel,Professor Hélio,False
g37961,Daiane Vaz,Daiane Vaz,False
g37964,Vilson Rodrigues de Carvalho,Fininho,False
g37980,Eliton  Edilson Furquim,Prof. Eliton,False
g37990,Michel Rocha Rodrigues,Pixinga,False
g38003,Nauton Ferreira da Penha Junior,Nauton Junior,False
g38007,Reginaldo Aparecido Alves,Zicão,False
g38072,Antonio Antunes da Maia,Antonio Maia,False
g38080,Gildo Luiz de Lima,Gildão,False
g38081,Aline Renee Benigno dos Santos,Professora Aline Renee,False
g381,Lazaro Aparecido Dutra Faleiros,Lazinho,False
g38101,Marcelo Rak,Marcelo Rak,False
g38153,Thais Aparecida Pelisson de Oliveira,Thais Oliveira,False
g38160,Celso Ferraz dos Santos,Celso Ferraz,False
g38167,Jordana Cristina Sandri,Jordana,False
g38169,Paula Vicente Rodrigues,Paula Vicente,False
g38180,Admilson de Souza,Cristiano Fiscal do Povo,False
g382,Cristiana Aparecida Portella,Cris da Bell Eventos,False
g38203,Cristiane Marques Rodrigues,Cris Marasky,False
g3821,Ivanilda Caetano,Pitú,False
g38212,Rivair José de Oliveira,Riva,False
g38213,Eliane Foss,Eliane Foss,False
g38218,Marcia Cristina Silverio,Professora Marcia Cristina,False
g38239,Edneia Súniga Marchette,Néia Marchette,False
g38249,Marcia Lourenço da Silva,Marcia Gata,False
g38250,Claudenir Antonio Rocha,Neguinho da Padaria,False
g38266,Edna Vanilda Pereira,Edna Vanilda,False
g38291,Kelly Regina Rodrigues de Oliveira,Kelly Oliveira,False
g38297,Fabiane Tainara de Campos Borth,Fabi de Campos,False
g38353,Lodair Jose Camargo de Oliveira,Daio Camargo Baitaca,False
g38359,Lorete Oss Emer de Oliveira,Lorete,False
g38371,Cristiano Francisco da Silva,Cris Silva,False
g38379,Silmara Aparecida de Oliveira Ferreira,Mara Costureira,False
g38404,Roberto Dimas Garcia Correa,Professor Roberto,False
g3843,Antonio Alves da Cruz,Antonio Cruz,False
g38430,Cesar Kazuo Yasoyama,Kazuo Yasoyama,False
g38451,Kelly Rodrigues,Kelly Rodrigues,False
g38461,Serly Aparecida Mattos,Serly Mattos,False
g38473,Roseclei Pazin,Roseclei Pazin,False
g38488,Sandra Maria da Silva,Sandra do Pt,False
g38506,Ari João Hartmann,Ari Motorista,False
g38523,Cicero de Goes Vaz,Circinho Goes,False
g38549,Neivo Borsatto,Neivo Borsatto,False
g38564,Jose Maria Pereira,José Maria,False
g38569,Rita de Cássia Lopes Lé,Rita Lopes,False
g38590,Romildo Aparecido Alves,Romildo Catador,False
g38627,José Soares Peixoto,Zezão do Bar,False
g38641,Josias Goncalves,Josias,False
g3865,Luiz Gustavo de Melo,Luis Gustavo,False
g38651,Dino Almir Dressler,Dino Almir,False
g38657,Claudemir de Chaves,Claudemir Chaves,False
g38660,Adair Rodrigues da Silva,Rodrigo Tur,False
g38668,Elizana da Silva,Fiona da Saúde,False
g38684,Izabel Socorro de Franca,Izabel Paranhos,False
g38686,Luiz Carlos de Carvalho,Luiz do Pt,False
g38705,Antonio Paiano,Antonio Paiano,False
g38708,Vanira Luiz,Vanira,False
g38718,Paulo Sergio Luciano,Serginho,False
g38733,Joao de Almeida Marques,Joao Ceara,False
g38749,Willian dos Santos de Brito,Prof Willian de Brito,False
g38791,Marcos de Paula e Silva,Marcos Fotografo,False
g38805,Juraci Cezar Bezerra,Preto Bezerra,False
g38815,Anderson Rafael Beraldi,Anderson Taé,False
g38816,Jose Francisco Bernardino,Chico Preto,False
g38838,Paulo Sergio Nascimento Carvalho,Teté do Povão,False
g38847,Adair Jose Pereira Matos,Adair da Stop Marte,False
g38855,Reginaldo Adriano Ferreira,Reginaldo Pedreiro,False
g38866,Eleandro de Morais Vieira,Eleandro Vieira O Fera,False
g38867,Tatiane Vieira,Tatiane Vieira,False
g38878,Walter Celestino Silva,Walter Xibiu,False
g38887,Cleonice de Fatima Tavares,Nice Corretora,False
g38890,Edilene Mantovaneli Rodrigues,Edilene,False
g3890,Ivo Marcolina,Professor Ivo,False
g3893,Vagner de Oliveira Rodrigues,Vagner Esquilo,False
g38930,Rosaria Barboza Lopes do Nascimento,Rosária Nascimento,False
g3894,Angelino Carneiro da Silva Júnior,Angelino Júnior,False
g38948,Rosângela dos Santos Guilherme,Rosângela Guilherme,False
g38994,Adao Antunes de Lara,Adao de Lara,False
g39008,Marli de Fatima Belarmino Soares,Marli Soares,False
g39017,Sergio Vesco,Professor Sergio Vesco,False
g39028,Carlos Emar Mariucci Junior,Emar Mariucci,False
g3904,Anir Candiotto Paladini,Anir Paladini,False
g39050,Vanderley Dias Hernandes,Vanderley Dias,False
g39055,Rosely Alves Boy,Rosy Boy,False
g39091,Oseas Ferreira Ribas,Pastor Oséias,False
g39105,Jesuel Luiz Moreira,Gambeta,False
g3912,Sandro Honorato de Franca,Sandro Honorato,False
g39132,Patricia Mendes do Prado,Patricia do Prado,False
g39144,Claudio Ivan Nordt,Claudio Nordt,False
g39151,Francisco José de Lima,Seu Chico,False
g39154,Adenilson Maroldi,Adenilson,False
g39160,Alex Alves Pereira,Nain,False
g39161,Elizabete de Oliveira Olleros,Bete Olleros,False
g3917,Elpidio Lima dos Santos,Elpidio Pescador,False
g39175,Luciana Aparecida da Costa,Professora Luciana,False
g3918,Tania Aparecida Gaspareto,Tania Gaspareto,False
g39203,Noemia Silveira de Aguiar,Noemia das Parabolicas,False
g39216,Ana Maria Furquim da Silva,Dona Ana,False
g39225,Douglas Batista do Nascimento,Douglas do Uber e 99,False
g39228,Ivanir de Fatima da Rosa,Ivanir Rosa,False
g39246,Dulcilene Barbosa Vicente,Dulce,False
g3926,João Paulo Lacerda Rocha Mehl,João Paulo Mehl,False
g39267,Lourenco Assolini,Lourenco Assolin,False
g39286,Lucas Machado,Lucas,False
g39299,Jucemara dos Santos,Ju do Quilombo,False
g39329,Silvana Aparecida Mendes,Silvana Mendes do Mercado,False
g39331,Keila Mari de Lima Marques,Keila Marques,False
g39382,Silvio Lucas Derenevic da Cruz,Silvio Lucas,False
g39383,Rita de Cássia Correia Santos,Rita Correia,False
g39396,Nássara da Silva Elias Borges,Professora Nássara,False
g39408,Sidinei Rosa de Lima,Sidinei Bilu,False
g39415,Natani Caroline Bezerra Timoteo,Natani,False
g39441,Luiz Alberto Ribeiro dos Santos,Luiz da Nicinha,False
g39444,Luiz Fernando Anhaia,Fernando do Hot Dog,False
g39451,Everton Roncaglio,Dr Everton,False
g39464,Anastacia Francener,Tácia Francener,False
g39486,Ilda Martins da Silva,Ilda de Matos,False
g39493,Valdecir Pereira Figueiredo,Valdecir Tê,False
g39501,Miriam Justi Vicente,Professora Miriam,False
g39504,Benedito Alves da Silva,Benedito Silva,False
g39523,João Nelson de Azeredo,João Azeredo,False
g39534,Luzia de Fátima Bortoli Acete,Luzia Bortoli,False
g39538,Laureli Honoria Guimaraes da Silva,Professora Laura,False
g39559,Gilberto Carvalho Filho,Gilberto Carvalho,False
g3956,Rubem Lauro de Mélo,Dr Rubem,False
g39560,Vanderlei Crespim,Vanderlei,False
g39565,Airto Belle,Airto Belle,False
g39567,Evandro dos Santos,Vandinho,False
g3960,Clodoaldo de Almeida,Clodoaldo Sintracon,False
g39625,Osvaldo Sebastião da Silva,Osvaldinho,False
g39629,Clemerson Silva da Veiga,Clemerson Veiga,False
g3963,Claudionor Tironi,Tironi,False
g39636,Jane Marcia Vercezi,Professora Jane,False
g39674,Leonilda Ferreira de Lima,Leonilda Lima,False
g39676,Pedro Rafael Lima dos Santos,Pedro Rafael,False
g39689,Mauro Sergio Erdmann,Mauro Sergio,False
g3971,Altair Caitano,Altair Caitano,False
g39717,Nelson Hey,Nelson Hey,False
g39738,Valdecir Luiz Bolzon,Valdecir Bolzon,False
g39754,Lourival da Rocha Bernardi,Lolo,False
g39768,Julio Fatori Pires de Oliveira,Julio Fatori,False
g3977,Sirlei Pelo de Melo,Sirlei Melo,False
g39800,Odilon Ferreira de Miranda,Odilon Cantor,False
g39816,Ivonel Kovalski Wardenski,Ivo Wardenski,False
g39842,Aparecida do Nascimento Mota,Cida Mota,False
g39856,Elias de Paula Domingues,Elias Amendoim,False
g39857,Rodrigo Melonari,Prof Rodrigo da Saúde,False
g39873,Marcos Aparecido da Silva,Marcos da Cesta,False
g39901,Maurício Pereira de Oliveira,Dr Maurício Dentista,False
g39903,Dinora de Oliveira Santos,Dinora,False
g39907,Cleide Aparecida Borges,Cleide Borges,False
g39910,Wlademir Munhoz Livieri,Livieri,False
g39916,Benedito Dias de Carvalho,Dito Carrapicho,False
g39944,Wesley Serafim Rodrigues,Wesley Rodrigues,False
g39961,Pamela Maria Ramina Dubena,Pamela Dubena,False
g39967,João Pedro Hartmann,João Pedro,False
g39980,Edmundo Lopes,Edmundo Lopes,False
g40002,Jair Natal Ramalho,Jair do Lanche,False
g40013,Fabiana Ribeiro de Paulo,Fabiana,False
g40046,Carla Lorena dos Santos Rodrigues,Lorena,False
g40049,Joseli Maria Silva,Professora Joseli,False
g40051,Lindolfo Kosmaski,Lindolfo Kosmaski,False
g40056,Reginaldo de Freitas,Reginaldo de Freitas,False
g40064,Eli do Carmo Schubert Teodoro,Professora Eli,False
g40084,Silvestre Stesko Bugdanovicz,Silvestre do Pt,False
g40086,Jhonata Abreu Coelho,Prof Jhonata Coelho,False
g40096,Maiquio Gaspar da Silva,Maiquio Gaspar,False
g40104,Fabiane Dalzoto,Fabiane Dalzoto,False
g40108,Wagner Porto da Silva,Wagner do Frango,False
g40113,Neuza Matias Catarino,Fiô,False
g40117,Osmar Prandes dos Santos,Osmar Prandes,False
g40156,Marilucia da Silva,Prof Marilucia,False
g40205,Jairo Vicente,Jairo,False
g40210,Varli Terezinha de Faveri,Varli,False
g40214,Rosana Dias de Paula,Rosana Dias Cozinheira,False
g40232,Nelson Greguer,Nelson Greguer,False
g40238,Moacir Ferrarezi,Ferrarezi,False
g40249,Genoir Gomes da Macena,Genoir,False
g40278,Silvana de Mello Guzzo,Silvana Guzzo,False
g40280,João Pedro Cezar de Oliveira,João Pedro,False
g40290,Gabriel Ropelli Teixeira,Dr. Gabriel Ropelli,False
g40301,Adriane Fatima da Silva,Dani do Assentamento,False
g40316,Elaine Aparecida Marion Piovesan,Elaine Marion,False
g40318,Natanael Eduardo,Natanael Eduardo,False
g4032,João Machado,João do Leite,False
g40325,Allan Julio Guimaraes,Allan,False
g40352,Celso Alves de Figueiredo,Celso Figueiredo,False
g40355,João Tupã Pires de Lima,Joãozinho Vila Nova,False
g40366,Vanderlucia Dantas Pereira,Vanderlucia,False
g40386,Ironei de Oliveira,Nei da App,False
g40387,Maria Lúcia Monssão,Professora Maria Lúcia,False
g40388,Osmar Carlos Gebing,Osmar,False
g40393,Edileusa Rosa de Santana,Professora Dila,False
g40413,Marcio Cesar da Silva Kossar,Marcio Kossar,False
g40420,Marlene do Rocio dos Santos,Marlene Santos,False
g40436,Angelo Rossi,Angelo Rossi Macarrão,False
g40437,Ana Clara Basso da Silva,Ana Basso,False
g4044,Anderson Iraci Guimarães,Prof Anderson,False
g40441,Márcia de Fátima Bosquette Freires,Marcia do Pesqueiro Peinado,False
g40470,Alan Antonio de Campos,Alan da Farmácia,False
g40495,Maria Machado,Maria Machado,False
g40514,Pedro Xavier Dias,Pedro Xavier,False
g40523,Marcelino Dias Patricio,Chelo da Saúde,False
g4054,Antônio Dario Neto,Tonhão,False
g40582,Sergio Stefanoski,Stefanoski,False
g40590,Geraldo Cicero Dede de Castro,Dede de Castro,False
g40605,Ivan Bribis Rodrigues,Ivan Kaingang,False
g40616,Vitor Antonio Prodozzimo,Vitor Prodozzimo,False
g40618,Helio Arantes da Silva,Helio Arantes,False
g40623,Guilherme Pedrollo Mazer,Guilherme Mazer,False
g40635,Danilo Flausino de Campos,Danilão,False
g40656,Terezinha Olinda Lopes,Terezinha Lopes,False
g40658,Lais Aparecida Vasconcelos,Lais Vasconcelos,False
g40674,Ana Paola Ferreira Bueno,Ana Paola,False
g40675,Jose Eduardo Conte,Jose Eduardo Enfermeiro,False
g40679,Leonice de Fatima Pereira Sato,Nice Makoto,False
g4070,Valdinei Celestino Marques,Matemático,False
g40715,Jackson Rodrigues da Silva,Jackson Galileu,False
g40722,Davilson Marcelo Lupepsa,Marcelo Lupepsa,False
g40724,Edivone Zanchettin,Edivone Zanchettin,False
g40736,Nilto Alves Pereira,Tito,False
g40778,Mauro Rodrigues de Assunção,Mauro Paraguai,False
g40798,Cleissia Galvão dos Santos,Prof Cleissia Galvão,False
g40827,Valdecir Correia Neres,Valdecir,False
g40865,Nilza Padilha,Nilza Padilha,False
g40880,Adenilson Barbosa,Barbosa,False
g40884,Celia Gonçalves Gouveia,Celia Gouveia,False
g40895,Jaqueline Fernanda Machado,Jaqueline Machado,False
g40902,Valentina Rocha Virginio,Valentina,False
g40922,Ana Claudia Teles Inacio Silva,Claudia do Cidão,False
g40942,Paulo Cordeiro da Rocha,Paulo Rocha,False
g40945,Edivaldo Silva dos Reis,Edivaldo Reis,False
g4095,Sedinei Antonio Gonçalves,Sedinei Gonçalves,False
g40950,Maria Jose Martins,Maria do Pt,False
g40960,Nelson Maximowicz,Prof. Nelson Max.,False
g40971,Joab Jacometti de Oliveira,Joab,False
g40972,Tatiane Sembay,Prof Tati Sembay,False
g40976,Antonio Leandro do Nascimento,Tonho Motorista,False
g40989,Samuel Almeida da Silva,Samuca,False
g41002,Aparecido de Paula Vital,Raposão Padeiro,False
g41006,Lindamir Svidzinski,Lindamir -  Professora Linda,False
g41017,Sonia do Rocio Martins Baltazar,Sonia Baltazar,False
g41025,Antonio Carlos Koslowski,Antonio Koslowski,False
g4103,Cassiano Rafael dos Santos,Cassiano,False
g41056,João Batista de Oliveira,Joãozinho da Campina,False
g41059,Napilde Dias dos Santos,Napilde,False
g41060,Paulo Donizete Alves dos Santos,Soró do Ingazão,False
g4108,Leonice Rossi Uliane,Nice Uliane,False
g41104,Adenir Finger,Titio,False
g41106,Valdiceia Vieira Cesto,Val Vieira Cesto,False
g41160,Reinaldo Barbosa da Silva,Reinaldo,False
g41162,Ana Maria dos Santos,Ana Santos,False
g41167,Rosimara Capatti,Mara Capatti,False
g4118,Ana Paula Felix Lopes,Professora Ana Paula,False
g41182,Jose Neri Mendes,Neri Peixe,False
g41185,Alexandre Rubens Meira,Xandão,False
g41248,Edilza Viviane Francisco,Diretora Edilza,False
g41251,Marco Garcia Angelo,Marcao da Mabbam,False
g41253,Marlene Pilatti de Azeredo,Marlene Pilatti de Azeredo,False
g41273,Reinaldo Donizete de Brito,Reinaldo Afonso Camargo,False
g4128,Magali Conceição da Silva Torralbo,Magali Silva,False
g41282,Luiz Natalino dos Santos,Luiz Natalino,False
g41309,Alexandre Innani Justus,Alexandre Justus Nhonho,False
g41336,Vilson Fernandes,Vilson Fernandes,False
g41350,Antonio Ferreira do Carmo,Toninho da Santa Cecília,False
g41354,Luci Jahnel Savoldi,Luci,False
g41369,Clarice Terezinha Lunkes Forgiarini,Clarice,False
g41379,Suzana Linhares,Suzana do Assentamento,False
g41384,Celso Giacomini Fantin,Celso Fantin,False
g41386,Lucio Ernani Kovalski,Ernani Kovalski,False
g41400,Joao Nilton Barbosa dos Santos,Nilton Pintor,False
g41444,Celso Claudemir Ninno,Celso Ninno,False
g41473,Marta Drabeski,Marta Drabeski,False
g41479,Alicia da Silva Fonticoba,Alicia  Atleta,False
g41484,Benedito Pedro de Andrade,Benedito Pedro de Andrade,False
g41501,Francisco Carlos Domiciano,Fuba Pescador,False
g41510,Marcos Paulo da Silva,Marcos Eletricista,False
g41512,Poliana da Silva Delmiro,Poliana Delmiro,False
g41513,Lucas Leviski,Lucão,False
g41522,Nivaldo de Melo Noga,Nivaldo Noga,False
g41539,Valmir Jose Kleinibig,Valmir,False
g41565,Sidney Paulo Rodrigues Freitas,Sidney Freitas,False
g41576,Teofilo Prates de Souza,Teo do Bar,False
g41584,Florinda Aparecida de Oliveira,Florinda Oliveira,False
g41588,Jose Rodrigues da Silva,Formigão,False
g41597,Elias de Oliveira Ferreira,Formigão,False
g416,Dilto Vitorassi,Vitorassi,False
g4161,Martiniano Ribeiro França,Martin,False
g41628,Joao Leonir da Silva Nunes,Joao Nunes,False
g41656,Eduardo Antonio Guadagnin dos Santos,Eduardo Guadagnin,False
g41665,Tiago Rafael Marczal,Tiago Marczal,False
g41667,Jose Roberto de Freitas,Melancia,False
g41668,Simone Aparecida Carriel Furquim,Simone,False
g41675,Rosilene Arevalo Salustiano,Rosi do Assentamento,False
g41691,Luiz Alberto da Silva Amatuzzi,Mc Luiz Amatuzzi,False
g41693,Azizio Martins de Oliveira,Ziza,False
g417,Sidnei Aparecido de Castro,Nei,False
g4171,Gislene Boza Rodrigues,Gislene Boza,False
g41722,Flavio Fanucchi,Flavio Fanucchi,False
g41726,Waldir Reginaldo Wisnieski,Waldir Wisnieski,False
g41758,Francisca Ferreira Vicente,Professora Francisca,False
g4176,Mateus Guimarães Silva,Guimarães,False
g41781,Andreia de Freitas,Andreia,False
g41785,Patricia Jorge dos Santos,Patricia do Rafael,False
g4180,Andreia Ribeiro,Andreia da Lagoa,False
g41809,Heliton Rogerio Zimolog,Prof. Heliton,False
g4181,Mariza Canuto,Mariza Canuto,False
g41817,Rosildo Morais Santiago,Morais,False
g41820,Valeria Telles de Ramos,Valeria,False
g41834,Carlos Jose Almeida Parzwski,Pastor Carlos,False
g41836,Sirleia Aparecida de Alcantara Stuani,Sirleia Alcantara,False
g41868,Luiz Fernando Maciel Bastos Junior,Professor Luiz,False
g41873,Joao Vosnir Moreira da Silva,Carneiro,False
g41884,Antonio Inacio de Oliveira,Tonhão Severiano,False
g41890,Rosenilde da Silva,Rose da Silva,False
g41894,Paulo Braz de Almeida,Paulo do Lanche,False
g41927,Odair José Prestupa,Odair do Sindicato,False
g41930,Jaime da Silva Vieira,Jaiminho do Pt,False
g41953,João Eraldo Ribas dos Santos,Maradona,False
g41981,José Salomão Querino,Jose Salomão,False
g41985,Claudio Alves Fonseca,Polaco Capuxo,False
g42004,Carlos Santos,Carlinhos,False
g42008,Maria Gesiane Philipiak Rodrigues,Gesiane Philipiak,False
g42054,Grasiela Aparecida Rosa,Grazy Mais Coletivo,False
g42068,Catia Aparecida Basso,Prof. Catia Basso,False
g42070,Vilma Aparecida de Paula,Vilma de Paula,False
g42076,Deoclides Manoel da Costa,Kidão,False
g42080,Neuza Batista,Neuza,False
g42082,Vera Lucia Gonçalves,Vera do Espetinho,False
g42084,Angelo de Jesus de Oliveira,Angelo da Vila,False
g42091,Eduardo Antunes,Professor Eduardo,False
g42098,Danieli de Cassia Devhei da Silva,Dani,False
g42114,Helena Ferreira,Helena Ferreira,False
g42130,Maykon Douglas de Souza,Maykon da Poel,False
g42138,Vera Lucia de Oliveira,Vera da União dos Moradores,False
g42161,Edgar Fabiano Karaz,Edgar Fabiano Karaz,False
g42165,Cristiane Martins Santos Sartori,Cris Sartori,False
g42186,Ivete Zschornack,Ivete Instrutora de Transito,False
g42195,Adelsio de Andrade,Adelsio,False
g42235,Clarice Leriano Malentaqui,Clarice Malentaqui,False
g42236,Inês Pimentel,Inês Pimentel,False
g42256,Jose Henrique Garcia,Professor Henrique,False
g42261,Julio Cesar de Paula Rodrigues,Professor Julio Rodrigues,False
g42264,Miro dos Santos,Miro dos Santos Pt,False
g42298,Claudir Messias da Rosa,Dr Claudir Messias,False
g42303,Luiz Carlos Saqueto,Luizinho Saqueto,False
g42304,Elisete Ferreira Padilha,Elisete Ferreira,False
g42308,Antonio de Farias,Toninho Pintinho,False
g42325,Jacir Rodrigues Padilha,Dado Padilha,False
g42331,Joel Donizete de Oliveira,Joel da Alemoa,False
g42355,Paulo Ricardo Opuszka,Paulo Opuszka,False
g42363,Cleusa Fatima Polidoro,Cleusa Lucheze,False
g42378,Adailton Pereira Costa,Pastor Adailton,False
g42411,Bruno Cesar Garcia,Professor Bruno Garcia,False
g42442,Gaspar Luiz Schneider,Gasparzinho,False
g42446,Érico Antunes Corrêa,Corrêa,False
g42452,Osmar Orides Malavazi,Osmar Malavazi  Marinho,False
g42481,Selço de Oliveira,Selço de Oliveira,False
g42489,Anderson Eduardo Izac,Anderson Izac,False
g42492,Jerry Adriani Gomes,Jerry Adriani Gomes,False
g42499,Adinor dos Santos França,Adinor Polaco,False
g42527,Vanessa Souza Ortiz,Vanessa Ortiz,False
g42547,Jose Valdeci de Souza,Valdeci Pintor,False
g42551,Lisangela Borges de Campos,Lisangela Cuidadora,False
g42557,Azuir do Rosario Santos,Azuil do Rosario Santos,False
g42567,Carlos Alberto de Oliveira,Carlão da Radio,False
g42588,Carlos Cassaro,Carlos Cassaro,False
g42621,Jacqueline Parmigiani,Jacque da Casa das 13 Mulheres,False
g42625,Dálath Rayssa Freitas Santos,Dára Filha do Panda Funerária,False
g42627,José Assis do Nascimento,Zézinho do Dezoito,False
g42645,Camila dos Santos Coelho,Camila Santos,False
g42647,Gerson Rossetto,Professor Gerson Rossetto,False
g42664,Cleonice Veronica Sartori dos Santos,Cleo Sartori,False
g42687,Monia Andrezza Duarte dos Santos,Monia da Saúde,False
g42689,Ana Paula Lemes de Almeida,Ana Paula,False
g42695,Irineu Kempinski,Irineu Kempinski,False
g42697,Izabel Vieira Oliveira,Izabel,False
g42701,Edina Lidia Moreira Gonçalves,Edina do Leite,False
g42704,Milton Delazeri,Gaúcho,False
g42736,Olindo Cividini Filho,Olindo Vivente,False
g4275,Luiz Eskuarek,Luiz Eskuarek,False
g42788,Sirlene Rodrigues da Silva Nery,Sirlene Nery,False
g42826,Glades Helena Rossi,Glades Rossi,False
g42828,Rodrigo Aparecido Sampaio,Rodrigo Sampaio,False
g4284,Giovane Beira dos Santos,Giovane,False
g42851,João dos Santos Pedro,João do Lúcio,False
g42860,Raimundo Paulino Pereira da Silva,Raimundo do Sindicato,False
g42874,Claudete Martins Lopes,Claudete Borboleta,False
g42883,Almir Soares da Silva,Mirão da Granja,False
g4289,Kristina Toyoko Alves Murakame,Kristina Toyoko,False
g42891,Marcos Soares da Silva,Marcos do Pt,False
g429,Sebastiana da Silva Correa,Tiana,False
g42906,Valdir Inácio de Araujo,Cabelo,False
g42920,Andrea Marques Ribeiro,Andrea Marques,False
g42921,Gilson de Vasconcelos,Gilson de Vasconcelos,False
g42949,Leandro Ferreira da Silva,Neguinho Paraná,False
g42958,Ivalirio Nunes Farias,Valírio,False
g42965,Cinezio Ribeiro Marcelino,Cr Marcelino  Cinézio,False
g4298,Robson Pereira da Silva,Professor Robson,False
g42990,Alessandro Araujo Luiz,Bacana,False
g42998,Juliana Ferreira de Souza,Juliana Enfermeira,False
g43019,Silvanir Pereira Higino Sandrigo,Enfermeira Silvanir,False
g43058,Marildo Camargo,Marildo Camargo,False
g43061,Joaquim Gregorio Rausis,Joaquim Rausis,False
g43062,Eliacir Neves França,Lia,False
g43070,Jose Maria Pereira Junior,Dr Jose Maria,False
g43082,Amilton da Silva Barbosa,Amilton Barbosa Índio,False
g43083,Jussara Raquel Taborda de Avila,Professora Jussara,False
g43085,Darvin Garcia Correa,Darvin,False
g43094,Luciano Marcolin Ferreira,Luciano Marcolin,False
g43113,Celso Moreira Jardim,Celso Jardim,False
g43117,Claudinei Aparecido dos Santos,Radialista Claudio Santos,False
g4312,Fernando Henrique Santos,Fernando Cebola,False
g43127,Poliana Aparecida dos Santos,Poliana Santos,False
g43141,Juce Clara de Andrade Ventz,Professora Juce Clara,False
g43148,Ildo Roque Calza,Ildo da Copavi,False
g43149,Raimundo Milton Alves de Souza,Milton Alves,False
g43158,José Antonio dos Santos,José Antonio,False
g43159,Ivanira Damazio Gurnaski,Ivanira Damazio,False
g43166,Joice da Silva,Joice da Silva,False
g43205,Vera Rita Sanita Berton,Vera Berton,False
g4321,Sirlei de Fatima Fernandes,Sirlei Fernandes,False
g43210,Maria Ivonete Flach,Ivonete,False
g43232,Andreia Rocha Dias dos Santos,Andreia Dias,False
g43236,Ivani Vera Beier Oliveira,Vera Beier,False
g43257,Ademir de Brito Gomes,Marelinho,False
g43286,Noemia Maria de Albuquerque Castelli,Noemia Castelli,False
g43311,Daniele Urbano Nunes dos Santos,Dany,False
g43321,Edilene Fernandes,Professora Edilene,False
g43334,Marilu Gonzaga Brasiliano,Professora Marilu,False
g43353,Udilar Francisco Nardin,Udilar,False
g4336,José Kanarski Junior,José Kanarski Jr,False
g43364,Janderson Batista Junior,Janderson Junior,False
g43365,Ademara Cristina Bernardes,Kaia,False
g43368,Jorge Silveira de Souza Júnior,George Souzza,False
g43376,Leonildo Jose Dalo,Dalo,False
g43380,Valter Ribeiro de Souza,Professor Valter,False
g43396,Claudio Rufino Matias,Claudio Rufino,False
g43412,Martinho Mendes de Lima,Martinho da Funilaria,False
g43433,Celso Henrique da Cruz,Celsinho,False
g43448,Sergio Wegner de Vargas,Sergio Vargas,False
g43450,Jose dos Santos,Zé Pelé,False
g43506,Nilson do Carmo Pires,Nilson Agricultor,False
g43507,Claudimar Rauber,Rambo,False
g43533,Lauro Cavalcante Luz,Lauro Luz,False
g43556,Juliana Chagas da Silva Mittelbach,Juliana Mittelbach,False
g43569,Ari Camargo,Ari do Pt,False
g43607,Sarandi Brigida de Souza,Coutinho,False
g43612,Vinicius Pereira dos Santos,Viny Pereira,False
g43644,Silvana Gotlieb de Almeida,Silvana Gotlieb,False
g43664,Edililson Amaral dos Santos,Edililson Amaral,False
g43703,Dione Cleia Patrocinio dos Santos,Dione,False
g43707,Jose Alcimar Greco,Jose Alcimar,False
g43729,Renan Ito dos Santos,Renan Ito,False
g43736,Sidnei Aparecido Cadaval,Sidi Cadaval,False
g43750,Axl Lincon Behety,Axl Lincon,False
g43753,Maria Nilva Bispo dos Santos Fermino,Nilva Cabelinho,False
g43760,Mariele Maysa de Oliveira Rodrigues,Marih Oliveira,False
g4377,Sirlei Aparecida Moreira,Sirlei Aparecida Moreira,False
g43786,Sandro Reginaldo Meireles Ferreira,Sandro Ferreira,False
g43788,Almir da Silva,Almir da Silva,False
g43794,Darcy Rogerio Bazzo,Professor Darcy,False
g438,Sirlei Ullmann,Sirlei Ulmann,False
g43801,Vanessa dos Santos Pacheco,Vanessa dos Santos Pacheco,False
g43804,Celso Marcos dos Reis,Celso King,False
g43815,Alison Picler da Silva,Alison Picler,False
g4382,Evelin Natasha Rosa Farias dos Santos,Natasha Santos,False
g43823,Altair de Lima,Altair,False
g43825,Paulo Ricardo Olivera de Carvalho,Paulo Ricardo,False
g43856,Josuel Fernandes de Azevedo,Josuel Fernandes,False
g43889,Licurgo Espinola Araujo,Ator Licurgo,False
g43893,Sandra Mara de Andrade Bueno,Professora Sandra,False
g43908,Jacqueline dos Santos de Moraes,Jaque Bruxinha,False
g43920,José Soares da Silva,José Soares,False
g43925,Elisa Koefender,Elisa Koefender,False
g43938,Elisete de Fatima Mangue,Eli da Mega Mania,False
g43950,José Rivaldo dos Santos,Zé Rivaldo,False
g43957,Ágatha Santana,Ágatha Santana,False
g43983,Jucieli Scheneider Lourenço,Ju Scheneider,False
g43988,Mauricio Aparecido Ribeiro,Mauricio Ribeiro,False
g43989,Fabio Marques,Fabio Barba,False
g43994,Terezinha Pereira Soares,Tereza Pereira,False
g44032,Natanael de Oliveira,Negão,False
g44044,Francisco Aparecido de Sousa,Chicão da Nova Esperança,False
g44063,Adelino Rech,Passarinho,False
g44069,Antonio Lima da Silva,Antonio Cigano,False
g44071,Joelma Cardoso Pereira,Joelma Pereira,False
g44080,Vera Lucia Alves Cordeiro da Silva,Vera Lucia Fitio,False
g4409,Joao Batista Machado Costa Junior,Júnior Batoré,False
g44095,Fernando Cardoso de Aquino,Aquino,False
g44101,Marcio Procopio Bello,Marcio Bello,False
g44106,Irineu Pereira de Freitas,Irineu Caçamba,False
g44107,Bruna Pasetto Campos,Bruna Pasetto,False
g44109,Marcio Jose Sotil,Buchecha,False
g44120,Felipe Christoforo Mongruel,Magal,False
g44121,Carlos Antonio Ferreira Marques,Tonhão do Fusca.,False
g44146,Girlei da Rosa Braz,Girlei da Rosa Braz,False
g44155,Tiago Prado da Silva,Tiago Prado,False
g44156,Jose Expedito Soares de Oliveira,Dito Lula,False
g44158,Gilmar Carvalho,Gilmar da Ong,False
g44174,Cesario Berezowski,Cesario,False
g44182,Douglas da Silva,Douglas da Silva,False
g44193,Aldemar Taroco,Dema Taroco,False
g4420,Elisangela Barbosa,Elisangela Barbosa,False
g44215,Angela Maria da Cunha Rodrigues,Angela,False
g44226,Elvino Rech,Eskube,False
g44251,Edmilson Rodrigues da Silva,Edmilson Magrão,False
g44252,José Disney de Barros Barboza,Disney,False
g44264,Joares  de  Paula   Aires,Professor  Joares   Aires,False
g44292,Dalva Helena Rodrigues,Professora Dalva,False
g44311,Valmir Luchetti,Valmir Luchetti,False
g44342,Joao Landim dos Santos,João do Jornal,False
g44357,Jose Carlos Oliveira,Jose Carlos Oliveira,False
g44386,Lucimar de Fatima Pereira,Lucimar de Fatima Pereira,False
g44399,Rosiane Aparecida Schadeck,Professora Rosiane,False
g44405,Laureci Miranda,Laureci Miranda,False
g44412,Vilmar de Oliveira,Vilmar,False
g44417,Thayna Eloiza de Bastos,Thayna Bastos,False
g44453,Gilberto de Oliveira,Beto Oliveira,False
g44454,Carlos de Jesus Oliveira,Polaco do Sindicato,False
g44477,Elisangela Aparecida Tomba,Elisangela Tomba,False
g44489,Jose Ramiro de Melo,Jose Ramiro,False
g4450,Tereza Ribeiro do Belem,Tereza Ribeiro,False
g44523,Paulo Antonio Araldi,Paulo Araldi,False
g44526,Mario Francisco Oberst Pavelec,Mario Pavelec,False
g44537,Vilmar Rochi,Vilmar Rochi,False
g44542,Wiviane Terencio Modena,Sol ´Pt,False
g44543,Donatilio Correia dos Santos,Donatilio,False
g44545,Laysla Escavazine da Silva Santos,Laysla Escavazine,False
g44566,Diego Carneiro de Miranda,Diego Miranda,False
g44586,Virgilio João Arrais,Virgilio João Arrais,False
g44601,Gilvan Aguiar da Silva,Gilvan Federal,False
g4464,Luiz Carlos Verga dos Santos,Luiz Carlos Verga,False
g44666,Júlio Cézar Rodrigues,Protetor Júlio,False
g44682,Hermes Silva Leão,Professor Hermes Leão,False
g44684,Marines Lazzaron Guisilini,Professora Marinês,False
g44701,Juliana Vieira da Silva,Juliana,False
g44719,Odair de Abreu,Odair de Abreu,False
g44740,Adilson Martins,Dirso do Assentamento,False
g44769,Elio Sandro Pawluk,Elio Pawluk,False
g44770,Rogério Bilibio Gomildes,Rogério Top Burguer,False
g44779,Adão Florentino dos Santos,Adão Florentino,False
g4478,Maria Aparecida de Morais Pereira Porfirio,Cida da Vila,False
g44785,Bruno Felisbino,Bruno Felisbino,False
g4481,Keli Aparecida de Melo Mateus Setim,Psicóloga Keli Melo,False
g44810,Adriana Lucelia da Silva,Adriana Lucélia,False
g44821,Romildo Oliveira,Romildo,False
g44850,Jose Ozires de Oliveira,Ozires,False
g44874,Marcelo Luiz Dal Molin,Marcelo Luiz Dal Molin,False
g44875,Claudelei Torrente Lima,Claudelei Lima,False
g44876,Pedro Leal Junior,Pedro Leal,False
g44915,Sérgio Eduardo Possetti,Sérgio Possetti,False
g44967,Rosana França,Rosana,False
g44973,Claudinei Rossi Berardi,Preto Rodola,False
g44982,Madali Aparecida dos Santos,Madali,False
g45013,Valdeci Aparecido Morotti,Professor Morotti do Pt,False
g45022,Vanessa de Morais Freitas,Vanessa de Morais Freitas,False
g45061,Zenito Gomes Ferreira,Denguinha Jardineiro,False
g45063,Jose Pereira de Souza,Jose Pereira,False
g45069,Orlando Ferreira Veloso,Orlando Veloso,False
g45074,Regina Maria da Mota,Cota,False
g45085,Emerson Ferreira da Silva,Emerson Dentão,False
g45103,Antonio Loir Alves,Toninho Cantor,False
g45104,Christian Alessandro Nehls,Professor Christian,False
g45125,Andreia Lima,Andreia Lima,False
g4515,Waldecir Barbosa dos Santos,Neguinho da Timba,False
g45153,Edivilson Vitalino Silva,Vital,False
g45159,Samuel Walker Alves de Lara,Prof. Samuel Lara,False
g45169,Rudinei Pereira da Silva Duarte,Rudinei Duarte,False
g4518,João Gaspar,João Gaspar,False
g45187,Erivaldo Ricardo de Souza,Erivaldo Leiteiro,False
g4519,Marianna de Carlos Amancio Trombini,Marianna Amancio,False
g45221,Roseli Crespim Moreira de Castro,Roseli Crespim,False
g4527,Dario do Carmo da Rocha,Professor Dario,False
g45276,Terezinha Maria Koczila Golenia,Professora Terezinha,False
g45282,Evandro Neves,Evandro das Vassouras,False
g45284,Neiva Amaral Cymbalista,Neiva do Bairro,False
g45291,Guilherme Maier,Prof Guilherme,False
g45346,Valdir Jader Zamboni,Valdir Jader Zamboni,False
g45350,Margarete Lopes Iung,Margot,False
g45376,Maurilio de Oliveira,Maurilio,False
g4541,Idemar de Souza Jaques,Idemar Pezão,False
g45415,Aldo Morais Vieira,Ataliba,False
g45445,Amarildo Aparecido Pereira,Amarildo Pereira,False
g45466,Evelin Alves Lima,Evelin Alves,False
g45480,Maria Marli Back da Silva,Maria Marli,False
g45491,Jose Alipio de Souza,Jose Alipio,False
g4550,Altevir Ferreira,Pastor Altevir,False
g45501,Jefferson Henrique Felix,Indinho Fretes,False
g45510,Bruno Szimon,Bruno Szimon - Brun,False
g45518,Ivonete Ferreira de Sousa,Nety Ferreira,False
g45521,Geraldo Jose da Silva,Geraldo da Estrelinha,False
g45522,Vera Lúcia Ferreira da Silva Costa,Vera do Miguel,False
g45557,Elizete Schreiner Leichtiweis,Zete,False
g45568,Jessica Mayara Cristo dos Santos,Jessica Mayara,False
g45577,Lenir Candida de Assis,Lenir de Assis,False
g45583,Carlos Alberto Joao,Professor Carlos,False
g45595,Mariozan Moreira Reis,Mariozan,False
g45603,Ademir Galhardo Romero,Professor Ademir,False
g45609,Roseli Vergopolan,Prof Roseli Vergopolan,False
g45610,Anderson de Oliveira,Anderson Dessão,False
g45611,Anderson Gustavo Hoch Martins,Anderson Coletivo Representa,False
g45613,Fabio Alexandro Sexugi,Prof. Fábio,False
g45619,Vitor Mateus Teixeira,Dida Teixeira,False
g45644,Maria de Fatima Monteiro,Tia Fatima Merendeira,False
g45647,Jeferson Luiz Bernardelli,Jeferson,False
g4567,Aparecido Biancho,Bianco,False
g45684,Alcides Pereira de Souza,Piquê,False
g45685,Luiz Antonio de Souza,Luiz do Pt,False
g45686,Joao do Amaral,Amaral,False
g45690,Jose Sebastião Bispo Nunes,Jose  Sebastiao   Jesus,False
g45693,Maria Aparecida de Barros Bispo,Cida Bispo,False
g45718,Olinda Gabriela Balbo,Gabi Balbo,False
g45760,Laércio dos Santos Luz,Laércio Luz,False
g45762,Paulo Humberto Porto Borges,Paulo Porto,False
g45780,Vantuire Garcia,Vantuir,False
g4579,Moises Silva Wachanski,Moises Assistente Social,False
g45807,Marcos José da Silva,Marquinho do Ônibus,False
g45847,Advaldo Felicio dos Santos,Dival Sem Terra,False
g45859,Josnei Chimiloski,Josnei,False
g45891,Cenita Penha Pereira Baratella,Cenita Baratella,False
g45899,Eliandro dos Santos,Baixo,False
g45909,Cesar Alexandre dos Santos,Professor César Alexandre,False
g45924,Roque Maciel,Roque das Mangueiras,False
g45930,Edilson Rodrigues dos Santos,Negão Edilson,False
g45933,Gerveson Tramontin Silveira,Gerveson Tramontin,False
g45934,Rosilda Silveira da Veiga,Rosilda Silveira,False
g45935,Joao Maria Correa da Costa,Joao Costa,False
g45936,Donizeti Aparecido Donha,Professor Donha,False
g4595,Radamés Aparecido Conti,Radamés,False
g45971,Kelvin Jhonatan Silva Balbino,Kelvin do Lanche,False
g45984,Macario Umbelino da Silva,Macario,False
g45999,Alaor Gomes de Lima,Titio Alaor,False
g46009,Osvaldo Zaboroski,Zabo,False
g4602,Maria de Fatima Ferreira Neves,Maria de Fatima,False
g46023,Zeneide Marcelino,Zeneide Marcelino,False
g46027,Alessandra Damasio Novaes,Alessandra do Mauricio,False
g46032,Josnei de Jesus Ramos,Neisinho,False
g46065,Paulo Michel Pereira,Michel Veterinario,False
g46122,Ivan do Carmo Pereira,Ivan do Hospital,False
g46123,Luana Ferreira Moraes,Kika,False
g46125,Jaime Jose Vieira Junior,Junião,False
g46157,Bruno Kruk,Bruno Kruk,False
g4616,Sérgio Geraldo Hermsdorff,Sergio Hermsdorff,False
g46164,Roberson Leandro Trevisan,Roberson Coletor,False
g46174,Celso Aparecido Bento,Celso Fotografo,False
g46178,Aníbal Batista da Silva,Aníbal da Abs Construtora,False
g46220,Clemir dos Santos,Clemir O Pajé,False
g46250,José Nilson de Lima,Nilson do Bar,False
g4626,Murilo Carmo Neves,Murilo,False
g46266,Cleiton Ferraz Souza,Cleiton Ferraz,False
g46270,Paulino Simão,Paulo Zoinho,False
g46274,Mario Slusarski,Mario,False
g46293,Paulo José Villela,Paulinho Villela,False
g46303,Rubens Viana de Lima,Rubens Viana,False
g46327,Vilmar José de Lima,Mussum,False
g46336,Gessi Linhares da Silva,Segurança Gessi,False
g46343,Lauro Werlich,Lauro Pintor,False
g46350,Noeli Vargas Gomes Oldra,Noeli,False
g46356,Maria Salete Antunes,Maria Antunes,False
g46363,João de Lima Junior,João de Lima Junior,False
g46368,Odarlone Santos de Souza Orente,Dr. Odarlone,False
g46371,Lucimara Aparecida Coelho da Silva,Lucimara da Saude,False
g46380,Cirlene de Souza Kalinoski,Cirlene de Souza Kalinoski,False
g46391,Marcia Regina Dalosse,Professora Marcia Dalosse,False
g4641,Marcelo Miguel Costa,Marcelinho da Auto Escola,False
g46479,Cássio José Zoz,Professor Cássio,False
g46480,Gildo Antonio dos Santos,Oveiro,False
g46482,Cleide Teresinha dos Santos,Enfermeira Cleide,False
g46485,Aparecido Pereira de Oliveira Junior,Miguélão,False
g46518,Jose de Toledo Pacheco,Toledo,False
g46519,Rosangela Alves Eleodoro Ferreira de Andrade,Rosangela Fofa,False
g46542,Simone de Azevedo,Simone Azevedo,False
g4655,Francisco Carlos Rodrigues,Francisco da Alfarc,False
g4656,Moacir dos Santos,Moacir,False
g4659,Maria Geni dos Santos Fernandes,Geni,False
g46594,Viane Carbonera Martin,Viane,False
g46634,Claudia Camargo dos Santos,Claudinha,False
g46643,Ezequiel Ferraz de Campos,Professor Ezequiel,False
g46673,Ines Cristo de Oliveira,Inês Cristo,False
g46677,Sonia Rosa Pires,Professora Sonia,False
g46680,Veronica Daniel da Silva,Veronica Daniel da Silva,False
g46701,Tuani Aline Santos Boeira,Tuani,False
g46726,Elton Fiaz,Padeiro,False
g46731,João Pedro Solts,Pedrinho (Guardinha),False
g46755,Josiane de Lima,Josiane de Lima,False
g46762,Dalecio Félix Leite,Dalecio Félix,False
g46774,Joao Tiago Damasceno,Tiago Mudanca,False
g4681,Marinalva da Conceição da Silva,Marinalva,False
g46816,Maria Elena Dela Coleta Silva,Tia Elena,False
g46819,Rogério de Paula Quadros,Rogério Quadros,False
g46824,Bruna Emanueli Rissardi Bertoldi,Bruna Bertoldi,False
g46832,Antonio Amorim Costa,Toninho,False
g46835,Joel de Jesus dos Santos Oliveira,Joel do Colégio,False
g46840,Larissa da Silva Castro,Larissa Castro,False
g46854,Edicarlo Didur,Didur,False
g46858,Liliam Faria Porto Borges,Professora Liliam,False
g46859,João Mario Ribeiro da Silva,Pastor Jango,False
g46863,Aparecida Rodrigues da Costa,Cida,False
g46865,Edson Poveda dos Santos,Cabelo,False
g46898,Edson Luiz Mergen,Edson Luiz Mergen,False
g46925,Valmir Rossi da Silva,Mile,False
g46932,Marilei Ventura,Mari,False
g46933,Tainara de Oliveira,Tainara de Oliveira,False
g46952,Fernando Jose Bonete,Fernando Bonete,False
g46954,Jurandir Ferreira do Nascimento,Lande do Pt,False
g46974,Priscila Zeferino Azevedo,Priscila da Colônia,False
g4699,Elizandro Florintino,Elizandro Florintino,False
g46993,Katia Martins Ferreira,Katia Martins Acampamento,False
g47012,Ivar Lombardi,Ivar,False
g47040,Solange Pilati Ribeiro,Solange da App,False
g47055,Adélio Almeida,Adélio Capoeira,False
g47065,Ivone Wolff,Ivone Wolff,False
g47066,Jeferson Luiz Lemes,Chacrinha,False
g47073,Tierli Luana Soares dos Santos,Luana,False
g47077,Ana Maria Pacholok do Vale,Ana Maria Pacholok do Vale,False
g47082,Valeria Ferreira Lima Guedes,Valeria da Sumatra,False
g47085,Priscila Borges da Silva,Priscila Borges da Silva,False
g47086,Devanir da Silva,Zinho,False
g47126,Josiane Aparecida da Silva,Josí Bueno,False
g4713,Adilson Pereira Munhoz,Nei,False
g47139,Ronaldo Agostinho dos Santos,Keka,False
g4716,Francisca de Oliveira Luiz,Fran,False
g47160,Ademar Valperes da Fonseca Junior,Ademar Valperes,False
g47167,Maria Marli Cavalheiro,Marli Cavalheiro,False
g47188,Marcély Cristina Berger Lupepsa,Marcély Lupepsa,False
g4720,Lucimar Augusto Rigamonte,Lucimar,False
g47203,Maria Cristina Martins da Silva,Cristina Martins,False
g47211,Luiz Francisco Morgado Sobrinho,Luiz das Abelhas,False
g47223,Aparecida da Silva,Cida da Saude,False
g47226,Loan Junior Jose de Araujo,Loan da Ambulancia,False
g47260,Bruno Carlos dos Santos,Bruno do Luizinho,False
g47267,Sueli Ribeiro Medeiros,Sueli do Pt,False
g47269,Jaiane de Jesus de Souza,Jaiane de Jesus,False
g47293,Roberto Zay Vilpert,Robertinho,False
g47299,Carlos Roberto Paim Martins,Carlos Paim,False
g47306,Silvanei de Moraes Melo,Gigante,False
g47312,Luis Carlos da Luz,Sagui,False
g47327,Rose Carla dos Santos Cordeiro,Rose Cordeiro,False
g47330,Fernando Chotguis Rosenbaum,Fernando Rosenbaum,False
g47332,Valdemir da Luz Pinto,Pica Pau,False
g47355,Jose Luzia da Fonseca,Ze Luzia,False
g47374,Ricardo Nunes da Silva,Ricardo Nunes,False
g47399,Maria Lucia Fulan,Lucia Fulan,False
g47423,Leizane Ferreira dos Santos,Leizane,False
g47440,Mirian Aparecida Marcelo Prandini,Mirian Marcelo,False
g47476,Raquel Aparecida Galego,Raquel Galego,False
g47485,Sandro Alves de Castro,Sandro Alves,False
g47500,Aristeu Elias Ribeiro,Aristeu,False
g47518,Willian Jeferson Alves de Azevedo,Willian Azevedo,False
g47519,Agnaldo Luis Gonçalves Junior,Juninho da Habitação,False
g47573,Berenise Aparecida Monteiro,Berê do Lavacar,False
g47575,Marli Cazzare,Marli Cazzare,False
g47586,Sidinei Motta Delalibera,Sidinei Delalibera,False
g47608,José Maria  de Lima,Zé  da  Viola  da  Rádio Vale,False
g47632,André Fontoura Nogueira,André Nogueira da Rádio,False
g47649,Maria Salete Furlan,Salete Furlan,False
g47663,Cledeval Voginhak de Oliveira,Mano Maninho,False
g47668,Raquel de Fatima Lima Cardoso,Raquel Cardoso,False
g47671,Valeria de Souza Nascimento,Valéria,False
g47685,Joao Maria Ferreira,Joao Ferreira,False
g47706,Luiz Eduardo Mansano Cervante,Du da Bicicletaria,False
g47722,Adelar Edgar Schneider,Adelar Schneider,False
g47726,Roberto Carlos Rodrigues,Roberto Carlos,False
g47732,Sergio Alves Palini,Serginho Vigia,False
g47765,Marcos Paulo Corsini Dolci,Marquinho,False
g47770,Elena Gusman Souza de Andrade,Lena Gusman Enfermeira,False
g47779,Vilson Lezman,Vilson Lezman,False
g47787,Noemia Figueiredo Barros,Noemia Carteiro,False
g47795,Algemiro Fagundes,Algemiro Fagundes,False
g47801,Luzo Rodrigues de Carvalho,Luzo,False
g47804,Jair Dilceu Weich,Professor Jair,False
g47823,Claudio Jose Lemos Muraro,Professor Claudio Muraro,False
g47833,Davi Rodrigues da Silva,Davi do Onibus,False
g47849,Elenice Cizmoski da Silva,Elenice,False
g47851,Martim José Stefaniak,Martin José,False
g47865,Celio dos Santos Martins,Celio Martins,False
g47867,Naiara Maria de Araujo,Nayara Pacheco,False
g47893,João Carlos de Souza,João Muleta,False
g47907,Joao Mario Ferreira,Joao Mario,False
g4794,José Luiz Scalzavara,Bepi Carteiro José Scalzavara,False
g47963,Luis Henrique Machado,Luis Machado,False
g47965,Maria Cristina Calheiro Alves,Cris da Upe,False
g48026,Rodrigo Barbosa Ferreira,Rodrigo da Agricultura,False
g48036,Reinaldo Faustino,Reinaldo Faustino,False
g48038,Jander Uilson Kelhs,Jander,False
g48041,Marcus Vinicius Franco da Cruz,Marcus Vinicius Franco,False
g48060,Leonardo Lorena Gomes,Leonardo,False
g48061,Edinei Claudio Suderick,Véio Guajuvira,False
g48091,Eduardo Guilherme Reiner,Eduardo Reiner,False
g48115,Cintia Aparecida Pliszka,Cintia Pliszka,False
g48127,Adilon Nunes Alberto,Adilon Segurança,False
g48140,Jose Carlos Pereira,Ze Carlos,False
g48151,Cleomar Leoratto Silveira,Gauchão do Paver,False
g48162,Daiane Luiza da Silva Pinto,Daiane,False
g48174,Célio Roberto da Silva,Célio,False
g48180,Nivaldo Mattos Pereira,Nivaldinho,False
g48190,Marcia Adriana Cardozo,Marcia Cardozo,False
g48191,Claudio Lima Ruiz,Gordo,False
g48240,Anderson do Prado,Anderson do Prado,False
g48276,Maria da Silva,Maria do Assentamento,False
g48285,Anilson Adriano Peres de Souza,Anilson Adriano,False
g48305,Jandir Bandiera,Jandir Bandiera,False
g48323,Juliano Thomaz,Juliano do Mercado,False
g48330,Maria de Fatima dos Santos,Maria de Fatima,False
g4834,Rosimeire Alves da Silva,Meire Cuidadora de Idosos,False
g48350,Luiz Domingos Moretti,Luiz da Ambulancia,False
g48353,Maximiliano Paulo da Silva,Max da Academia,False
g48378,Fausto Antonio de Moraes,Professor Fausto,False
g48393,Elma Giane Assueiro Carneiro,Prof. Elma,False
g48394,Valdomiro Mateus Marques,Valdomiro,False
g4840,Maria Jose Forte Ferreira,Maria Forte,False
g48400,Odair Vieira de Miranda,Odair Miranda,False
g48411,Maria Geni Bernardo de Matos,Geni Matos,False
g4842,Shirley Aparecida Marçal,Shirley da Saúde,False
g48421,Dogival Bernardino Rodrigues,Reis Tur,False
g48435,Valdecir Camargo,Texerinha,False
g48442,Paulo Henrique Guerra Zuchoski,Ph,False
g48445,Janete Alves Ramos,Professora Janete,False
g48451,Ludovico Elias Yaremczuk,Elias Jacaré,False
g48460,Luciana Maria Telles de Aguiar,Lu Telles,False
g48500,Paulo Henrique Neves de Oliveira,Paulo Henrique,False
g48506,Luiz Carlos Furquim,Luiz Carlos,False
g48509,Ajayi Adegbite Adekanye,Ajaioo,False
g48519,Jozelito Serafini da Rocha,Professor Jozelito,False
g48522,Marcos Junior de Oliveira,Marcão do Vaz,False
g48528,Jorge Aparecido de Deus,Jorge de Deus,False
g48546,Adair Antonio da Silva,Tonho Silva,False
g48551,Carter Lundi,Carter Lundi,False
g48611,Donizete de Souza,Rasguelo,False
g48614,Tarcisio Marques dos Reis,Tarcisio,False
g48616,Cicero Beserra de Araujo,Cicero Araujo,False
g4862,Joelsino Gomes de Lima,Joelsino Gomes de Lima,False
g4863,Paulo Cesar Siqueira,Paulo Cesar,False
g48635,Gustavo Henrique Deniz Pinto,Gustavo Pinto,False
g4864,Fábia Cristina Moreira Ferraz,Prof. Fábia,False
g48657,Marcia Aparecida de Souza Silva,Irmã Márcia,False
g48658,Reginaldo Donizete Passone,Regi Passone,False
g48685,Marcio Francisco da Silva Lourenço,Dr Marcio Lourenço,False
g48686,Edilson Joao dos Santos,Edilson Santos,False
g48696,Natal Batista,Natal,False
g4870,Jose Augusto Soares,Guto,False
g48704,Valdir Peters,Valdir Peters,False
g48734,Santos Amauri Olegario da Silva,Santos Olegário,False
g48740,Olavo Oliveira Macedo,Federal,False
g48741,Guilherme Caldini Fantin,Gui Fantin,False
g48768,Edson de Lima,Cabra Macho,False
g48770,Maria Terezinha Oliveira Skrzcezkowski,Maria Terezinha Oliveira Skrzc,False
g48773,Carlito Rodrigues da Silva,Carlito,False
g48789,Antonia Vandercia de Assis,Vanda de Assis,False
g48803,Manoel Pedro Moreira Lima,Maneco,False
g4881,Antonio Pereira do Nascimento,Pastor Antonio,False
g48810,Rodrigo dos Santos,Rodrigo Gui,False
g48831,Wellington Lucas Aparecido de Oliveira,Lucas Cabeção,False
g48847,José Elto Santos da Silva,José Elton,False
g48857,Fábio José Alves,Fábio do Material Deconstrução,False
g48865,Carlos Gidel de Castro Rodrigues,Carlão da Saúde,False
g48915,Giovani Braun,Giovani,False
g48919,Ana Carolina Ferreira de Moraes Moreira,Carol da Lojinha,False
g48923,Josair Ribeiro de Souza,Magal do Ana Rosa,False
g48945,Adriana dos Santos,Adriana,False
g48956,Aparecido Lopes de Lima,Cido Pintor,False
g49014,Bruna Cristina Americano,Bruna Americano,False
g49027,João Mariano de Borba,Mariano Borba,False
g4903,Martinha da Silva,Martinha da Silva,False
g49040,Alice do Carmo Tostes,Professora Alice,False
g49062,Adriano Paixao Pires,Adriano,False
g49063,Maria de Lourdes Krueger,Lourdes,False
g49064,Paulo Jocelio de Lima,Paulinho,False
g49075,Elza de Brito Peres Silva,Elza do Artesanto,False
g49076,Alberto Vital de Oliveira,Né da Vila,False
g49078,Natalina da Aparecida de Oliveira Felicio,Natalina da Vila Canhoto,False
g49079,Claudia Rodrigues da Silva Rios Astegher,Claudia,False
g49080,Elias Dias da Cruz,Lica,False
g49108,Maria Aparecida da Cruz Ribeiro,Cidinha do Conselho,False
g49137,Maurino da Silva Barbosa,Marino,False
g49147,Maria Silvana Paulo Santos,Silvana,False
g49167,Cleverson dos Santos Tomaz de Miranda,Galera,False
g49168,Mateus de Oliveira Martins,Mateus Paim,False
g49171,Dinair Aparecida dos Santos,Dina do Salgado,False
g49180,Volmir João Berra,Bambu Volmir Berra,False
g49204,Maria de Lourdes Aparecida Meira,Mariona da Vila São Pedro,False
g49218,Rudinei Elcio Giordani,Rudinei Mr Bean,False
g49225,Ginesio Joao Pinheiro,Professor Ginesio Pinheiro,False
g49229,Edson Augusto da Silva Junior,Neco,False
g49237,Catia Partoski,Cátia Partoski,False
g49263,Jacir Segala da Silva,Jacir Segala,False
g49283,Patricia da Cunha Gavasso,Prof Patricia Gavasso,False
g49284,Romilda Battisti,Romilda Battisti,False
g49303,Helida dos Santos Carvalho,Helida Santos,False
g49314,Luana Aparecida de Lima,Luana do Jorge,False
g49321,João Carlos Cardoso,João Kalangus,False
g49323,Brayan William Moreira Borges,Brayan Borges,False
g49340,Geninza Correia da Silva,Nilze,False
g49345,Monica Ribeiro da Silva,Mônica Ribeiro,False
g49354,Inacio Jose Werle,Inácio Werle,False
g49365,Roseli Cordeiro Eurich,Roseli do Pt,False
g4937,Fabiana Aparecida Ribeiro,Fabiana,False
g49375,Celia Barboza,Celinha,False
g49394,Adavilson dos Santos,Adavilson dos Santos,False
g49417,Andreia Soares de Lima,Andreia de Lima,False
g49432,Nelci Jose Vogel,Nelci Vogel,False
g49447,Keli Cristina Augustyn,Keli Augustyn,False
g49462,Moyses Volff,Neio do Cavaco,False
g49469,Herminia Maria Schuartz,Herminia do Pt,False
g49476,Roger Vinicius de Souza Lopes,Roger Vinicius,False
g49478,Nilsa Ramos,Nilsa do Pt,False
g49482,Sueli Carbone,Sueli Carbone,False
g495,Valtemir Dariva,Temir,False
g49509,Cristiane Domingos Lucena,Cristiane,False
g49520,Carla Maria Ganzert Weinhardt,Carla Weinhardt,False
g49556,Neri Machado,Guacho,False
g49558,Matheus Henrique Basso,Matheus Basso,False
g49567,Carlos Ferreira de Andrade,Carlos Filho do Pastor,False
g49571,Jackeline de Paula França,Jackeline França,False
g49579,Hosana dos Santos Marcondes,Hosana Marcondes,False
g49587,Claudemir da Silva Ribeiro,Régis,False
g49600,Dina de Lourdes Monteiro de Souza,Dina,False
g49612,Teodoro Tupã Jeguavy Alves,Teodoro Tupã,False
g49627,Ademar de Oliveira,Ademar de Oliveira,False
g49631,Jair Pereira,Jair Pereira Jp,False
g49635,Cirene Nobre Peixoto,Cirene,False
g49644,Fabio Junior Novaes Fregolin,Pretão do Povão,False
g49651,Carlos Eduardo Bassinelo,Bassinelo,False
g49672,Clemente Francisco Borecki,Clemente,False
g4968,Sinhara Mara Rocha,Mara,False
g49680,Gilmar Quintilhano,Gilmar Quintilhano,False
g49688,Sayonara Goncalves,Sayonara,False
g49695,Alexsandro Ferreira Batista,Alexsandro Batista,False
g49697,Eliane Maria Moreschi,Eliane Moreschi,False
g49708,Rosana Alves de Oliveira,Rosana Frentista,False
g49711,Cleiton de Jesus Ferreira,Cleiton de Jesus Ferreira,False
g49714,Nilson Neves,Zico,False
g4974,Valdinir dos Santos,Dino do Bartezá,False
g49740,Alex Fernando Correia,Alex João Grilo,False
g49755,Zenildo de Andrade,Zenildo de Andrade,False
g49789,Valdir Castanha,Prof Castanha,False
g49793,Marizete da Silva Câmara,Marizete da Pastoral - Mocinha,False
g49816,Neide Vicente da Silva,Neide Silva,False
g49837,Márcio Augusto Pereira,Marcio Mendonça,False
g49845,Vicente Bento Pirozzi,Vicente Pirozzi,False
g49849,Djalma Moura,Djalma Moura,False
g49857,José Carlos de Almeida,Zé Carlos da Refrigeração,False
g49862,Nilde Terezinha Calioni Grando,Nilde Grando Assistente Social,False
g49865,Leonilda Veiga de Moura Siqueira,Leonilda Siqueira,False
g49868,Elaine de Oliveira,Elaine de Oliveira,False
g49874,Nestor Zuck,Nestor Zuck,False
g499,Luciana Roque Marques,Lu,False
g49912,Romario Varella Batista,Romario Varella,False
g49944,Gesir Rodrigues da Silva,Gesir do Chicão,False
g49945,Marione Saldanha Terencio,Marione Saldanha,False
g49948,Adir de Moura,Professor Adir,False
g4998,Humberto Ferreira Rodrigues,Professor Humberto,False
g49993,João Altair Francisco Nunes,João Nunes,False
g5000,Rosa da Fonseca dos Santos,Rosa Fonseca,False
g50024,Marcia Solange Zanutto,Marcia,False
g50039,Maria Carolina de Lima Rocha,Maria Japa,False
g50046,Geovana Maria Pereira,Professora Geovana,False
g50054,Dirce Luiza Ferraz de Lima,Professora Dirce,False
g50068,Aparecida Hilária da Silva Martins,Cida do Acampamento,False
g5007,Mário Sérgio Gaspar Nakahara,Mario Nakahara,False
g50072,Valdir de Souza Gonçalves,Valdir Gonçalves,False
g50073,Rodrigo Teixeira de Oliveira,Rodrigo Teixeira,False
g50088,Sidney Costa Tanan,Sidney da Farmácia,False
g50092,Adelino de Borba,Borba,False
g50094,Ticiane Rocha dos Anjos Messaggi,Ticiane,False
g50129,Marcia Buff Pereira,Marcia Pereira,False
g50132,Gilberto Mariano Bonete,Betinho,False
g50138,Leila Aparecida Gonçalves Santos,Leila,False
g50170,Reginaldo Amaro,Nardão Amaro,False
g50173,Roberto Piano,Roberto Piano,False
g50180,Rogerio Rodrigues de Melo,Rogerio Melo,False
g50181,Daiane Cristina Globs,Servidora Daia Globs,False
g50194,Elaine Miranda Souza,Elaine Miranda,False
g50213,Valdeci Alves de Jesus,Bozó,False
g50217,Cristiano Vinicius França,Cristiano França,False
g50218,Ariodo do Nascimento,Arildo Barril,False
g50221,Ademar Candido da Silva,Ademar,False
g50225,Arnaldo Medina dos Santos,Arnaldo Medina,False
g50264,Paola Francesca Gollner Medeiros Moreira Teodoro,Prof Paola Gollner,False
g50266,Josè Alves de Brito Filho,Fião da Várzea Alegre,False
g50271,Arnaldo Aparecido Ribeiro,Nardo,False
g50293,Elida da Silva Machado Rech,Elida Rech,False
g50305,Jose Valter Sampaio,Zé do Povo,False
g50344,Mauricio Mendes,Tiquinho da Saúde,False
g50349,Alan Lembeck,Alan Lembeck,False
g50352,Matheus Maynardes Assis,Matheus Assis,False
g5036,Vanderlei Ramos da Silva,Vanderlei Segurança,False
g50362,Ana Lucia da Silva Primo,Professora Ana Primo,False
g50366,Rogério Carlos Cristianini Junior,Professor Rogério,False
g50416,Maria Odete de Oliveira Bezerra,Odete Bezerra,False
g50456,Izolete Zanini dos Santos,Izolete,False
g50478,Dorvalina Leite,Dona Maria,False
g50525,Nazilda Ventura Salviano,Nazilda Ventura,False
g50526,Eva Moreira Derengowski,Eva,False
g50531,Andreia Stankiewscz Klemann,Professora Andreia,False
g50532,Elenice Guarez,Lena do Sindicato,False
g50537,Joice Schmit,Joice da Sorveteria,False
g50546,Valeria Macagnan Schwingel,Valeria Macagnan,False
g50570,Rafael Antonio Lopes,Rafael do Assentamento,False
g50593,Alexandre Rafael Licio de Oliveira Zuanazzi,Alexandre Zuanazzi,False
g50598,Pedro Luis Zanco,Pedro Zanco,False
g5062,Clarice Meri Dalzoto de Campos,Clarice Jardineira,False
g50629,Silvia Dalvanso,Silvia Dalvanso,False
g50635,Juliano Gurkowski,Juliano Gurkowski,False
g50646,Antonio dos Santos Barbosa,Neguim Garimpeiro,False
g50685,Renilson Dzevenka de Oliveira,Professor Renilson,False
g50707,Luciana Vieira de Andrade Medeiro da Costa,Luciana da Reciclagem,False
g50713,Donizete de Souza Cavalcante,Dony Lanches,False
g50744,Luan Fernandes Santana,Luan da Vila,False
g50759,Marcos Vinicius Silva Teles,Marcos da Radio,False
g50765,Marli Teresinha Fernandes de Lima,Marli,False
g50769,Nadir Leandro de Souza,Professora Nadir,False
g50817,Edmilson Messias Santos,Tio  Bia,False
g50826,Nélson Felipe Yuri Silva de Oliveira,Nelson Yuri,False
g50848,Heitor Antonio de Quadros,Heitor,False
g50849,Kássia Alves da Costa dos Santos,Prof Kássia Santos,False
g5086,Joao Paulo Rodrigues,Joao Paulo da Radio,False
g50860,Natalina Teixeira da Silva Gonçalves,Nice do Salão,False
g50866,Rosana Dolivo,Rosana do Pt,False
g50868,Raoni Murillo Molin,Raoni Molin,False
g50896,Maria das Graças de Oliveira,Professora Maria das Graças,False
g50923,Marilson Sebastião Maciel,Luti Maciel,False
g50931,Marta Brassi Malinoski,Marta B Malinoski,False
g50958,Gilberto de Andrade,Gilberto,False
g50974,Valdenor Laudario Maynardes,Valdenor Mio Verde,False
g50981,Anastacio Salvador Alves,Anastacio Mestre dos Magos,False
g50988,Maria Aparecida de Souza,Cida Souza,False
g50997,Jose Carlos da Costa,Jose Carlos da Costa,False
g51003,Jose Mazzo Netto,Jose Mazzo,False
g51015,Maria Alves Neto,Maria Tiquinha,False
g51031,Maria Claudenice da Silva Castro,Cláudia,False
g51035,Nilceo Moro,Nilceo Moro Thêo,False
g51039,Alveni Péres,Alveni,False
g51048,Jose Augusto Rodrigues,Gulite,False
g51049,Gleicielly Marques Martins,Gleicy do Pt,False
g51055,Valdivino Pereira dos Santos,Valdivino Guga,False
g51057,Nilson Vieira da Costa,Nilson V da Costa,False
g51064,Wagner Lionato,Wagner Lio,False
g51074,Paulo Tavares Cardoso,Paulinho do Boi,False
g51080,Ilda Maria do Nascimento,Ilda Nascimento Massagista,False
g51081,Rosangela Alves Vieira,Rosangela,False
g51093,Maria Delci da Rosa,Proffessora Maria Delci,False
g51097,Maria Aparecida dos Santos,Maria Aparecida,False
g51099,Osmair Silva Pereira,Osmair,False
g51101,José Ivino Ferreira Bueno,José Ivino,False
g51114,Sandra Rosane Nowak,Professora Sandra Nowak,False
g51127,Letícia Cristina da Rocha,Letícia,False
g51130,Celma Aparecida Gonçalves,Celma,False
g51143,Brayan Christoffer Soares dos Santos,Brayan Christoffer,False
g51173,Pedro Ruella de Oliveira,Pedrinho Ruella,False
g51234,Raquel Gomes Martin Barreiros,Raquel da Ambulancia,False
g51239,Diego de Sena Rodrigues,Diego dos Baiano,False
g51256,Eduardo Carneiro Resende,Professor Eduardo,False
g51267,Carlos Alberto Azevedo,Carlos Alberto,False
g51281,Giorgia Tais Xavier Prates,Giorgia Prates,False
g51303,Marcos Fernandes,Professor Marcos Fernandes,False
g51315,Ledí Aparecida Paulino,Ledí,False
g51320,Cleonice Aparecida Mulatti,Cleonice Mulatti,False
g51333,Rosangela de Fatima Rodrigues,Prof. Rosangela,False
g51334,Fermino Brososki Mareziuzek,Fermino,False
g5161,Vitor Afonso de Jesus,Vitinho,False
g5164,Tereza Alves Fagundes,Tereza Fagundes,False
g5177,Marta Betanes da Silva,Martinha,False
g5187,Alisandra Cavassani Azoni,Alisandra,False
g5190,Angelim Zamboni,Angelim Zamboni,False
g5192,Erica Maria dos Santos,Erica Maria,False
g5208,Antonio Segan Cuba,Professor Antonio Cuba,False
g5231,Ana Carolina Moura Melo Dartora,Carol Dartora,False
g5265,Jorlleti Licheta,Jorlleti,False
g5269,Ana Carolina de Figueiredo Borges,Ana Borges,False
g5270,Edson Ribeiro,Edson Ribeiro,False
g5283,Maria Aparecida Martins,Maria Martins,False
g5293,Jose Ambrosio Zem,Zeco Zem,False
g5354,Maria das Graças da Silva Dias,Maria das Graças,False
g5357,Sidnei Farago,Alesom,False
g5358,Iara Paloma Lavall,Iara Lavall,False
g5361,Tiago Pietzack Licheski,Tiago Licheski,False
g5373,Jose Valdevino de Almeida,Valdevino de Almeida,False
g5376,Elza Regina Alves de Camargo,Elza Camargo,False
g5392,Vilma Aparecida Ferreira,Vilma Kitcky,False
g5395,Jairo Pastorini,Jairo Pastorini,False
g5397,Iruam Cezar Borges,Iruam Borges,False
g5418,Elvira Benitez de Migliorini,Professora Elvira,False
g5431,Tiago Iung,Tiago Iung,False
g5433,Eduardo Evangelista,Edinho,False
g5442,Norci Debortoli,Norci,False
g5455,Eduardo da Silva,Edu,False
g5456,Luis Roberto dos Santos,Luizinho,False
g5457,Eva Vidal Moreira,Eva Moreira,False
g546,Reginaldo Jose Maria,Reginaldo Nardo,False
g5473,Vinicius Portella Alves,Vinicius Portella,False
g5482,Dilson Junio da Costa,Dilson Costa Locutor,False
g551,Arnaldo Cortez,Arnaldo Cortez,False
g5510,Liane Pauli Sustakowski,Liane,False
g5518,Valdivir Palhano Padilha,Valdivir Lokinho,False
g5563,Claudinei Raimundo,Nei Raimundo do Anúncio,False
g5598,Gilson Rodrigues da Silva,Gilson do Esporte,False
g5610,Marlon Alessandro da Silva Barbosa,Marlon Alessandro,False
g5620,Celso Motta de Jesus,Celso Major,False
g5640,Edvar Robson Padilha,Robson Padilha,False
g5657,Regys Moreira Lins,Dr Machado,False
g5660,Monica Cristina dos Santos,Monica Santos,False
g5686,José Irineu Correia,Zé da Belina,False
g5712,Givan Barbosa da Silva,Givan Barbosa,False
g5718,Doracy Tognato,Dora,False
g573,Regina Duarte do Nascimento Pires,Regina Duarte,False
g5786,Marcos Antonio Pombeiro,Marcos Pombeiro,False
g5789,Edileuza Araujo dos Santos Ascencio,Edileuza da Saude,False
g5790,Pedro Claudecir de Souza Leal,Professor Pedro Leal,False
g580,Alessandro Luiz de Oliveira,Sandro Paraguai,False
g5805,Aparecido Soares da Silva,Cido Rita,False
g5811,Marisa Valendolf,Marisa Valendolf,False
g5840,Luciana Raimundo,Suti,False
g5853,Jurema Carneiro da Silva,Jurema,False
g587,Rosemaria Moreira,Professora Rosemaria,False
g5898,Felipe Oliveira,Felipe,False
g59,Joaquim Manoel de Souza Neto,Joaquim Souza Neto,False
g5926,Ismael Pereira dos Santos Neto,Professor Ismael,False
g595,Gerson Luis Hornes Ferrari,Gerson Polaco,False
g5955,José Antonio Coelho,José Coelho,False
g5961,Aparecido Simões dos Santos,Aparecido Simões,False
g5981,Francisco Pinto,Chico Pinto,False
g6009,Cristiani Antonia Justen,Fofa do Assentamento,False
g6010,Aparecido Miranda Bruno,Cido do Salgado,False
g6017,Enio José Verri,Enio Verri,False
g6030,Josiele Aparecida dos Santos,Josi,False
g6039,Selma Maria da Silva,Selma do Macaia,False
g6064,Michael Martines Hinsching,Michael Hinsching,False
g6086,Thais Leite Basilio,Thais Leite,False
g6146,Maria Augusta do Prado,Maria Augusta,False
g6153,Rosinei Luciana de Souza,Rose,False
g6184,Dinarte Borges de Oliveira,Dinarte,False
g6198,Marisa Aparecida Achitti,Prof Marisa,False
g62,Silenir Goreti da Silva,Silenir Gorete da Silva,False
g6220,Darci Bortokoski Schecheleki,Darci Schecheleki,False
g6259,Gilmar Jose Vaz,Gilmarzão do Povo,False
g6290,Jorge Durval de Oliveira,Jorjão,False
g6293,José Adriano Viturino,Zé Adriano,False
g6317,Cleonice de Oliveira Gonçalves,Nice do Cido Crente,False
g6323,Messias Oliveira de Souza,Messias Cabeleireiro,False
g6336,Elias Mota de Souza,Elias Mota,False
g6345,Cleoneia Aparecida Gonçalves dos Santos,Cleoneia Santos,False
g6346,Ivan Jose Carbonera,Ivan Jose Carbonera,False
g6374,Mayara Jaqueline Ribeiro Medeiros,Mayara Medeiros,False
g6417,Maria Ignez Teixeira,Maria Ignez,False
g6443,Edimar Lopes Cordeiro,Edimar Lopes,False
g6446,Aparecido de Santana,Cido da Vila,False
g6464,Salim Carvalho de Oliveira,Salim,False
g6478,Marcelo Bianconi,Marcelo Bianconi,False
g6496,Carlos Alexandre Ferreira,Carlao da Radio,False
g6506,Gerson Aparecido de Andrade,Gerson Andrade,False
g6521,Paulo de Carvalho Vieira,Paulinho Encanador,False
g6561,Laércio Venancio dos Santos,Polaco do Som,False
g6567,Ariela dos Santos Gomes,Ariela Gomes,False
g6578,Pedro Machado Mendes,Pedro Mano,False
g6596,Marcia Maria Teixeira Camargo,Marcia Camargo,False
g6606,Silvanete da Silva Fernandes,Silvanete  Fernandes,False
g6615,Cleudimar Jorge Mendes,Jipinho,False
g6620,José Roberto Teixeira,José Roberto Mocot´0,False
g6635,Pedro Paulo do Carmo,Pedro Paulo,False
g6647,Gladisléia da Silva,Léia do Assentamento,False
g6648,Vanderlei Braun,Vanderlei Braun,False
g6654,Iohanna Elizabeth Beckers,Professora Iohanna,False
g6664,Jadir de Souza,Jadir de Souza,False
g6675,Gilma Aparecida da Rocha,Gilma da Rocha,False
g6722,Célio Leandro Rodrigues,Célio Rodrigues e Coletivo,False
g6761,Jose Adilson Stuzata,Adilson Stuzata,False
g6794,Nilton José Costa Silva,Professor Nilton,False
g6803,Marcelo Giovani Batista Maia,Marcelo Maia,False
g681,Sirene da Rocha Oliveira,Sirene,False
g6814,Irineu Joaquim da Silva,Irineu Pedreiro,False
g6842,Ademir Martins,Bira,False
g685,Joy Calo do Nascimento,Joy,False
g6853,Jose Vaz de Oliveira,Bugre,False
g687,Ellen Vanessa dos Santos,Ellen,False
g6870,Izaia Fama dos Santos,Tio Zaia,False
g6879,Valdenir Costa de Oliveira,Valdenir Oliveira,False
g6885,José Vieira da Silva,José Vieira,False
g6896,Terezinha Bez,Tere Bez,False
g6898,Gilmar Gonçalves,Gordo do Pt,False
g6900,Airton Caetano da Silva,Airton,False
g6915,Aparecido Pinto Vicente,Borracha,False
g6928,Valdir Aparecido Martucci,Valdir Martucci,False
g6990,Joáo Carlos de Campos,Joáo Campos,False
g7003,Fabiana Vieira Marinho Pereira,Fabiana Vieira,False
g7053,Adriano Nascimento,Adriano Nascimento,False
g7073,Jair Alves de Lima,Jair Alves de Lima,False
g7125,Joelma de Fátima Camargo,Jô da Ong,False
g7128,Danilo Nolassi Rodrigues,Pira,False
g7169,Lucivaldo José Dias,Lucivaldo Negão,False
g7172,Vanderlei José dos Santos,Vanderlei Rato,False
g7188,Valdinei Jose de Moraes,Pioio,False
g72,Natalie Cristiane Antonin Silva,Prof Natalie,False
g7220,José Romilton Ramos,Cocada,False
g7225,Maria Aparecida Gama de Oliveira Contrera,Maria Gama,False
g7232,Ademir Luiz Gava,Ademir Gava do Pt,False
g7274,Sandro Martins de Oliveira,Sandro,False
g7278,Marizane Aparecida Ribas da Silva,Mari Silva,False
g7291,Isabete Marli Patzlaff,Prof.Isa,False
g7299,Eliane Aparecida Azarias de Farias,Eliane,False
g7330,Claudio de Araujo Nunes,Claudio do Mopear,False
g7356,Luis Pereira dos Santos,Luis Didi,False
g7380,Anderson de Ramos,Anderson de Ramos,False
g7408,Valmor Binsfeld,Valmor Binsfeld,False
g742,Jose Bento Lemes dos Santos,Zé da Bicicleta,False
g7436,Israel de Oliveira Santos,Israel Santos,False
g7475,Roseni de Fatima Rodrigues Portela,Rose Portela,False
g7482,Graziele Cristina de Jesus,Grazi,False
g7503,Liseu Vicente Machado,Machado,False
g7507,João Matheus Moraes,João Matheus,False
g7513,Rodrigo de Assis Bayer,Enfermeiro Rodrigo,False
g7532,Edson da Costa Cristo,Canjica,False
g7537,Iracema Jorge Monteiro Gabiatti,Irá,False
g7540,Elzo Mario Rodrigues,Elzo do Povão,False
g7541,Jonas Ferreira Bahia,Jonas Bahia,False
g7555,Floriano Knaut,Floriano Knaut,False
g7581,Flávia Rebello Miranda,Professora Flávia,False
g7599,Ricardo Augusto Lopes Pereira,Ricardo Duardinho,False
g7620,Vicencia Taconi da Silva,Vivi Taconi,False
g7630,Carine de Vargas Camargo,Carine,False
g765,Jucimar Zuchi,Jucimar Zuchi do Onibus,False
g767,Valéria Moreira do Nascimento,Valéria,False
g7682,Luiz Carlos Ravali,Magal,False
g769,Cintia de Cristo Ramos,Cintia Ramos,False
g7709,David Mussinato Roque,Davi Roque,False
g7718,Antonio da Rosa Trindade,Antonio Trindade,False
g7739,Renato de Almeida Freitas Junior,Renato Freitas,False
g7741,Erica Lirio Fontoura,Erica,False
g7748,Nataniel de Campos,Natal,False
g7750,Deivid Edson de Paula,Deivid Edson,False
g7757,Jose Airton Claro,Jose Airton Claro,False
g7775,Rogerio Cassiano Martins,Rogerio Delinho,False
g7808,Luzia Goncalves da Cruz Henrique,Luzia da Bicicletaria,False
g7821,Lucas Vankog Tavares,Luquinha do Pt,False
g7825,Ademir Antonio Espich,Ademir Espich Pintadinho,False
g7829,Walace Raulino Sampaio,Cacique Walace,False
g7834,Hugo Biaggi Nazzo,Hugo Biaggi Papagaio,False
g7868,Airos Norigsanh Ribeiro,Airos Ribeiro,False
g7873,Veronica Lopes,Prof. Verônica,False
g7883,Ossimal dos Santos Costa,Ossimal Costa da Rádio,False
g7898,Lucia da Silva Ribeiro,Lucia,False
g7902,Kleiton Alves da Silveira,Kleiton Kapixaba,False
g7909,Maria Giselda de Lima Fonseca,Giselda,False
g7961,Tatiane Oliveira Isidoro,Tati Izidoro,False
g7966,Adilso de Oliveira,Adilso da Saude,False
g7983,Enezita Teles Guimaraes,Enezita,False
g8000,Deuzita da Luz Przywitowski,Professora Deuzita,False
g8012,Vanderleia Moreira de Lima,Professora Vanderleia,False
g8019,Ademir Ferreira,Ademir Ferreira,False
g8027,Valdecir Raimundo,Valdecir Barraca,False
g805,João Eduardo Teixeira,Dudu Teixeira,False
g8060,Tiago Silveira Neves,Tiago Montebeles,False
g8074,Alecio Sadi Grahl,Catiça,False
g808,Marcelo Munefumi Furuguem,Marcelo Diversidade Cidadania,False
g8126,Andrea Alfins,Andrea da Dengue,False
g8140,Rosilene Cristina Lopes,Rosilene,False
g8142,Priscila Santos Ehrat,Priscila Santos Ehrat,False
g8156,Lucia de Lima,Lucia de Lima,False
g8160,Atayde Pereira da Silva,Atayde da Baixada,False
g8175,Terezinha da Silva Miranda,Terê do Pt,False
g8200,João Cezar de Oliveira,João Cezar,False
g8213,Deize Aparecida Zanela,Deize,False
g8215,Daniele de Oliveira,Dani da Vila,False
g823,Dinalva Vieira de Lima,Dinalva Vieira,False
g8256,Irame Rodrigues Diniz,Irame Diniz,False
g8261,Valter de Almeida,Professor Valter,False
g8264,Sidnei Antonio Buhrer,Professor Sidnei,False
g8265,Rose Mary Bittencourt Carmona,Rose Mary Bittencourt,False
g8323,Antonio Carlos da Silva,Carlão do Graziele,False
g8336,André Luis de Oliveira,André Oliveira,False
g8340,Edemilson Faustino dos Santos,Edemilson do Carlinhos Gato,False
g8346,Antonio Paulo dos Santos,Toninho do Pt,False
g8358,Alessandro Aparecido Alves Viana,Alessandro Viana,False
g8366,Cezar Aparecido Ariosi,Cezar Ariosi,False
g8394,Ana Karolina de Lima Alves,Ana Karolina,False
g8433,Cleiton Albuquerque de Oliveira,Cleiton,False
g8444,Valentin Aparecido Britez,Elton Cantor,False
g845,Gilson Rodrigues,Gilson do Pastel,False
g8456,Divonei Marcos Kinceler,Marcão Kinceler,False
g8459,Oscar Alberty,Oscar Alberty,False
g8463,Teresa Mendes de Souza,Teresa Mendes,False
g8500,Marcelino de Jesus Domingues,Marcelino,False
g8506,José dos Santos,Pelé Pedra,False
g8514,Claudio Reciel Fioramonti,Shell,False
g8517,Marilene dos Santos de Souza,Doutora Marilene,False
g8546,Walter Nunes Dias,Waltao,False
g8572,Jaqueline de Fatima Pereira,Jaqueline Pereira,False
g8588,Lindacir Ferreira Colaço,Lindacir,False
g86,Antonio Roberto dos Santos,Neno Trocati,False
g8625,Edilson Ribeiro,Edilson Ribeiro,False
g8626,Everton Prudente de Oliveira,Everton Km 10,False
g8637,Andre Luiz Drebes,Andre Drebes,False
g8647,Ademar do Nascimento,Dema,False
g8652,João Batista da Silva,Gordo,False
g8659,Jose Ferreira,Ze Leodato,False
g8667,Izabel Moreira dos Santos Patrocinio,Izabel Patrocinio,False
g8701,Fernando César Silva do Nascimento,Fernando Nègre,False
g871,Roberto de Souza,Roberto de Souza,False
g8715,Marlei Fernandes de Carvalho,Marlei Fernandes,False
g8718,Luana Ribeiro de Paulo,Luana Studio Sonho de Menina,False
g8722,Jose Martins dos Santos,Chancheler,False
g8733,Carla Alessandra Juvencio Teixeira,Carla Juvencio,False
g8744,João Maria Soares de Lima,Boiadeiro,False
g8788,Elizangela Damara Martins,Damaris,False
g8813,Arlete Latzuk,Arlete Preta,False
g8816,Valdir Nunes das Neves,Valdir Nunes,False
g8820,João Pedro Silva,João Pedro,False
g8826,Indiamara Aparecida Bonifacio,Indiamara,False
g8832,Jussara Terezinha Kasanoski,Professora Jussara,False
g8890,Isabela Gravena Barbosa,Isabela Gravena,False
g8902,Eliane Medeiros Rodrigues,Eliane Medeiros,False
g8927,Wesley Marques de Almeida,Wesley Coletivo União Por Sap,False
g8935,Olivino dos Santos Ferreira,Olivino Salome,False
g895,Michele Inês Engel,Michele,False
g8953,Moacir Alves de Godois,Moacir Serrote,False
g8956,Ana Maria Marques Palagi,Professora Ana Maria,False
g897,Maria Ivoni Denk Barbieri,Ivoni Barbieri,False
g8977,Iris Falcão de Moura,Prof Iris Moura,False
g8985,Ivan Carlos Pinheiro,Ivan Carlos Pinheiro,False
g8993,Nataly Ferreira Prado,Nataly Prado,False
g9036,Carmen Matilde Kovalczuk,Professora Carmem,False
g9060,Joao Evangelista Pereira,Ita,False
g9106,Ivonete Beira da Silva Spicila,Nete,False
g9108,Paulo Milton Wildgrube,Paulo Milton,False
g9120,Jesse Castro Pereira,Jesse do Pt,False
g9137,Valter da Silva Coelho,Pastor Walter,False
g9142,Edson dos Santos,Neguinho da Dona Nenê,False
g9173,José dos Passos Soares,José dos Passos Soares,False
g919,Nelsi Kistemacher Welter,Prof. Nelsi Welter,False
g9191,Rogerio Fernandes,Rogerio Pedreiro,False
g9192,Mauro Antonio Holz,Maurão,False
g9193,José Gilson Feitosa da Silva,Gilson Feitosa,False
g9198,Manuella Becker de Souza,Manu Becker,False
g9204,Erick Camargo dos Santos,Erick Chicão,False
g922,Marcos Vinicio dos Santos,Professor Marcos,False
g9235,Edenir Andre dos Santos,Guila,False
g9242,Fernando Nogueira dos Santos,Professor Fernando,False
g9288,Jardel Avelino Ortolan,Jardel Ortolan,False
g931,Silvana da Silva Magalhães,Prof.. Silvana Magalhães,False
g933,João Batista Betim Siqueira,Joao Batista,False
g9332,Joao Francisco de Lima,Kiko,False
g9337,Luiz Moises Bueno,Luiz Moises,False
g9351,Sebastião de Oliveira,Sebastião de Oliveira,False
g9365,Alecir Machado,Ale da Lavanderia,False
g9369,José Valdir Moreira,Valdir Moreira,False
g9384,Francisco Rodrigues dos Santos,Chicao do Grupo,False
g9404,Dulcelene Rosendo de Souza Lima,Dulce do Posto,False
g9411,Rosangela do Carmo Correa Bazzi,Professora Rosangela Bazzi,False
g9431,Amanda Catarina Biesek dos Santos,Amanda dos Santos,False
g9476,Ivaldo Botega,Botega,False
g9481,Sulivam Gibim,Sulivam Gibim,False
g9499,Clair Mariano da Costa,Bolero,False
g9518,Leandro de Petriz,Leandro Depetriz,False
g9526,Josias Ferreira Lima,Juca,False
g9533,Luiz Nakamura,Nakamura,False
g9540,João Marcos Martins Moreira,Nino,False
g9547,Zeno Correia Dubiel,Zeno Gaiteiro,False
g9550,Igor Tuler Forlani,Igor Tuler Forlani,False
g9551,Rose dos Santos Barcaro,Rose Barcaro,False
g9573,Valdir Braine,Prof Valdir Braine,False
g9597,Marcelo Schinobli,Schinobli,False
g9599,João Dionizio,João Louquinho,False
g9606,Eduarda de Paula Gabriel,Duda,False
g9626,Ilario Juawski,Ilario Juawski,False
g9636,Luiz Fernando de Jesus de Sousa,Luiz Fernando,False
g9655,Raimundo Ribeiro da Silva,Dinho Ribeiro,False
g967,Claudia Maurina,Claudia Maurina,False
g9676,José Ribeiro,Ribeiro,False
g9693,Gisselda Teresinha Machado Sauer,Gisselda Sauer,False
g9703,Osmarina de Assis Teixeira,Marina da Vila Rural,False
g9704,Joao Batista Alves,Luizão do Banco,False
g9710,Angelo Carlos Boro,Angelim Boro,False
g9711,Andre Felipe Slobodian,Andre Slobodian,False
g972,Antonio Simião,Delegado Simião,False
g9725,Carlos Carvalho de Assis,Carlos Carvalho de Assis,False
g9734,Roberto Luiz da Cunha,Roberto Mecanico,False
g9750,Creusa de França,Creusa de França,False
g9752,Marcia Cristini Dopke,Marcia Dopke,False
g9754,Adriane do Rocio Lopes,Adriane Lopes,False
g9773,Pedro Marcos da Silva Falce,Pedrinho do Dora,False
g9779,Arlete Aparecida Duarte,Arlete Costureira,False
g9782,Rosenilda Domingues,Rosenilda Domingues,False
g9820,Silas Pereira da Silva,Silas Funileiro,False
g9862,José Reginaldo Fernandes,Zé Tortinho,False
g987,Janete Borges da Costa,Janete Borges,False
g9895,Erik Firmino de Paula,Erik Firmino,False
g9898,Alaide Terezinha Voss,Alaide,False
g991,Alexsandro Queiroz,Lecão Queiroz,False
g9914,Erica Aparecida Coelho Martins,Erica Coelho (Tia),False
g9916,Ronaldo Nivaldo Dina,Nai Ronaldo Dina,False
g9918,Camila de Mello Roberto,Camila Mello,False
g9932,Joel Sutil,Joel da  Construção,False
g9955,Loreci de Fatima Rodrigues da Silva,Loreci do Assentamento,False
g9959,Larissa Costa de Jesus Oliveira,Larissa Oliveira,False
g9988,João Luiz Calegari,Professor Calegari,False
g9991,Joaquim Tertuliano Ribas de Andrade,Tertuliano Andrade Pt,False
