ano,lid,cd_tse,zona,nr_local,nome,bairro_tse,lat,lon,aptos,bairro,aprox
2020,0,56006,46,1015,EEEFM SÃO DOMINGOS,CENTRO,-19.15129,-40.62618,2616,-1,0
2020,1,56006,46,1023,EMEF PATRIMÔNIO DE SANTO ANTÔNIO,SÃO JOSÉ DE NOVO BRASIL,-19.078,-40.4197,225,-1,0
2020,2,56006,46,1031,EMEF CÓRREGO DUMER,CÓRREGO DUMER,-19.08169,-40.46887,879,-1,0
2020,3,56006,46,1040,EUM PATRIMÔNIO DE SÃO FRANCISCO,CENTRO,-19.13014,-40.53381,215,-1,0
2020,4,56006,46,1058,EUM BRAÇO DO SUL (PUPIM),BRAÇO DO SUL,-19.07616,-40.60797,155,-1,0
2020,5,56006,46,1066,EMEF CÓRREGO DA DIVISA,CÓRREGO DA DIVISA,-19.12028,-40.56413,322,-1,0
2020,6,56006,46,1074,EUM CÓRREGO FEIO,CÓRREGO FEIO,-19.08825,-40.50097,222,-1,0
2020,7,56006,46,1082,EMEF BRAÇO DO SUL (TREVIZANI),BRAÇO DO SUL,-19.11089,-40.68067,258,-1,0
2020,8,56006,46,1090,CENTRO MUNICIPAL DE ENSINO INFANTIL VOVÓ ZEZÉ,BAIRRO NITERÓI,-19.15346,-40.62636,1067,-1,0
2020,9,56006,46,1104,CENTRO MUNICIPAL DE ENSINO INFANTIL CRIATIVO,CENTRO,-19.14448,-40.62407,1307,-1,0
2020,10,56014,8,1015,EEEFM AFONSO CLÁUDIO,SÃO TARCÍSIO,-20.07509,-41.12756,7045,-1,0
2020,11,56014,8,1023,ESCOLA MUNICIPAL JOSÉ CUPERTINO,SÃO TARCÍSIO,-20.07555,-41.12697,3351,-1,0
2020,12,56014,8,1058,ESCOLA MUNICIPAL GUMERCINDO LACERDA,DISTRITO DE SÃO FRANCISCO,-19.99754,-41.13408,717,-1,0
2020,13,56014,8,1066,IGREJA BATISTA -  PROVISÓRIO,DISTRITO DE PONTÕES,-20.20092,-41.04543,1667,-1,0
2020,14,56014,8,1074,EEEFM MARIA ABREU ALVIM,DISTRITO DE FAZENDA GUANDÚ,-20.21397,-41.10328,2038,-1,0
2020,15,56014,8,1082,EEEFM JOSÉ ROBERTO CRISTO,DISTRITO DE PIRACEMA,-20.18293,-41.19396,1315,-1,0
2020,16,56014,8,1180,ESCOLA ESTADUAL UNIDOCENTE PATRIMÔNIO DOS GONÇALVES,DISTRITO DE IBICABA,-20.01007,-41.23628,728,-1,0
2020,17,56014,8,1236,EEEFM ELVIRA BARROS,DISTRITO DE SERRA PELADA,-20.0043,-41.02913,1363,-1,0
2020,18,56014,8,1325,ESCOLA MUNICIPAL AUGUSTA LAMAS D'ÁVILA,CENTRO,-20.07687,-41.12494,824,-1,0
2020,19,56014,8,1350,ESCOLA MUNICIPAL CÓRREGO FRANCISCO CORREA,MATA FRIA,-20.08242,-40.97779,1278,-1,0
2020,20,56014,8,1368,ESCOLA ESTADUAL DE ENSINO FUNDAMENTAL PLURIDOCENTE DE SANTO ANTÔNIO,SANTO ANTÔNIO,-20.14899,-41.05101,356,-1,0
2020,21,56014,8,1457,CMEI NESTOR PINTO DE AGUIAR,DISTRITO DE SERRA PELADA,-20.00408,-41.02898,647,-1,0
2020,22,56014,8,1554,EM IDOLINO DA FONSECA LAMAS,BAIRRO DA GRAMA,-20.06718,-41.11628,730,-1,0
2020,23,56014,8,1589,ASSOCIAÇÃO PRO-CASA DO MENINO,SÃO VICENTE,-20.08142,-41.13004,2409,-1,0
2020,24,56014,8,1597,CASA DO CIDADÃO,SÃO TARCÍSIO,-20.07532,-41.12727,413,-1,1
2020,25,56014,8,1600,IADE-UNIUBE,CENTRO,-20.07687,-41.12494,408,-1,1
2020,26,56022,23,1163,EMEF SEBASTIÃO COIMBRA ELIZEU,CENTRO,-18.51894,-40.97184,2700,-1,1
2020,27,56022,23,1171,EMEF BOM DESTINO,POVOADO BOM DESTINO,-18.51894,-40.97184,402,-1,1
2020,28,56022,23,1180,EMEF SANTA LUZIA DO AZUL,SANTA LUZIA DO AZUL,-18.51894,-40.97184,817,-1,1
2020,29,56022,23,1198,EEEF SOARES DUTRA,CAFELÂNDIA,-18.51894,-40.97184,689,-1,1
2020,30,56022,23,1252,EEEF ADOLFO ROSA,GOVERNADOR LACERDA DE AGUIAR,-18.51894,-40.97184,1509,-1,1
2020,31,56022,23,1449,EEEF DE SANTO AGOSTINHO,VILA SANTO AGOSTINHO,-18.51894,-40.97184,1674,-1,1
2020,32,56022,23,1520,EEEF VILA NELITA,VILA NELITA,-18.51894,-40.97184,716,-1,1
2020,33,56022,23,1538,EMEIEF NILSA ALVES FIGUEIRA,CENTRO,-18.51894,-40.97184,1985,-1,1
2020,34,56030,4,1015,CÍRCULO DE OPERÁRIOS DE ALEGRE,CENTRO,-20.76337,-41.53365,313,1,0
2020,35,56030,4,1023,CEEFMTI ARISTEU AGUIAR,CENTRO,-20.75912,-41.53718,3206,1,0
2020,36,56030,4,1031,EMEF PROF. LELLIS,CENTRO,-20.76733,-41.53265,2868,19,0
2020,37,56030,4,1040,AGÊNCIA DA PREVIDÊNCIA SOCIAL,CENTRO,-20.76422,-41.53075,1021,1,0
2020,38,56030,4,1058,"FAFIA - FACULDADE DE FILOSOFIA, CIÊNCIAS E LETRAS DE ALEGRE",CENTRO,-20.76376,-41.53285,1382,1,0
2020,39,56030,4,1066,EMEIF RUTH ALICE,CENTRO,-20.75791,-41.53664,407,1,0
2020,40,56030,4,1082,AGÊNCIA DA RECEITA ESTADUAL DE ALEGRE,CENTRO,-20.76272,-41.53377,374,1,1
2020,41,56030,4,1090,SAGUÃO DA PREFEITURA MUNICIPAL DE ALEGRE,CENTRO,-20.76272,-41.53377,363,1,1
2020,42,56030,4,1104,SALÃO DO DECOLORES,CENTRO,-20.76335,-41.53266,510,1,0
2020,43,56030,4,1120,SINDICATO RURAL DOS EMPREGADORES,CENTRO,-20.76272,-41.53377,201,1,1
2020,44,56030,4,1147,SOCIEDADE SÃO VICENTE DE PAULA,CENTRO,-20.76272,-41.53377,231,1,1
2020,45,56030,4,1155,EMPEF SÃO JOÃO DO NORTE,DISTRITO DE SÃO JOÃO DO NORTE,-20.67548,-41.50925,237,-1,0
2020,46,56030,4,1163,EEEFM SIRENA REZENDE FONSECA,DISTRITO DE CELINA,-20.76504,-41.59211,2265,-1,0
2020,47,56030,4,1171,EMEF CARMELITA MACHADO MORAES,DISTRITO DE SANTA ANGÉLICA,-20.6917,-41.4548,477,-1,0
2020,48,56030,4,1180,EEEFM OSCAR DE ALMEIDA GAMA,DISTRITO DE ARARAÍ,-20.59278,-41.5556,842,-1,0
2020,49,56030,4,1198,EEEFM JOSÉ CORRENTE,DISTRITO VILA DO CAFÉ,-20.86858,-41.57172,1283,-1,0
2020,50,56030,4,1210,EEEFM CÉLIA TEIXEIRA DO CARMO,DISTRITO DE RIVE,-20.75691,-41.45897,2109,-1,0
2020,51,56030,4,1228,EEEFM ANA MONTEIRO DE PAIVA,DISTRITO DE ANUTIBA,-20.61174,-41.44961,1211,-1,0
2020,52,56030,4,1295,SALÃO DA IGREJA NOSSA SENHORA APARECIDA,FLORES DE APARECIDA DO NORTE,-20.63676,-41.55672,212,-1,0
2020,53,56030,4,1309,EMUEF MONTE CRISTO,DISTRITO DE RIVE,-20.75691,-41.45897,45,-1,1
2020,54,56030,4,1325,CEMEI PROFA. CÂNDIDA FILGUEIRAS,DISTRITO DE ANUTIBA,-20.61151,-41.45118,485,-1,0
2020,55,56030,4,1333,EMEF ZIOLITA MARIA DA SILVEIRA,ASSENTAMENTO FLORESTA,-20.68663,-41.58013,234,-1,0
2020,56,56030,4,1341,EEEFM PROFESSOR PEDRO SIMÃO,CLÉRIO MOULIN,-20.76637,-41.54614,600,4,0
2020,57,56030,4,1350,EMUEF FELIZ LEMBRANÇA,FELIZ LEMBRANÇA,-20.79595,-41.50798,100,-1,0
2020,58,56030,4,1368,EMFA GEORGE ABREU RANGEL,ROSEIRA,-20.87229,-41.53212,232,-1,0
2020,59,56030,4,1376,EMEIF PROFESSOR DOMINGOS BRAVO REINOSO,VILA DO SUL,-20.77206,-41.53489,2226,11,0
2020,60,56049,19,1015,EPSG BERNARDO HORTA,CENTRO,-20.34609,-41.64148,4333,372,1
2020,61,56049,19,1023,EMEF SÔNIA MARIA FARIA PINHEIRO,CENTRO,-20.34869,-41.64395,2541,375,1
2020,62,56049,19,1058,EPG PROFA. ENY LEAL MACHADO,DISTRITO DE SANTA CRUZ,-20.31433,-41.69107,1701,-1,0
2020,63,56049,19,1066,EMEIF VALDECI AFONSO MOREIRA,CÓRREGO SÃO JOSÉ,-20.29233,-41.63122,612,-1,0
2020,64,56049,19,1074,EUE BARRA GRANDE,CÓRREGO BARRA GRANDE,-20.26707,-41.58292,378,-1,0
2020,65,56049,19,1090,SECRETARIA MUNICIPAL DE AGRICULTURA E MEIO AMBIENTE,CENTRO,-20.34739,-41.64272,476,375,1
2020,66,56049,19,1120,EMEIEF PROFA NELCI GOMES DA COSTA,BARRA DE SANTA ROSA,-20.31932,-41.63889,479,376,1
2020,67,56049,19,1139,ASSOCIAÇÃO COMUNITÁRIA DO CORREGO DO AVENTUREIRO,AVENTUREIRO,-20.31932,-41.63889,432,376,1
2020,68,56057,12,1015,EMEF ANA ARAÚJO,CENTRO,-20.59792,-40.79412,1671,-1,1
2020,69,56057,12,1023,GINÁSIO DE ESPORTES DE ALFREDO CHAVES,CENTRO,-20.59792,-40.79412,586,-1,1
2020,70,56057,12,1031,EMEF FAZENDA APARECIDA,APARECIDA,-20.59792,-40.79412,345,-1,1
2020,71,56057,12,1040,EEEF DE CRUBIXÁ,SÃO JOÃO DE CRUBIXÁ,-20.59792,-40.79412,623,-1,1
2020,72,56057,12,1058,GINASIO DE ESPORTES DE IBITIRUÍ,IBITIRUÍ,-20.59792,-40.79412,724,-1,1
2020,73,56057,12,1066,SALÃO DA IGREJA CATÓLICA DE SÃO BENTO DE BATATAL,SÃO BENTO DO BATATAL,-20.59792,-40.79412,251,-1,1
2020,74,56057,12,1074,SALÃO DA IGREJA CATÓLICA DE IRIRITIMIRIM,IRIRITIMIRIM,-20.59792,-40.79412,484,-1,1
2020,75,56057,12,1082,EMUEF ALMERINDA BRUNORO,SÃO MARCOS,-20.59792,-40.79412,268,-1,1
2020,76,56057,12,1090,EMEF FELIPE MODOLO,MATILDE,-20.55394,-40.81503,1056,-1,0
2020,77,56057,12,1104,SALÃO COMUNITÁRIO DE NOVA ESTRELA,NOVA ESTRELA,-20.59792,-40.79412,217,-1,1
2020,78,56057,12,1112,SALÃO DA IGREJA CATÓLICA DE CACHOEIRA ALTA,CACHOEIRA ALTA,-20.59792,-40.79412,366,-1,1
2020,79,56057,12,1120,EMUEF QUARTO TERRITÓRIO,QUARTO TERRITÓRIO,-20.59792,-40.79412,376,-1,1
2020,80,56057,12,1139,EMEF SAGRADA FAMÍLIA,SAGRADA FAMÍLIA,-20.57923,-40.69706,760,-1,0
2020,81,56057,12,1147,SALÃO COMUNITÁRIO DE SÃO BENTO DE URÂNIA,SÃO BENTO DE URANIA,-20.59792,-40.79412,717,-1,1
2020,82,56057,12,1163,EEUEF VILA NOVA DE MARAVILHA,VILA NOVA DE MARAVILHA,-20.58769,-40.94961,218,-1,0
2020,83,56057,12,1171,EEEFM CAMILA MOTA,OURO BRANCO,-20.63836,-40.74555,2347,-1,0
2020,84,56057,12,1228,CRECHE COMECINHO DE GENTE,CACHOEIRINHA,-20.6304,-40.76332,263,-1,0
2020,85,56057,12,1236,SALÃO PAROQUIAL DA IGREJA DE NOSSA SENHORA DA CONCEIÇÃO,CENTRO,-20.59792,-40.79412,685,-1,1
2020,86,56057,12,1244,CRECHE PEQUERRUCHOS,JARDIM DO CAJÁ,-20.59792,-40.79412,337,-1,1
2020,87,56065,36,1015,EMEI ARMEZINA DO AMARAL RAMOS,SANTA BÁRBARA,-19.05952,-41.01616,926,-1,0
2020,88,56065,36,1023,EMEF GUSTAVO AMBRUST,CENTRO,-19.06005,-41.01591,1018,-1,0
2020,89,56065,36,1031,EEEFM PASTOR ANTÔNIO NUNES DE CARVALHO,CENTRO,-19.05706,-41.01842,1677,-1,0
2020,90,56065,36,1040,CMEI MARIA VENANCIO AMORIM,SANTA BÁRBARA,-19.06033,-41.02026,676,-1,0
2020,91,56065,36,1058,EMEIEF VEREADOR RUBENS RAMIRO DA SILVA,DISTRITO DE MONTE CARMELO,-19.06941,-40.9687,626,-1,0
2020,92,56065,36,1074,EMEIEF PROFESSORA MARIA RODRIGUES DE FREITAS,DISTRITO DE VILA PALMERINO,-18.95737,-40.97445,777,-1,0
2020,93,56065,36,1082,CENTRO DE CONVIVENCIA CATARINA LUCIA ELLER,SANTA BÁRBARA,-19.05985,-41.01597,528,-1,0
2020,94,56073,17,1023,ESCOLA CORONEL GOMES OLIVEIRA,NOVA ESPERANÇA,-20.69356,-40.69034,2166,-1,1
2020,95,56073,17,1058,COLÉGIO MARIA MATTOS,CENTRO,-20.69356,-40.69034,987,-1,1
2020,96,56073,17,1074,EM DE UBÚ,PRAIA DE UBÚ,-20.69356,-40.69034,599,-1,1
2020,97,56073,17,1082,ESCOLA MUNICIPAL DE MAE BA,MÃE BÁ,-20.69356,-40.69034,1026,-1,1
2020,98,56073,17,1090,ESCOLA MUNICIPAL DE BELO HORIZONTE,BELO HORIZONTE,-20.69356,-40.69034,232,-1,1
2020,99,56073,17,1104,EM DE GOEMBÊ,GOEMBÊ,-20.69356,-40.69034,271,-1,1
2020,100,56073,17,1112,ESCOLA MUNICIPAL DE CHAPADA DO Á,CHAPADA DO Á,-20.69356,-40.69034,241,-1,1
2020,101,56073,17,1120,EMEIEFM PROFESSORA ZULEIKA FLORES DA PURIFICAÇÃO,JABAQUARA,-20.69356,-40.69034,663,-1,1
2020,102,56073,17,1139,EMEB DUAS BARRAS,DUAS BARRAS,-20.69356,-40.69034,198,-1,1
2020,103,56073,17,1147,ESCOLA AGRÍCOLA DE OLIVÂNIA,OLIVÂNIA,-20.69356,-40.69034,367,-1,1
2020,104,56073,17,1155,EM DE SIMPATIA,SIMPATIA,-20.69356,-40.69034,558,-1,1
2020,105,56073,17,1163,EM DE ITAPEROROMA BAIXA,ITAPEROROMA BAIXA,-20.69356,-40.69034,298,-1,1
2020,106,56073,17,1171,EM DE BAIXO PONGAL,BAIXO PONGAL,-20.69356,-40.69034,402,-1,1
2020,107,56073,17,1180,EM DE ITAPEÚNA,ITAPEÚNA,-20.69356,-40.69034,311,-1,1
2020,108,56073,17,1198,EMEF MANOEL DE PAULA SERRÃO,IRIRI,-20.69356,-40.69034,1673,-1,1
2020,109,56073,17,1201,EM DE CÓRREGO DA PRATA,CÓRREGO DA PRATA,-20.69356,-40.69034,231,-1,1
2020,110,56073,17,1210,EM DE ALTO PONGAL,ALTO PONGAL,-20.69356,-40.69034,613,-1,1
2020,111,56073,17,1228,EM DE DOIS IRMÃOS,DOIS IRMÃOS,-20.69356,-40.69034,195,-1,1
2020,112,56073,17,1236,EM DE ALTO JOEBA,ALTO JOEBA,-20.69356,-40.69034,197,-1,1
2020,113,56073,17,1252,EM AMARILIS FERNANDES GARCIA,JUSTIÇA II,-20.69356,-40.69034,2236,-1,1
2020,114,56073,17,1279,EM DE LIMEIRA,LIMEIRA,-20.69356,-40.69034,467,-1,1
2020,115,56073,17,1287,ESCOLA MUNICIPAL DE RECANTO DO SOL,RECANTO DO SOL,-20.69356,-40.69034,643,-1,1
2020,116,56073,17,1295,JOCELINA NOGUEIRA,ALVORADA,-20.69356,-40.69034,1446,-1,1
2020,117,56073,17,1309,ESCOLA PROF. DULCINEA SILVA LYRIO RUPF,PONTA DOS CASTELHANOS,-20.69356,-40.69034,649,-1,1
2020,118,56073,17,1317,ESCOLA MUNICIPAL DE PARATI,PARATI,-20.69356,-40.69034,461,-1,1
2020,119,56073,17,1325,EMEIEF PLANALTO ANCHIETA,PLANALTO,-20.69356,-40.69034,1187,-1,1
2020,120,56073,17,1333,EMEI TOM E JERRY,IRIRI,-20.69356,-40.69034,577,-1,1
2020,121,56073,17,1341,EMEI FRANCISCO JUSTI,ALVORADA,-20.69356,-40.69034,527,-1,1
2020,122,56073,17,1350,EMEB ALCIDES CECCON,PRAIA DOS CASTELHANOS,-20.69356,-40.69034,484,-1,1
2020,123,56073,17,1368,ESCOLA INFANTIL TIO LILIO,CENTRO,-20.69356,-40.69034,349,-1,1
2020,124,56073,17,1392,ESCOLA NOVO HORIZONTE - EMEB,NOVO HORIZONTE,-20.69356,-40.69034,1358,-1,1
2020,125,56073,17,1414,ESCOLA DE ITAJOBAIA,ITAJOBAIA,-20.69356,-40.69034,47,-1,1
2020,126,56081,30,1040,EMEF PATRIMÔNIO DE TODOS OS ANJOS,PATRIMÔNIO DE TODOS OS ANJOS,-18.60733,-40.62853,279,-1,1
2020,127,56081,30,1058,IGREJA CATÓLICA MADRE PAULINA,CÓRREGO DO MUTUM,-18.60733,-40.62853,174,-1,1
2020,128,56081,30,1066,IGREJA CATÓLICA DE SÃO FRANCISCO DE ASSIS,SÃO FRANCISCO DE ASSIS,-18.60733,-40.62853,266,-1,1
2020,129,56081,30,1244,EMEF PRAÇA RICA,DISTRITO DE PRAÇA RICA,-18.60733,-40.62853,687,-1,1
2020,130,56081,30,1376,CMEI GIRASSOL (CRECHE),NOVA MUNIQUE,-18.60733,-40.62853,1067,-1,1
2020,131,56081,30,1384,EMEF TODOS OS SANTOS,PATRIMÔNIO DE TODOS OS SANTOS,-18.60733,-40.62853,553,-1,1
2020,132,56081,30,1392,EMEF CONCEIÇÃO DO QUINZE,PATRIMÔNIO DE CONCEIÇÃO DO QUINZE,-18.60733,-40.62853,272,-1,1
2020,133,56081,30,1503,EMEF PROFESSORA ESTHER DA COSTA SANTOS,ONDINA,-18.60733,-40.62853,1450,-1,1
2020,134,56081,30,1597,ESCOLA AGRÍCOLA DE VILA PAVÃO - CIER,CÓRREGO DO ESTEVÃO,-18.60733,-40.62853,350,-1,1
2020,135,56081,30,1600,IGREJA EVANGELICA LUTERANA SÃO MATEUS,CÓRREGO BONITO,-18.60733,-40.62853,248,-1,1
2020,136,56081,30,1619,EEEM ANA PORTELA DE SÁ,ONDINA,-18.60733,-40.62853,1678,-1,1
2020,137,56090,44,1015,EEEM CÂNDIDA PÓVOA,CENTRO,-21.07064,-41.53931,1935,-1,1
2020,138,56090,44,1023,EMEF DE IURU,DISTRITO DE JOSÉ CARLOS,-21.07064,-41.53931,243,-1,1
2020,139,56090,44,1031,EMEF BONSUCESSO,DISTRITO DE BONSUCESSO,-21.07064,-41.53931,765,-1,1
2020,140,56090,44,1040,EMEF WALDIR MONTEIRO DE BARROS,BATATAL,-21.07064,-41.53931,364,-1,1
2020,141,56090,44,1058,EMEF MARIA DE LOURDES ALVES,CENTRO,-21.07064,-41.53931,2393,-1,1
2020,142,56090,44,1066,CMEI TIA JOANY MIRANDA,CENTRO,-21.07064,-41.53931,502,-1,1
2020,143,56103,12,1015,EMEF PROFESSOR NICOLAU KROHLING,SANTA MARIA,-20.43317,-40.80127,847,-1,1
2020,144,56103,12,1023,EMEF VITOR HUGO,VITOR HUGO,-20.43317,-40.80127,917,-1,1
2020,145,56103,12,1031,EPSG EMÍLIO OSCAR HULLE,CENTRO,-20.43317,-40.80127,2078,-1,1
2020,146,56103,12,1040,CENTRO EDUCACIONAL INTEGRAÇÃO,CENTRO,-20.43317,-40.80127,1972,-1,1
2020,147,56103,12,1058,EMEF JACOMO BORGO,ARAGUAIA,-20.43317,-40.80127,994,-1,1
2020,148,56103,12,1066,EP DE RIO FUNDO,RIO FUNDO,-20.43317,-40.80127,347,-1,1
2020,149,56103,12,1074,EMEF MORRO BAIXO,BOM JESUS,-20.43317,-40.80127,367,-1,1
2020,150,56103,12,1082,SALÃO DA IGREJA AUXILIADORA,SOÍDO DE BAIXO,-20.43317,-40.80127,300,-1,1
2020,151,56103,12,1090,EP JOSÉ ALOÍSIO SIMOM,BETINHO SIMÃO,-20.43317,-40.80127,630,-1,1
2020,152,56103,12,1104,EMEF FLORES PASSINATO KUSTER,SOÍDO DE BAIXO,-20.43317,-40.80127,328,-1,1
2020,153,56103,12,1112,CRECHE MUNICIPAL LEONOR MIGUEL FEU ROSA,COMUNIDADE SANTA RITA,-20.43317,-40.80127,848,-1,1
2020,154,56103,12,1120,EPG ELISIARIO FERREIRA FILHO,CENTRO,-20.43317,-40.80127,1742,-1,1
2020,155,56103,12,1139,CENTRO EDUCACIONAL VOVÓ FERNANDINA,CENTRO,-20.43317,-40.80127,1114,-1,1
2020,156,56103,12,1147,GINÁSIO DE ESPORTES MIGUEL KROHLING,SANTA MARIA,-20.43317,-40.80127,343,-1,1
2020,157,56111,20,1015,EEEM MISAEL PINTO NETTO,CENTRO,-19.82007,-40.27443,1891,23,0
2020,158,56111,20,1023,TEMPLO IGREJA BATISTA,CÓRREGO D'ÁGUA,-19.71177,-40.27744,305,-1,0
2020,159,56111,20,1040,EEEFM DYLIO PENEDO,JACUPEMBA,-19.58776,-40.19408,2922,33,0
2020,160,56111,20,1058,EEEF ERMENTINA LEAL,VILA DO RIACHO,-19.74633,-40.04103,1533,64,0
2020,161,56111,20,1066,EEEFM CABOCLO BERNARDO,BARRA DO RIACHO,-19.82519,-40.06111,2820,20,1
2020,162,56111,20,1074,EMEF ESTHER NASCIMENTO DOS SANTOS,SANTA ROSA,-19.92865,-40.28259,1031,54,0
2020,163,56111,20,1082,EMEF SANTA CRUZ,SANTA CRUZ,-19.95458,-40.15365,1219,51,0
2020,164,56111,20,1090,CREARA,CENTRO,-19.82158,-40.27402,1470,23,0
2020,165,56111,20,1104,EMEF PROF. BÁRULA NEVES DOS SANTOS,BARRA DO SAHY,-19.87756,-40.08549,1631,21,0
2020,166,56111,20,1112,FUNDAÇÃO SÃO JOÃO BATISTA - FAACZ,GINÁSIO,-19.81902,-40.27768,1758,63,0
2020,167,56111,20,1139,EMEF MARECHAL COSTA E SILVA,VILA RICA,-19.81766,-40.28067,2326,63,0
2020,168,56111,20,1155,EMEF PLACIDINO PASSOS,CENTRO,-19.81915,-40.27283,3325,44,0
2020,169,56111,20,1163,CENTRO EDUCACIONAL CHARLES DARWIN,COQUEIRAL,-19.93347,-40.14323,2278,25,0
2020,170,56111,20,1171,EMEF JOSÉ MARCOS RAMPINELLI,BELA VISTA,-19.83307,-40.27008,3150,22,0
2020,171,56111,20,1180,CAIC MARIA LUÍZA DEVENS,DE FÁTIMA,-19.8353,-40.26654,2724,22,0
2020,172,56111,20,1198,EMEF EZEQUIEL FRAGA ROCHA,BELA VISTA,-19.8368,-40.26928,3577,22,0
2020,173,56111,20,1201,CMEI MARÍLIA REZENDE SCARTON COUTINHO,JEQUITIBÁ,-19.82788,-40.27633,1946,35,0
2020,174,56111,20,1210,EMEI AMÁLIA COUTINHO,BARRA DO RIACHO,-19.82542,-40.06143,746,20,1
2020,175,56111,20,1228,CMEI SETE ANÕES,VILA NOVA,-19.81276,-40.27093,1156,62,0
2020,176,56111,20,1244,EMEF ZILCA NUNES VIEIRA BERMUDES,VILA NOVA,-19.81032,-40.27288,2758,62,0
2020,177,56111,20,1260,EEEFM PRIMO BITTI,COQUEIRAL,-19.92854,-40.13914,1843,25,0
2020,178,56111,20,1287,CEMEB MÁRIO LEAL SILVA,GUARANÁ,-19.67903,-40.25933,3843,29,0
2020,179,56111,20,1295,EMEF PROF. MARIA INÊS DELLA VALENTINA,JACUPEMBA,-19.5861,-40.19526,1981,33,0
2020,180,56111,20,1309,EMEF LUÍZA SILVINA JARDIM REBUZZI,JEQUITIBÁ,-19.83014,-40.27933,3331,35,0
2020,181,56111,20,1317,PATRIMÔNIO COMUNITÁRIO BIRIRICAS,BIRIRICAS,-19.97455,-40.26418,505,-1,0
2020,182,56111,20,1325,EMEF HONÓRIO NUNES DE JESUS,MOROBÁ,-19.82438,-40.20196,1415,-1,1
2020,183,56111,20,1333,EMEF NOVO IRAJÁ,NOVO IRAJÁ,-19.90292,-40.23293,1147,-1,0
2020,184,56111,20,1341,EMEF SAMOEL COSTA,SEGATTO,-19.82688,-40.27286,1174,23,0
2020,185,56111,20,1350,CEEMTI MONSENHOR GUILHERME SCHMITZ,DE CARLI,-19.82213,-40.28276,1076,65,0
2020,186,56111,20,1368,PATRIMÔNIO COMUNITÁRIO ALDEIA INDÍGENA PAU BRASIL,ALDEIA INDÍGENA PAU BRASIL,-19.8535,-40.13083,366,-1,0
2020,187,56111,20,1376,EMP NOVA ESPERANÇA,VILA DO RIACHO,-19.64756,-40.06216,254,-1,0
2020,188,56111,20,1384,EMEF ABÍLIO CORREIA DE AMORIM,SÃO MARCOS,-19.80015,-40.27485,1642,61,0
2020,189,56111,20,1392,EMEI ÁLVARO SOUZA,VILA DO RIACHO,-19.74609,-40.04679,1786,64,0
2020,190,56111,20,1414,EMEF ZENÍLIA VARZEM RIBEIRO,BARRA DO RIACHO,-19.82838,-40.06647,1042,20,1
2020,191,56111,20,1422,EMEF NOVA SANTA CRUZ,NOVA SANTA CRUZ,-19.96074,-40.161,480,51,0
2020,192,56111,20,1430,CMEI CRIANÇA FELIZ,NOVO JEQUITIBÁ,-19.83024,-40.2826,1108,32,0
2020,193,56111,20,1449,EMEF CAEIRAS VELHA,ALDEIA INDÍGENA CAEIRAS VELHA,-19.92002,-40.17499,709,-1,0
2020,194,56111,20,1457,EMEF ITAPARICA,ITAPARICA,-19.9723,-40.14809,528,31,0
2020,195,56111,20,1465,CMEB JOSÉ MAMBRINI,JOSÉ MAMBRINI,-19.82438,-40.20196,412,-1,1
2020,196,56111,20,1473,PATRIMÔNIO COMUNITÁRIO MAR AZUL,PRAIA MAR AZUL,-19.91551,-40.1057,532,37,1
2020,197,56111,20,1481,PATRIMONIO COMUNITARIO CACHOEIRO DO RIACHO,VILA DO RIACHO,-19.72651,-40.1658,146,-1,0
2020,198,56111,20,1490,EMP BALNEÁRIO PRAIA DO SAUÊ,PRAIA DO SAUÊ,-19.92371,-40.11704,540,56,0
2020,199,56111,20,1503,PATRIMÔNIO COMUNITÁRIO ALDEIA INDÍGENA TRÊS PALMEIRAS,ALDEIA INDÍGENA TRÊS PALMEIRAS,-19.94561,-40.16452,122,51,1
2020,200,56111,20,1511,EMPI DORVELINA COUTINHO,ALDEIA INDÍGENA COMBOIOS,-19.74441,-40.00868,255,-1,0
2020,201,56111,20,1520,PATRIMONIO COMUNITARIO GRAPUAMA,GRAPUAMA,-19.85648,-40.30377,102,-1,0
2020,202,56111,20,1538,CEMEB PAULO FREIRE,SÃO MARCOS,-19.8038,-40.27398,2305,61,0
2020,203,56111,20,1546,PATRIMÔNIO COMUNITÁRIO  RIO PRETO,RIO PRETO,-20.0091,-40.15637,251,46,0
2020,204,56111,20,1554,PATRIMÔNIO COMUNITÁRIO RIO FRANCÊS,RIO FRANCÊS,-19.59436,-40.1138,170,-1,0
2020,205,56111,20,1562,PATRIMÔNIO COMUNITÁRIO SINGULAR PELADO,PELADO,-19.74789,-40.33421,69,-1,0
2020,206,56111,20,1570,PATRIMÔNIO COMUNITÁRIO PELADINHO,PELADINHO,-19.74004,-40.30982,69,-1,0
2020,207,56111,20,1597,CDPA - CENTRO DE DETENÇÃO PROVISÓRIA DE ARACRUZ,DE FÁTIMA,-19.83369,-40.26292,0,27,0
2020,208,56120,43,1015,EEEF JOSÉ MARCELINO,BARRA DO ITAPEMIRIM,-21.09293,-40.89111,4797,-1,1
2020,209,56120,43,1023,EPSG DOMINGOS JOSÉ MARTINS (POLIVALENTE),BARRA DO ITAPEMIRIM,-21.09293,-40.89111,5092,-1,1
2020,210,56120,43,1031,ESCOLA PASTOR JOSÉ ABRAÃO,NOVA CANAÃ,-21.09293,-40.89111,940,-1,1
2020,211,56120,43,1040,EMEF SEBASTIÃO DE ALMEIDA FERREIRA,PRAIA DOS CAÇÕES,-21.09293,-40.89111,820,-1,1
2020,212,56120,43,1058,EPG ANÁLIA QUEIROZ DA SILVA,JACARANDÁ,-21.09293,-40.89111,1863,-1,1
2020,213,56120,43,1066,EMPEF IMBURI,IMBURI,-21.09293,-40.89111,607,-1,1
2020,214,56120,43,1074,EMEF PONTAL,PONTAL,-21.09293,-40.89111,799,-1,1
2020,215,56120,43,1090,EEEF MARIA DA GLÓRIA NUNES NEMER,CENTRO,-21.09293,-40.89111,3262,-1,1
2020,216,56120,43,1104,EMEF LAGOA DANTAS,LAGOA DANTAS,-21.09293,-40.89111,941,-1,1
2020,217,56120,43,1112,EMEI MÔNICA DE AGUIAR,BARRA DO ITAPEMIRIM,-21.09293,-40.89111,1942,-1,1
2020,218,56120,43,1120,EMEIF BOA VISTA DO SUL,BOA VISTA DO SUL,-21.09293,-40.89111,1050,-1,1
2020,219,56120,43,1139,EPG DE BREJO DOS PATOS,BREJO DOS PATOS,-21.09293,-40.89111,718,-1,1
2020,220,56120,43,1147,POSTO DE SAÚDE DE SÃO JOÃO DO JABOTI,SÃO JOÃO DO JABOTI,-21.09293,-40.89111,364,-1,1
2020,221,56120,43,1155,EMEF NAGIB MELEIPE,SANTA TEREZA,-21.09293,-40.89111,2286,-1,1
2020,222,56120,43,1163,ESCOLA MUNICIPAL PROFESSORA ZENI  MENDES DE SOUZA,CACULUCAGEM,-21.09293,-40.89111,364,-1,1
2020,223,56120,43,1171,EPE ANTÔNIO SERAFIM,LAGOA FUNDA,-21.09293,-40.89111,1023,-1,1
2020,224,56120,43,1180,EMPEIF TIMBÓ,TIMBÓ 2,-21.09293,-40.89111,134,-1,1
2020,225,56120,43,1198,EPM DE NOVA JERUSALÉM,NOVA JERUSALÉM,-21.09293,-40.89111,339,-1,1
2020,226,56120,43,1201,CEMEI CRIANÇA FELIZ,PONTAL,-21.09293,-40.89111,294,-1,1
2020,227,56120,43,1210,EMEI MAICON COSTA DOS SANTOS,CENTRO,-21.09293,-40.89111,841,-1,1
2020,228,56120,43,1236,EMEIEF BONIFÁCIO JOÃO MARVILA,NOSSA SENHORA APARECIDA,-21.09293,-40.89111,284,-1,1
2020,229,56120,43,1244,CEMEI PROFESSORA JUCELIA DE OLIVEIRA C. BAIENSE,LAGOA DO SIRI,-21.09293,-40.89111,325,-1,1
2020,230,56120,43,1260,ESCOLA MUNICIPAL MARINGÁ,TIMBÓ 1,-21.09293,-40.89111,279,-1,1
2020,231,56120,43,1279,CDPM - CENTRO DE DETENÇÃO PROVISÓRIA DE MARATAÍZES,LAGOA DO MEIO,-21.09293,-40.89111,0,-1,1
2020,232,56120,43,1287,EMEI PROF MARCELO GOMES MOREIRA,ARRAIAS,-21.09293,-40.89111,1291,-1,1
2020,233,56138,2,1015,EMEB HERMÍNIA LEAL JÚDICE,NITERÓI,-20.91521,-41.19467,585,-1,0
2020,234,56138,2,1023,EMEB ISABEL COSTA BAPTISTA,NOSSA SENHORA APARECIDA,-20.92795,-41.18462,900,-1,0
2020,235,56138,2,1031,EEEFM FERNANDO DE ABREU,CENTRO,-20.91286,-41.19617,1920,-1,0
2020,236,56138,2,1040,EMEB LUIZ ALBERTO FARIA MORENO,CENTRO,-20.91344,-41.19718,864,-1,0
2020,237,56138,2,1058,SECRETARIA MUNICIPAL DE MEIO AMBIENTE - SEMMA,CENTRO,-20.91433,-41.19756,477,-1,0
2020,238,56138,2,1074,EMEB ANA BUSATO,NITERÓI,-20.91523,-41.19448,1956,-1,0
2020,239,56138,2,1090,CASA DO PRODUTOR RURAL,NITERÓI,-20.91579,-41.19609,1052,-1,0
2020,240,56138,2,1104,EMEB FLECHEIRAS,FLECHEIRAS,-21.03548,-41.18035,508,-1,0
2020,241,56138,2,1112,EMEB BENEDITO SAMPAIO,PRAÇA DO ORIENTE,-20.97488,-41.17571,247,-1,0
2020,242,56138,2,1120,EMEB TEOTÔNIO RAFAEL,INDEPENDÊNCIA,-20.95333,-41.12551,217,-1,0
2020,243,56146,10,1015,EEEFM ÁLVARO CASTELO,BERLLAMINO ULYANA,-20.10725,-41.2942,3542,79,1
2020,244,56146,10,1023,EEEFM MARLENE BRANDÃO,VILA DE BREJAUBINHA,-20.10725,-41.2942,1103,79,1
2020,245,56146,10,1031,EEEFM LEOGILDO SEVERIANO DE SOUSA,FAZENDA LEOGILDO,-20.10725,-41.2942,1169,79,1
2020,246,56146,10,1040,EEEFM SÃO JORGE,DISTRITO DE SÃO JORGE,-20.10725,-41.2942,1412,79,1
2020,247,56146,10,1058,EEEFM FAZENDA CAMPORÊS,VILA DE RANCHO DANTAS,-20.10725,-41.2942,473,79,1
2020,248,56146,10,1082,CEMEF OSWALDO RIBEIRO DA SILVA,CENTRO,-20.10725,-41.2942,2094,79,1
2020,249,56154,7,1015,EPSG JOSÉ DAMASCENO FILHO,SAPUCAIA,-19.51023,-41.01885,3150,-1,0
2020,250,56154,7,1040,EEUEF DE SANTA ROSA,COMUNIDADE SANTA ROSA,-19.77683,-41.01365,286,-1,0
2020,251,56154,7,1066,EMEIEF BENEVENUTO CLEMENTINO GOBBO,SÃO JOSÉ,-19.51888,-41.01171,2224,-1,0
2020,252,56154,7,1090,EMEF OLGA MARTINELLI,DISTRITO DE IBITUBA,-19.69035,-41.01787,791,-1,0
2020,253,56154,7,1112,EMEIEF CARLOS LUIZ FREDERICO,DISTRITO DE VILA NOVA DO BANANAL,-19.68728,-41.1258,728,-1,0
2020,254,56154,7,1120,EMEIEF ALADIA TRINDADE DE PAIVA,DISTRITO DE MASCARENHAS,-19.5047,-40.91505,911,-1,0
2020,255,56154,7,1147,EMEIEF PROF. ELZA EVALD DE OLIVEIRA,DISTRITO DO KM 14 DO MUTUM,-19.39862,-40.90496,1009,-1,0
2020,256,56154,7,1171,EMEF FRANCISCO DA CUNHA RAMALDES,DISTRITO ALTO MUTUM PRETO,-19.27658,-40.90812,893,-1,0
2020,257,56154,7,1260,EMEIEF PROFESSOR JOSÉ NUNES,CENTRO,-19.51259,-41.01005,2083,-1,0
2020,258,56154,7,1392,EPEFM BRASIL,CENTRO,-19.51732,-41.01687,2336,-1,0
2020,259,56154,7,1473,EEEFM DR. JONES DOS SANTOS NEVES,SAPUCAIA,-19.50746,-41.02409,1587,-1,0
2020,260,56154,7,1481,EEEF BRASIL,CENTRO,-19.51727,-41.01689,1400,-1,0
2020,261,56154,7,1490,POSTO DE SAÚDE DOIS IRMÃOS,CÓRREGO DOIS IRMÃOS,-19.68562,-40.95142,153,-1,0
2020,262,56154,7,1503,EMEIEF GOVERNADOR LACERDA DE AGUIAR,SAPUCAIA,-19.50884,-41.02147,573,-1,1
2020,263,56154,7,1511,EMEIEF JOÃO JÚLIO CARDOSO,VALPARAÍSO,-19.52288,-41.001,976,-1,0
2020,264,56154,7,1538,EMEIEF JOÃO XXIII,ROSÁRIO I,-19.50844,-41.02755,1235,-1,0
2020,265,56154,7,1546,EMEIEF PROFESSORA LÉA HOLZ,MAUÁ,-19.50853,-41.01355,808,-1,0
2020,266,56154,7,1554,EMEIEF DARLENE MAGGIONI FRANQUINI,ROSÁRIO II,-19.50426,-41.03197,606,-1,0
2020,267,56154,7,1562,ESCOLA VIVA - CEEMTI CENTRO EDUCACIONAL DE ENSINO MEDIO EM TEMPO INTEG,VILA KENNEDY,-19.51515,-41.00513,1428,-1,0
2020,268,56162,16,1015,EEEFM FELICIO MELOTTI,SANTA JÚLIA,-19.67868,-40.69658,1120,-1,0
2020,269,56162,16,1023,EEEFM DAVID ROLDI,VILA VERDE,-19.75188,-40.65745,4309,-1,0
2020,270,56162,16,1031,EMEI SÃO ROQUE,SÃO ROQUINHO,-19.73846,-40.66171,1358,-1,0
2020,271,56162,16,1040,EMEIEF DARLY NERTY VERVLOET,SÃO JACINTO,-19.72076,-40.61027,883,-1,0
2020,272,56162,16,1058,EMEIEF LUIZ MÔNICO,SÃO FRANCISCO,-19.75189,-40.72595,730,-1,0
2020,273,56162,16,1066,EMEI SANTA JÚLIA,AGROVILA,-19.67888,-40.69631,443,-1,0
2020,274,56162,16,1074,EMEIEF SÃO DALMÁCIO,SÃO DALMÁCIO,-19.76356,-40.64925,455,-1,0
2020,275,56170,23,1074,EEMF JOÃO XXIII,CAMPO NOVO,-18.66303,-40.81884,4016,-1,1
2020,276,56170,23,1082,EEEF JOÃO BASTOS,VILA GONÇALVES,-18.66303,-40.81884,3026,-1,1
2020,277,56170,23,1090,CESFA - PITÁGORAS,VILA VICENTE,-18.66303,-40.81884,3091,-1,1
2020,278,56170,23,1147,EMEF ERASMO BRAGA,CENTRO,-18.66303,-40.81884,2578,-1,1
2020,279,56170,23,1236,EEEF DE CACHOEIRINHA DE ITAÚNAS,CACHOEIRINHA DE ITAÚNAS,-18.66303,-40.81884,1212,-1,1
2020,280,56170,23,1279,EEEF ALADIM SILVESTRE DE ALMEIDA,VILA MONTE SINAI,-18.66303,-40.81884,2058,-1,1
2020,281,56170,23,1295,EEEF DE MONTE SENIR,POVOADO DE MONTE SENIR,-18.66303,-40.81884,1105,-1,1
2020,282,56170,23,1325,EMEF VEREADOR ANTÔNIO QUIRINO RAMOS,VILA PORANGA,-18.66303,-40.81884,560,-1,1
2020,283,56170,23,1406,EM ELIZABETH TROZESKI DA SILVA,VILA PAULISTA,-18.66303,-40.81884,1992,-1,1
2020,284,56170,23,1414,EEEF DE VARGEM ALEGRE,VARGEM ALEGRE,-18.66303,-40.81884,1189,-1,1
2020,285,56170,23,1473,EEEF SANTO ANTÔNIO,VILA SANTO ANTÔNIO,-18.66303,-40.81884,1176,-1,1
2020,286,56170,23,1490,EEEF DE VILA ITAPERUNA,VILA ITAPERUNA,-18.66303,-40.81884,1036,-1,1
2020,287,56170,23,1503,EMEF VICENTE AMARO DA SILVA,CAMPO NOVO,-18.66303,-40.81884,2981,-1,1
2020,288,56170,23,1511,CÂMARA MUNICIPAL,CENTRO,-18.66303,-40.81884,248,-1,1
2020,289,56170,23,1538,EEEF ANTÔNIO CIRILO,DENZOL,-18.66303,-40.81884,293,-1,1
2020,290,56170,23,1546,EEEFM GOVERNADOR LINDENBERG,IRMÃOS FERNANDES,-18.66303,-40.81884,1816,-1,1
2020,291,56170,23,1554,EM EVANDRA CHAVES DE OLIVEIRA,ASSENT. 3 CORAÇÕES/COM. POÇO AZUL,-18.66303,-40.81884,272,-1,1
2020,292,56170,23,1589,EM SEBASTIAO ALBANO,VILA VICENTE,-18.66303,-40.81884,2438,-1,1
2020,293,56170,23,1597,EE ASCENDINA FEITOSA,VILA PAULISTA,-18.66303,-40.81884,1567,-1,1
2020,294,56170,23,1600,EM LUCIENE M FERREIRA,VILA LUCIENE,-18.66303,-40.81884,517,-1,1
2020,295,56170,23,1619,CMEI BRASILINO M DE MORAES,COLINA,-18.66303,-40.81884,373,-1,1
2020,296,56189,41,1015,EEEF ALEGRE,CÓRREGO ALEGRE,-19.07166,-40.16287,1517,-1,1
2020,297,56189,41,1023,EMEF ALBERTO STANGE JÚNIOR,CENTRO,-19.07166,-40.16287,2286,-1,1
2020,298,56189,41,1031,EEEFM ARMANDO BARBOSA QUITIBA,CENTRO,-19.07166,-40.16287,3965,-1,1
2020,299,56189,41,1040,EEPEF FAZENDA DOMINGOS CORREIA (JOERANA B),CÓRREGO JOERANA B,-19.07166,-40.16287,309,-1,1
2020,300,56189,41,1058,EMEF JOÃO NEVES PEREIRA,SALVADOR,-19.07166,-40.16287,4127,-1,1
2020,301,56189,41,1066,PEM LÉIA DOS SANTOS,CENTRO,-19.07166,-40.16287,2588,-1,1
2020,302,56189,41,1074,EMEF CÓRREGO CHUMBADO,CÓRREGO CHUMBADO,-19.07166,-40.16287,1147,-1,1
2020,303,56189,41,1082,EEPEF JOERANA A,CÓRREGO JOERANA A,-19.07166,-40.16287,369,-1,1
2020,304,56189,41,1090,EEUEF CÓRREGO PATIOBA,CÓRREGO PATIOBA,-19.07166,-40.16287,338,-1,1
2020,305,56189,41,1104,EEPEF CÓRREGO RODRIGUES,CÓRREGO RODRIGUES,-19.07166,-40.16287,485,-1,1
2020,306,56189,41,1120,EEEFM CÂNDIDO PORTINARI (JUNCADO),JUNCADO,-19.07166,-40.16287,1312,-1,1
2020,307,56189,41,1139,CEIM ELENITA BARBOSA GAMA (COMENDADOR RAFAEL),COMENDADOR RAFAEL,-19.07166,-40.16287,534,-1,1
2020,308,56189,41,1155,PEM PAULO CESAR FORNAZIER (SANTA LUZIA DO CHUMBADO),SANTA LUZIA DO CHUMBADO,-19.07166,-40.16287,243,-1,1
2020,309,56197,39,1015,EMEF PROFª UBALDINA SANTO AMARO DO AMARAL,CENTRO,-18.5398,-40.29794,1985,-1,0
2020,310,56197,39,1023,EEEFM ANTÔNIO DOS SANTOS NEVES,CENTRO,-18.5409,-40.29845,2928,-1,0
2020,311,56197,39,1031,EEEFM DE SOBRADINHO,SOBRADINHO,-18.4288,-40.38694,1458,-1,0
2020,312,56197,39,1040,EMEIEF KM-20,QUILÔMETRO 20,-18.48712,-40.39875,677,-1,0
2020,313,56197,39,1058,EMEF DE SANTO ANTÔNIO,SANTO ANTÔNIO,-18.51707,-40.35275,748,-1,0
2020,314,56197,39,1066,EMEIEF ANADYR DE ALMEIDA MARCHIORI,BELA VISTA,-18.55442,-40.22318,752,-1,0
2020,315,56197,39,1074,EMEF PROFª IZAURA ALMEIDA SILVA,NOVA CIDADE,-18.53923,-40.28848,1834,-1,0
2020,316,56200,38,1031,EEEFM PROFA MARIA MAGDALENA DA SILVA,VILA NOVA,-18.2587,-40.53415,1754,-1,1
2020,317,56200,38,1040,EPG DE ITAMIRA,ITAMIRA,-18.2587,-40.53415,1392,-1,1
2020,318,56200,38,1074,EEEF PROFA VALDA COSTA SEVERO,CENTRO,-18.2587,-40.53415,2206,-1,1
2020,319,56200,38,1082,PRÉ-ESCOLA MUNICIPAL PEQUENO PRÍNCIPE,CHAPISCO,-18.2587,-40.53415,955,-1,1
2020,320,56219,44,1015,ESCOLA MUNICIPAL CEL ANTÔNIO HONÓRIO,CENTRO,-21.07495,-41.60173,1651,-1,1
2020,321,56219,44,1023,EEEFM HORÁCIO PLÍNIO,CENTRO,-21.07495,-41.60173,2458,-1,1
2020,322,56219,44,1031,EM MINERVINA DA SILVA ARAUJO,SILVANA,-21.07495,-41.60173,1279,-1,1
2020,323,56219,44,1040,ESCOLA SÃO SEBASTIÃO,SÃO SEBASTIÃO,-21.07495,-41.60173,595,-1,1
2020,324,56219,44,1082,JARDIM DE INFÂNCIA GIL VELOSO,CENTRO,-21.07495,-41.60173,570,-1,1
2020,325,56219,44,1090,CMEI FATINHA BOECHAT,SÃO SEBASTIÃO,-21.07495,-41.60173,907,-1,1
2020,326,56227,37,1015,EMEF PATRIMÔNIO ARARIBÓIA,ARARIBOIA,-19.04982,-40.29544,344,-1,0
2020,327,56227,37,1023,SALÃO PAROQUIAL DO CÓRREGO PINTADA,SÃO JORGE DA BARRA SECA,-18.87349,-40.27529,270,-1,0
2020,328,56227,37,1058,QUADRA POLIESPORTIVA DE PARAISÓPOLIS,JURAMA,-18.95477,-40.29045,773,-1,0
2020,329,56227,37,1066,EMEIEF WELTON ALTOE CALIMAN - TESOURO,SÃO JORGE DA BARRA SECA,-18.9041,-40.22992,582,-1,0
2020,330,56227,37,1074,EMEF JURAMA,JURAMA,-18.99343,-40.2732,1023,-1,0
2020,331,56227,37,1090,EMEF MARIA LUIZA JORGE DOS REIS - SÃO JORGE DA BARRA SECA,SÃO JORGE DA BARRA SECA,-18.84931,-40.34,957,-1,0
2020,332,56227,37,1104,EMUEF CORREGO VARGEM ALEGRE,JURAMA,-19.01323,-40.31958,282,-1,0
2020,333,56227,37,1112,EEEFM ATÍLIO VIVACQUA,CENTRO,-18.99869,-40.3917,3586,-1,0
2020,334,56227,37,1120,EEEF VALÉRIO,CENTRO,-19.00196,-40.38751,1351,-1,0
2020,335,56227,37,1139,EMEI CINDERELA,CENTRO,-18.99743,-40.38864,2536,-1,0
2020,336,56227,37,1147,SECRETARIA MUNICIPAL DE EDUCAÇÃO,CENTRO,-19.00064,-40.39306,2,-1,0
2020,337,56227,37,1155,EMEIEF BERNARDO MANTOVANELLI - DOURADO,SEDE,-19.01737,-40.4339,399,-1,0
2020,338,56235,2,1180,ESCOLA GUIMARÃES ROSA,CENTRO,-20.8514,-41.11077,2306,103,0
2020,339,56235,2,1252,EMEB ANISIO VIEIRA DE ALMEIDA RAMOS,VILA RICA,-20.84104,-41.12906,3205,146,0
2020,340,56235,2,1368,EMEB OSWALDO MACHADO,BAIMINAS,-20.85687,-41.1044,2315,94,0
2020,341,56235,2,1376,EEEM CEI ÁTTILA DE ALMEIDA MIRANDA,VILA RICA,-20.84242,-41.12852,4632,121,0
2020,342,56235,2,1406,EMEB GALDINO THEODORO DA SILVA,JARDIM ITAPEMIRIM,-20.85489,-41.15274,4810,118,0
2020,343,56235,2,1414,SESI - SERVIÇO SOCIAL DA INDÚSTRIA,IBC,-20.84928,-41.14848,3439,87,0
2020,344,56235,2,1422,EEEFM LIONS SEBASTIÃO DE PAIVA VIDAURRE,DR LUIZ TINOCO DA FONSECA,-20.83244,-41.15605,2597,119,0
2020,345,56235,2,1430,EMEB PEDRO ESTELLITA HERKENHOFF,WALDIR FURTADO DE AMORIM ,-20.8394,-41.1579,3158,148,0
2020,346,56235,2,1457,EMEB ELISEU LOFEGO,RUY PINTO BANDEIRA,-20.83852,-41.18315,1966,136,0
2020,347,56235,2,1465,EEEFM PROFA. HOSANA SALLES,AEROPORTO,-20.83086,-41.17625,3797,83,0
2020,348,56235,2,1635,EEEF DONA MARIA SANTANA,BASILÉIA,-20.85077,-41.12369,1993,95,0
2020,349,56235,2,1643,EEEFM PROFESSOR CLAUDIONOR RIBEIRO - POLIVALENTE GUANDU,MARIA ORTIZ,-20.84262,-41.12635,1150,121,0
2020,350,56235,2,1660,EEEFM QUINTILIANO DE AZEVEDO,SANTO ANTÔNIO,-20.84612,-41.12562,3683,137,0
2020,351,56235,2,1694,EEEFM AGOSTINHO SIMONATO,JARDIM AMÉRICA,-20.84997,-41.14642,2350,117,0
2020,352,56235,2,1732,EEEFM FRATERNIDADE E LUZ,SUMARÉ,-20.85187,-41.11202,1595,140,0
2020,353,56235,2,1740,EMEB ZENI PIRES FERREIRA,AMARAL,-20.85743,-41.10662,2517,90,0
2020,354,56235,2,1767,EMEB PROF. VALDY FREITAS,PARAÍSO,-20.86297,-41.12187,3350,131,0
2020,355,56235,2,1783,EEEF AMÉLIA TOLEDO DO ROZÁRIO,DISTRITO DE CÓRREGO DOS MONOS,-20.86853,-41.20671,1401,-1,0
2020,356,56235,2,1848,EMEB MARIA DAS DORES PINHEIRO AMARAL,VALÃO,-20.82604,-41.12979,1530,107,0
2020,357,56235,2,1856,EMEB MONTEIRO LOBATO,ALTO UNIÃO,-20.88063,-41.09959,3111,89,0
2020,358,56235,2,1880,EMEB JULIETA DEPES TALLON,ZUMBI,-20.85092,-41.13308,2974,149,0
2020,359,56235,2,1899,EEEF ROTARY,OTTON MARINS,-20.8484,-41.13203,2598,130,0
2020,360,56235,2,1902,EMEB TIJUCA,TIJUCA,-20.91214,-41.11859,476,-1,0
2020,361,56235,2,1929,EMEB PROF. DAVID ALBERTO LÓSS,CORAMARA,-20.83113,-41.15268,1627,104,0
2020,362,56235,2,1937,EMEB NOSSA SENHORA DAS GRAÇAS,AGOSTINHO SIMONATO,-20.84558,-41.1509,1339,84,0
2020,363,56235,2,1996,SALÃO PAROQUIAL DE SANTA FÉ DE CIMA,SANTA FÉ DE CIMA,-20.83739,-41.22876,424,-1,0
2020,364,56235,2,2070,EMEB PROF. DEUSDEDIT BAPTISTA,CORAMARA,-20.83528,-41.14963,698,104,0
2020,365,56235,2,2089,EMEB PADRE GINO ZATELLI,DR GILSON CARONE,-20.83943,-41.14872,2785,111,0
2020,366,56235,2,2119,EMEB LUIZ MARQUES PINTO,BOA VISTA,-20.83475,-41.1806,1286,98,0
2020,367,56235,2,2135,EMEB JENNY GUÁRDIA,SÃO GERALDO,-20.87743,-41.12761,1087,142,0
2020,368,56235,2,2143,EEEFM BERNARDINO MONTEIRO,AMARELO,-20.85989,-41.1181,2401,91,0
2020,369,56235,2,2151,EMEB OSCAR MONTENEGRO FILHO,RECANTO,-20.85133,-41.11816,1516,134,0
2020,370,56235,2,2224,EMEB REVERENDO JADER GOMES COELHO,IBC,-20.85442,-41.15028,2716,113,0
2020,371,56235,2,2232,EMEB PROF. ELÍSIO CORTES IMPERIAL,TEIXEIRA LEITE,-20.83362,-41.12339,678,145,0
2020,372,56235,2,2259,EEEA AUDITIVA LIONS NAPOLEÃO ALBUQUERQUE,BAIMINAS,-20.85624,-41.10495,1352,94,0
2020,373,56235,2,2267,UNIÃO SOCIAL CAMILIANA - CAMPUS I (SÃO CAMILO),PARAÍSO,-20.86061,-41.12104,2753,131,0
2020,374,56235,2,2275,EMEB MARIA TEREZA BRANDÃO DE MELLO,BASILÉIA,-20.85356,-41.12304,761,95,0
2020,375,56235,2,2283,MULTIVIX - CAMPUS MONTE BELO,MONTE BELO,-20.87161,-41.10208,1006,125,1
2020,376,56235,2,2291,EMEB ALAIR TURBAY BAIÃO,OTTON MARINS,-20.8475,-41.13621,1067,130,0
2020,377,56235,2,2305,EMEB MARIA SILOTI,DR LUIZ TINOCO DA FONSECA,-20.83203,-41.15546,759,119,0
2020,378,56235,2,2313,EMEB PE JEFFERSON LUIZ DE MAGALHÃES (SUPER CRECHE),BOA VISTA,-20.83343,-41.17884,730,98,0
2020,379,56235,2,2321,EMEB PROFA ARIETTE MOULIN COSTA,SÃO LUCAS,-20.84578,-41.15887,190,143,0
2020,380,56235,2,2330,EMEB SÃO FRANCISCO DE ASSIS,SÃO FRANCISCO DE ASSIS,-20.85237,-41.14158,604,141,0
2020,381,56235,2,2348,EMEB WALDIR FURTADO AMORIM,WALDIR FURTADO DE AMORIM ,-20.8397,-41.1583,334,148,0
2020,382,56235,48,1015,EMEB AURORA ESTELLITA HERKENHOFF,AQUIDABAN,-20.84951,-41.13997,1503,141,1
2020,383,56235,48,1023,EMEB LUIZ SEMPRINI,DISTRITO DE PACOTUBA,-20.84951,-41.13997,1436,141,1
2020,384,56235,48,1031,EMEB PROFª CIBELIA TEIXEIRA ZIPPINOTI (COUTINHO),DISTRITO DE COUTINHO,-20.84951,-41.13997,854,141,1
2020,385,56235,48,1040,EEEFM ZACHEU MOREIRA DA FRAGA,DISTRITO DE VARGEM GRANDE DE SOTURNO,-20.84951,-41.13997,3370,141,1
2020,386,56235,48,1058,FACULDADE MULTIVIX,INDEPENDÊNCIA,-20.84951,-41.13997,1573,141,1
2020,387,56235,48,1066,EMEB MONTE ALEGRE,MONTE ALEGRE,-20.84951,-41.13997,311,141,1
2020,388,56235,48,1074,EMEB PROF. FLORISBELO NEVES,NOVO PARQUE,-20.84951,-41.13997,3205,141,1
2020,389,56235,48,1082,EMEB PROFA GÉRCIA FERREIRA GUIMARÃES,VILLAGE DA LUZ,-20.84951,-41.13997,1322,141,1
2020,390,56235,48,1120,EEEFM WILSON REZENDE,DISTRITO DE BURARAMA,-20.84951,-41.13997,1527,141,1
2020,391,56235,48,1139,EEEF DE GIRONDA,DISTRITO DE GIRONDA,-20.84951,-41.13997,999,141,1
2020,392,56235,48,1147,EMEB ZILMA COELHO PINTO,FERROVIÁRIOS,-20.84951,-41.13997,804,141,1
2020,393,56235,48,1155,EMEB NEWTON BRAGA,FERROVIÁRIOS,-20.84951,-41.13997,933,141,1
2020,394,56235,48,1163,EMEB ANACLETO RAMOS,FERROVIÁRIOS,-20.84951,-41.13997,2766,141,1
2020,395,56235,48,1171,COLÉGIO JESUS CRISTO REI,INDEPENDÊNCIA,-20.84951,-41.13997,3760,141,1
2020,396,56235,48,1180,EEEFM LICEU MUNIZ FREIRE,INDEPENDÊNCIA,-20.84951,-41.13997,3170,141,1
2020,397,56235,48,1198,EMEB MARIA STAEL DE MEDEIROS TEIXEIRA,VILLAGE DA LUZ,-20.84951,-41.13997,2744,141,1
2020,398,56235,48,1201,EEEFM PRES. GETÚLIO VARGAS (POLIVALENTE AQUIDABAN),AQUIDABAN,-20.84951,-41.13997,2445,141,1
2020,399,56235,48,1210,EEEFM PROFA. INAH WERNECK,AQUIDABAN,-20.84951,-41.13997,4035,141,1
2020,400,56235,48,1228,CEEFMTI PROF. FRANCISCO COELHO ÁVILA JUNIOR (POLIVALENTE CEL BORGES),CORONEL BORGES,-20.84951,-41.13997,3578,141,1
2020,401,56235,48,1236,EMEB ANACLETO RAMOS - PRÉDIO II,FERROVIÁRIOS,-20.84951,-41.13997,1049,141,1
2020,402,56235,48,1252,EEEFM CAROLINA PASSOS GAIGHER,SANTA HELENA,-20.84951,-41.13997,2576,141,1
2020,403,56235,48,1260,EMEB SÃO VICENTE,SÃO VICENTE,-20.84951,-41.13997,820,141,1
2020,404,56235,48,1287,CDPCI - CENTRO DE DETENÇÃO PROVISÓRIA DE CACHOEIRO DE ITAPEMIRIM,CORONEL BORGES,-20.84951,-41.13997,0,141,1
2020,405,56235,48,1295,EEEFM PROFA. PETRONÍLHA VIDIGAL,DISTRITO DE ITAÓCA,-20.84951,-41.13997,3795,141,1
2020,406,56235,48,1309,EEEF PROF. DOMINGOS UBALDO,DISTRITO DE CONDURU,-20.84951,-41.13997,2524,141,1
2020,407,56235,48,1317,EMEB SANDRA MONTEIRO VARGAS PIASSI,AQUIDABAN,-20.84951,-41.13997,90,141,1
2020,408,56235,48,1325,EMEB ZILDA SOARES MOURA,VILLAGE DA LUZ,-20.84951,-41.13997,747,141,1
2020,409,56235,48,1333,EMEB JACOMO SILOTTI,SOTURNO,-20.84951,-41.13997,592,141,1
2020,410,56235,48,1341,COMUNIDADE NOSSA SENHORA DE FÁTIMA,INDEPENDÊNCIA,-20.84951,-41.13997,190,141,1
2020,411,56235,48,1350,EMEB PROFESSORA VALERIA AQUINO VIANA,ITAÓCA,-20.84951,-41.13997,365,141,1
2020,412,56235,48,1368,EPPG BEM TE VI,IBITIQUARA,-20.84951,-41.13997,289,141,1
2020,413,56251,34,1228,EMEF ANTÁRIO ALEXANDRE THEODORO ( ANTÁRIO FILHO),SÃO FRANCISCO,-20.34844,-40.40666,453,226,0
2020,414,56251,34,1236,EMEF STÉLIDA DIAS,CAMPO GRANDE,-20.34008,-40.38412,4247,164,0
2020,415,56251,34,1244,FACULDADE MULTIVIX,CAMPO GRANDE,-20.34484,-40.38165,5785,164,0
2020,416,56251,34,1252,EMEF TALMA SARMENTO DE MIRANDA,SÃO GERALDO,-20.341,-40.38218,4585,227,0
2020,417,56251,34,1260,EEEFM HUNNEY EVEREST PIOVESAN,SANTA FÉ,-20.34669,-40.3869,7276,188,0
2020,418,56251,34,1279,EMEF NILTON GOMES (CRUZEIRO DO SUL),CRUZEIRO DO SUL,-20.32702,-40.38514,3923,180,1
2020,419,56251,34,1287,CMEI JESUS MENINO (PARQUE INFANTIL),CAMPO GRANDE,-20.33919,-40.38698,1581,164,0
2020,420,56251,34,1295,EMEF MARIA PAIVA,SÃO GERALDO,-20.34782,-40.3784,2418,227,0
2020,421,56251,34,1325,EMEF EURIDES GABRIEL (SANTA IZABEL),CAMPO BELO,-20.36052,-40.37963,2344,163,0
2020,422,56251,34,1341,EMEF PEDRO VENTURIM,ROSA DA PENHA,-20.34944,-40.38271,1360,213,0
2020,423,56251,34,1457,CMEI LARISSA PEREIRA BATISTA ( PRÉ-ESCOLAR CHAPEUZINHO VERMELHO),BELA AURORA,-20.35194,-40.36845,1458,158,1
2020,424,56251,34,1465,EEEF TIRADENTES,BELA AURORA,-20.35231,-40.36656,4829,158,0
2020,425,56251,34,1473,EMEF SÃO JORGE,RIO MARINHO,-20.3806,-40.36893,5445,186,0
2020,426,56251,34,1724,EMEF JONES DOS SANTOS NEVES,BOA SORTE,-20.32702,-40.38514,2259,180,1
2020,427,56251,34,1759,EMEF ROSA DA PENHA PROVISÓRIO,ROSA DA PENHA,-20.35483,-40.38328,2091,224,0
2020,428,56251,34,1767,EMEF ALZIRA RAMOS,RIO MARINHO,-20.38069,-40.36968,5115,186,0
2020,429,56251,34,1775,EEEF CELESTINO DE ALMEIDA,BELA VISTA,-20.36955,-40.37163,2336,159,0
2020,430,56251,34,1791,EMEF NOEMIA COSTA DE LIMA,VISTA MAR,-20.36231,-40.36754,5225,157,0
2020,431,56251,34,1899,EMEF MANUEL MELO SOBRINHO,VILA PALESTINA,-20.32702,-40.38514,1918,180,1
2020,432,56251,34,1902,CMEI PEDRO VIEIRA DA SILVA,SÃO GERALDO,-20.34341,-40.37872,1140,227,0
2020,433,56251,34,1910,EMEF TANCREDO DE ALMEIDA NEVES,SANTA BÁRBARA,-20.35443,-40.39478,3150,214,0
2020,434,56251,34,1945,EMEF AYRTON SENNA ( VISTA MAR),VISTA MAR,-20.35524,-40.36632,2472,249,0
2020,435,56251,34,1953,EMEF ROSA DA PENHA,ROSA DA PENHA,-20.34801,-40.38336,3066,213,0
2020,436,56251,34,1970,EMEF RENASCER,PADRE GABRIEL,-20.37359,-40.39017,3253,200,0
2020,437,56251,34,2011,EMEF VALDECI CEZARIO (VILA RICA),VILA RICA,-20.3567,-40.40342,1227,219,0
2020,438,56251,34,2020,EMEF ORLANDO MOREIRA DE LIMA ( ITAPEMIRIM),ITAPEMIRIM,-20.35545,-40.37949,2799,181,0
2020,439,56251,34,2038,EMEF JOANA MARIA DA SILVA,CASTELO BRANCO,-20.37203,-40.37918,4425,168,0
2020,440,56251,34,2046,EMEF MARIA AUGUSTA TAVARES ( JARDIM BOTÂNICO),JARDIM BOTÂNICO,-20.38898,-40.37227,2086,184,0
2020,441,56251,34,2089,EMEF-HEMOGÊNIA MARIA DA CONCEIÇÃO,PIRANEMA,-20.32859,-40.41747,2027,203,0
2020,442,56251,34,2097,EMEF-FERDINANDO SANTÓRIO,VILA CAPIXABA,-20.33886,-40.39795,2094,240,0
2020,443,56251,34,2100,EEEFM PROF. JOSÉ LEÃO NUNES,VALE ESPERANÇA,-20.34591,-40.36451,2911,234,0
2020,444,56251,34,2119,EEEFM-THEODOMIRO RIBEIRO COELHO,NOVO HORIZONTE,-20.33541,-40.42285,2568,197,0
2020,445,56251,34,2135,EEEF PAUTILHA RODRIGUES XAVIER,JARDIM AMÉRICA,-20.33766,-40.35959,846,183,0
2020,446,56251,34,2143,EPSG PASSIONISTA,JARDIM AMÉRICA,-20.33465,-40.36353,4488,183,0
2020,447,56251,34,2151,EMEF CERQUEIRA LIMA,JARDIM AMÉRICA,-20.3378,-40.36587,2716,183,0
2020,448,56251,34,2160,EMEF ANTERO JOSÉ DO NASCIMENTO (REIS MAGOS),VALE DOS REIS,-20.32392,-40.42829,3278,235,0
2020,449,56251,34,2178,EMEF-EUVIRA BENEDITA CARDOSO DA SILVA,NOVO BRASIL,-20.31712,-40.43732,2276,196,0
2020,450,56251,34,2186,EMEF AMENÓPHIS DE ASSIS,VALE ESPERANÇA,-20.34449,-40.3688,1171,234,0
2020,451,56251,34,2194,EEEFM-ARY PARREIRAS,VILA CAPIXABA,-20.33725,-40.39554,4461,240,0
2020,452,56251,34,2208,EMEF-MARÍLIA DE REZENDE COUTINHO,SANTA CECÍLIA,-20.33286,-40.3945,2507,215,0
2020,453,56251,34,2216,CMEI JOSE LUIS ARAUJO,NOVO HORIZONTE,-20.33541,-40.42285,836,197,1
2020,454,56251,34,2224,EEEF JOSÉ VITOR FILHO (JARDIM FELIZ),VILA INDEPENDÊNCIA,-20.33289,-40.4079,1276,241,0
2020,455,56251,34,2232,EEEF JESUS CRISTO REI,SÃO FRANCISCO,-20.34911,-40.40636,5370,226,0
2020,456,56251,34,2240,CMEI MARIA APARECIDA LACERDA MOURA ( PRÉ-ESCOLAR VERA CRUZ),VERA CRUZ,-20.33649,-40.37626,1195,238,0
2020,457,56251,34,2259,EEEF ANTÔNIO ESTEVES,VERA CRUZ,-20.33848,-40.37307,1174,238,0
2020,458,56251,34,2267,FACULDADE PIO XII,CAMPO GRANDE,-20.33835,-40.38471,2145,164,0
2020,459,56251,34,2283,EEEFM DR. JOSÉ MOYSES,BELA VISTA,-20.36955,-40.37163,651,159,1
2020,460,56251,34,2291,SESI,VILA CAPIXABA,-20.33764,-40.39181,362,240,0
2020,461,56251,34,2313,CMEI TARCILIO MONTANARI,BELA AURORA,-20.35157,-40.37035,189,158,0
2020,462,56251,34,2321,EEEFM NEA SALLES NUNES PEREIRA ( MARACANÃ ),MARACANÃ,-20.3588,-40.37394,190,187,0
2020,463,56251,34,2348,CMEI ALTIVA BELMON DE CAMPOS,JARDIM CAMPO GRANDE,-20.32702,-40.38514,261,180,1
2020,464,56251,34,2356,SESC - CENTRO DE ESPORTE E LAZER DE CARIACICA,SANTA BÁRBARA,-20.35518,-40.3887,261,202,0
2020,465,56251,54,1015,EEEFM PROFESSOR AUGUSTO LUCIANO,CARIACICA SEDE,-20.26678,-40.41852,3861,167,0
2020,466,56251,54,1031,EEEFM SÃO JOÃO BATISTA,CARIACICA SEDE,-20.27388,-40.41361,6905,230,0
2020,467,56251,54,1040,EMEF VIRGÍLIO FRANCISCO SCHWAB,PORTO DE CARIACICA,-20.27879,-40.40251,3423,207,0
2020,468,56251,54,1058,EMEF MARIA GUILHERMINA DE CASTRO,CAMPO VERDE,-20.29415,-40.40663,4266,165,0
2020,469,56251,54,1074,CMEI CLETO PRUDÊNCIO RODRIGUES,CARIACICA SEDE,-20.26682,-40.41731,1193,167,0
2020,470,56251,54,1090,EEEFM CORONEL OLIMPIO CUNHA,SANTANA,-20.31139,-40.39139,5366,218,0
2020,471,56251,54,1112,CMEI DARCY RODRIGUES CARDOSO (DISNEILÂNDIA),SANTANA,-20.31139,-40.39139,1122,218,1
2020,472,56251,54,1120,CEEMTI PROFESSORA MARIA PENEDO - POLIVALENTE,ITACIBÁ,-20.32649,-40.37435,2881,179,0
2020,473,56251,54,1139,EMEF TERFINA ROCHA FERREIRA,ITACIBÁ,-20.32318,-40.37582,4678,179,0
2020,474,56251,54,1147,INSTITUTO FEDERAL DO ESPÍRITO SANTO - IFES,ITACIBÁ,-20.32412,-40.3722,1572,179,0
2020,475,56251,54,1171,CMEI CORINA SERRANO MOTA (BRANCA DE NEVE),NOVA BRASÍLIA,-20.32417,-40.38805,1715,190,0
2020,476,56251,54,1180,EEEF JOSÉ MARIA FERREIRA,NOVA BRASÍLIA,-20.32681,-40.39229,3973,190,0
2020,477,56251,54,1198,EEEFM NOSSA SENHORA APARECIDA,ORIENTE,-20.32853,-40.37959,2805,199,1
2020,478,56251,54,1201,EMEF ÁLVARO ARMELONI,ORIENTE,-20.32853,-40.37959,2203,199,0
2020,479,56251,54,1210,EMEF ÂNGELO ZANI,MUCURI,-20.32702,-40.38514,3102,180,1
2020,480,56251,54,1481,EEEFM ROSA MARIA REIS,PORTO DE CARIACICA,-20.27879,-40.40251,1392,207,1
2020,481,56251,54,1503,EEEFM PROFESSOR JOAQUIM BARBOSA QUITIBA,ITANGUÁ,-20.32702,-40.38514,4782,180,1
2020,482,56251,54,1511,EEEFM JOSÉ RODRIGUES COUTINHO,SANTO ANTÔNIO,-20.30111,-40.40528,1676,166,0
2020,483,56251,54,1597,EMEF LEONILDA DAS GRAÇAS LANGA,NOVA VALVERDE,-20.32015,-40.39126,1371,195,0
2020,484,56251,54,1635,EEPEF PROFESSORA ILDA MEIRELLES FREIRE,BOA VISTA,-20.32389,-40.47917,444,-1,0
2020,485,56251,54,1716,INSTITUTO FEDERAL DO ESPÍRITO SANTO - IFES (ANTIGO ERENITA R TRANCOSO),ITACIBÁ,-20.32459,-40.37412,887,179,1
2020,486,56251,54,1821,EMEF PADRE ANTHONIUS LUTE,NOVA ESPERANÇA,-20.26008,-40.39262,968,193,0
2020,487,56251,54,1864,EMEF VALDICI ALVES BAIER,AREINHA,-20.32702,-40.38514,2438,180,1
2020,488,56251,54,1937,EMEF PADRE GABRIEL ROGER MAIRE - CAIC,PORTO NOVO,-20.298,-40.37034,4687,205,0
2020,489,56251,54,1945,EEEFM SATURNINO RANGEL MAURO,NOVA ROSA DA PENHA I,-20.26222,-40.38176,3070,194,0
2020,490,56251,54,1953,CMEI APARECIDA DA CONCEIÇÃO CASAGRANDE CAMILIO,FLEXAL I,-20.28958,-40.37878,2337,174,0
2020,491,56251,54,1961,EEEFM ANA LOPES BALESTREIRO,FLEXAL I,-20.28911,-40.37802,3801,174,0
2020,492,56251,54,1970,CEEFTI PRESIDENTE CASTELO BRANCO,PORTO DE SANTANA,-20.30803,-40.36724,2272,206,0
2020,493,56251,54,1988,CAT-INDª ARNALDO MAGALHES FILHO - SESI,PORTO DE SANTANA,-20.30814,-40.36865,3418,206,1
2020,494,56251,54,2003,EMEF ARTHUR DA COSTA E SILVA,APARECIDA,-20.30589,-40.37485,3546,156,0
2020,495,56251,54,2011,EMEF ANTONIO COUTINHO DE OLIVEIRA,RETIRO SAUDOSO,-20.30115,-40.37601,655,210,0
2020,496,56251,54,2020,EEEFM MARIA DE LOURDES POYARES LABUTO,VILA TABAJARA,-20.30245,-40.39343,3948,231,0
2020,497,56251,54,2038,EMEF JOÃO PEDRO DA SILVA,PORTO DE SANTANA,-20.30824,-40.37005,2637,206,0
2020,498,56251,54,2046,INSTITUTO FEDERAL DO ESPÍRITO SANTO - IFES (ANTIGO JOCARLY G. SALLES),ITACIBÁ,-20.32459,-40.37412,1079,179,1
2020,499,56251,54,2054,EEEFM JOÃO CRISÓSTOMO BELESA,PORTO DE SANTANA,-20.30814,-40.36865,2170,206,1
2020,500,56251,54,2062,EEEF MANOEL PASCHOAL DE OLIVEIRA,NOVA CANAÃ,-20.28606,-40.37617,3512,192,0
2020,501,56251,54,2070,EEEFM ZAIRA MANHÃES DE ANDRADE,NOVA ROSA DA PENHA I,-20.2632,-40.38877,4978,194,0
2020,502,56251,54,2089,EMEF OLIVEIRA CASTRO,ITAQUARI,-20.32785,-40.36075,3264,182,0
2020,503,56251,54,2097,CMEI ANA LÚCIA FERREIRA DA SILVA,ITAQUARI,-20.32498,-40.36058,1153,182,0
2020,504,56251,54,2119,EMEF HILDA SCARPINO (ANTIGO PRESIDENTE MÉDICI),PRESIDENTE MÉDICI,-20.32702,-40.38514,3485,180,1
2020,505,56251,54,2127,EMEF PROFESSORA TÂNIA PONCIO LEITE,VILA CAJUEIRO,-20.26059,-40.35607,395,239,0
2020,506,56251,54,2135,EMEF IRACY GOBBI,EXPEDITO,-20.32568,-40.36847,1611,173,0
2020,507,56251,54,2143,EMEF LAURINDA PEREIRA DO NASCIMENTO,VILA GRAÚNA,-20.30481,-40.38553,2814,178,0
2020,508,56251,54,2151,EMEF PROFESSORA MARIUZA SECHIN,NOVA ROSA DA PENHA II,-20.25203,-40.38422,4042,194,0
2020,509,56251,54,2160,EEEFM PROFESSORA MARIA DE LOURDES SANTOS SILVA,ALTO LAGE,-20.32946,-40.3683,4581,152,0
2020,510,56251,54,2178,CEEFTI ITAGIBA ESCOBAR,SOTEMA,-20.32186,-40.36641,2417,153,0
2020,511,56278,3,1015,EEEM EMÍLIO NEMER,CENTRO,-20.60312,-41.2051,1438,-1,0
2020,512,56278,3,1023,EEEFM JOÃO BLEY,CENTRO,-20.61022,-41.20268,3543,-1,0
2020,513,56278,3,1031,EEEF MADALENA PISA,VILA ISABEL,-20.60253,-41.20936,3638,-1,0
2020,514,56278,3,1040,EEEF NESTOR GOMES,CENTRO,-20.60417,-41.20343,2274,-1,0
2020,515,56278,3,1066,EMEIEF FELINTO MARTINS,ARACUÍ,-20.64183,-41.20887,2357,-1,0
2020,516,56278,3,1074,EMEIEF DELSA FRASSON,ESTRELA DO NORTE,-20.58386,-41.31395,1312,-1,0
2020,517,56278,3,1112,SALÃO PAROQUIAL DA IGREJA MATRIZ,NOSSA SENHORA APARECIDA,-20.60375,-41.20385,370,-1,0
2020,518,56278,3,1139,SALÃO DE RECEPÇÕES IGREJA BATISTA,INDEPENDÊNCIA,-20.5995,-41.20261,659,-1,0
2020,519,56278,3,1155,EEEF ESPLANADA,ESPLANADA,-20.61693,-41.20153,871,-1,0
2020,520,56278,3,1163,EMEIEF ADILSON FURLAN,PATRIMÔNIO DO OURO,-20.56854,-41.07632,1012,-1,0
2020,521,56278,3,1171,EEEF LIMOEIRO,LIMOEIRO,-20.48721,-41.16468,1224,-1,0
2020,522,56278,3,1180,EMEIEF JUAN ECHAVARRI ASIAIN,FAZENDA DO CENTRO,-20.53199,-41.1702,564,-1,0
2020,523,56278,3,1198,EMEIEF ANTÔNIO SASSO,SÃO MANOEL,-20.50952,-41.2293,378,-1,0
2020,524,56278,3,1201,CAPELA SÃO LUIZ GONZAGA,PONTÕES,-20.54309,-41.28244,457,-1,0
2020,525,56278,3,1210,IGREJA NOSSA SENHORA DO ROSÁRIO,CAXIXE,-20.47451,-41.1254,321,-1,0
2020,526,56278,3,1228,EMEIEF IRMÃOS MANGIFESTE,PEDRA LISA,-20.57121,-41.38453,152,-1,0
2020,527,56278,3,1236,EEEF MUNDO NOVO,MUNDO NOVO,-20.61201,-41.27346,482,-1,0
2020,528,56278,3,1244,EEEF MONTE PIO,MONTE PIO,-20.59803,-41.13391,634,-1,0
2020,529,56278,3,1252,CAPELA SANTA RITA DE CÁSSIA,CASTELO III,-20.63406,-41.20398,655,-1,0
2020,530,56278,3,1260,IGREJA SÃO FRANCISCO DE ASSIS,GARAGEM,-20.59551,-41.21476,479,-1,0
2020,531,56278,3,1279,EMEIEF ANTONIO TEIXEIRA DE MELO - PROVISÓRIO,NITERÓI,-20.60785,-41.19913,858,-1,0
2020,532,56278,3,1287,EMEIEF CENTRO UNIFICADO CONSTANTINO JOSÉ VIEIRA,INDEPENDÊNCIA,-20.59672,-41.20467,2086,-1,0
2020,533,56278,3,1295,EMEIEF FORNO GRANDE,FORNO GRANDE,-20.48726,-41.07896,297,-1,0
2020,534,56278,3,1309,CRECHE NOSSA SENHORA DA PENHA,CENTRO,-20.60386,-41.20126,871,-1,0
2020,535,56278,3,1325,MULTIVIX,EXPOSIÇÃO,-20.60843,-41.21297,545,-1,0
2020,536,56278,3,1333,CEIM ERLITA BICALHO NEMER,ESPLANADA,-20.61788,-41.20023,1054,-1,0
2020,537,56278,3,1341,EMEIEF ANTONIO TEIXEIRA DE MELO,NITERÓI,-20.60284,-41.19989,336,-1,0
2020,538,56294,6,1104,EEEFM GERALDO VARGAS NOGUEIRA,LACE,-19.52723,-40.63269,4106,271,0
2020,539,56294,6,1120,EMEF DR. RAUL GIUBERTI,MARIA DAS GRAÇAS,-19.51181,-40.61898,3296,274,0
2020,540,56294,6,1139,EEEFM HONÓRIO FRAGA,SÃO SILVANO,-19.52269,-40.63624,4338,271,0
2020,541,56294,6,1147,EMEF DR. UBALDO RAMALHETE,SANTA MÔNICA,-19.52147,-40.63975,2279,304,0
2020,542,56294,6,1155,EEEFM CAROLINA PICHLER,SÃO SILVANO,-19.51961,-40.64734,3781,309,0
2020,543,56294,6,1163,EMEF EUGÊNIO MENEGHELLI,NOSSA SENHORA APARECIDA,-19.52689,-40.63867,3831,280,0
2020,544,56294,6,1171,EMEF FERRÚCIO FORRECHI,CARLOS GERMANO NAUMANN,-19.48657,-40.67313,1809,258,0
2020,545,56294,6,1180,EEEFM PROFESSORA NÉA MONTEIRO COSTA,HONÓRIO FRAGA,-19.52798,-40.66271,4071,268,0
2020,546,56294,6,1228,EPM JOSÉ FAQUINOTTI,PATRIMÔNIO DE SÃO JOÃO GRANDE,-19.47227,-40.77384,334,-1,0
2020,547,56294,6,1376,EMCOR PADRE FULGÊNCIO DO MENINO JESUS,SEDE DO DISTRITO DE ÂNGELO FRECHIANI,-19.31027,-40.68666,984,-1,0
2020,548,56294,6,1406,EMCOR SÃO JOÃO PEQUENO,PATRIMÔNIO DE SÃO JOÃO PEQUENO,-19.34812,-40.75318,812,-1,0
2020,549,56294,6,1414,EUM SÃO SALVADOR,PATRIMÔNIO DE SÃO SALVADOR,-19.41871,-40.71716,242,-1,0
2020,550,56294,6,1422,EMEF GRAÇA ARANHA,DISTRITO DE PAUL GRAÇA ARANHA,-19.31597,-40.59643,869,-1,0
2020,551,56294,6,1430,EMEF JOSÉ FACHETTI,MARIA DAS GRAÇAS,-19.51806,-40.62209,1714,274,0
2020,552,56294,6,1449,EMEF PROF. JOÃO ELIAS PANCOTO,CARLOS GERMANO NAUMANN,-19.48811,-40.6724,2448,258,0
2020,553,56294,6,1465,EUM FAZENDA RIVA,FAZENDA RIVA,-19.46749,-40.8142,150,-1,0
2020,554,56294,6,1473,EUM FAZENDA MISTERIOSA,FAZENDA MISTERIOSA,-19.45096,-40.84096,207,-1,0
2020,555,56294,6,1562,EUM CABECEIRA DE SÃO PEDRO,CÓRREGO SÃO PEDRO FRIO,-19.38751,-40.81795,258,-1,0
2020,556,56294,6,1589,EUM AURÉLIO PRETTI,CÓRREGO JEQUITIBÁ,-19.31113,-40.77335,172,-1,0
2020,557,56294,6,1597,EUM FAZENDA NOSSA SENHORA APARECIDA,CÓRREGO SANTANA,-19.39736,-40.75267,184,-1,0
2020,558,56294,6,1619,ASSOCIAÇÃO DE MORADORES DE CASCATINHA,CASCATINHA,-19.37088,-40.69764,119,-1,0
2020,559,56294,6,1635,EMEF MARIA DA LUZ GOTTI,SÃO SILVANO,-19.51693,-40.65284,3178,298,0
2020,560,56294,6,1643,EMEF JOÃO MANOEL MENEGHELLI,AYRTON SENNA,-19.49118,-40.65488,3189,254,0
2020,561,56294,6,1651,EMEF BAIRRO COLUMBIA,COLUMBIA,-19.52565,-40.70833,2974,263,0
2020,562,56294,6,1660,EMEF AMÉLIO FORECHI,SANTO ANTÔNIO,-19.52023,-40.65473,1551,298,0
2020,563,56294,6,1686,EMEF SÃO MARCOS,NOVO HORIZONTE,-19.52364,-40.66843,1205,282,0
2020,564,56294,6,1694,EPM PONTE DO PANCAS,GORDIANO GUIMARÃES,-19.42397,-40.68763,481,-1,0
2020,565,56294,6,1716,EPM QUINZE DE OUTUBRO,15 DE OUTUBRO,-19.4596,-40.69517,503,-1,0
2020,566,56294,6,1740,EMEF MATILDE GUERRA COMÉRIO,SANTOS DUMONT,-19.52209,-40.64815,2368,299,0
2020,567,56294,6,1767,CDPCOL - CENTRO DE DETENÇÃO PROVISÓRIA DE COLATINA,CÓRREGO SANTA FÉ,-19.49605,-40.59771,0,279,1
2020,568,56294,6,1783,IFES - INSTITUTO FEDERAL DO ESPÍRITO SANTO CAMPUS ITAPINA,DISTRITO DE ITAPINA,-19.49776,-40.7608,523,-1,0
2020,569,56294,6,1791,EUM BARRA SECA,DISTRITO DE BOAPABA,-19.61415,-40.74832,205,-1,0
2020,570,56294,6,1805,EEEF DR. OCTÁVIO MANHÃES DE ANDRADE,SAGRADO CORAÇÃO DE JESUS,-19.5397,-40.63845,1878,291,0
2020,571,56294,6,1813,CEIM VISTA DA SERRA,VISTA DA SERRA,-19.549,-40.62071,830,311,0
2020,572,56294,6,1821,EEEFM RUBENS RANGEL,ESPLANADA,-19.53856,-40.63429,2567,264,0
2020,573,56294,6,1830,EMEF CLERES MARTINS MOREIRA,SÃO VICENTE,-19.53292,-40.62145,2399,305,0
2020,574,56294,6,1848,EEEFM LIONS CLUB DE COLATINA,MOACIR BROTAS,-19.54337,-40.6285,2989,277,0
2020,575,56294,6,1856,CEIM LUIZA DE MARILAC,OPERÁRIOS,-19.53932,-40.6265,1295,284,0
2020,576,56294,6,1864,EPM ROTARY CLUB,LUIZ IGLESIAS,-19.54375,-40.66863,742,272,0
2020,577,56294,6,1872,EMCOR FAZENDA PINOTTI,SÃO JOÃO DA BARRA SECA,-19.58701,-40.73757,334,-1,0
2020,578,56294,6,1880,EMEF OSÉAS RANGEL DE AMORIM,COLATINA VELHA,-19.52024,-40.61397,2527,295,0
2020,579,56294,6,1899,EMEF ADWALTER RIBEIRO SOARES,SANTA TERESINHA,-19.55103,-40.62953,2808,297,0
2020,580,56294,6,1902,EMCOR ERNESTO CORRADI,DISTRITO DE BOAPABA,-19.635,-40.61935,1303,-1,0
2020,581,56294,6,1910,EUM NOSSA SENHORA DAS GRAÇAS,CÓRREGO SANTA JOANA,-19.58412,-40.7717,208,-1,0
2020,582,56294,6,1929,EMEF GODOFREDO CHAVES BAIÃO,BARBADOS,-19.52125,-40.57673,650,255,0
2020,583,56294,6,1937,EMEF MARIA ORTIZ,SEDE DO DISTRITO DE ITAPINA,-19.53347,-40.81354,850,-1,0
2020,584,56294,6,1945,EMEF LUIZ DALLA BERNARDINA,BELA VISTA,-19.536,-40.62351,2181,256,0
2020,585,56294,6,1953,EMCOR PROFESSORA  LUIZA CREMA,SEDE DO DISTRITO DE BAUNILHA,-19.57118,-40.50598,1284,-1,0
2020,586,56294,6,1961,EUM POVOAÇÃO DE BAUNILHA,POVOAÇÃO DE BAUNILHA,-19.62823,-40.55205,398,-1,0
2020,587,56294,6,1970,CEEMTI CONDE DE LINHARES - ESCOLA VIVA,CENTRO,-19.53359,-40.62724,3131,260,0
2020,588,56294,6,1988,EMEF DR. CARLOS GERMANO NAUMANN,MARIA ISMÊNIA,-19.54604,-40.63523,1562,307,0
2020,589,56294,6,1996,EEEF ARISTÍDES FREIRE,CENTRO,-19.53521,-40.63376,3198,260,0
2020,590,56294,6,2003,EMEF CORONEL VIRGÍNIO CALMON,VILA LENIRA,-19.54042,-40.63895,2244,275,0
2020,591,56294,6,2011,CENTRO COMUNITÁRIO FAZENDA KNAAK,CÓRREGO ESTRELA,-19.56057,-40.77989,271,-1,0
2020,592,56294,6,2020,EMEF HUMBERTO DE CAMPOS,OPERÁRIOS,-19.53894,-40.62729,1271,287,0
2020,593,56294,6,2038,EMEF BELMIRO TEIXEIRA PIMENTA,BELA VISTA,-19.54096,-40.62263,213,270,0
2020,594,56294,6,2046,CEIM NOSSA SENHORA DA PENHA,HONÓRIO FRAGA,-19.52894,-40.65998,1554,276,0
2020,595,56308,51,1015,EMEF BELIZÁRIO GUSMÃO,NOVA BRASÍLIA,-19.25469,-40.4565,1208,-1,0
2020,596,56308,51,1023,EEEFM PROF SANTOS PINTO,CENTRO,-19.25283,-40.46257,2621,-1,0
2020,597,56308,51,1031,EEEF DR MOACIR AVIDOS,CÓRREGO MOACIR,-19.23589,-40.51136,1597,-1,0
2020,598,56308,51,1040,EEEF IRINEU MORELLO,BARRA DE NOVO BRASIL,-19.14153,-40.46701,1006,-1,0
2020,599,56308,51,1058,EUMEF BAIXO MOACIR,BARRA DE NOVO BRASIL,-19.11105,-40.3956,306,-1,0
2020,600,56308,51,1066,EEEFM PROF CARLOS MENDES,DISTRITO DE NOVO BRASIL,-19.22488,-40.59336,1938,-1,0
2020,601,56316,27,1023,EEEFM PROF. JOAQUIM FONSECA,CENTRO,-18.45071,-39.86765,2186,-1,1
2020,602,56316,27,1058,EMEF DR. MÁRIO VELLO SILVARES,CENTRO,-18.45071,-39.86765,3251,-1,1
2020,603,56316,27,1066,E.M.E.I.E.F. ÂNGELO LUIZ SAGRILLO SMIDERLE,CENTRO,-18.45071,-39.86765,1499,-1,1
2020,604,56316,27,1074,EMEF GENTIL LOPES DA CUNHA,SAYONARA,-18.45071,-39.86765,1082,-1,1
2020,605,56316,27,1082,EMEF BENÔNIO FALCÃO DE GOUVÊA,ITAÚNAS,-18.45071,-39.86765,1308,-1,1
2020,606,56316,27,1104,EMEF DR. ALUÍZIO FEU SMIDERLE (EMEF JORGE DUFFLES ANDRADE DONATI),BRAÇO DO RIO,-18.45071,-39.86765,2710,-1,1
2020,607,56316,27,1112,EPG JOSÉ CARLOS CASTRO,BRAÇO DO RIO,-18.45071,-39.86765,2516,-1,1
2020,608,56316,27,1120,CENTRO INTEGRADO DE EDUCAÇÃO COMPLEMENTAR (CIEC) - COZINHA INDUSTRIAL,BRAÇO DO RIO,-18.45071,-39.86765,1500,-1,1
2020,609,56316,27,1139,EMEF MARIA CARELLI LOMONTE,COBRAICE,-18.45071,-39.86765,1516,-1,1
2020,610,56316,27,1260,EMEF PROFA. DEOLINDA LAGE,SANTANA,-18.45071,-39.86765,2117,-1,1
2020,611,56316,27,1287,EMEF MOACYR MARTINS PESTANA (MELEIRA),MELEIRA,-18.45071,-39.86765,455,-1,1
2020,612,56316,27,1295,EMEF ASTROGILDO CARNERO SETUBAL,SANTO AMARO,-18.45071,-39.86765,1508,-1,1
2020,613,56316,27,1309,U.A.B. - UNIVERSIDADE ABERTA DO BRASIL (CIEC),CENTRO,-18.45071,-39.86765,972,-1,1
2020,614,56316,27,1317,EEEF VALDÍCIO BARBOSA DOS SANTOS,ASSENTAMENTO VALDÍCIO BARBOSA,-18.45071,-39.86765,89,-1,1
2020,615,56316,27,1325,EEEF CÓRREGO DO CEDRO,ASSENTAMENTO PAULO VINHAS,-18.45071,-39.86765,126,-1,1
2020,616,56332,40,1015,UMEF ELISA PAIVA,CENTRO,-20.35708,-41.24428,3017,-1,0
2020,617,56332,40,1023,UMEI BRAZ LACERDA AMIGO,CENTRO,-20.36249,-41.24654,1327,-1,0
2020,618,56332,40,1082,UMEF SANTA LUZIA,SANTA LUZIA,-20.39602,-41.20106,652,-1,0
2020,619,56332,40,1090,UMEF SANTO ANTÔNIO,SANTO ANTÔNIO,-20.46542,-41.27801,524,-1,0
2020,620,56332,40,1112,UMEF ALTO MONFORTE,MONFORTE FRIO,-20.36347,-41.33573,376,-1,0
2020,621,56332,40,1120,UMEF MATA FRIA,MATA FRIA,-20.28489,-41.18048,545,-1,0
2020,622,56332,40,1147,SÃO JOSÉ DA BELA VISTA,SÃO JOSÉ DA BELA VISTA,-20.46344,-41.24653,375,-1,0
2020,623,56332,40,1155,EEEFM PROF. ALDY SOARES MERÇON VARGAS,CENTRO,-20.35607,-41.24218,2793,-1,0
2020,624,56332,40,1163,UMEF JOSÉ FERIANI,ANGÁ,-20.42876,-41.26537,221,-1,0
2020,625,56332,40,1171,UMEF ANTONIO PADOANI,INDAIÁ,-20.31832,-41.2237,244,-1,0
2020,626,56359,13,1015,EEEFM JUVENAL NOLASCO,CENTRO,-20.62147,-41.68583,3356,-1,0
2020,627,56359,13,1058,EM ALAN KARDEC BITENCOURT DIAS,PATRIMÔNIO DA PENHA,-20.58458,-41.76028,813,-1,0
2020,628,56375,15,1015,EPSG DE PEDREIRAS,PEDRA AZUL (ARACÊ),-20.31835,-40.8419,2410,-1,1
2020,629,56375,15,1023,EMEF JOSÉ ULIANA,BARCELOS (ARACÊ),-20.31835,-40.8419,706,-1,1
2020,630,56375,15,1058,EMEF SANTA ISABEL,SANTA ISABEL,-20.31835,-40.8419,1533,-1,1
2020,631,56375,15,1074,EMEF BIRIRICAS DE CIMA,BIRIRICAS,-20.31835,-40.8419,756,-1,1
2020,632,56375,15,1104,EME GUSTAVO GUILHERME JOÃO PLASTER,MELGAÇO DE CIMA,-20.31835,-40.8419,1003,-1,1
2020,633,56375,15,1112,EMEF MARIANO FERREIRA DE NAZARETH (ANTIGO CNEC),CENTRO SUL,-20.31835,-40.8419,4110,-1,1
2020,634,56375,15,1120,EEEFM TEÓFILO PAULINO (POLIVALENTE),CENTRO OESTE,-20.31835,-40.8419,1476,-1,1
2020,635,56375,15,1139,CEMEI GERMANO GERHARDT,CENTRO NORTE,-20.31835,-40.8419,1213,-1,1
2020,636,56375,15,1171,EMEF ANTONIO FRANCISCO ERLACHER,PEROBAS (PARAJU),-20.31835,-40.8419,1052,-1,1
2020,637,56375,15,1180,EPSG GISELA SALOKER FAYET,PARAJU,-20.31835,-40.8419,1463,-1,1
2020,638,56375,15,1198,EPSG PONTO ALTO,PONTO ALTO,-20.31835,-40.8419,1520,-1,1
2020,639,56375,15,1201,EMPEF NOVA ALMEIDA,NOVA ALMEIDA (PARAJU),-20.31835,-40.8419,329,-1,1
2020,640,56375,15,1210,EMEF RIO PONTE,RIO PONTE (MELGAÇO),-20.31835,-40.8419,775,-1,1
2020,641,56375,15,1228,EMEF TIJUCO PRETO,TIJUCO PRETO (PONTO ALTO),-20.31835,-40.8419,1094,-1,1
2020,642,56375,15,1295,EMEF AUGUSTO PETTER BERTOLD PAGUNG,MELGAÇO DE BAIXO,-20.31835,-40.8419,1148,-1,1
2020,643,56375,15,1309,EMEF CRISTO REI,CRISTO REI (ARACÊ),-20.31835,-40.8419,523,-1,1
2020,644,56375,15,1317,EMPEF SÃO RAFAEL,SÃO RAFAEL (ARACÊ),-20.31835,-40.8419,436,-1,1
2020,645,56375,15,1325,EMEF ALTO PARAJU (ANTIGO CÓRREGO SÃO BENTO),ALTO PARAJU (PARAJU),-20.31835,-40.8419,610,-1,1
2020,646,56375,15,1333,SALÃO PAROQUIAL DA IGREJA DE SÃO MIGUEL,SÃO MIGUEL (SEDE),-20.31835,-40.8419,599,-1,1
2020,647,56375,15,1368,EMEF CÓRREGO SÃO PAULO,SÃO PAULO DE ARACÊ (ARACÊ),-20.31835,-40.8419,555,-1,1
2020,648,56375,15,1430,EMUEF FAZ. ALBERTO BRINGE,BARRA DO TIJUCO PRETO (PONTO ALTO),-20.31835,-40.8419,215,-1,1
2020,649,56375,15,1449,EMEF SOÍDO,SOÍDO (SEDE),-20.31835,-40.8419,526,-1,1
2020,650,56375,15,1457,CENTRO CÍVICO RECREATIVO DOMINGOS MARTINS,CENTRO NORTE,-20.31835,-40.8419,420,-1,1
2020,651,56375,15,1465,EMEF FAZ. OSVALDO RETZ,ALTO TIJUCO PRETO (PONTO ALTO),-20.31835,-40.8419,484,-1,1
2020,652,56375,15,1473,EMPEF FAZ. GERMANO SCHWANZ,ALTO RIO PONTE (MELGAÇO),-20.31835,-40.8419,337,-1,1
2020,653,56375,15,1481,EMPEF FLORIANO AUGUSTO DITTRICH,GALO (SEDE),-20.31835,-40.8419,329,-1,1
2020,654,56375,15,1503,EMUEF VÔ REZENDE,SANTA TEREZINHA (ARACÊ),-20.31835,-40.8419,179,-1,1
2020,655,56375,15,1511,EMUEF GOIABEIRAS,GOIABEIRAS (PONTO ALTO),-20.31835,-40.8419,264,-1,1
2020,656,56375,15,1520,EMEF ARACÊ - COMUNIDADE ARACÊ,ARACÊ,-20.31835,-40.8419,1185,-1,1
2020,657,56375,15,1538,CMEI VILA VERDE,VILA VERDE (SEDE),-20.31835,-40.8419,147,-1,1
2020,658,56391,44,1015,EEEFM PEDRO DE ALCÂNTARA GALVÊAS,CENTRO,-20.62696,-41.79478,3115,-1,1
2020,659,56391,44,1023,EMEF MUNDO NOVO,MUNDO NOVO,-20.62696,-41.79478,943,-1,1
2020,660,56391,44,1031,EEEFM SÃO JOSÉ,PEDRA MENINA,-20.62696,-41.79478,1396,-1,1
2020,661,56391,44,1066,CMEIEF CRISTINA PEIXOTO DO CARMO,CENTRO,-20.62696,-41.79478,549,-1,1
2020,662,56413,33,1040,EEEFM ECOPORANGA,CENTRO,-18.37229,-40.8345,5477,313,0
2020,663,56413,33,1074,CEEFMTI DANIEL COMBONI,NOSSA SENHORA APARECIDA,-18.36897,-40.83007,2514,316,0
2020,664,56413,33,1082,EEEF JOSÉ TEIXEIRA FIALHO (IMBURANA),IMBURANA,-18.28309,-40.70646,1009,-1,0
2020,665,56413,33,1090,EMUEF SÃO GERALDO,SÃO GERALDO,-18.2339,-40.78808,284,-1,0
2020,666,56413,33,1104,EEEF COTAXÉ,COTAXÉ,-18.18258,-40.71717,598,-1,0
2020,667,56413,33,1112,EMUEF MURITIBA,MURITIBA,-18.08819,-40.77526,600,-1,0
2020,668,56413,33,1139,EMEIEF SANTA LUZIA DO NORTE,SANTA LUZIA DO NORTE,-18.20335,-40.60541,422,-1,0
2020,669,56413,33,1147,EEEF JOASSUBA,JOASSUBA,-18.40658,-40.68518,990,-1,0
2020,670,56413,33,1155,UNIDADE PSF -  ITAPEBA,ITAPEBA,-18.32249,-40.63735,204,-1,0
2020,671,56413,33,1163,IGREJA CATÓLICA DO ASSENTAMENTO BOA VISTA,PATRIMÔNIO DO VERMELHO,-18.45978,-40.60943,309,-1,0
2020,672,56413,33,1171,EEEF PATRIMÔNIO PRATA DOS BAIANOS,VILA PRATA DOS BAIANOS,-18.33971,-41.00546,688,-1,0
2020,673,56413,33,1198,CASA PAROQUIAL FAZENDA OLIVEIRA,VILA PRATA DOS BAIANOS,-18.34884,-41.09035,141,-1,0
2020,674,56413,33,1201,EMPEF CÓRREGO DO DOIS,PATRIMÔNIO DO DOIS DE SETEMBRO,-18.40517,-40.88892,186,-1,0
2020,675,56413,33,1210,UNIDADE PSF - DOIS DE SETEMBRO,PATRIMÔNIO DO DOIS DE SETEMBRO,-18.40517,-40.88892,147,-1,1
2020,676,56413,33,1228,EMUEF PATRIMÔNIO SANTA RITA,POVOADO DE SANTA RITA,-18.30935,-40.9191,271,-1,0
2020,677,56413,33,1236,EMUEF RIBEIRÃOZINHO,RIBEIRÃOZINHO,-18.21587,-40.85756,474,-1,0
2020,678,56413,33,1244,EEEF SANTA TEREZINHA,SANTA TEREZINHA,-18.49279,-40.81165,791,-1,0
2020,679,56413,33,1287,EMUEF CÓRREGO DA JACUTINGA (DOURADA),CÓRREGO DA DOURADA,-18.48486,-40.73042,86,-1,0
2020,680,56413,33,1368,EMEIF JOSÉ FRANCISCO DE OLIVEIRA (VILA NOVA),VILA NOVA,-18.38572,-40.82827,1319,320,0
2020,681,56413,33,1414,EMUEF CÓRREGO DOS BARBOSAS,VILA PRATA DOS BAIANOS,-18.27594,-41.11831,139,-1,0
2020,682,56413,33,1422,IGREJA CATÓLICA COMUNIDADE DO CORGÃO,CÓRREGO DO CÓRGÃO,-18.32507,-40.8152,23,-1,1
2020,683,56413,33,1449,EMUEF CÓRREGO DO PARAÍSO,SEDE,-18.43544,-40.82931,200,-1,0
2020,684,56413,33,1457,EMEIEF PALMEIRAS (ASSENT. MIRAGEM),CÓRREGO DA PALMEIRA,-18.43171,-40.7813,623,-1,0
2020,685,56413,33,1465,CEMEI JARDIM ENCANTADO,CENTRO,-18.37266,-40.82926,1533,313,0
2020,686,56413,33,1473,SEDE DO ASSENTAMENTO FRANQUEZA-REALEZA,ASSENTAMENTO FRANQUEZA-REALEZA,-17.97717,-40.79702,142,-1,0
2020,687,56430,14,1023,EMEF ERNESTO NASCIMENTO,CENTRO,-19.95321,-40.37793,1920,-1,1
2020,688,56430,14,1058,EEEF PROF.ª MARIA DA PAZ PIMENTEL,TIMBUÍ,-19.95321,-40.37793,995,-1,1
2020,689,56430,14,1066,CEMEI ARLINDA MÉDICI PEDRINI,TIMBUÍ,-19.95321,-40.37793,866,-1,1
2020,690,56430,14,1074,EMEF PRAIA GRANDE,PRAIA GRANDE,-19.95321,-40.37793,1470,-1,1
2020,691,56430,14,1082,EMCEF PRAIA GRANDE,PRAIA GRANDE,-19.95321,-40.37793,2071,-1,1
2020,692,56430,14,1090,CMEI SÃO JOSÉ,SÃO JOSÉ,-19.95321,-40.37793,1293,-1,1
2020,693,56430,14,1104,EMEF ELOY MIRANDA (POLIVALENTE),OZÉIAS NETO,-19.95321,-40.37793,1293,-1,1
2020,694,56430,14,1112,EMEF ENÉAS FERREIRA,TIMBUÍ,-19.95321,-40.37793,1215,-1,1
2020,695,56430,14,1120,CEEFMTI NAIR MIRANDA,CENTRO,-19.95321,-40.37793,2918,-1,1
2020,696,56456,13,1015,EEEF ANTÔNIO CARNEIRO RIBEIRO (ESTADUAL),QUINCAS MACHADO,-20.77084,-41.67867,5313,-1,0
2020,697,56456,13,1040,EEEF ANÍSIO TEIXEIRA,CENTRO,-20.77248,-41.67476,2168,-1,0
2020,698,56456,13,1058,EEEF DEOCLECIANO DE OLIVEIRA,CENTRO,-20.77324,-41.6754,3465,-1,0
2020,699,56456,13,1066,CEMEI ZÉLIA VIANA DE AGUIAR,CENTRO,-20.77489,-41.67802,4216,-1,0
2020,700,56456,13,1082,CAIC - CENTRO DE ASSISTÊNCIA E INTEGRAÇÃO À CRIANÇA,SÃO MIGUEL,-20.76003,-41.66913,2999,-1,0
2020,701,56456,13,1090,EMEF JOSÉ ANTÔNIO DE CARVALHO,SÃO TIAGO,-20.72358,-41.68236,620,-1,0
2020,702,56456,13,1104,EMEF  ELVIRA BRUZZI,SÃO PEDRO DE RATES,-20.78024,-41.8011,1075,-1,0
2020,703,56456,13,1120,EMEFE SÃO GERALDO,CENTRO,-20.77157,-41.66963,1099,-1,0
2020,704,56456,13,1139,EMEF PROFESSORA GUIOMAR SOARES DE AZEVEDO,ASSENTAMENTO LUIZ TALIULY NETO,-20.74492,-41.75085,134,-1,0
2020,705,56456,13,1147,CMEI CRECHE REGINA CELIA CAMPOS BARROSO RIBEIRO,CENTRO,-20.77007,-41.67365,448,-1,0
2020,706,56472,24,1015,ESCOLA DE GUARAPARI (ESCOLA NORMAL),CENTRO,-20.67106,-40.49769,2664,325,0
2020,707,56472,24,1023,SIRIBEIRA CLUB,CENTRO,-20.67253,-40.49998,1186,325,1
2020,708,56472,24,1040,ESCOLA CONSTANTINO JOSÉ VIEIRA,ADALBERTO SIMÃO NADER,-20.64832,-40.50027,2965,321,0
2020,709,56472,24,1074,ESCOLA NOSSA SENHORA DA PENHA,CABEÇA QUEBRADA,-20.54757,-40.6366,169,-1,0
2020,710,56472,24,1082,ESCOLA BENEDITA MARTINS DE SOUZA,IPIRANGA,-20.67912,-40.50911,4243,341,0
2020,711,56472,24,1090,PRIMEIRA IGREJA BATISTA DE GUARAPARI,CENTRO,-20.674,-40.50228,555,367,0
2020,712,56472,24,1104,ESCOLA ZENÓBIA LEÃO,OLARIA,-20.67384,-40.50537,3263,325,0
2020,713,56472,24,1112,ESCOLA  JOVENTINA SIMÕES,OLARIA,-20.67236,-40.51115,752,353,0
2020,714,56472,24,1120,ESCOLA ANGÉLICA PAIXÃO,MUQUIÇABA,-20.66182,-40.50454,2608,342,0
2020,715,56472,24,1139,ESCOLA IGNEZ MASSAD COLA,ITAPEBUSSU,-20.65813,-40.50573,4208,364,0
2020,716,56472,24,1147,ESCOLA  ZULEIMA FORTES FARIA,ITAPEBUSSU,-20.66392,-40.50769,3281,342,0
2020,717,56472,24,1155,INSTITUTO EDUCACIONAL JESUS MENINO,MUQUIÇABA,-20.66112,-40.50433,2211,342,0
2020,718,56472,24,1163,ESCOLA PRESIDENTE COSTA E SILVA,PRAIA DO MORRO,-20.6493,-40.48785,3868,358,0
2020,719,56472,24,1171,ESCOLA LYRA RIBEIRO DOS SANTOS,KUBITSCHEK,-20.68315,-40.5149,2702,346,0
2020,720,56472,24,1180,JARDIM DE INFÂNCIA ACLE ZOUAIN,KUBITSCHEK,-20.6821,-40.51323,1701,346,0
2020,721,56472,24,1198,ESCOLA MARIA RAMALHETE CORREA,COROADO,-20.67375,-40.5196,2932,337,0
2020,722,56472,24,1201,ESCOLA LEANDRO ESCOBAR,PEROCÃO,-20.63363,-40.48381,1908,333,0
2020,723,56472,24,1210,ESCOLA FRANCISCO ARAUJO,PEROCÃO,-20.61854,-40.46751,1833,333,0
2020,724,56472,24,1244,ESCOLA CELITA BASTOS GARCIA,UNA,-20.62981,-40.44236,1830,368,0
2020,725,56472,24,1252,ESCOLA PEDRO ANTONIO DA VITÓRIA,CAMPO GRANDE,-20.56478,-40.44763,85,328,0
2020,726,56472,24,1260,ESCOLA  MANOEL ROZINDO DA SILVA,MEAÍPE,-20.73809,-40.53896,1891,349,0
2020,727,56472,24,1279,ESCOLA LUCIO ROCHA DE ALMEIDA,NOVA GUARAPARI,-20.72483,-40.52596,897,339,0
2020,728,56472,24,1287,ESCOLA LOURENÇO BRAMBATI,BUENOS AIRES,-20.58196,-40.53975,333,-1,0
2020,729,56472,24,1295,ESCOLA MARIA VELOSO CALMON,CAMURUGI,-20.66001,-40.52214,1728,324,0
2020,730,56472,24,1309,ESCOLA  MARIA LINO RAMOS,RIO GRANDE,-20.6563,-40.61615,454,332,1
2020,731,56472,24,1317,ESCOLA DALZIRA MERIGUETTE MERIZIO,RIO GRANDE,-20.65237,-40.63129,300,334,0
2020,732,56472,24,1333,CENTRO DOS LAVRADORES DE BAÍA NOVA,BAHIA NOVA,-20.50012,-40.58549,289,-1,0
2020,733,56472,24,1341,IGREJA CATOLICA DE RIO CALÇADO,RIO CALÇADO,-20.54051,-40.5599,329,-1,0
2020,734,56472,24,1368,ESCOLA ARLINDO GOBBI,TODOS OS SANTOS,-20.52214,-40.67098,763,-1,0
2020,735,56472,24,1376,ESCOLA JOÃO LIMA DA CONCEIÇÃO,SAMAMBAIA,-20.59471,-40.49994,491,333,0
2020,736,56472,24,1384,CENTRO COMUNITÁRIO DE SÃO MIGUEL,SÃO MIGUEL,-20.59002,-40.64411,223,-1,0
2020,737,56472,24,1406,ESCOLA  RIO CLARO,RIO CLARO,-20.52349,-40.53356,726,-1,0
2020,738,56472,24,1422,ESCOLA CLERIA BELO LYRA,BARRO BRANCO,-20.54411,-40.48417,489,329,1
2020,739,56472,24,1430,ESCOLA AMARELOS,AMARELOS,-20.52146,-40.47884,853,331,1
2020,740,56472,24,1465,ESCOLA IGUAPE,IGUAPE,-20.56865,-40.49741,383,327,1
2020,741,56472,24,1481,ESCOLA CÂNDIDA SOARES MACHADO,NOSSA SENHORA DA CONCEIÇÃO,-20.64498,-40.51113,1127,351,0
2020,742,56472,24,1490,ESCOLA DARCY RIBEIRO,SÃO JOSÉ,-20.64601,-40.51675,2957,366,0
2020,743,56472,24,1503,ESCOLA JORGE BOUERI SOBRINHO,BELA VISTA,-20.64216,-40.51317,3466,323,0
2020,744,56472,24,1511,ESCOLA SINGULAR DE SÃO JOÃO DO JABOTI,SÃO JOÃO DO JABOTI,-20.63086,-40.60121,251,-1,0
2020,745,56472,24,1538,ESCOLA BOA ESPERANÇA,BOA ESPERANCA,-20.59172,-40.56867,176,-1,0
2020,746,56472,24,1546,ESCOLA RUI BARBOSA,OLARIA,-20.67271,-40.50526,693,325,0
2020,747,56472,24,1562,ESCOLA EMÍLIA ANA DE LYRIO,PORTO GRANDE,-20.74828,-40.56219,217,336,0
2020,748,56472,24,1570,ESCOLA PEDRO ANTÔNIO WANDEKOKEN,ARRAIAL DO JABOTI,-20.62869,-40.58295,279,-1,0
2020,749,56472,24,1589,ESCOLA MUNICIPAL FRANCISCO HONORATO,TAQUARA DO REINO,-20.69518,-40.57516,251,334,0
2020,750,56472,24,1600,UNIDADE DE SAUDE RECANTO DA SEREIA,PRAIA DO SOL,-20.53716,-40.38318,501,360,0
2020,751,56472,24,1627,ESCOLA ADALGIZA FERNANDES MARVILA,CONDADOS,-20.72993,-40.55492,751,349,0
2020,752,56472,24,1643,ESCOLA JOÃO BATISTA CELESTINO,VILAGE DO SOL,-20.55311,-40.41477,1212,370,0
2020,753,56472,24,1660,ESCOLA ANA COUTINHO DE ALMEIDA,ANDANO,-20.58833,-40.47539,188,327,0
2020,754,56472,24,1678,ESCOLA FLORISBELA LINO BANDEIRA,AEROPORTO,-20.63994,-40.48265,2790,345,0
2020,755,56472,24,1686,ESCOLA LUCIA SASSO BANDEIRA,LAGOA FUNDA,-20.65709,-40.50553,950,364,0
2020,756,56472,24,1708,ESCOLA ELIZIÁRIO LOURENÇO DIAS - CAIC,INDEPENDÊNCIA,-20.67301,-40.51623,1108,337,0
2020,757,56472,24,1716,ESCOLA ORMI LOUREIRO ALMEIDA,LAMEIRÃO,-20.68994,-40.52902,327,348,0
2020,758,56472,24,1724,ESCOLA MARINALVA ARAGÃO AMORIM,SANTA MÔNICA,-20.61742,-40.45942,3031,362,0
2020,759,56472,24,1732,CENTRO COMUNITÁRIO SANTA LUZIA,ALTO BAHIA NOVA,-20.49683,-40.62913,100,-1,0
2020,760,56472,24,1740,IGREJA CATÓLICA SÃO SEBASTIÃO,PALMEIRAS,-20.51203,-40.44879,151,331,0
2020,761,56472,24,1759,COLÉGIO MAXIME,MUQUIÇABA,-20.65365,-40.49565,3110,350,0
2020,762,56472,24,1791,IGREJA BATISTA DE SETIBA,SETIBA,-20.62882,-40.44004,358,363,0
2020,763,56472,24,1805,ESCOLA ZILNETE PEREIRA GUIMARÃES,PRAIA DO MORRO,-20.64415,-40.48435,5250,358,0
2020,764,56472,24,1813,ESCOLA EUGENIA DEOCLÉCIO BORGES,UNA,-20.63002,-40.44191,744,368,0
2020,765,56472,24,1821,ESCOLA ROSA SIMÕES DE ALMEIDA,JABARAI,-20.62525,-40.48688,4389,343,0
2020,766,56472,24,1830,CEMEI MARIA JOSÉ LOUREIRO VICENTE,MEAÍPE,-20.73327,-40.54576,342,349,0
2020,767,56472,24,1848,ESCOLA  ANA ROCHA LYRA,MUQUIÇABA,-20.6602,-40.49897,1750,350,0
2020,768,56472,24,1864,ESCOLA OTÁVIO PINTO RIBEIRO,JABOTICABA,-20.59776,-40.44526,77,328,0
2020,769,56472,24,1872,ESCOLA OTACILIA BORGES FIGUEIREDO,KUBITSCHEK,-20.6786,-40.51912,278,335,0
2020,770,56472,24,1880,CDPG - CENTRO DE DETENÇÃO PROVISÓRIA DE GUARAPARI,MAXINDA,-20.63973,-40.53102,0,371,0
2020,771,56472,24,1899,ESCOLA MARIA MARTA DALLA HUARCAYA,SÃO GABRIEL,-20.6388,-40.52203,674,365,0
2020,772,56499,14,1015,EEEFM NOSSA SENHORA DA SAÚDE,CENTRO,-19.82918,-40.42975,2119,-1,1
2020,773,56499,14,1023,EEEFM NARCEU PAIVA FILHO,CENTRO,-19.82918,-40.42975,1805,-1,1
2020,774,56499,14,1040,JARDIM DE INFÂNCIA DANIEL COMBONI,CENTRO,-19.82918,-40.42975,903,-1,1
2020,775,56499,14,1104,QUADRA DE ESPORTES FIORAVANTE MILLANE,ALTO BÉRGAMO,-19.82918,-40.42975,71,-1,1
2020,776,56499,14,1147,EMEIEF PENDANGA,PENDANGA,-19.82918,-40.42975,437,-1,1
2020,777,56499,14,1163,EMEIEF ERICINA MACEDO PAGIOLA,BELA VISTA,-19.82918,-40.42975,1023,-1,1
2020,778,56499,14,1171,CEI CHAPEUZINHO VERMELHO,COHAB,-19.82918,-40.42975,820,-1,1
2020,779,56499,14,1198,UNIDADE BÁSICA DE SAÚDE DE CABOCLO BERNARDO,CABOCLO BERNARDO,-19.82918,-40.42975,200,-1,1
2020,780,56499,14,1201,EMEIEF VEREADOR LEANDRO ZINGER,RIO LAMPÊ,-19.82918,-40.42975,253,-1,1
2020,781,56499,14,1210,COMUNIDADE SÃO JOSÉ (PEDRO PALÁCIOS),PEDRO PALÁCIOS,-19.82918,-40.42975,243,-1,1
2020,782,56499,14,1228,EUE SANTO ANTÔNIO,SANTO ANTÔNIO,-19.82918,-40.42975,102,-1,1
2020,783,56499,14,1244,EMEF PADRE CARLOS FUBETTA,GUATEMALA,-19.82918,-40.42975,258,-1,1
2020,784,56499,14,1252,CEI CACHINHO DE OURO,ARICANGA,-19.82918,-40.42975,562,-1,1
2020,785,56499,14,1260,EMEIEF PROF.ª ELZITA BARBARIOLI,SÃO CRISTOVÃO,-19.82918,-40.42975,736,-1,1
2020,786,56502,18,1015,EMEIF ELIZA PACHECO ALVES,CENTRO,-20.53891,-41.6653,1819,-1,0
2020,787,56502,18,1023,CEMEI ZULMIRA LOUZADA,SÃO FRANCISCO,-20.52129,-41.61137,474,-1,0
2020,788,56502,18,1031,EEEFM OLAVO RODRIGUES,DISTRITO DE SANTA MARTA,-20.51327,-41.71539,1440,-1,0
2020,789,56502,18,1040,EMEIEF PROFESSORA CLARICE CAMPOS LEMOS,SÃO JOSÉ DO CAPARAÓ,-20.4321,-41.6772,693,-1,0
2020,790,56502,18,1058,EMUEF ELIAS MIGUEL DE PAULA,PRATINHA,-20.6533,-41.6419,112,-1,0
2020,791,56502,18,1066,EMPEF ARTULINO XAVIER DA COSTA,PEDRA ROXA,-20.42401,-41.70496,355,-1,0
2020,792,56502,18,1082,EEEFM ANTÔNIO LEMOS JÚNIOR,CENTRO,-20.53876,-41.66104,1823,-1,0
2020,793,56510,35,1015,EMEF PADRE ASSIS,CENTRO,-20.76334,-40.86086,1980,-1,1
2020,794,56510,35,1040,PEM ASTÉRIA SIQUEIRA MIRANDA,CENTRO,-20.76334,-40.86086,1361,-1,1
2020,795,56510,35,1058,EEEM CORONEL ANTÔNIO DUARTE,CENTRO,-20.76334,-40.86086,2008,-1,1
2020,796,56510,35,1066,EMUEF MARCELINO BIANCARDI,ILHA DO COCO,-20.76334,-40.86086,1104,-1,1
2020,797,56510,35,1074,QUADRA MORRO DA PALHA,MORRO DA PALHA,-20.76334,-40.86086,405,-1,1
2020,798,56510,35,1104,QUADRA DE MONTE BELO,MONTE BELO,-20.76334,-40.86086,791,-1,1
2020,799,56510,35,1120,EMEF PEDRA D'ÁGUA,BOM DESTINO,-20.76334,-40.86086,1011,-1,1
2020,800,56510,35,1139,EMEF DUAS BARRAS,DUAS BARRAS,-20.76334,-40.86086,593,-1,1
2020,801,56510,35,1147,ESCOLA DE PALMITAL,PALMITAL,-20.76334,-40.86086,380,-1,1
2020,802,56510,35,1163,EMUEF PEDRA LISA BAIXA,PEDRA LISA BAIXA,-20.76334,-40.86086,297,-1,1
2020,803,56510,35,1171,ASSOCIAÇÃO DOS MORADORES DE INHAÚMA,INHAÚMA,-20.76334,-40.86086,341,-1,1
2020,804,56510,35,1260,PEM FRANZ GAISMAIA,ILHA DE BOM DESTINO,-20.76334,-40.86086,642,-1,1
2020,805,56510,35,1341,CENTRO COMUNITÁRIO PADRE LUIS LAMMAMIE,JARDIM DA ILHA,-20.76334,-40.86086,295,-1,1
2020,806,56537,16,1015,EEEFM EURICO SALLES,CENTRO,-19.8036,-40.85611,4832,-1,0
2020,807,56537,16,1023,EMEF THIERS VELLOSO,CENTRO,-19.80411,-40.85659,1995,-1,0
2020,808,56537,16,1031,EMEF PADRE ALONSO,PALMEIRA,-19.69534,-40.83436,1001,-1,0
2020,809,56537,16,1040,EEEFM ALFREDO LEMOS,ITAIMBÉ,-19.66328,-40.8364,1322,-1,0
2020,810,56537,16,1058,EMEF  MARIA PAULI SPERANDIO,ITAÇU,-19.70279,-40.78509,932,-1,0
2020,811,56537,16,1090,EEEFM FABIANO FRANCISCO TOMASINI,ALTO LAGE,-19.69355,-40.92153,234,-1,0
2020,812,56537,16,1104,EMUEFEI - SOBREIRO,SOBREIRO,-19.74273,-40.90408,196,-1,0
2020,813,56537,16,1139,EMEI IVONI COMPER ZIMMER,CENTRO,-19.80386,-40.85635,997,-1,1
2020,814,56553,22,1015,CEEFMTI WASHINGTON PINHEIRO MEIRELLES,CENTRO,-20.92002,-40.90047,2035,-1,1
2020,815,56553,22,1040,EMEIEFMAGDALENA PISA,ITAIPAVA,-20.89101,-40.78266,3413,-1,1
2020,816,56553,22,1058,EMPEF BOM SERÁ,BOM SERÁ,-20.92002,-40.90047,484,-1,1
2020,817,56553,22,1066,EMUEF FRADE E A FREIRA - IGREJA CATÓLICA DO FRADE,ITAPECOA,-20.92002,-40.90047,354,-1,1
2020,818,56553,22,1074,EMEIEF MANOEL MARCONDES (ANTIGO DNIT),SAFRA,-20.91894,-41.07618,690,-1,1
2020,819,56553,22,1090,EMPEF ROZÁRIA DA SILVEIRA NUNES (PEDRA),RIO MUQUI,-20.92002,-40.90047,404,-1,1
2020,820,56553,22,1139,EEEFM ANTÔNIO JACQUES SOARES,GARRAFÃO,-20.92002,-40.90047,1614,-1,1
2020,821,56553,22,1147,EEEF DE GRAÚNA,GRAÚNA,-20.92002,-40.90047,1253,-1,1
2020,822,56553,22,1155,EMPEF LIMÃO,LIMÃO,-20.92002,-40.90047,394,-1,1
2020,823,56553,22,1163,EMEIEF ANACLETO JACINTO RIBEIRO,CAMPO ACIMA,-20.92002,-40.90047,2496,-1,1
2020,824,56553,22,1180,EMEIEF PEDRO SIQUEIRA,GOMES,-20.92002,-40.90047,945,-1,1
2020,825,56553,22,1228,EMEF NARCISO ARAÚJO,CENTRO,-20.92002,-40.90047,3568,-1,1
2020,826,56553,22,1295,EMUEF FAZENDA VELHA,FAZENDA VELHA,-20.92002,-40.90047,270,-1,1
2020,827,56553,22,1333,EMEIEF LUIZ JOÃO GOMES,JOACIMA,-20.92002,-40.90047,1462,-1,1
2020,828,56553,22,1422,UNIDADE DE SAÚDE FRADE,FRADE,-20.88987,-40.99113,270,-1,0
2020,829,56553,22,1449,EMEIEF GEORGETA FERREIRA DE ALMEIDA (DESENGANO),BREJO GRANDE DO NORTE,-21.01754,-40.95899,752,-1,0
2020,830,56553,22,1457,EMEIEF FLORÊNCIO BENTO ALVES,CÓRREGO DO OURO,-20.92002,-40.90047,943,-1,1
2020,831,56553,22,1465,IGREJA BATISTA DE SAPUCAIA,SAPUCAIA,-20.92002,-40.90047,215,-1,1
2020,832,56553,22,1473,EMUEF PIABANHA DO NORTE,PIABANHA DO NORTE,-20.92002,-40.90047,342,-1,1
2020,833,56553,22,1481,EMEIEF NORMA VICENTE FERREIRA,SAFRA,-20.91894,-41.07618,392,-1,0
2020,834,56553,22,1511,EMPEF SANTO AMARO,SANTO AMARO,-20.91915,-40.87953,443,-1,0
2020,835,56553,22,1520,EMEIEF ELVIRA MEALE LESQUEVES,ITAOCA,-20.91106,-40.78615,1056,-1,0
2020,836,56553,22,1538,EPE LEOPOLDINO ROCHA,ITAIPAVA,-20.89101,-40.78266,3582,-1,0
2020,837,56553,22,1546,EMPEF PALMITAL,PALMITAL,-20.9314,-40.92265,342,-1,0
2020,838,56553,22,1554,EMPEF SANTA HELENA - IGREJA PRESBITERIANA DE SANTA HELENA,SANTA HELENA,-20.90048,-40.9071,342,-1,0
2020,839,56553,22,1562,EMPEF AFONSOS,AFONSO,-20.92604,-40.92617,214,-1,0
2020,840,56553,22,1570,EMUEF SÃO JOÃO DO CALAFATE,SÃO JOÃO DO CALAFATE,-20.92002,-40.90047,39,-1,1
2020,841,56553,22,1597,CRECHE ANDRÉ FREITAS DE OLIVEIRA,VILA NOVA,-20.92002,-40.90047,299,-1,1
2020,842,56553,22,1600,EMPEF BARBADOS,barbados,-20.92002,-40.90047,129,-1,1
2020,843,56553,22,1619,EMUEF PORTAL DE PAINEIRAS,PORTAL DE PAINEIRAS,-20.92002,-40.90047,55,-1,1
2020,844,56553,22,1627,UNIDADE DE SAÚDE DE BREJO GRANDE DO SUL,BREJO GRANDE DO SUL,-20.92002,-40.90047,437,-1,1
2020,845,56553,22,1635,EMEIEF MARLUCE BIANCHI DE SOUZA VIANA,ITAOCA,-20.91106,-40.78615,1743,-1,1
2020,846,56553,22,1643,EMEIEF JOSEPHA MIRANDA DE CARVALHO BRITO,PAINEIRAS,-20.92002,-40.90047,462,-1,1
2020,847,56553,22,1651,CRECHE MUNICIPAL ZÓZIMA GOMES LEAL - VOVÓ JOZINA,RETIRO,-20.92002,-40.90047,578,-1,1
2020,848,56553,22,1660,AMAFAP - ASSOCIAÇÃO DE MORADORES AGRÍCOLA FAMILIAR DE PALMITAL,PALMITAL,-20.9314,-40.92265,81,-1,1
2020,849,56553,22,1678,ESCOLA MUNICIPALIZADA DE ITAÓCA,ITAOCA,-20.91106,-40.78615,801,-1,1
2020,850,56553,22,1686,ESCOLA IRMÃOS KENNEDY,PALMITAL,-20.9314,-40.92265,5,-1,1
2020,851,56553,22,1694,CEMEI PROFESSORA MARIA DA PENHA RIBEIRO MACHADO,SERRAMAR,-20.92002,-40.90047,191,-1,1
2020,852,56553,22,1708,CEMEI JOÃO LUCIANO DA ROSA,GRAÚNA,-20.92002,-40.90047,96,-1,1
2020,853,56553,22,1716,CRECHE MUNICIPAL NASSÍRIA DOS SANTOS SILVA,CAMPO ACIMA,-20.92002,-40.90047,287,-1,1
2020,854,56553,22,1724,CEAG CENTRO EDUCACIONAL AGRÍCOLA,GARRAFÃO,-20.92002,-40.90047,66,-1,1
2020,855,56570,11,1015,EPSG PROFA. ALEYDE COSME,CENTRO,-19.86891,-40.87504,3579,-1,0
2020,856,56570,11,1023,EMEF LUIZA GRIMALDI,CENTRO,-19.86824,-40.87679,1822,-1,0
2020,857,56570,11,1031,EMEI PADRE BERNARDO HENRIQUE NIEWIND,CENTRO,-19.87135,-40.8755,1141,-1,0
2020,858,56570,11,1040,EEEF ALTO JATIBOCAS,JATIBOCAS,-20.00294,-40.88877,1737,-1,0
2020,859,56570,11,1066,EEEF PROF. JOSUÉ BALDOTTO,LIMOEIRO DE SANTO ANTÔNIO,-19.9571,-40.82299,438,-1,0
2020,860,56570,11,1074,CMEI TEREZA FIOROTTI RIZZI,BAIXO SOSSEGO,-19.90466,-40.89941,578,-1,0
2020,861,56596,18,1015,"SECRETARIA DE CULTURA, ESPORTE E TURISMO",CENTRO,-20.34762,-41.53291,478,378,0
2020,862,56596,18,1031,EPSG HENRIQUE COUTINHO,CENTRO,-20.34759,-41.53246,3935,383,0
2020,863,56596,18,1040,SECRETARIA MUNICIPAL DE ASSISTENCIA E DESENVOLVIMENTO SOCIAL,CENTRO,-20.34565,-41.53572,554,385,0
2020,864,56596,18,1066,EPSG DR. NAGEM ABIKAHIR,QUILOMBO,-20.35058,-41.53329,3730,378,0
2020,865,56596,18,1074,EPG DELFINO BATISTA VIEIRA,DISTRITO DE NOSSA SENHORA DAS GRAÇAS,-20.38395,-41.53782,1483,-1,0
2020,866,56596,18,1082,EPG ALDA LOFÊGO DE CASTRO,ALTO PERDIÇÃO,-20.42161,-41.57486,253,-1,0
2020,867,56596,18,1090,EPG ELZA DE CASTRO SCARDINI,DISTRITO SANTÍSSIMA TRINDADE,-20.46579,-41.59038,1387,-1,0
2020,868,56596,18,1139,EPG SANTA CLARA DO CAPARAÓ,CÓRREGO SANTA CLARA,-20.39693,-41.69872,355,-1,0
2020,869,56596,18,1180,EPG LUÍS MOISÉS HERINGER,CÓRREGO DE LARANJA DA TERRA,-20.22683,-41.68795,423,-1,0
2020,870,56596,18,1198,EPG MARIA BARROS HORSTH,CÓRREGO SÃO JOÃO DO PRÍNCIPE,-20.32631,-41.83321,361,-1,0
2020,871,56596,18,1201,EPSG PADRE AFONSO BRAZ,DISTRITO DE PEQUIÁ,-20.27688,-41.77802,1211,-1,0
2020,872,56596,18,1210,EMEF RIO CLARO,CÓRREGO RIO CLARO,-20.35655,-41.84498,262,-1,0
2020,873,56596,18,1228,EMEF DEOLINDA AMORIM DE OLIVEIRA,QUILOMBO,-20.34952,-41.53095,1497,384,0
2020,874,56596,18,1236,EMEF TERRA CORRIDA,CÓRREGO TERRA CORRIDA,-20.42982,-41.50289,231,-1,0
2020,875,56596,18,1244,IGREJA DE SÃO JOSÉ DAS TRÊS PONTES,ESTRADA DO PRÍNCIPE,-20.2997,-41.79545,71,-1,0
2020,876,56596,18,1252,CRECHE DA IGREJA PRESBITERIANA,QUILOMBO,-20.35185,-41.53365,382,384,0
2020,877,56596,18,1260,SALÃO SÃO VICENTE DE PAULO,QUILOMBO,-20.34846,-41.53082,272,384,0
2020,878,56596,18,1287,POSTO DE SAÚDE MUNICIPAL,QUILOMBO,-20.35127,-41.53452,388,378,0
2020,879,56596,18,1295,EMEF BONSUCESSO,CÓRREGO BONSUCESSO,-20.30515,-41.51703,240,-1,0
2020,880,56596,18,1309,POSTO DE SAÚDE DE SANTA CLARA DO URBANO,CÓRREGO SANTA CLARA DO SEU URBANO,-20.39695,-41.69871,215,-1,0
2020,881,56596,18,1317,SALÃO PAROQUIAL DA PARÓQUIA N. S. MÃE DOS HOMENS,CENTRO,-20.34581,-41.53537,746,385,0
2020,882,56596,18,1325,CÂMARA MUNICIPAL DE IÚNA,CENTRO,-20.34565,-41.53572,394,385,0
2020,883,56596,18,1333,SALÃO DA IGREJA MATRIZ,CENTRO,-20.34592,-41.53616,639,385,0
2020,884,56596,18,1350,COLEGIO RENASCER,CENTRO,-20.34481,-41.53785,390,386,0
2020,885,56596,18,1368,ESCOLA MUNICIPAL PROFESSORA DALILA CASTRO RIOS,GUANABARA,-20.35586,-41.53175,383,380,0
2020,886,56596,18,1376,CENTRO EDUCACIONAL DE ENSINO VOVÓ ORCÍLIA,FERREIRA VALE,-20.34448,-41.5324,317,383,0
2020,887,56618,4,1015,UFES - DEPARTAMENTO DE CIÊNCIAS FLORESTAIS E DA MADEIRA (PROVISÓRIO),CENTRO,-20.79503,-41.40293,1204,-1,0
2020,888,56618,4,1031,EM ANDRÉ ALTOÉ,PARADA CRISTAL,-20.79663,-41.37452,1270,-1,0
2020,889,56618,4,1040,EEEFM DE JERÔNIMO MONTEIRO,CENTRO,-20.79074,-41.39483,2772,-1,0
2020,890,56618,4,1066,JARDIM DE INFÂNCIA DIVA SAVIATO DUARTE,CENTRO,-20.79074,-41.39553,1143,-1,0
2020,891,56618,4,1074,EEEFM DE JERÔNIMO MONTEIRO,CENTRO,-20.79049,-41.39483,1446,-1,0
2020,892,56618,4,1082,ESCOLA MUNICIPAL NICOLAU BORGES,PARADA CRISTAL,-20.79668,-41.3767,744,-1,0
2020,893,56618,4,1090,UFES - DEPARTAMENTO DE CIÊNCIAS FLORESTAIS E DA MADEIRA,CENTRO,-20.78971,-41.38896,1243,-1,0
2020,894,56626,14,1058,EEEFM DE JOÃO NEIVA,CENTRO,-19.72701,-40.43387,1769,-1,1
2020,895,56626,14,1066,EMEF PROF.ª MARIA OLIRIA  SARCINELLI CAMPAGNARO,CENTRO,-19.72701,-40.43387,2712,-1,1
2020,896,56626,14,1074,EMEIF TERESITA BORRINI FARINA,CENTRO,-19.72701,-40.43387,1238,-1,1
2020,897,56626,14,1082,CENTRO EDUCACIONAL CIRANDA CIRANDINHA (CASA DO ESTUDANTE),CENTRO,-19.72701,-40.43387,1908,-1,1
2020,898,56626,14,1090,EMEF MISSIONÁRIOS COMBONIANOS,SANTA LUZIA,-19.72701,-40.43387,1251,-1,1
2020,899,56626,14,1112,EMEIF GUILHERME BAPTISTA,ACIOLI,-19.72701,-40.43387,615,-1,1
2020,900,56626,14,1120,EMPEIF BARRA DO TRIUNFO,BARRA DO TRIUNFO,-19.72701,-40.43387,537,-1,1
2020,901,56626,14,1139,EMPEIF CAVALINHO,CAVALINHOS,-19.72701,-40.43387,402,-1,1
2020,902,56626,14,1155,EMEIF JOSÉ REBUZZI SARCINELLI,CRISTAL,-19.72701,-40.43387,885,-1,1
2020,903,56626,14,1244,EMPEIF SANTO AFONSO,SANTO AFONSO,-19.72701,-40.43387,342,-1,1
2020,904,56626,14,1252,MUSEU DO IMIGRANTE - CASA DA MEMÓRIA DA IMIGRAÇÃO,DEMÉTRIO RIBEIRO,-19.72701,-40.43387,162,-1,1
2020,905,56626,14,1260,ANTIGO CRAS - CENTRO DE REFERÊNCIA DA ASSISTÊNCIA SOCIAL,FLORESTA,-19.72701,-40.43387,34,-1,1
2020,906,56626,14,1279,EMEIF DR. ORLINDO FRANCISCO BORGES,COHAB,-19.72701,-40.43387,795,-1,1
2020,907,56634,25,1112,EMEF AUTO GUIMARÃES E SOUZA,SHELL,-19.38892,-40.06279,1832,407,0
2020,908,56634,25,1171,EMEF DINORAH ALMEIDA RODRIGUES,SÃO JOSÉ,-19.36893,-40.05002,3145,408,1
2020,909,56634,25,1198,EMEF ELZA RONI SCARPAT,LAGOA DO MEIO,-19.37359,-40.06267,2350,397,0
2020,910,56634,25,1201,FACELI - FACULDADE DE ENSINO SUPERIOR DE LINHARES,BNH,-19.38059,-40.05844,3165,403,0
2020,911,56634,25,1210,EEEFM POLIVALENTE DE LINHARES I,BNH,-19.38132,-40.06028,6088,403,0
2020,912,56634,25,1236,EEEM EMIR DE MACEDO GOMES,SHELL,-19.39657,-40.06355,2794,407,0
2020,913,56634,25,1252,EMEF SAMUEL BATISTA CRUZ (CAIC DALVINO TOMÉ),INTERLAGOS,-19.39123,-40.05697,1804,393,0
2020,914,56634,25,1279,EEEFM JOSÉ DE CALDAS BRITO (POLIVALENTE DE LINHARES II),ARAÇÁ,-19.39746,-40.05987,3394,387,0
2020,915,56634,25,1317,EMEFM MARÍLIA DE REZENDE SCARTON COUTINHO,INTERLAGOS,-19.39036,-40.04708,7041,393,0
2020,916,56634,25,1350,IFES - INSTITUTO FEDERAL DO ESPÍRITO SANTO,AVISO,-19.40821,-40.0443,3068,388,0
2020,917,56634,25,1376,SESI - SERVIÇO SOCIAL DA INDÚSTRIA,AVISO,-19.40645,-40.05885,2295,388,0
2020,918,56634,25,1384,CEIM BRANCA DE NEVE,JARDIM LAGUNA,-19.37577,-40.054,1400,394,0
2020,919,56634,25,1449,EMEF JOSÉ MODENEZE,CANIVETE,-19.32098,-40.07105,3483,390,0
2020,920,56634,25,1490,EMEF ROBERTO MOREIRA,ARAÇÁ,-19.39843,-40.0566,1936,387,0
2020,921,56634,25,1562,EMEF PROFª. EFIGÊNIA SIZENANDO,CÓRREGO FARIAS,-19.2634,-40.03864,1349,-1,0
2020,922,56634,25,1864,EMEF PROFª. URBANA PENHA COSTA,POVOAÇÃO,-19.57793,-39.79408,1442,-1,0
2020,923,56634,25,2038,EMEF PROFª.  MARIA DA PENHA PAZITO VENTURA,INTERLAGOS,-19.39543,-40.04019,2754,393,0
2020,924,56634,25,2046,EPM JOSÉ CÂNDIDO DURÃO,AGROVILA,-19.25768,-39.80079,245,-1,0
2020,925,56634,25,2119,EMEF ZEFERINO BATISTA FIOROT,SANTA CRUZ,-19.33681,-40.0647,3455,406,0
2020,926,56634,25,2135,EMEF MANOEL MARTINS,PONTAL DO IPIRANGA,-19.19066,-39.7134,1281,-1,0
2020,927,56634,25,2143,EEEFM PROFª. ANTONIETA BANHOS FERNANDES,INTERLAGOS,-19.39526,-40.03978,2156,393,0
2020,928,56634,25,2194,EMEF TALMA DRUMOND PESTANA,PALMITAL,-19.40051,-40.07919,742,392,1
2020,929,56634,25,2208,CEIM OLGA BORTOT MOLINA,CANIVETE,-19.31926,-40.0712,1440,390,0
2020,930,56634,25,2224,EEEF PRINCESA IZABEL,AVISO,-19.40595,-40.05231,1354,388,1
2020,931,56634,25,2232,EMEF PROFª. MARIA APARECIDA LAVAGNOLI,INTERLAGOS,-19.39116,-40.05498,2784,393,0
2020,932,56634,25,2283,EMEF PREF. ROBERTO CALMON,AVISO,-19.40319,-40.05379,3806,388,0
2020,933,56634,25,2291,CIC - CENTRO DE INTEGRAÇÃO COMUNITÁRIA DO DEGREDO,DEGREDO,-19.39441,-39.72714,135,-1,0
2020,934,56634,25,2399,EMEF ANTÔNIO FERNANDES DE ALMEIDA,INTERLAGOS,-19.39953,-40.04385,2254,393,0
2020,935,56634,25,2402,CASA CANÔNICA SANTO HILÁRIO,SANTO HILÁRIO,-19.40051,-40.07919,343,392,1
2020,936,56634,25,2437,CEIM LEODOVICO DONATELLI,BEBEDOURO,-19.47537,-40.11636,1769,-1,0
2020,937,56634,25,2445,EMEF CID ADALBERTO DOS REIS,JUPARANÃ,-19.38301,-40.07413,3043,396,0
2020,938,56634,25,2461,CEL - COOPERATIVA EDUCACIONAL DE LINHARES (PITÁGORAS),TRÊS BARRAS,-19.3742,-40.07382,1148,409,0
2020,939,56634,25,2470,EMEF CABOCLO BERNARDO,PLANALTO,-19.34891,-40.04905,2692,405,0
2020,940,56634,25,2488,CEIM ENOCK DE FREITAS,JUPARANÃ,-19.38309,-40.07195,1693,396,0
2020,941,56634,25,2496,EEEFM VILA REGÊNCIA,REGÊNCIA,-19.64633,-39.82644,1112,-1,0
2020,942,56634,25,2500,EPM BOA ESPERANÇA (CHAPADÃO DAS PALMINHAS),CHAPADÃO DAS PALMINHAS,-19.36001,-40.18358,264,-1,0
2020,943,56634,25,2518,EMEF PROFª. ELIANA CORREA PINAFO,BEBEDOURO,-19.46642,-40.11303,2934,-1,0
2020,944,56634,25,2526,EEEFM PROFª. REGINA BANHOS PAIXÃO,LINHARES V,-19.35993,-40.05219,3312,398,0
2020,945,56634,25,2534,EPM TERRA ALTA,SÃO SEBASTIÃO DA TERRA ALTA,-19.44392,-40.38244,363,-1,0
2020,946,56634,25,2542,CMEIEF ALCIDES MARINATO (BAGUEIRA),BAGUEIRA,-19.35809,-40.18479,565,-1,0
2020,947,56634,25,2550,EMEF ADELSON DEL'SANTO,NOVA ESPERANÇA,-19.35851,-40.04522,2829,402,0
2020,948,56634,25,2569,EPM RIO QUARTEL (QUARTEL DE CIMA),QUARTEL DE CIMA,-19.53329,-40.17105,274,-1,0
2020,949,56634,25,2577,EEEFM BAIXO QUARTEL,BAIXO QUARTEL,-19.54129,-40.08906,1181,-1,0
2020,950,56634,25,2585,EMEF LUIZ DE CAMÕES,NOSSA SENHORA DA CONCEIÇÃO,-19.3803,-40.0692,1918,400,0
2020,951,56634,25,2593,EMEF ÂNGELO RECLA (QUARTEL DO MEIO),QUARTEL DO MEIO,-19.52096,-40.1482,1782,-1,0
2020,952,56634,25,2607,EMEF OROZIMBO LEITE,GUAXE,-19.2328,-40.14575,702,-1,0
2020,953,56634,25,2615,CEIM GERÔNCIO FRANCISCO (HUMAITÁ),HUMAITÁ,-19.50858,-40.35629,589,-1,0
2020,954,56634,25,2623,EEEFM PROF. MANOEL ABREU,BEBEDOURO,-19.47646,-40.11727,1971,-1,0
2020,955,56634,25,2631,EEUEF EMA SARTÓRIO BIANCARDI,RIO DAS PALMAS,-19.4074,-40.37013,161,-1,0
2020,956,56634,25,2640,SALÃO COMUNITÁRIO DE JAPIRA,JAPIRA,-19.40282,-40.32602,1157,-1,0
2020,957,56634,25,2658,EMEF MARIA SOUZA MATIAS,MOVELAR,-19.35511,-40.05749,1888,399,0
2020,958,56634,25,2666,EEEFM MANOEL SALUSTIANO DE SOUZA,SÃO RAFAEL,-19.36919,-40.44751,1087,-1,0
2020,959,56634,25,2674,CEEFMTI BARTOUVINO COSTA,CENTRO,-19.40264,-40.066,3106,391,0
2020,960,56634,25,2682,EMEF PRES. CASTELO BRANCO,CENTRO,-19.39884,-40.07058,2024,391,0
2020,961,56634,25,2690,EPM BIBIANA COSTA,DESENGANO,-19.62825,-40.31506,431,-1,0
2020,962,56634,25,2704,CENTRO DE ENSINO LINHARENSE DARWIN,CENTRO,-19.40418,-40.06144,1785,391,0
2020,963,56634,25,2712,CENTRO DE ENSINO OUSE,COLINA,-19.39861,-40.07018,3037,391,0
2020,964,56650,36,1015,CÂMARA MUNICIPAL,CENTRO,-18.86131,-41.12139,364,-1,0
2020,965,56650,36,1023,EM ELIEZER EDUARDO RIBEIRO,NOVA CIDADE,-18.86293,-41.12384,610,-1,0
2020,966,56650,36,1031,EPG PROFA ADELINA LÍRIO,CENTRO,-18.85959,-41.1228,1189,-1,0
2020,967,56650,36,1040,EPG CHRISTIANO DIAS LOPES,CENTRO,-18.86492,-41.12494,1480,-1,0
2020,968,56650,36,1058,EEEFM JOB PIMENTEL,CENTRO,-18.86027,-41.1196,1811,-1,0
2020,969,56650,36,1074,EPG VICENTE AMARO DA SILVA,DISTRITO DE SÃO GERALDO,-18.83584,-41.2139,1000,-1,0
2020,970,56650,36,1082,EPG LUIS SIMÃO,DISTRITO DE SÃO JOSÉ,-18.89372,-41.07821,1733,-1,0
2020,971,56650,36,1090,EPG PALMERINDO VIEIRA CAMPOS,DISTRITO DE SANTA LUZIA,-18.88905,-41.01596,894,-1,0
2020,972,56650,36,1139,CENTRO DE REFERÊNCIA DA ASSISTÊNCIA SOCIAL - CRAS,CENTRO,-18.86097,-41.12265,1098,-1,0
2020,973,56650,36,1163,EM ANEDINA BRETAS CORREA,DISTRITO DE SANTA LUZIA,-18.88399,-41.01643,605,-1,0
2020,974,56677,5,1015,EEEF MONTEIRO DA SILVA (GRUPO VELHO),CENTRO,-21.06333,-41.3675,3021,-1,0
2020,975,56677,5,1023,EEEFM ANTÔNIO ACHA (POLIVALENTE),CENTRO,-21.0645,-41.36813,2630,-1,0
2020,976,56677,5,1031,JARDIM DA INFÂNCIA CORINA BICALHO GUIMARÃES,CENTRO,-21.06296,-41.3675,1071,-1,0
2020,977,56677,5,1040,EEEF PEDRO JOSÉ VIEIRA (GRUPO NOVO),CENTRO,-21.06403,-41.36642,2376,-1,0
2020,978,56677,5,1058,EEEFM MONSENHOR ELIAS TOMASI (GINÁSIO),VILA NOVA DA PENHA,-21.0599,-41.35845,3615,-1,0
2020,979,56677,5,1074,EUE RANCHO ALEGRE,ASSENTAMENTO RANCHO ALEGRE,-21.16006,-41.30173,175,-1,0
2020,980,56677,5,1090,EMUEF NOVO BRASIL (MURIBECA),MURIBECA,-20.91586,-41.53719,335,-1,0
2020,981,56677,5,1120,EMEF ANTÔNIA JUNGER POUBEL DA SILVA (CONCEIÇÃO DO MUQUI),CONCEIÇÃO DO MUQUI,-20.97159,-41.50902,1024,-1,0
2020,982,56677,5,1147,EUE SÃO RAFAEL,SÃO RAFAEL,-20.92592,-41.45175,266,-1,0
2020,983,56677,5,1155,EMEF CONSTÂNCIO VIVAS (SANTO ANTÔNIO DO MUQUI),SANTO ANTÔNIO DO MUQUI,-21.00877,-41.46275,926,-1,0
2020,984,56677,5,1163,EMEF CATHARINA GIOVANINI FABER (SÃO PEDRO DO ITABAPOANA),SÃO PEDRO DO ITABAPOANA,-21.07449,-41.49619,674,-1,0
2020,985,56677,5,1198,EMEF PROFESSOR CARLOS MATTOS (PONTE DO ITABAPOANA),PONTE DO ITABAPOANA,-21.20558,-41.46241,789,-1,0
2020,986,56677,5,1201,POSTO DE SAÚDE DE DONA AMÉRICA,DONA AMÉRICA,-21.161,-41.41132,271,-1,0
2020,987,56677,5,1228,EMEF JOSÉ GONÇALVES FIGUEIRAS (SÃO JOSÉ DAS TORRES),SÃO JOSÉ DAS TORRES,-21.06894,-41.23885,1053,-1,0
2020,988,56677,5,1252,EEEM ANTÔNIO SABATINI SIMONI (CONCEIÇÃO DO MUQUI),CONCEIÇÃO DO MUQUI,-20.97401,-41.50888,968,-1,0
2020,989,56693,38,1040,EM DOMINGOS MARTINS,MARIA ZÉLIA,-18.12135,-40.27036,1750,-1,1
2020,990,56693,38,1058,COLÉGIO NOSSA SENHORA APARECIDA,CENTRO,-18.12135,-40.27036,1178,-1,1
2020,991,56693,38,1104,EPG ELPÍDIO CAMPOS DE OLIVEIRA,CENTRO,-18.12135,-40.27036,2294,-1,1
2020,992,56693,38,1155,ESCOLA ESTADUAL PADRE MANOEL DA NOBREGA,DISTRITO DE VINHÁTICO,-18.12135,-40.27036,2366,-1,1
2020,993,56693,38,1171,EPG DE SÃO SEBASTIÃO DO NORTE,DISTRITO DE SÃO SEBASTIÃO DO NORTE,-18.12135,-40.27036,686,-1,1
2020,994,56693,38,1180,EPG MARIA CLEMENTINA VELOSO SANTOS,CIPRESTE,-18.12135,-40.27036,1769,-1,1
2020,995,56693,38,1198,EPG PRESIDENTE COSTA E SILVA,FUNDÃO,-18.12135,-40.27036,621,-1,1
2020,996,56693,38,1201,EPG BAIRRO BRASÍLIA,BRASÍLIA,-18.12135,-40.27036,1198,-1,1
2020,997,56693,38,1228,ESCOLA ESTADUAL DOM JOSE DALVIT,CENTRO,-18.12135,-40.27036,2822,-1,1
2020,998,56715,38,1015,EPG PROF. JOSÉ SARMENTO ROQUE,PLANALTO,-18.01719,-40.52946,949,-1,1
2020,999,56715,38,1023,EEEFM DE MUCURICI,PLANALTO,-18.01719,-40.52946,1538,-1,1
2020,1000,56715,38,1031,EPG DE ÁGUA BOA,ÁGUA BOA,-18.01719,-40.52946,319,-1,1
2020,1001,56715,38,1040,EPSG BENJAMIM MENDES DE SOUZA,ITABAIANA,-18.01719,-40.52946,1801,-1,1
2020,1002,56715,38,1058,ASSENTAMENTO CÓRREGO DA LAGE,CÓRREGO DO LAGEADO,-18.01719,-40.52946,341,-1,1
2020,1003,56715,38,1066,EPG DE ITABAIANA,ITABAIANA,-18.01719,-40.52946,16,-1,1
2020,1004,56715,38,1074,CEMEI DE ITABAIANA,CENTRO,-18.01719,-40.52946,1,-1,1
2020,1005,56731,19,1015,EPSG BRÁULIO FRANCO,CENTRO,-20.46264,-41.41327,3916,-1,0
2020,1006,56731,19,1023,EPSG LIA TEREZINHA MERÇON ROCHA,CENTRO,-20.46708,-41.41478,3247,-1,0
2020,1007,56731,19,1074,EPSG ARQUIMÍMO MATTOS,DISTRITO DE PIAÇU,-20.33702,-41.3902,3641,-1,0
2020,1008,56731,19,1112,EPG MARIA ÁUREA BARROSO,DISTRITO DE MENINO JESUS,-20.40138,-41.42749,849,-1,0
2020,1009,56731,19,1139,EPG SEBASTIÃO COSTA,DISTRITO DE ITAICÍ,-20.53078,-41.51034,698,-1,0
2020,1010,56731,19,1147,EPG VIEIRA MACHADO,DISTRITO DE VIEIRA MACHADO,-20.4965,-41.33513,538,-1,0
2020,1011,56731,19,1155,EMEF LEOVIGILIA EMILIANA DA SILVA,DISTRITO DE SÃO PEDRO,-20.43556,-41.44611,352,-1,0
2020,1012,56731,19,1163,EPE SANTA JOANA,DISTRITO DE PIAÇU,-20.23754,-41.36514,947,-1,0
2020,1013,56758,5,1015,EEEFM SENADOR DIRCEU CARDOSO,SÃO PEDRO,-20.94688,-41.33642,3029,-1,0
2020,1014,56758,5,1023,JARDIM DE INFÂNCIA JURANDY FRANÇA MARTINS,CENTRO,-20.95028,-41.34357,1468,-1,0
2020,1015,56758,5,1031,EEEF MARCONDES DE SOUZA,CENTRO,-20.95116,-41.34386,1537,-1,0
2020,1016,56758,5,1040,EEF FREI PEDRO DOMINGO IZCARA,SANTO AGOSTINHO,-20.9455,-41.34578,2084,-1,0
2020,1017,56758,5,1058,EMEF ERCY ARRUDA BONFIM (CAMARÁ),DISTRITO DE CAMARÁ,-20.89656,-41.27067,1055,-1,0
2020,1018,56758,5,1066,CEM - COOPERATIVA EDUCACIONAL MUQUIENSE,CENTRO,-20.95511,-41.34749,1745,-1,0
2020,1019,56774,30,1015,IGREJA CATÓLICA DO PATRIMÔNIO DA AREIA,PATRIMÔNIO DO CÓRREGO DA AREIA,-18.65699,-40.39807,469,-1,1
2020,1020,56774,30,1023,APAE,MUNICIPAL I,-18.65699,-40.39807,861,-1,1
2020,1021,56774,30,1058,EMEF GUARABU,CÓRREGO DO GUARABU,-18.65699,-40.39807,241,-1,1
2020,1022,56774,30,1074,ESCOLA SÃO JOSÉ DO CAMPO REAL,SÃO JOSÉ DO CAMPO REAL,-18.65699,-40.39807,195,-1,1
2020,1023,56774,30,1090,CENTRO COMUNITÁRIO APARECIDA,MARGARETH,-18.65699,-40.39807,1018,-1,1
2020,1024,56774,30,1112,CENTRO COMUNITÁRIO BONFIM,BONFIM,-18.65699,-40.39807,1076,-1,1
2020,1025,56774,30,1120,EMEIEF REFRIGÉRIO,CÓRREGO REFRIGÉRIO,-18.65699,-40.39807,149,-1,1
2020,1026,56774,30,1139,EMEIEF CÓRREGO DA PALMEIRA,CÓRREGO DA PALMEIRA,-18.65699,-40.39807,145,-1,1
2020,1027,56774,30,1147,EPSG DOM DANIEL COMBONI,MUNICIPAL I,-18.65699,-40.39807,1507,-1,1
2020,1028,56774,30,1155,EMUEF CÓRREGO DA VOLTA,CÓRREGO DA VOLTA,-18.65699,-40.39807,105,-1,1
2020,1029,56774,30,1163,EMEF CAMPO BELO - INVEJADA,PEDRA DA INVEJADA,-18.65699,-40.39807,250,-1,1
2020,1030,56774,30,1171,EEEF PADRE JOSIMO - PIP NUCK,ASSENTAMENTO PIP NUCK,-18.65699,-40.39807,246,-1,1
2020,1031,56774,30,1180,EMEF PROF CLAUDINA BARBOSA,MUNICIPAL I,-18.65699,-40.39807,1207,-1,1
2020,1032,56774,30,1198,EMEF MARIA RODRIGUES LEITE,CENTRO,-18.65699,-40.39807,514,-1,1
2020,1033,56774,30,1201,EMEF DR ADALTON SANTOS  - POLIVALENTE,MUNICIPAL I,-18.65699,-40.39807,1457,-1,1
2020,1034,56774,30,1210,EMEF VENECIANO,BEIRA RIO,-18.65699,-40.39807,2935,-1,1
2020,1035,56774,30,1228,EMEF DE SANTA ROSA DA CACHOEIRINHA,SANTA ROSA DA CACHOEIRINHA,-18.65699,-40.39807,237,-1,1
2020,1036,56774,30,1236,EEFM GUARAREMA,DISTRITO DE GUARAREMA,-18.65699,-40.39807,616,-1,1
2020,1037,56774,30,1252,EMEF SÃO LUIZ REIS,SÃO LUIZ REIS,-18.65699,-40.39807,393,-1,1
2020,1038,56774,30,1260,EEEFM PATRIMÔNIO DO QUINZE,SANTO ANTÔNIO DO XV,-18.65699,-40.39807,820,-1,1
2020,1039,56774,30,1279,EMEIF PATRIMÔNIO DE SÃO GONÇALO,DISTRITO DE GUARAREMA,-18.65699,-40.39807,429,-1,1
2020,1040,56774,30,1295,EMEF CRISTALINO - FRANCISCO SECHIN,CRISTALINO,-18.65699,-40.39807,665,-1,1
2020,1041,56774,30,1309,EU LUZILÂNDIA,LUZILÂNDIA,-18.65699,-40.39807,75,-1,1
2020,1042,56774,30,1325,EMEF CEDROLÂNDIA,CEDROLÂNDIA,-18.65699,-40.39807,1004,-1,1
2020,1043,56774,30,1333,EMEF LOURDES SCARDINI,FILOMENA,-18.65699,-40.39807,1175,-1,1
2020,1044,56774,30,1341,EMEF ÁGUA LIMPA,ÁGUA LIMPA,-18.65699,-40.39807,486,-1,1
2020,1045,56774,30,1350,EMEF ALTO MUNIZ,ALTO MUNIZ,-18.65699,-40.39807,313,-1,1
2020,1046,56774,30,1368,EMEIEF BOA VISTA,BOA VISTA,-18.65699,-40.39807,524,-1,1
2020,1047,56774,30,1406,EMEF DO PATRIMÔNIO DO BIS,PATRIMÔNIO DO BIS,-18.65699,-40.39807,245,-1,1
2020,1048,56774,30,1414,EMEF CÓRREGO DO POÇÃO,CÓRREGO DO POÇÃO,-18.65699,-40.39807,580,-1,1
2020,1049,56774,30,1422,EPG DR. RENATO ARAÚJO MAIA,MARGARETH,-18.65699,-40.39807,1301,-1,1
2020,1050,56774,30,1430,CMEI DOM BOSCO - LUZIA ALVES DE LIMA,MARGARETH,-18.65699,-40.39807,1148,-1,1
2020,1051,56774,30,1449,NÚCLEO SUPERVISÃO ESCOLAR,CENTRO,-18.65699,-40.39807,532,-1,1
2020,1052,56774,30,1457,EMEF BAIRRO ALTOÉ,ALTOÉ,-18.65699,-40.39807,1788,-1,1
2020,1053,56774,30,1481,SALÃO PAROQUIAL - MATRIZ SÃO MARCOS,CENTRO,-18.65699,-40.39807,609,-1,1
2020,1054,56774,30,1511,EMEF CÓRREGO DO CRISTAL,CÓRREGO DO DISTRITO DE GUARAREMA,-18.65699,-40.39807,258,-1,1
2020,1055,56774,30,1520,EMEF CÓRREGO DA TRAVESSIA,CÓRREGO DA TRAVESSIA,-18.65699,-40.39807,169,-1,1
2020,1056,56774,30,1538,COMUNIDADE SANTA HELENA DA CHAPADINHA,CHAPADINHA,-18.65699,-40.39807,309,-1,1
2020,1057,56774,30,1546,EMEF SÃO MIGUEL,CÓRREGO SÃO MIGUEL,-18.65699,-40.39807,399,-1,1
2020,1058,56774,30,1562,EMEF VITÓRIO DE ÂNGELO - SERRA DE CIMA,CÓRREGO DE SERRA DE CIMA,-18.65699,-40.39807,194,-1,1
2020,1059,56774,30,1600,EMEF STANISLAW ZUCOLOTTO,SÃO FRANCISCO,-18.65699,-40.39807,2297,-1,1
2020,1060,56774,30,1619,EMEF SÃO CRISTOVÃO,SÃO CRISTOVÃO,-18.65699,-40.39807,1909,-1,1
2020,1061,56774,30,1627,EMEF TITO DOS SANTOS NEVES,RÚBIA,-18.65699,-40.39807,2997,-1,1
2020,1062,56774,30,1635,CMEI LAR DE FÁTIMA,BONFIM,-18.65699,-40.39807,699,-1,1
2020,1063,56774,30,1643,IGREJA CATÓLICA DO PATRIMÔNIO DA PENHA - PERDIDO,PATRIMÔNIO DA PENHA,-18.65699,-40.39807,362,-1,1
2020,1064,56774,30,1660,EMEF CÓRREGO DA PEDRA - GRILLO,SEDE DO CÓRREGO DA PEDRA,-18.65699,-40.39807,302,-1,1
2020,1065,56774,30,1678,SALÃO COMUNITÁRIO DA IGREJA CATÓLICA SÃO LUIZ GONZAGA,SÃO LUIZ GONZAGA,-18.65699,-40.39807,273,-1,1
2020,1066,56774,30,1686,EMEF ASSENTAMENTO RODEIO,COMUNIDADE SÃO JOÃO DO BOTO,-18.65699,-40.39807,146,-1,1
2020,1067,56774,30,1694,IGREJA CATÓLICA SANTA MÃE DE DEUS,AEROPORTO,-18.65699,-40.39807,1365,-1,1
2020,1068,56774,30,1708,CMEI MARIA LUÍSA DIAS PESTANA SANTOS - SAO MARCOS,RÚBIA,-18.65699,-40.39807,432,-1,1
2020,1069,56774,30,1716,CMEI VERA LÚCIA GALVÃO,RÚBIA,-18.65699,-40.39807,270,-1,1
2020,1070,56774,30,1724,CMEI ODORICO DOMINGOS,IOLANDA,-18.65699,-40.39807,311,-1,1
2020,1071,56774,30,1732,CMEITI MARIA CALIMAN LOBO,DOM JOSÉ DALVID,-18.65699,-40.39807,302,-1,1
2020,1072,56774,30,1740,CMEI REGINA CELIA MENEGUETTI FRISSO,MONTE CASTELO,-18.65699,-40.39807,383,-1,1
2020,1073,56790,36,1015,SOCIEDADE PESTALOZZI ANTÔNIO ACÁCIO DE OLIVEIRA,LIRIO DOS VALES,-19.22151,-40.85372,614,-1,0
2020,1074,56790,36,1031,COOEPA - COOPERATIVA EDUCACIONAL DE PANCAS,LIRIO DOS VALES,-19.2218,-40.85348,1553,-1,0
2020,1075,56790,36,1040,EEEFM ARARIBÓIA,LIRIO DOS VALES,-19.22149,-40.85353,1690,-1,0
2020,1076,56790,36,1058,CADASTRO ÚNICO,CENTRO,-19.22443,-40.85176,785,-1,0
2020,1077,56790,36,1066,EMEF ORAÍDE GOMES DE MIRANDA,VILA NOVA,-19.22261,-40.847,1662,-1,0
2020,1078,56790,36,1074,CEIM SANTA LUZIA,CENTRO,-19.22479,-40.8535,640,-1,0
2020,1079,56790,36,1090,OBRA SOCIAL SANTA LUZIA,CENTRO,-19.22284,-40.85078,574,-1,0
2020,1080,56790,36,1104,UNIDADE DE SAÚDE - CENTRO,CENTRO,-19.22499,-40.85206,612,-1,0
2020,1081,56790,36,1112,EMEF HENOC PEREIRA,CENTRO,-19.22369,-40.85071,675,-1,0
2020,1082,56790,36,1228,EEEFM JANUÁRIO RIBEIRO,DISTRITO DE VILA VERDE,-18.97296,-40.87734,1342,-1,0
2020,1083,56790,36,1252,CEIM MENINO JESUS,DISTRITO DE VILA VERDE,-18.97207,-40.87415,781,-1,0
2020,1084,56790,36,1295,EEEFM SEBASTIANA GRILO,DISTRITO DE LAGINHA,-19.16147,-40.77287,2310,-1,0
2020,1085,56790,36,1309,UNIDADE DE SAUDE - LAGINHA,DISTRITO DE LAGINHA,-19.16074,-40.77306,1175,-1,0
2020,1086,56790,36,1384,CEIM PEQUENO PRÍNCIPE,VILA NOVA,-19.22247,-40.84845,1262,-1,0
2020,1087,56790,36,1392,BIBLIOTECA MUNICIPAL DE LAGINHA,DISTRITO DE LAGINHA,-19.16111,-40.77296,327,-1,1
2020,1088,56812,39,1015,EEEF SÃO JOSÉ DO JUNDIÁ,CANÁRIO,-18.4079,-40.21667,614,-1,0
2020,1089,56812,39,1023,EEEF JURACY CARDOSO VIANA,VILA VERDE,-18.41708,-40.22004,1303,-1,0
2020,1090,56812,39,1031,EPSG COOPEPI,CENTRO,-18.40943,-40.21524,1324,-1,0
2020,1091,56812,39,1040,EEEF EMIR DE MACEDO GOMES,CENTRO,-18.41252,-40.21297,1709,-1,0
2020,1092,56812,39,1058,EMEF E PRÉ-ESCOLA CARLOS LINDENBERG,SANTO ANTÔNIO,-18.4117,-40.22118,2129,-1,0
2020,1093,56812,39,1066,EEEFM NOSSA SENHORA DE LOURDES,CENTRO,-18.4106,-40.212,1588,-1,0
2020,1094,56812,39,1074,EEEF JOSÉ PINHEIRO,DOMICIANO MEDINA,-18.41202,-40.21776,1746,-1,0
2020,1095,56812,39,1082,EEEF SÃO JOÃO DO SOBRADO,DISTRITO SÃO JOÃO DO SOBRADO,-18.31825,-40.40523,1054,-1,0
2020,1096,56812,39,1090,CRECHE DOCE LAR,DISTRITO SÃO JOÃO DO SOBRADO,-18.32344,-40.40511,749,-1,0
2020,1097,56812,39,1104,CENTRO PAROQUIAL,CENTRO,-18.41327,-40.21456,1527,-1,0
2020,1098,56812,39,1112,EEEF VILA NOVA,JUNDIÁ,-18.41874,-40.21513,1039,-1,0
2020,1099,56812,39,1120,EEEF E PRÉ-ESCOLA LAGOA SECA,LAGOA SECA,-18.37719,-39.94821,151,-1,0
2020,1100,56812,39,1139,ESCOLA POLO ANTÔNIO BRUNELLI,BRUNELLI,-18.3449,-40.04723,211,-1,0
2020,1101,56812,39,1147,CRECHE FLORINDO MANZOLI,PINHEIRINHO,-18.40289,-40.22841,494,-1,0
2020,1102,56812,39,1155,EMIEF AUGUSTO RUSCHI,VILA NOVA,-18.39499,-40.16721,480,-1,0
2020,1103,56812,39,1163,CEMEI CASINHA FELIZ,VILA VERDE,-18.4148,-40.21956,802,-1,0
2020,1104,56812,39,1171,EMEIEF PADRE JOSÉ DE ANCHIETA,JUNDIÁ,-18.41862,-40.21576,777,-1,0
2020,1105,56839,17,1015,EPSG PROFA. FILOMENA QUETIBA,CENTRO,-20.83847,-40.76134,2366,-1,1
2020,1106,56839,17,1040,JARDIM DE INFÂNCIA NOSSA SENHORA DA CONCEIÇÃO,CENTRO,-20.83847,-40.76134,1175,-1,1
2020,1107,56839,17,1058,EM LACERDA DE AGUIAR,CENTRO,-20.83847,-40.76134,2906,-1,1
2020,1108,56839,17,1066,EEPE SÃO JOÃO DE IBITIBA,SÃO JOÃO DE IBITIBA,-20.83847,-40.76134,215,-1,1
2020,1109,56839,17,1074,CRECHE VOVÓ GENOVEVA,MONTE AGHA I,-20.83847,-40.76134,1622,-1,1
2020,1110,56839,17,1082,EEEF MANOEL DOS SANTOS PEDROZA,NITERÓI,-20.83847,-40.76134,2203,-1,1
2020,1111,56839,17,1090,EEPE NOVA ESPERANÇA,NOVA ESPERANÇA,-20.83847,-40.76134,779,-1,1
2020,1112,56839,17,1104,EM PORTINHO,PORTINHO,-20.83847,-40.76134,873,-1,1
2020,1113,56839,17,1112,IFES- INSTITUTO FEDERAL DO ESPÍRITO SANTO,PRAIA DOCE,-20.83847,-40.76134,2243,-1,1
2020,1114,56839,17,1120,EEEF CÉU AZUL,CÉU AZUL,-20.83847,-40.76134,1195,-1,1
2020,1115,56839,17,1163,EDUCAÇÃO INFANTIL PROF. CELIA MARIA HEHR NUNES,MONTE AGHA I,-20.83847,-40.76134,1219,-1,1
2020,1116,56839,17,1171,ESCOLA MUNICIPAL DE ITINGA - EMEF,ITINGA,-20.83847,-40.76134,81,-1,1
2020,1117,56839,17,1180,POSTO DE SAÚDE MARIA DA PENHA BAIHENSE LEITE,MONTE AGHA II,-20.83847,-40.76134,126,-1,1
2020,1118,56855,43,1015,ESCOLA ESTADUAL DE ENSINO FUNDAMENTAL E MÉDIO DE PRESIDENTE KENNEDY,CENTRO,-21.15086,-41.0762,4192,-1,1
2020,1119,56855,43,1082,ESCOLA DE ENSINO FUNDAMENTAL SÃO SALVADOR,SÃO SALVADOR,-21.15086,-41.0762,621,-1,1
2020,1120,56855,43,1104,ESCOLA PLURIDOCENTE DE ENSINO SÃO PAULO,SÃO PAULO,-21.15086,-41.0762,695,-1,1
2020,1121,56855,43,1139,ESCOLA PLURIDOCENTE DE ENSINO SANTA LÚCIA,SANTA LÚCIA,-21.15086,-41.0762,555,-1,1
2020,1122,56855,43,1147,ESCOLA DE 1º GRAU BERY BARRETO DE ARAÚJO,JAQUEIRA,-21.15086,-41.0762,1636,-1,1
2020,1123,56855,43,1163,ESCOLA PLURIDOCENTE DE ENSINO MINEIRINHO,MINEIRINHO,-21.15086,-41.0762,641,-1,1
2020,1124,56855,43,1171,ESCOLA UNIDOCENTE DE ENSINO GROMOGOL,GROMOGOL,-21.15086,-41.0762,218,-1,1
2020,1125,56855,43,1180,ESCOLA UNIDOCENTE DE ENSINO SANTA FÉ,BELA VISTA,-21.15086,-41.0762,191,-1,1
2020,1126,56855,43,1201,CENTRO DE EDUCAÇÃO INFANTIL BEM-ME-QUER,BOA ESPERANÇA,-21.15086,-41.0762,658,-1,1
2020,1127,56855,43,1210,ESCOLA UNIDOCENTE DE ENSINO ÁGUA PRETA,ÁGUA PRETA,-21.15086,-41.0762,197,-1,1
2020,1128,56855,43,1228,SALÃO COMUNITÁRIO HONÓRIO COSTALONGA,MONTE BELO,-21.15086,-41.0762,175,-1,1
2020,1129,56855,43,1236,ESCOLA UNIDOCENTE DE ENSINO GALOS,CANCELAS,-21.15086,-41.0762,218,-1,1
2020,1130,56855,43,1244,ESCOLA UNIDOCENTE BOM JARDIM,BOM JARDIM,-21.15086,-41.0762,188,-1,1
2020,1131,56855,43,1252,ESCOLA PLURIDOCENTE DE ENSINO SANTO EDUARDO,SANTO EDUARDO,-21.15086,-41.0762,624,-1,1
2020,1132,56855,43,1287,CENTRO MUNICIPAL DE EDUCAÇÃO INFANTIL LIANA QUINTA,PRAIA DE MAROBÁ,-21.15086,-41.0762,1231,-1,1
2020,1133,56871,35,1023,EEEFM WALDEMIRO HEMERLY,CENTRO,-20.78423,-40.95959,1647,-1,1
2020,1134,56871,35,1031,EPG BODART JUNIOR,CENTRO,-20.78423,-40.95959,1034,-1,1
2020,1135,56871,35,1040,ESCOLA ESPECIAL PESTALOZZI,CENTRO,-20.78423,-40.95959,320,-1,1
2020,1136,56871,35,1074,JARDIM DE INFÂNCIA JOAQUINA NOGUEIRA,CENTRO,-20.78423,-40.95959,705,-1,1
2020,1137,56871,35,1082,EU CAPIM ANGOLA,CAPIM ANGOLA,-20.78423,-40.95959,449,-1,1
2020,1138,56871,35,1090,EU CACHOEIRINHA,CACHOEIRINHA,-20.78423,-40.95959,320,-1,1
2020,1139,56871,35,1104,EU MUNDO NOVO,MUNDO NOVO,-20.78423,-40.95959,388,-1,1
2020,1140,56871,35,1112,EU PRINCESA,PRINCESA,-20.78423,-40.95959,266,-1,1
2020,1141,56871,35,1120,EP SÃO VICENTE,SÃO VICENTE,-20.78423,-40.95959,447,-1,1
2020,1142,56871,35,1147,SALAO PAROQUIAL,CENTRO,-20.78423,-40.95959,1033,-1,1
2020,1143,56871,35,1155,ESCOLA ESTADUAL DE ENSINO FUNDAMENTAL E MÉDIO VIRGÍNIA NOVA,VIRGÍNIA NOVA,-20.78423,-40.95959,283,-1,1
2020,1144,56871,35,1171,EP QUARTEIRÃO,QUARTEIRÃO DE SANTANA,-20.78423,-40.95959,590,-1,1
2020,1145,56871,35,1180,EP ITATAÍBA,ITATAÍBA,-20.78423,-40.95959,345,-1,1
2020,1146,56871,35,1201,EPM VITAL LUCAS,SÃO JOSÉ,-20.78423,-40.95959,673,-1,1
2020,1147,56898,9,1015,EEEFM ALICE HOLZMEISTER,CENTRO,-20.10816,-40.53278,2890,-1,1
2020,1148,56898,9,1023,EPM JACOB SCHAEFFER,RIO BONITO,-20.10816,-40.53278,179,-1,1
2020,1149,56898,9,1058,POSTO MÉDICO DE MANGARAÍ,DISTRITO DE MANGARAÍ,-20.10816,-40.53278,481,-1,1
2020,1150,56898,9,1066,EPM DE REGÊNCIA,DISTRITO DE MANGARAÍ,-20.10816,-40.53278,300,-1,1
2020,1151,56898,9,1104,EEFM ALICE HOLZMEISTER,CENTRO,-20.10816,-40.53278,1604,-1,1
2020,1152,56898,9,1120,EP RIO DAS FARINHAS,RIO DAS FARINHAS,-20.10816,-40.53278,401,-1,1
2020,1153,56898,9,1171,CENTRO COMUNITÁRIO DA IGREJA LUTERANA - HOLANDINHA,HOLANDINHA,-20.10816,-40.53278,202,-1,1
2020,1154,56898,9,1201,EMUF RIO DO NORTE,SANTO ANTÔNIO,-20.10816,-40.53278,267,-1,1
2020,1155,56898,9,1210,EP DJALMA GAEDE,CARAMURU DE BAIXO,-20.10816,-40.53278,422,-1,1
2020,1156,56898,9,1228,EPM FAZENDA PAULO JACOB,CARAMURU,-20.10816,-40.53278,529,-1,1
2020,1157,56898,9,1236,EU DE TRÊS PONTES,TRÊS PONTES,-20.10816,-40.53278,167,-1,1
2020,1158,56898,9,1244,ESCOLA ALEMÃ DO TIROL,TIROL,-20.10816,-40.53278,510,-1,1
2020,1159,56898,9,1252,CENTRO COMUNITÁRIO DE MEIA LÉGUA,MEIA LÉGUA,-20.10816,-40.53278,318,-1,1
2020,1160,56898,9,1260,EPM DE LUXEMBURGO,LUXEMBURGO,-20.10816,-40.53278,287,-1,1
2020,1161,56898,9,1287,EPG BARRA DE MANGARAÍ,BARRA DE MANGARAÍ,-20.10816,-40.53278,456,-1,1
2020,1162,56898,9,1295,EUM DE BRAGANÇA,BRAGANÇA,-20.10816,-40.53278,69,-1,1
2020,1163,56898,9,1309,EUM BOQUEIRÃO DO THOMAS,BOQUEIRÃO DO THOMAS,-20.10816,-40.53278,172,-1,1
2020,1164,56898,9,1317,CENTRO COMUNITÁRIO DO RIO DO MEIO,BOQUEIRÃO DO THOMAS,-20.10816,-40.53278,286,-1,1
2020,1165,56898,9,1325,CRECHE SÃO JUDAS TADEU,RETIRO,-20.10816,-40.53278,208,-1,1
2020,1166,56898,9,1333,EP DE CÓRREGO DAS PEDRAS,RIO DAS PEDRAS,-20.10816,-40.53278,251,-1,1
2020,1167,56910,11,1015,EEEFM JOSÉ PINTO COELHO,VILA NOVA,-19.93994,-40.60967,2183,-1,0
2020,1168,56910,11,1023,EMEI PESSANHA PÓVOA,CENTRO,-19.93459,-40.60103,2601,-1,0
2020,1169,56910,11,1031,ESCOLA SANTA CATARINA,CENTRO,-19.93519,-40.6011,2650,-1,0
2020,1170,56910,11,1066,EEEFM FREDERICO PRETTI,SÃO JOÃO DE PETRÓPOLIS,-19.81256,-40.6774,1003,-1,0
2020,1171,56910,11,1082,EMEIEF VISCONDE DE INHAÚMA,S. ANTÔNIO DO CANAÃ,-19.82578,-40.65462,1879,-1,0
2020,1172,56910,11,1090,EMEIEF PROFESSOR HAUSLER,25 DE JULHO,-19.77794,-40.60876,530,-1,0
2020,1173,56910,11,1104,EMEIEF SEBASTIÃO JOSÉ PIVETTA,VÁRZEA ALEGRE,-19.89565,-40.76267,2113,-1,0
2020,1174,56910,11,1120,EMEIEF PAULINO ROCON,ALTO CALDEIRÃO,-19.95435,-40.74232,1036,-1,0
2020,1175,56910,11,1180,ESFA - ESCOLA SUPERIOR SÃO FRANCISCO DE ASSIS,DOIS PINHEIROS,-19.93784,-40.59147,3740,-1,0
2020,1176,56910,11,1198,EMEF ETHEVALDO DAMÁZIO,JARDIM DA MONTANHA,-19.94223,-40.58168,384,-1,0
2020,1177,56910,11,1201,EMEI EMILINHA,VILA NOVA,-19.93972,-40.60793,1350,-1,0
2020,1178,56936,37,1015,CÂMARA MUNICIPAL DE VEREADORES,CENTRO,-19.01788,-40.53602,750,415,1
2020,1179,56936,37,1031,EMEF PROFESSORA ANNA CAVATTI COLOMBI,BOA VISTA,-19.00662,-40.53967,1468,413,0
2020,1180,56936,37,1040,EEEF PROF. CARLOS DIAS MIRANDA CUNHA,POPULARES,-19.01525,-40.54065,2239,426,0
2020,1181,56936,37,1058,CEEMTI GOVERNADOR GERSON CAMATA - ESCOLA VIVA,SÃO VICENTE,-19.01192,-40.53508,2581,424,0
2020,1182,56936,37,1066,EEEF PROFA. MARIA CELESTE TOREZANI STORCH,SANTA CECÍLIA,-19.02031,-40.53808,1230,428,0
2020,1183,56936,37,1074,EMEF IRMA ADELAIDE BERTOCH,SANTA CECÍLIA,-19.02177,-40.53559,2327,428,0
2020,1184,56936,37,1082,PEM CHAPEUZINHO VERMELHO,CENTRO,-19.01788,-40.53602,1641,415,0
2020,1185,56936,37,1090,EEEFM ILDA FERREIRA DA FONSECA MARTINS,BOA VISTA,-19.01008,-40.53965,1121,420,0
2020,1186,56936,37,1163,EEEFM VERA CRUZ,VILA FARTURA,-18.903,-40.4473,1796,-1,0
2020,1187,56936,37,1180,EPM PATRIMÔNIO SÃO ROQUE DA TERRA ROXA,SÃO ROQUE DA TERRA ROXA,-18.91367,-40.50786,483,-1,0
2020,1188,56936,37,1210,EMEF BERTOLO MALACARNE,CACHOEIRA DA ONÇA,-19.04109,-40.54166,1228,414,0
2020,1189,56936,37,1228,EMUEF LADIR DA PENHA - SÃO JOSÉ,SÃO JOSÉ,-19.03938,-40.61591,505,-1,0
2020,1190,56936,37,1236,EMUEF SÃO SEBASTIÃO DA BARRA SECA,SÃO SEBASTIÃO DA BARRA SECA,-18.91046,-40.58423,533,-1,0
2020,1191,56936,37,1244,EMEIEF JOÃO GABRIEL,SANTA TEREZINHA,-19.03329,-40.54142,756,431,0
2020,1192,56936,37,1260,EMEIC FRANCISCO JOSÉ MATTEDI,VILA FARTURA,-18.89576,-40.48165,326,-1,0
2020,1193,56936,37,1279,CMEI MERCEDES GOMES DE OLIVEIRA,SÃO SEBASTIÃO,-18.99216,-40.53102,709,418,1
2020,1194,56936,37,1317,CENTRO COMUNITÁRIO DA IG. CATÓLICA DO BAIRRO DE SANTA HELENA,SANTA HELENA,-18.9997,-40.53405,641,418,0
2020,1195,56936,37,1325,CENTRO COMUNITÁRIO DA IG. CATÓLICA DO PAT. DE S. ROQUE DA TERRA ROXA,SÃO ROQUE DA TERRA ROXA,-18.91298,-40.50775,258,-1,0
2020,1196,56936,37,1333,CMEI VOVÓ ZEFA,BOA VISTA,-19.00888,-40.53969,1402,413,0
2020,1197,56936,37,1341,EEEFM ILDA FERREIRA DA FONSECA MARTINS 2,BOA VISTA,-19.00853,-40.53967,252,413,1
2020,1198,56936,37,1350,ROTARY CLUBE,SANTA HELENA,-18.9997,-40.53405,645,418,1
2020,1199,56936,37,1368,EFAB MEPES,SEDE,-19.00908,-40.47672,368,-1,0
2020,1200,56936,37,1376,EMEIEF BEM VIVER,VILA COMBONI,-19.03036,-40.52965,2024,412,0
2020,1201,56952,44,1015,EPSG MERCÊS GARCIA VIEIRA,CENTRO,-20.97575,-41.64864,3257,-1,1
2020,1202,56952,44,1058,EPG DE ALTO CALÇADO,DISTRITO DE ALTO CALÇADO,-20.97575,-41.64864,987,-1,1
2020,1203,56952,44,1066,EPG DE AIRITUBA,DISTRITO DE AIRITUBA,-20.97575,-41.64864,682,-1,1
2020,1204,56952,44,1074,EPG PATRIMÔNIO DO DIVINO,DISTRITO PATRIMÔNIO DO DIVINO,-20.97575,-41.64864,391,-1,1
2020,1205,56952,44,1082,EMEF MANOEL FRANCO,CENTRO,-20.97575,-41.64864,2227,-1,1
2020,1206,56952,44,1090,CMEI MARIETA CASTRO,CENTRO,-20.97575,-41.64864,822,-1,1
2020,1207,56979,21,1023,EEEFM CECILIANO ABEL DE ALMEIDA,CENTRO,-18.71573,-39.85655,3658,-1,0
2020,1208,56979,21,1031,EMEF PROF. JOÃO PINTO BANDEIRA,SERNAMBY,-18.72254,-39.85123,3851,-1,0
2020,1209,56979,21,1040,EEEFM PIO XII,CENTRO,-18.71531,-39.85086,2909,-1,0
2020,1210,56979,21,1058,APAE - ASSOCIAÇÃO DE PAIS E AMIGOS DE EXCEPCIONAIS,CENTRO,-18.71529,-39.85232,646,-1,0
2020,1211,56979,21,1066,EEEFM MARITA MOTTA SANTOS (POLIVALENTE),BOA VISTA,-18.71791,-39.85938,3202,-1,0
2020,1212,56979,21,1074,COLÉGIO CONHECER,BOA VISTA,-18.71893,-39.86086,2361,-1,0
2020,1213,56979,21,1104,EMEF LILAZINA GOMES DE SOUZA,POSTO ESSO,-18.71389,-39.87759,1739,-1,0
2020,1214,56979,21,1112,EEEF EMÍLIO ROBERTO ZANOTTI,BOA VISTA,-18.71799,-39.85918,924,-1,0
2020,1215,56979,21,1120,EMEF DR. ARNÓBIO ALVES DE HOLANDA,FORNO VELHO 2 (COHAB 2),-18.7307,-39.84163,3045,-1,0
2020,1216,56979,21,1139,EPEFM ALTERNATIVA LAGO DO CISNE,LAGO DOS CISNES,-18.7208,-39.84305,3140,-1,0
2020,1217,56979,21,1228,EMEF Mª FRANCISCA NUNES COUTINHO (NATIVO BARRA NOVA),NATIVO DE BARRA NOVA,-18.90755,-39.77839,1101,-1,0
2020,1218,56979,21,1252,EMEF DE GURIRI,GURIRI,-18.74306,-39.75003,3069,-1,0
2020,1219,56979,21,1260,CEIM DE AREINHA,AREINHA,-18.72734,-39.81516,1565,-1,0
2020,1220,56979,21,1287,EEEFM PIO XII - PROVISÓRIO,CENTRO,-18.71544,-39.85324,832,-1,1
2020,1221,56979,21,1341,CEIM SÃO JOÃO,SERNAMBY,-18.71883,-39.8535,878,-1,0
2020,1222,56979,21,1422,EMP ENEDINO MONTEIRO,BARRA NOVA,-18.95635,-39.74245,366,-1,0
2020,1223,56979,21,1430,EMEF MARIA DA CUNHA FUNDÃO,SEAC,-18.74688,-39.85765,2257,-1,0
2020,1224,56979,21,1457,EMEF MARIA APARECIDA DOS SANTOS SILVA FILADELFO,MORADA DO RIBEIRÃO,-18.73217,-39.85465,2129,-1,0
2020,1225,56979,21,1481,UNIVC - COLÉGIO NACIONAL,UNIVERSITÁRIO,-18.72286,-39.84512,2622,-1,0
2020,1226,56979,21,1511,EMEF CRICARÉ,BEIRA RIO,-18.7127,-39.86864,1116,-1,0
2020,1227,56979,21,1562,IGREJA SANTA LUZIA DO RIO PRETO - COMUNIDADE SANTA LUZIA DO RIO PRETO,RIO PRETO ( SANTA LUZIA ),-18.80227,-39.96059,122,-1,0
2020,1228,56979,21,1570,EMEF OURO NEGRO,GURIRI,-18.74525,-39.75023,2847,-1,0
2020,1229,56979,21,1597,EM SAPUCAIA 2 (PALMITINHO-SANTA LUZIA),COMUNIDADE SANTA LUZIA,-18.97312,-39.87978,118,-1,0
2020,1230,56979,21,1619,EPM ALICE MOREIRA MACHADO,BARRA NOVA,-18.94789,-39.74416,169,-1,0
2020,1231,56979,21,1643,EEEM WALLACE CASTELO DUTRA,GURIRI,-18.73203,-39.75755,3776,-1,0
2020,1232,56979,21,1651,CDPSM - CENTRO DE DETENÇÃO PROVISÓRIA DE SÃO MATEUS,FAZENDA RANCHO DAS TELHAS,-18.7736,-39.8695,0,-1,0
2020,1233,56979,21,1660,EPM MARIRICU,MARIRICU,-18.73876,-39.93233,109,-1,1
2020,1234,56979,21,1678,CEIM GIRASSOL,SANTA LEOCÁDIA,-18.7179,-40.09113,675,-1,0
2020,1235,56979,21,1686,EM DE PAULISTA,PAULISTA,-18.85545,-39.93216,844,-1,0
2020,1236,56979,21,1694,EMEF BONSUCESSO,BONSUCESSO 2,-18.72398,-39.89037,2345,-1,0
2020,1237,56979,21,1708,CEIM PAULO FREIRE,VILA VERDE,-18.7242,-39.87161,751,-1,0
2020,1238,56979,21,1716,EMEF MARIZETE V. DO NASCIMENTO (ARUEIRA),ARUEIRA,-18.73876,-39.93233,1344,-1,1
2020,1239,56979,21,1724,ESCOLA MUNICIPAL MILITINO CARRAFA,KM 13,-18.70247,-39.96689,319,-1,0
2020,1240,56979,21,1732,EMEF MERCEDES DE AGUIAR (ITAUNINHAS),ITAUNINHAS,-18.48892,-40.09056,493,-1,0
2020,1241,56979,21,1740,EEEF NESTOR GOMES,NESTOR GOMES ( KM 41 ),-18.7298,-40.22244,2526,-1,0
2020,1242,56979,21,1759,ESCOLA FAMÍLIA AGRÍCOLA DO KM 41,NESTOR GOMES ( KM 41 ),-18.72969,-40.22308,891,-1,0
2020,1243,56979,21,1767,EMEF SANTA TEREZINHA (PONTE),SANTA TEREZA,-18.70934,-39.87888,1461,-1,0
2020,1244,56979,21,1775,EPM CÓRREGO SECO,CÓRREGO SECO,-18.73064,-40.21185,239,-1,0
2020,1245,56979,21,1783,EM SÃO PIO X,CÓRREGO DA PALMEIRA,-18.72439,-40.26687,217,-1,0
2020,1246,56979,21,1791,EEEFM AMÉRICO SILVARES,VILA NOVA,-18.72094,-39.8728,3575,-1,0
2020,1247,56979,21,1805,EMEF VEREADOR LAURINDO SAMARITANO (CRUZAMENTO),LITORÂNEO,-18.68175,-39.86361,1885,-1,0
2020,1248,56979,21,1813,ANEDINA ALMEIDA SANTOS,NOVA LIMA,-18.50745,-40.01728,1210,-1,0
2020,1249,56979,21,1821,CAIC - CENTRO DE ATENDIMENTO INTEGRAL A CRIANÇA,BONSUCESSO 1,-18.72017,-39.88268,5079,-1,0
2020,1250,56979,21,1830,EMEIEF ZUMBI DOS PALMARES,ASSENTAMENTO ZUMBI DOS PALMARES,-18.73259,-40.36584,178,-1,0
2020,1251,56979,21,1848,EPM NOVA VISTA,NOVA VISTA 1,-18.61006,-40.08364,426,-1,0
2020,1252,56979,21,1856,EMEF KM 35 - NOVA AYMORÉS,NOVA AYMORÉS ( KM 35 ),-18.7163,-40.16065,1662,-1,0
2020,1253,56979,21,1864,EEEFM SANTO ANTÔNIO,SANTO ANTÔNIO,-18.71639,-39.87999,4816,-1,0
2020,1254,56979,21,1872,COMUNIDADE NOVA VERONA - IGREJA NOSSA SENHORA DA PENHA,NOVA VERONA,-18.72796,-40.37416,233,-1,0
2020,1255,56979,21,1880,EMEF CÓRREGO DO MILANEZ,KM 28,-18.71793,-40.10567,2224,-1,0
2020,1256,56979,21,1899,GRUPO ESCOLAR DE SANTA MARIA,SANTA MARIA,-18.58127,-40.14125,1664,-1,0
2020,1257,56979,21,1910,UAPS URUSSUQUARA,BALNEÁRIO DE URUSSUQUARA,-19.09164,-39.72374,84,-1,0
2020,1258,56979,21,1929,EMEF HERINEA LIMA OLIVEIRA,GURIRI,-18.73044,-39.76613,499,-1,0
2020,1259,56995,26,1015,EEEFM SERRA SEDE,CENTRO,-20.13691,-40.30888,5010,563,1
2020,1260,56995,26,1023,EMEF SERRANA,SÃO JUDAS TADEU,-20.13691,-40.30888,2749,563,1
2020,1261,56995,26,1031,E.E.E.F.M.  CLÓVIS BORGES MIGUEL (SANTO ANTÔNIO),CENTRO,-20.13691,-40.30888,3875,563,1
2020,1262,56995,26,1040,E.E.E.F.M. GETÚLIO PIMENTEL LOUREIRO,SÃO DOMINGOS,-20.13691,-40.30888,3129,563,1
2020,1263,56995,26,1058,EMEF DE JARDIM BELA VISTA,JARDIM BELA VISTA,-20.13691,-40.30888,3671,563,1
2020,1264,56995,26,1066,EMEF ALBA LÍLIA CASTELLO MIGUEL,VISTA DA SERRA I,-20.13691,-40.30888,5207,563,1
2020,1265,56995,26,1082,EMEF SÃO MARCOS,SÃO MARCOS II,-20.13691,-40.30888,2903,563,1
2020,1266,56995,26,1090,EMEF DE CASCATA,CASCATA,-20.13691,-40.30888,2434,563,1
2020,1267,56995,26,1104,EMEF DJANIRA MARIA DE ARAÚJO,NOSSA SENHORA DA CONCEIÇÃO,-20.13691,-40.30888,1626,563,1
2020,1268,56995,26,1112,EEEF ADELVANI AZEVEDO,CAMPINHO DA SERRA II,-20.13691,-40.30888,2126,563,1
2020,1269,56995,26,1120,EMEF JONAS FARIAS,NOVA CARAPINA I,-20.13691,-40.30888,7006,563,1
2020,1270,56995,26,1139,EMEF GOVERNADOR CARLOS LINDEMBERG,BARRO BRANCO,-20.13691,-40.30888,3693,563,1
2020,1271,56995,26,1147,EEEF MESTRE ÁLVARO,ELDOURADO,-20.13691,-40.30888,6554,563,1
2020,1272,56995,26,1155,EMEF MINISTRO PETRÔNIO PORTELA,MATA DA SERRA,-20.13691,-40.30888,3111,563,1
2020,1273,56995,26,1163,EEEFM HILDA MIRANDA NASCIMENTO,PORTO CANOA,-20.13691,-40.30888,3899,563,1
2020,1274,56995,26,1201,EEEF SIZENANDO PECHINCHA,BARCELONA,-20.13691,-40.30888,4626,563,1
2020,1275,56995,26,1511,EMEF DE PUTIRI,PUTIRI,-20.13691,-40.30888,208,563,1
2020,1276,56995,26,1520,EMEF DE BELVEDERE,BELVEDERE,-20.13691,-40.30888,943,563,1
2020,1277,56995,26,1694,EMEF DE DIVINÓPOLIS,DIVINÓPOLIS,-20.13691,-40.30888,1719,563,1
2020,1278,56995,26,1708,EEEF JUDITH CASTELLO LEÃO,PITANGA,-20.13691,-40.30888,1425,563,1
2020,1279,56995,26,1767,EEEF JURACY MACHADO,BARCELONA,-20.13691,-40.30888,5856,563,1
2020,1280,56995,26,1775,EEEFM  PROFESSOR  JOÃO ANTUNES DAS DORES,PLANALTO SERRANO BLOCO A,-20.13691,-40.30888,4418,563,1
2020,1281,56995,26,1783,EMEF HERBERT DE SOUZA,SÃO MARCOS II,-20.13691,-40.30888,2397,563,1
2020,1282,56995,26,1791,EMEF PAULO FREIRE,VISTA DA SERRA II,-20.13691,-40.30888,2929,563,1
2020,1283,56995,26,1813,EEEF NOVA CARAPINA II,NOVA CARAPINA II,-20.13691,-40.30888,4327,563,1
2020,1284,56995,26,1848,EMEF JOÃO CALMON,PLANALTO SERRANO BLOCO B,-20.13691,-40.30888,3669,563,1
2020,1285,56995,26,1899,EMEF ISMÊNIO VIDIGAL,PLANALTO SERRANO BLOCO A,-20.13691,-40.30888,2882,563,1
2020,1286,56995,26,1902,EMEF CIDADE POMAR,CIDADE POMAR,-20.13691,-40.30888,2537,563,1
2020,1287,56995,26,1910,EEEF MARINGÁ,MARINGÁ,-20.13691,-40.30888,1212,563,1
2020,1288,56995,26,1929,EMEF SANTIAGO DA SERRA,SANTIAGO DA SERRA,-20.13691,-40.30888,162,563,1
2020,1289,56995,26,1945,EMEF IOLANDA SCHINEIDER RANGEL DA SILVA,PORTO CANOA,-20.13691,-40.30888,1928,563,1
2020,1290,56995,26,1953,EEEF CAMPINHO,CAMPINHO DA SERRA I,-20.13691,-40.30888,520,563,1
2020,1291,56995,26,1961,EMEF CHAPADA GRANDE,CHAPADA GRANDE,-20.13691,-40.30888,432,563,1
2020,1292,56995,26,1970,CDPS - CENTRO DE DETENÇÃO PROVISÓRIA DE SERRA,QUEIMADOS,-20.13691,-40.30888,0,563,1
2020,1293,56995,26,1996,EMEF ALDARY NUNES,CENTRO,-20.13691,-40.30888,1049,563,1
2020,1294,56995,53,1023,EEF MANOEL CARLOS DE MIRANDA,JOSÉ DE ANCHIETA,-20.13691,-40.30888,6832,563,1
2020,1295,56995,53,1031,EMEF OLIVINA SIQUEIRA,JARDIM TROPICAL,-20.13691,-40.30888,3642,563,1
2020,1296,56995,53,1040,EEEF JÔNES JOSÉ DO NASCIMENTO,CENTRAL CARAPINA,-20.13691,-40.30888,5593,563,1
2020,1297,56995,53,1058,CRECHE PENÉLOPE,JARDIM LIMOEIRO,-20.13691,-40.30888,3826,563,1
2020,1298,56995,53,1066,EEF SÃO DIOGO,SÃO DIOGO II,-20.13691,-40.30888,3299,563,1
2020,1299,56995,53,1074,EEEF MARIA MAGDALENA PISA,SÃO GERALDO,-20.13691,-40.30888,1268,563,1
2020,1300,56995,53,1082,EEEFM DOM JOÃO BATISTA DA MOTTA E ALBUQUERQUE,ANDRÉ CARLONI,-20.13691,-40.30888,3546,563,1
2020,1301,56995,53,1090,EMEF LACY ZULEICA NUNES,CARAPINA,-20.13691,-40.30888,3756,563,1
2020,1302,56995,53,1104,EEEFM ARLINDO FERREIRA LOPES,BOA VISTA,-20.13691,-40.30888,2185,563,1
2020,1303,56995,53,1112,EEEFM RÔMULO CASTELLO,CARAPINA,-20.13691,-40.30888,4763,563,1
2020,1304,56995,53,1120,EEEFM CLOTILDE RATO,DE FÁTIMA,-20.13691,-40.30888,4627,563,1
2020,1305,56995,53,1139,EEEFM BELMIRO TEIXEIRA PIMENTA,EURICO SALLES,-20.13691,-40.30888,2040,563,1
2020,1306,56995,53,1147,EEEFM ARISTÓBULO BARBOSA LEÃO,JARDIM LIMOEIRO,-20.13691,-40.30888,6999,563,1
2020,1307,56995,53,1155,EEF AURENÍRIA CORREIA PIMENTEL,NOVO HORIZONTE,-20.13691,-40.30888,4343,563,1
2020,1308,56995,53,1228,EMEF DR. HÉLIO FERRAZ,HÉLIO FERRAZ,-20.13691,-40.30888,3379,563,1
2020,1309,56995,53,1244,EEEF LARANJEIRAS,LARANJEIRAS VELHA,-20.13691,-40.30888,2808,563,1
2020,1310,56995,53,1252,EEEFM MARIA PENEDO,VALPARAÍSO,-20.13691,-40.30888,6092,563,1
2020,1311,56995,53,1260,EEEF IRACEMA CONCEIÇÃO SILVA,CHÁCARA PARREIRAL,-20.13691,-40.30888,4097,563,1
2020,1312,56995,53,1287,EEEFM SÍLVIO EGITO SOBRINHO,JOSÉ DE ANCHIETA,-20.13691,-40.30888,5072,563,1
2020,1313,56995,53,1295,EMEF AMÉRICO GUIMARÃES COSTA,CARAPINA GRANDE,-20.13691,-40.30888,3614,563,1
2020,1314,56995,53,1317,EMEF PADRE GABRIEL,JARDIM CARAPINA,-20.13691,-40.30888,3874,563,1
2020,1315,56995,53,1325,CAEE DR. PEDRO FEU ROSA - APAE,PARQUE RESIDENCIAL LARANJEIRAS,-20.13691,-40.30888,4435,563,1
2020,1316,56995,53,1333,EMEF PROFESSOR LUÍZ BATISTA,JARDIM TROPICAL,-20.13691,-40.30888,4977,563,1
2020,1317,56995,53,1341,EMEF ELPÍDIA COIMBRA,ANDRÉ CARLONI,-20.13691,-40.30888,1772,563,1
2020,1318,56995,53,1368,EMEF NOVO HORIZONTE,NOVO HORIZONTE,-20.13691,-40.30888,5327,563,1
2020,1319,56995,53,1392,EEF JOÃO PAULO II,JARDIM CARAPINA,-20.13691,-40.30888,5062,563,1
2020,1320,56995,53,1406,CENTRO EDUCACIONAL INFANTIL OLINDINA LEÃO NUNES,TAQUARA I,-20.13691,-40.30888,2681,563,1
2020,1321,56995,53,1414,EEEF MANOEL LOPES,TAQUARA II,-20.13691,-40.30888,2661,563,1
2020,1322,56995,53,1473,EMEF ALTAIR SIQUEIRA COSTA,JARDIM LIMOEIRO,-20.13691,-40.30888,1152,563,1
2020,1323,56995,53,1481,CMEI JARBAS SILVA FILHO,COLINA DE LARANJEIRAS,-20.13691,-40.30888,1941,563,1
2020,1324,56995,53,1490,EMEF DOM JOSE MAURO PEREIRA BASTOS,MORADA DE LARANJEIRAS,-20.13691,-40.30888,1558,563,1
2020,1325,56995,53,1503,EEEFM MARIA JOSÉ ZOUAIN MIRANDA,VALPARAÍSO,-20.13691,-40.30888,1203,563,1
2020,1326,56995,53,1511,CMEI LUCIANO DE SOUZA RANGEL,PARQUE RESIDENCIAL LARANJEIRAS,-20.13691,-40.30888,873,563,1
2020,1327,56995,59,1015,EMEF BICANGA,BICANGA,-20.13691,-40.30888,1059,563,1
2020,1328,56995,59,1023,EEF TANCREDO DE ALMEIDA NEVES,CAMARÁ,-20.13691,-40.30888,724,563,1
2020,1329,56995,59,1031,EEEF CARAPEBUS,CARAPEBUS,-20.13691,-40.30888,2521,563,1
2020,1330,56995,59,1040,EEEFM PROFESSORA MARIA OLINDA DE OLIVEIRA MENESES,CIDADE CONTINENTAL ÁSIA,-20.13691,-40.30888,5223,563,1
2020,1331,56995,59,1058,EEEFM ZUMBI DOS PALMARES,CIDADE CONTINENTAL OCEANIA,-20.13691,-40.30888,3753,563,1
2020,1332,56995,59,1066,EEEFM ANTÔNIO ENGRÁCIO DA SILVA,FEU ROSA,-20.13691,-40.30888,4047,563,1
2020,1333,56995,59,1074,EMEF FEU ROSA,FEU ROSA,-20.13691,-40.30888,8880,563,1
2020,1334,56995,59,1082,EEEFM FRANCISCO NASCIMENTO (CASTELÂNDIA),JACARAÍPE,-20.13691,-40.30888,4053,563,1
2020,1335,56995,59,1090,EEEF GERMANO ANDRÉ LUBE (BAIRRO DAS LARANJEIRAS),JACARAÍPE,-20.13691,-40.30888,4837,563,1
2020,1336,56995,59,1104,EMEF PROF. MARIA ISTELA MODENESI,JACARAÍPE,-20.13691,-40.30888,5886,563,1
2020,1337,56995,59,1112,EMEF DOM HELDER PESSOA CÂMARA (SÃO PATRICIO),JACARAÍPE,-20.13691,-40.30888,6813,563,1
2020,1338,56995,59,1120,EMEF LEONEL DE MOURA BRIZOLA,JACARAÍPE,-20.13691,-40.30888,5248,563,1
2020,1339,56995,59,1139,CMEI VOVÓ RITINHA,MANGUINHOS,-20.13691,-40.30888,1118,563,1
2020,1340,56995,59,1147,EEEF PREFEITO JOSÉ MARIA MIGUEL FEU ROSA,MANGUINHOS,-20.13691,-40.30888,1458,563,1
2020,1341,56995,59,1155,EMEF JULITE MIRANDA FREITAS (SERRAMAR),NOVA ALMEIDA,-20.13691,-40.30888,3642,563,1
2020,1342,56995,59,1163,EMEF LEONOR MIGUEL FEU ROSA (REIS MAGOS),NOVA ALMEIDA,-20.13691,-40.30888,3146,563,1
2020,1343,56995,59,1171,EMEF PROFESSOR  DARCY RIBEIRO,PARQUE DAS GAIVOTAS,-20.13691,-40.30888,5110,563,1
2020,1344,56995,59,1180,EEEFM FRANCISCA PEIXOTO MIGUEL,SERRA DOURADA II,-20.13691,-40.30888,3624,563,1
2020,1345,56995,59,1198,EEEFM MARINETE DE SOUZA LIRA,FEU ROSA,-20.13691,-40.30888,6434,563,1
2020,1346,56995,59,1201,EMEF IRMÃ DULCE,PARQUE RESIDENCIAL TUBARÃO,-20.13691,-40.30888,2074,563,1
2020,1347,56995,59,1210,EMEF SERRA DOURADA,SERRA DOURADA I,-20.13691,-40.30888,3752,563,1
2020,1348,56995,59,1228,EEEFM ELICE BATISTA GÁUDIO,SERRA DOURADA II,-20.13691,-40.30888,4911,563,1
2020,1349,56995,59,1236,EEEF ANNA GOMES,SERRA DOURADA III,-20.13691,-40.30888,4442,563,1
2020,1350,56995,59,1244,EMEF VALÉRIA MARIA MIRANDA,VILA NOVA DE COLARES,-20.13691,-40.30888,7174,563,1
2020,1351,56995,59,1252,CMEI SANDRA MARIA NEPOMUCENO DALLABERNARDINA,BALNEÁRIO DE CARAPEBUS,-20.13691,-40.30888,1291,563,1
2020,1352,56995,59,1279,EMEF NEUSA MARIA PEYNEAU,JARDIM ATLÂNTICO,-20.13691,-40.30888,4124,563,1
2020,1353,56995,59,1287,COLÉGIO REDE ALTERNATIVO UNIDADE JACARAÍPE,CASTELÂNDIA,-20.13691,-40.30888,740,563,1
2020,1354,56995,59,1295,EMEF VALERIANA ROSA CEZAR,NOVA ALMEIDA,-20.13691,-40.30888,468,563,1
2020,1355,56995,59,1309,EMEF MARIA ANSELMO,ALTEROSAS,-20.13691,-40.30888,226,563,1
2020,1356,56995,59,1317,EEEF FRANCISCO ALVES MENDES,CIDADE CONTINENTAL ÁSIA,-20.13691,-40.30888,485,563,1
2020,1357,56995,59,1325,EMEF ABEL BEZERRA,FEU ROSA,-20.13691,-40.30888,119,563,1
2020,1358,56995,59,1333,CMEI PROFESSORA VERA LUCIA LORENÇON BARCELOS,BAIRRO DAS LARANJEIRAS,-20.13691,-40.30888,759,563,1
2020,1359,57010,47,1015,EMEF PADRE ANTUNES SIQUEIRA,VIANA SEDE,-20.39549,-40.49904,1454,573,1
2020,1360,57010,47,1023,EMPEF CASTORINA RODRIGUES DE SIQUEIRA,RIBEIRA,-20.37752,-40.45745,605,580,0
2020,1361,57010,47,1031,EMEF DORIVAL BRANDÃO,BOM PASTOR,-20.39068,-40.47089,2022,569,0
2020,1362,57010,47,1058,JARDIM DE INFÂNCIA PROFESSORA BILUCA,CENTRO,-20.38977,-40.4957,1009,573,0
2020,1363,57010,47,1074,EEEF NELSON VIEIRA PIMENTEL,VIANA SEDE,-20.39151,-40.49655,2660,573,0
2020,1364,57010,47,1082,EMEF ADAMASTOR FURTADO,UNIVERSAL,-20.36037,-40.4465,2957,581,0
2020,1365,57010,47,1090,EMEF FRANCISCO DE ASSIS PEREIRA,CANAÃ,-20.35971,-40.43742,1871,571,0
2020,1366,57010,47,1104,EMEF DR. ARCÍLIO TONONI,PRIMAVERA,-20.35456,-40.42773,1449,579,0
2020,1367,57010,47,1112,EMEF CONSTANTINO JOSÉ VIEIRA,MARCÍLIO DE NORONHA,-20.34815,-40.42428,2459,575,0
2020,1368,57010,47,1120,EMEF DENIZART SANTOS,INDUSTRIAL,-20.34455,-40.42028,1400,575,0
2020,1369,57010,47,1139,EEEFM MARIA NOVAES PINHEIRO,VILA BETHÂNIA,-20.36159,-40.40469,1816,582,0
2020,1370,57010,47,1147,EMEF ULISSES DOS SANTOS FILHO,MORADA DE BETHÂNIA,-20.38568,-40.4049,942,576,0
2020,1371,57010,47,1155,EMEF TANCREDO DE ALMEIDA NEVES,NOVA BETHÂNIA,-20.36859,-40.42059,4175,577,0
2020,1372,57010,47,1163,EMEF EUZÉLIA LYRIO,AREINHA,-20.3723,-40.43064,745,566,0
2020,1373,57010,47,1171,EMEF JOÃO PAULO SOBRINHO,AREINHA,-20.36715,-40.42262,1621,572,0
2020,1374,57010,47,1180,EMEF DE ARAÇATIBA,ARAÇATIBA,-20.46172,-40.48805,820,565,0
2020,1375,57010,47,1198,EMEF ORESTES SOUTO NOVAES,JUCU,-20.42191,-40.46124,1912,574,0
2020,1376,57010,47,1210,CMEI ADÉLIA DE OLIVEIRA SILVA,AREINHA,-20.36891,-40.42607,638,572,0
2020,1377,57010,47,1228,CMEI MARIA DE LOURDES CARVALHO CAPDEVILE,UNIVERSAL,-20.35934,-40.44751,906,581,0
2020,1378,57010,47,1236,EMEF ALVIMAR SILVA,IPANEMA,-20.36102,-40.45409,1667,581,0
2020,1379,57010,47,1260,EMUEF AILA PAIVA LUBE,SÃO PAULO DE VIANA,-20.3117,-40.54599,248,-1,0
2020,1380,57010,47,1279,CMEI MARIA DE LOURDES COUTINHO PASSOS - MATRIZ,VILA BETHÂNIA,-20.36286,-40.40507,1339,582,0
2020,1381,57010,47,1287,CMEI MANOEL EVÊNCIO DE OLIVEIRA,NOVA BETHÂNIA,-20.37144,-40.41762,1110,577,0
2020,1382,57010,47,1309,EMPEF NALY FREITAS DO SACRAMENTO,FORMATE,-20.35269,-40.51323,360,-1,0
2020,1383,57010,47,1325,EMEF WASHINGTON MARTINS FILHO,MARCÍLIO DE NORONHA,-20.34163,-40.43201,623,575,0
2020,1384,57010,47,1333,EMEF MARCÍLIO DE NORONHA,MARCÍLIO DE NORONHA,-20.34563,-40.42808,1604,575,1
2020,1385,57010,47,1341,CMEI CALYPIO SIQUEIRA ROCHA,MARCÍLIO DE NORONHA,-20.34539,-40.42758,494,575,1
2020,1386,57010,47,1350,EMEF SOTECO,SOTECO,-20.36321,-40.425,1074,572,0
2020,1387,57010,47,1368,EMEF GISLENE SILVA QUEIROZ,CAXIAS DO SUL,-20.36389,-40.4212,659,572,0
2020,1388,57010,47,1376,EEEM IRMÃ DULCE LOPES PONTES,MARCÍLIO DE NORONHA,-20.34746,-40.42454,3721,575,0
2020,1389,57010,47,1392,IGREJA ASSEMBLÉIA DE DEUS,COQUEIRAL DE VIANA,-20.36751,-40.44331,44,578,1
2020,1390,57010,47,1406,EMPEF LUIZ LUBE,PIAPITANGÜI,-20.34618,-40.48174,236,580,1
2020,1391,57010,47,1430,CMEI JOANA BATISTA CHAGAS,VALE DO SOL,-20.37717,-40.42677,522,566,0
2020,1392,57010,47,1473,CMEI MARIA ANTÔNIA DE SOUZA BRAVIM,CANAÃ,-20.35826,-40.43895,1404,571,0
2020,1393,57010,47,1481,EEEFM EWERTON MONTENEGRO GUIMARÃES,ARLINDO VILLASCHI,-20.3668,-40.41776,80,567,0
2020,1394,57010,47,1490,EMEF PROF. DIVANETA LESSSA MORAES (CAÍQUE),CAMPO VERDE,-20.37294,-40.40942,56,570,0
2020,1395,57010,47,1503,CMEI MARIA DE LOURDES COUTINHO PASSOS - ANEXO,VILA BETHÂNIA,-20.36276,-40.40806,2096,582,0
2020,1396,57037,32,1066,EPG ASSISOLINA DE ASSIS ANDRADE,ARIBIRI,-20.33944,-40.32333,6416,587,0
2020,1397,57037,32,1074,EPG OFÉLIA ESCOBAR,ARIBIRI,-20.34044,-40.32062,2762,587,0
2020,1398,57037,32,1082,EPG ANA BERNARDES ROCHA,ARGOLAS,-20.32752,-40.34406,2173,586,0
2020,1399,57037,32,1090,ESCOLA PROFESSOR LUIZ MALIZECK,DIVINO ESPÍRITO SANTO,-20.34536,-40.29216,1481,606,0
2020,1400,57037,32,1236,COLÉGIO CASTRO ALVES,ITAPOÃ,-20.34823,-40.28864,4956,618,0
2020,1401,57037,32,1252,EPG DESEMBARGADOR FERREIRA COELHO,GLÓRIA,-20.33673,-40.3083,3572,609,0
2020,1402,57037,32,1260,EPG NAYDES BRANDÃO,GLÓRIA,-20.33716,-40.30843,1961,609,0
2020,1403,57037,32,1287,GINÁSIO POLIVALENTE DA GLÓRIA -LUIZ MANOEL VELLOZO,GLÓRIA,-20.33253,-40.31315,3577,609,0
2020,1404,57037,32,1333,EPG ANTÔNIA MALBAR,ILHA DAS FLORES,-20.33546,-40.33237,1899,613,0
2020,1405,57037,32,1341,UMEF BASÍLIO COSTALONGA,PAUL,-20.33306,-40.34168,1150,639,0
2020,1406,57037,32,1376,UMEF PROF. ELSON JOSÉ DE SOUZA,JABURUNA,-20.33273,-40.30213,2599,620,0
2020,1407,57037,32,1392,COLÉGIO UP,ITAPOÃ,-20.34803,-40.29404,5678,606,0
2020,1408,57037,32,1430,EPG GRACIANO NEVES,PAUL,-20.32923,-40.33703,2981,639,0
2020,1409,57037,32,1457,COLÉGIO AMERICANO BATISTA,PRAIA DA COSTA,-20.32993,-40.27496,6341,644,0
2020,1410,57037,32,1473,COMUNIDADE NOSSA SENHORA PERPÉTUO SOCORRO,PRAIA DA COSTA,-20.33544,-40.28407,2208,644,0
2020,1411,57037,32,1597,COLÉGIO SÃO JOSÉ,CENTRO,-20.33396,-40.29279,5831,596,0
2020,1412,57037,32,1600,EPG GODOFREDO SCHNEIDER,PRAINHA,-20.32978,-40.29274,850,596,0
2020,1413,57037,32,1619,CONTEC,CENTRO,-20.33722,-40.29366,2593,596,0
2020,1414,57037,32,1627,COLÉGIO MARISTA,CENTRO,-20.33623,-40.29097,6711,596,0
2020,1415,57037,32,1660,EPG PROFESSOR TELMO TORRES,ITAPOÃ,-20.34718,-40.28961,2884,618,0
2020,1416,57037,32,1694,EPG ADOLFINA ZAMPROGNO,VILA GARRIDO,-20.33758,-40.33701,5443,668,0
2020,1417,57037,32,1708,ESCOLA ANTÔNIO BEZERRA DE FARIAS,VILA GARRIDO,-20.34043,-40.3401,3153,668,0
2020,1418,57037,32,1848,EPG FRANCISCO FREITAS LIMA,ILHA DAS FLORES,-20.33284,-40.3343,2014,613,0
2020,1419,57037,32,1864,EPG DR. MÁRIO CASA NOVA,ILHA DA CONCEIÇÃO,-20.34127,-40.33039,1718,612,0
2020,1420,57037,32,2020,UMEF TI MARCIONILIA MAURICIO BUENO,ILHA DAS FLORES,-20.33162,-40.33496,448,613,0
2020,1421,57037,32,2046,CENTRO EDUCACIONAL MESSINA,PRAIA DA COSTA,-20.33429,-40.28336,2216,644,0
2020,1422,57037,32,2054,EPSG AGENOR DE SOUZA LÉ,DIVINO ESPÍRITO SANTO,-20.34616,-40.29883,2986,606,0
2020,1423,57037,32,2062,EPG IRMÃ FELICIANA GARCIA,ILHA DOS AIRES,-20.33951,-40.30113,1697,614,0
2020,1424,57037,32,2070,COLEGIO CEIC,ITAPOÃ,-20.34962,-40.29278,3206,618,0
2020,1425,57037,32,2089,COLÉGIO PIO XII,ITAPOÃ,-20.3472,-40.29134,4435,618,0
2020,1426,57037,32,2097,NEP NÚCLEO EDUCACIONAL PRAIA DA COSTA,PRAIA DA COSTA,-20.33321,-40.28562,3351,644,0
2020,1427,57037,32,2119,IGREJA BATISTA DA GLÓRIA,GLÓRIA,-20.33695,-40.30559,543,609,0
2020,1428,57037,32,2127,CENTRO EDUCACIONAL PRAIA DA COSTA,PRAIA DA COSTA,-20.33817,-40.28264,3063,644,0
2020,1429,57037,32,2135,UMEI 'CASÚLO VOVÓ',PRAIA DA COSTA,-20.32687,-40.2736,654,644,0
2020,1430,57037,32,2143,UMEI MARIA DA GLÓRIA RAUTA,DOM JOÃO BATISTA,-20.33754,-40.3191,447,607,0
2020,1431,57037,55,1015,EPG MARINA BARCELLOS SILVEIRA,ARAÇÁS,-20.34327,-40.31977,4969,588,1
2020,1432,57037,55,1023,UMEF - DR TUFFY NADER,BARRA DO JUCU,-20.34327,-40.31977,3668,588,1
2020,1433,57037,55,1040,UNIVERSIDADE VILA VELHA,BOA VISTA II,-20.34327,-40.31977,8147,588,1
2020,1434,57037,55,1120,EPG ZALUAR DIAS,GUARANHUNS,-20.34327,-40.31977,2576,588,1
2020,1435,57037,55,1155,UMEF SENADOR JOÃO DE MEDEIROS CALMON,PARQUE DAS GAIVOTAS,-20.34327,-40.31977,4738,588,1
2020,1436,57037,55,1163,NEP - NUCLEO EDUCACIONAL PIAGET,COQUEIRAL DE ITAPARICA,-20.34327,-40.31977,3952,588,1
2020,1437,57037,55,1171,UMEF RICARDINA STAMATO DA FONSECA,JARDIM COLORADO,-20.34327,-40.31977,2678,588,1
2020,1438,57037,55,1201,EPSG CATHARINA CHEQUER,NOVO MÉXICO,-20.34327,-40.31977,4466,588,1
2020,1439,57037,55,1244,UMEF ANTÔNIO DE BARCELOS,SANTA MÔNICA,-20.34327,-40.31977,1383,588,1
2020,1440,57037,55,1287,EPG TERRA VERMELHA,TERRA VERMELHA,-20.34327,-40.31977,3697,588,1
2020,1441,57037,55,1317,UMEF EMÍLIA DO ESPÍRITO SANTO CARNEIRO,VALE ENCANTADO,-20.34327,-40.31977,3002,588,1
2020,1442,57037,55,1325,EEEFM MAURA ABAURRE,VILA NOVA,-20.34327,-40.31977,1974,588,1
2020,1443,57037,55,1341,EEEFM JUDITH DA SILVA GOES COUTINHO,PONTA DA FRUTA,-20.34327,-40.31977,1890,588,1
2020,1444,57037,55,1350,EPSG FRANCELINA CARNEIRO SETÚBAL,COQUEIRAL DE ITAPARICA,-20.34327,-40.31977,3664,588,1
2020,1445,57037,55,1430,CENTRO EDUCACIONAL OCEANO ATLÂNTICO,ITAPARICA,-20.34327,-40.31977,1570,588,1
2020,1446,57037,55,1449,UMEF ILHA DA JUSSARA,ULYSSES GUIMARÃES,-20.34327,-40.31977,5205,588,1
2020,1447,57037,55,1457,UMEF - PROF.  DARCY RIBEIRO,MORADA DA BARRA,-20.34327,-40.31977,3573,588,1
2020,1448,57037,55,1490,UMEF REVERENDO WALDOMIRO,XURI,-20.34327,-40.31977,461,588,1
2020,1449,57037,55,1503,ESCOLA SEB VILA VELHA,COQUEIRAL DE ITAPARICA,-20.34327,-40.31977,9832,588,1
2020,1450,57037,55,1520,UMEF MARIA LUIZA DOS SANTOS VELLOZO,GUARANHUNS,-20.34327,-40.31977,2475,588,1
2020,1451,57037,55,1538,EEEFM MARCÍLIO DIAS,BARRA DO JUCU,-20.34327,-40.31977,1740,588,1
2020,1452,57037,55,1554,UMEF JOFFRE FRAGA,VALE ENCANTADO,-20.34327,-40.31977,5404,588,1
2020,1453,57037,55,1562,UMEF ALGER RIBEIRO BOSSOIS,CIDADE DA BARRA,-20.34327,-40.31977,4091,588,1
2020,1454,57037,55,1775,UMEI - SARAH VICTALINO GUEIROS,BARRAMARES,-20.34327,-40.31977,3042,588,1
2020,1455,57037,55,1783,COLÉGIO JOSÉ BONIFÁCIO,NOVO MÉXICO,-20.34327,-40.31977,2678,588,1
2020,1456,57037,55,1813,COMUNIDADE SANTA TEREZA D'AVILA,DARLY SANTOS,-20.34327,-40.31977,660,588,1
2020,1457,57037,55,1821,UMEF RAYMUNDA DE MENDONÇA,SANTA MÔNICA,-20.34327,-40.31977,3822,588,1
2020,1458,57037,55,1848,UMEF NAIR DIAS BARBOSA,PONTA DA FRUTA,-20.34327,-40.31977,2178,588,1
2020,1459,57037,55,1856,EEEM MÁRIO GURGEL,RESIDENCIAL JABAETÉ,-20.34327,-40.31977,4301,588,1
2020,1460,57037,55,1864,UMEF GOVERNADOR CHRISTIANO DIAS LOPES FILHO,SÃO CONRADO,-20.34327,-40.31977,2306,588,1
2020,1461,57037,55,1872,UMEF PROFESSOR AYLTON DE ALMEIDA,TERRA VERMELHA,-20.34327,-40.31977,2340,588,1
2020,1462,57037,55,1880,FACULDADE NOVO MILÊNIO,COQUEIRAL DE ITAPARICA,-20.34327,-40.31977,5906,588,1
2020,1463,57037,55,1899,EEM PROFESSOR AGENOR RORIZ,COQUEIRAL DE ITAPARICA,-20.34327,-40.31977,3062,588,1
2020,1464,57037,55,1902,UMEF EDSON TAVARES DE SOUZA,VILA NOVA,-20.34327,-40.31977,1638,588,1
2020,1465,57037,55,1910,UMEF ALY DA SILVA,BALNEÁRIO PONTA DA FRUTA,-20.34327,-40.31977,2390,588,1
2020,1466,57037,55,1970,ACADEMIA MSPORTS,SANTA PAULA,-20.34327,-40.31977,1308,588,1
2020,1467,57037,55,1988,ESCOLA DEPUTADO PAULO SÉRGIO BORGES,MORADA DA BARRA,-20.34327,-40.31977,766,588,1
2020,1468,57037,55,2003,ESCOLA FUNDAÇÃO BRADESCO,ARAÇÁS,-20.34327,-40.31977,864,588,1
2020,1469,57037,55,2011,UMEF PROFESSOR PAULO CESAR VINHA - CAIC,TERRA VERMELHA,-20.34327,-40.31977,2667,588,1
2020,1470,57037,57,1015,UMEF ANTÔNIO PINTO RODRIGUES,ATAÍDE,-20.33885,-40.32476,2096,595,0
2020,1471,57037,57,1023,UMEF REVERENDO ANTÔNIO DA SILVA COSMO - ESCOLA PARQUE,BRISAMAR,-20.35929,-40.31504,1656,594,0
2020,1472,57037,57,1031,UMEF TANCREDO DE ALMEIDA NEVES,COBI DE CIMA,-20.33712,-40.35201,774,599,0
2020,1473,57037,57,1040,EEEM ORMANDA GONÇALVES,COBILÂNDIA,-20.3468,-40.3548,2349,634,0
2020,1474,57037,57,1058,UMEF PEDRO HERKENHOF,COBILÂNDIA,-20.35162,-40.35291,1079,601,0
2020,1475,57037,57,1066,SESI COBILÂNDIA,COBILÂNDIA,-20.35575,-40.35211,2995,601,0
2020,1476,57037,57,1074,UMEF IZALTINA ALMEIDA FERNANDES,JARDIM MARILÂNDIA,-20.35695,-40.3489,4161,625,0
2020,1477,57037,57,1082,EEEF DANTE MICHELINI,PLANALTO,-20.35218,-40.33984,1737,641,0
2020,1478,57037,57,1090,UMEF MARIA ELEONORA D'AZEVEDO PEREIRA,RIO MARINHO,-20.36601,-40.36182,4360,650,0
2020,1479,57037,57,1104,EEEF PROFESSOR JORGE ANÍZIO BORJAILE,SANTA RITA,-20.34924,-40.33628,1083,659,0
2020,1480,57037,57,1112,EEEF GALDINO ANTÔNIO VIEIRA,SANTA RITA,-20.34751,-40.33025,3705,659,0
2020,1481,57037,57,1120,UMEF LEONEL DE MOURA BRIZOLA,SANTA RITA,-20.34462,-40.33017,2238,659,0
2020,1482,57037,57,1139,UMEI SANTA RITA DE CÁSSIA,SANTA RITA,-20.3489,-40.33481,1356,673,0
2020,1483,57037,57,1147,EEEFM SÍLVIO ROCIO,SÃO TORQUATO,-20.32997,-40.34877,1329,663,0
2020,1484,57037,57,1155,UMEF JOSÉ ELIAS DE QUEIROZ,COBI DE BAIXO,-20.33978,-40.35388,880,599,0
2020,1485,57037,57,1163,UMEF PAULO MARES GUIA,COBILÂNDIA,-20.35817,-40.35414,2544,601,0
2020,1486,57037,57,1171,EEEFM FLORENTINO AVIDOS,IBES,-20.3531,-40.31703,3163,611,0
2020,1487,57037,57,1180,UMEF PROFESSORA LEOPOLDINA CONCEIÇÃO DE MATTOS DE SILVA (FACEV),IBES,-20.35248,-40.31755,3439,611,0
2020,1488,57037,57,1198,UMEI SULTANY NADER VALLADARES,PRIMEIRO DE MAIO,-20.34474,-40.33536,1204,648,0
2020,1489,57037,57,1201,UMEF JUIZ JAIRO DE MATTOS PEREIRA,SÃO TORQUATO,-20.33413,-40.35107,2933,663,0
2020,1490,57037,57,1210,UMEF GUILHERME SANTOS,SANTA INÊS,-20.3505,-40.31197,4143,611,0
2020,1491,57037,57,1228,UMEI COMECINHO DE VIDA,SANTA INÊS,-20.3508,-40.3116,1155,623,0
2020,1492,57037,57,1236,UMEF DIRETORA ZDMEA CAMARGO DAMASCENO,SANTOS DUMONT,-20.35931,-40.32022,2498,660,0
2020,1493,57037,57,1244,EEEF DESEMBARGADOR CÂNDIDO MARINHO,SOTECO,-20.34867,-40.30719,1505,661,0
2020,1494,57037,57,1252,UMEF PROF. RUBENS JOSÉ VERVLOET GOMES,SOTECO,-20.35213,-40.30639,3594,661,0
2020,1495,57037,57,1260,EEEFM PADRE HUMBERTO PIACENTE,ALECRIM,-20.34327,-40.31977,4672,588,1
2020,1496,57037,57,1279,ESCOLA SÃO CAMILO DE LELLIS,ALVORADA,-20.34617,-40.34859,5811,584,0
2020,1497,57037,57,1287,UMEF GIOVANE CAVALIERI,ATAÍDE,-20.3435,-40.32617,1060,588,0
2020,1498,57037,57,1295,UMEF JOSÉ SIQUEIRA SANTA CLARA,ATAÍDE,-20.34492,-40.32047,2793,588,0
2020,1499,57037,57,1309,UMEI PEDRO PANDOLFI,RIO MARINHO,-20.36482,-40.35651,1669,650,0
2020,1500,57037,57,1317,UMEI ROSA HELENA FROTA TRISTAO,IBES,-20.3512,-40.31572,2346,611,0
2020,1501,57037,57,1325,UMEFTI ULISSES ALVARES,ATAÍDE,-20.34519,-40.32561,1616,588,0
2020,1502,57037,57,1333,EEEFM PADRE HUMBERTO PIACENTE (PROVISÓRIO 2020 PARA UMEI),ALECRIM,-20.34327,-40.31977,121,588,1
2020,1503,57037,57,1341,CEEFMTI COBILÂNDIA - ESCOLA VIVA,COBILÂNDIA,-20.35429,-40.35078,1664,601,0
2020,1504,57037,57,1350,IFES - INSTITUTO FEDERAL DO ESPÍRITO SANTO,SOTECO,-20.34832,-40.30872,2366,654,0
2020,1505,57037,57,1368,IFES-INSTITUTO FEDERAL DO ESPÍRITO SANTO(PROVISÓRIO ANTIGO CONEXÃO),SOTECO,-20.34971,-40.30743,4050,661,1
2020,1506,57053,1,1015,CENTRO EDUCACIONAL AGOSTINIANO,PARQUE MOSCOSO,-20.28191,-40.29237,2892,707,1
2020,1507,57053,1,1023,CEEJA - CENTRO ESTADUAL DE EDUCAÇÃO DE JOVENS E ADULTOS,CENTRO,-20.28191,-40.29237,1623,707,1
2020,1508,57053,1,1058,MINISTÉRIO DA ECONOMIA - ES,CENTRO,-20.28191,-40.29237,510,707,1
2020,1509,57053,1,1066,FAMES - FACULDADE DE MÚSICA DO ESPÍRITO SANTO,CENTRO,-20.28191,-40.29237,1131,707,1
2020,1510,57053,1,1090,EEEFM MARIA ORTIZ,CENTRO,-20.28191,-40.29237,1721,707,1
2020,1511,57053,1,1104,EMEF SÃO VICENTE DE PAULO,CENTRO,-20.28191,-40.29237,1633,707,1
2020,1512,57053,1,1112,MINISTÉRIO DA ECONOMIA - ES (ANTIGA FAFI),CENTRO,-20.28191,-40.29237,975,707,1
2020,1513,57053,1,1147,CMEI ERNESTINA PESSOA,CENTRO,-20.28191,-40.29237,1428,707,1
2020,1514,57053,1,1163,ESCOLA DA CIÊNCIA E FÍSICA,PARQUE MOSCOSO,-20.28191,-40.29237,570,707,1
2020,1515,57053,1,1180,COLÉGIO SALESIANO N. SRª DA VITÓRIA,FORTE SÃO JOÃO,-20.28191,-40.29237,2949,707,1
2020,1516,57053,1,1201,CMEI  TEREZINHA VASCONCELLOS SALVADOR,ROMÃO,-20.28191,-40.29237,1627,707,1
2020,1517,57053,1,1210,IFES - INSTITUTO FEDERAL DO ESPÍRITO SANTO,JUCUTUQUARA,-20.28191,-40.29237,4515,707,1
2020,1518,57053,1,1228,EMEF JOSÉ ÁUREO MONJARDIM,FRADINHOS,-20.28191,-40.29237,1242,707,1
2020,1519,57053,1,1244,EMEF PADRE ANCHIETA,ILHA DE SANTA MARIA,-20.28191,-40.29237,2062,707,1
2020,1520,57053,1,1708,EEEFM MAJOR PEDRO ALFREDO RABAYOLLI (ANTIGO TANCREDÃO),MARIO CYPRESTE,-20.28191,-40.29237,759,707,1
2020,1521,57053,1,1732,EMEF CASTELO BRANCO,ILHA DO PRÍNCIPE,-20.28191,-40.29237,1183,707,1
2020,1522,57053,1,1740,EMEF MOACYR AVIDOS,ILHA DO PRÍNCIPE,-20.28191,-40.29237,1283,707,1
2020,1523,57053,1,1759,EMEF MAURO BRAGA,SANTA TEREZA,-20.28191,-40.29237,2796,707,1
2020,1524,57053,1,1783,EMEF ALBERTO DE ALMEIDA,SANTO ANTÔNIO,-20.28191,-40.29237,4082,707,1
2020,1525,57053,1,1791,EMEF ALVIMAR SILVA,MARIO CYPRESTE,-20.28191,-40.29237,3215,707,1
2020,1526,57053,1,1805,EEEFM MAJOR ALFREDO PEDRO RABAYOLLI,MARIO CYPRESTE,-20.28191,-40.29237,2107,707,1
2020,1527,57053,1,1813,EMEF ALVIMAR SILVA (ANTIGA LUDOVICO PAVONI),MARIO CYPRESTE,-20.28191,-40.29237,2703,707,1
2020,1528,57053,1,1830,EMEF PROFª. REGINA MARIA SILVA,INHANGUETÁ,-20.28191,-40.29237,3291,707,1
2020,1529,57053,1,1848,EMEF JOSÉ LEMOS DE MIRANDA,COMDUSA,-20.28191,-40.29237,1582,707,1
2020,1530,57053,1,1856,EMEF PROFª.  MARIA STELLA DE NOVAES,GRANDE VITÓRIA,-20.28191,-40.29237,4115,707,1
2020,1531,57053,1,1864,EMEF FRANCISCO LACERDA DE AGUIAR,SÃO PEDRO I,-20.28191,-40.29237,3332,707,1
2020,1532,57053,1,1872,EMEF NEUSA NUNES GONÇALVES,NOVA PALESTINA,-20.28191,-40.29237,6037,707,1
2020,1533,57053,1,1880,SALA ANEXA DA IGREJA SÃO PEDRO,VILA RUBIM,-20.28191,-40.29237,843,707,1
2020,1534,57053,1,1929,EMEF LENIR BORLOT (ANTIGO CMEI GILDA DE ATHAYDE RAMOS),SÃO PEDRO I,-20.28191,-40.29237,1298,707,1
2020,1535,57053,1,1945,EMEF ELIANE RODRIGUES DOS SANTOS,ILHA DAS CAIEIRAS,-20.28191,-40.29237,3117,707,1
2020,1536,57053,1,1970,CMEI ODILA SIMÕES,DO QUADRO,-20.28191,-40.29237,2187,707,1
2020,1537,57053,1,1996,EMEF TANCREDO DE ALMEIDA NEVES,SÃO PEDRO III,-20.28191,-40.29237,5138,707,1
2020,1538,57053,1,2011,FAESA - CENTRO UNIVERSITÁRIO,MONTE BELO,-20.28191,-40.29237,977,707,1
2020,1539,57053,1,2119,EMEF RITA DE CÁSSIA OLIVEIRA,RESISTÊNCIA,-20.28191,-40.29237,2980,707,1
2020,1540,57053,1,2208,CMEI  SINCLAIR PHILLIPS,CARATOÍRA,-20.28191,-40.29237,1051,707,1
2020,1541,57053,1,2267,EEEFM  AFLORDÍZIO CARVALHO DA SILVA,DA PENHA,-20.28191,-40.29237,3199,707,1
2020,1542,57053,1,2275,EMEF CUSTÓDIA DIAS DE CAMPOS,DE LOURDES,-20.28191,-40.29237,1745,707,1
2020,1543,57053,1,2283,EMEF ZILDA ANDRADE,DA PENHA,-20.28191,-40.29237,2383,707,1
2020,1544,57053,1,2291,EMEF MARIETA ESCOBAR,SANTA MARTHA,-20.28191,-40.29237,3482,707,1
2020,1545,57053,1,2305,CMEI LAURENTINA MENDONÇA CORRÊA(ANTIGO JOÃO XXIII),CONSOLAÇÃO,-20.28191,-40.29237,1385,707,1
2020,1546,57053,1,2313,CMEI RUBENS DUARTE DE ALBUQUERQUE,ITARARÉ,-20.29427,-40.30724,1440,704,1
2020,1547,57053,1,2321,EMEF PROFº VERCENÍLIO DA SILVA PASCOAL,JOANA D'ARC,-20.28191,-40.29237,1966,707,1
2020,1548,57053,1,2330,CENTRO DE CIÊNCIAS DA SAÚDE - UFES,MARUÍPE,-20.28191,-40.29237,2206,707,1
2020,1549,57053,1,2348,EMEF SUZETE CUENDET,MARUÍPE,-20.28191,-40.29237,3600,707,1
2020,1550,57053,1,2356,EMEF OCTACÍLIO LOMBA,MARUÍPE,-20.28191,-40.29237,2264,707,1
2020,1551,57053,1,2364,EMEF ORLANDINA D' ALMEIDA LUCAS,SÃO CRISTOVÃO,-20.28191,-40.29237,2788,707,1
2020,1552,57053,1,2372,SESI - SERVIÇO SOCIAL DA INDÚSTRIA,SÃO CRISTOVÃO,-20.28191,-40.29237,2193,707,1
2020,1553,57053,1,2380,CMEI DR. PEDRO FEU ROSA,BONFIM,-20.28191,-40.29237,1167,707,1
2020,1554,57053,1,2399,EMEF PREZIDEU AMORIM,BONFIM,-20.28191,-40.29237,2515,707,1
2020,1555,57053,1,2402,EMEF OTTO EWALD JÚNIOR,ITARARÉ,-20.29427,-40.30724,2912,704,1
2020,1556,57053,1,2410,EMEF CECILIANO ABEL DE ALMEIDA - CAIC,ITARARÉ,-20.29427,-40.30724,3646,704,0
2020,1557,57053,1,2429,INSTITUTO JOÃO XXIII (ANTIGO JOÃO BANDEIRA),CONSOLAÇÃO,-20.28191,-40.29237,2924,707,1
2020,1558,57053,1,2437,EMEF PROFª EUNICE PEREIRA DA SILVEIRA,TABUAZEIRO,-20.28191,-40.29237,1974,707,1
2020,1559,57053,1,2445,EMEF HELOISA ABREU JUDICE DE MATTOS,INHANGUETÁ,-20.28191,-40.29237,281,707,1
2020,1560,57053,1,2453,EMEF LENIR BORLOT,SÃO PEDRO I,-20.28191,-40.29237,120,707,1
2020,1561,57053,1,2461,EEEFM ELZA LEMOS ANDREATTA,ILHA DAS CAIEIRAS,-20.28191,-40.29237,206,707,1
2020,1562,57053,1,2470,EMEF MARIA JOSÉ COSTA MORAES,SÃO PEDRO III,-20.28191,-40.29237,282,707,1
2020,1563,57053,1,2488,CMEI ANISIO SPINOLA TEIXEIRA,RESISTÊNCIA,-20.28191,-40.29237,112,707,1
2020,1564,57053,52,1015,EPSG CARLOS XAVIER PAES BARRETO,PRAIA DO SUÁ,-20.31078,-40.30089,3317,733,0
2020,1565,57053,52,1023,CENTRO EDUCACIONAL LEONARDO DA VINCI (ANTES SEDU),SANTA LÚCIA,-20.3081,-40.30171,1370,733,0
2020,1566,57053,52,1031,ESCOLA DE EDUCAÇÃO PROF. FERNANDO DUARTE RABELO,PRAIA DE SANTA HELENA,-20.31043,-40.29436,3248,731,0
2020,1567,57053,52,1058,COLÉGIO SAGRADO CORAÇÃO DE MARIA,PRAIA DO CANTO,-20.29577,-40.28848,1476,723,0
2020,1568,57053,52,1066,EMESCAM - ESCOLA DE MEDICINA STA. CASA MISERICÓRDIA,SANTA LUÍZA,-20.2928,-40.30132,2328,732,0
2020,1569,57053,52,1074,EPG IRMÃ MARIA HORTA,PRAIA DO CANTO,-20.29804,-40.29398,3557,723,0
2020,1570,57053,52,1082,EMEF - MARIA LEONOR PEREIRA DA SILVA,PRAIA DO CANTO,-20.3099,-40.29664,3342,733,0
2020,1571,57053,52,1252,UP - ESCOLA DE ENSINO MÉDIO E PRÉ UNIVERSITÁRIO,PRAIA DO CANTO,-20.30263,-40.29605,3474,723,0
2020,1572,57053,52,1295,CLUBE ÍTALO BRASILEIRO,ILHA DO BOI,-20.3107,-40.27791,1098,700,0
2020,1573,57053,52,1368,FDV - FACULDADE DE DIREITO DE VITÓRIA,SANTA LÚCIA,-20.294,-40.30371,4349,733,0
2020,1574,57053,52,1449,EEEFM - ARISTÓBULO BARBOSA LEÃO,BENTO FERREIRA,-20.31034,-40.30768,2363,680,0
2020,1575,57053,52,1465,INSTITUTO LUIZ BRAILLE,BENTO FERREIRA,-20.31727,-40.30515,633,708,0
2020,1576,57053,52,1473,SENAC - SERVIÇO NACIONAL DE APRENDIZAGEM COMERCIAL,BENTO FERREIRA,-20.31817,-40.30826,2482,680,0
2020,1577,57053,52,1651,EMEF - ISAURA MARQUES DA SILVA,ANDORINHAS,-20.28618,-40.30617,2665,675,0
2020,1578,57053,52,1716,ESCOLA DA ILHA NOVO MUNDO,PRAIA DO CANTO,-20.29333,-40.29379,1951,723,0
2020,1579,57053,52,1724,EMEF MARIA MADALENA DE OLIVEIRA DOMINGUES,JARDIM CAMBURI,-20.26193,-40.27021,1474,706,0
2020,1580,57053,52,1732,CMEI MARLENE ORLANDE SIMONETTI,REPÚBLICA,-20.27117,-40.29395,1383,726,0
2020,1581,57053,52,1740,EMEF MAL. MASCARENHAS DE MORAES,MARIA ORTIZ,-20.26043,-40.29902,3142,711,0
2020,1582,57053,52,1759,CENTRO EDUCACIONAL CHARLES DARWIN,MATA DA PRAIA,-20.27786,-40.30026,5989,713,0
2020,1583,57053,52,1767,CMEI ZENAIDE GENOVEVA MARCARINI CAVALCANTI,JARDIM DA PENHA,-20.28575,-40.29994,2677,707,0
2020,1584,57053,52,1775,EEEM ARNULPHO MATTOS,REPÚBLICA,-20.27121,-40.29366,2768,726,0
2020,1585,57053,52,1783,ESESP - ESCOLA DE SERVIÇO PÚBLICO DO ESPÍRITO SANTO,REPÚBLICA,-20.27192,-40.2945,1114,726,0
2020,1586,57053,52,1791,EEEM PROF. RENATO JOSÉ DA COSTA PACHECO,JARDIM CAMBURI,-20.24662,-40.27168,4282,706,0
2020,1587,57053,52,1805,CAJUN - SOLON BORGES,SOLON BORGES,-20.2611,-40.29585,956,741,0
2020,1588,57053,52,1813,CMEI - REINALDO RIDOLFI,MARIA ORTIZ,-20.25752,-40.29823,736,711,0
2020,1589,57053,52,1821,CMEI - DARCY CASTELO DE MENDONÇA,ANTÔNIO HONÓRIO,-20.26022,-40.29794,675,711,0
2020,1590,57053,52,1830,MULTIVIX - VITÓRIA/ES,GOIABEIRAS,-20.2672,-40.30128,2050,694,0
2020,1591,57053,52,1848,COLÉGIO RENOVAÇÃO,JARDIM CAMBURI,-20.25912,-40.26784,3434,706,0
2020,1592,57053,52,1856,FACULDADE ESTÁCIO DE SÁ,JARDIM CAMBURI,-20.24949,-40.27039,5625,706,0
2020,1593,57053,52,1864,CMEI JOÃO PEDRO DE AGUIAR,JARDIM CAMBURI,-20.25698,-40.2683,2192,706,0
2020,1594,57053,52,1872,EMEF ÉBER LOUZADA ZIPPINOTTI,JARDIM DA PENHA,-20.2815,-40.29637,4362,707,0
2020,1595,57053,52,1880,SESI - SERVIÇO SOCIAL DA INDÚSTRIA,JARDIM DA PENHA,-20.2852,-40.29961,4427,707,0
2020,1596,57053,52,1899,EMEF ÁLVARO DE CASTRO MATTOS,JARDIM DA PENHA,-20.28641,-40.29874,2376,707,0
2020,1597,57053,52,1902,EMEF ARTHUR DA COSTA E SILVA,REPÚBLICA,-20.26939,-40.29494,1846,726,0
2020,1598,57053,52,1910,EMEF ALMIRANTE BARROSO,GOIABEIRAS,-20.26694,-40.2996,1110,694,0
2020,1599,57053,52,1929,EMEF JUSCELINO KUBSCHEK DE OLIVEIRA,MARIA ORTIZ,-20.25773,-40.29868,4298,711,0
2020,1600,57053,52,1937,EPG ADÃO BENEZATH,ANTÔNIO HONÓRIO,-20.26338,-40.2983,1921,676,0
2020,1601,57053,52,1945,CMEI ANA MARIA CHAVES COLARES,JARDIM CAMBURI,-20.2612,-40.25982,1614,706,0
2020,1602,57053,52,1953,CLUBE DOS OFICIAIS DA PM,JARDIM DA PENHA,-20.28265,-40.28981,2135,707,0
2020,1603,57053,52,1961,UP - CENTRO EDUCACIONAL UNIÃO DE PROFESSORES - JP,JARDIM DA PENHA,-20.28733,-40.29988,5727,722,0
2020,1604,57053,52,1970,CENTRO DE CONVIVÊNCIA DA 3ª IDADE,MARIA ORTIZ,-20.25788,-40.29854,628,711,0
2020,1605,57053,52,1988,EMEFM  ELZIRA VIVACQUA DOS SANTOS,JARDIM CAMBURI,-20.25691,-40.26745,4727,706,0
2020,1606,57053,52,1996,EMEF ADELVANI SYSESMUNDO F. DE AZEVEDO,JARDIM CAMBURI,-20.25167,-40.26861,4542,706,0
2020,1607,57053,52,2003,ISJB - COLÉGIO SALESIANO JARDIM CAMBURI,JARDIM CAMBURI,-20.25526,-40.26319,5969,706,0
2020,1608,57053,52,2011,COLÉGIO AMÉRICA,MATA DA PRAIA,-20.27839,-40.29608,304,713,0
2020,1609,57053,52,2020,ESCOLA SÃO DOMINGOS (UNIDADE 2),BENTO FERREIRA,-20.31322,-40.30914,3256,680,0
2020,1610,57053,52,2038,ESCOLA MONTEIRO,ENSEADA DO SUÁ,-20.31717,-40.29045,136,689,0
2020,1611,57053,52,2046,ESCOLA CRESCER PHD,PRAIA DO CANTO,-20.29346,-40.2931,283,723,0
2020,1612,57053,52,2054,CENTRO EDUCACIONAL PRIMEIRO MUNDO,SANTA LÚCIA,-20.30092,-40.29966,1031,733,0
2020,1613,57053,52,2070,PRÉDIO ANEXO DA PRIMEIRA IGREJA BATISTA DE JARDIM CAMBURI,JARDIM CAMBURI,-20.25664,-40.26669,74,706,0
2020,1614,57053,52,2089,CMEI RUBENS JOSÉ VERVLOET GOMES,JARDIM CAMBURI,-20.26419,-40.26344,36,706,0
2020,1615,57053,52,2097,SENAI - SERVIÇO NACIONAL DE APRENDIZAGEM INDUSTRIAL,BENTO FERREIRA,-20.31808,-40.30723,768,680,0
2020,1616,57070,46,1015,EMEF MARIA IZABEL FALCHETO,CENTRO,-19.4144,-40.54455,2029,-1,0
2020,1617,57070,46,1023,PEM NOSSA SENHORA AUXILIADORA,CENTRO,-19.41445,-40.54451,689,-1,0
2020,1618,57070,46,1031,EEEFM PADRE ANTONIO VOLKERS,CENTRO,-19.41013,-40.5438,4404,-1,0
2020,1619,57070,46,1040,EMEIEF PADRE LUIZ DA GRÃ,PATRÃO MOR,-19.47463,-40.4633,481,-1,0
2020,1620,57070,46,1066,EMPEF ALACYR BARBIERI,CÓRREGO BREJAL,-19.43708,-40.62833,187,-1,0
2020,1621,57070,46,1074,EMEF ÂNGELO BRAVIN,DISTRITO DE SAPUCAIA,-19.36432,-40.60812,949,-1,0
2020,1622,57070,46,1090,EMEIEF SÃO JUDAS TADEU,MONTE SINAI,-19.39255,-40.61503,677,-1,0
2020,1623,57070,46,1104,EEPEF ALTO LIBERDADE,ALTO LIBERDADE,-19.36479,-40.53962,338,-1,0
2020,1624,57070,46,1112,EMUEF LAGOA DO ÓLEO,FAZENDA BELA VISTA,-19.53146,-40.44079,212,-1,0
2020,1625,57096,10,1015,EPSG MARIA TRINDADE OLIVEIRA,CENTRO,-20.27237,-41.50637,3878,-1,1
2020,1626,57096,10,1031,EMEF ADELAIDE RODRIGUES MOREIRA,VILA SANTA CLARA,-20.27237,-41.50637,1215,-1,1
2020,1627,57096,10,1040,EPG AGENOR DE SOUZA LÉ,CÓRREGO DO CRISCIÚMA,-20.27237,-41.50637,996,-1,1
2020,1628,57096,10,1058,EMEF DAVID GOMES,BOA ESPERANÇA,-20.27237,-41.50637,3672,-1,1
2020,1629,57096,10,1074,EPG SANTA MARIA,CÓRREGO SANTA MARIA DE BAIXO,-20.27237,-41.50637,568,-1,1
2020,1630,57096,10,1090,EMEF EUNICE PEREIRA SILVEIRA,NOVO HORIZONTE,-20.27237,-41.50637,2628,-1,1
2020,1631,57096,10,1104,IFES - INSTITUTO FEDERAL DO ESPÍRITO SANTO,NOVO HORIZONTE,-20.27237,-41.50637,3876,-1,1
2020,1632,57096,10,1112,CIMEI - CRECHE MARIA JOSE FARIA,IPÊ,-20.27237,-41.50637,699,-1,1
2020,1633,57118,51,1023,EMEI TIA AMÉLIA,SANTO ANTÔNIO,-19.26426,-40.33286,2812,-1,0
2020,1634,57118,51,1031,EMEI TIA RITA,SÃO SEBASTIÃO,-19.27183,-40.31655,1742,-1,0
2020,1635,57118,51,1082,EMEF NOVO SABER,CENTRO,-19.27261,-40.32812,3194,-1,0
2020,1636,57118,51,1112,EMPEF CAPIVARA,CÓR. CAPIVARA DE BAIXO,-19.23352,-40.31816,340,-1,1
2020,1637,57118,51,1139,EMUEF SÃO SEBASTIÃO DO LAGRIMAL,CÓR. LAGRIMAL,-19.1292,-40.25823,508,-1,0
2020,1638,57118,51,1155,EMEIEF PRIMAVERA,CÓR. PRIMAVERA,-19.22522,-40.35305,818,-1,0
2020,1639,57118,51,1171,EMEIEF SANTA RITA,CÓR. SANTA RITA,-19.18957,-40.28027,365,-1,0
2020,1640,57118,51,1180,SALÃO COMUNITÁRIO DE SANTA HELENA,CÓR. SANTA HELENA,-19.23352,-40.31816,154,-1,1
2020,1641,57118,51,1198,EMEIUEF CÓRREGO SÃO BENTO,CÓR. SÃO BENTO,-19.23352,-40.31816,535,-1,1
2020,1642,57118,51,1210,EMEIEF JOSÉ STEFENONI,CÓR. SÃO FRANCISCO,-19.30845,-40.27309,1016,-1,0
2020,1643,57118,51,1236,EMEIEF PANORAMA,CÓR. PANORAMA 10,-19.31908,-40.35982,691,-1,0
2020,1644,57118,51,1252,EUE SANTO IZIDORO,CÓR. SANTO IZIDORO,-19.23352,-40.31816,483,-1,1
2020,1645,57118,51,1287,EMEF TIRADENTES,D. SÃO JORGE DE TIRADENTES,-19.12143,-40.36149,1758,-1,0
2020,1646,57118,51,1309,EMPEF CÓRREGO SÃO PAULO,CÓR. SÃO PAULO,-19.23352,-40.31816,301,-1,1
2020,1647,57118,51,1317,EMUEF CÓRREGO DA PENHA,CÓR. DA PENHA I,-19.23352,-40.31816,118,-1,1
2020,1648,57118,51,1333,EMUEF FAZENDA IRIRITIMIRIM,CÓR. IRIRITIMIRIM DE CIMA,-19.23352,-40.31816,230,-1,1
2020,1649,57134,41,1015,EMEF CIPRIANO COCCO,LAQUINI,-18.9677,-40.00565,2308,-1,1
2020,1650,57134,41,1023,EM PEDRO PAULO GROBÉRIO,CENTRO,-18.9677,-40.00565,2746,-1,1
2020,1651,57134,41,1031,PRÉ-ESCOLA MUNICIPAL DOM BOSCO,CENTRO,-18.9677,-40.00565,2220,-1,1
2020,1652,57134,41,1040,EEEFM IRMÃ MARIA TERESA ALTOÉ,CENTRO,-18.9677,-40.00565,3005,-1,1
2020,1653,57134,41,1058,EMEF PATRIMÔNIO NOSSA SENHORA DE FÁTIMA,FÁTIMA,-18.9677,-40.00565,1485,-1,1
2020,1654,57134,41,1082,ESCOLA COMUNITÁRIA RURAL MUNICIPAL DO GIRAU,GIRAU,-18.9677,-40.00565,1446,-1,1
2020,1655,57134,41,1112,EMEF ORÉLIO CALIMAN,ÁGUA LIMPA,-18.9677,-40.00565,1648,-1,1
2020,1656,57134,41,1139,EPM PATRIMÔNIO ALTOÉ,CÓRREGO DO 18,-18.9677,-40.00565,635,-1,1
2020,1657,57134,41,1147,EMEF BARRA SECA DE PONTE NOVA,BARRA SECA DE PONTE NOVA,-18.9677,-40.00565,1097,-1,1
2020,1658,57134,41,1155,EPM SÃO JOÃO DO ESTIVADO,SÃO JOÃO DO ESTIVADO,-18.9677,-40.00565,491,-1,1
2020,1659,57134,41,1171,EPG SANTA RITA DE CÁSSIA,PALMITO,-18.9677,-40.00565,1074,-1,1
2020,1660,57134,41,1198,CENTRO COMUNITÁRIO CÓRREGO VARGEM GRANDE,CÓRREGO VARGEM GRANDE,-18.9677,-40.00565,540,-1,1
2020,1661,57134,41,1201,EMEF DE PALMITINHO,PALMITINHO,-18.9677,-40.00565,270,-1,1
2020,1662,57134,41,1210,EPM SÃO ROQUE,SÃO ROQUE,-18.9677,-40.00565,444,-1,1
2020,1663,57134,41,1228,EMEF MARCIANO ALTOÉ,BOA VISTA,-18.9677,-40.00565,873,-1,1
2020,1664,57134,41,1236,EMEF SANTA CATARINA,SEAC,-18.9677,-40.00565,1097,-1,1
2020,1665,57134,41,1244,ESCOLA COMUNITÁRIA RURAL MUNICIPAL DE JAPIRA,CÓRREGO DO JAPIRA,-18.9677,-40.00565,198,-1,1
2020,1666,57150,27,1015,ESCOLA TRÊS DE MAIO,ASSENTAMENTO CASTRO ALVES,-18.22185,-40.0567,512,-1,0
2020,1667,57150,27,1023,EPG PROF. GUEDES ALCOFORADO,CENTRO,-18.30345,-39.9563,3287,-1,0
2020,1668,57150,27,1031,EPG SÃO JOÃO BATISTA,SÃO JOÃO BATISTA,-18.30678,-39.94132,1076,-1,0
2020,1669,57150,27,1040,ESCOLA MARCOS BRUNELLI,NOSSA SENHORA DE FÁTIMA,-18.29577,-39.95987,1059,-1,0
2020,1670,57150,27,1058,EPG DR EDWARD ABREU DO NASCIMENTO,NOSSA SENHORA DE FÁTIMA,-18.29593,-39.95891,1694,-1,0
2020,1671,57150,27,1066,EPG FELINTO DAMIÃO,FELINTO DAMIÃO,-18.2965,-39.94817,1756,-1,0
2020,1672,57150,27,1074,EMEFM MANOEL DUARTE DA CUNHA,COLINA I,-18.29744,-39.94969,2640,-1,0
2020,1673,57150,27,1082,CENTRO COMUNITÁRIO FRANCO ROSSETI,SÃO JOÃO BATISTA,-18.30632,-39.94099,1408,-1,0
2020,1674,57150,27,1104,EPE TAQUARAS,TAQUARAS,-18.03086,-40.15062,523,-1,0
2020,1675,57150,27,1112,EPG FLORESTA DO SUL,FLORESTA DO SUL,-18.26293,-40.07978,726,-1,0
2020,1676,57150,27,1120,EPG PEDRO CANÁRIO RIBEIRO,CANARINHO,-18.29367,-39.95152,1398,-1,0
2020,1677,57150,27,1139,EMPEF CRISTAL DO NORTE,CRISTAL DO NORTE,-18.08721,-40.10819,1961,-1,0
2020,1678,57150,27,1155,EMPEIF JOSÉ FRANCISCO CORDEIRO,CARAPINA,-18.24989,-40.00017,16,-1,1
2020,1679,57916,7,1015,EMEIF VALENTIM PEROZINI,VILA DE SÃO LUIZ DE MIRANDA,-19.97127,-41.05982,487,-1,0
2020,1680,57916,7,1031,EMEIF LARANJA DA TERRA,VILA DE LARANJA DA TERRA,-19.90394,-41.01515,853,-1,0
2020,1681,57916,7,1040,EMEIF JOÃO VALIM,DISTRITO DE SOBREIRO,-19.8252,-41.11309,2587,-1,0
2020,1682,57916,7,1066,EEEFM JOAQUIM CAETANO DE PAIVA,DISTRITO DE JOATUBA,-19.87921,-40.96046,1810,-1,0
2020,1683,57916,7,1139,EMEIEF UNIÃO LARANJENSE,CENTRO,-19.89978,-41.05689,3164,-1,0
2020,1684,57932,9,1031,EEEFM GRAÇA ARANHA,CENTRO,-20.08448,-40.771,8083,-1,1
2020,1685,57932,9,1040,EEEFM FREDERICO BOLDT,CARAMURU,-20.08448,-40.771,1751,-1,1
2020,1686,57932,9,1082,EMEF ANTONIO GONÇALVES,GARRAFÃO,-20.08448,-40.771,2516,-1,1
2020,1687,57932,9,1155,EEEFM ALTO RIO POSSMOSER,DISTRITO DE GARRAFÃO,-20.08448,-40.771,2807,-1,1
2020,1688,57932,9,1163,EMEF JOÃO LAUVERS,DISTRITO DE GARRAFÃO,-20.08448,-40.771,2295,-1,1
2020,1689,57932,9,1180,USINA RIO BONITO,RIO BONITO,-20.08448,-40.771,157,-1,1
2020,1690,57932,9,1279,EP FAZENDA ARTHUR PLASTER,DISTRITO DE GARRAFÃO,-20.08448,-40.771,804,-1,1
2020,1691,57932,9,1325,EMEF DE RECREIO,RECREIO,-20.08448,-40.771,1064,-1,1
2020,1692,57932,9,1333,CENTRO COMUNITÁRIO DA IGREJA LUTERANA DE ALTO SÃO SEBASTIÃO DE CIMA,SÃO SEBASTIÃO DE CIMA,-20.08448,-40.771,791,-1,1
2020,1693,57932,9,1341,EU SÃO JOSÉ DO RIO CLARO,SÃO JOSÉ DO RIO CLARO,-20.08448,-40.771,119,-1,1
2020,1694,57932,9,1350,JARDIM DE INFÂNCIA POMMER,CENTRO,-20.08448,-40.771,2350,-1,1
2020,1695,57932,9,1368,FACULDADE DA REGIÃO SERRANA - FARESE,CENTRO,-20.08448,-40.771,2290,-1,1
2020,1696,57932,9,1376,EEEF SÃO LUIZ,CENTRO,-20.08448,-40.771,2089,-1,1
2020,1697,57932,9,1384,EEEF PROFESSOR HERMANN BERGER,DISTRITO DA SEDE,-20.08448,-40.771,678,-1,1
2020,1698,57932,9,1392,EP DE VILA JETIBÁ,DISTRITO DA SEDE,-20.08448,-40.771,1112,-1,1
2020,1699,57932,9,1406,E.P.  RIO TRIUNFO,ZONA RURAL,-20.08448,-40.771,399,-1,1
2020,1700,57959,35,1015,EEEF PROSPERIDADE,PROSPERIDADE,-20.64794,-40.99695,811,-1,1
2020,1701,57959,35,1023,ESCOLA MUNICIPAL DE PARAÍSO,PARAÍSO,-20.64794,-40.99695,516,-1,1
2020,1702,57959,35,1031,EMEB ALZIRA GOMES,CENTRO,-20.64794,-40.99695,2287,-1,1
2020,1703,57959,35,1040,EEEF CASTELINHO,CASTELINHO,-20.64794,-40.99695,1392,-1,1
2020,1704,57959,35,1058,POSTO DE SAÚDE DE POÇO DANTAS,POÇO DANTAS,-20.64794,-40.99695,499,-1,1
2020,1705,57959,35,1074,EEEF CASIMIRO COSTA,ALTO GIRONDA,-20.64794,-40.99695,273,-1,1
2020,1706,57959,35,1090,ESCOLA DE BELÉM,BELÉM,-20.64794,-40.99695,404,-1,1
2020,1707,57959,35,1104,ESCOLA DE CAPIVARA,CAPIVARA,-20.64794,-40.99695,448,-1,1
2020,1708,57959,35,1112,PRÉ ESCOLA DE PEDRA BRANCA,PEDRA BRANCA,-20.64794,-40.99695,434,-1,1
2020,1709,57959,35,1120,EEEF JACIGUÁ,JACIGUÁ,-20.64794,-40.99695,2600,-1,1
2020,1710,57959,35,1155,EEEFM PRESIDENTE LUEBKE,CENTRO,-20.64794,-40.99695,2751,-1,1
2020,1711,57959,35,1163,EPG PEDRO MILANEZI ALTOÉ,SÃO JOSÉ DAS FRUTEIRAS,-20.64794,-40.99695,3038,-1,1
2020,1712,57975,40,1040,EEEF DOMINGOS PERIM,CENTRO,-20.3352,-41.13171,3397,-1,0
2020,1713,57975,40,1058,EEEFM FIORAVANTE CALIMAM,CENTRO,-20.32833,-41.13335,4515,-1,0
2020,1714,57975,40,1066,EEEF LIBERAL ZANDONADI,VILA BETÂNEA,-20.32386,-41.13519,3220,-1,0
2020,1715,57975,40,1074,EMEF ATÍLIO PIZZOL,SÃO JOÃO DE VIÇOSA,-20.3372,-41.18536,2616,-1,0
2020,1716,57975,40,1104,EMEIEF DE PINDOBAS,VARGEM GRANDE,-20.38916,-41.16763,1251,-1,0
2020,1717,57975,40,1139,EMEIEF ALTO CAXIXE,ALTO CAXIXE,-20.41832,-41.08307,2355,-1,0
2020,1718,57975,40,1155,APAE,BANANEIRAS,-20.32795,-41.14511,397,-1,0
2020,1719,57975,40,1163,IFES - INSTITUTO FEDERAL DO ESPÍRITO SANTO,SÃO RAFAEL,-20.32635,-41.12805,846,-1,0
2020,1720,57991,46,1015,PROFESSORA HELENISA MOTA DO PRADO,CENTRO,-18.9846,-40.74026,4108,-1,0
2020,1721,57991,46,1031,EMCA FAZENDA LACERDA,ÁGUAS CLARAS,-18.84982,-40.83328,991,-1,0
2020,1722,57991,46,1040,EMEF PADRE SÉRGIO BANZZA,CENTRO,-18.98478,-40.74186,1954,-1,0
2020,1723,57991,46,1058,CEIER - CENTRO ESTADUAL INTEGRADO DE EDUCAÇÃO RURAL,SEDE,-19.01553,-40.65441,624,-1,0
2020,1724,57991,46,1066,CRAS - CENTRO DE REFERÊNCIA SOCIAL,CENTRO,-18.98203,-40.74053,310,-1,0
2020,1725,57991,46,1074,CÂMARA MUNICIPAL DE ÁGUIA BRANCA,CENTRO,-18.9817,-40.74051,334,-1,0
2022,0,56006,46,1015,EEEFM SÃO DOMINGOS,CENTRO,-19.15129,-40.62618,2837,-1,0
2022,1,56006,46,1023,EMEF PATRIMÔNIO DE SANTO ANTÔNIO,SÃO JOSÉ DE NOVO BRASIL,-19.078,-40.4197,228,-1,0
2022,2,56006,46,1031,EMEF CÓRREGO DUMER,CÓRREGO DUMER,-19.08169,-40.46887,911,-1,0
2022,3,56006,46,1040,EUM PATRIMÔNIO DE SÃO FRANCISCO,CENTRO,-19.13014,-40.53381,213,-1,0
2022,4,56006,46,1058,EUM BRAÇO DO SUL (PUPIM),BRAÇO DO SUL,-19.07616,-40.60797,175,-1,0
2022,5,56006,46,1066,EMEF CÓRREGO DA DIVISA,CÓRREGO DA DIVISA,-19.12028,-40.56413,325,-1,0
2022,6,56006,46,1074,EUM CÓRREGO FEIO,CÓRREGO FEIO,-19.08825,-40.50097,230,-1,0
2022,7,56006,46,1082,EMEF BRAÇO DO SUL (TREVIZANI),BRAÇO DO SUL,-19.11089,-40.68067,279,-1,0
2022,8,56006,46,1090,CENTRO MUNICIPAL DE ENSINO INFANTIL VOVÓ ZEZÉ,BAIRRO NITERÓI,-19.15346,-40.62636,1093,-1,0
2022,9,56006,46,1104,CENTRO MUNICIPAL DE ENSINO INFANTIL CRIATIVO,CENTRO,-19.14448,-40.62407,1304,-1,0
2022,10,56014,8,1015,CEEFMTI AFONSO CLÁUDIO,SÃO TARCÍSIO,-20.07509,-41.12756,7043,-1,0
2022,11,56014,8,1023,EEEFM JOSÉ CUPERTINO,SÃO TARCÍSIO,-20.07555,-41.12697,3434,-1,0
2022,12,56014,8,1058,ESCOLA MUNICIPAL GUMERCINDO LACERDA,DISTRITO DE SÃO FRANCISCO,-19.99754,-41.13408,718,-1,0
2022,13,56014,8,1066,EEEFM JOSÉ GIESTAS,DISTRITO DE PONTÕES,-20.20092,-41.04543,1663,-1,0
2022,14,56014,8,1074,EEEFM MARIA ABREU ALVIM,DISTRITO DE FAZENDA GUANDÚ,-20.21397,-41.10328,2073,-1,0
2022,15,56014,8,1082,EEEFM JOSÉ ROBERTO CRISTO,DISTRITO DE PIRACEMA,-20.18293,-41.19396,1287,-1,0
2022,16,56014,8,1180,ESCOLA ESTADUAL UNIDOCENTE PATRIMÔNIO DOS GONÇALVES,DISTRITO DE IBICABA,-20.01007,-41.23628,722,-1,0
2022,17,56014,8,1236,EEEFM ELVIRA BARROS,DISTRITO DE SERRA PELADA,-20.0043,-41.02913,1366,-1,0
2022,18,56014,8,1325,ESCOLA MUNICIPAL AUGUSTA LAMAS D'ÁVILA,CENTRO,-20.07687,-41.12494,1608,-1,0
2022,19,56014,8,1350,ESCOLA MUNICIPAL CÓRREGO FRANCISCO CORREA,MATA FRIA,-20.08242,-40.97779,1341,-1,0
2022,20,56014,8,1368,ESCOLA ESTADUAL DE ENSINO FUNDAMENTAL PLURIDOCENTE DE SANTO ANTÔNIO,SANTO ANTÔNIO,-20.14899,-41.05101,349,-1,0
2022,21,56014,8,1457,CMEI NESTOR PINTO DE AGUIAR,DISTRITO DE SERRA PELADA,-20.00408,-41.02898,630,-1,0
2022,22,56014,8,1554,EM IDOLINO DA FONSECA LAMAS,BAIRRO DA GRAMA,-20.06718,-41.11628,718,-1,0
2022,23,56014,8,1589,ASSOCIAÇÃO PRO-CASA DO MENINO,SÃO VICENTE,-20.08142,-41.13004,2449,-1,0
2022,24,56022,23,1163,EMEF SEBASTIÃO COIMBRA ELIZEU,CENTRO,-18.51894,-40.97184,2795,-1,1
2022,25,56022,23,1171,EMEF BOM DESTINO,POVOADO BOM DESTINO,-18.51894,-40.97184,408,-1,1
2022,26,56022,23,1180,EMEF SANTA LUZIA DO AZUL,SANTA LUZIA DO AZUL,-18.51894,-40.97184,811,-1,1
2022,27,56022,23,1198,EEEF SOARES DUTRA,CAFELÂNDIA,-18.51894,-40.97184,695,-1,1
2022,28,56022,23,1252,EEEF ADOLFO ROSA,GOVERNADOR LACERDA DE AGUIAR,-18.51894,-40.97184,1537,-1,1
2022,29,56022,23,1449,EEEF DE SANTO AGOSTINHO,VILA SANTO AGOSTINHO,-18.51894,-40.97184,1704,-1,1
2022,30,56022,23,1520,EEEF VILA NELITA,VILA NELITA,-18.51894,-40.97184,719,-1,1
2022,31,56022,23,1538,EMEIEF NILSA ALVES FIGUEIRA,CENTRO,-18.51894,-40.97184,1983,-1,1
2022,32,56030,4,1015,CÍRCULO DE OPERÁRIOS DE ALEGRE,CENTRO,-20.76337,-41.53365,312,1,0
2022,33,56030,4,1023,CEEFMTI ARISTEU AGUIAR,CENTRO,-20.75912,-41.53718,3485,1,0
2022,34,56030,4,1031,COOPERATIVA EDUCACIONAL SUL CAPIXABA - COLÉGIO INOVADOR,VILA DO SUL,-20.76733,-41.53265,2881,19,0
2022,35,56030,4,1040,AGÊNCIA DA PREVIDÊNCIA SOCIAL,CENTRO,-20.76422,-41.53075,1045,1,0
2022,36,56030,4,1058,"FAFIA - FACULDADE DE FILOSOFIA, CIÊNCIAS E LETRAS DE ALEGRE",CENTRO,-20.76376,-41.53285,1387,1,0
2022,37,56030,4,1066,EMEIF RUTH ALICE,CENTRO,-20.75791,-41.53664,410,1,0
2022,38,56030,4,1082,AGÊNCIA DA RECEITA ESTADUAL DE ALEGRE,CENTRO,-20.76195,-41.53396,412,16,1
2022,39,56030,4,1090,SAGUÃO DA PREFEITURA MUNICIPAL DE ALEGRE,CENTRO,-20.76195,-41.53396,387,16,1
2022,40,56030,4,1104,SALÃO DO DECOLORES,CENTRO,-20.76335,-41.53266,516,1,0
2022,41,56030,4,1120,SINDICATO RURAL DOS EMPREGADORES,CENTRO,-20.76195,-41.53396,200,16,1
2022,42,56030,4,1147,SOCIEDADE SÃO VICENTE DE PAULA,CENTRO,-20.76195,-41.53396,231,16,1
2022,43,56030,4,1155,EMPEF SÃO JOÃO DO NORTE,DISTRITO DE SÃO JOÃO DO NORTE,-20.67548,-41.50925,237,-1,0
2022,44,56030,4,1163,EEEFM SIRENA REZENDE FONSECA,DISTRITO DE CELINA,-20.76504,-41.59211,2287,-1,0
2022,45,56030,4,1171,EMEF CARMELITA MACHADO MORAES,DISTRITO DE SANTA ANGÉLICA,-20.6917,-41.4548,478,-1,0
2022,46,56030,4,1180,EEEFM OSCAR DE ALMEIDA GAMA,DISTRITO DE ARARAÍ,-20.59278,-41.5556,838,-1,0
2022,47,56030,4,1198,EEEFM JOSÉ CORRENTE,DISTRITO VILA DO CAFÉ,-20.86858,-41.57172,1313,-1,0
2022,48,56030,4,1210,EEEFM PROFª CÉLIA TEIXEIRA DO CARMO,DISTRITO DE RIVE,-20.75691,-41.45897,2164,-1,0
2022,49,56030,4,1228,EEEFM ANA MONTEIRO DE PAIVA,DISTRITO DE ANUTIBA,-20.61174,-41.44961,1216,-1,0
2022,50,56030,4,1295,SALÃO DA IGREJA NOSSA SENHORA APARECIDA,FLORES DE APARECIDA DO NORTE,-20.63676,-41.55672,216,-1,0
2022,51,56030,4,1325,CEMEI PROFA. CÂNDIDA FILGUEIRAS,DISTRITO DE ANUTIBA,-20.61151,-41.45118,499,-1,0
2022,52,56030,4,1333,EMFA ZIOLITA MARIA DA SILVEIRA,ASSENTAMENTO FLORESTA,-20.68663,-41.58013,237,-1,0
2022,53,56030,4,1341,EEEFM PROFESSOR PEDRO SIMÃO,CLÉRIO MOULIN,-20.76637,-41.54614,620,4,0
2022,54,56030,4,1350,EMUEF FELIZ LEMBRANÇA,FELIZ LEMBRANÇA,-20.79595,-41.50798,98,-1,0
2022,55,56030,4,1368,EMFA GEORGE ABREU RANGEL,ROSEIRA,-20.87229,-41.53212,238,-1,0
2022,56,56030,4,1376,EMEIF PROFESSOR DOMINGOS BRAVO REINOSO,VILA DO SUL,-20.77206,-41.53489,2193,11,0
2022,57,56049,19,1015,EPSG BERNARDO HORTA,CENTRO,-20.34609,-41.64148,4422,372,1
2022,58,56049,19,1023,EMEF SÔNIA MARIA FARIA PINHEIRO,CENTRO,-20.34869,-41.64395,2544,375,1
2022,59,56049,19,1058,EPG PROFA. ENY LEAL MACHADO,DISTRITO DE SANTA CRUZ,-20.31433,-41.69107,1732,-1,0
2022,60,56049,19,1066,EMEIF VALDECI AFONSO MOREIRA,CÓRREGO SÃO JOSÉ,-20.29233,-41.63122,613,-1,0
2022,61,56049,19,1074,EUE BARRA GRANDE,CÓRREGO BARRA GRANDE,-20.26707,-41.58292,384,-1,0
2022,62,56049,19,1090,SECRETARIA MUNICIPAL DE AGRICULTURA E MEIO AMBIENTE,CENTRO,-20.34739,-41.64272,485,375,1
2022,63,56049,19,1120,EMEIEF PROFA NELCI GOMES DA COSTA,BARRA DE SANTA ROSA,-20.31932,-41.63889,501,376,1
2022,64,56049,19,1139,ASSOCIAÇÃO COMUNITÁRIA DO CORREGO DO AVENTUREIRO,AVENTUREIRO,-20.31932,-41.63889,427,376,1
2022,65,56057,12,1015,EMEF ANA ARAÚJO,CENTRO,-20.59792,-40.79412,1605,-1,1
2022,66,56057,12,1023,GINÁSIO DE ESPORTES DE ALFREDO CHAVES,CENTRO,-20.59792,-40.79412,587,-1,1
2022,67,56057,12,1031,EMEF FAZENDA APARECIDA,APARECIDA,-20.59792,-40.79412,339,-1,1
2022,68,56057,12,1040,EEEF DE CRUBIXÁ,SÃO JOÃO DE CRUBIXÁ,-20.59792,-40.79412,626,-1,1
2022,69,56057,12,1058,GINASIO DE ESPORTES DE IBITIRUÍ,IBITIRUÍ,-20.59792,-40.79412,744,-1,1
2022,70,56057,12,1066,SALÃO DA IGREJA CATÓLICA DE SÃO BENTO DE BATATAL,SÃO BENTO DO BATATAL,-20.59792,-40.79412,248,-1,1
2022,71,56057,12,1074,SALÃO DA IGREJA DE SÃO MARTINHO,SÃO MARTINHO,-20.59792,-40.79412,486,-1,1
2022,72,56057,12,1082,EMUEF ALMERINDA BRUNORO,SÃO MARCOS,-20.59792,-40.79412,273,-1,1
2022,73,56057,12,1090,EMEF FELIPE MODOLO,MATILDE,-20.55394,-40.81503,1071,-1,0
2022,74,56057,12,1104,SALÃO COMUNITÁRIO DE NOVA ESTRELA,NOVA ESTRELA,-20.59792,-40.79412,222,-1,1
2022,75,56057,12,1112,SALÃO DA IGREJA CATÓLICA DE CACHOEIRA ALTA,CACHOEIRA ALTA,-20.59792,-40.79412,366,-1,1
2022,76,56057,12,1120,EMUEF QUARTO TERRITÓRIO,QUARTO TERRITÓRIO,-20.59792,-40.79412,390,-1,1
2022,77,56057,12,1139,EMEF SAGRADA FAMÍLIA,SAGRADA FAMÍLIA,-20.57923,-40.69706,744,-1,0
2022,78,56057,12,1147,SALÃO COMUNITÁRIO DE SÃO BENTO DE URÂNIA,SÃO BENTO DE URANIA,-20.59792,-40.79412,724,-1,1
2022,79,56057,12,1163,EEUEF VILA NOVA DE MARAVILHA,VILA NOVA DE MARAVILHA,-20.58769,-40.94961,229,-1,0
2022,80,56057,12,1171,EEEFM CAMILA MOTA,OURO BRANCO,-20.63836,-40.74555,2272,-1,0
2022,81,56057,12,1228,CRECHE COMECINHO DE GENTE,CACHOEIRINHA,-20.6304,-40.76332,299,-1,0
2022,82,56057,12,1236,SALÃO PAROQUIAL DA IGREJA DE NOSSA SENHORA DA CONCEIÇÃO,CENTRO,-20.59792,-40.79412,656,-1,1
2022,83,56057,12,1244,CRECHE PEQUERRUCHOS,JARDIM DO CAJÁ,-20.59792,-40.79412,634,-1,1
2022,84,56065,36,1015,EMEI ARMEZINA DO AMARAL RAMOS,SANTA BÁRBARA,-19.05952,-41.01616,909,-1,0
2022,85,56065,36,1023,EMEF GUSTAVO AMBRUST,CENTRO,-19.06005,-41.01591,997,-1,0
2022,86,56065,36,1031,EEEFM PASTOR ANTÔNIO NUNES DE CARVALHO,CENTRO,-19.05706,-41.01842,1785,-1,0
2022,87,56065,36,1040,CMEI MARIA VENANCIO AMORIM,PADRE PEDRO I,-19.06033,-41.02026,689,-1,0
2022,88,56065,36,1058,EMEIEF VEREADOR RUBENS RAMIRO DA SILVA,DISTRITO DE MONTE CARMELO,-19.06941,-40.9687,645,-1,0
2022,89,56065,36,1074,EMEIEF PROFESSORA MARIA RODRIGUES DE FREITAS,DISTRITO DE VILA PALMERINO,-18.95737,-40.97445,803,-1,0
2022,90,56065,36,1082,CENTRO DE CONVIVENCIA CATARINA LUCIA ELLER,SANTA BÁRBARA,-19.05985,-41.01597,545,-1,0
2022,91,56073,17,1023,EE CORONEL GOMES OLIVEIRA,NOVA ESPERANÇA,-20.69356,-40.69034,2286,-1,1
2022,92,56073,17,1074,EM DE UBÚ,PRAIA DE UBÚ,-20.69356,-40.69034,626,-1,1
2022,93,56073,17,1082,EM DE MAE BA,MÃE BÁ,-20.69356,-40.69034,1068,-1,1
2022,94,56073,17,1090,EM DE BELO HORIZONTE,BELO HORIZONTE,-20.69356,-40.69034,227,-1,1
2022,95,56073,17,1104,EM DE GOEMBÊ,GOEMBÊ,-20.69356,-40.69034,274,-1,1
2022,96,56073,17,1112,EM DE CHAPADA DO Á,CHAPADA DO Á,-20.69356,-40.69034,243,-1,1
2022,97,56073,17,1120,EMEIEFM PROFESSORA ZULEIKA FLORES DA PURIFICAÇÃO,JABAQUARA,-20.69356,-40.69034,723,-1,1
2022,98,56073,17,1139,EMEB DUAS BARRAS,DUAS BARRAS,-20.69356,-40.69034,205,-1,1
2022,99,56073,17,1147,ESCOLA AGRÍCOLA DE OLIVÂNIA,OLIVÂNIA,-20.69356,-40.69034,372,-1,1
2022,100,56073,17,1155,EM DE SIMPATIA,SIMPATIA,-20.69356,-40.69034,564,-1,1
2022,101,56073,17,1163,EM DE ITAPEROROMA BAIXA,ITAPEROROMA BAIXA,-20.69356,-40.69034,299,-1,1
2022,102,56073,17,1171,EM DE BAIXO PONGAL,BAIXO PONGAL,-20.69356,-40.69034,419,-1,1
2022,103,56073,17,1180,EM DE ITAPEÚNA,ITAPEÚNA,-20.69356,-40.69034,316,-1,1
2022,104,56073,17,1198,EMEF MANOEL DE PAULA SERRÃO,IRIRI,-20.69356,-40.69034,1765,-1,1
2022,105,56073,17,1201,EM DE CÓRREGO DA PRATA,CÓRREGO DA PRATA,-20.69356,-40.69034,229,-1,1
2022,106,56073,17,1210,EM DE ALTO PONGAL,ALTO PONGAL,-20.69356,-40.69034,611,-1,1
2022,107,56073,17,1228,EM DE DOIS IRMÃOS,DOIS IRMÃOS,-20.69356,-40.69034,193,-1,1
2022,108,56073,17,1236,EM DE ALTO JOEBA,ALTO JOEBA,-20.69356,-40.69034,198,-1,1
2022,109,56073,17,1252,EM AMARILIS FERNANDES GARCIA,JUSTIÇA II,-20.69356,-40.69034,2494,-1,1
2022,110,56073,17,1279,EM DE LIMEIRA,LIMEIRA,-20.69356,-40.69034,458,-1,1
2022,111,56073,17,1287,EM DE RECANTO DO SOL,RECANTO DO SOL,-20.69356,-40.69034,670,-1,1
2022,112,56073,17,1295,EM JOCELINA NOGUEIRA,ALVORADA,-20.69356,-40.69034,1471,-1,1
2022,113,56073,17,1309,EM PROF. DULCINEA SILVA LYRIO RUPF,PONTA DOS CASTELHANOS,-20.69356,-40.69034,663,-1,1
2022,114,56073,17,1317,EM DE PARATI,PARATI,-20.69356,-40.69034,487,-1,1
2022,115,56073,17,1325,EMEIEF PLANALTO,PLANALTO,-20.69356,-40.69034,1285,-1,1
2022,116,56073,17,1333,EMEI BELMIRO ALBERTO ALPOIM,IRIRI,-20.69356,-40.69034,599,-1,1
2022,117,56073,17,1341,EMEI FRANCISCO JUSTI,ALVORADA,-20.69356,-40.69034,524,-1,1
2022,118,56073,17,1350,EMEB ALCIDES CECCON,PRAIA DOS CASTELHANOS,-20.69356,-40.69034,580,-1,1
2022,119,56073,17,1368,EM INFANTIL TIO LILIO,CENTRO,-20.69356,-40.69034,369,-1,1
2022,120,56073,17,1392,EM DE NOVO HORIZONTE,NOVO HORIZONTE,-20.69356,-40.69034,2408,-1,1
2022,121,56081,30,1040,EMEF PATRIMÔNIO DE TODOS OS ANJOS,PATRIMÔNIO DE TODOS OS ANJOS,-18.60733,-40.62853,291,-1,1
2022,122,56081,30,1058,IGREJA CATÓLICA MADRE PAULINA,CÓRREGO DO MUTUM,-18.60733,-40.62853,178,-1,1
2022,123,56081,30,1066,IGREJA CATÓLICA DE SÃO FRANCISCO DE ASSIS,SÃO FRANCISCO DE ASSIS,-18.60733,-40.62853,280,-1,1
2022,124,56081,30,1244,EMEF PRAÇA RICA,DISTRITO DE PRAÇA RICA,-18.60733,-40.62853,701,-1,1
2022,125,56081,30,1376,CMEI GIRASSOL (CRECHE),NOVA MUNIQUE,-18.60733,-40.62853,1188,-1,1
2022,126,56081,30,1384,EMEF TODOS OS SANTOS,PATRIMÔNIO DE TODOS OS SANTOS,-18.60733,-40.62853,556,-1,1
2022,127,56081,30,1392,EMEF CONCEIÇÃO DO QUINZE,PATRIMÔNIO DE CONCEIÇÃO DO QUINZE,-18.60733,-40.62853,283,-1,1
2022,128,56081,30,1503,EMEF PROFESSORA ESTHER DA COSTA SANTOS,ONDINA,-18.60733,-40.62853,1561,-1,1
2022,129,56081,30,1597,ESCOLA AGRÍCOLA DE VILA PAVÃO - CIER,CÓRREGO DO ESTEVÃO,-18.60733,-40.62853,364,-1,1
2022,130,56081,30,1600,IGREJA EVANGELICA LUTERANA SÃO MATEUS,CÓRREGO BONITO,-18.60733,-40.62853,259,-1,1
2022,131,56081,30,1619,EEEM ANA PORTELA DE SÁ,ONDINA,-18.60733,-40.62853,1684,-1,1
2022,132,56090,44,1015,EEEM CÂNDIDA PÓVOA,CENTRO,-21.07064,-41.53931,1966,-1,1
2022,133,56090,44,1023,EMEF DE IURU,DISTRITO DE JOSÉ CARLOS,-21.07064,-41.53931,246,-1,1
2022,134,56090,44,1031,EMEF BONSUCESSO,DISTRITO DE BONSUCESSO,-21.07064,-41.53931,749,-1,1
2022,135,56090,44,1040,EMEF WALDIR MONTEIRO DE BARROS,BATATAL,-21.07064,-41.53931,365,-1,1
2022,136,56090,44,1058,EMEF MARIA DE LOURDES ALVES,CENTRO,-21.07064,-41.53931,2349,-1,1
2022,137,56090,44,1066,CMEI TIA JOANY MIRANDA,CENTRO,-21.07064,-41.53931,519,-1,1
2022,138,56103,12,1015,EMEF PROFESSOR NICOLAU KROHLING,SANTA MARIA,-20.43317,-40.80127,677,-1,1
2022,139,56103,12,1023,EMEF VITOR HUGO,VITOR HUGO,-20.43317,-40.80127,943,-1,1
2022,140,56103,12,1031,EPSG EMÍLIO OSCAR HULLE,CENTRO,-20.43317,-40.80127,2020,-1,1
2022,141,56103,12,1040,CENTRO EDUCACIONAL INTEGRAÇÃO,CENTRO,-20.43317,-40.80127,1913,-1,1
2022,142,56103,12,1058,EMEF JACOMO BORGO,ARAGUAIA,-20.43317,-40.80127,1018,-1,1
2022,143,56103,12,1066,EP DE RIO FUNDO,RIO FUNDO,-20.43317,-40.80127,369,-1,1
2022,144,56103,12,1074,EMEF MORRO BAIXO,BOM JESUS,-20.43317,-40.80127,385,-1,1
2022,145,56103,12,1082,SALÃO DA IGREJA AUXILIADORA,SOÍDO DE BAIXO,-20.43317,-40.80127,338,-1,1
2022,146,56103,12,1090,EP JOSÉ ALOÍSIO SIMOM,BETINHO SIMÃO,-20.43317,-40.80127,640,-1,1
2022,147,56103,12,1104,EMEF FLORES PASSINATO KUSTER,SOÍDO DE BAIXO,-20.43317,-40.80127,337,-1,1
2022,148,56103,12,1112,CRECHE MUNICIPAL LEONOR MIGUEL FEU ROSA,COMUNIDADE SANTA RITA,-20.43317,-40.80127,960,-1,1
2022,149,56103,12,1120,EPG ELISIARIO FERREIRA FILHO,CENTRO,-20.43317,-40.80127,1904,-1,1
2022,150,56103,12,1139,CENTRO EDUCACIONAL VOVÓ FERNANDINA,CENTRO,-20.43317,-40.80127,1371,-1,1
2022,151,56103,12,1147,GINÁSIO DE ESPORTES MIGUEL KROHLING,SANTA MARIA,-20.43317,-40.80127,555,-1,1
2022,152,56111,20,1015,EEEM MISAEL PINTO NETTO,CENTRO,-19.82007,-40.27443,1965,23,0
2022,153,56111,20,1023,TEMPLO IGREJA BATISTA,CÓRREGO D'ÁGUA,-19.71177,-40.27744,310,-1,0
2022,154,56111,20,1040,EEEFM DYLIO PENEDO,JACUPEMBA,-19.58776,-40.19408,3074,33,0
2022,155,56111,20,1058,EEEF ERMENTINA LEAL,VILA DO RIACHO,-19.74633,-40.04103,1625,64,0
2022,156,56111,20,1066,EEEFM CABOCLO BERNARDO,BARRA DO RIACHO,-19.82519,-40.06111,2904,20,1
2022,157,56111,20,1074,EMEF ESTHER NASCIMENTO DOS SANTOS,SANTA ROSA,-19.92865,-40.28259,1046,54,0
2022,158,56111,20,1082,EMEF SANTA CRUZ,SANTA CRUZ,-19.95458,-40.15365,1221,51,0
2022,159,56111,20,1090,CREARA,CENTRO,-19.82158,-40.27402,1557,23,0
2022,160,56111,20,1104,EMEF PROF. BÁRULA NEVES DOS SANTOS,BARRA DO SAHY,-19.87756,-40.08549,1701,21,0
2022,161,56111,20,1112,FUNDAÇÃO SÃO JOÃO BATISTA - FAACZ,GINÁSIO,-19.81902,-40.27768,1748,63,0
2022,162,56111,20,1139,EMEF MARECHAL COSTA E SILVA,VILA RICA,-19.81766,-40.28067,2376,63,0
2022,163,56111,20,1155,EMEF PLACIDINO PASSOS,CENTRO,-19.81915,-40.27283,3333,44,0
2022,164,56111,20,1163,CENTRO EDUCACIONAL PRAIA DE COQUEIRAL (ANTIGO DARWIN),COQUEIRAL,-19.93347,-40.14323,2310,25,0
2022,165,56111,20,1171,EMEF JOSÉ MARCOS RAMPINELLI,BELA VISTA,-19.83307,-40.27008,3311,22,0
2022,166,56111,20,1180,CAIC MARIA LUÍZA DEVENS,DE FÁTIMA,-19.8353,-40.26654,2712,22,0
2022,167,56111,20,1198,EMEF EZEQUIEL FRAGA ROCHA,BELA VISTA,-19.8368,-40.26928,3830,22,0
2022,168,56111,20,1201,CMEI MARÍLIA REZENDE SCARTON COUTINHO,JEQUITIBÁ,-19.82788,-40.27633,2000,35,0
2022,169,56111,20,1210,EMEI AMÁLIA COUTINHO,BARRA DO RIACHO,-19.82542,-40.06143,727,20,1
2022,170,56111,20,1228,CMEI SETE ANÕES,VILA NOVA,-19.81276,-40.27093,1381,62,0
2022,171,56111,20,1244,EMEF ZILCA NUNES VIEIRA BERMUDES,VILA NOVA,-19.81032,-40.27288,2719,62,0
2022,172,56111,20,1260,EEEFM PRIMO BITTI,COQUEIRAL,-19.92854,-40.13914,1904,25,0
2022,173,56111,20,1287,CEMEB MÁRIO LEAL SILVA,GUARANÁ,-19.67903,-40.25933,3870,29,0
2022,174,56111,20,1295,EMEF PROF. MARIA INÊS DELLA VALENTINA,JACUPEMBA,-19.5861,-40.19526,2016,33,0
2022,175,56111,20,1309,EMEF LUÍZA SILVINA JARDIM REBUZZI,JEQUITIBÁ,-19.83014,-40.27933,3391,35,0
2022,176,56111,20,1317,PATRIMÔNIO COMUNITÁRIO BIRIRICAS,BIRIRICAS,-19.97455,-40.26418,495,-1,0
2022,177,56111,20,1325,EMEF HONÓRIO NUNES DE JESUS,MOROBÁ,-19.82438,-40.20196,1485,-1,1
2022,178,56111,20,1333,EMEF NOVO IRAJÁ,NOVO IRAJÁ,-19.90292,-40.23293,1178,-1,0
2022,179,56111,20,1341,EMEF SAMOEL COSTA,SEGATTO,-19.82688,-40.27286,1163,23,0
2022,180,56111,20,1350,CEEMTI MONSENHOR GUILHERME SCHMITZ,DE CARLI,-19.82213,-40.28276,1415,65,0
2022,181,56111,20,1368,PATRIMÔNIO COMUNITÁRIO ALDEIA INDÍGENA PAU BRASIL,ALDEIA INDÍGENA PAU BRASIL,-19.8535,-40.13083,396,-1,0
2022,182,56111,20,1376,EMP NOVA ESPERANÇA,VILA DO RIACHO,-19.64756,-40.06216,253,-1,0
2022,183,56111,20,1384,EMEF ABÍLIO CORREIA DE AMORIM,SÃO MARCOS,-19.80015,-40.27485,1663,61,0
2022,184,56111,20,1392,EMEI ÁLVARO SOUZA,VILA DO RIACHO,-19.74609,-40.04679,1788,64,0
2022,185,56111,20,1414,EMEF ZENÍLIA VARZEM RIBEIRO,BARRA DO RIACHO,-19.82838,-40.06647,1048,20,1
2022,186,56111,20,1422,EMEF NOVA SANTA CRUZ,NOVA SANTA CRUZ,-19.96074,-40.161,496,51,0
2022,187,56111,20,1430,CMEI CRIANÇA FELIZ,NOVO JEQUITIBÁ,-19.83024,-40.2826,1133,32,0
2022,188,56111,20,1449,EMEF CAEIRAS VELHA,ALDEIA INDÍGENA CAEIRAS VELHA,-19.92002,-40.17499,772,-1,0
2022,189,56111,20,1457,EMEF ITAPARICA,ITAPARICA,-19.9723,-40.14809,572,31,0
2022,190,56111,20,1465,CMEB JOSÉ MAMBRINI,JOSÉ MAMBRINI,-19.82438,-40.20196,446,-1,1
2022,191,56111,20,1473,PATRIMÔNIO COMUNITÁRIO MAR AZUL,PRAIA MAR AZUL,-19.91551,-40.1057,577,37,1
2022,192,56111,20,1481,PATRIMONIO COMUNITARIO CACHOEIRO DO RIACHO,VILA DO RIACHO,-19.72651,-40.1658,154,-1,0
2022,193,56111,20,1490,EMP BALNEÁRIO PRAIA DO SAUÊ,PRAIA DO SAUÊ,-19.92371,-40.11704,568,56,0
2022,194,56111,20,1503,EMEFI ARANDU RETXAKÃ (ALDEIA INDÍGENA TRÊS PALMEIRAS),ALDEIA INDÍGENA TRÊS PALMEIRAS,-19.94561,-40.16452,137,51,1
2022,195,56111,20,1511,EMPI DORVELINA COUTINHO,ALDEIA INDÍGENA COMBOIOS,-19.74441,-40.00868,270,-1,0
2022,196,56111,20,1520,PATRIMONIO COMUNITARIO GRAPUAMA,GRAPUAMA,-19.85648,-40.30377,111,-1,0
2022,197,56111,20,1538,CEMEB PAULO FREIRE,SÃO MARCOS,-19.8038,-40.27398,2619,61,0
2022,198,56111,20,1546,ASSOCIAÇÃO DE MORADORES DE PRAIA FORMOSA (ANTIGO RIO PRETO),RIO PRETO,-20.0091,-40.15637,261,46,0
2022,199,56111,20,1554,PATRIMÔNIO COMUNITÁRIO RIO FRANCÊS,RIO FRANCÊS,-19.59436,-40.1138,172,-1,0
2022,200,56111,20,1562,PATRIMÔNIO COMUNITÁRIO SINGULAR PELADO,PELADO,-19.74789,-40.33421,73,-1,0
2022,201,56111,20,1570,PATRIMÔNIO COMUNITÁRIO PELADINHO,PELADINHO,-19.74004,-40.30982,70,-1,0
2022,202,56111,20,1597,CDPA - CENTRO DE DETENÇÃO PROVISÓRIA DE ARACRUZ,DE FÁTIMA,-19.83369,-40.26292,0,27,0
2022,203,56120,43,1015,EEEF JOSÉ MARCELINO,BARRA DO ITAPEMIRIM,-21.09293,-40.89111,4868,-1,1
2022,204,56120,43,1023,EPSG DOMINGOS JOSÉ MARTINS (POLIVALENTE),BARRA DO ITAPEMIRIM,-21.09293,-40.89111,5231,-1,1
2022,205,56120,43,1031,ESCOLA PASTOR JOSÉ ABRAÃO,NOVA CANAÃ,-21.09293,-40.89111,941,-1,1
2022,206,56120,43,1040,EMEF SEBASTIÃO DE ALMEIDA FERREIRA,PRAIA DOS CAÇÕES,-21.09293,-40.89111,843,-1,1
2022,207,56120,43,1058,EPG ANÁLIA QUEIROZ DA SILVA,JACARANDÁ,-21.09293,-40.89111,1909,-1,1
2022,208,56120,43,1066,EMPEF IMBURI,IMBURI,-21.09293,-40.89111,601,-1,1
2022,209,56120,43,1074,EMEF PONTAL,PONTAL,-21.09293,-40.89111,822,-1,1
2022,210,56120,43,1090,EEEF MARIA DA GLÓRIA NUNES NEMER,CENTRO,-21.09293,-40.89111,3378,-1,1
2022,211,56120,43,1104,EMEF LAGOA DANTAS,LAGOA DANTAS,-21.09293,-40.89111,971,-1,1
2022,212,56120,43,1112,EMEI MÔNICA DE AGUIAR,BARRA DO ITAPEMIRIM,-21.09293,-40.89111,1895,-1,1
2022,213,56120,43,1120,EMEIF BOA VISTA DO SUL,BOA VISTA DO SUL,-21.09293,-40.89111,1102,-1,1
2022,214,56120,43,1139,EPG DE BREJO DOS PATOS,BREJO DOS PATOS,-21.09293,-40.89111,706,-1,1
2022,215,56120,43,1147,POSTO DE SAÚDE DE SÃO JOÃO DO JABOTI,SÃO JOÃO DO JABOTI,-21.09293,-40.89111,363,-1,1
2022,216,56120,43,1155,EMEF NAGIB MELEIPE,SANTA TEREZA,-21.09293,-40.89111,2353,-1,1
2022,217,56120,43,1163,ESCOLA MUNICIPAL PROFESSORA ZENI  MENDES DE SOUZA,CACULUCAGEM,-21.09293,-40.89111,371,-1,1
2022,218,56120,43,1171,EPE ANTÔNIO SERAFIM,LAGOA FUNDA,-21.09293,-40.89111,1042,-1,1
2022,219,56120,43,1180,IGREJA CATÓLICA SAGRADA FAMILIA (TIMBÓ),TIMBÓ 2,-21.09293,-40.89111,130,-1,1
2022,220,56120,43,1198,IGREJA BATISTA DE NOVA JERUSALEM,NOVA JERUSALÉM,-21.09293,-40.89111,342,-1,1
2022,221,56120,43,1201,CEMEI CRIANÇA FELIZ,PONTAL,-21.09293,-40.89111,315,-1,1
2022,222,56120,43,1210,EMEI MAICON COSTA DOS SANTOS,CENTRO,-21.09293,-40.89111,851,-1,1
2022,223,56120,43,1236,EMEIEF BONIFÁCIO JOÃO MARVILA,NOSSA SENHORA APARECIDA,-21.09293,-40.89111,305,-1,1
2022,224,56120,43,1244,CEMEI PROFESSORA JUCELIA DE OLIVEIRA C. BAIENSE,LAGOA DO SIRI,-21.09293,-40.89111,337,-1,1
2022,225,56120,43,1260,ESCOLA MUNICIPAL MARINGÁ,TIMBÓ 1,-21.09293,-40.89111,287,-1,1
2022,226,56120,43,1279,CDPM - CENTRO DE DETENÇÃO PROVISÓRIA DE MARATAÍZES,LAGOA DO MEIO,-21.09293,-40.89111,0,-1,1
2022,227,56120,43,1287,EMEI PROF MARCELO GOMES MOREIRA,ARRAIAS,-21.09293,-40.89111,1359,-1,1
2022,228,56138,2,1015,EMEB HERMÍNIA LEAL JÚDICE,NITERÓI,-20.91521,-41.19467,579,-1,0
2022,229,56138,2,1023,EMEB ISABEL COSTA BAPTISTA,NOSSA SENHORA APARECIDA,-20.92795,-41.18462,875,-1,0
2022,230,56138,2,1040,EMEB LUIZ ALBERTO FARIA MORENO,CENTRO,-20.91344,-41.19718,2798,-1,0
2022,231,56138,2,1058,SECRETARIA MUNICIPAL DE MEIO AMBIENTE - SEMMA,CENTRO,-20.91433,-41.19756,477,-1,0
2022,232,56138,2,1074,EMEB ANA BUSATO,NITERÓI,-20.91523,-41.19448,2072,-1,0
2022,233,56138,2,1090,CASA DO PRODUTOR RURAL,NITERÓI,-20.91579,-41.19609,1064,-1,0
2022,234,56138,2,1104,EMEB FLECHEIRAS,FLECHEIRAS,-21.03548,-41.18035,517,-1,0
2022,235,56138,2,1112,EMEB BENEDITO SAMPAIO,PRAÇA DO ORIENTE,-20.97488,-41.17571,261,-1,0
2022,236,56138,2,1120,EMEB TEOTÔNIO RAFAEL,INDEPENDÊNCIA,-20.95333,-41.12551,236,-1,0
2022,237,56146,10,1015,EEEFM ÁLVARO CASTELO,BERLLAMINO ULYANA,-20.10725,-41.2942,3556,79,1
2022,238,56146,10,1023,EEEFM MARLENE BRANDÃO,VILA DE BREJAUBINHA,-20.10725,-41.2942,1171,79,1
2022,239,56146,10,1031,EEEFM LEOGILDO SEVERIANO DE SOUSA,FAZENDA LEOGILDO,-20.10725,-41.2942,1177,79,1
2022,240,56146,10,1040,EEEFM SÃO JORGE,DISTRITO DE SÃO JORGE,-20.10725,-41.2942,1489,79,1
2022,241,56146,10,1058,EEEFM FAZENDA CAMPORÊS,VILA DE RANCHO DANTAS,-20.10725,-41.2942,479,79,1
2022,242,56146,10,1082,CEMEF OSWALDO RIBEIRO DA SILVA,CENTRO,-20.10725,-41.2942,2347,79,1
2022,243,56154,7,1015,EPSG JOSÉ DAMASCENO FILHO,SAPUCAIA,-19.51023,-41.01885,3227,-1,0
2022,244,56154,7,1040,EEUEF DE SANTA ROSA,COMUNIDADE SANTA ROSA,-19.77683,-41.01365,294,-1,0
2022,245,56154,7,1066,EMEIEF BENEVENUTO CLEMENTINO GOBBO,SÃO JOSÉ,-19.51888,-41.01171,2346,-1,0
2022,246,56154,7,1090,EMEF OLGA MARTINELLI,DISTRITO DE IBITUBA,-19.69035,-41.01787,800,-1,0
2022,247,56154,7,1112,EMEIEF CARLOS LUIZ FREDERICO,DISTRITO DE VILA NOVA DO BANANAL,-19.68728,-41.1258,743,-1,0
2022,248,56154,7,1120,EMEIEF ALADIA TRINDADE DE PAIVA,DISTRITO DE MASCARENHAS,-19.5047,-40.91505,934,-1,0
2022,249,56154,7,1147,EMEIEF PROF. ELZA EVALD DE OLIVEIRA,DISTRITO DO KM 14 DO MUTUM,-19.39862,-40.90496,514,-1,0
2022,250,56154,7,1171,EMEF FRANCISCO DA CUNHA RAMALDES,DISTRITO ALTO MUTUM PRETO,-19.27658,-40.90812,893,-1,0
2022,251,56154,7,1260,EMEIEF PROFESSOR JOSÉ NUNES,CENTRO,-19.51259,-41.01005,2062,-1,0
2022,252,56154,7,1392,EPEFM BRASIL,CENTRO,-19.51732,-41.01687,2350,-1,0
2022,253,56154,7,1473,EEEFM DR. JONES DOS SANTOS NEVES,SAPUCAIA,-19.50746,-41.02409,2316,-1,0
2022,254,56154,7,1481,EEEF BRASIL,CENTRO,-19.51727,-41.01689,1457,-1,0
2022,255,56154,7,1490,POSTO DE SAÚDE DOIS IRMÃOS,CÓRREGO DOIS IRMÃOS,-19.68562,-40.95142,150,-1,0
2022,256,56154,7,1511,EMEIEF JOÃO JÚLIO CARDOSO,VALPARAÍSO,-19.52288,-41.001,1059,-1,0
2022,257,56154,7,1538,EMEIEF JOÃO XXIII,ROSÁRIO I,-19.50844,-41.02755,1291,-1,0
2022,258,56154,7,1546,EMEIEF PROFESSORA LÉA HOLZ,MAUÁ,-19.50853,-41.01355,843,-1,0
2022,259,56154,7,1554,EMEIEF DARLENE MAGGIONI FRANQUINI,ROSÁRIO II,-19.50426,-41.03197,641,-1,0
2022,260,56154,7,1562,ESCOLA VIVA - CEEMTI CENTRO EDUCACIONAL DE ENSINO MEDIO EM TEMPO INTEG,VILA KENNEDY,-19.51515,-41.00513,1559,-1,0
2022,261,56154,7,1570,POSTO DE SAÚDE KM14,KM 14 - SEDE,-19.53683,-41.00081,507,-1,1
2022,262,56162,16,1015,EEEFM FELICIO MELOTTI,SANTA JÚLIA,-19.67868,-40.69658,1150,-1,0
2022,263,56162,16,1023,EEEFM DAVID ROLDI,VILA VERDE,-19.75188,-40.65745,4415,-1,0
2022,264,56162,16,1031,EMEI SÃO ROQUE,SÃO ROQUINHO,-19.73846,-40.66171,1386,-1,0
2022,265,56162,16,1040,EMEIEF DARLY NERTY VERVLOET,SÃO JACINTO,-19.72076,-40.61027,920,-1,0
2022,266,56162,16,1058,EMEIEF LUIZ MÔNICO,SÃO FRANCISCO,-19.75189,-40.72595,734,-1,0
2022,267,56162,16,1066,EMEI SANTA JÚLIA,AGROVILA,-19.67888,-40.69631,475,-1,0
2022,268,56162,16,1074,EMEIEF JOSEPHIR BOSCHETTI - SÃO DALMÁCIO,SÃO DALMÁCIO,-19.76356,-40.64925,454,-1,0
2022,269,56170,23,1074,EEMF JOÃO XXIII,CAMPO NOVO,-18.66303,-40.81884,4028,-1,1
2022,270,56170,23,1082,EEEF JOÃO BASTOS,VILA GONÇALVES,-18.66303,-40.81884,3111,-1,1
2022,271,56170,23,1090,CESFA - PITÁGORAS,VILA VICENTE,-18.66303,-40.81884,3154,-1,1
2022,272,56170,23,1147,EMEFTI OZÉIAS REZENDE,CENTRO,-18.66303,-40.81884,2581,-1,1
2022,273,56170,23,1236,EEEF DE CACHOEIRINHA DE ITAÚNAS,CACHOEIRINHA DE ITAÚNAS,-18.66303,-40.81884,1204,-1,1
2022,274,56170,23,1279,EEEF ALADIM SILVESTRE DE ALMEIDA,VILA MONTE SINAI,-18.66303,-40.81884,2046,-1,1
2022,275,56170,23,1295,EEEF DE MONTE SENIR,POVOADO DE MONTE SENIR,-18.66303,-40.81884,1090,-1,1
2022,276,56170,23,1325,EMEF VEREADOR ANTÔNIO QUIRINO RAMOS,VILA PORANGA,-18.66303,-40.81884,554,-1,1
2022,277,56170,23,1406,EM ELIZABETH TROZESKI DA SILVA,VILA PAULISTA,-18.66303,-40.81884,1984,-1,1
2022,278,56170,23,1414,EEEF DE VARGEM ALEGRE,VARGEM ALEGRE,-18.66303,-40.81884,1196,-1,1
2022,279,56170,23,1473,EEEF SANTO ANTÔNIO,VILA SANTO ANTÔNIO,-18.66303,-40.81884,1172,-1,1
2022,280,56170,23,1490,EEEF DE VILA ITAPERUNA,VILA ITAPERUNA,-18.66303,-40.81884,1038,-1,1
2022,281,56170,23,1503,EMEF VICENTE AMARO DA SILVA,CAMPO NOVO,-18.66303,-40.81884,3063,-1,1
2022,282,56170,23,1511,CREAS NAIR ALVES DE MOURA,CENTRO,-18.66303,-40.81884,242,-1,1
2022,283,56170,23,1538,EEEF ANTÔNIO CIRILO,DENZOL,-18.66303,-40.81884,288,-1,1
2022,284,56170,23,1546,EEEFM GOVERNADOR LINDENBERG,IRMÃOS FERNANDES,-18.66303,-40.81884,1891,-1,1
2022,285,56170,23,1554,EM EVANDRA CHAVES DE OLIVEIRA,ASSENT. 3 CORAÇÕES/COM. POÇO AZUL,-18.66303,-40.81884,271,-1,1
2022,286,56170,23,1589,EM SEBASTIAO ALBANO,VILA VICENTE,-18.66303,-40.81884,2375,-1,1
2022,287,56170,23,1597,EE ASCENDINA FEITOSA,VILA PAULISTA,-18.66303,-40.81884,1577,-1,1
2022,288,56170,23,1600,EM LUCIENE M FERREIRA,VILA LUCIENE,-18.66303,-40.81884,558,-1,1
2022,289,56170,23,1619,CMEI BRASILINO M DE MORAES,COLINA,-18.66303,-40.81884,418,-1,1
2022,290,56189,41,1015,EEEF ALEGRE,CÓRREGO ALEGRE,-19.07166,-40.16287,1554,-1,1
2022,291,56189,41,1023,EMEF ALBERTO STANGE JÚNIOR,CENTRO,-19.07166,-40.16287,2338,-1,1
2022,292,56189,41,1031,EEEFM ARMANDO BARBOSA QUITIBA,CENTRO,-19.07166,-40.16287,4317,-1,1
2022,293,56189,41,1040,EEPEF FAZENDA DOMINGOS CORREIA (JOERANA B),CÓRREGO JOERANA B,-19.07166,-40.16287,359,-1,1
2022,294,56189,41,1058,EMEF JOÃO NEVES PEREIRA,SALVADOR,-19.07166,-40.16287,4471,-1,1
2022,295,56189,41,1066,PEM LÉIA DOS SANTOS,CENTRO,-19.07166,-40.16287,2539,-1,1
2022,296,56189,41,1074,PEM GIRASSOL,CÓRREGO CHUMBADO,-19.07166,-40.16287,1164,-1,1
2022,297,56189,41,1082,EEPEF JOERANA A,CÓRREGO JOERANA A,-19.07166,-40.16287,377,-1,1
2022,298,56189,41,1090,EEUEF CÓRREGO PATIOBA,CÓRREGO PATIOBA,-19.07166,-40.16287,336,-1,1
2022,299,56189,41,1104,CEMEIF JOSÉ MARTINS,CÓRREGO RODRIGUES,-19.07166,-40.16287,507,-1,1
2022,300,56189,41,1120,EEEFM CÂNDIDO PORTINARI (JUNCADO),JUNCADO,-19.07166,-40.16287,1373,-1,1
2022,301,56189,41,1139,LUCILENE LIRA GAMA,COMENDADOR RAFAEL,-19.07166,-40.16287,535,-1,1
2022,302,56189,41,1155,PEM PAULO CESAR FORNAZIER (SANTA LUZIA DO CHUMBADO),SANTA LUZIA DO CHUMBADO,-19.07166,-40.16287,282,-1,1
2022,303,56197,39,1015,EMEF PROFª UBALDINA SANTO AMARO DO AMARAL,CENTRO,-18.5398,-40.29794,1985,-1,0
2022,304,56197,39,1023,EEEFM ANTÔNIO DOS SANTOS NEVES,CENTRO,-18.5409,-40.29845,2158,-1,0
2022,305,56197,39,1031,EEEFM DE SOBRADINHO,SOBRADINHO,-18.4288,-40.38694,1529,-1,0
2022,306,56197,39,1040,EMEIEF KM-20,QUILÔMETRO 20,-18.48712,-40.39875,706,-1,0
2022,307,56197,39,1058,EMEF DE SANTO ANTÔNIO,SANTO ANTÔNIO,-18.51707,-40.35275,790,-1,0
2022,308,56197,39,1066,EMEIEF ANADYR DE ALMEIDA MARCHIORI,BELA VISTA,-18.55442,-40.22318,778,-1,0
2022,309,56197,39,1074,EMEF PROFª IZAURA ALMEIDA SILVA,NOVA CIDADE,-18.53923,-40.28848,1891,-1,0
2022,310,56197,39,1082,CENTRO MÉDICO (PARTE DAS SEÇÕES DA ESCOLA SANTOS NEVES),CENTRO,-18.54035,-40.2982,919,-1,1
2022,311,56200,38,1031,EEEFM PROFA MARIA MAGDALENA DA SILVA,VILA NOVA,-18.2587,-40.53415,1764,-1,1
2022,312,56200,38,1040,EPG DE ITAMIRA,ITAMIRA,-18.2587,-40.53415,1413,-1,1
2022,313,56200,38,1074,EEEF PROFA VALDA COSTA SEVERO,CENTRO,-18.2587,-40.53415,2288,-1,1
2022,314,56200,38,1082,PRÉ-ESCOLA MUNICIPAL PEQUENO PRÍNCIPE,CHAPISCO,-18.2587,-40.53415,954,-1,1
2022,315,56219,44,1015,ESCOLA MUNICIPAL CEL ANTÔNIO HONÓRIO,CENTRO,-21.07495,-41.60173,1560,-1,1
2022,316,56219,44,1023,EEEFM HORÁCIO PLÍNIO,CENTRO,-21.07495,-41.60173,2529,-1,1
2022,317,56219,44,1031,EM MINERVINA DA SILVA ARAUJO,SILVANA,-21.07495,-41.60173,1226,-1,1
2022,318,56219,44,1040,ESCOLA SÃO SEBASTIÃO,SÃO SEBASTIÃO,-21.07495,-41.60173,710,-1,1
2022,319,56219,44,1082,JARDIM DE INFÂNCIA GIL VELOSO,CENTRO,-21.07495,-41.60173,543,-1,1
2022,320,56219,44,1090,CMEI FATINHA BOECHAT,SÃO SEBASTIÃO,-21.07495,-41.60173,886,-1,1
2022,321,56227,37,1015,EMEF PATRIMÔNIO ARARIBÓIA,ARARIBOIA,-19.04982,-40.29544,370,-1,0
2022,322,56227,37,1023,SALÃO PAROQUIAL DO CÓRREGO PINTADA,SÃO JORGE DA BARRA SECA,-18.87349,-40.27529,280,-1,0
2022,323,56227,37,1058,SALÃO PAROQUIAL DA IGREJA CATÓLICA DE PARAISÓPOLIS,JURAMA,-18.95477,-40.29045,764,-1,0
2022,324,56227,37,1066,EMEIEF WELTON ALTOE CALIMAN - TESOURO,SÃO JORGE DA BARRA SECA,-18.9041,-40.22992,591,-1,0
2022,325,56227,37,1074,EMEF JURAMA,JURAMA,-18.99343,-40.2732,1056,-1,0
2022,326,56227,37,1090,EMEF MARIA LUIZA JORGE DOS REIS - SÃO JORGE DA BARRA SECA,SÃO JORGE DA BARRA SECA,-18.84931,-40.34,967,-1,0
2022,327,56227,37,1104,EMUEF CORREGO VARGEM ALEGRE,JURAMA,-19.01323,-40.31958,290,-1,0
2022,328,56227,37,1112,EEEFM ATÍLIO VIVACQUA,CENTRO,-18.99869,-40.3917,3723,-1,0
2022,329,56227,37,1120,EEEF VALÉRIO,CENTRO,-19.00196,-40.38751,1341,-1,0
2022,330,56227,37,1139,EMEI CINDERELA,CENTRO,-18.99743,-40.38864,2628,-1,0
2022,331,56227,37,1155,EMEIEF BERNARDO MANTOVANELLI - DOURADO,SEDE,-19.01737,-40.4339,409,-1,0
2022,332,56235,2,1180,ESCOLA GUIMARÃES ROSA,CENTRO,-20.8514,-41.11077,2305,103,0
2022,333,56235,2,1252,EMEB ANISIO VIEIRA DE ALMEIDA RAMOS,VILA RICA,-20.84104,-41.12906,3091,146,0
2022,334,56235,2,1368,EMEB OSWALDO MACHADO,BAIMINAS,-20.85687,-41.1044,2297,94,0
2022,335,56235,2,1376,EEEM CEI ÁTTILA DE ALMEIDA MIRANDA,VILA RICA,-20.84242,-41.12852,4748,121,0
2022,336,56235,2,1406,EMEB GALDINO THEODORO DA SILVA,JARDIM ITAPEMIRIM,-20.85489,-41.15274,4611,118,0
2022,337,56235,2,1414,SESI - SERVIÇO SOCIAL DA INDÚSTRIA,ALTO MONTE CRISTO,-20.84928,-41.14848,3635,87,0
2022,338,56235,2,1422,EEEFM LIONS SEBASTIÃO DE PAIVA VIDAURRE,DR LUIZ TINOCO DA FONSECA,-20.83244,-41.15605,2721,119,0
2022,339,56235,2,1430,EMEB PEDRO ESTELLITA HERKENHOFF,WALDIR FURTADO DE AMORIM ,-20.8394,-41.1579,3122,148,0
2022,340,56235,2,1457,EMEB ELISEU LOFEGO,RUY PINTO BANDEIRA,-20.83852,-41.18315,1998,136,0
2022,341,56235,2,1465,EEEFM PROFA. HOSANA SALLES,AEROPORTO,-20.83086,-41.17625,3888,83,0
2022,342,56235,2,1635,EEEF DONA MARIA SANTANA,BASILÉIA,-20.85077,-41.12369,2046,95,0
2022,343,56235,2,1643,EEEFM PROFESSOR CLAUDIONOR RIBEIRO - POLIVALENTE GUANDU,MARIA ORTIZ,-20.84262,-41.12635,1118,121,0
2022,344,56235,2,1660,EEEFM QUINTILIANO DE AZEVEDO,SANTO ANTÔNIO,-20.84612,-41.12562,3642,137,0
2022,345,56235,2,1694,EEEFM AGOSTINHO SIMONATO,JARDIM AMÉRICA,-20.84997,-41.14642,2481,117,0
2022,346,56235,2,1732,EEEFM FRATERNIDADE E LUZ,SUMARÉ,-20.85187,-41.11202,1689,140,0
2022,347,56235,2,1740,EMEB ZENI PIRES FERREIRA,AMARAL,-20.85743,-41.10662,2493,90,0
2022,348,56235,2,1767,EMEB PROF. VALDY FREITAS,PARAÍSO,-20.86297,-41.12187,3340,131,0
2022,349,56235,2,1783,EEEF AMÉLIA TOLEDO DO ROZÁRIO,DISTRITO DE CÓRREGO DOS MONOS,-20.86853,-41.20671,1401,-1,0
2022,350,56235,2,1848,EMEB MARIA DAS DORES PINHEIRO AMARAL,VALÃO,-20.82604,-41.12979,1533,107,0
2022,351,56235,2,1856,EMEB MONTEIRO LOBATO,ALTO UNIÃO,-20.88063,-41.09959,3128,89,0
2022,352,56235,2,1880,EMEB JULIETA DEPES TALLON,ZUMBI,-20.85092,-41.13308,3019,149,0
2022,353,56235,2,1899,EEEF ROTARY,OTTON MARINS,-20.8484,-41.13203,2742,130,0
2022,354,56235,2,1902,EMEB TIJUCA,TIJUCA,-20.91214,-41.11859,480,-1,0
2022,355,56235,2,1929,EMEB PROF. DAVID ALBERTO LÓSS,CORAMARA,-20.83113,-41.15268,1610,104,0
2022,356,56235,2,1937,EMEB NOSSA SENHORA DAS GRAÇAS,AGOSTINHO SIMONATO,-20.84558,-41.1509,1370,84,0
2022,357,56235,2,1996,SALÃO PAROQUIAL DE SANTA FÉ DE CIMA,SANTA FÉ DE CIMA,-20.83739,-41.22876,427,-1,0
2022,358,56235,2,2070,EMEB PROF. DEUSDEDIT BAPTISTA,CORAMARA,-20.83528,-41.14963,728,104,0
2022,359,56235,2,2089,EMEB PADRE GINO ZATELLI,DR GILSON CARONE,-20.83943,-41.14872,2858,111,0
2022,360,56235,2,2119,EMEB LUIZ MARQUES PINTO,BOA VISTA,-20.83475,-41.1806,1300,98,0
2022,361,56235,2,2135,EMEB JENNY GUÁRDIA,SÃO GERALDO,-20.87743,-41.12761,1122,142,0
2022,362,56235,2,2143,EEEFM BERNARDINO MONTEIRO,AMARELO,-20.85989,-41.1181,2509,91,0
2022,363,56235,2,2151,EMEB OSCAR MONTENEGRO FILHO,RECANTO,-20.85133,-41.11816,1534,134,0
2022,364,56235,2,2224,EMEB REVERENDO JADER GOMES COELHO,IBC,-20.85442,-41.15028,2794,113,0
2022,365,56235,2,2232,EMEB PROF. ELÍSIO CORTES IMPERIAL,TEIXEIRA LEITE,-20.83362,-41.12339,699,145,0
2022,366,56235,2,2259,EEEA AUDITIVA LIONS NAPOLEÃO ALBUQUERQUE (NEAPIE),BAIMINAS,-20.85624,-41.10495,1392,94,0
2022,367,56235,2,2267,UNIÃO SOCIAL CAMILIANA - CAMPUS I (SÃO CAMILO),PARAÍSO,-20.86061,-41.12104,3677,131,0
2022,368,56235,2,2275,EMEB MARIA TEREZA BRANDÃO DE MELLO,BASILÉIA,-20.85356,-41.12304,765,95,0
2022,369,56235,2,2283,MULTIVIX - CAMPUS MONTE BELO,MONTE BELO,-20.87161,-41.10208,17,125,1
2022,370,56235,2,2291,EMEB ALAIR TURBAY BAIÃO,OTTON MARINS,-20.8475,-41.13621,1034,130,0
2022,371,56235,2,2305,EMEB MARIA SILOTI,DR LUIZ TINOCO DA FONSECA,-20.83203,-41.15546,755,119,0
2022,372,56235,2,2313,EMEB PE JEFFERSON LUIZ DE MAGALHÃES (SUPER CRECHE),BOA VISTA,-20.83343,-41.17884,719,98,0
2022,373,56235,2,2321,EMEB PROFA ARIETTE MOULIN COSTA,SÃO LUCAS,-20.84578,-41.15887,247,143,0
2022,374,56235,2,2330,EMEB SÃO FRANCISCO DE ASSIS,SÃO FRANCISCO DE ASSIS,-20.85237,-41.14158,672,141,0
2022,375,56235,2,2348,EMEB WALDIR FURTADO AMORIM,WALDIR FURTADO DE AMORIM ,-20.8397,-41.1583,326,148,0
2022,376,56235,48,1015,EMEB AURORA ESTELLITA HERKENHOFF,AQUIDABAN,-20.84202,-41.11661,1451,92,0
2022,377,56235,48,1023,EMEB LUIZ SEMPRINI,DISTRITO DE PACOTUBA,-20.76376,-41.27178,1436,-1,0
2022,378,56235,48,1031,EMEB PROFª CIBELIA TEIXEIRA ZIPPINOTI (COUTINHO),DISTRITO DE COUTINHO,-20.75691,-41.19461,861,-1,0
2022,379,56235,48,1040,EEEFM ZACHEU MOREIRA DA FRAGA,DISTRITO DE VARGEM GRANDE DE SOTURNO,-20.76328,-41.05936,3334,-1,0
2022,380,56235,48,1058,FACULDADE MULTIVIX,INDEPENDÊNCIA,-20.8502,-41.10896,1492,116,0
2022,381,56235,48,1066,EMEB MONTE ALEGRE,MONTE ALEGRE,-20.73402,-41.27155,315,-1,0
2022,382,56235,48,1074,EMEB PROF. FLORISBELO NEVES,NOVO PARQUE,-20.83559,-41.11552,3223,129,0
2022,383,56235,48,1082,EMEB PROFA GÉRCIA FERREIRA GUIMARÃES,VILLAGE DA LUZ,-20.83068,-41.11999,1351,110,0
2022,384,56235,48,1090,CPFCI - CENTRO PRISIONAL FEMININO DE CACHOEIRO DE ITAPEMIRIM,MONTE LÍBANO,-20.85452,-41.08848,0,144,1
2022,385,56235,48,1104,IASES - COMPLEXO DE CACHOEIRO DE ITAPEMIRIM (UNIP SUL E UNIS SUL),MONTE LÍBANO,-20.85452,-41.08848,0,144,1
2022,386,56235,48,1120,EEEFM WILSON REZENDE,DISTRITO DE BURARAMA,-20.68063,-41.3474,1536,-1,0
2022,387,56235,48,1139,EEEF DE GIRONDA,DISTRITO DE GIRONDA,-20.72286,-41.0829,1018,-1,0
2022,388,56235,48,1147,EMEB ZILMA COELHO PINTO,FERROVIÁRIOS,-20.84549,-41.1149,768,109,0
2022,389,56235,48,1155,EMEB NEWTON BRAGA,FERROVIÁRIOS,-20.84444,-41.11333,873,109,0
2022,390,56235,48,1163,EMEB ANACLETO RAMOS,FERROVIÁRIOS,-20.84438,-41.11319,2697,109,0
2022,391,56235,48,1171,COLÉGIO JESUS CRISTO REI,INDEPENDÊNCIA,-20.84922,-41.10968,3753,116,0
2022,392,56235,48,1180,EEEFM LICEU MUNIZ FREIRE,INDEPENDÊNCIA,-20.85292,-41.10673,3113,116,0
2022,393,56235,48,1198,EMEB MARIA STAEL DE MEDEIROS TEIXEIRA,VILLAGE DA LUZ,-20.82857,-41.11556,2841,147,0
2022,394,56235,48,1201,EEEFM PRES. GETÚLIO VARGAS (POLIVALENTE AQUIDABAN),AQUIDABAN,-20.84202,-41.11453,2650,82,0
2022,395,56235,48,1210,EEEFM PROFA. INAH WERNECK,AQUIDABAN,-20.84176,-41.11682,3980,92,0
2022,396,56235,48,1228,CEEFMTI PROF. FRANCISCO COELHO ÁVILA JUNIOR (POLIVALENTE CEL BORGES),CORONEL BORGES,-20.85328,-41.09405,3682,105,0
2022,397,56235,48,1236,EMEB ANACLETO RAMOS - PRÉDIO II,FERROVIÁRIOS,-20.84438,-41.11318,1021,109,0
2022,398,56235,48,1252,EEEFM CAROLINA PASSOS GAIGHER,SANTA HELENA,-20.84463,-41.1089,2642,114,0
2022,399,56235,48,1260,EMEB SÃO VICENTE,SÃO VICENTE,-20.65977,-41.0915,824,-1,0
2022,400,56235,48,1287,CDPCI - CENTRO DE DETENÇÃO PROVISÓRIA DE CACHOEIRO DE ITAPEMIRIM,CORONEL BORGES,-20.85452,-41.08848,0,144,1
2022,401,56235,48,1295,EEEFM PROFA. PETRONÍLHA VIDIGAL,DISTRITO DE ITAÓCA,-20.72804,-41.13276,3873,-1,0
2022,402,56235,48,1309,EEEF PROF. DOMINGOS UBALDO,DISTRITO DE CONDURU,-20.67346,-41.20735,2479,-1,0
2022,403,56235,48,1317,EMEB SANDRA MONTEIRO VARGAS PIASSI,AQUIDABAN,-20.84276,-41.11681,89,92,0
2022,404,56235,48,1325,EMEB ZILDA SOARES MOURA,VILLAGE DA LUZ,-20.82672,-41.11856,755,147,0
2022,405,56235,48,1333,EMEB JACOMO SILOTTI,SOTURNO,-20.77148,-41.06722,617,-1,0
2022,406,56235,48,1341,COMUNIDADE NOSSA SENHORA DE FÁTIMA,INDEPENDÊNCIA,-20.84822,-41.10716,205,116,0
2022,407,56235,48,1350,EMEB PROFESSORA VALERIA AQUINO VIANA,ITAÓCA,-20.72859,-41.13434,369,-1,0
2022,408,56235,48,1368,EPPG BEM TE VI,IBITIQUARA,-20.84637,-41.11048,313,114,0
2022,409,56251,34,1228,EMEF ANTÁRIO ALEXANDRE THEODORO ( ANTÁRIO FILHO),SÃO FRANCISCO,-20.34844,-40.40666,914,226,0
2022,410,56251,34,1236,EMEF STÉLIDA DIAS,CAMPO GRANDE,-20.34008,-40.38412,4519,164,0
2022,411,56251,34,1244,FACULDADE MULTIVIX,CAMPO GRANDE,-20.34484,-40.38165,5789,164,0
2022,412,56251,34,1252,EMEF TALMA SARMENTO DE MIRANDA,SÃO GERALDO,-20.341,-40.38218,4603,227,0
2022,413,56251,34,1260,EEEFM HUNNEY EVEREST PIOVESAN,SANTA FÉ,-20.34669,-40.3869,6954,188,0
2022,414,56251,34,1279,EMEF NILTON GOMES (CRUZEIRO DO SUL),CRUZEIRO DO SUL,-20.3264,-40.38571,3889,180,1
2022,415,56251,34,1287,CMEI JESUS MENINO (PARQUE INFANTIL),CAMPO GRANDE,-20.33919,-40.38698,1521,164,0
2022,416,56251,34,1295,EMEF MARIA PAIVA,SÃO GERALDO,-20.34782,-40.3784,2463,227,0
2022,417,56251,34,1325,EMEF EURIDES GABRIEL (SANTA IZABEL),CAMPO BELO,-20.36052,-40.37963,2427,163,0
2022,418,56251,34,1341,EMEF PEDRO VENTURIM,ROSA DA PENHA,-20.34944,-40.38271,1406,213,0
2022,419,56251,34,1457,CMEI LARISSA PEREIRA BATISTA ( PRÉ-ESCOLAR CHAPEUZINHO VERMELHO),BELA AURORA,-20.35194,-40.36845,1382,158,1
2022,420,56251,34,1465,EEEF TIRADENTES,BELA AURORA,-20.35231,-40.36656,4621,158,0
2022,421,56251,34,1473,EMEF SÃO JORGE,RIO MARINHO,-20.3806,-40.36893,5915,186,0
2022,422,56251,34,1724,EMEF JONES DOS SANTOS NEVES,BOA SORTE,-20.3264,-40.38571,2181,180,1
2022,423,56251,34,1759,EEEF VENTINO DA COSTA BRANDÃO,ROSA DA PENHA,-20.35483,-40.38328,2283,224,0
2022,424,56251,34,1767,EMEF ALZIRA RAMOS,RIO MARINHO,-20.38069,-40.36968,5072,186,0
2022,425,56251,34,1775,EEEF CELESTINO DE ALMEIDA,BELA VISTA,-20.36955,-40.37163,2257,159,0
2022,426,56251,34,1899,EMEF MANUEL MELO SOBRINHO,VILA PALESTINA,-20.3264,-40.38571,2222,180,1
2022,427,56251,34,1902,CMEI PEDRO VIEIRA DA SILVA,SÃO GERALDO,-20.34341,-40.37872,1283,227,0
2022,428,56251,34,1910,EMEF TANCREDO DE ALMEIDA NEVES,SANTA BÁRBARA,-20.35443,-40.39478,3099,214,0
2022,429,56251,34,1945,EMEF AYRTON SENNA ( VISTA MAR),VISTA MAR,-20.35524,-40.36632,2698,249,0
2022,430,56251,34,1953,EMEF ROSA DA PENHA,ROSA DA PENHA,-20.34801,-40.38336,3271,213,0
2022,431,56251,34,1970,EMEF RENASCER,PADRE GABRIEL,-20.37359,-40.39017,3595,200,0
2022,432,56251,34,2011,EMEF VALDECI CEZARIO (VILA RICA),VILA RICA,-20.3567,-40.40342,1347,219,0
2022,433,56251,34,2020,EMEF ORLANDO MOREIRA DE LIMA ( ITAPEMIRIM),ITAPEMIRIM,-20.35545,-40.37949,2719,181,0
2022,434,56251,34,2038,EMEF JOANA MARIA DA SILVA,CASTELO BRANCO,-20.37203,-40.37918,4274,168,0
2022,435,56251,34,2046,EMEF MARIA AUGUSTA TAVARES ( JARDIM BOTÂNICO),JARDIM BOTÂNICO,-20.38898,-40.37227,2542,184,0
2022,436,56251,34,2089,EMEF-HEMOGÊNIA MARIA DA CONCEIÇÃO,PIRANEMA,-20.32859,-40.41747,2067,203,0
2022,437,56251,34,2097,EMEF-FERDINANDO SANTÓRIO,VILA CAPIXABA,-20.33886,-40.39795,1992,240,0
2022,438,56251,34,2100,EEEFM PROF. JOSÉ LEÃO NUNES,VALE ESPERANÇA,-20.34591,-40.36451,3047,234,0
2022,439,56251,34,2119,EEEFM-THEODOMIRO RIBEIRO COELHO,NOVO HORIZONTE,-20.33541,-40.42285,2899,197,0
2022,440,56251,34,2135,EEEF PAUTILA RODRIGUES XAVIER,JARDIM AMÉRICA,-20.33766,-40.35959,966,183,0
2022,441,56251,34,2143,EPSG PASSIONISTA,JARDIM AMÉRICA,-20.33465,-40.36353,4461,183,0
2022,442,56251,34,2151,EMEF CERQUEIRA LIMA,JARDIM AMÉRICA,-20.3378,-40.36587,2756,183,0
2022,443,56251,34,2160,EMEF ANTERO JOSÉ DO NASCIMENTO (REIS MAGOS),VALE DOS REIS,-20.32392,-40.42829,3426,235,0
2022,444,56251,34,2178,EMEF-EUVIRA BENEDITA CARDOSO DA SILVA,NOVO BRASIL,-20.31712,-40.43732,2477,196,0
2022,445,56251,34,2186,EMEF AMENÓPHIS DE ASSIS,VALE ESPERANÇA,-20.34449,-40.3688,1261,234,0
2022,446,56251,34,2194,EEEFM-ARY PARREIRAS,VILA CAPIXABA,-20.33725,-40.39554,4258,240,0
2022,447,56251,34,2208,EMEF-MARÍLIA DE REZENDE COUTINHO,SANTA CECÍLIA,-20.33286,-40.3945,2427,215,0
2022,448,56251,34,2216,CMEI JOSE LUIS ARAUJO,NOVO HORIZONTE,-20.33541,-40.42285,953,197,1
2022,449,56251,34,2224,EEEF JOSÉ VITOR FILHO (JARDIM FELIZ),VILA INDEPENDÊNCIA,-20.33289,-40.4079,1544,241,0
2022,450,56251,34,2232,EEEF JESUS CRISTO REI,SÃO FRANCISCO,-20.34911,-40.40636,5161,226,0
2022,451,56251,34,2240,CMEI MARIA APARECIDA LACERDA MOURA ( PRÉ-ESCOLAR VERA CRUZ),VERA CRUZ,-20.33649,-40.37626,1248,238,0
2022,452,56251,34,2259,EEEF ANTÔNIO ESTEVES,VERA CRUZ,-20.33848,-40.37307,1262,238,0
2022,453,56251,34,2267,FACULDADE PIO XII,CAMPO GRANDE,-20.33835,-40.38471,2525,164,0
2022,454,56251,34,2275,CMEI ABÍLIO LUIZ FAGUNDES,RIO MARINHO,-20.37772,-40.36388,248,212,0
2022,455,56251,34,2283,EEEFM DR. JOSÉ MOYSES,BELA VISTA,-20.36955,-40.37163,1221,159,1
2022,456,56251,34,2291,SESI,VILA CAPIXABA,-20.33764,-40.39181,813,240,0
2022,457,56251,34,2313,CMEI TARCILIO MONTANARI,BELA AURORA,-20.35157,-40.37035,563,158,0
2022,458,56251,34,2321,EEEFM NEA SALLES NUNES PEREIRA ( MARACANÃ ),MARACANÃ,-20.3588,-40.37394,430,187,0
2022,459,56251,34,2348,CMEI ALTIVA BELMON DE CAMPOS,JARDIM CAMPO GRANDE,-20.3264,-40.38571,534,180,1
2022,460,56251,34,2356,SESC - CENTRO DE ESPORTE E LAZER DE CARIACICA,SANTA BÁRBARA,-20.35518,-40.3887,524,202,0
2022,461,56251,34,2380,EMEF NOÊMIA COSTA DE LIMA,VISTA MAR,-20.36006,-40.3684,5495,249,0
2022,462,56251,54,1015,EEEFM PROFESSOR AUGUSTO LUCIANO,CARIACICA SEDE,-20.26678,-40.41852,3987,167,0
2022,463,56251,54,1031,EEEFM SÃO JOÃO BATISTA,CARIACICA SEDE,-20.27388,-40.41361,7093,230,0
2022,464,56251,54,1040,EMEF VIRGÍLIO FRANCISCO SCHWAB,PORTO DE CARIACICA,-20.27879,-40.40251,3432,207,0
2022,465,56251,54,1058,EMEF MARIA GUILHERMINA DE CASTRO,campoverdentigadivisão,-20.29415,-40.40663,4345,165,0
2022,466,56251,54,1074,CMEI CLETO PRUDÊNCIO RODRIGUES,CARIACICA SEDE,-20.26682,-40.41731,1347,167,0
2022,467,56251,54,1090,EEEFM CORONEL OLIMPIO CUNHA,SANTANA,-20.31139,-40.39139,5558,218,0
2022,468,56251,54,1112,CMEI DARCY RODRIGUES CARDOSO (DISNEILÂNDIA),SANTANA,-20.31139,-40.39139,1165,218,1
2022,469,56251,54,1120,CEEMTI PROFESSORA MARIA PENEDO - POLIVALENTE,ITACIBÁ,-20.32649,-40.37435,2984,179,0
2022,470,56251,54,1139,EMEF TERFINA ROCHA FERREIRA,ITACIBÁ,-20.32318,-40.37582,4675,179,0
2022,471,56251,54,1147,INSTITUTO FEDERAL DO ESPÍRITO SANTO - IFES,ITACIBÁ,-20.32412,-40.3722,3602,179,0
2022,472,56251,54,1171,CMEI CORINA SERRANO MOTA (BRANCA DE NEVE),NOVA BRASÍLIA,-20.32417,-40.38805,1820,190,0
2022,473,56251,54,1180,EEEF JOSÉ MARIA FERREIRA,NOVA BRASÍLIA,-20.32681,-40.39229,4056,190,0
2022,474,56251,54,1198,EEEFM NOSSA SENHORA APARECIDA,ORIENTE,-20.32853,-40.37959,2690,199,1
2022,475,56251,54,1201,EMEF ÁLVARO ARMELONI,ORIENTE,-20.32853,-40.37959,2287,199,0
2022,476,56251,54,1210,EMEF ÂNGELO ZANI,MUCURI,-20.3264,-40.38571,3248,180,1
2022,477,56251,54,1481,EEEFM ROSA MARIA REIS,PORTO DE CARIACICA,-20.27879,-40.40251,1537,207,1
2022,478,56251,54,1503,EEEFM PROFESSOR JOAQUIM BARBOSA QUITIBA,ITANGUÁ,-20.3264,-40.38571,4988,180,1
2022,479,56251,54,1511,EEEFM JOSÉ RODRIGUES COUTINHO,SANTO ANTÔNIO,-20.30111,-40.40528,1860,166,0
2022,480,56251,54,1597,EMEF LEONILDA DAS GRAÇAS LANGA,NOVA VALVERDE,-20.32015,-40.39126,1407,195,0
2022,481,56251,54,1635,EEPEF PROFESSORA ILDA MEIRELLES FREIRE,BOA VISTA,-20.32389,-40.47917,468,-1,0
2022,482,56251,54,1821,EMEF PADRE ANTHONIUS LUTE,NOVA ESPERANÇA,-20.26008,-40.39262,1078,193,0
2022,483,56251,54,1864,EMEF VALDICI ALVES BAIER,AREINHA,-20.3264,-40.38571,2583,180,1
2022,484,56251,54,1910,"IASES - COMPLEXO DE CARIACICA (UNIP1, UNIP2, UNIS E UFI)",CARIACICA SEDE,-20.27293,-40.41475,0,167,0
2022,485,56251,54,1937,EMEF PADRE GABRIEL ROGER MAIRE - CAIC,PORTO NOVO,-20.298,-40.37034,4794,205,0
2022,486,56251,54,1945,EEEFM SATURNINO RANGEL MAURO,NOVA ROSA DA PENHA I,-20.26222,-40.38176,3303,194,0
2022,487,56251,54,1953,CMEI APARECIDA DA CONCEIÇÃO CASAGRANDE CAMILIO,FLEXAL I,-20.28958,-40.37878,2363,174,0
2022,488,56251,54,1961,EEEFM ANA LOPES BALESTREIRO,FLEXAL I,-20.28911,-40.37802,4218,174,0
2022,489,56251,54,1970,CEEFTI PRESIDENTE CASTELO BRANCO,PORTO DE SANTANA,-20.30803,-40.36724,2389,206,0
2022,490,56251,54,1988,CAT-INDª ARNALDO MAGALHES FILHO - SESI,PORTO DE SANTANA,-20.30964,-40.36825,3543,206,1
2022,491,56251,54,2003,EMEF ARTHUR DA COSTA E SILVA,APARECIDA,-20.30589,-40.37485,3631,156,0
2022,492,56251,54,2011,EMEF ANTONIO COUTINHO DE OLIVEIRA,RETIRO SAUDOSO,-20.30115,-40.37601,713,210,0
2022,493,56251,54,2020,EEEFM MARIA DE LOURDES POYARES LABUTO,VILA TABAJARA,-20.30245,-40.39343,4022,231,0
2022,494,56251,54,2038,EMEF JOÃO PEDRO DA SILVA,PORTO DE SANTANA,-20.30824,-40.37005,2676,206,0
2022,495,56251,54,2054,EEEFM JOÃO CRISÓSTOMO BELESA,PORTO DE SANTANA,-20.31263,-40.36745,2242,206,0
2022,496,56251,54,2062,EEEF MANOEL PASCHOAL DE OLIVEIRA,NOVA CANAÃ,-20.28606,-40.37617,3551,192,0
2022,497,56251,54,2070,EEEFM ZAIRA MANHÃES DE ANDRADE,NOVA ROSA DA PENHA I,-20.2632,-40.38877,5125,194,0
2022,498,56251,54,2089,EMEF OLIVEIRA CASTRO,ITAQUARI,-20.32785,-40.36075,3249,182,0
2022,499,56251,54,2097,CMEI ANA LÚCIA FERREIRA DA SILVA,ITAQUARI,-20.32498,-40.36058,1183,182,0
2022,500,56251,54,2100,IASES - CSE (TUCUM),TUCUM,-20.3123,-40.37831,0,233,0
2022,501,56251,54,2119,EMEF HILDA SCARPINO (ANTIGO PRESIDENTE MÉDICI),PRESIDENTE MÉDICI,-20.3264,-40.38571,3481,180,1
2022,502,56251,54,2127,EMEF PROFESSORA TÂNIA PONCIO LEITE,VILA CAJUEIRO,-20.26059,-40.35607,386,239,0
2022,503,56251,54,2135,EMEF IRACY GOBBI,EXPEDITO,-20.32568,-40.36847,1638,173,0
2022,504,56251,54,2143,EMEF LAURINDA PEREIRA DO NASCIMENTO,VILA GRAÚNA,-20.30481,-40.38553,2891,178,0
2022,505,56251,54,2151,EEEFM TEOTÔNIO BRANDÃO VILELA,NOVA ROSA DA PENHA II,-20.25203,-40.38422,4122,194,0
2022,506,56251,54,2160,EEEFM PROFESSORA MARIA DE LOURDES SANTOS SILVA,ALTO LAGE,-20.32946,-40.3683,4664,152,0
2022,507,56251,54,2178,CEEFTI ITAGIBA ESCOBAR,SOTEMA,-20.32186,-40.36641,2490,153,0
2022,508,56251,54,2186,CPFC - CENTRO PRISIONAL FEMININO DE CARIACICA,BUBU,-20.2797,-40.41548,0,216,1
2022,509,56278,3,1015,EEEM EMÍLIO NEMER,CENTRO,-20.60312,-41.2051,1444,-1,0
2022,510,56278,3,1023,EEEFM JOÃO BLEY,CENTRO,-20.61022,-41.20268,3640,-1,0
2022,511,56278,3,1031,EEEF MADALENA PISA,VILA ISABEL,-20.60253,-41.20936,3771,-1,0
2022,512,56278,3,1040,EEEF NESTOR GOMES,CENTRO,-20.60417,-41.20343,1583,-1,0
2022,513,56278,3,1066,EMEIEF FELINTO MARTINS,ARACUÍ,-20.64183,-41.20887,2424,-1,0
2022,514,56278,3,1074,EMEIEF DELZA FRASSON,ESTRELA DO NORTE,-20.58386,-41.31395,1325,-1,0
2022,515,56278,3,1112,SALÃO PAROQUIAL DA IGREJA MATRIZ,NOSSA SENHORA APARECIDA,-20.60375,-41.20385,388,-1,0
2022,516,56278,3,1139,SALÃO DE RECEPÇÕES IGREJA BATISTA,INDEPENDÊNCIA,-20.5995,-41.20261,668,-1,0
2022,517,56278,3,1155,EEEF ESPLANADA,ESPLANADA,-20.61693,-41.20153,833,-1,0
2022,518,56278,3,1163,EMEIEF ADILSON FURLAN,PATRIMÔNIO DO OURO,-20.56854,-41.07632,1016,-1,0
2022,519,56278,3,1171,EEEF LIMOEIRO,LIMOEIRO,-20.48721,-41.16468,1240,-1,0
2022,520,56278,3,1180,EMEIEF JUAN ECHAVARRI ASIAIN,FAZENDA DO CENTRO,-20.53199,-41.1702,571,-1,0
2022,521,56278,3,1198,EMEIEF ANTÔNIO SASSO,SÃO MANOEL,-20.50952,-41.2293,388,-1,0
2022,522,56278,3,1201,CAPELA SÃO LUIZ GONZAGA,PONTÕES,-20.54309,-41.28244,458,-1,0
2022,523,56278,3,1210,IGREJA NOSSA SENHORA DO ROSÁRIO,CAXIXE,-20.47451,-41.1254,318,-1,0
2022,524,56278,3,1228,EMEIEF IRMÃOS MANGIFESTE,PEDRA LISA,-20.57121,-41.38453,149,-1,0
2022,525,56278,3,1236,EEEF MUNDO NOVO,MUNDO NOVO,-20.61201,-41.27346,508,-1,0
2022,526,56278,3,1244,EEEF MONTE PIO,MONTE PIO,-20.59803,-41.13391,636,-1,0
2022,527,56278,3,1252,CAPELA SANTA RITA DE CÁSSIA,CASTELO III,-20.63406,-41.20398,630,-1,0
2022,528,56278,3,1260,IGREJA SÃO FRANCISCO DE ASSIS,GARAGEM,-20.59551,-41.21476,476,-1,0
2022,529,56278,3,1279,CRAS - CENTRO DE REFERÊNCIA DA ASSISTÊNCIA SOCIAL,NITERÓI,-20.60785,-41.19913,822,-1,0
2022,530,56278,3,1287,EMEIEF CENTRO UNIFICADO CONSTANTINO JOSÉ VIEIRA,INDEPENDÊNCIA,-20.59672,-41.20467,2129,-1,0
2022,531,56278,3,1295,EMEIEF FORNO GRANDE,FORNO GRANDE,-20.48726,-41.07896,310,-1,0
2022,532,56278,3,1309,CRECHE NOSSA SENHORA DA PENHA,CENTRO,-20.60386,-41.20126,880,-1,0
2022,533,56278,3,1325,MULTIVIX,EXPOSIÇÃO,-20.60843,-41.21297,565,-1,0
2022,534,56278,3,1333,CEIM ERLITA BICALHO NEMER,ESPLANADA,-20.61788,-41.20023,1116,-1,0
2022,535,56278,3,1341,EMEIEF ANTONIO TEIXEIRA DE MELO,NITERÓI,-20.60284,-41.19989,370,-1,0
2022,536,56278,3,1350,COLÉGIO EXPOENTE,NOSSA SENHORA APARECIDA,-20.60375,-41.20385,746,-1,1
2022,537,56294,6,1104,EEEFM GERALDO VARGAS NOGUEIRA,LACE,-19.52723,-40.63269,4729,271,0
2022,538,56294,6,1120,EMEF DR. RAUL GIUBERTI,MARIA DAS GRAÇAS,-19.51181,-40.61898,3356,274,0
2022,539,56294,6,1139,EEEFM HONÓRIO FRAGA,SÃO SILVANO,-19.52269,-40.63624,3910,271,0
2022,540,56294,6,1147,EMEF DR. UBALDO RAMALHETE,SANTA MÔNICA,-19.52147,-40.63975,2290,304,0
2022,541,56294,6,1155,EEEFM CAROLINA PICHLER,SÃO SILVANO,-19.51961,-40.64734,3786,309,0
2022,542,56294,6,1163,EMEF EUGÊNIO MENEGHELLI,NOSSA SENHORA APARECIDA,-19.52689,-40.63867,3317,280,0
2022,543,56294,6,1171,EMEF FERRÚCIO FORRECHI,CARLOS GERMANO NAUMANN,-19.48657,-40.67313,1791,258,0
2022,544,56294,6,1180,EEEFM PROFESSORA NÉA MONTEIRO COSTA,HONÓRIO FRAGA,-19.52798,-40.66271,4175,268,0
2022,545,56294,6,1228,EMUCOR JOSÉ FAQUINOTTI,PATRIMÔNIO DE SÃO JOÃO GRANDE,-19.47227,-40.77384,331,-1,0
2022,546,56294,6,1376,EMCOR PADRE FULGÊNCIO DO MENINO JESUS,SEDE DO DISTRITO DE ÂNGELO FRECHIANI,-19.31027,-40.68666,990,-1,0
2022,547,56294,6,1406,EMCOR SÃO JOÃO PEQUENO,PATRIMÔNIO DE SÃO JOÃO PEQUENO,-19.34812,-40.75318,823,-1,0
2022,548,56294,6,1414,EMUCOR SÃO SALVADOR,PATRIMÔNIO DE SÃO SALVADOR,-19.41871,-40.71716,242,-1,0
2022,549,56294,6,1422,EMEIEF GRAÇA ARANHA,DISTRITO DE PAUL GRAÇA ARANHA,-19.31597,-40.59643,882,-1,0
2022,550,56294,6,1430,CENTRO UNIVERSITÁRIO CASTELO BRANCO,MARIA DAS GRAÇAS,-19.51806,-40.62209,1774,274,0
2022,551,56294,6,1449,EMEF PROF. JOÃO ELIAS PANCOTO,CARLOS GERMANO NAUMANN,-19.48811,-40.6724,2499,258,0
2022,552,56294,6,1465,EMUCOR FAZENDA RIVA,FAZENDA RIVA,-19.46749,-40.8142,149,-1,0
2022,553,56294,6,1473,EMUCOR FAZENDA MISTERIOSA,FAZENDA MISTERIOSA,-19.45096,-40.84096,205,-1,0
2022,554,56294,6,1562,EMPCOR CABECEIRA DE SÃO PEDRO,CÓRREGO SÃO PEDRO FRIO,-19.38751,-40.81795,264,-1,0
2022,555,56294,6,1589,EMUCOR AURÉLIO PRETTI,CÓRREGO JEQUITIBÁ,-19.31113,-40.77335,177,-1,0
2022,556,56294,6,1597,EMPCOR FAZENDA NOSSA SENHORA APARECIDA,CÓRREGO SANTANA,-19.39736,-40.75267,187,-1,0
2022,557,56294,6,1619,EMUCOR CASCATINHA,CASCATINHA,-19.37088,-40.69764,121,-1,0
2022,558,56294,6,1635,EMEF MARIA DA LUZ GOTTI,SÃO SILVANO,-19.51693,-40.65284,3249,298,0
2022,559,56294,6,1643,EMEFTI JOÃO MANOEL MENEGHELLI,AYRTON SENNA,-19.49118,-40.65488,3349,254,0
2022,560,56294,6,1651,EMEF BAIRRO COLUMBIA,COLUMBIA,-19.52565,-40.70833,3121,263,0
2022,561,56294,6,1660,EMEIEF AMÉLIO FORECHI,SANTO ANTÔNIO,-19.52023,-40.65473,1615,298,0
2022,562,56294,6,1686,EMEIEF SÃO MARCOS,NOVO HORIZONTE,-19.52364,-40.66843,1210,282,0
2022,563,56294,6,1694,EPM PONTE DO PANCAS,GORDIANO GUIMARÃES,-19.42397,-40.68763,489,-1,0
2022,564,56294,6,1716,EPM QUINZE DE OUTUBRO,15 DE OUTUBRO,-19.4596,-40.69517,514,-1,0
2022,565,56294,6,1740,EMEIEF MATILDE GUERRA COMÉRIO,SANTOS DUMONT,-19.52209,-40.64815,2955,299,0
2022,566,56294,6,1767,CDPCOL - CENTRO DE DETENÇÃO PROVISÓRIA DE COLATINA,CÓRREGO SANTA FÉ,-19.49605,-40.59771,0,279,1
2022,567,56294,6,1775,CPFCOL - CENTRO PRISIONAL FEMININO DE COLATINA,CÓRREGO SANTA FÉ,-19.49418,-40.59724,0,279,1
2022,568,56294,6,1783,IFES - INSTITUTO FEDERAL DO ESPÍRITO SANTO CAMPUS ITAPINA,DISTRITO DE ITAPINA,-19.49776,-40.7608,518,-1,0
2022,569,56294,6,1791,EMUCOR BARRA SECA,DISTRITO DE BOAPABA,-19.61415,-40.74832,201,-1,0
2022,570,56294,6,1805,EEEF DR. OCTÁVIO MANHÃES DE ANDRADE,SAGRADO CORAÇÃO DE JESUS,-19.5397,-40.63845,1890,291,0
2022,571,56294,6,1813,CEIM VISTA DA SERRA,VISTA DA SERRA,-19.549,-40.62071,858,311,0
2022,572,56294,6,1821,EEEFM RUBENS RANGEL,ESPLANADA,-19.53856,-40.63429,2608,264,0
2022,573,56294,6,1830,EMEIEF CLERES MARTINS MOREIRA,SÃO VICENTE,-19.53292,-40.62145,2416,305,0
2022,574,56294,6,1848,EMEFTI LIONS CLUB DE COLATINA,MOACIR BROTAS,-19.54337,-40.6285,3033,277,0
2022,575,56294,6,1856,CEIM LUIZA DE MARILAC,OPERÁRIOS,-19.53932,-40.6265,1328,284,0
2022,576,56294,6,1864,EPM ROTARY CLUB,LUIZ IGLESIAS,-19.54375,-40.66863,760,272,0
2022,577,56294,6,1872,EMCOR FAZENDA PINOTTI,SÃO JOÃO DA BARRA SECA,-19.58701,-40.73757,331,-1,0
2022,578,56294,6,1880,EMEIEFTI OSÉAS RANGEL DE AMORIM,COLATINA VELHA,-19.52024,-40.61397,2510,295,0
2022,579,56294,6,1899,EMEFTI ADWALTER RIBEIRO SOARES,SANTA TERESINHA,-19.55103,-40.62953,2839,297,0
2022,580,56294,6,1902,EMEIEF ERNESTO CORRADI,DISTRITO DE BOAPABA,-19.635,-40.61935,1305,-1,0
2022,581,56294,6,1910,EMUCOR NOSSA SENHORA DAS GRAÇAS,CÓRREGO SANTA JOANA,-19.58412,-40.7717,213,-1,0
2022,582,56294,6,1929,EMEF GODOFREDO CHAVES BAIÃO,BARBADOS,-19.52125,-40.57673,664,255,0
2022,583,56294,6,1937,EMEIEF MARIA ORTIZ,SEDE DO DISTRITO DE ITAPINA,-19.53347,-40.81354,841,-1,0
2022,584,56294,6,1945,EMEIEF LUIZ DALLA BERNARDINA,BELA VISTA,-19.536,-40.62351,2242,256,0
2022,585,56294,6,1953,EMEIEF PROFESSORA  LUIZA CREMA,SEDE DO DISTRITO DE BAUNILHA,-19.57118,-40.50598,1285,-1,0
2022,586,56294,6,1961,EMUCOR POVOAÇÃO DE BAUNILHA,POVOAÇÃO DE BAUNILHA,-19.62823,-40.55205,402,-1,0
2022,587,56294,6,1970,CEEFMTI CONDE DE LINHARES,CENTRO,-19.53359,-40.62724,3381,260,0
2022,588,56294,6,1988,EMEIEF DR. CARLOS GERMANO NAUMANN,MARIA ISMÊNIA,-19.54604,-40.63523,1583,307,0
2022,589,56294,6,1996,EEEF ARISTÍDES FREIRE,CENTRO,-19.53521,-40.63376,3276,260,0
2022,590,56294,6,2003,EMEF CORONEL VIRGÍNIO CALMON,VILA LENIRA,-19.54042,-40.63895,2265,275,0
2022,591,56294,6,2011,CENTRO COMUNITÁRIO KNAAK,CÓRREGO ESTRELA,-19.56057,-40.77989,274,-1,0
2022,592,56294,6,2020,EMEF HUMBERTO DE CAMPOS,OPERÁRIOS,-19.53894,-40.62729,1261,287,0
2022,593,56294,6,2038,EMEFTI BELMIRO TEIXEIRA PIMENTA,BELA VISTA,-19.54096,-40.62263,238,270,0
2022,594,56294,6,2046,CEIM NOSSA SENHORA DA PENHA,HONÓRIO FRAGA,-19.52894,-40.65998,1601,276,0
2022,595,56308,51,1015,EMEF BELIZÁRIO GUSMÃO,NOVA BRASÍLIA,-19.25469,-40.4565,1936,-1,0
2022,596,56308,51,1023,EEEFM PROF SANTOS PINTO,CENTRO,-19.25283,-40.46257,1965,-1,0
2022,597,56308,51,1031,EEEF DR MOACIR AVIDOS,CÓRREGO MOACIR,-19.23589,-40.51136,1645,-1,0
2022,598,56308,51,1040,EEEF IRINEU MORELLO,BARRA DE NOVO BRASIL,-19.14153,-40.46701,1015,-1,0
2022,599,56308,51,1058,EUMEF BAIXO MOACIR,BARRA DE NOVO BRASIL,-19.11105,-40.3956,309,-1,0
2022,600,56308,51,1066,EEEFM PROF CARLOS MENDES (REFORMA),DISTRITO DE NOVO BRASIL,-19.22488,-40.59336,967,-1,0
2022,601,56308,51,1090,CEIM NOVO BRASIL (TEMPORÁRIO),DISTRITO DE NOVO BRASIL,-19.22488,-40.59336,979,-1,1
2022,602,56316,27,1023,EEEFM PROF. JOAQUIM FONSECA,CENTRO,-18.45071,-39.86765,2202,-1,1
2022,603,56316,27,1058,EMEF DR. MÁRIO VELLO SILVARES,CENTRO,-18.45071,-39.86765,3330,-1,1
2022,604,56316,27,1066,E.M.E.I.E.F. ÂNGELO LUIZ SAGRILLO SMIDERLE,CENTRO,-18.45071,-39.86765,1547,-1,1
2022,605,56316,27,1074,EMEF GENTIL LOPES DA CUNHA,SAYONARA,-18.45071,-39.86765,1131,-1,1
2022,606,56316,27,1082,EMEF BENÔNIO FALCÃO DE GOUVÊA,ITAÚNAS,-18.45071,-39.86765,1405,-1,1
2022,607,56316,27,1104,EMEF JORGE DUFFLES ANDRADE DONATI,BRAÇO DO RIO,-18.45071,-39.86765,2765,-1,1
2022,608,56316,27,1112,EPG JOSÉ CARLOS CASTRO,BRAÇO DO RIO,-18.45071,-39.86765,2570,-1,1
2022,609,56316,27,1120,CENTRO INTEGRADO DE EDUCAÇÃO COMPLEMENTAR (CIEC) - COZINHA INDUSTRIAL,BRAÇO DO RIO,-18.45071,-39.86765,1585,-1,1
2022,610,56316,27,1139,EMEF MARIA CARELLI LOMONTE,COBRAICE,-18.45071,-39.86765,1554,-1,1
2022,611,56316,27,1260,EMEF PROFA. DEOLINDA LAGE,SANTANA,-18.45071,-39.86765,2272,-1,1
2022,612,56316,27,1287,EMEF MOACYR MARTINS PESTANA (MELEIRA),MELEIRA,-18.45071,-39.86765,473,-1,1
2022,613,56316,27,1295,EMEF ASTROGILDO CARNERO SETUBAL,SANTO AMARO,-18.45071,-39.86765,1650,-1,1
2022,614,56316,27,1309,U.A.B. - UNIVERSIDADE ABERTA DO BRASIL (CIEC),CENTRO,-18.45071,-39.86765,986,-1,1
2022,615,56316,27,1317,EEEF VALDÍCIO BARBOSA DOS SANTOS,ASSENTAMENTO VALDÍCIO BARBOSA,-18.45071,-39.86765,103,-1,1
2022,616,56316,27,1325,EEEF CÓRREGO DO CEDRO,ASSENTAMENTO PAULO VINHAS,-18.45071,-39.86765,158,-1,1
2022,617,56332,40,1015,UMEF ELISA PAIVA,CENTRO,-20.35708,-41.24428,3075,-1,0
2022,618,56332,40,1023,UMEI BRAZ LACERDA AMIGO,CENTRO,-20.36249,-41.24654,1316,-1,0
2022,619,56332,40,1082,UMEF SANTA LUZIA,SANTA LUZIA,-20.39602,-41.20106,695,-1,0
2022,620,56332,40,1090,UMEF SANTO ANTÔNIO,SANTO ANTÔNIO,-20.46542,-41.27801,533,-1,0
2022,621,56332,40,1112,UMEF ALTO MONFORTE,MONFORTE FRIO,-20.36347,-41.33573,373,-1,0
2022,622,56332,40,1120,UMEF MATA FRIA,MATA FRIA,-20.28489,-41.18048,551,-1,0
2022,623,56332,40,1147,SÃO JOSÉ DA BELA VISTA,SÃO JOSÉ DA BELA VISTA,-20.46344,-41.24653,378,-1,0
2022,624,56332,40,1155,EEEFM PROF. ALDY SOARES MERÇON VARGAS,CENTRO,-20.35607,-41.24218,2909,-1,0
2022,625,56332,40,1163,UMEF JOSÉ FERIANI,ANGÁ,-20.42876,-41.26537,223,-1,0
2022,626,56332,40,1171,UMEF ANTONIO PADOANI,INDAIÁ,-20.31832,-41.2237,265,-1,0
2022,627,56359,13,1015,EEEFM JUVENAL NOLASCO,CENTRO,-20.62147,-41.68583,2180,-1,0
2022,628,56359,13,1058,EM ALAN KARDEC BITENCOURT DIAS,PATRIMÔNIO DA PENHA,-20.58458,-41.76028,884,-1,0
2022,629,56359,13,1074,EMEIEF ANTONIO GOMES SIQUEIRA,CENTRO,-20.61967,-41.68365,1248,-1,0
2022,630,56375,15,1015,EPSG DE PEDREIRAS,PEDRA AZUL (ARACÊ),-20.31835,-40.8419,2471,-1,1
2022,631,56375,15,1023,EMEF JOSÉ ULIANA,BARCELOS (ARACÊ),-20.31835,-40.8419,732,-1,1
2022,632,56375,15,1058,EMEF SANTA ISABEL,SANTA ISABEL,-20.31835,-40.8419,1603,-1,1
2022,633,56375,15,1074,EMEF BIRIRICAS DE CIMA,BIRIRICAS,-20.31835,-40.8419,798,-1,1
2022,634,56375,15,1104,EME GUSTAVO GUILHERME JOÃO PLASTER,MELGAÇO DE CIMA,-20.31835,-40.8419,1059,-1,1
2022,635,56375,15,1112,EMEF MARIANO FERREIRA DE NAZARETH (ANTIGO CNEC),CENTRO SUL,-20.31835,-40.8419,4202,-1,1
2022,636,56375,15,1120,EEEFM TEÓFILO PAULINO (POLIVALENTE),CENTRO OESTE,-20.31835,-40.8419,1581,-1,1
2022,637,56375,15,1139,CEMEI GERMANO GERHARDT,CENTRO NORTE,-20.31835,-40.8419,1233,-1,1
2022,638,56375,15,1171,EMEF ANTONIO FRANCISCO ERLACHER,PEROBAS (PARAJU),-20.31835,-40.8419,1072,-1,1
2022,639,56375,15,1180,EPSG GISELA SALOKER FAYET,PARAJU,-20.31835,-40.8419,1547,-1,1
2022,640,56375,15,1198,EPSG PONTO ALTO,PONTO ALTO,-20.31835,-40.8419,1582,-1,1
2022,641,56375,15,1201,EMPEF NOVA ALMEIDA,NOVA ALMEIDA (PARAJU),-20.31835,-40.8419,337,-1,1
2022,642,56375,15,1210,EMEF RIO PONTE,RIO PONTE (MELGAÇO),-20.31835,-40.8419,794,-1,1
2022,643,56375,15,1228,EMEF TIJUCO PRETO,TIJUCO PRETO (PONTO ALTO),-20.31835,-40.8419,1131,-1,1
2022,644,56375,15,1295,EMEF AUGUSTO PETTER BERTOLD PAGUNG,MELGAÇO DE BAIXO,-20.31835,-40.8419,1185,-1,1
2022,645,56375,15,1309,EMEF CRISTO REI,CRISTO REI (ARACÊ),-20.31835,-40.8419,527,-1,1
2022,646,56375,15,1317,EMPEF SÃO RAFAEL,SÃO RAFAEL (ARACÊ),-20.31835,-40.8419,461,-1,1
2022,647,56375,15,1325,EMEF ALTO PARAJU (ANTIGO CÓRREGO SÃO BENTO),ALTO PARAJU (PARAJU),-20.31835,-40.8419,634,-1,1
2022,648,56375,15,1333,SALÃO PAROQUIAL DA IGREJA DE SÃO MIGUEL,SÃO MIGUEL (SEDE),-20.31835,-40.8419,637,-1,1
2022,649,56375,15,1368,EMEF CÓRREGO SÃO PAULO,SÃO PAULO DE ARACÊ (ARACÊ),-20.31835,-40.8419,604,-1,1
2022,650,56375,15,1430,EMUEF FAZ. ALBERTO BRINGE,BARRA DO TIJUCO PRETO (PONTO ALTO),-20.31835,-40.8419,226,-1,1
2022,651,56375,15,1449,EMEF SOÍDO,SOÍDO (SEDE),-20.31835,-40.8419,566,-1,1
2022,652,56375,15,1457,CENTRO CÍVICO RECREATIVO DOMINGOS MARTINS,CENTRO NORTE,-20.31835,-40.8419,492,-1,1
2022,653,56375,15,1465,EMEF FAZ. OSVALDO RETZ,ALTO TIJUCO PRETO (PONTO ALTO),-20.31835,-40.8419,499,-1,1
2022,654,56375,15,1473,EMPEF FAZ. GERMANO SCHWANZ,ALTO RIO PONTE (MELGAÇO),-20.31835,-40.8419,357,-1,1
2022,655,56375,15,1481,EMPEF FLORIANO AUGUSTO DITTRICH,GALO (SEDE),-20.31835,-40.8419,345,-1,1
2022,656,56375,15,1503,EMUEF VÔ REZENDE,SANTA TEREZINHA (ARACÊ),-20.31835,-40.8419,193,-1,1
2022,657,56375,15,1511,EMUEF GOIABEIRAS,GOIABEIRAS (PONTO ALTO),-20.31835,-40.8419,270,-1,1
2022,658,56375,15,1520,EMEF ARACÊ - COMUNIDADE ARACÊ,ARACÊ,-20.31835,-40.8419,1255,-1,1
2022,659,56375,15,1538,CMEI VILA VERDE,VILA VERDE (SEDE),-20.31835,-40.8419,189,-1,1
2022,660,56391,44,1015,EEEFM PEDRO DE ALCÂNTARA GALVÊAS,CENTRO,-20.62696,-41.79478,2679,-1,1
2022,661,56391,44,1023,EMEF MUNDO NOVO,MUNDO NOVO,-20.62696,-41.79478,967,-1,1
2022,662,56391,44,1031,EEEFM SÃO JOSÉ,PEDRA MENINA,-20.62696,-41.79478,1472,-1,1
2022,663,56391,44,1066,CMEIEF CRISTINA PEIXOTO DO CARMO,CENTRO,-20.62696,-41.79478,1038,-1,1
2022,664,56413,33,1040,EEEFM ECOPORANGA,CENTRO,-18.37229,-40.8345,5420,313,0
2022,665,56413,33,1074,CEEFMTI DANIEL COMBONI,NOSSA SENHORA APARECIDA,-18.36897,-40.83007,2613,316,0
2022,666,56413,33,1082,EEEF JOSÉ TEIXEIRA FIALHO (IMBURANA),IMBURANA,-18.28309,-40.70646,1019,-1,0
2022,667,56413,33,1090,EMUEF SÃO GERALDO,SÃO GERALDO,-18.2339,-40.78808,269,-1,0
2022,668,56413,33,1104,EEEF COTAXÉ,COTAXÉ,-18.18258,-40.71717,598,-1,0
2022,669,56413,33,1112,EMUEF MURITIBA,MURITIBA,-18.08819,-40.77526,615,-1,0
2022,670,56413,33,1139,EMEIEF SANTA LUZIA DO NORTE,SANTA LUZIA DO NORTE,-18.20335,-40.60541,407,-1,0
2022,671,56413,33,1147,EEEF JOASSUBA,JOASSUBA,-18.40658,-40.68518,998,-1,0
2022,672,56413,33,1155,UNIDADE PSF -  ITAPEBA,ITAPEBA,-18.32249,-40.63735,204,-1,0
2022,673,56413,33,1163,IGREJA CATÓLICA DO ASSENTAMENTO BOA VISTA,PATRIMÔNIO DO VERMELHO,-18.45978,-40.60943,309,-1,0
2022,674,56413,33,1171,EEEF PATRIMÔNIO PRATA DOS BAIANOS,VILA PRATA DOS BAIANOS,-18.33971,-41.00546,656,-1,0
2022,675,56413,33,1198,CASA PAROQUIAL FAZENDA OLIVEIRA,VILA PRATA DOS BAIANOS,-18.34884,-41.09035,135,-1,0
2022,676,56413,33,1201,EMPEF CÓRREGO DO DOIS,PATRIMÔNIO DO DOIS DE SETEMBRO,-18.40517,-40.88892,327,-1,0
2022,677,56413,33,1228,EMUEF PATRIMÔNIO SANTA RITA,POVOADO DE SANTA RITA,-18.30935,-40.9191,260,-1,0
2022,678,56413,33,1236,EMUEF RIBEIRÃOZINHO,RIBEIRÃOZINHO,-18.21587,-40.85756,487,-1,0
2022,679,56413,33,1244,EEEF SANTA TEREZINHA,SANTA TEREZINHA,-18.49279,-40.81165,761,-1,0
2022,680,56413,33,1287,EMUEF CÓRREGO DA JACUTINGA (DOURADA),CÓRREGO DA DOURADA,-18.48486,-40.73042,83,-1,0
2022,681,56413,33,1368,EMEIF JOSÉ FRANCISCO DE OLIVEIRA (VILA NOVA),VILA NOVA,-18.38572,-40.82827,1392,320,0
2022,682,56413,33,1414,EMUEF CÓRREGO DOS BARBOSAS,VILA PRATA DOS BAIANOS,-18.27594,-41.11831,136,-1,0
2022,683,56413,33,1449,EMEF FAMÍLIA RURAL DE ECOPORANGA (PARAÍSO),SEDE,-18.43544,-40.82931,210,-1,0
2022,684,56413,33,1457,EMEIEF PALMEIRAS (ASSENT. MIRAGEM),CÓRREGO DA PALMEIRA,-18.43171,-40.7813,643,-1,0
2022,685,56413,33,1465,CEMEI JARDIM ENCANTADO,CENTRO,-18.37266,-40.82926,1610,313,0
2022,686,56413,33,1473,SEDE DO ASSENTAMENTO FRANQUEZA-REALEZA,ASSENTAMENTO FRANQUEZA-REALEZA,-17.97717,-40.79702,142,-1,0
2022,687,56430,14,1023,EMEF PROFESSOR ERNESTO NASCIMENTO,CENTRO,-19.95321,-40.37793,1919,-1,1
2022,688,56430,14,1058,EEEFM PROF.ª MARIA DA PAZ PIMENTEL,TIMBUÍ,-19.95321,-40.37793,1012,-1,1
2022,689,56430,14,1066,CMEI ARLINDA MÉDICI PEDRINI,TIMBUÍ,-19.95321,-40.37793,864,-1,1
2022,690,56430,14,1074,EMEF PRAIA GRANDE,PRAIA GRANDE,-19.95321,-40.37793,1813,-1,1
2022,691,56430,14,1082,EMCEF PRAIA GRANDE,PRAIA GRANDE,-19.95321,-40.37793,1856,-1,1
2022,692,56430,14,1090,EMEF PROFESSORA DULCE LOUREIRO CUZZUOL,CENTRO,-19.95321,-40.37793,1281,-1,1
2022,693,56430,14,1104,EMEF ELOY MIRANDA (POLIVALENTE),OZÉIAS NETO,-19.95321,-40.37793,1276,-1,1
2022,694,56430,14,1112,EMEF ENÉAS FERREIRA,TIMBUÍ,-19.95321,-40.37793,1226,-1,1
2022,695,56430,14,1120,CEEFMTI NAIR MIRANDA,CENTRO,-19.95321,-40.37793,2970,-1,1
2022,696,56456,13,1015,EEEF ANTÔNIO CARNEIRO RIBEIRO (ESTADUAL),QUINCAS MACHADO,-20.77084,-41.67867,4092,-1,0
2022,697,56456,13,1040,EEEF ANÍSIO TEIXEIRA,CENTRO,-20.77248,-41.67476,1578,-1,0
2022,698,56456,13,1058,EEEF DEOCLECIANO DE OLIVEIRA,CENTRO,-20.77324,-41.6754,4539,-1,0
2022,699,56456,13,1066,CEMEI ZÉLIA VIANA DE AGUIAR,CENTRO,-20.77489,-41.67802,4140,-1,0
2022,700,56456,13,1082,CAIC - CENTRO DE ASSISTÊNCIA E INTEGRAÇÃO À CRIANÇA,SÃO MIGUEL,-20.76003,-41.66913,3069,-1,0
2022,701,56456,13,1090,EMEF JOSÉ ANTÔNIO DE CARVALHO,SÃO TIAGO,-20.72358,-41.68236,634,-1,0
2022,702,56456,13,1104,EMEF  ELVIRA BRUZZI,SÃO PEDRO DE RATES,-20.78024,-41.8011,1075,-1,0
2022,703,56456,13,1120,EMEFE SÃO GERALDO,CENTRO,-20.77157,-41.66963,807,-1,0
2022,704,56456,13,1139,EMEF PROFESSORA GUIOMAR SOARES DE AZEVEDO,ASSENTAMENTO LUIZ TALIULY NETO,-20.74492,-41.75085,141,-1,0
2022,705,56456,13,1147,CMEI CRECHE REGINA CELIA CAMPOS BARROSO RIBEIRO,CENTRO,-20.77007,-41.67365,503,-1,0
2022,706,56456,13,1155,CEMEI MARIA MARGARIDA RODOLFO SILVA,QUINCAS MACHADO,-20.76982,-41.6764,1258,-1,0
2022,707,56472,24,1015,ESCOLA DE GUARAPARI (ESCOLA NORMAL),CENTRO,-20.67106,-40.49769,2734,325,0
2022,708,56472,24,1023,SIRIBEIRA CLUB,CENTRO,-20.67253,-40.49998,1175,325,1
2022,709,56472,24,1040,ESCOLA CONSTANTINO JOSÉ VIEIRA,ADALBERTO SIMÃO NADER,-20.64832,-40.50027,2981,321,0
2022,710,56472,24,1074,ESCOLA NOSSA SENHORA DA PENHA,CABEÇA QUEBRADA,-20.54757,-40.6366,165,-1,0
2022,711,56472,24,1082,ESCOLA BENEDITA MARTINS DE SOUZA,IPIRANGA,-20.67912,-40.50911,4310,341,0
2022,712,56472,24,1090,PRIMEIRA IGREJA BATISTA DE GUARAPARI,CENTRO,-20.674,-40.50228,739,367,0
2022,713,56472,24,1104,ESCOLA ZENÓBIA LEÃO,OLARIA,-20.67384,-40.50537,3188,325,0
2022,714,56472,24,1112,ESCOLA  JOVENTINA SIMÕES,OLARIA,-20.67236,-40.51115,842,353,0
2022,715,56472,24,1120,ESCOLA ANGÉLICA PAIXÃO,MUQUIÇABA,-20.66182,-40.50454,2751,342,0
2022,716,56472,24,1139,ESCOLA IGNEZ MASSAD COLA,ITAPEBUSSU,-20.65813,-40.50573,4208,364,0
2022,717,56472,24,1147,ESCOLA  ZULEIMA FORTES FARIA,ITAPEBUSSU,-20.66392,-40.50769,3413,342,0
2022,718,56472,24,1155,EEEM DOUTOR SILVA MELLO (ANTIGO ESCOLA JESUS MENINO),ITAPEBUSSU,-20.66112,-40.50433,2188,342,0
2022,719,56472,24,1163,ESCOLA PRESIDENTE COSTA E SILVA,PRAIA DO MORRO,-20.6493,-40.48785,4036,358,0
2022,720,56472,24,1171,ESCOLA LYRA RIBEIRO DOS SANTOS,KUBITSCHEK,-20.68315,-40.5149,2823,346,0
2022,721,56472,24,1180,JARDIM DE INFÂNCIA ACLE ZOUAIN,KUBITSCHEK,-20.6821,-40.51323,1686,346,0
2022,722,56472,24,1198,ESCOLA MARIA RAMALHETE CORREA,COROADO,-20.67375,-40.5196,3013,337,0
2022,723,56472,24,1201,ESCOLA LEANDRO ESCOBAR,PEROCÃO,-20.63363,-40.48381,1969,333,0
2022,724,56472,24,1210,ESCOLA FRANCISCO ARAUJO,PEROCÃO,-20.61854,-40.46751,1905,333,0
2022,725,56472,24,1244,ESCOLA CELITA BASTOS GARCIA,UNA,-20.62981,-40.44236,1887,368,0
2022,726,56472,24,1252,ESCOLA PEDRO ANTONIO DA VITÓRIA,CAMPO GRANDE,-20.56478,-40.44763,89,328,0
2022,727,56472,24,1260,ESCOLA  MANOEL ROZINDO DA SILVA,MEAÍPE,-20.73809,-40.53896,1697,349,0
2022,728,56472,24,1279,ESCOLA LUCIO ROCHA DE ALMEIDA,NOVA GUARAPARI,-20.72483,-40.52596,914,339,0
2022,729,56472,24,1287,ESCOLA LOURENÇO BRAMBATI,BUENOS AIRES,-20.58196,-40.53975,354,-1,0
2022,730,56472,24,1295,ESCOLA MARIA VELOSO CALMON,CAMURUGI,-20.66001,-40.52214,1774,324,0
2022,731,56472,24,1309,ESCOLA  MARIA LINO RAMOS,RIO GRANDE,-20.6563,-40.61615,453,332,1
2022,732,56472,24,1317,ESCOLA DALZIRA MERIGUETTE MERIZIO,RIO GRANDE,-20.65237,-40.63129,299,334,0
2022,733,56472,24,1333,CENTRO DOS LAVRADORES DE BAÍA NOVA,BAHIA NOVA,-20.50012,-40.58549,312,-1,0
2022,734,56472,24,1341,IGREJA CATOLICA DE RIO CALÇADO,RIO CALÇADO,-20.54051,-40.5599,323,-1,0
2022,735,56472,24,1368,ESCOLA ARLINDO GOBBI,TODOS OS SANTOS,-20.52214,-40.67098,743,-1,0
2022,736,56472,24,1376,ESCOLA JOÃO LIMA DA CONCEIÇÃO,SAMAMBAIA,-20.59471,-40.49994,495,333,0
2022,737,56472,24,1384,CENTRO COMUNITÁRIO DE SÃO MIGUEL,SÃO MIGUEL,-20.59002,-40.64411,227,-1,0
2022,738,56472,24,1406,ESCOLA  RIO CLARO,RIO CLARO,-20.52349,-40.53356,719,-1,0
2022,739,56472,24,1422,ESCOLA CLERIA BELO LYRA,BARRO BRANCO,-20.54411,-40.48417,480,329,1
2022,740,56472,24,1430,ESCOLA AMARELOS,AMARELOS,-20.52146,-40.47884,865,331,1
2022,741,56472,24,1465,ESCOLA IGUAPE,IGUAPE,-20.56865,-40.49741,383,327,1
2022,742,56472,24,1481,ESCOLA CÂNDIDA SOARES MACHADO,NOSSA SENHORA DA CONCEIÇÃO,-20.64498,-40.51113,1192,351,0
2022,743,56472,24,1490,ESCOLA DARCY RIBEIRO,SÃO JOSÉ,-20.64601,-40.51675,3086,366,0
2022,744,56472,24,1503,ESCOLA JORGE BOUERI SOBRINHO,BELA VISTA,-20.64216,-40.51317,3573,323,0
2022,745,56472,24,1511,ESCOLA SINGULAR DE SÃO JOÃO DO JABOTI,SÃO JOÃO DO JABOTI,-20.63086,-40.60121,255,-1,0
2022,746,56472,24,1538,ESCOLA BOA ESPERANÇA,BOA ESPERANCA,-20.59172,-40.56867,180,-1,0
2022,747,56472,24,1546,ESCOLA RUI BARBOSA,OLARIA,-20.67271,-40.50526,768,325,0
2022,748,56472,24,1562,ESCOLA EMÍLIA ANA DE LYRIO,PORTO GRANDE,-20.74828,-40.56219,227,336,0
2022,749,56472,24,1570,ESCOLA PEDRO ANTÔNIO WANDEKOKEN,ARRAIAL DO JABOTI,-20.62869,-40.58295,269,-1,0
2022,750,56472,24,1589,ESCOLA MUNICIPAL FRANCISCO HONORATO,TAQUARA DO REINO,-20.69518,-40.57516,263,334,0
2022,751,56472,24,1600,UNIDADE DE SAUDE RECANTO DA SEREIA,PRAIA DO SOL,-20.53716,-40.38318,540,360,0
2022,752,56472,24,1627,ESCOLA ADALGIZA FERNANDES MARVILA,CONDADOS,-20.72993,-40.55492,797,349,0
2022,753,56472,24,1643,ESCOLA JOÃO BATISTA CELESTINO,VILAGE DO SOL,-20.55311,-40.41477,1372,370,0
2022,754,56472,24,1660,ESCOLA ANA COUTINHO DE ALMEIDA,ANDANO,-20.58833,-40.47539,278,327,0
2022,755,56472,24,1678,ESCOLA FLORISBELA LINO BANDEIRA,AEROPORTO,-20.63994,-40.48265,2941,345,0
2022,756,56472,24,1686,ESCOLA LUCIA SASSO BANDEIRA,LAGOA FUNDA,-20.65709,-40.50553,952,364,0
2022,757,56472,24,1708,ESCOLA ELIZIÁRIO LOURENÇO DIAS - CAIC,INDEPENDÊNCIA,-20.67301,-40.51623,1137,337,0
2022,758,56472,24,1716,ESCOLA ORMI LOUREIRO ALMEIDA,LAMEIRÃO,-20.68994,-40.52902,340,348,0
2022,759,56472,24,1724,ESCOLA MARINALVA ARAGÃO AMORIM,SANTA MÔNICA,-20.61742,-40.45942,3238,362,0
2022,760,56472,24,1732,CENTRO COMUNITÁRIO SANTA LUZIA,ALTO BAHIA NOVA,-20.49683,-40.62913,115,-1,0
2022,761,56472,24,1740,IGREJA CATÓLICA SÃO SEBASTIÃO,PALMEIRAS,-20.51203,-40.44879,151,331,0
2022,762,56472,24,1759,COLÉGIO MAXIME,MUQUIÇABA,-20.65365,-40.49565,3733,350,0
2022,763,56472,24,1791,IGREJA BATISTA DE SETIBA,SETIBA,-20.62882,-40.44004,393,363,0
2022,764,56472,24,1805,ESCOLA ZILNETE PEREIRA GUIMARÃES,PRAIA DO MORRO,-20.64415,-40.48435,5522,358,0
2022,765,56472,24,1813,ESCOLA EUGENIA DEOCLÉCIO BORGES,UNA,-20.63002,-40.44191,746,368,0
2022,766,56472,24,1821,ESCOLA ROSA SIMÕES DE ALMEIDA,JABARAI,-20.62525,-40.48688,4501,343,0
2022,767,56472,24,1830,CEMEI MARIA JOSÉ LOUREIRO VICENTE,MEAÍPE,-20.73327,-40.54576,716,349,0
2022,768,56472,24,1848,ESCOLA  ANA ROCHA LYRA,MUQUIÇABA,-20.6602,-40.49897,2154,350,0
2022,769,56472,24,1872,ESCOLA OTACILIA BORGES FIGUEIREDO,KUBITSCHEK,-20.6786,-40.51912,315,335,0
2022,770,56472,24,1880,CDPG - CENTRO DE DETENÇÃO PROVISÓRIA DE GUARAPARI,MAXINDA,-20.63973,-40.53102,0,371,0
2022,771,56472,24,1899,ESCOLA MARIA MARTA DALLA HUARCAYA,SÃO GABRIEL,-20.6388,-40.52203,767,365,0
2022,772,56499,14,1015,EEEFM NOSSA SENHORA DA SAÚDE,CENTRO,-19.82918,-40.42975,2097,-1,1
2022,773,56499,14,1023,EEEFM NARCEU PAIVA FILHO,CENTRO,-19.82918,-40.42975,1938,-1,1
2022,774,56499,14,1040,EMEI DANIEL COMBONI,CENTRO,-19.82918,-40.42975,877,-1,1
2022,775,56499,14,1104,QUADRA DE ESPORTES FIORAVANTE MILLANE,ALTO BÉRGAMO,-19.82918,-40.42975,69,-1,1
2022,776,56499,14,1147,EMPEIF PENDANGA,PENDANGA,-19.82918,-40.42975,452,-1,1
2022,777,56499,14,1163,EMEF PROFESSORA ERICINA MACEDO PAGIOLA,BELA VISTA,-19.82918,-40.42975,1040,-1,1
2022,778,56499,14,1171,CEI CHAPEUZINHO VERMELHO,COHAB,-19.82918,-40.42975,830,-1,1
2022,779,56499,14,1198,UNIDADE BÁSICA DE SAÚDE DE CABOCLO BERNARDO,CABOCLO BERNARDO,-19.82918,-40.42975,197,-1,1
2022,780,56499,14,1201,EMEIEF VEREADOR LEANDRO ZINGER,RIO LAMPÊ,-19.82918,-40.42975,245,-1,1
2022,781,56499,14,1210,COMUNIDADE SÃO JOSÉ (PEDRO PALÁCIOS),PEDRO PALÁCIOS,-19.82918,-40.42975,254,-1,1
2022,782,56499,14,1228,ASSOCIAÇÃO DOS AGRICULTORES DE SANTO ANTÔNIO,SANTO ANTÔNIO,-19.82918,-40.42975,101,-1,1
2022,783,56499,14,1244,EMPEF PADRE CARLOS FURBETTA,GUATEMALA,-19.82918,-40.42975,269,-1,1
2022,784,56499,14,1252,CEI CACHINHO DE OURO,ELIAS BRAGATTO,-19.82918,-40.42975,589,-1,1
2022,785,56499,14,1260,EMEIEF PROF.ª ELZITA BARBARIOLI,SÃO CRISTOVÃO,-19.82918,-40.42975,758,-1,1
2022,786,56502,18,1015,EMEIF ELIZA PACHECO ALVES,CENTRO,-20.53891,-41.6653,1879,-1,0
2022,787,56502,18,1023,CEMEI ZULMIRA LOUZADA,SÃO FRANCISCO,-20.52129,-41.61137,502,-1,0
2022,788,56502,18,1031,EEEFM OLAVO RODRIGUES,DISTRITO DE SANTA MARTA,-20.51327,-41.71539,1479,-1,0
2022,789,56502,18,1040,EMEIEF PROFESSORA CLARICE CAMPOS LEMOS,SÃO JOSÉ DO CAPARAÓ,-20.4321,-41.6772,719,-1,0
2022,790,56502,18,1058,EMUEF ELIAS MIGUEL DE PAULA,PRATINHA,-20.6533,-41.6419,111,-1,0
2022,791,56502,18,1066,EMPEF ARTULINO XAVIER DA COSTA,PEDRA ROXA,-20.42401,-41.70496,379,-1,0
2022,792,56502,18,1082,EEEFM ANTÔNIO LEMOS JÚNIOR,CENTRO,-20.53876,-41.66104,1896,-1,0
2022,793,56510,35,1015,EMEF PADRE ASSIS,CENTRO,-20.79152,-40.81002,2023,-1,0
2022,794,56510,35,1040,PEM ASTÉRIA SIQUEIRA MIRANDA,JARDIM JANDIRA,-20.7877,-40.81262,1316,-1,0
2022,795,56510,35,1058,EEEM CORONEL ANTÔNIO DUARTE,CENTRO,-20.78928,-40.8155,2091,-1,0
2022,796,56510,35,1066,EMUEF MARCELINO BIANCARDI,ILHA DO COCO,-20.78784,-40.79836,1117,-1,0
2022,797,56510,35,1074,QUADRA MORRO DA PALHA,MORRO DA PALHA,-20.80279,-40.84841,408,-1,0
2022,798,56510,35,1104,QUADRA DE MONTE BELO,MONTE BELO,-20.74959,-40.85009,797,-1,0
2022,799,56510,35,1120,EMEF PEDRA D'ÁGUA,BOM DESTINO,-20.76443,-40.83293,1019,-1,0
2022,800,56510,35,1139,EMEF DUAS BARRAS,DUAS BARRAS,-20.72919,-40.88199,600,-1,0
2022,801,56510,35,1147,ESCOLA DE PALMITAL,PALMITAL,-20.78656,-40.87265,377,-1,0
2022,802,56510,35,1163,EMUEF PEDRA LISA BAIXA,PEDRA LISA BAIXA,-20.73519,-40.82825,301,-1,0
2022,803,56510,35,1171,ASSOCIAÇÃO DOS MORADORES DE INHAÚMA,INHAÚMA,-20.75658,-40.90572,347,-1,0
2022,804,56510,35,1260,PEM FRANZ GAISMAIA,ILHA DE BOM DESTINO,-20.76456,-40.83498,646,-1,0
2022,805,56510,35,1341,CENTRO COMUNITÁRIO PADRE LUIS LAMMAMIE,JARDIM DA ILHA,-20.78866,-40.80273,297,-1,0
2022,806,56537,16,1015,EEEFM EURICO SALLES,CENTRO,-19.8036,-40.85611,5000,-1,0
2022,807,56537,16,1023,EMEF THIERS VELLOSO,CENTRO,-19.80411,-40.85659,1980,-1,0
2022,808,56537,16,1031,EMEF PADRE ALONSO,PALMEIRA,-19.69534,-40.83436,1014,-1,0
2022,809,56537,16,1040,EEEFM ALFREDO LEMOS,ITAIMBÉ,-19.66328,-40.8364,1330,-1,0
2022,810,56537,16,1058,EMEF  MARIA PAULI SPERANDIO,ITAÇU,-19.70279,-40.78509,935,-1,0
2022,811,56537,16,1090,EEEFM FABIANO FRANCISCO TOMASINI,ALTO LAGE,-19.69355,-40.92153,241,-1,0
2022,812,56537,16,1104,EMUEFEI - SOBREIRO,SOBREIRO,-19.74273,-40.90408,193,-1,0
2022,813,56537,16,1139,EMEI IVONI COMPER ZIMMER,CENTRO,-19.80386,-40.85635,995,-1,1
2022,814,56553,22,1015,CEEFMTI WASHINGTON PINHEIRO MEIRELLES,CENTRO,-21.00997,-40.8283,1251,-1,0
2022,815,56553,22,1040,CMEF EM TEMPO INTEGRAL WALDÉIA FERREIRA PEÇANHA,ITAIPAVA,-20.88766,-40.77353,3440,-1,0
2022,816,56553,22,1058,EMPEF BOM SERÁ,BOM SERÁ,-20.96278,-40.8868,510,-1,0
2022,817,56553,22,1066,EMUEF FRADE E A FREIRA,ITAPECOA,-20.88363,-41.00923,362,-1,0
2022,818,56553,22,1074,EMEIEF MANOEL MARCONDES (ANTIGO DNIT),SAFRA,-20.92695,-41.07715,704,-1,0
2022,819,56553,22,1090,EMPEF ROZÁRIA DA SILVEIRA NUNES (PEDRA),RIO MUQUI,-20.99803,-40.9484,411,-1,0
2022,820,56553,22,1139,EEEFM ANTÔNIO JACQUES SOARES,GARRAFÃO,-20.98997,-41.00328,1748,-1,0
2022,821,56553,22,1147,EEEF DE GRAÚNA,GRAÚNA,-21.03252,-40.91259,1263,-1,0
2022,822,56553,22,1155,EMPEF LIMÃO,LIMÃO,-20.98028,-40.91478,386,-1,0
2022,823,56553,22,1163,EMEIEF ANACLETO JACINTO RIBEIRO,CAMPO ACIMA,-21.02891,-40.85727,2606,-1,0
2022,824,56553,22,1180,EMEIEF PEDRO SIQUEIRA,GOMES,-20.92151,-40.81721,997,-1,0
2022,825,56553,22,1228,EMEF NARCISO ARAÚJO,CENTRO,-21.00921,-40.82928,4623,-1,0
2022,826,56553,22,1295,EMUEF FAZENDA VELHA,FAZENDA VELHA,-20.9396,-40.86217,274,-1,0
2022,827,56553,22,1333,EMEIEF LUIZ JOÃO GOMES,JOACIMA,-20.90315,-40.79479,1513,-1,0
2022,828,56553,22,1422,UNIDADE DE SAÚDE FRADE,FRADE,-20.88987,-40.99113,290,-1,0
2022,829,56553,22,1449,EMEIEF GEORGETA FERREIRA DE ALMEIDA (DESENGANO),BREJO GRANDE DO NORTE,-21.01754,-40.95899,792,-1,0
2022,830,56553,22,1457,EMEIEF FLORÊNCIO BENTO ALVES,CÓRREGO DO OURO,-20.97869,-41.0244,975,-1,0
2022,831,56553,22,1465,IGREJA BATISTA DE SAPUCAIA,SAPUCAIA,-20.95488,-40.90071,219,-1,1
2022,832,56553,22,1473,EMUEF PIABANHA DO NORTE,PIABANHA DO NORTE,-20.93916,-40.88807,336,-1,0
2022,833,56553,22,1481,EMEIEF NORMA VICENTE FERREIRA,SAFRA,-20.91894,-41.07618,412,-1,0
2022,834,56553,22,1511,EMPEF SANTO AMARO,SANTO AMARO,-20.91915,-40.87953,483,-1,0
2022,835,56553,22,1520,EMEIEF ELVIRA MEALE LESQUEVES,ITAOCA,-20.91106,-40.78615,1311,-1,0
2022,836,56553,22,1538,EPE LEOPOLDINO ROCHA,ITAIPAVA,-20.89101,-40.78266,3941,-1,0
2022,837,56553,22,1546,EMPEF PALMITAL,PALMITAL,-20.93142,-40.92262,322,-1,0
2022,838,56553,22,1554,EMPEF SANTA HELENA,SANTA HELENA,-20.90051,-40.90715,302,-1,0
2022,839,56553,22,1562,EMPEF AFONSOS,AFONSO,-20.95463,-40.91957,263,-1,0
2022,840,56553,22,1597,CRECHE ANDRÉ FREITAS DE OLIVEIRA,VILA NOVA,-21.01284,-40.83024,358,-1,0
2022,841,56553,22,1600,EMPEF BARBADOS,barbados,-20.98387,-40.99206,150,-1,0
2022,842,56553,22,1627,UNIDADE DE SAÚDE DE BREJO GRANDE DO SUL,BREJO GRANDE DO SUL,-21.04016,-40.97785,488,-1,0
2022,843,56553,22,1635,EMEIEF MARLUCE BIANCHI DE SOUZA VIANA,ITAOCA,-20.89873,-40.77905,1827,-1,0
2022,844,56553,22,1643,EMEIEF JOSEPHA MIRANDA DE CARVALHO BRITO,PAINEIRAS,-20.95683,-40.95511,522,-1,0
2022,845,56553,22,1651,CRECHE MUNICIPAL ZÓZIMA GOMES LEAL - VOVÓ JOZINA,RETIRO,-20.94621,-40.90131,595,-1,0
2022,846,56553,22,1660,AMAFAP - ASSOCIAÇÃO DE MORADORES AGRÍCOLA FAMILIAR DE PALMITAL,PALMITAL,-20.93142,-40.92262,129,-1,1
2022,847,56553,22,1678,CEMEI DINORAH RODRIGUES PEÇANHA (ANTIGA MUNICIPALIZADA DE ITAÓCA),ITAOCA,-20.90302,-40.77931,902,-1,0
2022,848,56553,22,1694,CEMEI PROFESSORA MARIA DA PENHA RIBEIRO MACHADO,SERRAMAR,-21.00751,-40.82992,223,-1,0
2022,849,56553,22,1708,CEMEI QUILOMBOLA JOÃO LUCIANO DA ROSA,GRAÚNA,-20.99464,-40.94341,113,-1,0
2022,850,56553,22,1716,CRECHE MUNICIPAL NASSÍRIA DOS SANTOS SILVA,CAMPO ACIMA,-21.02883,-40.85718,343,-1,0
2022,851,56553,22,1732,IGREJA PRESBITERIANA DE SANTA HELENA,SANTA HELENA,-20.90051,-40.90715,58,-1,1
2022,852,56570,11,1015,EPSG PROFA. ALEYDE COSME,CENTRO,-19.86891,-40.87504,3672,-1,0
2022,853,56570,11,1023,EMEF LUIZA GRIMALDI,CENTRO,-19.86824,-40.87679,1856,-1,0
2022,854,56570,11,1031,EMEI PADRE BERNARDO NIEWIND,CENTRO,-19.87135,-40.8755,1093,-1,0
2022,855,56570,11,1040,EEEF ALTO JATIBOCAS,JATIBOCAS,-20.00294,-40.88877,1795,-1,0
2022,856,56570,11,1066,EEEF PROF. JOSUÉ BALDOTTO,LIMOEIRO DE SANTO ANTÔNIO,-19.9571,-40.82299,444,-1,0
2022,857,56570,11,1074,CMEI TEREZA FIOROTTI RIZZI,BAIXO SOSSEGO,-19.90466,-40.89941,597,-1,0
2022,858,56596,18,1031,EPSG HENRIQUE COUTINHO,CENTRO,-20.34759,-41.53246,4488,383,0
2022,859,56596,18,1040,SECRETARIA MUNICIPAL DE ASSISTENCIA E DESENVOLVIMENTO SOCIAL,CENTRO,-20.34565,-41.53572,557,385,0
2022,860,56596,18,1066,EPSG DR. NAGEM ABIKAHIR,QUILOMBO,-20.35058,-41.53329,3753,378,0
2022,861,56596,18,1074,EPG DELFINO BATISTA VIEIRA,DISTRITO DE NOSSA SENHORA DAS GRAÇAS,-20.38395,-41.53782,1498,-1,0
2022,862,56596,18,1082,EPG ALDA LOFÊGO DE CASTRO,ALTO PERDIÇÃO,-20.42161,-41.57486,254,-1,0
2022,863,56596,18,1090,EPG ELZA DE CASTRO SCARDINI,DISTRITO SANTÍSSIMA TRINDADE,-20.46579,-41.59038,1414,-1,0
2022,864,56596,18,1139,EPG SANTA CLARA DO CAPARAÓ,CÓRREGO SANTA CLARA,-20.39693,-41.69872,351,-1,0
2022,865,56596,18,1180,EPG LUÍS MOISÉS HERINGER,CÓRREGO DE LARANJA DA TERRA,-20.22683,-41.68795,407,-1,0
2022,866,56596,18,1198,EPG MARIA BARROS HORSTH,CÓRREGO SÃO JOÃO DO PRÍNCIPE,-20.32631,-41.83321,353,-1,0
2022,867,56596,18,1201,EPSG PADRE AFONSO BRAZ,DISTRITO DE PEQUIÁ,-20.27688,-41.77802,1199,-1,0
2022,868,56596,18,1210,EMEF RIO CLARO,CÓRREGO RIO CLARO,-20.35655,-41.84498,267,-1,0
2022,869,56596,18,1228,EMEF DEOLINDA AMORIM DE OLIVEIRA,QUILOMBO,-20.34952,-41.53095,1497,384,0
2022,870,56596,18,1236,EMEF TERRA CORRIDA,CÓRREGO TERRA CORRIDA,-20.42982,-41.50289,236,-1,0
2022,871,56596,18,1244,IGREJA DE SÃO JOSÉ DAS TRÊS PONTES,ESTRADA DO PRÍNCIPE,-20.2997,-41.79545,74,-1,0
2022,872,56596,18,1252,CRECHE DA IGREJA PRESBITERIANA,QUILOMBO,-20.35185,-41.53365,386,384,0
2022,873,56596,18,1260,SALÃO SÃO VICENTE DE PAULO,QUILOMBO,-20.34846,-41.53082,264,384,0
2022,874,56596,18,1287,POSTO DE SAÚDE MUNICIPAL,QUILOMBO,-20.35127,-41.53452,397,378,0
2022,875,56596,18,1295,EMEF BONSUCESSO,CÓRREGO BONSUCESSO,-20.30515,-41.51703,245,-1,0
2022,876,56596,18,1309,POSTO DE SAÚDE DE SANTA CLARA DO URBANO,CÓRREGO SANTA CLARA DO SEU URBANO,-20.39695,-41.69871,248,-1,0
2022,877,56596,18,1317,SALÃO PAROQUIAL DA PARÓQUIA N. S. MÃE DOS HOMENS,CENTRO,-20.34581,-41.53537,712,385,0
2022,878,56596,18,1325,CÂMARA MUNICIPAL DE IÚNA,CENTRO,-20.34565,-41.53572,393,385,0
2022,879,56596,18,1333,SALÃO DA IGREJA MATRIZ,CENTRO,-20.34592,-41.53616,613,385,0
2022,880,56596,18,1350,COLEGIO RENASCER,CENTRO,-20.34481,-41.53785,396,386,0
2022,881,56596,18,1368,EEEFM SANTÍSSIMA TRINDADE,GUANABARA,-20.35586,-41.53175,432,380,0
2022,882,56596,18,1376,CENTRO EDUCACIONAL DE ENSINO VOVÓ ORCÍLIA,FERREIRA VALE,-20.34448,-41.5324,359,383,0
2022,883,56618,4,1015,UFES - DEPARTAMENTO DE CIÊNCIAS FLORESTAIS E DA MADEIRA (PROVISÓRIO),CENTRO,-20.79503,-41.40293,1158,-1,0
2022,884,56618,4,1031,EMEF ANDRÉ ALTOÉ,PARADA CRISTAL,-20.79663,-41.37452,1315,-1,0
2022,885,56618,4,1040,EEEFM DE JERÔNIMO MONTEIRO,CENTRO,-20.79074,-41.39483,2872,-1,0
2022,886,56618,4,1066,CEMEI DIVA SAVIATTO DUARTE,CENTRO,-20.79074,-41.39553,1171,-1,0
2022,887,56618,4,1074,EEEFM DE JERÔNIMO MONTEIRO,CENTRO,-20.79049,-41.39483,1454,-1,0
2022,888,56618,4,1082,EMEF NICOLAU BORGES,PARADA CRISTAL,-20.79668,-41.3767,747,-1,0
2022,889,56618,4,1090,UFES - DEPARTAMENTO DE CIÊNCIAS FLORESTAIS E DA MADEIRA,CENTRO,-20.78971,-41.38896,1260,-1,0
2022,890,56626,14,1058,EEEFM DE JOÃO NEIVA,CENTRO,-19.72701,-40.43387,1838,-1,1
2022,891,56626,14,1066,EMEF PROF.ª MARIA OLIRIA  SARCINELLI CAMPAGNARO,CENTRO,-19.72701,-40.43387,2754,-1,1
2022,892,56626,14,1074,EMEIF TERESITA BORRINI FARINA,CENTRO,-19.72701,-40.43387,1216,-1,1
2022,893,56626,14,1082,CENTRO EDUCACIONAL CIRANDA CIRANDINHA (CASA DO ESTUDANTE),CENTRO,-19.72701,-40.43387,1919,-1,1
2022,894,56626,14,1090,EMEF MISSIONÁRIOS COMBONIANOS,SANTA LUZIA,-19.72701,-40.43387,1268,-1,1
2022,895,56626,14,1112,EMEIF GUILHERME BAPTISTA,ACIOLI,-19.72701,-40.43387,623,-1,1
2022,896,56626,14,1120,EMPEIF BARRA DO TRIUNFO,BARRA DO TRIUNFO,-19.72701,-40.43387,534,-1,1
2022,897,56626,14,1139,EMPEIF CAVALINHO,CAVALINHOS,-19.72701,-40.43387,414,-1,1
2022,898,56626,14,1155,EMEIF JOSÉ REBUZZI SARCINELLI,CRISTAL,-19.72701,-40.43387,889,-1,1
2022,899,56626,14,1244,EMPEIF SANTO AFONSO,SANTO AFONSO,-19.72701,-40.43387,359,-1,1
2022,900,56626,14,1252,MUSEU DO IMIGRANTE - CASA DA MEMÓRIA DA IMIGRAÇÃO,DEMÉTRIO RIBEIRO,-19.72701,-40.43387,161,-1,1
2022,901,56626,14,1260,EMEF PEDRO NOLASCO,VILA NOVA DE BAIXO,-19.72701,-40.43387,60,-1,1
2022,902,56626,14,1279,EMEIF DR. ORLINDO FRANCISCO BORGES,COHAB,-19.72701,-40.43387,810,-1,1
2022,903,56634,25,1112,EMEF AUTO GUIMARÃES E SOUZA,SHELL,-19.38892,-40.06279,1837,407,0
2022,904,56634,25,1171,EMEF DINORAH ALMEIDA RODRIGUES,SÃO JOSÉ,-19.36893,-40.05002,3146,408,1
2022,905,56634,25,1198,EMEF ELZA RONI SCARPAT,LAGOA DO MEIO,-19.37359,-40.06267,2360,397,0
2022,906,56634,25,1201,EMEF JERÔNIMO MONTEIRO,BNH,-19.38059,-40.05844,3121,403,0
2022,907,56634,25,1210,EEEFM POLIVALENTE DE LINHARES I,BNH,-19.38132,-40.06028,6308,403,0
2022,908,56634,25,1236,EEEM EMIR DE MACEDO GOMES,SHELL,-19.39657,-40.06355,2909,407,0
2022,909,56634,25,1252,EMEF SAMUEL BATISTA CRUZ (CAIC DALVINO TOMÉ),INTERLAGOS,-19.39123,-40.05697,1839,393,0
2022,910,56634,25,1279,EEEFM JOSÉ DE CALDAS BRITO (POLIVALENTE DE LINHARES II),ARAÇÁ,-19.39746,-40.05987,3405,387,0
2022,911,56634,25,1317,EMEFM MARÍLIA DE REZENDE SCARTON COUTINHO,INTERLAGOS,-19.39036,-40.04708,7165,393,0
2022,912,56634,25,1350,IFES - INSTITUTO FEDERAL DO ESPÍRITO SANTO,AVISO,-19.40821,-40.0443,3067,388,0
2022,913,56634,25,1376,SESI - SERVIÇO SOCIAL DA INDÚSTRIA,AVISO,-19.40645,-40.05885,3819,388,0
2022,914,56634,25,1384,CEIM BRANCA DE NEVE,JARDIM LAGUNA,-19.37577,-40.054,1536,394,0
2022,915,56634,25,1449,EMEF JOSÉ MODENEZE,CANIVETE,-19.32098,-40.07105,3525,390,0
2022,916,56634,25,1490,EMEF ROBERTO MOREIRA,ARAÇÁ,-19.39843,-40.0566,1921,387,0
2022,917,56634,25,1562,EMEF PROFª. EFIGÊNIA SIZENANDO,CÓRREGO FARIAS,-19.2634,-40.03864,1389,-1,0
2022,918,56634,25,1864,EMEF PROFª. URBANA PENHA COSTA,POVOAÇÃO,-19.57793,-39.79408,1441,-1,0
2022,919,56634,25,2038,EMEF PROFª.  MARIA DA PENHA PAZITO VENTURA,INTERLAGOS,-19.39543,-40.04019,2758,393,0
2022,920,56634,25,2046,EPM JOSÉ CÂNDIDO DURÃO,AGROVILA,-19.25768,-39.80079,248,-1,0
2022,921,56634,25,2119,EMEF ZEFERINO BATISTA FIOROT,SANTA CRUZ,-19.33681,-40.0647,3680,406,0
2022,922,56634,25,2135,EMEF MANOEL MARTINS,PONTAL DO IPIRANGA,-19.19066,-39.7134,1330,-1,0
2022,923,56634,25,2143,EEEFM PROFª. ANTONIETA BANHOS FERNANDES,INTERLAGOS,-19.39526,-40.03978,2427,393,0
2022,924,56634,25,2194,EMEF TALMA DRUMOND PESTANA,PALMITAL,-19.40177,-40.08271,772,392,1
2022,925,56634,25,2208,CEIM OLGA BORTOT MOLINA,CANIVETE,-19.31926,-40.0712,1644,390,0
2022,926,56634,25,2232,EMEF PROFª. MARIA APARECIDA LAVAGNOLI,INTERLAGOS,-19.39116,-40.05498,2827,393,0
2022,927,56634,25,2283,EMEF PREF. ROBERTO CALMON,AVISO,-19.40319,-40.05379,3911,388,0
2022,928,56634,25,2291,CIC - CENTRO DE INTEGRAÇÃO COMUNITÁRIA DO DEGREDO,DEGREDO,-19.39441,-39.72714,146,-1,0
2022,929,56634,25,2399,EMEF ANTÔNIO FERNANDES DE ALMEIDA,INTERLAGOS,-19.39953,-40.04385,2313,393,0
2022,930,56634,25,2402,EMUEF SANTO HILÁRIO,SANTO HILÁRIO,-19.38724,-40.26303,345,-1,0
2022,931,56634,25,2437,CEIM LEODOVICO DONATELLI,BEBEDOURO,-19.47537,-40.11636,1961,-1,0
2022,932,56634,25,2445,EMEF CID ADALBERTO DOS REIS,JUPARANÃ,-19.38301,-40.07413,3042,396,0
2022,933,56634,25,2453,IASES - COMPLEXO DE LINHARES (UNIP NORTE E UNIS NORTE),PEROBAS (BEBEDOURO),-19.48997,-40.06548,0,-1,0
2022,934,56634,25,2461,CEL - COOPERATIVA EDUCACIONAL DE LINHARES,TRÊS BARRAS,-19.3742,-40.07382,1402,409,0
2022,935,56634,25,2470,EMEF CABOCLO BERNARDO,PLANALTO,-19.34891,-40.04905,2973,405,0
2022,936,56634,25,2488,CEIM ENOCK DE FREITAS,JUPARANÃ,-19.38309,-40.07195,1800,396,0
2022,937,56634,25,2496,EEEFM VILA REGÊNCIA,REGÊNCIA,-19.64633,-39.82644,1129,-1,0
2022,938,56634,25,2500,EMPEIPEF BOA ESPERANÇA (CHAPADÃO DAS PALMINHAS),CHAPADÃO DAS PALMINHAS,-19.36001,-40.18358,288,-1,0
2022,939,56634,25,2518,EMEF PROFª. ELIANA CORREA PINAFO,BEBEDOURO,-19.46642,-40.11303,3045,-1,0
2022,940,56634,25,2526,EEEFM PROFª. REGINA BANHOS PAIXÃO,LINHARES V,-19.35993,-40.05219,3662,398,0
2022,941,56634,25,2534,EPM TERRA ALTA,SÃO SEBASTIÃO DA TERRA ALTA,-19.44392,-40.38244,355,-1,0
2022,942,56634,25,2542,CMEIEF ALCIDES MARINATO (BAGUEIRA),BAGUEIRA,-19.35809,-40.18479,569,-1,0
2022,943,56634,25,2550,EMEF ADELSON DEL'SANTO,NOVA ESPERANÇA,-19.35851,-40.04522,2935,402,0
2022,944,56634,25,2569,EPM RIO QUARTEL (QUARTEL DE CIMA),QUARTEL DE CIMA,-19.53329,-40.17105,289,-1,0
2022,945,56634,25,2577,EMEF BAIXO QUARTEL,BAIXO QUARTEL,-19.54129,-40.08906,1203,-1,0
2022,946,56634,25,2585,EMEF LUIZ DE CAMÕES,NOSSA SENHORA DA CONCEIÇÃO,-19.3803,-40.0692,1923,400,0
2022,947,56634,25,2593,EMEF ÂNGELO RECLA (QUARTEL DO MEIO),QUARTEL DO MEIO,-19.52096,-40.1482,1809,-1,0
2022,948,56634,25,2607,EMEF OROZIMBO LEITE,GUAXE,-19.2328,-40.14575,713,-1,0
2022,949,56634,25,2615,CEIM GERÔNCIO FRANCISCO (HUMAITÁ),HUMAITÁ,-19.50858,-40.35629,617,-1,0
2022,950,56634,25,2623,EEEFM PROF. MANOEL ABREU,BEBEDOURO,-19.47646,-40.11727,1971,-1,0
2022,951,56634,25,2631,EMPEIUEF EMA SARTÓRIO BIANCARDI,RIO DAS PALMAS,-19.4074,-40.37013,172,-1,0
2022,952,56634,25,2640,SALÃO COMUNITÁRIO DE JAPIRA,JAPIRA,-19.40282,-40.32602,1164,-1,0
2022,953,56634,25,2658,EMEF MARIA SOUZA MATIAS,MOVELAR,-19.35511,-40.05749,2074,399,0
2022,954,56634,25,2666,EEEFM MANOEL SALUSTIANO DE SOUZA,SÃO RAFAEL,-19.36919,-40.44751,1081,-1,0
2022,955,56634,25,2674,CEEFMTI BARTOUVINO COSTA,CENTRO,-19.40264,-40.066,3669,391,0
2022,956,56634,25,2682,EMEF PRES. CASTELO BRANCO,CENTRO,-19.39884,-40.07058,1976,391,0
2022,957,56634,25,2690,EPM BIBIANA COSTA,DESENGANO,-19.62825,-40.31506,424,-1,0
2022,958,56634,25,2704,CENTRO DE ENSINO LINHARENSE DARWIN,CENTRO,-19.40418,-40.06144,1886,391,0
2022,959,56634,25,2712,CETEC / OUSE,CENTRO,-19.39861,-40.07018,2947,391,0
2022,960,56650,36,1015,CÂMARA MUNICIPAL,CENTRO,-18.86131,-41.12139,391,-1,0
2022,961,56650,36,1023,EM ELIEZER EDUARDO RIBEIRO,CENTRO,-18.86293,-41.12384,586,-1,0
2022,962,56650,36,1031,EPG PROFA ADELINA LÍRIO,CENTRO,-18.85959,-41.1228,1175,-1,0
2022,963,56650,36,1040,EPG CHRISTIANO DIAS LOPES,CENTRO,-18.86492,-41.12494,1522,-1,0
2022,964,56650,36,1058,EEEFM JOB PIMENTEL,CENTRO,-18.86027,-41.1196,1913,-1,0
2022,965,56650,36,1074,EPG VICENTE AMARO DA SILVA,DISTRITO DE SÃO GERALDO,-18.83584,-41.2139,1011,-1,0
2022,966,56650,36,1082,EPG LUIS SIMÃO,DISTRITO DE SÃO JOSÉ,-18.89372,-41.07821,1768,-1,0
2022,967,56650,36,1090,EPG PALMERINDO VIEIRA CAMPOS,DISTRITO DE SANTA LUZIA,-18.88905,-41.01596,889,-1,0
2022,968,56650,36,1139,CENTRO DE REFERÊNCIA DA ASSISTÊNCIA SOCIAL - CRAS,CENTRO,-18.86097,-41.12265,1092,-1,0
2022,969,56650,36,1163,EM ANEDINA BRETAS CORREA,DISTRITO DE SANTA LUZIA,-18.88399,-41.01643,613,-1,0
2022,970,56677,5,1015,EEEF MONTEIRO DA SILVA (GRUPO VELHO),CENTRO,-21.06333,-41.3675,3112,-1,0
2022,971,56677,5,1023,EEEFM ANTÔNIO ACHA (POLIVALENTE),CENTRO,-21.0645,-41.36813,2663,-1,0
2022,972,56677,5,1031,JARDIM DA INFÂNCIA CORINA BICALHO GUIMARÃES,CENTRO,-21.06296,-41.3675,1056,-1,0
2022,973,56677,5,1040,EEEF PEDRO JOSÉ VIEIRA (GRUPO NOVO),CENTRO,-21.06403,-41.36642,2358,-1,0
2022,974,56677,5,1058,EEEFM MONSENHOR ELIAS TOMASI (GINÁSIO),VILA NOVA DA PENHA,-21.0599,-41.35845,3764,-1,0
2022,975,56677,5,1074,EUE RANCHO ALEGRE,ASSENTAMENTO RANCHO ALEGRE,-21.16006,-41.30173,175,-1,0
2022,976,56677,5,1090,EMUEF NOVO BRASIL (MURIBECA),MURIBECA,-20.91586,-41.53719,344,-1,0
2022,977,56677,5,1120,EMEF ANTÔNIA JUNGER POUBEL DA SILVA (CONCEIÇÃO DO MUQUI),CONCEIÇÃO DO MUQUI,-20.97159,-41.50902,1042,-1,0
2022,978,56677,5,1147,EUE SÃO RAFAEL,SÃO RAFAEL,-20.92592,-41.45175,277,-1,0
2022,979,56677,5,1155,EMEF CONSTÂNCIO VIVAS (SANTO ANTÔNIO DO MUQUI),SANTO ANTÔNIO DO MUQUI,-21.00877,-41.46275,933,-1,0
2022,980,56677,5,1163,EMEF CATHARINA GIOVANINI FABER (SÃO PEDRO DO ITABAPOANA),SÃO PEDRO DO ITABAPOANA,-21.07449,-41.49619,680,-1,0
2022,981,56677,5,1198,EMEF PROFESSOR CARLOS MATTOS (PONTE DO ITABAPOANA),PONTE DO ITABAPOANA,-21.20558,-41.46241,835,-1,0
2022,982,56677,5,1201,PRIMEIRA IGREJA BATISTA DE DONA AMÉRICA,DONA AMÉRICA,-21.161,-41.41132,284,-1,0
2022,983,56677,5,1228,EMEF JOSÉ GONÇALVES FIGUEIRAS (SÃO JOSÉ DAS TORRES),SÃO JOSÉ DAS TORRES,-21.06894,-41.23885,1075,-1,0
2022,984,56677,5,1252,EEEM ANTÔNIO SABATINI SIMONI (CONCEIÇÃO DO MUQUI),CONCEIÇÃO DO MUQUI,-20.97401,-41.50888,989,-1,0
2022,985,56693,38,1040,EM DOMINGOS MARTINS,MARIA ZÉLIA,-18.12135,-40.27036,1849,-1,1
2022,986,56693,38,1058,COLÉGIO NOSSA SENHORA APARECIDA,CENTRO,-18.12135,-40.27036,1188,-1,1
2022,987,56693,38,1104,EPG ELPÍDIO CAMPOS DE OLIVEIRA,CENTRO,-18.12135,-40.27036,2316,-1,1
2022,988,56693,38,1155,ESCOLA ESTADUAL PADRE MANOEL DA NOBREGA,DISTRITO DE VINHÁTICO,-18.12135,-40.27036,2384,-1,1
2022,989,56693,38,1171,EPG DE SÃO SEBASTIÃO DO NORTE,DISTRITO DE SÃO SEBASTIÃO DO NORTE,-18.12135,-40.27036,684,-1,1
2022,990,56693,38,1180,EPG MARIA CLEMENTINA VELOSO SANTOS,CIPRESTE,-18.12135,-40.27036,1786,-1,1
2022,991,56693,38,1201,EPG BAIRRO BRASÍLIA,BRASÍLIA,-18.12135,-40.27036,1227,-1,1
2022,992,56693,38,1228,ESCOLA ESTADUAL DOM JOSE DALVIT,CENTRO,-18.12135,-40.27036,2918,-1,1
2022,993,56693,38,1236,UMEI BEM-TE-VI,FUNDÃO,-18.12135,-40.27036,607,-1,1
2022,994,56715,38,1015,EPG PROF. JOSÉ SARMENTO ROQUE,PLANALTO,-18.01719,-40.52946,962,-1,1
2022,995,56715,38,1023,EEEFM DE MUCURICI,PLANALTO,-18.01719,-40.52946,1605,-1,1
2022,996,56715,38,1031,EPG DE ÁGUA BOA,ÁGUA BOA,-18.01719,-40.52946,328,-1,1
2022,997,56715,38,1040,EPSG BENJAMIM MENDES DE SOUZA,ITABAIANA,-18.01719,-40.52946,1852,-1,1
2022,998,56715,38,1058,ASSENTAMENTO CÓRREGO DA LAGE,CÓRREGO DO LAGEADO,-18.01719,-40.52946,346,-1,1
2022,999,56731,19,1015,CEEFMTI BRÁULIO FRANCO,CENTRO,-20.46264,-41.41327,4030,-1,0
2022,1000,56731,19,1023,EMEF LIA TEREZINHA MERÇON ROCHA,CENTRO,-20.46708,-41.41478,3219,-1,0
2022,1001,56731,19,1074,EEEFM ARQUIMÍMO MATTOS,DISTRITO DE PIAÇU,-20.33702,-41.3902,3036,-1,0
2022,1002,56731,19,1112,EMEF MARIA ÁUREA BARROSO,DISTRITO DE MENINO JESUS,-20.40138,-41.42749,857,-1,0
2022,1003,56731,19,1139,EMEF SEBASTIÃO COSTA,DISTRITO DE ITAICÍ,-20.53078,-41.51034,717,-1,0
2022,1004,56731,19,1147,EMEF PROF. PAULO FABIO SARTORE,DISTRITO DE VIEIRA MACHADO,-20.4965,-41.33513,567,-1,0
2022,1005,56731,19,1155,EMEF LEOVEGILIA EMILIANA DA SILVA,DISTRITO DE SÃO PEDRO,-20.43556,-41.44611,356,-1,0
2022,1006,56731,19,1163,EMEF SANTA JOANA,ALTO NORTE,-20.23754,-41.36514,984,-1,0
2022,1007,56731,19,1228,CENTRO DE EDUCAÇÃO INFANTIL ANA BAZILIO DE ÁVILA,DISTRITO DE PIAÇU,-20.3374,-41.39107,617,-1,0
2022,1008,56758,5,1015,EEEFM SENADOR DIRCEU CARDOSO,SÃO PEDRO,-20.94688,-41.33642,3005,-1,0
2022,1009,56758,5,1023,JARDIM DE INFÂNCIA JURANDY FRANÇA MARTINS,CENTRO,-20.95028,-41.34357,1465,-1,0
2022,1010,56758,5,1031,EEEF MARCONDES DE SOUZA,CENTRO,-20.95116,-41.34386,1682,-1,0
2022,1011,56758,5,1040,EEF FREI PEDRO DOMINGO IZCARA,SANTO AGOSTINHO,-20.9455,-41.34578,2091,-1,0
2022,1012,56758,5,1058,EMEF ERCY ARRUDA BONFIM (CAMARÁ),DISTRITO DE CAMARÁ,-20.89656,-41.27067,1074,-1,0
2022,1013,56758,5,1066,CEM/COOPEM - COOPERATIVA EDUCACIONAL DE MUQUI,BAIRRO DAS PALMEIRAS,-20.95511,-41.34749,1735,-1,0
2022,1014,56774,30,1015,IGREJA CATÓLICA DO PATRIMÔNIO DA AREIA,PATRIMÔNIO DO CÓRREGO DA AREIA,-18.65699,-40.39807,480,-1,1
2022,1015,56774,30,1023,APAE,MUNICIPAL I,-18.65699,-40.39807,956,-1,1
2022,1016,56774,30,1058,EMEF GUARABU,CÓRREGO DO GUARABU,-18.65699,-40.39807,251,-1,1
2022,1017,56774,30,1074,ESCOLA SÃO JOSÉ DO CAMPO REAL,SÃO JOSÉ DO CAMPO REAL,-18.65699,-40.39807,196,-1,1
2022,1018,56774,30,1090,CENTRO COMUNITÁRIO APARECIDA,MARGARETH,-18.65699,-40.39807,1072,-1,1
2022,1019,56774,30,1112,CENTRO COMUNITÁRIO BONFIM,BONFIM,-18.65699,-40.39807,1074,-1,1
2022,1020,56774,30,1120,EMEIEF REFRIGÉRIO,CÓRREGO REFRIGÉRIO,-18.65699,-40.39807,154,-1,1
2022,1021,56774,30,1139,EMEIEF CÓRREGO DA PALMEIRA,CÓRREGO DA PALMEIRA,-18.65699,-40.39807,143,-1,1
2022,1022,56774,30,1147,EPSG DOM DANIEL COMBONI,MUNICIPAL I,-18.65699,-40.39807,1430,-1,1
2022,1023,56774,30,1155,EMUEF CÓRREGO DA VOLTA,CÓRREGO DA VOLTA,-18.65699,-40.39807,113,-1,1
2022,1024,56774,30,1163,EMEF CAMPO BELO - INVEJADA,PEDRA DA INVEJADA,-18.65699,-40.39807,254,-1,1
2022,1025,56774,30,1171,EEEF PADRE JOSIMO - PIP NUCK,ASSENTAMENTO PIP NUCK,-18.65699,-40.39807,332,-1,1
2022,1026,56774,30,1180,EMEF PROF CLAUDINA BARBOSA,MUNICIPAL I,-18.65699,-40.39807,1250,-1,1
2022,1027,56774,30,1198,EMEF MARIA RODRIGUES LEITE,CENTRO,-18.65699,-40.39807,528,-1,1
2022,1028,56774,30,1201,EMEF DR ADALTON SANTOS  - POLIVALENTE,MUNICIPAL I,-18.65699,-40.39807,1471,-1,1
2022,1029,56774,30,1210,EMEF VENECIANO,BEIRA RIO,-18.65699,-40.39807,2964,-1,1
2022,1030,56774,30,1228,EMEF DE SANTA ROSA DA CACHOEIRINHA,SANTA ROSA DA CACHOEIRINHA,-18.65699,-40.39807,229,-1,1
2022,1031,56774,30,1236,EEFM GUARAREMA,DISTRITO DE GUARAREMA,-18.65699,-40.39807,627,-1,1
2022,1032,56774,30,1252,EMEF SÃO LUIZ REIS,SÃO LUIZ REIS,-18.65699,-40.39807,388,-1,1
2022,1033,56774,30,1260,EEEFM PATRIMÔNIO DO QUINZE,SANTO ANTÔNIO DO XV,-18.65699,-40.39807,795,-1,1
2022,1034,56774,30,1279,EMEIF PATRIMÔNIO DE SÃO GONÇALO,DISTRITO DE GUARAREMA,-18.65699,-40.39807,426,-1,1
2022,1035,56774,30,1295,EMEF CRISTALINO - FRANCISCO SECHIN,CRISTALINO,-18.65699,-40.39807,660,-1,1
2022,1036,56774,30,1325,EMEF CEDROLÂNDIA,CEDROLÂNDIA,-18.65699,-40.39807,1053,-1,1
2022,1037,56774,30,1333,EMEF LOURDES SCARDINI,FILOMENA,-18.65699,-40.39807,1218,-1,1
2022,1038,56774,30,1341,EMEF ÁGUA LIMPA,ÁGUA LIMPA,-18.65699,-40.39807,491,-1,1
2022,1039,56774,30,1350,EMEF ALTO MUNIZ,ALTO MUNIZ,-18.65699,-40.39807,315,-1,1
2022,1040,56774,30,1368,EMEIEF BOA VISTA,BOA VISTA,-18.65699,-40.39807,525,-1,1
2022,1041,56774,30,1406,EMEF DO PATRIMÔNIO DO BIS,PATRIMÔNIO DO BIS,-18.65699,-40.39807,257,-1,1
2022,1042,56774,30,1414,EMEF CÓRREGO DO POÇÃO,CÓRREGO DO POÇÃO,-18.65699,-40.39807,605,-1,1
2022,1043,56774,30,1422,EPG DR. RENATO ARAÚJO MAIA,MARGARETH,-18.65699,-40.39807,1207,-1,1
2022,1044,56774,30,1430,CMEI DOM BOSCO - LUZIA ALVES DE LIMA,MARGARETH,-18.65699,-40.39807,1170,-1,1
2022,1045,56774,30,1449,NÚCLEO SUPERVISÃO ESCOLAR,CENTRO,-18.65699,-40.39807,491,-1,1
2022,1046,56774,30,1457,EMEF BAIRRO ALTOÉ,ALTOÉ,-18.65699,-40.39807,1818,-1,1
2022,1047,56774,30,1481,SALÃO PAROQUIAL - MATRIZ SÃO MARCOS,CENTRO,-18.65699,-40.39807,628,-1,1
2022,1048,56774,30,1511,EMEF CÓRREGO DO CRISTAL,CÓRREGO DO DISTRITO DE GUARAREMA,-18.65699,-40.39807,258,-1,1
2022,1049,56774,30,1520,EMEF CÓRREGO DA TRAVESSIA,CÓRREGO DA TRAVESSIA,-18.65699,-40.39807,171,-1,1
2022,1050,56774,30,1538,COMUNIDADE SANTA HELENA DA CHAPADINHA,CHAPADINHA,-18.65699,-40.39807,320,-1,1
2022,1051,56774,30,1546,EMEF SÃO MIGUEL,CÓRREGO SÃO MIGUEL,-18.65699,-40.39807,404,-1,1
2022,1052,56774,30,1562,EMEF VITÓRIO DE ÂNGELO - SERRA DE CIMA,CÓRREGO DE SERRA DE CIMA,-18.65699,-40.39807,201,-1,1
2022,1053,56774,30,1600,EMEF STANISLAW ZUCOLOTTO,SÃO FRANCISCO,-18.65699,-40.39807,2334,-1,1
2022,1054,56774,30,1619,EMEF SÃO CRISTOVÃO,SÃO CRISTOVÃO,-18.65699,-40.39807,2005,-1,1
2022,1055,56774,30,1627,EMEF TITO DOS SANTOS NEVES,RÚBIA,-18.65699,-40.39807,3066,-1,1
2022,1056,56774,30,1635,CMEI LAR DE FÁTIMA,BONFIM,-18.65699,-40.39807,727,-1,1
2022,1057,56774,30,1643,IGREJA CATÓLICA DO PATRIMÔNIO DA PENHA - PERDIDO,PATRIMÔNIO DA PENHA,-18.65699,-40.39807,360,-1,1
2022,1058,56774,30,1660,EMEF CÓRREGO DA PEDRA - GRILLO,SEDE DO CÓRREGO DA PEDRA,-18.65699,-40.39807,305,-1,1
2022,1059,56774,30,1678,SALÃO COMUNITÁRIO DA IGREJA CATÓLICA SÃO LUIZ GONZAGA,SÃO LUIZ GONZAGA,-18.65699,-40.39807,278,-1,1
2022,1060,56774,30,1686,EMEF ASSENTAMENTO RODEIO,COMUNIDADE SÃO JOÃO DO BOTO,-18.65699,-40.39807,150,-1,1
2022,1061,56774,30,1694,IGREJA CATÓLICA SANTA MÃE DE DEUS,AEROPORTO,-18.65699,-40.39807,1494,-1,1
2022,1062,56774,30,1708,CMEI MARIA LUÍSA DIAS PESTANA SANTOS - SAO MARCOS,RÚBIA,-18.65699,-40.39807,633,-1,1
2022,1063,56774,30,1716,CMEI VERA LÚCIA GALVÃO,RÚBIA,-18.65699,-40.39807,344,-1,1
2022,1064,56774,30,1724,CMEI ODORICO DOMINGOS,IOLANDA,-18.65699,-40.39807,371,-1,1
2022,1065,56774,30,1732,CMEITI MARIA CALIMAN LOBO,DOM JOSÉ DALVID,-18.65699,-40.39807,331,-1,1
2022,1066,56774,30,1740,CMEI REGINA CELIA MENEGUETTI FRISSO,MONTE CASTELO,-18.65699,-40.39807,389,-1,1
2022,1067,56790,36,1015,SOCIEDADE PESTALOZZI ANTÔNIO ACÁCIO DE OLIVEIRA,LIRIO DOS VALES,-19.22151,-40.85372,596,-1,0
2022,1068,56790,36,1031,COOEPA - COOPERATIVA EDUCACIONAL DE PANCAS,LIRIO DOS VALES,-19.2218,-40.85348,1543,-1,0
2022,1069,56790,36,1040,EEEFM ARARIBÓIA,LIRIO DOS VALES,-19.22149,-40.85353,1755,-1,0
2022,1070,56790,36,1058,CADASTRO ÚNICO,CENTRO,-19.22443,-40.85176,775,-1,0
2022,1071,56790,36,1066,EMEF ORAIDE GOMES DE MIRANDA,VILA NOVA,-19.22261,-40.847,1673,-1,0
2022,1072,56790,36,1074,CEIM SANTA LUZIA,CENTRO,-19.22479,-40.8535,659,-1,0
2022,1073,56790,36,1090,OBRA SOCIAL SANTA LUZIA,CENTRO,-19.22284,-40.85078,587,-1,0
2022,1074,56790,36,1104,UNIDADE DE SAÚDE - CENTRO,CENTRO,-19.22499,-40.85206,592,-1,0
2022,1075,56790,36,1112,EMEF HENOC PEREIRA,CENTRO,-19.22369,-40.85071,694,-1,0
2022,1076,56790,36,1228,EEEFM JANUÁRIO RIBEIRO,DISTRITO DE VILA VERDE,-18.97296,-40.87734,1329,-1,0
2022,1077,56790,36,1252,CEIM MENINO JESUS,DISTRITO DE VILA VERDE,-18.97207,-40.87415,785,-1,0
2022,1078,56790,36,1295,EEEFM SEBASTIANA GRILO,DISTRITO DE LAGINHA,-19.16147,-40.77287,2398,-1,0
2022,1079,56790,36,1309,UNIDADE DE SAUDE LUZIA DE ANDRADE- LAGINHA,DISTRITO DE LAGINHA,-19.16074,-40.77306,1484,-1,0
2022,1080,56790,36,1384,CEIM PEQUENO PRÍNCIPE,VILA NOVA,-19.22247,-40.84845,1295,-1,0
2022,1081,56812,39,1015,EEEF SÃO JOSÉ DO JUNDIÁ,CANÁRIO,-18.4079,-40.21667,598,-1,0
2022,1082,56812,39,1023,EEEF JURACY CARDOSO VIANA,VILA VERDE,-18.41708,-40.22004,826,-1,0
2022,1083,56812,39,1031,EPSG COOPEPI,CENTRO,-18.40943,-40.21524,1293,-1,0
2022,1084,56812,39,1040,EEEF EMIR DE MACEDO GOMES,CENTRO,-18.41252,-40.21297,1750,-1,0
2022,1085,56812,39,1058,EMEF E PRÉ-ESCOLA CARLOS LINDENBERG,SANTO ANTÔNIO,-18.4117,-40.22118,2210,-1,0
2022,1086,56812,39,1066,EEEFM NOSSA SENHORA DE LOURDES,CENTRO,-18.4106,-40.212,678,-1,0
2022,1087,56812,39,1074,EEEF JOSÉ PINHEIRO,DOMICIANO MEDINA,-18.41202,-40.21776,1758,-1,0
2022,1088,56812,39,1082,EEEF SÃO JOÃO DO SOBRADO,DISTRITO SÃO JOÃO DO SOBRADO,-18.31825,-40.40523,1093,-1,0
2022,1089,56812,39,1090,CRECHE DOCE LAR,DISTRITO SÃO JOÃO DO SOBRADO,-18.32344,-40.40511,754,-1,0
2022,1090,56812,39,1104,CENTRO PAROQUIAL,CENTRO,-18.41327,-40.21456,1489,-1,0
2022,1091,56812,39,1112,EEEF VILA NOVA,JUNDIÁ,-18.41874,-40.21513,1722,-1,0
2022,1092,56812,39,1120,EEEF E PRÉ-ESCOLA LAGOA SECA,LAGOA SECA,-18.37719,-39.94821,158,-1,0
2022,1093,56812,39,1139,ESCOLA POLO ANTÔNIO BRUNELLI,BRUNELLI,-18.3449,-40.04723,214,-1,0
2022,1094,56812,39,1147,CRECHE FLORINDO MANZOLI,PINHEIRINHO,-18.40289,-40.22841,569,-1,0
2022,1095,56812,39,1155,EMIEF AUGUSTO RUSCHI,VILA NOVA,-18.39499,-40.16721,538,-1,0
2022,1096,56812,39,1163,CEMEI CASINHA FELIZ,VILA VERDE,-18.4148,-40.21956,1364,-1,0
2022,1097,56812,39,1171,EMEIEF PADRE JOSÉ DE ANCHIETA,JUNDIÁ,-18.41862,-40.21576,121,-1,0
2022,1098,56812,39,1180,CRECHE CARROSSEL,CENTRO,-18.41145,-40.21369,894,-1,1
2022,1099,56839,17,1015,EPSG PROFA. FILOMENA QUITIBA,CENTRO,-20.83847,-40.76134,2377,-1,1
2022,1100,56839,17,1040,JARDIM DE INFÂNCIA NOSSA SENHORA DA CONCEIÇÃO,CENTRO,-20.83847,-40.76134,1137,-1,1
2022,1101,56839,17,1058,EM LACERDA DE AGUIAR,CENTRO,-20.83847,-40.76134,2931,-1,1
2022,1102,56839,17,1066,EEPE SÃO JOÃO DE IBITIBA,SÃO JOÃO DE IBITIBA,-20.83847,-40.76134,209,-1,1
2022,1103,56839,17,1074,CRECHE VOVÓ GENOVEVA,MONTE AGHA I,-20.83847,-40.76134,1720,-1,1
2022,1104,56839,17,1082,EEEF MANOEL DOS SANTOS PEDROZA,NITERÓI,-20.83847,-40.76134,2173,-1,1
2022,1105,56839,17,1090,EEPE NOVA ESPERANÇA,NOVA ESPERANÇA,-20.83847,-40.76134,784,-1,1
2022,1106,56839,17,1104,EM PORTINHO,PORTINHO,-20.83847,-40.76134,908,-1,1
2022,1107,56839,17,1112,IFES- INSTITUTO FEDERAL DO ESPÍRITO SANTO,PRAIA DOCE,-20.83847,-40.76134,2168,-1,1
2022,1108,56839,17,1120,EEEF CÉU AZUL,CÉU AZUL,-20.83847,-40.76134,1202,-1,1
2022,1109,56839,17,1163,EMEI PROF. CELIA MARIA HEHR NUNES,MONTE AGHA I,-20.83847,-40.76134,1239,-1,1
2022,1110,56839,17,1171,ACAFI - ASSSOCIAÇÃO COMUNITÁRIA E DE AGRICULTORES FAMILIARES DE ITINGA,ITINGA,-20.83847,-40.76134,76,-1,1
2022,1111,56839,17,1180,POSTO DE SAÚDE MARIA DA PENHA BAIHENSE LEITE,MONTE AGHA II,-20.83847,-40.76134,127,-1,1
2022,1112,56855,43,1015,ESCOLA ESTADUAL DE ENSINO FUNDAMENTAL E MÉDIO DE PRESIDENTE KENNEDY,CENTRO,-21.15086,-41.0762,4264,-1,1
2022,1113,56855,43,1082,ESCOLA DE ENSINO FUNDAMENTAL SÃO SALVADOR,SÃO SALVADOR,-21.15086,-41.0762,641,-1,1
2022,1114,56855,43,1104,ESCOLA PLURIDOCENTE DE ENSINO SÃO PAULO,SÃO PAULO,-21.15086,-41.0762,700,-1,1
2022,1115,56855,43,1139,ESCOLA PLURIDOCENTE DE ENSINO SANTA LÚCIA,SANTA LÚCIA,-21.15086,-41.0762,563,-1,1
2022,1116,56855,43,1147,ESCOLA DE 1º GRAU BERY BARRETO DE ARAÚJO,JAQUEIRA,-21.15086,-41.0762,1689,-1,1
2022,1117,56855,43,1163,ESCOLA PLURIDOCENTE DE ENSINO MINEIRINHO,MINEIRINHO,-21.15086,-41.0762,646,-1,1
2022,1118,56855,43,1171,ESCOLA UNIDOCENTE DE ENSINO GROMOGOL,GROMOGOL,-21.15086,-41.0762,213,-1,1
2022,1119,56855,43,1180,ESCOLA UNIDOCENTE DE ENSINO SANTA FÉ,BELA VISTA,-21.15086,-41.0762,198,-1,1
2022,1120,56855,43,1201,CENTRO DE EDUCAÇÃO INFANTIL BEM-ME-QUER,BOA ESPERANÇA,-21.15086,-41.0762,679,-1,1
2022,1121,56855,43,1210,ESCOLA UNIDOCENTE DE ENSINO ÁGUA PRETA,ÁGUA PRETA,-21.15086,-41.0762,198,-1,1
2022,1122,56855,43,1228,SALÃO COMUNITÁRIO HONÓRIO COSTALONGA,MONTE BELO,-21.15086,-41.0762,167,-1,1
2022,1123,56855,43,1236,ESCOLA UNIDOCENTE DE ENSINO GALOS,CANCELAS,-21.15086,-41.0762,212,-1,1
2022,1124,56855,43,1244,ESCOLA UNIDOCENTE BOM JARDIM,BOM JARDIM,-21.15086,-41.0762,201,-1,1
2022,1125,56855,43,1252,ESCOLA PLURIDOCENTE DE ENSINO SANTO EDUARDO,SANTO EDUARDO,-21.15086,-41.0762,646,-1,1
2022,1126,56855,43,1287,CENTRO MUNICIPAL DE EDUCAÇÃO INFANTIL LIANA QUINTA,PRAIA DE MAROBÁ,-21.15086,-41.0762,1260,-1,1
2022,1127,56871,35,1023,EEEFM WALDEMIRO HEMERLY,CENTRO,-20.86387,-40.93237,1749,-1,0
2022,1128,56871,35,1031,EPG BODART JUNIOR,CENTRO,-20.86409,-40.93244,1030,-1,0
2022,1129,56871,35,1040,ESCOLA ESPECIAL PESTALOZZI,CENTRO,-20.86496,-40.93468,328,-1,0
2022,1130,56871,35,1074,JARDIM DE INFÂNCIA JOAQUINA NOGUEIRA,CENTRO,-20.86515,-40.93156,711,-1,0
2022,1131,56871,35,1082,EU CAPIM ANGOLA,CAPIM ANGOLA,-20.83863,-40.8695,458,-1,0
2022,1132,56871,35,1090,EU CACHOEIRINHA,CACHOEIRINHA,-20.81245,-40.98317,324,-1,0
2022,1133,56871,35,1104,EU MUNDO NOVO,MUNDO NOVO,-20.78932,-40.92185,385,-1,0
2022,1134,56871,35,1112,EU PRINCESA,PRINCESA,-20.69867,-40.92939,277,-1,0
2022,1135,56871,35,1120,EP SÃO VICENTE,SÃO VICENTE,-20.82168,-40.93725,452,-1,0
2022,1136,56871,35,1147,SALAO PAROQUIAL,CENTRO,-20.86276,-40.93624,1023,-1,0
2022,1137,56871,35,1155,ESCOLA ESTADUAL DE ENSINO FUNDAMENTAL E MÉDIO VIRGÍNIA NOVA,VIRGÍNIA NOVA,-20.75349,-40.96833,303,-1,0
2022,1138,56871,35,1171,EP QUARTEIRÃO,QUARTEIRÃO DE SANTANA,-20.86171,-40.94845,608,-1,0
2022,1139,56871,35,1180,EP ITATAÍBA,ITATAÍBA,-20.85626,-40.84257,351,-1,0
2022,1140,56871,35,1201,EPM VITAL LUCAS,SÃO JOSÉ,-20.86813,-40.94274,686,-1,0
2022,1141,56898,9,1015,EEEFM ALICE HOLZMEISTER,CENTRO,-20.10169,-40.52876,1938,-1,0
2022,1142,56898,9,1023,EPM JACOB SCHAEFFER,RIO BONITO,-20.03793,-40.61881,175,-1,0
2022,1143,56898,9,1058,POSTO MÉDICO DE MANGARAÍ,DISTRITO DE MANGARAÍ,-20.17841,-40.50347,484,-1,0
2022,1144,56898,9,1066,IGREJA SÃO PEDRO COMUNIDADE DE REGÊNCIA,DISTRITO DE MANGARAÍ,-20.20126,-40.48125,148,-1,0
2022,1145,56898,9,1104,EEFM ALICE HOLZMEISTER,CENTRO,-20.09936,-40.52776,1627,-1,0
2022,1146,56898,9,1120,EP RIO DAS FARINHAS,RIO DAS FARINHAS,-20.15036,-40.62742,405,-1,0
2022,1147,56898,9,1171,CENTRO COMUNITÁRIO DA IGREJA LUTERANA - HOLANDINHA,HOLANDINHA,-20.2211,-40.56423,208,-1,0
2022,1148,56898,9,1201,EMUF RIO DO NORTE,SANTO ANTÔNIO,-20.04211,-40.58952,253,-1,0
2022,1149,56898,9,1210,EP DJALMA GAEDE,CARAMURU DE BAIXO,-20.09064,-40.65013,412,-1,0
2022,1150,56898,9,1228,EPM FAZENDA PAULO JACOB,CARAMURU,-20.12776,-40.67909,531,-1,0
2022,1151,56898,9,1236,EU DE TRÊS PONTES,TRÊS PONTES,-20.20383,-40.4209,173,-1,0
2022,1152,56898,9,1252,CENTRO COMUNITÁRIO DE MEIA LÉGUA,MEIA LÉGUA,-20.24052,-40.54874,326,-1,0
2022,1153,56898,9,1260,EPM DE LUXEMBURGO,LUXEMBURGO,-20.13313,-40.59048,281,-1,0
2022,1154,56898,9,1287,EPG BARRA DE MANGARAÍ,BARRA DE MANGARAÍ,-20.1349,-40.43911,456,-1,0
2022,1155,56898,9,1295,EUM DE BRAGANÇA,BRAGANÇA,-20.14295,-40.56635,69,-1,0
2022,1156,56898,9,1309,EUM BOQUEIRÃO DO THOMAS,BOQUEIRÃO DO THOMAS,-20.26425,-40.57944,167,-1,0
2022,1157,56898,9,1317,CENTRO COMUNITÁRIO DO RIO DO MEIO,BOQUEIRÃO DO THOMAS,-20.20136,-40.51642,295,-1,0
2022,1158,56898,9,1325,CRECHE SÃO JUDAS TADEU,RETIRO,-20.15663,-40.45823,212,-1,0
2022,1159,56898,9,1333,EP DE CÓRREGO DAS PEDRAS,RIO DAS PEDRAS,-20.17844,-40.67304,251,-1,0
2022,1160,56898,9,1350,CENTRO COMUNITÁRIO DE REGÊNCIA,REGÊNCIA,-20.15036,-40.55457,149,-1,1
2022,1161,56898,9,1368,POSTO MÉDICO DO TIROL,TIROL,-20.15036,-40.55457,522,-1,1
2022,1162,56898,9,1376,CEMEI APA - JARDIM DE INFÂNCIA,CENTRO,-20.10052,-40.52826,973,-1,1
2022,1163,56910,11,1015,EEEFM JOSÉ PINTO COELHO,VILA NOVA,-19.93994,-40.60967,2289,-1,0
2022,1164,56910,11,1023,EMEI PESSANHA PÓVOA,CENTRO,-19.93459,-40.60103,2739,-1,0
2022,1165,56910,11,1031,ESCOLA SANTA CATARINA,CENTRO,-19.93519,-40.6011,2871,-1,0
2022,1166,56910,11,1066,EEEFM FREDERICO PRETTI,SÃO JOÃO DE PETRÓPOLIS,-19.81256,-40.6774,1022,-1,0
2022,1167,56910,11,1082,EMEIEF VISCONDE DE INHAÚMA,S. ANTÔNIO DO CANAÃ,-19.82578,-40.65462,1925,-1,0
2022,1168,56910,11,1090,EMEIEF PROFESSOR HAUSLER,25 DE JULHO,-19.77794,-40.60876,543,-1,0
2022,1169,56910,11,1104,EMEIEF SEBASTIÃO JOSÉ PIVETTA,VÁRZEA ALEGRE,-19.89565,-40.76267,2133,-1,0
2022,1170,56910,11,1120,EMEIEF PAULINO ROCON,ALTO CALDEIRÃO,-19.95435,-40.74232,1052,-1,0
2022,1171,56910,11,1180,ESFA - ESCOLA SUPERIOR SÃO FRANCISCO DE ASSIS,DOIS PINHEIROS,-19.93784,-40.59147,3734,-1,0
2022,1172,56910,11,1198,EMEF ETHEVALDO DAMÁZIO,JARDIM DA MONTANHA,-19.94223,-40.58168,514,-1,0
2022,1173,56910,11,1201,EMEI EMILINHA,VILA NOVA,-19.93972,-40.60793,1376,-1,0
2022,1174,56936,37,1015,CÂMARA MUNICIPAL DE VEREADORES,CENTRO,-19.01788,-40.53602,715,415,1
2022,1175,56936,37,1031,EMEF PROFESSORA ANNA CAVATTI COLOMBI,BOA VISTA,-19.00662,-40.53967,1420,413,0
2022,1176,56936,37,1040,EEEF PROF. CARLOS DIAS MIRANDA CUNHA,POPULARES,-19.01525,-40.54065,2277,426,0
2022,1177,56936,37,1058,CEEMTI GOVERNADOR GERSON CAMATA - ESCOLA VIVA,SÃO VICENTE,-19.01192,-40.53508,2577,424,0
2022,1178,56936,37,1066,EEEF PROFA. MARIA CELESTE TOREZANI STORCH,SANTA CECÍLIA,-19.02031,-40.53808,1250,428,0
2022,1179,56936,37,1074,EMEF IRMA ADELAIDE BERTOCH,SANTA CECÍLIA,-19.02177,-40.53559,2380,428,0
2022,1180,56936,37,1082,PEM CHAPEUZINHO VERMELHO,CENTRO,-19.01788,-40.53602,1649,415,0
2022,1181,56936,37,1090,EEEFM ILDA FERREIRA DA FONSECA MARTINS,BOA VISTA,-19.01008,-40.53965,1525,420,0
2022,1182,56936,37,1163,EEEFM VERA CRUZ,VILA FARTURA,-18.903,-40.4473,1801,-1,0
2022,1183,56936,37,1180,EPM PATRIMÔNIO SÃO ROQUE DA TERRA ROXA,SÃO ROQUE DA TERRA ROXA,-18.91367,-40.50786,487,-1,0
2022,1184,56936,37,1210,EMEF BERTOLO MALACARNE,CACHOEIRA DA ONÇA,-19.04109,-40.54166,1240,414,0
2022,1185,56936,37,1228,QUADRA POLIESPORTIVA WALDIR ZATTA - SÃO JOSÉ,SÃO JOSÉ,-19.03938,-40.61591,491,-1,0
2022,1186,56936,37,1236,EMUEF SÃO SEBASTIÃO DA BARRA SECA,SÃO SEBASTIÃO DA BARRA SECA,-18.91046,-40.58423,528,-1,0
2022,1187,56936,37,1244,EMEIEF JOÃO GABRIEL,SANTA TEREZINHA,-19.03329,-40.54142,786,431,0
2022,1188,56936,37,1260,EMEIC FRANCISCO JOSÉ MATTEDI,VILA FARTURA,-18.89576,-40.48165,330,-1,0
2022,1189,56936,37,1279,CMEI MERCEDES GOMES DE OLIVEIRA,SÃO SEBASTIÃO,-18.99097,-40.53043,686,418,1
2022,1190,56936,37,1317,CMEI LUCIANA GLAZAR PINAFFO - CRIANÇA ESPERANÇA - SANTA HELENA,JARDIM PASSAMANI,-18.9997,-40.53405,1327,418,0
2022,1191,56936,37,1325,CENTRO COMUNITÁRIO DA IG. CATÓLICA DO PAT. DE S. ROQUE DA TERRA ROXA,SÃO ROQUE DA TERRA ROXA,-18.91298,-40.50775,270,-1,0
2022,1192,56936,37,1333,CMEI VOVÓ ZEFA,BOA VISTA,-19.00888,-40.53969,1418,413,0
2022,1193,56936,37,1368,EFAB MEPES,SEDE,-19.00908,-40.47672,380,-1,0
2022,1194,56936,37,1376,EMEIEF BEM VIVER,VILA COMBONI,-19.03036,-40.52965,2049,412,0
2022,1195,56952,44,1015,EPSG MERCÊS GARCIA VIEIRA,CENTRO,-20.97575,-41.64864,3412,-1,1
2022,1196,56952,44,1058,EPG DE ALTO CALÇADO,DISTRITO DE ALTO CALÇADO,-20.97575,-41.64864,1025,-1,1
2022,1197,56952,44,1066,EPG DE AIRITUBA,DISTRITO DE AIRITUBA,-20.97575,-41.64864,685,-1,1
2022,1198,56952,44,1074,EPG PATRIMÔNIO DO DIVINO,DISTRITO PATRIMÔNIO DO DIVINO,-20.97575,-41.64864,391,-1,1
2022,1199,56952,44,1082,EMEF MANOEL FRANCO,CENTRO,-20.97575,-41.64864,2340,-1,1
2022,1200,56952,44,1090,CMEI MARIETA CASTRO,CENTRO,-20.97575,-41.64864,789,-1,1
2022,1201,56979,21,1023,EEEFM CECILIANO ABEL DE ALMEIDA,CENTRO,-18.71573,-39.85655,3765,-1,0
2022,1202,56979,21,1031,EMEF PROF. JOÃO PINTO BANDEIRA,SERNAMBY,-18.72254,-39.85123,3989,-1,0
2022,1203,56979,21,1040,EEEFM PIO XII,CENTRO,-18.71531,-39.85086,3029,-1,0
2022,1204,56979,21,1058,APAE - ASSOCIAÇÃO DE PAIS E AMIGOS DE EXCEPCIONAIS,CENTRO,-18.71529,-39.85232,792,-1,0
2022,1205,56979,21,1066,EEEFM MARITA MOTTA SANTOS (POLIVALENTE),BOA VISTA,-18.71791,-39.85938,3275,-1,0
2022,1206,56979,21,1074,COLÉGIO CONHECER,BOA VISTA,-18.71893,-39.86086,2499,-1,0
2022,1207,56979,21,1104,EMEF LILAZINA GOMES DE SOUZA,POSTO ESSO,-18.71389,-39.87759,1735,-1,0
2022,1208,56979,21,1112,EEEF EMÍLIO ROBERTO ZANOTTI,BOA VISTA,-18.71799,-39.85918,941,-1,0
2022,1209,56979,21,1120,EMEF DR. ARNÓBIO ALVES DE HOLANDA,FORNO VELHO 2 (COHAB 2),-18.7307,-39.84163,3175,-1,0
2022,1210,56979,21,1139,EPEFM ALTERNATIVA LAGO DO CISNE,LAGO DOS CISNES,-18.7208,-39.84305,3190,-1,0
2022,1211,56979,21,1228,EMEF Mª FRANCISCA NUNES COUTINHO (NATIVO BARRA NOVA),NATIVO DE BARRA NOVA,-18.90755,-39.77839,1137,-1,0
2022,1212,56979,21,1252,EMEF DE GURIRI,GURIRI,-18.74306,-39.75003,3420,-1,0
2022,1213,56979,21,1260,CEIM DE AREINHA,AREINHA,-18.72734,-39.81516,1566,-1,0
2022,1214,56979,21,1287,EEEFM PIO XII - PROVISÓRIO,CENTRO,-18.71544,-39.85324,818,-1,1
2022,1215,56979,21,1341,CEIM SÃO JOÃO,SERNAMBY,-18.71883,-39.8535,962,-1,0
2022,1216,56979,21,1422,EMP ENEDINO MONTEIRO,BARRA NOVA,-18.95635,-39.74245,391,-1,0
2022,1217,56979,21,1430,EMEF MARIA DA CUNHA FUNDÃO,SEAC,-18.74688,-39.85765,2382,-1,0
2022,1218,56979,21,1457,EMEF MARIA APARECIDA DOS SANTOS SILVA FILADELFO,MORADA DO RIBEIRÃO,-18.73217,-39.85465,2231,-1,0
2022,1219,56979,21,1481,UNIVC - COLÉGIO NACIONAL,UNIVERSITÁRIO,-18.72286,-39.84512,2612,-1,0
2022,1220,56979,21,1511,EMEF CRICARÉ,BEIRA RIO,-18.7127,-39.86864,1158,-1,0
2022,1221,56979,21,1562,IGREJA SANTA LUZIA DO RIO PRETO - COMUNIDADE SANTA LUZIA DO RIO PRETO,RIO PRETO ( SANTA LUZIA ),-18.80227,-39.96059,138,-1,0
2022,1222,56979,21,1570,EMEF OURO NEGRO,GURIRI,-18.74525,-39.75023,3019,-1,0
2022,1223,56979,21,1597,EM SAPUCAIA 2 (PALMITINHO-SANTA LUZIA),COMUNIDADE SANTA LUZIA,-18.97312,-39.87978,124,-1,0
2022,1224,56979,21,1619,EPM ALICE MOREIRA MACHADO,BARRA NOVA,-18.94789,-39.74416,182,-1,0
2022,1225,56979,21,1643,EEEM WALLACE CASTELO DUTRA,GURIRI,-18.73203,-39.75755,3938,-1,0
2022,1226,56979,21,1651,CDPSM - CENTRO DE DETENÇÃO PROVISÓRIA DE SÃO MATEUS,FAZENDA RANCHO DAS TELHAS,-18.7736,-39.8695,0,-1,0
2022,1227,56979,21,1678,CEIM GIRASSOL,SANTA LEOCÁDIA,-18.7179,-40.09113,693,-1,0
2022,1228,56979,21,1686,EM DE PAULISTA,PAULISTA,-18.85545,-39.93216,856,-1,0
2022,1229,56979,21,1694,EMEF BONSUCESSO,BONSUCESSO 2,-18.72398,-39.89037,2354,-1,0
2022,1230,56979,21,1708,CEIM PAULO FREIRE,VILA VERDE,-18.7242,-39.87161,828,-1,0
2022,1231,56979,21,1716,EMEF MARIZETE V. DO NASCIMENTO (ARUEIRA),ARUEIRA,-18.73876,-39.93233,1486,-1,1
2022,1232,56979,21,1724,ESCOLA MUNICIPAL MILITINO CARRAFA,KM 13,-18.70247,-39.96689,326,-1,0
2022,1233,56979,21,1732,EMEF MERCEDES DE AGUIAR (ITAUNINHAS),ITAUNINHAS,-18.48892,-40.09056,481,-1,0
2022,1234,56979,21,1740,EEEF NESTOR GOMES,NESTOR GOMES ( KM 41 ),-18.7298,-40.22244,2686,-1,0
2022,1235,56979,21,1759,ESCOLA FAMÍLIA AGRÍCOLA DO KM 41,NESTOR GOMES ( KM 41 ),-18.72969,-40.22308,962,-1,0
2022,1236,56979,21,1767,EMEF SANTA TEREZINHA (PONTE),SANTA TEREZA,-18.70934,-39.87888,1431,-1,0
2022,1237,56979,21,1775,EPM CÓRREGO SECO,CÓRREGO SECO,-18.73064,-40.21185,256,-1,0
2022,1238,56979,21,1783,EM SÃO PIO X,CÓRREGO DA PALMEIRA,-18.72439,-40.26687,229,-1,0
2022,1239,56979,21,1791,EEEFM AMÉRICO SILVARES,VILA NOVA,-18.72094,-39.8728,3726,-1,0
2022,1240,56979,21,1805,EMEF VEREADOR LAURINDO SAMARITANO (CRUZAMENTO),LITORÂNEO,-18.68175,-39.86361,1979,-1,0
2022,1241,56979,21,1813,ANEDINA ALMEIDA SANTOS,NOVA LIMA,-18.50745,-40.01728,1274,-1,0
2022,1242,56979,21,1821,CAIC - CENTRO DE ATENDIMENTO INTEGRAL A CRIANÇA,BONSUCESSO 1,-18.72017,-39.88268,5405,-1,0
2022,1243,56979,21,1830,EMEIEF ZUMBI DOS PALMARES,ASSENTAMENTO ZUMBI DOS PALMARES,-18.73259,-40.36584,208,-1,0
2022,1244,56979,21,1848,EPM NOVA VISTA,NOVA VISTA 1,-18.61006,-40.08364,439,-1,0
2022,1245,56979,21,1856,EMEF KM 35 - NOVA AYMORÉS,NOVA AYMORÉS ( KM 35 ),-18.7163,-40.16065,1709,-1,0
2022,1246,56979,21,1864,EEEFM SANTO ANTÔNIO,SANTO ANTÔNIO,-18.71639,-39.87999,5126,-1,0
2022,1247,56979,21,1872,COMUNIDADE NOVA VERONA - IGREJA NOSSA SENHORA DA PENHA,NOVA VERONA,-18.72796,-40.37416,234,-1,0
2022,1248,56979,21,1880,EMEF CÓRREGO DO MILANEZ,KM 28,-18.71793,-40.10567,2244,-1,0
2022,1249,56979,21,1899,GRUPO ESCOLAR DE SANTA MARIA,SANTA MARIA,-18.58127,-40.14125,1739,-1,0
2022,1250,56979,21,1910,UAPS URUSSUQUARA,BALNEÁRIO DE URUSSUQUARA,-19.09164,-39.72374,105,-1,0
2022,1251,56979,21,1929,EMEF HERINEA LIMA OLIVEIRA,GURIRI,-18.73044,-39.76613,1241,-1,0
2022,1252,56995,26,1015,EEEFM SERRA SEDE,CENTRO,-20.1262,-40.30726,4119,540,0
2022,1253,56995,26,1023,EMEF SERRANA,SÃO JUDAS TADEU,-20.12624,-40.31319,2889,552,0
2022,1254,56995,26,1031,E.E.E.F.M.  CLÓVIS BORGES MIGUEL (SANTO ANTÔNIO),CENTRO,-20.13073,-40.30838,4267,539,0
2022,1255,56995,26,1040,E.E.E.F.M. GETÚLIO PIMENTEL LOUREIRO,SÃO DOMINGOS,-20.11932,-40.3014,3149,532,1
2022,1256,56995,26,1058,EMEF DE JARDIM BELA VISTA,JARDIM BELA VISTA,-20.1176,-40.31101,3882,483,0
2022,1257,56995,26,1066,EMEF ALBA LÍLIA CASTELLO MIGUEL,VISTA DA SERRA I,-20.13887,-40.30194,5377,563,0
2022,1258,56995,26,1082,EMEF SÃO MARCOS,SÃO MARCOS II,-20.12464,-40.31957,2941,554,0
2022,1259,56995,26,1090,EMEF DE CASCATA,CASCATA,-20.13701,-40.31605,2539,453,0
2022,1260,56995,26,1104,EMEF DJANIRA MARIA DE ARAÚJO,NOSSA SENHORA DA CONCEIÇÃO,-20.12176,-40.31581,1644,503,0
2022,1261,56995,26,1112,EEEF ADELVANI AZEVEDO,CAMPINHO DA SERRA II,-20.14608,-40.29329,2182,450,0
2022,1262,56995,26,1120,EMEF JONAS FARIAS,NOVA CARAPINA I,-20.15607,-40.273,7123,505,0
2022,1263,56995,26,1139,EMEF GOVERNADOR CARLOS LINDEMBERG,BARRO BRANCO,-20.16297,-40.27068,4088,514,0
2022,1264,56995,26,1147,EEEF MESTRE ÁLVARO,ELDOURADO,-20.1475,-40.26415,6681,474,0
2022,1265,56995,26,1155,EMEF MINISTRO PETRÔNIO PORTELA,MATA DA SERRA,-20.15855,-40.2474,3130,501,0
2022,1266,56995,26,1163,EEEFM HILDA MIRANDA NASCIMENTO,PORTO CANOA,-20.15215,-40.2511,3960,525,0
2022,1267,56995,26,1201,EEEF SIZENANDO PECHINCHA,BARCELONA,-20.17124,-40.25815,4640,441,0
2022,1268,56995,26,1511,EMEF DE PUTIRI,PUTIRI,-20.05063,-40.30535,216,-1,0
2022,1269,56995,26,1520,EMEF DE BELVEDERE,BELVEDERE,-20.09691,-40.34036,988,443,0
2022,1270,56995,26,1694,EMEF DE DIVINÓPOLIS,DIVINÓPOLIS,-20.11007,-40.32617,1816,473,0
2022,1271,56995,26,1708,EEEF JUDITH CASTELLO LEÃO,PITANGA,-20.17024,-40.28015,1484,519,0
2022,1272,56995,26,1775,EEEFM  PROFESSOR  JOÃO ANTUNES DAS DORES,PLANALTO SERRANO BLOCO A,-20.13474,-40.28706,4715,521,0
2022,1273,56995,26,1783,EMEF HERBERT DE SOUZA,SÃO MARCOS II,-20.12175,-40.31953,2468,489,0
2022,1274,56995,26,1791,EMEF PAULO FREIRE,VISTA DA SERRA II,-20.14129,-40.29676,3057,450,0
2022,1275,56995,26,1813,EEEF NOVA CARAPINA II,NOVA CARAPINA II,-20.15346,-40.26615,4359,506,0
2022,1276,56995,26,1848,EMEF JOÃO CALMON,PLANALTO SERRANO BLOCO B,-20.12465,-40.27932,3897,521,0
2022,1277,56995,26,1899,EMEF ISMÊNIO VIDIGAL,PLANALTO SERRANO BLOCO A,-20.13361,-40.28823,3083,521,0
2022,1278,56995,26,1902,EMEF CIDADE POMAR,CIDADE POMAR,-20.14625,-40.27129,3013,462,0
2022,1279,56995,26,1910,EEEF MARINGÁ,MARINGÁ,-20.16572,-40.25274,1426,500,0
2022,1280,56995,26,1929,EMEF SANTIAGO DA SERRA,SANTIAGO DA SERRA,-20.01927,-40.40183,180,538,0
2022,1281,56995,26,1945,EMEF IOLANDA SCHINEIDER RANGEL DA SILVA,PORTO CANOA,-20.15646,-40.25277,2449,525,0
2022,1282,56995,26,1953,EEEF CAMPINHO,CAMPINHO DA SERRA I,-20.14057,-40.28738,655,449,0
2022,1283,56995,26,1961,EMEF CHAPADA GRANDE,CHAPADA GRANDE,-20.04575,-40.38661,451,461,0
2022,1284,56995,26,1970,CDPS - CENTRO DE DETENÇÃO PROVISÓRIA DE SERRA,QUEIMADOS,-20.17125,-40.35158,0,-1,0
2022,1285,56995,26,1996,EMEF ALDARY NUNES,CENTRO,-20.12793,-40.306,2182,540,0
2022,1286,56995,26,2003,EMEF ABRAHÃO GOMES DE ARAUJO,BARCELONA,-20.17274,-40.24465,6248,441,0
2022,1287,56995,53,1023,EEF MANOEL CARLOS DE MIRANDA,JOSÉ DE ANCHIETA,-20.13201,-40.29704,6876,563,1
2022,1288,56995,53,1031,EMEF OLIVINA SIQUEIRA,JARDIM TROPICAL,-20.13201,-40.29704,3632,563,1
2022,1289,56995,53,1040,EEEF JÔNES JOSÉ DO NASCIMENTO,CENTRAL CARAPINA,-20.13201,-40.29704,5814,563,1
2022,1290,56995,53,1058,CRECHE PENÉLOPE,JARDIM LIMOEIRO,-20.13201,-40.29704,4045,563,1
2022,1291,56995,53,1066,EEF SÃO DIOGO,SÃO DIOGO II,-20.13201,-40.29704,3423,563,1
2022,1292,56995,53,1074,EEEF MARIA MAGDALENA PISA,SÃO GERALDO,-20.13201,-40.29704,1348,563,1
2022,1293,56995,53,1082,EEEFM DOM JOÃO BATISTA DA MOTTA E ALBUQUERQUE,ANDRÉ CARLONI,-20.13201,-40.29704,3701,563,1
2022,1294,56995,53,1090,EMEF LACY ZULEICA NUNES,CARAPINA,-20.13201,-40.29704,3904,563,1
2022,1295,56995,53,1104,EEEFM ARLINDO FERREIRA LOPES,BOA VISTA,-20.13201,-40.29704,2294,563,1
2022,1296,56995,53,1112,EEEFM RÔMULO CASTELLO,CARAPINA,-20.13201,-40.29704,4936,563,1
2022,1297,56995,53,1120,EEEFM CLOTILDE RATO,DE FÁTIMA,-20.13201,-40.29704,4758,563,1
2022,1298,56995,53,1139,EEEFM BELMIRO TEIXEIRA PIMENTA,EURICO SALLES,-20.13201,-40.29704,2139,563,1
2022,1299,56995,53,1147,EEEFM ARISTÓBULO BARBOSA LEÃO,JARDIM LIMOEIRO,-20.13201,-40.29704,7052,563,1
2022,1300,56995,53,1155,EEF AURENÍRIA CORREIA PIMENTEL,NOVO HORIZONTE,-20.13201,-40.29704,4499,563,1
2022,1301,56995,53,1228,EMEF DR. HÉLIO FERRAZ,HÉLIO FERRAZ,-20.13201,-40.29704,3605,563,1
2022,1302,56995,53,1244,EEEF LARANJEIRAS,LARANJEIRAS VELHA,-20.13201,-40.29704,3028,563,1
2022,1303,56995,53,1252,EEEFM MARIA PENEDO,VALPARAÍSO,-20.13201,-40.29704,6557,563,1
2022,1304,56995,53,1260,EEEF IRACEMA CONCEIÇÃO SILVA,CHÁCARA PARREIRAL,-20.13201,-40.29704,4609,563,1
2022,1305,56995,53,1287,EEEFM SÍLVIO EGITO SOBRINHO,JOSÉ DE ANCHIETA,-20.13201,-40.29704,5182,563,1
2022,1306,56995,53,1295,EMEF AMÉRICO GUIMARÃES COSTA,CARAPINA GRANDE,-20.13201,-40.29704,3724,563,1
2022,1307,56995,53,1317,EMEF PADRE GABRIEL,JARDIM CARAPINA,-20.13201,-40.29704,4015,563,1
2022,1308,56995,53,1325,CAEE DR. PEDRO FEU ROSA - APAE,PARQUE RESIDENCIAL LARANJEIRAS,-20.13201,-40.29704,4681,563,1
2022,1309,56995,53,1333,EMEF PROFESSOR LUÍZ BATISTA,JARDIM TROPICAL,-20.13201,-40.29704,5123,563,1
2022,1310,56995,53,1341,EMEF ELPÍDIA COIMBRA,ANDRÉ CARLONI,-20.13201,-40.29704,1790,563,1
2022,1311,56995,53,1368,EMEF NOVO HORIZONTE,NOVO HORIZONTE,-20.13201,-40.29704,5947,563,1
2022,1312,56995,53,1392,EEF JOÃO PAULO II,JARDIM CARAPINA,-20.13201,-40.29704,5575,563,1
2022,1313,56995,53,1406,CENTRO EDUCACIONAL INFANTIL OLINDINA LEÃO NUNES,TAQUARA I,-20.13201,-40.29704,2784,563,1
2022,1314,56995,53,1414,EEEF MANOEL LOPES,TAQUARA II,-20.13201,-40.29704,2789,563,1
2022,1315,56995,53,1473,EMEF ALTAIR SIQUEIRA COSTA,JARDIM LIMOEIRO,-20.13201,-40.29704,1176,563,1
2022,1316,56995,53,1481,CMEI JARBAS SILVA FILHO,COLINA DE LARANJEIRAS,-20.13201,-40.29704,3218,563,1
2022,1317,56995,53,1490,EMEF DOM JOSE MAURO PEREIRA BASTOS,MORADA DE LARANJEIRAS,-20.13201,-40.29704,2426,563,1
2022,1318,56995,53,1503,EEEFM MARIA JOSÉ ZOUAIN MIRANDA,VALPARAÍSO,-20.13201,-40.29704,1394,563,1
2022,1319,56995,53,1511,CMEI LUCIANO DE SOUZA RANGEL,PARQUE RESIDENCIAL LARANJEIRAS,-20.13201,-40.29704,1169,563,1
2022,1320,56995,59,1015,EMEF BICANGA,BICANGA,-20.13201,-40.29704,1116,563,1
2022,1321,56995,59,1023,EEF TANCREDO DE ALMEIDA NEVES,CAMARÁ,-20.13201,-40.29704,792,563,1
2022,1322,56995,59,1031,EEEF CARAPEBUS,CARAPEBUS,-20.13201,-40.29704,2460,563,1
2022,1323,56995,59,1040,EEEFM PROFESSORA MARIA OLINDA DE OLIVEIRA MENESES,CIDADE CONTINENTAL ÁSIA,-20.13201,-40.29704,5008,563,1
2022,1324,56995,59,1058,EEEFM ZUMBI DOS PALMARES,CIDADE CONTINENTAL OCEANIA,-20.13201,-40.29704,4164,563,1
2022,1325,56995,59,1066,EEEFM ANTÔNIO ENGRÁCIO DA SILVA,FEU ROSA,-20.13201,-40.29704,4992,563,1
2022,1326,56995,59,1074,EMEF FEU ROSA,FEU ROSA,-20.13201,-40.29704,8529,563,1
2022,1327,56995,59,1082,EEEFM FRANCISCO NASCIMENTO (CASTELÂNDIA),JACARAÍPE,-20.13201,-40.29704,3871,563,1
2022,1328,56995,59,1090,EEEF GERMANO ANDRÉ LUBE (BAIRRO DAS LARANJEIRAS),JACARAÍPE,-20.13201,-40.29704,4809,563,1
2022,1329,56995,59,1104,EMEF PROF. MARIA ISTELA MODENESI,JACARAÍPE,-20.13201,-40.29704,5610,563,1
2022,1330,56995,59,1112,EMEF DOM HELDER PESSOA CÂMARA (SÃO PATRICIO),JACARAÍPE,-20.13201,-40.29704,6427,563,1
2022,1331,56995,59,1120,EMEF LEONEL DE MOURA BRIZOLA,JACARAÍPE,-20.13201,-40.29704,5007,563,1
2022,1332,56995,59,1139,CMEI VOVÓ RITINHA,MANGUINHOS,-20.13201,-40.29704,1072,563,1
2022,1333,56995,59,1147,EEEF PREFEITO JOSÉ MARIA MIGUEL FEU ROSA,MANGUINHOS,-20.13201,-40.29704,1776,563,1
2022,1334,56995,59,1155,EMEF JULITE MIRANDA FREITAS (SERRAMAR),NOVA ALMEIDA,-20.13201,-40.29704,3481,563,1
2022,1335,56995,59,1163,EMEF LEONOR MIGUEL FEU ROSA (REIS MAGOS),NOVA ALMEIDA,-20.13201,-40.29704,3005,563,1
2022,1336,56995,59,1171,EMEF PROFESSOR  DARCY RIBEIRO,PARQUE DAS GAIVOTAS,-20.13201,-40.29704,5302,563,1
2022,1337,56995,59,1180,EEEFM FRANCISCA PEIXOTO MIGUEL,SERRA DOURADA II,-20.13201,-40.29704,3506,563,1
2022,1338,56995,59,1198,EEEFM MARINETE DE SOUZA LIRA,FEU ROSA,-20.13201,-40.29704,6189,563,1
2022,1339,56995,59,1201,EMEF IRMÃ DULCE,PARQUE RESIDENCIAL TUBARÃO,-20.13201,-40.29704,2355,563,1
2022,1340,56995,59,1210,EMEF SERRA DOURADA,SERRA DOURADA I,-20.13201,-40.29704,4678,563,1
2022,1341,56995,59,1228,EEEFM ELICE BATISTA GÁUDIO,SERRA DOURADA II,-20.13201,-40.29704,5321,563,1
2022,1342,56995,59,1236,EEEF ANNA GOMES,SERRA DOURADA III,-20.13201,-40.29704,4258,563,1
2022,1343,56995,59,1244,EMEF VALÉRIA MARIA MIRANDA,VILA NOVA DE COLARES,-20.13201,-40.29704,7434,563,1
2022,1344,56995,59,1252,CMEI SANDRA MARIA NEPOMUCENO DALLABERNARDINA,BALNEÁRIO DE CARAPEBUS,-20.13201,-40.29704,1879,563,1
2022,1345,56995,59,1279,EMEF NEUSA MARIA PEYNEAU,JARDIM ATLÂNTICO,-20.13201,-40.29704,3935,563,1
2022,1346,56995,59,1287,COLÉGIO REDE ALTERNATIVO UNIDADE JACARAÍPE,CASTELÂNDIA,-20.13201,-40.29704,2615,563,1
2022,1347,56995,59,1295,EMEF VALERIANA ROSA CEZAR,NOVA ALMEIDA,-20.13201,-40.29704,1332,563,1
2022,1348,56995,59,1309,EMEF MARIA ANSELMO,ALTEROSAS,-20.13201,-40.29704,506,563,1
2022,1349,56995,59,1317,EEEF FRANCISCO ALVES MENDES,CIDADE CONTINENTAL ÁSIA,-20.13201,-40.29704,1428,563,1
2022,1350,56995,59,1325,EMEF ABEL BEZERRA,FEU ROSA,-20.13201,-40.29704,1151,563,1
2022,1351,56995,59,1333,CMEI PROFESSORA VERA LUCIA LORENÇON BARCELOS,BAIRRO DAS LARANJEIRAS,-20.13201,-40.29704,2879,563,1
2022,1352,57010,47,1015,EMEF PADRE ANTUNES SIQUEIRA,VIANA SEDE,-20.39549,-40.49904,1439,573,1
2022,1353,57010,47,1023,UNIDADE DE SAÚDE BAIRRO RIBEIRA,RIBEIRA,-20.37752,-40.45745,618,580,0
2022,1354,57010,47,1031,EMEF DORIVAL BRANDÃO,BOM PASTOR,-20.39068,-40.47089,2106,569,0
2022,1355,57010,47,1058,JARDIM DE INFÂNCIA PROFESSORA BILUCA,CENTRO,-20.38977,-40.4957,996,573,0
2022,1356,57010,47,1074,EEEF NELSON VIEIRA PIMENTEL,VIANA SEDE,-20.39151,-40.49655,2829,573,0
2022,1357,57010,47,1082,EMEF ADAMASTOR FURTADO,UNIVERSAL,-20.36037,-40.4465,3057,581,0
2022,1358,57010,47,1090,EMEF FRANCISCO DE ASSIS PEREIRA,CANAÃ,-20.35971,-40.43742,1959,571,0
2022,1359,57010,47,1104,EMEF DR. ARCÍLIO TONONI,PRIMAVERA,-20.35456,-40.42773,1530,579,0
2022,1360,57010,47,1112,EMEF CONSTANTINO JOSÉ VIEIRA,MARCÍLIO DE NORONHA,-20.34815,-40.42428,2700,575,0
2022,1361,57010,47,1120,EMEF DENIZART SANTOS,INDUSTRIAL,-20.34455,-40.42028,1478,575,0
2022,1362,57010,47,1139,EEEFM MARIA DE NOVAES PINHEIRO,VILA BETHÂNIA,-20.36159,-40.40469,2051,582,0
2022,1363,57010,47,1147,EMEF ULISSES DOS SANTOS FILHO,MORADA DE BETHÂNIA,-20.38568,-40.4049,996,576,0
2022,1364,57010,47,1155,EMEF TANCREDO DE ALMEIDA NEVES,NOVA BETHÂNIA,-20.36859,-40.42059,4314,577,0
2022,1365,57010,47,1163,EMEF EUZÉLIA LYRIO,AREINHA,-20.3723,-40.43064,803,566,0
2022,1366,57010,47,1171,EMEF JOÃO PAULO SOBRINHO,AREINHA,-20.36715,-40.42262,1675,572,0
2022,1367,57010,47,1180,EMEF DE ARAÇATIBA,ARAÇATIBA,-20.46172,-40.48805,842,565,0
2022,1368,57010,47,1198,EMEF ORESTES SOUTO NOVAES,JUCU,-20.42191,-40.46124,1951,574,0
2022,1369,57010,47,1210,CMEI ADÉLIA DE OLIVEIRA SILVA,AREINHA,-20.36891,-40.42607,762,572,0
2022,1370,57010,47,1228,CMEI LOURDES MARIA CARVALHO CAPDEVILLE,UNIVERSAL,-20.35934,-40.44751,1002,581,0
2022,1371,57010,47,1236,EMEF ALVIMAR SILVA,IPANEMA,-20.36102,-40.45409,1728,581,0
2022,1372,57010,47,1260,EMUEF AILA PAIVA LUBE,SÃO PAULO DE VIANA,-20.3117,-40.54599,244,-1,0
2022,1373,57010,47,1279,CMEI MARIA DE LOURDES COUTINHO PASSOS - MATRIZ,VILA BETHÂNIA,-20.36286,-40.40507,1379,582,0
2022,1374,57010,47,1287,CMEI MANOEL EVÊNCIO DE OLIVEIRA,NOVA BETHÂNIA,-20.37144,-40.41762,1128,577,0
2022,1375,57010,47,1309,EMPEF NALY FREITAS DO SACRAMENTO,FORMATE,-20.35269,-40.51323,364,-1,0
2022,1376,57010,47,1325,EMEF WASHINGTON MARTINS FILHO,MARCÍLIO DE NORONHA,-20.34163,-40.43201,656,575,0
2022,1377,57010,47,1333,EMEF MARCÍLIO DE NORONHA,MARCÍLIO DE NORONHA,-20.34563,-40.42808,1677,575,1
2022,1378,57010,47,1341,CMEI CALYPIO SIQUEIRA ROCHA,MARCÍLIO DE NORONHA,-20.34539,-40.42758,630,575,1
2022,1379,57010,47,1350,EMEF SOTECO,SOTECO,-20.36321,-40.425,1107,572,0
2022,1380,57010,47,1368,EMEF GISLENE SILVA QUEIROZ,CAXIAS DO SUL,-20.36389,-40.4212,699,572,0
2022,1381,57010,47,1376,EEEM IRMÃ DULCE LOPES PONTES,MARCÍLIO DE NORONHA,-20.34746,-40.42454,3799,575,0
2022,1382,57010,47,1406,EMPEF LUIZ LUBE,PIAPITANGÜI,-20.34618,-40.48174,259,580,1
2022,1383,57010,47,1430,CMEI JOANA BATISTA CHAGAS,VALE DO SOL,-20.37717,-40.42677,588,566,0
2022,1384,57010,47,1457,CDPV II - CENTRO DE DETENÇÃO PROVISÓRIA DE VIANA II,CABRAL,-20.36751,-40.44331,0,578,1
2022,1385,57010,47,1473,CMEI MARIA ANTÔNIA DE SOUZA BRAVIM,CANAÃ,-20.35826,-40.43895,1437,571,0
2022,1386,57010,47,1481,EEEFM EWERTON MONTENEGRO GUIMARÃES,ARLINDO VILLASCHI,-20.3668,-40.41776,249,567,0
2022,1387,57010,47,1490,EMEF PROF. DIVANETA LESSSA MORAES (CAÍQUE),CAMPO VERDE,-20.37294,-40.40942,162,570,0
2022,1388,57010,47,1503,CMEI MARIA DE LOURDES COUTINHO PASSOS - ANEXO,VILA BETHÂNIA,-20.36276,-40.40806,2108,582,0
2022,1389,57037,32,1066,CEEFMTI ASSISOLINA DE ASSIS ANDRADE,ARIBIRI,-20.33944,-40.32333,6493,587,0
2022,1390,57037,32,1074,UMEF OFÉLIA ESCOBAR,ARIBIRI,-20.34044,-40.32062,2996,587,0
2022,1391,57037,32,1082,UMEF ANA BERNARDES ROCHA,ARGOLAS,-20.32752,-40.34406,2202,586,0
2022,1392,57037,32,1090,UMEF PROFESSOR LUIZ MALIZECK,DIVINO ESPÍRITO SANTO,-20.34536,-40.29216,1520,606,0
2022,1393,57037,32,1236,COLÉGIO CASTRO ALVES,ITAPOÃ,-20.34823,-40.28864,5415,618,0
2022,1394,57037,32,1252,UMEF DESEMBARGADOR FERREIRA COELHO,GLÓRIA,-20.33673,-40.3083,3743,609,0
2022,1395,57037,32,1260,UMEF NAYDES BRANDÃO,GLÓRIA,-20.33716,-40.30843,2050,609,0
2022,1396,57037,32,1287,EEEFM LUIZ MANOEL VELLOZO,GLÓRIA,-20.33253,-40.31315,3749,609,0
2022,1397,57037,32,1333,UMEF ANTÔNIA MALBAR,ILHA DAS FLORES,-20.33546,-40.33237,2062,613,0
2022,1398,57037,32,1341,UMEI BASÍLIO COSTALONGA,PAUL,-20.33306,-40.34168,1175,639,0
2022,1399,57037,32,1376,UMEFTI  PROF. ELSON JOSÉ DE SOUZA,JABURUNA,-20.33273,-40.30213,2670,620,0
2022,1400,57037,32,1392,COLÉGIO UP,ITAPOÃ,-20.34803,-40.29404,6382,606,0
2022,1401,57037,32,1430,UMEF GRACIANO NEVES,PAUL,-20.32923,-40.33703,3006,639,0
2022,1402,57037,32,1457,COLÉGIO AMERICANO BATISTA,PRAIA DA COSTA,-20.32993,-40.27496,7551,644,0
2022,1403,57037,32,1473,COMUNIDADE NOSSA SENHORA PERPÉTUO SOCORRO,PRAIA DA COSTA,-20.33544,-40.28407,2138,644,0
2022,1404,57037,32,1597,COLÉGIO SÃO JOSÉ,CENTRO,-20.33396,-40.29279,6215,596,0
2022,1405,57037,32,1600,EEEM GODOFREDO SCHNEIDER,PRAINHA,-20.32978,-40.29274,885,596,0
2022,1406,57037,32,1619,CONTEC,CENTRO,-20.33722,-40.29366,2652,596,0
2022,1407,57037,32,1627,COLÉGIO MARISTA,CENTRO,-20.33623,-40.29097,7982,596,0
2022,1408,57037,32,1660,UMEF THELMO TORRES,ITAPOÃ,-20.34718,-40.28961,3155,618,0
2022,1409,57037,32,1694,EEEFH ADOLFINA ZAMPROGNO,VILA GARRIDO,-20.33758,-40.33701,5769,668,0
2022,1410,57037,32,1708,UMEF ANTÔNIO BEZERRA DE FARIAS,VILA GARRIDO,-20.34043,-40.3401,3283,668,0
2022,1411,57037,32,1848,EEEM FRANCISCO FREITAS LIMA,ILHA DAS FLORES,-20.33284,-40.3343,2090,613,0
2022,1412,57037,32,1864,UMEF MÁRIO CASA NOVA,ILHA DA CONCEIÇÃO,-20.34127,-40.33039,1761,612,0
2022,1413,57037,32,2020,UMEF TI MACIONILIA MAURICIO BUENO,ILHA DAS FLORES,-20.33162,-40.33496,472,613,0
2022,1414,57037,32,2046,CENTRO EDUCACIONAL MESSINA,PRAIA DA COSTA,-20.33429,-40.28336,2123,644,0
2022,1415,57037,32,2054,EEEFM AGENOR DE SOUZA LÉ,DIVINO ESPÍRITO SANTO,-20.34616,-40.29883,3098,606,0
2022,1416,57037,32,2062,UMEF IRMÃ FELICIANA GARCIA,ILHA DOS AIRES,-20.33951,-40.30113,1747,614,0
2022,1417,57037,32,2070,COLEGIO CEIC,ITAPOÃ,-20.34962,-40.29278,3628,618,0
2022,1418,57037,32,2089,COLÉGIO PIO XII,ITAPOÃ,-20.3472,-40.29134,4244,618,0
2022,1419,57037,32,2097,NEP NÚCLEO EDUCACIONAL PRAIA DA COSTA,PRAIA DA COSTA,-20.33321,-40.28562,3540,644,0
2022,1420,57037,32,2119,IGREJA BATISTA DA GLÓRIA,GLÓRIA,-20.33695,-40.30559,580,609,0
2022,1421,57037,32,2127,CENTRO EDUCACIONAL PRAIA DA COSTA,PRAIA DA COSTA,-20.33817,-40.28264,2940,644,0
2022,1422,57037,32,2135,UMEI CASÚLO VOVÔ,PRAIA DA COSTA,-20.32687,-40.2736,666,644,0
2022,1423,57037,32,2143,UMEI MARIA DA GLÓRIA RAUTA,DOM JOÃO BATISTA,-20.33754,-40.3191,479,607,0
2022,1424,57037,55,1015,EPG MARINA BARCELLOS SILVEIRA,ARAÇÁS,-20.34337,-40.32027,5116,588,1
2022,1425,57037,55,1023,UMEF - DR TUFFY NADER,BARRA DO JUCU,-20.34337,-40.32027,3812,588,1
2022,1426,57037,55,1040,UNIVERSIDADE VILA VELHA,BOA VISTA II,-20.34337,-40.32027,8704,588,1
2022,1427,57037,55,1120,EPG ZALUAR DIAS,GUARANHUNS,-20.34337,-40.32027,2712,588,1
2022,1428,57037,55,1155,UMEF SENADOR JOÃO DE MEDEIROS CALMON,PARQUE DAS GAIVOTAS,-20.34337,-40.32027,5235,588,1
2022,1429,57037,55,1163,NEP - NUCLEO EDUCACIONAL PIAGET,COQUEIRAL DE ITAPARICA,-20.34337,-40.32027,4083,588,1
2022,1430,57037,55,1171,UMEF RICARDINA STAMATO DA FONSECA,JARDIM COLORADO,-20.34337,-40.32027,2799,588,1
2022,1431,57037,55,1201,EPSG CATHARINA CHEQUER,NOVO MÉXICO,-20.34337,-40.32027,4615,588,1
2022,1432,57037,55,1244,UMEF ANTÔNIO DE BARCELOS,SANTA MÔNICA,-20.34337,-40.32027,1517,588,1
2022,1433,57037,55,1287,EPG TERRA VERMELHA,TERRA VERMELHA,-20.34337,-40.32027,4049,588,1
2022,1434,57037,55,1317,UMEF EMÍLIA DO ESPÍRITO SANTO CARNEIRO,VALE ENCANTADO,-20.34337,-40.32027,3207,588,1
2022,1435,57037,55,1325,EEEFM MAURA ABAURRE,VILA NOVA,-20.34337,-40.32027,2376,588,1
2022,1436,57037,55,1341,EEEFM JUDITH DA SILVA GOES COUTINHO,PONTA DA FRUTA,-20.34337,-40.32027,2211,588,1
2022,1437,57037,55,1350,EEEFM FRANCELINA CARNEIRO SETÚBAL,COQUEIRAL DE ITAPARICA,-20.34337,-40.32027,4075,588,1
2022,1438,57037,55,1430,CENTRO EDUCACIONAL OCEANO ATLÂNTICO,ITAPARICA,-20.34337,-40.32027,1778,588,1
2022,1439,57037,55,1449,UMEF ILHA DA JUSSARA,ULYSSES GUIMARÃES,-20.34337,-40.32027,5438,588,1
2022,1440,57037,55,1457,UMEF - PROF.  DARCY RIBEIRO,MORADA DA BARRA,-20.34337,-40.32027,3720,588,1
2022,1441,57037,55,1490,UMEF REVERENDO WALDOMIRO,XURI,-20.34337,-40.32027,463,588,1
2022,1442,57037,55,1503,ESCOLA SEB VILA VELHA,COQUEIRAL DE ITAPARICA,-20.34337,-40.32027,10265,588,1
2022,1443,57037,55,1520,UMEF MARIA LUIZA DOS SANTOS VELLOZO,GUARANHUNS,-20.34337,-40.32027,2508,588,1
2022,1444,57037,55,1538,EEEFM MARCÍLIO DIAS,BARRA DO JUCU,-20.34337,-40.32027,2131,588,1
2022,1445,57037,55,1554,UMEF JOFFRE FRAGA,VALE ENCANTADO,-20.34337,-40.32027,5667,588,1
2022,1446,57037,55,1562,UMEF ALGER RIBEIRO BOSSOIS,CIDADE DA BARRA,-20.34337,-40.32027,4320,588,1
2022,1447,57037,55,1775,UMEI - SARAH VICTALINO GUEIROS,BARRAMARES,-20.34337,-40.32027,3289,588,1
2022,1448,57037,55,1783,COLÉGIO JOSÉ BONIFÁCIO,NOVO MÉXICO,-20.34337,-40.32027,3003,588,1
2022,1449,57037,55,1813,COMUNIDADE SANTA TEREZA D'AVILA,DARLY SANTOS,-20.34337,-40.32027,720,588,1
2022,1450,57037,55,1821,UMEF RAYMUNDA DE MENDONÇA,SANTA MÔNICA,-20.34337,-40.32027,3873,588,1
2022,1451,57037,55,1848,UMEF NAIR DIAS BARBOSA,PONTA DA FRUTA,-20.34337,-40.32027,2166,588,1
2022,1452,57037,55,1856,EEEM MÁRIO GURGEL,RESIDENCIAL JABAETÉ,-20.34337,-40.32027,4301,588,1
2022,1453,57037,55,1864,UMEF GOVERNADOR CHRISTIANO DIAS LOPES FILHO,SÃO CONRADO,-20.34337,-40.32027,2477,588,1
2022,1454,57037,55,1872,UMEF PROFESSOR AYLTON DE ALMEIDA,TERRA VERMELHA,-20.34337,-40.32027,2410,588,1
2022,1455,57037,55,1880,FACULDADE NOVO MILÊNIO,COQUEIRAL DE ITAPARICA,-20.34337,-40.32027,6851,588,1
2022,1456,57037,55,1899,EEM PROFESSOR AGENOR RORIZ,COQUEIRAL DE ITAPARICA,-20.34337,-40.32027,4020,588,1
2022,1457,57037,55,1902,UMEF EDSON TAVARES DE SOUZA,VILA NOVA,-20.34337,-40.32027,1704,588,1
2022,1458,57037,55,1910,UMEF ALY DA SILVA,BALNEÁRIO PONTA DA FRUTA,-20.34337,-40.32027,2656,588,1
2022,1459,57037,55,1937,CDPVV - CENTRO DE DETENÇÃO PROVISÓRIA DE VILA VELHA,XURI,-20.34337,-40.32027,0,588,1
2022,1460,57037,55,1970,ACADEMIA MSPORTS,SANTA PAULA,-20.34337,-40.32027,1454,588,1
2022,1461,57037,55,1988,ESCOLA DEPUTADO PAULO SÉRGIO BORGES,MORADA DA BARRA,-20.34337,-40.32027,920,588,1
2022,1462,57037,55,1996,IASES - UNIDADE DE INTERNAÇÃO UNIMETRO,XURI,-20.34337,-40.32027,0,588,1
2022,1463,57037,55,2003,ESCOLA FUNDAÇÃO BRADESCO,ARAÇÁS,-20.34337,-40.32027,1121,588,1
2022,1464,57037,55,2011,UMEF PROFESSOR PAULO CESAR VINHA - CAIC,TERRA VERMELHA,-20.34337,-40.32027,3606,588,1
2022,1465,57037,57,1015,UMEF ANTÔNIO PINTO RODRIGUES,ATAÍDE,-20.33885,-40.32476,2317,595,0
2022,1466,57037,57,1023,UMEFTI REVERENDO ANTÔNIO DA SILVA COSMO - ESCOLA PARQUE,BRISAMAR,-20.35929,-40.31504,1813,594,0
2022,1467,57037,57,1031,UMEFTI DOUTOR TANCREDO DE ALMEIDA NEVES,COBI DE CIMA,-20.33712,-40.35201,807,599,0
2022,1468,57037,57,1040,EEEM ORMANDA GONÇALVES,COBILÂNDIA,-20.3468,-40.3548,2389,634,0
2022,1469,57037,57,1058,UMEF PEDRO HERKENHOF,COBILÂNDIA,-20.35162,-40.35291,1055,601,0
2022,1470,57037,57,1066,CAT- ARLETHE ZORZANELLI BUAIZ-SESI COBILÂNDIA,COBILÂNDIA,-20.35575,-40.35211,2903,601,0
2022,1471,57037,57,1074,UMEF IZALTINA ALMEIDA FERNANDES,JARDIM MARILÂNDIA,-20.35695,-40.3489,4287,625,0
2022,1472,57037,57,1082,UMEF DANTE MICHELINI,PLANALTO,-20.35218,-40.33984,1786,641,0
2022,1473,57037,57,1090,UMEF MARIA ELEONORA D'AZEVEDO PEREIRA,RIO MARINHO,-20.36601,-40.36182,4566,650,0
2022,1474,57037,57,1104,UMEF PROFESSOR JORGE ANÍZIO BORJAILLE,SANTA RITA,-20.34924,-40.33628,644,659,0
2022,1475,57037,57,1112,CEEFTI GALDINO ANTÔNIO VIEIRA,SANTA RITA,-20.34751,-40.33025,3578,659,0
2022,1476,57037,57,1120,UMEF LEONEL DE MOURA BRIZOLA,SANTA RITA,-20.34462,-40.33017,3089,659,0
2022,1477,57037,57,1139,UMEI SANTA RITA DE CÁSSIA,SANTA RITA,-20.3489,-40.33481,1409,673,0
2022,1478,57037,57,1147,EEEFM SÍLVIO ROCIO,SÃO TORQUATO,-20.32997,-40.34877,1509,663,0
2022,1479,57037,57,1155,UMEF JOSÉ ELIAS DE QUEIROZ,COBI DE BAIXO,-20.33978,-40.35388,973,599,0
2022,1480,57037,57,1163,UMEF PAULO MARES GUIA,COBILÂNDIA,-20.35817,-40.35414,2753,601,0
2022,1481,57037,57,1171,EEEFM FLORENTINO AVIDOS,IBES,-20.3531,-40.31703,3072,611,0
2022,1482,57037,57,1180,UMEF PROFESSORA LEOPOLDINA CONCEIÇÃO DE MATTOS SILVA (FACEV),IBES,-20.35248,-40.31755,3343,611,0
2022,1483,57037,57,1198,UMEI SULTANY NADER VALLADARES,PRIMEIRO DE MAIO,-20.34474,-40.33536,1324,648,0
2022,1484,57037,57,1201,UMEF JUIZ JAIRO DE MATTOS PEREIRA,SÃO TORQUATO,-20.33413,-40.35107,3055,663,0
2022,1485,57037,57,1210,UMEF GUILHERME SANTOS,SANTA INÊS,-20.3505,-40.31197,3080,611,0
2022,1486,57037,57,1228,UMEI COMECINHO DE VIDA,SANTA INÊS,-20.3508,-40.3116,2401,623,0
2022,1487,57037,57,1236,UMEF DIRETORA ZDMEA CAMARGO DAMASCENO,SANTOS DUMONT,-20.35931,-40.32022,2689,660,0
2022,1488,57037,57,1244,UMEF DESEMBARGADOR CÂNDIDO MARINHO,SOTECO,-20.34867,-40.30719,1561,661,0
2022,1489,57037,57,1252,UMEFTI PROF. RUBENS JOSÉ VERVLOET GOMES,SOTECO,-20.35213,-40.30639,3495,661,0
2022,1490,57037,57,1260,EEEFM PADRE HUMBERTO PIACENTE,ALECRIM,-20.34337,-40.32027,3430,588,1
2022,1491,57037,57,1279,ESCOLA SÃO CAMILO DE LELLIS,ALVORADA,-20.34617,-40.34859,4400,584,0
2022,1492,57037,57,1287,UMEF GIOVANE CAVALIERI,ATAÍDE,-20.3435,-40.32617,643,588,0
2022,1493,57037,57,1295,UMEF JOSÉ SIQUEIRA SANTA CLARA,ATAÍDE,-20.34492,-40.32047,2117,588,0
2022,1494,57037,57,1309,UMEI PEDRO PANDOLFI,RIO MARINHO,-20.36482,-40.35651,1718,650,0
2022,1495,57037,57,1317,UMEI ROSA HELENA FROTA TRISTAO,IBES,-20.3512,-40.31572,2902,611,0
2022,1496,57037,57,1325,UMEFTI ULISSES ALVARES,ATAÍDE,-20.34519,-40.32561,2236,588,0
2022,1497,57037,57,1333,UMEI JULIERME DA CRUZ DIAS (SR DEZINHO) - PEDACINHO DO CÉU,ALECRIM,-20.34337,-40.32027,1615,588,1
2022,1498,57037,57,1341,CEEFMTI PASTOR OLIVEIRA DE ARAUJO- ESCOLA VIVA,COBILÂNDIA,-20.35429,-40.35078,2190,601,0
2022,1499,57037,57,1350,IFES - INSTITUTO FEDERAL DO ESPÍRITO SANTO-CAMPUS VILA VELHA,SOTECO,-20.34832,-40.30872,6343,654,0
2022,1500,57037,57,1376,UMEI MILTON TRANCOSO DE AGUIAR,ATAÍDE,-20.34882,-40.33039,618,659,0
2022,1501,57037,57,1384,UMEI PROFESSORA JURANDYR MATTOS GRIFFO,SOTECO,-20.34641,-40.30615,553,661,0
2022,1502,57037,57,1392,UMEF GIL BERNARDES,ALVORADA,-20.34825,-40.34554,1554,584,0
2022,1503,57053,1,1015,CENTRO EDUCACIONAL AGOSTINIANO,PARQUE MOSCOSO,-20.31933,-40.34059,3188,684,0
2022,1504,57053,1,1023,CEEJA - CENTRO ESTADUAL DE EDUCAÇÃO DE JOVENS E ADULTOS,CENTRO,-20.31818,-40.3355,1813,684,0
2022,1505,57053,1,1066,FAMES - FACULDADE DE MÚSICA DO ESPÍRITO SANTO,CENTRO,-20.32004,-40.32883,1160,684,0
2022,1506,57053,1,1090,EEEFM MARIA ORTIZ,CENTRO,-20.32119,-40.34012,1779,684,0
2022,1507,57053,1,1104,EMEF SÃO VICENTE DE PAULO,CENTRO,-20.31844,-40.33767,1671,684,0
2022,1508,57053,1,1112,MINISTÉRIO DA ECONOMIA - ES (ANTIGA FAFI),CENTRO,-20.32048,-40.33316,1429,684,0
2022,1509,57053,1,1147,CMEI ERNESTINA PESSOA,CENTRO,-20.31736,-40.34165,1458,752,0
2022,1510,57053,1,1163,ESCOLA DA CIÊNCIA E FÍSICA,PARQUE MOSCOSO,-20.31858,-40.34248,578,720,0
2022,1511,57053,1,1180,COLÉGIO SALESIANO N. SRª DA VITÓRIA,FORTE SÃO JOÃO,-20.31653,-40.32338,3126,692,0
2022,1512,57053,1,1201,CMEI  TEREZINHA VASCONCELLOS SALVADOR,ROMÃO,-20.3136,-40.32178,1780,728,0
2022,1513,57053,1,1210,IFES - INSTITUTO FEDERAL DO ESPÍRITO SANTO,JUCUTUQUARA,-20.3111,-40.31858,4678,710,0
2022,1514,57053,1,1228,EMEF JOSÉ ÁUREO MONJARDIM,FRADINHOS,-20.30723,-40.32671,1249,693,0
2022,1515,57053,1,1244,EMEF PADRE ANCHIETA,ILHA DE SANTA MARIA,-20.31535,-40.31908,2103,699,0
2022,1516,57053,1,1732,EMEF CASTELO BRANCO,ILHA DO PRÍNCIPE,-20.32214,-40.34757,1223,702,0
2022,1517,57053,1,1740,EMEF MOACYR AVIDOS,ILHA DO PRÍNCIPE,-20.32136,-40.34792,1303,702,0
2022,1518,57053,1,1759,EMEF MAURO BRAGA,SANTA TEREZA,-20.31449,-40.35085,2818,735,0
2022,1519,57053,1,1783,EMEF ALBERTO DE ALMEIDA,SANTO ANTÔNIO,-20.30939,-40.35379,4460,737,0
2022,1520,57053,1,1791,EMEF ALVIMAR SILVA,MARIO CYPRESTE,-20.31234,-40.35757,5881,716,0
2022,1521,57053,1,1805,EEEFM MAJOR ALFREDO PEDRO RABAYOLLI,MARIO CYPRESTE,-20.31543,-40.35811,3010,716,0
2022,1522,57053,1,1856,EMEF PROFª.  MARIA STELLA DE NOVAES,GRANDE VITÓRIA,-20.28862,-40.3454,3980,695,0
2022,1523,57053,1,1864,EMEF FRANCISCO LACERDA DE AGUIAR,SÃO PEDRO I,-20.2805,-40.33555,3391,745,0
2022,1524,57053,1,1872,EMEF NEUSA NUNES GONÇALVES,NOVA PALESTINA,-20.27165,-40.32547,5879,718,0
2022,1525,57053,1,1880,SALA ANEXA DA IGREJA SÃO PEDRO,VILA RUBIM,-20.31887,-40.3499,829,748,0
2022,1526,57053,1,1929,EMEF LENIR BORLOT (ANTIGO CMEI GILDA DE ATHAYDE RAMOS),SÃO PEDRO I,-20.28105,-40.33536,1573,745,0
2022,1527,57053,1,1945,EMEF ELIANE RODRIGUES DOS SANTOS,ILHA DAS CAIEIRAS,-20.27727,-40.33402,3195,698,0
2022,1528,57053,1,1970,CMEI ODILA SIMÕES,DO QUADRO,-20.31642,-40.34987,2286,753,0
2022,1529,57053,1,1996,EMEF TANCREDO DE ALMEIDA NEVES,SÃO PEDRO III,-20.28108,-40.33171,4968,744,0
2022,1530,57053,1,2011,FAESA - CENTRO UNIVERSITÁRIO,MONTE BELO,-20.31198,-40.31294,1084,714,0
2022,1531,57053,1,2119,EMEF RITA DE CÁSSIA OLIVEIRA,RESISTÊNCIA,-20.27813,-40.31764,2935,727,0
2022,1532,57053,1,2208,CMEI  SINCLAIR PHILLIPS,CARATOÍRA,-20.29094,-40.309,1205,734,1
2022,1533,57053,1,2267,EEEFM  AFLORDÍZIO CARVALHO DA SILVA,DA PENHA,-20.29531,-40.31117,3327,749,0
2022,1534,57053,1,2275,EMEF CUSTÓDIA DIAS DE CAMPOS,DE LOURDES,-20.30745,-40.31724,1724,750,0
2022,1535,57053,1,2283,EMEF ZILDA ANDRADE,DA PENHA,-20.29865,-40.31053,2430,749,0
2022,1536,57053,1,2291,EMEF MARIETA ESCOBAR,SANTA MARTHA,-20.29088,-40.30957,3618,734,0
2022,1537,57053,1,2313,CMEI RUBENS DUARTE DE ALBUQUERQUE,ITARARÉ,-20.30054,-40.30514,1554,704,0
2022,1538,57053,1,2321,EMEF PROFº VERCENÍLIO DA SILVA PASCOAL,JOANA D'ARC,-20.29094,-40.309,2093,734,1
2022,1539,57053,1,2330,CENTRO DE CIÊNCIAS DA SAÚDE - UFES,MARUÍPE,-20.29822,-40.31646,2625,682,0
2022,1540,57053,1,2348,EMEF SUZETE CUENDET,MARUÍPE,-20.29959,-40.32158,3729,712,0
2022,1541,57053,1,2356,EMEF OCTACÍLIO LOMBA,MARUÍPE,-20.29504,-40.31595,2308,743,0
2022,1542,57053,1,2364,EMEF ORLANDINA D' ALMEIDA LUCAS,SÃO CRISTOVÃO,-20.28974,-40.31463,2914,743,0
2022,1543,57053,1,2380,CMEI DR. PEDRO FEU ROSA,bonfim,-20.3007,-40.31403,1278,682,1
2022,1544,57053,1,2399,EMEF PREZIDEU AMORIM,bonfim,-20.3007,-40.31403,2574,682,0
2022,1545,57053,1,2402,EMEF OTTO EWALD JÚNIOR,ITARARÉ,-20.29903,-40.30642,2889,704,0
2022,1546,57053,1,2410,EMEF CECILIANO ABEL DE ALMEIDA - CAIC,ITARARÉ,-20.29418,-40.30727,3802,704,0
2022,1547,57053,1,2429,FACULDADE DOCTUM (ANTES INST. JOÃO XXIII E LAURENTINA),HORTO,-20.29094,-40.309,4396,734,1
2022,1548,57053,1,2437,EMEF PROFª EUNICE PEREIRA DA SILVEIRA,TABUAZEIRO,-20.29094,-40.309,4259,734,1
2022,1549,57053,1,2445,EMEF HELOISA ABREU JUDICE DE MATTOS,INHANGUETÁ,-20.29094,-40.309,3937,734,1
2022,1550,57053,1,2461,EEEFM ELZA LEMOS ANDREATTA,ILHA DAS CAIEIRAS,-20.27727,-40.33402,857,698,1
2022,1551,57053,1,2470,EMEF MARIA JOSÉ COSTA MORAES,SÃO PEDRO III,-20.28108,-40.33171,2190,744,1
2022,1552,57053,1,2488,CMEI ANISIO SPINOLA TEIXEIRA,RESISTÊNCIA,-20.27813,-40.31764,419,727,1
2022,1553,57053,52,1015,SECRETARIA ESTADUAL DE EDUCAÇÃO - SEDU,SANTA LÚCIA,-20.31078,-40.30089,2540,733,0
2022,1554,57053,52,1023,CENTRO EDUCACIONAL LEONARDO DA VINCI,SANTA LÚCIA,-20.3081,-40.30171,2568,733,0
2022,1555,57053,52,1031,ESCOLA DE EDUCAÇÃO PROF. FERNANDO DUARTE RABELO,PRAIA DE SANTA HELENA,-20.31043,-40.29436,3099,731,0
2022,1556,57053,52,1058,COLÉGIO SAGRADO CORAÇÃO DE MARIA,PRAIA DO CANTO,-20.29577,-40.28848,1477,723,0
2022,1557,57053,52,1066,EMESCAM - ESCOLA DE MEDICINA STA. CASA MISERICÓRDIA,SANTA LUÍZA,-20.2928,-40.30132,2624,732,0
2022,1558,57053,52,1074,EPG IRMÃ MARIA HORTA,PRAIA DO CANTO,-20.29804,-40.29398,3429,723,0
2022,1559,57053,52,1082,EMEF - MARIA LEONOR PEREIRA DA SILVA,PRAIA DO CANTO,-20.3099,-40.29664,3155,733,0
2022,1560,57053,52,1252,UP - ESCOLA DE ENSINO MÉDIO E PRÉ UNIVERSITÁRIO,PRAIA DO CANTO,-20.30263,-40.29605,3311,723,0
2022,1561,57053,52,1295,CLUBE ÍTALO BRASILEIRO,ILHA DO BOI,-20.3107,-40.27791,1107,700,0
2022,1562,57053,52,1368,FDV - FACULDADE DE DIREITO DE VITÓRIA,SANTA LÚCIA,-20.294,-40.30371,4400,733,0
2022,1563,57053,52,1449,EEEFM - ARISTÓBULO BARBOSA LEÃO,BENTO FERREIRA,-20.31034,-40.30768,2256,680,0
2022,1564,57053,52,1473,SENAC - SERVIÇO NACIONAL DE APRENDIZAGEM COMERCIAL,BENTO FERREIRA,-20.31817,-40.30826,2386,680,0
2022,1565,57053,52,1651,EMEF - ISAURA MARQUES DA SILVA,ANDORINHAS,-20.28618,-40.30617,2710,675,0
2022,1566,57053,52,1716,ESCOLA DA ILHA NOVO MUNDO,PRAIA DO CANTO,-20.29333,-40.29379,1925,723,0
2022,1567,57053,52,1724,EMEF MARIA MADALENA DE OLIVEIRA DOMINGUES,JARDIM CAMBURI,-20.26193,-40.27021,1371,706,0
2022,1568,57053,52,1732,CMEI MARLENE ORLANDE SIMONETTI,REPÚBLICA,-20.27117,-40.29395,1557,726,0
2022,1569,57053,52,1740,EMEF MAL. MASCARENHAS DE MORAES,MARIA ORTIZ,-20.26043,-40.29902,3034,711,0
2022,1570,57053,52,1759,CENTRO EDUCACIONAL CHARLES DARWIN,MATA DA PRAIA,-20.27786,-40.30026,5642,713,0
2022,1571,57053,52,1767,CMEI ZENAIDE GENOVEVA MARCARINI CAVALCANTI,JARDIM DA PENHA,-20.28575,-40.29994,2616,707,0
2022,1572,57053,52,1775,EEEM ARNULPHO MATTOS,REPÚBLICA,-20.27121,-40.29366,2975,726,0
2022,1573,57053,52,1783,ESESP - ESCOLA DE SERVIÇO PÚBLICO DO ESPÍRITO SANTO,REPÚBLICA,-20.27192,-40.2945,1153,726,0
2022,1574,57053,52,1791,EEEM PROF. RENATO JOSÉ DA COSTA PACHECO,JARDIM CAMBURI,-20.24662,-40.27168,5171,706,0
2022,1575,57053,52,1805,CAJUN - SOLON BORGES,SOLON BORGES,-20.2611,-40.29585,938,741,0
2022,1576,57053,52,1813,CMEI - REINALDO RIDOLFI,MARIA ORTIZ,-20.25752,-40.29823,1104,711,0
2022,1577,57053,52,1821,CMEI - DARCY CASTELO DE MENDONÇA,ANTÔNIO HONÓRIO,-20.26022,-40.29794,916,711,0
2022,1578,57053,52,1830,MULTIVIX - VITÓRIA/ES,GOIABEIRAS,-20.2672,-40.30128,2208,694,0
2022,1579,57053,52,1848,COLÉGIO RENOVAÇÃO,JARDIM CAMBURI,-20.25912,-40.26784,3542,706,0
2022,1580,57053,52,1856,FACULDADE ESTÁCIO DE SÁ,JARDIM CAMBURI,-20.24949,-40.27039,5491,706,0
2022,1581,57053,52,1864,CMEI JOÃO PEDRO DE AGUIAR,JARDIM CAMBURI,-20.25698,-40.2683,2174,706,0
2022,1582,57053,52,1872,EMEF ÉBER LOUZADA ZIPPINOTTI,JARDIM DA PENHA,-20.2815,-40.29637,4170,707,0
2022,1583,57053,52,1880,SESI - SERVIÇO SOCIAL DA INDÚSTRIA,JARDIM DA PENHA,-20.2852,-40.29961,4231,707,0
2022,1584,57053,52,1899,EMEF ÁLVARO DE CASTRO MATTOS,JARDIM DA PENHA,-20.28641,-40.29874,3977,707,0
2022,1585,57053,52,1902,EMEF ARTHUR DA COSTA E SILVA,REPÚBLICA,-20.26939,-40.29494,1880,726,0
2022,1586,57053,52,1910,EMEF ALMIRANTE BARROSO,GOIABEIRAS,-20.26694,-40.2996,1299,694,0
2022,1587,57053,52,1929,EMEF JUSCELINO KUBSCHEK DE OLIVEIRA,MARIA ORTIZ,-20.25773,-40.29868,4163,711,0
2022,1588,57053,52,1937,EPG ADÃO BENEZATH,ANTÔNIO HONÓRIO,-20.26338,-40.2983,1985,676,0
2022,1589,57053,52,1945,CMEI ANA MARIA CHAVES COLARES,JARDIM CAMBURI,-20.2612,-40.25982,1564,706,0
2022,1590,57053,52,1953,CLUBE DOS OFICIAIS DA PM,JARDIM DA PENHA,-20.28265,-40.28981,2031,707,0
2022,1591,57053,52,1961,UP - CENTRO EDUCACIONAL UNIÃO DE PROFESSORES - JP,JARDIM DA PENHA,-20.28733,-40.29988,5855,722,0
2022,1592,57053,52,1970,CENTRO DE CONVIVÊNCIA DA 3ª IDADE,MARIA ORTIZ,-20.25788,-40.29854,706,711,0
2022,1593,57053,52,1988,EMEFM  ELZIRA VIVACQUA DOS SANTOS,JARDIM CAMBURI,-20.25691,-40.26745,4799,706,0
2022,1594,57053,52,1996,EMEF ADELVANI SYSESMUNDO F. DE AZEVEDO,JARDIM CAMBURI,-20.25167,-40.26861,4938,706,0
2022,1595,57053,52,2003,ISJB - COLÉGIO SALESIANO JARDIM CAMBURI,JARDIM CAMBURI,-20.25526,-40.26319,5908,706,0
2022,1596,57053,52,2011,COLÉGIO AMÉRICA,MATA DA PRAIA,-20.27839,-40.29608,964,713,0
2022,1597,57053,52,2020,ESCOLA SÃO DOMINGOS (UNIDADE 2),BENTO FERREIRA,-20.31322,-40.30914,3629,680,0
2022,1598,57053,52,2038,ESCOLA MONTEIRO,ENSEADA DO SUÁ,-20.31717,-40.29045,517,689,0
2022,1599,57053,52,2046,ESCOLA CRESCER PHD,PRAIA DO CANTO,-20.29346,-40.2931,1155,723,0
2022,1600,57053,52,2054,CENTRO EDUCACIONAL PRIMEIRO MUNDO,SANTA LÚCIA,-20.30092,-40.29966,1572,733,0
2022,1601,57053,52,2070,PRÉDIO ANEXO DA PRIMEIRA IGREJA BATISTA DE JARDIM CAMBURI,JARDIM CAMBURI,-20.25664,-40.26669,464,706,0
2022,1602,57053,52,2089,CMEI RUBENS JOSÉ VERVLOET GOMES,JARDIM CAMBURI,-20.26419,-40.26344,1085,706,0
2022,1603,57053,52,2097,SENAI - SERVIÇO NACIONAL DE APRENDIZAGEM INDUSTRIAL,BENTO FERREIRA,-20.31808,-40.30723,1702,680,0
2022,1604,57070,46,1015,EMEF MARIA IZABEL FALCHETO,CENTRO,-19.4144,-40.54455,2084,-1,0
2022,1605,57070,46,1023,CRECHE MUNICIPAL MARIA DALVA BONA PASSAMANI,CENTRO,-19.41445,-40.54451,689,-1,0
2022,1606,57070,46,1031,EEEFM PADRE ANTONIO VOLKERS,CENTRO,-19.41013,-40.5438,4713,-1,0
2022,1607,57070,46,1040,EMEIEF PADRE LUIZ DA GRÃ,PATRÃO-MÓR,-19.47463,-40.4633,497,-1,0
2022,1608,57070,46,1066,EMPEF ALACYR BARBIERI,CÓRREGO BREJAL,-19.43708,-40.62833,200,-1,0
2022,1609,57070,46,1074,EMEF ÂNGELO BRAVIN,DISTRITO DE SAPUCAIA,-19.36432,-40.60812,960,-1,0
2022,1610,57070,46,1090,EMEIEF SÃO JUDAS TADEU,MONTE SINAI,-19.39255,-40.61503,693,-1,0
2022,1611,57070,46,1104,EEPEF ALTO LIBERDADE,ALTO LIBERDADE,-19.36479,-40.53962,367,-1,0
2022,1612,57070,46,1112,EMUEF LAGOA DO ÓLEO,FAZENDA BELA VISTA,-19.53146,-40.44079,234,-1,0
2022,1613,57096,10,1015,EPSG MARIA TRINDADE OLIVEIRA,CENTRO,-20.27237,-41.50637,4115,-1,1
2022,1614,57096,10,1031,EMEF ADELAIDE RODRIGUES MOREIRA,VILA SANTA CLARA,-20.27237,-41.50637,1258,-1,1
2022,1615,57096,10,1040,EPG AGENOR DE SOUZA LÉ,CÓRREGO DO CRISCIÚMA,-20.27237,-41.50637,971,-1,1
2022,1616,57096,10,1058,EMEF DAVID GOMES,BOA ESPERANÇA,-20.27237,-41.50637,3869,-1,1
2022,1617,57096,10,1074,EPG SANTA MARIA,CÓRREGO SANTA MARIA DE BAIXO,-20.27237,-41.50637,588,-1,1
2022,1618,57096,10,1090,EMEF EUNICE PEREIRA SILVEIRA,NOVO HORIZONTE,-20.27237,-41.50637,2862,-1,1
2022,1619,57096,10,1104,IFES - INSTITUTO FEDERAL DO ESPÍRITO SANTO,NOVO HORIZONTE,-20.27237,-41.50637,4006,-1,1
2022,1620,57096,10,1112,CIMEI - CRECHE MARIA JOSE FARIA,IPÊ,-20.27237,-41.50637,772,-1,1
2022,1621,57118,51,1023,EMEI TIA AMÉLIA,SANTO ANTÔNIO,-19.26426,-40.33286,2861,-1,0
2022,1622,57118,51,1031,EMEI TIA RITA,SÃO SEBASTIÃO,-19.27183,-40.31655,1777,-1,0
2022,1623,57118,51,1082,EMEF NOVO SABER,CENTRO,-19.27261,-40.32812,3271,-1,0
2022,1624,57118,51,1139,EMUEF SÃO SEBASTIÃO DO LAGRIMAL,CÓR. LAGRIMAL,-19.1292,-40.25823,501,-1,0
2022,1625,57118,51,1155,EMEIEF PRIMAVERA,CÓR. PRIMAVERA,-19.22522,-40.35305,1121,-1,0
2022,1626,57118,51,1171,EMEIEF SANTA RITA,CÓR. SANTA RITA,-19.18957,-40.28027,892,-1,0
2022,1627,57118,51,1210,EMEIEF JOSÉ STEFENONI,CÓR. SÃO FRANCISCO,-19.30845,-40.27309,1572,-1,0
2022,1628,57118,51,1236,EMEIEF PANORAMA,CÓR. PANORAMA 10,-19.31908,-40.35982,953,-1,0
2022,1629,57118,51,1287,EMEF TIRADENTES,D. SÃO JORGE DE TIRADENTES,-19.12143,-40.36149,2398,-1,0
2022,1630,57134,41,1015,EMEF CIPRIANO COCCO,LAQUINI,-18.9677,-40.00565,2390,-1,1
2022,1631,57134,41,1023,EEEM PEDRO PAULO GROBÉRIO,CENTRO,-18.9677,-40.00565,2770,-1,1
2022,1632,57134,41,1031,PRÉ-ESCOLA MUNICIPAL DOM BOSCO,CENTRO,-18.9677,-40.00565,2345,-1,1
2022,1633,57134,41,1040,EEEFM IRMÃ TERESA ALTOÉ,CENTRO,-18.9677,-40.00565,3140,-1,1
2022,1634,57134,41,1058,EMEF PATRIMÔNIO NOSSA SENHORA DE FÁTIMA,FÁTIMA,-18.9677,-40.00565,1506,-1,1
2022,1635,57134,41,1082,ESCOLA COMUNITÁRIA RURAL MUNICIPAL DO GIRAU,GIRAU,-18.9677,-40.00565,1506,-1,1
2022,1636,57134,41,1112,EMEF ORÉLIO CALIMAN,ÁGUA LIMPA,-18.9677,-40.00565,1693,-1,1
2022,1637,57134,41,1139,EMEIEF PATRIMÔNIO ALTOÉ,CÓRREGO DO 18,-18.9677,-40.00565,683,-1,1
2022,1638,57134,41,1147,EMEF BARRA SECA DE PONTE NOVA,BARRA SECA DE PONTE NOVA,-18.9677,-40.00565,1114,-1,1
2022,1639,57134,41,1155,EPM SÃO JOÃO DO ESTIVADO,SÃO JOÃO DO ESTIVADO,-18.9677,-40.00565,508,-1,1
2022,1640,57134,41,1171,EPG SANTA RITA DE CÁSSIA,PALMITO,-18.9677,-40.00565,1097,-1,1
2022,1641,57134,41,1198,CENTRO COMUNITÁRIO CÓRREGO VARGEM GRANDE,CÓRREGO VARGEM GRANDE,-18.9677,-40.00565,558,-1,1
2022,1642,57134,41,1201,EMEF DE PALMITINHO,PALMITINHO,-18.9677,-40.00565,284,-1,1
2022,1643,57134,41,1210,EPM SÃO ROQUE,SÃO ROQUE,-18.9677,-40.00565,500,-1,1
2022,1644,57134,41,1228,EMEF MARCIANO ALTOÉ,BOA VISTA,-18.9677,-40.00565,973,-1,1
2022,1645,57134,41,1236,EMEF SANTA CATARINA,SEAC,-18.9677,-40.00565,1211,-1,1
2022,1646,57134,41,1244,ESCOLA COMUNITÁRIA RURAL MUNICIPAL DE JAPIRA,CÓRREGO DO JAPIRA,-18.9677,-40.00565,210,-1,1
2022,1647,57150,27,1015,ESCOLA TRÊS DE MAIO,ASSENTAMENTO CASTRO ALVES,-18.22185,-40.0567,538,-1,0
2022,1648,57150,27,1023,EPG PROF. GUEDES ALCOFORADO,CENTRO,-18.30345,-39.9563,3315,-1,0
2022,1649,57150,27,1031,EPG SÃO JOÃO BATISTA,SÃO JOÃO BATISTA,-18.30678,-39.94132,1079,-1,0
2022,1650,57150,27,1040,ESCOLA MARCOS BRUNELLI,NOSSA SENHORA DE FÁTIMA,-18.29577,-39.95987,1093,-1,0
2022,1651,57150,27,1058,EPG DR EDWARD ABREU DO NASCIMENTO,NOSSA SENHORA DE FÁTIMA,-18.29593,-39.95891,1736,-1,0
2022,1652,57150,27,1066,EPG FELINTO DAMIÃO,FELINTO DAMIÃO,-18.2965,-39.94817,1793,-1,0
2022,1653,57150,27,1074,EMEFM MANOEL DUARTE DA CUNHA,COLINA I,-18.29744,-39.94969,2782,-1,0
2022,1654,57150,27,1082,CRECHE NORMILIA SANTOS,SÃO JOÃO BATISTA,-18.30632,-39.94099,1471,-1,0
2022,1655,57150,27,1104,EPE TAQUARAS,TAQUARAS,-18.03086,-40.15062,561,-1,0
2022,1656,57150,27,1112,EPG FLORESTA DO SUL,FLORESTA DO SUL,-18.26293,-40.07978,744,-1,0
2022,1657,57150,27,1120,EPG PEDRO CANÁRIO RIBEIRO,CANARINHO,-18.29367,-39.95152,1395,-1,0
2022,1658,57150,27,1139,EMPEF CRISTAL DO NORTE,CRISTAL DO NORTE,-18.08721,-40.10819,2068,-1,0
2022,1659,57916,7,1015,EMEIF VALENTIM PEROZINI,VILA DE SÃO LUIZ DE MIRANDA,-19.97127,-41.05982,498,-1,0
2022,1660,57916,7,1031,EMEIF LARANJA DA TERRA,VILA DE LARANJA DA TERRA,-19.90394,-41.01515,883,-1,0
2022,1661,57916,7,1040,EMEIF JOÃO VALIM,DISTRITO DE SOBREIRO,-19.8252,-41.11309,2660,-1,0
2022,1662,57916,7,1066,EEEFM JOAQUIM CAETANO DE PAIVA,DISTRITO DE JOATUBA,-19.87921,-40.96046,1880,-1,0
2022,1663,57916,7,1139,EMEIEF UNIÃO LARANJENSE,CENTRO,-19.89978,-41.05689,3297,-1,0
2022,1664,57932,9,1031,EEEFM GRAÇA ARANHA,CENTRO,-20.02929,-40.74276,8412,-1,0
2022,1665,57932,9,1040,EEEFM FREDERICO BOLDT,CARAMURU,-20.09612,-40.67593,1836,-1,0
2022,1666,57932,9,1082,EMEF ANTONIO GONÇALVES,GARRAFÃO,-20.05648,-40.75134,2560,-1,1
2022,1667,57932,9,1155,EEEFM ALTO RIO POSSMOSER,DISTRITO DE GARRAFÃO,-20.06641,-40.84325,2916,-1,0
2022,1668,57932,9,1163,EMEF JOÃO LAUVERS,DISTRITO DE GARRAFÃO,-20.15273,-40.94382,2389,-1,0
2022,1669,57932,9,1180,USINA RIO BONITO,RIO BONITO,-20.06362,-40.63493,160,-1,0
2022,1670,57932,9,1279,EP FAZENDA ARTHUR PLASTER,DISTRITO DE GARRAFÃO,-20.16441,-40.81116,812,-1,0
2022,1671,57932,9,1325,EMEF DE RECREIO,RECREIO,-20.05648,-40.75134,1110,-1,1
2022,1672,57932,9,1333,CENTRO COMUNITÁRIO DA IGREJA LUTERANA DE ALTO SÃO SEBASTIÃO DE CIMA,SÃO SEBASTIÃO DE CIMA,-19.99646,-40.80765,792,-1,0
2022,1673,57932,9,1341,EU SÃO JOSÉ DO RIO CLARO,SÃO JOSÉ DO RIO CLARO,-20.01664,-40.62701,123,-1,0
2022,1674,57932,9,1350,JARDIM DE INFÂNCIA POMMER,CENTRO,-20.02099,-40.74315,2298,-1,1
2022,1675,57932,9,1368,FACULDADE DA REGIÃO SERRANA - FARESE,CENTRO,-20.03015,-40.74832,2299,-1,0
2022,1676,57932,9,1376,EEEF SÃO LUIZ,CENTRO,-20.00354,-40.73837,2270,-1,0
2022,1677,57932,9,1384,EEEF PROFESSOR HERMANN BERGER,DISTRITO DA SEDE,-20.04937,-40.70391,728,-1,0
2022,1678,57932,9,1392,EP DE VILA JETIBÁ,DISTRITO DA SEDE,-20.01886,-40.76043,1137,-1,0
2022,1679,57932,9,1406,E.P.  RIO TRIUNFO,ZONA RURAL,-20.08214,-40.73804,405,-1,0
2022,1680,57959,35,1015,EEEF PROSPERIDADE,PROSPERIDADE,-20.66416,-41.05575,826,-1,0
2022,1681,57959,35,1023,ESCOLA MUNICIPAL DE PARAÍSO,PARAÍSO,-20.74678,-40.97675,512,-1,0
2022,1682,57959,35,1031,EMEB ALZIRA GOMES,CENTRO,-20.66911,-41.00447,2216,-1,0
2022,1683,57959,35,1040,EEEF CASTELINHO,CASTELINHO,-20.52013,-40.98455,1392,-1,0
2022,1684,57959,35,1058,POSTO DE SAÚDE DE POÇO DANTAS,POÇO DANTAS,-20.85782,-41.02304,499,-1,0
2022,1685,57959,35,1074,EEEF CASIMIRO COSTA,ALTO GIRONDA,-20.71275,-41.09152,260,-1,0
2022,1686,57959,35,1090,ESCOLA DE BELÉM,BELÉM,-20.79184,-41.00202,414,-1,0
2022,1687,57959,35,1104,ESCOLA DE CAPIVARA,CAPIVARA,-20.59052,-41.05231,445,-1,0
2022,1688,57959,35,1112,PRÉ ESCOLA DE PEDRA BRANCA,PEDRA BRANCA,-20.69189,-41.0686,443,-1,0
2022,1689,57959,35,1120,EEEF JACIGUÁ,JACIGUÁ,-20.70288,-41.01598,2651,-1,0
2022,1690,57959,35,1155,EEEFM PRESIDENTE LUEBKE,CENTRO,-20.67255,-41.01084,2947,-1,0
2022,1691,57959,35,1163,EPG PEDRO MILANEZI ALTOÉ,SÃO JOSÉ DAS FRUTEIRAS,-20.60488,-41.02975,3120,-1,0
2022,1692,57975,40,1040,EEEF DOMINGOS PERIM,CENTRO,-20.3352,-41.13171,3580,-1,0
2022,1693,57975,40,1058,EEEFM FIORAVANTE CALIMAM,CENTRO,-20.32833,-41.13335,4317,-1,0
2022,1694,57975,40,1066,EEEF LIBERAL ZANDONADI,VILA BETÂNEA,-20.32386,-41.13519,3349,-1,0
2022,1695,57975,40,1074,EMEF ATÍLIO PIZZOL,SÃO JOÃO DE VIÇOSA,-20.3372,-41.18536,2699,-1,0
2022,1696,57975,40,1104,EMEIEF DE PINDOBAS,VARGEM GRANDE,-20.38916,-41.16763,1286,-1,0
2022,1697,57975,40,1139,EMEIEF ALTO CAXIXE,ALTO CAXIXE,-20.41832,-41.08307,2432,-1,0
2022,1698,57975,40,1155,APAE,BANANEIRAS,-20.32795,-41.14511,430,-1,0
2022,1699,57975,40,1163,IFES - INSTITUTO FEDERAL DO ESPÍRITO SANTO,SÃO RAFAEL,-20.32635,-41.12805,993,-1,0
2022,1700,57991,46,1015,EEEFM PROFESSORA ANA MARIA CARLETTI QUIUQUI,CENTRO,-18.9846,-40.74026,4242,-1,0
2022,1701,57991,46,1031,EMCA FAZENDA LACERDA,ÁGUAS CLARAS,-18.84982,-40.83328,1010,-1,0
2022,1702,57991,46,1040,EMEF PADRE SÉRGIO BANZZA,CENTRO,-18.98478,-40.74186,1994,-1,0
2022,1703,57991,46,1058,CEIER - CENTRO ESTADUAL INTEGRADO DE EDUCAÇÃO RURAL,SEDE,-19.01553,-40.65441,662,-1,0
2022,1704,57991,46,1066,CRAS - CENTRO DE REFERÊNCIA SOCIAL,CENTRO,-18.98203,-40.74053,349,-1,0
2022,1705,57991,46,1074,CÂMARA MUNICIPAL DE ÁGUIA BRANCA,CENTRO,-18.9817,-40.74051,331,-1,0
2024,0,56006,46,1015,EMEF ANANIAS CUSTODIO,CENTRO,-19.15129,-40.62618,3315,-1,0
2024,1,56006,46,1023,EMEIEF PATRIMÔNIO DE SANTO ANTÔNIO,SÃO JOSÉ DO HONORATO,-19.078,-40.4197,274,-1,0
2024,2,56006,46,1031,EMEIEF CÓRREGO DUMER,CÓRREGO DUMER,-19.08169,-40.46887,995,-1,0
2024,3,56006,46,1040,EMEIEF PATRIMÔNIO DE SÃO FRANCISCO,CENTRO,-19.13014,-40.53381,219,-1,0
2024,4,56006,46,1058,EMEF BRAÇO DO SUL (PUPIM),BRAÇO DO SUL,-19.07616,-40.60797,270,-1,0
2024,5,56006,46,1066,EMEIEF CÓRREGO DA DIVISA,CÓRREGO DA DIVISA,-19.12028,-40.56413,357,-1,0
2024,6,56006,46,1074,EMEF CÓRREGO FEIO,CÓRREGO FEIO,-19.08825,-40.50097,261,-1,0
2024,7,56006,46,1082,EMEIEF BRAÇO DO SUL (TREVIZANI),BRAÇO DO SUL,-19.11089,-40.68067,316,-1,0
2024,8,56006,46,1090,CENTRO MUNICIPAL DE EDUCAÇÃO INFANTIL VOVÓ ZEZÉ,BAIRRO NITERÓI,-19.15346,-40.62636,1210,-1,0
2024,9,56006,46,1104,CENTRO MUNICIPAL DE ENSINO INFANTIL CRIATIVO,CENTRO,-19.14448,-40.62407,1357,-1,0
2024,10,56006,46,1120,CDPSDN - CENTRO DE DETENÇÃO PROVISÓRIA DE SÃO DOMINGOS DO NORTE,CÓRREGO BRAÇO DO SUL,-19.11182,-40.62997,0,-1,0
2024,11,56014,8,1015,CEEFMTI AFONSO CLÁUDIO,SÃO TARCÍSIO,-20.07509,-41.12756,7284,-1,0
2024,12,56014,8,1023,EEEFM JOSÉ CUPERTINO,SÃO TARCÍSIO,-20.07555,-41.12697,3525,-1,0
2024,13,56014,8,1058,ESCOLA MUNICIPAL GUMERCINDO LACERDA,DISTRITO DE SÃO FRANCISCO,-19.99754,-41.13408,760,-1,0
2024,14,56014,8,1066,EEEFM JOSÉ GIESTAS,DISTRITO DE PONTÕES,-20.20092,-41.04543,1754,-1,0
2024,15,56014,8,1074,EEEFM MARIA ABREU ALVIM,DISTRITO DE FAZENDA GUANDÚ,-20.21397,-41.10328,2021,-1,0
2024,16,56014,8,1082,EEEFM JOSÉ ROBERTO CRISTO,DISTRITO DE PIRACEMA,-20.18293,-41.19396,1285,-1,0
2024,17,56014,8,1180,ESCOLA ESTADUAL UNIDOCENTE PATRIMÔNIO DOS GONÇALVES,DISTRITO DE IBICABA,-20.01007,-41.23628,714,-1,0
2024,18,56014,8,1236,EEEFM ELVIRA BARROS,DISTRITO DE SERRA PELADA,-20.0043,-41.02913,1402,-1,0
2024,19,56014,8,1325,ESCOLA MUNICIPAL AUGUSTA LAMAS D'ÁVILA,CENTRO,-20.07687,-41.12494,1538,-1,0
2024,20,56014,8,1350,ESCOLA MUNICIPAL CÓRREGO FRANCISCO CORREA,MATA FRIA,-20.08242,-40.97779,1407,-1,0
2024,21,56014,8,1368,ESCOLA ESTADUAL DE ENSINO FUNDAMENTAL PLURIDOCENTE DE SANTO ANTÔNIO,SANTO ANTÔNIO,-20.14899,-41.05101,339,-1,0
2024,22,56014,8,1457,CMEI NESTOR PINTO DE AGUIAR,DISTRITO DE SERRA PELADA,-20.00408,-41.02898,582,-1,0
2024,23,56014,8,1554,EM IDOLINO DA FONSECA LAMAS,BAIRRO DA GRAMA,-20.06718,-41.11628,682,-1,0
2024,24,56014,8,1589,ASSOCIAÇÃO PRO-CASA DO MENINO,SÃO VICENTE,-20.08142,-41.13004,2340,-1,0
2024,25,56014,8,1627,EMEF CÍVICO-MILITAR JOSÉ JORGE HADDAD,SÃO VICENTE,-20.08155,-41.12924,307,-1,0
2024,26,56022,23,1163,EMEF SEBASTIÃO COIMBRA ELIZEU,CENTRO,-18.55015,-40.97737,2829,-1,0
2024,27,56022,23,1171,EMEF BOM DESTINO,POVOADO BOM DESTINO,-18.43119,-40.98455,436,-1,0
2024,28,56022,23,1180,EMEF SANTA LUZIA DO AZUL,SANTA LUZIA DO AZUL,-18.41864,-41.12255,864,-1,0
2024,29,56022,23,1198,EEEF SOARES DUTRA,CAFELÂNDIA,-18.66198,-40.99935,723,-1,0
2024,30,56022,23,1252,EEEF ADOLFO ROSA,GOVERNADOR LACERDA DE AGUIAR,-18.63429,-40.93979,1706,-1,0
2024,31,56022,23,1449,EEEF DE SANTO AGOSTINHO,VILA SANTO AGOSTINHO,-18.41617,-41.03185,1802,-1,0
2024,32,56022,23,1520,EEEF VILA NELITA,VILA NELITA,-18.47697,-41.01494,829,-1,0
2024,33,56022,23,1538,EMEIEF NILSA ALVES FIGUEIRA,CENTRO,-18.54989,-40.97794,2319,-1,0
2024,34,56030,4,1015,CÍRCULO DE OPERÁRIOS DE ALEGRE,CENTRO,-20.76337,-41.53365,330,1,0
2024,35,56030,4,1023,CEEFMTI ARISTEU AGUIAR,CENTRO,-20.75912,-41.53718,3314,1,0
2024,36,56030,4,1031,COOPERATIVA EDUCACIONAL SUL CAPIXABA - COLÉGIO INOVADOR,CENTRO,-20.76733,-41.53265,2778,19,0
2024,37,56030,4,1040,AGÊNCIA DA PREVIDÊNCIA SOCIAL,CENTRO,-20.76422,-41.53075,1165,1,0
2024,38,56030,4,1058,"FAFIA - FACULDADE DE FILOSOFIA, CIÊNCIAS E LETRAS DE ALEGRE",CENTRO,-20.76376,-41.53285,1435,1,0
2024,39,56030,4,1066,EMEIF RUTH ALICE,CENTRO,-20.75791,-41.53664,568,1,0
2024,40,56030,4,1104,SALÃO DO DECOLORES,CENTRO,-20.76335,-41.53266,760,1,0
2024,41,56030,4,1155,EMPEF SÃO JOÃO DO NORTE,DISTRITO DE SÃO JOÃO DO NORTE,-20.67548,-41.50925,235,-1,0
2024,42,56030,4,1163,EEEFM SIRENA REZENDE FONSECA,DISTRITO DE CELINA,-20.76504,-41.59211,2335,-1,0
2024,43,56030,4,1171,EMEF CARMELITA MACHADO MORAES,DISTRITO DE SANTA ANGÉLICA,-20.6917,-41.4548,459,-1,0
2024,44,56030,4,1180,EEEFM OSCAR DE ALMEIDA GAMA,DISTRITO DE ARARAÍ,-20.59278,-41.5556,569,-1,0
2024,45,56030,4,1198,EEEFM JOSÉ CORRENTE,DISTRITO VILA DO CAFÉ,-20.86858,-41.57172,1336,-1,0
2024,46,56030,4,1210,EEEFM PROFª CÉLIA TEIXEIRA DO CARMO,DISTRITO DE RIVE,-20.75691,-41.45897,2176,-1,0
2024,47,56030,4,1228,EEEFM ANA MONTEIRO DE PAIVA,DISTRITO DE ANUTIBA,-20.61174,-41.44961,1118,-1,0
2024,48,56030,4,1295,SALÃO DA IGREJA NOSSA SENHORA APARECIDA,FLORES DE APARECIDA DO NORTE,-20.63676,-41.55672,216,-1,0
2024,49,56030,4,1325,CEMEI PROFA. CÂNDIDA FILGUEIRAS,DISTRITO DE ANUTIBA,-20.61151,-41.45118,590,-1,0
2024,50,56030,4,1333,EMFA ZIOLITA MARIA DA SILVEIRA,ASSENTAMENTO FLORESTA,-20.68663,-41.58013,247,-1,0
2024,51,56030,4,1341,EEEFM PROFESSOR PEDRO SIMÃO,CLÉRIO MOULIN,-20.76637,-41.54614,673,4,0
2024,52,56030,4,1350,EMUEF FELIZ LEMBRANÇA,FELIZ LEMBRANÇA,-20.79595,-41.50798,103,-1,0
2024,53,56030,4,1368,EMFA GEORGE ABREU RANGEL,ROSEIRA,-20.87229,-41.53212,256,-1,0
2024,54,56030,4,1376,EMEIF PROFESSOR DOMINGOS BRAVO REINOSO,VILA DO SUL,-20.77206,-41.53489,2172,11,0
2024,55,56030,4,1384,INSTITUTO EDUCACIONAL SANTOS CARVALHEIRA - IESC,CENTRO,-20.76324,-41.53051,1006,1,0
2024,56,56030,4,1392,CEMEI PAULO AMOACY BRAGANÇA,DISTRITO DE ARARAÍ,-20.5926,-41.55599,272,-1,0
2024,57,56030,4,1406,CEMEI TEREZA FIOREZZI DE OLIVEIRA,VILA DO SUL,-20.77203,-41.5321,109,19,0
2024,58,56049,19,1015,EEEFM BERNARDO HORTA,CENTRO,-20.34609,-41.64148,4517,372,1
2024,59,56049,19,1023,EMEF SÔNIA MARIA FARIA PINHEIRO,CENTRO,-20.34869,-41.64395,2550,375,1
2024,60,56049,19,1058,EMEIEF PROFESSORA ENY LEAL MACHADO,DISTRITO DE SANTA CRUZ,-20.31433,-41.69107,1875,-1,0
2024,61,56049,19,1066,EMEIEF VALDECI AFONSO MOREIRA,CÓRREGO SÃO JOSÉ,-20.29233,-41.63122,665,-1,0
2024,62,56049,19,1074,EMU BOA ESPERANÇA,BOA ESPERANÇA,-20.26707,-41.58292,395,-1,0
2024,63,56049,19,1090,APAE DE IRUPI,CENTRO,-20.34404,-41.63983,602,377,1
2024,64,56049,19,1120,EMEIEF PROFESSORA NELCI GOMES DA COSTA,BARRA DE SANTA ROSA,-20.36452,-41.60871,541,-1,0
2024,65,56049,19,1139,ASSOCIAÇÃO COMUNITÁRIA DO CORREGO DO AVENTUREIRO,AVENTUREIRO,-20.35566,-41.67511,447,-1,0
2024,66,56057,12,1015,EMEF ANA ARAÚJO,CENTRO,-20.63504,-40.75321,1535,-1,0
2024,67,56057,12,1031,EMEF FAZENDA APARECIDA,APARECIDA,-20.45153,-40.6896,349,-1,0
2024,68,56057,12,1040,EEEF DE CRUBIXÁ,SÃO JOÃO DE CRUBIXÁ,-20.64224,-40.86744,631,-1,0
2024,69,56057,12,1058,EMEF ENGANO,IBITIRUÍ,-20.60052,-40.86006,742,-1,0
2024,70,56057,12,1066,SALÃO DA IGREJA CATÓLICA DE SÃO FRANCISCO DE BATATAL,SÃO FRANCISCO DE BATATAL,-20.57123,-40.73558,246,-1,0
2024,71,56057,12,1074,SALÃO DA IGREJA DE SÃO MARTINHO,SÃO MARTINHO,-20.52133,-40.77674,507,-1,0
2024,72,56057,12,1082,PRÉDIO DA ANTIGA ESCOLA ALMERINDA BRUNORO,SÃO MARCOS,-20.5872,-40.78798,271,-1,0
2024,73,56057,12,1090,EMEF FELIPE MODOLO,MATILDE,-20.55394,-40.81503,1147,-1,0
2024,74,56057,12,1104,SALÃO COMUNITÁRIO DE NOVA ESTRELA,NOVA ESTRELA,-20.66887,-40.85173,218,-1,0
2024,75,56057,12,1112,SALÃO DA IGREJA CATÓLICA DE CACHOEIRA ALTA,CACHOEIRA ALTA,-20.68087,-40.77262,368,-1,0
2024,76,56057,12,1120,EMUEF QUARTO TERRITÓRIO,QUARTO TERRITÓRIO,-20.65387,-40.80894,393,-1,0
2024,77,56057,12,1139,EMEF SAGRADA FAMÍLIA,SAGRADA FAMÍLIA,-20.57923,-40.69706,751,-1,0
2024,78,56057,12,1147,SALÃO COMUNITÁRIO DE SÃO BENTO DE URÂNIA,SÃO BENTO DE URANIA,-20.60455,-40.78668,772,-1,1
2024,79,56057,12,1163,EEUEF VILA NOVA DE MARAVILHA,VILA NOVA DE MARAVILHA,-20.58769,-40.94961,253,-1,0
2024,80,56057,12,1171,EEEFM CAMILA MOTA,OURO BRANCO,-20.63836,-40.74555,2723,-1,0
2024,81,56057,12,1228,CRECHE COMECINHO DE GENTE,CACHOEIRINHA,-20.6304,-40.76332,330,-1,0
2024,82,56057,12,1236,SALÃO PAROQUIAL DA IGREJA DE NOSSA SENHORA DA CONCEIÇÃO,CENTRO,-20.63529,-40.74986,628,-1,0
2024,83,56057,12,1244,CRECHE PEQUERRUCHOS,JARDIM DO CAJÁ,-20.63978,-40.74913,996,-1,0
2024,84,56065,36,1015,EMEI ARMEZINA DO AMARAL RAMOS,SANTA BÁRBARA,-19.05952,-41.01616,861,-1,0
2024,85,56065,36,1023,EMEF GUSTAVO AMBRUST,SANTA BÁRBARA,-19.06005,-41.01591,1098,-1,0
2024,86,56065,36,1031,EEEFM PASTOR ANTÔNIO NUNES DE CARVALHO,CENTRO,-19.05706,-41.01842,1748,-1,0
2024,87,56065,36,1040,CMEI MARIA VENANCIO AMORIM,PADRE PEDRO I,-19.06033,-41.02026,852,-1,0
2024,88,56065,36,1058,EMEIEF VEREADOR RUBENS RAMIRO DA SILVA,DISTRITO DE MONTE CARMELO,-19.06941,-40.9687,708,-1,0
2024,89,56065,36,1074,EMEIEF PROFESSORA MARIA RODRIGUES DE FREITAS,DISTRITO DE VILA PALMERINO,-18.95737,-40.97445,846,-1,0
2024,90,56065,36,1082,CENTRO DE CONVIVENCIA CATARINA LUCIA ELLER,SANTA BÁRBARA,-19.05985,-41.01597,647,-1,0
2024,91,56073,17,1023,EE CORONEL GOMES OLIVEIRA,NOVA ESPERANÇA,-20.79948,-40.64249,2551,-1,0
2024,92,56073,17,1074,EM DE UBÚ,PRAIA DE UBÚ,-20.80156,-40.58894,686,-1,0
2024,93,56073,17,1082,EM DE MAE BA,MÃE BÁ,-20.76572,-40.57618,1134,-1,0
2024,94,56073,17,1090,EM DE BELO HORIZONTE,BELO HORIZONTE,-20.74175,-40.60971,238,-1,0
2024,95,56073,17,1104,EM DE GOEMBÊ,GOEMBÊ,-20.71772,-40.61087,304,-1,0
2024,96,56073,17,1112,EM DE CHAPADA DO Á,CHAPADA DO Á,-20.76801,-40.63059,251,-1,0
2024,97,56073,17,1120,EMEIEFM PROFESSORA ZULEIKA FLORES DA PURIFICAÇÃO,JABAQUARA,-20.6853,-40.67762,743,-1,0
2024,98,56073,17,1139,EMEB DUAS BARRAS,DUAS BARRAS,-20.62504,-40.66104,271,-1,0
2024,99,56073,17,1147,ESCOLA AGRÍCOLA DE OLIVÂNIA,OLIVÂNIA,-20.58267,-40.64636,365,-1,0
2024,100,56073,17,1155,EM DE SIMPATIA,SIMPATIA,-20.71591,-40.71507,642,-1,0
2024,101,56073,17,1163,EM DE ITAPEROROMA BAIXA,ITAPEROROMA BAIXA,-20.76545,-40.75996,323,-1,0
2024,102,56073,17,1171,EM DE BAIXO PONGAL,BAIXO PONGAL,-20.77784,-40.74403,431,-1,0
2024,103,56073,17,1180,EM DE ITAPEÚNA,ITAPEÚNA,-20.77755,-40.70233,339,-1,0
2024,104,56073,17,1198,EMEF MANOEL DE PAULA SERRÃO,IRIRI,-20.82951,-40.69464,1905,-1,0
2024,105,56073,17,1201,EM DE CÓRREGO DA PRATA,CÓRREGO DA PRATA,-20.74036,-40.78783,237,-1,0
2024,106,56073,17,1210,EM DE ALTO PONGAL,ALTO PONGAL,-20.73031,-40.77762,644,-1,0
2024,107,56073,17,1228,EM DE DOIS IRMÃOS,DOIS IRMÃOS,-20.7162,-40.75007,204,-1,0
2024,108,56073,17,1236,EM DE ALTO JOEBA,ALTO JOEBA,-20.69483,-40.8015,213,-1,0
2024,109,56073,17,1252,EM AMARILIS FERNANDES GARCIA,JUSTIÇA II,-20.80856,-40.63877,2700,-1,0
2024,110,56073,17,1279,EM DE LIMEIRA,LIMEIRA,-20.69639,-40.67727,483,-1,0
2024,111,56073,17,1287,EM DE RECANTO DO SOL,RECANTO DO SOL,-20.79515,-40.60311,730,-1,0
2024,112,56073,17,1295,EM JOCELINA NOGUEIRA,ALVORADA,-20.80725,-40.6398,1563,-1,0
2024,113,56073,17,1309,EM PROF. DULCINEA SILVA LYRIO RUPF,PONTA DOS CASTELHANOS,-20.81519,-40.63087,742,-1,0
2024,114,56073,17,1317,EM DE PARATI,PARATI,-20.80389,-40.60194,535,-1,0
2024,115,56073,17,1325,EMEIEF PLANALTO,PLANALTO,-20.81841,-40.62389,1550,-1,0
2024,116,56073,17,1333,EMEI BELMIRO ALBERTO ALPOIM,IRIRI,-20.83112,-40.69616,642,-1,0
2024,117,56073,17,1341,EMEI FRANCISCO JUSTI,ALVORADA,-20.80576,-40.64126,566,-1,0
2024,118,56073,17,1350,EMEB ALCIDES CECCON,PRAIA DOS CASTELHANOS,-20.83031,-40.62163,663,-1,0
2024,119,56073,17,1368,EM INFANTIL TIO LILIO,CENTRO,-20.80465,-40.65337,477,-1,0
2024,120,56073,17,1392,EM DE NOVO HORIZONTE,NOVO HORIZONTE,-20.80751,-40.66215,2405,-1,0
2024,121,56081,30,1040,EMEF PATRIMÔNIO DE TODOS OS ANJOS,PATRIMÔNIO DE TODOS OS ANJOS,-18.6347,-40.6911,314,-1,0
2024,122,56081,30,1058,IGREJA CATÓLICA MADRE PAULINA,CÓRREGO DO MUTUM,-18.56542,-40.57966,194,-1,0
2024,123,56081,30,1066,IGREJA CATÓLICA DE SÃO FRANCISCO DE ASSIS,SÃO FRANCISCO DE ASSIS,-18.6832,-40.6154,287,-1,0
2024,124,56081,30,1244,EMEF PRAÇA RICA,DISTRITO DE PRAÇA RICA,-18.52169,-40.61066,743,-1,0
2024,125,56081,30,1376,CMEI GIRASSOL (CRECHE),NOVA MUNIQUE,-18.62056,-40.60844,1330,-1,0
2024,126,56081,30,1384,EMEF TODOS OS SANTOS,PATRIMÔNIO DE TODOS OS SANTOS,-18.61115,-40.69025,639,-1,0
2024,127,56081,30,1392,EMEF CONCEIÇÃO DO QUINZE,PATRIMÔNIO DE CONCEIÇÃO DO QUINZE,-18.52137,-40.66373,316,-1,0
2024,128,56081,30,1503,EMEF PROFESSORA ESTHER DA COSTA SANTOS,ONDINA,-18.61943,-40.59899,1670,-1,0
2024,129,56081,30,1597,ESCOLA AGRÍCOLA DE VILA PAVÃO - CIER,CÓRREGO DO ESTEVÃO,-18.64852,-40.6139,384,-1,0
2024,130,56081,30,1600,IGREJA EVANGELICA LUTERANA SÃO MATEUS,CÓRREGO BONITO,-18.70642,-40.65164,282,-1,0
2024,131,56081,30,1619,EEEM ANA PORTELA DE SÁ,ONDINA,-18.61875,-40.59935,1673,-1,0
2024,132,56090,44,1015,EEEM CÂNDIDA PÓVOA,CENTRO,-21.15138,-41.56935,2044,-1,0
2024,133,56090,44,1023,EMEF DE IURU,DISTRITO DE JOSÉ CARLOS,-21.14772,-41.6208,262,-1,0
2024,134,56090,44,1031,EMEF BONSUCESSO,DISTRITO DE BONSUCESSO,-20.98198,-41.55967,776,-1,0
2024,135,56090,44,1040,EMEF WALDIR MONTEIRO DE BARROS,BATATAL,-21.02328,-41.57036,402,-1,0
2024,136,56090,44,1058,EMEF MARIA DE LOURDES ALVES,CENTRO,-21.15203,-41.56928,2547,-1,0
2024,137,56090,44,1066,CMEI TIA JOANY MIRANDA,CENTRO,-21.15447,-41.56799,577,-1,0
2024,138,56103,12,1015,EMEF PROFESSOR NICOLAU KROHLING,SANTA MARIA,-20.44234,-40.78074,670,-1,0
2024,139,56103,12,1023,EMEF VITOR HUGO,VITOR HUGO,-20.42047,-40.87725,1075,-1,0
2024,140,56103,12,1031,EPSG EMÍLIO OSCAR HULLE,CENTRO,-20.41339,-40.67417,1290,-1,0
2024,141,56103,12,1040,CENTRO EDUCACIONAL INTEGRAÇÃO,CENTRO,-20.40626,-40.67118,1845,-1,0
2024,142,56103,12,1058,EMEF VICTORIO BRAVIM,ARAGUAIA,-20.42316,-40.72702,1125,-1,1
2024,143,56103,12,1066,EP DE RIO FUNDO,RIO FUNDO,-20.4459,-40.74367,383,-1,0
2024,144,56103,12,1074,EMEF MORRO BAIXO,BOM JESUS,-20.45815,-40.63206,441,-1,0
2024,145,56103,12,1082,SALÃO DA IGREJA AUXILIADORA,SOÍDO DE BAIXO,-20.40064,-40.72921,373,-1,0
2024,146,56103,12,1090,EP JOSÉ ALOÍSIO SIMOM,BETINHO SIMÃO,-20.41752,-40.76062,688,-1,0
2024,147,56103,12,1104,EMEF FLORES PASSINATO KUSTER,SOÍDO DE BAIXO,-20.40064,-40.72921,350,-1,1
2024,148,56103,12,1112,CRECHE MUNICIPAL LEONOR MIGUEL FEU ROSA,COMUNIDADE SANTA RITA,-20.42316,-40.72702,1061,-1,1
2024,149,56103,12,1139,CENTRO EDUCACIONAL VOVÓ FERNANDINA,CENTRO,-20.41823,-40.67268,1301,-1,0
2024,150,56103,12,1147,GINÁSIO DE ESPORTES MIGUEL KROHLING,SANTA MARIA,-20.44186,-40.78071,648,-1,0
2024,151,56103,12,1155,EMEF MAURO JOSÉ CHRISTO,CENTRO,-20.41249,-40.67275,3198,-1,0
2024,152,56111,20,1015,EEEM MISAEL PINTO NETTO (CENTRO),CENTRO,-19.82007,-40.27443,2067,23,0
2024,153,56111,20,1023,TEMPLO IGREJA BATISTA (CÓRREGO D'ÁGUA),CÓRREGO D'ÁGUA,-19.71177,-40.27744,310,-1,0
2024,154,56111,20,1040,EEEFM DYLIO PENEDO (JACUPEMBA),JACUPEMBA,-19.58776,-40.19408,3149,33,0
2024,155,56111,20,1058,EEEF ERMENTINA LEAL (VILA DO RIACHO),VILA DO RIACHO,-19.74633,-40.04103,1738,64,0
2024,156,56111,20,1066,EEEFM CABOCLO BERNARDO (BARRA DO RIACHO),BARRA DO RIACHO,-19.82519,-40.06111,3003,20,1
2024,157,56111,20,1074,CEMEBTI ESTHER NASCIMENTO DOS SANTOS (SANTA ROSA),SANTA ROSA,-19.92865,-40.28259,1041,54,0
2024,158,56111,20,1082,EMEF SANTA CRUZ (SANTA CRUZ),SANTA CRUZ,-19.95458,-40.15365,1249,51,0
2024,159,56111,20,1090,CENTRO DE REABILITAÇÃO DE ARACRUZ - CREARA (CENTRO),CENTRO,-19.82158,-40.27402,1532,23,0
2024,160,56111,20,1104,EMEF PROFª. BÁRULA NEVES DOS SANTOS (BARRA DO SAHY),BARRA DO SAHY,-19.87756,-40.08549,1759,21,0
2024,161,56111,20,1112,FUNDAÇÃO SÃO JOÃO BATISTA - FAACZ (GINÁSIO),GINÁSIO,-19.81902,-40.27768,597,63,0
2024,162,56111,20,1139,EMEF MARECHAL COSTA E SILVA (VILA RICA),VILA RICA,-19.81766,-40.28067,2452,63,0
2024,163,56111,20,1155,EMEF PLACIDINO PASSOS (POLIVALENTE),CENTRO,-19.81915,-40.27283,3329,44,0
2024,164,56111,20,1163,CENTRO EDUCACIONAL PRAIA DE COQUEIRAL (ANTIGO DARWIN) (COQUEIRAL),COQUEIRAL,-19.93347,-40.14323,2331,25,0
2024,165,56111,20,1171,EMEF JOSÉ MARCOS RAMPINELLI (BELA VISTA),BELA VISTA,-19.83307,-40.27008,3578,22,0
2024,166,56111,20,1180,EMEFTI MARIA LUÍZA DEVENS (ANTIGO CAIC),DE FÁTIMA,-19.8353,-40.26654,2666,22,0
2024,167,56111,20,1198,EMEF EZEQUIEL FRAGA ROCHA (BELA VISTA),BELA VISTA,-19.8368,-40.26928,4085,22,0
2024,168,56111,20,1201,CMEI MARÍLIA REZENDE SCARTON COUTINHO (JEQUITIBA),JEQUITIBÁ,-19.82788,-40.27633,2044,35,0
2024,169,56111,20,1210,CMEI AMÁLIA COUTINHO (BARRA DO RIACHO),BARRA DO RIACHO,-19.82542,-40.06143,720,20,1
2024,170,56111,20,1228,CMEI SETE ANÕES (VILA NOVA),VILA NOVA,-19.81276,-40.27093,1424,62,0
2024,171,56111,20,1244,EMEF ZILCA NUNES VIEIRA BERMUDES (VILA NOVA),VILA NOVA,-19.81032,-40.27288,2957,62,0
2024,172,56111,20,1260,EEEFM PRIMO BITTI (COQUEIRAL),COQUEIRAL,-19.92854,-40.13914,1924,25,0
2024,173,56111,20,1287,EMEF MÁRIO LEAL SILVA (GUARANÁ),GUARANÁ,-19.67903,-40.25933,3952,29,0
2024,174,56111,20,1295,EMEF PROFª. MARIA INÊS DELLA VALENTINA (JACUPEMBA),JACUPEMBA,-19.5861,-40.19526,2070,33,0
2024,175,56111,20,1309,EMEF LUÍZA SILVINA JARDIM REBUZZI (JEQUITIBA),JEQUITIBÁ,-19.83014,-40.27933,3506,35,0
2024,176,56111,20,1317,UNIDADE DE SAÚDE DE BIRIRICAS - UBS (BIRIRICAS),BIRIRICAS,-19.97455,-40.26418,504,-1,0
2024,177,56111,20,1325,EMEFTI HONÓRIO NUNES DE JESUS (MOROBÁ),MOROBÁ,-19.82958,-40.25637,1587,38,0
2024,178,56111,20,1333,EMEF NOVO IRAJÁ (NOVO IRAJA),NOVO IRAJÁ,-19.90292,-40.23293,1251,-1,0
2024,179,56111,20,1341,EMEF SAMOEL COSTA (BOA VISTA),SEGATTO,-19.82688,-40.27286,1241,23,0
2024,180,56111,20,1350,CEEMTI MONSENHOR GUILHERME SCHMITZ (DE CARLI),DE CARLI,-19.82213,-40.28276,1492,65,0
2024,181,56111,20,1368,ASSOCIAÇÃO DA  ALDEIA INDÍGENA PAU BRASIL (PAU BRASIL),ALDEIA INDÍGENA PAU BRASIL,-19.8535,-40.13083,443,-1,0
2024,182,56111,20,1376,EMP NOVA ESPERANÇA (ASSENTAMENTO NOVA ESPERANÇA),VILA DO RIACHO,-19.64756,-40.06216,269,-1,0
2024,183,56111,20,1384,CMEI  ABÍLIO CORREIA DE AMORIM (SÃO MARCOS),SÃO MARCOS,-19.80015,-40.27485,1710,61,0
2024,184,56111,20,1392,EMEF ÁLVARO SOUZA (VILA DO RIACHO),VILA DO RIACHO,-19.74609,-40.04679,1831,64,0
2024,185,56111,20,1414,EMEF ZENÍLIA VARZEM RIBEIRO (SÃO PEDRO - BARRA DO RIACHO),BARRA DO RIACHO,-19.82838,-40.06647,1045,20,1
2024,186,56111,20,1422,EMEF NOVA SANTA CRUZ (NOVA SANTA CRUZ),NOVA SANTA CRUZ,-19.96074,-40.161,544,51,0
2024,187,56111,20,1430,CMEI CRIANÇA FELIZ (NOVO JEQUITIBA),NOVO JEQUITIBÁ,-19.83024,-40.2826,1150,32,0
2024,188,56111,20,1449,EMEFI CAEIRAS VELHA (ALDEIA INDÍGENA DE CAEIRAS VELHA),ALDEIA INDÍGENA CAEIRAS VELHA,-19.92002,-40.17499,851,-1,0
2024,189,56111,20,1457,EMEF ITAPARICA (ITAPARICA - SANTA CRUZ),ITAPARICA,-19.9723,-40.14809,597,31,0
2024,190,56111,20,1465,EMEF JOSÉ MAMBRINI (JOSÉ MAMBRINI - JACUPEMBA),JOSÉ MAMBRINI,-19.59897,-40.20003,446,60,0
2024,191,56111,20,1473,UNIDADE DE SAÚDE DE MAR AZUL - UBS (MAR AZUL),PRAIA MAR AZUL,-19.91551,-40.1057,649,37,1
2024,192,56111,20,1481,PATRIMÔNIO COMUNITÁRIO CACHOEIRO DO RIACHO - UBS (CACHOEIRO DO RIACHO),VILA DO RIACHO,-19.72651,-40.1658,147,-1,0
2024,193,56111,20,1490,EMEF ERMELINDA GIACOMIN FARINA (PRAIA DO SAUÊ),PRAIA DO SAUÊ,-19.92371,-40.11704,652,56,0
2024,194,56111,20,1503,EMEFI ARANDU RETXAKÃ (ALDEIA INDÍGENA TRÊS PALMEIRAS),ALDEIA INDÍGENA TRÊS PALMEIRAS,-19.94561,-40.16452,163,51,1
2024,195,56111,20,1511,EMPI DORVELINA COUTINHO (ALDEIA INDÍGENA  COMBOIOS),ALDEIA INDÍGENA COMBOIOS,-19.74441,-40.00868,290,-1,0
2024,196,56111,20,1520,IGREJA CATÓLICA DE GRAPUAMA (GRAPUAMA),GRAPUAMA,-19.85648,-40.30377,116,-1,0
2024,197,56111,20,1538,EMEF PAULO FREIRE (SÃO MARCOS),SÃO MARCOS,-19.8038,-40.27398,2892,61,0
2024,198,56111,20,1546,ASSOCIAÇÃO DE MORADORES PRAIA FORMOSA - UBS (ANTIGO RIO PRETO),RIO PRETO,-20.0091,-40.15637,289,46,0
2024,199,56111,20,1554,PATRIMÔNIO COMUNITÁRIO RIO FRANCÊS (RIO FRANCÊS - JACUPEMBA),RIO FRANCÊS,-19.59436,-40.1138,196,-1,0
2024,200,56111,20,1562,PATRIMÔNIO COMUNITÁRIO DE PELADO (PELADO),PELADO,-19.74789,-40.33421,73,-1,0
2024,201,56111,20,1570,PATRIMÔNIO COMUNITÁRIO DE PELADINHO (PELADINHO),PELADINHO,-19.74004,-40.30982,71,-1,0
2024,202,56111,20,1597,CENTRO DE DETENÇÃO PROVISÓRIA DE ARACRUZ/ES - CDPA,DE FÁTIMA,-19.83369,-40.26292,0,27,0
2024,203,56111,20,1619,CMEI VERA LÚCIA DEVENS RABELLO (VILA RICA),VILA RICA,-19.8184,-40.27834,1145,63,0
2024,204,56111,20,1627,ASSOCIAÇÃO DA ALDEIA INDÍGENA NOVA ESPERANÇA (ALDEIA NOVA ESPERANÇA),NOVA ESPERANÇA,-19.88657,-40.14932,57,-1,0
2024,205,56120,43,1015,EEEF JOSÉ MARCELINO,BARRA DO ITAPEMIRIM,-21.00968,-40.81109,4569,-1,0
2024,206,56120,43,1023,EPSG DOMINGOS JOSÉ MARTINS (POLIVALENTE),BARRA DO ITAPEMIRIM,-21.02023,-40.81417,4874,-1,0
2024,207,56120,43,1031,ESCOLA PASTOR JOSÉ ABRAÃO,NOVA CANAÃ,-21.06247,-40.91905,971,-1,0
2024,208,56120,43,1040,EMEF SEBASTIÃO DE ALMEIDA FERREIRA,PRAIA DOS CAÇÕES,-21.13195,-40.87189,943,-1,0
2024,209,56120,43,1058,EPG ANÁLIA QUEIROZ DA SILVA,JACARANDÁ,-21.05749,-40.85778,2037,-1,0
2024,210,56120,43,1066,EMPEF IMBURI,IMBURI,-21.13116,-40.93062,574,-1,0
2024,211,56120,43,1074,EMEF PONTAL,PONTAL,-20.99953,-40.80893,810,-1,0
2024,212,56120,43,1090,EEEF MARIA DA GLÓRIA NUNES NEMER,CENTRO,-21.03983,-40.8237,3534,-1,0
2024,213,56120,43,1104,EMEF LAGOA DANTAS,LAGOA DANTAS,-21.08951,-40.84356,1084,-1,0
2024,214,56120,43,1112,EMEI MÔNICA DE AGUIAR,BARRA DO ITAPEMIRIM,-21.01163,-40.81075,1941,-1,0
2024,215,56120,43,1120,EMEIF BOA VISTA DO SUL,BOA VISTA DO SUL,-21.16355,-40.90706,1152,-1,0
2024,216,56120,43,1139,EPG DE BREJO DOS PATOS,BREJO DOS PATOS,-21.07649,-40.88381,784,-1,0
2024,217,56120,43,1147,POSTO DE SAÚDE DE SÃO JOÃO DO JABOTI,SÃO JOÃO DO JABOTI,-21.08665,-40.92078,327,-1,0
2024,218,56120,43,1155,EMEF NAGIB MELEIPE,SANTA TEREZA,-21.04143,-40.83506,2495,-1,0
2024,219,56120,43,1163,ESCOLA MUNICIPAL PROFESSORA ZENI  MENDES DE SOUZA,CACULUCAGEM,-21.12646,-40.90247,392,-1,0
2024,220,56120,43,1171,EPE ANTÔNIO SERAFIM,LAGOA FUNDA,-21.07116,-40.83928,1251,-1,0
2024,221,56120,43,1180,IGREJA CATÓLICA SAGRADA FAMILIA (TIMBÓ),TIMBÓ 2,-21.09374,-40.86992,128,-1,0
2024,222,56120,43,1198,IGREJA BATISTA DE NOVA JERUSALEM,NOVA JERUSALÉM,-21.10953,-40.91273,402,-1,0
2024,223,56120,43,1201,CEMEI CRIANÇA FELIZ,PONTAL,-21.00138,-40.80812,392,-1,0
2024,224,56120,43,1210,EMEI MAICON COSTA DOS SANTOS,CENTRO,-21.04613,-40.83865,985,-1,0
2024,225,56120,43,1236,EMEIEF BONIFÁCIO JOÃO MARVILA,NOSSA SENHORA APARECIDA,-21.05234,-40.83981,335,-1,0
2024,226,56120,43,1244,CEMEI PROFESSORA JUCELIA DE OLIVEIRA C. BAIENSE,LAGOA DO SIRI,-21.10605,-40.85197,327,-1,0
2024,227,56120,43,1260,ESCOLA MUNICIPAL MARINGÁ,TIMBÓ 1,-21.10215,-40.88885,309,-1,0
2024,228,56120,43,1279,CDPM - CENTRO DE DETENÇÃO PROVISÓRIA DE MARATAÍZES,LAGOA DO MEIO,-21.02137,-40.82459,0,-1,0
2024,229,56120,43,1287,EMEI PROF MARCELO GOMES MOREIRA,ARRAIAS,-21.03153,-40.81617,1578,-1,0
2024,230,56120,43,1295,ESCOLA MUNICIPAL PROF. LAUREA FREIRE BRUMANA (CAIC),BARRA DO ITAPEMIRIM,-21.01337,-40.81526,532,-1,0
2024,231,56138,2,1015,EMEB HERMÍNIA LEAL JÚDICE,NITERÓI,-20.91521,-41.19467,787,-1,0
2024,232,56138,2,1023,EMEBTI ROQUE TELLES GUIMARÃES,BAIXA BONITA,-20.92795,-41.18462,899,-1,0
2024,233,56138,2,1031,EEEFM FERNANDO DE ABREU,CENTRO,-20.91286,-41.19617,1904,-1,0
2024,234,56138,2,1040,EMEB LUIZ ALBERTO FARIA MORENO,CENTRO,-20.91344,-41.19718,1570,-1,0
2024,235,56138,2,1058,SEMMA - SECRETARIA MUNICIPAL DE MEIO AMBIENTE,CENTRO,-20.91433,-41.19756,513,-1,0
2024,236,56138,2,1074,EMEB ANA BUSATO,NITERÓI,-20.91523,-41.19448,1367,-1,0
2024,237,56138,2,1090,SEMADER - SECRETARIA MUNICIPAL DE AGRICULTURA E DESENVOLVIMENTO RURAL,NITERÓI,-20.91579,-41.19609,1158,-1,0
2024,238,56138,2,1104,EMEB FLECHEIRAS,FLECHEIRAS,-21.03548,-41.18035,566,-1,0
2024,239,56138,2,1112,EMEB BENEDITO SAMPAIO,PRAÇA DO ORIENTE,-20.97488,-41.17571,297,-1,0
2024,240,56138,2,1120,EMEB TEOTÔNIO RAFAEL,INDEPENDÊNCIA,-20.95333,-41.12551,321,-1,0
2024,241,56146,10,1015,EEEFM ÁLVARO CASTELO,BERLLAMINO ULYANA,-20.14457,-41.28788,4275,80,1
2024,242,56146,10,1023,EEEFM MARLENE BRANDÃO,VILA DE BREJAUBINHA,-20.18243,-41.26668,1261,-1,0
2024,243,56146,10,1031,EEEFM LEOGILDO SEVERIANO DE SOUSA,FAZENDA LEOGILDO,-20.11037,-41.33967,1336,-1,0
2024,244,56146,10,1040,EEEFM SÃO JORGE,DISTRITO DE SÃO JORGE,-19.9753,-41.28007,1579,-1,0
2024,245,56146,10,1058,EEEFM FAZENDA CAMPORÊS,VILA DE RANCHO DANTAS,-20.25306,-41.23787,513,-1,0
2024,246,56146,10,1082,CMEI IVONE MARIA DO CARMO BRUM,BERLLAMINO ULYANA,-20.14185,-41.28559,2281,80,1
2024,247,56154,7,1015,EPSG JOSÉ DAMASCENO FILHO,SAPUCAIA,-19.51023,-41.01885,3388,-1,0
2024,248,56154,7,1040,EEUEF DE SANTA ROSA,COMUNIDADE SANTA ROSA,-19.77683,-41.01365,306,-1,0
2024,249,56154,7,1066,EMEIEF BENEVENUTO CLEMENTINO GOBBO,SÃO JOSÉ,-19.51888,-41.01171,2344,-1,0
2024,250,56154,7,1090,EMEF OLGA MARTINELLI,DISTRITO DE IBITUBA,-19.69035,-41.01787,818,-1,0
2024,251,56154,7,1112,EMEIEF CARLOS LUIZ FREDERICO,DISTRITO DE VILA NOVA DO BANANAL,-19.68728,-41.1258,756,-1,0
2024,252,56154,7,1120,EMEIEF ALADIA TRINDADE DE PAIVA,DISTRITO DE MASCARENHAS,-19.5047,-40.91505,990,-1,0
2024,253,56154,7,1147,EMEIEF PROF. ELZA EVALD DE OLIVEIRA,DISTRITO DO KM 14 DO MUTUM,-19.39862,-40.90496,1066,-1,0
2024,254,56154,7,1171,EMEF FRANCISCO DA CUNHA RAMALDES,DISTRITO ALTO MUTUM PRETO,-19.27658,-40.90812,945,-1,0
2024,255,56154,7,1260,ESCOLA SONHO MEU,CENTRO,-19.51259,-41.01005,2054,-1,0
2024,256,56154,7,1392,EPEFM BRASIL,CENTRO,-19.51732,-41.01687,2483,-1,0
2024,257,56154,7,1473,EEEFM DR. JONES DOS SANTOS NEVES,SAPUCAIA,-19.50746,-41.02409,2520,-1,0
2024,258,56154,7,1481,EEEF BRASIL,CENTRO,-19.51727,-41.01689,1507,-1,0
2024,259,56154,7,1490,POSTO DE SAÚDE DOIS IRMÃOS,CÓRREGO DOIS IRMÃOS,-19.68562,-40.95142,146,-1,0
2024,260,56154,7,1511,EMEIEF JOÃO JÚLIO CARDOSO,VALPARAÍSO,-19.52288,-41.001,1213,-1,0
2024,261,56154,7,1538,EMEIEF JOÃO XXIII,ROSÁRIO I,-19.50844,-41.02755,1429,-1,0
2024,262,56154,7,1546,EMEIEF PROFESSORA LÉA HOLZ,MAUÁ,-19.50853,-41.01355,909,-1,0
2024,263,56154,7,1554,EMEIEF DARLENE MAGGIONI FRANQUINI,ROSÁRIO II,-19.50426,-41.03197,669,-1,0
2024,264,56154,7,1562,ESCOLA VIVA - CEEMTI CENTRO EDUCACIONAL DE ENSINO MEDIO EM TEMPO INTEG,VILA KENNEDY,-19.51515,-41.00513,1836,-1,0
2024,265,56162,16,1015,EMEIEF SANTA JULIA,AGROVILA,-19.67868,-40.69658,1161,-1,0
2024,266,56162,16,1023,ESCOLA MUNICIPAL VALE DO CANAÂ,VILA VERDE,-19.75188,-40.65745,4543,-1,0
2024,267,56162,16,1031,CRAS PASTOR ROQUE LAURETE,CENTRO,-19.73846,-40.66171,1522,-1,0
2024,268,56162,16,1040,EMEIEF DARLY NERTY VERVLOET,SÃO JACINTO,-19.72076,-40.61027,948,-1,0
2024,269,56162,16,1058,EMEIEF LUIZ MÔNICO,SÃO FRANCISCO,-19.75189,-40.72595,759,-1,0
2024,270,56162,16,1066,EMEI SANTA JÚLIA,AGROVILA,-19.67888,-40.69631,542,-1,0
2024,271,56162,16,1074,EMEIEF JOSEPHIR BOSCHETTI - SÃO DALMÁCIO,SÃO DALMÁCIO,-19.76356,-40.64925,531,-1,0
2024,272,56170,23,1074,EEMF JOÃO XXIII,CAMPO NOVO,-18.7556,-40.89832,4071,69,0
2024,273,56170,23,1082,EEEF JOÃO BASTOS,VILA GONÇALVES,-18.75401,-40.89051,3227,75,0
2024,274,56170,23,1090,CESFA - PITÁGORAS,VILA VICENTE,-18.75452,-40.88197,3130,78,0
2024,275,56170,23,1147,EMEFTI OZÉIAS REZENDE,CENTRO,-18.76169,-40.88901,2577,70,0
2024,276,56170,23,1236,EEEF DE CACHOEIRINHA DE ITAÚNAS,CACHOEIRINHA DE ITAÚNAS,-18.87442,-40.93079,1177,-1,0
2024,277,56170,23,1279,EEEF ALADIM SILVESTRE DE ALMEIDA,VILA MONTE SINAI,-18.58624,-40.8868,2063,-1,0
2024,278,56170,23,1295,EEEF DE MONTE SENIR,POVOADO DE MONTE SENIR,-18.83767,-40.78152,1147,-1,0
2024,279,56170,23,1325,EMEF VEREADOR ANTÔNIO QUIRINO RAMOS,VILA PORANGA,-18.58422,-40.86234,582,-1,0
2024,280,56170,23,1406,EM ELIZABETH TROZESKI DA SILVA,VILA PAULISTA,-18.66729,-40.79516,1293,-1,0
2024,281,56170,23,1414,EEEF DE VARGEM ALEGRE,VARGEM ALEGRE,-18.80704,-40.8525,1245,-1,0
2024,282,56170,23,1473,EEEF SANTO ANTÔNIO,VILA SANTO ANTÔNIO,-18.75654,-40.806,1172,-1,0
2024,283,56170,23,1490,EEEF DE VILA ITAPERUNA,VILA ITAPERUNA,-18.70914,-40.73964,1026,-1,0
2024,284,56170,23,1503,EMEF VICENTE AMARO DA SILVA,CAMPO NOVO,-18.75478,-40.89723,3165,69,0
2024,285,56170,23,1511,CREAS NAIR ALVES DE MOURA,CENTRO,-18.7571,-40.89038,253,70,0
2024,286,56170,23,1538,EEEF ANTÔNIO CIRILO,DENZOL,-18.50983,-40.77383,308,-1,0
2024,287,56170,23,1546,EEEFM GOVERNADOR LINDENBERG,IRMÃOS FERNANDES,-18.74973,-40.89355,2015,73,0
2024,288,56170,23,1554,EM EVANDRA CHAVES DE OLIVEIRA,ASSENT. 3 CORAÇÕES/COM. POÇO AZUL,-18.5259,-40.70231,263,-1,0
2024,289,56170,23,1589,EM SEBASTIAO ALBANO,VILA VICENTE,-18.75359,-40.88157,2421,78,0
2024,290,56170,23,1597,EE ASCENDINA FEITOSA,VILA PAULISTA,-18.66425,-40.79585,1525,-1,0
2024,291,56170,23,1600,EM LUCIENE M FERREIRA,VILA LUCIENE,-18.7303,-40.89427,769,77,0
2024,292,56170,23,1619,CMEI BRASILINO M DE MORAES,COLINA,-18.76261,-40.8926,530,71,0
2024,293,56170,23,1627,CMEI KATHERINE ZANET,VILA PAULISTA,-18.66139,-40.79177,737,-1,0
2024,294,56189,41,1015,EEEF ALEGRE,CÓRREGO ALEGRE,-19.20082,-40.09514,1508,-1,0
2024,295,56189,41,1023,EMEF ALBERTO STANGE JÚNIOR,CENTRO,-19.19428,-40.09457,2500,-1,0
2024,296,56189,41,1031,EEEFM ARMANDO BARBOSA QUITIBA,CENTRO,-19.19154,-40.09658,4239,-1,0
2024,297,56189,41,1040,EEPEF FAZENDA DOMINGOS CORREIA (JOERANA B),CÓRREGO JOERANA B,-19.07289,-40.08497,365,-1,0
2024,298,56189,41,1058,EMEF JOÃO NEVES PEREIRA,SALVADOR,-19.18889,-40.11109,5042,-1,0
2024,299,56189,41,1066,PEM LÉIA DOS SANTOS,CENTRO,-19.19291,-40.09558,2646,-1,1
2024,300,56189,41,1074,EMEF MARIA DIVINA CAMPANHARO DA SILVA (CHUMBADO),CÓRREGO CHUMBADO,-19.11678,-40.19097,1177,-1,0
2024,301,56189,41,1082,EEPEF JOERANA A,CÓRREGO JOERANA A,-19.05087,-40.0299,363,-1,0
2024,302,56189,41,1090,EMEF VEREADOR JAIR FABRES PINTO (CÓRREGO PATIOBA),CÓRREGO PATIOBA,-19.15733,-40.1439,331,-1,0
2024,303,56189,41,1104,CEMEIF JOSÉ MARTINS (CÓRREGO RODRIGUES),CÓRREGO RODRIGUES,-19.06095,-40.22936,499,-1,0
2024,304,56189,41,1120,EEEFM CÂNDIDO PORTINARI (JUNCADO),JUNCADO,-19.0886,-40.13871,1358,-1,0
2024,305,56189,41,1139,LUCILENE LIRA GAMA,COMENDADOR RAFAEL,-19.16468,-40.19423,562,-1,0
2024,306,56189,41,1155,PEM PAULO CESAR FORNAZIER (SANTA LUZIA DO CHUMBADO),SANTA LUZIA DO CHUMBADO,-19.10216,-40.18506,329,-1,0
2024,307,56189,41,1163,BARRO ROXO - COM. N. SRA. DA PENHA,CÓRREGO BARRO ROXO,-19.09587,-40.21751,65,-1,0
2024,308,56189,41,1171,EMEF PEDRO BALBINO DE MENEZES,bairro canaã,-19.19751,-40.09836,307,-1,0
2024,309,56197,39,1015,EMEF PROFª UBALDINA SANTO AMARO DO AMARAL,CENTRO,-18.5398,-40.29794,2151,-1,0
2024,310,56197,39,1023,EEEFM ANTÔNIO DOS SANTOS NEVES,CENTRO,-18.5409,-40.29845,3219,-1,0
2024,311,56197,39,1031,EEEFM DE SOBRADINHO,SOBRADINHO,-18.4288,-40.38694,1653,-1,0
2024,312,56197,39,1040,EMEIEF KM-20,QUILÔMETRO 20,-18.48712,-40.39875,751,-1,0
2024,313,56197,39,1058,EMEF DE SANTO ANTÔNIO,SANTO ANTÔNIO,-18.51707,-40.35275,838,-1,0
2024,314,56197,39,1066,EMEIEF ANADYR DE ALMEIDA MARCHIORI,BELA VISTA,-18.55442,-40.22318,818,-1,0
2024,315,56197,39,1074,EMEF PROFª IZAURA ALMEIDA SILVA,NOVA CIDADE,-18.53923,-40.28848,2091,-1,0
2024,316,56200,38,1031,EEEFM PROFA MARIA MAGDALENA DA SILVA,VILA NOVA,-18.12853,-40.53837,1828,-1,0
2024,317,56200,38,1040,EPG DE ITAMIRA,ITAMIRA,-18.25361,-40.51281,1455,-1,0
2024,318,56200,38,1074,EEEF PROFA VALDA COSTA SEVERO,CENTRO,-18.12311,-40.53968,2440,-1,0
2024,319,56200,38,1082,PRÉ-ESCOLA MUNICIPAL PEQUENO PRÍNCIPE,CHAPISCO,-18.11645,-40.54036,464,-1,0
2024,320,56200,38,1104,PROFA. JUSSARA BATISTA TAVARES,ALVORADA,-18.11881,-40.54032,467,-1,0
2024,321,56219,44,1015,ESCOLA MUNICIPAL CEL ANTÔNIO HONÓRIO,CENTRO,-21.1312,-41.67664,1852,-1,0
2024,322,56219,44,1023,EEEFM HORÁCIO PLÍNIO,CENTRO,-21.13277,-41.67829,2612,-1,0
2024,323,56219,44,1031,EM MINERVINA DA SILVA ARAUJO,SILVANA,-21.12622,-41.67039,1519,-1,0
2024,324,56219,44,1040,ESCOLA SÃO SEBASTIÃO,SÃO SEBASTIÃO,-21.12506,-41.6724,882,-1,0
2024,325,56219,44,1082,JARDIM DE INFÂNCIA GIL VELOSO,CENTRO,-21.12972,-41.67454,723,-1,0
2024,326,56219,44,1090,CMEI FATINHA BOECHAT,SÃO SEBASTIÃO,-21.1236,-41.67282,935,-1,0
2024,327,56227,37,1015,EMEF PATRIMÔNIO ARARIBÓIA,ARARIBOIA,-19.04982,-40.29544,429,-1,0
2024,328,56227,37,1023,SALÃO PAROQUIAL DO CÓRREGO PINTADA,SÃO JORGE DA BARRA SECA,-18.87349,-40.27529,283,-1,0
2024,329,56227,37,1058,SALÃO DE CATEQUESE DA COMUNIDADE SÃO FRANCISCO DE ASSIS DE PARAISÓPOLI,JURAMA,-18.95477,-40.29045,794,-1,0
2024,330,56227,37,1066,EMEIEF WELTON ALTOE CALIMAN - TESOURO,SÃO JORGE DA BARRA SECA,-18.9041,-40.22992,617,-1,0
2024,331,56227,37,1074,EMEF JURAMA,JURAMA,-18.99343,-40.2732,1128,-1,0
2024,332,56227,37,1090,EMEF MARIA LUIZA JORGE DOS REIS - SÃO JORGE DA BARRA SECA,SÃO JORGE DA BARRA SECA,-18.84931,-40.34,1028,-1,0
2024,333,56227,37,1104,COMUNIDADE SAGRADA FAMÍLIA - CÓRREGO VARGEM ALEGRE,JURAMA,-19.01323,-40.31958,287,-1,0
2024,334,56227,37,1112,EEEFM ATÍLIO VIVACQUA,CENTRO,-18.99869,-40.3917,3846,-1,0
2024,335,56227,37,1120,EEEF VALÉRIO,CENTRO,-19.00196,-40.38751,1321,-1,0
2024,336,56227,37,1139,EMEI CINDERELA,CENTRO,-18.99743,-40.38864,2539,-1,0
2024,337,56227,37,1147,EMEF VIVA KAIO FRED DARÉ GRIGOLETO,RAFAEL THOMAS,-19.00064,-40.39306,509,-1,0
2024,338,56227,37,1155,EMEIEF BERNARDO MANTOVANELLI - DOURADO,SEDE,-19.01737,-40.4339,416,-1,0
2024,339,56235,2,1180,ESCOLA GUIMARÃES ROSA,CENTRO,-20.8514,-41.11077,2022,103,0
2024,340,56235,2,1252,EMEB ANISIO VIEIRA DE ALMEIDA RAMOS,VILA RICA,-20.84104,-41.12906,2709,146,0
2024,341,56235,2,1368,EMEB OSWALDO MACHADO,BAIMINAS,-20.85687,-41.1044,2060,94,0
2024,342,56235,2,1376,EEEM CEI ÁTTILA DE ALMEIDA MIRANDA,VILA RICA,-20.84242,-41.12852,4475,121,0
2024,343,56235,2,1406,EMEB GALDINO THEODORO DA SILVA,JARDIM ITAPEMIRIM,-20.85489,-41.15274,4447,118,0
2024,344,56235,2,1414,SESI - SERVIÇO SOCIAL DA INDÚSTRIA,ALTO MONTE CRISTO,-20.84928,-41.14848,3420,87,0
2024,345,56235,2,1422,EEEFM LIONS SEBASTIÃO DE PAIVA VIDAURRE,DR LUIZ TINOCO DA FONSECA,-20.83244,-41.15605,2597,119,0
2024,346,56235,2,1430,EMEB PEDRO ESTELLITA HERKENHOFF,WALDIR FURTADO DE AMORIM ,-20.8394,-41.1579,2884,148,0
2024,347,56235,2,1457,EMEB ELISEU LOFEGO,RUY PINTO BANDEIRA,-20.83852,-41.18315,1959,136,0
2024,348,56235,2,1465,EEEFM PROFA. HOSANA SALLES,AEROPORTO,-20.83086,-41.17625,3693,83,0
2024,349,56235,2,1635,EMEBTI DONA MARIA SANTANA,BASILÉIA,-20.85077,-41.12369,1872,95,0
2024,350,56235,2,1643,EEEFM PROFESSOR CLAUDIONOR RIBEIRO - POLIVALENTE GUANDU,MARIA ORTIZ,-20.84262,-41.12635,1052,121,0
2024,351,56235,2,1660,EEEFM QUINTILIANO DE AZEVEDO,SANTO ANTÔNIO,-20.84612,-41.12562,3403,137,0
2024,352,56235,2,1694,EEEFM AGOSTINHO SIMONATO,JARDIM AMÉRICA,-20.84997,-41.14642,2328,117,0
2024,353,56235,2,1732,EEEFM FRATERNIDADE E LUZ,SUMARÉ,-20.85187,-41.11202,1654,140,0
2024,354,56235,2,1740,EMEB ZENI PIRES FERREIRA,AMARAL,-20.85743,-41.10662,2420,90,0
2024,355,56235,2,1767,EMEB PROF. VALDY FREITAS,PARAÍSO,-20.86297,-41.12187,3244,131,0
2024,356,56235,2,1783,EEEF AMÉLIA TOLEDO DO ROZÁRIO,DISTRITO DE CÓRREGO DOS MONOS,-20.86853,-41.20671,1381,-1,0
2024,357,56235,2,1848,EMEB MARIA DAS DORES PINHEIRO AMARAL,VALÃO,-20.82604,-41.12979,1471,107,0
2024,358,56235,2,1856,EMEB MONTEIRO LOBATO,ALTO UNIÃO,-20.88063,-41.09959,2835,89,0
2024,359,56235,2,1880,EMEB JULIETA DEPES TALLON,ZUMBI,-20.85092,-41.13308,2939,149,0
2024,360,56235,2,1899,EEEF ROTARY,OTTON MARINS,-20.8484,-41.13203,2659,130,0
2024,361,56235,2,1902,EMEB PLURIDOCENTE TIJUCA,TIJUCA,-20.91214,-41.11859,481,-1,0
2024,362,56235,2,1929,EMEB PROF. DAVID ALBERTO LÓSS,CORAMARA,-20.83113,-41.15268,1503,104,0
2024,363,56235,2,1937,EMEB NOSSA SENHORA DAS GRAÇAS,AGOSTINHO SIMONATO,-20.84558,-41.1509,1324,84,0
2024,364,56235,2,1996,SALÃO PAROQUIAL DE SANTA FÉ DE CIMA,SANTA FÉ DE CIMA,-20.83739,-41.22876,416,-1,0
2024,365,56235,2,2070,EMEB PROF. DEUSDEDIT BAPTISTA,CORAMARA,-20.83528,-41.14963,718,104,0
2024,366,56235,2,2089,EMEB PADRE GINO ZATELLI,DR GILSON CARONE,-20.83943,-41.14872,2901,111,0
2024,367,56235,2,2119,EMEB LUIZ MARQUES PINTO,BOA VISTA,-20.83475,-41.1806,1287,98,0
2024,368,56235,2,2135,EMEB JENNY GUÁRDIA,SÃO GERALDO,-20.87743,-41.12761,1140,142,0
2024,369,56235,2,2143,EEEFM BERNARDINO MONTEIRO,AMARELO,-20.85989,-41.1181,2430,91,0
2024,370,56235,2,2151,EMEB OSCAR MONTENEGRO FILHO,RECANTO,-20.85133,-41.11816,1487,134,0
2024,371,56235,2,2224,EMEB REVERENDO JADER GOMES COELHO,IBC,-20.85442,-41.15028,2759,113,0
2024,372,56235,2,2232,EMEB PROF. ELISIO CORTES IMPERIAL,TEIXEIRA LEITE,-20.83362,-41.12339,681,145,0
2024,373,56235,2,2267,UNIÃO SOCIAL CAMILIANA - CAMPUS I (SÃO CAMILO),PARAÍSO,-20.86061,-41.12104,2275,131,0
2024,374,56235,2,2275,EMEB MARIA TEREZA BRANDÃO DE MELLO,BASILÉIA,-20.85356,-41.12304,852,95,0
2024,375,56235,2,2283,MULTIVIX - CAMPUS MONTE BELO,MONTE BELO,-20.87161,-41.10208,1186,125,1
2024,376,56235,2,2291,EMEB ALAIR TURBAY BAIÃO,OTTON MARINS,-20.8475,-41.13621,1018,130,0
2024,377,56235,2,2305,EMEB MARIA SILOTI,DR LUIZ TINOCO DA FONSECA,-20.83203,-41.15546,747,119,0
2024,378,56235,2,2313,EMEB PE JEFFERSON LUIZ DE MAGALHÃES (SUPER CRECHE),BOA VISTA,-20.83343,-41.17884,733,98,0
2024,379,56235,2,2321,EMEB PROFA ARIETTE MOULIN COSTA,SÃO LUCAS,-20.84578,-41.15887,322,143,0
2024,380,56235,2,2330,EMEB SÃO FRANCISCO DE ASSIS,SÃO FRANCISCO DE ASSIS,-20.85237,-41.14158,734,141,0
2024,381,56235,2,2348,EMEB WALDIR FURTADO AMORIM,WALDIR FURTADO DE AMORIM ,-20.8397,-41.1583,327,148,0
2024,382,56235,2,2372,EMEBTI PROF JOSÉ PAINEIRAS FILHO,PRESIDENTE ARTHUR COSTA E SILVA,-20.86185,-41.10865,1476,133,0
2024,383,56235,48,1015,EMEB AURORA ESTELLITA HERKENHOFF,AQUIDABAN,-20.84202,-41.11661,1387,92,0
2024,384,56235,48,1023,EMEB LUIZ SEMPRINI,DISTRITO DE PACOTUBA,-20.76376,-41.27178,1278,-1,0
2024,385,56235,48,1031,EMEB PROFª CIBELIA TEIXEIRA ZIPPINOTI (COUTINHO),DISTRITO DE COUTINHO,-20.75691,-41.19461,853,-1,0
2024,386,56235,48,1040,EEEFM ZACHEU MOREIRA DA FRAGA,DISTRITO DE VARGEM GRANDE DE SOTURNO,-20.76328,-41.05936,3077,-1,0
2024,387,56235,48,1058,FACULDADE MULTIVIX,INDEPENDÊNCIA,-20.8502,-41.10896,1127,116,0
2024,388,56235,48,1066,EMEB MONTE ALEGRE,MONTE ALEGRE,-20.73402,-41.27155,336,-1,0
2024,389,56235,48,1074,EMEB PROF. FLORISBELO NEVES,NOVO PARQUE,-20.83559,-41.11552,3069,129,0
2024,390,56235,48,1082,EMEB PROFA GÉRCIA FERREIRA GUIMARÃES,VILLAGE DA LUZ,-20.83068,-41.11999,1410,110,0
2024,391,56235,48,1104,IASES - COMPLEXO DE CACHOEIRO DE ITAPEMIRIM (UNIP SUL E UNIS SUL),MONTE LÍBANO,-20.85452,-41.08848,0,144,1
2024,392,56235,48,1120,EEEFM WILSON REZENDE,DISTRITO DE BURARAMA,-20.68063,-41.3474,1413,-1,0
2024,393,56235,48,1139,EEEF DE GIRONDA,DISTRITO DE GIRONDA,-20.72286,-41.0829,994,-1,0
2024,394,56235,48,1147,EMEB ZILMA COELHO PINTO,FERROVIÁRIOS,-20.84549,-41.1149,603,109,0
2024,395,56235,48,1155,EMEB NEWTON BRAGA,FERROVIÁRIOS,-20.84444,-41.11333,665,109,0
2024,396,56235,48,1163,EMEB ANACLETO RAMOS,FERROVIÁRIOS,-20.84438,-41.11319,2423,109,0
2024,397,56235,48,1171,COLÉGIO JESUS CRISTO REI,INDEPENDÊNCIA,-20.84922,-41.10968,3454,116,0
2024,398,56235,48,1180,EEEFM LICEU MUNIZ FREIRE,INDEPENDÊNCIA,-20.85292,-41.10673,2577,116,0
2024,399,56235,48,1198,EMEB MARIA STAEL DE MEDEIROS TEIXEIRA,VILLAGE DA LUZ,-20.82857,-41.11556,2750,147,0
2024,400,56235,48,1201,EEEFM PRES. GETÚLIO VARGAS (POLIVALENTE AQUIDABAN),AQUIDABAN,-20.84202,-41.11453,2632,82,0
2024,401,56235,48,1210,EEEFM PROFA. INAH WERNECK,AQUIDABAN,-20.84176,-41.11682,3641,92,0
2024,402,56235,48,1228,CEEFMTI PROF. FRANCISCO COELHO ÁVILA JUNIOR (POLIVALENTE CEL BORGES),CORONEL BORGES,-20.85328,-41.09405,3642,105,0
2024,403,56235,48,1236,EMEB ANACLETO RAMOS - PRÉDIO II,FERROVIÁRIOS,-20.84438,-41.11318,823,109,0
2024,404,56235,48,1252,EEEFM CAROLINA PASSOS GAIGHER,SANTA HELENA,-20.84463,-41.1089,2519,114,0
2024,405,56235,48,1260,EMEB SÃO VICENTE,SÃO VICENTE,-20.65977,-41.0915,778,-1,0
2024,406,56235,48,1287,CDPCI - CENTRO DE DETENÇÃO PROVISÓRIA DE CACHOEIRO DE ITAPEMIRIM,CORONEL BORGES,-20.85452,-41.08848,0,144,1
2024,407,56235,48,1295,EEEFM PROFA. PETRONÍLHA VIDIGAL,DISTRITO DE ITAÓCA,-20.72804,-41.13276,3690,-1,0
2024,408,56235,48,1309,EEEF PROF. DOMINGOS UBALDO,DISTRITO DE CONDURU,-20.67346,-41.20735,2298,-1,0
2024,409,56235,48,1317,EMEB SANDRA MONTEIRO VARGAS PIASSI,AQUIDABAN,-20.84276,-41.11681,86,92,0
2024,410,56235,48,1325,EMEB ZILDA SOARES MOURA,VILLAGE DA LUZ,-20.82672,-41.11856,772,147,0
2024,411,56235,48,1333,EMEB JACOMO SILOTTI,SOTURNO,-20.77148,-41.06722,644,-1,0
2024,412,56235,48,1341,COMUNIDADE NOSSA SENHORA DE FÁTIMA,INDEPENDÊNCIA,-20.84822,-41.10716,216,116,0
2024,413,56235,48,1350,EMEB PROFESSORA VALERIA AQUINO VIANA,ITAÓCA,-20.72859,-41.13434,400,-1,0
2024,414,56235,48,1368,EPPG BEM TE VI,IBITIQUARA,-20.84637,-41.11048,331,114,0
2024,415,56251,34,1228,EMEF ANTÁRIO ALEXANDRE THEODORO ( ANTÁRIO FILHO),SÃO FRANCISCO,-20.34844,-40.40666,1221,226,0
2024,416,56251,34,1236,EMEF STÉLIDA DIAS,CAMPO GRANDE,-20.34008,-40.38412,4309,164,0
2024,417,56251,34,1244,FACULDADE MULTIVIX,CAMPO GRANDE,-20.34484,-40.38165,5471,164,0
2024,418,56251,34,1252,EMEF TALMA SARMENTO DE MIRANDA,SÃO GERALDO,-20.341,-40.38218,4602,227,0
2024,419,56251,34,1260,EEEFM HUNNEY EVEREST PIOVESAN,SANTA FÉ,-20.34669,-40.3869,7055,188,0
2024,420,56251,34,1287,CMEI JESUS MENINO (PARQUE INFANTIL),CAMPO GRANDE,-20.33919,-40.38698,1448,164,0
2024,421,56251,34,1295,EMEF MARIA PAIVA,SÃO GERALDO,-20.34782,-40.3784,2489,227,0
2024,422,56251,34,1325,EMEF EURIDES GABRIEL (SANTA IZABEL),CAMPO BELO,-20.36052,-40.37963,2454,163,0
2024,423,56251,34,1341,EMEF PEDRO VENTURIM,ROSA DA PENHA,-20.34944,-40.38271,1461,213,0
2024,424,56251,34,1465,EEEF TIRADENTES,BELA AURORA,-20.35231,-40.36656,4439,158,0
2024,425,56251,34,1473,EMEF SÃO JORGE,RIO MARINHO,-20.3806,-40.36893,5645,186,0
2024,426,56251,34,1759,EEEF VENTINO DA COSTA BRANDÃO,ROSA DA PENHA,-20.35483,-40.38328,2372,224,0
2024,427,56251,34,1767,EMEF ALZIRA RAMOS,RIO MARINHO,-20.38069,-40.36968,4892,186,0
2024,428,56251,34,1775,EEEF CELESTINO DE ALMEIDA,BELA VISTA,-20.36955,-40.37163,2283,159,0
2024,429,56251,34,1791,EEEFM MARIANO FIRME DE SOUZA,BANDEIRANTES,-20.36231,-40.36754,5275,157,0
2024,430,56251,34,1899,EMEF MANUEL MELO SOBRINHO,VILA PALESTINA,-20.34403,-40.39715,2293,244,0
2024,431,56251,34,1902,CMEI PEDRO VIEIRA DA SILVA,SÃO GERALDO,-20.34341,-40.37872,1356,227,0
2024,432,56251,34,1910,EMEF TANCREDO DE ALMEIDA NEVES,SANTA BÁRBARA,-20.35443,-40.39478,2977,214,0
2024,433,56251,34,1945,EMEF AYRTON SENNA ( VISTA MAR),VISTA MAR,-20.35524,-40.36632,2727,249,0
2024,434,56251,34,1953,EMEF ROSA DA PENHA,ROSA DA PENHA,-20.34801,-40.38336,3226,213,0
2024,435,56251,34,1970,EMEF RENASCER,PADRE GABRIEL,-20.37359,-40.39017,3789,200,0
2024,436,56251,34,2011,EMEF VALDECI CEZARIO (VILA RICA),VILA RICA,-20.3567,-40.40342,1382,219,0
2024,437,56251,34,2020,EMEF ORLANDO MOREIRA DE LIMA ( ITAPEMIRIM),ITAPEMIRIM,-20.35545,-40.37949,2626,181,0
2024,438,56251,34,2038,EMEF JOANA MARIA DA SILVA,CASTELO BRANCO,-20.37203,-40.37918,4111,168,0
2024,439,56251,34,2046,EMEF MARIA AUGUSTA TAVARES ( JARDIM BOTÂNICO),JARDIM BOTÂNICO,-20.38898,-40.37227,2862,184,0
2024,440,56251,34,2089,EMEF-HEMOGÊNIA MARIA DA CONCEIÇÃO,PIRANEMA,-20.32859,-40.41747,2099,203,0
2024,441,56251,34,2097,EMEF-FERDINANDO SANTÓRIO,VILA CAPIXABA,-20.33886,-40.39795,2018,240,0
2024,442,56251,34,2100,EEEFM PROF. JOSÉ LEÃO NUNES,VALE ESPERANÇA,-20.34591,-40.36451,3179,234,0
2024,443,56251,34,2119,EEEFM-THEODOMIRO RIBEIRO COELHO,NOVO HORIZONTE,-20.33541,-40.42285,2954,197,0
2024,444,56251,34,2135,EMEF PROF. CERQUEIRA LIMA,JARDIM AMÉRICA,-20.33766,-40.35959,1131,183,0
2024,445,56251,34,2143,EPSG PASSIONISTA,JARDIM AMÉRICA,-20.33465,-40.36353,3017,183,0
2024,446,56251,34,2151,EMEF ECIM DR. AFONSO SCHWAB,JARDIM AMÉRICA,-20.3378,-40.36587,2742,183,0
2024,447,56251,34,2160,EMEF ANTERO JOSÉ DO NASCIMENTO (REIS MAGOS),VALE DOS REIS,-20.32392,-40.42829,3586,235,0
2024,448,56251,34,2178,EMEF-EUVIRA BENEDITA CARDOSO DA SILVA,NOVO BRASIL,-20.31712,-40.43732,2613,196,0
2024,449,56251,34,2186,EMEF AMENÓPHIS DE ASSIS,VALE ESPERANÇA,-20.34449,-40.3688,3376,234,0
2024,450,56251,34,2194,EEEFM-ARY PARREIRAS,VILA CAPIXABA,-20.33725,-40.39554,4106,240,0
2024,451,56251,34,2208,EMEF-MARÍLIA DE REZENDE COUTINHO,SANTA CECÍLIA,-20.33286,-40.3945,2325,215,0
2024,452,56251,34,2216,CMEI JOSE LUIS ARAUJO,NOVO HORIZONTE,-20.33535,-40.41866,1089,197,0
2024,453,56251,34,2224,EEEF JOSÉ VITOR FILHO (JARDIM FELIZ),VILA INDEPENDÊNCIA,-20.33289,-40.4079,1684,241,0
2024,454,56251,34,2232,EEEF JESUS CRISTO REI,SÃO FRANCISCO,-20.34911,-40.40636,4917,226,0
2024,455,56251,34,2240,CMEI MARIA APARECIDA LACERDA MOURA ( PRÉ-ESCOLAR VERA CRUZ),VERA CRUZ,-20.33649,-40.37626,1258,238,0
2024,456,56251,34,2259,EEEF ANTÔNIO ESTEVES,VERA CRUZ,-20.33848,-40.37307,1290,238,0
2024,457,56251,34,2267,FACULDADE PIO XII,CAMPO GRANDE,-20.33835,-40.38471,3002,164,0
2024,458,56251,34,2275,CMEI ABILIO LUIZ FAGUNDES,RIO MARINHO,-20.37772,-40.36388,758,212,0
2024,459,56251,34,2283,EEEFM DR. JOSÉ MOYSES,BELA VISTA,-20.36642,-40.37355,1637,159,0
2024,460,56251,34,2291,SESI,VILA CAPIXABA,-20.33764,-40.39181,932,240,0
2024,461,56251,34,2313,CMEI TARCILIO MONTANARI,BELA AURORA,-20.35157,-40.37035,2233,158,0
2024,462,56251,34,2321,EEEFM NEA SALLES NUNES PEREIRA ( MARACANÃ ),MARACANÃ,-20.3588,-40.37394,618,187,0
2024,463,56251,34,2348,CMEI ALTIVA BELMON DE CAMPOS,JARDIM CAMPO GRANDE,-20.3631,-40.39452,694,185,0
2024,464,56251,34,2356,SESC - CENTRO DE ESPORTE E LAZER DE CARIACICA,SANTA BÁRBARA,-20.35518,-40.3887,889,202,0
2024,465,56251,34,2380,EMEF NOÊMIA COSTA DE LIMA,VISTA MAR,-20.36006,-40.3684,207,249,0
2024,466,56251,34,2399,CMEITI CELITA NASCIMENTO DA RÓS,JARDIM AMÉRICA,-20.33544,-40.36384,1255,183,0
2024,467,56251,34,2410,CENTRO EDUCACIONAL VINICIUS DE MORAES - CEVIM,CAMPO GRANDE,-20.34437,-40.38832,3709,164,0
2024,468,56251,54,1015,EMEF PROFESSOR AUGUSTO LUCIANO,CARIACICA SEDE,-20.26678,-40.41852,4215,167,0
2024,469,56251,54,1031,EEEFM SÃO JOÃO BATISTA,SÃO JOÃO BATISTA,-20.27388,-40.41361,7112,230,0
2024,470,56251,54,1040,EMEF VIRGÍLIO FRANCISCO SCHWAB,PORTO DE CARIACICA,-20.27879,-40.40251,3466,207,0
2024,471,56251,54,1058,EMEF MARIA GUILHERMINA DE CASTRO,campoverdentigadivisão,-20.29415,-40.40663,4203,165,0
2024,472,56251,54,1074,CMEI CLETO PRUDÊNCIO RODRIGUES,CARIACICA SEDE,-20.26682,-40.41731,1476,167,0
2024,473,56251,54,1090,EEEFM CORONEL OLIMPIO CUNHA,SANTANA,-20.31139,-40.39139,5619,218,0
2024,474,56251,54,1112,CMEI DARCY RODRIGUES CARDOSO (DISNEILÂNDIA),SANTANA,-20.31287,-40.38939,1296,218,0
2024,475,56251,54,1120,CEEMTI PROFESSORA MARIA PENEDO - POLIVALENTE,ITACIBÁ,-20.32649,-40.37435,3100,179,0
2024,476,56251,54,1139,EMEF TERFINA ROCHA FERREIRA,ITACIBÁ,-20.32318,-40.37582,4735,179,0
2024,477,56251,54,1147,INSTITUTO FEDERAL DO ESPÍRITO SANTO - IFES,ITACIBÁ,-20.32412,-40.3722,3760,179,0
2024,478,56251,54,1171,CMEI CORINA SERRANO MOTA (BRANCA DE NEVE),NOVA BRASÍLIA,-20.32417,-40.38805,1900,190,0
2024,479,56251,54,1180,EEEF JOSÉ MARIA FERREIRA,NOVA BRASÍLIA,-20.32681,-40.39229,4123,190,0
2024,480,56251,54,1198,EMEF NOSSA SENHORA APARECIDA,ORIENTE,-20.32972,-40.38097,2744,199,0
2024,481,56251,54,1201,EMEF ÁLVARO ARMELONI,ORIENTE,-20.32853,-40.37959,2235,199,0
2024,482,56251,54,1210,EMEF ÂNGELO ZANI,MUCURI,-20.33113,-40.40281,3308,241,0
2024,483,56251,54,1481,EMEF ROSA MARIA REIS,PORTO DE CARIACICA,-20.2689,-40.39439,1636,207,0
2024,484,56251,54,1503,EEEFM PROFESSOR JOAQUIM BARBOSA QUITIBA,ITANGUÁ,-20.32869,-40.39087,5016,180,0
2024,485,56251,54,1511,EEEFM JOSÉ RODRIGUES COUTINHO,SANTO ANTÔNIO,-20.30111,-40.40528,2203,166,0
2024,486,56251,54,1597,EMEFTI LEONILDA DAS GRAÇAS LANGA,NOVA VALVERDE,-20.32015,-40.39126,1471,195,0
2024,487,56251,54,1635,ANEXO DA ECECTI MARGARETE CRUZ PEREIRA(ANTIGA ESCOLA ILDA MEIRELLES),BOA VISTA,-20.32389,-40.47917,498,-1,0
2024,488,56251,54,1821,EMEF PADRE ANTHONIUS LUTE,NOVA ESPERANÇA,-20.26008,-40.39262,1184,193,0
2024,489,56251,54,1864,EMEF VALDICI ALVES BAIER,AREINHA,-20.26213,-40.42499,2759,209,0
2024,490,56251,54,1910,"IASES - COMPLEXO DE CARIACICA (UNIP1, UNIP2, UNIS E UFI)",CARIACICA SEDE,-20.27293,-40.41475,0,167,0
2024,491,56251,54,1937,EMEF PADRE GABRIEL ROGER MAIRE - CAIC,PORTO NOVO,-20.298,-40.37034,4955,205,0
2024,492,56251,54,1945,EEEFM SATURNINO RANGEL MAURO,NOVA ROSA DA PENHA I,-20.26222,-40.38176,3341,194,0
2024,493,56251,54,1953,CMEI APARECIDA DA CONCEIÇÃO CASAGRANDE CAMILIO,FLEXAL II,-20.28958,-40.37878,2353,174,0
2024,494,56251,54,1961,EEEFM ANA LOPES BALESTREIRO,FLEXAL I,-20.28911,-40.37802,4106,174,0
2024,495,56251,54,1970,CEEFTI PRESIDENTE CASTELO BRANCO,PORTO DE SANTANA,-20.30803,-40.36724,2516,206,0
2024,496,56251,54,1988,CAT-INDª ARNALDO MAGALHES FILHO - SESI,PORTO DE SANTANA,-20.30803,-40.36733,3413,206,0
2024,497,56251,54,2003,EMEF ARTHUR DA COSTA E SILVA,APARECIDA,-20.30589,-40.37485,3665,156,0
2024,498,56251,54,2011,EMEF ANTONIO COUTINHO DE OLIVEIRA,RETIRO SAUDOSO,-20.30115,-40.37601,832,210,0
2024,499,56251,54,2020,EEEFM MARIA DE LOURDES POYARES LABUTO,VILA TABAJARA,-20.30245,-40.39343,4148,231,0
2024,500,56251,54,2038,EMEF JOÃO PEDRO DA SILVA,PORTO DE SANTANA,-20.30824,-40.37005,2715,206,0
2024,501,56251,54,2054,EEEFM JOÃO CRISÓSTOMO BELESA,PORTO DE SANTANA,-20.31263,-40.36745,2299,206,0
2024,502,56251,54,2062,EEEF MANOEL PASCHOAL DE OLIVEIRA,NOVA CANAÃ,-20.28606,-40.37617,3811,192,0
2024,503,56251,54,2070,EEEFM ZAIRA MANHÃES DE ANDRADE,NOVA ROSA DA PENHA I,-20.2632,-40.38877,5296,194,0
2024,504,56251,54,2089,EMEF OLIVEIRA CASTRO,ITAQUARI,-20.32785,-40.36075,3241,182,0
2024,505,56251,54,2097,CMEI ANA LÚCIA FERREIRA DA SILVA,ITAQUARI,-20.32498,-40.36058,1199,182,0
2024,506,56251,54,2100,IASES - CSE (TUCUM),TUCUM,-20.3123,-40.37831,0,233,0
2024,507,56251,54,2119,EMEF HILDA SCARPINO (ANTIGO PRESIDENTE MÉDICI),PRESIDENTE MÉDICI,-20.30417,-40.37058,3416,208,0
2024,508,56251,54,2127,EMEF PROFESSORA TÂNIA PONCIO LEITE,VILA CAJUEIRO,-20.26059,-40.35607,381,239,0
2024,509,56251,54,2135,EMEF IRACY GOBBI,EXPEDITO,-20.32568,-40.36847,1641,173,0
2024,510,56251,54,2143,EMEF LAURINDA PEREIRA DO NASCIMENTO,VILA GRAÚNA,-20.30481,-40.38553,2993,178,0
2024,511,56251,54,2151,EMEF TEOTÔNIO BRANDÃO VILELA,NOVA ROSA DA PENHA II,-20.25203,-40.38422,4335,194,0
2024,512,56251,54,2160,EEEFM PROFESSORA MARIA DE LOURDES SANTOS SILVA,ALTO LAGE,-20.32946,-40.3683,4697,152,0
2024,513,56251,54,2178,CEEFTI ITAGIBA ESCOBAR,SOTEMA,-20.32186,-40.36641,2498,153,0
2024,514,56251,54,2186,CPFC - CENTRO PRISIONAL FEMININO DE CARIACICA,BUBU,-20.2797,-40.41548,0,216,1
2024,515,56251,54,2194,EMEF AGUSTINHA MUNIZ DE OLIVEIRA,VILA PRUDÊNCIO,-20.29358,-40.38341,177,174,0
2024,516,56278,3,1015,CEET EMÍLIO NEMER,CENTRO,-20.60312,-41.2051,1421,-1,0
2024,517,56278,3,1023,EEEFM JOÃO BLEY,CENTRO,-20.61022,-41.20268,3830,-1,0
2024,518,56278,3,1031,EMEIEF MADALENA PISA,VILA ISABEL,-20.60253,-41.20936,3950,-1,0
2024,519,56278,3,1040,EMEIEF NESTOR GOMES,CENTRO,-20.60417,-41.20343,2385,-1,0
2024,520,56278,3,1066,EMEIEF FELINTO MARTINS,ARACUÍ,-20.64183,-41.20887,2475,-1,0
2024,521,56278,3,1074,EMEIEF DELZA FRASSON,ESTRELA DO NORTE,-20.58386,-41.31395,1346,-1,0
2024,522,56278,3,1112,SALÃO PAROQUIAL DA IGREJA MATRIZ,NOSSA SENHORA APARECIDA,-20.60375,-41.20385,444,-1,0
2024,523,56278,3,1139,SALÃO DE RECEPÇÕES IGREJA BATISTA,INDEPENDÊNCIA,-20.5995,-41.20261,718,-1,0
2024,524,56278,3,1155,EMEIEF ESPLANADA,ESPLANADA,-20.61693,-41.20153,846,-1,0
2024,525,56278,3,1163,EMEIEF ADILSON FURLAN,PATRIMÔNIO DO OURO,-20.56854,-41.07632,1030,-1,0
2024,526,56278,3,1171,EMEIEF REINALDO FIM,LIMOEIRO,-20.48721,-41.16468,1259,-1,0
2024,527,56278,3,1180,EMEIEF JUAN ECHAVARRI ASIAIN,FAZENDA DO CENTRO,-20.53199,-41.1702,590,-1,0
2024,528,56278,3,1198,EMEIEF ANTÔNIO SASSO,SÃO MANOEL,-20.50952,-41.2293,449,-1,0
2024,529,56278,3,1201,CAPELA SÃO LUIZ GONZAGA,PONTÕES,-20.54309,-41.28244,484,-1,0
2024,530,56278,3,1210,IGREJA NOSSA SENHORA DO ROSÁRIO,CAXIXE,-20.47451,-41.1254,325,-1,0
2024,531,56278,3,1228,EMEIEF IRMÃOS MANGIFESTE,PEDRA LISA,-20.57121,-41.38453,148,-1,0
2024,532,56278,3,1236,EMEIEF RAFAEL CAMPANHA,MUNDO NOVO,-20.61201,-41.27346,538,-1,0
2024,533,56278,3,1244,EMEIEF MONTE PIO,MONTE PIO,-20.59803,-41.13391,653,-1,0
2024,534,56278,3,1252,CAPELA SANTA RITA DE CÁSSIA,CASTELO III,-20.63406,-41.20398,608,-1,0
2024,535,56278,3,1260,IGREJA SÃO FRANCISCO DE ASSIS,GARAGEM,-20.59551,-41.21476,484,-1,0
2024,536,56278,3,1279,CRAS - CENTRO DE REFERÊNCIA DA ASSISTÊNCIA SOCIAL,NITERÓI,-20.60785,-41.19913,824,-1,0
2024,537,56278,3,1287,EMEIEF CENTRO UNIFICADO CONSTANTINO JOSÉ VIEIRA,INDEPENDÊNCIA,-20.59672,-41.20467,2209,-1,0
2024,538,56278,3,1295,EMEIEF FORNO GRANDE,FORNO GRANDE,-20.48726,-41.07896,321,-1,0
2024,539,56278,3,1309,CRECHE NOSSA SENHORA DA PENHA,CENTRO,-20.60386,-41.20126,909,-1,0
2024,540,56278,3,1325,EMEIEF FREI JOSÉ OSEAS,EXPOSIÇÃO,-20.60843,-41.21297,611,-1,0
2024,541,56278,3,1333,CEIM ERLITA BICALHO NEMER,ESPLANADA,-20.61788,-41.20023,1168,-1,0
2024,542,56278,3,1341,EMEIEF ANTONIO TEIXEIRA DE MELO,NITERÓI,-20.60284,-41.19989,421,-1,0
2024,543,56278,3,1368,CEIM MARIA DE LURDES DA SILVA BORTOLO,SANTA BÁRBARA,-20.63243,-41.20693,75,-1,0
2024,544,56294,6,1104,EEEFM GERALDO VARGAS NOGUEIRA,LACE,-19.52723,-40.63269,4469,271,0
2024,545,56294,6,1120,EMEF DR. RAUL GIUBERTI,MARIA DAS GRAÇAS,-19.51181,-40.61898,3275,274,0
2024,546,56294,6,1139,EEEFM HONÓRIO FRAGA,SÃO SILVANO,-19.52269,-40.63624,3648,271,0
2024,547,56294,6,1147,CEIM CARLOS ROBERTO MENEGATTI,SÃO SILVANO,-19.52147,-40.63975,2140,304,0
2024,548,56294,6,1155,EEEFM CAROLINA PICHLER,SÃO SILVANO,-19.51961,-40.64734,3361,309,0
2024,549,56294,6,1163,EMEF EUGÊNIO MENEGHELLI,NOSSA SENHORA APARECIDA,-19.52689,-40.63867,3016,280,0
2024,550,56294,6,1171,EMEF FERRÚCIO FORRECHI,CARLOS GERMANO NAUMANN,-19.48657,-40.67313,1599,258,0
2024,551,56294,6,1180,EEEFM PROFESSORA NÉA MONTEIRO COSTA,HONÓRIO FRAGA,-19.52798,-40.66271,3921,268,0
2024,552,56294,6,1228,EMUCOR JOSÉ FAQUINOTTI,PATRIMÔNIO DE SÃO JOÃO GRANDE,-19.47227,-40.77384,276,-1,0
2024,553,56294,6,1376,EMCOR PADRE FULGÊNCIO DO MENINO JESUS,SEDE DO DISTRITO DE ÂNGELO FRECHIANI,-19.31027,-40.68666,946,-1,0
2024,554,56294,6,1406,EMCOR SÃO JOÃO PEQUENO,PATRIMÔNIO DE SÃO JOÃO PEQUENO,-19.34812,-40.75318,775,-1,0
2024,555,56294,6,1414,EMUCOR SÃO SALVADOR,PATRIMÔNIO DE SÃO SALVADOR,-19.41871,-40.71716,214,-1,0
2024,556,56294,6,1422,EMEIEF GRAÇA ARANHA,DISTRITO DE PAUL GRAÇA ARANHA,-19.31597,-40.59643,768,-1,0
2024,557,56294,6,1430,EMEF JOSÉ FACHETTI,MARIA DAS GRAÇAS,-19.51806,-40.62209,1719,274,0
2024,558,56294,6,1449,EMEF PROF. JOÃO ELIAS PANCOTO,CARLOS GERMANO NAUMANN,-19.48811,-40.6724,2361,258,0
2024,559,56294,6,1465,EMUCOR FAZENDA RIVA,FAZENDA RIVA,-19.46749,-40.8142,144,-1,0
2024,560,56294,6,1473,EMUCOR FAZENDA MISTERIOSA,FAZENDA MISTERIOSA,-19.45096,-40.84096,208,-1,0
2024,561,56294,6,1562,EMPCOR CABECEIRA DE SÃO PEDRO,CÓRREGO SÃO PEDRO FRIO,-19.38751,-40.81795,249,-1,0
2024,562,56294,6,1589,EMUCOR AURÉLIO PRETTI,CÓRREGO JEQUITIBÁ,-19.31113,-40.77335,172,-1,0
2024,563,56294,6,1597,EMPCOR FAZENDA NOSSA SENHORA APARECIDA,CÓRREGO SANTANA,-19.39736,-40.75267,190,-1,0
2024,564,56294,6,1619,EMUCOR CASCATINHA,CASCATINHA,-19.37088,-40.69764,116,-1,0
2024,565,56294,6,1635,EMEF MARIA DA LUZ GOTTI,SÃO SILVANO,-19.51693,-40.65284,3048,298,0
2024,566,56294,6,1643,EMEFTI JOÃO MANOEL MENEGHELLI,AYRTON SENNA,-19.49118,-40.65488,3317,254,0
2024,567,56294,6,1651,EDESSA - ESCOLA ADVENTISTA DO ESPÍRITO SANTO,COLUMBIA,-19.52565,-40.70833,3097,263,0
2024,568,56294,6,1660,CEIM SANTO ANTONIO GIUSEPPE VITALE,SANTO ANTÔNIO,-19.52023,-40.65473,1585,298,0
2024,569,56294,6,1686,EMEIEF SÃO MARCOS,NOVO HORIZONTE,-19.52364,-40.66843,1241,282,0
2024,570,56294,6,1694,EPM PONTE DO PANCAS,GORDIANO GUIMARÃES,-19.42397,-40.68763,494,-1,0
2024,571,56294,6,1716,EPM QUINZE DE OUTUBRO,15 DE OUTUBRO,-19.4596,-40.69517,482,-1,0
2024,572,56294,6,1740,EMEIEF MATILDE GUERRA COMÉRIO,SANTOS DUMONT,-19.52209,-40.64815,2962,299,0
2024,573,56294,6,1767,CDPCOL - CENTRO DE DETENÇÃO PROVISÓRIA DE COLATINA,CÓRREGO SANTA FÉ,-19.49605,-40.59771,0,279,1
2024,574,56294,6,1775,CPFCOL - CENTRO PRISIONAL FEMININO DE COLATINA,CÓRREGO SANTA FÉ,-19.49418,-40.59724,0,279,1
2024,575,56294,6,1783,IFES - INSTITUTO FEDERAL DO ESPÍRITO SANTO CAMPUS ITAPINA,DISTRITO DE ITAPINA,-19.49776,-40.7608,503,-1,0
2024,576,56294,6,1791,EMUCOR BARRA SECA,DISTRITO DE BOAPABA,-19.61415,-40.74832,184,-1,0
2024,577,56294,6,1805,EEEF DR. OCTÁVIO MANHÃES DE ANDRADE,SAGRADO CORAÇÃO DE JESUS,-19.5397,-40.63845,1770,291,0
2024,578,56294,6,1813,CEIM VISTA DA SERRA,VISTA DA SERRA,-19.549,-40.62071,850,311,0
2024,579,56294,6,1821,EEEFM RUBENS RANGEL,ESPLANADA,-19.53856,-40.63429,2425,264,0
2024,580,56294,6,1830,EMEIEF CLERES MARTINS MOREIRA,SÃO VICENTE,-19.53292,-40.62145,2253,305,0
2024,581,56294,6,1856,CEIM LUIZA DE MARILAC,OPERÁRIOS,-19.53932,-40.6265,1210,284,0
2024,582,56294,6,1864,EPM ROTARY CLUB,LUIZ IGLESIAS,-19.54375,-40.66863,754,272,0
2024,583,56294,6,1872,EMCOR FAZENDA PINOTTI,SÃO JOÃO DA BARRA SECA,-19.58701,-40.73757,295,-1,0
2024,584,56294,6,1880,IFES CAMPUS COLATINA,SANTA MARGARIDA,-19.52024,-40.61397,2279,295,0
2024,585,56294,6,1899,EMEFTI ADWALTER RIBEIRO SOARES,SANTA TERESINHA,-19.55103,-40.62953,2665,297,0
2024,586,56294,6,1902,EMEIEF ERNESTO CORRADI,DISTRITO DE BOAPABA,-19.635,-40.61935,1190,-1,0
2024,587,56294,6,1910,EMUCOR NOSSA SENHORA DAS GRAÇAS,CÓRREGO SANTA JOANA,-19.58412,-40.7717,213,-1,0
2024,588,56294,6,1929,EMEF GODOFREDO CHAVES BAIÃO,BARBADOS,-19.52125,-40.57673,648,255,0
2024,589,56294,6,1937,EMEIEF MARIA ORTIZ,SEDE DO DISTRITO DE ITAPINA,-19.53347,-40.81354,705,-1,0
2024,590,56294,6,1945,EMEIEF LUIZ DALLA BERNARDINA,BELA VISTA,-19.536,-40.62351,2057,256,0
2024,591,56294,6,1953,EMEIEF PROFESSORA  LUIZA CREMA,SEDE DO DISTRITO DE BAUNILHA,-19.57118,-40.50598,1202,-1,0
2024,592,56294,6,1961,EMUCOR POVOAÇÃO DE BAUNILHA,POVOAÇÃO DE BAUNILHA,-19.62823,-40.55205,365,-1,0
2024,593,56294,6,1970,CEEFMTI CONDE DE LINHARES,CENTRO,-19.53359,-40.62724,3215,260,0
2024,594,56294,6,1996,SESC SERVIÇO SOCIAL DO COMÉRCIO,CENTRO,-19.53521,-40.63376,2837,260,0
2024,595,56294,6,2003,COLÉGIO MARISTA COLATINA,MARISTA,-19.54042,-40.63895,3537,275,0
2024,596,56294,6,2011,CENTRO COMUNITÁRIO KNAAK,CÓRREGO ESTRELA,-19.56057,-40.77989,269,-1,0
2024,597,56294,6,2020,EMEF HUMBERTO DE CAMPOS,OPERÁRIOS,-19.53894,-40.62729,1169,287,0
2024,598,56294,6,2038,EMEFTI BELMIRO TEIXEIRA PIMENTA,BELA VISTA,-19.54096,-40.62263,3216,270,0
2024,599,56294,6,2046,CENTRO UNIVERSITÁRIO DO ESPÍRITO SANTO - UNESC,HONÓRIO FRAGA,-19.52894,-40.65998,1515,276,0
2024,600,56308,51,1015,EMEF BELIZÁRIO GUSMÃO,NOVA BRASÍLIA,-19.25469,-40.4565,2006,-1,0
2024,601,56308,51,1023,EEEFM PROF SANTOS PINTO,CENTRO,-19.25283,-40.46257,2150,-1,0
2024,602,56308,51,1031,EEEF DR MOACIR AVIDOS,CÓRREGO MOACIR,-19.23589,-40.51136,1827,-1,0
2024,603,56308,51,1040,EEEF IRINEU MORELLO,BARRA DE NOVO BRASIL,-19.14153,-40.46701,1051,-1,0
2024,604,56308,51,1058,EUMEF BAIXO MOACIR,BARRA DE NOVO BRASIL,-19.11105,-40.3956,336,-1,0
2024,605,56308,51,1066,EEEFM PROF CARLOS MENDES,DISTRITO DE NOVO BRASIL,-19.22488,-40.59336,1963,-1,0
2024,606,56316,27,1023,EEEFM PROF. JOAQUIM FONSECA,CENTRO,-18.59443,-39.73034,2293,-1,0
2024,607,56316,27,1058,EMEF DR. MÁRIO VELLO SILVARES,CENTRO,-18.58976,-39.73149,3360,-1,0
2024,608,56316,27,1066,EMEIEF ÂNGELO LUIZ SAGRILLO SMIDERLE,CENTRO,-18.58893,-39.73338,1605,-1,0
2024,609,56316,27,1074,EMEF GENTIL LOPES DA CUNHA,SAYONARA,-18.48065,-39.92743,1253,-1,0
2024,610,56316,27,1082,EMEF BENÔNIO FALCÃO DE GOUVÊA,ITAÚNAS,-18.42048,-39.70927,1538,-1,0
2024,611,56316,27,1104,EMEF JORGE DUFFLES ANDRADE DONATI,BRAÇO DO RIO,-18.43722,-39.92887,2873,-1,0
2024,612,56316,27,1112,EPG JOSÉ CARLOS CASTRO,BRAÇO DO RIO,-18.43197,-39.93073,2481,-1,0
2024,613,56316,27,1120,CENTRO INTEGRADO DE EDUCAÇÃO COMPLEMENTAR (CIEC) - COZINHA INDUSTRIAL,BRAÇO DO RIO,-18.43272,-39.93038,1930,-1,0
2024,614,56316,27,1139,EMEF MARIA CARELLI LOMONTE,COBRAICE,-18.41986,-39.93904,1736,-1,0
2024,615,56316,27,1260,EMEF PROFA. DEOLINDA LAGE,SANTANA,-18.5702,-39.75558,1463,-1,0
2024,616,56316,27,1287,EMEF MOACYR MARTINS PESTANA (MELEIRA),MELEIRA,-18.65567,-39.75831,514,-1,0
2024,617,56316,27,1295,EMEF ASTROGILDO CARNERO SETUBAL,SANTO AMARO,-18.58658,-39.74008,1797,-1,0
2024,618,56316,27,1309,U.A.B. - UNIVERSIDADE ABERTA DO BRASIL (CMEAD),CENTRO,-18.58973,-39.73359,1028,-1,0
2024,619,56316,27,1317,EEEF VALDÍCIO BARBOSA DOS SANTOS,ASSENTAMENTO VALDÍCIO BARBOSA,-18.29004,-39.87168,225,-1,0
2024,620,56316,27,1325,EEEF CÓRREGO DO CEDRO,ASSENTAMENTO PAULO VINHAS,-18.36594,-39.78868,233,-1,0
2024,621,56316,27,1333,EEEF ASSENTAMENTO UNIÃO,ASSENTAMENTO PONTAL DO JUNDIÁ,-18.39368,-39.91443,100,-1,0
2024,622,56316,27,1341,CRECHE NOSSA SENHORA DE SANT'ANNA,SANTANA,-18.56898,-39.75189,1182,-1,0
2024,623,56316,27,1350,EMEF BARREIRAS,BARREIRA,-18.62585,-39.74641,104,-1,0
2024,624,56332,40,1015,UMEF ELISA PAIVA,CENTRO,-20.35708,-41.24428,3262,-1,0
2024,625,56332,40,1023,UMEI BRAZ LACERDA AMIGO,CENTRO,-20.36249,-41.24654,1408,-1,0
2024,626,56332,40,1082,UMEF SANTA LUZIA,SANTA LUZIA,-20.39602,-41.20106,706,-1,0
2024,627,56332,40,1090,UMEF SANTO ANTÔNIO,SANTO ANTÔNIO,-20.46542,-41.27801,518,-1,0
2024,628,56332,40,1112,UMEF ALTO MONFORTE,MONFORTE FRIO,-20.36347,-41.33573,370,-1,0
2024,629,56332,40,1120,UMEF MATA FRIA,MATA FRIA,-20.28489,-41.18048,557,-1,0
2024,630,56332,40,1147,SÃO JOSÉ DA BELA VISTA,SÃO JOSÉ DA BELA VISTA,-20.46344,-41.24653,386,-1,0
2024,631,56332,40,1155,EEEFM PROF. ALDY SOARES MERÇON VARGAS,CENTRO,-20.35607,-41.24218,2958,-1,0
2024,632,56332,40,1163,UMEF JOSÉ FERIANI,ANGÁ,-20.42876,-41.26537,212,-1,0
2024,633,56332,40,1171,UMEF ANTONIO PADOANI,INDAIÁ,-20.31832,-41.2237,285,-1,0
2024,634,56359,13,1015,EEEFM JUVENAL NOLASCO,CENTRO,-20.62147,-41.68583,2325,-1,0
2024,635,56359,13,1058,EM ALAN KARDEC BITENCOURT DIAS,PATRIMÔNIO DA PENHA,-20.58458,-41.76028,1049,-1,0
2024,636,56359,13,1074,EMEIEF ANTONIO GOMES SIQUEIRA,CENTRO,-20.61967,-41.68365,1585,-1,0
2024,637,56375,15,1015,CMEI JUTTA BATISTA DA SILVA,PEDRA AZUL (ARACÊ),-20.38173,-41.0307,2464,-1,0
2024,638,56375,15,1023,EMEF JOSÉ ULIANA,BARCELOS (ARACÊ),-20.31975,-40.78754,734,-1,1
2024,639,56375,15,1058,EMEF SANTA ISABEL,SANTA ISABEL,-20.31975,-40.78754,1616,-1,1
2024,640,56375,15,1074,EMEF BIRIRICAS DE CIMA,BIRIRICAS,-20.31975,-40.78754,834,-1,1
2024,641,56375,15,1104,EME GUSTAVO GUILHERME JOÃO PLASTER,MELGAÇO DE CIMA,-20.31975,-40.78754,1096,-1,1
2024,642,56375,15,1112,EMEF MARIANO FERREIRA DE NAZARETH (ANTIGO CNEC),CENTRO SUL,-20.31975,-40.78754,4236,-1,1
2024,643,56375,15,1120,EEEFM TEÓFILO PAULINO (POLIVALENTE),CENTRO OESTE,-20.36769,-40.6631,1631,-1,0
2024,644,56375,15,1139,CEMEI GERMANO GERHARDT,CENTRO NORTE,-20.36106,-40.66221,1240,-1,0
2024,645,56375,15,1171,EMEF ANTONIO FRANCISCO ERLACHER,PEROBAS (PARAJU),-20.28818,-40.78679,1118,-1,0
2024,646,56375,15,1180,EPSG GISELA SALOKER FAYET,PARAJU,-20.31663,-40.80371,1534,-1,0
2024,647,56375,15,1198,EPSG PONTO DO AUTO,PONTO ALTO,-20.28655,-40.81633,1644,-1,0
2024,648,56375,15,1201,EMPEF PROFESSORA PETRONÍLIA KLIPPEL,NOVA ALMEIDA (PARAJU),-20.31975,-40.78754,348,-1,1
2024,649,56375,15,1210,EMEF RIO PONTE,RIO PONTE (MELGAÇO),-20.22871,-40.82416,821,-1,0
2024,650,56375,15,1228,EMEF TIJUCO PRETO,TIJUCO PRETO (PONTO ALTO),-20.31975,-40.78754,1155,-1,1
2024,651,56375,15,1295,EMEF AUGUSTO PETTER BERTOLD PAGUNG,MELGAÇO DE BAIXO,-20.20881,-40.70823,1277,-1,0
2024,652,56375,15,1309,EMEF PROF GERMANO LOROSA,CRISTO REI (ARACÊ),-20.31975,-40.78754,536,-1,1
2024,653,56375,15,1317,EMPEF SÃO RAFAEL,SÃO RAFAEL (ARACÊ),-20.31975,-40.78754,501,-1,1
2024,654,56375,15,1325,EMEF ALTO PARAJU (ANTIGO CÓRREGO SÃO BENTO),ALTO PARAJU (PARAJU),-20.31975,-40.78754,680,-1,1
2024,655,56375,15,1333,SALÃO PAROQUIAL DA IGREJA DE SÃO MIGUEL,SÃO MIGUEL (SEDE),-20.27672,-40.67367,639,-1,0
2024,656,56375,15,1368,EMEF CÓRREGO SÃO PAULO,SÃO PAULO DE ARACÊ (ARACÊ),-20.44008,-41.03185,588,-1,0
2024,657,56375,15,1430,EMUEF FAZENDA ALBERTO BRINGER,BARRA DO TIJUCO PRETO (PONTO ALTO),-20.31975,-40.78754,226,-1,1
2024,658,56375,15,1449,EMEF SOÍDO,SOÍDO (SEDE),-20.31975,-40.78754,599,-1,1
2024,659,56375,15,1457,CENTRO CÍVICO RECREATIVO DOMINGOS MARTINS,CENTRO NORTE,-20.36106,-40.66221,532,-1,1
2024,660,56375,15,1465,EMEF FAZENDA OSVALDO RETZ,ALTO TIJUCO PRETO (PONTO ALTO),-20.31975,-40.78754,525,-1,1
2024,661,56375,15,1473,EMPEF FAZENDA GERMANO SCHWANZ,ALTO RIO PONTE (MELGAÇO),-20.31975,-40.78754,361,-1,1
2024,662,56375,15,1481,EMPEF FLORIANO AUGUSTO DITTRICH,GALO (SEDE),-20.31975,-40.78754,362,-1,1
2024,663,56375,15,1503,EMUEF VÔ REZENDE,SANTA TEREZINHA (ARACÊ),-20.31975,-40.78754,234,-1,1
2024,664,56375,15,1511,EMUEF GOIABEIRAS,GOIABEIRAS (PONTO ALTO),-20.31975,-40.78754,288,-1,1
2024,665,56375,15,1520,EMEF ARACÊ - COMUNIDADE ARACÊ,ARACÊ,-20.31975,-40.78754,1248,-1,1
2024,666,56375,15,1538,CMEI VILA VERDE,VILA VERDE (SEDE),-20.31975,-40.78754,214,-1,1
2024,667,56391,44,1015,EEEFM PEDRO DE ALCÂNTARA GALVÊAS,CENTRO,-20.69283,-41.84891,2475,-1,0
2024,668,56391,44,1023,EMEF MUNDO NOVO,MUNDO NOVO,-20.63245,-41.80529,1025,-1,0
2024,669,56391,44,1031,EEEFM SÃO JOSÉ,PEDRA MENINA,-20.55521,-41.8188,1573,-1,0
2024,670,56391,44,1066,CMEIEF CRISTINA PEIXOTO DO CARMO,CENTRO,-20.69181,-41.85049,1325,-1,0
2024,671,56413,33,1040,EEEFM ECOPORANGA,CENTRO,-18.37229,-40.8345,5363,313,0
2024,672,56413,33,1074,CEEFMTI DANIEL COMBONI,NOSSA SENHORA APARECIDA,-18.36897,-40.83007,2701,316,0
2024,673,56413,33,1082,EEEF JOSÉ TEIXEIRA FIALHO (IMBURANA),IMBURANA,-18.28309,-40.70646,1019,-1,0
2024,674,56413,33,1090,EMUEF SÃO GERALDO,SÃO GERALDO,-18.2339,-40.78808,279,-1,0
2024,675,56413,33,1104,EEEF COTAXÉ,COTAXÉ,-18.18258,-40.71717,613,-1,0
2024,676,56413,33,1112,EMUEF MURITIBA,MURITIBA,-18.08819,-40.77526,556,-1,0
2024,677,56413,33,1139,EMEIEF SANTA LUZIA DO NORTE,SANTA LUZIA DO NORTE,-18.20335,-40.60541,416,-1,0
2024,678,56413,33,1147,EEEF JOASSUBA,JOASSUBA,-18.40658,-40.68518,1026,-1,0
2024,679,56413,33,1155,UNIDADE PSF -  ITAPEBA,ITAPEBA,-18.32249,-40.63735,208,-1,0
2024,680,56413,33,1163,IGREJA CATÓLICA DO ASSENTAMENTO BOA VISTA,PATRIMÔNIO DO VERMELHO,-18.45978,-40.60943,306,-1,0
2024,681,56413,33,1171,EEEF PATRIMÔNIO PRATA DOS BAIANOS,VILA PRATA DOS BAIANOS,-18.33971,-41.00546,602,-1,0
2024,682,56413,33,1198,EMUEF FAZENDA VALDOMIRO LEANDRO DE FREITAS,VILA PRATA DOS BAIANOS,-18.34884,-41.09035,109,-1,0
2024,683,56413,33,1201,EMPEF CÓRREGO DO DOIS,PATRIMÔNIO DO DOIS DE SETEMBRO,-18.40517,-40.88892,343,-1,0
2024,684,56413,33,1228,EMUEF PATRIMÔNIO SANTA RITA,POVOADO DE SANTA RITA,-18.30935,-40.9191,257,-1,0
2024,685,56413,33,1236,EMUEF RIBEIRÃOZINHO,RIBEIRÃOZINHO,-18.21587,-40.85756,486,-1,0
2024,686,56413,33,1244,EEEF SANTA TEREZINHA,SANTA TEREZINHA,-18.49279,-40.81165,637,-1,0
2024,687,56413,33,1287,EMUEF CÓRREGO DA JACUTINGA (DOURADA),CÓRREGO DA DOURADA,-18.48486,-40.73042,84,-1,0
2024,688,56413,33,1368,EMEIF JOSÉ FRANCISCO DE OLIVEIRA (VILA NOVA),VILA NOVA,-18.38572,-40.82827,1491,320,0
2024,689,56413,33,1414,EMUEF CÓRREGO DOS BARBOSAS,VILA PRATA DOS BAIANOS,-18.27594,-41.11831,129,-1,0
2024,690,56413,33,1449,EMEF FAMÍLIA RURAL DE ECOPORANGA (PARAÍSO),SEDE,-18.43544,-40.82931,230,-1,0
2024,691,56413,33,1457,EMEIEF PALMEIRAS (ASSENT. MIRAGEM),CÓRREGO DA PALMEIRA,-18.43171,-40.7813,666,-1,0
2024,692,56413,33,1465,CEMEI JARDIM ENCANTADO,CENTRO,-18.37266,-40.82926,1730,313,0
2024,693,56413,33,1473,SEDE DO ASSENTAMENTO FRANQUEZA-REALEZA,ASSENTAMENTO FRANQUEZA-REALEZA,-17.97717,-40.79702,169,-1,0
2024,694,56430,14,1023,EMEF PROFESSOR ERNESTO NASCIMENTO,CENTRO,-19.93403,-40.40368,1817,-1,0
2024,695,56430,14,1058,EEEFM PROF.ª MARIA DA PAZ PIMENTEL,TIMBUÍ,-20.00174,-40.41051,1205,-1,0
2024,696,56430,14,1066,CMEI ARLINDA MÉDICI PEDRINI,TIMBUÍ,-20.00476,-40.41126,892,-1,0
2024,697,56430,14,1074,EMEF PRAIA GRANDE,PRAIA GRANDE,-20.03831,-40.18255,1459,-1,0
2024,698,56430,14,1082,EMCEF PRAIA GRANDE,PRAIA GRANDE,-20.03776,-40.18238,1797,-1,0
2024,699,56430,14,1090,CMEI SÃO JOSÉ,SÃO JOSÉ,-19.9329,-40.40619,1610,-1,0
2024,700,56430,14,1104,EMEF ELOY MIRANDA (POLIVALENTE),OZÉIAS NETO,-19.93891,-40.4026,1580,-1,0
2024,701,56430,14,1112,EMEF ENÉAS FERREIRA,TIMBUÍ,-20.00428,-40.41132,1192,-1,0
2024,702,56430,14,1120,CEEFMTI NAIR MIRANDA,CENTRO,-19.93712,-40.40391,2798,-1,0
2024,703,56430,14,1147,CMEI BAIRRO DIREÇÃO,DIREÇÃO,-20.02959,-40.18826,427,-1,0
2024,704,56430,14,1155,CMEI ANONDINA SCARTON NUNES,PRAIA GRANDE,-20.03811,-40.19005,533,-1,0
2024,705,56456,13,1015,EEEF ANTÔNIO CARNEIRO RIBEIRO (ESTADUAL),QUINCAS MACHADO,-20.77084,-41.67867,4184,-1,0
2024,706,56456,13,1040,EEEF ANÍSIO TEIXEIRA,CENTRO,-20.77248,-41.67476,1635,-1,0
2024,707,56456,13,1058,EEEF DEOCLECIANO DE OLIVEIRA,CENTRO,-20.77324,-41.6754,4596,-1,0
2024,708,56456,13,1090,EMEF JOSÉ ANTÔNIO DE CARVALHO,SÃO TIAGO,-20.72358,-41.68236,651,-1,0
2024,709,56456,13,1104,EMEF  ELVIRA BRUZZI,SÃO PEDRO DE RATES,-20.78024,-41.8011,1092,-1,0
2024,710,56456,13,1120,EMEFE SÃO GERALDO,CENTRO,-20.77157,-41.66963,851,-1,0
2024,711,56456,13,1139,EMEF PROFESSORA GUIOMAR SOARES DE AZEVEDO,ASSENTAMENTO LUIZ TALIULY NETO,-20.74492,-41.75085,165,-1,0
2024,712,56456,13,1147,CMEI CRECHE REGINA CELIA CAMPOS BARROSO RIBEIRO,CENTRO,-20.77007,-41.67365,659,-1,0
2024,713,56456,13,1155,CEMEI MARIA MARGARIDA RODOLFO SILVA,QUINCAS MACHADO,-20.76982,-41.6764,1229,-1,0
2024,714,56456,13,1163,CEEFMTI MONSENHOR MIGUEL DE SANCTIS(POLIVALENTE),MORADA DAS PALMEIRAS,-20.78452,-41.68432,4139,-1,0
2024,715,56456,13,1171,CEMEI CRECHE RITA PERDIGÃO,SÃO MIGUEL,-20.75923,-41.66904,3141,-1,0
2024,716,56472,24,1015,ESCOLA DE GUARAPARI (ESCOLA NORMAL),CENTRO,-20.67106,-40.49769,2759,325,0
2024,717,56472,24,1040,ESCOLA CONSTANTINO JOSÉ VIEIRA,ADALBERTO SIMÃO NADER,-20.64832,-40.50027,3089,321,0
2024,718,56472,24,1074,ESCOLA NOSSA SENHORA DA PENHA,CABEÇA QUEBRADA,-20.54757,-40.6366,158,-1,0
2024,719,56472,24,1082,ESCOLA BENEDITA MARTINS DE SOUZA,IPIRANGA,-20.67912,-40.50911,4491,341,0
2024,720,56472,24,1090,PRIMEIRA IGREJA BATISTA DE GUARAPARI,CENTRO,-20.674,-40.50228,767,367,0
2024,721,56472,24,1104,ESCOLA ZENÓBIA LEÃO,OLARIA,-20.67384,-40.50537,2794,325,0
2024,722,56472,24,1112,ESCOLA  JOVENTINA SIMÕES,OLARIA,-20.67236,-40.51115,888,353,0
2024,723,56472,24,1120,ESCOLA ANGÉLICA PAIXÃO,MUQUIÇABA,-20.66182,-40.50454,2841,342,0
2024,724,56472,24,1139,ESCOLA IGNEZ MASSAD COLA,ITAPEBUSSU,-20.65813,-40.50573,4129,364,0
2024,725,56472,24,1147,ESCOLA  ZULEIMA FORTES FARIA,ITAPEBUSSU,-20.66392,-40.50769,3397,342,0
2024,726,56472,24,1155,EEEM DOUTOR SILVA MELLO,ITAPEBUSSU,-20.66112,-40.50433,2323,342,0
2024,727,56472,24,1163,ESCOLA PRESIDENTE COSTA E SILVA,PRAIA DO MORRO,-20.6493,-40.48785,4543,358,0
2024,728,56472,24,1171,ESCOLA LYRA RIBEIRO DOS SANTOS,KUBITSCHEK,-20.68315,-40.5149,2805,346,0
2024,729,56472,24,1198,ESCOLA MARIA RAMALHETE CORREA,COROADO,-20.67375,-40.5196,3153,337,0
2024,730,56472,24,1201,ESCOLA LEANDRO ESCOBAR,JARDIM SANTA ROSA,-20.63363,-40.48381,1924,333,0
2024,731,56472,24,1210,ESCOLA FRANCISCO ARAUJO,PEROCÃO,-20.61854,-40.46751,2103,333,0
2024,732,56472,24,1244,ESCOLA CELITA BASTOS GARCIA,UNA,-20.62981,-40.44236,1886,368,0
2024,733,56472,24,1252,ESCOLA PEDRO ANTONIO DA VITÓRIA,CAMPO GRANDE,-20.56478,-40.44763,91,328,0
2024,734,56472,24,1260,ESCOLA  MANOEL ROZINDO DA SILVA,MEAÍPE,-20.73809,-40.53896,2134,349,0
2024,735,56472,24,1279,ESCOLA LUCIO ROCHA DE ALMEIDA,NOVA GUARAPARI,-20.72483,-40.52596,957,339,0
2024,736,56472,24,1287,ESCOLA LOURENÇO BRAMBATI,BUENOS AIRES,-20.58196,-40.53975,359,-1,0
2024,737,56472,24,1295,ESCOLA MARIA VELOSO CALMON,CAMURUGI,-20.66001,-40.52214,1880,324,0
2024,738,56472,24,1309,ESCOLA  MARIA LINO RAMOS,RIO GRANDE,-20.6563,-40.61615,479,332,1
2024,739,56472,24,1317,ESCOLA DALZIRA MERIGUETTE MERIZIO,RIO GRANDE,-20.65237,-40.63129,295,334,0
2024,740,56472,24,1333,CENTRO DOS LAVRADORES DE BAÍA NOVA,BAHIA NOVA,-20.50012,-40.58549,315,-1,0
2024,741,56472,24,1341,IGREJA CATOLICA DE RIO CALÇADO,RIO CALÇADO,-20.54051,-40.5599,325,-1,0
2024,742,56472,24,1368,ESCOLA ARLINDO GOBBI,TODOS OS SANTOS,-20.52214,-40.67098,790,-1,0
2024,743,56472,24,1376,ESCOLA JOÃO LIMA DA CONCEIÇÃO,SAMAMBAIA,-20.59471,-40.49994,497,333,0
2024,744,56472,24,1384,CENTRO COMUNITÁRIO DE SÃO MIGUEL,SÃO MIGUEL,-20.59002,-40.64411,237,-1,0
2024,745,56472,24,1406,ESCOLA  RIO CLARO,RIO CLARO,-20.52349,-40.53356,713,-1,0
2024,746,56472,24,1422,ESCOLA CLERIA BELO LYRA,BARRO BRANCO,-20.54411,-40.48417,501,329,1
2024,747,56472,24,1430,ESCOLA AMARELOS,AMARELOS,-20.52146,-40.47884,861,331,1
2024,748,56472,24,1465,ESCOLA IGUAPE,IGUAPE,-20.56865,-40.49741,414,327,1
2024,749,56472,24,1481,ESCOLA CÂNDIDA SOARES MACHADO,NOSSA SENHORA DA CONCEIÇÃO,-20.64498,-40.51113,1252,351,0
2024,750,56472,24,1490,ESCOLA DARCY RIBEIRO,SÃO JOSÉ,-20.64601,-40.51675,3304,366,0
2024,751,56472,24,1503,ESCOLA JORGE BOUERI SOBRINHO,BELA VISTA,-20.64216,-40.51317,3729,323,0
2024,752,56472,24,1511,ESCOLA SINGULAR DE SÃO JOÃO DO JABOTI,SÃO JOÃO DO JABOTI,-20.63086,-40.60121,256,-1,0
2024,753,56472,24,1538,ESCOLA BOA ESPERANÇA,BOA ESPERANCA,-20.59172,-40.56867,187,-1,0
2024,754,56472,24,1546,ESCOLA RUI BARBOSA,OLARIA,-20.67271,-40.50526,2553,325,0
2024,755,56472,24,1562,ESCOLA EMÍLIA ANA DE LYRIO,PORTO GRANDE,-20.74828,-40.56219,235,336,0
2024,756,56472,24,1570,ESCOLA PEDRO ANTÔNIO WANDEKOKEN,ARRAIAL DO JABOTI,-20.62869,-40.58295,263,-1,0
2024,757,56472,24,1589,ESCOLA MUNICIPAL FRANCISCO HONORATO,TAQUARA DO REINO,-20.69518,-40.57516,268,334,0
2024,758,56472,24,1600,UNIDADE DE SAUDE RECANTO DA SEREIA,PRAIA DO SOL,-20.53716,-40.38318,554,360,0
2024,759,56472,24,1627,ESCOLA ADALGIZA FERNANDES MARVILA,CONDADOS,-20.72993,-40.55492,857,349,0
2024,760,56472,24,1643,ESCOLA JOÃO BATISTA CELESTINO,VILAGE DO SOL,-20.55311,-40.41477,1585,370,0
2024,761,56472,24,1660,ESCOLA ANA COUTINHO DE ALMEIDA,ANDANO,-20.58833,-40.47539,286,327,0
2024,762,56472,24,1678,ESCOLA FLORISBELA LINO BANDEIRA,AEROPORTO,-20.63994,-40.48265,3143,345,0
2024,763,56472,24,1686,ESCOLA LUCIA SASSO BANDEIRA,LAGOA FUNDA,-20.65709,-40.50553,999,364,0
2024,764,56472,24,1708,ESCOLA ELIZIÁRIO LOURENÇO DIAS - CAIC,INDEPENDÊNCIA,-20.67301,-40.51623,1215,337,0
2024,765,56472,24,1716,ESCOLA ORMI LOUREIRO ALMEIDA,LAMEIRÃO,-20.68994,-40.52902,379,348,0
2024,766,56472,24,1724,ESCOLA MARINALVA ARAGÃO AMORIM,SANTA MÔNICA,-20.61742,-40.45942,3592,362,0
2024,767,56472,24,1732,CENTRO COMUNITÁRIO SANTA LUZIA,ALTO BAHIA NOVA,-20.49683,-40.62913,140,-1,0
2024,768,56472,24,1740,IGREJA CATÓLICA SÃO SEBASTIÃO,PALMEIRAS,-20.51203,-40.44879,154,331,0
2024,769,56472,24,1759,COLÉGIO MAXIME,MUQUIÇABA,-20.65365,-40.49565,3862,350,0
2024,770,56472,24,1791,IGREJA BATISTA DE SETIBA,SETIBA,-20.62882,-40.44004,384,363,0
2024,771,56472,24,1805,ESCOLA ZILNETE PEREIRA GUIMARÃES (CEDTEC),PRAIA DO MORRO,-20.64415,-40.48435,5388,358,0
2024,772,56472,24,1813,ESCOLA EUGENIA DEOCLÉCIO BORGES,UNA,-20.63002,-40.44191,975,368,0
2024,773,56472,24,1821,ESCOLA ROSA SIMÕES DE ALMEIDA,JABARAI,-20.62525,-40.48688,4705,343,0
2024,774,56472,24,1830,CEMEI MARIA JOSÉ LOUREIRO VICENTE,MEAÍPE,-20.73327,-40.54576,374,349,0
2024,775,56472,24,1848,ESCOLA  ANA ROCHA LYRA,MUQUIÇABA,-20.6602,-40.49897,2327,350,0
2024,776,56472,24,1872,ESCOLA OTACILIA BORGES FIGUEIREDO,KUBITSCHEK,-20.6786,-40.51912,2222,335,0
2024,777,56472,24,1880,CDPG - CENTRO DE DETENÇÃO PROVISÓRIA DE GUARAPARI,MAXINDA,-20.63973,-40.53102,0,371,0
2024,778,56472,24,1899,ESCOLA MARIA MARTA DALLA HUARCAYA,SÃO GABRIEL,-20.6388,-40.52203,849,365,0
2024,779,56499,14,1015,EEEFM NOSSA SENHORA DA SAÚDE,CENTRO,-19.83009,-40.36693,2020,-1,0
2024,780,56499,14,1023,EEEFM NARCEU PAIVA FILHO,CENTRO,-19.83131,-40.36649,1849,-1,0
2024,781,56499,14,1040,EMEI DANIEL COMBONI,CENTRO,-19.83046,-40.36688,846,-1,0
2024,782,56499,14,1104,QUADRA DE ESPORTES FIORAVANTE MILLANE,ALTO BÉRGAMO,-19.76483,-40.467,65,-1,0
2024,783,56499,14,1147,EMPEIF PENDANGA,PENDANGA,-19.86776,-40.40546,453,-1,0
2024,784,56499,14,1163,EMEF PROFESSORA ERICINA MACEDO PAGIOLA,BELA VISTA,-19.83358,-40.36751,1134,-1,0
2024,785,56499,14,1171,CEI CHAPEUZINHO VERMELHO,COHAB,-19.83368,-40.37001,885,-1,0
2024,786,56499,14,1198,UNIDADE BÁSICA DE SAÚDE DE CABOCLO BERNARDO,CABOCLO BERNARDO,-19.76476,-40.3698,206,-1,0
2024,787,56499,14,1201,EMEIEF VEREADOR LEANDRO ZINGER,RIO LAMPÊ,-19.81739,-40.50833,239,-1,0
2024,788,56499,14,1210,UNIDADE DE SAÚDE DE PEDRO PALÁCIOS,PEDRO PALÁCIOS,-19.87318,-40.36116,260,-1,0
2024,789,56499,14,1228,ASSOCIAÇÃO DOS AGRICULTORES DE SANTO ANTÔNIO,SANTO ANTÔNIO,-19.78857,-40.44291,108,-1,0
2024,790,56499,14,1244,EMPEF PADRE CARLOS FURBETTA,GUATEMALA,-19.86288,-40.38959,266,-1,0
2024,791,56499,14,1252,CEI CACHINHO DE OURO,ELIAS BRAGATTO,-19.82472,-40.36472,659,-1,0
2024,792,56499,14,1260,EMEIEF PROF.ª ELZITA BARBARIOLI,SÃO CRISTOVÃO,-19.82043,-40.37058,858,-1,0
2024,793,56499,14,1279,ESCOLA SÃO FRANCISCO DE ASSIS (ESFA),ERICINA PAGIOLA,-19.83329,-40.36407,220,-1,0
2024,794,56502,18,1015,EMEIF ELIZA PACHECO ALVES,CENTRO,-20.53891,-41.6653,1950,-1,0
2024,795,56502,18,1023,CEMEI ZULMIRA LOUZADA,SÃO FRANCISCO,-20.52129,-41.61137,588,-1,0
2024,796,56502,18,1031,EEEFM OLAVO RODRIGUES,DISTRITO DE SANTA MARTA,-20.51327,-41.71539,1555,-1,0
2024,797,56502,18,1040,EMEIEF PROFESSORA CLARICE CAMPOS LEMOS,SÃO JOSÉ DO CAPARAÓ,-20.4321,-41.6772,822,-1,0
2024,798,56502,18,1058,EMUEF ELIAS MIGUEL DE PAULA,PRATINHA,-20.6533,-41.6419,121,-1,0
2024,799,56502,18,1066,EMPEF ARTULINO XAVIER DA COSTA,PEDRA ROXA,-20.42401,-41.70496,419,-1,0
2024,800,56502,18,1082,EEEFM ANTÔNIO LEMOS JÚNIOR,CENTRO,-20.53876,-41.66104,1983,-1,0
2024,801,56510,35,1015,EMEF PADRE ASSIS,CENTRO,-20.79152,-40.81002,2035,-1,0
2024,802,56510,35,1040,PEM ASTÉRIA SIQUEIRA MIRANDA,JARDIM JANDIRA,-20.7877,-40.81262,1255,-1,0
2024,803,56510,35,1058,EEEM CORONEL ANTÔNIO DUARTE,CENTRO,-20.78928,-40.8155,2225,-1,0
2024,804,56510,35,1066,EMEF MARCELINO BIANCARDI,ILHA DO COCO,-20.78784,-40.79836,1128,-1,0
2024,805,56510,35,1074,QUADRA MORRO DA PALHA,MORRO DA PALHA,-20.80279,-40.84841,400,-1,0
2024,806,56510,35,1104,QUADRA DE MONTE BELO,MONTE BELO,-20.74959,-40.85009,809,-1,0
2024,807,56510,35,1120,EMEF ROSITA SALVADOR CARDOSO - PEDRA D'ÁGUA,BOM DESTINO,-20.76443,-40.83293,1062,-1,0
2024,808,56510,35,1139,EMEF ISABELO FONTANA - DUAS BARRAS,DUAS BARRAS,-20.72919,-40.88199,628,-1,0
2024,809,56510,35,1147,ESCOLA DE PALMITAL,PALMITAL,-20.78656,-40.87265,374,-1,0
2024,810,56510,35,1163,EMUEF PEDRA LISA BAIXA,PEDRA LISA BAIXA,-20.73519,-40.82825,309,-1,0
2024,811,56510,35,1171,ASSOCIAÇÃO DOS MORADORES DE INHAÚMA,INHAÚMA,-20.75658,-40.90572,352,-1,0
2024,812,56510,35,1260,PEM FRANZ GAISMAYER,ILHA DE BOM DESTINO,-20.76456,-40.83498,634,-1,0
2024,813,56510,35,1341,CENTRO COMUNITÁRIO PADRE LUIS LAMMAMIE,JARDIM DA ILHA,-20.78866,-40.80273,315,-1,0
2024,814,56537,16,1015,EEEFM EURICO SALLES,CENTRO,-19.8036,-40.85611,5202,-1,0
2024,815,56537,16,1023,EMEF THIERS VELLOSO,CENTRO,-19.80411,-40.85659,2974,-1,0
2024,816,56537,16,1031,EMEF PADRE ALONSO,PALMEIRA,-19.69534,-40.83436,620,-1,0
2024,817,56537,16,1040,EEEFM ALFREDO LEMOS,ITAIMBÉ,-19.66328,-40.8364,1393,-1,0
2024,818,56537,16,1058,EMEF  MARIA PAULI SPERANDIO,ITAÇU,-19.70279,-40.78509,940,-1,0
2024,819,56537,16,1090,EEEFM FABIANO FRANCISCO TOMASINI,ALTO LAGE,-19.69355,-40.92153,245,-1,0
2024,820,56537,16,1104,EMUEFEI - SOBREIRO,SOBREIRO,-19.74273,-40.90408,207,-1,0
2024,821,56537,16,1163,1163 - CEI ROSA FRIZZERA COELHO - 16ª ZE - ITAGUAÇU ,PALMEIRA,-19.69845,-40.83833,488,-1,0
2024,822,56553,22,1015,CEEFMTI WASHINGTON PINHEIRO MEIRELLES,CENTRO,-21.00997,-40.8283,1284,-1,0
2024,823,56553,22,1040,CMEF EM TEMPO INTEGRAL WALDÉIA FERREIRA PEÇANHA,ITAIPAVA,-20.88766,-40.77353,3561,-1,0
2024,824,56553,22,1058,EMPEF BOM SERÁ,BOM SERÁ,-20.96278,-40.8868,558,-1,0
2024,825,56553,22,1066,EMUEF FRADE E A FREIRA,ITAPECOA,-20.88363,-41.00923,352,-1,0
2024,826,56553,22,1074,EMEIEF MANOEL MARCONDES (ANTIGO DNIT),SAFRA,-20.92695,-41.07715,728,-1,0
2024,827,56553,22,1090,EMPEF ROZÁRIA DA SILVEIRA NUNES (PEDRA),RIO MUQUI,-20.99803,-40.9484,463,-1,0
2024,828,56553,22,1139,EEEFM ANTÔNIO JACQUES SOARES,GARRAFÃO,-20.98997,-41.00328,1692,-1,0
2024,829,56553,22,1147,EEEF DE GRAÚNA,GRAÚNA,-21.03252,-40.91259,1278,-1,0
2024,830,56553,22,1155,EMPEF LIMÃO,LIMÃO,-20.98028,-40.91478,378,-1,0
2024,831,56553,22,1163,EMEIEF ANACLETO JACINTO RIBEIRO,CAMPO ACIMA,-21.02891,-40.85727,2631,-1,0
2024,832,56553,22,1180,EMEIEF PEDRO SIQUEIRA,GOMES,-20.92151,-40.81721,1037,-1,0
2024,833,56553,22,1228,EMEF NARCISO ARAÚJO,CENTRO,-21.00921,-40.82928,4556,-1,0
2024,834,56553,22,1295,EMUEF FAZENDA VELHA,FAZENDA VELHA,-20.9396,-40.86217,265,-1,0
2024,835,56553,22,1333,EMEIEF LUIZ JOÃO GOMES,JOACIMA,-20.90315,-40.79479,1632,-1,0
2024,836,56553,22,1422,UNIDADE DE SAÚDE FRADE,FRADE,-20.88987,-40.99113,302,-1,0
2024,837,56553,22,1449,EMEIEF GEORGETA FERREIRA DE ALMEIDA (DESENGANO),BREJO GRANDE DO NORTE,-21.01754,-40.95899,821,-1,0
2024,838,56553,22,1457,EMEIEF FLORÊNCIO BENTO ALVES,CÓRREGO DO OURO,-20.97869,-41.0244,1078,-1,0
2024,839,56553,22,1473,EMUEF PIABANHA DO NORTE,PIABANHA DO NORTE,-20.93916,-40.88807,323,-1,0
2024,840,56553,22,1481,EMEIEF NORMA VICENTE FERREIRA,SAFRA,-20.91894,-41.07618,419,-1,0
2024,841,56553,22,1511,EMPEF SANTO AMARO,SANTO AMARO,-20.91915,-40.87953,509,-1,0
2024,842,56553,22,1520,EMEIEF ELVIRA MEALE LESQUEVES,ITAOCA,-20.91106,-40.78615,1391,-1,0
2024,843,56553,22,1538,EPE LEOPOLDINO ROCHA,ITAIPAVA,-20.89101,-40.78266,4123,-1,0
2024,844,56553,22,1546,EMPEF PALMITAL,PALMITAL,-20.93142,-40.92262,453,-1,0
2024,845,56553,22,1554,EMPEF SANTA HELENA,SANTA HELENA,-20.90051,-40.90715,383,-1,0
2024,846,56553,22,1562,EMPEF AFONSOS,AFONSO,-20.95463,-40.91957,290,-1,0
2024,847,56553,22,1597,CRECHE ANDRÉ FREITAS DE OLIVEIRA,VILA NOVA,-21.01284,-40.83024,444,-1,0
2024,848,56553,22,1619,EMUEF PORTAL DE PAINEIRAS,PORTAL DE PAINEIRAS,-20.99012,-40.991,240,-1,0
2024,849,56553,22,1627,UNIDADE DE SAÚDE DE BREJO GRANDE DO SUL,BREJO GRANDE DO SUL,-21.04016,-40.97785,488,-1,0
2024,850,56553,22,1635,EMEIEF MARLUCE BIANCHI DE SOUZA VIANA,ITAOCA,-20.89873,-40.77905,1859,-1,0
2024,851,56553,22,1643,EMEIEF JOSEPHA MIRANDA DE CARVALHO BRITO,PAINEIRAS,-20.95683,-40.95511,686,-1,0
2024,852,56553,22,1651,CRECHE MUNICIPAL ZÓZIMA GOMES LEAL - VOVÓ JOZINA,RETIRO,-20.94621,-40.90131,589,-1,0
2024,853,56553,22,1678,CEMEI DINORAH RODRIGUES PEÇANHA (ANTIGA MUNICIPALIZADA DE ITAÓCA),ITAOCA,-20.90302,-40.77931,1005,-1,0
2024,854,56553,22,1694,CEMEI PROFESSORA MARIA DA PENHA RIBEIRO MACHADO,SERRAMAR,-21.00751,-40.82992,286,-1,0
2024,855,56553,22,1708,CEMEI QUILOMBOLA JOÃO LUCIANO DA ROSA,GRAÚNA,-20.99464,-40.94341,146,-1,0
2024,856,56553,22,1716,CRECHE MUNICIPAL NASSÍRIA DOS SANTOS SILVA,CAMPO ACIMA,-21.02883,-40.85718,401,-1,0
2024,857,56553,22,1724,CEAG CENTRO EDUCACIONAL AGRÍCOLA,GARRAFÃO,-20.98759,-40.99168,92,-1,0
2024,858,56570,11,1015,EPSG PROFA. ALEYDE COSME,CENTRO,-19.86891,-40.87504,3753,-1,0
2024,859,56570,11,1023,EMEF LUIZA GRIMALDI,CENTRO,-19.86824,-40.87679,1915,-1,0
2024,860,56570,11,1031,EMEI PADRE BERNARDO NIEWIND,CENTRO,-19.87135,-40.8755,1053,-1,0
2024,861,56570,11,1040,EEEF ALTO JATIBOCAS,JATIBOCAS,-20.00294,-40.88877,1835,-1,0
2024,862,56570,11,1066,EEEF PROF. JOSUÉ BALDOTTO,LIMOEIRO DE SANTO ANTÔNIO,-19.9571,-40.82299,446,-1,0
2024,863,56570,11,1074,CMEI TEREZA FIOROTTI RIZZI,BAIXO SOSSEGO,-19.90466,-40.89941,593,-1,0
2024,864,56596,18,1031,EPSG HENRIQUE COUTINHO,CENTRO,-20.34759,-41.53246,4782,383,0
2024,865,56596,18,1040,SECRETARIA MUNICIPAL DE ASSISTENCIA E DESENVOLVIMENTO SOCIAL,CENTRO,-20.34565,-41.53572,543,385,0
2024,866,56596,18,1066,EPSG DR. NAGEM ABIKAHIR,QUILOMBO,-20.35058,-41.53329,3885,378,0
2024,867,56596,18,1074,EPG DELFINO BATISTA VIEIRA,DISTRITO DE NOSSA SENHORA DAS GRAÇAS,-20.38395,-41.53782,1574,-1,0
2024,868,56596,18,1082,EPG ALDA LOFÊGO DE CASTRO,ALTO PERDIÇÃO,-20.42161,-41.57486,265,-1,0
2024,869,56596,18,1090,EPG ELZA DE CASTRO SCARDINI,DISTRITO SANTÍSSIMA TRINDADE,-20.46579,-41.59038,1490,-1,0
2024,870,56596,18,1139,EPG SANTA CLARA DO CAPARAÓ,CÓRREGO SANTA CLARA,-20.39693,-41.69872,333,-1,0
2024,871,56596,18,1180,EPG LUÍS MOISÉS HERINGER,CÓRREGO DE LARANJA DA TERRA,-20.22683,-41.68795,389,-1,0
2024,872,56596,18,1198,EPG MARIA BARROS HORSTH,CÓRREGO SÃO JOÃO DO PRÍNCIPE,-20.32631,-41.83321,348,-1,0
2024,873,56596,18,1201,EPSG PADRE AFONSO BRAZ,DISTRITO DE PEQUIÁ,-20.27688,-41.77802,1136,-1,0
2024,874,56596,18,1210,EMEF RIO CLARO,CÓRREGO RIO CLARO,-20.35655,-41.84498,280,-1,0
2024,875,56596,18,1228,EMEF DEOLINDA AMORIM DE OLIVEIRA,QUILOMBO,-20.34952,-41.53095,1545,384,0
2024,876,56596,18,1236,EMEF TERRA CORRIDA,CÓRREGO TERRA CORRIDA,-20.42982,-41.50289,240,-1,0
2024,877,56596,18,1244,IGREJA DE SÃO JOSÉ DAS TRÊS PONTES,ESTRADA DO PRÍNCIPE,-20.2997,-41.79545,71,-1,0
2024,878,56596,18,1252,CRECHE DA IGREJA PRESBITERIANA,QUILOMBO,-20.35185,-41.53365,367,384,0
2024,879,56596,18,1260,SALÃO SÃO VICENTE DE PAULO,QUILOMBO,-20.34846,-41.53082,250,384,0
2024,880,56596,18,1287,POSTO DE SAÚDE MUNICIPAL,QUILOMBO,-20.35127,-41.53452,378,378,0
2024,881,56596,18,1295,EMEF BONSUCESSO,CÓRREGO BONSUCESSO,-20.30515,-41.51703,257,-1,0
2024,882,56596,18,1309,ESCOLA MUNICIPAL DE SANTA CLARA DO URBANO,CÓRREGO SANTA CLARA DO SEU URBANO,-20.39695,-41.69871,264,-1,0
2024,883,56596,18,1317,SALÃO PAROQUIAL DA PARÓQUIA N. S. MÃE DOS HOMENS,CENTRO,-20.34581,-41.53537,677,385,0
2024,884,56596,18,1325,CÂMARA MUNICIPAL DE IÚNA,CENTRO,-20.34565,-41.53572,372,385,0
2024,885,56596,18,1333,SALÃO DA IGREJA MATRIZ,CENTRO,-20.34592,-41.53616,593,385,0
2024,886,56596,18,1350,COLEGIO RENASCER,CENTRO,-20.34481,-41.53785,378,386,0
2024,887,56596,18,1368,EEEFM SANTÍSSIMA TRINDADE,GUANABARA,-20.35586,-41.53175,642,380,0
2024,888,56596,18,1376,CENTRO EDUCACIONAL DE ENSINO VOVÓ ORCÍLIA,FERREIRA VALE,-20.34448,-41.5324,381,383,0
2024,889,56618,4,1015,CMEI PROF. THIAGO ZUCOLOTO MACHADO,CRISTAL,-20.79503,-41.40293,1145,-1,0
2024,890,56618,4,1031,EMEF ANDRÉ ALTOÉ,PARADA CRISTAL,-20.79663,-41.37452,1421,-1,0
2024,891,56618,4,1040,EEEFM DE JERÔNIMO MONTEIRO,CENTRO,-20.79074,-41.39483,2900,-1,0
2024,892,56618,4,1066,CEMEI DIVA SAVIATTO DUARTE,CENTRO,-20.79074,-41.39553,1271,-1,0
2024,893,56618,4,1074,EEEFM DE JERÔNIMO MONTEIRO,CENTRO,-20.79049,-41.39483,1509,-1,0
2024,894,56618,4,1082,EMEF NICOLAU BORGES,PARADA CRISTAL,-20.79668,-41.3767,767,-1,0
2024,895,56618,4,1090,UFES - DEPARTAMENTO DE CIÊNCIAS FLORESTAIS E DA MADEIRA,CENTRO,-20.78971,-41.38896,1318,-1,0
2024,896,56626,14,1058,EEEFM DE JOÃO NEIVA,CENTRO,-19.75717,-40.3821,1837,-1,0
2024,897,56626,14,1066,EMEF PROF.ª MARIA OLIRIA  SARCINELLI CAMPAGNARO,CENTRO,-19.75661,-40.38197,2783,-1,0
2024,898,56626,14,1074,EMEIF TERESITA BORRINI FARINA,CENTRO,-19.75758,-40.38184,1295,-1,0
2024,899,56626,14,1082,COLÉGIO MONTE NEGRO,CENTRO,-19.75657,-40.38494,1331,-1,0
2024,900,56626,14,1090,EMEF MISSIONÁRIOS COMBONIANOS,SANTA LUZIA,-19.75173,-40.38445,1235,-1,0
2024,901,56626,14,1112,EMEIF GUILHERME BAPTISTA,ACIOLI,-19.65753,-40.46477,633,-1,0
2024,902,56626,14,1120,EMPEIF BARRA DO TRIUNFO,BARRA DO TRIUNFO,-19.69719,-40.50186,556,-1,0
2024,903,56626,14,1139,EMPEIF CAVALINHO,CAVALINHOS,-19.689,-40.39064,414,-1,0
2024,904,56626,14,1155,EMEIF JOSÉ REBUZZI SARCINELLI,CRISTAL,-19.73026,-40.36104,904,-1,0
2024,905,56626,14,1244,EMPEIF SANTO AFONSO,SANTO AFONSO,-19.73253,-40.37406,400,-1,0
2024,906,56626,14,1252,CENTRO DE FORMAÇÃO DA COMUNIDADE,DEMÉTRIO RIBEIRO,-19.73574,-40.41941,169,-1,0
2024,907,56626,14,1260,EMEF PEDRO NOLASCO,VILA NOVA DE BAIXO,-19.76015,-40.38558,704,-1,0
2024,908,56626,14,1279,EMEIF DR. ORLINDO FRANCISCO BORGES,COHAB,-19.75561,-40.37738,829,-1,0
2024,909,56634,25,1112,EMEF AUTO GUIMARÃES E SOUZA,SHELL,-19.38892,-40.06279,1825,407,0
2024,910,56634,25,1171,EMEF DINORAH ALMEIDA RODRIGUES,SÃO JOSÉ,-19.36893,-40.05002,3451,408,1
2024,911,56634,25,1198,EMEF ELZA RONI SCARPAT,LAGOA DO MEIO,-19.37359,-40.06267,2364,397,0
2024,912,56634,25,1201,FACELI,BNH,-19.38059,-40.05844,3149,403,0
2024,913,56634,25,1210,EEEFM POLIVALENTE DE LINHARES I,BNH,-19.38132,-40.06028,4185,403,0
2024,914,56634,25,1236,EEEM EMIR DE MACEDO GOMES,SHELL,-19.39657,-40.06355,3115,407,0
2024,915,56634,25,1252,EMEF SAMUEL BATISTA CRUZ (CAIC DALVINO TOMÉ),INTERLAGOS,-19.39123,-40.05697,2056,393,0
2024,916,56634,25,1279,EEEFM JOSÉ DE CALDAS BRITO (POLIVALENTE DE LINHARES II),ARAÇÁ,-19.39746,-40.05987,3329,387,0
2024,917,56634,25,1317,EMEFM MARÍLIA DE REZENDE SCARTON COUTINHO,INTERLAGOS,-19.39036,-40.04708,5183,393,0
2024,918,56634,25,1350,IFES - INSTITUTO FEDERAL DO ESPÍRITO SANTO,AVISO,-19.40821,-40.0443,3249,388,0
2024,919,56634,25,1376,SESI - SERVIÇO SOCIAL DA INDÚSTRIA,AVISO,-19.40645,-40.05885,4089,388,0
2024,920,56634,25,1384,CEIM BRANCA DE NEVE,JARDIM LAGUNA,-19.37577,-40.054,1559,394,0
2024,921,56634,25,1449,EMEF JOSÉ MODENEZE,CANIVETE,-19.32098,-40.07105,3672,390,0
2024,922,56634,25,1490,EMEF ROBERTO MOREIRA,ARAÇÁ,-19.39843,-40.0566,1948,387,0
2024,923,56634,25,1562,EMEF PROFª. EFIGÊNIA SIZENANDO,CÓRREGO FARIAS,-19.2634,-40.03864,1407,-1,0
2024,924,56634,25,1864,EMEF PROFª. URBANA PENHA COSTA,POVOAÇÃO,-19.57793,-39.79408,1514,-1,0
2024,925,56634,25,2038,EMEF PROFª.  MARIA DA PENHA PAZITO VENTURA,INTERLAGOS,-19.39543,-40.04019,2724,393,0
2024,926,56634,25,2046,EPM JOSÉ CÂNDIDO DURÃO,AGROVILA,-19.25768,-39.80079,262,-1,0
2024,927,56634,25,2119,EMEF ZEFERINO BATISTA FIOROT,SANTA CRUZ,-19.33681,-40.0647,3985,406,0
2024,928,56634,25,2135,EMEF MANOEL MARTINS,PONTAL DO IPIRANGA,-19.19066,-39.7134,1399,-1,0
2024,929,56634,25,2143,EEEFM PROFª. ANTONIETA BANHOS FERNANDES,INTERLAGOS,-19.39526,-40.03978,2642,393,0
2024,930,56634,25,2208,CEIM OLGA BORTOT MOLINA,CANIVETE,-19.31926,-40.0712,1719,390,0
2024,931,56634,25,2232,EMEF PROFª. MARIA APARECIDA LAVAGNOLI,INTERLAGOS,-19.39116,-40.05498,2821,393,0
2024,932,56634,25,2283,EMEF PREF. ROBERTO CALMON,AVISO,-19.40319,-40.05379,3758,388,0
2024,933,56634,25,2291,CIC - CENTRO DE INTEGRAÇÃO COMUNITÁRIA DO DEGREDO,DEGREDO,-19.39441,-39.72714,176,-1,0
2024,934,56634,25,2399,EMEF ANTÔNIO FERNANDES DE ALMEIDA,INTERLAGOS,-19.39953,-40.04385,2464,393,0
2024,935,56634,25,2402,EMUEF SANTO HILÁRIO,SANTO HILÁRIO,-19.37996,-40.27408,337,-1,0
2024,936,56634,25,2410,EMPEIPEF CÓRREGO JAPIRA,JAPIRA,-19.40272,-40.32647,606,-1,0
2024,937,56634,25,2437,CEIM LEODOVICO DONATELLI,BEBEDOURO,-19.47537,-40.11636,1907,-1,0
2024,938,56634,25,2445,EMEF CID ADALBERTO DOS REIS,JUPARANÃ,-19.38301,-40.07413,2956,396,0
2024,939,56634,25,2453,IASES - COMPLEXO DE LINHARES (UNIP NORTE E UNIS NORTE),PEROBAS (BEBEDOURO),-19.48997,-40.06548,0,-1,0
2024,940,56634,25,2461,CEL - COOPERATIVA EDUCACIONAL DE LINHARES,TRÊS BARRAS,-19.3742,-40.07382,1546,409,0
2024,941,56634,25,2470,EMEF CABOCLO BERNARDO,PLANALTO,-19.34891,-40.04905,3321,405,0
2024,942,56634,25,2488,CEIM ENOCK DE FREITAS,JUPARANÃ,-19.38309,-40.07195,1813,396,0
2024,943,56634,25,2496,EEEFM VILA REGÊNCIA,REGÊNCIA,-19.64633,-39.82644,1223,-1,0
2024,944,56634,25,2500,EMPEIPEF BOA ESPERANÇA (CHAPADÃO DAS PALMINHAS),CHAPADÃO DAS PALMINHAS,-19.36001,-40.18358,332,-1,0
2024,945,56634,25,2518,EMEF PROFª. ELIANA CORREA PINAFO,BEBEDOURO,-19.46642,-40.11303,3436,-1,0
2024,946,56634,25,2526,EEEFM PROFª. REGINA BANHOS PAIXÃO,LINHARES V,-19.35993,-40.05219,1816,398,0
2024,947,56634,25,2534,EMPEIUEF TERRA ALTA,SÃO SEBASTIÃO DA TERRA ALTA,-19.44392,-40.38244,366,-1,0
2024,948,56634,25,2542,CMEIEF ALCIDES MARINATO (BAGUEIRA),BAGUEIRA,-19.35809,-40.18479,631,-1,0
2024,949,56634,25,2550,EMEF ADELSON DEL'SANTO,NOVA ESPERANÇA,-19.35851,-40.04522,3169,402,0
2024,950,56634,25,2569,EPEIUEF RIO QUARTEL (QUARTEL DE CIMA),QUARTEL DE CIMA,-19.53329,-40.17105,302,-1,0
2024,951,56634,25,2577,EMEF BAIXO QUARTEL,BAIXO QUARTEL,-19.54129,-40.08906,1348,-1,0
2024,952,56634,25,2585,EMEF LUIZ DE CAMÕES,NOSSA SENHORA DA CONCEIÇÃO,-19.3803,-40.0692,1866,400,0
2024,953,56634,25,2593,EMEF ÂNGELO RECLA (QUARTEL DO MEIO),QUARTEL DO MEIO,-19.52096,-40.1482,1867,-1,0
2024,954,56634,25,2607,EMEF OROZIMBO LEITE,GUAXE,-19.2328,-40.14575,719,-1,0
2024,955,56634,25,2615,EMPEI GERÔNCIO FRANCISCO (HUMAITÁ),HUMAITÁ,-19.50858,-40.35629,641,-1,0
2024,956,56634,25,2623,EEEFM PROF. MANOEL ABREU,BEBEDOURO,-19.47646,-40.11727,1886,-1,0
2024,957,56634,25,2631,EMPEIUEF EMA SARTÓRIO BIANCARDI,RIO DAS PALMAS,-19.4074,-40.37013,193,-1,0
2024,958,56634,25,2640,QUADRA POLIESPORTIVA JOSÉ ANTONIO BISSOLI,JAPIRA,-19.40282,-40.32602,601,-1,0
2024,959,56634,25,2658,EMEF MARIA SOUZA MATIAS,MOVELAR,-19.35511,-40.05749,2239,399,0
2024,960,56634,25,2666,EEEFM MANOEL SALUSTIANO DE SOUZA,SÃO RAFAEL,-19.36919,-40.44751,1066,-1,0
2024,961,56634,25,2674,CEEFMTI BARTOUVINO COSTA,CENTRO,-19.40264,-40.066,2143,391,0
2024,962,56634,25,2682,EMEF PRES. CASTELO BRANCO,CENTRO,-19.39884,-40.07058,2052,391,0
2024,963,56634,25,2690,EPM BIBIANA COSTA,DESENGANO,-19.62825,-40.31506,522,-1,0
2024,964,56634,25,2704,CENTRO DE ENSINO LINHARENSE DARWIN,CENTRO,-19.40418,-40.06144,1891,391,0
2024,965,56634,25,2712,CETEC / OUSE,CENTRO,-19.39861,-40.07018,1171,391,0
2024,966,56634,25,2720,CEP EDUCACIONAL,NOSSA SENHORA DA CONCEIÇÃO,-19.3855,-40.06852,144,407,1
2024,967,56634,25,2763,EMEF JERÔNIMO MONTEIRO,BNH,-19.37991,-40.06501,2142,403,0
2024,968,56634,25,2771,SESC - SERVIÇO SOCIAL DO COMÉRCIO,COLINA,-19.39419,-40.0683,1725,392,0
2024,969,56634,25,2780,CEEJA - CENTRO ESTADUAL DE EDUCAÇÃO DE JOVENS E ADULTOS,CENTRO,-19.40295,-40.06607,1428,391,0
2024,970,56634,25,2798,CEIM RIO DOCE,RESIDENCIAL RIO DOCE (AVISO),-19.41391,-40.01858,116,-1,0
2024,971,56634,25,2810,CMEIEFTI PALMITAL,PALMITAL,-19.37098,-40.05662,896,404,0
2024,972,56634,25,2828,CEIM CHAPEUZINHO VERMELHO,INTERLAGOS,-19.39073,-40.04685,1823,393,0
2024,973,56634,25,2836,CEIM JOSÉ ELIAS,LINHARES V,-19.35963,-40.05215,1830,398,0
2024,974,56650,36,1015,CÂMARA MUNICIPAL,CENTRO,-18.86131,-41.12139,359,-1,0
2024,975,56650,36,1023,EM ELIEZER EDUARDO RIBEIRO,CENTRO,-18.86293,-41.12384,549,-1,0
2024,976,56650,36,1031,EPG PROFA ADELINA LÍRIO,CENTRO,-18.85959,-41.1228,1149,-1,0
2024,977,56650,36,1040,EPG CHRISTIANO DIAS LOPES,CENTRO,-18.86492,-41.12494,1501,-1,0
2024,978,56650,36,1058,EEEFM JOB PIMENTEL,CENTRO,-18.86027,-41.1196,2091,-1,0
2024,979,56650,36,1074,EPG VICENTE AMARO DA SILVA,DISTRITO DE SÃO GERALDO,-18.83584,-41.2139,1056,-1,0
2024,980,56650,36,1082,EPG LUIS SIMÃO,DISTRITO DE SÃO JOSÉ,-18.89372,-41.07821,1827,-1,0
2024,981,56650,36,1090,EPG PALMERINDO VIEIRA CAMPOS,DISTRITO DE SANTA LUZIA,-18.88905,-41.01596,945,-1,0
2024,982,56650,36,1139,CENTRO DE REFERÊNCIA DA ASSISTÊNCIA SOCIAL - CRAS,CENTRO,-18.86097,-41.12265,1147,-1,0
2024,983,56650,36,1163,EM ANEDINA BRETAS CORREA,DISTRITO DE SANTA LUZIA,-18.88399,-41.01643,632,-1,0
2024,984,56677,5,1015,EEEF MONTEIRO DA SILVA (GRUPO VELHO),CENTRO,-21.06333,-41.3675,3077,-1,0
2024,985,56677,5,1023,EEEFM ANTÔNIO ACHA (POLIVALENTE),CENTRO,-21.0645,-41.36813,2681,-1,0
2024,986,56677,5,1031,JARDIM DA INFÂNCIA CORINA BICALHO GUIMARÃES,CENTRO,-21.06296,-41.3675,1066,-1,0
2024,987,56677,5,1040,SALÃO PAROQUIAL DE MIMOSO DO SUL,CENTRO,-21.06403,-41.36642,2341,-1,0
2024,988,56677,5,1058,EEEFM MONSENHOR ELIAS TOMASI (GINÁSIO),VILA NOVA DA PENHA,-21.0599,-41.35845,3895,-1,0
2024,989,56677,5,1074,EUE RANCHO ALEGRE,ASSENTAMENTO RANCHO ALEGRE,-21.16006,-41.30173,198,-1,0
2024,990,56677,5,1090,EMUEF NOVO BRASIL (MURIBECA),MURIBECA,-20.91586,-41.53719,406,-1,0
2024,991,56677,5,1120,ESTRATÉGIA SAÚDE DA FAMÍLIA (POSTO DE SAÚDE) DE CONCEIÇAO DO MUQUI,CONCEIÇÃO DO MUQUI,-20.97159,-41.50902,619,-1,0
2024,992,56677,5,1147,EUE SÃO RAFAEL,SÃO RAFAEL,-20.92592,-41.45175,300,-1,0
2024,993,56677,5,1155,EMEF CONSTÂNCIO VIVAS (SANTO ANTÔNIO DO MUQUI),SANTO ANTÔNIO DO MUQUI,-21.00877,-41.46275,966,-1,0
2024,994,56677,5,1163,EMEF CATHARINA GIOVANINI FABER (SÃO PEDRO DO ITABAPOANA),SÃO PEDRO DO ITABAPOANA,-21.07449,-41.49619,698,-1,0
2024,995,56677,5,1198,EMEF PROFESSOR CARLOS MATTOS (PONTE DO ITABAPOANA),PONTE DO ITABAPOANA,-21.20558,-41.46241,863,-1,0
2024,996,56677,5,1201,PRIMEIRA IGREJA BATISTA DE DONA AMÉRICA,DONA AMÉRICA,-21.161,-41.41132,304,-1,0
2024,997,56677,5,1228,EMEF JOSÉ GONÇALVES FIGUEIRAS (SÃO JOSÉ DAS TORRES),SÃO JOSÉ DAS TORRES,-21.06894,-41.23885,1121,-1,0
2024,998,56677,5,1252,EEEM ANTÔNIO SABATINI SIMONI (CONCEIÇÃO DO MUQUI),CONCEIÇÃO DO MUQUI,-20.97401,-41.50888,1449,-1,0
2024,999,56693,38,1040,EM DOMINGOS MARTINS,MARIA ZÉLIA,-18.1279,-40.37216,1894,-1,0
2024,1000,56693,38,1058,COLÉGIO NOSSA SENHORA APARECIDA,CENTRO,-18.12825,-40.36225,1240,-1,0
2024,1001,56693,38,1104,EPG ELPÍDIO CAMPOS DE OLIVEIRA,CENTRO,-18.12664,-40.3619,2310,-1,0
2024,1002,56693,38,1155,ESCOLA ESTADUAL PADRE MANOEL DA NOBREGA,DISTRITO DE VINHÁTICO,-18.19714,-40.26538,2468,-1,0
2024,1003,56693,38,1171,EPG DE SÃO SEBASTIÃO DO NORTE,DISTRITO DE SÃO SEBASTIÃO DO NORTE,-18.10724,-40.17273,763,-1,0
2024,1004,56693,38,1180,EPG MARIA CLEMENTINA VELOSO SANTOS,CIPRESTE,-18.12826,-40.3548,1832,-1,0
2024,1005,56693,38,1198,EPG PRESIDENTE COSTA E SILVA,FUNDÃO,-18.12371,-40.363,611,-1,0
2024,1006,56693,38,1201,EPG BAIRRO BRASÍLIA,BRASÍLIA,-18.13018,-40.3729,1298,-1,0
2024,1007,56693,38,1228,ESCOLA ESTADUAL DOM JOSE DALVIT,CENTRO,-18.12672,-40.36575,2995,-1,0
2024,1008,56715,38,1015,EPG PROF. JOSÉ SARMENTO ROQUE,PLANALTO,-18.09524,-40.52043,1023,-1,0
2024,1009,56715,38,1023,EEEFM DE MUCURICI,PLANALTO,-18.09642,-40.5216,1687,-1,0
2024,1010,56715,38,1031,EPG DE ÁGUA BOA,ÁGUA BOA,-17.98186,-40.39667,336,-1,0
2024,1011,56715,38,1040,EPSG BENJAMIM MENDES DE SOUZA,ITABAIANA,-17.93947,-40.54779,1890,-1,0
2024,1012,56715,38,1058,ASSENTAMENTO CÓRREGO DA LAGE,CÓRREGO DO LAGEADO,-18.03026,-40.63644,356,-1,0
2024,1013,56731,19,1015,CEEFMTI BRÁULIO FRANCO,CENTRO,-20.46264,-41.41327,3326,-1,0
2024,1014,56731,19,1023,EMEF PROFESSORA LIA THEREZINHA MERÇON ROCHA,CENTRO,-20.46708,-41.41478,3384,-1,0
2024,1015,56731,19,1074,EEEFM ARQUIMÍMO MATTOS,DISTRITO DE PIAÇU,-20.33702,-41.3902,1855,-1,0
2024,1016,56731,19,1112,EMEF MARIA ÁUREA BARROSO,DISTRITO DE MENINO JESUS,-20.40138,-41.42749,868,-1,0
2024,1017,56731,19,1139,EMEF SEBASTIÃO COSTA,DISTRITO DE ITAICÍ,-20.53078,-41.51034,727,-1,0
2024,1018,56731,19,1147,EMEF PROFESSOR PAULO FABIO SARTORE,DISTRITO DE VIEIRA MACHADO,-20.4965,-41.33513,586,-1,0
2024,1019,56731,19,1155,EMEF LEOVEGILIA EMILIANO DA SILVA,DISTRITO DE SÃO PEDRO,-20.43556,-41.44611,358,-1,0
2024,1020,56731,19,1163,EMEF SANTA JOANA,ALTO NORTE,-20.23754,-41.36514,1152,-1,0
2024,1021,56731,19,1228,CENTRO DE EDUCAÇÃO INFANTIL ANA BAZILIO DE ÁVILA,DISTRITO DE PIAÇU,-20.3374,-41.39107,795,-1,0
2024,1022,56731,19,1244,JARDIM DE INFÂNCIA ADEMAR VIEIRA DA CUNHA,CENTRO,-20.46174,-41.4175,565,-1,0
2024,1023,56731,19,1252,APAE DE MUNIZ FREIRE,CENTRO,-20.46561,-41.41258,258,-1,0
2024,1024,56731,19,1260,UNIDADE DE SAÚDE BÁSICA DE PIAÇU,DISTRITO DE PIAÇU,-20.33803,-41.39171,821,-1,0
2024,1025,56731,19,1279,CRAS - PIAÇU,DISTRITO DE PIAÇU,-20.33764,-41.39033,278,-1,0
2024,1026,56758,5,1015,EEEFM SENADOR DIRCEU CARDOSO,SÃO PEDRO,-20.94688,-41.33642,3057,-1,0
2024,1027,56758,5,1023,JARDIM DE INFÂNCIA JURANDY FRANÇA MARTINS,CENTRO,-20.95028,-41.34357,1511,-1,0
2024,1028,56758,5,1031,EEEF MARCONDES DE SOUZA,CENTRO,-20.95116,-41.34386,1890,-1,0
2024,1029,56758,5,1040,EEF FREI PEDRO DOMINGO IZCARA,SANTO AGOSTINHO,-20.9455,-41.34578,2062,-1,0
2024,1030,56758,5,1058,EMEF ERCY ARRUDA BONFIM (CAMARÁ),DISTRITO DE CAMARÁ,-20.89656,-41.27067,1121,-1,0
2024,1031,56758,5,1066,CEM/COOPEM - COOPERATIVA EDUCACIONAL DE MUQUI,BAIRRO DAS PALMEIRAS,-20.95511,-41.34749,1783,-1,0
2024,1032,56774,30,1015,IGREJA CATÓLICA DO PATRIMÔNIO DA AREIA,PATRIMÔNIO DO CÓRREGO DA AREIA,-18.63132,-40.27884,486,-1,0
2024,1033,56774,30,1023,APAE,MUNICIPAL I,-18.71255,-40.3981,994,-1,0
2024,1034,56774,30,1058,EMEF GUARABU,CÓRREGO DO GUARABU,-18.54929,-40.44981,256,-1,0
2024,1035,56774,30,1074,ESCOLA SÃO JOSÉ DO CAMPO REAL,SÃO JOSÉ DO CAMPO REAL,-18.78155,-40.54737,189,-1,0
2024,1036,56774,30,1090,CENTRO COMUNITÁRIO APARECIDA,MARGARETH,-18.70796,-40.39465,953,-1,0
2024,1037,56774,30,1112,CENTRO COMUNITÁRIO BONFIM,BONFIM,-18.71243,-40.40553,1050,-1,0
2024,1038,56774,30,1120,EMEIEF REFRIGÉRIO,CÓRREGO REFRIGÉRIO,-18.60032,-40.36812,161,-1,0
2024,1039,56774,30,1139,EMEIEF CÓRREGO DA PALMEIRA,CÓRREGO DA PALMEIRA,-18.65708,-40.31722,144,-1,0
2024,1040,56774,30,1147,EPSG DOM DANIEL COMBONI,MUNICIPAL I,-18.71289,-40.39868,1438,-1,0
2024,1041,56774,30,1155,EMUEF CÓRREGO DA VOLTA,CÓRREGO DA VOLTA,-18.65646,-40.47151,111,-1,0
2024,1042,56774,30,1163,EMEF CAMPO BELO - INVEJADA,PEDRA DA INVEJADA,-18.88411,-40.63057,243,-1,0
2024,1043,56774,30,1171,EEEF PADRE JOSIMO - PIP NUCK,ASSENTAMENTO PIP NUCK,-18.71181,-40.53616,335,-1,0
2024,1044,56774,30,1180,EMEF PROF CLAUDINA BARBOSA,MUNICIPAL I,-18.71297,-40.39888,1243,-1,0
2024,1045,56774,30,1198,EMEF MARIA RODRIGUES LEITE,CENTRO,-18.7098,-40.40336,541,-1,0
2024,1046,56774,30,1201,EMEF DR ADALTON SANTOS  - POLIVALENTE,MUNICIPAL I,-18.71415,-40.39955,1465,-1,0
2024,1047,56774,30,1210,EMEF VENECIANO,BEIRA RIO,-18.70518,-40.39811,2895,-1,0
2024,1048,56774,30,1228,EMEF DE SANTA ROSA DA CACHOEIRINHA,SANTA ROSA DA CACHOEIRINHA,-18.7816,-40.51819,220,-1,0
2024,1049,56774,30,1236,EEFM GUARAREMA,DISTRITO DE GUARAREMA,-18.83149,-40.71598,644,-1,0
2024,1050,56774,30,1252,EMEF SÃO LUIZ REIS,SÃO LUIZ REIS,-18.49016,-40.52123,408,-1,0
2024,1051,56774,30,1260,EEEFM PATRIMÔNIO DO QUINZE,SANTO ANTÔNIO DO XV,-18.49511,-40.46637,813,-1,0
2024,1052,56774,30,1279,EMEIF PATRIMÔNIO DE SÃO GONÇALO,DISTRITO DE GUARAREMA,-18.71039,-40.64914,410,-1,0
2024,1053,56774,30,1295,EMEF CRISTALINO - FRANCISCO SECHIN,CRISTALINO,-18.78572,-40.57776,657,-1,0
2024,1054,56774,30,1325,EMEF CEDROLÂNDIA,CEDROLÂNDIA,-18.8071,-40.68732,1117,-1,0
2024,1055,56774,30,1333,EMEF LOURDES SCARDINI,FILOMENA,-18.71491,-40.39343,1258,-1,0
2024,1056,56774,30,1341,EMEF ÁGUA LIMPA,ÁGUA LIMPA,-18.86729,-40.67292,530,-1,0
2024,1057,56774,30,1350,EMEF ALTO MUNIZ,ALTO MUNIZ,-18.90871,-40.70392,309,-1,0
2024,1058,56774,30,1368,EMEIEF BOA VISTA,BOA VISTA,-18.82409,-40.76331,540,-1,0
2024,1059,56774,30,1406,EMEF DO PATRIMÔNIO DO BIS,PATRIMÔNIO DO BIS,-18.55806,-40.33895,249,-1,0
2024,1060,56774,30,1414,EMEF CÓRREGO DO POÇÃO,CÓRREGO DO POÇÃO,-18.82097,-40.5727,623,-1,0
2024,1061,56774,30,1422,EPG DR. RENATO ARAÚJO MAIA,MARGARETH,-18.70829,-40.39416,1233,-1,0
2024,1062,56774,30,1430,CMEI DOM BOSCO - LUZIA ALVES DE LIMA,MARGARETH,-18.70753,-40.39736,1365,-1,0
2024,1063,56774,30,1449,NÚCLEO SUPERVISÃO ESCOLAR,CENTRO,-18.71005,-40.4015,469,-1,0
2024,1064,56774,30,1457,EMEF BAIRRO ALTOÉ,ALTOÉ,-18.68859,-40.39011,1876,-1,0
2024,1065,56774,30,1481,SALÃO PAROQUIAL - MATRIZ SÃO MARCOS,CENTRO,-18.71104,-40.40012,620,-1,0
2024,1066,56774,30,1511,EMEF CÓRREGO DO CRISTAL,CÓRREGO DO DISTRITO DE GUARAREMA,-18.78492,-40.72273,253,-1,0
2024,1067,56774,30,1520,EMEF CÓRREGO DA TRAVESSIA,CÓRREGO DA TRAVESSIA,-18.37612,-40.55313,203,-1,0
2024,1068,56774,30,1538,COMUNIDADE SANTA HELENA DA CHAPADINHA,CHAPADINHA,-18.62869,-40.47556,336,-1,0
2024,1069,56774,30,1546,EMEF SÃO MIGUEL,CÓRREGO SÃO MIGUEL,-18.54514,-40.52673,403,-1,0
2024,1070,56774,30,1562,EMEF VITÓRIO DE ÂNGELO - SERRA DE CIMA,CÓRREGO DE SERRA DE CIMA,-18.78725,-40.47534,203,-1,0
2024,1071,56774,30,1600,EMEF STANISLAW ZUCOLOTTO,SÃO FRANCISCO,-18.69198,-40.4004,2396,-1,0
2024,1072,56774,30,1619,EMEF SÃO CRISTOVÃO,SÃO CRISTOVÃO,-18.72492,-40.42116,2113,-1,0
2024,1073,56774,30,1627,EMEF TITO DOS SANTOS NEVES,RÚBIA,-18.6982,-40.39461,2982,-1,0
2024,1074,56774,30,1635,CMEI LAR DE FÁTIMA,BONFIM,-18.71254,-40.4063,752,-1,0
2024,1075,56774,30,1643,IGREJA CATÓLICA DO PATRIMÔNIO DA PENHA - PERDIDO,PATRIMÔNIO DA PENHA,-18.5885,-40.43273,374,-1,0
2024,1076,56774,30,1660,EMEF CÓRREGO DA PEDRA - GRILLO,SEDE DO CÓRREGO DA PEDRA,-18.56499,-40.46335,300,-1,0
2024,1077,56774,30,1678,SALÃO COMUNITÁRIO DA IGREJA CATÓLICA SÃO LUIZ GONZAGA,SÃO LUIZ GONZAGA,-18.62798,-40.30063,293,-1,0
2024,1078,56774,30,1686,EMEF ASSENTAMENTO RODEIO,COMUNIDADE SÃO JOÃO DO BOTO,-18.75797,-40.48765,157,-1,0
2024,1079,56774,30,1694,CMEITI PROFESSOR LUIS CARLOS GADIOLI,AEROPORTO,-18.67833,-40.4141,1799,-1,0
2024,1080,56774,30,1708,CMEI MARIA LUÍSA DIAS PESTANA SANTOS - SAO MARCOS,RÚBIA,-18.7009,-40.39583,673,-1,0
2024,1081,56774,30,1716,CMEI VERA LÚCIA GALVÃO,RÚBIA,-18.697,-40.39497,477,-1,0
2024,1082,56774,30,1724,CMEI ODORICO DOMINGOS,IOLANDA,-18.70168,-40.40148,452,-1,0
2024,1083,56774,30,1732,CMEITI MARIA CALIMAN LOBO,DOM JOSÉ DALVID,-18.69078,-40.39308,398,-1,0
2024,1084,56774,30,1740,CMEI REGINA CELIA MENEGUETTI FRISSO,MONTE CASTELO,-18.70477,-40.3922,589,-1,0
2024,1085,56790,36,1015,BIBLIOTECA MUNICIPAL DE PANCAS,LIRIO DOS VALES,-19.22151,-40.85372,584,-1,0
2024,1086,56790,36,1031,COOEPA - COOPERATIVA EDUCACIONAL DE PANCAS,LIRIO DOS VALES,-19.2218,-40.85348,1579,-1,0
2024,1087,56790,36,1040,EEEFM ARARIBÓIA,LIRIO DOS VALES,-19.22149,-40.85353,1768,-1,0
2024,1088,56790,36,1058,CADASTRO ÚNICO,CENTRO,-19.22443,-40.85176,813,-1,0
2024,1089,56790,36,1066,EMEF ORAIDE GOMES DE MIRANDA,VILA NOVA,-19.22261,-40.847,1738,-1,0
2024,1090,56790,36,1074,CEIM SANTA LUZIA,CENTRO,-19.22479,-40.8535,683,-1,0
2024,1091,56790,36,1090,OBRA SOCIAL SANTA LUZIA,CENTRO,-19.22284,-40.85078,618,-1,0
2024,1092,56790,36,1104,UNIDADE DE SAÚDE - CENTRO,CENTRO,-19.22499,-40.85206,601,-1,0
2024,1093,56790,36,1112,EMEF HENOC PEREIRA,CENTRO,-19.22369,-40.85071,703,-1,0
2024,1094,56790,36,1228,EEEFM JANUÁRIO RIBEIRO,DISTRITO DE VILA VERDE,-18.97296,-40.87734,1349,-1,0
2024,1095,56790,36,1252,CEIM MENINO JESUS,DISTRITO DE VILA VERDE,-18.97207,-40.87415,763,-1,0
2024,1096,56790,36,1295,EEEFM SEBASTIANA GRILO,DISTRITO DE LAGINHA,-19.16147,-40.77287,2410,-1,0
2024,1097,56790,36,1309,CEIM LAURINDO BARBOSA,DISTRITO DE LAGINHA,-19.16074,-40.77306,1600,-1,0
2024,1098,56790,36,1384,CEIM PEQUENO PRÍNCIPE,VILA NOVA,-19.22247,-40.84845,1360,-1,0
2024,1099,56812,39,1015,EEEF SÃO JOSÉ DO JUNDIÁ,CANÁRIO,-18.4079,-40.21667,582,-1,0
2024,1100,56812,39,1023,EEEF JURACY CARDOSO VIANA,VILA VERDE,-18.41708,-40.22004,1274,-1,0
2024,1101,56812,39,1031,EPSG COOPEPI,CENTRO,-18.40943,-40.21524,1315,-1,0
2024,1102,56812,39,1040,EEEF EMIR DE MACEDO GOMES,CENTRO,-18.41252,-40.21297,1825,-1,0
2024,1103,56812,39,1058,EMEF E PRÉ-ESCOLA CARLOS LINDENBERG,SANTO ANTÔNIO,-18.4117,-40.22118,2421,-1,0
2024,1104,56812,39,1066,EEEFM NOSSA SENHORA DE LOURDES,CENTRO,-18.4106,-40.212,1505,-1,0
2024,1105,56812,39,1074,EEEF JOSÉ PINHEIRO,DOMICIANO MEDINA,-18.41202,-40.21776,1755,-1,0
2024,1106,56812,39,1082,EEEF SÃO JOÃO DO SOBRADO,DISTRITO SÃO JOÃO DO SOBRADO,-18.31825,-40.40523,1183,-1,0
2024,1107,56812,39,1090,CRECHE DOCE LAR,DISTRITO SÃO JOÃO DO SOBRADO,-18.32344,-40.40511,792,-1,0
2024,1108,56812,39,1104,CENTRO PAROQUIAL,CENTRO,-18.41327,-40.21456,1390,-1,0
2024,1109,56812,39,1112,EEEF VILA NOVA,JUNDIÁ,-18.41874,-40.21513,1711,-1,0
2024,1110,56812,39,1120,EEEF E PRÉ-ESCOLA LAGOA SECA,LAGOA SECA,-18.37719,-39.94821,166,-1,0
2024,1111,56812,39,1139,ESCOLA POLO ANTÔNIO BRUNELLI,BRUNELLI,-18.3449,-40.04723,260,-1,0
2024,1112,56812,39,1147,CRECHE FLORINDO MANZOLI,PINHEIRINHO,-18.40289,-40.22841,660,-1,0
2024,1113,56812,39,1155,EMIEF AUGUSTO RUSCHI,VILA NOVA,-18.39499,-40.16721,601,-1,0
2024,1114,56812,39,1163,CEMEI CASINHA FELIZ,VILA VERDE,-18.4148,-40.21956,962,-1,0
2024,1115,56812,39,1171,CRECHE ALCYONE FONSECA BRASIL OLIVEIRA,JUNDIÁ,-18.41862,-40.21576,197,-1,0
2024,1116,56812,39,1201,EMUEF LAPINHA - VILA FERNANDES,VILA FERNANDES,-18.44232,-40.13991,145,-1,0
2024,1117,56839,17,1015,EPSG PROFA. FILOMENA QUITIBA,CENTRO,-20.83774,-40.72653,2327,-1,0
2024,1118,56839,17,1040,JARDIM DE INFÂNCIA NOSSA SENHORA DA CONCEIÇÃO,CENTRO,-20.84033,-40.72508,189,-1,0
2024,1119,56839,17,1058,EM LACERDA DE AGUIAR,CENTRO,-20.83872,-40.72826,3793,-1,0
2024,1120,56839,17,1066,EEPE SÃO JOÃO DE IBITIBA,SÃO JOÃO DE IBITIBA,-20.87434,-40.82124,197,-1,0
2024,1121,56839,17,1074,CRECHE VOVÓ GENOVEVA,MONTE AGHA I,-20.85064,-40.74924,1896,-1,0
2024,1122,56839,17,1082,EEEF MANOEL DOS SANTOS PEDROZA,NITERÓI,-20.83273,-40.72429,2124,-1,0
2024,1123,56839,17,1090,EEPE NOVA ESPERANÇA,NOVA ESPERANÇA,-20.81022,-40.73833,796,-1,0
2024,1124,56839,17,1104,EM PORTINHO,PORTINHO,-20.83612,-40.71421,913,-1,0
2024,1125,56839,17,1112,IFES- INSTITUTO FEDERAL DO ESPÍRITO SANTO,PRAIA DOCE,-20.83989,-40.72415,2101,-1,0
2024,1126,56839,17,1120,EEEF CÉU AZUL,CÉU AZUL,-20.82782,-40.71973,1190,-1,0
2024,1127,56839,17,1163,EMEI PROF. CELIA MARIA HEHR NUNES,MONTE AGHA I,-20.84637,-40.74924,1224,-1,0
2024,1128,56839,17,1171,ACAFI - ASSSOCIAÇÃO COMUNITÁRIA E DE AGRICULTORES FAMILIARES DE ITINGA,ITINGA,-20.83009,-40.80554,85,-1,0
2024,1129,56839,17,1180,POSTO DE SAÚDE MARIA DA PENHA BAIHENSE LEITE,MONTE AGHA II,-20.86015,-40.76003,200,-1,0
2024,1130,56855,43,1015,ESCOLA ESTADUAL DE ENSINO FUNDAMENTAL E MÉDIO DE PRESIDENTE KENNEDY,CENTRO,-21.1019,-41.04505,4526,-1,0
2024,1131,56855,43,1082,ESCOLA DE ENSINO FUNDAMENTAL SÃO SALVADOR,SÃO SALVADOR,-21.17983,-40.98708,676,-1,0
2024,1132,56855,43,1104,ESCOLA PLURIDOCENTE DE ENSINO SÃO PAULO,SÃO PAULO,-21.0338,-41.07415,760,-1,0
2024,1133,56855,43,1139,ESCOLA PLURIDOCENTE DE ENSINO SANTA LÚCIA,SANTA LÚCIA,-20.99955,-41.08561,583,-1,0
2024,1134,56855,43,1147,ESCOLA DE 1º GRAU BERY BARRETO DE ARAÚJO,JAQUEIRA,-21.20196,-40.98782,1899,-1,0
2024,1135,56855,43,1163,ESCOLA PLURIDOCENTE DE ENSINO MINEIRINHO,MINEIRINHO,-21.17351,-41.06036,664,-1,0
2024,1136,56855,43,1171,ESCOLA UNIDOCENTE DE ENSINO GROMOGOL,GROMOGOL,-21.09069,-41.19032,216,-1,0
2024,1137,56855,43,1180,ESCOLA UNIDOCENTE DE ENSINO SANTA FÉ,BELA VISTA,-21.22235,-41.15024,216,-1,0
2024,1138,56855,43,1201,CENTRO DE EDUCAÇÃO INFANTIL BEM-ME-QUER,BOA ESPERANÇA,-21.14722,-40.98422,752,-1,0
2024,1139,56855,43,1210,ESCOLA UNIDOCENTE DE ENSINO ÁGUA PRETA,ÁGUA PRETA,-21.0409,-41.11501,203,-1,0
2024,1140,56855,43,1228,SALÃO COMUNITÁRIO HONÓRIO COSTALONGA,MONTE BELO,-21.11548,-41.09037,170,-1,0
2024,1141,56855,43,1236,ESCOLA UNIDOCENTE DE ENSINO GALOS,CANCELAS,-21.10214,-41.12388,254,-1,0
2024,1142,56855,43,1244,ESCOLA UNIDOCENTE BOM JARDIM,BOM JARDIM,-21.10207,-41.20201,205,-1,0
2024,1143,56855,43,1252,ESCOLA PLURIDOCENTE DE ENSINO SANTO EDUARDO,SANTO EDUARDO,-21.1799,-40.98686,700,-1,0
2024,1144,56855,43,1287,CENTRO MUNICIPAL DE EDUCAÇÃO INFANTIL LIANA QUINTA,PRAIA DE MAROBÁ,-21.18901,-40.93283,1466,-1,0
2024,1145,56871,35,1023,EEEFM WALDEMIRO HEMERLY,CENTRO,-20.86387,-40.93237,1848,-1,0
2024,1146,56871,35,1031,EPG BODART JUNIOR,CENTRO,-20.86409,-40.93244,1002,-1,0
2024,1147,56871,35,1040,ESCOLA ESPECIAL PESTALOZZI,CENTRO,-20.86496,-40.93468,319,-1,0
2024,1148,56871,35,1074,JARDIM DE INFÂNCIA JOAQUINA NOGUEIRA,CENTRO,-20.86515,-40.93156,700,-1,0
2024,1149,56871,35,1082,QUADRA CAPIM ANGOLA,CAPIM ANGOLA,-20.83863,-40.8695,451,-1,0
2024,1150,56871,35,1090,EU CACHOEIRINHA,CACHOEIRINHA,-20.81245,-40.98317,351,-1,0
2024,1151,56871,35,1104,EU MUNDO NOVO,MUNDO NOVO,-20.78932,-40.92185,416,-1,0
2024,1152,56871,35,1112,EU PRINCESA,PRINCESA,-20.69867,-40.92939,270,-1,0
2024,1153,56871,35,1120,EP SÃO VICENTE,SÃO VICENTE,-20.82168,-40.93725,446,-1,0
2024,1154,56871,35,1147,SALAO PAROQUIAL,CENTRO,-20.86276,-40.93624,1031,-1,0
2024,1155,56871,35,1155,EEEFM VIRGÍNIA NOVA,VIRGÍNIA NOVA,-20.75349,-40.96833,308,-1,0
2024,1156,56871,35,1171,EP QUARTEIRÃO,QUARTEIRÃO DE SANTANA,-20.86171,-40.94845,658,-1,0
2024,1157,56871,35,1180,EP ITATAÍBA,ITATAÍBA,-20.85626,-40.84257,387,-1,0
2024,1158,56871,35,1201,EPM VITAL LUCAS,SÃO JOSÉ,-20.86813,-40.94274,736,-1,0
2024,1159,56898,9,1015,EEEFM ALICE HOLZMEISTER,CENTRO,-20.10169,-40.52876,1977,-1,0
2024,1160,56898,9,1023,EPM JACOB SCHAEFFER,RIO BONITO,-20.03793,-40.61881,180,-1,0
2024,1161,56898,9,1058,POSTO MÉDICO DE MANGARAÍ,DISTRITO DE MANGARAÍ,-20.17841,-40.50347,495,-1,0
2024,1162,56898,9,1066,IGREJA SÃO PEDRO COMUNIDADE DE REGÊNCIA,DISTRITO DE MANGARAÍ,-20.20126,-40.48125,324,-1,0
2024,1163,56898,9,1104,EMEF ILMA NASCIMENTO DIAS,CENTRO,-20.09936,-40.52776,1678,-1,0
2024,1164,56898,9,1120,EP RIO DAS FARINHAS,RIO DAS FARINHAS,-20.15036,-40.62742,403,-1,0
2024,1165,56898,9,1171,CENTRO COMUNITÁRIO DA IGREJA LUTERANA - HOLANDINHA,HOLANDINHA,-20.2211,-40.56423,217,-1,0
2024,1166,56898,9,1201,EMUF RIO DO NORTE,SANTO ANTÔNIO,-20.04211,-40.58952,227,-1,0
2024,1167,56898,9,1210,EP DJALMA GAEDE,CARAMURU DE BAIXO,-20.09064,-40.65013,401,-1,0
2024,1168,56898,9,1228,JANETTA KLEMZ JACOB,CARAMURU,-20.12776,-40.67909,540,-1,0
2024,1169,56898,9,1236,EU DE TRÊS PONTES,TRÊS PONTES,-20.20383,-40.4209,209,-1,0
2024,1170,56898,9,1244,ESF TIROL,TIROL,-20.19809,-40.59473,535,-1,0
2024,1171,56898,9,1252,CENTRO COMUNITÁRIO DE MEIA LÉGUA,MEIA LÉGUA,-20.24052,-40.54874,320,-1,0
2024,1172,56898,9,1260,EPM DE LUXEMBURGO,LUXEMBURGO,-20.13313,-40.59048,289,-1,0
2024,1173,56898,9,1287,EPG BARRA DE MANGARAÍ,BARRA DE MANGARAÍ,-20.1349,-40.43911,512,-1,0
2024,1174,56898,9,1295,EUM DE BRAGANÇA,BRAGANÇA,-20.14295,-40.56635,71,-1,0
2024,1175,56898,9,1309,EUM BOQUEIRÃO DO THOMAS,BOQUEIRÃO DO THOMAS,-20.26425,-40.57944,164,-1,0
2024,1176,56898,9,1317,CENTRO COMUNITÁRIO DO RIO DO MEIO,RIO DO MEIO,-20.20136,-40.51642,295,-1,0
2024,1177,56898,9,1325,CRECHE SÃO JUDAS TADEU,RETIRO,-20.15663,-40.45823,233,-1,0
2024,1178,56898,9,1333,EP DE CÓRREGO DAS PEDRAS,RIO DAS PEDRAS,-20.17844,-40.67304,258,-1,0
2024,1179,56898,9,1384,CMEI - APA - JARDIM DE INFÂNCIA - SANTA LEOPOLDINA,CENTRO,-20.10151,-40.52756,987,-1,0
2024,1180,56910,11,1015,EEEFM JOSÉ PINTO COELHO,VILA NOVA,-19.93994,-40.60967,2352,-1,0
2024,1181,56910,11,1023,EMEI PESSANHA PÓVOA,CENTRO,-19.93459,-40.60103,2820,-1,0
2024,1182,56910,11,1031,ESCOLA SANTA CATARINA,CENTRO,-19.93519,-40.6011,2980,-1,0
2024,1183,56910,11,1066,EEEFM FREDERICO PRETTI,SÃO JOÃO DE PETRÓPOLIS,-19.81256,-40.6774,999,-1,0
2024,1184,56910,11,1082,EMEIEF VISCONDE DE INHAÚMA,S. ANTÔNIO DO CANAÃ,-19.82578,-40.65462,1944,-1,0
2024,1185,56910,11,1090,EMEIEF PROFESSOR HAUSLER,25 DE JULHO,-19.77794,-40.60876,555,-1,0
2024,1186,56910,11,1104,EMEIEF SEBASTIÃO JOSÉ PIVETTA,VÁRZEA ALEGRE,-19.89565,-40.76267,2111,-1,0
2024,1187,56910,11,1120,EMEIEF PAULINO ROCON,ALTO CALDEIRÃO,-19.95435,-40.74232,1049,-1,0
2024,1188,56910,11,1180,ESFA - ESCOLA SUPERIOR SÃO FRANCISCO DE ASSIS,DOIS PINHEIROS,-19.93784,-40.59147,3730,-1,0
2024,1189,56910,11,1198,EMEF ETHEVALDO DAMÁZIO,JARDIM DA MONTANHA,-19.94223,-40.58168,574,-1,0
2024,1190,56910,11,1201,EMEI EMILINHA,VILA NOVA,-19.93972,-40.60793,1367,-1,0
2024,1191,56936,37,1015,CÂMARA MUNICIPAL DE VEREADORES,CENTRO,-19.02128,-40.53393,688,416,0
2024,1192,56936,37,1031,EMEF PROFESSORA ANNA CAVATTI COLOMBI,BOA VISTA,-19.00662,-40.53967,1412,413,0
2024,1193,56936,37,1040,EEEF PROF. CARLOS DIAS MIRANDA CUNHA,POPULARES,-19.01525,-40.54065,2221,426,0
2024,1194,56936,37,1058,CEEMTI GOVERNADOR GERSON CAMATA - ESCOLA VIVA,SÃO VICENTE,-19.01192,-40.53508,2514,424,0
2024,1195,56936,37,1066,EEEF PROFA. MARIA CELESTE TOREZANI STORCH,SANTA CECÍLIA,-19.02031,-40.53808,1293,428,0
2024,1196,56936,37,1074,EMEF IRMA ADELAIDE BERTOCH,SANTA CECÍLIA,-19.02177,-40.53559,2426,428,0
2024,1197,56936,37,1082,PEM CHAPEUZINHO VERMELHO,CENTRO,-19.01788,-40.53602,1804,415,0
2024,1198,56936,37,1090,EEEFM ILDA FERREIRA DA FONSECA MARTINS,BOA VISTA,-19.01008,-40.53965,3852,420,0
2024,1199,56936,37,1112,CMEI DONA NECA,JOÃO COLOMBI,-19.03071,-40.5349,84,423,0
2024,1200,56936,37,1163,EEEFM VERA CRUZ,VILA FARTURA,-18.903,-40.4473,1858,-1,0
2024,1201,56936,37,1180,EPM PATRIMÔNIO SÃO ROQUE DA TERRA ROXA,SÃO ROQUE DA TERRA ROXA,-18.91367,-40.50786,502,-1,0
2024,1202,56936,37,1210,EMEF BERTOLO MALACARNE,CACHOEIRA DA ONÇA,-19.04109,-40.54166,1305,414,0
2024,1203,56936,37,1228,EMUEF LADIR DA PENHA - SÃO JOSÉ,SÃO JOSÉ,-19.03938,-40.61591,503,-1,0
2024,1204,56936,37,1236,EMUEF SÃO SEBASTIÃO DA BARRA SECA,SÃO SEBASTIÃO DA BARRA SECA,-18.91046,-40.58423,531,-1,0
2024,1205,56936,37,1244,EMEIEF JOÃO GABRIEL,SANTA TEREZINHA,-19.03329,-40.54142,803,431,0
2024,1206,56936,37,1260,EMEIC FRANCISCO JOSÉ MATTEDI,VILA FARTURA,-18.89576,-40.48165,340,-1,0
2024,1207,56936,37,1279,CMEI MERCEDES GOMES DE OLIVEIRA,SÃO SEBASTIÃO,-18.99116,-40.53059,638,418,1
2024,1208,56936,37,1317,CMEI LUCIANA GLAZAR PINAFFO - CRIANÇA ESPERANÇA - SANTA HELENA,JARDIM PASSAMANI,-18.9997,-40.53405,1368,418,0
2024,1209,56936,37,1325,CENTRO COMUNITÁRIO DA IG. CATÓLICA DO PAT. DE S. ROQUE DA TERRA ROXA,SÃO ROQUE DA TERRA ROXA,-18.91298,-40.50775,284,-1,0
2024,1210,56936,37,1333,CMEI VOVÓ ZEFA,BOA VISTA,-19.00888,-40.53969,1498,413,0
2024,1211,56936,37,1368,EFAB MEPES,SEDE,-19.00908,-40.47672,411,-1,0
2024,1212,56952,44,1015,EPSG MERCÊS GARCIA VIEIRA,CENTRO,-21.02494,-41.65653,3478,-1,0
2024,1213,56952,44,1058,EPG DE ALTO CALÇADO,DISTRITO DE ALTO CALÇADO,-20.94666,-41.6219,1154,-1,0
2024,1214,56952,44,1066,EPG DE AIRITUBA,DISTRITO DE AIRITUBA,-20.9456,-41.68755,782,-1,0
2024,1215,56952,44,1074,EPG PATRIMÔNIO DO DIVINO,DISTRITO PATRIMÔNIO DO DIVINO,-21.00436,-41.60784,419,-1,0
2024,1216,56952,44,1082,EMEF MANOEL FRANCO,CENTRO,-21.02695,-41.65305,2624,-1,0
2024,1217,56952,44,1090,CMEI MARIETA CASTRO,CENTRO,-21.02483,-41.65562,1092,-1,0
2024,1218,56979,21,1023,EEEFM CECILIANO ABEL DE ALMEIDA,CENTRO,-18.71573,-39.85655,3739,-1,0
2024,1219,56979,21,1031,EMEF PROF. JOÃO PINTO BANDEIRA,SERNAMBY,-18.72254,-39.85123,4976,-1,0
2024,1220,56979,21,1040,EEEFM PIO XII,CENTRO,-18.71531,-39.85086,3905,-1,0
2024,1221,56979,21,1058,APAE - ASSOCIAÇÃO DE PAIS E AMIGOS DOS EXCEPCIONAIS DE SÃO MATEUS,CENTRO,-18.71529,-39.85232,785,-1,0
2024,1222,56979,21,1066,EEEFM MARITA MOTTA SANTOS (POLIVALENTE),BOA VISTA,-18.71791,-39.85938,3274,-1,0
2024,1223,56979,21,1074,COLÉGIO CONHECER,BOA VISTA,-18.71893,-39.86086,2535,-1,0
2024,1224,56979,21,1104,EMEF LILAZINA GOMES DE SOUZA,POSTO ESSO,-18.71389,-39.87759,1745,-1,0
2024,1225,56979,21,1112,EEEF EMÍLIO ROBERTO ZANOTTI,BOA VISTA,-18.71799,-39.85918,937,-1,0
2024,1226,56979,21,1120,EMEF DR. ARNÓBIO ALVES DE HOLANDA,FORNO VELHO 2 (COHAB 2),-18.7307,-39.84163,3231,-1,0
2024,1227,56979,21,1139,EPEFM ALTERNATIVA LAGO DO CISNE,LAGO DOS CISNES,-18.7208,-39.84305,3321,-1,0
2024,1228,56979,21,1228,EMEF Mª FRANCISCA NUNES COUTINHO (NATIVO BARRA NOVA),NATIVO DE BARRA NOVA,-18.90755,-39.77839,1189,-1,0
2024,1229,56979,21,1252,EMEF DE GURIRI,GURIRI,-18.74306,-39.75003,3354,-1,0
2024,1230,56979,21,1260,CEIM DE AREINHA,AREINHA,-18.72734,-39.81516,1520,-1,0
2024,1231,56979,21,1422,EMP ENEDINO MONTEIRO,BARRA NOVA,-18.95635,-39.74245,302,-1,0
2024,1232,56979,21,1430,EMEF MARIA DA CUNHA FUNDÃO,SEAC,-18.74688,-39.85765,2619,-1,0
2024,1233,56979,21,1457,EMEF MARIA APARECIDA DOS SANTOS SILVA FILADELFO,MORADA DO RIBEIRÃO,-18.73217,-39.85465,2328,-1,0
2024,1234,56979,21,1481,UNIVC - COLÉGIO NACIONAL,UNIVERSITÁRIO,-18.72286,-39.84512,2572,-1,0
2024,1235,56979,21,1511,EMEF CRICARÉ,BEIRA RIO,-18.7127,-39.86864,1194,-1,0
2024,1236,56979,21,1562,IGREJA SANTA LUZIA DO RIO PRETO - COMUNIDADE SANTA LUZIA DO RIO PRETO,RIO PRETO ( SANTA LUZIA ),-18.80227,-39.96059,157,-1,0
2024,1237,56979,21,1570,EMEF OURO NEGRO,GURIRI,-18.74525,-39.75023,3430,-1,0
2024,1238,56979,21,1597,EM SAPUCAIA 2 (PALMITINHO-SANTA LUZIA),COMUNIDADE SANTA LUZIA,-18.97312,-39.87978,151,-1,0
2024,1239,56979,21,1619,EPM ALICE MOREIRA MACHADO,BARRA NOVA,-18.94789,-39.74416,206,-1,0
2024,1240,56979,21,1643,EEEM WALLACE CASTELO DUTRA,GURIRI,-18.73203,-39.75755,3828,-1,0
2024,1241,56979,21,1651,CDPSM - CENTRO DE DETENÇÃO PROVISÓRIA DE SÃO MATEUS,FAZENDA RANCHO DAS TELHAS,-18.7736,-39.8695,0,-1,0
2024,1242,56979,21,1678,CEIM GIRASSOL,SANTA LEOCÁDIA,-18.7179,-40.09113,705,-1,0
2024,1243,56979,21,1686,EM DE PAULISTA,PAULISTA,-18.85545,-39.93216,922,-1,0
2024,1244,56979,21,1694,EMEF BONSUCESSO,BONSUCESSO 2,-18.72398,-39.89037,2292,-1,0
2024,1245,56979,21,1708,CEIM PAULO FREIRE,VILA VERDE,-18.7242,-39.87161,873,-1,0
2024,1246,56979,21,1716,EMEF MARIZETE V. DO NASCIMENTO (ARUEIRA),ARUEIRA,-18.7165,-39.89608,1705,-1,0
2024,1247,56979,21,1724,ESCOLA MUNICIPAL MILITINO CARRAFA,KM 13,-18.70247,-39.96689,345,-1,0
2024,1248,56979,21,1732,EMEF MERCEDES DE AGUIAR (ITAUNINHAS),ITAUNINHAS,-18.48892,-40.09056,499,-1,0
2024,1249,56979,21,1740,EEEF NESTOR GOMES,NESTOR GOMES ( KM 41 ),-18.7298,-40.22244,2731,-1,0
2024,1250,56979,21,1759,ESCOLA FAMÍLIA AGRÍCOLA DO KM 41,NESTOR GOMES ( KM 41 ),-18.72969,-40.22308,991,-1,0
2024,1251,56979,21,1767,EMEF SANTA TEREZINHA (PONTE),SANTA TEREZA,-18.70934,-39.87888,1419,-1,0
2024,1252,56979,21,1775,EPM CÓRREGO SECO,CÓRREGO SECO,-18.73064,-40.21185,272,-1,0
2024,1253,56979,21,1783,EM SÃO PIO X,CÓRREGO DA PALMEIRA,-18.72439,-40.26687,239,-1,0
2024,1254,56979,21,1791,EEEFM AMÉRICO SILVARES,VILA NOVA,-18.72094,-39.8728,3870,-1,0
2024,1255,56979,21,1805,EMEF VEREADOR LAURINDO SAMARITANO (CRUZAMENTO),LITORÂNEO,-18.68175,-39.86361,2160,-1,0
2024,1256,56979,21,1813,ANEDINA ALMEIDA SANTOS,NOVA LIMA,-18.50745,-40.01728,1362,-1,0
2024,1257,56979,21,1821,CAIC - CENTRO DE ATENDIMENTO INTEGRAL A CRIANÇA,BONSUCESSO 1,-18.72017,-39.88268,5686,-1,0
2024,1258,56979,21,1830,EMEIEF ZUMBI DOS PALMARES,ASSENTAMENTO ZUMBI DOS PALMARES,-18.73259,-40.36584,222,-1,0
2024,1259,56979,21,1848,EPM NOVA VISTA,NOVA VISTA 1,-18.61006,-40.08364,470,-1,0
2024,1260,56979,21,1856,EMEF KM 35 - NOVA AYMORÉS,NOVA AYMORÉS ( KM 35 ),-18.7163,-40.16065,1771,-1,0
2024,1261,56979,21,1864,EEEFM SANTO ANTÔNIO,SANTO ANTÔNIO,-18.71639,-39.87999,5210,-1,0
2024,1262,56979,21,1872,COMUNIDADE NOVA VERONA - IGREJA NOSSA SENHORA DA PENHA,NOVA VERONA,-18.72796,-40.37416,233,-1,0
2024,1263,56979,21,1880,EMEF CÓRREGO DO MILANEZ,KM 28,-18.71793,-40.10567,2280,-1,0
2024,1264,56979,21,1899,GRUPO ESCOLAR DE SANTA MARIA,SANTA MARIA,-18.58127,-40.14125,1874,-1,0
2024,1265,56979,21,1910,UAPS URUSSUQUARA,BALNEÁRIO DE URUSSUQUARA,-19.09164,-39.72374,148,-1,0
2024,1266,56979,21,1929,EMEF HERINEA LIMA OLIVEIRA,GURIRI,-18.73044,-39.76613,1802,-1,0
2024,1267,56979,21,1945,EMEF VALÉRIO COSER,AREINHA,-18.73463,-39.81829,204,-1,0
2024,1268,56979,21,1953,EPM CAMPO GRANDE DE BAIXO,CAMPO GRANDE,-18.99304,-39.73795,130,-1,0
2024,1269,56995,26,1015,EEEFM SERRA SEDE,CENTRO,-20.1262,-40.30726,3955,540,0
2024,1270,56995,26,1023,EMEF SERRANA,SÃO JUDAS TADEU,-20.12624,-40.31319,2946,552,0
2024,1271,56995,26,1031,E.E.E.F.M.  CLÓVIS BORGES MIGUEL (SANTO ANTÔNIO),CENTRO,-20.13073,-40.30838,4137,539,0
2024,1272,56995,26,1040,E.E.E.F.M. GETÚLIO PIMENTEL LOUREIRO,SÃO DOMINGOS,-20.11932,-40.3014,3390,532,1
2024,1273,56995,26,1058,EMEF DE JARDIM BELA VISTA,JARDIM BELA VISTA,-20.1176,-40.31101,4063,483,0
2024,1274,56995,26,1066,EMEF PROFESSORA ALBA LÍLIA CASTELLO MIGUEL,VISTA DA SERRA I,-20.13887,-40.30194,5262,563,0
2024,1275,56995,26,1082,EMEF SÃO MARCOS,SÃO MARCOS II,-20.12464,-40.31957,2974,554,0
2024,1276,56995,26,1090,EMEF DE CASCATA,CASCATA,-20.13701,-40.31605,2718,453,0
2024,1277,56995,26,1104,EMEF DJANIRA MARIA DE ARAÚJO,NOSSA SENHORA DA CONCEIÇÃO,-20.12176,-40.31581,1701,503,0
2024,1278,56995,26,1112,EEEF PROFESSORA ADELVANI AZEVEDO,CAMPINHO DA SERRA II,-20.14608,-40.29329,2200,450,0
2024,1279,56995,26,1120,EMEF JONAS FARIAS,NOVA CARAPINA I,-20.15607,-40.273,6855,505,0
2024,1280,56995,26,1139,EMEF GOVERNADOR CARLOS LINDEMBERG,BARRO BRANCO,-20.16297,-40.27068,4739,514,0
2024,1281,56995,26,1147,EEEF MESTRE ÁLVARO,ELDOURADO,-20.1475,-40.26415,6426,474,0
2024,1282,56995,26,1155,EMEF MINISTRO PETRÔNIO PORTELA,MATA DA SERRA,-20.15855,-40.2474,3079,501,0
2024,1283,56995,26,1163,EEEFM HILDA MIRANDA NASCIMENTO,PORTO CANOA,-20.15215,-40.2511,4560,525,0
2024,1284,56995,26,1201,EEEF SIZENANDO PECHINCHA,BARCELONA,-20.17124,-40.25815,4497,441,0
2024,1285,56995,26,1511,EMEF DE PUTIRI,PUTIRI,-20.05063,-40.30535,226,-1,0
2024,1286,56995,26,1520,EMEF DE BELVEDERE,BELVEDERE,-20.09691,-40.34036,1138,443,0
2024,1287,56995,26,1694,EMEF DIVINÓPOLIS PASTOR OLIVEIRA DE ARAUJO,DIVINÓPOLIS,-20.11007,-40.32617,1914,473,0
2024,1288,56995,26,1708,EEEF JUDITH CASTELLO LEÃO,PITANGA,-20.17024,-40.28015,1526,519,0
2024,1289,56995,26,1775,EEEFM  PROFESSOR  JOÃO ANTUNES DAS DORES,PLANALTO SERRANO BLOCO A,-20.13474,-40.28706,4518,521,0
2024,1290,56995,26,1783,EMEF HERBERT DE SOUZA,SÃO MARCOS II,-20.12175,-40.31953,2532,489,0
2024,1291,56995,26,1791,EMEF PAULO FREIRE,VISTA DA SERRA II,-20.14129,-40.29676,3286,450,0
2024,1292,56995,26,1813,EEEF NOVA CARAPINA II,NOVA CARAPINA II,-20.15346,-40.26615,4285,506,0
2024,1293,56995,26,1848,EMEF JOÃO CALMON,PLANALTO SERRANO BLOCO B,-20.12465,-40.27932,4042,521,0
2024,1294,56995,26,1899,EMEF ISMÊNIO VIDIGAL,PLANALTO SERRANO BLOCO A,-20.13361,-40.28823,3570,521,0
2024,1295,56995,26,1902,EMEF CIDADE POMAR,CIDADE POMAR,-20.14625,-40.27129,3081,462,0
2024,1296,56995,26,1910,EEEF MARINGÁ,MARINGÁ,-20.16572,-40.25274,1542,500,0
2024,1297,56995,26,1929,EMEF SANTIAGO DA SERRA,SANTIAGO DA SERRA,-20.01927,-40.40183,244,538,0
2024,1298,56995,26,1945,EMEF IOLANDA SCHINEIDER RANGEL DA SILVA,PORTO CANOA,-20.15646,-40.25277,2663,525,0
2024,1299,56995,26,1953,EEEF CAMPINHO,CAMPINHO DA SERRA I,-20.14057,-40.28738,770,449,0
2024,1300,56995,26,1961,EMEF CHAPADA GRANDE,CHAPADA GRANDE,-20.04575,-40.38661,454,461,0
2024,1301,56995,26,1970,CDPS - CENTRO DE DETENÇÃO PROVISÓRIA DE SERRA,QUEIMADOS,-20.17125,-40.35158,0,-1,0
2024,1302,56995,26,1996,EMEF ALDARY NUNES,CENTRO,-20.12793,-40.306,2782,540,0
2024,1303,56995,26,2003,EMEF ABRAHÃO GOMES DE ARAUJO,BARCELONA,-20.17274,-40.24465,6476,441,0
2024,1304,56995,53,1023,EEF MANOEL CARLOS DE MIRANDA,JOSÉ DE ANCHIETA,-20.1932,-40.27079,6657,490,0
2024,1305,56995,53,1031,EMEF OLIVINA SIQUEIRA,JARDIM TROPICAL,-20.20672,-40.27411,3501,488,0
2024,1306,56995,53,1040,EEEF JÔNES JOSÉ DO NASCIMENTO,CENTRAL CARAPINA,-20.21713,-40.27558,5620,456,0
2024,1307,56995,53,1058,CRECHE PENÉLOPE,JARDIM LIMOEIRO,-20.21787,-40.26559,3873,486,0
2024,1308,56995,53,1066,EEF SÃO DIOGO,SÃO DIOGO II,-20.21832,-40.25787,3284,547,0
2024,1309,56995,53,1074,EEEF MARIA MAGDALENA PISA,SÃO GERALDO,-20.22494,-40.2653,1406,550,0
2024,1310,56995,53,1082,EEEFM DOM JOÃO BATISTA DA MOTTA E ALBUQUERQUE,ANDRÉ CARLONI,-20.22734,-40.28065,3701,436,0
2024,1311,56995,53,1090,EMEF LACY ZULEICA NUNES,CARAPINA,-20.21917,-40.2809,3796,452,0
2024,1312,56995,53,1104,EEEFM ARLINDO FERREIRA LOPES,BOA VISTA,-20.2344,-40.27932,2576,445,0
2024,1313,56995,53,1112,EEEFM RÔMULO CASTELLO,CARAPINA,-20.23119,-40.27304,5071,535,0
2024,1314,56995,53,1120,EEEFM CLOTILDE RATO,DE FÁTIMA,-20.24727,-40.26443,4673,439,0
2024,1315,56995,53,1139,EEEFM BELMIRO TEIXEIRA PIMENTA,EURICO SALLES,-20.23762,-40.27632,2194,477,0
2024,1316,56995,53,1147,EEEFM ARISTÓBULO BARBOSA LEÃO,JARDIM LIMOEIRO,-20.20914,-40.26269,6668,536,0
2024,1317,56995,53,1155,EEF AURENÍRIA CORREIA PIMENTEL,NOVO HORIZONTE,-20.21878,-40.2493,4352,508,0
2024,1318,56995,53,1228,EMEF DR. HÉLIO FERRAZ,HÉLIO FERRAZ,-20.24129,-40.26956,3475,480,0
2024,1319,56995,53,1244,EEEF LARANJEIRAS,LARANJEIRAS VELHA,-20.1845,-40.26944,2936,495,0
2024,1320,56995,53,1252,EEEFM MARIA PENEDO,VALPARAÍSO,-20.19858,-40.26129,6304,561,0
2024,1321,56995,53,1260,EEEF IRACEMA CONCEIÇÃO SILVA,CHÁCARA PARREIRAL,-20.20561,-40.24918,4520,459,0
2024,1322,56995,53,1287,EEEFM SÍLVIO EGITO SOBRINHO,JOSÉ DE ANCHIETA,-20.19731,-40.27821,5024,545,0
2024,1323,56995,53,1295,EMEF AMÉRICO GUIMARÃES COSTA,CARAPINA GRANDE,-20.22792,-40.27705,3931,452,0
2024,1324,56995,53,1317,EMEF PADRE GABRIEL,JARDIM CARAPINA,-20.23204,-40.28467,3903,484,0
2024,1325,56995,53,1325,CAEE DR. PEDRO FEU ROSA - APAE,PARQUE RESIDENCIAL LARANJEIRAS,-20.19665,-40.25727,4466,513,1
2024,1326,56995,53,1333,EMEF PROFESSOR LUÍZ BATISTA,JARDIM TROPICAL,-20.2057,-40.27311,4969,488,0
2024,1327,56995,53,1341,EMEF ELPÍDIA COIMBRA,ANDRÉ CARLONI,-20.22691,-40.28365,1828,436,0
2024,1328,56995,53,1368,EMEF NOVO HORIZONTE,NOVO HORIZONTE,-20.22007,-40.24773,6544,508,0
2024,1329,56995,53,1392,EEF JOÃO PAULO II,JARDIM CARAPINA,-20.23444,-40.28863,5416,484,0
2024,1330,56995,53,1406,CENTRO EDUCACIONAL INFANTIL OLINDINA LEÃO NUNES,TAQUARA I,-20.18251,-40.26245,3032,558,0
2024,1331,56995,53,1414,EEEF MANOEL LOPES,TAQUARA II,-20.17933,-40.2586,2859,559,0
2024,1332,56995,53,1473,EMEF ALTAIR SIQUEIRA COSTA,JARDIM LIMOEIRO,-20.2183,-40.26569,1697,486,0
2024,1333,56995,53,1481,CMEI JARBAS SILVA FILHO,COLINA DE LARANJEIRAS,-20.18871,-40.26028,3397,466,0
2024,1334,56995,53,1490,EMEF DOM JOSE MAURO PEREIRA BASTOS,MORADA DE LARANJEIRAS,-20.19183,-40.22888,3086,502,0
2024,1335,56995,53,1503,EEEFM MARIA JOSÉ ZOUAIN MIRANDA,VALPARAÍSO,-20.20498,-40.26387,2046,536,0
2024,1336,56995,53,1511,CMEI LUCIANO DE SOUZA RANGEL,PARQUE RESIDENCIAL LARANJEIRAS,-20.19665,-40.25727,1939,513,0
2024,1337,56995,53,1520,CMEI PROFª. ANGELINA VASCONCELLOS MACHADO,SÃO DIOGO II,-20.21848,-40.25664,233,547,0
2024,1338,56995,53,1538,CMEI BEM-ME-QUER,HÉLIO FERRAZ,-20.24087,-40.26801,324,480,0
2024,1339,56995,53,1554,EMEF ESPAÇO ALTERNATIVO JARDIM CARAPINA,BOA VISTA II,-20.23697,-40.28139,392,445,0
2024,1340,56995,53,1562,EMEF MANOEL VIEIRA LESSA,JOSÉ DE ANCHIETA II,-20.20097,-40.27742,281,451,0
2024,1341,56995,53,1570,EEEFM ANTÔNIO LUÍZ VALIATI,JARDIM TROPICAL,-20.20082,-40.27428,481,488,0
2024,1342,56995,53,1589,EMEF ANTÔNIO VIEIRA DE REZENDE,CENTRAL CARAPINA,-20.21799,-40.27325,219,456,0
2024,1343,56995,53,1597,CMEI DEBORA DE MORAES CAITANO - DONA NINA,LARANJEIRAS VELHA,-20.18342,-40.26971,290,495,0
2024,1344,56995,59,1015,EMEF BICANGA,BICANGA,-20.21183,-40.20179,1211,444,0
2024,1345,56995,59,1023,EEF TANCREDO DE ALMEIDA NEVES,CAMARÁ,-20.20465,-40.22204,829,448,0
2024,1346,56995,59,1031,EEEF CARAPEBUS,CARAPEBUS,-20.23141,-40.21638,2550,529,0
2024,1347,56995,59,1040,EEEFM PROFESSORA MARIA OLINDA DE OLIVEIRA MENESES,CIDADE CONTINENTAL ÁSIA,-20.22067,-40.2276,4958,460,0
2024,1348,56995,59,1058,EEEFM ZUMBI DOS PALMARES,CIDADE CONTINENTAL OCEANIA,-20.21337,-40.21871,4291,460,0
2024,1349,56995,59,1066,EEEFM ANTÔNIO ENGRÁCIO DA SILVA,FEU ROSA,-20.17254,-40.21329,4824,478,0
2024,1350,56995,59,1074,EMEF FEU ROSA,FEU ROSA,-20.17365,-40.20193,8220,478,0
2024,1351,56995,59,1082,EEEFM FRANCISCO NASCIMENTO (CASTELÂNDIA),JACARAÍPE,-20.15883,-40.18697,3700,454,0
2024,1352,56995,59,1090,EEEF GERMANO ANDRÉ LUBE (BAIRRO DAS LARANJEIRAS),JACARAÍPE,-20.12635,-40.18714,4658,438,0
2024,1353,56995,59,1104,EMEF PROF. MARIA ISTELA MODENESI,JACARAÍPE,-20.12991,-40.18998,5359,438,0
2024,1354,56995,59,1112,EMEF DOM HELDER PESSOA CÂMARA (SÃO PATRICIO),JACARAÍPE,-20.15019,-40.19256,6560,512,0
2024,1355,56995,59,1120,EMEF LEONEL DE MOURA BRIZOLA,JACARAÍPE,-20.13252,-40.19334,4864,438,0
2024,1356,56995,59,1139,CMEI VOVÓ RITINHA,MANGUINHOS,-20.19816,-40.19394,1119,496,0
2024,1357,56995,59,1147,EEEF PREFEITO JOSÉ MARIA MIGUEL FEU ROSA,MANGUINHOS,-20.19386,-40.19298,1859,496,0
2024,1358,56995,59,1155,EMEF JULITE MIRANDA FREITAS (SERRAMAR),NOVA ALMEIDA,-20.05574,-40.20039,3511,544,0
2024,1359,56995,59,1163,EMEF LEONOR MIGUEL FEU ROSA (REIS MAGOS),NOVA ALMEIDA,-20.06128,-40.1914,2901,551,0
2024,1360,56995,59,1171,EMEF PROFESSOR  DARCY RIBEIRO,PARQUE DAS GAIVOTAS,-20.04421,-40.20032,5465,518,0
2024,1361,56995,59,1180,EEEFM FRANCISCA PEIXOTO MIGUEL,SERRA DOURADA II,-20.13731,-40.24817,3377,542,0
2024,1362,56995,59,1198,EEEFM MARINETE DE SOUZA LIRA,FEU ROSA,-20.17521,-40.20809,6822,478,0
2024,1363,56995,59,1201,EMEF IRMÃ DULCE,PARQUE RESIDENCIAL TUBARÃO,-20.15097,-40.24013,2500,516,0
2024,1364,56995,59,1210,EMEF SONIA REGINA GOMES REZENDE FRANCO,SERRA DOURADA I,-20.13609,-40.24515,5332,541,0
2024,1365,56995,59,1228,EEEFM ELICE BATISTA GÁUDIO,SERRA DOURADA II,-20.14116,-40.24505,5591,542,0
2024,1366,56995,59,1236,EEEF ANNA GOMES,SERRA DOURADA III,-20.13612,-40.25308,4104,543,0
2024,1367,56995,59,1244,EMEF VALÉRIA MARIA MIRANDA,VILA NOVA DE COLARES,-20.17599,-40.21715,7298,562,0
2024,1368,56995,59,1252,CMEI SANDRA MARIA NEPOMUCENO DALLABERNARDINA,BALNEÁRIO DE CARAPEBUS,-20.21913,-40.20631,2259,440,0
2024,1369,56995,59,1279,EMEF NEUSA MARIA PEYNEAU,JARDIM ATLÂNTICO,-20.14142,-40.189,3785,482,0
2024,1370,56995,59,1287,COLÉGIO REDE ALTERNATIVO UNIDADE JACARAÍPE,CASTELÂNDIA,-20.16025,-40.18654,3006,454,0
2024,1371,56995,59,1295,EMEF VALERIANA ROSA CEZAR,NOVA ALMEIDA,-20.0568,-40.19839,1842,531,0
2024,1372,56995,59,1309,EMEF MARIA ANSELMO,ALTEROSAS,-20.1852,-40.23217,630,435,0
2024,1373,56995,59,1317,EEEF FRANCISCO ALVES MENDES,CIDADE CONTINENTAL ÁSIA,-20.22221,-40.22495,1780,460,0
2024,1374,56995,59,1325,EMEF ABEL BEZERRA,FEU ROSA,-20.17539,-40.20693,1781,478,0
2024,1375,56995,59,1333,CMEI PROFESSORA VERA LUCIA LORENÇON BARCELOS,BAIRRO DAS LARANJEIRAS,-20.12602,-40.18712,2778,438,0
2024,1376,56995,59,1341,COLÉGIO LINUS PAULING,PARQUE JACARAÍPE,-20.1492,-40.19234,603,512,0
2024,1377,56995,59,1350,EEEFM JACARAÍPE,JARDIM ATLÂNTICO,-20.13884,-40.19165,2089,482,0
2024,1378,56995,59,1368,EEEFM VILA NOVA DE COLARES,VILA NOVA DE COLARES,-20.17819,-40.21218,553,562,0
2024,1379,57010,47,1015,EMEF PADRE ANTUNES SIQUEIRA,VIANA SEDE,-20.39549,-40.49904,1471,573,1
2024,1380,57010,47,1023,UNIDADE DE SAÚDE BAIRRO RIBEIRA,RIBEIRA,-20.37752,-40.45745,626,580,0
2024,1381,57010,47,1031,EMEF DORIVAL BRANDÃO,BOM PASTOR,-20.39068,-40.47089,2257,569,0
2024,1382,57010,47,1058,CMEI PROFESSORA BILUCA,CENTRO,-20.38977,-40.4957,1053,573,0
2024,1383,57010,47,1074,EEEF NELSON VIEIRA PIMENTEL,VIANA SEDE,-20.39151,-40.49655,2932,573,0
2024,1384,57010,47,1082,EMEF ADAMASTOR FURTADO,UNIVERSAL,-20.36037,-40.4465,3191,581,0
2024,1385,57010,47,1090,EMEF FRANCISCO DE ASSIS PEREIRA,CANAÃ,-20.35971,-40.43742,2069,571,0
2024,1386,57010,47,1104,EMEF DR. ARCÍLIO TONONI,PRIMAVERA,-20.35456,-40.42773,1610,579,0
2024,1387,57010,47,1112,EMEF CONSTANTINO JOSÉ VIEIRA,MARCÍLIO DE NORONHA,-20.34815,-40.42428,2933,575,0
2024,1388,57010,47,1120,EMEF DR. DENIZART SANTOS,INDUSTRIAL,-20.34455,-40.42028,1547,575,0
2024,1389,57010,47,1139,EEEFM MARIA DE NOVAES PINHEIRO,VILA BETHÂNIA,-20.36159,-40.40469,2282,582,0
2024,1390,57010,47,1147,EMEF ULISSES DOS SANTOS FILHO,MORADA DE BETHÂNIA,-20.38568,-40.4049,1114,576,0
2024,1391,57010,47,1155,EMEF TANCREDO DE ALMEIDA NEVES,NOVA BETHÂNIA,-20.36859,-40.42059,4451,577,0
2024,1392,57010,47,1163,EMEF EUZÉLIA LYRIO,AREINHA,-20.3723,-40.43064,870,566,0
2024,1393,57010,47,1171,EMEF JOÃO PAULO SOBRINHO,AREINHA,-20.36715,-40.42262,1757,572,0
2024,1394,57010,47,1180,EMEF DE ARAÇATIBA,ARAÇATIBA,-20.46172,-40.48805,858,565,0
2024,1395,57010,47,1198,EMEF ORESTES SOUTO NOVAES,JUCU,-20.42191,-40.46124,2084,574,0
2024,1396,57010,47,1210,CMEI ADÉLIA DE OLIVEIRA SILVA,AREINHA,-20.36891,-40.42607,791,572,0
2024,1397,57010,47,1228,CMEI LOURDES MARIA CARVALHO CAPDEVILLE,UNIVERSAL,-20.35934,-40.44751,1053,581,0
2024,1398,57010,47,1236,EMEF ALVIMAR SILVA,IPANEMA,-20.36102,-40.45409,1824,581,0
2024,1399,57010,47,1260,EMUEF AILA PAIVA LUBE,SÃO PAULO DE VIANA,-20.3117,-40.54599,257,-1,0
2024,1400,57010,47,1279,CMEI MARIA DE LOURDES COUTINHO PASSOS - MATRIZ,VILA BETHÂNIA,-20.36286,-40.40507,1398,582,0
2024,1401,57010,47,1287,CMEI MANOEL EVÊNCIO DE OLIVEIRA,NOVA BETHÂNIA,-20.37144,-40.41762,1343,577,0
2024,1402,57010,47,1309,EMPEF NALY FREITAS DO SACRAMENTO,FORMATE,-20.35269,-40.51323,386,-1,0
2024,1403,57010,47,1325,EMEF WASHINGTON MARTINS FILHO,MARCÍLIO DE NORONHA,-20.34163,-40.43201,718,575,0
2024,1404,57010,47,1333,EMEF MARCÍLIO DE NORONHA,MARCÍLIO DE NORONHA,-20.34563,-40.42808,1707,575,1
2024,1405,57010,47,1341,CMEI CALYPIO SIQUEIRA ROCHA,MARCÍLIO DE NORONHA,-20.34539,-40.42758,649,575,1
2024,1406,57010,47,1350,EMEF SOTECO,SOTECO,-20.36321,-40.425,1170,572,0
2024,1407,57010,47,1368,EMEF GISLENE SILVA QUEIROZ,CAXIAS DO SUL,-20.36389,-40.4212,715,572,0
2024,1408,57010,47,1376,EEEM IRMÃ DULCE LOPES PONTES,MARCÍLIO DE NORONHA,-20.34746,-40.42454,3969,575,0
2024,1409,57010,47,1406,EMPEF LUIZ LUBE,PIAPITANGÜI,-20.34618,-40.48174,276,580,1
2024,1410,57010,47,1430,CMEI JOANA BATISTA CHAGAS,VALE DO SOL,-20.37717,-40.42677,722,566,0
2024,1411,57010,47,1473,CMEI MARIA ANTÔNIA DE SOUZA BRAVIM,CANAÃ,-20.35826,-40.43895,1445,571,0
2024,1412,57010,47,1481,EEEFM EWERTON MONTENEGRO GUIMARÃES,ARLINDO VILLASCHI,-20.3668,-40.41776,345,567,0
2024,1413,57010,47,1490,EMEF PROF. DIVANETA LESSSA MORAES (CAÍQUE),CAMPO VERDE,-20.37294,-40.40942,295,570,0
2024,1414,57010,47,1503,CMEI MARIA DE LOURDES COUTINHO PASSOS - ANEXO,VILA BETHÂNIA,-20.36276,-40.40806,2121,582,0
2024,1415,57037,32,1066,CEEFMTI ASSISOLINA ASSIS ANDRADE,ARIBIRI,-20.33944,-40.32333,6458,587,0
2024,1416,57037,32,1074,UMEF OFÉLIA ESCOBAR,ARIBIRI,-20.34044,-40.32062,3177,587,0
2024,1417,57037,32,1082,UMEF ANA BERNARDES ROCHA,ARGOLAS,-20.32752,-40.34406,2292,586,0
2024,1418,57037,32,1090,UMEF PROFESSOR LUIZ MALIZECK,DIVINO ESPÍRITO SANTO,-20.34536,-40.29216,1537,606,0
2024,1419,57037,32,1236,CENTRO CASTRO ALVES DE ENSINO,ITAPOÃ,-20.34823,-40.28864,5232,618,0
2024,1420,57037,32,1252,UMEF DESEMBARGADOR FERREIRA COELHO,GLÓRIA,-20.33673,-40.3083,3765,609,0
2024,1421,57037,32,1260,UMEF NAYDES BRANDÃO,GLÓRIA,-20.33716,-40.30843,2111,609,0
2024,1422,57037,32,1287,EEEFM LUIZ MANOEL VELLOZO,GLÓRIA,-20.33253,-40.31315,3819,609,0
2024,1423,57037,32,1333,UMEF ANTÔNIA MALBAR,ILHA DAS FLORES,-20.33546,-40.33237,2136,613,0
2024,1424,57037,32,1341,UMEI BASÍLIO COSTALONGA,PAUL,-20.33306,-40.34168,1177,639,0
2024,1425,57037,32,1376,UMEFTI  PROF. ELSON JOSÉ DE SOUZA,JABURUNA,-20.33273,-40.30213,2762,620,0
2024,1426,57037,32,1392,COLÉGIO UP,ITAPOÃ,-20.34803,-40.29404,6885,606,0
2024,1427,57037,32,1430,UMEF GRACIANO NEVES,PAUL,-20.32923,-40.33703,3020,639,0
2024,1428,57037,32,1457,COLÉGIO AMERICANO BATISTA,PRAIA DA COSTA,-20.32993,-40.27496,7829,644,0
2024,1429,57037,32,1473,COMUNIDADE NOSSA SENHORA PERPÉTUO SOCORRO,PRAIA DA COSTA,-20.33544,-40.28407,2040,644,0
2024,1430,57037,32,1597,COLÉGIO SÃO JOSÉ,CENTRO,-20.33396,-40.29279,6284,596,0
2024,1431,57037,32,1600,EEEM GODOFREDO SCHNEIDER,PRAINHA,-20.32978,-40.29274,873,596,0
2024,1432,57037,32,1619,CONTEC,CENTRO,-20.33722,-40.29366,2688,596,0
2024,1433,57037,32,1627,COLÉGIO MARISTA,CENTRO,-20.33623,-40.29097,8274,596,0
2024,1434,57037,32,1660,UMEF PROFESSOR THELMO TORRES,ITAPOÃ,-20.34718,-40.28961,3480,618,0
2024,1435,57037,32,1694,EEEFM ADOLFINA ZAMPROGNO,VILA GARRIDO,-20.33758,-40.33701,5864,668,0
2024,1436,57037,32,1708,UMEF ANTÔNIO BEZERRA DE FARIAS,VILA GARRIDO,-20.34043,-40.3401,3371,668,0
2024,1437,57037,32,1848,EEEM DR. FRANCISCO FREITAS LIMA,ILHA DAS FLORES,-20.33284,-40.3343,2110,613,0
2024,1438,57037,32,1864,UMEF MÁRIO CASA NOVA,ILHA DA CONCEIÇÃO,-20.34127,-40.33039,1821,612,0
2024,1439,57037,32,2020,UMEFTI MACIONÍLIA MAURÍCIO BUENO,ILHA DAS FLORES,-20.33162,-40.33496,475,613,0
2024,1440,57037,32,2046,COLÉGIO MESSINA,PRAIA DA COSTA,-20.33429,-40.28336,2065,644,0
2024,1441,57037,32,2054,EEEFM AGENOR DE SOUZA LÉ,DIVINO ESPÍRITO SANTO,-20.34616,-40.29883,3235,606,0
2024,1442,57037,32,2062,UMEF IRMÃ FELICIANA GARCIA,ILHA DOS AIRES,-20.33951,-40.30113,1785,614,0
2024,1443,57037,32,2070,COLÉGIO CEIC,ITAPOÃ,-20.34962,-40.29278,3520,618,0
2024,1444,57037,32,2089,COLÉGIO PIO XII,ITAPOÃ,-20.3472,-40.29134,4070,618,0
2024,1445,57037,32,2097,NEP NÚCLEO EDUCACIONAL PRAIA DA COSTA,PRAIA DA COSTA,-20.33321,-40.28562,3874,644,0
2024,1446,57037,32,2119,IGREJA BATISTA DA GLÓRIA,GLÓRIA,-20.33695,-40.30559,643,609,0
2024,1447,57037,32,2127,CENTRO EDUCACIONAL PRAIA DA COSTA,PRAIA DA COSTA,-20.33817,-40.28264,2846,644,0
2024,1448,57037,32,2135,UMEITI CASULO VOVÔ,PRAIA DA COSTA,-20.32687,-40.2736,755,644,0
2024,1449,57037,32,2143,UMEI MARIA DA GLÓRIA RAUTA,DOM JOÃO BATISTA,-20.33754,-40.3191,535,607,0
2024,1450,57037,55,1015,EPG MARINA BARCELLOS SILVEIRA,ARAÇÁS,-20.38284,-40.32908,5104,585,0
2024,1451,57037,55,1023,UMEF - DR TUFFY NADER,BARRA DO JUCU,-20.42122,-40.32844,4066,590,0
2024,1452,57037,55,1040,UNIVERSIDADE VILA VELHA,BOA VISTA II,-20.35561,-40.29842,8471,593,0
2024,1453,57037,55,1120,EPG ZALUAR DIAS,GUARANHUNS,-20.37804,-40.32134,2853,610,0
2024,1454,57037,55,1155,UMEF SENADOR JOÃO DE MEDEIROS CALMON,PRAIA DAS GAIVOTAS,-20.37545,-40.31368,5356,645,0
2024,1455,57037,55,1163,NEP - NUCLEO EDUCACIONAL PIAGET,COQUEIRAL DE ITAPARICA,-20.37276,-40.30874,4217,646,0
2024,1456,57037,55,1171,UMEF RICARDINA STAMATO DA FONSECA,JARDIM COLORADO,-20.36202,-40.31718,2832,622,0
2024,1457,57037,55,1201,EPSG CATHARINA CHEQUER,NOVO MÉXICO,-20.36876,-40.31994,4721,637,0
2024,1458,57037,55,1244,UMEF ANTÔNIO DE BARCELOS,SANTA MÔNICA,-20.35933,-40.31013,1648,656,0
2024,1459,57037,55,1287,EPG TERRA VERMELHA,TERRA VERMELHA,-20.44429,-40.34495,4425,664,1
2024,1460,57037,55,1317,UMEF EZEQUIEL LEAL,VALE ENCANTADO,-20.37381,-40.35022,3286,666,0
2024,1461,57037,55,1325,EEEFM MAURA ABAURRE,VILA NOVA,-20.3658,-40.31362,2485,670,0
2024,1462,57037,55,1341,EEEFM JUDITH DA SILVA GOES COUTINHO,PONTA DA FRUTA,-20.51715,-40.36134,2427,636,0
2024,1463,57037,55,1350,EEEFM FRANCELINA CARNEIRO SETÚBAL,COQUEIRAL DE ITAPARICA,-20.37258,-40.30768,4770,646,0
2024,1464,57037,55,1430,CENTRO EDUCACIONAL OCEANO ATLÂNTICO,PRAIA DE ITAPARICA,-20.37872,-40.31033,1775,646,0
2024,1465,57037,55,1449,UMEF ILHA DA JUSSARA,ULISSES GUIMARÃES,-20.44149,-40.33933,5291,665,0
2024,1466,57037,55,1457,UMEF - PROF.  DARCY RIBEIRO,MORADA DA BARRA,-20.43162,-40.36322,3789,629,0
2024,1467,57037,55,1490,UMEF REVERENDO WALDOMIRO,XURI,-20.47706,-40.43194,520,-1,0
2024,1468,57037,55,1503,ESCOLA SEB VILA VELHA,COQUEIRAL DE ITAPARICA,-20.36387,-40.30477,10026,603,0
2024,1469,57037,55,1520,UMEF MARIA LUIZA DOS SANTOS VELLOZO,GUARANHUNS,-20.38167,-40.32095,2444,610,0
2024,1470,57037,55,1538,EEEFM MARCÍLIO DIAS,BARRA DO JUCU,-20.42483,-40.32673,2119,590,0
2024,1471,57037,55,1554,UMEF JOFFRE FRAGA,VALE ENCANTADO,-20.37163,-40.35414,5762,650,0
2024,1472,57037,55,1562,UMEF ALGER RIBEIRO BOSSOIS,CIDADE DA BARRA,-20.4353,-40.338,4225,598,0
2024,1473,57037,55,1775,UMEI - SARAH VICTALINO GUEIROS,BARRAMARES,-20.43701,-40.34715,3460,591,0
2024,1474,57037,55,1783,UMEI TIA NINA,ILHA DOS BENTOS,-20.36842,-40.31483,2995,615,0
2024,1475,57037,55,1813,COMUNIDADE SANTA TEREZA D'AVILA,DARLY SANTOS,-20.38839,-40.33567,723,605,0
2024,1476,57037,55,1821,UMEF RAYMUNDA DE MENDONÇA,SANTA MÔNICA,-20.36228,-40.30729,3900,655,0
2024,1477,57037,55,1848,UMEF NAIR DIAS BARBOSA,PONTA DA FRUTA,-20.51715,-40.36134,2095,636,1
2024,1478,57037,55,1856,EEEM MÁRIO GURGEL,JABAETÉ,-20.44429,-40.35499,4246,619,0
2024,1479,57037,55,1864,UMEF GOVERNADOR CHRISTIANO DIAS LOPES FILHO,SÃO CONRADO,-20.43486,-40.33205,2651,662,0
2024,1480,57037,55,1872,UMEF PROFESSOR AYLTON DE ALMEIDA,TERRA VERMELHA,-20.44429,-40.34495,2471,664,0
2024,1481,57037,55,1880,FACULDADE NOVO MILÊNIO,COQUEIRAL DE ITAPARICA,-20.35915,-40.29836,7310,603,0
2024,1482,57037,55,1899,EEM PROFESSOR AGENOR RORIZ,COQUEIRAL DE ITAPARICA,-20.37178,-40.30806,4257,646,0
2024,1483,57037,55,1902,UMEF EDSON TAVARES DE SOUZA,VILA NOVA,-20.36739,-40.31504,1747,615,0
2024,1484,57037,55,1910,UMEF ALY DA SILVA,BALNEÁRIO PONTA DA FRUTA,-20.51091,-40.37471,2883,589,0
2024,1485,57037,55,1937,CDPVV - CENTRO DE DETENÇÃO PROVISÓRIA DE VILA VELHA,XURI,-20.47706,-40.43194,0,-1,1
2024,1486,57037,55,1970,ACADEMIA MSPORTS,SANTA PAULA I,-20.41731,-40.33299,1459,657,0
2024,1487,57037,55,1988,ESCOLA DEPUTADO PAULO SÉRGIO BORGES,MORADA DA BARRA,-20.43734,-40.35997,1091,629,0
2024,1488,57037,55,1996,IASES - UNIDADE DE INTERNAÇÃO UNIMETRO,XURI,-20.47706,-40.43194,0,-1,1
2024,1489,57037,55,2003,ESCOLA FUNDAÇÃO BRADESCO,ARAÇÁS,-20.39081,-40.32258,1305,627,0
2024,1490,57037,55,2011,UMEF PREFEITO VASCO ALVES,JABAETÉ,-20.44391,-40.35398,3867,619,0
2024,1491,57037,55,2020,EEEFM PROF. GERALDO COSTA ALVES,BOA VISTA I,-20.35428,-40.30351,236,592,0
2024,1492,57037,55,2038,UMEI VEREADOR ARNALDO BORGO,PRAIA DAS GAIVOTAS,-20.37954,-40.31682,112,645,0
2024,1493,57037,55,2046,UMEF DEOLINDO PERIM,ULISSES GUIMARÃES,-20.44049,-40.33947,175,665,0
2024,1494,57037,55,2054,UMEI MARIA EMELINA MASCARENHAS BARCELLOS,BARRA DO JUCU,-20.42786,-40.32312,46,590,0
2024,1495,57037,55,2062,UMEF DIJAYRO GONÇALVES LIMA,BARRAMARES,-20.43719,-40.34749,182,591,0
2024,1496,57037,55,2070,IGREJA BATISTA DE PONTAL DAS GARÇAS,PONTAL DAS GARÇAS,-20.39278,-40.33482,60,643,0
2024,1497,57037,55,2089,ESTÂNCIA GILEADE,XURI,-20.47706,-40.43194,60,-1,1
2024,1498,57037,57,1015,UMEF ANTÔNIO PINTO RODRIGUES,ATAÍDE,-20.33885,-40.32476,2345,595,0
2024,1499,57037,57,1023,UMEFTI REVERENDO ANTÔNIO DA SILVA COSMO - ESCOLA PARQUE,BRISAMAR,-20.35929,-40.31504,1856,594,0
2024,1500,57037,57,1031,UMEFTI DOUTOR TANCREDO DE ALMEIDA NEVES,COBI DE CIMA,-20.33712,-40.35201,786,599,0
2024,1501,57037,57,1040,EEEM ORMANDA GONÇALVES,COBILÂNDIA,-20.3468,-40.3548,2319,634,0
2024,1502,57037,57,1058,UMEF PEDRO HERKENHOF,COBILÂNDIA,-20.35162,-40.35291,1176,601,0
2024,1503,57037,57,1066,CAT- ARLETHE ZORZANELLI BUAIZ-SESI COBILÂNDIA,COBILÂNDIA,-20.35575,-40.35211,2855,601,0
2024,1504,57037,57,1074,UMEF IZALTINA ALMEIDA FERNANDES,JARDIM MARILÂNDIA,-20.35695,-40.3489,3270,625,0
2024,1505,57037,57,1082,UMEF DANTE MICHELINI,PLANALTO,-20.35218,-40.33984,1877,641,0
2024,1506,57037,57,1090,UMEF MARIA ELEONORA D'AZEVEDO PEREIRA,RIO MARINHO,-20.36601,-40.36182,4447,650,0
2024,1507,57037,57,1104,UMEF PROFESSOR JORGE ANÍZIO BORJAILLE,SANTA RITA,-20.34924,-40.33628,825,659,0
2024,1508,57037,57,1112,CEEFTI GALDINO ANTÔNIO VIEIRA,SANTA RITA,-20.34751,-40.33025,3453,659,0
2024,1509,57037,57,1120,UMEF LEONEL DE MOURA BRIZOLA,SANTA RITA,-20.34462,-40.33017,4212,659,0
2024,1510,57037,57,1139,UMEI SANTA RITA DE CÁSSIA,SANTA RITA,-20.3489,-40.33481,1364,673,0
2024,1511,57037,57,1155,UMEF JOSÉ ELIAS DE QUEIROZ,COBI DE BAIXO,-20.33978,-40.35388,1023,599,0
2024,1512,57037,57,1163,UMEF PAULO MARES GUIA,COBILÂNDIA,-20.35817,-40.35414,2997,601,0
2024,1513,57037,57,1171,EEEFM FLORENTINO AVIDOS,IBES,-20.3531,-40.31703,2978,611,0
2024,1514,57037,57,1180,UMEF PROFESSORA LEOPOLDINA CONCEIÇÃO DE MATTOS SILVA (FACEV),IBES,-20.35248,-40.31755,3711,611,0
2024,1515,57037,57,1198,UMEI SULTANY NADER VALLADARES,PRIMEIRO DE MAIO,-20.34474,-40.33536,1362,648,0
2024,1516,57037,57,1201,UMEF JUIZ JAIRO DE MATTOS PEREIRA,SÃO TORQUATO,-20.33413,-40.35107,2777,663,0
2024,1517,57037,57,1210,UMEF GUILHERME SANTOS,SANTA INÊS,-20.3505,-40.31197,3173,611,0
2024,1518,57037,57,1228,UMEI COMECINHO DE VIDA,SANTA INÊS,-20.3508,-40.3116,2527,623,0
2024,1519,57037,57,1236,UMEF DIRETORA ZDMEA CAMARGO DAMASCENO,SANTOS DUMONT,-20.35931,-40.32022,2789,660,0
2024,1520,57037,57,1244,UMEF DESEMBARGADOR CÂNDIDO MARINHO,SOTECO,-20.34867,-40.30719,1291,661,0
2024,1521,57037,57,1252,UMEFTI PROF. RUBENS JOSÉ VERVLOET GOMES,SOTECO,-20.35213,-40.30639,3414,661,0
2024,1522,57037,57,1279,ESCOLA SÃO CAMILO DE LELLIS,ALVORADA,-20.34617,-40.34859,4443,584,0
2024,1523,57037,57,1287,UMEF GIOVANE CAVALIERI,ATAÍDE,-20.3435,-40.32617,475,588,0
2024,1524,57037,57,1295,UMEF JOSÉ SIQUEIRA SANTA CLARA,ATAÍDE,-20.34492,-40.32047,2127,588,0
2024,1525,57037,57,1309,UMEI PEDRO PANDOLFI,RIO MARINHO,-20.36482,-40.35651,1947,650,0
2024,1526,57037,57,1317,UMEI ROSA HELENA FROTA TRISTAO,IBES,-20.3512,-40.31572,2875,611,0
2024,1527,57037,57,1325,UMEFTI ULISSES ALVARES,ATAÍDE,-20.34519,-40.32561,2616,588,0
2024,1528,57037,57,1333,UMEI JULIERME DA CRUZ DIAS (SR DEZINHO) - PEDACINHO DO CÉU,ALECRIM,-20.3454,-40.34159,2576,583,0
2024,1529,57037,57,1341,CEEFMTI PASTOR OLIVEIRA DE ARAUJO- ESCOLA VIVA,COBILÂNDIA,-20.35429,-40.35078,3378,601,0
2024,1530,57037,57,1350,IFES - INSTITUTO FEDERAL DO ESPÍRITO SANTO-CAMPUS VILA VELHA,SOTECO,-20.34832,-40.30872,5803,654,0
2024,1531,57037,57,1376,UMEI MILTON TRANCOSO DE AGUIAR,ATAÍDE,-20.34882,-40.33039,645,659,0
2024,1532,57037,57,1384,UMEI PROFESSORA JURANDYR MATTOS GRIFFO,SOTECO,-20.34641,-40.30615,1606,661,0
2024,1533,57037,57,1392,UMEF GIL BERNARDES,ALVORADA,-20.34825,-40.34554,3245,584,0
2024,1534,57037,57,1406,UMEI JUVACY FRECHIANI,SÃO TORQUATO,-20.3359,-40.35083,1914,663,0
2024,1535,57053,1,1015,CENTRO EDUCACIONAL AGOSTINIANO,PARQUE MOSCOSO,-20.31933,-40.34059,3182,684,0
2024,1536,57053,1,1023,CEEJA - CENTRO ESTADUAL DE EDUCAÇÃO DE JOVENS E ADULTOS,CENTRO,-20.31818,-40.3355,1825,684,0
2024,1537,57053,1,1066,FAMES - FACULDADE DE MÚSICA DO ESPÍRITO SANTO,CENTRO,-20.32004,-40.32883,1179,684,0
2024,1538,57053,1,1090,EEEFM MARIA ORTIZ,CENTRO,-20.32119,-40.34012,1830,684,0
2024,1539,57053,1,1104,EMEF SÃO VICENTE DE PAULO,CENTRO,-20.31844,-40.33767,1681,684,0
2024,1540,57053,1,1112,MINISTERIO DA GESTÃO E DA INOVAÇÃO EM SERVIÇOS PÚBLICOS(MIN. ECONOMIA),CENTRO,-20.32048,-40.33316,1366,684,0
2024,1541,57053,1,1147,CMEI ERNESTINA PESSOA,CENTRO,-20.31736,-40.34165,1447,752,0
2024,1542,57053,1,1163,ESCOLA DA CIÊNCIA E FÍSICA,PARQUE MOSCOSO,-20.31858,-40.34248,585,720,0
2024,1543,57053,1,1180,COLÉGIO SALESIANO N. SRª DA VITÓRIA,FORTE SÃO JOÃO,-20.31653,-40.32338,3172,692,0
2024,1544,57053,1,1201,CMEI  TEREZINHA VASCONCELLOS SALVADOR,ROMÃO,-20.3136,-40.32178,1805,728,0
2024,1545,57053,1,1210,IFES - INSTITUTO FEDERAL DO ESPÍRITO SANTO,JUCUTUQUARA,-20.3111,-40.31858,4728,710,0
2024,1546,57053,1,1228,EMEF JOSÉ ÁUREO MONJARDIM,FRADINHOS,-20.30723,-40.32671,1231,693,0
2024,1547,57053,1,1244,EMEF PADRE ANCHIETA,ILHA DE SANTA MARIA,-20.31535,-40.31908,2115,699,0
2024,1548,57053,1,1732,EMEF CASTELO BRANCO,ILHA DO PRÍNCIPE,-20.32214,-40.34757,1233,702,0
2024,1549,57053,1,1740,EMEF MOACYR AVIDOS,ILHA DO PRÍNCIPE,-20.32136,-40.34792,1290,702,0
2024,1550,57053,1,1759,EMEF MAURO BRAGA,SANTA TEREZA,-20.31449,-40.35085,2841,735,0
2024,1551,57053,1,1783,EMEF ALBERTO DE ALMEIDA,SANTO ANTÔNIO,-20.30939,-40.35379,4579,737,0
2024,1552,57053,1,1791,EMEF ALVIMAR SILVA,MARIO CYPRESTE,-20.31234,-40.35757,5841,716,0
2024,1553,57053,1,1805,EEEFM MAJOR ALFREDO PEDRO RABAYOLLI,MARIO CYPRESTE,-20.31543,-40.35811,2967,716,0
2024,1554,57053,1,1856,EMEF PROFª.  MARIA STELLA DE NOVAES,GRANDE VITÓRIA,-20.28862,-40.3454,3897,695,0
2024,1555,57053,1,1864,EMEF FRANCISCO LACERDA DE AGUIAR,SÃO PEDRO I,-20.2805,-40.33555,3420,745,0
2024,1556,57053,1,1872,EMEF NEUSA NUNES GONÇALVES,NOVA PALESTINA,-20.27165,-40.32547,5695,718,0
2024,1557,57053,1,1880,SALA ANEXA DA IGREJA SÃO PEDRO,VILA RUBIM,-20.31887,-40.3499,824,748,0
2024,1558,57053,1,1929,EMEF LENIR BORLOT,SÃO PEDRO I,-20.28105,-40.33536,1541,745,0
2024,1559,57053,1,1945,EMEF ELIANE RODRIGUES DOS SANTOS,ILHA DAS CAIEIRAS,-20.27727,-40.33402,3246,698,0
2024,1560,57053,1,1970,CMEI ODILA SIMÕES,DO QUADRO,-20.31642,-40.34987,2287,753,0
2024,1561,57053,1,1996,EMEF TANCREDO DE ALMEIDA NEVES,SÃO PEDRO III,-20.28108,-40.33171,4983,744,0
2024,1562,57053,1,2011,"EMEF ADILSON DA SILVA CASTRO (ANTES, FAESA)",MONTE BELO,-20.31198,-40.31294,1080,714,0
2024,1563,57053,1,2119,EMEF RITA DE CÁSSIA OLIVEIRA,RESISTÊNCIA,-20.27813,-40.31764,3045,727,0
2024,1564,57053,1,2208,CMEI  SINCLAIR PHILLIPS,CARATOÍRA,-20.31375,-40.35526,1190,683,0
2024,1565,57053,1,2267,EEEFM  AFLORDÍZIO CARVALHO DA SILVA,DA PENHA,-20.29531,-40.31117,3288,749,0
2024,1566,57053,1,2275,EMEF CUSTÓDIA DIAS DE CAMPOS,DE LOURDES,-20.30745,-40.31724,1687,750,0
2024,1567,57053,1,2283,EMEF ZILDA ANDRADE,DA PENHA,-20.29865,-40.31053,2469,749,0
2024,1568,57053,1,2291,EMEF MARIETA ESCOBAR,SANTA MARTHA,-20.29088,-40.30957,3740,734,0
2024,1569,57053,1,2305,CMEI LAURENTINA MENDONÇA CORRÊA,CONSOLAÇÃO,-20.30714,-40.31076,1468,687,0
2024,1570,57053,1,2313,CMEI RUBENS DUARTE DE ALBUQUERQUE,ITARARÉ,-20.30054,-40.30514,1563,704,0
2024,1571,57053,1,2321,EMEF PROFº VERCENÍLIO DA SILVA PASCOAL,JOANA D'ARC,-20.28384,-40.31301,2116,709,0
2024,1572,57053,1,2330,CENTRO DE CIÊNCIAS DA SAÚDE - UFES,MARUÍPE,-20.29822,-40.31646,2653,682,0
2024,1573,57053,1,2348,EMEF SUZETE CUENDET,MARUÍPE,-20.29959,-40.32158,3764,712,0
2024,1574,57053,1,2356,EMEF OCTACÍLIO LOMBA,MARUÍPE,-20.29504,-40.31595,2278,743,0
2024,1575,57053,1,2364,EMEF ORLANDINA D' ALMEIDA LUCAS,SÃO CRISTOVÃO,-20.28974,-40.31463,2932,743,0
2024,1576,57053,1,2380,CMEI DR. PEDRO FEU ROSA,bonfim,-20.30025,-40.31331,1286,682,0
2024,1577,57053,1,2399,EMEF PREZIDEU AMORIM,bonfim,-20.3007,-40.31403,2585,682,0
2024,1578,57053,1,2402,EMEF OTTO EWALD JÚNIOR,ITARARÉ,-20.29903,-40.30642,1781,704,0
2024,1579,57053,1,2410,EMEF CECILIANO ABEL DE ALMEIDA - CAIC,ITARARÉ,-20.29418,-40.30727,3809,704,0
2024,1580,57053,1,2429,INSTITUTO JOÃO XXIII,CONSOLAÇÃO,-20.30733,-40.31074,2984,687,0
2024,1581,57053,1,2437,EMEF PROFª EUNICE PEREIRA DA SILVEIRA,TABUAZEIRO,-20.30034,-40.32349,4200,746,0
2024,1582,57053,1,2445,EMEF HELOISA ABREU JUDICE DE MATTOS,INHANGUETÁ,-20.30268,-40.34637,4144,679,0
2024,1583,57053,1,2461,EEEFM ELZA LEMOS ANDREATTA,ILHA DAS CAIEIRAS,-20.27722,-40.33542,1139,698,0
2024,1584,57053,1,2470,EMEF MARIA JOSÉ COSTA MORAES,SÃO PEDRO III,-20.28466,-40.3321,789,744,0
2024,1585,57053,1,2488,CMEI ANISIO SPINOLA TEIXEIRA,RESISTÊNCIA,-20.27165,-40.31861,502,727,0
2024,1586,57053,1,2496,CMEI SILVANETE DA SILVA ROSA ROCHA,GRANDE VITÓRIA,-20.28693,-40.33601,1588,695,0
2024,1587,57053,1,2500,CMEI PROFESSORA SOPHIA MUSENGNY LOUREIRO,DA PENHA,-20.29674,-40.3119,1096,749,0
2024,1588,57053,52,1015,SECRETARIA ESTADUAL DE EDUCAÇÃO - SEDU,SANTA LÚCIA,-20.31078,-40.30089,2439,733,0
2024,1589,57053,52,1023,CENTRO EDUCACIONAL LEONARDO DA VINCI,SANTA LÚCIA,-20.3081,-40.30171,2702,733,0
2024,1590,57053,52,1031,ESCOLA DE EDUCAÇÃO PROF. FERNANDO DUARTE RABELO,PRAIA DE SANTA HELENA,-20.31043,-40.29436,2969,731,0
2024,1591,57053,52,1058,COLÉGIO SAGRADO CORAÇÃO DE MARIA,PRAIA DO CANTO,-20.29577,-40.28848,1569,723,0
2024,1592,57053,52,1066,EMESCAM - ESCOLA DE MEDICINA STA. CASA MISERICÓRDIA,SANTA LUÍZA,-20.2928,-40.30132,2748,732,0
2024,1593,57053,52,1074,EPG IRMÃ MARIA HORTA,PRAIA DO CANTO,-20.29804,-40.29398,3368,723,0
2024,1594,57053,52,1082,EMEF - MARIA LEONOR PEREIRA DA SILVA,PRAIA DO CANTO,-20.3099,-40.29664,3041,733,0
2024,1595,57053,52,1252,UP - ESCOLA DE ENSINO MÉDIO E PRÉ UNIVERSITÁRIO,PRAIA DO CANTO,-20.30263,-40.29605,3211,723,0
2024,1596,57053,52,1295,CLUBE ÍTALO BRASILEIRO,ILHA DO BOI,-20.3107,-40.27791,1089,700,0
2024,1597,57053,52,1368,FDV - FACULDADE DE DIREITO DE VITÓRIA,SANTA LÚCIA,-20.294,-40.30371,4311,733,0
2024,1598,57053,52,1449,EEEFM - ARISTÓBULO BARBOSA LEÃO,BENTO FERREIRA,-20.31034,-40.30768,2267,680,0
2024,1599,57053,52,1473,SENAC - SERVIÇO NACIONAL DE APRENDIZAGEM COMERCIAL,BENTO FERREIRA,-20.31817,-40.30826,2305,680,0
2024,1600,57053,52,1651,EMEF - ISAURA MARQUES DA SILVA,ANDORINHAS,-20.28618,-40.30617,2701,675,0
2024,1601,57053,52,1716,ESCOLA DA ILHA NOVO MUNDO,PRAIA DO CANTO,-20.29333,-40.29379,1957,723,0
2024,1602,57053,52,1724,EMEF MARIA MADALENA DE OLIVEIRA DOMINGUES,JARDIM CAMBURI,-20.26193,-40.27021,1357,706,0
2024,1603,57053,52,1732,CMEI MARLENE ORLANDE SIMONETTI,REPÚBLICA,-20.27117,-40.29395,1524,726,0
2024,1604,57053,52,1740,EMEF MAL. MASCARENHAS DE MORAES,MARIA ORTIZ,-20.26043,-40.29902,3156,711,0
2024,1605,57053,52,1759,CENTRO EDUCACIONAL CHARLES DARWIN,MATA DA PRAIA,-20.27786,-40.30026,5462,713,0
2024,1606,57053,52,1767,CMEI ZENAIDE GENOVEVA MARCARINI CAVALCANTI,JARDIM DA PENHA,-20.28575,-40.29994,2603,707,0
2024,1607,57053,52,1775,EEEM ARNULPHO MATTOS,REPÚBLICA,-20.27121,-40.29366,3094,726,0
2024,1608,57053,52,1783,ESESP - ESCOLA DE SERVIÇO PÚBLICO DO ESPÍRITO SANTO,REPÚBLICA,-20.27192,-40.2945,1113,726,0
2024,1609,57053,52,1791,EEEM PROF. RENATO JOSÉ DA COSTA PACHECO,JARDIM CAMBURI,-20.24662,-40.27168,5500,706,0
2024,1610,57053,52,1805,CAJUN - SOLON BORGES,SOLON BORGES,-20.2611,-40.29585,1031,741,0
2024,1611,57053,52,1813,CMEI - REINALDO RIDOLFI,MARIA ORTIZ,-20.25752,-40.29823,1322,711,0
2024,1612,57053,52,1821,CMEI - DARCY CASTELO DE MENDONÇA,ANTÔNIO HONÓRIO,-20.26022,-40.29794,953,711,0
2024,1613,57053,52,1830,MULTIVIX - VITÓRIA/ES,GOIABEIRAS,-20.2672,-40.30128,2238,694,0
2024,1614,57053,52,1848,COLÉGIO RENOVAÇÃO,JARDIM CAMBURI,-20.25912,-40.26784,3463,706,0
2024,1615,57053,52,1856,FACULDADE ESTÁCIO DE SÁ,JARDIM CAMBURI,-20.24949,-40.27039,5328,706,0
2024,1616,57053,52,1864,CMEI JOÃO PEDRO DE AGUIAR,JARDIM CAMBURI,-20.25698,-40.2683,2247,706,0
2024,1617,57053,52,1872,EMEF ÉBER LOUZADA ZIPPINOTTI,JARDIM DA PENHA,-20.2815,-40.29637,4221,707,0
2024,1618,57053,52,1880,SESI - SERVIÇO SOCIAL DA INDÚSTRIA,JARDIM DA PENHA,-20.2852,-40.29961,4052,707,0
2024,1619,57053,52,1899,EMEF ÁLVARO DE CASTRO MATTOS,JARDIM DA PENHA,-20.28641,-40.29874,4312,707,0
2024,1620,57053,52,1902,EMEF ARTHUR DA COSTA E SILVA,REPÚBLICA,-20.26939,-40.29494,1825,726,0
2024,1621,57053,52,1910,EMEF ALMIRANTE BARROSO,GOIABEIRAS,-20.26694,-40.2996,1252,694,0
2024,1622,57053,52,1929,EMEF JUSCELINO KUBSCHEK DE OLIVEIRA,MARIA ORTIZ,-20.25773,-40.29868,4094,711,0
2024,1623,57053,52,1937,EPG ADÃO BENEZATH,ANTÔNIO HONÓRIO,-20.26338,-40.2983,1946,676,0
2024,1624,57053,52,1945,CMEI ANA MARIA CHAVES COLARES,JARDIM CAMBURI,-20.2612,-40.25982,1632,706,0
2024,1625,57053,52,1953,CLUBE DOS OFICIAIS DA PM,JARDIM DA PENHA,-20.28265,-40.28981,1961,707,0
2024,1626,57053,52,1961,UP - CENTRO EDUCACIONAL UNIÃO DE PROFESSORES - JP,JARDIM DA PENHA,-20.28733,-40.29988,5651,722,0
2024,1627,57053,52,1970,CENTRO DE CONVIVÊNCIA DA 3ª IDADE,MARIA ORTIZ,-20.25788,-40.29854,590,711,0
2024,1628,57053,52,1988,EMEFM  ELZIRA VIVACQUA DOS SANTOS,JARDIM CAMBURI,-20.25691,-40.26745,4599,706,0
2024,1629,57053,52,1996,EMEF ADELVANI SYSESMUNDO F. DE AZEVEDO,JARDIM CAMBURI,-20.25167,-40.26861,5089,706,0
2024,1630,57053,52,2003,ISJB - COLÉGIO SALESIANO JARDIM CAMBURI,JARDIM CAMBURI,-20.25526,-40.26319,5788,706,0
2024,1631,57053,52,2011,COLÉGIO AMÉRICA,MATA DA PRAIA,-20.27839,-40.29608,1319,713,0
2024,1632,57053,52,2020,ESCOLA SÃO DOMINGOS (UNIDADE 2),BENTO FERREIRA,-20.31322,-40.30914,3736,680,0
2024,1633,57053,52,2038,ESCOLA MONTEIRO,ENSEADA DO SUÁ,-20.31717,-40.29045,686,689,0
2024,1634,57053,52,2046,ESCOLA CRESCER PHD,PRAIA DO CANTO,-20.29346,-40.2931,1354,723,0
2024,1635,57053,52,2054,CENTRO EDUCACIONAL PRIMEIRO MUNDO,SANTA LÚCIA,-20.30092,-40.29966,1560,733,0
2024,1636,57053,52,2070,PRÉDIO ANEXO DA PRIMEIRA IGREJA BATISTA DE JARDIM CAMBURI,JARDIM CAMBURI,-20.25664,-40.26669,790,706,0
2024,1637,57053,52,2089,CMEI LIZANDRE IGNÊS CARPANEDO DO CARMO (ANTIGO RUBENS),JARDIM CAMBURI,-20.26419,-40.26344,1343,706,0
2024,1638,57053,52,2097,SENAI - SERVIÇO NACIONAL DE APRENDIZAGEM INDUSTRIAL,BENTO FERREIRA,-20.31808,-40.30723,1736,680,0
2024,1639,57070,46,1015,EMEF MARIA IZABEL FALCHETO,CENTRO,-19.4144,-40.54455,2162,-1,0
2024,1640,57070,46,1023,EMEI INÊS ALTOÉ FRANCO,CENTRO,-19.41445,-40.54451,736,-1,0
2024,1641,57070,46,1031,EEEFM PADRE ANTONIO VOLKERS,CENTRO,-19.41013,-40.5438,5017,-1,0
2024,1642,57070,46,1040,EMEIEF PADRE LUIZ DA GRÃ,PATRÃO-MÓR,-19.47463,-40.4633,510,-1,0
2024,1643,57070,46,1066,EMEIEF ALACYR BARBIERI,CÓRREGO BREJAL,-19.43708,-40.62833,212,-1,0
2024,1644,57070,46,1074,POSTO DE SAÚDE DO DISTRITO DE SAPUCAIA (US DA FAMÍLIA LUIZ PADOVAN),DISTRITO DE SAPUCAIA,-19.36432,-40.60812,967,-1,0
2024,1645,57070,46,1090,EMEIEF SÃO JUDAS TADEU,MONTE SINAI,-19.39255,-40.61503,726,-1,0
2024,1646,57070,46,1104,EMEIEF ALTO LIBERDADE,ALTO LIBERDADE,-19.36479,-40.53962,393,-1,0
2024,1647,57070,46,1112,EMUEF LAGOA DO ÓLEO,FAZENDA BELA VISTA,-19.53146,-40.44079,255,-1,0
2024,1648,57096,10,1015,EEEFM MARIA TRINDADE OLIVEIRA,CENTRO,-20.23473,-41.50808,4126,-1,0
2024,1649,57096,10,1031,EMEF ADELAIDE RODRIGUES MOREIRA,VILA SANTA CLARA,-20.23454,-41.58517,1357,-1,0
2024,1650,57096,10,1040,EMEF AGENOR DE SOUZA LÉ,CÓRREGO DO CRISCIÚMA,-20.21893,-41.6208,1024,-1,0
2024,1651,57096,10,1058,EMEF DAVID GOMES,BOA ESPERANÇA,-20.2316,-41.50441,4222,-1,0
2024,1652,57096,10,1074,EMEF SANTA MARIA,CÓRREGO SANTA MARIA DE BAIXO,-20.24943,-41.48241,637,-1,0
2024,1653,57096,10,1090,EMEF EUNICE PEREIRA SILVEIRA,NOVO HORIZONTE,-20.23782,-41.51055,3096,-1,0
2024,1654,57096,10,1104,IFES - INSTITUTO FEDERAL DO ESPÍRITO SANTO,NOVO HORIZONTE,-20.23634,-41.50773,4180,-1,0
2024,1655,57096,10,1112,CMEI MARIA JOSE FARIA,IPÊ,-20.22581,-41.51322,846,-1,0
2024,1656,57118,51,1023,EMEI TIA AMÉLIA,SANTO ANTÔNIO,-19.26426,-40.33286,3004,-1,0
2024,1657,57118,51,1031,EMEI TIA RITA,SÃO SEBASTIÃO,-19.27183,-40.31655,1767,-1,0
2024,1658,57118,51,1082,EMEF NOVO SABER,CENTRO,-19.27261,-40.32812,3524,-1,0
2024,1659,57118,51,1139,EMUEF SÃO SEBASTIÃO DO LAGRIMAL,CÓR. LAGRIMAL,-19.1292,-40.25823,508,-1,0
2024,1660,57118,51,1155,EMEIEF PRIMAVERA,CÓR. PRIMAVERA,-19.22522,-40.35305,1133,-1,0
2024,1661,57118,51,1171,EMEIEF SANTA RITA,CÓR. SANTA RITA,-19.18957,-40.28027,930,-1,0
2024,1662,57118,51,1210,EMEIEF JOSÉ STEFENONI,CÓR. SÃO FRANCISCO,-19.30845,-40.27309,1634,-1,0
2024,1663,57118,51,1236,EMEIEF PANORAMA,CÓR. PANORAMA 10,-19.31908,-40.35982,986,-1,0
2024,1664,57118,51,1287,EMEF TIRADENTES,D. SÃO JORGE DE TIRADENTES,-19.12143,-40.36149,2424,-1,0
2024,1665,57134,41,1015,EMEF CIPRIANO COCCO,LAQUINI,-18.9047,-40.07173,2495,-1,0
2024,1666,57134,41,1023,EEEM PEDRO PAULO GROBÉRIO,CENTRO,-18.90596,-40.07332,2889,-1,0
2024,1667,57134,41,1031,PRÉ-ESCOLA MUNICIPAL DOM BOSCO,CENTRO,-18.90722,-40.07724,2460,-1,0
2024,1668,57134,41,1040,EEEFM IRMÃ TERESA ALTOÉ,CENTRO,-18.91219,-40.07759,3335,-1,0
2024,1669,57134,41,1058,EMEF PATRIMÔNIO NOSSA SENHORA DE FÁTIMA,FÁTIMA,-18.90665,-40.17152,1606,-1,0
2024,1670,57134,41,1082,ESCOLA COMUNITÁRIA RURAL MUNICIPAL DO GIRAU,GIRAU,-18.83116,-40.07818,1560,-1,0
2024,1671,57134,41,1112,EMEF ORÉLIO CALIMAN,ÁGUA LIMPA,-18.93464,-39.9736,1740,-1,0
2024,1672,57134,41,1139,EMEIEF PATRIMÔNIO ALTOÉ,CÓRREGO DO 18,-18.86161,-40.17838,740,-1,0
2024,1673,57134,41,1147,EMEF BARRA SECA DE PONTE NOVA,BARRA SECA DE PONTE NOVA,-18.99048,-40.00034,1131,-1,0
2024,1674,57134,41,1155,EPM SÃO JOÃO DO ESTIVADO,SÃO JOÃO DO ESTIVADO,-19.01806,-39.93016,526,-1,0
2024,1675,57134,41,1171,EPG SANTA RITA DE CÁSSIA,PALMITO,-18.90417,-39.95713,1154,-1,0
2024,1676,57134,41,1198,CENTRO COMUNITÁRIO CÓRREGO VARGEM GRANDE,CÓRREGO VARGEM GRANDE,-18.8443,-40.15059,620,-1,0
2024,1677,57134,41,1201,EMEF DE PALMITINHO,PALMITINHO,-18.9574,-39.90434,316,-1,0
2024,1678,57134,41,1210,EPM SÃO ROQUE,SÃO ROQUE,-18.91101,-40.00863,680,-1,0
2024,1679,57134,41,1228,EMEF MARCIANO ALTOÉ,BOA VISTA,-18.90727,-40.06168,1098,-1,0
2024,1680,57134,41,1236,EMEF SANTA CATARINA,SEAC,-18.91565,-40.04726,1398,-1,1
2024,1681,57134,41,1244,ESCOLA COMUNITÁRIA RURAL MUNICIPAL DE JAPIRA,CÓRREGO DO JAPIRA,-18.95362,-40.04177,213,-1,0
2024,1682,57150,27,1015,ESCOLA TRÊS DE MAIO,ASSENTAMENTO CASTRO ALVES,-18.22185,-40.0567,557,-1,0
2024,1683,57150,27,1023,EPG PROF. GUEDES ALCOFORADO,CENTRO,-18.30345,-39.9563,3384,-1,0
2024,1684,57150,27,1031,EPG SÃO JOÃO BATISTA,SÃO JOÃO BATISTA,-18.30678,-39.94132,1095,-1,0
2024,1685,57150,27,1040,ESCOLA MARCOS BRUNELLI,NOSSA SENHORA DE FÁTIMA,-18.29577,-39.95987,1131,-1,0
2024,1686,57150,27,1058,EPG DR EDWARD ABREU DO NASCIMENTO,NOSSA SENHORA DE FÁTIMA,-18.29593,-39.95891,1776,-1,0
2024,1687,57150,27,1066,EPG FELINTO DAMIÃO,FELINTO DAMIÃO,-18.2965,-39.94817,1795,-1,0
2024,1688,57150,27,1074,EMEFM MANOEL DUARTE DA CUNHA,COLINA I,-18.29744,-39.94969,2900,-1,0
2024,1689,57150,27,1082,CRECHE NORMILIA SANTOS,SÃO JOÃO BATISTA,-18.30632,-39.94099,1580,-1,0
2024,1690,57150,27,1104,EPE TAQUARAS,TAQUARAS,-18.03086,-40.15062,577,-1,0
2024,1691,57150,27,1112,EPG FLORESTA DO SUL,FLORESTA DO SUL,-18.26293,-40.07978,781,-1,0
2024,1692,57150,27,1120,EPG PEDRO CANÁRIO RIBEIRO,CANARINHO,-18.29367,-39.95152,1388,-1,0
2024,1693,57150,27,1139,EMPEF CRISTAL DO NORTE,CRISTAL DO NORTE,-18.08721,-40.10819,2177,-1,0
2024,1694,57916,7,1015,EMEIF VALENTIM PEROZINI,VILA DE SÃO LUIZ DE MIRANDA,-19.97127,-41.05982,534,-1,0
2024,1695,57916,7,1031,EMEIF LARANJA DA TERRA,VILA DE LARANJA DA TERRA,-19.90394,-41.01515,912,-1,0
2024,1696,57916,7,1040,EMEIF JOÃO VALIM,DISTRITO DE SOBREIRO,-19.8252,-41.11309,2772,-1,0
2024,1697,57916,7,1066,EEEFM JOAQUIM CAETANO DE PAIVA,DISTRITO DE JOATUBA,-19.87921,-40.96046,1956,-1,0
2024,1698,57916,7,1139,EMEIEF UNIÃO LARANJENSE,CENTRO,-19.89978,-41.05689,2195,-1,0
2024,1699,57916,7,1147,EEEFM LUIZ JOUFFROY,CENTRO,-19.90045,-41.05533,1206,-1,0
2024,1700,57932,9,1031,EEEFM GRAÇA ARANHA,CENTRO,-20.02929,-40.74276,8634,-1,0
2024,1701,57932,9,1040,EEEFM FREDERICO BOLDT,CARAMURU,-20.09612,-40.67593,1900,-1,0
2024,1702,57932,9,1155,EEEFM ALTO RIO POSSMOSER,DISTRITO DE GARRAFÃO,-20.06641,-40.84325,3010,-1,0
2024,1703,57932,9,1163,EMEF JOÃO LAUVERS,DISTRITO DE GARRAFÃO,-20.15273,-40.94382,2411,-1,0
2024,1704,57932,9,1180,USINA RIO BONITO,RIO BONITO,-20.06362,-40.63493,171,-1,0
2024,1705,57932,9,1279,EP FAZENDA ARTHUR PLASTER,DISTRITO DE GARRAFÃO,-20.16441,-40.81116,829,-1,0
2024,1706,57932,9,1325,EMEF DE RECREIO,RECREIO,-19.99515,-40.6733,35,-1,1
2024,1707,57932,9,1333,CENTRO COMUNITÁRIO DA IGREJA LUTERANA DE ALTO SÃO SEBASTIÃO DE CIMA,SÃO SEBASTIÃO DE CIMA,-19.99646,-40.80765,786,-1,0
2024,1708,57932,9,1341,EU SÃO JOSÉ DO RIO CLARO,SÃO JOSÉ DO RIO CLARO,-20.01664,-40.62701,124,-1,0
2024,1709,57932,9,1368,ESCOLA COOPERAÇÃO,CENTRO,-20.03015,-40.74832,4712,-1,0
2024,1710,57932,9,1376,EEEF SÃO LUIZ,CENTRO,-20.00354,-40.73837,2459,-1,0
2024,1711,57932,9,1384,EEEF PROFESSOR HERMANN BERGER,DISTRITO DA SEDE,-20.04937,-40.70391,777,-1,0
2024,1712,57932,9,1392,EP DE VILA JETIBÁ,DISTRITO DA SEDE,-20.01886,-40.76043,1174,-1,0
2024,1713,57932,9,1406,EMPEIEF RIO DAS PEDRAS,ZONA RURAL,-20.08214,-40.73804,411,-1,0
2024,1714,57932,9,1422,EMEI FAZENDA EMÍLIO SCHROEDER,GARRAFÃO,-20.11146,-40.83217,195,-1,0
2024,1715,57932,9,1430,UNIDADE BÁSICA DE SAÚDE DÓRIO GONÇALVES,GARRAFÃO,-20.15512,-40.88754,734,-1,0
2024,1716,57932,9,1449,COMUNIDADE CATÓLICA SANTO ANTÔNIO,GARRAFÃO,-20.15444,-40.88695,731,-1,0
2024,1717,57932,9,1457,PARÓQUIA EVANGÉLICA DE CONFISSÃO LUTERANA PEDRA EM GARRAFÃO,GARRAFÃO,-20.15208,-40.8857,1102,-1,0
2024,1718,57932,9,1465,"CRECHE ADOLPHO STANGE, RECREIO - SANTA MARIA DE JETIBÁ",RECREIO,-19.99515,-40.6733,1124,-1,0
2024,1719,57959,35,1015,EEEF PROSPERIDADE,PROSPERIDADE,-20.66416,-41.05575,835,-1,0
2024,1720,57959,35,1023,ESCOLA MUNICIPAL DE PARAÍSO,PARAÍSO,-20.74678,-40.97675,545,-1,0
2024,1721,57959,35,1031,EMEB ALZIRA GOMES,CENTRO,-20.66911,-41.00447,2189,-1,0
2024,1722,57959,35,1040,EMEB JOÃO DOMINGOS FASSARELA - CASTELINHO,CASTELINHO,-20.52013,-40.98455,1422,-1,0
2024,1723,57959,35,1058,POSTO DE SAÚDE DE POÇO DANTAS,POÇO DANTAS,-20.85782,-41.02304,504,-1,0
2024,1724,57959,35,1074,EEEF CASEMIRO COSTA - A. GIRONDA,ALTO GIRONDA,-20.71275,-41.09152,250,-1,0
2024,1725,57959,35,1090,ESCOLA DE BELÉM,BELÉM,-20.79184,-41.00202,416,-1,0
2024,1726,57959,35,1104,EMEB ANTONIO VAZZOLER - CAPIVARA,CAPIVARA,-20.59052,-41.05231,484,-1,0
2024,1727,57959,35,1112,PRÉ ESCOLA DE PEDRA BRANCA,PEDRA BRANCA,-20.69189,-41.0686,464,-1,0
2024,1728,57959,35,1120,EEEFM AGOSTINHO AGRIZZI - JACIGUÁ,JACIGUÁ,-20.70288,-41.01598,2649,-1,0
2024,1729,57959,35,1155,EEEFM PRESIDENTE LUEBKE,CENTRO,-20.67255,-41.01084,3053,-1,0
2024,1730,57959,35,1163,EMEB PEDRO MILANEZE ALTOÉ,SÃO JOSÉ DAS FRUTEIRAS,-20.60488,-41.02975,3146,-1,0
2024,1731,57975,40,1040,EEEF DOMINGOS PERIM,CENTRO,-20.3352,-41.13171,3673,-1,0
2024,1732,57975,40,1058,EEEFM FIORAVANTE CALIMAM,CENTRO,-20.32833,-41.13335,4494,-1,0
2024,1733,57975,40,1066,EEEF LIBERAL ZANDONADI,VILA BETÂNEA,-20.32386,-41.13519,3522,-1,0
2024,1734,57975,40,1074,EMEF ATÍLIO PIZZOL,SÃO JOÃO DE VIÇOSA,-20.3372,-41.18536,2767,-1,0
2024,1735,57975,40,1104,EMEIEF DE PINDOBAS,VARGEM GRANDE,-20.38916,-41.16763,1299,-1,0
2024,1736,57975,40,1139,EMEIEF ALTO CAXIXE,ALTO CAXIXE,-20.41832,-41.08307,2571,-1,0
2024,1737,57975,40,1155,APAE,BANANEIRAS,-20.32795,-41.14511,459,-1,0
2024,1738,57975,40,1163,IFES - INSTITUTO FEDERAL DO ESPÍRITO SANTO,SÃO RAFAEL,-20.32635,-41.12805,1062,-1,0
2024,1739,57991,46,1015,EEEFM PROFESSORA ANA MARIA CARLETTI QUIUQUI,CENTRO,-18.9846,-40.74026,4454,-1,0
2024,1740,57991,46,1031,EMCA FAZENDA LACERDA,ÁGUAS CLARAS,-18.84982,-40.83328,1071,-1,0
2024,1741,57991,46,1040,EMEF PADRE SÉRGIO BANZZA,CENTRO,-18.98478,-40.74186,2155,-1,0
2024,1742,57991,46,1058,CEIER - CENTRO ESTADUAL INTEGRADO DE EDUCAÇÃO RURAL,SEDE,-19.01553,-40.65441,721,-1,0
2024,1743,57991,46,1066,CRAS - CENTRO DE REFERÊNCIA DE ASSISTÊNCIA SOCIAL,CENTRO,-18.98203,-40.74053,361,-1,0
2024,1744,57991,46,1074,CÂMARA MUNICIPAL DE ÁGUIA BRANCA,CENTRO,-18.9817,-40.74051,327,-1,0
2026,0,56006,46,1015,EMEF ANANIAS CUSTODIO,CENTRO,-19.15129,-40.62618,3341,-1,0
2026,1,56006,46,1023,EMEIEF PATRIMÔNIO DE SANTO ANTÔNIO,SÃO JOSÉ DO HONORATO,-19.078,-40.4197,265,-1,0
2026,2,56006,46,1031,EMEIEF CÓRREGO DUMER,CÓRREGO DUMER,-19.08169,-40.46887,965,-1,0
2026,3,56006,46,1040,EMEIEF PATRIMÔNIO DE SÃO FRANCISCO,CENTRO,-19.13014,-40.53381,213,-1,0
2026,4,56006,46,1058,EMEF BRAÇO DO SUL (PUPIM),BRAÇO DO SUL,-19.07616,-40.60797,278,-1,0
2026,5,56006,46,1066,EMEIEF CÓRREGO DA DIVISA,CÓRREGO DA DIVISA,-19.12028,-40.56413,349,-1,0
2026,6,56006,46,1074,EMEF CÓRREGO FEIO,CÓRREGO FEIO,-19.08825,-40.50097,252,-1,0
2026,7,56006,46,1082,EMEIEF BRAÇO DO SUL (TREVIZANI),BRAÇO DO SUL,-19.11089,-40.68067,306,-1,0
2026,8,56006,46,1090,CENTRO MUNICIPAL DE EDUCAÇÃO INFANTIL VOVÓ ZEZÉ,BAIRRO NITERÓI,-19.15346,-40.62636,1201,-1,0
2026,9,56006,46,1104,CENTRO MUNICIPAL DE ENSINO INFANTIL CRIATIVO,CENTRO,-19.14448,-40.62407,1268,-1,0
2026,10,56006,46,1120,CDPSDN - CENTRO DE DETENÇÃO PROVISÓRIA DE SÃO DOMINGOS DO NORTE,CÓRREGO BRAÇO DO SUL,-19.11182,-40.62997,0,-1,0
2026,11,56014,8,1015,CEEFMTI AFONSO CLÁUDIO,SÃO TARCÍSIO,-20.07509,-41.12756,7518,-1,0
2026,12,56014,8,1023,EEEFM JOSÉ CUPERTINO,SÃO TARCÍSIO,-20.07555,-41.12697,3346,-1,0
2026,13,56014,8,1058,EMEIEF GUMERCINDO LACERDA,DISTRITO DE SÃO FRANCISCO,-19.99754,-41.13408,779,-1,0
2026,14,56014,8,1066,EEEFM JOSÉ GIESTAS,DISTRITO DE PONTÕES,-20.20092,-41.04543,1786,-1,0
2026,15,56014,8,1074,EEEFM MARIA ABREU ALVIM,DISTRITO DE FAZENDA GUANDÚ,-20.21397,-41.10328,2118,-1,0
2026,16,56014,8,1082,EEEFM JOSÉ ROBERTO CRISTO,DISTRITO DE PIRACEMA,-20.18293,-41.19396,1243,-1,0
2026,17,56014,8,1180,EMEIEF PATRIMÔNIO DOS GONÇALVES,DISTRITO DE IBICABA,-20.01007,-41.23628,745,-1,0
2026,18,56014,8,1236,EEEFM ELVIRA BARROS,DISTRITO DE SERRA PELADA,-20.0043,-41.02913,1453,-1,0
2026,19,56014,8,1325,ESCOLA MUNICIPAL AUGUSTA LAMAS D'ÁVILA,CENTRO,-20.07687,-41.12494,1470,-1,0
2026,20,56014,8,1350,EMEIEF FRANZ CARLOS JOÃO LEMKE,MATA FRIA,-20.08242,-40.97779,1444,-1,0
2026,21,56014,8,1368,EMEF FAZENDA SANTO ANTÔNIO,SANTO ANTÔNIO,-20.14899,-41.05101,323,-1,0
2026,22,56014,8,1457,CMEI NESTOR PINTO DE AGUIAR,DISTRITO DE SERRA PELADA,-20.00408,-41.02898,564,-1,0
2026,23,56014,8,1554,EMEF IDOLINO DA FONSECA LAMAS,BAIRRO DA GRAMA,-20.06718,-41.11628,658,-1,0
2026,24,56014,8,1589,ASSOCIAÇÃO PRO-CASA DO MENINO,SÃO VICENTE,-20.08142,-41.13004,2019,-1,0
2026,25,56014,8,1627,EMEF CÍVICO-MILITAR JOSÉ JORGE HADDAD,SÃO VICENTE,-20.08155,-41.12924,813,-1,0
2026,26,56022,23,1163,EMEF SEBASTIÃO COIMBRA ELIZEU,CENTRO,-18.55015,-40.97737,2214,-1,0
2026,27,56022,23,1171,EMEF BOM DESTINO,POVOADO BOM DESTINO,-18.43119,-40.98455,426,-1,0
2026,28,56022,23,1180,EMEF SANTA LUZIA DO AZUL,SANTA LUZIA DO AZUL,-18.41864,-41.12255,810,-1,0
2026,29,56022,23,1198,EEEF SOARES DUTRA,CAFELÂNDIA,-18.66198,-40.99935,696,-1,0
2026,30,56022,23,1252,EEEF ADOLFO ROSA,GOVERNADOR LACERDA DE AGUIAR,-18.63429,-40.93979,1650,-1,0
2026,31,56022,23,1449,EEEF DE SANTO AGOSTINHO,VILA SANTO AGOSTINHO,-18.41617,-41.03185,1710,-1,0
2026,32,56022,23,1520,EEEF VILA NELITA,VILA NELITA,-18.47697,-41.01494,786,-1,0
2026,33,56022,23,1538,EMEIEF NILSA ALVES FIGUEIRA,CENTRO,-18.54989,-40.97794,636,-1,0
2026,34,56022,23,1546,CRECHE MUL P ADEVANI MARIA BATISTA,CENTRO,-18.54571,-40.97884,2199,-1,0
2026,35,56030,4,1015,CÍRCULO DE OPERÁRIOS DE ALEGRE,CENTRO,-20.76337,-41.53365,324,1,0
2026,36,56030,4,1023,CEEFMTI ARISTEU AGUIAR,CENTRO,-20.75912,-41.53718,3010,1,0
2026,37,56030,4,1031,COOPERATIVA EDUCACIONAL SUL CAPIXABA - COLÉGIO INOVADOR,CENTRO,-20.76733,-41.53265,2567,19,0
2026,38,56030,4,1040,AGÊNCIA DA PREVIDÊNCIA SOCIAL,CENTRO,-20.76422,-41.53075,1278,1,0
2026,39,56030,4,1058,"FAFIA - FACULDADE DE FILOSOFIA, CIÊNCIAS E LETRAS DE ALEGRE",CENTRO,-20.76376,-41.53285,1418,1,0
2026,40,56030,4,1066,EMEIF RUTH ALICE,CENTRO,-20.75791,-41.53664,701,1,0
2026,41,56030,4,1104,SALÃO DO DECOLORES,CENTRO,-20.76335,-41.53266,729,1,0
2026,42,56030,4,1155,EMPEF SÃO JOÃO DO NORTE,DISTRITO DE SÃO JOÃO DO NORTE,-20.67548,-41.50925,234,-1,0
2026,43,56030,4,1163,EEEFM SIRENA REZENDE FONSECA,DISTRITO DE CELINA,-20.76504,-41.59211,2310,-1,0
2026,44,56030,4,1171,EMEF CARMELITA MACHADO MORAES,DISTRITO DE SANTA ANGÉLICA,-20.6917,-41.4548,444,-1,0
2026,45,56030,4,1180,EEEFM OSCAR DE ALMEIDA GAMA,DISTRITO DE ARARAÍ,-20.59278,-41.5556,557,-1,0
2026,46,56030,4,1198,EEEFM JOSÉ CORRENTE,DISTRITO VILA DO CAFÉ,-20.86858,-41.57172,1283,-1,0
2026,47,56030,4,1210,EEEFM PROFª CÉLIA TEIXEIRA DO CARMO,DISTRITO DE RIVE,-20.75691,-41.45897,2162,-1,0
2026,48,56030,4,1228,EEEFM ANA MONTEIRO DE PAIVA,DISTRITO DE ANUTIBA,-20.61174,-41.44961,1000,-1,0
2026,49,56030,4,1295,SALÃO DA IGREJA NOSSA SENHORA APARECIDA,FLORES DE APARECIDA DO NORTE,-20.63676,-41.55672,215,-1,0
2026,50,56030,4,1325,CEMEI PROFA. CÂNDIDA FILGUEIRAS,DISTRITO DE ANUTIBA,-20.61151,-41.45118,655,-1,0
2026,51,56030,4,1333,EMFA ZIOLITA MARIA DA SILVEIRA,ASSENTAMENTO FLORESTA,-20.68663,-41.58013,235,-1,0
2026,52,56030,4,1341,EEEFM PROFESSOR PEDRO SIMÃO,CLÉRIO MOULIN,-20.76637,-41.54614,680,4,0
2026,53,56030,4,1350,EMUEF FELIZ LEMBRANÇA,FELIZ LEMBRANÇA,-20.79595,-41.50798,110,-1,0
2026,54,56030,4,1368,EMFA GEORGE ABREU RANGEL,ROSEIRA,-20.87229,-41.53212,260,-1,0
2026,55,56030,4,1376,EMEIF PROFESSOR DOMINGOS BRAVO REINOSO,VILA DO SUL,-20.77206,-41.53489,2065,11,0
2026,56,56030,4,1384,INSTITUTO EDUCACIONAL SANTOS CARVALHEIRA - IESC,CENTRO,-20.76324,-41.53051,974,1,0
2026,57,56030,4,1392,CEMEI PAULO AMOACY BRAGANÇA,DISTRITO DE ARARAÍ,-20.5926,-41.55599,257,-1,0
2026,58,56030,4,1406,CEMEI TEREZA FIOREZZI DE OLIVEIRA,VILA DO SUL,-20.77203,-41.5321,165,19,0
2026,59,56049,19,1015,EEEFM BERNARDO HORTA,CENTRO,-20.34609,-41.64148,4378,372,1
2026,60,56049,19,1023,EMEF SÔNIA MARIA FARIA PINHEIRO,CENTRO,-20.34894,-41.64391,2398,375,1
2026,61,56049,19,1058,EMEIEF PROFESSORA ENY LEAL MACHADO,DISTRITO DE SANTA CRUZ,-20.31433,-41.69107,1825,-1,0
2026,62,56049,19,1066,EMEIEF VALDECI AFONSO MOREIRA,CÓRREGO SÃO JOSÉ,-20.29233,-41.63122,659,-1,0
2026,63,56049,19,1074,EMU BOA ESPERANÇA,BOA ESPERANÇA,-20.26707,-41.58292,386,-1,0
2026,64,56049,19,1090,APAE DE IRUPI,CENTRO,-20.34404,-41.63983,762,377,1
2026,65,56049,19,1120,EMEIEF PROFESSORA NELCI GOMES DA COSTA,BARRA DE SANTA ROSA,-20.36452,-41.60871,550,-1,0
2026,66,56049,19,1139,ASSOCIAÇÃO COMUNITÁRIA DO CORREGO DO AVENTUREIRO,AVENTUREIRO,-20.35271,-41.67152,444,374,1
2026,67,56057,12,1015,EMEF ANA ARAÚJO,CENTRO,-20.63504,-40.75321,1460,-1,0
2026,68,56057,12,1031,EMEF FAZENDA APARECIDA,APARECIDA,-20.45153,-40.6896,353,-1,0
2026,69,56057,12,1040,EEEF DE CRUBIXÁ,SÃO JOÃO DE CRUBIXÁ,-20.64224,-40.86744,626,-1,0
2026,70,56057,12,1058,EMEF ENGANO,IBITIRUÍ,-20.60052,-40.86006,736,-1,0
2026,71,56057,12,1066,SALÃO DA IGREJA CATÓLICA DE SÃO FRANCISCO DE BATATAL,SÃO FRANCISCO DE BATATAL,-20.57123,-40.73558,258,-1,0
2026,72,56057,12,1074,SALÃO DA IGREJA DE SÃO MARTINHO,SÃO MARTINHO,-20.52133,-40.77674,508,-1,0
2026,73,56057,12,1082,PRÉDIO DA ANTIGA ESCOLA ALMERINDA BRUNORO,SÃO MARCOS,-20.5872,-40.78798,269,-1,0
2026,74,56057,12,1090,EMEF FELIPE MODOLO,MATILDE,-20.55394,-40.81503,1113,-1,0
2026,75,56057,12,1104,SALÃO COMUNITÁRIO DE NOVA ESTRELA,NOVA ESTRELA,-20.66887,-40.85173,210,-1,0
2026,76,56057,12,1112,SALÃO DA IGREJA CATÓLICA DE CACHOEIRA ALTA,CACHOEIRA ALTA,-20.68087,-40.77262,389,-1,0
2026,77,56057,12,1120,EMUEF QUARTO TERRITÓRIO,QUARTO TERRITÓRIO,-20.65387,-40.80894,400,-1,0
2026,78,56057,12,1139,EMEF SAGRADA FAMÍLIA,SAGRADA FAMÍLIA,-20.57923,-40.69706,776,-1,0
2026,79,56057,12,1147,SALÃO COMUNITÁRIO DE SÃO BENTO DE URÂNIA,SÃO BENTO DE URANIA,-20.47185,-40.91721,805,-1,0
2026,80,56057,12,1163,EEUEF VILA NOVA DE MARAVILHA,VILA NOVA DE MARAVILHA,-20.58769,-40.94961,258,-1,0
2026,81,56057,12,1171,EEEFM CAMILA MOTA,OURO BRANCO,-20.63836,-40.74555,2542,-1,0
2026,82,56057,12,1228,CRECHE COMECINHO DE GENTE,CACHOEIRINHA,-20.6304,-40.76332,387,-1,0
2026,83,56057,12,1236,SALÃO PAROQUIAL DA IGREJA DE NOSSA SENHORA DA CONCEIÇÃO,CENTRO,-20.63529,-40.74986,610,-1,0
2026,84,56057,12,1244,CMEI JOSE DE ANCHIETA,JARDIM DO CAJÁ,-20.63978,-40.74913,1308,-1,0
2026,85,56065,36,1015,EMEI ARMEZINA DO AMARAL RAMOS,SANTA BÁRBARA,-19.05952,-41.01616,805,-1,0
2026,86,56065,36,1023,EMEF GUSTAVO AMBRUST,SANTA BÁRBARA,-19.06005,-41.01591,1044,-1,0
2026,87,56065,36,1031,EEEFM PASTOR ANTÔNIO NUNES DE CARVALHO,CENTRO,-19.05706,-41.01842,1670,-1,0
2026,88,56065,36,1040,CMEI MARIA VENANCIO AMORIM,PADRE PEDRO I,-19.06033,-41.02026,903,-1,0
2026,89,56065,36,1058,EMEIEF GILDA AGGUM CAPETINI,DISTRITO DE MONTE CARMELO,-19.06864,-40.96764,672,-1,0
2026,90,56065,36,1074,EMEIEF PROFESSORA MARIA RODRIGUES DE FREITAS,DISTRITO DE VILA PALMERINO,-18.95737,-40.97445,790,-1,0
2026,91,56065,36,1082,CENTRO DE CONVIVENCIA CATARINA LUCIA ELLER,SANTA BÁRBARA,-19.05985,-41.01597,670,-1,0
2026,92,56073,17,1023,EE CORONEL GOMES OLIVEIRA,NOVA ESPERANÇA,-20.79948,-40.64249,2625,-1,0
2026,93,56073,17,1058,EM TEREZINHA GODOY DE ALMEIDA,JUSTIÇA,-20.80429,-40.64181,1886,-1,0
2026,94,56073,17,1074,EM DE UBÚ,PRAIA DE UBÚ,-20.80156,-40.58894,711,-1,0
2026,95,56073,17,1082,CEMEI ENIDE CORREA GUAITOLINI,MÃE BÁ,-20.7642,-40.57662,1168,-1,0
2026,96,56073,17,1090,EM DE BELO HORIZONTE,BELO HORIZONTE,-20.74175,-40.60971,239,-1,0
2026,97,56073,17,1104,EM DE GOEMBÊ,GOEMBÊ,-20.71772,-40.61087,314,-1,0
2026,98,56073,17,1112,EM DE CHAPADA DO Á,CHAPADA DO Á,-20.76801,-40.63059,256,-1,0
2026,99,56073,17,1120,ESF JABAQUARA (UNIDADE DE SAÚDE),JABAQUARA,-20.68604,-40.67636,680,-1,0
2026,100,56073,17,1139,EMEB DUAS BARRAS,DUAS BARRAS,-20.62504,-40.66104,260,-1,0
2026,101,56073,17,1147,ESCOLA AGRÍCOLA DE OLIVÂNIA,OLIVÂNIA,-20.58267,-40.64636,351,-1,0
2026,102,56073,17,1155,EM DE SIMPATIA,SIMPATIA,-20.71591,-40.71507,632,-1,0
2026,103,56073,17,1163,EM DE ITAPEROROMA BAIXA,ITAPEROROMA BAIXA,-20.76545,-40.75996,319,-1,0
2026,104,56073,17,1171,EM DE BAIXO PONGAL,BAIXO PONGAL,-20.77784,-40.74403,433,-1,0
2026,105,56073,17,1180,EM DE ITAPEÚNA,ITAPEÚNA,-20.77755,-40.70233,340,-1,0
2026,106,56073,17,1198,EMEF MANOEL DE PAULA SERRÃO,IRIRI,-20.82951,-40.69464,1970,-1,0
2026,107,56073,17,1201,EM DE CÓRREGO DA PRATA,CÓRREGO DA PRATA,-20.74036,-40.78783,229,-1,0
2026,108,56073,17,1210,EM DE ALTO PONGAL,ALTO PONGAL,-20.73031,-40.77762,639,-1,0
2026,109,56073,17,1228,EM DE DOIS IRMÃOS,DOIS IRMÃOS,-20.7162,-40.75007,199,-1,0
2026,110,56073,17,1236,EM DE ALTO JOEBA,ALTO JOEBA,-20.69483,-40.8015,205,-1,0
2026,111,56073,17,1252,EM AMARILIS FERNANDES GARCIA,JUSTIÇA II,-20.80856,-40.63877,2767,-1,0
2026,112,56073,17,1279,EM DE LIMEIRA,LIMEIRA,-20.69639,-40.67727,475,-1,0
2026,113,56073,17,1287,EM DE RECANTO DO SOL,RECANTO DO SOL,-20.79515,-40.60311,733,-1,0
2026,114,56073,17,1295,EM JOCELINA NOGUEIRA,ALVORADA,-20.80725,-40.6398,1574,-1,0
2026,115,56073,17,1309,EM PROF. DULCINEA SILVA LYRIO RUPF,PONTA DOS CASTELHANOS,-20.81297,-40.63416,743,-1,0
2026,116,56073,17,1317,EM DE PARATI,PARATI,-20.80438,-40.6005,558,-1,0
2026,117,56073,17,1325,EMEIEF PLANALTO,PLANALTO,-20.81841,-40.62389,1603,-1,0
2026,118,56073,17,1333,EMEI BELMIRO ALBERTO ALPOIM,IRIRI,-20.83112,-40.69616,664,-1,0
2026,119,56073,17,1341,CEMEI TIA IRENI AMARAL,JUSTIÇA,-20.80373,-40.64202,549,-1,0
2026,120,56073,17,1350,EMEB ALCIDES CECCON,PRAIA DOS CASTELHANOS,-20.83109,-40.62207,701,-1,0
2026,121,56073,17,1368,EM INFANTIL TIO LILIO,CENTRO,-20.80465,-40.65337,526,-1,0
2026,122,56073,17,1392,EM DE NOVO HORIZONTE,NOVO HORIZONTE,-20.80751,-40.66215,444,-1,0
2026,123,56073,17,1414,EM DE ITAJOBAIA,ITAJOBAIA,-20.68321,-40.62889,44,-1,0
2026,124,56081,30,1040,EMEF PATRIMÔNIO DE TODOS OS ANJOS,PATRIMÔNIO DE TODOS OS ANJOS,-18.6347,-40.6911,309,-1,0
2026,125,56081,30,1058,IGREJA CATÓLICA MADRE PAULINA,CÓRREGO DO MUTUM,-18.56542,-40.57966,194,-1,0
2026,126,56081,30,1066,IGREJA CATÓLICA DE SÃO FRANCISCO DE ASSIS,SÃO FRANCISCO DE ASSIS,-18.6832,-40.6154,284,-1,0
2026,127,56081,30,1244,EMEF PRAÇA RICA,DISTRITO DE PRAÇA RICA,-18.52169,-40.61066,747,-1,0
2026,128,56081,30,1376,CMEI GIRASSOL (CRECHE),NOVA MUNIQUE,-18.62056,-40.60844,1358,-1,0
2026,129,56081,30,1384,EMEF TODOS OS SANTOS,PATRIMÔNIO DE TODOS OS SANTOS,-18.61115,-40.69025,625,-1,0
2026,130,56081,30,1392,EMEF CONCEIÇÃO DO QUINZE,PATRIMÔNIO DE CONCEIÇÃO DO QUINZE,-18.52137,-40.66373,299,-1,0
2026,131,56081,30,1503,EMEF PROFESSORA ESTHER DA COSTA SANTOS,ONDINA,-18.61943,-40.59899,1618,-1,0
2026,132,56081,30,1597,ESCOLA AGRÍCOLA DE VILA PAVÃO - CIER,CÓRREGO DO ESTEVÃO,-18.64852,-40.6139,386,-1,0
2026,133,56081,30,1600,IGREJA EVANGELICA LUTERANA SÃO MATEUS,CÓRREGO BONITO,-18.70642,-40.65164,280,-1,0
2026,134,56081,30,1619,EEEM ANA PORTELA DE SÁ,ONDINA,-18.61875,-40.59935,1670,-1,0
2026,135,56090,44,1015,EEEM CÂNDIDA PÓVOA,CENTRO,-21.15138,-41.56935,2007,-1,0
2026,136,56090,44,1023,EMEF DE IURU,DISTRITO DE JOSÉ CARLOS,-21.14849,-41.62123,252,-1,0
2026,137,56090,44,1031,EMEF BONSUCESSO,DISTRITO DE BONSUCESSO,-20.98198,-41.55967,717,-1,0
2026,138,56090,44,1040,EMEF WALDIR MONTEIRO DE BARROS,BATATAL,-21.02328,-41.57036,387,-1,0
2026,139,56090,44,1058,EMEF MARIA DE LOURDES ALVES,CENTRO,-21.15203,-41.56928,2418,-1,0
2026,140,56090,44,1066,CMEI TIA JOANY MIRANDA,CENTRO,-21.15447,-41.56799,553,-1,0
2026,141,56103,12,1015,EMEF PROFESSOR NICOLAU KROHLING,SANTA MARIA,-20.44234,-40.78074,637,-1,0
2026,142,56103,12,1023,EMEF VITOR HUGO,VITOR HUGO,-20.42047,-40.87725,1072,-1,0
2026,143,56103,12,1031,EEEFM EMÍLIO OSCAR HULLE,CENTRO,-20.41339,-40.67417,1207,-1,0
2026,144,56103,12,1040,CENTRO EDUCACIONAL INTEGRAÇÃO,CENTRO,-20.40626,-40.67118,1802,-1,0
2026,145,56103,12,1058,EMEF VICTORIO BRAVIM,ARAGUAIA,-20.49421,-40.77118,1120,-1,0
2026,146,56103,12,1066,EMPEF RIO FUNDO,RIO FUNDO,-20.4459,-40.74367,390,-1,0
2026,147,56103,12,1074,EMEF MORRO BAIXO,BOM JESUS,-20.45815,-40.63206,435,-1,0
2026,148,56103,12,1082,SALÃO DA IGREJA AUXILIADORA,SOÍDO DE BAIXO,-20.40064,-40.72921,381,-1,0
2026,149,56103,12,1090,EMEFJOSÉ ALOÍSIO SIMOM,BETINHO SIMÃO,-20.41752,-40.76062,686,-1,0
2026,150,56103,12,1104,EMEF FLORES PASSINATO KUSTER,SOÍDO DE BAIXO,-20.38562,-40.75606,343,-1,0
2026,151,56103,12,1112,CRECHE MUNICIPAL LEONOR MIGUEL FEU ROSA,COMUNIDADE SANTA RITA,-20.42692,-40.6807,1058,-1,0
2026,152,56103,12,1139,CENTRO EDUCACIONAL VOVÓ FERNANDINA,CENTRO,-20.41823,-40.67268,1202,-1,0
2026,153,56103,12,1147,GINÁSIO DE ESPORTES MIGUEL KROHLING,SANTA MARIA,-20.44186,-40.78071,683,-1,0
2026,154,56103,12,1155,EMEF MAURO CHRISTO,CENTRO,-20.41249,-40.67275,3371,-1,0
2026,155,56111,20,1015,EEEM MISAEL PINTO NETTO (CENTRO),CENTRO,-19.82007,-40.27443,2063,23,0
2026,156,56111,20,1023,TEMPLO IGREJA BATISTA (CÓRREGO D'ÁGUA),CÓRREGO D'ÁGUA,-19.71177,-40.27744,305,-1,0
2026,157,56111,20,1040,EEEFM DYLIO PENEDO (JACUPEMBA),JACUPEMBA,-19.58776,-40.19408,3087,33,0
2026,158,56111,20,1058,EEEF ERMENTINA LEAL (VILA DO RIACHO),VILA DO RIACHO,-19.74622,-40.04058,1756,64,0
2026,159,56111,20,1066,EEEFM CABOCLO BERNARDO (BARRA DO RIACHO),BARRA DO RIACHO,-19.82506,-40.0605,3045,20,1
2026,160,56111,20,1074,CEMEBTI ESTHER NASCIMENTO DOS SANTOS (SANTA ROSA),SANTA ROSA,-19.92865,-40.28259,1017,54,0
2026,161,56111,20,1082,EMEF SANTA CRUZ (SANTA CRUZ),SANTA CRUZ,-19.95458,-40.15365,1216,51,0
2026,162,56111,20,1104,EMEF PROFª. BÁRULA NEVES DOS SANTOS (BARRA DO SAHY),BARRA DO SAHY,-19.87756,-40.08549,1838,21,0
2026,163,56111,20,1112,FUNDAÇÃO SÃO JOÃO BATISTA - FAACZ (GINÁSIO),GINÁSIO,-19.81902,-40.27768,587,63,0
2026,164,56111,20,1139,EMEF MARECHAL COSTA E SILVA (VILA RICA),VILA RICA,-19.81844,-40.28018,2429,63,0
2026,165,56111,20,1155,EMEF PLACIDINO PASSOS (POLIVALENTE),CENTRO,-19.81915,-40.27283,4689,44,0
2026,166,56111,20,1163,CENTRO EDUCACIONAL PRAIA DE COQUEIRAL (ANTIGO DARWIN) (COQUEIRAL),COQUEIRAL,-19.93347,-40.14323,2240,25,0
2026,167,56111,20,1171,EMEF JOSÉ MARCOS RAMPINELLI (BELA VISTA),BELA VISTA,-19.83307,-40.27008,3920,22,0
2026,168,56111,20,1180,EMEFTI MARIA LUÍZA DEVENS (ANTIGO CAIC),DE FÁTIMA,-19.83446,-40.26577,2459,27,0
2026,169,56111,20,1198,EMEF EZEQUIEL FRAGA ROCHA (BELA VISTA),BELA VISTA,-19.8368,-40.26928,3869,22,0
2026,170,56111,20,1201,CMEI MARÍLIA REZENDE SCARTON COUTINHO (JEQUITIBA),JEQUITIBÁ,-19.82788,-40.27633,1977,35,0
2026,171,56111,20,1210,CMEI AMÁLIA COUTINHO (BARRA DO RIACHO),BARRA DO RIACHO,-19.82542,-40.06143,735,20,1
2026,172,56111,20,1228,CMEI SETE ANÕES (VILA NOVA),VILA NOVA,-19.81276,-40.27093,1422,62,0
2026,173,56111,20,1244,EMEF ZILCA NUNES VIEIRA BERMUDES (VILA NOVA),VILA NOVA,-19.81032,-40.27288,3127,62,0
2026,174,56111,20,1260,EEEFM PRIMO BITTI (COQUEIRAL),COQUEIRAL,-19.92854,-40.13914,1869,25,0
2026,175,56111,20,1287,EMEF MÁRIO LEAL SILVA (GUARANÁ),GUARANÁ,-19.67898,-40.25868,3876,29,0
2026,176,56111,20,1295,EMEF PROFª. MARIA INÊS DELLA VALENTINA (JACUPEMBA),JACUPEMBA,-19.5861,-40.19526,2065,33,0
2026,177,56111,20,1309,EMEF LUÍZA SILVINA JARDIM REBUZZI (JEQUITIBA),JEQUITIBÁ,-19.83014,-40.27933,2048,35,0
2026,178,56111,20,1317,UNIDADE DE SAÚDE DE BIRIRICAS - UBS (BIRIRICAS),BIRIRICAS,-19.97455,-40.26418,478,-1,0
2026,179,56111,20,1325,EMEFTI HONÓRIO NUNES DE JESUS (MOROBÁ),MOROBÁ,-19.82958,-40.25637,1636,38,0
2026,180,56111,20,1333,EMEF NOVO IRAJÁ (NOVO IRAJA),NOVO IRAJÁ,-19.90292,-40.23293,1279,-1,0
2026,181,56111,20,1341,EMEF SAMOEL COSTA (BOA VISTA),SEGATTO,-19.82691,-40.27325,1281,23,0
2026,182,56111,20,1350,CEEMTI MONSENHOR GUILHERME SCHMITZ (DE CARLI),DE CARLI,-19.82213,-40.28276,1486,65,0
2026,183,56111,20,1368,ASSOCIAÇÃO DA  ALDEIA INDÍGENA PAU BRASIL (PAU BRASIL),ALDEIA INDÍGENA PAU BRASIL,-19.8535,-40.13083,462,-1,0
2026,184,56111,20,1376,EMP NOVA ESPERANÇA (ASSENTAMENTO NOVA ESPERANÇA),VILA DO RIACHO,-19.64744,-40.06228,255,-1,0
2026,185,56111,20,1384,CMEI  ABÍLIO CORREIA DE AMORIM (SÃO MARCOS),SÃO MARCOS,-19.80015,-40.27485,1718,61,0
2026,186,56111,20,1392,EMEF ÁLVARO SOUZA (VILA DO RIACHO),VILA DO RIACHO,-19.74609,-40.04679,1818,64,0
2026,187,56111,20,1414,EMEF ZENÍLIA VARZEM RIBEIRO (SÃO PEDRO - BARRA DO RIACHO),BARRA DO RIACHO,-19.82838,-40.06647,1049,20,1
2026,188,56111,20,1422,EMEF NOVA SANTA CRUZ (NOVA SANTA CRUZ),NOVA SANTA CRUZ,-19.96074,-40.161,569,51,0
2026,189,56111,20,1430,CMEI CRIANÇA FELIZ (NOVO JEQUITIBA),NOVO JEQUITIBÁ,-19.82949,-40.28021,1067,41,0
2026,190,56111,20,1449,EMEFI CAEIRAS VELHA (ALDEIA INDÍGENA DE CAEIRAS VELHA),ALDEIA INDÍGENA CAEIRAS VELHA,-19.91913,-40.17171,921,-1,0
2026,191,56111,20,1457,EMEF ITAPARICA (ITAPARICA - SANTA CRUZ),ITAPARICA,-19.97263,-40.14785,610,31,0
2026,192,56111,20,1465,EMEF JOSÉ MAMBRINI (JOSÉ MAMBRINI - JACUPEMBA),JOSÉ MAMBRINI,-19.59897,-40.20003,460,60,0
2026,193,56111,20,1473,UNIDADE DE SAÚDE DE MAR AZUL - UBS (MAR AZUL),PRAIA MAR AZUL,-19.91606,-40.10317,683,37,1
2026,194,56111,20,1481,PATRIMÔNIO COMUNITÁRIO CACHOEIRO DO RIACHO - UBS (CACHOEIRO DO RIACHO),VILA DO RIACHO,-19.72675,-40.16513,147,-1,0
2026,195,56111,20,1490,EMEF ERMELINDA GIACOMIN FARINA (PRAIA DO SAUÊ),PRAIA DO SAUÊ,-19.92371,-40.11704,672,56,0
2026,196,56111,20,1503,EMEFI ARANDU RETXAKÃ (ALDEIA INDÍGENA TRÊS PALMEIRAS),ALDEIA INDÍGENA TRÊS PALMEIRAS,-19.94561,-40.16452,151,51,1
2026,197,56111,20,1511,EMPI DORVELINA COUTINHO (ALDEIA INDÍGENA  COMBOIOS),ALDEIA INDÍGENA COMBOIOS,-19.74441,-40.00868,287,-1,0
2026,198,56111,20,1538,EMEF PAULO FREIRE (SÃO MARCOS),SÃO MARCOS,-19.8038,-40.27398,3062,61,0
2026,199,56111,20,1546,ASSOCIAÇÃO DE MORADORES PRAIA FORMOSA - UBS (ANTIGO RIO PRETO),RIO PRETO,-20.0091,-40.15637,329,46,0
2026,200,56111,20,1554,PATRIMÔNIO COMUNITÁRIO RIO FRANCÊS (RIO FRANCÊS - JACUPEMBA),RIO FRANCÊS,-19.59436,-40.1138,232,-1,0
2026,201,56111,20,1562,PATRIMÔNIO COMUNITÁRIO DE PELADO (PELADO),PELADO,-19.74789,-40.33421,72,-1,0
2026,202,56111,20,1570,PATRIMÔNIO COMUNITÁRIO DE PELADINHO (PELADINHO),PELADINHO,-19.74004,-40.30982,76,-1,0
2026,203,56111,20,1597,CENTRO DE DETENÇÃO PROVISÓRIA DE ARACRUZ/ES - CDPA,DE FÁTIMA,-19.83369,-40.26292,0,27,0
2026,204,56111,20,1619,CMEI VERA LÚCIA DEVENS RABELLO (VILA RICA),VILA RICA,-19.8182,-40.27831,1132,63,0
2026,205,56111,20,1627,ASSOCIAÇÃO DA ALDEIA INDÍGENA NOVA ESPERANÇA (ALDEIA NOVA ESPERANÇA),NOVA ESPERANÇA,-19.88657,-40.14932,56,-1,0
2026,206,56111,20,1635,EMEF EURÍPEDES NUNES LOUREIRO,ITAPUTERA,-19.83056,-40.28279,1538,32,0
2026,207,56120,43,1015,EEEF JOSÉ MARCELINO,BARRA DO ITAPEMIRIM,-21.00968,-40.81109,4513,-1,0
2026,208,56120,43,1023,EPSG DOMINGOS JOSÉ MARTINS (POLIVALENTE),BARRA DO ITAPEMIRIM,-21.02023,-40.81417,4838,-1,0
2026,209,56120,43,1031,ESCOLA PASTOR JOSÉ ABRAÃO,NOVA CANAÃ,-21.06247,-40.91905,960,-1,0
2026,210,56120,43,1040,EMEF SEBASTIÃO DE ALMEIDA FERREIRA,PRAIA DOS CAÇÕES,-21.13195,-40.87189,966,-1,0
2026,211,56120,43,1058,EPG ANÁLIA QUEIROZ DA SILVA,JACARANDÁ,-21.05749,-40.85778,2034,-1,0
2026,212,56120,43,1066,EMPEF IMBURI,IMBURI,-21.13116,-40.93062,585,-1,0
2026,213,56120,43,1074,EMEF PONTAL,PONTAL,-20.99953,-40.80893,833,-1,0
2026,214,56120,43,1090,EEEF MARIA DA GLÓRIA NUNES NEMER,CENTRO,-21.03983,-40.8237,3669,-1,0
2026,215,56120,43,1104,EMEF LAGOA DANTAS,LAGOA DANTAS,-21.08951,-40.84356,1139,-1,0
2026,216,56120,43,1112,EMEI MÔNICA DE AGUIAR,BARRA DO ITAPEMIRIM,-21.01163,-40.81075,1940,-1,0
2026,217,56120,43,1120,EMEIF BOA VISTA DO SUL,BOA VISTA DO SUL,-21.16355,-40.90706,1189,-1,0
2026,218,56120,43,1139,EPG DE BREJO DOS PATOS,BREJO DOS PATOS,-21.07649,-40.88381,798,-1,0
2026,219,56120,43,1147,POSTO DE SAÚDE DE SÃO JOÃO DO JABOTI,SÃO JOÃO DO JABOTI,-21.08665,-40.92078,325,-1,0
2026,220,56120,43,1155,EMEF NAGIB MELEIPE,SANTA TEREZA,-21.04143,-40.83506,2594,-1,0
2026,221,56120,43,1163,ESCOLA MUNICIPAL PROFESSORA ZENI  MENDES DE SOUZA,CACULUCAGEM,-21.12646,-40.90247,394,-1,0
2026,222,56120,43,1171,EPE ANTÔNIO SERAFIM,LAGOA FUNDA,-21.07116,-40.83928,1283,-1,0
2026,223,56120,43,1180,IGREJA CATÓLICA SAGRADA FAMILIA (TIMBÓ),TIMBÓ 2,-21.09374,-40.86992,140,-1,0
2026,224,56120,43,1198,IGREJA BATISTA DE NOVA JERUSALEM,NOVA JERUSALÉM,-21.10953,-40.91273,401,-1,0
2026,225,56120,43,1201,CEMEI CRIANÇA FELIZ,PONTAL,-21.00138,-40.80812,410,-1,0
2026,226,56120,43,1210,EMEI MAICON COSTA DOS SANTOS,CENTRO,-21.04613,-40.83865,1062,-1,0
2026,227,56120,43,1236,EMEIEF BONIFÁCIO JOÃO MARVILA,NOSSA SENHORA APARECIDA,-21.05234,-40.83981,359,-1,0
2026,228,56120,43,1244,CEMEI PROFESSORA JUCELIA DE OLIVEIRA C. BAIENSE,LAGOA DO SIRI,-21.10605,-40.85197,329,-1,0
2026,229,56120,43,1260,ESCOLA MUNICIPAL MARINGÁ,TIMBÓ 1,-21.10215,-40.88885,323,-1,0
2026,230,56120,43,1279,CDPM - CENTRO DE DETENÇÃO PROVISÓRIA DE MARATAÍZES,LAGOA DO MEIO,-21.02137,-40.82459,0,-1,0
2026,231,56120,43,1287,EMEI PROF MARCELO GOMES MOREIRA,ARRAIAS,-21.03153,-40.81617,1525,-1,0
2026,232,56120,43,1295,ESCOLA MUNICIPAL PROF. LAUREA FREIRE BRUMANA (CAIC),BARRA DO ITAPEMIRIM,-21.01337,-40.81526,729,-1,0
2026,233,56138,2,1015,EMEB HERMÍNIA LEAL JÚDICE,NITERÓI,-20.91521,-41.1944,869,-1,0
2026,234,56138,2,1023,EMEBTI ROQUE TELLES GUIMARÃES,BAIXA BONITA,-20.92795,-41.18462,891,-1,0
2026,235,56138,2,1031,EEEFM FERNANDO DE ABREU,CENTRO,-20.9129,-41.19632,1781,-1,0
2026,236,56138,2,1040,EMEB LUIZ ALBERTO FARIA MORENO,CENTRO,-20.91344,-41.19718,1537,-1,0
2026,237,56138,2,1058,SEMMA - SECRETARIA MUNICIPAL DE MEIO AMBIENTE,CENTRO,-20.91431,-41.19764,511,-1,0
2026,238,56138,2,1074,EMEB ISABEL COSTA BAPTISTA,NOSSA SENHORA APARECIDA,-20.9207,-41.18369,1359,-1,0
2026,239,56138,2,1090,SEMADER - SECRETARIA MUNICIPAL DE AGRICULTURA E DESENVOLVIMENTO RURAL,NITERÓI,-20.91586,-41.19604,1079,-1,0
2026,240,56138,2,1104,EMEB FLECHEIRAS,FLECHEIRAS,-21.03557,-41.18036,568,-1,0
2026,241,56138,2,1112,EMEB BENEDITO SAMPAIO,PRAÇA DO ORIENTE,-20.9748,-41.17591,319,-1,0
2026,242,56138,2,1120,EMEB TEOTÔNIO RAFAEL,INDEPENDÊNCIA,-20.95336,-41.12588,347,-1,0
2026,243,56146,10,1015,EEEFM ÁLVARO CASTELO,BERLLAMINO ULYANA,-20.14457,-41.28788,3743,80,1
2026,244,56146,10,1023,EMEI PIERINA COCO BELIZARIO,VILA DE BREJAUBINHA,-20.18243,-41.26667,1263,-1,0
2026,245,56146,10,1031,EEEFM LEOGILDO SEVERIANO DE SOUSA,FAZENDA LEOGILDO,-20.11037,-41.33967,1255,-1,0
2026,246,56146,10,1040,EEEFM SÃO JORGE,DISTRITO DE SÃO JORGE,-19.9753,-41.28007,1603,-1,0
2026,247,56146,10,1058,EEEFM FAZENDA CAMPORÊS,VILA DE RANCHO DANTAS,-20.25306,-41.23787,480,-1,0
2026,248,56146,10,1082,CMEI IVONE MARIA DO CARMO BRUM,BERLLAMINO ULYANA,-20.14185,-41.28559,2049,80,1
2026,249,56146,10,1090,EMEF OSWALDO RIBEIRO DA SILVA,CENTRO,-20.14858,-41.2914,601,80,1
2026,250,56154,7,1015,EPSG JOSÉ DAMASCENO FILHO,SAPUCAIA,-19.51023,-41.01885,3288,-1,0
2026,251,56154,7,1040,EEUEF DE SANTA ROSA,COMUNIDADE SANTA ROSA,-19.77683,-41.01365,305,-1,0
2026,252,56154,7,1066,EMEIEF BENEVENUTO CLEMENTINO GOBBO,SÃO JOSÉ,-19.51888,-41.01171,2288,-1,0
2026,253,56154,7,1090,EMEF OLGA MARTINELLI,DISTRITO DE IBITUBA,-19.69035,-41.01787,781,-1,0
2026,254,56154,7,1112,EMEIEF CARLOS LUIZ FREDERICO,DISTRITO DE VILA NOVA DO BANANAL,-19.68728,-41.1258,732,-1,0
2026,255,56154,7,1120,EMEIEF ALADIA TRINDADE DE PAIVA,DISTRITO DE MASCARENHAS,-19.5047,-40.91505,972,-1,0
2026,256,56154,7,1147,EMEIEF PROF. ELZA EVALD DE OLIVEIRA,DISTRITO DO KM 14 DO MUTUM,-19.39862,-40.90496,1032,-1,0
2026,257,56154,7,1171,EMEF FRANCISCO DA CUNHA RAMALDES,DISTRITO ALTO MUTUM PRETO,-19.27658,-40.90812,895,-1,0
2026,258,56154,7,1260,SESC BAIXO GUANDU,VILA KENNEDY,-19.51463,-41.00756,2015,-1,0
2026,259,56154,7,1392,EPEFM BRASIL,CENTRO,-19.51732,-41.01687,2367,-1,0
2026,260,56154,7,1473,EEEFM DR. JONES DOS SANTOS NEVES,SAPUCAIA,-19.50746,-41.02409,2462,-1,0
2026,261,56154,7,1481,EEEF BRASIL,CENTRO,-19.51727,-41.01689,1573,-1,0
2026,262,56154,7,1490,POSTO DE SAÚDE DOIS IRMÃOS,CÓRREGO DOIS IRMÃOS,-19.68562,-40.95142,147,-1,0
2026,263,56154,7,1511,EMEIEF JOÃO JÚLIO CARDOSO,VALPARAÍSO,-19.52288,-41.001,1225,-1,0
2026,264,56154,7,1538,EMEIEF JOÃO XXIII,ROSÁRIO I,-19.50844,-41.02755,1389,-1,0
2026,265,56154,7,1546,EMEIEF PROFESSORA LÉA HOLZ,MAUÁ,-19.50853,-41.01355,941,-1,0
2026,266,56154,7,1554,EMEIEF DARLENE MAGGIONI FRANQUINI,ROSÁRIO II,-19.50426,-41.03197,664,-1,0
2026,267,56154,7,1562,ESCOLA VIVA - CEEMTI CENTRO EDUCACIONAL DE ENSINO MEDIO EM TEMPO INTEG,VILA KENNEDY,-19.51515,-41.00513,1870,-1,0
2026,268,56162,16,1015,EMEIEF SANTA JULIA,AGROVILA,-19.67868,-40.69658,1114,-1,0
2026,269,56162,16,1023,ESCOLA MUNICIPAL VALE DO CANAÂ,VILA VERDE,-19.75188,-40.65745,4323,-1,0
2026,270,56162,16,1031,EMEI SÃO ROQUE,SÃO ROQUINHO,-19.73846,-40.66171,1671,-1,0
2026,271,56162,16,1040,EMEIEF DARLY NERTY VERVLOET,SÃO JACINTO,-19.72076,-40.61027,938,-1,0
2026,272,56162,16,1058,EMEIEF LUIZ MÔNICO,SÃO FRANCISCO,-19.75189,-40.72595,752,-1,0
2026,273,56162,16,1066,EMEI SANTA JÚLIA,AGROVILA,-19.67888,-40.69631,562,-1,0
2026,274,56162,16,1074,EMEIEF JOSEPHIR BOSCHETTI - SÃO DALMÁCIO,SÃO DALMÁCIO,-19.76356,-40.64925,535,-1,0
2026,275,56170,23,1074,EEMF JOÃO XXIII,CAMPO NOVO,-18.7556,-40.89832,3827,69,0
2026,276,56170,23,1082,EEEF JOÃO BASTOS,VILA GONÇALVES,-18.75401,-40.89051,3221,75,0
2026,277,56170,23,1090,CESFA - PITÁGORAS,VILA VICENTE,-18.75452,-40.88197,2907,78,0
2026,278,56170,23,1147,EMEFTI OZÉIAS REZENDE,CENTRO,-18.76169,-40.88901,2322,70,0
2026,279,56170,23,1236,EEEF DE CACHOEIRINHA DE ITAÚNAS,CACHOEIRINHA DE ITAÚNAS,-18.87442,-40.93079,1172,-1,0
2026,280,56170,23,1279,EEEF ALADIM SILVESTRE DE ALMEIDA,VILA MONTE SINAI,-18.58624,-40.8868,2077,-1,0
2026,281,56170,23,1295,EEEF DE MONTE SENIR,POVOADO DE MONTE SENIR,-18.83767,-40.78152,1168,-1,0
2026,282,56170,23,1325,EMEF VEREADOR ANTÔNIO QUIRINO RAMOS,VILA PORANGA,-18.58422,-40.86234,552,-1,0
2026,283,56170,23,1406,EM ELIZABETH TROZESKI DA SILVA,VILA PAULISTA,-18.66729,-40.79516,1217,-1,0
2026,284,56170,23,1414,EEEF DE VARGEM ALEGRE,VARGEM ALEGRE,-18.80704,-40.8525,1234,-1,0
2026,285,56170,23,1473,EEEF SANTO ANTÔNIO,VILA SANTO ANTÔNIO,-18.75654,-40.806,1129,-1,0
2026,286,56170,23,1490,EEEF DE VILA ITAPERUNA,VILA ITAPERUNA,-18.70914,-40.73964,953,-1,0
2026,287,56170,23,1503,EMEF VICENTE AMARO DA SILVA,CAMPO NOVO,-18.75478,-40.89723,3304,69,0
2026,288,56170,23,1511,CREAS NAIR ALVES DE MOURA,CENTRO,-18.7571,-40.89038,325,70,0
2026,289,56170,23,1538,EEEF ANTÔNIO CIRILO,DENZOL,-18.50983,-40.77383,292,-1,0
2026,290,56170,23,1546,EEEFM GOVERNADOR LINDENBERG,IRMÃOS FERNANDES,-18.74973,-40.89355,2046,73,0
2026,291,56170,23,1554,EM EVANDRA CHAVES DE OLIVEIRA,ASSENT. 3 CORAÇÕES/COM. POÇO AZUL,-18.5259,-40.70231,262,-1,0
2026,292,56170,23,1589,EM SEBASTIAO ALBANO,VILA VICENTE,-18.75359,-40.88157,2354,78,0
2026,293,56170,23,1597,EE ASCENDINA FEITOSA,VILA PAULISTA,-18.66425,-40.79585,1404,-1,0
2026,294,56170,23,1600,EM LUCIENE M FERREIRA,VILA LUCIENE,-18.7303,-40.89427,1084,77,0
2026,295,56170,23,1619,CMEI BRASILINO M DE MORAES,COLINA,-18.76261,-40.8926,738,71,0
2026,296,56170,23,1627,CMEI KATHERINE ZANET,VILA PAULISTA,-18.66139,-40.79177,1020,-1,0
2026,297,56189,41,1015,EMEF ALEGRE,CÓRREGO ALEGRE,-19.20082,-40.09514,1384,-1,0
2026,298,56189,41,1023,EMEF PROFESSOR ALBERTO STANGE JUNIOR,CENTRO,-19.19428,-40.09457,2417,-1,0
2026,299,56189,41,1031,EEEFM ARMANDO BARBOSA QUITIBA,CENTRO,-19.19154,-40.09658,3851,-1,0
2026,300,56189,41,1040,CEIM FAZENDA DOMINGOS CORREIA (JOERANA B),CÓRREGO JOERANA B,-19.07289,-40.08497,366,-1,0
2026,301,56189,41,1058,EMEF CÍVICO-MILITAR JOÃO NEVES PEREIRA,SALVADOR,-19.18889,-40.11109,5193,-1,0
2026,302,56189,41,1066,PEM LÉIA DOS SANTOS,CENTRO,-19.1899,-40.09631,2738,-1,0
2026,303,56189,41,1074,EMEF MARIA DIVINA CAMPANHARO DA SILVA (CHUMBADO),CÓRREGO CHUMBADO,-19.11678,-40.19097,1127,-1,0
2026,304,56189,41,1082,EMEFTIC DEOLINDO BOZI (JOERANA A),CÓRREGO JOERANA A,-19.05087,-40.0299,344,-1,0
2026,305,56189,41,1090,EMEF VEREADOR JAIR FABRES PINTO (CÓRREGO PATIOBA),CÓRREGO PATIOBA,-19.15733,-40.1439,317,-1,0
2026,306,56189,41,1104,CEMEIF AGENOR BAZONI (CÓRREGO RODRIGUES),CÓRREGO RODRIGUES,-19.06095,-40.22936,472,-1,0
2026,307,56189,41,1120,EEEFM CÂNDIDO PORTINARI (JUNCADO),JUNCADO,-19.0886,-40.13871,1348,-1,0
2026,308,56189,41,1139,EMEF LUCILENE LIRA GAMA,COMENDADOR RAFAEL,-19.16468,-40.19423,583,-1,0
2026,309,56189,41,1155,UNIDADE CRAS SANTA LUZIA (ANTIGA PEM PAULO CESAR FORNAZIER),SANTA LUZIA DO CHUMBADO,-19.10216,-40.18506,323,-1,0
2026,310,56189,41,1163,BARRO ROXO - COM. N. SRA. DA PENHA - SALÃO PAROQUIAL,CÓRREGO BARRO ROXO,-19.09587,-40.21751,77,-1,0
2026,311,56189,41,1171,EMEF PEDRO BALBINO DE MENEZES,bairro canaã,-19.19751,-40.09836,461,-1,0
2026,312,56197,39,1015,EMEF PROFª UBALDINA SANTO AMARO DO AMARAL,CENTRO,-18.5398,-40.29794,2121,-1,0
2026,313,56197,39,1023,EEEFM ANTÔNIO DOS SANTOS NEVES,CENTRO,-18.5409,-40.29845,3082,-1,0
2026,314,56197,39,1031,EEEFM DE SOBRADINHO,SOBRADINHO,-18.4288,-40.38694,1619,-1,0
2026,315,56197,39,1040,EMEIEF KM-20,QUILÔMETRO 20,-18.48712,-40.39875,739,-1,0
2026,316,56197,39,1058,EMEF DE SANTO ANTÔNIO,SANTO ANTÔNIO,-18.51707,-40.35275,829,-1,0
2026,317,56197,39,1066,EMEIEF ANADYR DE ALMEIDA MARCHIORI,BELA VISTA,-18.55442,-40.22318,825,-1,0
2026,318,56197,39,1074,EMEF PROFª IZAURA ALMEIDA SILVA,NOVA CIDADE,-18.53923,-40.28848,2067,-1,0
2026,319,56200,38,1031,EEEFM PROFA MARIA MAGDALENA DA SILVA,VILA NOVA,-18.12853,-40.53837,1768,-1,0
2026,320,56200,38,1040,EPG DE ITAMIRA,ITAMIRA,-18.25361,-40.51281,1398,-1,0
2026,321,56200,38,1074,EEEF PROFA VALDA COSTA SEVERO,CENTRO,-18.12311,-40.53968,2408,-1,0
2026,322,56200,38,1082,PRÉ-ESCOLA MUNICIPAL PEQUENO PRÍNCIPE,CHAPISCO,-18.11645,-40.54036,425,-1,0
2026,323,56200,38,1104,PROFA. JUSSARA BATISTA TAVARES,ALVORADA,-18.11881,-40.54032,501,-1,0
2026,324,56219,44,1015,E. M. CEL ANTÔNIO HONÓRIO (NOVO HORÁCIO PLÍNIO),CENTRO,-21.1312,-41.67664,1865,-1,0
2026,325,56219,44,1023,EEEFM HORÁCIO PLÍNIO (NOVA ESCOLA MINERVINA),CENTRO,-21.13277,-41.67829,2564,-1,0
2026,326,56219,44,1031,EM MINERVINA DA SILVA ARAUJO (NOVA ESCOLA SÃO SEBASTIÃO),SÃO SEBASTIÃO,-21.12527,-41.67167,1512,-1,0
2026,327,56219,44,1040,ESCOLA SÃO SEBASTIÃO,SÃO SEBASTIÃO,-21.12386,-41.67281,915,-1,0
2026,328,56219,44,1082,JARDIM DE INFÂNCIA GIL VELOSO,CENTRO,-21.12972,-41.67454,728,-1,0
2026,329,56219,44,1090,CMEI FATINHA BOECHAT,SÃO SEBASTIÃO,-21.1236,-41.67282,927,-1,0
2026,330,56227,37,1015,EMEF PATRIMÔNIO ARARIBÓIA,ARARIBOIA,-19.04982,-40.29544,417,-1,0
2026,331,56227,37,1023,SALÃO PAROQUIAL DO CÓRREGO PINTADA,SÃO JORGE DA BARRA SECA,-18.87349,-40.27529,277,-1,0
2026,332,56227,37,1058,SALÃO DE CATEQUESE DA COMUNIDADE SÃO FRANCISCO DE ASSIS DE PARAISÓPOLI,JURAMA,-18.95477,-40.29045,784,-1,0
2026,333,56227,37,1066,EMEIEF WELTON ALTOE CALIMAN - TESOURO,SÃO JORGE DA BARRA SECA,-18.9041,-40.22992,612,-1,0
2026,334,56227,37,1074,EMEF JURAMA,JURAMA,-18.99343,-40.2732,1106,-1,0
2026,335,56227,37,1090,EMEF MARIA LUIZA JORGE DOS REIS - SÃO JORGE DA BARRA SECA,SÃO JORGE DA BARRA SECA,-18.84931,-40.34,984,-1,0
2026,336,56227,37,1104,COMUNIDADE SAGRADA FAMÍLIA - CÓRREGO VARGEM ALEGRE,JURAMA,-19.01323,-40.31958,277,-1,0
2026,337,56227,37,1112,EEEFM ATÍLIO VIVACQUA,CENTRO,-18.99869,-40.3917,3718,-1,0
2026,338,56227,37,1120,EEEF VALÉRIO,CENTRO,-19.00196,-40.38751,1273,-1,0
2026,339,56227,37,1139,EMEI CINDERELA,BOA VISTA,-18.9969,-40.38856,2362,-1,0
2026,340,56227,37,1147,EMEF VIVA KAIO FRED DARÉ GRIGOLETO,RAFAEL THOMAS,-19.00064,-40.39306,711,-1,0
2026,341,56227,37,1155,EMEIEF BERNARDO MANTOVANELLI - DOURADO,SEDE,-19.01737,-40.4339,411,-1,0
2026,342,56235,2,1180,ESCOLA GUIMARÃES ROSA,CENTRO,-20.8514,-41.11077,2077,103,0
2026,343,56235,2,1252,EMEB ANISIO VIEIRA DE ALMEIDA RAMOS,VILA RICA,-20.84088,-41.12944,2691,146,0
2026,344,56235,2,1368,EMEB OSWALDO MACHADO,BAIMINAS,-20.85687,-41.1044,1948,94,0
2026,345,56235,2,1376,EEEM CEI ÁTTILA DE ALMEIDA MIRANDA,VILA RICA,-20.84227,-41.12863,4460,146,0
2026,346,56235,2,1406,EMEB GALDINO THEODORO DA SILVA,JARDIM ITAPEMIRIM,-20.85502,-41.15295,4161,118,0
2026,347,56235,2,1414,SESI - SERVIÇO SOCIAL DA INDÚSTRIA,ALTO MONTE CRISTO,-20.84878,-41.14846,3206,87,0
2026,348,56235,2,1422,EEEFM LIONS SEBASTIÃO DE PAIVA VIDAURRE,DR LUIZ TINOCO DA FONSECA,-20.83246,-41.1562,2341,119,0
2026,349,56235,2,1430,EMEB PEDRO ESTELLITA HERKENHOFF,WALDIR FURTADO DE AMORIM ,-20.83946,-41.15784,2849,148,0
2026,350,56235,2,1457,EMEB ELISEU LOFEGO,RUY PINTO BANDEIRA,-20.83858,-41.18299,2014,136,0
2026,351,56235,2,1465,EEEFM PROFA. HOSANA SALLES,AEROPORTO,-20.83139,-41.1761,3498,83,0
2026,352,56235,2,1635,EMEBTI DONA MARIA SANTANA,BASILÉIA,-20.85077,-41.12369,1770,95,0
2026,353,56235,2,1643,EEEFM PROFESSOR CLAUDIONOR RIBEIRO - POLIVALENTE GUANDU,MARIA ORTIZ,-20.84262,-41.12635,1056,121,0
2026,354,56235,2,1660,EMEB QUINTILIANO DE AZEVEDO,SANTO ANTÔNIO,-20.84612,-41.12562,3397,137,0
2026,355,56235,2,1694,EEEFM AGOSTINHO SIMONATO,JARDIM AMÉRICA,-20.84997,-41.14642,2432,117,0
2026,356,56235,2,1732,EEEFM FRATERNIDADE E LUZ,SUMARÉ,-20.85431,-41.11204,1684,140,0
2026,357,56235,2,1740,EMEB ZENI PIRES FERREIRA,AMARAL,-20.85743,-41.10662,2280,90,0
2026,358,56235,2,1767,EMEB PROF. VALDY FREITAS,PARAÍSO,-20.86297,-41.12187,3235,131,0
2026,359,56235,2,1783,EEEF AMÉLIA TOLEDO DO ROZÁRIO,DISTRITO DE CÓRREGO DOS MONOS,-20.86857,-41.20678,1381,-1,0
2026,360,56235,2,1848,EMEB MARIA DAS DORES PINHEIRO AMARAL,VALÃO,-20.82604,-41.12979,1446,107,0
2026,361,56235,2,1856,EMEB MONTEIRO LOBATO,ALTO UNIÃO,-20.88054,-41.09957,2672,89,0
2026,362,56235,2,1880,EMEB JULIETA DEPES TALLON,ZUMBI,-20.85031,-41.13289,2852,149,0
2026,363,56235,2,1899,EEEF ROTARY,OTTON MARINS,-20.84809,-41.13204,2666,130,0
2026,364,56235,2,1902,EMEB PLURIDOCENTE TIJUCA,TIJUCA,-20.91212,-41.11854,477,-1,0
2026,365,56235,2,1929,EMEB PROF. DAVID ALBERTO LÓSS,CORAMARA,-20.83113,-41.15268,1555,104,0
2026,366,56235,2,1937,EMEB NOSSA SENHORA DAS GRAÇAS,AGOSTINHO SIMONATO,-20.84541,-41.15088,1354,84,0
2026,367,56235,2,1996,SALÃO PAROQUIAL DE SANTA FÉ DE CIMA,SANTA FÉ DE CIMA,-20.83756,-41.22834,415,-1,0
2026,368,56235,2,2070,EMEB PROF. DEUSDEDIT BAPTISTA,CORAMARA,-20.83528,-41.14963,735,104,0
2026,369,56235,2,2089,EMEB PADRE GINO ZATELLI,DR GILSON CARONE,-20.83919,-41.14757,2897,111,0
2026,370,56235,2,2119,EMEB LUIZ MARQUES PINTO,BOA VISTA,-20.83484,-41.18076,1327,98,0
2026,371,56235,2,2135,EMEB JENNY GUÁRDIA,SÃO GERALDO,-20.87743,-41.12761,1166,142,0
2026,372,56235,2,2143,EEEFM BERNARDINO MONTEIRO,AMARELO,-20.85989,-41.1181,2491,91,0
2026,373,56235,2,2151,EMEB OSCAR MONTENEGRO FILHO,RECANTO,-20.85148,-41.11795,1500,134,0
2026,374,56235,2,2224,EMEB REVERENDO JADER GOMES COELHO,IBC,-20.85442,-41.15028,2036,113,0
2026,375,56235,2,2232,EMEB PROF. ELISIO CORTES IMPERIAL,TEIXEIRA LEITE,-20.83362,-41.12339,705,145,0
2026,376,56235,2,2267,UNIÃO SOCIAL CAMILIANA - CAMPUS I (SÃO CAMILO),PARAÍSO,-20.86061,-41.12104,2287,131,0
2026,377,56235,2,2275,EMEB MARIA TEREZA BRANDÃO DE MELLO,BASILÉIA,-20.85356,-41.12304,932,95,0
2026,378,56235,2,2283,MULTIVIX - CAMPUS MONTE BELO,MONTE BELO,-20.87215,-41.1018,1305,125,1
2026,379,56235,2,2291,EMEB ALAIR TURBAY BAIÃO,OTTON MARINS,-20.8475,-41.13621,980,130,0
2026,380,56235,2,2305,EMEB MARIA SILOTI,DR LUIZ TINOCO DA FONSECA,-20.83203,-41.15546,784,119,0
2026,381,56235,2,2313,EMEB PE JEFFERSON LUIZ DE MAGALHÃES (SUPER CRECHE),BOA VISTA,-20.83376,-41.17871,800,98,0
2026,382,56235,2,2321,EMEB PROFA ARIETTE MOULIN COSTA,SÃO LUCAS,-20.84578,-41.15887,387,143,0
2026,383,56235,2,2330,EMEB SÃO FRANCISCO DE ASSIS,SÃO FRANCISCO DE ASSIS,-20.85237,-41.14158,813,141,0
2026,384,56235,2,2348,EMEB WALDIR FURTADO AMORIM,WALDIR FURTADO DE AMORIM ,-20.8397,-41.1583,346,148,0
2026,385,56235,2,2356,EMEB LIONS CLUBE FRADE E A FREIRA,JARDIM ITAPEMIRIM,-20.85366,-41.15417,1072,118,0
2026,386,56235,2,2364,EMEB CARIM TANURE,BELA VISTA,-20.8606,-41.10277,154,94,0
2026,387,56235,2,2372,EMEBTI PROF JOSÉ PAINEIRAS FILHO,PRESIDENTE ARTHUR COSTA E SILVA,-20.86185,-41.10865,1420,133,0
2026,388,56235,2,2380,EMEB MARIA DAS GRAÇAS FELIPPE,DISTRITO DE SÃO JOAQUIM,-20.79562,-41.17461,241,-1,0
2026,389,56235,2,2399,EMEB MARIA ANGÉLICA MARANGONI SANT'ANA,ZUMBI,-20.85111,-41.12708,108,149,0
2026,390,56235,48,1015,EMEBTI AURORA ESTELLITA HERKENHOFF,AQUIDABAN,-20.84202,-41.11661,1350,92,0
2026,391,56235,48,1023,EMEB LUIZ SEMPRINI,DISTRITO DE PACOTUBA,-20.76376,-41.27178,1235,-1,0
2026,392,56235,48,1031,EMEB PROFª CIBELIA TEIXEIRA ZIPPINOTI (COUTINHO),DISTRITO DE COUTINHO,-20.75691,-41.19461,866,-1,0
2026,393,56235,48,1040,EEEFM ZACHEU MOREIRA DA FRAGA,DISTRITO DE VARGEM GRANDE DE SOTURNO,-20.76328,-41.05936,3027,-1,0
2026,394,56235,48,1058,CENTRO DE ENSINO LAURO PINHEIRO - CELP,INDEPENDÊNCIA,-20.85256,-41.10612,1113,116,0
2026,395,56235,48,1066,EMEB MONTE ALEGRE,MONTE ALEGRE,-20.73402,-41.27155,339,-1,0
2026,396,56235,48,1074,EMEBTI PROF. FLORISBELO NEVES,NOVO PARQUE,-20.83559,-41.11552,2977,129,0
2026,397,56235,48,1082,EMEB PROFA GÉRCIA FERREIRA GUIMARÃES,VILLAGE DA LUZ,-20.83068,-41.11999,1399,110,0
2026,398,56235,48,1104,IASES - COMPLEXO DE CACHOEIRO DE ITAPEMIRIM (UNIP SUL E UNIS SUL),MONTE LÍBANO,-20.85452,-41.08848,0,144,1
2026,399,56235,48,1120,EEEFM WILSON REZENDE,DISTRITO DE BURARAMA,-20.68063,-41.3474,1376,-1,0
2026,400,56235,48,1139,EMEBTI GIRONDA,DISTRITO DE GIRONDA,-20.72286,-41.0829,1036,-1,0
2026,401,56235,48,1147,EMEB ZILMA COELHO PINTO,FERROVIÁRIOS,-20.84549,-41.1149,581,109,0
2026,402,56235,48,1155,CIAE  NEWTON BRAGA,FERROVIÁRIOS,-20.84444,-41.11333,627,109,0
2026,403,56235,48,1163,EMEB ANACLETO RAMOS,FERROVIÁRIOS,-20.84438,-41.11319,3165,109,0
2026,404,56235,48,1171,COLÉGIO JESUS CRISTO REI,INDEPENDÊNCIA,-20.84922,-41.10968,3422,116,0
2026,405,56235,48,1180,CEEFMTI LICEU MUNIZ FREIRE,INDEPENDÊNCIA,-20.85292,-41.10673,2514,116,0
2026,406,56235,48,1198,EMEB MARIA STAEL DE MEDEIROS TEIXEIRA,VILLAGE DA LUZ,-20.82857,-41.11556,2826,147,0
2026,407,56235,48,1201,EEEFM PRES. GETÚLIO VARGAS (POLIVALENTE AQUIDABAN),AQUIDABAN,-20.84202,-41.11453,2739,82,0
2026,408,56235,48,1210,EMEB PROFA. INAH WERNECK,AQUIDABAN,-20.84176,-41.11682,3616,92,0
2026,409,56235,48,1228,CEEFMTI PROF. FRANCISCO COELHO ÁVILA JUNIOR (POLIVALENTE CEL BORGES),CORONEL BORGES,-20.85328,-41.09405,3698,105,0
2026,410,56235,48,1252,EMEB CAROLINA PASSOS GAIGHER,IBITIQUARA,-20.84463,-41.1089,2598,114,0
2026,411,56235,48,1260,EMEB SÃO VICENTE,SÃO VICENTE,-20.65977,-41.0915,763,-1,0
2026,412,56235,48,1287,CDPCI - CENTRO DE DETENÇÃO PROVISÓRIA DE CACHOEIRO DE ITAPEMIRIM,CORONEL BORGES,-20.85452,-41.08848,0,144,1
2026,413,56235,48,1295,EEEFM PROFA. PETRONÍLHA VIDIGAL,DISTRITO DE ITAÓCA,-20.72804,-41.13276,3657,-1,0
2026,414,56235,48,1309,EMEB PROF. DOMINGOS UBALDO,DISTRITO DE CONDURU,-20.67346,-41.20735,2249,-1,0
2026,415,56235,48,1317,EMEB SANDRA MONTEIRO VARGAS PIASSI,AQUIDABAN,-20.84276,-41.11681,96,92,0
2026,416,56235,48,1325,EMEB ZILDA SOARES MOURA,VILLAGE DA LUZ,-20.82672,-41.11856,752,147,0
2026,417,56235,48,1333,EMEB JACOMO SILOTTI,SOTURNO,-20.77148,-41.06722,675,-1,0
2026,418,56235,48,1341,COMUNIDADE NOSSA SENHORA DE FÁTIMA,INDEPENDÊNCIA,-20.84822,-41.10716,212,116,0
2026,419,56235,48,1350,EMEB PROFESSORA VALERIA AQUINO VIANA,ITAÓCA,-20.72859,-41.13434,388,-1,0
2026,420,56235,48,1368,EPPG BEM TE VI,IBITIQUARA,-20.84637,-41.11048,364,114,0
2026,421,56235,48,1376,EMEB OLGA DIAS DA COSTA MENDES,CORONEL BORGES,-20.85245,-41.09504,32,105,0
2026,422,56235,48,1384,EMEB PROFESSORA JURACY CRUZ,SÃO LUIZ GONZAGA,-20.85127,-41.09181,40,144,0
2026,423,56251,34,1228,EMEF ANTÁRIO ALEXANDRE THEODORO ( ANTÁRIO FILHO),SÃO FRANCISCO,-20.34844,-40.40666,1152,226,0
2026,424,56251,34,1236,EMEF STÉLIDA DIAS,CAMPO GRANDE,-20.34008,-40.38412,4116,164,0
2026,425,56251,34,1244,FACULDADE MULTIVIX,CAMPO GRANDE,-20.34484,-40.38165,4953,164,0
2026,426,56251,34,1252,EMEF TALMA SARMENTO DE MIRANDA,SÃO GERALDO,-20.341,-40.38218,4390,227,0
2026,427,56251,34,1260,EEEFM HUNNEY EVEREST PIOVESAN,SANTA FÉ,-20.34669,-40.3869,7214,188,0
2026,428,56251,34,1279,EMEF NILTON GOMES (CRUZEIRO DO SUL),CRUZEIRO DO SUL,-20.34632,-40.3923,3362,171,0
2026,429,56251,34,1287,CMEI JESUS MENINO (PARQUE INFANTIL),CAMPO GRANDE,-20.33919,-40.38698,1644,164,0
2026,430,56251,34,1295,EMEF MARIA PAIVA,SÃO GERALDO,-20.34782,-40.3784,2442,227,0
2026,431,56251,34,1325,EMEFTI EURIDES GABRIEL (SANTA IZABEL),CAMPO BELO,-20.36052,-40.37963,2412,163,0
2026,432,56251,34,1341,EMEF PEDRO VENTURIM,ROSA DA PENHA,-20.34944,-40.38271,1393,213,0
2026,433,56251,34,1465,EEEF TIRADENTES,BELA AURORA,-20.35231,-40.36656,4069,158,0
2026,434,56251,34,1473,EMEF SÃO JORGE,RIO MARINHO,-20.3806,-40.36893,5135,186,0
2026,435,56251,34,1759,EEEF VENTINO DA COSTA BRANDÃO,ROSA DA PENHA,-20.35483,-40.38328,2354,224,0
2026,436,56251,34,1767,EMEF ALZIRA RAMOS,RIO MARINHO,-20.38069,-40.36968,4470,186,0
2026,437,56251,34,1775,EEEF CELESTINO DE ALMEIDA,BELA VISTA,-20.36955,-40.37163,2357,159,0
2026,438,56251,34,1791,EEEFM MARIANO FIRME DE SOUZA,BANDEIRANTES,-20.36231,-40.36754,4810,157,0
2026,439,56251,34,1899,EMEF MANUEL MELO SOBRINHO,VILA PALESTINA,-20.34403,-40.39715,2312,244,0
2026,440,56251,34,1902,CMEI PEDRO VIEIRA DA SILVA,SÃO GERALDO,-20.34341,-40.37872,1408,227,0
2026,441,56251,34,1910,EMEF TANCREDO DE ALMEIDA NEVES,SANTA BÁRBARA,-20.35443,-40.39478,2708,214,0
2026,442,56251,34,1945,EMEF AYRTON SENNA ( VISTA MAR),VISTA MAR,-20.35524,-40.36632,2516,249,0
2026,443,56251,34,1970,EMEF RENASCER,PADRE GABRIEL,-20.37359,-40.39017,3802,200,0
2026,444,56251,34,2011,EMEF VALDECI CEZARIO (VILA RICA),VILA RICA,-20.3567,-40.40342,1362,219,0
2026,445,56251,34,2020,EMEF ORLANDO MOREIRA DE LIMA ( ITAPEMIRIM),ITAPEMIRIM,-20.35545,-40.37949,2643,181,0
2026,446,56251,34,2038,EMEF JOANA MARIA DA SILVA,CASTELO BRANCO,-20.37203,-40.37918,4174,168,0
2026,447,56251,34,2046,EMEF MARIA AUGUSTA TAVARES ( JARDIM BOTÂNICO),JARDIM BOTÂNICO,-20.38898,-40.37227,3091,184,0
2026,448,56251,34,2089,EMEF HEMOGÊNIA MARIA DA CONCEIÇÃO,PIRANEMA,-20.32859,-40.41747,2048,203,0
2026,449,56251,34,2097,EMEF FERDINANDO SANTÓRIO,VILA CAPIXABA,-20.33886,-40.39795,2103,240,0
2026,450,56251,34,2100,EEEFM PROF. JOSÉ LEÃO NUNES,VALE ESPERANÇA,-20.34591,-40.36451,3313,234,0
2026,451,56251,34,2119,EEEFM THEODOMIRO RIBEIRO COELHO,NOVO HORIZONTE,-20.33541,-40.42285,2998,197,0
2026,452,56251,34,2135,EMEFTI PROF. CERQUEIRA LIMA,JARDIM AMÉRICA,-20.33766,-40.35959,1264,183,0
2026,453,56251,34,2143,EPSG PASSIONISTA,JARDIM AMÉRICA,-20.33465,-40.36353,2738,183,0
2026,454,56251,34,2151,EMEF ECIM DR. AFONSO SCHWAB,JARDIM AMÉRICA,-20.3378,-40.36587,2543,183,0
2026,455,56251,34,2160,EMEF ANTERO JOSÉ DO NASCIMENTO (REIS MAGOS),VALE DOS REIS,-20.32392,-40.42829,3620,235,0
2026,456,56251,34,2178,EMEF EUVIRA BENEDITA CARDOSO DA SILVA,NOVO BRASIL,-20.31712,-40.43732,2635,196,0
2026,457,56251,34,2186,EMEF AMENÓPHIS DE ASSIS,VALE ESPERANÇA,-20.34449,-40.3688,3116,234,0
2026,458,56251,34,2194,EEEFM ARY PARREIRAS,VILA CAPIXABA,-20.33725,-40.39554,3746,240,0
2026,459,56251,34,2208,EMEF MARÍLIA DE REZENDE COUTINHO,SANTA CECÍLIA,-20.33286,-40.3945,2309,215,0
2026,460,56251,34,2216,CMEI JOSE LUIS ARAUJO,NOVO HORIZONTE,-20.33535,-40.41866,1164,197,0
2026,461,56251,34,2224,EEEF JOSÉ VITOR FILHO (JARDIM FELIZ),VILA INDEPENDÊNCIA,-20.33289,-40.4079,1812,241,0
2026,462,56251,34,2232,EEEF JESUS CRISTO REI,SÃO FRANCISCO,-20.34911,-40.40636,4961,226,0
2026,463,56251,34,2240,CMEI MARIA APARECIDA LACERDA MOURA,VERA CRUZ,-20.33649,-40.37626,1195,238,0
2026,464,56251,34,2259,EMEFTI ANTÔNIO ESTEVES,VERA CRUZ,-20.33848,-40.37307,1310,238,0
2026,465,56251,34,2275,CMEI ABILIO LUIZ FAGUNDES,RIO MARINHO,-20.37772,-40.36388,1248,212,0
2026,466,56251,34,2283,EEEFM DR. JOSÉ MOYSES,BELA VISTA,-20.36642,-40.37355,1708,159,0
2026,467,56251,34,2291,SESI,VILA CAPIXABA,-20.33764,-40.39181,933,240,0
2026,468,56251,34,2313,CMEI TARCILIO MONTANARI,BELA AURORA,-20.35157,-40.37035,2424,158,0
2026,469,56251,34,2321,EEEFM NEA SALLES NUNES PEREIRA ( MARACANÃ ),MARACANÃ,-20.3588,-40.37394,740,187,0
2026,470,56251,34,2330,CMEI JAIME DOS SANTOS NEVES,SÃO GERALDO II,-20.35219,-40.38015,3098,228,0
2026,471,56251,34,2348,CMEI ALTIVA BELMOND DE CAMPOS,JARDIM CAMPO GRANDE,-20.3631,-40.39452,910,185,0
2026,472,56251,34,2356,SESC,SANTA BÁRBARA,-20.35518,-40.3887,1257,202,0
2026,473,56251,34,2380,EMEF NOÊMIA COSTA DE LIMA,VISTA MAR,-20.36006,-40.3684,642,249,0
2026,474,56251,34,2399,CMEITI CELITA NASCIMENTO DA RÓS,JARDIM AMÉRICA,-20.33544,-40.36384,1251,183,0
2026,475,56251,34,2410,CENTRO EDUCACIONAL VINICIUS DE MORAES - CEVIM,CAMPO GRANDE,-20.34437,-40.38832,2860,164,0
2026,476,56251,54,1015,EMEF PROFESSOR AUGUSTO LUCIANO,CARIACICA SEDE,-20.26678,-40.41852,4490,167,0
2026,477,56251,54,1031,EEEFM SÃO JOÃO BATISTA,SÃO JOÃO BATISTA,-20.27388,-40.41361,6495,230,0
2026,478,56251,54,1040,EMEF VIRGÍLIO FRANCISCO SCHWAB,PORTO DE CARIACICA,-20.27879,-40.40251,3380,207,0
2026,479,56251,54,1058,EMEF MARIA GUILHERMINA DE CASTRO,campoverdentigadivisão,-20.29415,-40.40663,4102,165,0
2026,480,56251,54,1074,CMEI CLETO PRUDÊNCIO RODRIGUES,CARIACICA SEDE,-20.26682,-40.41731,1562,167,0
2026,481,56251,54,1090,EEEFM CORONEL OLIMPIO CUNHA,SANTANA,-20.31139,-40.39139,5513,218,0
2026,482,56251,54,1112,CMEI DARCY RODRIGUES CARDOSO (DISNEILÂNDIA),SANTANA,-20.31287,-40.38939,1349,218,0
2026,483,56251,54,1120,CEEMTI PROFESSORA MARIA PENEDO - POLIVALENTE,ITACIBÁ,-20.32649,-40.37435,3007,179,0
2026,484,56251,54,1139,EMEF TERFINA ROCHA FERREIRA,ITACIBÁ,-20.32318,-40.37582,4636,179,0
2026,485,56251,54,1147,INSTITUTO FEDERAL DO ESPÍRITO SANTO - IFES,ITACIBÁ,-20.32412,-40.3722,3720,179,0
2026,486,56251,54,1171,CMEI CORINA SERRANO MOTA (BRANCA DE NEVE),NOVA BRASÍLIA,-20.32417,-40.38805,1985,190,0
2026,487,56251,54,1180,EEEF JOSÉ MARIA FERREIRA,NOVA BRASÍLIA,-20.32681,-40.39229,4123,190,0
2026,488,56251,54,1198,EMEF NOSSA SENHORA APARECIDA,ORIENTE,-20.32972,-40.38097,2748,199,0
2026,489,56251,54,1201,EMEF ÁLVARO ARMELONI,ORIENTE,-20.32853,-40.37959,2159,199,0
2026,490,56251,54,1210,EMEF ÂNGELO ZANI,MUCURI,-20.33113,-40.40281,3251,241,0
2026,491,56251,54,1481,EMEF ROSA MARIA REIS,PORTO DE CARIACICA,-20.2689,-40.39439,1704,207,0
2026,492,56251,54,1503,EEEFM PROFESSOR JOAQUIM BARBOSA QUITIBA,ITANGUÁ,-20.32869,-40.39087,4614,180,0
2026,493,56251,54,1511,EEEFM JOSÉ RODRIGUES COUTINHO,SANTO ANTÔNIO,-20.30111,-40.40528,2358,166,0
2026,494,56251,54,1597,EMEFTI LEONILDA DAS GRAÇAS LANGA,NOVA VALVERDE,-20.32015,-40.39126,1487,195,0
2026,495,56251,54,1635,ANEXO DA ECECTI MARGARETE CRUZ PEREIRA(ANTIGA ESCOLA ILDA MEIRELLES),BOA VISTA,-20.32389,-40.47917,540,-1,0
2026,496,56251,54,1821,EMEF PADRE ANTHONIUS LUTE,NOVA ESPERANÇA,-20.26008,-40.39262,1255,193,0
2026,497,56251,54,1864,EMEF VALDICI ALVES BAIER,AREINHA,-20.26213,-40.42499,2785,209,0
2026,498,56251,54,1910,"IASES - COMPLEXO DE CARIACICA (UNIP1, UNIP2, UNIS E UFI)",CARIACICA SEDE,-20.27293,-40.41475,0,167,0
2026,499,56251,54,1937,EMEF PADRE GABRIEL ROGER MAIRE - CAIC,PORTO NOVO,-20.29803,-40.37093,4910,205,0
2026,500,56251,54,1945,EEEFM SATURNINO RANGEL MAURO,NOVA ROSA DA PENHA I,-20.26222,-40.38176,3263,194,0
2026,501,56251,54,1953,CMEI APARECIDA DA CONCEIÇÃO CASAGRANDE CAMILIO,FLEXAL II,-20.28958,-40.37878,2353,174,0
2026,502,56251,54,1961,EEEFM ANA LOPES BALESTREIRO,FLEXAL I,-20.28911,-40.37802,3772,174,0
2026,503,56251,54,1970,CEEFTI PRESIDENTE CASTELO BRANCO,PORTO DE SANTANA,-20.30803,-40.36724,2591,206,0
2026,504,56251,54,1988,CAT-INDª ARNALDO MAGALHES FILHO - SESI,PORTO DE SANTANA,-20.30837,-40.36743,3144,206,0
2026,505,56251,54,2003,EMEF ARTHUR DA COSTA E SILVA,APARECIDA,-20.30589,-40.37485,3636,156,0
2026,506,56251,54,2011,EMEF ANTONIO COUTINHO DE OLIVEIRA,RETIRO SAUDOSO,-20.30115,-40.37601,861,210,0
2026,507,56251,54,2020,EEEFM MARIA DE LOURDES POYARES LABUTO,VILA TABAJARA,-20.30245,-40.39343,4066,231,0
2026,508,56251,54,2038,EMEF JOÃO PEDRO DA SILVA,PORTO DE SANTANA,-20.30824,-40.37005,2630,206,0
2026,509,56251,54,2054,EEEFM JOÃO CRISÓSTOMO BELESA,PORTO DE SANTANA,-20.31263,-40.36745,2263,206,0
2026,510,56251,54,2062,EEEF MANOEL PASCHOAL DE OLIVEIRA,NOVA CANAÃ,-20.28606,-40.37617,3918,192,0
2026,511,56251,54,2070,EEEFM ZAIRA MANHÃES DE ANDRADE,NOVA ROSA DA PENHA I,-20.2632,-40.38877,5118,194,0
2026,512,56251,54,2089,EMEF OLIVEIRA CASTRO,ITAQUARI,-20.32785,-40.36075,3112,182,0
2026,513,56251,54,2097,CMEI ANA LÚCIA FERREIRA DA SILVA,ITAQUARI,-20.32498,-40.36058,1170,182,0
2026,514,56251,54,2100,IASES - CSE (TUCUM),TUCUM,-20.3123,-40.37831,0,233,0
2026,515,56251,54,2119,CMEI HILDA SCARPINO (ANTIGO PRESIDENTE MÉDICI),PRESIDENTE MÉDICI,-20.30417,-40.37058,3337,208,0
2026,516,56251,54,2127,EMEF PROFESSORA TÂNIA PONCIO LEITE,VILA CAJUEIRO,-20.26059,-40.35607,363,239,0
2026,517,56251,54,2135,EMEF IRACY GOBBI,EXPEDITO,-20.32568,-40.36847,1600,173,0
2026,518,56251,54,2143,EMEF LAURINDA PEREIRA DO NASCIMENTO,VILA GRAÚNA,-20.30481,-40.38553,2964,178,0
2026,519,56251,54,2151,EMEF TEOTÔNIO BRANDÃO VILELA,NOVA ROSA DA PENHA II,-20.25203,-40.38422,4344,194,0
2026,520,56251,54,2160,EEEFM PROFESSORA MARIA DE LOURDES SANTOS SILVA,ALTO LAGE,-20.32946,-40.3683,4663,152,0
2026,521,56251,54,2178,EMEF JOCARLY GOMES SALLES - ANTIGO ITAGIBA ESCOBAR,ALTO LAGE,-20.33104,-40.37326,2376,152,0
2026,522,56251,54,2186,CPFC - CENTRO PRISIONAL FEMININO DE CARIACICA,BUBU,-20.2797,-40.41548,0,216,1
2026,523,56251,54,2194,EMEF AGUSTINHA MUNIZ DE OLIVEIRA,VILA PRUDÊNCIO,-20.29358,-40.38341,267,174,0
2026,524,56278,3,1015,CEET EMÍLIO NEMER,CENTRO,-20.60312,-41.2051,1189,-1,0
2026,525,56278,3,1023,EEEFM JOÃO BLEY,CENTRO,-20.61022,-41.20268,3821,-1,0
2026,526,56278,3,1031,EMEIEF MADALENA PISA,VILA ISABEL,-20.60253,-41.20936,3899,-1,0
2026,527,56278,3,1040,EMEIEF NESTOR GOMES,CENTRO,-20.60417,-41.20343,2522,-1,0
2026,528,56278,3,1066,EMEIEF FELINTO MARTINS,ARACUÍ,-20.64183,-41.20887,2460,-1,0
2026,529,56278,3,1074,EMEIEF DELZA FRASSON,ESTRELA DO NORTE,-20.58386,-41.31395,1311,-1,0
2026,530,56278,3,1112,IGREJA MATRIZ,NOSSA SENHORA APARECIDA,-20.60375,-41.20385,471,-1,0
2026,531,56278,3,1139,PRIMEIRA IGREJA BATISTA,INDEPENDÊNCIA,-20.5995,-41.20261,728,-1,0
2026,532,56278,3,1155,EMEIEF ESPLANADA,ESPLANADA,-20.61597,-41.2053,831,-1,0
2026,533,56278,3,1163,EMEIEF ADILSON FURLAN,PATRIMÔNIO DO OURO,-20.56854,-41.07632,1003,-1,0
2026,534,56278,3,1171,EMEIEF REINALDO FIM,LIMOEIRO,-20.48721,-41.16468,1228,-1,0
2026,535,56278,3,1180,EMEIEF JUAN ECHAVARRI ASIAIN,FAZENDA DO CENTRO,-20.53199,-41.1702,567,-1,0
2026,536,56278,3,1198,EMEIEF ANTÔNIO SASSO,SÃO MANOEL,-20.50952,-41.2293,456,-1,0
2026,537,56278,3,1201,CAPELA - IGREJA SÃO LUIZ GONZAGA,PONTÕES,-20.54309,-41.28244,483,-1,0
2026,538,56278,3,1210,IGREJA NOSSA SENHORA DO ROSÁRIO,CAXIXE,-20.47451,-41.1254,316,-1,0
2026,539,56278,3,1228,EMEIEF IRMÃOS MANGIFESTE,PEDRA LISA,-20.57121,-41.38453,148,-1,0
2026,540,56278,3,1236,EMEIEF RAFAEL CAMPANHA,MUNDO NOVO,-20.61201,-41.27346,520,-1,0
2026,541,56278,3,1244,EMEIEF MONTE PIO,MONTE PIO,-20.60202,-41.13781,639,-1,0
2026,542,56278,3,1252,CAPELA - IGREJA SANTA RITA DE CÁSSIA,CASTELO III,-20.63406,-41.20398,589,-1,0
2026,543,56278,3,1260,IGREJA SÃO FRANCISCO DE ASSIS,GARAGEM,-20.59551,-41.21476,442,-1,0
2026,544,56278,3,1279,CRAS - CENTRO DE REFERÊNCIA DA ASSISTÊNCIA SOCIAL,NITERÓI,-20.60785,-41.19913,830,-1,0
2026,545,56278,3,1287,EMEIEF CENTRO UNIFICADO CONSTANTINO JOSÉ VIEIRA,INDEPENDÊNCIA,-20.59672,-41.20467,2580,-1,0
2026,546,56278,3,1295,EMEIEF FORNO GRANDE,FORNO GRANDE,-20.48726,-41.07896,314,-1,0
2026,547,56278,3,1309,CRECHE NOSSA SENHORA DA PENHA,CENTRO,-20.60386,-41.20126,890,-1,0
2026,548,56278,3,1325,EMEIEF FREI JOSÉ OSÉS,EXPOSIÇÃO,-20.60843,-41.21297,613,-1,0
2026,549,56278,3,1333,CEIM ERLITA BICALHO NEMER,ESPLANADA,-20.61788,-41.20023,1120,-1,0
2026,550,56278,3,1368,CEIM MARIA DE LURDES DA SILVA BORTOLO,SANTA BÁRBARA,-20.63243,-41.20693,110,-1,0
2026,551,56294,6,1104,EEEFM GERALDO VARGAS NOGUEIRA,LACE,-19.52723,-40.63269,4392,271,0
2026,552,56294,6,1120,EMEF DR. RAUL GIUBERTI,MARIA DAS GRAÇAS,-19.51181,-40.61898,3296,274,0
2026,553,56294,6,1139,EEEFM HONÓRIO FRAGA,SÃO SILVANO,-19.52269,-40.63624,3797,271,0
2026,554,56294,6,1147,CEIM CARLOS ROBERTO MENEGATTI,SÃO SILVANO,-19.52147,-40.63975,2122,304,0
2026,555,56294,6,1155,EMEF MARIA DA LUZ GOTTI,SÃO SILVANO,-19.51961,-40.64734,3253,309,0
2026,556,56294,6,1163,EMEF EUGÊNIO MENEGHELLI,NOSSA SENHORA APARECIDA,-19.52689,-40.63867,2996,280,0
2026,557,56294,6,1171,EMEF FERRÚCIO FORRECHI,CARLOS GERMANO NAUMANN,-19.48657,-40.67313,1559,258,0
2026,558,56294,6,1180,EEEFM PROFESSORA NÉA MONTEIRO COSTA,HONÓRIO FRAGA,-19.52798,-40.66271,3995,268,0
2026,559,56294,6,1228,EMUCOR JOSÉ FAQUINOTTI,PATRIMÔNIO DE SÃO JOÃO GRANDE,-19.47227,-40.77384,275,-1,0
2026,560,56294,6,1376,EMCOR PADRE FULGÊNCIO DO MENINO JESUS,SEDE DO DISTRITO DE ÂNGELO FRECHIANI,-19.31027,-40.68666,933,-1,0
2026,561,56294,6,1406,EMCOR SÃO JOÃO PEQUENO,PATRIMÔNIO DE SÃO JOÃO PEQUENO,-19.34812,-40.75318,781,-1,0
2026,562,56294,6,1414,EMUCOR SÃO SALVADOR,PATRIMÔNIO DE SÃO SALVADOR,-19.41871,-40.71716,219,-1,0
2026,563,56294,6,1422,EMEIEF GRAÇA ARANHA,DISTRITO DE PAUL GRAÇA ARANHA,-19.31597,-40.59643,771,-1,0
2026,564,56294,6,1430,EMEF JOSÉ FACHETTI,MARIA DAS GRAÇAS,-19.51806,-40.62209,1779,274,0
2026,565,56294,6,1449,EMEF PROF. JOÃO ELIAS PANCOTO,CARLOS GERMANO NAUMANN,-19.48811,-40.6724,2389,258,0
2026,566,56294,6,1465,EMUCOR FAZENDA RIVA,FAZENDA RIVA,-19.46749,-40.8142,150,-1,0
2026,567,56294,6,1473,EMUCOR FAZENDA MISTERIOSA,FAZENDA MISTERIOSA,-19.45096,-40.84096,213,-1,0
2026,568,56294,6,1562,EMPCOR CABECEIRA DE SÃO PEDRO,CÓRREGO SÃO PEDRO FRIO,-19.38751,-40.81795,258,-1,0
2026,569,56294,6,1589,EMUCOR AURÉLIO PRETTI,CÓRREGO JEQUITIBÁ,-19.31113,-40.77335,177,-1,0
2026,570,56294,6,1597,EMPCOR FAZENDA NOSSA SENHORA APARECIDA,CÓRREGO SANTANA,-19.39736,-40.75267,189,-1,0
2026,571,56294,6,1619,EMUCOR CASCATINHA,CASCATINHA,-19.37088,-40.69764,113,-1,0
2026,572,56294,6,1635,SENAI COLATINA,MORADA DO SOL,-19.51494,-40.65861,3032,278,0
2026,573,56294,6,1643,EMEFTI JOÃO MANOEL MENEGHELLI,AYRTON SENNA,-19.49118,-40.65488,3313,254,0
2026,574,56294,6,1651,COLÉGIO ADVENTISTA DO ESPÍRITO SANTO -  EDESSA,COLUMBIA,-19.52538,-40.70837,3109,263,0
2026,575,56294,6,1660,EMEIEF AMÉLIO FORECHI,SANTO ANTÔNIO,-19.52137,-40.65761,1598,278,0
2026,576,56294,6,1686,EMEIEF SÃO MARCOS,NOVO HORIZONTE,-19.52364,-40.66843,1381,282,0
2026,577,56294,6,1694,EPM PONTE DO PANCAS,GORDIANO GUIMARÃES,-19.42397,-40.68763,486,-1,0
2026,578,56294,6,1716,EPM QUINZE DE OUTUBRO,15 DE OUTUBRO,-19.45791,-40.69496,484,-1,0
2026,579,56294,6,1740,EMEIEF MATILDE GUERRA COMÉRIO,SANTOS DUMONT,-19.52209,-40.64815,3030,299,0
2026,580,56294,6,1767,CDPCOL - CENTRO DE DETENÇÃO PROVISÓRIA DE COLATINA,CÓRREGO SANTA FÉ,-19.49605,-40.59771,0,279,1
2026,581,56294,6,1775,CPFCOL - CENTRO PRISIONAL FEMININO DE COLATINA,CÓRREGO SANTA FÉ,-19.49418,-40.59724,0,279,1
2026,582,56294,6,1783,IFES - INSTITUTO FEDERAL DO ESPÍRITO SANTO CAMPUS ITAPINA,DISTRITO DE ITAPINA,-19.49776,-40.7608,502,-1,0
2026,583,56294,6,1791,EMUCOR BARRA SECA,DISTRITO DE BOAPABA,-19.61415,-40.74832,186,-1,0
2026,584,56294,6,1805,EEEF DR. OCTÁVIO MANHÃES DE ANDRADE,SAGRADO CORAÇÃO DE JESUS,-19.5397,-40.63845,1810,291,0
2026,585,56294,6,1813,CEIM VISTA DA SERRA,VISTA DA SERRA,-19.549,-40.62071,869,311,0
2026,586,56294,6,1821,EEEFM RUBENS RANGEL,ESPLANADA,-19.53856,-40.63429,2450,264,0
2026,587,56294,6,1830,EMEIEF CLERES MARTINS MOREIRA,SÃO VICENTE,-19.53336,-40.62079,2215,305,0
2026,588,56294,6,1848,EMEFTI LIONS CLUB DE COLATINA,MOACIR BROTAS,-19.54337,-40.6285,2865,277,0
2026,589,56294,6,1856,CEIM LUIZA DE MARILAC,OPERÁRIOS,-19.53932,-40.6265,1182,284,0
2026,590,56294,6,1864,EPM ROTARY CLUB,LUIZ IGLESIAS,-19.54375,-40.66863,783,272,0
2026,591,56294,6,1872,EMCOR FAZENDA PINOTTI,SÃO JOÃO DA BARRA SECA,-19.58701,-40.73757,303,-1,0
2026,592,56294,6,1880,EMEIEFTI OSEAS RANGEL DE AMORIM,COLATINA VELHA,-19.53008,-40.61949,2237,262,0
2026,593,56294,6,1899,EMEFTI ADWALTER RIBEIRO SOARES,SANTA TERESINHA,-19.55103,-40.62953,2632,297,0
2026,594,56294,6,1902,EMEIEF ERNESTO CORRADI,DISTRITO DE BOAPABA,-19.635,-40.61935,1196,-1,0
2026,595,56294,6,1910,EMUCOR NOSSA SENHORA DAS GRAÇAS,CÓRREGO SANTA JOANA,-19.58412,-40.7717,213,-1,0
2026,596,56294,6,1929,EMEF GODOFREDO CHAVES BAIÃO,BARBADOS,-19.52125,-40.57673,654,255,0
2026,597,56294,6,1937,EMEIEF MARIA ORTIZ,SEDE DO DISTRITO DE ITAPINA,-19.53347,-40.81354,677,-1,0
2026,598,56294,6,1945,EMEIEF LUIZ DALLA BERNARDINA,BELA VISTA,-19.536,-40.62351,1944,256,0
2026,599,56294,6,1953,EMEIEF PROFESSORA  LUIZA CREMA,SEDE DO DISTRITO DE BAUNILHA,-19.57118,-40.50598,1220,-1,0
2026,600,56294,6,1961,EMUCOR POVOAÇÃO DE BAUNILHA,POVOAÇÃO DE BAUNILHA,-19.62823,-40.55205,369,-1,0
2026,601,56294,6,1970,CEEFMTI CONDE DE LINHARES,CENTRO,-19.53359,-40.62724,3327,260,0
2026,602,56294,6,1988,EMEIEF DR. CARLOS GERMANO NAUMANN,MARIA ISMÊNIA,-19.54604,-40.63523,1445,307,0
2026,603,56294,6,1996,SESC SERVIÇO SOCIAL DO COMÉRCIO,CENTRO,-19.53521,-40.63376,2691,260,0
2026,604,56294,6,2003,EMEF CORONEL VIRGÍNIO CALMON,VILA LENIRA,-19.55274,-40.63518,2052,307,0
2026,605,56294,6,2011,CENTRO COMUNITÁRIO KNAAK,CÓRREGO ESTRELA,-19.56057,-40.77989,277,-1,0
2026,606,56294,6,2020,EMEF HUMBERTO DE CAMPOS,OPERÁRIOS,-19.53894,-40.62729,1174,287,0
2026,607,56294,6,2038,EMEFTI BELMIRO TEIXEIRA PIMENTA,BELA VISTA,-19.54096,-40.62263,446,270,0
2026,608,56294,6,2046,CEIM NOSSA SENHORA DA PENHA,HONÓRIO FRAGA,-19.52741,-40.66798,1403,268,0
2026,609,56308,51,1015,EMEF BELIZÁRIO GUSMÃO,NOVA BRASÍLIA,-19.25469,-40.4565,1986,-1,0
2026,610,56308,51,1023,EEEFM PROF SANTOS PINTO,CENTRO,-19.25283,-40.46257,2044,-1,0
2026,611,56308,51,1031,EEEF DR MOACIR AVIDOS,CÓRREGO MOACIR,-19.23589,-40.51136,1806,-1,0
2026,612,56308,51,1040,EEEF IRINEU MORELLO,BARRA DE NOVO BRASIL,-19.14153,-40.46701,1346,-1,0
2026,613,56308,51,1066,EEEFM PROF CARLOS MENDES,DISTRITO DE NOVO BRASIL,-19.22488,-40.59336,1929,-1,0
2026,614,56316,27,1023,EEEFM PROF. JOAQUIM FONSECA,CENTRO,-18.59443,-39.73034,2232,-1,0
2026,615,56316,27,1058,EMEF DR. MÁRIO VELLO SILVARES,CENTRO,-18.58976,-39.73149,3228,-1,0
2026,616,56316,27,1066,EMEIEF ÂNGELO LUIZ SAGRILLO SMIDERLE,CENTRO,-18.58893,-39.73338,1550,-1,0
2026,617,56316,27,1074,EMEF GENTIL LOPES DA CUNHA,SAYONARA,-18.48065,-39.92743,1204,-1,0
2026,618,56316,27,1082,EMEF BENÔNIO FALCÃO DE GOUVÊA,ITAÚNAS,-18.42048,-39.70927,1563,-1,0
2026,619,56316,27,1104,EMEF JORGE DUFFLES ANDRADE DONATI,BRAÇO DO RIO,-18.43722,-39.92887,2786,-1,0
2026,620,56316,27,1112,EPG JOSÉ CARLOS CASTRO,BRAÇO DO RIO,-18.43197,-39.93073,2427,-1,0
2026,621,56316,27,1120,CENTRO INTEGRADO DE EDUCAÇÃO COMPLEMENTAR (CIEC) - COZINHA INDUSTRIAL,BRAÇO DO RIO,-18.43272,-39.93038,1912,-1,0
2026,622,56316,27,1139,EMEF MARIA CARELLI LOMONTE,COBRAICE,-18.41986,-39.93904,1830,-1,0
2026,623,56316,27,1260,EMEF PROFA. DEOLINDA LAGE,SANTANA,-18.5702,-39.75558,1492,-1,0
2026,624,56316,27,1287,EMEF MOACYR MARTINS PESTANA (MELEIRA),MELEIRA,-18.65567,-39.75831,412,-1,0
2026,625,56316,27,1295,EMEF ASTROGILDO CARNERO SETUBAL,SANTO AMARO,-18.58658,-39.74008,1927,-1,0
2026,626,56316,27,1309,U.A.B. - UNIVERSIDADE ABERTA DO BRASIL (CMEAD),CENTRO,-18.58973,-39.73359,1001,-1,0
2026,627,56316,27,1317,EEEF VALDÍCIO BARBOSA DOS SANTOS,ASSENTAMENTO VALDÍCIO BARBOSA,-18.29004,-39.87168,248,-1,0
2026,628,56316,27,1325,EEEF CÓRREGO DO CEDRO,ASSENTAMENTO PAULO VINHAS,-18.36594,-39.78868,286,-1,0
2026,629,56316,27,1333,EEEF ASSENTAMENTO UNIÃO,ASSENTAMENTO PONTAL DO JUNDIÁ,-18.39368,-39.91443,157,-1,0
2026,630,56316,27,1341,CRECHE NOSSA SENHORA DE SANT'ANNA,SANTANA,-18.56898,-39.75189,1487,-1,0
2026,631,56316,27,1350,EMEF BARREIRAS,BARREIRA,-18.62585,-39.74641,173,-1,0
2026,632,56316,27,1368,EMEF MÁRIO FLORENTINO,CÓRREGO SÃO DOMINGOS,-18.55155,-39.90362,105,-1,0
2026,633,56332,40,1015,UMEF ELISA PAIVA,CENTRO,-20.35708,-41.24428,3022,-1,0
2026,634,56332,40,1023,UMEI BRAZ LACERDA AMIGO,CENTRO,-20.36249,-41.24654,1250,-1,0
2026,635,56332,40,1082,UMEF SANTA LUZIA,SANTA LUZIA,-20.39602,-41.20106,645,-1,0
2026,636,56332,40,1090,UMEF SANTO ANTÔNIO,SANTO ANTÔNIO,-20.46542,-41.27801,476,-1,0
2026,637,56332,40,1112,UMEF ALTO MONFORTE,MONFORTE FRIO,-20.36347,-41.33573,348,-1,0
2026,638,56332,40,1120,UMEF MATA FRIA,MATA FRIA,-20.28489,-41.18048,516,-1,0
2026,639,56332,40,1147,SÃO JOSÉ DA BELA VISTA,SÃO JOSÉ DA BELA VISTA,-20.46344,-41.24653,368,-1,0
2026,640,56332,40,1155,EEEFM PROF. ALDY SOARES MERÇON VARGAS,CENTRO,-20.35607,-41.24218,2885,-1,0
2026,641,56332,40,1163,UMEF JOSÉ FERIANI,ANGÁ,-20.42876,-41.26537,199,-1,0
2026,642,56332,40,1171,UMEF ANTONIO PADOANI,INDAIÁ,-20.31832,-41.2237,277,-1,0
2026,643,56359,13,1015,EEEFM JUVENAL NOLASCO,CENTRO,-20.62147,-41.68583,2338,-1,0
2026,644,56359,13,1058,EM ALAN KARDEC BITENCOURT DIAS,PATRIMÔNIO DA PENHA,-20.58458,-41.76028,1036,-1,0
2026,645,56359,13,1074,EMEIEF ANTONIO GOMES SIQUEIRA,CENTRO,-20.61967,-41.68365,1531,-1,0
2026,646,56375,15,1015,CMEI JUTTA BATISTA DA SILVA,PEDRA AZUL (ARACÊ),-20.38173,-41.0307,2427,-1,0
2026,647,56375,15,1023,EMEF JOSÉ ULIANA,BARCELOS (ARACÊ),-20.26208,-41.05492,741,-1,0
2026,648,56375,15,1058,EMEF SANTA ISABEL,SANTA ISABEL,-20.38293,-40.62134,1612,-1,0
2026,649,56375,15,1074,EMEF BIRIRICAS DE CIMA,BIRIRICAS,-20.31491,-40.5817,840,-1,0
2026,650,56375,15,1104,EME GUSTAVO GUILHERME JOÃO PLASTER,MELGAÇO DE CIMA,-20.18858,-40.76062,1128,-1,0
2026,651,56375,15,1112,EMEF MARIANO FERREIRA DE NAZARETH (ANTIGO CNEC),CENTRO SUL,-20.36441,-40.65978,4124,-1,0
2026,652,56375,15,1120,EEEFM TEÓFILO PAULINO (POLIVALENTE),CENTRO OESTE,-20.36769,-40.6631,1659,-1,0
2026,653,56375,15,1139,CEMEI GERMANO GERHARDT,CENTRO NORTE,-20.36106,-40.66221,1218,-1,0
2026,654,56375,15,1171,EMEF ANTONIO FRANCISCO ERLACHER,PEROBAS (PARAJU),-20.28818,-40.78679,1106,-1,0
2026,655,56375,15,1180,EPSG GISELA SALOKER FAYET,PARAJU,-20.31663,-40.80371,1510,-1,0
2026,656,56375,15,1198,EPSG PONTO DO AUTO,PONTO ALTO,-20.28655,-40.81633,1619,-1,0
2026,657,56375,15,1201,EMPEF PROFESSORA PETRONÍLIA KLIPPEL,NOVA ALMEIDA (PARAJU),-20.3617,-40.78776,366,-1,0
2026,658,56375,15,1210,EMEF RIO PONTE,RIO PONTE (MELGAÇO),-20.22871,-40.82416,801,-1,0
2026,659,56375,15,1228,EMEF TIJUCO PRETO,TIJUCO PRETO (PONTO ALTO),-20.25113,-40.90296,1163,-1,0
2026,660,56375,15,1295,EMEF AUGUSTO PETTER BERTOLD PAGUNG,MELGAÇO DE BAIXO,-20.20881,-40.70823,1286,-1,0
2026,661,56375,15,1309,EMEF PROF GERMANO LOROSA,CRISTO REI (ARACÊ),-20.28101,-40.97487,546,-1,0
2026,662,56375,15,1317,EMPEF SÃO RAFAEL,SÃO RAFAEL (ARACÊ),-20.29705,-40.93344,483,-1,0
2026,663,56375,15,1325,EMEF ALTO PARAJU (ANTIGO CÓRREGO SÃO BENTO),ALTO PARAJU (PARAJU),-20.3281,-40.85284,676,-1,0
2026,664,56375,15,1333,EMEF EUGENIO PINTO SANT'ANNA,SÃO MIGUEL (SEDE),-20.268,-40.67391,640,-1,0
2026,665,56375,15,1368,EMEF CÓRREGO SÃO PAULO,SÃO PAULO DE ARACÊ (ARACÊ),-20.44008,-41.03185,590,-1,0
2026,666,56375,15,1430,EMUEF FAZENDA ALBERTO BRINGER,BARRA DO TIJUCO PRETO (PONTO ALTO),-20.22559,-40.90584,230,-1,0
2026,667,56375,15,1449,EMEF SOÍDO,SOÍDO (SEDE),-20.36295,-40.69248,581,-1,0
2026,668,56375,15,1457,CENTRO CÍVICO RECREATIVO DOMINGOS MARTINS,CENTRO NORTE,-20.36102,-40.66069,555,-1,0
2026,669,56375,15,1465,EMEF FAZENDA OSVALDO RETZ,ALTO TIJUCO PRETO (PONTO ALTO),-20.21912,-40.94193,540,-1,0
2026,670,56375,15,1473,EMPEF FAZENDA GERMANO SCHWANZ,ALTO RIO PONTE (MELGAÇO),-20.1944,-40.83112,369,-1,0
2026,671,56375,15,1481,EMPEF FLORIANO AUGUSTO DITTRICH,GALO (SEDE),-20.27558,-40.64945,361,-1,0
2026,672,56375,15,1503,EMUEF VÔ REZENDE,SANTA TEREZINHA (ARACÊ),-20.35816,-40.88595,237,-1,0
2026,673,56375,15,1511,EMUEF GOIABEIRAS,GOIABEIRAS (PONTO ALTO),-20.29741,-40.84764,288,-1,0
2026,674,56375,15,1520,EMEF ARACÊ - COMUNIDADE ARACÊ,ARACÊ,-20.39113,-41.00076,1231,-1,0
2026,675,56375,15,1538,CMEI VILA VERDE,VILA VERDE (SEDE),-20.35152,-40.65645,240,-1,0
2026,676,56391,44,1015,EEEFM PEDRO DE ALCÂNTARA GALVÊAS,CENTRO,-20.69283,-41.84891,2313,-1,0
2026,677,56391,44,1023,EMEF MUNDO NOVO,MUNDO NOVO,-20.63245,-41.80529,1006,-1,0
2026,678,56391,44,1031,EEEFM SÃO JOSÉ,PEDRA MENINA,-20.55521,-41.8188,1568,-1,0
2026,679,56391,44,1066,CMEIEF CRISTINA PEIXOTO DO CARMO,CENTRO,-20.69181,-41.85049,1402,-1,0
2026,680,56413,33,1040,EEEFM ECOPORANGA,CENTRO,-18.37229,-40.8345,3402,313,0
2026,681,56413,33,1074,CEEFMTI DANIEL COMBONI,NOSSA SENHORA APARECIDA,-18.36897,-40.83007,2879,316,0
2026,682,56413,33,1082,EEEF JOSÉ TEIXEIRA FIALHO (IMBURANA),IMBURANA,-18.28309,-40.70646,989,-1,0
2026,683,56413,33,1090,PSF SÃO GERALDO,SÃO GERALDO,-18.23385,-40.78816,255,-1,0
2026,684,56413,33,1104,EEEF COTAXÉ,COTAXÉ,-18.18258,-40.71717,594,-1,0
2026,685,56413,33,1112,EMUEF MURITIBA,MURITIBA,-18.08819,-40.77526,475,-1,0
2026,686,56413,33,1139,EMEIEF SANTA LUZIA DO NORTE,SANTA LUZIA DO NORTE,-18.20335,-40.60541,376,-1,0
2026,687,56413,33,1147,EEEF JOASSUBA,JOASSUBA,-18.40658,-40.68518,1000,-1,0
2026,688,56413,33,1155,UNIDADE PSF -  ITAPEBA,ITAPEBA,-18.32249,-40.63735,206,-1,0
2026,689,56413,33,1163,IGREJA CATÓLICA DO ASSENTAMENTO BOA VISTA,PATRIMÔNIO DO VERMELHO,-18.45978,-40.60943,315,-1,0
2026,690,56413,33,1171,EEEF PATRIMÔNIO PRATA DOS BAIANOS,VILA PRATA DOS BAIANOS,-18.33971,-41.00546,555,-1,0
2026,691,56413,33,1198,EMUEF FAZENDA VALDOMIRO LEANDRO DE FREITAS,VILA PRATA DOS BAIANOS,-18.34884,-41.09035,102,-1,0
2026,692,56413,33,1201,EMPEF CÓRREGO DO DOIS,PATRIMÔNIO DO DOIS DE SETEMBRO,-18.40517,-40.88892,193,-1,0
2026,693,56413,33,1210,UNIDADE PSF - DOIS DE SETEMBRO,PATRIMÔNIO DO DOIS DE SETEMBRO,-18.40486,-40.88892,122,-1,0
2026,694,56413,33,1228,EMUEF PATRIMÔNIO SANTA RITA,POVOADO DE SANTA RITA,-18.30935,-40.9191,224,-1,0
2026,695,56413,33,1236,EMUEF RIBEIRÃOZINHO,RIBEIRÃOZINHO,-18.21587,-40.85756,475,-1,0
2026,696,56413,33,1244,EEEF SANTA TEREZINHA,SANTA TEREZINHA,-18.49279,-40.81165,588,-1,0
2026,697,56413,33,1287,EMUEF CÓRREGO DA JACUTINGA (DOURADA),CÓRREGO DA DOURADA,-18.48486,-40.73042,77,-1,0
2026,698,56413,33,1368,EMEIF JOSÉ FRANCISCO DE OLIVEIRA (VILA NOVA),VILA NOVA,-18.38572,-40.82827,1692,320,0
2026,699,56413,33,1414,EMUEF CÓRREGO DOS BARBOSAS,VILA PRATA DOS BAIANOS,-18.27594,-41.11831,122,-1,0
2026,700,56413,33,1422,IGREJA CATÓLICA COMUNIDADE DO CORGÃO,CÓRREGO DO CÓRGÃO,-18.2581,-40.98262,3,-1,0
2026,701,56413,33,1449,EMEF FAMÍLIA RURAL DE ECOPORANGA (PARAÍSO),SEDE,-18.43544,-40.82931,243,-1,0
2026,702,56413,33,1457,EMEIEF PALMEIRAS (ASSENT. MIRAGEM),CÓRREGO DA PALMEIRA,-18.43171,-40.7813,718,-1,0
2026,703,56413,33,1465,CEMEI JARDIM ENCANTADO,CENTRO,-18.37266,-40.82926,2011,313,0
2026,704,56413,33,1473,SEDE DO ASSENTAMENTO FRANQUEZA-REALEZA,ASSENTAMENTO FRANQUEZA-REALEZA,-17.97717,-40.79702,161,-1,0
2026,705,56413,33,1481,COLÉGIO INTERATIVO,CENTRO,-18.37492,-40.82903,1258,313,0
2026,706,56413,33,1490,CMEI ÉBER TEIXEIRA FIGUEIREDO,DIVINO ESPÍRITO SANTO,-18.37311,-40.82725,44,314,0
2026,707,56413,33,1503,CEMEI JARDIM ENCANTADO,CENTRO,-18.37263,-40.82929,7,313,0
2026,708,56430,14,1023,EMEF PROFESSOR ERNESTO NASCIMENTO,CENTRO,-19.93403,-40.40368,1695,-1,0
2026,709,56430,14,1058,EEEFM PROFESSORA MARIA DA PAZ PIMENTEL,TIMBUÍ,-20.00174,-40.41051,1159,-1,0
2026,710,56430,14,1066,CMEI ARLINDA MÉDICI PEDRINI,TIMBUÍ,-20.00476,-40.41126,859,-1,0
2026,711,56430,14,1074,EMEF PRAIA GRANDE,PRAIA GRANDE,-20.03831,-40.18255,1307,-1,0
2026,712,56430,14,1082,EMCEF PRAIA GRANDE,PRAIA GRANDE,-20.03776,-40.18238,1605,-1,0
2026,713,56430,14,1090,CMEI SÃO JOSÉ,SÃO JOSÉ,-19.9329,-40.40619,1598,-1,0
2026,714,56430,14,1104,EMEF ELOY MIRANDA (POLIVALENTE),OZÉIAS NETO,-19.93891,-40.4026,1500,-1,0
2026,715,56430,14,1112,EMEF ENÉAS FERREIRA,TIMBUÍ,-20.00428,-40.41132,1170,-1,0
2026,716,56430,14,1120,CEEFMTI NAIR MIRANDA,CENTRO,-19.93712,-40.40391,2791,-1,0
2026,717,56430,14,1147,CMEI BAIRRO DIREÇÃO,DIREÇÃO,-20.02959,-40.18826,419,-1,0
2026,718,56430,14,1155,CMEI ANNONDINA SCARTON NUNES,PRAIA GRANDE,-20.03811,-40.19005,666,-1,0
2026,719,56456,13,1015,EEEF ANTÔNIO CARNEIRO RIBEIRO (ESTADUAL),QUINCAS MACHADO,-20.77084,-41.67867,4161,-1,0
2026,720,56456,13,1040,EMEF EUGENIO DE SOUZA PAIXAO,CENTRO,-20.77248,-41.67476,1676,-1,0
2026,721,56456,13,1058,EEEF DEOCLECIANO DE OLIVEIRA,CENTRO,-20.77324,-41.6754,4584,-1,0
2026,722,56456,13,1066,CEMEI ZÉLIA VIANA DE AGUIAR,CENTRO,-20.77489,-41.67802,4043,-1,0
2026,723,56456,13,1082,CEMEI CRECHE RITA PERDIGÃO,SÃO MIGUEL,-20.76003,-41.66913,3132,-1,0
2026,724,56456,13,1090,EMEF JOSÉ ANTÔNIO DE CARVALHO,SÃO TIAGO,-20.72358,-41.68236,706,-1,0
2026,725,56456,13,1104,EMEF  ELVIRA BRUZZI,SÃO PEDRO DE RATES,-20.78024,-41.8011,1028,-1,0
2026,726,56456,13,1120,EMEFE SÃO GERALDO,CENTRO,-20.77157,-41.66963,900,-1,0
2026,727,56456,13,1139,EMEF PROFESSORA GUIOMAR SOARES DE AZEVEDO,ASSENTAMENTO LUIZ TALIULY NETO,-20.74492,-41.75085,255,-1,0
2026,728,56456,13,1147,CMEI CRECHE REGINA CELIA CAMPOS BARROSO RIBEIRO,CENTRO,-20.77007,-41.67365,667,-1,0
2026,729,56456,13,1155,CEMEI MARIA MARGARIDA RODOLFO SILVA,QUINCAS MACHADO,-20.76982,-41.6764,1238,-1,0
2026,730,56472,24,1015,ESCOLA DE GUARAPARI (ESCOLA NORMAL),CENTRO,-20.67106,-40.49769,2696,325,0
2026,731,56472,24,1040,ESCOLA CONSTANTINO JOSÉ VIEIRA,ADALBERTO SIMÃO NADER,-20.64832,-40.50027,3007,321,0
2026,732,56472,24,1074,ESCOLA NOSSA SENHORA DA PENHA,CABEÇA QUEBRADA,-20.54757,-40.6366,146,-1,0
2026,733,56472,24,1082,ESCOLA BENEDITA MARTINS DE SOUZA,IPIRANGA,-20.67912,-40.50911,4459,341,0
2026,734,56472,24,1090,PRIMEIRA IGREJA BATISTA DE GUARAPARI,CENTRO,-20.674,-40.50228,728,367,0
2026,735,56472,24,1104,CEMEI VOVÓ NEUZA NADER BORGES,IPIRANGA,-20.67564,-40.50842,3059,341,0
2026,736,56472,24,1112,ESCOLA  JOVENTINA SIMÕES,OLARIA,-20.67236,-40.51115,945,353,0
2026,737,56472,24,1120,ESCOLA ANGÉLICA PAIXÃO,MUQUIÇABA,-20.66182,-40.50454,2816,342,0
2026,738,56472,24,1139,ESCOLA IGNEZ MASSAD COLA,ITAPEBUSSU,-20.65813,-40.50573,3943,364,0
2026,739,56472,24,1147,ESCOLA  ZULEIMA FORTES FARIA,ITAPEBUSSU,-20.66392,-40.50769,2539,342,0
2026,740,56472,24,1155,EEEM DOUTOR SILVA MELLO,ITAPEBUSSU,-20.66112,-40.50433,2398,342,0
2026,741,56472,24,1163,ESCOLA PRESIDENTE COSTA E SILVA,PRAIA DO MORRO,-20.6493,-40.48785,5275,358,0
2026,742,56472,24,1171,ESCOLA LYRA RIBEIRO DOS SANTOS,KUBITSCHEK,-20.68315,-40.5149,2800,346,0
2026,743,56472,24,1180,ESCOLA ACLE ZOUAIN,KUBITSCHEK,-20.6821,-40.51323,1732,346,0
2026,744,56472,24,1198,ESCOLA MARIA RAMALHETE CORREA,COROADO,-20.67375,-40.5196,3150,337,0
2026,745,56472,24,1201,ESCOLA LEANDRO ESCOBAR,JARDIM SANTA ROSA,-20.63363,-40.48381,1744,333,0
2026,746,56472,24,1210,ESCOLA FRANCISCO ARAUJO,PEROCÃO,-20.61854,-40.46751,2203,333,0
2026,747,56472,24,1244,ESCOLA CELITA BASTOS GARCIA,ELZA NADER,-20.62532,-40.43819,1770,338,0
2026,748,56472,24,1252,ESCOLA PEDRO ANTONIO DA VITÓRIA,CAMPO GRANDE,-20.56478,-40.44763,96,328,0
2026,749,56472,24,1260,ESCOLA  MANOEL ROZINDO DA SILVA,MEAÍPE,-20.73809,-40.53896,2142,349,0
2026,750,56472,24,1279,ESCOLA LUCIO ROCHA DE ALMEIDA,NOVA GUARAPARI,-20.72483,-40.52596,1055,339,0
2026,751,56472,24,1287,ESCOLA LOURENÇO BRAMBATI,BUENOS AIRES,-20.58196,-40.53975,359,-1,0
2026,752,56472,24,1295,ESCOLA MARIA VELOSO CALMON,CAMURUGI,-20.66001,-40.52214,1911,324,0
2026,753,56472,24,1309,ESCOLA  MARIA LINO RAMOS,RIO GRANDE,-20.6563,-40.61615,471,332,1
2026,754,56472,24,1317,ESCOLA DALZIRA MERIGUETTE MERIZIO,RIO GRANDE,-20.65237,-40.63129,284,334,0
2026,755,56472,24,1333,CENTRO DOS LAVRADORES DE BAÍA NOVA,BAHIA NOVA,-20.50012,-40.58549,292,-1,0
2026,756,56472,24,1341,IGREJA CATOLICA SANTA BÁRBARA - RIO CALÇADO,RIO CALÇADO,-20.54051,-40.5599,326,-1,0
2026,757,56472,24,1368,ESCOLA ARLINDO GOBBI,TODOS OS SANTOS,-20.52214,-40.67098,751,-1,0
2026,758,56472,24,1376,ESCOLA JOÃO LIMA DA CONCEIÇÃO,SAMAMBAIA,-20.59471,-40.49994,473,333,0
2026,759,56472,24,1384,CENTRO COMUNITÁRIO DE SÃO MIGUEL,SÃO MIGUEL,-20.59002,-40.64411,225,-1,0
2026,760,56472,24,1406,ESCOLA  RIO CLARO,RIO CLARO,-20.52349,-40.53356,703,-1,0
2026,761,56472,24,1422,ESCOLA CLERIA BELO LYRA,BARRO BRANCO,-20.54411,-40.48417,471,329,1
2026,762,56472,24,1430,ESCOLA AMARELOS,AMARELOS,-20.52146,-40.47884,824,331,1
2026,763,56472,24,1465,ESCOLA IGUAPE,IGUAPE,-20.56865,-40.49741,416,327,1
2026,764,56472,24,1481,ESCOLA CÂNDIDA SOARES MACHADO,NOSSA SENHORA DA CONCEIÇÃO,-20.64498,-40.51113,1264,351,0
2026,765,56472,24,1490,ESCOLA DARCY RIBEIRO,SÃO JOSÉ,-20.64601,-40.51675,3281,366,0
2026,766,56472,24,1503,ESCOLA JORGE BOUERI SOBRINHO,BELA VISTA,-20.64216,-40.51317,3748,323,0
2026,767,56472,24,1511,ESCOLA SINGULAR DE SÃO JOÃO DO JABOTI,SÃO JOÃO DO JABOTI,-20.63086,-40.60121,239,-1,0
2026,768,56472,24,1538,ESCOLA BOA ESPERANÇA,BOA ESPERANCA,-20.59172,-40.56867,185,-1,0
2026,769,56472,24,1546,ESCOLA RUI BARBOSA,OLARIA,-20.67271,-40.50526,2500,325,0
2026,770,56472,24,1562,ESCOLA EMÍLIA ANA DE LYRIO,PORTO GRANDE,-20.74828,-40.56219,238,336,0
2026,771,56472,24,1570,ESCOLA PEDRO ANTÔNIO WANDEKOKEN,ARRAIAL DO JABOTI,-20.62869,-40.58295,244,-1,0
2026,772,56472,24,1589,ESCOLA MUNICIPAL FRANCISCO HONORATO,TAQUARA DO REINO,-20.69518,-40.57516,260,334,0
2026,773,56472,24,1600,UNIDADE DE SAUDE RECANTO DA SEREIA,PRAIA DO SOL,-20.53716,-40.38318,545,360,0
2026,774,56472,24,1627,ESCOLA ADALGIZA FERNANDES MARVILA,CONDADOS,-20.72993,-40.55492,919,349,0
2026,775,56472,24,1643,ESCOLA JOÃO BATISTA CELESTINO,VILAGE DO SOL,-20.55311,-40.41477,1620,370,0
2026,776,56472,24,1660,ESCOLA ANA COUTINHO DE ALMEIDA,ANDANO,-20.58833,-40.47539,227,327,0
2026,777,56472,24,1678,ESCOLA FLORISBELA LINO BANDEIRA,AEROPORTO,-20.63994,-40.48265,3217,345,0
2026,778,56472,24,1686,ESCOLA LUCIA SASSO BANDEIRA,LAGOA FUNDA,-20.65709,-40.50553,1047,364,0
2026,779,56472,24,1708,ESCOLA ELIZIÁRIO LOURENÇO DIAS - CAIC,INDEPENDÊNCIA,-20.67301,-40.51623,1203,337,0
2026,780,56472,24,1716,ESCOLA ORMI LOUREIRO ALMEIDA,LAMEIRÃO,-20.68994,-40.52902,432,348,0
2026,781,56472,24,1724,ESCOLA MARINALVA ARAGÃO AMORIM,SANTA MÔNICA,-20.61742,-40.45942,3894,362,0
2026,782,56472,24,1732,CENTRO COMUNITÁRIO SANTA LUZIA,ALTO BAHIA NOVA,-20.49683,-40.62913,136,-1,0
2026,783,56472,24,1740,IGREJA CATÓLICA SÃO SEBASTIÃO,PALMEIRAS,-20.51203,-40.44879,151,331,0
2026,784,56472,24,1759,COLÉGIO MAXIME,MUQUIÇABA,-20.65365,-40.49565,3851,350,0
2026,785,56472,24,1791,IGREJA BATISTA DE SETIBA,SETIBA,-20.62882,-40.44004,351,363,0
2026,786,56472,24,1805,ESCOLA ZILNETE PEREIRA GUIMARÃES (CEDTEC),PRAIA DO MORRO,-20.64415,-40.48435,4942,358,0
2026,787,56472,24,1813,ESCOLA EUGENIO DEOCLÉCIO BORGES,ELZA NADER,-20.6248,-40.43838,1160,338,0
2026,788,56472,24,1821,ESCOLA ROSA SIMÕES DE ALMEIDA,JABARAI,-20.62525,-40.48688,4568,343,0
2026,789,56472,24,1830,CEMEI MARIA JOSÉ LOUREIRO VICENTE,MEAÍPE,-20.73327,-40.54576,358,349,0
2026,790,56472,24,1848,ESCOLA  ANA ROCHA LYRA,MUQUIÇABA,-20.6602,-40.49897,2460,350,0
2026,791,56472,24,1864,ESCOLA OTÁVIO PINTO RIBEIRO,JABOTICABA,-20.59776,-40.44526,67,328,0
2026,792,56472,24,1872,ESCOLA OTACILIA BORGES FIGUEIREDO,KUBITSCHEK,-20.6786,-40.51912,552,335,0
2026,793,56472,24,1880,CDPG - CENTRO DE DETENÇÃO PROVISÓRIA DE GUARAPARI,MAXINDA,-20.63973,-40.53102,0,371,0
2026,794,56472,24,1899,ESCOLA MARIA MARTA DALLA HUARCAYA,SÃO GABRIEL,-20.6388,-40.52203,927,365,0
2026,795,56472,24,1910,CEMEI PATRICIA CORREA MARQUES,PORTAL CLUB,-20.62657,-40.48417,88,357,0
2026,796,56472,24,1937,ESCOLA MARIA DAS GRAÇAS SANT ANA MENARIO,ITAPEBUSSU,-20.66459,-40.51074,729,342,0
2026,797,56499,14,1015,EEEFM NOSSA SENHORA DA SAÚDE,CENTRO,-19.83009,-40.36693,1873,-1,0
2026,798,56499,14,1023,EEEFM NARCEU DE PAIVA FILHO,CENTRO,-19.83131,-40.36649,1747,-1,0
2026,799,56499,14,1040,EMEI DANIEL COMBONI,CENTRO,-19.83046,-40.36688,783,-1,0
2026,800,56499,14,1104,UNIDADE SANITÁRIA RURAL DE ALTO BÉRGAMO,ALTO BÉRGAMO,-19.76484,-40.46667,66,-1,0
2026,801,56499,14,1147,EMPEIF PENDANGA,PENDANGA,-19.86776,-40.40546,468,-1,0
2026,802,56499,14,1163,EMEF PROFESSORA ERICINA MACEDO PAGIOLA,BELA VISTA,-19.83358,-40.36751,1187,-1,0
2026,803,56499,14,1171,ASSOCIAÇÃO DOS MORADORES DO BAIRRO BOA VISTA,BOA VISTA,-19.8332,-40.36824,853,-1,0
2026,804,56499,14,1198,UNIDADE BÁSICA DE SAÚDE DE CABOCLO BERNARDO,CABOCLO BERNARDO,-19.76476,-40.3698,202,-1,0
2026,805,56499,14,1201,EMEIEF VEREADOR LEANDRO ZINGER,RIO LAMPÊ,-19.81689,-40.50817,238,-1,0
2026,806,56499,14,1210,UNIDADE DE SAÚDE DE PEDRO PALÁCIOS,PEDRO PALÁCIOS,-19.87337,-40.36117,278,-1,0
2026,807,56499,14,1228,ASSOCIAÇÃO DOS AGRICULTORES DE SANTO ANTÔNIO,SANTO ANTÔNIO,-19.78857,-40.44291,105,-1,0
2026,808,56499,14,1244,EMPEF PADRE CARLOS FURBETTA,GUATEMALA,-19.86288,-40.38959,268,-1,0
2026,809,56499,14,1252,CEI CACHINHO DE OURO,ELIAS BRAGATTO,-19.82492,-40.36489,700,-1,0
2026,810,56499,14,1260,EMEIEF PROFESSORA ELZITA BARBARIOLI,SÃO CRISTOVÃO,-19.82056,-40.37068,860,-1,0
2026,811,56499,14,1279,ESCOLA SÃO FRANCISCO DE ASSIS (ESFA),ERICINA PAGIOLA,-19.83329,-40.36407,312,-1,0
2026,812,56502,18,1015,EMEIF ELIZA PACHECO ALVES,CENTRO,-20.53914,-41.66516,1912,-1,0
2026,813,56502,18,1023,CEMEI PROFESSORA ZULMIRA LOUZADA DE OLIVEIRA,SÃO FRANCISCO,-20.52129,-41.61137,606,-1,0
2026,814,56502,18,1031,EEEFM OLAVO RODRIGUES,DISTRITO DE SANTA MARTA,-20.51327,-41.71539,1580,-1,0
2026,815,56502,18,1040,EMEIEF PROFESSORA CLARICE CAMPOS LEMOS,SÃO JOSÉ DO CAPARAÓ,-20.43132,-41.67632,824,-1,0
2026,816,56502,18,1058,CEMEI JOÃO BATISTA LOPES,PRATINHA,-20.6533,-41.6419,132,-1,0
2026,817,56502,18,1066,EMPEF ARTULINO XAVIER DA COSTA,PEDRA ROXA,-20.42402,-41.70519,437,-1,0
2026,818,56502,18,1082,EEEFM ANTÔNIO LEMOS JÚNIOR,CENTRO,-20.53876,-41.66104,1984,-1,0
2026,819,56510,35,1015,EMEF PADRE ASSIS,CENTRO,-20.79152,-40.81002,2023,-1,0
2026,820,56510,35,1040,PEM ASTÉRIA SIQUEIRA MIRANDA,JARDIM JANDIRA,-20.7877,-40.81262,1182,-1,0
2026,821,56510,35,1058,EEEM CORONEL ANTÔNIO DUARTE,CENTRO,-20.78928,-40.8155,2273,-1,0
2026,822,56510,35,1066,EMEF MARCELINO BIANCARDI,ILHA DO COCO,-20.78784,-40.79836,1101,-1,0
2026,823,56510,35,1074,QUADRA MORRO DA PALHA,MORRO DA PALHA,-20.80279,-40.84841,393,-1,0
2026,824,56510,35,1104,QUADRA DE MONTE BELO,MONTE BELO,-20.74959,-40.85009,809,-1,0
2026,825,56510,35,1120,EMEF ROSITA SALVADOR CARDOSO - PEDRA D'ÁGUA,BOM DESTINO,-20.76443,-40.83293,1058,-1,0
2026,826,56510,35,1139,EMEF ISABELO FONTANA - DUAS BARRAS,DUAS BARRAS,-20.72919,-40.88199,613,-1,0
2026,827,56510,35,1147,ESCOLA DE PALMITAL,PALMITAL,-20.78656,-40.87265,363,-1,0
2026,828,56510,35,1163,EMUEF PEDRA LISA BAIXA,PEDRA LISA BAIXA,-20.73519,-40.82825,314,-1,0
2026,829,56510,35,1171,ASSOCIAÇÃO DOS MORADORES DE INHAÚMA,INHAÚMA,-20.75658,-40.90572,350,-1,0
2026,830,56510,35,1260,PEM FRANZ GAISMAYER,ILHA DE BOM DESTINO,-20.76456,-40.83498,632,-1,0
2026,831,56510,35,1341,CENTRO COMUNITÁRIO PADRE LUIS LAMMAMIE,JARDIM DA ILHA,-20.78866,-40.80273,299,-1,0
2026,832,56537,16,1015,EEEFM EURICO SALLES,CENTRO,-19.8036,-40.85611,4979,-1,0
2026,833,56537,16,1023,EMEF THIERS VELLOSO,CENTRO,-19.80411,-40.85659,2999,-1,0
2026,834,56537,16,1031,EMEF PADRE ALONSO,PALMEIRA,-19.69534,-40.8343,1072,-1,0
2026,835,56537,16,1040,EEEFM ALFREDO LEMOS,ITAIMBÉ,-19.66328,-40.8364,1361,-1,0
2026,836,56537,16,1058,EMEF  MARIA PAULI SPERANDIO,ITAÇU,-19.70279,-40.78509,915,-1,0
2026,837,56537,16,1090,EEEFM FABIANO FRANCISCO TOMASINI,ALTO LAGE,-19.69355,-40.92153,235,-1,0
2026,838,56537,16,1104,EMUEFEI - SOBREIRO,SOBREIRO,-19.74273,-40.90408,200,-1,0
2026,839,56553,22,1015,CEEFMTI WASHINGTON PINHEIRO MEIRELLES,CENTRO,-21.00997,-40.8283,1282,-1,0
2026,840,56553,22,1040,CMEF EM TEMPO INTEGRAL WALDÉIA FERREIRA PEÇANHA,ITAIPAVA,-20.89139,-40.77655,3522,-1,0
2026,841,56553,22,1058,EMPEF BOM SERÁ,BOM SERÁ,-20.96272,-40.88691,554,-1,0
2026,842,56553,22,1066,EMUEF FRADE E A FREIRA,ITAPECOA,-20.88363,-41.00923,344,-1,0
2026,843,56553,22,1074,EMEIEF MANOEL MARCONDES (ANTIGO DNIT),SAFRA,-20.92695,-41.07715,706,-1,0
2026,844,56553,22,1090,EMPEF ROZÁRIA DA SILVEIRA NUNES (PEDRA),RIO MUQUI,-21.00217,-40.94619,465,-1,0
2026,845,56553,22,1139,EEEFM ANTÔNIO JACQUES SOARES,GARRAFÃO,-20.98997,-41.00328,1631,-1,0
2026,846,56553,22,1147,EEEF DE GRAÚNA,GRAÚNA,-21.03252,-40.91259,1253,-1,0
2026,847,56553,22,1155,EMPEF LIMÃO,LIMÃO,-20.98039,-40.91449,356,-1,0
2026,848,56553,22,1163,EMEIEF ANACLETO JACINTO RIBEIRO,CAMPO ACIMA,-21.02909,-40.85722,2614,-1,0
2026,849,56553,22,1180,EMEIEF PEDRO SIQUEIRA,GOMES,-20.92166,-40.81719,1071,-1,0
2026,850,56553,22,1228,EMEF NARCISO ARAÚJO,CENTRO,-21.00945,-40.82894,4424,-1,0
2026,851,56553,22,1295,EMUEF FAZENDA VELHA,FAZENDA VELHA,-20.9396,-40.86217,273,-1,0
2026,852,56553,22,1333,EMEIEF LUIZ JOÃO GOMES,JOACIMA,-20.90321,-40.79449,1688,-1,0
2026,853,56553,22,1422,UNIDADE DE SAÚDE FRADE,FRADE,-20.89042,-40.99504,310,-1,0
2026,854,56553,22,1449,EMEIEF GEORGETA FERREIRA DE ALMEIDA (DESENGANO),BREJO GRANDE DO NORTE,-21.01754,-40.95899,814,-1,0
2026,855,56553,22,1457,EMEIEF FLORÊNCIO BENTO ALVES,CÓRREGO DO OURO,-20.97897,-41.02425,1064,-1,0
2026,856,56553,22,1473,EMUEF PIABANHA DO NORTE,PIABANHA DO NORTE,-20.94597,-40.89749,343,-1,0
2026,857,56553,22,1481,EMEIEF NORMA VICENTE FERREIRA,SAFRA,-20.89618,-41.04921,392,-1,0
2026,858,56553,22,1511,EMPEF SANTO AMARO,SANTO AMARO,-20.92458,-40.87624,506,-1,0
2026,859,56553,22,1520,EMEIEF ELVIRA MEALE LESQUEVES,ITAOCA,-20.91046,-40.78605,1407,-1,0
2026,860,56553,22,1538,EPE LEOPOLDINO ROCHA,ITAIPAVA,-20.89101,-40.78266,4132,-1,0
2026,861,56553,22,1546,EMPEF PALMITAL,PALMITAL,-20.9314,-40.92265,426,-1,0
2026,862,56553,22,1554,EMPEF SANTA HELENA,SANTA HELENA,-20.90048,-40.9071,289,-1,0
2026,863,56553,22,1562,EMPEF AFONSOS,AFONSO,-20.95459,-40.91965,283,-1,0
2026,864,56553,22,1597,CRECHE ANDRÉ FREITAS DE OLIVEIRA,VILA NOVA,-21.01284,-40.83024,473,-1,0
2026,865,56553,22,1600,EMPEF BARBADOS,barbados,-20.98643,-40.98882,181,-1,0
2026,866,56553,22,1619,EMUEF PORTAL DE PAINEIRAS,PORTAL DE PAINEIRAS,-20.99012,-40.991,64,-1,0
2026,867,56553,22,1627,UNIDADE DE SAÚDE DE BREJO GRANDE DO SUL,BREJO GRANDE DO SUL,-21.04016,-40.97785,487,-1,0
2026,868,56553,22,1635,EMEIEF MARLUCE BIANCHI DE SOUZA VIANA,ITAOCA,-20.89873,-40.77905,1822,-1,0
2026,869,56553,22,1643,EMEIEF JOSEPHA MIRANDA DE CARVALHO BRITO,PAINEIRAS,-20.95683,-40.95511,663,-1,0
2026,870,56553,22,1651,CRECHE MUNICIPAL ZÓZIMA GOMES LEAL - VOVÓ JOZINA,RETIRO,-20.94643,-40.90128,587,-1,0
2026,871,56553,22,1678,CEMEI DINORAH RODRIGUES PEÇANHA (ANTIGA MUNICIPALIZADA DE ITAÓCA),ITAOCA,-20.90302,-40.77931,1026,-1,0
2026,872,56553,22,1686,ESCOLA IRMÃOS KENNEDY,PALMITAL,-20.93517,-40.91968,12,-1,0
2026,873,56553,22,1694,CEMEI PROFESSORA MARIA DA PENHA RIBEIRO MACHADO,SERRAMAR,-21.00751,-40.82992,314,-1,0
2026,874,56553,22,1708,CEMEI QUILOMBOLA JOÃO LUCIANO DA ROSA,GRAÚNA,-21.02702,-40.9112,156,-1,0
2026,875,56553,22,1716,CRECHE MUNICIPAL NASSÍRIA DOS SANTOS SILVA,CAMPO ACIMA,-21.02883,-40.85718,423,-1,0
2026,876,56553,22,1724,CEAG CENTRO EDUCACIONAL AGRÍCOLA,GARRAFÃO,-20.99097,-41.00016,84,-1,0
2026,877,56553,22,1740,CEMEI LÍDIA OLIVEIRA LIMA,ITAOCA,-20.90965,-40.78942,144,-1,0
2026,878,56553,22,1759,IGREJA PRESBITERIANA DE SANTA HELENA,SANTA HELENA,-20.90054,-40.9069,78,-1,0
2026,879,56570,11,1015,EPSG PROFA. ALEYDE COSME,CENTRO,-19.86891,-40.87504,3783,-1,0
2026,880,56570,11,1023,EMEF LUIZA GRIMALDI,CENTRO,-19.86824,-40.87679,1916,-1,0
2026,881,56570,11,1031,EMEI PADRE BERNARDO NIEWIND,CENTRO,-19.87135,-40.8755,1015,-1,0
2026,882,56570,11,1040,EEEF ALTO JATIBOCAS,JATIBOCAS,-20.00294,-40.88877,1847,-1,0
2026,883,56570,11,1066,EEEF PROF. JOSUÉ BALDOTTO,LIMOEIRO DE SANTO ANTÔNIO,-19.9571,-40.82299,451,-1,0
2026,884,56570,11,1074,CMEI TEREZA FIOROTTI RIZZI,BAIXO SOSSEGO,-19.90466,-40.89941,577,-1,0
2026,885,56596,18,1015,"SECRETARIA DE CULTURA, ESPORTE E TURISMO",CENTRO,-20.34762,-41.53291,90,378,0
2026,886,56596,18,1031,EPSG HENRIQUE COUTINHO,CENTRO,-20.34759,-41.53246,4861,383,0
2026,887,56596,18,1040,SECRETARIA MUNICIPAL DE ASSISTENCIA E DESENVOLVIMENTO SOCIAL,CENTRO,-20.34766,-41.53486,512,385,0
2026,888,56596,18,1066,EPSG DR. NAGEM ABIKAHIR,QUILOMBO,-20.35076,-41.53455,4106,378,0
2026,889,56596,18,1074,EPG DELFINO BATISTA VIEIRA,DISTRITO DE NOSSA SENHORA DAS GRAÇAS,-20.38358,-41.53858,1579,-1,0
2026,890,56596,18,1082,EPG ALDA LOFÊGO DE CASTRO,ALTO PERDIÇÃO,-20.4216,-41.57501,273,-1,0
2026,891,56596,18,1090,EPG ELZA DE CASTRO SCARDINI,DISTRITO SANTÍSSIMA TRINDADE,-20.46601,-41.5905,1446,-1,0
2026,892,56596,18,1139,EPG SANTA CLARA DO CAPARAÓ,CÓRREGO SANTA CLARA,-20.39693,-41.69872,315,-1,0
2026,893,56596,18,1180,EPG LUÍS MOISÉS HERINGER,CÓRREGO DE LARANJA DA TERRA,-20.22691,-41.68801,373,-1,0
2026,894,56596,18,1198,EPG MARIA BARROS HORSTH,CÓRREGO SÃO JOÃO DO PRÍNCIPE,-20.32643,-41.83331,334,-1,0
2026,895,56596,18,1201,EPSG PADRE AFONSO BRAZ,DISTRITO DE PEQUIÁ,-20.27704,-41.77802,1108,-1,0
2026,896,56596,18,1210,EMEF JOTA FERREIRA,CÓRREGO RIO CLARO,-20.35655,-41.84498,275,-1,0
2026,897,56596,18,1228,EMEF DEOLINDA AMORIM DE OLIVEIRA,QUILOMBO,-20.34914,-41.53087,1858,384,0
2026,898,56596,18,1236,EMEF TERRA CORRIDA,CÓRREGO TERRA CORRIDA,-20.42982,-41.50289,242,-1,0
2026,899,56596,18,1244,IGREJA DE SÃO JOSÉ DAS TRÊS PONTES,ESTRADA DO PRÍNCIPE,-20.2998,-41.7957,72,-1,0
2026,900,56596,18,1252,CRECHE DA IGREJA PRESBITERIANA,QUILOMBO,-20.35185,-41.53365,348,384,0
2026,901,56596,18,1295,EMEF BONSUCESSO,CÓRREGO BONSUCESSO,-20.30515,-41.51703,261,-1,0
2026,902,56596,18,1309,UBS DE SANTA CLARA DO URBANO,CÓRREGO SANTA CLARA DO SEU URBANO,-20.39695,-41.69871,275,-1,0
2026,903,56596,18,1317,SALÃO PAROQUIAL DA PARÓQUIA N. S. MÃE DOS HOMENS,CENTRO,-20.34596,-41.53601,634,385,0
2026,904,56596,18,1325,CÂMARA MUNICIPAL DE IÚNA,CENTRO,-20.34739,-41.53518,350,385,0
2026,905,56596,18,1333,SALÃO DA IGREJA MATRIZ,CENTRO,-20.34592,-41.53616,553,385,0
2026,906,56596,18,1350,COLEGIO RENASCER,CENTRO,-20.3449,-41.53797,338,386,0
2026,907,56596,18,1368,EEEFM SANTÍSSIMA TRINDADE,GUANABARA,-20.35602,-41.53159,744,380,0
2026,908,56596,18,1376,CENTRO EDUCACIONAL DE ENSINO VOVÓ ORCÍLIA,FERREIRA VALE,-20.34448,-41.5324,353,383,0
2026,909,56618,4,1015,CMEI PROF. THIAGO ZUCOLOTO MACHADO,CRISTAL,-20.79503,-41.40293,1072,-1,0
2026,910,56618,4,1031,EMEF ANDRÉ ALTOÉ,PARADA CRISTAL,-20.79663,-41.37452,1385,-1,0
2026,911,56618,4,1040,EEEFM DE JERÔNIMO MONTEIRO,CENTRO,-20.79074,-41.39483,2864,-1,0
2026,912,56618,4,1066,CEMEI DIVA SAVIATTO DUARTE,CENTRO,-20.79074,-41.39553,1275,-1,0
2026,913,56618,4,1074,EEEFM DE JERÔNIMO MONTEIRO,CENTRO,-20.79049,-41.39483,1433,-1,0
2026,914,56618,4,1082,EMEF NICOLAU BORGES,PARADA CRISTAL,-20.79668,-41.3767,726,-1,0
2026,915,56618,4,1090,UFES - DEPARTAMENTO DE CIÊNCIAS FLORESTAIS E DA MADEIRA,CENTRO,-20.78971,-41.38896,1333,-1,0
2026,916,56626,14,1058,EEEFM DE JOÃO NEIVA,CENTRO,-19.75717,-40.3821,1733,-1,0
2026,917,56626,14,1066,EMEF PROFESSORA MARIA OLIRIA  SARCINELLI CAMPAGNARO,CENTRO,-19.75661,-40.38197,2608,-1,0
2026,918,56626,14,1074,EMEIF TERESITA BORRINI FARINA,CENTRO,-19.75758,-40.38184,1373,-1,0
2026,919,56626,14,1082,COLÉGIO MONTE NEGRO,CENTRO,-19.75657,-40.38494,1249,-1,0
2026,920,56626,14,1090,EMEF MISSIONÁRIOS COMBONIANOS,SANTA LUZIA,-19.75173,-40.38445,1175,-1,0
2026,921,56626,14,1112,EMEIF GUILHERME BAPTISTA,ACIOLI,-19.65753,-40.46477,615,-1,0
2026,922,56626,14,1120,EMPEIF BARRA DO TRIUNFO,BARRA DO TRIUNFO,-19.69719,-40.50186,546,-1,0
2026,923,56626,14,1139,EMPEIF CAVALINHO,CAVALINHO,-19.689,-40.39064,414,-1,0
2026,924,56626,14,1155,EMEIF JOSÉ REBUZZI SARCINELLI,CRISTAL,-19.73026,-40.36104,873,-1,0
2026,925,56626,14,1244,EMPEIF SANTO AFONSO,SANTO AFONSO,-19.73253,-40.37406,384,-1,0
2026,926,56626,14,1252,CENTRO DE FORMAÇÃO DA COMUNIDADE DE DEMÉTRIO RIBEIRO,DEMÉTRIO RIBEIRO,-19.73557,-40.41904,163,-1,0
2026,927,56626,14,1260,EMEF PEDRO NOLASCO,VILA NOVA DE BAIXO,-19.76015,-40.38558,842,-1,0
2026,928,56626,14,1279,EMEIF DR. ORLINDO FRANCISCO BORGES,COHAB,-19.75561,-40.37738,834,-1,0
2026,929,56634,25,1112,EMEF AUTO GUIMARÃES E SOUZA,SHELL,-19.38892,-40.06279,1799,407,0
2026,930,56634,25,1171,EMEF DINORAH ALMEIDA RODRIGUES,SÃO JOSÉ,-19.36893,-40.05002,3551,408,1
2026,931,56634,25,1198,EMEF ELZA RONI SCARPAT,LAGOA DO MEIO,-19.37359,-40.06267,2339,397,0
2026,932,56634,25,1201,FACELI,BNH,-19.38059,-40.05844,3103,403,0
2026,933,56634,25,1210,EEEFM POLIVALENTE DE LINHARES I,BNH,-19.38132,-40.06028,4154,403,0
2026,934,56634,25,1236,EEEFM EMIR DE MACEDO GOMES,SHELL,-19.39657,-40.06355,2963,407,0
2026,935,56634,25,1252,EMEF SAMUEL BATISTA CRUZ (CAIC DALVINO TOMÉ),INTERLAGOS,-19.39123,-40.05697,2095,393,0
2026,936,56634,25,1279,EEEFM JOSÉ DE CALDAS BRITO (POLIVALENTE DE LINHARES II),ARAÇÁ,-19.39746,-40.05987,3329,387,0
2026,937,56634,25,1317,EMEF MARÍLIA DE REZENDE SCARTON COUTINHO,INTERLAGOS,-19.39036,-40.04708,5052,393,0
2026,938,56634,25,1350,IFES - INSTITUTO FEDERAL DO ESPÍRITO SANTO,AVISO,-19.40821,-40.0443,3256,388,0
2026,939,56634,25,1376,SESI - SERVIÇO SOCIAL DA INDÚSTRIA,AVISO,-19.40645,-40.05885,4053,388,0
2026,940,56634,25,1384,CEIM BRANCA DE NEVE,JARDIM LAGUNA,-19.37577,-40.054,1438,394,0
2026,941,56634,25,1449,EMEF JOSÉ MODENEZE,CANIVETE,-19.32098,-40.07105,3770,390,0
2026,942,56634,25,1490,EMEF ROBERTO MOREIRA,ARAÇÁ,-19.39843,-40.0566,1916,387,0
2026,943,56634,25,1562,EMEF PROFª. EFIGÊNIA SIZENANDO,CÓRREGO FARIAS,-19.2634,-40.03864,1420,-1,0
2026,944,56634,25,1864,EMEF PROFª. URBANA PENHA COSTA,POVOAÇÃO,-19.57793,-39.79408,1551,-1,0
2026,945,56634,25,2038,EMEF PROFª.  MARIA DA PENHA PAZITO VENTURA,INTERLAGOS,-19.39543,-40.04019,2610,393,0
2026,946,56634,25,2046,EMPEF JOSÉ CÂNDIDO DURÃO,AGROVILA,-19.25768,-39.80079,263,-1,0
2026,947,56634,25,2119,EMEF ZEFERINO BATISTA FIOROT,SANTA CRUZ,-19.33681,-40.0647,4170,406,0
2026,948,56634,25,2135,EMEF MANOEL MARTINS,PONTAL DO IPIRANGA,-19.19066,-39.7134,1417,-1,0
2026,949,56634,25,2143,EEEFM PROFª. ANTONIETA BANHOS FERNANDES,INTERLAGOS,-19.39526,-40.03978,2756,393,0
2026,950,56634,25,2208,CEIM OLGA BORTOT MOLINA,CANIVETE,-19.31926,-40.0712,1732,390,0
2026,951,56634,25,2232,EMEF PROFª. MARIA APARECIDA LAVAGNOLI,INTERLAGOS,-19.39116,-40.05498,2745,393,0
2026,952,56634,25,2283,EMEF PREF. ROBERTO CALMON,AVISO,-19.40319,-40.05379,3513,388,0
2026,953,56634,25,2291,CIC - CENTRO DE INTEGRAÇÃO COMUNITÁRIA DO DEGREDO,DEGREDO,-19.39441,-39.72714,207,-1,0
2026,954,56634,25,2399,EMEF ANTÔNIO FERNANDES DE ALMEIDA,INTERLAGOS,-19.39953,-40.04385,2411,393,0
2026,955,56634,25,2402,EMUEF SANTO HILÁRIO,SANTO HILÁRIO,-19.37996,-40.27408,317,-1,0
2026,956,56634,25,2410,EMPEIPEF CÓRREGO JAPIRA,JAPIRA,-19.40272,-40.32647,603,-1,0
2026,957,56634,25,2437,CEIM LEODOVICO DONATELLI,BEBEDOURO,-19.47537,-40.11636,1782,-1,0
2026,958,56634,25,2445,EMEF CID ADALBERTO DOS REIS,JUPARANÃ,-19.38301,-40.07413,2942,396,0
2026,959,56634,25,2453,IASES - COMPLEXO DE LINHARES (UNIP NORTE E UNIS NORTE),PEROBAS (BEBEDOURO),-19.48997,-40.06548,0,-1,0
2026,960,56634,25,2461,CEL - COOPERATIVA EDUCACIONAL DE LINHARES,TRÊS BARRAS,-19.3742,-40.07382,1707,409,0
2026,961,56634,25,2470,EMEF CABOCLO BERNARDO,PLANALTO,-19.34891,-40.04905,3570,405,0
2026,962,56634,25,2488,CEIM ENOCK DE FREITAS,JUPARANÃ,-19.38309,-40.07195,1807,396,0
2026,963,56634,25,2496,EEEFM VILA REGÊNCIA,REGÊNCIA,-19.64633,-39.82644,1155,-1,0
2026,964,56634,25,2500,CMEIEFTI BOA ESPERANÇA (CHAPADÃO DAS PALMINHAS),CHAPADÃO DAS PALMINHAS,-19.41841,-40.222,359,-1,0
2026,965,56634,25,2518,EMEF PROFª. ELIANA CORREA PINAFO,BEBEDOURO,-19.46642,-40.11303,3304,-1,0
2026,966,56634,25,2526,EEEFM PROFª. REGINA BANHOS PAIXÃO,LINHARES V,-19.35993,-40.05219,1915,398,0
2026,967,56634,25,2534,EMPEIUEF TERRA ALTA,SÃO SEBASTIÃO DA TERRA ALTA,-19.44392,-40.38244,349,-1,0
2026,968,56634,25,2542,CMEIEF ALCIDES MARINATO (BAGUEIRA),BAGUEIRA,-19.35863,-40.18433,637,-1,0
2026,969,56634,25,2550,EMEF ADELSON DEL'SANTO,NOVA ESPERANÇA,-19.35851,-40.04522,3306,402,0
2026,970,56634,25,2569,EMPEIUEF RIO QUARTEL (QUARTEL DE CIMA),QUARTEL DE CIMA,-19.53329,-40.17105,314,-1,0
2026,971,56634,25,2577,EMEF CELINA COUTINHO NUNES (BAIXO QUARTEL),BAIXO QUARTEL,-19.54129,-40.08906,1334,-1,0
2026,972,56634,25,2585,EMEF LUIZ DE CAMÕES,NOSSA SENHORA DA CONCEIÇÃO,-19.3803,-40.0692,1718,400,0
2026,973,56634,25,2593,EMEF ÂNGELO RECLA (QUARTEL DO MEIO),QUARTEL DO MEIO,-19.52096,-40.1482,1863,-1,0
2026,974,56634,25,2607,EMEF OROZIMBO LEITE,GUAXE,-19.2328,-40.14575,738,-1,0
2026,975,56634,25,2615,EMPEI GERÔNCIO FRANCISCO (HUMAITÁ),HUMAITÁ,-19.50858,-40.35629,652,-1,0
2026,976,56634,25,2623,EEEFM PROF. MANOEL ABREU,BEBEDOURO,-19.47464,-40.11954,2083,-1,0
2026,977,56634,25,2631,EMPEIUEF EMA SARTÓRIO BIANCARDI,RIO DAS PALMAS,-19.4074,-40.37013,192,-1,0
2026,978,56634,25,2640,QUADRA POLIESPORTIVA JOSÉ ANTONIO BISSOLI,JAPIRA,-19.40282,-40.32602,585,-1,0
2026,979,56634,25,2658,EMEF MARIA SOUZA MATIAS,MOVELAR,-19.35511,-40.05749,2351,399,0
2026,980,56634,25,2666,EEEFM MANOEL SALUSTIANO DE SOUZA,SÃO RAFAEL,-19.36919,-40.44751,1034,-1,0
2026,981,56634,25,2674,CEEFMTI BARTOUVINO COSTA,CENTRO,-19.40264,-40.066,2123,391,0
2026,982,56634,25,2682,EMEF PRES. CASTELO BRANCO,CENTRO,-19.39884,-40.07058,2010,391,0
2026,983,56634,25,2690,EMPEIPEF BIBIANA COSTA,DESENGANO,-19.62825,-40.31506,494,-1,0
2026,984,56634,25,2704,CENTRO DE ENSINO LINHARENSE DARWIN,CENTRO,-19.40418,-40.06144,1767,391,0
2026,985,56634,25,2712,CETEC / OUSE,CENTRO,-19.39861,-40.07018,1140,391,0
2026,986,56634,25,2720,CEP EDUCACIONAL,NOSSA SENHORA DA CONCEIÇÃO,-19.3855,-40.06852,150,407,1
2026,987,56634,25,2747,EMUEF SANTA ROSA,BREJO GRANDE,-19.38268,-39.90923,21,-1,0
2026,988,56634,25,2755,EMPEIPEF AREAL,AREAL DE REGÊNCIA,-19.58079,-39.82895,65,-1,0
2026,989,56634,25,2763,EMEF JERÔNIMO MONTEIRO,BNH,-19.37991,-40.06501,2067,403,0
2026,990,56634,25,2771,SESC - SERVIÇO SOCIAL DO COMÉRCIO,COLINA,-19.39419,-40.0683,1677,392,0
2026,991,56634,25,2780,CEEJA - CENTRO ESTADUAL DE EDUCAÇÃO DE JOVENS E ADULTOS,CENTRO,-19.40295,-40.06607,1300,391,0
2026,992,56634,25,2798,CEIM RIO DOCE,RESIDENCIAL RIO DOCE (AVISO),-19.41391,-40.01858,464,-1,0
2026,993,56634,25,2801,EMPEF PALHAL,PALHAL (BEBEDOURO),-19.53973,-40.02474,248,-1,0
2026,994,56634,25,2810,CMEIEFTI PALMITAL,PALMITAL,-19.37098,-40.05662,1063,404,0
2026,995,56634,25,2828,CEIM CHAPEUZINHO VERMELHO,INTERLAGOS,-19.39073,-40.04685,1878,393,0
2026,996,56634,25,2836,CEIM JOSÉ ELIAS,LINHARES V,-19.35963,-40.05215,1689,398,0
2026,997,56650,36,1015,CÂMARA MUNICIPAL,CENTRO,-18.86131,-41.12139,348,-1,0
2026,998,56650,36,1023,EM ELIEZER EDUARDO RIBEIRO,CENTRO,-18.85887,-41.11825,489,-1,0
2026,999,56650,36,1031,EPG PROFA ADELINA LÍRIO,CENTRO,-18.85959,-41.1228,1012,-1,0
2026,1000,56650,36,1040,EPG CHRISTIANO DIAS LOPES,CENTRO,-18.86492,-41.12494,1371,-1,0
2026,1001,56650,36,1058,EEEFM JOB PIMENTEL,CENTRO,-18.86027,-41.1196,2009,-1,0
2026,1002,56650,36,1074,EPG VICENTE AMARO DA SILVA,DISTRITO DE SÃO GERALDO,-18.83584,-41.2139,965,-1,0
2026,1003,56650,36,1082,EPG LUIS SIMÃO,DISTRITO DE SÃO JOSÉ,-18.89372,-41.07821,1695,-1,0
2026,1004,56650,36,1090,EPG PALMERINDO VIEIRA CAMPOS,DISTRITO DE SANTA LUZIA,-18.88905,-41.01596,871,-1,0
2026,1005,56650,36,1139,CENTRO DE REFERÊNCIA DA ASSISTÊNCIA SOCIAL - CRAS,CENTRO,-18.86097,-41.12265,1078,-1,0
2026,1006,56650,36,1163,EM ANEDINA BRETAS CORREA,DISTRITO DE SANTA LUZIA,-18.88399,-41.01643,565,-1,0
2026,1007,56677,5,1015,EMEB MONTEIRO DA SILVA (GRUPO VELHO),CENTRO,-21.06333,-41.3675,3024,-1,0
2026,1008,56677,5,1023,CEEFMTI ANTÔNIO ACHA (POLIVALENTE),CENTRO,-21.0645,-41.36813,2661,-1,0
2026,1009,56677,5,1031,JARDIM DA INFÂNCIA CORINA BICALHO GUIMARÃES,CENTRO,-21.06296,-41.3675,1104,-1,0
2026,1010,56677,5,1040,EMEB PEDRO JOSÉ VIEIRA (GRUPO NOVO),CENTRO,-21.06224,-41.36464,2279,-1,0
2026,1011,56677,5,1058,EEEFM MONSENHOR ELIAS TOMASI (GINÁSIO),VILA NOVA DA PENHA,-21.0599,-41.35845,3888,-1,0
2026,1012,56677,5,1074,EMEB RANCHO ALEGRE,ASSENTAMENTO RANCHO ALEGRE,-21.16006,-41.30173,198,-1,0
2026,1013,56677,5,1090,EMEB NOVO BRASIL (MURIBECA),MURIBECA,-20.91586,-41.53719,405,-1,0
2026,1014,56677,5,1120,EMEB ANTÔNIA JUNGER POUBEL DA SILVA (CONCEIÇÃO DO MUQUI),CONCEIÇÃO DO MUQUI,-20.97224,-41.50864,996,-1,0
2026,1015,56677,5,1147,EMEB SÃO RAFAEL,SÃO RAFAEL,-20.92592,-41.45175,282,-1,0
2026,1016,56677,5,1155,EMEB CONSTÂNCIO VIVAS (SANTO ANTÔNIO DO MUQUI),SANTO ANTÔNIO DO MUQUI,-21.00877,-41.46275,971,-1,0
2026,1017,56677,5,1163,EMEB CATHARINA GIOVANINI FABER (SÃO PEDRO DO ITABAPOANA),SÃO PEDRO DO ITABAPOANA,-21.07545,-41.49632,677,-1,0
2026,1018,56677,5,1198,EMEB PROFESSOR CARLOS MATTOS (PONTE DO ITABAPOANA),PONTE DO ITABAPOANA,-21.20558,-41.46241,842,-1,0
2026,1019,56677,5,1201,POSTO DE SAÚDE DE DONA AMÉRICA,DONA AMÉRICA,-21.16182,-41.41174,297,-1,0
2026,1020,56677,5,1228,EMEBTI JOSÉ GONÇALVES FIGUEIRAS (SÃO JOSÉ DAS TORRES),SÃO JOSÉ DAS TORRES,-21.06894,-41.23885,1101,-1,0
2026,1021,56677,5,1252,EEEM ANTÔNIO SABATINI SIMONI (CONCEIÇÃO DO MUQUI),CONCEIÇÃO DO MUQUI,-20.97401,-41.50888,1040,-1,0
2026,1022,56693,38,1040,EM DOMINGOS MARTINS,MARIA ZÉLIA,-18.1279,-40.37216,1990,-1,0
2026,1023,56693,38,1058,COLÉGIO NOSSA SENHORA APARECIDA,CENTRO,-18.12825,-40.36225,1284,-1,0
2026,1024,56693,38,1104,EPG ELPÍDIO CAMPOS DE OLIVEIRA,CENTRO,-18.12664,-40.3619,2168,-1,0
2026,1025,56693,38,1155,ESCOLA ESTADUAL PADRE MANOEL DA NOBREGA,DISTRITO DE VINHÁTICO,-18.19714,-40.26538,2454,-1,0
2026,1026,56693,38,1171,EPG DE SÃO SEBASTIÃO DO NORTE,DISTRITO DE SÃO SEBASTIÃO DO NORTE,-18.10724,-40.17273,771,-1,0
2026,1027,56693,38,1180,EPG MARIA CLEMENTINA VELOSO SANTOS,CIPRESTE,-18.12826,-40.3548,1853,-1,0
2026,1028,56693,38,1198,EPG PRESIDENTE COSTA E SILVA,FUNDÃO,-18.12371,-40.363,604,-1,0
2026,1029,56693,38,1201,EPG BAIRRO BRASÍLIA,BRASÍLIA,-18.13018,-40.3729,1381,-1,0
2026,1030,56693,38,1228,ESCOLA ESTADUAL DOM JOSE DALVIT,CENTRO,-18.12672,-40.36575,2931,-1,0
2026,1031,56715,38,1015,EPG PROF. JOSÉ SARMENTO ROQUE,PLANALTO,-18.09524,-40.52043,990,-1,0
2026,1032,56715,38,1023,EEEFM DE MUCURICI,PLANALTO,-18.09642,-40.5216,1668,-1,0
2026,1033,56715,38,1031,EPG DE ÁGUA BOA,ÁGUA BOA,-17.98186,-40.39667,336,-1,0
2026,1034,56715,38,1040,EPSG BENJAMIM MENDES DE SOUZA,ITABAIANA,-17.93947,-40.54779,1821,-1,0
2026,1035,56715,38,1058,ASSENTAMENTO CÓRREGO DA LAGE,CÓRREGO DO LAGEADO,-18.03026,-40.63644,331,-1,0
2026,1036,56715,38,1066,EPG DE ITABAIANA,ITABAIANA,-17.94183,-40.55199,3,-1,0
2026,1037,56731,19,1015,CEEFMTI BRÁULIO FRANCO,CENTRO,-20.46264,-41.41327,3185,-1,0
2026,1038,56731,19,1023,EMEF PROFESSORA LIA THEREZINHA MERÇON ROCHA,CENTRO,-20.46708,-41.41478,1856,-1,0
2026,1039,56731,19,1074,EEEFM ARQUIMÍMO MATTOS,DISTRITO DE PIAÇU,-20.33702,-41.3902,1806,-1,0
2026,1040,56731,19,1112,EMEF MARIA ÁUREA BARROSO,DISTRITO DE MENINO JESUS,-20.40138,-41.42749,849,-1,0
2026,1041,56731,19,1139,EMEF SEBASTIÃO COSTA,DISTRITO DE ITAICI,-20.53078,-41.51034,729,-1,0
2026,1042,56731,19,1147,EMEF PROFESSOR PAULO FABIO SARTORE,DISTRITO DE VIEIRA MACHADO,-20.4965,-41.33513,596,-1,0
2026,1043,56731,19,1155,EMEF LEOVEGILIA EMILIANO DA SILVA,DISTRITO DE SÃO PEDRO,-20.43556,-41.44611,342,-1,0
2026,1044,56731,19,1163,EMEF SANTA JOANA,ASSUNÇÃO,-20.23754,-41.36514,1107,-1,0
2026,1045,56731,19,1228,CENTRO DE EDUCAÇÃO INFANTIL ANA BASILIO DE ÁVILA,DISTRITO DE PIAÇU,-20.3374,-41.39107,774,-1,0
2026,1046,56731,19,1244,JARDIM DE INFÂNCIA  MONSENHOR ANÍBAL ADEMAR VIEIRA DA CUNHA,CENTRO,-20.46174,-41.4175,579,-1,0
2026,1047,56731,19,1252,APAE DE MUNIZ FREIRE,CENTRO,-20.46561,-41.41258,288,-1,0
2026,1048,56731,19,1260,UNIDADE BÁSICA DE SAÚDE DE PIAÇU,DISTRITO DE PIAÇU,-20.33803,-41.39171,795,-1,0
2026,1049,56731,19,1279,CRAS - PIAÇU,DISTRITO DE PIAÇU,-20.33764,-41.39033,275,-1,0
2026,1050,56731,19,1287,CEI TÂNIA APARECIDA NICOLAU E PROFESSORA GENECI CAÇADOR,SANTA TEREZINHA,-20.46706,-41.40913,1521,-1,0
2026,1051,56731,19,1295,ESCOLA PLURIDOCENTE MUNICIPAL CABECEIRA DO NORTE,DISTRITO DE ALTO NORTE,-20.24362,-41.4036,91,-1,0
2026,1052,56758,5,1015,CEEFMTI SENADOR DIRCEU CARDOSO,SÃO PEDRO,-20.94688,-41.33642,2948,-1,0
2026,1053,56758,5,1023,JARDIM DE INFÂNCIA JURANDY FRANÇA MARTINS,CENTRO,-20.95028,-41.34357,1494,-1,0
2026,1054,56758,5,1031,EEEF MARCONDES DE SOUZA,CENTRO,-20.95116,-41.34386,1892,-1,0
2026,1055,56758,5,1040,EMEF FREI PEDRO DOMINGO IZCARA,SANTO AGOSTINHO,-20.9455,-41.34578,1948,-1,0
2026,1056,56758,5,1058,EMEIEF ERCY ARRUDA BONFIM (CAMARÁ),DISTRITO DE CAMARÁ,-20.89656,-41.27067,1101,-1,0
2026,1057,56758,5,1066,CEM/COOPEM - COOPERATIVA EDUCACIONAL DE MUQUI,BAIRRO DAS PALMEIRAS,-20.95511,-41.34749,1704,-1,0
2026,1058,56774,30,1015,IGREJA CATÓLICA DO PATRIMÔNIO DA AREIA,PATRIMÔNIO DO CÓRREGO DA AREIA,-18.63132,-40.27884,442,-1,0
2026,1059,56774,30,1023,APAE,MUNICIPAL I,-18.71255,-40.3981,970,-1,0
2026,1060,56774,30,1058,EMEF GUARABU,CÓRREGO DO GUARABU,-18.54929,-40.44981,258,-1,0
2026,1061,56774,30,1074,COMUNIDADE SÃO JOSÉ DO CAMPO REAL,SÃO JOSÉ DO CAMPO REAL,-18.78155,-40.54737,192,-1,0
2026,1062,56774,30,1090,CENTRO COMUNITÁRIO APARECIDA,MARGARETH,-18.70796,-40.39465,798,-1,0
2026,1063,56774,30,1112,CENTRO COMUNITÁRIO BONFIM,BONFIM,-18.71243,-40.40553,867,-1,0
2026,1064,56774,30,1120,EMEIEF REFRIGÉRIO,CÓRREGO REFRIGÉRIO,-18.60032,-40.36812,167,-1,0
2026,1065,56774,30,1139,EMEIEF CÓRREGO DA PALMEIRA,CÓRREGO DA PALMEIRA,-18.65708,-40.31722,165,-1,0
2026,1066,56774,30,1147,EPSG DOM DANIEL COMBONI,MUNICIPAL I,-18.71289,-40.39868,1285,-1,0
2026,1067,56774,30,1155,EMUEF CÓRREGO DA VOLTA,CÓRREGO DA VOLTA,-18.65646,-40.47151,99,-1,0
2026,1068,56774,30,1163,COMUNIDADE CAMPO BELO - INVEJADA,PEDRA DA INVEJADA,-18.88411,-40.63057,245,-1,0
2026,1069,56774,30,1171,EEEF PADRE JOSIMO - PIP NUCK,ASSENTAMENTO PIP NUCK,-18.71181,-40.53616,323,-1,0
2026,1070,56774,30,1180,EMEF PROF CLAUDINA BARBOSA,MUNICIPAL I,-18.71297,-40.39888,1146,-1,0
2026,1071,56774,30,1198,EMEF MARIA RODRIGUES LEITE,CENTRO,-18.7098,-40.40336,534,-1,0
2026,1072,56774,30,1201,EMEF DR ADALTON SANTOS  - POLIVALENTE,MUNICIPAL I,-18.71415,-40.39955,1316,-1,0
2026,1073,56774,30,1210,EMEF VENECIANO,BEIRA RIO,-18.70518,-40.39811,2497,-1,0
2026,1074,56774,30,1228,EMEF DE SANTA ROSA DA CACHOEIRINHA,SANTA ROSA DA CACHOEIRINHA,-18.7816,-40.51819,211,-1,0
2026,1075,56774,30,1236,EEFM GUARAREMA,DISTRITO DE GUARAREMA,-18.83149,-40.71598,641,-1,0
2026,1076,56774,30,1252,EMEF SÃO LUIZ REIS,SÃO LUIZ REIS,-18.49016,-40.52123,400,-1,0
2026,1077,56774,30,1260,EEEFM PATRIMÔNIO DO QUINZE,SANTO ANTÔNIO DO XV,-18.49511,-40.46637,779,-1,0
2026,1078,56774,30,1279,EMEIF PATRIMÔNIO DE SÃO GONÇALO,DISTRITO DE GUARAREMA,-18.71039,-40.64914,408,-1,0
2026,1079,56774,30,1295,EMEF CRISTALINO - FRANCISCO SECHIN,CRISTALINO,-18.78572,-40.57776,640,-1,0
2026,1080,56774,30,1325,EMEF CEDROLÂNDIA,CEDROLÂNDIA,-18.8071,-40.68732,1139,-1,0
2026,1081,56774,30,1333,EMEF LOURDES SCARDINI,FILOMENA,-18.71491,-40.39343,1296,-1,0
2026,1082,56774,30,1341,EMEF ÁGUA LIMPA,ÁGUA LIMPA,-18.86729,-40.67292,525,-1,0
2026,1083,56774,30,1350,ESCOLA CACHOEIRA DO MUNIZ,ALTO MUNIZ,-18.90871,-40.70392,295,-1,0
2026,1084,56774,30,1368,EMEIEF BOA VISTA,BOA VISTA,-18.82409,-40.76331,494,-1,0
2026,1085,56774,30,1406,EMEF DO PATRIMÔNIO DO BIS,PATRIMÔNIO DO BIS,-18.55806,-40.33895,248,-1,0
2026,1086,56774,30,1414,EMEF CÓRREGO DO POÇÃO,CÓRREGO DO POÇÃO,-18.82097,-40.5727,641,-1,0
2026,1087,56774,30,1422,EPG DR. RENATO ARAÚJO MAIA,MARGARETH,-18.70829,-40.39416,1235,-1,0
2026,1088,56774,30,1430,CMEI DOM BOSCO - LUZIA ALVES DE LIMA,MARGARETH,-18.70753,-40.39736,1383,-1,0
2026,1089,56774,30,1457,EMEF BAIRRO ALTOÉ,ALTOÉ,-18.68859,-40.39011,1785,-1,0
2026,1090,56774,30,1481,SALÃO PAROQUIAL - MATRIZ SÃO MARCOS,CENTRO,-18.71104,-40.40012,944,-1,0
2026,1091,56774,30,1511,EMEF CÓRREGO DO CRISTAL,CÓRREGO DO DISTRITO DE GUARAREMA,-18.78492,-40.72273,263,-1,0
2026,1092,56774,30,1520,EMEF CÓRREGO DA TRAVESSIA,CÓRREGO DA TRAVESSIA,-18.37612,-40.55313,215,-1,0
2026,1093,56774,30,1538,COMUNIDADE SANTA HELENA DA CHAPADINHA,CHAPADINHA,-18.62869,-40.47556,379,-1,0
2026,1094,56774,30,1546,EMEF SÃO MIGUEL,CÓRREGO SÃO MIGUEL,-18.54514,-40.52673,372,-1,0
2026,1095,56774,30,1562,EMEF VITÓRIO DE ÂNGELO - SERRA DE CIMA,CÓRREGO DE SERRA DE CIMA,-18.78725,-40.47534,219,-1,0
2026,1096,56774,30,1600,EMEF STANISLAW ZUCOLOTTO,SÃO FRANCISCO,-18.69198,-40.4004,2330,-1,0
2026,1097,56774,30,1619,EMEF SÃO CRISTOVÃO,SÃO CRISTOVÃO,-18.72492,-40.42116,2136,-1,0
2026,1098,56774,30,1627,EMEF TITO DOS SANTOS NEVES,RUBIA,-18.6982,-40.39461,2548,-1,0
2026,1099,56774,30,1635,CMEI LAR DE FÁTIMA,BONFIM,-18.71254,-40.4063,794,-1,0
2026,1100,56774,30,1643,IGREJA CATÓLICA DO PATRIMÔNIO DA PENHA - PERDIDO,PATRIMÔNIO DA PENHA,-18.5885,-40.43273,368,-1,0
2026,1101,56774,30,1660,EMEF CÓRREGO DA PEDRA - GRILLO,SEDE DO CÓRREGO DA PEDRA,-18.56499,-40.46335,300,-1,0
2026,1102,56774,30,1678,SALÃO COMUNITÁRIO DA IGREJA CATÓLICA SÃO LUIZ GONZAGA,SÃO LUIZ GONZAGA,-18.62798,-40.30063,311,-1,0
2026,1103,56774,30,1686,EMEF ASSENTAMENTO RODEIO,COMUNIDADE SÃO JOÃO DO BOTO,-18.75797,-40.48765,145,-1,0
2026,1104,56774,30,1694,CMEITI PROFESSOR LUIS CARLOS GADIOLI,AEROPORTO,-18.67833,-40.4141,2482,-1,0
2026,1105,56774,30,1708,CMEI MARIA LUÍSA DIAS PESTANA SANTOS - SAO MARCOS,RUBIA,-18.7009,-40.39583,975,-1,0
2026,1106,56774,30,1716,CMEI VERA LÚCIA GALVÃO,RUBIA,-18.697,-40.39497,666,-1,0
2026,1107,56774,30,1724,CMEI ODORICO DOMINGOS,IOLANDA,-18.70168,-40.40148,651,-1,0
2026,1108,56774,30,1732,CMEITI MARIA CALIMAN LOBO,DOM JOSÉ DALVID,-18.69078,-40.39308,500,-1,0
2026,1109,56774,30,1740,CMEI REGINA CELIA MENEGUETTI FRISSO,MONTE CASTELO,-18.70477,-40.3922,878,-1,0
2026,1110,56774,30,1759,EMEFTI ARLENE GERALDO,FLORA PARK,-18.69497,-40.392,106,-1,0
2026,1111,56774,30,1767,CMEI ROMEU CARDOSO - BELA VISTA,BELA VISTA,-18.72194,-40.41472,252,-1,0
2026,1112,56790,36,1015,CREAS - CENTRO DE REFERENCIA ESPECIALIZADO DE ASSISTENCIA SOCIAL,CENTRO,-19.22424,-40.85216,526,-1,0
2026,1113,56790,36,1031,ASPEN - ASSOCIAÇÃO PANQUENSE DE ENSINO,LIRIO DOS VALES,-19.2218,-40.85348,1484,-1,0
2026,1114,56790,36,1040,EEEFM ARARIBÓIA,LIRIO DOS VALES,-19.22149,-40.85353,1671,-1,0
2026,1115,56790,36,1058,CADASTRO ÚNICO,CENTRO,-19.22443,-40.85176,823,-1,0
2026,1116,56790,36,1066,EMEF ORAIDE GOMES DE MIRANDA,VILA NOVA,-19.22261,-40.847,1712,-1,0
2026,1117,56790,36,1074,CEIM SANTA LUZIA,CENTRO,-19.22479,-40.8535,692,-1,0
2026,1118,56790,36,1090,OBRA SOCIAL SANTA LUZIA,CENTRO,-19.22284,-40.85078,608,-1,0
2026,1119,56790,36,1104,UNIDADE DE SAÚDE - CENTRO,CENTRO,-19.22499,-40.85206,590,-1,0
2026,1120,56790,36,1112,EMEF HENOC PEREIRA,CENTRO,-19.22369,-40.85071,667,-1,0
2026,1121,56790,36,1228,EEEFM JANUÁRIO RIBEIRO,DISTRITO DE VILA VERDE,-18.97296,-40.87734,1229,-1,0
2026,1122,56790,36,1252,CEIM MENINO JESUS,DISTRITO DE VILA VERDE,-18.97207,-40.87415,693,-1,0
2026,1123,56790,36,1295,EMEF ROBERTSON SCHUAITH,DISTRITO DE LAGINHA,-19.16147,-40.77287,2342,-1,0
2026,1124,56790,36,1309,EEEFM SEBASTIANA GRILO,DISTRITO DE LAGINHA,-19.15794,-40.77171,1531,-1,0
2026,1125,56790,36,1384,CEIM PEQUENO PRÍNCIPE,VILA NOVA,-19.22247,-40.84845,1324,-1,0
2026,1126,56812,39,1015,EEEF SÃO JOSÉ DO JUNDIÁ,CANÁRIO,-18.4079,-40.21667,524,-1,0
2026,1127,56812,39,1031,EPSG COOPEPI,CENTRO,-18.40943,-40.21524,1111,-1,0
2026,1128,56812,39,1040,EEEF EMIR DE MACEDO GOMES,CENTRO,-18.41252,-40.21297,1914,-1,0
2026,1129,56812,39,1058,EMEF E PRÉ-ESCOLA CARLOS LINDENBERG,SANTO ANTÔNIO,-18.4117,-40.22118,2600,-1,0
2026,1130,56812,39,1066,EEEFM NOSSA SENHORA DE LOURDES,CENTRO,-18.4106,-40.212,764,-1,0
2026,1131,56812,39,1074,EEEF JOSÉ PINHEIRO,DOMICIANO MEDINA,-18.41202,-40.21776,1654,-1,0
2026,1132,56812,39,1082,EEEF SÃO JOÃO DO SOBRADO,DISTRITO SÃO JOÃO DO SOBRADO,-18.31825,-40.40523,1195,-1,0
2026,1133,56812,39,1090,CRECHE DOCE LAR,DISTRITO SÃO JOÃO DO SOBRADO,-18.32344,-40.40511,783,-1,0
2026,1134,56812,39,1104,CENTRO PAROQUIAL,CENTRO,-18.41327,-40.21456,1146,-1,0
2026,1135,56812,39,1112,EMEF PROFESSORA MARA MOTA,JUNDIÁ,-18.41874,-40.21513,1469,-1,0
2026,1136,56812,39,1120,EEEF E PRÉ-ESCOLA LAGOA SECA,LAGOA SECA,-18.37719,-39.94821,163,-1,0
2026,1137,56812,39,1139,ESCOLA POLO ANTÔNIO BRUNELLI,BRUNELLI,-18.3449,-40.04723,297,-1,0
2026,1138,56812,39,1147,CRECHE FLORINDO MANZOLI,PINHEIRINHO,-18.40289,-40.22841,917,-1,0
2026,1139,56812,39,1155,EMIEF AUGUSTO RUSCHI,VILA NOVA,-18.41506,-40.20642,833,-1,0
2026,1140,56812,39,1163,CEMEI CASINHA FELIZ,VILA VERDE,-18.4148,-40.21956,1887,-1,0
2026,1141,56812,39,1171,CRECHE ALCYONE FONSECA BRASIL OLIVEIRA,JUNDIÁ,-18.41862,-40.21576,797,-1,0
2026,1142,56812,39,1180,CEMETI CARROSSEL - CRECHE,CENTRO,-18.40872,-40.21516,560,-1,0
2026,1143,56812,39,1201,EMUEF LAPINHA - VILA FERNANDES,VILA FERNANDES,-18.44232,-40.13991,221,-1,0
2026,1144,56839,17,1015,EPSG PROFA. FILOMENA QUITIBA,CENTRO,-20.83774,-40.72653,2404,-1,0
2026,1145,56839,17,1040,JARDIM DE INFÂNCIA NOSSA SENHORA DA CONCEIÇÃO,CENTRO,-20.84033,-40.72508,1041,-1,0
2026,1146,56839,17,1058,ASSOCIAÇÃO DE PAIS E AMIGOS DOS EXCEPCIONAIS DE PIÚMA - APAE,CENTRO,-20.83897,-40.72283,2860,-1,0
2026,1147,56839,17,1066,EEPE SÃO JOÃO DE IBITIBA,SÃO JOÃO DE IBITIBA,-20.87434,-40.82124,188,-1,0
2026,1148,56839,17,1074,CRECHE VOVÓ GENOVEVA,MONTE AGHA I,-20.85064,-40.74924,1947,-1,0
2026,1149,56839,17,1082,EEEF MANOEL DOS SANTOS PEDROZA,NITERÓI,-20.83273,-40.72429,2172,-1,0
2026,1150,56839,17,1090,EEPE NOVA ESPERANÇA,NOVA ESPERANÇA,-20.81022,-40.73833,803,-1,0
2026,1151,56839,17,1104,EM PORTINHO,PORTINHO,-20.83612,-40.71421,935,-1,0
2026,1152,56839,17,1112,IFES- INSTITUTO FEDERAL DO ESPÍRITO SANTO,PRAIA DOCE,-20.83989,-40.72415,2229,-1,0
2026,1153,56839,17,1120,EEEF CÉU AZUL,CÉU AZUL,-20.82782,-40.71973,1182,-1,0
2026,1154,56839,17,1163,EMEI PROF. CELIA MARIA HEHR NUNES,MONTE AGHA I,-20.84637,-40.74924,1313,-1,0
2026,1155,56839,17,1171,ACAFI - ASSSOCIAÇÃO COMUNITÁRIA E DE AGRICULTORES FAMILIARES DE ITINGA,ITINGA,-20.83009,-40.80554,80,-1,0
2026,1156,56839,17,1180,POSTO DE SAÚDE MARIA DA PENHA BAIHENSE LEITE,MONTE AGHA II,-20.86015,-40.76003,222,-1,0
2026,1157,56855,43,1015,ESCOLA ESTADUAL DE ENSINO FUNDAMENTAL E MÉDIO DE PRESIDENTE KENNEDY,CENTRO,-21.1019,-41.04505,4484,-1,0
2026,1158,56855,43,1082,ESCOLA DE ENSINO FUNDAMENTAL SÃO SALVADOR,SÃO SALVADOR,-21.17983,-40.98708,681,-1,0
2026,1159,56855,43,1104,ESCOLA PLURIDOCENTE DE ENSINO SÃO PAULO,SÃO PAULO,-21.0338,-41.07415,766,-1,0
2026,1160,56855,43,1139,ESCOLA PLURIDOCENTE DE ENSINO SANTA LÚCIA,SANTA LÚCIA,-20.99955,-41.08561,580,-1,0
2026,1161,56855,43,1147,ESCOLA DE 1º GRAU BERY BARRETO DE ARAÚJO,JAQUEIRA,-21.20196,-40.98782,1899,-1,0
2026,1162,56855,43,1163,ESCOLA PLURIDOCENTE DE ENSINO MINEIRINHO,MINEIRINHO,-21.17351,-41.06036,665,-1,0
2026,1163,56855,43,1171,ESCOLA UNIDOCENTE DE ENSINO GROMOGOL,GROMOGOL,-21.09069,-41.19032,225,-1,0
2026,1164,56855,43,1180,ESCOLA UNIDOCENTE DE ENSINO SANTA FÉ,BELA VISTA,-21.22235,-41.15024,200,-1,0
2026,1165,56855,43,1201,CENTRO DE EDUCAÇÃO INFANTIL BEM-ME-QUER,BOA ESPERANÇA,-21.14722,-40.98422,750,-1,0
2026,1166,56855,43,1210,ESCOLA UNIDOCENTE DE ENSINO ÁGUA PRETA,ÁGUA PRETA,-21.0409,-41.11501,202,-1,0
2026,1167,56855,43,1228,SALÃO COMUNITÁRIO HONÓRIO COSTALONGA,MONTE BELO,-21.11548,-41.09037,167,-1,0
2026,1168,56855,43,1236,ESCOLA UNIDOCENTE DE ENSINO GALOS,CANCELAS,-21.10214,-41.12388,256,-1,0
2026,1169,56855,43,1244,ESCOLA UNIDOCENTE BOM JARDIM,BOM JARDIM,-21.10207,-41.20201,203,-1,0
2026,1170,56855,43,1252,ESCOLA PLURIDOCENTE DE ENSINO SANTO EDUARDO,SANTO EDUARDO,-21.1799,-40.98686,688,-1,0
2026,1171,56855,43,1287,CENTRO MUNICIPAL DE EDUCAÇÃO INFANTIL LIANA QUINTA,PRAIA DE MAROBÁ,-21.18901,-40.93283,1518,-1,0
2026,1172,56871,35,1023,EEEFM WALDEMIRO HEMERLY,CENTRO,-20.86387,-40.93237,1844,-1,0
2026,1173,56871,35,1031,EPG BODART JUNIOR,CENTRO,-20.86409,-40.93244,988,-1,0
2026,1174,56871,35,1040,ESCOLA ESPECIAL PESTALOZZI,CENTRO,-20.86496,-40.93468,317,-1,0
2026,1175,56871,35,1074,JARDIM DE INFÂNCIA JOAQUINA NOGUEIRA,CENTRO,-20.86515,-40.93156,688,-1,0
2026,1176,56871,35,1082,QUADRA CAPIM ANGOLA,CAPIM ANGOLA,-20.83863,-40.8695,437,-1,0
2026,1177,56871,35,1090,EU CACHOEIRINHA,CACHOEIRINHA,-20.81245,-40.98317,349,-1,0
2026,1178,56871,35,1104,EU MUNDO NOVO,MUNDO NOVO,-20.78932,-40.92185,405,-1,0
2026,1179,56871,35,1112,EU PRINCESA,PRINCESA,-20.69867,-40.92939,271,-1,0
2026,1180,56871,35,1120,EP SÃO VICENTE,SÃO VICENTE,-20.82168,-40.93725,439,-1,0
2026,1181,56871,35,1147,SALAO PAROQUIAL,CENTRO,-20.86276,-40.93624,1005,-1,0
2026,1182,56871,35,1155,EEEFM VIRGÍNIA NOVA,VIRGÍNIA NOVA,-20.75349,-40.96833,307,-1,0
2026,1183,56871,35,1171,EP QUARTEIRÃO,QUARTEIRÃO DE SANTANA,-20.86171,-40.94845,643,-1,0
2026,1184,56871,35,1180,EP ITATAÍBA,ITATAÍBA,-20.85626,-40.84257,384,-1,0
2026,1185,56871,35,1201,EPM VITAL LUCAS,SÃO JOSÉ,-20.86813,-40.94274,738,-1,0
2026,1186,56898,9,1015,EEEFM ALICE HOLZMEISTER,CENTRO,-20.10169,-40.52876,1960,-1,0
2026,1187,56898,9,1023,EPM JACOB SCHAEFFER,RIO BONITO,-20.03793,-40.61881,161,-1,0
2026,1188,56898,9,1058,POSTO MÉDICO DE MANGARAÍ,DISTRITO DE MANGARAÍ,-20.17841,-40.50347,490,-1,0
2026,1189,56898,9,1066,CENTRO COMUNITARIO DE REGÊNCIA,DISTRITO DE MANGARAÍ,-20.20126,-40.48125,315,-1,0
2026,1190,56898,9,1104,EMEF ILMA NASCIMENTO DIAS,CENTRO,-20.09963,-40.52779,1676,-1,0
2026,1191,56898,9,1120,EP RIO DAS FARINHAS,RIO DAS FARINHAS,-20.15036,-40.62742,397,-1,0
2026,1192,56898,9,1171,CENTRO COMUNITÁRIO DA IGREJA LUTERANA - HOLANDINHA,HOLANDINHA,-20.2211,-40.56423,208,-1,0
2026,1193,56898,9,1201,EMUF RIO DO NORTE,SANTO ANTÔNIO,-20.04211,-40.58952,208,-1,0
2026,1194,56898,9,1210,EP DJALMA GAEDE,CARAMURU DE BAIXO,-20.09064,-40.65013,383,-1,0
2026,1195,56898,9,1228,JANETTA KLEMZ JACOB,CARAMURU,-20.12776,-40.67909,530,-1,0
2026,1196,56898,9,1236,EU DE TRÊS PONTES,TRÊS PONTES,-20.20383,-40.4209,210,-1,0
2026,1197,56898,9,1244,ESF TIROL,TIROL,-20.19809,-40.59473,530,-1,0
2026,1198,56898,9,1252,CENTRO COMUNITÁRIO DE MEIA LÉGUA,MEIA LÉGUA,-20.24052,-40.54874,307,-1,0
2026,1199,56898,9,1260,EPM DE LUXEMBURGO,LUXEMBURGO,-20.13313,-40.59048,296,-1,0
2026,1200,56898,9,1287,EPG BARRA DE MANGARAÍ,BARRA DE MANGARAÍ,-20.1349,-40.43911,500,-1,0
2026,1201,56898,9,1295,EUM DE BRAGANÇA,BRAGANÇA,-20.14295,-40.56635,68,-1,0
2026,1202,56898,9,1309,PRÉDIO ANEXO - IGREJA CATÓLICA,BOQUEIRÃO DO THOMAS,-20.26425,-40.57944,158,-1,0
2026,1203,56898,9,1317,CENTRO COMUNITÁRIO DO RIO DO MEIO,RIO DO MEIO,-20.20136,-40.51642,301,-1,0
2026,1204,56898,9,1325,CRECHE SÃO JUDAS TADEU,RETIRO,-20.15663,-40.45823,229,-1,0
2026,1205,56898,9,1333,EP DE CÓRREGO DAS PEDRAS,RIO DAS PEDRAS,-20.17844,-40.67304,243,-1,0
2026,1206,56898,9,1384,CMEI - APA - JARDIM DE INFÂNCIA - SANTA LEOPOLDINA,CENTRO,-20.10151,-40.52756,944,-1,0
2026,1207,56910,11,1015,EEEFM JOSÉ PINTO COELHO,VILA NOVA,-19.93994,-40.60967,2468,-1,0
2026,1208,56910,11,1023,EMEI PESSANHA PÓVOA,CENTRO,-19.93459,-40.60103,2816,-1,0
2026,1209,56910,11,1031,ESCOLA SANTA CATARINA,CENTRO,-19.93519,-40.6011,3151,-1,0
2026,1210,56910,11,1066,EEEFM FREDERICO PRETTI,SÃO JOÃO DE PETRÓPOLIS,-19.81256,-40.6774,996,-1,0
2026,1211,56910,11,1082,EMEIEF VISCONDE DE INHAÚMA,S. ANTÔNIO DO CANAÃ,-19.82578,-40.65462,1930,-1,0
2026,1212,56910,11,1090,EMEIEF PROFESSOR HAUSLER,25 DE JULHO,-19.77794,-40.60876,544,-1,0
2026,1213,56910,11,1104,EMEIEF SEBASTIÃO JOSÉ PIVETTA,VÁRZEA ALEGRE,-19.89565,-40.76267,2115,-1,0
2026,1214,56910,11,1120,EMEIEF PAULINO ROCON,ALTO CALDEIRÃO,-19.95435,-40.74232,1070,-1,0
2026,1215,56910,11,1180,ESFA - ESCOLA SUPERIOR SÃO FRANCISCO DE ASSIS,DOIS PINHEIROS,-19.93784,-40.59147,3708,-1,0
2026,1216,56910,11,1198,EMEF ETHEVALDO DAMÁZIO,JARDIM DA MONTANHA,-19.94223,-40.58168,648,-1,0
2026,1217,56910,11,1201,EMEI EMILINHA,VILA NOVA,-19.93972,-40.60793,1326,-1,0
2026,1218,56936,37,1015,CÂMARA MUNICIPAL DE VEREADORES,CENTRO,-19.02025,-40.53414,586,416,0
2026,1219,56936,37,1031,EMEF PROFESSORA ANNA CAVATTI COLOMBI,BOA VISTA,-19.00667,-40.53967,1340,413,0
2026,1220,56936,37,1040,EEEF PROF. CARLOS DIAS MIRANDA CUNHA,POPULARES,-19.01534,-40.5408,2126,426,0
2026,1221,56936,37,1058,CEEMTI GOVERNADOR GERSON CAMATA - ESCOLA VIVA,SÃO VICENTE,-19.01187,-40.53472,2176,424,0
2026,1222,56936,37,1066,EEEF PROFA. MARIA CELESTE TOREZANI STORCH,SANTA CECÍLIA,-19.02032,-40.5381,1299,428,0
2026,1223,56936,37,1074,EMEF IRMA ADELAIDE BERTOCH,SANTA CECÍLIA,-19.02176,-40.53557,2398,428,0
2026,1224,56936,37,1082,PEM CHAPEUZINHO VERMELHO,CENTRO,-19.01785,-40.53612,1952,415,0
2026,1225,56936,37,1090,EEEFM ILDA FERREIRA DA FONSECA MARTINS,BOA VISTA,-19.01007,-40.53955,2020,420,0
2026,1226,56936,37,1112,CMEI DONA NECA,JOÃO COLOMBI,-19.03073,-40.5349,264,423,0
2026,1227,56936,37,1163,EEEFM VERA CRUZ,VILA FARTURA,-18.90396,-40.44798,1827,-1,0
2026,1228,56936,37,1180,EPM PATRIMÔNIO SÃO ROQUE DA TERRA ROXA,SÃO ROQUE DA TERRA ROXA,-18.91378,-40.50785,461,-1,0
2026,1229,56936,37,1210,EMEF BERTOLO MALACARNE,CACHOEIRA DA ONÇA,-19.04097,-40.54166,1345,414,0
2026,1230,56936,37,1228,EMUEF LADIR DA PENHA - SÃO JOSÉ,SÃO JOSÉ,-19.03937,-40.61593,483,-1,0
2026,1231,56936,37,1236,EMUEF SÃO SEBASTIÃO DA BARRA SECA,SÃO SEBASTIÃO DA BARRA SECA,-18.91051,-40.58417,540,-1,0
2026,1232,56936,37,1244,EMEIEF JOÃO GABRIEL,SANTA TEREZINHA,-19.03332,-40.54147,859,431,0
2026,1233,56936,37,1260,EMEIC FRANCISCO JOSÉ MATTEDI,VILA FARTURA,-18.8961,-40.48174,352,-1,0
2026,1234,56936,37,1279,CMEI MERCEDES GOMES DE OLIVEIRA,SÃO SEBASTIÃO,-19.01976,-40.54052,547,428,0
2026,1235,56936,37,1317,CMEI LUCIANA GLAZAR PINAFFO - CRIANÇA ESPERANÇA - SANTA HELENA,JARDIM PASSAMANI,-18.99975,-40.53418,1365,418,0
2026,1236,56936,37,1325,CENTRO COMUNITÁRIO DA IG. CATÓLICA DO PAT. DE S. ROQUE DA TERRA ROXA,SÃO ROQUE DA TERRA ROXA,-18.91301,-40.50769,296,-1,0
2026,1237,56936,37,1333,CMEI VOVÓ ZEFA,BOA VISTA,-19.00899,-40.53958,1575,413,0
2026,1238,56936,37,1368,EFAB MEPES,SEDE,-19.00908,-40.47665,474,-1,0
2026,1239,56936,37,1376,EMEFTI BEM VIVER,VILA COMBONI,-19.03043,-40.52961,2002,412,0
2026,1240,56952,44,1015,EPSG MERCÊS GARCIA VIEIRA,CENTRO,-21.02494,-41.65653,3474,-1,0
2026,1241,56952,44,1058,EPG DE ALTO CALÇADO,DISTRITO DE ALTO CALÇADO,-20.94666,-41.6219,1167,-1,0
2026,1242,56952,44,1066,EPG DE AIRITUBA,DISTRITO DE AIRITUBA,-20.9456,-41.68755,771,-1,0
2026,1243,56952,44,1074,EPG PATRIMÔNIO DO DIVINO,DISTRITO PATRIMÔNIO DO DIVINO,-21.00436,-41.60784,429,-1,0
2026,1244,56952,44,1082,EMEF MANOEL FRANCO,CENTRO,-21.02695,-41.65305,2818,-1,0
2026,1245,56952,44,1090,CMEI MARIETA CASTRO,CENTRO,-21.02483,-41.65562,1125,-1,0
2026,1246,56979,21,1023,SESC - CENTRO DE ATIVIDADE (CECILIANO ABEL EM REFORMA),FÁTIMA ( IDEAL),-18.71602,-39.84812,3513,-1,0
2026,1247,56979,21,1031,EMEF PROF. JOÃO PINTO BANDEIRA,SERNAMBY,-18.72254,-39.85123,4775,-1,0
2026,1248,56979,21,1040,EEEFM PIO XII,CENTRO,-18.71531,-39.85086,3693,-1,0
2026,1249,56979,21,1058,APAE - ASSOCIAÇÃO DE PAIS E AMIGOS DOS EXCEPCIONAIS DE SÃO MATEUS,CENTRO,-18.71529,-39.85232,747,-1,0
2026,1250,56979,21,1066,EEEFM MARITA MOTTA SANTOS (POLIVALENTE),BOA VISTA,-18.71791,-39.85938,3078,-1,0
2026,1251,56979,21,1074,COLÉGIO CONHECER,BOA VISTA,-18.71893,-39.86086,2511,-1,0
2026,1252,56979,21,1104,EMEF LILAZINA GOMES DE SOUZA,POSTO ESSO,-18.71389,-39.87759,3042,-1,0
2026,1253,56979,21,1112,EEEF EMÍLIO ROBERTO ZANOTTI,BOA VISTA,-18.71799,-39.85918,912,-1,0
2026,1254,56979,21,1120,EMEF DR. ARNÓBIO ALVES DE HOLANDA,FORNO VELHO 2 (COHAB 2),-18.7307,-39.84163,3207,-1,0
2026,1255,56979,21,1139,EPEFM ALTERNATIVA LAGO DO CISNE,LAGO DOS CISNES,-18.7208,-39.84305,3442,-1,0
2026,1256,56979,21,1228,EMEF Mª FRANCISCA NUNES COUTINHO (NATIVO BARRA NOVA),NATIVO DE BARRA NOVA,-18.90755,-39.77839,1262,-1,0
2026,1257,56979,21,1252,ESCOLA BENEDICTO CAULYT FIGUEIREDO (EMEF DE GURIRI),GURIRI,-18.74306,-39.75003,3177,-1,0
2026,1258,56979,21,1260,CEIM DE AREINHA,AREINHA,-18.72734,-39.81516,1421,-1,0
2026,1259,56979,21,1422,EMP ENEDINO MONTEIRO,BARRA NOVA,-18.95635,-39.74245,240,-1,0
2026,1260,56979,21,1430,EMEF MARIA DA CUNHA FUNDÃO,SEAC,-18.74688,-39.85765,2636,-1,0
2026,1261,56979,21,1457,EMEF MARIA APARECIDA DOS SANTOS SILVA FILADELFO,MORADA DO RIBEIRÃO,-18.73217,-39.85465,2461,-1,0
2026,1262,56979,21,1481,UNIVC - COLÉGIO NACIONAL,UNIVERSITÁRIO,-18.72286,-39.84512,2409,-1,0
2026,1263,56979,21,1511,EMEF CRICARÉ (EMEF ALMIR QUEIROZ),BEIRA RIO,-18.7127,-39.86864,1192,-1,0
2026,1264,56979,21,1562,IGREJA SANTA LUZIA DO RIO PRETO - COMUNIDADE SANTA LUZIA DO RIO PRETO,RIO PRETO ( SANTA LUZIA ),-18.80227,-39.96059,218,-1,0
2026,1265,56979,21,1570,EMEF OURO NEGRO,GURIRI,-18.74525,-39.75023,3543,-1,0
2026,1266,56979,21,1597,EM SAPUCAIA 2 (PALMITINHO-SANTA LUZIA),COMUNIDADE SANTA LUZIA,-18.97312,-39.87978,156,-1,0
2026,1267,56979,21,1619,EPM ALICE MOREIRA MACHADO,BARRA NOVA,-18.94789,-39.74416,218,-1,0
2026,1268,56979,21,1643,EEEM WALLACE CASTELO DUTRA,GURIRI,-18.73203,-39.75755,3560,-1,0
2026,1269,56979,21,1651,CDPSM - CENTRO DE DETENÇÃO PROVISÓRIA DE SÃO MATEUS,FAZENDA RANCHO DAS TELHAS,-18.7736,-39.8695,0,-1,0
2026,1270,56979,21,1678,CEIM GIRASSOL,SANTA LEOCÁDIA,-18.7179,-40.09113,712,-1,0
2026,1271,56979,21,1686,EM DE PAULISTA (EMEF PAULO ANTONIO DE SOUZA),PAULISTA,-18.85545,-39.93216,900,-1,0
2026,1272,56979,21,1694,EMEF BONSUCESSO (ATUAL ESCOLA EGÍDIO BORDONI),BONSUCESSO 2,-18.72398,-39.89037,2119,-1,0
2026,1273,56979,21,1708,EMEF VILA VERDE (SEÇÕES DO CEIM PAULO FREIRE),VILA VERDE,-18.72364,-39.87281,918,-1,0
2026,1274,56979,21,1716,EMEF MARIZETE V. DO NASCIMENTO (ARUEIRA),ARUEIRA,-18.7165,-39.89608,1890,-1,0
2026,1275,56979,21,1724,ESCOLA MUNICIPAL MILITINO CARRAFA,KM 13,-18.70247,-39.96689,394,-1,0
2026,1276,56979,21,1732,EMEF MERCEDES DE AGUIAR (ITAUNINHAS),ITAUNINHAS,-18.48892,-40.09056,476,-1,0
2026,1277,56979,21,1740,EEEF NESTOR GOMES,NESTOR GOMES ( KM 41 ),-18.7298,-40.22244,2761,-1,0
2026,1278,56979,21,1759,ESCOLA FAMÍLIA AGRÍCOLA DO KM 41,NESTOR GOMES ( KM 41 ),-18.72969,-40.22308,1005,-1,0
2026,1279,56979,21,1775,EPM CÓRREGO SECO,CÓRREGO SECO,-18.73064,-40.21185,345,-1,0
2026,1280,56979,21,1783,EM SÃO PIO X,CÓRREGO DA PALMEIRA,-18.72439,-40.26687,258,-1,0
2026,1281,56979,21,1791,EEEFM AMÉRICO SILVARES,VILA NOVA,-18.72094,-39.8728,3916,-1,0
2026,1282,56979,21,1805,EMEF VEREADOR LAURINDO SAMARITANO (CRUZAMENTO),LITORÂNEO,-18.68175,-39.86361,2295,-1,0
2026,1283,56979,21,1813,ANEDINA ALMEIDA SANTOS,NOVA LIMA,-18.50745,-40.01728,1338,-1,0
2026,1284,56979,21,1821,CAIC - CENTRO DE ATENDIMENTO INTEGRAL A CRIANÇA,BONSUCESSO 1,-18.72017,-39.88268,5835,-1,0
2026,1285,56979,21,1830,EMEIEF ZUMBI DOS PALMARES,ASSENTAMENTO ZUMBI DOS PALMARES,-18.73259,-40.36584,235,-1,0
2026,1286,56979,21,1848,EPM NOVA VISTA,NOVA VISTA 1,-18.61006,-40.08364,526,-1,0
2026,1287,56979,21,1856,EMEF KM 35 - NOVA AYMORÉS,NOVA AYMORÉS ( KM 35 ),-18.7163,-40.16065,1945,-1,0
2026,1288,56979,21,1864,EEEFM SANTO ANTÔNIO,SANTO ANTÔNIO,-18.71639,-39.87999,5072,-1,0
2026,1289,56979,21,1872,COMUNIDADE NOVA VERONA - IGREJA NOSSA SENHORA DA PENHA,NOVA VERONA,-18.72796,-40.37416,216,-1,0
2026,1290,56979,21,1880,EMEF CÓRREGO DO MILANEZ (CÍVICO - MILITAR),KM 28,-18.71793,-40.10567,2285,-1,0
2026,1291,56979,21,1899,GRUPO ESCOLAR DE SANTA MARIA,SANTA MARIA,-18.58127,-40.14125,1840,-1,0
2026,1292,56979,21,1910,UAPS URUSSUQUARA,BALNEÁRIO DE URUSSUQUARA,-19.09164,-39.72374,157,-1,0
2026,1293,56979,21,1929,EMEF HERINEA LIMA OLIVEIRA,GURIRI,-18.73044,-39.76613,2827,-1,0
2026,1294,56979,21,1945,EMEF VALÉRIO COSER,AREINHA,-18.73463,-39.81829,543,-1,0
2026,1295,56979,21,1953,EPM CAMPO GRANDE DE BAIXO,CAMPO GRANDE,-18.99304,-39.73795,196,-1,0
2026,1296,56995,26,1015,EEEFM SERRA SEDE,CENTRO,-20.1262,-40.30726,1526,540,0
2026,1297,56995,26,1023,EMEF SERRANA,SÃO JUDAS TADEU,-20.12624,-40.31319,2905,552,0
2026,1298,56995,26,1031,E.E.E.F.M.  CLÓVIS BORGES MIGUEL,SANTO ANTÔNIO,-20.13073,-40.30838,3907,539,0
2026,1299,56995,26,1040,E.E.E.F.M. GETÚLIO PIMENTEL LOUREIRO,SÃO DOMINGOS,-20.11932,-40.3014,3484,532,1
2026,1300,56995,26,1058,EMEF DE JARDIM BELA VISTA,JARDIM BELA VISTA,-20.1176,-40.31101,3659,483,0
2026,1301,56995,26,1066,EMEF PROFESSORA ALBA LÍLIA CASTELLO MIGUEL,VISTA DA SERRA I,-20.13887,-40.30194,4792,563,0
2026,1302,56995,26,1082,EMEF SÃO MARCOS,SÃO MARCOS II,-20.12464,-40.31957,2952,554,0
2026,1303,56995,26,1090,EMEF DE CASCATA,CASCATA,-20.13701,-40.31605,2686,453,0
2026,1304,56995,26,1104,EMEF DJANIRA MARIA DE ARAÚJO,NOSSA SENHORA DA CONCEIÇÃO,-20.12176,-40.31592,1675,503,0
2026,1305,56995,26,1112,EEEF PROFESSORA ADEVALNI AZEVEDO,CAMPINHO DA SERRA II,-20.14608,-40.29329,2173,450,0
2026,1306,56995,26,1120,EMEF JONAS FARIAS,NOVA CARAPINA I,-20.15607,-40.273,6163,505,0
2026,1307,56995,26,1139,EMEF GOVERNADOR CARLOS LINDEMBERG,BARRO BRANCO,-20.16297,-40.27068,4890,514,0
2026,1308,56995,26,1147,EEEFM MESTRE ÁLVARO,ELDOURADO,-20.1475,-40.26415,6490,474,0
2026,1309,56995,26,1155,EMEF MINISTRO PETRÔNIO PORTELA,MATA DA SERRA,-20.15855,-40.2474,2912,501,0
2026,1310,56995,26,1163,EEEFM PROFESSORA HILDA MIRANDA NASCIMENTO,PORTO CANOA,-20.15215,-40.2511,4702,525,0
2026,1311,56995,26,1201,EEEFM SIZENANDO PECHINCHA,BARCELONA,-20.17124,-40.25815,4188,441,0
2026,1312,56995,26,1511,ECEB DE PUTIRI,PUTIRI,-20.05063,-40.30535,223,-1,0
2026,1313,56995,26,1520,ECEB DE BELVEDERE,BELVEDERE,-20.09691,-40.34036,1210,443,0
2026,1314,56995,26,1694,EMEF DIVINÓPOLIS PASTOR OLIVEIRA DE ARAUJO,DIVINÓPOLIS,-20.11037,-40.32534,1908,473,0
2026,1315,56995,26,1708,EEEF JUDITH CASTELLO LEÃO RIBEIRO,PITANGA,-20.17024,-40.28015,1550,519,0
2026,1316,56995,26,1767,EEEFM PROFESSOR JURACY MACHADO,BARCELONA,-20.17501,-40.24393,575,441,0
2026,1317,56995,26,1775,EEEFM  PROFESSOR  JOÃO ANTUNES DAS DORES,PLANALTO SERRANO BLOCO A,-20.13474,-40.28706,4331,521,0
2026,1318,56995,26,1783,EMEF HERBERT DE SOUZA,COLINA DA SERRA,-20.12175,-40.31953,2523,489,0
2026,1319,56995,26,1791,EMEF PAULO FREIRE,VISTA DA SERRA II,-20.14129,-40.29676,3503,450,0
2026,1320,56995,26,1813,EEEF NOVA CARAPINA II,NOVA CARAPINA II,-20.15346,-40.26615,4132,506,0
2026,1321,56995,26,1848,EMEF JOÃO CALMON,PLANALTO SERRANO BLOCO B,-20.12465,-40.27932,3998,521,0
2026,1322,56995,26,1899,EMEF ISMÊNIO DE ALMEIDA  VIDIGAL,PLANALTO SERRANO BLOCO A,-20.13361,-40.28823,3610,521,0
2026,1323,56995,26,1902,EMEF CIDADE POMAR,CIDADE POMAR,-20.14625,-40.27129,3127,462,0
2026,1324,56995,26,1910,EEEF MARINGÁ,MARINGÁ,-20.16572,-40.25274,1528,500,0
2026,1325,56995,26,1929,ECEB SANTIAGO DA SERRA,SANTIAGO DA SERRA,-20.01927,-40.40183,264,538,0
2026,1326,56995,26,1945,EMEF PROFESSORA IOLANDA SCHINEIDER RANGEL DA SILVA,PORTO CANOA,-20.15646,-40.25277,2610,525,0
2026,1327,56995,26,1953,EEEF CAMPINHO,CAMPINHO DA SERRA I,-20.14057,-40.28738,871,449,0
2026,1328,56995,26,1961,ECEB CIDADE NOVA DA SERRA,CIDADE NOVA DA SERRA,-20.04575,-40.38661,493,461,0
2026,1329,56995,26,1970,CDPS - CENTRO DE DETENÇÃO PROVISÓRIA DE SERRA,QUEIMADOS,-20.17125,-40.35158,0,-1,0
2026,1330,56995,26,1996,EMEF ALDARY NUNES,CENTRO,-20.12793,-40.306,5613,540,0
2026,1331,56995,26,2003,EMEF ABRAHÃO GOMES DE ARAUJO,BARCELONA,-20.17274,-40.24465,6059,441,0
2026,1332,56995,26,2020,EMEF JORGE AMADO,NOVA CARAPINA II,-20.15075,-40.27316,580,506,0
2026,1333,56995,53,1023,EMEF MANOEL CARLOS DE MIRANDA,JOSÉ DE ANCHIETA,-20.1932,-40.27079,6045,490,0
2026,1334,56995,53,1031,EMEF OLIVINA SIQUEIRA,JARDIM TROPICAL,-20.20672,-40.27411,3161,488,0
2026,1335,56995,53,1040,EEEF JÔNES JOSÉ DO NASCIMENTO,CENTRAL CARAPINA,-20.21713,-40.27558,5069,456,0
2026,1336,56995,53,1058,CRECHE PENÉLOPE,JARDIM LIMOEIRO,-20.21787,-40.26559,3434,486,0
2026,1337,56995,53,1066,EMEF SÃO DIOGO,SÃO DIOGO II,-20.21832,-40.25787,2962,547,0
2026,1338,56995,53,1074,EEEF MARIA MAGDALENA PISA,SÃO GERALDO,-20.22494,-40.2653,1375,550,0
2026,1339,56995,53,1082,EEEFM DOM JOÃO BATISTA DA MOTTA E ALBUQUERQUE,ANDRÉ CARLONI,-20.22734,-40.28065,3612,436,0
2026,1340,56995,53,1090,EMEF LACY ZULEICA NUNES,CARAPINA,-20.21917,-40.2809,3481,452,0
2026,1341,56995,53,1104,EEEFM ARLINDO FERREIRA LOPES,BOA VISTA,-20.2344,-40.27932,2613,445,0
2026,1342,56995,53,1112,EEEFM RÔMULO CASTELLO,CARAPINA,-20.23119,-40.27304,4799,535,0
2026,1343,56995,53,1120,EEEFM CLOTILDE RATO,DE FÁTIMA,-20.24727,-40.26443,4225,439,0
2026,1344,56995,53,1139,EEEFM BELMIRO TEIXEIRA PIMENTA,EURICO SALLES,-20.23762,-40.27632,2187,477,0
2026,1345,56995,53,1147,EEEFM ARISTÓBULO BARBOSA LEÃO,PARQUE RESIDENCIAL LARANJEIRAS,-20.19623,-40.25451,5929,513,0
2026,1346,56995,53,1155,EEF AURENÍRIA CORREIA PIMENTEL,NOVO HORIZONTE,-20.21878,-40.2493,3930,508,0
2026,1347,56995,53,1228,EMEF DR. HÉLIO FERRAZ,HÉLIO FERRAZ,-20.24129,-40.26956,3123,480,0
2026,1348,56995,53,1244,EEEF LARANJEIRAS,LARANJEIRAS VELHA,-20.1845,-40.26944,2687,495,0
2026,1349,56995,53,1252,EEEFM MARIA PENEDO,VALPARAÍSO,-20.19858,-40.26129,5741,561,0
2026,1350,56995,53,1260,EEEF IRACEMA CONCEIÇÃO SILVA,CHÁCARA PARREIRAL,-20.20561,-40.24918,4014,459,0
2026,1351,56995,53,1287,EEEFM SÍLVIO EGITO SOBRINHO,JOSÉ DE ANCHIETA,-20.19731,-40.27821,4480,545,0
2026,1352,56995,53,1295,EMEF AMÉRICO GUIMARÃES COSTA,CARAPINA GRANDE,-20.22792,-40.27705,4088,452,0
2026,1353,56995,53,1317,EMEF PADRE GABRIEL,JARDIM CARAPINA,-20.23204,-40.28467,3559,484,0
2026,1354,56995,53,1325,CAEE DR. PEDRO FEU ROSA - APAE,PARQUE RESIDENCIAL LARANJEIRAS,-20.19659,-40.2507,3994,513,0
2026,1355,56995,53,1333,EMEF PROFESSOR LUÍZ BATISTA,JARDIM TROPICAL,-20.2057,-40.27311,4496,488,0
2026,1356,56995,53,1341,EMEF ELPÍDIA COIMBRA,ANDRÉ CARLONI,-20.22691,-40.28365,1788,436,0
2026,1357,56995,53,1368,EMEF NOVO HORIZONTE,NOVO HORIZONTE,-20.22007,-40.24773,6788,508,0
2026,1358,56995,53,1392,EEF JOÃO PAULO II,JARDIM CARAPINA,-20.23444,-40.28863,4867,484,0
2026,1359,56995,53,1406,CENTRO EDUCACIONAL INFANTIL OLINDINA LEÃO NUNES,TAQUARA I,-20.18251,-40.26245,3104,558,0
2026,1360,56995,53,1414,EEEF MANOEL LOPES,TAQUARA II,-20.17933,-40.2586,2787,559,0
2026,1361,56995,53,1473,EMEF ALTAIR SIQUEIRA COSTA,JARDIM LIMOEIRO,-20.2183,-40.26569,2307,486,0
2026,1362,56995,53,1481,CMEI JARBAS SILVA FILHO,COLINA DE LARANJEIRAS,-20.18871,-40.26028,3145,466,0
2026,1363,56995,53,1490,EMEF DOM JOSE MAURO PEREIRA BASTOS,MORADA DE LARANJEIRAS,-20.19183,-40.22888,4118,502,0
2026,1364,56995,53,1503,EEEFM MARIA JOSÉ ZOUAIN MIRANDA,VALPARAÍSO,-20.20498,-40.26387,2205,536,0
2026,1365,56995,53,1511,CMEI LUCIANO DE SOUZA RANGEL,PARQUE RESIDENCIAL LARANJEIRAS,-20.19665,-40.25727,3647,513,0
2026,1366,56995,53,1520,CMEI PROFª. ANGELINA VASCONCELLOS MACHADO,SÃO DIOGO II,-20.21848,-40.25664,772,547,0
2026,1367,56995,53,1538,CMEI BEM-ME-QUER,HÉLIO FERRAZ,-20.24087,-40.26801,827,480,0
2026,1368,56995,53,1546,EMEF AUGUSTO RUSCHI,MANOEL PLAZA,-20.2327,-40.26969,96,497,0
2026,1369,56995,53,1554,EMEF ESPAÇO ALTERNATIVO JARDIM CARAPINA,BOA VISTA II,-20.23697,-40.28139,774,445,0
2026,1370,56995,53,1562,EMEF MANOEL VIEIRA LESSA,JOSÉ DE ANCHIETA II,-20.20097,-40.27742,687,451,0
2026,1371,56995,53,1570,EEEFM ANTÔNIO LUÍZ VALIATI,JARDIM TROPICAL,-20.20082,-40.27428,1263,488,0
2026,1372,56995,53,1589,EMEF ANTÔNIO VIEIRA DE REZENDE,CENTRAL CARAPINA,-20.21799,-40.27325,636,456,0
2026,1373,56995,53,1597,CMEI DEBORA DE MORAES CAITANO - DONA NINA,LARANJEIRAS VELHA,-20.18342,-40.26971,825,495,0
2026,1374,56995,59,1015,EMEF BICANGA,BICANGA,-20.21183,-40.20179,1336,444,0
2026,1375,56995,59,1023,EEF TANCREDO DE ALMEIDA NEVES,CAMARÁ,-20.20465,-40.22204,844,448,0
2026,1376,56995,59,1031,EEEF CARAPEBUS,CARAPEBUS,-20.23141,-40.21638,2590,529,0
2026,1377,56995,59,1040,EEEFM PROFESSORA MARIA OLINDA DE OLIVEIRA MENESES,CIDADE CONTINENTAL ÁSIA,-20.22067,-40.2276,4474,460,0
2026,1378,56995,59,1058,EEEFM ZUMBI DOS PALMARES,CIDADE CONTINENTAL OCEANIA,-20.21337,-40.21871,4283,460,0
2026,1379,56995,59,1066,EEEFM ANTÔNIO ENGRÁCIO DA SILVA,FEU ROSA,-20.17254,-40.21329,4191,478,0
2026,1380,56995,59,1074,EMEF FEU ROSA,FEU ROSA,-20.17365,-40.20193,7449,478,0
2026,1381,56995,59,1082,EEEFM FRANCISCO NASCIMENTO (CASTELÂNDIA),JACARAÍPE,-20.15883,-40.18697,3355,454,0
2026,1382,56995,59,1090,EEEF GERMANO ANDRÉ LUBE (BAIRRO DAS LARANJEIRAS),JACARAÍPE,-20.12635,-40.18714,4803,438,0
2026,1383,56995,59,1104,EMEF PROF. MARIA ISTELA MODENESI,JACARAÍPE,-20.12991,-40.18998,4905,438,0
2026,1384,56995,59,1112,EMEF DOM HELDER PESSOA CÂMARA (SÃO PATRICIO),JACARAÍPE,-20.15019,-40.19256,5864,512,0
2026,1385,56995,59,1120,EMEF LEONEL DE MOURA BRIZOLA,JACARAÍPE,-20.13252,-40.19334,4647,438,0
2026,1386,56995,59,1139,CMEI VOVÓ RITINHA,MANGUINHOS,-20.19816,-40.19394,1123,496,0
2026,1387,56995,59,1147,EEEF PREFEITO JOSÉ MARIA MIGUEL FEU ROSA,MANGUINHOS,-20.19386,-40.19298,1879,496,0
2026,1388,56995,59,1155,EMEF JULITE MIRANDA FREITAS (SERRAMAR),NOVA ALMEIDA,-20.05574,-40.20039,3180,544,0
2026,1389,56995,59,1163,EMEF LEONOR MIGUEL FEU ROSA (REIS MAGOS),NOVA ALMEIDA,-20.06128,-40.1914,2661,551,0
2026,1390,56995,59,1171,EMEF PROFESSOR  DARCY RIBEIRO,PARQUE DAS GAIVOTAS,-20.04421,-40.20032,5622,518,0
2026,1391,56995,59,1180,EEEFM FRANCISCA PEIXOTO MIGUEL,SERRA DOURADA II,-20.13731,-40.24817,3063,542,0
2026,1392,56995,59,1198,EEEFM MARINETE DE SOUZA LIRA,FEU ROSA,-20.17521,-40.20809,6269,478,0
2026,1393,56995,59,1201,EMEF IRMÃ DULCE,PARQUE RESIDENCIAL TUBARÃO,-20.15097,-40.24013,2577,516,0
2026,1394,56995,59,1210,EMEF SONIA REGINA GOMES REZENDE FRANCO,SERRA DOURADA I,-20.13609,-40.24515,6368,541,0
2026,1395,56995,59,1228,EEEFM ELICE BATISTA GÁUDIO,SERRA DOURADA II,-20.14116,-40.24505,5159,542,0
2026,1396,56995,59,1236,EEEF ANNA GOMES,SERRA DOURADA III,-20.13612,-40.25308,3730,543,0
2026,1397,56995,59,1244,EMEF VALÉRIA MARIA MIRANDA,VILA NOVA DE COLARES,-20.17599,-40.21715,6424,562,0
2026,1398,56995,59,1252,CMEI SANDRA MARIA NEPOMUCENO DALLABERNARDINA,BALNEÁRIO DE CARAPEBUS,-20.21913,-40.20631,2426,440,0
2026,1399,56995,59,1279,EMEF NEUSA MARIA PEYNEAU,JARDIM ATLÂNTICO,-20.14142,-40.189,3378,482,0
2026,1400,56995,59,1287,COLÉGIO REDE ALTERNATIVO UNIDADE JACARAÍPE,CASTELÂNDIA,-20.16025,-40.18654,3007,454,0
2026,1401,56995,59,1295,EMEF VALERIANA ROSA CEZAR,NOVA ALMEIDA,-20.0568,-40.19839,2252,531,0
2026,1402,56995,59,1309,EMEF MARIA ANSELMO,ALTEROSAS,-20.1852,-40.23217,781,435,0
2026,1403,56995,59,1317,EEEF FRANCISCO ALVES MENDES,CIDADE CONTINENTAL ÁSIA,-20.22221,-40.22495,2338,460,0
2026,1404,56995,59,1325,EMEF ABEL BEZERRA,FEU ROSA,-20.17539,-40.20693,3016,478,0
2026,1405,56995,59,1333,CMEI PROFESSORA VERA LUCIA LORENÇON BARCELOS,BAIRRO DAS LARANJEIRAS,-20.12602,-40.18712,2398,438,0
2026,1406,56995,59,1341,SOCIEDADE EDUCACIONAL DOMUS,PARQUE JACARAÍPE,-20.1492,-40.19234,2032,512,0
2026,1407,56995,59,1350,EEEFM JACARAÍPE,JARDIM ATLÂNTICO,-20.13884,-40.19165,3746,482,0
2026,1408,56995,59,1368,EEEFM VILA NOVA DE COLARES,VILA NOVA DE COLARES,-20.17819,-40.21218,1671,562,0
2026,1409,57010,47,1015,EMEF PADRE ANTUNES SIQUEIRA,VIANA SEDE,-20.39549,-40.49904,1456,573,1
2026,1410,57010,47,1023,UNIDADE DE SAÚDE BAIRRO RIBEIRA,RIBEIRA,-20.37752,-40.45745,621,580,0
2026,1411,57010,47,1031,EMEF DORIVAL BRANDÃO,BOM PASTOR,-20.39068,-40.47089,2272,569,0
2026,1412,57010,47,1058,CMEI PROFESSORA BILUCA,CENTRO,-20.38977,-40.4957,1050,573,0
2026,1413,57010,47,1074,EEEF NELSON VIEIRA PIMENTEL,VIANA SEDE,-20.39151,-40.49655,2850,573,0
2026,1414,57010,47,1082,EMEF ADAMASTOR FURTADO,UNIVERSAL,-20.36037,-40.4465,3180,581,0
2026,1415,57010,47,1090,EMEF FRANCISCO DE ASSIS PEREIRA,CANAÃ,-20.35971,-40.43742,2094,571,0
2026,1416,57010,47,1104,EMEF DR. ARCÍLIO TONONI,PRIMAVERA,-20.35456,-40.42773,1626,579,0
2026,1417,57010,47,1112,EMEF CONSTANTINO JOSÉ VIEIRA,MARCÍLIO DE NORONHA,-20.34815,-40.42428,2896,575,0
2026,1418,57010,47,1120,EMEF DR. DENIZART SANTOS,INDUSTRIAL,-20.34455,-40.42028,1561,575,0
2026,1419,57010,47,1139,EEEFM MARIA DE NOVAES PINHEIRO,VILA BETHÂNIA,-20.36159,-40.40469,2416,582,0
2026,1420,57010,47,1147,EMEF ULISSES DOS SANTOS FILHO,MORADA DE BETHÂNIA,-20.38568,-40.4049,1097,576,0
2026,1421,57010,47,1155,EMEF TANCREDO DE ALMEIDA NEVES,NOVA BETHÂNIA,-20.36859,-40.42059,4298,577,0
2026,1422,57010,47,1163,EMEF EUZÉLIA LYRIO,AREINHA,-20.3723,-40.43064,904,566,0
2026,1423,57010,47,1171,EMEF JOÃO PAULO SOBRINHO,AREINHA,-20.36715,-40.42262,1731,572,0
2026,1424,57010,47,1180,EMEF DE ARAÇATIBA,ARAÇATIBA,-20.46172,-40.48805,853,565,0
2026,1425,57010,47,1198,EMEF ORESTES SOUTO NOVAES,JUCU,-20.42191,-40.46124,2036,574,0
2026,1426,57010,47,1210,CMEI ADÉLIA DE OLIVEIRA SILVA,AREINHA,-20.36891,-40.42607,779,572,0
2026,1427,57010,47,1228,CMEI LOURDES MARIA CARVALHO CAPDEVILLE,UNIVERSAL,-20.35934,-40.44751,1042,581,0
2026,1428,57010,47,1236,EMEF ALVIMAR SILVA,IPANEMA,-20.36102,-40.45409,1831,581,0
2026,1429,57010,47,1260,EMUEF AILA PAIVA LUBE,SÃO PAULO DE VIANA,-20.3117,-40.54599,253,-1,0
2026,1430,57010,47,1279,CMEI MARIA DE LOURDES COUTINHO PASSOS - MATRIZ,VILA BETHÂNIA,-20.36286,-40.40507,1354,582,0
2026,1431,57010,47,1287,CMEI MANOEL EVÊNCIO DE OLIVEIRA,NOVA BETHÂNIA,-20.37144,-40.41762,1461,577,0
2026,1432,57010,47,1309,EMPEF NALY FREITAS DO SACRAMENTO,FORMATE,-20.35269,-40.51323,388,-1,0
2026,1433,57010,47,1325,EMEF WASHINGTON MARTINS FILHO,MARCÍLIO DE NORONHA,-20.34163,-40.43201,733,575,0
2026,1434,57010,47,1333,EMEF MARCÍLIO DE NORONHA,MARCÍLIO DE NORONHA,-20.34563,-40.42808,1705,575,1
2026,1435,57010,47,1341,CMEI CALYPIO SIQUEIRA ROCHA,MARCÍLIO DE NORONHA,-20.34539,-40.42758,646,575,1
2026,1436,57010,47,1350,EMEF SOTECO,SOTECO,-20.36321,-40.425,1169,572,0
2026,1437,57010,47,1368,EMEF GISLENE SILVA QUEIROZ,CAXIAS DO SUL,-20.36389,-40.4212,734,572,0
2026,1438,57010,47,1376,EEEM IRMÃ DULCE LOPES PONTES,MARCÍLIO DE NORONHA,-20.34746,-40.42454,4119,575,0
2026,1439,57010,47,1392,IGREJA ASSEMBLÉIA DE DEUS,COQUEIRAL DE VIANA,-20.39943,-40.37522,22,576,1
2026,1440,57010,47,1406,EMPEF LUIZ LUBE,PIAPITANGÜI,-20.34618,-40.48174,275,580,1
2026,1441,57010,47,1430,CMEI JOANA BATISTA CHAGAS,VALE DO SOL,-20.37717,-40.42677,760,566,0
2026,1442,57010,47,1473,CMEI MARIA ANTÔNIA DE SOUZA BRAVIM,CANAÃ,-20.35826,-40.43895,1390,571,0
2026,1443,57010,47,1481,EEEFM EWERTON MONTENEGRO GUIMARÃES,ARLINDO VILLASCHI,-20.3668,-40.41776,387,567,0
2026,1444,57010,47,1490,EMEF PROF. DIVANETA LESSSA MORAES (CAÍQUE),CAMPO VERDE,-20.37294,-40.40942,392,570,0
2026,1445,57010,47,1503,CMEI MARIA DE LOURDES COUTINHO PASSOS - ANEXO,VILA BETHÂNIA,-20.36276,-40.40806,2034,582,0
2026,1446,57037,32,1066,CEEFMTI ASSISOLINA ASSIS ANDRADE,ARIBIRI,-20.33944,-40.32333,6174,587,0
2026,1447,57037,32,1074,UMEF OFÉLIA ESCOBAR,ARIBIRI,-20.34044,-40.32062,3318,587,0
2026,1448,57037,32,1082,UMEF ANA BERNARDES ROCHA,ARGOLAS,-20.32752,-40.34406,2227,586,0
2026,1449,57037,32,1090,UMEF PROFESSOR LUIZ MALIZECK,DIVINO ESPÍRITO SANTO,-20.34536,-40.29216,1581,606,0
2026,1450,57037,32,1236,CENTRO CASTRO ALVES DE ENSINO,ITAPOÃ,-20.34823,-40.28864,4885,618,0
2026,1451,57037,32,1252,UMEF DESEMBARGADOR FERREIRA COELHO,GLÓRIA,-20.33673,-40.3083,3626,609,0
2026,1452,57037,32,1260,UMEF NAYDES BRANDÃO,GLÓRIA,-20.33716,-40.30843,2146,609,0
2026,1453,57037,32,1287,EEEFM LUIZ MANOEL VELLOZO,GLÓRIA,-20.33253,-40.31315,3776,609,0
2026,1454,57037,32,1333,UMEF ANTÔNIA MALBAR,ILHA DAS FLORES,-20.33546,-40.33237,2171,613,0
2026,1455,57037,32,1341,UMEI BASÍLIO COSTALONGA,PAUL,-20.33306,-40.34168,1174,639,0
2026,1456,57037,32,1376,UMEFTI  PROF. ELSON JOSÉ DE SOUZA,JABURUNA,-20.33273,-40.30213,2722,620,0
2026,1457,57037,32,1392,UNIÃO DE PROFESSORES LTDA - ANTIGO COLÉGIO UP,ITAPOÃ,-20.34803,-40.29404,7485,606,0
2026,1458,57037,32,1430,UMEF GRACIANO NEVES,PAUL,-20.32923,-40.33703,2975,639,0
2026,1459,57037,32,1457,COLÉGIO BATISTA BRASIL - ANTIGO AMERICANO BATISTA,PRAIA DA COSTA,-20.32993,-40.27496,7773,644,0
2026,1460,57037,32,1473,COMUNIDADE NOSSA SENHORA PERPÉTUO SOCORRO,PRAIA DA COSTA,-20.33544,-40.28407,1932,644,0
2026,1461,57037,32,1597,COLÉGIO SÃO JOSÉ,CENTRO,-20.33396,-40.29279,6268,596,0
2026,1462,57037,32,1600,EEEM GODOFREDO SCHNEIDER,PRAINHA,-20.32978,-40.29274,877,596,0
2026,1463,57037,32,1619,ELITE REDE DE ENSINO - ANTIGO CONTEC,CENTRO,-20.33722,-40.29366,2660,596,0
2026,1464,57037,32,1627,COLÉGIO MARISTA NOSSA SENHORA DA PENHA,CENTRO,-20.33623,-40.29097,8859,596,0
2026,1465,57037,32,1660,UMEF PROFESSOR THELMO TORRES,ITAPOÃ,-20.34718,-40.28961,3932,618,0
2026,1466,57037,32,1694,EEEFM ADOLFINA ZAMPROGNO,VILA GARRIDO,-20.33758,-40.33701,5683,668,0
2026,1467,57037,32,1708,UMEF ANTÔNIO BEZERRA DE FARIAS,VILA GARRIDO,-20.34043,-40.3401,3328,668,0
2026,1468,57037,32,1848,EEEM DR. FRANCISCO FREITAS LIMA,ILHA DAS FLORES,-20.33284,-40.3343,2072,613,0
2026,1469,57037,32,1864,UMEF MÁRIO CASANOVA,ILHA DA CONCEIÇÃO,-20.34127,-40.33039,1783,612,0
2026,1470,57037,32,2020,UMEFTI MACIONÍLIA MAURÍCIO BUENO,ILHA DAS FLORES,-20.33162,-40.33496,449,613,0
2026,1471,57037,32,2046,COLÉGIO MESSINA,PRAIA DA COSTA,-20.33429,-40.28336,1915,644,0
2026,1472,57037,32,2054,EEEFM AGENOR DE SOUZA LÉ,DIVINO ESPÍRITO SANTO,-20.34616,-40.29883,3298,606,0
2026,1473,57037,32,2062,UMEF IRMÃ FELICIANA GARCIA,ILHA DOS AIRES,-20.33951,-40.30113,1793,614,0
2026,1474,57037,32,2070,COLÉGIO CEIC,ITAPOÃ,-20.34962,-40.29278,3274,618,0
2026,1475,57037,32,2089,COLÉGIO PIO XII,ITAPOÃ,-20.3472,-40.29134,3806,618,0
2026,1476,57037,32,2097,NEP NÚCLEO EDUCACIONAL PRAIA DA COSTA,PRAIA DA COSTA,-20.33321,-40.28562,4849,644,0
2026,1477,57037,32,2119,IGREJA BATISTA DA GLÓRIA,GLÓRIA,-20.33695,-40.30559,673,609,0
2026,1478,57037,32,2127,CENTRO EDUCACIONAL PRAIA DA COSTA,PRAIA DA COSTA,-20.33817,-40.28264,2689,644,0
2026,1479,57037,32,2135,UMEITI CASULO VOVÔ,PRAIA DA COSTA,-20.32687,-40.2736,927,644,0
2026,1480,57037,32,2143,UMEI MARIA DA GLÓRIA RAUTA,DOM JOÃO BATISTA,-20.33754,-40.3191,568,607,0
2026,1481,57037,55,1015,EPG MARINA BARCELLOS SILVEIRA,ARAÇÁS,-20.38284,-40.32908,2055,585,0
2026,1482,57037,55,1023,UMEF - DR TUFFY NADER,BARRA DO JUCU,-20.42122,-40.32844,4018,590,0
2026,1483,57037,55,1040,UNIVERSIDADE VILA VELHA,BOA VISTA II,-20.35561,-40.29842,8048,593,0
2026,1484,57037,55,1120,EPG ZALUAR DIAS,GUARANHUNS,-20.37804,-40.32134,2927,610,0
2026,1485,57037,55,1155,UMEF SENADOR JOÃO DE MEDEIROS CALMON,PRAIA DAS GAIVOTAS,-20.37545,-40.31368,5498,645,0
2026,1486,57037,55,1163,NEP - NUCLEO EDUCACIONAL PIAGET,COQUEIRAL DE ITAPARICA,-20.37276,-40.30874,4290,646,0
2026,1487,57037,55,1171,UMEF RICARDINA STAMATO DA FONSECA,JARDIM COLORADO,-20.36202,-40.31718,2838,622,0
2026,1488,57037,55,1201,EPSG CATHARINA CHEQUER,NOVO MÉXICO,-20.36876,-40.31994,4815,637,0
2026,1489,57037,55,1244,UMEF ANTÔNIO DE BARCELOS,SANTA MÔNICA,-20.35933,-40.31013,1765,656,0
2026,1490,57037,55,1287,EEEFM TERRA VERMELHA,TERRA VERMELHA,-20.44523,-40.35212,4504,664,0
2026,1491,57037,55,1317,UMEF EZEQUIEL LEAL,VALE ENCANTADO,-20.37381,-40.35022,3394,666,0
2026,1492,57037,55,1325,EEEFM MAURA ABAURRE,VILA NOVA,-20.3658,-40.31362,2518,670,0
2026,1493,57037,55,1341,EEEFM JUDITH DA SILVA GOES COUTINHO,PONTA DA FRUTA,-20.51715,-40.36134,2631,636,0
2026,1494,57037,55,1350,EEEFM FRANCELINA CARNEIRO SETÚBAL,COQUEIRAL DE ITAPARICA,-20.37258,-40.30768,4400,646,0
2026,1495,57037,55,1430,CENTRO EDUCACIONAL OCEANO ATLÂNTICO,PRAIA DE ITAPARICA,-20.37872,-40.31033,1827,646,0
2026,1496,57037,55,1449,UMEF ILHA DA JUSSARA,ULISSES GUIMARÃES,-20.44149,-40.33933,3005,665,0
2026,1497,57037,55,1457,UMEF - PROF.  DARCY RIBEIRO,MORADA DA BARRA,-20.43162,-40.36322,3694,629,0
2026,1498,57037,55,1490,UMEF REVERENDO WALDOMIRO,XURI,-20.47706,-40.43194,527,-1,0
2026,1499,57037,55,1503,ESCOLA SEB VILA VELHA,COQUEIRAL DE ITAPARICA,-20.36387,-40.30477,10262,603,0
2026,1500,57037,55,1520,UMEF MARIA LUIZA DOS SANTOS VELLOZO,GUARANHUNS,-20.38167,-40.32095,2384,610,0
2026,1501,57037,55,1538,EEEFM MARCÍLIO DIAS,BARRA DO JUCU,-20.42483,-40.32673,2202,590,0
2026,1502,57037,55,1554,UMEF JOFFRE FRAGA,VALE ENCANTADO,-20.37163,-40.35414,5718,650,0
2026,1503,57037,55,1562,UMEF ALGER RIBEIRO BOSSOIS,CIDADE DA BARRA,-20.4353,-40.338,4135,598,0
2026,1504,57037,55,1775,UMEI - SARAH VICTALINO GUEIROS,BARRAMARES,-20.43701,-40.34715,2400,591,0
2026,1505,57037,55,1783,UMEI TIA NINA,ILHA DOS BENTOS,-20.36842,-40.31483,2907,615,0
2026,1506,57037,55,1813,COMUNIDADE SANTA TEREZA D'AVILA,DARLY SANTOS,-20.38839,-40.33567,722,605,0
2026,1507,57037,55,1821,UMEF RAYMUNDA DE MENDONÇA,SANTA MÔNICA,-20.36228,-40.30729,3808,655,0
2026,1508,57037,55,1848,UMEF NAIR DIAS BARBOSA,PONTA DA FRUTA,-20.49752,-40.36453,1948,631,0
2026,1509,57037,55,1856,EEEM MÁRIO GURGEL,JABAETÉ,-20.44429,-40.35499,4936,619,0
2026,1510,57037,55,1864,UMEF GOVERNADOR CHRISTIANO DIAS LOPES FILHO,SÃO CONRADO,-20.43486,-40.33205,2691,662,0
2026,1511,57037,55,1872,UMEF PROFESSOR AYLTON DE ALMEIDA,TERRA VERMELHA,-20.44429,-40.34495,2313,664,0
2026,1512,57037,55,1880,FACULDADE NOVO MILÊNIO,COQUEIRAL DE ITAPARICA,-20.35915,-40.29836,7321,603,0
2026,1513,57037,55,1899,EEM PROFESSOR AGENOR RORIS,COQUEIRAL DE ITAPARICA,-20.37178,-40.30806,5682,646,0
2026,1514,57037,55,1902,UMEF EDSON TAVARES DE SOUZA,VILA NOVA,-20.36739,-40.31504,1732,615,0
2026,1515,57037,55,1910,UMEF ALY DA SILVA,BALNEÁRIO PONTA DA FRUTA,-20.51091,-40.37471,2892,589,0
2026,1516,57037,55,1937,CENTRO DE DETENÇÃO PROVISÓRIA DE VILA VELHA (CDPVV),XURI,-20.47082,-40.46728,0,-1,0
2026,1517,57037,55,1970,ACADEMIA MSPORTS,SANTA PAULA I,-20.41731,-40.33299,1455,657,0
2026,1518,57037,55,1988,ESCOLA DEPUTADO PAULO SÉRGIO BORGES,MORADA DA BARRA,-20.43734,-40.35997,1207,629,0
2026,1519,57037,55,1996,IASES - UNIDADE DE INTERNAÇÃO UNIMETRO,XURI,-20.46574,-40.46408,0,-1,0
2026,1520,57037,55,2003,ESCOLA FUNDAÇÃO BRADESCO,ARAÇÁS,-20.39081,-40.32258,1455,627,0
2026,1521,57037,55,2011,UMEF PREFEITO VASCO ALVES,JABAETÉ,-20.44391,-40.35398,2782,619,0
2026,1522,57037,55,2020,EEEFM PROF. GERALDO COSTA ALVES,BOA VISTA I,-20.35428,-40.30351,442,592,0
2026,1523,57037,55,2038,UMEI VEREADOR ARNALDO BORGO,PRAIA DAS GAIVOTAS,-20.37954,-40.31682,264,645,0
2026,1524,57037,55,2046,UMEF DEOLINDO PERIM,ULISSES GUIMARÃES,-20.44049,-40.33947,2270,665,0
2026,1525,57037,55,2054,UMEI MARIA EMELINA MASCARENHAS BARCELLOS,BARRA DO JUCU,-20.42786,-40.32312,77,590,0
2026,1526,57037,55,2062,UMEF DIJAYRO GONÇALVES LIMA,BARRAMARES,-20.43719,-40.34749,1420,591,0
2026,1527,57037,55,2070,IGREJA BATISTA DE PONTAL DAS GARÇAS,PONTAL DAS GARÇAS,-20.39278,-40.33482,158,643,0
2026,1528,57037,55,2089,ESTÂNCIA GILEADE,XURI,-20.49372,-40.47543,62,-1,0
2026,1529,57037,55,2100,UMEI PROFESSOR JOAQUIM ALBERTO DE OLIVEIRA,ARAÇÁS,-20.38325,-40.33003,2952,585,0
2026,1530,57037,57,1015,UMEF ANTÔNIO PINTO RODRIGUES,ATAÍDE,-20.33912,-40.32484,2322,595,0
2026,1531,57037,57,1023,UMEFTI REVERENDO ANTÔNIO DA SILVA COSMO - ESCOLA PARQUE,BRISAMAR,-20.3596,-40.31501,1849,594,0
2026,1532,57037,57,1031,UMEFTI DOUTOR TANCREDO DE ALMEIDA NEVES,COBI DE CIMA,-20.33737,-40.35188,734,599,0
2026,1533,57037,57,1040,EEEM ORMANDA GONÇALVES,COBILÂNDIA,-20.34672,-40.35468,2262,634,0
2026,1534,57037,57,1058,UMEF PEDRO HERKENHOF,COBILÂNDIA,-20.35162,-40.35291,1318,601,0
2026,1535,57037,57,1066,CAT- ARLETHE ZORZANELLI BUAIZ-SESI COBILÂNDIA,COBILÂNDIA,-20.35517,-40.3524,2913,601,0
2026,1536,57037,57,1074,UMEF IZALTINA ALMEIDA FERNANDES,JARDIM MARILÂNDIA,-20.35711,-40.34865,3053,625,0
2026,1537,57037,57,1082,UMEF ARACELI CABRERA SÁNCHEZ CRESPO (ANTIGA UMEF DANTE MICHELINI),PLANALTO,-20.35239,-40.33987,1947,641,0
2026,1538,57037,57,1090,UMEF MARIA ELEONORA D'AZEVEDO PEREIRA,RIO MARINHO,-20.36596,-40.36169,4314,650,0
2026,1539,57037,57,1104,UMEF PROFESSOR JORGE ANÍZIO BORJAILLE,SANTA RITA,-20.34918,-40.33632,961,659,0
2026,1540,57037,57,1120,UMEF LEONEL DE MOURA BRIZOLA,SANTA RITA,-20.34462,-40.33017,4622,659,0
2026,1541,57037,57,1139,UMEI SANTA RITA DE CÁSSIA,SANTA RITA,-20.34891,-40.33489,1271,673,0
2026,1542,57037,57,1147,EEEFM SÍLVIO ROCIO,SÃO TORQUATO,-20.33007,-40.34885,1017,663,0
2026,1543,57037,57,1155,UMEF JOSÉ ELIAS DE QUEIROZ,COBI DE BAIXO,-20.33978,-40.35388,1015,599,0
2026,1544,57037,57,1163,UMEF PAULO MARES GUIA,COBILÂNDIA,-20.35807,-40.35399,2797,601,0
2026,1545,57037,57,1171,EEEFM FLORENTINO AVIDOS,IBES,-20.3531,-40.31703,3580,611,0
2026,1546,57037,57,1180,UMEF PROFESSORA LEOPOLDINA CONCEIÇÃO DE MATTOS SILVA (FACEV),IBES,-20.35259,-40.31775,3582,611,0
2026,1547,57037,57,1198,UMEI SULTANY NADER VALLADARES,PRIMEIRO DE MAIO,-20.34466,-40.33542,1329,648,0
2026,1548,57037,57,1201,UMEF JUIZ JAIRO DE MATTOS PEREIRA,SÃO TORQUATO,-20.33399,-40.35124,2712,663,0
2026,1549,57037,57,1210,UMEF GUILHERME SANTOS,SANTA INÊS,-20.3505,-40.31197,3425,611,0
2026,1550,57037,57,1228,UMEI COMECINHO DE VIDA,SANTA INÊS,-20.3508,-40.3116,2358,623,0
2026,1551,57037,57,1236,UMEF DIRETORA ZDMEA CAMARGO DAMASCENO,SANTOS DUMONT,-20.35942,-40.3203,2811,633,0
2026,1552,57037,57,1244,UMEF DESEMBARGADOR CÂNDIDO MARINHO,SOTECO,-20.34867,-40.30719,1406,661,0
2026,1553,57037,57,1252,UMEFTI PROF. RUBENS JOSÉ VERVLOET GOMES,SOTECO,-20.3521,-40.30625,3165,661,0
2026,1554,57037,57,1279,ESCOLA SÃO CAMILO DE LELLIS,ALVORADA,-20.34608,-40.3485,4232,584,0
2026,1555,57037,57,1287,UMEF GIOVANE CAVALIERI,ATAÍDE,-20.3435,-40.32617,525,588,0
2026,1556,57037,57,1295,UMEF JOSÉ SIQUEIRA SANTA CLARA,ATAÍDE,-20.34507,-40.32058,2245,588,0
2026,1557,57037,57,1309,UMEI PEDRO PANDOLFI,RIO MARINHO,-20.36469,-40.35663,2087,650,0
2026,1558,57037,57,1317,UMEI ROSA HELENA FROTA TRISTAO,IBES,-20.3512,-40.31572,2629,611,0
2026,1559,57037,57,1325,UMEFTI ULISSES ALVARES,ATAÍDE,-20.34543,-40.32574,2550,588,0
2026,1560,57037,57,1333,UMEI JULIERME DA CRUZ DIAS (SR DEZINHO) - PEDACINHO DO CÉU,ALECRIM,-20.34482,-40.34136,1491,583,0
2026,1561,57037,57,1341,CEEFMTI PASTOR OLIVEIRA DE ARAUJO- ESCOLA VIVA,COBILÂNDIA,-20.35429,-40.35078,3492,601,0
2026,1562,57037,57,1350,IFES - INSTITUTO FEDERAL DO ESPÍRITO SANTO-CAMPUS VILA VELHA,SOTECO,-20.34832,-40.30872,5391,654,0
2026,1563,57037,57,1376,UMEI MILTON TRANCOSO DE AGUIAR,ATAÍDE,-20.34882,-40.33039,706,659,0
2026,1564,57037,57,1384,UMEI PROFESSORA JURANDYR MATTOS GRIFFO,SOTECO,-20.34641,-40.30615,1909,661,0
2026,1565,57037,57,1392,UMEF GIL BERNARDES,ALVORADA,-20.34822,-40.34545,1601,584,0
2026,1566,57037,57,1406,UMEI JUVACY FRECHIANI,SÃO TORQUATO,-20.3359,-40.35083,895,663,0
2026,1567,57037,57,1422,UMEF PADRE HUMBERTO PIACENTE,ALECRIM,-20.34893,-40.33982,4165,641,0
2026,1568,57037,57,1430,UMEI PROFESSOR IRINEU DA FRAGA NEVES,SANTA RITA,-20.34455,-40.32999,1504,659,0
2026,1569,57053,1,1015,CENTRO EDUCACIONAL AGOSTINIANO,PARQUE MOSCOSO,-20.31938,-40.34068,3101,684,0
2026,1570,57053,1,1023,CEEJA - CENTRO ESTADUAL DE EDUCAÇÃO DE JOVENS E ADULTOS,CENTRO,-20.31818,-40.3355,1861,684,0
2026,1571,57053,1,1066,FAMES - FACULDADE DE MÚSICA DO ESPÍRITO SANTO,CENTRO,-20.32004,-40.32883,1203,684,0
2026,1572,57053,1,1090,MARIA ORTIZ - EEEFM,CENTRO,-20.32119,-40.34012,1846,684,0
2026,1573,57053,1,1104,SÃO VICENTE DE PAULO - EMEF,CENTRO,-20.31844,-40.33767,1662,684,0
2026,1574,57053,1,1112,MINISTERIO DA GESTÃO E DA INOVAÇÃO EM SERVIÇOS PÚBLICOS(MIN. ECONOMIA),CENTRO,-20.32054,-40.33313,1286,684,0
2026,1575,57053,1,1147,ERNESTINA PESSOA - EMEF,CENTRO,-20.31738,-40.34183,1395,752,0
2026,1576,57053,1,1163,ESCOLA DA CIÊNCIA E FÍSICA,PARQUE MOSCOSO,-20.31859,-40.34241,588,720,0
2026,1577,57053,1,1180,SALESIANO N. SRª DA VITÓRIA - COLÉGIO,FORTE SÃO JOÃO,-20.3164,-40.32269,3131,692,0
2026,1578,57053,1,1201,TEREZINHA VASCONCELLOS SALVADOR - CMEI,ROMÃO,-20.3136,-40.32178,1746,728,0
2026,1579,57053,1,1210,IFES - INSTITUTO FEDERAL DO ESPÍRITO SANTO,JUCUTUQUARA,-20.3111,-40.31858,4708,710,0
2026,1580,57053,1,1228,JOSÉ ÁUREO MONJARDIM - EMEF,FRADINHOS,-20.30724,-40.32661,1216,693,0
2026,1581,57053,1,1244,PADRE ANCHIETA - EMEF,ILHA DE SANTA MARIA,-20.31535,-40.31908,2063,699,0
2026,1582,57053,1,1732,CASTELO BRANCO - EMEF,ILHA DO PRÍNCIPE,-20.3221,-40.34755,1220,702,0
2026,1583,57053,1,1740,MOACYR AVIDOS - EMEF,ILHA DO PRÍNCIPE,-20.32136,-40.34792,1268,702,0
2026,1584,57053,1,1759,MAURO BRAGA - EMEF,SANTA TEREZA,-20.31449,-40.35085,2788,735,0
2026,1585,57053,1,1783,ALBERTO DE ALMEIDA - EMEF,SANTO ANTÔNIO,-20.3094,-40.35379,4594,737,0
2026,1586,57053,1,1791,ALVIMAR SILVA - EMEF,MARIO CYPRESTE,-20.31234,-40.35757,5482,716,0
2026,1587,57053,1,1805,MAJOR ALFREDO PEDRO RABAYOLLI - EEEFM,MARIO CYPRESTE,-20.31543,-40.35811,2834,716,0
2026,1588,57053,1,1856,MARIA STELLA DE NOVAES - EMEF,GRANDE VITÓRIA,-20.28862,-40.3454,3856,695,0
2026,1589,57053,1,1864,FRANCISCO LACERDA DE AGUIAR - EMEF,SÃO PEDRO I,-20.2805,-40.33555,3295,745,0
2026,1590,57053,1,1872,NEUSA NUNES GONÇALVES - EMEF,NOVA PALESTINA,-20.27165,-40.32547,5516,718,0
2026,1591,57053,1,1880,SALA ANEXA DA IGREJA SÃO PEDRO,VILA RUBIM,-20.31887,-40.3499,812,748,0
2026,1592,57053,1,1929,LENIR BORLOT - EMEF,SÃO PEDRO,-20.28321,-40.33639,1436,745,0
2026,1593,57053,1,1945,ELIANE RODRIGUES DOS SANTOS - EMEF,ILHA DAS CAIEIRAS,-20.27727,-40.33402,3183,698,0
2026,1594,57053,1,1970,ODILA SIMÕES - CMEI,DO QUADRO,-20.31642,-40.34987,2211,753,0
2026,1595,57053,1,1996,TANCREDO DE ALMEIDA NEVES - EMEF,SÃO PEDRO III,-20.28108,-40.33171,4886,744,0
2026,1596,57053,1,2011,ADILSON DA SILVA CASTRO - EMEF,MONTE BELO,-20.31198,-40.31299,1076,714,0
2026,1597,57053,1,2119,RITA DE CÁSSIA OLIVEIRA - EMEF,RESISTÊNCIA,-20.27769,-40.31854,3012,727,0
2026,1598,57053,1,2208,SINCLAIR PHILLIPS - CMEI,CARATOÍRA,-20.31486,-40.35463,1182,683,0
2026,1599,57053,1,2267,AFLORDÍZIO CARVALHO DA SILVA - EEEFM,DA PENHA,-20.29551,-40.31112,3224,749,0
2026,1600,57053,1,2275,CUSTÓDIA DIAS DE CAMPOS - EMEF,DE LOURDES,-20.30745,-40.31724,1710,750,0
2026,1601,57053,1,2283,ZILDA ANDRADE - EMEF,DA PENHA,-20.29865,-40.31053,2474,749,0
2026,1602,57053,1,2291,MARIETA ESCOBAR - EMEF,SANTA MARTHA,-20.29088,-40.30957,3755,734,0
2026,1603,57053,1,2305,LAURENTINA MENDONÇA CORRÊA - CMEI,CONSOLAÇÃO,-20.30714,-40.31076,1438,687,0
2026,1604,57053,1,2313,RUBENS DUARTE DE ALBUQUERQUE - CMEI,ITARARÉ,-20.30053,-40.30513,1547,704,0
2026,1605,57053,1,2321,VERCENÍLIO DA SILVA PASCOAL - EMEF,JOANA D'ARC,-20.28384,-40.31301,2105,709,0
2026,1606,57053,1,2330,CENTRO DE CIÊNCIAS DA SAÚDE - UFES,MARUÍPE,-20.29822,-40.31646,2587,682,0
2026,1607,57053,1,2348,SUZETE CUENDET - EMEF,MARUÍPE,-20.30008,-40.32156,3719,712,0
2026,1608,57053,1,2356,OCTACÍLIO LOMBA - EMEF,MARUÍPE,-20.29504,-40.31595,2262,743,0
2026,1609,57053,1,2364,ORLANDINA D' ALMEIDA LUCAS - EMEF,SÃO CRISTOVÃO,-20.28981,-40.31464,2904,743,0
2026,1610,57053,1,2380,PEDRO FEU ROSA - CMEI,bonfim,-20.30025,-40.31331,1243,682,0
2026,1611,57053,1,2399,PREZIDEU AMORIM - EMEF,bonfim,-20.3007,-40.31403,2552,682,0
2026,1612,57053,1,2410,CECILIANO ABEL DE ALMEIDA - EMEF,ITARARÉ,-20.29418,-40.30727,3814,704,0
2026,1613,57053,1,2429,INSTITUTO JOÃO XXIII,CONSOLAÇÃO,-20.30733,-40.31074,2983,687,0
2026,1614,57053,1,2437,EUNICE PEREIRA DA SILVEIRA - EMEF,TABUAZEIRO,-20.30034,-40.32349,2170,746,0
2026,1615,57053,1,2445,HELOISA ABREU JUDICE DE MATTOS - EMEF,INHANGUETÁ,-20.30268,-40.34637,4179,679,0
2026,1616,57053,1,2461,ELZA LEMOS ANDREATTA - EEEFM,ILHA DAS CAIEIRAS,-20.27722,-40.33542,1208,698,0
2026,1617,57053,1,2470,MARIA JOSÉ COSTA MORAES - EMEF,SÃO PEDRO III,-20.28466,-40.3321,805,744,0
2026,1618,57053,1,2488,ANISIO SPINOLA TEIXEIRA - CMEI,RESISTÊNCIA,-20.27165,-40.31861,588,727,0
2026,1619,57053,1,2496,SILVANETE DA SILVA ROSA ROCHA - CMEI,GRANDE VITÓRIA,-20.28694,-40.33603,1496,695,0
2026,1620,57053,1,2500,PROFESSORA SOPHIA MUSENGNY LOUREIRO - CMEI,DA PENHA,-20.29687,-40.3113,2757,749,0
2026,1621,57053,1,2518,JACY ALVES FRAGA - CMEI,TABUAZEIRO,-20.29737,-40.32369,1899,746,0
2026,1622,57053,52,1015,SECRETARIA ESTADUAL DE EDUCAÇÃO - SEDU,SANTA LÚCIA,-20.31078,-40.30089,2257,733,0
2026,1623,57053,52,1023,CENTRO EDUCACIONAL LEONARDO DA VINCI,SANTA LÚCIA,-20.3081,-40.30171,2764,733,0
2026,1624,57053,52,1031,CEEMTI PROF FLÁVIA AMBOSS MERÇON LEONARDO (ANTIGO PROF. FERNANDO DUART,PRAIA DE SANTA HELENA,-20.31043,-40.29436,2777,731,0
2026,1625,57053,52,1058,COLÉGIO SAGRADO CORAÇÃO DE MARIA,PRAIA DO CANTO,-20.29577,-40.28848,1578,723,0
2026,1626,57053,52,1066,EMESCAM - ESCOLA DE MEDICINA STA. CASA MISERICÓRDIA,SANTA LUÍZA,-20.2928,-40.30132,2763,732,0
2026,1627,57053,52,1074,EPG IRMÃ MARIA HORTA,PRAIA DO CANTO,-20.29804,-40.29398,3923,723,0
2026,1628,57053,52,1082,EMEF - MARIA LEONOR PEREIRA DA SILVA,PRAIA DO CANTO,-20.3099,-40.29664,2842,733,0
2026,1629,57053,52,1252,UP - ESCOLA DE ENSINO MÉDIO E PRÉ UNIVERSITÁRIO,PRAIA DO CANTO,-20.30263,-40.29605,3080,723,0
2026,1630,57053,52,1295,CLUBE ÍTALO BRASILEIRO,ILHA DO BOI,-20.3107,-40.27791,1107,700,0
2026,1631,57053,52,1368,FDV - FACULDADE DE DIREITO DE VITÓRIA,SANTA LÚCIA,-20.294,-40.30371,4178,733,0
2026,1632,57053,52,1449,EEEFM - ARISTÓBULO BARBOSA LEÃO,BENTO FERREIRA,-20.31034,-40.30768,2256,680,0
2026,1633,57053,52,1473,SENAC - SERVIÇO NACIONAL DE APRENDIZAGEM COMERCIAL,BENTO FERREIRA,-20.31817,-40.30826,2255,680,0
2026,1634,57053,52,1651,EMEF - ISAURA MARQUES DA SILVA,ANDORINHAS,-20.28618,-40.30617,2628,675,0
2026,1635,57053,52,1716,ESCOLA DA ILHA NOVO MUNDO,PRAIA DO CANTO,-20.29333,-40.29379,1885,723,0
2026,1636,57053,52,1724,EMEF MARIA MADALENA DE OLIVEIRA DOMINGUES,JARDIM CAMBURI,-20.26193,-40.27021,1373,706,0
2026,1637,57053,52,1732,CMEI MARLENE ORLANDE SIMONETTI,REPÚBLICA,-20.27117,-40.29395,1458,726,0
2026,1638,57053,52,1740,EMEF MAL. MASCARENHAS DE MORAES,MARIA ORTIZ,-20.26043,-40.29902,3136,711,0
2026,1639,57053,52,1759,CENTRO EDUCACIONAL CHARLES DARWIN,MATA DA PRAIA,-20.27786,-40.30026,5569,713,0
2026,1640,57053,52,1767,CMEI ZENAIDE GENOVEVA MARCARINI CAVALCANTI,JARDIM DA PENHA,-20.28575,-40.29994,2680,707,0
2026,1641,57053,52,1775,EEEM ARNULPHO MATTOS,REPÚBLICA,-20.27121,-40.29366,3159,726,0
2026,1642,57053,52,1783,ESESP - ESCOLA DE SERVIÇO PÚBLICO DO ESPÍRITO SANTO,REPÚBLICA,-20.27192,-40.2945,1096,726,0
2026,1643,57053,52,1791,EEEM PROF. RENATO JOSÉ DA COSTA PACHECO,JARDIM CAMBURI,-20.24662,-40.27168,5546,706,0
2026,1644,57053,52,1805,CAJUN - SOLON BORGES,SOLON BORGES,-20.2611,-40.29585,1080,741,0
2026,1645,57053,52,1813,CMEI - REINALDO RIDOLFI,MARIA ORTIZ,-20.25752,-40.29823,1316,711,0
2026,1646,57053,52,1821,CMEI - DARCY CASTELO DE MENDONÇA,ANTÔNIO HONÓRIO,-20.26022,-40.29794,971,711,0
2026,1647,57053,52,1830,MULTIVIX - VITÓRIA/ES,GOIABEIRAS,-20.2672,-40.30128,2218,694,0
2026,1648,57053,52,1848,COLÉGIO RENOVAÇÃO,JARDIM CAMBURI,-20.25912,-40.26784,3678,706,0
2026,1649,57053,52,1856,FACULDADE ESTÁCIO DE SÁ,JARDIM CAMBURI,-20.24949,-40.27039,5774,706,0
2026,1650,57053,52,1864,CMEI JOÃO PEDRO DE AGUIAR,JARDIM CAMBURI,-20.25698,-40.2683,2200,706,0
2026,1651,57053,52,1872,EMEF ÉBER LOUZADA ZIPPINOTTI,JARDIM DA PENHA,-20.2815,-40.29637,4365,707,0
2026,1652,57053,52,1880,SESI - SERVIÇO SOCIAL DA INDÚSTRIA,JARDIM DA PENHA,-20.2852,-40.29961,4426,707,0
2026,1653,57053,52,1899,EMEF ÁLVARO DE CASTRO MATTOS,JARDIM DA PENHA,-20.28641,-40.29874,4330,707,0
2026,1654,57053,52,1902,EMEF ARTHUR DA COSTA E SILVA,REPÚBLICA,-20.26939,-40.29494,1781,726,0
2026,1655,57053,52,1910,EMEF ALMIRANTE BARROSO,GOIABEIRAS,-20.26694,-40.2996,1258,694,0
2026,1656,57053,52,1929,EMEF JUSCELINO KUBITSCHEK DE OLIVEIRA,MARIA ORTIZ,-20.25773,-40.29868,4148,711,0
2026,1657,57053,52,1937,EPG ADÃO BENEZATH,ANTÔNIO HONÓRIO,-20.26338,-40.2983,1879,676,0
2026,1658,57053,52,1945,CMEI ANA MARIA CHAVES COLARES,JARDIM CAMBURI,-20.2612,-40.25982,1586,706,0
2026,1659,57053,52,1953,CLUBE DOS OFICIAIS DA PM,JARDIM DA PENHA,-20.28265,-40.28981,1986,707,0
2026,1660,57053,52,1961,UP - CENTRO EDUCACIONAL UNIÃO DE PROFESSORES - JP,JARDIM DA PENHA,-20.28733,-40.29988,5337,722,0
2026,1661,57053,52,1970,CENTRO DE CONVIVÊNCIA DA 3ª IDADE,MARIA ORTIZ,-20.25788,-40.29854,526,711,0
2026,1662,57053,52,1988,EMEFM  ELZIRA VIVACQUA DOS SANTOS,JARDIM CAMBURI,-20.25691,-40.26745,4753,706,0
2026,1663,57053,52,1996,EMEF ADELVANI SYSESMUNDO F. DE AZEVEDO,JARDIM CAMBURI,-20.25167,-40.26861,5174,706,0
2026,1664,57053,52,2003,ISJB - COLÉGIO SALESIANO JARDIM CAMBURI,JARDIM CAMBURI,-20.25526,-40.26319,5896,706,0
2026,1665,57053,52,2011,COLÉGIO AMÉRICA,MATA DA PRAIA,-20.27839,-40.29608,1413,713,0
2026,1666,57053,52,2020,ESCOLA SÃO DOMINGOS (UNIDADE 2),BENTO FERREIRA,-20.31322,-40.30914,3908,680,0
2026,1667,57053,52,2038,ESCOLA MONTEIRO,ENSEADA DO SUÁ,-20.31717,-40.29045,904,689,0
2026,1668,57053,52,2046,ESCOLA CRESCER PHD,PRAIA DO CANTO,-20.29346,-40.2931,1390,723,0
2026,1669,57053,52,2054,CENTRO EDUCACIONAL PRIMEIRO MUNDO,SANTA LÚCIA,-20.30092,-40.29966,1583,733,0
2026,1670,57053,52,2070,PRÉDIO ANEXO DA PRIMEIRA IGREJA BATISTA DE JARDIM CAMBURI,JARDIM CAMBURI,-20.25664,-40.26669,793,706,0
2026,1671,57053,52,2089,CMEI LIZANDRE IGNÊS CARPANEDO DO CARMO (ANTIGO RUBENS),JARDIM CAMBURI,-20.26419,-40.26344,1678,706,0
2026,1672,57053,52,2097,SENAI - SERVIÇO NACIONAL DE APRENDIZAGEM INDUSTRIAL,BENTO FERREIRA,-20.31808,-40.30723,1692,680,0
2026,1673,57070,46,1015,EMEF MARIA IZABEL FALCHETO,CENTRO,-19.4144,-40.54455,2131,-1,0
2026,1674,57070,46,1023,EMEI INÊS ALTOÉ FRANCO,CENTRO,-19.41445,-40.54451,730,-1,0
2026,1675,57070,46,1031,EEEFM PADRE ANTONIO VOLKERS,CENTRO,-19.41013,-40.5438,4999,-1,0
2026,1676,57070,46,1040,EMEIEF PADRE LUIZ DA GRÃ,PATRÃO-MÓR,-19.47463,-40.4633,497,-1,0
2026,1677,57070,46,1066,EMEIEF ALACYR BARBIERI,CÓRREGO BREJAL,-19.43708,-40.62833,211,-1,0
2026,1678,57070,46,1074,EMEIEFTI ÂNGELO BRAVIN,DISTRITO DE SAPUCAIA,-19.36314,-40.60829,963,-1,0
2026,1679,57070,46,1090,EMEIEF SÃO JUDAS TADEU,MONTE SINAI,-19.39255,-40.61503,701,-1,0
2026,1680,57070,46,1104,EMEIEF ALTO LIBERDADE,ALTO LIBERDADE,-19.36479,-40.53962,393,-1,0
2026,1681,57070,46,1112,EMUEF MARCELLINO BAPTISTA,FAZENDA BATISTA,-19.52784,-40.42318,260,-1,0
2026,1682,57096,10,1015,EEEFM MARIA TRINDADE OLIVEIRA,CENTRO,-20.23473,-41.50808,3924,-1,0
2026,1683,57096,10,1031,EMEF ADELAIDE RODRIGUES MOREIRA,VILA SANTA CLARA,-20.23454,-41.58517,1368,-1,0
2026,1684,57096,10,1040,EMEF AGENOR DE SOUZA LÉ,CÓRREGO DO CRISCIÚMA,-20.21893,-41.6208,1011,-1,0
2026,1685,57096,10,1058,EMEF DAVID GOMES,BOA ESPERANÇA,-20.2316,-41.50441,3466,-1,0
2026,1686,57096,10,1074,EMEF SANTA MARIA,CÓRREGO SANTA MARIA DE BAIXO,-20.24943,-41.48241,669,-1,0
2026,1687,57096,10,1082,EMEF HELENA ALMOCDICE VALADÃO,NOVO HORIZONTE,-20.23732,-41.50804,598,-1,0
2026,1688,57096,10,1090,EMEF EUNICE PEREIRA SILVEIRA,NOVO HORIZONTE,-20.23782,-41.51055,2962,-1,0
2026,1689,57096,10,1104,IFES - INSTITUTO FEDERAL DO ESPÍRITO SANTO,NOVO HORIZONTE,-20.23634,-41.50773,3994,-1,0
2026,1690,57096,10,1112,CMEI MARIA JOSE FARIA,IPÊ,-20.22581,-41.51322,891,-1,0
2026,1691,57096,10,1120,EMEF PROFESSOR JOSE MARIA PEREIRA,BOA ESPERANÇA,-20.23174,-41.50513,740,-1,0
2026,1692,57118,51,1023,EMEI TIA AMÉLIA,SANTO ANTÔNIO,-19.26426,-40.33286,2940,-1,0
2026,1693,57118,51,1074,EMEF PROF. MARIA ENDRINGER ANHOLETI,SÃO SEBASTIÃO,-19.27427,-40.31978,1674,-1,0
2026,1694,57118,51,1082,EMEF NOVO SABER,CENTRO,-19.27261,-40.32812,3529,-1,0
2026,1695,57118,51,1139,EMUEF SÃO SEBASTIÃO DO LAGRIMAL,CÓR. LAGRIMAL,-19.1292,-40.25823,501,-1,0
2026,1696,57118,51,1155,EMEIEF PRIMAVERA,CÓR. PRIMAVERA,-19.22522,-40.35305,1094,-1,0
2026,1697,57118,51,1171,EMEIEF SANTA RITA,CÓR. SANTA RITA,-19.18957,-40.28027,915,-1,0
2026,1698,57118,51,1210,EMEIEF JOSÉ STEFENONI,CÓR. SÃO FRANCISCO,-19.30845,-40.27309,1623,-1,0
2026,1699,57118,51,1236,EMEIEF PANORAMA,CÓR. PANORAMA 10,-19.31908,-40.35982,936,-1,0
2026,1700,57118,51,1252,EMEI PEREIRA TORRES,D. SÃO JORGE DE TIRADENTES,-19.12365,-40.36307,390,-1,0
2026,1701,57118,51,1287,EMEF TIRADENTES,D. SÃO JORGE DE TIRADENTES,-19.12143,-40.36149,1948,-1,0
2026,1702,57134,41,1015,EMEF CIPRIANO COCCO,LAQUINI,-18.90523,-40.06938,2413,-1,0
2026,1703,57134,41,1023,EEEM PEDRO PAULO GROBÉRIO,CENTRO,-18.90648,-40.07323,2774,-1,0
2026,1704,57134,41,1031,PRÉ-ESCOLA MUNICIPAL DOM BOSCO,CENTRO,-18.90652,-40.07735,2336,-1,0
2026,1705,57134,41,1040,EEEFM IRMÃ TERESA ALTOÉ,CENTRO,-18.91219,-40.07759,3445,-1,0
2026,1706,57134,41,1058,EMEF PATRIMÔNIO NOSSA SENHORA DE FÁTIMA,FÁTIMA,-18.90665,-40.17152,1519,-1,0
2026,1707,57134,41,1082,ESCOLA COMUNITÁRIA RURAL MUNICIPAL DO GIRAU,GIRAU,-18.83169,-40.07947,1536,-1,0
2026,1708,57134,41,1112,EMEF ORÉLIO CALIMAN,ÁGUA LIMPA,-18.93401,-39.97482,1721,-1,0
2026,1709,57134,41,1139,EMEIEF PATRIMÔNIO ALTOÉ,CÓRREGO DO 18,-18.86172,-40.17935,796,-1,0
2026,1710,57134,41,1147,EMEF BENEDITA DOS SANTOS SILVA (ANTIGA BARRA SECA DE PONTE NOVA),BARRA SECA DE PONTE NOVA,-18.9914,-39.99958,1072,-1,0
2026,1711,57134,41,1155,EPM SÃO JOÃO DO ESTIVADO,SÃO JOÃO DO ESTIVADO,-19.01854,-39.93088,500,-1,0
2026,1712,57134,41,1171,EPG SANTA RITA DE CÁSSIA,PALMITO,-18.90417,-39.95713,1204,-1,0
2026,1713,57134,41,1198,EMEIEF VARGEM GRANDE,CÓRREGO VARGEM GRANDE,-18.8443,-40.15059,605,-1,0
2026,1714,57134,41,1201,EMEF ADRIANA DE SOUZA BARCELOS (ANTIGO PALMITINHO),PALMITINHO,-18.95924,-39.90433,379,-1,0
2026,1715,57134,41,1210,EMEIEF SÃO ROQUE,SÃO ROQUE,-18.90679,-40.01101,829,-1,0
2026,1716,57134,41,1228,EMEF MARCIANO ALTOÉ,BOA VISTA,-18.90779,-40.06219,1264,-1,0
2026,1717,57134,41,1236,EMEF SANTA CATARINA,SEAC,-18.91307,-40.07202,1661,-1,0
2026,1718,57134,41,1244,ESCOLA COMUNITÁRIA RURAL MUNICIPAL DE JAPIRA,CÓRREGO DO JAPIRA,-18.95362,-40.04177,255,-1,0
2026,1719,57150,27,1015,ESCOLA TRÊS DE MAIO,ASSENTAMENTO CASTRO ALVES,-18.22185,-40.0567,589,-1,0
2026,1720,57150,27,1023,EPG PROF. GUEDES ALCOFORADO,CENTRO,-18.30345,-39.9563,3523,-1,0
2026,1721,57150,27,1031,EPG SÃO JOÃO BATISTA,SÃO JOÃO BATISTA,-18.30677,-39.94125,1085,-1,0
2026,1722,57150,27,1040,ESCOLA MARCOS BRUNELLI,NOSSA SENHORA DE FÁTIMA,-18.29577,-39.95987,1143,-1,0
2026,1723,57150,27,1058,EPG DR EDWARD ABREU DO NASCIMENTO,NOSSA SENHORA DE FÁTIMA,-18.29593,-39.95891,1742,-1,0
2026,1724,57150,27,1066,EPG FELINTO DAMIÃO,FELINTO DAMIÃO,-18.2965,-39.94817,1719,-1,0
2026,1725,57150,27,1074,EMEFM MANOEL DUARTE DA CUNHA,COLINA I,-18.29744,-39.94969,2870,-1,0
2026,1726,57150,27,1082,CRECHE NORMILIA SANTOS,SÃO JOÃO BATISTA,-18.30632,-39.94099,1622,-1,0
2026,1727,57150,27,1104,EPE TAQUARAS,TAQUARAS,-18.03086,-40.15062,549,-1,0
2026,1728,57150,27,1112,EPG FLORESTA DO SUL,FLORESTA DO SUL,-18.26293,-40.07978,740,-1,0
2026,1729,57150,27,1120,EPG PEDRO CANÁRIO RIBEIRO,CANARINHO,-18.29367,-39.95152,1248,-1,0
2026,1730,57150,27,1139,EMPEF CRISTAL DO NORTE,CRISTAL DO NORTE,-18.08721,-40.10819,2117,-1,0
2026,1731,57150,27,1155,EMPEIF JOSÉ FRANCISCO CORDEIRO,CARAPINA,-18.29376,-39.95152,9,-1,0
2026,1732,57916,7,1015,EMEIF VALENTIM PEROZINI,VILA DE SÃO LUIZ DE MIRANDA,-19.97127,-41.05982,532,-1,0
2026,1733,57916,7,1031,EMEIF LARANJA DA TERRA,VILA DE LARANJA DA TERRA,-19.90394,-41.01515,900,-1,0
2026,1734,57916,7,1040,EMEIF JOÃO VALIM,DISTRITO DE SOBREIRO,-19.8252,-41.11309,2748,-1,0
2026,1735,57916,7,1066,EEEFM JOAQUIM CAETANO DE PAIVA,DISTRITO DE JOATUBA,-19.87921,-40.96046,1942,-1,0
2026,1736,57916,7,1139,EMEIEF UNIÃO LARANJENSE,CENTRO,-19.89757,-41.05936,2130,-1,0
2026,1737,57916,7,1147,EEEFM LUIZ JOUFFROY,CENTRO,-19.89767,-41.05945,1250,-1,0
2026,1738,57932,9,1031,EEEFM GRAÇA ARANHA,CENTRO,-20.02929,-40.74276,9838,-1,0
2026,1739,57932,9,1040,EEEFM FREDERICO BOLDT,CARAMURU,-20.09612,-40.67593,1927,-1,0
2026,1740,57932,9,1082,EMEF ANTONIO GONÇALVES,GARRAFÃO,-20.15324,-40.88543,2424,-1,0
2026,1741,57932,9,1155,EEEFM ALTO RIO POSSMOSER,DISTRITO DE GARRAFÃO,-20.06641,-40.84325,3016,-1,0
2026,1742,57932,9,1163,EMEF JOÃO LAUVERS,DISTRITO DE GARRAFÃO,-20.15273,-40.94382,2508,-1,0
2026,1743,57932,9,1180,USINA RIO BONITO,RIO BONITO,-20.06457,-40.63598,170,-1,0
2026,1744,57932,9,1279,EP FAZENDA ARTHUR PLASTER,DISTRITO DE GARRAFÃO,-20.16441,-40.81116,845,-1,0
2026,1745,57932,9,1325,EMEF DE RECREIO,RECREIO,-20.02201,-40.68405,1070,-1,0
2026,1746,57932,9,1333,CENTRO COMUNITÁRIO DA IGREJA LUTERANA DE ALTO SÃO SEBASTIÃO DE CIMA,SÃO SEBASTIÃO DE CIMA,-19.99646,-40.80765,786,-1,0
2026,1747,57932,9,1341,EU SÃO JOSÉ DO RIO CLARO,SÃO JOSÉ DO RIO CLARO,-20.01664,-40.62701,121,-1,0
2026,1748,57932,9,1350,JARDIM DE INFÂNCIA POMMER,CENTRO,-20.03016,-40.74248,1032,-1,0
2026,1749,57932,9,1368,ESCOLA COOPERAÇÃO,CENTRO,-20.03015,-40.74832,2331,-1,0
2026,1750,57932,9,1376,EEEF SÃO LUIZ,CENTRO,-20.00354,-40.73837,2543,-1,0
2026,1751,57932,9,1384,EEEF PROFESSOR HERMANN BERGER,DISTRITO DA SEDE,-20.04937,-40.70391,827,-1,0
2026,1752,57932,9,1392,EP DE VILA JETIBÁ,DISTRITO DA SEDE,-20.01886,-40.76043,1174,-1,0
2026,1753,57932,9,1406,"PARÓQUIA ALIANÇA IECLB - COMUNIDADE MARTIM LUTERO, RIO DAS PEDRAS, ZON",ZONA RURAL,-20.08214,-40.73804,432,-1,0
2026,1754,57932,9,1422,EMEI FAZENDA EMÍLIO SCHROEDER,GARRAFÃO,-20.11146,-40.83217,272,-1,0
2026,1755,57959,35,1015,EEEF PROSPERIDADE,PROSPERIDADE,-20.66416,-41.05575,871,-1,0
2026,1756,57959,35,1023,ESCOLA MUNICIPAL DE PARAÍSO,PARAÍSO,-20.74678,-40.97675,537,-1,0
2026,1757,57959,35,1031,EMEB ALZIRA GOMES,CENTRO,-20.66911,-41.00447,2090,-1,0
2026,1758,57959,35,1040,EMEB JOÃO DOMINGOS FASSARELA - CASTELINHO,CASTELINHO,-20.52013,-40.98455,1449,-1,0
2026,1759,57959,35,1058,POSTO DE SAÚDE DE POÇO DANTAS,POÇO DANTAS,-20.85782,-41.02304,481,-1,0
2026,1760,57959,35,1074,EEEF CASEMIRO COSTA - A. GIRONDA,ALTO GIRONDA,-20.71275,-41.09152,227,-1,0
2026,1761,57959,35,1090,ESCOLA DE BELÉM,BELÉM,-20.79184,-41.00202,410,-1,0
2026,1762,57959,35,1104,EMEB ANTONIO VAZZOLER - CAPIVARA,CAPIVARA,-20.59052,-41.05231,495,-1,0
2026,1763,57959,35,1112,PRÉ ESCOLA DE PEDRA BRANCA,PEDRA BRANCA,-20.69189,-41.0686,471,-1,0
2026,1764,57959,35,1120,EEEFM AGOSTINHO AGRIZZI - JACIGUÁ,JACIGUÁ,-20.70288,-41.01598,2686,-1,0
2026,1765,57959,35,1155,EEEFM PRESIDENTE LUEBKE,CENTRO,-20.67255,-41.01084,3166,-1,0
2026,1766,57959,35,1163,EMEB PEDRO MILANEZE ALTOÉ,SÃO JOSÉ DAS FRUTEIRAS,-20.60488,-41.02975,3118,-1,0
2026,1767,57975,40,1040,EEEF DOMINGOS PERIM,CENTRO,-20.3352,-41.13171,3861,-1,0
2026,1768,57975,40,1058,EEEFM FIORAVANTE CALIMAM,CENTRO,-20.32833,-41.13335,4163,-1,0
2026,1769,57975,40,1066,EEEF LIBERAL ZANDONADI,VILA BETÂNEA,-20.32386,-41.13519,3725,-1,0
2026,1770,57975,40,1074,EMEF ATÍLIO PIZZOL,SÃO JOÃO DE VIÇOSA,-20.3372,-41.18536,2794,-1,0
2026,1771,57975,40,1104,EMEIEF DE PINDOBAS,VARGEM GRANDE,-20.38916,-41.16763,1352,-1,0
2026,1772,57975,40,1139,EMEIEF ALTO CAXIXE,ALTO CAXIXE,-20.41832,-41.08307,2655,-1,0
2026,1773,57975,40,1155,APAE,BANANEIRAS,-20.32795,-41.14511,523,-1,0
2026,1774,57975,40,1163,IFES - INSTITUTO FEDERAL DO ESPÍRITO SANTO,SÃO RAFAEL,-20.32635,-41.12805,1150,-1,0
2026,1775,57991,46,1015,EEEFM PROFESSORA ANA MARIA CARLETTI QUIUQUI,CENTRO,-18.9846,-40.74026,4340,-1,0
2026,1776,57991,46,1031,EMCA FAZENDA LACERDA,ÁGUAS CLARAS,-18.84982,-40.83328,1028,-1,0
2026,1777,57991,46,1040,EMEF PADRE SÉRGIO BANZZA,CENTRO,-18.98478,-40.74186,2088,-1,0
2026,1778,57991,46,1058,CEIER - CENTRO ESTADUAL INTEGRADO DE EDUCAÇÃO RURAL,SEDE,-19.01553,-40.65441,718,-1,0
2026,1779,57991,46,1066,CMEI PROFESSORA HELENISA MOTA DO PRADO,CENTRO,-18.99034,-40.73824,405,-1,0
2026,1780,57991,46,1074,CÂMARA MUNICIPAL DE ÁGUIA BRANCA,CENTRO,-18.9817,-40.74051,334,-1,0
