pessoa,nome,nome_urna,externo
g10002,Marlene Andrelina da Silva,Marlene,False
g10032,Francisco das Chagas Sousa Filho,Professor Severino,False
g10059,Genivaldo dos Santos Brito,Genivaldo Brito,False
g10079,Abdon Ramos Silva Medeiros,Abdon Ramos,False
g10083,Cleudine Lima Ferreira,Kl,False
g1010,Francelina Alves da Silva,Francelina,False
g10103,Francisco Costa Queiroz Junior,Junior Queiroz,False
g10111,Rayllon Vinuto Ribeiro,Raylon,False
g10122,Evaldo Rodrigues da Silva,Evaldo,False
g10152,Pedro Afonso Rodrigues de Oliveira,Pedro Afonso,False
g10157,Vanessa de Araújo Monteiro,Vanessinha Monteiro,False
g10202,Bernardo Oliveira Lima,Bernardo Duda,False
g1021,Laercio Alves Pereira Mota,Laercio Mota,False
g10213,Romualdo Cordeiro de Carvalho,Romualdo do Quaresma,False
g10219,Adriano Junior Dias Rodrigues,Galego Dias,False
g10221,Isaquiel Barbosa de Moura,Isaquiel do Belar,False
g10230,Marlos Marques da Silva,Marlos Marques,False
g10241,Virginelândia Maria Leal Araújo,Landia Leal,False
g10258,José Alex Rodrigues dos Santos,José Alex Rodrigues dos Santos,False
g10270,Joana Paula da Silva Reis,Bianca,False
g10278,Francisco Wellington Pinheiro Alves,Well Lima,False
g10297,Jose Sousa Moraes,Ze Raimundo,False
g10379,Maria Helena Rodrigues Sousa,Dona Helena,False
g1044,Domitília Lopes do Monte,Domitilia,False
g10467,Antonio Fransue Alencar Leal,Fransue Leal,False
g10477,Antonio Martins dos Santos,Toin do Pt,False
g10521,Joseni Engracio de Sousa,Joseni Sousa,False
g10527,João Batista Lima de Araujo,Joãozinho da Salgada,False
g10528,Giulliano Roger Gomes de Menezes,Giulliano Saraiva,False
g10539,Francisco de Assis Pereira da Silva,Dodoxa,False
g10555,Elson Guedes Ribeiro,Elson Guedes,False
g10561,Carlos Jose Coelho Ramos,Carlin Ramos,False
g10576,Frank Lima da Silva,Frank Silva,False
g10610,Mariana Albuquerque Leite Portela,Mariana Portela,False
g10626,Edimar Brandão de Castro,Edimar Brandão,False
g10644,Paulo Diogenes Leite Dias,Diogenes Dias,False
g10650,Conceição de Maria Sousa,Conceição Agente de Saúde,False
g10651,Renato Antonio de Sousa,Renato,False
g10679,Edilene de Araújo Moura Monteiro,Edilene de Biá,False
g10682,Vanessa dos Santos Nascimento,Vanessa,False
g10684,Alcides Marreiros da Silva,Alcides Marreiro,False
g10689,Antonia Gomes da Silva,Toinha da Vila,False
g10695,Jeferson Leal Barbosa,Jeferson Leal,False
g10723,Jonas Alves dos Santos,Jonas Santos Presidente do Pt,False
g10729,Servulo Carvalho de Sousa Filho,Servulo Filho,False
g10735,Luis Gomes de Oliveira,Padre Luis,False
g10772,Jailson Ribeiro de Almeida,Jailson do Gesso,False
g1079,Francisco de Pinho Borges,Branco da Chibança,False
g10822,Maria das Dores Vidal Andrade,Maria do Posto,False
g10836,Alline Layra Barbosa Viana,Alline Layra,False
g10857,Manoel da Silva Costa,Manoel Costa,False
g10867,Edson Pereira dos Santos,Irmão Edson,False
g10911,Jessica Maria dos Santos,Jessica Santos,False
g10938,Maria Eliete Rodrigues,Irmã Maria,False
g10980,Maria Eline da Conceição Costa,Eline Costa,False
g11018,Carla Naiana de Menezes Mota,Carla Naiana,False
g11054,Paulo Osvaldo da Silva,Paulo de Valdo,False
g11082,Antonia Neura Alves de Mesquita,Neura Pinto,False
g11102,Simone Maria Pereira Leite,Simone Leite,False
g11119,Alcides Mendes de Melo,Alcides Melo,False
g1112,Osailton Lopes de Carvalho,Osailton,False
g11127,Clotilde Gomes da Silva,Nega de Dudu,False
g11133,José Omar de Moura Fé,José Omar,False
g1114,Josefa Maria de Moura e Silva,Josy da Sebastiana,False
g11181,Sanilton dos Santos Carvalho,Sanilton,False
g11183,Valéria Vitória da Silva Lima,Valéria Vitória,False
g112,Ângelo Pereira de Sousa,Ângelo Pereira,False
g11201,José Antônio de Lima,Zé Antonio do Sindicato,False
g11204,Fernanda Maria Silva,Fernanda,False
g11205,Maricélia Carvalho das Chagas Ribeiro,Mauricélia,False
g1121,Francisca Ferreira da Silva,Chiquinha do Candido,False
g11222,Francisco Pereira de Carvalho,Mamú,False
g11248,Lindomar Negreiros de Sousa,Lindomar da Emater,False
g11258,Divino Macêdo de Carvalho,Divino Macêdo,False
g11264,Antonina Maria da Silva,Nina Silva,False
g11280,Reginaldo Maciel,Reginaldo Capuxú,False
g11321,Jose Cavalcante Neto,Jose Cavalcante,False
g1135,Miguel Souza de Arruda,Miguel do Taxi,False
g11367,Jose Carvalho da Silva,Ipu,False
g1140,Francisco Pereira da Silva Filho,Filho Tiú,False
g11428,Francisco Evando Ribeiro,Padre Evando,False
g11459,Raimundo Cerqueira Fontenele,Raimundo Zezim,False
g11504,Joseane da Silva Nunes,Josy,False
g11530,Anisaldo de Sousa Rocha,Anisaldo,False
g11532,Evangelista Jose da Costa,Evangelista da Costa,False
g11533,Maria de Jesus Lima Coelho Araujo,Manga Rosa,False
g11560,Maria Rosalva de Sousa,Rosalva Silva,False
g11580,Heraldo Santos Leal,Heraldo Santos,False
g11615,Maria dos Anjos de Moura,Dos Anjos do Sindicato,False
g11631,Jorismar José da Rocha,Jorismar Rocha,False
g11662,Antonia Barbosa Carvalho de Macedo,Toinha,False
g11663,Maria do Amparo Sousa,Sula,False
g11664,Isaias Gomes Ferreira,Professor Isaias,False
g11666,Francisco das Chagas Soares de Oliveira,Chagas Abrão,False
g11685,Vilmar Lopes Marcineiro,Careca,False
g11686,Osvaldino Pereira de Sousa,Osvaldino,False
g11692,Jameson Frota de Souza,Pelezinho,False
g11706,Francisco Edilberto Leal,Edilberto Leal,False
g11735,Jesiel Ribeiro de Sousa,Jesiel Ribeiro,False
g11741,João Celestino da Rocha,João Celestino,False
g11747,Francisco Antonio de Oliveira,Branco Oliveira,False
g11772,Taiane Moura,Taiane Moura,False
g11827,Francisco de Assis Firmino Sampaio,Fortes Sampaio,False
g11835,Jessica da Silva Melão,Jessica Melão,False
g11843,Valdene Pereira da Silva,Valdene,False
g11858,Neuman Francisca da Costa Farias,Neuman Costa,False
g11876,Manoel Alexandre Leal Leite Capuchu,Alexandre Leal Capuchu,False
g1188,Antonio Clemilton da Costa e Silva,Clenilton Costa,False
g11918,Luis Francisco de Sousa,Luis Valente,False
g11972,Alfredo Francisco da Silva,Alfredo,False
g11991,Francisco Robert Mendes do Nascimento,Roberto Pé de Quiba,False
g11994,Nelyanne da Silva Bezerra,Nelyanne,False
g12000,Deusmar João da Costa,Deusmar,False
g12021,Sony Mary de Alencar Gomes da Silva,Sony Mary,False
g12023,Eliane Messias da Silva,Eliane Messias,False
g12036,Antonio Carlos dos  Santos,Solteiro,False
g12058,Liliane Alves de Brito,Liliane Brito,False
g12062,Sandra Elisa Ribeiro,Sandra Ribeiro,False
g12086,Thaís Alves de Araújo Sousa,Thaís Araújo,False
g1210,Fábio Flaviano de Sousa Vera,Fábio de Flaviano,False
g12114,Flavio Rodrigues Nogueira Junior,Flávio Júnior,False
g12192,Ricardo Missias Vieira de Moura,Ricardo Missias,False
g12194,Marcelo Soares de Araujo,Marcelo Soares,False
g12207,Maciano Pereira de Araújo Junior,Gênio,False
g12240,Aneziano Lopes de Sousa,Aneziano Sousa,False
g12256,Gilberto Pereira da Silva,Gilim,False
g12258,Francisca Clara de Sena Barros,Dra Clara Barros,False
g12259,Alessandra Gregorio Rodrigues,Alessandra Boa Vista,False
g12270,Adriana Nascimento Santos,Adriana,False
g12298,Lauro Nery de Castro,Lauro Nery,False
g12314,Elisangela Dias Coelho dos Santos,Elisangela Coelho,False
g12353,Joana de Deus Andrade Santos,Irmã Deusinha,False
g12365,Adonias José Batista,Adonias José,False
g1240,José Ribamar da Silva,Macarrão,False
g12425,José Alisson Araújo Santana,Dedé Cipaúba,False
g12438,Marcia Eloisa Gonçalves dos Santos,Márcia Gonçalves,False
g12448,José Pereira dos Santos,Pereira,False
g12454,Francisco Ilson Barbosa Carvalho,Wilson Carvalho,False
g12458,Marcelino Raimundo Gomes,Marcelino do Sindicato,False
g12462,Barbara Emanuela Aguiar Galvão,Barbara do Rodolfinho,False
g12483,Geane da Silva,Preta Curral,False
g12486,Avanete Barbosa de Sousa Coutinho,Avanete Coutinho,False
g12500,Aloisio Evangelista de Souza,Aloisio Evangelista de Sousa,False
g12516,Jose Vieira de Brito,Zezão,False
g12566,Antonio Feitosa Sousa,Tony Feitosa,False
g1257,Genis Cleidy Silva Oliveira,Genis Cleidy,False
g12574,Jose Alanilton da Rocha Araujo,Alanilton,False
g12580,Antonio Jose dos Santos,Antonio Coro,False
g12608,Franciane Silva Santos,Franciane Silva,False
g12672,Francisca Maria Lustosa de Moura,Belezinha Lustosa,False
g12684,Maria Jeane de Souza,Jeane Souza,False
g12701,Cleidione da Silva Martins,Cleidione Martins,False
g1273,Cleber Lemos de Miranda,Cleber Lemos,False
g12740,Felipe Ferreira Dias,Felipe Dias,False
g12743,Roniel Ribeiro da Silva,Roniel,False
g12793,Manoel Leal da Rocha,Né Rocha,False
g12828,Bertoldo Correia da Silva,Bertoldo,False
g12877,Danásio Alves de Sousa,Danásio,False
g12892,Wesley Barbosa da Costa,Wesley Costa,False
g12913,Edvaldo de Araujo Costa,Edvaldo,False
g12947,Suleni Benício Milanez dos Santos,Suleni Benício,False
g12973,Antonio Ximenes Jorge,Carne Assada,False
g12976,Ronei Ribeiro Lacerda,Rone,False
g13000,Wilson de Sousa Barbosa,Wilson Barbosa,False
g13011,Emanuel Victor Santos Rocha,Emanuel do Mariano,False
g13051,Aderinaldo Galdino dos Santos,Derinaldo,False
g13053,João Cardoso dos Santos,João Cardoso Ferro Velho,False
g13056,Rafael Gonçalves Rodrigues Meireles,Dr Rafael Gonçalves,False
g1308,Marcia de Souza,Marcia,False
g1311,Dayla Roanna Barbosa de Moura Brandão,Dayla,False
g13161,Conceição de Maria Lopes,Ceiça Lopes,False
g13218,Nilson Antonio Coelho de Almeida Filho,Nilsin,False
g13253,Luzimar Pereira de Azevedo,Luzimar Azevedo,False
g13267,Erika de Albuquerque Fonseca,Érika,False
g13272,Deuzilene Rodrigues de Sá Sousa,Deusinha do Povo,False
g13273,Deusa Helena da Silva,Irmã Deusa,False
g13277,Moacir Teles de Melo,Dr Moacir Melo,False
g13292,Thaila Cristina Chaves Reis,Thaila Cristina,False
g13293,Flaviano Alves Campos,Flaviano Campos,False
g1330,Jose Emiliano da Silva,Biano,False
g13319,Avlângia Alves de Alcântara Bueno,Avlangia Alcântara,False
g13323,Idalia Rodrigues de Abreu,Professora Idalia,False
g13344,Francisco Marcos Silva de Sousa Filho,Marquinhos,False
g13368,Luiz Silva Santos,Luiz Santos,False
g13381,Maria Elza Leal de Sousa,Elza,False
g1339,Constancio Pereira da Silva,Constancio,False
g13392,Luis Alberto da Silva Morais,Morais,False
g13413,Pauliana Ribeiro de Amorim,Pauliana Ribeiro,False
g13415,Velton Alves da Silva,Evelton,False
g13420,Cristovao Rodrigues de Sousa,Cristovao,False
g13429,Marcel Valente de Sá,Marcelão do Povo,False
g13477,Antonio Jose Mendes Feitosa,Antonio Jose Feitosa,False
g13515,Gabriela Oliveira Coelho da Luz,Gabriela Coelho,False
g13521,Darles da Costa Silva,Darles Costa,False
g13535,Celeste Santos Silva,Professora Celeste,False
g13585,Thiago Damasceno Guimarães,Thiago Patrol,False
g13597,Alex Silva Brito,Alex do Pt,False
g13650,Joseilton Jailson de Oliveira,Joseilton Oliveira,False
g13666,Orleí de Oliveira Sousa,Orleí,False
g13684,Ralene Lustosa Nogueira,Raleno Nogueira,False
g13688,Joaquim Raimundo Martins Rosal,Joaquinzinho,False
g13695,Antônio Isael Lopes de Sousa,Isael Lopes,False
g13701,Edio Evaristo da Silva,Edio Asaf,False
g13704,Acélia Alves Amorim,Acélia,False
g13713,Jovenilia Alves de Oliveira Monteiro,Jôve Oliveira,False
g13743,Vitalina Lacerda Rodrigues Marques,Vitalina Lacerda,False
g13760,Fabio Roberto Pessoa da Cunha,Fabio Roberto,False
g13772,Franklin Miranda Saraiva,Franklin Saraiva,False
g13775,Gilberto da Paixão Fonseca,Paixão,False
g13794,Maria Leci Mendes Frazão,Leci Frazão,False
g13801,Regina Coeli Viana de Andrade e Silva,Regina,False
g13833,Risolene Borges de Brito,Risolene Borges,False
g13839,Nilton Fonseca de Miranda,Niltão,False
g13859,Francisca Maria Santos de Araujo,Milia da Saude,False
g13862,Henrique Daniel de Moura Leal,Henrique Leal,False
g13890,Ely Sandro Vaz e Silva,Ely Sandro,False
g13894,Miguel de Meneses,Miguelzinho do Rei do Frango,False
g13900,Elisvaldo de Sousa Batista,Elisvaldo,False
g13922,Maria Gorete Viana da Costa,Professora Gorete,False
g13936,Gecimaria Santos da Silva,Gecimaria do Sindicato,False
g13944,Carlos Alberto da Silva,Carlos Alberto,False
g13981,Moacyr Carlos Rocha Neto,Moacyr Rocha,False
g13982,Wagner Dias Alves Cantanheide,Wagner do Povo,False
g13996,Paulo Bezerra de Sousa,Paulo Junior,False
g1406,Maria da Conceição Vieira de Alencar,Conceição Viera,False
g14083,Elane Maria de Sousa Feitosa,Elane do Ze Lito,False
g14095,José Alberto Pereira da Silva Monteiro Rosa,Bebeto Cantuária,False
g1414,Osmilton Ferreira de Araujo,Osmilton Araujo,False
g14177,Dorivania de Sousa Bernardo,Dorivânia,False
g14185,Márcia Betânia Lopes,Márcia,False
g14188,Josivan Nerielson de França Fialho,Pingo,False
g14197,Marcelo Bento Motta,Marcelo Bento,False
g14202,Augusto Felix da Silva Neto,Augusto Felix,False
g14218,Neilon dos Santos Carvalho,Neilon Carvalho,False
g14248,Francisco Soares da Silva Filho,Índio,False
g14271,Edmundo Pereira de Oliveira,Edmundo Oliveira,False
g14273,Antonio de Jesus da Silva,Jesus Cabiceira,False
g14285,João Pedro Carvalho dos Santos,Joao Pedro,False
g14312,Mauricio Freire de Sousa,Mauricio dos Assentamentos,False
g14328,Jakley Barbosa Hilário de Carvalho,Jakley Hilário,False
g14337,Cleonice de Sousa Ferreira,Cleonice,False
g14381,Cinobilino Alves de Sousa,Bosório,False
g14399,José Mendes de Sousa,Neto Machado,False
g14402,Gutemberg Barbosa do Nascimento,Gugu do Ze Doro,False
g14419,Maria José da Silva Alves,Mazezinha,False
g14453,Maria das Dores Fontenele Brito,Maninha Fontenele,False
g14507,Maria da Cruz Evangelista Barbosa Lima,Da Cruz da Funerária,False
g14517,João Victor de Carvalho Sá,João Victor,False
g14526,Leonardo Nogueira Pereira,Leonardo Nogueira,False
g14537,Romilson Viana dos Santos,Romilson Viana,False
g14549,Aldemar da Silva Carmo Neto,Aldemar Neto,False
g14564,Maria Gerlany Santos Oliveira,Gerlany Oliveira,False
g1458,José Marques de Sousa,Zé Marques,False
g14581,Teresa Maria de Araujo,Teresa Maria,False
g14596,José Gomes Marques,Zé Gomes,False
g14626,Robson Guerra Gama,Robson Guerra,False
g14635,Mário Paiva Amorim Campos,Mário Paiva,False
g14646,Lidearia Rangelly Rodrigues Dias,Lidearia Rodrigues,False
g1465,Domingos Savis de Macêdo,Domingos Macêdo,False
g14665,Maria Aurilene Lourenço da Silva,Maria Aurilene Lourenço da Sil,False
g14676,José Salmo Amorim de Carvalho,Zé Salmo,False
g1469,Vicente de Paula Oliveira Silva,Vicente Silva da Rádio,False
g14690,Francisco Wellington Gonçalves Dantas,Wellington Dantas,False
g14704,Elizangela Rodrigues dos Santos,Elizangela do Aprijo,False
g14709,Jose Juvaldi Feitosa,Didi,False
g1472,Jessica Rauline Carvalho da Silva,Jessica Rauline,False
g14726,Arinaldo Ribeiro da Silva,Naldo do Doutor,False
g14741,Suzana Lopes da Silva,Suzana Lopes,False
g14747,Gaspar Gomes de Sá,Gaspar do Félix,False
g14748,Benedito Cesar Nogueira,Bene Cesar,False
g14778,Ananias Bandeira da Silva,Ananias Bandeira,False
g14839,Claudiana Pereira da Silva Santos,Claudiana Pereira,False
g14845,Willhelm Barbosa Lima,Neguim Barbosa,False
g14863,Cristiane Bezerra Dantas,Cristiane Bezerra,False
g14901,Wayne Dias Paes,Wayne Dias,False
g14903,Edilberto dos Santos Bezerra,Edilberto,False
g14960,Herbert Alencar de Almeida,Careca,False
g14962,Maria Wilma Bispo da Silva,Professora Wilma,False
g15007,Claudiana Ramos Cardoso,Claudiana Ramos,False
g15025,Ivonete Gonçalves da Silva,Ivonete,False
g15036,Diego Santana Leal,Diego Leal,False
g15060,José Augusto Neto da Silva,Diló,False
g15061,Francisco das Chagas dos Santos Filho,Filho do Prado,False
g15066,Maria Zélia Mendes Ribeiro da Silva,Zélia Mendes,False
g15097,Dion da Silva,Dion da Doblô,False
g15130,Tânia Maria Silva do Nascimento Soares,Marta Silva,False
g15157,Jaian Garcias dos Santos Brito,Jaian Brito,False
g15158,Milena Pereira Martins,Milena Martins,False
g15169,Francisco de Assis Costa Junior,Junior do Assis,False
g15191,Raimundo Pereira Neto,Pereira Neto,False
g15207,Romulo Gonçalves de Sousa,Romulo Gonçalves,False
g15227,Joel Nilton do Nascimento Batista,Joel Nilton,False
g15232,Fabio Meneses Rebelo,Fabio Meneses,False
g15270,Joao Ricardo da Silva Moura Junior,Ricardo Moura,False
g15274,Claudia Maria de Brito,Claudia Brito,False
g15302,Maria da Cruz de Morais Silva,Maria da Cruz,False
g15304,Autemar da Silva Brito,Autemar Brito,False
g15358,Raimundo Fortes de Cerqueira Neto,Cerqueira Neto,False
g15364,Josafa de Lima Oliveira,Josafá Marques,False
g15376,Leôndidas Freire Silva Júnior,Leondidas Júnior,False
g15377,Maria do Socorro Silva e Sousa Andrade,Socorro Copada,False
g15393,Matheus Alves de Brito,Matheus Brito,False
g1540,Cassio César de Sousa Vieira,Cássio César,False
g15410,Janainna Pinto Marques Tavares,Janainna Marques,False
g15423,Raimunda da Costa Felix,Raimunda Felix,False
g15442,Brenno Felipe de Carvalho Cavalcante,Brenno,False
g15446,Jose de Brito Almeida,Zé Cícero,False
g15451,Luís Fernando da Silva Bezerra,Luis Fernando Barros,False
g15461,Gilmar Martins de Araujo,Gilmar Araujo,False
g15471,Humberto Lopes dos Santos,Humberto Lopes,False
g15496,Josivaldo Alves de Jesus,Vadim,False
g15501,Amilton Onofre de Santana,Amilton Onofre,False
g15511,Maria de Jesus do Rosário da Silva,Jesus,False
g15534,Edson Orfilho da Costa Pereira,Bicudo,False
g15571,Máximo José de Sampaio Medeiros,Máximo José,False
g1558,Isaulina Francisca Ramos Sousa,Dadá,False
g15601,Nayara Juliana Ribeiro da Costa,Nayara Costa,False
g15602,Francisco José de Moura Sá Fortes,Chiquinho do Sindicato,False
g15628,Cochise Ferreira da Silva,Cochise,False
g15633,Raimundo Nonato dos Santos Lima,Rai Santos,False
g15658,Maria José Assis de Oliveira,Maria do Helio,False
g15663,Maria Isabel da Silva Feitosa,Belita Feitosa,False
g15673,Saulo Vinicius Rodrigues Saturnino,Saulo Trajano,False
g15677,Jose de Anchieta Sousa,Anchieta Honorio,False
g15687,Silvanir Maria de Moura Teixeira,Silvanir Moura,False
g15699,Ana Amelia da Silva,Professora Ana Amelia,False
g15725,Francisco de Assis de Oliveira Costa,Dr. Francisco,False
g15758,Deluanny Dias dos Santos Soares,Deluanny,False
g15790,Caitana Inacia de Oliveira,Caitana Oliveira,False
g15803,Maria de Lourdes Sousa,Lulu,False
g15817,Alvino Pedro de Magalhães,Alvino Pedro,False
g15825,Dowglas Barboza Carvalho Leonardo,Dowglas Leonardo,False
g15827,Claudia Regina Pimenta de Castro,Claudia,False
g15845,Firmino Soares Paulo,Firmino Paulo,False
g15846,José Nilson da Silva,Bigode,False
g15865,Lurdiane Guimarães Silva Rocha,Lurdiane Guimarães,False
g1588,Gerson Luiz de Negreiros Passos,Gerson Negreiros,False
g15885,Josimar de Sousa Coqueiro,Josimar Coqueiro,False
g15890,Larisse Lopes Coelho,Larisse,False
g15894,José Gonçalves de Moura,Neném Moura,False
g15920,Carlos Alberto Amorim de Sousa Andrade,Carlos Alberto,False
g15929,Antonia Lucia Araujo Barradas Braga,Irmã Toinha,False
g15932,Erica Martins da Silva,Erica Martins,False
g15935,Elzuila Alves Calisto,Elzuila Calisto,False
g15949,Maria Francisca Rodrigues da Silva,Francisca Rodrigues,False
g15968,Patrícia Soares Sampaio,Patrícia Soares,False
g15974,Marcus Vinicius Malheiros Kalume,Dr. Marcus Kalume,False
g15986,Valdinar da Silva Lima,Dinar,False
g15988,Patricia Lima Souza,Patrícia Lima,False
g15992,Ivanilde Barbosa da Silva,Ivanilde Silva,False
g15998,Francisco Daniel de Araujo,Daniel Araujo,False
g16004,Francisco de Assis Ferreira Ferro,Chiquinho do Povo,False
g16014,Osmar de Sousa Sales,Seu Osmar,False
g16019,Jose Carlos Gonçalves Teodoro,Professor Carlinhos,False
g16023,Paulo Cezar de Sousa Martins,Paulo Martins,False
g1603,Jailson de Souza Galeno,Jailson,False
g16043,Marcos Onofre Araújo Rodrigues,Marcos Onofre,False
g16047,Francisco Epaminondas dos Santos Albuquerque,Epaminondas Albuquerque,False
g16051,Jose Americo da Mata Sousa,Zé Americo,False
g16052,João Batista Rodrigues dos Santos,Professor Batista,False
g16075,Ana Claudia Pereira Gomes,Ana Claudia,False
g16076,Neidimar Guerra Nunes,Neykam,False
g16085,Evando Gonçalves Morais,Evando Morais,False
g16114,Alexsandra Benvindo dos Santos,Professora Alexsandra Benvindo,False
g1614,Edmar Bartolomeu da Silva,Edmar Bartolomeu,False
g16158,Flavio Rodrigues Nogueira,Flávio Nogueira,False
g16200,José Ferreira Rodrigues,Silva do Alegre,False
g16249,Joyciane dos Santos Rodrigues,Joyce Nossa Esperança,False
g1625,Selma Pereira de Andrade,Selma Andrade,False
g16266,Pedro Vieira da Silva,Pedro de Alfredo,False
g16277,Jurandir Martins Nunes,Jurandir Martins,False
g16318,Ivonete Alves Loiola,Ivonete Loiola,False
g16323,Suzana Pereira de Sousa Rodrigues,Suzana do Régis,False
g16328,Ademir do Nascimento Sousa,Ademir Nascimento,False
g16345,Izonária da Conceição Barros Silva,Izonária Barros,False
g16348,Francisco das Chagas Rodrigues da Silva,Francisco Rodrigues,False
g16354,Cristiano Miranda de Araújo,Dr Cristiano Miranda,False
g16397,Julimar Rodrigues de Miranda Junior,Junior do Julimar,False
g16416,Eliane da Silva Moura,Eliane Moura,False
g16422,Maria Vilma Paes Landim Ribeiro Soares,Maria Vilma,False
g16447,Maria Aparecida Rodrigues Sousa Santos,Aparecida Rodrigues,False
g16460,Vilmar Leite,Vilmar Leite,False
g16463,Paulo Lucemberg de Alencar,Lucemberg  Alencar,False
g16469,Jarina Oliveira de Sousa,Jarina,False
g16488,Francisco Elvis Ramos Vieira,Elvis Ramos,False
g16492,Maria Caroline de Sousa Alves,Caroline Alves,False
g16498,Maria Oneide Ferreira Mendes,Oneide,False
g16528,Edisaldo Carvalho da Rocha,Edisaldo,False
g1655,Jonilsom Alves Pereira,Professor Jonilsom,False
g16576,Dalenir Lustosa de Oliveira,Dalenir,False
g16585,Moises de Sena Perci Neto,Moises Perci,False
g16590,José Carlos Gomes de Melo,J Melo,False
g16623,Natalia Maria Santos Lima,Natalia Lima,False
g16690,Carlos Leandro Almeida Lopes Bezerra,Leandro Almeida,False
g16700,Antonia Vania Martins Moreira,Vania Martins,False
g16709,Maria Aparecida de Amorim Dias,Aparecida Amorim,False
g16710,Maria Concebida Pereira da Costa,Concebida Maia,False
g16713,Carlos Eduardo Malheiros Kalume,Carlos Eduardo,False
g16714,Jocasta Silva Nascimento Albuquerque,Jocasta,False
g16732,Maria Carmen Feitosa Benvindo,Carmen Benvindo,False
g16737,Carla Maria Pinheiro dos Santos,Carla do Pt,False
g16748,Cecília Jovilita da Silva Sousa,Cecília Sousa,False
g16756,João Pedro Cardoso,João Pedro,False
g1676,Jose Pereira da Silva,Neto do Leônidas,False
g1678,Maria dos Remédios da Conceição,Remédios Carrim,False
g16783,Luis Pedro Paulino da Silva,Luis Pedro,False
g16784,Paulo Gilmar Pires de Carvalho,Paulo Pires,False
g16800,Fabiano Araujo de Moura,Dr Fabiano Araujo,False
g16838,Francilandio da Silva Carvalho,Cilandio,False
g16876,Zilmar Pereira Bezerra,Zilmar da Ponte,False
g1691,Lucio Pereira de Sousa,Lucio Sousa,False
g16920,Wilson Ribeiro de Figueiredo Filho,Wilsinho da Belta,False
g16926,José Ribamar de Sousa,Zé Germano,False
g16928,Manoel Paulino de Aguiar,Manoel Paulino,False
g16936,Jose Mardone Ricardo,Mardone Ricardo,False
g16982,Antonia Cruz Gomes de Araújo,Antonia Gomes,False
g1704,Elane da Conceição Ribeiro,Bea do Zé Arteiro,False
g17107,Maria das Mêrces Rocha,Mercês de Elísio,False
g17121,Raimundo Osorio de Mesquita,Mundoco,False
g17137,Nádia Barbosa de Alencar dos Reis,Nádia Alencar,False
g17171,Francimar Tome da Silva,Mazinho do Pt,False
g17184,Francisco Assunção de Jesus Júnior,Assunção Junior,False
g17191,Antonio Veras Mota,Antonio Veras,False
g1720,Paulo Sergio Lopes Brauna,Paulo Brauna,False
g1722,José Arimatéia Carvalho Junior,Arimatéia Júnior,False
g17241,Manoel Cleiton Costa Pereira,Manoel Cleiton,False
g17287,Lucinelves Alves da Silva,Eva Alves,False
g17293,Aroldo Ribeiro Soares,Aroldo Ribeiro,False
g17310,João Mateus Rodrigues de Sousa Santos,João Mateus,False
g17325,Diogo Rodrigues Leonidas,Dr. Diogo,False
g17358,Carlos Luis Teles Coutinho Junior,Junior Coutinho,False
g17361,Nilda Pereira Marques de Novais Silva,Nilda Novais,False
g17392,Belauto Moreira Torres,Belauto Bigode,False
g17395,Luciano Barreto de Carvalho Filho,Luciano,False
g17417,Jorge Geovane Rodrigues Dias,Geovane Dias,False
g17438,Maria da Cruz dos Santos,Cruz da Bia,False
g17441,José Luiz de Azevedo Neto,Neto Moreira,False
g1745,Huiara de Andrade Lessa,Huiara Lessa,False
g17468,Raquel Maria de Sousa,Raquel,False
g17482,José Rubens Oliveira Neris,Professor Zé Rubens,False
g17488,Francisco Alexandre dos Santos Lima,Alexandre Lima,False
g17491,Abdoral Melo da Silva,Abdoral Melo,False
g17507,John Kennedy Moreira Silva,John Kennedy,False
g17520,Josieldo Tavares de Sousa,Josieldo O Bem do Sindicato,False
g17526,Wodson Gian Silva Vieira,Wodson Vieira,False
g1754,Francisco Isalberto de Sousa Lima,Isal da Chapada,False
g17574,Daniel de Castro Santos,Daniel Castro,False
g17584,José de Ribamar Carvalho,Professor Ribinha,False
g17607,Pedro de Alencar Martins Freitas,Pedro Freitas,False
g17618,Lourival Felipe Sales Silva,Lourival Sales,False
g17686,Raquel de Medeiros Sousa,Raquel Sousa,False
g17691,Reginaldo dos Santos Carvalho,Reginaldo,False
g17703,Antônio Alves dos Santos,Antônio Madalena,False
g17711,Eliana Maria Bezerra de Sá,Dr Eliana Bezerra,False
g17742,Silvana dos Santos Rocha,Silvana Rocha,False
g17745,Francisco de Assis da Silva Melo,Assis Mâozinha,False
g17751,Elizangela do Nascimento Pereira,Sgt Elizangela,False
g17756,Judite Maria da Silva,Professora Judite,False
g17770,Ilson de Lacerda Costa,Ilson do Assentamento,False
g17771,Vanessa de Sousa Lemos,Vanessa,False
g17773,Davi Monteiro dos Santos,Davi de Paulo da Serraria,False
g17788,Balbino Francisco da Silva,Dino,False
g17792,Ana Alzira Barroso Rodrigues,Ana Alzira Barroso,False
g178,Cícero Rodrigues Lima Júnior,Cícero Branco Júnior,False
g17803,Vitoria Regia Freitas Rego,Vitoria Regia,False
g17876,Francisco da Costa Araujo Filho,Araujinho,False
g17879,Regina Alencar de Carvalho,Regina  Alencar,False
g17888,Francisco Ribeiro Rodrigues,Chico de Artur Passos,False
g17930,Jose Pereira de Araujo Neto,Professor Zé Pereira,False
g17944,Valdirene dos Santos,Valdirene,False
g17953,Maria Narcisa de Sousa,Maria de Benoní,False
g17971,Roberto de Carvalho Figueiredo,Mamô,False
g17972,Edmilson Memoria Uchôa,Edmilson,False
g17993,Leandro Duarte,Leandro Duarte,False
g18023,Sebastiana Pereira Rodrigues Alves,Professora Tiana,False
g1808,Alcides Cândido da Silva,Ondinha,False
g18101,Valdirene Paulina de Sousa,Valdirene de Paulina,False
g18118,Alan Carlos Bruno da Costa,Alan Bruno,False
g1814,Evaldo Gomes da Silva,Evaldo Gomes,False
g18143,Raimundo Renas Alves Vieira,Renas,False
g18152,Adenilton da Silva Torres,Adenilton Torres,False
g18166,Edvaldo Borges de Sousa,Edvaldo Borges,False
g18179,João Bosco Noronha Mota,João Noronha,False
g18193,Josué da Silva Soares Filho,Jota,False
g18235,Edivan Costa Oliveira,Edivan Costa,False
g18253,Jônatas Pereira dos Santos,Jhow da J   F,False
g18279,Lenilda de Castro Silva Miranda,Lenilda do Raimundo do Nego,False
g18281,Yara Lopes Oliveira,Yara Lopes,False
g18306,Mizarleia Aparecida de Lima Almeida,Mizarleia,False
g18377,Francisco Alves da Silva,Francisco Alves,False
g18388,Natanael Porfírio da Costa,Natanael Grotta,False
g18390,Wilson das Chagas Silva,Wilson Silva,False
g18410,Celia Maria da Silva Carvalho,Celinha,False
g18415,Flabiano Rocha dos Reis,Fabiano,False
g18426,Valdenor José Evangelista,Denô de Zé Nacim,False
g18433,Hyago Rodrigues de Sepúlvida dos Santos Silva,Hyago Sepúlvida,False
g18437,Valmir Miranda dos Santos,Valmir do Nego,False
g18456,Sebastião Ferreira da Silva,Irmão Tião,False
g18459,Evani de Sousa Rosa,Evani,False
g18472,Maria Zoiamaria de Lima,Zoiamaria,False
g18482,Marcos Antônio Alves da Silva,Marcos Alegre,False
g18534,Jesualdo Leal Silva,Dr Jesualdo Leal,False
g1854,Leonardo Fialho Machado Nogueira,Leo do Pt,False
g18550,Antonio Valdiner da Silva,Valdiner Silva,False
g18557,Pedro Nilton Rodrigues dos Anjos,Pedro Paquetá,False
g18565,Renato Vieira Miranda,Renato Miranda,False
g18622,José Domingos Alves de Macêdo,Zé Domingos,False
g18656,Jones Garret Lima dos Santos,Jones Garret,False
g18755,Antonio Alves Cardoso,Cardoso,False
g18766,José Oneide Araújo,Sansão,False
g18795,Juniel Cardoso de Melo Pinheiro,Juniel Pinheiro,False
g1880,Luis Holanda de Carvalho,Luisão,False
g18805,Jesi Lobato de Araujo,Jesi Lobato,False
g18831,José Ferreira da Silva Filho,Júnior Falconni,False
g18832,Raimundo Nonato Fontenele Cardoso,Nonatinho do Sindicato,False
g18904,Luiz José da Silva,Luizinho de Adail,False
g18917,Maria do Rosario da Silva,Rosario Silva,False
g18945,Andreina de Brito Barroso Sousa,Andreina Brito,False
g18947,Murilo Bandeira da Silva,Professor Murilo Bandeira,False
g18957,Raimundo Nonato Pereira dos Santos,Nonatinho,False
g18961,Lina Goncalves da Silva,Lina do Sindicato,False
g18971,Maria Luiza Mendes da Silva,Luiza do Cajú,False
g18972,Francineto Madeira de Sousa,Cineto Madeira,False
g18974,Ângela Victor Rosado,Ângela,False
g19054,Maria Gircelia Oliveira de Sousa,Gircelia,False
g19064,Possidonio Cesario da Rocha,Possim Rocha,False
g19067,Naggai Alves de Sousa Sobrinho,Naggai Sobrinho,False
g19088,Luziran de Souza Lisboa,Mãe Nena/ Luziran,False
g19091,Irisam Gonçalves de Araujo,Irisam Araújo,False
g19096,José de Arimatea Pereira da Costa,Zé do Carrapo,False
g19099,Carla Maria de Sousa Brito Santos,Dra. Carla Santos,False
g19138,Marcos Reis Felinto,Marcos Felinto,False
g19162,André Gustavo Diniz de Sousa,André Diniz,False
g19167,Germano Rodrigues da Paz,Leleu,False
g19197,Iran Carvalho Silva,Iran do Mutirão,False
g19214,Lourival Rodrigues da Silva,Louro Rodrigues,False
g19224,Elizomar Pereira Rocha,Elizomar,False
g19228,Dilia Savia de Sousa Falcão,Dilia Falcão,False
g19231,Barnabé Machado da Silva,Betinha,False
g19239,Luzivânia Rodrigues de Sousa,Luzivânia Rodrigues,False
g1926,Carlos Orlando Alencar,Sino Alencar,False
g19298,Maria do Socorro Machado de Sousa,Socorro Machado,False
g19306,Rosileide Antonia Sobrinho,Rosileide do Carlinho,False
g1932,Maria Edilza Carvalho Rocha,Edilza Carvalho,False
g19334,Cristina Maria Alves Leite,Cristina do Aldenor,False
g19338,Eleuza Dias da Silva,Eleuza Dias,False
g1936,José Carvalho Costa,Zé do Abílio,False
g19364,Taisa Pereira de Brito,Thaís Brito,False
g19373,Francimar de Brito Cardoso,Francimar do Caboclo Sinhá,False
g19409,Francisca Ferreira de Sousa,Chiquinha Gama,False
g1942,Sergio Roberto de Lima Costa,Sérgio,False
g19420,Maria de Jesus Oliveira,Maria dos Correios,False
g19426,Eronilde de Oliveira Almeida,Eronildes do Sindicato,False
g19446,João Paulo de Araújo Viana,Prof. João Paulo Viana,False
g19454,Francisca Antonia de Sousa Fortes,Toinha,False
g19459,Fabrício da Silva Rodrigues,Professor Fabricio,False
g19464,Silvestre Ribeiro da Costa Filho,Professor Silvestre,False
g19479,Vanessa Helena Amorim Neves Reis,Vanessa Reis,False
g19480,Luis Alves Gonzaga,Luisão,False
g19486,Vanderley de Assis Alves,Vanderley,False
g19523,Jose Maria das Neves Portela,Zé Neves,False
g19524,Candida da Conceição,Candida,False
g19525,Carla Adriana Gonçalves Feitosa,Carla Adriana,False
g19531,Gonçalo dos Santos,Gonçalo Firmino,False
g19542,Marcelo Ribeiro dos Santos,Marcelo Ribeiro,False
g19551,Orlando Araujo Nunes,Dida do Barrocão,False
g19564,Jildeno Campos Silva,Jildeno Campos,False
g19570,Domingos Candido da Silva,Domingos Cordeiro,False
g19595,Wagner de Carvalho Reis,Wagner do Braulino,False
g19604,Cassia Marques de Lima Silva,Cassinha do Diano,False
g19618,Veloso Silva da Trindade,Veloso,False
g19649,Morais de Sousa Siqueira,Morais Siqueira,False
g19664,Wanderley Gomes Pereira,Wando Gomes,False
g19738,Claudemir Ribeiro Assis,Claudemir Assis,False
g19740,Clodoaldo de Moura Rocha,Dr Clodoaldo,False
g19744,Joaquim José da Costa Filho,Neto do Azul da Serra,False
g19774,Carlos da Fonseca Mota,Carlos Mota,False
g19804,Francisco Paulo da Silva,Chico Paulo,False
g19824,Ruben Alef de Morais,Rubens Alef,False
g19840,Francisco Coutinho Teixeira,Didi Coutinho,False
g19858,Jailson Santos Martins,Jailson Porteiras,False
g19864,Wallace Ramon Café e Silva,Dr Ramon,False
g1988,Icaro Gonçalves Dantas,Icaro Dantas,False
g19895,Zina Valentim de Alencar,Tia Zina,False
g19925,Juliana Nascimento Ramos,Juliana Ramos,False
g19939,Josiane Andrade Leal,Josiane Andrade,False
g19986,Francisco Elton da Silva Santos,Elton Vocalista,False
g19995,Raimunda Costa dos Santos,Raimunda do Artur,False
g20004,Ronoaldo Ribeiro dos Santos,Ronoaldo,False
g20034,Antonio Gomes de Lima,Antonio Jacú,False
g20036,Celso Norberto de Sousa,Celsinho,False
g20046,Rosa Maria Alves dos Santos Dantas,Rosa dos Mourões,False
g2006,Esdras Carvalho,Esdrinhas Carvalho,False
g20072,Irismária Evangelista Gustavo,Irismaria Evangeslista,False
g20088,João Rômulo Ferreira Batista,Rômulo do Valter,False
g20093,Raniere Nascimento Costa,Raniere Costa,False
g20120,Antonia Mendes,Toinha Mendes,False
g20126,José Francisco Pereira de Sousa,Professor Zé Francisco,False
g20148,José Humberto Morais Praça,Zé Humberto,False
g20150,Antonio de Freitas Barbosa Filho,Antonio de Freitas Pila,False
g20154,Laélcio Nunes Costa,Laélcio Nunes,False
g20158,Isabel Mariana Ferreira da Silva,Beel da Silva,False
g20164,Francisco Diego Alves Feitosa,Diego Feitosa,False
g20207,Manoel Pereira da Costa,Manoel Roseno,False
g20209,Maria Lopes,Maria Lopes,False
g20239,Agostinho Raimundo da Silva,Agostinho,False
g20252,Jose Soares de Abreu Júnior,Junior Abreu,False
g20265,Gilliard Soares da Costa,Gilliard do Valdir,False
g20276,Francisco Carlos da Mota,Chico do Sindicato,False
g20280,Cintia Gonçalves Cardoso,Cintia,False
g2034,Francisco Freire de Sousa,Guedê,False
g20341,Jossânia dos Santos Sousa Monção,Jossânia Monção,False
g20389,Marcos Antônio dos Santos Sousa,Marcos Josias,False
g20426,Jeferson Walison de Sousa Santos,Jeferson da Farmácia,False
g20430,Maria de Jesus Carvalho Sampaio,Professora Jesus,False
g20436,Ferdinan dos Santos Carvalho,Ferdinan Carvalho,False
g20455,Nicolly Feitosa Santos,Nicolly Santos,False
g20460,Danilo Santos Araújo,Danilo Santos,False
g20466,Carmelita Bibiana da Gama Sousa,Carmelita,False
g20473,Clara das Dores Brandão Silva Neiva,Clara Brandão,False
g20475,Francisco Amorim Neto,Neto Bocoió,False
g20484,Nisete da Costa e Silva,Nisete,False
g20495,Jucivane de Araújo Sousa,Jc Araújo,False
g20512,Valdomir da Silva Costa Filho,Valdomir Filho,False
g20515,Antônio Lira de Sena Rosa,Notonho,False
g20540,Nicodemos Galeno de Sousa,Nick Sousa,False
g20548,Francisca da Penha Rocha,Prof Penha Rocha,False
g20588,Fábio Ribeiro Rodrigues,Irmão Fabin,False
g20595,Teresinha de Jesus Sousa,Teresinha Sousa,False
g20622,Rone Peteson de Lima,Rone Peteson,False
g20635,Francineuma da Silva Sousa,Pequena do São Francisco,False
g20643,Cicero Cordeiro de Sousa Filho,Cordeiro,False
g20662,Valdenia Maria de Almeida Miranda Constancio,Professora Valdenia,False
g20664,Maria Senhora Soares Feitosa,Maria Senhora,False
g20680,Ediusa de Sousa Santos,Ediusa de Constâncio,False
g20687,Claudio Roberto Gomes de Siqueira,Cláudio Segurança,False
g20723,Mauro Eduardo Cardoso e Silva,Mauro Eduardo,False
g20745,Paulo Cesár Cortez Vieira,Paulo Cortez,False
g20751,Joiciane Gonçalves Oliveira,Joice Gonçalves,False
g20752,Aldeci dos Santos Azevedo,Aldeci Magazon,False
g20768,Chrystian Rangel de Lima Oliveira,Chrystian de Didé,False
g20770,Manoel Cesario da Cunha Ferreira Barbosa,Professor Cesinha,False
g20814,Ambrosina de Lima,Ambrosina de Erasmo,False
g20825,Francisco Neto de Carvalho Alencar,Chico Neto,False
g20830,Celso Antônio Mendes Coimbra,Dr Celso Antônio,False
g20893,Edvania de Sousa Pires Rodrigues,Pretinha,False
g20900,Erismar Pereira de Carvalho,Erismar,False
g20924,Marcos Francisco Lima,Marcos do Xixico,False
g20931,Gesciano Pereira de Moura,Gesciano Porfírio,False
g20944,Kaio Jose Ferreira da Silva,Kaio Ferreira,False
g20949,Marili Alves Freire,Preta Freire,False
g20960,Juciel Santos Irineu,Juciel Irineu,False
g20961,Jailson Carmo dos Santos,Irmão Jailson,False
g20966,Maria Salomé Batista dos Santos,Beta do Povo,False
g2098,Francisco de Sousa,Sousa do Sintraf,False
g20981,José Rodrigues dos Santos Neto,Zé Neto,False
g21005,Luiz Rodrigues Araújo Filho,Fio,False
g21010,Cicero Ari de Sousa,Cicero Militão,False
g21011,Marcos William Ferreira Costa,Willian de Nilo,False
g21019,Ramalho Leal de Aguiar,Ramalho Aguiar,False
g21040,Leonardo Pereira Neris da Silva,Leonardo Neris,False
g21055,Maria da Guia Lacerda Borges,Da Guia Lacerda,False
g21069,Luís Ferreira dos Santos,Luis da Bíla,False
g21077,Eliésio Elisio dos Reis,Eliésio  Reis,False
g21081,Milena Sousa Brandao,Milena Brandao,False
g21101,Maria Rita Veras Diniz,Maria Rita,False
g21109,Maria José Alves do Nascimento,Nêga Mazé,False
g21120,Francisco Procedomio da Silva,Pato Procedomio,False
g21130,Gustavo Ferreira Oliveira,Gustavo Oliveira,False
g2117,Rosangela Maria de Carvalho,Prof Dra Rosangela Carvalho,False
g21175,Renato Fontenele da Silva,Renato Construções,False
g21182,Eliane Alexandre do Lago,Pimbinha,False
g21204,Henrique Manoel do Nascimento Junior,Henrique Junior,False
g21205,Reginaldo Soares Silva,Reginaldo Faveira,False
g21228,Valdecira Pires do Nascimento,Decira,False
g21229,Silvana Maria Ferreira de Carvalho,Silvana,False
g21234,Maria do Livramento Costa de Sousa,Menta,False
g2125,Luziane Pereira do Nascimento Lima,Luziane Lima,False
g21260,Francisco Luiz Dias da Silva,Chico Badé,False
g21271,Genival Alencar Melo,Jajau,False
g21325,Francielton de Lima Siqueira,Francin  Vaqueiro,False
g21335,Antônio Tiago Leal,Antônio Tiago,False
g21342,Manoel Martins de Moura,Manoel Laborão,False
g21384,Cristiano Crispim de Brito,Cristiano Produções,False
g21390,Alderico Gomes Tavares,Dr. Alderico,False
g21414,Maria Ilka Leila da Silva,Maria Ilka Leila da Silva,False
g21418,Luana Vieira Rosal,Luana D Lu,False
g21436,Antonio Eliel Ribeiro Monteiro,Eliel Ribeiro,False
g21441,Joaquim Silvio Caldas Filho,Joaquim do Arroz,False
g21446,Erislandia Leal Pereira,Erislandia Leal,False
g21461,Vitor Neto da Costa,Vitim da Tenda,False
g21464,Antônia de Farias Pereira,Neta do Sindicato,False
g21483,Morgana Maria Aguiar Marques,Morgana,False
g21514,José Ricardo do Nascimento Paz,Neguim do Catorra,False
g21518,Gracilene Rodrigues Soares,Leninha Soares,False
g2154,Rumão da Cruz Rocha,Rumão Rocha,False
g21548,Gilmara de Castro Santos,Gilmara,False
g21583,Luzinaldo dos Santos Soares,Luzinaldo Soares,False
g21593,Francisco de Assis Galvão Moura,Chico Moura,False
g21614,Isaias Martins Vieira,Isaias Martins,False
g21620,João de Andrade Filho,João Filho Andrade,False
g21626,Natan Alves Rosal,Dr Natan,False
g21678,Douglas da Silva Ribeiro,Douglas Ribeiro,False
g21685,Onélio de Carvalho Lopes,Onélio,False
g21712,Helton Joaquim Pacheco,Helton Pacheco,False
g21735,Natalia da Silva Brito,Natalia Brito,False
g21738,Edmilson Souza Mota,Bazuca,False
g21742,Lidia Ana Coelho Cavalcante,Lidia de Zé Idílio,False
g2176,Cláudio de Sousa e Silva,Cláudio Alexandre,False
g21767,Adalgisa Gomes de Sousa Silva,Adalgisa Silva,False
g21771,Maria dos Remedios Costa,Remedios Pedro,False
g21776,Carlos Alexandre Silva,Alexandre Madri,False
g21795,Heudes Cardoso Nogueira Leal,Heudes Cardoso,False
g21799,Raimundo Vale Moreno de Sousa,Raimundo Danduce,False
g21802,Maria Ribeiro de Souza,Mariquinha,False
g21829,Marizon Pereira Alves,Pastor Marizon,False
g21843,Osmar de Sousa Vieira,Osmar Vieira,False
g21875,Francisco Alves do Nascimento,Neném Calçados,False
g21918,Jonas Borges dos Reis,Jonas Calçados,False
g21953,Rita Vieira de Sousa Dantas,Rita de Cuta,False
g21962,Maria Anilda de Sousa Martins,Anilda Martins,False
g21976,José de Sousa Lustosa,Dudé,False
g21993,Filemom de Sousa Sampaio,Filemom,False
g22047,Antonio Mendes da Cunha,Santo Neto,False
g22072,Rogério dos Santos Fernandes,Rogério Fernandes,False
g22074,Raimundo Romário de Sousa Nóbrega,Romério Padre,False
g22076,Elizabeth Pereira Dias,Betinha,False
g2208,Mamede Quaresma de Carvalho,Mamede O Serrinha,False
g22105,Marcos Milton Soares Lustosa de Araujo,Marcos Milton,False
g22116,Antonia Isa de Oliveira Castelo Branco Nunes,Toisa,False
g22133,Antonia Soares de Sousa Ribeiro,Toinha,False
g22198,José Castelo Branco Filho,Professor Castelo,False
g22211,Ademar Francisco de Sousa,Ademar,False
g22232,Rogério Amaral Vilanova,Rogério,False
g22240,Rondinelly Rodrigues de Carvalho,Rondinelly,False
g22294,José Francisco Marques Filho,Filho Marques,False
g22329,Francisco Fantana Soares da Silva,Fantana,False
g22359,Leide Laura da Silva Souza Costa,Leide Laura,False
g22378,Camila Barbosa Sousa Oliveira,Camila Barbosa,False
g22419,Haroldo Borges de Sousa,Haroldo Borges,False
g22420,Luciano Ribeiro da Silva,Luciano do Pedro Bele,False
g22424,Wellington Fabrício dos Santos Siqueira,Wellington Sirqueira,False
g22431,Renata de Sousa Araujo Rocha,Renata Araujo,False
g22469,Monica Angelica dos Anjos,Monica,False
g22471,Marquisan de Jesus Leite,Prof Marquisan Leite,False
g22482,Adolpho Amaral Magalhães,Adolfo Magalhães,False
g2252,Elias Laurentino de Carvalho,Elias Laurentino,False
g22524,Francisco Wilson Amaral Aguiar Junior,Junior Aguiar,False
g22556,Maria José da Costa,Maria Kazé,False
g22558,Eurismar da Cruz de Brito,Mazinha Brito,False
g22635,Genivaldo Cortez de Sousa,Escovinha,False
g2266,Francisco Ancelmo Lima Coutinho,Celmim Coutinho,False
g22676,Adriana de Sousa Santos,Adriana do Coco,False
g22680,Valdenora da Silva Oliveira,Loura,False
g22695,Balduino Marques de Moura,Badu,False
g22724,Ana Marta Cavalcante Santos,Ana do Toin do Pt,False
g22731,Janaina Passos Ferreira,Janaina Passos,False
g22757,Adão Benedito Cardoso Silveira,Bené do Já Chega,False
g22758,Edisandra Maria Vaz Silva,Edisandra,False
g22769,Cícero Aldo Rodrigues da Silva,Cícero do Jurandir,False
g22797,José Gomes Vieira,Zé Grande,False
g22813,Maria de Jesus Fabelina  Silva,Jesus de Otiliano,False
g2282,Wellington Junio de Araujo Sousa,Junio Sousa,False
g22832,Marcelo José de Oliveira Santos,Marcelão,False
g22835,Antônia Maria Leal,Antônia Leal,False
g2284,Francisco Sousa Silva,Titico,False
g22853,Crisostomo Feliciano Moreira,Nenem do Luizim,False
g22858,Cícero Ramos de Sousa,Cícero Ramos,False
g22881,Adriano José Martins de Sousa,Didi da Toca,False
g22886,Carliane Nunes da Costa,Carliane das Melancias,False
g22903,José Luiz da Costa,Professor Zé Luiz,False
g22945,Leilivane da Silva Santos,Baixinho Cds,False
g22947,Francineide de Andrade Paiva,Cineide Paiva,False
g22982,Jose Antonio do Nascimento,Zé Garapa,False
g23025,Larissa Canuto Soares Fernandes,Professora Larissa Canuto,False
g23031,Elsomar Guedes dos Santos,Elsomar Guedes,False
g23042,Edcarlos de Oliveira Rodrigues,Edcarlos Zezuca,False
g23043,Inácio Henrique Carvalho,Inacio Carvalho,False
g23046,Agildon Barros de Moura,Agildon Barros,False
g23053,Joao Francisco da Silva,Juca do Bbv,False
g2306,José Milton Pereira dos Santos,Zé Milton Tinino,False
g23060,Jadson Moura do Vale,Professor Jadson Moura,False
g23089,Eliana Mascarenhas Vieira,Eliana Mascarenhas,False
g23101,Ana Cassia de Souza Brito,Ana Cassia,False
g23107,Francisco das Chagas de Jesus,Chaga Buti,False
g2313,José Antonio Alves,Cabo J Alves,False
g23130,Elenaide Alves Lustosa,Elinaide Miranda,False
g2316,Edimar Barbosa Coelho,Edimar Barbosa,False
g23191,Vicente Ferreira da Mota Neto,Vicente de Póvoa,False
g23257,Marinete do Nascimento Sousa,Marinete,False
g2326,José Bonifácio Lustosa dos Santos,Bonifácio,False
g23270,Gilvan Bezerra,Gilvan Bezerra,False
g23327,Erico Valdir Coelho,Erico Valdir,False
g23330,Marinalva Rodrigues de Sousa Silva,Nalvinha,False
g23357,Regilene Rosa de Moura e Silva,Regilene Rosa,False
g23375,Maria José Moreira dos Reis Cavalcante,Mazé,False
g23427,João da Cruz Ribeiro de Freitas,João Magrão,False
g23433,Maria dos Milagres Alves dos Santos,Milagres,False
g2344,Custodia Maria Piauilino da Cruz Leopoldo,Custodia Piauilino,False
g23525,Renildo Bezerra da Silva,Renildo Bezerra,False
g23599,Francisco Rodrigues da Costa,Chico Salvador,False
g2360,Maria Alves Pereira,Neide,False
g2363,Wagner Santos Oliveira,Wagner Santos,False
g23633,Maria Betania Varão Costa,Betania Varão,False
g23652,Claudio Ferreira da Silva Neto,Claudio Neto,False
g23696,Joaquim de Moura Gonçalves,Netinho,False
g2370,Valdir Soares da Fonseca,Capitão da Sucata,False
g23728,Antonio Francisco de Sousa,Antonio de Abel,False
g23735,Derivânia Maria da Conceição Sousa,Derivânia Sousa,False
g23748,Raimundo José Alves de Sousa,Raimundo do Nero,False
g23779,Autieles Gonçalves Guimaraes,Dino Gonçalves,False
g23817,Laercio Galvao Rocha,Laercio Galvao,False
g23825,Cledson de Souza Guedes,Clédson Guedes,False
g23827,Washington Luiz Parente de Pinho,Washington Parente,False
g23829,Antonio Milton de Abreu Passos,Milton Passos,False
g23834,Anna Cristina Fernandes Oliveira,Anna Cristina,False
g23841,Senivaldo Domingos Martins,"Valdinho, O Macaxeira",False
g23843,Leovane Almeida de Oliveira,Leovane,False
g23890,Mávio Silveira Carvalho,Mávio Silveira,False
g23893,Joel de Jesus Melo,Professor Joel,False
g23916,Antonio Orlando da Silva Filho,Orlando Filho,False
g23918,Josiely Conceição Rodrigues,Josiely,False
g23929,Carlos Alberto da Silva Lima,Carlão da Skol,False
g23930,Marcelino de Oliveira,Marcelino Cpt,False
g23940,Nicolau de Moura Neto,Nicolau,False
g23960,Fabio Alves Gomes,Fabinho,False
g23970,Maria de Deus dos Santos Silva,Deusinha Santos,False
g24030,Francineide Francisco de Sousa,Neide de Zé de Dodô,False
g24043,José Ernando Ribeiro da Silva,Zé Ernandes,False
g24052,Merlong Solano Nogueira,Merlong Solano,False
g24070,Fernanda Portela de Araújo,Fernanda Portela,False
g24073,Antônio Reginaldo de Souza Avelino,Reginaldo Avelino,False
g24078,Joao Gomes da Silva Neto,João Neto do Meladão,False
g24084,Amarildo José Carvalho de Sousa,Amarildo Carvalho,False
g2410,Micael Dias Ferreira da Silva,Professor Micael Dias,False
g24105,André Mayck da Cruz Rodrigues,André Mayck,False
g24142,Erimar Fernandes Rocha,Mazim Fernandes,False
g24148,Valdejane Rodrigues de Sousa,Valdejane do Sindicato,False
g24161,Jutair Martins de Sousa,Jutair,False
g24183,Mauro José Santos Resende,Mauro Resende,False
g24189,Osiel de Sousa,Osiel,False
g24229,Antonio Aurelio de Morais,Aurelio,False
g24243,Terezinha da Costa Moreira,Tereza Moreira,False
g24253,Ronivaldo Campelo do Nascimento,Professor Ronivaldo,False
g24269,Francisco das Chagas Rego Damasceno,Manin Rego,False
g24278,Francys Hayme da Silva Dias,Professor Francys Dias,False
g24279,Joyce Pereira Sobrinho,Jhoyce Hair,False
g24314,Luzia Pereira de Oliveira,Luzia Pereira,False
g2432,Josaína Francisca de Sousa,Josaína do Ze Ílio,False
g24340,Francisco Henrique Monteiro e Silva,Henrique Monteiro,False
g2436,Valnice de Oliveira Regio,Valnice,False
g24404,Erasmo de Araújo Lima,Erasmo Araújo,False
g24414,Célio do Nascimento Souza,Célio de Eufrazia,False
g24422,Raissa Roxane Lima Firmeza Rocha,Raissa Protetora,False
g24429,Raimundo Nonato da Silva,Raimundo Frugencio,False
g24456,Daniela Nascimento de Sousa,Daniela Nascimento,False
g24460,Maria dos Remédios Leal,Remédios Leal,False
g24478,Antonio Ribeiro da Cunha,Antonio Filho,False
g24485,Renato Pereira de França,Renato França,False
g24491,Raimunda Nonata Teles de Sousa,Professora Raimundinha,False
g24493,Veridiano Bezerra Sampaio,Veridiano Caeira,False
g24512,Luiza Liberata de Carvalho,Luiza Belo,False
g24524,Luiz Gonzaga Alves do Nascimento,Xorrozim do Povo,False
g24534,Raimunda Ribeiro Viana Lima,Raimunda Ribeiro,False
g24538,Laiane Tátila Ribeiro dos Santos,Laiane Borges,False
g2457,Alícia Ângella Araújo,Alícia Ângella,False
g24619,José Carlos Soares Mendes,Zé Carlos,False
g24622,Adalberto de Sousa Santos,Betinho do Pt,False
g24626,Joao Paulino de Sousa Filho,Joao Cabrinha,False
g2463,Libório de Moura Rocha,Libório Rocha,False
g24637,Gutemberg Ferreira da Costa,Guto Costa,False
g24640,Irizaleide Brito Ribeiro,Irís Ribeiro,False
g24694,Antonio Francisco Rodrigues Lima,Antonio Rodrigues,False
g24711,Manoel Pereira dos Santos Araujo,Manin da Saúde,False
g24721,James Deon Ferreira Lima,James,False
g24729,Antonio de Araújo Chaves,Helinho,False
g24756,Pedro Gomes dos Santos Filho,Pedro Gomes,False
g24783,Jackson Kennedy de Melo Cavalcante,Jackson,False
g24795,Marina Rodrigues da Silva,Marina,False
g24799,Aureliano Gomes da Silva,Aurelio,False
g24838,Demerval Damasceno Oliveira,Dema do Pt,False
g24847,Rosanna Gonçalves de Oliveira,Rosanna Cpt,False
g2485,Etevaldo Oliveira Soares,Etevaldo Oliveira,False
g24863,Luis Pereira Alves,Lucas,False
g24866,Fernando Aguiar de Carvalho,Fernando Aguiar,False
g24891,Carlos Eduardo de Oliveira Marques,Dr Eduardo Marques,False
g24893,Gutemberg Moura de Araujo,Gutim,False
g24932,Delza Sobreira da Silva,Delza Sobreira,False
g24934,Jairo da Rocha Dias,Jairo,False
g24935,Edilson de Sousa Vieira,Galego,False
g24946,Wilson de Sousa Fé,Lopes,False
g24954,Elisa Maria da Silva Paz,Elisa Paz,False
g24958,Ronaldo César Lages Castelo Branco Filho,Ronaldo Lages,False
g24989,Gilmar Rodrigues Fontes,Gilmar Fontes,False
g24995,Maria da Conceição Sousa dos Santos Ferreira,Ceiça Cristal,False
g25012,Maria Carmecilia Laurindo,Carmecir,False
g25023,Francisco Ferreira do Nascimento,Mainha,False
g25039,Gustavo Cromwell de Carvalho Pacífico,Gustavo de Carvalho,False
g25054,Railton Fernandes Gonçalves da Silva,Deputado,False
g25102,Miguel Gomes Pinheiro Neto,Miguel de Borgim,False
g25126,Albertina Nogueira da Costa,Albertina Costa,False
g25131,Eliene Sousa dos Santos,Eliene Sousa,False
g25144,Risoleide Maria de Carvalho Reis,Risó,False
g25170,Valdereis Lacerda da Paixão Rodrigues,Valdereis Miguel,False
g25225,Fernanda Mota da Silva,Fernanda Mota,False
g25230,Ismael de Jesus Tavares Lima,Ismael Tavares,False
g25241,Armando Bispo de Barros Neto,Barrinha,False
g2525,João Francisco Carvalho Lima,João Francisco,False
g25254,Diego de Souza Silva,Diego Bebidas,False
g25269,Washington Luís de Brito,Washington Brito,False
g25277,Antônio Bispo da Silva,Antônio Clotilde,False
g25282,Márcia Cristina Pereira Alves,Márcia Cristina,False
g25283,Elaine Coelho Dayrell Lira,Elaine Vendas,False
g25318,Karine de Araújo Moura,Karine,False
g25323,Honorato José da Silva,Honorato do Karatê,False
g25337,Raimundo Alves de Andrade,Raimundo do Primo,False
g25345,Cecilia Regia Santos Costa,Prof Cecília Régia,False
g25390,Gizelda Rodrigues de Souza,Gizelda Rodrigues,False
g25427,Everaldo Pereira de Oliveira,Everaldo Oliveira,False
g25448,Teresinha de Jesus Sales Silva,Professora Teresinha,False
g25491,Ana Perla da Silva,Perla de Chico Sindicato,False
g25533,Sezário Lopes da Silva,Sezário,False
g2554,Florentino Alves Veras Neto,Florentino Neto,False
g25549,Manoel George Pereira Filho,Manoel do Coqueiro,False
g25550,Maria Dalva Ferreira da Silva,Mariquinha do Neguin,False
g25572,Jose Iranildo Marques Santana,Iranildo,False
g25583,Julimar Ferreira do Santos,Julinho do Batata,False
g25628,Kassiomar Antão de Carvalho,Kassiomar,False
g25634,Murilo Valério Miranda Procópio,Murilo do Povo,False
g25646,Joaquim José Alves de Sousa Neto,Joaquim Neto,False
g25668,Seomar José Nunes,Mazim Nunes,False
g2569,Washington Luiz Tavares de Lira,Washington Tavares,False
g2572,Domingos Pereira da Silva de Meneses,Domingos Meneses,False
g25735,Cicero Luz Alves,Cicinho de Abdon,False
g25751,Raimundo Alves da Silva,R Alves,False
g25753,Antonio Armando Alves de Brito,Armando Brito,False
g25777,João de Sousa Santos,Professor Joãozinho,False
g25789,Elenilde Soares Campelo,Leny Campelo,False
g25811,Luziano Gomes da Costa,Luziano Gomes,False
g25830,Ednar Martins Lima,Ednar Mãozinha,False
g25839,Hérica Maria da Costa e Silva,Hérica da Saúde,False
g25869,Athais de Sousa Reis,Athais Reis,False
g25883,Manoel de Jesus Araújo Pinheiro,Pinheiro,False
g25923,Marenilton Gomes de Souza,Marenilton,False
g25947,Fernando Henrique Xavier de Andrade,Fernando,False
g25955,Jorge Luiz Santos Pereira,Jorge Luiz,False
g25957,Orlando de Mendonça Silva,Orlando Silva,False
g25976,Valdinar dos Santos Rodrigues,Valdinar Coelho,False
g25998,Francisco de Assis Sousa Melo,Chico Melo,False
g26,Lucas de Sousa Coelho,Lucas Coelho,False
g26003,Abilo Cardoso de Macedo Junior,Abilo Junior,False
g26007,Evandro Martins Dias,Evandro Martins,False
g26011,Carlos Louzeiro da Silva,Carleta Boa Esperança,False
g26013,Júdison Vagne Pereira,Vagne,False
g26025,Maria das Gracas Sousa,Gracinha,False
g26035,Maria Vilani de Moura Sousa,Vilani,False
g26037,Apolinário José da Silva,Apolinário,False
g26039,Francisco Itamar dos Reis,Itamar Reis,False
g26053,Maria Daisa Pereira de Sousa Santos,Daisa,False
g26068,Jacson Ferreira de Carvalho,Jacson Carvalho,False
g2609,Mauro Jânio Facundes Abreu,Jânio Bina,False
g26092,Elias Souza de Carvalho,Elias do Sindicato,False
g26108,Paulo Regis Carvalho Coelho,Paulo Regis,False
g26109,Francisca das Chagas Barbosa Costa,Fransquinha Coló,False
g26111,Miguel Pedro de Carvalho Araújo,Guel,False
g26119,Jose Muniz da Silva,Zé Muniz,False
g26141,Nelvane Feitosa Costa,Nelvane,False
g26142,Jerry Adriane Brito Goncalves,Jerry,False
g26154,Luis Carlos Ramos Rodrigues,Luis Carlos,False
g26162,Marcelino Almeida de Araujo,Marcelino,False
g26171,Francisco Antonio Silva Santos,Francisco Antônio,False
g26184,José Eliveudo Souza Damasceno,Veudo Damasceno,False
g26188,Manoel Cirilo de França,Manoel Cirilo,False
g26245,Rafael de Sá Rodrigues da Cruz,Rafa,False
g26292,Rafael Matos Silva,Rafael Matos,False
g26317,José Alberto Madeira,Beto Madeira,False
g26340,Maria Jacira Siqueira da Silva,Jacira,False
g26357,Deusimar da Silva Aguiar,Deusimar Aguiar,False
g26376,Daniela de Jesus Santos,Daniela Santos,False
g26377,Francisco Zacarias Teixeira,Zacarias Teixeira,False
g26399,Jose dos Santos da Costa Filho,Ze Filho Black White,False
g26407,Francisco das Chagas Lira,Professor Lira,False
g26408,Vilmar de Sá Carvalho,Maninho da Coca,False
g26433,Rosalina Rodrigues da Silva,Rosa,False
g26435,Juvencio Mendes Frazao,Juvencio,False
g26448,Antonio José Sousa Leal,Antonio José,False
g26470,Gregoria de Sousa França Rodrigues,Gregoria França,False
g26512,Helio Isaias da Silva,Helio Isaias,False
g26527,Maria Betania da Silva,Betania,False
g26528,Mauro da Rocha Batista,Mauro Rocha,False
g26531,Derivan de Moura Barros,Derivam Barros,False
g26534,Ana Célia dos Santos Costa,Ana Costa,False
g26538,Edvan Gomes Cardoso,Edvan Gomes,False
g26540,Edy dos Santos Fonteneles,Edy,False
g26553,Rubens de Sousa Vieira,Rubens Vieira,False
g26615,Katiana Lima da Silva,Katia do Sindicato,False
g26650,Auro Aparecido de Carvalho,Dr Auro,False
g26666,Francisco Chagas do Nascimento Junior,Júniormptrês,False
g26681,José Carlucio da Cruz,Carlucio Cruz,False
g26711,Mariana Rodrigues de Sousa,Mariana do Pt,False
g26772,Vinicius Ribeiro Dias,Vinicius Dias,False
g26774,Ieda Rodrigues da Rocha,Ieda Rocha,False
g268,Ana Clemens de Sousa Barbosa,Ana do Dário,False
g26800,Janainna Pessoa Furtado,Janainna,False
g26822,Thalia Bandeira Moraes,Thalia Bandeira,False
g26835,Francisca Maria Leite,Francisca Leite,False
g26865,Mikael de Sousa Marques,Mikael Marques,False
g26870,José Alailton da Conceição Santos,José Alailton Santos,False
g26894,Evanilde Macedo Alves Ribeiro,Evanilde,False
g26904,Maria Gorete Paes Landim Oliveira,Gorete,False
g26915,Osmiranda Pereira da Silva,Miranda,False
g26934,Francinaldo Moraes Bezerra,Francinaldo Moraes,False
g27016,Euridina de Aguiar Ferreira,Euridina Aguiar,False
g27023,Ednalda Lopes da Silva,Ednalda Lopes,False
g2703,Valdir Araujo,Expedito O Rei do Milho,False
g27062,Mychelly Vitória Cabral Feitosa,Mychelly Feitosa,False
g27063,Adriana Silva Fontinele,Adriana Enfermeira,False
g27095,Lucicleide Maria de Araújo,Professora Cleide,False
g27100,Fabiana Alves Borges,Fabiana de Gió,False
g27101,Francisco das Chagas da Silva Carvalho,Chagas Carvalho,False
g27103,Gleison da Cruz e Sousa,Gleison Sousa,False
g2712,Maria Ivanice Ribeiro de Melo,Ivanice Laureano,False
g2714,Pollyanna Keccy Vieira da Rocha Moura,Pollyanna Rocha,False
g27140,Francisco Erivaldo da Silva,Erivaldo Lopes,False
g2716,Francisco do Nascimento,Chico do Bode,False
g27174,Noglas dos Santos Silva Gomes,Irmã Noglas,False
g27185,Airton de Abreu Silva,Airton Abreu,False
g27199,Milton Alves de Sousa,Milton Alves,False
g27219,Francisca Cesário Dias,Francisca Cesário,False
g27237,Francisco de Paula Lemos Borges,Paulo Lemos,False
g27262,Marcelo Eduardo de Moura Nascimento,Marcelo da Dora,False
g2729,João Batista Sousa Vasconcelos,João Vasconcelos,False
g27291,Marise Meneses de Brito Costa,Marise Costa,False
g273,José Neto Carvalho,Baixim,False
g27300,Márcio Ribeiro Damaceno,Márcio Ribeiro,False
g27391,Mirian Maria de Andrade Macêdo,Mirian Andrade,False
g27395,Maria da Guia de Sousa Costa,Daguia,False
g27396,Mairla Ribeiro Araujo,Mairla Ribeiro,False
g274,Francisca Maria Oliveira Santos Marques,Chiquinha do Gado,False
g27429,Argemiro Urquiza de Carvalho Neto,Irmão Gilson,False
g2743,Ualekson Almeida Silva,Ualekson Almeida,False
g27440,Iderlon de Sousa Lima,Iderlon Lima,False
g27444,Maria do Amparo da Silva,Maria do Amparo,False
g27482,Suely Rodrigues Medeiros,Professora Suely Medeiros,False
g27492,Cassandra Neiva Dias,Cassandra,False
g27495,Antonio Genivaldo Batista Cavalcante Junior,Júnior,False
g27508,Manoel Oliveira Galvão,Maninho,False
g27517,Djalmo Cardoso de Oliveira,Djalmo Cardoso,False
g27521,Claudilto Rodrigues Ramos,Claudio do Milton,False
g27522,José Magalhães Machado Júnior,Júnior Magalhães,False
g27548,Claudia Regina Carvalho e Santos,Claudia do Sindicato,False
g27560,Vanessa Lustosa da Costa Silva Sousa,Vanessa Lustosa,False
g27561,Francisca Mota da Silva,Francisca Mota,False
g27564,Elisangela Cardoso Santos Melo,Ely Melo,False
g27579,Maria Elizete de Lima Silva Segunda,Cel. Elizete,False
g27601,Fabio Junho Souza da Silva,Rato do Taxi,False
g27614,Alan Teixeira Osorio,Alan Osório,False
g27626,Mardone Jose da Silva,Mardone Jose da Silva,False
g27638,Erivalda de Jesus Martins,Dedeu do Isaque,False
g27642,Paulo Afonso Felix da Silva,Paulinho da Van,False
g2765,Reinaldo Pereira da Silva,Reinaldo do Zé Flor,False
g27673,Britto Junio de Souza Martins,Britto Junio,False
g27680,Ana Paula Nery dos Santos,Paulinha Nery,False
g27689,Carlos Sandro da Costa,Sandro,False
g27694,Ferlando Gomes de Oliveira,Nenezinho da Campeira,False
g27696,Alexandre Alves Soares,Alexandre Alves,False
g27709,Gasparino Lustosa Azevedo,Gasparino Azevedo,False
g27736,Antonio Regis da Silva,Regis da Avenida,False
g27737,Maria de Jesus Pereira Novais,Dijé,False
g27761,Filomena Sousa da Silva,Filó do Pt,False
g27766,Maria das Candeias Marques Pereira,Maria do Delson,False
g2777,Maria Betânia Ferreira Viana,Betania,False
g27773,Valderi dos Santos Pereira,Kiika,False
g27785,Raimundo Orlando da Mata Pamplona,Lando Calu,False
g27792,Francisco Oliveira dos Santos,Big Bar,False
g27807,Edison Francisco de Brito,Nêgo Edson,False
g27826,Francisco Pereira de França,França,False
g27831,Roberio Teixeira de Carvalho,Robério Teixeira,False
g27835,Maria Julia da Luz,Julia Luz,False
g27941,Denis Araujo Lopes,Denis Lopes,False
g27958,Jordania Maria da Silva,Jordânia Silva,False
g27967,Maria Erenice Mesquita de Medeiros,Elenice Conceição,False
g27988,Marinalva de Sousa Vieira,Marinalva do Sindicato,False
g28030,Maria da Conceição Torres Silva,Maria do Manoel do Pt,False
g28031,Josimar Dias Rodrigues,Josimar Dias,False
g28034,Jose Gonzaga Feitosa do Nascimento,Zé Gonzaga,False
g28040,Maria do Socorro Sousa,Socorro Sousa,False
g28043,João da Cruz Mourão,João Mourão,False
g28086,Izau Gomes de Oliveira,Junior dos Cassiano,False
g2809,Eunice Oliveira Barros Soares,Eunice Barros,False
g28095,João Batista dos Santos Dourado,Prof. João  do Canto da Cruz,False
g28126,Francisco Paulo da Costa Rocha,Paulinho do Tomaz,False
g28139,Erica Julianne Oliveira Fernandes,Erica,False
g28149,Amanda Pinto de Aguiar,Amanda Aguiar,False
g28150,Miguel Borges de Oliveira Junior,Oliveira Junior,False
g28193,Julio da Silva Veloso,Julio Canela,False
g28204,Teresinha de Jesus Sousa Marques,Prof Tetê Marques,False
g28210,Ivoneide Maria Araujo Matos Santos,Ivoneide Matos,False
g28225,Maria Neusa Dias Carneiro,Maria Neusa,False
g28263,Levi da Silva Ribeiro,Levi Ribeiro,False
g28277,Sidineia de Oliveira Teodosio,Sidineia Oliveira,False
g28283,Girlane Sara Holanda dos Reis,Gerlane,False
g28299,Fernando Gomes de Amorim Filho,Fernandim Cds,False
g28308,Agamenon Pinheiro Franco,Agamenon Franco,False
g28340,Carlos Veras Alves Paiva,Carlos Veras,False
g2835,Antonio Vieira de Albuquerque,Toin Albuquerque,False
g28367,Antonio Gilmar Filho,Gilmar Filho,False
g28387,Luan Sergio Paes Landim Ribeiro,Luan Sergio,False
g28404,Raimundo Nonato Guarim Souza,Raimundo Guarim,False
g28419,José Leôncio Ferreira da Silva,Leôncio Ferraz,False
g28431,Lucilene Ferreira de Sousa,Lucilene Ferreira,False
g28441,Enilcio Pereira de Oliveira,Enilcio Rações,False
g2848,Maria da Conceição Amorim Gomes,Conceição Fidelis,False
g28486,Everardo Lima Araujo,Everardo Araújo,False
g28497,Edilane Pereira dos Santos,Edilane,False
g28511,Jose Osmar Machado dos Santos,Zé Osmar,False
g28532,Francisco Martins da Rocha,Chico da Vitalina,False
g28547,Gilson Borges Batista,Gilson Borges,False
g28559,Aurelio Lopes de Carvalho,Aurelio Lopes,False
g28571,Teresinha de Jesus Carvalho Pessoa,Teresinha Pessoa,False
g28584,Genyana Leal Lima,Genyana Leal,False
g28600,Marcos Geovane Ribeiro Coelho,Geovane Coelho,False
g28624,Jeova Clemiton Costa,Jeova,False
g28626,Robson Rodrigues de Sá,Robson,False
g28628,George Martins de Lima Rocha,George Martins,False
g2864,Raimundo Tavares Filho,Raimundinho de Totó,False
g28664,Renato Alves dos Santos,Renato Galvão,False
g28672,Maria Jose Ferreira de Araujo,Maria Jose Ferreira,False
g28690,Acione Lopes de Sena,Acione de Olavo,False
g28697,Almir Ribeiro Pindaíba,Almir Pindaíba,False
g28748,Nilmar Leite,Nilmar Leite,False
g28771,Priscila Ribeiro Dias,Priscila Dias,False
g28781,Shirly Tatiane Mendes de Moura,Shyrly Mendes,False
g28800,Francisco Leão da Silva,Professor Leão,False
g28811,Carlos Alberto Moura de Araujo,Kaka Energia,False
g28848,Joelma Lima de Sousa,Joelma Lima,False
g28892,Jardyel de Abreu Pessoa,Dada do Cocal,False
g28894,Antonio Ribeiro Dantas Neto,Antonio das Motos,False
g28921,Luiz Natan Nogueira Louzeiro,Natan,False
g28922,Cecília Maria Lavôr Néri,Xandú Neri,False
g28928,Miller de Sousa Silva,Miller Sousa,False
g28944,João Leite do Nascimento,João Leite,False
g28967,Maria da Guia Lima de Carvalho,Daguia do Edgar,False
g28969,Pablo Rodrigo Alves,Pocheta Motos,False
g28970,Edilane Francisca da Silva,Edilane Silva,False
g28979,Luis Marcos de Sousa,Pastor Luis Marcos,False
g28993,Sammya Raquel Bastos Bona Almeida da Silva,Sammya Bona,False
g29037,Leilane dos Santos Carvalho,Leila Carvalho,False
g2904,Juracir dos Santos Gomes,Juraci Gomes,False
g29096,Taís Alves de Oliveira,Taís Alves,False
g291,Armando Xavier da Costa,Armando Xavier,False
g29105,Expedito Francisco da Silva,Expedito Motopeças,False
g29122,Hélio Adão Vieira de Sousa,Helio Adão,False
g29141,Alexandre Elias de Sousa,Alexandre Elias,False
g29146,Marina Andréia Félix Mendes,Prof Marina,False
g29169,João Batista de Sousa,João Batista,False
g29176,Maria Lucirene dos Reis,Lucia do Sindicato,False
g29181,Francisco de Assis de Sousa Pereira,Chico Dedé,False
g29248,Pedro Pereira da Costa,Pedro do  Siliveste,False
g29253,Jose Nery de Lima,Nerinho do Limpo Grande,False
g29275,Maria Regina Rodrigues Messias da Rocha,Regina do Herbran,False
g29306,Francisca Marina de Moura Costa,Marina,False
g29319,José Junho Assis da Trindade,Junho Trindade,False
g29372,Claudio Mendes Frazão,Cláudio Frazão,False
g29389,Nivanea Nunes Soares,Nivanea Soares,False
g29418,Luiz Antonio de Negreiros,Luiz Preto,False
g2942,Erislene dos Reis Monteiro,Erislene Monteiro,False
g29426,Sebastião Bispo de Sousa,Tião da Agua Branca,False
g2950,Weslley Alves,Weslley Alves,False
g29503,José de Oliveira,Jota Oliveira,False
g29529,Cleber Sousa de Carvalho,Cleber Bredo,False
g29534,Eudes Raulino de Almeida Filho,Eudin,False
g29539,Amanda de Alencar Silva,Enfermeira Amanda Alencar,False
g2955,Marlene Luz Leal,Marlene Leal,False
g2956,Robert Fortes Farias,Robin Farias,False
g29588,Antonio Bemvindo de Albuquerque Filho,Toe Pintinha,False
g29593,Keilia Rodrigues dos Santos Torres,Keilia Rodrigues,False
g29596,Jose Raimundo Ferreira Filho,Zé Raimundo,False
g29603,Anderson Rego Vieira,Véi Dé,False
g29632,Ielton Silva Santos,Ielton Santos,False
g29638,Vitorino Tavares da Silva Neto,Vitorino,False
g29654,Cosme Ferreira de Sousa Neto,Cosme,False
g29701,Deusimar das Chagas Costa,Deusimar,False
g2972,John Wallace de Sousa,John Wallace,False
g29722,Walber José Pereira de Santana,Walber José,False
g29734,Luzia Nogueira Silva Amaro,Luzia Amaro,False
g29777,Vilmar Ferreira Paes Dias,Vilmar,False
g29789,Maxsuel de Sousa Possidonio dos Santos,Maxsuel,False
g29813,Nayla Jucélia de Brito Barbosa,Nayla Barbosa,False
g29831,Socorro Antônia da Silva,Socorro de Nilo,False
g29836,Flavio Jose de Moura Neto,Pinto Moura,False
g29846,Rafael Tajra Fonteles,Rafael Fonteles,False
g29865,Gildenice Custodio Pereira,Gildenice,False
g29902,Maria de Fatima Alves de Sousa,Professora Nenzinha,False
g29908,Fabio Nunez Novo,Fábio Novo,False
g2991,Ricardo Ribeiro de Sousa,Ricardo Ribeiro,False
g29913,Gertrude Ribeiro da Silva,Gertrude Ribeiro,False
g29923,Rildo Leal de Sousa,Rildo Leal,False
g29931,Ana Maria de Sousa Alves,Aninha de Pipita,False
g29959,Zilneide Vogado da Silva,Tia Zilda,False
g29962,Antonio Maciel Sousa da Silva,Maciel do Frango,False
g2997,Raimundo Rodrigues da Silva,Raimundo do Povo,False
g29971,Veridiane de Sousa Rocha,Diana,False
g30,Pedro Alves Batista,Pedro do Josias,False
g30004,Valdeci Alves Pereira,Valdeci Alves,False
g30007,José Antônio de Sousa,Dezim,False
g30025,Ericio Araujo de Aquino,Ericio,False
g30059,Maria Domingas da Conceição,Domingas do Sindicato,False
g30078,Janaina Ribeiro da Silva,Janaina,False
g30083,Francisco Rodrigues Nunes,Chapeuzinho,False
g30101,Luiz Alberto Pinheiro Leal Nunes,Beto Nunes,False
g30118,Glauber Wouny Feitosa de Oliveira,Glauber Feitosa,False
g30133,Dalvina Pereira dos Santos,Dalvina,False
g30143,Luis Carlos Felix de Lira,Luis Carlos,False
g30152,Egilmar Ferreira Lopes,Preto de Elias,False
g30169,José Edimar Bezerra da Paz,Zé da Paz,False
g30179,Neide de Jesus Carvalho,Neide Carvalho,False
g30186,Marcelo Alves Silva,Marcelo Silva,False
g30233,Eulina Lopes de Sousa,Eulina Lopes,False
g30244,Benilde Soares de Sousa Santos,Benilde,False
g30263,Marcelo Gomes Ferreira,Marcelo Ferreira,False
g30291,Leonardo Leal Ferreira,Leonardo Costa,False
g30292,Luciano de Araújo Silva,Luciano do Sergio,False
g30303,Raimundo Pereira da Silva Filho,Raimundo Filho,False
g30313,José Moura Santos Junior,Junior Menero,False
g30318,José de Deus Carcará Filho,Carcará,False
g30351,Andreia Mairle da Silva,Andreia Mairle,False
g30357,José Augusto de Aquino Vieira,Zé Augusto,False
g30394,Genycleson de Souza Galeno,Cleson,False
g30416,Maria Aurileide dos Santos Vieira,Neguinha do Peixe,False
g30428,Inácio Pinheiro Luz,Inácio Luz,False
g30460,Antônio Soares Lustosa,Antônio de Bidé,False
g30478,Lenylma Pereira de Sousa,Nylma,False
g3050,Maria do Socorro Machado Batista,Socorro Aguiar,False
g3052,Manoel Rubens de Sousa,Rubens Alves,False
g30530,Francisca Maria dos Anjos,Francisca dos Anjos,False
g30545,Antonia Jamacy de Carvalho Silva,Jamacy,False
g30546,Dorgivaldo Paulo de Lima,Dorgivaldo Lima,False
g30549,Maria Vitoria Alves Moreira,Vitoria,False
g30553,Pedro Coelho de Resende Neto,Pedro Neto,False
g30574,Nilson Mendes Penafiel Diniz,Nilson Diniz,False
g30578,Anderson Medeiros Setuval,Ancim,False
g30580,Domingos Jorge Pessoa da Silva,Pimba,False
g30613,Francisca Maria de Sousa Bezerra,Francisca Bezerra,False
g30632,Alcione Pereira da Silva,Alcione Pereira,False
g3064,Jose Viana do Nascimento,Viana,False
g307,Jofran Sebastiann Lopes Leal,Jofran Lopes,False
g30703,Sebastião da Silva Xavier,Sebastião,False
g30711,Ana Thais Pessoa Santos,Thais do Santino,False
g30717,Wilson Nunes Martins,Wilson Martins,False
g3073,Lucas dos Santos Rodrigues,Lucas do Tamanduá,False
g30746,Maria do Ó Pereira Bandeira,Maria do Ó,False
g30775,Gilsivan da Silva Rocha,Van do Cícero da Solimar,False
g30777,Valdecir Alves de Santana,Garrincha,False
g3078,Francisco de Assis Sousa Costa,Assis Sousa,False
g30782,Antonio Luiz de Sousa Filho,Antonio Luiz,False
g30785,Nivaldo Ferreira de Sousa,Nivaldo Santana,False
g30790,Hélio José Tomé de Sousa,Hélio Tomé,False
g30797,Everton de Azevedo Cardoso,Everton Azevedo,False
g3080,Raimundo Cleto Coelho Albuquerque,Raimundo Cleto,False
g30837,Dennys Francisco Oliveira Andrade,Dennys O Novo,False
g30842,Manoel Carlos de Sousa Costa,Manoel do Lino,False
g30867,Edson Pereira Vila Nova,Seu Éder,False
g30883,Amaro Evaristo da Silva,Uau da Escolhinha,False
g30884,Zoldeni de Oliveira Coelho,Zoldeni Coelho,False
g30934,Claudiana Pereira Alves,Branquinha,False
g30967,Vilmar Paes Landim,Vilmar Paes Landim,False
g30993,Francisco das Chagas de Brito Alves,Neném Pedro,False
g31029,Monica Teles da Costa,Mônica Teles,False
g3103,Vanderlan Alves Araujo Madeira,Vanderlan,False
g31072,Genivalda Vieira Dias Fé,Valda Moura,False
g31094,João Ferreira Pontes da Rocha,Irmão Jurandir,False
g31101,Antonio Jose Pereira da Silva,Ze Bila,False
g31104,Maria Andréia Soares da Silva,Andréia Soares,False
g31121,Quitéria Rodrigues de Sousa,Quitéria,False
g31150,Edivaldo Pereira da Silva,Edvaldo Pereira,False
g31162,Antônio Manuel Batista da Cruz,Antonio Manoel,False
g31165,Miguel Ambrosio do Nascimento,Miguelão,False
g31221,Francisco Edilson de Araujo,Ceará,False
g31228,Francisca Jalmira da Silva,Jalmira do João Cigano,False
g31249,Paulo Costa dos Santos,Paulo Costa,False
g31271,Mariano Pereira de Sousa,Mariano Pereira,False
g31273,Celia Maria Bispo da Costa,Célia Bispo,False
g31294,Erismar Nunes Vieira,Erismar Nunes,False
g31324,Vanelson Aluisio de Carvalho,Vanelson Carvalho,False
g31329,Ivando Damasceno Santana,Ivando Santana,False
g31336,Marco Antônio Alves Matos,Professor Marcão,False
g31339,Mateus Hosterni de Sousa,Mateus Emidio,False
g31351,Francisco Edimario Ximenes Jorge,Mauro Carne Assada,False
g31378,Orlando Costa Campinho Braga,Orlando Costa,False
g31392,Francisco Ramos dos Santos,Da Ó,False
g31412,Francisco Neres do Nascimento,Chiquinho Gastão,False
g31423,Antonio Francisco Liberato,Antonio Novo,False
g31432,Manoel Francisco Soares Neto,Manoel Neto,False
g3144,Wilra Milena de Oliveira Alves,Milena Oliveira,False
g31441,Georlene Pessoa Cabral Soares,Georlene,False
g3147,José Inácio Pereira da Silva Júnior,Júnior Nato,False
g31510,Epaminondas Ferreira dos Santos,Epaminondas,False
g31525,Iraídes Pereira Neto Guimarães,Prof Iraídes,False
g31530,Raimunda de Andrade Araújo,Raimunda das Porcas,False
g31561,Pedro Elizeu Rodrigues,Pedro Elizeu,False
g31576,Deusimar de Sousa Cruz,Deusimar Barros,False
g31594,Teônia Mikaelly Pereira de Sousa,Teônia,False
g31606,Maria Marcia da Silva Souza,Irma Marcia,False
g31626,Jose Valdineto Rodrigues de Miranda,Neto da Matança,False
g31631,Ítalo Breno Xavier da Rocha,Ítalo Breno,False
g31641,Jose Raimundo Gomes de Carvalho,Ze Raimundo,False
g31643,José Francisco dos Santos,Professor José Francisco,False
g31649,Killvio Borges Bacelar de Carvalho,Killvio Bacelar,False
g31651,Maurício da Silva Frota,Maurício Frota,False
g31655,João de Deus de Sousa Ramos,João de Deus,False
g31705,Osildo Bezerra de Araújo,Osildo Bezerra,False
g31707,Antenor Francisco Leal,Antenor Leal,False
g31716,Francisco das Chagas Bezerra do Vale,Chagas Vale,False
g31746,Marcílio Feitosa de França,Marcílio de França,False
g31766,Gerson Ferreira Brito,Gk,False
g31775,Antonio Edilson de Mascarenhas Nunes Junior,Junior do Edilson,False
g31787,Gilson da Rocha Martins,Gilson da Rocha Martins,False
g31820,Maria da Cruz Pereira da Silva,Cruizinha do Sitio,False
g3183,Marcos José Barbosa de Sousa,Pierre,False
g31898,Julio de Sousa Castro,Julio da Tuta,False
g31905,Carlos Alberto Nunes Amorim,Carlos Amorim,False
g31925,Millena Victória de Sousa Faustino Queiroz,Millena Faustino,False
g31935,Francisco Ribeiro de Sousa,Chiquinho Ribeiro,False
g31946,Fábio Junior Dias Alves,Mudim,False
g31969,Abraao Pereira da Silva,Abraão,False
g3198,Jose Vieira da Silva,Biy,False
g31993,Everaldo Rodrigues da Silva,Dão Araujo,False
g31995,Sebastião Antônio de Sousa,Sebastião das Mudas,False
g32001,Pedro de Sousa,Pedim de Afonso,False
g32004,Ursulino Neto Pereira da Silva,Sulino,False
g32010,Raimundo Coelho,Raimundo Coelho,False
g32020,Jose da Costa Rêgo,Zé Pezim,False
g32024,Educarlos Ferreira,Carlim do Tonheiro,False
g32138,Jose Raimundo de Carvalho,Ze Prego,False
g32148,Maria das Dores de Sousa,Dora Sousa,False
g32153,Fabiana Sousa Silva,Fabiana Sousa,False
g32170,Andreia Vieira Machado,Andreia Vieira,False
g32179,Francisco Willian de Oliveira Costa,Willian da Loto,False
g32188,Cleivan de Carvalho Leal,Cleivan Leal,False
g32206,Juvenal Ferreira Júlio,Juva do Pt,False
g32208,Jose Helder de Sousa Ferreira,José Helder,False
g32209,Antonia Maria de Moura Brito,Antoninha,False
g32221,Jessica Damasceno Sá,Jessica Damasceno,False
g32231,Ocílio Gomes dos Santos,Professor Ocílio Gomes,False
g32238,Manoel Pereira Filho,Manoel Filho,False
g32253,Manoel Soares da Silva,Paixao,False
g32258,Maria Valdirene Santos,Professora Valdirene Santos,False
g3228,Dandara Tavares de Oliveira Barbosa,Dandara Tavares,False
g32306,Maria Francisca de Sousa,Riqueta Sousa,False
g32324,Espedito Duarte de Andrande,Espedito Andrande,False
g32330,Maria de Fatima Carmino Pereira Dourado,Fatima Carmino,False
g32332,Raimundo Nonato Pereira Marques,Raimundo Marques,False
g32398,José de Oliveira,Zé Bolacha,False
g32432,Joselma Rodrigues da Costa,Joselma Rodrigues,False
g32438,Raydon Siqueira da Silva Cavalcante,Raydon Siqueira,False
g32445,Marcela Rodrigues da Costa,Dra Marcela Costa,False
g32447,Ana Maria Gomes Ferreira Lima,Ana Maria,False
g32451,Inácia Maria de Sousa Santos,Fia,False
g32460,Erinaldo Carvalho Silva,Erinaldo Carvalho,False
g32462,Ana Maria de Carvalho,Ana Maria,False
g32510,Valdino Batista dos Santos,Valdino Batista,False
g32524,Maria do Remedio Moura da Silva,Remédio Moura,False
g32526,Raimundo Nonato de Sousa,Raimundim do Sitio,False
g3254,Maria Jose Soares de Araujo,Maria Soares,False
g32552,Genival Brito de Carvalho,Genival Sales,False
g32556,Jose Miguel da Silva,Zezao,False
g32570,Francivaldo Pereira da Silva,Irmão Francivaldo,False
g32571,Kelvin Rodon de Oliveira Silva,Ronda Deoclécio,False
g32572,Joaquim Barbosa Neto,Joaquim do Pt,False
g32584,Dino Cesar de Sousa,Dino Cesar,False
g32596,Carlos Eduardo Machado dos Santos,Carlos do Sindicato,False
g32599,Francisco de Abreu,Chico Abreu,False
g32614,Arthur Deolindo Campelo Marinho Filho,Arthur Filho,False
g32615,Rogerio Santiago Borges,Rogerio da Vila,False
g32621,Rosa Maria Alves da Silva,Rosa Maria,False
g32624,Fernanda dos Santos Costa,Fernanda,False
g32635,Marinete de Sousa Ferreira,Nete,False
g32646,Genivaldo Campelo da Silva,Genivaldo Campelo,False
g32665,Manoel de Assunção Filho,Neném do Assunção,False
g32668,Veríssimo Antonio Siqueira da Silva,Verissimo Siqueira,False
g3268,Sebastiao Coelho Reis,Sebastiao,False
g32696,Daniel de Sousa Nunes,Daniel do Povo,False
g32713,Francisco das Chagas Aguiar Sebastiao,Francisco Caçambeiro,False
g32721,Carlos Antonio Almeida Monte,Carlos Antonio do Sobradinho,False
g32757,Jose Nunes Sobreira,Zezin da Fazenda Nova,False
g32795,Lusilene Rocha de Carvalho Sousa,Lusilene Rocha,False
g32800,Clovis de Sousa Santos Neto,Neto da Ambulância,False
g32813,Anaildo Cardoso dos Santos,Anaildo Cardoso,False
g32815,Antônio Alves Neto,Antônio Alves,False
g32827,Luis Carlos Nobre de Aguiar,Luisinho Nobre,False
g32835,Rita Lopes Cavalcante,Prof. Rita Lopes,False
g3284,Marcilene Lacerda de Sousa,Cici,False
g32840,Maria de Jesus Alves da Rocha,Jesus Rocha,False
g32870,João de Deus Pereira,João Pereira,False
g32872,Fabio Junior Fontenele de Lima,Bebe,False
g32903,José Wilson da Silva Araujo,Zé Wilson Cassimiro,False
g32905,Marlos Antonio Leal Reis,Marlos Reis,False
g32930,Evanilza Rodrigues da Silva,Nilza do Sindicato,False
g32955,Valdenice da Silva Almeida,Valdenicy,False
g3301,Maria de Jesus Alves,Maroca,False
g33023,Lucinária Carvalho Louzeiro,Lucinária Louzeiro,False
g33055,Viviany Lima Santos,Viviany Lima,False
g33056,Raimundo Jose dos Santos,Raimundo Toinho,False
g33067,Charliane de Holanda Pessoa,Charliane Pessoa,False
g33086,Maria Emilia Mendes Reis,Professora Emilia,False
g33096,Josenildo da Silva Santos,Josenildo,False
g33097,Valdenisa Ribeiro Viana,Peruca,False
g3310,Ivana Araújo Pereira Amorim,Ivana Amorim,False
g33125,Carla Maria Rodrigues Alencar,Carla Alencar,False
g33131,Iranildo de Araujo Lima,Iran Lima,False
g33134,Samara Ruty Araújo Costa Melo,Samara Ruty,False
g33154,Raimundo Nonato Castro Machado,Dr Nonato Castro,False
g33167,Antonia de Maria Gomes Antunes,Toinha do Elson,False
g3317,Vitor Fernando Lima de Oliveira,Vitor Fernando,False
g33170,Anisia Maria de Sousa Silva,Anisia,False
g33178,Nilton Andrade Martins,Newton,False
g33189,Raimundo Nonato Lopes Martins,Nonato Mendes,False
g33213,João Carlos Alves dos Santos Silva,Dr João Carlos,False
g33229,Orlando de Moura Silva,Orlando Moura,False
g33238,Francisco de Assis Monteiro Martins Segundo,Assis Segundo,False
g33258,Rayka Dannuzy Gomes Pereira,Rayka do Santinho,False
g33291,Paulo Rodrigues de Sousa,Paulo do Seu Helvidio,False
g3330,Judenilda Maria da Silva Sousa,Gil do Baião,False
g33305,Adilson Júnior Alves,Adilsinho das Castanhas,False
g33311,Jorge Luiz de Sousa Ferreira,Ze Nego,False
g33314,Josenias Rosa,Josenias Rosa,False
g33317,Genilson da Costa Pereira,Nilson Costa,False
g33379,Matias Vieira de Andrade,Matias,False
g33380,Simone Felix Dias,Simone Felix,False
g33385,Almeida da Costa Oliveira,Almeida,False
g33400,Luana Costa Silva,Luana Silva,False
g3344,Filomeno Portela Richard Neto,Filo Portela,False
g33448,Maurício Carvalho Sousa,Irmão Mauricio,False
g3349,Jesus Rocha Brito,Jesus Louro,False
g33507,Elenice Cardoso de Melo,Elenice Cardoso,False
g33514,Hamilton Reis Santiago de Matos Segundo,Hamilton Segundo,False
g33518,Leidiana Ribeiro de Sá,Leide Sá,False
g33557,Tamires Marreiros da Silva,Tamires de Mazim,False
g33559,Solon Ribeiro Soares,Solon,False
g33561,Adna Mirele Figueredo Carvalho Silva,Adna Mirele,False
g33566,Sandoval Marques Oliveira,Sandó,False
g33569,Josias Candido da Silva,Josias,False
g33600,Ismael Severo da Paz,Ismael Severo,False
g33617,Arnaldo Alves da Silva,Arnaldo Lopes,False
g33641,Expedito Rodrigues de Sousa,Casa Grande,False
g33646,Ana Cláudia Cardoso Batista,Claudia Barradas,False
g33652,Antonio de Souza Vivica,Antonio Vivica,False
g33662,Salmo Borba de Jesus,Dollar,False
g33672,Raimundo de Araújo Sousa,Doca Sousa,False
g33684,Maria Yasmin de Sousa Vieira,Yasmin Vieira,False
g33706,Francisca Alzira de Sousa,Francisca Alzira,False
g33713,Valdina Francisco Alves,Valdina,False
g33716,Marcela Vieira Soares,Enfermeira Marcela Soares,False
g33723,Francisco Hilton da Silva Moura,Hilton,False
g33751,Carlos Augusto Leal Pinheiro,Carlinhos Leal,False
g33785,Tereza de Carvalho Cardoso,Tereza Nova,False
g33793,Lusenilde de Sousa Fé Barbosa,Lusenilde,False
g33802,Arnaldo de Oliveira Abreu,Arnaldo Abreu,False
g33805,Francisca dos Santos da Conceição Lima,Francisca dos Santos,False
g3382,Joelma Barbosa de Oliveira Silva,Joelma Barbosa,False
g33823,Quesia de Oliveira Miranda e Brito Silva,Quesia Miranda,False
g33850,Marlene Custódio Vieira,Marlene Custódio,False
g33859,Maria da Guia de Araújo Carvalho,Da Guia,False
g33903,Fábio Francisco de Araújo,Fábio Araújo,False
g33910,Fortunata da Silva Fontes,Fortunata Fontes,False
g33911,Reginaldo da Silva Pereira,Reginaldo do Cantinho,False
g33914,Julio Gomes Cavalcante de Farias,Julim,False
g33933,Cristina Santos Silva,Cristina,False
g33946,Francisco José Pereira da Silva,Solteiro,False
g33986,Ronaldo Vieira de Sousa,Naldo da Boa Sorte,False
g33997,José Gregório Coelho Júnior,Juninho do Posto,False
g34040,Danilo da Silva Pontes,Danilo Pontes,False
g34043,Deyvison Gonçalves Cruz,Deyvison Cruz,False
g34080,Raimundo Nonato Firme da Silva,Nonato Silva,False
g34110,Rina Neiva Rufino,Rina Rufino,False
g34144,Ana Lucia dos Santos Galeno,Lucia Galeno,False
g3416,Eldio Dias de Macedo,Eldio Macedo,False
g34178,Cleane Pedrina Dias,Cleane Dias,False
g34195,Ramiro Saraiva Nery,Ramiro Saraiva,False
g34204,Alcione Miguel Pereira,Alcione,False
g34223,Valdinar de Araújo,Valdinar do Esporte,False
g34242,Adão Roberto Lima da Silva,Professor Adão,False
g34254,Catarina Silva Lucas de Sousa,Catarina Lucas,False
g34274,Martim Neto dos Santos,Martim do Barracão,False
g34301,Edson Lacerda Lima,Edson Lacerda,False
g34308,Alexandre Damasceno Chaves,Alexandre Chaves,False
g34346,Cleidiane da Silva Carvalho,Cleidiane Carvalho,False
g34379,Francisco Eugenio Leal,Eugenio,False
g34398,Francisco Francineide da Silva,Cineide Viturino,False
g344,Francisco Dênis de Brito Carvalho,Dênis Sales,False
g34410,Daniela de Andrade Silva,Daniela,False
g34416,Regina Silva Sousa,Regina Vale,False
g3444,Ludgerio Marques de Pinho Filho,Ludgerim,False
g34449,Antonio Josivan de Sousa Carmo,Abelha,False
g34457,Mariza de Sousa Carvalho Vitório,Mariza da Pesca,False
g34467,Wanda Pereira Matos,Wanda Martins,False
g34476,Dalmir da Silva Costa,Dalmirzin,False
g34510,Edilson de Sousa,Edilson de Sousa,False
g34529,Antônio Ramos da Silva,Tony da Pensão,False
g34547,Francisco Ferreira da Costa Silva,Sassa,False
g34549,Natalia Dias dos Santos,Natalia Dias,False
g34554,Carlimária Dimas Torquato Borges,Carlimária Torquato,False
g34570,Juraci Gomes da Silva,Juraci Motorista,False
g34573,Francisco Josué Mineiro,Josué Mineiro,False
g34583,Ana Celia Soares,Preta,False
g34592,Francisvaldo Lopes da Costa,Professor Francisvaldo Costa,False
g34599,Francisco das Chagas Soares da Silva,Chaguinha do Sindicato,False
g34637,Janaina Marques Luz,Dra Janaina,False
g34642,Luiza Gomes de Oliveira,Luiza,False
g34654,Bruno Jordam de Souza Santos,Bruno Jordam,False
g34661,José Laércio da Luz,Dr Laercio Luz,False
g347,Josue de Alencar Sousa,Josué Alencar,False
g34704,Hilda Maria Xavier Sousa,Hilda de Bedé,False
g34736,Maria da Luz Fonseca de Sousa,Daluz Fonseca,False
g34746,Jean de Oliveira Ferreira,Jean Oliveira,False
g3480,Isoneide Francisca Fé dos Santos,Isoneide,False
g34800,Francisco Márius da Rocha,Irmão Rocha,False
g34809,Adail José Alves da Silva,Galego da Ambulância,False
g34811,Solange Pereira de Sousa,Solange Pereira,False
g34827,Antonio Alves de Oliveira,Tony Batista,False
g34879,Raimundo Nonato Santos Ribeiro,Raimundo do Batista,False
g3488,Eneas Batista,Eneas Batista,False
g34881,Samuel Antônio de Sá,Samuel Sá,False
g34883,José Ronaldo Soares da Costa,Ronaldo do Casadim,False
g34895,Francisco de Assis Mourão Dias,Assis Cross,False
g34916,Fernanda Pinto Marques,Fernanda Marques,False
g34922,Wilson Barbosa Coelho,Wilson Barbosa,False
g34931,Heberson Alves da Rocha,Heberson Rocha,False
g34948,Luiz Paulo Alves Duarte Dias,Luiz Paulo,False
g34954,Eliane Alves Rodrigues,Eliane Alves,False
g3496,Ana Patricia Oliveira de Sousa,Patricia Oliveira,False
g34977,Antônio Alves dos Santos,Antônio Gonçalo,False
g34979,Domingas de Oliveira Reis,Domingas Oliveira,False
g35,Jose Miguel de Sousa,Ze Miguel,False
g35003,Elesbão Gabriel Nunes de Lima,Gabriel,False
g35017,Maria Arlete dos Santos,Arlete Santos,False
g35019,Teresinha de Sousa e Silva,Teresinha da Emel,False
g35034,Lindalva Sousa Borges,Lindalva,False
g35049,Luiz da Luz da Silva,Luiz da Cruz,False
g35086,Maciel Francisco da Silva,Maciel,False
g35094,Francisco Rodrigues de Sousa,Chico Zaca,False
g35116,Maria das Graças da Conceição Fontes,Graças de Messias,False
g35147,Antonio Luis Paiva Diniz,Dunga,False
g35149,Sebastiana de Sousa Borges,Sebastiana Borges,False
g3516,Antonio Sergio de Castro,Paraguai,False
g35164,Maria do Socorro Lopes Dias,Socorro Dias,False
g35175,Raimundo Batista de Sousa Júnior,Junior Selva,False
g35179,Heldervan Lopes Eugenio Gomes,Devan Eugênio,False
g35201,Maria da Gloria Oliveira Silva,Gloria Oliveira,False
g35213,Nicole Wendy da Silva Sousa,Nicole Wendy,False
g35222,Reijane Maria Carlos Ribeiro,Reijane Ribeiro,False
g35261,Delma de Oliveira Cipriano,Delma Cipriano,False
g35275,Ancelmo Chaves Valente,Dr Ancelmo,False
g35299,Leyane Rodrigues Carvalho Sousa,Leyane de Chico Velho,False
g35317,Antonio Ariston Kennedy Nunes da Silva,Kennedy Silva,False
g35330,Claudineia Rodrigues dos Santos,Neinha,False
g35337,Vilmar da Silva Nonato,Mazim de Benildo,False
g35361,Darciane dos Santos,Darciane,False
g35428,Heleno da Silva Neto,Heleno Neto,False
g35449,Maura Rodrigues de Sepúlvida,Maura Sepulvida,False
g35489,Juliao Francisco Pereira,Juliao Pereira,False
g35507,Luis da Silva Santos,Luizinho da Villa,False
g35537,Renato de Lima Gomes,Renato da Gilda,False
g35553,Adilson Santos Ribeiro,Adilson Ribeiro,False
g35559,Vanderli Ferreira de Sousa,Vanderlí,False
g3558,Matsuzuk Cipriano de Moura,Matsuzuk Cipriano,False
g35584,Nelson Santana Lima Junior,Nelson Junior,False
g35603,Expedito Valdinar da Silva,Valdinar Confecções,False
g3562,Jorge Guilherme Tavares Alves,Guilherme do Pedro,False
g3563,Fernando Eduardo,Eduardo Silva,False
g35638,Odonildo Rodrigues Alves,Odon,False
g35661,Maria Enir Figueredo da Silva,Irmã Preta,False
g35708,Luis Gonzaga Vieira de Sousa,Gonzaga,False
g35717,Fernando Henrique de Lima Santos,Henrique Lima,False
g35724,Érika Pinheiro Barbosa,Érika Pinheiro,False
g35736,Elizangela Oliveira Souza,Boneca,False
g35753,Edvando Marques Batista,Edvan Seguro,False
g35776,Everaldo Feitosa da Costa,Everaldo Costa,False
g35778,Cicerino José de Sousa,Cicerino,False
g35792,Maria do Socorro Rocha Ribeiro,Maria do Socorro,False
g35802,Rai Santos Rodrigues,Rai Santos,False
g35805,Manoel Antônio da Silva,Manoel Macaco,False
g35807,Natalia Pereira dos Santos,Natalia Pereira,False
g35820,João de Deus Pessoa da Silva,Prof de Deus,False
g35832,José Rosa Pereira,Jota Erre,False
g35844,Cinatra Pereira da Silva Sousa,Cinatra Sousa,False
g35850,Mayara Francélia Ferreira e Silva,Mayara Ferreira,False
g35854,Gean Carlos de Sousa Rodrigues,Gean Carlos,False
g35918,Lindalva Maria de Carvalho,Lindalva Carvalho,False
g35960,Tallyson Ronaldo Alves de Jesus Sousa,Tallyson,False
g35964,José Lazaro Soares,Zé Lázaro,False
g35974,Cícero Paulo Galvão Mendes,Paulo Galvão,False
g35990,Francisco Cardoso Vieira,Chaga Môco,False
g35998,Adão Lopes,Prof Adão,False
g35999,Reinaldo Gomes de Sousa,Reinaldo Gomes,False
g36014,Cicero Magalhães Oliveira,Cícero Magalhães,False
g36015,Janelson Dias Ribeiro,Janelson Dias,False
g36027,Cleidimaido José da Gama,Cabeça de Gato,False
g36031,João Coelho de Santana,Caburé,False
g36041,Rúbia Rodrigues Leal Paraíba,Rúbia Leal,False
g36048,Tamires Selma de Sousa,Tamires Sousa,False
g36056,Edson Ney da Luz Viana,Edson Ney,False
g36067,Vera Lúcia Queiroz Santos,Vera Queiroz,False
g36068,Maria Pimentel de Carvalho,Cléa Pimentel,False
g36078,Jose Nilton Ramos,Nilton de Zé Gazé,False
g36079,Edileia Rodrigues da Silva,Edileia Silva,False
g36082,Carlos Augusto Ferreira Lopes,Carlinhos de Cassiano,False
g36131,Laís Barroso Martins dos Santos Nunes,Laís Barroso,False
g36156,José Benilde de Brito,Mestre Bena,False
g36167,Gonçalo do Nascimento Sousa,Gonçalo Sousa,False
g362,Francivaldo Pereira da Silva,Dimdim,False
g36203,Raimundo Rodrigues de Moura Neto,Raimundo Neto,False
g36206,Hermogénes Lopes de Carvalho,Hermogénes,False
g36222,Anderson Alves Soares,Anderson Soares,False
g36255,Paulo Sergio dos Reis,Paulo da Nádia,False
g36260,Daniel Santos Andrade,Daniel Andrade,False
g36261,Flavio Magalhães,Flavio Magalhães,False
g36285,Cosmo Alves da Rocha,Cosmo,False
g36295,Valdenor Alves de Sousa,Valdenor Sousa,False
g3630,Joshulmar Benvindo da Fonseca Neiva,Joshulmar Neiva,False
g36313,Conceição de Maria Rodrigues Xavier,Professora Naná,False
g36335,Roberson Pereira de Araújo,Robinho Araujo,False
g36337,Karlos Alberto Ferreira de Araújo Junior,Karlos Júnior,False
g36369,Rosângela dos Santos Sousa,Rosângela dos Santos Sousa,False
g36386,Luis Rodrigues Filho,Rodrigues,False
g36397,Maria Assunção Sousa de Aguiar,Assunção Aguiar,False
g36406,Adão Francisco das Chagas de Sousa Silva,Adão Silva,False
g36413,Poliana Soares Silva Guimaraês,Poliana Guimaraês,False
g36433,João Batista Neto,Neto Batista,False
g36434,Dheymyson Mota de Souza Paiva,Dheymyson Mota,False
g36442,Joice Leal de Oliveira,Joice Leal,False
g36456,Alceano de Sousa Lima,Alceano Lima,False
g36466,Antonio Tomaz Alves de Almeida,Tomaz Almeida,False
g36489,Aliomar Pereira da Silva,Lió do Povão,False
g36493,Marcos Filipe Azevedo Teixeira,Filipe Teixeira,False
g365,Maria Aparecida Oliveira Moura Santiago,Cida Santiago,False
g36513,Deusani Evangelista Nogueira Fontes,Deusinha,False
g36528,Franciele Mota da Silva,França,False
g36545,Eli Pereira Fé Filho,Elizinho,False
g36572,Maria Natividade Pereira Rocha da Costa,Natividade,False
g36573,Giovanna Lopes Mendes,Giovanna Mendes,False
g36578,Raimundo Nonato Sousa Araujo,Raimundim da Saúde,False
g36589,Francisco Leandro de Carvalho,Neto Leandro,False
g36647,Sinaria Pereira de Sousa,Sinaria,False
g36655,Maria Goreth Gomes,Goreth Gomes,False
g3666,Jessiane Rodrigues da Silva,Jessiane Rodrigues,False
g36664,Warton Matias Lacerda e Oliveira,Warton Lacerda,False
g36694,Yorana Amélia de Souza,Yorana Sousa,False
g36714,Francisco das Chagas de Sousa Rocha,Chico da Dena,False
g36720,Francilda Costa dos Santos,Francilda,False
g36743,Bruno Oliveira Santos,Bruno Oliveira,False
g36746,Francisco das Chagas Rufino da Silva,Rufino Xerox,False
g36771,Maria Isete Pereira dos Santos Amorim,Marisethe Amorim,False
g36790,Iolete Maria Lins Magalhães Porto,Letinha Magalhães,False
g36810,Emmanuel Tupinamba Beserra Portela,Tupi,False
g36847,Ederson Teles Feitosa,Ederson Teles,False
g36873,Francelandio Coelho de Macedo,Meu Nego de Felipe,False
g36879,Marlene Ribeiro Dutra,Marlene Ribeiro,False
g36881,Heloisa da Silva Sousa,Heloisa Silva,False
g36930,Marília de Aquino Vasconcelos,Marília,False
g36944,Márcio José Clementino Folha,Márcio Folha,False
g36971,Alecio Rodrigues Barbosa da Silva,Alecio Rodrigues,False
g370,Laécio Batista Veloso e Silva,Laécio Veloso,False
g37006,Maria de Fatima Vieira,Fátima Vieira,False
g37008,Geraldo Amancio Guedes Junior,Geraldo Junior,False
g37017,Jaqueline Barbosa dos Santos,Jaqueline Santos,False
g37029,Maria de Lourdes Alves dos Santos,Lourdinha Alves,False
g37080,Luis Lima da Silva Filho,Luis Filho,False
g37082,Ramón Núnez Novo Herdy Raminelli,Ramon Neto,False
g37087,Raimundo Nonato Chaves Filho,Nonato do Pt,False
g37091,Alysson Medeiros Setúval,Alysson Sentúval,False
g37095,Maria da Silva Pires Rocha,Professora Noé,False
g37110,Rita Maria da Silva Santos,Professora Rita,False
g37128,Elisangela da Silva Lima,Elisangela Lima,False
g37144,Maria da Conceição Cardoso da Silva,Conceição Cardoso,False
g37167,Edilson Lima dos Santos,Chereque,False
g37170,Adinardo Tiago Leal,Dadá Tiago,False
g37175,Antonio Alves Gomes,Antonio Alves,False
g3718,Francisco de Oliveira Moreira,Francisco Moreira,False
g37189,Valdinei Ferreira dos Santos,Valdinei Santos,False
g37194,Francisco Lima de Brito,Chico Antônio,False
g37201,Osvaldo Bonfim de Carvalho,Osvaldo Bonfim,False
g37218,Creane de Sousa da Silva Araujo,Creane,False
g37236,Auricinéia Costa Assis Gomes,Auricinéia,False
g37254,Francisco Antônio Damasceno Veras,Totonho do Bem Ti Vi,False
g37269,Genilson Gonçalves de Araujo,Genilson Gonçalves,False
g37289,Gleiciane Viera dos Santos Rocha,Gleiciane Rocha,False
g37298,Edivan Batista dos Santos França,Edivan França,False
g37300,Jose Rodrigues de Sousa,Velho Zé do Trator,False
g37304,Bernardo Sirqueira Silva,Bernardo Sirqueira,False
g37316,Miguel José Vieira Neto,Miguel Vieira,False
g37317,José Messias Alves Machado,Sargento Machado,False
g37327,Mateus Alves Teixeira,Mateus,False
g37334,Perivaldo Campos Braga,Lapinha,False
g37363,Maria Anani de Sousa Rodrigues,Anani,False
g37364,Ubiratan Benvindo de Figueiredo,Ubiratan,False
g37371,Josivan Coelho dos Reis,Josivan Coelho,False
g37397,Luiz Inácio Lula da Silva,Lula,True
g37416,Naum Passos Reis,Naum,False
g37417,Antônio Francisco da Silva Oliveira,Bilú Braz,False
g37430,Adailton Vieira de Sá,Adailton Vieira,False
g37437,José Ronaldo Lopes Pinheiro,Ronaldo Pinheiro,False
g37457,Domingos Francisco das Chagas Souza,Domingos do Bitonho,False
g37476,Jozimar Laurentino de Paula,Dr Jorge Laurentino,False
g37489,Roberval da Cunha Silva,Roberval Ramos,False
g3750,Eline Maria Bezerra da Silva,Eline Bezerra,False
g37511,Airton José da Costa Veloso,Airton Veloso,False
g37516,Raimundo Francisco de Assis Ribeiro dos Reis,Assis,False
g37524,Francisca Batista da Rocha,Francisca Batista,False
g37528,Francisco Osmar Oliveira,Chico Osmar,False
g3756,Maria José Gomes de Castro,Mazé Castro,False
g37561,Josivan Lucas de Barros,Professor Josivan,False
g37568,Regina Celia Silva Rodrigues,Regina Rodrigues,False
g37603,Conceição de Maria da Silva Sousa,Conceição de João Croá,False
g37629,Maria Divina Costa e Silva,Divina,False
g37632,Maria de Fatima Saraiva Martins,Mariinha,False
g3766,Jose Francisco Vale dos Santos,Ze Branco,False
g377,Antonio Jose Meneses de Araujo,Antônio José,False
g3772,Graciela Carneiro Soares,Professora Graciela,False
g37729,Arnaldo de Sousa Rodrigues,Arnaldo de Amaro,False
g37731,Luiz Faustino de Sousa,Luiz Faustino,False
g37756,Elisangela da Silva Marques Sousa,Elisângela Marques,False
g3778,Robert de Moura Chaves,Robertin Chaves,False
g37790,Ataliba Costa Pereira,Ataliba,False
g37794,Ana Karolina Marques de Carvalho,Karol Marques,False
g37802,Rosimar Pacheco de Moura Gonçalves,Rosimar Pacheco,False
g37803,Dourival de Jesus Silva,Dorin da Saúde,False
g37820,Francisca Oliveira Sousa,Fran Oliveira,False
g37837,Maria Dulcineia de Sousa Santos,Dulcineia Sousa,False
g37851,Águida Passos de Melo Alves,Águida Enfermeira,False
g37855,Francisco Pereira da Silva Junior,Malhadinha,False
g37864,Francisco Jose Gomes de Sousa,Ze do Povo,False
g37867,Fabio Henrique dos Santos Sousa,Fabio do Pt,False
g37877,Raimundo Mendes de Santana,De Santana,False
g37928,Antonio Welligton Mesquita,Welligton Mesquita,False
g37933,Gilmara Alves Lima,Gilmara Lima,False
g37934,Evaldo Martins da Silva,Corró do Bom Jesus,False
g3795,Fabio Henrique Mendonça Xavier de Oliveira,Fábio Xavier,False
g37950,Elza dos Santos Vilanova das Graças,Elza do Nezin,False
g37956,Manoel Augusto de Sousa,Manoel Augusto,False
g37963,Hildeci Maria Feitosa,Irmã Ilda,False
g3800,Cleidinaldo Carvalho Reis,Cleidim Carvalho,False
g38002,Décio Solano Nogueira,Decio Solano,False
g38008,Adilson da Silva Sousa,Adilson Sousa,False
g38034,Maria Lilian de Alencar,Lila Alencar,False
g38043,Adão Jose de Lima,Adão Lima,False
g38060,Vanete da Silva Rodrigues,Vanete Rodrigues,False
g38073,Valdivan Silva de Oliveira,Denis Barradas,False
g38105,João Bispo da Costa Júnior,Júnior de João Nicolau,False
g38107,Francisco Gilson de Oliveira,Gilson Oliveira,False
g38117,Valdilene Alves de Sousa,Professora Valdilene,False
g38123,Antonio Francisco Felix de Andrade,Antonio Felix,False
g38128,Maria do Socorro de Carvalho,Socorro Carmosina,False
g38177,Rubens Vieira Fonseca,Rubens Vieira,False
g38191,Simone Tavares Feitosa,Simone Tavares,False
g38195,Iasminne Katrice Silva Gomes Barbosa,Iasminne Pinheiro,False
g38199,Francisco Eduardo da Silva Santos,Dudu,False
g38242,Marcos Marciel de Carvalho,Marciel do Paredão,False
g38248,Ivonaldo Fiales de Souza,Ronaldo Fiales,False
g38262,Luis Gonzaga Nonato de Sousa,Tenente Gonzaga,False
g3827,Jose Evangelista da Rocha,Zé Filho,False
g38279,José Gilsandro Alves da Luz,Zé da Luz,False
g38284,José de Arimateia Silva Sousa,Matea do Mato Seco,False
g38289,Fabricio Santos Silva,Fabricio do Patu,False
g383,Maria Auzenir Gomes de Melo,Auzenir Melo,False
g38318,Fabio Cesar Martins Oliveira,Fábio Martins,False
g3833,Luiz do Carmo Ribeiro,Professor Luiz Ribeiro,False
g38336,Cleane Dias de Oliveira,Cleane Dias,False
g38361,Kamila de Oliveira dos Santos,Kamila Oliveira,False
g38364,Daniel Costa França,Daniel França,False
g38373,Francisco Antonio de Moura Fé,Moura Fé,False
g38388,Ciríaco José de Araújo,Ciríaco Araújo,False
g38392,Maria de Nazare Ferreira Cardoso,Nazare Cardoso,False
g38416,Joaquim Jose Saraiva da Penha,Joaquim Saraiva,False
g3846,Alrinete Domingues da Costa,Netinha Domingues,False
g38465,Jordele Maria da Silva Santos,Jordele do Sindicato,False
g38466,Antônio Benevaldo de Sousa,Benevaldo,False
g38477,Alexandro Ferreira de Assis Nascimento,Alex de São Miguel,False
g38481,Genir Ferreira da Silva,Genir Ferreira,False
g38514,Roniel Manoel de Brito,Xexeu do Paredão,False
g38532,José Abidoral da Costa Oliveira,Bidó,False
g38568,Guilherme Miranda e Silva de Oliveira,Dr Guilherme Oliveira,False
g38574,Lusimar Vieira da Silva,Lorrany Silva,False
g38575,Manoel Antonio de Sousa,Manelim Peso Pesado,False
g38601,Antonia Raquel Gomes de Araujo,Raquel Barros,False
g38609,Eliel Rodrigues Alves,Eliel,False
g3862,Odeilton Neno da Costa,Odeilton Costa,False
g38632,Antonia Atenuar Cardoso Silva,Atenuar Cardoso,False
g38644,Valdemar Manoel de Oliveira,Dinezinho,False
g38676,Valdeci Alves de Campos,Valdeci Campos,False
g38678,Djaci Nogueira da Cruz,Djaci Nogueira,False
g38699,Izirene de Aquino Vieira Costa,Izirene Aquino,False
g38706,Sebastiana Maura dos Santos Xavier,Tiana,False
g38734,Suzana Vieira Araújo,Suzana Araújo,False
g38740,Tarcio de Araújo Lima,Tárcio do Lageiro,False
g38746,Dionisia Cordeiro dos Santos,Dionisia Cordeiro,False
g38751,Denilde Pitombeira dos Santos Costa,Denilde Pitombeira,False
g38759,Janio dos Santos Araújo,Janio do Esporte,False
g38767,José Demervaldo de França,Crégio França,False
g38777,Irisneide Gomes de Carvalho,Irisneide,False
g3878,Sergivaldo Mendes da Silva,Di do Celso,False
g38797,Domingos José Araújo de Abreu,Domingos Abreu,False
g38826,Jose Raimundo Rodrigues Ferreira,Ze Calango,False
g38843,Valdeane Maria da Conceição,Valdeane,False
g38864,Kelton Kellys de Farias,Irmão Kelton,False
g38875,Valmir Rodrigues Alves,Valmir Alves,False
g38894,Jose Alves Frazao Neto,Netinho,False
g38912,Antonio Leandro da Silva Sousa,Leandro,False
g38942,Maria do Perpetuo Socorro da Silva,Socorro Absolon,False
g38974,Justino Pinheiro de Viveiros,Justino Pinheiro,False
g38989,Francisco José Ancelmo Ferreira,Kiko,False
g3899,Evanell Teixeira Silva Sousa Moura,Evanell Teixeira,False
g39006,Alfredo Lopes de Sousa Moraes,Professor Alfredo,False
g39018,Raimundo Arnaldo Soares Sousa,Arnaldo Piricó,False
g39041,Joseane Lopes de Sousa,Joseane Lopes,False
g39044,José Carlos Gomes Bandeira,Zé Carlos Bandeira,False
g39057,Érica Barros Sousa,Erica Barros,False
g39073,Alberto Jose de Castro Junior,Junior,False
g39100,Marcos Venicio Gomes da Silva,Vinícius,False
g39179,Claudia Nayrany do Nascimento,Claudia Nayrany,False
g39207,José Pedro Pinto Veras Júnior,Pedro Pinto,False
g39213,Lusimar Nascimento da Cruz,Pretinha do  Santinho,False
g39229,Moacir Segundo Mendes de Carvalho,Moacir Segundo,False
g39292,Antonio Roberto de Castro Alves,Roberto Enfermeiro,False
g39350,Adalbertino Pereira da Cunha,Adalbertino Cunha,False
g39366,Cleivan Jorge Coutinho Bento,Cleivan Coutinho,False
g39392,Maria da Gloria Ferreira da Silva,Gloria,False
g39400,Edvaldo Ferreira Passos,Edvaldo Passos,False
g39406,Jose Alves de Sousa Neto,Ze Neto,False
g39412,Matheus Oliveira Nunes,Matheus Oliveira,False
g39433,Wladimir Barros do Rego Mota,Dede Mota do Dr Edmilson,False
g39457,Sharliane Santana de Sousa,Sharliane Santana,False
g39497,Marizan Alves de Oliveira,Marizan Tá,False
g39513,Maria do Carmo da Silva Matias,Pastora Maria do Carmo,False
g39515,Hyluanne Maria Matos Sousa,Hyluanne,False
g39519,Lucivaldo de Sousa Monteiro,Lucivaldo Monteiro,False
g39555,Serginho Nunes,Serginho,False
g39556,Cosmo Pereira de Carvalho,Cosmo,False
g39568,Ivanildo Carvalho Silva,Tampinha Show,False
g39599,Francidio Gomes de Oliveira,Francidio Gomes,False
g3964,Cleber Magalhaes Cardoso,Kelson Magalhaes,False
g39640,Olavio Inacio Ferreira,Olavio Ferreira,False
g39642,Raimundo Luis da Silva,Buda Cd,False
g39645,Luciana Maria Barbosa,Luciana da Volta,False
g39660,Laudice Pereira da Silva Carvalho,Cazuza,False
g39670,Francisco Jose da Silva,Diassis,False
g39678,Edmar Leal de Sousa,Leal,False
g39722,Jose Magno Soares da Silva,Magno Soares,False
g3974,Jacira Valcacer de Sousa Fonsêca,Valcacer,False
g3975,Antonio de Sousa Carvalho,Toim da Lucia,False
g39757,Benedita Vilma Lima,Vilma Lima,False
g39769,Rubião Alves da Silva,Rubião Carlos,False
g39781,José de Sousa Filho,Zé Filho,False
g39791,Vagner Oliveira Rocha,Vaguin,False
g39802,Antonio Carlos de Abreu,Professor Prata,False
g39836,Raimundo Amaro de Almeida,Raimundim do Panasco,False
g39850,Francisco das Chagas Carvalho,Francisco Carvalho,False
g39865,Frankland Rocha Costa,Frank,False
g3989,Regna dos Anjos Melo,Regna Anjos,False
g39933,Alaecio Abel do Nascimento,Laércio,False
g39935,Glecia Maria de Sousa,Glécia Maria,False
g3994,Marciana Correia Maia Andrade,Marciana,False
g39970,Raiane de Sousa Dandão,Raiane de Júnior,False
g39977,Paula Andreia da Silva,Paula Andreia,False
g40028,Ulisses Shao Lin da Silva,Ulisses Shao Lin da Silva,False
g40052,José Francisco Pereira da Silva,Zé Gregório,False
g40053,Gil Carlos Modesto Alves,Dr. Gil Carlos,False
g40057,Antonio Jose Pereira da Silva,Antonio do Carrim,False
g40061,Elias de Aguiar Vieira,Elias Aguiar,False
g40098,Raniletti Carvalho de Macêdo,Raniletti Macedo,False
g40100,Fabiano Pereira Vilela,Fabiano Vilela,False
g40110,Valdeci Cavalcante Coqueiro dos Santos,Valdeci Cavalcante,False
g40135,Valdenia Machado da Rocha,Professora Valdenia,False
g40136,José Francisco da Silva,Saldanha,False
g40155,Carlos Antonio Castelo Branco Leite,Carlos Antonio,False
g40158,Expedito de Oliveira Silva,Irmão Expedito,False
g40168,Manoel Portela de Carvalho Neto,Manoel Portela Neto,False
g40178,Angra Maria de Sousa,Angra Sousa,False
g40182,Edilson Rodrigues Teixeira,Edilson Teixeira,False
g40186,Antonio Constantino da Silva Neto,Antonio Neto,False
g40207,Elves Ferreira Santos,Elves,False
g40240,Adonai Venancio de Sousa Castro,Adonai Venancio,False
g40246,Valeria Paes Landim Ribeiro,Valeria do Nilsão,False
g40257,Marcos Antônio da Silva Damasceno,Marcos Frederico,False
g40268,Danilo Cardoso de Araújo,Danilo,False
g40285,Claudimar Costa e Silva,Claudinho,False
g40306,Gilson Eugenio Rodrigues,Gilson,False
g40311,Antonio Gomes Torres Filho,Antonio Filho,False
g40340,Márcio Roberto Ribeiro,Márcio Roberto,False
g40342,Raimunda Ribeiro dos Santos,Raimunda do Lino,False
g40363,Francisco das Chagas Sousa Cruz,Fantico Cruz,False
g40389,Martim Pereira de Miranda,Neto do Osmar,False
g40396,Ozeias Alves Dias,Boa Vida,False
g40399,Gustavo Martins Pinheiro,Gustavo Martins,False
g4041,Henrique Paulo de Macêdo,Henrique Macêdo,False
g40421,Suely dos Passos Soares,Suely do André,False
g40442,Balduino Joaquim dos Santos,Balduino,False
g40462,Ariston Pereira dos Santos Neto,Ariston Neto,False
g40472,Manoel Mariano de Sousa,Manoel Cecílio,False
g40475,Pedro Marques dos Santos,Pedro de Nena,False
g40506,Mistedan Machado de Oliveira,Mistereme,False
g40511,José Gregório Rodrigues Damaceno Neto,Dezinho,False
g40544,Jacinto da Guia Nunes da Silva,Jacinto Nunes,False
g40552,Kamila Cardoso Dias,Kamila Cardoso,False
g4058,Maria Aparecida Silva Santos,Professora Cidinha,False
g4060,Ediane Monteiro de Mesquita,Diano Guerreiro,False
g40615,Tiago Rubens Osorio Oliveira Lima,Dr. Tiago Osório,False
g40666,Nelton Bembem Cordeiro,Bitu,False
g40697,Raimundo Nonato Gomes Neto,Raimundo do Reginaldo,False
g40704,Lucrécia Maria Figueiredo da Silva,Lucrécia,False
g40729,Franciane Sousa Silva,Preta,False
g40749,Everaldo Manoel dos Santos,Professor Everaldo,False
g40786,Antonia Matias de Santana,Chiquinha Matias,False
g40790,Wildson Nogueira da Silva,Wildson Nogueira,False
g40794,Jose Charles Fortes Castro,Charles Fortes,False
g40795,Durcival Pacheco de Almeida,Dudu Pacheco,False
g40797,Bruna Maria de Sousa,Bruna,False
g40820,Grislaine Aparecida Cardoso de Passos,Grislaine Passos,False
g40943,Denizar Moura Mota,Denizar Mota,False
g40944,Luisa Roberta Alves Dias Arruda,Irmã Luisa,False
g40979,Rodolfo França Galvão Segundo,Rodolfinho,False
g40984,Sebastião Pereira de Oliveira,Sebastião Minervino,False
g40985,Miquéias Batista de Oliveira,Dr Miquéias Oliveira,False
g41008,Francisco das Chagas Ribeiro de Sousa,Chiquinho do Jonas,False
g41011,Alyne Miranda Soares Silva,Alyne Miranda,False
g4102,Valdei de Aquino Ribeiro,Valdei Aquino,False
g4104,Monica Maria de Lima,Mônica Lima,False
g41045,Maria do Socorro Gomes da Silva,Socorro da Lanchonete,False
g41075,Nilson Ribeiro dos Santos,Nilson dos Paus,False
g41093,Leandro Ferreira Borges,Leandro Borges,False
g4111,Maria José de Sousa,Mazé Sousa,False
g41111,José Wellerson Gomes Carvalho,José de Dori,False
g41136,Jose da Costa Silva,Zé de Elias,False
g41144,Claudia Maria de Lima,Claudia Lima,False
g4116,Alessandra Maria dos Santos Teixeira,Sandra Teixeira,False
g41171,Benvindo da Rocha Oliveira Neto,Neto Rocha,False
g41183,Ilanne Costa dos Santos,Professora Ilanne,False
g41232,Valdiná Pires de Sousa,Valdina Pires,False
g41245,Nilson Fonseca Miranda,Nilsão,False
g41271,Anderson de Sousa Costa,Anderson Costa,False
g41285,Jose Antonio Lima,Toin Camelô,False
g41312,Gilberto Pereira dos Santos,Gilberto,False
g4134,Fernanda Daguia Alves Vieira,Galega de Preto de Elias,False
g41344,Maria Sirlene Lopes Silva Barros,Sirlene Lopes,False
g41364,Kleyce Martins Gomes dos Reis,Kleyce Gomes,False
g41373,Alyne Batista Ibiapina,Alyne Batista,False
g41390,Ivonete Alves Pereira,Ivonete,False
g41391,Maria Leidiane de Andrade Alves,Leidiane,False
g41392,Ana dos Santos Sousa,Aninha,False
g41396,Rodrigo de Jesus da Trindade,Rodrigo,False
g41403,Geroaldo de Carvalho Silva,Biru,False
g41453,Daniel de Moura Santos,Daniel Moura,False
g41505,Jose Francisco de Oliveira,Ze Cazuza,False
g41509,Andrea Pereira dos Santos Soares,Andrea Vaqueira,False
g41549,Geannia Silva Teixeira,Geannia,False
g41552,Maria Jose Januario de Sa Santos,Maria Jose,False
g41556,Thales Coelho Pimentel,Dr. Thales Coelho,False
g41571,João Vieira da Silva,João Vieira,False
g41614,Antonio Paulo Ferreira dos Santos Filho,Paulo Pereira,False
g41646,Marcio Brito Fernandes,Márcio Bikanca,False
g41658,Sergio da Conceição Lima,Sergio de Zé Bozó,False
g4167,Maria do Desterro Teixeira Ribeiro,Desterro Teixeira,False
g41678,Larissa Passos de Carvalho,Larissa Carvalho,False
g41698,Hevelyn Camilo da Silva,Hevelyn Ventura,False
g41716,Domingos Coelho de Resende,Professor Dominguinhos,False
g41717,Marcos Vinicius do Amaral Oliveira,Marcos Magalhães,False
g41725,José de Ribamar Sobreira,Zé de Mar,False
g41775,Fabio Junior,Fabio Junior,False
g4178,Maria da Conceição Ferreira Farias,Branca,False
g41786,Guilherme Portela de Deus Macêdo,Guilherme Macêdo,False
g41789,Gilberto Moura da Silva,Gilberto Moura,False
g41796,Joaquim Helena de Andrade,Joaquim Andrade,False
g41801,Joilson Gomes Duarte,Joilson Lira,False
g41812,Jose Helio dos Santos,Helin,False
g41831,Ricardo Daniel dos Santos Nascimento,Ricardo Braga,False
g41875,José Soares da Rocha,Soares,False
g4188,Kalazan Borges Pereira,Kalazan Borges,False
g41905,Idalice Ferreira da Trindade,Idalice,False
g4191,Mauri Reis dos Santos Sousa,Maury Fernandes,False
g41914,Miguel Borges de Oliveira Neto,Oliveira Neto,False
g41925,Adriana de Castro,Adriana de Castro,False
g41940,Maurício da Cruz Sousa,Maurício,False
g41945,Cleide Maria de Alencar Rodrigues,Cleide,False
g4196,Francisco Luiz de Carvalho Junior,Junior do Milhao,False
g4197,Gildete Duarte Franco de Sousa,Gildete Duarte,False
g41980,Edilberto Farias de Miranda,Pezão,False
g41997,Edivar Ferreira dos Santos,Edivar do Povo,False
g42032,Fagner de Sousa Alves,Faguin,False
g42043,Josivaldo de Sousa Araujo,Balinha,False
g4205,Manoel da Silva Carvalho,Manoelzinho do Camará,False
g42069,Maria Francisca Mendes Teixeira,Prof Francisca,False
g42077,Marisa Maria da Conceição Delfino,Marisa,False
g42079,Idilio dos Santos Antunes,Pastor Idilio,False
g42092,Francimario Vitorino da Silva,Cimar,False
g42121,Aurino da Silva Leite,Aurino Leite,False
g42123,Érika Maria Rodrigues Leal,Érika Maria,False
g42170,Wendel Mendes de Sousa,Wendel do Julim,False
g42209,Maria Zilmara da Conceição Carvalho,Maria Zilmara,False
g4222,Adailton de Moura Batista,Adailton Moura,False
g42228,Jose de Ribamar Rodrigues Furtado,Ribamar da Santa Luzia,False
g42233,Geomario Carvalho da Costa,Geomario,False
g42246,Manoel Antônio da Silva,Manoel do Pt,False
g42272,Francisco Pereira Viana Filho,Filho Viana,False
g42276,Ana Cláudia Arueira de Sousa,Claudia,False
g42292,Gilda Cardoso Gomes Barbosa,Gilda do Renato,False
g42299,Francisco Raulino Gomes Cardoso,Raulino Cardoso,False
g42300,Carlucio Gomes de Oliveira,Louro dos Colchoes,False
g42330,Danieli Cristina da Silva Figueredo,Danieli Barbeiro,False
g42342,Raimundo Nonato Lima,Nonato Matias,False
g42352,Sara Thais Araújo Carvalho,Sara Thais,False
g42367,Diego da Trindade Ribeiro,Diego,False
g42402,Joao de Deus Veloso da Silva,Joao de Deus Cambimba,False
g4241,Edmilson Alves Vieira,Professor Edmilson,False
g42415,Indira Maria Rocha Ferreira Leal,Indira Rocha,False
g42420,Marcos Vinicius dos Santos,Marco do Povão,False
g42436,Cinara Teresa Queiroz Granja Soares,Cinara Queiroz,False
g42451,Claudinar Soares da Silva,Claudinar,False
g42467,Samuel de Abreu Carvalho,Samuel,False
g42504,Nilvania da Silva Nascimento,Bibi da Saúde,False
g42515,Kleana Maria Aires Lima,Kleana Loura,False
g42543,Izamara do Nascimento Martins,Izamara Martins,False
g42596,Valdemir Pereira da Silva,Valdemir,False
g426,Washington Gonçalves de Sousa,Washington,False
g42602,Raonir Carvalho Oliveira,Raonir Carvalho,False
g42711,Joseilton Asevedo Sousa,Gordin da Van,False
g42741,Gleicy Maria Teixeira de Brito de Araujo,Gleicy Maria,False
g42748,Antônio Charles de Oliveira,Charles do Côco,False
g42792,Josué Cirilo dos Santos,Josué do Samu,False
g42802,Francisco de Assis da Silva Costa,Branco Costa,False
g42817,Ivonilde Pereira da Silva,Ivonilde Silva,False
g42819,Francisco das Chagas Limma,Limma,False
g42835,Francisco Camilo Carvalho Lima Alencar,Sambaibinha,False
g42837,Genivaldo Pereira da Silva,Geno Pereira,False
g42840,Antonio da Silva Santana,Manin do Pt,False
g4290,Cleiton Luiz Veloso Moura,Cleiton Moura,False
g4291,Renato Pereira de Aguiar,Renato da Maria,False
g42936,Antônia Noemia de Sousa Carvalho,Toinha,False
g42942,Adriana do Nascimento Rabelo,Adriana da Saúde,False
g42963,Francisco Ires Ferreira Pontes,Iris,False
g42964,Raylla Lorenna Alencar Ramos Carvalho,Lorenna,False
g42967,Shirley Soares da Silva Figueredo,Shirley Soares,False
g4300,Francisco Barros da Silva Neto,Netinho do Carlito,False
g4302,Simão Carvalho Filho,Simão Carvalho,False
g43030,Renildo Oliveira Santos,Renildo Serralheiro,False
g43033,Anairan Rodrigues de Carvalho,Anairan Barreto,False
g43035,Serenele Emy Soares de Melo Gomes Alves,Serenele Soares,False
g43038,Romulo Cesar Silva Rodrigues,Rômulo Rodrigues,False
g43154,Maria Gesciana Costa dos Santos,Gesciana,False
g43164,Marinalva da Silva Barros,Marinalva Barros,False
g4318,Francisco Leandro da Silva,Tico dos Pipas,False
g43192,Venância Santos Resende,Professora Venância,False
g432,Francisco de Oliveira Melo Filho,Dodosa Mello,False
g43220,Geraldo Luiz  Mendes Ribeiro,Luiz Boro,False
g43231,Luziene Francisco da Silva,Luziene,False
g43243,Gardenia Maria da Silva Folha,Professora Gardenia Folha,False
g43247,Joaci Pereira de Brito,Corim,False
g43249,Adalton Pereira da Silva Filho,Primo Júnior,False
g43250,Ernildes Borges Miranda,Ernildes do Jovencio,False
g43260,Josselmo Batista Neres,Josselmo,False
g43270,Jeova Zeferino Sousa Moura,Jeová de Moura,False
g43273,Wenio Alves dos Santos,Profssor Wenio,False
g43278,Francisco Magalhães do Nascimento,Magalhães,False
g43279,Cleber da Costa Braz,Beto Braz,False
g4330,Edimar Nogueira da Silva,Edimar Nogueira,False
g43331,Antonio Severino de Albuquerque Castro,Antonio Severino,False
g43356,Widayane Ribeiro Santos,Branca de Demar,False
g43367,Ercilon Vieira de Sousa,Cilon Sousa,False
g43399,Francisco das Chagas Marques de Miranda Filho,Chagas Filho,False
g434,Cleiton Júnior Ferreira da Silva,Cleiton Júnior,False
g43402,Lourival Ferreira da Cunha,Lourival,False
g43415,Edilberto de Sousa Santos,Edilberto Santos,False
g43437,Andressa Maria Leal de Sousa,Andressa Leal,False
g4344,José William de Sousa,Zé de Clara,False
g43451,Maria Aldenice Batista,Danda,False
g43476,Mateus de Souza Santos,Mateus Souza,False
g4348,Maria Joana Pereira da Silva,Dona Joana,False
g43493,Paulo Adriano de Sousa Lima,Paulo Adriano,False
g43502,Miguel da Silva Rodrigues,Miguelzinho,False
g43513,Airton Matos Tavares,Professor Airton Tavares,False
g43532,Maria José Marques Bezerra,Marizeh Marques,False
g43559,Andrade Pereira da Silva,Andrade,False
g43564,Maria de Fátima Moraes Filha,Fatinha Moraes,False
g43660,Fabiano Feitosa Lira,Fabiano Lira,False
g43671,Maria Mônica Sousa,Mônica Sousa,False
g43674,Yara Regia Vieira de Oliveira,Yara Regia,False
g4369,Antônio Luiz de Araújo Costa Neto,Antônio Neto,False
g43691,Jacqueline Flauzinho dos Santos,Jacqueline,False
g43694,Maria de Lourdes Pessoa Alves,Lourdes Alves,False
g43696,Lindenberg Vieira da Silva,Dr Lindenberg,False
g4371,Edilson Rodrigues de Sousa,Edilson Rodrigues,False
g43732,João de Deus Sousa,João de Deus,False
g43761,Maria Giselia da Silva Tavares,Professora Giselia,False
g43806,Tiago Vieira,Tiago Vieira,False
g43831,Danillo Martins de Oliveira,Danillo Martins Galalau,False
g43844,Francisco Carlos Sampaio Portela,Carlos Portela,False
g43860,Moisés Carvalho da Silva,Moisés Carvalho,False
g43896,Carson Rômulo Sousa Lopes,Carson Rômulo,False
g439,Isac Guimarães Costa Rêgo,Isac Rêgo,False
g43900,Vinicius Pontes do Nascimento,Dr. Vinicius,False
g43912,Pedro Rafael da Silva de Oliveira,Rafinha de Ze Maranhao,False
g43915,Maciel Lopes da Silva,Maciel Lopes,False
g4392,José Ferreira da Silva,Zé Ferreira,False
g43944,Joelma Rodrigues dos Reis Silva,Irmã Joelma,False
g43962,Antônio Luiz Vieira dos Santos,Antônio Luiz,False
g43974,Syntia Waleria Gomes Silva,Synthia Cassimiro,False
g44012,Márcio Daniel de Sousa Lima,Márcio do Joaquim,False
g44016,Viviane Feitosa Lima,Viviane,False
g4403,Marcilane Leite de Sousa Bruno,Marcilane Leite,False
g44043,Edilson Batista de Sousa,Edilson,False
g44052,Valdivia Santos Martins Silva,Valdivia Santos,False
g44075,Roselídia Lustosa de Sousa Marques,Roselídia,False
g44087,Rychardson Meneses Pimentel,Rychardson Meneses,False
g44092,Francisco Djaci Costa Lima,Djaci Lima,False
g44097,Jose Wellington Barroso de Araujo Dias,Wellington Dias,False
g44103,Eva Sousa de Carvalho,Eva Sousa,False
g44104,Rufina Isabel de Sousa,Rufina Isabel,False
g44183,Maria da Conceição Pinheiro Gomes Lima,Conceição Lima,False
g44195,Bertolina Dantas de Sousa,Bertolina Dantas,False
g44198,Guilherme Henrique Mendonça Xavier de Oliveira,Guilherme Xavier,False
g44200,Edivaldo Claudino da Silva,Negão de Dino,False
g44211,Benedito Soares,Bené,False
g44224,Paulo Henrique Maciel Paiva Mendes,Paulo Peixe,False
g44232,Clemilton Luiz Queiroz Granja,Clemilton Queiroz,False
g44245,Alvaro Francisco Ferreira Cavalcante,Álvaro,False
g4427,Ademar Marques Fialho,Ademar Fialho,False
g44277,Manoel Vieira da Silva,Manoel Vieira,False
g44282,Rosivaldo Amorim dos Passos,Rosyr Amorym,False
g44287,Simone de Souza Macedo,Simone Macedo,False
g44301,Francisco de Sousa Carvalho Quadros,Sibango Quadros,False
g44306,Francisco das Chagas Souza Costa,Balula,False
g44315,Arionaldo Weslley Jesus Sa,Naldo do Povo,False
g44334,Tercia Cristina Ribeiro Franco,Tercia Franco,False
g44339,Herivelto Ribeiro Bezerra,Professor Herivelto,False
g44348,Ana Pastora Rodrigues de Almeida,Ana Pastora,False
g44365,Francisco da Cruz de Sousa,Bentivi,False
g44418,Lucia Helena da Silva Nunes,Professora Lucia Helena,False
g44430,Jossandro Magalhães da Silva,Sandro da Neusa,False
g44449,Vagna de Souza Bastos,Vagna,False
g4449,Benedito Vieira da Silva,Dito de Paulo,False
g44514,Severiano Teodoro Leite de Sousa,Severiano Neto,False
g44515,Helio Rodrigues Alves,Hélio Rodrigues,False
g44522,Francisco de Assis Braga Alencar,Assis Alencar,False
g44576,Aquilles da Silva Ribeiro,Aquilles do Valdo,False
g44579,Maria Vitoria Pessoa Silva,Vitoria Pessoa,False
g44583,Luis Borges da Silva,Luis Borges,False
g44596,Selindo Mauro Carneiro Tapeti Segundo,Selindinho,False
g4460,Maria de Fátima Cavalcante Costa,Fafá,False
g44604,Joelma Alves Dias da Silva,Elma,False
g44610,Manoel da Costa Cardoso Filho,Manoel Cardoso,False
g44653,Maria Leidiana Silva Sousa,Vereadora Leda,False
g4466,Reginaldo de Alencar Silva,Professor Sílvio,False
g44662,Claehnton Gomes Silva,Gleidstone,False
g44714,Eliane Moraes da Silva,Eliane do Sindicato,False
g44729,Maria do Socorro Araujo Lustosa,Socorro Lustosa,False
g44766,Olavio Bilac Coelho Mendes,Olavio Bilac,False
g44825,Alcilene Alves de Araújo,Doquinha,False
g44830,Paulo Jorge da Costa,Paulo Jorge,False
g44851,Francisco Raí de Sousa Silva,Rai Sílva,False
g44863,Manoel Lima Alves,Manoel Nuca,False
g44889,Anísia Maria Teixeira Pereira da Silva,Anisia Teixeira da Moradia,False
g44897,Angela Maria de Queiroz Cruz,Angela Queiroz,False
g44909,Jose Arnobio Ferreira Rodrigues,José Arnóbio,False
g44922,Djalma Rodrigues da Silva,Djalma do Odilon,False
g44931,Franklin da Silva Lima,Professor Junior,False
g44937,Esperança Alves do Nascimento,Esperança Nascimento,False
g44980,Izabela Martins da Silva,Izabela Martins,False
g44993,Clidenor de Macedo Alves,Clidenor,False
g45002,Eloina Ribeiro das Neves,Eloína Ribeiro,False
g4502,Valdelia da Silva Veloso,Valdélia Veloso,False
g45020,Flavia de Sousa Araujo,Flavia Araujo,False
g45032,Raimundo Nonato de Sousa Brito,Raimundo Brito,False
g45062,Pedro Gomes de Almeida Filho,Filho Almeida,False
g4507,Julianny do Nascimento Barbosa,Enfermeira Julianny,False
g45070,Paulo Adriano Dias Rodrigues,Paulo Adriano,False
g45075,Adelcia de Almeida Borges Martins,Adelcia Galdino,False
g4513,Jose Venancio Cardoso Neto,Venâncio,False
g45157,Ana Nadja Maria da Silva,Ana Nadja,False
g45165,George Henry Pereira Bezerra,Jorgim de Bonifacio,False
g45204,Maria Dalcinete de Sousa,Maria,False
g45224,Esdras Avelino Filho,Esdras Avelino,False
g45255,Antonia Rabelo de Pinho,Toinha do Sergio,False
g45257,Joelma Teles de Sousa,Irmã Joelma,False
g45274,Antonio Jadeilson Pereira de Araújo,Jadeilson Pereira,False
g4528,Geraldo Soares da Silva,Geraldo Soares,False
g45301,Rakel dos Santos Silva,Rakel,False
g45309,Hidelberto Nunes do Nascimento Júnior,Hidelberto,False
g45316,Jose Francisco Alves Rodrigues,Zé Gaguinho,False
g45333,Manoel da Silva Moreira,Neco do Alto,False
g45342,Maria Francisca Vieira de Almeida,Maria Félix,False
g45358,Estevão Ribeiro de Sousa,Estevão Ribeiro,False
g45384,Alana Dias de Sá,Alana Dias,False
g45432,Adriana Saraiva de Sá,Adriana Sá,False
g45438,Hyezio de Moura Nunes,Hyezio Moura,False
g45471,João Arilson de Mesquita Bezerra,João Arilson,False
g45483,Fanuel Adauto de Alencar Andrade,Fanuel,False
g45488,Elias Guerra de Araújo Neto,Neto Guerra,False
g45499,Leicivaldo Ribeiro Batista,Leicivaldo Ribeiro,False
g45503,Jose Gomes Chaves Neto,Ze Neto Chaves,False
g45543,Francisco Rodrigues de Sousa,Francisco de Delfina,False
g45569,Luis Batalha de Sousa,Luis Vila,False
g4557,Wanderleia Paes Landim dos Santos,Wanderleia Paes Landim,False
g45571,Railson Souza da Costa,Railson,False
g45574,Luciano Macario de Castro Filho,Luciano Filho,False
g4561,Joaquim de Moraes Rêgo Filho,Joaquim Filho,False
g45634,Enoque de Brito Pereira,Enoque de Brito,False
g45651,Lívia Nogueira Pereira,Lívia Nogueira,False
g45669,Calina Raquel Lopes Batista Pereira,Irmã Calina Lopes,False
g4568,Jayla Holanda Leitão,Jayla Holanda,False
g45682,Bárbara Rogéria Gomes da Rocha,Bárbara Rocha,False
g45704,Francisca Silvana Monteiro dos Santos,Silvana Monteiro,False
g45705,Wilson Rodrigues de Oliveira,Wilson Rodrigues,False
g45713,Edineide Vieira de Holanda,Dineide,False
g45745,Cristiane Alves de Sousa Soares,Cristiane,False
g458,Carleane Ferreira da Costa e Silva,Carleane,False
g45800,Maria Rosalina dos Santos,Rosalina Santos,False
g45817,Maciel Vieira dos Santos,Maciel Vieira,False
g4582,Fabiola de Azevedo Lemos,Fabíola,False
g45828,Ana Cláudia da Costa Silva de Sousa,Ana Claudia,False
g45833,Pedro Ferreira Calixto Neto,Pedro Calixto,False
g4584,Maria do Rosário Ribeiro do Carmo,Maria Cantídio,False
g45874,Styinne Lee Ribeiro Aguiar,Styinne Lee,False
g45887,Ricardo Martins Pinheiro,Dr Ricardo,False
g45942,Erinaldo José de Andrade,Naldo Andrade,False
g45978,Paulo Mourão da Silva,Paulo Morão,False
g45979,Maria Noeme de Moura,Noeme Moura,False
g4598,Joao Paulo de Lima Gonçalves,Joao Paulo Gonçalves,False
g45980,Rubem Ribeiro de Almeida,Rubem Ribeiro,False
g45996,Reginaldo Castro Rodrigues,Reginaldo Castro,False
g46014,Lidiane Rodrigues Marques,Lidiane Marques,False
g46026,Angelo Neto de Moura,Neto do Valisa,False
g4603,Maristela Maria de Sousa,Maristela,False
g46030,Jonas Soares Monte,Jonas do Felismino,False
g46049,Célia Alves de Figueiredo,Célia Figueiredo,False
g46053,Idvane Rodrigues Vieira,Diuvan,False
g46072,Joaquim Fernando Teixeira,Joaquim Carcavela,False
g46080,Raimundo Nunes da Rocha Junior,Rochinha,False
g46110,José  Elvecio  Barbosa Macêdo Silva,Vecim,False
g46156,Marcia Regina Pissolotto,Marcia Pissolotto,False
g46182,Fabio dos Santos Carvalho,Fábio Licínio,False
g46184,Camila Lima Sousa Cipriano,Dra Camila Cipriano,False
g46229,Nara Nubia Pereira de Andrade,Nara Nubia,False
g4623,Jose Antonio Bezerra,Zé do Tonho,False
g46246,Wilionaria Alves da Silva,Narinha,False
g46254,Antônia Leonarda da Conceição,Toinha do Deda,False
g46313,Valter Antonio de Oliveira,Valter do Campestre,False
g46319,Herlane Maria Rabelo de Azevedo Linhares,Herlane,False
g46346,Oneide Paes Landim de Oliveira,Oneide,False
g46384,Elizangela da Costa Sousa Passos,Elizangela Costa,False
g46413,Sílvia Maria Gomes de Araújo,Sílvia Gomes,False
g46474,Maria de Jesus Morais Silva,Jesus Morais,False
g4651,Maria Verisneide Pereira da Silva,Lelê,False
g46513,Domiciano Lopes dos Santos,Domiciano do Antenor,False
g46523,Aires Maria Barbosa de Queiroz,Aires Queiroz,False
g46533,Luis Alberto de Sena,Alberto Sena,False
g46550,Manoel Antonio da Silva Feitosa,Manoel Potonho,False
g46597,Sebastiana Maria Custodia,Sebastiana Maria,False
g46605,Maria Jaqueline Oliveira da Silva,Kelly Oliveira,False
g46616,Felipe de Carvalho Ribeiro,Felipe Ribeiro,False
g46652,Bartolomeu de Sousa Araujo,Bartolomeu,False
g4666,Audimon Rufo de Sousa,Audimon Rufo,False
g4669,Bartolomeu José Coelho,Bartolomeu,False
g46708,Leonisio Silva Feitosa,Leonisio Feitosa,False
g46784,Francisco Felix de Sousa,Felix de Sousa,False
g46792,Espedito Pereira dos Santos,Espedito Pereira,False
g46808,Marilene Gomes dos Santos,Professora Marilene,False
g46848,Cydihomara da Costa Vanderley,Cydi do Getúlio da Pesca,False
g46853,Jonas Soares da Cruz,Jonas Soares,False
g46857,Divina Alves de Andrade Rodrigues,Divina do Buriti,False
g46868,Odvaldo Lima Lopes,Odvaldo Lopes,False
g46879,Francisca Soares Alves,Boneca,False
g46895,Maria da Conceição Oliveira de Araujo,Conceição do Sindicato,False
g46904,Janaina Campos de Mesquita,Janaina,False
g46911,Claudiane Lopes da Silva,Claudiane Lopes,False
g46913,Reinaldo de Castro Santos Filho,Dr Reinaldo,False
g46914,Fabio Ribeiro Magalhães,Fábio Magalhães,False
g46930,Ederci Pereira de Sousa,Ederci da Saude,False
g46934,Domingos Reinaldo Diniz,Domingos Diniz,False
g46944,Gleisiane de Kelly Resende Sousa,Gleisiane Resende,False
g46969,Natalia de Sousa Silva,Irmã Natalia,False
g46977,Helano Lopes,Helano Lopes,False
g47036,Anderson Dias dos Santos,Anderson,False
g4707,José Adilson Nunes,Adilson Nunes,False
g47079,Petronilda Gomes dos Anjos,Petronilda,False
g47087,Jaciara de Sousa Nascimento,Jaciara de Sousa Nascimento,False
g471,José Araújo de Oliveira,José Araújo,False
g47113,Maria de Sousa Santa,Santinha Sousa,False
g47125,Douglas de Carvalho Lima,Dr Douglas,False
g47129,Reginaldo Joaquim da Cunha,Reginaldo Cunha,False
g47137,Valdevaldo da Costa Ramos,Valdevaldo Ramos,False
g47177,Fagner Roberto de Carvalho Leão,Tato Leão,False
g47216,Jose Francisco de Sousa,Jose Francisco Kariri,False
g47263,Francisco Jose Alves da Silva,Neném do Nezim,False
g47277,Uelbia Fernandes,Neguinha,False
g47292,Irante Vitalino de Oliveira,Irante,False
g47303,Jose Francisco de Carvalho Araújo,Zé Bezin,False
g4731,Manoel Francisco de Sousa,Manoel Joana,False
g47313,Rute Honório,Rute Honório,False
g47344,Zilneide Marques da Luz,Zilneide Marques,False
g47366,Geraldino Veloso de Oliveira,Geraldino,False
g47372,Francisco Leonardo dos Santos,Leonardo Simeão,False
g47388,José Luis Sousa,Dr Zé Luis,False
g47391,Raimundo Pereira da Silva,Raimundo Dió,False
g47415,Maria Deusenandes de Almeida Silva,Deusinha,False
g47437,Edilson Ribeiro Lima,Professor Edilson,False
g4744,Balduino Ferreira de Sousa,Dj Peso,False
g4745,Gilberto Gonçalves Guimarães,Foquito,False
g47458,João Carlos Cavalcante de Lima,João Carlos do Possidonio,False
g47470,Leandro de Lima,Leandro do Verdurão,False
g47475,Nalianio de Neiva Silva,Nalianio Neiva,False
g47481,Marcelino Jose de Sousa Neto,Zeca Joaquina,False
g47489,Francisco Martins dos Santos,Chiquin do Pt,False
g47506,Jeovano Pereira da Silva,Jeó,False
g47522,Ana Alice Correia,Ana Alice,False
g47525,Rodrigo Oliveira Araújo,Rodrigo Budiga,False
g47526,Francisco Deon da Câmara Falcão e Carvalho Montanha,Deon Falcão,False
g47527,Gilvan Meireles de Sousa,Gilvan da Pesca,False
g47561,Breno Gomes da Luz,Breno Luz,False
g47572,Luan Alves de Sousa,Luan Alves,False
g47584,Ramon Costa Lima,Ramon Belo,False
g47600,Maria Aparecida Barbosa da Silva,Aparecida Barbosa,False
g47602,Francisco de Assis Ferreira Neves,Assis Neves,False
g47633,Jose Francisco Ernesto Dias,Irmão Zé,False
g47651,Maria Noelma de Sousa Coelho,Noelma Quilombola,False
g47669,Jallison Araújo de Sousa,Prof Jallison Araújo,False
g47696,Débora Amorim Santos Macêdo,Débora Amorim,False
g47748,Maria Salvadora Xavier dos Santos,Salvadora,False
g47789,Atilla Luciano de Morais Silva,Luciano Silva,False
g47835,Cícero Pereira dos Santos,Cícero,False
g47847,Jozimar de Sousa Venção,Prof Jorginho,False
g47848,Ana Célia de Sousa,Professora Ana Célia,False
g47860,Patrícia Marks Nascimento Portela,Patrícia Portela,False
g47885,Tiago Lopes da Costa,Tiago Cassimiro,False
g47902,Micilene Fortes Rodrigues,Micilene Fortes,False
g47917,Maria das Mercês Alves de Carvalho,Mercês Carvalho,False
g4793,Juliana da Cruz Sousa,Juliana Sousa,False
g47931,Silvana de Sousa,Silvana,False
g47935,Genesio Pascoal Ribeiro,Genisio Pascoal,False
g47940,Marcia Regina Aparecida da Silva,Marcia Regina,False
g47942,Frenldo de Freitas Varão,Frenildo do Floriano,False
g47950,José Bezerra Campelo,Djacy Campelo,False
g47953,Kassio Leal Paraíba,Kassio Leal,False
g47955,Rejane Ribeiro Sousa Dias,Rejane Dias,False
g47956,Augusto Martins de Amorim Filho,Zé do Augusto,False
g47958,Jaqueline Goncalves Carvalho de Brito,Jaqueline Brito,False
g4797,Edivar de Sousa Araujo,Edivar Galo,False
g47976,Joaquim Malaquias Neto,Neto Malaquias,False
g47984,Francisca Gomes Ferreira Almeida,Preta do Gabriel,False
g48018,Luis Rocha da Silva,Pai Luis,False
g48071,Erivan Emerson de Sousa,Erivan de Aprigio,False
g48112,Josivan Joao de Carvalho,Guaraná,False
g48119,Joao  Gomes de Oliveira Neto,João Neto Gomes,False
g48129,Valdemir Silva Nunes,Valdemir Nunes,False
g48130,Edith Ferreira de Sousa,Professora Edith Ferreira,False
g48154,João da Silva Oliveira,João Neguim do Pt,False
g48169,Marinalva dos Santos Cruz Lima,Professora Marinalva,False
g48171,Ruydglan Rodrigues da Costa,Ruy Costa,False
g4821,Cleriston Silva Moura,Dr Cleriston,False
g48216,José Gomes de Sousa,Zezinho do Pt,False
g48230,José Sérvio Martins Filho,Servinho,False
g4828,João Batista Gomes de Lima,João Serafim,False
g48312,Paulo Henrique Carvalho da Silva,Paulo Henrique,False
g48321,Ademild Coelho dos Santos,Bibiu,False
g48383,Marcelo Leite da Cruz,Marcelo do Sindicato,False
g48396,Elena dos Santos,Elena,False
g48399,Raimundo Alves dos Santos Ferreira,R Alves,False
g48404,Wanderlan Pereira Lima,Professor Derlan,False
g48422,Pedro Everardo de Sousa Barbosa,Everardo,False
g48437,Maria do Rosario de Fatima Leite,Rosario Leite,False
g48438,Jardel Pereira Gomes da Silva,Jardel do Zé Jacó,False
g48440,Mario Cesar da Mata,Cesar do Jacu,False
g48441,Solange Inácio de Oliveira,Solange Inácio,False
g48446,Cleidimar Tavares Mendes Brito,Cleidimar Tavares,False
g48477,Genival João Cabral,Cabral,False
g48494,Francisco Cláudio Dantas de Sousa,Claudio Dantas,False
g48495,Acirlania Borges da Silva,Acirlania do Sindicato,False
g4850,Armando de Sousa Oliveira,Armando Batista,False
g48504,Gildeane Alves da Silva,Gil Cabellus,False
g48536,Roque Lima Bispo,Roque Bispo,False
g48538,Marilene Alves da Silva,Marilene,False
g48562,Nelson Lopes Castelo Branco Filho,Nelsinho,False
g48584,João Gabriel da Penha Araújo Batalha,Gabriel O Narrara,False
g48589,Joao Batista Romualdo Alves,Prof Romualdo Galeano,False
g48591,Wilma Gomes de Sousa,Wilma,False
g48610,Edilson Vieira Martins,Edilson Vieira,False
g48680,Raimundo Nonato Gomes de Brito,Nonato da Casa do Povo,False
g48682,Hildemar Viana da Silva,Hildo Viana,False
g48706,Natalicia da Cruz dos Santos Silva,Naty da Frutaria,False
g48713,Paula Ângela Lima Leal,Paula Leal,False
g48721,Gildeson Barroso Coelho,Gildim Barroso,False
g48728,Marcos Antonio de Oliveira Rufino,Marcos Antonio,False
g48763,Quirino Avelino Neto,Quirino Neto,False
g48765,Francisco Fabio dos Santos,Fabio Jabiraca,False
g48802,João Batista Marcilio Ribeiro,Ceará,False
g48838,Francisco Antonio da Silva,Dalua,False
g48839,Joao da Silva Fontenele,Neto Sao Miguel,False
g48842,Helio dos Santos Sousa Santana,Helio Santana,False
g4885,Noélia Cardoso Mesquita de Lira,Noélia dos Poços,False
g48855,Rita de Cassia de Sousa Abreu,Rita Abreu,False
g48863,Osvaldo Lima dos Santos,Osvaldo,False
g4887,Ranilson de Alencar Costa,Ranilson Alencar,False
g48885,Aldeane Miranda de Sousa,Enfermeira Aldeane,False
g48891,Francisco das Chagas Marinho Neto,Neto Marinho,False
g48912,Luiz Pereira de Souza,Luiz de Henrique,False
g48913,Sidiney Alves Martins,Sidiney Martins,False
g4893,Raimundo Rai Rodrigues Reis,Rai de Leodete,False
g48950,Humberto de Sousa Ferreira,Humberto Ferreira,False
g48974,Sabino Carvalho Neves,Sabino Neto,False
g48976,Sandra Josefa e Sousa,Sandra Sousa,False
g48986,Luiz Pereira Leite,Luiz de Elias,False
g48990,Rosângela Maria da Costa,Rosângela Costa,False
g48997,Raimundo Nonato Ximenes,Ximenes do Prado,False
g490,Lucelita de Araújo Lima Reis,Lucia Reis,False
g49002,Nilson Viana da Silva,Nilson Viana,False
g49018,Diamantina Dias Borges,Tina,False
g4902,Mariano Brito de Castro,Mariano do Natório,False
g49037,Higino Barbosa Filho,Goio Viana,False
g49059,Evaldo Gomes dos Santos,Evaldo Gomes,False
g49066,Raimundo Antão de Sousa,Raimundo Antão,False
g49085,João Lucas Santos Luz Leal,Dr. João Lucas,False
g49092,Alyson Devid Santiago Borges,Alyson Devid,False
g49095,Wallace Curvelo de Sousa,Wallace Corina,False
g49100,José Ribamar de Mesquita,Riba,False
g49128,Francisco dos Santos,Chico Santos,False
g49135,Francisco José Araújo dos Santos,Professor Galego,False
g49139,Manoel Felipe de Sousa,Manoel Perninha,False
g49143,Rony Samuel de Negreiros Nunes,Rony Samuel,False
g49151,Francisco de Assis Rodrigues Tôrres,Assis Tôrres,False
g49154,Jose Icemar Lavor Neri,Nerinho,False
g49162,Amanda Leal Nunes,Dra Amanda,False
g49203,Maria das Neves Vieira da Silva,Das Neves,False
g49208,Raimunda Maria da Silva,Raimunda do Quincas,False
g49231,Samuel de Oliveira Castro,Samuel Castro,False
g49246,Ezequiel Lima Passos,Professor Ezequiel,False
g49258,Ivan Lima e Silva,Ivan do Valle,False
g49266,Maria Gonçalves de Sousa,Maria Gonçalves,False
g49268,Marina Santos de Carvalho,Marina Pipiu,False
g49285,João Olímpio Fernandes,Professor João Olímpio,False
g4929,Luiza de Sousa Paixao e Silva,Irma Luiza Paixao,False
g49292,Adriana Sirqueira Silva,Adriana Sirqueira,False
g49309,Gidelson Pereira do Nascimento,Gidelson Pereira,False
g49310,Florisberto Vieira da Rocha,Beto Rocha,False
g49318,Jose Francisco Marques de Sousa,Zezão do Povão,False
g49320,Otilia Soares da Rocha,Irma Otilia,False
g49352,Jorgeane Lima Silva,Jorgeane,False
g49369,Antônia Gilcilene de Sousa Campos,Lena,False
g49403,Beatrice Pimentel Cavalcante Brito,Beatrice Pimentel,False
g49405,Ana Cristina Nonato Dias,Cristina Dias,False
g49426,Jose Dias de Oliveira,Zé Dias,False
g49436,Rafaela Maria de Carvalho,Rafaela Carvalho,False
g49467,Raimundo Oliveira Silva,Raimundo do Inácio,False
g49484,Antonia Leila Teles Alencar,Leila Alencar,False
g49497,Amaral Estrela,Amaral Estrela,False
g49516,Antonio Carlos Soares Neto,Toinho do Mistura Caseira,False
g49529,Elisabete Silva de Aguiar,Bete Aguiar,False
g49562,Jerônimo Caetano e Silva,Jerônimo,False
g496,Allyson Gomes Goncalves da Silva,Allyson Véi,False
g4960,Joniel Simeão Sousa da Silva,Joniel Simeão,False
g49608,Gervita Lopes Pessoa,Dona Gervita,False
g49625,Vandui Ledu de Brito,Vandui Ledu,False
g49646,Ozias de Sousa Lima,Ozias,False
g49649,Cláudio Rodrigues de Sousa Soares,Claudio Vereador,False
g49656,Antonio Carlos Camelo de Pinho,Carlão,False
g49704,Wagner Alencar Soares,Wagner da Emplacadora,False
g49730,Francisco Vieira da Silva,Chicão do Povo,False
g49759,Leandro da Silva Lopes,Leandro Lopes,False
g49785,Paulo Henrique Pereira dos Santos,Paulim,False
g49799,Giuselia Moura Oliveira,Giu Moura,False
g49806,Evandro Vieira de Araujo,Evandro Mano,False
g49818,Josiel Gomes dos Santos,Ciel,False
g49846,Brenda Lopes Nogueira,Brenda Nogueira,False
g49850,Everaldo Torquato de Oliveira,Professor Everaldo,False
g49852,Leonete Pereira de Santana,Leonete Santana,False
g49875,Francisco Guilherme dos Santos Araújo,Guilherme de Juracy,False
g49878,Francisca Pessoa de Alencar Neta,Francisca Neta,False
g49888,Maria da Conceição Barros Oliveira,Conceição Barros,False
g4991,Joao Abimael Neto,João Abimael,False
g49917,Tatiana Gomes Barreto da Silva,Tatiana,False
g49925,Allysson Guimarães Santos,Allysson Guimarães,False
g49933,Cicero André de Sousa,Cicero Victor,False
g4994,Jose Reis de Sousa,Zé Reis,False
g49940,Carlos Cesar da Rocha,Carlim do Ota,False
g49966,Eumadeus Pereira Ferreira,Eumadeus Pereira,False
g49967,José Luiz Pereira Lima,Ze Luiz Pereira,False
g49997,Mayara Lima Bezerra,Mayara Bezerra,False
g50003,Ana Maria Ferreira de Araújo,Ana Maria,False
g50008,Francisco Jose Alves da Silva,Franzé Silva,False
g50031,Jose Osmar Alves,Zé Osmar,False
g50036,Maria Angelita de Araújo,Maria de Edmilson,False
g50041,Eudes Alves,Eudes Alves,False
g50043,Ramon Ruben de Macêdo,Ramon Macêdo,False
g5011,Rosilene Cavalcante Soares,Rosa do Zequinha,False
g50117,Maria da Conceição Barreira Duailibe,Concita,False
g50137,Tiago de Queiroz Andrade,Professor Tiago,False
g50143,Adelane Pereira da Siva,Adelane Pereira,False
g50144,Danilo Damasio da Cunha Raulino,Danilo Damasio,False
g50153,Francisco Carvalho de Sousa,Fantta Carvalho,False
g50171,George Cavalcante Marques,George do Sossego,False
g50185,João da Cruz Veloso,Enfermeiro João da Cruz,False
g50188,Robert Brown Carcará da Silva,Brau,False
g50208,Silvia da Costa Santos,Silvia,False
g5022,João da Paixão dos Santos,João Te Busca,False
g50241,Ivo Rodrigues de Sousa Libanio,Ivo Rodrigues de Sousa Libanio,False
g50245,Edmilson Alves de Abreu,Edmilson Abreu,False
g50260,Deolindo Moura Neto,Deolindo Moura,False
g50288,Antônio Ribeiro da Silva Filho,Antonio Filho,False
g5029,Raimundo Nunes Ibiapino,Renato Ibiapino,False
g503,Altina de Souza Uchoa Alves,Dona Altina,False
g50329,Delson Rodrigues Nogueira,Delson Nogueira,False
g50335,Marcos Valone de Assis Pereira,Valone Fusca,False
g50353,João de Deus Sousa,João de Deus,False
g50358,Rogerio da Silva Sousa,Rogerio Canuto,False
g50393,Maylson da Silva  Santos,Maylson da Baixa Grande,False
g50397,Edilberto Borges de Oliveira,Dudu,False
g50402,Osmar Pereira de Moura,Mar de França,False
g50413,Cleiton Carlos Rodrigues Araújo,Cleiton,False
g50415,João Aparecido de Sousa,João Aparecido,False
g50430,Anna Carolina do Espirito Santo Cassiano Pereira,Ana Carolina,False
g50446,Francisco Rozeno da Silva,Chagas Rozeno,False
g50449,Jose Genilson Sobrinho,Genilson Sobrinho,False
g50457,Iolete Soares da Cunha,Iolete Soares,False
g50459,Ricardo Patrese Vilanova e Silva,Ricardo Patrese,False
g50473,Julio Cesar Carvalho Moraes,Julio Cesar,False
g50475,José Martins Saraiva Júnior,Júnior Martins,False
g50479,Maria de Fatima Ferreira da Silva,Professora Maria de Fátima,False
g50482,Luzilene Leocádio da Silva,Lene,False
g50484,Sandalo Vagner Nogueira,Sandalo,False
g50493,Manoel Aroldo Barreira Filho,Aroldin,False
g50549,Hilton Pereira da Rocha,Hilton Rocha,False
g5056,Erick Silva Sousa,Dodó Lanches,False
g50575,Dione Ribeiro Neves,Dione Neves,False
g50595,Ronivon Antonio de Carvalho,Ronivon Carvalho,False
g5060,Francisco Leôncio da Silva Bruno de Sousa,Leôncio Bruno,False
g50623,Antonio Arimateia Sales da Silva,Ary Silva,False
g50645,José Roberto de Oliveira,Zé Roberto,False
g50679,Lizandra Gomes de Carvalho,Lizandra Carvalho,False
g50698,Fabrícia dos Santos Vieira,Fabrícia Vieira,False
g50702,Michael Neri da Cruz,Mayckon Neri,False
g50753,Mauricio Luiz de Sousa,Mauricio Cota,False
g50761,Genival Antônio de Sousa,Gina,False
g50776,Júlio Cesar Araujo de Abreu,Prof Júlio Abreu,False
g508,Cicero de Carvalho Soares Filho,Professor Junior Carvalho,False
g50811,Euma Coelho Oliveira Assuncao,Euma Coelho,False
g50830,Manoel Bruno Vieira do Nascimento,Bruno da Reciclagem,False
g50863,Manoel Rodrigues da Silva Filho,Manoel do Zundão,False
g50870,Maria Vicerlândia de Oliveira,Nem,False
g5092,Antonio Tome Soares de Carvalho Neto,Tomé Portela,False
g50946,Maria Rejane Rodrigues dos Santos,Prof Rejane Santos,False
g50953,Jose Rodrigues de Oliveira,Desinho Poeta,False
g510,Ligia Alves de Sousa,Ligia Alves,False
g51001,Darcy Ribeiro Coelho,Darcy Coelho,False
g51018,Inayara Maria Jerico da Silva,Inayara Jerico,False
g51034,João Afonso Nunes da Cunha,João Afonso,False
g51036,Alice Virgínia da Silva,Alice Virgínia,False
g51060,Luis Carlos Rodrigues de Sousa,Luis Carlos,False
g51086,Edileusa Izabel de Sousa,Ana da Bezinha,False
g51096,Virgilio Siqueira Campos,Virgilio,False
g51110,Verilson Vírgilio de Sousa,Verilson,False
g51115,Elisia Barros Neres,Elisia Barros,False
g51137,José Eduardo Feitosa da Silva,Dachan,False
g51144,Franciane Galés Silva,Franciane Galés,False
g51159,Janeth Cléa Ribeiro de Alencar Barradas,Janeth Barradas,False
g51164,Luis Gonzaga Pereira dos Santos,Gonzaguinha,False
g51174,Francinete Araújo de Sousa,Neta do Raimundo Mariano,False
g5119,José Luiz de Sousa Coêlho,Zé Luiz,False
g51248,Maria Eliene Ribeiro Gonçalves,Maria da Lagoa D Agua,False
g51255,Alberto Barbosa Moura Junior,Junior da Saúde,False
g51275,Aline Alves Rodrigues,Aline Alves,False
g51293,Cristiano da Silva Santos,Cristiano Careca,False
g5130,Kailane da Silva Oliveira,Kailane Oliveira,False
g51305,Valdinar da Costa Saraiva,Valdinar Saraiva,False
g5131,Ivá Dias dos Reis,Ivá,False
g51310,Maria Luzia Pereira de Sousa,Luzia Pereira,False
g51311,Anderson Klismann Lima Moura,Dr Anderson,False
g51313,Maria Almeida Brandão de Oliveira,Irmã Almeida,False
g51336,Francisco das Chagas de Barros Miranda,Branco da Barra,False
g51342,Antonio Serjio Mendes da Rocha,Serginho do Pt,False
g5135,Angelo Rodrigo de Souza,Rodrigo,False
g5174,Zenaide Batista Lustosa Neta,Zenaide Lustosa,False
g5178,João Batista de Sousa,João do Pt,False
g518,Nélio José de Holanda Melo,Prof Nélio Holanda,False
g5211,Antonia de Sousa Batista,Toinha da Caipirinha,False
g5221,Francisco Samuel Nunes Saturnino,Samuel,False
g5238,Jayme Hebert Nunes,Jayme Hebert,False
g5249,Francisco de Sousa Neto,Neto,False
g5256,Manoel Rodrigues de Sousa,Manoel de Otílio,False
g531,Hélio Mauro Santos Silva,Hélio Nem,False
g5312,Adão José Rocha da Silva,Adão do Salobro,False
g533,Everaldo Bispo de Araújo,Everaldo Bispo,False
g5339,Tania Negreiros Martins,Pastora Tânia,False
g5368,Celio Pereira da Costa,Professor Celio,False
g5387,Daniel Roberto Coutinho Melo,Daniel Melo,False
g5390,Maria Lúcia Alves Ferreira,Lúcia Alves,False
g5404,Francisco de Sousa Coelho,Cochicho,False
g5413,João Luiz Alves Leite,Bibil da Ferreira,False
g5424,Savany Mendes Oliveira Souza,Irmã Savany,False
g5432,Joaquim da Silva Santos,Joaquim do Pt,False
g5437,Aurelio Jaime de Sousa e Silva,Prof Aurelio,False
g5443,Marilene Pereira Veloso Silva,Marilene Veloso,False
g5498,Sebastiao Neres da Silva,Sebastiao do Som,False
g5522,Renan da Rocha Pimentel,Renan Pimentel,False
g5529,Eni Coelho de Sousa Leite,Professora Eni,False
g5530,Pedro de Sousa Ramos,Pedro Cassiano,False
g5542,Rosana da Mota Lopes,Rosana Mota,False
g5551,Elevania Brito da Silva,Michele do Lindomar,False
g5556,Eriberto da Silva Araújo,Beto,False
g5571,Antonio José Ferreira da Silva,Antonio José Moita,False
g5582,Maria da Cruz Alves da Silva,Professora Cruz,False
g5612,Ruthrege Ribeiro Real,Ruth,False
g5625,Elineuda de Sousa Pereira,Elineuda,False
g564,Antonio Cícero Barbosa Rodrigues,Barbosa,False
g5663,Jose Nelson Fontenele Brito,Zé Nelson,False
g5666,Djanira Cabral de Melo,Dja Melo,False
g569,Francisco José da Silva,Diano de Cassinha,False
g5696,Maria Gorete Meneses de Cardoso,Gorete Loira,False
g5716,Eliezer Deveza Mendes,Galeguim,False
g5733,Lidia Ribeiro de Andrade,Lidia Ribeiro,False
g5753,Rosa Souza da Silva Oliveira,Rosa Oliveira,False
g5794,Adonias Joaquim Mascarenhas Lustosa de Amorim,Adonias Filho,False
g5796,Lindalva Maria Araújo Sales,Irmã Lindalva,False
g5814,Emanuel Alves Sobrinho,Emanuel Sobrinho,False
g5819,João de Barros Batista,Joao Batista,False
g5847,Diego Pereira da Silva,Diego da Salinas,False
g5856,Teliane Moraes e Silva,Teliane Moraes,False
g5869,José Cardoso de Brito,Zé Batata,False
g5874,Dalton Benvindo de Almeida Sobrinho,Dalton do Pedim,False
g5876,Valéria de Sousa Silva,Valéria,False
g5912,Lucirene Fernandes de Carvalho,Professora Lucirene Fernandes,False
g5920,Deunice Pereira Bispo,Deunice,False
g5927,Valmi Andrelino da Costa,Valmi,False
g5946,Simone dos Santos Lima,Simone,False
g5947,Simão Pedro Alves de Melo,Pedro Lima,False
g5952,Bruna Clementino Gonçalves,Bruna Clementino,False
g5984,Francisco Borges Leal,Borges,False
g5985,Lindinalva Braga da Silva Moreira,Loura Braga,False
g5988,Francisco Odorico Filho,Chagas Abílio,False
g60,Francisco Coêlho Ferreira,Chico Coelho,False
g6028,Khristian Lages de Carvalho,Khristian Lages,False
g6043,Marciel Antonio de Carvalho,Marciel Carvalho,False
g6045,Luciano Pereira Coelho,Luciano Cabeleleiro,False
g6071,Maria Ana de Carvalho,Irmã Mariinha,False
g6074,Enofre Carvalho da Silva,Enofre Carvalho,False
g6079,Valdinar Riques Nunes,Valdinar Riques,False
g612,Julia Marques Castelo Branco,Julia  Marques,False
g6139,José de Brito Amaral,Zé Nêga,False
g6164,Antônio Alves Pereira,Irmão Mancuso,False
g6180,Manoel Fernandes da Silva,Dedi Fernandes,False
g6217,Gisele Borges Lima da Costa,Gisele Borges,False
g6225,Edivaldo da Silva Fontes,Edivaldo Fontes,False
g6226,Gonçalina Viana de Alencar Cavalcante,Gonçalina Viana,False
g6230,Francilene dos Santos Carvalho,Lena de Aldo,False
g6243,Gismario Holanda dos Reis,Gismario,False
g6260,Lawan Kevenny Santos de Araujo,Lawan de Mauricinho,False
g6271,Elismar de Araujo Costa,Elismar Manan,False
g6289,Lucilio José Rodrigues Pereira,Lucilio Rodrigues,False
g6302,Ilza Batista de Sousa,Ilza Batista,False
g6306,James de Sena Pereira,James Sena,False
g6312,Maria da Luz Alencar,Daluz,False
g6318,Raimundo Oliveira da Silva,Raimundinho do Pt,False
g6333,Maria Irinelda Gomes de Oliveira Silva,Nelda,False
g6341,Hilda Maria Guimarães Neta,Hilda Maria,False
g6390,Edinalva da Luz,Edinalva,False
g6403,Jerffeson Henrique da Silva Santos,Pepi da Agespisa,False
g6425,Ernande de Jesus Nobreza,Ernande Nobreza,False
g6441,Laysse Ribeiro Costa,Laysse Ribeiro,False
g6448,Maria Elizabete da Silva,Betinha do Sindicato,False
g6453,Raimundo Nonato de Sousa Marques,Mundola,False
g6468,Maura Almeida Rêgo,Professora Maura Rêgo,False
g6500,Raimundo Neto de Sousa,Raimundo Neto,False
g6510,Wanderson de Lima Ribeiro Pinheiro,Wanderson Lima,False
g6547,Cristovao Clementino de Sousa Santos Neto,Cristovao Neto,False
g6551,Hércilia de Sousa Martins,Hércilia,False
g6558,Jeane Ramos Nunes,Jeane Ramos,False
g6572,José da Silva,Zé da Beta,False
g6581,Antonio Paulo Oliveira Machado,Antônio Paulo,False
g6603,Ernande Ribeiro dos Santos,Ernande,False
g6624,Francisco de Assis de Carvalho Sousa,Batatinha,False
g663,Natalia de Sena Monteiro Lima Pinheiro,Natalia Monteiro,False
g6638,Francisco das Chagas Pereira,Chaguinha Pereira,False
g6650,Miraci Pereira de Souza,Miraci,False
g6663,Adara Patrícia de Sousa Amaral,Adara Amaral,False
g6697,Ivoneide Ferreira de Sousa,Ivoneide Ferreira de Sousa,False
g6709,Pedro Paulo Soares,Irmão Pedrinho,False
g6724,Antonio Francisco das Chagas,Irmao Toinho Reboco,False
g6738,Clessio Reis Silva Veira,Clessio Reis,False
g6739,Raimundo Nonato de Macedo,Raimundo,False
g6742,Adelson Dias da Rocha,Adelson Rocha,False
g6758,Genilda de Oliveira Costa,Genilda Costa,False
g6765,José Garcia dos Santos,Zé Garcia,False
g6774,Sebastião José da Silva Franco,Sebastião Franco,False
g6784,Antônio José Gonçalves da Silva,Antônio José,False
g6834,Francisco James Aguiar Mascarenhas,James Aguiar,False
g6881,Joelma Alves Cardoso,Joelma das Almas,False
g6955,Lilia Raquel Ferreira de Medeiros,Lilia Medeiros,False
g7013,Isaias Vieira da Silva Neto,Isaias Neto,False
g7059,Regina Alves de Morais,Regina Morais,False
g706,Maria Jeane Honório de Figueiredo,Jeane do Dorias,False
g7067,Juliana Maria Lima da Costa,Juliana Lima,False
g7079,Genesdean Alves Lima,Dean Lima,False
g7115,Cicero Marcos de Oliveira,Cicero do Cabana,False
g7116,Francisco Almeida Nunes Guimaraes,Almeidinha,False
g7193,Reginaldo Ribeiro dos Santos,Reginaldo Ribeiro,False
g7203,Tatiane de Lima Moreira,Tatiane Moreira,False
g723,Luiz Pereira da Silva,Negão de Nina,False
g7241,Francisco Jose Silva Sousa,Zezinho do Murici,False
g7268,Maria de Fátima Pereira da Silva,Fatinha,False
g7332,Jair Lima Viana,Jair Viana,False
g7369,Joao Uverlanio Nogueira Filho,Dr Verlandim,False
g7386,Jamilson Marta do Nascimento,Jamilson Marta,False
g7387,Mariana de Fátima Sousa Sobrinho,Mariana Sobrinho,False
g7395,Eliane Coelho,Eliane Coelho,False
g7418,Diego de Sousa Borges,Dieguim,False
g7470,Cristina Maria Lima Farias,Cristina do Santo Antonio,False
g7529,Jose Edson da Costa,Dede do Caminhão,False
g7533,Gilmar de Oliveira Lima,Gilmar Lima,False
g7553,José Luiz de Carvalho Junior,Doutor José Luiz Junior,False
g7558,Isaias Leonidas Veras,Isaias,False
g7561,Roberto Carlos Ribeiro Rocha,Roberto Rocha,False
g7569,José Pereira de Sousa,Zé Pereira,False
g759,Raimundo Nonato Alves Paes Landim,Nonatinho,False
g7605,Rodrigo Eric Pereira Teixeira,Rodrigo Teixeira,False
g7609,Marcio Willian Maia Alencar,Marcio Alencar,False
g7613,Francisco Vildemar Silva Soares,Vildemar Soares,False
g7622,Fernanda Aparecida de Moura Sousa,Fernanda Sousa,False
g7634,José do Egito Ferreira dos Santos,Zé do Egito,False
g7665,Edison Feitosa Torres,Edson Torres,False
g7672,Antonio Francisco de Freitas,Antônio de Constâncio,False
g7678,Jose Ribamar Noleto de Santana,Zé Santana,False
g768,Amauri Henrique Benvindo Guimaraes de Sousa,Amauri Banana,False
g7681,Antonio da Cunha Oliveira Abreu,Antonio Neto,False
g7683,Francisco Alves de Sousa,Nenen Pezão,False
g7690,Antonio Reis Sobrinho,Mano da Água,False
g77,José Gutemberg de Sena,Gutemberg,False
g7700,Isabela Fonseca Cavalcante Vilar Pinto,Isabela Pinto,False
g772,Claudio Venicius Escorcio Linhares,Claudio Venicius,False
g7740,Miguel Ferreira Cruz,Miguelzinho da Cachoeira,False
g7769,José Barbosa da Silva,Zezim Mototaxi,False
g7791,Oscar Nunes da Costa,Oscar,False
g7869,Charliene Costa Sousa Moura,Charliene Mariano,False
g7879,Maria Alice Pires da Silva Sousa,Maria Alice,False
g789,Francisco Vaner Soares,Irmão Vaner,False
g7893,Maria Aparecida dos Santos Barbosa Baldoino,Aparecida Barbosa,False
g7900,Renata Rodrigues de Carvalho,Renata Rodrigues,False
g7906,Lucimar de Sousa Bispo,Lucimar Bispo,False
g7913,Osvaldo João dos Santos,Osvaldo Vermelho,False
g7915,Raimundo Nonato Costa e Sousa,Raimundo Ciríaco,False
g7923,Maria do Socorro Carvalho Sousa,Socorrinha,False
g7968,Joan de Albuquerque Rocha,Joan Rocha,False
g7991,Josue Cardoso de Abreu,Josue Cardoso,False
g7995,Márcia Francinete Lima Moura Fé,Márcia Moura,False
g8002,Alda Natália Oliveira Monteiro,Alda Monteiro,False
g804,Josefa Guarino de Moura Sá,Josefa Guarino,False
g8080,Deuzinete de Sousa Oliveira,Deuzinete Oliveira,False
g8089,Francisco de Assis Oliveira Aguiar,Diassis do Sindicato,False
g8098,José Ribamar de Sousa Oliveira,Ribamar,False
g8132,João Bosco de Sousa,João de Helena,False
g8143,Edmilson Batista da Silva,Edmilson Batista,False
g8144,Geane da Silva Vieira,Professora Geane Vieira,False
g8150,Fabiana Miranda dos Santos,Fabiana Miranda,False
g8184,Mizael Fortes Vaz,Peixinho,False
g8243,Bruno Coelho de Sa,Bruno Coelho,False
g8246,José da Cruz Soares,Irmão Zé da Cruz,False
g8251,Edilson Manoel da Rocha,Didissa,False
g8270,Alessandro Ribeiro Santos,Alessandro da Chapadinha,False
g8284,Fernanda de Sousa Silva,Fernanda,False
g8301,Raimundo Nonato Fernandes,Burranga,False
g8353,Marcos Antonio de Moura,Marcos Moura,False
g8414,Jeovane dos Santos Sampaio,Jeovane Sampaio,False
g8419,Ivan Calixto de Carvalho,Ivan Calixto,False
g8468,Reginaldo Vieira de Moura,Reginaldo do Simão,False
g850,Robert Dyhego Lima Silva,Diêgo,False
g8519,Marineito Próspero de Sousa,Bedêta,False
g8525,Luciano Fonseca de Sousa,Luciano Fonseca,False
g8531,Gilmar de Sousa e Silva,Gilmar Sousa,False
g8532,Maria Irami Sobral Araujo,Bibi do Pt,False
g8545,Jose Bismarque da Costa Sousa,Bismarque,False
g8553,Jose Raimundo Rodrigues da Silva,Xerim,False
g8594,Neuma Maria Café Barroso,Neuma Café,False
g8643,José Idelfonso de Sousa Pinto Junior,Idelfonso,False
g8645,Jose Francisco Correia Brito,Zé Pequeno,False
g8657,Aylton Alysson Galdino de Moura,Aylton Moura,False
g8682,Antonio Alves Mergelino,Professor Mergelino,False
g8726,Brenno Jose de Albuquerque Fonseca,Brenno Albuquerque,False
g8731,José da Cruz Muniz da Silva,Zezé do Paichicô,False
g8734,Márcio José Soares Santos,Márcio Soares,False
g8747,Ismael de Sousa Lima,Ismael da Farmacia,False
g8761,Wilson de Oliveira Monteiro,Wilson Monteiro,False
g8772,Nilton Cezar Mouta de Amorim,Nilton da Sucata,False
g8780,Antonio Marcos Rocha,Professor Marcos,False
g8784,Icleidi Vieira Soares,Icleidi,False
g8811,Nyelton Teixeira de Oliveira,Nyelton Teixeira,False
g8818,Maria de Lourdes Sousa Pinto e Silva,Lurdinha,False
g883,Drielle Maria Arrais Pereira,Drielle Arrais,False
g8850,Patricia Vasconcelos Lima,Patricia Vasconcelos,False
g8876,Denis de Souza Silva,Denis,False
g8884,Jose Ronaldo de Moura Santos,Ronaldo Raimundo do Candinho,False
g8888,Reginaldo Solano Passos,Reginaldo Solano,False
g893,Adalberto Francisco da Silva,Adalberto Francisco,False
g8939,Nivaldo da Silva Araujo,Professor Nivaldo,False
g8941,Bruna Silva de Almeida,Bruna Almeida,False
g8947,Francisco Pedro de Araujo,Chico Pitu,False
g9029,Vicente Alves da Silva Neto,Vicente,False
g9042,José Mesquita dos Santos Neto,Zé Neto,False
g9077,Ana Carolina Sousa Brito,Carol da Duzanjos,False
g9081,Henrique César Rodrigues Santos,Henrique César Rodrigues Santo,False
g9094,Maria Sonia Durçulino da Costa,Sonia Durçulino,False
g91,Iraneide de Sousa Silva,Neide do Conjunto,False
g9101,Ana Raimunda Fonseca de Sousa,Ana Fonseca,False
g9105,Francildo Bahia Carvalho Leite,Francildo Bahia,False
g9113,José Everardo Lucas,Everardo Lucas,False
g9139,Silvio Quintino Lacerda,Silvio Lacerda,False
g9157,Jusseneide de Carvalho Araujo,Jusseneide Carvalho,False
g920,Jose Vicente Vilanova,Ze Vicente,False
g9249,Antonio Francisco de Barros,Antonio Barros,False
g9261,Mauricio Mario Coelho,Mauricio de Mario,False
g9282,Belmarcos Alves Ribeiro,Bel do D Guster,False
g930,Jose Lino de Abreu,Zé do Aldir,False
g9319,Bibiana da Silva Costa Neta,Bibiana Costa,False
g9325,Francisco Vieira de Carvalho Neto,Tico Vieira,False
g9394,Atyla Helton de Sousa Ribeiro,Atyla,False
g9397,Aclicia Mendes da Costa,Aclicia Mendes,False
g9409,Carlos Andre Florentino Brito,Nem do Bar São Jorge,False
g9438,Francisco Fernandes Gomes Ferreira,Fernando Ferreira,False
g945,Genival Bezerra da Silva,Genival Bezerra,False
g9456,Cícero Alves Português,Cícero da Confiança,False
g9492,Nailson Alves Pereira,Nailson Alves,False
g95,Juliana Patrícia Neves Lopes,Juliana Lopes,False
g9531,Rubens Alexandre de Sousa,Rubens Alexandre de Sousa,False
g9577,Jackson Rodrigues da Silva,Pastor Jackson,False
g9579,Marcos Eduardo da Silva Brito,Marquinho do Paredão,False
g9612,Elza Petronila de Carvalho Araujo,Elza Carvalho,False
g9617,Marcelino Manoel de Sá,Marcelo Veiculos,False
g962,Antonio Francisco de Sousa,Toinho Sales,False
g9657,Josilene Ferreira de Sousa,Josy Motta,False
g9684,Jose Nivaldo de Sousa Silva,Zé Nivaldo,False
g9685,Adeir Xavier da Silva,Adeir,False
g9700,Francisco Cicinato de Sousa,Chico Cinato,False
g9712,Fernando da Cunha César Filho,Fernando César,False
g9716,Antonia Maria de Amorim da Silva,Branca Silva,False
g9722,Aluizio Moreira Vaz,Aluizio Vaz,False
g9729,Ana Lucia Rodrigues Ribeiro,Ana Lucia Ribeiro,False
g9733,Emerson Gomes da Silva,Som do Mdb,False
g9739,Edivaldo Almeida Lima,Edivaldo Lima,False
g975,Alan de Franca Barbosa,Alan de Graça,False
g9787,Antonio Borba da Silva,Toin Borba,False
g9821,Ana Paula de Sousa Castro,Paula Castro,False
g9823,Benedito Pessoa de Castro,Dos Santos,False
g983,Antonio de Padua Freitas Filho,Antonio Padua,False
g9934,Francy Izaias Barroso,Irmão Barroso,False
g9963,Alessandra Pereira da Silva Sousa,Alessandra,False
g9966,Aristides Evaristo dos Santos,Aristides do Pt,False
g9973,Gilberto Coelho Duarte,Gilberto,False
g998,Raimundo Nonato da Conceição Santos,Nonato Lero,False
