disputa,CD_IBGE,cd_tse,municipio,aptos,comparecimento,votos_dados,abstencoes,brancos,nulos,votos_validos,pct_abstencao,pct_brancos,pct_nulos
Deputado Estadual 2022,3204658,56006,São Domingos do Norte,7586,6234,6234,1352,266,135,5833,17.8223,4.2669,2.1655
Deputado Estadual 2022,3200102,56014,Afonso Cláudio,25363,18641,18641,6722,1228,1128,16285,26.5032,6.5876,6.0512
Deputado Estadual 2022,3200169,56022,Água Doce do Norte,10632,7910,7910,2722,223,153,7534,25.602,2.8192,1.9343
Deputado Estadual 2022,3200201,56030,Alegre,23807,18405,18405,5402,857,3838,13710,22.6908,4.6563,20.853
Deputado Estadual 2022,3202652,56049,Irupi,11091,8401,8401,2690,587,182,7632,24.2539,6.9873,2.1664
Deputado Estadual 2022,3200300,56057,Alfredo Chaves,12478,9701,9701,2777,679,441,8581,22.2552,6.9993,4.5459
Deputado Estadual 2022,3200359,56065,Alto Rio Novo,6366,4564,4564,1802,177,63,4324,28.3066,3.8782,1.3804
Deputado Estadual 2022,3200409,56073,Anchieta,22580,18832,18832,3748,1087,628,17117,16.5988,5.7721,3.3347
Deputado Estadual 2022,3205150,56081,Vila Pavão,7327,6128,6128,1199,191,154,5783,16.3641,3.1168,2.5131
Deputado Estadual 2022,3200508,56090,Apiacá,6169,4790,4790,1379,154,229,4407,22.3537,3.215,4.7808
Deputado Estadual 2022,3203346,56103,Marechal Floriano,13416,10978,10978,2438,963,1756,8259,18.1723,8.7721,15.9956
Deputado Estadual 2022,3200607,56111,Aracruz,72231,55817,55817,16414,3766,3044,49007,22.7243,6.747,5.4535
Deputado Estadual 2022,3203320,56120,Marataízes,31290,24376,24376,6914,1250,578,22548,22.0965,5.128,2.3712
Deputado Estadual 2022,3200706,56138,Atílio Vivácqua,8868,7200,7200,1668,337,133,6730,18.8092,4.6806,1.8472
Deputado Estadual 2022,3201159,56146,Brejetuba,10205,7517,7517,2688,397,295,6825,26.34,5.2814,3.9244
Deputado Estadual 2022,3200805,56154,Baixo Guandu,23922,18621,18621,5301,821,527,17273,22.1595,4.409,2.8301
Deputado Estadual 2022,3204955,56162,São Roque do Canaã,9527,7793,7793,1734,405,200,7188,18.2009,5.197,2.5664
Deputado Estadual 2022,3200904,56170,Barra de São Francisco,33757,24405,24405,9352,748,431,23226,27.7039,3.0649,1.766
Deputado Estadual 2022,3205010,56189,Sooretama,20120,15025,15025,5095,1011,448,13566,25.3231,6.7288,2.9817
Deputado Estadual 2022,3201001,56197,Boa Esperança,10744,8521,8521,2223,361,175,7985,20.6906,4.2366,2.0537
Deputado Estadual 2022,3204252,56200,Ponto Belo,6402,4810,4810,1592,158,137,4515,24.8672,3.2848,2.8482
Deputado Estadual 2022,3201100,56219,Bom Jesus do Norte,7412,6106,6106,1306,324,340,5442,17.6201,5.3063,5.5683
Deputado Estadual 2022,3205176,56227,Vila Valério,12401,10074,10074,2327,444,272,9358,18.7646,4.4074,2.7
Deputado Estadual 2022,3201209,56235,Cachoeiro de Itapemirim,141627,112248,112248,29379,7293,3370,101585,20.7439,6.4972,3.0023
Deputado Estadual 2022,3201308,56251,Cariacica,272589,217706,217706,54883,15438,10464,191804,20.134,7.0912,4.8065
Deputado Estadual 2022,3201407,56278,Castelo,29340,23261,23261,6079,1511,1065,20685,20.7192,6.4959,4.5785
Deputado Estadual 2022,3201506,56294,Colatina,92534,72147,72147,20387,3370,2026,66751,22.0319,4.671,2.8082
Deputado Estadual 2022,3202256,56308,Governador Lindenberg,8810,6808,6808,2002,279,164,6365,22.7242,4.0981,2.4089
Deputado Estadual 2022,3201605,56316,Conceição da Barra,23661,16687,16687,6974,972,914,14801,29.4747,5.8249,5.4773
Deputado Estadual 2022,3201704,56332,Conceição do Castelo,10305,7640,7640,2665,581,1858,5201,25.8612,7.6047,24.3194
Deputado Estadual 2022,3201803,56359,Divino de São Lourenço,4303,3454,3454,849,167,118,3169,19.7304,4.835,3.4163
Deputado Estadual 2022,3201902,56375,Domingos Martins,28562,23511,23511,5051,1987,3447,18077,17.6843,8.4514,14.6612
Deputado Estadual 2022,3202009,56391,Dores do Rio Preto,6142,4833,4833,1309,301,195,4337,21.3123,6.228,4.0348
Deputado Estadual 2022,3202108,56413,Ecoporanga,19257,14286,14286,4971,371,522,13393,25.814,2.5969,3.6539
Deputado Estadual 2022,3202207,56430,Fundão,14178,11221,11221,2957,689,453,10079,20.8563,6.1403,4.0371
Deputado Estadual 2022,3202306,56456,Guaçuí,21754,16434,16434,5320,1247,716,14471,24.4553,7.5879,4.3568
Deputado Estadual 2022,3202405,56472,Guarapari,96484,74753,74753,21731,4522,3246,66985,22.5229,6.0493,4.3423
Deputado Estadual 2022,3202504,56499,Ibiraçu,9692,7626,7626,2066,487,419,6720,21.3165,6.386,5.4944
Deputado Estadual 2022,3202553,56502,Ibitirama,6965,5738,5738,1227,272,149,5317,17.6167,4.7403,2.5967
Deputado Estadual 2022,3202603,56510,Iconha,11328,9178,9178,2150,555,402,8221,18.9795,6.0471,4.38
Deputado Estadual 2022,3202702,56537,Itaguaçu,11671,8949,8949,2722,529,287,8133,23.3228,5.9113,3.2071
Deputado Estadual 2022,3202801,56553,Itapemirim,35372,28117,28117,7255,1346,664,26107,20.5106,4.7871,2.3616
Deputado Estadual 2022,3202900,56570,Itarana,9441,7483,7483,1958,364,378,6741,20.7393,4.8644,5.0514
Deputado Estadual 2022,3203007,56596,Iúna,20757,16040,16040,4717,751,440,14849,22.7249,4.682,2.7431
Deputado Estadual 2022,3203106,56618,Jerônimo Monteiro,9953,7749,7749,2204,382,297,7070,22.1441,4.9297,3.8328
Deputado Estadual 2022,3203130,56626,João Neiva,12813,10205,10205,2608,723,561,8921,20.3543,7.0848,5.4973
Deputado Estadual 2022,3203205,56634,Linhares,118258,90847,90847,27411,6774,3913,80160,23.179,7.4565,4.3072
Deputado Estadual 2022,3203304,56650,Mantenópolis,10942,7541,7541,3401,308,192,7041,31.0821,4.0843,2.5461
Deputado Estadual 2022,3203403,56677,Mimoso do Sul,19530,16069,16069,3461,825,424,14820,17.7215,5.1341,2.6386
Deputado Estadual 2022,3203502,56693,Montanha,14911,11106,11106,3805,648,521,9937,25.5181,5.8347,4.6912
Deputado Estadual 2022,3203601,56715,Mucurici,5068,3924,3924,1144,97,75,3752,22.573,2.472,1.9113
Deputado Estadual 2022,3203700,56731,Muniz Freire,14356,11074,11074,3282,555,563,9956,22.8615,5.0117,5.084
Deputado Estadual 2022,3203809,56758,Muqui,11025,9074,9074,1951,613,362,8099,17.6961,6.7556,3.9894
Deputado Estadual 2022,3203908,56774,Nova Venécia,39636,29813,29813,9823,1490,824,27499,24.783,4.9978,2.7639
Deputado Estadual 2022,3204005,56790,Pancas,16135,11337,11337,4798,372,204,10761,29.7366,3.2813,1.7994
Deputado Estadual 2022,3204104,56812,Pinheiros,17988,13840,13840,4148,586,478,12776,23.0598,4.2341,3.4538
Deputado Estadual 2022,3204203,56839,Piúma,17009,13248,13248,3761,765,607,11876,22.1118,5.7745,4.5818
Deputado Estadual 2022,3204302,56855,Presidente Kennedy,12248,9827,9827,2421,340,169,9318,19.7665,3.4599,1.7198
Deputado Estadual 2022,3204401,56871,Rio Novo do Sul,8668,7344,7344,1324,408,216,6720,15.2746,5.5556,2.9412
Deputado Estadual 2022,3204500,56898,Santa Leopoldina,10045,8064,8064,1981,508,365,7191,19.7213,6.2996,4.5263
Deputado Estadual 2022,3204609,56910,Santa Teresa,20158,15563,15563,4595,1057,717,13789,22.7949,6.7917,4.6071
Deputado Estadual 2022,3204708,56936,São Gabriel da Palha,25527,19586,19586,5941,854,532,18200,23.2734,4.3603,2.7162
Deputado Estadual 2022,3204807,56952,São José do Calçado,8634,6974,6974,1660,212,202,6560,19.2263,3.0399,2.8965
Deputado Estadual 2022,3204906,56979,São Mateus,88221,66807,66807,21414,4058,2142,60607,24.2731,6.0742,3.2063
Deputado Estadual 2022,3205002,56995,Serra,349188,277868,277868,71320,19865,13314,244689,20.4245,7.1491,4.7915
Deputado Estadual 2022,3205101,57010,Viana,51440,42043,42043,9397,3033,1995,37015,18.2679,7.214,4.7451
Deputado Estadual 2022,3205200,57037,Vila Velha,335656,277136,277136,58520,16576,14006,246554,17.4345,5.9812,5.0538
Deputado Estadual 2022,3205309,57053,Vitória,263955,219007,219007,44948,11608,9741,197658,17.0287,5.3003,4.4478
Deputado Estadual 2022,3203353,57070,Marilândia,10421,8698,8698,1723,497,343,7858,16.5339,5.714,3.9434
Deputado Estadual 2022,3202454,57096,Ibatiba,18405,14872,14872,3533,963,583,13326,19.1959,6.4753,3.9201
Deputado Estadual 2022,3204351,57118,Rio Bananal,15328,11795,11795,3533,705,564,10526,23.0493,5.9771,4.7817
Deputado Estadual 2022,3203056,57134,Jaguaré,22438,17516,17516,4922,1241,453,15822,21.936,7.085,2.5862
Deputado Estadual 2022,3204054,57150,Pedro Canário,18537,13207,13207,5330,569,329,12309,28.7533,4.3083,2.4911
Deputado Estadual 2022,3203163,57916,Laranja da Terra,9217,7667,7667,1550,393,325,6949,16.8168,5.1259,4.2389
Deputado Estadual 2022,3204559,57932,Santa Maria de Jetibá,30217,24944,24944,5273,1392,742,22810,17.4504,5.5805,2.9747
Deputado Estadual 2022,3205036,57959,Vargem Alta,15707,12543,12543,3164,855,484,11204,20.1439,6.8166,3.8587
Deputado Estadual 2022,3205069,57975,Venda Nova do Imigrante,19033,14639,14639,4394,1090,967,12582,23.0862,7.4459,6.6056
Deputado Estadual 2022,3200136,57991,Águia Branca,8581,6733,6733,1848,197,98,6438,21.536,2.9259,1.4555
Deputado Estadual 2026,3204658,56006,São Domingos do Norte,8443,6738,6738,1705,322,123,6293,20.1942,4.7789,1.8255
Deputado Estadual 2026,3200102,56014,Afonso Cláudio,26253,19357,19357,6896,1073,662,17622,26.2675,5.5432,3.42
Deputado Estadual 2026,3200169,56022,Água Doce do Norte,11111,8575,8575,2536,240,163,8172,22.8242,2.7988,1.9009
Deputado Estadual 2026,3200201,56030,Alegre,23553,17939,17939,5614,890,504,16545,23.8356,4.9613,2.8095
Deputado Estadual 2026,3202652,56049,Irupi,11392,8659,8659,2733,558,235,7866,23.9905,6.4442,2.7139
Deputado Estadual 2026,3200300,56057,Alfredo Chaves,12984,10050,10050,2934,529,284,9237,22.597,5.2637,2.8259
Deputado Estadual 2026,3200359,56065,Alto Rio Novo,6545,5055,5055,1490,206,155,4694,22.7655,4.0752,3.0663
Deputado Estadual 2026,3200409,56073,Anchieta,24797,20320,20320,4477,961,674,18685,18.0546,4.7293,3.3169
Deputado Estadual 2026,3205150,56081,Vila Pavão,7761,6574,6574,1187,252,149,6173,15.2944,3.8333,2.2665
Deputado Estadual 2026,3200508,56090,Apiacá,6320,4906,4906,1414,144,127,4635,22.3734,2.9352,2.5887
Deputado Estadual 2026,3203346,56103,Marechal Floriano,14378,11387,11387,2991,835,375,10177,20.8026,7.3329,3.2932
Deputado Estadual 2026,3200607,56111,Aracruz,75116,57898,57898,17218,2543,1558,53797,22.9219,4.3922,2.6909
Deputado Estadual 2026,3203320,56120,Marataízes,33341,27299,27299,6042,995,1483,24821,18.1218,3.6448,5.4324
Deputado Estadual 2026,3200706,56138,Atílio Vivácqua,9255,7559,7559,1696,318,158,7083,18.3252,4.2069,2.0902
Deputado Estadual 2026,3201159,56146,Brejetuba,10987,8056,8056,2931,404,183,7469,26.677,5.0149,2.2716
Deputado Estadual 2026,3200805,56154,Baixo Guandu,24892,19243,19243,5649,944,512,17787,22.694,4.9057,2.6607
Deputado Estadual 2026,3204955,56162,São Roque do Canaã,9890,7809,7809,2081,435,209,7165,21.0415,5.5705,2.6764
Deputado Estadual 2026,3200904,56170,Barra de São Francisco,34548,25607,25607,8941,986,468,24153,25.8799,3.8505,1.8276
Deputado Estadual 2026,3205010,56189,Sooretama,20980,15359,15359,5621,1284,513,13562,26.7922,8.3599,3.3401
Deputado Estadual 2026,3201001,56197,Boa Esperança,11266,8994,8994,2272,291,170,8533,20.1669,3.2355,1.8901
Deputado Estadual 2026,3204252,56200,Ponto Belo,6490,4985,4985,1505,119,86,4780,23.1895,2.3872,1.7252
Deputado Estadual 2026,3201100,56219,Bom Jesus do Norte,8487,6731,6731,1756,305,252,6174,20.6905,4.5313,3.7439
Deputado Estadual 2026,3205176,56227,Vila Valério,12919,10536,10536,2383,502,291,9743,18.4457,4.7646,2.762
Deputado Estadual 2026,3201209,56235,Cachoeiro de Itapemirim,134025,109846,109846,24179,6359,2782,100705,18.0407,5.789,2.5326
Deputado Estadual 2026,3201308,56251,Cariacica,274127,213622,213622,60505,14261,7234,192127,22.0719,6.6758,3.3864
Deputado Estadual 2026,3201407,56278,Castelo,30029,23859,23859,6170,1402,691,21766,20.5468,5.8762,2.8962
Deputado Estadual 2026,3201506,56294,Colatina,87108,71034,71034,16074,5012,2747,63275,18.453,7.0558,3.8672
Deputado Estadual 2026,3202256,56308,Governador Lindenberg,9107,7005,7005,2102,366,204,6435,23.0811,5.2248,2.9122
Deputado Estadual 2026,3201605,56316,Conceição da Barra,25964,18471,18471,7493,1035,639,16797,28.8592,5.6034,3.4595
Deputado Estadual 2026,3201704,56332,Conceição do Castelo,9986,7743,7743,2243,531,351,6861,22.4614,6.8578,4.5331
Deputado Estadual 2026,3201803,56359,Divino de São Lourenço,4889,3960,3960,929,174,107,3679,19.0018,4.3939,2.702
Deputado Estadual 2026,3201902,56375,Domingos Martins,29142,23668,23668,5474,1544,808,21316,18.7839,6.5236,3.4139
Deputado Estadual 2026,3202009,56391,Dores do Rio Preto,6285,4953,4953,1332,262,172,4519,21.1933,5.2897,3.4726
Deputado Estadual 2026,3202108,56413,Ecoporanga,19064,14249,14249,4815,365,217,13667,25.257,2.5616,1.5229
Deputado Estadual 2026,3202207,56430,Fundão,14736,11542,11542,3194,501,320,10721,21.6748,4.3407,2.7725
Deputado Estadual 2026,3202306,56456,Guaçuí,22346,16843,16843,5503,905,534,15404,24.6263,5.3732,3.1705
Deputado Estadual 2026,3202405,56472,Guarapari,101524,77129,77129,24395,4665,3931,68533,24.0288,6.0483,5.0967
Deputado Estadual 2026,3202504,56499,Ibiraçu,9933,7627,7627,2306,343,239,7045,23.2155,4.4972,3.1336
Deputado Estadual 2026,3202553,56502,Ibitirama,7470,6144,6144,1326,323,145,5676,17.751,5.2572,2.36
Deputado Estadual 2026,3202603,56510,Iconha,11401,9176,9176,2225,537,361,8278,19.5158,5.8522,3.9342
Deputado Estadual 2026,3202702,56537,Itaguaçu,11740,8772,8772,2968,479,277,8016,25.2811,5.4606,3.1578
Deputado Estadual 2026,3202801,56553,Itapemirim,36630,29271,29271,7359,1081,714,27476,20.0901,3.6931,2.4393
Deputado Estadual 2026,3202900,56570,Itarana,9584,7362,7362,2222,289,214,6859,23.1845,3.9256,2.9068
Deputado Estadual 2026,3203007,56596,Iúna,21278,16199,16199,5079,869,443,14887,23.8697,5.3645,2.7347
Deputado Estadual 2026,3203106,56618,Jerônimo Monteiro,10071,7877,7877,2194,307,251,7319,21.7853,3.8974,3.1865
Deputado Estadual 2026,3203130,56626,João Neiva,12793,10056,10056,2737,464,372,9220,21.3945,4.6142,3.6993
Deputado Estadual 2026,3203205,56634,Linhares,122326,92893,92893,29433,6598,3509,82786,24.0611,7.1028,3.7775
Deputado Estadual 2026,3203304,56650,Mantenópolis,10402,7733,7733,2669,289,154,7290,25.6585,3.7372,1.9915
Deputado Estadual 2026,3203403,56677,Mimoso do Sul,19743,15697,15697,4046,794,442,14461,20.4933,5.0583,2.8158
Deputado Estadual 2026,3203502,56693,Montanha,15420,11630,11630,3790,613,309,10708,24.5785,5.2709,2.6569
Deputado Estadual 2026,3203601,56715,Mucurici,5140,4032,4032,1108,138,85,3809,21.5564,3.4226,2.1081
Deputado Estadual 2026,3203700,56731,Muniz Freire,14757,11402,11402,3355,554,308,10540,22.735,4.8588,2.7013
Deputado Estadual 2026,3203809,56758,Muqui,11077,8911,8911,2166,403,255,8253,19.554,4.5225,2.8616
Deputado Estadual 2026,3203908,56774,Nova Venécia,41191,31567,31567,9624,1308,713,29546,23.3643,4.1436,2.2587
Deputado Estadual 2026,3204005,56790,Pancas,15876,11563,11563,4313,446,242,10875,27.1668,3.8571,2.0929
Deputado Estadual 2026,3204104,56812,Pinheiros,18818,14638,14638,4180,604,314,13720,22.2128,4.1262,2.1451
Deputado Estadual 2026,3204203,56839,Piúma,17326,14061,14061,3265,786,612,12663,18.8445,5.5899,4.3525
Deputado Estadual 2026,3204302,56855,Presidente Kennedy,13255,10448,10448,2807,352,259,9837,21.1769,3.3691,2.4789
Deputado Estadual 2026,3204401,56871,Rio Novo do Sul,8808,7274,7274,1534,452,253,6569,17.416,6.2139,3.4781
Deputado Estadual 2026,3204500,56898,Santa Leopoldina,10107,7991,7991,2116,395,228,7368,20.936,4.9431,2.8532
Deputado Estadual 2026,3204609,56910,Santa Teresa,20734,15386,15386,5348,934,601,13851,25.7934,6.0705,3.9061
Deputado Estadual 2026,3204708,56936,São Gabriel da Palha,26248,20667,20667,5581,886,533,19248,21.2626,4.287,2.579
Deputado Estadual 2026,3204807,56952,São José do Calçado,9759,7649,7649,2110,325,324,7000,21.6211,4.2489,4.2358
Deputado Estadual 2026,3204906,56979,São Mateus,92268,70059,70059,22209,3192,1725,65142,24.0701,4.5562,2.4622
Deputado Estadual 2026,3205002,56995,Serra,361189,281326,281326,79863,17576,10101,253649,22.1111,6.2476,3.5905
Deputado Estadual 2026,3205101,57010,Viana,54374,43912,43912,10462,2468,1236,40208,19.2408,5.6203,2.8147
Deputado Estadual 2026,3205200,57037,Vila Velha,346813,280054,280054,66759,14629,10029,255396,19.2493,5.2236,3.5811
Deputado Estadual 2026,3205309,57053,Vitória,265883,215582,215582,50301,9854,8663,197065,18.9185,4.5709,4.0184
Deputado Estadual 2026,3203353,57070,Marilândia,10864,8906,8906,1958,590,333,7983,18.0228,6.6247,3.7391
Deputado Estadual 2026,3202454,57096,Ibatiba,19595,15763,15763,3832,651,367,14745,19.556,4.1299,2.3282
Deputado Estadual 2026,3204351,57118,Rio Bananal,15534,11993,11993,3541,773,335,10885,22.7952,6.4454,2.7933
Deputado Estadual 2026,3203056,57134,Jaguaré,24297,19037,19037,5260,1269,433,17335,21.6488,6.666,2.2745
Deputado Estadual 2026,3204054,57150,Pedro Canário,18937,13508,13508,5429,693,324,12491,28.6687,5.1303,2.3986
Deputado Estadual 2026,3203163,57916,Laranja da Terra,9495,7904,7904,1591,316,177,7411,16.7562,3.998,2.2394
Deputado Estadual 2026,3204559,57932,Santa Maria de Jetibá,31314,25523,25523,5791,1186,583,23754,18.4933,4.6468,2.2842
Deputado Estadual 2026,3205036,57959,Vargem Alta,16001,12820,12820,3181,669,335,11816,19.88,5.2184,2.6131
Deputado Estadual 2026,3205069,57975,Venda Nova do Imigrante,20196,15484,15484,4712,1092,602,13790,23.3314,7.0524,3.8879
Deputado Estadual 2026,3200136,57991,Águia Branca,8897,7155,7155,1742,199,108,6848,19.5796,2.7813,1.5094
Deputado Federal 2022,3204658,56006,São Domingos do Norte,7586,6234,6234,1352,289,142,5803,17.8223,4.6359,2.2778
Deputado Federal 2022,3200102,56014,Afonso Cláudio,25363,18641,18641,6722,1100,747,16794,26.5032,5.901,4.0073
Deputado Federal 2022,3200169,56022,Água Doce do Norte,10632,7910,7910,2722,251,155,7504,25.602,3.1732,1.9595
Deputado Federal 2022,3200201,56030,Alegre,23807,18405,18405,5402,966,581,16858,22.6908,5.2486,3.1568
Deputado Federal 2022,3202652,56049,Irupi,11091,8401,8401,2690,543,217,7641,24.2539,6.4635,2.583
Deputado Federal 2022,3200300,56057,Alfredo Chaves,12478,9701,9701,2777,654,386,8661,22.2552,6.7416,3.979
Deputado Federal 2022,3200359,56065,Alto Rio Novo,6366,4564,4564,1802,178,53,4333,28.3066,3.9001,1.1613
Deputado Federal 2022,3200409,56073,Anchieta,22580,18832,18832,3748,991,562,17279,16.5988,5.2623,2.9843
Deputado Federal 2022,3205150,56081,Vila Pavão,7327,6128,6128,1199,255,167,5706,16.3641,4.1612,2.7252
Deputado Federal 2022,3200508,56090,Apiacá,6169,4790,4790,1379,190,118,4482,22.3537,3.9666,2.4635
Deputado Federal 2022,3203346,56103,Marechal Floriano,13416,10978,10978,2438,853,474,9651,18.1723,7.7701,4.3177
Deputado Federal 2022,3200607,56111,Aracruz,72231,55817,55817,16414,4409,2517,48891,22.7243,7.899,4.5094
Deputado Federal 2022,3203320,56120,Marataízes,31290,24376,24376,6914,1227,534,22615,22.0965,5.0336,2.1907
Deputado Federal 2022,3200706,56138,Atílio Vivácqua,8868,7200,7200,1668,331,138,6731,18.8092,4.5972,1.9167
Deputado Federal 2022,3201159,56146,Brejetuba,10205,7517,7517,2688,454,180,6883,26.34,6.0396,2.3946
Deputado Federal 2022,3200805,56154,Baixo Guandu,23922,18621,18621,5301,1189,676,16756,22.1595,6.3853,3.6303
Deputado Federal 2022,3204955,56162,São Roque do Canaã,9527,7793,7793,1734,464,275,7054,18.2009,5.9541,3.5288
Deputado Federal 2022,3200904,56170,Barra de São Francisco,33757,24405,24405,9352,1050,541,22814,27.7039,4.3024,2.2168
Deputado Federal 2022,3205010,56189,Sooretama,20120,15025,15025,5095,1148,479,13398,25.3231,7.6406,3.188
Deputado Federal 2022,3201001,56197,Boa Esperança,10744,8521,8521,2223,305,175,8041,20.6906,3.5794,2.0537
Deputado Federal 2022,3204252,56200,Ponto Belo,6402,4810,4810,1592,160,104,4546,24.8672,3.3264,2.1622
Deputado Federal 2022,3201100,56219,Bom Jesus do Norte,7412,6106,6106,1306,338,366,5402,17.6201,5.5355,5.9941
Deputado Federal 2022,3205176,56227,Vila Valério,12401,10074,10074,2327,469,286,9319,18.7646,4.6555,2.839
Deputado Federal 2022,3201209,56235,Cachoeiro de Itapemirim,141627,112248,112248,29379,7262,3129,101857,20.7439,6.4696,2.7876
Deputado Federal 2022,3201308,56251,Cariacica,272589,217706,217706,54883,15520,8175,194011,20.134,7.1289,3.7551
Deputado Federal 2022,3201407,56278,Castelo,29340,23261,23261,6079,1543,954,20764,20.7192,6.6334,4.1013
Deputado Federal 2022,3201506,56294,Colatina,92534,72147,72147,20387,4605,2665,64877,22.0319,6.3828,3.6938
Deputado Federal 2022,3202256,56308,Governador Lindenberg,8810,6808,6808,2002,263,165,6380,22.7242,3.8631,2.4236
Deputado Federal 2022,3201605,56316,Conceição da Barra,23661,16687,16687,6974,1118,733,14836,29.4747,6.6998,4.3926
Deputado Federal 2022,3201704,56332,Conceição do Castelo,10305,7640,7640,2665,538,449,6653,25.8612,7.0419,5.877
Deputado Federal 2022,3201803,56359,Divino de São Lourenço,4303,3454,3454,849,160,83,3211,19.7304,4.6323,2.403
Deputado Federal 2022,3201902,56375,Domingos Martins,28562,23511,23511,5051,1869,1017,20625,17.6843,7.9495,4.3256
Deputado Federal 2022,3202009,56391,Dores do Rio Preto,6142,4833,4833,1309,313,178,4342,21.3123,6.4763,3.683
Deputado Federal 2022,3202108,56413,Ecoporanga,19257,14286,14286,4971,456,245,13585,25.814,3.1919,1.715
Deputado Federal 2022,3202207,56430,Fundão,14178,11221,11221,2957,688,405,10128,20.8563,6.1314,3.6093
Deputado Federal 2022,3202306,56456,Guaçuí,21754,16434,16434,5320,816,460,15158,24.4553,4.9653,2.7991
Deputado Federal 2022,3202405,56472,Guarapari,96484,74753,74753,21731,4971,3027,66755,22.5229,6.6499,4.0493
Deputado Federal 2022,3202504,56499,Ibiraçu,9692,7626,7626,2066,390,316,6920,21.3165,5.1141,4.1437
Deputado Federal 2022,3202553,56502,Ibitirama,6965,5738,5738,1227,288,139,5311,17.6167,5.0192,2.4224
Deputado Federal 2022,3202603,56510,Iconha,11328,9178,9178,2150,572,385,8221,18.9795,6.2323,4.1948
Deputado Federal 2022,3202702,56537,Itaguaçu,11671,8949,8949,2722,592,354,8003,23.3228,6.6153,3.9557
Deputado Federal 2022,3202801,56553,Itapemirim,35372,28117,28117,7255,1316,635,26166,20.5106,4.6804,2.2584
Deputado Federal 2022,3202900,56570,Itarana,9441,7483,7483,1958,411,298,6774,20.7393,5.4924,3.9824
Deputado Federal 2022,3203007,56596,Iúna,20757,16040,16040,4717,924,416,14700,22.7249,5.7606,2.5935
Deputado Federal 2022,3203106,56618,Jerônimo Monteiro,9953,7749,7749,2204,453,332,6964,22.1441,5.8459,4.2844
Deputado Federal 2022,3203130,56626,João Neiva,12813,10205,10205,2608,740,555,8910,20.3543,7.2513,5.4385
Deputado Federal 2022,3203205,56634,Linhares,118258,90847,90847,27411,8298,4376,78173,23.179,9.134,4.8169
Deputado Federal 2022,3203304,56650,Mantenópolis,10942,7541,7541,3401,304,183,7054,31.0821,4.0313,2.4267
Deputado Federal 2022,3203403,56677,Mimoso do Sul,19530,16069,16069,3461,892,494,14683,17.7215,5.5511,3.0742
Deputado Federal 2022,3203502,56693,Montanha,14911,11106,11106,3805,647,348,10111,25.5181,5.8257,3.1334
Deputado Federal 2022,3203601,56715,Mucurici,5068,3924,3924,1144,93,80,3751,22.573,2.37,2.0387
Deputado Federal 2022,3203700,56731,Muniz Freire,14356,11074,11074,3282,638,430,10006,22.8615,5.7612,3.883
Deputado Federal 2022,3203809,56758,Muqui,11025,9074,9074,1951,539,358,8177,17.6961,5.94,3.9453
Deputado Federal 2022,3203908,56774,Nova Venécia,39636,29813,29813,9823,1645,907,27261,24.783,5.5177,3.0423
Deputado Federal 2022,3204005,56790,Pancas,16135,11337,11337,4798,369,187,10781,29.7366,3.2548,1.6495
Deputado Federal 2022,3204104,56812,Pinheiros,17988,13840,13840,4148,635,343,12862,23.0598,4.5882,2.4783
Deputado Federal 2022,3204203,56839,Piúma,17009,13248,13248,3761,802,540,11906,22.1118,6.0537,4.0761
Deputado Federal 2022,3204302,56855,Presidente Kennedy,12248,9827,9827,2421,384,179,9264,19.7665,3.9076,1.8215
Deputado Federal 2022,3204401,56871,Rio Novo do Sul,8668,7344,7344,1324,466,218,6660,15.2746,6.3453,2.9684
Deputado Federal 2022,3204500,56898,Santa Leopoldina,10045,8064,8064,1981,551,296,7217,19.7213,6.8328,3.6706
Deputado Federal 2022,3204609,56910,Santa Teresa,20158,15563,15563,4595,1322,889,13352,22.7949,8.4945,5.7123
Deputado Federal 2022,3204708,56936,São Gabriel da Palha,25527,19586,19586,5941,1168,749,17669,23.2734,5.9634,3.8242
Deputado Federal 2022,3204807,56952,São José do Calçado,8634,6974,6974,1660,337,332,6305,19.2263,4.8322,4.7605
Deputado Federal 2022,3204906,56979,São Mateus,88221,66807,66807,21414,4221,2283,60303,24.2731,6.3182,3.4173
Deputado Federal 2022,3205002,56995,Serra,349188,277868,277868,71320,19973,11578,246317,20.4245,7.1879,4.1667
Deputado Federal 2022,3205101,57010,Viana,51440,42043,42043,9397,1812,998,39233,18.2679,4.3099,2.3738
Deputado Federal 2022,3205200,57037,Vila Velha,335656,277136,277136,58520,16099,9775,251262,17.4345,5.8091,3.5271
Deputado Federal 2022,3205309,57053,Vitória,263955,219007,219007,44948,12015,6936,200056,17.0287,5.4861,3.167
Deputado Federal 2022,3203353,57070,Marilândia,10421,8698,8698,1723,456,319,7923,16.5339,5.2426,3.6675
Deputado Federal 2022,3202454,57096,Ibatiba,18405,14872,14872,3533,943,507,13422,19.1959,6.3408,3.4091
Deputado Federal 2022,3204351,57118,Rio Bananal,15328,11795,11795,3533,838,444,10513,23.0493,7.1047,3.7643
Deputado Federal 2022,3203056,57134,Jaguaré,22438,17516,17516,4922,1263,465,15788,21.936,7.2106,2.6547
Deputado Federal 2022,3204054,57150,Pedro Canário,18537,13207,13207,5330,564,360,12283,28.7533,4.2705,2.7258
Deputado Federal 2022,3203163,57916,Laranja da Terra,9217,7667,7667,1550,421,310,6936,16.8168,5.4911,4.0433
Deputado Federal 2022,3204559,57932,Santa Maria de Jetibá,30217,24944,24944,5273,1745,966,22233,17.4504,6.9957,3.8727
Deputado Federal 2022,3205036,57959,Vargem Alta,15707,12543,12543,3164,855,402,11286,20.1439,6.8166,3.205
Deputado Federal 2022,3205069,57975,Venda Nova do Imigrante,19033,14639,14639,4394,1098,633,12908,23.0862,7.5005,4.3241
Deputado Federal 2022,3200136,57991,Águia Branca,8581,6733,6733,1848,206,105,6422,21.536,3.0596,1.5595
Deputado Federal 2026,3204658,56006,São Domingos do Norte,8443,6738,6738,1705,334,157,6247,20.1942,4.957,2.3301
Deputado Federal 2026,3200102,56014,Afonso Cláudio,26253,19357,19357,6896,1015,691,17651,26.2675,5.2436,3.5698
Deputado Federal 2026,3200169,56022,Água Doce do Norte,11111,8575,8575,2536,279,332,7964,22.8242,3.2536,3.8717
Deputado Federal 2026,3200201,56030,Alegre,23553,17939,17939,5614,833,554,16552,23.8356,4.6435,3.0882
Deputado Federal 2026,3202652,56049,Irupi,11392,8659,8659,2733,493,261,7905,23.9905,5.6935,3.0142
Deputado Federal 2026,3200300,56057,Alfredo Chaves,12984,10050,10050,2934,529,300,9221,22.597,5.2637,2.9851
Deputado Federal 2026,3200359,56065,Alto Rio Novo,6545,5055,5055,1490,165,112,4778,22.7655,3.2641,2.2156
Deputado Federal 2026,3200409,56073,Anchieta,24797,20320,20320,4477,947,718,18655,18.0546,4.6604,3.5335
Deputado Federal 2026,3205150,56081,Vila Pavão,7761,6574,6574,1187,278,195,6101,15.2944,4.2288,2.9662
Deputado Federal 2026,3200508,56090,Apiacá,6320,4906,4906,1414,146,147,4613,22.3734,2.9759,2.9963
Deputado Federal 2026,3203346,56103,Marechal Floriano,14378,11387,11387,2991,860,392,10135,20.8026,7.5525,3.4425
Deputado Federal 2026,3200607,56111,Aracruz,75116,57898,57898,17218,3704,2519,51675,22.9219,6.3975,4.3508
Deputado Federal 2026,3203320,56120,Marataízes,33341,27299,27299,6042,1236,732,25331,18.1218,4.5276,2.6814
Deputado Federal 2026,3200706,56138,Atílio Vivácqua,9255,7559,7559,1696,248,123,7188,18.3252,3.2809,1.6272
Deputado Federal 2026,3201159,56146,Brejetuba,10987,8056,8056,2931,431,263,7362,26.677,5.35,3.2646
Deputado Federal 2026,3200805,56154,Baixo Guandu,24892,19243,19243,5649,1041,584,17618,22.694,5.4098,3.0349
Deputado Federal 2026,3204955,56162,São Roque do Canaã,9890,7809,7809,2081,435,263,7111,21.0415,5.5705,3.3679
Deputado Federal 2026,3200904,56170,Barra de São Francisco,34548,25607,25607,8941,1026,773,23808,25.8799,4.0067,3.0187
Deputado Federal 2026,3205010,56189,Sooretama,20980,15359,15359,5621,785,414,14160,26.7922,5.111,2.6955
Deputado Federal 2026,3201001,56197,Boa Esperança,11266,8994,8994,2272,299,216,8479,20.1669,3.3244,2.4016
Deputado Federal 2026,3204252,56200,Ponto Belo,6490,4985,4985,1505,119,122,4744,23.1895,2.3872,2.4473
Deputado Federal 2026,3201100,56219,Bom Jesus do Norte,8487,6731,6731,1756,290,295,6146,20.6905,4.3084,4.3827
Deputado Federal 2026,3205176,56227,Vila Valério,12919,10536,10536,2383,458,330,9748,18.4457,4.347,3.1321
Deputado Federal 2026,3201209,56235,Cachoeiro de Itapemirim,134025,109846,109846,24179,6177,2698,100971,18.0407,5.6233,2.4562
Deputado Federal 2026,3201308,56251,Cariacica,274127,213622,213622,60505,14311,7775,191536,22.0719,6.6992,3.6396
Deputado Federal 2026,3201407,56278,Castelo,30029,23859,23859,6170,1260,945,21654,20.5468,5.281,3.9608
Deputado Federal 2026,3201506,56294,Colatina,87108,71034,71034,16074,4421,2459,64154,18.453,6.2238,3.4617
Deputado Federal 2026,3202256,56308,Governador Lindenberg,9107,7005,7005,2102,359,202,6444,23.0811,5.1249,2.8837
Deputado Federal 2026,3201605,56316,Conceição da Barra,25964,18471,18471,7493,1047,759,16665,28.8592,5.6683,4.1091
Deputado Federal 2026,3201704,56332,Conceição do Castelo,9986,7743,7743,2243,530,412,6801,22.4614,6.8449,5.3209
Deputado Federal 2026,3201803,56359,Divino de São Lourenço,4889,3960,3960,929,164,117,3679,19.0018,4.1414,2.9545
Deputado Federal 2026,3201902,56375,Domingos Martins,29142,23668,23668,5474,1711,982,20975,18.7839,7.2292,4.1491
Deputado Federal 2026,3202009,56391,Dores do Rio Preto,6285,4953,4953,1332,243,191,4519,21.1933,4.9061,3.8562
Deputado Federal 2026,3202108,56413,Ecoporanga,19064,14249,14249,4815,410,392,13447,25.257,2.8774,2.7511
Deputado Federal 2026,3202207,56430,Fundão,14736,11542,11542,3194,628,415,10499,21.6748,5.441,3.5956
Deputado Federal 2026,3202306,56456,Guaçuí,22346,16843,16843,5503,961,499,15383,24.6263,5.7056,2.9627
Deputado Federal 2026,3202405,56472,Guarapari,101524,77129,77129,24395,4324,2821,69984,24.0288,5.6062,3.6575
Deputado Federal 2026,3202504,56499,Ibiraçu,9933,7627,7627,2306,467,327,6833,23.2155,6.123,4.2874
Deputado Federal 2026,3202553,56502,Ibitirama,7470,6144,6144,1326,287,166,5691,17.751,4.6712,2.7018
Deputado Federal 2026,3202603,56510,Iconha,11401,9176,9176,2225,516,340,8320,19.5158,5.6234,3.7053
Deputado Federal 2026,3202702,56537,Itaguaçu,11740,8772,8772,2968,518,331,7923,25.2811,5.9052,3.7734
Deputado Federal 2026,3202801,56553,Itapemirim,36630,29271,29271,7359,1297,732,27242,20.0901,4.431,2.5008
Deputado Federal 2026,3202900,56570,Itarana,9584,7362,7362,2222,326,250,6786,23.1845,4.4281,3.3958
Deputado Federal 2026,3203007,56596,Iúna,21278,16199,16199,5079,894,458,14847,23.8697,5.5189,2.8273
Deputado Federal 2026,3203106,56618,Jerônimo Monteiro,10071,7877,7877,2194,299,280,7298,21.7853,3.7959,3.5547
Deputado Federal 2026,3203130,56626,João Neiva,12793,10056,10056,2737,663,563,8830,21.3945,6.5931,5.5986
Deputado Federal 2026,3203205,56634,Linhares,122326,92893,92893,29433,7423,3830,81640,24.0611,7.9909,4.123
Deputado Federal 2026,3203304,56650,Mantenópolis,10402,7733,7733,2669,301,262,7170,25.6585,3.8924,3.3881
Deputado Federal 2026,3203403,56677,Mimoso do Sul,19743,15697,15697,4046,696,423,14578,20.4933,4.434,2.6948
Deputado Federal 2026,3203502,56693,Montanha,15420,11630,11630,3790,589,384,10657,24.5785,5.0645,3.3018
Deputado Federal 2026,3203601,56715,Mucurici,5140,4032,4032,1108,121,107,3804,21.5564,3.001,2.6538
Deputado Federal 2026,3203700,56731,Muniz Freire,14757,11402,11402,3355,482,350,10570,22.735,4.2273,3.0696
Deputado Federal 2026,3203809,56758,Muqui,11077,8911,8911,2166,468,312,8131,19.554,5.2519,3.5013
Deputado Federal 2026,3203908,56774,Nova Venécia,41191,31567,31567,9624,1730,1065,28772,23.3643,5.4804,3.3738
Deputado Federal 2026,3204005,56790,Pancas,15876,11563,11563,4313,486,294,10783,27.1668,4.2031,2.5426
Deputado Federal 2026,3204104,56812,Pinheiros,18818,14638,14638,4180,611,475,13552,22.2128,4.1741,3.245
Deputado Federal 2026,3204203,56839,Piúma,17326,14061,14061,3265,758,546,12757,18.8445,5.3908,3.8831
Deputado Federal 2026,3204302,56855,Presidente Kennedy,13255,10448,10448,2807,404,302,9742,21.1769,3.8668,2.8905
Deputado Federal 2026,3204401,56871,Rio Novo do Sul,8808,7274,7274,1534,421,176,6677,17.416,5.7877,2.4196
Deputado Federal 2026,3204500,56898,Santa Leopoldina,10107,7991,7991,2116,445,331,7215,20.936,5.5688,4.1422
Deputado Federal 2026,3204609,56910,Santa Teresa,20734,15386,15386,5348,1051,698,13637,25.7934,6.8309,4.5366
Deputado Federal 2026,3204708,56936,São Gabriel da Palha,26248,20667,20667,5581,1139,658,18870,21.2626,5.5112,3.1838
Deputado Federal 2026,3204807,56952,São José do Calçado,9759,7649,7649,2110,343,336,6970,21.6211,4.4842,4.3927
Deputado Federal 2026,3204906,56979,São Mateus,92268,70059,70059,22209,3646,2244,64169,24.0701,5.2042,3.203
Deputado Federal 2026,3205002,56995,Serra,361189,281326,281326,79863,17582,10880,252864,22.1111,6.2497,3.8674
Deputado Federal 2026,3205101,57010,Viana,54374,43912,43912,10462,2099,1161,40652,19.2408,4.78,2.6439
Deputado Federal 2026,3205200,57037,Vila Velha,346813,280054,280054,66759,16386,10153,253515,19.2493,5.851,3.6254
Deputado Federal 2026,3205309,57053,Vitória,265883,215582,215582,50301,10414,6086,199082,18.9185,4.8306,2.8231
Deputado Federal 2026,3203353,57070,Marilândia,10864,8906,8906,1958,489,307,8110,18.0228,5.4907,3.4471
Deputado Federal 2026,3202454,57096,Ibatiba,19595,15763,15763,3832,904,649,14210,19.556,5.7349,4.1172
Deputado Federal 2026,3204351,57118,Rio Bananal,15534,11993,11993,3541,780,367,10846,22.7952,6.5038,3.0601
Deputado Federal 2026,3203056,57134,Jaguaré,24297,19037,19037,5260,1228,509,17300,21.6488,6.4506,2.6737
Deputado Federal 2026,3204054,57150,Pedro Canário,18937,13508,13508,5429,655,444,12409,28.6687,4.849,3.2869
Deputado Federal 2026,3203163,57916,Laranja da Terra,9495,7904,7904,1591,357,256,7291,16.7562,4.5167,3.2389
Deputado Federal 2026,3204559,57932,Santa Maria de Jetibá,31314,25523,25523,5791,1489,867,23167,18.4933,5.834,3.3969
Deputado Federal 2026,3205036,57959,Vargem Alta,16001,12820,12820,3181,668,391,11761,19.88,5.2106,3.0499
Deputado Federal 2026,3205069,57975,Venda Nova do Imigrante,20196,15484,15484,4712,1088,712,13684,23.3314,7.0266,4.5983
Deputado Federal 2026,3200136,57991,Águia Branca,8897,7155,7155,1742,275,153,6727,19.5796,3.8435,2.1384
Governador 2026,3204658,56006,São Domingos do Norte,8443,6738,6738,1705,283,338,6117,20.1942,4.2001,5.0163
Governador 2026,3200102,56014,Afonso Cláudio,26253,19357,19357,6896,821,1287,17249,26.2675,4.2414,6.6488
Governador 2026,3200169,56022,Água Doce do Norte,11111,8575,8575,2536,262,564,7749,22.8242,3.0554,6.5773
Governador 2026,3200201,56030,Alegre,23553,17939,17939,5614,718,1029,16192,23.8356,4.0025,5.7361
Governador 2026,3202652,56049,Irupi,11392,8659,8659,2733,466,680,7513,23.9905,5.3817,7.8531
Governador 2026,3200300,56057,Alfredo Chaves,12984,10050,10050,2934,373,561,9116,22.597,3.7114,5.5821
Governador 2026,3200359,56065,Alto Rio Novo,6545,5055,5055,1490,204,269,4582,22.7655,4.0356,5.3215
Governador 2026,3200409,56073,Anchieta,24797,20320,20320,4477,928,1110,18282,18.0546,4.5669,5.4626
Governador 2026,3205150,56081,Vila Pavão,7761,6574,6574,1187,246,357,5971,15.2944,3.742,5.4305
Governador 2026,3200508,56090,Apiacá,6320,4906,4906,1414,141,300,4465,22.3734,2.874,6.115
Governador 2026,3203346,56103,Marechal Floriano,14378,11387,11387,2991,668,678,10041,20.8026,5.8663,5.9542
Governador 2026,3200607,56111,Aracruz,75116,57898,57898,17218,3464,3606,50828,22.9219,5.9829,6.2282
Governador 2026,3203320,56120,Marataízes,33341,27299,27299,6042,1172,1321,24806,18.1218,4.2932,4.839
Governador 2026,3200706,56138,Atílio Vivácqua,9255,7559,7559,1696,259,330,6970,18.3252,3.4264,4.3657
Governador 2026,3201159,56146,Brejetuba,10987,8056,8056,2931,340,619,7097,26.677,4.2205,7.6837
Governador 2026,3200805,56154,Baixo Guandu,24892,19243,19243,5649,936,1112,17195,22.694,4.8641,5.7787
Governador 2026,3204955,56162,São Roque do Canaã,9890,7809,7809,2081,394,555,6860,21.0415,5.0455,7.1072
Governador 2026,3200904,56170,Barra de São Francisco,34548,25607,25607,8941,956,1390,23261,25.8799,3.7334,5.4282
Governador 2026,3205010,56189,Sooretama,20980,15359,15359,5621,1140,981,13238,26.7922,7.4224,6.3871
Governador 2026,3201001,56197,Boa Esperança,11266,8994,8994,2272,297,492,8205,20.1669,3.3022,5.4703
Governador 2026,3204252,56200,Ponto Belo,6490,4985,4985,1505,113,228,4644,23.1895,2.2668,4.5737
Governador 2026,3201100,56219,Bom Jesus do Norte,8487,6731,6731,1756,322,551,5858,20.6905,4.7838,8.186
Governador 2026,3205176,56227,Vila Valério,12919,10536,10536,2383,357,559,9620,18.4457,3.3884,5.3056
Governador 2026,3201209,56235,Cachoeiro de Itapemirim,134025,109846,109846,24179,5312,5423,99111,18.0407,4.8359,4.9369
Governador 2026,3201308,56251,Cariacica,274127,213622,213622,60505,9899,10257,193466,22.0719,4.6339,4.8015
Governador 2026,3201407,56278,Castelo,30029,23859,23859,6170,1048,1449,21362,20.5468,4.3925,6.0732
Governador 2026,3201506,56294,Colatina,87108,71034,71034,16074,4447,4493,62094,18.453,6.2604,6.3251
Governador 2026,3202256,56308,Governador Lindenberg,9107,7005,7005,2102,320,429,6256,23.0811,4.5682,6.1242
Governador 2026,3201605,56316,Conceição da Barra,25964,18471,18471,7493,1013,1212,16246,28.8592,5.4843,6.5616
Governador 2026,3201704,56332,Conceição do Castelo,9986,7743,7743,2243,446,663,6634,22.4614,5.76,8.5626
Governador 2026,3201803,56359,Divino de São Lourenço,4889,3960,3960,929,135,253,3572,19.0018,3.4091,6.3889
Governador 2026,3201902,56375,Domingos Martins,29142,23668,23668,5474,1262,1619,20787,18.7839,5.3321,6.8405
Governador 2026,3202009,56391,Dores do Rio Preto,6285,4953,4953,1332,219,390,4344,21.1933,4.4216,7.874
Governador 2026,3202108,56413,Ecoporanga,19064,14249,14249,4815,390,669,13190,25.257,2.737,4.6951
Governador 2026,3202207,56430,Fundão,14736,11542,11542,3194,510,710,10322,21.6748,4.4186,6.1514
Governador 2026,3202306,56456,Guaçuí,22346,16843,16843,5503,875,1148,14820,24.6263,5.195,6.8159
Governador 2026,3202405,56472,Guarapari,101524,77129,77129,24395,4085,4607,68437,24.0288,5.2963,5.9731
Governador 2026,3202504,56499,Ibiraçu,9933,7627,7627,2306,418,540,6669,23.2155,5.4805,7.0801
Governador 2026,3202553,56502,Ibitirama,7470,6144,6144,1326,304,463,5377,17.751,4.9479,7.5358
Governador 2026,3202603,56510,Iconha,11401,9176,9176,2225,425,545,8206,19.5158,4.6316,5.9394
Governador 2026,3202702,56537,Itaguaçu,11740,8772,8772,2968,422,510,7840,25.2811,4.8108,5.814
Governador 2026,3202801,56553,Itapemirim,36630,29271,29271,7359,1112,1460,26699,20.0901,3.799,4.9879
Governador 2026,3202900,56570,Itarana,9584,7362,7362,2222,215,486,6661,23.1845,2.9204,6.6015
Governador 2026,3203007,56596,Iúna,21278,16199,16199,5079,890,1215,14094,23.8697,5.4942,7.5005
Governador 2026,3203106,56618,Jerônimo Monteiro,10071,7877,7877,2194,315,538,7024,21.7853,3.999,6.83
Governador 2026,3203130,56626,João Neiva,12793,10056,10056,2737,583,761,8712,21.3945,5.7975,7.5676
Governador 2026,3203205,56634,Linhares,122326,92893,92893,29433,6610,6248,80035,24.0611,7.1157,6.726
Governador 2026,3203304,56650,Mantenópolis,10402,7733,7733,2669,297,556,6880,25.6585,3.8407,7.19
Governador 2026,3203403,56677,Mimoso do Sul,19743,15697,15697,4046,815,1050,13832,20.4933,5.1921,6.6892
Governador 2026,3203502,56693,Montanha,15420,11630,11630,3790,534,654,10442,24.5785,4.5916,5.6234
Governador 2026,3203601,56715,Mucurici,5140,4032,4032,1108,120,216,3696,21.5564,2.9762,5.3571
Governador 2026,3203700,56731,Muniz Freire,14757,11402,11402,3355,502,794,10106,22.735,4.4027,6.9637
Governador 2026,3203809,56758,Muqui,11077,8911,8911,2166,421,538,7952,19.554,4.7245,6.0375
Governador 2026,3203908,56774,Nova Venécia,41191,31567,31567,9624,1525,1560,28482,23.3643,4.831,4.9419
Governador 2026,3204005,56790,Pancas,15876,11563,11563,4313,458,654,10451,27.1668,3.9609,5.656
Governador 2026,3204104,56812,Pinheiros,18818,14638,14638,4180,626,698,13314,22.2128,4.2765,4.7684
Governador 2026,3204203,56839,Piúma,17326,14061,14061,3265,653,869,12539,18.8445,4.6441,6.1802
Governador 2026,3204302,56855,Presidente Kennedy,13255,10448,10448,2807,338,502,9608,21.1769,3.2351,4.8047
Governador 2026,3204401,56871,Rio Novo do Sul,8808,7274,7274,1534,376,371,6527,17.416,5.1691,5.1004
Governador 2026,3204500,56898,Santa Leopoldina,10107,7991,7991,2116,322,434,7235,20.936,4.0295,5.4311
Governador 2026,3204609,56910,Santa Teresa,20734,15386,15386,5348,820,1112,13454,25.7934,5.3295,7.2273
Governador 2026,3204708,56936,São Gabriel da Palha,26248,20667,20667,5581,966,1130,18571,21.2626,4.6741,5.4677
Governador 2026,3204807,56952,São José do Calçado,9759,7649,7649,2110,291,505,6853,21.6211,3.8044,6.6022
Governador 2026,3204906,56979,São Mateus,92268,70059,70059,22209,3612,3657,62790,24.0701,5.1557,5.2199
Governador 2026,3205002,56995,Serra,361189,281326,281326,79863,14635,15227,251464,22.1111,5.2021,5.4126
Governador 2026,3205101,57010,Viana,54374,43912,43912,10462,2136,2329,39447,19.2408,4.8643,5.3038
Governador 2026,3205200,57037,Vila Velha,346813,280054,280054,66759,12357,13576,254121,19.2493,4.4124,4.8476
Governador 2026,3205309,57053,Vitória,265883,215582,215582,50301,5361,6693,203528,18.9185,2.4868,3.1046
Governador 2026,3203353,57070,Marilândia,10864,8906,8906,1958,469,635,7802,18.0228,5.2661,7.13
Governador 2026,3202454,57096,Ibatiba,19595,15763,15763,3832,851,1285,13627,19.556,5.3987,8.152
Governador 2026,3204351,57118,Rio Bananal,15534,11993,11993,3541,629,642,10722,22.7952,5.2447,5.3531
Governador 2026,3203056,57134,Jaguaré,24297,19037,19037,5260,1061,897,17079,21.6488,5.5734,4.7119
Governador 2026,3204054,57150,Pedro Canário,18937,13508,13508,5429,632,808,12068,28.6687,4.6787,5.9816
Governador 2026,3203163,57916,Laranja da Terra,9495,7904,7904,1591,296,460,7148,16.7562,3.7449,5.8198
Governador 2026,3204559,57932,Santa Maria de Jetibá,31314,25523,25523,5791,1294,1397,22832,18.4933,5.0699,5.4735
Governador 2026,3205036,57959,Vargem Alta,16001,12820,12820,3181,466,739,11615,19.88,3.6349,5.7644
Governador 2026,3205069,57975,Venda Nova do Imigrante,20196,15484,15484,4712,834,1127,13523,23.3314,5.3862,7.2785
Governador 2026,3200136,57991,Águia Branca,8897,7155,7155,1742,228,281,6646,19.5796,3.1866,3.9273
Prefeito 2020,3204658,56006,São Domingos do Norte,7266,6335,6335,931,56,175,6104,12.8131,0.884,2.7624
Prefeito 2020,3200102,56014,Afonso Cláudio,25289,18629,18629,6660,276,646,17707,26.3356,1.4816,3.4677
Prefeito 2020,3200169,56022,Água Doce do Norte,10492,8458,8458,2034,70,252,8136,19.3862,0.8276,2.9794
Prefeito 2020,3200201,56030,Alegre,23434,17618,17618,5816,523,799,16296,24.8186,2.9686,4.5351
Prefeito 2020,3202652,56049,Irupi,10952,8838,8442,2114,161,350,7931,19.3024,1.9071,4.1459
Prefeito 2020,3200300,56057,Alfredo Chaves,12294,9731,9731,2563,201,317,9213,20.8476,2.0656,3.2576
Prefeito 2020,3200359,56065,Alto Rio Novo,6228,4904,4904,1324,62,127,4715,21.2588,1.2643,2.5897
Prefeito 2020,3200409,56073,Anchieta,21659,18312,18312,3347,365,672,17275,15.4532,1.9932,3.6697
Prefeito 2020,3205150,56081,Vila Pavão,7024,6090,6090,934,47,123,5920,13.2973,0.7718,2.0197
Prefeito 2020,3200508,56090,Apiacá,6202,5005,5005,1197,54,168,4783,19.3002,1.0789,3.3566
Prefeito 2020,3203346,56103,Marechal Floriano,12827,10285,10285,2542,421,617,9247,19.8176,4.0933,5.999
Prefeito 2020,3200607,56111,Aracruz,69769,51827,51827,17942,2088,2887,46852,25.7163,4.0288,5.5705
Prefeito 2020,3203320,56120,Marataízes,30655,24553,24553,6102,333,699,23521,19.9054,1.3562,2.8469
Prefeito 2020,3200706,56138,Atílio Vivácqua,8726,7245,7245,1481,75,182,6988,16.9723,1.0352,2.5121
Prefeito 2020,3201159,56146,Brejetuba,9793,7774,7774,2019,95,256,7423,20.6168,1.222,3.293
Prefeito 2020,3200805,56154,Baixo Guandu,23177,18081,18081,5096,272,605,17204,21.9873,1.5043,3.3461
Prefeito 2020,3204955,56162,São Roque do Canaã,9298,7942,7942,1356,89,271,7582,14.5838,1.1206,3.4122
Prefeito 2020,3200904,56170,Barra de São Francisco,33544,24151,24151,9393,408,803,22940,28.002,1.6894,3.3249
Prefeito 2020,3205010,56189,Sooretama,19220,14662,14662,4558,256,843,13563,23.7149,1.746,5.7496
Prefeito 2020,3201001,56197,Boa Esperança,20705,16252,16252,4453,215,5090,10947,21.5069,1.3229,31.3192
Prefeito 2020,3204252,56200,Ponto Belo,6307,5193,5193,1114,58,187,4948,17.6629,1.1169,3.601
Prefeito 2020,3201100,56219,Bom Jesus do Norte,7460,6201,6201,1259,79,1317,4805,16.8767,1.274,21.2385
Prefeito 2020,3205176,56227,Vila Valério,12105,10179,10179,1926,173,321,9685,15.9108,1.6996,3.1536
Prefeito 2020,3201209,56235,Cachoeiro de Itapemirim,140438,105624,105624,34814,4280,3970,97374,24.7896,4.0521,3.7586
Prefeito 2020,3201308,56251,Cariacica,262414,194723,194723,67691,15693,14588,164442,25.7955,8.0591,7.4917
Prefeito 2020,3201407,56278,Castelo,28867,21969,21969,6898,694,1048,20227,23.8958,3.159,4.7704
Prefeito 2020,3201506,56294,Colatina,90868,66962,66962,23906,3607,4463,58892,26.3085,5.3866,6.665
Prefeito 2020,3202256,56308,Governador Lindenberg,8676,7048,7048,1628,100,323,6625,18.7644,1.4188,4.5829
Prefeito 2020,3201605,56316,Conceição da Barra,22835,16222,16222,6613,440,4260,11522,28.9599,2.7124,26.2606
Prefeito 2020,3201704,56332,Conceição do Castelo,10074,7608,7608,2466,213,433,6962,24.4789,2.7997,5.6914
Prefeito 2020,3201803,56359,Divino de São Lourenço,4169,3680,3680,489,62,156,3462,11.7294,1.6848,4.2391
Prefeito 2020,3201902,56375,Domingos Martins,27397,21719,21719,5678,864,913,19942,20.7249,3.9781,4.2037
Prefeito 2020,3202009,56391,Dores do Rio Preto,6003,5153,5153,850,38,194,4921,14.1596,0.7374,3.7648
Prefeito 2020,3202108,56413,Ecoporanga,19170,14435,14435,4735,157,329,13949,24.7001,1.0876,2.2792
Prefeito 2020,3202207,56430,Fundão,14041,11104,11104,2937,233,506,10365,20.9173,2.0983,4.5569
Prefeito 2020,3202306,56456,Guaçuí,21537,16212,16212,5325,264,616,15332,24.7249,1.6284,3.7997
Prefeito 2020,3202405,56472,Guarapari,92611,68436,68436,24175,2532,3156,62748,26.1038,3.6998,4.6116
Prefeito 2020,3202504,56499,Ibiraçu,9532,7457,7457,2075,111,271,7075,21.7688,1.4885,3.6342
Prefeito 2020,3202553,56502,Ibitirama,13681,11446,11446,2235,190,281,10975,16.3365,1.66,2.455
Prefeito 2020,3202603,56510,Iconha,11208,9193,9193,2015,212,409,8572,17.9782,2.3061,4.449
Prefeito 2020,3202702,56537,Itaguaçu,11509,9017,9017,2492,129,304,8584,21.6526,1.4306,3.3714
Prefeito 2020,3202801,56553,Itapemirim,67370,54823,54823,12547,672,1160,52991,18.624,1.2258,2.1159
Prefeito 2020,3202900,56570,Itarana,9295,7443,7443,1852,81,210,7152,19.9247,1.0883,2.8214
Prefeito 2020,3203007,56596,Iúna,20597,15860,15860,4737,297,759,14804,22.9985,1.8726,4.7856
Prefeito 2020,3203106,56618,Jerônimo Monteiro,9822,7749,7749,2073,126,399,7224,21.1057,1.626,5.1491
Prefeito 2020,3203130,56626,João Neiva,12650,10019,10019,2631,262,460,9297,20.7984,2.615,4.5913
Prefeito 2020,3203205,56634,Linhares,114152,84316,84316,29836,3140,4791,76385,26.1371,3.7241,5.6822
Prefeito 2020,3203304,56650,Mantenópolis,10784,8407,8407,2377,67,360,7980,22.0419,0.797,4.2821
Prefeito 2020,3203403,56677,Mimoso do Sul,19194,15892,15892,3302,264,628,15000,17.2033,1.6612,3.9517
Prefeito 2020,3203502,56693,Montanha,14684,10957,10957,3727,150,410,10397,25.3814,1.369,3.7419
Prefeito 2020,3203601,56715,Mucurici,4965,4180,4180,785,30,109,4041,15.8107,0.7177,2.6077
Prefeito 2020,3203700,56731,Muniz Freire,14188,10894,10894,3294,333,2519,8042,23.2168,3.0567,23.1228
Prefeito 2020,3203809,56758,Muqui,10918,8982,8982,1936,233,411,8338,17.7322,2.5941,4.5758
Prefeito 2020,3203908,56774,Nova Venécia,38692,28356,28356,10336,653,920,26783,26.7135,2.3029,3.2445
Prefeito 2020,3204005,56790,Pancas,16002,11900,11900,4102,114,329,11457,25.6343,0.958,2.7647
Prefeito 2020,3204104,56812,Pinheiros,17697,13765,13765,3932,237,448,13080,22.2185,1.7218,3.2546
Prefeito 2020,3204203,56839,Piúma,17003,13383,13383,3620,182,476,12725,21.2904,1.3599,3.5568
Prefeito 2020,3204302,56855,Presidente Kennedy,12040,10647,10647,1393,65,216,10366,11.5698,0.6105,2.0287
Prefeito 2020,3204401,56871,Rio Novo do Sul,8500,7159,7159,1341,160,223,6776,15.7765,2.2349,3.115
Prefeito 2020,3204500,56898,Santa Leopoldina,9999,8035,8035,1964,207,344,7484,19.642,2.5762,4.2813
Prefeito 2020,3204609,56910,Santa Teresa,19469,14386,14386,5083,331,664,13391,26.1082,2.3008,4.6156
Prefeito 2020,3204708,56936,São Gabriel da Palha,25283,19157,19157,6126,473,795,17889,24.2297,2.4691,4.1499
Prefeito 2020,3204807,56952,São José do Calçado,8366,6864,6864,1502,146,366,6352,17.9536,2.127,5.3322
Prefeito 2020,3204906,56979,São Mateus,84191,61572,61572,22619,1710,2484,57378,26.8663,2.7772,4.0343
Prefeito 2020,3205002,56995,Serra,327670,241611,241611,86059,13945,17719,209947,26.2639,5.7717,7.3337
Prefeito 2020,3205101,57010,Viana,48798,39130,39130,9668,1487,1618,36025,19.8123,3.8002,4.1349
Prefeito 2020,3205200,57037,Vila Velha,315224,235849,235849,79375,15812,22554,197483,25.1805,6.7043,9.5629
Prefeito 2020,3205309,57053,Vitória,251464,187470,187470,63994,7660,8634,171176,25.4486,4.086,4.6055
Prefeito 2020,3203353,57070,Marilândia,9966,8621,8621,1345,118,313,8190,13.4959,1.3688,3.6307
Prefeito 2020,3202454,57096,Ibatiba,17532,14885,14885,2647,191,573,14121,15.0981,1.2832,3.8495
Prefeito 2020,3204351,57118,Rio Bananal,15065,11968,11968,3097,203,368,11397,20.5576,1.6962,3.0749
Prefeito 2020,3203056,57134,Jaguaré,21577,17151,17151,4426,271,536,16344,20.5126,1.5801,3.1252
Prefeito 2020,3204054,57150,Pedro Canário,18056,13426,13426,4630,217,592,12617,25.6424,1.6163,4.4094
Prefeito 2020,3203163,57916,Laranja da Terra,8901,7982,7982,919,58,196,7728,10.3247,0.7266,2.4555
Prefeito 2020,3204559,57932,Santa Maria de Jetibá,29305,23587,23587,5718,581,870,22136,19.512,2.4632,3.6885
Prefeito 2020,3205036,57959,Vargem Alta,15453,12046,12046,3407,349,463,11234,22.0475,2.8972,3.8436
Prefeito 2020,3205069,57975,Venda Nova do Imigrante,18597,13713,13713,4884,367,467,12879,26.2623,2.6763,3.4055
Prefeito 2020,3200136,57991,Águia Branca,8321,7061,7061,1260,58,183,6820,15.1424,0.8214,2.5917
Prefeito 2020 (2º turno),3201308,56251,Cariacica,262414,183873,183873,78541,9789,11617,162467,29.9302,5.3238,6.3179
Prefeito 2020 (2º turno),3205002,56995,Serra,327670,223144,223144,104526,8112,11181,203851,31.8998,3.6353,5.0107
Prefeito 2020 (2º turno),3205200,57037,Vila Velha,315224,224579,224579,90645,9809,13793,200977,28.7557,4.3677,6.1417
Prefeito 2020 (2º turno),3205309,57053,Vitória,251464,185724,185724,65740,4484,6090,175150,26.1429,2.4143,3.2791
Prefeito 2024,3204658,56006,São Domingos do Norte,8574,7198,7198,1376,101,150,6947,16.0485,1.4032,2.0839
Prefeito 2024,3200102,56014,Afonso Cláudio,25940,19421,19421,6519,270,536,18615,25.1311,1.3902,2.7599
Prefeito 2024,3200169,56022,Água Doce do Norte,11508,8913,8913,2595,104,258,8551,22.5495,1.1668,2.8946
Prefeito 2024,3200201,56030,Alegre,24222,18312,18312,5910,520,615,17177,24.3993,2.8397,3.3585
Prefeito 2024,3202652,56049,Irupi,11592,9278,9278,2314,174,289,8815,19.962,1.8754,3.1149
Prefeito 2024,3200300,56057,Alfredo Chaves,12860,10255,10255,2605,122,178,9955,20.2566,1.1897,1.7357
Prefeito 2024,3200359,56065,Alto Rio Novo,6760,5088,5088,1672,61,70,4957,24.7337,1.1989,1.3758
Prefeito 2024,3200409,56073,Anchieta,24537,20602,20602,3935,310,437,19855,16.037,1.5047,2.1212
Prefeito 2024,3205150,56081,Vila Pavão,7832,6789,6789,1043,72,95,6622,13.3172,1.0605,1.3993
Prefeito 2024,3200508,56090,Apiacá,6608,5553,5553,1055,40,135,5378,15.9655,0.7203,2.4311
Prefeito 2024,3203346,56103,Marechal Floriano,14448,11674,11674,2774,241,265,11168,19.1999,2.0644,2.27
Prefeito 2024,3200607,56111,Aracruz,75184,56106,56106,19078,1752,1959,52395,25.3751,3.1227,3.4916
Prefeito 2024,3203320,56120,Marataízes,32726,28032,28032,4694,377,551,27104,14.3433,1.3449,1.9656
Prefeito 2024,3200706,56138,Atílio Vivácqua,9382,7860,7860,1522,69,103,7688,16.2226,0.8779,1.3104
Prefeito 2024,3201159,56146,Brejetuba,11245,8927,8927,2318,90,166,8671,20.6136,1.0082,1.8595
Prefeito 2024,3200805,56154,Baixo Guandu,25379,19998,19998,5381,268,454,19276,21.2026,1.3401,2.2702
Prefeito 2024,3204955,56162,São Roque do Canaã,10006,8315,8315,1691,175,275,7865,16.8999,2.1046,3.3073
Prefeito 2024,3200904,56170,Barra de São Francisco,34696,24947,24947,9749,363,631,23953,28.0983,1.4551,2.5294
Prefeito 2024,3205010,56189,Sooretama,21291,16165,16165,5126,318,447,15400,24.0759,1.9672,2.7652
Prefeito 2024,3201001,56197,Boa Esperança,11521,9353,9353,2168,85,166,9102,18.8178,0.9088,1.7748
Prefeito 2024,3204252,56200,Ponto Belo,6654,5550,5550,1104,59,116,5375,16.5915,1.0631,2.0901
Prefeito 2024,3201100,56219,Bom Jesus do Norte,8523,7296,7296,1227,57,188,7051,14.3963,0.7812,2.5768
Prefeito 2024,3205176,56227,Vila Valério,13197,10974,10974,2223,191,234,10549,16.8447,1.7405,2.1323
Prefeito 2024,3201209,56235,Cachoeiro de Itapemirim,134209,107893,107893,26316,2348,2193,103352,19.6082,2.1762,2.0326
Prefeito 2024,3201308,56251,Cariacica,278170,205610,205610,72560,7646,7074,190890,26.0848,3.7187,3.4405
Prefeito 2024,3201407,56278,Castelo,30521,23958,23958,6563,471,767,22720,21.5032,1.9659,3.2014
Prefeito 2024,3201506,56294,Colatina,87119,70431,70431,16688,1470,1797,67164,19.1554,2.0871,2.5514
Prefeito 2024,3202256,56308,Governador Lindenberg,9333,7516,7516,1817,159,197,7160,19.4686,2.1155,2.6211
Prefeito 2024,3201605,56316,Conceição da Barra,25715,18739,18739,6976,380,6753,11606,27.1281,2.0279,36.0371
Prefeito 2024,3201704,56332,Conceição do Castelo,10662,8016,8016,2646,159,251,7606,24.8171,1.9835,3.1312
Prefeito 2024,3201803,56359,Divino de São Lourenço,4959,4434,4434,525,37,93,4304,10.5868,0.8345,2.0974
Prefeito 2024,3201902,56375,Domingos Martins,29281,23397,23397,5884,819,745,21833,20.0949,3.5004,3.1842
Prefeito 2024,3202009,56391,Dores do Rio Preto,6398,5268,5268,1130,81,155,5032,17.6618,1.5376,2.9423
Prefeito 2024,3202108,56413,Ecoporanga,19420,14792,14792,4628,152,276,14364,23.8311,1.0276,1.8659
Prefeito 2024,3202207,56430,Fundão,15310,12144,12144,3166,177,331,11636,20.6793,1.4575,2.7256
Prefeito 2024,3202306,56456,Guaçuí,22342,17233,17233,5109,296,414,16523,22.8672,1.7176,2.4024
Prefeito 2024,3202405,56472,Guarapari,100935,74596,74596,26339,2092,2444,70060,26.095,2.8044,3.2763
Prefeito 2024,3202504,56499,Ibiraçu,10068,7982,7982,2086,94,206,7682,20.7191,1.1776,2.5808
Prefeito 2024,3202553,56502,Ibitirama,7438,6478,6478,960,78,183,6217,12.9067,1.2041,2.8249
Prefeito 2024,3202603,56510,Iconha,11526,9476,9476,2050,215,270,8991,17.7859,2.2689,2.8493
Prefeito 2024,3202702,56537,Itaguaçu,12069,9637,9637,2432,135,242,9260,20.1508,1.4009,2.5112
Prefeito 2024,3202801,56553,Itapemirim,36743,30082,30082,6661,405,624,29053,18.1286,1.3463,2.0743
Prefeito 2024,3202900,56570,Itarana,9595,7609,7609,1986,125,185,7299,20.6983,1.6428,2.4313
Prefeito 2024,3203007,56596,Iúna,21440,16622,16622,4818,657,698,15267,22.472,3.9526,4.1993
Prefeito 2024,3203106,56618,Jerônimo Monteiro,10331,8202,8202,2129,115,232,7855,20.6079,1.4021,2.8286
Prefeito 2024,3203130,56626,João Neiva,13090,10133,10133,2957,327,2591,7215,22.5898,3.2271,25.5699
Prefeito 2024,3203205,56634,Linhares,122115,90247,90247,31868,2267,2905,85075,26.0967,2.512,3.2189
Prefeito 2024,3203304,56650,Mantenópolis,11256,7976,7976,3280,81,203,7692,29.14,1.0155,2.5451
Prefeito 2024,3203403,56677,Mimoso do Sul,19984,16319,16319,3665,398,580,15341,18.3397,2.4389,3.5541
Prefeito 2024,3203502,56693,Montanha,15411,11810,11810,3601,133,304,11373,23.3664,1.1262,2.5741
Prefeito 2024,3203601,56715,Mucurici,5292,4449,4449,843,25,81,4343,15.9297,0.5619,1.8206
Prefeito 2024,3203700,56731,Muniz Freire,14973,11766,11766,3207,240,331,11195,21.4186,2.0398,2.8132
Prefeito 2024,3203809,56758,Muqui,11424,9484,9484,1940,197,282,9005,16.9818,2.0772,2.9734
Prefeito 2024,3203908,56774,Nova Venécia,40998,30260,30260,10738,506,654,29100,26.1915,1.6722,2.1613
Prefeito 2024,3204005,56790,Pancas,16569,11945,11945,4624,161,217,11567,27.9075,1.3478,1.8167
Prefeito 2024,3204104,56812,Pinheiros,18744,14920,14920,3824,166,232,14522,20.4012,1.1126,1.555
Prefeito 2024,3204203,56839,Piúma,17035,14543,14543,2492,230,377,13936,14.6287,1.5815,2.5923
Prefeito 2024,3204302,56855,Presidente Kennedy,13290,11415,11415,1875,102,198,11115,14.1084,0.8936,1.7346
Prefeito 2024,3204401,56871,Rio Novo do Sul,8923,7598,7598,1325,162,208,7228,14.8493,2.1321,2.7376
Prefeito 2024,3204500,56898,Santa Leopoldina,10315,8331,8331,1984,143,210,7978,19.2341,1.7165,2.5207
Prefeito 2024,3204609,56910,Santa Teresa,20481,15295,15295,5186,422,527,14346,25.321,2.7591,3.4456
Prefeito 2024,3204708,56936,São Gabriel da Palha,26335,20346,20346,5989,337,564,19445,22.7416,1.6563,2.772
Prefeito 2024,3204807,56952,São José do Calçado,9549,7936,7936,1613,68,220,7648,16.8918,0.8569,2.7722
Prefeito 2024,3204906,56979,São Mateus,91713,67708,67708,24005,1583,1823,64302,26.174,2.338,2.6924
Prefeito 2024,3205002,56995,Serra,362524,264180,264180,98344,10270,9132,244778,27.1276,3.8875,3.4567
Prefeito 2024,3205101,57010,Viana,54289,43475,43475,10814,1247,1590,40638,19.9193,2.8683,3.6573
Prefeito 2024,3205200,57037,Vila Velha,345228,259393,259393,85835,6973,7683,244737,24.8633,2.6882,2.9619
Prefeito 2024,3205309,57053,Vitória,266570,199486,199486,67084,5682,5964,187840,25.1656,2.8483,2.9897
Prefeito 2024,3203353,57070,Marilândia,10978,9151,9151,1827,280,363,8508,16.6424,3.0598,3.9668
Prefeito 2024,3202454,57096,Ibatiba,19488,16266,16266,3222,189,359,15718,16.5333,1.1619,2.2071
Prefeito 2024,3204351,57118,Rio Bananal,15910,12520,12520,3390,205,225,12090,21.3074,1.6374,1.7971
Prefeito 2024,3203056,57134,Jaguaré,23961,19115,19115,4846,262,301,18552,20.2245,1.3707,1.5747
Prefeito 2024,3204054,57150,Pedro Canário,19141,14179,14179,4962,260,497,13422,25.9234,1.8337,3.5052
Prefeito 2024,3203163,57916,Laranja da Terra,9575,8382,8382,1193,72,161,8149,12.4595,0.859,1.9208
Prefeito 2024,3204559,57932,Santa Maria de Jetibá,31319,25314,25314,6005,638,634,24042,19.1737,2.5203,2.5045
Prefeito 2024,3205036,57959,Vargem Alta,15957,12569,12569,3388,561,501,11507,21.2321,4.4634,3.986
Prefeito 2024,3205069,57975,Venda Nova do Imigrante,19847,14701,14701,5146,396,456,13849,25.9284,2.6937,3.1018
Prefeito 2024,3200136,57991,Águia Branca,9089,7590,7590,1499,67,92,7431,16.4925,0.8827,1.2121
,3204658,56006,São Domingos do Norte,7586,6234,6234,1352,88,133,6013,17.8223,1.4116,2.1335
,3200102,56014,Afonso Cláudio,25365,18642,18642,6723,369,524,17749,26.505,1.9794,2.8109
,3200169,56022,Água Doce do Norte,10632,7910,7910,2722,95,201,7614,25.602,1.201,2.5411
,3200201,56030,Alegre,23807,18405,18405,5402,316,414,17675,22.6908,1.7169,2.2494
,3202652,56049,Irupi,11092,8401,8401,2691,141,194,8066,24.2607,1.6784,2.3092
,3200300,56057,Alfredo Chaves,12478,9701,9701,2777,209,257,9235,22.2552,2.1544,2.6492
,3200359,56065,Alto Rio Novo,6366,4564,4564,1802,55,98,4411,28.3066,1.2051,2.1472
,3200409,56073,Anchieta,22580,18832,18832,3748,317,434,18081,16.5988,1.6833,2.3046
,3205150,56081,Vila Pavão,7327,6128,6128,1199,65,119,5944,16.3641,1.0607,1.9419
,3200508,56090,Apiacá,6169,4790,4790,1379,51,125,4614,22.3537,1.0647,2.6096
,3203346,56103,Marechal Floriano,13416,10978,10978,2438,259,296,10423,18.1723,2.3593,2.6963
,3200607,56111,Aracruz,72231,55817,55817,16414,918,1463,53436,22.7243,1.6447,2.6211
,3203320,56120,Marataízes,31290,24376,24376,6914,343,398,23635,22.0965,1.4071,1.6328
,3200706,56138,Atílio Vivácqua,8868,7200,7200,1668,77,113,7010,18.8092,1.0694,1.5694
,3201159,56146,Brejetuba,10205,7517,7517,2688,136,207,7174,26.34,1.8092,2.7538
,3200805,56154,Baixo Guandu,23923,18622,18622,5301,314,504,17804,22.1586,1.6862,2.7065
,3204955,56162,São Roque do Canaã,9527,7793,7793,1734,159,222,7412,18.2009,2.0403,2.8487
,3200904,56170,Barra de São Francisco,33758,24406,24406,9352,277,542,23587,27.7031,1.135,2.2208
,3205010,56189,Sooretama,20120,15025,15025,5095,269,396,14360,25.3231,1.7903,2.6356
,3201001,56197,Boa Esperança,10744,8521,8521,2223,114,193,8214,20.6906,1.3379,2.265
,3204252,56200,Ponto Belo,6402,4810,4810,1592,63,103,4644,24.8672,1.3098,2.1414
,3201100,56219,Bom Jesus do Norte,7412,6106,6106,1306,73,218,5815,17.6201,1.1955,3.5703
,3205176,56227,Vila Valério,12401,10074,10074,2327,150,223,9701,18.7646,1.489,2.2136
,3201209,56235,Cachoeiro de Itapemirim,141866,112457,112457,29409,2082,2186,108189,20.7301,1.8514,1.9439
,3201308,56251,Cariacica,272885,217978,217978,54907,4101,5128,208749,20.1209,1.8814,2.3525
,3201407,56278,Castelo,29340,23261,23261,6079,409,576,22276,20.7192,1.7583,2.4762
,3201506,56294,Colatina,92534,72147,72147,20387,1299,1796,69052,22.0319,1.8005,2.4894
,3202256,56308,Governador Lindenberg,8810,6808,6808,2002,106,185,6517,22.7242,1.557,2.7174
,3201605,56316,Conceição da Barra,23661,16687,16687,6974,286,590,15811,29.4747,1.7139,3.5357
,3201704,56332,Conceição do Castelo,10305,7640,7640,2665,199,271,7170,25.8612,2.6047,3.5471
,3201803,56359,Divino de São Lourenço,4303,3454,3454,849,51,88,3315,19.7304,1.4765,2.5478
,3201902,56375,Domingos Martins,28563,23512,23512,5051,572,573,22367,17.6837,2.4328,2.4371
,3202009,56391,Dores do Rio Preto,6143,4834,4834,1309,81,160,4593,21.3088,1.6756,3.3099
,3202108,56413,Ecoporanga,19257,14286,14286,4971,164,301,13821,25.814,1.148,2.107
,3202207,56430,Fundão,14178,11221,11221,2957,200,334,10687,20.8563,1.7824,2.9766
,3202306,56456,Guaçuí,21754,16434,16434,5320,287,435,15712,24.4553,1.7464,2.647
,3202405,56472,Guarapari,96485,74754,74754,21731,1307,1870,71577,22.5227,1.7484,2.5015
,3202504,56499,Ibiraçu,9692,7626,7626,2066,129,272,7225,21.3165,1.6916,3.5667
,3202553,56502,Ibitirama,6965,5738,5738,1227,77,142,5519,17.6167,1.3419,2.4747
,3202603,56510,Iconha,11328,9178,9178,2150,172,247,8759,18.9795,1.874,2.6912
,3202702,56537,Itaguaçu,11672,8950,8950,2722,156,223,8571,23.3208,1.743,2.4916
,3202801,56553,Itapemirim,35373,28118,28118,7255,350,473,27295,20.51,1.2448,1.6822
,3202900,56570,Itarana,9441,7483,7483,1958,150,245,7088,20.7393,2.0045,3.2741
,3203007,56596,Iúna,20760,16043,16043,4717,270,365,15408,22.7216,1.683,2.2751
,3203106,56618,Jerônimo Monteiro,9954,7750,7750,2204,115,232,7403,22.1419,1.4839,2.9935
,3203130,56626,João Neiva,12813,10205,10205,2608,199,332,9674,20.3543,1.95,3.2533
,3203205,56634,Linhares,118586,91121,91121,27465,2047,2906,86168,23.1604,2.2465,3.1892
,3203304,56650,Mantenópolis,10942,7541,7541,3401,110,207,7224,31.0821,1.4587,2.745
,3203403,56677,Mimoso do Sul,19531,16070,16070,3461,304,468,15298,17.7205,1.8917,2.9123
,3203502,56693,Montanha,14911,11106,11106,3805,161,286,10659,25.5181,1.4497,2.5752
,3203601,56715,Mucurici,5068,3924,3924,1144,35,94,3795,22.573,0.8919,2.3955
,3203700,56731,Muniz Freire,14357,11075,11075,3282,230,336,10509,22.8599,2.0767,3.0339
,3203809,56758,Muqui,11026,9075,9075,1951,166,248,8661,17.6945,1.8292,2.7328
,3203908,56774,Nova Venécia,39636,29813,29813,9823,449,582,28782,24.783,1.5061,1.9522
,3204005,56790,Pancas,16135,11337,11337,4798,142,229,10966,29.7366,1.2525,2.0199
,3204104,56812,Pinheiros,17988,13840,13840,4148,161,301,13378,23.0598,1.1633,2.1749
,3204203,56839,Piúma,17009,13248,13248,3761,191,387,12670,22.1118,1.4417,2.9212
,3204302,56855,Presidente Kennedy,12248,9827,9827,2421,102,177,9548,19.7665,1.038,1.8012
,3204401,56871,Rio Novo do Sul,8668,7344,7344,1324,153,161,7030,15.2746,2.0833,2.1923
,3204500,56898,Santa Leopoldina,10045,8064,8064,1981,184,207,7673,19.7213,2.2817,2.567
,3204609,56910,Santa Teresa,20158,15563,15563,4595,341,484,14738,22.7949,2.1911,3.1099
,3204708,56936,São Gabriel da Palha,25528,19587,19587,5941,293,454,18840,23.2725,1.4959,2.3179
,3204807,56952,São José do Calçado,8634,6974,6974,1660,114,297,6563,19.2263,1.6346,4.2587
,3204906,56979,São Mateus,88221,66807,66807,21414,1007,1520,64280,24.2731,1.5073,2.2752
,3205002,56995,Serra,349886,278493,278493,71393,5088,7196,266209,20.4046,1.827,2.5839
,3205101,57010,Viana,51440,42043,42043,9397,742,922,40379,18.2679,1.7649,2.193
,3205200,57037,Vila Velha,337357,278695,278695,58662,4439,6029,268227,17.3887,1.5928,2.1633
,3205309,57053,Vitória,265334,220306,220306,45028,3092,4188,213026,16.9703,1.4035,1.901
,3203353,57070,Marilândia,10421,8698,8698,1723,193,271,8234,16.5339,2.2189,3.1157
,3202454,57096,Ibatiba,18408,14875,14875,3533,242,403,14230,19.1927,1.6269,2.7092
,3204351,57118,Rio Bananal,15328,11795,11795,3533,255,303,11237,23.0493,2.1619,2.5689
,3203056,57134,Jaguaré,22438,17516,17516,4922,300,322,16894,21.936,1.7127,1.8383
,3204054,57150,Pedro Canário,18537,13207,13207,5330,151,404,12652,28.7533,1.1433,3.059
,3203163,57916,Laranja da Terra,9217,7667,7667,1550,154,214,7299,16.8168,2.0086,2.7912
,3204559,57932,Santa Maria de Jetibá,30217,24944,24944,5273,479,509,23956,17.4504,1.9203,2.0406
,3205036,57959,Vargem Alta,15708,12544,12544,3164,238,251,12055,20.1426,1.8973,2.001
,3205069,57975,Venda Nova do Imigrante,19033,14639,14639,4394,301,365,13973,23.0862,2.0562,2.4933
,3200136,57991,Águia Branca,8583,6735,6735,1848,57,96,6582,21.5309,0.8463,1.4254
,3204658,56006,São Domingos do Norte,7585,6243,6243,1342,96,176,5971,17.6928,1.5377,2.8192
,3200102,56014,Afonso Cláudio,25367,18614,18614,6753,343,726,17545,26.6212,1.8427,3.9003
,3200169,56022,Água Doce do Norte,10630,7932,7932,2698,119,288,7525,25.381,1.5003,3.6309
,3200201,56030,Alegre,23809,18420,18420,5389,268,678,17474,22.6343,1.4549,3.6808
,3202652,56049,Irupi,11092,8661,8661,2431,126,282,8253,21.9167,1.4548,3.256
,3200300,56057,Alfredo Chaves,12476,9882,9882,2594,169,340,9373,20.7919,1.7102,3.4406
,3200359,56065,Alto Rio Novo,6366,4632,4632,1734,81,151,4400,27.2385,1.7487,3.2599
,3200409,56073,Anchieta,22585,18871,18871,3714,295,622,17954,16.4445,1.5632,3.2961
,3205150,56081,Vila Pavão,7328,6135,6135,1193,61,185,5889,16.28,0.9943,3.0155
,3200508,56090,Apiacá,6168,4792,4792,1376,50,214,4528,22.3087,1.0434,4.4658
,3203346,56103,Marechal Floriano,13417,10963,10963,2454,220,403,10340,18.2902,2.0067,3.676
,3200607,56111,Aracruz,72234,56199,56199,16035,778,1810,53611,22.1987,1.3844,3.2207
,3203320,56120,Marataízes,31289,24597,24597,6692,343,587,23667,21.3877,1.3945,2.3865
,3200706,56138,Atílio Vivácqua,8868,7220,7220,1648,72,212,6936,18.5837,0.9972,2.9363
,3201159,56146,Brejetuba,10203,7539,7539,2664,126,323,7090,26.11,1.6713,4.2844
,3200805,56154,Baixo Guandu,23926,18546,18546,5380,273,627,17646,22.486,1.472,3.3808
,3204955,56162,São Roque do Canaã,9523,7903,7903,1620,108,275,7520,17.0114,1.3666,3.4797
,3200904,56170,Barra de São Francisco,33762,24689,24689,9073,258,785,23646,26.8734,1.045,3.1796
,3205010,56189,Sooretama,20121,15125,15125,4996,232,570,14323,24.8298,1.5339,3.7686
,3201001,56197,Boa Esperança,10744,8565,8565,2179,116,293,8156,20.2811,1.3543,3.4209
,3204252,56200,Ponto Belo,6402,4819,4819,1583,72,177,4570,24.7266,1.4941,3.673
,3201100,56219,Bom Jesus do Norte,7415,6062,6062,1353,87,257,5718,18.2468,1.4352,4.2395
,3205176,56227,Vila Valério,12397,10010,10010,2387,131,329,9550,19.2547,1.3087,3.2867
,3201209,56235,Cachoeiro de Itapemirim,141861,113382,113382,28479,1780,3083,108519,20.0753,1.5699,2.7191
,3201308,56251,Cariacica,272884,218011,218011,54873,3673,7387,206951,20.1085,1.6848,3.3884
,3201407,56278,Castelo,29344,23652,23652,5692,358,736,22558,19.3975,1.5136,3.1118
,3201506,56294,Colatina,92541,72951,72951,19590,1081,2264,69606,21.169,1.4818,3.1035
,3202256,56308,Governador Lindenberg,8809,6953,6953,1856,92,250,6611,21.0694,1.3232,3.5956
,3201605,56316,Conceição da Barra,23662,16572,16572,7090,262,787,15523,29.9637,1.581,4.749
,3201704,56332,Conceição do Castelo,10305,7764,7764,2541,150,318,7296,24.6579,1.932,4.0958
,3201803,56359,Divino de São Lourenço,4303,3469,3469,834,66,114,3289,19.3818,1.9026,3.2862
,3201902,56375,Domingos Martins,28563,23672,23672,4891,497,764,22411,17.1236,2.0995,3.2274
,3202009,56391,Dores do Rio Preto,6143,4937,4937,1206,67,196,4674,19.6321,1.3571,3.97
,3202108,56413,Ecoporanga,19257,14296,14296,4961,194,474,13628,25.7621,1.357,3.3156
,3202207,56430,Fundão,14179,11197,11197,2982,163,480,10554,21.0311,1.4557,4.2869
,3202306,56456,Guaçuí,21757,16713,16713,5044,248,573,15892,23.1833,1.4839,3.4285
,3202405,56472,Guarapari,96502,74362,74362,22140,1186,2448,70728,22.9425,1.5949,3.292
,3202504,56499,Ibiraçu,9694,7623,7623,2071,117,330,7176,21.3637,1.5348,4.329
,3202553,56502,Ibitirama,6965,5807,5807,1158,93,203,5511,16.626,1.6015,3.4958
,3202603,56510,Iconha,11328,9260,9260,2068,158,341,8761,18.2556,1.7063,3.6825
,3202702,56537,Itaguaçu,11674,8984,8984,2690,132,327,8525,23.0427,1.4693,3.6398
,3202801,56553,Itapemirim,35377,28151,28151,7226,385,766,27000,20.4257,1.3676,2.721
,3202900,56570,Itarana,9441,7522,7522,1919,124,308,7090,20.3262,1.6485,4.0947
,3203007,56596,Iúna,20761,16313,16313,4448,233,495,15585,21.4248,1.4283,3.0344
,3203106,56618,Jerônimo Monteiro,9954,7731,7731,2223,141,318,7272,22.3327,1.8238,4.1133
,3203130,56626,João Neiva,12812,10359,10359,2453,144,395,9820,19.1461,1.3901,3.8131
,3203205,56634,Linhares,118576,91462,91462,27114,1619,3478,86365,22.8663,1.7701,3.8027
,3203304,56650,Mantenópolis,10946,7711,7711,3235,118,271,7322,29.5542,1.5303,3.5145
,3203403,56677,Mimoso do Sul,19531,16126,16126,3405,255,707,15164,17.4338,1.5813,4.3842
,3203502,56693,Montanha,14917,11141,11141,3776,178,403,10560,25.3134,1.5977,3.6173
,3203601,56715,Mucurici,5068,3886,3886,1182,53,146,3687,23.3228,1.3639,3.7571
,3203700,56731,Muniz Freire,14362,11226,11226,3136,198,443,10585,21.8354,1.7638,3.9462
,3203809,56758,Muqui,11027,9063,9063,1964,175,321,8567,17.8108,1.9309,3.5419
,3203908,56774,Nova Venécia,39629,29477,29477,10152,441,890,28146,25.6176,1.4961,3.0193
,3204005,56790,Pancas,16134,11411,11411,4723,149,401,10861,29.2736,1.3058,3.5142
,3204104,56812,Pinheiros,17991,13899,13899,4092,186,469,13244,22.7447,1.3382,3.3743
,3204203,56839,Piúma,17010,13192,13192,3818,173,454,12565,22.4456,1.3114,3.4415
,3204302,56855,Presidente Kennedy,12248,9889,9889,2359,108,260,9521,19.2603,1.0921,2.6292
,3204401,56871,Rio Novo do Sul,8669,7367,7367,1302,117,193,7057,15.019,1.5882,2.6198
,3204500,56898,Santa Leopoldina,10043,8109,8109,1934,129,354,7626,19.2572,1.5908,4.3655
,3204609,56910,Santa Teresa,20149,15581,15581,4568,284,584,14713,22.6711,1.8227,3.7482
,3204708,56936,São Gabriel da Palha,25498,19160,19160,6338,258,569,18333,24.8569,1.3466,2.9697
,3204807,56952,São José do Calçado,8633,6991,6991,1642,103,330,6558,19.02,1.4733,4.7204
,3204906,56979,São Mateus,88234,66953,66953,21281,994,2285,63674,24.1188,1.4846,3.4128
,3205002,56995,Serra,349889,277912,277912,71977,4623,9612,263677,20.5714,1.6635,3.4586
,3205101,57010,Viana,51439,42049,42049,9390,725,1387,39937,18.2546,1.7242,3.2985
,3205200,57037,Vila Velha,337286,278801,278801,58485,4748,8250,265803,17.3399,1.703,2.9591
,3205309,57053,Vitória,265264,220945,220945,44319,3789,6385,210771,16.7075,1.7149,2.8899
,3203353,57070,Marilândia,10422,8829,8829,1593,139,349,8341,15.285,1.5744,3.9529
,3202454,57096,Ibatiba,18405,15256,15256,3149,203,499,14554,17.1095,1.3306,3.2708
,3204351,57118,Rio Bananal,15329,12034,12034,3295,195,436,11403,21.4952,1.6204,3.6231
,3203056,57134,Jaguaré,22443,17455,17455,4988,258,568,16629,22.2252,1.4781,3.2541
,3204054,57150,Pedro Canário,18539,13181,13181,5358,173,542,12466,28.9012,1.3125,4.112
,3203163,57916,Laranja da Terra,9217,7806,7806,1411,110,284,7412,15.3087,1.4092,3.6382
,3204559,57932,Santa Maria de Jetibá,30216,24803,24803,5413,425,661,23717,17.9144,1.7135,2.665
,3205036,57959,Vargem Alta,15711,12722,12722,2989,182,356,12184,19.0249,1.4306,2.7983
,3205069,57975,Venda Nova do Imigrante,19033,14964,14964,4069,261,411,14292,21.3787,1.7442,2.7466
,3200136,57991,Águia Branca,8583,6768,6768,1815,77,178,6513,21.1465,1.1377,2.63
,3204658,56006,São Domingos do Norte,8443,6738,6738,1705,87,152,6499,20.1942,1.2912,2.2559
,3200102,56014,Afonso Cláudio,26254,19358,19358,6896,343,542,18473,26.2665,1.7719,2.7999
,3200169,56022,Água Doce do Norte,11111,8575,8575,2536,133,273,8169,22.8242,1.551,3.1837
,3200201,56030,Alegre,23554,17940,17940,5614,293,568,17079,23.8346,1.6332,3.1661
,3202652,56049,Irupi,11392,8659,8659,2733,167,273,8219,23.9905,1.9286,3.1528
,3200300,56057,Alfredo Chaves,12984,10050,10050,2934,186,259,9605,22.597,1.8507,2.5771
,3200359,56065,Alto Rio Novo,6545,5055,5055,1490,96,137,4822,22.7655,1.8991,2.7102
,3200409,56073,Anchieta,24797,20320,20320,4477,351,497,19472,18.0546,1.7274,2.4459
,3205150,56081,Vila Pavão,7761,6574,6574,1187,94,138,6342,15.2944,1.4299,2.0992
,3200508,56090,Apiacá,6320,4906,4906,1414,72,148,4686,22.3734,1.4676,3.0167
,3203346,56103,Marechal Floriano,14378,11387,11387,2991,264,304,10819,20.8026,2.3184,2.6697
,3200607,56111,Aracruz,75118,57900,57900,17218,1135,1550,55215,22.9213,1.9603,2.677
,3203320,56120,Marataízes,33342,27300,27300,6042,395,554,26351,18.1213,1.4469,2.0293
,3200706,56138,Atílio Vivácqua,9255,7559,7559,1696,100,146,7313,18.3252,1.3229,1.9315
,3201159,56146,Brejetuba,10987,8056,8056,2931,120,231,7705,26.677,1.4896,2.8674
,3200805,56154,Baixo Guandu,24892,19243,19243,5649,336,496,18411,22.694,1.7461,2.5776
,3204955,56162,São Roque do Canaã,9890,7809,7809,2081,197,253,7359,21.0415,2.5227,3.2399
,3200904,56170,Barra de São Francisco,34548,25607,25607,8941,356,625,24626,25.8799,1.3902,2.4407
,3205010,56189,Sooretama,20980,15359,15359,5621,317,449,14593,26.7922,2.0639,2.9234
,3201001,56197,Boa Esperança,11266,8994,8994,2272,113,259,8622,20.1669,1.2564,2.8797
,3204252,56200,Ponto Belo,6490,4985,4985,1505,53,156,4776,23.1895,1.0632,3.1294
,3201100,56219,Bom Jesus do Norte,8487,6731,6731,1756,99,244,6388,20.6905,1.4708,3.625
,3205176,56227,Vila Valério,12919,10536,10536,2383,143,255,10138,18.4457,1.3573,2.4203
,3201209,56235,Cachoeiro de Itapemirim,134177,109971,109971,24206,2218,2286,105467,18.0403,2.0169,2.0787
,3201308,56251,Cariacica,274339,213804,213804,60535,4511,4836,204457,22.0658,2.1099,2.2619
,3201407,56278,Castelo,30033,23863,23863,6170,407,575,22881,20.5441,1.7056,2.4096
,3201506,56294,Colatina,87109,71035,71035,16074,1287,1624,68124,18.4527,1.8118,2.2862
,3202256,56308,Governador Lindenberg,9107,7005,7005,2102,114,195,6696,23.0811,1.6274,2.7837
,3201605,56316,Conceição da Barra,25964,18471,18471,7493,302,636,17533,28.8592,1.635,3.4432
,3201704,56332,Conceição do Castelo,9986,7743,7743,2243,187,295,7261,22.4614,2.4151,3.8099
,3201803,56359,Divino de São Lourenço,4889,3960,3960,929,60,131,3769,19.0018,1.5152,3.3081
,3201902,56375,Domingos Martins,29145,23671,23671,5474,510,594,22567,18.782,2.1545,2.5094
,3202009,56391,Dores do Rio Preto,6285,4953,4953,1332,75,193,4685,21.1933,1.5142,3.8966
,3202108,56413,Ecoporanga,19065,14249,14249,4816,192,325,13732,25.2609,1.3475,2.2809
,3202207,56430,Fundão,14736,11542,11542,3194,196,319,11027,21.6748,1.6981,2.7638
,3202306,56456,Guaçuí,22346,16843,16843,5503,315,490,16038,24.6263,1.8702,2.9092
,3202405,56472,Guarapari,101964,77508,77508,24456,1526,2020,73962,23.9849,1.9688,2.6062
,3202504,56499,Ibiraçu,9933,7627,7627,2306,148,231,7248,23.2155,1.9405,3.0287
,3202553,56502,Ibitirama,7471,6145,6145,1326,97,190,5858,17.7486,1.5785,3.0919
,3202603,56510,Iconha,11401,9176,9176,2225,184,259,8733,19.5158,2.0052,2.8226
,3202702,56537,Itaguaçu,11742,8774,8774,2968,154,220,8400,25.2768,1.7552,2.5074
,3202801,56553,Itapemirim,36630,29271,29271,7359,390,604,28277,20.0901,1.3324,2.0635
,3202900,56570,Itarana,9584,7362,7362,2222,109,245,7008,23.1845,1.4806,3.3279
,3203007,56596,Iúna,21285,16206,16206,5079,291,436,15479,23.8619,1.7956,2.6904
,3203106,56618,Jerônimo Monteiro,10071,7877,7877,2194,140,287,7450,21.7853,1.7773,3.6435
,3203130,56626,João Neiva,12793,10056,10056,2737,177,295,9584,21.3945,1.7601,2.9336
,3203205,56634,Linhares,122598,93119,93119,29479,2221,2920,87978,24.0453,2.3851,3.1358
,3203304,56650,Mantenópolis,10402,7733,7733,2669,116,207,7410,25.6585,1.5001,2.6768
,3203403,56677,Mimoso do Sul,19748,15702,15702,4046,346,600,14756,20.4882,2.2035,3.8212
,3203502,56693,Montanha,15424,11634,11634,3790,171,350,11113,24.5721,1.4698,3.0084
,3203601,56715,Mucurici,5141,4033,4033,1108,46,120,3867,21.5522,1.1406,2.9755
,3203700,56731,Muniz Freire,14757,11402,11402,3355,242,353,10807,22.735,2.1224,3.0959
,3203809,56758,Muqui,11078,8912,8912,2166,168,257,8487,19.5523,1.8851,2.8838
,3203908,56774,Nova Venécia,41191,31567,31567,9624,551,667,30349,23.3643,1.7455,2.113
,3204005,56790,Pancas,15876,11563,11563,4313,157,282,11124,27.1668,1.3578,2.4388
,3204104,56812,Pinheiros,18818,14638,14638,4180,201,333,14104,22.2128,1.3731,2.2749
,3204203,56839,Piúma,17326,14061,14061,3265,223,392,13446,18.8445,1.5859,2.7879
,3204302,56855,Presidente Kennedy,13256,10449,10449,2807,152,256,10041,21.1753,1.4547,2.45
,3204401,56871,Rio Novo do Sul,8808,7274,7274,1534,157,152,6965,17.416,2.1584,2.0896
,3204500,56898,Santa Leopoldina,10108,7992,7992,2116,173,226,7593,20.9339,2.1647,2.8278
,3204609,56910,Santa Teresa,20737,15389,15389,5348,302,458,14629,25.7897,1.9624,2.9762
,3204708,56936,São Gabriel da Palha,26249,20668,20668,5581,360,452,19856,21.2618,1.7418,2.187
,3204807,56952,São José do Calçado,9759,7649,7649,2110,124,302,7223,21.6211,1.6211,3.9482
,3204906,56979,São Mateus,92268,70059,70059,22209,1214,1734,67111,24.0701,1.7328,2.4751
,3205002,56995,Serra,361737,281829,281829,79908,5585,7391,268853,22.0901,1.9817,2.6225
,3205101,57010,Viana,54374,43912,43912,10462,853,1004,42055,19.2408,1.9425,2.2864
,3205200,57037,Vila Velha,347987,281119,281119,66868,4988,6051,270080,19.2157,1.7743,2.1525
,3205309,57053,Vitória,267102,216724,216724,50378,3317,4119,209288,18.861,1.5305,1.9006
,3203353,57070,Marilândia,10864,8906,8906,1958,169,259,8478,18.0228,1.8976,2.9082
,3202454,57096,Ibatiba,19598,15766,15766,3832,259,504,15003,19.553,1.6428,3.1968
,3204351,57118,Rio Bananal,15535,11994,11994,3541,250,300,11444,22.7937,2.0844,2.5013
,3203056,57134,Jaguaré,24297,19037,19037,5260,355,413,18269,21.6488,1.8648,2.1695
,3204054,57150,Pedro Canário,18937,13508,13508,5429,197,413,12898,28.6687,1.4584,3.0574
,3203163,57916,Laranja da Terra,9495,7904,7904,1591,134,223,7547,16.7562,1.6953,2.8214
,3204559,57932,Santa Maria de Jetibá,31314,25523,25523,5791,497,542,24484,18.4933,1.9473,2.1236
,3205036,57959,Vargem Alta,16002,12821,12821,3181,206,287,12328,19.8788,1.6067,2.2385
,3205069,57975,Venda Nova do Imigrante,20198,15486,15486,4712,349,392,14745,23.329,2.2536,2.5313
,3200136,57991,Águia Branca,8898,7156,7156,1742,88,118,6950,19.5774,1.2297,1.649
Senador 2026,3204658,56006,São Domingos do Norte,8443,6738,13476,1705,824,1065,11587,20.1942,6.1146,7.9029
Senador 2026,3200102,56014,Afonso Cláudio,26253,19357,38714,6896,2066,3420,33228,26.2675,5.3366,8.834
Senador 2026,3200169,56022,Água Doce do Norte,11111,8575,17150,2536,788,1702,14660,22.8242,4.5948,9.9242
Senador 2026,3200201,56030,Alegre,23553,17939,35878,5614,1869,2854,31155,23.8356,5.2093,7.9547
Senador 2026,3202652,56049,Irupi,11392,8659,17318,2733,1319,1600,14399,23.9905,7.6164,9.2389
Senador 2026,3200300,56057,Alfredo Chaves,12984,10050,20100,2934,1181,1495,17424,22.597,5.8756,7.4378
Senador 2026,3200359,56065,Alto Rio Novo,6545,5055,10110,1490,570,926,8614,22.7655,5.638,9.1592
Senador 2026,3200409,56073,Anchieta,24797,20320,40640,4477,2527,2949,35164,18.0546,6.218,7.2564
Senador 2026,3205150,56081,Vila Pavão,7761,6574,13148,1187,607,954,11587,15.2944,4.6167,7.2559
Senador 2026,3200508,56090,Apiacá,6320,4906,9812,1414,377,877,8558,22.3734,3.8422,8.938
Senador 2026,3203346,56103,Marechal Floriano,14378,11387,22774,2991,1846,1893,19035,20.8026,8.1057,8.3121
Senador 2026,3200607,56111,Aracruz,75116,57898,115796,17218,8929,9149,97718,22.9219,7.711,7.901
Senador 2026,3203320,56120,Marataízes,33341,27299,54598,6042,3313,3335,47950,18.1218,6.068,6.1083
Senador 2026,3200706,56138,Atílio Vivácqua,9255,7559,15118,1696,743,1026,13349,18.3252,4.9147,6.7866
Senador 2026,3201159,56146,Brejetuba,10987,8056,16112,2931,901,1486,13725,26.677,5.5921,9.2229
Senador 2026,3200805,56154,Baixo Guandu,24892,19243,38486,5649,2483,3148,32855,22.694,6.4517,8.1796
Senador 2026,3204955,56162,São Roque do Canaã,9890,7809,15618,2081,975,1384,13259,21.0415,6.2428,8.8616
Senador 2026,3200904,56170,Barra de São Francisco,34548,25607,51214,8941,2650,4324,44240,25.8799,5.1744,8.443
Senador 2026,3205010,56189,Sooretama,20980,15359,30718,5621,2809,2789,25120,26.7922,9.1445,9.0794
Senador 2026,3201001,56197,Boa Esperança,11266,8994,17988,2272,758,1467,15763,20.1669,4.2139,8.1554
Senador 2026,3204252,56200,Ponto Belo,6490,4985,9970,1505,334,805,8831,23.1895,3.3501,8.0742
Senador 2026,3201100,56219,Bom Jesus do Norte,8487,6731,13462,1756,793,1450,11219,20.6905,5.8907,10.7711
Senador 2026,3205176,56227,Vila Valério,12919,10536,21072,2383,1049,1623,18400,18.4457,4.9782,7.7022
Senador 2026,3201209,56235,Cachoeiro de Itapemirim,134025,109846,219692,24179,15356,13985,190351,18.0407,6.9898,6.3657
Senador 2026,3201308,56251,Cariacica,274127,213622,427244,60505,33304,30938,363002,22.0719,7.7951,7.2413
Senador 2026,3201407,56278,Castelo,30029,23859,47718,6170,2933,3549,41236,20.5468,6.1465,7.4374
Senador 2026,3201506,56294,Colatina,87108,71034,142068,16074,10122,10731,121215,18.453,7.1248,7.5534
Senador 2026,3202256,56308,Governador Lindenberg,9107,7005,14010,2102,792,1241,11977,23.0811,5.6531,8.858
Senador 2026,3201605,56316,Conceição da Barra,25964,18471,36942,7493,2619,3651,30672,28.8592,7.0895,9.8831
Senador 2026,3201704,56332,Conceição do Castelo,9986,7743,15486,2243,1028,1584,12874,22.4614,6.6383,10.2286
Senador 2026,3201803,56359,Divino de São Lourenço,4889,3960,7920,929,410,683,6827,19.0018,5.1768,8.6237
Senador 2026,3201902,56375,Domingos Martins,29142,23668,47336,5474,3462,4168,39706,18.7839,7.3137,8.8051
Senador 2026,3202009,56391,Dores do Rio Preto,6285,4953,9906,1332,617,1070,8219,21.1933,6.2285,10.8015
Senador 2026,3202108,56413,Ecoporanga,19064,14249,28498,4815,1031,2273,25194,25.257,3.6178,7.976
Senador 2026,3202207,56430,Fundão,14736,11542,23084,3194,1397,2060,19627,21.6748,6.0518,8.9239
Senador 2026,3202306,56456,Guaçuí,22346,16843,33686,5503,2375,2948,28363,24.6263,7.0504,8.7514
Senador 2026,3202405,56472,Guarapari,101524,77129,154258,24395,11270,11539,131449,24.0288,7.3059,7.4803
Senador 2026,3202504,56499,Ibiraçu,9933,7627,15254,2306,1123,1371,12760,23.2155,7.362,8.9878
Senador 2026,3202553,56502,Ibitirama,7470,6144,12288,1326,780,1135,10373,17.751,6.3477,9.2367
Senador 2026,3202603,56510,Iconha,11401,9176,18352,2225,1088,1382,15882,19.5158,5.9285,7.5305
Senador 2026,3202702,56537,Itaguaçu,11740,8772,17544,2968,1084,1536,14924,25.2811,6.1788,8.7551
Senador 2026,3202801,56553,Itapemirim,36630,29271,58542,7359,3282,3787,51473,20.0901,5.6062,6.4689
Senador 2026,3202900,56570,Itarana,9584,7362,14724,2222,706,1214,12804,23.1845,4.7949,8.245
Senador 2026,3203007,56596,Iúna,21278,16199,32398,5079,2261,2858,27279,23.8697,6.9788,8.8215
Senador 2026,3203106,56618,Jerônimo Monteiro,10071,7877,15754,2194,879,1520,13355,21.7853,5.5795,9.6483
Senador 2026,3203130,56626,João Neiva,12793,10056,20112,2737,1419,1926,16767,21.3945,7.0555,9.5764
Senador 2026,3203205,56634,Linhares,122326,92893,185786,29433,16862,15868,153056,24.0611,9.076,8.541
Senador 2026,3203304,56650,Mantenópolis,10402,7733,15466,2669,761,1443,13262,25.6585,4.9205,9.3301
Senador 2026,3203403,56677,Mimoso do Sul,19743,15697,31394,4046,2025,3000,26369,20.4933,6.4503,9.556
Senador 2026,3203502,56693,Montanha,15420,11630,23260,3790,1393,2165,19702,24.5785,5.9888,9.3078
Senador 2026,3203601,56715,Mucurici,5140,4032,8064,1108,308,714,7042,21.5564,3.8194,8.8542
Senador 2026,3203700,56731,Muniz Freire,14757,11402,22804,3355,1265,2106,19433,22.735,5.5473,9.2352
Senador 2026,3203809,56758,Muqui,11077,8911,17822,2166,1160,1484,15178,19.554,6.5088,8.3268
Senador 2026,3203908,56774,Nova Venécia,41191,31567,63134,9624,4033,4388,54713,23.3643,6.388,6.9503
Senador 2026,3204005,56790,Pancas,15876,11563,23126,4313,1232,1913,19981,27.1668,5.3273,8.2721
Senador 2026,3204104,56812,Pinheiros,18818,14638,29276,4180,1669,2433,25174,22.2128,5.7009,8.3106
Senador 2026,3204203,56839,Piúma,17326,14061,28122,3265,1806,2145,24171,18.8445,6.422,7.6275
Senador 2026,3204302,56855,Presidente Kennedy,13255,10448,20896,2807,1019,1420,18457,21.1769,4.8765,6.7956
Senador 2026,3204401,56871,Rio Novo do Sul,8808,7274,14548,1534,1019,1002,12527,17.416,7.0044,6.8875
Senador 2026,3204500,56898,Santa Leopoldina,10107,7991,15982,2116,991,1335,13656,20.936,6.2007,8.3531
Senador 2026,3204609,56910,Santa Teresa,20734,15386,30772,5348,2147,2775,25850,25.7934,6.9771,9.0179
Senador 2026,3204708,56936,São Gabriel da Palha,26248,20667,41334,5581,2571,3121,35642,21.2626,6.2201,7.5507
Senador 2026,3204807,56952,São José do Calçado,9759,7649,15298,2110,828,1599,12871,21.6211,5.4125,10.4523
Senador 2026,3204906,56979,São Mateus,92268,70059,140118,22209,9471,10503,120144,24.0701,6.7593,7.4958
Senador 2026,3205002,56995,Serra,361189,281326,562652,79863,44540,42828,475284,22.1111,7.9161,7.6118
Senador 2026,3205101,57010,Viana,54374,43912,87824,10462,6687,6475,74662,19.2408,7.6141,7.3727
Senador 2026,3205200,57037,Vila Velha,346813,280054,560108,66759,37536,35310,487262,19.2493,6.7016,6.3041
Senador 2026,3205309,57053,Vitória,265883,215582,431164,50301,23668,22458,385038,18.9185,5.4893,5.2087
Senador 2026,3203353,57070,Marilândia,10864,8906,17812,1958,1266,1669,14877,18.0228,7.1076,9.3701
Senador 2026,3202454,57096,Ibatiba,19595,15763,31526,3832,2092,2753,26681,19.556,6.6358,8.7325
Senador 2026,3204351,57118,Rio Bananal,15534,11993,23986,3541,1669,1964,20353,22.7952,6.9582,8.1881
Senador 2026,3203056,57134,Jaguaré,24297,19037,38074,5260,2749,2934,32391,21.6488,7.2202,7.706
Senador 2026,3204054,57150,Pedro Canário,18937,13508,27016,5429,1611,2598,22807,28.6687,5.9631,9.6165
Senador 2026,3203163,57916,Laranja da Terra,9495,7904,15808,1591,822,1298,13688,16.7562,5.1999,8.211
Senador 2026,3204559,57932,Santa Maria de Jetibá,31314,25523,51046,5791,3311,3516,44219,18.4933,6.4863,6.8879
Senador 2026,3205036,57959,Vargem Alta,16001,12820,25640,3181,1329,1824,22487,19.88,5.1833,7.1139
Senador 2026,3205069,57975,Venda Nova do Imigrante,20196,15484,30968,4712,2007,2865,26096,23.3314,6.4809,9.2515
Senador 2026,3200136,57991,Águia Branca,8897,7155,14310,1742,669,956,12685,19.5796,4.6751,6.6806
Vereador 2020,3204658,56006,São Domingos do Norte,7266,6335,6335,931,95,113,6127,12.8131,1.4996,1.7837
Vereador 2020,3200102,56014,Afonso Cláudio,25289,18629,18629,6660,348,555,17726,26.3356,1.8681,2.9792
Vereador 2020,3200169,56022,Água Doce do Norte,10492,8458,8458,2034,81,256,8121,19.3862,0.9577,3.0267
Vereador 2020,3200201,56030,Alegre,23434,17618,17618,5816,407,662,16549,24.8186,2.3101,3.7575
Vereador 2020,3202652,56049,Irupi,10952,8838,8442,2114,147,190,8105,19.3024,1.7413,2.2507
Vereador 2020,3200300,56057,Alfredo Chaves,12294,9731,9731,2563,217,284,9230,20.8476,2.23,2.9185
Vereador 2020,3200359,56065,Alto Rio Novo,6228,4904,4904,1324,44,129,4731,21.2588,0.8972,2.6305
Vereador 2020,3200409,56073,Anchieta,21659,18312,18312,3347,282,505,17525,15.4532,1.54,2.7578
Vereador 2020,3205150,56081,Vila Pavão,7024,6090,6090,934,71,102,5917,13.2973,1.1658,1.6749
Vereador 2020,3200508,56090,Apiacá,6202,5005,5005,1197,45,92,4868,19.3002,0.8991,1.8382
Vereador 2020,3203346,56103,Marechal Floriano,12827,10285,10285,2542,381,456,9448,19.8176,3.7044,4.4336
Vereador 2020,3200607,56111,Aracruz,69769,51827,51827,17942,1623,11934,38270,25.7163,3.1316,23.0266
Vereador 2020,3203320,56120,Marataízes,30655,24553,24553,6102,351,525,23677,19.9054,1.4296,2.1382
Vereador 2020,3200706,56138,Atílio Vivácqua,8726,7245,7245,1481,132,554,6559,16.9723,1.8219,7.6467
Vereador 2020,3201159,56146,Brejetuba,9793,7774,7774,2019,117,372,7285,20.6168,1.505,4.7852
Vereador 2020,3200805,56154,Baixo Guandu,23177,18081,18081,5096,303,391,17387,21.9873,1.6758,2.1625
Vereador 2020,3204955,56162,São Roque do Canaã,9298,7942,7942,1356,125,203,7614,14.5838,1.5739,2.556
Vereador 2020,3200904,56170,Barra de São Francisco,33544,24151,24151,9393,359,358,23434,28.002,1.4865,1.4823
Vereador 2020,3205010,56189,Sooretama,19220,14662,14662,4558,310,362,13990,23.7149,2.1143,2.469
Vereador 2020,3201001,56197,Boa Esperança,10382,8371,8371,2011,112,279,7980,19.3701,1.338,3.3329
Vereador 2020,3204252,56200,Ponto Belo,6307,5193,5193,1114,43,127,5023,17.6629,0.828,2.4456
Vereador 2020,3201100,56219,Bom Jesus do Norte,7460,6201,6201,1259,83,237,5881,16.8767,1.3385,3.822
Vereador 2020,3205176,56227,Vila Valério,12105,10179,10179,1926,138,1276,8765,15.9108,1.3557,12.5356
Vereador 2020,3201209,56235,Cachoeiro de Itapemirim,140438,105624,105624,34814,4731,4685,96208,24.7896,4.4791,4.4355
Vereador 2020,3201308,56251,Cariacica,262414,194723,194723,67691,11345,44716,138662,25.7955,5.8262,22.9639
Vereador 2020,3201407,56278,Castelo,28867,21969,21969,6898,671,698,20600,23.8958,3.0543,3.1772
Vereador 2020,3201506,56294,Colatina,90868,66962,66962,23906,2580,11280,53102,26.3085,3.8529,16.8454
Vereador 2020,3202256,56308,Governador Lindenberg,8676,7048,7048,1628,89,622,6337,18.7644,1.2628,8.8252
Vereador 2020,3201605,56316,Conceição da Barra,22835,16222,16222,6613,257,656,15309,28.9599,1.5843,4.0439
Vereador 2020,3201704,56332,Conceição do Castelo,10074,7608,7608,2466,244,472,6892,24.4789,3.2072,6.204
Vereador 2020,3201803,56359,Divino de São Lourenço,4169,3680,3680,489,49,108,3523,11.7294,1.3315,2.9348
Vereador 2020,3201902,56375,Domingos Martins,27397,21719,21719,5678,1089,1257,19373,20.7249,5.014,5.7876
Vereador 2020,3202009,56391,Dores do Rio Preto,6003,5153,5153,850,71,268,4814,14.1596,1.3778,5.2009
Vereador 2020,3202108,56413,Ecoporanga,19170,14435,14435,4735,140,326,13969,24.7001,0.9699,2.2584
Vereador 2020,3202207,56430,Fundão,14041,11104,11104,2937,227,330,10547,20.9173,2.0443,2.9719
Vereador 2020,3202306,56456,Guaçuí,21537,16212,16212,5325,333,444,15435,24.7249,2.054,2.7387
Vereador 2020,3202405,56472,Guarapari,92611,68436,68436,24175,2418,6540,59478,26.1038,3.5332,9.5564
Vereador 2020,3202504,56499,Ibiraçu,9532,7457,7457,2075,149,263,7045,21.7688,1.9981,3.5269
Vereador 2020,3202553,56502,Ibitirama,6716,5781,5781,935,70,153,5558,13.922,1.2109,2.6466
Vereador 2020,3202603,56510,Iconha,11208,9193,9193,2015,147,365,8681,17.9782,1.599,3.9704
Vereador 2020,3202702,56537,Itaguaçu,11509,9017,9017,2492,169,197,8651,21.6526,1.8742,2.1848
Vereador 2020,3202801,56553,Itapemirim,33544,28107,28107,5437,283,4141,23683,16.2086,1.0069,14.733
Vereador 2020,3202900,56570,Itarana,9295,7443,7443,1852,133,189,7121,19.9247,1.7869,2.5393
Vereador 2020,3203007,56596,Iúna,20597,15860,15860,4737,337,369,15154,22.9985,2.1248,2.3266
Vereador 2020,3203106,56618,Jerônimo Monteiro,9822,7749,7749,2073,131,385,7233,21.1057,1.6905,4.9684
Vereador 2020,3203130,56626,João Neiva,12650,10019,10019,2631,282,1973,7764,20.7984,2.8147,19.6926
Vereador 2020,3203205,56634,Linhares,114152,84316,84316,29836,3540,4867,75909,26.1371,4.1985,5.7723
Vereador 2020,3203304,56650,Mantenópolis,10784,8407,8407,2377,78,176,8153,22.0419,0.9278,2.0935
Vereador 2020,3203403,56677,Mimoso do Sul,19194,15892,15892,3302,291,2230,13371,17.2033,1.8311,14.0322
Vereador 2020,3203502,56693,Montanha,14684,10957,10957,3727,205,565,10187,25.3814,1.871,5.1565
Vereador 2020,3203601,56715,Mucurici,4965,4180,4180,785,35,81,4064,15.8107,0.8373,1.9378
Vereador 2020,3203700,56731,Muniz Freire,14188,10894,10894,3294,237,399,10258,23.2168,2.1755,3.6626
Vereador 2020,3203809,56758,Muqui,10918,8982,8982,1936,178,1638,7166,17.7322,1.9817,18.2365
Vereador 2020,3203908,56774,Nova Venécia,38692,28356,28356,10336,834,6978,20544,26.7135,2.9412,24.6085
Vereador 2020,3204005,56790,Pancas,16002,11900,11900,4102,138,245,11517,25.6343,1.1597,2.0588
Vereador 2020,3204104,56812,Pinheiros,17697,13765,13765,3932,192,418,13155,22.2185,1.3948,3.0367
Vereador 2020,3204203,56839,Piúma,17003,13383,13383,3620,192,780,12411,21.2904,1.4347,5.8283
Vereador 2020,3204302,56855,Presidente Kennedy,12040,10647,10647,1393,66,773,9808,11.5698,0.6199,7.2603
Vereador 2020,3204401,56871,Rio Novo do Sul,8500,7159,7159,1341,165,167,6827,15.7765,2.3048,2.3327
Vereador 2020,3204500,56898,Santa Leopoldina,9999,8035,8035,1964,186,184,7665,19.642,2.3149,2.29
Vereador 2020,3204609,56910,Santa Teresa,19469,14386,14386,5083,424,436,13526,26.1082,2.9473,3.0307
Vereador 2020,3204708,56936,São Gabriel da Palha,25283,19157,19157,6126,357,460,18340,24.2297,1.8635,2.4012
Vereador 2020,3204807,56952,São José do Calçado,8366,6864,6864,1502,114,221,6529,17.9536,1.6608,3.2197
Vereador 2020,3204906,56979,São Mateus,84191,61572,61572,22619,1854,5650,54068,26.8663,3.0111,9.1762
Vereador 2020,3205002,56995,Serra,327670,241611,241611,86059,12441,9919,219251,26.2639,5.1492,4.1054
Vereador 2020,3205101,57010,Viana,48798,39130,39130,9668,1149,1065,36916,19.8123,2.9364,2.7217
Vereador 2020,3205200,57037,Vila Velha,315224,235849,235849,79375,15815,32470,187564,25.1805,6.7056,13.7673
Vereador 2020,3205309,57053,Vitória,251464,187470,187470,63994,10513,8488,168469,25.4486,5.6078,4.5277
Vereador 2020,3203353,57070,Marilândia,9966,8621,8621,1345,149,237,8235,13.4959,1.7283,2.7491
Vereador 2020,3202454,57096,Ibatiba,17532,14885,14885,2647,276,3391,11218,15.0981,1.8542,22.7813
Vereador 2020,3204351,57118,Rio Bananal,15065,11968,11968,3097,212,4102,7654,20.5576,1.7714,34.2747
Vereador 2020,3203056,57134,Jaguaré,21577,17151,17151,4426,283,3429,13439,20.5126,1.65,19.993
Vereador 2020,3204054,57150,Pedro Canário,18056,13426,13426,4630,159,405,12862,25.6424,1.1843,3.0165
Vereador 2020,3203163,57916,Laranja da Terra,8901,7982,7982,919,76,139,7767,10.3247,0.9521,1.7414
Vereador 2020,3204559,57932,Santa Maria de Jetibá,29305,23587,23587,5718,704,596,22287,19.512,2.9847,2.5268
Vereador 2020,3205036,57959,Vargem Alta,15453,12046,12046,3407,332,294,11420,22.0475,2.7561,2.4406
Vereador 2020,3205069,57975,Venda Nova do Imigrante,18597,13713,13713,4884,561,504,12648,26.2623,4.091,3.6753
Vereador 2020,3200136,57991,Águia Branca,8321,7061,7061,1260,83,136,6842,15.1424,1.1755,1.9261
Vereador 2024,3204658,56006,São Domingos do Norte,8574,7198,7198,1376,99,313,6786,16.0485,1.3754,4.3484
Vereador 2024,3200102,56014,Afonso Cláudio,25940,19421,19421,6519,368,336,18717,25.1311,1.8949,1.7301
Vereador 2024,3200169,56022,Água Doce do Norte,11508,8913,8913,2595,76,154,8683,22.5495,0.8527,1.7278
Vereador 2024,3200201,56030,Alegre,24222,18312,18312,5910,346,378,17588,24.3993,1.8895,2.0642
Vereador 2024,3202652,56049,Irupi,11592,9278,9278,2314,170,135,8973,19.962,1.8323,1.4551
Vereador 2024,3200300,56057,Alfredo Chaves,12860,10255,10255,2605,181,144,9930,20.2566,1.765,1.4042
Vereador 2024,3200359,56065,Alto Rio Novo,6760,5088,5088,1672,69,61,4958,24.7337,1.3561,1.1989
Vereador 2024,3200409,56073,Anchieta,24537,20602,20602,3935,307,297,19998,16.037,1.4901,1.4416
Vereador 2024,3205150,56081,Vila Pavão,7832,6789,6789,1043,82,63,6644,13.3172,1.2078,0.928
Vereador 2024,3200508,56090,Apiacá,6608,5553,5553,1055,45,99,5409,15.9655,0.8104,1.7828
Vereador 2024,3203346,56103,Marechal Floriano,14448,11674,11674,2774,336,253,11085,19.1999,2.8782,2.1672
Vereador 2024,3200607,56111,Aracruz,75184,56106,56106,19078,1565,1216,53325,25.3751,2.7894,2.1673
Vereador 2024,3203320,56120,Marataízes,32726,28032,28032,4694,368,815,26849,14.3433,1.3128,2.9074
Vereador 2024,3200706,56138,Atílio Vivácqua,9382,7860,7860,1522,139,94,7627,16.2226,1.7684,1.1959
Vereador 2024,3201159,56146,Brejetuba,11245,8927,8927,2318,144,104,8679,20.6136,1.6131,1.165
Vereador 2024,3200805,56154,Baixo Guandu,25379,19998,19998,5381,253,248,19497,21.2026,1.2651,1.2401
Vereador 2024,3204955,56162,São Roque do Canaã,10006,8315,8315,1691,147,122,8046,16.8999,1.7679,1.4672
Vereador 2024,3200904,56170,Barra de São Francisco,34696,24947,24947,9749,351,380,24216,28.0983,1.407,1.5232
Vereador 2024,3205010,56189,Sooretama,21291,16165,16165,5126,432,356,15377,24.0759,2.6724,2.2023
Vereador 2024,3201001,56197,Boa Esperança,11521,9353,9353,2168,118,112,9123,18.8178,1.2616,1.1975
Vereador 2024,3204252,56200,Ponto Belo,6654,5550,5550,1104,31,89,5430,16.5915,0.5586,1.6036
Vereador 2024,3201100,56219,Bom Jesus do Norte,8523,7296,7296,1227,67,138,7091,14.3963,0.9183,1.8914
Vereador 2024,3205176,56227,Vila Valério,13197,10974,10974,2223,159,293,10522,16.8447,1.4489,2.6699
Vereador 2024,3201209,56235,Cachoeiro de Itapemirim,134209,107893,107893,26316,3932,4162,99799,19.6082,3.6444,3.8575
Vereador 2024,3201308,56251,Cariacica,278170,205610,205610,72560,9824,7208,188578,26.0848,4.778,3.5057
Vereador 2024,3201407,56278,Castelo,30521,23958,23958,6563,638,1521,21799,21.5032,2.663,6.3486
Vereador 2024,3201506,56294,Colatina,87119,70431,70431,16688,2140,2761,65530,19.1554,3.0384,3.9201
Vereador 2024,3202256,56308,Governador Lindenberg,9333,7516,7516,1817,85,122,7309,19.4686,1.1309,1.6232
Vereador 2024,3201605,56316,Conceição da Barra,25715,18739,18739,6976,266,374,18099,27.1281,1.4195,1.9958
Vereador 2024,3201704,56332,Conceição do Castelo,10662,8016,8016,2646,227,232,7557,24.8171,2.8318,2.8942
Vereador 2024,3201803,56359,Divino de São Lourenço,4959,4434,4434,525,47,58,4329,10.5868,1.06,1.3081
Vereador 2024,3201902,56375,Domingos Martins,29281,23397,23397,5884,830,529,22038,20.0949,3.5475,2.261
Vereador 2024,3202009,56391,Dores do Rio Preto,6398,5268,5268,1130,86,126,5056,17.6618,1.6325,2.3918
Vereador 2024,3202108,56413,Ecoporanga,19420,14792,14792,4628,189,191,14412,23.8311,1.2777,1.2912
Vereador 2024,3202207,56430,Fundão,15310,12144,12144,3166,211,268,11665,20.6793,1.7375,2.2069
Vereador 2024,3202306,56456,Guaçuí,22342,17233,17233,5109,352,936,15945,22.8672,2.0426,5.4314
Vereador 2024,3202405,56472,Guarapari,100935,74596,74596,26339,2291,7578,64727,26.095,3.0712,10.1587
Vereador 2024,3202504,56499,Ibiraçu,10068,7982,7982,2086,156,164,7662,20.7191,1.9544,2.0546
Vereador 2024,3202553,56502,Ibitirama,7438,6478,6478,960,98,97,6283,12.9067,1.5128,1.4974
Vereador 2024,3202603,56510,Iconha,11526,9476,9476,2050,168,157,9151,17.7859,1.7729,1.6568
Vereador 2024,3202702,56537,Itaguaçu,12069,9637,9637,2432,144,189,9304,20.1508,1.4942,1.9612
Vereador 2024,3202801,56553,Itapemirim,36743,30082,30082,6661,396,889,28797,18.1286,1.3164,2.9553
Vereador 2024,3202900,56570,Itarana,9595,7609,7609,1986,135,142,7332,20.6983,1.7742,1.8662
Vereador 2024,3203007,56596,Iúna,21440,16622,16622,4818,376,279,15967,22.472,2.2621,1.6785
Vereador 2024,3203106,56618,Jerônimo Monteiro,10331,8202,8202,2129,157,224,7821,20.6079,1.9142,2.731
Vereador 2024,3203130,56626,João Neiva,13090,10133,10133,2957,211,231,9691,22.5898,2.0823,2.2797
Vereador 2024,3203205,56634,Linhares,122115,90247,90247,31868,3561,2610,84076,26.0967,3.9458,2.8921
Vereador 2024,3203304,56650,Mantenópolis,11256,7976,7976,3280,97,134,7745,29.14,1.2161,1.68
Vereador 2024,3203403,56677,Mimoso do Sul,19984,16319,16319,3665,309,296,15714,18.3397,1.8935,1.8138
Vereador 2024,3203502,56693,Montanha,15411,11810,11810,3601,135,377,11298,23.3664,1.1431,3.1922
Vereador 2024,3203601,56715,Mucurici,5292,4449,4449,843,40,185,4224,15.9297,0.8991,4.1582
Vereador 2024,3203700,56731,Muniz Freire,14973,11766,11766,3207,198,202,11366,21.4186,1.6828,1.7168
Vereador 2024,3203809,56758,Muqui,11424,9484,9484,1940,150,201,9133,16.9818,1.5816,2.1194
Vereador 2024,3203908,56774,Nova Venécia,40998,30260,30260,10738,719,539,29002,26.1915,2.3761,1.7812
Vereador 2024,3204005,56790,Pancas,16569,11945,11945,4624,138,114,11693,27.9075,1.1553,0.9544
Vereador 2024,3204104,56812,Pinheiros,18744,14920,14920,3824,191,213,14516,20.4012,1.2802,1.4276
Vereador 2024,3204203,56839,Piúma,17035,14543,14543,2492,242,298,14003,14.6287,1.664,2.0491
Vereador 2024,3204302,56855,Presidente Kennedy,13290,11415,11415,1875,67,186,11162,14.1084,0.5869,1.6294
Vereador 2024,3204401,56871,Rio Novo do Sul,8923,7598,7598,1325,131,131,7336,14.8493,1.7241,1.7241
Vereador 2024,3204500,56898,Santa Leopoldina,10315,8331,8331,1984,168,144,8019,19.2341,2.0166,1.7285
Vereador 2024,3204609,56910,Santa Teresa,20481,15295,15295,5186,476,1670,13149,25.321,3.1121,10.9186
Vereador 2024,3204708,56936,São Gabriel da Palha,26335,20346,20346,5989,311,287,19748,22.7416,1.5286,1.4106
Vereador 2024,3204807,56952,São José do Calçado,9549,7936,7936,1613,116,180,7640,16.8918,1.4617,2.2681
Vereador 2024,3204906,56979,São Mateus,91713,67708,67708,24005,1755,2130,63823,26.174,2.592,3.1459
Vereador 2024,3205002,56995,Serra,362524,264180,264180,98344,12171,8007,244002,27.1276,4.6071,3.0309
Vereador 2024,3205101,57010,Viana,54289,43475,43475,10814,1060,753,41662,19.9193,2.4382,1.732
Vereador 2024,3205200,57037,Vila Velha,345228,259393,259393,85835,12575,8271,238547,24.8633,4.8479,3.1886
Vereador 2024,3205309,57053,Vitória,266570,199486,199486,67084,9076,6176,184234,25.1656,4.5497,3.096
Vereador 2024,3203353,57070,Marilândia,10978,9151,9151,1827,192,208,8751,16.6424,2.0981,2.273
Vereador 2024,3202454,57096,Ibatiba,19488,16266,16266,3222,276,299,15691,16.5333,1.6968,1.8382
Vereador 2024,3204351,57118,Rio Bananal,15910,12520,12520,3390,286,341,11893,21.3074,2.2843,2.7236
Vereador 2024,3203056,57134,Jaguaré,23961,19115,19115,4846,322,204,18589,20.2245,1.6845,1.0672
Vereador 2024,3204054,57150,Pedro Canário,19141,14179,14179,4962,145,237,13797,25.9234,1.0226,1.6715
Vereador 2024,3203163,57916,Laranja da Terra,9575,8382,8382,1193,91,118,8173,12.4595,1.0857,1.4078
Vereador 2024,3204559,57932,Santa Maria de Jetibá,31319,25314,25314,6005,793,585,23936,19.1737,3.1327,2.311
Vereador 2024,3205036,57959,Vargem Alta,15957,12569,12569,3388,321,209,12039,21.2321,2.5539,1.6628
Vereador 2024,3205069,57975,Venda Nova do Imigrante,19847,14701,14701,5146,542,401,13758,25.9284,3.6868,2.7277
Vereador 2024,3200136,57991,Águia Branca,9089,7590,7590,1499,75,84,7431,16.4925,0.9881,1.1067
