candidatura,nome_de_urna,nome_completo,numero,partido,disputa,circunscricao,situacao,votos_validos,municipios_com_votos,posicao,candidatos_na_disputa,votos_anulados
c0001,João Gomes Barbosa,João Batista Barbosa Gomes,40401,PSB,Deputado Estadual 2022,Goiás,Suplente,201,23,539,737,0
c0002,Professor Dumas,Domingos Barbosa dos Santos,40678,PSB,Deputado Estadual 2022,Goiás,Suplente,1147,61,289,737,0
c0003,Antônio Carlos,Antonio Carlos Martins,13400,PT,Deputado Estadual 2022,Goiás,Suplente,693,79,344,737,0
c0004,Suzana Carvalho,Suzana Sousa Carvalho Ferreira,43010,PV,Deputado Estadual 2022,Goiás,Suplente,77,7,660,737,0
c0005,Magnolia Lago,Magnolia Borges do Lago,13500,PT,Deputado Estadual 2022,Goiás,Suplente,594,49,369,737,0
c0006,Kátia,Katia Maria dos Santos,13013,PT,Deputado Estadual 2022,Goiás,Suplente,19940,239,54,737,0
c0007,Jenete Vilela,Jenete Vilela Souza,13234,PT,Deputado Estadual 2022,Goiás,Suplente,1417,53,267,737,0
c0008,Gui Azambuja,Guilherme Azambuja Castelo Branco,13212,PT,Deputado Estadual 2022,Goiás,Suplente,1561,146,252,737,0
c0009,Eva Márcia,Eva Márcia Silva Fontes,13130,PT,Deputado Estadual 2022,Goiás,Suplente,2246,84,213,737,0
c0010,Elias D Angelo,Elias D Angelo Borges,13125,PT,Deputado Estadual 2022,Goiás,Suplente,2848,171,185,737,0
c0011,Reginaldo Construtor,Reginaldo Cornélio da Silva,13888,PT,Deputado Estadual 2022,Goiás,Suplente,615,65,362,737,0
c0012,Fábio Junior,Fabio Antonio de Oliveira Junior,13113,PT,Deputado Estadual 2022,Goiás,Suplente,2203,128,215,737,0
c0013,Fabrício Rosa,Fabrício Silva Rosa,13200,PT,Deputado Estadual 2022,Goiás,Suplente,20432,216,52,737,0
c0014,Biel,Gabriel Fidelis Santos Eduardo,13333,PT,Deputado Estadual 2022,Goiás,Suplente,6033,143,138,737,0
c0015,Valério Luiz,Valerio Luiz Filho,13012,PT,Deputado Estadual 2022,Goiás,Suplente,6355,122,132,737,0
c0016,Tadeu Costa,Tadeu Ribeiro da Costa,13088,PT,Deputado Estadual 2022,Goiás,Suplente,1547,44,255,737,0
c0017,Mauro Rubem,Mauro Rubem de Menezes Jonas,13789,PT,Deputado Estadual 2022,Goiás,Eleito,22304,231,44,737,0
c0018,Professor Francisco,Francisco de Assis Soares Lima,13777,PT,Deputado Estadual 2022,Goiás,Suplente,1703,48,239,737,0
c0019,Luis Cesar Bueno,Luis Cesar Bueno e Freitas,13188,PT,Deputado Estadual 2022,Goiás,Suplente,9474,191,106,737,0
c0020,Antônio Gomide,Antonio Roberto Otoni Gomide,13456,PT,Deputado Estadual 2022,Goiás,Eleito,45256,237,6,737,0
c0021,Carlos do Itapuã,Carlos Alberto Silva,13124,PT,Deputado Estadual 2022,Goiás,Suplente,1637,51,247,737,0
c0022,Professor Silvano,Silvano Pereira Neto,13613,PT,Deputado Estadual 2022,Goiás,Suplente,3925,65,164,737,0
c0023,João Grandão,João Batista de Souza,13111,PT,Deputado Estadual 2022,Goiás,Suplente,645,64,349,737,0
c0024,Dr Willian Idelfonso,Willian Idelfonso Ferreira,13100,PT,Deputado Estadual 2022,Goiás,Suplente,2449,100,200,737,0
c0025,Marta Quintiliano Coletiva,Marta Quintiliano,13180,PT,Deputado Estadual 2022,Goiás,Suplente,2034,98,222,737,0
c0026,Marina Santanna,Marina Pignataro Sant Anna,13000,PT,Deputado Estadual 2022,Goiás,Suplente,12663,195,82,737,0
c0027,Bia de Lima,Maria Euzebia de Lima,13123,PT,Deputado Estadual 2022,Goiás,Eleito,24391,233,40,737,0
c0028,Angela da Saúde,Angela de Jesus Araujo,13999,PT,Deputado Estadual 2022,Goiás,Suplente,2464,131,199,737,0
c0029,Welton Divino,Welton Divino das Dores de Sousa,13131,PT,Deputado Estadual 2022,Goiás,Suplente,1453,160,261,737,0
c0030,Janio Ferreira,Janio Ferreira Alves,13010,PT,Deputado Estadual 2022,Goiás,Suplente,448,52,408,737,0
c0031,Ismael Calon,Ismael Belarmino Rosa,13133,PT,Deputado Estadual 2022,Goiás,Suplente,1083,121,295,737,0
c0032,Professor Julio Anderson,Julio Anderson Alves Bueno,13007,PT,Deputado Estadual 2022,Goiás,Suplente,3038,123,180,737,0
c0033,Emerson Salsicha,Emerson Soares Moreira,10015,REPUBLICANOS,Deputado Estadual 2022,Goiás,Suplente,296,28,482,737,0
c0034,Professora Railda,Maria Railda da Conceição Oliveira,50888,PSOL,Deputado Estadual 2022,Goiás,Não eleito,311,26,469,737,0
c0035,Viledio Magalhães,Viledio Magalhães dos Santos,14888,PTB,Deputado Estadual 2022,Goiás,Não eleito,134,20,588,737,0
c0036,Rubens Soares da Silva,Rubens Soares da Silva,13060,PT,Deputado Estadual 2022,Goiás,Suplente,77,7,660,737,0
c0037,Wanessa Beltrão,Wanessa Kelly Beltrão Zoccoli,13444,PT,Deputado Estadual 2022,Goiás,Suplente,374,57,436,737,0
c0038,Rosalina,Maria Rosalina da Silva Paula,13678,PT,Deputado Estadual 2022,Goiás,Suplente,1423,102,266,737,0
c0039,Professora Hilvany,Hilvany Araujo Pinheiro,13300,PT,Deputado Estadual 2026,Goiás,Suplente,682,79,246,556,0
c0040,Delegado Yasser,Yasser Martins Yassine,13007,PT,Deputado Estadual 2026,Goiás,Suplente,11697,215,96,556,0
c0041,Welton Divino,Welton Divino das Dores de Sousa,13131,PT,Deputado Estadual 2026,Goiás,Suplente,1241,154,198,556,0
c0042,Ismael Calom,Ismael Belarmino Rosa,13190,PT,Deputado Estadual 2026,Goiás,Suplente,172,37,418,556,0
c0043,Mauro Rubem,Mauro Rubem de Menezes Jonas,13789,PT,Deputado Estadual 2026,Goiás,Suplente,38206,245,29,556,0
c0044,Antonio Gomide,Antonio Roberto Otoni Gomide,13456,PT,Deputado Estadual 2026,Goiás,Eleito,51747,244,10,556,0
c0045,Bola de Fogo Zero Meia Dois,Andreando Firmino de Oliveira,13062,PT,Deputado Estadual 2026,Goiás,Suplente,425,26,309,556,0
c0046,Wesley Toledo,Wesley Correa de Toledo,13600,PT,Deputado Estadual 2026,Goiás,Suplente,703,60,243,556,0
c0047,Kátia,Kátia Maria dos Santos,13013,PT,Deputado Estadual 2026,Goiás,Eleito,43687,244,18,556,0
c0048,Rubão,Rubens Soares da Silva,13060,PT,Deputado Estadual 2026,Goiás,Suplente,94,15,477,556,0
c0049,Cleiton Silva,Cleiton Eleuterio da Silva,13100,PT,Deputado Estadual 2026,Goiás,Suplente,1340,87,194,556,0
c0050,Professor Pantaleão,Reinaldo Assis Pantaleao,13313,PT,Deputado Estadual 2026,Goiás,Suplente,1662,98,178,556,0
c0051,Ana Carol,Ana Caroline Carmo da Silva Nunes,13700,PT,Deputado Estadual 2026,Goiás,Suplente,2094,139,165,556,0
c0052,Patricia Rosa,Patricia Rosa Camilo,13192,PT,Deputado Estadual 2026,Goiás,Suplente,297,41,349,556,0
c0053,Fabricio Rosa,Fabricio Silva Rosa,13000,PT,Deputado Estadual 2026,Goiás,Eleito,81540,246,2,556,0
c0054,Ju Damando,Juliana Damando Vaz,13030,PT,Deputado Estadual 2026,Goiás,Suplente,2796,123,149,556,0
c0055,Cassiana Tormin,Cassiana Vaz Tormin,13333,PT,Deputado Estadual 2026,Goiás,Suplente,9414,95,106,556,0
c0056,Dr. Jose Nilton Carvalho,Jose Nilton Carvalho da Silva,13256,PT,Deputado Estadual 2026,Goiás,Suplente,761,87,235,556,0
c0057,Mara do Quiosque,Maria de Jesus Alves Benvindo,13028,PT,Deputado Estadual 2026,Goiás,Suplente,201,36,402,556,0
c0058,Savio Prates,Savio Prates de Abreu Morais,13741,PT,Deputado Estadual 2026,Goiás,Suplente,270,30,358,556,0
c0059,Tadeu Costa,Tadeu Ribeiro da Costa,13088,PT,Deputado Estadual 2026,Goiás,Suplente,1060,35,209,556,0
c0060,Alessandro Caxotinho,Alessandro Mendonça Cabral,13113,PT,Deputado Estadual 2026,Goiás,Suplente,1824,124,171,556,0
c0061,Gessimone Santana,Gessimone Santana dos Santos,13555,PT,Deputado Estadual 2026,Goiás,Suplente,564,60,264,556,0
c0062,Valdir Melo Santos,Valdir Melo Santos,13358,PT,Deputado Estadual 2026,Goiás,Suplente,37,10,533,556,0
c0063,Fernandes,Sebastiao Fernandes de Sousa,13133,PT,Deputado Estadual 2026,Goiás,Suplente,964,127,214,556,0
c0064,Bia de Lima,Maria Euzebia de Lima,13123,PT,Deputado Estadual 2026,Goiás,Eleito,42980,246,20,556,0
c0065,Zé Santana da Viola,Adedi Jose de Santana,13453,PT,Deputado Estadual 2026,Goiás,Suplente,486,54,283,556,0
c0066,Angela da Saude,Ângela de Jesus Araújo,13999,PT,Deputado Estadual 2026,Goiás,Suplente,1377,103,191,556,0
c0067,Walcy Vieira - Mick Jagger,Walcy Calixto Vieira,13444,PT,Deputado Estadual 2026,Goiás,Suplente,278,60,354,556,0
c0068,Rosalina,Maria Rosalina da Silva Paula,13678,PT,Deputado Estadual 2026,Goiás,Suplente,309,46,343,556,0
c0069,Neguinha do Pt,Maria da Luz Chagas Santos,13002,PT,Deputado Estadual 2026,Goiás,Suplente,255,52,367,556,0
c0070,Cicero Goias,Cicero Rocha Lemos,13800,PT,Deputado Estadual 2026,Goiás,Suplente,294,74,351,556,0
c0071,Dra. Fernanda Sarelli,Fernanda Sarelli Alves Carvalho Maximo,30456,NOVO,Deputado Estadual 2026,Goiás,Suplente,6323,106,120,556,0
c0072,Orlanes Maranhão,Orlanes Ferreira de Sousa,13500,PT,Deputado Estadual 2026,Goiás,Suplente,265,65,363,556,0
c0073,Jonas Alves,Jonas Alves da Silva,13111,PT,Deputado Estadual 2026,Goiás,Suplente,414,104,312,556,0
c0074,Professor Luiz Carvalho,Luiz do Nascimento Carvalho,13213,PT,Deputado Estadual 2026,Goiás,Suplente,467,53,293,556,0
c0075,Pastor Alanmain,Alanmaim Robson de Orias Oliveira,13180,PT,Deputado Estadual 2026,Goiás,Suplente,1438,99,187,556,0
c0076,Marta Quintiliano,Marta Quintiliano,40789,PSB,Deputado Estadual 2026,Goiás,Suplente,884,55,221,556,0
c0077,Héllem Costa Quilombola,Vilma Hellem da Costa Pereira,13888,PT,Deputado Estadual 2026,Goiás,Suplente,475,64,289,556,0
c0078,Kedma Karen,Kedma Karen da Silva,1312,PT,Deputado Federal 2022,Goiás,Suplente,4810,178,82,342,0
c0079,Professor Edward,Edward Madureira Brasil,1310,PT,Deputado Federal 2022,Goiás,Suplente,54952,237,18,342,0
c0080,Valdir do Mst,José Valdir Misnerovicz,1311,PT,Deputado Federal 2022,Goiás,Suplente,6275,207,70,342,0
c0081,Arquidones,Arquidones Bites Leao Leite,1300,PT,Deputado Federal 2022,Goiás,Suplente,2764,159,111,342,0
c0082,Ariel Luz,Ariel Luz Mota Portela Rodrigues,1330,PT,Deputado Federal 2022,Goiás,Suplente,2021,134,130,342,0
c0083,Hilvany Pinheiro,Hilvany Araujo Pinheiro,1320,PT,Deputado Federal 2022,Goiás,Suplente,1014,110,177,342,0
c0084,Delegada Adriana Accorsi,Adriana Sauthier Accorsi,1331,PT,Deputado Federal 2022,Goiás,Eleito,96714,246,6,342,0
c0085,Vavá,Valdemar Paula da Silva,1388,PT,Deputado Federal 2022,Goiás,Suplente,1546,69,153,342,0
c0086,Rubens Otoni,Rubens Otoni Gomide,1313,PT,Deputado Federal 2022,Goiás,Eleito,83539,246,11,342,0
c0087,Jorge Antonini,Jorge Cesar dos Anjos Antonini,1356,PT,Deputado Federal 2022,Goiás,Suplente,1534,65,154,342,0
c0088,Kelly,Kelly Cristina Goncalves,1314,PT,Deputado Federal 2022,Goiás,Suplente,2044,124,129,342,0
c0089,Subtenente Gilson Gomes,Gilson Gomes de Oliveira,1345,PT,Deputado Federal 2022,Goiás,Suplente,2153,178,127,342,0
c0090,Daniel Mendes,Daniel Mendes da Silva,1333,PT,Deputado Federal 2022,Goiás,Suplente,2001,176,132,342,0
c0091,Isabel Cristine,Isabel Cristine Dias dos Santos,1307,PT,Deputado Federal 2022,Goiás,Suplente,1772,109,141,342,0
c0092,Julio Paschoal,Julio Alfredo Rosa Paschoal,1112,PP,Deputado Federal 2022,Goiás,Suplente,3027,176,102,342,0
c0093,Professora Railda,Maria Railda da Conceicao Oliveira,1333,PT,Deputado Federal 2026,Goiás,Suplente,4027,168,76,247,0
c0094,Suzana Carvalho,Suzana Sousa Carvalho Ferreira,1377,PT,Deputado Federal 2026,Goiás,Suplente,427,58,185,247,0
c0095,Delúbio,Delubio Soares de Castro,1390,PT,Deputado Federal 2026,Goiás,Suplente,14218,223,45,247,0
c0096,Professor Maurélio,Maurelio Moreira de Araujo,1314,PT,Deputado Federal 2026,Goiás,Suplente,2142,83,101,247,0
c0097,Catarino Silva,Catarino Jose da Silva,1315,PT,Deputado Federal 2026,Goiás,Suplente,945,143,141,247,0
c0098,Rubens Otoni,Rubens Otoni Gomide,1313,PT,Deputado Federal 2026,Goiás,Eleito,101902,246,14,247,0
c0099,Mãe Isabel de Oxum,Isabel Cristine Dias dos Santos,1307,PT,Deputado Federal 2026,Goiás,Suplente,1414,112,119,247,0
c0100,Professor Edward,Edward Madureira Brasil,1310,PT,Deputado Federal 2026,Goiás,Suplente,29058,241,29,247,0
c0101,Maju Ferrari,Maria Julia Ferrari de Araujo,1367,PT,Deputado Federal 2026,Goiás,Suplente,998,116,138,247,0
c0102,Flaviane Santos,Flaviane dos Santos Silva,1399,PT,Deputado Federal 2026,Goiás,Suplente,2264,152,98,247,0
c0103,Valério Luiz,Valerio Luiz de Oliveira Filho,1312,PT,Deputado Federal 2026,Goiás,Suplente,7354,208,56,247,0
c0104,Delegada Adriana Accorsi,Adriana Sauthier Accorsi,1331,PT,Deputado Federal 2026,Goiás,Eleito,177103,246,2,247,0
c0105,Daniel Caçapava,Daniel Rodrigues Martins Ferreira,1300,PT,Deputado Federal 2026,Goiás,Suplente,4222,186,74,247,0
c0106,Wolmir Amado,Wolmir Therezio Amado,13,PT,Governador 2022,Goiás,Não eleito,243561,246,4,9,0
c0107,Professor Pantaleão,Reinaldo Assis Pantaleão,80,UP,Governador 2022,Goiás,Não eleito,5400,152,8,9,0
c0108,Luis Cesar Bueno,Luis Cesar Bueno e Freitas,13,PT,Governador 2026,Goiás,Não eleito,356692,246,3,6,0
c0109,Ademim Deputado,Ademin Santos Silva,13,PT,Prefeito 2020,Perolândia,Não eleito,863,1,2,2,0
c0110,Kelly Cristina,Kelly Cristina Gonçalves,13,PT,Prefeito 2020,Hidrolândia,Não eleito,184,1,4,4,0
c0111,João Alfredo,João Alfredo de Mello Neto,11,PP,Prefeito 2020,Buriti Alegre,Não eleito,1743,1,2,5,0
c0112,Elcinho do Sindicato,Uelson Narciso Dias,13,PT,Prefeito 2020,Morrinhos,Não eleito,397,1,4,5,0
c0113,Zé Jardim,Jose Pereira Jardim Ze Jardim,13,PT,Prefeito 2020,Heitoraí,Não eleito,24,1,3,3,0
c0114,Antonio Gonzaga,Antonio Luiz Gonzaga,13,PT,Prefeito 2020,Nova Glória,Não eleito,75,1,3,3,0
c0115,Professor Francisco,Francisco de Assis Soares Lima,13,PT,Prefeito 2020,Novo Gama,Não eleito,462,1,5,8,0
c0116,Adão Carlos,Adão Carlos Pereira da Silva,13,PT,Prefeito 2020,Buritinópolis,Não eleito,210,1,3,3,0
c0117,Janio Ferreira,Janio Ferreira Alves,13,PT,Prefeito 2020,Uruaçu,Não eleito,409,1,4,4,0
c0118,Antonio Gomide,Antonio Roberto Otoni Gomide,13,PT,Prefeito 2020,Anápolis,2º turno,50843,1,2,8,0
c0119,Delegada Adriana Accorsi,Adriana Sauthier Accorsi,13,PT,Prefeito 2020,Goiânia,Não eleito,80715,1,3,14,0
c0120,Fábio Junior,Fabio Antonio de Oliveira Junior,80,UP,Prefeito 2020,Goiânia,Não eleito,1052,1,13,14,0
c0121,Ney Novaes,Ney Fabio de Novaes,13,PT,Prefeito 2020,Professor Jamil,Eleito,1187,1,1,5,0
c0122,Luiz Sarrafo,Luiz Antonio das Dores,13,PT,Prefeito 2020,Mozarlândia,Não eleito,55,1,5,5,0
c0123,Cardozão,Sebastiao Jose Cardoso,13,PT,Prefeito 2020,Catalão,Não eleito,545,1,5,5,0
c0124,Dr. Antônio,Antônio Carlos Pires Ferreira,13,PT,Prefeito 2020,Cavalcante,Não eleito,129,1,6,8,0
c0125,Ozires Freitas,Ozires Gomes de Freitas,15,MDB,Prefeito 2020,Novo Brasil,Não eleito,1114,1,2,3,0
c0126,Jairo Pereira,Jairo Rodrigues Pereira,13,PT,Prefeito 2020,Corumbá de Goiás,Não eleito,207,1,4,4,0
c0127,Antonio Baiano,Antonio Pereira de Almeida,13,PT,Prefeito 2020,Orizona,Não eleito,321,1,4,4,0
c0128,Pastor e Professor Clézio,Clézio Campos da Costa,14,PTB,Prefeito 2020,Padre Bernardo,Não eleito,112,1,5,5,0
c0129,Professor Vavá,Valdemar Paula da Silva,13,PT,Prefeito 2020,Rio Verde,Não eleito,1633,1,4,5,0
c0130,Professor Silvano,Silvano Pereira Neto,13,PT,Prefeito 2020,Valparaíso de Goiás,Não eleito,2706,1,3,8,0
c0131,Welton Divino,Welton Divino das Dores de Sousa,13,PT,Prefeito 2020,Itaguari,Não eleito,44,1,3,3,0
c0132,Paulinho Imila,Geraldo Paulo Fernandes,13,PT,Prefeito 2020,Itapuranga,Eleito,8462,1,1,4,0
c0133,Biscoito,Antônio Rubens Fernandes,13,PT,Prefeito 2020,Joviânia,Não eleito,36,1,4,4,0
c0134,Carlos do Itapuã,Carlos Alberto Silva,13,PT,Prefeito 2020,Goianésia,Não eleito,471,1,4,5,0
c0135,Jorge Antonini,Jorge César dos Anjos Antonini,13,PT,Prefeito 2020,Formosa,Não eleito,1462,1,6,7,0
c0136,José Uilton,José Uilton Nascimento de Oliveira,13,PT,Prefeito 2020,Porangatu,Não eleito,392,1,4,4,0
c0137,Zaguinha,Margonzague Sampaio,13,PT,Prefeito 2020,Iaciara,Não eleito,1491,1,3,5,0
c0138,Aderson,Aderson Liberato Gouvea,13,PT,Prefeito 2020,Goiás,Eleito,4176,1,1,6,0
c0139,Kedma,Kedma Karen da Silva,13,PT,Prefeito 2020,Cidade Ocidental,Não eleito,1033,1,4,4,0
c0140,Ivon Valente,Ivon Jose Valente,13,PT,Prefeito 2020,Posse,Não eleito,542,1,7,8,0
c0141,Samuel Cuenca,Samuel Cuenca,13,PT,Prefeito 2020,Bom Jesus de Goiás,Não eleito,148,1,3,3,0
c0142,Alexandre Pompeu de Pina,Alexandre Pompeu de Pina,13,PT,Prefeito 2020,Pirenópolis,Não eleito,1096,1,4,5,0
c0143,Marquinho Carvalho,Marco Antonio Gomes de Carvalho,13,PT,Prefeito 2020,Jataí,Não eleito,1661,1,5,5,0
c0144,Professor Dairão,Odair Olegario de Lima,13,PT,Prefeito 2020,Campinaçu,Não eleito,17,1,3,3,0
c0145,Antonio Gomide,Antonio Roberto Otoni Gomide,13,PT,Prefeito 2020 (2º turno),Anápolis,2º turno,64046,1,2,2,0
c0146,Bodão,Antônio do Rosário Gualberto de Brito,13,PT,Prefeito 2024,Flores de Goiás,Não eleito,819,1,2,2,0
c0147,Ney Novaes,Ney Fabio de Novaes,13,PT,Prefeito 2024,Professor Jamil,Eleito,1601,1,1,2,0
c0148,Aderson,Aderson Liberato Gouvea,13,PT,Prefeito 2024,Goiás,Eleito,7009,1,1,3,0
c0149,Professora Lucimar,Lucimar Conceição do Nascimento,13,PT,Prefeito 2024,Valparaíso de Goiás,Não eleito,2781,1,4,5,0
c0150,Antonio Gomide,Antonio Roberto Otoni Gomide,13,PT,Prefeito 2024,Anápolis,Não eleito,69370,1,2,5,0
c0151,Eva Márcia,Eva Márcia Silva Fontes,13,PT,Prefeito 2024,Planaltina,Não eleito,1849,1,3,5,0
c0152,Fernando Pacífico,Fernando Rosa Pacífico,13,PT,Prefeito 2024,Piracanjuba,Não eleito,327,1,6,6,0
c0153,Adriana Accorsi,Adriana Sauthier Accorsi,13,PT,Prefeito 2024,Goiânia,Não eleito,168145,1,3,7,0
c0154,Reiber da Silva,Reiber Alberto da Silva,13,PT,Prefeito 2024,Caçu,Não eleito,133,1,4,4,0
c0155,Nesimário Ramos,Nesimário de Souza Ramos,13,PT,Prefeito 2024,São Domingos,Não eleito,268,1,3,3,0
c0156,Soraia Rodrigues,Soraia Rodrigues Chaves,13,PT,Prefeito 2024,Jataí,Não eleito,2100,1,3,3,0
c0157,Professora Railda,Maria Railda da Conceição Oliveira,13,PT,Prefeito 2024,Santo Antônio do Descoberto,Não eleito,628,1,3,5,0
c0158,Paulinho Imila,Geraldo Paulo Fernandes,13,PT,Prefeito 2024,Itapuranga,Eleito,6029,1,1,4,0
c0159,João Alfredo,João Alfredo de Mello Neto,13,PT,Prefeito 2024,Buriti Alegre,Não eleito,856,1,3,3,0
c0160,Joene Rosa,Joene Rosa da Silva,13,PT,Prefeito 2024,Quirinópolis,Não eleito,461,1,4,4,0
c0161,Marcos Teles,Wilson Marcos Teles,13,PT,Prefeito 2024,Bela Vista de Goiás,Não eleito,309,1,4,5,0
c0162,Da Hora,Wilton Ferreira da Hora,13,PT,Prefeito 2024,Posse,Não eleito,641,1,3,4,0
c0163,Delegado Yasser,Yasser Martins Yassine,43,PV,Prefeito 2024,Formosa,Não eleito,1216,1,4,5,0
c0164,Carlos do Itapuã,Carlos Alberto Silva,13,PT,Prefeito 2024,Goianésia,Não eleito,475,1,4,4,0
c0165,Jairo do Pt,Jairo Pereira de Oliveira,13,PT,Prefeito 2024,Palmeiras de Goiás,Não eleito,312,1,3,3,0
c0166,Hugo Bites,Hugo Leonardo Torquato Bites Leão,13,PT,Prefeito 2024,Alto Paraíso de Goiás,Não eleito,576,1,3,5,0
c0167,Maria Moura,Maria Ferreira de Moura,13,PT,Prefeito 2024,Catalão,Não eleito,1332,1,4,4,0
c0168,Robertinho Joia,Roberto Alonso Soares,13,PT,Prefeito 2024,Mineiros,Não eleito,479,1,4,4,0
c0169,Alcemi Potencia,Alcemi Rodrigues de Lima,13,PT,Prefeito 2024,Itarumã,Não eleito,65,1,3,3,0
c0170,Jair Parreira,Jair Parreira de Oliveira,13,PT,Prefeito 2024,Piranhas,Não eleito,150,1,3,3,0
c0171,Catarino,Catarino Jose da Silva,13,PT,Prefeito 2024,Trombas,Não eleito,0,0,2,2,615
c0172,Jose Uilton N de Oliveira,Jose Uilton Nascimento de Oliveira,13,PT,Prefeito 2024,Porangatu,Não eleito,376,1,4,4,0
c0173,Jonas Filho,Jonas Cardoso da Silva Filho,13,PT,Prefeito 2024,Aurilândia,Não eleito,260,1,2,2,0
c0174,Daniele Maia,Daniele Barbosa Maia,13,PT,Prefeito 2024,Baliza,Não eleito,238,1,3,3,0
c0175,Eber Dias,Eber Dias dos Santos,13,PT,Prefeito 2024,São Luís de Montes Belos,Não eleito,370,1,4,4,0
c0176,Danilo Meneses,Danilo Barbosa de Meneses,13,PT,Prefeito 2024,Anicuns,Não eleito,160,1,6,7,0
c0177,Gerlane Teixeira,Gerlane Teixeira Queiroz,13,PT,Prefeito 2024,Serranópolis,Não eleito,229,1,3,3,0
c0178,Alexandre Pompeu,Alexandre Pompeu de Pina,13,PT,Prefeito 2024,Pirenópolis,Não eleito,713,1,4,4,0
c0179,Professor Pantaleão,Reinaldo Assis Pantaleão,80,UP,Prefeito 2024,Goiânia,Não eleito,1657,1,7,7,0
c0180,Pedro da Agrodan,Pedro Daniel da Silva,13,PT,Prefeito 2024,Itaberaí,Não eleito,1178,1,2,2,0
c0181,Ozires Freitas,Ozires Gomes de Freitas,13,PT,Prefeito 2024,Novo Brasil,Não eleito,0,0,2,2,1334
c0182,Antonio Gomide,Antonio Roberto Otoni Gomide,13,PT,Prefeito 2024 (2º turno),Anápolis,Não eleito,75182,1,2,2,0
c0183,Lula,Luiz Inácio Lula da Silva,13,PT,Presidente 2022 (1º turno),Goiás,2º turno,1454723,246,2,11,0
c0184,Lula,Luiz Inácio Lula da Silva,13,PT,Presidente 2022 (1º turno),Goiás,2º turno,1454723,246,1,11,0
c0185,Lula,Luiz Inácio Lula da Silva,13,PT,Presidente 2022 (1º turno),Goiás,2º turno,1454723,246,1,11,0
c0186,Lula,Luiz Inácio Lula da Silva,13,PT,Presidente 2022 (1º turno),Goiás,2º turno,1454723,246,1,11,0
c0187,Lula,Luiz Inácio Lula da Silva,13,PT,Presidente 2022 (1º turno),Goiás,2º turno,1454723,246,1,11,0
c0188,Lula,Luiz Inácio Lula da Silva,13,PT,Presidente 2022 (1º turno),Goiás,2º turno,1454723,246,1,11,0
c0189,Lula,Luiz Inácio Lula da Silva,13,PT,Presidente 2022 (1º turno),Goiás,2º turno,1454723,246,2,11,0
c0190,Lula,Luiz Inácio Lula da Silva,13,PT,Presidente 2022 (1º turno),Goiás,2º turno,1454723,246,2,11,0
c0191,Lula,Luiz Inácio Lula da Silva,13,PT,Presidente 2022 (1º turno),Goiás,2º turno,1454723,246,2,11,0
c0192,Lula,Luiz Inácio Lula da Silva,13,PT,Presidente 2022 (1º turno),Goiás,2º turno,1454723,246,1,11,0
c0193,Lula,Luiz Inácio Lula da Silva,13,PT,Presidente 2022 (1º turno),Goiás,2º turno,1454723,246,1,11,0
c0194,Lula,Luiz Inácio Lula da Silva,13,PT,Presidente 2022 (1º turno),Goiás,2º turno,1454723,246,2,11,0
c0195,Lula,Luiz Inácio Lula da Silva,13,PT,Presidente 2022 (1º turno),Goiás,2º turno,1454723,246,2,11,0
c0196,Lula,Luiz Inácio Lula da Silva,13,PT,Presidente 2022 (1º turno),Goiás,2º turno,1454723,246,1,11,0
c0197,Lula,Luiz Inácio Lula da Silva,13,PT,Presidente 2022 (1º turno),Goiás,2º turno,1454723,246,1,11,0
c0198,Lula,Luiz Inácio Lula da Silva,13,PT,Presidente 2022 (1º turno),Goiás,2º turno,1454723,246,1,11,0
c0199,Lula,Luiz Inácio Lula da Silva,13,PT,Presidente 2022 (1º turno),Goiás,2º turno,1454723,246,1,11,0
c0200,Lula,Luiz Inácio Lula da Silva,13,PT,Presidente 2022 (1º turno),Goiás,2º turno,1454723,246,2,11,0
c0201,Lula,Luiz Inácio Lula da Silva,13,PT,Presidente 2022 (1º turno),Goiás,2º turno,1454723,246,2,11,0
c0202,Lula,Luiz Inácio Lula da Silva,13,PT,Presidente 2022 (1º turno),Goiás,2º turno,1454723,246,1,11,0
c0203,Lula,Luiz Inácio Lula da Silva,13,PT,Presidente 2022 (1º turno),Goiás,2º turno,1454723,246,2,11,0
c0204,Lula,Luiz Inácio Lula da Silva,13,PT,Presidente 2022 (1º turno),Goiás,2º turno,1454723,246,2,11,0
c0205,Lula,Luiz Inácio Lula da Silva,13,PT,Presidente 2022 (1º turno),Goiás,2º turno,1454723,246,2,11,0
c0206,Lula,Luiz Inácio Lula da Silva,13,PT,Presidente 2022 (1º turno),Goiás,2º turno,1454723,246,2,11,0
c0207,Lula,Luiz Inácio Lula da Silva,13,PT,Presidente 2022 (1º turno),Goiás,2º turno,1454723,246,1,11,0
c0208,Lula,Luiz Inácio Lula da Silva,13,PT,Presidente 2022 (1º turno),Goiás,2º turno,1454723,246,2,11,0
c0209,Lula,Luiz Inácio Lula da Silva,13,PT,Presidente 2022 (1º turno),Goiás,2º turno,1454723,246,1,11,0
c0210,Lula,Luiz Inácio Lula da Silva,13,PT,Presidente 2022 (1º turno),Goiás,2º turno,1454723,246,1,11,0
c0211,Lula,Luiz Inácio Lula da Silva,13,PT,Presidente 2022 (2º turno),Goiás,2º turno,1542115,246,2,2,0
c0212,Lula,Luiz Inácio Lula da Silva,13,PT,Presidente 2022 (2º turno),Goiás,2º turno,1542115,246,1,2,0
c0213,Lula,Luiz Inácio Lula da Silva,13,PT,Presidente 2022 (2º turno),Goiás,2º turno,1542115,246,1,2,0
c0214,Lula,Luiz Inácio Lula da Silva,13,PT,Presidente 2022 (2º turno),Goiás,2º turno,1542115,246,2,2,0
c0215,Lula,Luiz Inácio Lula da Silva,13,PT,Presidente 2022 (2º turno),Goiás,2º turno,1542115,246,1,2,0
c0216,Lula,Luiz Inácio Lula da Silva,13,PT,Presidente 2022 (2º turno),Goiás,2º turno,1542115,246,1,2,0
c0217,Lula,Luiz Inácio Lula da Silva,13,PT,Presidente 2022 (2º turno),Goiás,2º turno,1542115,246,2,2,0
c0218,Lula,Luiz Inácio Lula da Silva,13,PT,Presidente 2022 (2º turno),Goiás,2º turno,1542115,246,2,2,0
c0219,Lula,Luiz Inácio Lula da Silva,13,PT,Presidente 2022 (2º turno),Goiás,2º turno,1542115,246,2,2,0
c0220,Lula,Luiz Inácio Lula da Silva,13,PT,Presidente 2022 (2º turno),Goiás,2º turno,1542115,246,1,2,0
c0221,Lula,Luiz Inácio Lula da Silva,13,PT,Presidente 2022 (2º turno),Goiás,2º turno,1542115,246,1,2,0
c0222,Lula,Luiz Inácio Lula da Silva,13,PT,Presidente 2022 (2º turno),Goiás,2º turno,1542115,246,2,2,0
c0223,Lula,Luiz Inácio Lula da Silva,13,PT,Presidente 2022 (2º turno),Goiás,2º turno,1542115,246,2,2,0
c0224,Lula,Luiz Inácio Lula da Silva,13,PT,Presidente 2022 (2º turno),Goiás,2º turno,1542115,246,1,2,0
c0225,Lula,Luiz Inácio Lula da Silva,13,PT,Presidente 2022 (2º turno),Goiás,2º turno,1542115,246,1,2,0
c0226,Lula,Luiz Inácio Lula da Silva,13,PT,Presidente 2022 (2º turno),Goiás,2º turno,1542115,246,1,2,0
c0227,Lula,Luiz Inácio Lula da Silva,13,PT,Presidente 2022 (2º turno),Goiás,2º turno,1542115,246,1,2,0
c0228,Lula,Luiz Inácio Lula da Silva,13,PT,Presidente 2022 (2º turno),Goiás,2º turno,1542115,246,2,2,0
c0229,Lula,Luiz Inácio Lula da Silva,13,PT,Presidente 2022 (2º turno),Goiás,2º turno,1542115,246,2,2,0
c0230,Lula,Luiz Inácio Lula da Silva,13,PT,Presidente 2022 (2º turno),Goiás,2º turno,1542115,246,1,2,0
c0231,Lula,Luiz Inácio Lula da Silva,13,PT,Presidente 2022 (2º turno),Goiás,2º turno,1542115,246,2,2,0
c0232,Lula,Luiz Inácio Lula da Silva,13,PT,Presidente 2022 (2º turno),Goiás,2º turno,1542115,246,2,2,0
c0233,Lula,Luiz Inácio Lula da Silva,13,PT,Presidente 2022 (2º turno),Goiás,2º turno,1542115,246,2,2,0
c0234,Lula,Luiz Inácio Lula da Silva,13,PT,Presidente 2022 (2º turno),Goiás,2º turno,1542115,246,2,2,0
c0235,Lula,Luiz Inácio Lula da Silva,13,PT,Presidente 2022 (2º turno),Goiás,2º turno,1542115,246,1,2,0
c0236,Lula,Luiz Inácio Lula da Silva,13,PT,Presidente 2022 (2º turno),Goiás,2º turno,1542115,246,2,2,0
c0237,Lula,Luiz Inácio Lula da Silva,13,PT,Presidente 2022 (2º turno),Goiás,2º turno,1542115,246,1,2,0
c0238,Lula,Luiz Inácio Lula da Silva,13,PT,Presidente 2022 (2º turno),Goiás,2º turno,1542115,246,1,2,0
c0239,Antônio Alves,Antônio Alves de Souza,13131,PT,Vereador 2020,Hidrolândia,Não eleito,19,1,89,127,0
c0240,Eloisa Alves,Eloisa Alves de Souza Almeida,13123,PT,Vereador 2020,Hidrolândia,Não eleito,18,1,92,127,0
c0241,Carmem Lúcia,Carmem Lúcia Moraes Silva,13130,PT,Vereador 2020,Hidrolândia,Não eleito,7,1,120,127,0
c0242,Walter Gonçalves,Walter Gonçalves Cardoso,13013,PT,Vereador 2020,Hidrolândia,Não eleito,39,1,55,127,0
c0243,Professora Suzana Carvalho,Suzana Sousa Carvalho Ferreira,43999,PV,Vereador 2020,Anápolis,Suplente,81,1,353,595,0
c0244,Zoinho,Edison Ferreira da Fonseca,13222,PT,Vereador 2020,Davinópolis,Suplente,76,1,14,19,0
c0245,William Canedo,William Canedo de Souza,13000,PT,Vereador 2020,Davinópolis,Suplente,13,1,18,19,0
c0246,Vanusa,Vanusa Gonçalves Rocha,13123,PT,Vereador 2020,Davinópolis,Eleito,254,1,4,19,0
c0247,Migaia,José Maurício de Campos,13125,PT,Vereador 2020,Davinópolis,Eleito,293,1,2,19,0
c0248,Thiago do Zico,Thiago Henrique Alves Fernandes Rodrigues,13111,PT,Vereador 2020,Davinópolis,Suplente,117,1,12,19,0
c0249,Juninho Tiubinha,Luiz Alberto de Paula Junior,12222,PDT,Vereador 2020,Goiandira,Suplente,75,1,20,38,0
c0250,Assombroso,Valdimar Pedro Marques,25333,DEM,Vereador 2020,Goiandira,Suplente,20,1,29,38,0
c0251,Orlanes Maranhão,Orlanes Ferreira de Sousa,40000,PSB,Vereador 2020,Aparecida de Goiânia,Suplente,872,1,61,617,0
c0252,Pr Divino de Jesus,Antonio Divino de Jesus,40222,PSB,Vereador 2020,Aparecida de Goiânia,Suplente,55,1,434,617,0
c0253,Fernando Nunes,Fernando Nunes de Oliveira,40234,PSB,Vereador 2020,Anápolis,Suplente,45,1,439,595,0
c0254,Valdivino Jau,Valdivino Antonio de Oliveira,22130,PL,Vereador 2020,Quirinópolis,Suplente,24,1,146,184,0
c0255,Alankardec,Alankardec Eucares Domingues,12110,PDT,Vereador 2020,Doverlândia,Suplente,9,1,47,53,0
c0256,Nem da Arantina,Welton Sardinha de Morais,40222,PSB,Vereador 2020,Acreúna,Suplente,133,1,24,115,0
c0257,Regina,Regina Silva dos Santos,12777,PDT,Vereador 2020,Acreúna,Suplente,41,1,62,115,0
c0258,Jorceny,Jorseny Fernandes de Oliveira Costa,10555,REPUBLICANOS,Vereador 2020,Doverlândia,Suplente,44,1,31,53,0
c0259,Gildelia,Gildelia Justiniano dos Santos,10000,REPUBLICANOS,Vereador 2020,Doverlândia,Suplente,27,1,41,53,0
c0260,Nilda do Kit,Evanilda Batista de Oliveira,13222,PT,Vereador 2020,Gameleira de Goiás,Não eleito,6,1,51,66,0
c0261,Leitão,Carlos Eduardo Gomes Dutra,13125,PT,Vereador 2020,Gameleira de Goiás,Não eleito,5,1,53,66,0
c0262,Professora Marluce,Marluce Pereira da Silva Godoi,13111,PT,Vereador 2020,Gameleira de Goiás,Não eleito,57,1,17,66,0
c0263,Carlos Coran,Carlos de Sousa Batista,13333,PT,Vereador 2020,Gameleira de Goiás,Não eleito,5,1,53,66,0
c0264,Bardu,Vilaco Sebastião de Morais,13444,PT,Vereador 2020,Gameleira de Goiás,Não eleito,10,1,47,66,0
c0265,Carlitin do Braz,Carlito Gomes de Araujo,13025,PT,Vereador 2020,Gameleira de Goiás,Não eleito,5,1,53,66,0
c0266,Rildo Jr,Rildo Junior de Sá,13456,PT,Vereador 2020,Palminópolis,Não eleito,83,1,18,31,0
c0267,Kainann,Kainann Santana de Sousa,13111,PT,Vereador 2020,Palminópolis,Não eleito,85,1,17,31,0
c0268,Maria da Paz,Maria da Paz Nunes,13129,PT,Vereador 2020,Morrinhos,Não eleito,30,1,124,170,0
c0269,Vinicius Martins,Vinicius Martins de Oliveira,13126,PT,Vereador 2020,Morrinhos,Não eleito,28,1,128,170,0
c0270,Alessandra Souza,Alexsandra Rosa de Sousa,13130,PT,Vereador 2020,Morrinhos,Não eleito,20,1,140,170,0
c0271,Luan Silva,Luan Silva de Menezes,13132,PT,Vereador 2020,Morrinhos,Não eleito,4,1,167,170,0
c0272,Wanderlei,Wanderlei Alves da Silva,13122,PT,Vereador 2020,Morrinhos,Não eleito,39,1,111,170,0
c0273,Edir,Edir Marques da Silva,13136,PT,Vereador 2020,Morrinhos,Não eleito,14,1,150,170,0
c0274,Caju,Genildo Antonio de Souza,13125,PT,Vereador 2020,Morrinhos,Não eleito,27,1,131,170,0
c0275,Silvio Dias,Silvio Dias de Moura,13127,PT,Vereador 2020,Morrinhos,Não eleito,6,1,165,170,0
c0276,Batistinha do Pt,Joao Batista Alves de Brito,13134,PT,Vereador 2020,Morrinhos,Não eleito,175,1,45,170,0
c0277,Cassia Cabeleireira,Cassia Fatima Lino da Silva,13128,PT,Vereador 2020,Morrinhos,Não eleito,33,1,122,170,0
c0278,Cilene,Wilcillene Francisca Silva Costa,13137,PT,Vereador 2020,Morrinhos,Não eleito,28,1,128,170,0
c0279,Carmo,Carmelino Moreira da Silva,13123,PT,Vereador 2020,Morrinhos,Não eleito,47,1,100,170,0
c0280,Carmem Zulma,Carmem Zulma Fernandes,13139,PT,Vereador 2020,Morrinhos,Não eleito,42,1,106,170,0
c0281,Branco da Borracharia,Elsimar Rosa Alves de Souza,13140,PT,Vereador 2020,Morrinhos,Não eleito,88,1,74,170,0
c0282,Fernandinho,Fernando de Oliveira Rodrigues,13135,PT,Vereador 2020,Morrinhos,Não eleito,12,1,157,170,0
c0283,Lucinha,Lucia Cristina da Silva,13124,PT,Vereador 2020,Morrinhos,Não eleito,22,1,138,170,0
c0284,Ze Leco,Jose Roberto Lino Sabino,13138,PT,Vereador 2020,Morrinhos,Não eleito,22,1,138,170,0
c0285,Gaspar Rosa,Gaspar Rosa Campos Neto,13133,PT,Vereador 2020,Morrinhos,Não eleito,40,1,110,170,0
c0286,Luzia,Luzia Aparecida Patricio da Silva,13131,PT,Vereador 2020,Morrinhos,Não eleito,18,1,143,170,0
c0287,Ivanilson Capoeira,Ivanilson da Silva Costa,13121,PT,Vereador 2020,Morrinhos,Não eleito,10,1,161,170,0
c0288,Glaucilene Garcia,Glaucilene Garcia de Souza,11117,PP,Vereador 2020,São Simão,Suplente,7,1,104,108,0
c0289,Freire,Francisco Freire de Sousa,13103,PT,Vereador 2020,Flores de Goiás,Não eleito,1,1,77,78,0
c0290,Joaquim,Joaquim Pereira Lima,13102,PT,Vereador 2020,Flores de Goiás,Não eleito,2,1,76,78,0
c0291,Airton do Taxi,Airton Lima Pereira,13113,PT,Vereador 2020,Flores de Goiás,Não eleito,9,1,61,78,0
c0292,Adailton,Adailton Barbosa da Cunha,13110,PT,Vereador 2020,Flores de Goiás,Não eleito,3,1,73,78,0
c0293,Dico,Raimundo de Sousa Ferreira,13107,PT,Vereador 2020,Flores de Goiás,Não eleito,27,1,38,78,0
c0294,Rafaela,Rafaela Campelo de Miranda,13101,PT,Vereador 2020,Flores de Goiás,Não eleito,15,1,50,78,0
c0295,Willan de Santa Maria,Wilian Dias dos Santos,13111,PT,Vereador 2020,Flores de Goiás,Não eleito,23,1,42,78,0
c0296,Silvino,Carlos Silvio do Carmo,13104,PT,Vereador 2020,Flores de Goiás,Não eleito,15,1,50,78,0
c0297,Marilene,Marilene Ferreira da Silva,13105,PT,Vereador 2020,Flores de Goiás,Não eleito,10,1,58,78,0
c0298,Maninha,Olindina Gomes Leite,13100,PT,Vereador 2020,Flores de Goiás,Não eleito,48,1,27,78,0
c0299,Gerson Ramos,Gerson Ramos Alves,90000,PROS,Vereador 2020,Itaberaí,Suplente,214,1,34,105,0
c0300,Assis Arruda,Francisco Assis Arruda,25000,DEM,Vereador 2020,Cachoeira Dourada,Não eleito,51,1,31,67,0
c0301,Santinho,Francisco Luiz da Silva,19222,PODE,Vereador 2020,Cachoeira Dourada,Não eleito,54,1,30,67,0
c0302,Dulce Calil,Dulce Morais Calil,13013,PT,Vereador 2020,Santa Rosa de Goiás,Não eleito,3,1,48,51,0
c0303,Professor Silcio,Silcio Junior Borges,13125,PT,Vereador 2020,Santa Rosa de Goiás,Não eleito,28,1,29,51,0
c0304,Pezim,Osmar Barcelar Santana,13604,PT,Vereador 2020,Nova Glória,Não eleito,9,1,32,39,0
c0305,Antonio do Sindicato,Antonio Cândido Gonçalves,13123,PT,Vereador 2020,Nova Glória,Não eleito,16,1,29,39,0
c0306,Pedro Pernambuco,Pedro Antonio da Silva,13113,PT,Vereador 2020,Nova Glória,Não eleito,53,1,21,39,0
c0307,Adryelle,Adryelle Cristina Felisbino da Silva,13456,PT,Vereador 2020,Nova Glória,Não eleito,3,1,38,39,0
c0308,Vanuza Vaz,Vanusa de Fatima Vaz Ferreira,13333,PT,Vereador 2020,Nova Glória,Não eleito,8,1,33,39,0
c0309,Berlanda,Valdemar Berlanda,13000,PT,Vereador 2020,Nova Glória,Não eleito,6,1,35,39,0
c0310,Bruno Mamede,Bruno Mamede Pires de Ataides,13113,PT,Vereador 2020,Pires do Rio,Não eleito,30,1,102,152,0
c0311,Luciana Psicóloga,Luciana Aparecida da Silva,13123,PT,Vereador 2020,Pires do Rio,Não eleito,107,1,40,152,0
c0312,Paulo Enfermeiro,Paulo Candido de Sousa,13333,PT,Vereador 2020,Pires do Rio,Não eleito,154,1,30,152,0
c0313,Fabricio Rosa,Fabricio Silva Rosa,50123,PSOL,Vereador 2020,Goiânia,Eleito,4299,1,13,873,0
c0314,Julio Cesar Ferreira,Julio Cesar Ferreira de Jesus,14111,PTB,Vereador 2020,Goiânia,Suplente,127,1,520,873,0
c0315,Donizete do Lavajato,Donizete Andrade Theodoro,45123,PSDB,Vereador 2020,Vianópolis,Suplente,105,1,26,59,0
c0316,Joao Lisboa,Joao Lisboa Rocha,17131,PSL,Vereador 2020,Rubiataba,Não eleito,13,1,109,132,0
c0317,Ady Cantor,Adivair de Almeida Cortes,11222,PP,Vereador 2020,Colinas do Sul,Suplente,63,1,21,48,0
c0318,Fabio de Canuta,Fabio Junior Barbosa de Souza,13000,PT,Vereador 2020,Colinas do Sul,Não eleito,56,1,22,48,0
c0319,Alysson,Alysson Gomes Napoles,13333,PT,Vereador 2020,Colinas do Sul,Não eleito,36,1,24,48,0
c0320,Dona Eliany do Assentamento,Eliany Coraci Borges,13222,PT,Vereador 2020,Colinas do Sul,Não eleito,7,1,41,48,0
c0321,Telma Rocha,Telma Izaura Rocha de Almeida,13113,PT,Vereador 2020,Colinas do Sul,Não eleito,10,1,37,48,0
c0322,Castelo Branco,Guilherme Azambuja Castelo Branco,43000,PV,Vereador 2020,Cristalina,Não eleito,196,1,27,202,0
c0323,Mazinho Elmar Brandão,Elmar Rodrigues Brandão,13333,PT,Vereador 2020,Mineiros,Não eleito,56,1,105,194,0
c0324,Paulo Biscoito,Paulo Henrique Ribeiro Barbosa,13133,PT,Vereador 2020,Mineiros,Não eleito,95,1,76,194,0
c0325,Gisele de Jesus,Gisele da Silva de Jesus Ferreira,13137,PT,Vereador 2020,Mineiros,Não eleito,113,1,71,194,0
c0326,Valci Rosa,Valci Rosa de Jesus,13441,PT,Vereador 2020,Mineiros,Não eleito,31,1,139,194,0
c0327,Murilo Ribeiro,Murilo Ribeiro Silva,13013,PT,Vereador 2020,Mineiros,Não eleito,80,1,85,194,0
c0328,Professora Jenete Vilela,Jenete Vilela Souza,13456,PT,Vereador 2020,Mineiros,Não eleito,257,1,38,194,0
c0329,Sirley Vasconcelos,Sirley Raquel Rocha Camargo Vasconcelos,13111,PT,Vereador 2020,Mineiros,Não eleito,29,1,143,194,0
c0330,Antonio Augusto,Antonio Augusto Marques dos Santos Filho,13000,PT,Vereador 2020,Mineiros,Não eleito,83,1,82,194,0
c0331,Francisco Frederico Chicão,Francisco das Chagas Veloso Frederico,13213,PT,Vereador 2020,Mineiros,Não eleito,24,1,154,194,0
c0332,Professora Marlucia Souza,Marlucia Maria de Souza,13131,PT,Vereador 2020,Mineiros,Não eleito,65,1,94,194,0
c0333,Robertinho Jóia,Roberto Alonso Soares,13123,PT,Vereador 2020,Mineiros,Não eleito,57,1,100,194,0
c0334,Helio Alves Ninja Tattoo,Helio Alves da Silva,13142,PT,Vereador 2020,Mineiros,Não eleito,26,1,148,194,0
c0335,Jarbas Veículos,Jarbas Sebastião Rodrigues Ribeiro,25456,DEM,Vereador 2020,Caldas Novas,Suplente,191,1,65,277,0
c0336,Lúcia do Candinho,Maria Lucia da Silva,28699,PRTB,Vereador 2020,Itaberaí,Suplente,135,1,44,105,0
c0337,Andrea Cavalcante,Andrea Cavalcante e Silva,17222,PSL,Vereador 2020,Vianópolis,Suplente,7,1,57,59,0
c0338,Carlos Heliencio Chapahall,Carlos Heliencio Caixeta,17202,PSL,Vereador 2020,Vianópolis,Suplente,105,1,26,59,0
c0339,Anita,Marinita Alves,70612,AVANTE,Vereador 2020,Planaltina,Suplente,32,1,201,325,0
c0340,Regiane Santos,Regiane Santos Souza,13013,PT,Vereador 2020,Planaltina,Não eleito,27,1,220,325,0
c0341,Helena Nepomuceno,Helena Nepomuceno da Silva,13200,PT,Vereador 2020,Planaltina,Não eleito,24,1,230,325,0
c0342,Professor Jadiel,Jadiel de Oliveira Azevedo,13613,PT,Vereador 2020,Planaltina,Não eleito,60,1,141,325,0
c0343,Pr Freuderi Melo,Freuderi dos Santos Melo,13777,PT,Vereador 2020,Planaltina,Não eleito,49,1,160,325,0
c0344,Cleber,Antonio Cleber da Silva Santos,13555,PT,Vereador 2020,Planaltina,Não eleito,103,1,96,325,0
c0345,Roberto Marques,Roberto Marques Soares,13300,PT,Vereador 2020,Planaltina,Não eleito,191,1,49,325,0
c0346,Max,Maxsuel Rodrigues da Cruz,13020,PT,Vereador 2020,Planaltina,Não eleito,111,1,90,325,0
c0347,Daiane Carvalho,Daiane Ferreira de Carvalho,13637,PT,Vereador 2020,Planaltina,Não eleito,6,1,302,325,0
c0348,Benilson Vaz,Benilson Teixeira Vaz,13500,PT,Vereador 2020,Planaltina,Não eleito,85,1,115,325,0
c0349,Mauricio Moia,Amosio Teotonio Maurício,13130,PT,Vereador 2020,Planaltina,Não eleito,47,1,163,325,0
c0350,Maria Rosangela,Maria Rosangela de Oliveira,13265,PT,Vereador 2020,Planaltina,Não eleito,5,1,305,325,0
c0351,Suely Merendeira,Suely da Silva Santos Marinho,13030,PT,Vereador 2020,Planaltina,Não eleito,45,1,167,325,0
c0352,Salomão do Pt,Salomão Alves de Souza,13325,PT,Vereador 2020,Planaltina,Não eleito,19,1,248,325,0
c0353,Edson da Feira,Edson Alexandre da Silva,13131,PT,Vereador 2020,Planaltina,Não eleito,56,1,147,325,0
c0354,Marcelinho,Marcelo Nunes Franco,13000,PT,Vereador 2020,Planaltina,Não eleito,44,1,169,325,0
c0355,Ducarmo do Setor Sul,Maria do Carmo Vieira,13123,PT,Vereador 2020,Planaltina,Não eleito,13,1,276,325,0
c0356,Zuca,Hermínio Ribeiro Neto,13313,PT,Vereador 2020,Planaltina,Não eleito,49,1,160,325,0
c0357,Beguinho,Gutenberg Farias Silveira,13456,PT,Vereador 2020,Planaltina,Não eleito,109,1,93,325,0
c0358,Israel Silva,Israel Floriano da Silva Junior,65123,PC do B,Vereador 2020,Ceres,Não eleito,34,1,65,104,0
c0359,Professor Emanuel,Emanuel Antonio Sales,13613,PT,Vereador 2020,Ceres,Não eleito,45,1,58,104,0
c0360,Sidney,Sidney Alves de Oliveira,13000,PT,Vereador 2020,Ceres,Não eleito,82,1,39,104,0
c0361,Edberto Carneiro Japão,Edberto Carneiro Alves,13300,PT,Vereador 2020,Ceres,Não eleito,121,1,29,104,0
c0362,Maria Helena Alcantara,Maria Helena de Alcantara Silva,13333,PT,Vereador 2020,Ceres,Não eleito,53,1,50,104,0
c0363,Julio Cesar de Morais Souza,Julio Cesar de Morais Souza,13113,PT,Vereador 2020,Ceres,Não eleito,27,1,75,104,0
c0364,Lusimar,Lusimar Wanderley Moreno,13313,PT,Vereador 2020,Ceres,Não eleito,61,1,43,104,0
c0365,Ana Kely,Ana Kely Carvalho dos Santos,13555,PT,Vereador 2020,Ceres,Não eleito,32,1,67,104,0
c0366,Warlley,Warlley Felipe de Oliveira,13123,PT,Vereador 2020,Ceres,Não eleito,160,1,22,104,0
c0367,Rosemberg,Rosemberg Alves dos Passos,13456,PT,Vereador 2020,Ceres,Não eleito,138,1,25,104,0
c0368,Ze Antonio,Jose Antonio da Silva,15123,MDB,Vereador 2020,Taquaral de Goiás,Suplente,102,1,13,67,0
c0369,Danúbia,Danúbia dos Santos Silva,28111,PRTB,Vereador 2020,Planaltina,Suplente,81,1,118,325,0
c0370,Antônio Brito,Antônio Alair de Brito,15777,MDB,Vereador 2020,Vianópolis,Suplente,48,1,37,59,0
c0371,Mazim da Vazante,Ismar Ferreira da Silva,10444,REPUBLICANOS,Vereador 2020,Divinópolis de Goiás,Eleito,155,1,5,59,0
c0372,Bim Padeiro,Joelton Santana dos Santos,45000,PSDB,Vereador 2020,Vicentinópolis,Suplente,75,1,19,25,0
c0373,Oripim,Euripedes Bernardes da Silva,23222,CIDADANIA,Vereador 2020,Edéia,Suplente,42,1,40,59,0
c0374,Jorginho do Canadá,Jorge Cruz da Silva,36320,PTC,Vereador 2020,Acreúna,Não eleito,11,1,98,115,0
c0375,Naben,Assef Jorge Naben,15000,MDB,Vereador 2020,Anápolis,Suplente,435,1,114,595,0
c0376,Professor Rollf,Rollf Naftulio Rodrigues Musy,13213,PT,Vereador 2020,Novo Gama,Não eleito,14,1,226,295,0
c0377,Professor Marconi,Marconi Moreira de Sousa,13123,PT,Vereador 2020,Novo Gama,Não eleito,58,1,115,295,0
c0378,Alane Gomes,Alane Alexandre Gomes,13700,PT,Vereador 2020,Novo Gama,Não eleito,18,1,207,295,0
c0379,Leonardo,Leonardo Côrte Reis,13400,PT,Vereador 2020,Novo Gama,Não eleito,6,1,258,295,0
c0380,Índia da Saúde,Joselma Silva Souza,13600,PT,Vereador 2020,Novo Gama,Não eleito,49,1,127,295,0
c0381,Roberto do Pedrega Flow,Roberto Silva Vitor,13000,PT,Vereador 2020,Novo Gama,Não eleito,87,1,91,295,0
c0382,Professor Haroldo Azevedo,Luiz Haroldo de Azevedo,13013,PT,Vereador 2020,Novo Gama,Não eleito,7,1,254,295,0
c0383,Professor Cabelo,Francisco da Silva Lima Neto,13628,PT,Vereador 2020,Novo Gama,Não eleito,4,1,271,295,0
c0384,Valéria Cabeleireira,Valéria Laurentino,13100,PT,Vereador 2020,Novo Gama,Não eleito,28,1,171,295,0
c0385,Professor João Lima,João Pereira Lima,13300,PT,Vereador 2020,Novo Gama,Não eleito,17,1,212,295,0
c0386,Izaina,Izaina Soares da Rocha Silva,13013,PT,Vereador 2020,Buritinópolis,Não eleito,7,1,26,30,0
c0387,Elcivaldo,Elcivaldo Barbosa da Silva,13123,PT,Vereador 2020,Buritinópolis,Não eleito,64,1,14,30,0
c0388,Juciene Tica,Juciene Soares Gomes,25000,DEM,Vereador 2020,Uirapuru,Suplente,133,1,5,32,0
c0389,Ailton Borracheiro,Ailton Alves de Paula,25678,DEM,Vereador 2020,Uirapuru,Eleito,139,1,4,32,0
c0390,Divanir do Oliveira,Divanir Carlos Martins,22345,PL,Vereador 2020,Montividiu do Norte,Suplente,42,1,23,48,0
c0391,João Macedo,João Macedo,13588,PT,Vereador 2020,Anápolis,Suplente,87,1,342,595,0
c0392,Luiz Lacerda,Luiz Santos Lacerda,13300,PT,Vereador 2020,Anápolis,Suplente,933,1,51,595,0
c0393,Prof Claudia Feitosa,Claudia Maria Alves Feitosa e Sousa,13063,PT,Vereador 2020,Anápolis,Suplente,286,1,173,595,0
c0394,Ademir do Trenzinho,Edemir Ribeiro Joventino,13666,PT,Vereador 2020,Anápolis,Suplente,102,1,318,595,0
c0395,Professor Flavio Cota,Flavio Cota Brandão,13456,PT,Vereador 2020,Anápolis,Suplente,107,1,308,595,0
c0396,Maria Elza Peixoto,Maria Elza de Jesus Peixoto,13400,PT,Vereador 2020,Anápolis,Suplente,117,1,286,595,0
c0397,Professor Paulo Sergio,Paulo Sergio da Mota,13654,PT,Vereador 2020,Anápolis,Suplente,129,1,275,595,0
c0398,Cida Brito,Maria Aparecida Brito da Cruz Placido,13645,PT,Vereador 2020,Anápolis,Suplente,332,1,154,595,0
c0399,Professor Marcos Carvalho,Marcos Antonio de Carvalho Rosa,13900,PT,Vereador 2020,Anápolis,Eleito,1473,1,15,595,0
c0400,Marcio Jacob,Marcio Jacob Borges,13677,PT,Vereador 2020,Anápolis,Suplente,837,1,61,595,0
c0401,Wolney do Moloco,Wolney Gomes dos Santos,13024,PT,Vereador 2020,Anápolis,Suplente,327,1,156,595,0
c0402,Doris A Mulher do Alicate,Doris Day de Abreu Rodovalho,13553,PT,Vereador 2020,Anápolis,Suplente,45,1,439,595,0
c0403,Wilma Ana,Wilma Ana de Oliveira Rodrigues,13444,PT,Vereador 2020,Anápolis,Suplente,70,1,376,595,0
c0404,Cida Moraes,Maria Aparecida Vieira de Moraes,13234,PT,Vereador 2020,Anápolis,Suplente,81,1,353,595,0
c0405,Dra Dinamelia,Dinamelia Ribeiro de Oliveira Rabelo,13100,PT,Vereador 2020,Anápolis,Suplente,566,1,89,595,0
c0406,Ieda de Queiroz,Ieda Paulino de Queiroz,13133,PT,Vereador 2020,Anápolis,Suplente,47,1,431,595,0
c0407,Liliana Chicana,Liliana Ester Alves Chicana de Souza,13777,PT,Vereador 2020,Anápolis,Suplente,58,1,401,595,0
c0408,Lisieux Jose Borges,Lisieux Jose Borges,13766,PT,Vereador 2020,Anápolis,Eleito,1157,1,35,595,0
c0409,Jailson Luz,Jailson Antonio da Luz,13130,PT,Vereador 2020,Anápolis,Suplente,67,1,380,595,0
c0410,Beth,Elisabete Alves da Silva,13321,PT,Vereador 2020,Anápolis,Suplente,12,1,554,595,0
c0411,Alfredo Landim,Alfredo Paes Lamdim Filho,13013,PT,Vereador 2020,Anápolis,Suplente,514,1,97,595,0
c0412,Rimet,Rimet Jules Gomes Teixeira Filho,13123,PT,Vereador 2020,Anápolis,Suplente,1084,1,39,595,0
c0413,Rildo,Rildo Correia de Oliveira,13333,PT,Vereador 2020,Anápolis,Suplente,34,1,478,595,0
c0414,Armelindo Gonçalves,Armelindo de Freitas Gonçalves,13222,PT,Vereador 2020,Anápolis,Suplente,56,1,405,595,0
c0415,Ana Maria,Ana Maria Guimarães,13555,PT,Vereador 2020,Anápolis,Suplente,131,1,273,595,0
c0416,Pastor Antonio de Jesus,Antonio Jesus de Oliveira,13413,PT,Vereador 2020,Anápolis,Suplente,40,1,451,595,0
c0417,Zelino,Joselino Pereira da Silva,13597,PT,Vereador 2020,Anápolis,Suplente,195,1,215,595,0
c0418,Isaias do Pvc,Isaias Jose Carneiro,13621,PT,Vereador 2020,Anápolis,Suplente,76,1,366,595,0
c0419,Waldivino,Waldivino Ribeiro de Faria,13159,PT,Vereador 2020,Anápolis,Suplente,35,1,473,595,0
c0420,Geraldim do Meio Ambiente,Geraldo Camilo da Costa,13345,PT,Vereador 2020,Anápolis,Suplente,109,1,304,595,0
c0421,Alcinezio,Alcinezio Estival da Mata,13888,PT,Vereador 2020,Anápolis,Suplente,53,1,416,595,0
c0422,Evinha,Maria Eva Batista Felipe,13013,PT,Vereador 2020,Aparecida do Rio Doce,Não eleito,4,1,35,39,0
c0423,Maurao,Mauro Sergio de Souza,13555,PT,Vereador 2020,Aparecida do Rio Doce,Não eleito,18,1,24,39,0
c0424,Aldacir Rufino,Aldacir Rufino da Silva,13400,PT,Vereador 2020,Aparecida do Rio Doce,Não eleito,2,1,37,39,0
c0425,Gercino Cabral,Gercino Francisco Cabral,13123,PT,Vereador 2020,Aparecida do Rio Doce,Não eleito,6,1,34,39,0
c0426,Ivana do Batista,Ivana Alves Guimaraes Franco,13222,PT,Vereador 2020,Aparecida do Rio Doce,Não eleito,9,1,32,39,0
c0427,Rogerio Mota,Rogerio de Sousa,13333,PT,Vereador 2020,Aparecida do Rio Doce,Não eleito,124,1,6,39,0
c0428,Lídio Mendes,Lídio Mendes Pereira,13333,PT,Vereador 2020,Itumbiara,Não eleito,263,1,50,221,0
c0429,Luismar Soares,Luismar Soares de Freitas,13789,PT,Vereador 2020,Itumbiara,Não eleito,73,1,136,221,0
c0430,Márcio Martins,Márcio José Martins,13131,PT,Vereador 2020,Itumbiara,Não eleito,248,1,54,221,0
c0431,Julianna Oliveira,Julianna Silva de Oliveira,13050,PT,Vereador 2020,Itumbiara,Não eleito,302,1,45,221,0
c0432,Marquinhos,Marcos Ferreira de Sousa,13556,PT,Vereador 2020,Itumbiara,Não eleito,126,1,88,221,0
c0433,Daniel Caçapava,Daniel Rodrigues Martins Ferreira,13000,PT,Vereador 2020,Itumbiara,Não eleito,376,1,35,221,0
c0434,Fernanda Dourado,Fernanda Dourado Lima,13014,PT,Vereador 2020,Itumbiara,Não eleito,81,1,129,221,0
c0435,Sandra da Reciclagem,Sandra Aparecida Borges Vieira,13222,PT,Vereador 2020,Itumbiara,Não eleito,70,1,141,221,0
c0436,Florentino do Pt,Sebastião Florentino da Silva,13025,PT,Vereador 2020,Itumbiara,Não eleito,14,1,207,221,0
c0437,Ana Paula Cabral,Ana Paula Silva Cabral,13010,PT,Vereador 2020,Itumbiara,Não eleito,46,1,160,221,0
c0438,Sarah Urbieta,Sarah Magalhães Urbieta,13007,PT,Vereador 2020,Itumbiara,Não eleito,72,1,137,221,0
c0439,Geraldo Nunes,Geraldo Nunes dos Santos,13013,PT,Vereador 2020,Itumbiara,Não eleito,223,1,61,221,0
c0440,Robson Vito,Robson Vito,13011,PT,Vereador 2020,Itumbiara,Não eleito,25,1,188,221,0
c0441,Professora Verônica,Verônica Silva Araújo,13015,PT,Vereador 2020,Itumbiara,Não eleito,155,1,78,221,0
c0442,Rael Psicologa,Rael Ribeiro Silva,15666,MDB,Vereador 2020,Ipameri,Suplente,40,1,85,136,0
c0443,Mazinho do Madre Germana,Velomar Vieira de Sousa,11123,PP,Vereador 2020,Aparecida de Goiânia,Suplente,1762,1,24,617,0
c0444,Neto Chaves,Manoel Chaves Santos,13100,PT,Vereador 2020,Águas Lindas de Goiás,Não eleito,54,1,183,343,0
c0445,Ítalo Costa,Ítalo Costa dos Santos,13070,PT,Vereador 2020,Águas Lindas de Goiás,Não eleito,64,1,163,343,0
c0446,Andréia Alves,Andréia Maria da Conceição Alves,13111,PT,Vereador 2020,Águas Lindas de Goiás,Não eleito,20,1,270,343,0
c0447,Geraldo Dias,Geraldo Alves Dias,13013,PT,Vereador 2020,Águas Lindas de Goiás,Não eleito,12,1,294,343,0
c0448,Vanda Maria,Vanda Maria do Nascimento Pereira,13133,PT,Vereador 2020,Águas Lindas de Goiás,Não eleito,23,1,258,343,0
c0449,Luis Santos,Luis Jesus dos Santos,13024,PT,Vereador 2020,Águas Lindas de Goiás,Não eleito,50,1,191,343,0
c0450,Carlos Morais,Carlos Sinfrônio de Morais,19079,PODE,Vereador 2020,Itaberaí,Suplente,29,1,86,105,0
c0451,Celio Silva,Celio Moura da Silva,13013,PT,Vereador 2020,Silvânia,Não eleito,2,1,78,78,0
c0452,Professora Lucilaine,Lucilaine Queiros dos Reis,13111,PT,Vereador 2020,Silvânia,Não eleito,253,1,14,78,0
c0453,Leonice do Mcp,Leonice Dias de Oliveira Nascimento,13300,PT,Vereador 2020,Silvânia,Não eleito,37,1,58,78,0
c0454,Claudio do Sindicato,Claudio Cezilio do Carmo,13000,PT,Vereador 2020,Silvânia,Não eleito,134,1,32,78,0
c0455,Dra.Sebastiana,Sebastiana de Fatima da Cunha Mascarenhas,13789,PT,Vereador 2020,Silvânia,Não eleito,45,1,54,78,0
c0456,Adriano dos Consorcios,Adriano Abadia Venutiano,13123,PT,Vereador 2020,Silvânia,Não eleito,30,1,61,78,0
c0457,Deusimar Xinxim,Deusimar Alves de Souza,13456,PT,Vereador 2020,Silvânia,Não eleito,128,1,33,78,0
c0458,Irmão Ivan,Belmivanio Gonçalves dos Santos,10777,REPUBLICANOS,Vereador 2020,Itauçu,Suplente,16,1,52,60,0
c0459,Ceará da Feira,Jose Cezaro Neto,13456,PT,Vereador 2020,Bela Vista de Goiás,Não eleito,37,1,93,141,0
c0460,Leticia,Leticia Ketimiller de Rezende,13205,PT,Vereador 2020,Bela Vista de Goiás,Não eleito,3,1,139,141,0
c0461,Clelia,Clélia Cristina Guimarães Gomes,13013,PT,Vereador 2020,Bela Vista de Goiás,Não eleito,75,1,60,141,0
c0462,Thatyanne Pires,Thatyanne Pires do Nascimento Souza,13777,PT,Vereador 2020,Bela Vista de Goiás,Não eleito,45,1,81,141,0
c0463,Genivaldo Martins,Genivaldo Martins,13333,PT,Vereador 2020,Bela Vista de Goiás,Não eleito,35,1,98,141,0
c0464,João da Van,Joao Antônio Rodrigues,13789,PT,Vereador 2020,Bela Vista de Goiás,Não eleito,30,1,106,141,0
c0465,Júlio Cesar,Julio Cesar Alves de Freitas,13654,PT,Vereador 2020,Bela Vista de Goiás,Não eleito,180,1,27,141,0
c0466,Selma Kamenach,Selma Maria Miranda Kamenach,13011,PT,Vereador 2020,Bela Vista de Goiás,Não eleito,191,1,25,141,0
c0467,Laura Telles,Laura Helena Teles de Souza,13321,PT,Vereador 2020,Bela Vista de Goiás,Não eleito,4,1,137,141,0
c0468,Nilva do Gás,Nilva Lemes da Silva Carvalho,13130,PT,Vereador 2020,Bela Vista de Goiás,Não eleito,85,1,52,141,0
c0469,Solange,Solange Rodrigues do Nascimento,13113,PT,Vereador 2020,Bela Vista de Goiás,Não eleito,31,1,104,141,0
c0470,Professora Cleimínia,Cleiminia Batista da Silva,13555,PT,Vereador 2020,Bela Vista de Goiás,Não eleito,39,1,87,141,0
c0471,Jaime Lopes,Jaime Lopes Ferreira,13123,PT,Vereador 2020,Bela Vista de Goiás,Não eleito,18,1,121,141,0
c0472,Humberto Moto Taxi,Humberto da Silva Alecrim,13131,PT,Vereador 2020,Bela Vista de Goiás,Não eleito,4,1,137,141,0
c0473,Luis Carlos,Luis Carlos Dias de Sousa,13649,PT,Vereador 2020,Bela Vista de Goiás,Não eleito,8,1,130,141,0
c0474,Denisia,Denisia Helena Correa,13051,PT,Vereador 2020,Bela Vista de Goiás,Não eleito,7,1,132,141,0
c0475,Paulo Moraes,Paulo Moraes Gonçalves,13212,PT,Vereador 2020,Bela Vista de Goiás,Não eleito,3,1,139,141,0
c0476,Adalberto Paulo da Silva,Adalberto Paulo da Silva,55444,PSD,Vereador 2020,Teresina de Goiás,Suplente,61,1,16,38,0
c0477,Telma Castro,Telma Maria de Castro,13300,PT,Vereador 2020,Santo Antônio do Descoberto,Não eleito,12,1,228,281,0
c0478,Mane Beleza,Manoel Tomaz Neto,13113,PT,Vereador 2020,Santo Antônio do Descoberto,Não eleito,12,1,228,281,0
c0479,Zélia Professora,Zélia Fernandes Sousa Rezende,40555,PSB,Vereador 2020,Joviânia,Suplente,142,1,11,55,0
c0480,João Gomes,João Batista Barbosa Gomes,40888,PSB,Vereador 2020,Joviânia,Suplente,14,1,46,55,0
c0481,Jessica do Mariano,Jelcina Maria Santana e Silva,13446,PT,Vereador 2020,Palestina de Goiás,Não eleito,20,1,33,40,0
c0482,Walison Santos,Walison dos Santos Brito da Conceição,17998,PSL,Vereador 2020,Caldas Novas,Não eleito,6,1,260,277,0
c0483,Regina do Pit Dog,Regina Aparecida da Silva,13223,PT,Vereador 2020,Professor Jamil,Suplente,19,1,24,60,0
c0484,Marivone Assentamento,Marivone Batista Fonseca Silva,13444,PT,Vereador 2020,Professor Jamil,Suplente,26,1,23,60,0
c0485,Aguinaldo Areia,Aguinaldo Divino Alves Barbosa,13013,PT,Vereador 2020,Professor Jamil,Eleito,145,1,4,60,0
c0486,Edmer Irmão do Bidi,Edmer Francisco da Costa,13000,PT,Vereador 2020,Professor Jamil,Suplente,8,1,40,60,0
c0487,Rosimar Caetano,Rosimar Caetano de Moura,13111,PT,Vereador 2020,Professor Jamil,Suplente,87,1,11,60,0
c0488,Luzia Quilombola,Luzia Cristina do Carmo,13338,PT,Vereador 2020,Professor Jamil,Eleito,126,1,7,60,0
c0489,Renata da Natal,Renata Candida Sobrinho,13333,PT,Vereador 2020,Professor Jamil,Suplente,50,1,16,60,0
c0490,Ana Maria,Ana Maria Pereira da Silva Rosa,13222,PT,Vereador 2020,Professor Jamil,Suplente,42,1,19,60,0
c0491,Zelio Traíra,Zelio Martins Furtado,13456,PT,Vereador 2020,Professor Jamil,Suplente,12,1,29,60,0
c0492,Alexim do Gás,Aleixo Ferreira de Aguiar Filho,13123,PT,Vereador 2020,Professor Jamil,Eleito,155,1,3,60,0
c0493,Narcisa do Tunico,Narcisa  Helena de Oliveira Goncalves,13130,PT,Vereador 2020,Professor Jamil,Suplente,18,1,25,60,0
c0494,Dj Cleber Som,Cleber Menezes,13131,PT,Vereador 2020,Professor Jamil,Suplente,11,1,32,60,0
c0495,Daniel do Posto,Daniel Carneiro Borba,13113,PT,Vereador 2020,Nova Aurora,Eleito,102,1,7,28,0
c0496,Marizinha,Mariza Barbosa,13456,PT,Vereador 2020,Nova Aurora,Suplente,78,1,13,28,0
c0497,Reginaldo Rodrigues,Reginaldo Rodrigues de Souza,13123,PT,Vereador 2020,Nova Aurora,Suplente,9,1,24,28,0
c0498,Katia do Pedro do Circo,Katia Aparecida do Nascimento,13345,PT,Vereador 2020,Nova Aurora,Suplente,4,1,28,28,0
c0499,Rihan,Rihan de Oliveira Lima,25555,DEM,Vereador 2020,Itauçu,Suplente,30,1,43,60,0
c0500,Dra Nara Rezende,Nara Rúbia Cabral Rezende,13313,PT,Vereador 2020,Mineiros,Não eleito,8,1,187,194,0
c0501,Marquim Pintor,Marcos Aurélio Ferreira Souza,13222,PT,Vereador 2020,Mineiros,Não eleito,55,1,107,194,0
c0502,Raimunda do Taninho,Raimunda de Souza Santos,13555,PT,Vereador 2020,Mineiros,Não eleito,122,1,69,194,0
c0503,Pedro Teixeira,Pedro Teixeira da Silva,19800,PODE,Vereador 2020,Uirapuru,Suplente,82,1,15,32,0
c0504,Goiano,Deovanir Pacifico de Oliveira,15379,MDB,Vereador 2020,Minaçu,Suplente,158,1,32,117,0
c0505,Cida,Maria Aparecida Elias Costa,90290,PROS,Vereador 2020,Minaçu,Suplente,287,1,17,117,0
c0506,Divina Dotori,Divina Neres Dotori,13013,PT,Vereador 2020,Iporá,Suplente,77,1,70,143,0
c0507,Valdomiro Alves,Valdomiro Alves de Paula,13100,PT,Vereador 2020,Iporá,Suplente,156,1,40,143,0
c0508,Edio Tavares,Edio Tavares da Silva,13200,PT,Vereador 2020,Iporá,Suplente,92,1,62,143,0
c0509,Zezinho,Jose Aparecido de Sousa,13188,PT,Vereador 2020,Iporá,Suplente,131,1,45,143,0
c0510,Josiane Altruista,Josiane Barbosa Peres Francisco,13333,PT,Vereador 2020,Iporá,Suplente,6,1,139,143,0
c0511,Valdivino Marques,Valdivino Marques Oliveira,13674,PT,Vereador 2020,Iporá,Suplente,25,1,114,143,0
c0512,Elias Rodrigues,Elias Rodrigues de Souza Junior,13123,PT,Vereador 2020,Iporá,Suplente,62,1,75,143,0
c0513,Cida Barros,Maria Aparecida de Barros Borges,13500,PT,Vereador 2020,Iporá,Suplente,125,1,48,143,0
c0514,Prof Ricardo Gomes,Ricardo Silverio Gomes Pinheiro,13000,PT,Vereador 2020,Iporá,Suplente,39,1,98,143,0
c0515,Viviane Specian,Viviane de Leao Duarte Specian,13700,PT,Vereador 2020,Iporá,Eleito,405,1,8,143,0
c0516,Rosa do Orlando,Rosilene Maria Ferreira Souza,13500,PT,Vereador 2020,Goianira,Suplente,372,1,17,175,0
c0517,Professor Agnaldo,Agnaldo Augusto de Oliveira,13777,PT,Vereador 2020,Goianira,Suplente,336,1,20,175,0
c0518,Giovanni Dias,Giovanni José Dias,13123,PT,Vereador 2020,Goianira,Eleito,442,1,13,175,0
c0519,Lucimar Vigilante,Lucimar Vieira de Rezende,13555,PT,Vereador 2020,Goianira,Suplente,24,1,131,175,0
c0520,Juninho do Didi,Lacerdy Cardoso Teixeira Junior,13333,PT,Vereador 2020,Goianira,Suplente,403,1,15,175,0
c0521,Vilson Cassemiro,Vilson Cassemiro,13700,PT,Vereador 2020,Goianira,Suplente,399,1,16,175,0
c0522,Roseanna Dantas,Roseanna Maria Dantas do Nascimento,13222,PT,Vereador 2020,Goianira,Suplente,11,1,152,175,0
c0523,Hiale Miranda,Hiale Moreira de Miranda,13150,PT,Vereador 2020,Goianira,Suplente,21,1,136,175,0
c0524,Onario do Moto Taxi,Onario Dias Lopes,13333,PT,Vereador 2020,Goiatuba,Não eleito,8,1,136,170,0
c0525,Abacate,Iraides Pereira Mendanha,22300,PL,Vereador 2020,Inhumas,Suplente,174,1,53,173,0
c0526,Sildo,Sildo Rodrigues da Silveira,28888,PRTB,Vereador 2020,Montividiu do Norte,Suplente,121,1,9,48,0
c0527,Paulo Quirino,Paulo Cesar Quirino,55888,PSD,Vereador 2020,Itauçu,Suplente,183,1,10,60,0
c0528,Mousangela Cunha,Mousangela Cunha Rodrigues Pereira,13300,PT,Vereador 2020,Caldas Novas,Não eleito,7,1,257,277,0
c0529,Roberto do Pt,Roberto Alves de Alcantara,13000,PT,Vereador 2020,Caldas Novas,Não eleito,146,1,76,277,0
c0530,Simone da Tiola,Alcione Izabel de Jesus Sousa,13147,PT,Vereador 2020,Caldas Novas,Não eleito,9,1,251,277,0
c0531,Oripao,Euripedes Rodrigues da Cunha,13113,PT,Vereador 2020,Caldas Novas,Não eleito,61,1,125,277,0
c0532,Atila da Garagem,Atila Bandeira Barbosa,13333,PT,Vereador 2020,Caldas Novas,Não eleito,56,1,133,277,0
c0533,Eron Silva,Eronides Goncalves da Silva,13111,PT,Vereador 2020,Caldas Novas,Não eleito,31,1,178,277,0
c0534,Celia Santos,Geracelia Pereira dos Santos,13200,PT,Vereador 2020,Caldas Novas,Não eleito,24,1,200,277,0
c0535,Rei da Mandioca,Idelson Orcino da Silva,13334,PT,Vereador 2020,Caldas Novas,Não eleito,29,1,183,277,0
c0536,Francisco Loyola,Francisco Jose Loiola,13112,PT,Vereador 2020,Caldas Novas,Não eleito,14,1,230,277,0
c0537,Valmir Mangini,Valmir Mangini Ribeiro,13999,PT,Vereador 2020,Caldas Novas,Não eleito,12,1,238,277,0
c0538,Luis Claudio,Luis Claudio Coelho,13140,PT,Vereador 2020,Catalão,Não eleito,16,1,191,210,0
c0539,Walisson Soares,Walisson Rodrigues Soares,13013,PT,Vereador 2020,Catalão,Não eleito,11,1,197,210,0
c0540,Professora Ismene,Ismene Fernandes da Silva,13113,PT,Vereador 2020,Catalão,Não eleito,54,1,136,210,0
c0541,Joana da Radio,Joana Darc da Silva,13333,PT,Vereador 2020,Catalão,Não eleito,91,1,107,210,0
c0542,Candinho Leao,Sebastiao Candido Leao,13787,PT,Vereador 2020,Catalão,Não eleito,18,1,185,210,0
c0543,Luiz Pipoca,Luiz de Oliveira Custodio,13131,PT,Vereador 2020,Catalão,Não eleito,32,1,159,210,0
c0544,Sinvaldo da Lua,Sinvaldo Cardoso Silva,13014,PT,Vereador 2020,Catalão,Não eleito,6,1,204,210,0
c0545,Orleides Oliveira,Orleides Oliveira dos Santos,13028,PT,Vereador 2020,Catalão,Não eleito,1,1,208,210,0
c0546,Katia Palermo,Katia Vianna Palermo,13123,PT,Vereador 2020,Catalão,Não eleito,21,1,182,210,0
c0547,Ataliba Caiado,Ataliba Barbosa,14234,PTB,Vereador 2020,Rubiataba,Suplente,22,1,94,132,0
c0548,Professor Dumas,Domingos Barbosa dos Santos,40111,PSB,Vereador 2020,Goiânia,Suplente,1015,1,122,873,0
c0549,Adãozinho Fernandes,Adao Fernandes da Silva,25611,DEM,Vereador 2020,Edealina,Suplente,41,1,25,38,0
c0550,Jesuina,Jesuina Ferreira de Jesus,19456,PODE,Vereador 2020,Divinópolis de Goiás,Suplente,20,1,41,59,0
c0551,Diego,Diego Correia da Silva de Moraes,13456,PT,Vereador 2020,Divinópolis de Goiás,Eleito,142,1,7,59,0
c0552,Gorete da Malhada,Maria Gorete Ramos dos Anjos,13444,PT,Vereador 2020,Divinópolis de Goiás,Suplente,14,1,46,59,0
c0553,Zezinho Irmão de Ananias,José de Castro Silva,13000,PT,Vereador 2020,Divinópolis de Goiás,Suplente,110,1,14,59,0
c0554,Gilson de Jurany,Gilson Queiroz de Sena,13333,PT,Vereador 2020,Divinópolis de Goiás,Suplente,47,1,29,59,0
c0555,Onofra do Marco Lins,Onófra José dos Santos,13123,PT,Vereador 2020,Divinópolis de Goiás,Suplente,5,1,53,59,0
c0556,Carlos Pereira,Carlos Roberto Pereira da Conceição,13333,PT,Vereador 2020,Cavalcante,Não eleito,67,1,32,99,0
c0557,Elimar Arraes,Elimar Souza Arraes,13555,PT,Vereador 2020,Cavalcante,Não eleito,22,1,61,99,0
c0558,Carol da Câmara,Carolina Angela Rodrigues Barbosa,13111,PT,Vereador 2020,Cavalcante,Não eleito,37,1,49,99,0
c0559,Professora Duciâny,Duciâny Batista da Silva Rodrigues,13456,PT,Vereador 2020,Cavalcante,Não eleito,32,1,50,99,0
c0560,João Lino,João Bittencourt Lino,13123,PT,Vereador 2020,Cavalcante,Não eleito,92,1,16,99,0
c0561,Beto Baiano,Luis Roberto Nascimento Santos,13013,PT,Vereador 2020,Cavalcante,Não eleito,5,1,89,99,0
c0562,Valdevi Paraiba,Valdevi Firmino Pereira,28777,PRTB,Vereador 2020,Chapadão do Céu,Não eleito,28,1,40,57,0
c0563,Alex,Alex Alves Ramos,13123,PT,Vereador 2020,Doverlândia,Suplente,21,1,44,53,0
c0564,Professor Fagner,Fagner Alves Barbosa,13000,PT,Vereador 2020,Doverlândia,Suplente,104,1,16,53,0
c0565,Professora Sirene,Sirene Silva Borges,13111,PT,Vereador 2020,Doverlândia,Suplente,47,1,29,53,0
c0566,Valmy Carvalho,Valmy Bernardes Carvalho,13777,PT,Vereador 2020,Doverlândia,Suplente,88,1,21,53,0
c0567,Giraia,Mardemy Jose de Moraes,13333,PT,Vereador 2020,Doverlândia,Eleito,141,1,10,53,0
c0568,Nivaldo da Região Araguaia,Nivaldo Peres de Sousa,13013,PT,Vereador 2020,Doverlândia,Suplente,123,1,12,53,0
c0569,Wemilly Alecrim,Wemilly Ferreira de Alecrim,13222,PT,Vereador 2020,Doverlândia,Suplente,4,1,51,53,0
c0570,Zeninha,Zeninha Pereira dos Santos,13222,PT,Vereador 2020,Caiapônia,Não eleito,2,1,96,99,0
c0571,Gabriel Bie,Gabriel Emidio de Sousa,13123,PT,Vereador 2020,Caiapônia,Não eleito,23,1,75,99,0
c0572,Dione Colodino,Dione Colodino da Silva,13000,PT,Vereador 2020,Caiapônia,Não eleito,21,1,78,99,0
c0573,Suely,Suely Gois Siqueira,13121,PT,Vereador 2020,Caiapônia,Não eleito,1,1,97,99,0
c0574,Tapuranga,Wesley Rodrigues dos Santos,14123,PTB,Vereador 2020,Taquaral de Goiás,Suplente,59,1,27,67,0
c0575,Aparecido Banha,Aparecido José da Silva,14000,PTB,Vereador 2020,Taquaral de Goiás,Suplente,34,1,34,67,0
c0576,Lucas da Eva,Genesio Batista Cardoso,23444,CIDADANIA,Vereador 2020,Uirapuru,Suplente,96,1,10,32,0
c0577,Rogerio Freitas,Rogerio Gomes de Freitas,13300,PT,Vereador 2020,Novo Brasil,Não eleito,13,1,31,36,0
c0578,Maria Helena,Maria Helena de Freitas,13013,PT,Vereador 2020,Novo Brasil,Não eleito,19,1,29,36,0
c0579,Claudinho da Vila Pai Eterno,Cláudio José da Silva,13867,PT,Vereador 2020,Trindade,Não eleito,66,1,175,276,0
c0580,Jolivê Bike,Jolive José da Silva,13505,PT,Vereador 2020,Trindade,Não eleito,16,1,245,276,0
c0581,Mabel Bonfim,Mabel Aparecida Bonfim,13112,PT,Vereador 2020,Trindade,Não eleito,27,1,232,276,0
c0582,Marcos David,Marcos David Borges de Jesus,13013,PT,Vereador 2020,Trindade,Não eleito,114,1,123,276,0
c0583,Wilmar do Caminhão,Wilmar Vicente Martins,13120,PT,Vereador 2020,Trindade,Não eleito,267,1,61,276,0
c0584,Luciano da Laranja,Luciano Rocha de Alvarenga,13147,PT,Vereador 2020,Trindade,Não eleito,70,1,170,276,0
c0585,Wesley Toledo,Wesley Correa de Toledo,13600,PT,Vereador 2020,Trindade,Não eleito,157,1,97,276,0
c0586,Marta Quintiliano,Marta Quintiliano,13549,PT,Vereador 2020,Trindade,Não eleito,203,1,80,276,0
c0587,João Pereira,João Pereira Silva,13555,PT,Vereador 2020,Trindade,Não eleito,1,1,274,276,0
c0588,Dona Cleusa,Cleusa de Oliveira,13506,PT,Vereador 2020,Trindade,Não eleito,14,1,250,276,0
c0589,Lurdinha da Flávia,Lourdes Lemes da Costa,13333,PT,Vereador 2020,Trindade,Não eleito,289,1,57,276,0
c0590,Professora Maria Lucia,Maria Lucia Rodrigues,13123,PT,Vereador 2020,Trindade,Não eleito,90,1,147,276,0
c0591,Dr. Vildemon,Vildemon Coimbra de Oliveira,13680,PT,Vereador 2020,Trindade,Não eleito,91,1,145,276,0
c0592,Arquivaldo Filho,Arquivaldo Bites Leão Leite Filho,13456,PT,Vereador 2020,Trindade,Não eleito,256,1,63,276,0
c0593,Jefferson Samuray,Jefferson Pereira de Carvalho Araújo,13213,PT,Vereador 2020,Trindade,Não eleito,56,1,192,276,0
c0594,Sargento Catarino,Catarino Rodrigues de Oliveira,13190,PT,Vereador 2020,Trindade,Não eleito,42,1,207,276,0
c0595,Caxotinho,Alessandro Mendonça Cabral,28000,PRTB,Vereador 2020,Rio Verde,Suplente,429,1,59,266,0
c0596,Antonia Zita,Antonia Zita Germana de Souza,13170,PT,Vereador 2020,Posse,Não eleito,13,1,116,126,0
c0597,Beliete,Beliete Pereira Sodre Bispo,13333,PT,Vereador 2020,Posse,Não eleito,55,1,69,126,0
c0598,Joaquim Mutuca Gás,Joaquim Barbosa dos Santos,13123,PT,Vereador 2020,Posse,Não eleito,150,1,39,126,0
c0599,Rubia Santos,Rubia Pereira dos Santos,13300,PT,Vereador 2020,Posse,Não eleito,37,1,85,126,0
c0600,Aiani Dias,Aiani Neres de Abreu,13456,PT,Vereador 2020,Posse,Não eleito,23,1,102,126,0
c0601,Mislene Mikinha,Mislene Soares de Sousa,13100,PT,Vereador 2020,Posse,Não eleito,35,1,90,126,0
c0602,José Ari,Jose Arevaldo Rodrigues da Silva,13147,PT,Vereador 2020,Posse,Não eleito,42,1,81,126,0
c0603,Juarez Filho de Tilo,Juarez Ferreira dos Santos,13200,PT,Vereador 2020,Posse,Não eleito,14,1,114,126,0
c0604,Bebé Dourado,Arcelino Jose Dourado Filho,13500,PT,Vereador 2020,Posse,Não eleito,76,1,59,126,0
c0605,Ednilson Araújo,Ednilson Araujo da Silva,13321,PT,Vereador 2020,Posse,Não eleito,16,1,111,126,0
c0606,Betinho Campos,Carlos Alberto de Campos,13111,PT,Vereador 2020,Posse,Não eleito,209,1,30,126,0
c0607,Jusilene Rocha,Jusilene Rodrigues Rocha,20180,PSC,Vereador 2020,Planaltina,Não eleito,123,1,77,325,0
c0608,Nayara Catriny,Nayara Catriny Oliveira dos Anjos,13456,PT,Vereador 2020,Doverlândia,Suplente,79,1,22,53,0
c0609,Bia,Beatriz Francisca dos Santos,19000,PODE,Vereador 2020,Santo Antônio de Goiás,Suplente,72,1,25,71,0
c0610,Allyson Rivas,Allyson Rivas de Melo,13123,PT,Vereador 2020,Piracanjuba,Não eleito,103,1,41,122,0
c0611,Tia Vânia,Vanir Fernandes de Araújo,13113,PT,Vereador 2020,Piracanjuba,Não eleito,51,1,71,122,0
c0612,Flávia Ferreira,Flávia Ferreira,13599,PT,Vereador 2020,Piracanjuba,Não eleito,8,1,112,122,0
c0613,Ismaelão,Ismael Fernandes Alves,13333,PT,Vereador 2020,Piracanjuba,Não eleito,129,1,31,122,0
c0614,Maria da Penha,Maria da Penha Oliveira,13777,PT,Vereador 2020,Piracanjuba,Não eleito,3,1,119,122,0
c0615,Marquinhos,Marcos Paulo Alexandre,13456,PT,Vereador 2020,Piracanjuba,Não eleito,30,1,86,122,0
c0616,Zulu,Wallington Trindade da Silva,13444,PT,Vereador 2020,Piracanjuba,Não eleito,9,1,110,122,0
c0617,Juarez Miranda,Juarez Rosa de Miranda,13000,PT,Vereador 2020,Piracanjuba,Não eleito,111,1,34,122,0
c0618,Gabriel,Gabriel Magalhães de Oliveira,13781,PT,Vereador 2020,Piracanjuba,Não eleito,8,1,112,122,0
c0619,Micharia,Valdemir Marques Garcia,13131,PT,Vereador 2020,Piracanjuba,Não eleito,16,1,100,122,0
c0620,Neide Maria,Neide Maria da Silva,13200,PT,Vereador 2020,São Miguel do Passa Quatro,Não eleito,3,1,32,33,0
c0621,Geovane Contador,Geovane José Camilo de Oliveira,13300,PT,Vereador 2020,São Miguel do Passa Quatro,Não eleito,1,1,33,33,0
c0622,Moreira,Sebastião Moreira dos Santos,13110,PT,Vereador 2020,São Miguel do Passa Quatro,Não eleito,22,1,22,33,0
c0623,Joaquim da Melancia,Joaquim Damião de Abreu,11222,PP,Vereador 2020,Santa Bárbara de Goiás,Suplente,111,1,16,51,0
c0624,Chico Pedreiro,Francisco de Assis Naves,13007,PT,Vereador 2020,Leopoldo de Bulhões,Não eleito,5,1,68,72,0
c0625,Hudson Corumba,Hudson Washington da Silva,13019,PT,Vereador 2020,Leopoldo de Bulhões,Não eleito,10,1,64,72,0
c0626,Nego Cesar,Waldivino Pires da Silva,13130,PT,Vereador 2020,Leopoldo de Bulhões,Não eleito,3,1,70,72,0
c0627,Professora Marcia Gléria,Marcia Maria Gleria,13123,PT,Vereador 2020,Leopoldo de Bulhões,Não eleito,89,1,18,72,0
c0628,João Bosco da Capelinha,Joao Bosco Patrocinio,13111,PT,Vereador 2020,Leopoldo de Bulhões,Não eleito,33,1,34,72,0
c0629,Gilberto Caldeira,Gilberto Caldeira,13014,PT,Vereador 2020,Leopoldo de Bulhões,Não eleito,21,1,47,72,0
c0630,Divina Abreu,Divina Maria de Abreu,13333,PT,Vereador 2020,Leopoldo de Bulhões,Não eleito,28,1,40,72,0
c0631,Leilinha Cabeleireira,Francileide Bezerra Cumaru dos Santos,13000,PT,Vereador 2020,Leopoldo de Bulhões,Não eleito,17,1,55,72,0
c0632,Cleomar dos Reis,Cleomar dos Reis Laurindo,13456,PT,Vereador 2020,Leopoldo de Bulhões,Não eleito,139,1,11,72,0
c0633,Ricardo Naves,Ricardo Naves de Sousa,13267,PT,Vereador 2020,Taquaral de Goiás,Não eleito,8,1,60,67,0
c0634,Luiz Leiteiro,Luiz Carlos da Silva Inácio,13013,PT,Vereador 2020,Taquaral de Goiás,Não eleito,31,1,37,67,0
c0635,Lourdes Assistente Social,Maria de Lourdes Henrique Manso,13000,PT,Vereador 2020,Taquaral de Goiás,Não eleito,18,1,48,67,0
c0636,Aldete Pedroso,Aldete Pedroso da Silva Azevedo,13200,PT,Vereador 2020,Taquaral de Goiás,Não eleito,6,1,62,67,0
c0637,Lucinho,Lucimar Alberto de Morais,13123,PT,Vereador 2020,Taquaral de Goiás,Não eleito,123,1,8,67,0
c0638,Elizane Poninha,Elizane Maria Faria,13113,PT,Vereador 2020,Taquaral de Goiás,Não eleito,0,0,67,67,0
c0639,Divino de Souza,Divino Odeir de Souza Siqueira,13300,PT,Vereador 2020,Taquaral de Goiás,Não eleito,32,1,36,67,0
c0640,Dé da Van,José Cornélio Pereira Neto,13700,PT,Vereador 2020,Taquaral de Goiás,Não eleito,72,1,18,67,0
c0641,Zé Cará,José Geraldo de Castro,13111,PT,Vereador 2020,Uruana,Não eleito,17,1,71,93,0
c0642,Luzia da Feira,Luzia Aparecida Moreira,13000,PT,Vereador 2020,Uruana,Não eleito,11,1,76,93,0
c0643,Heroino,Heroino Candido,13033,PT,Vereador 2020,Uruana,Não eleito,19,1,67,93,0
c0644,Jader Alarcão,Jader Afonso de Alarcão Neto,70111,AVANTE,Vereador 2020,Formosa,Suplente,106,1,142,312,0
c0645,Guaxinim,Antonio Nelton Pereira Marinho,13000,PT,Vereador 2020,Chapadão do Céu,Não eleito,17,1,45,57,0
c0646,Mangueira,Igersivan Jardim Andrade,13222,PT,Vereador 2020,Chapadão do Céu,Não eleito,80,1,28,57,0
c0647,Lucinha,Maria Lucia Oliveira Evangelista Silva,13555,PT,Vereador 2020,Chapadão do Céu,Não eleito,42,1,36,57,0
c0648,Odair Chicao,Odair Surdi,13051,PT,Vereador 2020,Chapadão do Céu,Não eleito,119,1,19,57,0
c0649,Edilson Camargo,Edilson Camargo de Souza,13012,PT,Vereador 2020,Chapadão do Céu,Não eleito,23,1,41,57,0
c0650,Cassia Rodrigues,Cassia Rosa Rodrigues,13500,PT,Vereador 2020,Chapadão do Céu,Não eleito,10,1,52,57,0
c0651,Marcia Rosaria,Marcia Rosaria de Souza,13123,PT,Vereador 2020,Chapadão do Céu,Não eleito,1,1,57,57,0
c0652,Edivan Purga,Edivan Chernhak,13456,PT,Vereador 2020,Chapadão do Céu,Não eleito,19,1,44,57,0
c0653,Professor João Batista,João Batista Martins Nogueira,77369,SOLIDARIEDADE,Vereador 2020,Quirinópolis,Suplente,247,1,31,184,0
c0654,Didi Viana,Francisco Edivam Viana da Silva,13333,PT,Vereador 2020,Luziânia,Não eleito,329,1,80,413,0
c0655,Tia Vera,Vera Lucia Matos de Oliveira,13236,PT,Vereador 2020,Luziânia,Não eleito,46,1,273,413,0
c0656,Izaias do Tapa Buraco,Izaias da Silva,13111,PT,Vereador 2020,Luziânia,Não eleito,13,1,378,413,0
c0657,Wlanice Duarte,Wlanice de Souza Duarte,13313,PT,Vereador 2020,Luziânia,Não eleito,10,1,387,413,0
c0658,Dona Luiza do Parque X,Luiza Pereira de Souza,13613,PT,Vereador 2020,Luziânia,Não eleito,28,1,330,413,0
c0659,Paulo Brasil,Paulo Roberto de Queiroz Brasil,13133,PT,Vereador 2020,Luziânia,Não eleito,37,1,298,413,0
c0660,Carlos Vinicius,Carlos Vinicius de Aquino Ferreira,13123,PT,Vereador 2020,Luziânia,Não eleito,1,1,406,413,0
c0661,Claudiano do Espirito Santo,Claudiano do Espirito Santo Rocha,13062,PT,Vereador 2020,Luziânia,Não eleito,19,1,355,413,0
c0662,Professor Julio Saavedra,Julio Cesar Moreira Saavedra,13234,PT,Vereador 2020,Luziânia,Não eleito,173,1,123,413,0
c0663,Lucas Costa,Lucas da Costa Nascimento,13456,PT,Vereador 2020,Luziânia,Não eleito,123,1,150,413,0
c0664,Leandro do Esporte,Leandro Meireles de Sousa,13000,PT,Vereador 2020,Luziânia,Não eleito,38,1,295,413,0
c0665,Fábio Felix,Fábio Félix de Aquino,13888,PT,Vereador 2020,Luziânia,Não eleito,35,1,305,413,0
c0666,Francisco,Francisco Marcos Pereira de Souza,13100,PT,Vereador 2020,Luziânia,Não eleito,18,1,361,413,0
c0667,Délio Resende,Délio Resende de Abreu,13153,PT,Vereador 2020,Luziânia,Não eleito,44,1,278,413,0
c0668,Rosa,Rosimeire Santos da Silva,13513,PT,Vereador 2020,Luziânia,Não eleito,6,1,395,413,0
c0669,Tiãozinho do Lestte,Sebastião Cotrim Esteves,13332,PT,Vereador 2020,Luziânia,Não eleito,21,1,348,413,0
c0670,Washigton Miranda,Washington Luiz de Queiroz Miranda,13334,PT,Vereador 2020,Luziânia,Não eleito,52,1,258,413,0
c0671,Zion Cantor,Osion Ribeiro do Nascimento,13603,PT,Vereador 2020,Luziânia,Não eleito,27,1,335,413,0
c0672,Vanusa,Vanusa Evangelista Peixoto de Souza,13121,PT,Vereador 2020,Luziânia,Não eleito,25,1,338,413,0
c0673,Moreno Araujo,Lourenço da Silva Araujo,13555,PT,Vereador 2020,Luziânia,Não eleito,51,1,260,413,0
c0674,Alê Assunção,Linconl Alerrandro de Assunção,13777,PT,Vereador 2020,Luziânia,Não eleito,15,1,367,413,0
c0675,Tio Reinaldo,Reinaldo de Oliveira Silva,13999,PT,Vereador 2020,Luziânia,Não eleito,81,1,205,413,0
c0676,Afonso do Taxi,Afonso Vieira Barbosa,13644,PT,Vereador 2020,Luziânia,Não eleito,62,1,238,413,0
c0677,Janilson Mendes,Janilson Mendes de Lima,13223,PT,Vereador 2020,Luziânia,Não eleito,39,1,289,413,0
c0678,Professora Damasia,Damasia Mendes de Oliveira,13345,PT,Vereador 2020,Luziânia,Não eleito,22,1,344,413,0
c0679,Jô do Salão,Josina Maria Soares dos Santos,13550,PT,Vereador 2020,Luziânia,Não eleito,39,1,289,413,0
c0680,Joice Melo,Joice Aparecida de Melo,13013,PT,Vereador 2020,Luziânia,Não eleito,11,1,385,413,0
c0681,Professor Atenilton,Atenilton Oliveira da Silva,13222,PT,Vereador 2020,Luziânia,Não eleito,31,1,321,413,0
c0682,Isabel Cristina,Isabel Cristina dos Santos,13444,PT,Vereador 2020,Luziânia,Não eleito,38,1,295,413,0
c0683,Frank Fotografo,Frank Anselmo Lustosa Alencar,13040,PT,Vereador 2020,Luziânia,Não eleito,21,1,348,413,0
c0684,Cezar,Juber Cezar de Lima,12222,PDT,Vereador 2020,Minaçu,Não eleito,30,1,88,117,0
c0685,Tininin,Lindomar Inacio de Paulo,45222,PSDB,Vereador 2020,Minaçu,Suplente,140,1,38,117,0
c0686,Ana Paula,Ana Paula Pereira Campos,13555,PT,Vereador 2020,Campos Belos,Suplente,38,1,74,125,0
c0687,Luciana Beltrão,Luciana Amorim Beltrão,13456,PT,Vereador 2020,Campos Belos,Suplente,54,1,58,125,0
c0688,Ivan Almeida,Ivan Rodrigues de Almeida,13111,PT,Vereador 2020,Campos Belos,Eleito,194,1,10,125,0
c0689,Alisson Alves,Alisson Moreira Alves,13033,PT,Vereador 2020,Campos Belos,Suplente,53,1,60,125,0
c0690,Regilene Batista,Regilene Batista de Oliveira,13500,PT,Vereador 2020,Campos Belos,Suplente,48,1,64,125,0
c0691,Suely Magalhães,Suely Barbosa Magalhães,13333,PT,Vereador 2020,Campos Belos,Suplente,49,1,62,125,0
c0692,Denis Araujo,Denis Araújo Souza,13013,PT,Vereador 2020,Campos Belos,Suplente,73,1,50,125,0
c0693,Piaba do Barreirão,Francisco Raimundo Ribeiro,13123,PT,Vereador 2020,Campos Belos,Suplente,50,1,61,125,0
c0694,Prof Antonio,Antonio Ferreira Barbosa,13000,PT,Vereador 2020,Campos Belos,Suplente,152,1,18,125,0
c0695,Lucas Ribeiro,Lucas Ribeiro de Almeida,13103,PT,Vereador 2020,Orizona,Não eleito,75,1,37,59,0
c0696,Professora Ana Lúcia,Ana Lúcia Pereira Coelho,13013,PT,Vereador 2020,Orizona,Não eleito,164,1,24,59,0
c0697,Val de Souza,Valdira dos Santos Souza,13114,PT,Vereador 2020,Rio Verde,Não eleito,5,1,261,266,0
c0698,Alemão do Tênis,Weiler Barbosa Paula,13000,PT,Vereador 2020,Rio Verde,Não eleito,126,1,128,266,0
c0699,Adalberto Seg do Trabalho,Adalberto Divino da Silva,13500,PT,Vereador 2020,Rio Verde,Não eleito,38,1,215,266,0
c0700,Baianinho Caminhão Gaiola,Carílio Santos Dourado,13524,PT,Vereador 2020,Rio Verde,Não eleito,40,1,211,266,0
c0701,Ildemar,Ildemar Rodrigues de Sousa,13690,PT,Vereador 2020,Rio Verde,Não eleito,5,1,261,266,0
c0702,Zafá da Serpro,Josafá das Neves Moraes,13555,PT,Vereador 2020,Rio Verde,Não eleito,43,1,205,266,0
c0703,Reginaldo Rufino,Reginaldo Rufino Marques,13123,PT,Vereador 2020,Rio Verde,Não eleito,83,1,158,266,0
c0704,Reginaldo Pires Regis,José Reginaldo Rodovalho Pires,13013,PT,Vereador 2020,Rio Verde,Não eleito,15,1,252,266,0
c0705,Marcelino,Marcelino Ferreira Rodrigues,13444,PT,Vereador 2020,Rio Verde,Não eleito,60,1,182,266,0
c0706,Loiola da Autoescola,Raimundo Martins de Loiola Filho,13131,PT,Vereador 2020,Rio Verde,Não eleito,136,1,125,266,0
c0707,Manoelito,Manoel Nascimento Fonseca Filho,13333,PT,Vereador 2020,Rio Verde,Não eleito,48,1,196,266,0
c0708,Professor Fábio Ferreira,Fábio Ferreira Borges,13777,PT,Vereador 2020,Rio Verde,Não eleito,49,1,193,266,0
c0709,Alessandra,Alessandra Moraes Pereira,13300,PT,Vereador 2020,Rio Verde,Não eleito,4,1,264,266,0
c0710,Professor Danilo Muranga,Danilo Silva Martins,13301,PT,Vereador 2020,Rio Verde,Não eleito,308,1,79,266,0
c0711,Giselle Guimaraes,Giselle Guimaraes Oliveira,13001,PT,Vereador 2020,Rio Verde,Não eleito,25,1,242,266,0
c0712,Adriana Cristina,Adriana Cristina Ramos,13599,PT,Vereador 2020,Rio Verde,Não eleito,97,1,144,266,0
c0713,Antonio Coutinho,Antonio Coutinho Barros Filho,13011,PT,Vereador 2020,Rio Verde,Não eleito,81,1,159,266,0
c0714,Nilva,Nilva Machado Costa,13111,PT,Vereador 2020,Rio Verde,Não eleito,31,1,226,266,0
c0715,Ismael Rosa,Ismael Belarmino Rosa,45380,PSDB,Vereador 2020,Catalão,Suplente,42,1,148,210,0
c0716,Rosa Monica,Rosa Monica Apolinario Ferreira,13013,PT,Vereador 2020,Ipameri,Não eleito,12,1,113,136,0
c0717,Flavio Dias,Flavio Fernandes Dias,13000,PT,Vereador 2020,Ipameri,Não eleito,131,1,33,136,0
c0718,Dedezao dos Assentamentos,Jose Ferreira Luna,22000,PL,Vereador 2020,Flores de Goiás,Suplente,54,1,25,78,0
c0719,Quiton,Quiton Vilas Boas Costa,25888,DEM,Vereador 2020,Flores de Goiás,Suplente,40,1,32,78,0
c0720,Ubirajara Vidal,Ubirajara Vidal Cunha,13137,PT,Vereador 2020,Valparaíso de Goiás,Não eleito,12,1,324,363,0
c0721,Alfredo Alves,Alfredo Alves de Sousa,13888,PT,Vereador 2020,Valparaíso de Goiás,Não eleito,8,1,339,363,0
c0722,Irmão Israel,Israel Licar Prazeres,13011,PT,Vereador 2020,Valparaíso de Goiás,Não eleito,29,1,268,363,0
c0723,Claudia Maria,Claudia Maria dos Santos Ferreira,13111,PT,Vereador 2020,Valparaíso de Goiás,Não eleito,50,1,203,363,0
c0724,Professor Francisco,Francisco Raimundo Rodrigues Fernandes,13001,PT,Vereador 2020,Valparaíso de Goiás,Não eleito,12,1,324,363,0
c0725,Sandra Luz,Sandra Lucia da Luz,13222,PT,Vereador 2020,Valparaíso de Goiás,Não eleito,7,1,342,363,0
c0726,Dany Brunetto,Daniela Morhy Brunetto,13291,PT,Vereador 2020,Valparaíso de Goiás,Não eleito,4,1,349,363,0
c0727,Daniella Bergamaschi,Daniella Bergamaschi Araújo,13613,PT,Vereador 2020,Valparaíso de Goiás,Não eleito,190,1,81,363,0
c0728,Aroldo Lima,Aroldo Pereira Lima Silva,13123,PT,Vereador 2020,Valparaíso de Goiás,Não eleito,8,1,339,363,0
c0729,Odair Firmino,Odair Firmino de Sousa,13100,PT,Vereador 2020,Valparaíso de Goiás,Não eleito,31,1,258,363,0
c0730,Professora Socorro,Maria do Socorro da Silva de Jesus,13000,PT,Vereador 2020,Valparaíso de Goiás,Não eleito,267,1,60,363,0
c0731,Dr Joaquim,Jose Joaquim da Silva Filho,13700,PT,Vereador 2020,Valparaíso de Goiás,Não eleito,15,1,317,363,0
c0732,Professora Val,Valdene Ferreira de Sousa,13013,PT,Vereador 2020,Valparaíso de Goiás,Não eleito,65,1,175,363,0
c0733,Lizanildo Rodrigues,Lizanildo Rodrigues de Sousa,13456,PT,Vereador 2020,Valparaíso de Goiás,Não eleito,387,1,43,363,0
c0734,Celiana Custódio,Celiana Custódio da Silva,13115,PT,Vereador 2020,Valparaíso de Goiás,Não eleito,174,1,87,363,0
c0735,Alberto Santos,Alberto Oliveira Santos,13133,PT,Vereador 2020,Valparaíso de Goiás,Não eleito,49,1,206,363,0
c0736,Professora Olízia,Olízia Alves de Matos Silva,13113,PT,Vereador 2020,Valparaíso de Goiás,Não eleito,159,1,92,363,0
c0737,Tanarrê,Renata Ferreira,13443,PT,Vereador 2020,Valparaíso de Goiás,Não eleito,119,1,110,363,0
c0738,Flávio Pereira,Flávio Pereira da Silva,13156,PT,Vereador 2020,Valparaíso de Goiás,Não eleito,12,1,324,363,0
c0739,Ambrozio Nascimento,Ambrozio Oliveira do Nascimento,13131,PT,Vereador 2020,Valparaíso de Goiás,Não eleito,62,1,180,363,0
c0740,Lú Maranhense,Luziana Maria da Cruz Silva,15000,MDB,Vereador 2020,Maurilândia,Suplente,35,1,31,47,0
c0741,Zé do Raio X,Jose Leibntz Cardoso,13505,PT,Vereador 2020,Itapuranga,Suplente,83,1,50,88,0
c0742,Cristina Assistente Social,Maria Cristina de Oliveira,13100,PT,Vereador 2020,Itapuranga,Suplente,87,1,49,88,0
c0743,Divina da Igreja,Divina dos Reis Sousa,13333,PT,Vereador 2020,Itapuranga,Suplente,96,1,43,88,0
c0744,Branco da Oi,Cilemar Viana de Melo,13888,PT,Vereador 2020,Itapuranga,Suplente,92,1,46,88,0
c0745,Selma da Campininha,Selma Maria Gondim Cardoso Rodrigues,13133,PT,Vereador 2020,Itapuranga,Suplente,76,1,53,88,0
c0746,Cida do Baiano,Maria Aparecida Rangel de Carvalho,13022,PT,Vereador 2020,Itapuranga,Suplente,54,1,60,88,0
c0747,Professor Luciano Queiroz,Luciano Gonçalves de Queiroz,13123,PT,Vereador 2020,Itapuranga,Eleito,330,1,14,88,0
c0748,Josimar Coelho,Josimar Rodrigues Coelho,13331,PT,Vereador 2020,Itapuranga,Suplente,217,1,26,88,0
c0749,Vilmarzinho Reis,Vilmar dos Reis de Oliveira,13000,PT,Vereador 2020,Itapuranga,Eleito,387,1,11,88,0
c0750,Frazão da Dicasa,Divino Frazao da Silva,13111,PT,Vereador 2020,Itapuranga,Suplente,158,1,32,88,0
c0751,Oséias Marcos,Oseias Marcos Aleixo da Silva,13313,PT,Vereador 2020,Itapuranga,Suplente,48,1,64,88,0
c0752,Tiãozinho Imila,Sebastiao Vicente Fernandes,13777,PT,Vereador 2020,Itapuranga,Suplente,253,1,23,88,0
c0753,Reginaldo Pedreiro,Reginaldo Alves da Silva,13666,PT,Vereador 2020,Itapuranga,Suplente,61,1,56,88,0
c0754,Lucas (Pituca),Lucas Santiago da Silva,13013,PT,Vereador 2020,Itapuranga,Suplente,22,1,81,88,0
c0755,Professora Valdira,Valdira Aparecida da Silva Fonseca,13555,PT,Vereador 2020,Itapuranga,Suplente,53,1,62,88,0
c0756,Maria Célia Ex-Conselheira,Maria Celia Rodrigues Pitombeira,13444,PT,Vereador 2020,Itapuranga,Suplente,59,1,59,88,0
c0757,Tavinho,Otavio Tadeu Miranda Ferreira,13330,PT,Vereador 2020,Itapuranga,Suplente,111,1,42,88,0
c0758,Toninho do Peixe,Antonio Machado de Almeida,13333,PT,Vereador 2020,Uruaçu,Não eleito,53,1,103,201,0
c0759,Pastor Vicente,Vicente de Paula Ares da Silva,13002,PT,Vereador 2020,Uruaçu,Não eleito,11,1,175,201,0
c0760,Gaguinho Serralheiro,Vanilton da Guia Souza,13122,PT,Vereador 2020,Uruaçu,Não eleito,153,1,41,201,0
c0761,Zorão,Valmi Mateus da Fonseca,13013,PT,Vereador 2020,Uruaçu,Não eleito,126,1,50,201,0
c0762,Ivania Carozo,Ivania Carozo,13456,PT,Vereador 2020,Uruaçu,Não eleito,73,1,82,201,0
c0763,Silvino Bananeiro,Silvino Silva dos Santos,13053,PT,Vereador 2020,Uruaçu,Não eleito,13,1,169,201,0
c0764,Natalicia,Natalicia Alves Cardoso,13444,PT,Vereador 2020,Uruaçu,Não eleito,9,1,182,201,0
c0765,Cida Reis,Aparecida Vieira dos Reis,13666,PT,Vereador 2020,Uruaçu,Não eleito,3,1,199,201,0
c0766,Gislene,Gislene Luis da Silva,13555,PT,Vereador 2020,Uruaçu,Não eleito,76,1,81,201,0
c0767,Delso do Funil,Delcivan Araujo dos Santos,13213,PT,Vereador 2020,Uruaçu,Não eleito,18,1,156,201,0
c0768,Bruno do Gás,Bruno Gonçalves Leite,13190,PT,Vereador 2020,Uruaçu,Não eleito,77,1,79,201,0
c0769,Pacifico,Jose Pacifico de Vasconcelos,13123,PT,Vereador 2020,Uruaçu,Não eleito,21,1,150,201,0
c0770,Divino Peixoto,Valdivino Alves Peixoto,13222,PT,Vereador 2020,Uruaçu,Não eleito,27,1,136,201,0
c0771,Zezão,Jose Dias de Sousa,13007,PT,Vereador 2020,Uruaçu,Não eleito,7,1,186,201,0
c0772,Ludimila,Ludimila Martins de Castro,13315,PT,Vereador 2020,Uruaçu,Não eleito,12,1,174,201,0
c0773,Tito,Adrielsom Moura Tito,13489,PT,Vereador 2020,Uruaçu,Não eleito,13,1,169,201,0
c0774,Neguinho do Ônibus,José Euclides Morais dos Santos,13015,PT,Vereador 2020,Uruaçu,Não eleito,13,1,169,201,0
c0775,Jorge Braga,Jorge Braga dos Passos,13777,PT,Vereador 2020,Uruaçu,Não eleito,19,1,154,201,0
c0776,Antonio Eckert,Antonio Ricardo Eckert,13014,PT,Vereador 2020,Uruaçu,Não eleito,40,1,122,201,0
c0777,Leticia Garces,Leticia Garces de Souza,13456,PT,Vereador 2020,Goiás,Suplente,66,1,46,127,0
c0778,Elenízia da Mata,Elenízia da Mata de Jesus,13100,PT,Vereador 2020,Goiás,Eleito,476,1,6,127,0
c0779,Professora Iolanda Aquino,Iolanda Divina de Aquino Leite,13333,PT,Vereador 2020,Goiás,Suplente,441,1,8,127,0
c0780,Alberico Moreira,Alberico Luiz Moreira Filho,13222,PT,Vereador 2020,Goiás,Suplente,152,1,29,127,0
c0781,Professor Hélio de Deus,Hélio de Deus Ferreira,13001,PT,Vereador 2020,Goiás,Suplente,108,1,38,127,0
c0782,Zé Ferreira,José Ferreira dos Santos,13555,PT,Vereador 2020,Goiás,Suplente,16,1,98,127,0
c0783,Rander Kardec - Randinho,Rander Kardec de Bastos Bueno,13013,PT,Vereador 2020,Goiás,Suplente,222,1,20,127,0
c0784,Cristina Torres,Cristina Ferraz da Silva Torres,13200,PT,Vereador 2020,Goiás,Suplente,7,1,118,127,0
c0785,Claudinho da Auto-Escola,Claudio Marcos Alves de Oliveira,13121,PT,Vereador 2020,Goiás,Suplente,7,1,118,127,0
c0786,Branco da Oficina,Dorvalino Modesto de Souza,13999,PT,Vereador 2020,Goiás,Suplente,18,1,95,127,0
c0787,Judith,Judith Francisca de Oliveira,13313,PT,Vereador 2020,Goiás,Suplente,15,1,99,127,0
c0788,Aguinel,Aguinel Lourenço da Fonseca Filho,13123,PT,Vereador 2020,Goiás,Eleito,593,1,2,127,0
c0789,Jânio da Propaganda,Jânio Silva Roriz,13111,PT,Vereador 2020,Goiás,Suplente,152,1,29,127,0
c0790,Tiago Galvão,Tiago Rogrigues Galvão,13000,PT,Vereador 2020,Goiás,Suplente,37,1,72,127,0
c0791,Fausto Aquino,Fausto Aquino Neto,13133,PT,Vereador 2020,Goiânia,Suplente,50,1,721,873,0
c0792,Sargento Silvério,Weligton Silverio Ferreira,13190,PT,Vereador 2020,Goiânia,Suplente,219,1,380,873,0
c0793,Tiãozinho da Fegip,Sebastiao Ferreira da Silva,13200,PT,Vereador 2020,Goiânia,Suplente,49,1,724,873,0
c0794,Carlos Soares,Carlos Antonio Soares,13013,PT,Vereador 2020,Goiânia,Suplente,1004,1,126,873,0
c0795,Mauro Rubem,Mauro Rubem de Menezes Jonas,13680,PT,Vereador 2020,Goiânia,Eleito,3608,1,23,873,0
c0796,Professor Claudinei França,Claudinei Souza França,13777,PT,Vereador 2020,Goiânia,Suplente,153,1,472,873,0
c0797,Bruna Ferreira,Bruna Ferreira da Silva,13313,PT,Vereador 2020,Goiânia,Suplente,207,1,392,873,0
c0798,Advogado Marcio Siqueira,Marcio Siqueira Ferreira,13789,PT,Vereador 2020,Goiânia,Suplente,877,1,144,873,0
c0799,Daniel Mendes,Daniel Mendes da Silva,13222,PT,Vereador 2020,Goiânia,Suplente,348,1,285,873,0
c0800,Emerson Salsisha,Emerson Soares Moreira,13111,PT,Vereador 2020,Goiânia,Suplente,188,1,421,873,0
c0801,Katia,Katia Maria dos Santos,13147,PT,Vereador 2020,Goiânia,Suplente,2023,1,58,873,0
c0802,Cipriano,Euripedes Cipriano Mota,13131,PT,Vereador 2020,Goiânia,Suplente,1251,1,99,873,0
c0803,Rodrigo Bola,Rodrigo Fernandes,13567,PT,Vereador 2020,Goiânia,Suplente,32,1,786,873,0
c0804,Professor Everton Junio,Everton Junio Costa,13500,PT,Vereador 2020,Goiânia,Suplente,201,1,405,873,0
c0805,Sandro Salamanca,Sandro Pereira,13123,PT,Vereador 2020,Goiânia,Suplente,453,1,249,873,0
c0806,Ademar Soares,Ademar Rodrigues Soares,13888,PT,Vereador 2020,Goiânia,Suplente,12,1,847,873,0
c0807,Lúcia Darck,Lúcia Darck Graciana Pereira,13137,PT,Vereador 2020,Goiânia,Suplente,44,1,736,873,0
c0808,Dorinha Silva,Maria das Dores da Silva,13151,PT,Vereador 2020,Goiânia,Suplente,74,1,639,873,0
c0809,Wyllen Rodrigues,Wyllen Rik Rodrigues,13999,PT,Vereador 2020,Goiânia,Suplente,46,1,727,873,0
c0810,Mariza Moura,Mariza Moura do Nascimento,13788,PT,Vereador 2020,Goiânia,Suplente,179,1,433,873,0
c0811,Sonia Cleide,Sonia Cleide Ferreira da Silva,13753,PT,Vereador 2020,Goiânia,Suplente,1130,1,111,873,0
c0812,Professor Nelson,Nelson Soares dos Santos,13345,PT,Vereador 2020,Goiânia,Suplente,87,1,612,873,0
c0813,Sueza,Sueza Abadia de Souza Oliveira,13100,PT,Vereador 2020,Goiânia,Suplente,1009,1,124,873,0
c0814,Cleide Fernandes,Cleide Fernandes Pires Antunes,13006,PT,Vereador 2020,Goiânia,Suplente,70,1,649,873,0
c0815,Chris Souza,Christhiane Souza da Silva,13513,PT,Vereador 2020,Goiânia,Suplente,202,1,403,873,0
c0816,Mateus,Mateus Ferreira da Silva,13600,PT,Vereador 2020,Goiânia,Suplente,913,1,138,873,0
c0817,Rosalina,Maria Rosalina da Silva Paula,13678,PT,Vereador 2020,Goiânia,Suplente,114,1,544,873,0
c0818,Walcy Calixto,Walcy Calixto Vieira,13444,PT,Vereador 2020,Goiânia,Suplente,85,1,617,873,0
c0819,Joao da Banana,Joao Gualberto Carneiro de Sousa,13505,PT,Vereador 2020,Goiânia,Suplente,55,1,708,873,0
c0820,Rozemar Sena,Rozemar de Sena Ferreira,13113,PT,Vereador 2020,Goiânia,Suplente,43,1,739,873,0
c0821,Izabelzinha,Izabel Teixeira Campos,13803,PT,Vereador 2020,Goiânia,Suplente,466,1,246,873,0
c0822,Alexandre Serrinha,Alexandre Moreira da Silva,19000,PODE,Vereador 2020,Guapó,Eleito,140,1,17,110,0
c0823,Caio Guerra,Caio Nones Santos Guerra,15222,MDB,Vereador 2020,Goiandira,Suplente,76,1,19,38,0
c0824,Vinicius Messias,Vinicius Messias da Silva,13765,PT,Vereador 2020,Crixás,Não eleito,37,1,61,107,0
c0825,Amos Maciel,Amos Francisco Maciel,13153,PT,Vereador 2020,Crixás,Não eleito,15,1,74,107,0
c0826,Tiaozinho da Ambulância,Sebastião Machado Barbosa,13444,PT,Vereador 2020,Crixás,Não eleito,91,1,39,107,0
c0827,Wytenberg Leopol Corvara Msg,Wytenberg Leopoldino da Silva,13123,PT,Vereador 2020,Crixás,Não eleito,69,1,49,107,0
c0828,Hilma do Carmo da Farmacia,Hilma do Carmo Adornel,13131,PT,Vereador 2020,Crixás,Não eleito,45,1,59,107,0
c0829,Paula Maisa,Paula Maisa Almeida Pimentel,13321,PT,Vereador 2020,Crixás,Não eleito,9,1,83,107,0
c0830,Jovelino do Mst,Jovelino Xavier dos Santos,13222,PT,Vereador 2020,Crixás,Não eleito,14,1,77,107,0
c0831,Tito,Enival Barbosa de Assis,13555,PT,Vereador 2020,Crixás,Não eleito,86,1,42,107,0
c0832,Rildo Tavares,Rildo Macedo Tavares,13111,PT,Vereador 2020,Crixás,Não eleito,105,1,31,107,0
c0833,Volmir Zanatto,Volmir de Oliveira Zanatto,13333,PT,Vereador 2020,Crixás,Não eleito,159,1,20,107,0
c0834,Bispo Reginaldo Silva,Reginaldo Monteiro Mendonça da Silva,13789,PT,Vereador 2020,Minaçu,Não eleito,43,1,72,117,0
c0835,Manoel Valdemy,Manoel Valdemy Macedo,13123,PT,Vereador 2020,Minaçu,Não eleito,32,1,82,117,0
c0836,Professora Rosa Barbosa,Rosa Barbosa Coelho,13105,PT,Vereador 2020,Minaçu,Não eleito,23,1,95,117,0
c0837,Professor Emival,Emival Lemes Filho,13100,PT,Vereador 2020,Fazenda Nova,Não eleito,49,1,25,61,0
c0838,Rômulo Gringo,Rômulo José Alves de Oliveira,13111,PT,Vereador 2020,Fazenda Nova,Não eleito,104,1,18,61,0
c0839,Weliton Borges,Divino Weliton Borges Justino,13188,PT,Vereador 2020,Fazenda Nova,Não eleito,37,1,31,61,0
c0840,Dilurdes dos Três Marcos,Maria de Lurdes Gomes do Nascimento,13113,PT,Vereador 2020,Fazenda Nova,Não eleito,8,1,51,61,0
c0841,Elza Maria,Elza Maria de Resende,13110,PT,Vereador 2020,Fazenda Nova,Não eleito,29,1,36,61,0
c0842,Cristiane do Sindicato,Cristiane Maria da Costa,13600,PT,Vereador 2020,Pontalina,Não eleito,45,1,52,79,0
c0843,Joãozão do Sindicato,Joao Inacio Dutra Neto,13200,PT,Vereador 2020,Pontalina,Não eleito,94,1,31,79,0
c0844,Coracy Muniz,Coracy da Costa Muniz,13500,PT,Vereador 2020,Pontalina,Não eleito,38,1,55,79,0
c0845,Professora Railda,Maria Railda da Conceição Oliveira,77123,SOLIDARIEDADE,Vereador 2020,Santo Antônio do Descoberto,Não eleito,28,1,167,281,0
c0846,Evânia Felix,Evânia Felix de Souza Rocha,13222,PT,Vereador 2020,Goianésia,Não eleito,44,1,155,224,0
c0847,Lucas Rocha,Lucas Ferreira de Souza Rocha,13111,PT,Vereador 2020,Goianésia,Não eleito,53,1,147,224,0
c0848,Edvanio Ventania,Edvanio Ferreira de Alexandria,13717,PT,Vereador 2020,Goianésia,Não eleito,19,1,198,224,0
c0849,Valduir Duilson,Valduir da Penha Gomes,13123,PT,Vereador 2020,Goianésia,Não eleito,56,1,141,224,0
c0850,Ronair do Tempero Cali,Ronair Mendes Barreto,13000,PT,Vereador 2020,Goianésia,Não eleito,21,1,195,224,0
c0851,Eldo Pereira,Eldo Pereira,13155,PT,Vereador 2020,Goianésia,Não eleito,67,1,123,224,0
c0852,Dona Zefa,Josefa do Rosário Martins,13166,PT,Vereador 2020,Goianésia,Não eleito,13,1,207,224,0
c0853,João Bosco,João Bosco Eleutério,13124,PT,Vereador 2020,Goianésia,Não eleito,56,1,141,224,0
c0854,Ribamar,Antônio Ribamar Rodrigues Mascarenhas,13553,PT,Vereador 2020,Senador Canedo,Não eleito,6,1,298,325,0
c0855,Amado Batista  Cover,Antônio Cardoso da Silva,13456,PT,Vereador 2020,Senador Canedo,Não eleito,28,1,227,325,0
c0856,Rosilene Marta Agente de Saúde,Rosilene Marta da Silva,13111,PT,Vereador 2020,Senador Canedo,Não eleito,7,1,295,325,0
c0857,Renato Cardoso,Renato Cardoso Neiva,13013,PT,Vereador 2020,Senador Canedo,Não eleito,70,1,157,325,0
c0858,Robson,Robson Oliveira dos Santos,13100,PT,Vereador 2020,Senador Canedo,Não eleito,40,1,194,325,0
c0859,Prof. Renato Mendes,Renato Mendes de Oliveira,13600,PT,Vereador 2020,Senador Canedo,Não eleito,13,1,275,325,0
c0860,Carla Cristina,Carla Cristina Araújo Muniz,13321,PT,Vereador 2020,Senador Canedo,Não eleito,7,1,295,325,0
c0861,Jiló Bira Posseiro,Ubiramar Rocha,13222,PT,Vereador 2020,Senador Canedo,Não eleito,6,1,298,325,0
c0862,Neide da Fisioterapia,Neide da Costa Oliveira,13033,PT,Vereador 2020,Senador Canedo,Não eleito,23,1,240,325,0
c0863,Chaveiro Novais,Vanderlei Batista Novais,13700,PT,Vereador 2020,Senador Canedo,Não eleito,34,1,213,325,0
c0864,Alexandre Mudinho,Alexandre Granja,13555,PT,Vereador 2020,Senador Canedo,Não eleito,12,1,279,325,0
c0865,Chico Locutor,Francisco Alves de Souzais,13400,PT,Vereador 2020,Senador Canedo,Não eleito,30,1,221,325,0
c0866,Marta Ramos,Maria Marta Ramos da Silva,13113,PT,Vereador 2020,Senador Canedo,Não eleito,26,1,235,325,0
c0867,Flavio Santos,Flavio Antônio dos Santos,13333,PT,Vereador 2020,Senador Canedo,Não eleito,23,1,240,325,0
c0868,Marlene Cavalcante,Marlene Cavalcante de Sousa Tertuliano,13330,PT,Vereador 2020,Terezópolis de Goiás,Não eleito,1,1,62,63,0
c0869,Moises,Moises de Oliveira,13456,PT,Vereador 2020,Terezópolis de Goiás,Não eleito,32,1,28,63,0
c0870,Wilmar Despachante,Wilmar Balduino da Silva,13123,PT,Vereador 2020,Terezópolis de Goiás,Não eleito,81,1,17,63,0
c0871,Marcos Nalin,Marcos Antonio Caliman Nalin,13333,PT,Vereador 2020,Terezópolis de Goiás,Não eleito,10,1,49,63,0
c0872,Professora Manuela,Maria Aparecida Amaral Sobrinho,13215,PT,Vereador 2020,Terezópolis de Goiás,Não eleito,156,1,11,63,0
c0873,Ivana Paula,Ivana Paula de Almeida,13000,PT,Vereador 2020,Jussara,Não eleito,65,1,44,114,0
c0874,Samuel Coelho,Samuel Pereira Coelho,13123,PT,Vereador 2020,Jussara,Não eleito,18,1,98,114,0
c0875,Jessulino Andrade Nen do Beg,Jessulino Fonseca de Andrade,13100,PT,Vereador 2020,Jussara,Não eleito,30,1,83,114,0
c0876,Santos Castanhal,Orfileno Santos,13888,PT,Vereador 2020,Aparecida de Goiânia,Não eleito,49,1,458,617,0
c0877,Ceris Guedes,Ceris Pereira Guedes dos Santos,13444,PT,Vereador 2020,Aparecida de Goiânia,Não eleito,38,1,493,617,0
c0878,Professor Ely Correa,Ely Correa de Barros,13013,PT,Vereador 2020,Aparecida de Goiânia,Não eleito,110,1,333,617,0
c0879,Carlito,Carlos Machado Borges,13999,PT,Vereador 2020,Aparecida de Goiânia,Não eleito,39,1,487,617,0
c0880,Daniela Moura,Daniela Moreira Moura Montovani,13615,PT,Vereador 2020,Aparecida de Goiânia,Não eleito,697,1,77,617,0
c0881,Léo do Pastel,Leonisio Rodrigues de Miranda,13777,PT,Vereador 2020,Aparecida de Goiânia,Não eleito,19,1,555,617,0
c0882,Juliana Andressa,Juliana Andressa Ribeiro de Souza,13660,PT,Vereador 2020,Aparecida de Goiânia,Não eleito,64,1,405,617,0
c0883,Marizan da Silva,Marizan Luis da Silva,13555,PT,Vereador 2020,Aparecida de Goiânia,Não eleito,305,1,159,617,0
c0884,Israel Vieira,Israel Luiz Vieira,13159,PT,Vereador 2020,Aparecida de Goiânia,Não eleito,59,1,426,617,0
c0885,Braga,Jair Braga de Freitas,13100,PT,Vereador 2020,Aparecida de Goiânia,Não eleito,530,1,95,617,0
c0886,Toninho do Pt,Antonio Carlos Gomes,13123,PT,Vereador 2020,Aparecida de Goiânia,Não eleito,119,1,314,617,0
c0887,Marquinho Marceneiro,Marcos Silva Araujo,13201,PT,Vereador 2020,Aparecida de Goiânia,Não eleito,79,1,372,617,0
c0888,Romulo Barbosa,Romulo Barbosa Rodrigues,13678,PT,Vereador 2020,Aparecida de Goiânia,Não eleito,28,1,520,617,0
c0889,Joãozinho Igualdade,Joao Batista Ribeiro de Oliveira,13456,PT,Vereador 2020,Aparecida de Goiânia,Não eleito,307,1,157,617,0
c0890,Waldecy Calyxto,Waldecy Calixto Vieira,13131,PT,Vereador 2020,Aparecida de Goiânia,Não eleito,10,1,584,617,0
c0891,Alinne Porfirio,Alinne Porfirio de Sousa,13222,PT,Vereador 2020,Aparecida de Goiânia,Não eleito,361,1,136,617,0
c0892,Eroaston Lino,Eroaston Lino dos Reis,13333,PT,Vereador 2020,Aparecida de Goiânia,Não eleito,11,1,579,617,0
c0893,Dr Willian Idelfonso,Willian Idelfonso Ferreira,25444,DEM,Vereador 2020,Águas Lindas de Goiás,Suplente,522,1,43,343,0
c0894,Luciana Sousa,Luciana Correia Sousa,13123,PT,Vereador 2020,São Miguel do Araguaia,Não eleito,26,1,81,121,0
c0895,Keyla  Pa  Campo Alegre,Keyla Ribeiro de Sousa,13000,PT,Vereador 2020,São Miguel do Araguaia,Não eleito,19,1,91,121,0
c0896,Zeni Rodrigues,Zeni Rodrigus de Souza,13286,PT,Vereador 2020,São Miguel do Araguaia,Não eleito,6,1,114,121,0
c0897,Marcio Wanderlei,Marcio Wanderlei Pereira dos Santos,13222,PT,Vereador 2020,São Miguel do Araguaia,Não eleito,14,1,102,121,0
c0898,Marcos Kotta,Marcos Jose da Silva,13014,PT,Vereador 2020,São Miguel do Araguaia,Não eleito,106,1,43,121,0
c0899,Jaquenilde,Jaquenilde Alves da Rocha,13777,PT,Vereador 2020,São Miguel do Araguaia,Não eleito,8,1,112,121,0
c0900,Dona Leda,Francelina Araujo Leal,13444,PT,Vereador 2020,São Miguel do Araguaia,Não eleito,6,1,114,121,0
c0901,Zilda Amélia,Zilda Amelia da Silva,13300,PT,Vereador 2020,São Miguel do Araguaia,Não eleito,17,1,98,121,0
c0902,Rosirene Mota,Rosirene Mota dos Santos,13013,PT,Vereador 2020,São Miguel do Araguaia,Não eleito,3,1,120,121,0
c0903,Divino Alves,Divino Alves da Cunha,13001,PT,Vereador 2020,São Miguel do Araguaia,Não eleito,1,1,121,121,0
c0904,Alcemi Potência,Alcemi Rodrigues de Lima,20234,PSC,Vereador 2020,Itarumã,Suplente,32,1,28,42,0
c0905,Aparecida Ferreira,Aparecida Ferreira Rosa,20777,PSC,Vereador 2020,Itarumã,Suplente,14,1,33,42,0
c0906,Elsivane Vergino,Elsivane Vergino da Costa,13222,PT,Vereador 2020,Aurilândia,Não eleito,16,1,42,57,0
c0907,Vanusa Neta do João Severo,Vanusa Modesto de Sousa Alves,13333,PT,Vereador 2020,Aurilândia,Não eleito,55,1,16,57,0
c0908,Manoel Rodovalho da Feira,Manoel Luiz Rodovalho,13444,PT,Vereador 2020,Aurilândia,Não eleito,29,1,30,57,0
c0909,Elcilene Cardoso,Elcilene Cardoso da Silva Moraes,13555,PT,Vereador 2020,Aurilândia,Não eleito,38,1,22,57,0
c0910,Luiz Valdo,Luiz Valdo Sanchos Rodrigues,15789,MDB,Vereador 2020,São Francisco de Goiás,Suplente,47,1,29,60,0
c0911,Professora Irlene,Irlene Antonia dos Santos,13456,PT,Vereador 2020,São Francisco de Goiás,Não eleito,7,1,56,60,0
c0912,Marinho do Pt,Edimar Siqueira Macedo,13123,PT,Vereador 2020,São Francisco de Goiás,Não eleito,22,1,41,60,0
c0913,Thiago Barcemengo,Thiago Claudiano de Lima,45888,PSDB,Vereador 2020,São Francisco de Goiás,Suplente,103,1,11,60,0
c0914,Professor Rogério,Rogerio Pereira de Lira,13456,PT,Vereador 2020,Vila Boa,Suplente,6,1,54,63,0
c0915,Jamel,Edir Ribeiro da Costa,13113,PT,Vereador 2020,Vila Boa,Suplente,11,1,49,63,0
c0916,Miguel,Miguel Vieira de Souza,13000,PT,Vereador 2020,Vila Boa,Suplente,55,1,19,63,0
c0917,Lucas Doce,Lucas Ferreira de Sousa,13123,PT,Vereador 2020,Vila Boa,Suplente,29,1,37,63,0
c0918,Cleide da Saúde,Cleidiane Gualberto da Silva,13111,PT,Vereador 2020,Vila Boa,Eleito,66,1,15,63,0
c0919,Tita de Boaventura,Rosélia da Silva Leite,13333,PT,Vereador 2020,Vila Boa,Suplente,27,1,39,63,0
c0920,Joaninha de Francinha,Joana Ribeiro dos Santos,13222,PT,Vereador 2020,Vila Boa,Suplente,37,1,30,63,0
c0921,Sandro Dantas,Sandro Araujo Dantas,17259,PSL,Vereador 2020,Vila Boa,Não eleito,15,1,44,63,0
c0922,José Sobrinho,Jose Ferreira Sobrinho,13131,PT,Vereador 2020,Porangatu,Não eleito,26,1,145,184,0
c0923,Wanessa Beltrao,Wanessa Kelly Beltrao Zoccoli,13333,PT,Vereador 2020,Porangatu,Não eleito,31,1,140,184,0
c0924,Luciene,Luciene Rosa de Souza,13000,PT,Vereador 2020,Porangatu,Não eleito,15,1,168,184,0
c0925,Marcio do Ii Grau,Marcio Tulio Ferreira de Morais,13013,PT,Vereador 2020,Porangatu,Não eleito,45,1,121,184,0
c0926,Marcio Pedreiro,Marcirleide Ribeiro de Souza,13130,PT,Vereador 2020,Porangatu,Não eleito,80,1,83,184,0
c0927,Zé Alves do Esporte,José Alves dos Santos,13123,PT,Vereador 2020,Porangatu,Não eleito,4,1,182,184,0
c0928,Zezito Lins,José Zezito Lins,13130,PT,Vereador 2020,Formosa,Suplente,50,1,199,312,0
c0929,Jorginho da Pizzaria,Jorge Santos do Rego,13713,PT,Vereador 2020,Formosa,Suplente,31,1,236,312,0
c0930,Saint Clair,Saint Clair Pitangui Filho,13213,PT,Vereador 2020,Formosa,Suplente,10,1,281,312,0
c0931,Zelão da Água Viva,Valter Ferreira de Sousa,13678,PT,Vereador 2020,Formosa,Suplente,20,1,262,312,0
c0932,Ronaldo Rodrigues,Ronaldo Rodrigues da Silva,13333,PT,Vereador 2020,Formosa,Suplente,42,1,211,312,0
c0933,Fernando Sucury,Fernando Maciel,13357,PT,Vereador 2020,Formosa,Suplente,11,1,278,312,0
c0934,Eduardo Fegoso,Eduardo Felipe Gomes de Sousa,13123,PT,Vereador 2020,Formosa,Suplente,149,1,99,312,0
c0935,Leydiellen Aguiar,Leydiellen Rodrigues de Aguiar,13133,PT,Vereador 2020,Formosa,Suplente,84,1,159,312,0
c0936,Nairton,Nairton Gomes Pereira dos Santos,13725,PT,Vereador 2020,Formosa,Suplente,21,1,257,312,0
c0937,Welio de Iraci Chegou,Welio Antônio da Silva,13190,PT,Vereador 2020,Formosa,Eleito,653,1,9,312,0
c0938,Professora Maria Celma,Maria Celma Fernandes da Silva,13166,PT,Vereador 2020,Formosa,Suplente,21,1,257,312,0
c0939,Professor Maurélio,Maurélio Moreira de Araújo,13700,PT,Vereador 2020,Formosa,Suplente,201,1,64,312,0
c0940,Professora Nilza,Nilza Cristina Gomes dos Santos,13000,PT,Vereador 2020,Formosa,Suplente,449,1,24,312,0
c0941,Celso Salgado,Celso de Campos Salgado,13631,PT,Vereador 2020,Formosa,Suplente,28,1,243,312,0
c0942,Celso Rodrigues,Celso Rodrigues de Sousa,13007,PT,Vereador 2020,Formosa,Suplente,67,1,174,312,0
c0943,Rita Santiago,Rita de Cássia Rezende Santiago,13456,PT,Vereador 2020,Formosa,Suplente,107,1,139,312,0
c0944,Cleide Lopes,Cleide Pereira Lopes,13012,PT,Vereador 2020,Formosa,Suplente,16,1,270,312,0
c0945,Unilton Monteiro,Unilton Monteiro da Silva,13056,PT,Vereador 2020,Formosa,Suplente,33,1,228,312,0
c0946,Wilson Barbosa,Wilson Barbosa de Souza,13888,PT,Vereador 2020,Formosa,Suplente,23,1,253,312,0
c0947,Douglas Neves,Douglas Rocha das Neves,13250,PT,Vereador 2020,Formosa,Suplente,9,1,290,312,0
c0948,Professor João Rodrigues,João Rodrigues da Costa,13138,PT,Vereador 2020,Formosa,Suplente,172,1,80,312,0
c0949,Maria Martha,Maria Martha da Silva Nunes,13013,PT,Vereador 2020,Formosa,Suplente,118,1,125,312,0
c0950,Henrique Motorista,Henrique Bueno Teixeira,55252,PSD,Vereador 2020,Professor Jamil,Suplente,30,1,22,60,0
c0951,Leozinho,Leonardo de Almeida Gomes,13123,PT,Vereador 2020,Iaciara,Suplente,7,1,56,57,0
c0952,João Pezão,João Batista Carlos,13444,PT,Vereador 2020,Iaciara,Suplente,10,1,52,57,0
c0953,Antonino Quilombola,Antonino Bispo da Silva,13777,PT,Vereador 2020,Iaciara,Suplente,41,1,31,57,0
c0954,Domingos do Açougue,Domingos Virginio dos Santos,13455,PT,Vereador 2020,Iaciara,Suplente,17,1,46,57,0
c0955,Evernandes Midia,Evernandes da Conceição Nonato,13456,PT,Vereador 2020,Iaciara,Suplente,10,1,52,57,0
c0956,Professora Deuseni,Maria Deuseni de Oliveira Gonsalves,13333,PT,Vereador 2020,Iaciara,Suplente,106,1,22,57,0
c0957,Jarmundo Agente de Saúde,Jarmundo Ribeiro dos Santos,13222,PT,Vereador 2020,Iaciara,Suplente,83,1,24,57,0
c0958,Juninho de Zé Rico,José Amelio Neres Junior,13111,PT,Vereador 2020,Iaciara,Suplente,67,1,27,57,0
c0959,Mauro Batista,Mauro José Batista Pereira,13007,PT,Vereador 2020,Iaciara,Eleito,185,1,11,57,0
c0960,Maria Lucia Cunhada de Japão,Maria Lucia Lopes Monteiro,13555,PT,Vereador 2020,Iaciara,Suplente,4,1,57,57,0
c0961,Socorro Mãe de Geane,Maria Socorro Felix dos Reis,13666,PT,Vereador 2020,Iaciara,Suplente,18,1,44,57,0
c0962,Katia Guedes de Seu Israel,Katia Guedes de Moura,13000,PT,Vereador 2020,Iaciara,Suplente,22,1,41,57,0
c0963,Itamar Ribeiro,Itamar Ribeiro Pinto,55000,PSD,Vereador 2020,Pirenópolis,Não eleito,74,1,62,114,0
c0964,Nilson do Bar,Nilson Francisco da Silva,19020,PODE,Vereador 2020,Leopoldo de Bulhões,Suplente,18,1,52,72,0
c0965,Maria José,Maria José Costa,13051,PT,Vereador 2020,Rialma,Não eleito,18,1,36,49,0
c0966,Luiza,Luiza Maria dos Santos,13128,PT,Vereador 2020,Rialma,Não eleito,9,1,42,49,0
c0967,Diácono Davi,Davi de Souza Silva,13333,PT,Vereador 2020,Rialma,Não eleito,12,1,40,49,0
c0968,Levi Felipe,Levi Felipe Filho,13012,PT,Vereador 2020,Rialma,Não eleito,22,1,33,49,0
c0969,Darlann Saimom,Darlan Fonseca de Souza,13123,PT,Vereador 2020,Rialma,Não eleito,10,1,41,49,0
c0970,Lindomar Elias,Lindomar Elias de Melo,13100,PT,Vereador 2020,Rialma,Não eleito,6,1,44,49,0
c0971,Paulo Antunes,Paulo Antunes Nascimento,13013,PT,Vereador 2020,Rialma,Não eleito,61,1,25,49,0
c0972,Sandra Melo,Sandra Bezerra da Silva Melo,13029,PT,Vereador 2020,Rialma,Não eleito,2,1,48,49,0
c0973,Jean do Karatê,Jean Carlos dos Santos,13000,PT,Vereador 2020,Rialma,Não eleito,33,1,31,49,0
c0974,Demiane Jaime,Demiane Jaime,13003,PT,Vereador 2020,Pirenópolis,Não eleito,12,1,104,114,0
c0975,Raquel Mendonça,Raquel Mendonça Barbosa,13777,PT,Vereador 2020,Pirenópolis,Não eleito,12,1,104,114,0
c0976,Juliana Bernardes,Juliana de Melo Bernardes,13113,PT,Vereador 2020,Pirenópolis,Não eleito,11,1,106,114,0
c0977,Antônio Mundico,Antonio Jose dos Santos,13103,PT,Vereador 2020,Pirenópolis,Não eleito,17,1,99,114,0
c0978,Tio Kiko,Emiliano Curado Pinto,13013,PT,Vereador 2020,Pirenópolis,Não eleito,34,1,85,114,0
c0979,Tutinha,Jairo Rosa D Abadia,13055,PT,Vereador 2020,Pirenópolis,Não eleito,116,1,45,114,0
c0980,Isaac Francisco,Isaac Francisco D Abadia,13813,PT,Vereador 2020,Pirenópolis,Não eleito,66,1,69,114,0
c0981,Edmar Pires Micô,Edmar Pires da Penha,13324,PT,Vereador 2020,Pirenópolis,Não eleito,53,1,73,114,0
c0982,Amaury Santos,Amaury José dos Santos,13333,PT,Vereador 2020,Pirenópolis,Não eleito,40,1,81,114,0
c0983,Paulo Aquino,Paulo Henrique da Costa Aquino,13000,PT,Vereador 2020,Pirenópolis,Não eleito,62,1,70,114,0
c0984,Mc Murcego,Rawston Barbosa da Veiga,13123,PT,Vereador 2020,Pirenópolis,Não eleito,70,1,65,114,0
c0985,Maria Rosalva,Maria Rosalva de Oliveira,13641,PT,Vereador 2020,Pirenópolis,Não eleito,6,1,110,114,0
c0986,Tadeu Costa Ação Plural,Tadeu Ribeiro da Costa,13088,PT,Vereador 2020,Pirenópolis,Não eleito,264,1,18,114,0
c0987,Ganso Motora,Lindomar Fausto dos Santos,13456,PT,Vereador 2020,Guapó,Não eleito,82,1,37,110,0
c0988,Debora Bueno,Debora Bueno Fernandes Soares,13013,PT,Vereador 2020,Guapó,Não eleito,8,1,102,110,0
c0989,Isa Paula,Isa Paula da Silva Borges,13413,PT,Vereador 2020,Guapó,Não eleito,34,1,67,110,0
c0990,Minéa Chagas,Minea Chagas Rios,13400,PT,Vereador 2020,Guapó,Não eleito,31,1,71,110,0
c0991,Fernando Cojak,Fernando Alves Fortes,13789,PT,Vereador 2020,Guapó,Não eleito,16,1,95,110,0
c0992,Wesley Lei,Wesley Pereira Batista,13113,PT,Vereador 2020,Guapó,Não eleito,58,1,46,110,0
c0993,Divino Biro Biro,Divino de Morais Goncalves,13333,PT,Vereador 2020,Guapó,Não eleito,39,1,62,110,0
c0994,Donizett do Esporte,Donizett Paula Borges,13700,PT,Vereador 2020,Guapó,Não eleito,184,1,14,110,0
c0995,Mazinho,Vilmar Soares Santos,13240,PT,Vereador 2020,Guapó,Não eleito,32,1,68,110,0
c0996,Professor Oscar Mendes,Oscar Ferreira Mendes Neto,23111,CIDADANIA,Vereador 2020,Inhumas,Eleito,207,1,39,173,0
c0997,Maisa Barros,Maisa Jorge da Silva Barros Wanderley,13007,PT,Vereador 2020,São Luís de Montes Belos,Suplente,77,1,60,118,0
c0998,Sara Costa,Sara Luteria Ribeiro Pereira Costa,13126,PT,Vereador 2020,São Luís de Montes Belos,Suplente,36,1,80,118,0
c0999,Professor Lazaro Campos,Lazaro Alves Campos,13444,PT,Vereador 2020,São Luís de Montes Belos,Suplente,21,1,99,118,0
c1000,Fernando Falcao,Fernando Goncalves da Silva,13121,PT,Vereador 2020,São Luís de Montes Belos,Suplente,20,1,102,118,0
c1001,João Batista (Babalu),Joao Batista Tavares Primo,13000,PT,Vereador 2020,São Luís de Montes Belos,Suplente,64,1,64,118,0
c1002,Fabio do Lavajato,Fabio Jose Batista,13123,PT,Vereador 2020,São Luís de Montes Belos,Suplente,59,1,67,118,0
c1003,Vanda Cantora,Vanilda Joaquina da Conceicao,13133,PT,Vereador 2020,São Luís de Montes Belos,Suplente,52,1,69,118,0
c1004,Professora Valdirene,Valdirene Maria Xavier Macedo,13456,PT,Vereador 2020,São Luís de Montes Belos,Eleito,361,1,13,118,0
c1005,Eber Dias,Eber Dias dos Santos,13671,PT,Vereador 2020,São Luís de Montes Belos,Suplente,250,1,23,118,0
c1006,Mauricio do Ze Leiteiro,Divino Mauricio da Silva,13789,PT,Vereador 2020,São Luís de Montes Belos,Suplente,51,1,71,118,0
c1007,Tiãozinho Barbeiro,Sebastiao Rodrigues da Silva,13333,PT,Vereador 2020,São Luís de Montes Belos,Suplente,36,1,80,118,0
c1008,Jose Carlos Alves,Jose Carlos Alves,12123,PDT,Vereador 2020,Bom Jardim de Goiás,Não eleito,46,1,23,39,0
c1009,Corujinha,Valdeci Adao Machado,12444,PDT,Vereador 2020,Bom Jardim de Goiás,Não eleito,6,1,35,39,0
c1010,Rayanne Rosa,Rayanne Rosa dos Santos Alves,13456,PT,Vereador 2020,Aragarças,Não eleito,166,1,18,137,0
c1011,Neguinho do Esporte,Vander Carlos Gonçalves,13690,PT,Vereador 2020,Aragarças,Não eleito,44,1,57,137,0
c1012,Valdelino do Caps,Valdelino da Silva Santos,13222,PT,Vereador 2020,Aragarças,Não eleito,8,1,107,137,0
c1013,Jéssica Silva,Jéssica de Jesus Silva,13110,PT,Vereador 2020,Aragarças,Não eleito,9,1,103,137,0
c1014,Junior Seis Irmãos,José da Silva Nascimento Junior,13000,PT,Vereador 2020,Aragarças,Não eleito,265,1,10,137,0
c1015,Ubaurucha Costa,Ubaurucha Costa Silva,13111,PT,Vereador 2020,Aragarças,Não eleito,11,1,97,137,0
c1016,Elessandro Serralheiro,Elessandro Sousa Ramos,13051,PT,Vereador 2020,Aragarças,Não eleito,8,1,107,137,0
c1017,Wellington Batista,José Wellington Batista Sampaio,13789,PT,Vereador 2020,Aragarças,Não eleito,3,1,124,137,0
c1018,Valdete França,Maria Valdete da Silva França,13022,PT,Vereador 2020,Aragarças,Não eleito,11,1,97,137,0
c1019,Valdenice Dena,Valdenice Sousa Silva,13113,PT,Vereador 2020,Aragarças,Não eleito,13,1,94,137,0
c1020,Dourado Cabelereiro,Valdesson Moreira Dourado,13680,PT,Vereador 2020,Aragarças,Não eleito,4,1,121,137,0
c1021,João Batista - Jb,João Batista de Oliveira Silva,13119,PT,Vereador 2020,Aragarças,Não eleito,9,1,103,137,0
c1022,Kenya Martins,Kenya Martins Santos,13013,PT,Vereador 2020,Aragarças,Não eleito,4,1,121,137,0
c1023,Fernando Carezolli,Fernando Rezende Carezolli,13678,PT,Vereador 2020,Aragarças,Não eleito,37,1,66,137,0
c1024,Agatha,Marcos Túlio Gonçalves Ferreira,13300,PT,Vereador 2020,Aragarças,Não eleito,5,1,117,137,0
c1025,Hélio da Conceição,Hélio da Conceição,13123,PT,Vereador 2020,Alexânia,Não eleito,6,1,175,191,0
c1026,Sandra Nobre,Sandra Sueli Nobre da Silva,13456,PT,Vereador 2020,Alexânia,Não eleito,6,1,175,191,0
c1027,Gabriela Sales,Gabriela Alves Neves,13333,PT,Vereador 2020,Alexânia,Não eleito,12,1,151,191,0
c1028,Gelson do Espírito Santo,Gelson do Espirito Santo,13137,PT,Vereador 2020,Indiara,Não eleito,9,1,53,60,0
c1029,Kakinha,Cicero Antonio da Silva,13135,PT,Vereador 2020,Indiara,Não eleito,33,1,38,60,0
c1030,Adriana Calado,Adriana Cotrim Leal Calado,13132,PT,Vereador 2020,Indiara,Não eleito,17,1,47,60,0
c1031,Professora Zilma,Zilma Dias Marques Silva,13134,PT,Vereador 2020,Indiara,Não eleito,38,1,35,60,0
c1032,Sandra Dantas,Sandra Vieira dos Santos,13321,PT,Vereador 2020,Indiara,Não eleito,8,1,54,60,0
c1033,Alessandro Trovão,Alessandro Feitoza da Silva,13123,PT,Vereador 2020,Indiara,Não eleito,173,1,16,60,0
c1034,João do Gesso,João Sebastião Arantes,13444,PT,Vereador 2020,Indiara,Não eleito,19,1,45,60,0
c1035,Arnaldo do Picolé,Arnaldo Fernandes de Souza,13013,PT,Vereador 2020,Indiara,Não eleito,17,1,47,60,0
c1036,Ze Maria,Jose Maria da Silva,13111,PT,Vereador 2020,Alvorada do Norte,Suplente,124,1,16,55,0
c1037,Tiririca,Luiz Fernando Gonçalves,13000,PT,Vereador 2020,Alvorada do Norte,Suplente,38,1,34,55,0
c1038,Ana Lucia,Ana Lucia Maria Carneiro,13133,PT,Vereador 2020,Alvorada do Norte,Suplente,106,1,19,55,0
c1039,Professora Rosely,Maria Rosely Cavalcante,13333,PT,Vereador 2020,Alvorada do Norte,Eleito,150,1,15,55,0
c1040,Zezinho da Cerâmica,Jose Pereira da Silva,13222,PT,Vereador 2020,Alvorada do Norte,Suplente,45,1,32,55,0
c1041,Toe Remendao,Antonio Carlos Santana,13123,PT,Vereador 2020,Alvorada do Norte,Suplente,17,1,44,55,0
c1042,Professora Maria Helena,Maria Helena Luiz Moreira,12012,PDT,Vereador 2020,Santo Antônio de Goiás,Suplente,151,1,10,71,0
c1043,Dr. José Nilton Carvalho,José Nilton Carvalho da Silva,65190,PC do B,Vereador 2020,Goiânia,Não eleito,492,1,236,873,0
c1044,Prof Geremias,Geremias Batista da Silva,13111,PT,Vereador 2020,Itaguaru,Não eleito,15,1,43,57,0
c1045,Prof. Diosmar,Diosmar Batista dos Santos,13000,PT,Vereador 2020,Itaguaru,Não eleito,31,1,33,57,0
c1046,Laura Conceição,Laura Oliveira de Souza,13333,PT,Vereador 2020,Itaguaru,Não eleito,43,1,29,57,0
c1047,Eduardo Salgado,Eduardo Pereira Salgado,13100,PT,Vereador 2020,Niquelândia,Não eleito,223,1,28,166,0
c1048,Luciana Ferreira,Luciana Ferreira de Sousa,13020,PT,Vereador 2020,Niquelândia,Não eleito,48,1,95,166,0
c1049,Dito Isak,Benedito Izak Rodrigues de Jesus,13456,PT,Vereador 2020,Niquelândia,Não eleito,23,1,121,166,0
c1050,Ilzeny Alves,Ilzeny Alves Vieira Souza,13123,PT,Vereador 2020,Niquelândia,Não eleito,17,1,136,166,0
c1051,Luciana Procopio,Luciana Souza Procopio,13200,PT,Vereador 2020,Niquelândia,Não eleito,13,1,147,166,0
c1052,Fabiano Borges,Fabiano da Silva Borges,13250,PT,Vereador 2020,Niquelândia,Não eleito,62,1,82,166,0
c1053,Adelson Tapeceiro,Adelson de Sousa Barros,13500,PT,Vereador 2020,Niquelândia,Não eleito,4,1,161,166,0
c1054,Rubens da Ronystur,Rubens Antonio da Silva,13030,PT,Vereador 2020,Niquelândia,Não eleito,14,1,146,166,0
c1055,Helio Canhão,Helio Batista Damasceno,13013,PT,Vereador 2020,Inaciolândia,Não eleito,3,1,44,45,0
c1056,Silvio Sigano,Silvio Fernandes de Souza,51222,PATRIOTA,Vereador 2020,Luziânia,Não eleito,40,1,288,413,0
c1057,Valcir do Sindicato,Valcir Jose Goulart,40444,PSB,Vereador 2020,Mineiros,Não eleito,132,1,66,194,0
c1058,Domingos da Otica,Domingos Reis Bogea,13000,PT,Vereador 2020,Bom Jesus de Goiás,Não eleito,76,1,46,84,0
c1059,Toti Corretor,Anor Gonçalves Dias,13010,PT,Vereador 2020,Bom Jesus de Goiás,Não eleito,13,1,76,84,0
c1060,Edna da Cadeira de Rodas,Edna Maria da Silva,13134,PT,Vereador 2020,Bom Jesus de Goiás,Não eleito,5,1,84,84,0
c1061,Darli Proto,Darli Silva Barbosa Proto,13444,PT,Vereador 2020,Bom Jesus de Goiás,Não eleito,14,1,75,84,0
c1062,Renato da Panorama,Jose Renato Silva,13152,PT,Vereador 2020,Bom Jesus de Goiás,Não eleito,16,1,73,84,0
c1063,Sonia Regina,Sônia Regina Bezerra da Silva,13121,PT,Vereador 2020,Bom Jesus de Goiás,Não eleito,10,1,80,84,0
c1064,Rogério do Mototáxi,Luiz Rogério de Oliveira,13333,PT,Vereador 2020,Bom Jesus de Goiás,Não eleito,34,1,66,84,0
c1065,Luciana,Luciana Costa Almeida de Sousa,13000,PT,Vereador 2020,Itaguari,Não eleito,3,1,36,36,0
c1066,João Batista,João Batista da Silva,13131,PT,Vereador 2020,Itaguari,Não eleito,10,1,29,36,0
c1067,Valdenice,Valdenice Carvalho dos Santos,13123,PT,Vereador 2020,Itaguari,Não eleito,4,1,35,36,0
c1068,Warley Lopes,Warley Lopes Silva Mendes,13112,PT,Vereador 2020,Santa Bárbara de Goiás,Não eleito,11,1,42,51,0
c1069,Johnathan Eterno,Johnathan Eterno Alves de Almeida,13123,PT,Vereador 2020,Santa Bárbara de Goiás,Não eleito,13,1,41,51,0
c1070,Ivonete do Brasil,Ivonete Socorro de Castro Silva,13212,PT,Vereador 2020,Santa Bárbara de Goiás,Não eleito,8,1,44,51,0
c1071,Célia Durães,Célia Durães da Silva,13012,PT,Vereador 2020,Santa Bárbara de Goiás,Não eleito,4,1,48,51,0
c1072,Pablino Souza,Pablino Pereira dos Santos Souza,13222,PT,Vereador 2020,Santa Bárbara de Goiás,Não eleito,1,1,51,51,0
c1073,Dayana,Dayana de Oliveira Vale,13143,PT,Vereador 2020,Cidade Ocidental,Não eleito,2,1,321,332,0
c1074,Josy,Josilene Linhares da Silva,13103,PT,Vereador 2020,Cidade Ocidental,Não eleito,7,1,295,332,0
c1075,Maisa do Sindicato,Maisa Soares da Silva,13234,PT,Vereador 2020,Cidade Ocidental,Não eleito,27,1,198,332,0
c1076,Analú,Ana Luiza Guimarães Pereira,13013,PT,Vereador 2020,Cidade Ocidental,Não eleito,171,1,49,332,0
c1077,Samuel Versan,Samuel Rozendo Adami Versan,13530,PT,Vereador 2020,Cidade Ocidental,Não eleito,25,1,208,332,0
c1078,Val,Valcirene Rodrigues dos Santos,13007,PT,Vereador 2020,Cidade Ocidental,Não eleito,6,1,299,332,0
c1079,Vânia,Eulivania de Cassia Costa,13482,PT,Vereador 2020,Cidade Ocidental,Não eleito,15,1,252,332,0
c1080,Carlos Piscina,Carlos Maciel Saavedra,13321,PT,Vereador 2020,Cidade Ocidental,Não eleito,0,0,331,332,0
c1081,Adriano Cotinha,Adriano Teixeira Silva,13100,PT,Vereador 2020,Cidade Ocidental,Não eleito,147,1,60,332,0
c1082,Panta,Pantalião Mendes Barboza,13020,PT,Vereador 2020,Cidade Ocidental,Não eleito,20,1,227,332,0
c1083,Adão,Adão Francisco da Silva,13132,PT,Vereador 2020,Cidade Ocidental,Não eleito,28,1,193,332,0
c1084,Dimas do Churrasquinho,Dimas Barros Martins,13419,PT,Vereador 2020,Cidade Ocidental,Não eleito,27,1,198,332,0
c1085,Edson Silva,Jose Edvaldo da Silva,13000,PT,Vereador 2020,Cidade Ocidental,Não eleito,8,1,291,332,0
c1086,Amorim,Jose Amorim de Barros,13001,PT,Vereador 2020,Cidade Ocidental,Não eleito,42,1,149,332,0
c1087,Tia Ana,Ana Maria Rodrigues de Jesus,13333,PT,Vereador 2020,Cidade Ocidental,Não eleito,38,1,163,332,0
c1088,Pc do Pt,Paulo César Ramos,13008,PT,Vereador 2020,Cidade Ocidental,Não eleito,12,1,268,332,0
c1089,Betinho do Abc,Antonio Roberto Silva do Nascimento,13111,PT,Vereador 2020,Cidade Ocidental,Não eleito,108,1,85,332,0
c1090,Reinaldo de Jesus,Reinaldo de Jesus,13253,PT,Vereador 2020,Cidade Ocidental,Não eleito,12,1,268,332,0
c1091,Dona Cléo,Cleonicia Francisca de Lima,13024,PT,Vereador 2020,Cidade Ocidental,Não eleito,10,1,282,332,0
c1092,Manú do Pt,Emanuele Luciane Gomes Barbosa,13131,PT,Vereador 2020,Cidade Ocidental,Não eleito,11,1,278,332,0
c1093,Zú Campos,Zuleide Nascimento da Silva Campos,13123,PT,Vereador 2020,Cidade Ocidental,Não eleito,62,1,125,332,0
c1094,Maria Joana,Maria Joana Ribeiro da Silva,13029,PT,Vereador 2020,Cidade Ocidental,Não eleito,18,1,236,332,0
c1095,Nilmar Jorge da Agua,Nilmar Vieira Jorge,25610,DEM,Vereador 2020,Vicentinópolis,Suplente,87,1,17,25,0
c1096,Zenaide Cabelereira,Zenaide Silva Paulo,13467,PT,Vereador 2020,Jataí,Não eleito,28,1,136,158,0
c1097,Godoy,Moises Godoy de Assis,13131,PT,Vereador 2020,Jataí,Não eleito,59,1,118,158,0
c1098,Luciene Artesa,Luciene Rodrigues Silva,13321,PT,Vereador 2020,Jataí,Não eleito,49,1,126,158,0
c1099,Professor  Tavão,Octavio Marcos Martins Mani,13145,PT,Vereador 2020,Jataí,Não eleito,151,1,64,158,0
c1100,Milson dos Santos,Milson dos Santos,23400,CIDADANIA,Vereador 2020,Anápolis,Não eleito,28,1,498,595,0
c1101,Professora Rosária,Rosária Nogueira da Abadia,13000,PT,Vereador 2020,Jaraguá,Não eleito,120,1,50,163,0
c1102,Natália de Castro,Natália de Castro Almeida,13222,PT,Vereador 2020,Jaraguá,Não eleito,4,1,161,163,0
c1103,Zé Paraguai,José Martins Pinto,13123,PT,Vereador 2020,Jaraguá,Não eleito,21,1,133,163,0
c1104,Camilo de Sá,Camilo Luz de Sá,13010,PT,Vereador 2020,Jaraguá,Não eleito,7,1,155,163,0
c1105,Maurilio Liu,Maurilio Oliveira Cardoso,13000,PT,Vereador 2020,Aparecida de Goiânia,Não eleito,130,1,290,617,0
c1106,Newton Rodrigues,Newton Rodrigues da Silva,13010,PT,Vereador 2020,Anápolis,Suplente,18,1,533,595,0
c1107,Edmar Silva,Edmar Silva,13000,PT,Vereador 2020,Anápolis,Suplente,194,1,216,595,0
c1108,Dra  Adélia Alves,Adelia Alves Batista,13200,PT,Vereador 2020,Anápolis,Suplente,147,1,259,595,0
c1109,Marcus Vinicius,Marcus Vinicius dos Santos,13777,PT,Vereador 2020,Rialma,Não eleito,6,1,44,49,0
c1110,Jose Fernandes,Jose Fernandes Filho,13115,PT,Vereador 2020,Goianésia,Não eleito,104,1,91,224,0
c1111,Maisa Gonçalves,Maisa Gonçalves Aragão,13100,PT,Vereador 2020,Goianésia,Não eleito,16,1,201,224,0
c1112,Raul do Pastel,Jose Eustaquio de Oliveira,13555,PT,Vereador 2020,Goianésia,Não eleito,62,1,131,224,0
c1113,Fabianinha,Fabiana Elias Pereira,13126,PT,Vereador 2020,Davinópolis,Suplente,7,1,19,19,0
c1114,Luiz Severo,Luiz Severo de Lima,13555,PT,Vereador 2020,Rialma,Não eleito,9,1,42,49,0
c1115,Nete (Silvanete),Divina Silvanete Lourenço,13130,PT,Vereador 2020,Rialma,Não eleito,3,1,47,49,0
c1116,Zé Nilton,Jose Nilton Tavares,13111,PT,Vereador 2020,Itumbiara,Não eleito,19,1,196,221,0
c1117,Marcia Vieira,Linda Marcia Santos Vieira,13123,PT,Vereador 2020,Itumbiara,Não eleito,18,1,199,221,0
c1118,Ricardo Coroinha,Ricardo dos Santos,13100,PT,Vereador 2020,Itumbiara,Não eleito,19,1,196,221,0
c1119,Maria Candida,Maria Candida Venancio,13715,PT,Vereador 2020,Aparecida de Goiânia,Não eleito,15,1,564,617,0
c1120,Valdir do Motoserra,Waldomiro Rodrigues da Silva,13013,PT,Vereador 2020,Leopoldo de Bulhões,Não eleito,16,1,57,72,0
c1121,Neusa Costa,Neusa Ramos da Costa,13515,PT,Vereador 2020,Goiânia,Suplente,30,1,798,873,0
c1122,Edileusa Evangelista- Dylla,Edileusa Evangelista Silva,13321,PT,Vereador 2020,Goianésia,Não eleito,18,1,199,224,0
c1123,Daniela,Daniela Pereira de Amorim,13123,PT,Vereador 2020,Palminópolis,Não eleito,12,1,30,31,0
c1124,Isgreni,Isgreni Aparecida de Souza Bueno,13000,PT,Vereador 2020,Uruaçu,Não eleito,7,1,186,201,0
c1125,Joselina Passos de Melo,Joselina Passos de Melo,13432,PT,Vereador 2020,Formosa,Suplente,10,1,281,312,0
c1126,Claudimira,Claudimira Damasceno Bastos,13456,PT,Vereador 2024,Ipameri,Não eleito,36,1,79,113,0
c1127,Evaldo,Evaldo Alves Neves,13113,PT,Vereador 2024,Ipameri,Não eleito,19,1,104,113,0
c1128,Antônio Dente de Ouro,Antonio Ferreira da Rocha,13122,PT,Vereador 2024,Ipameri,Não eleito,37,1,78,113,0
c1129,Rael,Rael Ribeiro Silva,13333,PT,Vereador 2024,Ipameri,Não eleito,33,1,83,113,0
c1130,Jaci das Placas,Jaci Souza da Silva,13300,PT,Vereador 2024,Ipameri,Não eleito,22,1,95,113,0
c1131,Dimarao,Edmar Ferreira de Lima,13700,PT,Vereador 2024,Taquaral de Goiás,Não eleito,81,1,17,65,0
c1132,Elmo Oliveira,Elmo de Oliveira,13300,PT,Vereador 2024,Taquaral de Goiás,Não eleito,8,1,50,65,0
c1133,Tapuranga,Wesley Rodrigues dos Santos,13500,PT,Vereador 2024,Taquaral de Goiás,Não eleito,108,1,13,65,0
c1134,Odete,Aldete Pedroso da Silva Azevedo,13200,PT,Vereador 2024,Taquaral de Goiás,Não eleito,4,1,57,65,0
c1135,Aparecido Banha,Aparecido José da Silva,13400,PT,Vereador 2024,Taquaral de Goiás,Não eleito,29,1,36,65,0
c1136,Bola do Posto,Emerson Gomes da Silva,13080,PT,Vereador 2024,Taquaral de Goiás,Não eleito,1,1,61,65,0
c1137,Delma,Delma Maria da Silva,13100,PT,Vereador 2024,Taquaral de Goiás,Não eleito,8,1,50,65,0
c1138,Zé Antonio,Jose Antonio da Silva,13123,PT,Vereador 2024,Taquaral de Goiás,Não eleito,78,1,19,65,0
c1139,Cristina do Anastacio,Maria Cristina de Oliveira,13444,PT,Vereador 2024,Taquaral de Goiás,Não eleito,6,1,53,65,0
c1140,Lucinho,Lucimar Alberto de Morais,11700,PP,Vereador 2024,Taquaral de Goiás,Eleito,141,1,7,65,0
c1141,Professor Sílcio,Sílcio Júnior Borges,13125,PT,Vereador 2024,Santa Rosa de Goiás,Suplente,49,1,24,64,0
c1142,Léinha,Léia Guilhermina Moreira,13131,PT,Vereador 2024,Santa Rosa de Goiás,Suplente,2,1,61,64,0
c1143,Rogerio Mota,Rogerio de Sousa Mota,70000,AVANTE,Vereador 2024,Aparecida do Rio Doce,Eleito,203,1,5,30,0
c1144,Reginaldo Silva,Reginaldo Monteiro Mendonça da Silva,20985,PODE,Vereador 2024,Minaçu,Não eleito,35,1,65,91,0
c1145,Daniela Amorim,Daniela Pereira de Amorim,11600,PP,Vereador 2024,Palminópolis,Suplente,9,1,22,23,0
c1146,Alessandra Kalunga,Alessandra Pires Bernardo,13013,PT,Vereador 2024,Teresina de Goiás,Suplente,8,1,38,40,0
c1147,Tchola,Josivane Moreira da Silva,13555,PT,Vereador 2024,Teresina de Goiás,Eleito,124,1,7,40,0
c1148,Camila Kalunga,Camila Fernandes dos Santos,13000,PT,Vereador 2024,Teresina de Goiás,Suplente,13,1,36,40,0
c1149,Professor Esmaide,Esmaide Soares Regis,13777,PT,Vereador 2024,Teresina de Goiás,Suplente,62,1,19,40,0
c1150,Adalberto,Adalberto Paulo da Silva,13222,PT,Vereador 2024,Teresina de Goiás,Suplente,76,1,17,40,0
c1151,Suely do Limoeiro,Suely Pereira da Cunha,13784,PT,Vereador 2024,Teresina de Goiás,Suplente,40,1,28,40,0
c1152,Zinha,Reimar Pereira da Silva,13333,PT,Vereador 2024,Teresina de Goiás,Eleito,102,1,10,40,0
c1153,Nozim,Valdenor Honorato Alves,13234,PT,Vereador 2024,Teresina de Goiás,Suplente,85,1,12,40,0
c1154,Alexandre Garanhão,Alexandre Fernandes,13120,PT,Vereador 2024,Teresina de Goiás,Suplente,54,1,20,40,0
c1155,Mazim,Rosemar Fernandes da Silva,13444,PT,Vereador 2024,Teresina de Goiás,Suplente,16,1,33,40,0
c1156,Divino do Preto,Divino Júlio Batista,13123,PT,Vereador 2024,Nova Aurora,Não eleito,5,1,21,22,0
c1157,Rafael,Rafael da Silva Costa,13333,PT,Vereador 2024,Nova Aurora,Não eleito,60,1,12,22,0
c1158,Simone Venâncio,Simone Dias Venâncio,13122,PT,Vereador 2024,Nova Aurora,Não eleito,49,1,14,22,0
c1159,Daniel Borba,Daniel Carneiro Borba,15555,MDB,Vereador 2024,Nova Aurora,Eleito,267,1,1,22,0
c1160,Raimundo Silva,Raimundo Silva de Castro,13100,PT,Vereador 2024,Palestina de Goiás,Não eleito,18,1,29,39,0
c1161,Rita Helena,Rita Helena de Cassia,13333,PT,Vereador 2024,Palestina de Goiás,Não eleito,2,1,37,39,0
c1162,Geraldo da Dona Negrinha,Geraldo Pereira das Chagas,13123,PT,Vereador 2024,Palestina de Goiás,Não eleito,11,1,33,39,0
c1163,Luiz Sarrafo,Luiz Antonio das Dores,15123,MDB,Vereador 2024,Mozarlândia,Suplente,23,1,68,81,0
c1164,Joãozão do Sindicato,Joao Inacio Dutra Neto,13200,PT,Vereador 2024,Pontalina,Suplente,84,1,40,81,0
c1165,Cristiane Maria,Cristiane Maria da Costa,13600,PT,Vereador 2024,Pontalina,Suplente,28,1,66,81,0
c1166,Professor Reinaldo,Reinaldo Francisco Lopes,13000,PT,Vereador 2024,Pontalina,Suplente,110,1,35,81,0
c1167,Adrianinha,Adriana Hummito Silveira Magalhaes,13013,PT,Vereador 2024,Pontalina,Suplente,125,1,31,81,0
c1168,Ariel José,Ariel Jose Ferreira,13123,PT,Vereador 2024,Pontalina,Suplente,66,1,48,81,0
c1169,Professor Ailton Godói,Ailton Batista de Godoi,13111,PT,Vereador 2024,Pontalina,Suplente,135,1,28,81,0
c1170,Dr Sebastião Dentista,Sebastiao Vieira Rosa,13456,PT,Vereador 2024,Pontalina,Suplente,127,1,30,81,0
c1171,Robinson Vargas,Robinson Rodrigues Vargas,13789,PT,Vereador 2024,Pontalina,Suplente,41,1,54,81,0
c1172,Baixinha,Deusdete do Carmo,13100,PT,Vereador 2024,Pontalina,Suplente,12,1,77,81,0
c1173,Elizeu,Elizeu Teixeira de Souza,13333,PT,Vereador 2024,Pontalina,Suplente,40,1,55,81,0
c1174,Joanice do Espetinho,Joanice Batista Viana do Nascimento,13120,PT,Vereador 2024,Flores de Goiás,Não eleito,93,1,24,47,0
c1175,Joaquim do Alegre,Joaquim Pereira Lima,13102,PT,Vereador 2024,Flores de Goiás,Não eleito,4,1,45,47,0
c1176,Professora Fatinha,Maria de Fatima Batista da Silva,13109,PT,Vereador 2024,Flores de Goiás,Não eleito,4,1,45,47,0
c1177,Quiton,Quiton Vilas Boas Costa,13222,PT,Vereador 2024,Flores de Goiás,Não eleito,22,1,41,47,0
c1178,Dico,Raimundo de Sousa Ferreira,13111,PT,Vereador 2024,Flores de Goiás,Não eleito,65,1,31,47,0
c1179,Iracilda,Iracilda Rodrigues Silva,13115,PT,Vereador 2024,Flores de Goiás,Não eleito,25,1,38,47,0
c1180,Dedezão dos Assentamentos,José Ferreira Luna,13000,PT,Vereador 2024,Flores de Goiás,Não eleito,65,1,31,47,0
c1181,Maninha,Olindina Gomes Pereira,13100,PT,Vereador 2024,Flores de Goiás,Não eleito,43,1,33,47,0
c1182,Toinhão do Rock,Luiz Antonio de Campos,13120,PT,Vereador 2024,Caldas Novas,Não eleito,33,1,152,221,0
c1183,Claudinha do Pt,Claudia de Jesus Silva,13133,PT,Vereador 2024,Caldas Novas,Não eleito,16,1,193,221,0
c1184,Manoel Messias,Manoel Messias Furtado Fontes,13789,PT,Vereador 2024,Caldas Novas,Não eleito,31,1,156,221,0
c1185,Mousangela,Mousangela Cunha Rodrigues Pereira,13300,PT,Vereador 2024,Caldas Novas,Não eleito,9,1,208,221,0
c1186,Eron Star,Eronides Goncalves da Silva,13111,PT,Vereador 2024,Caldas Novas,Não eleito,24,1,172,221,0
c1187,Doutora Gislene Cotian,Gislene Cotian Alcantara,13000,PT,Vereador 2024,Caldas Novas,Não eleito,350,1,45,221,0
c1188,Walison Santos,Walison dos Santos Brito da Conceição,13998,PT,Vereador 2024,Caldas Novas,Não eleito,8,1,210,221,0
c1189,Professora Filomena,Filomena Pereira da Costa,13011,PT,Vereador 2024,Caldas Novas,Não eleito,42,1,141,221,0
c1190,Jarbas Veiculos,Jarbas Sebastiao Rodrigues Ribeiro,13123,PT,Vereador 2024,Caldas Novas,Não eleito,178,1,69,221,0
c1191,Professor Quinta,Agnaldo Quinta Junqueira,13456,PT,Vereador 2024,Caldas Novas,Não eleito,200,1,65,221,0
c1192,Rosimar Caetano,Rosimar Caetano de Moura,15123,MDB,Vereador 2024,Professor Jamil,Suplente,86,1,16,51,0
c1193,Adão da Tapeçaria,Adão de Souza Oliveira,13000,PT,Vereador 2024,Minaçu,Não eleito,90,1,42,91,0
c1194,Juber Cezar da Rádio,Juber Cezar de Lima,13333,PT,Vereador 2024,Minaçu,Não eleito,27,1,68,91,0
c1195,Ana Alice do Mab,Ana Alice Barbosa de Souza,13133,PT,Vereador 2024,Minaçu,Não eleito,14,1,79,91,0
c1196,Professora Celma,Celma Marques Galvão da Rocha,13444,PT,Vereador 2024,Minaçu,Não eleito,35,1,65,91,0
c1197,Goiano,Deovanir Pacífico de Oliveira,13456,PT,Vereador 2024,Minaçu,Não eleito,172,1,33,91,0
c1198,Itamara Dentista,Itamara Crhystina Marques,13777,PT,Vereador 2024,Minaçu,Não eleito,294,1,19,91,0
c1199,Cida,Maria Aparecida Elias Costa,13789,PT,Vereador 2024,Minaçu,Não eleito,241,1,24,91,0
c1200,Agenor do Mab,Agenor Costa e Silva,13123,PT,Vereador 2024,Minaçu,Não eleito,251,1,23,91,0
c1201,Celino do Sindicato,Celino Pereira Pinto,13110,PT,Vereador 2024,Minaçu,Não eleito,42,1,57,91,0
c1202,To do Assentamento,Antonio Rezende da Silva,13120,PT,Vereador 2024,Minaçu,Não eleito,69,1,47,91,0
c1203,Zé da Kombi,José Ferreira de Moura,13113,PT,Vereador 2024,Minaçu,Não eleito,22,1,72,91,0
c1204,Tininin,Lindomar Inacio de Paulo,13222,PT,Vereador 2024,Minaçu,Não eleito,185,1,30,91,0
c1205,Cleide da Saúde,Cleidiane Gualberto da Silva,13111,PT,Vereador 2024,Vila Boa,Não eleito,89,1,10,50,0
c1206,Luciene Felício,Luciene Felício de Jesus,13122,PT,Vereador 2024,Vila Boa,Não eleito,2,1,48,50,0
c1207,Jonas Alvim,Jonas Alvim de Abreu,13114,PT,Vereador 2024,Vila Boa,Não eleito,70,1,18,50,0
c1208,Sandro Dantas,Sandro Araújo Dantas,13113,PT,Vereador 2024,Vila Boa,Não eleito,33,1,30,50,0
c1209,Miguel Vieira,Miguel Vieira de Souza,25000,PRD,Vereador 2024,Vila Boa,Suplente,32,1,31,50,0
c1210,Valdimar Assombroso,Valdimar Pedro Marques,13133,PT,Vereador 2024,Goiandira,Suplente,13,1,40,43,0
c1211,Sara Cozinheira,Sara Maria Campos,13113,PT,Vereador 2024,Goiandira,Suplente,47,1,28,43,0
c1212,Daniel Rosa,Daniel Rosa Alves,13777,PT,Vereador 2024,Goiandira,Suplente,3,1,43,43,0
c1213,Divino Tiago,Divino Tiago Filho,13131,PT,Vereador 2024,Goiandira,Suplente,17,1,37,43,0
c1214,Paulinho Correria,Paulo Sergio Mendonça Lemos,13007,PT,Vereador 2024,Goiandira,Suplente,65,1,22,43,0
c1215,João Lobato,João Lobato Alves,13111,PT,Vereador 2024,Goiandira,Suplente,40,1,30,43,0
c1216,Professora Carla,Carla Cristina Alves de Santana Elias,13123,PT,Vereador 2024,Goiandira,Suplente,73,1,21,43,0
c1217,Juninho Tiubinha,Luiz Alberto de Paula Junior,13000,PT,Vereador 2024,Goiandira,Eleito,190,1,4,43,0
c1218,Caio Guerra,Caio Nones Santos Guerra,13333,PT,Vereador 2024,Goiandira,Suplente,54,1,25,43,0
c1219,Isa Mãe do Frei Jorge,Isa Ferreira de Jesus Costa,13033,PT,Vereador 2024,Goiandira,Suplente,29,1,33,43,0
c1220,Giovanni Dias,Giovanni Jose Dias,44444,UNIÃO,Vereador 2024,Goianira,Eleito,1236,1,4,98,0
c1221,João Batista,João Batista da Silva,13313,PT,Vereador 2024,Itaguari,Não eleito,16,1,37,51,0
c1222,Valdenice,Valdenice Carvalho dos Santos,13123,PT,Vereador 2024,Itaguari,Não eleito,6,1,45,51,0
c1223,Welton Divino,Welton Divino das Dores de Sousa,13131,PT,Vereador 2024,Itaguari,Não eleito,38,1,28,51,0
c1224,Taboca do Açougue,Cleberson Fernandes das Dores,13600,PT,Vereador 2024,Itaguari,Não eleito,3,1,49,51,0
c1225,Luciana,Luciana Mateus Veloso Sousa Alves,13086,PT,Vereador 2024,Itaguari,Não eleito,4,1,47,51,0
c1226,Chef Wanderlei Silva,Wanderlei Alves da Silva,45100,PSDB,Vereador 2024,Morrinhos,Suplente,135,1,52,129,0
c1227,Professora Iolanda Aquino,Iolanda Divina de Aquino Leite,13333,PT,Vereador 2024,Goiás,Eleito,647,1,6,87,0
c1228,Elenízia da Mata,Elenízia da Mata de Jesus,13100,PT,Vereador 2024,Goiás,Suplente,350,1,11,87,0
c1229,Laura de Freitas,Laura de Freitas Oliveira,13577,PT,Vereador 2024,Goiás,Suplente,19,1,74,87,0
c1230,Alberico Moreira,Alberico Luiz Moreira Filho,13222,PT,Vereador 2024,Goiás,Suplente,139,1,32,87,0
c1231,Toninho do Maciota,Antonio Vieira Neto,13111,PT,Vereador 2024,Goiás,Suplente,14,1,78,87,0
c1232,Judith,Judith Francisca de Oliveira,13313,PT,Vereador 2024,Goiás,Suplente,16,1,76,87,0
c1233,Rander Kardec,Rander Kardec de Bastos Bueno,13013,PT,Vereador 2024,Goiás,Eleito,665,1,5,87,0
c1234,Aguinel,Aguinel Lourenço da Fonseca Filho,13123,PT,Vereador 2024,Goiás,Eleito,762,1,3,87,0
c1235,Cleiton,Cleiton Eleutério da Silva,13456,PT,Vereador 2024,Hidrolândia,Não eleito,229,1,26,80,0
c1236,Antônio Mauro,Antônio Mauro Matias,13713,PT,Vereador 2024,Hidrolândia,Não eleito,27,1,63,80,0
c1237,Eloisa Alves,Eloisa Alves de Souza Almeida,13123,PT,Vereador 2024,Hidrolândia,Não eleito,10,1,75,80,0
c1238,Helena Loja Dez,Maria Helena da Silva Mourão Cabral,13010,PT,Vereador 2024,Hidrolândia,Não eleito,124,1,37,80,0
c1239,Suely Santos,Suely da Silva Santos Marinho,12023,PDT,Vereador 2024,Planaltina,Não eleito,49,1,131,236,0
c1240,Paulinho Tóby,Paulo Teixeira de Souza,13044,PT,Vereador 2024,Luziânia,Suplente,128,1,138,295,0
c1241,Pedro Chaves,Pedro Lima Chaves,13777,PT,Vereador 2024,Luziânia,Suplente,82,1,172,295,0
c1242,Biel,Gabriel Fidelis Santos Eduardo,13456,PT,Vereador 2024,Luziânia,Suplente,754,1,44,295,0
c1243,Jô do Salão,Josina Maria Soares dos Santos,13550,PT,Vereador 2024,Luziânia,Suplente,32,1,222,295,0
c1244,Luciene Braz,Luciene Braz dos Santos Miranda,13974,PT,Vereador 2024,Luziânia,Suplente,10,1,263,295,0
c1245,João Almir do Cordel,João Almir Mendes de Sousa,13111,PT,Vereador 2024,Luziânia,Suplente,195,1,102,295,0
c1246,Cassiana Tormin,Cassiana Vaz Tormin,13333,PT,Vereador 2024,Luziânia,Suplente,815,1,41,295,0
c1247,Jose Carlos,Jose Carlos de Souza,13110,PT,Vereador 2024,Caldas Novas,Não eleito,15,1,195,221,0
c1248,Gessimone Santana,Gessimone Santana dos Santos,77555,SOLIDARIEDADE,Vereador 2024,Posse,Suplente,62,1,67,117,0
c1249,Aiani Agente de Saude,Aiani Neres de Abreu,77127,SOLIDARIEDADE,Vereador 2024,Posse,Suplente,23,1,104,117,0
c1250,Fabianinha,Fabiana Elias Pereira,20120,PODE,Vereador 2024,Davinópolis,Suplente,9,1,29,29,0
c1251,Regina Celia,Regina Celia Teixeira Mendonça,13025,PT,Vereador 2024,Itapirapuã,Não eleito,2,1,58,58,0
c1252,Adão Ferreira,Adão Ferreira da Silva,13131,PT,Vereador 2024,Itapirapuã,Não eleito,9,1,54,58,0
c1253,Professor Adilson,Adilson Correia de Lima Junior,13300,PT,Vereador 2024,Itapirapuã,Não eleito,24,1,38,58,0
c1254,Mateus Neto Acari Leite,Mateus Sousa Nascimento,13999,PT,Vereador 2024,Itapirapuã,Não eleito,18,1,42,58,0
c1255,Divina Lúcia Neta do Cancelo,Divina Lúcia da Silva Gonçalves,13456,PT,Vereador 2024,Itapirapuã,Não eleito,7,1,55,58,0
c1256,Joaquim Amaro,Joaquim de Sousa Amaro,13113,PT,Vereador 2024,Itapirapuã,Não eleito,4,1,57,58,0
c1257,Rildo Tavares,Rildo Macedo Tavares,77987,SOLIDARIEDADE,Vereador 2024,Crixás,Suplente,31,1,58,85,0
c1258,Juarez Miranda,Juarez Rosa de Miranda,40555,PSB,Vereador 2024,Piracanjuba,Não eleito,169,1,26,118,0
c1259,Gabriel,Gabriel Moreira dos Santos,13333,PT,Vereador 2024,Davinópolis,Suplente,102,1,16,29,0
c1260,Vanusa da Saúde,Vanusa Gonçalves Rocha,13123,PT,Vereador 2024,Davinópolis,Eleito,215,1,4,29,0
c1261,Niula do Djair,Niula Gomes de Carvalho,13000,PT,Vereador 2024,Davinópolis,Suplente,52,1,21,29,0
c1262,Edison Zoim,Edison Ferreira da Fonseca,15123,MDB,Vereador 2024,Davinópolis,Suplente,95,1,17,29,0
c1263,Jair Inácio,Jair Inácio da Silva,13013,PT,Vereador 2024,Itauçu,Suplente,15,1,51,58,0
c1264,Rihan,Rihan de Oliveira Lima,13111,PT,Vereador 2024,Itauçu,Suplente,24,1,43,58,0
c1265,Osana,Osana Pereira dos Santos,13011,PT,Vereador 2024,Itauçu,Suplente,17,1,50,58,0
c1266,Paulo Quirino,Paulo César Quirino,13456,PT,Vereador 2024,Itauçu,Suplente,143,1,18,58,0
c1267,Chocolate,Eudeny Silva dos Santos,13124,PT,Vereador 2024,Itauçu,Suplente,44,1,30,58,0
c1268,Willian Torres,Willian Torres Barbosa,13123,PT,Vereador 2024,Itauçu,Suplente,127,1,21,58,0
c1269,Irmão Ivan,Belmivânio Gonçalves dos Santos,13000,PT,Vereador 2024,Itauçu,Suplente,30,1,37,58,0
c1270,Fran,Francislayne Aguiar Silverio de Souza Garcia,13444,PT,Vereador 2024,Itauçu,Eleito,265,1,9,58,0
c1271,Ivonei do Social,Ivonei Aparecida de Barros,13222,PT,Vereador 2024,Itauçu,Suplente,19,1,48,58,0
c1272,Zé Carlos,Jose Carlos da Silva,13147,PT,Vereador 2024,Itauçu,Suplente,18,1,49,58,0
c1273,Janilson do Joca,Janilson Gomes de Lira,13000,PT,Vereador 2024,Mozarlândia,Não eleito,24,1,66,81,0
c1274,Enice do Cerradao,Enice Maria de Jesus,13111,PT,Vereador 2024,Mozarlândia,Não eleito,22,1,69,81,0
c1275,Luzinete,Luzinete Cardoso da Silva,13222,PT,Vereador 2024,Mozarlândia,Não eleito,12,1,76,81,0
c1276,Atila Ribeiro,Atila Paulino Ribeiro,13333,PT,Vereador 2024,Mozarlândia,Não eleito,66,1,43,81,0
c1277,Valmir,Valmir Borges,13444,PT,Vereador 2024,Mozarlândia,Não eleito,12,1,76,81,0
c1278,Derson do Zezé Mineiro,Wanderson Rosa Silva,13111,PT,Vereador 2024,Santa Bárbara de Goiás,Suplente,72,1,17,24,0
c1279,Joaquim da Melancia,Joaquim Damião de Abreu,13456,PT,Vereador 2024,Santa Bárbara de Goiás,Suplente,71,1,18,24,0
c1280,Lu Moura,Luzani Borges de Moura,13777,PT,Vereador 2024,Santa Bárbara de Goiás,Suplente,7,1,21,24,0
c1281,Jose Mario Pa Presidente Lula,José Mário Silva de Souza,13013,PT,Vereador 2024,Cristalina,Não eleito,96,1,80,190,0
c1282,Professora Walquiria Pinheiro,Walquiria Pinheiro Lima Aguiar,13333,PT,Vereador 2024,Anápolis,Suplente,289,1,165,378,0
c1283,Naben,Assef Jorge Naben,13150,PT,Vereador 2024,Anápolis,Suplente,403,1,127,378,0
c1284,Geilson Almeida,Geilson Conceicao de Almeida,13222,PT,Vereador 2024,Anápolis,Suplente,149,1,246,378,0
c1285,Enfermeira Regina Ribeiro,Regina Ribeiro de Castro Lima,13111,PT,Vereador 2024,Anápolis,Suplente,193,1,215,378,0
c1286,Rogerio Seabra,Rogerio Seabra Monteiro,13433,PT,Vereador 2024,Anápolis,Suplente,443,1,115,378,0
c1287,Fernando Nunes,Fernando Nunes de Oliveira,13100,PT,Vereador 2024,Anápolis,Suplente,161,1,234,378,0
c1288,Dr Luiz da Saúde,Luiz Carlos Teixeira Silva Junior,13000,PT,Vereador 2024,Anápolis,Suplente,1399,1,37,378,0
c1289,Professor Marcos Carvalho,Marcos Antonio de Carvalho Rosa,13500,PT,Vereador 2024,Anápolis,Eleito,3422,1,3,378,0
c1290,Cida Morais,Maria Aparecida Vieira de Morais,13234,PT,Vereador 2024,Anápolis,Suplente,82,1,304,378,0
c1291,Milsão Sucatão Industrial,Milson dos Santos,13666,PT,Vereador 2024,Anápolis,Suplente,47,1,341,378,0
c1292,Manim,Onaldo Jose Nunes,13131,PT,Vereador 2024,Anápolis,Suplente,167,1,229,378,0
c1293,Sebastiao Gomes,Sebastiao Gomes Araujo,13200,PT,Vereador 2024,Anápolis,Suplente,162,1,232,378,0
c1294,Silvia Regina da Saúde,Silvia Regina do Nascimento e Silva,13789,PT,Vereador 2024,Anápolis,Suplente,86,1,296,378,0
c1295,Suzana Carvalho,Suzana Sousa Carvalho Ferreira,13444,PT,Vereador 2024,Anápolis,Suplente,68,1,312,378,0
c1296,Professora Jocilene,Jocilene dos Santos das Neves,13777,PT,Vereador 2024,Anápolis,Suplente,418,1,123,378,0
c1297,Alfredo Landim,Alfredo Paes Landim Filho,13013,PT,Vereador 2024,Anápolis,Suplente,419,1,122,378,0
c1298,Professora Geli,Maria Geli Sanches,13456,PT,Vereador 2024,Anápolis,Suplente,2167,1,16,378,0
c1299,Rimet Jules,Rimet Jules Gomes Teixeira Filho,13123,PT,Vereador 2024,Anápolis,Eleito,2649,1,11,378,0
c1300,Ademir do Trenzinho,Edemir Ribeiro Joventino,13190,PT,Vereador 2024,Anápolis,Suplente,112,1,284,378,0
c1301,Lucas Rodrigues,Lucas Rodrigues dos Santos,13999,PT,Vereador 2024,Anápolis,Suplente,189,1,218,378,0
c1302,Ailton Borracheiro,Ailton Alves de Paula,13456,PT,Vereador 2024,Uirapuru,Eleito,103,1,9,28,0
c1303,Olfelina,Olfelina Teixeira de Assis,13222,PT,Vereador 2024,Uirapuru,Suplente,4,1,25,28,0
c1304,Pedro Teixeira,Pedro Teixeira da Silva,13789,PT,Vereador 2024,Uirapuru,Suplente,56,1,16,28,0
c1305,Odair  Dilo,Odair Rosa dos Santos,13300,PT,Vereador 2024,Uirapuru,Suplente,62,1,15,28,0
c1306,Juciene Tica,Juciene Soares Gomes,13000,PT,Vereador 2024,Uirapuru,Suplente,92,1,11,28,0
c1307,Lucas da Eva,Genesio Batista Cardoso,13333,PT,Vereador 2024,Uirapuru,Suplente,56,1,16,28,0
c1308,Alaor Siqueira,Alaor Felipe de Siqueira,13100,PT,Vereador 2024,São Francisco de Goiás,Não eleito,13,1,40,46,0
c1309,Professora Rubena,Rubena Barros de Assis,13000,PT,Vereador 2024,São Francisco de Goiás,Não eleito,56,1,24,46,0
c1310,Silvia Professora,Silvia Batista dos Santos Machado,13147,PT,Vereador 2024,São Francisco de Goiás,Não eleito,31,1,30,46,0
c1311,Francisca Costureira,Francisca dos Santos Vieira,13456,PT,Vereador 2024,São Francisco de Goiás,Não eleito,10,1,42,46,0
c1312,Thiago Barcemengo,Thiago Claudiano de Lima,13123,PT,Vereador 2024,São Francisco de Goiás,Não eleito,133,1,12,46,0
c1313,Ademir Vigilante,Ademir Antonio Siqueira Silva,13234,PT,Vereador 2024,São Francisco de Goiás,Não eleito,6,1,45,46,0
c1314,Branco Marceneiro,Ademir Rodrigues Fraga,13578,PT,Vereador 2024,São Francisco de Goiás,Não eleito,13,1,40,46,0
c1315,Luiz Valdo,Luiz Valdo Sanchos Rodrigues,13789,PT,Vereador 2024,São Francisco de Goiás,Não eleito,21,1,34,46,0
c1316,Arminio,Arminio Benicio Rodrigues,13618,PT,Vereador 2024,Planaltina,Não eleito,16,1,189,236,0
c1317,Professor Jadiel,Jadiel de Oliveira Azevedo,13700,PT,Vereador 2024,Planaltina,Não eleito,30,1,159,236,0
c1318,Danúbia Santos,Danubia dos Santos Silva,13180,PT,Vereador 2024,Planaltina,Não eleito,99,1,97,236,0
c1319,Vera da Feira,Francisca de Maria Veras,13200,PT,Vereador 2024,Planaltina,Não eleito,24,1,174,236,0
c1320,Maju Rocha,Jusilene Rodrigues Rocha,13333,PT,Vereador 2024,Planaltina,Não eleito,237,1,55,236,0
c1321,Betinho da Oeste,Durval Soares Dias,13000,PT,Vereador 2024,Planaltina,Não eleito,46,1,135,236,0
c1322,Salomão,Salomão Alves de Souza,13113,PT,Vereador 2024,Planaltina,Não eleito,13,1,203,236,0
c1323,Regiane Santos,Regiane Santos Souza,13013,PT,Vereador 2024,Planaltina,Não eleito,90,1,107,236,0
c1324,Joaquim Narciso,Joaquim Narciso de Souza,13110,PT,Vereador 2024,Planaltina,Não eleito,96,1,100,236,0
c1325,Tiãozinho Lopes,Jose Sebastião Lopes Pereira,13100,PT,Vereador 2024,Planaltina,Não eleito,333,1,42,236,0
c1326,Rubens Alves,Rubens Alves da Silva,13153,PT,Vereador 2024,Planaltina,Não eleito,56,1,124,236,0
c1327,Nita,Marinita Alves,13012,PT,Vereador 2024,Planaltina,Não eleito,15,1,193,236,0
c1328,Roberto Marques Motoboy,Roberto Marques Soares,13300,PT,Vereador 2024,Planaltina,Não eleito,213,1,59,236,0
c1329,Telma Cruz,Telma Lucia Mauriz da Cruz Miranda,13777,PT,Vereador 2024,Planaltina,Não eleito,188,1,64,236,0
c1330,Neto da Marmoraria,Manoel Neto Assis de Sousa,13400,PT,Vereador 2024,Planaltina,Não eleito,29,1,161,236,0
c1331,Ricardo Juventus,Ricardo dos Santos de Paula,13123,PT,Vereador 2024,Planaltina,Não eleito,223,1,57,236,0
c1332,Lourival Francisco,Lourival Francisco de Jesus,13456,PT,Vereador 2024,Planaltina,Não eleito,15,1,193,236,0
c1333,Maurício Moia,Amosio Teotonio Mauricio,13130,PT,Vereador 2024,Planaltina,Não eleito,14,1,200,236,0
c1334,Marivone Batista,Marivone Batista Fonseca Silva,13333,PT,Vereador 2024,Professor Jamil,Suplente,54,1,20,51,0
c1335,Henrique Motorista,Henrique Bueno Teixeira,13113,PT,Vereador 2024,Professor Jamil,Suplente,31,1,24,51,0
c1336,Vitor Cardoso,Vitor Cardoso da Silva,13021,PT,Vereador 2024,Professor Jamil,Suplente,19,1,31,51,0
c1337,Pastora Ana Maria,Ana Maria Pereira da Silva Rosa,13222,PT,Vereador 2024,Professor Jamil,Suplente,45,1,21,51,0
c1338,Paulo Machado,Paulo Rosa de Paula,13233,PT,Vereador 2024,Professor Jamil,Suplente,31,1,24,51,0
c1339,Luzia Quilombola,Luzia Cristina do Carmo,13338,PT,Vereador 2024,Professor Jamil,Suplente,75,1,17,51,0
c1340,Sgt Rogerio Leandro,Rogerio Aparecido Leandro,13500,PT,Vereador 2024,Professor Jamil,Suplente,10,1,41,51,0
c1341,Alexim do Gás,Aleixo Ferreira de Aguiar Filho,13123,PT,Vereador 2024,Professor Jamil,Eleito,132,1,8,51,0
c1342,Dj Cleber do Som,Cleber Menezes,13013,PT,Vereador 2024,Professor Jamil,Suplente,6,1,48,51,0
c1343,Eudivalter Morais,Eudivalter Alves de Morais,13456,PT,Vereador 2024,Professor Jamil,Eleito,156,1,5,51,0
c1344,Kênia Martins,Kenia Martins Santos,40013,PSB,Vereador 2024,Aragarças,Suplente,11,1,87,100,0
c1345,Professora Ana Rita,Ana Rita Marcelo de Castro,13789,PT,Vereador 2024,Goiânia,Suplente,2125,1,90,653,0
c1346,Delmar,Delmar Fernandes da Silva,13400,PT,Vereador 2024,Goiânia,Suplente,56,1,534,653,0
c1347,Professor Edward,Edward Madureira Brasil,13100,PT,Vereador 2024,Goiânia,Eleito,13573,1,2,653,0
c1348,Fabrício Rosa,Fabrício Silva Rosa,13000,PT,Vereador 2024,Goiânia,Eleito,7216,1,14,653,0
c1349,Zé Camburão,José Carlos de Souza Almeida,13713,PT,Vereador 2024,Goiânia,Suplente,273,1,311,653,0
c1350,Walcy Vieira Mick Jagger,Walcy Calixto Vieira,13444,PT,Vereador 2024,Goiânia,Suplente,94,1,476,653,0
c1351,Cabral,Alcino Cabral Costa,13021,PT,Vereador 2024,Goiânia,Suplente,43,1,569,653,0
c1352,Gilda Cruvinel,Gilda Luiza Cruvinel,13560,PT,Vereador 2024,Goiânia,Suplente,118,1,435,653,0
c1353,Jasiel Calixto,Jasiel Calixto Guimarães,13150,PT,Vereador 2024,Goiânia,Suplente,270,1,314,653,0
c1354,Ana Carol,Ana Caroline Carmo da Silva,13590,PT,Vereador 2024,Goiânia,Suplente,180,1,372,653,0
c1355,Kátia,Kátia Maria dos Santos,13013,PT,Vereador 2024,Goiânia,Eleito,7247,1,13,653,0
c1356,Paulo Ricardo,Paulo Ricardo Carlos Januário,13456,PT,Vereador 2024,Goiânia,Suplente,810,1,181,653,0
c1357,Ademildo Godoy,Ademildo Pereira de Godoy,13500,PT,Vereador 2024,Goiânia,Suplente,1158,1,144,653,0
c1358,Cipriano,Eurípedes Cipriano Mota,13131,PT,Vereador 2024,Goiânia,Suplente,1086,1,150,653,0
c1359,Dr José Nilton,José Nilton Carvalho da Silva,65190,PC do B,Vereador 2024,Goiânia,Suplente,232,1,333,653,0
c1360,Mara do Quiosk,Maria de Jesus Alves Benvindo,13028,PT,Vereador 2024,Goiânia,Suplente,64,1,520,653,0
c1361,Índio Medeiros,Weldes Bezerra de Medeiros,13300,PT,Vereador 2024,Goiânia,Suplente,533,1,221,653,0
c1362,Daniel Mendes,Daniel Mendes da Silva,13333,PT,Vereador 2024,Goiânia,Suplente,246,1,326,653,0
c1363,Danilo Oficina da Saúde,Danilo Gonçalves Moreira Caser,13777,PT,Vereador 2024,Goiânia,Suplente,865,1,171,653,0
c1364,Professora Ludmylla,Ludmylla da Silva Morais,13123,PT,Vereador 2024,Goiânia,Suplente,2968,1,68,653,0
c1365,Mãe Isabel de Oxum,Isabel Cristine Dias dos Santos,13077,PT,Vereador 2024,Goiânia,Suplente,126,1,426,653,0
c1366,Mc Jivas,Jivago Yuri Rodrigues dos Reis,13420,PT,Vereador 2024,Goiânia,Suplente,223,1,340,653,0
c1367,Elias Santos,Elias Alves dos Santos,13700,PT,Vereador 2024,Goiânia,Suplente,105,1,457,653,0
c1368,Henrique do Pt,Carlos Henrique Ferreira Neves,13888,PT,Vereador 2024,Goiânia,Suplente,137,1,412,653,0
c1369,Isaías Nunes,Isaias Nunes dos Santos,13135,PT,Vereador 2024,Goiânia,Suplente,221,1,343,653,0
c1370,Júlio César,Júlio César Ferreira de Jesus,13111,PT,Vereador 2024,Goiânia,Suplente,112,1,445,653,0
c1371,Sônia Cleide,Sônia Cleide Ferreira da Silva,13753,PT,Vereador 2024,Goiânia,Suplente,863,1,172,653,0
c1372,Antonino Quilombola,Antonino Bispo da Silva,11777,PP,Vereador 2024,Iaciara,Suplente,22,1,52,68,0
c1373,Fábio do Esporte,Fabio Carvalho Silva,13456,PT,Vereador 2024,Cristalina,Não eleito,15,1,167,190,0
c1374,Mário Santos,Mario Pereira dos Santos,13131,PT,Vereador 2024,Cristalina,Não eleito,60,1,110,190,0
c1375,Nildinha do Sindicato,Erenilda de Assis,13123,PT,Vereador 2024,Cristalina,Não eleito,134,1,61,190,0
c1376,Rosa do Orlando,Rosilene Maria Ferreira Sousa,11555,PP,Vereador 2024,Goianira,Eleito,507,1,20,98,0
c1377,Delreis da Milinha,Delreis Silva Braga,13023,PT,Vereador 2024,Goianira,Não eleito,108,1,57,98,0
c1378,Professor Agnaldo,Agnaldo Augusto de Oliveira,13123,PT,Vereador 2024,Goianira,Não eleito,327,1,28,98,0
c1379,Paula Caetano,Paula Cristina Caetano de Freitas,13777,PT,Vereador 2024,Goianira,Não eleito,171,1,46,98,0
c1380,Galvao,Kleber Galvao Silva,13234,PT,Vereador 2024,Goianira,Não eleito,12,1,92,98,0
c1381,Nena,Glaucilene Garcia de Souza,13000,PT,Vereador 2024,São Simão,Não eleito,9,1,93,100,0
c1382,Stefani Gonçalves,Stefani Gonçalves Marques,13123,PT,Vereador 2024,São Simão,Não eleito,8,1,94,100,0
c1383,Malta,Jhonathan Vieira Malta,13013,PT,Vereador 2024,São Simão,Não eleito,17,1,83,100,0
c1384,Antonio Silva Santos,Antonio Silva Santos,13333,PT,Vereador 2024,São Simão,Não eleito,5,1,100,100,0
c1385,Daniel do Pt,Daniel Martins da Silva,13456,PT,Vereador 2024,São Simão,Não eleito,17,1,83,100,0
c1386,Silvania Machado,Silvania Maria Alves Machado,13555,PT,Vereador 2024,Caçu,Não eleito,4,1,74,74,0
c1387,Marcos Vinicios,Marcos Vinicius Rosa de Freitas,13333,PT,Vereador 2024,Caçu,Não eleito,63,1,34,74,0
c1388,Valdivino do Assentamento,Valdivino Jacinto de Oliveira,13456,PT,Vereador 2024,Caçu,Não eleito,10,1,68,74,0
c1389,Jorge Henrique,Jorge Henrique Gomes Duarte,13111,PT,Vereador 2024,Caçu,Não eleito,37,1,49,74,0
c1390,Adão Bugrin,Adão Alves Mendes,13123,PT,Vereador 2024,Caçu,Não eleito,9,1,70,74,0
c1391,Tia Rita,Rita de Cassia Santos Freitas,13113,PT,Vereador 2024,Caçu,Não eleito,59,1,37,74,0
c1392,Sinomar Feirante,Sinomar Gonçalves da Silva,13013,PT,Vereador 2024,Caçu,Não eleito,17,1,62,74,0
c1393,Bete da Saude,Elizabete Maria da Silva,13000,PT,Vereador 2024,Caçu,Não eleito,57,1,40,74,0
c1394,Ailton 2 Irmãos,Ailton Vital Goncaves,13222,PT,Vereador 2024,Acreúna,Suplente,90,1,36,60,0
c1395,Nem do Moto Taxi,Welton Sardinha de Morais,13333,PT,Vereador 2024,Acreúna,Suplente,239,1,15,60,0
c1396,Lorrayne Ferreira,Lorrayne Ferreira de Jesus,13133,PT,Vereador 2024,Acreúna,Não eleito,0,0,55,60,85
c1397,Aline (Tia Aline ),Aline Almeida Alexandre,13000,PT,Vereador 2024,Acreúna,Suplente,59,1,41,60,0
c1398,Regina Santos,Regina Silva dos Santos,13131,PT,Vereador 2024,Acreúna,Suplente,82,1,38,60,0
c1399,Thalyton Silva,Thalyton Rodrigues Silva,13613,PT,Vereador 2024,Acreúna,Suplente,189,1,23,60,0
c1400,Adilson Mecanico,Adilson Machado de Oliveira,13111,PT,Vereador 2024,Acreúna,Suplente,213,1,20,60,0
c1401,Lula da Ambulância,Ademir Moises de Sousa,13123,PT,Vereador 2024,Acreúna,Eleito,293,1,11,60,0
c1402,Jorginho do Canadá,Jorge Cruz da Silva,13130,PT,Vereador 2024,Acreúna,Suplente,16,1,53,60,0
c1403,Marinaldo da Ambulância,José Marinaldo Pereira,13123,PT,Vereador 2024,Cachoeira Dourada,Não eleito,95,1,22,57,0
c1404,Sinarinha,Sinara Soares Ramos,13777,PT,Vereador 2024,Cachoeira Dourada,Não eleito,22,1,42,57,0
c1405,Maria Cecília,Maria Cecília Pereira da Silva,13333,PT,Vereador 2024,Cachoeira Dourada,Não eleito,127,1,13,57,0
c1406,Sirlene Cardoso,Sirlene Teodoro Cardoso,13113,PT,Vereador 2024,Cachoeira Dourada,Não eleito,3,1,57,57,0
c1407,Dr Edvaldo Arruda,Edvaldo Arruda da Silva,13000,PT,Vereador 2024,Cachoeira Dourada,Não eleito,29,1,37,57,0
c1408,Santinho,Francisco Luiz da Silva,13222,PT,Vereador 2024,Cachoeira Dourada,Não eleito,8,1,52,57,0
c1409,Hélio Lima,Francisco Hélio Lima Feitosa,13111,PT,Vereador 2024,Cachoeira Dourada,Não eleito,19,1,43,57,0
c1410,Ricardo Martins,Ricardo Martins do Nascimento,13120,PT,Vereador 2024,Cachoeira Dourada,Não eleito,29,1,37,57,0
c1411,Assis Arruda,Francisco Assis Arruda,13444,PT,Vereador 2024,Cachoeira Dourada,Não eleito,14,1,46,57,0
c1412,Idelson Rei da Mandioca,Idelson Orsino da Silva,33334,MOBILIZA,Vereador 2024,Caldas Novas,Não eleito,37,1,147,221,0
c1413,Nilmar Jorge,Nilmar Vieira Jorge,13111,PT,Vereador 2024,Vicentinópolis,Não eleito,49,1,33,57,0
c1414,Shirley Oliveira,Shirley Oliveira dos Santos,13123,PT,Vereador 2024,Vicentinópolis,Não eleito,1,1,56,57,0
c1415,Bim Padeiro,Joelton Santana dos Santos,13000,PT,Vereador 2024,Vicentinópolis,Não eleito,72,1,29,57,0
c1416,Simonia Tavares,Simonia Tavares de Jesus,13444,PT,Vereador 2024,Vicentinópolis,Não eleito,1,1,56,57,0
c1417,Rosildo Tavares,Rosildo Tavares,13222,PT,Vereador 2024,Vicentinópolis,Não eleito,194,1,12,57,0
c1418,Irmão Eugênio,José Eugênio da Silva Filho,13333,PT,Vereador 2024,Vicentinópolis,Não eleito,9,1,50,57,0
c1419,Professor Jacob,Jacob de Melo Alexandrino,13013,PT,Vereador 2024,Senador Canedo,Não eleito,45,1,143,195,0
c1420,Missionaria Sonia,Sonia Silva,13113,PT,Vereador 2024,Senador Canedo,Não eleito,57,1,133,195,0
c1421,Dr. Sanmuel,Sanmuel Paulo de Freitas,13123,PT,Vereador 2024,Senador Canedo,Não eleito,139,1,90,195,0
c1422,João Gomes,João Batista Barbosa Gomes,13000,PT,Vereador 2024,Joviânia,Não eleito,16,1,52,70,0
c1423,Zélia Professora,Zélia Fernandes Sousa Rezende,13111,PT,Vereador 2024,Joviânia,Não eleito,60,1,29,70,0
c1424,Neto Sousa,Francisco Pereira de Sousa,13123,PT,Vereador 2024,Joviânia,Não eleito,0,0,67,70,0
c1425,Elias,Elias Miranda,13124,PT,Vereador 2024,Joviânia,Não eleito,0,0,67,70,0
c1426,Rubens Biscoito,Antônio Rubens Fernandes,13013,PT,Vereador 2024,Joviânia,Não eleito,55,1,30,70,0
c1427,Joana da Rádio,Joana Darc da Silva,44333,UNIÃO,Vereador 2024,Catalão,Suplente,53,1,127,193,0
c1428,José Flávio  Zelão,Jose Flavio Ferreira,13000,PT,Vereador 2024,Cristalina,Não eleito,3,1,184,190,0
c1429,Frazão,Divino Frazão da Silva,40456,PSB,Vereador 2024,Itapuranga,Suplente,277,1,24,84,0
c1430,Professor Luciano Queiroz,Luciano Gonçalves de Queiroz,13123,PT,Vereador 2024,Itapuranga,Suplente,540,1,9,84,0
c1431,Branco da Oi,Cilemar Viana de Melo,13888,PT,Vereador 2024,Itapuranga,Suplente,136,1,39,84,0
c1432,Cesinha,César José Correia,13555,PT,Vereador 2024,Itapuranga,Eleito,567,1,7,84,0
c1433,Vilmarzinho,Vilmar dos Reis de Oliveira,13000,PT,Vereador 2024,Itapuranga,Suplente,163,1,34,84,0
c1434,Ronair de Lima Pintor,Ronair de Lima,13444,PT,Vereador 2024,Itapuranga,Suplente,19,1,79,84,0
c1435,Selma Gondim,Selma Maria Gondim Cardoso Rodrigues,13133,PT,Vereador 2024,Itapuranga,Suplente,56,1,62,84,0
c1436,Dielita Luz,Dielita da Luz Coelho,13111,PT,Vereador 2024,Itapuranga,Suplente,61,1,61,84,0
c1437,Oseias da Saúde,Oseias Marcos Aleixo da Silva,13777,PT,Vereador 2024,Itapuranga,Suplente,53,1,65,84,0
c1438,Miguelinho,Miguel Messias de Oliveira,13222,PT,Vereador 2024,Itapuranga,Suplente,52,1,66,84,0
c1439,Divina da Igreja,Divina dos Reis Sousa,13333,PT,Vereador 2024,Itapuranga,Suplente,76,1,55,84,0
c1440,Kaio Oliveira,Kaio de Oliveira Silva,13013,PT,Vereador 2024,Itapuranga,Suplente,47,1,68,84,0
c1441,Bethe Cristina,Elizabethe Cristina Martins Cardoso,13999,PT,Vereador 2024,Itapuranga,Suplente,323,1,19,84,0
c1442,Lino,Eroaston Lino dos Reis,10123,REPUBLICANOS,Vereador 2024,Santo Antônio de Goiás,Não eleito,8,1,68,90,0
c1443,Professor Antonio,Antonio Ferreira Barbosa,44000,UNIÃO,Vereador 2024,Campos Belos,Suplente,116,1,35,117,0
c1444,Maciel,Antonio Maciel Santana Dias,13333,PT,Vereador 2024,Maurilândia,Não eleito,0,0,46,47,6
c1445,Lú Maranhense,Luziana Maria da Cruz Silva,13123,PT,Vereador 2024,Maurilândia,Não eleito,10,1,38,47,0
c1446,Jauso Galego,Jauso dos Reis Damasceno,13155,PT,Vereador 2024,Maurilândia,Não eleito,1,1,45,47,0
c1447,Jorge Pedreiro,Jorge Antonio da Silva,13222,PT,Vereador 2024,Maurilândia,Não eleito,0,0,46,47,6
c1448,Wanguia,Wanguia Pedro da Silva,13334,PT,Vereador 2024,Maurilândia,Não eleito,3,1,43,47,0
c1449,Josival Guarda do Banco,Josival Felipe Gomes,13456,PT,Vereador 2024,Maurilândia,Não eleito,7,1,40,47,0
c1450,Professor João Batista,João Batista Martins Nogueira,13555,PT,Vereador 2024,Quirinópolis,Não eleito,0,0,136,138,12
c1451,Stefania,Stefania Batista da Silva,13456,PT,Vereador 2024,Quirinópolis,Não eleito,36,1,107,138,0
c1452,Neilton da Pax,Neilton Pereira Lima,13123,PT,Vereador 2024,Quirinópolis,Não eleito,109,1,66,138,0
c1453,Professor Vinicius,Vinicius Borges Alves,13013,PT,Vereador 2024,Quirinópolis,Não eleito,141,1,55,138,0
c1454,Martha,Martha Lourenço dos Santos,13333,PT,Vereador 2024,Quirinópolis,Não eleito,18,1,123,138,0
c1455,Beto Cabana,Atevaldo Nascimento de Santana,13178,PT,Vereador 2024,Quirinópolis,Não eleito,33,1,110,138,0
c1456,Elba Ferreira,Elbany Ferreira,13313,PT,Vereador 2024,Quirinópolis,Não eleito,7,1,133,138,0
c1457,Valdivino Jaú da Usina,Valdivino Antonio de Oliveira,13130,PT,Vereador 2024,Quirinópolis,Não eleito,36,1,107,138,0
c1458,Gilmar Pintor,Gilmar Tavares da Cruz,13777,PT,Vereador 2024,Quirinópolis,Não eleito,4,1,135,138,0
c1459,Bola de Fogo Zero Meia Dois,Andreando Firmino de Oliveira,50062,PSOL,Vereador 2024,Goiânia,Não eleito,130,1,420,653,0
c1460,Onofra,Onofra José dos Santos,13789,PT,Vereador 2024,Divinópolis de Goiás,Suplente,12,1,51,54,0
c1461,Ananias,Ananias de Castro Silva,13333,PT,Vereador 2024,Divinópolis de Goiás,Eleito,163,1,7,54,0
c1462,Jesuina,Jesuina Ferreira de Jesus,13113,PT,Vereador 2024,Divinópolis de Goiás,Suplente,13,1,49,54,0
c1463,Luiz da Vazante,Luiz Carlos Batista dos Passos,13123,PT,Vereador 2024,Divinópolis de Goiás,Suplente,76,1,22,54,0
c1464,Tonzão Pintor,Wellington Bueno da Silva,13133,PT,Vereador 2024,Divinópolis de Goiás,Suplente,4,1,53,54,0
c1465,Mazim da Vazante,Ismar Ferreira da Silva,13456,PT,Vereador 2024,Divinópolis de Goiás,Suplente,162,1,8,54,0
c1466,Rayanne Rosa,Rayanne Rosa dos Santos Alves,44567,UNIÃO,Vereador 2024,Aragarças,Suplente,248,1,15,100,0
c1467,Estefany,Estefany Lorrany Jesus Brito,13555,PT,Vereador 2024,Posse,Não eleito,48,1,74,117,0
c1468,Wanderly Lobeira,Wanderly Alves dos Santos,13333,PT,Vereador 2024,Posse,Não eleito,109,1,49,117,0
c1469,Professor Célio,Celio Francisco de Carvalho,13123,PT,Vereador 2024,Posse,Não eleito,64,1,66,117,0
c1470,Volnei Campelo,Volnei Campelo de Miranda,13550,PT,Vereador 2024,Posse,Não eleito,17,1,110,117,0
c1471,Vanessa,Vanessa Maria dos Santos,13334,PT,Vereador 2024,Posse,Não eleito,5,1,113,117,0
c1472,Roberto Batista,Roberto Batista de Oliveira,13444,PT,Vereador 2024,Posse,Não eleito,3,1,116,117,0
c1473,Marcela Sateles,Marcela Cavalcante Sateles dos Santos,13999,PT,Vereador 2024,Posse,Não eleito,31,1,94,117,0
c1474,Tiãozim da Sucam,Sebastião Rodrigues da Silva,13456,PT,Vereador 2024,Posse,Não eleito,71,1,59,117,0
c1475,Tia Sousa,Sousani Alves de Sousa,13111,PT,Vereador 2024,Posse,Não eleito,44,1,79,117,0
c1476,Beliete,Beliete Pereira Sodré Bispo,25222,PRD,Vereador 2024,Posse,Suplente,26,1,101,117,0
c1477,Tõe Codorna,Antonio Gomes de Almeida,13222,PT,Vereador 2024,Iaciara,Não eleito,86,1,29,68,0
c1478,Professora Deuseni,Maria Deuseni de Oliveira Gonsalves,13333,PT,Vereador 2024,Iaciara,Não eleito,113,1,25,68,0
c1479,Vitor Cavalcante,Vitor de Santana Cavalcante,13111,PT,Vereador 2024,Iaciara,Não eleito,217,1,10,68,0
c1480,Gilliard-Gil,Gilliard Gomes de Brito,13100,PT,Vereador 2024,Iaciara,Não eleito,14,1,59,68,0
c1481,Jarmundo da Saúde,Jarmundo Ribeiro dos Santos,13123,PT,Vereador 2024,Iaciara,Não eleito,107,1,26,68,0
c1482,Indio,Josevá Sirino da Silva,13710,PT,Vereador 2024,Iaciara,Não eleito,20,1,54,68,0
c1483,Kátia de Seu Israel,Katia Guedes de Moura,13000,PT,Vereador 2024,Iaciara,Não eleito,15,1,58,68,0
c1484,Luiz Lacerda,Luiz Santos Lacerda,20300,PODE,Vereador 2024,Anápolis,Suplente,411,1,125,378,0
c1485,Vanilton Gaguim Serralheiro,Vanilton da Guia Souza,11153,PP,Vereador 2024,Uruaçu,Não eleito,163,1,45,133,0
c1486,Jânio Ferreira,Jânio Ferreira Alves,13456,PT,Vereador 2024,Uruaçu,Não eleito,79,1,73,133,0
c1487,Luci A Tia do Pastel,Lucineide Pereira dos Santos,13123,PT,Vereador 2024,Uruaçu,Não eleito,12,1,121,133,0
c1488,Jorge Braga,Jorge Braga dos Passos,13777,PT,Vereador 2024,Uruaçu,Não eleito,22,1,111,133,0
c1489,Eloene Oliveira,Eloene Luiz de Oliveira,13111,PT,Vereador 2024,Uruaçu,Não eleito,25,1,103,133,0
c1490,Natalicia Cardoso,Natalicia Alves Cardoso,13000,PT,Vereador 2024,Uruaçu,Não eleito,33,1,93,133,0
c1491,Edivaneide,Edivaneide Pereira Romualdo,13041,PT,Vereador 2024,Campos Belos,Não eleito,9,1,108,117,0
c1492,Márcio Gorilla,Marcio Neville Fernandes dos Santos,13123,PT,Vereador 2024,Campos Belos,Não eleito,8,1,111,117,0
c1493,Professor Adelino,Adelino Soares Santos Machado,13000,PT,Vereador 2024,Campos Belos,Não eleito,85,1,50,117,0
c1494,Luzimaria,Luzimaria Bispo Braga,13456,PT,Vereador 2024,Campos Belos,Não eleito,43,1,82,117,0
c1495,Gilmar do Pt,Gilmar Rodrigues dos Santos,13333,PT,Vereador 2024,Goianésia,Não eleito,28,1,159,189,0
c1496,Marília Rodrigues,Marília Alves Rodrigues,13123,PT,Vereador 2024,Goianésia,Não eleito,91,1,118,189,0
c1497,Miguel Carvalho,Miguel Carvalho dos Santos,13007,PT,Vereador 2024,Goianésia,Não eleito,22,1,170,189,0
c1498,Evânia Félix,Evânia Félix de Sousa Rocha,13222,PT,Vereador 2024,Goianésia,Não eleito,41,1,147,189,0
c1499,Elisman da Silva,Elisman da Silva Libério,13015,PT,Vereador 2024,Goianésia,Não eleito,114,1,106,189,0
c1500,Wagner Silvério,Wagner Silvério da Silva,13000,PT,Vereador 2024,Goianésia,Não eleito,21,1,171,189,0
c1501,Claudinho,Claudio Rafael Ribeiro,13122,PT,Vereador 2024,Goianésia,Não eleito,75,1,124,189,0
c1502,Alencar,Alencar Lopes Machado,13000,PT,Vereador 2024,Palmeiras de Goiás,Não eleito,0,0,91,91,162
c1503,Pollyana do Assentamento,Pollyana Furtado dos Santos,13113,PT,Vereador 2024,Palmeiras de Goiás,Não eleito,42,1,70,91,0
c1504,João do Cirilo,João Severino de Moura,13471,PT,Vereador 2024,Palmeiras de Goiás,Não eleito,7,1,89,91,0
c1505,Beiju,Valdeci Fernandes dos Santos,13678,PT,Vereador 2024,Palmeiras de Goiás,Não eleito,19,1,84,91,0
c1506,Bilé da Farinha,Wedson André da Silva,13112,PT,Vereador 2024,Palmeiras de Goiás,Não eleito,44,1,67,91,0
c1507,Adairton Magalhães,Adairton de Sousa Magalhães,13151,PT,Vereador 2024,Palmeiras de Goiás,Não eleito,27,1,79,91,0
c1508,Margareth da Feira,Margareth Ribeiro da Silva,13123,PT,Vereador 2024,Palmeiras de Goiás,Não eleito,39,1,73,91,0
c1509,Erotides dos Santos,Erotides dos Santos,13656,PT,Vereador 2024,Palmeiras de Goiás,Não eleito,13,1,86,91,0
c1510,Professor Francisco Lima,Francisco de Assis Soares Lima,13777,PT,Vereador 2024,Novo Gama,Não eleito,159,1,77,237,0
c1511,Léo Indião,Leonardo dos Santos Andrade Barros,13600,PT,Vereador 2024,Novo Gama,Não eleito,81,1,112,237,0
c1512,Maísa,Maísa Oliveira de Jesus Sousa,13113,PT,Vereador 2024,Novo Gama,Não eleito,18,1,197,237,0
c1513,Dra Vera Lucia,Vera Lucia Costa de Almeida Braga,13123,PT,Vereador 2024,Novo Gama,Não eleito,27,1,173,237,0
c1514,Marcos Leão,Marcos de Oliveira Leão,13333,PT,Vereador 2024,Novo Gama,Não eleito,30,1,166,237,0
c1515,Professor Elias Moraes,Elias Vieira de Moraes,13100,PT,Vereador 2024,Novo Gama,Não eleito,25,1,179,237,0
c1516,Linda Abadia,Linda Abadia Alves Gonçalves,13013,PT,Vereador 2024,Novo Gama,Não eleito,17,1,198,237,0
c1517,Dra Thaynara,Thaynara Suzany Gonçalves dos Santos,13123,PT,Vereador 2024,Alto Paraíso de Goiás,Não eleito,111,1,16,67,0
c1518,Vinicius Lulalivre,Vinicius Moll de Castro Pereira,13456,PT,Vereador 2024,Alto Paraíso de Goiás,Não eleito,8,1,60,67,0
c1519,Marcão do Povo,Marcos Antônio Gonçalves Braga,13013,PT,Vereador 2024,Alto Paraíso de Goiás,Não eleito,27,1,44,67,0
c1520,Elcivaldo Barbosa,Elcivaldo Barbosa da Silva,15123,MDB,Vereador 2024,Buritinópolis,Não eleito,134,1,8,36,0
c1521,Alcinezio Doações,Alcinezio Estival da Mata,18000,REDE,Vereador 2024,Anápolis,Não eleito,84,1,301,378,0
c1522,Américo,Américo Moreira do Val Filho,13113,PT,Vereador 2024,Cidade Ocidental,Não eleito,51,1,119,182,0
c1523,Dudu Guerreiro,Raimundo do Nascimento Guerreiro,13016,PT,Vereador 2024,Cidade Ocidental,Não eleito,23,1,142,182,0
c1524,Abacate,Iraídes Pereira Mendanha,13234,PT,Vereador 2024,Inhumas,Não eleito,109,1,74,233,0
c1525,Abadia Manicure,Maria Abadia Gonçalves Borges,13000,PT,Vereador 2024,Inhumas,Não eleito,47,1,128,233,0
c1526,Professor João Roque,João Roque das Chagas Filho,13456,PT,Vereador 2024,Inhumas,Não eleito,144,1,63,233,0
c1527,Rosa do Café,Rosalina Albino Nunes dos Reis,13222,PT,Vereador 2024,Inhumas,Não eleito,67,1,100,233,0
c1528,Professora Jéssica,Jessica Alves Fernandes,13013,PT,Vereador 2024,Inhumas,Não eleito,32,1,151,233,0
c1529,Abnel Cardoso,Abnel Cardoso Lourenço Neto,13333,PT,Vereador 2024,Inhumas,Não eleito,368,1,23,233,0
c1530,Professor Oscar Mendes,Oscar Ferreira Mendes Neto,13123,PT,Vereador 2024,Inhumas,Não eleito,361,1,24,233,0
c1531,Sueli Teles,Sueli de Brito Teles,13789,PT,Vereador 2024,Guapó,Suplente,9,1,87,96,0
c1532,Wesley Lei,Wesley Pereira Batista,13113,PT,Vereador 2024,Guapó,Suplente,54,1,48,96,0
c1533,Juliana das Entregas,Juliana Rosa de Carvalho,13600,PT,Vereador 2024,Guapó,Suplente,34,1,63,96,0
c1534,Aldi Construtor,Aldi de Souza Pereira,13100,PT,Vereador 2024,Guapó,Suplente,59,1,47,96,0
c1535,Marco Antonio (Mm),Marco Antonio Martins Marques e Miranda,13500,PT,Vereador 2024,Guapó,Suplente,150,1,25,96,0
c1536,Gabriella Borges,Maria Gabriella Martins Borges,13013,PT,Vereador 2024,Guapó,Suplente,120,1,30,96,0
c1537,Rodrigo do Pe Vermelho,Rodrigo Bernardes Rodrigues,13075,PT,Vereador 2024,Guapó,Suplente,61,1,45,96,0
c1538,Ganso Motora,Lindomar Fausto dos Santos,13456,PT,Vereador 2024,Guapó,Suplente,62,1,44,96,0
c1539,Ritinha da Educação,Rita Maria Maranduba,13123,PT,Vereador 2024,Guapó,Suplente,36,1,60,96,0
c1540,Divino Biro Biro,Divino de Morais Gonçalves,13333,PT,Vereador 2024,Guapó,Suplente,42,1,57,96,0
c1541,Donizett do Esporte,Donizett Paula Borges,13700,PT,Vereador 2024,Guapó,Eleito,249,1,13,96,0
c1542,Alexandre Serrinha,Alexandre Moreira da Silva,13000,PT,Vereador 2024,Guapó,Suplente,162,1,22,96,0
c1543,Roberto Pefrega Flow,Roberto Silva Vitor,16123,PSTU,Vereador 2024,Novo Gama,Não eleito,23,1,185,237,0
c1544,Reginaldo Construtor,Reginaldo Cornélio da Silva,11888,PP,Vereador 2024,Santa Helena de Goiás,Suplente,136,1,47,142,0
c1545,Zé Jardim,Jose Pereira Jardim,13013,PT,Vereador 2024,Heitoraí,Não eleito,14,1,33,38,0
c1546,Zezinha,Maria José Rigonato,13123,PT,Vereador 2024,Heitoraí,Não eleito,11,1,34,38,0
c1547,Wilmar do Caminhao,Wilmar Vicente Martins,30000,NOVO,Vereador 2024,Trindade,Suplente,168,1,103,256,0
c1548,Luiz Walter Pedreiro,Luiz Walter Gomes Machado,13456,PT,Vereador 2024,Edéia,Não eleito,23,1,44,57,0
c1549,Monica Filha da Lazinha,Monica Pereira de Oliveira,13123,PT,Vereador 2024,Edéia,Não eleito,73,1,28,57,0
c1550,Borracheiro,Eudinaldo Vieira de Souza,13010,PT,Vereador 2024,Edéia,Não eleito,7,1,54,57,0
c1551,Euripinho,Euripedes Bernardes da Silva,13333,PT,Vereador 2024,Edéia,Não eleito,56,1,32,57,0
c1552,Mariano,Antonio Pereira Mariano,13888,PT,Vereador 2024,Edéia,Não eleito,17,1,47,57,0
c1553,Eliene,Eliene Vieira Martins,13444,PT,Vereador 2024,Edéia,Não eleito,161,1,16,57,0
c1554,Izabel Baiana,Izabel Pereira Ramos Neta,13111,PT,Vereador 2024,Edéia,Não eleito,22,1,45,57,0
c1555,Gilmar Barros Pé de Bandeira,Gilmar Parreira de Barros,13222,PT,Vereador 2024,Edéia,Não eleito,73,1,28,57,0
c1556,Julimar Pescoço,Julimar Marques,13013,PT,Vereador 2024,Edéia,Não eleito,16,1,48,57,0
c1557,Ivan Almeida,Ivan Rodrigues de Almeida,28111,PRTB,Vereador 2024,Campos Belos,Não eleito,129,1,30,117,0
c1558,Ilton David,Ilton David de Paula Santos,13456,PT,Vereador 2024,Santo Antônio de Goiás,Não eleito,205,1,11,90,0
c1559,Professora Maria Helena,Maria Helena Luiz,13013,PT,Vereador 2024,Santo Antônio de Goiás,Não eleito,196,1,13,90,0
c1560,Taty da Dança,Tatianny Oliveira Barbosa dos Santos,13000,PT,Vereador 2024,Santo Antônio de Goiás,Não eleito,9,1,65,90,0
c1561,Zezinho da Cadeira,Valmildo Galdino de Oliveira,13333,PT,Vereador 2024,Santo Antônio de Goiás,Não eleito,5,1,78,90,0
c1562,Bia,Beatriz Francisca dos Santos,13123,PT,Vereador 2024,Santo Antônio de Goiás,Não eleito,51,1,34,90,0
c1563,Paulo Ricardo,Paulo Ricardo Vaz da Silva,13100,PT,Vereador 2024,Santo Antônio de Goiás,Não eleito,16,1,52,90,0
c1564,Rosária do Sintego,Rosária Nogueira da Abadia,13000,PT,Vereador 2024,Jaraguá,Não eleito,260,1,33,79,0
c1565,Cenagê Cruz,Cenagê Aparecida Cruz,13444,PT,Vereador 2024,Jaraguá,Não eleito,9,1,76,79,0
c1566,Carlos Mendes,Carlos Augusto Mendes,13090,PT,Vereador 2024,Jaraguá,Não eleito,7,1,79,79,0
c1567,Geraldo de Deus,Geraldo de Deus Filho,13001,PT,Vereador 2024,Jaraguá,Não eleito,35,1,68,79,0
c1568,Olga Aquino,Olga Ferreira de Aquino Santos,13999,PT,Vereador 2024,Jaraguá,Não eleito,43,1,64,79,0
c1569,Toninho da Reciclagem,Antonio Luiz Ferreira,13111,PT,Vereador 2024,Jaraguá,Não eleito,62,1,59,79,0
c1570,Professora Manuela,Maria Aparecida Amaral Sobrinho,13215,PT,Vereador 2024,Terezópolis de Goiás,Suplente,208,1,10,60,0
c1571,Dorvilê Borges,Dorvile Marinho Borges,13123,PT,Vereador 2024,Terezópolis de Goiás,Suplente,17,1,41,60,0
c1572,Elias da Saúde,Elias Balduino da Silva,13113,PT,Vereador 2024,Terezópolis de Goiás,Suplente,24,1,36,60,0
c1573,Genildo da Marcinha Louza,Genildo Aparecido Aprígio,13113,PT,Vereador 2024,Leopoldo de Bulhões,Suplente,51,1,27,52,0
c1574,Divina Abreu,Divina Maria de Abreu,13000,PT,Vereador 2024,Leopoldo de Bulhões,Suplente,22,1,35,52,0
c1575,Cleomar dos Reis,Cleomar dos Reis Laurindo,43333,PV,Vereador 2024,Leopoldo de Bulhões,Suplente,163,1,16,52,0
c1576,Lucinha Barreto,Lucimar Alves Barreto,13123,PT,Vereador 2024,Leopoldo de Bulhões,Suplente,72,1,21,52,0
c1577,Prof Dumas,Domingos Barbosa dos Santos,13111,PT,Vereador 2024,Leopoldo de Bulhões,Suplente,10,1,41,52,0
c1578,Nilson Bar,Nilson Francisco da Silva,13330,PT,Vereador 2024,Leopoldo de Bulhões,Suplente,9,1,42,52,0
c1579,Zé Guerreiro,José Carlos de Lima,13333,PT,Vereador 2024,Leopoldo de Bulhões,Suplente,9,1,42,52,0
c1580,Nildevan,Nildevan Joaquim de Souza,13131,PT,Vereador 2024,Trombas,Não eleito,23,1,18,27,0
c1581,Camila Candido,Camila Candido de Freitas,13113,PT,Vereador 2024,Trombas,Não eleito,17,1,22,27,0
c1582,Carlos Alves,Carlos Alves dos Santos,13123,PT,Vereador 2024,Trombas,Não eleito,23,1,18,27,0
c1583,Deninha,Zildene Soares Vilas Boas Rodrigues,13456,PT,Vereador 2024,Trombas,Não eleito,45,1,17,27,0
c1584,João Lopes,João Lopes da Silva,13333,PT,Vereador 2024,Trombas,Não eleito,77,1,14,27,0
c1585,Carlos Martins,Antonio Carlos Martins,13300,PT,Vereador 2024,Aparecida de Goiânia,Suplente,102,1,276,466,0
c1586,Elaine Cristine,Elaine Cristine Nogueira Chaves,13123,PT,Vereador 2024,Aparecida de Goiânia,Suplente,340,1,168,466,0
c1587,Dionis das Comunidades,Dionis Ferreira dos Santos,13700,PT,Vereador 2024,Aparecida de Goiânia,Suplente,183,1,219,466,0
c1588,Cida Braga,Aparecida da Luz Braga de Freitas,13100,PT,Vereador 2024,Aparecida de Goiânia,Suplente,1086,1,68,466,0
c1589,Isac Cardoso,Isac Cardoso dos Santos,13400,PT,Vereador 2024,Aparecida de Goiânia,Suplente,242,1,190,466,0
c1590,Pastor Divino de Jesus,Antonio Divino de Jesus,13002,PT,Vereador 2024,Aparecida de Goiânia,Suplente,52,1,332,466,0
c1591,Dra Fernanda Sarelli,Fernanda Sarelli Alves Carvalho Maximo,13001,PT,Vereador 2024,Aparecida de Goiânia,Suplente,744,1,96,466,0
c1592,Euripedes Silva,Euripedes da Silva,13321,PT,Vereador 2024,Aparecida de Goiânia,Suplente,28,1,378,466,0
c1593,Jailson da Casa de Carnes,Jailson de Jesus Araujo,13200,PT,Vereador 2024,Aparecida de Goiânia,Suplente,574,1,113,466,0
c1594,Mazinho Madre Germana,Velomar Vieira de Sousa,13500,PT,Vereador 2024,Aparecida de Goiânia,Eleito,2238,1,19,466,0
c1595,Professora Vânia França,Vânia França Matias,13789,PT,Vereador 2024,Aparecida de Goiânia,Suplente,805,1,88,466,0
c1596,Rafaell Rodolpho,Rafaell Rodolpho Nascente Araujo,13777,PT,Vereador 2024,Aparecida de Goiânia,Suplente,17,1,413,466,0
c1597,Marleide do Hospital,Marleide Pereira de Oliveira,13048,PT,Vereador 2024,Caiapônia,Não eleito,14,1,77,89,0
c1598,Joao de Brito,Joao de Brito Moraes,13133,PT,Vereador 2024,Caiapônia,Não eleito,23,1,66,89,0
c1599,Vilson Mattana (Gauchinho),Vilson Miguel Mattana,13113,PT,Vereador 2024,Caiapônia,Não eleito,11,1,81,89,0
c1600,Gildélia,Gildélia Justiniano dos Santos,13000,PT,Vereador 2024,Doverlândia,Não eleito,14,1,41,57,0
c1601,Tatiane Cabeleireira,Tatiane Rosa da Silva,13222,PT,Vereador 2024,Doverlândia,Não eleito,10,1,48,57,0
c1602,Alankardec,Alankardec Eucares Domingues,13456,PT,Vereador 2024,Doverlândia,Não eleito,2,1,57,57,0
c1603,Jorceny da Agricultura,Jorceny Fernandes de Oliveira Costa,13123,PT,Vereador 2024,Doverlândia,Não eleito,44,1,26,57,0
c1604,Nivaldo do Ases,Nivaldo Peres de Sousa,13013,PT,Vereador 2024,Doverlândia,Não eleito,57,1,21,57,0
c1605,Orlanes Maranhão,Orlanes Ferreira de Sousa,45007,PSDB,Vereador 2024,Aparecida de Goiânia,Suplente,371,1,157,466,0
c1606,Flaviane Santos,Flaviane dos Santos Silva,40040,PSB,Vereador 2024,Aparecida de Goiânia,Suplente,102,1,276,466,0
c1607,Júlio Paschoal,Julio Alfredo Rosa Paschoal,13234,PT,Vereador 2024,Catalão,Não eleito,103,1,94,193,0
c1608,Joaquim Amaral,Joaquim Luís Alves do Amaral,13132,PT,Vereador 2024,Catalão,Não eleito,27,1,156,193,0
c1609,Luiz Custódio Pipoca,Luiz de Oliveira Custódio,13131,PT,Vereador 2024,Catalão,Não eleito,33,1,150,193,0
c1610,Lourdes Silva Assistente Socia,Maria de Lourdes Silva,13123,PT,Vereador 2024,Catalão,Não eleito,109,1,89,193,0
c1611,Adriana Lopes,Adriana Lopes Tavares,13122,PT,Vereador 2024,Catalão,Não eleito,20,1,168,193,0
c1612,Alda Mesquita,Alda de Oliveira Mesquita,13200,PT,Vereador 2024,Catalão,Não eleito,86,1,103,193,0
c1613,Paulinho do Pt,Paulo Rogério Machado,13500,PT,Vereador 2024,Catalão,Não eleito,76,1,107,193,0
c1614,Sinvaldo da Lua,Sinvaldo Cardoso Silva,13777,PT,Vereador 2024,Catalão,Não eleito,25,1,158,193,0
c1615,Professor Luiz Carvalho,Luiz do Nascimento Carvalho,13111,PT,Vereador 2024,Catalão,Não eleito,65,1,116,193,0
c1616,Jovânio Duarte,Jovânio Duarte,13333,PT,Vereador 2024,Catalão,Não eleito,42,1,136,193,0
c1617,Fernando Baiano,Fernando da Silva Machado,13000,PT,Vereador 2024,Catalão,Não eleito,70,1,110,193,0
c1618,Dona Fatima,Ildonete de Fatima Novais,13456,PT,Vereador 2024,Colinas do Sul,Não eleito,3,1,47,50,0
c1619,Ady Cantor,Adivair de Almeida Cortes,13111,PT,Vereador 2024,Colinas do Sul,Não eleito,45,1,25,50,0
c1620,Lambu,Sidinei da Silva Santos,13013,PT,Vereador 2024,Colinas do Sul,Não eleito,7,1,41,50,0
c1621,Telma,Telma Izaura Rocha de Almeida,13000,PT,Vereador 2024,Colinas do Sul,Não eleito,10,1,37,50,0
c1622,Henrique Fiscal do Povo,Henrique Ulisses da Silva,13333,PT,Vereador 2024,Colinas do Sul,Não eleito,131,1,13,50,0
c1623,Deja,Dejanira Jose de Brito Napoles,13123,PT,Vereador 2024,Colinas do Sul,Não eleito,21,1,31,50,0
c1624,Celiomar da Prefeitura,Celiomar Correia de Melo,13222,PT,Vereador 2024,Campestre de Goiás,Não eleito,24,1,27,41,0
c1625,Leozinho,Leonardo Augusto Jenuino Gomes,13466,PT,Vereador 2024,Campestre de Goiás,Não eleito,11,1,35,41,0
c1626,Mabilia,Mabilia Dias da Silva,13555,PT,Vereador 2024,Campestre de Goiás,Não eleito,10,1,36,41,0
c1627,Alan do Seu Orides,Alan Cardec Cirino Tomaz,13123,PT,Vereador 2024,Campestre de Goiás,Não eleito,26,1,26,41,0
c1628,Negão da Limpeza,Vanderci de Jesus,13333,PT,Vereador 2024,Campestre de Goiás,Não eleito,22,1,28,41,0
c1629,Paula do Pt,Paula Pereira,13013,PT,Vereador 2024,Campestre de Goiás,Não eleito,49,1,20,41,0
c1630,Antonio Neca,Antonio Ribeiro de Souza,13456,PT,Vereador 2024,Ipiranga de Goiás,Não eleito,44,1,22,35,0
c1631,Robervania Gonzaga,Robervania Ferreira da Silva Gonzaga,13123,PT,Vereador 2024,Ipiranga de Goiás,Não eleito,57,1,19,35,0
c1632,Igor Fernandes,Igor Fernandes Gonçalves,13224,PT,Vereador 2024,Ipiranga de Goiás,Não eleito,8,1,31,35,0
c1633,Preta do Sindicato,Neiliane Patricia Justino Rodrigues,13123,PT,Vereador 2024,Carmo do Rio Verde,Não eleito,74,1,23,45,0
c1634,Vanessa Maria,Vanessa Maria da Silva Alves,13333,PT,Vereador 2024,Carmo do Rio Verde,Não eleito,3,1,43,45,0
c1635,Jeranisia,Jeranisia Patrícia Ribeiro,13555,PT,Vereador 2024,Carmo do Rio Verde,Não eleito,30,1,34,45,0
c1636,Rony Antunes,Ronivaldo Antunes Ferreira,13193,PT,Vereador 2024,Carmo do Rio Verde,Não eleito,5,1,42,45,0
c1637,Elielton do Campo,Elielton Antunes Ferreira,13630,PT,Vereador 2024,Carmo do Rio Verde,Não eleito,1,1,44,45,0
c1638,Prof Maikon,Maikon Kelvy de Souza Silva Ferreira,13013,PT,Vereador 2024,Mineiros,Não eleito,42,1,120,159,0
c1639,Professor Cori,Coriolano Caetano Ferreira,13123,PT,Vereador 2024,Mineiros,Não eleito,235,1,50,159,0
c1640,Prof Ita,Ita de Fatima Dias Silva,13100,PT,Vereador 2024,Mineiros,Não eleito,271,1,44,159,0
c1641,Prof Jenete Vilela,Jenete Vilela Souza,13456,PT,Vereador 2024,Mineiros,Não eleito,146,1,70,159,0
c1642,Cidinha do Pt,Maria Aparecida Martins Rosa,13000,PT,Vereador 2024,Mineiros,Não eleito,59,1,109,159,0
c1643,Cleusa do Sintraf,Cleusa Maria da Silva,13333,PT,Vereador 2024,Mineiros,Não eleito,69,1,104,159,0
c1644,Prof Ademilson Peixoto,Ademilson Peixoto de Souza,13300,PT,Vereador 2024,Mineiros,Não eleito,33,1,128,159,0
c1645,Valci Goulart,Valcir Jose Goularte,13133,PT,Vereador 2024,Mineiros,Não eleito,76,1,98,159,0
c1646,Roque Acam Deus Primeiro Lugar,Roque Abadio de Oliveira Resende,13777,PT,Vereador 2024,Mineiros,Não eleito,75,1,101,159,0
c1647,Sirlene Marcorio,Sirlene Araujo Marcorio,13513,PT,Vereador 2024,Trindade,Não eleito,23,1,216,256,0
c1648,Xuxa do Salao,Joaquim Paula da Silva Junior,13000,PT,Vereador 2024,Trindade,Não eleito,65,1,161,256,0
c1649,Wesley Toledo,Wesley Correa de Toledo,13600,PT,Vereador 2024,Trindade,Não eleito,316,1,66,256,0
c1650,Arquivaldo Filho,Arquivaldo Bites Leão Leite Filho,13123,PT,Vereador 2024,Trindade,Não eleito,392,1,57,256,0
c1651,Prof Alaor Dorneles,Alaor Dorneles de Oliveira,13456,PT,Vereador 2024,Trindade,Não eleito,614,1,36,256,0
c1652,Antônio Rato Branco,Antonio Donizete Jose de Oliveira,13924,PT,Vereador 2024,Trindade,Não eleito,79,1,154,256,0
c1653,Kennedy Azeredo,Kennedy Azeredo de Miranda Junior,13113,PT,Vereador 2024,Trindade,Não eleito,80,1,153,256,0
c1654,Elias Lemos,Elias Pereira de Lemos,13110,PT,Vereador 2024,Trindade,Não eleito,17,1,227,256,0
c1655,Josué Silva,Josue da Silva Souza,13013,PT,Vereador 2024,Trindade,Não eleito,36,1,194,256,0
c1656,Seir Melo,Seir Pereira de Melo,13333,PT,Vereador 2024,Trindade,Não eleito,19,1,223,256,0
c1657,Ademar Felipe,Ademar Felipe dos Santos,13016,PT,Vereador 2024,Trindade,Não eleito,36,1,194,256,0
c1658,Neidinha Martins,Neide Martins de Souza,13444,PT,Vereador 2024,Trindade,Não eleito,92,1,144,256,0
c1659,Edson Santos Compositor,Edson Pereira dos Santos,13713,PT,Vereador 2024,Trindade,Não eleito,20,1,222,256,0
c1660,Lucélia Luiz,Lucélia Luiz Vieira Sabino,13680,PT,Vereador 2024,Trindade,Não eleito,17,1,227,256,0
c1661,Suzielly Rarianny,Suzielly Rarianny Dias Felix,13188,PT,Vereador 2024,Trindade,Não eleito,29,1,205,256,0
c1662,Professora Lucimarcia Mendes,Lucimarcia Mendes de Sousa,13103,PT,Vereador 2024,Trindade,Não eleito,37,1,190,256,0
c1663,Derson Formigão,Derson Moraes da Costa,13567,PT,Vereador 2024,Trindade,Não eleito,17,1,227,256,0
c1664,Rosely Professora,Maria Rosely Cavalcante,13333,PT,Vereador 2024,Alvorada do Norte,Não eleito,254,1,6,51,0
c1665,Thaís do Pet,Thaís Dionete Rodrigues Ferraz,13222,PT,Vereador 2024,Alvorada do Norte,Não eleito,82,1,20,51,0
c1666,Reibon,Reibon Alves da Silva,13111,PT,Vereador 2024,Alvorada do Norte,Não eleito,22,1,41,51,0
c1667,Tõe Remendão,Antônio Carlos Santana,13123,PT,Vereador 2024,Alvorada do Norte,Não eleito,0,0,51,51,17
c1668,Joãozinho,João Gonçalves,13133,PT,Vereador 2024,Alvorada do Norte,Não eleito,13,1,45,51,0
c1669,Jaqueline,Jaqueline Lopes de Sousa,13456,PT,Vereador 2024,Alvorada do Norte,Não eleito,75,1,24,51,0
c1670,Luiz Denilson,Luiz Denilson Ferreira da Silva,13111,PT,Vereador 2024,Itarumã,Não eleito,12,1,43,54,0
c1671,Agnaldo Toledo,Agnaldo Francisco Toledo,13013,PT,Vereador 2024,Itarumã,Não eleito,27,1,34,54,0
c1672,Afranio da Padaria,Afranio Anabio Gomes,13137,PT,Vereador 2024,Itarumã,Não eleito,9,1,46,54,0
c1673,Ronivan O To,Ronivan Jesus Martins da Silva,13555,PT,Vereador 2024,Itarumã,Não eleito,36,1,30,54,0
c1674,Valdionizio Boiadeiro,Valdionizio Rosa de Carvalho,13130,PT,Vereador 2024,Itarumã,Não eleito,9,1,46,54,0
c1675,Cida do Pt,Aparecida Ferreira Rosa,13123,PT,Vereador 2024,Itarumã,Não eleito,9,1,46,54,0
c1676,Meire Regina,Meire Regina Justino Ferreira,13222,PT,Vereador 2024,Itarumã,Não eleito,4,1,51,54,0
c1677,Elvis Lagoa,Elvis Dailson Bonfim Inacio,13000,PT,Vereador 2024,Itarumã,Não eleito,18,1,41,54,0
c1678,Maria Rodrigues,Maria Rodrigues de Freitas,13450,PT,Vereador 2024,Itarumã,Não eleito,22,1,38,54,0
c1679,Ivanildo 2M,Ivanildo Pereira dos Santos,13444,PT,Vereador 2024,Itarumã,Não eleito,44,1,29,54,0
c1680,Bruno Aquino,Bruno Tomaz de Aquino,13123,PT,Vereador 2024,Silvânia,Não eleito,22,1,56,60,0
c1681,Celio Daiana,Celio Moura da Silva,13456,PT,Vereador 2024,Silvânia,Não eleito,7,1,59,60,0
c1682,Renildes Professora,Renildes Aparecida Pereira Paula,13321,PT,Vereador 2024,Silvânia,Não eleito,274,1,21,60,0
c1683,José Fernandes,José Fernandes Filho,15115,MDB,Vereador 2024,Goianésia,Suplente,248,1,56,189,0
c1684,Carlos Cesar,Carlos Cesar Lemes Silva,13555,PT,Vereador 2024,Gouvelândia,Não eleito,25,1,23,37,0
c1685,Galega,Maria Aparecida da Costa,13013,PT,Vereador 2024,Gouvelândia,Não eleito,5,1,37,37,0
c1686,Sirlei Professora,Sirlei Rodrigues de Barros,13130,PT,Vereador 2024,Gouvelândia,Não eleito,19,1,25,37,0
c1687,Cidona Santos,Maria Aparecida dos Santos,13133,PT,Vereador 2024,Gouvelândia,Não eleito,32,1,20,37,0
c1688,Negão da Venda,Denivaldo Borges de Oliveira Assis,13000,PT,Vereador 2024,Gouvelândia,Não eleito,12,1,32,37,0
c1689,Geovane Araújo,Geovane Araujo da Cunha,13111,PT,Vereador 2024,Gouvelândia,Não eleito,62,1,17,37,0
c1690,Nei Rodrigues,Nei Rodrigues Oliveira,13115,PT,Vereador 2024,Gouvelândia,Não eleito,15,1,28,37,0
c1691,Oripim Preto,Euripedes Divino dos Santos,13117,PT,Vereador 2024,Gouvelândia,Não eleito,6,1,36,37,0
c1692,Leandrin,Leandro Oliveira dos Santos,13333,PT,Vereador 2024,Gouvelândia,Não eleito,10,1,35,37,0
c1693,Geraldino Pedreiro,Geraldino Rosa Martins,13123,PT,Vereador 2024,Gouvelândia,Não eleito,13,1,31,37,0
c1694,Zé da Imobiliária,José Carlos Alves,13333,PT,Vereador 2024,Bom Jardim de Goiás,Não eleito,23,1,33,40,0
c1695,Valdenice Costa,Valdenice Maria da Costa,13013,PT,Vereador 2024,Bom Jardim de Goiás,Não eleito,12,1,35,40,0
c1696,Rosa Almeida,Rosa Almeida Sobrinho,13113,PT,Vereador 2024,Bom Jardim de Goiás,Não eleito,3,1,38,40,0
c1697,Professor Bispo,José Bispo da Rocha e Silva,13001,PT,Vereador 2024,Bom Jardim de Goiás,Não eleito,7,1,36,40,0
c1698,Valdeci Curujinha,Valdeci Adão Machado,13123,PT,Vereador 2024,Bom Jardim de Goiás,Não eleito,3,1,38,40,0
c1699,Armando da Contabilidade,Armando Cardaquis de Athaides,13000,PT,Vereador 2024,Bom Jardim de Goiás,Não eleito,21,1,34,40,0
c1700,Alessandra Moraes,Alessandra Moraes Pereira,40444,PSB,Vereador 2024,Rio Verde,Não eleito,35,1,245,303,0
c1701,Professor Reginaldo,Reginaldo Rufino Marques,13123,PT,Vereador 2024,Rio Verde,Não eleito,78,1,174,303,0
c1702,Sebastião de Paiva Couto,Sebastião de Paiva Couto,13111,PT,Vereador 2024,Rio Verde,Não eleito,20,1,276,303,0
c1703,Gabriel Calil,Gabriel Calil Ferreira Santos,13013,PT,Vereador 2024,Rio Verde,Não eleito,729,1,52,303,0
c1704,Irmão Bill,Renivaldo Gomes da Silva,13010,PT,Vereador 2024,Rio Verde,Não eleito,189,1,115,303,0
c1705,João Filho,João Pereira dos Santos Filho,13155,PT,Vereador 2024,Rio Verde,Não eleito,31,1,252,303,0
c1706,Calixto,Weslei Ramos Calixto,13000,PT,Vereador 2024,Rio Verde,Não eleito,44,1,222,303,0
c1707,Altair Salgado Thata,Altair Pereira Salgado,13610,PT,Vereador 2024,Rio Verde,Não eleito,9,1,295,303,0
c1708,Carlão,Carlos Rodrigues Filho,13121,PT,Vereador 2024,Rio Verde,Não eleito,73,1,182,303,0
c1709,Francisca Sousa,Francisca Rosa de Sousa,13229,PT,Vereador 2024,Rio Verde,Não eleito,7,1,300,303,0
c1710,Professor Fabio Ferreira,Fabio Ferreira Borges,13777,PT,Vereador 2024,Rio Verde,Não eleito,36,1,243,303,0
c1711,Antonio Feitosa,Antonio Jose Domingos Feitosa,13051,PT,Vereador 2024,Rio Verde,Não eleito,24,1,268,303,0
c1712,Bia do Bronze,Beatriz Elias da Silva,13321,PT,Vereador 2024,Rio Verde,Não eleito,37,1,238,303,0
c1713,Joao Neto Ceara,Joao Martins da Silva Neto,13040,PT,Vereador 2024,Rio Verde,Não eleito,35,1,245,303,0
c1714,Dayanne Batista,Dayanne Batista do Prado,13222,PT,Vereador 2024,Rio Verde,Não eleito,16,1,283,303,0
c1715,Professor João Rodrigues,João Rodrigues da Costa,13456,PT,Vereador 2024,Formosa,Suplente,201,1,79,299,0
c1716,Martha Nunes,Maria Martha da Silva Nunes,13300,PT,Vereador 2024,Formosa,Suplente,28,1,231,299,0
c1717,Eleonora de Paula,Eleonora de Paula e Souza,13333,PT,Vereador 2024,Formosa,Suplente,13,1,266,299,0
c1718,Vinícius Farias,Vinícius Rodrigues de Farias,13133,PT,Vereador 2024,Formosa,Suplente,140,1,108,299,0
c1719,Welio de Iraci Chegou,Welio Antônio da Silva,13190,PT,Vereador 2024,Formosa,Eleito,857,1,14,299,0
c1720,Mylla Mel,Emília da Silva Santos,13631,PT,Vereador 2024,Formosa,Suplente,27,1,234,299,0
c1721,Professor Maurélio,Maurélio Moreira de Araújo,13100,PT,Vereador 2024,Formosa,Suplente,293,1,60,299,0
c1722,André Silva Lobo,André da Silva Soares,13500,PT,Vereador 2024,Formosa,Suplente,48,1,196,299,0
c1723,Professor Cristhiano,Cristhiano dos Santos Teixeira,13123,PT,Vereador 2024,Formosa,Suplente,76,1,159,299,0
c1724,Professora Nilza,Nilza Cristina Gomes dos Santos,13000,PT,Vereador 2024,Formosa,Eleito,690,1,16,299,0
c1725,Geraldo  Araújo,Geraldo Humberto de Araújo,13113,PT,Vereador 2024,Formosa,Suplente,91,1,139,299,0
c1726,Jader Alarcão,Jader Afonso de Alarcão Neto,13013,PT,Vereador 2024,Formosa,Suplente,78,1,157,299,0
c1727,Edson Fiorio,Edson Fiorio,13130,PT,Vereador 2024,Porangatu,Não eleito,136,1,57,116,0
c1728,Rodrigo Alberto Lopes,Rodrigo Alberto Lopes,13123,PT,Vereador 2024,Porangatu,Não eleito,192,1,45,116,0
c1729,Guicelma de Macedo,Guicelma de Macedo,13013,PT,Vereador 2024,Porangatu,Não eleito,37,1,96,116,0
c1730,João Gomes da Silva Filho,João Gomes da Silva Filho,13333,PT,Vereador 2024,Porangatu,Não eleito,26,1,105,116,0
c1731,Wanessa Kelly Beltrao Zoccoli,Wanessa Kelly Beltrao Zoccoli,13888,PT,Vereador 2024,Porangatu,Não eleito,26,1,105,116,0
c1732,Glorinha Baiana,Gloria Aparecida Rocha Silva,13000,PT,Vereador 2024,Cabeceiras,Não eleito,12,1,41,46,0
c1733,Salvador Borges,Salvador Borges dos Santos,13123,PT,Vereador 2024,Cabeceiras,Não eleito,39,1,29,46,0
c1734,Helena do Povo,Helena Maria da Silva Queiroz,13013,PT,Vereador 2024,Cabeceiras,Não eleito,35,1,32,46,0
c1735,Deiziele da Vereda,Deiziele Pereira Mendes dos Santos,13300,PT,Vereador 2024,Cabeceiras,Não eleito,15,1,38,46,0
c1736,Gabriel Sousa,Gabriel Sousa Silva,13200,PT,Vereador 2024,Cabeceiras,Não eleito,8,1,43,46,0
c1737,Jeferson do Salao,Jeferson de Souza Silva,13100,PT,Vereador 2024,Cabeceiras,Não eleito,30,1,33,46,0
c1738,Joaninha Ribeiro,Joana Ribeiro dos Santos,10555,REPUBLICANOS,Vereador 2024,Vila Boa,Não eleito,24,1,37,50,0
c1739,Domingos da Ótica,Domingos Reis Bogea,36000,AGIR,Vereador 2024,Bom Jesus de Goiás,Suplente,72,1,42,94,0
c1740,Mangueira,Igersivan Jardim Andrade,11222,PP,Vereador 2024,Chapadão do Céu,Suplente,41,1,35,55,0
c1741,Isaias Carteiro,Isaias Tiburcio da Silva,13456,PT,Vereador 2024,Piracanjuba,Não eleito,65,1,55,118,0
c1742,Professor Mauro,Mauro Enio Carlos de Barros,13130,PT,Vereador 2024,Piracanjuba,Não eleito,83,1,47,118,0
c1743,Professora Maria Rodrigues,Maria Rodrigues Cordeiro,13333,PT,Vereador 2024,Piracanjuba,Não eleito,73,1,51,118,0
c1744,Joacy do Laboratório,Joacy de Souza,13123,PT,Vereador 2024,Piracanjuba,Não eleito,28,1,86,118,0
c1745,Cirlei do Zeca Teixeira,Cirlei Aparecida Teixeira,13013,PT,Vereador 2024,Aragoiânia,Não eleito,26,1,55,79,0
c1746,Gutemberg Beguinha,Jose Gutemberg da Costa,13456,PT,Vereador 2024,Aragoiânia,Não eleito,9,1,70,79,0
c1747,Carlim,Jaime Carlos Barbosa,13123,PT,Vereador 2024,Aragoiânia,Não eleito,40,1,45,79,0
c1748,Prof Ângela,Ângela Maria de Moura,13787,PT,Vereador 2024,Aragoiânia,Não eleito,34,1,47,79,0
c1749,Cabo Douglas Rocha,Douglas Rocha das Neves,35000,PMB,Vereador 2024,Formosa,Não eleito,11,1,269,299,0
c1750,Tio Reinaldo,Reinaldo de Oliveira Silva,20333,PODE,Vereador 2024,Luziânia,Não eleito,65,1,184,295,0
c1751,Geni,Geni Alves Ferreira,13000,PT,Vereador 2024,Piracanjuba,Não eleito,35,1,77,118,0
c1752,Rivania Valeria,Rivânia Valeria de Araujo Rocha,13888,PT,Vereador 2024,Aurilândia,Não eleito,30,1,25,40,0
c1753,Carlin do Pt,Carlos Aparecido Gomes,13333,PT,Vereador 2024,Aurilândia,Não eleito,21,1,26,40,0
c1754,Michel,Michel Carmone da Silva,13123,PT,Vereador 2024,Aurilândia,Não eleito,5,1,34,40,0
c1755,Nando Professor,José Fernando Cristóvão Brasileiro de Alvarenga,13000,PT,Vereador 2024,Aurilândia,Não eleito,47,1,21,40,0
c1756,Gabryelle Cristina,Gabryelle Cristina da Silva,13111,PT,Vereador 2024,Aurilândia,Não eleito,2,1,38,40,0
c1757,Tissão,Eurico Francisco Soares,13131,PT,Vereador 2024,Aurilândia,Não eleito,4,1,35,40,0
c1758,Zé Leco,José Roberto Lino Sabino,50555,PSOL,Vereador 2024,Morrinhos,Não eleito,14,1,118,129,0
c1759,Toim do Moto Taxi,Jose Antônio Barbosa de Souza,13123,PT,Vereador 2024,Baliza,Não eleito,52,1,19,40,0
c1760,Caçula da Agua Branca,Aires Silva Lima,13000,PT,Vereador 2024,Baliza,Não eleito,30,1,24,40,0
c1761,Donisete,Donisete da Fonseca Ramos,13013,PT,Vereador 2024,Baliza,Não eleito,10,1,34,40,0
c1762,Sheyla Rosa,Sheyla Rosa de Souza,13789,PT,Vereador 2024,Baliza,Não eleito,1,1,39,40,0
c1763,Sandra Professora,Sandra Rezende Ribeiro,13234,PT,Vereador 2024,Baliza,Não eleito,15,1,29,40,0
c1764,Duarlison do Táxi,Duarlison Fernandes do Nascimento,13113,PT,Vereador 2024,São Luís de Montes Belos,Não eleito,16,1,99,110,0
c1765,Professora Lucivania,Lucivania Rosa da Silva,13671,PT,Vereador 2024,São Luís de Montes Belos,Não eleito,68,1,66,110,0
c1766,Professora Valdirene,Valdirene Maria Xavier Macedo,13456,PT,Vereador 2024,São Luís de Montes Belos,Não eleito,211,1,29,110,0
c1767,Professor Euripedes Barra,Euripedes Barra,13123,PT,Vereador 2024,São Luís de Montes Belos,Não eleito,84,1,57,110,0
c1768,Vanuza Sousa,Vanuza Luzia Sousa,13333,PT,Vereador 2024,São Luís de Montes Belos,Não eleito,13,1,103,110,0
c1769,Luiz Marceneiro,Luiz Carlos Pereira Pires,13789,PT,Vereador 2024,São Luís de Montes Belos,Não eleito,62,1,68,110,0
c1770,Javair do Bar,Javair Silverio da Silva,13111,PT,Vereador 2024,São Luís de Montes Belos,Não eleito,82,1,59,110,0
c1771,Wungley Pintor,Wungley Souza Borges,13130,PT,Vereador 2024,São Luís de Montes Belos,Não eleito,23,1,92,110,0
c1772,Leandro Costa,Leandro Silva Costa,13555,PT,Vereador 2024,São Miguel do Araguaia,Não eleito,4,1,88,90,0
c1773,Maria de Lurdes,Maria de Lourdes Pereira dos Santos,13111,PT,Vereador 2024,São Miguel do Araguaia,Não eleito,20,1,75,90,0
c1774,Rosirene Mota,Rosirene Mota Santos,13133,PT,Vereador 2024,São Miguel do Araguaia,Não eleito,10,1,84,90,0
c1775,Luciano Gonçalves,Luciano Oliveira Gonçalves,13444,PT,Vereador 2024,São Miguel do Araguaia,Não eleito,6,1,87,90,0
c1776,Índia Iasmi,Iasmi Ferreira Cruz,13113,PT,Vereador 2024,São Miguel do Araguaia,Não eleito,10,1,84,90,0
c1777,Lucelia do P.A Rio Araguaia,Lucelia Maria de Jesus,13123,PT,Vereador 2024,São Miguel do Araguaia,Não eleito,43,1,63,90,0
c1778,Vanilda Alves,Vanilda Alves Morais Silva,13000,PT,Vereador 2024,São Miguel do Araguaia,Não eleito,26,1,71,90,0
c1779,Robson Silva,Robson Pereira da Silva,13333,PT,Vereador 2024,São Miguel do Araguaia,Não eleito,1,1,90,90,0
c1780,Francisca do Sindicato,Francisca Maria da Silva,13014,PT,Vereador 2024,São Miguel do Araguaia,Não eleito,183,1,25,90,0
c1781,Irmã Mara,Mara Lucia Alves Cabral,13500,PT,Vereador 2024,São Miguel do Araguaia,Não eleito,25,1,72,90,0
c1782,Ricardo Costa   Ricardinho,Paulo Ricardo Costa Marques,13258,PT,Vereador 2024,Bela Vista de Goiás,Não eleito,3,1,129,131,0
c1783,Robson Perereca,Robson Carvalho Santos,13013,PT,Vereador 2024,Bela Vista de Goiás,Não eleito,17,1,111,131,0
c1784,Vaci,Silvaci Abadia Barbosa,13789,PT,Vereador 2024,Bela Vista de Goiás,Não eleito,32,1,93,131,0
c1785,Amauri  Vermeim,Amauri José de Freitas,13333,PT,Vereador 2024,Bela Vista de Goiás,Não eleito,58,1,76,131,0
c1786,Karla Oliveira,Karla Oliveira de Souza Guimaraes,13456,PT,Vereador 2024,Bela Vista de Goiás,Não eleito,98,1,60,131,0
c1787,Sidney Agente de Saúde,Sidney Rodrigues do Nascimento,13551,PT,Vereador 2024,Bela Vista de Goiás,Não eleito,75,1,66,131,0
c1788,Simone Pontes,Simone Pontes da Silva,13123,PT,Vereador 2024,Bela Vista de Goiás,Não eleito,101,1,58,131,0
c1789,Geralda Cunha,Geralda de Fatima da Cunha Nascimento,13105,PT,Vereador 2024,Bela Vista de Goiás,Não eleito,25,1,100,131,0
c1790,Sinomar Sapé,Sinomar Camilo Pereira,13376,PT,Vereador 2024,Edealina,Não eleito,10,1,27,44,0
c1791,Zoi de Peixe,José Divino de Oliveira,13678,PT,Vereador 2024,Edealina,Não eleito,6,1,33,44,0
c1792,Tonhão,Antônio Marcelino de Almeida,13150,PT,Vereador 2024,Edealina,Não eleito,2,1,35,44,0
c1793,Clélia Rodrigues,Clélia Rodrigues Magalhães,13123,PT,Vereador 2024,Edealina,Não eleito,7,1,31,44,0
c1794,Coraci Mãe da Simara,Coraci Candida da Silva,13133,PT,Vereador 2024,Edealina,Não eleito,6,1,33,44,0
c1795,Eurípedes Meu Filho,Eurípedes Luiz da Rocha,13344,PT,Vereador 2024,Edealina,Não eleito,19,1,25,44,0
c1796,Fernandinha,Fernanda Rodrigues Magalhães,13113,PT,Vereador 2024,Edealina,Não eleito,1,1,36,44,0
c1797,Adãozinho Fernandes,Adão Fernandes da Silva,13222,PT,Vereador 2024,Edealina,Não eleito,22,1,24,44,0
c1798,Adriano Cotinha,Adriano Teixeira Silva,12300,PDT,Vereador 2024,Cidade Ocidental,Não eleito,215,1,51,182,0
c1799,Maria Helena de Alcântara,Maria Helena de Alcantara Silva,13333,PT,Vereador 2024,Ceres,Não eleito,56,1,53,113,0
c1800,Warlley,Warlley Felipe de Oliveira,13123,PT,Vereador 2024,Ceres,Não eleito,500,1,4,113,0
c1801,Glacie Rosa,Glacie Regina Rosa,13888,PT,Vereador 2024,Ceres,Não eleito,54,1,54,113,0
c1802,Israel Silva,Israel Floriano da Silva Junior,13789,PT,Vereador 2024,Ceres,Não eleito,14,1,86,113,0
c1803,Luzimar,Lusimar Wanderley Moreno,13313,PT,Vereador 2024,Ceres,Não eleito,30,1,71,113,0
c1804,Dr Java,Java Lacerda,13456,PT,Vereador 2024,Ceres,Não eleito,3,1,109,113,0
c1805,Rodrigo,Rodrigo Aparecido Alves dos Passos,13013,PT,Vereador 2024,Ceres,Não eleito,18,1,81,113,0
c1806,Vauterlí,Vauterlí Alves de Oliveira,13555,PT,Vereador 2024,Ceres,Não eleito,6,1,100,113,0
c1807,Xibiu,Divino Eterno e Silva,13131,PT,Vereador 2024,Montividiu do Norte,Suplente,15,1,31,37,0
c1808,Laisa Aparecida,Laisa Aparecida Soares da Silva,13456,PT,Vereador 2024,Montividiu do Norte,Suplente,16,1,30,37,0
c1809,Valdir do Severino,Valdemir Prachedes dos Santos,13123,PT,Vereador 2024,Montividiu do Norte,Eleito,256,1,1,37,0
c1810,Divanir do Oliveira,Divanir Carlos Martins,13433,PT,Vereador 2024,Montividiu do Norte,Suplente,21,1,25,37,0
c1811,Ariane Teixeira Silva,Ariane Teixeira Silva,13453,PT,Vereador 2024,Montividiu do Norte,Suplente,18,1,28,37,0
c1812,Sildo,Sildo Rodrigues da Silveira,13333,PT,Vereador 2024,Montividiu do Norte,Suplente,203,1,4,37,0
c1813,Gedeon,Gedeon de Souza Rodrigues,13830,PT,Vereador 2024,Anápolis,Suplente,59,1,322,378,0
c1814,Roselle,Maria Roselle Campos Guimarães,13888,PT,Vereador 2024,Alexânia,Não eleito,5,1,129,134,0
c1815,Sandrinha,Sandra Regina Pereira Lima,13333,PT,Vereador 2024,Alexânia,Não eleito,8,1,126,134,0
c1816,Hélio da Conceição,Hélio da Conceição,13123,PT,Vereador 2024,Alexânia,Não eleito,12,1,119,134,0
c1817,Professor Ademar,Ademar Trindade do Nascimento,13555,PT,Vereador 2024,Alexânia,Não eleito,13,1,118,134,0
c1818,Nilceu,Nilceu Antônio Turchetti,13131,PT,Vereador 2024,Alexânia,Não eleito,41,1,79,134,0
c1819,Ana Modesto,Ana Maria Modesto,13111,PT,Vereador 2024,Alexânia,Não eleito,11,1,121,134,0
c1820,Professor Diomar,Diomar Gonçalves de Faria,13000,PT,Vereador 2024,Alexânia,Não eleito,68,1,59,134,0
c1821,Anny Veloso,Karolane Veloso da Silva,13123,PT,Vereador 2024,Serranópolis,Não eleito,24,1,27,29,0
c1822,Eder Xavier,Eder Xavier de Almeida,13555,PT,Vereador 2024,Serranópolis,Não eleito,21,1,28,29,0
c1823,Sileno de Jesus,Sileno Ferreira de Jesus,13014,PT,Vereador 2024,Rialma,Não eleito,8,1,53,56,0
c1824,Paulo Antunes,Paulo Antunes Nascimento,13013,PT,Vereador 2024,Rialma,Não eleito,62,1,28,56,0
c1825,Nilma Esposa do Ivan,Nilma Regina Pacheco Rocha,13123,PT,Vereador 2024,Rialma,Não eleito,51,1,31,56,0
c1826,Pollyane do Cabeção,Pollyane Fernandes da Silva,13131,PT,Vereador 2024,Rialma,Não eleito,3,1,54,56,0
c1827,Mabel Bonfim,Mabel Aparecida Bonfim,12112,PDT,Vereador 2024,Trindade,Suplente,51,1,173,256,0
c1828,Carlos Morais,Carlos Sinfrônio de Morais,13137,PT,Vereador 2024,Itaberaí,Suplente,50,1,43,56,0
c1829,Eleuza Orio,Eleuza Aparecida Vieira Orio,13313,PT,Vereador 2024,Itaberaí,Suplente,163,1,31,56,0
c1830,Gerson Ramos,Gerson Ramos Alves,13100,PT,Vereador 2024,Itaberaí,Suplente,100,1,37,56,0
c1831,Paulo Henrique,Paulo Henrique da Costa Borges,13131,PT,Vereador 2024,Itaberaí,Suplente,100,1,37,56,0
c1832,Wagner Pitbull,Wagner Hermínio Pinheiro,13123,PT,Vereador 2024,Itaberaí,Eleito,453,1,21,56,0
c1833,Aparecido Ramos,Aparecido Ramos de Faria,13013,PT,Vereador 2024,Itaberaí,Suplente,199,1,28,56,0
c1834,Eni do Dona Lindu,Eni Soares de Souza,13222,PT,Vereador 2024,Itaberaí,Suplente,7,1,53,56,0
c1835,Altair Fideles,Altair Tobias Fideles,13333,PT,Vereador 2024,Itaberaí,Suplente,40,1,47,56,0
c1836,Lúcia do Candinho,Maria Lúcia da Silva,13456,PT,Vereador 2024,Itaberaí,Suplente,104,1,35,56,0
c1837,Quinzote,Joaquim Alves da Rocha,13000,PT,Vereador 2024,Itaberaí,Suplente,33,1,49,56,0
c1838,Juliana Araújo,Juliana da Silva Araújo,13015,PT,Vereador 2024,Itaberaí,Suplente,22,1,51,56,0
c1839,Professora Elisangela,Elisangela Rodrigues dos Santos,13321,PT,Vereador 2024,Padre Bernardo,Não eleito,11,1,116,133,0
c1840,Fernandes,Sebastião Fernandes de Sousa,13133,PT,Vereador 2024,Padre Bernardo,Não eleito,23,1,88,133,0
c1841,Vilédio Magalhães,Vilédio Magalhães dos Santos,13888,PT,Vereador 2024,Padre Bernardo,Não eleito,2,1,129,133,0
c1842,Professor Clézio,Clézio Campos da Costa Anjos,13013,PT,Vereador 2024,Padre Bernardo,Não eleito,9,1,120,133,0
c1843,Walen Moreira,Walen Jose Moreira,13444,PT,Vereador 2024,Vianópolis,Suplente,237,1,10,72,0
c1844,Toim do Tico,Antonio Alair de Brito,13100,PT,Vereador 2024,Vianópolis,Suplente,61,1,44,72,0
c1845,Chicão,Francisco Antonio Bittencourt,13111,PT,Vereador 2024,Vianópolis,Suplente,109,1,33,72,0
c1846,Kelia,Kelia Benedita Belmiro,13445,PT,Vereador 2024,Vianópolis,Suplente,8,1,68,72,0
c1847,Professora Maria Marli,Maria Marli Alves Neto,13333,PT,Vereador 2024,Vianópolis,Suplente,44,1,51,72,0
c1848,Marquim,Maximiliano Lisboa,13555,PT,Vereador 2024,Vianópolis,Eleito,410,1,2,72,0
c1849,Andrea Cavalcante,Andréa Cavalcante e Silva,13010,PT,Vereador 2024,Vianópolis,Suplente,8,1,68,72,0
c1850,Carlos Chapahall,Carlos Heliencio Caixeta,13202,PT,Vereador 2024,Vianópolis,Suplente,130,1,24,72,0
c1851,Fernando Prieto,Fernando de Almeida Prieto,13000,PT,Vereador 2024,Vianópolis,Suplente,25,1,58,72,0
c1852,Donizete do Lavajato,Donizete Andrade Theodoro,13123,PT,Vereador 2024,Vianópolis,Suplente,119,1,27,72,0
c1853,Osmar Freire,Osmar Freire dos Santos,13123,PT,Vereador 2024,Piranhas,Não eleito,17,1,49,60,0
c1854,Suerlei,Suerlei Duarte de Sousa,13113,PT,Vereador 2024,Piranhas,Não eleito,15,1,50,60,0
c1855,Professor Celio,Herminio Celio Barbosa,13560,PT,Vereador 2024,Piranhas,Não eleito,34,1,38,60,0
c1856,Nhafaira Ribeiro,Nhafaira Anuska Sousa Ribeiro,13000,PT,Vereador 2024,Piranhas,Não eleito,19,1,47,60,0
c1857,Janete,Janete Ribeiro dos Santos,13456,PT,Vereador 2024,Piranhas,Não eleito,120,1,20,60,0
c1858,Lucy Lobo,Lucia Maria de Souza Lobo,13513,PT,Vereador 2024,Pires do Rio,Não eleito,17,1,101,123,0
c1859,Robson Moura,Robson Moura Ribeiro,13275,PT,Vereador 2024,Pires do Rio,Não eleito,30,1,92,123,0
c1860,Ananias Caixeta,Ananias Vieira Caixeta,13456,PT,Vereador 2024,Pires do Rio,Não eleito,88,1,49,123,0
c1861,Dra. Bernadete Advogada,Maria Bernadete dos Reis,13123,PT,Vereador 2024,Pires do Rio,Não eleito,63,1,64,123,0
c1862,Priscila Pireneus,Priscila Oliveira Rodrigues Borges,13321,PT,Vereador 2024,Pirenópolis,Não eleito,50,1,72,105,0
c1863,Rossyni Pina,Rossyni Gomes Pompeu de Pina,13777,PT,Vereador 2024,Pirenópolis,Não eleito,48,1,74,105,0
c1864,Tadeu Costa,Tadeu Ribeiro da Costa,13088,PT,Vereador 2024,Pirenópolis,Não eleito,290,1,14,105,0
c1865,Edmar Pires Micô,Edmar Pires da Penha,13324,PT,Vereador 2024,Pirenópolis,Não eleito,38,1,79,105,0
c1866,Malu,Maria Lucinei Pereira,13333,PT,Vereador 2024,Pirenópolis,Não eleito,17,1,96,105,0
c1867,Flavio Cardoso Tiba,Flavio Cardoso de Oliveira,13000,PT,Vereador 2024,Pirenópolis,Não eleito,26,1,90,105,0
c1868,Donival Padeiro,Donival Ananias Cintra,13038,PT,Vereador 2024,Pirenópolis,Não eleito,31,1,84,105,0
c1869,Maria Rosa,Maria Rosa de Marchi,13123,PT,Vereador 2024,Pirenópolis,Não eleito,109,1,49,105,0
c1870,Itamar Ribeiro,Itamar Ribeiro Pinto,13122,PT,Vereador 2024,Pirenópolis,Não eleito,72,1,62,105,0
c1871,Professora Marcela,Marcela Peixoto dos Santos,13100,PT,Vereador 2024,Pirenópolis,Não eleito,77,1,61,105,0
c1872,Neusa Juliana de Oliveira,Neusa Juliana de Oliveira,13131,PT,Vereador 2024,Morrinhos,Não eleito,46,1,88,129,0
c1873,Professora Ana Lúcia,Ana Lúcia Pereira Coelho,13013,PT,Vereador 2024,Orizona,Não eleito,83,1,34,75,0
c1874,Antônio Baiano,Antônio Pereira de Almeida,13713,PT,Vereador 2024,Orizona,Não eleito,120,1,24,75,0
c1875,Pedro Jovando,Pedro Jovando Machado,13123,PT,Vereador 2024,Orizona,Não eleito,65,1,40,75,0
c1876,Angela da Saúde,Angela de Jesus Araújo,13999,PT,Vereador 2024,Itumbiara,Não eleito,206,1,60,130,0
c1877,Meire Freire,Meire de Souza Freire,13123,PT,Vereador 2024,Itumbiara,Não eleito,236,1,54,130,0
c1878,Arédio Martins,Arédio Antonio Martins,13131,PT,Vereador 2024,Itumbiara,Não eleito,237,1,53,130,0
c1879,Daniel Caçapava,Daniel Rodrigues Martins Ferreira,13000,PT,Vereador 2024,Itumbiara,Não eleito,750,1,21,130,0
c1880,Israel,Israel Campos,13013,PT,Vereador 2024,Itumbiara,Não eleito,67,1,108,130,0
c1881,Celia,Celia da Conceição de Sousa,13333,PT,Vereador 2024,Rubiataba,Não eleito,6,1,82,84,0
c1882,Rafaela Rafa de Lima,Rafa de Lima,13007,PT,Vereador 2024,Rubiataba,Não eleito,5,1,83,84,0
c1883,João Lisboa,João Lisboa Rocha,13322,PT,Vereador 2024,Rubiataba,Não eleito,10,1,81,84,0
c1884,Ataliba,Ataliba Barbosa,13234,PT,Vereador 2024,Rubiataba,Não eleito,22,1,70,84,0
c1885,Mauricio Motoboy,Mauricio Monteiro da Silva,13123,PT,Vereador 2024,Rubiataba,Não eleito,29,1,65,84,0
c1886,Vilma do Bar,Vilma Rodrigues Nascimento,13033,PT,Vereador 2024,Rubiataba,Não eleito,16,1,75,84,0
c1887,João Correia,João José Correia,13000,PT,Vereador 2024,Rubiataba,Não eleito,32,1,62,84,0
c1888,Du Norte,Edmar Feitoza de Castro,13913,PT,Vereador 2024,Santa Helena de Goiás,Não eleito,0,0,139,142,11
c1889,Wilmar Pc,Wilmar Fernandes de Souza,13600,PT,Vereador 2024,Santa Helena de Goiás,Não eleito,0,0,139,142,78
c1890,Franciele Castro,Franciele Candida de Castro,13601,PT,Vereador 2024,Santa Helena de Goiás,Não eleito,0,0,139,142,10
c1891,Adair Batista,Adair das Dores Batista,13123,PT,Vereador 2024,Gameleira de Goiás,Não eleito,7,1,49,61,0
c1892,Bardu,Vilaço Sebastiao de Morais,13222,PT,Vereador 2024,Gameleira de Goiás,Não eleito,1,1,57,61,0
c1893,Joana da Albina,Paulina Pereira Lemes Sanches,13456,PT,Vereador 2024,Gameleira de Goiás,Não eleito,22,1,37,61,0
c1894,Leonides do Zeca,Leonides Jose de Sousa,13012,PT,Vereador 2024,Gameleira de Goiás,Não eleito,19,1,40,61,0
c1895,Professora Marluce,Marluce Pereira da Silva Godoi,13111,PT,Vereador 2024,Gameleira de Goiás,Não eleito,63,1,18,61,0
c1896,Serginho do Lico,Sergio Antonio de Souza,13313,PT,Vereador 2024,Gameleira de Goiás,Não eleito,4,1,54,61,0
c1897,Mauro Batista,Mauro Jose Batista Pereira,22007,PL,Vereador 2024,Iaciara,Eleito,198,1,12,68,0
c1898,Zu Campos,Zuleide Nascimento da Silva Campos,13123,PT,Vereador 2024,Cidade Ocidental,Não eleito,74,1,103,182,0
c1899,Arcisia,Arcisia Gomes de Carvalho,13456,PT,Vereador 2024,Novo Brasil,Não eleito,155,1,9,28,0
c1900,Maria Helena do Pt,Maria Helena de Freitas,13000,PT,Vereador 2024,Novo Brasil,Não eleito,59,1,16,28,0
c1901,Manoel Calixto,Manoel Cabral de Souza,13123,PT,Vereador 2024,Novo Brasil,Não eleito,6,1,27,28,0
c1902,Giselle Guimaraes,Giselle Guimaraes Oliveira,13666,PT,Vereador 2024,Rio Verde,Não eleito,13,1,286,303,0
c1903,Valdevi Paraiba,Valdevi Pereira da Silva,13111,PT,Vereador 2024,Chapadão do Céu,Não eleito,51,1,31,55,0
c1904,Luciano Bigode,Luciano de Jesus dos Santos,13000,PT,Vereador 2024,Chapadão do Céu,Não eleito,41,1,35,55,0
c1905,Marcia Manicure,Marcia Rosaria de Souza,13777,PT,Vereador 2024,Chapadão do Céu,Não eleito,5,1,54,55,0
c1906,Lucinha,Maria Lucia Oliveira Evangelista Silva,13555,PT,Vereador 2024,Chapadão do Céu,Não eleito,18,1,47,55,0
c1907,Chicão Assentamento Pratinha,Odair Surdi,13051,PT,Vereador 2024,Chapadão do Céu,Não eleito,66,1,28,55,0
c1908,Paulo dos Pasteis,Paulo Deniz Souza da Silva,13333,PT,Vereador 2024,Chapadão do Céu,Não eleito,10,1,52,55,0
c1909,Irmão Venaldo,Venaldo Soares dos Santos,13123,PT,Vereador 2024,Chapadão do Céu,Não eleito,38,1,37,55,0
c1910,Alano Loca Trios,Alano Araujo Lacerda Filho,13000,PT,Vereador 2024,Aparecida de Goiânia,Suplente,164,1,232,466,0
c1911,Claityn,Clayton Rodrigo Marques Sales,13333,PT,Vereador 2024,Aragoiânia,Não eleito,16,1,61,79,0
c1912,Sinval B.A,Sinval Peres de Oliveira,13133,PT,Vereador 2024,Aragoiânia,Não eleito,2,1,78,79,0
c1913,Everton Pinto,Everton Gutemberg Assunção Pinto,13123,PT,Vereador 2024,Jaraguá,Não eleito,18,1,73,79,0
c1914,Tião Pt,Sebastião Carlos de Carvalho,13013,PT,Vereador 2024,Jaraguá,Não eleito,14,1,74,79,0
c1915,Edivan Menezes,Edivan de Menezes da Silva,13200,PT,Vereador 2024,Itaberaí,Suplente,33,1,49,56,0
c1916,Geane Passos,Geane Pereira Passos,13444,PT,Vereador 2024,Iaciara,Não eleito,14,1,59,68,0
c1917,Modelo,Edson Siqueira Macedo,13111,PT,Vereador 2024,São Francisco de Goiás,Não eleito,25,1,32,46,0
c1918,Silvio Cigano,Silvio Fernandes de Sousa,13222,PT,Vereador 2024,Luziânia,Suplente,22,1,244,295,0
c1919,Grazze do Geraldão do Povão,Marília Graziele da Silva Quintino,13133,PT,Vereador 2024,Rialma,Não eleito,11,1,51,56,0
c1920,Ivanir de Lourdes,Ivanir de Lourde da Silva,13456,PT,Vereador 2024,Palmeiras de Goiás,Não eleito,63,1,55,91,0
c1921,Carlos Naves,Carlos Eduardo Naves Dias,13111,PT,Vereador 2024,Pirenópolis,Não eleito,31,1,84,105,0
c1922,Pastora Maria Abadia,Maria Abadia Pires Novais,13060,PT,Vereador 2024,Trindade,Não eleito,15,1,233,256,0
c1923,Chicão do Fusquinha Azul,Francisco Paiva de Alencar,13777,PT,Vereador 2024,Rialma,Não eleito,35,1,38,56,0
c1924,Zé Paulo do Derfino,José Paulo Moreira,13333,PT,Vereador 2024,Santa Rosa de Goiás,Suplente,2,1,61,64,0
c1925,Raduch,Ilcyane Raduch Santos Vieira,13333,PT,Vereador 2024,Cristalina,Não eleito,2,1,185,190,0
c1926,Lula,Luiz Inácio Lula da Silva,13,PT,Presidente 2026 (1º turno),Goiás,,1188880,246,2,13,0
