{"type":"FeatureCollection","features":[{"type":"Feature","properties":{"c":"5000203"},"geometry":{"type":"Polygon","coordinates":[[[-53.425,-19.785],[-53.429,-19.78],[-53.431,-19.779],[-53.434,-19.773],[-53.435,-19.765],[-53.44,-19.76],[-53.443,-19.758],[-53.445,-19.754],[-53.445,-19.748],[-53.449,-19.747],[-53.452,-19.74],[-53.45,-19.735],[-53.459,-19.73],[-53.463,-19.729],[-53.463,-19.724],[-53.46,-19.723],[-53.46,-19.719],[-53.464,-19.708],[-53.462,-19.706],[-53.468,-19.697],[-53.487,-19.692],[-53.488,-19.69],[-53.485,-19.687],[-53.49,-19.685],[-53.492,-19.682],[-53.489,-19.678],[-53.495,-19.672],[-53.49,-19.67],[-53.488,-19.667],[-53.491,-19.664],[-53.494,-19.664],[-53.494,-19.659],[-53.485,-19.656],[-53.487,-19.647],[-53.483,-19.646],[-53.481,-19.644],[-53.488,-19.64],[-53.489,-19.636],[-53.485,-19.634],[-53.479,-19.637],[-53.482,-19.632],[-53.478,-19.624],[-53.48,-19.619],[-53.475,-19.616],[-53.477,-19.612],[-53.478,-19.604],[-53.477,-19.603],[-53.481,-19.6],[-53.482,-19.596],[-53.485,-19.594],[-53.482,-19.59],[-53.486,-19.587],[-53.482,-19.578],[-53.476,-19.574],[-53.464,-19.569],[-53.457,-19.567],[-53.454,-19.561],[-53.449,-19.556],[-53.441,-19.552],[-53.428,-19.541],[-53.421,-19.532],[-53.41,-19.522],[-53.4,-19.516],[-53.396,-19.517],[-53.388,-19.514],[-53.384,-19.514],[-53.375,-19.504],[-53.373,-19.496],[-53.367,-19.483],[-53.364,-19.481],[-53.361,-19.474],[-53.354,-19.466],[-53.351,-19.457],[-53.346,-19.45],[-53.328,-19.497],[-53.318,-19.493],[-53.311,-19.492],[-53.304,-19.493],[-53.297,-19.492],[-53.291,-19.489],[-53.284,-19.488],[-53.273,-19.483],[-53.271,-19.484],[-53.14,-19.457],[-53.135,-19.458],[-53.127,-19.457],[-53.111,-19.457],[-53.1,-19.462],[-53.093,-19.461],[-53.098,-19.423],[-53.086,-19.424],[-53.08,-19.423],[-53.073,-19.419],[-53.064,-19.421],[-53.057,-19.424],[-53.039,-19.427],[-53.02,-19.43],[-53.012,-19.442],[-53.005,-19.445],[-52.997,-19.452],[-52.992,-19.455],[-52.986,-19.46],[-52.984,-19.463],[-52.975,-19.469],[-52.967,-19.471],[-52.967,-19.474],[-52.944,-19.481],[-52.936,-19.484],[-52.934,-19.488],[-52.929,-19.492],[-52.929,-19.497],[-52.926,-19.5],[-52.92,-19.502],[-52.909,-19.498],[-52.897,-19.505],[-52.887,-19.516],[-52.889,-19.521],[-52.886,-19.524],[-52.877,-19.523],[-52.873,-19.527],[-52.873,-19.53],[-52.869,-19.533],[-52.865,-19.533],[-52.861,-19.537],[-52.857,-19.536],[-52.852,-19.537],[-52.846,-19.534],[-52.841,-19.536],[-52.837,-19.533],[-52.829,-19.531],[-52.824,-19.536],[-52.82,-19.538],[-52.811,-19.538],[-52.804,-19.535],[-52.792,-19.534],[-52.785,-19.529],[-52.777,-19.53],[-52.776,-19.531],[-52.768,-19.528],[-52.763,-19.528],[-52.76,-19.521],[-52.753,-19.522],[-52.75,-19.524],[-52.751,-19.527],[-52.744,-19.532],[-52.741,-19.534],[-52.738,-19.541],[-52.734,-19.545],[-52.732,-19.544],[-52.724,-19.545],[-52.712,-19.552],[-52.707,-19.553],[-52.705,-19.555],[-52.703,-19.548],[-52.7,-19.545],[-52.695,-19.535],[-52.694,-19.527],[-52.689,-19.523],[-52.684,-19.517],[-52.681,-19.514],[-52.674,-19.507],[-52.669,-19.498],[-52.666,-19.497],[-52.656,-19.491],[-52.629,-19.442],[-52.626,-19.438],[-52.623,-19.431],[-52.622,-19.421],[-52.608,-19.416],[-52.592,-19.413],[-52.585,-19.411],[-52.579,-19.41],[-52.576,-19.414],[-52.574,-19.42],[-52.577,-19.425],[-52.577,-19.428],[-52.572,-19.43],[-52.575,-19.435],[-52.575,-19.437],[-52.57,-19.437],[-52.566,-19.44],[-52.564,-19.451],[-52.56,-19.452],[-52.556,-19.455],[-52.556,-19.458],[-52.552,-19.463],[-52.549,-19.465],[-52.549,-19.468],[-52.541,-19.476],[-52.534,-19.48],[-52.529,-19.48],[-52.529,-19.487],[-52.525,-19.488],[-52.519,-19.492],[-52.523,-19.496],[-52.529,-19.5],[-52.526,-19.507],[-52.526,-19.512],[-52.523,-19.512],[-52.523,-19.517],[-52.519,-19.521],[-52.519,-19.529],[-52.521,-19.533],[-52.521,-19.541],[-52.517,-19.544],[-52.516,-19.55],[-52.511,-19.558],[-52.506,-19.558],[-52.505,-19.56],[-52.51,-19.563],[-52.512,-19.566],[-52.503,-19.578],[-52.495,-19.58],[-52.492,-19.585],[-52.49,-19.593],[-52.488,-19.599],[-52.481,-19.603],[-52.483,-19.606],[-52.48,-19.608],[-52.477,-19.606],[-52.476,-19.611],[-52.476,-19.615],[-52.484,-19.619],[-52.491,-19.62],[-52.496,-19.625],[-52.501,-19.626],[-52.509,-19.631],[-52.519,-19.63],[-52.532,-19.631],[-52.539,-19.634],[-52.543,-19.635],[-52.553,-19.64],[-52.553,-19.644],[-52.56,-19.651],[-52.559,-19.656],[-52.562,-19.656],[-52.567,-19.666],[-52.568,-19.673],[-52.571,-19.674],[-52.574,-19.682],[-52.58,-19.686],[-52.58,-19.69],[-52.585,-19.693],[-52.589,-19.694],[-52.591,-19.699],[-52.592,-19.707],[-52.595,-19.712],[-52.596,-19.715],[-52.593,-19.72],[-52.593,-19.726],[-52.596,-19.734],[-52.598,-19.736],[-52.595,-19.74],[-52.597,-19.748],[-52.606,-19.757],[-52.608,-19.761],[-52.608,-19.767],[-52.61,-19.768],[-52.612,-19.776],[-52.612,-19.783],[-52.615,-19.794],[-52.625,-19.798],[-52.639,-19.801],[-52.645,-19.804],[-52.663,-19.805],[-52.666,-19.804],[-52.673,-19.805],[-52.684,-19.803],[-52.691,-19.804],[-52.699,-19.807],[-52.704,-19.807],[-52.713,-19.811],[-52.722,-19.82],[-52.725,-19.825],[-52.732,-19.83],[-52.744,-19.841],[-52.749,-19.843],[-52.763,-19.855],[-52.77,-19.859],[-52.776,-19.866],[-52.783,-19.87],[-52.792,-19.87],[-52.801,-19.875],[-52.801,-19.878],[-52.785,-19.888],[-52.774,-19.885],[-52.743,-19.884],[-52.743,-19.893],[-52.739,-19.9],[-52.731,-19.899],[-52.729,-19.905],[-52.724,-19.91],[-52.727,-19.914],[-52.727,-19.937],[-52.725,-19.941],[-52.725,-19.953],[-52.72,-19.969],[-52.716,-20.002],[-52.712,-20.009],[-52.718,-20.024],[-52.715,-20.039],[-52.709,-20.044],[-52.708,-20.051],[-52.701,-20.057],[-52.694,-20.06],[-52.694,-20.07],[-52.699,-20.081],[-52.713,-20.088],[-52.718,-20.094],[-52.731,-20.102],[-52.735,-20.112],[-52.736,-20.123],[-52.731,-20.143],[-52.727,-20.155],[-52.714,-20.171],[-52.707,-20.18],[-52.704,-20.188],[-52.702,-20.197],[-52.706,-20.199],[-52.712,-20.208],[-52.718,-20.213],[-52.72,-20.218],[-52.727,-20.226],[-52.729,-20.235],[-52.735,-20.243],[-52.736,-20.247],[-52.736,-20.253],[-52.734,-20.257],[-52.728,-20.275],[-52.724,-20.282],[-52.724,-20.292],[-52.721,-20.299],[-52.717,-20.304],[-52.713,-20.313],[-52.709,-20.317],[-52.707,-20.324],[-52.703,-20.33],[-52.7,-20.332],[-52.697,-20.341],[-52.691,-20.345],[-52.684,-20.359],[-52.679,-20.364],[-52.677,-20.369],[-52.669,-20.376],[-52.662,-20.379],[-52.656,-20.386],[-52.65,-20.391],[-52.645,-20.392],[-52.638,-20.396],[-52.624,-20.408],[-52.621,-20.413],[-52.621,-20.418],[-52.617,-20.421],[-52.613,-20.432],[-52.606,-20.435],[-52.602,-20.44],[-52.601,-20.445],[-52.595,-20.452],[-52.587,-20.457],[-52.587,-20.461],[-52.584,-20.463],[-52.583,-20.469],[-52.578,-20.468],[-52.566,-20.473],[-52.564,-20.477],[-52.562,-20.478],[-52.56,-20.482],[-52.552,-20.493],[-52.547,-20.497],[-52.545,-20.501],[-52.541,-20.505],[-52.541,-20.511],[-52.535,-20.516],[-52.528,-20.534],[-52.517,-20.536],[-52.513,-20.538],[-52.502,-20.55],[-52.499,-20.558],[-52.5,-20.563],[-52.498,-20.567],[-52.494,-20.571],[-52.491,-20.581],[-52.479,-20.589],[-52.473,-20.597],[-52.467,-20.603],[-52.463,-20.612],[-52.459,-20.625],[-52.454,-20.636],[-52.452,-20.645],[-52.449,-20.646],[-52.442,-20.662],[-52.443,-20.667],[-52.44,-20.673],[-52.433,-20.68],[-52.43,-20.68],[-52.431,-20.684],[-52.426,-20.687],[-52.427,-20.692],[-52.424,-20.696],[-52.425,-20.698],[-52.421,-20.701],[-52.418,-20.71],[-52.417,-20.721],[-52.415,-20.721],[-52.412,-20.73],[-52.409,-20.733],[-52.412,-20.743],[-52.412,-20.746],[-52.407,-20.747],[-52.404,-20.752],[-52.398,-20.751],[-52.395,-20.752],[-52.395,-20.758],[-52.388,-20.757],[-52.389,-20.76],[-52.384,-20.76],[-52.383,-20.764],[-52.381,-20.765],[-52.379,-20.771],[-52.381,-20.773],[-52.375,-20.779],[-52.379,-20.782],[-52.372,-20.788],[-52.371,-20.794],[-52.365,-20.795],[-52.363,-20.799],[-52.36,-20.801],[-52.363,-20.808],[-52.358,-20.81],[-52.362,-20.816],[-52.36,-20.818],[-52.367,-20.825],[-52.363,-20.827],[-52.36,-20.824],[-52.355,-20.828],[-52.359,-20.835],[-52.357,-20.842],[-52.358,-20.849],[-52.355,-20.85],[-52.359,-20.854],[-52.357,-20.856],[-52.358,-20.86],[-52.367,-20.866],[-52.362,-20.871],[-52.362,-20.875],[-52.366,-20.878],[-52.367,-20.881],[-52.364,-20.884],[-52.372,-20.884],[-52.378,-20.881],[-52.388,-20.878],[-52.39,-20.876],[-52.394,-20.869],[-52.398,-20.87],[-52.409,-20.865],[-52.414,-20.856],[-52.422,-20.851],[-52.427,-20.849],[-52.442,-20.84],[-52.446,-20.839],[-52.451,-20.841],[-52.456,-20.836],[-52.461,-20.833],[-52.468,-20.833],[-52.472,-20.829],[-52.48,-20.827],[-52.483,-20.825],[-52.485,-20.817],[-52.49,-20.814],[-52.498,-20.814],[-52.5,-20.812],[-52.5,-20.808],[-52.507,-20.805],[-52.508,-20.799],[-52.516,-20.797],[-52.52,-20.798],[-52.528,-20.796],[-52.537,-20.789],[-52.542,-20.779],[-52.549,-20.772],[-52.558,-20.766],[-52.567,-20.762],[-52.569,-20.761],[-52.571,-20.749],[-52.581,-20.742],[-52.588,-20.735],[-52.591,-20.731],[-52.595,-20.728],[-52.598,-20.724],[-52.602,-20.723],[-52.602,-20.719],[-52.6,-20.718],[-52.602,-20.714],[-52.617,-20.706],[-52.625,-20.7],[-52.625,-20.698],[-52.634,-20.696],[-52.637,-20.692],[-52.649,-20.685],[-52.652,-20.68],[-52.667,-20.674],[-52.672,-20.664],[-52.679,-20.661],[-52.681,-20.655],[-52.684,-20.653],[-52.687,-20.647],[-52.697,-20.646],[-52.703,-20.64],[-52.709,-20.638],[-52.715,-20.625],[-52.721,-20.62],[-52.732,-20.619],[-52.735,-20.615],[-52.732,-20.609],[-52.737,-20.607],[-52.741,-20.599],[-52.746,-20.593],[-52.747,-20.586],[-52.753,-20.583],[-52.755,-20.578],[-52.761,-20.573],[-52.768,-20.571],[-52.772,-20.566],[-52.779,-20.561],[-52.786,-20.56],[-52.796,-20.553],[-52.8,-20.548],[-52.804,-20.546],[-52.807,-20.541],[-52.812,-20.539],[-52.817,-20.541],[-52.823,-20.539],[-52.823,-20.533],[-52.829,-20.525],[-52.832,-20.524],[-52.839,-20.518],[-52.844,-20.511],[-52.844,-20.504],[-52.849,-20.498],[-52.851,-20.489],[-52.858,-20.477],[-52.861,-20.475],[-52.862,-20.47],[-52.865,-20.468],[-52.869,-20.454],[-52.877,-20.451],[-52.887,-20.448],[-52.895,-20.449],[-52.901,-20.446],[-52.901,-20.442],[-52.904,-20.435],[-52.91,-20.432],[-52.914,-20.433],[-52.922,-20.425],[-52.924,-20.418],[-52.933,-20.412],[-52.934,-20.405],[-52.939,-20.404],[-52.942,-20.407],[-52.944,-20.397],[-52.95,-20.392],[-52.949,-20.387],[-52.955,-20.382],[-52.954,-20.376],[-52.958,-20.374],[-52.961,-20.377],[-52.964,-20.372],[-52.969,-20.368],[-52.972,-20.364],[-52.98,-20.358],[-52.985,-20.357],[-52.99,-20.354],[-52.994,-20.356],[-52.997,-20.354],[-53.004,-20.348],[-53.008,-20.348],[-53.009,-20.34],[-53.016,-20.343],[-53.022,-20.337],[-53.031,-20.335],[-53.036,-20.328],[-53.036,-20.324],[-53.044,-20.323],[-53.048,-20.314],[-53.055,-20.312],[-53.058,-20.305],[-53.061,-20.301],[-53.068,-20.3],[-53.07,-20.298],[-53.071,-20.293],[-53.074,-20.287],[-53.082,-20.283],[-53.085,-20.276],[-53.085,-20.27],[-53.087,-20.262],[-53.086,-20.255],[-53.091,-20.25],[-53.095,-20.248],[-53.099,-20.241],[-53.098,-20.236],[-53.095,-20.232],[-53.096,-20.225],[-53.093,-20.219],[-53.094,-20.213],[-53.088,-20.209],[-53.093,-20.205],[-53.096,-20.192],[-53.101,-20.185],[-53.108,-20.178],[-53.108,-20.171],[-53.113,-20.165],[-53.12,-20.162],[-53.117,-20.157],[-53.124,-20.154],[-53.138,-20.141],[-53.141,-20.142],[-53.145,-20.139],[-53.151,-20.138],[-53.151,-20.134],[-53.153,-20.124],[-53.155,-20.123],[-53.16,-20.116],[-53.164,-20.107],[-53.168,-20.103],[-53.169,-20.097],[-53.173,-20.093],[-53.173,-20.087],[-53.178,-20.079],[-53.177,-20.074],[-53.18,-20.071],[-53.178,-20.067],[-53.18,-20.059],[-53.186,-20.055],[-53.19,-20.049],[-53.198,-20.046],[-53.207,-20.042],[-53.213,-20.036],[-53.216,-20.028],[-53.222,-20.024],[-53.223,-20.022],[-53.232,-20.017],[-53.234,-20.019],[-53.24,-20.019],[-53.248,-20.011],[-53.254,-20.008],[-53.259,-20.0],[-53.259,-19.991],[-53.258,-19.989],[-53.264,-19.984],[-53.265,-19.981],[-53.275,-19.977],[-53.28,-19.969],[-53.281,-19.965],[-53.283,-19.965],[-53.284,-19.961],[-53.288,-19.955],[-53.286,-19.949],[-53.288,-19.946],[-53.293,-19.944],[-53.292,-19.94],[-53.298,-19.934],[-53.298,-19.927],[-53.302,-19.923],[-53.306,-19.921],[-53.31,-19.916],[-53.314,-19.914],[-53.312,-19.91],[-53.315,-19.906],[-53.313,-19.902],[-53.316,-19.9],[-53.322,-19.9],[-53.326,-19.893],[-53.328,-19.888],[-53.332,-19.886],[-53.336,-19.891],[-53.343,-19.891],[-53.352,-19.885],[-53.362,-19.883],[-53.362,-19.879],[-53.366,-19.878],[-53.372,-19.868],[-53.374,-19.863],[-53.373,-19.86],[-53.377,-19.858],[-53.378,-19.851],[-53.382,-19.849],[-53.382,-19.846],[-53.385,-19.841],[-53.383,-19.834],[-53.388,-19.83],[-53.389,-19.827],[-53.387,-19.821],[-53.392,-19.811],[-53.398,-19.809],[-53.396,-19.807],[-53.398,-19.803],[-53.405,-19.798],[-53.405,-19.792],[-53.412,-19.787],[-53.417,-19.789],[-53.422,-19.788],[-53.425,-19.785]]]}},{"type":"Feature","properties":{"c":"5000252"},"geometry":{"type":"Polygon","coordinates":[[[-53.238,-18.007],[-53.238,-18.02],[-53.236,-18.043],[-53.236,-18.051],[-53.235,-18.055],[-53.225,-18.066],[-53.227,-18.076],[-53.225,-18.084],[-53.225,-18.094],[-53.224,-18.099],[-53.224,-18.109],[-53.221,-18.121],[-53.22,-18.127],[-53.223,-18.131],[-53.227,-18.135],[-53.233,-18.136],[-53.235,-18.139],[-53.236,-18.145],[-53.243,-18.155],[-53.249,-18.16],[-53.262,-18.163],[-53.266,-18.165],[-53.269,-18.171],[-53.274,-18.174],[-53.28,-18.182],[-53.287,-18.183],[-53.291,-18.192],[-53.294,-18.197],[-53.301,-18.201],[-53.309,-18.206],[-53.314,-18.209],[-53.326,-18.21],[-53.336,-18.205],[-53.343,-18.204],[-53.345,-18.2],[-53.353,-18.195],[-53.358,-18.194],[-53.364,-18.201],[-53.373,-18.199],[-53.38,-18.203],[-53.38,-18.206],[-53.376,-18.209],[-53.372,-18.209],[-53.363,-18.217],[-53.358,-18.218],[-53.355,-18.222],[-53.35,-18.224],[-53.348,-18.224],[-53.341,-18.23],[-53.34,-18.233],[-53.331,-18.235],[-53.33,-18.239],[-53.347,-18.257],[-53.352,-18.254],[-53.363,-18.256],[-53.371,-18.253],[-53.376,-18.249],[-53.381,-18.249],[-53.385,-18.247],[-53.391,-18.241],[-53.4,-18.24],[-53.41,-18.246],[-53.429,-18.25],[-53.432,-18.253],[-53.44,-18.255],[-53.444,-18.259],[-53.444,-18.263],[-53.447,-18.267],[-53.453,-18.27],[-53.455,-18.269],[-53.457,-18.274],[-53.461,-18.278],[-53.459,-18.281],[-53.456,-18.281],[-53.455,-18.287],[-53.451,-18.288],[-53.449,-18.295],[-53.445,-18.303],[-53.446,-18.31],[-53.44,-18.317],[-53.431,-18.327],[-53.431,-18.331],[-53.434,-18.336],[-53.449,-18.351],[-53.449,-18.354],[-53.447,-18.36],[-53.442,-18.365],[-53.442,-18.37],[-53.439,-18.377],[-53.436,-18.383],[-53.436,-18.385],[-53.442,-18.387],[-53.446,-18.391],[-53.453,-18.391],[-53.457,-18.398],[-53.462,-18.403],[-53.466,-18.404],[-53.472,-18.408],[-53.481,-18.409],[-53.484,-18.411],[-53.487,-18.416],[-53.488,-18.411],[-53.492,-18.404],[-53.499,-18.401],[-53.504,-18.404],[-53.508,-18.409],[-53.513,-18.408],[-53.521,-18.408],[-53.525,-18.417],[-53.53,-18.418],[-53.543,-18.42],[-53.546,-18.419],[-53.551,-18.425],[-53.556,-18.429],[-53.557,-18.433],[-53.559,-18.435],[-53.562,-18.433],[-53.567,-18.437],[-53.57,-18.435],[-53.574,-18.437],[-53.58,-18.436],[-53.581,-18.437],[-53.584,-18.437],[-53.592,-18.438],[-53.595,-18.441],[-53.6,-18.443],[-53.606,-18.44],[-53.612,-18.445],[-53.617,-18.445],[-53.617,-18.448],[-53.623,-18.448],[-53.628,-18.449],[-53.631,-18.447],[-53.634,-18.449],[-53.637,-18.455],[-53.643,-18.452],[-53.647,-18.453],[-53.65,-18.458],[-53.657,-18.457],[-53.657,-18.453],[-53.664,-18.452],[-53.67,-18.452],[-53.675,-18.45],[-53.68,-18.45],[-53.683,-18.446],[-53.688,-18.446],[-53.695,-18.448],[-53.699,-18.447],[-53.698,-18.449],[-53.701,-18.451],[-53.707,-18.446],[-53.715,-18.448],[-53.725,-18.456],[-53.733,-18.455],[-53.737,-18.448],[-53.749,-18.453],[-53.758,-18.455],[-53.762,-18.454],[-53.765,-18.458],[-53.766,-18.465],[-53.769,-18.468],[-53.773,-18.464],[-53.781,-18.467],[-53.777,-18.474],[-53.774,-18.474],[-53.776,-18.477],[-53.778,-18.478],[-53.779,-18.481],[-53.783,-18.485],[-53.79,-18.481],[-53.791,-18.484],[-53.798,-18.482],[-53.795,-18.474],[-53.802,-18.474],[-53.806,-18.475],[-53.806,-18.471],[-53.811,-18.468],[-53.816,-18.471],[-53.813,-18.479],[-53.819,-18.477],[-53.825,-18.47],[-53.833,-18.467],[-53.834,-18.461],[-53.837,-18.462],[-53.841,-18.458],[-53.845,-18.461],[-53.849,-18.461],[-53.853,-18.463],[-53.852,-18.467],[-53.862,-18.475],[-53.865,-18.476],[-53.864,-18.485],[-53.869,-18.484],[-53.872,-18.481],[-53.875,-18.484],[-53.876,-18.489],[-53.879,-18.489],[-53.882,-18.492],[-53.88,-18.495],[-53.88,-18.501],[-53.879,-18.503],[-53.885,-18.507],[-53.886,-18.504],[-53.898,-18.503],[-53.901,-18.505],[-53.903,-18.512],[-53.906,-18.512],[-53.907,-18.515],[-53.911,-18.519],[-53.915,-18.52],[-53.915,-18.525],[-53.922,-18.53],[-53.925,-18.529],[-53.93,-18.523],[-53.934,-18.525],[-53.939,-18.523],[-53.941,-18.525],[-53.946,-18.523],[-53.959,-18.523],[-53.961,-18.527],[-53.968,-18.527],[-53.968,-18.53],[-53.97,-18.531],[-53.977,-18.541],[-53.981,-18.543],[-53.986,-18.54],[-53.993,-18.537],[-53.998,-18.539],[-54.004,-18.536],[-54.008,-18.527],[-54.015,-18.524],[-54.021,-18.517],[-54.028,-18.514],[-54.034,-18.509],[-54.036,-18.504],[-54.041,-18.502],[-54.045,-18.502],[-54.046,-18.494],[-54.05,-18.49],[-54.057,-18.489],[-54.06,-18.495],[-54.057,-18.502],[-54.061,-18.505],[-54.067,-18.506],[-54.068,-18.509],[-54.073,-18.516],[-54.08,-18.517],[-54.081,-18.516],[-54.077,-18.51],[-54.078,-18.507],[-54.077,-18.505],[-54.076,-18.497],[-54.077,-18.488],[-54.081,-18.482],[-54.08,-18.475],[-54.085,-18.468],[-54.086,-18.464],[-54.082,-18.459],[-54.079,-18.447],[-54.082,-18.44],[-54.087,-18.424],[-54.092,-18.414],[-54.091,-18.409],[-54.086,-18.405],[-54.086,-18.397],[-54.09,-18.39],[-54.088,-18.377],[-54.087,-18.366],[-54.09,-18.362],[-54.091,-18.357],[-54.093,-18.355],[-54.099,-18.355],[-54.103,-18.353],[-54.111,-18.353],[-54.119,-18.349],[-54.12,-18.343],[-54.126,-18.335],[-54.14,-18.331],[-54.149,-18.334],[-54.152,-18.334],[-54.158,-18.339],[-54.168,-18.341],[-54.172,-18.342],[-54.175,-18.346],[-54.205,-18.35],[-54.198,-18.346],[-54.19,-18.339],[-54.182,-18.334],[-54.177,-18.334],[-54.169,-18.324],[-54.161,-18.316],[-54.153,-18.313],[-54.151,-18.309],[-54.145,-18.307],[-54.14,-18.301],[-54.138,-18.295],[-54.135,-18.292],[-54.134,-18.288],[-54.13,-18.284],[-54.134,-18.269],[-54.137,-18.267],[-54.135,-18.261],[-54.139,-18.256],[-54.14,-18.252],[-54.139,-18.241],[-54.14,-18.233],[-54.139,-18.227],[-54.137,-18.223],[-54.138,-18.216],[-54.142,-18.211],[-54.142,-18.201],[-54.14,-18.195],[-54.14,-18.189],[-54.138,-18.185],[-54.141,-18.179],[-54.14,-18.174],[-54.141,-18.17],[-54.142,-18.159],[-54.145,-18.153],[-54.149,-18.148],[-54.157,-18.142],[-54.16,-18.134],[-54.166,-18.128],[-54.172,-18.126],[-54.176,-18.121],[-54.176,-18.112],[-54.183,-18.105],[-54.187,-18.105],[-54.184,-18.103],[-54.191,-18.095],[-54.196,-18.095],[-54.203,-18.091],[-54.194,-18.089],[-54.189,-18.089],[-54.182,-18.094],[-54.172,-18.092],[-54.169,-18.093],[-54.159,-18.093],[-54.156,-18.095],[-54.151,-18.093],[-54.154,-18.098],[-54.151,-18.101],[-54.147,-18.099],[-54.144,-18.1],[-54.139,-18.104],[-54.134,-18.103],[-54.129,-18.104],[-54.125,-18.099],[-54.123,-18.099],[-54.123,-18.105],[-54.118,-18.102],[-54.121,-18.099],[-54.12,-18.096],[-54.109,-18.102],[-54.104,-18.105],[-54.105,-18.101],[-54.104,-18.1],[-54.105,-18.096],[-54.098,-18.092],[-54.102,-18.09],[-54.1,-18.085],[-54.095,-18.089],[-54.091,-18.09],[-54.084,-18.089],[-54.084,-18.084],[-54.087,-18.082],[-54.081,-18.078],[-54.08,-18.074],[-54.084,-18.074],[-54.086,-18.078],[-54.089,-18.076],[-54.089,-18.07],[-54.085,-18.065],[-54.082,-18.066],[-54.083,-18.061],[-54.081,-18.06],[-54.078,-18.063],[-54.078,-18.058],[-54.074,-18.056],[-54.073,-18.06],[-54.068,-18.064],[-54.067,-18.06],[-54.074,-18.051],[-54.073,-18.048],[-54.079,-18.046],[-54.08,-18.043],[-54.078,-18.04],[-54.07,-18.044],[-54.071,-18.039],[-54.068,-18.035],[-54.073,-18.03],[-54.071,-18.026],[-54.069,-18.025],[-54.069,-18.016],[-54.073,-18.016],[-54.076,-18.013],[-54.075,-18.011],[-54.07,-18.012],[-54.065,-18.008],[-54.062,-18.007],[-54.063,-18.002],[-54.061,-17.998],[-54.062,-17.991],[-54.06,-17.989],[-54.055,-17.992],[-54.052,-17.992],[-54.053,-17.987],[-54.05,-17.985],[-54.051,-17.98],[-54.048,-17.978],[-54.046,-17.974],[-54.043,-17.972],[-54.037,-17.973],[-54.036,-17.972],[-54.041,-17.964],[-54.038,-17.962],[-54.038,-17.958],[-54.034,-17.957],[-54.033,-17.953],[-54.023,-17.952],[-54.019,-17.953],[-54.018,-17.95],[-54.014,-17.95],[-54.008,-17.948],[-54.006,-17.945],[-54.007,-17.941],[-54.003,-17.944],[-53.997,-17.94],[-53.994,-17.943],[-53.992,-17.936],[-53.989,-17.942],[-53.985,-17.941],[-53.986,-17.936],[-53.983,-17.934],[-53.98,-17.935],[-53.977,-17.941],[-53.972,-17.94],[-53.972,-17.937],[-53.976,-17.933],[-53.973,-17.93],[-53.973,-17.933],[-53.97,-17.935],[-53.965,-17.929],[-53.96,-17.925],[-53.957,-17.921],[-53.955,-17.924],[-53.953,-17.923],[-53.952,-17.916],[-53.949,-17.917],[-53.949,-17.923],[-53.947,-17.923],[-53.947,-17.918],[-53.944,-17.917],[-53.939,-17.92],[-53.932,-17.913],[-53.922,-17.92],[-53.92,-17.916],[-53.916,-17.918],[-53.913,-17.915],[-53.908,-17.915],[-53.901,-17.917],[-53.905,-17.913],[-53.904,-17.911],[-53.899,-17.909],[-53.89,-17.913],[-53.885,-17.913],[-53.885,-17.916],[-53.881,-17.919],[-53.879,-17.923],[-53.873,-17.922],[-53.875,-17.919],[-53.873,-17.917],[-53.869,-17.923],[-53.87,-17.927],[-53.867,-17.925],[-53.86,-17.921],[-53.86,-17.925],[-53.854,-17.926],[-53.85,-17.929],[-53.851,-17.935],[-53.845,-17.934],[-53.844,-17.938],[-53.841,-17.94],[-53.841,-17.936],[-53.838,-17.935],[-53.838,-17.939],[-53.836,-17.941],[-53.836,-17.947],[-53.834,-17.947],[-53.831,-17.943],[-53.824,-17.95],[-53.825,-17.955],[-53.822,-17.959],[-53.82,-17.963],[-53.819,-17.958],[-53.809,-17.961],[-53.813,-17.964],[-53.812,-17.968],[-53.809,-17.972],[-53.806,-17.968],[-53.804,-17.974],[-53.8,-17.975],[-53.797,-17.979],[-53.797,-17.976],[-53.793,-17.975],[-53.794,-17.981],[-53.789,-17.981],[-53.79,-17.985],[-53.784,-17.996],[-53.782,-17.995],[-53.774,-18.001],[-53.766,-17.999],[-53.751,-17.999],[-53.737,-17.995],[-53.73,-17.998],[-53.727,-18.003],[-53.719,-17.998],[-53.716,-18.0],[-53.716,-18.006],[-53.706,-18.007],[-53.701,-18.006],[-53.692,-18.014],[-53.69,-18.011],[-53.693,-18.007],[-53.69,-18.002],[-53.686,-18.002],[-53.679,-17.995],[-53.676,-17.99],[-53.667,-17.988],[-53.667,-17.986],[-53.662,-17.986],[-53.661,-17.978],[-53.656,-17.979],[-53.652,-17.976],[-53.65,-17.979],[-53.647,-17.977],[-53.643,-17.978],[-53.637,-17.979],[-53.635,-17.977],[-53.631,-17.978],[-53.63,-17.98],[-53.616,-17.979],[-53.616,-17.976],[-53.613,-17.978],[-53.61,-17.984],[-53.609,-17.993],[-53.607,-17.995],[-53.593,-18.001],[-53.593,-18.003],[-53.589,-18.005],[-53.589,-18.01],[-53.584,-18.01],[-53.582,-18.012],[-53.575,-18.013],[-53.569,-18.007],[-53.565,-18.005],[-53.557,-18.006],[-53.558,-18.012],[-53.555,-18.014],[-53.556,-18.016],[-53.548,-18.015],[-53.529,-18.022],[-53.518,-18.021],[-53.514,-18.027],[-53.507,-18.027],[-53.504,-18.03],[-53.502,-18.028],[-53.499,-18.036],[-53.489,-18.038],[-53.486,-18.04],[-53.481,-18.039],[-53.477,-18.036],[-53.474,-18.039],[-53.468,-18.035],[-53.466,-18.024],[-53.464,-18.025],[-53.46,-18.022],[-53.457,-18.011],[-53.458,-18.009],[-53.456,-18.004],[-53.457,-18.0],[-53.449,-17.999],[-53.45,-17.993],[-53.446,-17.993],[-53.446,-17.989],[-53.442,-17.99],[-53.435,-17.985],[-53.433,-17.986],[-53.43,-17.984],[-53.43,-17.988],[-53.426,-17.989],[-53.423,-17.985],[-53.421,-17.986],[-53.418,-17.995],[-53.413,-17.988],[-53.411,-17.993],[-53.406,-17.992],[-53.401,-17.993],[-53.397,-17.998],[-53.397,-18.0],[-53.381,-18.009],[-53.36,-18.006],[-53.356,-18.007],[-53.347,-18.006],[-53.343,-18.008],[-53.342,-18.007],[-53.336,-18.007],[-53.332,-18.002],[-53.327,-18.0],[-53.319,-18.0],[-53.313,-17.997],[-53.308,-17.996],[-53.305,-17.998],[-53.301,-17.996],[-53.292,-17.996],[-53.288,-17.999],[-53.274,-18.002],[-53.242,-18.005],[-53.238,-18.007]]]}},{"type":"Feature","properties":{"c":"5000609"},"geometry":{"type":"Polygon","coordinates":[[[-55.434,-23.091],[-55.429,-23.086],[-55.427,-23.081],[-55.431,-23.082],[-55.428,-23.075],[-55.425,-23.077],[-55.424,-23.074],[-55.428,-23.068],[-55.424,-23.068],[-55.429,-23.064],[-55.428,-23.058],[-55.427,-23.06],[-55.423,-23.057],[-55.426,-23.056],[-55.423,-23.048],[-55.42,-23.047],[-55.424,-23.041],[-55.418,-23.04],[-55.417,-23.037],[-55.414,-23.039],[-55.412,-23.037],[-55.413,-23.031],[-55.404,-23.027],[-55.403,-23.023],[-55.399,-23.022],[-55.398,-23.027],[-55.391,-23.025],[-55.392,-23.021],[-55.386,-23.02],[-55.381,-23.022],[-55.378,-23.02],[-55.379,-23.014],[-55.371,-23.013],[-55.365,-23.011],[-55.365,-23.006],[-55.357,-23.006],[-55.355,-23.0],[-55.352,-23.0],[-55.342,-22.994],[-55.336,-22.989],[-55.331,-22.992],[-55.324,-22.989],[-55.321,-22.993],[-55.315,-22.994],[-55.314,-22.99],[-55.317,-22.99],[-55.312,-22.987],[-55.308,-22.987],[-55.305,-22.992],[-55.301,-22.993],[-55.301,-22.987],[-55.297,-22.983],[-55.299,-22.978],[-55.297,-22.97],[-55.295,-22.968],[-55.284,-22.963],[-55.286,-22.961],[-55.278,-22.957],[-55.268,-22.959],[-55.264,-22.963],[-55.26,-22.961],[-55.259,-22.954],[-55.255,-22.952],[-55.254,-22.95],[-55.249,-22.954],[-55.243,-22.95],[-55.24,-22.952],[-55.237,-22.95],[-55.237,-22.946],[-55.234,-22.947],[-55.235,-22.95],[-55.231,-22.95],[-55.229,-22.945],[-55.223,-22.945],[-55.218,-22.943],[-55.213,-22.944],[-55.201,-22.943],[-55.201,-22.938],[-55.198,-22.937],[-55.198,-22.933],[-55.193,-22.93],[-55.189,-22.933],[-55.185,-22.931],[-55.186,-22.929],[-55.181,-22.927],[-55.175,-22.932],[-55.164,-22.932],[-55.163,-22.931],[-55.156,-22.937],[-55.156,-22.941],[-55.15,-22.94],[-55.145,-22.936],[-55.139,-22.94],[-55.133,-22.936],[-55.132,-22.933],[-55.128,-22.935],[-55.122,-22.931],[-55.118,-22.931],[-55.113,-22.927],[-55.107,-22.933],[-55.103,-22.933],[-55.097,-22.931],[-55.09,-22.932],[-55.089,-22.929],[-55.082,-22.932],[-55.077,-22.929],[-55.07,-22.927],[-55.069,-22.923],[-55.075,-22.922],[-55.076,-22.918],[-55.073,-22.917],[-55.07,-22.919],[-55.065,-22.916],[-55.056,-22.915],[-55.054,-22.918],[-55.053,-22.922],[-55.047,-22.926],[-55.044,-22.92],[-55.04,-22.919],[-55.038,-22.925],[-55.035,-22.926],[-55.033,-22.921],[-55.019,-22.91],[-55.016,-22.91],[-55.012,-22.913],[-55.004,-22.914],[-54.998,-22.91],[-54.996,-22.907],[-54.991,-22.906],[-54.989,-22.914],[-54.984,-22.911],[-54.983,-22.916],[-54.987,-22.926],[-54.979,-22.929],[-54.977,-22.945],[-54.973,-22.945],[-54.971,-22.947],[-54.961,-22.943],[-54.958,-22.942],[-54.956,-22.938],[-54.952,-22.936],[-54.958,-22.932],[-54.959,-22.927],[-54.955,-22.92],[-54.953,-22.921],[-54.953,-22.925],[-54.95,-22.927],[-54.939,-22.925],[-54.933,-22.922],[-54.929,-22.925],[-54.924,-22.925],[-54.921,-22.923],[-54.921,-22.915],[-54.913,-22.909],[-54.905,-22.911],[-54.903,-22.904],[-54.907,-22.895],[-54.901,-22.891],[-54.893,-22.888],[-54.884,-22.887],[-54.883,-22.885],[-54.877,-22.885],[-54.873,-22.882],[-54.874,-22.877],[-54.872,-22.876],[-54.871,-22.88],[-54.866,-22.884],[-54.855,-22.884],[-54.849,-22.888],[-54.846,-22.886],[-54.843,-22.886],[-54.842,-22.889],[-54.839,-22.887],[-54.838,-22.88],[-54.834,-22.878],[-54.829,-22.882],[-54.826,-22.878],[-54.815,-22.876],[-54.813,-22.872],[-54.811,-22.875],[-54.805,-22.873],[-54.801,-22.875],[-54.8,-22.877],[-54.803,-22.881],[-54.799,-22.885],[-54.796,-22.882],[-54.786,-22.879],[-54.784,-22.884],[-54.777,-22.886],[-54.772,-22.886],[-54.768,-22.889],[-54.754,-22.887],[-54.745,-22.891],[-54.741,-22.89],[-54.737,-22.891],[-54.737,-22.888],[-54.731,-22.888],[-54.729,-22.894],[-54.726,-22.895],[-54.716,-22.892],[-54.713,-22.894],[-54.707,-22.893],[-54.702,-22.895],[-54.699,-22.895],[-54.698,-22.891],[-54.694,-22.888],[-54.687,-22.89],[-54.681,-22.894],[-54.679,-22.899],[-54.669,-22.906],[-54.666,-22.905],[-54.662,-22.906],[-54.663,-22.916],[-54.66,-22.918],[-54.656,-22.918],[-54.65,-22.914],[-54.646,-22.916],[-54.643,-22.925],[-54.643,-22.931],[-54.637,-22.929],[-54.627,-22.922],[-54.624,-22.923],[-54.616,-22.93],[-54.614,-22.93],[-54.61,-22.936],[-54.603,-22.94],[-54.597,-22.947],[-54.593,-22.95],[-54.585,-22.952],[-54.582,-22.955],[-54.583,-22.964],[-54.582,-22.968],[-54.574,-22.972],[-54.568,-22.973],[-54.564,-22.972],[-54.563,-22.975],[-54.56,-22.972],[-54.556,-22.971],[-54.558,-22.978],[-54.553,-22.975],[-54.545,-22.972],[-54.542,-22.969],[-54.535,-22.972],[-54.532,-22.97],[-54.531,-22.982],[-54.532,-22.986],[-54.53,-22.988],[-54.522,-22.988],[-54.517,-22.991],[-54.517,-22.994],[-54.521,-22.994],[-54.52,-22.997],[-54.523,-23.0],[-54.517,-23.007],[-54.512,-23.008],[-54.511,-23.015],[-54.508,-23.017],[-54.503,-23.016],[-54.499,-23.022],[-54.502,-23.025],[-54.497,-23.03],[-54.491,-23.03],[-54.488,-23.035],[-54.482,-23.04],[-54.474,-23.04],[-54.476,-23.044],[-54.476,-23.049],[-54.471,-23.05],[-54.478,-23.064],[-54.485,-23.069],[-54.495,-23.075],[-54.498,-23.074],[-54.497,-23.081],[-54.503,-23.085],[-54.507,-23.085],[-54.511,-23.09],[-54.511,-23.099],[-54.515,-23.106],[-54.518,-23.107],[-54.522,-23.112],[-54.526,-23.114],[-54.536,-23.117],[-54.542,-23.117],[-54.547,-23.119],[-54.552,-23.123],[-54.559,-23.126],[-54.565,-23.131],[-54.566,-23.135],[-54.573,-23.139],[-54.579,-23.148],[-54.583,-23.149],[-54.59,-23.156],[-54.602,-23.159],[-54.606,-23.159],[-54.619,-23.161],[-54.625,-23.162],[-54.628,-23.164],[-54.634,-23.164],[-54.638,-23.168],[-54.644,-23.177],[-54.651,-23.182],[-54.655,-23.186],[-54.655,-23.192],[-54.658,-23.201],[-54.659,-23.205],[-54.662,-23.212],[-54.66,-23.222],[-54.655,-23.234],[-54.654,-23.26],[-54.653,-23.264],[-54.649,-23.27],[-54.644,-23.275],[-54.648,-23.285],[-54.653,-23.29],[-54.661,-23.292],[-54.666,-23.302],[-54.669,-23.305],[-54.672,-23.311],[-54.681,-23.306],[-54.684,-23.302],[-54.694,-23.295],[-54.697,-23.292],[-54.707,-23.287],[-54.712,-23.289],[-54.722,-23.289],[-54.73,-23.294],[-54.748,-23.293],[-54.753,-23.295],[-54.764,-23.294],[-54.771,-23.291],[-54.774,-23.292],[-54.785,-23.299],[-54.79,-23.306],[-54.807,-23.305],[-54.815,-23.306],[-54.816,-23.308],[-54.819,-23.318],[-54.823,-23.322],[-54.826,-23.332],[-54.832,-23.337],[-54.837,-23.348],[-54.84,-23.357],[-54.841,-23.362],[-54.836,-23.376],[-54.836,-23.382],[-54.837,-23.388],[-54.839,-23.392],[-54.843,-23.393],[-54.847,-23.399],[-54.865,-23.409],[-54.866,-23.415],[-54.868,-23.415],[-54.874,-23.43],[-54.881,-23.436],[-54.883,-23.441],[-54.879,-23.444],[-54.873,-23.444],[-54.869,-23.447],[-54.868,-23.451],[-54.862,-23.457],[-54.861,-23.46],[-54.857,-23.462],[-54.857,-23.464],[-54.853,-23.468],[-54.852,-23.471],[-54.842,-23.476],[-54.843,-23.479],[-54.847,-23.483],[-54.843,-23.485],[-54.841,-23.49],[-54.843,-23.492],[-54.839,-23.497],[-54.84,-23.5],[-54.835,-23.508],[-54.834,-23.512],[-54.831,-23.513],[-54.828,-23.523],[-54.826,-23.523],[-54.821,-23.527],[-54.822,-23.531],[-54.819,-23.537],[-54.815,-23.537],[-54.813,-23.546],[-54.815,-23.548],[-54.825,-23.549],[-54.828,-23.552],[-54.836,-23.553],[-54.84,-23.551],[-54.849,-23.55],[-54.857,-23.552],[-54.858,-23.549],[-54.863,-23.549],[-54.872,-23.552],[-54.874,-23.551],[-54.877,-23.553],[-54.882,-23.55],[-54.883,-23.555],[-54.888,-23.555],[-54.893,-23.558],[-54.896,-23.556],[-54.9,-23.559],[-54.907,-23.559],[-54.912,-23.563],[-54.917,-23.563],[-54.921,-23.567],[-54.924,-23.563],[-54.932,-23.557],[-54.942,-23.555],[-54.941,-23.553],[-54.947,-23.553],[-54.95,-23.549],[-54.953,-23.549],[-54.956,-23.546],[-54.959,-23.546],[-54.97,-23.542],[-54.975,-23.531],[-54.981,-23.53],[-54.991,-23.52],[-54.994,-23.52],[-54.997,-23.514],[-55.006,-23.513],[-55.008,-23.509],[-55.014,-23.505],[-55.021,-23.496],[-55.025,-23.496],[-55.031,-23.491],[-55.035,-23.49],[-55.043,-23.492],[-55.05,-23.488],[-55.053,-23.488],[-55.062,-23.482],[-55.072,-23.48],[-55.075,-23.478],[-55.075,-23.474],[-55.078,-23.475],[-55.081,-23.471],[-55.088,-23.471],[-55.093,-23.463],[-55.094,-23.461],[-55.101,-23.456],[-55.102,-23.45],[-55.105,-23.444],[-55.109,-23.443],[-55.109,-23.44],[-55.114,-23.435],[-55.121,-23.432],[-55.127,-23.424],[-55.137,-23.42],[-55.136,-23.417],[-55.14,-23.413],[-55.145,-23.41],[-55.147,-23.398],[-55.151,-23.391],[-55.151,-23.387],[-55.155,-23.381],[-55.154,-23.378],[-55.154,-23.371],[-55.157,-23.365],[-55.165,-23.358],[-55.169,-23.358],[-55.181,-23.349],[-55.185,-23.348],[-55.19,-23.348],[-55.194,-23.344],[-55.197,-23.339],[-55.201,-23.338],[-55.201,-23.335],[-55.209,-23.338],[-55.209,-23.336],[-55.215,-23.331],[-55.212,-23.329],[-55.218,-23.326],[-55.221,-23.327],[-55.221,-23.321],[-55.226,-23.318],[-55.227,-23.316],[-55.229,-23.319],[-55.235,-23.319],[-55.237,-23.315],[-55.24,-23.314],[-55.244,-23.311],[-55.242,-23.31],[-55.25,-23.302],[-55.253,-23.304],[-55.259,-23.303],[-55.263,-23.299],[-55.266,-23.299],[-55.269,-23.293],[-55.273,-23.292],[-55.274,-23.29],[-55.279,-23.291],[-55.283,-23.288],[-55.285,-23.288],[-55.293,-23.283],[-55.299,-23.284],[-55.306,-23.276],[-55.31,-23.273],[-55.315,-23.271],[-55.318,-23.273],[-55.326,-23.268],[-55.337,-23.265],[-55.342,-23.261],[-55.35,-23.249],[-55.356,-23.239],[-55.358,-23.221],[-55.36,-23.218],[-55.367,-23.214],[-55.373,-23.208],[-55.376,-23.202],[-55.375,-23.196],[-55.377,-23.191],[-55.381,-23.187],[-55.38,-23.185],[-55.384,-23.179],[-55.402,-23.15],[-55.413,-23.136],[-55.419,-23.131],[-55.424,-23.124],[-55.425,-23.117],[-55.43,-23.109],[-55.435,-23.095],[-55.434,-23.091]]]}},{"type":"Feature","properties":{"c":"5000708"},"geometry":{"type":"Polygon","coordinates":[[[-56.085,-20.766],[-56.089,-20.766],[-56.092,-20.762],[-56.093,-20.758],[-56.099,-20.751],[-56.106,-20.745],[-56.106,-20.742],[-56.11,-20.74],[-56.114,-20.742],[-56.118,-20.741],[-56.115,-20.73],[-56.117,-20.727],[-56.124,-20.725],[-56.129,-20.728],[-56.132,-20.728],[-56.135,-20.722],[-56.128,-20.718],[-56.128,-20.709],[-56.137,-20.704],[-56.14,-20.696],[-56.141,-20.692],[-56.132,-20.69],[-56.13,-20.688],[-56.131,-20.682],[-56.135,-20.682],[-56.145,-20.674],[-56.146,-20.671],[-56.156,-20.669],[-56.163,-20.67],[-56.161,-20.666],[-56.164,-20.662],[-56.15,-20.659],[-56.148,-20.65],[-56.151,-20.647],[-56.155,-20.64],[-56.154,-20.635],[-56.149,-20.631],[-56.15,-20.625],[-56.157,-20.623],[-56.157,-20.619],[-56.151,-20.618],[-56.142,-20.621],[-56.138,-20.617],[-56.133,-20.615],[-56.129,-20.605],[-56.133,-20.596],[-56.133,-20.587],[-56.138,-20.576],[-56.137,-20.554],[-56.139,-20.547],[-56.139,-20.537],[-56.136,-20.532],[-56.134,-20.516],[-56.135,-20.505],[-56.134,-20.5],[-56.142,-20.497],[-56.145,-20.494],[-56.148,-20.483],[-56.146,-20.476],[-56.15,-20.47],[-56.149,-20.461],[-56.15,-20.454],[-56.152,-20.452],[-56.158,-20.45],[-56.168,-20.449],[-56.172,-20.446],[-56.179,-20.445],[-56.182,-20.442],[-56.183,-20.436],[-56.182,-20.434],[-56.177,-20.43],[-56.102,-20.419],[-55.833,-20.46],[-55.834,-20.462],[-55.831,-20.47],[-55.826,-20.473],[-55.823,-20.472],[-55.816,-20.469],[-55.811,-20.468],[-55.806,-20.471],[-55.803,-20.477],[-55.797,-20.482],[-55.787,-20.486],[-55.781,-20.487],[-55.78,-20.491],[-55.777,-20.494],[-55.771,-20.492],[-55.77,-20.488],[-55.761,-20.488],[-55.755,-20.489],[-55.752,-20.492],[-55.748,-20.487],[-55.741,-20.49],[-55.737,-20.487],[-55.728,-20.488],[-55.723,-20.485],[-55.714,-20.485],[-55.709,-20.487],[-55.698,-20.485],[-55.692,-20.482],[-55.685,-20.482],[-55.681,-20.476],[-55.678,-20.476],[-55.672,-20.483],[-55.666,-20.485],[-55.654,-20.488],[-55.646,-20.481],[-55.64,-20.484],[-55.636,-20.491],[-55.621,-20.499],[-55.618,-20.5],[-55.611,-20.496],[-55.606,-20.501],[-55.605,-20.504],[-55.608,-20.509],[-55.605,-20.516],[-55.601,-20.519],[-55.597,-20.515],[-55.589,-20.513],[-55.587,-20.51],[-55.583,-20.515],[-55.574,-20.521],[-55.578,-20.529],[-55.577,-20.533],[-55.581,-20.539],[-55.573,-20.544],[-55.568,-20.544],[-55.568,-20.548],[-55.576,-20.551],[-55.578,-20.555],[-55.577,-20.559],[-55.579,-20.562],[-55.579,-20.567],[-55.583,-20.575],[-55.583,-20.578],[-55.579,-20.583],[-55.585,-20.591],[-55.583,-20.594],[-55.584,-20.597],[-55.584,-20.604],[-55.586,-20.608],[-55.582,-20.615],[-55.582,-20.624],[-55.58,-20.627],[-55.574,-20.626],[-55.575,-20.631],[-55.565,-20.64],[-55.561,-20.638],[-55.556,-20.643],[-55.557,-20.65],[-55.555,-20.653],[-55.558,-20.655],[-55.561,-20.655],[-55.563,-20.658],[-55.558,-20.663],[-55.559,-20.667],[-55.55,-20.672],[-55.552,-20.678],[-55.553,-20.683],[-55.548,-20.689],[-55.543,-20.687],[-55.541,-20.69],[-55.541,-20.696],[-55.536,-20.698],[-55.534,-20.696],[-55.533,-20.703],[-55.532,-20.704],[-55.529,-20.701],[-55.523,-20.712],[-55.525,-20.715],[-55.524,-20.719],[-55.526,-20.724],[-55.53,-20.727],[-55.529,-20.734],[-55.527,-20.736],[-55.527,-20.741],[-55.523,-20.742],[-55.515,-20.741],[-55.513,-20.744],[-55.506,-20.749],[-55.502,-20.753],[-55.491,-20.757],[-55.485,-20.763],[-55.481,-20.764],[-55.475,-20.769],[-55.471,-20.769],[-55.471,-20.773],[-55.473,-20.777],[-55.471,-20.78],[-55.464,-20.782],[-55.467,-20.788],[-55.464,-20.796],[-55.46,-20.798],[-55.46,-20.802],[-55.458,-20.802],[-55.456,-20.806],[-55.449,-20.809],[-55.452,-20.813],[-55.45,-20.821],[-55.451,-20.826],[-55.444,-20.828],[-55.439,-20.837],[-55.428,-20.836],[-55.419,-20.838],[-55.413,-20.847],[-55.416,-20.852],[-55.416,-20.857],[-55.419,-20.863],[-55.413,-20.865],[-55.414,-20.868],[-55.41,-20.87],[-55.408,-20.869],[-55.406,-20.873],[-55.408,-20.874],[-55.401,-20.882],[-55.399,-20.893],[-55.395,-20.896],[-55.398,-20.902],[-55.4,-20.911],[-55.391,-20.919],[-55.391,-20.926],[-55.387,-20.928],[-55.381,-20.93],[-55.38,-20.927],[-55.368,-20.932],[-55.373,-20.936],[-55.373,-20.945],[-55.369,-20.949],[-55.371,-20.958],[-55.364,-20.964],[-55.36,-20.966],[-55.357,-20.965],[-55.349,-20.976],[-55.347,-20.977],[-55.347,-20.981],[-55.341,-20.984],[-55.34,-20.987],[-55.344,-20.99],[-55.344,-20.993],[-55.339,-20.996],[-55.334,-21.0],[-55.328,-21.003],[-55.322,-21.008],[-55.318,-21.018],[-55.308,-21.04],[-55.319,-21.051],[-55.329,-21.045],[-55.337,-21.04],[-55.342,-21.038],[-55.355,-21.034],[-55.362,-21.034],[-55.366,-21.036],[-55.369,-21.04],[-55.377,-21.043],[-55.379,-21.045],[-55.386,-21.046],[-55.39,-21.048],[-55.409,-21.047],[-55.413,-21.051],[-55.417,-21.05],[-55.418,-21.054],[-55.423,-21.052],[-55.426,-21.056],[-55.427,-21.049],[-55.431,-21.05],[-55.437,-21.049],[-55.439,-21.047],[-55.436,-21.042],[-55.443,-21.041],[-55.443,-21.036],[-55.455,-21.035],[-55.458,-21.028],[-55.463,-21.028],[-55.469,-21.025],[-55.473,-21.019],[-55.481,-21.02],[-55.486,-21.022],[-55.493,-21.017],[-55.501,-21.009],[-55.509,-21.003],[-55.51,-20.997],[-55.517,-20.994],[-55.531,-20.993],[-55.534,-20.995],[-55.538,-20.992],[-55.543,-20.994],[-55.548,-20.992],[-55.557,-20.991],[-55.562,-20.996],[-55.567,-20.995],[-55.569,-20.991],[-55.572,-20.994],[-55.579,-20.992],[-55.581,-20.997],[-55.585,-20.997],[-55.591,-20.991],[-55.592,-20.986],[-55.597,-20.987],[-55.599,-20.984],[-55.602,-20.985],[-55.608,-20.977],[-55.611,-20.979],[-55.621,-20.975],[-55.627,-20.969],[-55.628,-20.965],[-55.633,-20.959],[-55.636,-20.953],[-55.639,-20.949],[-55.648,-20.945],[-55.651,-20.937],[-55.656,-20.936],[-55.66,-20.937],[-55.663,-20.933],[-55.667,-20.929],[-55.673,-20.928],[-55.68,-20.92],[-55.687,-20.918],[-55.689,-20.912],[-55.688,-20.907],[-55.689,-20.905],[-55.687,-20.899],[-55.689,-20.896],[-55.689,-20.891],[-55.692,-20.89],[-55.689,-20.887],[-55.693,-20.882],[-55.692,-20.88],[-55.696,-20.876],[-55.693,-20.874],[-55.699,-20.863],[-55.708,-20.852],[-55.708,-20.845],[-55.711,-20.846],[-55.706,-20.84],[-55.709,-20.832],[-55.714,-20.829],[-55.718,-20.829],[-55.721,-20.827],[-55.726,-20.825],[-55.724,-20.82],[-55.72,-20.818],[-55.725,-20.808],[-55.721,-20.8],[-55.724,-20.795],[-55.723,-20.793],[-55.728,-20.791],[-55.727,-20.788],[-55.73,-20.776],[-55.733,-20.777],[-55.734,-20.775],[-55.738,-20.775],[-55.737,-20.772],[-55.74,-20.763],[-55.745,-20.762],[-55.749,-20.763],[-55.748,-20.759],[-55.753,-20.755],[-55.756,-20.755],[-55.758,-20.757],[-55.765,-20.757],[-55.771,-20.764],[-55.775,-20.762],[-55.776,-20.764],[-55.782,-20.762],[-55.783,-20.755],[-55.788,-20.747],[-55.794,-20.748],[-55.846,-20.733],[-55.843,-20.739],[-55.845,-20.754],[-55.855,-20.768],[-55.862,-20.767],[-55.866,-20.772],[-55.869,-20.773],[-55.872,-20.779],[-55.87,-20.784],[-55.871,-20.787],[-55.877,-20.79],[-55.883,-20.796],[-55.885,-20.803],[-55.891,-20.807],[-55.901,-20.804],[-55.911,-20.807],[-55.916,-20.808],[-55.925,-20.812],[-55.938,-20.822],[-55.948,-20.817],[-55.957,-20.817],[-55.965,-20.82],[-55.968,-20.82],[-55.992,-20.811],[-55.996,-20.807],[-56.001,-20.806],[-56.005,-20.803],[-56.009,-20.802],[-56.003,-20.796],[-56.002,-20.791],[-56.009,-20.794],[-56.012,-20.786],[-56.006,-20.78],[-56.007,-20.776],[-56.013,-20.775],[-56.015,-20.778],[-56.019,-20.777],[-56.022,-20.773],[-56.025,-20.774],[-56.022,-20.779],[-56.025,-20.781],[-56.024,-20.784],[-56.03,-20.786],[-56.03,-20.782],[-56.036,-20.781],[-56.037,-20.777],[-56.034,-20.775],[-56.039,-20.772],[-56.037,-20.769],[-56.04,-20.766],[-56.054,-20.764],[-56.056,-20.761],[-56.058,-20.765],[-56.063,-20.768],[-56.066,-20.767],[-56.069,-20.769],[-56.071,-20.766],[-56.074,-20.768],[-56.074,-20.763],[-56.08,-20.764],[-56.082,-20.766],[-56.082,-20.763],[-56.085,-20.766]]]}},{"type":"Feature","properties":{"c":"5000807"},"geometry":{"type":"Polygon","coordinates":[[[-53.15,-21.974],[-53.072,-21.838],[-53.05,-21.845],[-53.036,-21.853],[-53.029,-21.856],[-53.009,-21.858],[-52.994,-21.856],[-52.978,-21.86],[-52.969,-21.861],[-52.961,-21.86],[-52.928,-21.868],[-52.871,-21.88],[-52.865,-21.879],[-52.775,-21.861],[-52.71,-21.848],[-52.653,-21.836],[-52.634,-21.832],[-52.622,-21.876],[-52.62,-21.882],[-52.612,-21.891],[-52.607,-21.903],[-52.608,-21.917],[-52.602,-21.919],[-52.594,-21.926],[-52.588,-21.932],[-52.583,-21.935],[-52.577,-21.944],[-52.572,-21.948],[-52.565,-21.953],[-52.562,-21.956],[-52.556,-21.959],[-52.548,-21.966],[-52.542,-21.967],[-52.533,-21.971],[-52.529,-21.976],[-52.522,-21.98],[-52.514,-21.989],[-52.51,-21.993],[-52.506,-21.998],[-52.499,-22.004],[-52.497,-22.006],[-52.481,-22.011],[-52.47,-22.014],[-52.467,-22.018],[-52.463,-22.02],[-52.451,-22.034],[-52.448,-22.036],[-52.445,-22.032],[-52.439,-22.031],[-52.432,-22.033],[-52.414,-22.032],[-52.405,-22.028],[-52.399,-22.028],[-52.393,-22.032],[-52.38,-22.035],[-52.375,-22.043],[-52.376,-22.05],[-52.375,-22.055],[-52.37,-22.055],[-52.369,-22.06],[-52.371,-22.068],[-52.376,-22.073],[-52.393,-22.1],[-52.396,-22.108],[-52.392,-22.115],[-52.396,-22.119],[-52.402,-22.126],[-52.408,-22.142],[-52.415,-22.149],[-52.433,-22.163],[-52.442,-22.171],[-52.446,-22.177],[-52.461,-22.189],[-52.48,-22.201],[-52.484,-22.213],[-52.488,-22.217],[-52.499,-22.224],[-52.503,-22.225],[-52.512,-22.226],[-52.523,-22.229],[-52.533,-22.236],[-52.542,-22.24],[-52.549,-22.242],[-52.571,-22.248],[-52.579,-22.252],[-52.587,-22.257],[-52.598,-22.269],[-52.604,-22.273],[-52.623,-22.279],[-52.633,-22.285],[-52.64,-22.293],[-52.646,-22.298],[-52.657,-22.304],[-52.695,-22.315],[-52.724,-22.335],[-52.746,-22.343],[-52.798,-22.378],[-52.808,-22.388],[-52.84,-22.415],[-52.855,-22.439],[-52.858,-22.441],[-52.886,-22.453],[-52.939,-22.47],[-52.948,-22.473],[-52.962,-22.46],[-52.995,-22.43],[-53.002,-22.425],[-52.995,-22.423],[-52.989,-22.423],[-52.988,-22.42],[-52.993,-22.412],[-52.994,-22.398],[-52.997,-22.385],[-53.001,-22.375],[-53.001,-22.363],[-53.006,-22.35],[-53.011,-22.346],[-53.014,-22.34],[-53.03,-22.326],[-53.04,-22.312],[-53.042,-22.302],[-53.043,-22.283],[-53.048,-22.267],[-53.054,-22.258],[-53.056,-22.25],[-53.065,-22.232],[-53.068,-22.229],[-53.069,-22.224],[-53.075,-22.221],[-53.078,-22.216],[-53.084,-22.194],[-53.088,-22.186],[-53.093,-22.182],[-53.097,-22.17],[-53.099,-22.157],[-53.105,-22.15],[-53.109,-22.141],[-53.11,-22.135],[-53.111,-22.123],[-53.113,-22.116],[-53.113,-22.103],[-53.108,-22.09],[-53.109,-22.084],[-53.107,-22.082],[-53.107,-22.075],[-53.108,-22.063],[-53.109,-22.06],[-53.11,-22.051],[-53.111,-22.043],[-53.115,-22.033],[-53.115,-22.022],[-53.116,-22.012],[-53.134,-21.975],[-53.147,-21.975],[-53.15,-21.974]]]}},{"type":"Feature","properties":{"c":"5000856"},"geometry":{"type":"Polygon","coordinates":[[[-53.997,-22.158],[-54.002,-22.155],[-54.009,-22.153],[-53.994,-22.12],[-54.087,-22.083],[-54.092,-22.067],[-54.089,-22.055],[-54.09,-22.051],[-54.09,-22.047],[-54.086,-22.037],[-54.085,-22.029],[-54.086,-22.02],[-54.09,-22.017],[-54.092,-22.011],[-54.092,-22.0],[-54.092,-21.989],[-54.094,-21.984],[-54.098,-21.977],[-54.103,-21.972],[-54.109,-21.963],[-54.118,-21.956],[-54.119,-21.951],[-54.122,-21.95],[-54.126,-21.946],[-54.127,-21.938],[-54.132,-21.934],[-54.133,-21.931],[-54.123,-21.928],[-54.115,-21.923],[-54.112,-21.917],[-54.106,-21.914],[-54.1,-21.913],[-54.092,-21.916],[-54.089,-21.922],[-54.081,-21.929],[-54.076,-21.929],[-54.069,-21.92],[-54.069,-21.913],[-54.077,-21.91],[-54.079,-21.908],[-54.076,-21.906],[-54.069,-21.905],[-54.063,-21.908],[-54.055,-21.902],[-54.048,-21.903],[-54.039,-21.901],[-54.036,-21.898],[-54.029,-21.898],[-54.026,-21.897],[-54.022,-21.9],[-54.015,-21.903],[-54.009,-21.905],[-54.004,-21.903],[-54.002,-21.908],[-53.999,-21.908],[-53.992,-21.901],[-53.983,-21.903],[-53.974,-21.911],[-53.972,-21.911],[-53.969,-21.907],[-53.968,-21.9],[-53.965,-21.896],[-53.962,-21.897],[-53.96,-21.903],[-53.953,-21.91],[-53.953,-21.914],[-53.957,-21.914],[-53.96,-21.92],[-53.959,-21.923],[-53.955,-21.923],[-53.945,-21.919],[-53.938,-21.908],[-53.94,-21.902],[-53.943,-21.897],[-53.937,-21.897],[-53.931,-21.901],[-53.927,-21.901],[-53.924,-21.898],[-53.918,-21.899],[-53.914,-21.898],[-53.904,-21.911],[-53.893,-21.907],[-53.891,-21.905],[-53.891,-21.897],[-53.897,-21.89],[-53.899,-21.883],[-53.897,-21.879],[-53.888,-21.88],[-53.88,-21.882],[-53.879,-21.886],[-53.876,-21.895],[-53.871,-21.898],[-53.861,-21.897],[-53.849,-21.903],[-53.846,-21.902],[-53.839,-21.897],[-53.833,-21.899],[-53.829,-21.903],[-53.824,-21.905],[-53.822,-21.91],[-53.815,-21.912],[-53.815,-21.917],[-53.811,-21.92],[-53.809,-21.919],[-53.799,-21.912],[-53.795,-21.914],[-53.792,-21.922],[-53.793,-21.928],[-53.791,-21.934],[-53.791,-21.941],[-53.782,-21.948],[-53.769,-21.956],[-53.763,-21.958],[-53.76,-21.963],[-53.762,-21.974],[-53.761,-21.986],[-53.766,-21.993],[-53.761,-21.994],[-53.754,-21.986],[-53.736,-21.987],[-53.731,-21.996],[-53.734,-22.001],[-53.739,-22.003],[-53.746,-22.003],[-53.75,-22.006],[-53.748,-22.01],[-53.742,-22.014],[-53.733,-22.018],[-53.724,-22.019],[-53.714,-22.023],[-53.703,-22.032],[-53.695,-22.033],[-53.687,-22.04],[-53.687,-22.044],[-53.692,-22.048],[-53.693,-22.055],[-53.69,-22.061],[-53.687,-22.065],[-53.681,-22.065],[-53.674,-22.072],[-53.672,-22.075],[-53.668,-22.09],[-53.67,-22.096],[-53.666,-22.102],[-53.663,-22.112],[-53.66,-22.113],[-53.653,-22.111],[-53.646,-22.116],[-53.637,-22.118],[-53.627,-22.122],[-53.625,-22.124],[-53.624,-22.13],[-53.627,-22.139],[-53.624,-22.144],[-53.621,-22.145],[-53.614,-22.145],[-53.606,-22.147],[-53.596,-22.148],[-53.591,-22.151],[-53.586,-22.158],[-53.586,-22.163],[-53.594,-22.172],[-53.594,-22.177],[-53.587,-22.184],[-53.587,-22.19],[-53.588,-22.195],[-53.592,-22.193],[-53.604,-22.189],[-53.61,-22.191],[-53.616,-22.199],[-53.622,-22.205],[-53.63,-22.207],[-53.64,-22.209],[-53.648,-22.214],[-53.653,-22.216],[-53.663,-22.221],[-53.67,-22.223],[-53.684,-22.231],[-53.692,-22.23],[-53.701,-22.231],[-53.702,-22.232],[-53.714,-22.231],[-53.73,-22.238],[-53.733,-22.236],[-53.744,-22.236],[-53.751,-22.238],[-53.755,-22.236],[-53.763,-22.234],[-53.777,-22.237],[-53.789,-22.233],[-53.796,-22.23],[-53.801,-22.225],[-53.81,-22.219],[-53.817,-22.216],[-53.824,-22.212],[-53.831,-22.21],[-53.845,-22.209],[-53.85,-22.21],[-53.856,-22.209],[-53.86,-22.209],[-53.877,-22.207],[-53.88,-22.204],[-53.885,-22.205],[-53.894,-22.199],[-53.898,-22.199],[-53.903,-22.197],[-53.908,-22.189],[-53.912,-22.187],[-53.923,-22.171],[-53.929,-22.169],[-53.932,-22.164],[-53.939,-22.165],[-53.946,-22.161],[-53.955,-22.16],[-53.959,-22.161],[-53.96,-22.157],[-53.967,-22.155],[-53.972,-22.15],[-53.979,-22.148],[-53.987,-22.151],[-53.997,-22.158]]]}},{"type":"Feature","properties":{"c":"5000906"},"geometry":{"type":"Polygon","coordinates":[[[-56.346,-22.181],[-56.345,-22.18],[-56.331,-22.175],[-56.327,-22.179],[-56.327,-22.183],[-56.32,-22.184],[-56.319,-22.188],[-56.315,-22.19],[-56.304,-22.186],[-56.299,-22.18],[-56.298,-22.172],[-56.295,-22.17],[-56.294,-22.164],[-56.288,-22.161],[-56.285,-22.163],[-56.276,-22.164],[-56.272,-22.165],[-56.262,-22.163],[-56.256,-22.163],[-56.254,-22.167],[-56.247,-22.171],[-56.236,-22.174],[-56.23,-22.174],[-56.227,-22.172],[-56.221,-22.172],[-56.218,-22.174],[-56.209,-22.174],[-56.204,-22.173],[-56.202,-22.106],[-56.134,-22.113],[-56.113,-22.127],[-56.106,-22.115],[-56.095,-22.12],[-56.08,-22.089],[-56.075,-22.092],[-56.071,-22.093],[-56.07,-22.101],[-56.069,-22.092],[-56.069,-22.108],[-56.065,-22.106],[-56.06,-22.108],[-56.058,-22.107],[-56.058,-22.114],[-56.053,-22.116],[-56.048,-22.114],[-56.045,-22.116],[-56.033,-22.126],[-56.03,-22.132],[-56.024,-22.131],[-56.023,-22.129],[-56.028,-22.121],[-56.038,-22.111],[-56.046,-22.101],[-56.047,-22.092],[-56.042,-22.089],[-56.038,-22.09],[-56.029,-22.095],[-56.02,-22.095],[-56.015,-22.089],[-56.014,-22.083],[-56.01,-22.079],[-56.012,-22.071],[-56.017,-22.067],[-56.018,-22.062],[-56.015,-22.061],[-56.009,-22.058],[-56.005,-22.059],[-56.005,-22.064],[-56.003,-22.069],[-55.999,-22.071],[-55.999,-22.076],[-55.993,-22.081],[-55.988,-22.081],[-55.984,-22.089],[-55.974,-22.094],[-55.971,-22.099],[-55.967,-22.095],[-55.961,-22.093],[-55.958,-22.095],[-55.949,-22.096],[-55.947,-22.094],[-55.94,-22.096],[-55.934,-22.102],[-55.925,-22.106],[-55.914,-22.116],[-55.909,-22.118],[-55.908,-22.121],[-55.898,-22.133],[-55.89,-22.135],[-55.883,-22.142],[-55.877,-22.15],[-55.869,-22.146],[-55.868,-22.147],[-55.861,-22.144],[-55.859,-22.142],[-55.849,-22.143],[-55.838,-22.14],[-55.834,-22.141],[-55.819,-22.147],[-55.815,-22.15],[-55.815,-22.152],[-55.807,-22.148],[-55.799,-22.151],[-55.793,-22.15],[-55.79,-22.148],[-55.785,-22.148],[-55.785,-22.145],[-55.773,-22.142],[-55.772,-22.136],[-55.774,-22.132],[-55.771,-22.128],[-55.766,-22.13],[-55.766,-22.124],[-55.764,-22.121],[-55.753,-22.118],[-55.755,-22.116],[-55.748,-22.118],[-55.749,-22.123],[-55.742,-22.122],[-55.74,-22.12],[-55.735,-22.123],[-55.729,-22.119],[-55.722,-22.118],[-55.717,-22.123],[-55.717,-22.117],[-55.714,-22.114],[-55.709,-22.116],[-55.705,-22.122],[-55.702,-22.12],[-55.7,-22.123],[-55.702,-22.125],[-55.699,-22.128],[-55.697,-22.127],[-55.699,-22.134],[-55.698,-22.138],[-55.694,-22.139],[-55.691,-22.136],[-55.692,-22.133],[-55.688,-22.13],[-55.68,-22.131],[-55.681,-22.127],[-55.686,-22.123],[-55.682,-22.12],[-55.675,-22.118],[-55.674,-22.122],[-55.677,-22.126],[-55.672,-22.127],[-55.668,-22.124],[-55.668,-22.12],[-55.663,-22.122],[-55.66,-22.119],[-55.664,-22.113],[-55.658,-22.115],[-55.655,-22.119],[-55.645,-22.121],[-55.65,-22.128],[-55.646,-22.134],[-55.643,-22.128],[-55.64,-22.131],[-55.643,-22.137],[-55.65,-22.134],[-55.652,-22.134],[-55.657,-22.139],[-55.662,-22.141],[-55.666,-22.142],[-55.661,-22.145],[-55.659,-22.148],[-55.663,-22.149],[-55.662,-22.151],[-55.667,-22.154],[-55.666,-22.157],[-55.66,-22.155],[-55.658,-22.162],[-55.664,-22.16],[-55.67,-22.162],[-55.674,-22.166],[-55.671,-22.17],[-55.678,-22.17],[-55.68,-22.177],[-55.684,-22.179],[-55.688,-22.177],[-55.687,-22.18],[-55.692,-22.18],[-55.692,-22.185],[-55.688,-22.184],[-55.688,-22.186],[-55.684,-22.189],[-55.686,-22.19],[-55.685,-22.194],[-55.689,-22.197],[-55.691,-22.205],[-55.695,-22.201],[-55.699,-22.202],[-55.701,-22.207],[-55.701,-22.215],[-55.704,-22.216],[-55.707,-22.222],[-55.71,-22.222],[-55.713,-22.229],[-55.705,-22.236],[-55.706,-22.238],[-55.712,-22.237],[-55.709,-22.242],[-55.709,-22.247],[-55.707,-22.25],[-55.709,-22.252],[-55.711,-22.25],[-55.715,-22.257],[-55.718,-22.256],[-55.724,-22.262],[-55.722,-22.266],[-55.725,-22.266],[-55.731,-22.273],[-55.731,-22.277],[-55.736,-22.279],[-55.74,-22.278],[-55.741,-22.281],[-55.744,-22.284],[-55.746,-22.282],[-55.749,-22.291],[-55.753,-22.298],[-55.754,-22.304],[-55.757,-22.308],[-55.757,-22.314],[-55.759,-22.323],[-55.753,-22.337],[-55.749,-22.342],[-55.748,-22.346],[-55.751,-22.355],[-55.751,-22.358],[-55.756,-22.369],[-55.764,-22.372],[-55.767,-22.378],[-55.767,-22.384],[-55.776,-22.386],[-55.78,-22.384],[-55.788,-22.389],[-55.791,-22.388],[-55.791,-22.38],[-55.804,-22.372],[-55.803,-22.37],[-55.8,-22.369],[-55.799,-22.365],[-55.801,-22.355],[-55.809,-22.352],[-55.81,-22.35],[-55.815,-22.346],[-55.821,-22.345],[-55.824,-22.341],[-55.825,-22.337],[-55.827,-22.336],[-55.829,-22.33],[-55.832,-22.326],[-55.832,-22.321],[-55.829,-22.316],[-55.833,-22.315],[-55.836,-22.308],[-55.836,-22.305],[-55.839,-22.302],[-55.839,-22.297],[-55.835,-22.296],[-55.839,-22.294],[-55.843,-22.287],[-55.849,-22.286],[-55.851,-22.282],[-55.857,-22.281],[-55.865,-22.284],[-55.887,-22.282],[-55.898,-22.285],[-55.905,-22.285],[-55.913,-22.279],[-55.918,-22.278],[-55.92,-22.281],[-55.923,-22.279],[-55.929,-22.279],[-55.936,-22.28],[-55.942,-22.283],[-55.946,-22.283],[-55.949,-22.293],[-55.951,-22.293],[-55.954,-22.29],[-55.961,-22.29],[-55.966,-22.289],[-55.97,-22.292],[-55.978,-22.285],[-55.981,-22.279],[-55.991,-22.282],[-55.992,-22.281],[-55.996,-22.283],[-55.999,-22.286],[-56.002,-22.286],[-56.003,-22.291],[-56.01,-22.295],[-56.012,-22.292],[-56.01,-22.291],[-56.012,-22.286],[-56.017,-22.289],[-56.024,-22.285],[-56.027,-22.286],[-56.033,-22.285],[-56.036,-22.281],[-56.04,-22.283],[-56.049,-22.278],[-56.06,-22.276],[-56.063,-22.276],[-56.067,-22.281],[-56.069,-22.287],[-56.073,-22.287],[-56.082,-22.285],[-56.083,-22.282],[-56.086,-22.286],[-56.087,-22.284],[-56.093,-22.286],[-56.101,-22.279],[-56.111,-22.276],[-56.112,-22.273],[-56.116,-22.275],[-56.117,-22.271],[-56.12,-22.273],[-56.125,-22.271],[-56.128,-22.277],[-56.131,-22.284],[-56.138,-22.286],[-56.143,-22.284],[-56.148,-22.285],[-56.15,-22.282],[-56.157,-22.284],[-56.158,-22.286],[-56.161,-22.282],[-56.161,-22.286],[-56.165,-22.285],[-56.166,-22.288],[-56.171,-22.284],[-56.174,-22.286],[-56.174,-22.279],[-56.178,-22.281],[-56.183,-22.277],[-56.188,-22.28],[-56.19,-22.273],[-56.194,-22.271],[-56.2,-22.278],[-56.205,-22.275],[-56.209,-22.278],[-56.214,-22.274],[-56.214,-22.269],[-56.219,-22.269],[-56.221,-22.264],[-56.225,-22.263],[-56.234,-22.255],[-56.232,-22.253],[-56.233,-22.245],[-56.237,-22.237],[-56.241,-22.236],[-56.254,-22.238],[-56.256,-22.237],[-56.264,-22.239],[-56.27,-22.233],[-56.276,-22.237],[-56.278,-22.232],[-56.285,-22.232],[-56.286,-22.225],[-56.29,-22.226],[-56.295,-22.221],[-56.298,-22.22],[-56.299,-22.218],[-56.309,-22.214],[-56.317,-22.218],[-56.318,-22.215],[-56.322,-22.214],[-56.321,-22.211],[-56.326,-22.209],[-56.324,-22.208],[-56.331,-22.204],[-56.33,-22.199],[-56.337,-22.199],[-56.335,-22.196],[-56.339,-22.193],[-56.34,-22.189],[-56.343,-22.19],[-56.346,-22.188],[-56.343,-22.183],[-56.346,-22.181]]]}},{"type":"Feature","properties":{"c":"5001003"},"geometry":{"type":"Polygon","coordinates":[[[-51.033,-19.791],[-51.027,-19.798],[-51.024,-19.804],[-51.021,-19.828],[-51.018,-19.837],[-51.02,-19.857],[-51.02,-19.865],[-51.019,-19.87],[-51.013,-19.883],[-51.009,-19.889],[-50.999,-19.906],[-51.0,-19.916],[-51.002,-19.925],[-51.01,-19.935],[-51.014,-19.944],[-51.021,-19.959],[-51.021,-19.968],[-51.015,-19.981],[-51.009,-19.99],[-51.005,-19.996],[-51.005,-20.018],[-51.006,-20.025],[-51.01,-20.034],[-51.017,-20.042],[-51.018,-20.048],[-51.01,-20.072],[-51.0,-20.085],[-51.001,-20.096],[-51.007,-20.106],[-51.013,-20.119],[-51.017,-20.124],[-51.022,-20.133],[-51.029,-20.151],[-51.038,-20.175],[-51.04,-20.178],[-51.049,-20.199],[-51.054,-20.22],[-51.059,-20.235],[-51.065,-20.246],[-51.069,-20.25],[-51.079,-20.258],[-51.083,-20.261],[-51.112,-20.282],[-51.118,-20.287],[-51.132,-20.296],[-51.145,-20.3],[-51.161,-20.305],[-51.178,-20.309],[-51.198,-20.312],[-51.24,-20.317],[-51.257,-20.321],[-51.271,-20.323],[-51.296,-20.328],[-51.306,-20.332],[-51.321,-20.34],[-51.343,-20.355],[-51.344,-20.356],[-51.351,-20.348],[-51.356,-20.341],[-51.359,-20.325],[-51.362,-20.32],[-51.37,-20.317],[-51.381,-20.31],[-51.396,-20.298],[-51.402,-20.295],[-51.41,-20.295],[-51.417,-20.292],[-51.425,-20.283],[-51.44,-20.268],[-51.448,-20.26],[-51.458,-20.255],[-51.48,-20.25],[-51.488,-20.248],[-51.502,-20.241],[-51.51,-20.23],[-51.512,-20.227],[-51.517,-20.224],[-51.524,-20.217],[-51.539,-20.208],[-51.546,-20.201],[-51.551,-20.195],[-51.555,-20.192],[-51.562,-20.189],[-51.564,-20.186],[-51.568,-20.176],[-51.572,-20.174],[-51.576,-20.166],[-51.581,-20.161],[-51.581,-20.158],[-51.587,-20.155],[-51.596,-20.153],[-51.598,-20.146],[-51.604,-20.141],[-51.607,-20.136],[-51.614,-20.13],[-51.615,-20.127],[-51.618,-20.123],[-51.624,-20.12],[-51.623,-20.115],[-51.628,-20.109],[-51.632,-20.108],[-51.629,-20.103],[-51.632,-20.099],[-51.638,-20.097],[-51.64,-20.092],[-51.645,-20.089],[-51.648,-20.091],[-51.655,-20.083],[-51.652,-20.082],[-51.656,-20.076],[-51.658,-20.075],[-51.661,-20.069],[-51.667,-20.068],[-51.669,-20.06],[-51.673,-20.057],[-51.677,-20.058],[-51.68,-20.055],[-51.685,-20.053],[-51.689,-20.047],[-51.687,-20.043],[-51.686,-20.032],[-51.684,-20.025],[-51.679,-20.021],[-51.677,-20.012],[-51.668,-20.009],[-51.663,-20.01],[-51.651,-20.0],[-51.647,-19.998],[-51.642,-19.995],[-51.639,-19.986],[-51.639,-19.983],[-51.582,-19.973],[-51.576,-19.969],[-51.566,-19.97],[-51.56,-19.967],[-51.555,-19.966],[-51.549,-19.966],[-51.535,-19.964],[-51.529,-19.965],[-51.523,-19.962],[-51.517,-19.962],[-51.501,-19.964],[-51.496,-19.962],[-51.49,-19.962],[-51.478,-19.959],[-51.475,-19.959],[-51.471,-19.964],[-51.463,-19.959],[-51.461,-19.955],[-51.456,-19.95],[-51.455,-19.946],[-51.452,-19.944],[-51.443,-19.942],[-51.435,-19.934],[-51.43,-19.931],[-51.423,-19.921],[-51.424,-19.917],[-51.422,-19.911],[-51.417,-19.905],[-51.412,-19.902],[-51.408,-19.902],[-51.4,-19.904],[-51.389,-19.896],[-51.383,-19.886],[-51.382,-19.88],[-51.376,-19.876],[-51.368,-19.867],[-51.361,-19.864],[-51.357,-19.863],[-51.348,-19.865],[-51.337,-19.865],[-51.333,-19.863],[-51.322,-19.849],[-51.317,-19.846],[-51.314,-19.85],[-51.302,-19.854],[-51.296,-19.854],[-51.275,-19.848],[-51.266,-19.853],[-51.257,-19.856],[-51.246,-19.855],[-51.241,-19.856],[-51.238,-19.861],[-51.234,-19.863],[-51.228,-19.863],[-51.224,-19.86],[-51.215,-19.858],[-51.199,-19.855],[-51.192,-19.855],[-51.187,-19.857],[-51.177,-19.865],[-51.173,-19.867],[-51.16,-19.863],[-51.149,-19.853],[-51.15,-19.85],[-51.144,-19.844],[-51.141,-19.842],[-51.136,-19.831],[-51.133,-19.831],[-51.131,-19.826],[-51.122,-19.821],[-51.112,-19.818],[-51.106,-19.816],[-51.104,-19.817],[-51.092,-19.815],[-51.09,-19.816],[-51.084,-19.811],[-51.079,-19.81],[-51.078,-19.813],[-51.075,-19.812],[-51.068,-19.814],[-51.067,-19.811],[-51.052,-19.805],[-51.047,-19.8],[-51.046,-19.796],[-51.043,-19.796],[-51.042,-19.792],[-51.038,-19.79],[-51.033,-19.791]]]}},{"type":"Feature","properties":{"c":"5001102"},"geometry":{"type":"Polygon","coordinates":[[[-56.102,-20.419],[-56.098,-20.408],[-56.1,-20.4],[-56.102,-20.397],[-56.108,-20.393],[-56.11,-20.389],[-56.108,-20.385],[-56.106,-20.379],[-56.109,-20.376],[-56.115,-20.375],[-56.117,-20.37],[-56.121,-20.368],[-56.126,-20.364],[-56.131,-20.356],[-56.138,-20.355],[-56.146,-20.361],[-56.149,-20.36],[-56.152,-20.353],[-56.148,-20.351],[-56.152,-20.347],[-56.153,-20.342],[-56.159,-20.341],[-56.162,-20.336],[-56.161,-20.331],[-56.166,-20.329],[-56.172,-20.331],[-56.181,-20.328],[-56.185,-20.33],[-56.192,-20.331],[-56.192,-20.322],[-56.199,-20.308],[-56.207,-20.303],[-56.212,-20.299],[-56.215,-20.295],[-56.226,-20.292],[-56.228,-20.289],[-56.228,-20.28],[-56.228,-20.273],[-56.231,-20.269],[-56.238,-20.264],[-56.238,-20.261],[-56.232,-20.257],[-56.224,-20.249],[-56.224,-20.245],[-56.228,-20.24],[-56.228,-20.236],[-56.231,-20.229],[-56.229,-20.226],[-56.229,-20.221],[-56.233,-20.219],[-56.231,-20.214],[-56.232,-20.21],[-56.235,-20.208],[-56.238,-20.204],[-56.239,-20.196],[-56.229,-20.183],[-56.225,-20.18],[-56.218,-20.178],[-56.216,-20.174],[-56.219,-20.169],[-56.219,-20.162],[-56.226,-20.158],[-56.228,-20.15],[-56.231,-20.146],[-56.237,-20.138],[-56.24,-20.136],[-56.241,-20.133],[-56.24,-20.128],[-56.243,-20.124],[-56.246,-20.122],[-56.25,-20.105],[-56.248,-20.096],[-56.246,-20.095],[-56.246,-20.088],[-56.244,-20.088],[-56.248,-20.079],[-56.249,-20.07],[-56.251,-20.067],[-56.248,-20.062],[-56.253,-20.055],[-56.253,-20.049],[-56.25,-20.044],[-56.249,-20.038],[-56.252,-20.031],[-56.254,-20.02],[-56.253,-20.009],[-56.254,-20.005],[-56.259,-19.996],[-56.261,-19.988],[-56.278,-19.986],[-56.289,-19.978],[-56.294,-19.97],[-56.294,-19.965],[-56.296,-19.961],[-56.307,-19.956],[-56.307,-19.954],[-56.312,-19.946],[-56.317,-19.943],[-56.319,-19.938],[-56.319,-19.932],[-56.323,-19.927],[-56.327,-19.931],[-56.33,-19.932],[-56.334,-19.929],[-56.347,-19.926],[-56.35,-19.927],[-56.355,-19.918],[-56.358,-19.918],[-56.366,-19.906],[-56.374,-19.903],[-56.38,-19.903],[-56.385,-19.9],[-56.386,-19.897],[-56.392,-19.894],[-56.394,-19.891],[-56.395,-19.883],[-56.399,-19.879],[-56.408,-19.877],[-56.409,-19.873],[-56.418,-19.872],[-56.42,-19.873],[-56.427,-19.87],[-56.43,-19.87],[-56.436,-19.865],[-56.441,-19.863],[-56.443,-19.859],[-56.453,-19.854],[-56.456,-19.85],[-56.466,-19.842],[-56.469,-19.833],[-56.478,-19.825],[-56.483,-19.824],[-56.486,-19.821],[-56.496,-19.817],[-56.507,-19.814],[-56.518,-19.814],[-56.532,-19.82],[-56.545,-19.817],[-56.548,-19.815],[-56.554,-19.815],[-56.557,-19.818],[-56.564,-19.815],[-56.577,-19.815],[-56.582,-19.819],[-56.591,-19.822],[-56.603,-19.821],[-56.618,-19.827],[-56.621,-19.831],[-56.632,-19.834],[-56.635,-19.829],[-56.637,-19.82],[-56.638,-19.812],[-56.649,-19.807],[-56.65,-19.805],[-56.648,-19.8],[-56.65,-19.799],[-56.649,-19.791],[-56.645,-19.789],[-56.647,-19.783],[-56.654,-19.785],[-56.665,-19.777],[-56.668,-19.779],[-56.675,-19.78],[-56.677,-19.778],[-56.677,-19.772],[-56.682,-19.773],[-56.686,-19.772],[-56.689,-19.774],[-56.69,-19.77],[-56.694,-19.77],[-56.698,-19.766],[-56.703,-19.769],[-56.704,-19.767],[-56.709,-19.768],[-56.707,-19.772],[-56.715,-19.777],[-56.717,-19.781],[-56.714,-19.785],[-56.718,-19.785],[-56.72,-19.78],[-56.725,-19.781],[-56.728,-19.784],[-56.729,-19.792],[-56.734,-19.794],[-56.737,-19.791],[-56.74,-19.785],[-56.738,-19.778],[-56.745,-19.775],[-56.756,-19.774],[-56.758,-19.779],[-56.764,-19.782],[-56.768,-19.782],[-56.768,-19.786],[-56.773,-19.789],[-56.778,-19.788],[-56.779,-19.793],[-56.778,-19.795],[-56.781,-19.798],[-56.786,-19.798],[-56.79,-19.792],[-56.794,-19.792],[-56.794,-19.788],[-56.798,-19.786],[-56.801,-19.792],[-56.802,-19.788],[-56.808,-19.785],[-56.811,-19.787],[-56.81,-19.783],[-56.819,-19.781],[-56.826,-19.776],[-56.828,-19.773],[-56.828,-19.759],[-56.83,-19.757],[-56.835,-19.755],[-56.84,-19.749],[-56.843,-19.749],[-56.843,-19.753],[-56.846,-19.751],[-56.844,-19.745],[-56.847,-19.74],[-56.848,-19.735],[-56.852,-19.731],[-56.857,-19.736],[-56.858,-19.735],[-56.855,-19.731],[-56.849,-19.73],[-56.847,-19.727],[-56.85,-19.724],[-56.855,-19.723],[-56.855,-19.718],[-56.857,-19.717],[-56.867,-19.716],[-56.87,-19.71],[-56.873,-19.711],[-56.871,-19.718],[-56.873,-19.721],[-56.877,-19.717],[-56.878,-19.712],[-56.881,-19.706],[-56.88,-19.704],[-56.875,-19.703],[-56.875,-19.698],[-56.879,-19.699],[-56.884,-19.702],[-56.889,-19.701],[-56.888,-19.695],[-56.892,-19.69],[-56.9,-19.682],[-56.904,-19.687],[-56.907,-19.686],[-56.904,-19.682],[-56.906,-19.682],[-56.911,-19.688],[-56.91,-19.691],[-56.914,-19.693],[-56.922,-19.69],[-56.927,-19.691],[-56.928,-19.687],[-56.933,-19.688],[-56.938,-19.686],[-56.938,-19.689],[-56.935,-19.692],[-56.937,-19.696],[-56.94,-19.696],[-56.94,-19.69],[-56.948,-19.69],[-56.951,-19.693],[-56.952,-19.689],[-56.959,-19.693],[-56.96,-19.689],[-56.965,-19.687],[-56.965,-19.683],[-56.958,-19.683],[-56.959,-19.681],[-56.97,-19.681],[-56.973,-19.684],[-56.983,-19.68],[-56.989,-19.685],[-56.994,-19.686],[-56.995,-19.678],[-56.999,-19.674],[-57.0,-19.666],[-56.998,-19.663],[-56.994,-19.665],[-56.995,-19.658],[-56.991,-19.658],[-56.987,-19.661],[-56.986,-19.656],[-56.99,-19.651],[-56.984,-19.647],[-56.985,-19.639],[-56.991,-19.636],[-56.994,-19.631],[-56.988,-19.623],[-56.991,-19.619],[-56.995,-19.621],[-56.999,-19.62],[-56.998,-19.614],[-56.989,-19.616],[-56.983,-19.614],[-56.979,-19.61],[-56.976,-19.611],[-56.974,-19.614],[-56.97,-19.615],[-56.972,-19.619],[-56.965,-19.619],[-56.964,-19.623],[-56.961,-19.62],[-56.955,-19.619],[-56.948,-19.617],[-56.946,-19.619],[-56.944,-19.616],[-56.936,-19.616],[-56.937,-19.618],[-56.932,-19.617],[-56.929,-19.612],[-56.927,-19.615],[-56.921,-19.615],[-56.92,-19.612],[-56.909,-19.614],[-56.905,-19.614],[-56.906,-19.611],[-56.903,-19.61],[-56.898,-19.613],[-56.897,-19.617],[-56.893,-19.614],[-56.893,-19.617],[-56.889,-19.616],[-56.89,-19.618],[-56.886,-19.62],[-56.883,-19.623],[-56.88,-19.622],[-56.88,-19.618],[-56.875,-19.619],[-56.869,-19.619],[-56.867,-19.62],[-56.864,-19.618],[-56.857,-19.617],[-56.858,-19.61],[-56.853,-19.609],[-56.852,-19.606],[-56.619,-19.514],[-56.58,-19.277],[-55.973,-19.279],[-55.972,-19.466],[-55.96,-19.465],[-55.953,-19.466],[-55.949,-19.465],[-55.943,-19.449],[-55.938,-19.441],[-55.934,-19.438],[-55.926,-19.437],[-55.92,-19.423],[-55.912,-19.422],[-55.898,-19.417],[-55.894,-19.404],[-55.891,-19.401],[-55.892,-19.395],[-55.89,-19.392],[-55.885,-19.389],[-55.881,-19.39],[-55.872,-19.375],[-55.863,-19.373],[-55.86,-19.371],[-55.853,-19.362],[-55.853,-19.355],[-55.852,-19.353],[-55.847,-19.351],[-55.836,-19.35],[-55.834,-19.347],[-55.833,-19.341],[-55.827,-19.339],[-55.82,-19.328],[-55.819,-19.321],[-55.82,-19.316],[-55.826,-19.305],[-55.822,-19.298],[-55.824,-19.292],[-55.823,-19.286],[-55.817,-19.281],[-55.807,-19.274],[-55.803,-19.267],[-55.794,-19.259],[-55.79,-19.257],[-55.789,-19.247],[-55.784,-19.243],[-55.784,-19.235],[-55.779,-19.229],[-55.774,-19.219],[-55.774,-19.214],[-55.767,-19.211],[-55.766,-19.202],[-55.764,-19.198],[-55.765,-19.194],[-55.76,-19.188],[-55.76,-19.186],[-55.753,-19.181],[-55.75,-19.177],[-55.748,-19.169],[-55.737,-19.161],[-55.737,-19.153],[-55.732,-19.15],[-55.734,-19.145],[-55.73,-19.139],[-55.727,-19.129],[-55.724,-19.124],[-55.721,-19.123],[-55.719,-19.118],[-55.713,-19.111],[-55.709,-19.11],[-55.707,-19.103],[-55.704,-19.098],[-55.704,-19.092],[-55.7,-19.086],[-55.696,-19.082],[-55.691,-19.08],[-55.687,-19.073],[-55.682,-19.073],[-55.677,-19.071],[-55.671,-19.065],[-55.668,-19.058],[-55.658,-19.053],[-55.655,-19.055],[-55.652,-19.051],[-55.648,-19.049],[-55.647,-19.045],[-55.644,-19.045],[-55.64,-19.034],[-55.634,-19.031],[-55.63,-19.025],[-55.624,-19.024],[-55.621,-19.021],[-55.615,-19.019],[-55.615,-19.016],[-55.609,-19.01],[-55.607,-19.007],[-55.596,-18.997],[-55.587,-18.99],[-55.583,-18.989],[-55.578,-18.982],[-55.572,-18.981],[-55.566,-18.974],[-55.558,-18.973],[-55.555,-18.968],[-55.55,-18.962],[-55.547,-18.957],[-55.536,-18.945],[-55.528,-18.94],[-55.401,-18.588],[-55.399,-18.582],[-55.442,-19.0],[-55.465,-19.219],[-55.454,-19.221],[-55.451,-19.223],[-55.447,-19.232],[-55.436,-19.236],[-55.435,-19.239],[-55.431,-19.241],[-55.432,-19.244],[-55.427,-19.245],[-55.426,-19.249],[-55.423,-19.249],[-55.426,-19.252],[-55.425,-19.255],[-55.417,-19.261],[-55.406,-19.261],[-55.404,-19.264],[-55.4,-19.266],[-55.395,-19.26],[-55.393,-19.262],[-55.391,-19.26],[-55.386,-19.258],[-55.382,-19.259],[-55.375,-19.258],[-55.374,-19.26],[-55.368,-19.265],[-55.366,-19.264],[-55.36,-19.266],[-55.357,-19.264],[-55.351,-19.263],[-55.353,-19.255],[-55.351,-19.25],[-55.347,-19.249],[-55.345,-19.244],[-55.341,-19.246],[-55.34,-19.244],[-55.331,-19.24],[-55.331,-19.238],[-55.32,-19.239],[-55.319,-19.242],[-55.314,-19.245],[-55.31,-19.245],[-55.311,-19.25],[-55.31,-19.254],[-55.307,-19.253],[-55.305,-19.258],[-55.294,-19.256],[-55.292,-19.253],[-55.284,-19.252],[-55.277,-19.249],[-55.274,-19.251],[-55.27,-19.249],[-55.263,-19.248],[-55.257,-19.251],[-55.25,-19.252],[-55.246,-19.258],[-55.244,-19.258],[-55.24,-19.265],[-55.235,-19.267],[-55.229,-19.271],[-55.226,-19.277],[-55.226,-19.281],[-55.223,-19.285],[-55.221,-19.282],[-55.217,-19.28],[-55.214,-19.281],[-55.211,-19.285],[-55.204,-19.285],[-55.205,-19.288],[-55.201,-19.288],[-55.196,-19.294],[-55.196,-19.296],[-55.192,-19.298],[-55.191,-19.302],[-55.191,-19.307],[-55.187,-19.306],[-55.185,-19.307],[-55.184,-19.311],[-55.182,-19.31],[-55.177,-19.316],[-55.176,-19.322],[-55.17,-19.329],[-55.17,-19.333],[-55.166,-19.333],[-55.165,-19.335],[-55.16,-19.334],[-55.158,-19.337],[-55.152,-19.337],[-55.145,-19.341],[-55.146,-19.345],[-55.137,-19.346],[-55.136,-19.342],[-55.126,-19.342],[-55.12,-19.338],[-55.123,-19.335],[-55.119,-19.329],[-55.116,-19.33],[-55.114,-19.327],[-55.107,-19.328],[-55.108,-19.333],[-55.104,-19.335],[-55.102,-19.332],[-55.102,-19.335],[-55.124,-19.353],[-55.112,-19.37],[-55.133,-19.381],[-55.145,-19.387],[-55.149,-19.386],[-55.156,-19.394],[-55.163,-19.403],[-55.171,-19.406],[-55.178,-19.406],[-55.187,-19.404],[-55.196,-19.409],[-55.199,-19.413],[-55.204,-19.417],[-55.203,-19.423],[-55.204,-19.429],[-55.209,-19.434],[-55.207,-19.438],[-55.207,-19.442],[-55.211,-19.444],[-55.214,-19.448],[-55.214,-19.454],[-55.218,-19.456],[-55.217,-19.462],[-55.221,-19.464],[-55.221,-19.469],[-55.222,-19.475],[-55.225,-19.484],[-55.222,-19.488],[-55.226,-19.496],[-55.237,-19.498],[-55.24,-19.501],[-55.242,-19.51],[-55.243,-19.516],[-55.241,-19.521],[-55.249,-19.537],[-55.255,-19.554],[-55.266,-19.586],[-55.278,-19.595],[-55.288,-19.607],[-55.285,-19.618],[-55.292,-19.624],[-55.293,-19.632],[-55.299,-19.65],[-55.306,-19.673],[-55.313,-19.677],[-55.322,-19.687],[-55.324,-19.693],[-55.322,-19.701],[-55.332,-19.71],[-55.335,-19.718],[-55.338,-19.732],[-55.347,-19.739],[-55.346,-19.748],[-55.347,-19.761],[-55.364,-19.774],[-55.376,-19.774],[-55.382,-19.78],[-55.378,-19.787],[-55.395,-19.801],[-55.392,-19.82],[-55.388,-19.828],[-55.389,-19.833],[-55.382,-19.838],[-55.379,-19.843],[-55.379,-19.85],[-55.366,-19.857],[-55.363,-19.857],[-55.354,-19.863],[-55.353,-19.868],[-55.344,-19.877],[-55.338,-19.88],[-55.337,-19.885],[-55.335,-19.888],[-55.333,-19.895],[-55.334,-19.896],[-55.331,-19.902],[-55.332,-19.909],[-55.33,-19.925],[-55.331,-19.929],[-55.327,-19.932],[-55.324,-19.937],[-55.323,-19.942],[-55.314,-19.944],[-55.314,-19.947],[-55.31,-19.948],[-55.311,-19.953],[-55.309,-19.955],[-55.312,-19.958],[-55.315,-19.965],[-55.317,-19.964],[-55.322,-19.97],[-55.321,-19.976],[-55.324,-19.979],[-55.318,-19.983],[-55.317,-19.988],[-55.306,-19.987],[-55.302,-19.989],[-55.293,-19.989],[-55.289,-19.993],[-55.286,-19.99],[-55.283,-19.993],[-55.27,-20.001],[-55.266,-20.0],[-55.261,-19.996],[-55.259,-19.987],[-55.252,-19.983],[-55.248,-19.986],[-55.241,-19.985],[-55.23,-19.985],[-55.228,-19.982],[-55.223,-19.979],[-55.219,-19.981],[-55.217,-19.984],[-55.213,-19.984],[-55.21,-19.99],[-55.203,-19.991],[-55.2,-19.994],[-55.189,-19.993],[-55.188,-19.991],[-55.179,-19.993],[-55.174,-19.988],[-55.172,-19.989],[-55.165,-19.985],[-55.162,-19.987],[-55.16,-19.981],[-55.157,-19.979],[-55.15,-19.977],[-55.14,-19.972],[-55.138,-19.982],[-55.139,-19.986],[-55.129,-19.999],[-55.111,-20.005],[-55.104,-20.011],[-55.097,-20.023],[-55.096,-20.031],[-55.096,-20.046],[-55.093,-20.055],[-55.088,-20.06],[-55.088,-20.064],[-55.084,-20.068],[-55.081,-20.069],[-55.081,-20.075],[-55.077,-20.081],[-55.076,-20.089],[-55.071,-20.095],[-55.064,-20.109],[-55.066,-20.116],[-55.064,-20.12],[-55.065,-20.127],[-55.068,-20.132],[-55.07,-20.135],[-55.075,-20.133],[-55.081,-20.137],[-55.082,-20.142],[-55.079,-20.148],[-55.08,-20.152],[-55.084,-20.154],[-55.095,-20.156],[-55.099,-20.152],[-55.102,-20.152],[-55.107,-20.149],[-55.116,-20.154],[-55.122,-20.152],[-55.132,-20.157],[-55.135,-20.153],[-55.135,-20.145],[-55.137,-20.145],[-55.147,-20.148],[-55.15,-20.151],[-55.154,-20.152],[-55.172,-20.167],[-55.179,-20.169],[-55.184,-20.172],[-55.192,-20.173],[-55.194,-20.178],[-55.201,-20.178],[-55.203,-20.181],[-55.2,-20.189],[-55.203,-20.191],[-55.213,-20.191],[-55.215,-20.188],[-55.218,-20.188],[-55.217,-20.201],[-55.228,-20.201],[-55.231,-20.203],[-55.233,-20.213],[-55.24,-20.214],[-55.243,-20.218],[-55.242,-20.22],[-55.246,-20.226],[-55.273,-20.212],[-55.277,-20.205],[-55.282,-20.2],[-55.294,-20.195],[-55.302,-20.186],[-55.32,-20.174],[-55.325,-20.172],[-55.328,-20.173],[-55.332,-20.171],[-55.337,-20.164],[-55.337,-20.16],[-55.341,-20.159],[-55.345,-20.16],[-55.348,-20.163],[-55.353,-20.166],[-55.353,-20.17],[-55.357,-20.175],[-55.362,-20.175],[-55.364,-20.173],[-55.371,-20.172],[-55.376,-20.173],[-55.385,-20.176],[-55.39,-20.174],[-55.396,-20.175],[-55.4,-20.17],[-55.409,-20.17],[-55.412,-20.169],[-55.411,-20.158],[-55.414,-20.153],[-55.419,-20.152],[-55.424,-20.146],[-55.432,-20.147],[-55.434,-20.153],[-55.438,-20.154],[-55.448,-20.153],[-55.449,-20.148],[-55.447,-20.148],[-55.445,-20.142],[-55.447,-20.143],[-55.451,-20.14],[-55.456,-20.144],[-55.46,-20.145],[-55.469,-20.15],[-55.473,-20.151],[-55.481,-20.145],[-55.487,-20.15],[-55.485,-20.156],[-55.486,-20.167],[-55.494,-20.177],[-55.498,-20.179],[-55.51,-20.198],[-55.514,-20.21],[-55.514,-20.219],[-55.505,-20.22],[-55.502,-20.227],[-55.512,-20.238],[-55.522,-20.244],[-55.522,-20.246],[-55.518,-20.251],[-55.517,-20.259],[-55.52,-20.268],[-55.518,-20.28],[-55.511,-20.287],[-55.507,-20.289],[-55.499,-20.29],[-55.491,-20.294],[-55.489,-20.3],[-55.486,-20.302],[-55.479,-20.302],[-55.476,-20.3],[-55.472,-20.302],[-55.471,-20.306],[-55.463,-20.306],[-55.462,-20.303],[-55.459,-20.3],[-55.458,-20.306],[-55.452,-20.308],[-55.456,-20.315],[-55.458,-20.316],[-55.459,-20.325],[-55.454,-20.326],[-55.454,-20.331],[-55.46,-20.334],[-55.458,-20.34],[-55.461,-20.345],[-55.456,-20.348],[-55.456,-20.351],[-55.458,-20.354],[-55.454,-20.361],[-55.456,-20.366],[-55.453,-20.369],[-55.451,-20.374],[-55.451,-20.379],[-55.449,-20.382],[-55.445,-20.394],[-55.447,-20.396],[-55.448,-20.403],[-55.445,-20.411],[-55.445,-20.415],[-55.45,-20.419],[-55.451,-20.427],[-55.448,-20.429],[-55.451,-20.433],[-55.451,-20.439],[-55.459,-20.44],[-55.456,-20.445],[-55.452,-20.446],[-55.45,-20.449],[-55.453,-20.454],[-55.458,-20.457],[-55.462,-20.461],[-55.462,-20.471],[-55.464,-20.476],[-55.467,-20.476],[-55.47,-20.471],[-55.476,-20.463],[-55.477,-20.458],[-55.482,-20.46],[-55.481,-20.465],[-55.483,-20.467],[-55.488,-20.466],[-55.492,-20.462],[-55.504,-20.456],[-55.506,-20.456],[-55.523,-20.468],[-55.53,-20.476],[-55.533,-20.484],[-55.542,-20.488],[-55.544,-20.493],[-55.55,-20.5],[-55.553,-20.508],[-55.561,-20.511],[-55.566,-20.509],[-55.566,-20.495],[-55.57,-20.493],[-55.575,-20.496],[-55.577,-20.499],[-55.581,-20.501],[-55.587,-20.51],[-55.589,-20.513],[-55.597,-20.515],[-55.601,-20.519],[-55.605,-20.516],[-55.608,-20.509],[-55.605,-20.504],[-55.606,-20.501],[-55.611,-20.496],[-55.618,-20.5],[-55.621,-20.499],[-55.636,-20.491],[-55.64,-20.484],[-55.646,-20.481],[-55.654,-20.488],[-55.666,-20.485],[-55.672,-20.483],[-55.678,-20.476],[-55.681,-20.476],[-55.685,-20.482],[-55.692,-20.482],[-55.698,-20.485],[-55.709,-20.487],[-55.714,-20.485],[-55.723,-20.485],[-55.728,-20.488],[-55.737,-20.487],[-55.741,-20.49],[-55.748,-20.487],[-55.752,-20.492],[-55.755,-20.489],[-55.761,-20.488],[-55.77,-20.488],[-55.771,-20.492],[-55.777,-20.494],[-55.78,-20.491],[-55.781,-20.487],[-55.787,-20.486],[-55.797,-20.482],[-55.803,-20.477],[-55.806,-20.471],[-55.811,-20.468],[-55.816,-20.469],[-55.823,-20.472],[-55.826,-20.473],[-55.831,-20.47],[-55.834,-20.462],[-55.833,-20.46],[-56.102,-20.419]]]}},{"type":"Feature","properties":{"c":"5001243"},"geometry":{"type":"Polygon","coordinates":[[[-55.614,-22.693],[-55.607,-22.701],[-55.599,-22.707],[-55.587,-22.719],[-55.578,-22.72],[-55.574,-22.724],[-55.569,-22.737],[-55.561,-22.742],[-55.557,-22.748],[-55.553,-22.751],[-55.541,-22.755],[-55.538,-22.759],[-55.534,-22.758],[-55.53,-22.761],[-55.53,-22.765],[-55.525,-22.765],[-55.524,-22.761],[-55.519,-22.753],[-55.518,-22.747],[-55.52,-22.721],[-55.511,-22.725],[-55.507,-22.725],[-55.501,-22.723],[-55.499,-22.719],[-55.495,-22.716],[-55.484,-22.713],[-55.474,-22.704],[-55.462,-22.7],[-55.46,-22.697],[-55.454,-22.695],[-55.451,-22.697],[-55.449,-22.694],[-55.442,-22.694],[-55.437,-22.698],[-55.434,-22.694],[-55.429,-22.695],[-55.424,-22.702],[-55.42,-22.697],[-55.407,-22.692],[-55.397,-22.694],[-55.395,-22.691],[-55.394,-22.693],[-55.389,-22.691],[-55.388,-22.695],[-55.382,-22.697],[-55.382,-22.699],[-55.387,-22.7],[-55.386,-22.705],[-55.382,-22.706],[-55.381,-22.709],[-55.378,-22.705],[-55.373,-22.705],[-55.369,-22.704],[-55.362,-22.705],[-55.363,-22.709],[-55.358,-22.71],[-55.351,-22.708],[-55.355,-22.713],[-55.353,-22.716],[-55.347,-22.714],[-55.344,-22.717],[-55.339,-22.716],[-55.341,-22.721],[-55.345,-22.722],[-55.346,-22.725],[-55.342,-22.727],[-55.337,-22.726],[-55.335,-22.728],[-55.329,-22.723],[-55.324,-22.725],[-55.319,-22.725],[-55.321,-22.73],[-55.317,-22.731],[-55.312,-22.725],[-55.312,-22.731],[-55.309,-22.734],[-55.307,-22.738],[-55.31,-22.743],[-55.31,-22.751],[-55.309,-22.755],[-55.303,-22.757],[-55.302,-22.761],[-55.296,-22.762],[-55.292,-22.76],[-55.287,-22.762],[-55.288,-22.766],[-55.286,-22.767],[-55.287,-22.77],[-55.285,-22.773],[-55.286,-22.777],[-55.277,-22.777],[-55.276,-22.78],[-55.272,-22.782],[-55.273,-22.784],[-55.27,-22.787],[-55.266,-22.785],[-55.266,-22.788],[-55.27,-22.791],[-55.261,-22.799],[-55.264,-22.802],[-55.257,-22.808],[-55.255,-22.812],[-55.252,-22.808],[-55.249,-22.81],[-55.249,-22.805],[-55.243,-22.806],[-55.235,-22.805],[-55.233,-22.811],[-55.237,-22.813],[-55.235,-22.816],[-55.236,-22.819],[-55.242,-22.822],[-55.245,-22.826],[-55.243,-22.83],[-55.239,-22.833],[-55.24,-22.837],[-55.235,-22.839],[-55.237,-22.843],[-55.233,-22.847],[-55.225,-22.85],[-55.22,-22.847],[-55.219,-22.849],[-55.215,-22.862],[-55.207,-22.857],[-55.205,-22.86],[-55.202,-22.86],[-55.197,-22.868],[-55.198,-22.869],[-55.195,-22.873],[-55.191,-22.87],[-55.188,-22.874],[-55.182,-22.875],[-55.18,-22.878],[-55.177,-22.877],[-55.171,-22.883],[-55.166,-22.883],[-55.165,-22.885],[-55.164,-22.9],[-55.161,-22.9],[-55.163,-22.903],[-55.167,-22.905],[-55.163,-22.912],[-55.16,-22.91],[-55.156,-22.915],[-55.152,-22.916],[-55.152,-22.912],[-55.149,-22.912],[-55.148,-22.915],[-55.144,-22.915],[-55.14,-22.919],[-55.132,-22.921],[-55.126,-22.915],[-55.124,-22.904],[-55.116,-22.904],[-55.117,-22.902],[-55.114,-22.895],[-55.106,-22.893],[-55.098,-22.9],[-55.096,-22.903],[-55.087,-22.895],[-55.084,-22.898],[-55.08,-22.897],[-55.077,-22.895],[-55.075,-22.901],[-55.066,-22.904],[-55.064,-22.91],[-55.07,-22.914],[-55.073,-22.912],[-55.073,-22.917],[-55.076,-22.918],[-55.075,-22.922],[-55.069,-22.923],[-55.07,-22.927],[-55.077,-22.929],[-55.082,-22.932],[-55.089,-22.929],[-55.09,-22.932],[-55.097,-22.931],[-55.103,-22.933],[-55.107,-22.933],[-55.113,-22.927],[-55.118,-22.931],[-55.122,-22.931],[-55.128,-22.935],[-55.132,-22.933],[-55.133,-22.936],[-55.139,-22.94],[-55.145,-22.936],[-55.15,-22.94],[-55.156,-22.941],[-55.156,-22.937],[-55.163,-22.931],[-55.164,-22.932],[-55.175,-22.932],[-55.181,-22.927],[-55.186,-22.929],[-55.185,-22.931],[-55.189,-22.933],[-55.193,-22.93],[-55.198,-22.933],[-55.198,-22.937],[-55.201,-22.938],[-55.201,-22.943],[-55.213,-22.944],[-55.218,-22.943],[-55.223,-22.945],[-55.229,-22.945],[-55.231,-22.95],[-55.235,-22.95],[-55.234,-22.947],[-55.237,-22.946],[-55.237,-22.95],[-55.24,-22.952],[-55.243,-22.95],[-55.249,-22.954],[-55.254,-22.95],[-55.255,-22.952],[-55.259,-22.954],[-55.26,-22.961],[-55.264,-22.963],[-55.268,-22.959],[-55.278,-22.957],[-55.286,-22.961],[-55.284,-22.963],[-55.295,-22.968],[-55.297,-22.97],[-55.299,-22.978],[-55.297,-22.983],[-55.301,-22.987],[-55.301,-22.993],[-55.305,-22.992],[-55.308,-22.987],[-55.312,-22.987],[-55.317,-22.99],[-55.314,-22.99],[-55.315,-22.994],[-55.321,-22.993],[-55.324,-22.989],[-55.331,-22.992],[-55.336,-22.989],[-55.342,-22.994],[-55.352,-23.0],[-55.355,-23.0],[-55.357,-23.006],[-55.365,-23.006],[-55.365,-23.011],[-55.371,-23.013],[-55.379,-23.014],[-55.378,-23.02],[-55.381,-23.022],[-55.386,-23.02],[-55.392,-23.021],[-55.391,-23.025],[-55.398,-23.027],[-55.399,-23.022],[-55.403,-23.023],[-55.404,-23.027],[-55.413,-23.031],[-55.412,-23.037],[-55.414,-23.039],[-55.417,-23.037],[-55.418,-23.04],[-55.424,-23.041],[-55.42,-23.047],[-55.423,-23.048],[-55.426,-23.056],[-55.423,-23.057],[-55.427,-23.06],[-55.428,-23.058],[-55.429,-23.064],[-55.424,-23.068],[-55.428,-23.068],[-55.424,-23.074],[-55.425,-23.077],[-55.428,-23.075],[-55.431,-23.082],[-55.427,-23.081],[-55.429,-23.086],[-55.434,-23.091],[-55.443,-23.094],[-55.447,-23.094],[-55.449,-23.1],[-55.452,-23.1],[-55.456,-23.112],[-55.461,-23.113],[-55.465,-23.12],[-55.476,-23.126],[-55.479,-23.129],[-55.481,-23.138],[-55.488,-23.153],[-55.488,-23.157],[-55.49,-23.156],[-55.496,-23.164],[-55.494,-23.175],[-55.494,-23.186],[-55.494,-23.193],[-55.493,-23.2],[-55.498,-23.206],[-55.502,-23.207],[-55.507,-23.217],[-55.512,-23.221],[-55.518,-23.233],[-55.52,-23.239],[-55.531,-23.243],[-55.536,-23.24],[-55.539,-23.241],[-55.537,-23.236],[-55.54,-23.234],[-55.542,-23.227],[-55.546,-23.22],[-55.54,-23.221],[-55.534,-23.217],[-55.526,-23.208],[-55.523,-23.198],[-55.525,-23.195],[-55.533,-23.19],[-55.536,-23.186],[-55.543,-23.181],[-55.544,-23.178],[-55.54,-23.175],[-55.541,-23.169],[-55.545,-23.167],[-55.541,-23.163],[-55.542,-23.156],[-55.547,-23.156],[-55.555,-23.153],[-55.567,-23.144],[-55.573,-23.143],[-55.583,-23.148],[-55.597,-23.153],[-55.597,-23.147],[-55.595,-23.131],[-55.598,-23.121],[-55.596,-23.119],[-55.6,-23.104],[-55.612,-23.09],[-55.612,-23.086],[-55.617,-23.082],[-55.611,-23.077],[-55.611,-23.066],[-55.612,-23.059],[-55.615,-23.054],[-55.611,-23.048],[-55.614,-23.041],[-55.624,-23.033],[-55.629,-23.033],[-55.635,-23.026],[-55.639,-23.026],[-55.633,-23.008],[-55.632,-23.002],[-55.628,-22.998],[-55.633,-22.997],[-55.634,-22.992],[-55.628,-22.988],[-55.624,-22.988],[-55.622,-22.984],[-55.629,-22.975],[-55.632,-22.97],[-55.637,-22.965],[-55.638,-22.958],[-55.635,-22.955],[-55.638,-22.951],[-55.648,-22.95],[-55.644,-22.942],[-55.645,-22.94],[-55.651,-22.935],[-55.652,-22.931],[-55.645,-22.924],[-55.647,-22.922],[-55.648,-22.913],[-55.651,-22.911],[-55.651,-22.903],[-55.649,-22.897],[-55.651,-22.887],[-55.654,-22.885],[-55.657,-22.885],[-55.661,-22.882],[-55.662,-22.874],[-55.66,-22.868],[-55.66,-22.864],[-55.663,-22.86],[-55.663,-22.857],[-55.666,-22.852],[-55.659,-22.841],[-55.659,-22.835],[-55.661,-22.827],[-55.653,-22.817],[-55.653,-22.812],[-55.656,-22.809],[-55.649,-22.802],[-55.651,-22.793],[-55.652,-22.792],[-55.647,-22.79],[-55.639,-22.783],[-55.637,-22.779],[-55.637,-22.772],[-55.628,-22.767],[-55.618,-22.768],[-55.621,-22.764],[-55.626,-22.76],[-55.627,-22.758],[-55.62,-22.753],[-55.619,-22.749],[-55.621,-22.745],[-55.616,-22.74],[-55.613,-22.739],[-55.616,-22.736],[-55.617,-22.725],[-55.613,-22.717],[-55.613,-22.705],[-55.615,-22.7],[-55.614,-22.693]]]}},{"type":"Feature","properties":{"c":"5001508"},"geometry":{"type":"Polygon","coordinates":[[[-54.734,-19.772],[-54.735,-19.765],[-54.732,-19.763],[-54.734,-19.756],[-54.732,-19.752],[-54.731,-19.744],[-54.733,-19.74],[-54.73,-19.734],[-54.733,-19.73],[-54.733,-19.723],[-54.729,-19.716],[-54.726,-19.713],[-54.732,-19.708],[-54.734,-19.702],[-54.73,-19.692],[-54.731,-19.687],[-54.74,-19.682],[-54.745,-19.677],[-54.746,-19.672],[-54.746,-19.665],[-54.749,-19.665],[-54.75,-19.654],[-54.752,-19.653],[-54.754,-19.646],[-54.755,-19.643],[-54.753,-19.64],[-54.759,-19.639],[-54.762,-19.634],[-54.761,-19.628],[-54.754,-19.63],[-54.748,-19.629],[-54.747,-19.625],[-54.751,-19.625],[-54.749,-19.622],[-54.741,-19.624],[-54.737,-19.623],[-54.734,-19.62],[-54.738,-19.617],[-54.735,-19.608],[-54.728,-19.607],[-54.728,-19.602],[-54.723,-19.598],[-54.72,-19.598],[-54.715,-19.593],[-54.706,-19.591],[-54.702,-19.593],[-54.698,-19.59],[-54.692,-19.591],[-54.687,-19.594],[-54.685,-19.594],[-54.676,-19.597],[-54.675,-19.595],[-54.668,-19.595],[-54.665,-19.593],[-54.663,-19.588],[-54.659,-19.585],[-54.651,-19.581],[-54.641,-19.579],[-54.634,-19.571],[-54.634,-19.566],[-54.627,-19.561],[-54.613,-19.564],[-54.603,-19.565],[-54.6,-19.562],[-54.596,-19.561],[-54.592,-19.564],[-54.589,-19.565],[-54.58,-19.559],[-54.578,-19.554],[-54.573,-19.548],[-54.567,-19.544],[-54.56,-19.54],[-54.551,-19.531],[-54.545,-19.536],[-54.531,-19.538],[-54.514,-19.537],[-54.512,-19.538],[-54.503,-19.558],[-54.49,-19.562],[-54.485,-19.562],[-54.474,-19.551],[-54.472,-19.544],[-54.469,-19.54],[-54.458,-19.54],[-54.431,-19.553],[-54.421,-19.568],[-54.407,-19.584],[-54.399,-19.596],[-54.394,-19.593],[-54.389,-19.598],[-54.372,-19.6],[-54.363,-19.598],[-54.358,-19.599],[-54.348,-19.603],[-54.343,-19.609],[-54.339,-19.611],[-54.329,-19.612],[-54.318,-19.615],[-54.309,-19.617],[-54.305,-19.618],[-54.286,-19.622],[-54.282,-19.62],[-54.261,-19.616],[-54.25,-19.621],[-54.239,-19.621],[-54.227,-19.619],[-54.216,-19.615],[-54.209,-19.613],[-54.2,-19.615],[-54.194,-19.618],[-54.183,-19.621],[-54.179,-19.625],[-54.171,-19.627],[-54.166,-19.633],[-54.159,-19.639],[-54.154,-19.641],[-54.149,-19.646],[-54.144,-19.651],[-54.136,-19.653],[-54.133,-19.655],[-54.131,-19.66],[-54.128,-19.661],[-54.124,-19.658],[-54.115,-19.664],[-54.102,-19.662],[-54.095,-19.66],[-54.096,-19.657],[-54.089,-19.654],[-54.085,-19.647],[-54.082,-19.648],[-54.08,-19.646],[-54.072,-19.642],[-54.065,-19.634],[-54.056,-19.635],[-54.053,-19.634],[-54.04,-19.632],[-54.031,-19.632],[-54.028,-19.634],[-54.021,-19.633],[-54.016,-19.639],[-54.019,-19.646],[-54.016,-19.656],[-54.013,-19.659],[-54.011,-19.665],[-54.006,-19.672],[-53.998,-19.678],[-53.993,-19.686],[-53.993,-19.693],[-53.998,-19.696],[-53.999,-19.703],[-53.994,-19.707],[-53.989,-19.714],[-53.988,-19.723],[-53.993,-19.726],[-53.995,-19.729],[-53.993,-19.74],[-53.99,-19.742],[-53.987,-19.751],[-53.991,-19.755],[-53.989,-19.759],[-53.991,-19.768],[-53.987,-19.769],[-53.983,-19.773],[-53.978,-19.782],[-53.977,-19.785],[-53.98,-19.794],[-53.977,-19.797],[-53.978,-19.802],[-53.974,-19.804],[-53.975,-19.807],[-53.971,-19.809],[-53.973,-19.821],[-53.971,-19.827],[-53.973,-19.828],[-53.972,-19.838],[-53.968,-19.842],[-53.964,-19.849],[-53.966,-19.851],[-53.963,-19.856],[-53.963,-19.862],[-53.956,-19.866],[-53.954,-19.865],[-53.948,-19.867],[-53.947,-19.872],[-53.944,-19.873],[-53.944,-19.875],[-53.941,-19.883],[-53.932,-19.89],[-53.932,-19.895],[-53.929,-19.896],[-53.93,-19.901],[-53.926,-19.901],[-53.927,-19.904],[-53.924,-19.907],[-53.922,-19.906],[-53.922,-19.911],[-53.92,-19.913],[-53.919,-19.919],[-53.92,-19.922],[-53.919,-19.927],[-53.912,-19.932],[-53.91,-19.937],[-53.908,-19.937],[-53.91,-19.945],[-53.905,-19.95],[-53.906,-19.955],[-53.904,-19.957],[-53.905,-19.963],[-53.902,-19.965],[-53.904,-19.97],[-53.901,-19.973],[-53.904,-19.974],[-53.901,-19.979],[-53.899,-19.978],[-53.899,-19.985],[-53.897,-19.987],[-53.896,-19.995],[-53.901,-19.995],[-53.905,-19.993],[-53.911,-19.995],[-53.91,-19.998],[-53.92,-19.999],[-53.93,-19.996],[-53.929,-19.998],[-53.935,-19.998],[-53.938,-19.995],[-53.939,-19.998],[-53.945,-19.999],[-53.946,-19.997],[-53.952,-19.999],[-53.955,-20.004],[-53.96,-20.018],[-53.958,-20.027],[-53.958,-20.031],[-53.969,-20.039],[-53.971,-20.042],[-53.978,-20.049],[-53.986,-20.052],[-54.054,-20.07],[-54.059,-20.082],[-54.059,-20.088],[-54.067,-20.089],[-54.073,-20.094],[-54.077,-20.095],[-54.086,-20.101],[-54.097,-20.111],[-54.1,-20.118],[-54.104,-20.115],[-54.108,-20.114],[-54.113,-20.108],[-54.115,-20.108],[-54.116,-20.103],[-54.123,-20.101],[-54.127,-20.1],[-54.129,-20.103],[-54.132,-20.1],[-54.136,-20.102],[-54.137,-20.097],[-54.143,-20.096],[-54.144,-20.098],[-54.151,-20.098],[-54.153,-20.095],[-54.162,-20.092],[-54.164,-20.094],[-54.166,-20.09],[-54.173,-20.09],[-54.173,-20.087],[-54.18,-20.084],[-54.178,-20.075],[-54.184,-20.072],[-54.187,-20.067],[-54.184,-20.065],[-54.19,-20.06],[-54.194,-20.059],[-54.196,-20.056],[-54.204,-20.056],[-54.204,-20.054],[-54.208,-20.053],[-54.208,-20.05],[-54.213,-20.05],[-54.213,-20.047],[-54.224,-20.043],[-54.225,-20.039],[-54.232,-20.039],[-54.234,-20.037],[-54.239,-20.038],[-54.239,-20.039],[-54.245,-20.039],[-54.25,-20.041],[-54.252,-20.045],[-54.259,-20.045],[-54.266,-20.039],[-54.273,-20.036],[-54.281,-20.031],[-54.29,-20.028],[-54.298,-20.029],[-54.305,-20.029],[-54.318,-20.033],[-54.329,-20.031],[-54.33,-20.028],[-54.336,-20.026],[-54.342,-20.026],[-54.353,-20.024],[-54.361,-20.024],[-54.371,-20.023],[-54.381,-20.028],[-54.393,-20.03],[-54.401,-20.033],[-54.406,-20.032],[-54.409,-20.032],[-54.394,-19.997],[-54.4,-19.992],[-54.405,-19.985],[-54.407,-19.98],[-54.416,-19.981],[-54.423,-19.987],[-54.431,-19.988],[-54.439,-19.986],[-54.445,-19.985],[-54.449,-19.98],[-54.452,-19.973],[-54.454,-19.959],[-54.459,-19.949],[-54.46,-19.943],[-54.456,-19.937],[-54.455,-19.932],[-54.452,-19.927],[-54.458,-19.915],[-54.456,-19.908],[-54.46,-19.903],[-54.458,-19.901],[-54.46,-19.894],[-54.459,-19.889],[-54.461,-19.885],[-54.46,-19.881],[-54.464,-19.881],[-54.467,-19.878],[-54.471,-19.877],[-54.477,-19.88],[-54.482,-19.878],[-54.49,-19.868],[-54.494,-19.866],[-54.5,-19.869],[-54.506,-19.868],[-54.507,-19.873],[-54.515,-19.873],[-54.516,-19.871],[-54.525,-19.868],[-54.53,-19.868],[-54.537,-19.872],[-54.539,-19.871],[-54.545,-19.874],[-54.547,-19.871],[-54.554,-19.867],[-54.558,-19.871],[-54.562,-19.87],[-54.565,-19.871],[-54.57,-19.869],[-54.574,-19.87],[-54.583,-19.869],[-54.596,-19.876],[-54.602,-19.874],[-54.603,-19.879],[-54.607,-19.881],[-54.611,-19.88],[-54.615,-19.882],[-54.63,-19.876],[-54.635,-19.876],[-54.651,-19.776],[-54.652,-19.77],[-54.658,-19.757],[-54.663,-19.754],[-54.666,-19.763],[-54.67,-19.762],[-54.679,-19.761],[-54.675,-19.758],[-54.676,-19.753],[-54.681,-19.753],[-54.685,-19.756],[-54.693,-19.764],[-54.695,-19.773],[-54.701,-19.772],[-54.702,-19.779],[-54.705,-19.779],[-54.704,-19.773],[-54.709,-19.774],[-54.713,-19.777],[-54.72,-19.777],[-54.724,-19.774],[-54.726,-19.777],[-54.734,-19.775],[-54.734,-19.772]]]}},{"type":"Feature","properties":{"c":"5001904"},"geometry":{"type":"Polygon","coordinates":[[[-53.072,-21.838],[-53.076,-21.837],[-53.077,-21.814],[-53.081,-21.8],[-53.078,-21.79],[-53.069,-21.777],[-53.067,-21.772],[-53.063,-21.767],[-53.062,-21.758],[-53.058,-21.75],[-53.058,-21.743],[-53.054,-21.738],[-53.048,-21.727],[-53.044,-21.717],[-53.044,-21.711],[-53.04,-21.703],[-53.04,-21.696],[-53.036,-21.689],[-53.038,-21.684],[-53.036,-21.672],[-53.038,-21.667],[-53.037,-21.66],[-53.038,-21.649],[-53.039,-21.645],[-53.04,-21.637],[-53.039,-21.628],[-53.04,-21.624],[-53.036,-21.619],[-53.03,-21.618],[-53.025,-21.615],[-53.019,-21.62],[-53.015,-21.618],[-53.012,-21.619],[-53.01,-21.626],[-53.004,-21.631],[-52.997,-21.632],[-52.993,-21.64],[-52.983,-21.648],[-52.98,-21.652],[-52.974,-21.654],[-52.968,-21.652],[-52.951,-21.654],[-52.948,-21.657],[-52.943,-21.658],[-52.939,-21.665],[-52.936,-21.666],[-52.93,-21.666],[-52.924,-21.667],[-52.919,-21.665],[-52.912,-21.666],[-52.904,-21.665],[-52.901,-21.66],[-52.894,-21.658],[-52.888,-21.659],[-52.883,-21.657],[-52.879,-21.659],[-52.875,-21.664],[-52.872,-21.664],[-52.863,-21.662],[-52.854,-21.663],[-52.851,-21.668],[-52.84,-21.673],[-52.835,-21.672],[-52.827,-21.672],[-52.818,-21.668],[-52.815,-21.672],[-52.806,-21.676],[-52.806,-21.68],[-52.802,-21.684],[-52.797,-21.687],[-52.787,-21.689],[-52.784,-21.692],[-52.78,-21.694],[-52.774,-21.701],[-52.768,-21.704],[-52.756,-21.708],[-52.753,-21.713],[-52.746,-21.716],[-52.743,-21.721],[-52.732,-21.727],[-52.722,-21.729],[-52.717,-21.733],[-52.709,-21.732],[-52.696,-21.737],[-52.692,-21.74],[-52.688,-21.738],[-52.688,-21.734],[-52.686,-21.732],[-52.676,-21.733],[-52.667,-21.729],[-52.66,-21.722],[-52.652,-21.722],[-52.644,-21.724],[-52.638,-21.72],[-52.633,-21.712],[-52.629,-21.708],[-52.624,-21.708],[-52.612,-21.711],[-52.605,-21.709],[-52.595,-21.709],[-52.584,-21.706],[-52.572,-21.712],[-52.567,-21.711],[-52.562,-21.709],[-52.547,-21.713],[-52.539,-21.713],[-52.53,-21.708],[-52.528,-21.703],[-52.525,-21.7],[-52.515,-21.699],[-52.514,-21.705],[-52.506,-21.706],[-52.501,-21.702],[-52.496,-21.697],[-52.492,-21.69],[-52.49,-21.688],[-52.482,-21.689],[-52.473,-21.686],[-52.466,-21.682],[-52.454,-21.681],[-52.449,-21.678],[-52.446,-21.678],[-52.438,-21.682],[-52.43,-21.68],[-52.426,-21.674],[-52.42,-21.674],[-52.414,-21.672],[-52.406,-21.672],[-52.402,-21.671],[-52.397,-21.671],[-52.393,-21.669],[-52.386,-21.661],[-52.381,-21.659],[-52.373,-21.66],[-52.371,-21.658],[-52.358,-21.652],[-52.347,-21.644],[-52.337,-21.64],[-52.321,-21.641],[-52.318,-21.637],[-52.31,-21.631],[-52.303,-21.632],[-52.298,-21.638],[-52.296,-21.643],[-52.292,-21.645],[-52.287,-21.645],[-52.278,-21.639],[-52.27,-21.639],[-52.263,-21.634],[-52.257,-21.633],[-52.251,-21.637],[-52.247,-21.642],[-52.224,-21.654],[-52.216,-21.654],[-52.205,-21.663],[-52.203,-21.669],[-52.196,-21.67],[-52.194,-21.677],[-52.195,-21.68],[-52.191,-21.689],[-52.185,-21.693],[-52.178,-21.697],[-52.177,-21.703],[-52.172,-21.707],[-52.172,-21.717],[-52.177,-21.729],[-52.176,-21.732],[-52.168,-21.735],[-52.168,-21.738],[-52.174,-21.742],[-52.173,-21.746],[-52.168,-21.751],[-52.167,-21.754],[-52.168,-21.762],[-52.163,-21.771],[-52.161,-21.771],[-52.171,-21.786],[-52.175,-21.795],[-52.184,-21.814],[-52.184,-21.826],[-52.189,-21.844],[-52.191,-21.846],[-52.207,-21.862],[-52.229,-21.879],[-52.236,-21.887],[-52.248,-21.902],[-52.259,-21.907],[-52.264,-21.912],[-52.269,-21.914],[-52.275,-21.915],[-52.28,-21.923],[-52.288,-21.929],[-52.294,-21.935],[-52.301,-21.942],[-52.309,-21.952],[-52.314,-21.962],[-52.316,-21.967],[-52.319,-21.972],[-52.324,-21.987],[-52.326,-21.996],[-52.328,-22.0],[-52.326,-22.002],[-52.332,-22.02],[-52.339,-22.048],[-52.345,-22.062],[-52.355,-22.077],[-52.361,-22.083],[-52.371,-22.097],[-52.377,-22.107],[-52.392,-22.115],[-52.396,-22.108],[-52.393,-22.1],[-52.376,-22.073],[-52.371,-22.068],[-52.369,-22.06],[-52.37,-22.055],[-52.375,-22.055],[-52.376,-22.05],[-52.375,-22.043],[-52.38,-22.035],[-52.393,-22.032],[-52.399,-22.028],[-52.405,-22.028],[-52.414,-22.032],[-52.432,-22.033],[-52.439,-22.031],[-52.445,-22.032],[-52.448,-22.036],[-52.451,-22.034],[-52.463,-22.02],[-52.467,-22.018],[-52.47,-22.014],[-52.481,-22.011],[-52.497,-22.006],[-52.499,-22.004],[-52.506,-21.998],[-52.51,-21.993],[-52.514,-21.989],[-52.522,-21.98],[-52.529,-21.976],[-52.533,-21.971],[-52.542,-21.967],[-52.548,-21.966],[-52.556,-21.959],[-52.562,-21.956],[-52.565,-21.953],[-52.572,-21.948],[-52.577,-21.944],[-52.583,-21.935],[-52.588,-21.932],[-52.594,-21.926],[-52.602,-21.919],[-52.608,-21.917],[-52.607,-21.903],[-52.612,-21.891],[-52.62,-21.882],[-52.622,-21.876],[-52.634,-21.832],[-52.653,-21.836],[-52.71,-21.848],[-52.775,-21.861],[-52.865,-21.879],[-52.871,-21.88],[-52.928,-21.868],[-52.961,-21.86],[-52.969,-21.861],[-52.978,-21.86],[-52.994,-21.856],[-53.009,-21.858],[-53.029,-21.856],[-53.036,-21.853],[-53.05,-21.845],[-53.072,-21.838]]]}},{"type":"Feature","properties":{"c":"5002001"},"geometry":{"type":"Polygon","coordinates":[[[-53.356,-22.334],[-53.15,-21.974],[-53.147,-21.975],[-53.134,-21.975],[-53.116,-22.012],[-53.115,-22.022],[-53.115,-22.033],[-53.111,-22.043],[-53.11,-22.051],[-53.109,-22.06],[-53.108,-22.063],[-53.107,-22.075],[-53.107,-22.082],[-53.109,-22.084],[-53.108,-22.09],[-53.113,-22.103],[-53.113,-22.116],[-53.111,-22.123],[-53.11,-22.135],[-53.109,-22.141],[-53.105,-22.15],[-53.099,-22.157],[-53.097,-22.17],[-53.093,-22.182],[-53.088,-22.186],[-53.084,-22.194],[-53.078,-22.216],[-53.075,-22.221],[-53.069,-22.224],[-53.068,-22.229],[-53.065,-22.232],[-53.056,-22.25],[-53.054,-22.258],[-53.048,-22.267],[-53.043,-22.283],[-53.042,-22.302],[-53.04,-22.312],[-53.03,-22.326],[-53.014,-22.34],[-53.011,-22.346],[-53.006,-22.35],[-53.001,-22.363],[-53.001,-22.375],[-52.997,-22.385],[-52.994,-22.398],[-52.993,-22.412],[-52.988,-22.42],[-52.989,-22.423],[-52.995,-22.423],[-53.002,-22.425],[-52.995,-22.43],[-52.962,-22.46],[-52.948,-22.473],[-52.98,-22.484],[-52.988,-22.487],[-52.999,-22.493],[-53.001,-22.501],[-53.004,-22.505],[-53.007,-22.513],[-53.014,-22.521],[-53.024,-22.524],[-53.04,-22.527],[-53.058,-22.537],[-53.074,-22.549],[-53.086,-22.562],[-53.091,-22.569],[-53.098,-22.582],[-53.108,-22.596],[-53.11,-22.604],[-53.11,-22.61],[-53.105,-22.622],[-53.113,-22.632],[-53.125,-22.649],[-53.128,-22.652],[-53.143,-22.672],[-53.148,-22.678],[-53.159,-22.688],[-53.166,-22.694],[-53.175,-22.706],[-53.185,-22.719],[-53.194,-22.725],[-53.207,-22.731],[-53.212,-22.732],[-53.223,-22.731],[-53.231,-22.731],[-53.244,-22.735],[-53.289,-22.75],[-53.303,-22.755],[-53.327,-22.765],[-53.33,-22.759],[-53.333,-22.754],[-53.344,-22.75],[-53.347,-22.752],[-53.347,-22.747],[-53.341,-22.738],[-53.335,-22.735],[-53.333,-22.731],[-53.325,-22.728],[-53.32,-22.73],[-53.314,-22.727],[-53.309,-22.727],[-53.304,-22.724],[-53.295,-22.724],[-53.293,-22.722],[-53.293,-22.719],[-53.288,-22.713],[-53.285,-22.702],[-53.285,-22.697],[-53.282,-22.694],[-53.276,-22.685],[-53.276,-22.678],[-53.275,-22.665],[-53.277,-22.664],[-53.275,-22.655],[-53.276,-22.652],[-53.275,-22.648],[-53.279,-22.646],[-53.281,-22.642],[-53.279,-22.636],[-53.282,-22.614],[-53.281,-22.61],[-53.278,-22.607],[-53.28,-22.603],[-53.28,-22.591],[-53.282,-22.574],[-53.288,-22.56],[-53.297,-22.553],[-53.308,-22.539],[-53.311,-22.528],[-53.313,-22.523],[-53.313,-22.519],[-53.315,-22.513],[-53.313,-22.507],[-53.314,-22.499],[-53.318,-22.494],[-53.324,-22.491],[-53.327,-22.486],[-53.331,-22.473],[-53.332,-22.464],[-53.335,-22.456],[-53.334,-22.443],[-53.335,-22.438],[-53.335,-22.423],[-53.334,-22.409],[-53.336,-22.401],[-53.337,-22.374],[-53.339,-22.369],[-53.339,-22.361],[-53.341,-22.352],[-53.343,-22.348],[-53.354,-22.337],[-53.356,-22.334]]]}},{"type":"Feature","properties":{"c":"5002100"},"geometry":{"type":"Polygon","coordinates":[[[-56.087,-21.894],[-56.091,-21.895],[-56.097,-21.9],[-56.099,-21.903],[-56.095,-21.906],[-56.093,-21.904],[-56.084,-21.907],[-56.095,-21.913],[-56.096,-21.918],[-56.1,-21.918],[-56.11,-21.924],[-56.111,-21.927],[-56.105,-21.927],[-56.102,-21.925],[-56.094,-21.923],[-56.091,-21.921],[-56.087,-21.913],[-56.081,-21.913],[-56.073,-21.908],[-56.073,-21.914],[-56.07,-21.916],[-56.07,-21.919],[-56.074,-21.92],[-56.074,-21.925],[-56.08,-21.924],[-56.081,-21.931],[-56.071,-21.934],[-56.066,-21.932],[-56.062,-21.929],[-56.061,-21.939],[-56.07,-21.942],[-56.075,-21.946],[-56.072,-21.948],[-56.066,-21.948],[-56.061,-21.95],[-56.06,-21.955],[-56.065,-21.951],[-56.069,-21.951],[-56.073,-21.954],[-56.082,-21.955],[-56.081,-21.96],[-56.075,-21.962],[-56.081,-21.968],[-56.08,-21.974],[-56.078,-21.971],[-56.074,-21.973],[-56.074,-21.969],[-56.07,-21.97],[-56.065,-21.966],[-56.062,-21.97],[-56.066,-21.979],[-56.064,-21.981],[-56.063,-21.988],[-56.06,-21.989],[-56.059,-21.983],[-56.059,-21.979],[-56.056,-21.978],[-56.054,-21.971],[-56.051,-21.978],[-56.046,-21.972],[-56.044,-21.978],[-56.041,-21.976],[-56.036,-21.977],[-56.04,-21.979],[-56.047,-21.994],[-56.039,-21.991],[-56.034,-21.987],[-56.029,-21.987],[-56.028,-21.983],[-56.022,-21.977],[-56.02,-21.98],[-56.024,-21.986],[-56.023,-21.989],[-56.02,-21.992],[-56.028,-21.994],[-56.029,-21.997],[-56.036,-22.0],[-56.04,-22.004],[-56.035,-22.006],[-56.032,-22.003],[-56.029,-22.003],[-56.03,-22.008],[-56.028,-22.01],[-56.034,-22.015],[-56.033,-22.018],[-56.037,-22.022],[-56.044,-22.024],[-56.044,-22.02],[-56.051,-22.019],[-56.058,-22.022],[-56.06,-22.026],[-56.056,-22.026],[-56.046,-22.037],[-56.035,-22.036],[-56.029,-22.039],[-56.027,-22.047],[-56.023,-22.05],[-56.021,-22.048],[-56.014,-22.049],[-56.012,-22.048],[-56.011,-22.053],[-56.017,-22.057],[-56.015,-22.061],[-56.018,-22.062],[-56.017,-22.067],[-56.012,-22.071],[-56.01,-22.079],[-56.014,-22.083],[-56.015,-22.089],[-56.02,-22.095],[-56.029,-22.095],[-56.038,-22.09],[-56.042,-22.089],[-56.047,-22.092],[-56.046,-22.101],[-56.038,-22.111],[-56.028,-22.121],[-56.023,-22.129],[-56.024,-22.131],[-56.03,-22.132],[-56.033,-22.126],[-56.045,-22.116],[-56.048,-22.114],[-56.053,-22.116],[-56.058,-22.114],[-56.058,-22.107],[-56.06,-22.108],[-56.065,-22.106],[-56.069,-22.108],[-56.069,-22.092],[-56.07,-22.101],[-56.071,-22.093],[-56.075,-22.092],[-56.08,-22.089],[-56.095,-22.12],[-56.106,-22.115],[-56.113,-22.127],[-56.134,-22.113],[-56.202,-22.106],[-56.204,-22.173],[-56.209,-22.174],[-56.218,-22.174],[-56.221,-22.172],[-56.227,-22.172],[-56.23,-22.174],[-56.236,-22.174],[-56.247,-22.171],[-56.254,-22.167],[-56.256,-22.163],[-56.262,-22.163],[-56.272,-22.165],[-56.276,-22.164],[-56.285,-22.163],[-56.288,-22.161],[-56.294,-22.164],[-56.295,-22.17],[-56.298,-22.172],[-56.299,-22.18],[-56.304,-22.186],[-56.315,-22.19],[-56.319,-22.188],[-56.32,-22.184],[-56.327,-22.183],[-56.327,-22.179],[-56.331,-22.175],[-56.345,-22.18],[-56.346,-22.181],[-56.348,-22.18],[-56.349,-22.174],[-56.358,-22.176],[-56.358,-22.172],[-56.365,-22.17],[-56.363,-22.167],[-56.367,-22.163],[-56.366,-22.159],[-56.369,-22.156],[-56.369,-22.153],[-56.372,-22.153],[-56.374,-22.15],[-56.371,-22.148],[-56.374,-22.143],[-56.372,-22.143],[-56.368,-22.137],[-56.37,-22.132],[-56.374,-22.128],[-56.372,-22.126],[-56.377,-22.123],[-56.38,-22.119],[-56.378,-22.115],[-56.385,-22.11],[-56.381,-22.105],[-56.386,-22.105],[-56.387,-22.102],[-56.389,-22.103],[-56.393,-22.101],[-56.396,-22.094],[-56.393,-22.091],[-56.391,-22.094],[-56.389,-22.089],[-56.393,-22.082],[-56.393,-22.075],[-56.402,-22.08],[-56.405,-22.077],[-56.411,-22.08],[-56.419,-22.08],[-56.421,-22.086],[-56.426,-22.082],[-56.431,-22.083],[-56.43,-22.085],[-56.434,-22.085],[-56.442,-22.082],[-56.444,-22.085],[-56.448,-22.085],[-56.448,-22.077],[-56.45,-22.077],[-56.454,-22.082],[-56.457,-22.084],[-56.458,-22.079],[-56.464,-22.081],[-56.462,-22.084],[-56.467,-22.08],[-56.471,-22.08],[-56.474,-22.085],[-56.473,-22.087],[-56.476,-22.088],[-56.477,-22.094],[-56.484,-22.095],[-56.489,-22.093],[-56.493,-22.096],[-56.495,-22.094],[-56.503,-22.097],[-56.507,-22.095],[-56.509,-22.1],[-56.507,-22.102],[-56.519,-22.109],[-56.518,-22.112],[-56.522,-22.118],[-56.524,-22.126],[-56.523,-22.128],[-56.527,-22.13],[-56.524,-22.132],[-56.523,-22.138],[-56.519,-22.141],[-56.526,-22.14],[-56.528,-22.143],[-56.528,-22.148],[-56.534,-22.147],[-56.54,-22.147],[-56.541,-22.151],[-56.538,-22.154],[-56.538,-22.158],[-56.533,-22.156],[-56.533,-22.159],[-56.547,-22.163],[-56.549,-22.166],[-56.557,-22.169],[-56.556,-22.174],[-56.554,-22.176],[-56.555,-22.182],[-56.552,-22.185],[-56.554,-22.188],[-56.557,-22.188],[-56.556,-22.196],[-56.563,-22.198],[-56.562,-22.2],[-56.569,-22.203],[-56.569,-22.207],[-56.572,-22.208],[-56.576,-22.206],[-56.577,-22.202],[-56.582,-22.206],[-56.581,-22.211],[-56.589,-22.212],[-56.592,-22.214],[-56.594,-22.218],[-56.598,-22.211],[-56.6,-22.211],[-56.599,-22.218],[-56.603,-22.22],[-56.608,-22.22],[-56.61,-22.223],[-56.607,-22.226],[-56.606,-22.232],[-56.608,-22.234],[-56.61,-22.233],[-56.616,-22.236],[-56.618,-22.239],[-56.621,-22.239],[-56.622,-22.242],[-56.625,-22.242],[-56.627,-22.246],[-56.632,-22.245],[-56.635,-22.241],[-56.638,-22.241],[-56.643,-22.246],[-56.641,-22.253],[-56.639,-22.253],[-56.639,-22.26],[-56.637,-22.263],[-56.641,-22.263],[-56.642,-22.265],[-56.647,-22.262],[-56.652,-22.257],[-56.65,-22.255],[-56.655,-22.254],[-56.655,-22.256],[-56.66,-22.253],[-56.664,-22.254],[-56.667,-22.249],[-56.673,-22.249],[-56.677,-22.244],[-56.679,-22.247],[-56.682,-22.237],[-56.681,-22.228],[-56.682,-22.223],[-56.687,-22.22],[-56.688,-22.223],[-56.691,-22.218],[-56.699,-22.221],[-56.703,-22.217],[-56.704,-22.223],[-56.701,-22.227],[-56.696,-22.227],[-56.694,-22.229],[-56.698,-22.235],[-56.705,-22.237],[-56.706,-22.243],[-56.709,-22.248],[-56.713,-22.249],[-56.713,-22.252],[-56.72,-22.257],[-56.72,-22.265],[-56.728,-22.26],[-56.734,-22.257],[-56.736,-22.253],[-56.731,-22.248],[-56.732,-22.246],[-56.74,-22.244],[-56.744,-22.241],[-56.747,-22.236],[-56.751,-22.239],[-56.751,-22.245],[-56.755,-22.247],[-56.757,-22.242],[-56.763,-22.242],[-56.767,-22.244],[-56.762,-22.249],[-56.768,-22.255],[-56.772,-22.255],[-56.772,-22.258],[-56.777,-22.26],[-56.779,-22.257],[-56.783,-22.258],[-56.788,-22.254],[-56.783,-22.248],[-56.788,-22.25],[-56.79,-22.245],[-56.786,-22.242],[-56.794,-22.243],[-56.802,-22.249],[-56.804,-22.252],[-56.806,-22.26],[-56.804,-22.266],[-56.808,-22.272],[-56.801,-22.281],[-56.805,-22.285],[-56.808,-22.284],[-56.817,-22.288],[-56.819,-22.287],[-56.823,-22.29],[-56.826,-22.296],[-56.832,-22.297],[-56.839,-22.301],[-56.844,-22.301],[-56.853,-22.291],[-56.856,-22.289],[-56.86,-22.292],[-56.868,-22.288],[-56.867,-22.285],[-56.87,-22.282],[-56.88,-22.278],[-56.881,-22.276],[-56.876,-22.266],[-56.875,-22.264],[-56.88,-22.257],[-56.879,-22.253],[-56.883,-22.247],[-56.888,-22.245],[-56.9,-22.252],[-56.903,-22.257],[-56.901,-22.262],[-56.904,-22.267],[-56.909,-22.265],[-56.912,-22.259],[-56.919,-22.259],[-56.916,-22.255],[-56.923,-22.255],[-56.927,-22.25],[-56.93,-22.254],[-56.936,-22.254],[-56.947,-22.256],[-56.954,-22.25],[-56.957,-22.245],[-56.958,-22.238],[-56.967,-22.241],[-56.972,-22.241],[-56.971,-22.244],[-56.987,-22.243],[-56.992,-22.237],[-56.989,-22.229],[-56.992,-22.225],[-56.997,-22.223],[-57.001,-22.224],[-57.003,-22.231],[-57.009,-22.233],[-57.01,-22.236],[-57.019,-22.231],[-57.02,-22.236],[-57.024,-22.236],[-57.031,-22.234],[-57.041,-22.236],[-57.044,-22.243],[-57.048,-22.24],[-57.048,-22.233],[-57.05,-22.232],[-57.049,-22.225],[-57.046,-22.221],[-57.04,-22.221],[-57.04,-22.212],[-57.035,-22.204],[-57.036,-22.201],[-57.034,-22.198],[-57.028,-22.196],[-57.03,-22.191],[-57.036,-22.184],[-57.033,-22.176],[-57.035,-22.169],[-57.039,-22.164],[-57.042,-22.162],[-57.038,-22.149],[-57.025,-22.144],[-57.021,-22.144],[-57.007,-22.138],[-57.005,-22.141],[-56.999,-22.141],[-56.995,-22.136],[-57.004,-22.131],[-57.004,-22.128],[-57.0,-22.123],[-56.999,-22.117],[-57.002,-22.113],[-57.013,-22.114],[-57.016,-22.117],[-57.013,-22.106],[-57.017,-22.102],[-57.026,-22.103],[-57.028,-22.101],[-57.025,-22.099],[-57.024,-22.094],[-57.017,-22.092],[-57.011,-22.088],[-57.005,-22.092],[-57.001,-22.089],[-57.002,-22.082],[-56.998,-22.08],[-56.992,-22.08],[-56.989,-22.078],[-56.985,-22.077],[-56.982,-22.079],[-56.987,-22.081],[-56.987,-22.084],[-56.982,-22.087],[-56.983,-22.09],[-56.978,-22.094],[-56.978,-22.091],[-56.974,-22.091],[-56.973,-22.087],[-56.967,-22.087],[-56.964,-22.081],[-56.961,-22.077],[-56.957,-22.079],[-56.95,-22.075],[-56.947,-22.078],[-56.942,-22.076],[-56.944,-22.073],[-56.949,-22.073],[-56.949,-22.067],[-56.946,-22.065],[-56.941,-22.068],[-56.939,-22.066],[-56.934,-22.068],[-56.932,-22.059],[-56.935,-22.056],[-56.933,-22.054],[-56.93,-22.056],[-56.927,-22.052],[-56.926,-22.053],[-56.917,-22.052],[-56.916,-22.056],[-56.912,-22.052],[-56.907,-22.054],[-56.906,-22.057],[-56.91,-22.057],[-56.911,-22.062],[-56.905,-22.063],[-56.907,-22.068],[-56.902,-22.071],[-56.899,-22.069],[-56.894,-22.06],[-56.89,-22.051],[-56.885,-22.05],[-56.887,-22.044],[-56.878,-22.042],[-56.874,-22.035],[-56.87,-22.036],[-56.869,-22.039],[-56.861,-22.033],[-56.856,-22.034],[-56.853,-22.032],[-56.853,-22.028],[-56.857,-22.029],[-56.857,-22.026],[-56.854,-22.026],[-56.855,-22.019],[-56.861,-22.014],[-56.857,-22.009],[-56.858,-21.997],[-56.86,-21.992],[-56.865,-21.988],[-56.873,-21.988],[-56.876,-21.983],[-56.871,-21.98],[-56.866,-21.98],[-56.864,-21.978],[-56.863,-21.973],[-56.865,-21.971],[-56.86,-21.967],[-56.862,-21.962],[-56.861,-21.953],[-56.859,-21.953],[-56.855,-21.958],[-56.848,-21.956],[-56.849,-21.954],[-56.854,-21.953],[-56.856,-21.948],[-56.855,-21.942],[-56.852,-21.939],[-56.857,-21.932],[-56.86,-21.923],[-56.855,-21.917],[-56.854,-21.912],[-56.85,-21.909],[-56.85,-21.905],[-56.846,-21.907],[-56.839,-21.898],[-56.839,-21.894],[-56.836,-21.892],[-56.841,-21.889],[-56.836,-21.877],[-56.837,-21.873],[-56.841,-21.873],[-56.842,-21.87],[-56.838,-21.866],[-56.84,-21.862],[-56.836,-21.861],[-56.835,-21.858],[-56.832,-21.859],[-56.832,-21.863],[-56.829,-21.866],[-56.817,-21.864],[-56.818,-21.854],[-56.811,-21.852],[-56.812,-21.848],[-56.81,-21.845],[-56.808,-21.847],[-56.806,-21.843],[-56.809,-21.841],[-56.807,-21.839],[-56.808,-21.835],[-56.814,-21.836],[-56.815,-21.833],[-56.811,-21.828],[-56.808,-21.828],[-56.807,-21.825],[-56.803,-21.824],[-56.804,-21.818],[-56.802,-21.816],[-56.795,-21.813],[-56.794,-21.814],[-56.787,-21.811],[-56.791,-21.809],[-56.791,-21.804],[-56.788,-21.798],[-56.792,-21.793],[-56.797,-21.792],[-56.802,-21.786],[-56.799,-21.785],[-56.801,-21.776],[-56.797,-21.771],[-56.799,-21.767],[-56.795,-21.767],[-56.792,-21.762],[-56.793,-21.758],[-56.791,-21.754],[-56.792,-21.749],[-56.79,-21.744],[-56.788,-21.744],[-56.785,-21.738],[-56.782,-21.738],[-56.777,-21.731],[-56.78,-21.727],[-56.782,-21.726],[-56.784,-21.721],[-56.78,-21.716],[-56.77,-21.714],[-56.764,-21.704],[-56.766,-21.703],[-56.762,-21.698],[-56.762,-21.695],[-56.759,-21.693],[-56.76,-21.687],[-56.761,-21.686],[-56.759,-21.68],[-56.766,-21.674],[-56.771,-21.673],[-56.779,-21.666],[-56.782,-21.659],[-56.786,-21.658],[-56.791,-21.659],[-56.795,-21.657],[-56.799,-21.652],[-56.8,-21.648],[-56.797,-21.643],[-56.797,-21.635],[-56.794,-21.631],[-56.795,-21.628],[-56.791,-21.623],[-56.795,-21.623],[-56.796,-21.617],[-56.798,-21.614],[-56.799,-21.609],[-56.797,-21.607],[-56.799,-21.583],[-56.801,-21.58],[-56.808,-21.567],[-56.801,-21.566],[-56.79,-21.561],[-56.779,-21.562],[-56.764,-21.551],[-56.741,-21.548],[-56.727,-21.546],[-56.716,-21.543],[-56.703,-21.544],[-56.684,-21.566],[-56.671,-21.584],[-56.661,-21.589],[-56.636,-21.562],[-56.632,-21.56],[-56.583,-21.542],[-56.54,-21.527],[-56.528,-21.556],[-56.524,-21.586],[-56.523,-21.607],[-56.506,-21.62],[-56.495,-21.624],[-56.497,-21.628],[-56.46,-21.634],[-56.458,-21.634],[-56.453,-21.628],[-56.447,-21.631],[-56.442,-21.637],[-56.439,-21.638],[-56.425,-21.64],[-56.41,-21.636],[-56.407,-21.636],[-56.403,-21.641],[-56.401,-21.64],[-56.398,-21.635],[-56.392,-21.631],[-56.387,-21.632],[-56.381,-21.627],[-56.375,-21.626],[-56.371,-21.627],[-56.364,-21.626],[-56.36,-21.628],[-56.345,-21.638],[-56.332,-21.645],[-56.326,-21.652],[-56.315,-21.657],[-56.302,-21.66],[-56.29,-21.664],[-56.283,-21.665],[-56.282,-21.668],[-56.277,-21.671],[-56.282,-21.686],[-56.278,-21.687],[-56.279,-21.693],[-56.274,-21.707],[-56.259,-21.747],[-56.256,-21.757],[-56.251,-21.781],[-56.229,-21.781],[-56.204,-21.78],[-56.185,-21.788],[-56.18,-21.794],[-56.175,-21.796],[-56.168,-21.802],[-56.168,-21.804],[-56.164,-21.805],[-56.159,-21.81],[-56.159,-21.815],[-56.151,-21.827],[-56.151,-21.867],[-56.146,-21.873],[-56.137,-21.877],[-56.113,-21.872],[-56.108,-21.876],[-56.097,-21.882],[-56.094,-21.89],[-56.087,-21.894]]]}},{"type":"Feature","properties":{"c":"5002159"},"geometry":{"type":"Polygon","coordinates":[[[-56.389,-20.485],[-56.39,-20.489],[-56.388,-20.49],[-56.393,-20.499],[-56.395,-20.5],[-56.394,-20.506],[-56.397,-20.507],[-56.397,-20.515],[-56.393,-20.52],[-56.398,-20.53],[-56.397,-20.531],[-56.403,-20.538],[-56.4,-20.543],[-56.397,-20.543],[-56.395,-20.547],[-56.397,-20.548],[-56.402,-20.555],[-56.4,-20.559],[-56.405,-20.561],[-56.409,-20.561],[-56.413,-20.569],[-56.41,-20.574],[-56.408,-20.574],[-56.405,-20.58],[-56.408,-20.584],[-56.406,-20.586],[-56.41,-20.59],[-56.419,-20.59],[-56.421,-20.59],[-56.424,-20.593],[-56.43,-20.595],[-56.43,-20.598],[-56.439,-20.603],[-56.445,-20.605],[-56.446,-20.603],[-56.451,-20.604],[-56.452,-20.607],[-56.454,-20.605],[-56.458,-20.61],[-56.463,-20.615],[-56.467,-20.614],[-56.468,-20.617],[-56.472,-20.616],[-56.475,-20.619],[-56.482,-20.616],[-56.484,-20.614],[-56.49,-20.611],[-56.494,-20.613],[-56.502,-20.614],[-56.505,-20.617],[-56.503,-20.619],[-56.507,-20.623],[-56.504,-20.632],[-56.502,-20.633],[-56.501,-20.64],[-56.499,-20.643],[-56.505,-20.647],[-56.496,-20.658],[-56.499,-20.658],[-56.506,-20.663],[-56.505,-20.666],[-56.512,-20.671],[-56.514,-20.669],[-56.52,-20.674],[-56.518,-20.678],[-56.519,-20.68],[-56.53,-20.676],[-56.533,-20.673],[-56.54,-20.676],[-56.541,-20.682],[-56.55,-20.683],[-56.551,-20.69],[-56.554,-20.693],[-56.56,-20.695],[-56.565,-20.7],[-56.569,-20.703],[-56.573,-20.709],[-56.582,-20.714],[-56.58,-20.72],[-56.581,-20.724],[-56.577,-20.737],[-56.583,-20.745],[-56.595,-20.749],[-56.6,-20.747],[-56.602,-20.749],[-56.603,-20.753],[-56.61,-20.754],[-56.616,-20.761],[-56.615,-20.766],[-56.616,-20.772],[-56.613,-20.776],[-56.611,-20.791],[-56.611,-20.794],[-56.616,-20.807],[-56.621,-20.813],[-56.64,-20.81],[-56.645,-20.817],[-56.648,-20.818],[-56.649,-20.823],[-56.659,-20.83],[-56.661,-20.833],[-56.669,-20.838],[-56.675,-20.84],[-56.685,-20.848],[-56.688,-20.857],[-56.697,-20.872],[-56.697,-20.886],[-56.86,-20.886],[-56.874,-20.866],[-56.874,-20.858],[-56.865,-20.842],[-56.859,-20.835],[-56.851,-20.812],[-56.847,-20.797],[-56.846,-20.792],[-56.849,-20.785],[-56.858,-20.776],[-56.858,-20.773],[-56.863,-20.767],[-56.869,-20.764],[-56.867,-20.748],[-56.87,-20.744],[-56.872,-20.728],[-56.88,-20.712],[-56.89,-20.697],[-56.893,-20.684],[-56.89,-20.671],[-56.883,-20.659],[-56.876,-20.651],[-56.869,-20.639],[-56.872,-20.618],[-56.87,-20.611],[-56.878,-20.596],[-56.877,-20.589],[-56.874,-20.585],[-56.873,-20.58],[-56.887,-20.563],[-56.894,-20.557],[-56.902,-20.54],[-56.906,-20.533],[-56.913,-20.512],[-56.911,-20.507],[-56.913,-20.504],[-56.916,-20.503],[-56.917,-20.5],[-56.924,-20.491],[-56.923,-20.485],[-56.92,-20.482],[-56.922,-20.472],[-56.921,-20.464],[-56.926,-20.454],[-56.932,-20.448],[-56.937,-20.445],[-56.939,-20.442],[-56.939,-20.438],[-56.936,-20.437],[-56.936,-20.433],[-56.934,-20.431],[-56.935,-20.425],[-56.942,-20.421],[-56.942,-20.415],[-56.949,-20.41],[-56.952,-20.415],[-56.958,-20.413],[-56.962,-20.413],[-56.965,-20.417],[-56.969,-20.417],[-56.968,-20.425],[-56.978,-20.427],[-56.985,-20.423],[-56.991,-20.421],[-56.994,-20.418],[-56.987,-20.415],[-56.99,-20.408],[-56.99,-20.401],[-56.992,-20.398],[-56.991,-20.394],[-56.995,-20.387],[-57.003,-20.383],[-56.997,-20.382],[-56.998,-20.376],[-57.001,-20.375],[-57.001,-20.371],[-56.999,-20.369],[-57.003,-20.369],[-57.006,-20.364],[-57.009,-20.364],[-57.01,-20.359],[-57.008,-20.357],[-57.011,-20.347],[-57.014,-20.345],[-57.007,-20.341],[-56.992,-20.34],[-56.98,-20.336],[-56.974,-20.337],[-56.955,-20.335],[-56.947,-20.332],[-56.945,-20.327],[-56.949,-20.319],[-56.946,-20.314],[-56.947,-20.308],[-56.946,-20.304],[-56.949,-20.303],[-56.956,-20.296],[-56.963,-20.292],[-56.966,-20.276],[-56.968,-20.273],[-56.968,-20.271],[-56.965,-20.269],[-56.963,-20.266],[-56.962,-20.261],[-56.959,-20.257],[-56.957,-20.246],[-56.96,-20.239],[-56.967,-20.235],[-56.963,-20.231],[-56.965,-20.225],[-56.967,-20.223],[-56.969,-20.219],[-56.979,-20.206],[-56.984,-20.204],[-56.994,-20.196],[-56.998,-20.189],[-56.947,-20.187],[-56.946,-20.189],[-56.936,-20.193],[-56.929,-20.2],[-56.928,-20.205],[-56.929,-20.208],[-56.927,-20.214],[-56.922,-20.218],[-56.917,-20.223],[-56.913,-20.224],[-56.908,-20.231],[-56.906,-20.236],[-56.9,-20.238],[-56.892,-20.237],[-56.887,-20.239],[-56.879,-20.254],[-56.878,-20.257],[-56.874,-20.257],[-56.868,-20.26],[-56.86,-20.26],[-56.855,-20.263],[-56.85,-20.268],[-56.836,-20.265],[-56.828,-20.269],[-56.826,-20.271],[-56.829,-20.286],[-56.828,-20.292],[-56.831,-20.303],[-56.831,-20.308],[-56.834,-20.313],[-56.833,-20.316],[-56.833,-20.336],[-56.829,-20.342],[-56.832,-20.35],[-56.833,-20.357],[-56.832,-20.362],[-56.827,-20.361],[-56.82,-20.372],[-56.82,-20.378],[-56.819,-20.38],[-56.819,-20.387],[-56.815,-20.391],[-56.806,-20.391],[-56.801,-20.394],[-56.794,-20.399],[-56.792,-20.405],[-56.787,-20.41],[-56.783,-20.411],[-56.782,-20.415],[-56.777,-20.417],[-56.776,-20.413],[-56.772,-20.414],[-56.768,-20.41],[-56.765,-20.41],[-56.762,-20.407],[-56.759,-20.408],[-56.754,-20.405],[-56.753,-20.402],[-56.745,-20.405],[-56.742,-20.404],[-56.742,-20.407],[-56.736,-20.405],[-56.732,-20.4],[-56.724,-20.401],[-56.722,-20.404],[-56.722,-20.408],[-56.717,-20.41],[-56.713,-20.408],[-56.71,-20.403],[-56.703,-20.405],[-56.701,-20.404],[-56.7,-20.396],[-56.694,-20.4],[-56.691,-20.398],[-56.692,-20.39],[-56.688,-20.391],[-56.689,-20.386],[-56.685,-20.385],[-56.684,-20.389],[-56.682,-20.384],[-56.683,-20.38],[-56.681,-20.379],[-56.679,-20.375],[-56.68,-20.372],[-56.678,-20.367],[-56.681,-20.363],[-56.681,-20.358],[-56.568,-20.356],[-56.564,-20.36],[-56.555,-20.36],[-56.547,-20.362],[-56.538,-20.36],[-56.535,-20.361],[-56.528,-20.361],[-56.519,-20.358],[-56.516,-20.357],[-56.513,-20.349],[-56.509,-20.344],[-56.499,-20.343],[-56.493,-20.34],[-56.491,-20.337],[-56.483,-20.333],[-56.472,-20.329],[-56.469,-20.326],[-56.465,-20.319],[-56.461,-20.316],[-56.456,-20.314],[-56.452,-20.313],[-56.443,-20.32],[-56.429,-20.319],[-56.424,-20.323],[-56.425,-20.33],[-56.423,-20.333],[-56.421,-20.343],[-56.422,-20.347],[-56.419,-20.348],[-56.415,-20.345],[-56.417,-20.342],[-56.418,-20.336],[-56.414,-20.334],[-56.402,-20.336],[-56.389,-20.333],[-56.392,-20.337],[-56.393,-20.341],[-56.396,-20.341],[-56.394,-20.346],[-56.398,-20.348],[-56.391,-20.352],[-56.395,-20.355],[-56.391,-20.358],[-56.396,-20.359],[-56.395,-20.362],[-56.398,-20.362],[-56.397,-20.366],[-56.401,-20.369],[-56.399,-20.372],[-56.396,-20.371],[-56.394,-20.375],[-56.398,-20.375],[-56.403,-20.378],[-56.405,-20.382],[-56.409,-20.385],[-56.403,-20.385],[-56.403,-20.389],[-56.396,-20.39],[-56.393,-20.393],[-56.392,-20.397],[-56.394,-20.399],[-56.392,-20.403],[-56.396,-20.404],[-56.396,-20.399],[-56.401,-20.401],[-56.4,-20.405],[-56.396,-20.406],[-56.398,-20.408],[-56.398,-20.413],[-56.395,-20.41],[-56.393,-20.411],[-56.397,-20.421],[-56.401,-20.426],[-56.397,-20.427],[-56.4,-20.43],[-56.404,-20.431],[-56.399,-20.433],[-56.403,-20.439],[-56.396,-20.443],[-56.393,-20.442],[-56.395,-20.438],[-56.387,-20.44],[-56.386,-20.451],[-56.39,-20.456],[-56.396,-20.455],[-56.393,-20.458],[-56.394,-20.463],[-56.398,-20.462],[-56.397,-20.468],[-56.394,-20.467],[-56.393,-20.47],[-56.396,-20.473],[-56.394,-20.48],[-56.391,-20.48],[-56.393,-20.483],[-56.389,-20.485]]]}},{"type":"Feature","properties":{"c":"5002209"},"geometry":{"type":"Polygon","coordinates":[[[-56.2,-21.282],[-56.204,-21.283],[-56.207,-21.287],[-56.211,-21.288],[-56.225,-21.287],[-56.227,-21.291],[-56.232,-21.292],[-56.233,-21.301],[-56.23,-21.305],[-56.232,-21.306],[-56.234,-21.312],[-56.23,-21.31],[-56.23,-21.317],[-56.232,-21.321],[-56.228,-21.324],[-56.234,-21.327],[-56.236,-21.333],[-56.236,-21.339],[-56.239,-21.341],[-56.244,-21.338],[-56.25,-21.344],[-56.249,-21.351],[-56.254,-21.352],[-56.258,-21.355],[-56.256,-21.358],[-56.259,-21.36],[-56.265,-21.357],[-56.265,-21.355],[-56.27,-21.356],[-56.274,-21.351],[-56.284,-21.353],[-56.289,-21.351],[-56.291,-21.356],[-56.289,-21.359],[-56.29,-21.366],[-56.294,-21.366],[-56.291,-21.374],[-56.295,-21.377],[-56.291,-21.386],[-56.294,-21.388],[-56.296,-21.392],[-56.289,-21.396],[-56.292,-21.399],[-56.29,-21.402],[-56.297,-21.409],[-56.303,-21.411],[-56.305,-21.415],[-56.308,-21.417],[-56.313,-21.414],[-56.317,-21.417],[-56.327,-21.413],[-56.328,-21.415],[-56.333,-21.41],[-56.338,-21.41],[-56.34,-21.413],[-56.343,-21.413],[-56.352,-21.419],[-56.359,-21.418],[-56.361,-21.414],[-56.365,-21.411],[-56.37,-21.411],[-56.379,-21.417],[-56.386,-21.42],[-56.39,-21.417],[-56.393,-21.417],[-56.394,-21.419],[-56.399,-21.422],[-56.403,-21.422],[-56.406,-21.427],[-56.41,-21.425],[-56.412,-21.428],[-56.415,-21.432],[-56.425,-21.432],[-56.429,-21.434],[-56.44,-21.433],[-56.445,-21.427],[-56.45,-21.426],[-56.45,-21.424],[-56.456,-21.43],[-56.465,-21.436],[-56.482,-21.437],[-56.485,-21.439],[-56.494,-21.437],[-56.499,-21.44],[-56.51,-21.434],[-56.517,-21.433],[-56.529,-21.436],[-56.538,-21.429],[-56.54,-21.426],[-56.545,-21.425],[-56.549,-21.427],[-56.556,-21.424],[-56.563,-21.425],[-56.568,-21.431],[-56.573,-21.433],[-56.586,-21.43],[-56.595,-21.431],[-56.6,-21.435],[-56.602,-21.438],[-56.607,-21.441],[-56.611,-21.442],[-56.622,-21.438],[-56.634,-21.438],[-56.642,-21.438],[-56.65,-21.435],[-56.656,-21.43],[-56.662,-21.432],[-56.665,-21.431],[-56.676,-21.434],[-56.775,-21.446],[-56.786,-21.45],[-56.787,-21.448],[-56.793,-21.443],[-56.797,-21.441],[-56.804,-21.435],[-56.807,-21.428],[-56.815,-21.402],[-56.815,-21.387],[-56.809,-21.379],[-56.809,-21.367],[-56.804,-21.35],[-56.806,-21.34],[-56.812,-21.326],[-56.788,-21.292],[-56.797,-21.229],[-56.816,-21.191],[-56.825,-21.165],[-56.831,-21.152],[-56.846,-21.132],[-56.859,-21.114],[-56.851,-21.093],[-56.845,-21.075],[-56.858,-21.055],[-56.867,-21.044],[-56.867,-21.034],[-56.869,-21.018],[-56.868,-21.005],[-56.86,-20.983],[-56.862,-20.978],[-56.877,-20.949],[-56.881,-20.931],[-56.865,-20.902],[-56.863,-20.89],[-56.86,-20.886],[-56.697,-20.886],[-56.697,-20.872],[-56.688,-20.857],[-56.685,-20.848],[-56.675,-20.84],[-56.669,-20.838],[-56.661,-20.833],[-56.659,-20.83],[-56.649,-20.823],[-56.648,-20.818],[-56.645,-20.817],[-56.64,-20.81],[-56.621,-20.813],[-56.616,-20.807],[-56.611,-20.794],[-56.611,-20.791],[-56.613,-20.776],[-56.616,-20.772],[-56.615,-20.766],[-56.616,-20.761],[-56.61,-20.754],[-56.603,-20.753],[-56.602,-20.749],[-56.6,-20.747],[-56.595,-20.749],[-56.583,-20.745],[-56.577,-20.737],[-56.581,-20.724],[-56.58,-20.72],[-56.582,-20.714],[-56.573,-20.709],[-56.569,-20.703],[-56.565,-20.7],[-56.56,-20.695],[-56.554,-20.693],[-56.551,-20.69],[-56.55,-20.683],[-56.541,-20.682],[-56.54,-20.676],[-56.533,-20.673],[-56.53,-20.676],[-56.519,-20.68],[-56.518,-20.678],[-56.52,-20.674],[-56.514,-20.669],[-56.512,-20.671],[-56.505,-20.666],[-56.506,-20.663],[-56.499,-20.658],[-56.496,-20.658],[-56.505,-20.647],[-56.499,-20.643],[-56.501,-20.64],[-56.502,-20.633],[-56.504,-20.632],[-56.507,-20.623],[-56.503,-20.619],[-56.505,-20.617],[-56.502,-20.614],[-56.494,-20.613],[-56.49,-20.611],[-56.484,-20.614],[-56.482,-20.616],[-56.475,-20.619],[-56.472,-20.616],[-56.468,-20.617],[-56.467,-20.614],[-56.463,-20.615],[-56.458,-20.61],[-56.454,-20.605],[-56.452,-20.607],[-56.451,-20.604],[-56.446,-20.603],[-56.445,-20.605],[-56.439,-20.603],[-56.43,-20.598],[-56.43,-20.595],[-56.424,-20.593],[-56.421,-20.59],[-56.419,-20.59],[-56.41,-20.59],[-56.406,-20.586],[-56.408,-20.584],[-56.405,-20.58],[-56.408,-20.574],[-56.41,-20.574],[-56.413,-20.569],[-56.409,-20.561],[-56.405,-20.561],[-56.4,-20.559],[-56.402,-20.555],[-56.397,-20.548],[-56.395,-20.547],[-56.397,-20.543],[-56.4,-20.543],[-56.403,-20.538],[-56.397,-20.531],[-56.398,-20.53],[-56.393,-20.52],[-56.397,-20.515],[-56.397,-20.507],[-56.394,-20.506],[-56.395,-20.5],[-56.393,-20.499],[-56.388,-20.49],[-56.39,-20.489],[-56.389,-20.485],[-56.387,-20.486],[-56.383,-20.485],[-56.384,-20.488],[-56.381,-20.488],[-56.377,-20.484],[-56.377,-20.489],[-56.371,-20.489],[-56.373,-20.494],[-56.378,-20.493],[-56.378,-20.499],[-56.376,-20.498],[-56.375,-20.504],[-56.371,-20.506],[-56.37,-20.512],[-56.366,-20.513],[-56.369,-20.517],[-56.366,-20.518],[-56.365,-20.524],[-56.359,-20.525],[-56.364,-20.526],[-56.364,-20.531],[-56.356,-20.532],[-56.35,-20.536],[-56.354,-20.536],[-56.358,-20.539],[-56.356,-20.542],[-56.353,-20.54],[-56.355,-20.544],[-56.348,-20.546],[-56.345,-20.55],[-56.346,-20.553],[-56.338,-20.554],[-56.336,-20.557],[-56.332,-20.556],[-56.335,-20.56],[-56.332,-20.563],[-56.333,-20.565],[-56.329,-20.567],[-56.331,-20.57],[-56.325,-20.57],[-56.322,-20.574],[-56.325,-20.574],[-56.326,-20.579],[-56.322,-20.579],[-56.324,-20.582],[-56.318,-20.585],[-56.318,-20.588],[-56.314,-20.587],[-56.316,-20.582],[-56.314,-20.579],[-56.311,-20.579],[-56.304,-20.574],[-56.298,-20.576],[-56.306,-20.582],[-56.308,-20.59],[-56.307,-20.592],[-56.302,-20.594],[-56.296,-20.594],[-56.295,-20.597],[-56.299,-20.6],[-56.295,-20.6],[-56.294,-20.611],[-56.29,-20.611],[-56.287,-20.615],[-56.289,-20.619],[-56.285,-20.617],[-56.281,-20.618],[-56.277,-20.622],[-56.282,-20.625],[-56.282,-20.635],[-56.281,-20.636],[-56.275,-20.636],[-56.275,-20.644],[-56.266,-20.645],[-56.267,-20.639],[-56.262,-20.638],[-56.253,-20.643],[-56.255,-20.64],[-56.248,-20.636],[-56.247,-20.643],[-56.244,-20.64],[-56.242,-20.642],[-56.246,-20.644],[-56.246,-20.648],[-56.238,-20.652],[-56.23,-20.658],[-56.227,-20.657],[-56.227,-20.65],[-56.223,-20.649],[-56.225,-20.645],[-56.221,-20.643],[-56.214,-20.646],[-56.21,-20.647],[-56.213,-20.641],[-56.213,-20.636],[-56.217,-20.633],[-56.217,-20.631],[-56.213,-20.632],[-56.213,-20.629],[-56.216,-20.626],[-56.217,-20.62],[-56.213,-20.617],[-56.214,-20.612],[-56.218,-20.613],[-56.218,-20.609],[-56.213,-20.607],[-56.211,-20.604],[-56.207,-20.605],[-56.202,-20.604],[-56.197,-20.61],[-56.198,-20.613],[-56.202,-20.616],[-56.201,-20.62],[-56.198,-20.619],[-56.197,-20.624],[-56.192,-20.624],[-56.185,-20.632],[-56.181,-20.629],[-56.176,-20.63],[-56.176,-20.625],[-56.175,-20.62],[-56.169,-20.616],[-56.163,-20.621],[-56.159,-20.617],[-56.155,-20.616],[-56.151,-20.618],[-56.157,-20.619],[-56.157,-20.623],[-56.15,-20.625],[-56.149,-20.631],[-56.154,-20.635],[-56.155,-20.64],[-56.151,-20.647],[-56.148,-20.65],[-56.15,-20.659],[-56.164,-20.662],[-56.161,-20.666],[-56.163,-20.67],[-56.156,-20.669],[-56.146,-20.671],[-56.145,-20.674],[-56.135,-20.682],[-56.131,-20.682],[-56.13,-20.688],[-56.132,-20.69],[-56.141,-20.692],[-56.14,-20.696],[-56.137,-20.704],[-56.128,-20.709],[-56.128,-20.718],[-56.135,-20.722],[-56.132,-20.728],[-56.129,-20.728],[-56.124,-20.725],[-56.117,-20.727],[-56.115,-20.73],[-56.118,-20.741],[-56.114,-20.742],[-56.11,-20.74],[-56.106,-20.742],[-56.106,-20.745],[-56.099,-20.751],[-56.093,-20.758],[-56.092,-20.762],[-56.089,-20.766],[-56.085,-20.766],[-56.084,-20.772],[-56.086,-20.777],[-56.092,-20.781],[-56.102,-20.777],[-56.105,-20.773],[-56.108,-20.771],[-56.116,-20.771],[-56.128,-20.778],[-56.13,-20.785],[-56.136,-20.788],[-56.137,-20.79],[-56.133,-20.795],[-56.131,-20.795],[-56.126,-20.792],[-56.124,-20.794],[-56.126,-20.798],[-56.117,-20.807],[-56.116,-20.811],[-56.111,-20.814],[-56.109,-20.817],[-56.11,-20.82],[-56.118,-20.821],[-56.124,-20.824],[-56.124,-20.831],[-56.122,-20.833],[-56.123,-20.839],[-56.117,-20.847],[-56.103,-20.853],[-56.097,-20.856],[-56.1,-20.861],[-56.1,-20.869],[-56.101,-20.873],[-56.106,-20.873],[-56.112,-20.867],[-56.114,-20.859],[-56.12,-20.859],[-56.127,-20.863],[-56.13,-20.862],[-56.129,-20.851],[-56.135,-20.851],[-56.139,-20.848],[-56.144,-20.843],[-56.155,-20.835],[-56.161,-20.837],[-56.163,-20.847],[-56.163,-20.855],[-56.161,-20.86],[-56.162,-20.865],[-56.157,-20.867],[-56.155,-20.87],[-56.151,-20.871],[-56.154,-20.878],[-56.157,-20.88],[-56.157,-20.885],[-56.151,-20.883],[-56.146,-20.883],[-56.147,-20.891],[-56.151,-20.892],[-56.158,-20.889],[-56.167,-20.889],[-56.171,-20.889],[-56.172,-20.895],[-56.177,-20.898],[-56.186,-20.899],[-56.19,-20.903],[-56.189,-20.905],[-56.183,-20.907],[-56.18,-20.913],[-56.178,-20.912],[-56.18,-20.92],[-56.178,-20.922],[-56.175,-20.921],[-56.173,-20.924],[-56.175,-20.929],[-56.168,-20.939],[-56.168,-20.941],[-56.161,-20.945],[-56.159,-20.949],[-56.165,-20.951],[-56.167,-20.947],[-56.17,-20.95],[-56.175,-20.951],[-56.175,-20.947],[-56.179,-20.949],[-56.183,-20.948],[-56.185,-20.945],[-56.186,-20.936],[-56.191,-20.934],[-56.196,-20.936],[-56.196,-20.941],[-56.201,-20.95],[-56.197,-20.957],[-56.2,-20.961],[-56.198,-20.967],[-56.193,-20.958],[-56.19,-20.958],[-56.187,-20.963],[-56.181,-20.966],[-56.186,-20.97],[-56.187,-20.975],[-56.194,-20.976],[-56.196,-20.979],[-56.201,-20.98],[-56.201,-20.983],[-56.205,-20.987],[-56.212,-20.993],[-56.213,-20.997],[-56.208,-21.003],[-56.208,-21.011],[-56.202,-21.01],[-56.202,-21.017],[-56.199,-21.015],[-56.198,-21.02],[-56.203,-21.02],[-56.203,-21.024],[-56.209,-21.025],[-56.212,-21.031],[-56.207,-21.029],[-56.207,-21.033],[-56.204,-21.031],[-56.198,-21.031],[-56.197,-21.034],[-56.187,-21.042],[-56.184,-21.046],[-56.187,-21.054],[-56.187,-21.062],[-56.181,-21.064],[-56.177,-21.071],[-56.182,-21.072],[-56.186,-21.076],[-56.184,-21.081],[-56.188,-21.084],[-56.193,-21.084],[-56.203,-21.079],[-56.208,-21.08],[-56.215,-21.079],[-56.217,-21.082],[-56.218,-21.088],[-56.222,-21.094],[-56.226,-21.096],[-56.231,-21.102],[-56.232,-21.106],[-56.229,-21.109],[-56.223,-21.111],[-56.226,-21.114],[-56.223,-21.118],[-56.223,-21.131],[-56.225,-21.136],[-56.223,-21.14],[-56.219,-21.141],[-56.216,-21.144],[-56.215,-21.159],[-56.217,-21.16],[-56.214,-21.169],[-56.216,-21.177],[-56.221,-21.182],[-56.219,-21.185],[-56.212,-21.186],[-56.21,-21.182],[-56.2,-21.185],[-56.196,-21.189],[-56.191,-21.191],[-56.189,-21.196],[-56.185,-21.198],[-56.188,-21.201],[-56.195,-21.201],[-56.201,-21.206],[-56.212,-21.211],[-56.221,-21.206],[-56.228,-21.205],[-56.224,-21.215],[-56.228,-21.221],[-56.227,-21.225],[-56.225,-21.228],[-56.218,-21.227],[-56.216,-21.228],[-56.215,-21.233],[-56.212,-21.236],[-56.207,-21.236],[-56.207,-21.242],[-56.216,-21.246],[-56.219,-21.251],[-56.215,-21.262],[-56.212,-21.263],[-56.208,-21.261],[-56.203,-21.263],[-56.205,-21.267],[-56.202,-21.273],[-56.196,-21.279],[-56.2,-21.282]]]}},{"type":"Feature","properties":{"c":"5002308"},"geometry":{"type":"Polygon","coordinates":[[[-53.127,-20.69],[-53.112,-20.683],[-53.103,-20.675],[-53.1,-20.675],[-53.092,-20.68],[-53.084,-20.681],[-53.081,-20.677],[-53.073,-20.675],[-53.064,-20.666],[-53.05,-20.66],[-53.044,-20.656],[-53.038,-20.654],[-53.032,-20.656],[-53.028,-20.655],[-53.005,-20.654],[-53.002,-20.654],[-52.993,-20.652],[-52.983,-20.651],[-52.977,-20.649],[-52.975,-20.647],[-52.967,-20.646],[-52.963,-20.645],[-52.954,-20.636],[-52.942,-20.629],[-52.936,-20.628],[-52.917,-20.62],[-52.909,-20.619],[-52.904,-20.614],[-52.897,-20.614],[-52.89,-20.609],[-52.887,-20.605],[-52.881,-20.601],[-52.877,-20.597],[-52.87,-20.592],[-52.864,-20.583],[-52.859,-20.578],[-52.845,-20.569],[-52.837,-20.561],[-52.824,-20.554],[-52.819,-20.542],[-52.817,-20.541],[-52.812,-20.539],[-52.807,-20.541],[-52.804,-20.546],[-52.8,-20.548],[-52.796,-20.553],[-52.786,-20.56],[-52.779,-20.561],[-52.772,-20.566],[-52.768,-20.571],[-52.761,-20.573],[-52.755,-20.578],[-52.753,-20.583],[-52.747,-20.586],[-52.746,-20.593],[-52.741,-20.599],[-52.737,-20.607],[-52.732,-20.609],[-52.735,-20.615],[-52.732,-20.619],[-52.721,-20.62],[-52.715,-20.625],[-52.709,-20.638],[-52.703,-20.64],[-52.697,-20.646],[-52.687,-20.647],[-52.684,-20.653],[-52.681,-20.655],[-52.679,-20.661],[-52.672,-20.664],[-52.667,-20.674],[-52.652,-20.68],[-52.649,-20.685],[-52.637,-20.692],[-52.634,-20.696],[-52.625,-20.698],[-52.625,-20.7],[-52.617,-20.706],[-52.602,-20.714],[-52.6,-20.718],[-52.602,-20.719],[-52.602,-20.723],[-52.598,-20.724],[-52.595,-20.728],[-52.591,-20.731],[-52.588,-20.735],[-52.581,-20.742],[-52.571,-20.749],[-52.569,-20.761],[-52.567,-20.762],[-52.558,-20.766],[-52.549,-20.772],[-52.542,-20.779],[-52.537,-20.789],[-52.528,-20.796],[-52.52,-20.798],[-52.516,-20.797],[-52.508,-20.799],[-52.507,-20.805],[-52.5,-20.808],[-52.5,-20.812],[-52.498,-20.814],[-52.49,-20.814],[-52.485,-20.817],[-52.483,-20.825],[-52.48,-20.827],[-52.472,-20.829],[-52.468,-20.833],[-52.461,-20.833],[-52.456,-20.836],[-52.451,-20.841],[-52.446,-20.839],[-52.442,-20.84],[-52.427,-20.849],[-52.422,-20.851],[-52.414,-20.856],[-52.409,-20.865],[-52.398,-20.87],[-52.394,-20.869],[-52.39,-20.876],[-52.388,-20.878],[-52.378,-20.881],[-52.372,-20.884],[-52.364,-20.884],[-52.36,-20.886],[-52.358,-20.89],[-52.346,-20.901],[-52.344,-20.906],[-52.342,-20.909],[-52.341,-20.913],[-52.343,-20.916],[-52.335,-20.919],[-52.335,-20.926],[-52.331,-20.929],[-52.322,-20.931],[-52.317,-20.937],[-52.317,-20.944],[-52.311,-20.947],[-52.309,-20.953],[-52.306,-20.955],[-52.3,-20.955],[-52.294,-20.959],[-52.288,-20.966],[-52.283,-20.967],[-52.277,-20.972],[-52.272,-20.973],[-52.264,-20.97],[-52.255,-20.975],[-52.252,-20.98],[-52.248,-20.98],[-52.246,-20.977],[-52.238,-20.973],[-52.228,-20.972],[-52.222,-20.972],[-52.213,-20.976],[-52.208,-20.98],[-52.203,-20.981],[-52.19,-20.991],[-52.187,-20.995],[-52.182,-20.997],[-52.177,-21.0],[-52.167,-21.004],[-52.163,-21.011],[-52.159,-21.014],[-52.155,-21.013],[-52.149,-21.015],[-52.149,-21.019],[-52.147,-21.021],[-52.14,-21.022],[-52.134,-21.024],[-52.124,-21.033],[-52.122,-21.036],[-52.114,-21.04],[-52.106,-21.039],[-52.099,-21.043],[-52.097,-21.047],[-52.092,-21.048],[-52.082,-21.053],[-52.068,-21.063],[-52.065,-21.066],[-52.062,-21.072],[-52.055,-21.077],[-52.049,-21.083],[-52.046,-21.085],[-52.04,-21.085],[-52.037,-21.091],[-52.031,-21.098],[-52.031,-21.101],[-52.027,-21.105],[-52.021,-21.109],[-52.017,-21.109],[-52.012,-21.112],[-52.006,-21.112],[-52.007,-21.118],[-51.992,-21.128],[-51.991,-21.133],[-51.993,-21.141],[-51.993,-21.148],[-51.985,-21.154],[-51.981,-21.156],[-51.977,-21.159],[-51.971,-21.164],[-51.968,-21.168],[-51.957,-21.167],[-51.953,-21.17],[-51.95,-21.177],[-51.947,-21.179],[-51.947,-21.182],[-51.943,-21.185],[-51.939,-21.183],[-51.931,-21.185],[-51.919,-21.183],[-51.909,-21.185],[-51.901,-21.184],[-51.898,-21.182],[-51.892,-21.182],[-51.89,-21.189],[-51.887,-21.192],[-51.89,-21.196],[-51.889,-21.199],[-51.88,-21.198],[-51.874,-21.211],[-51.864,-21.227],[-51.861,-21.239],[-51.855,-21.25],[-51.855,-21.26],[-51.849,-21.267],[-51.849,-21.276],[-51.851,-21.281],[-51.856,-21.286],[-51.857,-21.29],[-51.861,-21.317],[-51.861,-21.337],[-51.862,-21.342],[-51.865,-21.349],[-51.869,-21.354],[-51.888,-21.367],[-51.9,-21.378],[-51.908,-21.386],[-51.911,-21.393],[-51.918,-21.412],[-51.919,-21.424],[-51.922,-21.44],[-51.929,-21.456],[-51.936,-21.462],[-51.943,-21.465],[-51.952,-21.474],[-51.958,-21.484],[-51.964,-21.496],[-51.968,-21.502],[-51.979,-21.507],[-51.987,-21.512],[-52.0,-21.517],[-52.022,-21.511],[-52.038,-21.509],[-52.043,-21.507],[-52.057,-21.504],[-52.062,-21.503],[-52.066,-21.505],[-52.072,-21.509],[-52.078,-21.515],[-52.08,-21.522],[-52.085,-21.528],[-52.088,-21.533],[-52.093,-21.538],[-52.096,-21.542],[-52.102,-21.555],[-52.103,-21.565],[-52.102,-21.57],[-52.103,-21.571],[-52.109,-21.571],[-52.115,-21.574],[-52.12,-21.573],[-52.119,-21.577],[-52.126,-21.575],[-52.131,-21.579],[-52.138,-21.58],[-52.141,-21.578],[-52.148,-21.579],[-52.15,-21.582],[-52.154,-21.581],[-52.156,-21.584],[-52.161,-21.584],[-52.164,-21.581],[-52.159,-21.578],[-52.164,-21.579],[-52.166,-21.576],[-52.168,-21.567],[-52.171,-21.563],[-52.177,-21.561],[-52.181,-21.555],[-52.187,-21.556],[-52.188,-21.558],[-52.189,-21.552],[-52.194,-21.545],[-52.194,-21.539],[-52.205,-21.545],[-52.211,-21.545],[-52.213,-21.54],[-52.219,-21.54],[-52.219,-21.537],[-52.223,-21.537],[-52.225,-21.533],[-52.225,-21.527],[-52.222,-21.527],[-52.224,-21.519],[-52.23,-21.521],[-52.233,-21.52],[-52.232,-21.514],[-52.237,-21.512],[-52.24,-21.513],[-52.241,-21.511],[-52.245,-21.512],[-52.246,-21.51],[-52.253,-21.504],[-52.253,-21.501],[-52.258,-21.495],[-52.267,-21.491],[-52.27,-21.484],[-52.274,-21.485],[-52.277,-21.483],[-52.282,-21.482],[-52.28,-21.479],[-52.283,-21.479],[-52.287,-21.474],[-52.29,-21.473],[-52.295,-21.478],[-52.304,-21.476],[-52.304,-21.471],[-52.31,-21.475],[-52.315,-21.474],[-52.319,-21.471],[-52.323,-21.476],[-52.329,-21.473],[-52.327,-21.47],[-52.33,-21.469],[-52.334,-21.464],[-52.343,-21.457],[-52.343,-21.456],[-52.352,-21.453],[-52.35,-21.45],[-52.352,-21.45],[-52.352,-21.446],[-52.358,-21.441],[-52.357,-21.437],[-52.361,-21.432],[-52.365,-21.43],[-52.373,-21.424],[-52.377,-21.417],[-52.379,-21.417],[-52.385,-21.408],[-52.392,-21.407],[-52.393,-21.402],[-52.401,-21.399],[-52.411,-21.396],[-52.416,-21.392],[-52.418,-21.392],[-52.422,-21.388],[-52.428,-21.391],[-52.431,-21.39],[-52.436,-21.38],[-52.44,-21.378],[-52.447,-21.378],[-52.451,-21.376],[-52.451,-21.374],[-52.455,-21.373],[-52.456,-21.368],[-52.459,-21.362],[-52.464,-21.36],[-52.471,-21.354],[-52.478,-21.354],[-52.481,-21.35],[-52.483,-21.34],[-52.487,-21.342],[-52.49,-21.336],[-52.488,-21.335],[-52.489,-21.33],[-52.498,-21.319],[-52.502,-21.318],[-52.507,-21.312],[-52.508,-21.309],[-52.515,-21.303],[-52.515,-21.296],[-52.521,-21.29],[-52.52,-21.288],[-52.522,-21.282],[-52.534,-21.265],[-52.545,-21.258],[-52.547,-21.251],[-52.55,-21.251],[-52.553,-21.246],[-52.554,-21.24],[-52.551,-21.236],[-52.554,-21.231],[-52.559,-21.229],[-52.56,-21.224],[-52.558,-21.223],[-52.561,-21.22],[-52.56,-21.216],[-52.565,-21.213],[-52.566,-21.203],[-52.569,-21.201],[-52.575,-21.198],[-52.577,-21.193],[-52.583,-21.189],[-52.589,-21.191],[-52.591,-21.189],[-52.593,-21.182],[-52.594,-21.181],[-52.601,-21.167],[-52.6,-21.162],[-52.608,-21.158],[-52.613,-21.149],[-52.619,-21.145],[-52.621,-21.145],[-52.625,-21.14],[-52.631,-21.136],[-52.631,-21.132],[-52.64,-21.128],[-52.643,-21.13],[-52.651,-21.126],[-52.66,-21.118],[-52.67,-21.104],[-52.679,-21.103],[-52.682,-21.098],[-52.687,-21.096],[-52.693,-21.088],[-52.694,-21.084],[-52.704,-21.077],[-52.707,-21.072],[-52.711,-21.067],[-52.715,-21.067],[-52.723,-21.06],[-52.727,-21.054],[-52.728,-21.049],[-52.739,-21.045],[-52.746,-21.037],[-52.75,-21.036],[-52.761,-21.028],[-52.767,-21.023],[-52.77,-21.022],[-52.783,-21.014],[-52.799,-20.996],[-52.805,-20.993],[-52.813,-20.985],[-52.82,-20.983],[-52.83,-20.977],[-52.833,-20.97],[-52.838,-20.964],[-52.844,-20.96],[-52.858,-20.951],[-52.886,-20.942],[-52.893,-20.933],[-52.898,-20.932],[-52.906,-20.928],[-52.913,-20.922],[-52.931,-20.909],[-52.94,-20.901],[-52.952,-20.888],[-52.956,-20.879],[-52.961,-20.873],[-52.971,-20.87],[-52.978,-20.865],[-52.994,-20.862],[-52.997,-20.86],[-52.999,-20.855],[-53.005,-20.848],[-53.009,-20.836],[-53.014,-20.831],[-53.016,-20.824],[-53.021,-20.814],[-53.021,-20.802],[-53.019,-20.788],[-53.02,-20.783],[-53.037,-20.748],[-53.04,-20.736],[-53.094,-20.71],[-53.101,-20.705],[-53.114,-20.689],[-53.127,-20.69]]]}},{"type":"Feature","properties":{"c":"5002407"},"geometry":{"type":"Polygon","coordinates":[[[-54.964,-22.364],[-54.962,-22.363],[-54.954,-22.371],[-54.946,-22.371],[-54.944,-22.368],[-54.937,-22.363],[-54.934,-22.364],[-54.932,-22.368],[-54.936,-22.371],[-54.936,-22.374],[-54.93,-22.376],[-54.917,-22.376],[-54.915,-22.373],[-54.911,-22.376],[-54.912,-22.378],[-54.911,-22.383],[-54.912,-22.391],[-54.911,-22.392],[-54.905,-22.387],[-54.899,-22.387],[-54.895,-22.383],[-54.893,-22.378],[-54.89,-22.377],[-54.884,-22.384],[-54.876,-22.386],[-54.869,-22.387],[-54.866,-22.388],[-54.861,-22.388],[-54.855,-22.392],[-54.85,-22.388],[-54.849,-22.392],[-54.844,-22.392],[-54.843,-22.396],[-54.837,-22.396],[-54.827,-22.395],[-54.822,-22.399],[-54.817,-22.39],[-54.814,-22.388],[-54.808,-22.389],[-54.804,-22.39],[-54.804,-22.397],[-54.801,-22.398],[-54.795,-22.402],[-54.792,-22.398],[-54.784,-22.4],[-54.784,-22.403],[-54.783,-22.408],[-54.778,-22.412],[-54.779,-22.416],[-54.777,-22.421],[-54.78,-22.423],[-54.776,-22.423],[-54.771,-22.419],[-54.77,-22.422],[-54.766,-22.422],[-54.761,-22.425],[-54.76,-22.43],[-54.755,-22.431],[-54.754,-22.424],[-54.746,-22.415],[-54.742,-22.416],[-54.742,-22.419],[-54.735,-22.423],[-54.732,-22.426],[-54.737,-22.428],[-54.74,-22.427],[-54.741,-22.43],[-54.739,-22.434],[-54.728,-22.439],[-54.721,-22.441],[-54.719,-22.44],[-54.719,-22.434],[-54.712,-22.435],[-54.706,-22.435],[-54.702,-22.43],[-54.694,-22.43],[-54.692,-22.425],[-54.685,-22.422],[-54.676,-22.422],[-54.671,-22.422],[-54.667,-22.419],[-54.661,-22.424],[-54.651,-22.429],[-54.646,-22.436],[-54.633,-22.435],[-54.628,-22.427],[-54.627,-22.422],[-54.625,-22.418],[-54.62,-22.422],[-54.618,-22.421],[-54.617,-22.415],[-54.613,-22.414],[-54.61,-22.41],[-54.604,-22.408],[-54.601,-22.409],[-54.591,-22.408],[-54.589,-22.405],[-54.586,-22.405],[-54.584,-22.407],[-54.577,-22.406],[-54.575,-22.404],[-54.564,-22.411],[-54.562,-22.408],[-54.556,-22.407],[-54.551,-22.408],[-54.548,-22.411],[-54.532,-22.413],[-54.528,-22.411],[-54.524,-22.407],[-54.523,-22.414],[-54.517,-22.428],[-54.517,-22.448],[-54.511,-22.453],[-54.507,-22.457],[-54.502,-22.46],[-54.499,-22.469],[-54.484,-22.483],[-54.481,-22.491],[-54.477,-22.494],[-54.475,-22.503],[-54.472,-22.508],[-54.473,-22.517],[-54.472,-22.533],[-54.47,-22.546],[-54.47,-22.554],[-54.468,-22.56],[-54.468,-22.572],[-54.469,-22.576],[-54.469,-22.586],[-54.472,-22.591],[-54.454,-22.621],[-54.478,-22.633],[-54.48,-22.63],[-54.481,-22.625],[-54.483,-22.621],[-54.489,-22.625],[-54.495,-22.623],[-54.498,-22.62],[-54.499,-22.609],[-54.522,-22.611],[-54.536,-22.607],[-54.541,-22.609],[-54.571,-22.626],[-54.575,-22.631],[-54.593,-22.633],[-54.598,-22.634],[-54.625,-22.632],[-54.648,-22.634],[-54.676,-22.626],[-54.684,-22.622],[-54.703,-22.617],[-54.7,-22.631],[-54.691,-22.641],[-54.69,-22.646],[-54.69,-22.655],[-54.687,-22.664],[-54.683,-22.671],[-54.678,-22.674],[-54.668,-22.686],[-54.664,-22.69],[-54.657,-22.694],[-54.714,-22.72],[-54.716,-22.732],[-54.721,-22.741],[-54.724,-22.751],[-54.727,-22.754],[-54.739,-22.762],[-54.744,-22.769],[-54.745,-22.774],[-54.745,-22.785],[-54.744,-22.795],[-54.74,-22.808],[-54.744,-22.821],[-54.745,-22.826],[-54.742,-22.83],[-54.742,-22.835],[-54.744,-22.837],[-54.744,-22.842],[-54.749,-22.843],[-54.75,-22.848],[-54.747,-22.85],[-54.738,-22.863],[-54.737,-22.872],[-54.733,-22.879],[-54.734,-22.885],[-54.738,-22.887],[-54.737,-22.888],[-54.737,-22.891],[-54.741,-22.89],[-54.745,-22.891],[-54.754,-22.887],[-54.768,-22.889],[-54.772,-22.886],[-54.777,-22.886],[-54.784,-22.884],[-54.786,-22.879],[-54.796,-22.882],[-54.799,-22.885],[-54.803,-22.881],[-54.8,-22.877],[-54.801,-22.875],[-54.805,-22.873],[-54.811,-22.875],[-54.813,-22.872],[-54.814,-22.868],[-54.818,-22.867],[-54.816,-22.862],[-54.819,-22.859],[-54.819,-22.856],[-54.823,-22.857],[-54.823,-22.85],[-54.82,-22.849],[-54.824,-22.848],[-54.827,-22.849],[-54.837,-22.844],[-54.839,-22.846],[-54.839,-22.841],[-54.844,-22.842],[-54.851,-22.839],[-54.848,-22.833],[-54.858,-22.831],[-54.861,-22.828],[-54.868,-22.824],[-54.869,-22.821],[-54.877,-22.822],[-54.882,-22.817],[-54.883,-22.818],[-54.889,-22.816],[-54.892,-22.811],[-54.9,-22.817],[-54.905,-22.815],[-54.906,-22.812],[-54.903,-22.806],[-54.906,-22.798],[-54.91,-22.8],[-54.913,-22.798],[-54.914,-22.801],[-54.917,-22.802],[-54.921,-22.799],[-54.929,-22.802],[-54.932,-22.798],[-54.926,-22.795],[-54.927,-22.791],[-54.93,-22.79],[-54.924,-22.79],[-54.919,-22.788],[-54.921,-22.784],[-54.928,-22.784],[-54.924,-22.778],[-54.933,-22.771],[-54.929,-22.768],[-54.937,-22.766],[-54.934,-22.761],[-54.938,-22.763],[-54.942,-22.762],[-54.945,-22.763],[-54.941,-22.768],[-54.944,-22.77],[-54.948,-22.767],[-54.947,-22.764],[-54.952,-22.763],[-54.953,-22.765],[-54.958,-22.766],[-54.957,-22.761],[-54.962,-22.763],[-54.964,-22.759],[-54.963,-22.755],[-54.972,-22.754],[-54.968,-22.749],[-54.966,-22.749],[-54.969,-22.74],[-54.966,-22.738],[-54.964,-22.733],[-54.97,-22.73],[-54.974,-22.732],[-54.976,-22.73],[-54.978,-22.732],[-54.982,-22.729],[-54.986,-22.727],[-54.983,-22.723],[-54.989,-22.722],[-54.988,-22.713],[-54.996,-22.71],[-55.0,-22.702],[-55.014,-22.697],[-55.021,-22.699],[-55.024,-22.697],[-55.024,-22.691],[-55.029,-22.692],[-55.028,-22.687],[-55.031,-22.683],[-55.041,-22.675],[-55.049,-22.677],[-55.053,-22.673],[-55.057,-22.671],[-55.066,-22.673],[-55.075,-22.671],[-55.08,-22.666],[-55.087,-22.664],[-55.091,-22.661],[-55.09,-22.658],[-55.102,-22.656],[-55.104,-22.653],[-55.111,-22.653],[-55.111,-22.65],[-55.117,-22.65],[-55.124,-22.644],[-55.127,-22.641],[-55.128,-22.635],[-55.126,-22.627],[-55.128,-22.62],[-55.126,-22.612],[-55.128,-22.606],[-55.11,-22.59],[-55.107,-22.589],[-55.102,-22.582],[-55.097,-22.57],[-55.096,-22.556],[-55.098,-22.548],[-55.089,-22.544],[-55.085,-22.544],[-55.078,-22.543],[-55.069,-22.539],[-55.064,-22.532],[-55.061,-22.531],[-55.059,-22.526],[-55.054,-22.524],[-55.051,-22.519],[-55.047,-22.504],[-55.044,-22.502],[-55.037,-22.502],[-55.032,-22.504],[-55.026,-22.504],[-55.017,-22.492],[-55.016,-22.487],[-55.014,-22.484],[-55.013,-22.479],[-55.001,-22.472],[-54.995,-22.466],[-54.994,-22.462],[-54.986,-22.452],[-54.98,-22.44],[-54.982,-22.433],[-54.977,-22.425],[-54.976,-22.42],[-54.972,-22.415],[-54.97,-22.406],[-54.967,-22.402],[-54.965,-22.394],[-54.965,-22.383],[-54.966,-22.377],[-54.964,-22.373],[-54.964,-22.364]]]}},{"type":"Feature","properties":{"c":"5002605"},"geometry":{"type":"Polygon","coordinates":[[[-54.431,-19.553],[-54.432,-19.547],[-54.436,-19.541],[-54.437,-19.522],[-54.434,-19.515],[-54.43,-19.505],[-54.429,-19.501],[-54.432,-19.493],[-54.43,-19.476],[-54.422,-19.474],[-54.418,-19.471],[-54.4,-19.47],[-54.389,-19.46],[-54.388,-19.453],[-54.383,-19.451],[-54.383,-19.447],[-54.377,-19.445],[-54.376,-19.436],[-54.371,-19.426],[-54.377,-19.419],[-54.377,-19.415],[-54.367,-19.413],[-54.359,-19.419],[-54.354,-19.418],[-54.351,-19.415],[-54.352,-19.41],[-54.34,-19.416],[-54.336,-19.414],[-54.334,-19.417],[-54.329,-19.417],[-54.328,-19.413],[-54.329,-19.412],[-54.322,-19.409],[-54.317,-19.411],[-54.318,-19.324],[-54.314,-19.323],[-54.311,-19.319],[-54.306,-19.316],[-54.297,-19.313],[-54.293,-19.315],[-54.289,-19.314],[-54.283,-19.317],[-54.275,-19.313],[-54.274,-19.302],[-54.277,-19.298],[-54.275,-19.291],[-54.269,-19.283],[-54.263,-19.28],[-54.26,-19.28],[-54.26,-19.276],[-54.253,-19.271],[-54.254,-19.264],[-54.251,-19.258],[-54.24,-19.255],[-54.236,-19.251],[-54.23,-19.253],[-54.226,-19.251],[-54.215,-19.254],[-54.205,-19.252],[-54.208,-19.251],[-54.207,-19.246],[-54.208,-19.24],[-54.2,-19.241],[-54.2,-19.237],[-54.197,-19.236],[-54.2,-19.233],[-54.204,-19.231],[-54.205,-19.227],[-54.201,-19.225],[-54.202,-19.222],[-54.196,-19.222],[-54.193,-19.22],[-54.202,-19.211],[-54.207,-19.21],[-54.212,-19.211],[-54.212,-19.209],[-54.21,-19.204],[-54.209,-19.197],[-54.201,-19.196],[-54.199,-19.196],[-54.2,-19.192],[-54.209,-19.185],[-54.213,-19.188],[-54.219,-19.185],[-54.217,-19.181],[-54.211,-19.18],[-54.211,-19.176],[-54.208,-19.169],[-54.214,-19.161],[-54.22,-19.158],[-54.218,-19.155],[-54.219,-19.144],[-54.217,-19.141],[-54.216,-19.126],[-54.21,-19.124],[-54.207,-19.126],[-54.205,-19.122],[-54.21,-19.119],[-54.211,-19.121],[-54.213,-19.118],[-54.22,-19.118],[-54.226,-19.12],[-54.229,-19.118],[-54.235,-19.115],[-54.238,-19.114],[-54.242,-19.109],[-54.242,-19.105],[-54.236,-19.104],[-54.233,-19.101],[-54.232,-19.095],[-54.232,-19.087],[-54.238,-19.086],[-54.251,-19.078],[-54.253,-19.079],[-54.255,-19.074],[-54.247,-19.068],[-54.245,-19.063],[-54.245,-19.056],[-54.242,-19.052],[-54.248,-19.047],[-54.257,-19.044],[-54.258,-19.04],[-54.255,-19.038],[-54.245,-19.034],[-54.24,-19.036],[-54.235,-19.033],[-54.233,-19.035],[-54.234,-19.038],[-54.231,-19.04],[-54.228,-19.038],[-54.225,-19.043],[-54.223,-19.043],[-54.222,-19.038],[-54.218,-19.04],[-54.215,-19.046],[-54.205,-19.047],[-54.204,-19.043],[-54.207,-19.038],[-54.202,-19.036],[-54.203,-19.031],[-54.197,-19.025],[-54.19,-19.025],[-54.186,-19.023],[-54.183,-19.021],[-54.179,-19.023],[-54.172,-19.025],[-54.167,-19.023],[-54.162,-19.02],[-54.16,-19.016],[-54.156,-19.018],[-54.153,-19.016],[-54.145,-19.019],[-54.135,-19.019],[-54.129,-19.02],[-54.125,-19.02],[-54.125,-19.026],[-54.123,-19.029],[-54.124,-19.033],[-54.116,-19.041],[-54.114,-19.041],[-54.114,-19.047],[-54.112,-19.053],[-54.108,-19.056],[-54.106,-19.054],[-54.101,-19.064],[-54.093,-19.065],[-54.089,-19.068],[-54.084,-19.067],[-54.075,-19.073],[-54.072,-19.08],[-54.069,-19.081],[-54.068,-19.086],[-54.064,-19.09],[-54.058,-19.09],[-54.062,-19.095],[-54.058,-19.102],[-54.053,-19.1],[-54.049,-19.101],[-54.045,-19.098],[-54.039,-19.099],[-54.034,-19.097],[-54.026,-19.102],[-54.02,-19.099],[-54.018,-19.095],[-54.014,-19.091],[-54.011,-19.092],[-54.003,-19.087],[-54.004,-19.084],[-53.999,-19.083],[-53.993,-19.079],[-53.992,-19.077],[-53.983,-19.075],[-53.985,-19.07],[-53.983,-19.068],[-53.986,-19.063],[-53.985,-19.06],[-53.982,-19.06],[-53.982,-19.057],[-53.985,-19.054],[-53.986,-19.047],[-53.988,-19.044],[-53.986,-19.041],[-53.984,-19.045],[-53.98,-19.045],[-53.981,-19.034],[-53.978,-19.028],[-53.975,-19.027],[-53.978,-19.02],[-53.972,-19.016],[-53.973,-19.014],[-53.966,-19.017],[-53.964,-19.015],[-53.96,-19.016],[-53.958,-19.01],[-53.959,-19.006],[-53.952,-19.003],[-53.947,-19.006],[-53.941,-19.003],[-53.932,-19.006],[-53.928,-19.006],[-53.926,-19.01],[-53.92,-19.007],[-53.917,-19.009],[-53.913,-19.006],[-53.91,-19.011],[-53.907,-19.013],[-53.902,-19.011],[-53.895,-19.012],[-53.892,-19.009],[-53.887,-19.008],[-53.883,-19.005],[-53.868,-19.002],[-53.865,-19.005],[-53.86,-19.006],[-53.855,-19.004],[-53.846,-19.004],[-53.839,-19.001],[-53.83,-18.997],[-53.816,-18.998],[-53.81,-19.0],[-53.806,-19.004],[-53.792,-19.009],[-53.785,-19.008],[-53.78,-19.009],[-53.775,-19.009],[-53.764,-19.004],[-53.761,-19.005],[-53.753,-18.999],[-53.747,-18.997],[-53.744,-18.994],[-53.74,-18.994],[-53.737,-18.991],[-53.731,-18.989],[-53.726,-18.977],[-53.716,-18.977],[-53.707,-18.969],[-53.702,-18.96],[-53.707,-18.995],[-53.701,-18.997],[-53.697,-19.0],[-53.692,-19.0],[-53.687,-19.002],[-53.676,-18.999],[-53.67,-18.996],[-53.665,-18.99],[-53.659,-18.986],[-53.648,-18.985],[-53.641,-18.983],[-53.639,-18.986],[-53.637,-18.984],[-53.63,-18.983],[-53.628,-18.981],[-53.619,-18.977],[-53.614,-18.974],[-53.611,-18.973],[-53.603,-18.976],[-53.595,-18.972],[-53.594,-18.969],[-53.589,-18.962],[-53.58,-18.956],[-53.579,-18.949],[-53.572,-18.938],[-53.567,-18.934],[-53.563,-18.928],[-53.553,-18.929],[-53.546,-18.925],[-53.542,-18.921],[-53.535,-18.919],[-53.529,-18.911],[-53.522,-18.908],[-53.505,-18.905],[-53.502,-18.903],[-53.499,-18.899],[-53.493,-18.896],[-53.49,-18.85],[-53.481,-18.86],[-53.475,-18.863],[-53.468,-18.869],[-53.463,-18.875],[-53.459,-18.884],[-53.456,-18.894],[-53.453,-18.897],[-53.449,-18.897],[-53.441,-18.896],[-53.437,-18.896],[-53.428,-18.905],[-53.421,-18.908],[-53.415,-18.915],[-53.411,-18.928],[-53.406,-18.936],[-53.401,-18.941],[-53.396,-18.943],[-53.388,-18.943],[-53.382,-18.944],[-53.383,-18.957],[-53.387,-18.981],[-53.396,-18.993],[-53.398,-18.998],[-53.399,-19.004],[-53.402,-19.006],[-53.369,-19.021],[-53.34,-19.05],[-53.349,-19.055],[-53.354,-19.063],[-53.363,-19.065],[-53.377,-19.074],[-53.386,-19.076],[-53.393,-19.079],[-53.397,-19.083],[-53.403,-19.098],[-53.405,-19.101],[-53.412,-19.103],[-53.416,-19.109],[-53.423,-19.113],[-53.423,-19.121],[-53.425,-19.127],[-53.423,-19.135],[-53.428,-19.142],[-53.429,-19.15],[-53.429,-19.159],[-53.43,-19.163],[-53.439,-19.171],[-53.441,-19.177],[-53.449,-19.179],[-53.457,-19.182],[-53.462,-19.182],[-53.469,-19.185],[-53.474,-19.185],[-53.487,-19.186],[-53.495,-19.184],[-53.502,-19.184],[-53.509,-19.182],[-53.519,-19.181],[-53.526,-19.184],[-53.531,-19.183],[-53.541,-19.186],[-53.553,-19.184],[-53.559,-19.186],[-53.571,-19.186],[-53.576,-19.187],[-53.579,-19.185],[-53.595,-19.181],[-53.597,-19.183],[-53.602,-19.18],[-53.608,-19.184],[-53.608,-19.188],[-53.611,-19.193],[-53.608,-19.194],[-53.61,-19.197],[-53.609,-19.203],[-53.61,-19.21],[-53.609,-19.215],[-53.616,-19.224],[-53.615,-19.232],[-53.612,-19.237],[-53.615,-19.238],[-53.622,-19.251],[-53.622,-19.255],[-53.63,-19.26],[-53.635,-19.261],[-53.638,-19.267],[-53.635,-19.27],[-53.628,-19.276],[-53.627,-19.279],[-53.622,-19.284],[-53.616,-19.286],[-53.617,-19.29],[-53.621,-19.292],[-53.613,-19.297],[-53.607,-19.303],[-53.606,-19.307],[-53.609,-19.31],[-53.604,-19.32],[-53.604,-19.322],[-53.603,-19.33],[-53.598,-19.33],[-53.598,-19.336],[-53.594,-19.34],[-53.59,-19.348],[-53.58,-19.353],[-53.578,-19.358],[-53.58,-19.362],[-53.577,-19.365],[-53.58,-19.367],[-53.579,-19.371],[-53.574,-19.373],[-53.571,-19.378],[-53.568,-19.391],[-53.564,-19.396],[-53.566,-19.4],[-53.564,-19.407],[-53.561,-19.412],[-53.563,-19.415],[-53.562,-19.42],[-53.56,-19.421],[-53.554,-19.43],[-53.557,-19.433],[-53.555,-19.435],[-53.554,-19.442],[-53.548,-19.447],[-53.55,-19.449],[-53.549,-19.453],[-53.553,-19.454],[-53.556,-19.459],[-53.551,-19.462],[-53.551,-19.467],[-53.547,-19.474],[-53.539,-19.476],[-53.537,-19.483],[-53.534,-19.483],[-53.532,-19.488],[-53.529,-19.494],[-53.53,-19.497],[-53.526,-19.505],[-53.529,-19.507],[-53.526,-19.511],[-53.527,-19.515],[-53.519,-19.519],[-53.521,-19.523],[-53.519,-19.529],[-53.515,-19.534],[-53.515,-19.54],[-53.509,-19.542],[-53.506,-19.541],[-53.499,-19.546],[-53.504,-19.551],[-53.497,-19.556],[-53.502,-19.559],[-53.502,-19.564],[-53.504,-19.568],[-53.495,-19.576],[-53.496,-19.58],[-53.486,-19.587],[-53.482,-19.59],[-53.485,-19.594],[-53.482,-19.596],[-53.481,-19.6],[-53.477,-19.603],[-53.478,-19.604],[-53.477,-19.612],[-53.475,-19.616],[-53.48,-19.619],[-53.478,-19.624],[-53.482,-19.632],[-53.479,-19.637],[-53.485,-19.634],[-53.489,-19.636],[-53.488,-19.64],[-53.481,-19.644],[-53.483,-19.646],[-53.487,-19.647],[-53.485,-19.656],[-53.494,-19.659],[-53.494,-19.664],[-53.491,-19.664],[-53.488,-19.667],[-53.49,-19.67],[-53.495,-19.672],[-53.489,-19.678],[-53.492,-19.682],[-53.49,-19.685],[-53.485,-19.687],[-53.488,-19.69],[-53.487,-19.692],[-53.468,-19.697],[-53.462,-19.706],[-53.464,-19.708],[-53.46,-19.719],[-53.46,-19.723],[-53.463,-19.724],[-53.463,-19.729],[-53.459,-19.73],[-53.45,-19.735],[-53.452,-19.74],[-53.449,-19.747],[-53.445,-19.748],[-53.445,-19.754],[-53.443,-19.758],[-53.44,-19.76],[-53.435,-19.765],[-53.434,-19.773],[-53.431,-19.779],[-53.429,-19.78],[-53.425,-19.785],[-53.426,-19.788],[-53.432,-19.79],[-53.436,-19.79],[-53.446,-19.792],[-53.451,-19.797],[-53.455,-19.798],[-53.471,-19.788],[-53.476,-19.791],[-53.481,-19.792],[-53.486,-19.794],[-53.494,-19.794],[-53.501,-19.791],[-53.504,-19.792],[-53.513,-19.791],[-53.514,-19.785],[-53.522,-19.782],[-53.532,-19.782],[-53.539,-19.784],[-53.54,-19.783],[-53.551,-19.785],[-53.56,-19.782],[-53.563,-19.784],[-53.564,-19.782],[-53.571,-19.78],[-53.578,-19.776],[-53.58,-19.771],[-53.585,-19.772],[-53.588,-19.77],[-53.592,-19.771],[-53.601,-19.77],[-53.607,-19.764],[-53.615,-19.759],[-53.618,-19.75],[-53.625,-19.744],[-53.634,-19.74],[-53.639,-19.733],[-53.639,-19.729],[-53.641,-19.721],[-53.645,-19.716],[-53.649,-19.708],[-53.657,-19.707],[-53.666,-19.697],[-53.675,-19.696],[-53.688,-19.69],[-53.69,-19.688],[-53.698,-19.685],[-53.701,-19.685],[-53.711,-19.68],[-53.714,-19.673],[-53.719,-19.666],[-53.724,-19.663],[-53.73,-19.66],[-53.739,-19.654],[-53.747,-19.645],[-53.751,-19.644],[-53.755,-19.64],[-53.762,-19.637],[-53.774,-19.621],[-53.783,-19.617],[-53.786,-19.611],[-53.787,-19.603],[-53.791,-19.591],[-53.795,-19.581],[-53.798,-19.577],[-53.806,-19.568],[-53.81,-19.567],[-53.814,-19.56],[-53.822,-19.551],[-53.831,-19.545],[-53.836,-19.54],[-53.846,-19.533],[-53.853,-19.531],[-53.863,-19.53],[-53.904,-19.702],[-53.909,-19.707],[-53.916,-19.707],[-53.919,-19.709],[-53.922,-19.709],[-53.924,-19.714],[-53.928,-19.714],[-53.936,-19.711],[-53.939,-19.711],[-53.947,-19.708],[-53.953,-19.711],[-53.956,-19.71],[-53.961,-19.718],[-53.964,-19.718],[-53.966,-19.722],[-53.97,-19.723],[-53.976,-19.72],[-53.979,-19.722],[-53.985,-19.721],[-53.988,-19.723],[-53.989,-19.714],[-53.994,-19.707],[-53.999,-19.703],[-53.998,-19.696],[-53.993,-19.693],[-53.993,-19.686],[-53.998,-19.678],[-54.006,-19.672],[-54.011,-19.665],[-54.013,-19.659],[-54.016,-19.656],[-54.019,-19.646],[-54.016,-19.639],[-54.021,-19.633],[-54.028,-19.634],[-54.031,-19.632],[-54.04,-19.632],[-54.053,-19.634],[-54.056,-19.635],[-54.065,-19.634],[-54.072,-19.642],[-54.08,-19.646],[-54.082,-19.648],[-54.085,-19.647],[-54.089,-19.654],[-54.096,-19.657],[-54.095,-19.66],[-54.102,-19.662],[-54.115,-19.664],[-54.124,-19.658],[-54.128,-19.661],[-54.131,-19.66],[-54.133,-19.655],[-54.136,-19.653],[-54.144,-19.651],[-54.149,-19.646],[-54.154,-19.641],[-54.159,-19.639],[-54.166,-19.633],[-54.171,-19.627],[-54.179,-19.625],[-54.183,-19.621],[-54.194,-19.618],[-54.2,-19.615],[-54.209,-19.613],[-54.216,-19.615],[-54.227,-19.619],[-54.239,-19.621],[-54.25,-19.621],[-54.261,-19.616],[-54.282,-19.62],[-54.286,-19.622],[-54.305,-19.618],[-54.309,-19.617],[-54.318,-19.615],[-54.329,-19.612],[-54.339,-19.611],[-54.343,-19.609],[-54.348,-19.603],[-54.358,-19.599],[-54.363,-19.598],[-54.372,-19.6],[-54.389,-19.598],[-54.394,-19.593],[-54.399,-19.596],[-54.407,-19.584],[-54.421,-19.568],[-54.431,-19.553]]]}},{"type":"Feature","properties":{"c":"5002704"},"geometry":{"type":"Polygon","coordinates":[[[-54.816,-20.741],[-54.827,-20.741],[-54.837,-20.704],[-54.842,-20.688],[-54.837,-20.681],[-54.836,-20.678],[-54.814,-20.661],[-54.807,-20.658],[-54.797,-20.662],[-54.79,-20.646],[-54.788,-20.637],[-54.785,-20.631],[-54.777,-20.621],[-54.771,-20.619],[-54.767,-20.615],[-54.768,-20.61],[-54.773,-20.604],[-54.781,-20.598],[-54.788,-20.582],[-54.791,-20.573],[-54.797,-20.572],[-54.798,-20.558],[-54.794,-20.549],[-54.799,-20.528],[-54.8,-20.52],[-54.798,-20.51],[-54.792,-20.503],[-54.787,-20.499],[-54.776,-20.487],[-54.765,-20.482],[-54.763,-20.481],[-54.763,-20.326],[-54.769,-20.32],[-54.769,-20.316],[-54.772,-20.317],[-54.78,-20.314],[-54.778,-20.306],[-54.789,-20.309],[-54.792,-20.311],[-54.803,-20.309],[-54.809,-20.302],[-54.816,-20.303],[-54.821,-20.299],[-54.816,-20.293],[-54.821,-20.291],[-54.82,-20.283],[-54.824,-20.283],[-54.831,-20.286],[-54.832,-20.283],[-54.844,-20.282],[-54.845,-20.278],[-54.852,-20.278],[-54.855,-20.281],[-54.857,-20.275],[-54.865,-20.275],[-54.87,-20.271],[-54.877,-20.27],[-54.88,-20.266],[-54.889,-20.268],[-54.891,-20.262],[-54.894,-20.262],[-54.893,-20.259],[-54.898,-20.254],[-54.901,-20.253],[-54.903,-20.249],[-54.908,-20.247],[-54.909,-20.248],[-54.916,-20.245],[-54.922,-20.248],[-54.923,-20.244],[-54.918,-20.244],[-54.92,-20.238],[-54.917,-20.234],[-54.917,-20.231],[-54.922,-20.231],[-54.922,-20.229],[-54.918,-20.223],[-54.919,-20.218],[-54.914,-20.213],[-54.913,-20.207],[-54.91,-20.205],[-54.903,-20.209],[-54.895,-20.204],[-54.887,-20.208],[-54.88,-20.207],[-54.879,-20.208],[-54.876,-20.206],[-54.872,-20.204],[-54.873,-20.201],[-54.867,-20.2],[-54.868,-20.198],[-54.862,-20.2],[-54.862,-20.193],[-54.858,-20.184],[-54.86,-20.183],[-54.857,-20.178],[-54.859,-20.177],[-54.858,-20.172],[-54.85,-20.169],[-54.848,-20.167],[-54.837,-20.173],[-54.834,-20.17],[-54.828,-20.169],[-54.823,-20.166],[-54.82,-20.167],[-54.816,-20.171],[-54.815,-20.174],[-54.812,-20.175],[-54.809,-20.173],[-54.803,-20.175],[-54.8,-20.171],[-54.789,-20.172],[-54.784,-20.174],[-54.782,-20.173],[-54.778,-20.182],[-54.775,-20.182],[-54.77,-20.191],[-54.766,-20.19],[-54.759,-20.191],[-54.754,-20.194],[-54.752,-20.193],[-54.747,-20.196],[-54.748,-20.198],[-54.743,-20.198],[-54.741,-20.202],[-54.739,-20.199],[-54.73,-20.199],[-54.728,-20.195],[-54.723,-20.196],[-54.723,-20.2],[-54.719,-20.204],[-54.714,-20.203],[-54.706,-20.203],[-54.703,-20.206],[-54.692,-20.211],[-54.69,-20.214],[-54.68,-20.217],[-54.676,-20.216],[-54.671,-20.223],[-54.668,-20.222],[-54.665,-20.225],[-54.661,-20.226],[-54.655,-20.233],[-54.651,-20.236],[-54.652,-20.24],[-54.649,-20.249],[-54.644,-20.253],[-54.637,-20.252],[-54.629,-20.253],[-54.626,-20.255],[-54.616,-20.258],[-54.612,-20.257],[-54.607,-20.251],[-54.539,-20.273],[-54.533,-20.276],[-54.531,-20.28],[-54.526,-20.283],[-54.517,-20.285],[-54.513,-20.3],[-54.514,-20.305],[-54.509,-20.315],[-54.504,-20.322],[-54.498,-20.333],[-54.496,-20.35],[-54.493,-20.357],[-54.493,-20.368],[-54.493,-20.376],[-54.49,-20.385],[-54.491,-20.391],[-54.486,-20.391],[-54.48,-20.394],[-54.473,-20.393],[-54.471,-20.395],[-54.46,-20.397],[-54.45,-20.396],[-54.445,-20.397],[-54.441,-20.4],[-54.438,-20.406],[-54.431,-20.407],[-54.427,-20.41],[-54.423,-20.417],[-54.42,-20.418],[-54.416,-20.423],[-54.412,-20.421],[-54.408,-20.424],[-54.403,-20.424],[-54.397,-20.426],[-54.394,-20.425],[-54.39,-20.427],[-54.387,-20.43],[-54.376,-20.438],[-54.375,-20.447],[-54.37,-20.448],[-54.369,-20.454],[-54.365,-20.455],[-54.359,-20.463],[-54.356,-20.463],[-54.356,-20.466],[-54.348,-20.468],[-54.35,-20.469],[-54.346,-20.47],[-54.345,-20.473],[-54.337,-20.478],[-54.323,-20.477],[-54.316,-20.479],[-54.313,-20.481],[-54.309,-20.479],[-54.303,-20.48],[-54.296,-20.488],[-54.295,-20.493],[-54.291,-20.491],[-54.285,-20.493],[-54.279,-20.49],[-54.273,-20.491],[-54.271,-20.493],[-54.267,-20.492],[-54.267,-20.495],[-54.259,-20.495],[-54.251,-20.493],[-54.247,-20.491],[-54.243,-20.494],[-54.239,-20.489],[-54.241,-20.487],[-54.233,-20.487],[-54.233,-20.484],[-54.225,-20.485],[-54.222,-20.487],[-54.221,-20.483],[-54.222,-20.479],[-54.218,-20.477],[-54.218,-20.482],[-54.211,-20.482],[-54.21,-20.477],[-54.203,-20.48],[-54.202,-20.476],[-54.2,-20.478],[-54.196,-20.472],[-54.189,-20.469],[-54.189,-20.465],[-54.186,-20.465],[-54.183,-20.467],[-54.183,-20.473],[-54.183,-20.485],[-54.183,-20.49],[-54.186,-20.5],[-54.186,-20.51],[-54.191,-20.518],[-54.191,-20.522],[-54.192,-20.53],[-54.195,-20.536],[-54.195,-20.541],[-54.193,-20.548],[-54.193,-20.559],[-54.188,-20.567],[-54.183,-20.577],[-54.182,-20.585],[-54.183,-20.591],[-54.178,-20.596],[-54.178,-20.603],[-54.181,-20.609],[-54.183,-20.62],[-54.185,-20.626],[-54.19,-20.634],[-54.193,-20.637],[-54.196,-20.648],[-54.196,-20.657],[-54.2,-20.66],[-54.207,-20.673],[-54.206,-20.678],[-54.202,-20.711],[-54.197,-20.709],[-54.185,-20.717],[-54.175,-20.725],[-54.177,-20.729],[-54.176,-20.735],[-54.173,-20.74],[-54.173,-20.751],[-54.169,-20.754],[-54.165,-20.755],[-54.158,-20.772],[-54.156,-20.774],[-54.149,-20.777],[-54.146,-20.78],[-54.136,-20.783],[-54.128,-20.788],[-54.118,-20.787],[-54.111,-20.785],[-54.107,-20.788],[-54.103,-20.794],[-54.098,-20.795],[-54.092,-20.798],[-54.089,-20.807],[-54.086,-20.81],[-54.079,-20.816],[-54.077,-20.821],[-54.073,-20.829],[-54.064,-20.837],[-54.053,-20.841],[-54.051,-20.843],[-54.048,-20.843],[-54.044,-20.846],[-54.035,-20.848],[-54.034,-20.85],[-54.029,-20.852],[-54.023,-20.855],[-54.02,-20.864],[-54.021,-20.872],[-54.017,-20.881],[-54.011,-20.89],[-54.006,-20.892],[-54.005,-20.898],[-54.007,-20.902],[-54.005,-20.909],[-54.005,-20.919],[-54.005,-20.923],[-53.997,-20.928],[-53.991,-20.929],[-53.986,-20.934],[-53.985,-20.939],[-53.983,-20.942],[-53.974,-20.95],[-53.969,-20.956],[-53.963,-20.957],[-53.96,-20.959],[-53.952,-20.96],[-53.949,-20.958],[-53.947,-20.96],[-53.942,-20.957],[-53.93,-20.959],[-53.916,-20.958],[-53.912,-20.961],[-53.908,-20.958],[-53.909,-20.962],[-53.9,-20.968],[-53.896,-20.973],[-53.892,-20.976],[-53.889,-20.976],[-53.887,-20.98],[-53.876,-20.983],[-53.868,-20.981],[-53.862,-20.984],[-53.856,-20.99],[-53.857,-20.996],[-53.855,-21.0],[-53.852,-21.0],[-53.853,-21.003],[-53.847,-21.008],[-53.849,-21.013],[-53.844,-21.017],[-53.85,-21.019],[-53.85,-21.026],[-53.846,-21.031],[-53.846,-21.036],[-53.85,-21.041],[-53.847,-21.042],[-53.848,-21.044],[-53.842,-21.046],[-53.836,-21.05],[-53.836,-21.053],[-53.828,-21.051],[-53.826,-21.056],[-53.824,-21.054],[-53.822,-21.058],[-53.822,-21.062],[-53.818,-21.063],[-53.819,-21.066],[-53.815,-21.065],[-53.81,-21.071],[-53.808,-21.07],[-53.804,-21.074],[-53.802,-21.074],[-53.797,-21.071],[-53.79,-21.07],[-53.779,-21.072],[-53.777,-21.075],[-53.775,-21.074],[-53.768,-21.076],[-53.765,-21.081],[-53.761,-21.079],[-53.757,-21.084],[-53.759,-21.091],[-53.753,-21.094],[-53.751,-21.101],[-53.752,-21.103],[-53.747,-21.1],[-53.736,-21.107],[-53.739,-21.111],[-53.739,-21.117],[-53.733,-21.124],[-53.734,-21.127],[-53.731,-21.128],[-53.727,-21.132],[-53.728,-21.134],[-53.726,-21.138],[-53.727,-21.142],[-53.726,-21.146],[-53.717,-21.151],[-53.717,-21.153],[-53.706,-21.156],[-53.704,-21.165],[-53.697,-21.17],[-53.697,-21.173],[-53.692,-21.174],[-53.69,-21.177],[-53.687,-21.176],[-53.683,-21.189],[-53.684,-21.197],[-53.686,-21.203],[-53.683,-21.205],[-53.684,-21.219],[-53.681,-21.223],[-53.683,-21.224],[-53.681,-21.229],[-53.677,-21.229],[-53.68,-21.236],[-53.678,-21.241],[-53.674,-21.242],[-53.673,-21.247],[-53.67,-21.253],[-53.672,-21.255],[-53.67,-21.26],[-53.667,-21.259],[-53.663,-21.265],[-53.666,-21.268],[-53.661,-21.269],[-53.663,-21.271],[-53.66,-21.273],[-53.661,-21.278],[-53.654,-21.282],[-53.654,-21.286],[-53.648,-21.289],[-53.648,-21.297],[-53.642,-21.302],[-53.643,-21.307],[-53.64,-21.311],[-53.641,-21.315],[-53.638,-21.316],[-53.638,-21.322],[-53.64,-21.322],[-53.64,-21.329],[-53.633,-21.331],[-53.636,-21.332],[-53.638,-21.337],[-53.637,-21.34],[-53.633,-21.341],[-53.633,-21.343],[-53.63,-21.344],[-53.628,-21.349],[-53.628,-21.354],[-53.626,-21.355],[-53.624,-21.361],[-53.617,-21.363],[-53.617,-21.369],[-53.619,-21.374],[-53.617,-21.376],[-53.621,-21.382],[-53.618,-21.384],[-53.616,-21.381],[-53.613,-21.385],[-53.618,-21.393],[-53.615,-21.395],[-53.62,-21.4],[-53.618,-21.407],[-53.623,-21.411],[-53.62,-21.415],[-53.618,-21.415],[-53.619,-21.421],[-53.621,-21.42],[-53.628,-21.423],[-53.625,-21.43],[-53.631,-21.434],[-53.629,-21.437],[-53.628,-21.434],[-53.625,-21.435],[-53.626,-21.442],[-53.63,-21.446],[-53.636,-21.447],[-53.636,-21.453],[-53.639,-21.458],[-53.633,-21.46],[-53.635,-21.463],[-53.638,-21.461],[-53.638,-21.468],[-53.636,-21.469],[-53.63,-21.469],[-53.622,-21.471],[-53.615,-21.476],[-53.613,-21.479],[-53.615,-21.481],[-53.619,-21.482],[-53.614,-21.484],[-53.614,-21.494],[-53.608,-21.497],[-53.611,-21.499],[-53.607,-21.502],[-53.61,-21.508],[-53.609,-21.514],[-53.611,-21.518],[-53.617,-21.519],[-53.618,-21.521],[-53.613,-21.521],[-53.617,-21.525],[-53.616,-21.527],[-53.613,-21.525],[-53.612,-21.53],[-53.608,-21.53],[-53.604,-21.535],[-53.608,-21.538],[-53.605,-21.544],[-53.611,-21.548],[-53.609,-21.552],[-53.601,-21.553],[-53.6,-21.554],[-53.603,-21.56],[-53.608,-21.561],[-53.609,-21.566],[-53.615,-21.562],[-53.614,-21.565],[-53.616,-21.568],[-53.62,-21.568],[-53.617,-21.57],[-53.62,-21.574],[-53.625,-21.573],[-53.627,-21.57],[-53.629,-21.571],[-53.628,-21.575],[-53.639,-21.58],[-53.642,-21.578],[-53.644,-21.566],[-53.641,-21.564],[-53.645,-21.561],[-53.652,-21.565],[-53.659,-21.558],[-53.665,-21.558],[-53.67,-21.56],[-53.674,-21.558],[-53.675,-21.555],[-53.671,-21.556],[-53.668,-21.555],[-53.669,-21.553],[-53.675,-21.552],[-53.684,-21.555],[-53.689,-21.556],[-53.696,-21.557],[-53.7,-21.564],[-53.699,-21.569],[-53.695,-21.575],[-53.699,-21.575],[-53.699,-21.58],[-53.702,-21.577],[-53.7,-21.572],[-53.702,-21.568],[-53.705,-21.566],[-53.717,-21.571],[-53.725,-21.57],[-53.726,-21.574],[-53.72,-21.574],[-53.718,-21.577],[-53.72,-21.581],[-53.723,-21.578],[-53.729,-21.579],[-53.736,-21.581],[-53.736,-21.585],[-53.741,-21.584],[-53.745,-21.579],[-53.738,-21.574],[-53.74,-21.569],[-53.744,-21.568],[-53.746,-21.57],[-53.758,-21.571],[-53.758,-21.578],[-53.761,-21.58],[-53.764,-21.577],[-53.763,-21.573],[-53.769,-21.57],[-53.77,-21.567],[-53.767,-21.566],[-53.77,-21.563],[-53.766,-21.56],[-53.77,-21.558],[-53.773,-21.56],[-53.771,-21.566],[-53.773,-21.568],[-53.779,-21.567],[-53.784,-21.565],[-53.784,-21.569],[-53.794,-21.567],[-53.796,-21.568],[-53.799,-21.564],[-53.805,-21.563],[-53.807,-21.56],[-53.813,-21.559],[-53.814,-21.552],[-53.818,-21.548],[-53.823,-21.547],[-53.82,-21.545],[-53.824,-21.545],[-53.827,-21.546],[-53.824,-21.549],[-53.827,-21.557],[-53.832,-21.558],[-53.837,-21.553],[-53.839,-21.555],[-53.84,-21.561],[-53.846,-21.563],[-53.848,-21.567],[-53.853,-21.564],[-53.859,-21.564],[-53.867,-21.561],[-53.87,-21.564],[-53.876,-21.564],[-53.874,-21.56],[-53.875,-21.559],[-53.882,-21.561],[-53.883,-21.558],[-53.886,-21.555],[-53.892,-21.556],[-53.9,-21.55],[-53.905,-21.548],[-53.909,-21.55],[-53.915,-21.546],[-53.92,-21.545],[-53.923,-21.541],[-53.926,-21.542],[-53.936,-21.541],[-53.94,-21.546],[-53.951,-21.543],[-53.954,-21.539],[-53.96,-21.542],[-53.962,-21.541],[-53.965,-21.533],[-53.973,-21.534],[-53.973,-21.538],[-53.98,-21.538],[-53.983,-21.533],[-53.983,-21.53],[-53.985,-21.524],[-53.989,-21.52],[-53.993,-21.52],[-53.994,-21.515],[-53.998,-21.512],[-54.006,-21.513],[-54.011,-21.509],[-54.01,-21.506],[-54.007,-21.503],[-54.01,-21.495],[-54.01,-21.501],[-54.013,-21.502],[-54.018,-21.497],[-54.024,-21.492],[-54.024,-21.489],[-54.036,-21.486],[-54.038,-21.48],[-54.037,-21.477],[-54.04,-21.474],[-54.044,-21.475],[-54.046,-21.468],[-54.052,-21.469],[-54.055,-21.466],[-54.061,-21.469],[-54.066,-21.468],[-54.063,-21.46],[-54.067,-21.454],[-54.07,-21.454],[-54.076,-21.45],[-54.082,-21.454],[-54.086,-21.45],[-54.083,-21.444],[-54.088,-21.441],[-54.095,-21.438],[-54.101,-21.439],[-54.101,-21.433],[-54.105,-21.429],[-54.106,-21.426],[-54.103,-21.424],[-54.102,-21.42],[-54.103,-21.418],[-54.109,-21.418],[-54.111,-21.415],[-54.107,-21.408],[-54.111,-21.407],[-54.117,-21.404],[-54.121,-21.407],[-54.122,-21.405],[-54.126,-21.405],[-54.131,-21.401],[-54.129,-21.397],[-54.142,-21.386],[-54.147,-21.379],[-54.148,-21.374],[-54.15,-21.372],[-54.157,-21.365],[-54.162,-21.363],[-54.169,-21.356],[-54.172,-21.355],[-54.17,-21.352],[-54.172,-21.349],[-54.18,-21.348],[-54.182,-21.344],[-54.188,-21.346],[-54.186,-21.34],[-54.195,-21.34],[-54.199,-21.335],[-54.202,-21.326],[-54.204,-21.319],[-54.203,-21.315],[-54.207,-21.316],[-54.209,-21.314],[-54.207,-21.311],[-54.206,-21.305],[-54.201,-21.299],[-54.207,-21.298],[-54.209,-21.3],[-54.212,-21.299],[-54.221,-21.298],[-54.221,-21.296],[-54.215,-21.29],[-54.216,-21.286],[-54.221,-21.286],[-54.229,-21.291],[-54.234,-21.292],[-54.235,-21.29],[-54.233,-21.285],[-54.237,-21.281],[-54.239,-21.272],[-54.238,-21.269],[-54.234,-21.267],[-54.234,-21.271],[-54.226,-21.273],[-54.223,-21.262],[-54.228,-21.255],[-54.23,-21.256],[-54.233,-21.263],[-54.238,-21.26],[-54.247,-21.256],[-54.249,-21.258],[-54.253,-21.256],[-54.254,-21.254],[-54.25,-21.249],[-54.251,-21.245],[-54.257,-21.243],[-54.259,-21.236],[-54.262,-21.237],[-54.262,-21.241],[-54.264,-21.244],[-54.273,-21.238],[-54.273,-21.236],[-54.266,-21.235],[-54.267,-21.228],[-54.261,-21.222],[-54.262,-21.214],[-54.26,-21.21],[-54.26,-21.205],[-54.263,-21.202],[-54.268,-21.203],[-54.271,-21.198],[-54.274,-21.196],[-54.272,-21.192],[-54.272,-21.188],[-54.267,-21.184],[-54.272,-21.183],[-54.275,-21.179],[-54.279,-21.175],[-54.284,-21.177],[-54.288,-21.173],[-54.296,-21.174],[-54.306,-21.166],[-54.305,-21.161],[-54.301,-21.16],[-54.298,-21.164],[-54.291,-21.157],[-54.298,-21.155],[-54.298,-21.153],[-54.294,-21.149],[-54.292,-21.141],[-54.295,-21.139],[-54.299,-21.139],[-54.301,-21.135],[-54.305,-21.135],[-54.307,-21.132],[-54.311,-21.129],[-54.317,-21.132],[-54.324,-21.126],[-54.328,-21.117],[-54.331,-21.115],[-54.337,-21.121],[-54.341,-21.116],[-54.344,-21.115],[-54.345,-21.109],[-54.341,-21.108],[-54.347,-21.103],[-54.348,-21.107],[-54.353,-21.106],[-54.355,-21.102],[-54.359,-21.104],[-54.37,-21.102],[-54.371,-21.106],[-54.377,-21.106],[-54.378,-21.102],[-54.382,-21.1],[-54.383,-21.089],[-54.388,-21.089],[-54.388,-21.085],[-54.392,-21.082],[-54.392,-21.075],[-54.389,-21.071],[-54.394,-21.07],[-54.396,-21.065],[-54.393,-21.062],[-54.395,-21.06],[-54.399,-21.062],[-54.404,-21.059],[-54.404,-21.056],[-54.41,-21.051],[-54.416,-21.053],[-54.418,-21.05],[-54.413,-21.047],[-54.408,-21.042],[-54.413,-21.039],[-54.422,-21.038],[-54.421,-21.036],[-54.425,-21.036],[-54.431,-21.034],[-54.425,-21.028],[-54.429,-21.023],[-54.433,-21.022],[-54.437,-21.024],[-54.445,-21.023],[-54.45,-21.024],[-54.453,-21.023],[-54.453,-21.018],[-54.458,-21.015],[-54.461,-21.017],[-54.463,-21.009],[-54.471,-21.01],[-54.48,-21.006],[-54.486,-21.005],[-54.487,-21.003],[-54.492,-21.004],[-54.498,-20.994],[-54.507,-20.994],[-54.517,-20.998],[-54.519,-20.996],[-54.52,-20.986],[-54.516,-20.983],[-54.517,-20.979],[-54.523,-20.978],[-54.529,-20.972],[-54.526,-20.965],[-54.529,-20.96],[-54.528,-20.958],[-54.534,-20.959],[-54.538,-20.967],[-54.541,-20.962],[-54.55,-20.96],[-54.551,-20.955],[-54.56,-20.95],[-54.566,-20.95],[-54.568,-20.945],[-54.572,-20.943],[-54.577,-20.936],[-54.58,-20.928],[-54.583,-20.926],[-54.59,-20.926],[-54.589,-20.92],[-54.592,-20.918],[-54.597,-20.917],[-54.6,-20.919],[-54.605,-20.917],[-54.601,-20.913],[-54.603,-20.908],[-54.602,-20.905],[-54.606,-20.903],[-54.613,-20.903],[-54.615,-20.906],[-54.622,-20.91],[-54.631,-20.909],[-54.637,-20.906],[-54.635,-20.9],[-54.639,-20.896],[-54.636,-20.892],[-54.637,-20.889],[-54.642,-20.89],[-54.644,-20.894],[-54.653,-20.893],[-54.657,-20.891],[-54.661,-20.892],[-54.663,-20.889],[-54.674,-20.887],[-54.671,-20.89],[-54.672,-20.892],[-54.676,-20.892],[-54.684,-20.888],[-54.683,-20.882],[-54.683,-20.879],[-54.677,-20.877],[-54.674,-20.87],[-54.677,-20.868],[-54.678,-20.873],[-54.681,-20.874],[-54.684,-20.872],[-54.683,-20.869],[-54.684,-20.865],[-54.688,-20.864],[-54.687,-20.86],[-54.694,-20.861],[-54.695,-20.858],[-54.692,-20.856],[-54.698,-20.849],[-54.693,-20.846],[-54.7,-20.839],[-54.702,-20.84],[-54.703,-20.835],[-54.696,-20.826],[-54.703,-20.829],[-54.709,-20.828],[-54.71,-20.824],[-54.705,-20.82],[-54.695,-20.817],[-54.699,-20.814],[-54.695,-20.809],[-54.7,-20.808],[-54.7,-20.804],[-54.702,-20.801],[-54.7,-20.798],[-54.696,-20.799],[-54.697,-20.796],[-54.704,-20.796],[-54.708,-20.793],[-54.708,-20.789],[-54.705,-20.785],[-54.7,-20.785],[-54.698,-20.78],[-54.699,-20.776],[-54.696,-20.773],[-54.698,-20.769],[-54.706,-20.767],[-54.705,-20.763],[-54.709,-20.759],[-54.707,-20.756],[-54.709,-20.754],[-54.713,-20.756],[-54.711,-20.751],[-54.715,-20.749],[-54.714,-20.746],[-54.721,-20.744],[-54.717,-20.741],[-54.719,-20.732],[-54.713,-20.731],[-54.713,-20.727],[-54.716,-20.727],[-54.724,-20.721],[-54.721,-20.718],[-54.722,-20.715],[-54.727,-20.711],[-54.732,-20.705],[-54.736,-20.703],[-54.743,-20.697],[-54.752,-20.692],[-54.761,-20.692],[-54.769,-20.694],[-54.772,-20.696],[-54.775,-20.701],[-54.785,-20.712],[-54.793,-20.718],[-54.795,-20.725],[-54.806,-20.736],[-54.81,-20.739],[-54.816,-20.741]]]}},{"type":"Feature","properties":{"c":"5002803"},"geometry":{"type":"Polygon","coordinates":[[[-57.05,-22.232],[-57.053,-22.232],[-57.059,-22.229],[-57.06,-22.232],[-57.059,-22.242],[-57.063,-22.244],[-57.069,-22.243],[-57.073,-22.246],[-57.077,-22.245],[-57.08,-22.246],[-57.079,-22.25],[-57.084,-22.251],[-57.089,-22.241],[-57.092,-22.243],[-57.093,-22.248],[-57.101,-22.249],[-57.105,-22.243],[-57.112,-22.242],[-57.109,-22.231],[-57.104,-22.228],[-57.111,-22.226],[-57.119,-22.23],[-57.125,-22.227],[-57.134,-22.226],[-57.139,-22.227],[-57.143,-22.231],[-57.148,-22.234],[-57.155,-22.23],[-57.156,-22.227],[-57.159,-22.227],[-57.16,-22.233],[-57.166,-22.232],[-57.166,-22.228],[-57.17,-22.229],[-57.169,-22.234],[-57.179,-22.233],[-57.18,-22.235],[-57.184,-22.236],[-57.184,-22.23],[-57.192,-22.223],[-57.193,-22.22],[-57.19,-22.219],[-57.195,-22.212],[-57.203,-22.212],[-57.204,-22.217],[-57.209,-22.221],[-57.21,-22.219],[-57.207,-22.216],[-57.208,-22.214],[-57.211,-22.217],[-57.215,-22.219],[-57.215,-22.222],[-57.212,-22.227],[-57.215,-22.227],[-57.215,-22.233],[-57.217,-22.234],[-57.218,-22.241],[-57.228,-22.244],[-57.238,-22.251],[-57.242,-22.25],[-57.248,-22.247],[-57.251,-22.241],[-57.256,-22.238],[-57.259,-22.239],[-57.269,-22.238],[-57.271,-22.235],[-57.27,-22.231],[-57.274,-22.231],[-57.275,-22.235],[-57.279,-22.233],[-57.277,-22.229],[-57.281,-22.226],[-57.285,-22.225],[-57.287,-22.221],[-57.289,-22.224],[-57.293,-22.223],[-57.292,-22.22],[-57.296,-22.219],[-57.297,-22.221],[-57.301,-22.222],[-57.304,-22.225],[-57.305,-22.23],[-57.31,-22.228],[-57.311,-22.233],[-57.315,-22.233],[-57.318,-22.238],[-57.314,-22.241],[-57.32,-22.246],[-57.326,-22.239],[-57.331,-22.237],[-57.33,-22.235],[-57.336,-22.235],[-57.335,-22.229],[-57.34,-22.231],[-57.344,-22.229],[-57.347,-22.232],[-57.351,-22.231],[-57.352,-22.229],[-57.359,-22.227],[-57.358,-22.231],[-57.362,-22.234],[-57.364,-22.231],[-57.365,-22.228],[-57.369,-22.228],[-57.37,-22.231],[-57.375,-22.232],[-57.376,-22.229],[-57.372,-22.226],[-57.377,-22.224],[-57.38,-22.227],[-57.381,-22.224],[-57.38,-22.217],[-57.378,-22.214],[-57.383,-22.208],[-57.387,-22.209],[-57.386,-22.204],[-57.389,-22.205],[-57.395,-22.209],[-57.398,-22.208],[-57.396,-22.204],[-57.398,-22.202],[-57.405,-22.2],[-57.408,-22.198],[-57.411,-22.199],[-57.414,-22.197],[-57.419,-22.197],[-57.424,-22.205],[-57.428,-22.203],[-57.425,-22.197],[-57.43,-22.196],[-57.432,-22.2],[-57.435,-22.2],[-57.439,-22.196],[-57.439,-22.193],[-57.445,-22.192],[-57.445,-22.188],[-57.454,-22.188],[-57.456,-22.192],[-57.453,-22.195],[-57.458,-22.195],[-57.458,-22.19],[-57.46,-22.187],[-57.463,-22.188],[-57.465,-22.193],[-57.467,-22.192],[-57.47,-22.187],[-57.473,-22.187],[-57.476,-22.19],[-57.48,-22.19],[-57.484,-22.192],[-57.491,-22.189],[-57.49,-22.186],[-57.493,-22.182],[-57.5,-22.186],[-57.503,-22.183],[-57.506,-22.185],[-57.51,-22.182],[-57.517,-22.174],[-57.51,-22.177],[-57.507,-22.174],[-57.506,-22.168],[-57.51,-22.168],[-57.506,-22.163],[-57.509,-22.161],[-57.508,-22.159],[-57.502,-22.159],[-57.501,-22.167],[-57.497,-22.168],[-57.493,-22.164],[-57.494,-22.16],[-57.498,-22.158],[-57.496,-22.155],[-57.488,-22.149],[-57.491,-22.14],[-57.487,-22.135],[-57.477,-22.131],[-57.469,-22.133],[-57.465,-22.131],[-57.468,-22.123],[-57.468,-22.119],[-57.465,-22.115],[-57.464,-22.109],[-57.454,-22.106],[-57.459,-22.099],[-57.457,-22.096],[-57.454,-22.096],[-57.455,-22.09],[-57.461,-22.088],[-57.461,-22.085],[-57.458,-22.08],[-57.453,-22.08],[-57.453,-22.082],[-57.449,-22.082],[-57.445,-22.078],[-57.448,-22.073],[-57.445,-22.069],[-57.441,-22.069],[-57.441,-22.072],[-57.438,-22.073],[-57.43,-22.069],[-57.431,-22.067],[-57.432,-22.058],[-57.426,-22.058],[-57.425,-22.055],[-57.42,-22.055],[-57.422,-22.05],[-57.42,-22.048],[-57.424,-22.045],[-57.421,-22.041],[-57.421,-22.035],[-57.417,-22.031],[-57.418,-22.027],[-57.414,-22.023],[-57.412,-22.018],[-57.41,-22.02],[-57.404,-22.013],[-57.401,-22.013],[-57.397,-22.004],[-57.391,-22.002],[-57.39,-22.0],[-57.378,-21.996],[-57.377,-21.989],[-57.386,-21.985],[-57.38,-21.976],[-57.378,-21.969],[-57.374,-21.968],[-57.367,-21.971],[-57.366,-21.968],[-57.362,-21.967],[-57.361,-21.962],[-57.357,-21.962],[-57.348,-21.964],[-57.345,-21.962],[-57.341,-21.963],[-57.333,-21.956],[-57.326,-21.954],[-57.329,-21.951],[-57.326,-21.95],[-57.326,-21.946],[-57.322,-21.947],[-57.321,-21.942],[-57.313,-21.942],[-57.31,-21.935],[-57.304,-21.93],[-57.303,-21.933],[-57.296,-21.937],[-57.291,-21.937],[-57.284,-21.94],[-57.281,-21.938],[-57.279,-21.94],[-57.276,-21.938],[-57.279,-21.935],[-57.27,-21.934],[-57.268,-21.938],[-57.264,-21.94],[-57.258,-21.936],[-57.255,-21.94],[-57.251,-21.94],[-57.252,-21.937],[-57.248,-21.939],[-57.249,-21.934],[-57.246,-21.934],[-57.247,-21.927],[-57.241,-21.92],[-57.235,-21.917],[-57.235,-21.915],[-57.232,-21.911],[-57.23,-21.912],[-57.229,-21.908],[-57.226,-21.905],[-57.226,-21.901],[-57.228,-21.896],[-57.226,-21.894],[-57.221,-21.897],[-57.217,-21.897],[-57.214,-21.893],[-57.211,-21.893],[-57.206,-21.887],[-57.201,-21.888],[-57.193,-21.886],[-57.195,-21.879],[-57.189,-21.878],[-57.193,-21.872],[-57.197,-21.871],[-57.199,-21.867],[-57.194,-21.863],[-57.193,-21.855],[-57.19,-21.853],[-57.193,-21.838],[-57.189,-21.835],[-57.19,-21.831],[-57.187,-21.822],[-57.182,-21.82],[-57.179,-21.816],[-57.178,-21.81],[-57.176,-21.808],[-57.175,-21.803],[-57.171,-21.802],[-57.164,-21.796],[-57.162,-21.79],[-57.161,-21.791],[-57.157,-21.784],[-57.157,-21.78],[-57.16,-21.779],[-57.159,-21.772],[-57.165,-21.772],[-57.166,-21.766],[-57.17,-21.764],[-57.167,-21.762],[-57.166,-21.757],[-57.161,-21.758],[-57.162,-21.754],[-57.157,-21.751],[-57.159,-21.748],[-57.157,-21.742],[-57.154,-21.74],[-57.148,-21.739],[-57.146,-21.737],[-57.144,-21.728],[-57.139,-21.729],[-57.136,-21.724],[-57.139,-21.721],[-57.136,-21.721],[-57.135,-21.717],[-57.138,-21.719],[-57.139,-21.713],[-57.141,-21.709],[-57.135,-21.707],[-57.129,-21.707],[-57.128,-21.704],[-57.125,-21.706],[-57.123,-21.71],[-57.117,-21.705],[-57.115,-21.697],[-57.109,-21.693],[-57.111,-21.691],[-57.11,-21.687],[-57.108,-21.684],[-57.105,-21.678],[-57.103,-21.681],[-57.1,-21.681],[-57.099,-21.677],[-57.096,-21.678],[-57.093,-21.676],[-57.094,-21.672],[-57.092,-21.668],[-57.084,-21.664],[-57.084,-21.662],[-57.089,-21.662],[-57.088,-21.659],[-57.084,-21.659],[-57.077,-21.66],[-57.073,-21.659],[-57.071,-21.661],[-57.066,-21.663],[-57.061,-21.662],[-57.058,-21.654],[-57.051,-21.654],[-57.043,-21.653],[-57.04,-21.648],[-57.037,-21.647],[-57.033,-21.638],[-57.029,-21.634],[-57.028,-21.631],[-57.023,-21.629],[-57.016,-21.63],[-57.011,-21.623],[-57.004,-21.627],[-56.998,-21.627],[-56.991,-21.63],[-56.99,-21.636],[-56.977,-21.636],[-56.974,-21.634],[-56.971,-21.635],[-56.97,-21.641],[-56.967,-21.636],[-56.964,-21.635],[-56.959,-21.637],[-56.959,-21.631],[-56.962,-21.627],[-56.969,-21.625],[-56.97,-21.622],[-56.965,-21.62],[-56.956,-21.62],[-56.952,-21.626],[-56.95,-21.627],[-56.948,-21.619],[-56.945,-21.616],[-56.946,-21.612],[-56.942,-21.608],[-56.944,-21.606],[-56.944,-21.601],[-56.94,-21.599],[-56.945,-21.594],[-56.943,-21.592],[-56.937,-21.589],[-56.931,-21.591],[-56.926,-21.587],[-56.918,-21.593],[-56.914,-21.59],[-56.912,-21.585],[-56.914,-21.581],[-56.911,-21.579],[-56.907,-21.581],[-56.9,-21.58],[-56.898,-21.576],[-56.889,-21.574],[-56.888,-21.569],[-56.882,-21.568],[-56.869,-21.568],[-56.856,-21.565],[-56.856,-21.563],[-56.85,-21.563],[-56.848,-21.559],[-56.842,-21.559],[-56.832,-21.564],[-56.829,-21.566],[-56.823,-21.567],[-56.818,-21.565],[-56.809,-21.566],[-56.808,-21.567],[-56.801,-21.58],[-56.799,-21.583],[-56.797,-21.607],[-56.799,-21.609],[-56.798,-21.614],[-56.796,-21.617],[-56.795,-21.623],[-56.791,-21.623],[-56.795,-21.628],[-56.794,-21.631],[-56.797,-21.635],[-56.797,-21.643],[-56.8,-21.648],[-56.799,-21.652],[-56.795,-21.657],[-56.791,-21.659],[-56.786,-21.658],[-56.782,-21.659],[-56.779,-21.666],[-56.771,-21.673],[-56.766,-21.674],[-56.759,-21.68],[-56.761,-21.686],[-56.76,-21.687],[-56.759,-21.693],[-56.762,-21.695],[-56.762,-21.698],[-56.766,-21.703],[-56.764,-21.704],[-56.77,-21.714],[-56.78,-21.716],[-56.784,-21.721],[-56.782,-21.726],[-56.78,-21.727],[-56.777,-21.731],[-56.782,-21.738],[-56.785,-21.738],[-56.788,-21.744],[-56.79,-21.744],[-56.792,-21.749],[-56.791,-21.754],[-56.793,-21.758],[-56.792,-21.762],[-56.795,-21.767],[-56.799,-21.767],[-56.797,-21.771],[-56.801,-21.776],[-56.799,-21.785],[-56.802,-21.786],[-56.797,-21.792],[-56.792,-21.793],[-56.788,-21.798],[-56.791,-21.804],[-56.791,-21.809],[-56.787,-21.811],[-56.794,-21.814],[-56.795,-21.813],[-56.802,-21.816],[-56.804,-21.818],[-56.803,-21.824],[-56.807,-21.825],[-56.808,-21.828],[-56.811,-21.828],[-56.815,-21.833],[-56.814,-21.836],[-56.808,-21.835],[-56.807,-21.839],[-56.809,-21.841],[-56.806,-21.843],[-56.808,-21.847],[-56.81,-21.845],[-56.812,-21.848],[-56.811,-21.852],[-56.818,-21.854],[-56.817,-21.864],[-56.829,-21.866],[-56.832,-21.863],[-56.832,-21.859],[-56.835,-21.858],[-56.836,-21.861],[-56.84,-21.862],[-56.838,-21.866],[-56.842,-21.87],[-56.841,-21.873],[-56.837,-21.873],[-56.836,-21.877],[-56.841,-21.889],[-56.836,-21.892],[-56.839,-21.894],[-56.839,-21.898],[-56.846,-21.907],[-56.85,-21.905],[-56.85,-21.909],[-56.854,-21.912],[-56.855,-21.917],[-56.86,-21.923],[-56.857,-21.932],[-56.852,-21.939],[-56.855,-21.942],[-56.856,-21.948],[-56.854,-21.953],[-56.849,-21.954],[-56.848,-21.956],[-56.855,-21.958],[-56.859,-21.953],[-56.861,-21.953],[-56.862,-21.962],[-56.86,-21.967],[-56.865,-21.971],[-56.863,-21.973],[-56.864,-21.978],[-56.866,-21.98],[-56.871,-21.98],[-56.876,-21.983],[-56.873,-21.988],[-56.865,-21.988],[-56.86,-21.992],[-56.858,-21.997],[-56.857,-22.009],[-56.861,-22.014],[-56.855,-22.019],[-56.854,-22.026],[-56.857,-22.026],[-56.857,-22.029],[-56.853,-22.028],[-56.853,-22.032],[-56.856,-22.034],[-56.861,-22.033],[-56.869,-22.039],[-56.87,-22.036],[-56.874,-22.035],[-56.878,-22.042],[-56.887,-22.044],[-56.885,-22.05],[-56.89,-22.051],[-56.894,-22.06],[-56.899,-22.069],[-56.902,-22.071],[-56.907,-22.068],[-56.905,-22.063],[-56.911,-22.062],[-56.91,-22.057],[-56.906,-22.057],[-56.907,-22.054],[-56.912,-22.052],[-56.916,-22.056],[-56.917,-22.052],[-56.926,-22.053],[-56.927,-22.052],[-56.93,-22.056],[-56.933,-22.054],[-56.935,-22.056],[-56.932,-22.059],[-56.934,-22.068],[-56.939,-22.066],[-56.941,-22.068],[-56.946,-22.065],[-56.949,-22.067],[-56.949,-22.073],[-56.944,-22.073],[-56.942,-22.076],[-56.947,-22.078],[-56.95,-22.075],[-56.957,-22.079],[-56.961,-22.077],[-56.964,-22.081],[-56.967,-22.087],[-56.973,-22.087],[-56.974,-22.091],[-56.978,-22.091],[-56.978,-22.094],[-56.983,-22.09],[-56.982,-22.087],[-56.987,-22.084],[-56.987,-22.081],[-56.982,-22.079],[-56.985,-22.077],[-56.989,-22.078],[-56.992,-22.08],[-56.998,-22.08],[-57.002,-22.082],[-57.001,-22.089],[-57.005,-22.092],[-57.011,-22.088],[-57.017,-22.092],[-57.024,-22.094],[-57.025,-22.099],[-57.028,-22.101],[-57.026,-22.103],[-57.017,-22.102],[-57.013,-22.106],[-57.016,-22.117],[-57.013,-22.114],[-57.002,-22.113],[-56.999,-22.117],[-57.0,-22.123],[-57.004,-22.128],[-57.004,-22.131],[-56.995,-22.136],[-56.999,-22.141],[-57.005,-22.141],[-57.007,-22.138],[-57.021,-22.144],[-57.025,-22.144],[-57.038,-22.149],[-57.042,-22.162],[-57.039,-22.164],[-57.035,-22.169],[-57.033,-22.176],[-57.036,-22.184],[-57.03,-22.191],[-57.028,-22.196],[-57.034,-22.198],[-57.036,-22.201],[-57.035,-22.204],[-57.04,-22.212],[-57.04,-22.221],[-57.046,-22.221],[-57.049,-22.225],[-57.05,-22.232]]]}},{"type":"Feature","properties":{"c":"5002902"},"geometry":{"type":"Polygon","coordinates":[[[-51.539,-19.143],[-51.545,-19.152],[-51.544,-19.154],[-51.547,-19.159],[-51.548,-19.164],[-51.551,-19.169],[-51.554,-19.179],[-51.553,-19.187],[-51.554,-19.194],[-51.553,-19.196],[-51.555,-19.202],[-51.554,-19.209],[-51.559,-19.22],[-51.559,-19.222],[-51.566,-19.235],[-51.571,-19.248],[-51.572,-19.258],[-51.571,-19.262],[-51.574,-19.269],[-51.573,-19.274],[-51.568,-19.281],[-51.57,-19.283],[-51.578,-19.283],[-51.587,-19.274],[-51.602,-19.27],[-51.606,-19.268],[-51.613,-19.272],[-51.619,-19.272],[-51.638,-19.269],[-51.652,-19.256],[-51.66,-19.257],[-51.668,-19.251],[-51.671,-19.251],[-51.697,-19.243],[-51.704,-19.241],[-51.714,-19.243],[-51.725,-19.24],[-51.75,-19.21],[-51.758,-19.218],[-51.767,-19.214],[-51.772,-19.215],[-51.781,-19.222],[-51.798,-19.221],[-51.802,-19.224],[-51.806,-19.232],[-51.805,-19.238],[-51.811,-19.235],[-51.814,-19.234],[-51.824,-19.228],[-51.832,-19.226],[-51.848,-19.224],[-51.864,-19.221],[-51.868,-19.223],[-51.937,-19.213],[-51.945,-19.206],[-51.953,-19.206],[-51.959,-19.202],[-51.968,-19.2],[-51.978,-19.191],[-51.983,-19.193],[-51.999,-19.194],[-52.008,-19.197],[-52.017,-19.198],[-52.021,-19.2],[-52.024,-19.205],[-52.031,-19.209],[-52.034,-19.213],[-52.045,-19.221],[-52.047,-19.225],[-52.051,-19.227],[-52.053,-19.233],[-52.053,-19.237],[-52.055,-19.244],[-52.055,-19.247],[-52.057,-19.251],[-52.066,-19.252],[-52.071,-19.254],[-52.073,-19.257],[-52.079,-19.259],[-52.087,-19.257],[-52.091,-19.254],[-52.097,-19.244],[-52.102,-19.238],[-52.107,-19.23],[-52.115,-19.226],[-52.126,-19.219],[-52.13,-19.215],[-52.134,-19.213],[-52.136,-19.211],[-52.142,-19.207],[-52.152,-19.204],[-52.158,-19.199],[-52.172,-19.198],[-52.173,-19.202],[-52.177,-19.202],[-52.179,-19.206],[-52.189,-19.212],[-52.189,-19.218],[-52.192,-19.222],[-52.195,-19.218],[-52.205,-19.222],[-52.207,-19.219],[-52.211,-19.223],[-52.211,-19.228],[-52.215,-19.228],[-52.222,-19.234],[-52.222,-19.238],[-52.216,-19.238],[-52.21,-19.242],[-52.203,-19.247],[-52.201,-19.248],[-52.197,-19.252],[-52.195,-19.263],[-52.188,-19.272],[-52.186,-19.278],[-52.182,-19.282],[-52.18,-19.287],[-52.171,-19.293],[-52.168,-19.293],[-52.164,-19.304],[-52.162,-19.307],[-52.153,-19.306],[-52.15,-19.305],[-52.145,-19.306],[-52.141,-19.306],[-52.13,-19.302],[-52.11,-19.301],[-52.102,-19.305],[-52.089,-19.305],[-52.079,-19.323],[-52.086,-19.33],[-52.091,-19.338],[-52.097,-19.345],[-52.108,-19.356],[-52.111,-19.364],[-52.119,-19.365],[-52.12,-19.37],[-52.126,-19.374],[-52.133,-19.369],[-52.151,-19.35],[-52.162,-19.348],[-52.171,-19.352],[-52.175,-19.343],[-52.185,-19.336],[-52.201,-19.347],[-52.201,-19.351],[-52.203,-19.36],[-52.201,-19.367],[-52.203,-19.369],[-52.208,-19.369],[-52.211,-19.373],[-52.219,-19.376],[-52.226,-19.373],[-52.236,-19.372],[-52.24,-19.37],[-52.249,-19.369],[-52.253,-19.367],[-52.262,-19.364],[-52.275,-19.362],[-52.281,-19.365],[-52.29,-19.363],[-52.308,-19.365],[-52.315,-19.364],[-52.32,-19.366],[-52.329,-19.366],[-52.343,-19.357],[-52.347,-19.357],[-52.358,-19.351],[-52.362,-19.348],[-52.365,-19.347],[-52.38,-19.339],[-52.387,-19.336],[-52.403,-19.333],[-52.412,-19.335],[-52.413,-19.336],[-52.418,-19.335],[-52.42,-19.333],[-52.429,-19.332],[-52.434,-19.334],[-52.439,-19.334],[-52.441,-19.336],[-52.448,-19.333],[-52.455,-19.334],[-52.463,-19.332],[-52.468,-19.326],[-52.471,-19.323],[-52.471,-19.316],[-52.473,-19.313],[-52.477,-19.31],[-52.479,-19.307],[-52.481,-19.294],[-52.485,-19.283],[-52.488,-19.273],[-52.487,-19.266],[-52.487,-19.26],[-52.49,-19.254],[-52.492,-19.252],[-52.502,-19.252],[-52.505,-19.249],[-52.542,-19.224],[-52.528,-19.062],[-52.537,-19.053],[-52.544,-19.047],[-52.557,-19.045],[-52.554,-19.042],[-52.559,-19.039],[-52.563,-19.039],[-52.566,-19.036],[-52.564,-19.031],[-52.566,-19.028],[-52.572,-19.028],[-52.575,-19.024],[-52.578,-19.023],[-52.579,-19.013],[-52.582,-19.011],[-52.582,-19.007],[-52.578,-19.001],[-52.579,-19.001],[-52.586,-18.996],[-52.583,-18.996],[-52.58,-18.991],[-52.583,-18.986],[-52.585,-18.987],[-52.587,-18.983],[-52.595,-18.986],[-52.6,-18.983],[-52.597,-18.981],[-52.593,-18.968],[-52.592,-18.966],[-52.569,-18.95],[-52.566,-18.949],[-52.546,-18.929],[-52.537,-18.917],[-52.534,-18.907],[-52.518,-18.924],[-52.521,-18.929],[-52.519,-18.935],[-52.52,-18.941],[-52.508,-18.939],[-52.514,-18.953],[-52.517,-18.957],[-52.511,-18.958],[-52.481,-18.963],[-52.47,-18.97],[-52.49,-18.932],[-52.491,-18.923],[-52.483,-18.921],[-52.467,-18.922],[-52.471,-18.919],[-52.477,-18.9],[-52.489,-18.889],[-52.495,-18.882],[-52.479,-18.867],[-52.474,-18.859],[-52.486,-18.854],[-52.47,-18.836],[-52.482,-18.786],[-52.473,-18.783],[-52.463,-18.774],[-52.455,-18.769],[-52.447,-18.768],[-52.435,-18.759],[-52.431,-18.757],[-52.425,-18.753],[-52.421,-18.746],[-52.417,-18.744],[-52.412,-18.744],[-52.41,-18.748],[-52.411,-18.753],[-52.408,-18.757],[-52.401,-18.759],[-52.396,-18.769],[-52.384,-18.779],[-52.379,-18.782],[-52.373,-18.791],[-52.367,-18.795],[-52.37,-18.799],[-52.364,-18.799],[-52.354,-18.8],[-52.351,-18.807],[-52.35,-18.81],[-52.354,-18.812],[-52.352,-18.816],[-52.346,-18.817],[-52.344,-18.82],[-52.346,-18.822],[-52.342,-18.823],[-52.34,-18.822],[-52.335,-18.826],[-52.334,-18.829],[-52.329,-18.83],[-52.325,-18.833],[-52.324,-18.831],[-52.314,-18.836],[-52.31,-18.839],[-52.305,-18.84],[-52.298,-18.837],[-52.296,-18.831],[-52.293,-18.829],[-52.287,-18.828],[-52.28,-18.831],[-52.276,-18.829],[-52.273,-18.832],[-52.266,-18.829],[-52.259,-18.834],[-52.258,-18.837],[-52.251,-18.84],[-52.247,-18.839],[-52.243,-18.841],[-52.239,-18.839],[-52.236,-18.842],[-52.226,-18.842],[-52.222,-18.844],[-52.22,-18.842],[-52.21,-18.846],[-52.208,-18.85],[-52.203,-18.848],[-52.2,-18.851],[-52.193,-18.847],[-52.189,-18.848],[-52.187,-18.846],[-52.183,-18.848],[-52.179,-18.856],[-52.173,-18.857],[-52.173,-18.861],[-52.169,-18.862],[-52.169,-18.865],[-52.165,-18.865],[-52.164,-18.87],[-52.166,-18.874],[-52.164,-18.877],[-52.159,-18.876],[-52.161,-18.879],[-52.156,-18.881],[-52.155,-18.885],[-52.157,-18.888],[-52.151,-18.893],[-52.146,-18.895],[-52.139,-18.89],[-52.136,-18.89],[-52.134,-18.897],[-52.129,-18.897],[-52.126,-18.899],[-52.124,-18.897],[-52.119,-18.901],[-52.114,-18.9],[-52.112,-18.902],[-52.111,-18.899],[-52.11,-18.904],[-52.106,-18.907],[-52.107,-18.91],[-52.106,-18.92],[-52.104,-18.921],[-52.107,-18.924],[-52.104,-18.929],[-52.101,-18.929],[-52.095,-18.936],[-52.094,-18.934],[-52.088,-18.937],[-52.093,-18.942],[-52.091,-18.944],[-52.089,-18.942],[-52.087,-18.946],[-52.079,-18.951],[-52.071,-18.952],[-52.067,-18.954],[-52.065,-18.952],[-52.059,-18.951],[-52.059,-18.948],[-52.056,-18.946],[-52.05,-18.951],[-52.044,-18.951],[-52.043,-18.959],[-52.038,-18.959],[-52.037,-18.962],[-52.034,-18.958],[-52.026,-18.963],[-52.019,-18.963],[-52.02,-18.968],[-52.015,-18.969],[-52.015,-18.976],[-52.02,-18.978],[-52.016,-18.982],[-52.013,-18.981],[-52.012,-18.978],[-52.007,-18.976],[-52.003,-18.968],[-51.998,-18.968],[-51.996,-18.974],[-51.987,-18.974],[-51.983,-18.972],[-51.979,-18.974],[-51.979,-18.98],[-51.976,-18.981],[-51.973,-18.975],[-51.97,-18.978],[-51.967,-18.975],[-51.969,-18.974],[-51.969,-18.967],[-51.962,-18.969],[-51.96,-18.978],[-51.951,-18.981],[-51.95,-18.978],[-51.953,-18.977],[-51.952,-18.975],[-51.947,-18.976],[-51.943,-18.974],[-51.943,-18.97],[-51.941,-18.968],[-51.936,-18.971],[-51.934,-18.976],[-51.926,-18.977],[-51.928,-18.98],[-51.926,-18.985],[-51.917,-18.984],[-51.913,-18.986],[-51.907,-18.994],[-51.902,-18.996],[-51.897,-18.994],[-51.893,-19.007],[-51.891,-19.007],[-51.889,-19.01],[-51.891,-19.018],[-51.884,-19.019],[-51.882,-19.025],[-51.878,-19.026],[-51.876,-19.031],[-51.872,-19.031],[-51.87,-19.037],[-51.863,-19.042],[-51.861,-19.047],[-51.852,-19.052],[-51.848,-19.046],[-51.85,-19.043],[-51.845,-19.042],[-51.836,-19.046],[-51.84,-19.051],[-51.844,-19.053],[-51.841,-19.057],[-51.838,-19.055],[-51.833,-19.056],[-51.823,-19.054],[-51.816,-19.055],[-51.81,-19.059],[-51.808,-19.062],[-51.796,-19.066],[-51.797,-19.073],[-51.791,-19.074],[-51.791,-19.08],[-51.781,-19.081],[-51.778,-19.078],[-51.775,-19.078],[-51.772,-19.083],[-51.768,-19.084],[-51.765,-19.087],[-51.758,-19.089],[-51.752,-19.086],[-51.744,-19.086],[-51.743,-19.091],[-51.748,-19.091],[-51.748,-19.094],[-51.74,-19.101],[-51.735,-19.099],[-51.732,-19.1],[-51.729,-19.106],[-51.728,-19.108],[-51.716,-19.106],[-51.712,-19.103],[-51.706,-19.106],[-51.706,-19.108],[-51.712,-19.109],[-51.71,-19.111],[-51.7,-19.119],[-51.697,-19.12],[-51.694,-19.118],[-51.687,-19.121],[-51.684,-19.121],[-51.678,-19.126],[-51.67,-19.13],[-51.667,-19.132],[-51.66,-19.134],[-51.658,-19.137],[-51.652,-19.136],[-51.646,-19.13],[-51.641,-19.13],[-51.638,-19.127],[-51.634,-19.131],[-51.625,-19.136],[-51.623,-19.138],[-51.614,-19.137],[-51.609,-19.141],[-51.605,-19.14],[-51.603,-19.137],[-51.597,-19.137],[-51.592,-19.127],[-51.579,-19.131],[-51.576,-19.127],[-51.576,-19.132],[-51.569,-19.135],[-51.563,-19.133],[-51.559,-19.134],[-51.555,-19.132],[-51.551,-19.141],[-51.548,-19.142],[-51.539,-19.143]]]}},{"type":"Feature","properties":{"c":"5002951"},"geometry":{"type":"Polygon","coordinates":[[[-53.046,-18.798],[-53.048,-18.794],[-53.053,-18.792],[-53.049,-18.786],[-53.046,-18.784],[-53.046,-18.779],[-53.043,-18.776],[-53.046,-18.773],[-53.049,-18.764],[-53.044,-18.763],[-53.038,-18.745],[-53.037,-18.739],[-53.04,-18.737],[-53.043,-18.73],[-53.043,-18.723],[-53.038,-18.719],[-53.034,-18.713],[-53.028,-18.709],[-53.028,-18.707],[-53.023,-18.7],[-53.021,-18.696],[-53.019,-18.676],[-53.017,-18.671],[-53.0,-18.668],[-52.997,-18.669],[-52.991,-18.668],[-52.971,-18.653],[-52.963,-18.649],[-52.961,-18.65],[-52.952,-18.639],[-52.943,-18.632],[-52.935,-18.628],[-52.926,-18.622],[-52.921,-18.613],[-52.918,-18.615],[-52.914,-18.62],[-52.914,-18.628],[-52.918,-18.635],[-52.917,-18.64],[-52.913,-18.642],[-52.893,-18.646],[-52.877,-18.645],[-52.872,-18.646],[-52.868,-18.649],[-52.857,-18.658],[-52.851,-18.66],[-52.846,-18.667],[-52.836,-18.667],[-52.832,-18.671],[-52.822,-18.672],[-52.808,-18.668],[-52.807,-18.669],[-52.793,-18.676],[-52.786,-18.681],[-52.77,-18.68],[-52.763,-18.681],[-52.755,-18.688],[-52.748,-18.692],[-52.74,-18.692],[-52.731,-18.689],[-52.725,-18.692],[-52.716,-18.691],[-52.71,-18.69],[-52.703,-18.686],[-52.699,-18.685],[-52.694,-18.681],[-52.691,-18.682],[-52.687,-18.678],[-52.684,-18.678],[-52.68,-18.68],[-52.674,-18.679],[-52.667,-18.683],[-52.649,-18.686],[-52.643,-18.688],[-52.641,-18.69],[-52.635,-18.692],[-52.632,-18.696],[-52.629,-18.692],[-52.622,-18.689],[-52.614,-18.69],[-52.604,-18.688],[-52.598,-18.69],[-52.59,-18.688],[-52.586,-18.684],[-52.586,-18.681],[-52.574,-18.674],[-52.566,-18.665],[-52.562,-18.664],[-52.56,-18.662],[-52.555,-18.661],[-52.552,-18.657],[-52.544,-18.657],[-52.539,-18.659],[-52.532,-18.657],[-52.529,-18.661],[-52.522,-18.665],[-52.521,-18.67],[-52.512,-18.67],[-52.51,-18.674],[-52.505,-18.673],[-52.498,-18.677],[-52.496,-18.676],[-52.487,-18.681],[-52.482,-18.682],[-52.471,-18.687],[-52.464,-18.686],[-52.457,-18.689],[-52.454,-18.688],[-52.452,-18.691],[-52.448,-18.692],[-52.446,-18.697],[-52.444,-18.698],[-52.444,-18.702],[-52.439,-18.705],[-52.438,-18.712],[-52.434,-18.715],[-52.435,-18.718],[-52.424,-18.733],[-52.418,-18.736],[-52.413,-18.74],[-52.412,-18.744],[-52.417,-18.744],[-52.421,-18.746],[-52.425,-18.753],[-52.431,-18.757],[-52.435,-18.759],[-52.447,-18.768],[-52.455,-18.769],[-52.463,-18.774],[-52.473,-18.783],[-52.482,-18.786],[-52.47,-18.836],[-52.486,-18.854],[-52.474,-18.859],[-52.479,-18.867],[-52.495,-18.882],[-52.489,-18.889],[-52.477,-18.9],[-52.471,-18.919],[-52.467,-18.922],[-52.483,-18.921],[-52.491,-18.923],[-52.49,-18.932],[-52.47,-18.97],[-52.481,-18.963],[-52.511,-18.958],[-52.517,-18.957],[-52.514,-18.953],[-52.508,-18.939],[-52.52,-18.941],[-52.519,-18.935],[-52.521,-18.929],[-52.518,-18.924],[-52.534,-18.907],[-52.537,-18.917],[-52.546,-18.929],[-52.566,-18.949],[-52.569,-18.95],[-52.592,-18.966],[-52.593,-18.968],[-52.597,-18.981],[-52.6,-18.983],[-52.595,-18.986],[-52.587,-18.983],[-52.585,-18.987],[-52.583,-18.986],[-52.58,-18.991],[-52.583,-18.996],[-52.586,-18.996],[-52.579,-19.001],[-52.578,-19.001],[-52.582,-19.007],[-52.582,-19.011],[-52.579,-19.013],[-52.578,-19.023],[-52.575,-19.024],[-52.572,-19.028],[-52.566,-19.028],[-52.564,-19.031],[-52.566,-19.036],[-52.563,-19.039],[-52.559,-19.039],[-52.554,-19.042],[-52.557,-19.045],[-52.544,-19.047],[-52.537,-19.053],[-52.528,-19.062],[-52.542,-19.224],[-52.505,-19.249],[-52.502,-19.252],[-52.492,-19.252],[-52.49,-19.254],[-52.487,-19.26],[-52.487,-19.266],[-52.488,-19.273],[-52.485,-19.283],[-52.481,-19.294],[-52.479,-19.307],[-52.477,-19.31],[-52.473,-19.313],[-52.471,-19.316],[-52.471,-19.323],[-52.468,-19.326],[-52.463,-19.332],[-52.455,-19.334],[-52.448,-19.333],[-52.441,-19.336],[-52.442,-19.341],[-52.438,-19.344],[-52.441,-19.35],[-52.445,-19.352],[-52.444,-19.358],[-52.444,-19.364],[-52.447,-19.366],[-52.449,-19.364],[-52.452,-19.368],[-52.452,-19.372],[-52.454,-19.373],[-52.453,-19.376],[-52.448,-19.379],[-52.451,-19.381],[-52.458,-19.381],[-52.463,-19.39],[-52.467,-19.392],[-52.468,-19.408],[-52.465,-19.408],[-52.468,-19.413],[-52.466,-19.417],[-52.468,-19.419],[-52.474,-19.419],[-52.468,-19.426],[-52.47,-19.432],[-52.467,-19.431],[-52.463,-19.435],[-52.463,-19.438],[-52.47,-19.44],[-52.469,-19.444],[-52.471,-19.448],[-52.468,-19.451],[-52.469,-19.455],[-52.462,-19.459],[-52.459,-19.457],[-52.458,-19.46],[-52.463,-19.463],[-52.464,-19.467],[-52.467,-19.468],[-52.468,-19.473],[-52.466,-19.478],[-52.468,-19.481],[-52.472,-19.48],[-52.472,-19.484],[-52.469,-19.487],[-52.472,-19.493],[-52.475,-19.492],[-52.479,-19.495],[-52.479,-19.5],[-52.482,-19.498],[-52.485,-19.502],[-52.482,-19.505],[-52.485,-19.51],[-52.483,-19.514],[-52.486,-19.52],[-52.487,-19.528],[-52.493,-19.532],[-52.499,-19.536],[-52.499,-19.541],[-52.502,-19.541],[-52.507,-19.55],[-52.51,-19.552],[-52.514,-19.549],[-52.516,-19.55],[-52.517,-19.544],[-52.521,-19.541],[-52.521,-19.533],[-52.519,-19.529],[-52.519,-19.521],[-52.523,-19.517],[-52.523,-19.512],[-52.526,-19.512],[-52.526,-19.507],[-52.529,-19.5],[-52.523,-19.496],[-52.519,-19.492],[-52.525,-19.488],[-52.529,-19.487],[-52.529,-19.48],[-52.534,-19.48],[-52.541,-19.476],[-52.549,-19.468],[-52.549,-19.465],[-52.552,-19.463],[-52.556,-19.458],[-52.556,-19.455],[-52.56,-19.452],[-52.564,-19.451],[-52.566,-19.44],[-52.57,-19.437],[-52.575,-19.437],[-52.575,-19.435],[-52.572,-19.43],[-52.577,-19.428],[-52.577,-19.425],[-52.574,-19.42],[-52.576,-19.414],[-52.573,-19.407],[-52.57,-19.407],[-52.571,-19.4],[-52.567,-19.4],[-52.566,-19.397],[-52.574,-19.398],[-52.575,-19.4],[-52.58,-19.397],[-52.582,-19.394],[-52.581,-19.391],[-52.584,-19.388],[-52.582,-19.385],[-52.587,-19.385],[-52.589,-19.383],[-52.588,-19.379],[-52.591,-19.379],[-52.594,-19.374],[-52.599,-19.374],[-52.603,-19.376],[-52.603,-19.373],[-52.607,-19.368],[-52.61,-19.366],[-52.613,-19.371],[-52.616,-19.369],[-52.617,-19.366],[-52.611,-19.361],[-52.614,-19.36],[-52.621,-19.353],[-52.625,-19.352],[-52.634,-19.352],[-52.643,-19.354],[-52.65,-19.352],[-52.649,-19.348],[-52.655,-19.343],[-52.657,-19.346],[-52.665,-19.344],[-52.668,-19.339],[-52.673,-19.335],[-52.675,-19.331],[-52.682,-19.33],[-52.681,-19.32],[-52.686,-19.318],[-52.687,-19.314],[-52.686,-19.31],[-52.686,-19.304],[-52.688,-19.301],[-52.691,-19.302],[-52.698,-19.294],[-52.699,-19.29],[-52.703,-19.287],[-52.702,-19.283],[-52.709,-19.278],[-52.714,-19.277],[-52.718,-19.272],[-52.726,-19.268],[-52.729,-19.27],[-52.736,-19.269],[-52.743,-19.273],[-52.744,-19.271],[-52.749,-19.27],[-52.753,-19.274],[-52.758,-19.273],[-52.755,-19.269],[-52.76,-19.266],[-52.763,-19.268],[-52.764,-19.265],[-52.768,-19.264],[-52.769,-19.269],[-52.773,-19.267],[-52.776,-19.262],[-52.792,-19.256],[-52.8,-19.257],[-52.804,-19.257],[-52.805,-19.255],[-52.81,-19.257],[-52.812,-19.253],[-52.81,-19.251],[-52.814,-19.246],[-52.819,-19.246],[-52.819,-19.25],[-52.826,-19.244],[-52.834,-19.242],[-52.837,-19.243],[-52.84,-19.24],[-52.842,-19.242],[-52.847,-19.238],[-52.849,-19.241],[-52.851,-19.233],[-52.857,-19.235],[-52.859,-19.237],[-52.861,-19.235],[-52.865,-19.239],[-52.869,-19.237],[-52.872,-19.242],[-52.877,-19.245],[-52.889,-19.246],[-52.892,-19.248],[-52.9,-19.249],[-52.902,-19.244],[-52.906,-19.237],[-52.906,-19.234],[-52.914,-19.23],[-52.917,-19.227],[-52.911,-19.224],[-52.913,-19.22],[-52.915,-19.221],[-52.918,-19.215],[-52.926,-19.212],[-52.927,-19.21],[-52.925,-19.205],[-52.929,-19.199],[-52.93,-19.195],[-52.935,-19.195],[-52.933,-19.193],[-52.935,-19.184],[-52.931,-19.184],[-52.931,-19.181],[-52.934,-19.177],[-52.94,-19.178],[-52.937,-19.164],[-52.939,-19.164],[-52.94,-19.16],[-52.944,-19.16],[-52.944,-19.157],[-52.94,-19.155],[-52.941,-19.154],[-52.94,-19.149],[-52.943,-19.147],[-52.946,-19.148],[-52.958,-19.145],[-52.96,-19.141],[-52.965,-19.143],[-52.968,-19.141],[-52.971,-19.129],[-52.973,-19.13],[-52.976,-19.127],[-52.976,-19.122],[-52.972,-19.109],[-52.964,-19.108],[-52.956,-19.105],[-52.949,-19.108],[-52.939,-19.108],[-52.933,-19.103],[-52.928,-19.097],[-52.921,-19.093],[-52.909,-19.089],[-52.899,-19.085],[-52.889,-19.084],[-52.882,-19.078],[-52.875,-19.067],[-52.833,-18.962],[-52.827,-18.932],[-52.83,-18.927],[-52.865,-18.899],[-52.874,-18.891],[-52.877,-18.885],[-52.879,-18.878],[-52.887,-18.843],[-52.896,-18.806],[-52.899,-18.786],[-52.95,-18.785],[-52.959,-18.786],[-52.969,-18.789],[-52.974,-18.794],[-52.978,-18.797],[-53.019,-18.795],[-53.033,-18.802],[-53.035,-18.802],[-53.046,-18.798]]]}},{"type":"Feature","properties":{"c":"5003108"},"geometry":{"type":"Polygon","coordinates":[[[-55.042,-20.156],[-55.045,-20.158],[-55.052,-20.159],[-55.059,-20.165],[-55.064,-20.166],[-55.066,-20.157],[-55.069,-20.155],[-55.072,-20.155],[-55.073,-20.159],[-55.078,-20.16],[-55.082,-20.158],[-55.084,-20.154],[-55.08,-20.152],[-55.079,-20.148],[-55.082,-20.142],[-55.081,-20.137],[-55.075,-20.133],[-55.07,-20.135],[-55.068,-20.132],[-55.065,-20.127],[-55.064,-20.12],[-55.066,-20.116],[-55.064,-20.109],[-55.071,-20.095],[-55.076,-20.089],[-55.077,-20.081],[-55.081,-20.075],[-55.081,-20.069],[-55.084,-20.068],[-55.088,-20.064],[-55.088,-20.06],[-55.093,-20.055],[-55.096,-20.046],[-55.096,-20.031],[-55.097,-20.023],[-55.104,-20.011],[-55.111,-20.005],[-55.129,-19.999],[-55.139,-19.986],[-55.138,-19.982],[-55.14,-19.972],[-55.15,-19.977],[-55.157,-19.979],[-55.16,-19.981],[-55.162,-19.987],[-55.165,-19.985],[-55.172,-19.989],[-55.174,-19.988],[-55.179,-19.993],[-55.188,-19.991],[-55.189,-19.993],[-55.2,-19.994],[-55.203,-19.991],[-55.21,-19.99],[-55.213,-19.984],[-55.217,-19.984],[-55.219,-19.981],[-55.223,-19.979],[-55.228,-19.982],[-55.23,-19.985],[-55.241,-19.985],[-55.248,-19.986],[-55.252,-19.983],[-55.259,-19.987],[-55.261,-19.996],[-55.266,-20.0],[-55.27,-20.001],[-55.283,-19.993],[-55.286,-19.99],[-55.289,-19.993],[-55.293,-19.989],[-55.302,-19.989],[-55.306,-19.987],[-55.317,-19.988],[-55.318,-19.983],[-55.324,-19.979],[-55.321,-19.976],[-55.322,-19.97],[-55.317,-19.964],[-55.315,-19.965],[-55.312,-19.958],[-55.309,-19.955],[-55.311,-19.953],[-55.31,-19.948],[-55.314,-19.947],[-55.314,-19.944],[-55.323,-19.942],[-55.324,-19.937],[-55.327,-19.932],[-55.331,-19.929],[-55.33,-19.925],[-55.332,-19.909],[-55.331,-19.902],[-55.334,-19.896],[-55.333,-19.895],[-55.335,-19.888],[-55.337,-19.885],[-55.338,-19.88],[-55.344,-19.877],[-55.353,-19.868],[-55.354,-19.863],[-55.363,-19.857],[-55.366,-19.857],[-55.379,-19.85],[-55.379,-19.843],[-55.382,-19.838],[-55.389,-19.833],[-55.388,-19.828],[-55.392,-19.82],[-55.395,-19.801],[-55.378,-19.787],[-55.382,-19.78],[-55.376,-19.774],[-55.364,-19.774],[-55.347,-19.761],[-55.346,-19.748],[-55.347,-19.739],[-55.338,-19.732],[-55.335,-19.718],[-55.332,-19.71],[-55.322,-19.701],[-55.324,-19.693],[-55.322,-19.687],[-55.313,-19.677],[-55.306,-19.673],[-55.299,-19.65],[-55.293,-19.632],[-55.292,-19.624],[-55.285,-19.618],[-55.288,-19.607],[-55.278,-19.595],[-55.266,-19.586],[-55.255,-19.554],[-55.249,-19.537],[-55.241,-19.521],[-55.224,-19.534],[-55.204,-19.556],[-55.202,-19.563],[-55.192,-19.576],[-55.183,-19.583],[-55.174,-19.595],[-55.146,-19.614],[-55.118,-19.625],[-55.085,-19.631],[-55.057,-19.609],[-55.05,-19.608],[-55.041,-19.612],[-55.042,-19.615],[-55.038,-19.615],[-55.036,-19.623],[-55.034,-19.625],[-55.04,-19.622],[-55.039,-19.629],[-55.042,-19.627],[-55.048,-19.627],[-55.052,-19.63],[-55.047,-19.632],[-55.043,-19.632],[-55.039,-19.64],[-55.042,-19.652],[-55.041,-19.658],[-55.047,-19.658],[-55.046,-19.665],[-55.039,-19.671],[-55.04,-19.677],[-55.037,-19.68],[-55.037,-19.678],[-55.031,-19.676],[-55.027,-19.677],[-55.027,-19.681],[-55.029,-19.687],[-55.026,-19.689],[-55.027,-19.698],[-55.025,-19.7],[-55.016,-19.698],[-55.012,-19.701],[-55.009,-19.7],[-55.0,-19.7],[-54.995,-19.696],[-54.992,-19.69],[-54.984,-19.692],[-54.98,-19.691],[-54.969,-19.685],[-54.967,-19.686],[-54.961,-19.685],[-54.957,-19.688],[-54.95,-19.689],[-54.947,-19.694],[-54.935,-19.695],[-54.93,-19.69],[-54.924,-19.689],[-54.923,-19.687],[-54.913,-19.684],[-54.903,-19.68],[-54.896,-19.673],[-54.897,-19.66],[-54.895,-19.655],[-54.893,-19.652],[-54.872,-19.651],[-54.856,-19.648],[-54.839,-19.648],[-54.837,-19.64],[-54.837,-19.629],[-54.839,-19.62],[-54.838,-19.608],[-54.834,-19.598],[-54.824,-19.594],[-54.822,-19.587],[-54.818,-19.572],[-54.819,-19.564],[-54.816,-19.553],[-54.812,-19.536],[-54.812,-19.525],[-54.817,-19.516],[-54.815,-19.507],[-54.815,-19.501],[-54.818,-19.491],[-54.815,-19.486],[-54.81,-19.484],[-54.809,-19.482],[-54.799,-19.476],[-54.795,-19.455],[-54.79,-19.463],[-54.788,-19.47],[-54.785,-19.474],[-54.78,-19.475],[-54.767,-19.487],[-54.76,-19.491],[-54.743,-19.499],[-54.737,-19.507],[-54.732,-19.509],[-54.737,-19.51],[-54.735,-19.516],[-54.738,-19.517],[-54.738,-19.519],[-54.746,-19.52],[-54.747,-19.523],[-54.746,-19.527],[-54.749,-19.531],[-54.747,-19.539],[-54.744,-19.541],[-54.731,-19.544],[-54.736,-19.549],[-54.737,-19.553],[-54.735,-19.556],[-54.728,-19.559],[-54.731,-19.56],[-54.733,-19.565],[-54.733,-19.569],[-54.731,-19.574],[-54.727,-19.574],[-54.728,-19.577],[-54.724,-19.578],[-54.723,-19.585],[-54.728,-19.587],[-54.727,-19.59],[-54.721,-19.594],[-54.723,-19.598],[-54.728,-19.602],[-54.728,-19.607],[-54.735,-19.608],[-54.738,-19.617],[-54.734,-19.62],[-54.737,-19.623],[-54.741,-19.624],[-54.749,-19.622],[-54.751,-19.625],[-54.747,-19.625],[-54.748,-19.629],[-54.754,-19.63],[-54.761,-19.628],[-54.762,-19.634],[-54.759,-19.639],[-54.753,-19.64],[-54.755,-19.643],[-54.754,-19.646],[-54.752,-19.653],[-54.75,-19.654],[-54.749,-19.665],[-54.746,-19.665],[-54.746,-19.672],[-54.745,-19.677],[-54.74,-19.682],[-54.731,-19.687],[-54.73,-19.692],[-54.734,-19.702],[-54.732,-19.708],[-54.726,-19.713],[-54.729,-19.716],[-54.733,-19.723],[-54.733,-19.73],[-54.73,-19.734],[-54.733,-19.74],[-54.731,-19.744],[-54.732,-19.752],[-54.734,-19.756],[-54.732,-19.763],[-54.735,-19.765],[-54.734,-19.772],[-54.739,-19.772],[-54.74,-19.776],[-54.745,-19.779],[-54.758,-19.783],[-54.762,-19.781],[-54.763,-19.785],[-54.768,-19.787],[-54.78,-19.799],[-54.783,-19.798],[-54.789,-19.807],[-54.786,-19.809],[-54.794,-19.814],[-54.796,-19.819],[-54.801,-19.819],[-54.804,-19.825],[-54.811,-19.827],[-54.813,-19.831],[-54.817,-19.834],[-54.818,-19.84],[-54.826,-19.84],[-54.83,-19.838],[-54.833,-19.839],[-54.838,-19.844],[-54.84,-19.85],[-54.84,-19.866],[-54.835,-19.87],[-54.835,-19.874],[-54.839,-19.876],[-54.833,-19.881],[-54.836,-19.888],[-54.842,-19.886],[-54.846,-19.893],[-54.844,-19.894],[-54.843,-19.898],[-54.846,-19.899],[-54.851,-19.898],[-54.851,-19.905],[-54.856,-19.909],[-54.865,-19.915],[-54.869,-19.915],[-54.871,-19.918],[-54.871,-19.924],[-54.876,-19.921],[-54.882,-19.923],[-54.887,-19.93],[-54.883,-19.933],[-54.884,-19.936],[-54.889,-19.939],[-54.888,-19.941],[-54.884,-19.941],[-54.881,-19.945],[-54.884,-19.949],[-54.887,-19.947],[-54.893,-19.948],[-54.896,-19.951],[-54.894,-19.96],[-54.897,-19.965],[-54.895,-19.969],[-54.896,-19.972],[-54.893,-19.978],[-54.899,-19.978],[-54.899,-19.982],[-54.902,-19.987],[-54.906,-19.989],[-54.901,-19.993],[-54.897,-19.997],[-54.903,-20.002],[-54.904,-20.005],[-54.906,-20.001],[-54.912,-20.003],[-54.911,-20.007],[-54.915,-20.012],[-54.915,-20.019],[-54.92,-20.021],[-54.926,-20.022],[-54.927,-20.024],[-54.927,-20.033],[-54.93,-20.039],[-54.921,-20.039],[-54.912,-20.043],[-54.916,-20.044],[-54.922,-20.048],[-54.927,-20.048],[-54.924,-20.052],[-54.919,-20.053],[-54.919,-20.057],[-54.926,-20.054],[-54.93,-20.058],[-54.929,-20.062],[-54.935,-20.066],[-54.937,-20.07],[-54.945,-20.071],[-54.947,-20.073],[-54.948,-20.078],[-54.952,-20.079],[-54.957,-20.082],[-54.954,-20.086],[-54.954,-20.093],[-54.957,-20.095],[-54.96,-20.094],[-54.963,-20.089],[-54.972,-20.092],[-54.975,-20.096],[-54.975,-20.101],[-54.979,-20.107],[-54.983,-20.106],[-54.986,-20.109],[-54.985,-20.111],[-54.988,-20.113],[-54.993,-20.111],[-54.996,-20.113],[-54.997,-20.121],[-54.996,-20.125],[-55.002,-20.128],[-55.008,-20.122],[-55.015,-20.121],[-55.016,-20.125],[-55.015,-20.129],[-55.02,-20.132],[-55.023,-20.126],[-55.029,-20.125],[-55.031,-20.128],[-55.038,-20.135],[-55.039,-20.138],[-55.042,-20.138],[-55.042,-20.135],[-55.045,-20.14],[-55.048,-20.141],[-55.045,-20.146],[-55.042,-20.156]]]}},{"type":"Feature","properties":{"c":"5003157"},"geometry":{"type":"Polygon","coordinates":[[[-55.539,-23.241],[-55.536,-23.24],[-55.531,-23.243],[-55.52,-23.239],[-55.518,-23.233],[-55.512,-23.221],[-55.507,-23.217],[-55.502,-23.207],[-55.498,-23.206],[-55.493,-23.2],[-55.494,-23.193],[-55.494,-23.186],[-55.494,-23.175],[-55.496,-23.164],[-55.49,-23.156],[-55.488,-23.157],[-55.488,-23.153],[-55.481,-23.138],[-55.479,-23.129],[-55.476,-23.126],[-55.465,-23.12],[-55.461,-23.113],[-55.456,-23.112],[-55.452,-23.1],[-55.449,-23.1],[-55.447,-23.094],[-55.443,-23.094],[-55.434,-23.091],[-55.435,-23.095],[-55.43,-23.109],[-55.425,-23.117],[-55.424,-23.124],[-55.419,-23.131],[-55.413,-23.136],[-55.402,-23.15],[-55.384,-23.179],[-55.38,-23.185],[-55.381,-23.187],[-55.377,-23.191],[-55.375,-23.196],[-55.376,-23.202],[-55.373,-23.208],[-55.367,-23.214],[-55.36,-23.218],[-55.358,-23.221],[-55.356,-23.239],[-55.35,-23.249],[-55.342,-23.261],[-55.337,-23.265],[-55.326,-23.268],[-55.318,-23.273],[-55.315,-23.271],[-55.31,-23.273],[-55.306,-23.276],[-55.299,-23.284],[-55.293,-23.283],[-55.285,-23.288],[-55.283,-23.288],[-55.279,-23.291],[-55.274,-23.29],[-55.273,-23.292],[-55.269,-23.293],[-55.266,-23.299],[-55.263,-23.299],[-55.259,-23.303],[-55.253,-23.304],[-55.25,-23.302],[-55.242,-23.31],[-55.244,-23.311],[-55.24,-23.314],[-55.237,-23.315],[-55.235,-23.319],[-55.229,-23.319],[-55.227,-23.316],[-55.226,-23.318],[-55.221,-23.321],[-55.221,-23.327],[-55.218,-23.326],[-55.212,-23.329],[-55.215,-23.331],[-55.209,-23.336],[-55.209,-23.338],[-55.201,-23.335],[-55.201,-23.338],[-55.197,-23.339],[-55.194,-23.344],[-55.19,-23.348],[-55.185,-23.348],[-55.181,-23.349],[-55.169,-23.358],[-55.165,-23.358],[-55.157,-23.365],[-55.154,-23.371],[-55.154,-23.378],[-55.155,-23.381],[-55.161,-23.376],[-55.168,-23.379],[-55.178,-23.388],[-55.186,-23.389],[-55.192,-23.394],[-55.204,-23.4],[-55.272,-23.57],[-55.297,-23.511],[-55.302,-23.508],[-55.307,-23.509],[-55.312,-23.507],[-55.321,-23.509],[-55.33,-23.509],[-55.333,-23.507],[-55.34,-23.506],[-55.345,-23.503],[-55.355,-23.505],[-55.363,-23.505],[-55.365,-23.5],[-55.373,-23.497],[-55.378,-23.493],[-55.387,-23.493],[-55.39,-23.489],[-55.397,-23.488],[-55.401,-23.488],[-55.407,-23.49],[-55.416,-23.492],[-55.419,-23.488],[-55.422,-23.48],[-55.424,-23.478],[-55.425,-23.47],[-55.427,-23.466],[-55.429,-23.46],[-55.435,-23.458],[-55.456,-23.457],[-55.46,-23.464],[-55.46,-23.468],[-55.463,-23.47],[-55.475,-23.473],[-55.481,-23.478],[-55.486,-23.483],[-55.486,-23.486],[-55.493,-23.483],[-55.493,-23.484],[-55.502,-23.485],[-55.509,-23.481],[-55.512,-23.482],[-55.511,-23.486],[-55.514,-23.489],[-55.524,-23.487],[-55.53,-23.48],[-55.542,-23.481],[-55.549,-23.484],[-55.56,-23.483],[-55.562,-23.476],[-55.554,-23.476],[-55.545,-23.477],[-55.543,-23.474],[-55.541,-23.456],[-55.545,-23.449],[-55.538,-23.439],[-55.529,-23.43],[-55.516,-23.41],[-55.513,-23.4],[-55.51,-23.393],[-55.504,-23.378],[-55.507,-23.37],[-55.511,-23.367],[-55.519,-23.365],[-55.521,-23.352],[-55.524,-23.349],[-55.527,-23.343],[-55.532,-23.341],[-55.535,-23.333],[-55.546,-23.324],[-55.555,-23.321],[-55.556,-23.316],[-55.549,-23.304],[-55.555,-23.288],[-55.555,-23.283],[-55.553,-23.28],[-55.549,-23.279],[-55.547,-23.275],[-55.54,-23.274],[-55.537,-23.271],[-55.533,-23.269],[-55.523,-23.26],[-55.53,-23.253],[-55.537,-23.251],[-55.54,-23.244],[-55.539,-23.241]]]}},{"type":"Feature","properties":{"c":"5003207"},"geometry":{"type":"Polygon","coordinates":[[[-56.995,-19.621],[-57.003,-19.668],[-57.067,-20.015],[-57.028,-20.015],[-57.025,-20.028],[-57.002,-20.05],[-57.0,-20.077],[-57.004,-20.095],[-57.0,-20.101],[-57.003,-20.108],[-57.003,-20.112],[-56.997,-20.119],[-56.996,-20.122],[-56.99,-20.125],[-56.987,-20.132],[-56.988,-20.141],[-56.998,-20.147],[-56.993,-20.153],[-56.993,-20.16],[-56.994,-20.167],[-56.999,-20.179],[-56.998,-20.189],[-56.994,-20.196],[-56.984,-20.204],[-56.979,-20.206],[-56.969,-20.219],[-56.967,-20.223],[-57.001,-20.254],[-57.009,-20.258],[-57.015,-20.264],[-57.016,-20.269],[-57.019,-20.273],[-57.031,-20.273],[-57.034,-20.276],[-57.038,-20.277],[-57.045,-20.281],[-57.053,-20.278],[-57.06,-20.271],[-57.065,-20.273],[-57.069,-20.27],[-57.077,-20.27],[-57.084,-20.267],[-57.091,-20.271],[-57.097,-20.276],[-57.104,-20.278],[-57.109,-20.277],[-57.112,-20.275],[-57.124,-20.271],[-57.13,-20.273],[-57.134,-20.272],[-57.134,-20.268],[-57.146,-20.255],[-57.148,-20.25],[-57.155,-20.246],[-57.162,-20.245],[-57.171,-20.24],[-57.178,-20.235],[-57.181,-20.236],[-57.189,-20.233],[-57.193,-20.233],[-57.198,-20.231],[-57.202,-20.238],[-57.205,-20.239],[-57.21,-20.237],[-57.215,-20.232],[-57.224,-20.227],[-57.233,-20.226],[-57.234,-20.222],[-57.242,-20.216],[-57.249,-20.209],[-57.253,-20.199],[-57.255,-20.191],[-57.258,-20.186],[-57.266,-20.183],[-57.271,-20.179],[-57.277,-20.184],[-57.284,-20.187],[-57.286,-20.185],[-57.293,-20.188],[-57.296,-20.191],[-57.301,-20.191],[-57.303,-20.198],[-57.306,-20.201],[-57.307,-20.204],[-57.302,-20.211],[-57.303,-20.216],[-57.307,-20.222],[-57.306,-20.228],[-57.306,-20.234],[-57.303,-20.238],[-57.304,-20.247],[-57.303,-20.251],[-57.304,-20.259],[-57.306,-20.266],[-57.306,-20.271],[-57.315,-20.271],[-57.321,-20.268],[-57.323,-20.27],[-57.324,-20.277],[-57.329,-20.278],[-57.33,-20.28],[-57.327,-20.286],[-57.33,-20.288],[-57.335,-20.283],[-57.338,-20.286],[-57.333,-20.292],[-57.327,-20.297],[-57.331,-20.303],[-57.331,-20.307],[-57.328,-20.31],[-57.334,-20.32],[-57.34,-20.323],[-57.346,-20.321],[-57.349,-20.323],[-57.357,-20.322],[-57.358,-20.321],[-57.36,-20.326],[-57.366,-20.332],[-57.371,-20.333],[-57.375,-20.335],[-57.38,-20.335],[-57.381,-20.337],[-57.388,-20.341],[-57.39,-20.336],[-57.393,-20.336],[-57.396,-20.341],[-57.397,-20.344],[-57.4,-20.344],[-57.4,-20.348],[-57.398,-20.349],[-57.403,-20.353],[-57.405,-20.35],[-57.409,-20.358],[-57.415,-20.362],[-57.42,-20.355],[-57.427,-20.365],[-57.424,-20.365],[-57.421,-20.369],[-57.416,-20.367],[-57.414,-20.369],[-57.415,-20.377],[-57.414,-20.381],[-57.419,-20.383],[-57.417,-20.389],[-57.42,-20.399],[-57.417,-20.403],[-57.421,-20.403],[-57.424,-20.407],[-57.424,-20.414],[-57.426,-20.418],[-57.43,-20.43],[-57.43,-20.435],[-57.433,-20.437],[-57.435,-20.433],[-57.439,-20.434],[-57.438,-20.437],[-57.439,-20.442],[-57.435,-20.441],[-57.437,-20.444],[-57.441,-20.443],[-57.443,-20.445],[-57.438,-20.447],[-57.438,-20.45],[-57.435,-20.451],[-57.439,-20.454],[-57.439,-20.458],[-57.443,-20.458],[-57.442,-20.453],[-57.444,-20.453],[-57.448,-20.458],[-57.452,-20.459],[-57.454,-20.462],[-57.457,-20.46],[-57.46,-20.466],[-57.458,-20.471],[-57.464,-20.476],[-57.467,-20.472],[-57.471,-20.473],[-57.47,-20.477],[-57.472,-20.482],[-57.469,-20.486],[-57.476,-20.49],[-57.472,-20.492],[-57.472,-20.494],[-57.476,-20.494],[-57.475,-20.497],[-57.469,-20.496],[-57.475,-20.506],[-57.472,-20.51],[-57.481,-20.512],[-57.485,-20.514],[-57.488,-20.514],[-57.487,-20.521],[-57.494,-20.528],[-57.488,-20.529],[-57.487,-20.545],[-57.484,-20.55],[-57.48,-20.546],[-57.476,-20.552],[-57.473,-20.553],[-57.473,-20.549],[-57.469,-20.552],[-57.471,-20.555],[-57.469,-20.557],[-57.468,-20.553],[-57.465,-20.553],[-57.463,-20.558],[-57.464,-20.56],[-57.461,-20.561],[-57.459,-20.558],[-57.461,-20.555],[-57.458,-20.553],[-57.456,-20.563],[-57.45,-20.564],[-57.451,-20.568],[-57.453,-20.57],[-57.455,-20.575],[-57.46,-20.57],[-57.463,-20.574],[-57.461,-20.578],[-57.464,-20.581],[-57.47,-20.58],[-57.47,-20.582],[-57.466,-20.586],[-57.467,-20.591],[-57.471,-20.592],[-57.485,-20.591],[-57.492,-20.596],[-57.497,-20.597],[-57.498,-20.601],[-57.504,-20.606],[-57.51,-20.608],[-57.515,-20.607],[-57.518,-20.611],[-57.515,-20.615],[-57.511,-20.62],[-57.517,-20.62],[-57.522,-20.614],[-57.524,-20.615],[-57.527,-20.62],[-57.53,-20.621],[-57.535,-20.621],[-57.54,-20.623],[-57.552,-20.618],[-57.557,-20.612],[-57.561,-20.61],[-57.566,-20.613],[-57.57,-20.613],[-57.574,-20.618],[-57.574,-20.622],[-57.572,-20.626],[-57.575,-20.63],[-57.585,-20.629],[-57.6,-20.626],[-57.606,-20.627],[-57.608,-20.633],[-57.606,-20.637],[-57.611,-20.638],[-57.612,-20.644],[-57.616,-20.644],[-57.617,-20.649],[-57.623,-20.651],[-57.629,-20.655],[-57.633,-20.663],[-57.641,-20.666],[-57.638,-20.677],[-57.643,-20.683],[-57.643,-20.688],[-57.648,-20.695],[-57.647,-20.698],[-57.642,-20.698],[-57.646,-20.708],[-57.654,-20.711],[-57.657,-20.718],[-57.66,-20.721],[-57.665,-20.723],[-57.671,-20.729],[-57.682,-20.732],[-57.69,-20.731],[-57.702,-20.727],[-57.713,-20.727],[-57.721,-20.732],[-57.722,-20.735],[-57.719,-20.739],[-57.719,-20.745],[-57.734,-20.752],[-57.733,-20.757],[-57.736,-20.759],[-57.736,-20.763],[-57.731,-20.765],[-57.732,-20.768],[-57.74,-20.771],[-57.74,-20.774],[-57.735,-20.782],[-57.737,-20.785],[-57.743,-20.788],[-57.746,-20.798],[-57.751,-20.799],[-57.755,-20.798],[-57.758,-20.798],[-57.763,-20.802],[-57.772,-20.803],[-57.776,-20.801],[-57.775,-20.793],[-57.783,-20.792],[-57.789,-20.795],[-57.794,-20.796],[-57.789,-20.8],[-57.791,-20.803],[-57.796,-20.8],[-57.797,-20.802],[-57.793,-20.807],[-57.797,-20.81],[-57.804,-20.813],[-57.809,-20.813],[-57.812,-20.811],[-57.817,-20.811],[-57.817,-20.814],[-57.812,-20.822],[-57.815,-20.826],[-57.821,-20.826],[-57.827,-20.829],[-57.827,-20.836],[-57.83,-20.837],[-57.828,-20.842],[-57.82,-20.843],[-57.821,-20.846],[-57.829,-20.852],[-57.825,-20.853],[-57.815,-20.861],[-57.812,-20.862],[-57.82,-20.869],[-57.822,-20.867],[-57.825,-20.871],[-57.828,-20.871],[-57.834,-20.879],[-57.832,-20.881],[-57.833,-20.886],[-57.838,-20.882],[-57.847,-20.889],[-57.84,-20.894],[-57.841,-20.898],[-57.845,-20.901],[-57.842,-20.904],[-57.842,-20.908],[-57.839,-20.909],[-57.843,-20.911],[-57.844,-20.915],[-57.847,-20.913],[-57.847,-20.917],[-57.842,-20.916],[-57.843,-20.919],[-57.834,-20.922],[-57.838,-20.925],[-57.839,-20.928],[-57.843,-20.927],[-57.845,-20.928],[-57.837,-20.932],[-57.834,-20.936],[-57.842,-20.943],[-57.844,-20.946],[-57.851,-20.949],[-57.857,-20.949],[-57.864,-20.949],[-57.872,-20.944],[-57.875,-20.94],[-57.878,-20.929],[-57.88,-20.919],[-57.882,-20.915],[-57.887,-20.909],[-57.892,-20.904],[-57.902,-20.902],[-57.916,-20.905],[-57.922,-20.904],[-57.926,-20.903],[-57.929,-20.895],[-57.927,-20.892],[-57.915,-20.883],[-57.908,-20.881],[-57.892,-20.87],[-57.884,-20.863],[-57.873,-20.854],[-57.862,-20.854],[-57.858,-20.851],[-57.854,-20.841],[-57.855,-20.836],[-57.859,-20.825],[-57.863,-20.819],[-57.868,-20.815],[-57.874,-20.807],[-57.885,-20.799],[-57.893,-20.791],[-57.899,-20.789],[-57.906,-20.788],[-57.911,-20.789],[-57.922,-20.795],[-57.93,-20.798],[-57.941,-20.801],[-57.952,-20.8],[-57.959,-20.798],[-57.962,-20.793],[-57.959,-20.787],[-57.954,-20.781],[-57.95,-20.765],[-57.946,-20.758],[-57.941,-20.752],[-57.934,-20.746],[-57.92,-20.744],[-57.896,-20.748],[-57.874,-20.751],[-57.868,-20.749],[-57.865,-20.746],[-57.865,-20.742],[-57.868,-20.735],[-57.87,-20.725],[-57.878,-20.714],[-57.894,-20.697],[-57.903,-20.69],[-57.914,-20.671],[-57.919,-20.666],[-57.923,-20.665],[-57.929,-20.664],[-57.933,-20.666],[-57.937,-20.67],[-57.947,-20.69],[-57.95,-20.698],[-57.954,-20.702],[-57.958,-20.705],[-57.967,-20.704],[-57.975,-20.706],[-57.981,-20.706],[-57.985,-20.703],[-57.988,-20.7],[-57.989,-20.694],[-57.988,-20.687],[-57.981,-20.675],[-57.978,-20.668],[-57.97,-20.644],[-57.971,-20.642],[-57.979,-20.638],[-57.985,-20.637],[-57.996,-20.632],[-57.999,-20.629],[-58.011,-20.616],[-58.013,-20.608],[-58.011,-20.599],[-58.007,-20.589],[-57.999,-20.579],[-57.997,-20.572],[-58.002,-20.565],[-58.007,-20.548],[-58.016,-20.529],[-58.02,-20.514],[-58.02,-20.51],[-58.018,-20.503],[-58.017,-20.491],[-58.014,-20.48],[-58.007,-20.468],[-57.999,-20.456],[-57.997,-20.451],[-57.996,-20.443],[-57.998,-20.437],[-58.004,-20.427],[-58.016,-20.413],[-58.022,-20.402],[-58.025,-20.4],[-58.04,-20.399],[-58.055,-20.395],[-58.062,-20.393],[-58.073,-20.388],[-58.076,-20.385],[-58.084,-20.372],[-58.094,-20.351],[-58.097,-20.336],[-58.101,-20.328],[-58.103,-20.321],[-58.101,-20.314],[-58.095,-20.301],[-58.091,-20.285],[-58.09,-20.277],[-58.09,-20.265],[-58.093,-20.259],[-58.097,-20.254],[-58.102,-20.251],[-58.108,-20.249],[-58.115,-20.249],[-58.12,-20.25],[-58.127,-20.253],[-58.135,-20.262],[-58.137,-20.269],[-58.145,-20.272],[-58.15,-20.27],[-58.159,-20.264],[-58.162,-20.257],[-58.166,-20.237],[-58.166,-20.232],[-58.164,-20.227],[-58.154,-20.216],[-58.148,-20.212],[-58.132,-20.207],[-58.124,-20.202],[-58.122,-20.194],[-58.124,-20.19],[-58.127,-20.185],[-58.133,-20.182],[-58.146,-20.181],[-58.155,-20.182],[-58.159,-20.181],[-58.166,-20.177],[-58.169,-20.172],[-58.169,-20.166],[-58.165,-20.161],[-58.153,-20.153],[-58.149,-20.152],[-58.133,-20.152],[-58.117,-20.147],[-58.114,-20.143],[-58.107,-20.128],[-58.101,-20.121],[-58.095,-20.11],[-58.088,-20.107],[-58.075,-20.105],[-58.071,-20.106],[-58.062,-20.108],[-58.054,-20.108],[-58.048,-20.105],[-58.044,-20.1],[-58.039,-20.082],[-58.038,-20.077],[-58.036,-20.068],[-58.032,-20.063],[-58.024,-20.059],[-58.009,-20.058],[-58.001,-20.056],[-57.989,-20.059],[-57.986,-20.058],[-57.979,-20.055],[-57.975,-20.052],[-57.971,-20.045],[-57.967,-20.034],[-57.963,-20.027],[-57.958,-20.023],[-57.95,-20.02],[-57.939,-20.019],[-57.93,-20.022],[-57.921,-20.03],[-57.906,-20.043],[-57.903,-20.042],[-57.892,-20.022],[-57.882,-20.01],[-57.867,-19.99],[-57.864,-19.981],[-57.859,-19.972],[-57.931,-19.915],[-57.998,-19.863],[-58.131,-19.759],[-58.052,-19.594],[-58.032,-19.553],[-58.018,-19.524],[-58.007,-19.5],[-58.001,-19.487],[-57.966,-19.414],[-57.888,-19.253],[-57.831,-19.134],[-57.783,-19.035],[-57.77,-19.034],[-57.743,-19.034],[-57.724,-19.035],[-57.71,-19.035],[-57.708,-19.026],[-57.704,-19.022],[-57.698,-19.011],[-57.693,-19.011],[-57.693,-19.009],[-57.698,-19.008],[-57.7,-19.005],[-57.697,-18.997],[-57.702,-18.993],[-57.704,-18.987],[-57.708,-18.984],[-57.711,-18.979],[-57.715,-18.977],[-57.719,-18.978],[-57.72,-18.899],[-57.767,-18.899],[-57.558,-18.241],[-57.455,-18.233],[-57.454,-18.231],[-57.457,-18.23],[-57.457,-18.225],[-57.461,-18.226],[-57.469,-18.223],[-57.47,-18.219],[-57.476,-18.216],[-57.473,-18.215],[-57.476,-18.21],[-57.481,-18.208],[-57.478,-18.203],[-57.481,-18.198],[-57.484,-18.197],[-57.486,-18.2],[-57.491,-18.203],[-57.495,-18.199],[-57.502,-18.196],[-57.505,-18.199],[-57.574,-18.132],[-57.6,-18.043],[-57.633,-17.986],[-57.721,-17.829],[-57.684,-17.829],[-57.684,-17.809],[-57.719,-17.773],[-57.711,-17.729],[-57.72,-17.721],[-57.728,-17.721],[-57.734,-17.716],[-57.738,-17.702],[-57.742,-17.694],[-57.75,-17.696],[-57.752,-17.694],[-57.753,-17.684],[-57.756,-17.678],[-57.757,-17.671],[-57.763,-17.661],[-57.769,-17.661],[-57.776,-17.658],[-57.777,-17.65],[-57.781,-17.647],[-57.781,-17.64],[-57.783,-17.637],[-57.774,-17.626],[-57.773,-17.614],[-57.776,-17.613],[-57.78,-17.616],[-57.782,-17.616],[-57.784,-17.608],[-57.778,-17.605],[-57.775,-17.599],[-57.777,-17.597],[-57.787,-17.596],[-57.787,-17.594],[-57.782,-17.594],[-57.777,-17.587],[-57.779,-17.586],[-57.79,-17.588],[-57.791,-17.585],[-57.786,-17.581],[-57.781,-17.58],[-57.784,-17.576],[-57.785,-17.571],[-57.796,-17.565],[-57.8,-17.56],[-57.792,-17.56],[-57.78,-17.562],[-57.771,-17.562],[-57.767,-17.563],[-57.769,-17.567],[-57.765,-17.569],[-57.754,-17.567],[-57.748,-17.558],[-57.744,-17.543],[-57.74,-17.536],[-57.733,-17.531],[-57.728,-17.53],[-57.719,-17.537],[-57.717,-17.541],[-57.712,-17.543],[-57.712,-17.559],[-57.71,-17.563],[-57.711,-17.566],[-57.709,-17.571],[-57.706,-17.575],[-57.702,-17.578],[-57.701,-17.583],[-57.704,-17.59],[-57.702,-17.595],[-57.697,-17.601],[-57.702,-17.601],[-57.7,-17.611],[-57.697,-17.615],[-57.697,-17.621],[-57.691,-17.629],[-57.688,-17.628],[-57.687,-17.637],[-57.691,-17.639],[-57.687,-17.643],[-57.683,-17.643],[-57.682,-17.651],[-57.677,-17.652],[-57.679,-17.658],[-57.672,-17.664],[-57.672,-17.671],[-57.669,-17.672],[-57.672,-17.674],[-57.672,-17.682],[-57.678,-17.683],[-57.681,-17.685],[-57.683,-17.696],[-57.68,-17.704],[-57.685,-17.71],[-57.685,-17.716],[-57.672,-17.72],[-57.672,-17.728],[-57.667,-17.726],[-57.664,-17.73],[-57.652,-17.726],[-57.646,-17.724],[-57.645,-17.719],[-57.64,-17.717],[-57.631,-17.728],[-57.628,-17.732],[-57.623,-17.736],[-57.619,-17.748],[-57.613,-17.749],[-57.612,-17.752],[-57.619,-17.753],[-57.62,-17.756],[-57.615,-17.767],[-57.61,-17.771],[-57.603,-17.772],[-57.601,-17.777],[-57.603,-17.779],[-57.613,-17.779],[-57.612,-17.788],[-57.609,-17.798],[-57.606,-17.802],[-57.602,-17.805],[-57.587,-17.801],[-57.576,-17.801],[-57.575,-17.804],[-57.574,-17.813],[-57.57,-17.817],[-57.562,-17.815],[-57.558,-17.816],[-57.552,-17.828],[-57.543,-17.832],[-57.531,-17.839],[-57.531,-17.845],[-57.535,-17.852],[-57.531,-17.856],[-57.522,-17.859],[-57.516,-17.863],[-57.509,-17.864],[-57.504,-17.862],[-57.494,-17.861],[-57.485,-17.862],[-57.478,-17.859],[-57.479,-17.869],[-57.478,-17.879],[-57.472,-17.885],[-57.467,-17.889],[-57.464,-17.895],[-57.46,-17.9],[-57.452,-17.903],[-57.447,-17.895],[-57.446,-17.892],[-57.448,-17.882],[-57.447,-17.876],[-57.436,-17.87],[-57.432,-17.863],[-57.426,-17.856],[-57.422,-17.854],[-57.417,-17.855],[-57.411,-17.858],[-57.41,-17.854],[-57.403,-17.851],[-57.401,-17.848],[-57.399,-17.84],[-57.397,-17.84],[-57.391,-17.846],[-57.389,-17.846],[-57.385,-17.843],[-57.382,-17.839],[-57.38,-17.827],[-57.376,-17.826],[-57.368,-17.826],[-57.363,-17.834],[-57.356,-17.837],[-57.35,-17.837],[-57.347,-17.834],[-57.342,-17.836],[-57.343,-17.831],[-57.337,-17.832],[-57.325,-17.829],[-57.325,-17.825],[-57.321,-17.823],[-57.318,-17.819],[-57.311,-17.818],[-57.309,-17.812],[-57.306,-17.811],[-57.3,-17.817],[-57.294,-17.813],[-57.29,-17.812],[-57.288,-17.814],[-57.293,-17.82],[-57.29,-17.822],[-57.283,-17.823],[-57.285,-17.815],[-57.284,-17.813],[-57.277,-17.815],[-57.275,-17.817],[-57.265,-17.82],[-57.257,-17.816],[-57.253,-17.811],[-57.237,-17.813],[-57.233,-17.812],[-57.232,-17.809],[-57.236,-17.808],[-57.245,-17.806],[-57.252,-17.798],[-57.252,-17.793],[-57.249,-17.794],[-57.244,-17.798],[-57.24,-17.796],[-57.235,-17.788],[-57.23,-17.79],[-57.228,-17.789],[-57.229,-17.785],[-57.225,-17.783],[-57.218,-17.787],[-57.211,-17.789],[-57.201,-17.789],[-57.191,-17.786],[-57.175,-17.776],[-57.16,-17.779],[-57.154,-17.777],[-57.148,-17.769],[-57.144,-17.768],[-57.135,-17.774],[-57.128,-17.774],[-57.124,-17.778],[-57.119,-17.781],[-57.114,-17.78],[-57.115,-17.774],[-57.112,-17.771],[-57.109,-17.773],[-57.101,-17.772],[-57.097,-17.768],[-57.096,-17.761],[-57.093,-17.754],[-57.089,-17.751],[-57.08,-17.749],[-57.075,-17.737],[-57.071,-17.735],[-57.064,-17.735],[-57.06,-17.731],[-57.057,-17.729],[-57.052,-17.732],[-57.048,-17.733],[-57.044,-17.729],[-57.042,-17.722],[-57.037,-17.711],[-57.037,-17.704],[-57.033,-17.695],[-57.025,-17.694],[-57.019,-17.692],[-57.02,-17.685],[-57.015,-17.68],[-57.013,-17.672],[-57.01,-17.67],[-57.0,-17.671],[-56.995,-17.665],[-56.988,-17.659],[-56.985,-17.645],[-56.981,-17.639],[-56.977,-17.637],[-56.974,-17.628],[-56.965,-17.622],[-56.959,-17.613],[-56.959,-17.606],[-56.966,-17.607],[-56.973,-17.614],[-56.979,-17.613],[-56.982,-17.61],[-56.983,-17.605],[-56.981,-17.602],[-56.976,-17.596],[-56.982,-17.58],[-56.973,-17.58],[-56.97,-17.578],[-56.967,-17.571],[-56.96,-17.57],[-56.952,-17.569],[-56.947,-17.565],[-56.946,-17.555],[-56.942,-17.55],[-56.934,-17.549],[-56.924,-17.542],[-56.92,-17.542],[-56.915,-17.539],[-56.91,-17.533],[-56.906,-17.534],[-56.901,-17.538],[-56.896,-17.539],[-56.89,-17.537],[-56.883,-17.537],[-56.88,-17.532],[-56.876,-17.533],[-56.875,-17.525],[-56.87,-17.521],[-56.871,-17.516],[-56.867,-17.515],[-56.861,-17.505],[-56.866,-17.5],[-56.867,-17.495],[-56.865,-17.49],[-56.862,-17.484],[-56.858,-17.483],[-56.851,-17.487],[-56.848,-17.484],[-56.846,-17.481],[-56.85,-17.471],[-56.848,-17.464],[-56.845,-17.462],[-56.832,-17.464],[-56.825,-17.459],[-56.825,-17.453],[-56.832,-17.448],[-56.837,-17.447],[-56.841,-17.442],[-56.839,-17.438],[-56.833,-17.435],[-56.828,-17.439],[-56.823,-17.438],[-56.82,-17.43],[-56.824,-17.423],[-56.83,-17.422],[-56.834,-17.423],[-56.842,-17.418],[-56.84,-17.415],[-56.831,-17.41],[-56.829,-17.401],[-56.83,-17.393],[-56.829,-17.39],[-56.821,-17.391],[-56.815,-17.39],[-56.804,-17.387],[-56.796,-17.39],[-56.791,-17.391],[-56.786,-17.388],[-56.789,-17.38],[-56.789,-17.374],[-56.784,-17.369],[-56.767,-17.365],[-56.763,-17.361],[-56.761,-17.352],[-56.762,-17.349],[-56.769,-17.344],[-56.769,-17.341],[-56.759,-17.339],[-56.757,-17.337],[-56.758,-17.327],[-56.755,-17.325],[-56.749,-17.328],[-56.743,-17.327],[-56.739,-17.324],[-56.737,-17.321],[-56.736,-17.313],[-56.734,-17.31],[-56.718,-17.308],[-56.716,-17.317],[-56.714,-17.319],[-56.707,-17.317],[-56.702,-17.32],[-56.694,-17.317],[-56.692,-17.318],[-56.693,-17.322],[-56.696,-17.325],[-56.694,-17.327],[-56.691,-17.325],[-56.683,-17.317],[-56.674,-17.325],[-56.674,-17.332],[-56.673,-17.335],[-56.662,-17.339],[-56.655,-17.332],[-56.663,-17.327],[-56.661,-17.322],[-56.657,-17.321],[-56.651,-17.327],[-56.648,-17.339],[-56.644,-17.337],[-56.642,-17.331],[-56.649,-17.326],[-56.649,-17.319],[-56.647,-17.317],[-56.645,-17.322],[-56.641,-17.327],[-56.63,-17.334],[-56.628,-17.331],[-56.629,-17.324],[-56.625,-17.322],[-56.62,-17.322],[-56.617,-17.324],[-56.612,-17.332],[-56.61,-17.332],[-56.606,-17.329],[-56.596,-17.333],[-56.585,-17.329],[-56.577,-17.331],[-56.575,-17.328],[-56.578,-17.325],[-56.579,-17.32],[-56.577,-17.317],[-56.568,-17.315],[-56.551,-17.323],[-56.548,-17.322],[-56.542,-17.317],[-56.531,-17.313],[-56.529,-17.321],[-56.526,-17.321],[-56.524,-17.312],[-56.52,-17.31],[-56.514,-17.313],[-56.512,-17.306],[-56.505,-17.305],[-56.511,-17.302],[-56.514,-17.298],[-56.515,-17.293],[-56.513,-17.292],[-56.508,-17.295],[-56.504,-17.293],[-56.503,-17.287],[-56.499,-17.29],[-56.499,-17.298],[-56.497,-17.299],[-56.49,-17.298],[-56.477,-17.305],[-56.473,-17.31],[-56.471,-17.309],[-56.471,-17.303],[-56.468,-17.302],[-56.465,-17.305],[-56.466,-17.314],[-56.461,-17.316],[-56.456,-17.31],[-56.451,-17.312],[-56.451,-17.326],[-56.448,-17.33],[-56.444,-17.332],[-56.441,-17.33],[-56.435,-17.321],[-56.43,-17.317],[-56.424,-17.316],[-56.417,-17.312],[-56.413,-17.317],[-56.408,-17.316],[-56.405,-17.313],[-56.403,-17.306],[-56.395,-17.305],[-56.389,-17.302],[-56.387,-17.299],[-56.385,-17.29],[-56.383,-17.288],[-56.373,-17.284],[-56.365,-17.284],[-56.361,-17.281],[-56.362,-17.272],[-56.36,-17.269],[-56.354,-17.267],[-56.349,-17.269],[-56.343,-17.273],[-56.345,-17.276],[-56.35,-17.275],[-56.352,-17.276],[-56.347,-17.281],[-56.344,-17.285],[-56.336,-17.29],[-56.335,-17.282],[-56.332,-17.282],[-56.326,-17.286],[-56.323,-17.286],[-56.323,-17.276],[-56.32,-17.273],[-56.314,-17.269],[-56.309,-17.27],[-56.308,-17.273],[-56.298,-17.277],[-56.295,-17.271],[-56.287,-17.27],[-56.285,-17.266],[-56.282,-17.263],[-56.28,-17.259],[-56.281,-17.256],[-56.287,-17.249],[-56.283,-17.247],[-56.274,-17.248],[-56.268,-17.248],[-56.272,-17.245],[-56.272,-17.241],[-56.269,-17.24],[-56.258,-17.245],[-56.257,-17.244],[-56.258,-17.238],[-56.262,-17.233],[-56.259,-17.229],[-56.256,-17.234],[-56.252,-17.232],[-56.255,-17.222],[-56.251,-17.219],[-56.248,-17.219],[-56.238,-17.222],[-56.234,-17.227],[-56.229,-17.227],[-56.221,-17.229],[-56.221,-17.225],[-56.223,-17.221],[-56.22,-17.22],[-56.213,-17.226],[-56.209,-17.227],[-56.209,-17.223],[-56.213,-17.217],[-56.214,-17.213],[-56.212,-17.21],[-56.205,-17.214],[-56.2,-17.206],[-56.198,-17.206],[-56.19,-17.211],[-56.189,-17.209],[-56.188,-17.202],[-56.184,-17.195],[-56.186,-17.19],[-56.183,-17.189],[-56.18,-17.194],[-56.175,-17.195],[-56.171,-17.189],[-56.167,-17.193],[-56.163,-17.195],[-56.157,-17.187],[-56.153,-17.185],[-56.145,-17.185],[-56.144,-17.189],[-56.14,-17.191],[-56.136,-17.189],[-56.138,-17.185],[-56.141,-17.181],[-56.138,-17.179],[-56.133,-17.181],[-56.129,-17.179],[-56.127,-17.175],[-56.121,-17.176],[-56.119,-17.174],[-56.116,-17.169],[-56.112,-17.166],[-56.102,-17.174],[-56.097,-17.174],[-56.083,-17.178],[-56.077,-17.173],[-56.07,-17.17],[-56.068,-17.175],[-56.062,-17.171],[-56.058,-17.175],[-56.056,-17.182],[-56.051,-17.187],[-56.047,-17.185],[-56.047,-17.181],[-56.05,-17.172],[-56.044,-17.171],[-56.038,-17.177],[-56.035,-17.183],[-56.03,-17.187],[-56.016,-17.19],[-56.011,-17.198],[-56.006,-17.204],[-56.008,-17.207],[-56.017,-17.209],[-56.02,-17.211],[-56.021,-17.216],[-56.017,-17.218],[-56.013,-17.214],[-56.009,-17.214],[-56.009,-17.217],[-56.012,-17.22],[-56.013,-17.223],[-56.012,-17.237],[-56.011,-17.239],[-56.009,-17.236],[-56.004,-17.234],[-56.003,-17.239],[-56.004,-17.245],[-56.001,-17.246],[-55.997,-17.241],[-55.992,-17.24],[-55.987,-17.244],[-55.992,-17.25],[-55.992,-17.255],[-55.991,-17.257],[-55.986,-17.258],[-55.983,-17.25],[-55.978,-17.247],[-55.976,-17.252],[-55.974,-17.254],[-55.967,-17.255],[-55.96,-17.25],[-55.955,-17.25],[-55.951,-17.251],[-55.955,-17.254],[-55.956,-17.256],[-55.95,-17.263],[-55.947,-17.271],[-55.941,-17.278],[-55.938,-17.279],[-55.931,-17.274],[-55.931,-17.265],[-55.926,-17.258],[-55.92,-17.264],[-55.917,-17.265],[-55.909,-17.263],[-55.902,-17.264],[-55.889,-17.263],[-55.887,-17.264],[-55.887,-17.267],[-55.894,-17.268],[-55.9,-17.27],[-55.902,-17.273],[-55.899,-17.277],[-55.891,-17.272],[-55.89,-17.275],[-55.892,-17.278],[-55.892,-17.281],[-55.887,-17.285],[-55.879,-17.284],[-55.876,-17.281],[-55.88,-17.273],[-55.875,-17.269],[-55.87,-17.275],[-55.863,-17.278],[-55.858,-17.284],[-55.853,-17.279],[-55.851,-17.281],[-55.851,-17.29],[-55.845,-17.299],[-55.842,-17.301],[-55.838,-17.301],[-55.837,-17.295],[-55.835,-17.291],[-55.829,-17.289],[-55.826,-17.292],[-55.829,-17.296],[-55.832,-17.302],[-55.829,-17.306],[-55.826,-17.307],[-55.821,-17.298],[-55.818,-17.297],[-55.807,-17.298],[-55.803,-17.301],[-55.805,-17.309],[-55.799,-17.314],[-55.79,-17.327],[-55.784,-17.33],[-55.785,-17.325],[-55.781,-17.321],[-55.777,-17.324],[-55.775,-17.33],[-55.773,-17.332],[-55.771,-17.328],[-55.767,-17.325],[-55.761,-17.324],[-55.755,-17.328],[-55.75,-17.331],[-55.744,-17.331],[-55.74,-17.337],[-55.734,-17.338],[-55.73,-17.34],[-55.726,-17.346],[-55.723,-17.349],[-55.72,-17.349],[-55.716,-17.343],[-55.709,-17.338],[-55.707,-17.338],[-55.708,-17.343],[-55.704,-17.352],[-55.701,-17.354],[-55.701,-17.351],[-55.696,-17.347],[-55.693,-17.34],[-55.689,-17.34],[-55.689,-17.346],[-55.686,-17.351],[-55.682,-17.349],[-55.683,-17.341],[-55.681,-17.339],[-55.675,-17.34],[-55.673,-17.349],[-55.668,-17.351],[-55.657,-17.338],[-55.655,-17.34],[-55.656,-17.346],[-55.65,-17.354],[-55.649,-17.358],[-55.645,-17.359],[-55.641,-17.356],[-55.639,-17.35],[-55.645,-17.343],[-55.643,-17.339],[-55.637,-17.343],[-55.638,-17.347],[-55.636,-17.353],[-55.626,-17.364],[-55.612,-17.367],[-55.615,-17.362],[-55.612,-17.36],[-55.606,-17.365],[-55.593,-17.374],[-55.589,-17.373],[-55.586,-17.374],[-55.588,-17.379],[-55.583,-17.379],[-55.585,-17.386],[-55.586,-17.391],[-55.583,-17.394],[-55.587,-17.398],[-55.58,-17.401],[-55.587,-17.403],[-55.586,-17.409],[-55.589,-17.414],[-55.587,-17.416],[-55.587,-17.422],[-55.583,-17.419],[-55.575,-17.419],[-55.577,-17.424],[-55.575,-17.435],[-55.568,-17.435],[-55.564,-17.44],[-55.56,-17.44],[-55.556,-17.443],[-55.55,-17.447],[-55.551,-17.449],[-55.556,-17.448],[-55.557,-17.452],[-55.555,-17.454],[-55.549,-17.453],[-55.543,-17.457],[-55.544,-17.461],[-55.54,-17.46],[-55.537,-17.464],[-55.537,-17.468],[-55.533,-17.466],[-55.527,-17.472],[-55.521,-17.473],[-55.525,-17.477],[-55.524,-17.481],[-55.521,-17.48],[-55.515,-17.484],[-55.509,-17.483],[-55.506,-17.481],[-55.504,-17.483],[-55.506,-17.486],[-55.499,-17.483],[-55.498,-17.487],[-55.493,-17.483],[-55.49,-17.485],[-55.488,-17.48],[-55.483,-17.479],[-55.477,-17.484],[-55.473,-17.481],[-55.472,-17.484],[-55.465,-17.487],[-55.463,-17.492],[-55.459,-17.494],[-55.459,-17.5],[-55.454,-17.5],[-55.454,-17.508],[-55.444,-17.512],[-55.445,-17.506],[-55.433,-17.512],[-55.428,-17.509],[-55.423,-17.51],[-55.423,-17.514],[-55.42,-17.512],[-55.416,-17.515],[-55.405,-17.512],[-55.399,-17.516],[-55.392,-17.517],[-55.391,-17.521],[-55.387,-17.519],[-55.383,-17.525],[-55.381,-17.524],[-55.377,-17.515],[-55.373,-17.522],[-55.367,-17.524],[-55.362,-17.527],[-55.359,-17.526],[-55.354,-17.532],[-55.354,-17.541],[-55.352,-17.543],[-55.352,-17.548],[-55.348,-17.547],[-55.339,-17.549],[-55.338,-17.545],[-55.336,-17.549],[-55.332,-17.549],[-55.328,-17.552],[-55.324,-17.553],[-55.324,-17.55],[-55.33,-17.548],[-55.326,-17.546],[-55.323,-17.542],[-55.32,-17.545],[-55.31,-17.545],[-55.306,-17.543],[-55.3,-17.541],[-55.294,-17.542],[-55.292,-17.545],[-55.297,-17.551],[-55.29,-17.55],[-55.284,-17.552],[-55.29,-17.56],[-55.283,-17.557],[-55.281,-17.563],[-55.274,-17.565],[-55.275,-17.559],[-55.271,-17.56],[-55.269,-17.557],[-55.267,-17.561],[-55.263,-17.565],[-55.267,-17.566],[-55.264,-17.572],[-55.264,-17.578],[-55.258,-17.574],[-55.254,-17.577],[-55.255,-17.582],[-55.251,-17.583],[-55.25,-17.587],[-55.252,-17.592],[-55.245,-17.591],[-55.249,-17.595],[-55.246,-17.596],[-55.245,-17.6],[-55.243,-17.602],[-55.243,-17.594],[-55.24,-17.6],[-55.237,-17.6],[-55.237,-17.596],[-55.235,-17.598],[-55.232,-17.596],[-55.228,-17.601],[-55.227,-17.599],[-55.225,-17.602],[-55.218,-17.608],[-55.217,-17.611],[-55.219,-17.613],[-55.224,-17.609],[-55.225,-17.612],[-55.221,-17.617],[-55.209,-17.616],[-55.205,-17.614],[-55.203,-17.618],[-55.2,-17.617],[-55.194,-17.62],[-55.194,-17.628],[-55.191,-17.628],[-55.187,-17.621],[-55.184,-17.62],[-55.185,-17.624],[-55.181,-17.625],[-55.174,-17.631],[-55.176,-17.634],[-55.173,-17.636],[-55.167,-17.634],[-55.172,-17.638],[-55.171,-17.641],[-55.166,-17.637],[-55.163,-17.638],[-55.163,-17.642],[-55.149,-17.643],[-55.142,-17.639],[-55.144,-17.645],[-55.139,-17.648],[-55.142,-17.657],[-55.141,-17.659],[-55.144,-17.667],[-55.202,-17.876],[-55.306,-18.248],[-55.307,-18.248],[-55.399,-18.582],[-55.401,-18.588],[-55.528,-18.94],[-55.536,-18.945],[-55.547,-18.957],[-55.55,-18.962],[-55.555,-18.968],[-55.558,-18.973],[-55.566,-18.974],[-55.572,-18.981],[-55.578,-18.982],[-55.583,-18.989],[-55.587,-18.99],[-55.596,-18.997],[-55.607,-19.007],[-55.609,-19.01],[-55.615,-19.016],[-55.615,-19.019],[-55.621,-19.021],[-55.624,-19.024],[-55.63,-19.025],[-55.634,-19.031],[-55.64,-19.034],[-55.644,-19.045],[-55.647,-19.045],[-55.648,-19.049],[-55.652,-19.051],[-55.655,-19.055],[-55.658,-19.053],[-55.668,-19.058],[-55.671,-19.065],[-55.677,-19.071],[-55.682,-19.073],[-55.687,-19.073],[-55.691,-19.08],[-55.696,-19.082],[-55.7,-19.086],[-55.704,-19.092],[-55.704,-19.098],[-55.707,-19.103],[-55.709,-19.11],[-55.713,-19.111],[-55.719,-19.118],[-55.721,-19.123],[-55.724,-19.124],[-55.727,-19.129],[-55.73,-19.139],[-55.734,-19.145],[-55.732,-19.15],[-55.737,-19.153],[-55.737,-19.161],[-55.748,-19.169],[-55.75,-19.177],[-55.753,-19.181],[-55.76,-19.186],[-55.76,-19.188],[-55.765,-19.194],[-55.764,-19.198],[-55.766,-19.202],[-55.767,-19.211],[-55.774,-19.214],[-55.774,-19.219],[-55.779,-19.229],[-55.784,-19.235],[-55.784,-19.243],[-55.789,-19.247],[-55.79,-19.257],[-55.794,-19.259],[-55.803,-19.267],[-55.807,-19.274],[-55.817,-19.281],[-55.823,-19.286],[-55.824,-19.292],[-55.822,-19.298],[-55.826,-19.305],[-55.82,-19.316],[-55.819,-19.321],[-55.82,-19.328],[-55.827,-19.339],[-55.833,-19.341],[-55.834,-19.347],[-55.836,-19.35],[-55.847,-19.351],[-55.852,-19.353],[-55.853,-19.355],[-55.853,-19.362],[-55.86,-19.371],[-55.863,-19.373],[-55.872,-19.375],[-55.881,-19.39],[-55.885,-19.389],[-55.89,-19.392],[-55.892,-19.395],[-55.891,-19.401],[-55.894,-19.404],[-55.898,-19.417],[-55.912,-19.422],[-55.92,-19.423],[-55.926,-19.437],[-55.934,-19.438],[-55.938,-19.441],[-55.943,-19.449],[-55.949,-19.465],[-55.953,-19.466],[-55.96,-19.465],[-55.972,-19.466],[-55.973,-19.279],[-56.58,-19.277],[-56.619,-19.514],[-56.852,-19.606],[-56.853,-19.609],[-56.858,-19.61],[-56.857,-19.617],[-56.864,-19.618],[-56.867,-19.62],[-56.869,-19.619],[-56.875,-19.619],[-56.88,-19.618],[-56.88,-19.622],[-56.883,-19.623],[-56.886,-19.62],[-56.89,-19.618],[-56.889,-19.616],[-56.893,-19.617],[-56.893,-19.614],[-56.897,-19.617],[-56.898,-19.613],[-56.903,-19.61],[-56.906,-19.611],[-56.905,-19.614],[-56.909,-19.614],[-56.92,-19.612],[-56.921,-19.615],[-56.927,-19.615],[-56.929,-19.612],[-56.932,-19.617],[-56.937,-19.618],[-56.936,-19.616],[-56.944,-19.616],[-56.946,-19.619],[-56.948,-19.617],[-56.955,-19.619],[-56.961,-19.62],[-56.964,-19.623],[-56.965,-19.619],[-56.972,-19.619],[-56.97,-19.615],[-56.974,-19.614],[-56.976,-19.611],[-56.979,-19.61],[-56.983,-19.614],[-56.989,-19.616],[-56.998,-19.614],[-56.999,-19.62],[-56.995,-19.621]],[[-57.466,-19.027],[-57.47,-19.027],[-57.475,-19.024],[-57.486,-19.02],[-57.51,-19.019],[-57.514,-19.017],[-57.521,-19.01],[-57.525,-19.009],[-57.534,-19.011],[-57.541,-19.015],[-57.551,-19.016],[-57.558,-19.013],[-57.568,-19.007],[-57.582,-19.002],[-57.601,-18.999],[-57.614,-18.999],[-57.618,-19.008],[-57.62,-19.023],[-57.625,-19.023],[-57.63,-19.028],[-57.633,-19.032],[-57.633,-19.038],[-57.631,-19.057],[-57.64,-19.061],[-57.641,-19.077],[-57.64,-19.084],[-57.646,-19.086],[-57.654,-19.085],[-57.661,-19.088],[-57.664,-19.1],[-57.664,-19.11],[-57.67,-19.118],[-57.675,-19.124],[-57.678,-19.137],[-57.667,-19.167],[-57.608,-19.186],[-57.598,-19.201],[-57.593,-19.201],[-57.589,-19.199],[-57.582,-19.192],[-57.58,-19.191],[-57.571,-19.192],[-57.566,-19.194],[-57.553,-19.196],[-57.549,-19.206],[-57.54,-19.213],[-57.534,-19.216],[-57.529,-19.219],[-57.523,-19.219],[-57.508,-19.21],[-57.506,-19.204],[-57.504,-19.187],[-57.504,-19.179],[-57.506,-19.153],[-57.501,-19.141],[-57.503,-19.131],[-57.503,-19.122],[-57.502,-19.116],[-57.5,-19.114],[-57.492,-19.095],[-57.484,-19.085],[-57.47,-19.068],[-57.46,-19.061],[-57.458,-19.05],[-57.466,-19.027]]]}},{"type":"Feature","properties":{"c":"5003256"},"geometry":{"type":"Polygon","coordinates":[[[-52.921,-18.613],[-52.926,-18.622],[-52.935,-18.628],[-52.943,-18.632],[-52.952,-18.639],[-52.961,-18.65],[-52.963,-18.649],[-52.971,-18.653],[-52.991,-18.668],[-52.997,-18.669],[-53.0,-18.668],[-53.017,-18.671],[-53.019,-18.676],[-53.021,-18.696],[-53.023,-18.7],[-53.028,-18.707],[-53.028,-18.709],[-53.034,-18.713],[-53.038,-18.719],[-53.043,-18.723],[-53.043,-18.73],[-53.04,-18.737],[-53.037,-18.739],[-53.038,-18.745],[-53.044,-18.763],[-53.049,-18.764],[-53.046,-18.773],[-53.043,-18.776],[-53.046,-18.779],[-53.046,-18.784],[-53.049,-18.786],[-53.053,-18.792],[-53.048,-18.794],[-53.046,-18.798],[-53.051,-18.801],[-53.052,-18.804],[-53.056,-18.805],[-53.061,-18.809],[-53.062,-18.817],[-53.068,-18.821],[-53.07,-18.826],[-53.074,-18.829],[-53.08,-18.836],[-53.086,-18.847],[-53.091,-18.851],[-53.092,-18.858],[-53.101,-18.862],[-53.103,-18.864],[-53.108,-18.875],[-53.109,-18.881],[-53.127,-18.891],[-53.131,-18.899],[-53.142,-18.899],[-53.144,-18.917],[-53.149,-18.925],[-53.156,-18.928],[-53.162,-18.933],[-53.164,-18.941],[-53.167,-18.944],[-53.167,-18.983],[-53.169,-18.987],[-53.173,-18.987],[-53.172,-18.983],[-53.179,-18.984],[-53.177,-18.982],[-53.182,-18.98],[-53.176,-18.976],[-53.175,-18.972],[-53.187,-18.973],[-53.187,-18.971],[-53.192,-18.969],[-53.192,-18.962],[-53.196,-18.963],[-53.196,-18.957],[-53.199,-18.958],[-53.203,-18.954],[-53.208,-18.957],[-53.21,-18.955],[-53.214,-18.956],[-53.216,-18.951],[-53.22,-18.953],[-53.225,-18.945],[-53.225,-18.948],[-53.229,-18.948],[-53.24,-18.943],[-53.243,-18.937],[-53.249,-18.937],[-53.249,-18.934],[-53.253,-18.927],[-53.258,-18.922],[-53.26,-18.926],[-53.268,-18.918],[-53.268,-18.914],[-53.271,-18.91],[-53.269,-18.909],[-53.273,-18.906],[-53.276,-18.9],[-53.279,-18.9],[-53.278,-18.897],[-53.282,-18.897],[-53.285,-18.893],[-53.29,-18.893],[-53.292,-18.89],[-53.294,-18.894],[-53.296,-18.891],[-53.296,-18.896],[-53.299,-18.895],[-53.302,-18.892],[-53.3,-18.89],[-53.304,-18.888],[-53.312,-18.893],[-53.318,-18.894],[-53.327,-18.899],[-53.33,-18.904],[-53.34,-18.911],[-53.344,-18.915],[-53.351,-18.919],[-53.382,-18.944],[-53.388,-18.943],[-53.396,-18.943],[-53.401,-18.941],[-53.406,-18.936],[-53.411,-18.928],[-53.415,-18.915],[-53.421,-18.908],[-53.428,-18.905],[-53.437,-18.896],[-53.441,-18.896],[-53.449,-18.897],[-53.453,-18.897],[-53.456,-18.894],[-53.459,-18.884],[-53.463,-18.875],[-53.468,-18.869],[-53.475,-18.863],[-53.481,-18.86],[-53.49,-18.85],[-53.489,-18.838],[-53.345,-18.775],[-53.351,-18.772],[-53.356,-18.766],[-53.356,-18.763],[-53.362,-18.759],[-53.363,-18.751],[-53.366,-18.747],[-53.371,-18.747],[-53.371,-18.744],[-53.374,-18.744],[-53.377,-18.741],[-53.377,-18.737],[-53.379,-18.734],[-53.378,-18.732],[-53.382,-18.723],[-53.378,-18.712],[-53.373,-18.708],[-53.376,-18.703],[-53.375,-18.698],[-53.369,-18.697],[-53.374,-18.689],[-53.372,-18.683],[-53.373,-18.68],[-53.383,-18.674],[-53.397,-18.668],[-53.409,-18.657],[-53.415,-18.654],[-53.428,-18.656],[-53.433,-18.655],[-53.435,-18.631],[-53.441,-18.632],[-53.453,-18.629],[-53.458,-18.629],[-53.467,-18.621],[-53.469,-18.618],[-53.467,-18.613],[-53.463,-18.602],[-53.47,-18.598],[-53.471,-18.592],[-53.474,-18.586],[-53.474,-18.581],[-53.472,-18.577],[-53.477,-18.573],[-53.478,-18.569],[-53.482,-18.565],[-53.485,-18.56],[-53.484,-18.556],[-53.487,-18.551],[-53.501,-18.521],[-53.508,-18.516],[-53.516,-18.515],[-53.525,-18.507],[-53.55,-18.477],[-53.552,-18.475],[-53.56,-18.47],[-53.561,-18.468],[-53.559,-18.461],[-53.559,-18.455],[-53.566,-18.446],[-53.577,-18.442],[-53.581,-18.437],[-53.58,-18.436],[-53.574,-18.437],[-53.57,-18.435],[-53.567,-18.437],[-53.562,-18.433],[-53.559,-18.435],[-53.557,-18.433],[-53.556,-18.429],[-53.551,-18.425],[-53.546,-18.419],[-53.543,-18.42],[-53.53,-18.418],[-53.525,-18.417],[-53.521,-18.408],[-53.513,-18.408],[-53.508,-18.409],[-53.504,-18.404],[-53.499,-18.401],[-53.492,-18.404],[-53.488,-18.411],[-53.487,-18.416],[-53.484,-18.411],[-53.481,-18.409],[-53.472,-18.408],[-53.466,-18.404],[-53.462,-18.403],[-53.457,-18.398],[-53.453,-18.391],[-53.446,-18.391],[-53.442,-18.387],[-53.436,-18.385],[-53.436,-18.383],[-53.439,-18.377],[-53.442,-18.37],[-53.442,-18.365],[-53.447,-18.36],[-53.449,-18.354],[-53.449,-18.351],[-53.434,-18.336],[-53.431,-18.331],[-53.431,-18.327],[-53.44,-18.317],[-53.446,-18.31],[-53.445,-18.303],[-53.449,-18.295],[-53.451,-18.288],[-53.455,-18.287],[-53.456,-18.281],[-53.459,-18.281],[-53.461,-18.278],[-53.457,-18.274],[-53.455,-18.269],[-53.453,-18.27],[-53.447,-18.267],[-53.444,-18.263],[-53.444,-18.259],[-53.44,-18.255],[-53.432,-18.253],[-53.429,-18.25],[-53.41,-18.246],[-53.4,-18.24],[-53.391,-18.241],[-53.385,-18.247],[-53.381,-18.249],[-53.376,-18.249],[-53.371,-18.253],[-53.363,-18.256],[-53.352,-18.254],[-53.347,-18.257],[-53.33,-18.239],[-53.331,-18.235],[-53.34,-18.233],[-53.341,-18.23],[-53.348,-18.224],[-53.35,-18.224],[-53.355,-18.222],[-53.358,-18.218],[-53.363,-18.217],[-53.372,-18.209],[-53.376,-18.209],[-53.38,-18.206],[-53.38,-18.203],[-53.373,-18.199],[-53.364,-18.201],[-53.358,-18.194],[-53.353,-18.195],[-53.345,-18.2],[-53.343,-18.204],[-53.336,-18.205],[-53.326,-18.21],[-53.314,-18.209],[-53.309,-18.206],[-53.301,-18.201],[-53.294,-18.197],[-53.291,-18.192],[-53.287,-18.183],[-53.28,-18.182],[-53.274,-18.174],[-53.269,-18.171],[-53.266,-18.165],[-53.262,-18.163],[-53.249,-18.16],[-53.243,-18.155],[-53.236,-18.145],[-53.235,-18.139],[-53.233,-18.136],[-53.227,-18.135],[-53.223,-18.131],[-53.22,-18.127],[-53.221,-18.121],[-53.224,-18.109],[-53.224,-18.099],[-53.225,-18.094],[-53.225,-18.084],[-53.227,-18.076],[-53.225,-18.066],[-53.235,-18.055],[-53.236,-18.051],[-53.236,-18.043],[-53.238,-18.02],[-53.238,-18.007],[-53.23,-18.012],[-53.218,-18.014],[-53.209,-18.018],[-53.205,-18.022],[-53.199,-18.02],[-53.196,-18.025],[-53.195,-18.03],[-53.191,-18.036],[-53.182,-18.038],[-53.177,-18.042],[-53.174,-18.042],[-53.074,-18.035],[-53.072,-18.036],[-53.073,-18.045],[-53.076,-18.051],[-53.082,-18.055],[-53.089,-18.057],[-53.103,-18.059],[-53.11,-18.059],[-53.116,-18.058],[-53.124,-18.059],[-53.13,-18.062],[-53.136,-18.067],[-53.14,-18.072],[-53.142,-18.078],[-53.143,-18.084],[-53.141,-18.096],[-53.137,-18.113],[-53.137,-18.119],[-53.129,-18.138],[-53.129,-18.146],[-53.13,-18.156],[-53.13,-18.161],[-53.123,-18.18],[-53.119,-18.195],[-53.11,-18.22],[-53.11,-18.225],[-53.111,-18.235],[-53.11,-18.248],[-53.108,-18.26],[-53.102,-18.273],[-53.102,-18.278],[-53.104,-18.292],[-53.103,-18.303],[-53.1,-18.314],[-53.083,-18.327],[-53.075,-18.336],[-53.072,-18.342],[-53.065,-18.344],[-53.057,-18.343],[-53.045,-18.344],[-53.035,-18.348],[-53.028,-18.352],[-53.023,-18.349],[-53.019,-18.341],[-53.017,-18.331],[-53.014,-18.326],[-53.005,-18.322],[-52.997,-18.316],[-52.984,-18.307],[-52.965,-18.299],[-52.954,-18.297],[-52.948,-18.296],[-52.935,-18.297],[-52.929,-18.299],[-52.914,-18.301],[-52.903,-18.306],[-52.894,-18.308],[-52.876,-18.314],[-52.873,-18.315],[-52.856,-18.312],[-52.842,-18.312],[-52.828,-18.311],[-52.814,-18.311],[-52.797,-18.316],[-52.787,-18.321],[-52.776,-18.329],[-52.764,-18.341],[-52.759,-18.348],[-52.758,-18.358],[-52.759,-18.363],[-52.762,-18.371],[-52.77,-18.38],[-52.784,-18.388],[-52.788,-18.393],[-52.793,-18.408],[-52.799,-18.415],[-52.807,-18.418],[-52.828,-18.42],[-52.838,-18.424],[-52.851,-18.422],[-52.871,-18.426],[-52.876,-18.431],[-52.879,-18.443],[-52.879,-18.456],[-52.881,-18.465],[-52.894,-18.473],[-52.899,-18.477],[-52.907,-18.486],[-52.91,-18.492],[-52.913,-18.505],[-52.916,-18.509],[-52.92,-18.511],[-52.943,-18.517],[-52.945,-18.52],[-52.955,-18.534],[-52.962,-18.541],[-52.965,-18.55],[-52.954,-18.562],[-52.952,-18.577],[-52.949,-18.582],[-52.942,-18.586],[-52.934,-18.599],[-52.938,-18.607],[-52.941,-18.611],[-52.937,-18.614],[-52.926,-18.613],[-52.921,-18.613]]]}},{"type":"Feature","properties":{"c":"5003306"},"geometry":{"type":"Polygon","coordinates":[[[-55.306,-18.248],[-55.202,-17.876],[-55.144,-17.667],[-55.141,-17.659],[-55.142,-17.657],[-55.139,-17.648],[-55.137,-17.65],[-55.137,-17.655],[-55.141,-17.66],[-55.14,-17.665],[-55.143,-17.669],[-55.141,-17.675],[-55.144,-17.682],[-55.141,-17.683],[-55.142,-17.688],[-55.146,-17.691],[-55.144,-17.692],[-55.145,-17.695],[-55.148,-17.701],[-55.149,-17.698],[-55.154,-17.701],[-55.154,-17.705],[-55.149,-17.712],[-55.149,-17.716],[-55.153,-17.72],[-55.152,-17.734],[-55.156,-17.736],[-55.156,-17.739],[-55.159,-17.74],[-55.157,-17.744],[-55.152,-17.748],[-55.154,-17.75],[-55.154,-17.753],[-55.145,-17.752],[-55.14,-17.756],[-55.134,-17.758],[-55.134,-17.766],[-55.132,-17.773],[-55.134,-17.772],[-55.136,-17.777],[-55.132,-17.787],[-55.132,-17.793],[-55.135,-17.799],[-55.133,-17.806],[-55.131,-17.809],[-55.128,-17.821],[-55.125,-17.827],[-55.127,-17.827],[-55.126,-17.831],[-55.121,-17.829],[-55.117,-17.832],[-55.11,-17.829],[-55.109,-17.833],[-55.107,-17.832],[-55.105,-17.836],[-55.101,-17.837],[-55.101,-17.846],[-55.099,-17.847],[-55.094,-17.846],[-55.092,-17.849],[-55.089,-17.848],[-55.083,-17.852],[-55.087,-17.853],[-55.087,-17.858],[-55.084,-17.864],[-55.077,-17.863],[-55.074,-17.865],[-55.072,-17.872],[-55.062,-17.877],[-55.061,-17.879],[-55.057,-17.877],[-55.053,-17.878],[-55.051,-17.877],[-55.049,-17.88],[-55.045,-17.877],[-55.039,-17.888],[-55.034,-17.888],[-55.028,-17.89],[-55.024,-17.89],[-55.018,-17.887],[-55.021,-17.883],[-55.017,-17.884],[-55.014,-17.879],[-55.01,-17.88],[-55.01,-17.883],[-55.006,-17.884],[-55.002,-17.882],[-54.999,-17.884],[-54.996,-17.882],[-54.989,-17.882],[-54.984,-17.886],[-54.983,-17.889],[-54.976,-17.89],[-54.976,-17.892],[-54.972,-17.897],[-54.969,-17.897],[-54.966,-17.892],[-54.966,-17.896],[-54.962,-17.899],[-54.96,-17.898],[-54.957,-17.904],[-54.949,-17.908],[-54.947,-17.911],[-54.948,-17.913],[-54.942,-17.915],[-54.943,-17.922],[-54.946,-17.922],[-54.946,-17.931],[-54.943,-17.932],[-54.942,-17.936],[-54.938,-17.937],[-54.939,-17.942],[-54.938,-17.948],[-54.934,-17.947],[-54.93,-17.953],[-54.928,-17.952],[-54.923,-17.959],[-54.923,-17.96],[-54.916,-17.964],[-54.913,-17.967],[-54.912,-17.97],[-54.906,-17.972],[-54.905,-17.976],[-54.903,-17.979],[-54.898,-17.977],[-54.896,-17.982],[-54.888,-17.985],[-54.882,-17.992],[-54.877,-17.99],[-54.876,-17.996],[-54.864,-17.999],[-54.863,-18.001],[-54.857,-18.001],[-54.855,-17.999],[-54.845,-18.003],[-54.84,-18.002],[-54.837,-18.0],[-54.838,-17.996],[-54.829,-17.995],[-54.825,-17.999],[-54.82,-17.994],[-54.815,-17.995],[-54.812,-17.993],[-54.81,-17.995],[-54.806,-17.995],[-54.804,-17.992],[-54.804,-17.984],[-54.79,-17.982],[-54.787,-17.984],[-54.786,-17.982],[-54.782,-17.984],[-54.779,-17.981],[-54.776,-17.982],[-54.767,-17.979],[-54.767,-17.976],[-54.762,-17.977],[-54.76,-17.973],[-54.757,-17.975],[-54.756,-17.972],[-54.753,-17.973],[-54.752,-17.97],[-54.749,-17.97],[-54.75,-17.967],[-54.744,-17.963],[-54.741,-17.959],[-54.74,-17.954],[-54.741,-17.948],[-54.738,-17.941],[-54.738,-17.936],[-54.736,-17.937],[-54.728,-17.928],[-54.723,-17.928],[-54.715,-17.921],[-54.712,-17.922],[-54.71,-17.919],[-54.707,-17.922],[-54.701,-17.923],[-54.694,-17.921],[-54.689,-17.915],[-54.677,-17.964],[-54.679,-18.007],[-54.682,-18.023],[-54.691,-18.074],[-54.696,-18.103],[-54.7,-18.123],[-54.699,-18.129],[-54.695,-18.135],[-54.676,-18.149],[-54.666,-18.16],[-54.657,-18.178],[-54.654,-18.186],[-54.613,-18.176],[-54.61,-18.18],[-54.6,-18.188],[-54.598,-18.191],[-54.6,-18.198],[-54.599,-18.203],[-54.601,-18.207],[-54.6,-18.213],[-54.596,-18.216],[-54.596,-18.22],[-54.599,-18.225],[-54.6,-18.232],[-54.599,-18.237],[-54.601,-18.24],[-54.603,-18.251],[-54.601,-18.262],[-54.6,-18.268],[-54.597,-18.271],[-54.596,-18.276],[-54.592,-18.279],[-54.588,-18.274],[-54.587,-18.269],[-54.584,-18.251],[-54.581,-18.247],[-54.578,-18.247],[-54.575,-18.241],[-54.57,-18.239],[-54.567,-18.236],[-54.565,-18.231],[-54.56,-18.228],[-54.555,-18.216],[-54.551,-18.21],[-54.534,-18.202],[-54.529,-18.194],[-54.523,-18.19],[-54.51,-18.191],[-54.502,-18.189],[-54.496,-18.184],[-54.49,-18.182],[-54.483,-18.177],[-54.476,-18.169],[-54.471,-18.168],[-54.47,-18.162],[-54.456,-18.154],[-54.452,-18.151],[-54.445,-18.152],[-54.44,-18.152],[-54.432,-18.136],[-54.43,-18.134],[-54.425,-18.136],[-54.422,-18.136],[-54.421,-18.13],[-54.418,-18.13],[-54.413,-18.133],[-54.409,-18.133],[-54.401,-18.126],[-54.396,-18.127],[-54.395,-18.135],[-54.397,-18.141],[-54.388,-18.147],[-54.385,-18.147],[-54.381,-18.144],[-54.363,-18.14],[-54.358,-18.138],[-54.346,-18.14],[-54.342,-18.137],[-54.339,-18.133],[-54.336,-18.132],[-54.329,-18.135],[-54.326,-18.136],[-54.314,-18.135],[-54.307,-18.137],[-54.304,-18.136],[-54.305,-18.13],[-54.304,-18.127],[-54.298,-18.126],[-54.292,-18.126],[-54.287,-18.123],[-54.285,-18.118],[-54.282,-18.118],[-54.279,-18.122],[-54.281,-18.128],[-54.28,-18.131],[-54.276,-18.132],[-54.272,-18.129],[-54.272,-18.123],[-54.27,-18.111],[-54.264,-18.111],[-54.256,-18.109],[-54.251,-18.112],[-54.249,-18.111],[-54.25,-18.104],[-54.242,-18.1],[-54.238,-18.096],[-54.23,-18.093],[-54.224,-18.093],[-54.219,-18.096],[-54.213,-18.095],[-54.203,-18.091],[-54.196,-18.095],[-54.191,-18.095],[-54.184,-18.103],[-54.187,-18.105],[-54.183,-18.105],[-54.176,-18.112],[-54.176,-18.121],[-54.172,-18.126],[-54.166,-18.128],[-54.16,-18.134],[-54.157,-18.142],[-54.149,-18.148],[-54.145,-18.153],[-54.142,-18.159],[-54.141,-18.17],[-54.14,-18.174],[-54.141,-18.179],[-54.138,-18.185],[-54.14,-18.189],[-54.14,-18.195],[-54.142,-18.201],[-54.142,-18.211],[-54.138,-18.216],[-54.137,-18.223],[-54.139,-18.227],[-54.14,-18.233],[-54.139,-18.241],[-54.14,-18.252],[-54.139,-18.256],[-54.135,-18.261],[-54.137,-18.267],[-54.134,-18.269],[-54.13,-18.284],[-54.134,-18.288],[-54.135,-18.292],[-54.138,-18.295],[-54.14,-18.301],[-54.145,-18.307],[-54.151,-18.309],[-54.153,-18.313],[-54.161,-18.316],[-54.169,-18.324],[-54.177,-18.334],[-54.182,-18.334],[-54.19,-18.339],[-54.198,-18.346],[-54.205,-18.35],[-54.175,-18.346],[-54.172,-18.342],[-54.168,-18.341],[-54.158,-18.339],[-54.152,-18.334],[-54.149,-18.334],[-54.14,-18.331],[-54.126,-18.335],[-54.12,-18.343],[-54.119,-18.349],[-54.111,-18.353],[-54.103,-18.353],[-54.099,-18.355],[-54.093,-18.355],[-54.091,-18.357],[-54.09,-18.362],[-54.087,-18.366],[-54.088,-18.377],[-54.09,-18.39],[-54.086,-18.397],[-54.086,-18.405],[-54.091,-18.409],[-54.092,-18.414],[-54.087,-18.424],[-54.082,-18.44],[-54.079,-18.447],[-54.082,-18.459],[-54.086,-18.464],[-54.085,-18.468],[-54.08,-18.475],[-54.081,-18.482],[-54.077,-18.488],[-54.076,-18.497],[-54.077,-18.505],[-54.078,-18.507],[-54.077,-18.51],[-54.081,-18.516],[-54.094,-18.512],[-54.098,-18.513],[-54.101,-18.511],[-54.11,-18.515],[-54.113,-18.523],[-54.117,-18.524],[-54.12,-18.53],[-54.126,-18.53],[-54.134,-18.535],[-54.141,-18.534],[-54.146,-18.535],[-54.154,-18.535],[-54.158,-18.538],[-54.16,-18.547],[-54.164,-18.553],[-54.161,-18.556],[-54.164,-18.56],[-54.168,-18.561],[-54.17,-18.565],[-54.171,-18.574],[-54.177,-18.581],[-54.181,-18.582],[-54.19,-18.582],[-54.193,-18.58],[-54.199,-18.58],[-54.2,-18.583],[-54.203,-18.581],[-54.207,-18.583],[-54.209,-18.58],[-54.215,-18.578],[-54.219,-18.579],[-54.221,-18.577],[-54.226,-18.576],[-54.24,-18.584],[-54.248,-18.584],[-54.253,-18.585],[-54.26,-18.582],[-54.264,-18.585],[-54.265,-18.582],[-54.27,-18.579],[-54.278,-18.581],[-54.277,-18.577],[-54.279,-18.571],[-54.285,-18.567],[-54.288,-18.566],[-54.288,-18.559],[-54.295,-18.561],[-54.297,-18.565],[-54.301,-18.563],[-54.307,-18.562],[-54.317,-18.568],[-54.318,-18.572],[-54.322,-18.574],[-54.321,-18.58],[-54.326,-18.589],[-54.336,-18.593],[-54.335,-18.597],[-54.331,-18.597],[-54.328,-18.602],[-54.332,-18.607],[-54.339,-18.61],[-54.339,-18.616],[-54.342,-18.62],[-54.347,-18.62],[-54.348,-18.624],[-54.342,-18.63],[-54.345,-18.633],[-54.353,-18.634],[-54.354,-18.637],[-54.348,-18.639],[-54.35,-18.643],[-54.355,-18.644],[-54.356,-18.65],[-54.359,-18.655],[-54.356,-18.659],[-54.364,-18.661],[-54.371,-18.668],[-54.373,-18.676],[-54.379,-18.677],[-54.382,-18.679],[-54.384,-18.684],[-54.381,-18.691],[-54.383,-18.695],[-54.384,-18.695],[-54.39,-18.7],[-54.393,-18.705],[-54.398,-18.709],[-54.406,-18.709],[-54.41,-18.706],[-54.414,-18.708],[-54.416,-18.711],[-54.423,-18.71],[-54.427,-18.716],[-54.431,-18.717],[-54.433,-18.723],[-54.44,-18.729],[-54.445,-18.73],[-54.449,-18.728],[-54.45,-18.724],[-54.455,-18.721],[-54.46,-18.726],[-54.475,-18.73],[-54.478,-18.728],[-54.485,-18.727],[-54.489,-18.725],[-54.497,-18.726],[-54.507,-18.725],[-54.513,-18.724],[-54.522,-18.725],[-54.527,-18.724],[-54.532,-18.725],[-54.539,-18.723],[-54.542,-18.723],[-54.557,-18.714],[-54.565,-18.716],[-54.574,-18.712],[-54.58,-18.708],[-54.588,-18.694],[-54.593,-18.691],[-54.605,-18.681],[-54.611,-18.674],[-54.614,-18.672],[-54.616,-18.667],[-54.614,-18.656],[-54.616,-18.651],[-54.623,-18.647],[-54.626,-18.642],[-54.624,-18.633],[-54.623,-18.628],[-54.627,-18.627],[-54.636,-18.623],[-54.638,-18.62],[-54.643,-18.622],[-54.65,-18.621],[-54.66,-18.613],[-54.674,-18.611],[-54.677,-18.608],[-54.679,-18.603],[-54.685,-18.601],[-54.69,-18.602],[-54.693,-18.602],[-54.694,-18.599],[-54.691,-18.596],[-54.693,-18.595],[-54.699,-18.598],[-54.703,-18.594],[-54.706,-18.592],[-54.716,-18.591],[-54.722,-18.591],[-54.726,-18.589],[-54.731,-18.578],[-54.73,-18.572],[-54.731,-18.57],[-54.736,-18.567],[-54.738,-18.56],[-54.743,-18.56],[-54.746,-18.554],[-54.746,-18.547],[-54.742,-18.54],[-54.739,-18.531],[-54.74,-18.527],[-54.743,-18.536],[-54.749,-18.55],[-54.763,-18.579],[-54.756,-18.521],[-54.758,-18.513],[-54.764,-18.505],[-54.756,-18.494],[-54.757,-18.491],[-54.761,-18.487],[-54.771,-18.48],[-54.786,-18.468],[-54.794,-18.468],[-54.8,-18.465],[-54.803,-18.459],[-54.803,-18.451],[-54.808,-18.445],[-54.816,-18.444],[-54.82,-18.445],[-54.827,-18.444],[-54.83,-18.436],[-54.836,-18.431],[-54.846,-18.425],[-54.847,-18.421],[-54.851,-18.421],[-54.853,-18.424],[-54.848,-18.429],[-54.844,-18.431],[-54.843,-18.435],[-54.848,-18.435],[-54.855,-18.432],[-54.861,-18.428],[-54.864,-18.432],[-54.864,-18.438],[-54.87,-18.439],[-54.875,-18.436],[-54.877,-18.431],[-54.88,-18.429],[-54.881,-18.444],[-54.885,-18.445],[-54.89,-18.449],[-54.896,-18.448],[-54.903,-18.444],[-54.908,-18.438],[-54.912,-18.435],[-54.917,-18.44],[-54.927,-18.44],[-54.934,-18.438],[-54.944,-18.43],[-54.953,-18.426],[-54.959,-18.418],[-54.959,-18.412],[-54.964,-18.414],[-54.97,-18.419],[-54.975,-18.416],[-54.972,-18.409],[-54.973,-18.406],[-54.973,-18.396],[-54.979,-18.39],[-54.988,-18.391],[-54.994,-18.386],[-54.994,-18.38],[-54.988,-18.379],[-54.986,-18.376],[-54.987,-18.37],[-54.991,-18.368],[-55.0,-18.367],[-55.006,-18.361],[-55.007,-18.355],[-54.999,-18.354],[-54.998,-18.353],[-55.01,-18.345],[-55.016,-18.344],[-55.021,-18.345],[-55.027,-18.349],[-55.03,-18.347],[-55.031,-18.343],[-55.029,-18.337],[-55.031,-18.331],[-55.035,-18.329],[-55.043,-18.336],[-55.047,-18.334],[-55.048,-18.329],[-55.041,-18.321],[-55.043,-18.316],[-55.047,-18.315],[-55.052,-18.319],[-55.054,-18.319],[-55.055,-18.315],[-55.054,-18.309],[-55.052,-18.302],[-55.049,-18.3],[-55.047,-18.295],[-55.045,-18.293],[-55.039,-18.294],[-55.035,-18.293],[-55.036,-18.289],[-55.045,-18.29],[-55.055,-18.288],[-55.058,-18.288],[-55.065,-18.287],[-55.069,-18.272],[-55.068,-18.267],[-55.074,-18.27],[-55.075,-18.278],[-55.079,-18.281],[-55.091,-18.278],[-55.097,-18.27],[-55.101,-18.265],[-55.101,-18.261],[-55.105,-18.255],[-55.11,-18.246],[-55.117,-18.242],[-55.127,-18.242],[-55.138,-18.24],[-55.142,-18.237],[-55.15,-18.221],[-55.157,-18.222],[-55.16,-18.232],[-55.164,-18.233],[-55.17,-18.228],[-55.173,-18.228],[-55.175,-18.23],[-55.175,-18.236],[-55.179,-18.238],[-55.187,-18.233],[-55.19,-18.229],[-55.198,-18.223],[-55.204,-18.223],[-55.208,-18.229],[-55.207,-18.234],[-55.209,-18.238],[-55.213,-18.238],[-55.22,-18.235],[-55.227,-18.231],[-55.229,-18.224],[-55.233,-18.224],[-55.234,-18.229],[-55.234,-18.241],[-55.235,-18.247],[-55.238,-18.252],[-55.244,-18.252],[-55.248,-18.248],[-55.25,-18.243],[-55.25,-18.238],[-55.246,-18.229],[-55.249,-18.226],[-55.253,-18.228],[-55.259,-18.239],[-55.268,-18.243],[-55.271,-18.251],[-55.282,-18.258],[-55.288,-18.256],[-55.292,-18.249],[-55.291,-18.246],[-55.293,-18.244],[-55.296,-18.247],[-55.3,-18.25],[-55.306,-18.248]]]}},{"type":"Feature","properties":{"c":"5003454"},"geometry":{"type":"Polygon","coordinates":[[[-54.281,-22.292],[-54.263,-22.252],[-54.303,-22.236],[-54.307,-22.233],[-54.309,-22.229],[-54.305,-22.228],[-54.302,-22.222],[-54.298,-22.222],[-54.296,-22.22],[-54.289,-22.218],[-54.284,-22.219],[-54.28,-22.218],[-54.279,-22.213],[-54.282,-22.212],[-54.286,-22.214],[-54.291,-22.213],[-54.282,-22.203],[-54.277,-22.202],[-54.276,-22.199],[-54.269,-22.195],[-54.264,-22.181],[-54.269,-22.18],[-54.272,-22.178],[-54.278,-22.179],[-54.276,-22.174],[-54.278,-22.174],[-54.272,-22.17],[-54.269,-22.172],[-54.262,-22.167],[-54.26,-22.164],[-54.264,-22.159],[-54.264,-22.154],[-54.256,-22.157],[-54.251,-22.157],[-54.248,-22.152],[-54.248,-22.148],[-54.244,-22.143],[-54.243,-22.146],[-54.238,-22.146],[-54.236,-22.141],[-54.231,-22.141],[-54.227,-22.138],[-54.224,-22.131],[-54.228,-22.124],[-54.234,-22.122],[-54.238,-22.125],[-54.24,-22.122],[-54.239,-22.111],[-54.241,-22.107],[-54.24,-22.104],[-54.241,-22.099],[-54.24,-22.095],[-54.246,-22.094],[-54.246,-22.09],[-54.24,-22.09],[-54.24,-22.086],[-54.243,-22.084],[-54.237,-22.08],[-54.238,-22.076],[-54.233,-22.073],[-54.23,-22.068],[-54.227,-22.06],[-54.225,-22.058],[-54.225,-22.05],[-54.22,-22.048],[-54.221,-22.045],[-54.216,-22.038],[-54.219,-22.032],[-54.216,-22.025],[-54.207,-22.02],[-54.202,-22.02],[-54.202,-22.016],[-54.206,-22.017],[-54.207,-22.012],[-54.205,-22.009],[-54.209,-22.006],[-54.207,-22.003],[-54.211,-21.999],[-54.217,-21.996],[-54.221,-21.995],[-54.22,-21.99],[-54.222,-21.987],[-54.219,-21.983],[-54.22,-21.977],[-54.224,-21.978],[-54.227,-21.976],[-54.227,-21.973],[-54.231,-21.972],[-54.229,-21.968],[-54.231,-21.961],[-54.233,-21.961],[-54.228,-21.955],[-54.232,-21.954],[-54.224,-21.953],[-54.221,-21.953],[-54.214,-21.948],[-54.216,-21.943],[-54.214,-21.935],[-54.208,-21.932],[-54.204,-21.938],[-54.201,-21.939],[-54.193,-21.929],[-54.192,-21.925],[-54.188,-21.924],[-54.183,-21.929],[-54.173,-21.935],[-54.169,-21.941],[-54.164,-21.939],[-54.15,-21.939],[-54.144,-21.941],[-54.14,-21.946],[-54.134,-21.945],[-54.127,-21.947],[-54.126,-21.946],[-54.122,-21.95],[-54.119,-21.951],[-54.118,-21.956],[-54.109,-21.963],[-54.103,-21.972],[-54.098,-21.977],[-54.094,-21.984],[-54.092,-21.989],[-54.092,-22.0],[-54.092,-22.011],[-54.09,-22.017],[-54.086,-22.02],[-54.085,-22.029],[-54.086,-22.037],[-54.09,-22.047],[-54.09,-22.051],[-54.089,-22.055],[-54.092,-22.067],[-54.087,-22.083],[-53.994,-22.12],[-54.009,-22.153],[-54.002,-22.155],[-53.997,-22.158],[-54.005,-22.164],[-54.013,-22.165],[-54.017,-22.168],[-54.019,-22.175],[-54.026,-22.19],[-54.093,-22.329],[-54.104,-22.338],[-54.107,-22.339],[-54.115,-22.355],[-54.281,-22.292]]]}},{"type":"Feature","properties":{"c":"5003488"},"geometry":{"type":"Polygon","coordinates":[[[-55.254,-21.016],[-55.266,-20.998],[-55.274,-20.999],[-55.278,-21.001],[-55.301,-21.022],[-55.305,-21.036],[-55.308,-21.04],[-55.318,-21.018],[-55.322,-21.008],[-55.328,-21.003],[-55.334,-21.0],[-55.339,-20.996],[-55.344,-20.993],[-55.344,-20.99],[-55.34,-20.987],[-55.341,-20.984],[-55.347,-20.981],[-55.347,-20.977],[-55.349,-20.976],[-55.357,-20.965],[-55.36,-20.966],[-55.364,-20.964],[-55.371,-20.958],[-55.369,-20.949],[-55.373,-20.945],[-55.373,-20.936],[-55.368,-20.932],[-55.38,-20.927],[-55.381,-20.93],[-55.387,-20.928],[-55.391,-20.926],[-55.391,-20.919],[-55.4,-20.911],[-55.398,-20.902],[-55.395,-20.896],[-55.399,-20.893],[-55.401,-20.882],[-55.408,-20.874],[-55.406,-20.873],[-55.408,-20.869],[-55.41,-20.87],[-55.414,-20.868],[-55.413,-20.865],[-55.419,-20.863],[-55.416,-20.857],[-55.416,-20.852],[-55.413,-20.847],[-55.419,-20.838],[-55.428,-20.836],[-55.439,-20.837],[-55.444,-20.828],[-55.451,-20.826],[-55.45,-20.821],[-55.452,-20.813],[-55.449,-20.809],[-55.456,-20.806],[-55.458,-20.802],[-55.46,-20.802],[-55.46,-20.798],[-55.464,-20.796],[-55.467,-20.788],[-55.464,-20.782],[-55.471,-20.78],[-55.473,-20.777],[-55.471,-20.773],[-55.471,-20.769],[-55.475,-20.769],[-55.481,-20.764],[-55.485,-20.763],[-55.491,-20.757],[-55.502,-20.753],[-55.506,-20.749],[-55.513,-20.744],[-55.515,-20.741],[-55.523,-20.742],[-55.527,-20.741],[-55.527,-20.736],[-55.529,-20.734],[-55.53,-20.727],[-55.526,-20.724],[-55.524,-20.719],[-55.525,-20.715],[-55.523,-20.712],[-55.529,-20.701],[-55.532,-20.704],[-55.533,-20.703],[-55.534,-20.696],[-55.536,-20.698],[-55.541,-20.696],[-55.541,-20.69],[-55.543,-20.687],[-55.548,-20.689],[-55.553,-20.683],[-55.552,-20.678],[-55.55,-20.672],[-55.559,-20.667],[-55.558,-20.663],[-55.563,-20.658],[-55.561,-20.655],[-55.558,-20.655],[-55.555,-20.653],[-55.557,-20.65],[-55.556,-20.643],[-55.561,-20.638],[-55.565,-20.64],[-55.575,-20.631],[-55.574,-20.626],[-55.58,-20.627],[-55.582,-20.624],[-55.582,-20.615],[-55.586,-20.608],[-55.584,-20.604],[-55.584,-20.597],[-55.583,-20.594],[-55.585,-20.591],[-55.579,-20.583],[-55.583,-20.578],[-55.583,-20.575],[-55.579,-20.567],[-55.579,-20.562],[-55.577,-20.559],[-55.578,-20.555],[-55.576,-20.551],[-55.568,-20.548],[-55.568,-20.544],[-55.573,-20.544],[-55.581,-20.539],[-55.577,-20.533],[-55.578,-20.529],[-55.574,-20.521],[-55.583,-20.515],[-55.587,-20.51],[-55.581,-20.501],[-55.577,-20.499],[-55.575,-20.496],[-55.57,-20.493],[-55.566,-20.495],[-55.566,-20.509],[-55.561,-20.511],[-55.553,-20.508],[-55.55,-20.5],[-55.544,-20.493],[-55.542,-20.488],[-55.533,-20.484],[-55.53,-20.476],[-55.523,-20.468],[-55.506,-20.456],[-55.504,-20.456],[-55.492,-20.462],[-55.488,-20.466],[-55.483,-20.467],[-55.481,-20.465],[-55.482,-20.46],[-55.477,-20.458],[-55.476,-20.463],[-55.47,-20.471],[-55.467,-20.476],[-55.464,-20.476],[-55.462,-20.471],[-55.462,-20.461],[-55.458,-20.457],[-55.453,-20.454],[-55.45,-20.449],[-55.452,-20.446],[-55.456,-20.445],[-55.459,-20.44],[-55.451,-20.439],[-55.451,-20.433],[-55.448,-20.429],[-55.451,-20.427],[-55.45,-20.419],[-55.445,-20.415],[-55.445,-20.411],[-55.448,-20.403],[-55.447,-20.396],[-55.445,-20.394],[-55.449,-20.382],[-55.451,-20.379],[-55.451,-20.374],[-55.453,-20.369],[-55.456,-20.366],[-55.454,-20.361],[-55.458,-20.354],[-55.456,-20.351],[-55.456,-20.348],[-55.461,-20.345],[-55.458,-20.34],[-55.46,-20.334],[-55.454,-20.331],[-55.454,-20.326],[-55.459,-20.325],[-55.458,-20.316],[-55.456,-20.315],[-55.452,-20.308],[-55.458,-20.306],[-55.459,-20.3],[-55.462,-20.303],[-55.463,-20.306],[-55.471,-20.306],[-55.472,-20.302],[-55.476,-20.3],[-55.479,-20.302],[-55.486,-20.302],[-55.489,-20.3],[-55.491,-20.294],[-55.499,-20.29],[-55.507,-20.289],[-55.511,-20.287],[-55.518,-20.28],[-55.52,-20.268],[-55.517,-20.259],[-55.518,-20.251],[-55.522,-20.246],[-55.522,-20.244],[-55.512,-20.238],[-55.502,-20.227],[-55.505,-20.22],[-55.514,-20.219],[-55.514,-20.21],[-55.51,-20.198],[-55.498,-20.179],[-55.494,-20.177],[-55.486,-20.167],[-55.485,-20.156],[-55.487,-20.15],[-55.481,-20.145],[-55.473,-20.151],[-55.469,-20.15],[-55.46,-20.145],[-55.456,-20.144],[-55.451,-20.14],[-55.447,-20.143],[-55.445,-20.142],[-55.447,-20.148],[-55.449,-20.148],[-55.448,-20.153],[-55.438,-20.154],[-55.434,-20.153],[-55.432,-20.147],[-55.424,-20.146],[-55.419,-20.152],[-55.414,-20.153],[-55.411,-20.158],[-55.412,-20.169],[-55.409,-20.17],[-55.4,-20.17],[-55.396,-20.175],[-55.39,-20.174],[-55.385,-20.176],[-55.376,-20.173],[-55.371,-20.172],[-55.364,-20.173],[-55.362,-20.175],[-55.357,-20.175],[-55.353,-20.17],[-55.353,-20.166],[-55.348,-20.163],[-55.345,-20.16],[-55.341,-20.159],[-55.337,-20.16],[-55.337,-20.164],[-55.332,-20.171],[-55.328,-20.173],[-55.325,-20.172],[-55.32,-20.174],[-55.302,-20.186],[-55.294,-20.195],[-55.282,-20.2],[-55.277,-20.205],[-55.273,-20.212],[-55.246,-20.226],[-55.25,-20.229],[-55.255,-20.23],[-55.254,-20.243],[-55.255,-20.246],[-55.259,-20.248],[-55.265,-20.243],[-55.272,-20.244],[-55.273,-20.246],[-55.269,-20.248],[-55.268,-20.254],[-55.269,-20.257],[-55.268,-20.262],[-55.269,-20.268],[-55.264,-20.272],[-55.265,-20.275],[-55.27,-20.278],[-55.271,-20.286],[-55.265,-20.287],[-55.261,-20.284],[-55.256,-20.286],[-55.254,-20.284],[-55.248,-20.285],[-55.246,-20.295],[-55.243,-20.3],[-55.243,-20.302],[-55.25,-20.306],[-55.253,-20.31],[-55.253,-20.312],[-55.249,-20.316],[-55.246,-20.321],[-55.249,-20.326],[-55.259,-20.331],[-55.265,-20.338],[-55.267,-20.332],[-55.274,-20.329],[-55.28,-20.322],[-55.285,-20.323],[-55.293,-20.322],[-55.297,-20.323],[-55.297,-20.329],[-55.295,-20.336],[-55.296,-20.338],[-55.301,-20.338],[-55.303,-20.341],[-55.316,-20.34],[-55.32,-20.337],[-55.319,-20.328],[-55.321,-20.325],[-55.328,-20.325],[-55.332,-20.323],[-55.335,-20.319],[-55.345,-20.315],[-55.346,-20.316],[-55.35,-20.325],[-55.344,-20.33],[-55.344,-20.334],[-55.341,-20.338],[-55.341,-20.347],[-55.346,-20.35],[-55.354,-20.346],[-55.356,-20.348],[-55.358,-20.366],[-55.351,-20.372],[-55.351,-20.378],[-55.355,-20.38],[-55.355,-20.386],[-55.358,-20.388],[-55.363,-20.388],[-55.369,-20.396],[-55.369,-20.401],[-55.38,-20.407],[-55.388,-20.409],[-55.39,-20.415],[-55.392,-20.423],[-55.391,-20.432],[-55.384,-20.434],[-55.382,-20.439],[-55.378,-20.442],[-55.379,-20.448],[-55.372,-20.443],[-55.367,-20.443],[-55.36,-20.437],[-55.353,-20.447],[-55.35,-20.444],[-55.351,-20.44],[-55.357,-20.43],[-55.355,-20.428],[-55.349,-20.429],[-55.349,-20.433],[-55.346,-20.433],[-55.346,-20.421],[-55.342,-20.417],[-55.337,-20.417],[-55.336,-20.41],[-55.331,-20.407],[-55.327,-20.408],[-55.324,-20.405],[-55.319,-20.41],[-55.307,-20.413],[-55.307,-20.42],[-55.31,-20.422],[-55.306,-20.423],[-55.304,-20.43],[-55.299,-20.432],[-55.295,-20.438],[-55.286,-20.442],[-55.284,-20.449],[-55.275,-20.448],[-55.271,-20.451],[-55.275,-20.453],[-55.271,-20.454],[-55.273,-20.456],[-55.274,-20.465],[-55.273,-20.473],[-55.27,-20.478],[-55.265,-20.477],[-55.263,-20.484],[-55.261,-20.484],[-55.257,-20.479],[-55.254,-20.479],[-55.252,-20.488],[-55.25,-20.487],[-55.251,-20.495],[-55.255,-20.496],[-55.257,-20.503],[-55.253,-20.504],[-55.253,-20.508],[-55.25,-20.505],[-55.251,-20.512],[-55.243,-20.517],[-55.238,-20.517],[-55.236,-20.521],[-55.24,-20.524],[-55.241,-20.527],[-55.237,-20.531],[-55.234,-20.537],[-55.229,-20.535],[-55.229,-20.538],[-55.217,-20.544],[-55.213,-20.551],[-55.212,-20.555],[-55.215,-20.554],[-55.217,-20.557],[-55.213,-20.564],[-55.214,-20.567],[-55.209,-20.572],[-55.206,-20.574],[-55.204,-20.579],[-55.205,-20.585],[-55.21,-20.59],[-55.21,-20.596],[-55.205,-20.6],[-55.201,-20.601],[-55.202,-20.605],[-55.2,-20.609],[-55.204,-20.614],[-55.204,-20.618],[-55.211,-20.618],[-55.213,-20.628],[-55.209,-20.629],[-55.21,-20.637],[-55.215,-20.64],[-55.213,-20.644],[-55.215,-20.65],[-55.218,-20.652],[-55.211,-20.658],[-55.214,-20.663],[-55.213,-20.667],[-55.21,-20.666],[-55.21,-20.67],[-55.213,-20.673],[-55.216,-20.68],[-55.219,-20.678],[-55.221,-20.689],[-55.221,-20.692],[-55.218,-20.691],[-55.216,-20.695],[-55.21,-20.695],[-55.209,-20.697],[-55.208,-20.702],[-55.203,-20.707],[-55.205,-20.717],[-55.204,-20.722],[-55.196,-20.726],[-55.197,-20.729],[-55.191,-20.727],[-55.183,-20.737],[-55.177,-20.735],[-55.175,-20.742],[-55.173,-20.744],[-55.171,-20.751],[-55.166,-20.756],[-55.167,-20.76],[-55.17,-20.766],[-55.168,-20.768],[-55.164,-20.768],[-55.164,-20.774],[-55.16,-20.773],[-55.157,-20.786],[-55.155,-20.788],[-55.156,-20.792],[-55.152,-20.797],[-55.151,-20.802],[-55.155,-20.811],[-55.152,-20.814],[-55.155,-20.82],[-55.155,-20.825],[-55.156,-20.827],[-55.156,-20.832],[-55.159,-20.834],[-55.165,-20.832],[-55.171,-20.842],[-55.171,-20.845],[-55.167,-20.85],[-55.167,-20.855],[-55.164,-20.86],[-55.17,-20.862],[-55.171,-20.865],[-55.176,-20.866],[-55.184,-20.872],[-55.193,-20.878],[-55.192,-20.88],[-55.201,-20.891],[-55.202,-20.896],[-55.2,-20.903],[-55.203,-20.905],[-55.201,-20.91],[-55.201,-20.922],[-55.198,-20.928],[-55.198,-20.933],[-55.199,-20.941],[-55.203,-20.943],[-55.203,-20.949],[-55.201,-20.952],[-55.199,-20.96],[-55.202,-20.964],[-55.199,-20.969],[-55.199,-20.972],[-55.196,-20.974],[-55.193,-20.979],[-55.192,-20.983],[-55.185,-20.988],[-55.183,-20.991],[-55.191,-20.997],[-55.199,-20.998],[-55.207,-21.002],[-55.209,-21.004],[-55.211,-21.014],[-55.21,-21.018],[-55.208,-21.036],[-55.254,-21.016]]]}},{"type":"Feature","properties":{"c":"5003504"},"geometry":{"type":"Polygon","coordinates":[[[-54.684,-22.067],[-54.68,-22.065],[-54.674,-22.059],[-54.663,-22.043],[-54.661,-22.038],[-54.663,-22.034],[-54.662,-22.025],[-54.664,-22.021],[-54.658,-22.005],[-54.651,-21.997],[-54.652,-21.993],[-54.645,-21.983],[-54.644,-21.974],[-54.641,-21.971],[-54.639,-21.965],[-54.633,-21.952],[-54.626,-21.942],[-54.626,-21.938],[-54.626,-21.93],[-54.629,-21.928],[-54.627,-21.924],[-54.618,-21.929],[-54.611,-21.928],[-54.608,-21.923],[-54.597,-21.924],[-54.59,-21.922],[-54.587,-21.925],[-54.587,-21.929],[-54.582,-21.93],[-54.576,-21.924],[-54.575,-21.919],[-54.567,-21.923],[-54.563,-21.919],[-54.56,-21.919],[-54.557,-21.907],[-54.557,-21.903],[-54.549,-21.901],[-54.549,-21.906],[-54.545,-21.914],[-54.538,-21.914],[-54.532,-21.911],[-54.526,-21.918],[-54.52,-21.931],[-54.522,-21.935],[-54.517,-21.935],[-54.516,-21.938],[-54.509,-21.939],[-54.506,-21.934],[-54.499,-21.934],[-54.501,-21.936],[-54.497,-21.942],[-54.504,-21.955],[-54.506,-21.965],[-54.505,-21.973],[-54.508,-21.983],[-54.508,-21.996],[-54.513,-22.011],[-54.513,-22.015],[-54.515,-22.019],[-54.521,-22.023],[-54.526,-22.025],[-54.528,-22.028],[-54.531,-22.042],[-54.534,-22.049],[-54.541,-22.054],[-54.543,-22.056],[-54.545,-22.062],[-54.545,-22.07],[-54.545,-22.077],[-54.547,-22.083],[-54.548,-22.09],[-54.552,-22.097],[-54.555,-22.103],[-54.562,-22.106],[-54.568,-22.113],[-54.572,-22.115],[-54.575,-22.123],[-54.58,-22.13],[-54.592,-22.116],[-54.597,-22.12],[-54.614,-22.1],[-54.617,-22.102],[-54.625,-22.092],[-54.64,-22.102],[-54.647,-22.098],[-54.65,-22.1],[-54.656,-22.093],[-54.68,-22.094],[-54.684,-22.067]]]}},{"type":"Feature","properties":{"c":"5003702"},"geometry":{"type":"Polygon","coordinates":[[[-54.964,-22.364],[-54.969,-22.363],[-54.976,-22.364],[-54.985,-22.357],[-54.977,-22.352],[-54.978,-22.345],[-54.982,-22.344],[-54.982,-22.34],[-54.993,-22.345],[-55.008,-22.344],[-55.012,-22.339],[-55.018,-22.339],[-55.022,-22.335],[-55.02,-22.333],[-55.022,-22.328],[-55.025,-22.326],[-55.026,-22.322],[-55.03,-22.321],[-55.031,-22.324],[-55.035,-22.324],[-55.039,-22.317],[-55.04,-22.312],[-55.044,-22.31],[-55.051,-22.31],[-55.053,-22.308],[-55.055,-22.295],[-55.061,-22.29],[-55.07,-22.286],[-55.073,-22.279],[-55.072,-22.278],[-55.071,-22.271],[-55.076,-22.265],[-55.081,-22.264],[-55.083,-22.262],[-55.085,-22.265],[-55.092,-22.262],[-55.096,-22.263],[-55.099,-22.26],[-55.101,-22.261],[-55.102,-22.249],[-55.104,-22.246],[-55.109,-22.249],[-55.113,-22.246],[-55.127,-22.243],[-55.125,-22.239],[-55.129,-22.233],[-55.135,-22.235],[-55.141,-22.229],[-55.141,-22.227],[-55.149,-22.224],[-55.162,-22.223],[-55.162,-22.227],[-55.168,-22.232],[-55.184,-22.234],[-55.186,-22.239],[-55.19,-22.245],[-55.195,-22.245],[-55.195,-22.247],[-55.201,-22.245],[-55.202,-22.242],[-55.211,-22.242],[-55.205,-22.233],[-55.205,-22.231],[-55.209,-22.227],[-55.213,-22.223],[-55.219,-22.225],[-55.222,-22.223],[-55.227,-22.225],[-55.226,-22.229],[-55.229,-22.229],[-55.235,-22.225],[-55.242,-22.225],[-55.244,-22.227],[-55.248,-22.223],[-55.253,-22.228],[-55.258,-22.224],[-55.261,-22.226],[-55.263,-22.223],[-55.262,-22.219],[-55.267,-22.218],[-55.269,-22.215],[-55.273,-22.217],[-55.276,-22.21],[-55.279,-22.208],[-55.276,-22.206],[-55.279,-22.201],[-55.285,-22.193],[-55.293,-22.192],[-55.294,-22.196],[-55.299,-22.194],[-55.307,-22.195],[-55.31,-22.193],[-55.314,-22.199],[-55.319,-22.2],[-55.321,-22.197],[-55.323,-22.2],[-55.322,-22.201],[-55.325,-22.205],[-55.323,-22.206],[-55.329,-22.215],[-55.331,-22.213],[-55.333,-22.205],[-55.34,-22.201],[-55.335,-22.197],[-55.337,-22.196],[-55.343,-22.199],[-55.343,-22.205],[-55.345,-22.206],[-55.353,-22.203],[-55.357,-22.203],[-55.361,-22.206],[-55.372,-22.21],[-55.374,-22.207],[-55.37,-22.199],[-55.37,-22.194],[-55.373,-22.19],[-55.379,-22.191],[-55.378,-22.188],[-55.381,-22.183],[-55.384,-22.175],[-55.381,-22.174],[-55.381,-22.171],[-55.376,-22.167],[-55.386,-22.162],[-55.387,-22.157],[-55.386,-22.155],[-55.391,-22.147],[-55.395,-22.145],[-55.397,-22.146],[-55.404,-22.14],[-55.409,-22.142],[-55.404,-22.147],[-55.405,-22.153],[-55.41,-22.155],[-55.416,-22.155],[-55.415,-22.151],[-55.418,-22.149],[-55.422,-22.149],[-55.424,-22.143],[-55.428,-22.139],[-55.431,-22.144],[-55.437,-22.146],[-55.44,-22.142],[-55.446,-22.138],[-55.448,-22.141],[-55.445,-22.143],[-55.447,-22.148],[-55.451,-22.145],[-55.457,-22.138],[-55.464,-22.126],[-55.471,-22.124],[-55.478,-22.126],[-55.48,-22.124],[-55.485,-22.124],[-55.486,-22.121],[-55.489,-22.123],[-55.495,-22.118],[-55.494,-22.115],[-55.493,-22.11],[-55.494,-22.109],[-55.494,-22.103],[-55.498,-22.096],[-55.496,-22.085],[-55.497,-22.075],[-55.496,-22.071],[-55.496,-22.063],[-55.501,-22.052],[-55.502,-22.042],[-55.503,-22.039],[-55.499,-22.035],[-55.504,-22.025],[-55.511,-22.015],[-55.511,-22.007],[-55.514,-21.999],[-55.524,-21.988],[-55.523,-21.984],[-55.487,-21.972],[-55.485,-21.962],[-55.478,-21.956],[-55.47,-21.952],[-55.461,-21.947],[-55.455,-21.946],[-55.438,-21.937],[-55.433,-21.928],[-55.427,-21.912],[-55.423,-21.902],[-55.412,-21.895],[-55.407,-21.895],[-55.404,-21.89],[-55.394,-21.888],[-55.395,-21.892],[-55.391,-21.895],[-55.385,-21.89],[-55.378,-21.889],[-55.376,-21.884],[-55.369,-21.88],[-55.361,-21.882],[-55.351,-21.89],[-55.35,-21.893],[-55.346,-21.895],[-55.339,-21.895],[-55.332,-21.897],[-55.325,-21.896],[-55.322,-21.898],[-55.316,-21.897],[-55.312,-21.901],[-55.31,-21.9],[-55.307,-21.903],[-55.304,-21.903],[-55.297,-21.906],[-55.294,-21.903],[-55.29,-21.905],[-55.289,-21.911],[-55.279,-21.912],[-55.279,-21.914],[-55.269,-21.918],[-55.261,-21.92],[-55.254,-21.92],[-55.253,-21.923],[-55.25,-21.922],[-55.243,-21.924],[-55.236,-21.924],[-55.232,-21.923],[-55.227,-21.926],[-55.215,-21.921],[-55.213,-21.922],[-55.206,-21.92],[-55.205,-21.918],[-55.196,-21.917],[-55.193,-21.915],[-55.186,-21.915],[-55.178,-21.913],[-55.173,-21.913],[-55.171,-21.916],[-55.166,-21.916],[-55.16,-21.921],[-55.155,-21.92],[-55.15,-21.921],[-55.146,-21.918],[-55.139,-21.916],[-55.134,-21.917],[-55.129,-21.916],[-55.125,-21.912],[-55.121,-21.913],[-55.113,-21.908],[-55.105,-21.906],[-55.104,-21.904],[-55.1,-21.906],[-55.096,-21.903],[-55.098,-21.907],[-55.09,-21.909],[-55.08,-21.905],[-55.078,-21.906],[-55.075,-21.903],[-55.069,-21.901],[-55.064,-21.901],[-55.062,-21.897],[-55.054,-21.9],[-55.044,-21.895],[-55.04,-21.897],[-55.034,-21.899],[-55.026,-21.895],[-55.021,-21.891],[-55.018,-21.886],[-55.014,-21.888],[-55.011,-21.887],[-55.008,-21.891],[-55.007,-21.898],[-55.011,-21.904],[-55.022,-21.916],[-55.021,-21.921],[-55.015,-21.928],[-55.009,-21.937],[-55.01,-21.94],[-55.015,-21.942],[-55.017,-21.945],[-55.017,-21.952],[-55.019,-21.955],[-55.024,-21.964],[-55.029,-21.963],[-55.032,-21.965],[-55.037,-21.97],[-55.05,-21.972],[-55.057,-21.975],[-55.064,-21.975],[-55.071,-21.98],[-55.08,-21.982],[-55.084,-21.986],[-55.099,-22.006],[-55.1,-22.015],[-55.102,-22.019],[-55.103,-22.029],[-55.105,-22.035],[-55.1,-22.042],[-55.1,-22.049],[-55.097,-22.059],[-55.089,-22.068],[-55.086,-22.073],[-55.089,-22.08],[-55.087,-22.09],[-55.088,-22.096],[-55.092,-22.101],[-55.095,-22.11],[-55.092,-22.122],[-55.071,-22.116],[-55.052,-22.103],[-55.045,-22.103],[-55.042,-22.105],[-55.023,-22.125],[-55.021,-22.129],[-55.017,-22.142],[-54.979,-22.152],[-54.956,-22.177],[-54.937,-22.188],[-54.922,-22.193],[-54.876,-22.199],[-54.871,-22.201],[-54.84,-22.182],[-54.837,-22.171],[-54.829,-22.174],[-54.772,-22.139],[-54.768,-22.137],[-54.759,-22.129],[-54.756,-22.125],[-54.751,-22.121],[-54.745,-22.113],[-54.74,-22.11],[-54.73,-22.106],[-54.719,-22.098],[-54.714,-22.097],[-54.706,-22.097],[-54.698,-22.086],[-54.698,-22.079],[-54.694,-22.073],[-54.691,-22.07],[-54.684,-22.067],[-54.68,-22.094],[-54.656,-22.093],[-54.65,-22.1],[-54.647,-22.098],[-54.64,-22.102],[-54.625,-22.092],[-54.617,-22.102],[-54.614,-22.1],[-54.597,-22.12],[-54.592,-22.116],[-54.58,-22.13],[-54.575,-22.123],[-54.572,-22.115],[-54.568,-22.113],[-54.562,-22.106],[-54.555,-22.103],[-54.552,-22.097],[-54.548,-22.09],[-54.547,-22.083],[-54.545,-22.077],[-54.545,-22.07],[-54.545,-22.062],[-54.543,-22.056],[-54.541,-22.054],[-54.534,-22.049],[-54.531,-22.042],[-54.528,-22.028],[-54.526,-22.025],[-54.521,-22.023],[-54.515,-22.019],[-54.513,-22.015],[-54.513,-22.011],[-54.508,-21.996],[-54.508,-21.983],[-54.505,-21.973],[-54.506,-21.965],[-54.504,-21.955],[-54.497,-21.942],[-54.501,-21.936],[-54.499,-21.934],[-54.495,-21.931],[-54.497,-21.924],[-54.494,-21.913],[-54.496,-21.909],[-54.494,-21.907],[-54.488,-21.906],[-54.481,-21.901],[-54.478,-21.896],[-54.474,-21.893],[-54.468,-21.893],[-54.467,-21.89],[-54.464,-21.891],[-54.464,-21.894],[-54.461,-21.897],[-54.457,-21.893],[-54.454,-21.893],[-54.452,-21.9],[-54.445,-21.903],[-54.43,-21.903],[-54.427,-21.905],[-54.428,-21.908],[-54.432,-21.909],[-54.436,-21.915],[-54.431,-21.918],[-54.436,-21.922],[-54.436,-21.924],[-54.428,-21.925],[-54.424,-21.925],[-54.418,-21.927],[-54.409,-21.934],[-54.401,-21.928],[-54.397,-21.928],[-54.397,-21.925],[-54.39,-21.932],[-54.381,-21.931],[-54.377,-21.932],[-54.374,-21.935],[-54.378,-21.938],[-54.374,-21.942],[-54.376,-21.948],[-54.37,-21.947],[-54.37,-21.942],[-54.365,-21.934],[-54.361,-21.941],[-54.363,-21.947],[-54.359,-21.948],[-54.35,-21.949],[-54.343,-21.945],[-54.336,-21.946],[-54.335,-21.952],[-54.33,-21.946],[-54.328,-21.937],[-54.322,-21.934],[-54.309,-21.934],[-54.306,-21.935],[-54.303,-21.94],[-54.3,-21.939],[-54.301,-21.936],[-54.292,-21.939],[-54.288,-21.939],[-54.289,-21.935],[-54.285,-21.937],[-54.286,-21.933],[-54.28,-21.937],[-54.28,-21.941],[-54.282,-21.945],[-54.283,-21.952],[-54.277,-21.959],[-54.276,-21.965],[-54.273,-21.966],[-54.27,-21.958],[-54.267,-21.954],[-54.269,-21.951],[-54.269,-21.949],[-54.263,-21.949],[-54.26,-21.951],[-54.262,-21.954],[-54.262,-21.959],[-54.257,-21.962],[-54.252,-21.962],[-54.246,-21.954],[-54.245,-21.957],[-54.242,-21.956],[-54.241,-21.951],[-54.242,-21.948],[-54.238,-21.949],[-54.237,-21.951],[-54.232,-21.954],[-54.228,-21.955],[-54.233,-21.961],[-54.231,-21.961],[-54.229,-21.968],[-54.231,-21.972],[-54.227,-21.973],[-54.227,-21.976],[-54.224,-21.978],[-54.22,-21.977],[-54.219,-21.983],[-54.222,-21.987],[-54.22,-21.99],[-54.221,-21.995],[-54.217,-21.996],[-54.211,-21.999],[-54.207,-22.003],[-54.209,-22.006],[-54.205,-22.009],[-54.207,-22.012],[-54.206,-22.017],[-54.202,-22.016],[-54.202,-22.02],[-54.207,-22.02],[-54.216,-22.025],[-54.219,-22.032],[-54.216,-22.038],[-54.221,-22.045],[-54.22,-22.048],[-54.225,-22.05],[-54.225,-22.058],[-54.227,-22.06],[-54.23,-22.068],[-54.233,-22.073],[-54.238,-22.076],[-54.237,-22.08],[-54.243,-22.084],[-54.24,-22.086],[-54.24,-22.09],[-54.246,-22.09],[-54.246,-22.094],[-54.24,-22.095],[-54.241,-22.099],[-54.24,-22.104],[-54.241,-22.107],[-54.239,-22.111],[-54.24,-22.122],[-54.238,-22.125],[-54.234,-22.122],[-54.228,-22.124],[-54.224,-22.131],[-54.227,-22.138],[-54.231,-22.141],[-54.236,-22.141],[-54.238,-22.146],[-54.243,-22.146],[-54.244,-22.143],[-54.248,-22.148],[-54.248,-22.152],[-54.251,-22.157],[-54.256,-22.157],[-54.264,-22.154],[-54.264,-22.159],[-54.26,-22.164],[-54.262,-22.167],[-54.269,-22.172],[-54.272,-22.17],[-54.278,-22.174],[-54.276,-22.174],[-54.278,-22.179],[-54.272,-22.178],[-54.269,-22.18],[-54.264,-22.181],[-54.269,-22.195],[-54.276,-22.199],[-54.277,-22.202],[-54.282,-22.203],[-54.291,-22.213],[-54.286,-22.214],[-54.282,-22.212],[-54.279,-22.213],[-54.28,-22.218],[-54.284,-22.219],[-54.289,-22.218],[-54.296,-22.22],[-54.298,-22.222],[-54.302,-22.222],[-54.305,-22.228],[-54.309,-22.229],[-54.307,-22.233],[-54.303,-22.236],[-54.304,-22.238],[-54.313,-22.24],[-54.317,-22.243],[-54.314,-22.248],[-54.317,-22.248],[-54.317,-22.254],[-54.321,-22.252],[-54.331,-22.251],[-54.33,-22.254],[-54.337,-22.251],[-54.34,-22.254],[-54.345,-22.255],[-54.348,-22.252],[-54.353,-22.256],[-54.361,-22.257],[-54.363,-22.26],[-54.363,-22.263],[-54.366,-22.266],[-54.369,-22.266],[-54.377,-22.269],[-54.384,-22.273],[-54.384,-22.278],[-54.377,-22.277],[-54.378,-22.28],[-54.382,-22.281],[-54.382,-22.285],[-54.386,-22.285],[-54.386,-22.288],[-54.391,-22.294],[-54.392,-22.3],[-54.397,-22.3],[-54.399,-22.301],[-54.403,-22.307],[-54.403,-22.311],[-54.406,-22.318],[-54.413,-22.323],[-54.414,-22.326],[-54.417,-22.327],[-54.42,-22.324],[-54.427,-22.329],[-54.433,-22.325],[-54.441,-22.327],[-54.439,-22.331],[-54.441,-22.334],[-54.438,-22.342],[-54.439,-22.347],[-54.445,-22.345],[-54.458,-22.335],[-54.457,-22.332],[-54.46,-22.331],[-54.46,-22.337],[-54.463,-22.339],[-54.468,-22.339],[-54.469,-22.336],[-54.476,-22.337],[-54.485,-22.342],[-54.488,-22.342],[-54.489,-22.346],[-54.495,-22.347],[-54.498,-22.346],[-54.505,-22.347],[-54.513,-22.347],[-54.514,-22.349],[-54.519,-22.349],[-54.523,-22.343],[-54.53,-22.339],[-54.532,-22.331],[-54.529,-22.323],[-54.53,-22.318],[-54.535,-22.314],[-54.54,-22.312],[-54.555,-22.303],[-54.56,-22.295],[-54.566,-22.294],[-54.642,-22.353],[-54.638,-22.358],[-54.639,-22.362],[-54.635,-22.367],[-54.627,-22.373],[-54.62,-22.374],[-54.614,-22.377],[-54.608,-22.378],[-54.599,-22.382],[-54.592,-22.384],[-54.577,-22.394],[-54.577,-22.398],[-54.575,-22.404],[-54.577,-22.406],[-54.584,-22.407],[-54.586,-22.405],[-54.589,-22.405],[-54.591,-22.408],[-54.601,-22.409],[-54.604,-22.408],[-54.61,-22.41],[-54.613,-22.414],[-54.617,-22.415],[-54.618,-22.421],[-54.62,-22.422],[-54.625,-22.418],[-54.627,-22.422],[-54.628,-22.427],[-54.633,-22.435],[-54.646,-22.436],[-54.651,-22.429],[-54.661,-22.424],[-54.667,-22.419],[-54.671,-22.422],[-54.676,-22.422],[-54.685,-22.422],[-54.692,-22.425],[-54.694,-22.43],[-54.702,-22.43],[-54.706,-22.435],[-54.712,-22.435],[-54.719,-22.434],[-54.719,-22.44],[-54.721,-22.441],[-54.728,-22.439],[-54.739,-22.434],[-54.741,-22.43],[-54.74,-22.427],[-54.737,-22.428],[-54.732,-22.426],[-54.735,-22.423],[-54.742,-22.419],[-54.742,-22.416],[-54.746,-22.415],[-54.754,-22.424],[-54.755,-22.431],[-54.76,-22.43],[-54.761,-22.425],[-54.766,-22.422],[-54.77,-22.422],[-54.771,-22.419],[-54.776,-22.423],[-54.78,-22.423],[-54.777,-22.421],[-54.779,-22.416],[-54.778,-22.412],[-54.783,-22.408],[-54.784,-22.403],[-54.784,-22.4],[-54.792,-22.398],[-54.795,-22.402],[-54.801,-22.398],[-54.804,-22.397],[-54.804,-22.39],[-54.808,-22.389],[-54.814,-22.388],[-54.817,-22.39],[-54.822,-22.399],[-54.827,-22.395],[-54.837,-22.396],[-54.843,-22.396],[-54.844,-22.392],[-54.849,-22.392],[-54.85,-22.388],[-54.855,-22.392],[-54.861,-22.388],[-54.866,-22.388],[-54.869,-22.387],[-54.876,-22.386],[-54.884,-22.384],[-54.89,-22.377],[-54.893,-22.378],[-54.895,-22.383],[-54.899,-22.387],[-54.905,-22.387],[-54.911,-22.392],[-54.912,-22.391],[-54.911,-22.383],[-54.912,-22.378],[-54.911,-22.376],[-54.915,-22.373],[-54.917,-22.376],[-54.93,-22.376],[-54.936,-22.374],[-54.936,-22.371],[-54.932,-22.368],[-54.934,-22.364],[-54.937,-22.363],[-54.944,-22.368],[-54.946,-22.371],[-54.954,-22.371],[-54.962,-22.363],[-54.964,-22.364]]]}},{"type":"Feature","properties":{"c":"5003751"},"geometry":{"type":"Polygon","coordinates":[[[-54.39,-23.814],[-54.394,-23.814],[-54.403,-23.804],[-54.408,-23.796],[-54.416,-23.788],[-54.416,-23.782],[-54.413,-23.773],[-54.407,-23.764],[-54.4,-23.755],[-54.396,-23.747],[-54.386,-23.739],[-54.378,-23.723],[-54.381,-23.715],[-54.388,-23.705],[-54.364,-23.639],[-54.349,-23.596],[-54.342,-23.588],[-54.336,-23.573],[-54.334,-23.565],[-54.332,-23.56],[-54.33,-23.554],[-54.326,-23.551],[-54.322,-23.554],[-54.314,-23.558],[-54.302,-23.562],[-54.284,-23.562],[-54.282,-23.561],[-54.275,-23.564],[-54.267,-23.567],[-54.262,-23.567],[-54.255,-23.569],[-54.249,-23.568],[-54.247,-23.569],[-54.24,-23.566],[-54.236,-23.568],[-54.231,-23.569],[-54.221,-23.572],[-54.216,-23.575],[-54.211,-23.574],[-54.203,-23.582],[-54.2,-23.592],[-54.196,-23.596],[-54.189,-23.601],[-54.179,-23.603],[-54.177,-23.605],[-54.172,-23.605],[-54.163,-23.607],[-54.157,-23.612],[-54.152,-23.613],[-54.151,-23.617],[-54.147,-23.619],[-54.141,-23.626],[-54.123,-23.626],[-54.115,-23.629],[-54.11,-23.633],[-54.11,-23.636],[-54.107,-23.64],[-54.098,-23.638],[-54.096,-23.639],[-54.086,-23.638],[-54.083,-23.64],[-54.077,-23.639],[-54.073,-23.641],[-54.064,-23.639],[-54.061,-23.64],[-54.057,-23.644],[-54.055,-23.649],[-54.057,-23.656],[-54.062,-23.661],[-54.064,-23.667],[-54.062,-23.681],[-54.059,-23.684],[-54.051,-23.687],[-54.054,-23.702],[-54.052,-23.721],[-54.055,-23.731],[-54.062,-23.742],[-54.066,-23.746],[-54.076,-23.764],[-54.08,-23.781],[-54.083,-23.803],[-54.085,-23.814],[-54.086,-23.825],[-54.083,-23.831],[-54.086,-23.838],[-54.088,-23.845],[-54.086,-23.856],[-54.084,-23.865],[-54.086,-23.866],[-54.093,-23.871],[-54.104,-23.889],[-54.115,-23.904],[-54.124,-23.906],[-54.135,-23.913],[-54.143,-23.921],[-54.154,-23.926],[-54.157,-23.923],[-54.163,-23.924],[-54.169,-23.928],[-54.178,-23.928],[-54.18,-23.925],[-54.185,-23.928],[-54.189,-23.927],[-54.188,-23.923],[-54.185,-23.922],[-54.19,-23.915],[-54.193,-23.917],[-54.192,-23.923],[-54.195,-23.923],[-54.195,-23.918],[-54.197,-23.915],[-54.199,-23.915],[-54.198,-23.919],[-54.207,-23.924],[-54.21,-23.922],[-54.206,-23.915],[-54.21,-23.915],[-54.212,-23.912],[-54.215,-23.914],[-54.213,-23.918],[-54.215,-23.92],[-54.219,-23.917],[-54.221,-23.911],[-54.223,-23.916],[-54.229,-23.915],[-54.225,-23.909],[-54.231,-23.91],[-54.233,-23.905],[-54.239,-23.903],[-54.242,-23.898],[-54.246,-23.895],[-54.251,-23.896],[-54.253,-23.895],[-54.257,-23.885],[-54.26,-23.884],[-54.263,-23.878],[-54.27,-23.87],[-54.274,-23.861],[-54.279,-23.857],[-54.284,-23.857],[-54.288,-23.854],[-54.289,-23.85],[-54.295,-23.85],[-54.3,-23.847],[-54.301,-23.84],[-54.305,-23.837],[-54.309,-23.841],[-54.314,-23.839],[-54.314,-23.835],[-54.317,-23.834],[-54.32,-23.839],[-54.325,-23.84],[-54.335,-23.837],[-54.338,-23.834],[-54.34,-23.829],[-54.344,-23.826],[-54.347,-23.83],[-54.35,-23.83],[-54.351,-23.827],[-54.355,-23.825],[-54.361,-23.819],[-54.367,-23.817],[-54.39,-23.814]]]}},{"type":"Feature","properties":{"c":"5003801"},"geometry":{"type":"Polygon","coordinates":[[[-54.575,-22.404],[-54.577,-22.398],[-54.577,-22.394],[-54.592,-22.384],[-54.599,-22.382],[-54.608,-22.378],[-54.614,-22.377],[-54.62,-22.374],[-54.627,-22.373],[-54.635,-22.367],[-54.639,-22.362],[-54.638,-22.358],[-54.642,-22.353],[-54.566,-22.294],[-54.56,-22.295],[-54.555,-22.303],[-54.54,-22.312],[-54.535,-22.314],[-54.53,-22.318],[-54.529,-22.323],[-54.532,-22.331],[-54.53,-22.339],[-54.523,-22.343],[-54.519,-22.349],[-54.514,-22.349],[-54.513,-22.347],[-54.505,-22.347],[-54.498,-22.346],[-54.495,-22.347],[-54.489,-22.346],[-54.488,-22.342],[-54.485,-22.342],[-54.476,-22.337],[-54.469,-22.336],[-54.468,-22.339],[-54.463,-22.339],[-54.46,-22.337],[-54.46,-22.331],[-54.457,-22.332],[-54.458,-22.335],[-54.445,-22.345],[-54.439,-22.347],[-54.438,-22.342],[-54.441,-22.334],[-54.439,-22.331],[-54.441,-22.327],[-54.433,-22.325],[-54.427,-22.329],[-54.42,-22.324],[-54.417,-22.327],[-54.414,-22.326],[-54.413,-22.323],[-54.406,-22.318],[-54.403,-22.311],[-54.403,-22.307],[-54.399,-22.301],[-54.397,-22.3],[-54.392,-22.3],[-54.391,-22.294],[-54.386,-22.288],[-54.386,-22.285],[-54.382,-22.285],[-54.382,-22.281],[-54.378,-22.28],[-54.377,-22.277],[-54.384,-22.278],[-54.384,-22.273],[-54.377,-22.269],[-54.369,-22.266],[-54.366,-22.266],[-54.363,-22.263],[-54.363,-22.26],[-54.361,-22.257],[-54.353,-22.256],[-54.348,-22.252],[-54.345,-22.255],[-54.34,-22.254],[-54.337,-22.251],[-54.33,-22.254],[-54.331,-22.251],[-54.321,-22.252],[-54.317,-22.254],[-54.317,-22.248],[-54.314,-22.248],[-54.317,-22.243],[-54.313,-22.24],[-54.304,-22.238],[-54.303,-22.236],[-54.263,-22.252],[-54.281,-22.292],[-54.325,-22.392],[-54.434,-22.351],[-54.443,-22.371],[-54.47,-22.361],[-54.511,-22.453],[-54.517,-22.448],[-54.517,-22.428],[-54.523,-22.414],[-54.524,-22.407],[-54.528,-22.411],[-54.532,-22.413],[-54.548,-22.411],[-54.551,-22.408],[-54.556,-22.407],[-54.562,-22.408],[-54.564,-22.411],[-54.575,-22.404]]]}},{"type":"Feature","properties":{"c":"5003900"},"geometry":{"type":"Polygon","coordinates":[[[-54.186,-19.023],[-54.189,-19.006],[-54.192,-19.001],[-54.192,-18.989],[-54.19,-18.978],[-54.191,-18.972],[-54.197,-18.964],[-54.2,-18.957],[-54.198,-18.951],[-54.193,-18.945],[-54.194,-18.938],[-54.196,-18.936],[-54.199,-18.928],[-54.203,-18.924],[-54.206,-18.914],[-54.207,-18.898],[-54.212,-18.884],[-54.216,-18.879],[-54.225,-18.874],[-54.231,-18.867],[-54.24,-18.861],[-54.243,-18.855],[-54.248,-18.851],[-54.251,-18.843],[-54.255,-18.84],[-54.259,-18.834],[-54.26,-18.829],[-54.258,-18.823],[-54.261,-18.809],[-54.259,-18.798],[-54.26,-18.791],[-54.267,-18.79],[-54.27,-18.783],[-54.278,-18.775],[-54.279,-18.767],[-54.282,-18.757],[-54.29,-18.752],[-54.298,-18.74],[-54.301,-18.738],[-54.305,-18.738],[-54.313,-18.735],[-54.317,-18.735],[-54.322,-18.732],[-54.327,-18.733],[-54.334,-18.721],[-54.341,-18.717],[-54.356,-18.717],[-54.36,-18.719],[-54.368,-18.719],[-54.372,-18.713],[-54.379,-18.711],[-54.381,-18.708],[-54.387,-18.707],[-54.393,-18.705],[-54.39,-18.7],[-54.384,-18.695],[-54.383,-18.695],[-54.381,-18.691],[-54.384,-18.684],[-54.382,-18.679],[-54.379,-18.677],[-54.373,-18.676],[-54.371,-18.668],[-54.364,-18.661],[-54.356,-18.659],[-54.359,-18.655],[-54.356,-18.65],[-54.355,-18.644],[-54.35,-18.643],[-54.348,-18.639],[-54.354,-18.637],[-54.353,-18.634],[-54.345,-18.633],[-54.342,-18.63],[-54.348,-18.624],[-54.347,-18.62],[-54.342,-18.62],[-54.339,-18.616],[-54.339,-18.61],[-54.332,-18.607],[-54.328,-18.602],[-54.331,-18.597],[-54.335,-18.597],[-54.336,-18.593],[-54.326,-18.589],[-54.321,-18.58],[-54.322,-18.574],[-54.318,-18.572],[-54.317,-18.568],[-54.307,-18.562],[-54.301,-18.563],[-54.297,-18.565],[-54.295,-18.561],[-54.288,-18.559],[-54.288,-18.566],[-54.285,-18.567],[-54.279,-18.571],[-54.277,-18.577],[-54.278,-18.581],[-54.27,-18.579],[-54.265,-18.582],[-54.264,-18.585],[-54.26,-18.582],[-54.253,-18.585],[-54.248,-18.584],[-54.24,-18.584],[-54.226,-18.576],[-54.221,-18.577],[-54.219,-18.579],[-54.215,-18.578],[-54.209,-18.58],[-54.207,-18.583],[-54.203,-18.581],[-54.2,-18.583],[-54.199,-18.58],[-54.193,-18.58],[-54.19,-18.582],[-54.181,-18.582],[-54.177,-18.581],[-54.171,-18.574],[-54.17,-18.565],[-54.168,-18.561],[-54.164,-18.56],[-54.161,-18.556],[-54.164,-18.553],[-54.16,-18.547],[-54.158,-18.538],[-54.154,-18.535],[-54.146,-18.535],[-54.141,-18.534],[-54.134,-18.535],[-54.126,-18.53],[-54.12,-18.53],[-54.117,-18.524],[-54.113,-18.523],[-54.11,-18.515],[-54.101,-18.511],[-54.098,-18.513],[-54.094,-18.512],[-54.081,-18.516],[-54.08,-18.517],[-54.073,-18.516],[-54.068,-18.509],[-54.067,-18.506],[-54.061,-18.505],[-54.057,-18.502],[-54.06,-18.495],[-54.057,-18.489],[-54.05,-18.49],[-54.046,-18.494],[-54.045,-18.502],[-54.041,-18.502],[-54.036,-18.504],[-54.034,-18.509],[-54.028,-18.514],[-54.021,-18.517],[-54.015,-18.524],[-54.008,-18.527],[-54.004,-18.536],[-53.998,-18.539],[-53.993,-18.537],[-53.986,-18.54],[-53.981,-18.543],[-53.977,-18.541],[-53.97,-18.531],[-53.968,-18.53],[-53.968,-18.527],[-53.961,-18.527],[-53.959,-18.523],[-53.946,-18.523],[-53.941,-18.525],[-53.939,-18.523],[-53.934,-18.525],[-53.93,-18.523],[-53.925,-18.529],[-53.922,-18.53],[-53.915,-18.525],[-53.915,-18.52],[-53.911,-18.519],[-53.907,-18.515],[-53.906,-18.512],[-53.903,-18.512],[-53.901,-18.505],[-53.898,-18.503],[-53.886,-18.504],[-53.885,-18.507],[-53.879,-18.503],[-53.88,-18.501],[-53.88,-18.495],[-53.882,-18.492],[-53.879,-18.489],[-53.876,-18.489],[-53.875,-18.484],[-53.872,-18.481],[-53.869,-18.484],[-53.864,-18.485],[-53.865,-18.476],[-53.862,-18.475],[-53.852,-18.467],[-53.853,-18.463],[-53.849,-18.461],[-53.845,-18.461],[-53.841,-18.458],[-53.837,-18.462],[-53.834,-18.461],[-53.833,-18.467],[-53.825,-18.47],[-53.819,-18.477],[-53.813,-18.479],[-53.816,-18.471],[-53.811,-18.468],[-53.806,-18.471],[-53.806,-18.475],[-53.802,-18.474],[-53.795,-18.474],[-53.798,-18.482],[-53.791,-18.484],[-53.79,-18.481],[-53.783,-18.485],[-53.779,-18.481],[-53.778,-18.478],[-53.776,-18.477],[-53.774,-18.474],[-53.777,-18.474],[-53.781,-18.467],[-53.773,-18.464],[-53.769,-18.468],[-53.766,-18.465],[-53.765,-18.458],[-53.762,-18.454],[-53.758,-18.455],[-53.749,-18.453],[-53.737,-18.448],[-53.733,-18.455],[-53.725,-18.456],[-53.715,-18.448],[-53.707,-18.446],[-53.701,-18.451],[-53.698,-18.449],[-53.699,-18.447],[-53.695,-18.448],[-53.688,-18.446],[-53.683,-18.446],[-53.68,-18.45],[-53.675,-18.45],[-53.67,-18.452],[-53.664,-18.452],[-53.657,-18.453],[-53.657,-18.457],[-53.65,-18.458],[-53.647,-18.453],[-53.643,-18.452],[-53.637,-18.455],[-53.634,-18.449],[-53.631,-18.447],[-53.628,-18.449],[-53.623,-18.448],[-53.617,-18.448],[-53.617,-18.445],[-53.612,-18.445],[-53.606,-18.44],[-53.6,-18.443],[-53.595,-18.441],[-53.592,-18.438],[-53.584,-18.437],[-53.581,-18.437],[-53.577,-18.442],[-53.566,-18.446],[-53.559,-18.455],[-53.559,-18.461],[-53.561,-18.468],[-53.56,-18.47],[-53.552,-18.475],[-53.55,-18.477],[-53.525,-18.507],[-53.516,-18.515],[-53.508,-18.516],[-53.501,-18.521],[-53.487,-18.551],[-53.484,-18.556],[-53.485,-18.56],[-53.482,-18.565],[-53.478,-18.569],[-53.477,-18.573],[-53.472,-18.577],[-53.474,-18.581],[-53.474,-18.586],[-53.471,-18.592],[-53.47,-18.598],[-53.463,-18.602],[-53.467,-18.613],[-53.469,-18.618],[-53.467,-18.621],[-53.458,-18.629],[-53.453,-18.629],[-53.441,-18.632],[-53.435,-18.631],[-53.433,-18.655],[-53.428,-18.656],[-53.415,-18.654],[-53.409,-18.657],[-53.397,-18.668],[-53.383,-18.674],[-53.373,-18.68],[-53.372,-18.683],[-53.374,-18.689],[-53.369,-18.697],[-53.375,-18.698],[-53.376,-18.703],[-53.373,-18.708],[-53.378,-18.712],[-53.382,-18.723],[-53.378,-18.732],[-53.379,-18.734],[-53.377,-18.737],[-53.377,-18.741],[-53.374,-18.744],[-53.371,-18.744],[-53.371,-18.747],[-53.366,-18.747],[-53.363,-18.751],[-53.362,-18.759],[-53.356,-18.763],[-53.356,-18.766],[-53.351,-18.772],[-53.345,-18.775],[-53.489,-18.838],[-53.49,-18.85],[-53.493,-18.896],[-53.499,-18.899],[-53.502,-18.903],[-53.505,-18.905],[-53.522,-18.908],[-53.529,-18.911],[-53.535,-18.919],[-53.542,-18.921],[-53.546,-18.925],[-53.553,-18.929],[-53.563,-18.928],[-53.567,-18.934],[-53.572,-18.938],[-53.579,-18.949],[-53.58,-18.956],[-53.589,-18.962],[-53.594,-18.969],[-53.595,-18.972],[-53.603,-18.976],[-53.611,-18.973],[-53.614,-18.974],[-53.619,-18.977],[-53.628,-18.981],[-53.63,-18.983],[-53.637,-18.984],[-53.639,-18.986],[-53.641,-18.983],[-53.648,-18.985],[-53.659,-18.986],[-53.665,-18.99],[-53.67,-18.996],[-53.676,-18.999],[-53.687,-19.002],[-53.692,-19.0],[-53.697,-19.0],[-53.701,-18.997],[-53.707,-18.995],[-53.702,-18.96],[-53.707,-18.969],[-53.716,-18.977],[-53.726,-18.977],[-53.731,-18.989],[-53.737,-18.991],[-53.74,-18.994],[-53.744,-18.994],[-53.747,-18.997],[-53.753,-18.999],[-53.761,-19.005],[-53.764,-19.004],[-53.775,-19.009],[-53.78,-19.009],[-53.785,-19.008],[-53.792,-19.009],[-53.806,-19.004],[-53.81,-19.0],[-53.816,-18.998],[-53.83,-18.997],[-53.839,-19.001],[-53.846,-19.004],[-53.855,-19.004],[-53.86,-19.006],[-53.865,-19.005],[-53.868,-19.002],[-53.883,-19.005],[-53.887,-19.008],[-53.892,-19.009],[-53.895,-19.012],[-53.902,-19.011],[-53.907,-19.013],[-53.91,-19.011],[-53.913,-19.006],[-53.917,-19.009],[-53.92,-19.007],[-53.926,-19.01],[-53.928,-19.006],[-53.932,-19.006],[-53.941,-19.003],[-53.947,-19.006],[-53.952,-19.003],[-53.959,-19.006],[-53.958,-19.01],[-53.96,-19.016],[-53.964,-19.015],[-53.966,-19.017],[-53.973,-19.014],[-53.972,-19.016],[-53.978,-19.02],[-53.975,-19.027],[-53.978,-19.028],[-53.981,-19.034],[-53.98,-19.045],[-53.984,-19.045],[-53.986,-19.041],[-53.988,-19.044],[-53.986,-19.047],[-53.985,-19.054],[-53.982,-19.057],[-53.982,-19.06],[-53.985,-19.06],[-53.986,-19.063],[-53.983,-19.068],[-53.985,-19.07],[-53.983,-19.075],[-53.992,-19.077],[-53.993,-19.079],[-53.999,-19.083],[-54.004,-19.084],[-54.003,-19.087],[-54.011,-19.092],[-54.014,-19.091],[-54.018,-19.095],[-54.02,-19.099],[-54.026,-19.102],[-54.034,-19.097],[-54.039,-19.099],[-54.045,-19.098],[-54.049,-19.101],[-54.053,-19.1],[-54.058,-19.102],[-54.062,-19.095],[-54.058,-19.09],[-54.064,-19.09],[-54.068,-19.086],[-54.069,-19.081],[-54.072,-19.08],[-54.075,-19.073],[-54.084,-19.067],[-54.089,-19.068],[-54.093,-19.065],[-54.101,-19.064],[-54.106,-19.054],[-54.108,-19.056],[-54.112,-19.053],[-54.114,-19.047],[-54.114,-19.041],[-54.116,-19.041],[-54.124,-19.033],[-54.123,-19.029],[-54.125,-19.026],[-54.125,-19.02],[-54.129,-19.02],[-54.135,-19.019],[-54.145,-19.019],[-54.153,-19.016],[-54.156,-19.018],[-54.16,-19.016],[-54.162,-19.02],[-54.167,-19.023],[-54.172,-19.025],[-54.179,-19.023],[-54.183,-19.021],[-54.186,-19.023]]]}},{"type":"Feature","properties":{"c":"5004007"},"geometry":{"type":"Polygon","coordinates":[[[-54.348,-22.443],[-54.325,-22.392],[-54.281,-22.292],[-54.115,-22.355],[-54.118,-22.364],[-54.117,-22.377],[-54.114,-22.38],[-54.112,-22.387],[-54.108,-22.397],[-54.11,-22.409],[-54.106,-22.416],[-54.104,-22.426],[-54.104,-22.429],[-54.1,-22.433],[-54.1,-22.436],[-54.097,-22.44],[-54.09,-22.446],[-54.083,-22.447],[-54.081,-22.453],[-54.077,-22.457],[-54.073,-22.465],[-54.071,-22.464],[-54.068,-22.468],[-54.06,-22.474],[-54.057,-22.475],[-54.054,-22.485],[-54.05,-22.487],[-54.047,-22.495],[-54.047,-22.499],[-54.044,-22.499],[-54.042,-22.505],[-54.042,-22.516],[-54.037,-22.516],[-54.034,-22.527],[-54.036,-22.532],[-54.036,-22.535],[-54.029,-22.54],[-54.028,-22.544],[-54.03,-22.545],[-54.035,-22.544],[-54.039,-22.547],[-54.042,-22.545],[-54.05,-22.544],[-54.055,-22.547],[-54.056,-22.55],[-54.059,-22.55],[-54.064,-22.553],[-54.067,-22.559],[-54.072,-22.56],[-54.074,-22.557],[-54.084,-22.559],[-54.089,-22.56],[-54.093,-22.563],[-54.098,-22.563],[-54.103,-22.567],[-54.104,-22.565],[-54.11,-22.563],[-54.11,-22.549],[-54.115,-22.534],[-54.259,-22.478],[-54.263,-22.479],[-54.305,-22.462],[-54.348,-22.443]]]}},{"type":"Feature","properties":{"c":"5004106"},"geometry":{"type":"Polygon","coordinates":[[[-56.227,-21.291],[-56.225,-21.287],[-56.211,-21.288],[-56.207,-21.287],[-56.204,-21.283],[-56.2,-21.282],[-56.197,-21.291],[-56.196,-21.295],[-56.194,-21.298],[-56.191,-21.308],[-56.187,-21.313],[-56.178,-21.316],[-56.176,-21.315],[-56.172,-21.316],[-56.17,-21.32],[-56.164,-21.326],[-56.157,-21.33],[-56.153,-21.334],[-56.145,-21.337],[-56.142,-21.342],[-56.134,-21.342],[-56.121,-21.347],[-56.118,-21.349],[-56.107,-21.35],[-56.102,-21.349],[-56.094,-21.351],[-56.084,-21.35],[-56.079,-21.35],[-56.063,-21.348],[-56.057,-21.346],[-56.051,-21.346],[-56.046,-21.348],[-56.037,-21.354],[-56.024,-21.358],[-56.016,-21.36],[-56.008,-21.367],[-56.003,-21.373],[-55.992,-21.379],[-55.98,-21.386],[-55.969,-21.397],[-55.962,-21.402],[-55.949,-21.407],[-55.93,-21.409],[-55.926,-21.412],[-55.921,-21.418],[-55.922,-21.431],[-55.921,-21.437],[-55.911,-21.445],[-55.899,-21.448],[-55.879,-21.449],[-55.875,-21.455],[-55.866,-21.459],[-55.864,-21.464],[-55.861,-21.468],[-55.857,-21.477],[-55.848,-21.481],[-55.843,-21.489],[-55.841,-21.49],[-55.837,-21.486],[-55.829,-21.485],[-55.825,-21.487],[-55.828,-21.491],[-55.825,-21.499],[-55.82,-21.495],[-55.815,-21.497],[-55.814,-21.503],[-55.811,-21.502],[-55.807,-21.498],[-55.805,-21.499],[-55.803,-21.495],[-55.801,-21.497],[-55.806,-21.504],[-55.804,-21.507],[-55.807,-21.509],[-55.801,-21.515],[-55.795,-21.513],[-55.793,-21.506],[-55.79,-21.509],[-55.796,-21.52],[-55.79,-21.522],[-55.784,-21.519],[-55.787,-21.522],[-55.78,-21.522],[-55.781,-21.524],[-55.786,-21.525],[-55.792,-21.529],[-55.793,-21.524],[-55.798,-21.526],[-55.8,-21.53],[-55.801,-21.525],[-55.806,-21.524],[-55.808,-21.528],[-55.807,-21.53],[-55.81,-21.53],[-55.809,-21.535],[-55.816,-21.536],[-55.817,-21.53],[-55.821,-21.53],[-55.819,-21.538],[-55.815,-21.543],[-55.811,-21.546],[-55.806,-21.544],[-55.8,-21.544],[-55.806,-21.551],[-55.805,-21.556],[-55.802,-21.559],[-55.804,-21.563],[-55.797,-21.559],[-55.796,-21.562],[-55.791,-21.559],[-55.792,-21.555],[-55.783,-21.553],[-55.783,-21.546],[-55.779,-21.549],[-55.78,-21.552],[-55.774,-21.557],[-55.775,-21.559],[-55.781,-21.555],[-55.785,-21.557],[-55.788,-21.562],[-55.786,-21.565],[-55.779,-21.566],[-55.783,-21.568],[-55.789,-21.566],[-55.792,-21.569],[-55.788,-21.573],[-55.792,-21.572],[-55.794,-21.574],[-55.799,-21.568],[-55.801,-21.574],[-55.796,-21.581],[-55.792,-21.581],[-55.788,-21.579],[-55.786,-21.581],[-55.779,-21.579],[-55.775,-21.583],[-55.777,-21.585],[-55.787,-21.587],[-55.788,-21.593],[-55.79,-21.598],[-55.783,-21.595],[-55.779,-21.592],[-55.778,-21.595],[-55.781,-21.598],[-55.774,-21.599],[-55.766,-21.597],[-55.764,-21.595],[-55.763,-21.589],[-55.759,-21.585],[-55.756,-21.584],[-55.75,-21.584],[-55.752,-21.587],[-55.757,-21.587],[-55.759,-21.59],[-55.758,-21.594],[-55.755,-21.595],[-55.758,-21.601],[-55.757,-21.608],[-55.752,-21.609],[-55.746,-21.606],[-55.748,-21.611],[-55.746,-21.614],[-55.747,-21.617],[-55.742,-21.622],[-55.752,-21.621],[-55.751,-21.617],[-55.756,-21.613],[-55.762,-21.612],[-55.764,-21.605],[-55.768,-21.604],[-55.77,-21.605],[-55.77,-21.615],[-55.76,-21.616],[-55.758,-21.617],[-55.76,-21.622],[-55.751,-21.633],[-55.745,-21.635],[-55.747,-21.639],[-55.742,-21.644],[-55.747,-21.643],[-55.751,-21.639],[-55.75,-21.635],[-55.754,-21.635],[-55.755,-21.629],[-55.76,-21.628],[-55.761,-21.634],[-55.764,-21.635],[-55.763,-21.629],[-55.764,-21.624],[-55.763,-21.619],[-55.766,-21.623],[-55.775,-21.623],[-55.775,-21.615],[-55.779,-21.615],[-55.781,-21.612],[-55.784,-21.616],[-55.786,-21.613],[-55.787,-21.619],[-55.79,-21.618],[-55.79,-21.615],[-55.793,-21.61],[-55.796,-21.613],[-55.793,-21.617],[-55.793,-21.622],[-55.796,-21.626],[-55.802,-21.624],[-55.8,-21.622],[-55.801,-21.615],[-55.803,-21.612],[-55.805,-21.617],[-55.809,-21.618],[-55.809,-21.613],[-55.805,-21.603],[-55.809,-21.603],[-55.812,-21.605],[-55.813,-21.603],[-55.812,-21.598],[-55.814,-21.595],[-55.822,-21.599],[-55.824,-21.604],[-55.829,-21.608],[-55.829,-21.61],[-55.824,-21.606],[-55.822,-21.608],[-55.825,-21.612],[-55.824,-21.613],[-55.818,-21.609],[-55.815,-21.608],[-55.814,-21.611],[-55.817,-21.615],[-55.82,-21.616],[-55.819,-21.62],[-55.81,-21.62],[-55.806,-21.625],[-55.809,-21.625],[-55.815,-21.629],[-55.814,-21.636],[-55.809,-21.637],[-55.804,-21.632],[-55.798,-21.634],[-55.804,-21.635],[-55.805,-21.639],[-55.804,-21.644],[-55.808,-21.641],[-55.811,-21.643],[-55.811,-21.647],[-55.815,-21.643],[-55.817,-21.648],[-55.819,-21.646],[-55.819,-21.643],[-55.821,-21.641],[-55.82,-21.638],[-55.825,-21.637],[-55.824,-21.634],[-55.829,-21.635],[-55.827,-21.63],[-55.831,-21.629],[-55.831,-21.626],[-55.839,-21.628],[-55.841,-21.632],[-55.839,-21.635],[-55.836,-21.632],[-55.831,-21.632],[-55.833,-21.639],[-55.828,-21.639],[-55.828,-21.642],[-55.833,-21.647],[-55.831,-21.654],[-55.835,-21.654],[-55.838,-21.657],[-55.834,-21.659],[-55.83,-21.656],[-55.828,-21.658],[-55.829,-21.663],[-55.83,-21.66],[-55.833,-21.661],[-55.841,-21.657],[-55.837,-21.651],[-55.841,-21.652],[-55.842,-21.646],[-55.849,-21.649],[-55.849,-21.644],[-55.855,-21.646],[-55.855,-21.644],[-55.859,-21.644],[-55.858,-21.647],[-55.86,-21.649],[-55.858,-21.653],[-55.854,-21.655],[-55.85,-21.654],[-55.854,-21.66],[-55.851,-21.662],[-55.846,-21.661],[-55.852,-21.667],[-55.845,-21.668],[-55.847,-21.672],[-55.846,-21.675],[-55.845,-21.68],[-55.847,-21.681],[-55.852,-21.672],[-55.853,-21.674],[-55.859,-21.675],[-55.857,-21.67],[-55.859,-21.669],[-55.858,-21.667],[-55.86,-21.665],[-55.861,-21.67],[-55.864,-21.672],[-55.862,-21.679],[-55.862,-21.684],[-55.865,-21.686],[-55.869,-21.685],[-55.869,-21.689],[-55.864,-21.687],[-55.862,-21.691],[-55.865,-21.69],[-55.87,-21.693],[-55.874,-21.686],[-55.867,-21.681],[-55.869,-21.677],[-55.868,-21.673],[-55.873,-21.675],[-55.871,-21.669],[-55.868,-21.665],[-55.868,-21.655],[-55.874,-21.655],[-55.874,-21.66],[-55.879,-21.663],[-55.88,-21.668],[-55.885,-21.673],[-55.884,-21.676],[-55.885,-21.684],[-55.887,-21.681],[-55.887,-21.676],[-55.89,-21.672],[-55.886,-21.665],[-55.886,-21.659],[-55.883,-21.657],[-55.887,-21.654],[-55.891,-21.665],[-55.896,-21.671],[-55.895,-21.665],[-55.897,-21.662],[-55.902,-21.658],[-55.9,-21.653],[-55.905,-21.656],[-55.904,-21.658],[-55.906,-21.664],[-55.904,-21.667],[-55.904,-21.673],[-55.91,-21.673],[-55.911,-21.677],[-55.908,-21.677],[-55.908,-21.681],[-55.905,-21.684],[-55.91,-21.684],[-55.912,-21.682],[-55.915,-21.688],[-55.921,-21.685],[-55.918,-21.678],[-55.922,-21.678],[-55.922,-21.672],[-55.918,-21.666],[-55.921,-21.665],[-55.919,-21.657],[-55.921,-21.653],[-55.915,-21.643],[-55.919,-21.646],[-55.924,-21.646],[-55.925,-21.653],[-55.923,-21.656],[-55.925,-21.664],[-55.927,-21.666],[-55.923,-21.67],[-55.927,-21.674],[-55.927,-21.677],[-55.933,-21.677],[-55.932,-21.671],[-55.935,-21.669],[-55.935,-21.662],[-55.938,-21.662],[-55.942,-21.664],[-55.946,-21.662],[-55.945,-21.653],[-55.942,-21.648],[-55.945,-21.647],[-55.95,-21.65],[-55.951,-21.648],[-55.959,-21.651],[-55.957,-21.645],[-55.947,-21.637],[-55.953,-21.638],[-55.958,-21.643],[-55.963,-21.639],[-55.963,-21.635],[-55.965,-21.634],[-55.968,-21.638],[-55.971,-21.638],[-55.972,-21.643],[-55.97,-21.645],[-55.964,-21.646],[-55.963,-21.65],[-55.974,-21.655],[-55.971,-21.657],[-55.963,-21.657],[-55.96,-21.654],[-55.96,-21.658],[-55.957,-21.657],[-55.953,-21.662],[-55.958,-21.668],[-55.952,-21.67],[-55.953,-21.673],[-55.951,-21.676],[-55.949,-21.672],[-55.946,-21.673],[-55.941,-21.671],[-55.939,-21.675],[-55.946,-21.68],[-55.94,-21.684],[-55.934,-21.686],[-55.941,-21.69],[-55.946,-21.686],[-55.958,-21.687],[-55.951,-21.689],[-55.951,-21.695],[-55.948,-21.694],[-55.946,-21.7],[-55.951,-21.702],[-55.953,-21.706],[-55.948,-21.706],[-55.948,-21.71],[-55.952,-21.714],[-55.951,-21.717],[-55.947,-21.716],[-55.942,-21.709],[-55.938,-21.71],[-55.938,-21.703],[-55.934,-21.708],[-55.93,-21.707],[-55.931,-21.697],[-55.929,-21.695],[-55.927,-21.698],[-55.924,-21.7],[-55.925,-21.703],[-55.923,-21.706],[-55.923,-21.711],[-55.918,-21.711],[-55.916,-21.705],[-55.915,-21.712],[-55.91,-21.707],[-55.904,-21.704],[-55.906,-21.709],[-55.904,-21.711],[-55.899,-21.712],[-55.905,-21.714],[-55.909,-21.712],[-55.912,-21.716],[-55.913,-21.722],[-55.916,-21.716],[-55.921,-21.718],[-55.923,-21.72],[-55.928,-21.718],[-55.933,-21.72],[-55.933,-21.723],[-55.926,-21.727],[-55.921,-21.728],[-55.924,-21.731],[-55.931,-21.728],[-55.934,-21.732],[-55.935,-21.728],[-55.937,-21.727],[-55.944,-21.73],[-55.943,-21.732],[-55.944,-21.741],[-55.939,-21.74],[-55.936,-21.735],[-55.927,-21.736],[-55.93,-21.74],[-55.93,-21.742],[-55.921,-21.743],[-55.92,-21.739],[-55.921,-21.735],[-55.918,-21.737],[-55.912,-21.731],[-55.913,-21.741],[-55.909,-21.743],[-55.905,-21.738],[-55.904,-21.742],[-55.899,-21.741],[-55.899,-21.732],[-55.897,-21.736],[-55.889,-21.735],[-55.886,-21.733],[-55.882,-21.733],[-55.886,-21.737],[-55.884,-21.739],[-55.891,-21.738],[-55.889,-21.743],[-55.892,-21.746],[-55.891,-21.749],[-55.887,-21.75],[-55.881,-21.749],[-55.884,-21.753],[-55.882,-21.756],[-55.89,-21.754],[-55.893,-21.761],[-55.895,-21.763],[-55.889,-21.764],[-55.881,-21.761],[-55.875,-21.762],[-55.876,-21.764],[-55.881,-21.764],[-55.884,-21.767],[-55.882,-21.77],[-55.877,-21.767],[-55.879,-21.771],[-55.878,-21.776],[-55.873,-21.774],[-55.865,-21.774],[-55.861,-21.771],[-55.862,-21.776],[-55.859,-21.774],[-55.857,-21.777],[-55.865,-21.777],[-55.867,-21.78],[-55.872,-21.779],[-55.876,-21.786],[-55.873,-21.793],[-55.879,-21.789],[-55.879,-21.786],[-55.883,-21.785],[-55.885,-21.781],[-55.885,-21.776],[-55.89,-21.775],[-55.891,-21.778],[-55.897,-21.772],[-55.9,-21.777],[-55.904,-21.78],[-55.904,-21.775],[-55.907,-21.776],[-55.906,-21.772],[-55.909,-21.769],[-55.914,-21.769],[-55.914,-21.767],[-55.917,-21.77],[-55.912,-21.773],[-55.916,-21.776],[-55.924,-21.778],[-55.923,-21.775],[-55.928,-21.77],[-55.928,-21.774],[-55.937,-21.776],[-55.936,-21.78],[-55.931,-21.78],[-55.93,-21.783],[-55.92,-21.785],[-55.926,-21.788],[-55.923,-21.794],[-55.928,-21.792],[-55.931,-21.794],[-55.931,-21.79],[-55.94,-21.786],[-55.944,-21.79],[-55.945,-21.788],[-55.951,-21.788],[-55.955,-21.792],[-55.947,-21.797],[-55.945,-21.797],[-55.946,-21.802],[-55.952,-21.803],[-55.954,-21.802],[-55.967,-21.8],[-55.97,-21.802],[-55.962,-21.805],[-55.955,-21.805],[-55.954,-21.806],[-55.948,-21.804],[-55.944,-21.808],[-55.947,-21.811],[-55.945,-21.813],[-55.939,-21.81],[-55.938,-21.805],[-55.935,-21.804],[-55.933,-21.807],[-55.927,-21.805],[-55.927,-21.811],[-55.923,-21.813],[-55.92,-21.811],[-55.912,-21.813],[-55.909,-21.81],[-55.911,-21.808],[-55.904,-21.808],[-55.9,-21.806],[-55.898,-21.811],[-55.894,-21.811],[-55.897,-21.813],[-55.901,-21.808],[-55.908,-21.811],[-55.911,-21.815],[-55.913,-21.816],[-55.92,-21.812],[-55.925,-21.817],[-55.934,-21.815],[-55.937,-21.814],[-55.946,-21.818],[-55.95,-21.816],[-55.952,-21.812],[-55.954,-21.816],[-55.956,-21.815],[-55.961,-21.816],[-55.966,-21.814],[-55.972,-21.814],[-55.977,-21.808],[-55.985,-21.809],[-55.99,-21.806],[-55.991,-21.803],[-55.986,-21.801],[-55.986,-21.798],[-55.981,-21.795],[-55.98,-21.789],[-55.985,-21.787],[-55.985,-21.784],[-55.981,-21.784],[-55.981,-21.781],[-55.984,-21.78],[-55.986,-21.776],[-55.984,-21.774],[-55.987,-21.774],[-55.986,-21.768],[-55.989,-21.768],[-55.995,-21.763],[-55.999,-21.759],[-55.999,-21.756],[-56.004,-21.753],[-56.002,-21.752],[-56.005,-21.749],[-56.011,-21.749],[-56.012,-21.742],[-56.015,-21.733],[-56.023,-21.731],[-56.022,-21.725],[-56.027,-21.721],[-56.03,-21.723],[-56.037,-21.72],[-56.041,-21.723],[-56.044,-21.718],[-56.042,-21.716],[-56.049,-21.713],[-56.047,-21.71],[-56.042,-21.709],[-56.043,-21.704],[-56.045,-21.706],[-56.048,-21.704],[-56.046,-21.7],[-56.049,-21.698],[-56.049,-21.693],[-56.056,-21.693],[-56.061,-21.69],[-56.07,-21.686],[-56.07,-21.688],[-56.08,-21.687],[-56.089,-21.687],[-56.088,-21.679],[-56.093,-21.677],[-56.095,-21.673],[-56.093,-21.668],[-56.092,-21.663],[-56.101,-21.653],[-56.107,-21.652],[-56.108,-21.648],[-56.106,-21.646],[-56.112,-21.645],[-56.116,-21.638],[-56.115,-21.629],[-56.117,-21.628],[-56.12,-21.631],[-56.123,-21.63],[-56.124,-21.627],[-56.121,-21.619],[-56.124,-21.616],[-56.126,-21.611],[-56.121,-21.609],[-56.12,-21.606],[-56.126,-21.607],[-56.128,-21.603],[-56.125,-21.601],[-56.12,-21.601],[-56.116,-21.597],[-56.118,-21.595],[-56.116,-21.591],[-56.121,-21.588],[-56.124,-21.591],[-56.125,-21.589],[-56.124,-21.582],[-56.127,-21.581],[-56.133,-21.583],[-56.134,-21.58],[-56.131,-21.575],[-56.128,-21.565],[-56.124,-21.565],[-56.122,-21.561],[-56.116,-21.553],[-56.114,-21.55],[-56.111,-21.551],[-56.109,-21.547],[-56.111,-21.545],[-56.105,-21.544],[-56.104,-21.54],[-56.106,-21.534],[-56.11,-21.532],[-56.106,-21.528],[-56.11,-21.522],[-56.119,-21.514],[-56.115,-21.513],[-56.116,-21.509],[-56.112,-21.506],[-56.112,-21.503],[-56.116,-21.5],[-56.116,-21.496],[-56.119,-21.487],[-56.121,-21.486],[-56.119,-21.477],[-56.123,-21.476],[-56.12,-21.472],[-56.124,-21.47],[-56.135,-21.461],[-56.14,-21.462],[-56.144,-21.46],[-56.141,-21.457],[-56.143,-21.451],[-56.147,-21.449],[-56.145,-21.446],[-56.155,-21.442],[-56.161,-21.437],[-56.161,-21.435],[-56.167,-21.434],[-56.175,-21.44],[-56.178,-21.437],[-56.185,-21.441],[-56.188,-21.44],[-56.191,-21.436],[-56.197,-21.432],[-56.193,-21.427],[-56.195,-21.422],[-56.193,-21.417],[-56.196,-21.413],[-56.197,-21.407],[-56.203,-21.404],[-56.204,-21.398],[-56.211,-21.395],[-56.211,-21.39],[-56.217,-21.384],[-56.217,-21.377],[-56.212,-21.376],[-56.21,-21.373],[-56.214,-21.368],[-56.211,-21.364],[-56.207,-21.365],[-56.207,-21.361],[-56.212,-21.358],[-56.212,-21.355],[-56.208,-21.357],[-56.203,-21.355],[-56.206,-21.348],[-56.202,-21.344],[-56.209,-21.342],[-56.212,-21.34],[-56.209,-21.332],[-56.211,-21.328],[-56.218,-21.324],[-56.216,-21.319],[-56.211,-21.311],[-56.213,-21.306],[-56.212,-21.302],[-56.215,-21.299],[-56.227,-21.291]]]}},{"type":"Feature","properties":{"c":"5004304"},"geometry":{"type":"Polygon","coordinates":[[[-54.649,-23.718],[-54.654,-23.711],[-54.655,-23.705],[-54.659,-23.702],[-54.66,-23.698],[-54.659,-23.691],[-54.662,-23.687],[-54.66,-23.686],[-54.659,-23.679],[-54.666,-23.67],[-54.665,-23.665],[-54.67,-23.663],[-54.668,-23.662],[-54.673,-23.659],[-54.67,-23.653],[-54.675,-23.647],[-54.682,-23.642],[-54.686,-23.638],[-54.691,-23.636],[-54.693,-23.631],[-54.696,-23.628],[-54.698,-23.628],[-54.699,-23.625],[-54.702,-23.626],[-54.701,-23.622],[-54.706,-23.618],[-54.708,-23.619],[-54.713,-23.609],[-54.719,-23.603],[-54.723,-23.6],[-54.73,-23.601],[-54.732,-23.595],[-54.732,-23.593],[-54.739,-23.59],[-54.746,-23.583],[-54.748,-23.579],[-54.754,-23.578],[-54.758,-23.581],[-54.764,-23.579],[-54.771,-23.574],[-54.773,-23.576],[-54.775,-23.572],[-54.778,-23.573],[-54.779,-23.568],[-54.785,-23.566],[-54.791,-23.558],[-54.797,-23.552],[-54.811,-23.548],[-54.813,-23.546],[-54.815,-23.537],[-54.819,-23.537],[-54.822,-23.531],[-54.821,-23.527],[-54.826,-23.523],[-54.828,-23.523],[-54.831,-23.513],[-54.834,-23.512],[-54.835,-23.508],[-54.84,-23.5],[-54.839,-23.497],[-54.843,-23.492],[-54.841,-23.49],[-54.843,-23.485],[-54.847,-23.483],[-54.843,-23.479],[-54.842,-23.476],[-54.852,-23.471],[-54.853,-23.468],[-54.857,-23.464],[-54.857,-23.462],[-54.861,-23.46],[-54.862,-23.457],[-54.868,-23.451],[-54.869,-23.447],[-54.873,-23.444],[-54.879,-23.444],[-54.883,-23.441],[-54.881,-23.436],[-54.874,-23.43],[-54.868,-23.415],[-54.866,-23.415],[-54.865,-23.409],[-54.847,-23.399],[-54.843,-23.393],[-54.839,-23.392],[-54.837,-23.388],[-54.836,-23.382],[-54.836,-23.376],[-54.841,-23.362],[-54.84,-23.357],[-54.837,-23.348],[-54.832,-23.337],[-54.826,-23.332],[-54.823,-23.322],[-54.819,-23.318],[-54.816,-23.308],[-54.815,-23.306],[-54.807,-23.305],[-54.79,-23.306],[-54.785,-23.299],[-54.774,-23.292],[-54.771,-23.291],[-54.764,-23.294],[-54.753,-23.295],[-54.748,-23.293],[-54.73,-23.294],[-54.722,-23.289],[-54.712,-23.289],[-54.707,-23.287],[-54.697,-23.292],[-54.694,-23.295],[-54.684,-23.302],[-54.681,-23.306],[-54.672,-23.311],[-54.669,-23.305],[-54.666,-23.302],[-54.661,-23.292],[-54.653,-23.29],[-54.648,-23.285],[-54.644,-23.275],[-54.649,-23.27],[-54.653,-23.264],[-54.654,-23.26],[-54.655,-23.234],[-54.66,-23.222],[-54.662,-23.212],[-54.659,-23.205],[-54.658,-23.201],[-54.655,-23.192],[-54.655,-23.186],[-54.651,-23.182],[-54.644,-23.177],[-54.638,-23.168],[-54.634,-23.164],[-54.628,-23.164],[-54.625,-23.162],[-54.619,-23.161],[-54.606,-23.159],[-54.602,-23.159],[-54.59,-23.156],[-54.583,-23.149],[-54.579,-23.148],[-54.573,-23.139],[-54.566,-23.135],[-54.565,-23.131],[-54.559,-23.126],[-54.552,-23.123],[-54.547,-23.119],[-54.542,-23.117],[-54.536,-23.117],[-54.526,-23.114],[-54.522,-23.112],[-54.518,-23.107],[-54.515,-23.106],[-54.511,-23.099],[-54.511,-23.09],[-54.507,-23.085],[-54.503,-23.085],[-54.497,-23.081],[-54.498,-23.074],[-54.495,-23.075],[-54.485,-23.069],[-54.478,-23.064],[-54.471,-23.05],[-54.466,-23.048],[-54.468,-23.044],[-54.474,-23.044],[-54.471,-23.041],[-54.467,-23.041],[-54.462,-23.042],[-54.459,-23.046],[-54.448,-23.051],[-54.452,-23.052],[-54.453,-23.054],[-54.448,-23.059],[-54.44,-23.057],[-54.437,-23.059],[-54.427,-23.057],[-54.429,-23.072],[-54.432,-23.073],[-54.433,-23.077],[-54.429,-23.079],[-54.426,-23.075],[-54.425,-23.069],[-54.423,-23.069],[-54.423,-23.08],[-54.425,-23.084],[-54.42,-23.085],[-54.414,-23.083],[-54.412,-23.088],[-54.407,-23.089],[-54.405,-23.086],[-54.395,-23.089],[-54.388,-23.086],[-54.384,-23.092],[-54.378,-23.095],[-54.367,-23.092],[-54.36,-23.094],[-54.358,-23.1],[-54.352,-23.099],[-54.349,-23.093],[-54.346,-23.094],[-54.343,-23.1],[-54.335,-23.1],[-54.339,-23.104],[-54.341,-23.109],[-54.346,-23.114],[-54.351,-23.122],[-54.355,-23.131],[-54.365,-23.15],[-54.368,-23.156],[-54.373,-23.173],[-54.378,-23.183],[-54.377,-23.223],[-54.387,-23.23],[-54.396,-23.244],[-54.4,-23.257],[-54.395,-23.263],[-54.389,-23.267],[-54.386,-23.271],[-54.383,-23.282],[-54.384,-23.288],[-54.375,-23.307],[-54.371,-23.312],[-54.365,-23.313],[-54.362,-23.315],[-54.357,-23.322],[-54.347,-23.325],[-54.343,-23.327],[-54.34,-23.331],[-54.336,-23.339],[-54.326,-23.347],[-54.323,-23.351],[-54.314,-23.357],[-54.308,-23.36],[-54.286,-23.373],[-54.296,-23.381],[-54.298,-23.386],[-54.292,-23.39],[-54.287,-23.39],[-54.276,-23.396],[-54.272,-23.393],[-54.263,-23.398],[-54.255,-23.406],[-54.241,-23.418],[-54.243,-23.43],[-54.24,-23.441],[-54.238,-23.446],[-54.237,-23.45],[-54.244,-23.463],[-54.245,-23.481],[-54.247,-23.49],[-54.255,-23.503],[-54.254,-23.517],[-54.255,-23.525],[-54.257,-23.53],[-54.254,-23.536],[-54.265,-23.549],[-54.275,-23.564],[-54.282,-23.561],[-54.284,-23.562],[-54.302,-23.562],[-54.314,-23.558],[-54.322,-23.554],[-54.326,-23.551],[-54.33,-23.554],[-54.332,-23.56],[-54.334,-23.565],[-54.336,-23.573],[-54.342,-23.588],[-54.349,-23.596],[-54.364,-23.639],[-54.388,-23.705],[-54.381,-23.715],[-54.378,-23.723],[-54.386,-23.739],[-54.396,-23.747],[-54.4,-23.755],[-54.407,-23.764],[-54.413,-23.773],[-54.416,-23.782],[-54.416,-23.788],[-54.42,-23.794],[-54.423,-23.795],[-54.43,-23.789],[-54.433,-23.794],[-54.44,-23.792],[-54.445,-23.788],[-54.452,-23.788],[-54.456,-23.783],[-54.454,-23.779],[-54.456,-23.776],[-54.452,-23.771],[-54.454,-23.768],[-54.458,-23.77],[-54.46,-23.766],[-54.456,-23.763],[-54.454,-23.76],[-54.458,-23.761],[-54.469,-23.758],[-54.472,-23.756],[-54.468,-23.753],[-54.47,-23.75],[-54.481,-23.752],[-54.485,-23.752],[-54.492,-23.754],[-54.501,-23.75],[-54.504,-23.745],[-54.511,-23.739],[-54.517,-23.741],[-54.523,-23.739],[-54.529,-23.74],[-54.532,-23.733],[-54.535,-23.735],[-54.539,-23.736],[-54.547,-23.734],[-54.552,-23.735],[-54.561,-23.733],[-54.567,-23.735],[-54.572,-23.735],[-54.581,-23.729],[-54.586,-23.73],[-54.593,-23.73],[-54.597,-23.727],[-54.603,-23.726],[-54.601,-23.732],[-54.606,-23.728],[-54.61,-23.729],[-54.614,-23.733],[-54.618,-23.733],[-54.621,-23.73],[-54.627,-23.73],[-54.634,-23.732],[-54.641,-23.731],[-54.639,-23.726],[-54.645,-23.726],[-54.649,-23.718]]]}},{"type":"Feature","properties":{"c":"5004403"},"geometry":{"type":"Polygon","coordinates":[[[-51.475,-19.959],[-51.478,-19.959],[-51.49,-19.962],[-51.496,-19.962],[-51.501,-19.964],[-51.517,-19.962],[-51.523,-19.962],[-51.529,-19.965],[-51.535,-19.964],[-51.549,-19.966],[-51.555,-19.966],[-51.56,-19.967],[-51.566,-19.97],[-51.576,-19.969],[-51.582,-19.973],[-51.639,-19.983],[-51.639,-19.986],[-51.642,-19.995],[-51.647,-19.998],[-51.651,-20.0],[-51.663,-20.01],[-51.668,-20.009],[-51.677,-20.012],[-51.679,-20.021],[-51.684,-20.025],[-51.686,-20.032],[-51.687,-20.043],[-51.689,-20.047],[-51.692,-20.046],[-51.696,-20.047],[-51.701,-20.045],[-51.707,-20.045],[-51.715,-20.04],[-51.722,-20.039],[-51.727,-20.034],[-51.736,-20.032],[-51.737,-20.034],[-51.747,-20.032],[-51.751,-20.034],[-51.755,-20.028],[-51.755,-20.023],[-51.762,-20.018],[-51.757,-20.003],[-51.759,-20.0],[-51.759,-19.993],[-51.758,-19.989],[-51.759,-19.986],[-51.765,-19.976],[-51.764,-19.973],[-51.763,-19.962],[-51.765,-19.955],[-51.771,-19.946],[-51.773,-19.944],[-51.774,-19.935],[-51.777,-19.929],[-51.781,-19.926],[-51.781,-19.918],[-51.78,-19.913],[-51.848,-20.006],[-51.857,-20.006],[-51.865,-20.003],[-51.871,-20.003],[-51.879,-20.011],[-51.886,-20.013],[-51.891,-20.021],[-51.896,-20.025],[-51.901,-20.023],[-51.904,-20.024],[-51.909,-20.023],[-51.916,-20.025],[-51.921,-20.028],[-51.928,-20.024],[-51.933,-20.026],[-51.94,-20.024],[-51.941,-20.026],[-51.949,-20.026],[-51.952,-20.024],[-51.957,-20.024],[-51.965,-20.022],[-51.974,-20.021],[-51.975,-20.023],[-51.983,-20.024],[-51.989,-20.027],[-51.996,-20.027],[-52.006,-20.034],[-52.015,-20.039],[-52.033,-20.042],[-52.04,-20.049],[-52.043,-20.051],[-52.047,-20.058],[-52.052,-20.068],[-52.055,-20.07],[-52.06,-20.074],[-52.062,-20.072],[-52.065,-20.075],[-52.068,-20.076],[-52.071,-20.08],[-52.075,-20.081],[-52.083,-20.079],[-52.088,-20.084],[-52.092,-20.085],[-52.093,-20.089],[-52.097,-20.09],[-52.097,-20.094],[-52.104,-20.103],[-52.107,-20.11],[-52.105,-20.118],[-52.109,-20.12],[-52.107,-20.123],[-52.114,-20.125],[-52.12,-20.131],[-52.121,-20.126],[-52.128,-20.122],[-52.128,-20.116],[-52.131,-20.113],[-52.138,-20.112],[-52.145,-20.109],[-52.147,-20.106],[-52.147,-20.1],[-52.151,-20.093],[-52.151,-20.086],[-52.154,-20.079],[-52.161,-20.074],[-52.167,-20.073],[-52.168,-20.069],[-52.167,-20.059],[-52.172,-20.057],[-52.174,-20.055],[-52.184,-20.052],[-52.19,-20.045],[-52.197,-20.041],[-52.197,-20.036],[-52.201,-20.033],[-52.2,-20.023],[-52.196,-20.019],[-52.2,-20.013],[-52.201,-20.007],[-52.206,-20.004],[-52.208,-19.995],[-52.206,-19.991],[-52.206,-19.984],[-52.211,-19.974],[-52.218,-19.967],[-52.22,-19.963],[-52.22,-19.958],[-52.218,-19.951],[-52.221,-19.945],[-52.22,-19.94],[-52.214,-19.937],[-52.213,-19.932],[-52.219,-19.929],[-52.217,-19.923],[-52.22,-19.919],[-52.213,-19.915],[-52.213,-19.907],[-52.21,-19.903],[-52.215,-19.897],[-52.216,-19.891],[-52.212,-19.882],[-52.212,-19.872],[-52.213,-19.869],[-52.222,-19.862],[-52.223,-19.858],[-52.234,-19.849],[-52.235,-19.846],[-52.241,-19.84],[-52.243,-19.834],[-52.245,-19.831],[-52.25,-19.829],[-52.252,-19.826],[-52.264,-19.813],[-52.273,-19.811],[-52.277,-19.806],[-52.275,-19.801],[-52.277,-19.799],[-52.284,-19.801],[-52.29,-19.79],[-52.294,-19.788],[-52.296,-19.783],[-52.294,-19.78],[-52.293,-19.776],[-52.297,-19.769],[-52.305,-19.763],[-52.305,-19.757],[-52.304,-19.75],[-52.309,-19.746],[-52.32,-19.744],[-52.322,-19.739],[-52.327,-19.733],[-52.335,-19.728],[-52.333,-19.724],[-52.33,-19.721],[-52.331,-19.716],[-52.334,-19.713],[-52.336,-19.705],[-52.341,-19.703],[-52.343,-19.698],[-52.341,-19.694],[-52.341,-19.677],[-52.349,-19.669],[-52.349,-19.663],[-52.354,-19.661],[-52.363,-19.654],[-52.365,-19.651],[-52.372,-19.652],[-52.374,-19.65],[-52.37,-19.646],[-52.37,-19.643],[-52.377,-19.64],[-52.38,-19.638],[-52.389,-19.633],[-52.401,-19.632],[-52.409,-19.634],[-52.413,-19.629],[-52.424,-19.628],[-52.427,-19.629],[-52.431,-19.634],[-52.437,-19.638],[-52.442,-19.631],[-52.445,-19.629],[-52.449,-19.62],[-52.451,-19.62],[-52.454,-19.615],[-52.462,-19.613],[-52.468,-19.616],[-52.473,-19.614],[-52.476,-19.611],[-52.477,-19.606],[-52.48,-19.608],[-52.483,-19.606],[-52.481,-19.603],[-52.488,-19.599],[-52.49,-19.593],[-52.492,-19.585],[-52.495,-19.58],[-52.503,-19.578],[-52.512,-19.566],[-52.51,-19.563],[-52.505,-19.56],[-52.506,-19.558],[-52.511,-19.558],[-52.516,-19.55],[-52.514,-19.549],[-52.51,-19.552],[-52.507,-19.55],[-52.502,-19.541],[-52.499,-19.541],[-52.499,-19.536],[-52.493,-19.532],[-52.487,-19.528],[-52.486,-19.52],[-52.483,-19.514],[-52.485,-19.51],[-52.482,-19.505],[-52.485,-19.502],[-52.482,-19.498],[-52.479,-19.5],[-52.479,-19.495],[-52.475,-19.492],[-52.472,-19.493],[-52.469,-19.487],[-52.472,-19.484],[-52.472,-19.48],[-52.468,-19.481],[-52.466,-19.478],[-52.468,-19.473],[-52.467,-19.468],[-52.464,-19.467],[-52.463,-19.463],[-52.458,-19.46],[-52.459,-19.457],[-52.462,-19.459],[-52.469,-19.455],[-52.468,-19.451],[-52.471,-19.448],[-52.469,-19.444],[-52.47,-19.44],[-52.463,-19.438],[-52.463,-19.435],[-52.467,-19.431],[-52.47,-19.432],[-52.468,-19.426],[-52.474,-19.419],[-52.468,-19.419],[-52.466,-19.417],[-52.468,-19.413],[-52.465,-19.408],[-52.468,-19.408],[-52.467,-19.392],[-52.463,-19.39],[-52.458,-19.381],[-52.451,-19.381],[-52.448,-19.379],[-52.453,-19.376],[-52.454,-19.373],[-52.452,-19.372],[-52.452,-19.368],[-52.449,-19.364],[-52.447,-19.366],[-52.444,-19.364],[-52.444,-19.358],[-52.445,-19.352],[-52.441,-19.35],[-52.438,-19.344],[-52.442,-19.341],[-52.441,-19.336],[-52.439,-19.334],[-52.434,-19.334],[-52.429,-19.332],[-52.42,-19.333],[-52.418,-19.335],[-52.413,-19.336],[-52.412,-19.335],[-52.403,-19.333],[-52.387,-19.336],[-52.38,-19.339],[-52.365,-19.347],[-52.362,-19.348],[-52.358,-19.351],[-52.347,-19.357],[-52.343,-19.357],[-52.329,-19.366],[-52.32,-19.366],[-52.315,-19.364],[-52.308,-19.365],[-52.29,-19.363],[-52.281,-19.365],[-52.275,-19.362],[-52.262,-19.364],[-52.253,-19.367],[-52.249,-19.369],[-52.24,-19.37],[-52.236,-19.372],[-52.226,-19.373],[-52.219,-19.376],[-52.211,-19.373],[-52.208,-19.369],[-52.203,-19.369],[-52.201,-19.367],[-52.203,-19.36],[-52.201,-19.351],[-52.201,-19.347],[-52.185,-19.336],[-52.175,-19.343],[-52.171,-19.352],[-52.162,-19.348],[-52.151,-19.35],[-52.133,-19.369],[-52.126,-19.374],[-52.12,-19.37],[-52.119,-19.365],[-52.111,-19.364],[-52.108,-19.356],[-52.097,-19.345],[-52.091,-19.338],[-52.086,-19.33],[-52.079,-19.323],[-52.089,-19.305],[-52.102,-19.305],[-52.11,-19.301],[-52.13,-19.302],[-52.141,-19.306],[-52.145,-19.306],[-52.15,-19.305],[-52.153,-19.306],[-52.162,-19.307],[-52.164,-19.304],[-52.168,-19.293],[-52.171,-19.293],[-52.18,-19.287],[-52.182,-19.282],[-52.186,-19.278],[-52.188,-19.272],[-52.195,-19.263],[-52.197,-19.252],[-52.201,-19.248],[-52.203,-19.247],[-52.21,-19.242],[-52.216,-19.238],[-52.222,-19.238],[-52.222,-19.234],[-52.215,-19.228],[-52.211,-19.228],[-52.211,-19.223],[-52.207,-19.219],[-52.205,-19.222],[-52.195,-19.218],[-52.192,-19.222],[-52.189,-19.218],[-52.189,-19.212],[-52.179,-19.206],[-52.177,-19.202],[-52.173,-19.202],[-52.172,-19.198],[-52.158,-19.199],[-52.152,-19.204],[-52.142,-19.207],[-52.136,-19.211],[-52.134,-19.213],[-52.13,-19.215],[-52.126,-19.219],[-52.115,-19.226],[-52.107,-19.23],[-52.102,-19.238],[-52.097,-19.244],[-52.091,-19.254],[-52.087,-19.257],[-52.079,-19.259],[-52.073,-19.257],[-52.071,-19.254],[-52.066,-19.252],[-52.057,-19.251],[-52.055,-19.247],[-52.055,-19.244],[-52.053,-19.237],[-52.053,-19.233],[-52.051,-19.227],[-52.047,-19.225],[-52.045,-19.221],[-52.034,-19.213],[-52.031,-19.209],[-52.024,-19.205],[-52.021,-19.2],[-52.017,-19.198],[-52.008,-19.197],[-51.999,-19.194],[-51.983,-19.193],[-51.978,-19.191],[-51.968,-19.2],[-51.959,-19.202],[-51.953,-19.206],[-51.945,-19.206],[-51.937,-19.213],[-51.868,-19.223],[-51.876,-19.228],[-51.872,-19.236],[-51.871,-19.241],[-51.86,-19.242],[-51.857,-19.244],[-51.855,-19.249],[-51.85,-19.267],[-51.86,-19.278],[-51.863,-19.286],[-51.861,-19.291],[-51.847,-19.312],[-51.846,-19.325],[-51.839,-19.331],[-51.838,-19.335],[-51.84,-19.348],[-51.836,-19.356],[-51.831,-19.364],[-51.834,-19.372],[-51.827,-19.384],[-51.825,-19.393],[-51.825,-19.413],[-51.826,-19.421],[-51.825,-19.424],[-51.819,-19.431],[-51.817,-19.436],[-51.808,-19.44],[-51.804,-19.443],[-51.803,-19.446],[-51.791,-19.464],[-51.779,-19.486],[-51.786,-19.503],[-51.784,-19.525],[-51.79,-19.543],[-51.795,-19.569],[-51.793,-19.573],[-51.769,-19.589],[-51.763,-19.597],[-51.743,-19.608],[-51.732,-19.614],[-51.72,-19.627],[-51.716,-19.635],[-51.711,-19.647],[-51.704,-19.656],[-51.699,-19.665],[-51.694,-19.669],[-51.691,-19.682],[-51.688,-19.685],[-51.684,-19.692],[-51.686,-19.699],[-51.67,-19.706],[-51.667,-19.71],[-51.666,-19.718],[-51.659,-19.723],[-51.653,-19.738],[-51.65,-19.745],[-51.643,-19.752],[-51.633,-19.757],[-51.622,-19.762],[-51.612,-19.759],[-51.61,-19.771],[-51.609,-19.791],[-51.605,-19.797],[-51.599,-19.789],[-51.593,-19.792],[-51.591,-19.79],[-51.586,-19.791],[-51.589,-19.795],[-51.59,-19.804],[-51.592,-19.803],[-51.59,-19.807],[-51.585,-19.813],[-51.588,-19.816],[-51.586,-19.819],[-51.581,-19.814],[-51.579,-19.815],[-51.577,-19.821],[-51.572,-19.822],[-51.568,-19.826],[-51.562,-19.825],[-51.565,-19.83],[-51.563,-19.835],[-51.558,-19.838],[-51.561,-19.842],[-51.558,-19.845],[-51.56,-19.848],[-51.556,-19.854],[-51.555,-19.859],[-51.549,-19.86],[-51.551,-19.865],[-51.539,-19.867],[-51.537,-19.87],[-51.533,-19.871],[-51.537,-19.877],[-51.535,-19.88],[-51.528,-19.88],[-51.526,-19.883],[-51.526,-19.887],[-51.523,-19.889],[-51.518,-19.884],[-51.511,-19.885],[-51.51,-19.896],[-51.507,-19.9],[-51.512,-19.906],[-51.513,-19.913],[-51.505,-19.912],[-51.504,-19.916],[-51.501,-19.917],[-51.498,-19.92],[-51.496,-19.928],[-51.498,-19.93],[-51.496,-19.938],[-51.49,-19.934],[-51.487,-19.936],[-51.487,-19.942],[-51.489,-19.946],[-51.488,-19.953],[-51.486,-19.954],[-51.48,-19.953],[-51.477,-19.955],[-51.475,-19.959]]]}},{"type":"Feature","properties":{"c":"5004502"},"geometry":{"type":"Polygon","coordinates":[[[-54.684,-22.067],[-54.691,-22.07],[-54.694,-22.073],[-54.698,-22.079],[-54.698,-22.086],[-54.706,-22.097],[-54.714,-22.097],[-54.719,-22.098],[-54.73,-22.106],[-54.74,-22.11],[-54.745,-22.113],[-54.751,-22.121],[-54.756,-22.125],[-54.759,-22.129],[-54.768,-22.137],[-54.772,-22.139],[-54.829,-22.174],[-54.837,-22.171],[-54.84,-22.182],[-54.871,-22.201],[-54.876,-22.199],[-54.922,-22.193],[-54.937,-22.188],[-54.956,-22.177],[-54.979,-22.152],[-55.017,-22.142],[-55.021,-22.129],[-55.023,-22.125],[-55.042,-22.105],[-55.045,-22.103],[-55.052,-22.103],[-55.071,-22.116],[-55.092,-22.122],[-55.095,-22.11],[-55.092,-22.101],[-55.088,-22.096],[-55.087,-22.09],[-55.089,-22.08],[-55.086,-22.073],[-55.089,-22.068],[-55.097,-22.059],[-55.1,-22.049],[-55.1,-22.042],[-55.105,-22.035],[-55.103,-22.029],[-55.102,-22.019],[-55.1,-22.015],[-55.099,-22.006],[-55.084,-21.986],[-55.08,-21.982],[-55.071,-21.98],[-55.064,-21.975],[-55.057,-21.975],[-55.05,-21.972],[-55.037,-21.97],[-55.032,-21.965],[-55.029,-21.963],[-55.024,-21.964],[-55.019,-21.955],[-55.017,-21.952],[-55.017,-21.945],[-55.015,-21.942],[-55.01,-21.94],[-55.009,-21.937],[-55.015,-21.928],[-55.021,-21.921],[-55.022,-21.916],[-55.011,-21.904],[-55.007,-21.898],[-55.008,-21.891],[-55.011,-21.887],[-55.006,-21.882],[-55.001,-21.88],[-55.001,-21.876],[-54.998,-21.874],[-54.997,-21.865],[-54.991,-21.856],[-54.99,-21.847],[-54.991,-21.841],[-54.984,-21.831],[-54.985,-21.824],[-54.981,-21.82],[-54.977,-21.82],[-54.976,-21.817],[-54.973,-21.818],[-54.972,-21.815],[-54.969,-21.814],[-54.962,-21.809],[-54.958,-21.81],[-54.951,-21.808],[-54.946,-21.809],[-54.945,-21.806],[-54.939,-21.814],[-54.936,-21.814],[-54.934,-21.818],[-54.926,-21.821],[-54.923,-21.824],[-54.913,-21.823],[-54.898,-21.826],[-54.897,-21.827],[-54.889,-21.828],[-54.884,-21.827],[-54.879,-21.824],[-54.871,-21.831],[-54.864,-21.83],[-54.865,-21.833],[-54.86,-21.833],[-54.857,-21.838],[-54.848,-21.845],[-54.837,-21.84],[-54.83,-21.832],[-54.826,-21.834],[-54.824,-21.833],[-54.814,-21.836],[-54.807,-21.83],[-54.806,-21.827],[-54.799,-21.826],[-54.794,-21.828],[-54.795,-21.831],[-54.791,-21.831],[-54.792,-21.836],[-54.789,-21.842],[-54.784,-21.845],[-54.782,-21.85],[-54.786,-21.852],[-54.784,-21.856],[-54.787,-21.856],[-54.787,-21.864],[-54.786,-21.868],[-54.78,-21.867],[-54.772,-21.874],[-54.77,-21.88],[-54.767,-21.893],[-54.77,-21.897],[-54.762,-21.903],[-54.761,-21.905],[-54.758,-21.903],[-54.752,-21.902],[-54.749,-21.898],[-54.744,-21.897],[-54.733,-21.879],[-54.727,-21.877],[-54.72,-21.879],[-54.715,-21.878],[-54.711,-21.876],[-54.705,-21.87],[-54.697,-21.869],[-54.694,-21.865],[-54.69,-21.864],[-54.69,-21.867],[-54.688,-21.871],[-54.686,-21.886],[-54.691,-21.895],[-54.685,-21.898],[-54.68,-21.896],[-54.675,-21.897],[-54.675,-21.901],[-54.677,-21.903],[-54.682,-21.904],[-54.689,-21.908],[-54.689,-21.911],[-54.693,-21.911],[-54.7,-21.916],[-54.696,-21.924],[-54.687,-21.929],[-54.685,-21.93],[-54.687,-21.935],[-54.687,-21.941],[-54.685,-21.944],[-54.68,-21.945],[-54.673,-21.943],[-54.668,-21.945],[-54.664,-21.943],[-54.664,-21.941],[-54.658,-21.941],[-54.657,-21.937],[-54.66,-21.938],[-54.666,-21.937],[-54.667,-21.931],[-54.662,-21.927],[-54.662,-21.925],[-54.657,-21.928],[-54.653,-21.933],[-54.648,-21.933],[-54.643,-21.927],[-54.638,-21.916],[-54.631,-21.916],[-54.632,-21.92],[-54.629,-21.92],[-54.627,-21.924],[-54.629,-21.928],[-54.626,-21.93],[-54.626,-21.938],[-54.626,-21.942],[-54.633,-21.952],[-54.639,-21.965],[-54.641,-21.971],[-54.644,-21.974],[-54.645,-21.983],[-54.652,-21.993],[-54.651,-21.997],[-54.658,-22.005],[-54.664,-22.021],[-54.662,-22.025],[-54.663,-22.034],[-54.661,-22.038],[-54.663,-22.043],[-54.674,-22.059],[-54.68,-22.065],[-54.684,-22.067]]]}},{"type":"Feature","properties":{"c":"5004601"},"geometry":{"type":"Polygon","coordinates":[[[-54.335,-23.1],[-54.329,-23.103],[-54.325,-23.102],[-54.324,-23.099],[-54.33,-23.1],[-54.33,-23.095],[-54.322,-23.091],[-54.317,-23.092],[-54.312,-23.096],[-54.308,-23.102],[-54.295,-23.104],[-54.287,-23.102],[-54.285,-23.103],[-54.286,-23.109],[-54.283,-23.113],[-54.27,-23.124],[-54.265,-23.126],[-54.26,-23.131],[-54.254,-23.129],[-54.246,-23.128],[-54.232,-23.13],[-54.228,-23.13],[-54.223,-23.137],[-54.223,-23.141],[-54.225,-23.145],[-54.219,-23.146],[-54.218,-23.141],[-54.213,-23.142],[-54.209,-23.14],[-54.208,-23.143],[-54.204,-23.144],[-54.204,-23.139],[-54.199,-23.138],[-54.193,-23.132],[-54.188,-23.135],[-54.183,-23.136],[-54.179,-23.147],[-54.181,-23.15],[-54.181,-23.157],[-54.185,-23.162],[-54.18,-23.165],[-54.181,-23.168],[-54.17,-23.168],[-54.165,-23.166],[-54.158,-23.168],[-54.156,-23.171],[-54.145,-23.169],[-54.138,-23.171],[-54.136,-23.175],[-54.132,-23.173],[-54.125,-23.171],[-54.122,-23.167],[-54.116,-23.166],[-54.114,-23.162],[-54.111,-23.158],[-54.114,-23.156],[-54.12,-23.157],[-54.117,-23.16],[-54.122,-23.162],[-54.124,-23.156],[-54.117,-23.151],[-54.108,-23.148],[-54.104,-23.148],[-54.104,-23.152],[-54.097,-23.149],[-54.091,-23.148],[-54.092,-23.14],[-54.087,-23.141],[-54.084,-23.136],[-54.085,-23.134],[-54.076,-23.134],[-54.069,-23.136],[-54.065,-23.135],[-54.062,-23.138],[-54.057,-23.136],[-54.054,-23.141],[-54.046,-23.142],[-54.037,-23.146],[-54.03,-23.146],[-54.025,-23.15],[-54.018,-23.152],[-54.014,-23.153],[-54.001,-23.158],[-53.999,-23.156],[-53.984,-23.158],[-53.972,-23.164],[-53.969,-23.16],[-53.966,-23.161],[-53.965,-23.165],[-53.956,-23.169],[-53.952,-23.168],[-53.947,-23.169],[-53.945,-23.173],[-53.946,-23.177],[-53.942,-23.181],[-53.939,-23.183],[-53.934,-23.181],[-53.933,-23.185],[-53.929,-23.183],[-53.924,-23.186],[-53.92,-23.185],[-53.911,-23.185],[-53.907,-23.188],[-53.91,-23.188],[-53.91,-23.192],[-53.906,-23.193],[-53.899,-23.188],[-53.896,-23.188],[-53.892,-23.19],[-53.895,-23.194],[-53.899,-23.196],[-53.898,-23.198],[-53.884,-23.2],[-53.88,-23.202],[-53.876,-23.205],[-53.871,-23.203],[-53.863,-23.213],[-53.859,-23.213],[-53.855,-23.218],[-53.855,-23.224],[-53.858,-23.228],[-53.854,-23.236],[-53.848,-23.244],[-53.853,-23.243],[-53.849,-23.249],[-53.85,-23.254],[-53.846,-23.253],[-53.844,-23.255],[-53.847,-23.258],[-53.84,-23.259],[-53.838,-23.262],[-53.835,-23.26],[-53.833,-23.271],[-53.836,-23.278],[-53.828,-23.283],[-53.827,-23.285],[-53.833,-23.287],[-53.824,-23.29],[-53.826,-23.293],[-53.829,-23.295],[-53.829,-23.304],[-53.827,-23.306],[-53.835,-23.305],[-53.837,-23.309],[-53.835,-23.311],[-53.839,-23.316],[-53.842,-23.318],[-53.838,-23.321],[-53.841,-23.322],[-53.839,-23.328],[-53.836,-23.329],[-53.83,-23.327],[-53.83,-23.332],[-53.834,-23.333],[-53.844,-23.328],[-53.848,-23.33],[-53.852,-23.336],[-53.849,-23.343],[-53.852,-23.345],[-53.855,-23.344],[-53.857,-23.34],[-53.866,-23.347],[-53.868,-23.352],[-53.869,-23.353],[-53.875,-23.352],[-53.879,-23.358],[-53.883,-23.357],[-53.885,-23.361],[-53.882,-23.367],[-53.89,-23.375],[-53.9,-23.388],[-53.907,-23.398],[-53.913,-23.404],[-53.926,-23.414],[-53.937,-23.424],[-53.946,-23.429],[-53.947,-23.433],[-53.96,-23.443],[-53.964,-23.444],[-53.972,-23.448],[-53.982,-23.457],[-53.987,-23.467],[-53.991,-23.479],[-53.995,-23.49],[-54.0,-23.5],[-54.004,-23.511],[-54.005,-23.528],[-54.007,-23.545],[-54.013,-23.562],[-54.018,-23.573],[-54.021,-23.577],[-54.024,-23.586],[-54.023,-23.597],[-54.029,-23.613],[-54.031,-23.633],[-54.031,-23.646],[-54.035,-23.656],[-54.045,-23.669],[-54.048,-23.676],[-54.051,-23.687],[-54.059,-23.684],[-54.062,-23.681],[-54.064,-23.667],[-54.062,-23.661],[-54.057,-23.656],[-54.055,-23.649],[-54.057,-23.644],[-54.061,-23.64],[-54.064,-23.639],[-54.073,-23.641],[-54.077,-23.639],[-54.083,-23.64],[-54.086,-23.638],[-54.096,-23.639],[-54.098,-23.638],[-54.107,-23.64],[-54.11,-23.636],[-54.11,-23.633],[-54.115,-23.629],[-54.123,-23.626],[-54.141,-23.626],[-54.147,-23.619],[-54.151,-23.617],[-54.152,-23.613],[-54.157,-23.612],[-54.163,-23.607],[-54.172,-23.605],[-54.177,-23.605],[-54.179,-23.603],[-54.189,-23.601],[-54.196,-23.596],[-54.2,-23.592],[-54.203,-23.582],[-54.211,-23.574],[-54.216,-23.575],[-54.221,-23.572],[-54.231,-23.569],[-54.236,-23.568],[-54.24,-23.566],[-54.247,-23.569],[-54.249,-23.568],[-54.255,-23.569],[-54.262,-23.567],[-54.267,-23.567],[-54.275,-23.564],[-54.265,-23.549],[-54.254,-23.536],[-54.257,-23.53],[-54.255,-23.525],[-54.254,-23.517],[-54.255,-23.503],[-54.247,-23.49],[-54.245,-23.481],[-54.244,-23.463],[-54.237,-23.45],[-54.238,-23.446],[-54.24,-23.441],[-54.243,-23.43],[-54.241,-23.418],[-54.255,-23.406],[-54.263,-23.398],[-54.272,-23.393],[-54.276,-23.396],[-54.287,-23.39],[-54.292,-23.39],[-54.298,-23.386],[-54.296,-23.381],[-54.286,-23.373],[-54.308,-23.36],[-54.314,-23.357],[-54.323,-23.351],[-54.326,-23.347],[-54.336,-23.339],[-54.34,-23.331],[-54.343,-23.327],[-54.347,-23.325],[-54.357,-23.322],[-54.362,-23.315],[-54.365,-23.313],[-54.371,-23.312],[-54.375,-23.307],[-54.384,-23.288],[-54.383,-23.282],[-54.386,-23.271],[-54.389,-23.267],[-54.395,-23.263],[-54.4,-23.257],[-54.396,-23.244],[-54.387,-23.23],[-54.377,-23.223],[-54.378,-23.183],[-54.373,-23.173],[-54.368,-23.156],[-54.365,-23.15],[-54.355,-23.131],[-54.351,-23.122],[-54.346,-23.114],[-54.341,-23.109],[-54.339,-23.104],[-54.335,-23.1]]]}},{"type":"Feature","properties":{"c":"5004700"},"geometry":{"type":"Polygon","coordinates":[[[-54.028,-22.544],[-54.029,-22.54],[-54.036,-22.535],[-54.036,-22.532],[-54.034,-22.527],[-54.037,-22.516],[-54.042,-22.516],[-54.042,-22.505],[-54.044,-22.499],[-54.047,-22.499],[-54.047,-22.495],[-54.05,-22.487],[-54.054,-22.485],[-54.057,-22.475],[-54.06,-22.474],[-54.068,-22.468],[-54.071,-22.464],[-54.073,-22.465],[-54.077,-22.457],[-54.081,-22.453],[-54.083,-22.447],[-54.09,-22.446],[-54.097,-22.44],[-54.1,-22.436],[-54.1,-22.433],[-54.104,-22.429],[-54.104,-22.426],[-54.106,-22.416],[-54.11,-22.409],[-54.108,-22.397],[-54.112,-22.387],[-54.114,-22.38],[-54.117,-22.377],[-54.118,-22.364],[-54.115,-22.355],[-54.107,-22.339],[-54.104,-22.338],[-54.093,-22.329],[-54.026,-22.19],[-54.019,-22.175],[-54.017,-22.168],[-54.013,-22.165],[-54.005,-22.164],[-53.997,-22.158],[-53.987,-22.151],[-53.979,-22.148],[-53.972,-22.15],[-53.967,-22.155],[-53.96,-22.157],[-53.959,-22.161],[-53.955,-22.16],[-53.946,-22.161],[-53.939,-22.165],[-53.932,-22.164],[-53.929,-22.169],[-53.923,-22.171],[-53.912,-22.187],[-53.908,-22.189],[-53.903,-22.197],[-53.898,-22.199],[-53.894,-22.199],[-53.885,-22.205],[-53.88,-22.204],[-53.877,-22.207],[-53.86,-22.209],[-53.856,-22.209],[-53.85,-22.21],[-53.845,-22.209],[-53.831,-22.21],[-53.824,-22.212],[-53.817,-22.216],[-53.81,-22.219],[-53.801,-22.225],[-53.796,-22.23],[-53.789,-22.233],[-53.777,-22.237],[-53.763,-22.234],[-53.755,-22.236],[-53.751,-22.238],[-53.744,-22.236],[-53.733,-22.236],[-53.73,-22.238],[-53.714,-22.231],[-53.702,-22.232],[-53.701,-22.231],[-53.692,-22.23],[-53.684,-22.231],[-53.67,-22.223],[-53.663,-22.221],[-53.653,-22.216],[-53.648,-22.214],[-53.64,-22.209],[-53.63,-22.207],[-53.622,-22.205],[-53.616,-22.199],[-53.61,-22.191],[-53.604,-22.189],[-53.592,-22.193],[-53.588,-22.195],[-53.59,-22.203],[-53.591,-22.209],[-53.589,-22.214],[-53.586,-22.217],[-53.577,-22.217],[-53.564,-22.229],[-53.562,-22.236],[-53.569,-22.238],[-53.574,-22.243],[-53.576,-22.246],[-53.574,-22.257],[-53.57,-22.264],[-53.567,-22.276],[-53.565,-22.28],[-53.559,-22.283],[-53.552,-22.293],[-53.552,-22.297],[-53.556,-22.303],[-53.556,-22.309],[-53.551,-22.317],[-53.542,-22.326],[-53.539,-22.33],[-53.534,-22.333],[-53.534,-22.343],[-53.536,-22.349],[-53.536,-22.354],[-53.538,-22.356],[-53.544,-22.358],[-53.551,-22.358],[-53.553,-22.363],[-53.551,-22.365],[-53.546,-22.364],[-53.541,-22.362],[-53.537,-22.363],[-53.536,-22.368],[-53.539,-22.375],[-53.532,-22.381],[-53.529,-22.387],[-53.529,-22.394],[-53.526,-22.398],[-53.517,-22.401],[-53.514,-22.403],[-53.513,-22.412],[-53.51,-22.421],[-53.511,-22.431],[-53.507,-22.436],[-53.502,-22.434],[-53.495,-22.436],[-53.485,-22.45],[-53.483,-22.455],[-53.484,-22.461],[-53.488,-22.468],[-53.487,-22.474],[-53.493,-22.48],[-53.501,-22.491],[-53.501,-22.493],[-53.497,-22.499],[-53.498,-22.503],[-53.511,-22.511],[-53.52,-22.524],[-53.518,-22.532],[-53.52,-22.536],[-53.533,-22.543],[-53.549,-22.545],[-53.553,-22.547],[-53.56,-22.555],[-53.563,-22.562],[-53.562,-22.57],[-53.57,-22.568],[-53.578,-22.568],[-53.582,-22.566],[-53.59,-22.559],[-53.603,-22.556],[-53.605,-22.557],[-53.613,-22.558],[-53.62,-22.556],[-53.628,-22.562],[-53.63,-22.561],[-53.641,-22.564],[-53.644,-22.567],[-53.65,-22.569],[-53.654,-22.569],[-53.663,-22.572],[-53.67,-22.57],[-53.68,-22.57],[-53.682,-22.567],[-53.692,-22.566],[-53.7,-22.562],[-53.705,-22.563],[-53.711,-22.56],[-53.718,-22.558],[-53.726,-22.552],[-53.733,-22.55],[-53.736,-22.551],[-53.742,-22.548],[-53.752,-22.549],[-53.764,-22.546],[-53.774,-22.544],[-53.785,-22.539],[-53.789,-22.536],[-53.802,-22.534],[-53.808,-22.532],[-53.812,-22.527],[-53.816,-22.525],[-53.82,-22.526],[-53.824,-22.522],[-53.832,-22.517],[-53.842,-22.513],[-53.847,-22.506],[-53.857,-22.5],[-53.858,-22.495],[-53.865,-22.481],[-53.869,-22.478],[-53.869,-22.474],[-53.875,-22.469],[-53.878,-22.462],[-53.883,-22.458],[-53.887,-22.456],[-53.888,-22.452],[-53.893,-22.451],[-53.895,-22.446],[-53.903,-22.445],[-53.904,-22.441],[-53.911,-22.434],[-53.914,-22.433],[-53.917,-22.436],[-53.919,-22.435],[-53.946,-22.464],[-53.988,-22.508],[-53.993,-22.513],[-54.02,-22.542],[-54.025,-22.547],[-54.028,-22.544]]]}},{"type":"Feature","properties":{"c":"5004809"},"geometry":{"type":"Polygon","coordinates":[[[-54.684,-23.831],[-54.693,-23.811],[-54.696,-23.795],[-54.698,-23.789],[-54.702,-23.783],[-54.701,-23.777],[-54.703,-23.764],[-54.701,-23.757],[-54.702,-23.753],[-54.705,-23.744],[-54.71,-23.736],[-54.709,-23.731],[-54.706,-23.73],[-54.703,-23.733],[-54.7,-23.728],[-54.694,-23.731],[-54.69,-23.728],[-54.687,-23.731],[-54.683,-23.73],[-54.683,-23.727],[-54.679,-23.728],[-54.679,-23.725],[-54.673,-23.725],[-54.673,-23.728],[-54.666,-23.729],[-54.662,-23.723],[-54.658,-23.725],[-54.659,-23.722],[-54.649,-23.721],[-54.649,-23.718],[-54.645,-23.726],[-54.639,-23.726],[-54.641,-23.731],[-54.634,-23.732],[-54.627,-23.73],[-54.621,-23.73],[-54.618,-23.733],[-54.614,-23.733],[-54.61,-23.729],[-54.606,-23.728],[-54.601,-23.732],[-54.603,-23.726],[-54.597,-23.727],[-54.593,-23.73],[-54.586,-23.73],[-54.581,-23.729],[-54.572,-23.735],[-54.567,-23.735],[-54.561,-23.733],[-54.552,-23.735],[-54.547,-23.734],[-54.539,-23.736],[-54.535,-23.735],[-54.532,-23.733],[-54.529,-23.74],[-54.523,-23.739],[-54.517,-23.741],[-54.511,-23.739],[-54.504,-23.745],[-54.501,-23.75],[-54.492,-23.754],[-54.485,-23.752],[-54.481,-23.752],[-54.47,-23.75],[-54.468,-23.753],[-54.472,-23.756],[-54.469,-23.758],[-54.458,-23.761],[-54.454,-23.76],[-54.456,-23.763],[-54.46,-23.766],[-54.458,-23.77],[-54.454,-23.768],[-54.452,-23.771],[-54.456,-23.776],[-54.454,-23.779],[-54.456,-23.783],[-54.452,-23.788],[-54.445,-23.788],[-54.44,-23.792],[-54.433,-23.794],[-54.43,-23.789],[-54.423,-23.795],[-54.42,-23.794],[-54.416,-23.788],[-54.408,-23.796],[-54.403,-23.804],[-54.394,-23.814],[-54.39,-23.814],[-54.394,-23.817],[-54.396,-23.822],[-54.4,-23.829],[-54.407,-23.834],[-54.411,-23.841],[-54.419,-23.849],[-54.42,-23.852],[-54.412,-23.855],[-54.406,-23.86],[-54.402,-23.877],[-54.399,-23.88],[-54.393,-23.88],[-54.372,-23.885],[-54.369,-23.887],[-54.365,-23.898],[-54.362,-23.906],[-54.368,-23.907],[-54.373,-23.905],[-54.376,-23.907],[-54.382,-23.907],[-54.391,-23.914],[-54.397,-23.921],[-54.406,-23.925],[-54.417,-23.927],[-54.427,-23.931],[-54.432,-23.929],[-54.427,-23.927],[-54.426,-23.916],[-54.428,-23.913],[-54.435,-23.909],[-54.44,-23.904],[-54.447,-23.903],[-54.456,-23.899],[-54.463,-23.901],[-54.469,-23.898],[-54.478,-23.898],[-54.48,-23.901],[-54.487,-23.904],[-54.487,-23.894],[-54.493,-23.885],[-54.503,-23.884],[-54.507,-23.882],[-54.515,-23.885],[-54.518,-23.878],[-54.523,-23.874],[-54.53,-23.872],[-54.535,-23.873],[-54.539,-23.869],[-54.543,-23.868],[-54.553,-23.871],[-54.557,-23.87],[-54.569,-23.874],[-54.57,-23.868],[-54.564,-23.854],[-54.571,-23.85],[-54.581,-23.846],[-54.584,-23.837],[-54.589,-23.839],[-54.596,-23.846],[-54.601,-23.852],[-54.61,-23.851],[-54.617,-23.835],[-54.625,-23.835],[-54.631,-23.83],[-54.638,-23.831],[-54.647,-23.834],[-54.653,-23.822],[-54.654,-23.82],[-54.664,-23.82],[-54.669,-23.817],[-54.669,-23.813],[-54.678,-23.823],[-54.681,-23.828],[-54.684,-23.831]]]}},{"type":"Feature","properties":{"c":"5004908"},"geometry":{"type":"Polygon","coordinates":[[[-54.782,-20.173],[-54.772,-20.108],[-54.763,-20.045],[-54.758,-20.042],[-54.754,-20.043],[-54.747,-20.042],[-54.739,-20.046],[-54.733,-20.036],[-54.73,-20.037],[-54.727,-20.031],[-54.721,-20.029],[-54.715,-20.019],[-54.71,-20.016],[-54.706,-20.016],[-54.703,-20.019],[-54.7,-20.015],[-54.696,-20.014],[-54.691,-20.016],[-54.687,-20.015],[-54.682,-20.013],[-54.678,-20.012],[-54.676,-20.015],[-54.673,-20.012],[-54.673,-20.006],[-54.671,-20.009],[-54.663,-20.01],[-54.662,-20.007],[-54.659,-20.004],[-54.656,-20.007],[-54.65,-20.004],[-54.649,-20.001],[-54.641,-20.001],[-54.635,-20.004],[-54.631,-20.011],[-54.625,-20.012],[-54.623,-20.014],[-54.614,-20.01],[-54.609,-20.012],[-54.602,-20.011],[-54.598,-20.018],[-54.594,-20.017],[-54.588,-20.013],[-54.58,-20.013],[-54.577,-20.021],[-54.573,-20.025],[-54.569,-20.024],[-54.569,-20.02],[-54.562,-20.017],[-54.559,-20.017],[-54.549,-20.011],[-54.544,-20.011],[-54.539,-20.019],[-54.536,-20.018],[-54.534,-20.019],[-54.53,-20.018],[-54.523,-20.02],[-54.512,-20.007],[-54.507,-20.005],[-54.504,-20.001],[-54.498,-20.001],[-54.483,-20.005],[-54.476,-20.008],[-54.473,-20.014],[-54.409,-20.032],[-54.406,-20.032],[-54.401,-20.033],[-54.393,-20.03],[-54.381,-20.028],[-54.371,-20.023],[-54.361,-20.024],[-54.353,-20.024],[-54.342,-20.026],[-54.336,-20.026],[-54.33,-20.028],[-54.329,-20.031],[-54.318,-20.033],[-54.305,-20.029],[-54.298,-20.029],[-54.29,-20.028],[-54.281,-20.031],[-54.273,-20.036],[-54.266,-20.039],[-54.259,-20.045],[-54.252,-20.045],[-54.25,-20.041],[-54.245,-20.039],[-54.239,-20.039],[-54.239,-20.038],[-54.234,-20.037],[-54.232,-20.039],[-54.225,-20.039],[-54.224,-20.043],[-54.213,-20.047],[-54.213,-20.05],[-54.208,-20.05],[-54.208,-20.053],[-54.204,-20.054],[-54.204,-20.056],[-54.196,-20.056],[-54.194,-20.059],[-54.19,-20.06],[-54.184,-20.065],[-54.187,-20.067],[-54.184,-20.072],[-54.178,-20.075],[-54.18,-20.084],[-54.173,-20.087],[-54.173,-20.09],[-54.166,-20.09],[-54.164,-20.094],[-54.162,-20.092],[-54.153,-20.095],[-54.151,-20.098],[-54.144,-20.098],[-54.143,-20.096],[-54.137,-20.097],[-54.136,-20.102],[-54.132,-20.1],[-54.129,-20.103],[-54.127,-20.1],[-54.123,-20.101],[-54.116,-20.103],[-54.115,-20.108],[-54.113,-20.108],[-54.108,-20.114],[-54.104,-20.115],[-54.1,-20.118],[-54.098,-20.121],[-54.094,-20.123],[-54.094,-20.126],[-54.089,-20.128],[-54.09,-20.13],[-54.081,-20.139],[-54.082,-20.142],[-54.077,-20.143],[-54.076,-20.145],[-54.071,-20.147],[-54.069,-20.149],[-54.068,-20.155],[-54.069,-20.157],[-54.065,-20.159],[-54.066,-20.168],[-54.063,-20.17],[-54.065,-20.175],[-54.065,-20.179],[-54.062,-20.18],[-54.063,-20.184],[-54.059,-20.19],[-54.059,-20.186],[-54.056,-20.186],[-54.055,-20.192],[-54.047,-20.197],[-54.046,-20.205],[-54.05,-20.205],[-54.049,-20.209],[-54.044,-20.207],[-54.043,-20.212],[-54.039,-20.212],[-54.038,-20.209],[-54.034,-20.212],[-54.034,-20.216],[-54.031,-20.221],[-54.026,-20.224],[-54.025,-20.222],[-54.016,-20.233],[-54.017,-20.234],[-54.015,-20.241],[-54.014,-20.235],[-54.009,-20.239],[-54.01,-20.246],[-54.011,-20.25],[-54.01,-20.253],[-54.005,-20.258],[-54.008,-20.26],[-54.006,-20.265],[-54.002,-20.262],[-53.998,-20.263],[-53.994,-20.27],[-53.996,-20.275],[-53.993,-20.273],[-53.986,-20.275],[-53.983,-20.283],[-53.988,-20.287],[-53.982,-20.29],[-53.986,-20.293],[-53.991,-20.298],[-53.986,-20.301],[-53.99,-20.304],[-53.989,-20.309],[-53.986,-20.307],[-53.981,-20.31],[-53.984,-20.314],[-53.979,-20.315],[-53.973,-20.314],[-53.966,-20.317],[-53.962,-20.318],[-53.96,-20.323],[-53.957,-20.327],[-53.957,-20.328],[-53.954,-20.331],[-53.948,-20.332],[-53.945,-20.337],[-53.938,-20.341],[-53.933,-20.34],[-53.93,-20.343],[-53.922,-20.341],[-53.916,-20.341],[-53.912,-20.344],[-53.909,-20.353],[-53.905,-20.355],[-53.899,-20.352],[-53.897,-20.355],[-53.889,-20.359],[-53.893,-20.361],[-53.892,-20.364],[-53.885,-20.363],[-53.888,-20.366],[-53.888,-20.372],[-53.892,-20.374],[-53.897,-20.37],[-53.903,-20.369],[-53.907,-20.372],[-53.911,-20.371],[-53.91,-20.375],[-53.914,-20.375],[-53.913,-20.37],[-53.921,-20.37],[-53.924,-20.374],[-53.924,-20.377],[-53.935,-20.377],[-53.94,-20.379],[-53.94,-20.382],[-53.947,-20.383],[-53.953,-20.381],[-53.957,-20.384],[-53.964,-20.383],[-53.967,-20.382],[-53.969,-20.386],[-53.974,-20.387],[-53.972,-20.391],[-53.977,-20.391],[-53.98,-20.394],[-53.986,-20.397],[-53.99,-20.391],[-53.993,-20.395],[-53.997,-20.395],[-53.996,-20.399],[-54.002,-20.398],[-54.002,-20.401],[-54.006,-20.4],[-54.007,-20.394],[-54.011,-20.399],[-54.01,-20.403],[-54.011,-20.406],[-54.009,-20.41],[-54.017,-20.408],[-54.021,-20.411],[-54.022,-20.406],[-54.025,-20.406],[-54.024,-20.402],[-54.03,-20.404],[-54.03,-20.41],[-54.027,-20.41],[-54.027,-20.414],[-54.033,-20.412],[-54.035,-20.413],[-54.033,-20.416],[-54.039,-20.418],[-54.038,-20.421],[-54.045,-20.421],[-54.049,-20.425],[-54.051,-20.421],[-54.055,-20.42],[-54.061,-20.421],[-54.062,-20.423],[-54.06,-20.429],[-54.066,-20.426],[-54.07,-20.427],[-54.077,-20.426],[-54.081,-20.428],[-54.081,-20.434],[-54.087,-20.435],[-54.09,-20.436],[-54.098,-20.431],[-54.101,-20.438],[-54.104,-20.439],[-54.113,-20.436],[-54.114,-20.439],[-54.118,-20.437],[-54.121,-20.439],[-54.118,-20.442],[-54.115,-20.441],[-54.114,-20.444],[-54.119,-20.446],[-54.126,-20.443],[-54.128,-20.446],[-54.134,-20.449],[-54.134,-20.453],[-54.138,-20.452],[-54.144,-20.455],[-54.144,-20.451],[-54.147,-20.448],[-54.15,-20.452],[-54.152,-20.448],[-54.156,-20.446],[-54.156,-20.45],[-54.16,-20.452],[-54.162,-20.456],[-54.168,-20.455],[-54.171,-20.46],[-54.173,-20.457],[-54.175,-20.46],[-54.178,-20.461],[-54.178,-20.465],[-54.182,-20.464],[-54.183,-20.461],[-54.186,-20.465],[-54.189,-20.465],[-54.189,-20.469],[-54.196,-20.472],[-54.2,-20.478],[-54.202,-20.476],[-54.203,-20.48],[-54.21,-20.477],[-54.211,-20.482],[-54.218,-20.482],[-54.218,-20.477],[-54.222,-20.479],[-54.221,-20.483],[-54.222,-20.487],[-54.225,-20.485],[-54.233,-20.484],[-54.233,-20.487],[-54.241,-20.487],[-54.239,-20.489],[-54.243,-20.494],[-54.247,-20.491],[-54.251,-20.493],[-54.259,-20.495],[-54.267,-20.495],[-54.267,-20.492],[-54.271,-20.493],[-54.273,-20.491],[-54.279,-20.49],[-54.285,-20.493],[-54.291,-20.491],[-54.295,-20.493],[-54.296,-20.488],[-54.303,-20.48],[-54.309,-20.479],[-54.313,-20.481],[-54.316,-20.479],[-54.323,-20.477],[-54.337,-20.478],[-54.345,-20.473],[-54.346,-20.47],[-54.35,-20.469],[-54.348,-20.468],[-54.356,-20.466],[-54.356,-20.463],[-54.359,-20.463],[-54.365,-20.455],[-54.369,-20.454],[-54.37,-20.448],[-54.375,-20.447],[-54.376,-20.438],[-54.387,-20.43],[-54.39,-20.427],[-54.394,-20.425],[-54.397,-20.426],[-54.403,-20.424],[-54.408,-20.424],[-54.412,-20.421],[-54.416,-20.423],[-54.42,-20.418],[-54.423,-20.417],[-54.427,-20.41],[-54.431,-20.407],[-54.438,-20.406],[-54.441,-20.4],[-54.445,-20.397],[-54.45,-20.396],[-54.46,-20.397],[-54.471,-20.395],[-54.473,-20.393],[-54.48,-20.394],[-54.486,-20.391],[-54.491,-20.391],[-54.49,-20.385],[-54.493,-20.376],[-54.493,-20.368],[-54.493,-20.357],[-54.496,-20.35],[-54.498,-20.333],[-54.504,-20.322],[-54.509,-20.315],[-54.514,-20.305],[-54.513,-20.3],[-54.517,-20.285],[-54.526,-20.283],[-54.531,-20.28],[-54.533,-20.276],[-54.539,-20.273],[-54.607,-20.251],[-54.612,-20.257],[-54.616,-20.258],[-54.626,-20.255],[-54.629,-20.253],[-54.637,-20.252],[-54.644,-20.253],[-54.649,-20.249],[-54.652,-20.24],[-54.651,-20.236],[-54.655,-20.233],[-54.661,-20.226],[-54.665,-20.225],[-54.668,-20.222],[-54.671,-20.223],[-54.676,-20.216],[-54.68,-20.217],[-54.69,-20.214],[-54.692,-20.211],[-54.703,-20.206],[-54.706,-20.203],[-54.714,-20.203],[-54.719,-20.204],[-54.723,-20.2],[-54.723,-20.196],[-54.728,-20.195],[-54.73,-20.199],[-54.739,-20.199],[-54.741,-20.202],[-54.743,-20.198],[-54.748,-20.198],[-54.747,-20.196],[-54.752,-20.193],[-54.754,-20.194],[-54.759,-20.191],[-54.766,-20.19],[-54.77,-20.191],[-54.775,-20.182],[-54.778,-20.182],[-54.782,-20.173]]]}},{"type":"Feature","properties":{"c":"5005004"},"geometry":{"type":"Polygon","coordinates":[[[-56.808,-21.567],[-56.809,-21.566],[-56.818,-21.565],[-56.823,-21.567],[-56.829,-21.566],[-56.832,-21.564],[-56.842,-21.559],[-56.848,-21.559],[-56.85,-21.563],[-56.856,-21.563],[-56.856,-21.565],[-56.869,-21.568],[-56.882,-21.568],[-56.888,-21.569],[-56.889,-21.574],[-56.898,-21.576],[-56.9,-21.58],[-56.907,-21.581],[-56.911,-21.579],[-56.914,-21.581],[-56.912,-21.585],[-56.914,-21.59],[-56.918,-21.593],[-56.926,-21.587],[-56.931,-21.591],[-56.937,-21.589],[-56.935,-21.587],[-56.935,-21.581],[-56.938,-21.576],[-56.934,-21.575],[-56.93,-21.572],[-56.933,-21.567],[-56.936,-21.563],[-56.933,-21.562],[-56.93,-21.559],[-56.931,-21.555],[-56.927,-21.554],[-56.926,-21.551],[-56.92,-21.552],[-56.919,-21.545],[-56.925,-21.542],[-56.926,-21.536],[-56.922,-21.535],[-56.916,-21.536],[-56.91,-21.528],[-56.906,-21.526],[-56.904,-21.521],[-56.894,-21.519],[-56.899,-21.515],[-56.902,-21.516],[-56.902,-21.511],[-56.898,-21.508],[-56.894,-21.511],[-56.893,-21.509],[-56.889,-21.511],[-56.885,-21.507],[-56.886,-21.502],[-56.879,-21.498],[-56.875,-21.5],[-56.873,-21.495],[-56.877,-21.493],[-56.873,-21.492],[-56.872,-21.487],[-56.869,-21.482],[-56.863,-21.482],[-56.861,-21.476],[-56.856,-21.477],[-56.86,-21.468],[-56.852,-21.463],[-56.852,-21.461],[-56.848,-21.459],[-56.848,-21.466],[-56.843,-21.464],[-56.841,-21.46],[-56.839,-21.463],[-56.835,-21.461],[-56.831,-21.464],[-56.829,-21.462],[-56.826,-21.463],[-56.827,-21.471],[-56.824,-21.474],[-56.819,-21.473],[-56.82,-21.476],[-56.817,-21.484],[-56.811,-21.486],[-56.804,-21.478],[-56.809,-21.476],[-56.804,-21.473],[-56.799,-21.475],[-56.802,-21.465],[-56.806,-21.465],[-56.805,-21.456],[-56.8,-21.451],[-56.795,-21.45],[-56.793,-21.447],[-56.792,-21.451],[-56.787,-21.448],[-56.786,-21.45],[-56.775,-21.446],[-56.676,-21.434],[-56.665,-21.431],[-56.662,-21.432],[-56.656,-21.43],[-56.65,-21.435],[-56.642,-21.438],[-56.634,-21.438],[-56.622,-21.438],[-56.611,-21.442],[-56.607,-21.441],[-56.602,-21.438],[-56.6,-21.435],[-56.595,-21.431],[-56.586,-21.43],[-56.573,-21.433],[-56.568,-21.431],[-56.563,-21.425],[-56.556,-21.424],[-56.549,-21.427],[-56.545,-21.425],[-56.54,-21.426],[-56.538,-21.429],[-56.529,-21.436],[-56.517,-21.433],[-56.51,-21.434],[-56.499,-21.44],[-56.494,-21.437],[-56.485,-21.439],[-56.482,-21.437],[-56.465,-21.436],[-56.456,-21.43],[-56.45,-21.424],[-56.45,-21.426],[-56.445,-21.427],[-56.44,-21.433],[-56.429,-21.434],[-56.425,-21.432],[-56.415,-21.432],[-56.412,-21.428],[-56.41,-21.425],[-56.406,-21.427],[-56.403,-21.422],[-56.399,-21.422],[-56.394,-21.419],[-56.393,-21.417],[-56.39,-21.417],[-56.386,-21.42],[-56.379,-21.417],[-56.37,-21.411],[-56.365,-21.411],[-56.361,-21.414],[-56.359,-21.418],[-56.352,-21.419],[-56.343,-21.413],[-56.34,-21.413],[-56.338,-21.41],[-56.333,-21.41],[-56.328,-21.415],[-56.327,-21.413],[-56.317,-21.417],[-56.313,-21.414],[-56.308,-21.417],[-56.305,-21.415],[-56.303,-21.411],[-56.297,-21.409],[-56.29,-21.402],[-56.292,-21.399],[-56.289,-21.396],[-56.296,-21.392],[-56.294,-21.388],[-56.291,-21.386],[-56.295,-21.377],[-56.291,-21.374],[-56.294,-21.366],[-56.29,-21.366],[-56.289,-21.359],[-56.291,-21.356],[-56.289,-21.351],[-56.284,-21.353],[-56.274,-21.351],[-56.27,-21.356],[-56.265,-21.355],[-56.265,-21.357],[-56.259,-21.36],[-56.256,-21.358],[-56.258,-21.355],[-56.254,-21.352],[-56.249,-21.351],[-56.25,-21.344],[-56.244,-21.338],[-56.239,-21.341],[-56.236,-21.339],[-56.236,-21.333],[-56.234,-21.327],[-56.228,-21.324],[-56.232,-21.321],[-56.23,-21.317],[-56.23,-21.31],[-56.234,-21.312],[-56.232,-21.306],[-56.23,-21.305],[-56.233,-21.301],[-56.232,-21.292],[-56.227,-21.291],[-56.215,-21.299],[-56.212,-21.302],[-56.213,-21.306],[-56.211,-21.311],[-56.216,-21.319],[-56.218,-21.324],[-56.211,-21.328],[-56.209,-21.332],[-56.212,-21.34],[-56.209,-21.342],[-56.202,-21.344],[-56.206,-21.348],[-56.203,-21.355],[-56.208,-21.357],[-56.212,-21.355],[-56.212,-21.358],[-56.207,-21.361],[-56.207,-21.365],[-56.211,-21.364],[-56.214,-21.368],[-56.21,-21.373],[-56.212,-21.376],[-56.217,-21.377],[-56.217,-21.384],[-56.211,-21.39],[-56.211,-21.395],[-56.204,-21.398],[-56.203,-21.404],[-56.197,-21.407],[-56.196,-21.413],[-56.193,-21.417],[-56.195,-21.422],[-56.193,-21.427],[-56.197,-21.432],[-56.191,-21.436],[-56.188,-21.44],[-56.185,-21.441],[-56.178,-21.437],[-56.175,-21.44],[-56.167,-21.434],[-56.161,-21.435],[-56.161,-21.437],[-56.155,-21.442],[-56.145,-21.446],[-56.147,-21.449],[-56.143,-21.451],[-56.141,-21.457],[-56.144,-21.46],[-56.14,-21.462],[-56.135,-21.461],[-56.124,-21.47],[-56.12,-21.472],[-56.123,-21.476],[-56.119,-21.477],[-56.121,-21.486],[-56.119,-21.487],[-56.116,-21.496],[-56.116,-21.5],[-56.112,-21.503],[-56.112,-21.506],[-56.116,-21.509],[-56.115,-21.513],[-56.119,-21.514],[-56.11,-21.522],[-56.106,-21.528],[-56.11,-21.532],[-56.106,-21.534],[-56.104,-21.54],[-56.105,-21.544],[-56.111,-21.545],[-56.109,-21.547],[-56.111,-21.551],[-56.114,-21.55],[-56.116,-21.553],[-56.122,-21.561],[-56.124,-21.565],[-56.128,-21.565],[-56.131,-21.575],[-56.134,-21.58],[-56.133,-21.583],[-56.127,-21.581],[-56.124,-21.582],[-56.125,-21.589],[-56.124,-21.591],[-56.121,-21.588],[-56.116,-21.591],[-56.118,-21.595],[-56.116,-21.597],[-56.12,-21.601],[-56.125,-21.601],[-56.128,-21.603],[-56.126,-21.607],[-56.12,-21.606],[-56.121,-21.609],[-56.126,-21.611],[-56.124,-21.616],[-56.121,-21.619],[-56.124,-21.627],[-56.123,-21.63],[-56.12,-21.631],[-56.117,-21.628],[-56.115,-21.629],[-56.116,-21.638],[-56.112,-21.645],[-56.106,-21.646],[-56.108,-21.648],[-56.107,-21.652],[-56.101,-21.653],[-56.092,-21.663],[-56.093,-21.668],[-56.095,-21.673],[-56.093,-21.677],[-56.088,-21.679],[-56.089,-21.687],[-56.08,-21.687],[-56.07,-21.688],[-56.07,-21.686],[-56.061,-21.69],[-56.056,-21.693],[-56.049,-21.693],[-56.049,-21.698],[-56.046,-21.7],[-56.048,-21.704],[-56.045,-21.706],[-56.043,-21.704],[-56.042,-21.709],[-56.047,-21.71],[-56.049,-21.713],[-56.042,-21.716],[-56.044,-21.718],[-56.041,-21.723],[-56.037,-21.72],[-56.03,-21.723],[-56.027,-21.721],[-56.022,-21.725],[-56.023,-21.731],[-56.015,-21.733],[-56.012,-21.742],[-56.011,-21.749],[-56.005,-21.749],[-56.002,-21.752],[-56.004,-21.753],[-55.999,-21.756],[-55.999,-21.759],[-55.995,-21.763],[-55.989,-21.768],[-55.986,-21.768],[-55.987,-21.774],[-55.984,-21.774],[-55.986,-21.776],[-55.984,-21.78],[-55.981,-21.781],[-55.981,-21.784],[-55.985,-21.784],[-55.985,-21.787],[-55.98,-21.789],[-55.981,-21.795],[-55.986,-21.798],[-55.986,-21.801],[-55.991,-21.803],[-55.99,-21.806],[-55.985,-21.809],[-55.977,-21.808],[-55.972,-21.814],[-55.966,-21.814],[-55.961,-21.816],[-55.956,-21.815],[-55.954,-21.816],[-55.952,-21.812],[-55.95,-21.816],[-55.946,-21.818],[-55.937,-21.814],[-55.934,-21.815],[-55.925,-21.817],[-55.92,-21.812],[-55.913,-21.816],[-55.911,-21.815],[-55.908,-21.811],[-55.901,-21.808],[-55.897,-21.813],[-55.894,-21.811],[-55.898,-21.813],[-55.902,-21.81],[-55.908,-21.814],[-55.905,-21.819],[-55.906,-21.821],[-55.91,-21.816],[-55.918,-21.816],[-55.918,-21.821],[-55.921,-21.82],[-55.928,-21.822],[-55.933,-21.82],[-55.936,-21.825],[-55.932,-21.826],[-55.928,-21.831],[-55.922,-21.832],[-55.933,-21.837],[-55.934,-21.839],[-55.929,-21.839],[-55.928,-21.842],[-55.92,-21.842],[-55.917,-21.846],[-55.922,-21.844],[-55.929,-21.847],[-55.931,-21.852],[-55.933,-21.853],[-55.922,-21.859],[-55.922,-21.861],[-55.928,-21.866],[-55.928,-21.864],[-55.924,-21.86],[-55.928,-21.859],[-55.934,-21.855],[-55.938,-21.856],[-55.936,-21.849],[-55.937,-21.847],[-55.941,-21.848],[-55.949,-21.854],[-55.946,-21.85],[-55.946,-21.843],[-55.951,-21.844],[-55.949,-21.84],[-55.95,-21.837],[-55.948,-21.833],[-55.95,-21.833],[-55.952,-21.829],[-55.957,-21.831],[-55.957,-21.821],[-55.962,-21.822],[-55.964,-21.819],[-55.968,-21.822],[-55.969,-21.827],[-55.965,-21.833],[-55.963,-21.839],[-55.966,-21.843],[-55.964,-21.847],[-55.966,-21.848],[-55.965,-21.857],[-55.97,-21.848],[-55.972,-21.843],[-55.971,-21.838],[-55.973,-21.833],[-55.977,-21.834],[-55.979,-21.839],[-55.983,-21.845],[-55.987,-21.84],[-55.984,-21.839],[-55.985,-21.834],[-55.988,-21.835],[-55.992,-21.838],[-55.992,-21.834],[-55.995,-21.826],[-55.993,-21.822],[-55.989,-21.817],[-55.998,-21.818],[-56.0,-21.812],[-56.003,-21.813],[-56.01,-21.811],[-56.008,-21.805],[-56.004,-21.803],[-56.013,-21.794],[-56.015,-21.793],[-56.012,-21.787],[-56.009,-21.782],[-56.016,-21.781],[-56.018,-21.785],[-56.021,-21.783],[-56.023,-21.787],[-56.018,-21.79],[-56.018,-21.796],[-56.013,-21.797],[-56.013,-21.801],[-56.011,-21.803],[-56.012,-21.806],[-56.019,-21.809],[-56.02,-21.812],[-56.015,-21.813],[-56.019,-21.817],[-56.017,-21.818],[-56.021,-21.822],[-56.019,-21.825],[-56.015,-21.824],[-56.008,-21.818],[-56.008,-21.826],[-56.01,-21.831],[-56.005,-21.834],[-56.013,-21.833],[-56.016,-21.836],[-56.021,-21.837],[-56.029,-21.836],[-56.032,-21.833],[-56.034,-21.835],[-56.032,-21.842],[-56.028,-21.842],[-56.027,-21.845],[-56.023,-21.843],[-56.014,-21.842],[-56.015,-21.845],[-56.014,-21.847],[-56.011,-21.845],[-56.003,-21.846],[-56.006,-21.85],[-56.005,-21.856],[-56.014,-21.862],[-56.01,-21.865],[-56.005,-21.863],[-55.999,-21.864],[-55.995,-21.86],[-55.993,-21.867],[-55.987,-21.866],[-55.981,-21.861],[-55.979,-21.862],[-55.984,-21.87],[-55.98,-21.873],[-55.982,-21.878],[-55.985,-21.875],[-55.991,-21.874],[-55.994,-21.875],[-56.003,-21.871],[-56.006,-21.875],[-56.008,-21.874],[-56.012,-21.878],[-56.001,-21.881],[-55.997,-21.886],[-55.993,-21.887],[-55.996,-21.891],[-55.988,-21.894],[-55.998,-21.896],[-56.003,-21.903],[-55.997,-21.904],[-55.987,-21.907],[-55.98,-21.904],[-55.983,-21.91],[-55.979,-21.915],[-55.985,-21.915],[-55.988,-21.918],[-55.986,-21.921],[-55.98,-21.921],[-55.978,-21.928],[-55.981,-21.923],[-55.988,-21.923],[-55.991,-21.927],[-55.992,-21.925],[-55.99,-21.915],[-55.993,-21.914],[-55.995,-21.91],[-55.999,-21.908],[-56.003,-21.91],[-56.01,-21.911],[-56.011,-21.909],[-56.009,-21.903],[-56.014,-21.907],[-56.016,-21.914],[-56.018,-21.916],[-56.019,-21.923],[-56.022,-21.922],[-56.021,-21.917],[-56.02,-21.908],[-56.023,-21.905],[-56.02,-21.904],[-56.017,-21.901],[-56.014,-21.895],[-56.025,-21.893],[-56.027,-21.896],[-56.031,-21.895],[-56.027,-21.891],[-56.025,-21.884],[-56.027,-21.882],[-56.031,-21.884],[-56.037,-21.884],[-56.04,-21.882],[-56.044,-21.883],[-56.045,-21.888],[-56.041,-21.89],[-56.041,-21.894],[-56.047,-21.903],[-56.044,-21.91],[-56.04,-21.915],[-56.042,-21.919],[-56.045,-21.914],[-56.05,-21.913],[-56.053,-21.915],[-56.057,-21.909],[-56.055,-21.897],[-56.061,-21.899],[-56.062,-21.896],[-56.067,-21.897],[-56.067,-21.893],[-56.061,-21.889],[-56.064,-21.885],[-56.072,-21.889],[-56.076,-21.896],[-56.08,-21.894],[-56.082,-21.895],[-56.087,-21.894],[-56.094,-21.89],[-56.097,-21.882],[-56.108,-21.876],[-56.113,-21.872],[-56.137,-21.877],[-56.146,-21.873],[-56.151,-21.867],[-56.151,-21.827],[-56.159,-21.815],[-56.159,-21.81],[-56.164,-21.805],[-56.168,-21.804],[-56.168,-21.802],[-56.175,-21.796],[-56.18,-21.794],[-56.185,-21.788],[-56.204,-21.78],[-56.229,-21.781],[-56.251,-21.781],[-56.256,-21.757],[-56.259,-21.747],[-56.274,-21.707],[-56.279,-21.693],[-56.278,-21.687],[-56.282,-21.686],[-56.277,-21.671],[-56.282,-21.668],[-56.283,-21.665],[-56.29,-21.664],[-56.302,-21.66],[-56.315,-21.657],[-56.326,-21.652],[-56.332,-21.645],[-56.345,-21.638],[-56.36,-21.628],[-56.364,-21.626],[-56.371,-21.627],[-56.375,-21.626],[-56.381,-21.627],[-56.387,-21.632],[-56.392,-21.631],[-56.398,-21.635],[-56.401,-21.64],[-56.403,-21.641],[-56.407,-21.636],[-56.41,-21.636],[-56.425,-21.64],[-56.439,-21.638],[-56.442,-21.637],[-56.447,-21.631],[-56.453,-21.628],[-56.458,-21.634],[-56.46,-21.634],[-56.497,-21.628],[-56.495,-21.624],[-56.506,-21.62],[-56.523,-21.607],[-56.524,-21.586],[-56.528,-21.556],[-56.54,-21.527],[-56.583,-21.542],[-56.632,-21.56],[-56.636,-21.562],[-56.661,-21.589],[-56.671,-21.584],[-56.684,-21.566],[-56.703,-21.544],[-56.716,-21.543],[-56.727,-21.546],[-56.741,-21.548],[-56.764,-21.551],[-56.779,-21.562],[-56.79,-21.561],[-56.801,-21.566],[-56.808,-21.567]]]}},{"type":"Feature","properties":{"c":"5005103"},"geometry":{"type":"Polygon","coordinates":[[[-54.43,-22.626],[-54.426,-22.617],[-54.393,-22.544],[-54.348,-22.443],[-54.305,-22.462],[-54.263,-22.479],[-54.259,-22.478],[-54.115,-22.534],[-54.11,-22.549],[-54.11,-22.563],[-54.104,-22.565],[-54.103,-22.567],[-54.098,-22.563],[-54.093,-22.563],[-54.089,-22.56],[-54.084,-22.559],[-54.074,-22.557],[-54.072,-22.56],[-54.067,-22.559],[-54.064,-22.553],[-54.059,-22.55],[-54.056,-22.55],[-54.055,-22.547],[-54.05,-22.544],[-54.042,-22.545],[-54.039,-22.547],[-54.035,-22.544],[-54.03,-22.545],[-54.028,-22.544],[-54.025,-22.548],[-54.02,-22.551],[-54.01,-22.56],[-54.005,-22.564],[-54.003,-22.568],[-53.997,-22.569],[-53.993,-22.568],[-53.987,-22.573],[-53.982,-22.576],[-53.981,-22.582],[-53.982,-22.587],[-53.978,-22.593],[-53.978,-22.596],[-53.971,-22.601],[-53.965,-22.603],[-53.959,-22.609],[-53.956,-22.618],[-53.952,-22.622],[-53.948,-22.63],[-53.942,-22.637],[-53.939,-22.639],[-53.938,-22.644],[-53.934,-22.645],[-53.935,-22.648],[-53.928,-22.657],[-53.925,-22.663],[-53.918,-22.665],[-53.913,-22.662],[-53.912,-22.665],[-53.897,-22.673],[-53.896,-22.674],[-53.888,-22.678],[-53.883,-22.679],[-53.884,-22.682],[-53.879,-22.685],[-53.872,-22.683],[-53.87,-22.688],[-53.864,-22.685],[-53.859,-22.689],[-53.859,-22.693],[-53.848,-22.697],[-53.843,-22.702],[-53.836,-22.705],[-53.835,-22.703],[-53.831,-22.705],[-53.831,-22.708],[-53.828,-22.707],[-53.826,-22.71],[-53.82,-22.711],[-53.818,-22.709],[-53.809,-22.713],[-53.804,-22.714],[-53.802,-22.717],[-53.797,-22.721],[-53.797,-22.724],[-53.793,-22.724],[-53.786,-22.729],[-53.777,-22.728],[-53.778,-22.732],[-53.772,-22.729],[-53.762,-22.728],[-53.761,-22.731],[-53.759,-22.73],[-53.752,-22.728],[-53.751,-22.725],[-53.746,-22.723],[-53.735,-22.723],[-53.732,-22.721],[-53.729,-22.721],[-53.721,-22.717],[-53.716,-22.718],[-53.713,-22.715],[-53.708,-22.719],[-53.706,-22.715],[-53.701,-22.712],[-53.697,-22.713],[-53.696,-22.711],[-53.689,-22.713],[-53.684,-22.712],[-53.678,-22.714],[-53.67,-22.708],[-53.669,-22.71],[-53.662,-22.709],[-53.661,-22.705],[-53.656,-22.703],[-53.652,-22.705],[-53.652,-22.708],[-53.648,-22.708],[-53.643,-22.704],[-53.64,-22.699],[-53.636,-22.701],[-53.634,-22.697],[-53.628,-22.698],[-53.621,-22.695],[-53.619,-22.684],[-53.614,-22.68],[-53.605,-22.669],[-53.596,-22.663],[-53.585,-22.668],[-53.577,-22.667],[-53.573,-22.669],[-53.57,-22.667],[-53.566,-22.67],[-53.563,-22.669],[-53.562,-22.666],[-53.559,-22.667],[-53.558,-22.672],[-53.562,-22.678],[-53.562,-22.681],[-53.558,-22.685],[-53.551,-22.687],[-53.546,-22.692],[-53.547,-22.696],[-53.55,-22.704],[-53.547,-22.712],[-53.537,-22.714],[-53.535,-22.721],[-53.537,-22.728],[-53.541,-22.733],[-53.542,-22.739],[-53.541,-22.744],[-53.535,-22.744],[-53.526,-22.736],[-53.52,-22.741],[-53.52,-22.746],[-53.526,-22.753],[-53.525,-22.756],[-53.522,-22.756],[-53.5,-22.747],[-53.494,-22.747],[-53.489,-22.749],[-53.487,-22.759],[-53.492,-22.763],[-53.498,-22.763],[-53.501,-22.762],[-53.506,-22.763],[-53.515,-22.775],[-53.515,-22.78],[-53.522,-22.787],[-53.524,-22.793],[-53.534,-22.796],[-53.539,-22.801],[-53.56,-22.81],[-53.561,-22.811],[-53.567,-22.826],[-53.566,-22.832],[-53.569,-22.836],[-53.58,-22.84],[-53.587,-22.842],[-53.599,-22.85],[-53.603,-22.855],[-53.611,-22.858],[-53.613,-22.863],[-53.612,-22.866],[-53.613,-22.872],[-53.618,-22.877],[-53.617,-22.888],[-53.621,-22.892],[-53.623,-22.895],[-53.622,-22.902],[-53.635,-22.91],[-53.648,-22.914],[-53.652,-22.92],[-53.651,-22.929],[-53.653,-22.94],[-53.65,-22.953],[-53.65,-22.961],[-53.654,-22.967],[-53.656,-22.978],[-53.656,-22.981],[-53.66,-22.978],[-53.659,-22.966],[-53.664,-22.965],[-53.667,-22.962],[-53.673,-22.963],[-53.678,-22.958],[-53.679,-22.953],[-53.689,-22.94],[-53.694,-22.939],[-53.696,-22.935],[-53.707,-22.932],[-53.714,-22.935],[-53.725,-22.937],[-53.732,-22.934],[-53.74,-22.928],[-53.744,-22.927],[-53.751,-22.918],[-53.75,-22.914],[-53.753,-22.909],[-53.759,-22.903],[-53.765,-22.901],[-53.767,-22.902],[-53.784,-22.896],[-53.789,-22.899],[-53.803,-22.899],[-53.807,-22.898],[-53.812,-22.899],[-53.824,-22.899],[-53.833,-22.895],[-53.835,-22.893],[-53.853,-22.886],[-53.86,-22.88],[-53.87,-22.876],[-53.881,-22.876],[-53.89,-22.874],[-53.897,-22.875],[-53.902,-22.873],[-53.905,-22.873],[-53.92,-22.869],[-53.926,-22.87],[-53.927,-22.868],[-53.934,-22.864],[-53.941,-22.863],[-53.949,-22.855],[-53.949,-22.851],[-53.96,-22.844],[-53.967,-22.839],[-53.979,-22.835],[-53.98,-22.833],[-53.98,-22.825],[-53.984,-22.819],[-53.991,-22.818],[-53.995,-22.813],[-53.998,-22.812],[-54.004,-22.807],[-54.005,-22.798],[-54.007,-22.796],[-54.02,-22.788],[-54.025,-22.784],[-54.046,-22.778],[-54.049,-22.775],[-54.056,-22.776],[-54.062,-22.771],[-54.068,-22.771],[-54.073,-22.769],[-54.074,-22.766],[-54.09,-22.76],[-54.091,-22.758],[-54.102,-22.745],[-54.119,-22.731],[-54.124,-22.725],[-54.13,-22.72],[-54.142,-22.713],[-54.147,-22.711],[-54.153,-22.712],[-54.159,-22.712],[-54.17,-22.713],[-54.181,-22.72],[-54.19,-22.722],[-54.198,-22.722],[-54.208,-22.719],[-54.227,-22.711],[-54.326,-22.585],[-54.329,-22.589],[-54.332,-22.591],[-54.336,-22.596],[-54.347,-22.602],[-54.354,-22.61],[-54.362,-22.612],[-54.37,-22.616],[-54.375,-22.62],[-54.377,-22.625],[-54.389,-22.632],[-54.395,-22.633],[-54.399,-22.632],[-54.406,-22.635],[-54.414,-22.632],[-54.419,-22.632],[-54.43,-22.626]]]}},{"type":"Feature","properties":{"c":"5005152"},"geometry":{"type":"Polygon","coordinates":[[[-54.737,-22.888],[-54.738,-22.887],[-54.734,-22.885],[-54.733,-22.879],[-54.737,-22.872],[-54.738,-22.863],[-54.747,-22.85],[-54.75,-22.848],[-54.749,-22.843],[-54.744,-22.842],[-54.744,-22.837],[-54.742,-22.835],[-54.742,-22.83],[-54.745,-22.826],[-54.744,-22.821],[-54.74,-22.808],[-54.744,-22.795],[-54.745,-22.785],[-54.745,-22.774],[-54.744,-22.769],[-54.739,-22.762],[-54.727,-22.754],[-54.724,-22.751],[-54.721,-22.741],[-54.716,-22.732],[-54.714,-22.72],[-54.657,-22.694],[-54.664,-22.69],[-54.668,-22.686],[-54.678,-22.674],[-54.683,-22.671],[-54.687,-22.664],[-54.69,-22.655],[-54.69,-22.646],[-54.691,-22.641],[-54.7,-22.631],[-54.703,-22.617],[-54.684,-22.622],[-54.676,-22.626],[-54.648,-22.634],[-54.625,-22.632],[-54.598,-22.634],[-54.593,-22.633],[-54.575,-22.631],[-54.571,-22.626],[-54.541,-22.609],[-54.536,-22.607],[-54.522,-22.611],[-54.499,-22.609],[-54.498,-22.62],[-54.495,-22.623],[-54.489,-22.625],[-54.483,-22.621],[-54.481,-22.625],[-54.48,-22.63],[-54.478,-22.633],[-54.454,-22.621],[-54.45,-22.622],[-54.448,-22.62],[-54.437,-22.622],[-54.43,-22.626],[-54.419,-22.632],[-54.414,-22.632],[-54.406,-22.635],[-54.399,-22.632],[-54.395,-22.633],[-54.389,-22.632],[-54.377,-22.625],[-54.375,-22.62],[-54.37,-22.616],[-54.362,-22.612],[-54.354,-22.61],[-54.347,-22.602],[-54.336,-22.596],[-54.332,-22.591],[-54.329,-22.589],[-54.326,-22.585],[-54.227,-22.711],[-54.208,-22.719],[-54.198,-22.722],[-54.19,-22.722],[-54.181,-22.72],[-54.17,-22.713],[-54.159,-22.712],[-54.153,-22.712],[-54.147,-22.711],[-54.142,-22.713],[-54.13,-22.72],[-54.124,-22.725],[-54.119,-22.731],[-54.102,-22.745],[-54.091,-22.758],[-54.098,-22.76],[-54.105,-22.761],[-54.109,-22.766],[-54.117,-22.77],[-54.122,-22.772],[-54.126,-22.775],[-54.141,-22.776],[-54.144,-22.777],[-54.149,-22.773],[-54.162,-22.764],[-54.167,-22.764],[-54.171,-22.765],[-54.174,-22.769],[-54.426,-22.822],[-54.428,-22.833],[-54.422,-22.841],[-54.419,-22.848],[-54.418,-22.853],[-54.419,-22.862],[-54.417,-22.867],[-54.423,-22.872],[-54.424,-22.875],[-54.429,-22.879],[-54.428,-22.882],[-54.431,-22.886],[-54.43,-22.89],[-54.431,-22.903],[-54.43,-22.913],[-54.43,-22.918],[-54.428,-22.924],[-54.433,-22.928],[-54.434,-22.935],[-54.431,-22.94],[-54.433,-22.952],[-54.432,-22.958],[-54.441,-22.97],[-54.444,-22.976],[-54.445,-22.989],[-54.448,-22.996],[-54.451,-23.006],[-54.454,-23.012],[-54.457,-23.015],[-54.464,-23.029],[-54.467,-23.041],[-54.471,-23.041],[-54.474,-23.044],[-54.468,-23.044],[-54.466,-23.048],[-54.471,-23.05],[-54.476,-23.049],[-54.476,-23.044],[-54.474,-23.04],[-54.482,-23.04],[-54.488,-23.035],[-54.491,-23.03],[-54.497,-23.03],[-54.502,-23.025],[-54.499,-23.022],[-54.503,-23.016],[-54.508,-23.017],[-54.511,-23.015],[-54.512,-23.008],[-54.517,-23.007],[-54.523,-23.0],[-54.52,-22.997],[-54.521,-22.994],[-54.517,-22.994],[-54.517,-22.991],[-54.522,-22.988],[-54.53,-22.988],[-54.532,-22.986],[-54.531,-22.982],[-54.532,-22.97],[-54.535,-22.972],[-54.542,-22.969],[-54.545,-22.972],[-54.553,-22.975],[-54.558,-22.978],[-54.556,-22.971],[-54.56,-22.972],[-54.563,-22.975],[-54.564,-22.972],[-54.568,-22.973],[-54.574,-22.972],[-54.582,-22.968],[-54.583,-22.964],[-54.582,-22.955],[-54.585,-22.952],[-54.593,-22.95],[-54.597,-22.947],[-54.603,-22.94],[-54.61,-22.936],[-54.614,-22.93],[-54.616,-22.93],[-54.624,-22.923],[-54.627,-22.922],[-54.637,-22.929],[-54.643,-22.931],[-54.643,-22.925],[-54.646,-22.916],[-54.65,-22.914],[-54.656,-22.918],[-54.66,-22.918],[-54.663,-22.916],[-54.662,-22.906],[-54.666,-22.905],[-54.669,-22.906],[-54.679,-22.899],[-54.681,-22.894],[-54.687,-22.89],[-54.694,-22.888],[-54.698,-22.891],[-54.699,-22.895],[-54.702,-22.895],[-54.707,-22.893],[-54.713,-22.894],[-54.716,-22.892],[-54.726,-22.895],[-54.729,-22.894],[-54.731,-22.888],[-54.737,-22.888]]]}},{"type":"Feature","properties":{"c":"5005202"},"geometry":{"type":"Polygon","coordinates":[[[-57.466,-19.027],[-57.47,-19.027],[-57.475,-19.024],[-57.486,-19.02],[-57.51,-19.019],[-57.514,-19.017],[-57.521,-19.01],[-57.525,-19.009],[-57.534,-19.011],[-57.541,-19.015],[-57.551,-19.016],[-57.558,-19.013],[-57.568,-19.007],[-57.582,-19.002],[-57.601,-18.999],[-57.614,-18.999],[-57.618,-19.008],[-57.62,-19.023],[-57.625,-19.023],[-57.63,-19.028],[-57.633,-19.032],[-57.633,-19.038],[-57.631,-19.057],[-57.64,-19.061],[-57.641,-19.077],[-57.64,-19.084],[-57.646,-19.086],[-57.654,-19.085],[-57.661,-19.088],[-57.664,-19.1],[-57.664,-19.11],[-57.67,-19.118],[-57.675,-19.124],[-57.678,-19.137],[-57.667,-19.167],[-57.608,-19.186],[-57.598,-19.201],[-57.593,-19.201],[-57.589,-19.199],[-57.582,-19.192],[-57.58,-19.191],[-57.571,-19.192],[-57.566,-19.194],[-57.553,-19.196],[-57.549,-19.206],[-57.54,-19.213],[-57.534,-19.216],[-57.529,-19.219],[-57.523,-19.219],[-57.508,-19.21],[-57.506,-19.204],[-57.504,-19.187],[-57.504,-19.179],[-57.506,-19.153],[-57.501,-19.141],[-57.503,-19.131],[-57.503,-19.122],[-57.502,-19.116],[-57.5,-19.114],[-57.492,-19.095],[-57.484,-19.085],[-57.47,-19.068],[-57.46,-19.061],[-57.458,-19.05],[-57.466,-19.027]]]}},{"type":"Feature","properties":{"c":"5005251"},"geometry":{"type":"Polygon","coordinates":[[[-55.351,-22.708],[-55.357,-22.705],[-55.358,-22.702],[-55.355,-22.692],[-55.354,-22.68],[-55.349,-22.674],[-55.356,-22.657],[-55.363,-22.657],[-55.363,-22.655],[-55.368,-22.653],[-55.361,-22.64],[-55.36,-22.628],[-55.357,-22.615],[-55.359,-22.597],[-55.355,-22.596],[-55.361,-22.585],[-55.361,-22.579],[-55.363,-22.57],[-55.365,-22.562],[-55.363,-22.555],[-55.36,-22.551],[-55.351,-22.546],[-55.346,-22.541],[-55.353,-22.525],[-55.367,-22.53],[-55.369,-22.525],[-55.339,-22.509],[-55.35,-22.487],[-55.347,-22.484],[-55.331,-22.483],[-55.323,-22.483],[-55.32,-22.49],[-55.315,-22.494],[-55.313,-22.498],[-55.308,-22.499],[-55.299,-22.496],[-55.297,-22.492],[-55.294,-22.494],[-55.292,-22.492],[-55.296,-22.487],[-55.296,-22.484],[-55.291,-22.486],[-55.282,-22.487],[-55.278,-22.482],[-55.274,-22.486],[-55.264,-22.482],[-55.263,-22.481],[-55.253,-22.475],[-55.251,-22.482],[-55.245,-22.485],[-55.244,-22.481],[-55.247,-22.476],[-55.235,-22.476],[-55.235,-22.479],[-55.232,-22.475],[-55.234,-22.471],[-55.227,-22.466],[-55.225,-22.469],[-55.217,-22.465],[-55.215,-22.46],[-55.209,-22.457],[-55.209,-22.452],[-55.206,-22.447],[-55.202,-22.446],[-55.198,-22.447],[-55.194,-22.446],[-55.192,-22.441],[-55.188,-22.439],[-55.182,-22.44],[-55.177,-22.44],[-55.167,-22.435],[-55.159,-22.427],[-55.151,-22.425],[-55.149,-22.421],[-55.15,-22.42],[-55.142,-22.416],[-55.139,-22.42],[-55.136,-22.419],[-55.135,-22.416],[-55.131,-22.413],[-55.13,-22.414],[-55.122,-22.409],[-55.119,-22.405],[-55.115,-22.408],[-55.114,-22.416],[-55.105,-22.419],[-55.099,-22.419],[-55.091,-22.425],[-55.087,-22.425],[-55.084,-22.422],[-55.078,-22.423],[-55.073,-22.419],[-55.066,-22.42],[-55.063,-22.416],[-55.058,-22.413],[-55.054,-22.412],[-55.053,-22.407],[-55.055,-22.404],[-55.056,-22.399],[-55.054,-22.393],[-55.05,-22.391],[-55.049,-22.384],[-55.044,-22.369],[-55.034,-22.369],[-55.028,-22.369],[-55.026,-22.371],[-55.02,-22.366],[-55.017,-22.366],[-55.016,-22.369],[-55.012,-22.37],[-55.006,-22.367],[-55.005,-22.364],[-55.001,-22.361],[-54.995,-22.361],[-54.985,-22.357],[-54.976,-22.364],[-54.969,-22.363],[-54.964,-22.364],[-54.964,-22.373],[-54.966,-22.377],[-54.965,-22.383],[-54.965,-22.394],[-54.967,-22.402],[-54.97,-22.406],[-54.972,-22.415],[-54.976,-22.42],[-54.977,-22.425],[-54.982,-22.433],[-54.98,-22.44],[-54.986,-22.452],[-54.994,-22.462],[-54.995,-22.466],[-55.001,-22.472],[-55.013,-22.479],[-55.014,-22.484],[-55.016,-22.487],[-55.017,-22.492],[-55.026,-22.504],[-55.032,-22.504],[-55.037,-22.502],[-55.044,-22.502],[-55.047,-22.504],[-55.051,-22.519],[-55.054,-22.524],[-55.059,-22.526],[-55.061,-22.531],[-55.064,-22.532],[-55.069,-22.539],[-55.078,-22.543],[-55.085,-22.544],[-55.089,-22.544],[-55.098,-22.548],[-55.096,-22.556],[-55.097,-22.57],[-55.102,-22.582],[-55.107,-22.589],[-55.11,-22.59],[-55.128,-22.606],[-55.126,-22.612],[-55.128,-22.62],[-55.126,-22.627],[-55.128,-22.635],[-55.127,-22.641],[-55.124,-22.644],[-55.117,-22.65],[-55.111,-22.65],[-55.111,-22.653],[-55.104,-22.653],[-55.102,-22.656],[-55.09,-22.658],[-55.091,-22.661],[-55.087,-22.664],[-55.08,-22.666],[-55.075,-22.671],[-55.066,-22.673],[-55.057,-22.671],[-55.053,-22.673],[-55.049,-22.677],[-55.041,-22.675],[-55.031,-22.683],[-55.028,-22.687],[-55.029,-22.692],[-55.024,-22.691],[-55.024,-22.697],[-55.021,-22.699],[-55.014,-22.697],[-55.0,-22.702],[-54.996,-22.71],[-54.988,-22.713],[-54.989,-22.722],[-54.983,-22.723],[-54.986,-22.727],[-54.982,-22.729],[-54.978,-22.732],[-54.976,-22.73],[-54.974,-22.732],[-54.97,-22.73],[-54.964,-22.733],[-54.966,-22.738],[-54.969,-22.74],[-54.966,-22.749],[-54.968,-22.749],[-54.972,-22.754],[-54.963,-22.755],[-54.964,-22.759],[-54.962,-22.763],[-54.957,-22.761],[-54.958,-22.766],[-54.953,-22.765],[-54.952,-22.763],[-54.947,-22.764],[-54.948,-22.767],[-54.944,-22.77],[-54.941,-22.768],[-54.945,-22.763],[-54.942,-22.762],[-54.938,-22.763],[-54.934,-22.761],[-54.937,-22.766],[-54.929,-22.768],[-54.933,-22.771],[-54.924,-22.778],[-54.928,-22.784],[-54.921,-22.784],[-54.919,-22.788],[-54.924,-22.79],[-54.93,-22.79],[-54.927,-22.791],[-54.926,-22.795],[-54.932,-22.798],[-54.929,-22.802],[-54.921,-22.799],[-54.917,-22.802],[-54.914,-22.801],[-54.913,-22.798],[-54.91,-22.8],[-54.906,-22.798],[-54.903,-22.806],[-54.906,-22.812],[-54.905,-22.815],[-54.9,-22.817],[-54.892,-22.811],[-54.889,-22.816],[-54.883,-22.818],[-54.882,-22.817],[-54.877,-22.822],[-54.869,-22.821],[-54.868,-22.824],[-54.861,-22.828],[-54.858,-22.831],[-54.848,-22.833],[-54.851,-22.839],[-54.844,-22.842],[-54.839,-22.841],[-54.839,-22.846],[-54.837,-22.844],[-54.827,-22.849],[-54.824,-22.848],[-54.82,-22.849],[-54.823,-22.85],[-54.823,-22.857],[-54.819,-22.856],[-54.819,-22.859],[-54.816,-22.862],[-54.818,-22.867],[-54.814,-22.868],[-54.813,-22.872],[-54.815,-22.876],[-54.826,-22.878],[-54.829,-22.882],[-54.834,-22.878],[-54.838,-22.88],[-54.839,-22.887],[-54.842,-22.889],[-54.843,-22.886],[-54.846,-22.886],[-54.849,-22.888],[-54.855,-22.884],[-54.866,-22.884],[-54.871,-22.88],[-54.872,-22.876],[-54.874,-22.877],[-54.873,-22.882],[-54.877,-22.885],[-54.883,-22.885],[-54.884,-22.887],[-54.893,-22.888],[-54.901,-22.891],[-54.907,-22.895],[-54.903,-22.904],[-54.905,-22.911],[-54.913,-22.909],[-54.921,-22.915],[-54.921,-22.923],[-54.924,-22.925],[-54.929,-22.925],[-54.933,-22.922],[-54.939,-22.925],[-54.95,-22.927],[-54.953,-22.925],[-54.953,-22.921],[-54.955,-22.92],[-54.959,-22.927],[-54.958,-22.932],[-54.952,-22.936],[-54.956,-22.938],[-54.958,-22.942],[-54.961,-22.943],[-54.971,-22.947],[-54.973,-22.945],[-54.977,-22.945],[-54.979,-22.929],[-54.987,-22.926],[-54.983,-22.916],[-54.984,-22.911],[-54.989,-22.914],[-54.991,-22.906],[-54.996,-22.907],[-54.998,-22.91],[-55.004,-22.914],[-55.012,-22.913],[-55.016,-22.91],[-55.019,-22.91],[-55.033,-22.921],[-55.035,-22.926],[-55.038,-22.925],[-55.04,-22.919],[-55.044,-22.92],[-55.047,-22.926],[-55.053,-22.922],[-55.054,-22.918],[-55.056,-22.915],[-55.065,-22.916],[-55.07,-22.919],[-55.073,-22.917],[-55.073,-22.912],[-55.07,-22.914],[-55.064,-22.91],[-55.066,-22.904],[-55.075,-22.901],[-55.077,-22.895],[-55.08,-22.897],[-55.084,-22.898],[-55.087,-22.895],[-55.096,-22.903],[-55.098,-22.9],[-55.106,-22.893],[-55.114,-22.895],[-55.117,-22.902],[-55.116,-22.904],[-55.124,-22.904],[-55.126,-22.915],[-55.132,-22.921],[-55.14,-22.919],[-55.144,-22.915],[-55.148,-22.915],[-55.149,-22.912],[-55.152,-22.912],[-55.152,-22.916],[-55.156,-22.915],[-55.16,-22.91],[-55.163,-22.912],[-55.167,-22.905],[-55.163,-22.903],[-55.161,-22.9],[-55.164,-22.9],[-55.165,-22.885],[-55.166,-22.883],[-55.171,-22.883],[-55.177,-22.877],[-55.18,-22.878],[-55.182,-22.875],[-55.188,-22.874],[-55.191,-22.87],[-55.195,-22.873],[-55.198,-22.869],[-55.197,-22.868],[-55.202,-22.86],[-55.205,-22.86],[-55.207,-22.857],[-55.215,-22.862],[-55.219,-22.849],[-55.22,-22.847],[-55.225,-22.85],[-55.233,-22.847],[-55.237,-22.843],[-55.235,-22.839],[-55.24,-22.837],[-55.239,-22.833],[-55.243,-22.83],[-55.245,-22.826],[-55.242,-22.822],[-55.236,-22.819],[-55.235,-22.816],[-55.237,-22.813],[-55.233,-22.811],[-55.235,-22.805],[-55.243,-22.806],[-55.249,-22.805],[-55.249,-22.81],[-55.252,-22.808],[-55.255,-22.812],[-55.257,-22.808],[-55.264,-22.802],[-55.261,-22.799],[-55.27,-22.791],[-55.266,-22.788],[-55.266,-22.785],[-55.27,-22.787],[-55.273,-22.784],[-55.272,-22.782],[-55.276,-22.78],[-55.277,-22.777],[-55.286,-22.777],[-55.285,-22.773],[-55.287,-22.77],[-55.286,-22.767],[-55.288,-22.766],[-55.287,-22.762],[-55.292,-22.76],[-55.296,-22.762],[-55.302,-22.761],[-55.303,-22.757],[-55.309,-22.755],[-55.31,-22.751],[-55.31,-22.743],[-55.307,-22.738],[-55.309,-22.734],[-55.312,-22.731],[-55.312,-22.725],[-55.317,-22.731],[-55.321,-22.73],[-55.319,-22.725],[-55.324,-22.725],[-55.329,-22.723],[-55.335,-22.728],[-55.337,-22.726],[-55.342,-22.727],[-55.346,-22.725],[-55.345,-22.722],[-55.341,-22.721],[-55.339,-22.716],[-55.344,-22.717],[-55.347,-22.714],[-55.353,-22.716],[-55.355,-22.713],[-55.351,-22.708]]]}},{"type":"Feature","properties":{"c":"5005400"},"geometry":{"type":"Polygon","coordinates":[[[-54.83,-21.832],[-54.837,-21.84],[-54.848,-21.845],[-54.857,-21.838],[-54.86,-21.833],[-54.865,-21.833],[-54.864,-21.83],[-54.871,-21.831],[-54.879,-21.824],[-54.884,-21.827],[-54.889,-21.828],[-54.897,-21.827],[-54.898,-21.826],[-54.913,-21.823],[-54.923,-21.824],[-54.926,-21.821],[-54.934,-21.818],[-54.936,-21.814],[-54.939,-21.814],[-54.945,-21.806],[-54.946,-21.809],[-54.951,-21.808],[-54.958,-21.81],[-54.962,-21.809],[-54.969,-21.814],[-54.972,-21.815],[-54.973,-21.818],[-54.976,-21.817],[-54.977,-21.82],[-54.981,-21.82],[-54.985,-21.824],[-54.984,-21.831],[-54.991,-21.841],[-54.99,-21.847],[-54.991,-21.856],[-54.997,-21.865],[-54.998,-21.874],[-55.001,-21.876],[-55.001,-21.88],[-55.006,-21.882],[-55.011,-21.887],[-55.014,-21.888],[-55.018,-21.886],[-55.021,-21.891],[-55.026,-21.895],[-55.034,-21.899],[-55.04,-21.897],[-55.044,-21.895],[-55.054,-21.9],[-55.062,-21.897],[-55.064,-21.901],[-55.069,-21.901],[-55.075,-21.903],[-55.078,-21.906],[-55.08,-21.905],[-55.09,-21.909],[-55.098,-21.907],[-55.096,-21.903],[-55.1,-21.906],[-55.104,-21.904],[-55.105,-21.906],[-55.113,-21.908],[-55.121,-21.913],[-55.125,-21.912],[-55.129,-21.916],[-55.134,-21.917],[-55.139,-21.916],[-55.146,-21.918],[-55.15,-21.921],[-55.155,-21.92],[-55.16,-21.921],[-55.166,-21.916],[-55.171,-21.916],[-55.173,-21.913],[-55.178,-21.913],[-55.186,-21.915],[-55.193,-21.915],[-55.196,-21.917],[-55.205,-21.918],[-55.206,-21.92],[-55.213,-21.922],[-55.215,-21.921],[-55.227,-21.926],[-55.232,-21.923],[-55.236,-21.924],[-55.243,-21.924],[-55.25,-21.922],[-55.253,-21.923],[-55.254,-21.92],[-55.261,-21.92],[-55.269,-21.918],[-55.279,-21.914],[-55.279,-21.912],[-55.289,-21.911],[-55.29,-21.905],[-55.294,-21.903],[-55.297,-21.906],[-55.304,-21.903],[-55.307,-21.903],[-55.31,-21.9],[-55.312,-21.901],[-55.316,-21.897],[-55.322,-21.898],[-55.325,-21.896],[-55.332,-21.897],[-55.339,-21.895],[-55.346,-21.895],[-55.35,-21.893],[-55.351,-21.89],[-55.361,-21.882],[-55.369,-21.88],[-55.376,-21.884],[-55.378,-21.889],[-55.385,-21.89],[-55.391,-21.895],[-55.395,-21.892],[-55.394,-21.888],[-55.404,-21.89],[-55.407,-21.895],[-55.412,-21.895],[-55.414,-21.89],[-55.412,-21.885],[-55.414,-21.881],[-55.418,-21.88],[-55.421,-21.87],[-55.434,-21.875],[-55.44,-21.879],[-55.44,-21.87],[-55.444,-21.868],[-55.451,-21.872],[-55.458,-21.87],[-55.462,-21.874],[-55.469,-21.873],[-55.463,-21.862],[-55.467,-21.866],[-55.474,-21.864],[-55.475,-21.858],[-55.472,-21.857],[-55.472,-21.853],[-55.476,-21.855],[-55.479,-21.851],[-55.483,-21.853],[-55.488,-21.852],[-55.486,-21.845],[-55.491,-21.843],[-55.493,-21.846],[-55.502,-21.85],[-55.503,-21.853],[-55.508,-21.851],[-55.513,-21.845],[-55.51,-21.843],[-55.511,-21.838],[-55.509,-21.832],[-55.513,-21.828],[-55.517,-21.827],[-55.521,-21.823],[-55.525,-21.824],[-55.525,-21.827],[-55.528,-21.83],[-55.53,-21.826],[-55.529,-21.82],[-55.537,-21.819],[-55.537,-21.815],[-55.54,-21.814],[-55.539,-21.811],[-55.543,-21.808],[-55.541,-21.801],[-55.544,-21.798],[-55.551,-21.804],[-55.551,-21.808],[-55.554,-21.809],[-55.558,-21.804],[-55.562,-21.804],[-55.563,-21.799],[-55.57,-21.797],[-55.577,-21.802],[-55.585,-21.801],[-55.585,-21.806],[-55.589,-21.808],[-55.594,-21.805],[-55.596,-21.8],[-55.603,-21.795],[-55.606,-21.79],[-55.612,-21.786],[-55.618,-21.786],[-55.623,-21.784],[-55.634,-21.785],[-55.639,-21.788],[-55.646,-21.785],[-55.65,-21.785],[-55.658,-21.78],[-55.665,-21.779],[-55.677,-21.765],[-55.68,-21.763],[-55.688,-21.761],[-55.693,-21.762],[-55.706,-21.755],[-55.711,-21.755],[-55.714,-21.756],[-55.731,-21.787],[-55.733,-21.78],[-55.741,-21.776],[-55.749,-21.767],[-55.752,-21.764],[-55.755,-21.754],[-55.76,-21.749],[-55.761,-21.744],[-55.76,-21.738],[-55.762,-21.733],[-55.766,-21.728],[-55.771,-21.73],[-55.776,-21.727],[-55.776,-21.725],[-55.784,-21.719],[-55.781,-21.715],[-55.787,-21.708],[-55.788,-21.703],[-55.795,-21.703],[-55.797,-21.699],[-55.794,-21.696],[-55.796,-21.692],[-55.802,-21.691],[-55.801,-21.688],[-55.805,-21.688],[-55.806,-21.683],[-55.811,-21.684],[-55.812,-21.679],[-55.816,-21.674],[-55.813,-21.673],[-55.816,-21.672],[-55.82,-21.673],[-55.818,-21.666],[-55.823,-21.665],[-55.824,-21.662],[-55.829,-21.663],[-55.828,-21.658],[-55.83,-21.656],[-55.834,-21.659],[-55.838,-21.657],[-55.835,-21.654],[-55.831,-21.654],[-55.833,-21.647],[-55.828,-21.642],[-55.828,-21.639],[-55.833,-21.639],[-55.831,-21.632],[-55.836,-21.632],[-55.839,-21.635],[-55.841,-21.632],[-55.839,-21.628],[-55.831,-21.626],[-55.831,-21.629],[-55.827,-21.63],[-55.829,-21.635],[-55.824,-21.634],[-55.825,-21.637],[-55.82,-21.638],[-55.821,-21.641],[-55.819,-21.643],[-55.819,-21.646],[-55.817,-21.648],[-55.815,-21.643],[-55.811,-21.647],[-55.811,-21.643],[-55.808,-21.641],[-55.804,-21.644],[-55.805,-21.639],[-55.804,-21.635],[-55.798,-21.634],[-55.804,-21.632],[-55.809,-21.637],[-55.814,-21.636],[-55.815,-21.629],[-55.809,-21.625],[-55.806,-21.625],[-55.81,-21.62],[-55.819,-21.62],[-55.82,-21.616],[-55.817,-21.615],[-55.814,-21.611],[-55.815,-21.608],[-55.818,-21.609],[-55.824,-21.613],[-55.825,-21.612],[-55.822,-21.608],[-55.824,-21.606],[-55.829,-21.61],[-55.829,-21.608],[-55.824,-21.604],[-55.822,-21.599],[-55.814,-21.595],[-55.812,-21.598],[-55.813,-21.603],[-55.812,-21.605],[-55.809,-21.603],[-55.805,-21.603],[-55.809,-21.613],[-55.809,-21.618],[-55.805,-21.617],[-55.803,-21.612],[-55.801,-21.615],[-55.8,-21.622],[-55.802,-21.624],[-55.796,-21.626],[-55.793,-21.622],[-55.793,-21.617],[-55.796,-21.613],[-55.793,-21.61],[-55.79,-21.615],[-55.79,-21.618],[-55.787,-21.619],[-55.786,-21.613],[-55.784,-21.616],[-55.781,-21.612],[-55.779,-21.615],[-55.775,-21.615],[-55.775,-21.623],[-55.766,-21.623],[-55.763,-21.619],[-55.764,-21.624],[-55.763,-21.629],[-55.764,-21.635],[-55.761,-21.634],[-55.76,-21.628],[-55.755,-21.629],[-55.754,-21.635],[-55.75,-21.635],[-55.751,-21.639],[-55.747,-21.643],[-55.742,-21.644],[-55.747,-21.639],[-55.745,-21.635],[-55.751,-21.633],[-55.76,-21.622],[-55.758,-21.617],[-55.76,-21.616],[-55.77,-21.615],[-55.77,-21.605],[-55.768,-21.604],[-55.764,-21.605],[-55.762,-21.612],[-55.756,-21.613],[-55.751,-21.617],[-55.752,-21.621],[-55.742,-21.622],[-55.747,-21.617],[-55.746,-21.614],[-55.748,-21.611],[-55.746,-21.606],[-55.752,-21.609],[-55.757,-21.608],[-55.758,-21.601],[-55.755,-21.595],[-55.758,-21.594],[-55.759,-21.59],[-55.757,-21.587],[-55.752,-21.587],[-55.75,-21.584],[-55.756,-21.584],[-55.759,-21.585],[-55.763,-21.589],[-55.764,-21.595],[-55.766,-21.597],[-55.774,-21.599],[-55.781,-21.598],[-55.778,-21.595],[-55.779,-21.592],[-55.783,-21.595],[-55.79,-21.598],[-55.788,-21.593],[-55.787,-21.587],[-55.777,-21.585],[-55.775,-21.583],[-55.779,-21.579],[-55.786,-21.581],[-55.788,-21.579],[-55.792,-21.581],[-55.796,-21.581],[-55.801,-21.574],[-55.799,-21.568],[-55.794,-21.574],[-55.792,-21.572],[-55.788,-21.573],[-55.792,-21.569],[-55.789,-21.566],[-55.783,-21.568],[-55.779,-21.566],[-55.786,-21.565],[-55.788,-21.562],[-55.785,-21.557],[-55.781,-21.555],[-55.775,-21.559],[-55.774,-21.557],[-55.78,-21.552],[-55.779,-21.549],[-55.783,-21.546],[-55.783,-21.553],[-55.792,-21.555],[-55.791,-21.559],[-55.796,-21.562],[-55.797,-21.559],[-55.804,-21.563],[-55.802,-21.559],[-55.805,-21.556],[-55.806,-21.551],[-55.8,-21.544],[-55.806,-21.544],[-55.811,-21.546],[-55.815,-21.543],[-55.819,-21.538],[-55.821,-21.53],[-55.817,-21.53],[-55.816,-21.536],[-55.809,-21.535],[-55.81,-21.53],[-55.807,-21.53],[-55.808,-21.528],[-55.806,-21.524],[-55.801,-21.525],[-55.8,-21.53],[-55.798,-21.526],[-55.793,-21.524],[-55.792,-21.529],[-55.786,-21.525],[-55.781,-21.524],[-55.78,-21.522],[-55.787,-21.522],[-55.784,-21.519],[-55.79,-21.522],[-55.796,-21.52],[-55.79,-21.509],[-55.793,-21.506],[-55.795,-21.513],[-55.801,-21.515],[-55.807,-21.509],[-55.804,-21.507],[-55.806,-21.504],[-55.801,-21.497],[-55.803,-21.495],[-55.805,-21.499],[-55.807,-21.498],[-55.811,-21.502],[-55.814,-21.503],[-55.815,-21.497],[-55.82,-21.495],[-55.825,-21.499],[-55.828,-21.491],[-55.825,-21.487],[-55.829,-21.485],[-55.837,-21.486],[-55.836,-21.483],[-55.838,-21.48],[-55.837,-21.475],[-55.831,-21.48],[-55.827,-21.481],[-55.827,-21.484],[-55.823,-21.482],[-55.824,-21.475],[-55.828,-21.476],[-55.828,-21.47],[-55.834,-21.466],[-55.829,-21.464],[-55.83,-21.461],[-55.823,-21.461],[-55.823,-21.458],[-55.819,-21.458],[-55.819,-21.451],[-55.82,-21.449],[-55.827,-21.452],[-55.828,-21.446],[-55.824,-21.447],[-55.818,-21.444],[-55.814,-21.443],[-55.812,-21.444],[-55.816,-21.447],[-55.815,-21.451],[-55.809,-21.45],[-55.809,-21.456],[-55.805,-21.458],[-55.803,-21.454],[-55.798,-21.453],[-55.798,-21.456],[-55.792,-21.458],[-55.795,-21.462],[-55.792,-21.466],[-55.793,-21.461],[-55.791,-21.459],[-55.793,-21.455],[-55.788,-21.455],[-55.784,-21.458],[-55.781,-21.456],[-55.779,-21.459],[-55.78,-21.452],[-55.775,-21.449],[-55.771,-21.45],[-55.775,-21.446],[-55.782,-21.446],[-55.79,-21.442],[-55.788,-21.438],[-55.794,-21.44],[-55.796,-21.438],[-55.794,-21.433],[-55.801,-21.435],[-55.8,-21.43],[-55.803,-21.433],[-55.802,-21.428],[-55.805,-21.425],[-55.808,-21.427],[-55.811,-21.424],[-55.801,-21.422],[-55.801,-21.425],[-55.793,-21.422],[-55.79,-21.411],[-55.787,-21.409],[-55.784,-21.411],[-55.782,-21.419],[-55.784,-21.423],[-55.788,-21.424],[-55.783,-21.426],[-55.783,-21.432],[-55.778,-21.432],[-55.771,-21.427],[-55.774,-21.432],[-55.779,-21.438],[-55.773,-21.438],[-55.771,-21.441],[-55.766,-21.439],[-55.762,-21.431],[-55.759,-21.432],[-55.756,-21.428],[-55.754,-21.437],[-55.758,-21.437],[-55.767,-21.442],[-55.765,-21.445],[-55.762,-21.443],[-55.758,-21.45],[-55.76,-21.453],[-55.755,-21.454],[-55.758,-21.462],[-55.754,-21.464],[-55.754,-21.46],[-55.752,-21.46],[-55.75,-21.452],[-55.747,-21.449],[-55.747,-21.444],[-55.743,-21.444],[-55.746,-21.451],[-55.74,-21.451],[-55.741,-21.455],[-55.739,-21.456],[-55.738,-21.46],[-55.742,-21.464],[-55.732,-21.463],[-55.731,-21.46],[-55.732,-21.45],[-55.727,-21.446],[-55.725,-21.446],[-55.725,-21.442],[-55.732,-21.442],[-55.735,-21.436],[-55.73,-21.435],[-55.735,-21.43],[-55.744,-21.434],[-55.746,-21.429],[-55.744,-21.428],[-55.735,-21.429],[-55.734,-21.428],[-55.74,-21.425],[-55.743,-21.416],[-55.749,-21.419],[-55.749,-21.414],[-55.742,-21.413],[-55.747,-21.409],[-55.749,-21.401],[-55.744,-21.406],[-55.743,-21.398],[-55.737,-21.397],[-55.741,-21.39],[-55.741,-21.384],[-55.736,-21.385],[-55.729,-21.395],[-55.733,-21.397],[-55.735,-21.404],[-55.73,-21.405],[-55.726,-21.4],[-55.723,-21.403],[-55.725,-21.407],[-55.73,-21.411],[-55.73,-21.415],[-55.734,-21.414],[-55.735,-21.418],[-55.732,-21.421],[-55.732,-21.425],[-55.729,-21.429],[-55.724,-21.426],[-55.722,-21.436],[-55.719,-21.437],[-55.718,-21.444],[-55.714,-21.438],[-55.716,-21.433],[-55.716,-21.425],[-55.711,-21.424],[-55.71,-21.42],[-55.712,-21.418],[-55.707,-21.417],[-55.709,-21.419],[-55.706,-21.422],[-55.703,-21.421],[-55.701,-21.425],[-55.705,-21.425],[-55.705,-21.429],[-55.712,-21.436],[-55.702,-21.433],[-55.702,-21.435],[-55.706,-21.44],[-55.705,-21.443],[-55.707,-21.447],[-55.703,-21.448],[-55.704,-21.456],[-55.703,-21.459],[-55.706,-21.462],[-55.703,-21.462],[-55.705,-21.465],[-55.7,-21.465],[-55.698,-21.468],[-55.697,-21.474],[-55.696,-21.468],[-55.699,-21.461],[-55.696,-21.461],[-55.692,-21.457],[-55.694,-21.454],[-55.693,-21.45],[-55.695,-21.448],[-55.695,-21.445],[-55.69,-21.448],[-55.688,-21.451],[-55.69,-21.453],[-55.689,-21.456],[-55.692,-21.46],[-55.693,-21.467],[-55.689,-21.465],[-55.687,-21.47],[-55.686,-21.465],[-55.682,-21.464],[-55.679,-21.46],[-55.679,-21.467],[-55.682,-21.472],[-55.679,-21.471],[-55.679,-21.476],[-55.683,-21.483],[-55.679,-21.484],[-55.677,-21.489],[-55.676,-21.487],[-55.675,-21.477],[-55.673,-21.473],[-55.672,-21.478],[-55.667,-21.483],[-55.669,-21.488],[-55.663,-21.492],[-55.662,-21.489],[-55.664,-21.486],[-55.659,-21.481],[-55.655,-21.483],[-55.656,-21.479],[-55.661,-21.476],[-55.657,-21.475],[-55.663,-21.473],[-55.664,-21.468],[-55.653,-21.467],[-55.651,-21.467],[-55.655,-21.462],[-55.652,-21.459],[-55.658,-21.459],[-55.66,-21.456],[-55.655,-21.454],[-55.659,-21.452],[-55.661,-21.449],[-55.665,-21.451],[-55.665,-21.444],[-55.672,-21.443],[-55.678,-21.434],[-55.678,-21.431],[-55.683,-21.429],[-55.679,-21.424],[-55.674,-21.423],[-55.672,-21.424],[-55.67,-21.414],[-55.673,-21.412],[-55.674,-21.409],[-55.677,-21.406],[-55.682,-21.407],[-55.683,-21.404],[-55.69,-21.406],[-55.692,-21.397],[-55.69,-21.397],[-55.686,-21.402],[-55.675,-21.394],[-55.679,-21.4],[-55.673,-21.407],[-55.67,-21.407],[-55.668,-21.41],[-55.658,-21.409],[-55.655,-21.411],[-55.656,-21.415],[-55.661,-21.416],[-55.663,-21.42],[-55.656,-21.418],[-55.654,-21.421],[-55.653,-21.416],[-55.65,-21.415],[-55.648,-21.418],[-55.643,-21.419],[-55.642,-21.423],[-55.639,-21.419],[-55.637,-21.422],[-55.637,-21.426],[-55.634,-21.426],[-55.629,-21.422],[-55.635,-21.422],[-55.636,-21.418],[-55.63,-21.414],[-55.635,-21.416],[-55.638,-21.414],[-55.642,-21.414],[-55.644,-21.412],[-55.645,-21.406],[-55.634,-21.402],[-55.643,-21.402],[-55.645,-21.401],[-55.649,-21.403],[-55.654,-21.401],[-55.652,-21.395],[-55.658,-21.397],[-55.662,-21.402],[-55.664,-21.4],[-55.661,-21.395],[-55.66,-21.388],[-55.658,-21.385],[-55.66,-21.38],[-55.656,-21.382],[-55.653,-21.388],[-55.649,-21.389],[-55.649,-21.384],[-55.641,-21.391],[-55.641,-21.385],[-55.636,-21.384],[-55.634,-21.379],[-55.636,-21.376],[-55.638,-21.376],[-55.64,-21.382],[-55.651,-21.378],[-55.652,-21.375],[-55.647,-21.371],[-55.648,-21.369],[-55.651,-21.372],[-55.654,-21.372],[-55.658,-21.377],[-55.661,-21.375],[-55.667,-21.378],[-55.666,-21.382],[-55.671,-21.388],[-55.674,-21.382],[-55.684,-21.382],[-55.685,-21.389],[-55.687,-21.386],[-55.691,-21.384],[-55.697,-21.389],[-55.699,-21.385],[-55.7,-21.39],[-55.703,-21.389],[-55.702,-21.384],[-55.705,-21.378],[-55.696,-21.378],[-55.693,-21.38],[-55.689,-21.375],[-55.684,-21.376],[-55.68,-21.381],[-55.677,-21.376],[-55.672,-21.38],[-55.67,-21.374],[-55.664,-21.372],[-55.658,-21.366],[-55.665,-21.365],[-55.675,-21.369],[-55.675,-21.365],[-55.678,-21.363],[-55.673,-21.353],[-55.667,-21.356],[-55.661,-21.354],[-55.667,-21.353],[-55.67,-21.349],[-55.665,-21.344],[-55.663,-21.346],[-55.653,-21.345],[-55.652,-21.34],[-55.655,-21.342],[-55.66,-21.341],[-55.658,-21.336],[-55.66,-21.337],[-55.662,-21.334],[-55.663,-21.339],[-55.665,-21.339],[-55.67,-21.335],[-55.672,-21.339],[-55.671,-21.342],[-55.678,-21.344],[-55.678,-21.342],[-55.681,-21.343],[-55.681,-21.346],[-55.683,-21.349],[-55.686,-21.347],[-55.687,-21.358],[-55.691,-21.358],[-55.689,-21.367],[-55.695,-21.366],[-55.693,-21.362],[-55.696,-21.358],[-55.691,-21.352],[-55.693,-21.346],[-55.699,-21.349],[-55.702,-21.348],[-55.701,-21.344],[-55.698,-21.346],[-55.695,-21.342],[-55.69,-21.343],[-55.69,-21.338],[-55.685,-21.339],[-55.686,-21.335],[-55.682,-21.335],[-55.682,-21.333],[-55.675,-21.329],[-55.678,-21.325],[-55.68,-21.327],[-55.685,-21.325],[-55.69,-21.327],[-55.692,-21.329],[-55.696,-21.328],[-55.699,-21.332],[-55.702,-21.331],[-55.696,-21.326],[-55.688,-21.323],[-55.684,-21.317],[-55.688,-21.316],[-55.692,-21.317],[-55.698,-21.316],[-55.691,-21.315],[-55.683,-21.309],[-55.682,-21.316],[-55.671,-21.316],[-55.67,-21.314],[-55.677,-21.312],[-55.679,-21.31],[-55.671,-21.306],[-55.675,-21.305],[-55.678,-21.3],[-55.686,-21.301],[-55.69,-21.298],[-55.694,-21.3],[-55.701,-21.298],[-55.706,-21.303],[-55.712,-21.304],[-55.709,-21.299],[-55.707,-21.3],[-55.7,-21.294],[-55.7,-21.297],[-55.695,-21.297],[-55.694,-21.291],[-55.691,-21.294],[-55.686,-21.291],[-55.683,-21.3],[-55.677,-21.296],[-55.674,-21.3],[-55.669,-21.3],[-55.666,-21.295],[-55.67,-21.295],[-55.667,-21.293],[-55.667,-21.29],[-55.664,-21.288],[-55.665,-21.285],[-55.667,-21.288],[-55.671,-21.283],[-55.674,-21.285],[-55.677,-21.283],[-55.683,-21.281],[-55.676,-21.279],[-55.667,-21.272],[-55.67,-21.272],[-55.67,-21.268],[-55.661,-21.269],[-55.663,-21.266],[-55.668,-21.267],[-55.67,-21.263],[-55.677,-21.271],[-55.683,-21.272],[-55.684,-21.27],[-55.68,-21.264],[-55.681,-21.261],[-55.684,-21.261],[-55.685,-21.266],[-55.689,-21.264],[-55.691,-21.267],[-55.689,-21.271],[-55.692,-21.275],[-55.693,-21.271],[-55.697,-21.275],[-55.703,-21.268],[-55.702,-21.265],[-55.698,-21.265],[-55.696,-21.262],[-55.693,-21.263],[-55.693,-21.26],[-55.688,-21.253],[-55.694,-21.256],[-55.696,-21.252],[-55.7,-21.256],[-55.706,-21.254],[-55.709,-21.257],[-55.713,-21.257],[-55.708,-21.253],[-55.704,-21.252],[-55.7,-21.249],[-55.695,-21.249],[-55.697,-21.245],[-55.692,-21.243],[-55.688,-21.245],[-55.691,-21.239],[-55.688,-21.238],[-55.686,-21.24],[-55.68,-21.24],[-55.679,-21.245],[-55.677,-21.252],[-55.676,-21.244],[-55.672,-21.244],[-55.669,-21.242],[-55.67,-21.238],[-55.667,-21.237],[-55.671,-21.234],[-55.672,-21.236],[-55.679,-21.233],[-55.675,-21.229],[-55.676,-21.225],[-55.678,-21.227],[-55.69,-21.226],[-55.692,-21.224],[-55.685,-21.223],[-55.679,-21.219],[-55.686,-21.218],[-55.69,-21.213],[-55.693,-21.214],[-55.694,-21.212],[-55.69,-21.211],[-55.688,-21.213],[-55.678,-21.215],[-55.675,-21.219],[-55.671,-21.218],[-55.673,-21.215],[-55.671,-21.211],[-55.667,-21.213],[-55.664,-21.208],[-55.67,-21.206],[-55.67,-21.203],[-55.676,-21.204],[-55.677,-21.198],[-55.683,-21.199],[-55.687,-21.197],[-55.681,-21.197],[-55.678,-21.192],[-55.675,-21.191],[-55.674,-21.194],[-55.674,-21.2],[-55.668,-21.2],[-55.666,-21.198],[-55.664,-21.199],[-55.659,-21.209],[-55.652,-21.208],[-55.651,-21.21],[-55.657,-21.217],[-55.657,-21.219],[-55.661,-21.226],[-55.657,-21.225],[-55.653,-21.22],[-55.649,-21.222],[-55.649,-21.228],[-55.651,-21.23],[-55.647,-21.23],[-55.644,-21.235],[-55.644,-21.229],[-55.643,-21.224],[-55.637,-21.222],[-55.64,-21.226],[-55.638,-21.232],[-55.635,-21.23],[-55.631,-21.236],[-55.631,-21.24],[-55.629,-21.233],[-55.628,-21.232],[-55.621,-21.236],[-55.622,-21.23],[-55.632,-21.231],[-55.634,-21.227],[-55.631,-21.225],[-55.627,-21.221],[-55.622,-21.219],[-55.623,-21.215],[-55.619,-21.213],[-55.622,-21.212],[-55.625,-21.215],[-55.624,-21.217],[-55.628,-21.217],[-55.631,-21.221],[-55.634,-21.218],[-55.637,-21.217],[-55.641,-21.212],[-55.64,-21.207],[-55.637,-21.204],[-55.638,-21.203],[-55.634,-21.2],[-55.638,-21.197],[-55.646,-21.197],[-55.646,-21.191],[-55.65,-21.189],[-55.651,-21.185],[-55.656,-21.183],[-55.651,-21.183],[-55.649,-21.187],[-55.642,-21.191],[-55.64,-21.19],[-55.643,-21.183],[-55.638,-21.184],[-55.632,-21.19],[-55.631,-21.193],[-55.627,-21.194],[-55.626,-21.189],[-55.623,-21.188],[-55.627,-21.186],[-55.622,-21.184],[-55.622,-21.182],[-55.629,-21.183],[-55.63,-21.181],[-55.626,-21.178],[-55.629,-21.173],[-55.626,-21.17],[-55.619,-21.174],[-55.626,-21.165],[-55.633,-21.167],[-55.628,-21.164],[-55.624,-21.164],[-55.619,-21.166],[-55.616,-21.17],[-55.612,-21.172],[-55.61,-21.175],[-55.611,-21.181],[-55.608,-21.177],[-55.605,-21.179],[-55.607,-21.175],[-55.603,-21.17],[-55.597,-21.17],[-55.6,-21.166],[-55.602,-21.168],[-55.607,-21.168],[-55.607,-21.165],[-55.612,-21.164],[-55.608,-21.16],[-55.608,-21.157],[-55.616,-21.159],[-55.617,-21.155],[-55.62,-21.157],[-55.625,-21.156],[-55.62,-21.15],[-55.626,-21.149],[-55.624,-21.147],[-55.619,-21.145],[-55.614,-21.137],[-55.621,-21.139],[-55.623,-21.138],[-55.63,-21.14],[-55.637,-21.143],[-55.638,-21.14],[-55.631,-21.138],[-55.624,-21.132],[-55.633,-21.131],[-55.632,-21.128],[-55.625,-21.128],[-55.616,-21.125],[-55.626,-21.125],[-55.631,-21.12],[-55.629,-21.117],[-55.631,-21.112],[-55.635,-21.117],[-55.639,-21.116],[-55.645,-21.126],[-55.647,-21.124],[-55.643,-21.12],[-55.643,-21.115],[-55.645,-21.115],[-55.65,-21.118],[-55.649,-21.111],[-55.643,-21.112],[-55.639,-21.107],[-55.636,-21.109],[-55.635,-21.106],[-55.63,-21.106],[-55.635,-21.1],[-55.644,-21.099],[-55.644,-21.094],[-55.651,-21.09],[-55.654,-21.085],[-55.657,-21.085],[-55.662,-21.087],[-55.67,-21.084],[-55.671,-21.08],[-55.674,-21.079],[-55.667,-21.075],[-55.661,-21.074],[-55.666,-21.08],[-55.663,-21.085],[-55.654,-21.081],[-55.652,-21.085],[-55.647,-21.087],[-55.645,-21.085],[-55.644,-21.088],[-55.641,-21.088],[-55.641,-21.095],[-55.633,-21.091],[-55.633,-21.094],[-55.629,-21.098],[-55.628,-21.094],[-55.624,-21.094],[-55.627,-21.091],[-55.627,-21.083],[-55.629,-21.08],[-55.636,-21.077],[-55.635,-21.075],[-55.628,-21.076],[-55.628,-21.079],[-55.623,-21.08],[-55.622,-21.085],[-55.617,-21.083],[-55.618,-21.089],[-55.615,-21.09],[-55.613,-21.084],[-55.609,-21.086],[-55.605,-21.091],[-55.607,-21.08],[-55.614,-21.076],[-55.613,-21.072],[-55.617,-21.073],[-55.618,-21.071],[-55.615,-21.07],[-55.618,-21.066],[-55.625,-21.068],[-55.631,-21.065],[-55.624,-21.066],[-55.621,-21.062],[-55.617,-21.064],[-55.619,-21.058],[-55.618,-21.056],[-55.615,-21.058],[-55.614,-21.057],[-55.613,-21.063],[-55.616,-21.065],[-55.613,-21.068],[-55.605,-21.068],[-55.602,-21.064],[-55.601,-21.065],[-55.593,-21.065],[-55.591,-21.058],[-55.588,-21.057],[-55.586,-21.051],[-55.591,-21.049],[-55.589,-21.045],[-55.584,-21.042],[-55.583,-21.047],[-55.585,-21.05],[-55.578,-21.047],[-55.575,-21.05],[-55.582,-21.052],[-55.574,-21.055],[-55.58,-21.058],[-55.581,-21.061],[-55.576,-21.061],[-55.575,-21.063],[-55.581,-21.067],[-55.585,-21.063],[-55.592,-21.065],[-55.592,-21.074],[-55.586,-21.075],[-55.59,-21.081],[-55.587,-21.081],[-55.582,-21.077],[-55.58,-21.078],[-55.58,-21.085],[-55.578,-21.084],[-55.575,-21.079],[-55.568,-21.079],[-55.568,-21.073],[-55.562,-21.073],[-55.562,-21.07],[-55.564,-21.068],[-55.558,-21.063],[-55.55,-21.062],[-55.552,-21.059],[-55.549,-21.056],[-55.554,-21.056],[-55.556,-21.054],[-55.552,-21.048],[-55.553,-21.044],[-55.546,-21.046],[-55.54,-21.051],[-55.536,-21.051],[-55.533,-21.056],[-55.528,-21.062],[-55.523,-21.064],[-55.522,-21.069],[-55.526,-21.068],[-55.53,-21.062],[-55.54,-21.061],[-55.545,-21.058],[-55.547,-21.062],[-55.541,-21.067],[-55.543,-21.072],[-55.548,-21.071],[-55.55,-21.068],[-55.555,-21.068],[-55.554,-21.07],[-55.554,-21.079],[-55.558,-21.077],[-55.561,-21.084],[-55.563,-21.084],[-55.562,-21.088],[-55.564,-21.091],[-55.568,-21.094],[-55.564,-21.094],[-55.559,-21.091],[-55.557,-21.093],[-55.552,-21.092],[-55.554,-21.085],[-55.55,-21.084],[-55.547,-21.08],[-55.546,-21.082],[-55.54,-21.082],[-55.536,-21.074],[-55.532,-21.078],[-55.528,-21.081],[-55.534,-21.087],[-55.535,-21.091],[-55.533,-21.092],[-55.536,-21.098],[-55.53,-21.094],[-55.53,-21.091],[-55.525,-21.087],[-55.52,-21.09],[-55.52,-21.084],[-55.517,-21.083],[-55.513,-21.086],[-55.506,-21.088],[-55.504,-21.085],[-55.508,-21.08],[-55.505,-21.075],[-55.501,-21.077],[-55.494,-21.075],[-55.495,-21.068],[-55.492,-21.061],[-55.494,-21.059],[-55.489,-21.055],[-55.496,-21.049],[-55.499,-21.044],[-55.503,-21.044],[-55.5,-21.042],[-55.502,-21.04],[-55.497,-21.035],[-55.486,-21.022],[-55.481,-21.02],[-55.473,-21.019],[-55.469,-21.025],[-55.463,-21.028],[-55.458,-21.028],[-55.455,-21.035],[-55.443,-21.036],[-55.443,-21.041],[-55.436,-21.042],[-55.439,-21.047],[-55.437,-21.049],[-55.431,-21.05],[-55.427,-21.049],[-55.426,-21.056],[-55.423,-21.052],[-55.418,-21.054],[-55.417,-21.05],[-55.413,-21.051],[-55.409,-21.047],[-55.39,-21.048],[-55.386,-21.046],[-55.379,-21.045],[-55.377,-21.043],[-55.369,-21.04],[-55.366,-21.036],[-55.362,-21.034],[-55.355,-21.034],[-55.342,-21.038],[-55.337,-21.04],[-55.329,-21.045],[-55.319,-21.051],[-55.308,-21.04],[-55.305,-21.036],[-55.301,-21.022],[-55.278,-21.001],[-55.274,-20.999],[-55.266,-20.998],[-55.254,-21.016],[-55.256,-21.014],[-55.27,-21.009],[-55.274,-21.014],[-55.277,-21.031],[-55.279,-21.036],[-55.284,-21.044],[-55.289,-21.05],[-55.293,-21.053],[-55.295,-21.057],[-55.294,-21.068],[-55.298,-21.073],[-55.303,-21.076],[-55.307,-21.08],[-55.309,-21.091],[-55.307,-21.098],[-55.308,-21.107],[-55.311,-21.109],[-55.318,-21.111],[-55.322,-21.117],[-55.321,-21.123],[-55.318,-21.127],[-55.311,-21.13],[-55.307,-21.134],[-55.307,-21.14],[-55.312,-21.145],[-55.311,-21.147],[-55.314,-21.15],[-55.317,-21.161],[-55.316,-21.169],[-55.326,-21.169],[-55.33,-21.174],[-55.329,-21.176],[-55.326,-21.176],[-55.321,-21.178],[-55.322,-21.186],[-55.327,-21.186],[-55.327,-21.189],[-55.33,-21.192],[-55.329,-21.198],[-55.324,-21.201],[-55.32,-21.201],[-55.316,-21.204],[-55.314,-21.21],[-55.317,-21.215],[-55.319,-21.216],[-55.319,-21.222],[-55.315,-21.229],[-55.315,-21.234],[-55.318,-21.236],[-55.319,-21.242],[-55.317,-21.245],[-55.309,-21.244],[-55.308,-21.246],[-55.3,-21.249],[-55.3,-21.256],[-55.297,-21.257],[-55.298,-21.261],[-55.294,-21.265],[-55.296,-21.268],[-55.296,-21.272],[-55.294,-21.275],[-55.297,-21.285],[-55.296,-21.291],[-55.302,-21.296],[-55.304,-21.299],[-55.302,-21.304],[-55.295,-21.306],[-55.288,-21.311],[-55.281,-21.317],[-55.282,-21.32],[-55.288,-21.323],[-55.291,-21.329],[-55.294,-21.331],[-55.295,-21.338],[-55.297,-21.339],[-55.297,-21.346],[-55.288,-21.351],[-55.285,-21.354],[-55.286,-21.359],[-55.282,-21.362],[-55.285,-21.367],[-55.28,-21.372],[-55.277,-21.372],[-55.274,-21.381],[-55.275,-21.387],[-55.267,-21.393],[-55.268,-21.397],[-55.27,-21.4],[-55.268,-21.401],[-55.262,-21.4],[-55.26,-21.406],[-55.257,-21.409],[-55.248,-21.406],[-55.24,-21.409],[-55.236,-21.409],[-55.239,-21.418],[-55.233,-21.42],[-55.218,-21.424],[-55.212,-21.428],[-55.214,-21.432],[-55.212,-21.437],[-55.211,-21.442],[-55.204,-21.447],[-55.194,-21.46],[-55.193,-21.458],[-55.193,-21.449],[-55.192,-21.447],[-55.187,-21.448],[-55.18,-21.451],[-55.175,-21.455],[-55.173,-21.459],[-55.167,-21.461],[-55.167,-21.464],[-55.171,-21.468],[-55.173,-21.472],[-55.171,-21.477],[-55.173,-21.478],[-55.166,-21.484],[-55.164,-21.482],[-55.155,-21.485],[-55.154,-21.48],[-55.15,-21.475],[-55.148,-21.475],[-55.14,-21.48],[-55.138,-21.484],[-55.142,-21.488],[-55.138,-21.499],[-55.147,-21.503],[-55.143,-21.505],[-55.142,-21.508],[-55.137,-21.512],[-55.132,-21.507],[-55.127,-21.505],[-55.125,-21.507],[-55.127,-21.515],[-55.12,-21.519],[-55.122,-21.525],[-55.132,-21.532],[-55.14,-21.532],[-55.139,-21.534],[-55.133,-21.538],[-55.128,-21.539],[-55.123,-21.534],[-55.118,-21.533],[-55.112,-21.538],[-55.104,-21.539],[-55.101,-21.547],[-55.105,-21.554],[-55.097,-21.559],[-55.096,-21.562],[-55.098,-21.568],[-55.095,-21.571],[-55.087,-21.565],[-55.089,-21.56],[-55.078,-21.555],[-55.072,-21.559],[-55.072,-21.562],[-55.067,-21.56],[-55.066,-21.557],[-55.063,-21.558],[-55.058,-21.564],[-55.063,-21.567],[-55.063,-21.577],[-55.06,-21.586],[-55.057,-21.586],[-55.05,-21.582],[-55.045,-21.582],[-55.047,-21.572],[-55.044,-21.566],[-55.039,-21.568],[-55.037,-21.572],[-55.037,-21.577],[-55.033,-21.583],[-55.028,-21.586],[-55.026,-21.594],[-55.018,-21.593],[-55.02,-21.601],[-55.024,-21.605],[-55.026,-21.61],[-55.019,-21.619],[-55.013,-21.621],[-55.01,-21.625],[-54.998,-21.621],[-54.995,-21.618],[-54.992,-21.621],[-54.988,-21.623],[-54.989,-21.633],[-54.987,-21.635],[-54.995,-21.643],[-54.993,-21.647],[-54.99,-21.644],[-54.986,-21.644],[-54.986,-21.65],[-54.989,-21.655],[-54.993,-21.656],[-54.997,-21.66],[-54.997,-21.664],[-54.986,-21.662],[-54.97,-21.667],[-54.966,-21.67],[-54.96,-21.671],[-54.955,-21.675],[-54.95,-21.689],[-54.947,-21.692],[-54.941,-21.689],[-54.938,-21.683],[-54.936,-21.683],[-54.934,-21.691],[-54.938,-21.694],[-54.94,-21.7],[-54.928,-21.7],[-54.924,-21.697],[-54.919,-21.7],[-54.922,-21.709],[-54.928,-21.712],[-54.93,-21.716],[-54.938,-21.718],[-54.94,-21.721],[-54.937,-21.722],[-54.935,-21.727],[-54.929,-21.731],[-54.924,-21.728],[-54.921,-21.731],[-54.918,-21.74],[-54.918,-21.743],[-54.915,-21.741],[-54.913,-21.746],[-54.909,-21.748],[-54.905,-21.746],[-54.904,-21.747],[-54.896,-21.747],[-54.896,-21.756],[-54.895,-21.759],[-54.888,-21.762],[-54.88,-21.771],[-54.876,-21.77],[-54.878,-21.767],[-54.87,-21.765],[-54.86,-21.771],[-54.858,-21.775],[-54.861,-21.779],[-54.86,-21.781],[-54.856,-21.778],[-54.853,-21.778],[-54.851,-21.783],[-54.846,-21.78],[-54.838,-21.786],[-54.834,-21.791],[-54.834,-21.787],[-54.831,-21.788],[-54.832,-21.794],[-54.829,-21.798],[-54.833,-21.809],[-54.832,-21.815],[-54.834,-21.821],[-54.837,-21.819],[-54.836,-21.823],[-54.828,-21.825],[-54.83,-21.832]]]}},{"type":"Feature","properties":{"c":"5005608"},"geometry":{"type":"Polygon","coordinates":[[[-56.998,-20.189],[-56.999,-20.179],[-56.994,-20.167],[-56.993,-20.16],[-56.993,-20.153],[-56.998,-20.147],[-56.988,-20.141],[-56.987,-20.132],[-56.99,-20.125],[-56.996,-20.122],[-56.997,-20.119],[-57.003,-20.112],[-57.003,-20.108],[-57.0,-20.101],[-57.004,-20.095],[-57.0,-20.077],[-57.002,-20.05],[-57.025,-20.028],[-57.028,-20.015],[-57.067,-20.015],[-57.003,-19.668],[-56.995,-19.621],[-56.991,-19.619],[-56.988,-19.623],[-56.994,-19.631],[-56.991,-19.636],[-56.985,-19.639],[-56.984,-19.647],[-56.99,-19.651],[-56.986,-19.656],[-56.987,-19.661],[-56.991,-19.658],[-56.995,-19.658],[-56.994,-19.665],[-56.998,-19.663],[-57.0,-19.666],[-56.999,-19.674],[-56.995,-19.678],[-56.994,-19.686],[-56.989,-19.685],[-56.983,-19.68],[-56.973,-19.684],[-56.97,-19.681],[-56.959,-19.681],[-56.958,-19.683],[-56.965,-19.683],[-56.965,-19.687],[-56.96,-19.689],[-56.959,-19.693],[-56.952,-19.689],[-56.951,-19.693],[-56.948,-19.69],[-56.94,-19.69],[-56.94,-19.696],[-56.937,-19.696],[-56.935,-19.692],[-56.938,-19.689],[-56.938,-19.686],[-56.933,-19.688],[-56.928,-19.687],[-56.927,-19.691],[-56.922,-19.69],[-56.914,-19.693],[-56.91,-19.691],[-56.911,-19.688],[-56.906,-19.682],[-56.904,-19.682],[-56.907,-19.686],[-56.904,-19.687],[-56.9,-19.682],[-56.892,-19.69],[-56.888,-19.695],[-56.889,-19.701],[-56.884,-19.702],[-56.879,-19.699],[-56.875,-19.698],[-56.875,-19.703],[-56.88,-19.704],[-56.881,-19.706],[-56.878,-19.712],[-56.877,-19.717],[-56.873,-19.721],[-56.871,-19.718],[-56.873,-19.711],[-56.87,-19.71],[-56.867,-19.716],[-56.857,-19.717],[-56.855,-19.718],[-56.855,-19.723],[-56.85,-19.724],[-56.847,-19.727],[-56.849,-19.73],[-56.855,-19.731],[-56.858,-19.735],[-56.857,-19.736],[-56.852,-19.731],[-56.848,-19.735],[-56.847,-19.74],[-56.844,-19.745],[-56.846,-19.751],[-56.843,-19.753],[-56.843,-19.749],[-56.84,-19.749],[-56.835,-19.755],[-56.83,-19.757],[-56.828,-19.759],[-56.828,-19.773],[-56.826,-19.776],[-56.819,-19.781],[-56.81,-19.783],[-56.811,-19.787],[-56.808,-19.785],[-56.802,-19.788],[-56.801,-19.792],[-56.798,-19.786],[-56.794,-19.788],[-56.794,-19.792],[-56.79,-19.792],[-56.786,-19.798],[-56.781,-19.798],[-56.778,-19.795],[-56.779,-19.793],[-56.778,-19.788],[-56.773,-19.789],[-56.768,-19.786],[-56.768,-19.782],[-56.764,-19.782],[-56.758,-19.779],[-56.756,-19.774],[-56.745,-19.775],[-56.738,-19.778],[-56.74,-19.785],[-56.737,-19.791],[-56.734,-19.794],[-56.729,-19.792],[-56.728,-19.784],[-56.725,-19.781],[-56.72,-19.78],[-56.718,-19.785],[-56.714,-19.785],[-56.717,-19.781],[-56.715,-19.777],[-56.707,-19.772],[-56.709,-19.768],[-56.704,-19.767],[-56.703,-19.769],[-56.698,-19.766],[-56.694,-19.77],[-56.69,-19.77],[-56.689,-19.774],[-56.686,-19.772],[-56.682,-19.773],[-56.677,-19.772],[-56.677,-19.778],[-56.675,-19.78],[-56.668,-19.779],[-56.665,-19.777],[-56.654,-19.785],[-56.647,-19.783],[-56.645,-19.789],[-56.649,-19.791],[-56.65,-19.799],[-56.648,-19.8],[-56.65,-19.805],[-56.649,-19.807],[-56.638,-19.812],[-56.637,-19.82],[-56.635,-19.829],[-56.632,-19.834],[-56.621,-19.831],[-56.618,-19.827],[-56.603,-19.821],[-56.591,-19.822],[-56.582,-19.819],[-56.577,-19.815],[-56.564,-19.815],[-56.557,-19.818],[-56.554,-19.815],[-56.548,-19.815],[-56.545,-19.817],[-56.532,-19.82],[-56.518,-19.814],[-56.507,-19.814],[-56.496,-19.817],[-56.486,-19.821],[-56.483,-19.824],[-56.478,-19.825],[-56.469,-19.833],[-56.466,-19.842],[-56.456,-19.85],[-56.453,-19.854],[-56.443,-19.859],[-56.441,-19.863],[-56.436,-19.865],[-56.43,-19.87],[-56.427,-19.87],[-56.42,-19.873],[-56.418,-19.872],[-56.409,-19.873],[-56.408,-19.877],[-56.399,-19.879],[-56.395,-19.883],[-56.394,-19.891],[-56.392,-19.894],[-56.386,-19.897],[-56.385,-19.9],[-56.38,-19.903],[-56.374,-19.903],[-56.366,-19.906],[-56.358,-19.918],[-56.355,-19.918],[-56.35,-19.927],[-56.347,-19.926],[-56.334,-19.929],[-56.33,-19.932],[-56.327,-19.931],[-56.323,-19.927],[-56.319,-19.932],[-56.319,-19.938],[-56.317,-19.943],[-56.312,-19.946],[-56.307,-19.954],[-56.307,-19.956],[-56.296,-19.961],[-56.294,-19.965],[-56.294,-19.97],[-56.289,-19.978],[-56.278,-19.986],[-56.261,-19.988],[-56.259,-19.996],[-56.254,-20.005],[-56.253,-20.009],[-56.254,-20.02],[-56.252,-20.031],[-56.249,-20.038],[-56.25,-20.044],[-56.253,-20.049],[-56.253,-20.055],[-56.248,-20.062],[-56.251,-20.067],[-56.249,-20.07],[-56.248,-20.079],[-56.244,-20.088],[-56.246,-20.088],[-56.246,-20.095],[-56.248,-20.096],[-56.25,-20.105],[-56.246,-20.122],[-56.243,-20.124],[-56.24,-20.128],[-56.241,-20.133],[-56.24,-20.136],[-56.237,-20.138],[-56.231,-20.146],[-56.228,-20.15],[-56.226,-20.158],[-56.219,-20.162],[-56.219,-20.169],[-56.216,-20.174],[-56.218,-20.178],[-56.225,-20.18],[-56.229,-20.183],[-56.239,-20.196],[-56.238,-20.204],[-56.235,-20.208],[-56.232,-20.21],[-56.231,-20.214],[-56.233,-20.219],[-56.229,-20.221],[-56.229,-20.226],[-56.231,-20.229],[-56.228,-20.236],[-56.228,-20.24],[-56.224,-20.245],[-56.224,-20.249],[-56.232,-20.257],[-56.238,-20.261],[-56.238,-20.264],[-56.231,-20.269],[-56.228,-20.273],[-56.228,-20.28],[-56.228,-20.289],[-56.226,-20.292],[-56.215,-20.295],[-56.212,-20.299],[-56.207,-20.303],[-56.199,-20.308],[-56.192,-20.322],[-56.192,-20.331],[-56.185,-20.33],[-56.181,-20.328],[-56.172,-20.331],[-56.166,-20.329],[-56.161,-20.331],[-56.162,-20.336],[-56.159,-20.341],[-56.153,-20.342],[-56.152,-20.347],[-56.148,-20.351],[-56.152,-20.353],[-56.149,-20.36],[-56.146,-20.361],[-56.138,-20.355],[-56.131,-20.356],[-56.126,-20.364],[-56.121,-20.368],[-56.117,-20.37],[-56.115,-20.375],[-56.109,-20.376],[-56.106,-20.379],[-56.108,-20.385],[-56.11,-20.389],[-56.108,-20.393],[-56.102,-20.397],[-56.1,-20.4],[-56.098,-20.408],[-56.102,-20.419],[-56.177,-20.43],[-56.182,-20.434],[-56.183,-20.436],[-56.182,-20.442],[-56.179,-20.445],[-56.172,-20.446],[-56.168,-20.449],[-56.158,-20.45],[-56.152,-20.452],[-56.15,-20.454],[-56.149,-20.461],[-56.15,-20.47],[-56.146,-20.476],[-56.148,-20.483],[-56.145,-20.494],[-56.142,-20.497],[-56.134,-20.5],[-56.135,-20.505],[-56.134,-20.516],[-56.136,-20.532],[-56.139,-20.537],[-56.139,-20.547],[-56.137,-20.554],[-56.138,-20.576],[-56.133,-20.587],[-56.133,-20.596],[-56.129,-20.605],[-56.133,-20.615],[-56.138,-20.617],[-56.142,-20.621],[-56.151,-20.618],[-56.155,-20.616],[-56.159,-20.617],[-56.163,-20.621],[-56.169,-20.616],[-56.175,-20.62],[-56.176,-20.625],[-56.176,-20.63],[-56.181,-20.629],[-56.185,-20.632],[-56.192,-20.624],[-56.197,-20.624],[-56.198,-20.619],[-56.201,-20.62],[-56.202,-20.616],[-56.198,-20.613],[-56.197,-20.61],[-56.202,-20.604],[-56.207,-20.605],[-56.211,-20.604],[-56.213,-20.607],[-56.218,-20.609],[-56.218,-20.613],[-56.214,-20.612],[-56.213,-20.617],[-56.217,-20.62],[-56.216,-20.626],[-56.213,-20.629],[-56.213,-20.632],[-56.217,-20.631],[-56.217,-20.633],[-56.213,-20.636],[-56.213,-20.641],[-56.21,-20.647],[-56.214,-20.646],[-56.221,-20.643],[-56.225,-20.645],[-56.223,-20.649],[-56.227,-20.65],[-56.227,-20.657],[-56.23,-20.658],[-56.238,-20.652],[-56.246,-20.648],[-56.246,-20.644],[-56.242,-20.642],[-56.244,-20.64],[-56.247,-20.643],[-56.248,-20.636],[-56.255,-20.64],[-56.253,-20.643],[-56.262,-20.638],[-56.267,-20.639],[-56.266,-20.645],[-56.275,-20.644],[-56.275,-20.636],[-56.281,-20.636],[-56.282,-20.635],[-56.282,-20.625],[-56.277,-20.622],[-56.281,-20.618],[-56.285,-20.617],[-56.289,-20.619],[-56.287,-20.615],[-56.29,-20.611],[-56.294,-20.611],[-56.295,-20.6],[-56.299,-20.6],[-56.295,-20.597],[-56.296,-20.594],[-56.302,-20.594],[-56.307,-20.592],[-56.308,-20.59],[-56.306,-20.582],[-56.298,-20.576],[-56.304,-20.574],[-56.311,-20.579],[-56.314,-20.579],[-56.316,-20.582],[-56.314,-20.587],[-56.318,-20.588],[-56.318,-20.585],[-56.324,-20.582],[-56.322,-20.579],[-56.326,-20.579],[-56.325,-20.574],[-56.322,-20.574],[-56.325,-20.57],[-56.331,-20.57],[-56.329,-20.567],[-56.333,-20.565],[-56.332,-20.563],[-56.335,-20.56],[-56.332,-20.556],[-56.336,-20.557],[-56.338,-20.554],[-56.346,-20.553],[-56.345,-20.55],[-56.348,-20.546],[-56.355,-20.544],[-56.353,-20.54],[-56.356,-20.542],[-56.358,-20.539],[-56.354,-20.536],[-56.35,-20.536],[-56.356,-20.532],[-56.364,-20.531],[-56.364,-20.526],[-56.359,-20.525],[-56.365,-20.524],[-56.366,-20.518],[-56.369,-20.517],[-56.366,-20.513],[-56.37,-20.512],[-56.371,-20.506],[-56.375,-20.504],[-56.376,-20.498],[-56.378,-20.499],[-56.378,-20.493],[-56.373,-20.494],[-56.371,-20.489],[-56.377,-20.489],[-56.377,-20.484],[-56.381,-20.488],[-56.384,-20.488],[-56.383,-20.485],[-56.387,-20.486],[-56.389,-20.485],[-56.393,-20.483],[-56.391,-20.48],[-56.394,-20.48],[-56.396,-20.473],[-56.393,-20.47],[-56.394,-20.467],[-56.397,-20.468],[-56.398,-20.462],[-56.394,-20.463],[-56.393,-20.458],[-56.396,-20.455],[-56.39,-20.456],[-56.386,-20.451],[-56.387,-20.44],[-56.395,-20.438],[-56.393,-20.442],[-56.396,-20.443],[-56.403,-20.439],[-56.399,-20.433],[-56.404,-20.431],[-56.4,-20.43],[-56.397,-20.427],[-56.401,-20.426],[-56.397,-20.421],[-56.393,-20.411],[-56.395,-20.41],[-56.398,-20.413],[-56.398,-20.408],[-56.396,-20.406],[-56.4,-20.405],[-56.401,-20.401],[-56.396,-20.399],[-56.396,-20.404],[-56.392,-20.403],[-56.394,-20.399],[-56.392,-20.397],[-56.393,-20.393],[-56.396,-20.39],[-56.403,-20.389],[-56.403,-20.385],[-56.409,-20.385],[-56.405,-20.382],[-56.403,-20.378],[-56.398,-20.375],[-56.394,-20.375],[-56.396,-20.371],[-56.399,-20.372],[-56.401,-20.369],[-56.397,-20.366],[-56.398,-20.362],[-56.395,-20.362],[-56.396,-20.359],[-56.391,-20.358],[-56.395,-20.355],[-56.391,-20.352],[-56.398,-20.348],[-56.394,-20.346],[-56.396,-20.341],[-56.393,-20.341],[-56.392,-20.337],[-56.389,-20.333],[-56.402,-20.336],[-56.414,-20.334],[-56.418,-20.336],[-56.417,-20.342],[-56.415,-20.345],[-56.419,-20.348],[-56.422,-20.347],[-56.421,-20.343],[-56.423,-20.333],[-56.425,-20.33],[-56.424,-20.323],[-56.429,-20.319],[-56.443,-20.32],[-56.452,-20.313],[-56.456,-20.314],[-56.461,-20.316],[-56.465,-20.319],[-56.469,-20.326],[-56.472,-20.329],[-56.483,-20.333],[-56.491,-20.337],[-56.493,-20.34],[-56.499,-20.343],[-56.509,-20.344],[-56.513,-20.349],[-56.516,-20.357],[-56.519,-20.358],[-56.528,-20.361],[-56.535,-20.361],[-56.538,-20.36],[-56.547,-20.362],[-56.555,-20.36],[-56.564,-20.36],[-56.568,-20.356],[-56.681,-20.358],[-56.681,-20.363],[-56.678,-20.367],[-56.68,-20.372],[-56.679,-20.375],[-56.681,-20.379],[-56.683,-20.38],[-56.682,-20.384],[-56.684,-20.389],[-56.685,-20.385],[-56.689,-20.386],[-56.688,-20.391],[-56.692,-20.39],[-56.691,-20.398],[-56.694,-20.4],[-56.7,-20.396],[-56.701,-20.404],[-56.703,-20.405],[-56.71,-20.403],[-56.713,-20.408],[-56.717,-20.41],[-56.722,-20.408],[-56.722,-20.404],[-56.724,-20.401],[-56.732,-20.4],[-56.736,-20.405],[-56.742,-20.407],[-56.742,-20.404],[-56.745,-20.405],[-56.753,-20.402],[-56.754,-20.405],[-56.759,-20.408],[-56.762,-20.407],[-56.765,-20.41],[-56.768,-20.41],[-56.772,-20.414],[-56.776,-20.413],[-56.777,-20.417],[-56.782,-20.415],[-56.783,-20.411],[-56.787,-20.41],[-56.792,-20.405],[-56.794,-20.399],[-56.801,-20.394],[-56.806,-20.391],[-56.815,-20.391],[-56.819,-20.387],[-56.819,-20.38],[-56.82,-20.378],[-56.82,-20.372],[-56.827,-20.361],[-56.832,-20.362],[-56.833,-20.357],[-56.832,-20.35],[-56.829,-20.342],[-56.833,-20.336],[-56.833,-20.316],[-56.834,-20.313],[-56.831,-20.308],[-56.831,-20.303],[-56.828,-20.292],[-56.829,-20.286],[-56.826,-20.271],[-56.828,-20.269],[-56.836,-20.265],[-56.85,-20.268],[-56.855,-20.263],[-56.86,-20.26],[-56.868,-20.26],[-56.874,-20.257],[-56.878,-20.257],[-56.879,-20.254],[-56.887,-20.239],[-56.892,-20.237],[-56.9,-20.238],[-56.906,-20.236],[-56.908,-20.231],[-56.913,-20.224],[-56.917,-20.223],[-56.922,-20.218],[-56.927,-20.214],[-56.929,-20.208],[-56.928,-20.205],[-56.929,-20.2],[-56.936,-20.193],[-56.946,-20.189],[-56.947,-20.187],[-56.998,-20.189]]]}},{"type":"Feature","properties":{"c":"5005681"},"geometry":{"type":"Polygon","coordinates":[[[-54.084,-23.865],[-54.083,-23.867],[-54.079,-23.881],[-54.08,-23.891],[-54.087,-23.908],[-54.089,-23.915],[-54.093,-23.924],[-54.098,-23.944],[-54.102,-23.952],[-54.11,-23.961],[-54.118,-23.971],[-54.13,-23.982],[-54.14,-23.988],[-54.154,-23.992],[-54.164,-23.996],[-54.175,-24.002],[-54.217,-24.036],[-54.227,-24.043],[-54.24,-24.05],[-54.249,-24.056],[-54.26,-24.057],[-54.269,-24.059],[-54.277,-24.062],[-54.284,-24.068],[-54.289,-24.068],[-54.293,-24.061],[-54.298,-24.057],[-54.302,-24.055],[-54.304,-24.051],[-54.31,-24.046],[-54.314,-24.034],[-54.317,-24.032],[-54.318,-24.029],[-54.322,-24.025],[-54.321,-24.019],[-54.319,-24.012],[-54.32,-24.009],[-54.324,-24.004],[-54.328,-24.005],[-54.336,-24.006],[-54.338,-24.002],[-54.343,-24.003],[-54.346,-24.001],[-54.348,-24.005],[-54.352,-24.008],[-54.361,-24.001],[-54.365,-23.999],[-54.37,-23.992],[-54.374,-23.989],[-54.377,-23.991],[-54.381,-23.987],[-54.384,-23.987],[-54.387,-23.983],[-54.394,-23.965],[-54.401,-23.965],[-54.405,-23.962],[-54.411,-23.961],[-54.415,-23.958],[-54.414,-23.953],[-54.417,-23.946],[-54.422,-23.94],[-54.427,-23.931],[-54.417,-23.927],[-54.406,-23.925],[-54.397,-23.921],[-54.391,-23.914],[-54.382,-23.907],[-54.376,-23.907],[-54.373,-23.905],[-54.368,-23.907],[-54.362,-23.906],[-54.365,-23.898],[-54.369,-23.887],[-54.372,-23.885],[-54.393,-23.88],[-54.399,-23.88],[-54.402,-23.877],[-54.406,-23.86],[-54.412,-23.855],[-54.42,-23.852],[-54.419,-23.849],[-54.411,-23.841],[-54.407,-23.834],[-54.4,-23.829],[-54.396,-23.822],[-54.394,-23.817],[-54.39,-23.814],[-54.367,-23.817],[-54.361,-23.819],[-54.355,-23.825],[-54.351,-23.827],[-54.35,-23.83],[-54.347,-23.83],[-54.344,-23.826],[-54.34,-23.829],[-54.338,-23.834],[-54.335,-23.837],[-54.325,-23.84],[-54.32,-23.839],[-54.317,-23.834],[-54.314,-23.835],[-54.314,-23.839],[-54.309,-23.841],[-54.305,-23.837],[-54.301,-23.84],[-54.3,-23.847],[-54.295,-23.85],[-54.289,-23.85],[-54.288,-23.854],[-54.284,-23.857],[-54.279,-23.857],[-54.274,-23.861],[-54.27,-23.87],[-54.263,-23.878],[-54.26,-23.884],[-54.257,-23.885],[-54.253,-23.895],[-54.251,-23.896],[-54.246,-23.895],[-54.242,-23.898],[-54.239,-23.903],[-54.233,-23.905],[-54.231,-23.91],[-54.225,-23.909],[-54.229,-23.915],[-54.223,-23.916],[-54.221,-23.911],[-54.219,-23.917],[-54.215,-23.92],[-54.213,-23.918],[-54.215,-23.914],[-54.212,-23.912],[-54.21,-23.915],[-54.206,-23.915],[-54.21,-23.922],[-54.207,-23.924],[-54.198,-23.919],[-54.199,-23.915],[-54.197,-23.915],[-54.195,-23.918],[-54.195,-23.923],[-54.192,-23.923],[-54.193,-23.917],[-54.19,-23.915],[-54.185,-23.922],[-54.188,-23.923],[-54.189,-23.927],[-54.185,-23.928],[-54.18,-23.925],[-54.178,-23.928],[-54.169,-23.928],[-54.163,-23.924],[-54.157,-23.923],[-54.154,-23.926],[-54.143,-23.921],[-54.135,-23.913],[-54.124,-23.906],[-54.115,-23.904],[-54.104,-23.889],[-54.093,-23.871],[-54.086,-23.866],[-54.084,-23.865]]]}},{"type":"Feature","properties":{"c":"5005707"},"geometry":{"type":"Polygon","coordinates":[[[-54.335,-23.1],[-54.343,-23.1],[-54.346,-23.094],[-54.349,-23.093],[-54.352,-23.099],[-54.358,-23.1],[-54.36,-23.094],[-54.367,-23.092],[-54.378,-23.095],[-54.384,-23.092],[-54.388,-23.086],[-54.395,-23.089],[-54.405,-23.086],[-54.407,-23.089],[-54.412,-23.088],[-54.414,-23.083],[-54.42,-23.085],[-54.425,-23.084],[-54.423,-23.08],[-54.423,-23.069],[-54.425,-23.069],[-54.426,-23.075],[-54.429,-23.079],[-54.433,-23.077],[-54.432,-23.073],[-54.429,-23.072],[-54.427,-23.057],[-54.437,-23.059],[-54.44,-23.057],[-54.448,-23.059],[-54.453,-23.054],[-54.452,-23.052],[-54.448,-23.051],[-54.459,-23.046],[-54.462,-23.042],[-54.467,-23.041],[-54.464,-23.029],[-54.457,-23.015],[-54.454,-23.012],[-54.451,-23.006],[-54.448,-22.996],[-54.445,-22.989],[-54.444,-22.976],[-54.441,-22.97],[-54.432,-22.958],[-54.433,-22.952],[-54.431,-22.94],[-54.434,-22.935],[-54.433,-22.928],[-54.428,-22.924],[-54.43,-22.918],[-54.43,-22.913],[-54.431,-22.903],[-54.43,-22.89],[-54.431,-22.886],[-54.428,-22.882],[-54.429,-22.879],[-54.424,-22.875],[-54.423,-22.872],[-54.417,-22.867],[-54.419,-22.862],[-54.418,-22.853],[-54.419,-22.848],[-54.422,-22.841],[-54.428,-22.833],[-54.426,-22.822],[-54.174,-22.769],[-54.171,-22.765],[-54.167,-22.764],[-54.162,-22.764],[-54.149,-22.773],[-54.144,-22.777],[-54.141,-22.776],[-54.126,-22.775],[-54.122,-22.772],[-54.117,-22.77],[-54.109,-22.766],[-54.105,-22.761],[-54.098,-22.76],[-54.091,-22.758],[-54.09,-22.76],[-54.074,-22.766],[-54.073,-22.769],[-54.068,-22.771],[-54.062,-22.771],[-54.056,-22.776],[-54.049,-22.775],[-54.046,-22.778],[-54.025,-22.784],[-54.02,-22.788],[-54.007,-22.796],[-54.005,-22.798],[-54.004,-22.807],[-53.998,-22.812],[-53.995,-22.813],[-53.991,-22.818],[-53.984,-22.819],[-53.98,-22.825],[-53.98,-22.833],[-53.979,-22.835],[-53.967,-22.839],[-53.96,-22.844],[-53.949,-22.851],[-53.949,-22.855],[-53.941,-22.863],[-53.934,-22.864],[-53.927,-22.868],[-53.926,-22.87],[-53.92,-22.869],[-53.905,-22.873],[-53.902,-22.873],[-53.897,-22.875],[-53.89,-22.874],[-53.881,-22.876],[-53.87,-22.876],[-53.86,-22.88],[-53.853,-22.886],[-53.835,-22.893],[-53.833,-22.895],[-53.824,-22.899],[-53.812,-22.899],[-53.807,-22.898],[-53.803,-22.899],[-53.789,-22.899],[-53.784,-22.896],[-53.767,-22.902],[-53.765,-22.901],[-53.759,-22.903],[-53.753,-22.909],[-53.75,-22.914],[-53.751,-22.918],[-53.744,-22.927],[-53.74,-22.928],[-53.732,-22.934],[-53.725,-22.937],[-53.714,-22.935],[-53.707,-22.932],[-53.696,-22.935],[-53.694,-22.939],[-53.689,-22.94],[-53.679,-22.953],[-53.678,-22.958],[-53.673,-22.963],[-53.667,-22.962],[-53.664,-22.965],[-53.659,-22.966],[-53.66,-22.978],[-53.656,-22.981],[-53.65,-22.987],[-53.647,-22.989],[-53.646,-22.997],[-53.641,-23.004],[-53.634,-23.003],[-53.63,-23.014],[-53.631,-23.023],[-53.632,-23.052],[-53.633,-23.064],[-53.632,-23.07],[-53.634,-23.082],[-53.634,-23.093],[-53.636,-23.106],[-53.637,-23.125],[-53.639,-23.129],[-53.648,-23.137],[-53.655,-23.144],[-53.66,-23.154],[-53.659,-23.163],[-53.66,-23.166],[-53.666,-23.177],[-53.669,-23.184],[-53.673,-23.187],[-53.68,-23.195],[-53.686,-23.206],[-53.694,-23.221],[-53.699,-23.235],[-53.704,-23.252],[-53.706,-23.263],[-53.712,-23.277],[-53.72,-23.298],[-53.725,-23.31],[-53.734,-23.325],[-53.741,-23.336],[-53.748,-23.342],[-53.759,-23.354],[-53.766,-23.368],[-53.776,-23.375],[-53.79,-23.38],[-53.807,-23.383],[-53.816,-23.386],[-53.825,-23.391],[-53.829,-23.393],[-53.837,-23.398],[-53.856,-23.407],[-53.864,-23.412],[-53.877,-23.42],[-53.894,-23.426],[-53.908,-23.432],[-53.915,-23.437],[-53.925,-23.443],[-53.932,-23.446],[-53.941,-23.446],[-53.96,-23.443],[-53.947,-23.433],[-53.946,-23.429],[-53.937,-23.424],[-53.926,-23.414],[-53.913,-23.404],[-53.907,-23.398],[-53.9,-23.388],[-53.89,-23.375],[-53.882,-23.367],[-53.885,-23.361],[-53.883,-23.357],[-53.879,-23.358],[-53.875,-23.352],[-53.869,-23.353],[-53.868,-23.352],[-53.866,-23.347],[-53.857,-23.34],[-53.855,-23.344],[-53.852,-23.345],[-53.849,-23.343],[-53.852,-23.336],[-53.848,-23.33],[-53.844,-23.328],[-53.834,-23.333],[-53.83,-23.332],[-53.83,-23.327],[-53.836,-23.329],[-53.839,-23.328],[-53.841,-23.322],[-53.838,-23.321],[-53.842,-23.318],[-53.839,-23.316],[-53.835,-23.311],[-53.837,-23.309],[-53.835,-23.305],[-53.827,-23.306],[-53.829,-23.304],[-53.829,-23.295],[-53.826,-23.293],[-53.824,-23.29],[-53.833,-23.287],[-53.827,-23.285],[-53.828,-23.283],[-53.836,-23.278],[-53.833,-23.271],[-53.835,-23.26],[-53.838,-23.262],[-53.84,-23.259],[-53.847,-23.258],[-53.844,-23.255],[-53.846,-23.253],[-53.85,-23.254],[-53.849,-23.249],[-53.853,-23.243],[-53.848,-23.244],[-53.854,-23.236],[-53.858,-23.228],[-53.855,-23.224],[-53.855,-23.218],[-53.859,-23.213],[-53.863,-23.213],[-53.871,-23.203],[-53.876,-23.205],[-53.88,-23.202],[-53.884,-23.2],[-53.898,-23.198],[-53.899,-23.196],[-53.895,-23.194],[-53.892,-23.19],[-53.896,-23.188],[-53.899,-23.188],[-53.906,-23.193],[-53.91,-23.192],[-53.91,-23.188],[-53.907,-23.188],[-53.911,-23.185],[-53.92,-23.185],[-53.924,-23.186],[-53.929,-23.183],[-53.933,-23.185],[-53.934,-23.181],[-53.939,-23.183],[-53.942,-23.181],[-53.946,-23.177],[-53.945,-23.173],[-53.947,-23.169],[-53.952,-23.168],[-53.956,-23.169],[-53.965,-23.165],[-53.966,-23.161],[-53.969,-23.16],[-53.972,-23.164],[-53.984,-23.158],[-53.999,-23.156],[-54.001,-23.158],[-54.014,-23.153],[-54.018,-23.152],[-54.025,-23.15],[-54.03,-23.146],[-54.037,-23.146],[-54.046,-23.142],[-54.054,-23.141],[-54.057,-23.136],[-54.062,-23.138],[-54.065,-23.135],[-54.069,-23.136],[-54.076,-23.134],[-54.085,-23.134],[-54.084,-23.136],[-54.087,-23.141],[-54.092,-23.14],[-54.091,-23.148],[-54.097,-23.149],[-54.104,-23.152],[-54.104,-23.148],[-54.108,-23.148],[-54.117,-23.151],[-54.124,-23.156],[-54.122,-23.162],[-54.117,-23.16],[-54.12,-23.157],[-54.114,-23.156],[-54.111,-23.158],[-54.114,-23.162],[-54.116,-23.166],[-54.122,-23.167],[-54.125,-23.171],[-54.132,-23.173],[-54.136,-23.175],[-54.138,-23.171],[-54.145,-23.169],[-54.156,-23.171],[-54.158,-23.168],[-54.165,-23.166],[-54.17,-23.168],[-54.181,-23.168],[-54.18,-23.165],[-54.185,-23.162],[-54.181,-23.157],[-54.181,-23.15],[-54.179,-23.147],[-54.183,-23.136],[-54.188,-23.135],[-54.193,-23.132],[-54.199,-23.138],[-54.204,-23.139],[-54.204,-23.144],[-54.208,-23.143],[-54.209,-23.14],[-54.213,-23.142],[-54.218,-23.141],[-54.219,-23.146],[-54.225,-23.145],[-54.223,-23.141],[-54.223,-23.137],[-54.228,-23.13],[-54.232,-23.13],[-54.246,-23.128],[-54.254,-23.129],[-54.26,-23.131],[-54.265,-23.126],[-54.27,-23.124],[-54.283,-23.113],[-54.286,-23.109],[-54.285,-23.103],[-54.287,-23.102],[-54.295,-23.104],[-54.308,-23.102],[-54.312,-23.096],[-54.317,-23.092],[-54.322,-23.091],[-54.33,-23.095],[-54.33,-23.1],[-54.324,-23.099],[-54.325,-23.102],[-54.329,-23.103],[-54.335,-23.1]]]}},{"type":"Feature","properties":{"c":"5005806"},"geometry":{"type":"Polygon","coordinates":[[[-55.486,-21.022],[-55.497,-21.035],[-55.502,-21.04],[-55.5,-21.042],[-55.503,-21.044],[-55.499,-21.044],[-55.496,-21.049],[-55.489,-21.055],[-55.494,-21.059],[-55.492,-21.061],[-55.495,-21.068],[-55.494,-21.075],[-55.501,-21.077],[-55.505,-21.075],[-55.508,-21.08],[-55.504,-21.085],[-55.506,-21.088],[-55.513,-21.086],[-55.517,-21.083],[-55.52,-21.084],[-55.52,-21.09],[-55.525,-21.087],[-55.53,-21.091],[-55.53,-21.094],[-55.536,-21.098],[-55.533,-21.092],[-55.535,-21.091],[-55.534,-21.087],[-55.528,-21.081],[-55.532,-21.078],[-55.536,-21.074],[-55.54,-21.082],[-55.546,-21.082],[-55.547,-21.08],[-55.55,-21.084],[-55.554,-21.085],[-55.552,-21.092],[-55.557,-21.093],[-55.559,-21.091],[-55.564,-21.094],[-55.568,-21.094],[-55.564,-21.091],[-55.562,-21.088],[-55.563,-21.084],[-55.561,-21.084],[-55.558,-21.077],[-55.554,-21.079],[-55.554,-21.07],[-55.555,-21.068],[-55.55,-21.068],[-55.548,-21.071],[-55.543,-21.072],[-55.541,-21.067],[-55.547,-21.062],[-55.545,-21.058],[-55.54,-21.061],[-55.53,-21.062],[-55.526,-21.068],[-55.522,-21.069],[-55.523,-21.064],[-55.528,-21.062],[-55.533,-21.056],[-55.536,-21.051],[-55.54,-21.051],[-55.546,-21.046],[-55.553,-21.044],[-55.552,-21.048],[-55.556,-21.054],[-55.554,-21.056],[-55.549,-21.056],[-55.552,-21.059],[-55.55,-21.062],[-55.558,-21.063],[-55.564,-21.068],[-55.562,-21.07],[-55.562,-21.073],[-55.568,-21.073],[-55.568,-21.079],[-55.575,-21.079],[-55.578,-21.084],[-55.58,-21.085],[-55.58,-21.078],[-55.582,-21.077],[-55.587,-21.081],[-55.59,-21.081],[-55.586,-21.075],[-55.592,-21.074],[-55.592,-21.065],[-55.585,-21.063],[-55.581,-21.067],[-55.575,-21.063],[-55.576,-21.061],[-55.581,-21.061],[-55.58,-21.058],[-55.574,-21.055],[-55.582,-21.052],[-55.575,-21.05],[-55.578,-21.047],[-55.585,-21.05],[-55.583,-21.047],[-55.584,-21.042],[-55.589,-21.045],[-55.591,-21.049],[-55.586,-21.051],[-55.588,-21.057],[-55.591,-21.058],[-55.593,-21.065],[-55.601,-21.065],[-55.602,-21.064],[-55.605,-21.068],[-55.613,-21.068],[-55.616,-21.065],[-55.613,-21.063],[-55.614,-21.057],[-55.615,-21.058],[-55.618,-21.056],[-55.619,-21.058],[-55.617,-21.064],[-55.621,-21.062],[-55.624,-21.066],[-55.631,-21.065],[-55.625,-21.068],[-55.618,-21.066],[-55.615,-21.07],[-55.618,-21.071],[-55.617,-21.073],[-55.613,-21.072],[-55.614,-21.076],[-55.607,-21.08],[-55.605,-21.091],[-55.609,-21.086],[-55.613,-21.084],[-55.615,-21.09],[-55.618,-21.089],[-55.617,-21.083],[-55.622,-21.085],[-55.623,-21.08],[-55.628,-21.079],[-55.628,-21.076],[-55.635,-21.075],[-55.636,-21.077],[-55.629,-21.08],[-55.627,-21.083],[-55.627,-21.091],[-55.624,-21.094],[-55.628,-21.094],[-55.629,-21.098],[-55.633,-21.094],[-55.633,-21.091],[-55.641,-21.095],[-55.641,-21.088],[-55.644,-21.088],[-55.645,-21.085],[-55.647,-21.087],[-55.652,-21.085],[-55.654,-21.081],[-55.663,-21.085],[-55.666,-21.08],[-55.661,-21.074],[-55.667,-21.075],[-55.674,-21.079],[-55.671,-21.08],[-55.67,-21.084],[-55.662,-21.087],[-55.657,-21.085],[-55.654,-21.085],[-55.651,-21.09],[-55.644,-21.094],[-55.644,-21.099],[-55.635,-21.1],[-55.63,-21.106],[-55.635,-21.106],[-55.636,-21.109],[-55.639,-21.107],[-55.643,-21.112],[-55.649,-21.111],[-55.65,-21.118],[-55.645,-21.115],[-55.643,-21.115],[-55.643,-21.12],[-55.647,-21.124],[-55.645,-21.126],[-55.639,-21.116],[-55.635,-21.117],[-55.631,-21.112],[-55.629,-21.117],[-55.631,-21.12],[-55.626,-21.125],[-55.616,-21.125],[-55.625,-21.128],[-55.632,-21.128],[-55.633,-21.131],[-55.624,-21.132],[-55.631,-21.138],[-55.638,-21.14],[-55.637,-21.143],[-55.63,-21.14],[-55.623,-21.138],[-55.621,-21.139],[-55.614,-21.137],[-55.619,-21.145],[-55.624,-21.147],[-55.626,-21.149],[-55.62,-21.15],[-55.625,-21.156],[-55.62,-21.157],[-55.617,-21.155],[-55.616,-21.159],[-55.608,-21.157],[-55.608,-21.16],[-55.612,-21.164],[-55.607,-21.165],[-55.607,-21.168],[-55.602,-21.168],[-55.6,-21.166],[-55.597,-21.17],[-55.603,-21.17],[-55.607,-21.175],[-55.605,-21.179],[-55.608,-21.177],[-55.611,-21.181],[-55.61,-21.175],[-55.612,-21.172],[-55.616,-21.17],[-55.619,-21.166],[-55.624,-21.164],[-55.628,-21.164],[-55.633,-21.167],[-55.626,-21.165],[-55.619,-21.174],[-55.626,-21.17],[-55.629,-21.173],[-55.626,-21.178],[-55.63,-21.181],[-55.629,-21.183],[-55.622,-21.182],[-55.622,-21.184],[-55.627,-21.186],[-55.623,-21.188],[-55.626,-21.189],[-55.627,-21.194],[-55.631,-21.193],[-55.632,-21.19],[-55.638,-21.184],[-55.643,-21.183],[-55.64,-21.19],[-55.642,-21.191],[-55.649,-21.187],[-55.651,-21.183],[-55.656,-21.183],[-55.651,-21.185],[-55.65,-21.189],[-55.646,-21.191],[-55.646,-21.197],[-55.638,-21.197],[-55.634,-21.2],[-55.638,-21.203],[-55.637,-21.204],[-55.64,-21.207],[-55.641,-21.212],[-55.637,-21.217],[-55.634,-21.218],[-55.631,-21.221],[-55.628,-21.217],[-55.624,-21.217],[-55.625,-21.215],[-55.622,-21.212],[-55.619,-21.213],[-55.623,-21.215],[-55.622,-21.219],[-55.627,-21.221],[-55.631,-21.225],[-55.634,-21.227],[-55.632,-21.231],[-55.622,-21.23],[-55.621,-21.236],[-55.628,-21.232],[-55.629,-21.233],[-55.631,-21.24],[-55.631,-21.236],[-55.635,-21.23],[-55.638,-21.232],[-55.64,-21.226],[-55.637,-21.222],[-55.643,-21.224],[-55.644,-21.229],[-55.644,-21.235],[-55.647,-21.23],[-55.651,-21.23],[-55.649,-21.228],[-55.649,-21.222],[-55.653,-21.22],[-55.657,-21.225],[-55.661,-21.226],[-55.657,-21.219],[-55.657,-21.217],[-55.651,-21.21],[-55.652,-21.208],[-55.659,-21.209],[-55.664,-21.199],[-55.666,-21.198],[-55.668,-21.2],[-55.674,-21.2],[-55.674,-21.194],[-55.675,-21.191],[-55.678,-21.192],[-55.681,-21.197],[-55.687,-21.197],[-55.683,-21.199],[-55.677,-21.198],[-55.676,-21.204],[-55.67,-21.203],[-55.67,-21.206],[-55.664,-21.208],[-55.667,-21.213],[-55.671,-21.211],[-55.673,-21.215],[-55.671,-21.218],[-55.675,-21.219],[-55.678,-21.215],[-55.688,-21.213],[-55.69,-21.211],[-55.694,-21.212],[-55.693,-21.214],[-55.69,-21.213],[-55.686,-21.218],[-55.679,-21.219],[-55.685,-21.223],[-55.692,-21.224],[-55.69,-21.226],[-55.678,-21.227],[-55.676,-21.225],[-55.675,-21.229],[-55.679,-21.233],[-55.672,-21.236],[-55.671,-21.234],[-55.667,-21.237],[-55.67,-21.238],[-55.669,-21.242],[-55.672,-21.244],[-55.676,-21.244],[-55.677,-21.252],[-55.679,-21.245],[-55.68,-21.24],[-55.686,-21.24],[-55.688,-21.238],[-55.691,-21.239],[-55.688,-21.245],[-55.692,-21.243],[-55.697,-21.245],[-55.695,-21.249],[-55.7,-21.249],[-55.704,-21.252],[-55.708,-21.253],[-55.713,-21.257],[-55.709,-21.257],[-55.706,-21.254],[-55.7,-21.256],[-55.696,-21.252],[-55.694,-21.256],[-55.688,-21.253],[-55.693,-21.26],[-55.693,-21.263],[-55.696,-21.262],[-55.698,-21.265],[-55.702,-21.265],[-55.703,-21.268],[-55.697,-21.275],[-55.693,-21.271],[-55.692,-21.275],[-55.689,-21.271],[-55.691,-21.267],[-55.689,-21.264],[-55.685,-21.266],[-55.684,-21.261],[-55.681,-21.261],[-55.68,-21.264],[-55.684,-21.27],[-55.683,-21.272],[-55.677,-21.271],[-55.67,-21.263],[-55.668,-21.267],[-55.663,-21.266],[-55.661,-21.269],[-55.67,-21.268],[-55.67,-21.272],[-55.667,-21.272],[-55.676,-21.279],[-55.683,-21.281],[-55.677,-21.283],[-55.674,-21.285],[-55.671,-21.283],[-55.667,-21.288],[-55.665,-21.285],[-55.664,-21.288],[-55.667,-21.29],[-55.667,-21.293],[-55.67,-21.295],[-55.666,-21.295],[-55.669,-21.3],[-55.674,-21.3],[-55.677,-21.296],[-55.683,-21.3],[-55.686,-21.291],[-55.691,-21.294],[-55.694,-21.291],[-55.695,-21.297],[-55.7,-21.297],[-55.7,-21.294],[-55.707,-21.3],[-55.709,-21.299],[-55.712,-21.304],[-55.706,-21.303],[-55.701,-21.298],[-55.694,-21.3],[-55.69,-21.298],[-55.686,-21.301],[-55.678,-21.3],[-55.675,-21.305],[-55.671,-21.306],[-55.679,-21.31],[-55.677,-21.312],[-55.67,-21.314],[-55.671,-21.316],[-55.682,-21.316],[-55.683,-21.309],[-55.691,-21.315],[-55.698,-21.316],[-55.692,-21.317],[-55.688,-21.316],[-55.684,-21.317],[-55.688,-21.323],[-55.696,-21.326],[-55.702,-21.331],[-55.699,-21.332],[-55.696,-21.328],[-55.692,-21.329],[-55.69,-21.327],[-55.685,-21.325],[-55.68,-21.327],[-55.678,-21.325],[-55.675,-21.329],[-55.682,-21.333],[-55.682,-21.335],[-55.686,-21.335],[-55.685,-21.339],[-55.69,-21.338],[-55.69,-21.343],[-55.695,-21.342],[-55.698,-21.346],[-55.701,-21.344],[-55.702,-21.348],[-55.699,-21.349],[-55.693,-21.346],[-55.691,-21.352],[-55.696,-21.358],[-55.693,-21.362],[-55.695,-21.366],[-55.689,-21.367],[-55.691,-21.358],[-55.687,-21.358],[-55.686,-21.347],[-55.683,-21.349],[-55.681,-21.346],[-55.681,-21.343],[-55.678,-21.342],[-55.678,-21.344],[-55.671,-21.342],[-55.672,-21.339],[-55.67,-21.335],[-55.665,-21.339],[-55.663,-21.339],[-55.662,-21.334],[-55.66,-21.337],[-55.658,-21.336],[-55.66,-21.341],[-55.655,-21.342],[-55.652,-21.34],[-55.653,-21.345],[-55.663,-21.346],[-55.665,-21.344],[-55.67,-21.349],[-55.667,-21.353],[-55.661,-21.354],[-55.667,-21.356],[-55.673,-21.353],[-55.678,-21.363],[-55.675,-21.365],[-55.675,-21.369],[-55.665,-21.365],[-55.658,-21.366],[-55.664,-21.372],[-55.67,-21.374],[-55.672,-21.38],[-55.677,-21.376],[-55.68,-21.381],[-55.684,-21.376],[-55.689,-21.375],[-55.693,-21.38],[-55.696,-21.378],[-55.705,-21.378],[-55.702,-21.384],[-55.703,-21.389],[-55.7,-21.39],[-55.699,-21.385],[-55.697,-21.389],[-55.691,-21.384],[-55.687,-21.386],[-55.685,-21.389],[-55.684,-21.382],[-55.674,-21.382],[-55.671,-21.388],[-55.666,-21.382],[-55.667,-21.378],[-55.661,-21.375],[-55.658,-21.377],[-55.654,-21.372],[-55.651,-21.372],[-55.648,-21.369],[-55.647,-21.371],[-55.652,-21.375],[-55.651,-21.378],[-55.64,-21.382],[-55.638,-21.376],[-55.636,-21.376],[-55.634,-21.379],[-55.636,-21.384],[-55.641,-21.385],[-55.641,-21.391],[-55.649,-21.384],[-55.649,-21.389],[-55.653,-21.388],[-55.656,-21.382],[-55.66,-21.38],[-55.658,-21.385],[-55.66,-21.388],[-55.661,-21.395],[-55.664,-21.4],[-55.662,-21.402],[-55.658,-21.397],[-55.652,-21.395],[-55.654,-21.401],[-55.649,-21.403],[-55.645,-21.401],[-55.643,-21.402],[-55.634,-21.402],[-55.645,-21.406],[-55.644,-21.412],[-55.642,-21.414],[-55.638,-21.414],[-55.635,-21.416],[-55.63,-21.414],[-55.636,-21.418],[-55.635,-21.422],[-55.629,-21.422],[-55.634,-21.426],[-55.637,-21.426],[-55.637,-21.422],[-55.639,-21.419],[-55.642,-21.423],[-55.643,-21.419],[-55.648,-21.418],[-55.65,-21.415],[-55.653,-21.416],[-55.654,-21.421],[-55.656,-21.418],[-55.663,-21.42],[-55.661,-21.416],[-55.656,-21.415],[-55.655,-21.411],[-55.658,-21.409],[-55.668,-21.41],[-55.67,-21.407],[-55.673,-21.407],[-55.679,-21.4],[-55.675,-21.394],[-55.686,-21.402],[-55.69,-21.397],[-55.692,-21.397],[-55.69,-21.406],[-55.683,-21.404],[-55.682,-21.407],[-55.677,-21.406],[-55.674,-21.409],[-55.673,-21.412],[-55.67,-21.414],[-55.672,-21.424],[-55.674,-21.423],[-55.679,-21.424],[-55.683,-21.429],[-55.678,-21.431],[-55.678,-21.434],[-55.672,-21.443],[-55.665,-21.444],[-55.665,-21.451],[-55.661,-21.449],[-55.659,-21.452],[-55.655,-21.454],[-55.66,-21.456],[-55.658,-21.459],[-55.652,-21.459],[-55.655,-21.462],[-55.651,-21.467],[-55.653,-21.467],[-55.664,-21.468],[-55.663,-21.473],[-55.657,-21.475],[-55.661,-21.476],[-55.656,-21.479],[-55.655,-21.483],[-55.659,-21.481],[-55.664,-21.486],[-55.662,-21.489],[-55.663,-21.492],[-55.669,-21.488],[-55.667,-21.483],[-55.672,-21.478],[-55.673,-21.473],[-55.675,-21.477],[-55.676,-21.487],[-55.677,-21.489],[-55.679,-21.484],[-55.683,-21.483],[-55.679,-21.476],[-55.679,-21.471],[-55.682,-21.472],[-55.679,-21.467],[-55.679,-21.46],[-55.682,-21.464],[-55.686,-21.465],[-55.687,-21.47],[-55.689,-21.465],[-55.693,-21.467],[-55.692,-21.46],[-55.689,-21.456],[-55.69,-21.453],[-55.688,-21.451],[-55.69,-21.448],[-55.695,-21.445],[-55.695,-21.448],[-55.693,-21.45],[-55.694,-21.454],[-55.692,-21.457],[-55.696,-21.461],[-55.699,-21.461],[-55.696,-21.468],[-55.697,-21.474],[-55.698,-21.468],[-55.7,-21.465],[-55.705,-21.465],[-55.703,-21.462],[-55.706,-21.462],[-55.703,-21.459],[-55.704,-21.456],[-55.703,-21.448],[-55.707,-21.447],[-55.705,-21.443],[-55.706,-21.44],[-55.702,-21.435],[-55.702,-21.433],[-55.712,-21.436],[-55.705,-21.429],[-55.705,-21.425],[-55.701,-21.425],[-55.703,-21.421],[-55.706,-21.422],[-55.709,-21.419],[-55.707,-21.417],[-55.712,-21.418],[-55.71,-21.42],[-55.711,-21.424],[-55.716,-21.425],[-55.716,-21.433],[-55.714,-21.438],[-55.718,-21.444],[-55.719,-21.437],[-55.722,-21.436],[-55.724,-21.426],[-55.729,-21.429],[-55.732,-21.425],[-55.732,-21.421],[-55.735,-21.418],[-55.734,-21.414],[-55.73,-21.415],[-55.73,-21.411],[-55.725,-21.407],[-55.723,-21.403],[-55.726,-21.4],[-55.73,-21.405],[-55.735,-21.404],[-55.733,-21.397],[-55.729,-21.395],[-55.736,-21.385],[-55.741,-21.384],[-55.741,-21.39],[-55.737,-21.397],[-55.743,-21.398],[-55.744,-21.406],[-55.749,-21.401],[-55.747,-21.409],[-55.742,-21.413],[-55.749,-21.414],[-55.749,-21.419],[-55.743,-21.416],[-55.74,-21.425],[-55.734,-21.428],[-55.735,-21.429],[-55.744,-21.428],[-55.746,-21.429],[-55.744,-21.434],[-55.735,-21.43],[-55.73,-21.435],[-55.735,-21.436],[-55.732,-21.442],[-55.725,-21.442],[-55.725,-21.446],[-55.727,-21.446],[-55.732,-21.45],[-55.731,-21.46],[-55.732,-21.463],[-55.742,-21.464],[-55.738,-21.46],[-55.739,-21.456],[-55.741,-21.455],[-55.74,-21.451],[-55.746,-21.451],[-55.743,-21.444],[-55.747,-21.444],[-55.747,-21.449],[-55.75,-21.452],[-55.752,-21.46],[-55.754,-21.46],[-55.754,-21.464],[-55.758,-21.462],[-55.755,-21.454],[-55.76,-21.453],[-55.758,-21.45],[-55.762,-21.443],[-55.765,-21.445],[-55.767,-21.442],[-55.758,-21.437],[-55.754,-21.437],[-55.756,-21.428],[-55.759,-21.432],[-55.762,-21.431],[-55.766,-21.439],[-55.771,-21.441],[-55.773,-21.438],[-55.779,-21.438],[-55.774,-21.432],[-55.771,-21.427],[-55.778,-21.432],[-55.783,-21.432],[-55.783,-21.426],[-55.788,-21.424],[-55.784,-21.423],[-55.782,-21.419],[-55.784,-21.411],[-55.787,-21.409],[-55.79,-21.411],[-55.793,-21.422],[-55.801,-21.425],[-55.801,-21.422],[-55.811,-21.424],[-55.808,-21.427],[-55.805,-21.425],[-55.802,-21.428],[-55.803,-21.433],[-55.8,-21.43],[-55.801,-21.435],[-55.794,-21.433],[-55.796,-21.438],[-55.794,-21.44],[-55.788,-21.438],[-55.79,-21.442],[-55.782,-21.446],[-55.775,-21.446],[-55.771,-21.45],[-55.775,-21.449],[-55.78,-21.452],[-55.779,-21.459],[-55.781,-21.456],[-55.784,-21.458],[-55.788,-21.455],[-55.793,-21.455],[-55.791,-21.459],[-55.793,-21.461],[-55.792,-21.466],[-55.795,-21.462],[-55.792,-21.458],[-55.798,-21.456],[-55.798,-21.453],[-55.803,-21.454],[-55.805,-21.458],[-55.809,-21.456],[-55.809,-21.45],[-55.815,-21.451],[-55.816,-21.447],[-55.812,-21.444],[-55.814,-21.443],[-55.818,-21.444],[-55.824,-21.447],[-55.828,-21.446],[-55.827,-21.452],[-55.82,-21.449],[-55.819,-21.451],[-55.819,-21.458],[-55.823,-21.458],[-55.823,-21.461],[-55.83,-21.461],[-55.829,-21.464],[-55.834,-21.466],[-55.828,-21.47],[-55.828,-21.476],[-55.824,-21.475],[-55.823,-21.482],[-55.827,-21.484],[-55.827,-21.481],[-55.831,-21.48],[-55.837,-21.475],[-55.838,-21.48],[-55.836,-21.483],[-55.837,-21.486],[-55.841,-21.49],[-55.843,-21.489],[-55.848,-21.481],[-55.857,-21.477],[-55.861,-21.468],[-55.864,-21.464],[-55.866,-21.459],[-55.875,-21.455],[-55.879,-21.449],[-55.899,-21.448],[-55.911,-21.445],[-55.921,-21.437],[-55.922,-21.431],[-55.921,-21.418],[-55.926,-21.412],[-55.93,-21.409],[-55.949,-21.407],[-55.962,-21.402],[-55.969,-21.397],[-55.98,-21.386],[-55.992,-21.379],[-56.003,-21.373],[-56.008,-21.367],[-56.016,-21.36],[-56.024,-21.358],[-56.037,-21.354],[-56.046,-21.348],[-56.051,-21.346],[-56.057,-21.346],[-56.063,-21.348],[-56.079,-21.35],[-56.084,-21.35],[-56.094,-21.351],[-56.102,-21.349],[-56.107,-21.35],[-56.118,-21.349],[-56.121,-21.347],[-56.134,-21.342],[-56.142,-21.342],[-56.145,-21.337],[-56.153,-21.334],[-56.157,-21.33],[-56.164,-21.326],[-56.17,-21.32],[-56.172,-21.316],[-56.176,-21.315],[-56.178,-21.316],[-56.187,-21.313],[-56.191,-21.308],[-56.194,-21.298],[-56.196,-21.295],[-56.197,-21.291],[-56.2,-21.282],[-56.196,-21.279],[-56.202,-21.273],[-56.205,-21.267],[-56.203,-21.263],[-56.208,-21.261],[-56.212,-21.263],[-56.215,-21.262],[-56.219,-21.251],[-56.216,-21.246],[-56.207,-21.242],[-56.207,-21.236],[-56.212,-21.236],[-56.215,-21.233],[-56.216,-21.228],[-56.218,-21.227],[-56.225,-21.228],[-56.227,-21.225],[-56.228,-21.221],[-56.224,-21.215],[-56.228,-21.205],[-56.221,-21.206],[-56.212,-21.211],[-56.201,-21.206],[-56.195,-21.201],[-56.188,-21.201],[-56.185,-21.198],[-56.189,-21.196],[-56.191,-21.191],[-56.196,-21.189],[-56.2,-21.185],[-56.21,-21.182],[-56.212,-21.186],[-56.219,-21.185],[-56.221,-21.182],[-56.216,-21.177],[-56.214,-21.169],[-56.217,-21.16],[-56.215,-21.159],[-56.216,-21.144],[-56.219,-21.141],[-56.223,-21.14],[-56.225,-21.136],[-56.223,-21.131],[-56.223,-21.118],[-56.226,-21.114],[-56.223,-21.111],[-56.229,-21.109],[-56.232,-21.106],[-56.231,-21.102],[-56.226,-21.096],[-56.222,-21.094],[-56.218,-21.088],[-56.217,-21.082],[-56.215,-21.079],[-56.208,-21.08],[-56.203,-21.079],[-56.193,-21.084],[-56.188,-21.084],[-56.184,-21.081],[-56.186,-21.076],[-56.182,-21.072],[-56.177,-21.071],[-56.181,-21.064],[-56.187,-21.062],[-56.187,-21.054],[-56.184,-21.046],[-56.187,-21.042],[-56.197,-21.034],[-56.198,-21.031],[-56.204,-21.031],[-56.207,-21.033],[-56.207,-21.029],[-56.212,-21.031],[-56.209,-21.025],[-56.203,-21.024],[-56.203,-21.02],[-56.198,-21.02],[-56.199,-21.015],[-56.202,-21.017],[-56.202,-21.01],[-56.208,-21.011],[-56.208,-21.003],[-56.213,-20.997],[-56.212,-20.993],[-56.205,-20.987],[-56.201,-20.983],[-56.201,-20.98],[-56.196,-20.979],[-56.194,-20.976],[-56.187,-20.975],[-56.186,-20.97],[-56.181,-20.966],[-56.187,-20.963],[-56.19,-20.958],[-56.193,-20.958],[-56.198,-20.967],[-56.2,-20.961],[-56.197,-20.957],[-56.201,-20.95],[-56.196,-20.941],[-56.196,-20.936],[-56.191,-20.934],[-56.186,-20.936],[-56.185,-20.945],[-56.183,-20.948],[-56.179,-20.949],[-56.175,-20.947],[-56.175,-20.951],[-56.17,-20.95],[-56.167,-20.947],[-56.165,-20.951],[-56.159,-20.949],[-56.161,-20.945],[-56.168,-20.941],[-56.168,-20.939],[-56.175,-20.929],[-56.173,-20.924],[-56.175,-20.921],[-56.178,-20.922],[-56.18,-20.92],[-56.178,-20.912],[-56.18,-20.913],[-56.183,-20.907],[-56.189,-20.905],[-56.19,-20.903],[-56.186,-20.899],[-56.177,-20.898],[-56.172,-20.895],[-56.171,-20.889],[-56.167,-20.889],[-56.158,-20.889],[-56.151,-20.892],[-56.147,-20.891],[-56.146,-20.883],[-56.151,-20.883],[-56.157,-20.885],[-56.157,-20.88],[-56.154,-20.878],[-56.151,-20.871],[-56.155,-20.87],[-56.157,-20.867],[-56.162,-20.865],[-56.161,-20.86],[-56.163,-20.855],[-56.163,-20.847],[-56.161,-20.837],[-56.155,-20.835],[-56.144,-20.843],[-56.139,-20.848],[-56.135,-20.851],[-56.129,-20.851],[-56.13,-20.862],[-56.127,-20.863],[-56.12,-20.859],[-56.114,-20.859],[-56.112,-20.867],[-56.106,-20.873],[-56.101,-20.873],[-56.1,-20.869],[-56.1,-20.861],[-56.097,-20.856],[-56.103,-20.853],[-56.117,-20.847],[-56.123,-20.839],[-56.122,-20.833],[-56.124,-20.831],[-56.124,-20.824],[-56.118,-20.821],[-56.11,-20.82],[-56.109,-20.817],[-56.111,-20.814],[-56.116,-20.811],[-56.117,-20.807],[-56.126,-20.798],[-56.124,-20.794],[-56.126,-20.792],[-56.131,-20.795],[-56.133,-20.795],[-56.137,-20.79],[-56.136,-20.788],[-56.13,-20.785],[-56.128,-20.778],[-56.116,-20.771],[-56.108,-20.771],[-56.105,-20.773],[-56.102,-20.777],[-56.092,-20.781],[-56.086,-20.777],[-56.084,-20.772],[-56.085,-20.766],[-56.082,-20.763],[-56.082,-20.766],[-56.08,-20.764],[-56.074,-20.763],[-56.074,-20.768],[-56.071,-20.766],[-56.069,-20.769],[-56.066,-20.767],[-56.063,-20.768],[-56.058,-20.765],[-56.056,-20.761],[-56.054,-20.764],[-56.04,-20.766],[-56.037,-20.769],[-56.039,-20.772],[-56.034,-20.775],[-56.037,-20.777],[-56.036,-20.781],[-56.03,-20.782],[-56.03,-20.786],[-56.024,-20.784],[-56.025,-20.781],[-56.022,-20.779],[-56.025,-20.774],[-56.022,-20.773],[-56.019,-20.777],[-56.015,-20.778],[-56.013,-20.775],[-56.007,-20.776],[-56.006,-20.78],[-56.012,-20.786],[-56.009,-20.794],[-56.002,-20.791],[-56.003,-20.796],[-56.009,-20.802],[-56.005,-20.803],[-56.001,-20.806],[-55.996,-20.807],[-55.992,-20.811],[-55.968,-20.82],[-55.965,-20.82],[-55.957,-20.817],[-55.948,-20.817],[-55.938,-20.822],[-55.925,-20.812],[-55.916,-20.808],[-55.911,-20.807],[-55.901,-20.804],[-55.891,-20.807],[-55.885,-20.803],[-55.883,-20.796],[-55.877,-20.79],[-55.871,-20.787],[-55.87,-20.784],[-55.872,-20.779],[-55.869,-20.773],[-55.866,-20.772],[-55.862,-20.767],[-55.855,-20.768],[-55.845,-20.754],[-55.843,-20.739],[-55.846,-20.733],[-55.794,-20.748],[-55.788,-20.747],[-55.783,-20.755],[-55.782,-20.762],[-55.776,-20.764],[-55.775,-20.762],[-55.771,-20.764],[-55.765,-20.757],[-55.758,-20.757],[-55.756,-20.755],[-55.753,-20.755],[-55.748,-20.759],[-55.749,-20.763],[-55.745,-20.762],[-55.74,-20.763],[-55.737,-20.772],[-55.738,-20.775],[-55.734,-20.775],[-55.733,-20.777],[-55.73,-20.776],[-55.727,-20.788],[-55.728,-20.791],[-55.723,-20.793],[-55.724,-20.795],[-55.721,-20.8],[-55.725,-20.808],[-55.72,-20.818],[-55.724,-20.82],[-55.726,-20.825],[-55.721,-20.827],[-55.718,-20.829],[-55.714,-20.829],[-55.709,-20.832],[-55.706,-20.84],[-55.711,-20.846],[-55.708,-20.845],[-55.708,-20.852],[-55.699,-20.863],[-55.693,-20.874],[-55.696,-20.876],[-55.692,-20.88],[-55.693,-20.882],[-55.689,-20.887],[-55.692,-20.89],[-55.689,-20.891],[-55.689,-20.896],[-55.687,-20.899],[-55.689,-20.905],[-55.688,-20.907],[-55.689,-20.912],[-55.687,-20.918],[-55.68,-20.92],[-55.673,-20.928],[-55.667,-20.929],[-55.663,-20.933],[-55.66,-20.937],[-55.656,-20.936],[-55.651,-20.937],[-55.648,-20.945],[-55.639,-20.949],[-55.636,-20.953],[-55.633,-20.959],[-55.628,-20.965],[-55.627,-20.969],[-55.621,-20.975],[-55.611,-20.979],[-55.608,-20.977],[-55.602,-20.985],[-55.599,-20.984],[-55.597,-20.987],[-55.592,-20.986],[-55.591,-20.991],[-55.585,-20.997],[-55.581,-20.997],[-55.579,-20.992],[-55.572,-20.994],[-55.569,-20.991],[-55.567,-20.995],[-55.562,-20.996],[-55.557,-20.991],[-55.548,-20.992],[-55.543,-20.994],[-55.538,-20.992],[-55.534,-20.995],[-55.531,-20.993],[-55.517,-20.994],[-55.51,-20.997],[-55.509,-21.003],[-55.501,-21.009],[-55.493,-21.017],[-55.486,-21.022]]]}},{"type":"Feature","properties":{"c":"5006002"},"geometry":{"type":"Polygon","coordinates":[[[-54.701,-21.355],[-54.699,-21.351],[-54.693,-21.348],[-54.689,-21.35],[-54.686,-21.346],[-54.681,-21.345],[-54.679,-21.335],[-54.676,-21.329],[-54.676,-21.322],[-54.679,-21.315],[-54.678,-21.31],[-54.672,-21.304],[-54.667,-21.305],[-54.661,-21.303],[-54.657,-21.304],[-54.649,-21.302],[-54.644,-21.303],[-54.638,-21.295],[-54.631,-21.292],[-54.62,-21.281],[-54.605,-21.269],[-54.598,-21.262],[-54.588,-21.262],[-54.583,-21.26],[-54.582,-21.257],[-54.574,-21.25],[-54.573,-21.244],[-54.574,-21.239],[-54.53,-21.213],[-54.516,-21.209],[-54.524,-21.19],[-54.53,-21.185],[-54.531,-21.183],[-54.539,-21.177],[-54.551,-21.163],[-54.556,-21.156],[-54.559,-21.148],[-54.536,-21.137],[-54.529,-21.134],[-54.524,-21.128],[-54.52,-21.127],[-54.515,-21.128],[-54.505,-21.128],[-54.502,-21.131],[-54.493,-21.126],[-54.487,-21.126],[-54.482,-21.123],[-54.49,-21.087],[-54.497,-21.062],[-54.509,-21.01],[-54.507,-20.994],[-54.498,-20.994],[-54.492,-21.004],[-54.487,-21.003],[-54.486,-21.005],[-54.48,-21.006],[-54.471,-21.01],[-54.463,-21.009],[-54.461,-21.017],[-54.458,-21.015],[-54.453,-21.018],[-54.453,-21.023],[-54.45,-21.024],[-54.445,-21.023],[-54.437,-21.024],[-54.433,-21.022],[-54.429,-21.023],[-54.425,-21.028],[-54.431,-21.034],[-54.425,-21.036],[-54.421,-21.036],[-54.422,-21.038],[-54.413,-21.039],[-54.408,-21.042],[-54.413,-21.047],[-54.418,-21.05],[-54.416,-21.053],[-54.41,-21.051],[-54.404,-21.056],[-54.404,-21.059],[-54.399,-21.062],[-54.395,-21.06],[-54.393,-21.062],[-54.396,-21.065],[-54.394,-21.07],[-54.389,-21.071],[-54.392,-21.075],[-54.392,-21.082],[-54.388,-21.085],[-54.388,-21.089],[-54.383,-21.089],[-54.382,-21.1],[-54.378,-21.102],[-54.377,-21.106],[-54.371,-21.106],[-54.37,-21.102],[-54.359,-21.104],[-54.355,-21.102],[-54.353,-21.106],[-54.348,-21.107],[-54.347,-21.103],[-54.341,-21.108],[-54.345,-21.109],[-54.344,-21.115],[-54.341,-21.116],[-54.337,-21.121],[-54.331,-21.115],[-54.328,-21.117],[-54.324,-21.126],[-54.317,-21.132],[-54.311,-21.129],[-54.307,-21.132],[-54.305,-21.135],[-54.301,-21.135],[-54.299,-21.139],[-54.295,-21.139],[-54.292,-21.141],[-54.294,-21.149],[-54.298,-21.153],[-54.298,-21.155],[-54.291,-21.157],[-54.298,-21.164],[-54.301,-21.16],[-54.305,-21.161],[-54.306,-21.166],[-54.296,-21.174],[-54.288,-21.173],[-54.284,-21.177],[-54.279,-21.175],[-54.275,-21.179],[-54.272,-21.183],[-54.267,-21.184],[-54.272,-21.188],[-54.272,-21.192],[-54.274,-21.196],[-54.271,-21.198],[-54.268,-21.203],[-54.263,-21.202],[-54.26,-21.205],[-54.26,-21.21],[-54.262,-21.214],[-54.261,-21.222],[-54.267,-21.228],[-54.266,-21.235],[-54.273,-21.236],[-54.273,-21.238],[-54.264,-21.244],[-54.262,-21.241],[-54.262,-21.237],[-54.259,-21.236],[-54.257,-21.243],[-54.251,-21.245],[-54.25,-21.249],[-54.254,-21.254],[-54.253,-21.256],[-54.249,-21.258],[-54.247,-21.256],[-54.238,-21.26],[-54.233,-21.263],[-54.23,-21.256],[-54.228,-21.255],[-54.223,-21.262],[-54.226,-21.273],[-54.234,-21.271],[-54.234,-21.267],[-54.238,-21.269],[-54.239,-21.272],[-54.237,-21.281],[-54.233,-21.285],[-54.235,-21.29],[-54.234,-21.292],[-54.229,-21.291],[-54.221,-21.286],[-54.216,-21.286],[-54.215,-21.29],[-54.221,-21.296],[-54.221,-21.298],[-54.212,-21.299],[-54.209,-21.3],[-54.207,-21.298],[-54.201,-21.299],[-54.206,-21.305],[-54.207,-21.311],[-54.209,-21.314],[-54.207,-21.316],[-54.203,-21.315],[-54.204,-21.319],[-54.202,-21.326],[-54.199,-21.335],[-54.195,-21.34],[-54.186,-21.34],[-54.188,-21.346],[-54.182,-21.344],[-54.18,-21.348],[-54.172,-21.349],[-54.17,-21.352],[-54.172,-21.355],[-54.169,-21.356],[-54.162,-21.363],[-54.157,-21.365],[-54.15,-21.372],[-54.148,-21.374],[-54.147,-21.379],[-54.142,-21.386],[-54.129,-21.397],[-54.131,-21.401],[-54.126,-21.405],[-54.122,-21.405],[-54.121,-21.407],[-54.117,-21.404],[-54.111,-21.407],[-54.107,-21.408],[-54.111,-21.415],[-54.109,-21.418],[-54.103,-21.418],[-54.102,-21.42],[-54.103,-21.424],[-54.106,-21.426],[-54.105,-21.429],[-54.101,-21.433],[-54.101,-21.439],[-54.095,-21.438],[-54.088,-21.441],[-54.083,-21.444],[-54.086,-21.45],[-54.082,-21.454],[-54.076,-21.45],[-54.07,-21.454],[-54.067,-21.454],[-54.063,-21.46],[-54.066,-21.468],[-54.061,-21.469],[-54.055,-21.466],[-54.052,-21.469],[-54.046,-21.468],[-54.044,-21.475],[-54.04,-21.474],[-54.037,-21.477],[-54.038,-21.48],[-54.036,-21.486],[-54.024,-21.489],[-54.024,-21.492],[-54.018,-21.497],[-54.013,-21.502],[-54.01,-21.501],[-54.01,-21.495],[-54.007,-21.503],[-54.01,-21.506],[-54.011,-21.509],[-54.006,-21.513],[-53.998,-21.512],[-53.994,-21.515],[-53.993,-21.52],[-53.989,-21.52],[-53.985,-21.524],[-53.983,-21.53],[-53.983,-21.533],[-53.98,-21.538],[-53.973,-21.538],[-53.973,-21.534],[-53.965,-21.533],[-53.962,-21.541],[-53.96,-21.542],[-53.954,-21.539],[-53.951,-21.543],[-53.94,-21.546],[-53.936,-21.541],[-53.926,-21.542],[-53.923,-21.541],[-53.92,-21.545],[-53.915,-21.546],[-53.909,-21.55],[-53.905,-21.548],[-53.9,-21.55],[-53.892,-21.556],[-53.886,-21.555],[-53.883,-21.558],[-53.882,-21.561],[-53.875,-21.559],[-53.874,-21.56],[-53.876,-21.564],[-53.87,-21.564],[-53.867,-21.561],[-53.859,-21.564],[-53.853,-21.564],[-53.848,-21.567],[-53.846,-21.563],[-53.84,-21.561],[-53.839,-21.555],[-53.837,-21.553],[-53.832,-21.558],[-53.827,-21.557],[-53.824,-21.549],[-53.827,-21.546],[-53.824,-21.545],[-53.82,-21.545],[-53.823,-21.547],[-53.818,-21.548],[-53.814,-21.552],[-53.813,-21.559],[-53.807,-21.56],[-53.805,-21.563],[-53.799,-21.564],[-53.796,-21.568],[-53.794,-21.567],[-53.784,-21.569],[-53.784,-21.565],[-53.779,-21.567],[-53.773,-21.568],[-53.771,-21.566],[-53.773,-21.56],[-53.77,-21.558],[-53.766,-21.56],[-53.77,-21.563],[-53.767,-21.566],[-53.77,-21.567],[-53.769,-21.57],[-53.763,-21.573],[-53.764,-21.577],[-53.761,-21.58],[-53.758,-21.578],[-53.758,-21.571],[-53.746,-21.57],[-53.744,-21.568],[-53.74,-21.569],[-53.738,-21.574],[-53.745,-21.579],[-53.741,-21.584],[-53.736,-21.585],[-53.736,-21.581],[-53.729,-21.579],[-53.723,-21.578],[-53.72,-21.581],[-53.718,-21.577],[-53.72,-21.574],[-53.726,-21.574],[-53.725,-21.57],[-53.717,-21.571],[-53.705,-21.566],[-53.702,-21.568],[-53.7,-21.572],[-53.702,-21.577],[-53.699,-21.58],[-53.699,-21.575],[-53.695,-21.575],[-53.699,-21.569],[-53.7,-21.564],[-53.696,-21.557],[-53.689,-21.556],[-53.684,-21.555],[-53.675,-21.552],[-53.669,-21.553],[-53.668,-21.555],[-53.671,-21.556],[-53.675,-21.555],[-53.674,-21.558],[-53.67,-21.56],[-53.665,-21.558],[-53.659,-21.558],[-53.652,-21.565],[-53.645,-21.561],[-53.641,-21.564],[-53.644,-21.566],[-53.642,-21.578],[-53.639,-21.58],[-53.628,-21.575],[-53.629,-21.571],[-53.627,-21.57],[-53.625,-21.573],[-53.62,-21.574],[-53.621,-21.576],[-53.617,-21.578],[-53.617,-21.581],[-53.612,-21.585],[-53.609,-21.591],[-53.617,-21.597],[-53.62,-21.603],[-53.626,-21.613],[-53.734,-21.622],[-53.729,-21.63],[-53.728,-21.636],[-53.732,-21.644],[-53.733,-21.654],[-53.728,-21.662],[-53.729,-21.669],[-53.736,-21.678],[-53.741,-21.682],[-53.738,-21.702],[-53.738,-21.711],[-53.734,-21.723],[-53.732,-21.73],[-53.734,-21.745],[-53.733,-21.756],[-53.735,-21.768],[-53.735,-21.776],[-53.736,-21.779],[-53.737,-21.789],[-53.733,-21.799],[-53.728,-21.806],[-53.739,-21.82],[-53.75,-21.826],[-53.752,-21.831],[-53.756,-21.834],[-53.76,-21.84],[-53.763,-21.847],[-53.769,-21.852],[-53.773,-21.861],[-53.776,-21.865],[-53.779,-21.866],[-53.782,-21.872],[-53.787,-21.879],[-53.788,-21.885],[-53.79,-21.889],[-53.791,-21.895],[-53.79,-21.9],[-53.791,-21.908],[-53.786,-21.913],[-53.789,-21.92],[-53.792,-21.922],[-53.795,-21.914],[-53.799,-21.912],[-53.809,-21.919],[-53.811,-21.92],[-53.815,-21.917],[-53.815,-21.912],[-53.822,-21.91],[-53.824,-21.905],[-53.829,-21.903],[-53.833,-21.899],[-53.839,-21.897],[-53.846,-21.902],[-53.849,-21.903],[-53.861,-21.897],[-53.871,-21.898],[-53.876,-21.895],[-53.879,-21.886],[-53.88,-21.882],[-53.888,-21.88],[-53.897,-21.879],[-53.899,-21.883],[-53.901,-21.879],[-53.906,-21.877],[-53.909,-21.873],[-53.906,-21.868],[-53.91,-21.868],[-53.915,-21.863],[-53.927,-21.861],[-53.925,-21.859],[-53.927,-21.856],[-53.93,-21.859],[-53.934,-21.86],[-53.945,-21.856],[-53.951,-21.852],[-53.954,-21.855],[-53.958,-21.854],[-53.962,-21.848],[-53.96,-21.847],[-53.955,-21.85],[-53.956,-21.846],[-53.952,-21.845],[-53.951,-21.838],[-53.953,-21.837],[-53.952,-21.832],[-53.955,-21.834],[-53.961,-21.833],[-53.964,-21.831],[-53.963,-21.826],[-53.961,-21.825],[-53.963,-21.816],[-53.968,-21.813],[-53.971,-21.816],[-53.971,-21.813],[-53.975,-21.806],[-53.98,-21.805],[-53.981,-21.798],[-53.986,-21.797],[-53.984,-21.791],[-53.987,-21.787],[-53.99,-21.789],[-53.99,-21.781],[-53.993,-21.777],[-53.998,-21.779],[-54.0,-21.782],[-54.008,-21.784],[-54.013,-21.783],[-54.018,-21.779],[-54.025,-21.776],[-54.029,-21.773],[-54.036,-21.771],[-54.04,-21.773],[-54.041,-21.777],[-54.044,-21.774],[-54.043,-21.771],[-54.047,-21.77],[-54.054,-21.764],[-54.055,-21.768],[-54.06,-21.765],[-54.057,-21.763],[-54.06,-21.758],[-54.062,-21.76],[-54.068,-21.753],[-54.075,-21.751],[-54.077,-21.755],[-54.082,-21.753],[-54.089,-21.749],[-54.088,-21.745],[-54.091,-21.745],[-54.097,-21.748],[-54.101,-21.752],[-54.108,-21.75],[-54.11,-21.753],[-54.115,-21.749],[-54.115,-21.744],[-54.118,-21.745],[-54.118,-21.739],[-54.123,-21.74],[-54.13,-21.739],[-54.132,-21.745],[-54.136,-21.747],[-54.142,-21.746],[-54.142,-21.743],[-54.151,-21.742],[-54.153,-21.74],[-54.153,-21.736],[-54.156,-21.737],[-54.162,-21.735],[-54.162,-21.733],[-54.173,-21.731],[-54.175,-21.734],[-54.178,-21.733],[-54.185,-21.735],[-54.185,-21.732],[-54.189,-21.731],[-54.188,-21.729],[-54.191,-21.725],[-54.202,-21.726],[-54.205,-21.729],[-54.206,-21.724],[-54.213,-21.718],[-54.212,-21.712],[-54.209,-21.705],[-54.213,-21.701],[-54.22,-21.692],[-54.224,-21.688],[-54.231,-21.686],[-54.234,-21.683],[-54.236,-21.686],[-54.242,-21.69],[-54.249,-21.688],[-54.248,-21.684],[-54.25,-21.682],[-54.256,-21.683],[-54.26,-21.679],[-54.265,-21.678],[-54.269,-21.673],[-54.273,-21.674],[-54.274,-21.669],[-54.271,-21.664],[-54.28,-21.653],[-54.282,-21.654],[-54.279,-21.659],[-54.286,-21.66],[-54.29,-21.657],[-54.289,-21.651],[-54.293,-21.647],[-54.294,-21.652],[-54.299,-21.653],[-54.303,-21.651],[-54.301,-21.648],[-54.303,-21.645],[-54.32,-21.629],[-54.324,-21.633],[-54.329,-21.627],[-54.331,-21.62],[-54.334,-21.62],[-54.335,-21.616],[-54.341,-21.615],[-54.343,-21.614],[-54.344,-21.609],[-54.342,-21.605],[-54.346,-21.602],[-54.351,-21.593],[-54.355,-21.581],[-54.355,-21.578],[-54.352,-21.574],[-54.345,-21.568],[-54.337,-21.56],[-54.334,-21.553],[-54.332,-21.543],[-54.333,-21.532],[-54.332,-21.526],[-54.334,-21.517],[-54.342,-21.519],[-54.354,-21.521],[-54.36,-21.523],[-54.366,-21.529],[-54.377,-21.536],[-54.383,-21.542],[-54.405,-21.569],[-54.407,-21.571],[-54.425,-21.578],[-54.433,-21.589],[-54.437,-21.599],[-54.442,-21.597],[-54.445,-21.59],[-54.449,-21.586],[-54.455,-21.579],[-54.46,-21.574],[-54.472,-21.568],[-54.486,-21.567],[-54.494,-21.543],[-54.495,-21.541],[-54.508,-21.53],[-54.509,-21.527],[-54.513,-21.527],[-54.565,-21.501],[-54.58,-21.496],[-54.596,-21.49],[-54.601,-21.489],[-54.621,-21.52],[-54.642,-21.53],[-54.65,-21.545],[-54.654,-21.543],[-54.661,-21.537],[-54.664,-21.533],[-54.656,-21.527],[-54.654,-21.525],[-54.657,-21.522],[-54.666,-21.522],[-54.672,-21.528],[-54.677,-21.528],[-54.683,-21.524],[-54.686,-21.519],[-54.686,-21.514],[-54.681,-21.512],[-54.681,-21.509],[-54.689,-21.507],[-54.693,-21.5],[-54.689,-21.5],[-54.682,-21.497],[-54.689,-21.494],[-54.69,-21.491],[-54.686,-21.487],[-54.679,-21.485],[-54.678,-21.48],[-54.674,-21.482],[-54.665,-21.481],[-54.668,-21.474],[-54.667,-21.467],[-54.668,-21.465],[-54.675,-21.463],[-54.678,-21.457],[-54.683,-21.453],[-54.691,-21.452],[-54.696,-21.452],[-54.697,-21.449],[-54.693,-21.445],[-54.694,-21.443],[-54.701,-21.44],[-54.703,-21.436],[-54.7,-21.434],[-54.707,-21.429],[-54.708,-21.427],[-54.704,-21.427],[-54.703,-21.423],[-54.695,-21.416],[-54.694,-21.412],[-54.688,-21.41],[-54.687,-21.402],[-54.689,-21.399],[-54.694,-21.397],[-54.696,-21.392],[-54.694,-21.389],[-54.696,-21.384],[-54.7,-21.384],[-54.701,-21.379],[-54.706,-21.375],[-54.706,-21.372],[-54.701,-21.371],[-54.7,-21.368],[-54.702,-21.366],[-54.698,-21.363],[-54.698,-21.36],[-54.701,-21.355]]]}},{"type":"Feature","properties":{"c":"5006200"},"geometry":{"type":"Polygon","coordinates":[[[-53.025,-21.615],[-53.03,-21.618],[-53.036,-21.619],[-53.04,-21.624],[-53.039,-21.628],[-53.04,-21.637],[-53.039,-21.645],[-53.038,-21.649],[-53.037,-21.66],[-53.038,-21.667],[-53.036,-21.672],[-53.038,-21.684],[-53.036,-21.689],[-53.04,-21.696],[-53.04,-21.703],[-53.044,-21.711],[-53.044,-21.717],[-53.048,-21.727],[-53.054,-21.738],[-53.058,-21.743],[-53.058,-21.75],[-53.062,-21.758],[-53.063,-21.767],[-53.067,-21.772],[-53.069,-21.777],[-53.078,-21.79],[-53.081,-21.8],[-53.077,-21.814],[-53.076,-21.837],[-53.072,-21.838],[-53.15,-21.974],[-53.356,-22.334],[-53.5,-22.585],[-53.512,-22.576],[-53.516,-22.575],[-53.523,-22.577],[-53.534,-22.58],[-53.545,-22.578],[-53.549,-22.572],[-53.552,-22.57],[-53.562,-22.57],[-53.563,-22.562],[-53.56,-22.555],[-53.553,-22.547],[-53.549,-22.545],[-53.533,-22.543],[-53.52,-22.536],[-53.518,-22.532],[-53.52,-22.524],[-53.511,-22.511],[-53.498,-22.503],[-53.497,-22.499],[-53.501,-22.493],[-53.501,-22.491],[-53.493,-22.48],[-53.487,-22.474],[-53.488,-22.468],[-53.484,-22.461],[-53.483,-22.455],[-53.485,-22.45],[-53.495,-22.436],[-53.502,-22.434],[-53.507,-22.436],[-53.511,-22.431],[-53.51,-22.421],[-53.513,-22.412],[-53.514,-22.403],[-53.517,-22.401],[-53.526,-22.398],[-53.529,-22.394],[-53.529,-22.387],[-53.532,-22.381],[-53.539,-22.375],[-53.536,-22.368],[-53.537,-22.363],[-53.541,-22.362],[-53.546,-22.364],[-53.551,-22.365],[-53.553,-22.363],[-53.551,-22.358],[-53.544,-22.358],[-53.538,-22.356],[-53.536,-22.354],[-53.536,-22.349],[-53.534,-22.343],[-53.534,-22.333],[-53.539,-22.33],[-53.542,-22.326],[-53.551,-22.317],[-53.556,-22.309],[-53.556,-22.303],[-53.552,-22.297],[-53.552,-22.293],[-53.559,-22.283],[-53.565,-22.28],[-53.567,-22.276],[-53.57,-22.264],[-53.574,-22.257],[-53.576,-22.246],[-53.574,-22.243],[-53.569,-22.238],[-53.562,-22.236],[-53.564,-22.229],[-53.577,-22.217],[-53.586,-22.217],[-53.589,-22.214],[-53.591,-22.209],[-53.59,-22.203],[-53.588,-22.195],[-53.587,-22.19],[-53.587,-22.184],[-53.594,-22.177],[-53.594,-22.172],[-53.586,-22.163],[-53.586,-22.158],[-53.591,-22.151],[-53.596,-22.148],[-53.606,-22.147],[-53.614,-22.145],[-53.621,-22.145],[-53.624,-22.144],[-53.627,-22.139],[-53.624,-22.13],[-53.625,-22.124],[-53.627,-22.122],[-53.637,-22.118],[-53.646,-22.116],[-53.653,-22.111],[-53.66,-22.113],[-53.663,-22.112],[-53.666,-22.102],[-53.67,-22.096],[-53.668,-22.09],[-53.672,-22.075],[-53.674,-22.072],[-53.681,-22.065],[-53.687,-22.065],[-53.69,-22.061],[-53.693,-22.055],[-53.692,-22.048],[-53.687,-22.044],[-53.687,-22.04],[-53.695,-22.033],[-53.703,-22.032],[-53.714,-22.023],[-53.724,-22.019],[-53.733,-22.018],[-53.742,-22.014],[-53.748,-22.01],[-53.75,-22.006],[-53.746,-22.003],[-53.739,-22.003],[-53.734,-22.001],[-53.731,-21.996],[-53.736,-21.987],[-53.754,-21.986],[-53.761,-21.994],[-53.766,-21.993],[-53.761,-21.986],[-53.762,-21.974],[-53.76,-21.963],[-53.763,-21.958],[-53.769,-21.956],[-53.782,-21.948],[-53.791,-21.941],[-53.791,-21.934],[-53.793,-21.928],[-53.792,-21.922],[-53.789,-21.92],[-53.786,-21.913],[-53.791,-21.908],[-53.79,-21.9],[-53.791,-21.895],[-53.79,-21.889],[-53.788,-21.885],[-53.787,-21.879],[-53.782,-21.872],[-53.779,-21.866],[-53.776,-21.865],[-53.773,-21.861],[-53.769,-21.852],[-53.763,-21.847],[-53.76,-21.84],[-53.756,-21.834],[-53.752,-21.831],[-53.75,-21.826],[-53.739,-21.82],[-53.728,-21.806],[-53.733,-21.799],[-53.737,-21.789],[-53.736,-21.779],[-53.735,-21.776],[-53.735,-21.768],[-53.733,-21.756],[-53.734,-21.745],[-53.732,-21.73],[-53.734,-21.723],[-53.738,-21.711],[-53.738,-21.702],[-53.741,-21.682],[-53.736,-21.678],[-53.729,-21.669],[-53.728,-21.662],[-53.733,-21.654],[-53.732,-21.644],[-53.728,-21.636],[-53.729,-21.63],[-53.734,-21.622],[-53.626,-21.613],[-53.62,-21.603],[-53.617,-21.597],[-53.609,-21.591],[-53.605,-21.595],[-53.595,-21.59],[-53.589,-21.592],[-53.591,-21.596],[-53.596,-21.595],[-53.596,-21.6],[-53.592,-21.602],[-53.588,-21.607],[-53.584,-21.607],[-53.579,-21.61],[-53.573,-21.606],[-53.569,-21.609],[-53.569,-21.603],[-53.567,-21.601],[-53.556,-21.601],[-53.552,-21.603],[-53.549,-21.607],[-53.543,-21.602],[-53.54,-21.601],[-53.535,-21.597],[-53.529,-21.598],[-53.516,-21.59],[-53.509,-21.587],[-53.506,-21.59],[-53.502,-21.592],[-53.503,-21.596],[-53.495,-21.6],[-53.49,-21.596],[-53.493,-21.592],[-53.49,-21.588],[-53.483,-21.587],[-53.478,-21.584],[-53.475,-21.578],[-53.47,-21.578],[-53.468,-21.573],[-53.465,-21.572],[-53.462,-21.574],[-53.459,-21.572],[-53.453,-21.574],[-53.447,-21.575],[-53.443,-21.574],[-53.441,-21.57],[-53.443,-21.566],[-53.44,-21.562],[-53.438,-21.555],[-53.427,-21.553],[-53.425,-21.557],[-53.421,-21.558],[-53.421,-21.564],[-53.419,-21.566],[-53.412,-21.566],[-53.409,-21.562],[-53.401,-21.561],[-53.399,-21.567],[-53.395,-21.57],[-53.389,-21.57],[-53.385,-21.567],[-53.379,-21.571],[-53.379,-21.574],[-53.376,-21.576],[-53.382,-21.578],[-53.38,-21.58],[-53.373,-21.577],[-53.369,-21.577],[-53.366,-21.58],[-53.362,-21.576],[-53.357,-21.583],[-53.352,-21.586],[-53.346,-21.587],[-53.346,-21.583],[-53.341,-21.589],[-53.343,-21.596],[-53.338,-21.597],[-53.331,-21.595],[-53.326,-21.597],[-53.319,-21.598],[-53.317,-21.592],[-53.32,-21.589],[-53.317,-21.583],[-53.313,-21.581],[-53.31,-21.585],[-53.306,-21.585],[-53.304,-21.589],[-53.3,-21.586],[-53.296,-21.588],[-53.291,-21.584],[-53.286,-21.584],[-53.283,-21.591],[-53.275,-21.592],[-53.273,-21.588],[-53.267,-21.583],[-53.261,-21.583],[-53.254,-21.588],[-53.25,-21.588],[-53.248,-21.597],[-53.244,-21.6],[-53.232,-21.593],[-53.23,-21.582],[-53.225,-21.581],[-53.215,-21.574],[-53.209,-21.571],[-53.196,-21.578],[-53.19,-21.577],[-53.188,-21.583],[-53.189,-21.587],[-53.186,-21.59],[-53.183,-21.594],[-53.179,-21.596],[-53.174,-21.591],[-53.169,-21.589],[-53.163,-21.589],[-53.158,-21.593],[-53.155,-21.592],[-53.152,-21.584],[-53.149,-21.583],[-53.141,-21.576],[-53.137,-21.576],[-53.129,-21.581],[-53.128,-21.586],[-53.124,-21.587],[-53.119,-21.593],[-53.116,-21.591],[-53.109,-21.586],[-53.105,-21.584],[-53.097,-21.586],[-53.094,-21.588],[-53.084,-21.588],[-53.081,-21.589],[-53.08,-21.595],[-53.074,-21.6],[-53.066,-21.599],[-53.066,-21.603],[-53.062,-21.607],[-53.056,-21.61],[-53.052,-21.609],[-53.046,-21.61],[-53.045,-21.616],[-53.04,-21.616],[-53.037,-21.61],[-53.033,-21.608],[-53.029,-21.608],[-53.025,-21.615]]]}},{"type":"Feature","properties":{"c":"5006259"},"geometry":{"type":"Polygon","coordinates":[[[-54.028,-22.544],[-54.025,-22.547],[-54.02,-22.542],[-53.993,-22.513],[-53.988,-22.508],[-53.946,-22.464],[-53.919,-22.435],[-53.917,-22.436],[-53.914,-22.433],[-53.911,-22.434],[-53.904,-22.441],[-53.903,-22.445],[-53.895,-22.446],[-53.893,-22.451],[-53.888,-22.452],[-53.887,-22.456],[-53.883,-22.458],[-53.878,-22.462],[-53.875,-22.469],[-53.869,-22.474],[-53.869,-22.478],[-53.865,-22.481],[-53.858,-22.495],[-53.857,-22.5],[-53.847,-22.506],[-53.842,-22.513],[-53.832,-22.517],[-53.824,-22.522],[-53.82,-22.526],[-53.816,-22.525],[-53.812,-22.527],[-53.808,-22.532],[-53.802,-22.534],[-53.789,-22.536],[-53.785,-22.539],[-53.774,-22.544],[-53.764,-22.546],[-53.752,-22.549],[-53.742,-22.548],[-53.736,-22.551],[-53.733,-22.55],[-53.726,-22.552],[-53.718,-22.558],[-53.711,-22.56],[-53.705,-22.563],[-53.7,-22.562],[-53.692,-22.566],[-53.682,-22.567],[-53.68,-22.57],[-53.67,-22.57],[-53.663,-22.572],[-53.654,-22.569],[-53.65,-22.569],[-53.644,-22.567],[-53.641,-22.564],[-53.63,-22.561],[-53.628,-22.562],[-53.62,-22.556],[-53.613,-22.558],[-53.605,-22.557],[-53.603,-22.556],[-53.59,-22.559],[-53.582,-22.566],[-53.578,-22.568],[-53.57,-22.568],[-53.562,-22.57],[-53.552,-22.57],[-53.549,-22.572],[-53.545,-22.578],[-53.534,-22.58],[-53.523,-22.577],[-53.516,-22.575],[-53.512,-22.576],[-53.5,-22.585],[-53.499,-22.587],[-53.502,-22.594],[-53.498,-22.603],[-53.501,-22.605],[-53.506,-22.603],[-53.513,-22.6],[-53.519,-22.603],[-53.524,-22.61],[-53.524,-22.614],[-53.519,-22.622],[-53.513,-22.626],[-53.513,-22.632],[-53.519,-22.637],[-53.523,-22.642],[-53.538,-22.651],[-53.544,-22.653],[-53.548,-22.649],[-53.554,-22.65],[-53.558,-22.659],[-53.559,-22.667],[-53.562,-22.666],[-53.563,-22.669],[-53.566,-22.67],[-53.57,-22.667],[-53.573,-22.669],[-53.577,-22.667],[-53.585,-22.668],[-53.596,-22.663],[-53.605,-22.669],[-53.614,-22.68],[-53.619,-22.684],[-53.621,-22.695],[-53.628,-22.698],[-53.634,-22.697],[-53.636,-22.701],[-53.64,-22.699],[-53.643,-22.704],[-53.648,-22.708],[-53.652,-22.708],[-53.652,-22.705],[-53.656,-22.703],[-53.661,-22.705],[-53.662,-22.709],[-53.669,-22.71],[-53.67,-22.708],[-53.678,-22.714],[-53.684,-22.712],[-53.689,-22.713],[-53.696,-22.711],[-53.697,-22.713],[-53.701,-22.712],[-53.706,-22.715],[-53.708,-22.719],[-53.713,-22.715],[-53.716,-22.718],[-53.721,-22.717],[-53.729,-22.721],[-53.732,-22.721],[-53.735,-22.723],[-53.746,-22.723],[-53.751,-22.725],[-53.752,-22.728],[-53.759,-22.73],[-53.761,-22.731],[-53.762,-22.728],[-53.772,-22.729],[-53.778,-22.732],[-53.777,-22.728],[-53.786,-22.729],[-53.793,-22.724],[-53.797,-22.724],[-53.797,-22.721],[-53.802,-22.717],[-53.804,-22.714],[-53.809,-22.713],[-53.818,-22.709],[-53.82,-22.711],[-53.826,-22.71],[-53.828,-22.707],[-53.831,-22.708],[-53.831,-22.705],[-53.835,-22.703],[-53.836,-22.705],[-53.843,-22.702],[-53.848,-22.697],[-53.859,-22.693],[-53.859,-22.689],[-53.864,-22.685],[-53.87,-22.688],[-53.872,-22.683],[-53.879,-22.685],[-53.884,-22.682],[-53.883,-22.679],[-53.888,-22.678],[-53.896,-22.674],[-53.897,-22.673],[-53.912,-22.665],[-53.913,-22.662],[-53.918,-22.665],[-53.925,-22.663],[-53.928,-22.657],[-53.935,-22.648],[-53.934,-22.645],[-53.938,-22.644],[-53.939,-22.639],[-53.942,-22.637],[-53.948,-22.63],[-53.952,-22.622],[-53.956,-22.618],[-53.959,-22.609],[-53.965,-22.603],[-53.971,-22.601],[-53.978,-22.596],[-53.978,-22.593],[-53.982,-22.587],[-53.981,-22.582],[-53.982,-22.576],[-53.987,-22.573],[-53.993,-22.568],[-53.997,-22.569],[-54.003,-22.568],[-54.005,-22.564],[-54.01,-22.56],[-54.02,-22.551],[-54.025,-22.548],[-54.028,-22.544]]]}},{"type":"Feature","properties":{"c":"5006275"},"geometry":{"type":"Polygon","coordinates":[[[-52.576,-19.414],[-52.579,-19.41],[-52.585,-19.411],[-52.592,-19.413],[-52.608,-19.416],[-52.622,-19.421],[-52.623,-19.431],[-52.626,-19.438],[-52.629,-19.442],[-52.656,-19.491],[-52.666,-19.497],[-52.669,-19.498],[-52.674,-19.507],[-52.681,-19.514],[-52.684,-19.517],[-52.689,-19.523],[-52.694,-19.527],[-52.695,-19.535],[-52.7,-19.545],[-52.703,-19.548],[-52.705,-19.555],[-52.707,-19.553],[-52.712,-19.552],[-52.724,-19.545],[-52.732,-19.544],[-52.734,-19.545],[-52.738,-19.541],[-52.741,-19.534],[-52.744,-19.532],[-52.751,-19.527],[-52.75,-19.524],[-52.753,-19.522],[-52.76,-19.521],[-52.763,-19.528],[-52.768,-19.528],[-52.776,-19.531],[-52.777,-19.53],[-52.785,-19.529],[-52.792,-19.534],[-52.804,-19.535],[-52.811,-19.538],[-52.82,-19.538],[-52.824,-19.536],[-52.829,-19.531],[-52.837,-19.533],[-52.841,-19.536],[-52.846,-19.534],[-52.852,-19.537],[-52.857,-19.536],[-52.861,-19.537],[-52.865,-19.533],[-52.869,-19.533],[-52.873,-19.53],[-52.873,-19.527],[-52.877,-19.523],[-52.886,-19.524],[-52.889,-19.521],[-52.887,-19.516],[-52.897,-19.505],[-52.909,-19.498],[-52.92,-19.502],[-52.926,-19.5],[-52.929,-19.497],[-52.929,-19.492],[-52.934,-19.488],[-52.936,-19.484],[-52.944,-19.481],[-52.967,-19.474],[-52.967,-19.471],[-52.975,-19.469],[-52.984,-19.463],[-52.986,-19.46],[-52.992,-19.455],[-52.997,-19.452],[-53.005,-19.445],[-53.012,-19.442],[-53.02,-19.43],[-53.039,-19.427],[-53.057,-19.424],[-53.064,-19.421],[-53.073,-19.419],[-53.08,-19.423],[-53.086,-19.424],[-53.098,-19.423],[-53.093,-19.461],[-53.1,-19.462],[-53.111,-19.457],[-53.127,-19.457],[-53.135,-19.458],[-53.14,-19.457],[-53.271,-19.484],[-53.273,-19.483],[-53.284,-19.488],[-53.291,-19.489],[-53.297,-19.492],[-53.304,-19.493],[-53.311,-19.492],[-53.318,-19.493],[-53.328,-19.497],[-53.346,-19.45],[-53.351,-19.457],[-53.354,-19.466],[-53.361,-19.474],[-53.364,-19.481],[-53.367,-19.483],[-53.373,-19.496],[-53.375,-19.504],[-53.384,-19.514],[-53.388,-19.514],[-53.396,-19.517],[-53.4,-19.516],[-53.41,-19.522],[-53.421,-19.532],[-53.428,-19.541],[-53.441,-19.552],[-53.449,-19.556],[-53.454,-19.561],[-53.457,-19.567],[-53.464,-19.569],[-53.476,-19.574],[-53.482,-19.578],[-53.486,-19.587],[-53.496,-19.58],[-53.495,-19.576],[-53.504,-19.568],[-53.502,-19.564],[-53.502,-19.559],[-53.497,-19.556],[-53.504,-19.551],[-53.499,-19.546],[-53.506,-19.541],[-53.509,-19.542],[-53.515,-19.54],[-53.515,-19.534],[-53.519,-19.529],[-53.521,-19.523],[-53.519,-19.519],[-53.527,-19.515],[-53.526,-19.511],[-53.529,-19.507],[-53.526,-19.505],[-53.53,-19.497],[-53.529,-19.494],[-53.532,-19.488],[-53.534,-19.483],[-53.537,-19.483],[-53.539,-19.476],[-53.547,-19.474],[-53.551,-19.467],[-53.551,-19.462],[-53.556,-19.459],[-53.553,-19.454],[-53.549,-19.453],[-53.55,-19.449],[-53.548,-19.447],[-53.554,-19.442],[-53.555,-19.435],[-53.557,-19.433],[-53.554,-19.43],[-53.56,-19.421],[-53.562,-19.42],[-53.563,-19.415],[-53.561,-19.412],[-53.564,-19.407],[-53.566,-19.4],[-53.564,-19.396],[-53.568,-19.391],[-53.571,-19.378],[-53.574,-19.373],[-53.579,-19.371],[-53.58,-19.367],[-53.577,-19.365],[-53.58,-19.362],[-53.578,-19.358],[-53.58,-19.353],[-53.59,-19.348],[-53.594,-19.34],[-53.598,-19.336],[-53.598,-19.33],[-53.603,-19.33],[-53.604,-19.322],[-53.604,-19.32],[-53.609,-19.31],[-53.606,-19.307],[-53.607,-19.303],[-53.613,-19.297],[-53.621,-19.292],[-53.617,-19.29],[-53.616,-19.286],[-53.622,-19.284],[-53.627,-19.279],[-53.628,-19.276],[-53.635,-19.27],[-53.638,-19.267],[-53.635,-19.261],[-53.63,-19.26],[-53.622,-19.255],[-53.622,-19.251],[-53.615,-19.238],[-53.612,-19.237],[-53.615,-19.232],[-53.616,-19.224],[-53.609,-19.215],[-53.61,-19.21],[-53.609,-19.203],[-53.61,-19.197],[-53.608,-19.194],[-53.611,-19.193],[-53.608,-19.188],[-53.608,-19.184],[-53.602,-19.18],[-53.597,-19.183],[-53.595,-19.181],[-53.579,-19.185],[-53.576,-19.187],[-53.571,-19.186],[-53.559,-19.186],[-53.553,-19.184],[-53.541,-19.186],[-53.531,-19.183],[-53.526,-19.184],[-53.519,-19.181],[-53.509,-19.182],[-53.502,-19.184],[-53.495,-19.184],[-53.487,-19.186],[-53.474,-19.185],[-53.469,-19.185],[-53.462,-19.182],[-53.457,-19.182],[-53.449,-19.179],[-53.441,-19.177],[-53.439,-19.171],[-53.43,-19.163],[-53.429,-19.159],[-53.429,-19.15],[-53.428,-19.142],[-53.423,-19.135],[-53.425,-19.127],[-53.423,-19.121],[-53.423,-19.113],[-53.416,-19.109],[-53.412,-19.103],[-53.405,-19.101],[-53.403,-19.098],[-53.397,-19.083],[-53.393,-19.079],[-53.386,-19.076],[-53.377,-19.074],[-53.363,-19.065],[-53.354,-19.063],[-53.349,-19.055],[-53.34,-19.05],[-53.369,-19.021],[-53.402,-19.006],[-53.399,-19.004],[-53.398,-18.998],[-53.396,-18.993],[-53.387,-18.981],[-53.383,-18.957],[-53.382,-18.944],[-53.351,-18.919],[-53.344,-18.915],[-53.34,-18.911],[-53.33,-18.904],[-53.327,-18.899],[-53.318,-18.894],[-53.312,-18.893],[-53.304,-18.888],[-53.3,-18.89],[-53.302,-18.892],[-53.299,-18.895],[-53.296,-18.896],[-53.296,-18.891],[-53.294,-18.894],[-53.292,-18.89],[-53.29,-18.893],[-53.285,-18.893],[-53.282,-18.897],[-53.278,-18.897],[-53.279,-18.9],[-53.276,-18.9],[-53.273,-18.906],[-53.269,-18.909],[-53.271,-18.91],[-53.268,-18.914],[-53.268,-18.918],[-53.26,-18.926],[-53.258,-18.922],[-53.253,-18.927],[-53.249,-18.934],[-53.249,-18.937],[-53.243,-18.937],[-53.24,-18.943],[-53.229,-18.948],[-53.225,-18.948],[-53.225,-18.945],[-53.22,-18.953],[-53.216,-18.951],[-53.214,-18.956],[-53.21,-18.955],[-53.208,-18.957],[-53.203,-18.954],[-53.199,-18.958],[-53.196,-18.957],[-53.196,-18.963],[-53.192,-18.962],[-53.192,-18.969],[-53.187,-18.971],[-53.187,-18.973],[-53.175,-18.972],[-53.176,-18.976],[-53.182,-18.98],[-53.177,-18.982],[-53.179,-18.984],[-53.172,-18.983],[-53.173,-18.987],[-53.169,-18.987],[-53.167,-18.983],[-53.167,-18.944],[-53.164,-18.941],[-53.162,-18.933],[-53.156,-18.928],[-53.149,-18.925],[-53.144,-18.917],[-53.142,-18.899],[-53.131,-18.899],[-53.127,-18.891],[-53.109,-18.881],[-53.108,-18.875],[-53.103,-18.864],[-53.101,-18.862],[-53.092,-18.858],[-53.091,-18.851],[-53.086,-18.847],[-53.08,-18.836],[-53.074,-18.829],[-53.07,-18.826],[-53.068,-18.821],[-53.062,-18.817],[-53.061,-18.809],[-53.056,-18.805],[-53.052,-18.804],[-53.051,-18.801],[-53.046,-18.798],[-53.035,-18.802],[-53.033,-18.802],[-53.019,-18.795],[-52.978,-18.797],[-52.974,-18.794],[-52.969,-18.789],[-52.959,-18.786],[-52.95,-18.785],[-52.899,-18.786],[-52.896,-18.806],[-52.887,-18.843],[-52.879,-18.878],[-52.877,-18.885],[-52.874,-18.891],[-52.865,-18.899],[-52.83,-18.927],[-52.827,-18.932],[-52.833,-18.962],[-52.875,-19.067],[-52.882,-19.078],[-52.889,-19.084],[-52.899,-19.085],[-52.909,-19.089],[-52.921,-19.093],[-52.928,-19.097],[-52.933,-19.103],[-52.939,-19.108],[-52.949,-19.108],[-52.956,-19.105],[-52.964,-19.108],[-52.972,-19.109],[-52.976,-19.122],[-52.976,-19.127],[-52.973,-19.13],[-52.971,-19.129],[-52.968,-19.141],[-52.965,-19.143],[-52.96,-19.141],[-52.958,-19.145],[-52.946,-19.148],[-52.943,-19.147],[-52.94,-19.149],[-52.941,-19.154],[-52.94,-19.155],[-52.944,-19.157],[-52.944,-19.16],[-52.94,-19.16],[-52.939,-19.164],[-52.937,-19.164],[-52.94,-19.178],[-52.934,-19.177],[-52.931,-19.181],[-52.931,-19.184],[-52.935,-19.184],[-52.933,-19.193],[-52.935,-19.195],[-52.93,-19.195],[-52.929,-19.199],[-52.925,-19.205],[-52.927,-19.21],[-52.926,-19.212],[-52.918,-19.215],[-52.915,-19.221],[-52.913,-19.22],[-52.911,-19.224],[-52.917,-19.227],[-52.914,-19.23],[-52.906,-19.234],[-52.906,-19.237],[-52.902,-19.244],[-52.9,-19.249],[-52.892,-19.248],[-52.889,-19.246],[-52.877,-19.245],[-52.872,-19.242],[-52.869,-19.237],[-52.865,-19.239],[-52.861,-19.235],[-52.859,-19.237],[-52.857,-19.235],[-52.851,-19.233],[-52.849,-19.241],[-52.847,-19.238],[-52.842,-19.242],[-52.84,-19.24],[-52.837,-19.243],[-52.834,-19.242],[-52.826,-19.244],[-52.819,-19.25],[-52.819,-19.246],[-52.814,-19.246],[-52.81,-19.251],[-52.812,-19.253],[-52.81,-19.257],[-52.805,-19.255],[-52.804,-19.257],[-52.8,-19.257],[-52.792,-19.256],[-52.776,-19.262],[-52.773,-19.267],[-52.769,-19.269],[-52.768,-19.264],[-52.764,-19.265],[-52.763,-19.268],[-52.76,-19.266],[-52.755,-19.269],[-52.758,-19.273],[-52.753,-19.274],[-52.749,-19.27],[-52.744,-19.271],[-52.743,-19.273],[-52.736,-19.269],[-52.729,-19.27],[-52.726,-19.268],[-52.718,-19.272],[-52.714,-19.277],[-52.709,-19.278],[-52.702,-19.283],[-52.703,-19.287],[-52.699,-19.29],[-52.698,-19.294],[-52.691,-19.302],[-52.688,-19.301],[-52.686,-19.304],[-52.686,-19.31],[-52.687,-19.314],[-52.686,-19.318],[-52.681,-19.32],[-52.682,-19.33],[-52.675,-19.331],[-52.673,-19.335],[-52.668,-19.339],[-52.665,-19.344],[-52.657,-19.346],[-52.655,-19.343],[-52.649,-19.348],[-52.65,-19.352],[-52.643,-19.354],[-52.634,-19.352],[-52.625,-19.352],[-52.621,-19.353],[-52.614,-19.36],[-52.611,-19.361],[-52.617,-19.366],[-52.616,-19.369],[-52.613,-19.371],[-52.61,-19.366],[-52.607,-19.368],[-52.603,-19.373],[-52.603,-19.376],[-52.599,-19.374],[-52.594,-19.374],[-52.591,-19.379],[-52.588,-19.379],[-52.589,-19.383],[-52.587,-19.385],[-52.582,-19.385],[-52.584,-19.388],[-52.581,-19.391],[-52.582,-19.394],[-52.58,-19.397],[-52.575,-19.4],[-52.574,-19.398],[-52.566,-19.397],[-52.567,-19.4],[-52.571,-19.4],[-52.57,-19.407],[-52.573,-19.407],[-52.576,-19.414]]]}},{"type":"Feature","properties":{"c":"5006309"},"geometry":{"type":"Polygon","coordinates":[[[-51.033,-19.791],[-51.038,-19.79],[-51.042,-19.792],[-51.043,-19.796],[-51.046,-19.796],[-51.047,-19.8],[-51.052,-19.805],[-51.067,-19.811],[-51.068,-19.814],[-51.075,-19.812],[-51.078,-19.813],[-51.079,-19.81],[-51.084,-19.811],[-51.09,-19.816],[-51.092,-19.815],[-51.104,-19.817],[-51.106,-19.816],[-51.112,-19.818],[-51.122,-19.821],[-51.131,-19.826],[-51.133,-19.831],[-51.136,-19.831],[-51.141,-19.842],[-51.144,-19.844],[-51.15,-19.85],[-51.149,-19.853],[-51.16,-19.863],[-51.173,-19.867],[-51.177,-19.865],[-51.187,-19.857],[-51.192,-19.855],[-51.199,-19.855],[-51.215,-19.858],[-51.224,-19.86],[-51.228,-19.863],[-51.234,-19.863],[-51.238,-19.861],[-51.241,-19.856],[-51.246,-19.855],[-51.257,-19.856],[-51.266,-19.853],[-51.275,-19.848],[-51.296,-19.854],[-51.302,-19.854],[-51.314,-19.85],[-51.317,-19.846],[-51.322,-19.849],[-51.333,-19.863],[-51.337,-19.865],[-51.348,-19.865],[-51.357,-19.863],[-51.361,-19.864],[-51.368,-19.867],[-51.376,-19.876],[-51.382,-19.88],[-51.383,-19.886],[-51.389,-19.896],[-51.4,-19.904],[-51.408,-19.902],[-51.412,-19.902],[-51.417,-19.905],[-51.422,-19.911],[-51.424,-19.917],[-51.423,-19.921],[-51.43,-19.931],[-51.435,-19.934],[-51.443,-19.942],[-51.452,-19.944],[-51.455,-19.946],[-51.456,-19.95],[-51.461,-19.955],[-51.463,-19.959],[-51.471,-19.964],[-51.475,-19.959],[-51.477,-19.955],[-51.48,-19.953],[-51.486,-19.954],[-51.488,-19.953],[-51.489,-19.946],[-51.487,-19.942],[-51.487,-19.936],[-51.49,-19.934],[-51.496,-19.938],[-51.498,-19.93],[-51.496,-19.928],[-51.498,-19.92],[-51.501,-19.917],[-51.504,-19.916],[-51.505,-19.912],[-51.513,-19.913],[-51.512,-19.906],[-51.507,-19.9],[-51.51,-19.896],[-51.511,-19.885],[-51.518,-19.884],[-51.523,-19.889],[-51.526,-19.887],[-51.526,-19.883],[-51.528,-19.88],[-51.535,-19.88],[-51.537,-19.877],[-51.533,-19.871],[-51.537,-19.87],[-51.539,-19.867],[-51.551,-19.865],[-51.549,-19.86],[-51.555,-19.859],[-51.556,-19.854],[-51.56,-19.848],[-51.558,-19.845],[-51.561,-19.842],[-51.558,-19.838],[-51.563,-19.835],[-51.565,-19.83],[-51.562,-19.825],[-51.568,-19.826],[-51.572,-19.822],[-51.577,-19.821],[-51.579,-19.815],[-51.581,-19.814],[-51.586,-19.819],[-51.588,-19.816],[-51.585,-19.813],[-51.59,-19.807],[-51.592,-19.803],[-51.59,-19.804],[-51.589,-19.795],[-51.586,-19.791],[-51.591,-19.79],[-51.593,-19.792],[-51.599,-19.789],[-51.605,-19.797],[-51.609,-19.791],[-51.61,-19.771],[-51.612,-19.759],[-51.622,-19.762],[-51.633,-19.757],[-51.643,-19.752],[-51.65,-19.745],[-51.653,-19.738],[-51.659,-19.723],[-51.666,-19.718],[-51.667,-19.71],[-51.67,-19.706],[-51.686,-19.699],[-51.684,-19.692],[-51.688,-19.685],[-51.691,-19.682],[-51.694,-19.669],[-51.699,-19.665],[-51.704,-19.656],[-51.711,-19.647],[-51.716,-19.635],[-51.72,-19.627],[-51.732,-19.614],[-51.743,-19.608],[-51.763,-19.597],[-51.769,-19.589],[-51.793,-19.573],[-51.795,-19.569],[-51.79,-19.543],[-51.784,-19.525],[-51.786,-19.503],[-51.779,-19.486],[-51.791,-19.464],[-51.803,-19.446],[-51.804,-19.443],[-51.808,-19.44],[-51.817,-19.436],[-51.819,-19.431],[-51.825,-19.424],[-51.826,-19.421],[-51.825,-19.413],[-51.825,-19.393],[-51.827,-19.384],[-51.834,-19.372],[-51.831,-19.364],[-51.836,-19.356],[-51.84,-19.348],[-51.838,-19.335],[-51.839,-19.331],[-51.846,-19.325],[-51.847,-19.312],[-51.861,-19.291],[-51.863,-19.286],[-51.86,-19.278],[-51.85,-19.267],[-51.855,-19.249],[-51.857,-19.244],[-51.86,-19.242],[-51.871,-19.241],[-51.872,-19.236],[-51.876,-19.228],[-51.868,-19.223],[-51.864,-19.221],[-51.848,-19.224],[-51.832,-19.226],[-51.824,-19.228],[-51.814,-19.234],[-51.811,-19.235],[-51.805,-19.238],[-51.806,-19.232],[-51.802,-19.224],[-51.798,-19.221],[-51.781,-19.222],[-51.772,-19.215],[-51.767,-19.214],[-51.758,-19.218],[-51.75,-19.21],[-51.725,-19.24],[-51.714,-19.243],[-51.704,-19.241],[-51.697,-19.243],[-51.671,-19.251],[-51.668,-19.251],[-51.66,-19.257],[-51.652,-19.256],[-51.638,-19.269],[-51.619,-19.272],[-51.613,-19.272],[-51.606,-19.268],[-51.602,-19.27],[-51.587,-19.274],[-51.578,-19.283],[-51.57,-19.283],[-51.568,-19.281],[-51.573,-19.274],[-51.574,-19.269],[-51.571,-19.262],[-51.572,-19.258],[-51.571,-19.248],[-51.566,-19.235],[-51.559,-19.222],[-51.559,-19.22],[-51.554,-19.209],[-51.555,-19.202],[-51.553,-19.196],[-51.554,-19.194],[-51.553,-19.187],[-51.554,-19.179],[-51.551,-19.169],[-51.548,-19.164],[-51.547,-19.159],[-51.544,-19.154],[-51.545,-19.152],[-51.539,-19.143],[-51.537,-19.14],[-51.527,-19.139],[-51.522,-19.142],[-51.518,-19.147],[-51.514,-19.15],[-51.51,-19.15],[-51.506,-19.147],[-51.502,-19.147],[-51.501,-19.149],[-51.502,-19.155],[-51.499,-19.161],[-51.491,-19.162],[-51.486,-19.159],[-51.482,-19.16],[-51.48,-19.154],[-51.473,-19.154],[-51.468,-19.161],[-51.464,-19.163],[-51.459,-19.168],[-51.455,-19.161],[-51.449,-19.161],[-51.446,-19.159],[-51.443,-19.165],[-51.443,-19.169],[-51.439,-19.171],[-51.43,-19.17],[-51.427,-19.165],[-51.42,-19.166],[-51.417,-19.171],[-51.417,-19.174],[-51.411,-19.173],[-51.406,-19.175],[-51.405,-19.178],[-51.412,-19.18],[-51.409,-19.184],[-51.401,-19.189],[-51.398,-19.195],[-51.395,-19.196],[-51.384,-19.195],[-51.378,-19.193],[-51.375,-19.196],[-51.373,-19.199],[-51.37,-19.2],[-51.369,-19.206],[-51.37,-19.209],[-51.366,-19.21],[-51.365,-19.215],[-51.369,-19.218],[-51.369,-19.222],[-51.364,-19.223],[-51.346,-19.214],[-51.342,-19.216],[-51.341,-19.219],[-51.337,-19.222],[-51.323,-19.219],[-51.311,-19.219],[-51.309,-19.218],[-51.303,-19.224],[-51.305,-19.23],[-51.308,-19.236],[-51.306,-19.239],[-51.3,-19.238],[-51.297,-19.239],[-51.297,-19.244],[-51.29,-19.245],[-51.29,-19.248],[-51.286,-19.252],[-51.279,-19.249],[-51.277,-19.261],[-51.269,-19.262],[-51.263,-19.265],[-51.255,-19.268],[-51.253,-19.273],[-51.25,-19.273],[-51.247,-19.267],[-51.244,-19.266],[-51.243,-19.269],[-51.24,-19.268],[-51.229,-19.265],[-51.229,-19.262],[-51.225,-19.259],[-51.216,-19.259],[-51.21,-19.265],[-51.207,-19.266],[-51.205,-19.262],[-51.202,-19.261],[-51.201,-19.264],[-51.194,-19.267],[-51.191,-19.267],[-51.187,-19.27],[-51.183,-19.28],[-51.18,-19.283],[-51.178,-19.282],[-51.169,-19.287],[-51.158,-19.287],[-51.156,-19.289],[-51.151,-19.287],[-51.144,-19.287],[-51.139,-19.289],[-51.136,-19.295],[-51.128,-19.299],[-51.127,-19.303],[-51.118,-19.303],[-51.111,-19.307],[-51.106,-19.308],[-51.102,-19.306],[-51.095,-19.306],[-51.089,-19.308],[-51.087,-19.312],[-51.08,-19.319],[-51.071,-19.324],[-51.065,-19.331],[-51.058,-19.33],[-51.052,-19.335],[-51.046,-19.343],[-51.042,-19.356],[-51.039,-19.36],[-51.03,-19.367],[-51.025,-19.378],[-51.021,-19.382],[-51.02,-19.387],[-51.025,-19.393],[-51.026,-19.399],[-51.019,-19.401],[-51.009,-19.4],[-51.005,-19.401],[-51.005,-19.413],[-51.001,-19.415],[-50.994,-19.408],[-50.988,-19.408],[-50.987,-19.412],[-50.986,-19.429],[-50.983,-19.433],[-50.968,-19.435],[-50.956,-19.441],[-50.952,-19.443],[-50.95,-19.447],[-50.945,-19.454],[-50.942,-19.453],[-50.936,-19.461],[-50.935,-19.467],[-50.939,-19.468],[-50.949,-19.471],[-50.957,-19.476],[-50.962,-19.482],[-50.964,-19.486],[-50.963,-19.501],[-50.945,-19.526],[-50.931,-19.542],[-50.924,-19.559],[-50.923,-19.572],[-50.924,-19.581],[-50.928,-19.588],[-50.931,-19.59],[-50.938,-19.592],[-50.947,-19.592],[-50.95,-19.59],[-50.956,-19.584],[-50.962,-19.582],[-50.971,-19.581],[-50.978,-19.583],[-50.984,-19.586],[-50.988,-19.59],[-50.99,-19.605],[-50.993,-19.61],[-50.997,-19.616],[-50.999,-19.622],[-51.004,-19.63],[-51.006,-19.638],[-51.011,-19.645],[-51.013,-19.654],[-51.022,-19.661],[-51.027,-19.671],[-51.032,-19.681],[-51.037,-19.687],[-51.038,-19.692],[-51.04,-19.713],[-51.038,-19.72],[-51.045,-19.727],[-51.046,-19.736],[-51.043,-19.741],[-51.035,-19.747],[-51.03,-19.751],[-51.028,-19.757],[-51.031,-19.765],[-51.037,-19.771],[-51.04,-19.777],[-51.04,-19.782],[-51.037,-19.788],[-51.033,-19.791]]]}},{"type":"Feature","properties":{"c":"5006358"},"geometry":{"type":"Polygon","coordinates":[[[-55.56,-23.483],[-55.549,-23.484],[-55.542,-23.481],[-55.53,-23.48],[-55.524,-23.487],[-55.514,-23.489],[-55.511,-23.486],[-55.512,-23.482],[-55.509,-23.481],[-55.502,-23.485],[-55.493,-23.484],[-55.493,-23.483],[-55.486,-23.486],[-55.486,-23.483],[-55.481,-23.478],[-55.475,-23.473],[-55.463,-23.47],[-55.46,-23.468],[-55.46,-23.464],[-55.456,-23.457],[-55.435,-23.458],[-55.429,-23.46],[-55.427,-23.466],[-55.425,-23.47],[-55.424,-23.478],[-55.422,-23.48],[-55.419,-23.488],[-55.416,-23.492],[-55.407,-23.49],[-55.401,-23.488],[-55.397,-23.488],[-55.39,-23.489],[-55.387,-23.493],[-55.378,-23.493],[-55.373,-23.497],[-55.365,-23.5],[-55.363,-23.505],[-55.355,-23.505],[-55.345,-23.503],[-55.34,-23.506],[-55.333,-23.507],[-55.33,-23.509],[-55.321,-23.509],[-55.312,-23.507],[-55.307,-23.509],[-55.302,-23.508],[-55.297,-23.511],[-55.272,-23.57],[-55.271,-23.583],[-55.269,-23.589],[-55.262,-23.594],[-55.255,-23.596],[-55.253,-23.605],[-55.249,-23.61],[-55.244,-23.613],[-55.242,-23.617],[-55.243,-23.627],[-55.246,-23.628],[-55.246,-23.631],[-55.244,-23.641],[-55.235,-23.649],[-55.228,-23.651],[-55.227,-23.656],[-55.22,-23.665],[-55.209,-23.668],[-55.201,-23.668],[-55.198,-23.672],[-55.194,-23.674],[-55.193,-23.677],[-55.187,-23.681],[-55.184,-23.681],[-55.182,-23.686],[-55.181,-23.69],[-55.175,-23.697],[-55.174,-23.703],[-55.175,-23.712],[-55.177,-23.716],[-55.173,-23.722],[-55.172,-23.727],[-55.169,-23.727],[-55.166,-23.736],[-55.157,-23.742],[-55.152,-23.739],[-55.149,-23.743],[-55.144,-23.744],[-55.136,-23.748],[-55.13,-23.747],[-55.129,-23.749],[-55.13,-23.756],[-55.132,-23.758],[-55.133,-23.765],[-55.132,-23.768],[-55.14,-23.772],[-55.142,-23.775],[-55.149,-23.777],[-55.153,-23.779],[-55.16,-23.78],[-55.161,-23.778],[-55.164,-23.782],[-55.172,-23.783],[-55.18,-23.79],[-55.191,-23.791],[-55.198,-23.797],[-55.199,-23.8],[-55.205,-23.803],[-55.207,-23.802],[-55.216,-23.801],[-55.219,-23.802],[-55.222,-23.8],[-55.225,-23.803],[-55.232,-23.802],[-55.235,-23.804],[-55.241,-23.804],[-55.242,-23.806],[-55.245,-23.804],[-55.249,-23.806],[-55.253,-23.81],[-55.261,-23.814],[-55.27,-23.821],[-55.28,-23.826],[-55.278,-23.834],[-55.276,-23.838],[-55.274,-23.849],[-55.27,-23.85],[-55.262,-23.857],[-55.259,-23.862],[-55.254,-23.872],[-55.249,-23.877],[-55.247,-23.882],[-55.242,-23.883],[-55.246,-23.885],[-55.245,-23.89],[-55.246,-23.896],[-55.244,-23.904],[-55.24,-23.913],[-55.239,-23.918],[-55.236,-23.92],[-55.245,-23.922],[-55.254,-23.926],[-55.258,-23.925],[-55.264,-23.928],[-55.271,-23.926],[-55.262,-23.992],[-55.264,-23.988],[-55.269,-23.989],[-55.271,-23.986],[-55.278,-23.985],[-55.283,-23.978],[-55.296,-23.972],[-55.304,-23.965],[-55.312,-23.965],[-55.318,-23.963],[-55.322,-23.968],[-55.325,-23.976],[-55.334,-23.989],[-55.336,-23.993],[-55.341,-23.995],[-55.349,-23.994],[-55.353,-23.99],[-55.358,-23.989],[-55.364,-23.982],[-55.373,-23.979],[-55.376,-23.98],[-55.379,-23.975],[-55.378,-23.971],[-55.388,-23.968],[-55.389,-23.972],[-55.398,-23.974],[-55.403,-23.974],[-55.402,-23.97],[-55.405,-23.965],[-55.414,-23.965],[-55.42,-23.957],[-55.417,-23.949],[-55.42,-23.944],[-55.427,-23.94],[-55.433,-23.941],[-55.428,-23.926],[-55.433,-23.924],[-55.438,-23.919],[-55.446,-23.917],[-55.445,-23.91],[-55.439,-23.905],[-55.436,-23.872],[-55.439,-23.866],[-55.439,-23.857],[-55.44,-23.854],[-55.44,-23.846],[-55.442,-23.829],[-55.447,-23.823],[-55.454,-23.819],[-55.444,-23.809],[-55.437,-23.798],[-55.435,-23.793],[-55.43,-23.79],[-55.432,-23.782],[-55.434,-23.771],[-55.443,-23.766],[-55.447,-23.76],[-55.443,-23.756],[-55.443,-23.753],[-55.447,-23.748],[-55.449,-23.742],[-55.445,-23.738],[-55.447,-23.735],[-55.442,-23.728],[-55.443,-23.723],[-55.436,-23.717],[-55.441,-23.71],[-55.442,-23.713],[-55.449,-23.712],[-55.455,-23.717],[-55.457,-23.714],[-55.463,-23.712],[-55.466,-23.704],[-55.464,-23.699],[-55.462,-23.684],[-55.467,-23.681],[-55.469,-23.677],[-55.476,-23.675],[-55.474,-23.661],[-55.475,-23.65],[-55.482,-23.644],[-55.484,-23.64],[-55.489,-23.643],[-55.493,-23.638],[-55.498,-23.638],[-55.51,-23.633],[-55.511,-23.623],[-55.53,-23.628],[-55.532,-23.63],[-55.537,-23.628],[-55.54,-23.625],[-55.536,-23.617],[-55.536,-23.61],[-55.538,-23.601],[-55.538,-23.592],[-55.531,-23.585],[-55.528,-23.58],[-55.531,-23.572],[-55.527,-23.567],[-55.536,-23.555],[-55.535,-23.551],[-55.538,-23.543],[-55.537,-23.54],[-55.543,-23.53],[-55.54,-23.525],[-55.547,-23.523],[-55.548,-23.505],[-55.552,-23.489],[-55.559,-23.489],[-55.56,-23.483]]]}},{"type":"Feature","properties":{"c":"5006408"},"geometry":{"type":"Polygon","coordinates":[[[-54.689,-17.915],[-54.691,-17.908],[-54.691,-17.888],[-54.692,-17.882],[-54.699,-17.863],[-54.704,-17.85],[-54.707,-17.846],[-54.729,-17.819],[-54.731,-17.816],[-54.746,-17.784],[-54.749,-17.774],[-54.756,-17.736],[-54.757,-17.732],[-54.752,-17.729],[-54.749,-17.729],[-54.742,-17.724],[-54.736,-17.726],[-54.732,-17.724],[-54.725,-17.724],[-54.722,-17.721],[-54.712,-17.722],[-54.703,-17.722],[-54.698,-17.719],[-54.692,-17.719],[-54.683,-17.715],[-54.67,-17.715],[-54.66,-17.712],[-54.648,-17.706],[-54.644,-17.702],[-54.636,-17.699],[-54.621,-17.698],[-54.601,-17.701],[-54.593,-17.701],[-54.582,-17.706],[-54.578,-17.708],[-54.571,-17.709],[-54.561,-17.711],[-54.555,-17.712],[-54.543,-17.709],[-54.536,-17.707],[-54.53,-17.742],[-54.527,-17.762],[-54.525,-17.758],[-54.506,-17.737],[-54.502,-17.736],[-54.494,-17.744],[-54.492,-17.747],[-54.486,-17.752],[-54.483,-17.752],[-54.479,-17.747],[-54.477,-17.738],[-54.473,-17.738],[-54.468,-17.744],[-54.465,-17.745],[-54.459,-17.743],[-54.457,-17.741],[-54.456,-17.718],[-54.452,-17.719],[-54.447,-17.728],[-54.448,-17.733],[-54.442,-17.737],[-54.444,-17.748],[-54.434,-17.746],[-54.43,-17.748],[-54.438,-17.755],[-54.437,-17.763],[-54.435,-17.767],[-54.43,-17.767],[-54.421,-17.763],[-54.417,-17.764],[-54.415,-17.769],[-54.415,-17.772],[-54.41,-17.776],[-54.413,-17.781],[-54.42,-17.78],[-54.423,-17.785],[-54.425,-17.789],[-54.424,-17.794],[-54.419,-17.792],[-54.414,-17.786],[-54.401,-17.785],[-54.399,-17.776],[-54.395,-17.774],[-54.396,-17.77],[-54.392,-17.76],[-54.386,-17.76],[-54.382,-17.765],[-54.383,-17.772],[-54.378,-17.768],[-54.374,-17.768],[-54.371,-17.765],[-54.367,-17.764],[-54.365,-17.766],[-54.365,-17.773],[-54.369,-17.78],[-54.366,-17.79],[-54.362,-17.79],[-54.361,-17.784],[-54.356,-17.784],[-54.354,-17.779],[-54.347,-17.778],[-54.341,-17.767],[-54.338,-17.769],[-54.336,-17.766],[-54.333,-17.767],[-54.331,-17.772],[-54.324,-17.765],[-54.321,-17.764],[-54.32,-17.768],[-54.314,-17.765],[-54.311,-17.772],[-54.313,-17.774],[-54.311,-17.779],[-54.305,-17.782],[-54.295,-17.78],[-54.295,-17.782],[-54.298,-17.786],[-54.296,-17.79],[-54.295,-17.796],[-54.298,-17.799],[-54.297,-17.808],[-54.296,-17.811],[-54.284,-17.807],[-54.28,-17.808],[-54.28,-17.813],[-54.272,-17.812],[-54.262,-17.815],[-54.26,-17.819],[-54.268,-17.825],[-54.274,-17.834],[-54.279,-17.836],[-54.279,-17.84],[-54.273,-17.837],[-54.272,-17.834],[-54.265,-17.834],[-54.263,-17.829],[-54.257,-17.828],[-54.253,-17.824],[-54.255,-17.819],[-54.254,-17.812],[-54.249,-17.809],[-54.248,-17.803],[-54.243,-17.805],[-54.24,-17.811],[-54.238,-17.811],[-54.241,-17.804],[-54.24,-17.801],[-54.236,-17.8],[-54.235,-17.797],[-54.238,-17.795],[-54.234,-17.79],[-54.23,-17.79],[-54.231,-17.785],[-54.226,-17.787],[-54.222,-17.791],[-54.213,-17.794],[-54.212,-17.788],[-54.218,-17.784],[-54.216,-17.777],[-54.208,-17.777],[-54.206,-17.772],[-54.201,-17.77],[-54.202,-17.763],[-54.197,-17.765],[-54.192,-17.763],[-54.189,-17.764],[-54.188,-17.759],[-54.184,-17.762],[-54.173,-17.759],[-54.172,-17.763],[-54.165,-17.764],[-54.162,-17.768],[-54.159,-17.768],[-54.159,-17.772],[-54.153,-17.772],[-54.151,-17.768],[-54.148,-17.768],[-54.145,-17.765],[-54.148,-17.763],[-54.152,-17.763],[-54.157,-17.759],[-54.153,-17.755],[-54.155,-17.752],[-54.152,-17.748],[-54.155,-17.745],[-54.148,-17.743],[-54.147,-17.745],[-54.141,-17.747],[-54.14,-17.743],[-54.144,-17.735],[-54.142,-17.732],[-54.147,-17.729],[-54.144,-17.725],[-54.149,-17.72],[-54.147,-17.718],[-54.15,-17.716],[-54.153,-17.717],[-54.152,-17.702],[-54.145,-17.704],[-54.145,-17.71],[-54.142,-17.714],[-54.139,-17.715],[-54.138,-17.711],[-54.134,-17.714],[-54.131,-17.719],[-54.129,-17.718],[-54.123,-17.719],[-54.127,-17.723],[-54.121,-17.723],[-54.121,-17.718],[-54.124,-17.715],[-54.121,-17.713],[-54.117,-17.715],[-54.118,-17.711],[-54.112,-17.713],[-54.113,-17.709],[-54.117,-17.707],[-54.116,-17.701],[-54.119,-17.697],[-54.123,-17.698],[-54.125,-17.691],[-54.12,-17.688],[-54.122,-17.686],[-54.116,-17.683],[-54.114,-17.686],[-54.11,-17.683],[-54.108,-17.685],[-54.104,-17.682],[-54.094,-17.685],[-54.096,-17.689],[-54.099,-17.691],[-54.096,-17.692],[-54.092,-17.691],[-54.088,-17.693],[-54.09,-17.686],[-54.085,-17.685],[-54.087,-17.678],[-54.092,-17.674],[-54.096,-17.674],[-54.097,-17.67],[-54.1,-17.671],[-54.102,-17.665],[-54.099,-17.662],[-54.097,-17.666],[-54.09,-17.667],[-54.089,-17.663],[-54.084,-17.664],[-54.081,-17.667],[-54.078,-17.666],[-54.073,-17.669],[-54.076,-17.666],[-54.081,-17.662],[-54.084,-17.654],[-54.076,-17.657],[-54.076,-17.651],[-54.071,-17.651],[-54.069,-17.654],[-54.065,-17.649],[-54.06,-17.653],[-54.064,-17.657],[-54.063,-17.663],[-54.067,-17.663],[-54.062,-17.665],[-54.06,-17.669],[-54.057,-17.669],[-54.059,-17.666],[-54.056,-17.662],[-54.059,-17.66],[-54.053,-17.657],[-54.056,-17.656],[-54.057,-17.652],[-54.05,-17.645],[-54.05,-17.64],[-54.047,-17.638],[-54.043,-17.641],[-54.044,-17.646],[-54.038,-17.645],[-54.036,-17.641],[-54.032,-17.642],[-54.028,-17.645],[-54.029,-17.648],[-54.026,-17.652],[-54.02,-17.645],[-54.016,-17.645],[-54.013,-17.653],[-54.02,-17.657],[-54.015,-17.659],[-54.015,-17.666],[-54.019,-17.666],[-54.022,-17.67],[-54.016,-17.669],[-54.012,-17.671],[-54.003,-17.67],[-54.0,-17.671],[-53.997,-17.669],[-53.989,-17.673],[-53.99,-17.666],[-53.994,-17.665],[-53.993,-17.662],[-53.998,-17.663],[-54.002,-17.661],[-54.003,-17.658],[-53.997,-17.652],[-53.995,-17.654],[-53.991,-17.651],[-53.997,-17.648],[-53.99,-17.645],[-53.993,-17.642],[-53.991,-17.639],[-53.992,-17.637],[-53.987,-17.638],[-53.984,-17.637],[-53.979,-17.641],[-53.982,-17.643],[-53.973,-17.644],[-53.974,-17.65],[-53.973,-17.651],[-53.971,-17.646],[-53.967,-17.648],[-53.965,-17.645],[-53.967,-17.644],[-53.963,-17.641],[-53.966,-17.637],[-53.962,-17.637],[-53.962,-17.634],[-53.958,-17.634],[-53.957,-17.638],[-53.959,-17.641],[-53.955,-17.645],[-53.953,-17.643],[-53.946,-17.646],[-53.945,-17.649],[-53.948,-17.651],[-53.948,-17.654],[-53.944,-17.651],[-53.938,-17.65],[-53.929,-17.652],[-53.933,-17.656],[-53.931,-17.657],[-53.933,-17.66],[-53.938,-17.661],[-53.936,-17.664],[-53.929,-17.662],[-53.928,-17.667],[-53.93,-17.671],[-53.935,-17.672],[-53.943,-17.67],[-53.945,-17.673],[-53.937,-17.674],[-53.933,-17.677],[-53.931,-17.674],[-53.928,-17.675],[-53.919,-17.672],[-53.921,-17.679],[-53.918,-17.681],[-53.921,-17.687],[-53.928,-17.684],[-53.929,-17.69],[-53.928,-17.694],[-53.921,-17.695],[-53.915,-17.694],[-53.916,-17.689],[-53.911,-17.688],[-53.91,-17.686],[-53.91,-17.68],[-53.907,-17.68],[-53.905,-17.677],[-53.901,-17.679],[-53.902,-17.681],[-53.899,-17.685],[-53.9,-17.688],[-53.896,-17.692],[-53.896,-17.696],[-53.898,-17.699],[-53.89,-17.702],[-53.885,-17.699],[-53.886,-17.696],[-53.882,-17.693],[-53.877,-17.695],[-53.875,-17.692],[-53.88,-17.69],[-53.886,-17.69],[-53.89,-17.688],[-53.881,-17.682],[-53.881,-17.678],[-53.887,-17.677],[-53.888,-17.673],[-53.891,-17.674],[-53.896,-17.671],[-53.91,-17.672],[-53.907,-17.662],[-53.903,-17.664],[-53.902,-17.661],[-53.897,-17.659],[-53.897,-17.656],[-53.893,-17.651],[-53.892,-17.656],[-53.887,-17.655],[-53.886,-17.658],[-53.88,-17.657],[-53.877,-17.66],[-53.871,-17.661],[-53.872,-17.658],[-53.869,-17.654],[-53.866,-17.654],[-53.865,-17.65],[-53.861,-17.648],[-53.856,-17.65],[-53.854,-17.652],[-53.848,-17.647],[-53.851,-17.643],[-53.844,-17.64],[-53.837,-17.642],[-53.836,-17.639],[-53.83,-17.637],[-53.829,-17.642],[-53.826,-17.645],[-53.822,-17.643],[-53.823,-17.647],[-53.827,-17.648],[-53.828,-17.652],[-53.822,-17.656],[-53.825,-17.658],[-53.819,-17.662],[-53.818,-17.665],[-53.815,-17.662],[-53.81,-17.654],[-53.808,-17.655],[-53.804,-17.653],[-53.803,-17.656],[-53.794,-17.655],[-53.788,-17.651],[-53.785,-17.652],[-53.784,-17.66],[-53.78,-17.662],[-53.778,-17.668],[-53.77,-17.669],[-53.767,-17.667],[-53.765,-17.672],[-53.757,-17.673],[-53.765,-17.674],[-53.772,-17.673],[-53.778,-17.674],[-53.779,-17.672],[-53.785,-17.676],[-53.794,-17.675],[-53.799,-17.671],[-53.803,-17.673],[-53.806,-17.672],[-53.813,-17.681],[-53.819,-17.684],[-53.825,-17.688],[-53.831,-17.689],[-53.839,-17.69],[-53.844,-17.693],[-53.846,-17.698],[-53.849,-17.697],[-53.856,-17.703],[-53.861,-17.721],[-53.866,-17.727],[-53.875,-17.73],[-53.877,-17.732],[-53.878,-17.739],[-53.886,-17.747],[-53.888,-17.749],[-53.89,-17.755],[-53.894,-17.761],[-53.894,-17.767],[-53.896,-17.769],[-53.895,-17.777],[-53.9,-17.783],[-53.903,-17.788],[-53.907,-17.79],[-53.906,-17.793],[-53.91,-17.798],[-53.91,-17.804],[-53.913,-17.808],[-53.918,-17.811],[-53.921,-17.818],[-53.926,-17.821],[-53.936,-17.832],[-53.937,-17.836],[-53.941,-17.84],[-53.944,-17.85],[-53.948,-17.856],[-53.948,-17.862],[-53.952,-17.869],[-53.955,-17.871],[-53.952,-17.875],[-53.956,-17.883],[-53.954,-17.889],[-53.95,-17.894],[-53.948,-17.899],[-53.951,-17.903],[-53.946,-17.904],[-53.945,-17.907],[-53.952,-17.915],[-53.952,-17.916],[-53.953,-17.923],[-53.955,-17.924],[-53.957,-17.921],[-53.96,-17.925],[-53.965,-17.929],[-53.97,-17.935],[-53.973,-17.933],[-53.973,-17.93],[-53.976,-17.933],[-53.972,-17.937],[-53.972,-17.94],[-53.977,-17.941],[-53.98,-17.935],[-53.983,-17.934],[-53.986,-17.936],[-53.985,-17.941],[-53.989,-17.942],[-53.992,-17.936],[-53.994,-17.943],[-53.997,-17.94],[-54.003,-17.944],[-54.007,-17.941],[-54.006,-17.945],[-54.008,-17.948],[-54.014,-17.95],[-54.018,-17.95],[-54.019,-17.953],[-54.023,-17.952],[-54.033,-17.953],[-54.034,-17.957],[-54.038,-17.958],[-54.038,-17.962],[-54.041,-17.964],[-54.036,-17.972],[-54.037,-17.973],[-54.043,-17.972],[-54.046,-17.974],[-54.048,-17.978],[-54.051,-17.98],[-54.05,-17.985],[-54.053,-17.987],[-54.052,-17.992],[-54.055,-17.992],[-54.06,-17.989],[-54.062,-17.991],[-54.061,-17.998],[-54.063,-18.002],[-54.062,-18.007],[-54.065,-18.008],[-54.07,-18.012],[-54.075,-18.011],[-54.076,-18.013],[-54.073,-18.016],[-54.069,-18.016],[-54.069,-18.025],[-54.071,-18.026],[-54.073,-18.03],[-54.068,-18.035],[-54.071,-18.039],[-54.07,-18.044],[-54.078,-18.04],[-54.08,-18.043],[-54.079,-18.046],[-54.073,-18.048],[-54.074,-18.051],[-54.067,-18.06],[-54.068,-18.064],[-54.073,-18.06],[-54.074,-18.056],[-54.078,-18.058],[-54.078,-18.063],[-54.081,-18.06],[-54.083,-18.061],[-54.082,-18.066],[-54.085,-18.065],[-54.089,-18.07],[-54.089,-18.076],[-54.086,-18.078],[-54.084,-18.074],[-54.08,-18.074],[-54.081,-18.078],[-54.087,-18.082],[-54.084,-18.084],[-54.084,-18.089],[-54.091,-18.09],[-54.095,-18.089],[-54.1,-18.085],[-54.102,-18.09],[-54.098,-18.092],[-54.105,-18.096],[-54.104,-18.1],[-54.105,-18.101],[-54.104,-18.105],[-54.109,-18.102],[-54.12,-18.096],[-54.121,-18.099],[-54.118,-18.102],[-54.123,-18.105],[-54.123,-18.099],[-54.125,-18.099],[-54.129,-18.104],[-54.134,-18.103],[-54.139,-18.104],[-54.144,-18.1],[-54.147,-18.099],[-54.151,-18.101],[-54.154,-18.098],[-54.151,-18.093],[-54.156,-18.095],[-54.159,-18.093],[-54.169,-18.093],[-54.172,-18.092],[-54.182,-18.094],[-54.189,-18.089],[-54.194,-18.089],[-54.203,-18.091],[-54.213,-18.095],[-54.219,-18.096],[-54.224,-18.093],[-54.23,-18.093],[-54.238,-18.096],[-54.242,-18.1],[-54.25,-18.104],[-54.249,-18.111],[-54.251,-18.112],[-54.256,-18.109],[-54.264,-18.111],[-54.27,-18.111],[-54.272,-18.123],[-54.272,-18.129],[-54.276,-18.132],[-54.28,-18.131],[-54.281,-18.128],[-54.279,-18.122],[-54.282,-18.118],[-54.285,-18.118],[-54.287,-18.123],[-54.292,-18.126],[-54.298,-18.126],[-54.304,-18.127],[-54.305,-18.13],[-54.304,-18.136],[-54.307,-18.137],[-54.314,-18.135],[-54.326,-18.136],[-54.329,-18.135],[-54.336,-18.132],[-54.339,-18.133],[-54.342,-18.137],[-54.346,-18.14],[-54.358,-18.138],[-54.363,-18.14],[-54.381,-18.144],[-54.385,-18.147],[-54.388,-18.147],[-54.397,-18.141],[-54.395,-18.135],[-54.396,-18.127],[-54.401,-18.126],[-54.409,-18.133],[-54.413,-18.133],[-54.418,-18.13],[-54.421,-18.13],[-54.422,-18.136],[-54.425,-18.136],[-54.43,-18.134],[-54.432,-18.136],[-54.44,-18.152],[-54.445,-18.152],[-54.452,-18.151],[-54.456,-18.154],[-54.47,-18.162],[-54.471,-18.168],[-54.476,-18.169],[-54.483,-18.177],[-54.49,-18.182],[-54.496,-18.184],[-54.502,-18.189],[-54.51,-18.191],[-54.523,-18.19],[-54.529,-18.194],[-54.534,-18.202],[-54.551,-18.21],[-54.555,-18.216],[-54.56,-18.228],[-54.565,-18.231],[-54.567,-18.236],[-54.57,-18.239],[-54.575,-18.241],[-54.578,-18.247],[-54.581,-18.247],[-54.584,-18.251],[-54.587,-18.269],[-54.588,-18.274],[-54.592,-18.279],[-54.596,-18.276],[-54.597,-18.271],[-54.6,-18.268],[-54.601,-18.262],[-54.603,-18.251],[-54.601,-18.24],[-54.599,-18.237],[-54.6,-18.232],[-54.599,-18.225],[-54.596,-18.22],[-54.596,-18.216],[-54.6,-18.213],[-54.601,-18.207],[-54.599,-18.203],[-54.6,-18.198],[-54.598,-18.191],[-54.6,-18.188],[-54.61,-18.18],[-54.613,-18.176],[-54.654,-18.186],[-54.657,-18.178],[-54.666,-18.16],[-54.676,-18.149],[-54.695,-18.135],[-54.699,-18.129],[-54.7,-18.123],[-54.696,-18.103],[-54.691,-18.074],[-54.682,-18.023],[-54.679,-18.007],[-54.677,-17.964],[-54.689,-17.915]]]}},{"type":"Feature","properties":{"c":"5006606"},"geometry":{"type":"Polygon","coordinates":[[[-55.767,-22.384],[-55.767,-22.378],[-55.764,-22.372],[-55.756,-22.369],[-55.751,-22.358],[-55.751,-22.355],[-55.748,-22.346],[-55.749,-22.342],[-55.753,-22.337],[-55.759,-22.323],[-55.757,-22.314],[-55.757,-22.308],[-55.754,-22.304],[-55.753,-22.298],[-55.749,-22.291],[-55.746,-22.282],[-55.744,-22.284],[-55.741,-22.281],[-55.74,-22.278],[-55.736,-22.279],[-55.731,-22.277],[-55.731,-22.273],[-55.725,-22.266],[-55.722,-22.266],[-55.724,-22.262],[-55.718,-22.256],[-55.715,-22.257],[-55.711,-22.25],[-55.709,-22.252],[-55.707,-22.25],[-55.709,-22.247],[-55.709,-22.242],[-55.712,-22.237],[-55.706,-22.238],[-55.705,-22.236],[-55.713,-22.229],[-55.71,-22.222],[-55.707,-22.222],[-55.704,-22.216],[-55.701,-22.215],[-55.701,-22.207],[-55.699,-22.202],[-55.695,-22.201],[-55.691,-22.205],[-55.689,-22.197],[-55.685,-22.194],[-55.686,-22.19],[-55.684,-22.189],[-55.688,-22.186],[-55.688,-22.184],[-55.692,-22.185],[-55.692,-22.18],[-55.687,-22.18],[-55.688,-22.177],[-55.684,-22.179],[-55.68,-22.177],[-55.678,-22.17],[-55.671,-22.17],[-55.674,-22.166],[-55.67,-22.162],[-55.664,-22.16],[-55.658,-22.162],[-55.66,-22.155],[-55.666,-22.157],[-55.667,-22.154],[-55.662,-22.151],[-55.663,-22.149],[-55.659,-22.148],[-55.661,-22.145],[-55.666,-22.142],[-55.662,-22.141],[-55.657,-22.139],[-55.652,-22.134],[-55.65,-22.134],[-55.643,-22.137],[-55.64,-22.131],[-55.643,-22.128],[-55.646,-22.134],[-55.65,-22.128],[-55.645,-22.121],[-55.655,-22.119],[-55.658,-22.115],[-55.664,-22.113],[-55.66,-22.119],[-55.663,-22.122],[-55.668,-22.12],[-55.668,-22.124],[-55.672,-22.127],[-55.677,-22.126],[-55.674,-22.122],[-55.675,-22.118],[-55.682,-22.12],[-55.686,-22.123],[-55.681,-22.127],[-55.68,-22.131],[-55.688,-22.13],[-55.692,-22.133],[-55.691,-22.136],[-55.694,-22.139],[-55.698,-22.138],[-55.699,-22.134],[-55.697,-22.127],[-55.699,-22.128],[-55.702,-22.125],[-55.7,-22.123],[-55.702,-22.12],[-55.705,-22.122],[-55.709,-22.116],[-55.714,-22.114],[-55.717,-22.117],[-55.717,-22.123],[-55.722,-22.118],[-55.729,-22.119],[-55.735,-22.123],[-55.74,-22.12],[-55.742,-22.122],[-55.749,-22.123],[-55.748,-22.118],[-55.755,-22.116],[-55.753,-22.118],[-55.764,-22.121],[-55.766,-22.124],[-55.766,-22.13],[-55.771,-22.128],[-55.774,-22.132],[-55.772,-22.136],[-55.773,-22.142],[-55.785,-22.145],[-55.785,-22.148],[-55.79,-22.148],[-55.793,-22.15],[-55.799,-22.151],[-55.807,-22.148],[-55.815,-22.152],[-55.815,-22.15],[-55.819,-22.147],[-55.834,-22.141],[-55.838,-22.14],[-55.849,-22.143],[-55.859,-22.142],[-55.861,-22.144],[-55.868,-22.147],[-55.869,-22.146],[-55.877,-22.15],[-55.883,-22.142],[-55.89,-22.135],[-55.898,-22.133],[-55.908,-22.121],[-55.909,-22.118],[-55.914,-22.116],[-55.925,-22.106],[-55.934,-22.102],[-55.94,-22.096],[-55.947,-22.094],[-55.949,-22.096],[-55.958,-22.095],[-55.961,-22.093],[-55.967,-22.095],[-55.971,-22.099],[-55.974,-22.094],[-55.984,-22.089],[-55.988,-22.081],[-55.993,-22.081],[-55.999,-22.076],[-55.999,-22.071],[-56.003,-22.069],[-56.005,-22.064],[-56.005,-22.059],[-56.009,-22.058],[-56.015,-22.061],[-56.017,-22.057],[-56.011,-22.053],[-56.012,-22.048],[-56.014,-22.049],[-56.021,-22.048],[-56.023,-22.05],[-56.027,-22.047],[-56.029,-22.039],[-56.035,-22.036],[-56.046,-22.037],[-56.056,-22.026],[-56.06,-22.026],[-56.058,-22.022],[-56.051,-22.019],[-56.044,-22.02],[-56.044,-22.024],[-56.037,-22.022],[-56.033,-22.018],[-56.034,-22.015],[-56.028,-22.01],[-56.03,-22.008],[-56.029,-22.003],[-56.032,-22.003],[-56.035,-22.006],[-56.04,-22.004],[-56.036,-22.0],[-56.029,-21.997],[-56.028,-21.994],[-56.02,-21.992],[-56.023,-21.989],[-56.024,-21.986],[-56.02,-21.98],[-56.022,-21.977],[-56.028,-21.983],[-56.029,-21.987],[-56.034,-21.987],[-56.039,-21.991],[-56.047,-21.994],[-56.04,-21.979],[-56.036,-21.977],[-56.041,-21.976],[-56.044,-21.978],[-56.046,-21.972],[-56.051,-21.978],[-56.054,-21.971],[-56.056,-21.978],[-56.059,-21.979],[-56.059,-21.983],[-56.06,-21.989],[-56.063,-21.988],[-56.064,-21.981],[-56.066,-21.979],[-56.062,-21.97],[-56.065,-21.966],[-56.07,-21.97],[-56.074,-21.969],[-56.074,-21.973],[-56.078,-21.971],[-56.08,-21.974],[-56.081,-21.968],[-56.075,-21.962],[-56.081,-21.96],[-56.082,-21.955],[-56.073,-21.954],[-56.069,-21.951],[-56.065,-21.951],[-56.06,-21.955],[-56.061,-21.95],[-56.066,-21.948],[-56.072,-21.948],[-56.075,-21.946],[-56.07,-21.942],[-56.061,-21.939],[-56.062,-21.929],[-56.066,-21.932],[-56.071,-21.934],[-56.081,-21.931],[-56.08,-21.924],[-56.074,-21.925],[-56.074,-21.92],[-56.07,-21.919],[-56.07,-21.916],[-56.073,-21.914],[-56.073,-21.908],[-56.081,-21.913],[-56.087,-21.913],[-56.091,-21.921],[-56.094,-21.923],[-56.102,-21.925],[-56.105,-21.927],[-56.111,-21.927],[-56.11,-21.924],[-56.1,-21.918],[-56.096,-21.918],[-56.095,-21.913],[-56.084,-21.907],[-56.093,-21.904],[-56.095,-21.906],[-56.099,-21.903],[-56.097,-21.9],[-56.091,-21.895],[-56.087,-21.894],[-56.082,-21.895],[-56.08,-21.894],[-56.076,-21.896],[-56.072,-21.889],[-56.064,-21.885],[-56.061,-21.889],[-56.067,-21.893],[-56.067,-21.897],[-56.062,-21.896],[-56.061,-21.899],[-56.055,-21.897],[-56.057,-21.909],[-56.053,-21.915],[-56.05,-21.913],[-56.045,-21.914],[-56.042,-21.919],[-56.04,-21.915],[-56.044,-21.91],[-56.047,-21.903],[-56.041,-21.894],[-56.041,-21.89],[-56.045,-21.888],[-56.044,-21.883],[-56.04,-21.882],[-56.037,-21.884],[-56.031,-21.884],[-56.027,-21.882],[-56.025,-21.884],[-56.027,-21.891],[-56.031,-21.895],[-56.027,-21.896],[-56.025,-21.893],[-56.014,-21.895],[-56.017,-21.901],[-56.02,-21.904],[-56.023,-21.905],[-56.02,-21.908],[-56.021,-21.917],[-56.022,-21.922],[-56.019,-21.923],[-56.018,-21.916],[-56.016,-21.914],[-56.014,-21.907],[-56.009,-21.903],[-56.011,-21.909],[-56.01,-21.911],[-56.003,-21.91],[-55.999,-21.908],[-55.995,-21.91],[-55.993,-21.914],[-55.99,-21.915],[-55.992,-21.925],[-55.991,-21.927],[-55.988,-21.923],[-55.981,-21.923],[-55.978,-21.928],[-55.98,-21.921],[-55.986,-21.921],[-55.988,-21.918],[-55.985,-21.915],[-55.979,-21.915],[-55.983,-21.91],[-55.98,-21.904],[-55.987,-21.907],[-55.997,-21.904],[-56.003,-21.903],[-55.998,-21.896],[-55.988,-21.894],[-55.996,-21.891],[-55.993,-21.887],[-55.997,-21.886],[-56.001,-21.881],[-56.012,-21.878],[-56.008,-21.874],[-56.006,-21.875],[-56.003,-21.871],[-55.994,-21.875],[-55.991,-21.874],[-55.985,-21.875],[-55.982,-21.878],[-55.98,-21.873],[-55.984,-21.87],[-55.979,-21.862],[-55.981,-21.861],[-55.987,-21.866],[-55.993,-21.867],[-55.995,-21.86],[-55.999,-21.864],[-56.005,-21.863],[-56.01,-21.865],[-56.014,-21.862],[-56.005,-21.856],[-56.006,-21.85],[-56.003,-21.846],[-56.011,-21.845],[-56.014,-21.847],[-56.015,-21.845],[-56.014,-21.842],[-56.023,-21.843],[-56.027,-21.845],[-56.028,-21.842],[-56.032,-21.842],[-56.034,-21.835],[-56.032,-21.833],[-56.029,-21.836],[-56.021,-21.837],[-56.016,-21.836],[-56.013,-21.833],[-56.005,-21.834],[-56.01,-21.831],[-56.008,-21.826],[-56.008,-21.818],[-56.015,-21.824],[-56.019,-21.825],[-56.021,-21.822],[-56.017,-21.818],[-56.019,-21.817],[-56.015,-21.813],[-56.02,-21.812],[-56.019,-21.809],[-56.012,-21.806],[-56.011,-21.803],[-56.013,-21.801],[-56.013,-21.797],[-56.018,-21.796],[-56.018,-21.79],[-56.023,-21.787],[-56.021,-21.783],[-56.018,-21.785],[-56.016,-21.781],[-56.009,-21.782],[-56.012,-21.787],[-56.015,-21.793],[-56.013,-21.794],[-56.004,-21.803],[-56.008,-21.805],[-56.01,-21.811],[-56.003,-21.813],[-56.0,-21.812],[-55.998,-21.818],[-55.989,-21.817],[-55.993,-21.822],[-55.995,-21.826],[-55.992,-21.834],[-55.992,-21.838],[-55.988,-21.835],[-55.985,-21.834],[-55.984,-21.839],[-55.987,-21.84],[-55.983,-21.845],[-55.979,-21.839],[-55.977,-21.834],[-55.973,-21.833],[-55.971,-21.838],[-55.972,-21.843],[-55.97,-21.848],[-55.965,-21.857],[-55.966,-21.848],[-55.964,-21.847],[-55.966,-21.843],[-55.963,-21.839],[-55.965,-21.833],[-55.969,-21.827],[-55.968,-21.822],[-55.964,-21.819],[-55.962,-21.822],[-55.957,-21.821],[-55.957,-21.831],[-55.952,-21.829],[-55.95,-21.833],[-55.948,-21.833],[-55.95,-21.837],[-55.949,-21.84],[-55.951,-21.844],[-55.946,-21.843],[-55.946,-21.85],[-55.949,-21.854],[-55.941,-21.848],[-55.937,-21.847],[-55.936,-21.849],[-55.938,-21.856],[-55.934,-21.855],[-55.928,-21.859],[-55.924,-21.86],[-55.928,-21.864],[-55.928,-21.866],[-55.922,-21.861],[-55.922,-21.859],[-55.933,-21.853],[-55.931,-21.852],[-55.929,-21.847],[-55.922,-21.844],[-55.917,-21.846],[-55.92,-21.842],[-55.928,-21.842],[-55.929,-21.839],[-55.934,-21.839],[-55.933,-21.837],[-55.922,-21.832],[-55.928,-21.831],[-55.932,-21.826],[-55.936,-21.825],[-55.933,-21.82],[-55.928,-21.822],[-55.921,-21.82],[-55.918,-21.821],[-55.918,-21.816],[-55.91,-21.816],[-55.906,-21.821],[-55.905,-21.819],[-55.908,-21.814],[-55.902,-21.81],[-55.898,-21.813],[-55.894,-21.811],[-55.898,-21.811],[-55.9,-21.806],[-55.904,-21.808],[-55.911,-21.808],[-55.909,-21.81],[-55.912,-21.813],[-55.92,-21.811],[-55.923,-21.813],[-55.927,-21.811],[-55.927,-21.805],[-55.933,-21.807],[-55.935,-21.804],[-55.938,-21.805],[-55.939,-21.81],[-55.945,-21.813],[-55.947,-21.811],[-55.944,-21.808],[-55.948,-21.804],[-55.954,-21.806],[-55.955,-21.805],[-55.962,-21.805],[-55.97,-21.802],[-55.967,-21.8],[-55.954,-21.802],[-55.952,-21.803],[-55.946,-21.802],[-55.945,-21.797],[-55.947,-21.797],[-55.955,-21.792],[-55.951,-21.788],[-55.945,-21.788],[-55.944,-21.79],[-55.94,-21.786],[-55.931,-21.79],[-55.931,-21.794],[-55.928,-21.792],[-55.923,-21.794],[-55.926,-21.788],[-55.92,-21.785],[-55.93,-21.783],[-55.931,-21.78],[-55.936,-21.78],[-55.937,-21.776],[-55.928,-21.774],[-55.928,-21.77],[-55.923,-21.775],[-55.924,-21.778],[-55.916,-21.776],[-55.912,-21.773],[-55.917,-21.77],[-55.914,-21.767],[-55.914,-21.769],[-55.909,-21.769],[-55.906,-21.772],[-55.907,-21.776],[-55.904,-21.775],[-55.904,-21.78],[-55.9,-21.777],[-55.897,-21.772],[-55.891,-21.778],[-55.89,-21.775],[-55.885,-21.776],[-55.885,-21.781],[-55.883,-21.785],[-55.879,-21.786],[-55.879,-21.789],[-55.873,-21.793],[-55.876,-21.786],[-55.872,-21.779],[-55.867,-21.78],[-55.865,-21.777],[-55.857,-21.777],[-55.859,-21.774],[-55.862,-21.776],[-55.861,-21.771],[-55.865,-21.774],[-55.873,-21.774],[-55.878,-21.776],[-55.879,-21.771],[-55.877,-21.767],[-55.882,-21.77],[-55.884,-21.767],[-55.881,-21.764],[-55.876,-21.764],[-55.875,-21.762],[-55.881,-21.761],[-55.889,-21.764],[-55.895,-21.763],[-55.893,-21.761],[-55.89,-21.754],[-55.882,-21.756],[-55.884,-21.753],[-55.881,-21.749],[-55.887,-21.75],[-55.891,-21.749],[-55.892,-21.746],[-55.889,-21.743],[-55.891,-21.738],[-55.884,-21.739],[-55.886,-21.737],[-55.882,-21.733],[-55.886,-21.733],[-55.889,-21.735],[-55.897,-21.736],[-55.899,-21.732],[-55.899,-21.741],[-55.904,-21.742],[-55.905,-21.738],[-55.909,-21.743],[-55.913,-21.741],[-55.912,-21.731],[-55.918,-21.737],[-55.921,-21.735],[-55.92,-21.739],[-55.921,-21.743],[-55.93,-21.742],[-55.93,-21.74],[-55.927,-21.736],[-55.936,-21.735],[-55.939,-21.74],[-55.944,-21.741],[-55.943,-21.732],[-55.944,-21.73],[-55.937,-21.727],[-55.935,-21.728],[-55.934,-21.732],[-55.931,-21.728],[-55.924,-21.731],[-55.921,-21.728],[-55.926,-21.727],[-55.933,-21.723],[-55.933,-21.72],[-55.928,-21.718],[-55.923,-21.72],[-55.921,-21.718],[-55.916,-21.716],[-55.913,-21.722],[-55.912,-21.716],[-55.909,-21.712],[-55.905,-21.714],[-55.899,-21.712],[-55.904,-21.711],[-55.906,-21.709],[-55.904,-21.704],[-55.91,-21.707],[-55.915,-21.712],[-55.916,-21.705],[-55.918,-21.711],[-55.923,-21.711],[-55.923,-21.706],[-55.925,-21.703],[-55.924,-21.7],[-55.927,-21.698],[-55.929,-21.695],[-55.931,-21.697],[-55.93,-21.707],[-55.934,-21.708],[-55.938,-21.703],[-55.938,-21.71],[-55.942,-21.709],[-55.947,-21.716],[-55.951,-21.717],[-55.952,-21.714],[-55.948,-21.71],[-55.948,-21.706],[-55.953,-21.706],[-55.951,-21.702],[-55.946,-21.7],[-55.948,-21.694],[-55.951,-21.695],[-55.951,-21.689],[-55.958,-21.687],[-55.946,-21.686],[-55.941,-21.69],[-55.934,-21.686],[-55.94,-21.684],[-55.946,-21.68],[-55.939,-21.675],[-55.941,-21.671],[-55.946,-21.673],[-55.949,-21.672],[-55.951,-21.676],[-55.953,-21.673],[-55.952,-21.67],[-55.958,-21.668],[-55.953,-21.662],[-55.957,-21.657],[-55.96,-21.658],[-55.96,-21.654],[-55.963,-21.657],[-55.971,-21.657],[-55.974,-21.655],[-55.963,-21.65],[-55.964,-21.646],[-55.97,-21.645],[-55.972,-21.643],[-55.971,-21.638],[-55.968,-21.638],[-55.965,-21.634],[-55.963,-21.635],[-55.963,-21.639],[-55.958,-21.643],[-55.953,-21.638],[-55.947,-21.637],[-55.957,-21.645],[-55.959,-21.651],[-55.951,-21.648],[-55.95,-21.65],[-55.945,-21.647],[-55.942,-21.648],[-55.945,-21.653],[-55.946,-21.662],[-55.942,-21.664],[-55.938,-21.662],[-55.935,-21.662],[-55.935,-21.669],[-55.932,-21.671],[-55.933,-21.677],[-55.927,-21.677],[-55.927,-21.674],[-55.923,-21.67],[-55.927,-21.666],[-55.925,-21.664],[-55.923,-21.656],[-55.925,-21.653],[-55.924,-21.646],[-55.919,-21.646],[-55.915,-21.643],[-55.921,-21.653],[-55.919,-21.657],[-55.921,-21.665],[-55.918,-21.666],[-55.922,-21.672],[-55.922,-21.678],[-55.918,-21.678],[-55.921,-21.685],[-55.915,-21.688],[-55.912,-21.682],[-55.91,-21.684],[-55.905,-21.684],[-55.908,-21.681],[-55.908,-21.677],[-55.911,-21.677],[-55.91,-21.673],[-55.904,-21.673],[-55.904,-21.667],[-55.906,-21.664],[-55.904,-21.658],[-55.905,-21.656],[-55.9,-21.653],[-55.902,-21.658],[-55.897,-21.662],[-55.895,-21.665],[-55.896,-21.671],[-55.891,-21.665],[-55.887,-21.654],[-55.883,-21.657],[-55.886,-21.659],[-55.886,-21.665],[-55.89,-21.672],[-55.887,-21.676],[-55.887,-21.681],[-55.885,-21.684],[-55.884,-21.676],[-55.885,-21.673],[-55.88,-21.668],[-55.879,-21.663],[-55.874,-21.66],[-55.874,-21.655],[-55.868,-21.655],[-55.868,-21.665],[-55.871,-21.669],[-55.873,-21.675],[-55.868,-21.673],[-55.869,-21.677],[-55.867,-21.681],[-55.874,-21.686],[-55.87,-21.693],[-55.865,-21.69],[-55.862,-21.691],[-55.864,-21.687],[-55.869,-21.689],[-55.869,-21.685],[-55.865,-21.686],[-55.862,-21.684],[-55.862,-21.679],[-55.864,-21.672],[-55.861,-21.67],[-55.86,-21.665],[-55.858,-21.667],[-55.859,-21.669],[-55.857,-21.67],[-55.859,-21.675],[-55.853,-21.674],[-55.852,-21.672],[-55.847,-21.681],[-55.845,-21.68],[-55.846,-21.675],[-55.847,-21.672],[-55.845,-21.668],[-55.852,-21.667],[-55.846,-21.661],[-55.851,-21.662],[-55.854,-21.66],[-55.85,-21.654],[-55.854,-21.655],[-55.858,-21.653],[-55.86,-21.649],[-55.858,-21.647],[-55.859,-21.644],[-55.855,-21.644],[-55.855,-21.646],[-55.849,-21.644],[-55.849,-21.649],[-55.842,-21.646],[-55.841,-21.652],[-55.837,-21.651],[-55.841,-21.657],[-55.833,-21.661],[-55.83,-21.66],[-55.829,-21.663],[-55.824,-21.662],[-55.823,-21.665],[-55.818,-21.666],[-55.82,-21.673],[-55.816,-21.672],[-55.813,-21.673],[-55.816,-21.674],[-55.812,-21.679],[-55.811,-21.684],[-55.806,-21.683],[-55.805,-21.688],[-55.801,-21.688],[-55.802,-21.691],[-55.796,-21.692],[-55.794,-21.696],[-55.797,-21.699],[-55.795,-21.703],[-55.788,-21.703],[-55.787,-21.708],[-55.781,-21.715],[-55.784,-21.719],[-55.776,-21.725],[-55.776,-21.727],[-55.771,-21.73],[-55.766,-21.728],[-55.762,-21.733],[-55.76,-21.738],[-55.761,-21.744],[-55.76,-21.749],[-55.755,-21.754],[-55.752,-21.764],[-55.749,-21.767],[-55.741,-21.776],[-55.733,-21.78],[-55.731,-21.787],[-55.714,-21.756],[-55.711,-21.755],[-55.706,-21.755],[-55.693,-21.762],[-55.688,-21.761],[-55.68,-21.763],[-55.677,-21.765],[-55.665,-21.779],[-55.658,-21.78],[-55.65,-21.785],[-55.646,-21.785],[-55.639,-21.788],[-55.634,-21.785],[-55.623,-21.784],[-55.618,-21.786],[-55.612,-21.786],[-55.606,-21.79],[-55.603,-21.795],[-55.596,-21.8],[-55.594,-21.805],[-55.589,-21.808],[-55.585,-21.806],[-55.585,-21.801],[-55.577,-21.802],[-55.57,-21.797],[-55.563,-21.799],[-55.562,-21.804],[-55.558,-21.804],[-55.554,-21.809],[-55.551,-21.808],[-55.551,-21.804],[-55.544,-21.798],[-55.541,-21.801],[-55.543,-21.808],[-55.539,-21.811],[-55.54,-21.814],[-55.537,-21.815],[-55.537,-21.819],[-55.529,-21.82],[-55.53,-21.826],[-55.528,-21.83],[-55.525,-21.827],[-55.525,-21.824],[-55.521,-21.823],[-55.517,-21.827],[-55.513,-21.828],[-55.509,-21.832],[-55.511,-21.838],[-55.51,-21.843],[-55.513,-21.845],[-55.508,-21.851],[-55.503,-21.853],[-55.502,-21.85],[-55.493,-21.846],[-55.491,-21.843],[-55.486,-21.845],[-55.488,-21.852],[-55.483,-21.853],[-55.479,-21.851],[-55.476,-21.855],[-55.472,-21.853],[-55.472,-21.857],[-55.475,-21.858],[-55.474,-21.864],[-55.467,-21.866],[-55.463,-21.862],[-55.469,-21.873],[-55.462,-21.874],[-55.458,-21.87],[-55.451,-21.872],[-55.444,-21.868],[-55.44,-21.87],[-55.44,-21.879],[-55.434,-21.875],[-55.421,-21.87],[-55.418,-21.88],[-55.414,-21.881],[-55.412,-21.885],[-55.414,-21.89],[-55.412,-21.895],[-55.423,-21.902],[-55.427,-21.912],[-55.433,-21.928],[-55.438,-21.937],[-55.455,-21.946],[-55.461,-21.947],[-55.47,-21.952],[-55.478,-21.956],[-55.485,-21.962],[-55.487,-21.972],[-55.523,-21.984],[-55.524,-21.988],[-55.514,-21.999],[-55.511,-22.007],[-55.511,-22.015],[-55.504,-22.025],[-55.499,-22.035],[-55.503,-22.039],[-55.502,-22.042],[-55.501,-22.052],[-55.496,-22.063],[-55.496,-22.071],[-55.497,-22.075],[-55.496,-22.085],[-55.498,-22.096],[-55.494,-22.103],[-55.494,-22.109],[-55.493,-22.11],[-55.494,-22.115],[-55.495,-22.118],[-55.489,-22.123],[-55.486,-22.121],[-55.485,-22.124],[-55.48,-22.124],[-55.478,-22.126],[-55.471,-22.124],[-55.464,-22.126],[-55.457,-22.138],[-55.451,-22.145],[-55.447,-22.148],[-55.445,-22.143],[-55.448,-22.141],[-55.446,-22.138],[-55.44,-22.142],[-55.437,-22.146],[-55.431,-22.144],[-55.428,-22.139],[-55.424,-22.143],[-55.422,-22.149],[-55.418,-22.149],[-55.415,-22.151],[-55.416,-22.155],[-55.41,-22.155],[-55.405,-22.153],[-55.404,-22.147],[-55.409,-22.142],[-55.404,-22.14],[-55.397,-22.146],[-55.395,-22.145],[-55.391,-22.147],[-55.386,-22.155],[-55.387,-22.157],[-55.386,-22.162],[-55.376,-22.167],[-55.381,-22.171],[-55.381,-22.174],[-55.384,-22.175],[-55.381,-22.183],[-55.378,-22.188],[-55.379,-22.191],[-55.373,-22.19],[-55.37,-22.194],[-55.37,-22.199],[-55.374,-22.207],[-55.372,-22.21],[-55.361,-22.206],[-55.357,-22.203],[-55.353,-22.203],[-55.345,-22.206],[-55.343,-22.205],[-55.343,-22.199],[-55.337,-22.196],[-55.335,-22.197],[-55.34,-22.201],[-55.333,-22.205],[-55.331,-22.213],[-55.329,-22.215],[-55.323,-22.206],[-55.325,-22.205],[-55.322,-22.201],[-55.323,-22.2],[-55.321,-22.197],[-55.319,-22.2],[-55.314,-22.199],[-55.31,-22.193],[-55.307,-22.195],[-55.299,-22.194],[-55.294,-22.196],[-55.293,-22.192],[-55.285,-22.193],[-55.279,-22.201],[-55.276,-22.206],[-55.279,-22.208],[-55.276,-22.21],[-55.273,-22.217],[-55.269,-22.215],[-55.267,-22.218],[-55.262,-22.219],[-55.263,-22.223],[-55.261,-22.226],[-55.258,-22.224],[-55.253,-22.228],[-55.248,-22.223],[-55.244,-22.227],[-55.242,-22.225],[-55.235,-22.225],[-55.229,-22.229],[-55.226,-22.229],[-55.227,-22.225],[-55.222,-22.223],[-55.219,-22.225],[-55.213,-22.223],[-55.209,-22.227],[-55.205,-22.231],[-55.205,-22.233],[-55.211,-22.242],[-55.202,-22.242],[-55.201,-22.245],[-55.195,-22.247],[-55.195,-22.245],[-55.19,-22.245],[-55.186,-22.239],[-55.184,-22.234],[-55.168,-22.232],[-55.162,-22.227],[-55.162,-22.223],[-55.149,-22.224],[-55.141,-22.227],[-55.141,-22.229],[-55.135,-22.235],[-55.129,-22.233],[-55.125,-22.239],[-55.127,-22.243],[-55.113,-22.246],[-55.109,-22.249],[-55.104,-22.246],[-55.102,-22.249],[-55.101,-22.261],[-55.099,-22.26],[-55.096,-22.263],[-55.092,-22.262],[-55.085,-22.265],[-55.083,-22.262],[-55.081,-22.264],[-55.076,-22.265],[-55.071,-22.271],[-55.072,-22.278],[-55.073,-22.279],[-55.07,-22.286],[-55.061,-22.29],[-55.055,-22.295],[-55.053,-22.308],[-55.051,-22.31],[-55.044,-22.31],[-55.04,-22.312],[-55.039,-22.317],[-55.035,-22.324],[-55.031,-22.324],[-55.03,-22.321],[-55.026,-22.322],[-55.025,-22.326],[-55.022,-22.328],[-55.02,-22.333],[-55.022,-22.335],[-55.018,-22.339],[-55.012,-22.339],[-55.008,-22.344],[-54.993,-22.345],[-54.982,-22.34],[-54.982,-22.344],[-54.978,-22.345],[-54.977,-22.352],[-54.985,-22.357],[-54.995,-22.361],[-55.001,-22.361],[-55.005,-22.364],[-55.006,-22.367],[-55.012,-22.37],[-55.016,-22.369],[-55.017,-22.366],[-55.02,-22.366],[-55.026,-22.371],[-55.028,-22.369],[-55.034,-22.369],[-55.044,-22.369],[-55.049,-22.384],[-55.05,-22.391],[-55.054,-22.393],[-55.056,-22.399],[-55.055,-22.404],[-55.053,-22.407],[-55.054,-22.412],[-55.058,-22.413],[-55.063,-22.416],[-55.066,-22.42],[-55.073,-22.419],[-55.078,-22.423],[-55.084,-22.422],[-55.087,-22.425],[-55.091,-22.425],[-55.099,-22.419],[-55.105,-22.419],[-55.114,-22.416],[-55.115,-22.408],[-55.119,-22.405],[-55.122,-22.409],[-55.13,-22.414],[-55.131,-22.413],[-55.135,-22.416],[-55.136,-22.419],[-55.139,-22.42],[-55.142,-22.416],[-55.15,-22.42],[-55.149,-22.421],[-55.151,-22.425],[-55.159,-22.427],[-55.167,-22.435],[-55.177,-22.44],[-55.182,-22.44],[-55.188,-22.439],[-55.192,-22.441],[-55.194,-22.446],[-55.198,-22.447],[-55.202,-22.446],[-55.206,-22.447],[-55.209,-22.452],[-55.209,-22.457],[-55.215,-22.46],[-55.217,-22.465],[-55.225,-22.469],[-55.227,-22.466],[-55.234,-22.471],[-55.232,-22.475],[-55.235,-22.479],[-55.235,-22.476],[-55.247,-22.476],[-55.244,-22.481],[-55.245,-22.485],[-55.251,-22.482],[-55.253,-22.475],[-55.263,-22.481],[-55.264,-22.482],[-55.274,-22.486],[-55.278,-22.482],[-55.282,-22.487],[-55.291,-22.486],[-55.296,-22.484],[-55.296,-22.487],[-55.292,-22.492],[-55.294,-22.494],[-55.297,-22.492],[-55.299,-22.496],[-55.308,-22.499],[-55.313,-22.498],[-55.315,-22.494],[-55.32,-22.49],[-55.323,-22.483],[-55.331,-22.483],[-55.347,-22.484],[-55.35,-22.487],[-55.339,-22.509],[-55.369,-22.525],[-55.367,-22.53],[-55.353,-22.525],[-55.346,-22.541],[-55.351,-22.546],[-55.36,-22.551],[-55.363,-22.555],[-55.365,-22.562],[-55.363,-22.57],[-55.361,-22.579],[-55.361,-22.585],[-55.355,-22.596],[-55.359,-22.597],[-55.357,-22.615],[-55.36,-22.628],[-55.361,-22.64],[-55.368,-22.653],[-55.363,-22.655],[-55.363,-22.657],[-55.356,-22.657],[-55.349,-22.674],[-55.354,-22.68],[-55.355,-22.692],[-55.358,-22.702],[-55.357,-22.705],[-55.351,-22.708],[-55.358,-22.71],[-55.363,-22.709],[-55.362,-22.705],[-55.369,-22.704],[-55.373,-22.705],[-55.378,-22.705],[-55.381,-22.709],[-55.382,-22.706],[-55.386,-22.705],[-55.387,-22.7],[-55.382,-22.699],[-55.382,-22.697],[-55.388,-22.695],[-55.389,-22.691],[-55.394,-22.693],[-55.395,-22.691],[-55.397,-22.694],[-55.407,-22.692],[-55.42,-22.697],[-55.424,-22.702],[-55.429,-22.695],[-55.434,-22.694],[-55.437,-22.698],[-55.442,-22.694],[-55.449,-22.694],[-55.451,-22.697],[-55.454,-22.695],[-55.46,-22.697],[-55.462,-22.7],[-55.474,-22.704],[-55.484,-22.713],[-55.495,-22.716],[-55.499,-22.719],[-55.501,-22.723],[-55.507,-22.725],[-55.511,-22.725],[-55.52,-22.721],[-55.518,-22.747],[-55.519,-22.753],[-55.524,-22.761],[-55.525,-22.765],[-55.53,-22.765],[-55.53,-22.761],[-55.534,-22.758],[-55.538,-22.759],[-55.541,-22.755],[-55.553,-22.751],[-55.557,-22.748],[-55.561,-22.742],[-55.569,-22.737],[-55.574,-22.724],[-55.578,-22.72],[-55.587,-22.719],[-55.599,-22.707],[-55.607,-22.701],[-55.614,-22.693],[-55.609,-22.689],[-55.617,-22.678],[-55.618,-22.67],[-55.617,-22.665],[-55.614,-22.66],[-55.614,-22.655],[-55.622,-22.653],[-55.623,-22.65],[-55.625,-22.628],[-55.631,-22.621],[-55.637,-22.618],[-55.641,-22.613],[-55.649,-22.61],[-55.651,-22.608],[-55.667,-22.599],[-55.67,-22.594],[-55.677,-22.592],[-55.683,-22.589],[-55.688,-22.581],[-55.695,-22.578],[-55.695,-22.571],[-55.698,-22.563],[-55.714,-22.557],[-55.724,-22.552],[-55.728,-22.544],[-55.738,-22.526],[-55.741,-22.515],[-55.747,-22.506],[-55.748,-22.496],[-55.747,-22.486],[-55.748,-22.483],[-55.751,-22.482],[-55.753,-22.475],[-55.751,-22.475],[-55.747,-22.47],[-55.748,-22.465],[-55.743,-22.464],[-55.741,-22.461],[-55.735,-22.459],[-55.738,-22.454],[-55.737,-22.445],[-55.734,-22.442],[-55.736,-22.435],[-55.736,-22.429],[-55.74,-22.424],[-55.737,-22.411],[-55.746,-22.404],[-55.742,-22.395],[-55.745,-22.39],[-55.747,-22.389],[-55.747,-22.384],[-55.749,-22.383],[-55.757,-22.386],[-55.767,-22.384]]]}},{"type":"Feature","properties":{"c":"5006903"},"geometry":{"type":"Polygon","coordinates":[[[-57.834,-20.936],[-57.837,-20.932],[-57.845,-20.928],[-57.843,-20.927],[-57.839,-20.928],[-57.838,-20.925],[-57.834,-20.922],[-57.843,-20.919],[-57.842,-20.916],[-57.847,-20.917],[-57.847,-20.913],[-57.844,-20.915],[-57.843,-20.911],[-57.839,-20.909],[-57.842,-20.908],[-57.842,-20.904],[-57.845,-20.901],[-57.841,-20.898],[-57.84,-20.894],[-57.847,-20.889],[-57.838,-20.882],[-57.833,-20.886],[-57.832,-20.881],[-57.834,-20.879],[-57.828,-20.871],[-57.825,-20.871],[-57.822,-20.867],[-57.82,-20.869],[-57.812,-20.862],[-57.815,-20.861],[-57.825,-20.853],[-57.829,-20.852],[-57.821,-20.846],[-57.82,-20.843],[-57.828,-20.842],[-57.83,-20.837],[-57.827,-20.836],[-57.827,-20.829],[-57.821,-20.826],[-57.815,-20.826],[-57.812,-20.822],[-57.817,-20.814],[-57.817,-20.811],[-57.812,-20.811],[-57.809,-20.813],[-57.804,-20.813],[-57.797,-20.81],[-57.793,-20.807],[-57.797,-20.802],[-57.796,-20.8],[-57.791,-20.803],[-57.789,-20.8],[-57.794,-20.796],[-57.789,-20.795],[-57.783,-20.792],[-57.775,-20.793],[-57.776,-20.801],[-57.772,-20.803],[-57.763,-20.802],[-57.758,-20.798],[-57.755,-20.798],[-57.751,-20.799],[-57.746,-20.798],[-57.743,-20.788],[-57.737,-20.785],[-57.735,-20.782],[-57.74,-20.774],[-57.74,-20.771],[-57.732,-20.768],[-57.731,-20.765],[-57.736,-20.763],[-57.736,-20.759],[-57.733,-20.757],[-57.734,-20.752],[-57.719,-20.745],[-57.719,-20.739],[-57.722,-20.735],[-57.721,-20.732],[-57.713,-20.727],[-57.702,-20.727],[-57.69,-20.731],[-57.682,-20.732],[-57.671,-20.729],[-57.665,-20.723],[-57.66,-20.721],[-57.657,-20.718],[-57.654,-20.711],[-57.646,-20.708],[-57.642,-20.698],[-57.647,-20.698],[-57.648,-20.695],[-57.643,-20.688],[-57.643,-20.683],[-57.638,-20.677],[-57.641,-20.666],[-57.633,-20.663],[-57.629,-20.655],[-57.623,-20.651],[-57.617,-20.649],[-57.616,-20.644],[-57.612,-20.644],[-57.611,-20.638],[-57.606,-20.637],[-57.608,-20.633],[-57.606,-20.627],[-57.6,-20.626],[-57.585,-20.629],[-57.575,-20.63],[-57.572,-20.626],[-57.574,-20.622],[-57.574,-20.618],[-57.57,-20.613],[-57.566,-20.613],[-57.561,-20.61],[-57.557,-20.612],[-57.552,-20.618],[-57.54,-20.623],[-57.535,-20.621],[-57.53,-20.621],[-57.527,-20.62],[-57.524,-20.615],[-57.522,-20.614],[-57.517,-20.62],[-57.511,-20.62],[-57.515,-20.615],[-57.518,-20.611],[-57.515,-20.607],[-57.51,-20.608],[-57.504,-20.606],[-57.498,-20.601],[-57.497,-20.597],[-57.492,-20.596],[-57.485,-20.591],[-57.471,-20.592],[-57.467,-20.591],[-57.466,-20.586],[-57.47,-20.582],[-57.47,-20.58],[-57.464,-20.581],[-57.461,-20.578],[-57.463,-20.574],[-57.46,-20.57],[-57.455,-20.575],[-57.453,-20.57],[-57.451,-20.568],[-57.45,-20.564],[-57.456,-20.563],[-57.458,-20.553],[-57.461,-20.555],[-57.459,-20.558],[-57.461,-20.561],[-57.464,-20.56],[-57.463,-20.558],[-57.465,-20.553],[-57.468,-20.553],[-57.469,-20.557],[-57.471,-20.555],[-57.469,-20.552],[-57.473,-20.549],[-57.473,-20.553],[-57.476,-20.552],[-57.48,-20.546],[-57.484,-20.55],[-57.487,-20.545],[-57.488,-20.529],[-57.494,-20.528],[-57.487,-20.521],[-57.488,-20.514],[-57.485,-20.514],[-57.481,-20.512],[-57.472,-20.51],[-57.475,-20.506],[-57.469,-20.496],[-57.475,-20.497],[-57.476,-20.494],[-57.472,-20.494],[-57.472,-20.492],[-57.476,-20.49],[-57.469,-20.486],[-57.472,-20.482],[-57.47,-20.477],[-57.471,-20.473],[-57.467,-20.472],[-57.464,-20.476],[-57.458,-20.471],[-57.46,-20.466],[-57.457,-20.46],[-57.454,-20.462],[-57.452,-20.459],[-57.448,-20.458],[-57.444,-20.453],[-57.442,-20.453],[-57.443,-20.458],[-57.439,-20.458],[-57.439,-20.454],[-57.435,-20.451],[-57.438,-20.45],[-57.438,-20.447],[-57.443,-20.445],[-57.441,-20.443],[-57.437,-20.444],[-57.435,-20.441],[-57.439,-20.442],[-57.438,-20.437],[-57.439,-20.434],[-57.435,-20.433],[-57.433,-20.437],[-57.43,-20.435],[-57.43,-20.43],[-57.426,-20.418],[-57.424,-20.414],[-57.424,-20.407],[-57.421,-20.403],[-57.417,-20.403],[-57.42,-20.399],[-57.417,-20.389],[-57.419,-20.383],[-57.414,-20.381],[-57.415,-20.377],[-57.414,-20.369],[-57.416,-20.367],[-57.421,-20.369],[-57.424,-20.365],[-57.427,-20.365],[-57.42,-20.355],[-57.415,-20.362],[-57.409,-20.358],[-57.405,-20.35],[-57.403,-20.353],[-57.398,-20.349],[-57.4,-20.348],[-57.4,-20.344],[-57.397,-20.344],[-57.396,-20.341],[-57.393,-20.336],[-57.39,-20.336],[-57.388,-20.341],[-57.381,-20.337],[-57.38,-20.335],[-57.375,-20.335],[-57.371,-20.333],[-57.366,-20.332],[-57.36,-20.326],[-57.358,-20.321],[-57.357,-20.322],[-57.349,-20.323],[-57.346,-20.321],[-57.34,-20.323],[-57.334,-20.32],[-57.328,-20.31],[-57.331,-20.307],[-57.331,-20.303],[-57.327,-20.297],[-57.333,-20.292],[-57.338,-20.286],[-57.335,-20.283],[-57.33,-20.288],[-57.327,-20.286],[-57.33,-20.28],[-57.329,-20.278],[-57.324,-20.277],[-57.323,-20.27],[-57.321,-20.268],[-57.315,-20.271],[-57.306,-20.271],[-57.306,-20.266],[-57.304,-20.259],[-57.303,-20.251],[-57.304,-20.247],[-57.303,-20.238],[-57.306,-20.234],[-57.306,-20.228],[-57.307,-20.222],[-57.303,-20.216],[-57.302,-20.211],[-57.307,-20.204],[-57.306,-20.201],[-57.303,-20.198],[-57.301,-20.191],[-57.296,-20.191],[-57.293,-20.188],[-57.286,-20.185],[-57.284,-20.187],[-57.277,-20.184],[-57.271,-20.179],[-57.266,-20.183],[-57.258,-20.186],[-57.255,-20.191],[-57.253,-20.199],[-57.249,-20.209],[-57.242,-20.216],[-57.234,-20.222],[-57.233,-20.226],[-57.224,-20.227],[-57.215,-20.232],[-57.21,-20.237],[-57.205,-20.239],[-57.202,-20.238],[-57.198,-20.231],[-57.193,-20.233],[-57.189,-20.233],[-57.181,-20.236],[-57.178,-20.235],[-57.171,-20.24],[-57.162,-20.245],[-57.155,-20.246],[-57.148,-20.25],[-57.146,-20.255],[-57.134,-20.268],[-57.134,-20.272],[-57.13,-20.273],[-57.124,-20.271],[-57.112,-20.275],[-57.109,-20.277],[-57.104,-20.278],[-57.097,-20.276],[-57.091,-20.271],[-57.084,-20.267],[-57.077,-20.27],[-57.069,-20.27],[-57.065,-20.273],[-57.06,-20.271],[-57.053,-20.278],[-57.045,-20.281],[-57.038,-20.277],[-57.034,-20.276],[-57.031,-20.273],[-57.019,-20.273],[-57.016,-20.269],[-57.015,-20.264],[-57.009,-20.258],[-57.001,-20.254],[-56.967,-20.223],[-56.965,-20.225],[-56.963,-20.231],[-56.967,-20.235],[-56.96,-20.239],[-56.957,-20.246],[-56.959,-20.257],[-56.962,-20.261],[-56.963,-20.266],[-56.965,-20.269],[-56.968,-20.271],[-56.968,-20.273],[-56.966,-20.276],[-56.963,-20.292],[-56.956,-20.296],[-56.949,-20.303],[-56.946,-20.304],[-56.947,-20.308],[-56.946,-20.314],[-56.949,-20.319],[-56.945,-20.327],[-56.947,-20.332],[-56.955,-20.335],[-56.974,-20.337],[-56.98,-20.336],[-56.992,-20.34],[-57.007,-20.341],[-57.014,-20.345],[-57.011,-20.347],[-57.008,-20.357],[-57.01,-20.359],[-57.009,-20.364],[-57.006,-20.364],[-57.003,-20.369],[-56.999,-20.369],[-57.001,-20.371],[-57.001,-20.375],[-56.998,-20.376],[-56.997,-20.382],[-57.003,-20.383],[-56.995,-20.387],[-56.991,-20.394],[-56.992,-20.398],[-56.99,-20.401],[-56.99,-20.408],[-56.987,-20.415],[-56.994,-20.418],[-56.991,-20.421],[-56.985,-20.423],[-56.978,-20.427],[-56.968,-20.425],[-56.969,-20.417],[-56.965,-20.417],[-56.962,-20.413],[-56.958,-20.413],[-56.952,-20.415],[-56.949,-20.41],[-56.942,-20.415],[-56.942,-20.421],[-56.935,-20.425],[-56.934,-20.431],[-56.936,-20.433],[-56.936,-20.437],[-56.939,-20.438],[-56.939,-20.442],[-56.937,-20.445],[-56.932,-20.448],[-56.926,-20.454],[-56.921,-20.464],[-56.922,-20.472],[-56.92,-20.482],[-56.923,-20.485],[-56.924,-20.491],[-56.917,-20.5],[-56.916,-20.503],[-56.913,-20.504],[-56.911,-20.507],[-56.913,-20.512],[-56.906,-20.533],[-56.902,-20.54],[-56.894,-20.557],[-56.887,-20.563],[-56.873,-20.58],[-56.874,-20.585],[-56.877,-20.589],[-56.878,-20.596],[-56.87,-20.611],[-56.872,-20.618],[-56.869,-20.639],[-56.876,-20.651],[-56.883,-20.659],[-56.89,-20.671],[-56.893,-20.684],[-56.89,-20.697],[-56.88,-20.712],[-56.872,-20.728],[-56.87,-20.744],[-56.867,-20.748],[-56.869,-20.764],[-56.863,-20.767],[-56.858,-20.773],[-56.858,-20.776],[-56.849,-20.785],[-56.846,-20.792],[-56.847,-20.797],[-56.851,-20.812],[-56.859,-20.835],[-56.865,-20.842],[-56.874,-20.858],[-56.874,-20.866],[-56.86,-20.886],[-56.863,-20.89],[-56.865,-20.902],[-56.881,-20.931],[-56.877,-20.949],[-56.862,-20.978],[-56.86,-20.983],[-56.868,-21.005],[-56.869,-21.018],[-56.867,-21.034],[-56.867,-21.044],[-56.858,-21.055],[-56.845,-21.075],[-56.851,-21.093],[-56.859,-21.114],[-56.846,-21.132],[-56.831,-21.152],[-56.825,-21.165],[-56.816,-21.191],[-56.797,-21.229],[-56.788,-21.292],[-56.812,-21.326],[-56.806,-21.34],[-56.804,-21.35],[-56.809,-21.367],[-56.809,-21.379],[-56.815,-21.387],[-56.815,-21.402],[-56.807,-21.428],[-56.804,-21.435],[-56.797,-21.441],[-56.793,-21.443],[-56.787,-21.448],[-56.792,-21.451],[-56.793,-21.447],[-56.795,-21.45],[-56.8,-21.451],[-56.805,-21.456],[-56.806,-21.465],[-56.802,-21.465],[-56.799,-21.475],[-56.804,-21.473],[-56.809,-21.476],[-56.804,-21.478],[-56.811,-21.486],[-56.817,-21.484],[-56.82,-21.476],[-56.819,-21.473],[-56.824,-21.474],[-56.827,-21.471],[-56.826,-21.463],[-56.829,-21.462],[-56.831,-21.464],[-56.835,-21.461],[-56.839,-21.463],[-56.841,-21.46],[-56.843,-21.464],[-56.848,-21.466],[-56.848,-21.459],[-56.852,-21.461],[-56.852,-21.463],[-56.86,-21.468],[-56.856,-21.477],[-56.861,-21.476],[-56.863,-21.482],[-56.869,-21.482],[-56.872,-21.487],[-56.873,-21.492],[-56.877,-21.493],[-56.873,-21.495],[-56.875,-21.5],[-56.879,-21.498],[-56.886,-21.502],[-56.885,-21.507],[-56.889,-21.511],[-56.893,-21.509],[-56.894,-21.511],[-56.898,-21.508],[-56.902,-21.511],[-56.902,-21.516],[-56.899,-21.515],[-56.894,-21.519],[-56.904,-21.521],[-56.906,-21.526],[-56.91,-21.528],[-56.916,-21.536],[-56.922,-21.535],[-56.926,-21.536],[-56.925,-21.542],[-56.919,-21.545],[-56.92,-21.552],[-56.926,-21.551],[-56.927,-21.554],[-56.931,-21.555],[-56.93,-21.559],[-56.933,-21.562],[-56.936,-21.563],[-56.933,-21.567],[-56.93,-21.572],[-56.934,-21.575],[-56.938,-21.576],[-56.935,-21.581],[-56.935,-21.587],[-56.937,-21.589],[-56.943,-21.592],[-56.945,-21.594],[-56.94,-21.599],[-56.944,-21.601],[-56.944,-21.606],[-56.942,-21.608],[-56.946,-21.612],[-56.945,-21.616],[-56.948,-21.619],[-56.95,-21.627],[-56.952,-21.626],[-56.956,-21.62],[-56.965,-21.62],[-56.97,-21.622],[-56.969,-21.625],[-56.962,-21.627],[-56.959,-21.631],[-56.959,-21.637],[-56.964,-21.635],[-56.967,-21.636],[-56.97,-21.641],[-56.971,-21.635],[-56.974,-21.634],[-56.977,-21.636],[-56.99,-21.636],[-56.991,-21.63],[-56.998,-21.627],[-57.004,-21.627],[-57.011,-21.623],[-57.016,-21.63],[-57.023,-21.629],[-57.028,-21.631],[-57.029,-21.634],[-57.033,-21.638],[-57.037,-21.647],[-57.04,-21.648],[-57.043,-21.653],[-57.051,-21.654],[-57.058,-21.654],[-57.061,-21.662],[-57.066,-21.663],[-57.071,-21.661],[-57.073,-21.659],[-57.077,-21.66],[-57.084,-21.659],[-57.088,-21.659],[-57.089,-21.662],[-57.084,-21.662],[-57.084,-21.664],[-57.092,-21.668],[-57.094,-21.672],[-57.093,-21.676],[-57.096,-21.678],[-57.099,-21.677],[-57.1,-21.681],[-57.103,-21.681],[-57.105,-21.678],[-57.108,-21.684],[-57.11,-21.687],[-57.111,-21.691],[-57.109,-21.693],[-57.115,-21.697],[-57.117,-21.705],[-57.123,-21.71],[-57.125,-21.706],[-57.128,-21.704],[-57.129,-21.707],[-57.135,-21.707],[-57.141,-21.709],[-57.139,-21.713],[-57.138,-21.719],[-57.135,-21.717],[-57.136,-21.721],[-57.139,-21.721],[-57.136,-21.724],[-57.139,-21.729],[-57.144,-21.728],[-57.146,-21.737],[-57.148,-21.739],[-57.154,-21.74],[-57.157,-21.742],[-57.159,-21.748],[-57.157,-21.751],[-57.162,-21.754],[-57.161,-21.758],[-57.166,-21.757],[-57.167,-21.762],[-57.17,-21.764],[-57.166,-21.766],[-57.165,-21.772],[-57.159,-21.772],[-57.16,-21.779],[-57.157,-21.78],[-57.157,-21.784],[-57.161,-21.791],[-57.162,-21.79],[-57.164,-21.796],[-57.171,-21.802],[-57.175,-21.803],[-57.176,-21.808],[-57.178,-21.81],[-57.179,-21.816],[-57.182,-21.82],[-57.187,-21.822],[-57.19,-21.831],[-57.189,-21.835],[-57.193,-21.838],[-57.19,-21.853],[-57.193,-21.855],[-57.194,-21.863],[-57.199,-21.867],[-57.197,-21.871],[-57.193,-21.872],[-57.189,-21.878],[-57.195,-21.879],[-57.193,-21.886],[-57.201,-21.888],[-57.206,-21.887],[-57.211,-21.893],[-57.214,-21.893],[-57.217,-21.897],[-57.221,-21.897],[-57.226,-21.894],[-57.228,-21.896],[-57.226,-21.901],[-57.226,-21.905],[-57.229,-21.908],[-57.23,-21.912],[-57.232,-21.911],[-57.235,-21.915],[-57.235,-21.917],[-57.241,-21.92],[-57.247,-21.927],[-57.246,-21.934],[-57.249,-21.934],[-57.248,-21.939],[-57.252,-21.937],[-57.251,-21.94],[-57.255,-21.94],[-57.258,-21.936],[-57.264,-21.94],[-57.268,-21.938],[-57.27,-21.934],[-57.279,-21.935],[-57.276,-21.938],[-57.279,-21.94],[-57.281,-21.938],[-57.284,-21.94],[-57.291,-21.937],[-57.296,-21.937],[-57.303,-21.933],[-57.304,-21.93],[-57.31,-21.935],[-57.313,-21.942],[-57.321,-21.942],[-57.322,-21.947],[-57.326,-21.946],[-57.326,-21.95],[-57.329,-21.951],[-57.326,-21.954],[-57.333,-21.956],[-57.341,-21.963],[-57.345,-21.962],[-57.348,-21.964],[-57.357,-21.962],[-57.361,-21.962],[-57.362,-21.967],[-57.366,-21.968],[-57.367,-21.971],[-57.374,-21.968],[-57.378,-21.969],[-57.38,-21.976],[-57.386,-21.985],[-57.377,-21.989],[-57.378,-21.996],[-57.39,-22.0],[-57.391,-22.002],[-57.397,-22.004],[-57.401,-22.013],[-57.404,-22.013],[-57.41,-22.02],[-57.412,-22.018],[-57.414,-22.023],[-57.418,-22.027],[-57.417,-22.031],[-57.421,-22.035],[-57.421,-22.041],[-57.424,-22.045],[-57.42,-22.048],[-57.422,-22.05],[-57.42,-22.055],[-57.425,-22.055],[-57.426,-22.058],[-57.432,-22.058],[-57.431,-22.067],[-57.43,-22.069],[-57.438,-22.073],[-57.441,-22.072],[-57.441,-22.069],[-57.445,-22.069],[-57.448,-22.073],[-57.445,-22.078],[-57.449,-22.082],[-57.453,-22.082],[-57.453,-22.08],[-57.458,-22.08],[-57.461,-22.085],[-57.461,-22.088],[-57.455,-22.09],[-57.454,-22.096],[-57.457,-22.096],[-57.459,-22.099],[-57.454,-22.106],[-57.464,-22.109],[-57.465,-22.115],[-57.468,-22.119],[-57.468,-22.123],[-57.465,-22.131],[-57.469,-22.133],[-57.477,-22.131],[-57.487,-22.135],[-57.491,-22.14],[-57.488,-22.149],[-57.496,-22.155],[-57.498,-22.158],[-57.494,-22.16],[-57.493,-22.164],[-57.497,-22.168],[-57.501,-22.167],[-57.502,-22.159],[-57.508,-22.159],[-57.509,-22.161],[-57.506,-22.163],[-57.51,-22.168],[-57.506,-22.168],[-57.507,-22.174],[-57.51,-22.177],[-57.517,-22.174],[-57.521,-22.169],[-57.524,-22.169],[-57.526,-22.174],[-57.541,-22.181],[-57.548,-22.182],[-57.554,-22.181],[-57.557,-22.178],[-57.567,-22.178],[-57.572,-22.176],[-57.578,-22.177],[-57.581,-22.175],[-57.588,-22.165],[-57.588,-22.156],[-57.586,-22.153],[-57.586,-22.144],[-57.584,-22.141],[-57.588,-22.139],[-57.591,-22.145],[-57.595,-22.141],[-57.593,-22.138],[-57.596,-22.137],[-57.599,-22.14],[-57.601,-22.137],[-57.597,-22.133],[-57.598,-22.13],[-57.604,-22.131],[-57.607,-22.129],[-57.606,-22.124],[-57.61,-22.122],[-57.612,-22.125],[-57.613,-22.122],[-57.609,-22.116],[-57.613,-22.11],[-57.613,-22.104],[-57.61,-22.095],[-57.615,-22.095],[-57.621,-22.097],[-57.625,-22.1],[-57.634,-22.103],[-57.64,-22.106],[-57.647,-22.105],[-57.652,-22.107],[-57.658,-22.104],[-57.664,-22.106],[-57.67,-22.101],[-57.675,-22.103],[-57.677,-22.102],[-57.683,-22.095],[-57.691,-22.088],[-57.699,-22.092],[-57.707,-22.091],[-57.707,-22.093],[-57.704,-22.1],[-57.708,-22.103],[-57.714,-22.103],[-57.716,-22.106],[-57.715,-22.111],[-57.717,-22.114],[-57.72,-22.113],[-57.726,-22.107],[-57.73,-22.1],[-57.732,-22.1],[-57.738,-22.103],[-57.74,-22.107],[-57.742,-22.115],[-57.739,-22.119],[-57.735,-22.12],[-57.734,-22.123],[-57.738,-22.129],[-57.738,-22.133],[-57.744,-22.136],[-57.748,-22.139],[-57.755,-22.135],[-57.765,-22.135],[-57.768,-22.13],[-57.779,-22.125],[-57.789,-22.131],[-57.791,-22.138],[-57.798,-22.145],[-57.798,-22.15],[-57.805,-22.15],[-57.81,-22.142],[-57.819,-22.139],[-57.821,-22.136],[-57.824,-22.127],[-57.823,-22.123],[-57.829,-22.12],[-57.834,-22.12],[-57.839,-22.122],[-57.845,-22.127],[-57.853,-22.127],[-57.864,-22.132],[-57.866,-22.136],[-57.868,-22.131],[-57.873,-22.129],[-57.881,-22.129],[-57.886,-22.13],[-57.888,-22.129],[-57.888,-22.123],[-57.893,-22.122],[-57.907,-22.126],[-57.914,-22.121],[-57.93,-22.12],[-57.928,-22.116],[-57.922,-22.11],[-57.923,-22.107],[-57.928,-22.107],[-57.933,-22.105],[-57.938,-22.099],[-57.937,-22.092],[-57.938,-22.087],[-57.942,-22.083],[-57.95,-22.084],[-57.952,-22.088],[-57.957,-22.085],[-57.959,-22.08],[-57.961,-22.079],[-57.965,-22.081],[-57.965,-22.087],[-57.967,-22.089],[-57.974,-22.091],[-57.982,-22.09],[-57.99,-22.091],[-57.995,-22.089],[-57.986,-22.078],[-57.983,-22.071],[-57.984,-22.064],[-57.988,-22.059],[-57.994,-22.056],[-58.001,-22.054],[-58.007,-22.05],[-58.01,-22.045],[-58.008,-22.034],[-58.006,-22.031],[-57.995,-22.025],[-57.984,-22.02],[-57.975,-22.015],[-57.969,-22.01],[-57.965,-22.001],[-57.965,-21.984],[-57.963,-21.978],[-57.955,-21.966],[-57.945,-21.944],[-57.937,-21.928],[-57.937,-21.92],[-57.938,-21.915],[-57.948,-21.911],[-57.95,-21.907],[-57.948,-21.9],[-57.943,-21.897],[-57.936,-21.889],[-57.933,-21.888],[-57.926,-21.891],[-57.917,-21.889],[-57.914,-21.885],[-57.914,-21.88],[-57.916,-21.876],[-57.933,-21.867],[-57.96,-21.853],[-57.97,-21.851],[-57.972,-21.846],[-57.97,-21.844],[-57.96,-21.842],[-57.95,-21.839],[-57.943,-21.835],[-57.936,-21.83],[-57.931,-21.825],[-57.925,-21.809],[-57.914,-21.79],[-57.912,-21.781],[-57.908,-21.774],[-57.911,-21.77],[-57.917,-21.769],[-57.927,-21.767],[-57.94,-21.758],[-57.946,-21.752],[-57.947,-21.746],[-57.946,-21.74],[-57.941,-21.733],[-57.931,-21.726],[-57.908,-21.713],[-57.899,-21.706],[-57.893,-21.7],[-57.883,-21.689],[-57.885,-21.684],[-57.89,-21.681],[-57.897,-21.678],[-57.911,-21.67],[-57.92,-21.666],[-57.93,-21.657],[-57.937,-21.645],[-57.943,-21.629],[-57.942,-21.621],[-57.938,-21.615],[-57.924,-21.602],[-57.915,-21.596],[-57.914,-21.59],[-57.919,-21.582],[-57.923,-21.579],[-57.936,-21.574],[-57.951,-21.57],[-57.957,-21.567],[-57.962,-21.562],[-57.966,-21.552],[-57.969,-21.535],[-57.968,-21.521],[-57.965,-21.515],[-57.96,-21.51],[-57.947,-21.499],[-57.94,-21.491],[-57.934,-21.484],[-57.927,-21.469],[-57.925,-21.462],[-57.927,-21.45],[-57.92,-21.438],[-57.915,-21.429],[-57.91,-21.421],[-57.91,-21.408],[-57.908,-21.403],[-57.897,-21.384],[-57.892,-21.378],[-57.867,-21.357],[-57.861,-21.351],[-57.857,-21.342],[-57.854,-21.332],[-57.853,-21.32],[-57.855,-21.317],[-57.869,-21.314],[-57.885,-21.309],[-57.895,-21.307],[-57.906,-21.301],[-57.915,-21.292],[-57.92,-21.285],[-57.921,-21.278],[-57.912,-21.271],[-57.906,-21.266],[-57.877,-21.248],[-57.868,-21.239],[-57.857,-21.233],[-57.853,-21.227],[-57.851,-21.218],[-57.848,-21.195],[-57.849,-21.188],[-57.852,-21.18],[-57.86,-21.158],[-57.865,-21.136],[-57.863,-21.13],[-57.859,-21.124],[-57.854,-21.114],[-57.847,-21.101],[-57.846,-21.097],[-57.851,-21.089],[-57.857,-21.078],[-57.866,-21.067],[-57.868,-21.06],[-57.869,-21.046],[-57.866,-21.039],[-57.858,-21.031],[-57.846,-21.017],[-57.841,-21.006],[-57.827,-20.989],[-57.818,-20.981],[-57.817,-20.978],[-57.822,-20.972],[-57.825,-20.965],[-57.824,-20.958],[-57.819,-20.948],[-57.82,-20.938],[-57.825,-20.934],[-57.829,-20.934],[-57.834,-20.936]]]}},{"type":"Feature","properties":{"c":"5007109"},"geometry":{"type":"Polygon","coordinates":[[[-54.186,-20.465],[-54.183,-20.461],[-54.182,-20.464],[-54.178,-20.465],[-54.178,-20.461],[-54.175,-20.46],[-54.173,-20.457],[-54.171,-20.46],[-54.168,-20.455],[-54.162,-20.456],[-54.16,-20.452],[-54.156,-20.45],[-54.156,-20.446],[-54.152,-20.448],[-54.15,-20.452],[-54.147,-20.448],[-54.144,-20.451],[-54.144,-20.455],[-54.138,-20.452],[-54.134,-20.453],[-54.134,-20.449],[-54.128,-20.446],[-54.126,-20.443],[-54.119,-20.446],[-54.114,-20.444],[-54.115,-20.441],[-54.118,-20.442],[-54.121,-20.439],[-54.118,-20.437],[-54.114,-20.439],[-54.113,-20.436],[-54.104,-20.439],[-54.101,-20.438],[-54.098,-20.431],[-54.09,-20.436],[-54.087,-20.435],[-54.081,-20.434],[-54.081,-20.428],[-54.077,-20.426],[-54.07,-20.427],[-54.066,-20.426],[-54.06,-20.429],[-54.062,-20.423],[-54.061,-20.421],[-54.055,-20.42],[-54.051,-20.421],[-54.049,-20.425],[-54.045,-20.421],[-54.038,-20.421],[-54.039,-20.418],[-54.033,-20.416],[-54.035,-20.413],[-54.033,-20.412],[-54.027,-20.414],[-54.027,-20.41],[-54.03,-20.41],[-54.03,-20.404],[-54.024,-20.402],[-54.025,-20.406],[-54.022,-20.406],[-54.021,-20.411],[-54.017,-20.408],[-54.009,-20.41],[-54.011,-20.406],[-54.01,-20.403],[-54.011,-20.399],[-54.007,-20.394],[-54.006,-20.4],[-54.002,-20.401],[-54.002,-20.398],[-53.996,-20.399],[-53.997,-20.395],[-53.993,-20.395],[-53.99,-20.391],[-53.986,-20.397],[-53.98,-20.394],[-53.977,-20.391],[-53.972,-20.391],[-53.974,-20.387],[-53.969,-20.386],[-53.967,-20.382],[-53.964,-20.383],[-53.957,-20.384],[-53.953,-20.381],[-53.947,-20.383],[-53.94,-20.382],[-53.94,-20.379],[-53.935,-20.377],[-53.924,-20.377],[-53.924,-20.374],[-53.921,-20.37],[-53.913,-20.37],[-53.914,-20.375],[-53.91,-20.375],[-53.911,-20.371],[-53.907,-20.372],[-53.903,-20.369],[-53.897,-20.37],[-53.892,-20.374],[-53.888,-20.372],[-53.888,-20.366],[-53.885,-20.363],[-53.892,-20.364],[-53.893,-20.361],[-53.889,-20.359],[-53.897,-20.355],[-53.899,-20.352],[-53.905,-20.355],[-53.909,-20.353],[-53.912,-20.344],[-53.916,-20.341],[-53.922,-20.341],[-53.93,-20.343],[-53.933,-20.34],[-53.938,-20.341],[-53.945,-20.337],[-53.948,-20.332],[-53.954,-20.331],[-53.957,-20.328],[-53.957,-20.327],[-53.96,-20.323],[-53.962,-20.318],[-53.966,-20.317],[-53.973,-20.314],[-53.979,-20.315],[-53.984,-20.314],[-53.981,-20.31],[-53.986,-20.307],[-53.989,-20.309],[-53.99,-20.304],[-53.986,-20.301],[-53.991,-20.298],[-53.986,-20.293],[-53.982,-20.29],[-53.988,-20.287],[-53.983,-20.283],[-53.986,-20.275],[-53.993,-20.273],[-53.996,-20.275],[-53.994,-20.27],[-53.998,-20.263],[-54.002,-20.262],[-54.006,-20.265],[-54.008,-20.26],[-54.005,-20.258],[-54.01,-20.253],[-54.011,-20.25],[-54.01,-20.246],[-54.009,-20.239],[-54.014,-20.235],[-54.015,-20.241],[-54.017,-20.234],[-54.016,-20.233],[-54.025,-20.222],[-54.026,-20.224],[-54.031,-20.221],[-54.034,-20.216],[-54.034,-20.212],[-54.038,-20.209],[-54.039,-20.212],[-54.043,-20.212],[-54.044,-20.207],[-54.049,-20.209],[-54.05,-20.205],[-54.046,-20.205],[-54.047,-20.197],[-54.055,-20.192],[-54.056,-20.186],[-54.059,-20.186],[-54.059,-20.19],[-54.063,-20.184],[-54.062,-20.18],[-54.065,-20.179],[-54.065,-20.175],[-54.063,-20.17],[-54.066,-20.168],[-54.065,-20.159],[-54.069,-20.157],[-54.068,-20.155],[-54.069,-20.149],[-54.071,-20.147],[-54.076,-20.145],[-54.077,-20.143],[-54.082,-20.142],[-54.081,-20.139],[-54.09,-20.13],[-54.089,-20.128],[-54.094,-20.126],[-54.094,-20.123],[-54.098,-20.121],[-54.1,-20.118],[-54.097,-20.111],[-54.086,-20.101],[-54.077,-20.095],[-54.073,-20.094],[-54.067,-20.089],[-54.059,-20.088],[-54.059,-20.082],[-54.054,-20.07],[-53.986,-20.052],[-53.978,-20.049],[-53.971,-20.042],[-53.969,-20.039],[-53.958,-20.031],[-53.958,-20.027],[-53.96,-20.018],[-53.955,-20.004],[-53.952,-19.999],[-53.946,-19.997],[-53.945,-19.999],[-53.939,-19.998],[-53.938,-19.995],[-53.935,-19.998],[-53.929,-19.998],[-53.93,-19.996],[-53.92,-19.999],[-53.91,-19.998],[-53.911,-19.995],[-53.905,-19.993],[-53.901,-19.995],[-53.896,-19.995],[-53.897,-19.987],[-53.899,-19.985],[-53.899,-19.978],[-53.901,-19.979],[-53.904,-19.974],[-53.901,-19.973],[-53.904,-19.97],[-53.902,-19.965],[-53.905,-19.963],[-53.904,-19.957],[-53.906,-19.955],[-53.905,-19.95],[-53.91,-19.945],[-53.908,-19.937],[-53.91,-19.937],[-53.912,-19.932],[-53.919,-19.927],[-53.92,-19.922],[-53.919,-19.919],[-53.92,-19.913],[-53.922,-19.911],[-53.922,-19.906],[-53.924,-19.907],[-53.927,-19.904],[-53.926,-19.901],[-53.93,-19.901],[-53.929,-19.896],[-53.932,-19.895],[-53.932,-19.89],[-53.941,-19.883],[-53.944,-19.875],[-53.944,-19.873],[-53.947,-19.872],[-53.948,-19.867],[-53.954,-19.865],[-53.956,-19.866],[-53.963,-19.862],[-53.963,-19.856],[-53.966,-19.851],[-53.964,-19.849],[-53.968,-19.842],[-53.972,-19.838],[-53.973,-19.828],[-53.971,-19.827],[-53.973,-19.821],[-53.971,-19.809],[-53.975,-19.807],[-53.974,-19.804],[-53.978,-19.802],[-53.977,-19.797],[-53.98,-19.794],[-53.977,-19.785],[-53.978,-19.782],[-53.983,-19.773],[-53.987,-19.769],[-53.991,-19.768],[-53.989,-19.759],[-53.991,-19.755],[-53.987,-19.751],[-53.99,-19.742],[-53.993,-19.74],[-53.995,-19.729],[-53.993,-19.726],[-53.988,-19.723],[-53.985,-19.721],[-53.979,-19.722],[-53.976,-19.72],[-53.97,-19.723],[-53.966,-19.722],[-53.964,-19.718],[-53.961,-19.718],[-53.956,-19.71],[-53.953,-19.711],[-53.947,-19.708],[-53.939,-19.711],[-53.936,-19.711],[-53.928,-19.714],[-53.924,-19.714],[-53.922,-19.709],[-53.919,-19.709],[-53.916,-19.707],[-53.909,-19.707],[-53.904,-19.702],[-53.863,-19.53],[-53.853,-19.531],[-53.846,-19.533],[-53.836,-19.54],[-53.831,-19.545],[-53.822,-19.551],[-53.814,-19.56],[-53.81,-19.567],[-53.806,-19.568],[-53.798,-19.577],[-53.795,-19.581],[-53.791,-19.591],[-53.787,-19.603],[-53.786,-19.611],[-53.783,-19.617],[-53.774,-19.621],[-53.762,-19.637],[-53.755,-19.64],[-53.751,-19.644],[-53.747,-19.645],[-53.739,-19.654],[-53.73,-19.66],[-53.724,-19.663],[-53.719,-19.666],[-53.714,-19.673],[-53.711,-19.68],[-53.701,-19.685],[-53.698,-19.685],[-53.69,-19.688],[-53.688,-19.69],[-53.675,-19.696],[-53.666,-19.697],[-53.657,-19.707],[-53.649,-19.708],[-53.645,-19.716],[-53.641,-19.721],[-53.639,-19.729],[-53.639,-19.733],[-53.634,-19.74],[-53.625,-19.744],[-53.618,-19.75],[-53.615,-19.759],[-53.607,-19.764],[-53.601,-19.77],[-53.592,-19.771],[-53.588,-19.77],[-53.585,-19.772],[-53.58,-19.771],[-53.578,-19.776],[-53.571,-19.78],[-53.564,-19.782],[-53.563,-19.784],[-53.56,-19.782],[-53.551,-19.785],[-53.54,-19.783],[-53.539,-19.784],[-53.532,-19.782],[-53.522,-19.782],[-53.514,-19.785],[-53.513,-19.791],[-53.504,-19.792],[-53.501,-19.791],[-53.494,-19.794],[-53.486,-19.794],[-53.481,-19.792],[-53.476,-19.791],[-53.471,-19.788],[-53.455,-19.798],[-53.451,-19.797],[-53.446,-19.792],[-53.436,-19.79],[-53.432,-19.79],[-53.426,-19.788],[-53.425,-19.785],[-53.422,-19.788],[-53.417,-19.789],[-53.412,-19.787],[-53.405,-19.792],[-53.405,-19.798],[-53.398,-19.803],[-53.396,-19.807],[-53.398,-19.809],[-53.392,-19.811],[-53.387,-19.821],[-53.389,-19.827],[-53.388,-19.83],[-53.383,-19.834],[-53.385,-19.841],[-53.382,-19.846],[-53.382,-19.849],[-53.378,-19.851],[-53.377,-19.858],[-53.373,-19.86],[-53.374,-19.863],[-53.372,-19.868],[-53.366,-19.878],[-53.362,-19.879],[-53.362,-19.883],[-53.352,-19.885],[-53.343,-19.891],[-53.336,-19.891],[-53.332,-19.886],[-53.328,-19.888],[-53.326,-19.893],[-53.322,-19.9],[-53.316,-19.9],[-53.313,-19.902],[-53.315,-19.906],[-53.312,-19.91],[-53.314,-19.914],[-53.31,-19.916],[-53.306,-19.921],[-53.302,-19.923],[-53.298,-19.927],[-53.298,-19.934],[-53.292,-19.94],[-53.293,-19.944],[-53.288,-19.946],[-53.286,-19.949],[-53.288,-19.955],[-53.284,-19.961],[-53.283,-19.965],[-53.281,-19.965],[-53.28,-19.969],[-53.275,-19.977],[-53.265,-19.981],[-53.264,-19.984],[-53.258,-19.989],[-53.259,-19.991],[-53.259,-20.0],[-53.254,-20.008],[-53.248,-20.011],[-53.24,-20.019],[-53.234,-20.019],[-53.232,-20.017],[-53.223,-20.022],[-53.222,-20.024],[-53.216,-20.028],[-53.213,-20.036],[-53.207,-20.042],[-53.198,-20.046],[-53.19,-20.049],[-53.186,-20.055],[-53.18,-20.059],[-53.178,-20.067],[-53.18,-20.071],[-53.177,-20.074],[-53.178,-20.079],[-53.173,-20.087],[-53.173,-20.093],[-53.169,-20.097],[-53.168,-20.103],[-53.164,-20.107],[-53.16,-20.116],[-53.155,-20.123],[-53.153,-20.124],[-53.151,-20.134],[-53.151,-20.138],[-53.145,-20.139],[-53.141,-20.142],[-53.138,-20.141],[-53.124,-20.154],[-53.117,-20.157],[-53.12,-20.162],[-53.113,-20.165],[-53.108,-20.171],[-53.108,-20.178],[-53.101,-20.185],[-53.096,-20.192],[-53.093,-20.205],[-53.088,-20.209],[-53.094,-20.213],[-53.093,-20.219],[-53.096,-20.225],[-53.095,-20.232],[-53.098,-20.236],[-53.099,-20.241],[-53.095,-20.248],[-53.091,-20.25],[-53.086,-20.255],[-53.087,-20.262],[-53.085,-20.27],[-53.085,-20.276],[-53.082,-20.283],[-53.074,-20.287],[-53.071,-20.293],[-53.07,-20.298],[-53.068,-20.3],[-53.061,-20.301],[-53.058,-20.305],[-53.055,-20.312],[-53.048,-20.314],[-53.044,-20.323],[-53.036,-20.324],[-53.036,-20.328],[-53.031,-20.335],[-53.022,-20.337],[-53.016,-20.343],[-53.009,-20.34],[-53.008,-20.348],[-53.004,-20.348],[-52.997,-20.354],[-52.994,-20.356],[-52.99,-20.354],[-52.985,-20.357],[-52.98,-20.358],[-52.972,-20.364],[-52.969,-20.368],[-52.964,-20.372],[-52.961,-20.377],[-52.958,-20.374],[-52.954,-20.376],[-52.955,-20.382],[-52.949,-20.387],[-52.95,-20.392],[-52.944,-20.397],[-52.942,-20.407],[-52.939,-20.404],[-52.934,-20.405],[-52.933,-20.412],[-52.924,-20.418],[-52.922,-20.425],[-52.914,-20.433],[-52.91,-20.432],[-52.904,-20.435],[-52.901,-20.442],[-52.901,-20.446],[-52.895,-20.449],[-52.887,-20.448],[-52.877,-20.451],[-52.869,-20.454],[-52.865,-20.468],[-52.862,-20.47],[-52.861,-20.475],[-52.858,-20.477],[-52.851,-20.489],[-52.849,-20.498],[-52.844,-20.504],[-52.844,-20.511],[-52.839,-20.518],[-52.832,-20.524],[-52.829,-20.525],[-52.823,-20.533],[-52.823,-20.539],[-52.817,-20.541],[-52.819,-20.542],[-52.824,-20.554],[-52.837,-20.561],[-52.845,-20.569],[-52.859,-20.578],[-52.864,-20.583],[-52.87,-20.592],[-52.877,-20.597],[-52.881,-20.601],[-52.887,-20.605],[-52.89,-20.609],[-52.897,-20.614],[-52.904,-20.614],[-52.909,-20.619],[-52.917,-20.62],[-52.936,-20.628],[-52.942,-20.629],[-52.954,-20.636],[-52.963,-20.645],[-52.967,-20.646],[-52.975,-20.647],[-52.977,-20.649],[-52.983,-20.651],[-52.993,-20.652],[-53.002,-20.654],[-53.005,-20.654],[-53.028,-20.655],[-53.032,-20.656],[-53.038,-20.654],[-53.044,-20.656],[-53.05,-20.66],[-53.064,-20.666],[-53.073,-20.675],[-53.081,-20.677],[-53.084,-20.681],[-53.092,-20.68],[-53.1,-20.675],[-53.103,-20.675],[-53.112,-20.683],[-53.127,-20.69],[-53.14,-20.688],[-53.147,-20.688],[-53.154,-20.687],[-53.164,-20.687],[-53.168,-20.69],[-53.172,-20.695],[-53.174,-20.699],[-53.174,-20.702],[-53.175,-20.709],[-53.174,-20.712],[-53.178,-20.717],[-53.179,-20.724],[-53.176,-20.73],[-53.178,-20.733],[-53.177,-20.739],[-53.175,-20.745],[-53.167,-20.754],[-53.167,-20.76],[-53.172,-20.773],[-53.173,-20.791],[-53.174,-20.795],[-53.174,-20.811],[-53.176,-20.823],[-53.189,-20.835],[-53.192,-20.839],[-53.196,-20.841],[-53.199,-20.845],[-53.207,-20.85],[-53.209,-20.854],[-53.214,-20.859],[-53.219,-20.859],[-53.225,-20.869],[-53.226,-20.872],[-53.238,-20.88],[-53.244,-20.882],[-53.247,-20.881],[-53.251,-20.884],[-53.258,-20.887],[-53.262,-20.89],[-53.264,-20.897],[-53.265,-20.902],[-53.267,-20.905],[-53.273,-20.908],[-53.272,-20.912],[-53.273,-20.921],[-53.276,-20.924],[-53.278,-20.93],[-53.285,-20.932],[-53.284,-20.937],[-53.29,-20.94],[-53.291,-20.942],[-53.294,-20.955],[-53.29,-20.964],[-53.288,-20.964],[-53.288,-20.971],[-53.285,-20.971],[-53.281,-20.979],[-53.273,-20.983],[-53.269,-20.989],[-53.263,-20.986],[-53.261,-20.992],[-53.257,-20.995],[-53.251,-20.994],[-53.246,-20.997],[-53.244,-21.002],[-53.246,-21.006],[-53.242,-21.01],[-53.243,-21.013],[-53.238,-21.015],[-53.237,-21.018],[-53.232,-21.022],[-53.231,-21.026],[-53.228,-21.027],[-53.22,-21.04],[-53.218,-21.042],[-53.219,-21.049],[-53.213,-21.053],[-53.208,-21.053],[-53.206,-21.057],[-53.197,-21.061],[-53.19,-21.069],[-53.19,-21.077],[-53.185,-21.088],[-53.186,-21.094],[-53.178,-21.1],[-53.175,-21.105],[-53.175,-21.111],[-53.169,-21.114],[-53.166,-21.12],[-53.161,-21.122],[-53.158,-21.129],[-53.148,-21.138],[-53.141,-21.141],[-53.142,-21.146],[-53.138,-21.152],[-53.143,-21.156],[-53.142,-21.159],[-53.139,-21.162],[-53.134,-21.17],[-53.14,-21.179],[-53.135,-21.182],[-53.134,-21.188],[-53.136,-21.193],[-53.133,-21.198],[-53.133,-21.209],[-53.129,-21.212],[-53.128,-21.219],[-53.132,-21.223],[-53.133,-21.23],[-53.125,-21.234],[-53.13,-21.243],[-53.127,-21.254],[-53.125,-21.256],[-53.125,-21.261],[-53.123,-21.263],[-53.118,-21.263],[-53.115,-21.27],[-53.118,-21.277],[-53.12,-21.282],[-53.118,-21.288],[-53.114,-21.292],[-53.113,-21.295],[-53.115,-21.303],[-53.111,-21.305],[-53.11,-21.315],[-53.105,-21.32],[-53.104,-21.325],[-53.098,-21.33],[-53.1,-21.334],[-53.097,-21.339],[-53.095,-21.346],[-53.096,-21.351],[-53.091,-21.355],[-53.086,-21.357],[-53.087,-21.364],[-53.084,-21.365],[-53.083,-21.372],[-53.077,-21.375],[-53.077,-21.381],[-53.072,-21.385],[-53.067,-21.387],[-53.064,-21.392],[-53.063,-21.4],[-53.059,-21.402],[-53.053,-21.407],[-53.05,-21.42],[-53.053,-21.427],[-53.058,-21.428],[-53.061,-21.431],[-53.061,-21.433],[-53.057,-21.439],[-53.056,-21.445],[-53.051,-21.448],[-53.055,-21.457],[-53.047,-21.466],[-53.047,-21.475],[-53.042,-21.483],[-53.036,-21.489],[-53.036,-21.49],[-53.041,-21.496],[-53.04,-21.501],[-53.037,-21.502],[-53.031,-21.496],[-53.027,-21.496],[-53.023,-21.505],[-53.022,-21.509],[-53.028,-21.517],[-53.027,-21.521],[-53.023,-21.523],[-53.021,-21.527],[-53.02,-21.533],[-53.018,-21.536],[-53.019,-21.541],[-53.015,-21.544],[-53.014,-21.549],[-53.015,-21.554],[-53.011,-21.565],[-53.013,-21.572],[-53.012,-21.578],[-53.009,-21.581],[-53.002,-21.594],[-53.002,-21.597],[-53.005,-21.604],[-53.005,-21.607],[-53.002,-21.612],[-52.999,-21.621],[-52.996,-21.624],[-52.997,-21.632],[-53.004,-21.631],[-53.01,-21.626],[-53.012,-21.619],[-53.015,-21.618],[-53.019,-21.62],[-53.025,-21.615],[-53.029,-21.608],[-53.033,-21.608],[-53.037,-21.61],[-53.04,-21.616],[-53.045,-21.616],[-53.046,-21.61],[-53.052,-21.609],[-53.056,-21.61],[-53.062,-21.607],[-53.066,-21.603],[-53.066,-21.599],[-53.074,-21.6],[-53.08,-21.595],[-53.081,-21.589],[-53.084,-21.588],[-53.094,-21.588],[-53.097,-21.586],[-53.105,-21.584],[-53.109,-21.586],[-53.116,-21.591],[-53.119,-21.593],[-53.124,-21.587],[-53.128,-21.586],[-53.129,-21.581],[-53.137,-21.576],[-53.141,-21.576],[-53.149,-21.583],[-53.152,-21.584],[-53.155,-21.592],[-53.158,-21.593],[-53.163,-21.589],[-53.169,-21.589],[-53.174,-21.591],[-53.179,-21.596],[-53.183,-21.594],[-53.186,-21.59],[-53.189,-21.587],[-53.188,-21.583],[-53.19,-21.577],[-53.196,-21.578],[-53.209,-21.571],[-53.215,-21.574],[-53.225,-21.581],[-53.23,-21.582],[-53.232,-21.593],[-53.244,-21.6],[-53.248,-21.597],[-53.25,-21.588],[-53.254,-21.588],[-53.261,-21.583],[-53.267,-21.583],[-53.273,-21.588],[-53.275,-21.592],[-53.283,-21.591],[-53.286,-21.584],[-53.291,-21.584],[-53.296,-21.588],[-53.3,-21.586],[-53.304,-21.589],[-53.306,-21.585],[-53.31,-21.585],[-53.313,-21.581],[-53.317,-21.583],[-53.32,-21.589],[-53.317,-21.592],[-53.319,-21.598],[-53.326,-21.597],[-53.331,-21.595],[-53.338,-21.597],[-53.343,-21.596],[-53.341,-21.589],[-53.346,-21.583],[-53.346,-21.587],[-53.352,-21.586],[-53.357,-21.583],[-53.362,-21.576],[-53.366,-21.58],[-53.369,-21.577],[-53.373,-21.577],[-53.38,-21.58],[-53.382,-21.578],[-53.376,-21.576],[-53.379,-21.574],[-53.379,-21.571],[-53.385,-21.567],[-53.389,-21.57],[-53.395,-21.57],[-53.399,-21.567],[-53.401,-21.561],[-53.409,-21.562],[-53.412,-21.566],[-53.419,-21.566],[-53.421,-21.564],[-53.421,-21.558],[-53.425,-21.557],[-53.427,-21.553],[-53.438,-21.555],[-53.44,-21.562],[-53.443,-21.566],[-53.441,-21.57],[-53.443,-21.574],[-53.447,-21.575],[-53.453,-21.574],[-53.459,-21.572],[-53.462,-21.574],[-53.465,-21.572],[-53.468,-21.573],[-53.47,-21.578],[-53.475,-21.578],[-53.478,-21.584],[-53.483,-21.587],[-53.49,-21.588],[-53.493,-21.592],[-53.49,-21.596],[-53.495,-21.6],[-53.503,-21.596],[-53.502,-21.592],[-53.506,-21.59],[-53.509,-21.587],[-53.516,-21.59],[-53.529,-21.598],[-53.535,-21.597],[-53.54,-21.601],[-53.543,-21.602],[-53.549,-21.607],[-53.552,-21.603],[-53.556,-21.601],[-53.567,-21.601],[-53.569,-21.603],[-53.569,-21.609],[-53.573,-21.606],[-53.579,-21.61],[-53.584,-21.607],[-53.588,-21.607],[-53.592,-21.602],[-53.596,-21.6],[-53.596,-21.595],[-53.591,-21.596],[-53.589,-21.592],[-53.595,-21.59],[-53.605,-21.595],[-53.609,-21.591],[-53.612,-21.585],[-53.617,-21.581],[-53.617,-21.578],[-53.621,-21.576],[-53.62,-21.574],[-53.617,-21.57],[-53.62,-21.568],[-53.616,-21.568],[-53.614,-21.565],[-53.615,-21.562],[-53.609,-21.566],[-53.608,-21.561],[-53.603,-21.56],[-53.6,-21.554],[-53.601,-21.553],[-53.609,-21.552],[-53.611,-21.548],[-53.605,-21.544],[-53.608,-21.538],[-53.604,-21.535],[-53.608,-21.53],[-53.612,-21.53],[-53.613,-21.525],[-53.616,-21.527],[-53.617,-21.525],[-53.613,-21.521],[-53.618,-21.521],[-53.617,-21.519],[-53.611,-21.518],[-53.609,-21.514],[-53.61,-21.508],[-53.607,-21.502],[-53.611,-21.499],[-53.608,-21.497],[-53.614,-21.494],[-53.614,-21.484],[-53.619,-21.482],[-53.615,-21.481],[-53.613,-21.479],[-53.615,-21.476],[-53.622,-21.471],[-53.63,-21.469],[-53.636,-21.469],[-53.638,-21.468],[-53.638,-21.461],[-53.635,-21.463],[-53.633,-21.46],[-53.639,-21.458],[-53.636,-21.453],[-53.636,-21.447],[-53.63,-21.446],[-53.626,-21.442],[-53.625,-21.435],[-53.628,-21.434],[-53.629,-21.437],[-53.631,-21.434],[-53.625,-21.43],[-53.628,-21.423],[-53.621,-21.42],[-53.619,-21.421],[-53.618,-21.415],[-53.62,-21.415],[-53.623,-21.411],[-53.618,-21.407],[-53.62,-21.4],[-53.615,-21.395],[-53.618,-21.393],[-53.613,-21.385],[-53.616,-21.381],[-53.618,-21.384],[-53.621,-21.382],[-53.617,-21.376],[-53.619,-21.374],[-53.617,-21.369],[-53.617,-21.363],[-53.624,-21.361],[-53.626,-21.355],[-53.628,-21.354],[-53.628,-21.349],[-53.63,-21.344],[-53.633,-21.343],[-53.633,-21.341],[-53.637,-21.34],[-53.638,-21.337],[-53.636,-21.332],[-53.633,-21.331],[-53.64,-21.329],[-53.64,-21.322],[-53.638,-21.322],[-53.638,-21.316],[-53.641,-21.315],[-53.64,-21.311],[-53.643,-21.307],[-53.642,-21.302],[-53.648,-21.297],[-53.648,-21.289],[-53.654,-21.286],[-53.654,-21.282],[-53.661,-21.278],[-53.66,-21.273],[-53.663,-21.271],[-53.661,-21.269],[-53.666,-21.268],[-53.663,-21.265],[-53.667,-21.259],[-53.67,-21.26],[-53.672,-21.255],[-53.67,-21.253],[-53.673,-21.247],[-53.674,-21.242],[-53.678,-21.241],[-53.68,-21.236],[-53.677,-21.229],[-53.681,-21.229],[-53.683,-21.224],[-53.681,-21.223],[-53.684,-21.219],[-53.683,-21.205],[-53.686,-21.203],[-53.684,-21.197],[-53.683,-21.189],[-53.687,-21.176],[-53.69,-21.177],[-53.692,-21.174],[-53.697,-21.173],[-53.697,-21.17],[-53.704,-21.165],[-53.706,-21.156],[-53.717,-21.153],[-53.717,-21.151],[-53.726,-21.146],[-53.727,-21.142],[-53.726,-21.138],[-53.728,-21.134],[-53.727,-21.132],[-53.731,-21.128],[-53.734,-21.127],[-53.733,-21.124],[-53.739,-21.117],[-53.739,-21.111],[-53.736,-21.107],[-53.747,-21.1],[-53.752,-21.103],[-53.751,-21.101],[-53.753,-21.094],[-53.759,-21.091],[-53.757,-21.084],[-53.761,-21.079],[-53.765,-21.081],[-53.768,-21.076],[-53.775,-21.074],[-53.777,-21.075],[-53.779,-21.072],[-53.79,-21.07],[-53.797,-21.071],[-53.802,-21.074],[-53.804,-21.074],[-53.808,-21.07],[-53.81,-21.071],[-53.815,-21.065],[-53.819,-21.066],[-53.818,-21.063],[-53.822,-21.062],[-53.822,-21.058],[-53.824,-21.054],[-53.826,-21.056],[-53.828,-21.051],[-53.836,-21.053],[-53.836,-21.05],[-53.842,-21.046],[-53.848,-21.044],[-53.847,-21.042],[-53.85,-21.041],[-53.846,-21.036],[-53.846,-21.031],[-53.85,-21.026],[-53.85,-21.019],[-53.844,-21.017],[-53.849,-21.013],[-53.847,-21.008],[-53.853,-21.003],[-53.852,-21.0],[-53.855,-21.0],[-53.857,-20.996],[-53.856,-20.99],[-53.862,-20.984],[-53.868,-20.981],[-53.876,-20.983],[-53.887,-20.98],[-53.889,-20.976],[-53.892,-20.976],[-53.896,-20.973],[-53.9,-20.968],[-53.909,-20.962],[-53.908,-20.958],[-53.912,-20.961],[-53.916,-20.958],[-53.93,-20.959],[-53.942,-20.957],[-53.947,-20.96],[-53.949,-20.958],[-53.952,-20.96],[-53.96,-20.959],[-53.963,-20.957],[-53.969,-20.956],[-53.974,-20.95],[-53.983,-20.942],[-53.985,-20.939],[-53.986,-20.934],[-53.991,-20.929],[-53.997,-20.928],[-54.005,-20.923],[-54.005,-20.919],[-54.005,-20.909],[-54.007,-20.902],[-54.005,-20.898],[-54.006,-20.892],[-54.011,-20.89],[-54.017,-20.881],[-54.021,-20.872],[-54.02,-20.864],[-54.023,-20.855],[-54.029,-20.852],[-54.034,-20.85],[-54.035,-20.848],[-54.044,-20.846],[-54.048,-20.843],[-54.051,-20.843],[-54.053,-20.841],[-54.064,-20.837],[-54.073,-20.829],[-54.077,-20.821],[-54.079,-20.816],[-54.086,-20.81],[-54.089,-20.807],[-54.092,-20.798],[-54.098,-20.795],[-54.103,-20.794],[-54.107,-20.788],[-54.111,-20.785],[-54.118,-20.787],[-54.128,-20.788],[-54.136,-20.783],[-54.146,-20.78],[-54.149,-20.777],[-54.156,-20.774],[-54.158,-20.772],[-54.165,-20.755],[-54.169,-20.754],[-54.173,-20.751],[-54.173,-20.74],[-54.176,-20.735],[-54.177,-20.729],[-54.175,-20.725],[-54.185,-20.717],[-54.197,-20.709],[-54.202,-20.711],[-54.206,-20.678],[-54.207,-20.673],[-54.2,-20.66],[-54.196,-20.657],[-54.196,-20.648],[-54.193,-20.637],[-54.19,-20.634],[-54.185,-20.626],[-54.183,-20.62],[-54.181,-20.609],[-54.178,-20.603],[-54.178,-20.596],[-54.183,-20.591],[-54.182,-20.585],[-54.183,-20.577],[-54.188,-20.567],[-54.193,-20.559],[-54.193,-20.548],[-54.195,-20.541],[-54.195,-20.536],[-54.192,-20.53],[-54.191,-20.522],[-54.191,-20.518],[-54.186,-20.51],[-54.186,-20.5],[-54.183,-20.49],[-54.183,-20.485],[-54.183,-20.473],[-54.183,-20.467],[-54.186,-20.465]]]}},{"type":"Feature","properties":{"c":"5007208"},"geometry":{"type":"Polygon","coordinates":[[[-54.627,-21.924],[-54.629,-21.92],[-54.632,-21.92],[-54.631,-21.916],[-54.638,-21.916],[-54.643,-21.927],[-54.648,-21.933],[-54.653,-21.933],[-54.657,-21.928],[-54.662,-21.925],[-54.662,-21.927],[-54.667,-21.931],[-54.666,-21.937],[-54.66,-21.938],[-54.657,-21.937],[-54.658,-21.941],[-54.664,-21.941],[-54.664,-21.943],[-54.668,-21.945],[-54.673,-21.943],[-54.68,-21.945],[-54.685,-21.944],[-54.687,-21.941],[-54.687,-21.935],[-54.685,-21.93],[-54.687,-21.929],[-54.696,-21.924],[-54.7,-21.916],[-54.693,-21.911],[-54.689,-21.911],[-54.689,-21.908],[-54.682,-21.904],[-54.677,-21.903],[-54.675,-21.901],[-54.675,-21.897],[-54.68,-21.896],[-54.685,-21.898],[-54.691,-21.895],[-54.686,-21.886],[-54.688,-21.871],[-54.69,-21.867],[-54.69,-21.864],[-54.694,-21.865],[-54.697,-21.869],[-54.705,-21.87],[-54.711,-21.876],[-54.715,-21.878],[-54.72,-21.879],[-54.727,-21.877],[-54.733,-21.879],[-54.744,-21.897],[-54.749,-21.898],[-54.752,-21.902],[-54.758,-21.903],[-54.761,-21.905],[-54.762,-21.903],[-54.77,-21.897],[-54.767,-21.893],[-54.77,-21.88],[-54.772,-21.874],[-54.78,-21.867],[-54.786,-21.868],[-54.787,-21.864],[-54.787,-21.856],[-54.784,-21.856],[-54.786,-21.852],[-54.782,-21.85],[-54.784,-21.845],[-54.789,-21.842],[-54.792,-21.836],[-54.791,-21.831],[-54.795,-21.831],[-54.794,-21.828],[-54.799,-21.826],[-54.806,-21.827],[-54.807,-21.83],[-54.814,-21.836],[-54.824,-21.833],[-54.826,-21.834],[-54.83,-21.832],[-54.828,-21.825],[-54.836,-21.823],[-54.837,-21.819],[-54.834,-21.821],[-54.832,-21.815],[-54.833,-21.809],[-54.829,-21.798],[-54.832,-21.794],[-54.831,-21.788],[-54.834,-21.787],[-54.834,-21.791],[-54.838,-21.786],[-54.846,-21.78],[-54.851,-21.783],[-54.853,-21.778],[-54.856,-21.778],[-54.86,-21.781],[-54.861,-21.779],[-54.858,-21.775],[-54.86,-21.771],[-54.87,-21.765],[-54.878,-21.767],[-54.876,-21.77],[-54.88,-21.771],[-54.888,-21.762],[-54.895,-21.759],[-54.896,-21.756],[-54.896,-21.747],[-54.904,-21.747],[-54.905,-21.746],[-54.909,-21.748],[-54.913,-21.746],[-54.915,-21.741],[-54.918,-21.743],[-54.918,-21.74],[-54.921,-21.731],[-54.924,-21.728],[-54.929,-21.731],[-54.935,-21.727],[-54.937,-21.722],[-54.94,-21.721],[-54.938,-21.718],[-54.93,-21.716],[-54.928,-21.712],[-54.922,-21.709],[-54.919,-21.7],[-54.924,-21.697],[-54.928,-21.7],[-54.94,-21.7],[-54.938,-21.694],[-54.934,-21.691],[-54.936,-21.683],[-54.938,-21.683],[-54.941,-21.689],[-54.947,-21.692],[-54.95,-21.689],[-54.955,-21.675],[-54.96,-21.671],[-54.966,-21.67],[-54.97,-21.667],[-54.986,-21.662],[-54.997,-21.664],[-54.997,-21.66],[-54.993,-21.656],[-54.989,-21.655],[-54.986,-21.65],[-54.986,-21.644],[-54.99,-21.644],[-54.993,-21.647],[-54.995,-21.643],[-54.987,-21.635],[-54.989,-21.633],[-54.988,-21.623],[-54.992,-21.621],[-54.995,-21.618],[-54.998,-21.621],[-55.01,-21.625],[-55.013,-21.621],[-55.019,-21.619],[-55.026,-21.61],[-55.024,-21.605],[-55.02,-21.601],[-55.018,-21.593],[-55.026,-21.594],[-55.028,-21.586],[-55.028,-21.582],[-55.024,-21.57],[-55.019,-21.564],[-55.018,-21.557],[-55.019,-21.548],[-55.015,-21.532],[-55.016,-21.519],[-55.015,-21.516],[-55.016,-21.505],[-55.013,-21.488],[-55.013,-21.485],[-54.893,-21.338],[-54.886,-21.338],[-54.876,-21.335],[-54.873,-21.337],[-54.864,-21.337],[-54.854,-21.344],[-54.846,-21.347],[-54.841,-21.351],[-54.836,-21.353],[-54.833,-21.35],[-54.83,-21.342],[-54.824,-21.338],[-54.818,-21.338],[-54.814,-21.343],[-54.811,-21.345],[-54.803,-21.346],[-54.801,-21.348],[-54.796,-21.342],[-54.784,-21.346],[-54.783,-21.352],[-54.786,-21.358],[-54.785,-21.367],[-54.773,-21.369],[-54.77,-21.374],[-54.77,-21.378],[-54.701,-21.355],[-54.698,-21.36],[-54.698,-21.363],[-54.702,-21.366],[-54.7,-21.368],[-54.701,-21.371],[-54.706,-21.372],[-54.706,-21.375],[-54.701,-21.379],[-54.7,-21.384],[-54.696,-21.384],[-54.694,-21.389],[-54.696,-21.392],[-54.694,-21.397],[-54.689,-21.399],[-54.687,-21.402],[-54.688,-21.41],[-54.694,-21.412],[-54.695,-21.416],[-54.703,-21.423],[-54.704,-21.427],[-54.708,-21.427],[-54.707,-21.429],[-54.7,-21.434],[-54.703,-21.436],[-54.701,-21.44],[-54.694,-21.443],[-54.693,-21.445],[-54.697,-21.449],[-54.696,-21.452],[-54.691,-21.452],[-54.683,-21.453],[-54.678,-21.457],[-54.675,-21.463],[-54.668,-21.465],[-54.667,-21.467],[-54.668,-21.474],[-54.665,-21.481],[-54.674,-21.482],[-54.678,-21.48],[-54.679,-21.485],[-54.686,-21.487],[-54.69,-21.491],[-54.689,-21.494],[-54.682,-21.497],[-54.689,-21.5],[-54.693,-21.5],[-54.689,-21.507],[-54.681,-21.509],[-54.681,-21.512],[-54.686,-21.514],[-54.686,-21.519],[-54.683,-21.524],[-54.677,-21.528],[-54.672,-21.528],[-54.666,-21.522],[-54.657,-21.522],[-54.654,-21.525],[-54.656,-21.527],[-54.664,-21.533],[-54.661,-21.537],[-54.654,-21.543],[-54.65,-21.545],[-54.642,-21.53],[-54.621,-21.52],[-54.601,-21.489],[-54.596,-21.49],[-54.58,-21.496],[-54.565,-21.501],[-54.513,-21.527],[-54.509,-21.527],[-54.508,-21.53],[-54.495,-21.541],[-54.494,-21.543],[-54.486,-21.567],[-54.472,-21.568],[-54.46,-21.574],[-54.455,-21.579],[-54.449,-21.586],[-54.445,-21.59],[-54.442,-21.597],[-54.437,-21.599],[-54.433,-21.589],[-54.425,-21.578],[-54.407,-21.571],[-54.405,-21.569],[-54.383,-21.542],[-54.377,-21.536],[-54.366,-21.529],[-54.36,-21.523],[-54.354,-21.521],[-54.342,-21.519],[-54.334,-21.517],[-54.332,-21.526],[-54.333,-21.532],[-54.332,-21.543],[-54.334,-21.553],[-54.337,-21.56],[-54.345,-21.568],[-54.352,-21.574],[-54.355,-21.578],[-54.355,-21.581],[-54.351,-21.593],[-54.346,-21.602],[-54.342,-21.605],[-54.344,-21.609],[-54.343,-21.614],[-54.341,-21.615],[-54.335,-21.616],[-54.334,-21.62],[-54.331,-21.62],[-54.329,-21.627],[-54.324,-21.633],[-54.32,-21.629],[-54.303,-21.645],[-54.301,-21.648],[-54.303,-21.651],[-54.299,-21.653],[-54.294,-21.652],[-54.293,-21.647],[-54.289,-21.651],[-54.29,-21.657],[-54.286,-21.66],[-54.279,-21.659],[-54.282,-21.654],[-54.28,-21.653],[-54.271,-21.664],[-54.274,-21.669],[-54.273,-21.674],[-54.269,-21.673],[-54.265,-21.678],[-54.26,-21.679],[-54.256,-21.683],[-54.25,-21.682],[-54.248,-21.684],[-54.249,-21.688],[-54.242,-21.69],[-54.236,-21.686],[-54.234,-21.683],[-54.231,-21.686],[-54.224,-21.688],[-54.22,-21.692],[-54.213,-21.701],[-54.209,-21.705],[-54.212,-21.712],[-54.213,-21.718],[-54.206,-21.724],[-54.205,-21.729],[-54.202,-21.726],[-54.191,-21.725],[-54.188,-21.729],[-54.189,-21.731],[-54.185,-21.732],[-54.185,-21.735],[-54.178,-21.733],[-54.175,-21.734],[-54.173,-21.731],[-54.162,-21.733],[-54.162,-21.735],[-54.156,-21.737],[-54.153,-21.736],[-54.153,-21.74],[-54.151,-21.742],[-54.142,-21.743],[-54.142,-21.746],[-54.136,-21.747],[-54.132,-21.745],[-54.13,-21.739],[-54.123,-21.74],[-54.118,-21.739],[-54.118,-21.745],[-54.115,-21.744],[-54.115,-21.749],[-54.11,-21.753],[-54.108,-21.75],[-54.101,-21.752],[-54.097,-21.748],[-54.091,-21.745],[-54.088,-21.745],[-54.089,-21.749],[-54.082,-21.753],[-54.077,-21.755],[-54.075,-21.751],[-54.068,-21.753],[-54.062,-21.76],[-54.06,-21.758],[-54.057,-21.763],[-54.06,-21.765],[-54.055,-21.768],[-54.054,-21.764],[-54.047,-21.77],[-54.043,-21.771],[-54.044,-21.774],[-54.041,-21.777],[-54.04,-21.773],[-54.036,-21.771],[-54.029,-21.773],[-54.025,-21.776],[-54.018,-21.779],[-54.013,-21.783],[-54.008,-21.784],[-54.0,-21.782],[-53.998,-21.779],[-53.993,-21.777],[-53.99,-21.781],[-53.99,-21.789],[-53.987,-21.787],[-53.984,-21.791],[-53.986,-21.797],[-53.981,-21.798],[-53.98,-21.805],[-53.975,-21.806],[-53.971,-21.813],[-53.971,-21.816],[-53.968,-21.813],[-53.963,-21.816],[-53.961,-21.825],[-53.963,-21.826],[-53.964,-21.831],[-53.961,-21.833],[-53.955,-21.834],[-53.952,-21.832],[-53.953,-21.837],[-53.951,-21.838],[-53.952,-21.845],[-53.956,-21.846],[-53.955,-21.85],[-53.96,-21.847],[-53.962,-21.848],[-53.958,-21.854],[-53.954,-21.855],[-53.951,-21.852],[-53.945,-21.856],[-53.934,-21.86],[-53.93,-21.859],[-53.927,-21.856],[-53.925,-21.859],[-53.927,-21.861],[-53.915,-21.863],[-53.91,-21.868],[-53.906,-21.868],[-53.909,-21.873],[-53.906,-21.877],[-53.901,-21.879],[-53.899,-21.883],[-53.897,-21.89],[-53.891,-21.897],[-53.891,-21.905],[-53.893,-21.907],[-53.904,-21.911],[-53.914,-21.898],[-53.918,-21.899],[-53.924,-21.898],[-53.927,-21.901],[-53.931,-21.901],[-53.937,-21.897],[-53.943,-21.897],[-53.94,-21.902],[-53.938,-21.908],[-53.945,-21.919],[-53.955,-21.923],[-53.959,-21.923],[-53.96,-21.92],[-53.957,-21.914],[-53.953,-21.914],[-53.953,-21.91],[-53.96,-21.903],[-53.962,-21.897],[-53.965,-21.896],[-53.968,-21.9],[-53.969,-21.907],[-53.972,-21.911],[-53.974,-21.911],[-53.983,-21.903],[-53.992,-21.901],[-53.999,-21.908],[-54.002,-21.908],[-54.004,-21.903],[-54.009,-21.905],[-54.015,-21.903],[-54.022,-21.9],[-54.026,-21.897],[-54.029,-21.898],[-54.036,-21.898],[-54.039,-21.901],[-54.048,-21.903],[-54.055,-21.902],[-54.063,-21.908],[-54.069,-21.905],[-54.076,-21.906],[-54.079,-21.908],[-54.077,-21.91],[-54.069,-21.913],[-54.069,-21.92],[-54.076,-21.929],[-54.081,-21.929],[-54.089,-21.922],[-54.092,-21.916],[-54.1,-21.913],[-54.106,-21.914],[-54.112,-21.917],[-54.115,-21.923],[-54.123,-21.928],[-54.133,-21.931],[-54.132,-21.934],[-54.127,-21.938],[-54.126,-21.946],[-54.127,-21.947],[-54.134,-21.945],[-54.14,-21.946],[-54.144,-21.941],[-54.15,-21.939],[-54.164,-21.939],[-54.169,-21.941],[-54.173,-21.935],[-54.183,-21.929],[-54.188,-21.924],[-54.192,-21.925],[-54.193,-21.929],[-54.201,-21.939],[-54.204,-21.938],[-54.208,-21.932],[-54.214,-21.935],[-54.216,-21.943],[-54.214,-21.948],[-54.221,-21.953],[-54.224,-21.953],[-54.232,-21.954],[-54.237,-21.951],[-54.238,-21.949],[-54.242,-21.948],[-54.241,-21.951],[-54.242,-21.956],[-54.245,-21.957],[-54.246,-21.954],[-54.252,-21.962],[-54.257,-21.962],[-54.262,-21.959],[-54.262,-21.954],[-54.26,-21.951],[-54.263,-21.949],[-54.269,-21.949],[-54.269,-21.951],[-54.267,-21.954],[-54.27,-21.958],[-54.273,-21.966],[-54.276,-21.965],[-54.277,-21.959],[-54.283,-21.952],[-54.282,-21.945],[-54.28,-21.941],[-54.28,-21.937],[-54.286,-21.933],[-54.285,-21.937],[-54.289,-21.935],[-54.288,-21.939],[-54.292,-21.939],[-54.301,-21.936],[-54.3,-21.939],[-54.303,-21.94],[-54.306,-21.935],[-54.309,-21.934],[-54.322,-21.934],[-54.328,-21.937],[-54.33,-21.946],[-54.335,-21.952],[-54.336,-21.946],[-54.343,-21.945],[-54.35,-21.949],[-54.359,-21.948],[-54.363,-21.947],[-54.361,-21.941],[-54.365,-21.934],[-54.37,-21.942],[-54.37,-21.947],[-54.376,-21.948],[-54.374,-21.942],[-54.378,-21.938],[-54.374,-21.935],[-54.377,-21.932],[-54.381,-21.931],[-54.39,-21.932],[-54.397,-21.925],[-54.397,-21.928],[-54.401,-21.928],[-54.409,-21.934],[-54.418,-21.927],[-54.424,-21.925],[-54.428,-21.925],[-54.436,-21.924],[-54.436,-21.922],[-54.431,-21.918],[-54.436,-21.915],[-54.432,-21.909],[-54.428,-21.908],[-54.427,-21.905],[-54.43,-21.903],[-54.445,-21.903],[-54.452,-21.9],[-54.454,-21.893],[-54.457,-21.893],[-54.461,-21.897],[-54.464,-21.894],[-54.464,-21.891],[-54.467,-21.89],[-54.468,-21.893],[-54.474,-21.893],[-54.478,-21.896],[-54.481,-21.901],[-54.488,-21.906],[-54.494,-21.907],[-54.496,-21.909],[-54.494,-21.913],[-54.497,-21.924],[-54.495,-21.931],[-54.499,-21.934],[-54.506,-21.934],[-54.509,-21.939],[-54.516,-21.938],[-54.517,-21.935],[-54.522,-21.935],[-54.52,-21.931],[-54.526,-21.918],[-54.532,-21.911],[-54.538,-21.914],[-54.545,-21.914],[-54.549,-21.906],[-54.549,-21.901],[-54.557,-21.903],[-54.557,-21.907],[-54.56,-21.919],[-54.563,-21.919],[-54.567,-21.923],[-54.575,-21.919],[-54.576,-21.924],[-54.582,-21.93],[-54.587,-21.929],[-54.587,-21.925],[-54.59,-21.922],[-54.597,-21.924],[-54.608,-21.923],[-54.611,-21.928],[-54.618,-21.929],[-54.627,-21.924]]]}},{"type":"Feature","properties":{"c":"5007307"},"geometry":{"type":"Polygon","coordinates":[[[-55.241,-19.521],[-55.243,-19.516],[-55.242,-19.51],[-55.24,-19.501],[-55.237,-19.498],[-55.226,-19.496],[-55.222,-19.488],[-55.225,-19.484],[-55.222,-19.475],[-55.221,-19.469],[-55.221,-19.464],[-55.217,-19.462],[-55.218,-19.456],[-55.214,-19.454],[-55.214,-19.448],[-55.211,-19.444],[-55.207,-19.442],[-55.207,-19.438],[-55.209,-19.434],[-55.204,-19.429],[-55.203,-19.423],[-55.204,-19.417],[-55.199,-19.413],[-55.196,-19.409],[-55.187,-19.404],[-55.178,-19.406],[-55.171,-19.406],[-55.163,-19.403],[-55.156,-19.394],[-55.149,-19.386],[-55.145,-19.387],[-55.133,-19.381],[-55.112,-19.37],[-55.124,-19.353],[-55.102,-19.335],[-55.1,-19.332],[-55.097,-19.333],[-55.096,-19.337],[-55.092,-19.338],[-55.092,-19.341],[-55.088,-19.341],[-55.084,-19.338],[-55.083,-19.342],[-55.081,-19.34],[-55.078,-19.343],[-55.074,-19.341],[-55.07,-19.343],[-55.069,-19.345],[-55.063,-19.346],[-55.06,-19.344],[-55.059,-19.35],[-55.057,-19.351],[-55.052,-19.347],[-55.05,-19.343],[-55.052,-19.337],[-55.048,-19.331],[-55.046,-19.326],[-55.042,-19.326],[-55.035,-19.32],[-55.036,-19.314],[-55.033,-19.31],[-55.029,-19.31],[-55.023,-19.308],[-55.026,-19.303],[-55.026,-19.298],[-55.022,-19.298],[-55.022,-19.3],[-55.018,-19.3],[-55.016,-19.295],[-55.013,-19.291],[-55.017,-19.292],[-55.021,-19.29],[-55.018,-19.287],[-55.02,-19.282],[-55.018,-19.28],[-55.014,-19.28],[-55.015,-19.275],[-55.014,-19.272],[-55.009,-19.272],[-55.008,-19.267],[-55.003,-19.264],[-55.01,-19.256],[-55.008,-19.252],[-55.0,-19.249],[-54.999,-19.243],[-54.995,-19.242],[-54.994,-19.236],[-54.989,-19.233],[-54.983,-19.235],[-54.913,-19.235],[-54.91,-19.233],[-54.909,-19.229],[-54.905,-19.228],[-54.904,-19.225],[-54.9,-19.22],[-54.896,-19.221],[-54.896,-19.215],[-54.893,-19.212],[-54.893,-19.209],[-54.882,-19.208],[-54.882,-19.2],[-54.878,-19.197],[-54.879,-19.194],[-54.871,-19.187],[-54.864,-19.188],[-54.861,-19.187],[-54.856,-19.187],[-54.853,-19.19],[-54.805,-19.201],[-54.797,-19.203],[-54.789,-19.205],[-54.783,-19.21],[-54.776,-19.219],[-54.766,-19.225],[-54.757,-19.229],[-54.741,-19.229],[-54.749,-19.257],[-54.749,-19.266],[-54.711,-19.303],[-54.722,-19.312],[-54.724,-19.315],[-54.729,-19.332],[-54.737,-19.339],[-54.74,-19.348],[-54.741,-19.358],[-54.743,-19.364],[-54.747,-19.375],[-54.754,-19.386],[-54.761,-19.392],[-54.766,-19.4],[-54.767,-19.407],[-54.779,-19.421],[-54.783,-19.427],[-54.779,-19.434],[-54.779,-19.437],[-54.782,-19.443],[-54.791,-19.452],[-54.795,-19.455],[-54.799,-19.476],[-54.809,-19.482],[-54.81,-19.484],[-54.815,-19.486],[-54.818,-19.491],[-54.815,-19.501],[-54.815,-19.507],[-54.817,-19.516],[-54.812,-19.525],[-54.812,-19.536],[-54.816,-19.553],[-54.819,-19.564],[-54.818,-19.572],[-54.822,-19.587],[-54.824,-19.594],[-54.834,-19.598],[-54.838,-19.608],[-54.839,-19.62],[-54.837,-19.629],[-54.837,-19.64],[-54.839,-19.648],[-54.856,-19.648],[-54.872,-19.651],[-54.893,-19.652],[-54.895,-19.655],[-54.897,-19.66],[-54.896,-19.673],[-54.903,-19.68],[-54.913,-19.684],[-54.923,-19.687],[-54.924,-19.689],[-54.93,-19.69],[-54.935,-19.695],[-54.947,-19.694],[-54.95,-19.689],[-54.957,-19.688],[-54.961,-19.685],[-54.967,-19.686],[-54.969,-19.685],[-54.98,-19.691],[-54.984,-19.692],[-54.992,-19.69],[-54.995,-19.696],[-55.0,-19.7],[-55.009,-19.7],[-55.012,-19.701],[-55.016,-19.698],[-55.025,-19.7],[-55.027,-19.698],[-55.026,-19.689],[-55.029,-19.687],[-55.027,-19.681],[-55.027,-19.677],[-55.031,-19.676],[-55.037,-19.678],[-55.037,-19.68],[-55.04,-19.677],[-55.039,-19.671],[-55.046,-19.665],[-55.047,-19.658],[-55.041,-19.658],[-55.042,-19.652],[-55.039,-19.64],[-55.043,-19.632],[-55.047,-19.632],[-55.052,-19.63],[-55.048,-19.627],[-55.042,-19.627],[-55.039,-19.629],[-55.04,-19.622],[-55.034,-19.625],[-55.036,-19.623],[-55.038,-19.615],[-55.042,-19.615],[-55.041,-19.612],[-55.05,-19.608],[-55.057,-19.609],[-55.085,-19.631],[-55.118,-19.625],[-55.146,-19.614],[-55.174,-19.595],[-55.183,-19.583],[-55.192,-19.576],[-55.202,-19.563],[-55.204,-19.556],[-55.224,-19.534],[-55.241,-19.521]]]}},{"type":"Feature","properties":{"c":"5007406"},"geometry":{"type":"Polygon","coordinates":[[[-54.574,-18.712],[-54.577,-18.717],[-54.575,-18.722],[-54.579,-18.729],[-54.579,-18.735],[-54.574,-18.741],[-54.567,-18.743],[-54.566,-18.745],[-54.568,-18.75],[-54.566,-18.759],[-54.569,-18.763],[-54.563,-18.766],[-54.545,-18.775],[-54.542,-18.774],[-54.537,-18.777],[-54.529,-18.783],[-54.53,-18.789],[-54.528,-18.796],[-54.531,-18.801],[-54.525,-18.805],[-54.519,-18.811],[-54.519,-18.818],[-54.516,-18.82],[-54.517,-18.826],[-54.519,-18.832],[-54.519,-18.837],[-54.521,-18.84],[-54.521,-18.847],[-54.502,-18.857],[-54.498,-18.86],[-54.494,-18.86],[-54.485,-18.859],[-54.481,-18.861],[-54.484,-18.868],[-54.482,-18.875],[-54.477,-18.876],[-54.47,-18.886],[-54.461,-18.889],[-54.46,-18.895],[-54.455,-18.894],[-54.452,-18.896],[-54.451,-18.901],[-54.443,-18.9],[-54.441,-18.905],[-54.442,-18.911],[-54.447,-18.916],[-54.448,-18.919],[-54.443,-18.919],[-54.439,-18.923],[-54.439,-18.927],[-54.432,-18.926],[-54.429,-18.929],[-54.425,-18.935],[-54.428,-18.937],[-54.423,-18.939],[-54.421,-18.943],[-54.422,-18.948],[-54.419,-18.95],[-54.412,-18.951],[-54.409,-18.953],[-54.404,-18.951],[-54.397,-18.95],[-54.396,-18.953],[-54.398,-18.957],[-54.395,-18.958],[-54.399,-18.967],[-54.401,-18.974],[-54.399,-18.979],[-54.395,-18.98],[-54.393,-18.982],[-54.398,-18.983],[-54.401,-18.987],[-54.404,-18.988],[-54.408,-18.986],[-54.41,-18.982],[-54.408,-18.979],[-54.411,-18.977],[-54.418,-18.979],[-54.427,-18.977],[-54.436,-18.973],[-54.436,-18.98],[-54.44,-18.981],[-54.438,-18.984],[-54.442,-18.984],[-54.448,-18.977],[-54.45,-18.978],[-54.454,-18.974],[-54.461,-18.976],[-54.469,-18.977],[-54.474,-18.976],[-54.477,-18.98],[-54.482,-18.978],[-54.486,-18.98],[-54.49,-18.973],[-54.492,-18.977],[-54.497,-18.976],[-54.502,-18.974],[-54.508,-18.973],[-54.51,-18.967],[-54.514,-18.971],[-54.518,-18.972],[-54.521,-18.971],[-54.529,-18.964],[-54.535,-18.959],[-54.543,-18.955],[-54.547,-18.956],[-54.552,-18.954],[-54.558,-18.954],[-54.567,-18.957],[-54.566,-18.964],[-54.572,-18.967],[-54.577,-18.971],[-54.58,-18.97],[-54.582,-18.974],[-54.593,-18.976],[-54.595,-18.975],[-54.599,-18.979],[-54.604,-18.977],[-54.609,-18.979],[-54.612,-18.984],[-54.622,-18.988],[-54.631,-18.99],[-54.641,-18.995],[-54.645,-19.0],[-54.645,-19.004],[-54.649,-19.006],[-54.669,-19.013],[-54.673,-19.017],[-54.684,-19.02],[-54.691,-19.024],[-54.691,-19.028],[-54.692,-19.034],[-54.695,-19.038],[-54.698,-19.047],[-54.711,-19.054],[-54.715,-19.058],[-54.721,-19.064],[-54.724,-19.073],[-54.723,-19.076],[-54.72,-19.081],[-54.723,-19.084],[-54.723,-19.09],[-54.721,-19.096],[-54.725,-19.102],[-54.726,-19.107],[-54.745,-19.134],[-54.752,-19.14],[-54.756,-19.151],[-54.758,-19.161],[-54.765,-19.164],[-54.769,-19.164],[-54.788,-19.172],[-54.795,-19.184],[-54.805,-19.193],[-54.805,-19.201],[-54.853,-19.19],[-54.856,-19.187],[-54.861,-19.187],[-54.864,-19.188],[-54.871,-19.187],[-54.879,-19.194],[-54.878,-19.197],[-54.882,-19.2],[-54.882,-19.208],[-54.893,-19.209],[-54.893,-19.212],[-54.896,-19.215],[-54.896,-19.221],[-54.9,-19.22],[-54.904,-19.225],[-54.905,-19.228],[-54.909,-19.229],[-54.91,-19.233],[-54.913,-19.235],[-54.983,-19.235],[-54.989,-19.233],[-54.994,-19.236],[-54.995,-19.242],[-54.999,-19.243],[-55.0,-19.249],[-55.008,-19.252],[-55.01,-19.256],[-55.003,-19.264],[-55.008,-19.267],[-55.009,-19.272],[-55.014,-19.272],[-55.015,-19.275],[-55.014,-19.28],[-55.018,-19.28],[-55.02,-19.282],[-55.018,-19.287],[-55.021,-19.29],[-55.017,-19.292],[-55.013,-19.291],[-55.016,-19.295],[-55.018,-19.3],[-55.022,-19.3],[-55.022,-19.298],[-55.026,-19.298],[-55.026,-19.303],[-55.023,-19.308],[-55.029,-19.31],[-55.033,-19.31],[-55.036,-19.314],[-55.035,-19.32],[-55.042,-19.326],[-55.046,-19.326],[-55.048,-19.331],[-55.052,-19.337],[-55.05,-19.343],[-55.052,-19.347],[-55.057,-19.351],[-55.059,-19.35],[-55.06,-19.344],[-55.063,-19.346],[-55.069,-19.345],[-55.07,-19.343],[-55.074,-19.341],[-55.078,-19.343],[-55.081,-19.34],[-55.083,-19.342],[-55.084,-19.338],[-55.088,-19.341],[-55.092,-19.341],[-55.092,-19.338],[-55.096,-19.337],[-55.097,-19.333],[-55.1,-19.332],[-55.102,-19.335],[-55.102,-19.332],[-55.104,-19.335],[-55.108,-19.333],[-55.107,-19.328],[-55.114,-19.327],[-55.116,-19.33],[-55.119,-19.329],[-55.123,-19.335],[-55.12,-19.338],[-55.126,-19.342],[-55.136,-19.342],[-55.137,-19.346],[-55.146,-19.345],[-55.145,-19.341],[-55.152,-19.337],[-55.158,-19.337],[-55.16,-19.334],[-55.165,-19.335],[-55.166,-19.333],[-55.17,-19.333],[-55.17,-19.329],[-55.176,-19.322],[-55.177,-19.316],[-55.182,-19.31],[-55.184,-19.311],[-55.185,-19.307],[-55.187,-19.306],[-55.191,-19.307],[-55.191,-19.302],[-55.192,-19.298],[-55.196,-19.296],[-55.196,-19.294],[-55.201,-19.288],[-55.205,-19.288],[-55.204,-19.285],[-55.211,-19.285],[-55.214,-19.281],[-55.217,-19.28],[-55.221,-19.282],[-55.223,-19.285],[-55.226,-19.281],[-55.226,-19.277],[-55.229,-19.271],[-55.235,-19.267],[-55.24,-19.265],[-55.244,-19.258],[-55.246,-19.258],[-55.25,-19.252],[-55.257,-19.251],[-55.263,-19.248],[-55.27,-19.249],[-55.274,-19.251],[-55.277,-19.249],[-55.284,-19.252],[-55.292,-19.253],[-55.294,-19.256],[-55.305,-19.258],[-55.307,-19.253],[-55.31,-19.254],[-55.311,-19.25],[-55.31,-19.245],[-55.314,-19.245],[-55.319,-19.242],[-55.32,-19.239],[-55.331,-19.238],[-55.331,-19.24],[-55.34,-19.244],[-55.341,-19.246],[-55.345,-19.244],[-55.347,-19.249],[-55.351,-19.25],[-55.353,-19.255],[-55.351,-19.263],[-55.357,-19.264],[-55.36,-19.266],[-55.366,-19.264],[-55.368,-19.265],[-55.374,-19.26],[-55.375,-19.258],[-55.382,-19.259],[-55.386,-19.258],[-55.391,-19.26],[-55.393,-19.262],[-55.395,-19.26],[-55.4,-19.266],[-55.404,-19.264],[-55.406,-19.261],[-55.417,-19.261],[-55.425,-19.255],[-55.426,-19.252],[-55.423,-19.249],[-55.426,-19.249],[-55.427,-19.245],[-55.432,-19.244],[-55.431,-19.241],[-55.435,-19.239],[-55.436,-19.236],[-55.447,-19.232],[-55.451,-19.223],[-55.454,-19.221],[-55.465,-19.219],[-55.442,-19.0],[-55.399,-18.582],[-55.307,-18.248],[-55.306,-18.248],[-55.3,-18.25],[-55.296,-18.247],[-55.293,-18.244],[-55.291,-18.246],[-55.292,-18.249],[-55.288,-18.256],[-55.282,-18.258],[-55.271,-18.251],[-55.268,-18.243],[-55.259,-18.239],[-55.253,-18.228],[-55.249,-18.226],[-55.246,-18.229],[-55.25,-18.238],[-55.25,-18.243],[-55.248,-18.248],[-55.244,-18.252],[-55.238,-18.252],[-55.235,-18.247],[-55.234,-18.241],[-55.234,-18.229],[-55.233,-18.224],[-55.229,-18.224],[-55.227,-18.231],[-55.22,-18.235],[-55.213,-18.238],[-55.209,-18.238],[-55.207,-18.234],[-55.208,-18.229],[-55.204,-18.223],[-55.198,-18.223],[-55.19,-18.229],[-55.187,-18.233],[-55.179,-18.238],[-55.175,-18.236],[-55.175,-18.23],[-55.173,-18.228],[-55.17,-18.228],[-55.164,-18.233],[-55.16,-18.232],[-55.157,-18.222],[-55.15,-18.221],[-55.142,-18.237],[-55.138,-18.24],[-55.127,-18.242],[-55.117,-18.242],[-55.11,-18.246],[-55.105,-18.255],[-55.101,-18.261],[-55.101,-18.265],[-55.097,-18.27],[-55.091,-18.278],[-55.079,-18.281],[-55.075,-18.278],[-55.074,-18.27],[-55.068,-18.267],[-55.069,-18.272],[-55.065,-18.287],[-55.058,-18.288],[-55.055,-18.288],[-55.045,-18.29],[-55.036,-18.289],[-55.035,-18.293],[-55.039,-18.294],[-55.045,-18.293],[-55.047,-18.295],[-55.049,-18.3],[-55.052,-18.302],[-55.054,-18.309],[-55.055,-18.315],[-55.054,-18.319],[-55.052,-18.319],[-55.047,-18.315],[-55.043,-18.316],[-55.041,-18.321],[-55.048,-18.329],[-55.047,-18.334],[-55.043,-18.336],[-55.035,-18.329],[-55.031,-18.331],[-55.029,-18.337],[-55.031,-18.343],[-55.03,-18.347],[-55.027,-18.349],[-55.021,-18.345],[-55.016,-18.344],[-55.01,-18.345],[-54.998,-18.353],[-54.999,-18.354],[-55.007,-18.355],[-55.006,-18.361],[-55.0,-18.367],[-54.991,-18.368],[-54.987,-18.37],[-54.986,-18.376],[-54.988,-18.379],[-54.994,-18.38],[-54.994,-18.386],[-54.988,-18.391],[-54.979,-18.39],[-54.973,-18.396],[-54.973,-18.406],[-54.972,-18.409],[-54.975,-18.416],[-54.97,-18.419],[-54.964,-18.414],[-54.959,-18.412],[-54.959,-18.418],[-54.953,-18.426],[-54.944,-18.43],[-54.934,-18.438],[-54.927,-18.44],[-54.917,-18.44],[-54.912,-18.435],[-54.908,-18.438],[-54.903,-18.444],[-54.896,-18.448],[-54.89,-18.449],[-54.885,-18.445],[-54.881,-18.444],[-54.88,-18.429],[-54.877,-18.431],[-54.875,-18.436],[-54.87,-18.439],[-54.864,-18.438],[-54.864,-18.432],[-54.861,-18.428],[-54.855,-18.432],[-54.848,-18.435],[-54.843,-18.435],[-54.844,-18.431],[-54.848,-18.429],[-54.853,-18.424],[-54.851,-18.421],[-54.847,-18.421],[-54.846,-18.425],[-54.836,-18.431],[-54.83,-18.436],[-54.827,-18.444],[-54.82,-18.445],[-54.816,-18.444],[-54.808,-18.445],[-54.803,-18.451],[-54.803,-18.459],[-54.8,-18.465],[-54.794,-18.468],[-54.786,-18.468],[-54.771,-18.48],[-54.761,-18.487],[-54.757,-18.491],[-54.756,-18.494],[-54.764,-18.505],[-54.758,-18.513],[-54.756,-18.521],[-54.763,-18.579],[-54.749,-18.55],[-54.743,-18.536],[-54.74,-18.527],[-54.739,-18.531],[-54.742,-18.54],[-54.746,-18.547],[-54.746,-18.554],[-54.743,-18.56],[-54.738,-18.56],[-54.736,-18.567],[-54.731,-18.57],[-54.73,-18.572],[-54.731,-18.578],[-54.726,-18.589],[-54.722,-18.591],[-54.716,-18.591],[-54.706,-18.592],[-54.703,-18.594],[-54.699,-18.598],[-54.693,-18.595],[-54.691,-18.596],[-54.694,-18.599],[-54.693,-18.602],[-54.69,-18.602],[-54.685,-18.601],[-54.679,-18.603],[-54.677,-18.608],[-54.674,-18.611],[-54.66,-18.613],[-54.65,-18.621],[-54.643,-18.622],[-54.638,-18.62],[-54.636,-18.623],[-54.627,-18.627],[-54.623,-18.628],[-54.624,-18.633],[-54.626,-18.642],[-54.623,-18.647],[-54.616,-18.651],[-54.614,-18.656],[-54.616,-18.667],[-54.614,-18.672],[-54.611,-18.674],[-54.605,-18.681],[-54.593,-18.691],[-54.588,-18.694],[-54.58,-18.708],[-54.574,-18.712]]]}},{"type":"Feature","properties":{"c":"5007505"},"geometry":{"type":"Polygon","coordinates":[[[-54.734,-19.772],[-54.734,-19.775],[-54.726,-19.777],[-54.724,-19.774],[-54.72,-19.777],[-54.713,-19.777],[-54.709,-19.774],[-54.704,-19.773],[-54.705,-19.779],[-54.702,-19.779],[-54.701,-19.772],[-54.695,-19.773],[-54.693,-19.764],[-54.685,-19.756],[-54.681,-19.753],[-54.676,-19.753],[-54.675,-19.758],[-54.679,-19.761],[-54.67,-19.762],[-54.666,-19.763],[-54.663,-19.754],[-54.658,-19.757],[-54.652,-19.77],[-54.651,-19.776],[-54.635,-19.876],[-54.63,-19.876],[-54.615,-19.882],[-54.611,-19.88],[-54.607,-19.881],[-54.603,-19.879],[-54.602,-19.874],[-54.596,-19.876],[-54.583,-19.869],[-54.574,-19.87],[-54.57,-19.869],[-54.565,-19.871],[-54.562,-19.87],[-54.558,-19.871],[-54.554,-19.867],[-54.547,-19.871],[-54.545,-19.874],[-54.539,-19.871],[-54.537,-19.872],[-54.53,-19.868],[-54.525,-19.868],[-54.516,-19.871],[-54.515,-19.873],[-54.507,-19.873],[-54.506,-19.868],[-54.5,-19.869],[-54.494,-19.866],[-54.49,-19.868],[-54.482,-19.878],[-54.477,-19.88],[-54.471,-19.877],[-54.467,-19.878],[-54.464,-19.881],[-54.46,-19.881],[-54.461,-19.885],[-54.459,-19.889],[-54.46,-19.894],[-54.458,-19.901],[-54.46,-19.903],[-54.456,-19.908],[-54.458,-19.915],[-54.452,-19.927],[-54.455,-19.932],[-54.456,-19.937],[-54.46,-19.943],[-54.459,-19.949],[-54.454,-19.959],[-54.452,-19.973],[-54.449,-19.98],[-54.445,-19.985],[-54.439,-19.986],[-54.431,-19.988],[-54.423,-19.987],[-54.416,-19.981],[-54.407,-19.98],[-54.405,-19.985],[-54.4,-19.992],[-54.394,-19.997],[-54.409,-20.032],[-54.473,-20.014],[-54.476,-20.008],[-54.483,-20.005],[-54.498,-20.001],[-54.504,-20.001],[-54.507,-20.005],[-54.512,-20.007],[-54.523,-20.02],[-54.53,-20.018],[-54.534,-20.019],[-54.536,-20.018],[-54.539,-20.019],[-54.544,-20.011],[-54.549,-20.011],[-54.559,-20.017],[-54.562,-20.017],[-54.569,-20.02],[-54.569,-20.024],[-54.573,-20.025],[-54.577,-20.021],[-54.58,-20.013],[-54.588,-20.013],[-54.594,-20.017],[-54.598,-20.018],[-54.602,-20.011],[-54.609,-20.012],[-54.614,-20.01],[-54.623,-20.014],[-54.625,-20.012],[-54.631,-20.011],[-54.635,-20.004],[-54.641,-20.001],[-54.649,-20.001],[-54.65,-20.004],[-54.656,-20.007],[-54.659,-20.004],[-54.662,-20.007],[-54.663,-20.01],[-54.671,-20.009],[-54.673,-20.006],[-54.673,-20.012],[-54.676,-20.015],[-54.678,-20.012],[-54.682,-20.013],[-54.687,-20.015],[-54.691,-20.016],[-54.696,-20.014],[-54.7,-20.015],[-54.703,-20.019],[-54.706,-20.016],[-54.71,-20.016],[-54.715,-20.019],[-54.721,-20.029],[-54.727,-20.031],[-54.73,-20.037],[-54.733,-20.036],[-54.739,-20.046],[-54.747,-20.042],[-54.754,-20.043],[-54.758,-20.042],[-54.763,-20.045],[-54.772,-20.108],[-54.782,-20.173],[-54.784,-20.174],[-54.789,-20.172],[-54.8,-20.171],[-54.803,-20.175],[-54.809,-20.173],[-54.812,-20.175],[-54.815,-20.174],[-54.816,-20.171],[-54.82,-20.167],[-54.823,-20.166],[-54.828,-20.169],[-54.834,-20.17],[-54.837,-20.173],[-54.848,-20.167],[-54.85,-20.169],[-54.858,-20.172],[-54.859,-20.177],[-54.857,-20.178],[-54.86,-20.183],[-54.858,-20.184],[-54.862,-20.193],[-54.862,-20.2],[-54.868,-20.198],[-54.867,-20.2],[-54.873,-20.201],[-54.872,-20.204],[-54.876,-20.206],[-54.879,-20.208],[-54.88,-20.207],[-54.887,-20.208],[-54.895,-20.204],[-54.903,-20.209],[-54.91,-20.205],[-54.913,-20.207],[-54.917,-20.206],[-54.916,-20.201],[-54.917,-20.198],[-54.915,-20.197],[-54.93,-20.191],[-54.935,-20.196],[-54.937,-20.194],[-54.939,-20.186],[-54.943,-20.187],[-54.944,-20.184],[-54.941,-20.181],[-54.946,-20.178],[-54.946,-20.174],[-54.949,-20.172],[-54.953,-20.174],[-54.955,-20.17],[-54.963,-20.166],[-54.962,-20.17],[-54.965,-20.168],[-54.969,-20.172],[-54.971,-20.17],[-54.974,-20.173],[-54.975,-20.169],[-54.977,-20.171],[-54.989,-20.163],[-54.994,-20.165],[-54.995,-20.16],[-54.999,-20.163],[-55.003,-20.16],[-55.01,-20.161],[-55.006,-20.157],[-55.009,-20.155],[-55.014,-20.156],[-55.019,-20.155],[-55.027,-20.157],[-55.032,-20.156],[-55.034,-20.159],[-55.038,-20.16],[-55.042,-20.156],[-55.045,-20.146],[-55.048,-20.141],[-55.045,-20.14],[-55.042,-20.135],[-55.042,-20.138],[-55.039,-20.138],[-55.038,-20.135],[-55.031,-20.128],[-55.029,-20.125],[-55.023,-20.126],[-55.02,-20.132],[-55.015,-20.129],[-55.016,-20.125],[-55.015,-20.121],[-55.008,-20.122],[-55.002,-20.128],[-54.996,-20.125],[-54.997,-20.121],[-54.996,-20.113],[-54.993,-20.111],[-54.988,-20.113],[-54.985,-20.111],[-54.986,-20.109],[-54.983,-20.106],[-54.979,-20.107],[-54.975,-20.101],[-54.975,-20.096],[-54.972,-20.092],[-54.963,-20.089],[-54.96,-20.094],[-54.957,-20.095],[-54.954,-20.093],[-54.954,-20.086],[-54.957,-20.082],[-54.952,-20.079],[-54.948,-20.078],[-54.947,-20.073],[-54.945,-20.071],[-54.937,-20.07],[-54.935,-20.066],[-54.929,-20.062],[-54.93,-20.058],[-54.926,-20.054],[-54.919,-20.057],[-54.919,-20.053],[-54.924,-20.052],[-54.927,-20.048],[-54.922,-20.048],[-54.916,-20.044],[-54.912,-20.043],[-54.921,-20.039],[-54.93,-20.039],[-54.927,-20.033],[-54.927,-20.024],[-54.926,-20.022],[-54.92,-20.021],[-54.915,-20.019],[-54.915,-20.012],[-54.911,-20.007],[-54.912,-20.003],[-54.906,-20.001],[-54.904,-20.005],[-54.903,-20.002],[-54.897,-19.997],[-54.901,-19.993],[-54.906,-19.989],[-54.902,-19.987],[-54.899,-19.982],[-54.899,-19.978],[-54.893,-19.978],[-54.896,-19.972],[-54.895,-19.969],[-54.897,-19.965],[-54.894,-19.96],[-54.896,-19.951],[-54.893,-19.948],[-54.887,-19.947],[-54.884,-19.949],[-54.881,-19.945],[-54.884,-19.941],[-54.888,-19.941],[-54.889,-19.939],[-54.884,-19.936],[-54.883,-19.933],[-54.887,-19.93],[-54.882,-19.923],[-54.876,-19.921],[-54.871,-19.924],[-54.871,-19.918],[-54.869,-19.915],[-54.865,-19.915],[-54.856,-19.909],[-54.851,-19.905],[-54.851,-19.898],[-54.846,-19.899],[-54.843,-19.898],[-54.844,-19.894],[-54.846,-19.893],[-54.842,-19.886],[-54.836,-19.888],[-54.833,-19.881],[-54.839,-19.876],[-54.835,-19.874],[-54.835,-19.87],[-54.84,-19.866],[-54.84,-19.85],[-54.838,-19.844],[-54.833,-19.839],[-54.83,-19.838],[-54.826,-19.84],[-54.818,-19.84],[-54.817,-19.834],[-54.813,-19.831],[-54.811,-19.827],[-54.804,-19.825],[-54.801,-19.819],[-54.796,-19.819],[-54.794,-19.814],[-54.786,-19.809],[-54.789,-19.807],[-54.783,-19.798],[-54.78,-19.799],[-54.768,-19.787],[-54.763,-19.785],[-54.762,-19.781],[-54.758,-19.783],[-54.745,-19.779],[-54.74,-19.776],[-54.739,-19.772],[-54.734,-19.772]]]}},{"type":"Feature","properties":{"c":"5007554"},"geometry":{"type":"Polygon","coordinates":[[[-52.997,-21.632],[-52.996,-21.624],[-52.999,-21.621],[-53.002,-21.612],[-53.005,-21.607],[-53.005,-21.604],[-53.002,-21.597],[-53.002,-21.594],[-53.009,-21.581],[-53.012,-21.578],[-53.013,-21.572],[-53.011,-21.565],[-53.015,-21.554],[-53.014,-21.549],[-53.015,-21.544],[-53.019,-21.541],[-53.018,-21.536],[-53.02,-21.533],[-53.021,-21.527],[-53.023,-21.523],[-53.027,-21.521],[-53.028,-21.517],[-53.022,-21.509],[-53.023,-21.505],[-53.027,-21.496],[-53.031,-21.496],[-53.037,-21.502],[-53.04,-21.501],[-53.041,-21.496],[-53.036,-21.49],[-53.036,-21.489],[-53.042,-21.483],[-53.047,-21.475],[-53.047,-21.466],[-53.055,-21.457],[-53.051,-21.448],[-53.056,-21.445],[-53.057,-21.439],[-53.061,-21.433],[-53.061,-21.431],[-53.058,-21.428],[-53.053,-21.427],[-53.05,-21.42],[-53.053,-21.407],[-53.059,-21.402],[-53.063,-21.4],[-53.064,-21.392],[-53.067,-21.387],[-53.072,-21.385],[-53.077,-21.381],[-53.077,-21.375],[-53.083,-21.372],[-53.084,-21.365],[-53.087,-21.364],[-53.086,-21.357],[-53.091,-21.355],[-53.096,-21.351],[-53.095,-21.346],[-53.097,-21.339],[-53.1,-21.334],[-53.098,-21.33],[-53.104,-21.325],[-53.105,-21.32],[-53.11,-21.315],[-53.111,-21.305],[-53.115,-21.303],[-53.113,-21.295],[-53.114,-21.292],[-53.118,-21.288],[-53.12,-21.282],[-53.118,-21.277],[-53.115,-21.27],[-53.118,-21.263],[-53.123,-21.263],[-53.125,-21.261],[-53.125,-21.256],[-53.127,-21.254],[-53.13,-21.243],[-53.125,-21.234],[-53.133,-21.23],[-53.132,-21.223],[-53.128,-21.219],[-53.129,-21.212],[-53.133,-21.209],[-53.133,-21.198],[-53.136,-21.193],[-53.134,-21.188],[-53.135,-21.182],[-53.14,-21.179],[-53.134,-21.17],[-53.139,-21.162],[-53.142,-21.159],[-53.143,-21.156],[-53.138,-21.152],[-53.142,-21.146],[-53.141,-21.141],[-53.148,-21.138],[-53.158,-21.129],[-53.161,-21.122],[-53.166,-21.12],[-53.169,-21.114],[-53.175,-21.111],[-53.175,-21.105],[-53.178,-21.1],[-53.186,-21.094],[-53.185,-21.088],[-53.19,-21.077],[-53.19,-21.069],[-53.197,-21.061],[-53.206,-21.057],[-53.208,-21.053],[-53.213,-21.053],[-53.219,-21.049],[-53.218,-21.042],[-53.22,-21.04],[-53.228,-21.027],[-53.231,-21.026],[-53.232,-21.022],[-53.237,-21.018],[-53.238,-21.015],[-53.243,-21.013],[-53.242,-21.01],[-53.246,-21.006],[-53.244,-21.002],[-53.246,-20.997],[-53.251,-20.994],[-53.257,-20.995],[-53.261,-20.992],[-53.263,-20.986],[-53.269,-20.989],[-53.273,-20.983],[-53.281,-20.979],[-53.285,-20.971],[-53.288,-20.971],[-53.288,-20.964],[-53.29,-20.964],[-53.294,-20.955],[-53.291,-20.942],[-53.29,-20.94],[-53.284,-20.937],[-53.285,-20.932],[-53.278,-20.93],[-53.276,-20.924],[-53.273,-20.921],[-53.272,-20.912],[-53.273,-20.908],[-53.267,-20.905],[-53.265,-20.902],[-53.264,-20.897],[-53.262,-20.89],[-53.258,-20.887],[-53.251,-20.884],[-53.247,-20.881],[-53.244,-20.882],[-53.238,-20.88],[-53.226,-20.872],[-53.225,-20.869],[-53.219,-20.859],[-53.214,-20.859],[-53.209,-20.854],[-53.207,-20.85],[-53.199,-20.845],[-53.196,-20.841],[-53.192,-20.839],[-53.189,-20.835],[-53.176,-20.823],[-53.174,-20.811],[-53.174,-20.795],[-53.173,-20.791],[-53.172,-20.773],[-53.167,-20.76],[-53.167,-20.754],[-53.175,-20.745],[-53.177,-20.739],[-53.178,-20.733],[-53.176,-20.73],[-53.179,-20.724],[-53.178,-20.717],[-53.174,-20.712],[-53.175,-20.709],[-53.174,-20.702],[-53.174,-20.699],[-53.172,-20.695],[-53.168,-20.69],[-53.164,-20.687],[-53.154,-20.687],[-53.147,-20.688],[-53.14,-20.688],[-53.127,-20.69],[-53.114,-20.689],[-53.101,-20.705],[-53.094,-20.71],[-53.04,-20.736],[-53.037,-20.748],[-53.02,-20.783],[-53.019,-20.788],[-53.021,-20.802],[-53.021,-20.814],[-53.016,-20.824],[-53.014,-20.831],[-53.009,-20.836],[-53.005,-20.848],[-52.999,-20.855],[-52.997,-20.86],[-52.994,-20.862],[-52.978,-20.865],[-52.971,-20.87],[-52.961,-20.873],[-52.956,-20.879],[-52.952,-20.888],[-52.94,-20.901],[-52.931,-20.909],[-52.913,-20.922],[-52.906,-20.928],[-52.898,-20.932],[-52.893,-20.933],[-52.886,-20.942],[-52.858,-20.951],[-52.844,-20.96],[-52.838,-20.964],[-52.833,-20.97],[-52.83,-20.977],[-52.82,-20.983],[-52.813,-20.985],[-52.805,-20.993],[-52.799,-20.996],[-52.783,-21.014],[-52.77,-21.022],[-52.767,-21.023],[-52.761,-21.028],[-52.75,-21.036],[-52.746,-21.037],[-52.739,-21.045],[-52.728,-21.049],[-52.727,-21.054],[-52.723,-21.06],[-52.715,-21.067],[-52.711,-21.067],[-52.707,-21.072],[-52.704,-21.077],[-52.694,-21.084],[-52.693,-21.088],[-52.687,-21.096],[-52.682,-21.098],[-52.679,-21.103],[-52.67,-21.104],[-52.66,-21.118],[-52.651,-21.126],[-52.643,-21.13],[-52.64,-21.128],[-52.631,-21.132],[-52.631,-21.136],[-52.625,-21.14],[-52.621,-21.145],[-52.619,-21.145],[-52.613,-21.149],[-52.608,-21.158],[-52.6,-21.162],[-52.601,-21.167],[-52.594,-21.181],[-52.593,-21.182],[-52.591,-21.189],[-52.589,-21.191],[-52.583,-21.189],[-52.577,-21.193],[-52.575,-21.198],[-52.569,-21.201],[-52.566,-21.203],[-52.565,-21.213],[-52.56,-21.216],[-52.561,-21.22],[-52.558,-21.223],[-52.56,-21.224],[-52.559,-21.229],[-52.554,-21.231],[-52.551,-21.236],[-52.554,-21.24],[-52.553,-21.246],[-52.55,-21.251],[-52.547,-21.251],[-52.545,-21.258],[-52.534,-21.265],[-52.522,-21.282],[-52.52,-21.288],[-52.521,-21.29],[-52.515,-21.296],[-52.515,-21.303],[-52.508,-21.309],[-52.507,-21.312],[-52.502,-21.318],[-52.498,-21.319],[-52.489,-21.33],[-52.488,-21.335],[-52.49,-21.336],[-52.487,-21.342],[-52.483,-21.34],[-52.481,-21.35],[-52.478,-21.354],[-52.471,-21.354],[-52.464,-21.36],[-52.459,-21.362],[-52.456,-21.368],[-52.455,-21.373],[-52.451,-21.374],[-52.451,-21.376],[-52.447,-21.378],[-52.44,-21.378],[-52.436,-21.38],[-52.431,-21.39],[-52.428,-21.391],[-52.422,-21.388],[-52.418,-21.392],[-52.416,-21.392],[-52.411,-21.396],[-52.401,-21.399],[-52.393,-21.402],[-52.392,-21.407],[-52.385,-21.408],[-52.379,-21.417],[-52.377,-21.417],[-52.373,-21.424],[-52.365,-21.43],[-52.361,-21.432],[-52.357,-21.437],[-52.358,-21.441],[-52.352,-21.446],[-52.352,-21.45],[-52.35,-21.45],[-52.352,-21.453],[-52.343,-21.456],[-52.343,-21.457],[-52.334,-21.464],[-52.33,-21.469],[-52.327,-21.47],[-52.329,-21.473],[-52.323,-21.476],[-52.319,-21.471],[-52.315,-21.474],[-52.31,-21.475],[-52.304,-21.471],[-52.304,-21.476],[-52.295,-21.478],[-52.29,-21.473],[-52.287,-21.474],[-52.283,-21.479],[-52.28,-21.479],[-52.282,-21.482],[-52.277,-21.483],[-52.274,-21.485],[-52.27,-21.484],[-52.267,-21.491],[-52.258,-21.495],[-52.253,-21.501],[-52.253,-21.504],[-52.246,-21.51],[-52.245,-21.512],[-52.241,-21.511],[-52.24,-21.513],[-52.237,-21.512],[-52.232,-21.514],[-52.233,-21.52],[-52.23,-21.521],[-52.224,-21.519],[-52.222,-21.527],[-52.225,-21.527],[-52.225,-21.533],[-52.223,-21.537],[-52.219,-21.537],[-52.219,-21.54],[-52.213,-21.54],[-52.211,-21.545],[-52.205,-21.545],[-52.194,-21.539],[-52.194,-21.545],[-52.189,-21.552],[-52.188,-21.558],[-52.187,-21.556],[-52.181,-21.555],[-52.177,-21.561],[-52.171,-21.563],[-52.168,-21.567],[-52.166,-21.576],[-52.164,-21.579],[-52.159,-21.578],[-52.164,-21.581],[-52.161,-21.584],[-52.156,-21.584],[-52.154,-21.581],[-52.15,-21.582],[-52.148,-21.579],[-52.141,-21.578],[-52.138,-21.58],[-52.131,-21.579],[-52.126,-21.575],[-52.119,-21.577],[-52.12,-21.573],[-52.115,-21.574],[-52.109,-21.571],[-52.103,-21.571],[-52.102,-21.57],[-52.099,-21.575],[-52.092,-21.581],[-52.084,-21.583],[-52.072,-21.593],[-52.069,-21.598],[-52.065,-21.613],[-52.061,-21.624],[-52.052,-21.637],[-52.05,-21.643],[-52.048,-21.656],[-52.051,-21.666],[-52.056,-21.677],[-52.07,-21.702],[-52.076,-21.715],[-52.082,-21.721],[-52.087,-21.724],[-52.094,-21.731],[-52.101,-21.74],[-52.104,-21.746],[-52.112,-21.75],[-52.118,-21.749],[-52.125,-21.752],[-52.14,-21.756],[-52.148,-21.76],[-52.161,-21.771],[-52.163,-21.771],[-52.168,-21.762],[-52.167,-21.754],[-52.168,-21.751],[-52.173,-21.746],[-52.174,-21.742],[-52.168,-21.738],[-52.168,-21.735],[-52.176,-21.732],[-52.177,-21.729],[-52.172,-21.717],[-52.172,-21.707],[-52.177,-21.703],[-52.178,-21.697],[-52.185,-21.693],[-52.191,-21.689],[-52.195,-21.68],[-52.194,-21.677],[-52.196,-21.67],[-52.203,-21.669],[-52.205,-21.663],[-52.216,-21.654],[-52.224,-21.654],[-52.247,-21.642],[-52.251,-21.637],[-52.257,-21.633],[-52.263,-21.634],[-52.27,-21.639],[-52.278,-21.639],[-52.287,-21.645],[-52.292,-21.645],[-52.296,-21.643],[-52.298,-21.638],[-52.303,-21.632],[-52.31,-21.631],[-52.318,-21.637],[-52.321,-21.641],[-52.337,-21.64],[-52.347,-21.644],[-52.358,-21.652],[-52.371,-21.658],[-52.373,-21.66],[-52.381,-21.659],[-52.386,-21.661],[-52.393,-21.669],[-52.397,-21.671],[-52.402,-21.671],[-52.406,-21.672],[-52.414,-21.672],[-52.42,-21.674],[-52.426,-21.674],[-52.43,-21.68],[-52.438,-21.682],[-52.446,-21.678],[-52.449,-21.678],[-52.454,-21.681],[-52.466,-21.682],[-52.473,-21.686],[-52.482,-21.689],[-52.49,-21.688],[-52.492,-21.69],[-52.496,-21.697],[-52.501,-21.702],[-52.506,-21.706],[-52.514,-21.705],[-52.515,-21.699],[-52.525,-21.7],[-52.528,-21.703],[-52.53,-21.708],[-52.539,-21.713],[-52.547,-21.713],[-52.562,-21.709],[-52.567,-21.711],[-52.572,-21.712],[-52.584,-21.706],[-52.595,-21.709],[-52.605,-21.709],[-52.612,-21.711],[-52.624,-21.708],[-52.629,-21.708],[-52.633,-21.712],[-52.638,-21.72],[-52.644,-21.724],[-52.652,-21.722],[-52.66,-21.722],[-52.667,-21.729],[-52.676,-21.733],[-52.686,-21.732],[-52.688,-21.734],[-52.688,-21.738],[-52.692,-21.74],[-52.696,-21.737],[-52.709,-21.732],[-52.717,-21.733],[-52.722,-21.729],[-52.732,-21.727],[-52.743,-21.721],[-52.746,-21.716],[-52.753,-21.713],[-52.756,-21.708],[-52.768,-21.704],[-52.774,-21.701],[-52.78,-21.694],[-52.784,-21.692],[-52.787,-21.689],[-52.797,-21.687],[-52.802,-21.684],[-52.806,-21.68],[-52.806,-21.676],[-52.815,-21.672],[-52.818,-21.668],[-52.827,-21.672],[-52.835,-21.672],[-52.84,-21.673],[-52.851,-21.668],[-52.854,-21.663],[-52.863,-21.662],[-52.872,-21.664],[-52.875,-21.664],[-52.879,-21.659],[-52.883,-21.657],[-52.888,-21.659],[-52.894,-21.658],[-52.901,-21.66],[-52.904,-21.665],[-52.912,-21.666],[-52.919,-21.665],[-52.924,-21.667],[-52.93,-21.666],[-52.936,-21.666],[-52.939,-21.665],[-52.943,-21.658],[-52.948,-21.657],[-52.951,-21.654],[-52.968,-21.652],[-52.974,-21.654],[-52.98,-21.652],[-52.983,-21.648],[-52.993,-21.64],[-52.997,-21.632]]]}},{"type":"Feature","properties":{"c":"5007695"},"geometry":{"type":"Polygon","coordinates":[[[-54.574,-18.712],[-54.565,-18.716],[-54.557,-18.714],[-54.542,-18.723],[-54.539,-18.723],[-54.532,-18.725],[-54.527,-18.724],[-54.522,-18.725],[-54.513,-18.724],[-54.507,-18.725],[-54.497,-18.726],[-54.489,-18.725],[-54.485,-18.727],[-54.478,-18.728],[-54.475,-18.73],[-54.46,-18.726],[-54.455,-18.721],[-54.45,-18.724],[-54.449,-18.728],[-54.445,-18.73],[-54.44,-18.729],[-54.433,-18.723],[-54.431,-18.717],[-54.427,-18.716],[-54.423,-18.71],[-54.416,-18.711],[-54.414,-18.708],[-54.41,-18.706],[-54.406,-18.709],[-54.398,-18.709],[-54.393,-18.705],[-54.387,-18.707],[-54.381,-18.708],[-54.379,-18.711],[-54.372,-18.713],[-54.368,-18.719],[-54.36,-18.719],[-54.356,-18.717],[-54.341,-18.717],[-54.334,-18.721],[-54.327,-18.733],[-54.322,-18.732],[-54.317,-18.735],[-54.313,-18.735],[-54.305,-18.738],[-54.301,-18.738],[-54.298,-18.74],[-54.29,-18.752],[-54.282,-18.757],[-54.279,-18.767],[-54.278,-18.775],[-54.27,-18.783],[-54.267,-18.79],[-54.26,-18.791],[-54.259,-18.798],[-54.261,-18.809],[-54.258,-18.823],[-54.26,-18.829],[-54.259,-18.834],[-54.255,-18.84],[-54.251,-18.843],[-54.248,-18.851],[-54.243,-18.855],[-54.24,-18.861],[-54.231,-18.867],[-54.225,-18.874],[-54.216,-18.879],[-54.212,-18.884],[-54.207,-18.898],[-54.206,-18.914],[-54.203,-18.924],[-54.199,-18.928],[-54.196,-18.936],[-54.194,-18.938],[-54.193,-18.945],[-54.198,-18.951],[-54.2,-18.957],[-54.197,-18.964],[-54.191,-18.972],[-54.19,-18.978],[-54.192,-18.989],[-54.192,-19.001],[-54.189,-19.006],[-54.186,-19.023],[-54.19,-19.025],[-54.197,-19.025],[-54.203,-19.031],[-54.202,-19.036],[-54.207,-19.038],[-54.204,-19.043],[-54.205,-19.047],[-54.215,-19.046],[-54.218,-19.04],[-54.222,-19.038],[-54.223,-19.043],[-54.225,-19.043],[-54.228,-19.038],[-54.231,-19.04],[-54.234,-19.038],[-54.233,-19.035],[-54.235,-19.033],[-54.24,-19.036],[-54.245,-19.034],[-54.255,-19.038],[-54.258,-19.04],[-54.257,-19.044],[-54.248,-19.047],[-54.242,-19.052],[-54.245,-19.056],[-54.245,-19.063],[-54.247,-19.068],[-54.255,-19.074],[-54.253,-19.079],[-54.251,-19.078],[-54.238,-19.086],[-54.232,-19.087],[-54.232,-19.095],[-54.233,-19.101],[-54.236,-19.104],[-54.242,-19.105],[-54.242,-19.109],[-54.238,-19.114],[-54.235,-19.115],[-54.229,-19.118],[-54.226,-19.12],[-54.22,-19.118],[-54.213,-19.118],[-54.211,-19.121],[-54.21,-19.119],[-54.205,-19.122],[-54.207,-19.126],[-54.21,-19.124],[-54.216,-19.126],[-54.217,-19.141],[-54.219,-19.144],[-54.218,-19.155],[-54.22,-19.158],[-54.214,-19.161],[-54.208,-19.169],[-54.211,-19.176],[-54.211,-19.18],[-54.217,-19.181],[-54.219,-19.185],[-54.213,-19.188],[-54.209,-19.185],[-54.2,-19.192],[-54.199,-19.196],[-54.201,-19.196],[-54.209,-19.197],[-54.21,-19.204],[-54.212,-19.209],[-54.212,-19.211],[-54.207,-19.21],[-54.202,-19.211],[-54.193,-19.22],[-54.196,-19.222],[-54.202,-19.222],[-54.201,-19.225],[-54.205,-19.227],[-54.204,-19.231],[-54.2,-19.233],[-54.197,-19.236],[-54.2,-19.237],[-54.2,-19.241],[-54.208,-19.24],[-54.207,-19.246],[-54.208,-19.251],[-54.205,-19.252],[-54.215,-19.254],[-54.226,-19.251],[-54.23,-19.253],[-54.236,-19.251],[-54.24,-19.255],[-54.251,-19.258],[-54.254,-19.264],[-54.253,-19.271],[-54.26,-19.276],[-54.26,-19.28],[-54.263,-19.28],[-54.269,-19.283],[-54.275,-19.291],[-54.277,-19.298],[-54.274,-19.302],[-54.275,-19.313],[-54.283,-19.317],[-54.289,-19.314],[-54.293,-19.315],[-54.297,-19.313],[-54.306,-19.316],[-54.311,-19.319],[-54.314,-19.323],[-54.318,-19.324],[-54.317,-19.411],[-54.322,-19.409],[-54.329,-19.412],[-54.328,-19.413],[-54.329,-19.417],[-54.334,-19.417],[-54.336,-19.414],[-54.34,-19.416],[-54.352,-19.41],[-54.351,-19.415],[-54.354,-19.418],[-54.359,-19.419],[-54.367,-19.413],[-54.377,-19.415],[-54.377,-19.419],[-54.371,-19.426],[-54.376,-19.436],[-54.377,-19.445],[-54.383,-19.447],[-54.383,-19.451],[-54.388,-19.453],[-54.389,-19.46],[-54.4,-19.47],[-54.418,-19.471],[-54.422,-19.474],[-54.43,-19.476],[-54.432,-19.493],[-54.429,-19.501],[-54.43,-19.505],[-54.434,-19.515],[-54.437,-19.522],[-54.436,-19.541],[-54.432,-19.547],[-54.431,-19.553],[-54.458,-19.54],[-54.469,-19.54],[-54.472,-19.544],[-54.474,-19.551],[-54.485,-19.562],[-54.49,-19.562],[-54.503,-19.558],[-54.512,-19.538],[-54.514,-19.537],[-54.531,-19.538],[-54.545,-19.536],[-54.551,-19.531],[-54.56,-19.54],[-54.567,-19.544],[-54.573,-19.548],[-54.578,-19.554],[-54.58,-19.559],[-54.589,-19.565],[-54.592,-19.564],[-54.596,-19.561],[-54.6,-19.562],[-54.603,-19.565],[-54.613,-19.564],[-54.627,-19.561],[-54.634,-19.566],[-54.634,-19.571],[-54.641,-19.579],[-54.651,-19.581],[-54.659,-19.585],[-54.663,-19.588],[-54.665,-19.593],[-54.668,-19.595],[-54.675,-19.595],[-54.676,-19.597],[-54.685,-19.594],[-54.687,-19.594],[-54.692,-19.591],[-54.698,-19.59],[-54.702,-19.593],[-54.706,-19.591],[-54.715,-19.593],[-54.72,-19.598],[-54.723,-19.598],[-54.721,-19.594],[-54.727,-19.59],[-54.728,-19.587],[-54.723,-19.585],[-54.724,-19.578],[-54.728,-19.577],[-54.727,-19.574],[-54.731,-19.574],[-54.733,-19.569],[-54.733,-19.565],[-54.731,-19.56],[-54.728,-19.559],[-54.735,-19.556],[-54.737,-19.553],[-54.736,-19.549],[-54.731,-19.544],[-54.744,-19.541],[-54.747,-19.539],[-54.749,-19.531],[-54.746,-19.527],[-54.747,-19.523],[-54.746,-19.52],[-54.738,-19.519],[-54.738,-19.517],[-54.735,-19.516],[-54.737,-19.51],[-54.732,-19.509],[-54.737,-19.507],[-54.743,-19.499],[-54.76,-19.491],[-54.767,-19.487],[-54.78,-19.475],[-54.785,-19.474],[-54.788,-19.47],[-54.79,-19.463],[-54.795,-19.455],[-54.791,-19.452],[-54.782,-19.443],[-54.779,-19.437],[-54.779,-19.434],[-54.783,-19.427],[-54.779,-19.421],[-54.767,-19.407],[-54.766,-19.4],[-54.761,-19.392],[-54.754,-19.386],[-54.747,-19.375],[-54.743,-19.364],[-54.741,-19.358],[-54.74,-19.348],[-54.737,-19.339],[-54.729,-19.332],[-54.724,-19.315],[-54.722,-19.312],[-54.711,-19.303],[-54.749,-19.266],[-54.749,-19.257],[-54.741,-19.229],[-54.757,-19.229],[-54.766,-19.225],[-54.776,-19.219],[-54.783,-19.21],[-54.789,-19.205],[-54.797,-19.203],[-54.805,-19.201],[-54.805,-19.193],[-54.795,-19.184],[-54.788,-19.172],[-54.769,-19.164],[-54.765,-19.164],[-54.758,-19.161],[-54.756,-19.151],[-54.752,-19.14],[-54.745,-19.134],[-54.726,-19.107],[-54.725,-19.102],[-54.721,-19.096],[-54.723,-19.09],[-54.723,-19.084],[-54.72,-19.081],[-54.723,-19.076],[-54.724,-19.073],[-54.721,-19.064],[-54.715,-19.058],[-54.711,-19.054],[-54.698,-19.047],[-54.695,-19.038],[-54.692,-19.034],[-54.691,-19.028],[-54.691,-19.024],[-54.684,-19.02],[-54.673,-19.017],[-54.669,-19.013],[-54.649,-19.006],[-54.645,-19.004],[-54.645,-19.0],[-54.641,-18.995],[-54.631,-18.99],[-54.622,-18.988],[-54.612,-18.984],[-54.609,-18.979],[-54.604,-18.977],[-54.599,-18.979],[-54.595,-18.975],[-54.593,-18.976],[-54.582,-18.974],[-54.58,-18.97],[-54.577,-18.971],[-54.572,-18.967],[-54.566,-18.964],[-54.567,-18.957],[-54.558,-18.954],[-54.552,-18.954],[-54.547,-18.956],[-54.543,-18.955],[-54.535,-18.959],[-54.529,-18.964],[-54.521,-18.971],[-54.518,-18.972],[-54.514,-18.971],[-54.51,-18.967],[-54.508,-18.973],[-54.502,-18.974],[-54.497,-18.976],[-54.492,-18.977],[-54.49,-18.973],[-54.486,-18.98],[-54.482,-18.978],[-54.477,-18.98],[-54.474,-18.976],[-54.469,-18.977],[-54.461,-18.976],[-54.454,-18.974],[-54.45,-18.978],[-54.448,-18.977],[-54.442,-18.984],[-54.438,-18.984],[-54.44,-18.981],[-54.436,-18.98],[-54.436,-18.973],[-54.427,-18.977],[-54.418,-18.979],[-54.411,-18.977],[-54.408,-18.979],[-54.41,-18.982],[-54.408,-18.986],[-54.404,-18.988],[-54.401,-18.987],[-54.398,-18.983],[-54.393,-18.982],[-54.395,-18.98],[-54.399,-18.979],[-54.401,-18.974],[-54.399,-18.967],[-54.395,-18.958],[-54.398,-18.957],[-54.396,-18.953],[-54.397,-18.95],[-54.404,-18.951],[-54.409,-18.953],[-54.412,-18.951],[-54.419,-18.95],[-54.422,-18.948],[-54.421,-18.943],[-54.423,-18.939],[-54.428,-18.937],[-54.425,-18.935],[-54.429,-18.929],[-54.432,-18.926],[-54.439,-18.927],[-54.439,-18.923],[-54.443,-18.919],[-54.448,-18.919],[-54.447,-18.916],[-54.442,-18.911],[-54.441,-18.905],[-54.443,-18.9],[-54.451,-18.901],[-54.452,-18.896],[-54.455,-18.894],[-54.46,-18.895],[-54.461,-18.889],[-54.47,-18.886],[-54.477,-18.876],[-54.482,-18.875],[-54.484,-18.868],[-54.481,-18.861],[-54.485,-18.859],[-54.494,-18.86],[-54.498,-18.86],[-54.502,-18.857],[-54.521,-18.847],[-54.521,-18.84],[-54.519,-18.837],[-54.519,-18.832],[-54.517,-18.826],[-54.516,-18.82],[-54.519,-18.818],[-54.519,-18.811],[-54.525,-18.805],[-54.531,-18.801],[-54.528,-18.796],[-54.53,-18.789],[-54.529,-18.783],[-54.537,-18.777],[-54.542,-18.774],[-54.545,-18.775],[-54.563,-18.766],[-54.569,-18.763],[-54.566,-18.759],[-54.568,-18.75],[-54.566,-18.745],[-54.567,-18.743],[-54.574,-18.741],[-54.579,-18.735],[-54.579,-18.729],[-54.575,-18.722],[-54.577,-18.717],[-54.574,-18.712]]]}},{"type":"Feature","properties":{"c":"5007703"},"geometry":{"type":"Polygon","coordinates":[[[-55.262,-23.992],[-55.271,-23.926],[-55.264,-23.928],[-55.258,-23.925],[-55.254,-23.926],[-55.245,-23.922],[-55.236,-23.92],[-55.239,-23.918],[-55.24,-23.913],[-55.244,-23.904],[-55.246,-23.896],[-55.245,-23.89],[-55.246,-23.885],[-55.242,-23.883],[-55.247,-23.882],[-55.249,-23.877],[-55.254,-23.872],[-55.259,-23.862],[-55.262,-23.857],[-55.27,-23.85],[-55.274,-23.849],[-55.276,-23.838],[-55.278,-23.834],[-55.28,-23.826],[-55.27,-23.821],[-55.261,-23.814],[-55.253,-23.81],[-55.249,-23.806],[-55.245,-23.804],[-55.242,-23.806],[-55.241,-23.804],[-55.235,-23.804],[-55.232,-23.802],[-55.225,-23.803],[-55.222,-23.8],[-55.219,-23.802],[-55.216,-23.801],[-55.207,-23.802],[-55.205,-23.803],[-55.199,-23.8],[-55.198,-23.797],[-55.191,-23.791],[-55.18,-23.79],[-55.172,-23.783],[-55.164,-23.782],[-55.161,-23.778],[-55.16,-23.78],[-55.153,-23.779],[-55.149,-23.777],[-55.142,-23.775],[-55.14,-23.772],[-55.132,-23.768],[-55.132,-23.773],[-55.122,-23.778],[-55.12,-23.782],[-55.116,-23.78],[-55.111,-23.783],[-55.111,-23.788],[-55.106,-23.793],[-55.105,-23.797],[-55.1,-23.798],[-55.095,-23.803],[-55.094,-23.809],[-55.091,-23.811],[-55.092,-23.813],[-55.089,-23.814],[-55.089,-23.816],[-55.085,-23.817],[-55.084,-23.821],[-55.081,-23.822],[-55.082,-23.829],[-55.075,-23.834],[-55.077,-23.841],[-55.074,-23.843],[-55.073,-23.839],[-55.061,-23.838],[-55.055,-23.841],[-55.054,-23.844],[-55.05,-23.841],[-55.046,-23.841],[-55.04,-23.844],[-55.042,-23.847],[-55.038,-23.847],[-55.033,-23.854],[-55.034,-23.856],[-55.03,-23.857],[-55.026,-23.855],[-55.02,-23.858],[-55.021,-23.862],[-55.016,-23.862],[-55.016,-23.866],[-55.007,-23.872],[-54.999,-23.874],[-54.997,-23.877],[-54.999,-23.883],[-55.003,-23.886],[-55.004,-23.89],[-55.001,-23.893],[-54.997,-23.892],[-54.99,-23.887],[-54.985,-23.881],[-54.984,-23.874],[-54.979,-23.875],[-54.975,-23.874],[-54.966,-23.865],[-54.965,-23.852],[-54.962,-23.847],[-54.958,-23.853],[-54.95,-23.853],[-54.951,-23.846],[-54.945,-23.846],[-54.943,-23.84],[-54.939,-23.84],[-54.934,-23.843],[-54.931,-23.84],[-54.924,-23.844],[-54.921,-23.838],[-54.914,-23.838],[-54.91,-23.833],[-54.904,-23.83],[-54.901,-23.825],[-54.899,-23.824],[-54.894,-23.829],[-54.887,-23.828],[-54.886,-23.832],[-54.88,-23.834],[-54.871,-23.828],[-54.87,-23.82],[-54.865,-23.818],[-54.855,-23.818],[-54.855,-23.815],[-54.851,-23.814],[-54.848,-23.815],[-54.84,-23.81],[-54.833,-23.811],[-54.831,-23.81],[-54.828,-23.804],[-54.82,-23.801],[-54.814,-23.797],[-54.81,-23.796],[-54.806,-23.792],[-54.8,-23.794],[-54.797,-23.792],[-54.796,-23.787],[-54.799,-23.786],[-54.797,-23.782],[-54.792,-23.782],[-54.789,-23.779],[-54.789,-23.783],[-54.785,-23.782],[-54.786,-23.778],[-54.781,-23.779],[-54.775,-23.779],[-54.774,-23.775],[-54.768,-23.773],[-54.764,-23.77],[-54.764,-23.766],[-54.759,-23.766],[-54.756,-23.763],[-54.754,-23.765],[-54.749,-23.762],[-54.742,-23.764],[-54.742,-23.761],[-54.736,-23.755],[-54.734,-23.751],[-54.726,-23.75],[-54.728,-23.746],[-54.724,-23.746],[-54.723,-23.742],[-54.72,-23.741],[-54.72,-23.737],[-54.717,-23.737],[-54.718,-23.734],[-54.715,-23.733],[-54.713,-23.737],[-54.71,-23.736],[-54.705,-23.744],[-54.702,-23.753],[-54.701,-23.757],[-54.703,-23.764],[-54.701,-23.777],[-54.702,-23.783],[-54.698,-23.789],[-54.696,-23.795],[-54.693,-23.811],[-54.684,-23.831],[-54.692,-23.834],[-54.699,-23.842],[-54.698,-23.858],[-54.705,-23.865],[-54.721,-23.866],[-54.733,-23.87],[-54.737,-23.866],[-54.745,-23.869],[-54.748,-23.866],[-54.749,-23.861],[-54.759,-23.857],[-54.762,-23.858],[-54.764,-23.866],[-54.775,-23.865],[-54.779,-23.871],[-54.781,-23.869],[-54.787,-23.87],[-54.793,-23.868],[-54.799,-23.874],[-54.799,-23.877],[-54.806,-23.879],[-54.811,-23.884],[-54.814,-23.89],[-54.823,-23.89],[-54.83,-23.887],[-54.832,-23.885],[-54.836,-23.884],[-54.842,-23.888],[-54.842,-23.89],[-54.85,-23.897],[-54.85,-23.908],[-54.86,-23.905],[-54.863,-23.908],[-54.869,-23.906],[-54.874,-23.909],[-54.88,-23.903],[-54.881,-23.899],[-54.885,-23.897],[-54.891,-23.9],[-54.894,-23.911],[-54.901,-23.912],[-54.903,-23.91],[-54.909,-23.911],[-54.913,-23.917],[-54.913,-23.922],[-54.927,-23.925],[-54.926,-23.932],[-54.924,-23.937],[-54.93,-23.942],[-54.93,-23.944],[-54.926,-23.951],[-54.925,-23.96],[-54.934,-23.963],[-54.939,-23.963],[-54.941,-23.969],[-54.942,-23.965],[-54.949,-23.964],[-54.952,-23.965],[-54.967,-23.966],[-54.97,-23.964],[-54.973,-23.96],[-54.976,-23.958],[-54.985,-23.963],[-54.991,-23.962],[-54.999,-23.958],[-55.005,-23.963],[-55.02,-23.973],[-55.029,-23.973],[-55.033,-23.974],[-55.039,-23.98],[-55.046,-23.984],[-55.051,-23.981],[-55.053,-23.987],[-55.062,-23.993],[-55.072,-23.987],[-55.073,-23.985],[-55.073,-23.98],[-55.075,-23.985],[-55.08,-23.985],[-55.085,-23.982],[-55.09,-23.983],[-55.094,-23.975],[-55.099,-23.972],[-55.107,-23.965],[-55.107,-23.962],[-55.118,-23.977],[-55.123,-23.979],[-55.125,-23.976],[-55.129,-23.984],[-55.138,-23.987],[-55.149,-23.989],[-55.156,-23.983],[-55.16,-23.988],[-55.165,-23.99],[-55.167,-23.989],[-55.176,-23.993],[-55.179,-23.994],[-55.181,-23.988],[-55.187,-23.988],[-55.193,-23.987],[-55.198,-23.987],[-55.199,-23.996],[-55.207,-24.004],[-55.215,-24.006],[-55.219,-24.01],[-55.229,-24.014],[-55.235,-24.007],[-55.242,-24.005],[-55.246,-23.998],[-55.248,-24.0],[-55.26,-23.994],[-55.262,-23.992]]]}},{"type":"Feature","properties":{"c":"5007802"},"geometry":{"type":"Polygon","coordinates":[[[-52.12,-20.131],[-52.114,-20.125],[-52.107,-20.123],[-52.109,-20.12],[-52.105,-20.118],[-52.107,-20.11],[-52.104,-20.103],[-52.097,-20.094],[-52.097,-20.09],[-52.093,-20.089],[-52.092,-20.085],[-52.088,-20.084],[-52.083,-20.079],[-52.075,-20.081],[-52.071,-20.08],[-52.068,-20.076],[-52.065,-20.075],[-52.062,-20.072],[-52.06,-20.074],[-52.055,-20.07],[-52.052,-20.068],[-52.047,-20.058],[-52.043,-20.051],[-52.04,-20.049],[-52.033,-20.042],[-52.015,-20.039],[-52.006,-20.034],[-51.996,-20.027],[-51.989,-20.027],[-51.983,-20.024],[-51.975,-20.023],[-51.974,-20.021],[-51.965,-20.022],[-51.957,-20.024],[-51.952,-20.024],[-51.949,-20.026],[-51.941,-20.026],[-51.94,-20.024],[-51.933,-20.026],[-51.928,-20.024],[-51.921,-20.028],[-51.916,-20.025],[-51.909,-20.023],[-51.904,-20.024],[-51.901,-20.023],[-51.896,-20.025],[-51.891,-20.021],[-51.886,-20.013],[-51.879,-20.011],[-51.871,-20.003],[-51.865,-20.003],[-51.857,-20.006],[-51.848,-20.006],[-51.78,-19.913],[-51.781,-19.918],[-51.781,-19.926],[-51.777,-19.929],[-51.774,-19.935],[-51.773,-19.944],[-51.771,-19.946],[-51.765,-19.955],[-51.763,-19.962],[-51.764,-19.973],[-51.765,-19.976],[-51.759,-19.986],[-51.758,-19.989],[-51.759,-19.993],[-51.759,-20.0],[-51.757,-20.003],[-51.762,-20.018],[-51.755,-20.023],[-51.755,-20.028],[-51.751,-20.034],[-51.747,-20.032],[-51.737,-20.034],[-51.736,-20.032],[-51.727,-20.034],[-51.722,-20.039],[-51.715,-20.04],[-51.707,-20.045],[-51.701,-20.045],[-51.696,-20.047],[-51.692,-20.046],[-51.689,-20.047],[-51.685,-20.053],[-51.68,-20.055],[-51.677,-20.058],[-51.673,-20.057],[-51.669,-20.06],[-51.667,-20.068],[-51.661,-20.069],[-51.658,-20.075],[-51.656,-20.076],[-51.652,-20.082],[-51.655,-20.083],[-51.648,-20.091],[-51.645,-20.089],[-51.64,-20.092],[-51.638,-20.097],[-51.632,-20.099],[-51.629,-20.103],[-51.632,-20.108],[-51.628,-20.109],[-51.623,-20.115],[-51.624,-20.12],[-51.618,-20.123],[-51.615,-20.127],[-51.614,-20.13],[-51.607,-20.136],[-51.604,-20.141],[-51.598,-20.146],[-51.596,-20.153],[-51.587,-20.155],[-51.581,-20.158],[-51.581,-20.161],[-51.576,-20.166],[-51.572,-20.174],[-51.568,-20.176],[-51.564,-20.186],[-51.562,-20.189],[-51.555,-20.192],[-51.551,-20.195],[-51.546,-20.201],[-51.539,-20.208],[-51.524,-20.217],[-51.517,-20.224],[-51.512,-20.227],[-51.51,-20.23],[-51.502,-20.241],[-51.488,-20.248],[-51.48,-20.25],[-51.458,-20.255],[-51.448,-20.26],[-51.44,-20.268],[-51.425,-20.283],[-51.417,-20.292],[-51.41,-20.295],[-51.402,-20.295],[-51.396,-20.298],[-51.381,-20.31],[-51.37,-20.317],[-51.362,-20.32],[-51.359,-20.325],[-51.356,-20.341],[-51.351,-20.348],[-51.344,-20.356],[-51.348,-20.36],[-51.354,-20.369],[-51.358,-20.379],[-51.361,-20.385],[-51.372,-20.393],[-51.378,-20.402],[-51.384,-20.416],[-51.399,-20.446],[-51.409,-20.46],[-51.423,-20.468],[-51.435,-20.473],[-51.449,-20.483],[-51.457,-20.496],[-51.464,-20.501],[-51.466,-20.508],[-51.493,-20.547],[-51.498,-20.564],[-51.5,-20.568],[-51.516,-20.581],[-51.521,-20.587],[-51.533,-20.597],[-51.552,-20.608],[-51.568,-20.618],[-51.581,-20.622],[-51.583,-20.597],[-51.592,-20.591],[-51.603,-20.586],[-51.615,-20.579],[-51.615,-20.574],[-51.621,-20.565],[-51.624,-20.554],[-51.631,-20.546],[-51.632,-20.543],[-51.639,-20.54],[-51.645,-20.532],[-51.648,-20.521],[-51.652,-20.516],[-51.667,-20.502],[-51.673,-20.496],[-51.676,-20.492],[-51.682,-20.494],[-51.69,-20.493],[-51.699,-20.491],[-51.701,-20.485],[-51.705,-20.483],[-51.706,-20.476],[-51.719,-20.467],[-51.719,-20.465],[-51.722,-20.455],[-51.729,-20.452],[-51.734,-20.447],[-51.741,-20.442],[-51.744,-20.441],[-51.751,-20.436],[-51.765,-20.436],[-51.768,-20.439],[-51.776,-20.442],[-51.781,-20.447],[-51.785,-20.447],[-51.789,-20.449],[-51.798,-20.449],[-51.802,-20.448],[-51.808,-20.448],[-51.821,-20.442],[-51.83,-20.444],[-51.833,-20.443],[-51.847,-20.457],[-51.852,-20.457],[-51.86,-20.461],[-51.86,-20.464],[-51.866,-20.473],[-51.872,-20.481],[-51.876,-20.483],[-51.879,-20.48],[-51.895,-20.48],[-51.901,-20.484],[-51.906,-20.49],[-51.905,-20.492],[-51.908,-20.496],[-51.911,-20.502],[-51.916,-20.506],[-51.92,-20.512],[-51.926,-20.518],[-51.927,-20.524],[-51.933,-20.522],[-51.939,-20.518],[-51.948,-20.514],[-51.953,-20.508],[-51.964,-20.489],[-51.967,-20.484],[-51.971,-20.482],[-51.981,-20.483],[-51.986,-20.483],[-51.988,-20.48],[-51.985,-20.475],[-51.987,-20.471],[-51.994,-20.469],[-52.005,-20.462],[-52.013,-20.46],[-52.007,-20.452],[-52.006,-20.443],[-52.007,-20.437],[-52.005,-20.433],[-52.012,-20.423],[-52.022,-20.42],[-52.024,-20.417],[-52.024,-20.405],[-52.03,-20.402],[-52.033,-20.397],[-52.037,-20.394],[-52.04,-20.389],[-52.046,-20.389],[-52.051,-20.381],[-52.056,-20.376],[-52.055,-20.368],[-52.056,-20.365],[-52.06,-20.364],[-52.064,-20.366],[-52.067,-20.362],[-52.068,-20.359],[-52.066,-20.352],[-52.069,-20.346],[-52.07,-20.341],[-52.073,-20.339],[-52.071,-20.335],[-52.07,-20.326],[-52.074,-20.32],[-52.076,-20.313],[-52.08,-20.305],[-52.079,-20.297],[-52.075,-20.291],[-52.076,-20.288],[-52.091,-20.281],[-52.091,-20.276],[-52.085,-20.272],[-52.082,-20.268],[-52.083,-20.266],[-52.091,-20.261],[-52.096,-20.253],[-52.095,-20.247],[-52.089,-20.239],[-52.085,-20.224],[-52.085,-20.221],[-52.088,-20.214],[-52.092,-20.212],[-52.09,-20.206],[-52.085,-20.201],[-52.085,-20.194],[-52.089,-20.188],[-52.089,-20.183],[-52.1,-20.176],[-52.105,-20.165],[-52.106,-20.157],[-52.103,-20.155],[-52.107,-20.149],[-52.108,-20.144],[-52.115,-20.142],[-52.12,-20.134],[-52.12,-20.131]]]}},{"type":"Feature","properties":{"c":"5007901"},"geometry":{"type":"Polygon","coordinates":[[[-54.816,-20.741],[-54.81,-20.739],[-54.806,-20.736],[-54.795,-20.725],[-54.793,-20.718],[-54.785,-20.712],[-54.775,-20.701],[-54.772,-20.696],[-54.769,-20.694],[-54.761,-20.692],[-54.752,-20.692],[-54.743,-20.697],[-54.736,-20.703],[-54.732,-20.705],[-54.727,-20.711],[-54.722,-20.715],[-54.721,-20.718],[-54.724,-20.721],[-54.716,-20.727],[-54.713,-20.727],[-54.713,-20.731],[-54.719,-20.732],[-54.717,-20.741],[-54.721,-20.744],[-54.714,-20.746],[-54.715,-20.749],[-54.711,-20.751],[-54.713,-20.756],[-54.709,-20.754],[-54.707,-20.756],[-54.709,-20.759],[-54.705,-20.763],[-54.706,-20.767],[-54.698,-20.769],[-54.696,-20.773],[-54.699,-20.776],[-54.698,-20.78],[-54.7,-20.785],[-54.705,-20.785],[-54.708,-20.789],[-54.708,-20.793],[-54.704,-20.796],[-54.697,-20.796],[-54.696,-20.799],[-54.7,-20.798],[-54.702,-20.801],[-54.7,-20.804],[-54.7,-20.808],[-54.695,-20.809],[-54.699,-20.814],[-54.695,-20.817],[-54.705,-20.82],[-54.71,-20.824],[-54.709,-20.828],[-54.703,-20.829],[-54.696,-20.826],[-54.703,-20.835],[-54.702,-20.84],[-54.7,-20.839],[-54.693,-20.846],[-54.698,-20.849],[-54.692,-20.856],[-54.695,-20.858],[-54.694,-20.861],[-54.687,-20.86],[-54.688,-20.864],[-54.684,-20.865],[-54.683,-20.869],[-54.684,-20.872],[-54.681,-20.874],[-54.678,-20.873],[-54.677,-20.868],[-54.674,-20.87],[-54.677,-20.877],[-54.683,-20.879],[-54.683,-20.882],[-54.684,-20.888],[-54.676,-20.892],[-54.672,-20.892],[-54.671,-20.89],[-54.674,-20.887],[-54.663,-20.889],[-54.661,-20.892],[-54.657,-20.891],[-54.653,-20.893],[-54.644,-20.894],[-54.642,-20.89],[-54.637,-20.889],[-54.636,-20.892],[-54.639,-20.896],[-54.635,-20.9],[-54.637,-20.906],[-54.631,-20.909],[-54.622,-20.91],[-54.615,-20.906],[-54.613,-20.903],[-54.606,-20.903],[-54.602,-20.905],[-54.603,-20.908],[-54.601,-20.913],[-54.605,-20.917],[-54.6,-20.919],[-54.597,-20.917],[-54.592,-20.918],[-54.589,-20.92],[-54.59,-20.926],[-54.583,-20.926],[-54.58,-20.928],[-54.577,-20.936],[-54.572,-20.943],[-54.568,-20.945],[-54.566,-20.95],[-54.56,-20.95],[-54.551,-20.955],[-54.55,-20.96],[-54.541,-20.962],[-54.538,-20.967],[-54.534,-20.959],[-54.528,-20.958],[-54.529,-20.96],[-54.526,-20.965],[-54.529,-20.972],[-54.523,-20.978],[-54.517,-20.979],[-54.516,-20.983],[-54.52,-20.986],[-54.519,-20.996],[-54.517,-20.998],[-54.507,-20.994],[-54.509,-21.01],[-54.497,-21.062],[-54.49,-21.087],[-54.482,-21.123],[-54.487,-21.126],[-54.493,-21.126],[-54.502,-21.131],[-54.505,-21.128],[-54.515,-21.128],[-54.52,-21.127],[-54.524,-21.128],[-54.529,-21.134],[-54.536,-21.137],[-54.559,-21.148],[-54.556,-21.156],[-54.551,-21.163],[-54.539,-21.177],[-54.531,-21.183],[-54.53,-21.185],[-54.524,-21.19],[-54.516,-21.209],[-54.53,-21.213],[-54.574,-21.239],[-54.573,-21.244],[-54.574,-21.25],[-54.582,-21.257],[-54.583,-21.26],[-54.588,-21.262],[-54.598,-21.262],[-54.605,-21.269],[-54.62,-21.281],[-54.631,-21.292],[-54.638,-21.295],[-54.644,-21.303],[-54.649,-21.302],[-54.657,-21.304],[-54.661,-21.303],[-54.667,-21.305],[-54.672,-21.304],[-54.678,-21.31],[-54.679,-21.315],[-54.676,-21.322],[-54.676,-21.329],[-54.679,-21.335],[-54.681,-21.345],[-54.686,-21.346],[-54.689,-21.35],[-54.693,-21.348],[-54.699,-21.351],[-54.701,-21.355],[-54.77,-21.378],[-54.77,-21.374],[-54.773,-21.369],[-54.785,-21.367],[-54.786,-21.358],[-54.783,-21.352],[-54.784,-21.346],[-54.796,-21.342],[-54.801,-21.348],[-54.803,-21.346],[-54.811,-21.345],[-54.814,-21.343],[-54.818,-21.338],[-54.824,-21.338],[-54.83,-21.342],[-54.833,-21.35],[-54.836,-21.353],[-54.841,-21.351],[-54.846,-21.347],[-54.854,-21.344],[-54.864,-21.337],[-54.873,-21.337],[-54.876,-21.335],[-54.886,-21.338],[-54.893,-21.338],[-55.013,-21.485],[-55.013,-21.488],[-55.016,-21.505],[-55.015,-21.516],[-55.016,-21.519],[-55.015,-21.532],[-55.019,-21.548],[-55.018,-21.557],[-55.019,-21.564],[-55.024,-21.57],[-55.028,-21.582],[-55.028,-21.586],[-55.033,-21.583],[-55.037,-21.577],[-55.037,-21.572],[-55.039,-21.568],[-55.044,-21.566],[-55.047,-21.572],[-55.045,-21.582],[-55.05,-21.582],[-55.057,-21.586],[-55.06,-21.586],[-55.063,-21.577],[-55.063,-21.567],[-55.058,-21.564],[-55.063,-21.558],[-55.066,-21.557],[-55.067,-21.56],[-55.072,-21.562],[-55.072,-21.559],[-55.078,-21.555],[-55.089,-21.56],[-55.087,-21.565],[-55.095,-21.571],[-55.098,-21.568],[-55.096,-21.562],[-55.097,-21.559],[-55.105,-21.554],[-55.101,-21.547],[-55.104,-21.539],[-55.112,-21.538],[-55.118,-21.533],[-55.123,-21.534],[-55.128,-21.539],[-55.133,-21.538],[-55.139,-21.534],[-55.14,-21.532],[-55.132,-21.532],[-55.122,-21.525],[-55.12,-21.519],[-55.127,-21.515],[-55.125,-21.507],[-55.127,-21.505],[-55.132,-21.507],[-55.137,-21.512],[-55.142,-21.508],[-55.143,-21.505],[-55.147,-21.503],[-55.138,-21.499],[-55.142,-21.488],[-55.138,-21.484],[-55.14,-21.48],[-55.148,-21.475],[-55.15,-21.475],[-55.154,-21.48],[-55.155,-21.485],[-55.164,-21.482],[-55.166,-21.484],[-55.173,-21.478],[-55.171,-21.477],[-55.173,-21.472],[-55.171,-21.468],[-55.167,-21.464],[-55.167,-21.461],[-55.173,-21.459],[-55.175,-21.455],[-55.18,-21.451],[-55.187,-21.448],[-55.192,-21.447],[-55.193,-21.449],[-55.193,-21.458],[-55.194,-21.46],[-55.204,-21.447],[-55.211,-21.442],[-55.212,-21.437],[-55.214,-21.432],[-55.212,-21.428],[-55.218,-21.424],[-55.233,-21.42],[-55.239,-21.418],[-55.236,-21.409],[-55.24,-21.409],[-55.248,-21.406],[-55.257,-21.409],[-55.26,-21.406],[-55.262,-21.4],[-55.268,-21.401],[-55.27,-21.4],[-55.268,-21.397],[-55.267,-21.393],[-55.275,-21.387],[-55.274,-21.381],[-55.277,-21.372],[-55.28,-21.372],[-55.285,-21.367],[-55.282,-21.362],[-55.286,-21.359],[-55.285,-21.354],[-55.288,-21.351],[-55.297,-21.346],[-55.297,-21.339],[-55.295,-21.338],[-55.294,-21.331],[-55.291,-21.329],[-55.288,-21.323],[-55.282,-21.32],[-55.281,-21.317],[-55.288,-21.311],[-55.295,-21.306],[-55.302,-21.304],[-55.304,-21.299],[-55.302,-21.296],[-55.296,-21.291],[-55.297,-21.285],[-55.294,-21.275],[-55.296,-21.272],[-55.296,-21.268],[-55.294,-21.265],[-55.298,-21.261],[-55.297,-21.257],[-55.3,-21.256],[-55.3,-21.249],[-55.308,-21.246],[-55.309,-21.244],[-55.317,-21.245],[-55.319,-21.242],[-55.318,-21.236],[-55.315,-21.234],[-55.315,-21.229],[-55.319,-21.222],[-55.319,-21.216],[-55.317,-21.215],[-55.314,-21.21],[-55.316,-21.204],[-55.32,-21.201],[-55.324,-21.201],[-55.329,-21.198],[-55.33,-21.192],[-55.327,-21.189],[-55.327,-21.186],[-55.322,-21.186],[-55.321,-21.178],[-55.326,-21.176],[-55.329,-21.176],[-55.33,-21.174],[-55.326,-21.169],[-55.316,-21.169],[-55.317,-21.161],[-55.314,-21.15],[-55.311,-21.147],[-55.312,-21.145],[-55.307,-21.14],[-55.307,-21.134],[-55.311,-21.13],[-55.318,-21.127],[-55.321,-21.123],[-55.322,-21.117],[-55.318,-21.111],[-55.311,-21.109],[-55.308,-21.107],[-55.307,-21.098],[-55.309,-21.091],[-55.307,-21.08],[-55.303,-21.076],[-55.298,-21.073],[-55.294,-21.068],[-55.295,-21.057],[-55.293,-21.053],[-55.289,-21.05],[-55.284,-21.044],[-55.279,-21.036],[-55.277,-21.031],[-55.274,-21.014],[-55.27,-21.009],[-55.256,-21.014],[-55.254,-21.016],[-55.208,-21.036],[-55.21,-21.018],[-55.211,-21.014],[-55.209,-21.004],[-55.207,-21.002],[-55.199,-20.998],[-55.191,-20.997],[-55.183,-20.991],[-55.185,-20.988],[-55.192,-20.983],[-55.193,-20.979],[-55.196,-20.974],[-55.199,-20.972],[-55.199,-20.969],[-55.202,-20.964],[-55.199,-20.96],[-55.201,-20.952],[-55.203,-20.949],[-55.203,-20.943],[-55.199,-20.941],[-55.198,-20.933],[-55.198,-20.928],[-55.201,-20.922],[-55.201,-20.91],[-55.203,-20.905],[-55.2,-20.903],[-55.202,-20.896],[-55.201,-20.891],[-55.192,-20.88],[-55.193,-20.878],[-55.184,-20.872],[-55.176,-20.866],[-55.171,-20.865],[-55.17,-20.862],[-55.164,-20.86],[-55.167,-20.855],[-55.167,-20.85],[-55.171,-20.845],[-55.171,-20.842],[-55.165,-20.832],[-55.159,-20.834],[-55.156,-20.832],[-55.156,-20.827],[-55.155,-20.825],[-55.155,-20.82],[-55.152,-20.814],[-55.155,-20.811],[-55.151,-20.802],[-55.152,-20.797],[-55.156,-20.792],[-55.155,-20.788],[-55.157,-20.786],[-55.16,-20.773],[-55.164,-20.774],[-55.164,-20.768],[-55.168,-20.768],[-55.17,-20.766],[-55.167,-20.76],[-55.166,-20.756],[-55.171,-20.751],[-55.173,-20.744],[-55.175,-20.742],[-55.177,-20.735],[-55.183,-20.737],[-55.191,-20.727],[-55.197,-20.729],[-55.196,-20.726],[-55.204,-20.722],[-55.205,-20.717],[-55.203,-20.707],[-55.208,-20.702],[-55.209,-20.697],[-55.21,-20.695],[-55.216,-20.695],[-55.218,-20.691],[-55.221,-20.692],[-55.221,-20.689],[-55.219,-20.678],[-55.216,-20.68],[-55.213,-20.673],[-55.21,-20.67],[-55.21,-20.666],[-55.213,-20.667],[-55.214,-20.663],[-55.211,-20.658],[-55.218,-20.652],[-55.215,-20.65],[-55.213,-20.644],[-55.215,-20.64],[-55.21,-20.637],[-55.209,-20.629],[-55.213,-20.628],[-55.211,-20.618],[-55.204,-20.618],[-55.204,-20.614],[-55.2,-20.609],[-55.202,-20.605],[-55.201,-20.601],[-55.205,-20.6],[-55.21,-20.596],[-55.21,-20.59],[-55.205,-20.585],[-55.205,-20.587],[-55.201,-20.585],[-55.193,-20.585],[-55.193,-20.591],[-55.184,-20.594],[-55.185,-20.598],[-55.179,-20.6],[-55.176,-20.604],[-55.171,-20.605],[-55.168,-20.603],[-55.166,-20.605],[-55.164,-20.602],[-55.16,-20.602],[-55.155,-20.608],[-55.15,-20.61],[-55.148,-20.614],[-55.141,-20.617],[-55.137,-20.62],[-55.13,-20.622],[-55.127,-20.626],[-55.126,-20.624],[-55.121,-20.622],[-55.114,-20.626],[-55.114,-20.631],[-55.115,-20.635],[-55.11,-20.638],[-55.105,-20.646],[-55.105,-20.649],[-55.101,-20.648],[-55.098,-20.651],[-55.093,-20.652],[-55.091,-20.655],[-55.094,-20.659],[-55.087,-20.665],[-55.087,-20.668],[-55.083,-20.67],[-55.089,-20.675],[-55.084,-20.678],[-55.086,-20.683],[-55.084,-20.689],[-55.08,-20.69],[-55.085,-20.695],[-55.083,-20.698],[-55.076,-20.698],[-55.076,-20.7],[-55.081,-20.703],[-55.078,-20.709],[-55.079,-20.715],[-55.083,-20.715],[-55.082,-20.719],[-55.079,-20.721],[-55.074,-20.72],[-55.071,-20.722],[-55.072,-20.731],[-55.067,-20.737],[-55.066,-20.742],[-55.059,-20.744],[-55.054,-20.747],[-55.05,-20.747],[-55.045,-20.751],[-55.041,-20.751],[-55.03,-20.749],[-55.023,-20.752],[-55.017,-20.753],[-55.011,-20.756],[-55.003,-20.756],[-54.998,-20.758],[-54.996,-20.762],[-54.993,-20.765],[-54.99,-20.763],[-54.986,-20.764],[-54.981,-20.768],[-54.975,-20.776],[-54.968,-20.776],[-54.965,-20.777],[-54.96,-20.775],[-54.958,-20.77],[-54.954,-20.769],[-54.952,-20.771],[-54.943,-20.773],[-54.941,-20.776],[-54.939,-20.781],[-54.936,-20.783],[-54.927,-20.784],[-54.918,-20.783],[-54.913,-20.781],[-54.908,-20.783],[-54.905,-20.781],[-54.903,-20.774],[-54.898,-20.771],[-54.895,-20.766],[-54.889,-20.765],[-54.878,-20.764],[-54.876,-20.773],[-54.873,-20.78],[-54.868,-20.784],[-54.864,-20.781],[-54.853,-20.781],[-54.851,-20.781],[-54.845,-20.778],[-54.835,-20.775],[-54.83,-20.776],[-54.823,-20.778],[-54.816,-20.741]]]}},{"type":"Feature","properties":{"c":"5007935"},"geometry":{"type":"Polygon","coordinates":[[[-53.757,-17.673],[-53.765,-17.672],[-53.767,-17.667],[-53.77,-17.669],[-53.778,-17.668],[-53.78,-17.662],[-53.784,-17.66],[-53.785,-17.652],[-53.788,-17.651],[-53.794,-17.655],[-53.803,-17.656],[-53.804,-17.653],[-53.808,-17.655],[-53.81,-17.654],[-53.815,-17.662],[-53.818,-17.665],[-53.819,-17.662],[-53.825,-17.658],[-53.822,-17.656],[-53.828,-17.652],[-53.827,-17.648],[-53.823,-17.647],[-53.822,-17.643],[-53.826,-17.645],[-53.829,-17.642],[-53.83,-17.637],[-53.836,-17.639],[-53.837,-17.642],[-53.844,-17.64],[-53.851,-17.643],[-53.848,-17.647],[-53.854,-17.652],[-53.856,-17.65],[-53.861,-17.648],[-53.865,-17.65],[-53.866,-17.654],[-53.869,-17.654],[-53.872,-17.658],[-53.871,-17.661],[-53.877,-17.66],[-53.88,-17.657],[-53.886,-17.658],[-53.887,-17.655],[-53.892,-17.656],[-53.893,-17.651],[-53.897,-17.656],[-53.897,-17.659],[-53.902,-17.661],[-53.903,-17.664],[-53.907,-17.662],[-53.91,-17.672],[-53.896,-17.671],[-53.891,-17.674],[-53.888,-17.673],[-53.887,-17.677],[-53.881,-17.678],[-53.881,-17.682],[-53.89,-17.688],[-53.886,-17.69],[-53.88,-17.69],[-53.875,-17.692],[-53.877,-17.695],[-53.882,-17.693],[-53.886,-17.696],[-53.885,-17.699],[-53.89,-17.702],[-53.898,-17.699],[-53.896,-17.696],[-53.896,-17.692],[-53.9,-17.688],[-53.899,-17.685],[-53.902,-17.681],[-53.901,-17.679],[-53.905,-17.677],[-53.907,-17.68],[-53.91,-17.68],[-53.91,-17.686],[-53.911,-17.688],[-53.916,-17.689],[-53.915,-17.694],[-53.921,-17.695],[-53.928,-17.694],[-53.929,-17.69],[-53.928,-17.684],[-53.921,-17.687],[-53.918,-17.681],[-53.921,-17.679],[-53.919,-17.672],[-53.928,-17.675],[-53.931,-17.674],[-53.933,-17.677],[-53.937,-17.674],[-53.945,-17.673],[-53.943,-17.67],[-53.935,-17.672],[-53.93,-17.671],[-53.928,-17.667],[-53.929,-17.662],[-53.936,-17.664],[-53.938,-17.661],[-53.933,-17.66],[-53.931,-17.657],[-53.933,-17.656],[-53.929,-17.652],[-53.938,-17.65],[-53.944,-17.651],[-53.948,-17.654],[-53.948,-17.651],[-53.945,-17.649],[-53.946,-17.646],[-53.953,-17.643],[-53.955,-17.645],[-53.959,-17.641],[-53.957,-17.638],[-53.958,-17.634],[-53.962,-17.634],[-53.962,-17.637],[-53.966,-17.637],[-53.963,-17.641],[-53.967,-17.644],[-53.965,-17.645],[-53.967,-17.648],[-53.971,-17.646],[-53.973,-17.651],[-53.974,-17.65],[-53.973,-17.644],[-53.982,-17.643],[-53.979,-17.641],[-53.984,-17.637],[-53.987,-17.638],[-53.992,-17.637],[-53.991,-17.639],[-53.993,-17.642],[-53.99,-17.645],[-53.997,-17.648],[-53.991,-17.651],[-53.995,-17.654],[-53.997,-17.652],[-54.003,-17.658],[-54.002,-17.661],[-53.998,-17.663],[-53.993,-17.662],[-53.994,-17.665],[-53.99,-17.666],[-53.989,-17.673],[-53.997,-17.669],[-54.0,-17.671],[-54.003,-17.67],[-54.012,-17.671],[-54.016,-17.669],[-54.022,-17.67],[-54.019,-17.666],[-54.015,-17.666],[-54.015,-17.659],[-54.02,-17.657],[-54.013,-17.653],[-54.016,-17.645],[-54.02,-17.645],[-54.026,-17.652],[-54.029,-17.648],[-54.028,-17.645],[-54.032,-17.642],[-54.036,-17.641],[-54.038,-17.645],[-54.044,-17.646],[-54.043,-17.641],[-54.047,-17.638],[-54.05,-17.64],[-54.05,-17.645],[-54.057,-17.652],[-54.056,-17.656],[-54.053,-17.657],[-54.059,-17.66],[-54.056,-17.662],[-54.059,-17.666],[-54.057,-17.669],[-54.06,-17.669],[-54.062,-17.665],[-54.067,-17.663],[-54.063,-17.663],[-54.064,-17.657],[-54.06,-17.653],[-54.065,-17.649],[-54.069,-17.654],[-54.071,-17.651],[-54.076,-17.651],[-54.076,-17.657],[-54.084,-17.654],[-54.081,-17.662],[-54.076,-17.666],[-54.073,-17.669],[-54.078,-17.666],[-54.081,-17.667],[-54.084,-17.664],[-54.089,-17.663],[-54.09,-17.667],[-54.097,-17.666],[-54.099,-17.662],[-54.102,-17.665],[-54.1,-17.671],[-54.097,-17.67],[-54.096,-17.674],[-54.092,-17.674],[-54.087,-17.678],[-54.085,-17.685],[-54.09,-17.686],[-54.088,-17.693],[-54.092,-17.691],[-54.096,-17.692],[-54.099,-17.691],[-54.096,-17.689],[-54.094,-17.685],[-54.104,-17.682],[-54.108,-17.685],[-54.11,-17.683],[-54.114,-17.686],[-54.116,-17.683],[-54.122,-17.686],[-54.12,-17.688],[-54.125,-17.691],[-54.123,-17.698],[-54.119,-17.697],[-54.116,-17.701],[-54.117,-17.707],[-54.113,-17.709],[-54.112,-17.713],[-54.118,-17.711],[-54.117,-17.715],[-54.121,-17.713],[-54.124,-17.715],[-54.121,-17.718],[-54.121,-17.723],[-54.127,-17.723],[-54.123,-17.719],[-54.129,-17.718],[-54.131,-17.719],[-54.134,-17.714],[-54.138,-17.711],[-54.139,-17.715],[-54.142,-17.714],[-54.145,-17.71],[-54.145,-17.704],[-54.152,-17.702],[-54.153,-17.717],[-54.15,-17.716],[-54.147,-17.718],[-54.149,-17.72],[-54.144,-17.725],[-54.147,-17.729],[-54.142,-17.732],[-54.144,-17.735],[-54.14,-17.743],[-54.141,-17.747],[-54.147,-17.745],[-54.148,-17.743],[-54.155,-17.745],[-54.152,-17.748],[-54.155,-17.752],[-54.153,-17.755],[-54.157,-17.759],[-54.152,-17.763],[-54.148,-17.763],[-54.145,-17.765],[-54.148,-17.768],[-54.151,-17.768],[-54.153,-17.772],[-54.159,-17.772],[-54.159,-17.768],[-54.162,-17.768],[-54.165,-17.764],[-54.172,-17.763],[-54.173,-17.759],[-54.184,-17.762],[-54.188,-17.759],[-54.189,-17.764],[-54.192,-17.763],[-54.197,-17.765],[-54.202,-17.763],[-54.201,-17.77],[-54.206,-17.772],[-54.208,-17.777],[-54.216,-17.777],[-54.218,-17.784],[-54.212,-17.788],[-54.213,-17.794],[-54.222,-17.791],[-54.226,-17.787],[-54.231,-17.785],[-54.23,-17.79],[-54.234,-17.79],[-54.238,-17.795],[-54.235,-17.797],[-54.236,-17.8],[-54.24,-17.801],[-54.241,-17.804],[-54.238,-17.811],[-54.24,-17.811],[-54.243,-17.805],[-54.248,-17.803],[-54.249,-17.809],[-54.254,-17.812],[-54.255,-17.819],[-54.253,-17.824],[-54.257,-17.828],[-54.263,-17.829],[-54.265,-17.834],[-54.272,-17.834],[-54.273,-17.837],[-54.279,-17.84],[-54.279,-17.836],[-54.274,-17.834],[-54.268,-17.825],[-54.26,-17.819],[-54.262,-17.815],[-54.272,-17.812],[-54.28,-17.813],[-54.28,-17.808],[-54.284,-17.807],[-54.296,-17.811],[-54.297,-17.808],[-54.298,-17.799],[-54.295,-17.796],[-54.296,-17.79],[-54.298,-17.786],[-54.295,-17.782],[-54.295,-17.78],[-54.305,-17.782],[-54.311,-17.779],[-54.313,-17.774],[-54.311,-17.772],[-54.314,-17.765],[-54.32,-17.768],[-54.321,-17.764],[-54.324,-17.765],[-54.331,-17.772],[-54.333,-17.767],[-54.336,-17.766],[-54.338,-17.769],[-54.341,-17.767],[-54.347,-17.778],[-54.354,-17.779],[-54.356,-17.784],[-54.361,-17.784],[-54.362,-17.79],[-54.366,-17.79],[-54.369,-17.78],[-54.365,-17.773],[-54.365,-17.766],[-54.367,-17.764],[-54.371,-17.765],[-54.374,-17.768],[-54.378,-17.768],[-54.383,-17.772],[-54.382,-17.765],[-54.386,-17.76],[-54.392,-17.76],[-54.396,-17.77],[-54.395,-17.774],[-54.399,-17.776],[-54.401,-17.785],[-54.414,-17.786],[-54.419,-17.792],[-54.424,-17.794],[-54.425,-17.789],[-54.423,-17.785],[-54.42,-17.78],[-54.413,-17.781],[-54.41,-17.776],[-54.415,-17.772],[-54.415,-17.769],[-54.417,-17.764],[-54.421,-17.763],[-54.43,-17.767],[-54.435,-17.767],[-54.437,-17.763],[-54.438,-17.755],[-54.43,-17.748],[-54.434,-17.746],[-54.444,-17.748],[-54.442,-17.737],[-54.448,-17.733],[-54.447,-17.728],[-54.452,-17.719],[-54.456,-17.718],[-54.457,-17.741],[-54.459,-17.743],[-54.465,-17.745],[-54.468,-17.744],[-54.473,-17.738],[-54.477,-17.738],[-54.479,-17.747],[-54.483,-17.752],[-54.486,-17.752],[-54.492,-17.747],[-54.494,-17.744],[-54.502,-17.736],[-54.506,-17.737],[-54.525,-17.758],[-54.527,-17.762],[-54.53,-17.742],[-54.536,-17.707],[-54.543,-17.709],[-54.555,-17.712],[-54.561,-17.711],[-54.571,-17.709],[-54.578,-17.708],[-54.582,-17.706],[-54.593,-17.701],[-54.601,-17.701],[-54.621,-17.698],[-54.636,-17.699],[-54.644,-17.702],[-54.648,-17.706],[-54.66,-17.712],[-54.67,-17.715],[-54.683,-17.715],[-54.692,-17.719],[-54.698,-17.719],[-54.703,-17.722],[-54.712,-17.722],[-54.722,-17.721],[-54.725,-17.724],[-54.732,-17.724],[-54.736,-17.726],[-54.742,-17.724],[-54.749,-17.729],[-54.752,-17.729],[-54.757,-17.732],[-54.756,-17.736],[-54.749,-17.774],[-54.746,-17.784],[-54.731,-17.816],[-54.729,-17.819],[-54.707,-17.846],[-54.704,-17.85],[-54.699,-17.863],[-54.692,-17.882],[-54.691,-17.888],[-54.691,-17.908],[-54.689,-17.915],[-54.694,-17.921],[-54.701,-17.923],[-54.707,-17.922],[-54.71,-17.919],[-54.712,-17.922],[-54.715,-17.921],[-54.723,-17.928],[-54.728,-17.928],[-54.736,-17.937],[-54.738,-17.936],[-54.738,-17.941],[-54.741,-17.948],[-54.74,-17.954],[-54.741,-17.959],[-54.744,-17.963],[-54.75,-17.967],[-54.749,-17.97],[-54.752,-17.97],[-54.753,-17.973],[-54.756,-17.972],[-54.757,-17.975],[-54.76,-17.973],[-54.762,-17.977],[-54.767,-17.976],[-54.767,-17.979],[-54.776,-17.982],[-54.779,-17.981],[-54.782,-17.984],[-54.786,-17.982],[-54.787,-17.984],[-54.79,-17.982],[-54.804,-17.984],[-54.804,-17.992],[-54.806,-17.995],[-54.81,-17.995],[-54.812,-17.993],[-54.815,-17.995],[-54.82,-17.994],[-54.825,-17.999],[-54.829,-17.995],[-54.838,-17.996],[-54.837,-18.0],[-54.84,-18.002],[-54.845,-18.003],[-54.855,-17.999],[-54.857,-18.001],[-54.863,-18.001],[-54.864,-17.999],[-54.876,-17.996],[-54.877,-17.99],[-54.882,-17.992],[-54.888,-17.985],[-54.896,-17.982],[-54.898,-17.977],[-54.903,-17.979],[-54.905,-17.976],[-54.906,-17.972],[-54.912,-17.97],[-54.913,-17.967],[-54.916,-17.964],[-54.923,-17.96],[-54.923,-17.959],[-54.928,-17.952],[-54.93,-17.953],[-54.934,-17.947],[-54.938,-17.948],[-54.939,-17.942],[-54.938,-17.937],[-54.942,-17.936],[-54.943,-17.932],[-54.946,-17.931],[-54.946,-17.922],[-54.943,-17.922],[-54.942,-17.915],[-54.948,-17.913],[-54.947,-17.911],[-54.949,-17.908],[-54.957,-17.904],[-54.96,-17.898],[-54.962,-17.899],[-54.966,-17.896],[-54.966,-17.892],[-54.969,-17.897],[-54.972,-17.897],[-54.976,-17.892],[-54.976,-17.89],[-54.983,-17.889],[-54.984,-17.886],[-54.989,-17.882],[-54.996,-17.882],[-54.999,-17.884],[-55.002,-17.882],[-55.006,-17.884],[-55.01,-17.883],[-55.01,-17.88],[-55.014,-17.879],[-55.017,-17.884],[-55.021,-17.883],[-55.018,-17.887],[-55.024,-17.89],[-55.028,-17.89],[-55.034,-17.888],[-55.039,-17.888],[-55.045,-17.877],[-55.049,-17.88],[-55.051,-17.877],[-55.053,-17.878],[-55.057,-17.877],[-55.061,-17.879],[-55.062,-17.877],[-55.072,-17.872],[-55.074,-17.865],[-55.077,-17.863],[-55.084,-17.864],[-55.087,-17.858],[-55.087,-17.853],[-55.083,-17.852],[-55.089,-17.848],[-55.092,-17.849],[-55.094,-17.846],[-55.099,-17.847],[-55.101,-17.846],[-55.101,-17.837],[-55.105,-17.836],[-55.107,-17.832],[-55.109,-17.833],[-55.11,-17.829],[-55.117,-17.832],[-55.121,-17.829],[-55.126,-17.831],[-55.127,-17.827],[-55.125,-17.827],[-55.128,-17.821],[-55.131,-17.809],[-55.133,-17.806],[-55.135,-17.799],[-55.132,-17.793],[-55.132,-17.787],[-55.136,-17.777],[-55.134,-17.772],[-55.132,-17.773],[-55.134,-17.766],[-55.134,-17.758],[-55.14,-17.756],[-55.145,-17.752],[-55.154,-17.753],[-55.154,-17.75],[-55.152,-17.748],[-55.157,-17.744],[-55.159,-17.74],[-55.156,-17.739],[-55.156,-17.736],[-55.152,-17.734],[-55.153,-17.72],[-55.149,-17.716],[-55.149,-17.712],[-55.154,-17.705],[-55.154,-17.701],[-55.149,-17.698],[-55.148,-17.701],[-55.145,-17.695],[-55.144,-17.692],[-55.146,-17.691],[-55.142,-17.688],[-55.141,-17.683],[-55.144,-17.682],[-55.141,-17.675],[-55.143,-17.669],[-55.14,-17.665],[-55.141,-17.66],[-55.137,-17.655],[-55.137,-17.65],[-55.127,-17.653],[-55.123,-17.649],[-55.118,-17.649],[-55.116,-17.644],[-55.114,-17.644],[-55.111,-17.631],[-55.109,-17.629],[-55.104,-17.628],[-55.101,-17.631],[-55.097,-17.628],[-55.098,-17.632],[-55.093,-17.636],[-55.088,-17.633],[-55.087,-17.63],[-55.08,-17.633],[-55.077,-17.631],[-55.073,-17.632],[-55.069,-17.637],[-55.064,-17.642],[-55.063,-17.639],[-55.055,-17.642],[-55.055,-17.639],[-55.047,-17.64],[-55.045,-17.636],[-55.043,-17.639],[-55.033,-17.638],[-55.032,-17.641],[-55.027,-17.636],[-55.023,-17.638],[-55.023,-17.635],[-55.019,-17.636],[-55.016,-17.63],[-55.015,-17.633],[-55.011,-17.634],[-55.011,-17.629],[-55.008,-17.633],[-55.0,-17.637],[-54.998,-17.635],[-54.996,-17.638],[-54.992,-17.638],[-54.993,-17.633],[-54.989,-17.633],[-54.989,-17.63],[-54.985,-17.624],[-54.983,-17.626],[-54.979,-17.625],[-54.976,-17.622],[-54.974,-17.617],[-54.973,-17.62],[-54.966,-17.621],[-54.967,-17.616],[-54.963,-17.615],[-54.961,-17.618],[-54.954,-17.616],[-54.954,-17.614],[-54.944,-17.613],[-54.943,-17.609],[-54.931,-17.611],[-54.929,-17.61],[-54.92,-17.61],[-54.914,-17.608],[-54.91,-17.61],[-54.902,-17.612],[-54.897,-17.62],[-54.892,-17.621],[-54.888,-17.618],[-54.881,-17.617],[-54.877,-17.618],[-54.867,-17.62],[-54.864,-17.623],[-54.861,-17.624],[-54.856,-17.621],[-54.852,-17.613],[-54.839,-17.614],[-54.83,-17.609],[-54.825,-17.61],[-54.82,-17.603],[-54.821,-17.597],[-54.815,-17.596],[-54.808,-17.588],[-54.801,-17.583],[-54.797,-17.581],[-54.792,-17.582],[-54.786,-17.577],[-54.781,-17.575],[-54.779,-17.571],[-54.768,-17.568],[-54.763,-17.569],[-54.759,-17.566],[-54.76,-17.56],[-54.757,-17.56],[-54.762,-17.554],[-54.756,-17.545],[-54.757,-17.534],[-54.752,-17.527],[-54.75,-17.523],[-54.747,-17.52],[-54.74,-17.52],[-54.738,-17.518],[-54.73,-17.516],[-54.728,-17.518],[-54.721,-17.519],[-54.718,-17.517],[-54.715,-17.513],[-54.71,-17.51],[-54.702,-17.508],[-54.7,-17.505],[-54.7,-17.497],[-54.696,-17.504],[-54.69,-17.503],[-54.686,-17.507],[-54.681,-17.507],[-54.677,-17.502],[-54.669,-17.504],[-54.667,-17.501],[-54.657,-17.497],[-54.656,-17.491],[-54.652,-17.49],[-54.651,-17.493],[-54.646,-17.491],[-54.636,-17.496],[-54.626,-17.491],[-54.619,-17.488],[-54.617,-17.49],[-54.615,-17.489],[-54.607,-17.487],[-54.599,-17.483],[-54.595,-17.479],[-54.589,-17.477],[-54.583,-17.469],[-54.58,-17.468],[-54.578,-17.473],[-54.571,-17.476],[-54.57,-17.473],[-54.567,-17.476],[-54.57,-17.48],[-54.569,-17.483],[-54.563,-17.479],[-54.559,-17.484],[-54.556,-17.485],[-54.554,-17.489],[-54.55,-17.485],[-54.547,-17.485],[-54.541,-17.482],[-54.536,-17.478],[-54.533,-17.48],[-54.527,-17.478],[-54.524,-17.482],[-54.517,-17.48],[-54.511,-17.483],[-54.508,-17.479],[-54.502,-17.481],[-54.498,-17.486],[-54.493,-17.486],[-54.491,-17.489],[-54.485,-17.489],[-54.481,-17.488],[-54.483,-17.494],[-54.479,-17.497],[-54.474,-17.498],[-54.48,-17.508],[-54.473,-17.51],[-54.478,-17.514],[-54.472,-17.519],[-54.469,-17.527],[-54.465,-17.53],[-54.459,-17.53],[-54.453,-17.534],[-54.447,-17.533],[-54.443,-17.534],[-54.434,-17.535],[-54.429,-17.539],[-54.426,-17.537],[-54.421,-17.536],[-54.421,-17.539],[-54.414,-17.545],[-54.414,-17.552],[-54.411,-17.551],[-54.405,-17.555],[-54.406,-17.562],[-54.404,-17.565],[-54.393,-17.566],[-54.392,-17.571],[-54.385,-17.573],[-54.383,-17.572],[-54.381,-17.576],[-54.383,-17.579],[-54.386,-17.581],[-54.386,-17.586],[-54.383,-17.588],[-54.38,-17.594],[-54.385,-17.601],[-54.381,-17.601],[-54.383,-17.606],[-54.374,-17.609],[-54.377,-17.61],[-54.378,-17.614],[-54.381,-17.62],[-54.383,-17.627],[-54.388,-17.632],[-54.387,-17.635],[-54.383,-17.636],[-54.38,-17.64],[-54.378,-17.638],[-54.373,-17.642],[-54.372,-17.645],[-54.361,-17.648],[-54.353,-17.651],[-54.351,-17.657],[-54.343,-17.656],[-54.341,-17.657],[-54.339,-17.66],[-54.329,-17.659],[-54.321,-17.66],[-54.314,-17.661],[-54.309,-17.659],[-54.302,-17.662],[-54.296,-17.659],[-54.296,-17.655],[-54.292,-17.653],[-54.288,-17.656],[-54.284,-17.653],[-54.275,-17.654],[-54.274,-17.651],[-54.27,-17.652],[-54.267,-17.648],[-54.262,-17.647],[-54.257,-17.644],[-54.255,-17.641],[-54.252,-17.641],[-54.249,-17.636],[-54.245,-17.633],[-54.244,-17.629],[-54.233,-17.627],[-54.231,-17.624],[-54.222,-17.62],[-54.217,-17.621],[-54.209,-17.617],[-54.205,-17.613],[-54.2,-17.615],[-54.196,-17.608],[-54.192,-17.606],[-54.184,-17.606],[-54.179,-17.603],[-54.17,-17.607],[-54.162,-17.607],[-54.157,-17.605],[-54.147,-17.615],[-54.141,-17.611],[-54.139,-17.612],[-54.134,-17.619],[-54.128,-17.617],[-54.123,-17.613],[-54.119,-17.619],[-54.117,-17.616],[-54.112,-17.614],[-54.107,-17.614],[-54.1,-17.613],[-54.094,-17.614],[-54.09,-17.618],[-54.085,-17.619],[-54.084,-17.617],[-54.076,-17.616],[-54.08,-17.611],[-54.079,-17.605],[-54.076,-17.599],[-54.073,-17.597],[-54.073,-17.588],[-54.066,-17.579],[-54.059,-17.576],[-54.055,-17.57],[-54.055,-17.567],[-54.052,-17.563],[-54.052,-17.547],[-54.051,-17.542],[-54.046,-17.537],[-54.049,-17.53],[-54.055,-17.529],[-54.053,-17.523],[-54.058,-17.521],[-54.058,-17.513],[-54.052,-17.506],[-54.049,-17.505],[-54.044,-17.5],[-54.041,-17.501],[-54.04,-17.491],[-54.038,-17.486],[-54.032,-17.482],[-54.023,-17.477],[-54.007,-17.473],[-53.997,-17.471],[-53.995,-17.468],[-53.989,-17.47],[-53.984,-17.474],[-53.979,-17.473],[-53.978,-17.47],[-53.973,-17.472],[-53.971,-17.466],[-53.964,-17.461],[-53.954,-17.459],[-53.952,-17.459],[-53.948,-17.452],[-53.943,-17.45],[-53.934,-17.443],[-53.931,-17.439],[-53.929,-17.431],[-53.926,-17.431],[-53.92,-17.425],[-53.918,-17.42],[-53.915,-17.414],[-53.906,-17.407],[-53.899,-17.402],[-53.898,-17.399],[-53.894,-17.395],[-53.888,-17.393],[-53.884,-17.387],[-53.883,-17.382],[-53.878,-17.375],[-53.872,-17.373],[-53.869,-17.369],[-53.837,-17.359],[-53.831,-17.355],[-53.832,-17.347],[-53.834,-17.345],[-53.835,-17.339],[-53.833,-17.329],[-53.832,-17.326],[-53.831,-17.317],[-53.826,-17.313],[-53.822,-17.299],[-53.82,-17.295],[-53.815,-17.29],[-53.807,-17.288],[-53.791,-17.289],[-53.786,-17.288],[-53.78,-17.277],[-53.774,-17.273],[-53.774,-17.271],[-53.77,-17.262],[-53.766,-17.26],[-53.763,-17.253],[-53.764,-17.251],[-53.763,-17.247],[-53.759,-17.243],[-53.752,-17.244],[-53.747,-17.243],[-53.737,-17.232],[-53.733,-17.231],[-53.725,-17.231],[-53.721,-17.229],[-53.714,-17.23],[-53.705,-17.228],[-53.698,-17.231],[-53.694,-17.234],[-53.695,-17.24],[-53.692,-17.246],[-53.684,-17.252],[-53.68,-17.254],[-53.693,-17.5],[-53.704,-17.661],[-53.705,-17.664],[-53.72,-17.669],[-53.728,-17.664],[-53.734,-17.663],[-53.74,-17.665],[-53.742,-17.669],[-53.749,-17.672],[-53.75,-17.669],[-53.758,-17.671],[-53.757,-17.673]]]}},{"type":"Feature","properties":{"c":"5007950"},"geometry":{"type":"Polygon","coordinates":[[[-55.132,-23.768],[-55.133,-23.765],[-55.132,-23.758],[-55.13,-23.756],[-55.129,-23.749],[-55.13,-23.747],[-55.136,-23.748],[-55.144,-23.744],[-55.149,-23.743],[-55.152,-23.739],[-55.157,-23.742],[-55.166,-23.736],[-55.169,-23.727],[-55.172,-23.727],[-55.173,-23.722],[-55.177,-23.716],[-55.175,-23.712],[-55.174,-23.703],[-55.175,-23.697],[-55.181,-23.69],[-55.182,-23.686],[-55.184,-23.681],[-55.187,-23.681],[-55.193,-23.677],[-55.194,-23.674],[-55.198,-23.672],[-55.201,-23.668],[-55.209,-23.668],[-55.22,-23.665],[-55.227,-23.656],[-55.228,-23.651],[-55.235,-23.649],[-55.244,-23.641],[-55.246,-23.631],[-55.246,-23.628],[-55.243,-23.627],[-55.242,-23.617],[-55.244,-23.613],[-55.249,-23.61],[-55.253,-23.605],[-55.255,-23.596],[-55.262,-23.594],[-55.269,-23.589],[-55.271,-23.583],[-55.272,-23.57],[-55.204,-23.4],[-55.192,-23.394],[-55.186,-23.389],[-55.178,-23.388],[-55.168,-23.379],[-55.161,-23.376],[-55.155,-23.381],[-55.151,-23.387],[-55.151,-23.391],[-55.147,-23.398],[-55.145,-23.41],[-55.14,-23.413],[-55.136,-23.417],[-55.137,-23.42],[-55.127,-23.424],[-55.121,-23.432],[-55.114,-23.435],[-55.109,-23.44],[-55.109,-23.443],[-55.105,-23.444],[-55.102,-23.45],[-55.101,-23.456],[-55.094,-23.461],[-55.093,-23.463],[-55.088,-23.471],[-55.081,-23.471],[-55.078,-23.475],[-55.075,-23.474],[-55.075,-23.478],[-55.072,-23.48],[-55.062,-23.482],[-55.053,-23.488],[-55.05,-23.488],[-55.043,-23.492],[-55.035,-23.49],[-55.031,-23.491],[-55.025,-23.496],[-55.021,-23.496],[-55.014,-23.505],[-55.008,-23.509],[-55.006,-23.513],[-54.997,-23.514],[-54.994,-23.52],[-54.991,-23.52],[-54.981,-23.53],[-54.975,-23.531],[-54.97,-23.542],[-54.959,-23.546],[-54.956,-23.546],[-54.953,-23.549],[-54.95,-23.549],[-54.947,-23.553],[-54.941,-23.553],[-54.942,-23.555],[-54.932,-23.557],[-54.924,-23.563],[-54.921,-23.567],[-54.917,-23.563],[-54.912,-23.563],[-54.907,-23.559],[-54.9,-23.559],[-54.896,-23.556],[-54.893,-23.558],[-54.888,-23.555],[-54.883,-23.555],[-54.882,-23.55],[-54.877,-23.553],[-54.874,-23.551],[-54.872,-23.552],[-54.863,-23.549],[-54.858,-23.549],[-54.857,-23.552],[-54.849,-23.55],[-54.84,-23.551],[-54.836,-23.553],[-54.828,-23.552],[-54.825,-23.549],[-54.815,-23.548],[-54.813,-23.546],[-54.811,-23.548],[-54.797,-23.552],[-54.791,-23.558],[-54.785,-23.566],[-54.779,-23.568],[-54.778,-23.573],[-54.775,-23.572],[-54.773,-23.576],[-54.771,-23.574],[-54.764,-23.579],[-54.758,-23.581],[-54.754,-23.578],[-54.748,-23.579],[-54.746,-23.583],[-54.739,-23.59],[-54.732,-23.593],[-54.732,-23.595],[-54.73,-23.601],[-54.723,-23.6],[-54.719,-23.603],[-54.713,-23.609],[-54.708,-23.619],[-54.706,-23.618],[-54.701,-23.622],[-54.702,-23.626],[-54.699,-23.625],[-54.698,-23.628],[-54.696,-23.628],[-54.693,-23.631],[-54.691,-23.636],[-54.686,-23.638],[-54.682,-23.642],[-54.675,-23.647],[-54.67,-23.653],[-54.673,-23.659],[-54.668,-23.662],[-54.67,-23.663],[-54.665,-23.665],[-54.666,-23.67],[-54.659,-23.679],[-54.66,-23.686],[-54.662,-23.687],[-54.659,-23.691],[-54.66,-23.698],[-54.659,-23.702],[-54.655,-23.705],[-54.654,-23.711],[-54.649,-23.718],[-54.649,-23.721],[-54.659,-23.722],[-54.658,-23.725],[-54.662,-23.723],[-54.666,-23.729],[-54.673,-23.728],[-54.673,-23.725],[-54.679,-23.725],[-54.679,-23.728],[-54.683,-23.727],[-54.683,-23.73],[-54.687,-23.731],[-54.69,-23.728],[-54.694,-23.731],[-54.7,-23.728],[-54.703,-23.733],[-54.706,-23.73],[-54.709,-23.731],[-54.71,-23.736],[-54.713,-23.737],[-54.715,-23.733],[-54.718,-23.734],[-54.717,-23.737],[-54.72,-23.737],[-54.72,-23.741],[-54.723,-23.742],[-54.724,-23.746],[-54.728,-23.746],[-54.726,-23.75],[-54.734,-23.751],[-54.736,-23.755],[-54.742,-23.761],[-54.742,-23.764],[-54.749,-23.762],[-54.754,-23.765],[-54.756,-23.763],[-54.759,-23.766],[-54.764,-23.766],[-54.764,-23.77],[-54.768,-23.773],[-54.774,-23.775],[-54.775,-23.779],[-54.781,-23.779],[-54.786,-23.778],[-54.785,-23.782],[-54.789,-23.783],[-54.789,-23.779],[-54.792,-23.782],[-54.797,-23.782],[-54.799,-23.786],[-54.796,-23.787],[-54.797,-23.792],[-54.8,-23.794],[-54.806,-23.792],[-54.81,-23.796],[-54.814,-23.797],[-54.82,-23.801],[-54.828,-23.804],[-54.831,-23.81],[-54.833,-23.811],[-54.84,-23.81],[-54.848,-23.815],[-54.851,-23.814],[-54.855,-23.815],[-54.855,-23.818],[-54.865,-23.818],[-54.87,-23.82],[-54.871,-23.828],[-54.88,-23.834],[-54.886,-23.832],[-54.887,-23.828],[-54.894,-23.829],[-54.899,-23.824],[-54.901,-23.825],[-54.904,-23.83],[-54.91,-23.833],[-54.914,-23.838],[-54.921,-23.838],[-54.924,-23.844],[-54.931,-23.84],[-54.934,-23.843],[-54.939,-23.84],[-54.943,-23.84],[-54.945,-23.846],[-54.951,-23.846],[-54.95,-23.853],[-54.958,-23.853],[-54.962,-23.847],[-54.965,-23.852],[-54.966,-23.865],[-54.975,-23.874],[-54.979,-23.875],[-54.984,-23.874],[-54.985,-23.881],[-54.99,-23.887],[-54.997,-23.892],[-55.001,-23.893],[-55.004,-23.89],[-55.003,-23.886],[-54.999,-23.883],[-54.997,-23.877],[-54.999,-23.874],[-55.007,-23.872],[-55.016,-23.866],[-55.016,-23.862],[-55.021,-23.862],[-55.02,-23.858],[-55.026,-23.855],[-55.03,-23.857],[-55.034,-23.856],[-55.033,-23.854],[-55.038,-23.847],[-55.042,-23.847],[-55.04,-23.844],[-55.046,-23.841],[-55.05,-23.841],[-55.054,-23.844],[-55.055,-23.841],[-55.061,-23.838],[-55.073,-23.839],[-55.074,-23.843],[-55.077,-23.841],[-55.075,-23.834],[-55.082,-23.829],[-55.081,-23.822],[-55.084,-23.821],[-55.085,-23.817],[-55.089,-23.816],[-55.089,-23.814],[-55.092,-23.813],[-55.091,-23.811],[-55.094,-23.809],[-55.095,-23.803],[-55.1,-23.798],[-55.105,-23.797],[-55.106,-23.793],[-55.111,-23.788],[-55.111,-23.783],[-55.116,-23.78],[-55.12,-23.782],[-55.122,-23.778],[-55.132,-23.773],[-55.132,-23.768]]]}},{"type":"Feature","properties":{"c":"5007976"},"geometry":{"type":"Polygon","coordinates":[[[-53.356,-22.334],[-53.354,-22.337],[-53.343,-22.348],[-53.341,-22.352],[-53.339,-22.361],[-53.339,-22.369],[-53.337,-22.374],[-53.336,-22.401],[-53.334,-22.409],[-53.335,-22.423],[-53.335,-22.438],[-53.334,-22.443],[-53.335,-22.456],[-53.332,-22.464],[-53.331,-22.473],[-53.327,-22.486],[-53.324,-22.491],[-53.318,-22.494],[-53.314,-22.499],[-53.313,-22.507],[-53.315,-22.513],[-53.313,-22.519],[-53.313,-22.523],[-53.311,-22.528],[-53.308,-22.539],[-53.297,-22.553],[-53.288,-22.56],[-53.282,-22.574],[-53.28,-22.591],[-53.28,-22.603],[-53.278,-22.607],[-53.281,-22.61],[-53.282,-22.614],[-53.279,-22.636],[-53.281,-22.642],[-53.279,-22.646],[-53.275,-22.648],[-53.276,-22.652],[-53.275,-22.655],[-53.277,-22.664],[-53.275,-22.665],[-53.276,-22.678],[-53.276,-22.685],[-53.282,-22.694],[-53.285,-22.697],[-53.285,-22.702],[-53.288,-22.713],[-53.293,-22.719],[-53.293,-22.722],[-53.295,-22.724],[-53.304,-22.724],[-53.309,-22.727],[-53.314,-22.727],[-53.32,-22.73],[-53.325,-22.728],[-53.333,-22.731],[-53.335,-22.735],[-53.341,-22.738],[-53.347,-22.747],[-53.347,-22.752],[-53.344,-22.75],[-53.333,-22.754],[-53.33,-22.759],[-53.327,-22.765],[-53.338,-22.77],[-53.352,-22.776],[-53.36,-22.78],[-53.364,-22.784],[-53.372,-22.799],[-53.38,-22.804],[-53.399,-22.807],[-53.408,-22.811],[-53.419,-22.825],[-53.424,-22.827],[-53.43,-22.833],[-53.451,-22.842],[-53.471,-22.855],[-53.485,-22.864],[-53.512,-22.876],[-53.524,-22.88],[-53.531,-22.881],[-53.542,-22.886],[-53.547,-22.89],[-53.559,-22.906],[-53.561,-22.916],[-53.571,-22.928],[-53.575,-22.932],[-53.584,-22.934],[-53.589,-22.936],[-53.603,-22.946],[-53.607,-22.951],[-53.611,-22.958],[-53.613,-22.966],[-53.617,-22.974],[-53.628,-22.991],[-53.634,-22.998],[-53.634,-23.003],[-53.641,-23.004],[-53.646,-22.997],[-53.647,-22.989],[-53.65,-22.987],[-53.656,-22.981],[-53.656,-22.978],[-53.654,-22.967],[-53.65,-22.961],[-53.65,-22.953],[-53.653,-22.94],[-53.651,-22.929],[-53.652,-22.92],[-53.648,-22.914],[-53.635,-22.91],[-53.622,-22.902],[-53.623,-22.895],[-53.621,-22.892],[-53.617,-22.888],[-53.618,-22.877],[-53.613,-22.872],[-53.612,-22.866],[-53.613,-22.863],[-53.611,-22.858],[-53.603,-22.855],[-53.599,-22.85],[-53.587,-22.842],[-53.58,-22.84],[-53.569,-22.836],[-53.566,-22.832],[-53.567,-22.826],[-53.561,-22.811],[-53.56,-22.81],[-53.539,-22.801],[-53.534,-22.796],[-53.524,-22.793],[-53.522,-22.787],[-53.515,-22.78],[-53.515,-22.775],[-53.506,-22.763],[-53.501,-22.762],[-53.498,-22.763],[-53.492,-22.763],[-53.487,-22.759],[-53.489,-22.749],[-53.494,-22.747],[-53.5,-22.747],[-53.522,-22.756],[-53.525,-22.756],[-53.526,-22.753],[-53.52,-22.746],[-53.52,-22.741],[-53.526,-22.736],[-53.535,-22.744],[-53.541,-22.744],[-53.542,-22.739],[-53.541,-22.733],[-53.537,-22.728],[-53.535,-22.721],[-53.537,-22.714],[-53.547,-22.712],[-53.55,-22.704],[-53.547,-22.696],[-53.546,-22.692],[-53.551,-22.687],[-53.558,-22.685],[-53.562,-22.681],[-53.562,-22.678],[-53.558,-22.672],[-53.559,-22.667],[-53.558,-22.659],[-53.554,-22.65],[-53.548,-22.649],[-53.544,-22.653],[-53.538,-22.651],[-53.523,-22.642],[-53.519,-22.637],[-53.513,-22.632],[-53.513,-22.626],[-53.519,-22.622],[-53.524,-22.614],[-53.524,-22.61],[-53.519,-22.603],[-53.513,-22.6],[-53.506,-22.603],[-53.501,-22.605],[-53.498,-22.603],[-53.502,-22.594],[-53.499,-22.587],[-53.5,-22.585],[-53.356,-22.334]]]}},{"type":"Feature","properties":{"c":"5008008"},"geometry":{"type":"Polygon","coordinates":[[[-55.205,-20.585],[-55.204,-20.579],[-55.206,-20.574],[-55.209,-20.572],[-55.214,-20.567],[-55.213,-20.564],[-55.217,-20.557],[-55.215,-20.554],[-55.212,-20.555],[-55.213,-20.551],[-55.217,-20.544],[-55.229,-20.538],[-55.229,-20.535],[-55.234,-20.537],[-55.237,-20.531],[-55.241,-20.527],[-55.24,-20.524],[-55.236,-20.521],[-55.238,-20.517],[-55.243,-20.517],[-55.251,-20.512],[-55.25,-20.505],[-55.253,-20.508],[-55.253,-20.504],[-55.257,-20.503],[-55.255,-20.496],[-55.251,-20.495],[-55.25,-20.487],[-55.252,-20.488],[-55.254,-20.479],[-55.257,-20.479],[-55.261,-20.484],[-55.263,-20.484],[-55.265,-20.477],[-55.27,-20.478],[-55.273,-20.473],[-55.274,-20.465],[-55.273,-20.456],[-55.271,-20.454],[-55.275,-20.453],[-55.271,-20.451],[-55.275,-20.448],[-55.284,-20.449],[-55.286,-20.442],[-55.295,-20.438],[-55.299,-20.432],[-55.304,-20.43],[-55.306,-20.423],[-55.31,-20.422],[-55.307,-20.42],[-55.307,-20.413],[-55.319,-20.41],[-55.324,-20.405],[-55.327,-20.408],[-55.331,-20.407],[-55.336,-20.41],[-55.337,-20.417],[-55.342,-20.417],[-55.346,-20.421],[-55.346,-20.433],[-55.349,-20.433],[-55.349,-20.429],[-55.355,-20.428],[-55.357,-20.43],[-55.351,-20.44],[-55.35,-20.444],[-55.353,-20.447],[-55.36,-20.437],[-55.367,-20.443],[-55.372,-20.443],[-55.379,-20.448],[-55.378,-20.442],[-55.382,-20.439],[-55.384,-20.434],[-55.391,-20.432],[-55.392,-20.423],[-55.39,-20.415],[-55.388,-20.409],[-55.38,-20.407],[-55.369,-20.401],[-55.369,-20.396],[-55.363,-20.388],[-55.358,-20.388],[-55.355,-20.386],[-55.355,-20.38],[-55.351,-20.378],[-55.351,-20.372],[-55.358,-20.366],[-55.356,-20.348],[-55.354,-20.346],[-55.346,-20.35],[-55.341,-20.347],[-55.341,-20.338],[-55.344,-20.334],[-55.344,-20.33],[-55.35,-20.325],[-55.346,-20.316],[-55.345,-20.315],[-55.335,-20.319],[-55.332,-20.323],[-55.328,-20.325],[-55.321,-20.325],[-55.319,-20.328],[-55.32,-20.337],[-55.316,-20.34],[-55.303,-20.341],[-55.301,-20.338],[-55.296,-20.338],[-55.295,-20.336],[-55.297,-20.329],[-55.297,-20.323],[-55.293,-20.322],[-55.285,-20.323],[-55.28,-20.322],[-55.274,-20.329],[-55.267,-20.332],[-55.265,-20.338],[-55.259,-20.331],[-55.249,-20.326],[-55.246,-20.321],[-55.249,-20.316],[-55.253,-20.312],[-55.253,-20.31],[-55.25,-20.306],[-55.243,-20.302],[-55.243,-20.3],[-55.246,-20.295],[-55.248,-20.285],[-55.254,-20.284],[-55.256,-20.286],[-55.261,-20.284],[-55.265,-20.287],[-55.271,-20.286],[-55.27,-20.278],[-55.265,-20.275],[-55.264,-20.272],[-55.269,-20.268],[-55.268,-20.262],[-55.269,-20.257],[-55.268,-20.254],[-55.269,-20.248],[-55.273,-20.246],[-55.272,-20.244],[-55.265,-20.243],[-55.259,-20.248],[-55.255,-20.246],[-55.254,-20.243],[-55.255,-20.23],[-55.25,-20.229],[-55.246,-20.226],[-55.242,-20.22],[-55.243,-20.218],[-55.24,-20.214],[-55.233,-20.213],[-55.231,-20.203],[-55.228,-20.201],[-55.217,-20.201],[-55.218,-20.188],[-55.215,-20.188],[-55.213,-20.191],[-55.203,-20.191],[-55.2,-20.189],[-55.203,-20.181],[-55.201,-20.178],[-55.194,-20.178],[-55.192,-20.173],[-55.184,-20.172],[-55.179,-20.169],[-55.172,-20.167],[-55.154,-20.152],[-55.15,-20.151],[-55.147,-20.148],[-55.137,-20.145],[-55.135,-20.145],[-55.135,-20.153],[-55.132,-20.157],[-55.122,-20.152],[-55.116,-20.154],[-55.107,-20.149],[-55.102,-20.152],[-55.099,-20.152],[-55.095,-20.156],[-55.084,-20.154],[-55.082,-20.158],[-55.078,-20.16],[-55.073,-20.159],[-55.072,-20.155],[-55.069,-20.155],[-55.066,-20.157],[-55.064,-20.166],[-55.059,-20.165],[-55.052,-20.159],[-55.045,-20.158],[-55.042,-20.156],[-55.038,-20.16],[-55.034,-20.159],[-55.032,-20.156],[-55.027,-20.157],[-55.019,-20.155],[-55.014,-20.156],[-55.009,-20.155],[-55.006,-20.157],[-55.01,-20.161],[-55.003,-20.16],[-54.999,-20.163],[-54.995,-20.16],[-54.994,-20.165],[-54.989,-20.163],[-54.977,-20.171],[-54.975,-20.169],[-54.974,-20.173],[-54.971,-20.17],[-54.969,-20.172],[-54.965,-20.168],[-54.962,-20.17],[-54.963,-20.166],[-54.955,-20.17],[-54.953,-20.174],[-54.949,-20.172],[-54.946,-20.174],[-54.946,-20.178],[-54.941,-20.181],[-54.944,-20.184],[-54.943,-20.187],[-54.939,-20.186],[-54.937,-20.194],[-54.935,-20.196],[-54.93,-20.191],[-54.915,-20.197],[-54.917,-20.198],[-54.916,-20.201],[-54.917,-20.206],[-54.913,-20.207],[-54.914,-20.213],[-54.919,-20.218],[-54.918,-20.223],[-54.922,-20.229],[-54.922,-20.231],[-54.917,-20.231],[-54.917,-20.234],[-54.92,-20.238],[-54.918,-20.244],[-54.923,-20.244],[-54.922,-20.248],[-54.916,-20.245],[-54.909,-20.248],[-54.908,-20.247],[-54.903,-20.249],[-54.901,-20.253],[-54.898,-20.254],[-54.893,-20.259],[-54.894,-20.262],[-54.891,-20.262],[-54.889,-20.268],[-54.88,-20.266],[-54.877,-20.27],[-54.87,-20.271],[-54.865,-20.275],[-54.857,-20.275],[-54.855,-20.281],[-54.852,-20.278],[-54.845,-20.278],[-54.844,-20.282],[-54.832,-20.283],[-54.831,-20.286],[-54.824,-20.283],[-54.82,-20.283],[-54.821,-20.291],[-54.816,-20.293],[-54.821,-20.299],[-54.816,-20.303],[-54.809,-20.302],[-54.803,-20.309],[-54.792,-20.311],[-54.789,-20.309],[-54.778,-20.306],[-54.78,-20.314],[-54.772,-20.317],[-54.769,-20.316],[-54.769,-20.32],[-54.763,-20.326],[-54.763,-20.481],[-54.765,-20.482],[-54.776,-20.487],[-54.787,-20.499],[-54.792,-20.503],[-54.798,-20.51],[-54.8,-20.52],[-54.799,-20.528],[-54.794,-20.549],[-54.798,-20.558],[-54.797,-20.572],[-54.791,-20.573],[-54.788,-20.582],[-54.781,-20.598],[-54.773,-20.604],[-54.768,-20.61],[-54.767,-20.615],[-54.771,-20.619],[-54.777,-20.621],[-54.785,-20.631],[-54.788,-20.637],[-54.79,-20.646],[-54.797,-20.662],[-54.807,-20.658],[-54.814,-20.661],[-54.836,-20.678],[-54.837,-20.681],[-54.842,-20.688],[-54.837,-20.704],[-54.827,-20.741],[-54.816,-20.741],[-54.823,-20.778],[-54.83,-20.776],[-54.835,-20.775],[-54.845,-20.778],[-54.851,-20.781],[-54.853,-20.781],[-54.864,-20.781],[-54.868,-20.784],[-54.873,-20.78],[-54.876,-20.773],[-54.878,-20.764],[-54.889,-20.765],[-54.895,-20.766],[-54.898,-20.771],[-54.903,-20.774],[-54.905,-20.781],[-54.908,-20.783],[-54.913,-20.781],[-54.918,-20.783],[-54.927,-20.784],[-54.936,-20.783],[-54.939,-20.781],[-54.941,-20.776],[-54.943,-20.773],[-54.952,-20.771],[-54.954,-20.769],[-54.958,-20.77],[-54.96,-20.775],[-54.965,-20.777],[-54.968,-20.776],[-54.975,-20.776],[-54.981,-20.768],[-54.986,-20.764],[-54.99,-20.763],[-54.993,-20.765],[-54.996,-20.762],[-54.998,-20.758],[-55.003,-20.756],[-55.011,-20.756],[-55.017,-20.753],[-55.023,-20.752],[-55.03,-20.749],[-55.041,-20.751],[-55.045,-20.751],[-55.05,-20.747],[-55.054,-20.747],[-55.059,-20.744],[-55.066,-20.742],[-55.067,-20.737],[-55.072,-20.731],[-55.071,-20.722],[-55.074,-20.72],[-55.079,-20.721],[-55.082,-20.719],[-55.083,-20.715],[-55.079,-20.715],[-55.078,-20.709],[-55.081,-20.703],[-55.076,-20.7],[-55.076,-20.698],[-55.083,-20.698],[-55.085,-20.695],[-55.08,-20.69],[-55.084,-20.689],[-55.086,-20.683],[-55.084,-20.678],[-55.089,-20.675],[-55.083,-20.67],[-55.087,-20.668],[-55.087,-20.665],[-55.094,-20.659],[-55.091,-20.655],[-55.093,-20.652],[-55.098,-20.651],[-55.101,-20.648],[-55.105,-20.649],[-55.105,-20.646],[-55.11,-20.638],[-55.115,-20.635],[-55.114,-20.631],[-55.114,-20.626],[-55.121,-20.622],[-55.126,-20.624],[-55.127,-20.626],[-55.13,-20.622],[-55.137,-20.62],[-55.141,-20.617],[-55.148,-20.614],[-55.15,-20.61],[-55.155,-20.608],[-55.16,-20.602],[-55.164,-20.602],[-55.166,-20.605],[-55.168,-20.603],[-55.171,-20.605],[-55.176,-20.604],[-55.179,-20.6],[-55.185,-20.598],[-55.184,-20.594],[-55.193,-20.591],[-55.193,-20.585],[-55.201,-20.585],[-55.205,-20.587],[-55.205,-20.585]]]}},{"type":"Feature","properties":{"c":"5008305"},"geometry":{"type":"Polygon","coordinates":[[[-51.88,-21.198],[-51.889,-21.199],[-51.89,-21.196],[-51.887,-21.192],[-51.89,-21.189],[-51.892,-21.182],[-51.898,-21.182],[-51.901,-21.184],[-51.909,-21.185],[-51.919,-21.183],[-51.931,-21.185],[-51.939,-21.183],[-51.943,-21.185],[-51.947,-21.182],[-51.947,-21.179],[-51.95,-21.177],[-51.953,-21.17],[-51.957,-21.167],[-51.968,-21.168],[-51.971,-21.164],[-51.977,-21.159],[-51.981,-21.156],[-51.985,-21.154],[-51.993,-21.148],[-51.993,-21.141],[-51.991,-21.133],[-51.992,-21.128],[-52.007,-21.118],[-52.006,-21.112],[-52.012,-21.112],[-52.017,-21.109],[-52.021,-21.109],[-52.027,-21.105],[-52.031,-21.101],[-52.031,-21.098],[-52.037,-21.091],[-52.04,-21.085],[-52.046,-21.085],[-52.049,-21.083],[-52.055,-21.077],[-52.062,-21.072],[-52.065,-21.066],[-52.068,-21.063],[-52.082,-21.053],[-52.092,-21.048],[-52.097,-21.047],[-52.099,-21.043],[-52.106,-21.039],[-52.114,-21.04],[-52.122,-21.036],[-52.124,-21.033],[-52.134,-21.024],[-52.14,-21.022],[-52.147,-21.021],[-52.149,-21.019],[-52.149,-21.015],[-52.155,-21.013],[-52.159,-21.014],[-52.163,-21.011],[-52.167,-21.004],[-52.177,-21.0],[-52.182,-20.997],[-52.187,-20.995],[-52.19,-20.991],[-52.203,-20.981],[-52.208,-20.98],[-52.213,-20.976],[-52.222,-20.972],[-52.228,-20.972],[-52.238,-20.973],[-52.246,-20.977],[-52.248,-20.98],[-52.252,-20.98],[-52.255,-20.975],[-52.264,-20.97],[-52.272,-20.973],[-52.277,-20.972],[-52.283,-20.967],[-52.288,-20.966],[-52.294,-20.959],[-52.3,-20.955],[-52.306,-20.955],[-52.309,-20.953],[-52.311,-20.947],[-52.317,-20.944],[-52.317,-20.937],[-52.322,-20.931],[-52.331,-20.929],[-52.335,-20.926],[-52.335,-20.919],[-52.343,-20.916],[-52.341,-20.913],[-52.342,-20.909],[-52.344,-20.906],[-52.346,-20.901],[-52.358,-20.89],[-52.36,-20.886],[-52.364,-20.884],[-52.367,-20.881],[-52.366,-20.878],[-52.362,-20.875],[-52.362,-20.871],[-52.367,-20.866],[-52.358,-20.86],[-52.357,-20.856],[-52.359,-20.854],[-52.355,-20.85],[-52.358,-20.849],[-52.357,-20.842],[-52.359,-20.835],[-52.355,-20.828],[-52.36,-20.824],[-52.363,-20.827],[-52.367,-20.825],[-52.36,-20.818],[-52.362,-20.816],[-52.358,-20.81],[-52.363,-20.808],[-52.36,-20.801],[-52.363,-20.799],[-52.365,-20.795],[-52.371,-20.794],[-52.372,-20.788],[-52.379,-20.782],[-52.375,-20.779],[-52.381,-20.773],[-52.379,-20.771],[-52.381,-20.765],[-52.383,-20.764],[-52.384,-20.76],[-52.389,-20.76],[-52.388,-20.757],[-52.395,-20.758],[-52.395,-20.752],[-52.398,-20.751],[-52.404,-20.752],[-52.407,-20.747],[-52.412,-20.746],[-52.412,-20.743],[-52.409,-20.733],[-52.412,-20.73],[-52.415,-20.721],[-52.417,-20.721],[-52.418,-20.71],[-52.421,-20.701],[-52.425,-20.698],[-52.424,-20.696],[-52.427,-20.692],[-52.426,-20.687],[-52.431,-20.684],[-52.43,-20.68],[-52.433,-20.68],[-52.44,-20.673],[-52.443,-20.667],[-52.442,-20.662],[-52.449,-20.646],[-52.452,-20.645],[-52.454,-20.636],[-52.459,-20.625],[-52.463,-20.612],[-52.467,-20.603],[-52.473,-20.597],[-52.479,-20.589],[-52.491,-20.581],[-52.494,-20.571],[-52.498,-20.567],[-52.5,-20.563],[-52.499,-20.558],[-52.502,-20.55],[-52.513,-20.538],[-52.517,-20.536],[-52.528,-20.534],[-52.535,-20.516],[-52.541,-20.511],[-52.541,-20.505],[-52.545,-20.501],[-52.547,-20.497],[-52.552,-20.493],[-52.56,-20.482],[-52.562,-20.478],[-52.564,-20.477],[-52.566,-20.473],[-52.578,-20.468],[-52.583,-20.469],[-52.584,-20.463],[-52.587,-20.461],[-52.587,-20.457],[-52.595,-20.452],[-52.601,-20.445],[-52.602,-20.44],[-52.606,-20.435],[-52.613,-20.432],[-52.617,-20.421],[-52.621,-20.418],[-52.621,-20.413],[-52.624,-20.408],[-52.638,-20.396],[-52.645,-20.392],[-52.65,-20.391],[-52.656,-20.386],[-52.662,-20.379],[-52.669,-20.376],[-52.677,-20.369],[-52.679,-20.364],[-52.684,-20.359],[-52.691,-20.345],[-52.697,-20.341],[-52.7,-20.332],[-52.703,-20.33],[-52.707,-20.324],[-52.709,-20.317],[-52.713,-20.313],[-52.717,-20.304],[-52.721,-20.299],[-52.724,-20.292],[-52.724,-20.282],[-52.728,-20.275],[-52.734,-20.257],[-52.736,-20.253],[-52.736,-20.247],[-52.735,-20.243],[-52.729,-20.235],[-52.727,-20.226],[-52.72,-20.218],[-52.718,-20.213],[-52.712,-20.208],[-52.706,-20.199],[-52.702,-20.197],[-52.704,-20.188],[-52.707,-20.18],[-52.714,-20.171],[-52.727,-20.155],[-52.731,-20.143],[-52.736,-20.123],[-52.735,-20.112],[-52.731,-20.102],[-52.718,-20.094],[-52.713,-20.088],[-52.699,-20.081],[-52.694,-20.07],[-52.694,-20.06],[-52.701,-20.057],[-52.708,-20.051],[-52.709,-20.044],[-52.715,-20.039],[-52.718,-20.024],[-52.712,-20.009],[-52.716,-20.002],[-52.72,-19.969],[-52.725,-19.953],[-52.725,-19.941],[-52.727,-19.937],[-52.727,-19.914],[-52.724,-19.91],[-52.729,-19.905],[-52.731,-19.899],[-52.739,-19.9],[-52.743,-19.893],[-52.743,-19.884],[-52.774,-19.885],[-52.785,-19.888],[-52.801,-19.878],[-52.801,-19.875],[-52.792,-19.87],[-52.783,-19.87],[-52.776,-19.866],[-52.77,-19.859],[-52.763,-19.855],[-52.749,-19.843],[-52.744,-19.841],[-52.732,-19.83],[-52.725,-19.825],[-52.722,-19.82],[-52.713,-19.811],[-52.704,-19.807],[-52.699,-19.807],[-52.691,-19.804],[-52.684,-19.803],[-52.673,-19.805],[-52.666,-19.804],[-52.663,-19.805],[-52.645,-19.804],[-52.639,-19.801],[-52.625,-19.798],[-52.615,-19.794],[-52.612,-19.783],[-52.612,-19.776],[-52.61,-19.768],[-52.608,-19.767],[-52.608,-19.761],[-52.606,-19.757],[-52.597,-19.748],[-52.595,-19.74],[-52.598,-19.736],[-52.596,-19.734],[-52.593,-19.726],[-52.593,-19.72],[-52.596,-19.715],[-52.595,-19.712],[-52.592,-19.707],[-52.591,-19.699],[-52.589,-19.694],[-52.585,-19.693],[-52.58,-19.69],[-52.58,-19.686],[-52.574,-19.682],[-52.571,-19.674],[-52.568,-19.673],[-52.567,-19.666],[-52.562,-19.656],[-52.559,-19.656],[-52.56,-19.651],[-52.553,-19.644],[-52.553,-19.64],[-52.543,-19.635],[-52.539,-19.634],[-52.532,-19.631],[-52.519,-19.63],[-52.509,-19.631],[-52.501,-19.626],[-52.496,-19.625],[-52.491,-19.62],[-52.484,-19.619],[-52.476,-19.615],[-52.476,-19.611],[-52.473,-19.614],[-52.468,-19.616],[-52.462,-19.613],[-52.454,-19.615],[-52.451,-19.62],[-52.449,-19.62],[-52.445,-19.629],[-52.442,-19.631],[-52.437,-19.638],[-52.431,-19.634],[-52.427,-19.629],[-52.424,-19.628],[-52.413,-19.629],[-52.409,-19.634],[-52.401,-19.632],[-52.389,-19.633],[-52.38,-19.638],[-52.377,-19.64],[-52.37,-19.643],[-52.37,-19.646],[-52.374,-19.65],[-52.372,-19.652],[-52.365,-19.651],[-52.363,-19.654],[-52.354,-19.661],[-52.349,-19.663],[-52.349,-19.669],[-52.341,-19.677],[-52.341,-19.694],[-52.343,-19.698],[-52.341,-19.703],[-52.336,-19.705],[-52.334,-19.713],[-52.331,-19.716],[-52.33,-19.721],[-52.333,-19.724],[-52.335,-19.728],[-52.327,-19.733],[-52.322,-19.739],[-52.32,-19.744],[-52.309,-19.746],[-52.304,-19.75],[-52.305,-19.757],[-52.305,-19.763],[-52.297,-19.769],[-52.293,-19.776],[-52.294,-19.78],[-52.296,-19.783],[-52.294,-19.788],[-52.29,-19.79],[-52.284,-19.801],[-52.277,-19.799],[-52.275,-19.801],[-52.277,-19.806],[-52.273,-19.811],[-52.264,-19.813],[-52.252,-19.826],[-52.25,-19.829],[-52.245,-19.831],[-52.243,-19.834],[-52.241,-19.84],[-52.235,-19.846],[-52.234,-19.849],[-52.223,-19.858],[-52.222,-19.862],[-52.213,-19.869],[-52.212,-19.872],[-52.212,-19.882],[-52.216,-19.891],[-52.215,-19.897],[-52.21,-19.903],[-52.213,-19.907],[-52.213,-19.915],[-52.22,-19.919],[-52.217,-19.923],[-52.219,-19.929],[-52.213,-19.932],[-52.214,-19.937],[-52.22,-19.94],[-52.221,-19.945],[-52.218,-19.951],[-52.22,-19.958],[-52.22,-19.963],[-52.218,-19.967],[-52.211,-19.974],[-52.206,-19.984],[-52.206,-19.991],[-52.208,-19.995],[-52.206,-20.004],[-52.201,-20.007],[-52.2,-20.013],[-52.196,-20.019],[-52.2,-20.023],[-52.201,-20.033],[-52.197,-20.036],[-52.197,-20.041],[-52.19,-20.045],[-52.184,-20.052],[-52.174,-20.055],[-52.172,-20.057],[-52.167,-20.059],[-52.168,-20.069],[-52.167,-20.073],[-52.161,-20.074],[-52.154,-20.079],[-52.151,-20.086],[-52.151,-20.093],[-52.147,-20.1],[-52.147,-20.106],[-52.145,-20.109],[-52.138,-20.112],[-52.131,-20.113],[-52.128,-20.116],[-52.128,-20.122],[-52.121,-20.126],[-52.12,-20.131],[-52.12,-20.134],[-52.115,-20.142],[-52.108,-20.144],[-52.107,-20.149],[-52.103,-20.155],[-52.106,-20.157],[-52.105,-20.165],[-52.1,-20.176],[-52.089,-20.183],[-52.089,-20.188],[-52.085,-20.194],[-52.085,-20.201],[-52.09,-20.206],[-52.092,-20.212],[-52.088,-20.214],[-52.085,-20.221],[-52.085,-20.224],[-52.089,-20.239],[-52.095,-20.247],[-52.096,-20.253],[-52.091,-20.261],[-52.083,-20.266],[-52.082,-20.268],[-52.085,-20.272],[-52.091,-20.276],[-52.091,-20.281],[-52.076,-20.288],[-52.075,-20.291],[-52.079,-20.297],[-52.08,-20.305],[-52.076,-20.313],[-52.074,-20.32],[-52.07,-20.326],[-52.071,-20.335],[-52.073,-20.339],[-52.07,-20.341],[-52.069,-20.346],[-52.066,-20.352],[-52.068,-20.359],[-52.067,-20.362],[-52.064,-20.366],[-52.06,-20.364],[-52.056,-20.365],[-52.055,-20.368],[-52.056,-20.376],[-52.051,-20.381],[-52.046,-20.389],[-52.04,-20.389],[-52.037,-20.394],[-52.033,-20.397],[-52.03,-20.402],[-52.024,-20.405],[-52.024,-20.417],[-52.022,-20.42],[-52.012,-20.423],[-52.005,-20.433],[-52.007,-20.437],[-52.006,-20.443],[-52.007,-20.452],[-52.013,-20.46],[-52.005,-20.462],[-51.994,-20.469],[-51.987,-20.471],[-51.985,-20.475],[-51.988,-20.48],[-51.986,-20.483],[-51.981,-20.483],[-51.971,-20.482],[-51.967,-20.484],[-51.964,-20.489],[-51.953,-20.508],[-51.948,-20.514],[-51.939,-20.518],[-51.933,-20.522],[-51.927,-20.524],[-51.926,-20.518],[-51.92,-20.512],[-51.916,-20.506],[-51.911,-20.502],[-51.908,-20.496],[-51.905,-20.492],[-51.906,-20.49],[-51.901,-20.484],[-51.895,-20.48],[-51.879,-20.48],[-51.876,-20.483],[-51.872,-20.481],[-51.866,-20.473],[-51.86,-20.464],[-51.86,-20.461],[-51.852,-20.457],[-51.847,-20.457],[-51.833,-20.443],[-51.83,-20.444],[-51.821,-20.442],[-51.808,-20.448],[-51.802,-20.448],[-51.798,-20.449],[-51.789,-20.449],[-51.785,-20.447],[-51.781,-20.447],[-51.776,-20.442],[-51.768,-20.439],[-51.765,-20.436],[-51.751,-20.436],[-51.744,-20.441],[-51.741,-20.442],[-51.734,-20.447],[-51.729,-20.452],[-51.722,-20.455],[-51.719,-20.465],[-51.719,-20.467],[-51.706,-20.476],[-51.705,-20.483],[-51.701,-20.485],[-51.699,-20.491],[-51.69,-20.493],[-51.682,-20.494],[-51.676,-20.492],[-51.673,-20.496],[-51.667,-20.502],[-51.652,-20.516],[-51.648,-20.521],[-51.645,-20.532],[-51.639,-20.54],[-51.632,-20.543],[-51.631,-20.546],[-51.624,-20.554],[-51.621,-20.565],[-51.615,-20.574],[-51.615,-20.579],[-51.603,-20.586],[-51.592,-20.591],[-51.583,-20.597],[-51.581,-20.622],[-51.568,-20.618],[-51.578,-20.625],[-51.588,-20.636],[-51.594,-20.644],[-51.603,-20.662],[-51.611,-20.686],[-51.617,-20.696],[-51.624,-20.713],[-51.632,-20.737],[-51.634,-20.747],[-51.635,-20.755],[-51.633,-20.761],[-51.625,-20.772],[-51.622,-20.777],[-51.627,-20.785],[-51.628,-20.789],[-51.626,-20.796],[-51.628,-20.804],[-51.632,-20.817],[-51.633,-20.822],[-51.633,-20.833],[-51.632,-20.845],[-51.628,-20.869],[-51.623,-20.878],[-51.615,-20.886],[-51.613,-20.89],[-51.614,-20.896],[-51.618,-20.911],[-51.619,-20.922],[-51.619,-20.933],[-51.621,-20.939],[-51.624,-20.944],[-51.628,-20.949],[-51.633,-20.952],[-51.644,-20.956],[-51.65,-20.96],[-51.655,-20.965],[-51.66,-20.969],[-51.667,-20.971],[-51.679,-20.973],[-51.686,-20.973],[-51.696,-20.97],[-51.703,-20.97],[-51.714,-20.971],[-51.723,-20.977],[-51.738,-20.995],[-51.742,-21.001],[-51.744,-21.005],[-51.749,-21.011],[-51.752,-21.013],[-51.76,-21.022],[-51.768,-21.037],[-51.771,-21.043],[-51.776,-21.073],[-51.79,-21.102],[-51.808,-21.11],[-51.814,-21.121],[-51.824,-21.127],[-51.845,-21.131],[-51.865,-21.131],[-51.876,-21.136],[-51.879,-21.148],[-51.876,-21.181],[-51.88,-21.198]]]}},{"type":"Feature","properties":{"c":"5008404"},"geometry":{"type":"Polygon","coordinates":[[[-54.325,-22.392],[-54.348,-22.443],[-54.393,-22.544],[-54.426,-22.617],[-54.43,-22.626],[-54.437,-22.622],[-54.448,-22.62],[-54.45,-22.622],[-54.454,-22.621],[-54.472,-22.591],[-54.469,-22.586],[-54.469,-22.576],[-54.468,-22.572],[-54.468,-22.56],[-54.47,-22.554],[-54.47,-22.546],[-54.472,-22.533],[-54.473,-22.517],[-54.472,-22.508],[-54.475,-22.503],[-54.477,-22.494],[-54.481,-22.491],[-54.484,-22.483],[-54.499,-22.469],[-54.502,-22.46],[-54.507,-22.457],[-54.511,-22.453],[-54.47,-22.361],[-54.443,-22.371],[-54.434,-22.351],[-54.325,-22.392]]]}},{"type":"Feature","properties":{"u":"MS","uf":1},"geometry":{"type":"Polygon","coordinates":[[[-54.699,-23.842],[-54.698,-23.858],[-54.705,-23.865],[-54.721,-23.866],[-54.733,-23.87],[-54.737,-23.866],[-54.745,-23.869],[-54.748,-23.866],[-54.749,-23.861],[-54.759,-23.857],[-54.762,-23.858],[-54.764,-23.866],[-54.775,-23.865],[-54.779,-23.871],[-54.781,-23.869],[-54.787,-23.87],[-54.793,-23.868],[-54.799,-23.874],[-54.799,-23.877],[-54.806,-23.879],[-54.811,-23.884],[-54.814,-23.89],[-54.823,-23.89],[-54.83,-23.887],[-54.832,-23.885],[-54.836,-23.884],[-54.842,-23.888],[-54.842,-23.89],[-54.85,-23.897],[-54.85,-23.908],[-54.86,-23.905],[-54.863,-23.908],[-54.869,-23.906],[-54.874,-23.909],[-54.88,-23.903],[-54.881,-23.899],[-54.885,-23.897],[-54.891,-23.9],[-54.894,-23.911],[-54.901,-23.912],[-54.903,-23.91],[-54.909,-23.911],[-54.913,-23.917],[-54.913,-23.922],[-54.927,-23.925],[-54.926,-23.932],[-54.924,-23.937],[-54.93,-23.942],[-54.93,-23.944],[-54.926,-23.951],[-54.925,-23.96],[-54.934,-23.963],[-54.939,-23.963],[-54.941,-23.969],[-54.942,-23.965],[-54.949,-23.964],[-54.952,-23.965],[-54.967,-23.966],[-54.97,-23.964],[-54.973,-23.96],[-54.976,-23.958],[-54.985,-23.963],[-54.991,-23.962],[-54.999,-23.958],[-55.005,-23.963],[-55.02,-23.973],[-55.029,-23.973],[-55.033,-23.974],[-55.039,-23.98],[-55.046,-23.984],[-55.051,-23.981],[-55.053,-23.987],[-55.062,-23.993],[-55.072,-23.987],[-55.073,-23.985],[-55.073,-23.98],[-55.075,-23.985],[-55.08,-23.985],[-55.085,-23.982],[-55.09,-23.983],[-55.094,-23.975],[-55.099,-23.972],[-55.107,-23.965],[-55.107,-23.962],[-55.118,-23.977],[-55.123,-23.979],[-55.125,-23.976],[-55.129,-23.984],[-55.138,-23.987],[-55.149,-23.989],[-55.156,-23.983],[-55.16,-23.988],[-55.165,-23.99],[-55.167,-23.989],[-55.176,-23.993],[-55.179,-23.994],[-55.181,-23.988],[-55.187,-23.988],[-55.193,-23.987],[-55.198,-23.987],[-55.199,-23.996],[-55.207,-24.004],[-55.215,-24.006],[-55.219,-24.01],[-55.229,-24.014],[-55.235,-24.007],[-55.242,-24.005],[-55.246,-23.998],[-55.248,-24.0],[-55.26,-23.994],[-55.262,-23.992],[-55.264,-23.988],[-55.269,-23.989],[-55.271,-23.986],[-55.278,-23.985],[-55.283,-23.978],[-55.296,-23.972],[-55.304,-23.965],[-55.312,-23.965],[-55.318,-23.963],[-55.322,-23.968],[-55.325,-23.976],[-55.334,-23.989],[-55.336,-23.993],[-55.341,-23.995],[-55.349,-23.994],[-55.353,-23.99],[-55.358,-23.989],[-55.364,-23.982],[-55.373,-23.979],[-55.376,-23.98],[-55.379,-23.975],[-55.378,-23.971],[-55.388,-23.968],[-55.389,-23.972],[-55.398,-23.974],[-55.403,-23.974],[-55.402,-23.97],[-55.405,-23.965],[-55.414,-23.965],[-55.42,-23.957],[-55.417,-23.949],[-55.42,-23.944],[-55.427,-23.94],[-55.433,-23.941],[-55.428,-23.926],[-55.433,-23.924],[-55.438,-23.919],[-55.446,-23.917],[-55.445,-23.91],[-55.439,-23.905],[-55.436,-23.872],[-55.439,-23.866],[-55.439,-23.857],[-55.44,-23.854],[-55.44,-23.846],[-55.442,-23.829],[-55.447,-23.823],[-55.454,-23.819],[-55.444,-23.809],[-55.437,-23.798],[-55.435,-23.793],[-55.43,-23.79],[-55.432,-23.782],[-55.434,-23.771],[-55.443,-23.766],[-55.447,-23.76],[-55.443,-23.756],[-55.443,-23.753],[-55.447,-23.748],[-55.449,-23.742],[-55.445,-23.738],[-55.447,-23.735],[-55.442,-23.728],[-55.443,-23.723],[-55.436,-23.717],[-55.441,-23.71],[-55.442,-23.713],[-55.449,-23.712],[-55.455,-23.717],[-55.457,-23.714],[-55.463,-23.712],[-55.466,-23.704],[-55.464,-23.699],[-55.462,-23.684],[-55.467,-23.681],[-55.469,-23.677],[-55.476,-23.675],[-55.474,-23.661],[-55.475,-23.65],[-55.482,-23.644],[-55.484,-23.64],[-55.489,-23.643],[-55.493,-23.638],[-55.498,-23.638],[-55.51,-23.633],[-55.511,-23.623],[-55.53,-23.628],[-55.532,-23.63],[-55.537,-23.628],[-55.54,-23.625],[-55.536,-23.617],[-55.536,-23.61],[-55.538,-23.601],[-55.538,-23.592],[-55.531,-23.585],[-55.528,-23.58],[-55.531,-23.572],[-55.527,-23.567],[-55.536,-23.555],[-55.535,-23.551],[-55.538,-23.543],[-55.537,-23.54],[-55.543,-23.53],[-55.54,-23.525],[-55.547,-23.523],[-55.548,-23.505],[-55.552,-23.489],[-55.559,-23.489],[-55.56,-23.483],[-55.562,-23.476],[-55.554,-23.476],[-55.545,-23.477],[-55.543,-23.474],[-55.541,-23.456],[-55.545,-23.449],[-55.538,-23.439],[-55.529,-23.43],[-55.516,-23.41],[-55.513,-23.4],[-55.51,-23.393],[-55.504,-23.378],[-55.507,-23.37],[-55.511,-23.367],[-55.519,-23.365],[-55.521,-23.352],[-55.524,-23.349],[-55.527,-23.343],[-55.532,-23.341],[-55.535,-23.333],[-55.546,-23.324],[-55.555,-23.321],[-55.556,-23.316],[-55.549,-23.304],[-55.555,-23.288],[-55.555,-23.283],[-55.553,-23.28],[-55.549,-23.279],[-55.547,-23.275],[-55.54,-23.274],[-55.537,-23.271],[-55.533,-23.269],[-55.523,-23.26],[-55.53,-23.253],[-55.537,-23.251],[-55.54,-23.244],[-55.539,-23.241],[-55.537,-23.236],[-55.54,-23.234],[-55.542,-23.227],[-55.546,-23.22],[-55.54,-23.221],[-55.534,-23.217],[-55.526,-23.208],[-55.523,-23.198],[-55.525,-23.195],[-55.533,-23.19],[-55.536,-23.186],[-55.543,-23.181],[-55.544,-23.178],[-55.54,-23.175],[-55.541,-23.169],[-55.545,-23.167],[-55.541,-23.163],[-55.542,-23.156],[-55.547,-23.156],[-55.555,-23.153],[-55.567,-23.144],[-55.573,-23.143],[-55.583,-23.148],[-55.597,-23.153],[-55.597,-23.147],[-55.595,-23.131],[-55.598,-23.121],[-55.596,-23.119],[-55.6,-23.104],[-55.612,-23.09],[-55.612,-23.086],[-55.617,-23.082],[-55.611,-23.077],[-55.611,-23.066],[-55.612,-23.059],[-55.615,-23.054],[-55.611,-23.048],[-55.614,-23.041],[-55.624,-23.033],[-55.629,-23.033],[-55.635,-23.026],[-55.639,-23.026],[-55.633,-23.008],[-55.632,-23.002],[-55.628,-22.998],[-55.633,-22.997],[-55.634,-22.992],[-55.628,-22.988],[-55.624,-22.988],[-55.622,-22.984],[-55.629,-22.975],[-55.632,-22.97],[-55.637,-22.965],[-55.638,-22.958],[-55.635,-22.955],[-55.638,-22.951],[-55.648,-22.95],[-55.644,-22.942],[-55.645,-22.94],[-55.651,-22.935],[-55.652,-22.931],[-55.645,-22.924],[-55.647,-22.922],[-55.648,-22.913],[-55.651,-22.911],[-55.651,-22.903],[-55.649,-22.897],[-55.651,-22.887],[-55.654,-22.885],[-55.657,-22.885],[-55.661,-22.882],[-55.662,-22.874],[-55.66,-22.868],[-55.66,-22.864],[-55.663,-22.86],[-55.663,-22.857],[-55.666,-22.852],[-55.659,-22.841],[-55.659,-22.835],[-55.661,-22.827],[-55.653,-22.817],[-55.653,-22.812],[-55.656,-22.809],[-55.649,-22.802],[-55.651,-22.793],[-55.652,-22.792],[-55.647,-22.79],[-55.639,-22.783],[-55.637,-22.779],[-55.637,-22.772],[-55.628,-22.767],[-55.618,-22.768],[-55.621,-22.764],[-55.626,-22.76],[-55.627,-22.758],[-55.62,-22.753],[-55.619,-22.749],[-55.621,-22.745],[-55.616,-22.74],[-55.613,-22.739],[-55.616,-22.736],[-55.617,-22.725],[-55.613,-22.717],[-55.613,-22.705],[-55.615,-22.7],[-55.614,-22.693],[-55.609,-22.689],[-55.617,-22.678],[-55.618,-22.67],[-55.617,-22.665],[-55.614,-22.66],[-55.614,-22.655],[-55.622,-22.653],[-55.623,-22.65],[-55.625,-22.628],[-55.631,-22.621],[-55.637,-22.618],[-55.641,-22.613],[-55.649,-22.61],[-55.651,-22.608],[-55.667,-22.599],[-55.67,-22.594],[-55.677,-22.592],[-55.683,-22.589],[-55.688,-22.581],[-55.695,-22.578],[-55.695,-22.571],[-55.698,-22.563],[-55.714,-22.557],[-55.724,-22.552],[-55.728,-22.544],[-55.738,-22.526],[-55.741,-22.515],[-55.747,-22.506],[-55.748,-22.496],[-55.747,-22.486],[-55.748,-22.483],[-55.751,-22.482],[-55.753,-22.475],[-55.751,-22.475],[-55.747,-22.47],[-55.748,-22.465],[-55.743,-22.464],[-55.741,-22.461],[-55.735,-22.459],[-55.738,-22.454],[-55.737,-22.445],[-55.734,-22.442],[-55.736,-22.435],[-55.736,-22.429],[-55.74,-22.424],[-55.737,-22.411],[-55.746,-22.404],[-55.742,-22.395],[-55.745,-22.39],[-55.747,-22.389],[-55.747,-22.384],[-55.749,-22.383],[-55.757,-22.386],[-55.767,-22.384],[-55.776,-22.386],[-55.78,-22.384],[-55.788,-22.389],[-55.791,-22.388],[-55.791,-22.38],[-55.804,-22.372],[-55.803,-22.37],[-55.8,-22.369],[-55.799,-22.365],[-55.801,-22.355],[-55.809,-22.352],[-55.81,-22.35],[-55.815,-22.346],[-55.821,-22.345],[-55.824,-22.341],[-55.825,-22.337],[-55.827,-22.336],[-55.829,-22.33],[-55.832,-22.326],[-55.832,-22.321],[-55.829,-22.316],[-55.833,-22.315],[-55.836,-22.308],[-55.836,-22.305],[-55.839,-22.302],[-55.839,-22.297],[-55.835,-22.296],[-55.839,-22.294],[-55.843,-22.287],[-55.849,-22.286],[-55.851,-22.282],[-55.857,-22.281],[-55.865,-22.284],[-55.887,-22.282],[-55.898,-22.285],[-55.905,-22.285],[-55.913,-22.279],[-55.918,-22.278],[-55.92,-22.281],[-55.923,-22.279],[-55.929,-22.279],[-55.936,-22.28],[-55.942,-22.283],[-55.946,-22.283],[-55.949,-22.293],[-55.951,-22.293],[-55.954,-22.29],[-55.961,-22.29],[-55.966,-22.289],[-55.97,-22.292],[-55.978,-22.285],[-55.981,-22.279],[-55.991,-22.282],[-55.992,-22.281],[-55.996,-22.283],[-55.999,-22.286],[-56.002,-22.286],[-56.003,-22.291],[-56.01,-22.295],[-56.012,-22.292],[-56.01,-22.291],[-56.012,-22.286],[-56.017,-22.289],[-56.024,-22.285],[-56.027,-22.286],[-56.033,-22.285],[-56.036,-22.281],[-56.04,-22.283],[-56.049,-22.278],[-56.06,-22.276],[-56.063,-22.276],[-56.067,-22.281],[-56.069,-22.287],[-56.073,-22.287],[-56.082,-22.285],[-56.083,-22.282],[-56.086,-22.286],[-56.087,-22.284],[-56.093,-22.286],[-56.101,-22.279],[-56.111,-22.276],[-56.112,-22.273],[-56.116,-22.275],[-56.117,-22.271],[-56.12,-22.273],[-56.125,-22.271],[-56.128,-22.277],[-56.131,-22.284],[-56.138,-22.286],[-56.143,-22.284],[-56.148,-22.285],[-56.15,-22.282],[-56.157,-22.284],[-56.158,-22.286],[-56.161,-22.282],[-56.161,-22.286],[-56.165,-22.285],[-56.166,-22.288],[-56.171,-22.284],[-56.174,-22.286],[-56.174,-22.279],[-56.178,-22.281],[-56.183,-22.277],[-56.188,-22.28],[-56.19,-22.273],[-56.194,-22.271],[-56.2,-22.278],[-56.205,-22.275],[-56.209,-22.278],[-56.214,-22.274],[-56.214,-22.269],[-56.219,-22.269],[-56.221,-22.264],[-56.225,-22.263],[-56.234,-22.255],[-56.232,-22.253],[-56.233,-22.245],[-56.237,-22.237],[-56.241,-22.236],[-56.254,-22.238],[-56.256,-22.237],[-56.264,-22.239],[-56.27,-22.233],[-56.276,-22.237],[-56.278,-22.232],[-56.285,-22.232],[-56.286,-22.225],[-56.29,-22.226],[-56.295,-22.221],[-56.298,-22.22],[-56.299,-22.218],[-56.309,-22.214],[-56.317,-22.218],[-56.318,-22.215],[-56.322,-22.214],[-56.321,-22.211],[-56.326,-22.209],[-56.324,-22.208],[-56.331,-22.204],[-56.33,-22.199],[-56.337,-22.199],[-56.335,-22.196],[-56.339,-22.193],[-56.34,-22.189],[-56.343,-22.19],[-56.346,-22.188],[-56.343,-22.183],[-56.346,-22.181],[-56.348,-22.18],[-56.349,-22.174],[-56.358,-22.176],[-56.358,-22.172],[-56.365,-22.17],[-56.363,-22.167],[-56.367,-22.163],[-56.366,-22.159],[-56.369,-22.156],[-56.369,-22.153],[-56.372,-22.153],[-56.374,-22.15],[-56.371,-22.148],[-56.374,-22.143],[-56.372,-22.143],[-56.368,-22.137],[-56.37,-22.132],[-56.374,-22.128],[-56.372,-22.126],[-56.377,-22.123],[-56.38,-22.119],[-56.378,-22.115],[-56.385,-22.11],[-56.381,-22.105],[-56.386,-22.105],[-56.387,-22.102],[-56.389,-22.103],[-56.393,-22.101],[-56.396,-22.094],[-56.393,-22.091],[-56.391,-22.094],[-56.389,-22.089],[-56.393,-22.082],[-56.393,-22.075],[-56.402,-22.08],[-56.405,-22.077],[-56.411,-22.08],[-56.419,-22.08],[-56.421,-22.086],[-56.426,-22.082],[-56.431,-22.083],[-56.43,-22.085],[-56.434,-22.085],[-56.442,-22.082],[-56.444,-22.085],[-56.448,-22.085],[-56.448,-22.077],[-56.45,-22.077],[-56.454,-22.082],[-56.457,-22.084],[-56.458,-22.079],[-56.464,-22.081],[-56.462,-22.084],[-56.467,-22.08],[-56.471,-22.08],[-56.474,-22.085],[-56.473,-22.087],[-56.476,-22.088],[-56.477,-22.094],[-56.484,-22.095],[-56.489,-22.093],[-56.493,-22.096],[-56.495,-22.094],[-56.503,-22.097],[-56.507,-22.095],[-56.509,-22.1],[-56.507,-22.102],[-56.519,-22.109],[-56.518,-22.112],[-56.522,-22.118],[-56.524,-22.126],[-56.523,-22.128],[-56.527,-22.13],[-56.524,-22.132],[-56.523,-22.138],[-56.519,-22.141],[-56.526,-22.14],[-56.528,-22.143],[-56.528,-22.148],[-56.534,-22.147],[-56.54,-22.147],[-56.541,-22.151],[-56.538,-22.154],[-56.538,-22.158],[-56.533,-22.156],[-56.533,-22.159],[-56.547,-22.163],[-56.549,-22.166],[-56.557,-22.169],[-56.556,-22.174],[-56.554,-22.176],[-56.555,-22.182],[-56.552,-22.185],[-56.554,-22.188],[-56.557,-22.188],[-56.556,-22.196],[-56.563,-22.198],[-56.562,-22.2],[-56.569,-22.203],[-56.569,-22.207],[-56.572,-22.208],[-56.576,-22.206],[-56.577,-22.202],[-56.582,-22.206],[-56.581,-22.211],[-56.589,-22.212],[-56.592,-22.214],[-56.594,-22.218],[-56.598,-22.211],[-56.6,-22.211],[-56.599,-22.218],[-56.603,-22.22],[-56.608,-22.22],[-56.61,-22.223],[-56.607,-22.226],[-56.606,-22.232],[-56.608,-22.234],[-56.61,-22.233],[-56.616,-22.236],[-56.618,-22.239],[-56.621,-22.239],[-56.622,-22.242],[-56.625,-22.242],[-56.627,-22.246],[-56.632,-22.245],[-56.635,-22.241],[-56.638,-22.241],[-56.643,-22.246],[-56.641,-22.253],[-56.639,-22.253],[-56.639,-22.26],[-56.637,-22.263],[-56.641,-22.263],[-56.642,-22.265],[-56.647,-22.262],[-56.652,-22.257],[-56.65,-22.255],[-56.655,-22.254],[-56.655,-22.256],[-56.66,-22.253],[-56.664,-22.254],[-56.667,-22.249],[-56.673,-22.249],[-56.677,-22.244],[-56.679,-22.247],[-56.682,-22.237],[-56.681,-22.228],[-56.682,-22.223],[-56.687,-22.22],[-56.688,-22.223],[-56.691,-22.218],[-56.699,-22.221],[-56.703,-22.217],[-56.704,-22.223],[-56.701,-22.227],[-56.696,-22.227],[-56.694,-22.229],[-56.698,-22.235],[-56.705,-22.237],[-56.706,-22.243],[-56.709,-22.248],[-56.713,-22.249],[-56.713,-22.252],[-56.72,-22.257],[-56.72,-22.265],[-56.728,-22.26],[-56.734,-22.257],[-56.736,-22.253],[-56.731,-22.248],[-56.732,-22.246],[-56.74,-22.244],[-56.744,-22.241],[-56.747,-22.236],[-56.751,-22.239],[-56.751,-22.245],[-56.755,-22.247],[-56.757,-22.242],[-56.763,-22.242],[-56.767,-22.244],[-56.762,-22.249],[-56.768,-22.255],[-56.772,-22.255],[-56.772,-22.258],[-56.777,-22.26],[-56.779,-22.257],[-56.783,-22.258],[-56.788,-22.254],[-56.783,-22.248],[-56.788,-22.25],[-56.79,-22.245],[-56.786,-22.242],[-56.794,-22.243],[-56.802,-22.249],[-56.804,-22.252],[-56.806,-22.26],[-56.804,-22.266],[-56.808,-22.272],[-56.801,-22.281],[-56.805,-22.285],[-56.808,-22.284],[-56.817,-22.288],[-56.819,-22.287],[-56.823,-22.29],[-56.826,-22.296],[-56.832,-22.297],[-56.839,-22.301],[-56.844,-22.301],[-56.853,-22.291],[-56.856,-22.289],[-56.86,-22.292],[-56.868,-22.288],[-56.867,-22.285],[-56.87,-22.282],[-56.88,-22.278],[-56.881,-22.276],[-56.876,-22.266],[-56.875,-22.264],[-56.88,-22.257],[-56.879,-22.253],[-56.883,-22.247],[-56.888,-22.245],[-56.9,-22.252],[-56.903,-22.257],[-56.901,-22.262],[-56.904,-22.267],[-56.909,-22.265],[-56.912,-22.259],[-56.919,-22.259],[-56.916,-22.255],[-56.923,-22.255],[-56.927,-22.25],[-56.93,-22.254],[-56.936,-22.254],[-56.947,-22.256],[-56.954,-22.25],[-56.957,-22.245],[-56.958,-22.238],[-56.967,-22.241],[-56.972,-22.241],[-56.971,-22.244],[-56.987,-22.243],[-56.992,-22.237],[-56.989,-22.229],[-56.992,-22.225],[-56.997,-22.223],[-57.001,-22.224],[-57.003,-22.231],[-57.009,-22.233],[-57.01,-22.236],[-57.019,-22.231],[-57.02,-22.236],[-57.024,-22.236],[-57.031,-22.234],[-57.041,-22.236],[-57.044,-22.243],[-57.048,-22.24],[-57.048,-22.233],[-57.05,-22.232],[-57.053,-22.232],[-57.059,-22.229],[-57.06,-22.232],[-57.059,-22.242],[-57.063,-22.244],[-57.069,-22.243],[-57.073,-22.246],[-57.077,-22.245],[-57.08,-22.246],[-57.079,-22.25],[-57.084,-22.251],[-57.089,-22.241],[-57.092,-22.243],[-57.093,-22.248],[-57.101,-22.249],[-57.105,-22.243],[-57.112,-22.242],[-57.109,-22.231],[-57.104,-22.228],[-57.111,-22.226],[-57.119,-22.23],[-57.125,-22.227],[-57.134,-22.226],[-57.139,-22.227],[-57.143,-22.231],[-57.148,-22.234],[-57.155,-22.23],[-57.156,-22.227],[-57.159,-22.227],[-57.16,-22.233],[-57.166,-22.232],[-57.166,-22.228],[-57.17,-22.229],[-57.169,-22.234],[-57.179,-22.233],[-57.18,-22.235],[-57.184,-22.236],[-57.184,-22.23],[-57.192,-22.223],[-57.193,-22.22],[-57.19,-22.219],[-57.195,-22.212],[-57.203,-22.212],[-57.204,-22.217],[-57.209,-22.221],[-57.21,-22.219],[-57.207,-22.216],[-57.208,-22.214],[-57.211,-22.217],[-57.215,-22.219],[-57.215,-22.222],[-57.212,-22.227],[-57.215,-22.227],[-57.215,-22.233],[-57.217,-22.234],[-57.218,-22.241],[-57.228,-22.244],[-57.238,-22.251],[-57.242,-22.25],[-57.248,-22.247],[-57.251,-22.241],[-57.256,-22.238],[-57.259,-22.239],[-57.269,-22.238],[-57.271,-22.235],[-57.27,-22.231],[-57.274,-22.231],[-57.275,-22.235],[-57.279,-22.233],[-57.277,-22.229],[-57.281,-22.226],[-57.285,-22.225],[-57.287,-22.221],[-57.289,-22.224],[-57.293,-22.223],[-57.292,-22.22],[-57.296,-22.219],[-57.297,-22.221],[-57.301,-22.222],[-57.304,-22.225],[-57.305,-22.23],[-57.31,-22.228],[-57.311,-22.233],[-57.315,-22.233],[-57.318,-22.238],[-57.314,-22.241],[-57.32,-22.246],[-57.326,-22.239],[-57.331,-22.237],[-57.33,-22.235],[-57.336,-22.235],[-57.335,-22.229],[-57.34,-22.231],[-57.344,-22.229],[-57.347,-22.232],[-57.351,-22.231],[-57.352,-22.229],[-57.359,-22.227],[-57.358,-22.231],[-57.362,-22.234],[-57.364,-22.231],[-57.365,-22.228],[-57.369,-22.228],[-57.37,-22.231],[-57.375,-22.232],[-57.376,-22.229],[-57.372,-22.226],[-57.377,-22.224],[-57.38,-22.227],[-57.381,-22.224],[-57.38,-22.217],[-57.378,-22.214],[-57.383,-22.208],[-57.387,-22.209],[-57.386,-22.204],[-57.389,-22.205],[-57.395,-22.209],[-57.398,-22.208],[-57.396,-22.204],[-57.398,-22.202],[-57.405,-22.2],[-57.408,-22.198],[-57.411,-22.199],[-57.414,-22.197],[-57.419,-22.197],[-57.424,-22.205],[-57.428,-22.203],[-57.425,-22.197],[-57.43,-22.196],[-57.432,-22.2],[-57.435,-22.2],[-57.439,-22.196],[-57.439,-22.193],[-57.445,-22.192],[-57.445,-22.188],[-57.454,-22.188],[-57.456,-22.192],[-57.453,-22.195],[-57.458,-22.195],[-57.458,-22.19],[-57.46,-22.187],[-57.463,-22.188],[-57.465,-22.193],[-57.467,-22.192],[-57.47,-22.187],[-57.473,-22.187],[-57.476,-22.19],[-57.48,-22.19],[-57.484,-22.192],[-57.491,-22.189],[-57.49,-22.186],[-57.493,-22.182],[-57.5,-22.186],[-57.503,-22.183],[-57.506,-22.185],[-57.51,-22.182],[-57.517,-22.174],[-57.521,-22.169],[-57.524,-22.169],[-57.526,-22.174],[-57.541,-22.181],[-57.548,-22.182],[-57.554,-22.181],[-57.557,-22.178],[-57.567,-22.178],[-57.572,-22.176],[-57.578,-22.177],[-57.581,-22.175],[-57.588,-22.165],[-57.588,-22.156],[-57.586,-22.153],[-57.586,-22.144],[-57.584,-22.141],[-57.588,-22.139],[-57.591,-22.145],[-57.595,-22.141],[-57.593,-22.138],[-57.596,-22.137],[-57.599,-22.14],[-57.601,-22.137],[-57.597,-22.133],[-57.598,-22.13],[-57.604,-22.131],[-57.607,-22.129],[-57.606,-22.124],[-57.61,-22.122],[-57.612,-22.125],[-57.613,-22.122],[-57.609,-22.116],[-57.613,-22.11],[-57.613,-22.104],[-57.61,-22.095],[-57.615,-22.095],[-57.621,-22.097],[-57.625,-22.1],[-57.634,-22.103],[-57.64,-22.106],[-57.647,-22.105],[-57.652,-22.107],[-57.658,-22.104],[-57.664,-22.106],[-57.67,-22.101],[-57.675,-22.103],[-57.677,-22.102],[-57.683,-22.095],[-57.691,-22.088],[-57.699,-22.092],[-57.707,-22.091],[-57.707,-22.093],[-57.704,-22.1],[-57.708,-22.103],[-57.714,-22.103],[-57.716,-22.106],[-57.715,-22.111],[-57.717,-22.114],[-57.72,-22.113],[-57.726,-22.107],[-57.73,-22.1],[-57.732,-22.1],[-57.738,-22.103],[-57.74,-22.107],[-57.742,-22.115],[-57.739,-22.119],[-57.735,-22.12],[-57.734,-22.123],[-57.738,-22.129],[-57.738,-22.133],[-57.744,-22.136],[-57.748,-22.139],[-57.755,-22.135],[-57.765,-22.135],[-57.768,-22.13],[-57.779,-22.125],[-57.789,-22.131],[-57.791,-22.138],[-57.798,-22.145],[-57.798,-22.15],[-57.805,-22.15],[-57.81,-22.142],[-57.819,-22.139],[-57.821,-22.136],[-57.824,-22.127],[-57.823,-22.123],[-57.829,-22.12],[-57.834,-22.12],[-57.839,-22.122],[-57.845,-22.127],[-57.853,-22.127],[-57.864,-22.132],[-57.866,-22.136],[-57.868,-22.131],[-57.873,-22.129],[-57.881,-22.129],[-57.886,-22.13],[-57.888,-22.129],[-57.888,-22.123],[-57.893,-22.122],[-57.907,-22.126],[-57.914,-22.121],[-57.93,-22.12],[-57.928,-22.116],[-57.922,-22.11],[-57.923,-22.107],[-57.928,-22.107],[-57.933,-22.105],[-57.938,-22.099],[-57.937,-22.092],[-57.938,-22.087],[-57.942,-22.083],[-57.95,-22.084],[-57.952,-22.088],[-57.957,-22.085],[-57.959,-22.08],[-57.961,-22.079],[-57.965,-22.081],[-57.965,-22.087],[-57.967,-22.089],[-57.974,-22.091],[-57.982,-22.09],[-57.99,-22.091],[-57.995,-22.089],[-57.986,-22.078],[-57.983,-22.071],[-57.984,-22.064],[-57.988,-22.059],[-57.994,-22.056],[-58.001,-22.054],[-58.007,-22.05],[-58.01,-22.045],[-58.008,-22.034],[-58.006,-22.031],[-57.995,-22.025],[-57.984,-22.02],[-57.975,-22.015],[-57.969,-22.01],[-57.965,-22.001],[-57.965,-21.984],[-57.963,-21.978],[-57.955,-21.966],[-57.945,-21.944],[-57.937,-21.928],[-57.937,-21.92],[-57.938,-21.915],[-57.948,-21.911],[-57.95,-21.907],[-57.948,-21.9],[-57.943,-21.897],[-57.936,-21.889],[-57.933,-21.888],[-57.926,-21.891],[-57.917,-21.889],[-57.914,-21.885],[-57.914,-21.88],[-57.916,-21.876],[-57.933,-21.867],[-57.96,-21.853],[-57.97,-21.851],[-57.972,-21.846],[-57.97,-21.844],[-57.96,-21.842],[-57.95,-21.839],[-57.943,-21.835],[-57.936,-21.83],[-57.931,-21.825],[-57.925,-21.809],[-57.914,-21.79],[-57.912,-21.781],[-57.908,-21.774],[-57.911,-21.77],[-57.917,-21.769],[-57.927,-21.767],[-57.94,-21.758],[-57.946,-21.752],[-57.947,-21.746],[-57.946,-21.74],[-57.941,-21.733],[-57.931,-21.726],[-57.908,-21.713],[-57.899,-21.706],[-57.893,-21.7],[-57.883,-21.689],[-57.885,-21.684],[-57.89,-21.681],[-57.897,-21.678],[-57.911,-21.67],[-57.92,-21.666],[-57.93,-21.657],[-57.937,-21.645],[-57.943,-21.629],[-57.942,-21.621],[-57.938,-21.615],[-57.924,-21.602],[-57.915,-21.596],[-57.914,-21.59],[-57.919,-21.582],[-57.923,-21.579],[-57.936,-21.574],[-57.951,-21.57],[-57.957,-21.567],[-57.962,-21.562],[-57.966,-21.552],[-57.969,-21.535],[-57.968,-21.521],[-57.965,-21.515],[-57.96,-21.51],[-57.947,-21.499],[-57.94,-21.491],[-57.934,-21.484],[-57.927,-21.469],[-57.925,-21.462],[-57.927,-21.45],[-57.92,-21.438],[-57.915,-21.429],[-57.91,-21.421],[-57.91,-21.408],[-57.908,-21.403],[-57.897,-21.384],[-57.892,-21.378],[-57.867,-21.357],[-57.861,-21.351],[-57.857,-21.342],[-57.854,-21.332],[-57.853,-21.32],[-57.855,-21.317],[-57.869,-21.314],[-57.885,-21.309],[-57.895,-21.307],[-57.906,-21.301],[-57.915,-21.292],[-57.92,-21.285],[-57.921,-21.278],[-57.912,-21.271],[-57.906,-21.266],[-57.877,-21.248],[-57.868,-21.239],[-57.857,-21.233],[-57.853,-21.227],[-57.851,-21.218],[-57.848,-21.195],[-57.849,-21.188],[-57.852,-21.18],[-57.86,-21.158],[-57.865,-21.136],[-57.863,-21.13],[-57.859,-21.124],[-57.854,-21.114],[-57.847,-21.101],[-57.846,-21.097],[-57.851,-21.089],[-57.857,-21.078],[-57.866,-21.067],[-57.868,-21.06],[-57.869,-21.046],[-57.866,-21.039],[-57.858,-21.031],[-57.846,-21.017],[-57.841,-21.006],[-57.827,-20.989],[-57.818,-20.981],[-57.817,-20.978],[-57.822,-20.972],[-57.825,-20.965],[-57.824,-20.958],[-57.819,-20.948],[-57.82,-20.938],[-57.825,-20.934],[-57.829,-20.934],[-57.834,-20.936],[-57.842,-20.943],[-57.844,-20.946],[-57.851,-20.949],[-57.857,-20.949],[-57.864,-20.949],[-57.872,-20.944],[-57.875,-20.94],[-57.878,-20.929],[-57.88,-20.919],[-57.882,-20.915],[-57.887,-20.909],[-57.892,-20.904],[-57.902,-20.902],[-57.916,-20.905],[-57.922,-20.904],[-57.926,-20.903],[-57.929,-20.895],[-57.927,-20.892],[-57.915,-20.883],[-57.908,-20.881],[-57.892,-20.87],[-57.884,-20.863],[-57.873,-20.854],[-57.862,-20.854],[-57.858,-20.851],[-57.854,-20.841],[-57.855,-20.836],[-57.859,-20.825],[-57.863,-20.819],[-57.868,-20.815],[-57.874,-20.807],[-57.885,-20.799],[-57.893,-20.791],[-57.899,-20.789],[-57.906,-20.788],[-57.911,-20.789],[-57.922,-20.795],[-57.93,-20.798],[-57.941,-20.801],[-57.952,-20.8],[-57.959,-20.798],[-57.962,-20.793],[-57.959,-20.787],[-57.954,-20.781],[-57.95,-20.765],[-57.946,-20.758],[-57.941,-20.752],[-57.934,-20.746],[-57.92,-20.744],[-57.896,-20.748],[-57.874,-20.751],[-57.868,-20.749],[-57.865,-20.746],[-57.865,-20.742],[-57.868,-20.735],[-57.87,-20.725],[-57.878,-20.714],[-57.894,-20.697],[-57.903,-20.69],[-57.914,-20.671],[-57.919,-20.666],[-57.923,-20.665],[-57.929,-20.664],[-57.933,-20.666],[-57.937,-20.67],[-57.947,-20.69],[-57.95,-20.698],[-57.954,-20.702],[-57.958,-20.705],[-57.967,-20.704],[-57.975,-20.706],[-57.981,-20.706],[-57.985,-20.703],[-57.988,-20.7],[-57.989,-20.694],[-57.988,-20.687],[-57.981,-20.675],[-57.978,-20.668],[-57.97,-20.644],[-57.971,-20.642],[-57.979,-20.638],[-57.985,-20.637],[-57.996,-20.632],[-57.999,-20.629],[-58.011,-20.616],[-58.013,-20.608],[-58.011,-20.599],[-58.007,-20.589],[-57.999,-20.579],[-57.997,-20.572],[-58.002,-20.565],[-58.007,-20.548],[-58.016,-20.529],[-58.02,-20.514],[-58.02,-20.51],[-58.018,-20.503],[-58.017,-20.491],[-58.014,-20.48],[-58.007,-20.468],[-57.999,-20.456],[-57.997,-20.451],[-57.996,-20.443],[-57.998,-20.437],[-58.004,-20.427],[-58.016,-20.413],[-58.022,-20.402],[-58.025,-20.4],[-58.04,-20.399],[-58.055,-20.395],[-58.062,-20.393],[-58.073,-20.388],[-58.076,-20.385],[-58.084,-20.372],[-58.094,-20.351],[-58.097,-20.336],[-58.101,-20.328],[-58.103,-20.321],[-58.101,-20.314],[-58.095,-20.301],[-58.091,-20.285],[-58.09,-20.277],[-58.09,-20.265],[-58.093,-20.259],[-58.097,-20.254],[-58.102,-20.251],[-58.108,-20.249],[-58.115,-20.249],[-58.12,-20.25],[-58.127,-20.253],[-58.135,-20.262],[-58.137,-20.269],[-58.145,-20.272],[-58.15,-20.27],[-58.159,-20.264],[-58.162,-20.257],[-58.166,-20.237],[-58.166,-20.232],[-58.164,-20.227],[-58.154,-20.216],[-58.148,-20.212],[-58.132,-20.207],[-58.124,-20.202],[-58.122,-20.194],[-58.124,-20.19],[-58.127,-20.185],[-58.133,-20.182],[-58.146,-20.181],[-58.155,-20.182],[-58.159,-20.181],[-58.166,-20.177],[-58.169,-20.172],[-58.169,-20.166],[-58.165,-20.161],[-58.153,-20.153],[-58.149,-20.152],[-58.133,-20.152],[-58.117,-20.147],[-58.114,-20.143],[-58.107,-20.128],[-58.101,-20.121],[-58.095,-20.11],[-58.088,-20.107],[-58.075,-20.105],[-58.071,-20.106],[-58.062,-20.108],[-58.054,-20.108],[-58.048,-20.105],[-58.044,-20.1],[-58.039,-20.082],[-58.038,-20.077],[-58.036,-20.068],[-58.032,-20.063],[-58.024,-20.059],[-58.009,-20.058],[-58.001,-20.056],[-57.989,-20.059],[-57.986,-20.058],[-57.979,-20.055],[-57.975,-20.052],[-57.971,-20.045],[-57.967,-20.034],[-57.963,-20.027],[-57.958,-20.023],[-57.95,-20.02],[-57.939,-20.019],[-57.93,-20.022],[-57.921,-20.03],[-57.906,-20.043],[-57.903,-20.042],[-57.892,-20.022],[-57.882,-20.01],[-57.867,-19.99],[-57.864,-19.981],[-57.859,-19.972],[-57.931,-19.915],[-57.998,-19.863],[-58.131,-19.759],[-58.052,-19.594],[-58.032,-19.553],[-58.018,-19.524],[-58.007,-19.5],[-58.001,-19.487],[-57.966,-19.414],[-57.888,-19.253],[-57.831,-19.134],[-57.783,-19.035],[-57.77,-19.034],[-57.743,-19.034],[-57.724,-19.035],[-57.71,-19.035],[-57.708,-19.026],[-57.704,-19.022],[-57.698,-19.011],[-57.693,-19.011],[-57.693,-19.009],[-57.698,-19.008],[-57.7,-19.005],[-57.697,-18.997],[-57.702,-18.993],[-57.704,-18.987],[-57.708,-18.984],[-57.711,-18.979],[-57.715,-18.977],[-57.719,-18.978],[-57.72,-18.899],[-57.767,-18.899],[-57.558,-18.241],[-57.455,-18.233],[-57.454,-18.231],[-57.457,-18.23],[-57.457,-18.225],[-57.461,-18.226],[-57.469,-18.223],[-57.47,-18.219],[-57.476,-18.216],[-57.473,-18.215],[-57.476,-18.21],[-57.481,-18.208],[-57.478,-18.203],[-57.481,-18.198],[-57.484,-18.197],[-57.486,-18.2],[-57.491,-18.203],[-57.495,-18.199],[-57.502,-18.196],[-57.505,-18.199],[-57.574,-18.132],[-57.6,-18.043],[-57.633,-17.986],[-57.721,-17.829],[-57.684,-17.829],[-57.684,-17.809],[-57.719,-17.773],[-57.711,-17.729],[-57.72,-17.721],[-57.728,-17.721],[-57.734,-17.716],[-57.738,-17.702],[-57.742,-17.694],[-57.75,-17.696],[-57.752,-17.694],[-57.753,-17.684],[-57.756,-17.678],[-57.757,-17.671],[-57.763,-17.661],[-57.769,-17.661],[-57.776,-17.658],[-57.777,-17.65],[-57.781,-17.647],[-57.781,-17.64],[-57.783,-17.637],[-57.774,-17.626],[-57.773,-17.614],[-57.776,-17.613],[-57.78,-17.616],[-57.782,-17.616],[-57.784,-17.608],[-57.778,-17.605],[-57.775,-17.599],[-57.777,-17.597],[-57.787,-17.596],[-57.787,-17.594],[-57.782,-17.594],[-57.777,-17.587],[-57.779,-17.586],[-57.79,-17.588],[-57.791,-17.585],[-57.786,-17.581],[-57.781,-17.58],[-57.784,-17.576],[-57.785,-17.571],[-57.796,-17.565],[-57.8,-17.56],[-57.792,-17.56],[-57.78,-17.562],[-57.771,-17.562],[-57.767,-17.563],[-57.769,-17.567],[-57.765,-17.569],[-57.754,-17.567],[-57.748,-17.558],[-57.744,-17.543],[-57.74,-17.536],[-57.733,-17.531],[-57.728,-17.53],[-57.719,-17.537],[-57.717,-17.541],[-57.712,-17.543],[-57.712,-17.559],[-57.71,-17.563],[-57.711,-17.566],[-57.709,-17.571],[-57.706,-17.575],[-57.702,-17.578],[-57.701,-17.583],[-57.704,-17.59],[-57.702,-17.595],[-57.697,-17.601],[-57.702,-17.601],[-57.7,-17.611],[-57.697,-17.615],[-57.697,-17.621],[-57.691,-17.629],[-57.688,-17.628],[-57.687,-17.637],[-57.691,-17.639],[-57.687,-17.643],[-57.683,-17.643],[-57.682,-17.651],[-57.677,-17.652],[-57.679,-17.658],[-57.672,-17.664],[-57.672,-17.671],[-57.669,-17.672],[-57.672,-17.674],[-57.672,-17.682],[-57.678,-17.683],[-57.681,-17.685],[-57.683,-17.696],[-57.68,-17.704],[-57.685,-17.71],[-57.685,-17.716],[-57.672,-17.72],[-57.672,-17.728],[-57.667,-17.726],[-57.664,-17.73],[-57.652,-17.726],[-57.646,-17.724],[-57.645,-17.719],[-57.64,-17.717],[-57.631,-17.728],[-57.628,-17.732],[-57.623,-17.736],[-57.619,-17.748],[-57.613,-17.749],[-57.612,-17.752],[-57.619,-17.753],[-57.62,-17.756],[-57.615,-17.767],[-57.61,-17.771],[-57.603,-17.772],[-57.601,-17.777],[-57.603,-17.779],[-57.613,-17.779],[-57.612,-17.788],[-57.609,-17.798],[-57.606,-17.802],[-57.602,-17.805],[-57.587,-17.801],[-57.576,-17.801],[-57.575,-17.804],[-57.574,-17.813],[-57.57,-17.817],[-57.562,-17.815],[-57.558,-17.816],[-57.552,-17.828],[-57.543,-17.832],[-57.531,-17.839],[-57.531,-17.845],[-57.535,-17.852],[-57.531,-17.856],[-57.522,-17.859],[-57.516,-17.863],[-57.509,-17.864],[-57.504,-17.862],[-57.494,-17.861],[-57.485,-17.862],[-57.478,-17.859],[-57.479,-17.869],[-57.478,-17.879],[-57.472,-17.885],[-57.467,-17.889],[-57.464,-17.895],[-57.46,-17.9],[-57.452,-17.903],[-57.447,-17.895],[-57.446,-17.892],[-57.448,-17.882],[-57.447,-17.876],[-57.436,-17.87],[-57.432,-17.863],[-57.426,-17.856],[-57.422,-17.854],[-57.417,-17.855],[-57.411,-17.858],[-57.41,-17.854],[-57.403,-17.851],[-57.401,-17.848],[-57.399,-17.84],[-57.397,-17.84],[-57.391,-17.846],[-57.389,-17.846],[-57.385,-17.843],[-57.382,-17.839],[-57.38,-17.827],[-57.376,-17.826],[-57.368,-17.826],[-57.363,-17.834],[-57.356,-17.837],[-57.35,-17.837],[-57.347,-17.834],[-57.342,-17.836],[-57.343,-17.831],[-57.337,-17.832],[-57.325,-17.829],[-57.325,-17.825],[-57.321,-17.823],[-57.318,-17.819],[-57.311,-17.818],[-57.309,-17.812],[-57.306,-17.811],[-57.3,-17.817],[-57.294,-17.813],[-57.29,-17.812],[-57.288,-17.814],[-57.293,-17.82],[-57.29,-17.822],[-57.283,-17.823],[-57.285,-17.815],[-57.284,-17.813],[-57.277,-17.815],[-57.275,-17.817],[-57.265,-17.82],[-57.257,-17.816],[-57.253,-17.811],[-57.237,-17.813],[-57.233,-17.812],[-57.232,-17.809],[-57.236,-17.808],[-57.245,-17.806],[-57.252,-17.798],[-57.252,-17.793],[-57.249,-17.794],[-57.244,-17.798],[-57.24,-17.796],[-57.235,-17.788],[-57.23,-17.79],[-57.228,-17.789],[-57.229,-17.785],[-57.225,-17.783],[-57.218,-17.787],[-57.211,-17.789],[-57.201,-17.789],[-57.191,-17.786],[-57.175,-17.776],[-57.16,-17.779],[-57.154,-17.777],[-57.148,-17.769],[-57.144,-17.768],[-57.135,-17.774],[-57.128,-17.774],[-57.124,-17.778],[-57.119,-17.781],[-57.114,-17.78],[-57.115,-17.774],[-57.112,-17.771],[-57.109,-17.773],[-57.101,-17.772],[-57.097,-17.768],[-57.096,-17.761],[-57.093,-17.754],[-57.089,-17.751],[-57.08,-17.749],[-57.075,-17.737],[-57.071,-17.735],[-57.064,-17.735],[-57.06,-17.731],[-57.057,-17.729],[-57.052,-17.732],[-57.048,-17.733],[-57.044,-17.729],[-57.042,-17.722],[-57.037,-17.711],[-57.037,-17.704],[-57.033,-17.695],[-57.025,-17.694],[-57.019,-17.692],[-57.02,-17.685],[-57.015,-17.68],[-57.013,-17.672],[-57.01,-17.67],[-57.0,-17.671],[-56.995,-17.665],[-56.988,-17.659],[-56.985,-17.645],[-56.981,-17.639],[-56.977,-17.637],[-56.974,-17.628],[-56.965,-17.622],[-56.959,-17.613],[-56.959,-17.606],[-56.966,-17.607],[-56.973,-17.614],[-56.979,-17.613],[-56.982,-17.61],[-56.983,-17.605],[-56.981,-17.602],[-56.976,-17.596],[-56.982,-17.58],[-56.973,-17.58],[-56.97,-17.578],[-56.967,-17.571],[-56.96,-17.57],[-56.952,-17.569],[-56.947,-17.565],[-56.946,-17.555],[-56.942,-17.55],[-56.934,-17.549],[-56.924,-17.542],[-56.92,-17.542],[-56.915,-17.539],[-56.91,-17.533],[-56.906,-17.534],[-56.901,-17.538],[-56.896,-17.539],[-56.89,-17.537],[-56.883,-17.537],[-56.88,-17.532],[-56.876,-17.533],[-56.875,-17.525],[-56.87,-17.521],[-56.871,-17.516],[-56.867,-17.515],[-56.861,-17.505],[-56.866,-17.5],[-56.867,-17.495],[-56.865,-17.49],[-56.862,-17.484],[-56.858,-17.483],[-56.851,-17.487],[-56.848,-17.484],[-56.846,-17.481],[-56.85,-17.471],[-56.848,-17.464],[-56.845,-17.462],[-56.832,-17.464],[-56.825,-17.459],[-56.825,-17.453],[-56.832,-17.448],[-56.837,-17.447],[-56.841,-17.442],[-56.839,-17.438],[-56.833,-17.435],[-56.828,-17.439],[-56.823,-17.438],[-56.82,-17.43],[-56.824,-17.423],[-56.83,-17.422],[-56.834,-17.423],[-56.842,-17.418],[-56.84,-17.415],[-56.831,-17.41],[-56.829,-17.401],[-56.83,-17.393],[-56.829,-17.39],[-56.821,-17.391],[-56.815,-17.39],[-56.804,-17.387],[-56.796,-17.39],[-56.791,-17.391],[-56.786,-17.388],[-56.789,-17.38],[-56.789,-17.374],[-56.784,-17.369],[-56.767,-17.365],[-56.763,-17.361],[-56.761,-17.352],[-56.762,-17.349],[-56.769,-17.344],[-56.769,-17.341],[-56.759,-17.339],[-56.757,-17.337],[-56.758,-17.327],[-56.755,-17.325],[-56.749,-17.328],[-56.743,-17.327],[-56.739,-17.324],[-56.737,-17.321],[-56.736,-17.313],[-56.734,-17.31],[-56.718,-17.308],[-56.716,-17.317],[-56.714,-17.319],[-56.707,-17.317],[-56.702,-17.32],[-56.694,-17.317],[-56.692,-17.318],[-56.693,-17.322],[-56.696,-17.325],[-56.694,-17.327],[-56.691,-17.325],[-56.683,-17.317],[-56.674,-17.325],[-56.674,-17.332],[-56.673,-17.335],[-56.662,-17.339],[-56.655,-17.332],[-56.663,-17.327],[-56.661,-17.322],[-56.657,-17.321],[-56.651,-17.327],[-56.648,-17.339],[-56.644,-17.337],[-56.642,-17.331],[-56.649,-17.326],[-56.649,-17.319],[-56.647,-17.317],[-56.645,-17.322],[-56.641,-17.327],[-56.63,-17.334],[-56.628,-17.331],[-56.629,-17.324],[-56.625,-17.322],[-56.62,-17.322],[-56.617,-17.324],[-56.612,-17.332],[-56.61,-17.332],[-56.606,-17.329],[-56.596,-17.333],[-56.585,-17.329],[-56.577,-17.331],[-56.575,-17.328],[-56.578,-17.325],[-56.579,-17.32],[-56.577,-17.317],[-56.568,-17.315],[-56.551,-17.323],[-56.548,-17.322],[-56.542,-17.317],[-56.531,-17.313],[-56.529,-17.321],[-56.526,-17.321],[-56.524,-17.312],[-56.52,-17.31],[-56.514,-17.313],[-56.512,-17.306],[-56.505,-17.305],[-56.511,-17.302],[-56.514,-17.298],[-56.515,-17.293],[-56.513,-17.292],[-56.508,-17.295],[-56.504,-17.293],[-56.503,-17.287],[-56.499,-17.29],[-56.499,-17.298],[-56.497,-17.299],[-56.49,-17.298],[-56.477,-17.305],[-56.473,-17.31],[-56.471,-17.309],[-56.471,-17.303],[-56.468,-17.302],[-56.465,-17.305],[-56.466,-17.314],[-56.461,-17.316],[-56.456,-17.31],[-56.451,-17.312],[-56.451,-17.326],[-56.448,-17.33],[-56.444,-17.332],[-56.441,-17.33],[-56.435,-17.321],[-56.43,-17.317],[-56.424,-17.316],[-56.417,-17.312],[-56.413,-17.317],[-56.408,-17.316],[-56.405,-17.313],[-56.403,-17.306],[-56.395,-17.305],[-56.389,-17.302],[-56.387,-17.299],[-56.385,-17.29],[-56.383,-17.288],[-56.373,-17.284],[-56.365,-17.284],[-56.361,-17.281],[-56.362,-17.272],[-56.36,-17.269],[-56.354,-17.267],[-56.349,-17.269],[-56.343,-17.273],[-56.345,-17.276],[-56.35,-17.275],[-56.352,-17.276],[-56.347,-17.281],[-56.344,-17.285],[-56.336,-17.29],[-56.335,-17.282],[-56.332,-17.282],[-56.326,-17.286],[-56.323,-17.286],[-56.323,-17.276],[-56.32,-17.273],[-56.314,-17.269],[-56.309,-17.27],[-56.308,-17.273],[-56.298,-17.277],[-56.295,-17.271],[-56.287,-17.27],[-56.285,-17.266],[-56.282,-17.263],[-56.28,-17.259],[-56.281,-17.256],[-56.287,-17.249],[-56.283,-17.247],[-56.274,-17.248],[-56.268,-17.248],[-56.272,-17.245],[-56.272,-17.241],[-56.269,-17.24],[-56.258,-17.245],[-56.257,-17.244],[-56.258,-17.238],[-56.262,-17.233],[-56.259,-17.229],[-56.256,-17.234],[-56.252,-17.232],[-56.255,-17.222],[-56.251,-17.219],[-56.248,-17.219],[-56.238,-17.222],[-56.234,-17.227],[-56.229,-17.227],[-56.221,-17.229],[-56.221,-17.225],[-56.223,-17.221],[-56.22,-17.22],[-56.213,-17.226],[-56.209,-17.227],[-56.209,-17.223],[-56.213,-17.217],[-56.214,-17.213],[-56.212,-17.21],[-56.205,-17.214],[-56.2,-17.206],[-56.198,-17.206],[-56.19,-17.211],[-56.189,-17.209],[-56.188,-17.202],[-56.184,-17.195],[-56.186,-17.19],[-56.183,-17.189],[-56.18,-17.194],[-56.175,-17.195],[-56.171,-17.189],[-56.167,-17.193],[-56.163,-17.195],[-56.157,-17.187],[-56.153,-17.185],[-56.145,-17.185],[-56.144,-17.189],[-56.14,-17.191],[-56.136,-17.189],[-56.138,-17.185],[-56.141,-17.181],[-56.138,-17.179],[-56.133,-17.181],[-56.129,-17.179],[-56.127,-17.175],[-56.121,-17.176],[-56.119,-17.174],[-56.116,-17.169],[-56.112,-17.166],[-56.102,-17.174],[-56.097,-17.174],[-56.083,-17.178],[-56.077,-17.173],[-56.07,-17.17],[-56.068,-17.175],[-56.062,-17.171],[-56.058,-17.175],[-56.056,-17.182],[-56.051,-17.187],[-56.047,-17.185],[-56.047,-17.181],[-56.05,-17.172],[-56.044,-17.171],[-56.038,-17.177],[-56.035,-17.183],[-56.03,-17.187],[-56.016,-17.19],[-56.011,-17.198],[-56.006,-17.204],[-56.008,-17.207],[-56.017,-17.209],[-56.02,-17.211],[-56.021,-17.216],[-56.017,-17.218],[-56.013,-17.214],[-56.009,-17.214],[-56.009,-17.217],[-56.012,-17.22],[-56.013,-17.223],[-56.012,-17.237],[-56.011,-17.239],[-56.009,-17.236],[-56.004,-17.234],[-56.003,-17.239],[-56.004,-17.245],[-56.001,-17.246],[-55.997,-17.241],[-55.992,-17.24],[-55.987,-17.244],[-55.992,-17.25],[-55.992,-17.255],[-55.991,-17.257],[-55.986,-17.258],[-55.983,-17.25],[-55.978,-17.247],[-55.976,-17.252],[-55.974,-17.254],[-55.967,-17.255],[-55.96,-17.25],[-55.955,-17.25],[-55.951,-17.251],[-55.955,-17.254],[-55.956,-17.256],[-55.95,-17.263],[-55.947,-17.271],[-55.941,-17.278],[-55.938,-17.279],[-55.931,-17.274],[-55.931,-17.265],[-55.926,-17.258],[-55.92,-17.264],[-55.917,-17.265],[-55.909,-17.263],[-55.902,-17.264],[-55.889,-17.263],[-55.887,-17.264],[-55.887,-17.267],[-55.894,-17.268],[-55.9,-17.27],[-55.902,-17.273],[-55.899,-17.277],[-55.891,-17.272],[-55.89,-17.275],[-55.892,-17.278],[-55.892,-17.281],[-55.887,-17.285],[-55.879,-17.284],[-55.876,-17.281],[-55.88,-17.273],[-55.875,-17.269],[-55.87,-17.275],[-55.863,-17.278],[-55.858,-17.284],[-55.853,-17.279],[-55.851,-17.281],[-55.851,-17.29],[-55.845,-17.299],[-55.842,-17.301],[-55.838,-17.301],[-55.837,-17.295],[-55.835,-17.291],[-55.829,-17.289],[-55.826,-17.292],[-55.829,-17.296],[-55.832,-17.302],[-55.829,-17.306],[-55.826,-17.307],[-55.821,-17.298],[-55.818,-17.297],[-55.807,-17.298],[-55.803,-17.301],[-55.805,-17.309],[-55.799,-17.314],[-55.79,-17.327],[-55.784,-17.33],[-55.785,-17.325],[-55.781,-17.321],[-55.777,-17.324],[-55.775,-17.33],[-55.773,-17.332],[-55.771,-17.328],[-55.767,-17.325],[-55.761,-17.324],[-55.755,-17.328],[-55.75,-17.331],[-55.744,-17.331],[-55.74,-17.337],[-55.734,-17.338],[-55.73,-17.34],[-55.726,-17.346],[-55.723,-17.349],[-55.72,-17.349],[-55.716,-17.343],[-55.709,-17.338],[-55.707,-17.338],[-55.708,-17.343],[-55.704,-17.352],[-55.701,-17.354],[-55.701,-17.351],[-55.696,-17.347],[-55.693,-17.34],[-55.689,-17.34],[-55.689,-17.346],[-55.686,-17.351],[-55.682,-17.349],[-55.683,-17.341],[-55.681,-17.339],[-55.675,-17.34],[-55.673,-17.349],[-55.668,-17.351],[-55.657,-17.338],[-55.655,-17.34],[-55.656,-17.346],[-55.65,-17.354],[-55.649,-17.358],[-55.645,-17.359],[-55.641,-17.356],[-55.639,-17.35],[-55.645,-17.343],[-55.643,-17.339],[-55.637,-17.343],[-55.638,-17.347],[-55.636,-17.353],[-55.626,-17.364],[-55.612,-17.367],[-55.615,-17.362],[-55.612,-17.36],[-55.606,-17.365],[-55.593,-17.374],[-55.589,-17.373],[-55.586,-17.374],[-55.588,-17.379],[-55.583,-17.379],[-55.585,-17.386],[-55.586,-17.391],[-55.583,-17.394],[-55.587,-17.398],[-55.58,-17.401],[-55.587,-17.403],[-55.586,-17.409],[-55.589,-17.414],[-55.587,-17.416],[-55.587,-17.422],[-55.583,-17.419],[-55.575,-17.419],[-55.577,-17.424],[-55.575,-17.435],[-55.568,-17.435],[-55.564,-17.44],[-55.56,-17.44],[-55.556,-17.443],[-55.55,-17.447],[-55.551,-17.449],[-55.556,-17.448],[-55.557,-17.452],[-55.555,-17.454],[-55.549,-17.453],[-55.543,-17.457],[-55.544,-17.461],[-55.54,-17.46],[-55.537,-17.464],[-55.537,-17.468],[-55.533,-17.466],[-55.527,-17.472],[-55.521,-17.473],[-55.525,-17.477],[-55.524,-17.481],[-55.521,-17.48],[-55.515,-17.484],[-55.509,-17.483],[-55.506,-17.481],[-55.504,-17.483],[-55.506,-17.486],[-55.499,-17.483],[-55.498,-17.487],[-55.493,-17.483],[-55.49,-17.485],[-55.488,-17.48],[-55.483,-17.479],[-55.477,-17.484],[-55.473,-17.481],[-55.472,-17.484],[-55.465,-17.487],[-55.463,-17.492],[-55.459,-17.494],[-55.459,-17.5],[-55.454,-17.5],[-55.454,-17.508],[-55.444,-17.512],[-55.445,-17.506],[-55.433,-17.512],[-55.428,-17.509],[-55.423,-17.51],[-55.423,-17.514],[-55.42,-17.512],[-55.416,-17.515],[-55.405,-17.512],[-55.399,-17.516],[-55.392,-17.517],[-55.391,-17.521],[-55.387,-17.519],[-55.383,-17.525],[-55.381,-17.524],[-55.377,-17.515],[-55.373,-17.522],[-55.367,-17.524],[-55.362,-17.527],[-55.359,-17.526],[-55.354,-17.532],[-55.354,-17.541],[-55.352,-17.543],[-55.352,-17.548],[-55.348,-17.547],[-55.339,-17.549],[-55.338,-17.545],[-55.336,-17.549],[-55.332,-17.549],[-55.328,-17.552],[-55.324,-17.553],[-55.324,-17.55],[-55.33,-17.548],[-55.326,-17.546],[-55.323,-17.542],[-55.32,-17.545],[-55.31,-17.545],[-55.306,-17.543],[-55.3,-17.541],[-55.294,-17.542],[-55.292,-17.545],[-55.297,-17.551],[-55.29,-17.55],[-55.284,-17.552],[-55.29,-17.56],[-55.283,-17.557],[-55.281,-17.563],[-55.274,-17.565],[-55.275,-17.559],[-55.271,-17.56],[-55.269,-17.557],[-55.267,-17.561],[-55.263,-17.565],[-55.267,-17.566],[-55.264,-17.572],[-55.264,-17.578],[-55.258,-17.574],[-55.254,-17.577],[-55.255,-17.582],[-55.251,-17.583],[-55.25,-17.587],[-55.252,-17.592],[-55.245,-17.591],[-55.249,-17.595],[-55.246,-17.596],[-55.245,-17.6],[-55.243,-17.602],[-55.243,-17.594],[-55.24,-17.6],[-55.237,-17.6],[-55.237,-17.596],[-55.235,-17.598],[-55.232,-17.596],[-55.228,-17.601],[-55.227,-17.599],[-55.225,-17.602],[-55.218,-17.608],[-55.217,-17.611],[-55.219,-17.613],[-55.224,-17.609],[-55.225,-17.612],[-55.221,-17.617],[-55.209,-17.616],[-55.205,-17.614],[-55.203,-17.618],[-55.2,-17.617],[-55.194,-17.62],[-55.194,-17.628],[-55.191,-17.628],[-55.187,-17.621],[-55.184,-17.62],[-55.185,-17.624],[-55.181,-17.625],[-55.174,-17.631],[-55.176,-17.634],[-55.173,-17.636],[-55.167,-17.634],[-55.172,-17.638],[-55.171,-17.641],[-55.166,-17.637],[-55.163,-17.638],[-55.163,-17.642],[-55.149,-17.643],[-55.142,-17.639],[-55.144,-17.645],[-55.139,-17.648],[-55.137,-17.65],[-55.127,-17.653],[-55.123,-17.649],[-55.118,-17.649],[-55.116,-17.644],[-55.114,-17.644],[-55.111,-17.631],[-55.109,-17.629],[-55.104,-17.628],[-55.101,-17.631],[-55.097,-17.628],[-55.098,-17.632],[-55.093,-17.636],[-55.088,-17.633],[-55.087,-17.63],[-55.08,-17.633],[-55.077,-17.631],[-55.073,-17.632],[-55.069,-17.637],[-55.064,-17.642],[-55.063,-17.639],[-55.055,-17.642],[-55.055,-17.639],[-55.047,-17.64],[-55.045,-17.636],[-55.043,-17.639],[-55.033,-17.638],[-55.032,-17.641],[-55.027,-17.636],[-55.023,-17.638],[-55.023,-17.635],[-55.019,-17.636],[-55.016,-17.63],[-55.015,-17.633],[-55.011,-17.634],[-55.011,-17.629],[-55.008,-17.633],[-55.0,-17.637],[-54.998,-17.635],[-54.996,-17.638],[-54.992,-17.638],[-54.993,-17.633],[-54.989,-17.633],[-54.989,-17.63],[-54.985,-17.624],[-54.983,-17.626],[-54.979,-17.625],[-54.976,-17.622],[-54.974,-17.617],[-54.973,-17.62],[-54.966,-17.621],[-54.967,-17.616],[-54.963,-17.615],[-54.961,-17.618],[-54.954,-17.616],[-54.954,-17.614],[-54.944,-17.613],[-54.943,-17.609],[-54.931,-17.611],[-54.929,-17.61],[-54.92,-17.61],[-54.914,-17.608],[-54.91,-17.61],[-54.902,-17.612],[-54.897,-17.62],[-54.892,-17.621],[-54.888,-17.618],[-54.881,-17.617],[-54.877,-17.618],[-54.867,-17.62],[-54.864,-17.623],[-54.861,-17.624],[-54.856,-17.621],[-54.852,-17.613],[-54.839,-17.614],[-54.83,-17.609],[-54.825,-17.61],[-54.82,-17.603],[-54.821,-17.597],[-54.815,-17.596],[-54.808,-17.588],[-54.801,-17.583],[-54.797,-17.581],[-54.792,-17.582],[-54.786,-17.577],[-54.781,-17.575],[-54.779,-17.571],[-54.768,-17.568],[-54.763,-17.569],[-54.759,-17.566],[-54.76,-17.56],[-54.757,-17.56],[-54.762,-17.554],[-54.756,-17.545],[-54.757,-17.534],[-54.752,-17.527],[-54.75,-17.523],[-54.747,-17.52],[-54.74,-17.52],[-54.738,-17.518],[-54.73,-17.516],[-54.728,-17.518],[-54.721,-17.519],[-54.718,-17.517],[-54.715,-17.513],[-54.71,-17.51],[-54.702,-17.508],[-54.7,-17.505],[-54.7,-17.497],[-54.696,-17.504],[-54.69,-17.503],[-54.686,-17.507],[-54.681,-17.507],[-54.677,-17.502],[-54.669,-17.504],[-54.667,-17.501],[-54.657,-17.497],[-54.656,-17.491],[-54.652,-17.49],[-54.651,-17.493],[-54.646,-17.491],[-54.636,-17.496],[-54.626,-17.491],[-54.619,-17.488],[-54.617,-17.49],[-54.615,-17.489],[-54.607,-17.487],[-54.599,-17.483],[-54.595,-17.479],[-54.589,-17.477],[-54.583,-17.469],[-54.58,-17.468],[-54.578,-17.473],[-54.571,-17.476],[-54.57,-17.473],[-54.567,-17.476],[-54.57,-17.48],[-54.569,-17.483],[-54.563,-17.479],[-54.559,-17.484],[-54.556,-17.485],[-54.554,-17.489],[-54.55,-17.485],[-54.547,-17.485],[-54.541,-17.482],[-54.536,-17.478],[-54.533,-17.48],[-54.527,-17.478],[-54.524,-17.482],[-54.517,-17.48],[-54.511,-17.483],[-54.508,-17.479],[-54.502,-17.481],[-54.498,-17.486],[-54.493,-17.486],[-54.491,-17.489],[-54.485,-17.489],[-54.481,-17.488],[-54.483,-17.494],[-54.479,-17.497],[-54.474,-17.498],[-54.48,-17.508],[-54.473,-17.51],[-54.478,-17.514],[-54.472,-17.519],[-54.469,-17.527],[-54.465,-17.53],[-54.459,-17.53],[-54.453,-17.534],[-54.447,-17.533],[-54.443,-17.534],[-54.434,-17.535],[-54.429,-17.539],[-54.426,-17.537],[-54.421,-17.536],[-54.421,-17.539],[-54.414,-17.545],[-54.414,-17.552],[-54.411,-17.551],[-54.405,-17.555],[-54.406,-17.562],[-54.404,-17.565],[-54.393,-17.566],[-54.392,-17.571],[-54.385,-17.573],[-54.383,-17.572],[-54.381,-17.576],[-54.383,-17.579],[-54.386,-17.581],[-54.386,-17.586],[-54.383,-17.588],[-54.38,-17.594],[-54.385,-17.601],[-54.381,-17.601],[-54.383,-17.606],[-54.374,-17.609],[-54.377,-17.61],[-54.378,-17.614],[-54.381,-17.62],[-54.383,-17.627],[-54.388,-17.632],[-54.387,-17.635],[-54.383,-17.636],[-54.38,-17.64],[-54.378,-17.638],[-54.373,-17.642],[-54.372,-17.645],[-54.361,-17.648],[-54.353,-17.651],[-54.351,-17.657],[-54.343,-17.656],[-54.341,-17.657],[-54.339,-17.66],[-54.329,-17.659],[-54.321,-17.66],[-54.314,-17.661],[-54.309,-17.659],[-54.302,-17.662],[-54.296,-17.659],[-54.296,-17.655],[-54.292,-17.653],[-54.288,-17.656],[-54.284,-17.653],[-54.275,-17.654],[-54.274,-17.651],[-54.27,-17.652],[-54.267,-17.648],[-54.262,-17.647],[-54.257,-17.644],[-54.255,-17.641],[-54.252,-17.641],[-54.249,-17.636],[-54.245,-17.633],[-54.244,-17.629],[-54.233,-17.627],[-54.231,-17.624],[-54.222,-17.62],[-54.217,-17.621],[-54.209,-17.617],[-54.205,-17.613],[-54.2,-17.615],[-54.196,-17.608],[-54.192,-17.606],[-54.184,-17.606],[-54.179,-17.603],[-54.17,-17.607],[-54.162,-17.607],[-54.157,-17.605],[-54.147,-17.615],[-54.141,-17.611],[-54.139,-17.612],[-54.134,-17.619],[-54.128,-17.617],[-54.123,-17.613],[-54.119,-17.619],[-54.117,-17.616],[-54.112,-17.614],[-54.107,-17.614],[-54.1,-17.613],[-54.094,-17.614],[-54.09,-17.618],[-54.085,-17.619],[-54.084,-17.617],[-54.076,-17.616],[-54.08,-17.611],[-54.079,-17.605],[-54.076,-17.599],[-54.073,-17.597],[-54.073,-17.588],[-54.066,-17.579],[-54.059,-17.576],[-54.055,-17.57],[-54.055,-17.567],[-54.052,-17.563],[-54.052,-17.547],[-54.051,-17.542],[-54.046,-17.537],[-54.049,-17.53],[-54.055,-17.529],[-54.053,-17.523],[-54.058,-17.521],[-54.058,-17.513],[-54.052,-17.506],[-54.049,-17.505],[-54.044,-17.5],[-54.041,-17.501],[-54.04,-17.491],[-54.038,-17.486],[-54.032,-17.482],[-54.023,-17.477],[-54.007,-17.473],[-53.997,-17.471],[-53.995,-17.468],[-53.989,-17.47],[-53.984,-17.474],[-53.979,-17.473],[-53.978,-17.47],[-53.973,-17.472],[-53.971,-17.466],[-53.964,-17.461],[-53.954,-17.459],[-53.952,-17.459],[-53.948,-17.452],[-53.943,-17.45],[-53.934,-17.443],[-53.931,-17.439],[-53.929,-17.431],[-53.926,-17.431],[-53.92,-17.425],[-53.918,-17.42],[-53.915,-17.414],[-53.906,-17.407],[-53.899,-17.402],[-53.898,-17.399],[-53.894,-17.395],[-53.888,-17.393],[-53.884,-17.387],[-53.883,-17.382],[-53.878,-17.375],[-53.872,-17.373],[-53.869,-17.369],[-53.837,-17.359],[-53.831,-17.355],[-53.832,-17.347],[-53.834,-17.345],[-53.835,-17.339],[-53.833,-17.329],[-53.832,-17.326],[-53.831,-17.317],[-53.826,-17.313],[-53.822,-17.299],[-53.82,-17.295],[-53.815,-17.29],[-53.807,-17.288],[-53.791,-17.289],[-53.786,-17.288],[-53.78,-17.277],[-53.774,-17.273],[-53.774,-17.271],[-53.77,-17.262],[-53.766,-17.26],[-53.763,-17.253],[-53.764,-17.251],[-53.763,-17.247],[-53.759,-17.243],[-53.752,-17.244],[-53.747,-17.243],[-53.737,-17.232],[-53.733,-17.231],[-53.725,-17.231],[-53.721,-17.229],[-53.714,-17.23],[-53.705,-17.228],[-53.698,-17.231],[-53.694,-17.234],[-53.695,-17.24],[-53.692,-17.246],[-53.684,-17.252],[-53.68,-17.254],[-53.693,-17.5],[-53.704,-17.661],[-53.705,-17.664],[-53.72,-17.669],[-53.728,-17.664],[-53.734,-17.663],[-53.74,-17.665],[-53.742,-17.669],[-53.749,-17.672],[-53.75,-17.669],[-53.758,-17.671],[-53.757,-17.673],[-53.765,-17.674],[-53.772,-17.673],[-53.778,-17.674],[-53.779,-17.672],[-53.785,-17.676],[-53.794,-17.675],[-53.799,-17.671],[-53.803,-17.673],[-53.806,-17.672],[-53.813,-17.681],[-53.819,-17.684],[-53.825,-17.688],[-53.831,-17.689],[-53.839,-17.69],[-53.844,-17.693],[-53.846,-17.698],[-53.849,-17.697],[-53.856,-17.703],[-53.861,-17.721],[-53.866,-17.727],[-53.875,-17.73],[-53.877,-17.732],[-53.878,-17.739],[-53.886,-17.747],[-53.888,-17.749],[-53.89,-17.755],[-53.894,-17.761],[-53.894,-17.767],[-53.896,-17.769],[-53.895,-17.777],[-53.9,-17.783],[-53.903,-17.788],[-53.907,-17.79],[-53.906,-17.793],[-53.91,-17.798],[-53.91,-17.804],[-53.913,-17.808],[-53.918,-17.811],[-53.921,-17.818],[-53.926,-17.821],[-53.936,-17.832],[-53.937,-17.836],[-53.941,-17.84],[-53.944,-17.85],[-53.948,-17.856],[-53.948,-17.862],[-53.952,-17.869],[-53.955,-17.871],[-53.952,-17.875],[-53.956,-17.883],[-53.954,-17.889],[-53.95,-17.894],[-53.948,-17.899],[-53.951,-17.903],[-53.946,-17.904],[-53.945,-17.907],[-53.952,-17.915],[-53.952,-17.916],[-53.949,-17.917],[-53.949,-17.923],[-53.947,-17.923],[-53.947,-17.918],[-53.944,-17.917],[-53.939,-17.92],[-53.932,-17.913],[-53.922,-17.92],[-53.92,-17.916],[-53.916,-17.918],[-53.913,-17.915],[-53.908,-17.915],[-53.901,-17.917],[-53.905,-17.913],[-53.904,-17.911],[-53.899,-17.909],[-53.89,-17.913],[-53.885,-17.913],[-53.885,-17.916],[-53.881,-17.919],[-53.879,-17.923],[-53.873,-17.922],[-53.875,-17.919],[-53.873,-17.917],[-53.869,-17.923],[-53.87,-17.927],[-53.867,-17.925],[-53.86,-17.921],[-53.86,-17.925],[-53.854,-17.926],[-53.85,-17.929],[-53.851,-17.935],[-53.845,-17.934],[-53.844,-17.938],[-53.841,-17.94],[-53.841,-17.936],[-53.838,-17.935],[-53.838,-17.939],[-53.836,-17.941],[-53.836,-17.947],[-53.834,-17.947],[-53.831,-17.943],[-53.824,-17.95],[-53.825,-17.955],[-53.822,-17.959],[-53.82,-17.963],[-53.819,-17.958],[-53.809,-17.961],[-53.813,-17.964],[-53.812,-17.968],[-53.809,-17.972],[-53.806,-17.968],[-53.804,-17.974],[-53.8,-17.975],[-53.797,-17.979],[-53.797,-17.976],[-53.793,-17.975],[-53.794,-17.981],[-53.789,-17.981],[-53.79,-17.985],[-53.784,-17.996],[-53.782,-17.995],[-53.774,-18.001],[-53.766,-17.999],[-53.751,-17.999],[-53.737,-17.995],[-53.73,-17.998],[-53.727,-18.003],[-53.719,-17.998],[-53.716,-18.0],[-53.716,-18.006],[-53.706,-18.007],[-53.701,-18.006],[-53.692,-18.014],[-53.69,-18.011],[-53.693,-18.007],[-53.69,-18.002],[-53.686,-18.002],[-53.679,-17.995],[-53.676,-17.99],[-53.667,-17.988],[-53.667,-17.986],[-53.662,-17.986],[-53.661,-17.978],[-53.656,-17.979],[-53.652,-17.976],[-53.65,-17.979],[-53.647,-17.977],[-53.643,-17.978],[-53.637,-17.979],[-53.635,-17.977],[-53.631,-17.978],[-53.63,-17.98],[-53.616,-17.979],[-53.616,-17.976],[-53.613,-17.978],[-53.61,-17.984],[-53.609,-17.993],[-53.607,-17.995],[-53.593,-18.001],[-53.593,-18.003],[-53.589,-18.005],[-53.589,-18.01],[-53.584,-18.01],[-53.582,-18.012],[-53.575,-18.013],[-53.569,-18.007],[-53.565,-18.005],[-53.557,-18.006],[-53.558,-18.012],[-53.555,-18.014],[-53.556,-18.016],[-53.548,-18.015],[-53.529,-18.022],[-53.518,-18.021],[-53.514,-18.027],[-53.507,-18.027],[-53.504,-18.03],[-53.502,-18.028],[-53.499,-18.036],[-53.489,-18.038],[-53.486,-18.04],[-53.481,-18.039],[-53.477,-18.036],[-53.474,-18.039],[-53.468,-18.035],[-53.466,-18.024],[-53.464,-18.025],[-53.46,-18.022],[-53.457,-18.011],[-53.458,-18.009],[-53.456,-18.004],[-53.457,-18.0],[-53.449,-17.999],[-53.45,-17.993],[-53.446,-17.993],[-53.446,-17.989],[-53.442,-17.99],[-53.435,-17.985],[-53.433,-17.986],[-53.43,-17.984],[-53.43,-17.988],[-53.426,-17.989],[-53.423,-17.985],[-53.421,-17.986],[-53.418,-17.995],[-53.413,-17.988],[-53.411,-17.993],[-53.406,-17.992],[-53.401,-17.993],[-53.397,-17.998],[-53.397,-18.0],[-53.381,-18.009],[-53.36,-18.006],[-53.356,-18.007],[-53.347,-18.006],[-53.343,-18.008],[-53.342,-18.007],[-53.336,-18.007],[-53.332,-18.002],[-53.327,-18.0],[-53.319,-18.0],[-53.313,-17.997],[-53.308,-17.996],[-53.305,-17.998],[-53.301,-17.996],[-53.292,-17.996],[-53.288,-17.999],[-53.274,-18.002],[-53.242,-18.005],[-53.238,-18.007],[-53.23,-18.012],[-53.218,-18.014],[-53.209,-18.018],[-53.205,-18.022],[-53.199,-18.02],[-53.196,-18.025],[-53.195,-18.03],[-53.191,-18.036],[-53.182,-18.038],[-53.177,-18.042],[-53.174,-18.042],[-53.074,-18.035],[-53.072,-18.036],[-53.073,-18.045],[-53.076,-18.051],[-53.082,-18.055],[-53.089,-18.057],[-53.103,-18.059],[-53.11,-18.059],[-53.116,-18.058],[-53.124,-18.059],[-53.13,-18.062],[-53.136,-18.067],[-53.14,-18.072],[-53.142,-18.078],[-53.143,-18.084],[-53.141,-18.096],[-53.137,-18.113],[-53.137,-18.119],[-53.129,-18.138],[-53.129,-18.146],[-53.13,-18.156],[-53.13,-18.161],[-53.123,-18.18],[-53.119,-18.195],[-53.11,-18.22],[-53.11,-18.225],[-53.111,-18.235],[-53.11,-18.248],[-53.108,-18.26],[-53.102,-18.273],[-53.102,-18.278],[-53.104,-18.292],[-53.103,-18.303],[-53.1,-18.314],[-53.083,-18.327],[-53.075,-18.336],[-53.072,-18.342],[-53.065,-18.344],[-53.057,-18.343],[-53.045,-18.344],[-53.035,-18.348],[-53.028,-18.352],[-53.023,-18.349],[-53.019,-18.341],[-53.017,-18.331],[-53.014,-18.326],[-53.005,-18.322],[-52.997,-18.316],[-52.984,-18.307],[-52.965,-18.299],[-52.954,-18.297],[-52.948,-18.296],[-52.935,-18.297],[-52.929,-18.299],[-52.914,-18.301],[-52.903,-18.306],[-52.894,-18.308],[-52.876,-18.314],[-52.873,-18.315],[-52.856,-18.312],[-52.842,-18.312],[-52.828,-18.311],[-52.814,-18.311],[-52.797,-18.316],[-52.787,-18.321],[-52.776,-18.329],[-52.764,-18.341],[-52.759,-18.348],[-52.758,-18.358],[-52.759,-18.363],[-52.762,-18.371],[-52.77,-18.38],[-52.784,-18.388],[-52.788,-18.393],[-52.793,-18.408],[-52.799,-18.415],[-52.807,-18.418],[-52.828,-18.42],[-52.838,-18.424],[-52.851,-18.422],[-52.871,-18.426],[-52.876,-18.431],[-52.879,-18.443],[-52.879,-18.456],[-52.881,-18.465],[-52.894,-18.473],[-52.899,-18.477],[-52.907,-18.486],[-52.91,-18.492],[-52.913,-18.505],[-52.916,-18.509],[-52.92,-18.511],[-52.943,-18.517],[-52.945,-18.52],[-52.955,-18.534],[-52.962,-18.541],[-52.965,-18.55],[-52.954,-18.562],[-52.952,-18.577],[-52.949,-18.582],[-52.942,-18.586],[-52.934,-18.599],[-52.938,-18.607],[-52.941,-18.611],[-52.937,-18.614],[-52.926,-18.613],[-52.921,-18.613],[-52.918,-18.615],[-52.914,-18.62],[-52.914,-18.628],[-52.918,-18.635],[-52.917,-18.64],[-52.913,-18.642],[-52.893,-18.646],[-52.877,-18.645],[-52.872,-18.646],[-52.868,-18.649],[-52.857,-18.658],[-52.851,-18.66],[-52.846,-18.667],[-52.836,-18.667],[-52.832,-18.671],[-52.822,-18.672],[-52.808,-18.668],[-52.807,-18.669],[-52.793,-18.676],[-52.786,-18.681],[-52.77,-18.68],[-52.763,-18.681],[-52.755,-18.688],[-52.748,-18.692],[-52.74,-18.692],[-52.731,-18.689],[-52.725,-18.692],[-52.716,-18.691],[-52.71,-18.69],[-52.703,-18.686],[-52.699,-18.685],[-52.694,-18.681],[-52.691,-18.682],[-52.687,-18.678],[-52.684,-18.678],[-52.68,-18.68],[-52.674,-18.679],[-52.667,-18.683],[-52.649,-18.686],[-52.643,-18.688],[-52.641,-18.69],[-52.635,-18.692],[-52.632,-18.696],[-52.629,-18.692],[-52.622,-18.689],[-52.614,-18.69],[-52.604,-18.688],[-52.598,-18.69],[-52.59,-18.688],[-52.586,-18.684],[-52.586,-18.681],[-52.574,-18.674],[-52.566,-18.665],[-52.562,-18.664],[-52.56,-18.662],[-52.555,-18.661],[-52.552,-18.657],[-52.544,-18.657],[-52.539,-18.659],[-52.532,-18.657],[-52.529,-18.661],[-52.522,-18.665],[-52.521,-18.67],[-52.512,-18.67],[-52.51,-18.674],[-52.505,-18.673],[-52.498,-18.677],[-52.496,-18.676],[-52.487,-18.681],[-52.482,-18.682],[-52.471,-18.687],[-52.464,-18.686],[-52.457,-18.689],[-52.454,-18.688],[-52.452,-18.691],[-52.448,-18.692],[-52.446,-18.697],[-52.444,-18.698],[-52.444,-18.702],[-52.439,-18.705],[-52.438,-18.712],[-52.434,-18.715],[-52.435,-18.718],[-52.424,-18.733],[-52.418,-18.736],[-52.413,-18.74],[-52.412,-18.744],[-52.41,-18.748],[-52.411,-18.753],[-52.408,-18.757],[-52.401,-18.759],[-52.396,-18.769],[-52.384,-18.779],[-52.379,-18.782],[-52.373,-18.791],[-52.367,-18.795],[-52.37,-18.799],[-52.364,-18.799],[-52.354,-18.8],[-52.351,-18.807],[-52.35,-18.81],[-52.354,-18.812],[-52.352,-18.816],[-52.346,-18.817],[-52.344,-18.82],[-52.346,-18.822],[-52.342,-18.823],[-52.34,-18.822],[-52.335,-18.826],[-52.334,-18.829],[-52.329,-18.83],[-52.325,-18.833],[-52.324,-18.831],[-52.314,-18.836],[-52.31,-18.839],[-52.305,-18.84],[-52.298,-18.837],[-52.296,-18.831],[-52.293,-18.829],[-52.287,-18.828],[-52.28,-18.831],[-52.276,-18.829],[-52.273,-18.832],[-52.266,-18.829],[-52.259,-18.834],[-52.258,-18.837],[-52.251,-18.84],[-52.247,-18.839],[-52.243,-18.841],[-52.239,-18.839],[-52.236,-18.842],[-52.226,-18.842],[-52.222,-18.844],[-52.22,-18.842],[-52.21,-18.846],[-52.208,-18.85],[-52.203,-18.848],[-52.2,-18.851],[-52.193,-18.847],[-52.189,-18.848],[-52.187,-18.846],[-52.183,-18.848],[-52.179,-18.856],[-52.173,-18.857],[-52.173,-18.861],[-52.169,-18.862],[-52.169,-18.865],[-52.165,-18.865],[-52.164,-18.87],[-52.166,-18.874],[-52.164,-18.877],[-52.159,-18.876],[-52.161,-18.879],[-52.156,-18.881],[-52.155,-18.885],[-52.157,-18.888],[-52.151,-18.893],[-52.146,-18.895],[-52.139,-18.89],[-52.136,-18.89],[-52.134,-18.897],[-52.129,-18.897],[-52.126,-18.899],[-52.124,-18.897],[-52.119,-18.901],[-52.114,-18.9],[-52.112,-18.902],[-52.111,-18.899],[-52.11,-18.904],[-52.106,-18.907],[-52.107,-18.91],[-52.106,-18.92],[-52.104,-18.921],[-52.107,-18.924],[-52.104,-18.929],[-52.101,-18.929],[-52.095,-18.936],[-52.094,-18.934],[-52.088,-18.937],[-52.093,-18.942],[-52.091,-18.944],[-52.089,-18.942],[-52.087,-18.946],[-52.079,-18.951],[-52.071,-18.952],[-52.067,-18.954],[-52.065,-18.952],[-52.059,-18.951],[-52.059,-18.948],[-52.056,-18.946],[-52.05,-18.951],[-52.044,-18.951],[-52.043,-18.959],[-52.038,-18.959],[-52.037,-18.962],[-52.034,-18.958],[-52.026,-18.963],[-52.019,-18.963],[-52.02,-18.968],[-52.015,-18.969],[-52.015,-18.976],[-52.02,-18.978],[-52.016,-18.982],[-52.013,-18.981],[-52.012,-18.978],[-52.007,-18.976],[-52.003,-18.968],[-51.998,-18.968],[-51.996,-18.974],[-51.987,-18.974],[-51.983,-18.972],[-51.979,-18.974],[-51.979,-18.98],[-51.976,-18.981],[-51.973,-18.975],[-51.97,-18.978],[-51.967,-18.975],[-51.969,-18.974],[-51.969,-18.967],[-51.962,-18.969],[-51.96,-18.978],[-51.951,-18.981],[-51.95,-18.978],[-51.953,-18.977],[-51.952,-18.975],[-51.947,-18.976],[-51.943,-18.974],[-51.943,-18.97],[-51.941,-18.968],[-51.936,-18.971],[-51.934,-18.976],[-51.926,-18.977],[-51.928,-18.98],[-51.926,-18.985],[-51.917,-18.984],[-51.913,-18.986],[-51.907,-18.994],[-51.902,-18.996],[-51.897,-18.994],[-51.893,-19.007],[-51.891,-19.007],[-51.889,-19.01],[-51.891,-19.018],[-51.884,-19.019],[-51.882,-19.025],[-51.878,-19.026],[-51.876,-19.031],[-51.872,-19.031],[-51.87,-19.037],[-51.863,-19.042],[-51.861,-19.047],[-51.852,-19.052],[-51.848,-19.046],[-51.85,-19.043],[-51.845,-19.042],[-51.836,-19.046],[-51.84,-19.051],[-51.844,-19.053],[-51.841,-19.057],[-51.838,-19.055],[-51.833,-19.056],[-51.823,-19.054],[-51.816,-19.055],[-51.81,-19.059],[-51.808,-19.062],[-51.796,-19.066],[-51.797,-19.073],[-51.791,-19.074],[-51.791,-19.08],[-51.781,-19.081],[-51.778,-19.078],[-51.775,-19.078],[-51.772,-19.083],[-51.768,-19.084],[-51.765,-19.087],[-51.758,-19.089],[-51.752,-19.086],[-51.744,-19.086],[-51.743,-19.091],[-51.748,-19.091],[-51.748,-19.094],[-51.74,-19.101],[-51.735,-19.099],[-51.732,-19.1],[-51.729,-19.106],[-51.728,-19.108],[-51.716,-19.106],[-51.712,-19.103],[-51.706,-19.106],[-51.706,-19.108],[-51.712,-19.109],[-51.71,-19.111],[-51.7,-19.119],[-51.697,-19.12],[-51.694,-19.118],[-51.687,-19.121],[-51.684,-19.121],[-51.678,-19.126],[-51.67,-19.13],[-51.667,-19.132],[-51.66,-19.134],[-51.658,-19.137],[-51.652,-19.136],[-51.646,-19.13],[-51.641,-19.13],[-51.638,-19.127],[-51.634,-19.131],[-51.625,-19.136],[-51.623,-19.138],[-51.614,-19.137],[-51.609,-19.141],[-51.605,-19.14],[-51.603,-19.137],[-51.597,-19.137],[-51.592,-19.127],[-51.579,-19.131],[-51.576,-19.127],[-51.576,-19.132],[-51.569,-19.135],[-51.563,-19.133],[-51.559,-19.134],[-51.555,-19.132],[-51.551,-19.141],[-51.548,-19.142],[-51.539,-19.143],[-51.537,-19.14],[-51.527,-19.139],[-51.522,-19.142],[-51.518,-19.147],[-51.514,-19.15],[-51.51,-19.15],[-51.506,-19.147],[-51.502,-19.147],[-51.501,-19.149],[-51.502,-19.155],[-51.499,-19.161],[-51.491,-19.162],[-51.486,-19.159],[-51.482,-19.16],[-51.48,-19.154],[-51.473,-19.154],[-51.468,-19.161],[-51.464,-19.163],[-51.459,-19.168],[-51.455,-19.161],[-51.449,-19.161],[-51.446,-19.159],[-51.443,-19.165],[-51.443,-19.169],[-51.439,-19.171],[-51.43,-19.17],[-51.427,-19.165],[-51.42,-19.166],[-51.417,-19.171],[-51.417,-19.174],[-51.411,-19.173],[-51.406,-19.175],[-51.405,-19.178],[-51.412,-19.18],[-51.409,-19.184],[-51.401,-19.189],[-51.398,-19.195],[-51.395,-19.196],[-51.384,-19.195],[-51.378,-19.193],[-51.375,-19.196],[-51.373,-19.199],[-51.37,-19.2],[-51.369,-19.206],[-51.37,-19.209],[-51.366,-19.21],[-51.365,-19.215],[-51.369,-19.218],[-51.369,-19.222],[-51.364,-19.223],[-51.346,-19.214],[-51.342,-19.216],[-51.341,-19.219],[-51.337,-19.222],[-51.323,-19.219],[-51.311,-19.219],[-51.309,-19.218],[-51.303,-19.224],[-51.305,-19.23],[-51.308,-19.236],[-51.306,-19.239],[-51.3,-19.238],[-51.297,-19.239],[-51.297,-19.244],[-51.29,-19.245],[-51.29,-19.248],[-51.286,-19.252],[-51.279,-19.249],[-51.277,-19.261],[-51.269,-19.262],[-51.263,-19.265],[-51.255,-19.268],[-51.253,-19.273],[-51.25,-19.273],[-51.247,-19.267],[-51.244,-19.266],[-51.243,-19.269],[-51.24,-19.268],[-51.229,-19.265],[-51.229,-19.262],[-51.225,-19.259],[-51.216,-19.259],[-51.21,-19.265],[-51.207,-19.266],[-51.205,-19.262],[-51.202,-19.261],[-51.201,-19.264],[-51.194,-19.267],[-51.191,-19.267],[-51.187,-19.27],[-51.183,-19.28],[-51.18,-19.283],[-51.178,-19.282],[-51.169,-19.287],[-51.158,-19.287],[-51.156,-19.289],[-51.151,-19.287],[-51.144,-19.287],[-51.139,-19.289],[-51.136,-19.295],[-51.128,-19.299],[-51.127,-19.303],[-51.118,-19.303],[-51.111,-19.307],[-51.106,-19.308],[-51.102,-19.306],[-51.095,-19.306],[-51.089,-19.308],[-51.087,-19.312],[-51.08,-19.319],[-51.071,-19.324],[-51.065,-19.331],[-51.058,-19.33],[-51.052,-19.335],[-51.046,-19.343],[-51.042,-19.356],[-51.039,-19.36],[-51.03,-19.367],[-51.025,-19.378],[-51.021,-19.382],[-51.02,-19.387],[-51.025,-19.393],[-51.026,-19.399],[-51.019,-19.401],[-51.009,-19.4],[-51.005,-19.401],[-51.005,-19.413],[-51.001,-19.415],[-50.994,-19.408],[-50.988,-19.408],[-50.987,-19.412],[-50.986,-19.429],[-50.983,-19.433],[-50.968,-19.435],[-50.956,-19.441],[-50.952,-19.443],[-50.95,-19.447],[-50.945,-19.454],[-50.942,-19.453],[-50.936,-19.461],[-50.935,-19.467],[-50.939,-19.468],[-50.949,-19.471],[-50.957,-19.476],[-50.962,-19.482],[-50.964,-19.486],[-50.963,-19.501],[-50.945,-19.526],[-50.931,-19.542],[-50.924,-19.559],[-50.923,-19.572],[-50.924,-19.581],[-50.928,-19.588],[-50.931,-19.59],[-50.938,-19.592],[-50.947,-19.592],[-50.95,-19.59],[-50.956,-19.584],[-50.962,-19.582],[-50.971,-19.581],[-50.978,-19.583],[-50.984,-19.586],[-50.988,-19.59],[-50.99,-19.605],[-50.993,-19.61],[-50.997,-19.616],[-50.999,-19.622],[-51.004,-19.63],[-51.006,-19.638],[-51.011,-19.645],[-51.013,-19.654],[-51.022,-19.661],[-51.027,-19.671],[-51.032,-19.681],[-51.037,-19.687],[-51.038,-19.692],[-51.04,-19.713],[-51.038,-19.72],[-51.045,-19.727],[-51.046,-19.736],[-51.043,-19.741],[-51.035,-19.747],[-51.03,-19.751],[-51.028,-19.757],[-51.031,-19.765],[-51.037,-19.771],[-51.04,-19.777],[-51.04,-19.782],[-51.037,-19.788],[-51.033,-19.791],[-51.027,-19.798],[-51.024,-19.804],[-51.021,-19.828],[-51.018,-19.837],[-51.02,-19.857],[-51.02,-19.865],[-51.019,-19.87],[-51.013,-19.883],[-51.009,-19.889],[-50.999,-19.906],[-51.0,-19.916],[-51.002,-19.925],[-51.01,-19.935],[-51.014,-19.944],[-51.021,-19.959],[-51.021,-19.968],[-51.015,-19.981],[-51.009,-19.99],[-51.005,-19.996],[-51.005,-20.018],[-51.006,-20.025],[-51.01,-20.034],[-51.017,-20.042],[-51.018,-20.048],[-51.01,-20.072],[-51.0,-20.085],[-51.001,-20.096],[-51.007,-20.106],[-51.013,-20.119],[-51.017,-20.124],[-51.022,-20.133],[-51.029,-20.151],[-51.038,-20.175],[-51.04,-20.178],[-51.049,-20.199],[-51.054,-20.22],[-51.059,-20.235],[-51.065,-20.246],[-51.069,-20.25],[-51.079,-20.258],[-51.083,-20.261],[-51.112,-20.282],[-51.118,-20.287],[-51.132,-20.296],[-51.145,-20.3],[-51.161,-20.305],[-51.178,-20.309],[-51.198,-20.312],[-51.24,-20.317],[-51.257,-20.321],[-51.271,-20.323],[-51.296,-20.328],[-51.306,-20.332],[-51.321,-20.34],[-51.343,-20.355],[-51.344,-20.356],[-51.348,-20.36],[-51.354,-20.369],[-51.358,-20.379],[-51.361,-20.385],[-51.372,-20.393],[-51.378,-20.402],[-51.384,-20.416],[-51.399,-20.446],[-51.409,-20.46],[-51.423,-20.468],[-51.435,-20.473],[-51.449,-20.483],[-51.457,-20.496],[-51.464,-20.501],[-51.466,-20.508],[-51.493,-20.547],[-51.498,-20.564],[-51.5,-20.568],[-51.516,-20.581],[-51.521,-20.587],[-51.533,-20.597],[-51.552,-20.608],[-51.568,-20.618],[-51.578,-20.625],[-51.588,-20.636],[-51.594,-20.644],[-51.603,-20.662],[-51.611,-20.686],[-51.617,-20.696],[-51.624,-20.713],[-51.632,-20.737],[-51.634,-20.747],[-51.635,-20.755],[-51.633,-20.761],[-51.625,-20.772],[-51.622,-20.777],[-51.627,-20.785],[-51.628,-20.789],[-51.626,-20.796],[-51.628,-20.804],[-51.632,-20.817],[-51.633,-20.822],[-51.633,-20.833],[-51.632,-20.845],[-51.628,-20.869],[-51.623,-20.878],[-51.615,-20.886],[-51.613,-20.89],[-51.614,-20.896],[-51.618,-20.911],[-51.619,-20.922],[-51.619,-20.933],[-51.621,-20.939],[-51.624,-20.944],[-51.628,-20.949],[-51.633,-20.952],[-51.644,-20.956],[-51.65,-20.96],[-51.655,-20.965],[-51.66,-20.969],[-51.667,-20.971],[-51.679,-20.973],[-51.686,-20.973],[-51.696,-20.97],[-51.703,-20.97],[-51.714,-20.971],[-51.723,-20.977],[-51.738,-20.995],[-51.742,-21.001],[-51.744,-21.005],[-51.749,-21.011],[-51.752,-21.013],[-51.76,-21.022],[-51.768,-21.037],[-51.771,-21.043],[-51.776,-21.073],[-51.79,-21.102],[-51.808,-21.11],[-51.814,-21.121],[-51.824,-21.127],[-51.845,-21.131],[-51.865,-21.131],[-51.876,-21.136],[-51.879,-21.148],[-51.876,-21.181],[-51.88,-21.198],[-51.874,-21.211],[-51.864,-21.227],[-51.861,-21.239],[-51.855,-21.25],[-51.855,-21.26],[-51.849,-21.267],[-51.849,-21.276],[-51.851,-21.281],[-51.856,-21.286],[-51.857,-21.29],[-51.861,-21.317],[-51.861,-21.337],[-51.862,-21.342],[-51.865,-21.349],[-51.869,-21.354],[-51.888,-21.367],[-51.9,-21.378],[-51.908,-21.386],[-51.911,-21.393],[-51.918,-21.412],[-51.919,-21.424],[-51.922,-21.44],[-51.929,-21.456],[-51.936,-21.462],[-51.943,-21.465],[-51.952,-21.474],[-51.958,-21.484],[-51.964,-21.496],[-51.968,-21.502],[-51.979,-21.507],[-51.987,-21.512],[-52.0,-21.517],[-52.022,-21.511],[-52.038,-21.509],[-52.043,-21.507],[-52.057,-21.504],[-52.062,-21.503],[-52.066,-21.505],[-52.072,-21.509],[-52.078,-21.515],[-52.08,-21.522],[-52.085,-21.528],[-52.088,-21.533],[-52.093,-21.538],[-52.096,-21.542],[-52.102,-21.555],[-52.103,-21.565],[-52.102,-21.57],[-52.099,-21.575],[-52.092,-21.581],[-52.084,-21.583],[-52.072,-21.593],[-52.069,-21.598],[-52.065,-21.613],[-52.061,-21.624],[-52.052,-21.637],[-52.05,-21.643],[-52.048,-21.656],[-52.051,-21.666],[-52.056,-21.677],[-52.07,-21.702],[-52.076,-21.715],[-52.082,-21.721],[-52.087,-21.724],[-52.094,-21.731],[-52.101,-21.74],[-52.104,-21.746],[-52.112,-21.75],[-52.118,-21.749],[-52.125,-21.752],[-52.14,-21.756],[-52.148,-21.76],[-52.161,-21.771],[-52.171,-21.786],[-52.175,-21.795],[-52.184,-21.814],[-52.184,-21.826],[-52.189,-21.844],[-52.191,-21.846],[-52.207,-21.862],[-52.229,-21.879],[-52.236,-21.887],[-52.248,-21.902],[-52.259,-21.907],[-52.264,-21.912],[-52.269,-21.914],[-52.275,-21.915],[-52.28,-21.923],[-52.288,-21.929],[-52.294,-21.935],[-52.301,-21.942],[-52.309,-21.952],[-52.314,-21.962],[-52.316,-21.967],[-52.319,-21.972],[-52.324,-21.987],[-52.326,-21.996],[-52.328,-22.0],[-52.326,-22.002],[-52.332,-22.02],[-52.339,-22.048],[-52.345,-22.062],[-52.355,-22.077],[-52.361,-22.083],[-52.371,-22.097],[-52.377,-22.107],[-52.392,-22.115],[-52.396,-22.119],[-52.402,-22.126],[-52.408,-22.142],[-52.415,-22.149],[-52.433,-22.163],[-52.442,-22.171],[-52.446,-22.177],[-52.461,-22.189],[-52.48,-22.201],[-52.484,-22.213],[-52.488,-22.217],[-52.499,-22.224],[-52.503,-22.225],[-52.512,-22.226],[-52.523,-22.229],[-52.533,-22.236],[-52.542,-22.24],[-52.549,-22.242],[-52.571,-22.248],[-52.579,-22.252],[-52.587,-22.257],[-52.598,-22.269],[-52.604,-22.273],[-52.623,-22.279],[-52.633,-22.285],[-52.64,-22.293],[-52.646,-22.298],[-52.657,-22.304],[-52.695,-22.315],[-52.724,-22.335],[-52.746,-22.343],[-52.798,-22.378],[-52.808,-22.388],[-52.84,-22.415],[-52.855,-22.439],[-52.858,-22.441],[-52.886,-22.453],[-52.939,-22.47],[-52.948,-22.473],[-52.98,-22.484],[-52.988,-22.487],[-52.999,-22.493],[-53.001,-22.501],[-53.004,-22.505],[-53.007,-22.513],[-53.014,-22.521],[-53.024,-22.524],[-53.04,-22.527],[-53.058,-22.537],[-53.074,-22.549],[-53.086,-22.562],[-53.091,-22.569],[-53.098,-22.582],[-53.108,-22.596],[-53.11,-22.604],[-53.11,-22.61],[-53.105,-22.622],[-53.113,-22.632],[-53.125,-22.649],[-53.128,-22.652],[-53.143,-22.672],[-53.148,-22.678],[-53.159,-22.688],[-53.166,-22.694],[-53.175,-22.706],[-53.185,-22.719],[-53.194,-22.725],[-53.207,-22.731],[-53.212,-22.732],[-53.223,-22.731],[-53.231,-22.731],[-53.244,-22.735],[-53.289,-22.75],[-53.303,-22.755],[-53.327,-22.765],[-53.338,-22.77],[-53.352,-22.776],[-53.36,-22.78],[-53.364,-22.784],[-53.372,-22.799],[-53.38,-22.804],[-53.399,-22.807],[-53.408,-22.811],[-53.419,-22.825],[-53.424,-22.827],[-53.43,-22.833],[-53.451,-22.842],[-53.471,-22.855],[-53.485,-22.864],[-53.512,-22.876],[-53.524,-22.88],[-53.531,-22.881],[-53.542,-22.886],[-53.547,-22.89],[-53.559,-22.906],[-53.561,-22.916],[-53.571,-22.928],[-53.575,-22.932],[-53.584,-22.934],[-53.589,-22.936],[-53.603,-22.946],[-53.607,-22.951],[-53.611,-22.958],[-53.613,-22.966],[-53.617,-22.974],[-53.628,-22.991],[-53.634,-22.998],[-53.634,-23.003],[-53.63,-23.014],[-53.631,-23.023],[-53.632,-23.052],[-53.633,-23.064],[-53.632,-23.07],[-53.634,-23.082],[-53.634,-23.093],[-53.636,-23.106],[-53.637,-23.125],[-53.639,-23.129],[-53.648,-23.137],[-53.655,-23.144],[-53.66,-23.154],[-53.659,-23.163],[-53.66,-23.166],[-53.666,-23.177],[-53.669,-23.184],[-53.673,-23.187],[-53.68,-23.195],[-53.686,-23.206],[-53.694,-23.221],[-53.699,-23.235],[-53.704,-23.252],[-53.706,-23.263],[-53.712,-23.277],[-53.72,-23.298],[-53.725,-23.31],[-53.734,-23.325],[-53.741,-23.336],[-53.748,-23.342],[-53.759,-23.354],[-53.766,-23.368],[-53.776,-23.375],[-53.79,-23.38],[-53.807,-23.383],[-53.816,-23.386],[-53.825,-23.391],[-53.829,-23.393],[-53.837,-23.398],[-53.856,-23.407],[-53.864,-23.412],[-53.877,-23.42],[-53.894,-23.426],[-53.908,-23.432],[-53.915,-23.437],[-53.925,-23.443],[-53.932,-23.446],[-53.941,-23.446],[-53.96,-23.443],[-53.964,-23.444],[-53.972,-23.448],[-53.982,-23.457],[-53.987,-23.467],[-53.991,-23.479],[-53.995,-23.49],[-54.0,-23.5],[-54.004,-23.511],[-54.005,-23.528],[-54.007,-23.545],[-54.013,-23.562],[-54.018,-23.573],[-54.021,-23.577],[-54.024,-23.586],[-54.023,-23.597],[-54.029,-23.613],[-54.031,-23.633],[-54.031,-23.646],[-54.035,-23.656],[-54.045,-23.669],[-54.048,-23.676],[-54.051,-23.687],[-54.054,-23.702],[-54.052,-23.721],[-54.055,-23.731],[-54.062,-23.742],[-54.066,-23.746],[-54.076,-23.764],[-54.08,-23.781],[-54.083,-23.803],[-54.085,-23.814],[-54.086,-23.825],[-54.083,-23.831],[-54.086,-23.838],[-54.088,-23.845],[-54.086,-23.856],[-54.084,-23.865],[-54.083,-23.867],[-54.079,-23.881],[-54.08,-23.891],[-54.087,-23.908],[-54.089,-23.915],[-54.093,-23.924],[-54.098,-23.944],[-54.102,-23.952],[-54.11,-23.961],[-54.118,-23.971],[-54.13,-23.982],[-54.14,-23.988],[-54.154,-23.992],[-54.164,-23.996],[-54.175,-24.002],[-54.217,-24.036],[-54.227,-24.043],[-54.24,-24.05],[-54.249,-24.056],[-54.26,-24.057],[-54.269,-24.059],[-54.277,-24.062],[-54.284,-24.068],[-54.289,-24.068],[-54.293,-24.061],[-54.298,-24.057],[-54.302,-24.055],[-54.304,-24.051],[-54.31,-24.046],[-54.314,-24.034],[-54.317,-24.032],[-54.318,-24.029],[-54.322,-24.025],[-54.321,-24.019],[-54.319,-24.012],[-54.32,-24.009],[-54.324,-24.004],[-54.328,-24.005],[-54.336,-24.006],[-54.338,-24.002],[-54.343,-24.003],[-54.346,-24.001],[-54.348,-24.005],[-54.352,-24.008],[-54.361,-24.001],[-54.365,-23.999],[-54.37,-23.992],[-54.374,-23.989],[-54.377,-23.991],[-54.381,-23.987],[-54.384,-23.987],[-54.387,-23.983],[-54.394,-23.965],[-54.401,-23.965],[-54.405,-23.962],[-54.411,-23.961],[-54.415,-23.958],[-54.414,-23.953],[-54.417,-23.946],[-54.422,-23.94],[-54.427,-23.931],[-54.432,-23.929],[-54.427,-23.927],[-54.426,-23.916],[-54.428,-23.913],[-54.435,-23.909],[-54.44,-23.904],[-54.447,-23.903],[-54.456,-23.899],[-54.463,-23.901],[-54.469,-23.898],[-54.478,-23.898],[-54.48,-23.901],[-54.487,-23.904],[-54.487,-23.894],[-54.493,-23.885],[-54.503,-23.884],[-54.507,-23.882],[-54.515,-23.885],[-54.518,-23.878],[-54.523,-23.874],[-54.53,-23.872],[-54.535,-23.873],[-54.539,-23.869],[-54.543,-23.868],[-54.553,-23.871],[-54.557,-23.87],[-54.569,-23.874],[-54.57,-23.868],[-54.564,-23.854],[-54.571,-23.85],[-54.581,-23.846],[-54.584,-23.837],[-54.589,-23.839],[-54.596,-23.846],[-54.601,-23.852],[-54.61,-23.851],[-54.617,-23.835],[-54.625,-23.835],[-54.631,-23.83],[-54.638,-23.831],[-54.647,-23.834],[-54.653,-23.822],[-54.654,-23.82],[-54.664,-23.82],[-54.669,-23.817],[-54.669,-23.813],[-54.678,-23.823],[-54.681,-23.828],[-54.684,-23.831],[-54.692,-23.834],[-54.699,-23.842]]]}}]}