{"type":"FeatureCollection","features":[{"type":"Feature","properties":{"c":"2600054"},"geometry":{"type":"Polygon","coordinates":[[[-35.031,-7.93],[-35.043,-7.915],[-35.049,-7.909],[-35.058,-7.906],[-35.063,-7.906],[-35.066,-7.9],[-35.072,-7.9],[-35.077,-7.898],[-35.087,-7.889],[-35.096,-7.886],[-35.1,-7.882],[-35.102,-7.875],[-35.105,-7.873],[-35.11,-7.863],[-35.113,-7.857],[-35.123,-7.851],[-35.122,-7.849],[-35.14,-7.792],[-35.135,-7.799],[-35.125,-7.811],[-35.12,-7.813],[-35.116,-7.817],[-35.106,-7.825],[-35.102,-7.831],[-35.1,-7.828],[-35.103,-7.823],[-35.102,-7.816],[-35.1,-7.809],[-35.103,-7.802],[-35.099,-7.805],[-35.094,-7.806],[-35.083,-7.804],[-35.073,-7.808],[-35.068,-7.812],[-35.054,-7.88],[-34.977,-7.9],[-34.931,-7.893],[-34.923,-7.887],[-34.918,-7.886],[-34.912,-7.887],[-34.902,-7.886],[-34.888,-7.888],[-34.884,-7.889],[-34.882,-7.892],[-34.866,-7.891],[-34.865,-7.896],[-34.861,-7.897],[-34.863,-7.904],[-34.861,-7.91],[-34.866,-7.911],[-34.873,-7.91],[-34.881,-7.913],[-34.885,-7.914],[-34.889,-7.912],[-34.893,-7.913],[-34.897,-7.918],[-34.895,-7.921],[-34.9,-7.93],[-34.904,-7.932],[-34.906,-7.935],[-34.913,-7.934],[-34.913,-7.93],[-34.919,-7.927],[-34.924,-7.93],[-34.929,-7.926],[-34.934,-7.925],[-34.939,-7.926],[-34.943,-7.924],[-34.95,-7.92],[-34.958,-7.92],[-34.962,-7.916],[-34.965,-7.917],[-34.986,-7.92],[-34.997,-7.919],[-35.008,-7.917],[-35.021,-7.916],[-35.025,-7.92],[-35.025,-7.926],[-35.031,-7.93]]]}},{"type":"Feature","properties":{"c":"2600104"},"geometry":{"type":"Polygon","coordinates":[[[-37.705,-7.617],[-37.693,-7.619],[-37.688,-7.618],[-37.685,-7.615],[-37.681,-7.614],[-37.677,-7.608],[-37.675,-7.61],[-37.673,-7.617],[-37.665,-7.618],[-37.658,-7.617],[-37.656,-7.614],[-37.651,-7.617],[-37.645,-7.634],[-37.64,-7.634],[-37.637,-7.638],[-37.634,-7.638],[-37.629,-7.634],[-37.62,-7.631],[-37.618,-7.628],[-37.612,-7.626],[-37.609,-7.629],[-37.607,-7.627],[-37.601,-7.629],[-37.599,-7.627],[-37.596,-7.63],[-37.594,-7.627],[-37.588,-7.63],[-37.583,-7.63],[-37.584,-7.633],[-37.579,-7.635],[-37.571,-7.633],[-37.565,-7.635],[-37.559,-7.639],[-37.557,-7.643],[-37.56,-7.646],[-37.551,-7.651],[-37.55,-7.659],[-37.554,-7.661],[-37.55,-7.664],[-37.551,-7.666],[-37.557,-7.669],[-37.554,-7.672],[-37.553,-7.679],[-37.555,-7.686],[-37.558,-7.687],[-37.557,-7.695],[-37.552,-7.703],[-37.555,-7.707],[-37.557,-7.715],[-37.554,-7.719],[-37.551,-7.718],[-37.548,-7.712],[-37.544,-7.712],[-37.541,-7.717],[-37.538,-7.718],[-37.537,-7.728],[-37.534,-7.735],[-37.53,-7.739],[-37.527,-7.745],[-37.524,-7.752],[-37.522,-7.753],[-37.524,-7.758],[-37.525,-7.766],[-37.532,-7.774],[-37.535,-7.781],[-37.537,-7.781],[-37.54,-7.786],[-37.544,-7.788],[-37.549,-7.793],[-37.553,-7.795],[-37.555,-7.8],[-37.559,-7.803],[-37.565,-7.806],[-37.568,-7.815],[-37.574,-7.819],[-37.579,-7.821],[-37.583,-7.82],[-37.581,-7.824],[-37.577,-7.827],[-37.586,-7.832],[-37.596,-7.84],[-37.601,-7.846],[-37.606,-7.852],[-37.612,-7.85],[-37.611,-7.853],[-37.605,-7.86],[-37.604,-7.863],[-37.608,-7.873],[-37.612,-7.88],[-37.619,-7.883],[-37.621,-7.886],[-37.617,-7.895],[-37.672,-7.823],[-37.693,-7.813],[-37.688,-7.812],[-37.684,-7.808],[-37.683,-7.803],[-37.687,-7.801],[-37.69,-7.792],[-37.693,-7.791],[-37.697,-7.785],[-37.702,-7.783],[-37.705,-7.779],[-37.706,-7.772],[-37.709,-7.771],[-37.701,-7.768],[-37.699,-7.764],[-37.687,-7.762],[-37.683,-7.761],[-37.685,-7.756],[-37.683,-7.753],[-37.688,-7.751],[-37.689,-7.746],[-37.687,-7.743],[-37.692,-7.742],[-37.694,-7.731],[-37.692,-7.729],[-37.692,-7.723],[-37.697,-7.719],[-37.691,-7.708],[-37.69,-7.701],[-37.691,-7.69],[-37.689,-7.683],[-37.685,-7.678],[-37.687,-7.67],[-37.686,-7.666],[-37.687,-7.664],[-37.683,-7.654],[-37.68,-7.653],[-37.68,-7.645],[-37.684,-7.639],[-37.686,-7.639],[-37.69,-7.634],[-37.7,-7.624],[-37.705,-7.617]]]}},{"type":"Feature","properties":{"c":"2600203"},"geometry":{"type":"Polygon","coordinates":[[[-40.862,-8.371],[-40.852,-8.446],[-40.849,-8.526],[-40.848,-8.555],[-40.842,-8.555],[-40.84,-8.56],[-40.841,-8.562],[-40.837,-8.568],[-40.831,-8.572],[-40.825,-8.573],[-40.819,-8.58],[-40.811,-8.583],[-40.81,-8.585],[-40.811,-8.593],[-40.809,-8.597],[-40.804,-8.597],[-40.803,-8.594],[-40.801,-8.599],[-40.798,-8.599],[-40.795,-8.596],[-40.787,-8.6],[-40.783,-8.601],[-40.786,-8.606],[-40.784,-8.609],[-40.784,-8.613],[-40.779,-8.61],[-40.772,-8.618],[-40.758,-8.623],[-40.911,-8.776],[-40.92,-8.772],[-40.924,-8.774],[-40.926,-8.77],[-40.93,-8.769],[-40.93,-8.773],[-40.935,-8.777],[-40.938,-8.778],[-40.944,-8.788],[-40.942,-8.797],[-40.942,-8.803],[-40.944,-8.809],[-40.942,-8.814],[-40.944,-8.824],[-40.948,-8.83],[-40.956,-8.837],[-40.959,-8.842],[-40.961,-8.831],[-40.972,-8.828],[-40.979,-8.823],[-40.985,-8.825],[-40.99,-8.829],[-41.0,-8.829],[-41.01,-8.834],[-41.02,-8.844],[-41.025,-8.84],[-41.029,-8.838],[-41.031,-8.835],[-41.029,-8.825],[-41.027,-8.821],[-41.027,-8.814],[-41.025,-8.809],[-41.029,-8.802],[-41.032,-8.794],[-41.035,-8.792],[-41.036,-8.786],[-41.04,-8.784],[-41.044,-8.784],[-41.048,-8.787],[-41.059,-8.786],[-41.064,-8.781],[-41.07,-8.782],[-41.079,-8.789],[-41.082,-8.784],[-41.097,-8.781],[-41.101,-8.782],[-41.103,-8.78],[-41.106,-8.771],[-41.111,-8.77],[-41.116,-8.764],[-41.113,-8.76],[-41.118,-8.755],[-41.125,-8.753],[-41.129,-8.743],[-41.129,-8.74],[-41.126,-8.735],[-41.127,-8.729],[-41.123,-8.726],[-41.121,-8.722],[-41.123,-8.719],[-41.115,-8.712],[-41.112,-8.709],[-41.114,-8.704],[-41.117,-8.705],[-41.126,-8.706],[-41.131,-8.704],[-41.142,-8.707],[-41.153,-8.708],[-41.166,-8.71],[-41.172,-8.707],[-41.176,-8.711],[-41.182,-8.708],[-41.186,-8.711],[-41.191,-8.707],[-41.2,-8.707],[-41.205,-8.709],[-41.21,-8.707],[-41.219,-8.706],[-41.225,-8.705],[-41.229,-8.705],[-41.235,-8.71],[-41.24,-8.711],[-41.238,-8.719],[-41.252,-8.721],[-41.258,-8.72],[-41.263,-8.722],[-41.27,-8.731],[-41.274,-8.732],[-41.278,-8.735],[-41.284,-8.736],[-41.289,-8.735],[-41.295,-8.736],[-41.299,-8.733],[-41.305,-8.727],[-41.313,-8.726],[-41.321,-8.728],[-41.33,-8.728],[-41.334,-8.728],[-41.343,-8.722],[-41.354,-8.712],[-41.358,-8.708],[-41.345,-8.71],[-41.337,-8.708],[-41.33,-8.703],[-41.318,-8.698],[-41.308,-8.691],[-41.3,-8.682],[-41.298,-8.678],[-41.295,-8.67],[-41.287,-8.661],[-41.279,-8.661],[-41.269,-8.663],[-41.265,-8.662],[-41.259,-8.662],[-41.251,-8.662],[-41.249,-8.66],[-41.239,-8.656],[-41.237,-8.651],[-41.234,-8.648],[-41.227,-8.648],[-41.218,-8.646],[-41.214,-8.644],[-41.207,-8.633],[-41.207,-8.62],[-41.209,-8.616],[-41.208,-8.61],[-41.212,-8.604],[-41.212,-8.602],[-41.203,-8.599],[-41.199,-8.592],[-41.179,-8.593],[-41.179,-8.588],[-41.172,-8.586],[-41.167,-8.581],[-41.163,-8.57],[-41.157,-8.56],[-41.156,-8.553],[-41.152,-8.548],[-41.153,-8.544],[-41.148,-8.539],[-41.149,-8.534],[-41.143,-8.534],[-41.139,-8.533],[-41.135,-8.534],[-41.13,-8.541],[-41.127,-8.542],[-41.114,-8.535],[-41.108,-8.531],[-41.104,-8.522],[-41.098,-8.521],[-41.09,-8.513],[-41.085,-8.501],[-41.082,-8.491],[-41.082,-8.48],[-41.08,-8.474],[-41.077,-8.472],[-41.058,-8.478],[-41.053,-8.481],[-41.051,-8.48],[-41.05,-8.476],[-41.052,-8.465],[-41.05,-8.46],[-41.048,-8.446],[-41.044,-8.437],[-41.039,-8.432],[-41.034,-8.43],[-41.024,-8.428],[-41.02,-8.425],[-41.016,-8.424],[-41.007,-8.421],[-41.007,-8.418],[-41.003,-8.414],[-41.002,-8.411],[-41.003,-8.404],[-41.0,-8.4],[-40.987,-8.399],[-40.981,-8.398],[-40.979,-8.399],[-40.973,-8.407],[-40.965,-8.413],[-40.966,-8.416],[-40.957,-8.42],[-40.958,-8.422],[-40.954,-8.425],[-40.95,-8.43],[-40.941,-8.433],[-40.936,-8.439],[-40.927,-8.446],[-40.924,-8.445],[-40.917,-8.436],[-40.913,-8.436],[-40.909,-8.427],[-40.902,-8.423],[-40.903,-8.416],[-40.902,-8.41],[-40.903,-8.406],[-40.908,-8.401],[-40.906,-8.397],[-40.902,-8.397],[-40.895,-8.393],[-40.894,-8.39],[-40.89,-8.387],[-40.89,-8.383],[-40.893,-8.377],[-40.893,-8.372],[-40.897,-8.369],[-40.898,-8.367],[-40.895,-8.359],[-40.892,-8.356],[-40.882,-8.358],[-40.873,-8.357],[-40.87,-8.359],[-40.866,-8.363],[-40.862,-8.365],[-40.862,-8.371]]]}},{"type":"Feature","properties":{"c":"2600302"},"geometry":{"type":"Polygon","coordinates":[[[-35.969,-8.536],[-35.983,-8.496],[-36.002,-8.432],[-36.011,-8.392],[-36.007,-8.361],[-36.0,-8.369],[-35.994,-8.372],[-35.993,-8.374],[-35.992,-8.383],[-35.996,-8.389],[-35.993,-8.399],[-35.988,-8.395],[-35.987,-8.389],[-35.971,-8.38],[-35.968,-8.375],[-35.971,-8.371],[-35.972,-8.359],[-35.964,-8.357],[-35.945,-8.358],[-35.945,-8.368],[-35.938,-8.37],[-35.931,-8.367],[-35.921,-8.366],[-35.903,-8.375],[-35.904,-8.384],[-35.903,-8.384],[-35.909,-8.39],[-35.913,-8.396],[-35.918,-8.398],[-35.923,-8.408],[-35.92,-8.41],[-35.921,-8.415],[-35.919,-8.416],[-35.921,-8.42],[-35.917,-8.422],[-35.917,-8.425],[-35.913,-8.427],[-35.906,-8.425],[-35.898,-8.428],[-35.903,-8.435],[-35.901,-8.441],[-35.905,-8.447],[-35.903,-8.455],[-35.905,-8.456],[-35.904,-8.463],[-35.899,-8.462],[-35.888,-8.467],[-35.892,-8.473],[-35.891,-8.476],[-35.889,-8.476],[-35.89,-8.487],[-35.888,-8.493],[-35.888,-8.498],[-35.892,-8.5],[-35.901,-8.514],[-35.879,-8.547],[-35.899,-8.561],[-35.91,-8.557],[-35.918,-8.556],[-35.922,-8.555],[-35.925,-8.547],[-35.935,-8.542],[-35.942,-8.537],[-35.948,-8.535],[-35.951,-8.537],[-35.953,-8.543],[-35.96,-8.548],[-35.969,-8.549],[-35.969,-8.536]]]}},{"type":"Feature","properties":{"c":"2600401"},"geometry":{"type":"Polygon","coordinates":[[[-35.342,-8.725],[-35.34,-8.747],[-35.361,-8.806],[-35.368,-8.807],[-35.37,-8.81],[-35.382,-8.819],[-35.388,-8.817],[-35.392,-8.819],[-35.395,-8.818],[-35.398,-8.821],[-35.399,-8.827],[-35.401,-8.828],[-35.402,-8.832],[-35.405,-8.837],[-35.409,-8.838],[-35.414,-8.836],[-35.418,-8.839],[-35.422,-8.837],[-35.424,-8.839],[-35.432,-8.836],[-35.435,-8.84],[-35.44,-8.842],[-35.442,-8.84],[-35.449,-8.842],[-35.456,-8.841],[-35.459,-8.839],[-35.46,-8.832],[-35.463,-8.829],[-35.467,-8.828],[-35.463,-8.824],[-35.464,-8.816],[-35.468,-8.817],[-35.47,-8.813],[-35.471,-8.816],[-35.481,-8.82],[-35.482,-8.826],[-35.49,-8.827],[-35.493,-8.825],[-35.496,-8.828],[-35.5,-8.825],[-35.5,-8.82],[-35.503,-8.822],[-35.507,-8.819],[-35.514,-8.819],[-35.518,-8.817],[-35.52,-8.82],[-35.527,-8.824],[-35.529,-8.827],[-35.533,-8.827],[-35.535,-8.82],[-35.539,-8.82],[-35.547,-8.825],[-35.548,-8.828],[-35.554,-8.829],[-35.56,-8.833],[-35.562,-8.831],[-35.567,-8.835],[-35.568,-8.842],[-35.581,-8.845],[-35.583,-8.846],[-35.587,-8.843],[-35.585,-8.84],[-35.592,-8.839],[-35.592,-8.834],[-35.597,-8.836],[-35.602,-8.834],[-35.606,-8.828],[-35.606,-8.823],[-35.607,-8.822],[-35.613,-8.814],[-35.622,-8.81],[-35.616,-8.803],[-35.616,-8.798],[-35.617,-8.795],[-35.616,-8.789],[-35.606,-8.776],[-35.609,-8.767],[-35.609,-8.763],[-35.603,-8.759],[-35.6,-8.752],[-35.603,-8.742],[-35.558,-8.718],[-35.565,-8.684],[-35.538,-8.659],[-35.513,-8.635],[-35.524,-8.579],[-35.521,-8.557],[-35.487,-8.506],[-35.485,-8.507],[-35.486,-8.512],[-35.489,-8.516],[-35.489,-8.521],[-35.485,-8.521],[-35.484,-8.526],[-35.481,-8.524],[-35.48,-8.527],[-35.478,-8.526],[-35.479,-8.535],[-35.477,-8.533],[-35.477,-8.539],[-35.472,-8.541],[-35.471,-8.546],[-35.47,-8.552],[-35.464,-8.555],[-35.457,-8.55],[-35.457,-8.552],[-35.45,-8.553],[-35.447,-8.549],[-35.445,-8.55],[-35.445,-8.556],[-35.443,-8.556],[-35.488,-8.584],[-35.474,-8.628],[-35.394,-8.683],[-35.404,-8.714],[-35.342,-8.725]]]}},{"type":"Feature","properties":{"c":"2600500"},"geometry":{"type":"Polygon","coordinates":[[[-37.198,-9.215],[-37.196,-9.205],[-37.192,-9.202],[-37.185,-9.2],[-37.186,-9.195],[-37.182,-9.186],[-37.17,-9.169],[-37.17,-9.167],[-37.167,-9.157],[-37.167,-9.151],[-37.161,-9.14],[-37.159,-9.126],[-37.162,-9.123],[-37.162,-9.106],[-37.163,-9.095],[-37.161,-9.091],[-37.162,-9.084],[-37.162,-9.073],[-37.159,-9.061],[-37.156,-9.054],[-37.15,-9.048],[-37.147,-9.047],[-37.142,-9.037],[-37.135,-9.033],[-37.131,-9.03],[-37.127,-9.021],[-37.126,-9.017],[-37.123,-9.013],[-37.116,-9.011],[-37.115,-9.007],[-37.111,-9.003],[-37.111,-8.997],[-37.106,-8.993],[-37.106,-8.985],[-37.101,-8.977],[-37.099,-8.971],[-37.096,-8.971],[-37.095,-8.967],[-37.088,-8.965],[-37.086,-8.961],[-37.078,-8.951],[-37.078,-8.948],[-37.073,-8.943],[-37.068,-8.942],[-37.064,-8.936],[-37.056,-8.937],[-37.051,-8.932],[-37.052,-8.928],[-37.047,-8.921],[-37.043,-8.919],[-37.04,-8.92],[-37.033,-8.917],[-37.027,-8.917],[-37.025,-8.913],[-37.017,-8.912],[-37.006,-8.907],[-37.0,-8.901],[-36.997,-8.9],[-36.993,-8.897],[-36.988,-8.897],[-36.983,-8.896],[-36.974,-8.895],[-36.963,-8.899],[-36.959,-8.901],[-36.953,-8.901],[-36.951,-8.898],[-36.942,-8.898],[-36.921,-8.901],[-36.91,-8.908],[-36.901,-8.909],[-36.899,-8.903],[-36.896,-8.897],[-36.892,-8.896],[-36.88,-8.894],[-36.876,-8.891],[-36.874,-8.886],[-36.869,-8.887],[-36.866,-8.888],[-36.871,-8.895],[-36.872,-8.905],[-36.874,-8.909],[-36.88,-8.913],[-36.884,-8.926],[-36.888,-8.933],[-36.885,-8.943],[-36.887,-8.953],[-36.885,-8.956],[-36.889,-8.962],[-36.888,-8.969],[-36.895,-8.975],[-36.896,-8.982],[-36.898,-8.983],[-36.901,-8.994],[-36.902,-8.997],[-36.909,-9.005],[-36.91,-9.012],[-36.914,-9.017],[-36.917,-9.018],[-36.92,-9.024],[-36.925,-9.025],[-36.93,-9.032],[-36.928,-9.034],[-36.929,-9.041],[-36.932,-9.045],[-36.931,-9.05],[-36.933,-9.052],[-36.94,-9.052],[-36.939,-9.059],[-36.94,-9.068],[-36.952,-9.08],[-36.954,-9.086],[-36.957,-9.088],[-36.958,-9.095],[-36.962,-9.101],[-36.966,-9.104],[-36.97,-9.112],[-36.974,-9.114],[-36.973,-9.121],[-36.975,-9.124],[-36.985,-9.129],[-36.986,-9.134],[-36.984,-9.137],[-36.98,-9.148],[-36.977,-9.152],[-36.977,-9.159],[-36.969,-9.163],[-36.968,-9.167],[-36.957,-9.179],[-36.953,-9.176],[-36.949,-9.179],[-36.945,-9.178],[-36.944,-9.18],[-36.946,-9.186],[-36.95,-9.19],[-36.95,-9.195],[-36.953,-9.206],[-36.953,-9.212],[-36.963,-9.22],[-36.966,-9.224],[-36.965,-9.235],[-36.97,-9.239],[-36.974,-9.245],[-36.977,-9.246],[-36.982,-9.246],[-36.985,-9.249],[-36.992,-9.25],[-36.996,-9.252],[-37.001,-9.257],[-37.003,-9.262],[-37.013,-9.266],[-37.015,-9.269],[-37.022,-9.263],[-37.031,-9.268],[-37.037,-9.276],[-37.038,-9.282],[-37.037,-9.286],[-37.042,-9.291],[-37.048,-9.291],[-37.054,-9.302],[-37.055,-9.307],[-37.058,-9.318],[-37.062,-9.304],[-37.062,-9.297],[-37.058,-9.291],[-37.057,-9.282],[-37.063,-9.274],[-37.067,-9.267],[-37.078,-9.256],[-37.091,-9.246],[-37.099,-9.244],[-37.108,-9.239],[-37.116,-9.241],[-37.126,-9.253],[-37.13,-9.26],[-37.142,-9.268],[-37.153,-9.271],[-37.157,-9.273],[-37.164,-9.276],[-37.169,-9.272],[-37.169,-9.263],[-37.17,-9.258],[-37.168,-9.252],[-37.161,-9.244],[-37.159,-9.24],[-37.16,-9.238],[-37.198,-9.215]]]}},{"type":"Feature","properties":{"c":"2600609"},"geometry":{"type":"Polygon","coordinates":[[[-36.821,-8.418],[-36.821,-8.417],[-36.802,-8.426],[-36.785,-8.423],[-36.702,-8.421],[-36.677,-8.526],[-36.688,-8.529],[-36.69,-8.525],[-36.696,-8.525],[-36.698,-8.528],[-36.704,-8.531],[-36.709,-8.532],[-36.715,-8.535],[-36.716,-8.538],[-36.719,-8.539],[-36.724,-8.548],[-36.725,-8.56],[-36.731,-8.566],[-36.739,-8.567],[-36.756,-8.596],[-36.778,-8.589],[-36.781,-8.589],[-36.783,-8.589],[-36.784,-8.581],[-36.783,-8.576],[-36.78,-8.57],[-36.779,-8.564],[-36.786,-8.556],[-36.789,-8.548],[-36.787,-8.545],[-36.826,-8.504],[-36.821,-8.418]]]}},{"type":"Feature","properties":{"c":"2600708"},"geometry":{"type":"Polygon","coordinates":[[[-35.26,-7.676],[-35.258,-7.673],[-35.257,-7.661],[-35.261,-7.658],[-35.26,-7.655],[-35.256,-7.656],[-35.258,-7.652],[-35.255,-7.65],[-35.254,-7.647],[-35.257,-7.644],[-35.273,-7.591],[-35.272,-7.591],[-35.255,-7.544],[-35.22,-7.533],[-35.216,-7.528],[-35.217,-7.526],[-35.212,-7.526],[-35.208,-7.522],[-35.206,-7.518],[-35.204,-7.522],[-35.2,-7.518],[-35.197,-7.52],[-35.195,-7.516],[-35.19,-7.517],[-35.193,-7.513],[-35.188,-7.509],[-35.184,-7.509],[-35.181,-7.506],[-35.177,-7.505],[-35.175,-7.502],[-35.172,-7.503],[-35.167,-7.501],[-35.163,-7.503],[-35.157,-7.502],[-35.153,-7.505],[-35.143,-7.509],[-35.141,-7.508],[-35.14,-7.512],[-35.139,-7.521],[-35.132,-7.529],[-35.13,-7.534],[-35.125,-7.538],[-35.123,-7.541],[-35.12,-7.541],[-35.122,-7.536],[-35.118,-7.534],[-35.112,-7.537],[-35.111,-7.533],[-35.107,-7.531],[-35.103,-7.537],[-35.099,-7.538],[-35.097,-7.544],[-35.102,-7.548],[-35.101,-7.555],[-35.104,-7.557],[-35.111,-7.559],[-35.115,-7.555],[-35.119,-7.562],[-35.123,-7.562],[-35.123,-7.565],[-35.127,-7.568],[-35.129,-7.565],[-35.146,-7.616],[-35.147,-7.62],[-35.122,-7.669],[-35.127,-7.663],[-35.13,-7.662],[-35.132,-7.659],[-35.137,-7.657],[-35.135,-7.681],[-35.14,-7.683],[-35.14,-7.687],[-35.143,-7.685],[-35.149,-7.689],[-35.159,-7.689],[-35.157,-7.693],[-35.159,-7.699],[-35.161,-7.701],[-35.156,-7.709],[-35.156,-7.712],[-35.159,-7.71],[-35.165,-7.714],[-35.168,-7.709],[-35.185,-7.688],[-35.212,-7.681],[-35.214,-7.683],[-35.222,-7.687],[-35.226,-7.69],[-35.231,-7.69],[-35.236,-7.695],[-35.241,-7.697],[-35.239,-7.702],[-35.241,-7.705],[-35.26,-7.676]]]}},{"type":"Feature","properties":{"c":"2600807"},"geometry":{"type":"Polygon","coordinates":[[[-36.267,-8.562],[-36.263,-8.553],[-36.243,-8.518],[-36.218,-8.488],[-36.194,-8.47],[-36.153,-8.441],[-36.134,-8.428],[-36.131,-8.401],[-36.119,-8.401],[-36.098,-8.383],[-36.077,-8.379],[-36.076,-8.382],[-36.08,-8.394],[-36.076,-8.399],[-36.071,-8.4],[-36.07,-8.397],[-36.071,-8.392],[-36.063,-8.383],[-36.053,-8.376],[-36.041,-8.381],[-36.04,-8.384],[-36.037,-8.386],[-36.031,-8.384],[-36.027,-8.377],[-36.023,-8.375],[-36.022,-8.365],[-36.021,-8.362],[-36.018,-8.365],[-36.009,-8.364],[-36.007,-8.361],[-36.011,-8.392],[-36.002,-8.432],[-35.983,-8.496],[-35.969,-8.536],[-35.997,-8.547],[-36.0,-8.547],[-36.0,-8.534],[-36.003,-8.534],[-36.006,-8.538],[-36.012,-8.541],[-36.013,-8.544],[-36.01,-8.548],[-36.014,-8.551],[-36.015,-8.556],[-36.022,-8.556],[-36.03,-8.562],[-36.046,-8.568],[-36.057,-8.574],[-36.059,-8.577],[-36.065,-8.576],[-36.069,-8.579],[-36.079,-8.581],[-36.081,-8.586],[-36.085,-8.592],[-36.088,-8.594],[-36.095,-8.591],[-36.168,-8.546],[-36.23,-8.573],[-36.267,-8.562]]]}},{"type":"Feature","properties":{"c":"2600906"},"geometry":{"type":"Polygon","coordinates":[[[-35.548,-8.34],[-35.553,-8.342],[-35.563,-8.343],[-35.563,-8.339],[-35.558,-8.33],[-35.551,-8.327],[-35.529,-8.315],[-35.53,-8.302],[-35.528,-8.297],[-35.522,-8.3],[-35.51,-8.301],[-35.509,-8.311],[-35.499,-8.308],[-35.493,-8.298],[-35.487,-8.291],[-35.488,-8.286],[-35.485,-8.28],[-35.481,-8.276],[-35.479,-8.275],[-35.471,-8.271],[-35.467,-8.265],[-35.467,-8.261],[-35.416,-8.33],[-35.374,-8.381],[-35.406,-8.428],[-35.408,-8.426],[-35.412,-8.429],[-35.418,-8.428],[-35.421,-8.432],[-35.425,-8.427],[-35.432,-8.433],[-35.437,-8.442],[-35.446,-8.452],[-35.447,-8.451],[-35.455,-8.455],[-35.458,-8.456],[-35.461,-8.454],[-35.501,-8.434],[-35.505,-8.434],[-35.507,-8.429],[-35.504,-8.423],[-35.507,-8.418],[-35.514,-8.39],[-35.521,-8.387],[-35.534,-8.388],[-35.534,-8.383],[-35.548,-8.34]]]}},{"type":"Feature","properties":{"c":"2601003"},"geometry":{"type":"Polygon","coordinates":[[[-36.233,-8.933],[-36.256,-8.953],[-36.306,-8.953],[-36.322,-8.869],[-36.315,-8.843],[-36.342,-8.801],[-36.339,-8.803],[-36.333,-8.803],[-36.329,-8.799],[-36.325,-8.798],[-36.325,-8.806],[-36.321,-8.807],[-36.315,-8.803],[-36.315,-8.805],[-36.319,-8.811],[-36.316,-8.818],[-36.317,-8.82],[-36.316,-8.824],[-36.311,-8.829],[-36.31,-8.827],[-36.305,-8.83],[-36.302,-8.83],[-36.3,-8.833],[-36.295,-8.841],[-36.29,-8.843],[-36.286,-8.841],[-36.283,-8.843],[-36.277,-8.843],[-36.269,-8.84],[-36.266,-8.84],[-36.265,-8.844],[-36.261,-8.848],[-36.265,-8.855],[-36.265,-8.857],[-36.254,-8.857],[-36.25,-8.858],[-36.248,-8.854],[-36.242,-8.857],[-36.243,-8.862],[-36.239,-8.865],[-36.235,-8.87],[-36.231,-8.866],[-36.226,-8.868],[-36.224,-8.867],[-36.217,-8.869],[-36.217,-8.874],[-36.221,-8.876],[-36.225,-8.875],[-36.224,-8.879],[-36.216,-8.884],[-36.233,-8.933]]]}},{"type":"Feature","properties":{"c":"2601052"},"geometry":{"type":"Polygon","coordinates":[[[-35.14,-7.792],[-35.136,-7.787],[-35.126,-7.77],[-35.12,-7.766],[-35.117,-7.757],[-35.11,-7.749],[-35.112,-7.741],[-35.111,-7.736],[-35.106,-7.727],[-35.1,-7.723],[-35.098,-7.729],[-35.094,-7.735],[-35.091,-7.741],[-35.081,-7.742],[-35.075,-7.746],[-35.073,-7.745],[-35.066,-7.748],[-35.054,-7.749],[-35.045,-7.76],[-35.044,-7.763],[-35.039,-7.767],[-35.039,-7.77],[-35.041,-7.775],[-35.038,-7.781],[-35.04,-7.788],[-35.04,-7.794],[-35.037,-7.794],[-35.032,-7.799],[-35.029,-7.8],[-35.027,-7.805],[-35.024,-7.806],[-35.02,-7.814],[-35.021,-7.817],[-35.024,-7.818],[-35.025,-7.822],[-35.032,-7.825],[-35.035,-7.838],[-35.036,-7.842],[-35.037,-7.85],[-35.036,-7.868],[-35.04,-7.873],[-35.052,-7.878],[-35.054,-7.88],[-35.068,-7.812],[-35.073,-7.808],[-35.083,-7.804],[-35.094,-7.806],[-35.099,-7.805],[-35.103,-7.802],[-35.1,-7.809],[-35.102,-7.816],[-35.103,-7.823],[-35.1,-7.828],[-35.102,-7.831],[-35.106,-7.825],[-35.116,-7.817],[-35.12,-7.813],[-35.125,-7.811],[-35.135,-7.799],[-35.14,-7.792]]]}},{"type":"Feature","properties":{"c":"2601102"},"geometry":{"type":"Polygon","coordinates":[[[-40.345,-7.849],[-40.428,-7.872],[-40.432,-7.873],[-40.442,-7.872],[-40.453,-7.876],[-40.457,-7.882],[-40.457,-7.886],[-40.455,-7.888],[-40.457,-7.892],[-40.466,-7.898],[-40.465,-7.905],[-40.468,-7.906],[-40.475,-7.905],[-40.479,-7.91],[-40.48,-7.914],[-40.486,-7.914],[-40.489,-7.916],[-40.492,-7.916],[-40.495,-7.919],[-40.496,-7.925],[-40.5,-7.929],[-40.501,-7.935],[-40.505,-7.944],[-40.512,-7.944],[-40.52,-7.952],[-40.517,-7.958],[-40.52,-7.965],[-40.52,-7.967],[-40.521,-7.974],[-40.52,-7.976],[-40.523,-7.991],[-40.525,-7.992],[-40.526,-7.997],[-40.561,-7.997],[-40.544,-7.965],[-40.544,-7.958],[-40.546,-7.937],[-40.541,-7.887],[-40.538,-7.874],[-40.538,-7.857],[-40.542,-7.838],[-40.548,-7.827],[-40.555,-7.818],[-40.568,-7.809],[-40.578,-7.805],[-40.629,-7.793],[-40.645,-7.787],[-40.654,-7.782],[-40.664,-7.775],[-40.67,-7.768],[-40.674,-7.762],[-40.676,-7.753],[-40.676,-7.748],[-40.673,-7.739],[-40.667,-7.726],[-40.661,-7.721],[-40.651,-7.714],[-40.639,-7.704],[-40.636,-7.7],[-40.628,-7.685],[-40.624,-7.673],[-40.622,-7.658],[-40.622,-7.651],[-40.627,-7.632],[-40.632,-7.618],[-40.637,-7.609],[-40.646,-7.595],[-40.651,-7.589],[-40.663,-7.579],[-40.677,-7.563],[-40.681,-7.558],[-40.694,-7.539],[-40.701,-7.526],[-40.704,-7.519],[-40.71,-7.501],[-40.714,-7.494],[-40.715,-7.488],[-40.715,-7.481],[-40.713,-7.473],[-40.706,-7.46],[-40.701,-7.456],[-40.672,-7.453],[-40.663,-7.449],[-40.657,-7.439],[-40.654,-7.438],[-40.652,-7.433],[-40.548,-7.393],[-40.543,-7.36],[-40.54,-7.341],[-40.542,-7.332],[-40.536,-7.327],[-40.524,-7.318],[-40.51,-7.323],[-40.5,-7.328],[-40.483,-7.339],[-40.476,-7.345],[-40.449,-7.361],[-40.434,-7.367],[-40.411,-7.369],[-40.394,-7.368],[-40.387,-7.367],[-40.373,-7.362],[-40.361,-7.356],[-40.358,-7.352],[-40.354,-7.344],[-40.351,-7.334],[-40.345,-7.329],[-40.272,-7.562],[-40.324,-7.647],[-40.338,-7.672],[-40.36,-7.71],[-40.36,-7.712],[-40.353,-7.825],[-40.351,-7.833],[-40.346,-7.841],[-40.344,-7.842],[-40.345,-7.849]]]}},{"type":"Feature","properties":{"c":"2601201"},"geometry":{"type":"Polygon","coordinates":[[[-37.149,-8.403],[-37.142,-8.403],[-37.131,-8.398],[-37.126,-8.398],[-37.12,-8.396],[-37.119,-8.393],[-37.115,-8.392],[-37.11,-8.385],[-37.102,-8.384],[-37.101,-8.377],[-37.098,-8.373],[-37.094,-8.37],[-37.087,-8.369],[-37.082,-8.366],[-37.078,-8.361],[-37.071,-8.354],[-37.063,-8.351],[-37.058,-8.353],[-37.048,-8.348],[-37.044,-8.342],[-37.036,-8.322],[-37.036,-8.314],[-37.029,-8.304],[-37.032,-8.3],[-37.021,-8.29],[-37.012,-8.294],[-37.004,-8.296],[-36.991,-8.303],[-36.985,-8.302],[-36.978,-8.297],[-36.975,-8.297],[-36.96,-8.3],[-36.955,-8.299],[-36.949,-8.295],[-36.947,-8.291],[-36.948,-8.284],[-36.947,-8.277],[-36.942,-8.274],[-36.933,-8.273],[-36.923,-8.27],[-36.914,-8.261],[-36.909,-8.253],[-36.908,-8.253],[-36.91,-8.255],[-36.91,-8.296],[-36.918,-8.36],[-36.928,-8.393],[-36.928,-8.424],[-36.924,-8.427],[-36.922,-8.43],[-36.917,-8.433],[-36.913,-8.432],[-36.903,-8.438],[-36.907,-8.444],[-36.897,-8.442],[-36.904,-8.444],[-36.911,-8.449],[-36.918,-8.459],[-36.924,-8.464],[-36.933,-8.457],[-36.936,-8.448],[-36.938,-8.446],[-36.945,-8.444],[-36.95,-8.448],[-36.951,-8.445],[-36.959,-8.444],[-36.961,-8.445],[-36.964,-8.444],[-36.969,-8.444],[-36.979,-8.449],[-36.983,-8.451],[-36.986,-8.448],[-36.985,-8.445],[-36.988,-8.439],[-36.991,-8.436],[-36.999,-8.439],[-37.007,-8.447],[-37.003,-8.452],[-37.006,-8.458],[-37.004,-8.466],[-37.007,-8.474],[-37.012,-8.478],[-37.016,-8.484],[-37.02,-8.488],[-37.023,-8.499],[-37.082,-8.448],[-37.09,-8.441],[-37.12,-8.433],[-37.139,-8.427],[-37.149,-8.403]]]}},{"type":"Feature","properties":{"c":"2601300"},"geometry":{"type":"Polygon","coordinates":[[[-35.7,-8.373],[-35.656,-8.378],[-35.635,-8.374],[-35.55,-8.358],[-35.555,-8.363],[-35.561,-8.369],[-35.562,-8.376],[-35.581,-8.392],[-35.583,-8.395],[-35.587,-8.397],[-35.597,-8.408],[-35.597,-8.413],[-35.59,-8.417],[-35.588,-8.42],[-35.577,-8.431],[-35.665,-8.493],[-35.688,-8.444],[-35.677,-8.401],[-35.68,-8.398],[-35.681,-8.394],[-35.677,-8.39],[-35.679,-8.388],[-35.684,-8.387],[-35.694,-8.381],[-35.696,-8.374],[-35.7,-8.373]]]}},{"type":"Feature","properties":{"c":"2601409"},"geometry":{"type":"Polygon","coordinates":[[[-35.103,-8.785],[-35.104,-8.79],[-35.107,-8.794],[-35.114,-8.798],[-35.118,-8.802],[-35.12,-8.808],[-35.125,-8.817],[-35.13,-8.825],[-35.134,-8.836],[-35.134,-8.843],[-35.13,-8.862],[-35.132,-8.861],[-35.133,-8.854],[-35.14,-8.843],[-35.135,-8.833],[-35.137,-8.83],[-35.264,-8.856],[-35.261,-8.856],[-35.255,-8.863],[-35.248,-8.869],[-35.246,-8.875],[-35.243,-8.88],[-35.235,-8.883],[-35.238,-8.883],[-35.253,-8.887],[-35.265,-8.881],[-35.275,-8.877],[-35.278,-8.875],[-35.288,-8.877],[-35.395,-8.85],[-35.4,-8.85],[-35.408,-8.841],[-35.409,-8.838],[-35.405,-8.837],[-35.402,-8.832],[-35.401,-8.828],[-35.399,-8.827],[-35.398,-8.821],[-35.395,-8.818],[-35.392,-8.819],[-35.388,-8.817],[-35.382,-8.819],[-35.37,-8.81],[-35.368,-8.807],[-35.361,-8.806],[-35.354,-8.805],[-35.34,-8.798],[-35.333,-8.798],[-35.327,-8.797],[-35.324,-8.795],[-35.316,-8.792],[-35.313,-8.793],[-35.302,-8.792],[-35.294,-8.788],[-35.29,-8.787],[-35.284,-8.789],[-35.269,-8.782],[-35.265,-8.779],[-35.263,-8.784],[-35.254,-8.783],[-35.259,-8.778],[-35.261,-8.773],[-35.254,-8.773],[-35.25,-8.771],[-35.25,-8.775],[-35.247,-8.776],[-35.235,-8.757],[-35.224,-8.754],[-35.218,-8.756],[-35.213,-8.763],[-35.207,-8.762],[-35.201,-8.768],[-35.192,-8.774],[-35.186,-8.772],[-35.185,-8.77],[-35.181,-8.771],[-35.179,-8.775],[-35.17,-8.776],[-35.168,-8.777],[-35.163,-8.776],[-35.161,-8.778],[-35.152,-8.775],[-35.147,-8.782],[-35.137,-8.785],[-35.133,-8.788],[-35.129,-8.793],[-35.125,-8.801],[-35.12,-8.8],[-35.117,-8.797],[-35.105,-8.789],[-35.103,-8.785]]]}},{"type":"Feature","properties":{"c":"2601508"},"geometry":{"type":"Polygon","coordinates":[[[-35.853,-8.606],[-35.85,-8.598],[-35.85,-8.593],[-35.847,-8.583],[-35.844,-8.58],[-35.839,-8.579],[-35.856,-8.539],[-35.854,-8.538],[-35.85,-8.541],[-35.842,-8.541],[-35.845,-8.533],[-35.842,-8.528],[-35.838,-8.526],[-35.833,-8.528],[-35.827,-8.528],[-35.825,-8.523],[-35.819,-8.547],[-35.814,-8.552],[-35.802,-8.546],[-35.814,-8.585],[-35.807,-8.585],[-35.804,-8.595],[-35.759,-8.673],[-35.77,-8.673],[-35.774,-8.675],[-35.775,-8.674],[-35.779,-8.677],[-35.783,-8.673],[-35.788,-8.674],[-35.791,-8.668],[-35.799,-8.667],[-35.804,-8.672],[-35.81,-8.673],[-35.807,-8.65],[-35.809,-8.65],[-35.817,-8.647],[-35.816,-8.642],[-35.818,-8.637],[-35.823,-8.631],[-35.829,-8.626],[-35.834,-8.631],[-35.839,-8.629],[-35.842,-8.625],[-35.855,-8.614],[-35.856,-8.611],[-35.853,-8.606]]]}},{"type":"Feature","properties":{"c":"2601607"},"geometry":{"type":"Polygon","coordinates":[[[-38.629,-8.621],[-38.835,-8.692],[-38.844,-8.696],[-38.846,-8.71],[-38.846,-8.715],[-38.849,-8.722],[-38.853,-8.725],[-38.854,-8.732],[-38.851,-8.738],[-38.852,-8.751],[-38.851,-8.756],[-38.852,-8.761],[-38.851,-8.766],[-38.849,-8.768],[-38.857,-8.774],[-38.857,-8.778],[-38.854,-8.782],[-38.855,-8.785],[-38.868,-8.784],[-38.876,-8.786],[-38.885,-8.79],[-38.899,-8.791],[-38.91,-8.794],[-38.916,-8.793],[-38.928,-8.796],[-38.937,-8.802],[-38.944,-8.804],[-38.952,-8.805],[-38.956,-8.802],[-38.963,-8.796],[-38.967,-8.794],[-38.975,-8.794],[-38.977,-8.793],[-38.986,-8.78],[-38.989,-8.772],[-38.992,-8.768],[-38.999,-8.761],[-39.011,-8.756],[-39.024,-8.747],[-39.026,-8.743],[-39.034,-8.736],[-39.043,-8.733],[-39.056,-8.733],[-39.07,-8.73],[-39.102,-8.72],[-39.113,-8.718],[-39.122,-8.716],[-39.129,-8.715],[-39.135,-8.714],[-39.144,-8.713],[-39.157,-8.707],[-39.162,-8.702],[-39.167,-8.693],[-39.17,-8.693],[-39.174,-8.701],[-39.181,-8.706],[-39.192,-8.707],[-39.195,-8.71],[-39.201,-8.711],[-39.218,-8.708],[-39.221,-8.711],[-39.229,-8.71],[-39.234,-8.705],[-39.241,-8.691],[-39.245,-8.684],[-39.246,-8.676],[-39.248,-8.669],[-39.245,-8.662],[-39.247,-8.654],[-39.247,-8.648],[-39.242,-8.642],[-39.242,-8.636],[-39.248,-8.625],[-39.253,-8.62],[-39.263,-8.615],[-39.268,-8.609],[-39.269,-8.604],[-39.273,-8.596],[-39.272,-8.59],[-39.273,-8.584],[-39.266,-8.579],[-39.264,-8.576],[-39.256,-8.567],[-39.25,-8.555],[-39.245,-8.55],[-39.241,-8.54],[-39.236,-8.536],[-39.232,-8.542],[-39.229,-8.542],[-39.228,-8.538],[-39.225,-8.537],[-39.22,-8.532],[-39.211,-8.532],[-39.209,-8.529],[-39.21,-8.526],[-39.214,-8.525],[-39.215,-8.522],[-39.203,-8.512],[-39.2,-8.512],[-39.196,-8.515],[-39.19,-8.515],[-39.187,-8.512],[-39.184,-8.511],[-39.175,-8.514],[-39.173,-8.513],[-39.176,-8.504],[-39.171,-8.503],[-39.166,-8.498],[-39.16,-8.504],[-39.152,-8.504],[-39.153,-8.509],[-39.149,-8.516],[-39.147,-8.515],[-39.145,-8.51],[-39.133,-8.507],[-39.135,-8.504],[-39.125,-8.495],[-39.13,-8.489],[-39.129,-8.486],[-39.125,-8.483],[-39.123,-8.479],[-39.119,-8.479],[-39.118,-8.481],[-39.112,-8.48],[-39.11,-8.478],[-39.116,-8.469],[-39.113,-8.465],[-39.106,-8.466],[-39.101,-8.462],[-39.105,-8.458],[-39.103,-8.452],[-39.097,-8.451],[-39.096,-8.448],[-39.088,-8.449],[-39.089,-8.443],[-39.084,-8.442],[-39.084,-8.433],[-39.09,-8.43],[-39.088,-8.428],[-39.089,-8.421],[-39.085,-8.419],[-39.082,-8.414],[-39.073,-8.414],[-39.069,-8.416],[-39.064,-8.412],[-39.063,-8.409],[-39.067,-8.404],[-39.064,-8.401],[-39.064,-8.393],[-39.068,-8.39],[-39.067,-8.386],[-39.06,-8.386],[-39.056,-8.384],[-39.052,-8.385],[-39.05,-8.381],[-39.047,-8.38],[-39.041,-8.381],[-39.041,-8.378],[-39.037,-8.379],[-39.03,-8.373],[-39.023,-8.375],[-39.019,-8.374],[-39.015,-8.375],[-39.012,-8.38],[-39.009,-8.378],[-38.997,-8.374],[-38.995,-8.371],[-38.997,-8.366],[-38.994,-8.355],[-38.991,-8.357],[-38.988,-8.354],[-38.983,-8.354],[-38.979,-8.357],[-38.975,-8.353],[-38.968,-8.354],[-38.964,-8.351],[-38.961,-8.355],[-38.952,-8.357],[-38.95,-8.355],[-38.944,-8.354],[-38.94,-8.355],[-38.938,-8.354],[-38.928,-8.357],[-38.922,-8.347],[-38.915,-8.34],[-38.915,-8.334],[-38.911,-8.33],[-38.889,-8.348],[-38.886,-8.358],[-38.888,-8.363],[-38.887,-8.368],[-38.881,-8.374],[-38.879,-8.374],[-38.876,-8.379],[-38.877,-8.385],[-38.873,-8.39],[-38.875,-8.396],[-38.872,-8.397],[-38.872,-8.4],[-38.869,-8.401],[-38.87,-8.409],[-38.859,-8.415],[-38.859,-8.418],[-38.85,-8.426],[-38.851,-8.428],[-38.847,-8.431],[-38.845,-8.437],[-38.84,-8.441],[-38.844,-8.448],[-38.846,-8.454],[-38.845,-8.457],[-38.849,-8.465],[-38.849,-8.469],[-38.846,-8.473],[-38.84,-8.476],[-38.837,-8.481],[-38.836,-8.477],[-38.832,-8.477],[-38.833,-8.487],[-38.832,-8.493],[-38.829,-8.495],[-38.831,-8.497],[-38.831,-8.502],[-38.835,-8.505],[-38.834,-8.508],[-38.829,-8.505],[-38.818,-8.505],[-38.806,-8.513],[-38.799,-8.514],[-38.792,-8.526],[-38.788,-8.53],[-38.785,-8.529],[-38.777,-8.536],[-38.777,-8.543],[-38.774,-8.549],[-38.777,-8.551],[-38.775,-8.555],[-38.771,-8.556],[-38.77,-8.563],[-38.766,-8.563],[-38.765,-8.567],[-38.767,-8.57],[-38.757,-8.575],[-38.744,-8.574],[-38.74,-8.577],[-38.734,-8.578],[-38.728,-8.581],[-38.724,-8.581],[-38.715,-8.584],[-38.71,-8.584],[-38.706,-8.587],[-38.702,-8.587],[-38.686,-8.591],[-38.682,-8.591],[-38.677,-8.594],[-38.674,-8.594],[-38.667,-8.596],[-38.664,-8.601],[-38.66,-8.602],[-38.653,-8.6],[-38.651,-8.602],[-38.656,-8.607],[-38.651,-8.608],[-38.651,-8.614],[-38.646,-8.615],[-38.637,-8.614],[-38.635,-8.617],[-38.63,-8.618],[-38.629,-8.621]]]}},{"type":"Feature","properties":{"c":"2601706"},"geometry":{"type":"Polygon","coordinates":[[[-36.361,-8.389],[-36.374,-8.391],[-36.375,-8.389],[-36.382,-8.391],[-36.385,-8.389],[-36.394,-8.39],[-36.399,-8.386],[-36.405,-8.375],[-36.408,-8.376],[-36.409,-8.382],[-36.413,-8.382],[-36.418,-8.386],[-36.424,-8.387],[-36.436,-8.399],[-36.447,-8.4],[-36.449,-8.398],[-36.454,-8.388],[-36.457,-8.391],[-36.466,-8.388],[-36.47,-8.391],[-36.469,-8.396],[-36.472,-8.402],[-36.478,-8.403],[-36.476,-8.405],[-36.481,-8.407],[-36.482,-8.402],[-36.487,-8.402],[-36.49,-8.406],[-36.485,-8.41],[-36.493,-8.409],[-36.499,-8.411],[-36.502,-8.409],[-36.504,-8.403],[-36.511,-8.402],[-36.493,-8.384],[-36.485,-8.314],[-36.489,-8.316],[-36.494,-8.316],[-36.495,-8.323],[-36.501,-8.325],[-36.511,-8.321],[-36.515,-8.317],[-36.516,-8.313],[-36.525,-8.307],[-36.526,-8.303],[-36.52,-8.298],[-36.498,-8.288],[-36.498,-8.281],[-36.494,-8.279],[-36.495,-8.272],[-36.499,-8.27],[-36.498,-8.266],[-36.491,-8.26],[-36.486,-8.253],[-36.491,-8.236],[-36.494,-8.232],[-36.5,-8.236],[-36.504,-8.232],[-36.508,-8.231],[-36.517,-8.232],[-36.523,-8.239],[-36.525,-8.246],[-36.527,-8.246],[-36.53,-8.239],[-36.538,-8.238],[-36.542,-8.24],[-36.542,-8.248],[-36.536,-8.251],[-36.538,-8.255],[-36.541,-8.255],[-36.548,-8.262],[-36.553,-8.267],[-36.555,-8.272],[-36.56,-8.274],[-36.56,-8.282],[-36.606,-8.212],[-36.594,-8.209],[-36.586,-8.209],[-36.581,-8.206],[-36.571,-8.208],[-36.564,-8.206],[-36.56,-8.208],[-36.547,-8.21],[-36.545,-8.206],[-36.54,-8.201],[-36.538,-8.198],[-36.531,-8.192],[-36.532,-8.185],[-36.525,-8.182],[-36.522,-8.175],[-36.517,-8.165],[-36.512,-8.158],[-36.507,-8.157],[-36.502,-8.151],[-36.498,-8.145],[-36.495,-8.139],[-36.491,-8.133],[-36.493,-8.131],[-36.494,-8.127],[-36.444,-8.146],[-36.372,-8.208],[-36.366,-8.211],[-36.366,-8.217],[-36.364,-8.22],[-36.362,-8.226],[-36.357,-8.22],[-36.354,-8.219],[-36.351,-8.213],[-36.348,-8.201],[-36.345,-8.194],[-36.34,-8.188],[-36.337,-8.177],[-36.331,-8.164],[-36.269,-8.161],[-36.239,-8.169],[-36.239,-8.171],[-36.245,-8.176],[-36.245,-8.181],[-36.251,-8.187],[-36.246,-8.187],[-36.248,-8.193],[-36.245,-8.199],[-36.238,-8.209],[-36.234,-8.209],[-36.232,-8.213],[-36.225,-8.219],[-36.22,-8.22],[-36.212,-8.225],[-36.207,-8.226],[-36.208,-8.229],[-36.206,-8.236],[-36.208,-8.239],[-36.215,-8.242],[-36.217,-8.245],[-36.231,-8.256],[-36.239,-8.263],[-36.242,-8.269],[-36.252,-8.276],[-36.264,-8.28],[-36.267,-8.284],[-36.28,-8.284],[-36.285,-8.283],[-36.288,-8.285],[-36.304,-8.286],[-36.316,-8.296],[-36.315,-8.291],[-36.333,-8.296],[-36.339,-8.305],[-36.337,-8.314],[-36.337,-8.319],[-36.335,-8.322],[-36.361,-8.389]]]}},{"type":"Feature","properties":{"c":"2601805"},"geometry":{"type":"Polygon","coordinates":[[[-37.939,-8.069],[-37.936,-8.064],[-37.929,-8.067],[-37.928,-8.07],[-37.92,-8.075],[-37.91,-8.075],[-37.906,-8.073],[-37.902,-8.074],[-37.899,-8.079],[-37.893,-8.081],[-37.889,-8.08],[-37.881,-8.075],[-37.866,-8.079],[-37.858,-8.081],[-37.849,-8.084],[-37.839,-8.079],[-37.834,-8.08],[-37.832,-8.076],[-37.828,-8.076],[-37.822,-8.078],[-37.815,-8.078],[-37.811,-8.081],[-37.799,-8.2],[-37.802,-8.211],[-37.806,-8.213],[-37.812,-8.22],[-37.812,-8.223],[-37.816,-8.227],[-37.821,-8.229],[-37.829,-8.234],[-37.836,-8.242],[-37.843,-8.246],[-37.844,-8.253],[-37.848,-8.257],[-37.852,-8.265],[-37.851,-8.271],[-37.847,-8.275],[-37.85,-8.283],[-37.855,-8.29],[-37.859,-8.296],[-37.859,-8.3],[-37.853,-8.31],[-37.855,-8.315],[-37.851,-8.317],[-37.853,-8.32],[-37.853,-8.324],[-37.856,-8.325],[-37.86,-8.33],[-37.858,-8.345],[-37.863,-8.353],[-37.873,-8.362],[-37.875,-8.369],[-37.878,-8.374],[-37.883,-8.375],[-37.883,-8.379],[-37.887,-8.385],[-37.891,-8.388],[-37.894,-8.393],[-37.905,-8.401],[-37.909,-8.403],[-37.915,-8.409],[-37.918,-8.416],[-37.921,-8.418],[-37.925,-8.425],[-37.931,-8.43],[-37.932,-8.432],[-37.931,-8.438],[-37.948,-8.448],[-37.954,-8.452],[-37.96,-8.452],[-37.967,-8.459],[-37.978,-8.459],[-37.984,-8.457],[-37.992,-8.455],[-37.997,-8.457],[-38.001,-8.455],[-38.002,-8.453],[-38.007,-8.457],[-38.012,-8.453],[-38.022,-8.45],[-38.025,-8.453],[-38.027,-8.458],[-38.038,-8.46],[-38.04,-8.457],[-38.046,-8.457],[-38.049,-8.451],[-38.055,-8.451],[-38.058,-8.448],[-38.062,-8.449],[-38.063,-8.444],[-38.066,-8.443],[-38.072,-8.445],[-38.07,-8.442],[-38.07,-8.44],[-38.074,-8.439],[-38.08,-8.433],[-38.082,-8.421],[-38.087,-8.42],[-38.088,-8.416],[-38.095,-8.414],[-38.106,-8.413],[-38.114,-8.409],[-38.123,-8.406],[-38.132,-8.408],[-38.139,-8.408],[-38.143,-8.406],[-38.159,-8.402],[-38.161,-8.399],[-38.168,-8.398],[-38.169,-8.395],[-38.167,-8.388],[-38.17,-8.379],[-38.17,-8.374],[-38.172,-8.371],[-38.174,-8.363],[-38.177,-8.359],[-38.183,-8.357],[-38.182,-8.351],[-38.185,-8.349],[-38.187,-8.342],[-38.188,-8.335],[-38.191,-8.329],[-38.19,-8.326],[-38.194,-8.319],[-38.194,-8.305],[-38.19,-8.301],[-38.193,-8.291],[-38.19,-8.287],[-38.185,-8.284],[-38.183,-8.28],[-38.178,-8.28],[-38.179,-8.277],[-38.179,-8.273],[-38.178,-8.268],[-38.172,-8.266],[-38.167,-8.266],[-38.168,-8.256],[-38.169,-8.253],[-38.173,-8.251],[-38.174,-8.247],[-38.167,-8.239],[-38.163,-8.236],[-38.159,-8.23],[-38.154,-8.227],[-38.152,-8.223],[-38.141,-8.222],[-38.133,-8.216],[-38.127,-8.217],[-38.119,-8.221],[-38.113,-8.215],[-38.114,-8.202],[-38.11,-8.197],[-38.107,-8.187],[-38.093,-8.178],[-38.09,-8.173],[-38.086,-8.164],[-38.063,-8.148],[-38.057,-8.151],[-38.048,-8.151],[-38.033,-8.141],[-38.027,-8.139],[-38.028,-8.134],[-38.025,-8.122],[-38.017,-8.12],[-38.011,-8.115],[-37.993,-8.093],[-37.982,-8.083],[-37.973,-8.08],[-37.968,-8.082],[-37.961,-8.08],[-37.959,-8.081],[-37.954,-8.078],[-37.942,-8.078],[-37.939,-8.069]]]}},{"type":"Feature","properties":{"c":"2601904"},"geometry":{"type":"Polygon","coordinates":[[[-35.65,-8.105],[-35.63,-8.104],[-35.656,-8.159],[-35.652,-8.203],[-35.659,-8.204],[-35.667,-8.209],[-35.673,-8.209],[-35.686,-8.212],[-35.691,-8.216],[-35.698,-8.217],[-35.704,-8.221],[-35.706,-8.221],[-35.712,-8.225],[-35.712,-8.236],[-35.719,-8.244],[-35.719,-8.249],[-35.725,-8.251],[-35.727,-8.255],[-35.738,-8.266],[-35.74,-8.273],[-35.744,-8.274],[-35.748,-8.277],[-35.747,-8.28],[-35.752,-8.288],[-35.758,-8.29],[-35.777,-8.298],[-35.775,-8.301],[-35.776,-8.308],[-35.769,-8.313],[-35.773,-8.317],[-35.783,-8.324],[-35.785,-8.327],[-35.79,-8.327],[-35.797,-8.336],[-35.8,-8.338],[-35.801,-8.344],[-35.805,-8.348],[-35.806,-8.353],[-35.803,-8.355],[-35.809,-8.361],[-35.835,-8.369],[-35.846,-8.379],[-35.859,-8.375],[-35.869,-8.381],[-35.876,-8.378],[-35.884,-8.381],[-35.887,-8.383],[-35.897,-8.386],[-35.903,-8.384],[-35.904,-8.384],[-35.903,-8.375],[-35.921,-8.366],[-35.918,-8.36],[-35.911,-8.359],[-35.903,-8.354],[-35.895,-8.353],[-35.89,-8.351],[-35.887,-8.347],[-35.887,-8.345],[-35.879,-8.331],[-35.876,-8.329],[-35.872,-8.321],[-35.863,-8.314],[-35.857,-8.306],[-35.854,-8.303],[-35.853,-8.299],[-35.857,-8.296],[-35.859,-8.288],[-35.863,-8.287],[-35.862,-8.283],[-35.856,-8.279],[-35.854,-8.275],[-35.852,-8.273],[-35.852,-8.271],[-35.88,-8.206],[-35.883,-8.199],[-35.888,-8.19],[-35.891,-8.179],[-35.888,-8.172],[-35.883,-8.17],[-35.873,-8.162],[-35.868,-8.166],[-35.861,-8.165],[-35.858,-8.162],[-35.854,-8.162],[-35.849,-8.158],[-35.848,-8.154],[-35.849,-8.148],[-35.844,-8.146],[-35.846,-8.139],[-35.848,-8.138],[-35.846,-8.131],[-35.842,-8.126],[-35.844,-8.124],[-35.842,-8.119],[-35.837,-8.118],[-35.836,-8.114],[-35.65,-8.105]]]}},{"type":"Feature","properties":{"c":"2602001"},"geometry":{"type":"Polygon","coordinates":[[[-40.104,-7.687],[-40.131,-7.526],[-40.157,-7.371],[-40.138,-7.379],[-40.128,-7.382],[-40.087,-7.383],[-40.076,-7.383],[-40.045,-7.381],[-40.001,-7.374],[-39.994,-7.371],[-39.953,-7.354],[-39.944,-7.349],[-39.938,-7.347],[-39.926,-7.341],[-39.91,-7.337],[-39.905,-7.338],[-39.904,-7.518],[-39.904,-7.707],[-39.815,-7.691],[-39.788,-7.804],[-39.763,-7.913],[-39.853,-8.028],[-39.855,-8.028],[-39.861,-8.022],[-39.861,-8.018],[-39.866,-8.014],[-39.871,-8.013],[-39.874,-8.01],[-39.874,-8.003],[-39.875,-8.0],[-39.878,-8.0],[-39.881,-7.997],[-39.882,-7.991],[-39.888,-7.991],[-39.892,-7.985],[-39.896,-7.976],[-39.899,-7.975],[-39.901,-7.978],[-39.903,-7.977],[-39.905,-7.969],[-39.908,-7.963],[-39.909,-7.957],[-39.911,-7.954],[-39.91,-7.951],[-39.91,-7.941],[-39.917,-7.932],[-39.927,-7.92],[-39.93,-7.916],[-39.933,-7.915],[-39.932,-7.907],[-39.929,-7.906],[-39.932,-7.902],[-39.938,-7.9],[-39.939,-7.896],[-39.943,-7.893],[-39.94,-7.889],[-39.937,-7.889],[-39.939,-7.885],[-39.936,-7.883],[-39.938,-7.88],[-39.934,-7.875],[-39.936,-7.869],[-39.934,-7.869],[-39.932,-7.864],[-39.934,-7.862],[-39.931,-7.86],[-39.928,-7.853],[-39.933,-7.846],[-39.933,-7.836],[-39.938,-7.832],[-39.937,-7.825],[-39.945,-7.819],[-39.955,-7.815],[-39.965,-7.813],[-39.968,-7.81],[-39.972,-7.809],[-39.977,-7.805],[-39.98,-7.804],[-39.992,-7.804],[-39.994,-7.801],[-40.003,-7.8],[-40.008,-7.797],[-40.01,-7.793],[-40.016,-7.794],[-40.019,-7.793],[-40.027,-7.796],[-40.032,-7.796],[-40.042,-7.799],[-40.054,-7.805],[-40.058,-7.805],[-40.065,-7.808],[-40.073,-7.81],[-40.083,-7.809],[-40.09,-7.795],[-40.094,-7.793],[-40.097,-7.784],[-40.095,-7.781],[-40.089,-7.778],[-40.104,-7.687]]]}},{"type":"Feature","properties":{"c":"2602100"},"geometry":{"type":"Polygon","coordinates":[[[-36.88,-9.276],[-36.882,-9.276],[-36.883,-9.264],[-36.873,-9.168],[-36.769,-9.137],[-36.785,-9.113],[-36.781,-9.106],[-36.776,-9.105],[-36.777,-9.098],[-36.774,-9.098],[-36.77,-9.092],[-36.761,-9.094],[-36.756,-9.092],[-36.75,-9.088],[-36.75,-9.082],[-36.744,-9.068],[-36.74,-9.062],[-36.735,-9.061],[-36.735,-9.058],[-36.731,-9.055],[-36.731,-9.053],[-36.723,-9.044],[-36.72,-9.037],[-36.712,-9.028],[-36.711,-9.026],[-36.705,-9.021],[-36.688,-9.02],[-36.692,-9.041],[-36.691,-9.051],[-36.689,-9.069],[-36.692,-9.075],[-36.702,-9.091],[-36.705,-9.096],[-36.707,-9.114],[-36.703,-9.116],[-36.698,-9.115],[-36.695,-9.116],[-36.684,-9.12],[-36.677,-9.125],[-36.667,-9.123],[-36.663,-9.126],[-36.657,-9.128],[-36.655,-9.125],[-36.65,-9.126],[-36.644,-9.123],[-36.639,-9.122],[-36.633,-9.117],[-36.627,-9.115],[-36.622,-9.121],[-36.616,-9.116],[-36.608,-9.122],[-36.563,-9.119],[-36.533,-9.101],[-36.53,-9.104],[-36.533,-9.109],[-36.527,-9.11],[-36.524,-9.117],[-36.527,-9.118],[-36.517,-9.122],[-36.517,-9.126],[-36.513,-9.13],[-36.511,-9.138],[-36.517,-9.14],[-36.517,-9.144],[-36.512,-9.147],[-36.514,-9.16],[-36.51,-9.163],[-36.506,-9.162],[-36.503,-9.165],[-36.508,-9.17],[-36.507,-9.174],[-36.513,-9.179],[-36.515,-9.182],[-36.52,-9.182],[-36.526,-9.185],[-36.52,-9.193],[-36.523,-9.196],[-36.52,-9.199],[-36.524,-9.206],[-36.525,-9.21],[-36.521,-9.207],[-36.52,-9.212],[-36.524,-9.215],[-36.521,-9.224],[-36.516,-9.227],[-36.514,-9.232],[-36.507,-9.234],[-36.51,-9.24],[-36.511,-9.252],[-36.508,-9.256],[-36.508,-9.261],[-36.5,-9.263],[-36.5,-9.265],[-36.553,-9.283],[-36.572,-9.293],[-36.574,-9.309],[-36.571,-9.316],[-36.572,-9.32],[-36.568,-9.318],[-36.564,-9.324],[-36.567,-9.325],[-36.567,-9.331],[-36.571,-9.332],[-36.578,-9.335],[-36.585,-9.336],[-36.586,-9.338],[-36.592,-9.335],[-36.595,-9.337],[-36.603,-9.338],[-36.603,-9.341],[-36.607,-9.341],[-36.609,-9.333],[-36.613,-9.334],[-36.616,-9.329],[-36.615,-9.324],[-36.619,-9.327],[-36.625,-9.328],[-36.625,-9.332],[-36.629,-9.332],[-36.629,-9.328],[-36.635,-9.327],[-36.635,-9.321],[-36.642,-9.32],[-36.645,-9.314],[-36.65,-9.315],[-36.655,-9.313],[-36.659,-9.316],[-36.663,-9.314],[-36.67,-9.313],[-36.673,-9.31],[-36.675,-9.31],[-36.678,-9.307],[-36.687,-9.301],[-36.689,-9.296],[-36.7,-9.293],[-36.762,-9.271],[-36.797,-9.28],[-36.836,-9.289],[-36.84,-9.288],[-36.847,-9.278],[-36.853,-9.276],[-36.858,-9.273],[-36.867,-9.269],[-36.873,-9.269],[-36.875,-9.274],[-36.88,-9.276]]]}},{"type":"Feature","properties":{"c":"2602209"},"geometry":{"type":"Polygon","coordinates":[[[-35.688,-7.847],[-35.695,-7.847],[-35.7,-7.848],[-35.698,-7.843],[-35.702,-7.834],[-35.708,-7.831],[-35.709,-7.829],[-35.709,-7.817],[-35.712,-7.816],[-35.711,-7.813],[-35.711,-7.805],[-35.71,-7.797],[-35.711,-7.792],[-35.708,-7.787],[-35.708,-7.783],[-35.706,-7.776],[-35.671,-7.776],[-35.672,-7.76],[-35.67,-7.756],[-35.653,-7.757],[-35.652,-7.759],[-35.644,-7.76],[-35.64,-7.758],[-35.631,-7.762],[-35.629,-7.766],[-35.627,-7.763],[-35.624,-7.768],[-35.623,-7.775],[-35.617,-7.773],[-35.62,-7.777],[-35.617,-7.778],[-35.614,-7.782],[-35.61,-7.781],[-35.608,-7.778],[-35.606,-7.772],[-35.585,-7.742],[-35.581,-7.738],[-35.572,-7.734],[-35.567,-7.728],[-35.56,-7.723],[-35.557,-7.723],[-35.554,-7.719],[-35.548,-7.717],[-35.549,-7.723],[-35.544,-7.723],[-35.539,-7.729],[-35.541,-7.735],[-35.53,-7.743],[-35.533,-7.748],[-35.526,-7.749],[-35.523,-7.744],[-35.52,-7.749],[-35.516,-7.75],[-35.512,-7.748],[-35.505,-7.744],[-35.502,-7.739],[-35.493,-7.733],[-35.491,-7.73],[-35.484,-7.73],[-35.446,-7.693],[-35.428,-7.713],[-35.419,-7.721],[-35.457,-7.714],[-35.459,-7.718],[-35.464,-7.72],[-35.468,-7.726],[-35.473,-7.734],[-35.482,-7.744],[-35.482,-7.761],[-35.482,-7.766],[-35.485,-7.772],[-35.485,-7.779],[-35.482,-7.782],[-35.476,-7.785],[-35.477,-7.798],[-35.504,-7.81],[-35.506,-7.804],[-35.519,-7.801],[-35.521,-7.805],[-35.528,-7.808],[-35.535,-7.813],[-35.544,-7.818],[-35.55,-7.824],[-35.554,-7.825],[-35.557,-7.828],[-35.566,-7.832],[-35.569,-7.835],[-35.571,-7.832],[-35.575,-7.831],[-35.581,-7.834],[-35.595,-7.835],[-35.597,-7.838],[-35.683,-7.844],[-35.688,-7.847]]]}},{"type":"Feature","properties":{"c":"2602308"},"geometry":{"type":"Polygon","coordinates":[[[-35.577,-8.431],[-35.566,-8.415],[-35.562,-8.419],[-35.555,-8.425],[-35.551,-8.433],[-35.559,-8.435],[-35.564,-8.439],[-35.562,-8.444],[-35.562,-8.45],[-35.557,-8.449],[-35.553,-8.454],[-35.547,-8.453],[-35.545,-8.456],[-35.549,-8.464],[-35.547,-8.47],[-35.554,-8.473],[-35.557,-8.478],[-35.544,-8.48],[-35.543,-8.487],[-35.551,-8.489],[-35.572,-8.502],[-35.582,-8.51],[-35.591,-8.514],[-35.591,-8.516],[-35.602,-8.523],[-35.609,-8.53],[-35.616,-8.529],[-35.615,-8.534],[-35.619,-8.538],[-35.618,-8.54],[-35.623,-8.542],[-35.633,-8.55],[-35.64,-8.552],[-35.646,-8.534],[-35.711,-8.547],[-35.707,-8.549],[-35.698,-8.548],[-35.699,-8.558],[-35.701,-8.563],[-35.699,-8.568],[-35.701,-8.571],[-35.697,-8.579],[-35.692,-8.588],[-35.697,-8.593],[-35.694,-8.593],[-35.691,-8.597],[-35.7,-8.599],[-35.702,-8.596],[-35.707,-8.591],[-35.706,-8.587],[-35.714,-8.58],[-35.722,-8.579],[-35.724,-8.58],[-35.72,-8.588],[-35.725,-8.592],[-35.73,-8.593],[-35.734,-8.591],[-35.743,-8.591],[-35.749,-8.583],[-35.754,-8.583],[-35.757,-8.59],[-35.762,-8.594],[-35.767,-8.594],[-35.773,-8.6],[-35.777,-8.597],[-35.776,-8.593],[-35.777,-8.591],[-35.781,-8.591],[-35.784,-8.596],[-35.792,-8.6],[-35.794,-8.596],[-35.798,-8.594],[-35.804,-8.595],[-35.807,-8.585],[-35.814,-8.585],[-35.802,-8.546],[-35.814,-8.552],[-35.819,-8.547],[-35.825,-8.523],[-35.823,-8.507],[-35.821,-8.505],[-35.824,-8.498],[-35.838,-8.484],[-35.839,-8.48],[-35.832,-8.472],[-35.829,-8.469],[-35.825,-8.461],[-35.816,-8.465],[-35.814,-8.465],[-35.812,-8.469],[-35.81,-8.469],[-35.799,-8.462],[-35.787,-8.46],[-35.781,-8.456],[-35.777,-8.456],[-35.775,-8.453],[-35.771,-8.454],[-35.769,-8.449],[-35.748,-8.43],[-35.76,-8.41],[-35.752,-8.407],[-35.752,-8.401],[-35.762,-8.384],[-35.722,-8.388],[-35.7,-8.373],[-35.696,-8.374],[-35.694,-8.381],[-35.684,-8.387],[-35.679,-8.388],[-35.677,-8.39],[-35.681,-8.394],[-35.68,-8.398],[-35.677,-8.401],[-35.688,-8.444],[-35.665,-8.493],[-35.577,-8.431]]]}},{"type":"Feature","properties":{"c":"2602407"},"geometry":{"type":"Polygon","coordinates":[[[-36.601,-9.033],[-36.6,-9.031],[-36.596,-9.029],[-36.595,-9.026],[-36.591,-9.023],[-36.594,-9.02],[-36.591,-9.018],[-36.59,-9.014],[-36.592,-9.009],[-36.59,-9.008],[-36.591,-9.004],[-36.596,-8.999],[-36.591,-8.996],[-36.588,-8.997],[-36.584,-8.997],[-36.581,-8.993],[-36.584,-8.993],[-36.585,-8.987],[-36.573,-8.988],[-36.561,-8.99],[-36.57,-8.977],[-36.561,-8.969],[-36.556,-8.966],[-36.552,-8.959],[-36.55,-8.953],[-36.545,-8.956],[-36.532,-8.966],[-36.519,-8.958],[-36.51,-8.954],[-36.506,-8.955],[-36.502,-8.959],[-36.496,-8.958],[-36.492,-8.963],[-36.487,-8.967],[-36.48,-8.97],[-36.478,-9.086],[-36.483,-9.088],[-36.53,-9.104],[-36.533,-9.101],[-36.535,-9.098],[-36.538,-9.101],[-36.545,-9.101],[-36.549,-9.095],[-36.543,-9.092],[-36.545,-9.085],[-36.544,-9.082],[-36.547,-9.079],[-36.559,-9.073],[-36.563,-9.078],[-36.567,-9.077],[-36.56,-9.071],[-36.562,-9.069],[-36.566,-9.071],[-36.57,-9.07],[-36.57,-9.065],[-36.579,-9.065],[-36.578,-9.059],[-36.582,-9.058],[-36.582,-9.051],[-36.586,-9.049],[-36.587,-9.044],[-36.589,-9.044],[-36.593,-9.05],[-36.597,-9.051],[-36.596,-9.045],[-36.593,-9.041],[-36.599,-9.036],[-36.601,-9.033]]]}},{"type":"Feature","properties":{"c":"2602506"},"geometry":{"type":"Polygon","coordinates":[[[-37.367,-7.379],[-37.382,-7.373],[-37.388,-7.374],[-37.394,-7.374],[-37.411,-7.38],[-37.418,-7.375],[-37.422,-7.37],[-37.427,-7.368],[-37.426,-7.364],[-37.432,-7.357],[-37.429,-7.353],[-37.426,-7.353],[-37.415,-7.362],[-37.41,-7.361],[-37.408,-7.358],[-37.402,-7.359],[-37.395,-7.359],[-37.386,-7.357],[-37.372,-7.351],[-37.365,-7.346],[-37.358,-7.341],[-37.351,-7.339],[-37.349,-7.335],[-37.357,-7.323],[-37.357,-7.321],[-37.352,-7.317],[-37.335,-7.295],[-37.333,-7.29],[-37.328,-7.288],[-37.32,-7.29],[-37.314,-7.289],[-37.288,-7.288],[-37.282,-7.279],[-37.275,-7.274],[-37.261,-7.274],[-37.262,-7.307],[-37.263,-7.309],[-37.273,-7.326],[-37.273,-7.334],[-37.271,-7.334],[-37.281,-7.349],[-37.279,-7.354],[-37.281,-7.368],[-37.282,-7.37],[-37.27,-7.393],[-37.29,-7.395],[-37.305,-7.38],[-37.314,-7.367],[-37.324,-7.366],[-37.337,-7.367],[-37.339,-7.369],[-37.346,-7.37],[-37.352,-7.354],[-37.355,-7.359],[-37.357,-7.367],[-37.359,-7.37],[-37.357,-7.373],[-37.357,-7.378],[-37.367,-7.379]]]}},{"type":"Feature","properties":{"c":"2602605"},"geometry":{"type":"Polygon","coordinates":[[[-36.444,-8.146],[-36.38,-7.977],[-36.444,-7.92],[-36.44,-7.92],[-36.423,-7.922],[-36.401,-7.938],[-36.387,-7.939],[-36.381,-7.936],[-36.373,-7.945],[-36.372,-7.952],[-36.36,-7.953],[-36.36,-7.949],[-36.351,-7.956],[-36.354,-7.96],[-36.351,-7.963],[-36.346,-7.96],[-36.343,-7.959],[-36.338,-7.962],[-36.329,-7.968],[-36.325,-7.968],[-36.311,-7.96],[-36.3,-7.95],[-36.297,-7.945],[-36.292,-7.944],[-36.282,-7.945],[-36.276,-7.948],[-36.271,-7.948],[-36.263,-7.954],[-36.251,-7.954],[-36.242,-7.956],[-36.232,-7.956],[-36.227,-7.955],[-36.219,-7.959],[-36.213,-7.959],[-36.206,-7.963],[-36.203,-7.963],[-36.197,-7.958],[-36.191,-7.959],[-36.189,-7.962],[-36.178,-7.969],[-36.168,-7.969],[-36.165,-7.966],[-36.161,-7.966],[-36.159,-7.972],[-36.155,-7.974],[-36.15,-7.973],[-36.151,-7.968],[-36.149,-7.965],[-36.146,-7.963],[-36.136,-7.964],[-36.133,-7.967],[-36.132,-7.97],[-36.128,-7.97],[-36.126,-7.967],[-36.123,-7.969],[-36.114,-7.971],[-36.112,-7.97],[-36.111,-7.978],[-36.107,-7.979],[-36.109,-7.982],[-36.108,-7.988],[-36.112,-7.997],[-36.117,-7.998],[-36.116,-8.001],[-36.123,-8.005],[-36.126,-8.004],[-36.129,-8.009],[-36.132,-8.01],[-36.132,-8.014],[-36.129,-8.015],[-36.134,-8.019],[-36.137,-8.02],[-36.141,-8.024],[-36.146,-8.026],[-36.146,-8.029],[-36.148,-8.032],[-36.154,-8.032],[-36.156,-8.04],[-36.16,-8.042],[-36.158,-8.048],[-36.161,-8.05],[-36.167,-8.049],[-36.168,-8.047],[-36.171,-8.05],[-36.166,-8.054],[-36.166,-8.059],[-36.17,-8.058],[-36.173,-8.061],[-36.177,-8.061],[-36.18,-8.065],[-36.181,-8.071],[-36.177,-8.075],[-36.175,-8.081],[-36.173,-8.096],[-36.17,-8.096],[-36.167,-8.101],[-36.166,-8.114],[-36.167,-8.119],[-36.17,-8.124],[-36.176,-8.128],[-36.179,-8.133],[-36.178,-8.137],[-36.179,-8.142],[-36.178,-8.144],[-36.172,-8.147],[-36.17,-8.155],[-36.165,-8.16],[-36.159,-8.16],[-36.157,-8.165],[-36.153,-8.166],[-36.149,-8.164],[-36.147,-8.173],[-36.145,-8.176],[-36.146,-8.179],[-36.142,-8.187],[-36.138,-8.19],[-36.135,-8.189],[-36.132,-8.191],[-36.123,-8.187],[-36.129,-8.196],[-36.132,-8.197],[-36.139,-8.192],[-36.142,-8.193],[-36.149,-8.198],[-36.155,-8.209],[-36.162,-8.217],[-36.173,-8.223],[-36.18,-8.23],[-36.187,-8.232],[-36.193,-8.236],[-36.207,-8.226],[-36.212,-8.225],[-36.22,-8.22],[-36.225,-8.219],[-36.232,-8.213],[-36.234,-8.209],[-36.238,-8.209],[-36.245,-8.199],[-36.248,-8.193],[-36.246,-8.187],[-36.251,-8.187],[-36.245,-8.181],[-36.245,-8.176],[-36.239,-8.171],[-36.239,-8.169],[-36.269,-8.161],[-36.331,-8.164],[-36.337,-8.177],[-36.34,-8.188],[-36.345,-8.194],[-36.348,-8.201],[-36.351,-8.213],[-36.354,-8.219],[-36.357,-8.22],[-36.362,-8.226],[-36.364,-8.22],[-36.366,-8.217],[-36.366,-8.211],[-36.372,-8.208],[-36.444,-8.146]]]}},{"type":"Feature","properties":{"c":"2602704"},"geometry":{"type":"Polygon","coordinates":[[[-35.406,-7.776],[-35.421,-7.763],[-35.438,-7.75],[-35.413,-7.74],[-35.411,-7.734],[-35.385,-7.724],[-35.37,-7.696],[-35.363,-7.704],[-35.356,-7.71],[-35.34,-7.708],[-35.322,-7.703],[-35.296,-7.711],[-35.26,-7.676],[-35.304,-7.766],[-35.317,-7.774],[-35.344,-7.77],[-35.348,-7.772],[-35.355,-7.779],[-35.358,-7.777],[-35.358,-7.77],[-35.362,-7.767],[-35.367,-7.769],[-35.372,-7.765],[-35.379,-7.762],[-35.388,-7.761],[-35.393,-7.762],[-35.395,-7.767],[-35.406,-7.776]]]}},{"type":"Feature","properties":{"c":"2602803"},"geometry":{"type":"Polygon","coordinates":[[[-37.223,-8.405],[-37.22,-8.407],[-37.209,-8.407],[-37.206,-8.41],[-37.202,-8.419],[-37.199,-8.417],[-37.195,-8.419],[-37.192,-8.417],[-37.187,-8.42],[-37.185,-8.417],[-37.173,-8.415],[-37.164,-8.41],[-37.163,-8.407],[-37.16,-8.404],[-37.149,-8.403],[-37.139,-8.427],[-37.12,-8.433],[-37.09,-8.441],[-37.082,-8.448],[-37.023,-8.499],[-37.072,-8.534],[-37.063,-8.535],[-37.059,-8.537],[-37.058,-8.539],[-37.051,-8.539],[-37.047,-8.542],[-37.039,-8.539],[-37.032,-8.539],[-37.03,-8.541],[-37.025,-8.543],[-37.022,-8.545],[-37.011,-8.542],[-37.002,-8.541],[-36.996,-8.545],[-36.996,-8.551],[-36.992,-8.556],[-36.989,-8.557],[-36.971,-8.711],[-36.993,-8.897],[-36.997,-8.9],[-37.0,-8.901],[-37.006,-8.907],[-37.017,-8.912],[-37.025,-8.913],[-37.027,-8.917],[-37.033,-8.917],[-37.04,-8.92],[-37.043,-8.919],[-37.047,-8.921],[-37.052,-8.928],[-37.051,-8.932],[-37.056,-8.937],[-37.064,-8.936],[-37.068,-8.942],[-37.073,-8.943],[-37.078,-8.948],[-37.078,-8.951],[-37.086,-8.961],[-37.088,-8.965],[-37.095,-8.967],[-37.096,-8.971],[-37.099,-8.971],[-37.101,-8.96],[-37.093,-8.954],[-37.092,-8.949],[-37.089,-8.942],[-37.086,-8.939],[-37.085,-8.937],[-37.088,-8.929],[-37.081,-8.918],[-37.083,-8.909],[-37.085,-8.904],[-37.084,-8.901],[-37.088,-8.895],[-37.086,-8.891],[-37.087,-8.885],[-37.084,-8.881],[-37.084,-8.877],[-37.085,-8.874],[-37.082,-8.87],[-37.08,-8.87],[-37.078,-8.867],[-37.084,-8.855],[-37.087,-8.854],[-37.093,-8.847],[-37.092,-8.844],[-37.098,-8.839],[-37.097,-8.834],[-37.101,-8.832],[-37.108,-8.83],[-37.111,-8.827],[-37.113,-8.823],[-37.116,-8.821],[-37.117,-8.81],[-37.12,-8.812],[-37.128,-8.807],[-37.133,-8.807],[-37.135,-8.804],[-37.142,-8.8],[-37.143,-8.798],[-37.15,-8.791],[-37.151,-8.786],[-37.157,-8.779],[-37.156,-8.771],[-37.154,-8.768],[-37.161,-8.767],[-37.165,-8.767],[-37.169,-8.765],[-37.175,-8.766],[-37.179,-8.758],[-37.178,-8.756],[-37.184,-8.752],[-37.189,-8.753],[-37.194,-8.749],[-37.199,-8.749],[-37.2,-8.746],[-37.207,-8.745],[-37.212,-8.743],[-37.222,-8.746],[-37.228,-8.743],[-37.231,-8.747],[-37.236,-8.748],[-37.236,-8.751],[-37.241,-8.755],[-37.249,-8.75],[-37.252,-8.752],[-37.253,-8.757],[-37.256,-8.758],[-37.263,-8.756],[-37.271,-8.757],[-37.282,-8.751],[-37.278,-8.746],[-37.278,-8.742],[-37.28,-8.74],[-37.281,-8.736],[-37.285,-8.735],[-37.288,-8.73],[-37.288,-8.727],[-37.296,-8.716],[-37.295,-8.707],[-37.297,-8.7],[-37.298,-8.692],[-37.288,-8.684],[-37.29,-8.661],[-37.302,-8.642],[-37.223,-8.405]]]}},{"type":"Feature","properties":{"c":"2602902"},"geometry":{"type":"Polygon","coordinates":[[[-35.14,-8.31],[-35.149,-8.3],[-35.146,-8.289],[-35.152,-8.279],[-35.163,-8.284],[-35.171,-8.286],[-35.184,-8.292],[-35.188,-8.295],[-35.191,-8.294],[-35.196,-8.298],[-35.2,-8.293],[-35.204,-8.296],[-35.205,-8.291],[-35.21,-8.288],[-35.218,-8.291],[-35.22,-8.29],[-35.23,-8.295],[-35.233,-8.293],[-35.238,-8.292],[-35.237,-8.285],[-35.237,-8.274],[-35.239,-8.272],[-35.247,-8.275],[-35.25,-8.278],[-35.25,-8.273],[-35.253,-8.268],[-35.253,-8.264],[-35.259,-8.264],[-35.26,-8.26],[-35.265,-8.256],[-35.266,-8.25],[-35.264,-8.248],[-35.265,-8.243],[-35.263,-8.24],[-35.26,-8.228],[-35.258,-8.224],[-35.259,-8.218],[-35.255,-8.212],[-35.257,-8.209],[-35.254,-8.206],[-35.255,-8.203],[-35.25,-8.198],[-35.25,-8.194],[-35.25,-8.188],[-35.247,-8.187],[-35.245,-8.193],[-35.242,-8.195],[-35.241,-8.205],[-35.242,-8.211],[-35.237,-8.213],[-35.234,-8.209],[-35.227,-8.207],[-35.225,-8.202],[-35.228,-8.198],[-35.219,-8.188],[-35.215,-8.187],[-35.209,-8.192],[-35.162,-8.225],[-35.165,-8.217],[-35.162,-8.211],[-35.155,-8.202],[-35.155,-8.197],[-35.152,-8.191],[-35.151,-8.187],[-35.148,-8.185],[-35.145,-8.186],[-35.141,-8.189],[-35.136,-8.186],[-35.131,-8.188],[-35.127,-8.184],[-35.123,-8.187],[-35.121,-8.184],[-35.115,-8.192],[-35.109,-8.19],[-35.106,-8.193],[-35.102,-8.199],[-35.099,-8.2],[-35.091,-8.207],[-35.085,-8.21],[-35.084,-8.214],[-35.078,-8.219],[-35.075,-8.217],[-35.073,-8.221],[-35.067,-8.221],[-35.064,-8.223],[-35.007,-8.206],[-35.003,-8.21],[-34.999,-8.217],[-34.999,-8.219],[-34.994,-8.225],[-34.99,-8.224],[-34.987,-8.219],[-34.983,-8.229],[-34.979,-8.229],[-34.977,-8.231],[-34.97,-8.225],[-34.971,-8.219],[-34.965,-8.216],[-34.96,-8.216],[-34.96,-8.219],[-34.958,-8.224],[-34.956,-8.225],[-34.959,-8.233],[-34.955,-8.236],[-34.948,-8.235],[-34.943,-8.242],[-34.936,-8.239],[-34.934,-8.232],[-34.929,-8.225],[-34.924,-8.229],[-34.925,-8.233],[-34.935,-8.243],[-34.94,-8.25],[-34.945,-8.264],[-34.945,-8.268],[-34.947,-8.279],[-34.95,-8.286],[-34.952,-8.298],[-34.95,-8.301],[-34.943,-8.305],[-34.95,-8.322],[-34.95,-8.337],[-34.948,-8.342],[-34.945,-8.345],[-34.941,-8.345],[-34.94,-8.352],[-34.944,-8.359],[-34.949,-8.359],[-34.953,-8.356],[-34.956,-8.356],[-34.959,-8.365],[-34.961,-8.367],[-34.966,-8.362],[-34.976,-8.36],[-34.978,-8.354],[-34.986,-8.353],[-34.989,-8.356],[-34.99,-8.36],[-34.993,-8.362],[-35.001,-8.36],[-35.005,-8.358],[-35.012,-8.358],[-35.015,-8.36],[-35.024,-8.364],[-35.025,-8.362],[-35.031,-8.361],[-35.032,-8.358],[-35.039,-8.355],[-35.042,-8.35],[-35.046,-8.349],[-35.051,-8.352],[-35.057,-8.352],[-35.059,-8.349],[-35.067,-8.35],[-35.075,-8.342],[-35.079,-8.335],[-35.084,-8.331],[-35.095,-8.331],[-35.101,-8.327],[-35.107,-8.329],[-35.108,-8.334],[-35.14,-8.31]]]}},{"type":"Feature","properties":{"c":"2603009"},"geometry":{"type":"Polygon","coordinates":[[[-39.047,-8.38],[-39.05,-8.381],[-39.052,-8.385],[-39.056,-8.384],[-39.06,-8.386],[-39.067,-8.386],[-39.068,-8.39],[-39.064,-8.393],[-39.064,-8.401],[-39.067,-8.404],[-39.063,-8.409],[-39.064,-8.412],[-39.069,-8.416],[-39.073,-8.414],[-39.082,-8.414],[-39.085,-8.419],[-39.089,-8.421],[-39.088,-8.428],[-39.09,-8.43],[-39.084,-8.433],[-39.084,-8.442],[-39.089,-8.443],[-39.088,-8.449],[-39.096,-8.448],[-39.097,-8.451],[-39.103,-8.452],[-39.105,-8.458],[-39.101,-8.462],[-39.106,-8.466],[-39.113,-8.465],[-39.116,-8.469],[-39.11,-8.478],[-39.112,-8.48],[-39.118,-8.481],[-39.119,-8.479],[-39.123,-8.479],[-39.125,-8.483],[-39.129,-8.486],[-39.13,-8.489],[-39.125,-8.495],[-39.135,-8.504],[-39.133,-8.507],[-39.145,-8.51],[-39.147,-8.515],[-39.149,-8.516],[-39.153,-8.509],[-39.152,-8.504],[-39.16,-8.504],[-39.166,-8.498],[-39.171,-8.503],[-39.176,-8.504],[-39.173,-8.513],[-39.175,-8.514],[-39.184,-8.511],[-39.187,-8.512],[-39.19,-8.515],[-39.196,-8.515],[-39.2,-8.512],[-39.203,-8.512],[-39.215,-8.522],[-39.214,-8.525],[-39.21,-8.526],[-39.209,-8.529],[-39.211,-8.532],[-39.22,-8.532],[-39.225,-8.537],[-39.228,-8.538],[-39.229,-8.542],[-39.232,-8.542],[-39.236,-8.536],[-39.241,-8.54],[-39.245,-8.55],[-39.25,-8.555],[-39.256,-8.567],[-39.264,-8.576],[-39.266,-8.579],[-39.273,-8.584],[-39.275,-8.577],[-39.281,-8.571],[-39.286,-8.564],[-39.293,-8.561],[-39.302,-8.561],[-39.312,-8.558],[-39.32,-8.56],[-39.332,-8.558],[-39.342,-8.56],[-39.345,-8.559],[-39.353,-8.55],[-39.357,-8.547],[-39.357,-8.545],[-39.364,-8.538],[-39.374,-8.534],[-39.38,-8.533],[-39.386,-8.533],[-39.4,-8.539],[-39.408,-8.538],[-39.416,-8.542],[-39.419,-8.546],[-39.425,-8.551],[-39.428,-8.559],[-39.435,-8.563],[-39.444,-8.562],[-39.452,-8.563],[-39.458,-8.569],[-39.46,-8.579],[-39.461,-8.582],[-39.47,-8.589],[-39.476,-8.593],[-39.477,-8.581],[-39.477,-8.534],[-39.48,-8.534],[-39.49,-8.528],[-39.492,-8.525],[-39.499,-8.524],[-39.502,-8.518],[-39.507,-8.515],[-39.514,-8.514],[-39.521,-8.502],[-39.525,-8.501],[-39.527,-8.495],[-39.537,-8.481],[-39.54,-8.473],[-39.545,-8.473],[-39.549,-8.468],[-39.55,-8.463],[-39.547,-8.456],[-39.554,-8.439],[-39.561,-8.436],[-39.561,-8.43],[-39.56,-8.426],[-39.562,-8.421],[-39.562,-8.418],[-39.565,-8.414],[-39.564,-8.404],[-39.561,-8.402],[-39.558,-8.403],[-39.555,-8.4],[-39.555,-8.391],[-39.559,-8.386],[-39.556,-8.375],[-39.553,-8.369],[-39.557,-8.365],[-39.555,-8.36],[-39.551,-8.355],[-39.547,-8.354],[-39.543,-8.35],[-39.541,-8.337],[-39.542,-8.327],[-39.546,-8.32],[-39.569,-8.249],[-39.56,-8.245],[-39.555,-8.246],[-39.551,-8.244],[-39.543,-8.244],[-39.54,-8.238],[-39.53,-8.239],[-39.529,-8.241],[-39.521,-8.242],[-39.516,-8.238],[-39.509,-8.239],[-39.501,-8.246],[-39.495,-8.248],[-39.487,-8.245],[-39.484,-8.246],[-39.482,-8.242],[-39.477,-8.242],[-39.468,-8.237],[-39.464,-8.239],[-39.462,-8.241],[-39.456,-8.243],[-39.454,-8.242],[-39.446,-8.246],[-39.439,-8.243],[-39.436,-8.245],[-39.429,-8.243],[-39.425,-8.246],[-39.42,-8.241],[-39.409,-8.242],[-39.408,-8.247],[-39.401,-8.249],[-39.395,-8.247],[-39.39,-8.255],[-39.385,-8.254],[-39.381,-8.259],[-39.379,-8.259],[-39.377,-8.254],[-39.371,-8.251],[-39.37,-8.248],[-39.375,-8.245],[-39.378,-8.245],[-39.38,-8.242],[-39.374,-8.232],[-39.373,-8.226],[-39.37,-8.224],[-39.377,-8.219],[-39.371,-8.213],[-39.367,-8.207],[-39.366,-8.201],[-39.358,-8.196],[-39.355,-8.198],[-39.354,-8.204],[-39.349,-8.203],[-39.349,-8.2],[-39.346,-8.197],[-39.343,-8.199],[-39.336,-8.194],[-39.338,-8.189],[-39.337,-8.185],[-39.33,-8.188],[-39.323,-8.182],[-39.317,-8.183],[-39.302,-8.227],[-39.298,-8.226],[-39.284,-8.222],[-39.273,-8.222],[-39.256,-8.218],[-39.249,-8.214],[-39.209,-8.227],[-39.124,-8.307],[-39.047,-8.38]]]}},{"type":"Feature","properties":{"c":"2603108"},"geometry":{"type":"Polygon","coordinates":[[[-36.224,-8.454],[-36.218,-8.488],[-36.243,-8.518],[-36.263,-8.553],[-36.267,-8.562],[-36.273,-8.561],[-36.274,-8.562],[-36.275,-8.562],[-36.332,-8.615],[-36.333,-8.606],[-36.331,-8.6],[-36.326,-8.594],[-36.329,-8.588],[-36.327,-8.579],[-36.328,-8.577],[-36.328,-8.571],[-36.324,-8.567],[-36.326,-8.565],[-36.325,-8.561],[-36.322,-8.559],[-36.32,-8.55],[-36.312,-8.539],[-36.31,-8.538],[-36.307,-8.532],[-36.321,-8.488],[-36.327,-8.477],[-36.356,-8.426],[-36.361,-8.389],[-36.333,-8.382],[-36.336,-8.395],[-36.224,-8.454]]]}},{"type":"Feature","properties":{"c":"2603207"},"geometry":{"type":"Polygon","coordinates":[[[-36.759,-8.834],[-36.755,-8.828],[-36.76,-8.826],[-36.768,-8.819],[-36.779,-8.802],[-36.78,-8.796],[-36.779,-8.792],[-36.773,-8.79],[-36.762,-8.784],[-36.76,-8.78],[-36.759,-8.775],[-36.772,-8.764],[-36.774,-8.762],[-36.771,-8.735],[-36.773,-8.732],[-36.702,-8.724],[-36.628,-8.756],[-36.626,-8.763],[-36.62,-8.771],[-36.61,-8.772],[-36.599,-8.769],[-36.591,-8.772],[-36.587,-8.77],[-36.582,-8.771],[-36.578,-8.77],[-36.573,-8.762],[-36.566,-8.76],[-36.561,-8.761],[-36.558,-8.758],[-36.556,-8.758],[-36.551,-8.766],[-36.551,-8.769],[-36.546,-8.774],[-36.54,-8.784],[-36.544,-8.785],[-36.548,-8.789],[-36.549,-8.794],[-36.558,-8.802],[-36.561,-8.806],[-36.565,-8.807],[-36.572,-8.816],[-36.574,-8.822],[-36.582,-8.826],[-36.584,-8.828],[-36.58,-8.831],[-36.576,-8.839],[-36.567,-8.845],[-36.548,-8.875],[-36.543,-8.881],[-36.551,-8.887],[-36.562,-8.891],[-36.574,-8.888],[-36.584,-8.891],[-36.595,-8.891],[-36.605,-8.892],[-36.608,-8.896],[-36.613,-8.895],[-36.614,-8.898],[-36.612,-8.903],[-36.612,-8.906],[-36.616,-8.904],[-36.619,-8.897],[-36.625,-8.893],[-36.628,-8.888],[-36.631,-8.887],[-36.639,-8.878],[-36.645,-8.874],[-36.645,-8.87],[-36.649,-8.87],[-36.652,-8.866],[-36.663,-8.869],[-36.666,-8.868],[-36.667,-8.861],[-36.672,-8.855],[-36.671,-8.849],[-36.667,-8.845],[-36.666,-8.839],[-36.667,-8.833],[-36.737,-8.833],[-36.759,-8.834]]]}},{"type":"Feature","properties":{"c":"2603306"},"geometry":{"type":"Polygon","coordinates":[[[-36.382,-8.635],[-36.332,-8.693],[-36.249,-8.787],[-36.3,-8.833],[-36.302,-8.83],[-36.305,-8.83],[-36.31,-8.827],[-36.311,-8.829],[-36.316,-8.824],[-36.317,-8.82],[-36.316,-8.818],[-36.319,-8.811],[-36.315,-8.805],[-36.315,-8.803],[-36.321,-8.807],[-36.325,-8.806],[-36.325,-8.798],[-36.329,-8.799],[-36.372,-8.744],[-36.369,-8.688],[-36.382,-8.635]]]}},{"type":"Feature","properties":{"c":"2603405"},"geometry":{"type":"Polygon","coordinates":[[[-38.163,-7.905],[-38.129,-7.905],[-38.12,-7.909],[-38.094,-7.922],[-38.086,-7.925],[-38.087,-7.933],[-38.085,-7.937],[-38.082,-7.937],[-38.074,-7.93],[-38.072,-7.927],[-38.073,-7.924],[-38.07,-7.92],[-38.066,-7.92],[-38.062,-7.923],[-38.052,-7.922],[-38.035,-7.962],[-38.106,-8.016],[-38.09,-8.014],[-38.083,-8.018],[-38.078,-8.023],[-38.073,-8.025],[-38.072,-8.023],[-38.063,-8.022],[-38.056,-8.025],[-38.056,-8.03],[-38.054,-8.032],[-38.05,-8.031],[-38.048,-8.033],[-38.045,-8.046],[-38.039,-8.048],[-38.034,-8.063],[-38.028,-8.065],[-38.026,-8.07],[-38.019,-8.077],[-38.016,-8.083],[-38.012,-8.084],[-38.005,-8.082],[-38.0,-8.077],[-37.939,-8.069],[-37.942,-8.078],[-37.954,-8.078],[-37.959,-8.081],[-37.961,-8.08],[-37.968,-8.082],[-37.973,-8.08],[-37.982,-8.083],[-37.993,-8.093],[-38.011,-8.115],[-38.017,-8.12],[-38.025,-8.122],[-38.028,-8.134],[-38.097,-8.054],[-38.142,-7.96],[-38.149,-7.945],[-38.154,-7.942],[-38.155,-7.938],[-38.164,-7.934],[-38.168,-7.929],[-38.163,-7.905]]]}},{"type":"Feature","properties":{"c":"2603454"},"geometry":{"type":"Polygon","coordinates":[[[-34.996,-8.037],[-35.002,-8.035],[-35.009,-8.038],[-35.012,-8.036],[-35.015,-8.023],[-35.017,-8.02],[-35.002,-8.018],[-35.011,-8.011],[-35.017,-7.99],[-35.009,-7.972],[-35.015,-7.969],[-35.015,-7.964],[-35.017,-7.96],[-35.023,-7.957],[-35.031,-7.958],[-35.034,-7.953],[-35.034,-7.943],[-35.037,-7.94],[-35.029,-7.934],[-35.026,-7.932],[-35.021,-7.932],[-35.016,-7.926],[-35.007,-7.925],[-35.0,-7.929],[-35.008,-7.946],[-34.999,-7.948],[-35.004,-7.96],[-35.0,-7.964],[-34.994,-7.962],[-34.99,-7.962],[-34.98,-7.97],[-34.975,-7.969],[-34.972,-7.972],[-34.962,-7.974],[-34.962,-7.982],[-34.964,-7.987],[-34.962,-7.99],[-34.964,-8.009],[-34.962,-8.021],[-34.966,-8.02],[-34.974,-8.029],[-34.979,-8.029],[-34.98,-8.033],[-34.986,-8.037],[-34.991,-8.032],[-34.996,-8.033],[-34.996,-8.037]]]}},{"type":"Feature","properties":{"c":"2603504"},"geometry":{"type":"Polygon","coordinates":[[[-35.758,-8.29],[-35.73,-8.315],[-35.733,-8.322],[-35.735,-8.324],[-35.734,-8.334],[-35.738,-8.338],[-35.739,-8.341],[-35.737,-8.345],[-35.735,-8.352],[-35.733,-8.356],[-35.731,-8.363],[-35.733,-8.37],[-35.722,-8.377],[-35.724,-8.379],[-35.722,-8.388],[-35.762,-8.384],[-35.768,-8.384],[-35.771,-8.38],[-35.773,-8.373],[-35.817,-8.386],[-35.821,-8.388],[-35.829,-8.389],[-35.839,-8.388],[-35.846,-8.391],[-35.846,-8.379],[-35.835,-8.369],[-35.809,-8.361],[-35.803,-8.355],[-35.806,-8.353],[-35.805,-8.348],[-35.801,-8.344],[-35.8,-8.338],[-35.797,-8.336],[-35.79,-8.327],[-35.785,-8.327],[-35.783,-8.324],[-35.773,-8.317],[-35.769,-8.313],[-35.776,-8.308],[-35.775,-8.301],[-35.777,-8.298],[-35.758,-8.29]]]}},{"type":"Feature","properties":{"c":"2603603"},"geometry":{"type":"Polygon","coordinates":[[[-35.237,-7.441],[-35.26,-7.421],[-35.313,-7.478],[-35.315,-7.471],[-35.318,-7.467],[-35.32,-7.457],[-35.329,-7.455],[-35.332,-7.449],[-35.335,-7.441],[-35.338,-7.437],[-35.334,-7.436],[-35.334,-7.431],[-35.343,-7.422],[-35.339,-7.421],[-35.334,-7.423],[-35.332,-7.419],[-35.333,-7.415],[-35.326,-7.416],[-35.324,-7.42],[-35.313,-7.417],[-35.311,-7.413],[-35.307,-7.413],[-35.286,-7.405],[-35.281,-7.405],[-35.28,-7.407],[-35.273,-7.404],[-35.271,-7.407],[-35.267,-7.41],[-35.266,-7.412],[-35.255,-7.42],[-35.246,-7.424],[-35.237,-7.438],[-35.237,-7.441]]]}},{"type":"Feature","properties":{"c":"2603702"},"geometry":{"type":"Polygon","coordinates":[[[-36.233,-8.933],[-36.216,-8.884],[-36.224,-8.879],[-36.225,-8.875],[-36.221,-8.876],[-36.217,-8.874],[-36.217,-8.869],[-36.224,-8.867],[-36.226,-8.868],[-36.231,-8.866],[-36.235,-8.87],[-36.239,-8.865],[-36.243,-8.862],[-36.242,-8.857],[-36.248,-8.854],[-36.25,-8.858],[-36.254,-8.857],[-36.265,-8.857],[-36.265,-8.855],[-36.261,-8.848],[-36.265,-8.844],[-36.266,-8.84],[-36.269,-8.84],[-36.277,-8.843],[-36.283,-8.843],[-36.286,-8.841],[-36.29,-8.843],[-36.295,-8.841],[-36.3,-8.833],[-36.249,-8.787],[-36.219,-8.714],[-36.195,-8.712],[-36.187,-8.712],[-36.185,-8.712],[-36.217,-8.793],[-36.188,-8.787],[-36.186,-8.782],[-36.179,-8.782],[-36.176,-8.784],[-36.174,-8.79],[-36.169,-8.794],[-36.163,-8.794],[-36.158,-8.798],[-36.157,-8.805],[-36.149,-8.804],[-36.151,-8.808],[-36.148,-8.809],[-36.148,-8.814],[-36.151,-8.816],[-36.151,-8.82],[-36.149,-8.823],[-36.15,-8.825],[-36.148,-8.828],[-36.143,-8.825],[-36.14,-8.826],[-36.138,-8.832],[-36.128,-8.837],[-36.125,-8.835],[-36.121,-8.837],[-36.125,-8.842],[-36.061,-8.895],[-36.042,-8.905],[-36.033,-8.908],[-36.047,-8.912],[-36.057,-8.913],[-36.064,-8.915],[-36.073,-8.926],[-36.076,-8.933],[-36.082,-8.941],[-36.091,-8.946],[-36.101,-8.949],[-36.113,-8.951],[-36.122,-8.953],[-36.128,-8.958],[-36.13,-8.966],[-36.128,-8.977],[-36.125,-8.983],[-36.112,-8.988],[-36.106,-8.994],[-36.104,-8.999],[-36.11,-9.005],[-36.109,-9.008],[-36.114,-9.009],[-36.115,-9.013],[-36.111,-9.018],[-36.116,-9.019],[-36.12,-9.022],[-36.127,-9.024],[-36.13,-9.027],[-36.135,-9.027],[-36.141,-9.03],[-36.151,-9.032],[-36.155,-9.033],[-36.159,-9.032],[-36.161,-9.028],[-36.169,-9.03],[-36.174,-9.025],[-36.174,-9.021],[-36.177,-9.021],[-36.179,-9.024],[-36.182,-9.021],[-36.187,-9.025],[-36.187,-9.027],[-36.19,-9.022],[-36.195,-9.023],[-36.195,-9.019],[-36.197,-9.022],[-36.2,-9.02],[-36.218,-9.024],[-36.219,-9.005],[-36.222,-9.003],[-36.228,-9.001],[-36.233,-9.003],[-36.237,-9.001],[-36.244,-9.0],[-36.246,-8.996],[-36.243,-8.993],[-36.24,-8.988],[-36.241,-8.964],[-36.241,-8.952],[-36.233,-8.933]]]}},{"type":"Feature","properties":{"c":"2603801"},"geometry":{"type":"Polygon","coordinates":[[[-36.702,-8.724],[-36.69,-8.67],[-36.68,-8.668],[-36.681,-8.663],[-36.676,-8.661],[-36.668,-8.662],[-36.666,-8.655],[-36.673,-8.652],[-36.677,-8.649],[-36.688,-8.634],[-36.688,-8.629],[-36.68,-8.624],[-36.68,-8.621],[-36.677,-8.612],[-36.671,-8.612],[-36.668,-8.608],[-36.668,-8.6],[-36.666,-8.594],[-36.657,-8.591],[-36.653,-8.586],[-36.614,-8.558],[-36.613,-8.56],[-36.616,-8.564],[-36.616,-8.571],[-36.612,-8.58],[-36.603,-8.594],[-36.609,-8.606],[-36.588,-8.601],[-36.586,-8.601],[-36.583,-8.61],[-36.577,-8.617],[-36.571,-8.616],[-36.57,-8.613],[-36.568,-8.616],[-36.568,-8.619],[-36.573,-8.622],[-36.572,-8.626],[-36.568,-8.625],[-36.567,-8.631],[-36.568,-8.637],[-36.561,-8.643],[-36.557,-8.634],[-36.548,-8.629],[-36.543,-8.623],[-36.534,-8.659],[-36.502,-8.68],[-36.499,-8.68],[-36.497,-8.684],[-36.488,-8.698],[-36.487,-8.704],[-36.497,-8.708],[-36.503,-8.706],[-36.509,-8.708],[-36.498,-8.717],[-36.502,-8.723],[-36.509,-8.727],[-36.515,-8.732],[-36.515,-8.736],[-36.508,-8.741],[-36.507,-8.744],[-36.512,-8.758],[-36.517,-8.762],[-36.515,-8.766],[-36.516,-8.77],[-36.51,-8.774],[-36.504,-8.781],[-36.5,-8.781],[-36.499,-8.785],[-36.495,-8.786],[-36.487,-8.796],[-36.49,-8.797],[-36.494,-8.795],[-36.499,-8.796],[-36.502,-8.79],[-36.507,-8.791],[-36.514,-8.788],[-36.518,-8.786],[-36.523,-8.786],[-36.529,-8.784],[-36.532,-8.788],[-36.537,-8.784],[-36.54,-8.784],[-36.546,-8.774],[-36.551,-8.769],[-36.551,-8.766],[-36.556,-8.758],[-36.558,-8.758],[-36.561,-8.761],[-36.566,-8.76],[-36.573,-8.762],[-36.578,-8.77],[-36.582,-8.771],[-36.587,-8.77],[-36.591,-8.772],[-36.599,-8.769],[-36.61,-8.772],[-36.62,-8.771],[-36.626,-8.763],[-36.628,-8.756],[-36.702,-8.724]]]}},{"type":"Feature","properties":{"c":"2603900"},"geometry":{"type":"Polygon","coordinates":[[[-37.847,-7.803],[-37.798,-7.754],[-37.783,-7.684],[-37.757,-7.689],[-37.769,-7.676],[-37.767,-7.657],[-37.761,-7.667],[-37.757,-7.667],[-37.751,-7.663],[-37.744,-7.654],[-37.743,-7.645],[-37.74,-7.636],[-37.742,-7.633],[-37.746,-7.628],[-37.753,-7.626],[-37.756,-7.62],[-37.746,-7.609],[-37.734,-7.612],[-37.728,-7.616],[-37.721,-7.615],[-37.718,-7.616],[-37.708,-7.613],[-37.705,-7.617],[-37.7,-7.624],[-37.69,-7.634],[-37.686,-7.639],[-37.684,-7.639],[-37.68,-7.645],[-37.68,-7.653],[-37.683,-7.654],[-37.687,-7.664],[-37.686,-7.666],[-37.687,-7.67],[-37.685,-7.678],[-37.689,-7.683],[-37.691,-7.69],[-37.69,-7.701],[-37.691,-7.708],[-37.697,-7.719],[-37.692,-7.723],[-37.692,-7.729],[-37.694,-7.731],[-37.692,-7.742],[-37.687,-7.743],[-37.689,-7.746],[-37.688,-7.751],[-37.683,-7.753],[-37.685,-7.756],[-37.683,-7.761],[-37.687,-7.762],[-37.699,-7.764],[-37.701,-7.768],[-37.709,-7.771],[-37.706,-7.772],[-37.705,-7.779],[-37.702,-7.783],[-37.697,-7.785],[-37.693,-7.791],[-37.69,-7.792],[-37.687,-7.801],[-37.683,-7.803],[-37.684,-7.808],[-37.688,-7.812],[-37.693,-7.813],[-37.672,-7.823],[-37.617,-7.895],[-37.617,-7.896],[-37.621,-7.896],[-37.63,-7.9],[-37.635,-7.906],[-37.635,-7.913],[-37.639,-7.916],[-37.641,-7.924],[-37.648,-7.926],[-37.651,-7.93],[-37.651,-7.94],[-37.653,-7.942],[-37.66,-7.94],[-37.66,-7.948],[-37.664,-7.953],[-37.671,-7.954],[-37.674,-7.958],[-37.672,-7.961],[-37.67,-7.969],[-37.673,-7.97],[-37.678,-7.969],[-37.683,-7.973],[-37.681,-7.98],[-37.687,-7.98],[-37.692,-7.984],[-37.746,-7.872],[-37.831,-7.822],[-37.84,-7.822],[-37.838,-7.819],[-37.838,-7.811],[-37.845,-7.807],[-37.847,-7.803]]]}},{"type":"Feature","properties":{"c":"2603926"},"geometry":{"type":"Polygon","coordinates":[[[-38.911,-8.33],[-38.908,-8.328],[-38.907,-8.325],[-38.902,-8.321],[-38.898,-8.32],[-38.893,-8.314],[-38.89,-8.313],[-38.887,-8.31],[-38.883,-8.308],[-38.87,-8.298],[-38.863,-8.292],[-38.861,-8.292],[-38.858,-8.287],[-38.851,-8.286],[-38.849,-8.283],[-38.843,-8.276],[-38.84,-8.276],[-38.837,-8.268],[-38.832,-8.26],[-38.826,-8.255],[-38.821,-8.247],[-38.817,-8.245],[-38.817,-8.241],[-38.813,-8.235],[-38.739,-8.245],[-38.72,-8.258],[-38.716,-8.258],[-38.707,-8.262],[-38.701,-8.263],[-38.698,-8.268],[-38.692,-8.271],[-38.689,-8.271],[-38.686,-8.274],[-38.678,-8.278],[-38.678,-8.28],[-38.67,-8.282],[-38.667,-8.285],[-38.66,-8.285],[-38.65,-8.291],[-38.649,-8.296],[-38.646,-8.297],[-38.645,-8.303],[-38.639,-8.304],[-38.637,-8.307],[-38.629,-8.311],[-38.618,-8.308],[-38.613,-8.31],[-38.607,-8.305],[-38.601,-8.306],[-38.597,-8.304],[-38.588,-8.304],[-38.583,-8.3],[-38.577,-8.297],[-38.571,-8.299],[-38.564,-8.296],[-38.555,-8.293],[-38.553,-8.288],[-38.549,-8.288],[-38.594,-8.474],[-38.629,-8.621],[-38.63,-8.618],[-38.635,-8.617],[-38.637,-8.614],[-38.646,-8.615],[-38.651,-8.614],[-38.651,-8.608],[-38.656,-8.607],[-38.651,-8.602],[-38.653,-8.6],[-38.66,-8.602],[-38.664,-8.601],[-38.667,-8.596],[-38.674,-8.594],[-38.677,-8.594],[-38.682,-8.591],[-38.686,-8.591],[-38.702,-8.587],[-38.706,-8.587],[-38.71,-8.584],[-38.715,-8.584],[-38.724,-8.581],[-38.728,-8.581],[-38.734,-8.578],[-38.74,-8.577],[-38.744,-8.574],[-38.757,-8.575],[-38.767,-8.57],[-38.765,-8.567],[-38.766,-8.563],[-38.77,-8.563],[-38.771,-8.556],[-38.775,-8.555],[-38.777,-8.551],[-38.774,-8.549],[-38.777,-8.543],[-38.777,-8.536],[-38.785,-8.529],[-38.788,-8.53],[-38.792,-8.526],[-38.799,-8.514],[-38.806,-8.513],[-38.818,-8.505],[-38.829,-8.505],[-38.834,-8.508],[-38.835,-8.505],[-38.831,-8.502],[-38.831,-8.497],[-38.829,-8.495],[-38.832,-8.493],[-38.833,-8.487],[-38.832,-8.477],[-38.836,-8.477],[-38.837,-8.481],[-38.84,-8.476],[-38.846,-8.473],[-38.849,-8.469],[-38.849,-8.465],[-38.845,-8.457],[-38.846,-8.454],[-38.844,-8.448],[-38.84,-8.441],[-38.845,-8.437],[-38.847,-8.431],[-38.851,-8.428],[-38.85,-8.426],[-38.859,-8.418],[-38.859,-8.415],[-38.87,-8.409],[-38.869,-8.401],[-38.872,-8.4],[-38.872,-8.397],[-38.875,-8.396],[-38.873,-8.39],[-38.877,-8.385],[-38.876,-8.379],[-38.879,-8.374],[-38.881,-8.374],[-38.887,-8.368],[-38.888,-8.363],[-38.886,-8.358],[-38.889,-8.348],[-38.911,-8.33]]]}},{"type":"Feature","properties":{"c":"2604007"},"geometry":{"type":"Polygon","coordinates":[[[-35.226,-7.824],[-35.215,-7.889],[-35.218,-7.891],[-35.229,-7.888],[-35.234,-7.889],[-35.241,-7.888],[-35.247,-7.887],[-35.263,-7.89],[-35.268,-7.892],[-35.274,-7.89],[-35.28,-7.883],[-35.282,-7.876],[-35.289,-7.874],[-35.29,-7.87],[-35.287,-7.864],[-35.284,-7.854],[-35.284,-7.848],[-35.287,-7.847],[-35.286,-7.843],[-35.282,-7.84],[-35.286,-7.835],[-35.291,-7.829],[-35.293,-7.823],[-35.295,-7.82],[-35.297,-7.824],[-35.302,-7.827],[-35.307,-7.827],[-35.319,-7.83],[-35.319,-7.826],[-35.324,-7.824],[-35.332,-7.825],[-35.334,-7.822],[-35.339,-7.822],[-35.341,-7.825],[-35.348,-7.826],[-35.348,-7.829],[-35.359,-7.829],[-35.359,-7.827],[-35.365,-7.826],[-35.37,-7.822],[-35.376,-7.818],[-35.382,-7.82],[-35.385,-7.82],[-35.389,-7.824],[-35.396,-7.827],[-35.406,-7.825],[-35.406,-7.784],[-35.406,-7.776],[-35.395,-7.767],[-35.393,-7.762],[-35.388,-7.761],[-35.379,-7.762],[-35.372,-7.765],[-35.367,-7.769],[-35.362,-7.767],[-35.358,-7.77],[-35.358,-7.777],[-35.355,-7.779],[-35.348,-7.772],[-35.344,-7.77],[-35.317,-7.774],[-35.304,-7.766],[-35.274,-7.788],[-35.252,-7.809],[-35.226,-7.824]]]}},{"type":"Feature","properties":{"c":"2604106"},"geometry":{"type":"Polygon","coordinates":[[[-35.921,-8.366],[-35.931,-8.367],[-35.938,-8.37],[-35.945,-8.368],[-35.945,-8.358],[-35.964,-8.357],[-35.972,-8.359],[-35.971,-8.371],[-35.968,-8.375],[-35.971,-8.38],[-35.987,-8.389],[-35.988,-8.395],[-35.993,-8.399],[-35.996,-8.389],[-35.992,-8.383],[-35.993,-8.374],[-35.994,-8.372],[-36.0,-8.369],[-36.007,-8.361],[-36.009,-8.364],[-36.018,-8.365],[-36.021,-8.362],[-36.022,-8.365],[-36.023,-8.375],[-36.027,-8.377],[-36.031,-8.384],[-36.037,-8.386],[-36.04,-8.384],[-36.041,-8.381],[-36.053,-8.376],[-36.063,-8.383],[-36.062,-8.363],[-36.075,-8.242],[-36.076,-8.235],[-36.081,-8.235],[-36.082,-8.228],[-36.123,-8.187],[-36.132,-8.191],[-36.135,-8.189],[-36.138,-8.19],[-36.142,-8.187],[-36.146,-8.179],[-36.145,-8.176],[-36.147,-8.173],[-36.149,-8.164],[-36.153,-8.166],[-36.157,-8.165],[-36.159,-8.16],[-36.165,-8.16],[-36.17,-8.155],[-36.172,-8.147],[-36.178,-8.144],[-36.179,-8.142],[-36.178,-8.137],[-36.179,-8.133],[-36.176,-8.128],[-36.17,-8.124],[-36.167,-8.119],[-36.166,-8.114],[-36.167,-8.101],[-36.17,-8.096],[-36.173,-8.096],[-36.175,-8.081],[-36.177,-8.075],[-36.181,-8.071],[-36.18,-8.065],[-36.177,-8.061],[-36.173,-8.061],[-36.17,-8.058],[-36.166,-8.059],[-36.166,-8.054],[-36.171,-8.05],[-36.168,-8.047],[-36.167,-8.049],[-36.161,-8.05],[-36.158,-8.048],[-36.16,-8.042],[-36.156,-8.04],[-36.154,-8.032],[-36.148,-8.032],[-36.146,-8.029],[-36.146,-8.026],[-36.141,-8.024],[-36.137,-8.02],[-36.134,-8.019],[-36.129,-8.015],[-36.132,-8.014],[-36.132,-8.01],[-36.129,-8.009],[-36.126,-8.004],[-36.123,-8.005],[-36.116,-8.001],[-36.117,-7.998],[-36.112,-7.997],[-36.109,-8.004],[-36.098,-8.005],[-36.096,-8.006],[-36.101,-8.012],[-36.098,-8.014],[-36.092,-8.015],[-36.082,-8.022],[-36.078,-8.018],[-36.073,-8.016],[-36.066,-8.015],[-36.061,-8.013],[-36.043,-8.006],[-36.035,-8.007],[-36.016,-8.005],[-36.011,-8.004],[-36.009,-7.994],[-36.012,-7.988],[-36.011,-7.98],[-36.005,-7.976],[-36.0,-7.978],[-35.993,-7.982],[-35.977,-7.984],[-35.966,-7.988],[-35.958,-7.99],[-35.949,-7.992],[-35.941,-7.996],[-35.929,-7.993],[-35.926,-7.999],[-35.916,-8.005],[-35.97,-8.115],[-35.985,-8.144],[-35.976,-8.167],[-35.923,-8.203],[-35.921,-8.202],[-35.92,-8.194],[-35.917,-8.187],[-35.88,-8.206],[-35.852,-8.271],[-35.852,-8.273],[-35.854,-8.275],[-35.856,-8.279],[-35.862,-8.283],[-35.863,-8.287],[-35.859,-8.288],[-35.857,-8.296],[-35.853,-8.299],[-35.854,-8.303],[-35.857,-8.306],[-35.863,-8.314],[-35.872,-8.321],[-35.876,-8.329],[-35.879,-8.331],[-35.887,-8.345],[-35.887,-8.347],[-35.89,-8.351],[-35.895,-8.353],[-35.903,-8.354],[-35.911,-8.359],[-35.918,-8.36],[-35.921,-8.366]]]}},{"type":"Feature","properties":{"c":"2604155"},"geometry":{"type":"Polygon","coordinates":[[[-35.708,-7.831],[-35.712,-7.83],[-35.717,-7.826],[-35.718,-7.829],[-35.722,-7.832],[-35.726,-7.825],[-35.73,-7.823],[-35.734,-7.816],[-35.739,-7.817],[-35.739,-7.823],[-35.742,-7.826],[-35.743,-7.821],[-35.745,-7.815],[-35.751,-7.814],[-35.752,-7.809],[-35.752,-7.806],[-35.761,-7.803],[-35.76,-7.799],[-35.762,-7.793],[-35.767,-7.784],[-35.767,-7.772],[-35.79,-7.74],[-35.781,-7.738],[-35.768,-7.727],[-35.759,-7.722],[-35.752,-7.724],[-35.747,-7.723],[-35.743,-7.714],[-35.737,-7.71],[-35.728,-7.708],[-35.721,-7.709],[-35.714,-7.707],[-35.709,-7.699],[-35.707,-7.696],[-35.7,-7.692],[-35.695,-7.694],[-35.694,-7.7],[-35.69,-7.701],[-35.684,-7.708],[-35.68,-7.704],[-35.679,-7.707],[-35.681,-7.709],[-35.677,-7.713],[-35.674,-7.723],[-35.667,-7.732],[-35.666,-7.737],[-35.656,-7.743],[-35.652,-7.748],[-35.651,-7.753],[-35.647,-7.753],[-35.64,-7.758],[-35.644,-7.76],[-35.652,-7.759],[-35.653,-7.757],[-35.67,-7.756],[-35.672,-7.76],[-35.671,-7.776],[-35.706,-7.776],[-35.708,-7.783],[-35.708,-7.787],[-35.711,-7.792],[-35.71,-7.797],[-35.711,-7.805],[-35.711,-7.813],[-35.712,-7.816],[-35.709,-7.817],[-35.709,-7.829],[-35.708,-7.831]]]}},{"type":"Feature","properties":{"c":"2604205"},"geometry":{"type":"Polygon","coordinates":[[[-35.774,-8.766],[-35.778,-8.761],[-35.77,-8.761],[-35.767,-8.756],[-35.768,-8.75],[-35.764,-8.746],[-35.763,-8.742],[-35.752,-8.735],[-35.753,-8.724],[-35.746,-8.723],[-35.744,-8.721],[-35.744,-8.714],[-35.746,-8.706],[-35.748,-8.703],[-35.751,-8.704],[-35.753,-8.7],[-35.757,-8.701],[-35.76,-8.705],[-35.764,-8.706],[-35.772,-8.704],[-35.776,-8.707],[-35.779,-8.711],[-35.78,-8.709],[-35.789,-8.708],[-35.788,-8.703],[-35.795,-8.697],[-35.802,-8.702],[-35.805,-8.698],[-35.81,-8.699],[-35.812,-8.703],[-35.816,-8.707],[-35.818,-8.696],[-35.815,-8.689],[-35.813,-8.689],[-35.813,-8.682],[-35.815,-8.68],[-35.814,-8.675],[-35.81,-8.673],[-35.804,-8.672],[-35.799,-8.667],[-35.791,-8.668],[-35.788,-8.674],[-35.783,-8.673],[-35.779,-8.677],[-35.775,-8.674],[-35.774,-8.675],[-35.77,-8.673],[-35.759,-8.673],[-35.804,-8.595],[-35.798,-8.594],[-35.794,-8.596],[-35.792,-8.6],[-35.784,-8.596],[-35.781,-8.591],[-35.777,-8.591],[-35.776,-8.593],[-35.777,-8.597],[-35.773,-8.6],[-35.767,-8.594],[-35.762,-8.594],[-35.757,-8.59],[-35.754,-8.583],[-35.749,-8.583],[-35.743,-8.591],[-35.734,-8.591],[-35.73,-8.593],[-35.725,-8.592],[-35.72,-8.588],[-35.724,-8.58],[-35.722,-8.579],[-35.714,-8.58],[-35.706,-8.587],[-35.707,-8.591],[-35.702,-8.596],[-35.7,-8.599],[-35.691,-8.597],[-35.67,-8.598],[-35.671,-8.602],[-35.678,-8.606],[-35.679,-8.612],[-35.684,-8.617],[-35.687,-8.625],[-35.691,-8.627],[-35.696,-8.633],[-35.669,-8.669],[-35.708,-8.73],[-35.667,-8.729],[-35.642,-8.729],[-35.663,-8.739],[-35.721,-8.801],[-35.724,-8.759],[-35.742,-8.75],[-35.774,-8.766]]]}},{"type":"Feature","properties":{"c":"2604304"},"geometry":{"type":"Polygon","coordinates":[[[-39.103,-7.771],[-39.116,-7.777],[-39.27,-7.789],[-39.274,-7.787],[-39.272,-7.781],[-39.273,-7.776],[-39.271,-7.775],[-39.271,-7.771],[-39.275,-7.768],[-39.278,-7.76],[-39.282,-7.756],[-39.282,-7.751],[-39.278,-7.745],[-39.277,-7.739],[-39.279,-7.734],[-39.265,-7.724],[-39.266,-7.719],[-39.262,-7.715],[-39.26,-7.708],[-39.259,-7.707],[-39.258,-7.701],[-39.263,-7.699],[-39.26,-7.698],[-39.259,-7.692],[-39.261,-7.688],[-39.269,-7.684],[-39.269,-7.672],[-39.266,-7.665],[-39.265,-7.67],[-39.253,-7.677],[-39.25,-7.684],[-39.25,-7.688],[-39.247,-7.691],[-39.25,-7.693],[-39.248,-7.697],[-39.25,-7.698],[-39.253,-7.705],[-39.243,-7.705],[-39.238,-7.699],[-39.229,-7.696],[-39.223,-7.697],[-39.208,-7.689],[-39.201,-7.696],[-39.192,-7.697],[-39.188,-7.703],[-39.183,-7.706],[-39.181,-7.709],[-39.178,-7.71],[-39.171,-7.715],[-39.167,-7.714],[-39.163,-7.717],[-39.156,-7.716],[-39.142,-7.719],[-39.136,-7.723],[-39.133,-7.727],[-39.124,-7.743],[-39.118,-7.749],[-39.106,-7.76],[-39.103,-7.771]]]}},{"type":"Feature","properties":{"c":"2604403"},"geometry":{"type":"Polygon","coordinates":[[[-35.222,-8.019],[-35.225,-8.023],[-35.225,-8.03],[-35.229,-8.032],[-35.23,-8.038],[-35.235,-8.04],[-35.237,-8.042],[-35.25,-8.054],[-35.251,-8.056],[-35.256,-8.059],[-35.258,-8.057],[-35.259,-8.035],[-35.259,-8.026],[-35.254,-8.021],[-35.255,-8.018],[-35.245,-8.012],[-35.255,-7.999],[-35.256,-7.997],[-35.253,-7.995],[-35.248,-7.989],[-35.242,-7.98],[-35.24,-7.981],[-35.238,-7.977],[-35.225,-7.956],[-35.184,-7.973],[-35.18,-7.977],[-35.177,-7.976],[-35.178,-7.972],[-35.171,-7.972],[-35.172,-7.975],[-35.166,-7.977],[-35.165,-7.982],[-35.17,-7.983],[-35.169,-7.986],[-35.179,-7.995],[-35.185,-7.991],[-35.189,-7.994],[-35.194,-7.995],[-35.197,-8.0],[-35.202,-8.003],[-35.205,-8.008],[-35.205,-8.012],[-35.222,-8.019]]]}},{"type":"Feature","properties":{"c":"2604502"},"geometry":{"type":"Polygon","coordinates":[[[-35.467,-8.261],[-35.467,-8.265],[-35.471,-8.271],[-35.479,-8.275],[-35.481,-8.276],[-35.485,-8.28],[-35.488,-8.286],[-35.487,-8.291],[-35.493,-8.298],[-35.499,-8.308],[-35.509,-8.311],[-35.51,-8.301],[-35.513,-8.224],[-35.513,-8.222],[-35.499,-8.209],[-35.497,-8.205],[-35.487,-8.205],[-35.483,-8.202],[-35.483,-8.198],[-35.486,-8.194],[-35.488,-8.195],[-35.493,-8.186],[-35.487,-8.18],[-35.473,-8.175],[-35.471,-8.173],[-35.463,-8.174],[-35.456,-8.174],[-35.453,-8.171],[-35.449,-8.171],[-35.436,-8.166],[-35.43,-8.165],[-35.43,-8.17],[-35.433,-8.171],[-35.43,-8.179],[-35.433,-8.184],[-35.436,-8.185],[-35.432,-8.213],[-35.429,-8.216],[-35.431,-8.221],[-35.437,-8.231],[-35.442,-8.235],[-35.442,-8.239],[-35.444,-8.242],[-35.441,-8.244],[-35.438,-8.251],[-35.439,-8.253],[-35.445,-8.25],[-35.45,-8.253],[-35.455,-8.254],[-35.461,-8.266],[-35.467,-8.261]]]}},{"type":"Feature","properties":{"c":"2604601"},"geometry":{"type":"Polygon","coordinates":[[[-35.073,-7.618],[-35.074,-7.622],[-35.077,-7.623],[-35.077,-7.627],[-35.081,-7.629],[-35.082,-7.636],[-35.087,-7.64],[-35.093,-7.638],[-35.102,-7.646],[-35.106,-7.645],[-35.106,-7.647],[-35.111,-7.653],[-35.11,-7.656],[-35.112,-7.658],[-35.114,-7.664],[-35.114,-7.669],[-35.119,-7.671],[-35.122,-7.67],[-35.122,-7.669],[-35.147,-7.62],[-35.146,-7.616],[-35.129,-7.565],[-35.127,-7.568],[-35.123,-7.565],[-35.123,-7.562],[-35.119,-7.562],[-35.115,-7.555],[-35.111,-7.559],[-35.104,-7.557],[-35.101,-7.555],[-35.102,-7.548],[-35.097,-7.544],[-35.093,-7.544],[-35.087,-7.547],[-35.083,-7.546],[-35.077,-7.543],[-35.07,-7.545],[-35.061,-7.541],[-35.057,-7.539],[-35.051,-7.54],[-35.046,-7.536],[-35.043,-7.538],[-35.039,-7.538],[-35.037,-7.543],[-35.039,-7.546],[-35.046,-7.549],[-35.048,-7.561],[-35.047,-7.563],[-35.05,-7.567],[-35.054,-7.574],[-35.06,-7.579],[-35.07,-7.581],[-35.076,-7.59],[-35.068,-7.591],[-35.064,-7.594],[-35.062,-7.602],[-35.064,-7.605],[-35.06,-7.61],[-35.067,-7.615],[-35.067,-7.619],[-35.073,-7.618]]]}},{"type":"Feature","properties":{"c":"2604700"},"geometry":{"type":"Polygon","coordinates":[[[-36.196,-9.045],[-36.199,-9.047],[-36.203,-9.062],[-36.203,-9.067],[-36.207,-9.072],[-36.21,-9.073],[-36.222,-9.073],[-36.222,-9.077],[-36.223,-9.083],[-36.222,-9.086],[-36.228,-9.095],[-36.236,-9.103],[-36.241,-9.099],[-36.252,-9.1],[-36.256,-9.103],[-36.267,-9.102],[-36.268,-9.104],[-36.267,-9.111],[-36.261,-9.119],[-36.264,-9.126],[-36.258,-9.133],[-36.257,-9.14],[-36.265,-9.166],[-36.262,-9.171],[-36.267,-9.172],[-36.274,-9.166],[-36.286,-9.17],[-36.286,-9.173],[-36.29,-9.174],[-36.295,-9.172],[-36.298,-9.177],[-36.3,-9.176],[-36.306,-9.179],[-36.309,-9.177],[-36.309,-9.173],[-36.312,-9.174],[-36.312,-9.18],[-36.322,-9.185],[-36.323,-9.191],[-36.325,-9.193],[-36.328,-9.201],[-36.339,-9.207],[-36.341,-9.207],[-36.351,-9.201],[-36.354,-9.201],[-36.354,-9.205],[-36.349,-9.213],[-36.349,-9.216],[-36.352,-9.217],[-36.354,-9.22],[-36.358,-9.218],[-36.36,-9.222],[-36.366,-9.223],[-36.371,-9.22],[-36.376,-9.217],[-36.38,-9.22],[-36.386,-9.221],[-36.387,-9.224],[-36.392,-9.225],[-36.403,-9.223],[-36.404,-9.206],[-36.415,-9.088],[-36.419,-9.089],[-36.426,-9.09],[-36.429,-9.086],[-36.437,-9.084],[-36.434,-9.081],[-36.438,-9.079],[-36.439,-9.076],[-36.445,-9.07],[-36.446,-9.073],[-36.45,-9.075],[-36.453,-9.073],[-36.456,-9.076],[-36.458,-9.074],[-36.465,-9.078],[-36.46,-9.073],[-36.41,-9.039],[-36.366,-9.019],[-36.359,-9.047],[-36.342,-9.053],[-36.337,-9.05],[-36.334,-9.052],[-36.321,-9.049],[-36.311,-9.05],[-36.306,-9.051],[-36.295,-9.05],[-36.29,-9.051],[-36.287,-9.055],[-36.281,-9.055],[-36.28,-9.053],[-36.274,-9.053],[-36.271,-9.055],[-36.268,-9.055],[-36.263,-9.059],[-36.258,-9.058],[-36.253,-9.059],[-36.196,-9.045]]]}},{"type":"Feature","properties":{"c":"2604809"},"geometry":{"type":"Polygon","coordinates":[[[-35.577,-8.431],[-35.588,-8.42],[-35.59,-8.417],[-35.597,-8.413],[-35.597,-8.408],[-35.587,-8.397],[-35.583,-8.395],[-35.581,-8.392],[-35.562,-8.376],[-35.561,-8.369],[-35.555,-8.363],[-35.55,-8.358],[-35.548,-8.34],[-35.534,-8.383],[-35.534,-8.388],[-35.521,-8.387],[-35.514,-8.39],[-35.507,-8.418],[-35.504,-8.423],[-35.507,-8.429],[-35.505,-8.434],[-35.501,-8.434],[-35.461,-8.454],[-35.458,-8.456],[-35.455,-8.455],[-35.447,-8.451],[-35.446,-8.452],[-35.447,-8.455],[-35.455,-8.46],[-35.455,-8.462],[-35.459,-8.465],[-35.463,-8.465],[-35.467,-8.468],[-35.483,-8.475],[-35.486,-8.475],[-35.503,-8.479],[-35.506,-8.488],[-35.502,-8.491],[-35.504,-8.495],[-35.5,-8.498],[-35.506,-8.503],[-35.508,-8.5],[-35.513,-8.503],[-35.525,-8.505],[-35.525,-8.494],[-35.528,-8.495],[-35.532,-8.488],[-35.535,-8.489],[-35.537,-8.485],[-35.543,-8.487],[-35.544,-8.48],[-35.557,-8.478],[-35.554,-8.473],[-35.547,-8.47],[-35.549,-8.464],[-35.545,-8.456],[-35.547,-8.453],[-35.553,-8.454],[-35.557,-8.449],[-35.562,-8.45],[-35.562,-8.444],[-35.564,-8.439],[-35.559,-8.435],[-35.551,-8.433],[-35.555,-8.425],[-35.562,-8.419],[-35.566,-8.415],[-35.577,-8.431]]]}},{"type":"Feature","properties":{"c":"2604908"},"geometry":{"type":"Polygon","coordinates":[[[-35.65,-8.105],[-35.836,-8.114],[-35.836,-8.11],[-35.83,-8.106],[-35.837,-8.098],[-35.835,-8.084],[-35.84,-8.071],[-35.836,-8.067],[-35.831,-8.064],[-35.833,-8.06],[-35.829,-8.055],[-35.827,-8.055],[-35.826,-8.059],[-35.816,-8.057],[-35.814,-8.053],[-35.803,-8.044],[-35.8,-8.041],[-35.799,-8.037],[-35.803,-8.031],[-35.802,-8.028],[-35.799,-8.032],[-35.796,-8.031],[-35.795,-8.026],[-35.789,-8.023],[-35.786,-8.015],[-35.779,-8.015],[-35.772,-8.012],[-35.763,-8.013],[-35.759,-8.011],[-35.761,-8.006],[-35.765,-8.002],[-35.762,-8.001],[-35.76,-7.997],[-35.76,-7.992],[-35.755,-7.992],[-35.754,-7.989],[-35.758,-7.988],[-35.756,-7.98],[-35.758,-7.975],[-35.741,-7.966],[-35.735,-7.966],[-35.72,-7.962],[-35.714,-7.959],[-35.701,-7.957],[-35.689,-7.959],[-35.674,-7.951],[-35.668,-7.946],[-35.654,-7.944],[-35.61,-8.011],[-35.61,-8.013],[-35.613,-8.022],[-35.623,-8.018],[-35.631,-8.026],[-35.633,-8.024],[-35.634,-8.029],[-35.638,-8.033],[-35.637,-8.037],[-35.64,-8.042],[-35.643,-8.04],[-35.645,-8.043],[-35.653,-8.044],[-35.654,-8.048],[-35.658,-8.05],[-35.661,-8.047],[-35.665,-8.047],[-35.651,-8.073],[-35.65,-8.105]]]}},{"type":"Feature","properties":{"c":"2605004"},"geometry":{"type":"Polygon","coordinates":[[[-35.997,-8.547],[-35.969,-8.536],[-35.969,-8.549],[-35.96,-8.548],[-35.953,-8.543],[-35.951,-8.537],[-35.948,-8.535],[-35.942,-8.537],[-35.935,-8.542],[-35.925,-8.547],[-35.922,-8.555],[-35.918,-8.556],[-35.91,-8.557],[-35.899,-8.561],[-35.879,-8.547],[-35.882,-8.557],[-35.884,-8.576],[-35.873,-8.592],[-35.85,-8.593],[-35.85,-8.598],[-35.853,-8.606],[-35.864,-8.61],[-35.867,-8.613],[-35.873,-8.613],[-35.877,-8.609],[-35.889,-8.612],[-35.898,-8.612],[-35.948,-8.629],[-35.97,-8.615],[-35.997,-8.547]]]}},{"type":"Feature","properties":{"c":"2605103"},"geometry":{"type":"Polygon","coordinates":[[[-37.599,-8.318],[-37.691,-8.396],[-37.788,-8.414],[-37.799,-8.421],[-37.792,-8.397],[-37.785,-8.383],[-37.801,-8.373],[-37.809,-8.379],[-37.813,-8.383],[-37.82,-8.386],[-37.826,-8.385],[-37.831,-8.388],[-37.834,-8.388],[-37.844,-8.399],[-37.856,-8.403],[-37.863,-8.407],[-37.872,-8.408],[-37.88,-8.405],[-37.883,-8.402],[-37.889,-8.4],[-37.892,-8.394],[-37.894,-8.393],[-37.891,-8.388],[-37.887,-8.385],[-37.883,-8.379],[-37.883,-8.375],[-37.878,-8.374],[-37.875,-8.369],[-37.873,-8.362],[-37.863,-8.353],[-37.858,-8.345],[-37.86,-8.33],[-37.856,-8.325],[-37.853,-8.324],[-37.853,-8.32],[-37.851,-8.317],[-37.855,-8.315],[-37.853,-8.31],[-37.859,-8.3],[-37.859,-8.296],[-37.855,-8.29],[-37.85,-8.283],[-37.847,-8.275],[-37.851,-8.271],[-37.852,-8.265],[-37.848,-8.257],[-37.844,-8.253],[-37.843,-8.246],[-37.836,-8.242],[-37.829,-8.234],[-37.821,-8.229],[-37.816,-8.227],[-37.812,-8.223],[-37.812,-8.22],[-37.806,-8.213],[-37.802,-8.211],[-37.799,-8.2],[-37.811,-8.081],[-37.806,-8.083],[-37.803,-8.083],[-37.801,-8.08],[-37.799,-8.073],[-37.796,-8.068],[-37.797,-8.061],[-37.792,-8.057],[-37.795,-8.05],[-37.795,-8.047],[-37.79,-8.041],[-37.784,-8.04],[-37.784,-8.032],[-37.778,-8.029],[-37.776,-8.025],[-37.767,-8.018],[-37.761,-8.018],[-37.754,-8.023],[-37.749,-8.023],[-37.739,-8.018],[-37.731,-8.016],[-37.726,-8.015],[-37.72,-8.011],[-37.705,-8.004],[-37.7,-7.99],[-37.698,-7.987],[-37.692,-7.984],[-37.687,-7.98],[-37.681,-7.98],[-37.683,-7.973],[-37.678,-7.969],[-37.673,-7.97],[-37.67,-7.969],[-37.672,-7.961],[-37.674,-7.958],[-37.671,-7.954],[-37.664,-7.953],[-37.66,-7.948],[-37.66,-7.94],[-37.653,-7.942],[-37.651,-7.94],[-37.651,-7.93],[-37.648,-7.926],[-37.641,-7.924],[-37.639,-7.916],[-37.635,-7.913],[-37.635,-7.906],[-37.63,-7.9],[-37.621,-7.896],[-37.617,-7.896],[-37.609,-7.891],[-37.605,-7.884],[-37.601,-7.882],[-37.589,-7.874],[-37.583,-7.875],[-37.586,-7.883],[-37.585,-7.891],[-37.579,-7.891],[-37.575,-7.899],[-37.569,-7.901],[-37.567,-7.916],[-37.559,-7.92],[-37.552,-7.921],[-37.552,-7.924],[-37.56,-7.932],[-37.563,-7.94],[-37.555,-7.944],[-37.564,-7.95],[-37.567,-7.954],[-37.578,-7.961],[-37.581,-7.968],[-37.587,-7.971],[-37.585,-7.975],[-37.588,-7.982],[-37.575,-7.981],[-37.561,-7.992],[-37.55,-7.99],[-37.541,-7.979],[-37.511,-8.057],[-37.512,-8.06],[-37.518,-8.075],[-37.523,-8.08],[-37.525,-8.084],[-37.53,-8.091],[-37.53,-8.097],[-37.532,-8.102],[-37.53,-8.107],[-37.533,-8.116],[-37.532,-8.126],[-37.533,-8.135],[-37.531,-8.14],[-37.525,-8.143],[-37.524,-8.151],[-37.52,-8.156],[-37.516,-8.167],[-37.518,-8.17],[-37.515,-8.175],[-37.517,-8.186],[-37.519,-8.19],[-37.526,-8.196],[-37.529,-8.202],[-37.535,-8.199],[-37.537,-8.2],[-37.535,-8.207],[-37.538,-8.21],[-37.54,-8.215],[-37.538,-8.219],[-37.539,-8.223],[-37.533,-8.225],[-37.533,-8.228],[-37.537,-8.232],[-37.541,-8.235],[-37.545,-8.241],[-37.55,-8.25],[-37.554,-8.253],[-37.556,-8.26],[-37.561,-8.262],[-37.561,-8.265],[-37.566,-8.268],[-37.572,-8.265],[-37.574,-8.268],[-37.573,-8.271],[-37.568,-8.274],[-37.567,-8.276],[-37.574,-8.28],[-37.577,-8.284],[-37.581,-8.291],[-37.582,-8.298],[-37.586,-8.305],[-37.594,-8.313],[-37.596,-8.317],[-37.599,-8.318]]]}},{"type":"Feature","properties":{"c":"2605152"},"geometry":{"type":"Polygon","coordinates":[[[-40.758,-8.623],[-40.772,-8.618],[-40.779,-8.61],[-40.784,-8.613],[-40.784,-8.609],[-40.786,-8.606],[-40.783,-8.601],[-40.787,-8.6],[-40.795,-8.596],[-40.798,-8.599],[-40.801,-8.599],[-40.803,-8.594],[-40.804,-8.597],[-40.809,-8.597],[-40.811,-8.593],[-40.81,-8.585],[-40.811,-8.583],[-40.819,-8.58],[-40.825,-8.573],[-40.831,-8.572],[-40.837,-8.568],[-40.841,-8.562],[-40.84,-8.56],[-40.842,-8.555],[-40.848,-8.555],[-40.849,-8.526],[-40.852,-8.446],[-40.862,-8.371],[-40.857,-8.376],[-40.859,-8.38],[-40.85,-8.381],[-40.844,-8.379],[-40.837,-8.381],[-40.829,-8.374],[-40.823,-8.365],[-40.819,-8.361],[-40.821,-8.357],[-40.819,-8.352],[-40.82,-8.347],[-40.822,-8.341],[-40.822,-8.336],[-40.818,-8.33],[-40.82,-8.325],[-40.818,-8.32],[-40.802,-8.322],[-40.793,-8.32],[-40.791,-8.313],[-40.786,-8.306],[-40.781,-8.303],[-40.78,-8.296],[-40.771,-8.297],[-40.767,-8.299],[-40.764,-8.303],[-40.761,-8.315],[-40.762,-8.318],[-40.756,-8.326],[-40.758,-8.329],[-40.758,-8.337],[-40.755,-8.342],[-40.749,-8.343],[-40.747,-8.339],[-40.743,-8.337],[-40.738,-8.341],[-40.729,-8.347],[-40.717,-8.351],[-40.713,-8.351],[-40.707,-8.347],[-40.703,-8.347],[-40.693,-8.355],[-40.686,-8.358],[-40.687,-8.363],[-40.681,-8.365],[-40.682,-8.369],[-40.679,-8.375],[-40.676,-8.374],[-40.672,-8.37],[-40.667,-8.371],[-40.664,-8.369],[-40.659,-8.371],[-40.658,-8.376],[-40.659,-8.379],[-40.656,-8.381],[-40.652,-8.38],[-40.646,-8.381],[-40.646,-8.379],[-40.641,-8.375],[-40.638,-8.377],[-40.636,-8.375],[-40.631,-8.376],[-40.629,-8.371],[-40.626,-8.372],[-40.622,-8.368],[-40.615,-8.369],[-40.611,-8.372],[-40.609,-8.368],[-40.605,-8.367],[-40.603,-8.369],[-40.597,-8.364],[-40.594,-8.368],[-40.589,-8.368],[-40.587,-8.364],[-40.582,-8.363],[-40.578,-8.364],[-40.573,-8.363],[-40.565,-8.367],[-40.565,-8.371],[-40.558,-8.372],[-40.548,-8.376],[-40.542,-8.378],[-40.54,-8.384],[-40.533,-8.381],[-40.535,-8.378],[-40.531,-8.368],[-40.529,-8.367],[-40.524,-8.366],[-40.522,-8.369],[-40.513,-8.371],[-40.51,-8.368],[-40.506,-8.369],[-40.503,-8.366],[-40.5,-8.369],[-40.495,-8.37],[-40.49,-8.364],[-40.486,-8.366],[-40.477,-8.362],[-40.472,-8.363],[-40.468,-8.366],[-40.465,-8.364],[-40.462,-8.361],[-40.453,-8.364],[-40.444,-8.371],[-40.442,-8.376],[-40.439,-8.378],[-40.438,-8.385],[-40.435,-8.39],[-40.43,-8.396],[-40.428,-8.4],[-40.421,-8.404],[-40.418,-8.402],[-40.41,-8.402],[-40.408,-8.406],[-40.405,-8.408],[-40.4,-8.407],[-40.396,-8.408],[-40.396,-8.416],[-40.394,-8.416],[-40.387,-8.412],[-40.386,-8.415],[-40.38,-8.416],[-40.38,-8.422],[-40.373,-8.43],[-40.37,-8.429],[-40.365,-8.431],[-40.367,-8.439],[-40.363,-8.44],[-40.358,-8.453],[-40.359,-8.463],[-40.354,-8.468],[-40.355,-8.475],[-40.357,-8.481],[-40.354,-8.49],[-40.357,-8.497],[-40.355,-8.501],[-40.353,-8.501],[-40.35,-8.508],[-40.347,-8.509],[-40.351,-8.509],[-40.358,-8.506],[-40.361,-8.507],[-40.365,-8.505],[-40.369,-8.506],[-40.371,-8.502],[-40.376,-8.503],[-40.376,-8.51],[-40.38,-8.52],[-40.381,-8.526],[-40.379,-8.528],[-40.384,-8.536],[-40.388,-8.541],[-40.394,-8.546],[-40.399,-8.549],[-40.409,-8.552],[-40.412,-8.556],[-40.418,-8.561],[-40.42,-8.571],[-40.42,-8.574],[-40.425,-8.58],[-40.427,-8.59],[-40.431,-8.596],[-40.433,-8.603],[-40.439,-8.609],[-40.446,-8.619],[-40.446,-8.623],[-40.443,-8.628],[-40.443,-8.633],[-40.437,-8.636],[-40.432,-8.644],[-40.429,-8.645],[-40.579,-8.667],[-40.58,-8.667],[-40.758,-8.623]]]}},{"type":"Feature","properties":{"c":"2605202"},"geometry":{"type":"Polygon","coordinates":[[[-35.14,-8.31],[-35.154,-8.321],[-35.162,-8.339],[-35.171,-8.355],[-35.174,-8.352],[-35.177,-8.351],[-35.19,-8.355],[-35.193,-8.358],[-35.193,-8.376],[-35.224,-8.404],[-35.238,-8.417],[-35.23,-8.435],[-35.215,-8.459],[-35.203,-8.479],[-35.223,-8.478],[-35.24,-8.475],[-35.273,-8.478],[-35.273,-8.488],[-35.29,-8.464],[-35.294,-8.471],[-35.302,-8.489],[-35.31,-8.485],[-35.316,-8.479],[-35.316,-8.475],[-35.319,-8.469],[-35.321,-8.463],[-35.326,-8.458],[-35.327,-8.449],[-35.325,-8.447],[-35.313,-8.42],[-35.318,-8.419],[-35.32,-8.424],[-35.331,-8.437],[-35.335,-8.44],[-35.337,-8.439],[-35.34,-8.444],[-35.345,-8.443],[-35.348,-8.438],[-35.346,-8.428],[-35.344,-8.424],[-35.342,-8.412],[-35.343,-8.41],[-35.348,-8.41],[-35.349,-8.408],[-35.357,-8.403],[-35.36,-8.398],[-35.364,-8.396],[-35.356,-8.38],[-35.354,-8.381],[-35.344,-8.376],[-35.343,-8.372],[-35.34,-8.37],[-35.333,-8.367],[-35.332,-8.362],[-35.339,-8.361],[-35.346,-8.359],[-35.349,-8.353],[-35.348,-8.349],[-35.346,-8.35],[-35.35,-8.343],[-35.351,-8.333],[-35.354,-8.324],[-35.354,-8.319],[-35.356,-8.311],[-35.355,-8.304],[-35.358,-8.301],[-35.347,-8.294],[-35.323,-8.3],[-35.3,-8.308],[-35.269,-8.296],[-35.276,-8.285],[-35.265,-8.244],[-35.265,-8.243],[-35.264,-8.248],[-35.266,-8.25],[-35.265,-8.256],[-35.26,-8.26],[-35.259,-8.264],[-35.253,-8.264],[-35.253,-8.268],[-35.25,-8.273],[-35.25,-8.278],[-35.247,-8.275],[-35.239,-8.272],[-35.237,-8.274],[-35.237,-8.285],[-35.238,-8.292],[-35.233,-8.293],[-35.23,-8.295],[-35.22,-8.29],[-35.218,-8.291],[-35.21,-8.288],[-35.205,-8.291],[-35.204,-8.296],[-35.2,-8.293],[-35.196,-8.298],[-35.191,-8.294],[-35.188,-8.295],[-35.184,-8.292],[-35.171,-8.286],[-35.163,-8.284],[-35.152,-8.279],[-35.146,-8.289],[-35.149,-8.3],[-35.14,-8.31]]]}},{"type":"Feature","properties":{"c":"2605301"},"geometry":{"type":"Polygon","coordinates":[[[-39.616,-7.704],[-39.62,-7.702],[-39.624,-7.704],[-39.626,-7.702],[-39.631,-7.703],[-39.636,-7.699],[-39.64,-7.699],[-39.643,-7.701],[-39.646,-7.697],[-39.652,-7.7],[-39.656,-7.69],[-39.662,-7.685],[-39.668,-7.689],[-39.67,-7.683],[-39.674,-7.68],[-39.676,-7.676],[-39.679,-7.675],[-39.682,-7.678],[-39.687,-7.678],[-39.691,-7.682],[-39.697,-7.682],[-39.702,-7.686],[-39.704,-7.683],[-39.712,-7.684],[-39.716,-7.681],[-39.718,-7.677],[-39.724,-7.675],[-39.727,-7.672],[-39.731,-7.673],[-39.733,-7.671],[-39.739,-7.67],[-39.744,-7.673],[-39.754,-7.673],[-39.766,-7.667],[-39.769,-7.668],[-39.772,-7.672],[-39.776,-7.675],[-39.785,-7.677],[-39.79,-7.676],[-39.808,-7.686],[-39.815,-7.691],[-39.904,-7.707],[-39.904,-7.518],[-39.905,-7.338],[-39.898,-7.34],[-39.89,-7.34],[-39.884,-7.338],[-39.875,-7.332],[-39.858,-7.325],[-39.848,-7.325],[-39.84,-7.329],[-39.829,-7.332],[-39.824,-7.332],[-39.815,-7.329],[-39.812,-7.33],[-39.801,-7.33],[-39.797,-7.332],[-39.789,-7.332],[-39.776,-7.328],[-39.76,-7.326],[-39.741,-7.327],[-39.706,-7.338],[-39.698,-7.342],[-39.685,-7.35],[-39.671,-7.359],[-39.653,-7.372],[-39.646,-7.381],[-39.64,-7.396],[-39.634,-7.407],[-39.631,-7.415],[-39.629,-7.426],[-39.627,-7.427],[-39.616,-7.426],[-39.609,-7.424],[-39.606,-7.424],[-39.593,-7.432],[-39.588,-7.432],[-39.577,-7.428],[-39.572,-7.43],[-39.563,-7.46],[-39.557,-7.473],[-39.553,-7.481],[-39.546,-7.484],[-39.546,-7.51],[-39.55,-7.517],[-39.552,-7.525],[-39.555,-7.526],[-39.56,-7.532],[-39.559,-7.535],[-39.562,-7.54],[-39.561,-7.545],[-39.557,-7.549],[-39.555,-7.561],[-39.553,-7.565],[-39.554,-7.569],[-39.557,-7.571],[-39.563,-7.578],[-39.566,-7.577],[-39.573,-7.586],[-39.573,-7.589],[-39.578,-7.594],[-39.578,-7.597],[-39.585,-7.596],[-39.587,-7.601],[-39.599,-7.607],[-39.602,-7.611],[-39.602,-7.616],[-39.606,-7.621],[-39.602,-7.628],[-39.606,-7.633],[-39.609,-7.634],[-39.612,-7.639],[-39.615,-7.638],[-39.617,-7.644],[-39.615,-7.651],[-39.61,-7.654],[-39.611,-7.66],[-39.61,-7.662],[-39.613,-7.665],[-39.609,-7.668],[-39.609,-7.672],[-39.606,-7.673],[-39.605,-7.678],[-39.609,-7.68],[-39.606,-7.686],[-39.61,-7.69],[-39.61,-7.696],[-39.614,-7.697],[-39.613,-7.703],[-39.616,-7.704]]]}},{"type":"Feature","properties":{"c":"2605400"},"geometry":{"type":"Polygon","coordinates":[[[-35.457,-7.989],[-35.456,-7.984],[-35.452,-7.98],[-35.453,-7.978],[-35.449,-7.971],[-35.445,-7.968],[-35.442,-7.961],[-35.44,-7.959],[-35.438,-7.953],[-35.434,-7.947],[-35.427,-7.94],[-35.426,-7.936],[-35.422,-7.933],[-35.421,-7.93],[-35.415,-7.924],[-35.407,-7.921],[-35.403,-7.917],[-35.395,-7.915],[-35.391,-7.91],[-35.384,-7.906],[-35.383,-7.903],[-35.374,-7.906],[-35.367,-7.902],[-35.364,-7.906],[-35.362,-7.902],[-35.354,-7.9],[-35.353,-7.897],[-35.356,-7.894],[-35.355,-7.891],[-35.324,-7.932],[-35.316,-7.935],[-35.304,-7.942],[-35.305,-7.942],[-35.388,-8.003],[-35.457,-7.989]]]}},{"type":"Feature","properties":{"c":"2605459"},"geometry":{"type":"MultiPolygon","coordinates":[[[[-32.434,-3.874],[-32.436,-3.875],[-32.435,-3.873],[-32.434,-3.874]]],[[[-32.417,-3.872],[-32.419,-3.872],[-32.42,-3.871],[-32.417,-3.872]]],[[[-32.441,-3.849],[-32.441,-3.85],[-32.442,-3.849],[-32.441,-3.849]]],[[[-32.443,-3.849],[-32.442,-3.848],[-32.442,-3.849],[-32.443,-3.849]]],[[[-32.426,-3.843],[-32.413,-3.84],[-32.41,-3.837],[-32.408,-3.838],[-32.401,-3.834],[-32.399,-3.831],[-32.401,-3.826],[-32.398,-3.828],[-32.397,-3.835],[-32.399,-3.837],[-32.397,-3.843],[-32.395,-3.85],[-32.392,-3.851],[-32.397,-3.853],[-32.397,-3.857],[-32.409,-3.858],[-32.41,-3.863],[-32.417,-3.863],[-32.418,-3.868],[-32.422,-3.869],[-32.422,-3.867],[-32.426,-3.867],[-32.426,-3.87],[-32.423,-3.872],[-32.426,-3.877],[-32.428,-3.871],[-32.43,-3.873],[-32.435,-3.87],[-32.442,-3.871],[-32.448,-3.875],[-32.451,-3.875],[-32.457,-3.878],[-32.457,-3.881],[-32.462,-3.878],[-32.464,-3.88],[-32.469,-3.877],[-32.475,-3.876],[-32.471,-3.875],[-32.468,-3.877],[-32.464,-3.873],[-32.46,-3.872],[-32.457,-3.866],[-32.453,-3.865],[-32.448,-3.862],[-32.449,-3.856],[-32.443,-3.853],[-32.444,-3.851],[-32.436,-3.849],[-32.426,-3.843]]],[[[-32.392,-3.825],[-32.395,-3.825],[-32.392,-3.823],[-32.392,-3.825]]],[[[-32.382,-3.814],[-32.39,-3.816],[-32.39,-3.813],[-32.394,-3.813],[-32.389,-3.81],[-32.388,-3.807],[-32.382,-3.811],[-32.379,-3.805],[-32.378,-3.806],[-32.382,-3.814]]],[[[-32.39,-3.818],[-32.392,-3.821],[-32.395,-3.819],[-32.39,-3.818]]],[[[-32.414,-3.868],[-32.415,-3.868],[-32.414,-3.867],[-32.414,-3.868]]],[[[-32.402,-3.861],[-32.401,-3.86],[-32.401,-3.861],[-32.402,-3.861]]]]}},{"type":"Feature","properties":{"c":"2605509"},"geometry":{"type":"Polygon","coordinates":[[[-35.313,-7.478],[-35.26,-7.421],[-35.237,-7.441],[-35.232,-7.444],[-35.232,-7.446],[-35.227,-7.448],[-35.226,-7.454],[-35.224,-7.453],[-35.22,-7.458],[-35.214,-7.462],[-35.208,-7.46],[-35.208,-7.468],[-35.204,-7.473],[-35.201,-7.472],[-35.191,-7.476],[-35.186,-7.476],[-35.187,-7.479],[-35.183,-7.483],[-35.178,-7.485],[-35.176,-7.483],[-35.174,-7.486],[-35.175,-7.489],[-35.172,-7.491],[-35.17,-7.489],[-35.163,-7.493],[-35.164,-7.497],[-35.157,-7.498],[-35.157,-7.502],[-35.163,-7.503],[-35.167,-7.501],[-35.172,-7.503],[-35.175,-7.502],[-35.177,-7.505],[-35.181,-7.506],[-35.184,-7.509],[-35.188,-7.509],[-35.193,-7.513],[-35.19,-7.517],[-35.195,-7.516],[-35.197,-7.52],[-35.2,-7.518],[-35.204,-7.522],[-35.206,-7.518],[-35.208,-7.522],[-35.213,-7.522],[-35.216,-7.524],[-35.222,-7.519],[-35.224,-7.52],[-35.232,-7.505],[-35.262,-7.491],[-35.259,-7.509],[-35.306,-7.5],[-35.319,-7.488],[-35.317,-7.484],[-35.313,-7.484],[-35.313,-7.478]]]}},{"type":"Feature","properties":{"c":"2605608"},"geometry":{"type":"Polygon","coordinates":[[[-37.958,-7.766],[-37.951,-7.771],[-37.945,-7.77],[-37.92,-7.772],[-37.916,-7.774],[-37.912,-7.773],[-37.902,-7.774],[-37.898,-7.779],[-37.894,-7.781],[-37.888,-7.782],[-37.879,-7.781],[-37.874,-7.789],[-37.869,-7.787],[-37.864,-7.793],[-37.859,-7.793],[-37.852,-7.797],[-37.847,-7.803],[-37.845,-7.807],[-37.838,-7.811],[-37.838,-7.819],[-37.84,-7.822],[-37.831,-7.822],[-37.746,-7.872],[-37.692,-7.984],[-37.698,-7.987],[-37.7,-7.99],[-37.705,-8.004],[-37.72,-8.011],[-37.726,-8.015],[-37.731,-8.016],[-37.739,-8.018],[-37.749,-8.023],[-37.754,-8.023],[-37.761,-8.018],[-37.767,-8.018],[-37.776,-8.025],[-37.778,-8.029],[-37.784,-8.032],[-37.784,-8.04],[-37.79,-8.041],[-37.795,-8.047],[-37.795,-8.05],[-37.792,-8.057],[-37.797,-8.061],[-37.796,-8.068],[-37.799,-8.073],[-37.801,-8.08],[-37.803,-8.083],[-37.806,-8.083],[-37.811,-8.081],[-37.815,-8.078],[-37.822,-8.078],[-37.828,-8.076],[-37.832,-8.076],[-37.834,-8.08],[-37.839,-8.079],[-37.849,-8.084],[-37.858,-8.081],[-37.866,-8.079],[-37.881,-8.075],[-37.889,-8.08],[-37.893,-8.081],[-37.899,-8.079],[-37.902,-8.074],[-37.906,-8.073],[-37.91,-8.075],[-37.92,-8.075],[-37.928,-8.07],[-37.929,-8.067],[-37.936,-8.064],[-37.939,-8.069],[-38.0,-8.077],[-38.005,-8.082],[-38.012,-8.084],[-38.016,-8.083],[-38.019,-8.077],[-38.026,-8.07],[-38.028,-8.065],[-38.034,-8.063],[-38.039,-8.048],[-38.045,-8.046],[-38.048,-8.033],[-38.05,-8.031],[-38.054,-8.032],[-38.056,-8.03],[-38.056,-8.025],[-38.063,-8.022],[-38.072,-8.023],[-38.073,-8.025],[-38.078,-8.023],[-38.083,-8.018],[-38.09,-8.014],[-38.106,-8.016],[-38.035,-7.962],[-38.052,-7.922],[-38.049,-7.92],[-38.045,-7.916],[-38.035,-7.912],[-38.025,-7.906],[-38.028,-7.9],[-38.024,-7.897],[-38.02,-7.897],[-38.015,-7.894],[-38.012,-7.89],[-38.013,-7.883],[-38.012,-7.881],[-38.005,-7.878],[-38.001,-7.876],[-38.002,-7.873],[-38.0,-7.869],[-38.002,-7.864],[-38.005,-7.864],[-38.005,-7.859],[-38.007,-7.859],[-38.01,-7.852],[-38.008,-7.847],[-38.007,-7.837],[-38.009,-7.834],[-38.009,-7.817],[-38.013,-7.816],[-38.018,-7.808],[-38.019,-7.804],[-38.021,-7.804],[-38.022,-7.799],[-38.021,-7.791],[-38.001,-7.779],[-37.99,-7.779],[-37.985,-7.773],[-37.976,-7.775],[-37.971,-7.778],[-37.959,-7.769],[-37.958,-7.766]]]}},{"type":"Feature","properties":{"c":"2605707"},"geometry":{"type":"Polygon","coordinates":[[[-38.179,-8.277],[-38.178,-8.28],[-38.183,-8.28],[-38.185,-8.284],[-38.19,-8.287],[-38.193,-8.291],[-38.19,-8.301],[-38.194,-8.305],[-38.194,-8.319],[-38.19,-8.326],[-38.191,-8.329],[-38.188,-8.335],[-38.187,-8.342],[-38.185,-8.349],[-38.182,-8.351],[-38.183,-8.357],[-38.177,-8.359],[-38.174,-8.363],[-38.172,-8.371],[-38.17,-8.374],[-38.17,-8.379],[-38.167,-8.388],[-38.169,-8.395],[-38.168,-8.398],[-38.161,-8.399],[-38.159,-8.402],[-38.143,-8.406],[-38.139,-8.408],[-38.132,-8.408],[-38.123,-8.406],[-38.114,-8.409],[-38.106,-8.413],[-38.095,-8.414],[-38.088,-8.416],[-38.087,-8.42],[-38.082,-8.421],[-38.08,-8.433],[-38.074,-8.439],[-38.07,-8.44],[-38.07,-8.442],[-38.072,-8.445],[-38.066,-8.443],[-38.063,-8.444],[-38.062,-8.449],[-38.058,-8.448],[-38.055,-8.451],[-38.049,-8.451],[-38.046,-8.457],[-38.04,-8.457],[-38.038,-8.46],[-38.027,-8.458],[-38.025,-8.453],[-38.022,-8.45],[-38.012,-8.453],[-38.007,-8.457],[-38.002,-8.453],[-38.001,-8.455],[-37.997,-8.457],[-37.992,-8.455],[-37.984,-8.457],[-37.978,-8.459],[-37.967,-8.459],[-37.96,-8.452],[-37.954,-8.452],[-37.948,-8.448],[-37.931,-8.438],[-37.932,-8.432],[-37.931,-8.43],[-37.925,-8.425],[-37.921,-8.418],[-37.918,-8.416],[-37.915,-8.409],[-37.909,-8.403],[-37.905,-8.401],[-37.894,-8.393],[-37.892,-8.394],[-37.889,-8.4],[-37.883,-8.402],[-37.88,-8.405],[-37.872,-8.408],[-37.863,-8.407],[-37.856,-8.403],[-37.844,-8.399],[-37.834,-8.388],[-37.831,-8.388],[-37.826,-8.385],[-37.82,-8.386],[-37.813,-8.383],[-37.809,-8.379],[-37.801,-8.373],[-37.785,-8.383],[-37.792,-8.397],[-37.799,-8.421],[-37.788,-8.414],[-37.892,-8.605],[-37.902,-8.605],[-37.908,-8.611],[-37.915,-8.613],[-37.918,-8.612],[-37.923,-8.615],[-37.932,-8.618],[-37.935,-8.621],[-37.952,-8.634],[-37.952,-8.638],[-37.949,-8.642],[-37.948,-8.647],[-37.953,-8.652],[-37.975,-8.658],[-37.993,-8.647],[-38.001,-8.647],[-38.014,-8.647],[-38.017,-8.65],[-38.025,-8.652],[-38.035,-8.658],[-38.04,-8.659],[-38.041,-8.665],[-38.039,-8.673],[-38.042,-8.678],[-38.045,-8.68],[-38.049,-8.686],[-38.057,-8.691],[-38.062,-8.692],[-38.065,-8.689],[-38.065,-8.684],[-38.073,-8.68],[-38.082,-8.681],[-38.084,-8.686],[-38.09,-8.687],[-38.097,-8.691],[-38.098,-8.694],[-38.101,-8.696],[-38.109,-8.696],[-38.111,-8.694],[-38.116,-8.695],[-38.121,-8.692],[-38.127,-8.692],[-38.131,-8.691],[-38.137,-8.692],[-38.142,-8.697],[-38.149,-8.695],[-38.154,-8.696],[-38.157,-8.691],[-38.163,-8.69],[-38.168,-8.686],[-38.173,-8.687],[-38.177,-8.683],[-38.184,-8.68],[-38.185,-8.678],[-38.19,-8.677],[-38.201,-8.681],[-38.203,-8.685],[-38.21,-8.688],[-38.228,-8.69],[-38.233,-8.688],[-38.235,-8.692],[-38.242,-8.696],[-38.248,-8.697],[-38.252,-8.7],[-38.254,-8.705],[-38.26,-8.708],[-38.262,-8.711],[-38.263,-8.72],[-38.265,-8.724],[-38.262,-8.727],[-38.262,-8.734],[-38.266,-8.736],[-38.265,-8.74],[-38.265,-8.748],[-38.266,-8.752],[-38.275,-8.755],[-38.283,-8.753],[-38.286,-8.758],[-38.289,-8.76],[-38.299,-8.758],[-38.305,-8.754],[-38.308,-8.759],[-38.307,-8.762],[-38.313,-8.764],[-38.314,-8.766],[-38.321,-8.769],[-38.326,-8.774],[-38.324,-8.778],[-38.328,-8.781],[-38.337,-8.778],[-38.342,-8.779],[-38.346,-8.783],[-38.349,-8.785],[-38.354,-8.784],[-38.356,-8.786],[-38.359,-8.792],[-38.367,-8.79],[-38.37,-8.792],[-38.375,-8.79],[-38.39,-8.801],[-38.391,-8.805],[-38.4,-8.807],[-38.402,-8.809],[-38.405,-8.817],[-38.409,-8.817],[-38.417,-8.821],[-38.429,-8.824],[-38.437,-8.829],[-38.441,-8.83],[-38.447,-8.838],[-38.451,-8.836],[-38.457,-8.841],[-38.464,-8.854],[-38.467,-8.864],[-38.47,-8.866],[-38.471,-8.862],[-38.475,-8.855],[-38.481,-8.849],[-38.502,-8.835],[-38.512,-8.831],[-38.531,-8.826],[-38.541,-8.823],[-38.552,-8.823],[-38.563,-8.826],[-38.57,-8.83],[-38.577,-8.837],[-38.58,-8.843],[-38.59,-8.857],[-38.604,-8.881],[-38.608,-8.893],[-38.608,-8.904],[-38.607,-8.918],[-38.609,-8.935],[-38.608,-8.95],[-38.61,-8.957],[-38.615,-8.964],[-38.624,-8.98],[-38.631,-8.985],[-38.635,-8.987],[-38.645,-8.987],[-38.658,-8.982],[-38.669,-8.976],[-38.674,-8.972],[-38.677,-8.966],[-38.681,-8.961],[-38.689,-8.947],[-38.693,-8.936],[-38.694,-8.925],[-38.694,-8.919],[-38.687,-8.917],[-38.673,-8.91],[-38.662,-8.898],[-38.66,-8.892],[-38.658,-8.876],[-38.66,-8.863],[-38.659,-8.849],[-38.658,-8.843],[-38.657,-8.83],[-38.659,-8.823],[-38.662,-8.815],[-38.664,-8.807],[-38.66,-8.798],[-38.66,-8.794],[-38.662,-8.784],[-38.661,-8.773],[-38.658,-8.759],[-38.657,-8.745],[-38.654,-8.739],[-38.653,-8.729],[-38.647,-8.717],[-38.644,-8.712],[-38.642,-8.704],[-38.641,-8.696],[-38.635,-8.688],[-38.629,-8.684],[-38.625,-8.672],[-38.623,-8.667],[-38.628,-8.662],[-38.629,-8.658],[-38.627,-8.654],[-38.63,-8.649],[-38.631,-8.637],[-38.636,-8.635],[-38.639,-8.631],[-38.633,-8.63],[-38.63,-8.627],[-38.629,-8.621],[-38.594,-8.474],[-38.549,-8.288],[-38.547,-8.29],[-38.54,-8.287],[-38.525,-8.296],[-38.515,-8.304],[-38.507,-8.307],[-38.503,-8.312],[-38.505,-8.318],[-38.5,-8.32],[-38.496,-8.319],[-38.492,-8.315],[-38.487,-8.315],[-38.486,-8.328],[-38.488,-8.334],[-38.491,-8.337],[-38.501,-8.336],[-38.506,-8.343],[-38.509,-8.352],[-38.504,-8.358],[-38.506,-8.369],[-38.512,-8.381],[-38.511,-8.384],[-38.514,-8.388],[-38.517,-8.401],[-38.514,-8.405],[-38.515,-8.408],[-38.516,-8.419],[-38.514,-8.429],[-38.518,-8.442],[-38.515,-8.439],[-38.509,-8.439],[-38.5,-8.435],[-38.496,-8.428],[-38.494,-8.421],[-38.489,-8.422],[-38.488,-8.417],[-38.486,-8.415],[-38.48,-8.415],[-38.479,-8.412],[-38.473,-8.408],[-38.469,-8.402],[-38.469,-8.394],[-38.463,-8.39],[-38.459,-8.379],[-38.453,-8.373],[-38.453,-8.37],[-38.45,-8.367],[-38.442,-8.37],[-38.44,-8.364],[-38.436,-8.356],[-38.432,-8.357],[-38.427,-8.355],[-38.431,-8.35],[-38.427,-8.344],[-38.423,-8.345],[-38.423,-8.343],[-38.417,-8.341],[-38.419,-8.329],[-38.418,-8.324],[-38.412,-8.316],[-38.41,-8.316],[-38.407,-8.306],[-38.4,-8.302],[-38.392,-8.298],[-38.387,-8.293],[-38.384,-8.294],[-38.377,-8.29],[-38.368,-8.281],[-38.364,-8.28],[-38.359,-8.285],[-38.347,-8.287],[-38.338,-8.283],[-38.334,-8.286],[-38.333,-8.29],[-38.327,-8.29],[-38.323,-8.292],[-38.314,-8.292],[-38.309,-8.287],[-38.303,-8.286],[-38.301,-8.288],[-38.295,-8.288],[-38.291,-8.285],[-38.285,-8.277],[-38.282,-8.275],[-38.279,-8.269],[-38.275,-8.267],[-38.271,-8.261],[-38.267,-8.259],[-38.265,-8.254],[-38.256,-8.259],[-38.251,-8.263],[-38.244,-8.261],[-38.238,-8.267],[-38.234,-8.268],[-38.232,-8.272],[-38.228,-8.272],[-38.222,-8.277],[-38.216,-8.279],[-38.214,-8.282],[-38.207,-8.285],[-38.205,-8.285],[-38.198,-8.279],[-38.192,-8.28],[-38.187,-8.278],[-38.179,-8.277]]]}},{"type":"Feature","properties":{"c":"2605806"},"geometry":{"type":"Polygon","coordinates":[[[-35.916,-8.005],[-35.926,-7.999],[-35.929,-7.993],[-35.941,-7.996],[-35.949,-7.992],[-35.958,-7.99],[-35.959,-7.978],[-35.968,-7.974],[-35.963,-7.965],[-35.967,-7.965],[-35.964,-7.96],[-35.965,-7.955],[-35.961,-7.952],[-35.963,-7.947],[-35.956,-7.945],[-35.958,-7.938],[-35.963,-7.939],[-35.971,-7.934],[-35.966,-7.93],[-35.965,-7.927],[-35.967,-7.917],[-35.967,-7.908],[-35.96,-7.904],[-35.957,-7.898],[-35.911,-7.895],[-35.91,-7.89],[-35.911,-7.879],[-35.906,-7.877],[-35.892,-7.87],[-35.885,-7.868],[-35.874,-7.864],[-35.864,-7.863],[-35.846,-7.864],[-35.822,-7.86],[-35.824,-7.861],[-35.822,-7.865],[-35.819,-7.874],[-35.817,-7.887],[-35.815,-7.891],[-35.818,-7.893],[-35.818,-7.896],[-35.812,-7.902],[-35.812,-7.907],[-35.814,-7.913],[-35.808,-7.916],[-35.809,-7.923],[-35.812,-7.929],[-35.818,-7.931],[-35.819,-7.938],[-35.814,-7.943],[-35.814,-7.948],[-35.817,-7.952],[-35.817,-7.957],[-35.81,-7.961],[-35.809,-7.97],[-35.805,-7.974],[-35.807,-7.979],[-35.811,-7.982],[-35.817,-7.982],[-35.824,-7.983],[-35.833,-7.983],[-35.843,-7.984],[-35.848,-7.993],[-35.853,-7.996],[-35.865,-7.994],[-35.873,-7.99],[-35.878,-7.99],[-35.885,-7.997],[-35.883,-8.001],[-35.887,-8.005],[-35.895,-8.001],[-35.903,-8.006],[-35.907,-8.006],[-35.914,-8.003],[-35.916,-8.005]]]}},{"type":"Feature","properties":{"c":"2605905"},"geometry":{"type":"Polygon","coordinates":[[[-35.471,-8.546],[-35.467,-8.542],[-35.467,-8.529],[-35.466,-8.528],[-35.462,-8.513],[-35.429,-8.509],[-35.432,-8.519],[-35.431,-8.523],[-35.432,-8.527],[-35.43,-8.533],[-35.432,-8.536],[-35.428,-8.54],[-35.419,-8.543],[-35.413,-8.549],[-35.403,-8.55],[-35.397,-8.555],[-35.391,-8.554],[-35.387,-8.546],[-35.384,-8.541],[-35.381,-8.545],[-35.377,-8.545],[-35.375,-8.55],[-35.369,-8.546],[-35.36,-8.544],[-35.357,-8.541],[-35.336,-8.57],[-35.334,-8.577],[-35.327,-8.583],[-35.319,-8.586],[-35.311,-8.593],[-35.307,-8.593],[-35.298,-8.6],[-35.296,-8.605],[-35.292,-8.609],[-35.286,-8.616],[-35.279,-8.621],[-35.269,-8.629],[-35.265,-8.631],[-35.309,-8.628],[-35.314,-8.632],[-35.32,-8.633],[-35.323,-8.635],[-35.331,-8.646],[-35.339,-8.65],[-35.343,-8.653],[-35.348,-8.662],[-35.358,-8.69],[-35.357,-8.693],[-35.35,-8.699],[-35.347,-8.704],[-35.344,-8.703],[-35.341,-8.706],[-35.34,-8.72],[-35.337,-8.722],[-35.342,-8.725],[-35.404,-8.714],[-35.394,-8.683],[-35.474,-8.628],[-35.488,-8.584],[-35.443,-8.556],[-35.445,-8.556],[-35.445,-8.55],[-35.447,-8.549],[-35.45,-8.553],[-35.457,-8.552],[-35.457,-8.55],[-35.464,-8.555],[-35.47,-8.552],[-35.471,-8.546]]]}},{"type":"Feature","properties":{"c":"2606002"},"geometry":{"type":"Polygon","coordinates":[[[-36.601,-9.033],[-36.637,-9.021],[-36.633,-9.008],[-36.631,-9.005],[-36.626,-9.003],[-36.627,-8.999],[-36.633,-8.994],[-36.637,-8.987],[-36.63,-8.976],[-36.631,-8.956],[-36.629,-8.952],[-36.626,-8.947],[-36.619,-8.944],[-36.607,-8.942],[-36.605,-8.935],[-36.607,-8.934],[-36.609,-8.927],[-36.613,-8.928],[-36.614,-8.923],[-36.606,-8.921],[-36.606,-8.911],[-36.608,-8.911],[-36.612,-8.906],[-36.612,-8.903],[-36.614,-8.898],[-36.613,-8.895],[-36.608,-8.896],[-36.605,-8.892],[-36.595,-8.891],[-36.584,-8.891],[-36.574,-8.888],[-36.562,-8.891],[-36.551,-8.887],[-36.543,-8.881],[-36.548,-8.875],[-36.567,-8.845],[-36.576,-8.839],[-36.58,-8.831],[-36.584,-8.828],[-36.582,-8.826],[-36.574,-8.822],[-36.572,-8.816],[-36.565,-8.807],[-36.561,-8.806],[-36.558,-8.802],[-36.549,-8.794],[-36.548,-8.789],[-36.544,-8.785],[-36.54,-8.784],[-36.537,-8.784],[-36.532,-8.788],[-36.529,-8.784],[-36.523,-8.786],[-36.518,-8.786],[-36.514,-8.788],[-36.507,-8.791],[-36.502,-8.79],[-36.499,-8.796],[-36.494,-8.795],[-36.49,-8.797],[-36.487,-8.796],[-36.482,-8.796],[-36.473,-8.803],[-36.47,-8.8],[-36.46,-8.801],[-36.456,-8.799],[-36.454,-8.802],[-36.444,-8.801],[-36.448,-8.809],[-36.448,-8.813],[-36.452,-8.819],[-36.452,-8.822],[-36.458,-8.827],[-36.46,-8.832],[-36.46,-8.839],[-36.463,-8.845],[-36.448,-8.882],[-36.431,-8.903],[-36.416,-8.907],[-36.411,-8.912],[-36.41,-8.918],[-36.411,-8.923],[-36.41,-8.928],[-36.405,-8.934],[-36.398,-8.938],[-36.398,-8.946],[-36.4,-8.956],[-36.398,-8.959],[-36.391,-8.972],[-36.389,-8.977],[-36.385,-8.979],[-36.378,-8.989],[-36.366,-9.019],[-36.41,-9.039],[-36.46,-9.073],[-36.465,-9.078],[-36.478,-9.09],[-36.478,-9.086],[-36.48,-8.97],[-36.487,-8.967],[-36.492,-8.963],[-36.496,-8.958],[-36.502,-8.959],[-36.506,-8.955],[-36.51,-8.954],[-36.519,-8.958],[-36.532,-8.966],[-36.545,-8.956],[-36.55,-8.953],[-36.552,-8.959],[-36.556,-8.966],[-36.561,-8.969],[-36.57,-8.977],[-36.561,-8.99],[-36.573,-8.988],[-36.585,-8.987],[-36.584,-8.993],[-36.581,-8.993],[-36.584,-8.997],[-36.588,-8.997],[-36.591,-8.996],[-36.596,-8.999],[-36.591,-9.004],[-36.59,-9.008],[-36.592,-9.009],[-36.59,-9.014],[-36.591,-9.018],[-36.594,-9.02],[-36.591,-9.023],[-36.595,-9.026],[-36.596,-9.029],[-36.6,-9.031],[-36.601,-9.033]]]}},{"type":"Feature","properties":{"c":"2606101"},"geometry":{"type":"Polygon","coordinates":[[[-35.304,-7.942],[-35.3,-7.937],[-35.291,-7.937],[-35.257,-7.942],[-35.225,-7.956],[-35.238,-7.977],[-35.24,-7.981],[-35.242,-7.98],[-35.248,-7.989],[-35.253,-7.995],[-35.256,-7.997],[-35.255,-7.999],[-35.245,-8.012],[-35.255,-8.018],[-35.254,-8.021],[-35.259,-8.026],[-35.259,-8.035],[-35.258,-8.057],[-35.263,-8.059],[-35.271,-8.054],[-35.281,-8.061],[-35.281,-8.067],[-35.285,-8.066],[-35.293,-8.071],[-35.298,-8.071],[-35.306,-8.066],[-35.309,-8.061],[-35.322,-8.064],[-35.326,-8.061],[-35.33,-8.061],[-35.341,-8.053],[-35.345,-8.052],[-35.364,-8.062],[-35.365,-8.064],[-35.382,-8.072],[-35.387,-8.075],[-35.392,-8.073],[-35.397,-8.075],[-35.397,-8.076],[-35.402,-8.077],[-35.404,-8.074],[-35.409,-8.076],[-35.412,-8.075],[-35.412,-8.079],[-35.416,-8.078],[-35.421,-8.082],[-35.425,-8.08],[-35.428,-8.081],[-35.439,-8.04],[-35.466,-8.031],[-35.466,-8.025],[-35.464,-8.021],[-35.464,-8.017],[-35.46,-8.013],[-35.462,-8.009],[-35.46,-8.008],[-35.462,-8.001],[-35.455,-7.994],[-35.457,-7.989],[-35.388,-8.003],[-35.305,-7.942],[-35.304,-7.942]]]}},{"type":"Feature","properties":{"c":"2606200"},"geometry":{"type":"Polygon","coordinates":[[[-34.922,-7.691],[-34.924,-7.692],[-35.073,-7.618],[-35.067,-7.619],[-35.067,-7.615],[-35.06,-7.61],[-35.064,-7.605],[-35.062,-7.602],[-35.064,-7.594],[-35.068,-7.591],[-35.076,-7.59],[-35.07,-7.581],[-35.06,-7.579],[-35.054,-7.574],[-35.05,-7.567],[-35.047,-7.563],[-35.048,-7.561],[-35.046,-7.549],[-35.039,-7.546],[-35.037,-7.543],[-35.039,-7.538],[-35.043,-7.538],[-35.046,-7.536],[-35.051,-7.54],[-35.057,-7.539],[-35.061,-7.541],[-35.062,-7.539],[-35.078,-7.514],[-34.985,-7.462],[-34.984,-7.469],[-34.988,-7.476],[-34.99,-7.489],[-34.986,-7.493],[-34.984,-7.508],[-34.979,-7.51],[-34.969,-7.521],[-34.961,-7.539],[-34.955,-7.539],[-34.951,-7.538],[-34.94,-7.53],[-34.933,-7.529],[-34.923,-7.534],[-34.917,-7.542],[-34.914,-7.544],[-34.91,-7.543],[-34.911,-7.539],[-34.9,-7.537],[-34.902,-7.542],[-34.901,-7.545],[-34.896,-7.545],[-34.891,-7.537],[-34.889,-7.536],[-34.882,-7.541],[-34.874,-7.543],[-34.872,-7.549],[-34.867,-7.548],[-34.865,-7.544],[-34.858,-7.538],[-34.849,-7.541],[-34.836,-7.546],[-34.833,-7.55],[-34.839,-7.554],[-34.837,-7.556],[-34.837,-7.563],[-34.833,-7.564],[-34.832,-7.568],[-34.832,-7.576],[-34.823,-7.594],[-34.813,-7.613],[-34.808,-7.617],[-34.807,-7.621],[-34.809,-7.63],[-34.814,-7.635],[-34.823,-7.651],[-34.828,-7.666],[-34.831,-7.679],[-34.835,-7.684],[-34.842,-7.682],[-34.848,-7.688],[-34.853,-7.691],[-34.859,-7.705],[-34.862,-7.712],[-34.865,-7.713],[-34.878,-7.71],[-34.884,-7.714],[-34.886,-7.714],[-34.888,-7.71],[-34.892,-7.708],[-34.897,-7.703],[-34.896,-7.699],[-34.891,-7.696],[-34.89,-7.693],[-34.896,-7.69],[-34.895,-7.687],[-34.905,-7.683],[-34.91,-7.687],[-34.917,-7.687],[-34.917,-7.69],[-34.922,-7.691]]]}},{"type":"Feature","properties":{"c":"2606309"},"geometry":{"type":"Polygon","coordinates":[[[-39.59,-7.766],[-39.588,-7.77],[-39.591,-7.776],[-39.583,-7.779],[-39.573,-7.787],[-39.57,-7.792],[-39.572,-7.798],[-39.572,-7.807],[-39.562,-7.813],[-39.562,-7.816],[-39.565,-7.817],[-39.567,-7.82],[-39.572,-7.821],[-39.574,-7.824],[-39.572,-7.827],[-39.574,-7.833],[-39.567,-7.845],[-39.562,-7.847],[-39.559,-7.853],[-39.566,-7.855],[-39.568,-7.862],[-39.574,-7.871],[-39.763,-7.913],[-39.788,-7.804],[-39.815,-7.691],[-39.808,-7.686],[-39.79,-7.676],[-39.785,-7.677],[-39.776,-7.675],[-39.772,-7.672],[-39.769,-7.668],[-39.766,-7.667],[-39.754,-7.673],[-39.744,-7.673],[-39.739,-7.67],[-39.733,-7.671],[-39.731,-7.673],[-39.727,-7.672],[-39.724,-7.675],[-39.718,-7.677],[-39.716,-7.681],[-39.712,-7.684],[-39.704,-7.683],[-39.702,-7.686],[-39.697,-7.682],[-39.691,-7.682],[-39.687,-7.678],[-39.682,-7.678],[-39.679,-7.675],[-39.676,-7.676],[-39.674,-7.68],[-39.67,-7.683],[-39.668,-7.689],[-39.662,-7.685],[-39.656,-7.69],[-39.652,-7.7],[-39.646,-7.697],[-39.643,-7.701],[-39.64,-7.699],[-39.636,-7.699],[-39.631,-7.703],[-39.626,-7.702],[-39.624,-7.704],[-39.62,-7.702],[-39.616,-7.704],[-39.614,-7.706],[-39.611,-7.712],[-39.612,-7.718],[-39.617,-7.72],[-39.617,-7.723],[-39.613,-7.729],[-39.61,-7.732],[-39.61,-7.751],[-39.608,-7.754],[-39.601,-7.756],[-39.594,-7.763],[-39.59,-7.766]]]}},{"type":"Feature","properties":{"c":"2606408"},"geometry":{"type":"Polygon","coordinates":[[[-35.51,-8.301],[-35.522,-8.3],[-35.528,-8.297],[-35.53,-8.302],[-35.529,-8.315],[-35.551,-8.327],[-35.558,-8.33],[-35.563,-8.339],[-35.563,-8.343],[-35.553,-8.342],[-35.548,-8.34],[-35.55,-8.358],[-35.635,-8.374],[-35.614,-8.344],[-35.645,-8.287],[-35.652,-8.203],[-35.656,-8.159],[-35.63,-8.104],[-35.583,-8.079],[-35.552,-8.071],[-35.511,-8.058],[-35.463,-8.094],[-35.479,-8.104],[-35.439,-8.127],[-35.442,-8.147],[-35.449,-8.171],[-35.453,-8.171],[-35.456,-8.174],[-35.463,-8.174],[-35.471,-8.173],[-35.473,-8.175],[-35.487,-8.18],[-35.493,-8.186],[-35.488,-8.195],[-35.486,-8.194],[-35.483,-8.198],[-35.483,-8.202],[-35.487,-8.205],[-35.497,-8.205],[-35.499,-8.209],[-35.513,-8.222],[-35.513,-8.224],[-35.51,-8.301]]]}},{"type":"Feature","properties":{"c":"2606507"},"geometry":{"type":"Polygon","coordinates":[[[-36.785,-9.113],[-36.769,-9.137],[-36.873,-9.168],[-36.883,-9.264],[-36.882,-9.276],[-36.88,-9.276],[-36.875,-9.277],[-36.89,-9.284],[-36.898,-9.281],[-36.901,-9.283],[-36.914,-9.296],[-36.918,-9.305],[-36.921,-9.31],[-36.922,-9.318],[-36.927,-9.323],[-36.927,-9.327],[-36.921,-9.332],[-36.922,-9.34],[-36.93,-9.347],[-36.937,-9.35],[-36.938,-9.356],[-36.937,-9.361],[-36.93,-9.37],[-36.933,-9.374],[-36.94,-9.38],[-36.946,-9.383],[-36.955,-9.381],[-36.969,-9.369],[-36.979,-9.36],[-36.991,-9.356],[-37.003,-9.353],[-37.007,-9.347],[-37.013,-9.339],[-37.018,-9.324],[-37.024,-9.316],[-37.032,-9.314],[-37.04,-9.316],[-37.048,-9.315],[-37.053,-9.308],[-37.055,-9.307],[-37.054,-9.302],[-37.048,-9.291],[-37.042,-9.291],[-37.037,-9.286],[-37.038,-9.282],[-37.037,-9.276],[-37.031,-9.268],[-37.022,-9.263],[-37.015,-9.269],[-37.013,-9.266],[-37.003,-9.262],[-37.001,-9.257],[-36.996,-9.252],[-36.992,-9.25],[-36.985,-9.249],[-36.982,-9.246],[-36.977,-9.246],[-36.974,-9.245],[-36.97,-9.239],[-36.965,-9.235],[-36.966,-9.224],[-36.963,-9.22],[-36.953,-9.212],[-36.953,-9.206],[-36.95,-9.195],[-36.95,-9.19],[-36.946,-9.186],[-36.944,-9.18],[-36.945,-9.178],[-36.949,-9.179],[-36.953,-9.176],[-36.957,-9.179],[-36.968,-9.167],[-36.969,-9.163],[-36.977,-9.159],[-36.977,-9.152],[-36.98,-9.148],[-36.984,-9.137],[-36.986,-9.134],[-36.985,-9.129],[-36.975,-9.124],[-36.973,-9.121],[-36.974,-9.114],[-36.97,-9.112],[-36.966,-9.104],[-36.962,-9.101],[-36.958,-9.095],[-36.957,-9.088],[-36.954,-9.086],[-36.952,-9.08],[-36.94,-9.068],[-36.939,-9.059],[-36.94,-9.052],[-36.933,-9.052],[-36.931,-9.05],[-36.932,-9.045],[-36.929,-9.041],[-36.928,-9.034],[-36.93,-9.032],[-36.925,-9.025],[-36.92,-9.024],[-36.917,-9.018],[-36.914,-9.017],[-36.91,-9.012],[-36.909,-9.005],[-36.902,-8.997],[-36.901,-8.994],[-36.898,-8.983],[-36.896,-8.982],[-36.895,-8.975],[-36.888,-8.969],[-36.889,-8.962],[-36.885,-8.956],[-36.887,-8.953],[-36.885,-8.943],[-36.888,-8.933],[-36.884,-8.926],[-36.88,-8.913],[-36.874,-8.909],[-36.872,-8.905],[-36.871,-8.895],[-36.866,-8.888],[-36.865,-8.889],[-36.823,-8.956],[-36.813,-8.97],[-36.787,-9.008],[-36.802,-9.086],[-36.785,-9.113]]]}},{"type":"Feature","properties":{"c":"2606606"},"geometry":{"type":"Polygon","coordinates":[[[-37.412,-8.815],[-37.471,-8.784],[-37.48,-8.784],[-37.483,-8.782],[-37.491,-8.782],[-37.499,-8.786],[-37.501,-8.789],[-37.507,-8.791],[-37.515,-8.79],[-37.52,-8.791],[-37.524,-8.796],[-37.528,-8.797],[-37.529,-8.8],[-37.535,-8.802],[-37.538,-8.8],[-37.539,-8.803],[-37.549,-8.806],[-37.558,-8.811],[-37.564,-8.809],[-37.566,-8.813],[-37.575,-8.813],[-37.578,-8.81],[-37.584,-8.815],[-37.586,-8.82],[-37.593,-8.825],[-37.639,-8.782],[-37.647,-8.778],[-37.649,-8.775],[-37.66,-8.77],[-37.663,-8.767],[-37.668,-8.77],[-37.669,-8.769],[-37.674,-8.772],[-37.676,-8.77],[-37.676,-8.759],[-37.675,-8.757],[-37.668,-8.753],[-37.663,-8.746],[-37.658,-8.745],[-37.655,-8.74],[-37.657,-8.731],[-37.656,-8.724],[-37.657,-8.721],[-37.655,-8.718],[-37.655,-8.714],[-37.658,-8.711],[-37.662,-8.706],[-37.663,-8.702],[-37.661,-8.699],[-37.663,-8.695],[-37.671,-8.694],[-37.682,-8.69],[-37.696,-8.691],[-37.706,-8.693],[-37.713,-8.693],[-37.719,-8.692],[-37.725,-8.692],[-37.727,-8.69],[-37.738,-8.689],[-37.749,-8.69],[-37.76,-8.688],[-37.772,-8.682],[-37.773,-8.679],[-37.789,-8.678],[-37.792,-8.675],[-37.796,-8.676],[-37.8,-8.673],[-37.807,-8.675],[-37.82,-8.682],[-37.827,-8.683],[-37.836,-8.68],[-37.844,-8.68],[-37.853,-8.67],[-37.855,-8.663],[-37.862,-8.654],[-37.868,-8.655],[-37.873,-8.654],[-37.879,-8.646],[-37.879,-8.644],[-37.885,-8.643],[-37.89,-8.64],[-37.894,-8.635],[-37.9,-8.632],[-37.904,-8.631],[-37.905,-8.629],[-37.892,-8.605],[-37.788,-8.414],[-37.691,-8.396],[-37.599,-8.318],[-37.6,-8.322],[-37.603,-8.327],[-37.602,-8.335],[-37.604,-8.341],[-37.603,-8.346],[-37.606,-8.35],[-37.605,-8.358],[-37.606,-8.361],[-37.613,-8.365],[-37.615,-8.368],[-37.619,-8.368],[-37.617,-8.375],[-37.619,-8.378],[-37.618,-8.387],[-37.619,-8.393],[-37.618,-8.4],[-37.619,-8.413],[-37.612,-8.415],[-37.606,-8.411],[-37.603,-8.411],[-37.6,-8.408],[-37.589,-8.408],[-37.58,-8.405],[-37.576,-8.406],[-37.572,-8.412],[-37.563,-8.413],[-37.557,-8.412],[-37.555,-8.418],[-37.551,-8.419],[-37.549,-8.423],[-37.546,-8.425],[-37.54,-8.431],[-37.535,-8.434],[-37.528,-8.434],[-37.526,-8.44],[-37.52,-8.438],[-37.51,-8.441],[-37.506,-8.437],[-37.504,-8.441],[-37.498,-8.441],[-37.495,-8.438],[-37.489,-8.442],[-37.488,-8.44],[-37.481,-8.44],[-37.476,-8.445],[-37.469,-8.449],[-37.462,-8.459],[-37.46,-8.459],[-37.442,-8.455],[-37.439,-8.457],[-37.435,-8.455],[-37.434,-8.446],[-37.43,-8.444],[-37.428,-8.445],[-37.428,-8.449],[-37.424,-8.452],[-37.42,-8.451],[-37.42,-8.443],[-37.418,-8.437],[-37.415,-8.438],[-37.411,-8.434],[-37.407,-8.434],[-37.404,-8.428],[-37.397,-8.431],[-37.396,-8.43],[-37.396,-8.423],[-37.391,-8.422],[-37.388,-8.417],[-37.384,-8.417],[-37.384,-8.413],[-37.369,-8.418],[-37.391,-8.511],[-37.412,-8.815]]]}},{"type":"Feature","properties":{"c":"2606705"},"geometry":{"type":"Polygon","coordinates":[[[-36.095,-8.591],[-36.095,-8.593],[-36.101,-8.601],[-36.105,-8.603],[-36.11,-8.601],[-36.114,-8.605],[-36.121,-8.608],[-36.126,-8.611],[-36.13,-8.611],[-36.138,-8.62],[-36.14,-8.62],[-36.149,-8.626],[-36.151,-8.63],[-36.155,-8.631],[-36.157,-8.635],[-36.164,-8.642],[-36.165,-8.645],[-36.179,-8.66],[-36.182,-8.665],[-36.187,-8.712],[-36.195,-8.712],[-36.248,-8.655],[-36.268,-8.624],[-36.293,-8.631],[-36.274,-8.562],[-36.273,-8.561],[-36.267,-8.562],[-36.23,-8.573],[-36.168,-8.546],[-36.095,-8.591]]]}},{"type":"Feature","properties":{"c":"2606804"},"geometry":{"type":"Polygon","coordinates":[[[-34.89,-7.802],[-34.888,-7.807],[-34.881,-7.809],[-34.865,-7.811],[-34.855,-7.815],[-34.845,-7.816],[-34.843,-7.828],[-34.845,-7.838],[-34.843,-7.845],[-34.841,-7.845],[-34.842,-7.857],[-34.841,-7.861],[-34.844,-7.866],[-34.855,-7.872],[-34.856,-7.877],[-34.862,-7.889],[-34.866,-7.891],[-34.882,-7.892],[-34.884,-7.889],[-34.888,-7.888],[-34.902,-7.886],[-34.912,-7.887],[-34.918,-7.886],[-34.923,-7.887],[-34.931,-7.893],[-34.977,-7.9],[-35.054,-7.88],[-35.052,-7.878],[-35.04,-7.873],[-35.036,-7.868],[-35.037,-7.85],[-35.036,-7.842],[-35.035,-7.838],[-35.032,-7.825],[-35.025,-7.822],[-35.024,-7.818],[-35.021,-7.817],[-35.02,-7.814],[-35.024,-7.806],[-35.027,-7.805],[-35.029,-7.8],[-35.032,-7.799],[-35.037,-7.794],[-35.04,-7.794],[-35.04,-7.788],[-35.038,-7.781],[-35.041,-7.775],[-35.039,-7.77],[-35.039,-7.767],[-35.044,-7.763],[-35.045,-7.76],[-35.054,-7.749],[-35.066,-7.748],[-35.073,-7.745],[-35.075,-7.746],[-35.081,-7.742],[-35.091,-7.741],[-35.094,-7.735],[-35.098,-7.729],[-35.1,-7.723],[-35.098,-7.715],[-35.045,-7.744],[-35.036,-7.743],[-35.021,-7.738],[-35.019,-7.735],[-35.008,-7.735],[-34.999,-7.731],[-34.989,-7.732],[-34.983,-7.735],[-34.976,-7.734],[-34.972,-7.729],[-34.968,-7.718],[-34.962,-7.708],[-34.957,-7.707],[-34.953,-7.708],[-34.948,-7.705],[-34.938,-7.705],[-34.928,-7.7],[-34.924,-7.692],[-34.922,-7.691],[-34.922,-7.7],[-34.928,-7.709],[-34.94,-7.719],[-34.942,-7.722],[-34.942,-7.736],[-34.942,-7.743],[-34.939,-7.745],[-34.936,-7.75],[-34.935,-7.775],[-34.932,-7.781],[-34.926,-7.802],[-34.926,-7.804],[-34.923,-7.808],[-34.909,-7.805],[-34.9,-7.806],[-34.899,-7.803],[-34.89,-7.802]]]}},{"type":"Feature","properties":{"c":"2606903"},"geometry":{"type":"Polygon","coordinates":[[[-37.35,-7.949],[-37.355,-7.955],[-37.363,-7.957],[-37.375,-7.956],[-37.38,-7.958],[-37.403,-7.958],[-37.425,-7.94],[-37.436,-7.943],[-37.439,-7.949],[-37.447,-7.949],[-37.455,-7.951],[-37.469,-7.942],[-37.474,-7.965],[-37.482,-7.972],[-37.486,-7.973],[-37.494,-7.968],[-37.507,-7.968],[-37.532,-7.972],[-37.541,-7.979],[-37.55,-7.99],[-37.561,-7.992],[-37.575,-7.981],[-37.588,-7.982],[-37.585,-7.975],[-37.587,-7.971],[-37.581,-7.968],[-37.578,-7.961],[-37.567,-7.954],[-37.564,-7.95],[-37.555,-7.944],[-37.563,-7.94],[-37.56,-7.932],[-37.552,-7.924],[-37.552,-7.921],[-37.559,-7.92],[-37.567,-7.916],[-37.569,-7.901],[-37.575,-7.899],[-37.579,-7.891],[-37.585,-7.891],[-37.586,-7.883],[-37.583,-7.875],[-37.589,-7.874],[-37.601,-7.882],[-37.605,-7.884],[-37.609,-7.891],[-37.617,-7.896],[-37.617,-7.895],[-37.621,-7.886],[-37.619,-7.883],[-37.612,-7.88],[-37.608,-7.873],[-37.604,-7.863],[-37.605,-7.86],[-37.611,-7.853],[-37.612,-7.85],[-37.606,-7.852],[-37.601,-7.846],[-37.596,-7.84],[-37.586,-7.832],[-37.577,-7.827],[-37.581,-7.824],[-37.583,-7.82],[-37.579,-7.821],[-37.574,-7.819],[-37.568,-7.815],[-37.565,-7.806],[-37.559,-7.803],[-37.555,-7.8],[-37.553,-7.795],[-37.549,-7.793],[-37.544,-7.788],[-37.54,-7.786],[-37.537,-7.781],[-37.535,-7.781],[-37.532,-7.774],[-37.525,-7.766],[-37.524,-7.758],[-37.522,-7.753],[-37.524,-7.752],[-37.527,-7.745],[-37.53,-7.739],[-37.534,-7.735],[-37.537,-7.728],[-37.538,-7.718],[-37.532,-7.709],[-37.528,-7.709],[-37.522,-7.71],[-37.521,-7.717],[-37.522,-7.719],[-37.514,-7.728],[-37.507,-7.732],[-37.503,-7.736],[-37.491,-7.736],[-37.49,-7.738],[-37.489,-7.745],[-37.486,-7.748],[-37.483,-7.746],[-37.482,-7.75],[-37.484,-7.756],[-37.479,-7.761],[-37.478,-7.766],[-37.48,-7.773],[-37.477,-7.776],[-37.466,-7.776],[-37.464,-7.781],[-37.465,-7.787],[-37.46,-7.794],[-37.453,-7.796],[-37.442,-7.791],[-37.438,-7.793],[-37.429,-7.79],[-37.416,-7.785],[-37.406,-7.781],[-37.404,-7.778],[-37.393,-7.773],[-37.39,-7.774],[-37.378,-7.773],[-37.374,-7.771],[-37.366,-7.771],[-37.359,-7.771],[-37.356,-7.769],[-37.353,-7.764],[-37.351,-7.758],[-37.347,-7.755],[-37.347,-7.749],[-37.345,-7.746],[-37.343,-7.74],[-37.338,-7.73],[-37.327,-7.728],[-37.329,-7.724],[-37.324,-7.72],[-37.318,-7.716],[-37.313,-7.714],[-37.304,-7.713],[-37.299,-7.714],[-37.298,-7.711],[-37.293,-7.709],[-37.29,-7.706],[-37.285,-7.705],[-37.283,-7.71],[-37.277,-7.714],[-37.272,-7.714],[-37.264,-7.712],[-37.251,-7.719],[-37.249,-7.724],[-37.244,-7.729],[-37.241,-7.736],[-37.242,-7.742],[-37.187,-7.746],[-37.181,-7.748],[-37.175,-7.757],[-37.176,-7.773],[-37.177,-7.78],[-37.175,-7.794],[-37.176,-7.797],[-37.171,-7.8],[-37.174,-7.8],[-37.183,-7.791],[-37.192,-7.791],[-37.198,-7.799],[-37.217,-7.807],[-37.223,-7.804],[-37.231,-7.807],[-37.23,-7.813],[-37.244,-7.819],[-37.24,-7.823],[-37.232,-7.821],[-37.228,-7.821],[-37.227,-7.828],[-37.223,-7.836],[-37.222,-7.842],[-37.226,-7.845],[-37.238,-7.844],[-37.247,-7.847],[-37.248,-7.851],[-37.25,-7.855],[-37.246,-7.859],[-37.245,-7.864],[-37.247,-7.869],[-37.244,-7.874],[-37.252,-7.878],[-37.254,-7.882],[-37.262,-7.884],[-37.264,-7.888],[-37.27,-7.891],[-37.277,-7.898],[-37.282,-7.9],[-37.287,-7.904],[-37.296,-7.906],[-37.304,-7.904],[-37.308,-7.908],[-37.316,-7.908],[-37.322,-7.911],[-37.322,-7.913],[-37.313,-7.911],[-37.31,-7.912],[-37.308,-7.916],[-37.311,-7.922],[-37.308,-7.927],[-37.309,-7.934],[-37.316,-7.937],[-37.319,-7.943],[-37.323,-7.942],[-37.33,-7.945],[-37.335,-7.943],[-37.343,-7.947],[-37.349,-7.946],[-37.35,-7.949]]]}},{"type":"Feature","properties":{"c":"2607000"},"geometry":{"type":"Polygon","coordinates":[[[-37.499,-8.786],[-37.5,-8.791],[-37.509,-8.803],[-37.519,-8.803],[-37.525,-8.806],[-37.532,-8.813],[-37.537,-8.814],[-37.542,-8.812],[-37.546,-8.816],[-37.549,-8.815],[-37.556,-8.82],[-37.569,-8.831],[-37.581,-8.846],[-37.585,-8.847],[-37.591,-8.856],[-37.596,-8.859],[-37.597,-8.862],[-37.636,-8.902],[-37.699,-8.936],[-37.704,-8.922],[-37.719,-8.908],[-37.722,-8.897],[-37.725,-8.896],[-37.728,-8.891],[-37.731,-8.891],[-37.729,-8.886],[-37.732,-8.879],[-37.738,-8.88],[-37.741,-8.876],[-37.743,-8.868],[-37.746,-8.859],[-37.75,-8.858],[-37.755,-8.846],[-37.761,-8.848],[-37.766,-8.854],[-37.774,-8.853],[-37.78,-8.86],[-37.785,-8.859],[-37.787,-8.862],[-37.786,-8.866],[-37.792,-8.869],[-37.793,-8.874],[-37.798,-8.876],[-37.81,-8.877],[-37.817,-8.883],[-37.822,-8.884],[-37.826,-8.889],[-37.823,-8.897],[-37.82,-8.9],[-37.82,-8.909],[-37.829,-8.919],[-37.829,-8.922],[-37.834,-8.926],[-37.826,-8.933],[-37.845,-8.939],[-37.852,-8.944],[-37.858,-8.954],[-37.865,-8.96],[-37.868,-8.959],[-37.875,-8.954],[-37.882,-8.951],[-37.885,-8.953],[-37.886,-8.958],[-37.892,-8.964],[-37.897,-8.965],[-37.904,-8.972],[-37.907,-8.976],[-37.922,-8.987],[-37.933,-8.998],[-37.937,-8.997],[-37.942,-8.999],[-37.957,-8.999],[-37.961,-9.0],[-37.964,-9.004],[-37.968,-9.007],[-37.978,-9.02],[-37.98,-9.015],[-37.988,-9.001],[-37.994,-8.997],[-37.996,-8.99],[-37.999,-8.975],[-38.005,-8.963],[-38.006,-8.814],[-38.006,-8.68],[-38.01,-8.668],[-38.019,-8.66],[-38.025,-8.652],[-38.017,-8.65],[-38.014,-8.647],[-38.001,-8.647],[-37.993,-8.647],[-37.975,-8.658],[-37.953,-8.652],[-37.948,-8.647],[-37.949,-8.642],[-37.952,-8.638],[-37.952,-8.634],[-37.935,-8.621],[-37.932,-8.618],[-37.923,-8.615],[-37.918,-8.612],[-37.915,-8.613],[-37.908,-8.611],[-37.902,-8.605],[-37.892,-8.605],[-37.905,-8.629],[-37.904,-8.631],[-37.9,-8.632],[-37.894,-8.635],[-37.89,-8.64],[-37.885,-8.643],[-37.879,-8.644],[-37.879,-8.646],[-37.873,-8.654],[-37.868,-8.655],[-37.862,-8.654],[-37.855,-8.663],[-37.853,-8.67],[-37.844,-8.68],[-37.836,-8.68],[-37.827,-8.683],[-37.82,-8.682],[-37.807,-8.675],[-37.8,-8.673],[-37.796,-8.676],[-37.792,-8.675],[-37.789,-8.678],[-37.773,-8.679],[-37.772,-8.682],[-37.76,-8.688],[-37.749,-8.69],[-37.738,-8.689],[-37.727,-8.69],[-37.725,-8.692],[-37.719,-8.692],[-37.713,-8.693],[-37.706,-8.693],[-37.696,-8.691],[-37.682,-8.69],[-37.671,-8.694],[-37.663,-8.695],[-37.661,-8.699],[-37.663,-8.702],[-37.662,-8.706],[-37.658,-8.711],[-37.655,-8.714],[-37.655,-8.718],[-37.657,-8.721],[-37.656,-8.724],[-37.657,-8.731],[-37.655,-8.74],[-37.658,-8.745],[-37.663,-8.746],[-37.668,-8.753],[-37.675,-8.757],[-37.676,-8.759],[-37.676,-8.77],[-37.674,-8.772],[-37.669,-8.769],[-37.668,-8.77],[-37.663,-8.767],[-37.66,-8.77],[-37.649,-8.775],[-37.647,-8.778],[-37.639,-8.782],[-37.593,-8.825],[-37.586,-8.82],[-37.584,-8.815],[-37.578,-8.81],[-37.575,-8.813],[-37.566,-8.813],[-37.564,-8.809],[-37.558,-8.811],[-37.549,-8.806],[-37.539,-8.803],[-37.538,-8.8],[-37.535,-8.802],[-37.529,-8.8],[-37.528,-8.797],[-37.524,-8.796],[-37.52,-8.791],[-37.515,-8.79],[-37.507,-8.791],[-37.501,-8.789],[-37.499,-8.786]]]}},{"type":"Feature","properties":{"c":"2607109"},"geometry":{"type":"Polygon","coordinates":[[[-37.522,-7.71],[-37.518,-7.703],[-37.516,-7.703],[-37.509,-7.7],[-37.506,-7.702],[-37.5,-7.698],[-37.502,-7.694],[-37.495,-7.692],[-37.495,-7.681],[-37.484,-7.676],[-37.481,-7.671],[-37.476,-7.669],[-37.47,-7.673],[-37.461,-7.672],[-37.46,-7.669],[-37.454,-7.67],[-37.448,-7.669],[-37.437,-7.667],[-37.433,-7.665],[-37.432,-7.661],[-37.428,-7.657],[-37.424,-7.656],[-37.419,-7.649],[-37.415,-7.643],[-37.411,-7.642],[-37.408,-7.635],[-37.402,-7.634],[-37.397,-7.636],[-37.398,-7.634],[-37.393,-7.629],[-37.385,-7.629],[-37.381,-7.626],[-37.377,-7.627],[-37.372,-7.627],[-37.36,-7.64],[-37.355,-7.641],[-37.347,-7.651],[-37.343,-7.662],[-37.344,-7.667],[-37.35,-7.68],[-37.345,-7.688],[-37.34,-7.688],[-37.333,-7.701],[-37.331,-7.707],[-37.325,-7.715],[-37.324,-7.72],[-37.329,-7.724],[-37.327,-7.728],[-37.338,-7.73],[-37.343,-7.74],[-37.345,-7.746],[-37.347,-7.749],[-37.347,-7.755],[-37.351,-7.758],[-37.353,-7.764],[-37.356,-7.769],[-37.359,-7.771],[-37.366,-7.771],[-37.374,-7.771],[-37.378,-7.773],[-37.39,-7.774],[-37.393,-7.773],[-37.404,-7.778],[-37.406,-7.781],[-37.416,-7.785],[-37.429,-7.79],[-37.438,-7.793],[-37.442,-7.791],[-37.453,-7.796],[-37.46,-7.794],[-37.465,-7.787],[-37.464,-7.781],[-37.466,-7.776],[-37.477,-7.776],[-37.48,-7.773],[-37.478,-7.766],[-37.479,-7.761],[-37.484,-7.756],[-37.482,-7.75],[-37.483,-7.746],[-37.486,-7.748],[-37.489,-7.745],[-37.49,-7.738],[-37.491,-7.736],[-37.503,-7.736],[-37.507,-7.732],[-37.514,-7.728],[-37.522,-7.719],[-37.521,-7.717],[-37.522,-7.71]]]}},{"type":"Feature","properties":{"c":"2607208"},"geometry":{"type":"MultiPolygon","coordinates":[[[[-35.048,-8.609],[-35.05,-8.606],[-35.054,-8.607],[-35.06,-8.601],[-35.065,-8.597],[-35.063,-8.594],[-35.069,-8.584],[-35.073,-8.583],[-35.071,-8.579],[-35.069,-8.572],[-35.071,-8.564],[-35.075,-8.559],[-35.081,-8.556],[-35.083,-8.546],[-35.082,-8.543],[-35.078,-8.54],[-35.076,-8.536],[-35.078,-8.529],[-35.126,-8.519],[-35.142,-8.501],[-35.143,-8.492],[-35.145,-8.489],[-35.152,-8.487],[-35.157,-8.489],[-35.163,-8.486],[-35.168,-8.479],[-35.203,-8.479],[-35.215,-8.459],[-35.23,-8.435],[-35.238,-8.417],[-35.224,-8.404],[-35.193,-8.376],[-35.193,-8.358],[-35.19,-8.355],[-35.177,-8.351],[-35.174,-8.352],[-35.171,-8.355],[-35.162,-8.339],[-35.154,-8.321],[-35.14,-8.31],[-35.108,-8.334],[-35.107,-8.329],[-35.101,-8.327],[-35.095,-8.331],[-35.084,-8.331],[-35.079,-8.335],[-35.075,-8.342],[-35.067,-8.35],[-35.059,-8.349],[-35.057,-8.352],[-35.051,-8.352],[-35.046,-8.349],[-35.042,-8.35],[-35.039,-8.355],[-35.032,-8.358],[-35.031,-8.361],[-35.025,-8.362],[-35.024,-8.364],[-35.015,-8.36],[-35.012,-8.358],[-35.005,-8.358],[-35.001,-8.36],[-34.993,-8.362],[-34.99,-8.36],[-34.989,-8.356],[-34.986,-8.353],[-34.978,-8.354],[-34.976,-8.36],[-34.966,-8.362],[-34.961,-8.367],[-34.966,-8.373],[-34.968,-8.368],[-34.971,-8.369],[-34.968,-8.377],[-34.973,-8.382],[-34.98,-8.381],[-34.98,-8.384],[-34.974,-8.385],[-34.97,-8.391],[-34.961,-8.396],[-34.965,-8.407],[-34.98,-8.439],[-34.984,-8.453],[-34.984,-8.458],[-34.988,-8.464],[-34.995,-8.475],[-35.0,-8.488],[-35.002,-8.497],[-35.0,-8.508],[-35.005,-8.515],[-35.007,-8.524],[-35.006,-8.534],[-35.003,-8.54],[-35.005,-8.543],[-35.003,-8.544],[-35.003,-8.548],[-35.009,-8.554],[-35.009,-8.557],[-35.007,-8.562],[-35.008,-8.565],[-35.014,-8.561],[-35.018,-8.56],[-35.023,-8.561],[-35.034,-8.572],[-35.038,-8.58],[-35.039,-8.586],[-35.044,-8.591],[-35.046,-8.598],[-35.045,-8.603],[-35.046,-8.606],[-35.049,-8.606],[-35.048,-8.609]]],[[[-34.957,-8.38],[-34.958,-8.386],[-34.962,-8.388],[-34.966,-8.387],[-34.968,-8.382],[-34.965,-8.372],[-34.958,-8.375],[-34.957,-8.38]]]]}},{"type":"Feature","properties":{"c":"2607307"},"geometry":{"type":"Polygon","coordinates":[[[-40.238,-7.685],[-40.272,-7.562],[-40.345,-7.329],[-40.329,-7.319],[-40.321,-7.306],[-40.311,-7.301],[-40.297,-7.301],[-40.284,-7.299],[-40.263,-7.301],[-40.256,-7.306],[-40.242,-7.318],[-40.229,-7.334],[-40.221,-7.341],[-40.196,-7.358],[-40.18,-7.363],[-40.157,-7.371],[-40.131,-7.526],[-40.104,-7.687],[-40.163,-7.703],[-40.212,-7.677],[-40.238,-7.685]]]}},{"type":"Feature","properties":{"c":"2607406"},"geometry":{"type":"Polygon","coordinates":[[[-38.694,-8.919],[-38.693,-8.913],[-38.694,-8.903],[-38.698,-8.882],[-38.702,-8.874],[-38.707,-8.862],[-38.717,-8.853],[-38.73,-8.847],[-38.74,-8.845],[-38.745,-8.839],[-38.751,-8.836],[-38.763,-8.826],[-38.766,-8.822],[-38.771,-8.817],[-38.775,-8.812],[-38.784,-8.805],[-38.789,-8.8],[-38.797,-8.793],[-38.807,-8.788],[-38.816,-8.786],[-38.83,-8.786],[-38.837,-8.785],[-38.855,-8.785],[-38.854,-8.782],[-38.857,-8.778],[-38.857,-8.774],[-38.849,-8.768],[-38.851,-8.766],[-38.852,-8.761],[-38.851,-8.756],[-38.852,-8.751],[-38.851,-8.738],[-38.854,-8.732],[-38.853,-8.725],[-38.849,-8.722],[-38.846,-8.715],[-38.846,-8.71],[-38.844,-8.696],[-38.835,-8.692],[-38.629,-8.621],[-38.63,-8.627],[-38.633,-8.63],[-38.639,-8.631],[-38.636,-8.635],[-38.631,-8.637],[-38.63,-8.649],[-38.627,-8.654],[-38.629,-8.658],[-38.628,-8.662],[-38.623,-8.667],[-38.625,-8.672],[-38.629,-8.684],[-38.635,-8.688],[-38.641,-8.696],[-38.642,-8.704],[-38.644,-8.712],[-38.647,-8.717],[-38.653,-8.729],[-38.654,-8.739],[-38.657,-8.745],[-38.658,-8.759],[-38.661,-8.773],[-38.662,-8.784],[-38.66,-8.794],[-38.66,-8.798],[-38.664,-8.807],[-38.662,-8.815],[-38.659,-8.823],[-38.657,-8.83],[-38.658,-8.843],[-38.659,-8.849],[-38.66,-8.863],[-38.658,-8.876],[-38.66,-8.892],[-38.662,-8.898],[-38.673,-8.91],[-38.687,-8.917],[-38.694,-8.919]]]}},{"type":"Feature","properties":{"c":"2607505"},"geometry":{"type":"Polygon","coordinates":[[[-37.198,-9.215],[-37.202,-9.218],[-37.207,-9.218],[-37.212,-9.221],[-37.216,-9.226],[-37.22,-9.228],[-37.23,-9.238],[-37.234,-9.24],[-37.234,-9.232],[-37.23,-9.23],[-37.229,-9.226],[-37.232,-9.222],[-37.233,-9.212],[-37.235,-9.205],[-37.239,-9.203],[-37.241,-9.198],[-37.247,-9.19],[-37.243,-9.186],[-37.247,-9.179],[-37.253,-9.173],[-37.26,-9.165],[-37.262,-9.164],[-37.263,-9.159],[-37.267,-9.159],[-37.271,-9.156],[-37.278,-9.153],[-37.282,-9.149],[-37.288,-9.136],[-37.297,-9.121],[-37.304,-9.117],[-37.311,-9.108],[-37.311,-9.1],[-37.317,-9.092],[-37.324,-9.094],[-37.328,-9.093],[-37.332,-9.089],[-37.334,-9.082],[-37.359,-9.054],[-37.391,-9.027],[-37.396,-9.028],[-37.397,-9.026],[-37.396,-9.02],[-37.402,-9.019],[-37.404,-9.014],[-37.411,-9.009],[-37.417,-9.007],[-37.431,-9.008],[-37.439,-9.006],[-37.453,-9.002],[-37.46,-9.001],[-37.468,-8.999],[-37.477,-8.993],[-37.48,-8.993],[-37.484,-8.989],[-37.493,-8.993],[-37.492,-8.988],[-37.496,-8.981],[-37.497,-8.972],[-37.499,-8.969],[-37.504,-8.965],[-37.509,-8.967],[-37.517,-8.966],[-37.519,-8.968],[-37.525,-8.963],[-37.525,-8.954],[-37.522,-8.949],[-37.522,-8.945],[-37.518,-8.938],[-37.508,-8.937],[-37.505,-8.931],[-37.501,-8.929],[-37.493,-8.915],[-37.49,-8.904],[-37.491,-8.886],[-37.478,-8.873],[-37.481,-8.843],[-37.449,-8.88],[-37.439,-8.868],[-37.432,-8.867],[-37.43,-8.871],[-37.424,-8.873],[-37.422,-8.871],[-37.419,-8.864],[-37.424,-8.861],[-37.425,-8.859],[-37.423,-8.851],[-37.418,-8.849],[-37.416,-8.841],[-37.421,-8.836],[-37.421,-8.831],[-37.418,-8.826],[-37.413,-8.822],[-37.412,-8.815],[-37.365,-8.812],[-37.363,-8.82],[-37.358,-8.823],[-37.356,-8.826],[-37.35,-8.826],[-37.347,-8.833],[-37.343,-8.834],[-37.34,-8.837],[-37.336,-8.837],[-37.336,-8.835],[-37.326,-8.839],[-37.321,-8.836],[-37.318,-8.828],[-37.314,-8.828],[-37.303,-8.823],[-37.297,-8.823],[-37.29,-8.825],[-37.284,-8.823],[-37.283,-8.819],[-37.278,-8.817],[-37.277,-8.819],[-37.273,-8.821],[-37.267,-8.815],[-37.264,-8.817],[-37.255,-8.812],[-37.248,-8.814],[-37.25,-8.816],[-37.245,-8.823],[-37.242,-8.823],[-37.236,-8.827],[-37.237,-8.829],[-37.233,-8.837],[-37.236,-8.841],[-37.233,-8.847],[-37.229,-8.849],[-37.225,-8.854],[-37.224,-8.859],[-37.227,-8.861],[-37.227,-8.867],[-37.222,-8.867],[-37.225,-8.872],[-37.22,-8.878],[-37.22,-8.885],[-37.213,-8.888],[-37.206,-8.898],[-37.199,-8.9],[-37.199,-8.906],[-37.195,-8.913],[-37.188,-8.918],[-37.186,-8.924],[-37.18,-8.926],[-37.175,-8.934],[-37.169,-8.941],[-37.164,-8.939],[-37.158,-8.94],[-37.155,-8.946],[-37.152,-8.947],[-37.148,-8.945],[-37.144,-8.947],[-37.141,-8.946],[-37.135,-8.948],[-37.123,-8.957],[-37.118,-8.957],[-37.114,-8.96],[-37.107,-8.958],[-37.101,-8.96],[-37.099,-8.971],[-37.101,-8.977],[-37.106,-8.985],[-37.106,-8.993],[-37.111,-8.997],[-37.111,-9.003],[-37.115,-9.007],[-37.116,-9.011],[-37.123,-9.013],[-37.126,-9.017],[-37.127,-9.021],[-37.131,-9.03],[-37.135,-9.033],[-37.142,-9.037],[-37.147,-9.047],[-37.15,-9.048],[-37.156,-9.054],[-37.159,-9.061],[-37.162,-9.073],[-37.162,-9.084],[-37.161,-9.091],[-37.163,-9.095],[-37.162,-9.106],[-37.162,-9.123],[-37.159,-9.126],[-37.161,-9.14],[-37.167,-9.151],[-37.167,-9.157],[-37.17,-9.167],[-37.17,-9.169],[-37.182,-9.186],[-37.186,-9.195],[-37.185,-9.2],[-37.192,-9.202],[-37.196,-9.205],[-37.198,-9.215]]]}},{"type":"Feature","properties":{"c":"2607604"},"geometry":{"type":"MultiPolygon","coordinates":[[[[-34.845,-7.816],[-34.855,-7.815],[-34.865,-7.811],[-34.881,-7.809],[-34.888,-7.807],[-34.89,-7.802],[-34.889,-7.788],[-34.886,-7.776],[-34.884,-7.765],[-34.876,-7.742],[-34.868,-7.736],[-34.863,-7.728],[-34.864,-7.72],[-34.862,-7.712],[-34.859,-7.705],[-34.853,-7.691],[-34.848,-7.688],[-34.844,-7.69],[-34.84,-7.694],[-34.835,-7.697],[-34.832,-7.7],[-34.833,-7.706],[-34.833,-7.713],[-34.83,-7.726],[-34.826,-7.726],[-34.824,-7.735],[-34.823,-7.752],[-34.824,-7.756],[-34.83,-7.767],[-34.835,-7.785],[-34.837,-7.792],[-34.836,-7.806],[-34.838,-7.811],[-34.845,-7.813],[-34.845,-7.816]]],[[[-34.837,-7.817],[-34.84,-7.817],[-34.84,-7.816],[-34.837,-7.817]]]]}},{"type":"Feature","properties":{"c":"2607653"},"geometry":{"type":"Polygon","coordinates":[[[-35.157,-7.502],[-35.157,-7.498],[-35.164,-7.497],[-35.163,-7.493],[-35.17,-7.489],[-35.172,-7.491],[-35.175,-7.489],[-35.174,-7.486],[-35.176,-7.483],[-35.178,-7.485],[-35.183,-7.483],[-35.187,-7.479],[-35.186,-7.476],[-35.191,-7.476],[-35.201,-7.472],[-35.204,-7.473],[-35.208,-7.468],[-35.208,-7.46],[-35.214,-7.462],[-35.22,-7.458],[-35.224,-7.453],[-35.226,-7.454],[-35.227,-7.448],[-35.232,-7.446],[-35.232,-7.444],[-35.237,-7.441],[-35.237,-7.438],[-35.246,-7.424],[-35.255,-7.42],[-35.266,-7.412],[-35.267,-7.41],[-35.271,-7.407],[-35.273,-7.404],[-35.28,-7.407],[-35.281,-7.405],[-35.286,-7.405],[-35.307,-7.413],[-35.311,-7.413],[-35.313,-7.417],[-35.324,-7.42],[-35.326,-7.416],[-35.333,-7.415],[-35.335,-7.411],[-35.335,-7.407],[-35.331,-7.407],[-35.328,-7.41],[-35.324,-7.411],[-35.319,-7.41],[-35.318,-7.407],[-35.314,-7.406],[-35.309,-7.409],[-35.302,-7.404],[-35.296,-7.401],[-35.291,-7.398],[-35.285,-7.391],[-35.277,-7.385],[-35.264,-7.38],[-35.257,-7.378],[-35.249,-7.375],[-35.246,-7.376],[-35.24,-7.375],[-35.233,-7.378],[-35.217,-7.381],[-35.209,-7.385],[-35.2,-7.388],[-35.195,-7.396],[-35.191,-7.398],[-35.186,-7.395],[-35.181,-7.396],[-35.174,-7.392],[-35.172,-7.388],[-35.159,-7.392],[-35.154,-7.393],[-35.144,-7.396],[-35.135,-7.397],[-35.128,-7.402],[-35.123,-7.401],[-35.12,-7.404],[-35.116,-7.404],[-35.108,-7.406],[-35.102,-7.405],[-35.092,-7.401],[-35.076,-7.401],[-35.071,-7.399],[-35.066,-7.402],[-35.063,-7.407],[-35.054,-7.412],[-35.048,-7.418],[-35.04,-7.422],[-35.03,-7.426],[-35.02,-7.436],[-35.015,-7.443],[-35.007,-7.449],[-35.003,-7.454],[-34.985,-7.462],[-35.078,-7.514],[-35.062,-7.539],[-35.061,-7.541],[-35.07,-7.545],[-35.077,-7.543],[-35.083,-7.546],[-35.087,-7.547],[-35.093,-7.544],[-35.097,-7.544],[-35.099,-7.538],[-35.103,-7.537],[-35.107,-7.531],[-35.111,-7.533],[-35.112,-7.537],[-35.118,-7.534],[-35.122,-7.536],[-35.12,-7.541],[-35.123,-7.541],[-35.125,-7.538],[-35.13,-7.534],[-35.132,-7.529],[-35.139,-7.521],[-35.14,-7.512],[-35.141,-7.508],[-35.143,-7.509],[-35.153,-7.505],[-35.157,-7.502]]]}},{"type":"Feature","properties":{"c":"2607703"},"geometry":{"type":"Polygon","coordinates":[[[-37.27,-7.393],[-37.282,-7.37],[-37.281,-7.368],[-37.279,-7.354],[-37.281,-7.349],[-37.271,-7.334],[-37.273,-7.334],[-37.273,-7.326],[-37.263,-7.309],[-37.262,-7.307],[-37.261,-7.274],[-37.253,-7.275],[-37.242,-7.273],[-37.234,-7.274],[-37.228,-7.28],[-37.223,-7.286],[-37.214,-7.291],[-37.205,-7.292],[-37.197,-7.295],[-37.191,-7.3],[-37.183,-7.306],[-37.177,-7.31],[-37.174,-7.316],[-37.169,-7.32],[-37.168,-7.324],[-37.168,-7.332],[-37.165,-7.337],[-37.157,-7.338],[-37.151,-7.335],[-37.145,-7.335],[-37.141,-7.341],[-37.135,-7.347],[-37.128,-7.344],[-37.122,-7.351],[-37.114,-7.351],[-37.102,-7.357],[-37.097,-7.354],[-37.092,-7.357],[-37.086,-7.358],[-37.079,-7.365],[-37.073,-7.368],[-37.071,-7.374],[-37.07,-7.38],[-37.067,-7.383],[-37.053,-7.379],[-37.05,-7.378],[-37.031,-7.386],[-37.026,-7.386],[-37.023,-7.393],[-37.019,-7.394],[-37.017,-7.402],[-37.013,-7.404],[-37.018,-7.411],[-37.024,-7.416],[-37.026,-7.422],[-37.018,-7.425],[-37.015,-7.43],[-37.024,-7.434],[-37.021,-7.44],[-37.013,-7.445],[-37.011,-7.454],[-37.003,-7.455],[-36.997,-7.459],[-36.994,-7.465],[-36.995,-7.473],[-36.993,-7.474],[-36.988,-7.474],[-36.985,-7.476],[-36.984,-7.482],[-36.994,-7.488],[-37.003,-7.496],[-37.007,-7.494],[-37.011,-7.49],[-37.022,-7.497],[-37.026,-7.497],[-37.125,-7.489],[-37.128,-7.481],[-37.135,-7.484],[-37.139,-7.485],[-37.159,-7.495],[-37.159,-7.484],[-37.163,-7.483],[-37.159,-7.476],[-37.162,-7.471],[-37.162,-7.465],[-37.159,-7.463],[-37.159,-7.458],[-37.154,-7.454],[-37.172,-7.45],[-37.182,-7.453],[-37.186,-7.453],[-37.193,-7.444],[-37.196,-7.439],[-37.198,-7.431],[-37.195,-7.426],[-37.202,-7.413],[-37.208,-7.412],[-37.214,-7.414],[-37.217,-7.414],[-37.227,-7.414],[-37.235,-7.408],[-37.241,-7.403],[-37.247,-7.402],[-37.249,-7.4],[-37.247,-7.395],[-37.253,-7.394],[-37.269,-7.408],[-37.27,-7.393]]]}},{"type":"Feature","properties":{"c":"2607752"},"geometry":{"type":"Polygon","coordinates":[[[-34.89,-7.802],[-34.899,-7.803],[-34.9,-7.806],[-34.909,-7.805],[-34.923,-7.808],[-34.926,-7.804],[-34.926,-7.802],[-34.932,-7.781],[-34.935,-7.775],[-34.936,-7.75],[-34.939,-7.745],[-34.942,-7.743],[-34.942,-7.736],[-34.942,-7.722],[-34.94,-7.719],[-34.928,-7.709],[-34.922,-7.7],[-34.922,-7.691],[-34.917,-7.69],[-34.917,-7.687],[-34.91,-7.687],[-34.905,-7.683],[-34.895,-7.687],[-34.896,-7.69],[-34.89,-7.693],[-34.891,-7.696],[-34.896,-7.699],[-34.897,-7.703],[-34.892,-7.708],[-34.888,-7.71],[-34.886,-7.714],[-34.884,-7.714],[-34.878,-7.71],[-34.865,-7.713],[-34.862,-7.712],[-34.864,-7.72],[-34.863,-7.728],[-34.868,-7.736],[-34.876,-7.742],[-34.884,-7.765],[-34.886,-7.776],[-34.889,-7.788],[-34.89,-7.802]]]}},{"type":"Feature","properties":{"c":"2607802"},"geometry":{"type":"Polygon","coordinates":[[[-35.122,-7.67],[-35.119,-7.671],[-35.114,-7.669],[-35.114,-7.664],[-35.112,-7.658],[-35.11,-7.656],[-35.111,-7.653],[-35.106,-7.647],[-35.106,-7.645],[-35.102,-7.646],[-35.093,-7.638],[-35.087,-7.64],[-35.082,-7.636],[-35.081,-7.629],[-35.077,-7.627],[-35.077,-7.623],[-35.074,-7.622],[-35.073,-7.618],[-34.924,-7.692],[-34.928,-7.7],[-34.938,-7.705],[-34.948,-7.705],[-34.953,-7.708],[-34.957,-7.707],[-34.962,-7.708],[-34.968,-7.718],[-34.972,-7.729],[-34.976,-7.734],[-34.983,-7.735],[-34.989,-7.732],[-34.999,-7.731],[-35.008,-7.735],[-35.019,-7.735],[-35.021,-7.738],[-35.036,-7.743],[-35.045,-7.744],[-35.098,-7.715],[-35.098,-7.709],[-35.095,-7.706],[-35.091,-7.697],[-35.092,-7.692],[-35.108,-7.679],[-35.122,-7.67]]]}},{"type":"Feature","properties":{"c":"2607901"},"geometry":{"type":"Polygon","coordinates":[[[-35.064,-8.223],[-35.063,-8.22],[-35.067,-8.21],[-35.068,-8.203],[-35.066,-8.201],[-35.075,-8.189],[-35.087,-8.174],[-35.097,-8.162],[-35.088,-8.143],[-35.058,-8.088],[-35.057,-8.086],[-35.055,-8.067],[-35.042,-8.063],[-35.017,-8.056],[-35.012,-8.059],[-35.007,-8.06],[-35.005,-8.063],[-35.0,-8.064],[-34.996,-8.061],[-34.993,-8.066],[-34.986,-8.072],[-34.986,-8.074],[-34.981,-8.075],[-34.976,-8.08],[-34.974,-8.078],[-34.971,-8.082],[-34.974,-8.086],[-34.97,-8.088],[-34.968,-8.091],[-34.962,-8.094],[-34.963,-8.1],[-34.963,-8.108],[-34.957,-8.111],[-34.96,-8.115],[-34.959,-8.122],[-34.961,-8.126],[-34.958,-8.13],[-34.956,-8.129],[-34.954,-8.124],[-34.952,-8.131],[-34.957,-8.134],[-34.956,-8.138],[-34.954,-8.139],[-34.937,-8.137],[-34.933,-8.142],[-34.922,-8.142],[-34.914,-8.145],[-34.915,-8.148],[-34.912,-8.15],[-34.914,-8.154],[-34.909,-8.155],[-34.915,-8.175],[-34.918,-8.186],[-34.916,-8.201],[-34.918,-8.212],[-34.919,-8.216],[-34.924,-8.222],[-34.929,-8.225],[-34.934,-8.232],[-34.936,-8.239],[-34.943,-8.242],[-34.948,-8.235],[-34.955,-8.236],[-34.959,-8.233],[-34.956,-8.225],[-34.958,-8.224],[-34.96,-8.219],[-34.96,-8.216],[-34.965,-8.216],[-34.971,-8.219],[-34.97,-8.225],[-34.977,-8.231],[-34.979,-8.229],[-34.983,-8.229],[-34.987,-8.219],[-34.99,-8.224],[-34.994,-8.225],[-34.999,-8.219],[-34.999,-8.217],[-35.003,-8.21],[-35.007,-8.206],[-35.064,-8.223]]]}},{"type":"Feature","properties":{"c":"2607950"},"geometry":{"type":"Polygon","coordinates":[[[-35.774,-8.766],[-35.779,-8.767],[-35.782,-8.772],[-35.785,-8.774],[-35.791,-8.774],[-35.799,-8.777],[-35.803,-8.771],[-35.82,-8.779],[-35.822,-8.783],[-35.818,-8.791],[-35.826,-8.794],[-35.824,-8.801],[-35.838,-8.802],[-35.839,-8.807],[-35.847,-8.808],[-35.855,-8.76],[-35.862,-8.755],[-35.861,-8.751],[-35.856,-8.745],[-35.85,-8.741],[-35.846,-8.735],[-35.845,-8.716],[-35.841,-8.713],[-35.836,-8.714],[-35.821,-8.709],[-35.818,-8.7],[-35.821,-8.695],[-35.818,-8.689],[-35.819,-8.681],[-35.822,-8.681],[-35.814,-8.675],[-35.815,-8.68],[-35.813,-8.682],[-35.813,-8.689],[-35.815,-8.689],[-35.818,-8.696],[-35.816,-8.707],[-35.812,-8.703],[-35.81,-8.699],[-35.805,-8.698],[-35.802,-8.702],[-35.795,-8.697],[-35.788,-8.703],[-35.789,-8.708],[-35.78,-8.709],[-35.779,-8.711],[-35.776,-8.707],[-35.772,-8.704],[-35.764,-8.706],[-35.76,-8.705],[-35.757,-8.701],[-35.753,-8.7],[-35.751,-8.704],[-35.748,-8.703],[-35.746,-8.706],[-35.744,-8.714],[-35.744,-8.721],[-35.746,-8.723],[-35.753,-8.724],[-35.752,-8.735],[-35.763,-8.742],[-35.764,-8.746],[-35.768,-8.75],[-35.767,-8.756],[-35.77,-8.761],[-35.778,-8.761],[-35.774,-8.766]]]}},{"type":"Feature","properties":{"c":"2608008"},"geometry":{"type":"Polygon","coordinates":[[[-36.444,-8.146],[-36.494,-8.127],[-36.493,-8.131],[-36.491,-8.133],[-36.495,-8.139],[-36.498,-8.145],[-36.502,-8.151],[-36.507,-8.157],[-36.512,-8.158],[-36.517,-8.165],[-36.522,-8.175],[-36.525,-8.182],[-36.532,-8.185],[-36.531,-8.192],[-36.538,-8.198],[-36.54,-8.201],[-36.545,-8.206],[-36.547,-8.21],[-36.56,-8.208],[-36.564,-8.206],[-36.571,-8.208],[-36.581,-8.206],[-36.586,-8.209],[-36.594,-8.209],[-36.606,-8.212],[-36.612,-8.166],[-36.613,-8.172],[-36.614,-8.173],[-36.618,-8.185],[-36.619,-8.194],[-36.617,-8.2],[-36.617,-8.209],[-36.621,-8.213],[-36.627,-8.212],[-36.628,-8.214],[-36.634,-8.214],[-36.635,-8.211],[-36.646,-8.208],[-36.647,-8.206],[-36.653,-8.198],[-36.656,-8.193],[-36.665,-8.181],[-36.679,-8.177],[-36.68,-8.171],[-36.682,-8.167],[-36.683,-8.162],[-36.686,-8.16],[-36.687,-8.156],[-36.687,-8.152],[-36.694,-8.144],[-36.694,-8.141],[-36.665,-8.123],[-36.654,-8.121],[-36.64,-8.12],[-36.629,-8.111],[-36.628,-8.103],[-36.637,-8.093],[-36.645,-8.093],[-36.648,-8.091],[-36.647,-8.086],[-36.65,-8.081],[-36.657,-8.082],[-36.659,-8.08],[-36.656,-8.073],[-36.654,-8.07],[-36.641,-8.062],[-36.629,-8.057],[-36.628,-8.052],[-36.629,-8.038],[-36.629,-8.025],[-36.627,-8.003],[-36.628,-7.986],[-36.623,-7.982],[-36.623,-7.97],[-36.619,-7.962],[-36.613,-7.957],[-36.612,-7.948],[-36.61,-7.948],[-36.605,-7.952],[-36.6,-7.953],[-36.595,-7.956],[-36.587,-7.959],[-36.577,-7.96],[-36.573,-7.957],[-36.574,-7.952],[-36.579,-7.95],[-36.58,-7.947],[-36.574,-7.94],[-36.573,-7.936],[-36.573,-7.931],[-36.578,-7.921],[-36.578,-7.915],[-36.576,-7.909],[-36.572,-7.904],[-36.564,-7.901],[-36.552,-7.899],[-36.543,-7.902],[-36.536,-7.902],[-36.531,-7.903],[-36.526,-7.907],[-36.513,-7.915],[-36.499,-7.92],[-36.492,-7.915],[-36.487,-7.916],[-36.48,-7.925],[-36.477,-7.924],[-36.47,-7.918],[-36.461,-7.915],[-36.453,-7.915],[-36.446,-7.916],[-36.444,-7.92],[-36.38,-7.977],[-36.444,-8.146]]]}},{"type":"Feature","properties":{"c":"2608057"},"geometry":{"type":"Polygon","coordinates":[[[-38.313,-9.148],[-38.205,-9.104],[-38.199,-9.152],[-38.092,-9.173],[-38.099,-9.179],[-38.103,-9.18],[-38.105,-9.185],[-38.114,-9.194],[-38.115,-9.198],[-38.128,-9.209],[-38.135,-9.214],[-38.144,-9.218],[-38.149,-9.231],[-38.152,-9.235],[-38.156,-9.242],[-38.156,-9.255],[-38.157,-9.263],[-38.161,-9.268],[-38.166,-9.271],[-38.174,-9.285],[-38.18,-9.291],[-38.192,-9.296],[-38.203,-9.297],[-38.221,-9.312],[-38.238,-9.33],[-38.241,-9.323],[-38.249,-9.299],[-38.251,-9.29],[-38.288,-9.217],[-38.287,-9.214],[-38.28,-9.207],[-38.28,-9.201],[-38.286,-9.179],[-38.289,-9.172],[-38.299,-9.164],[-38.306,-9.153],[-38.313,-9.148]]]}},{"type":"Feature","properties":{"c":"2608107"},"geometry":{"type":"Polygon","coordinates":[[[-35.521,-7.904],[-35.532,-7.894],[-35.535,-7.895],[-35.541,-7.894],[-35.543,-7.896],[-35.552,-7.899],[-35.557,-7.895],[-35.557,-7.891],[-35.56,-7.892],[-35.561,-7.89],[-35.566,-7.891],[-35.568,-7.89],[-35.578,-7.896],[-35.587,-7.896],[-35.616,-7.88],[-35.681,-7.91],[-35.687,-7.908],[-35.69,-7.902],[-35.694,-7.9],[-35.692,-7.897],[-35.695,-7.894],[-35.689,-7.89],[-35.69,-7.878],[-35.685,-7.87],[-35.687,-7.865],[-35.687,-7.859],[-35.688,-7.847],[-35.683,-7.844],[-35.597,-7.838],[-35.595,-7.835],[-35.581,-7.834],[-35.575,-7.831],[-35.571,-7.832],[-35.569,-7.835],[-35.566,-7.832],[-35.557,-7.828],[-35.554,-7.825],[-35.55,-7.824],[-35.544,-7.818],[-35.535,-7.813],[-35.528,-7.808],[-35.521,-7.805],[-35.519,-7.801],[-35.506,-7.804],[-35.504,-7.81],[-35.508,-7.843],[-35.511,-7.861],[-35.514,-7.864],[-35.518,-7.873],[-35.529,-7.879],[-35.525,-7.883],[-35.521,-7.904]]]}},{"type":"Feature","properties":{"c":"2608206"},"geometry":{"type":"Polygon","coordinates":[[[-35.591,-8.514],[-35.582,-8.51],[-35.572,-8.502],[-35.551,-8.489],[-35.543,-8.487],[-35.537,-8.485],[-35.535,-8.489],[-35.532,-8.488],[-35.528,-8.495],[-35.525,-8.494],[-35.525,-8.505],[-35.513,-8.503],[-35.508,-8.5],[-35.506,-8.503],[-35.5,-8.498],[-35.491,-8.494],[-35.487,-8.499],[-35.487,-8.506],[-35.521,-8.557],[-35.524,-8.579],[-35.513,-8.635],[-35.538,-8.659],[-35.539,-8.657],[-35.542,-8.659],[-35.544,-8.658],[-35.544,-8.651],[-35.542,-8.65],[-35.544,-8.643],[-35.557,-8.642],[-35.561,-8.638],[-35.566,-8.636],[-35.567,-8.632],[-35.571,-8.63],[-35.591,-8.514]]]}},{"type":"Feature","properties":{"c":"2608255"},"geometry":{"type":"Polygon","coordinates":[[[-36.401,-8.777],[-36.409,-8.781],[-36.408,-8.784],[-36.415,-8.787],[-36.421,-8.795],[-36.426,-8.796],[-36.428,-8.799],[-36.432,-8.798],[-36.44,-8.798],[-36.444,-8.801],[-36.454,-8.802],[-36.456,-8.799],[-36.46,-8.801],[-36.47,-8.8],[-36.473,-8.803],[-36.482,-8.796],[-36.487,-8.796],[-36.495,-8.786],[-36.499,-8.785],[-36.5,-8.781],[-36.504,-8.781],[-36.51,-8.774],[-36.516,-8.77],[-36.515,-8.766],[-36.517,-8.762],[-36.512,-8.758],[-36.507,-8.744],[-36.508,-8.741],[-36.515,-8.736],[-36.515,-8.732],[-36.509,-8.727],[-36.502,-8.723],[-36.498,-8.717],[-36.509,-8.708],[-36.503,-8.706],[-36.497,-8.708],[-36.487,-8.704],[-36.482,-8.703],[-36.479,-8.697],[-36.473,-8.694],[-36.468,-8.691],[-36.467,-8.685],[-36.469,-8.68],[-36.467,-8.678],[-36.468,-8.674],[-36.463,-8.669],[-36.466,-8.665],[-36.46,-8.667],[-36.452,-8.664],[-36.448,-8.658],[-36.401,-8.777]]]}},{"type":"Feature","properties":{"c":"2608305"},"geometry":{"type":"Polygon","coordinates":[[[-36.448,-8.658],[-36.382,-8.635],[-36.369,-8.688],[-36.372,-8.744],[-36.329,-8.799],[-36.333,-8.803],[-36.339,-8.803],[-36.342,-8.801],[-36.346,-8.802],[-36.346,-8.795],[-36.349,-8.792],[-36.347,-8.789],[-36.349,-8.785],[-36.354,-8.789],[-36.361,-8.792],[-36.362,-8.795],[-36.37,-8.795],[-36.37,-8.798],[-36.374,-8.798],[-36.373,-8.793],[-36.376,-8.793],[-36.38,-8.791],[-36.38,-8.793],[-36.385,-8.792],[-36.393,-8.791],[-36.394,-8.793],[-36.401,-8.791],[-36.399,-8.788],[-36.401,-8.783],[-36.394,-8.784],[-36.394,-8.777],[-36.401,-8.777],[-36.448,-8.658]]]}},{"type":"Feature","properties":{"c":"2608404"},"geometry":{"type":"Polygon","coordinates":[[[-36.187,-8.712],[-36.182,-8.665],[-36.154,-8.69],[-36.124,-8.715],[-36.076,-8.721],[-36.094,-8.731],[-36.089,-8.735],[-36.083,-8.733],[-36.08,-8.734],[-36.076,-8.732],[-36.075,-8.771],[-36.091,-8.777],[-36.121,-8.837],[-36.125,-8.835],[-36.128,-8.837],[-36.138,-8.832],[-36.14,-8.826],[-36.143,-8.825],[-36.148,-8.828],[-36.15,-8.825],[-36.149,-8.823],[-36.151,-8.82],[-36.151,-8.816],[-36.148,-8.814],[-36.148,-8.809],[-36.151,-8.808],[-36.149,-8.804],[-36.157,-8.805],[-36.158,-8.798],[-36.163,-8.794],[-36.169,-8.794],[-36.174,-8.79],[-36.176,-8.784],[-36.179,-8.782],[-36.186,-8.782],[-36.188,-8.787],[-36.217,-8.793],[-36.185,-8.712],[-36.187,-8.712]]]}},{"type":"Feature","properties":{"c":"2608453"},"geometry":{"type":"Polygon","coordinates":[[[-35.289,-7.874],[-35.294,-7.877],[-35.298,-7.884],[-35.305,-7.884],[-35.316,-7.887],[-35.322,-7.885],[-35.328,-7.88],[-35.332,-7.881],[-35.334,-7.883],[-35.335,-7.891],[-35.337,-7.895],[-35.34,-7.895],[-35.343,-7.891],[-35.346,-7.89],[-35.35,-7.891],[-35.355,-7.891],[-35.36,-7.884],[-35.362,-7.878],[-35.37,-7.871],[-35.37,-7.86],[-35.388,-7.85],[-35.406,-7.825],[-35.396,-7.827],[-35.389,-7.824],[-35.385,-7.82],[-35.382,-7.82],[-35.376,-7.818],[-35.37,-7.822],[-35.365,-7.826],[-35.359,-7.827],[-35.359,-7.829],[-35.348,-7.829],[-35.348,-7.826],[-35.341,-7.825],[-35.339,-7.822],[-35.334,-7.822],[-35.332,-7.825],[-35.324,-7.824],[-35.319,-7.826],[-35.319,-7.83],[-35.307,-7.827],[-35.302,-7.827],[-35.297,-7.824],[-35.295,-7.82],[-35.293,-7.823],[-35.291,-7.829],[-35.286,-7.835],[-35.282,-7.84],[-35.286,-7.843],[-35.287,-7.847],[-35.284,-7.848],[-35.284,-7.854],[-35.287,-7.864],[-35.29,-7.87],[-35.289,-7.874]]]}},{"type":"Feature","properties":{"c":"2608503"},"geometry":{"type":"Polygon","coordinates":[[[-35.304,-7.942],[-35.316,-7.935],[-35.324,-7.932],[-35.355,-7.891],[-35.35,-7.891],[-35.346,-7.89],[-35.343,-7.891],[-35.34,-7.895],[-35.337,-7.895],[-35.335,-7.891],[-35.334,-7.883],[-35.332,-7.881],[-35.328,-7.88],[-35.322,-7.885],[-35.316,-7.887],[-35.305,-7.884],[-35.298,-7.884],[-35.294,-7.877],[-35.289,-7.874],[-35.282,-7.876],[-35.28,-7.883],[-35.274,-7.89],[-35.268,-7.892],[-35.263,-7.89],[-35.247,-7.887],[-35.241,-7.888],[-35.244,-7.894],[-35.25,-7.896],[-35.25,-7.899],[-35.248,-7.905],[-35.254,-7.912],[-35.254,-7.916],[-35.257,-7.942],[-35.291,-7.937],[-35.3,-7.937],[-35.304,-7.942]]]}},{"type":"Feature","properties":{"c":"2608602"},"geometry":{"type":"Polygon","coordinates":[[[-36.403,-9.223],[-36.407,-9.221],[-36.411,-9.224],[-36.415,-9.23],[-36.42,-9.23],[-36.424,-9.226],[-36.425,-9.222],[-36.423,-9.216],[-36.432,-9.212],[-36.439,-9.214],[-36.441,-9.219],[-36.445,-9.22],[-36.448,-9.224],[-36.454,-9.226],[-36.454,-9.232],[-36.46,-9.234],[-36.463,-9.239],[-36.468,-9.241],[-36.471,-9.243],[-36.476,-9.244],[-36.482,-9.239],[-36.487,-9.24],[-36.49,-9.249],[-36.49,-9.253],[-36.493,-9.254],[-36.491,-9.262],[-36.496,-9.262],[-36.499,-9.265],[-36.5,-9.263],[-36.508,-9.261],[-36.508,-9.256],[-36.511,-9.252],[-36.51,-9.24],[-36.507,-9.234],[-36.514,-9.232],[-36.516,-9.227],[-36.521,-9.224],[-36.524,-9.215],[-36.52,-9.212],[-36.521,-9.207],[-36.525,-9.21],[-36.524,-9.206],[-36.52,-9.199],[-36.523,-9.196],[-36.52,-9.193],[-36.526,-9.185],[-36.52,-9.182],[-36.515,-9.182],[-36.513,-9.179],[-36.507,-9.174],[-36.508,-9.17],[-36.503,-9.165],[-36.506,-9.162],[-36.51,-9.163],[-36.514,-9.16],[-36.512,-9.147],[-36.517,-9.144],[-36.517,-9.14],[-36.511,-9.138],[-36.513,-9.13],[-36.517,-9.126],[-36.517,-9.122],[-36.527,-9.118],[-36.524,-9.117],[-36.527,-9.11],[-36.533,-9.109],[-36.53,-9.104],[-36.483,-9.088],[-36.478,-9.086],[-36.478,-9.09],[-36.465,-9.078],[-36.458,-9.074],[-36.456,-9.076],[-36.453,-9.073],[-36.45,-9.075],[-36.446,-9.073],[-36.445,-9.07],[-36.439,-9.076],[-36.438,-9.079],[-36.434,-9.081],[-36.437,-9.084],[-36.429,-9.086],[-36.426,-9.09],[-36.419,-9.089],[-36.415,-9.088],[-36.404,-9.206],[-36.403,-9.223]]]}},{"type":"Feature","properties":{"c":"2608701"},"geometry":{"type":"Polygon","coordinates":[[[-35.967,-8.743],[-35.969,-8.745],[-35.974,-8.744],[-35.974,-8.733],[-35.977,-8.732],[-35.979,-8.726],[-35.976,-8.711],[-35.973,-8.71],[-35.975,-8.693],[-35.973,-8.672],[-35.948,-8.629],[-35.898,-8.612],[-35.889,-8.612],[-35.877,-8.609],[-35.873,-8.613],[-35.867,-8.613],[-35.864,-8.61],[-35.853,-8.606],[-35.856,-8.611],[-35.855,-8.614],[-35.842,-8.625],[-35.839,-8.629],[-35.834,-8.631],[-35.829,-8.626],[-35.823,-8.631],[-35.818,-8.637],[-35.816,-8.642],[-35.817,-8.647],[-35.809,-8.65],[-35.807,-8.65],[-35.81,-8.673],[-35.814,-8.675],[-35.822,-8.681],[-35.819,-8.681],[-35.818,-8.689],[-35.821,-8.695],[-35.818,-8.7],[-35.821,-8.709],[-35.836,-8.714],[-35.841,-8.713],[-35.845,-8.716],[-35.846,-8.735],[-35.85,-8.741],[-35.856,-8.745],[-35.861,-8.751],[-35.863,-8.751],[-35.909,-8.75],[-35.919,-8.749],[-35.924,-8.744],[-35.929,-8.742],[-35.942,-8.747],[-35.951,-8.747],[-35.96,-8.743],[-35.965,-8.742],[-35.967,-8.743]]]}},{"type":"Feature","properties":{"c":"2608750"},"geometry":{"type":"Polygon","coordinates":[[[-40.209,-9.064],[-40.209,-9.056],[-40.213,-9.054],[-40.22,-9.048],[-40.223,-9.039],[-40.23,-9.034],[-40.233,-9.031],[-40.231,-9.023],[-40.232,-9.017],[-40.243,-9.002],[-40.246,-9.001],[-40.251,-8.995],[-40.26,-8.99],[-40.264,-8.992],[-40.27,-8.999],[-40.271,-9.001],[-40.282,-9.009],[-40.284,-9.008],[-40.288,-9.001],[-40.292,-9.0],[-40.293,-8.997],[-40.297,-8.995],[-40.297,-8.99],[-40.299,-8.987],[-40.298,-8.981],[-40.294,-8.975],[-40.294,-8.971],[-40.297,-8.964],[-40.303,-8.96],[-40.305,-8.954],[-40.299,-8.945],[-40.296,-8.939],[-40.29,-8.94],[-40.285,-8.934],[-40.274,-8.931],[-40.271,-8.928],[-40.275,-8.925],[-40.273,-8.917],[-40.276,-8.91],[-40.275,-8.905],[-40.273,-8.901],[-40.28,-8.893],[-40.285,-8.89],[-40.285,-8.887],[-40.29,-8.883],[-40.297,-8.878],[-40.298,-8.871],[-40.305,-8.869],[-40.311,-8.862],[-40.322,-8.861],[-40.326,-8.865],[-40.336,-8.862],[-40.339,-8.864],[-40.349,-8.863],[-40.351,-8.861],[-40.355,-8.856],[-40.362,-8.853],[-40.363,-8.851],[-40.359,-8.836],[-40.363,-8.835],[-40.362,-8.832],[-40.363,-8.822],[-40.361,-8.82],[-40.365,-8.814],[-40.377,-8.812],[-40.38,-8.807],[-40.382,-8.81],[-40.388,-8.804],[-40.393,-8.801],[-40.393,-8.798],[-40.397,-8.792],[-40.392,-8.785],[-40.391,-8.783],[-40.398,-8.78],[-40.396,-8.774],[-40.393,-8.774],[-40.398,-8.764],[-40.4,-8.761],[-40.399,-8.758],[-40.402,-8.754],[-40.401,-8.752],[-40.396,-8.749],[-40.398,-8.744],[-40.397,-8.74],[-40.395,-8.738],[-40.393,-8.728],[-40.396,-8.723],[-40.395,-8.717],[-40.392,-8.711],[-40.392,-8.704],[-40.394,-8.7],[-40.393,-8.692],[-40.399,-8.689],[-40.403,-8.689],[-40.405,-8.686],[-40.406,-8.678],[-40.415,-8.668],[-40.418,-8.665],[-40.419,-8.658],[-40.429,-8.645],[-40.432,-8.644],[-40.437,-8.636],[-40.443,-8.633],[-40.443,-8.628],[-40.446,-8.623],[-40.446,-8.619],[-40.439,-8.609],[-40.433,-8.603],[-40.431,-8.596],[-40.427,-8.59],[-40.425,-8.58],[-40.42,-8.574],[-40.42,-8.571],[-40.418,-8.561],[-40.412,-8.556],[-40.409,-8.552],[-40.399,-8.549],[-40.394,-8.546],[-40.388,-8.541],[-40.384,-8.536],[-40.379,-8.528],[-40.381,-8.526],[-40.38,-8.52],[-40.376,-8.51],[-40.376,-8.503],[-40.371,-8.502],[-40.369,-8.506],[-40.365,-8.505],[-40.361,-8.507],[-40.358,-8.506],[-40.351,-8.509],[-40.347,-8.509],[-40.344,-8.51],[-40.34,-8.516],[-40.33,-8.517],[-40.324,-8.513],[-40.315,-8.515],[-40.309,-8.513],[-40.3,-8.512],[-40.296,-8.508],[-40.297,-8.504],[-40.296,-8.501],[-40.29,-8.499],[-40.287,-8.5],[-40.285,-8.506],[-40.282,-8.508],[-40.275,-8.508],[-40.27,-8.51],[-40.264,-8.506],[-40.263,-8.498],[-40.256,-8.497],[-40.25,-8.507],[-40.245,-8.508],[-40.238,-8.511],[-40.228,-8.504],[-40.22,-8.506],[-40.212,-8.503],[-40.207,-8.503],[-40.199,-8.511],[-40.196,-8.512],[-40.197,-8.513],[-40.191,-8.521],[-40.191,-8.524],[-40.187,-8.527],[-40.182,-8.525],[-40.176,-8.53],[-40.179,-8.538],[-40.178,-8.54],[-40.169,-8.544],[-40.165,-8.549],[-40.164,-8.555],[-40.166,-8.565],[-40.164,-8.567],[-40.166,-8.573],[-40.162,-8.576],[-40.157,-8.576],[-40.155,-8.583],[-40.146,-8.588],[-40.143,-8.596],[-40.138,-8.601],[-40.132,-8.607],[-40.117,-8.612],[-40.101,-8.612],[-40.092,-8.617],[-40.09,-8.624],[-40.087,-8.631],[-40.084,-8.633],[-40.074,-8.632],[-40.068,-8.75],[-40.097,-8.957],[-40.094,-8.954],[-40.086,-8.95],[-40.079,-8.953],[-40.072,-8.954],[-40.07,-8.96],[-40.067,-8.963],[-40.05,-8.973],[-40.044,-8.973],[-40.039,-8.975],[-40.037,-8.979],[-40.045,-8.986],[-40.047,-8.991],[-40.048,-8.997],[-40.038,-9.001],[-40.031,-9.006],[-40.024,-9.019],[-40.029,-9.027],[-40.027,-9.035],[-40.028,-9.036],[-40.027,-9.044],[-40.024,-9.046],[-40.024,-9.058],[-40.005,-9.06],[-40.024,-9.06],[-40.036,-9.062],[-40.042,-9.06],[-40.066,-9.063],[-40.07,-9.067],[-40.072,-9.073],[-40.077,-9.078],[-40.092,-9.086],[-40.102,-9.094],[-40.107,-9.097],[-40.111,-9.098],[-40.12,-9.102],[-40.124,-9.107],[-40.13,-9.11],[-40.144,-9.107],[-40.16,-9.108],[-40.163,-9.107],[-40.168,-9.103],[-40.171,-9.093],[-40.174,-9.091],[-40.184,-9.085],[-40.197,-9.072],[-40.209,-9.064]]]}},{"type":"Feature","properties":{"c":"2608800"},"geometry":{"type":"Polygon","coordinates":[[[-36.382,-8.635],[-36.332,-8.615],[-36.275,-8.562],[-36.274,-8.562],[-36.293,-8.631],[-36.268,-8.624],[-36.248,-8.655],[-36.195,-8.712],[-36.219,-8.714],[-36.249,-8.787],[-36.332,-8.693],[-36.382,-8.635]]]}},{"type":"Feature","properties":{"c":"2608909"},"geometry":{"type":"Polygon","coordinates":[[[-35.514,-7.939],[-35.521,-7.904],[-35.525,-7.883],[-35.529,-7.879],[-35.518,-7.873],[-35.514,-7.864],[-35.511,-7.861],[-35.508,-7.843],[-35.504,-7.81],[-35.477,-7.798],[-35.476,-7.785],[-35.482,-7.782],[-35.485,-7.779],[-35.485,-7.772],[-35.482,-7.766],[-35.482,-7.761],[-35.482,-7.744],[-35.473,-7.734],[-35.468,-7.726],[-35.464,-7.72],[-35.459,-7.718],[-35.457,-7.714],[-35.419,-7.721],[-35.413,-7.74],[-35.438,-7.75],[-35.421,-7.763],[-35.406,-7.776],[-35.406,-7.784],[-35.406,-7.825],[-35.388,-7.85],[-35.37,-7.86],[-35.37,-7.871],[-35.362,-7.878],[-35.36,-7.884],[-35.355,-7.891],[-35.356,-7.894],[-35.353,-7.897],[-35.354,-7.9],[-35.362,-7.902],[-35.364,-7.906],[-35.367,-7.902],[-35.374,-7.906],[-35.383,-7.903],[-35.384,-7.906],[-35.391,-7.91],[-35.395,-7.915],[-35.403,-7.917],[-35.407,-7.921],[-35.415,-7.924],[-35.421,-7.93],[-35.422,-7.933],[-35.426,-7.936],[-35.427,-7.94],[-35.434,-7.947],[-35.438,-7.953],[-35.44,-7.959],[-35.442,-7.961],[-35.5,-7.92],[-35.504,-7.925],[-35.508,-7.927],[-35.514,-7.939]]]}},{"type":"Feature","properties":{"c":"2609006"},"geometry":{"type":"Polygon","coordinates":[[[-35.502,-7.513],[-35.504,-7.508],[-35.499,-7.498],[-35.497,-7.491],[-35.494,-7.491],[-35.494,-7.482],[-35.486,-7.477],[-35.483,-7.479],[-35.476,-7.476],[-35.471,-7.469],[-35.464,-7.462],[-35.458,-7.464],[-35.454,-7.463],[-35.45,-7.453],[-35.442,-7.457],[-35.438,-7.461],[-35.438,-7.467],[-35.434,-7.471],[-35.416,-7.495],[-35.411,-7.533],[-35.405,-7.555],[-35.409,-7.557],[-35.408,-7.562],[-35.413,-7.566],[-35.419,-7.565],[-35.423,-7.572],[-35.43,-7.579],[-35.426,-7.583],[-35.422,-7.582],[-35.42,-7.579],[-35.414,-7.577],[-35.429,-7.616],[-35.44,-7.61],[-35.448,-7.607],[-35.45,-7.603],[-35.451,-7.601],[-35.458,-7.598],[-35.458,-7.592],[-35.455,-7.591],[-35.456,-7.588],[-35.452,-7.578],[-35.455,-7.566],[-35.457,-7.562],[-35.455,-7.559],[-35.461,-7.559],[-35.463,-7.558],[-35.461,-7.554],[-35.466,-7.551],[-35.474,-7.553],[-35.477,-7.557],[-35.482,-7.556],[-35.49,-7.556],[-35.49,-7.532],[-35.496,-7.52],[-35.502,-7.513]]]}},{"type":"Feature","properties":{"c":"2609105"},"geometry":{"type":"Polygon","coordinates":[[[-35.446,-7.693],[-35.484,-7.73],[-35.491,-7.73],[-35.493,-7.733],[-35.502,-7.739],[-35.505,-7.744],[-35.512,-7.748],[-35.516,-7.75],[-35.52,-7.749],[-35.523,-7.744],[-35.526,-7.749],[-35.533,-7.748],[-35.53,-7.743],[-35.541,-7.735],[-35.539,-7.729],[-35.544,-7.723],[-35.549,-7.723],[-35.548,-7.717],[-35.541,-7.715],[-35.54,-7.708],[-35.533,-7.705],[-35.523,-7.698],[-35.52,-7.693],[-35.523,-7.691],[-35.527,-7.684],[-35.526,-7.678],[-35.523,-7.673],[-35.515,-7.672],[-35.512,-7.669],[-35.512,-7.665],[-35.514,-7.66],[-35.522,-7.663],[-35.516,-7.651],[-35.475,-7.678],[-35.465,-7.671],[-35.446,-7.693]]]}},{"type":"Feature","properties":{"c":"2609154"},"geometry":{"type":"Polygon","coordinates":[[[-37.525,-8.963],[-37.528,-8.96],[-37.533,-8.96],[-37.546,-8.961],[-37.556,-8.97],[-37.56,-8.972],[-37.572,-8.972],[-37.596,-8.969],[-37.599,-8.971],[-37.61,-8.988],[-37.628,-8.998],[-37.629,-9.0],[-37.638,-9.004],[-37.641,-9.001],[-37.64,-8.995],[-37.645,-8.993],[-37.652,-8.995],[-37.658,-8.993],[-37.658,-8.986],[-37.667,-8.989],[-37.682,-8.997],[-37.687,-8.988],[-37.691,-8.99],[-37.698,-8.991],[-37.7,-8.984],[-37.698,-8.985],[-37.695,-8.982],[-37.687,-8.98],[-37.684,-8.976],[-37.679,-8.977],[-37.672,-8.974],[-37.689,-8.956],[-37.69,-8.949],[-37.699,-8.945],[-37.7,-8.94],[-37.699,-8.936],[-37.636,-8.902],[-37.597,-8.862],[-37.596,-8.859],[-37.591,-8.856],[-37.585,-8.847],[-37.581,-8.846],[-37.569,-8.831],[-37.556,-8.82],[-37.549,-8.815],[-37.546,-8.816],[-37.542,-8.812],[-37.537,-8.814],[-37.532,-8.813],[-37.525,-8.806],[-37.519,-8.803],[-37.509,-8.803],[-37.5,-8.791],[-37.499,-8.786],[-37.491,-8.782],[-37.483,-8.782],[-37.48,-8.784],[-37.471,-8.784],[-37.412,-8.815],[-37.413,-8.822],[-37.418,-8.826],[-37.421,-8.831],[-37.421,-8.836],[-37.416,-8.841],[-37.418,-8.849],[-37.423,-8.851],[-37.425,-8.859],[-37.424,-8.861],[-37.419,-8.864],[-37.422,-8.871],[-37.424,-8.873],[-37.43,-8.871],[-37.432,-8.867],[-37.439,-8.868],[-37.449,-8.88],[-37.481,-8.843],[-37.478,-8.873],[-37.491,-8.886],[-37.49,-8.904],[-37.493,-8.915],[-37.501,-8.929],[-37.505,-8.931],[-37.508,-8.937],[-37.518,-8.938],[-37.522,-8.945],[-37.522,-8.949],[-37.525,-8.954],[-37.525,-8.963]]]}},{"type":"Feature","properties":{"c":"2609204"},"geometry":{"type":"Polygon","coordinates":[[[-35.845,-8.872],[-35.847,-8.808],[-35.839,-8.807],[-35.838,-8.802],[-35.824,-8.801],[-35.826,-8.794],[-35.818,-8.791],[-35.822,-8.783],[-35.82,-8.779],[-35.803,-8.771],[-35.799,-8.777],[-35.791,-8.774],[-35.785,-8.774],[-35.782,-8.772],[-35.779,-8.767],[-35.774,-8.766],[-35.742,-8.75],[-35.724,-8.759],[-35.721,-8.801],[-35.673,-8.866],[-35.723,-8.909],[-35.736,-8.912],[-35.745,-8.917],[-35.748,-8.917],[-35.761,-8.908],[-35.773,-8.906],[-35.778,-8.899],[-35.783,-8.898],[-35.779,-8.889],[-35.784,-8.882],[-35.779,-8.872],[-35.777,-8.869],[-35.776,-8.858],[-35.781,-8.861],[-35.783,-8.856],[-35.788,-8.851],[-35.791,-8.853],[-35.795,-8.848],[-35.8,-8.85],[-35.802,-8.854],[-35.808,-8.86],[-35.812,-8.86],[-35.816,-8.857],[-35.823,-8.857],[-35.825,-8.864],[-35.826,-8.87],[-35.831,-8.868],[-35.84,-8.87],[-35.845,-8.872]]]}},{"type":"Feature","properties":{"c":"2609303"},"geometry":{"type":"Polygon","coordinates":[[[-38.813,-8.235],[-38.827,-8.226],[-38.827,-8.222],[-38.83,-8.221],[-38.839,-8.224],[-38.851,-8.225],[-38.859,-8.222],[-38.866,-8.216],[-38.875,-8.214],[-38.88,-8.209],[-38.872,-8.201],[-38.869,-8.195],[-38.867,-8.188],[-38.867,-8.182],[-38.869,-8.179],[-38.87,-8.17],[-38.873,-8.168],[-38.882,-8.17],[-38.892,-8.164],[-38.901,-8.162],[-38.906,-8.159],[-38.91,-8.147],[-38.912,-8.145],[-38.92,-8.143],[-38.937,-8.125],[-38.936,-8.118],[-38.932,-8.107],[-38.925,-8.1],[-38.917,-8.094],[-38.911,-8.087],[-38.882,-8.052],[-38.879,-8.049],[-38.87,-8.045],[-38.872,-8.042],[-38.877,-8.04],[-38.878,-8.037],[-38.878,-8.01],[-38.83,-8.016],[-38.778,-8.003],[-38.739,-8.023],[-38.734,-8.029],[-38.729,-8.031],[-38.723,-8.038],[-38.717,-8.042],[-38.711,-8.043],[-38.699,-8.056],[-38.699,-8.062],[-38.697,-8.065],[-38.692,-8.066],[-38.691,-8.071],[-38.693,-8.074],[-38.691,-8.081],[-38.69,-8.088],[-38.69,-8.096],[-38.688,-8.1],[-38.67,-8.102],[-38.67,-8.109],[-38.668,-8.108],[-38.666,-8.112],[-38.663,-8.113],[-38.66,-8.118],[-38.657,-8.124],[-38.658,-8.129],[-38.651,-8.135],[-38.64,-8.141],[-38.635,-8.145],[-38.632,-8.139],[-38.628,-8.137],[-38.621,-8.138],[-38.618,-8.141],[-38.607,-8.143],[-38.603,-8.142],[-38.601,-8.14],[-38.598,-8.132],[-38.597,-8.13],[-38.589,-8.128],[-38.537,-8.231],[-38.53,-8.237],[-38.53,-8.247],[-38.536,-8.252],[-38.537,-8.249],[-38.542,-8.249],[-38.549,-8.251],[-38.549,-8.258],[-38.554,-8.262],[-38.556,-8.266],[-38.554,-8.27],[-38.554,-8.275],[-38.549,-8.288],[-38.553,-8.288],[-38.555,-8.293],[-38.564,-8.296],[-38.571,-8.299],[-38.577,-8.297],[-38.583,-8.3],[-38.588,-8.304],[-38.597,-8.304],[-38.601,-8.306],[-38.607,-8.305],[-38.613,-8.31],[-38.618,-8.308],[-38.629,-8.311],[-38.637,-8.307],[-38.639,-8.304],[-38.645,-8.303],[-38.646,-8.297],[-38.649,-8.296],[-38.65,-8.291],[-38.66,-8.285],[-38.667,-8.285],[-38.67,-8.282],[-38.678,-8.28],[-38.678,-8.278],[-38.686,-8.274],[-38.689,-8.271],[-38.692,-8.271],[-38.698,-8.268],[-38.701,-8.263],[-38.707,-8.262],[-38.716,-8.258],[-38.72,-8.258],[-38.739,-8.245],[-38.813,-8.235]]]}},{"type":"Feature","properties":{"c":"2609402"},"geometry":{"type":"Polygon","coordinates":[[[-35.064,-8.223],[-35.067,-8.221],[-35.073,-8.221],[-35.075,-8.217],[-35.078,-8.219],[-35.084,-8.214],[-35.085,-8.21],[-35.091,-8.207],[-35.099,-8.2],[-35.102,-8.199],[-35.106,-8.193],[-35.109,-8.19],[-35.115,-8.192],[-35.121,-8.184],[-35.123,-8.187],[-35.127,-8.184],[-35.131,-8.188],[-35.136,-8.186],[-35.141,-8.189],[-35.145,-8.186],[-35.148,-8.185],[-35.151,-8.187],[-35.152,-8.191],[-35.155,-8.197],[-35.155,-8.202],[-35.162,-8.211],[-35.165,-8.217],[-35.162,-8.225],[-35.209,-8.192],[-35.215,-8.187],[-35.22,-8.186],[-35.219,-8.183],[-35.222,-8.18],[-35.223,-8.165],[-35.225,-8.163],[-35.227,-8.155],[-35.22,-8.152],[-35.218,-8.149],[-35.225,-8.139],[-35.227,-8.133],[-35.218,-8.124],[-35.209,-8.12],[-35.198,-8.081],[-35.183,-8.083],[-35.15,-8.091],[-35.147,-8.088],[-35.143,-8.092],[-35.138,-8.091],[-35.139,-8.089],[-35.134,-8.087],[-35.133,-8.082],[-35.129,-8.081],[-35.128,-8.076],[-35.126,-8.075],[-35.124,-8.078],[-35.113,-8.079],[-35.108,-8.081],[-35.108,-8.083],[-35.102,-8.089],[-35.091,-8.087],[-35.087,-8.088],[-35.081,-8.086],[-35.067,-8.086],[-35.066,-8.09],[-35.063,-8.088],[-35.058,-8.088],[-35.088,-8.143],[-35.097,-8.162],[-35.087,-8.174],[-35.075,-8.189],[-35.066,-8.201],[-35.068,-8.203],[-35.067,-8.21],[-35.063,-8.22],[-35.064,-8.223]]]}},{"type":"Feature","properties":{"c":"2609501"},"geometry":{"type":"Polygon","coordinates":[[[-35.156,-7.709],[-35.151,-7.709],[-35.149,-7.714],[-35.156,-7.719],[-35.16,-7.726],[-35.165,-7.725],[-35.17,-7.727],[-35.168,-7.733],[-35.17,-7.735],[-35.174,-7.737],[-35.173,-7.744],[-35.176,-7.744],[-35.178,-7.756],[-35.18,-7.755],[-35.184,-7.76],[-35.193,-7.758],[-35.199,-7.762],[-35.2,-7.768],[-35.211,-7.772],[-35.212,-7.773],[-35.221,-7.78],[-35.242,-7.792],[-35.248,-7.796],[-35.252,-7.809],[-35.274,-7.788],[-35.304,-7.766],[-35.26,-7.676],[-35.241,-7.705],[-35.239,-7.702],[-35.241,-7.697],[-35.236,-7.695],[-35.231,-7.69],[-35.226,-7.69],[-35.222,-7.687],[-35.214,-7.683],[-35.212,-7.681],[-35.185,-7.688],[-35.168,-7.709],[-35.165,-7.714],[-35.159,-7.71],[-35.156,-7.712],[-35.156,-7.709]]]}},{"type":"Feature","properties":{"c":"2609600"},"geometry":{"type":"Polygon","coordinates":[[[-34.861,-8.044],[-34.876,-8.032],[-34.876,-8.03],[-34.873,-8.017],[-34.879,-8.016],[-34.88,-8.012],[-34.886,-8.006],[-34.891,-8.003],[-34.899,-8.002],[-34.906,-7.997],[-34.909,-7.993],[-34.917,-7.988],[-34.914,-7.979],[-34.904,-7.979],[-34.895,-7.976],[-34.882,-7.976],[-34.875,-7.981],[-34.873,-7.98],[-34.873,-7.976],[-34.869,-7.976],[-34.873,-7.97],[-34.868,-7.967],[-34.864,-7.975],[-34.851,-7.968],[-34.858,-7.967],[-34.855,-7.955],[-34.851,-7.955],[-34.845,-7.957],[-34.841,-7.961],[-34.831,-7.958],[-34.828,-7.959],[-34.83,-7.963],[-34.831,-7.97],[-34.835,-7.981],[-34.838,-7.991],[-34.837,-7.996],[-34.838,-7.998],[-34.84,-8.008],[-34.842,-8.013],[-34.851,-8.022],[-34.854,-8.023],[-34.859,-8.028],[-34.862,-8.034],[-34.864,-8.041],[-34.861,-8.044]]]}},{"type":"Feature","properties":{"c":"2609709"},"geometry":{"type":"Polygon","coordinates":[[[-35.548,-7.717],[-35.554,-7.719],[-35.557,-7.723],[-35.56,-7.723],[-35.567,-7.728],[-35.572,-7.734],[-35.581,-7.738],[-35.585,-7.742],[-35.606,-7.772],[-35.608,-7.778],[-35.61,-7.781],[-35.614,-7.782],[-35.617,-7.778],[-35.62,-7.777],[-35.617,-7.773],[-35.623,-7.775],[-35.624,-7.768],[-35.627,-7.763],[-35.629,-7.766],[-35.631,-7.762],[-35.64,-7.758],[-35.647,-7.753],[-35.651,-7.753],[-35.652,-7.748],[-35.656,-7.743],[-35.666,-7.737],[-35.667,-7.732],[-35.674,-7.723],[-35.677,-7.713],[-35.681,-7.709],[-35.679,-7.707],[-35.68,-7.704],[-35.667,-7.697],[-35.657,-7.698],[-35.645,-7.692],[-35.636,-7.684],[-35.632,-7.681],[-35.621,-7.669],[-35.625,-7.666],[-35.619,-7.663],[-35.615,-7.656],[-35.608,-7.653],[-35.597,-7.654],[-35.592,-7.653],[-35.588,-7.65],[-35.583,-7.651],[-35.577,-7.655],[-35.573,-7.655],[-35.572,-7.658],[-35.565,-7.657],[-35.56,-7.661],[-35.555,-7.659],[-35.55,-7.661],[-35.548,-7.657],[-35.535,-7.655],[-35.532,-7.654],[-35.532,-7.649],[-35.527,-7.645],[-35.527,-7.653],[-35.526,-7.659],[-35.522,-7.663],[-35.514,-7.66],[-35.512,-7.665],[-35.512,-7.669],[-35.515,-7.672],[-35.523,-7.673],[-35.526,-7.678],[-35.527,-7.684],[-35.523,-7.691],[-35.52,-7.693],[-35.523,-7.698],[-35.533,-7.705],[-35.54,-7.708],[-35.541,-7.715],[-35.548,-7.717]]]}},{"type":"Feature","properties":{"c":"2609808"},"geometry":{"type":"Polygon","coordinates":[[[-39.672,-8.457],[-39.674,-8.449],[-39.67,-8.443],[-39.67,-8.44],[-39.674,-8.429],[-39.671,-8.425],[-39.666,-8.422],[-39.665,-8.417],[-39.675,-8.409],[-39.673,-8.403],[-39.668,-8.397],[-39.671,-8.39],[-39.67,-8.386],[-39.679,-8.381],[-39.685,-8.371],[-39.685,-8.357],[-39.683,-8.35],[-39.679,-8.347],[-39.569,-8.249],[-39.546,-8.32],[-39.542,-8.327],[-39.541,-8.337],[-39.543,-8.35],[-39.547,-8.354],[-39.551,-8.355],[-39.555,-8.36],[-39.557,-8.365],[-39.553,-8.369],[-39.556,-8.375],[-39.559,-8.386],[-39.555,-8.391],[-39.555,-8.4],[-39.558,-8.403],[-39.561,-8.402],[-39.564,-8.404],[-39.565,-8.414],[-39.562,-8.418],[-39.562,-8.421],[-39.56,-8.426],[-39.561,-8.43],[-39.561,-8.436],[-39.554,-8.439],[-39.547,-8.456],[-39.55,-8.463],[-39.549,-8.468],[-39.545,-8.473],[-39.54,-8.473],[-39.537,-8.481],[-39.527,-8.495],[-39.525,-8.501],[-39.521,-8.502],[-39.514,-8.514],[-39.507,-8.515],[-39.502,-8.518],[-39.499,-8.524],[-39.492,-8.525],[-39.49,-8.528],[-39.48,-8.534],[-39.477,-8.534],[-39.477,-8.581],[-39.476,-8.593],[-39.482,-8.594],[-39.486,-8.596],[-39.503,-8.601],[-39.515,-8.603],[-39.519,-8.604],[-39.521,-8.608],[-39.526,-8.613],[-39.532,-8.614],[-39.545,-8.621],[-39.551,-8.621],[-39.557,-8.623],[-39.558,-8.629],[-39.565,-8.63],[-39.569,-8.637],[-39.581,-8.64],[-39.595,-8.651],[-39.6,-8.652],[-39.607,-8.656],[-39.614,-8.658],[-39.623,-8.655],[-39.629,-8.656],[-39.634,-8.658],[-39.646,-8.66],[-39.643,-8.519],[-39.642,-8.517],[-39.635,-8.515],[-39.635,-8.509],[-39.63,-8.507],[-39.631,-8.504],[-39.635,-8.501],[-39.642,-8.497],[-39.649,-8.498],[-39.652,-8.494],[-39.652,-8.49],[-39.654,-8.486],[-39.654,-8.478],[-39.66,-8.472],[-39.663,-8.462],[-39.67,-8.461],[-39.672,-8.457]]]}},{"type":"Feature","properties":{"c":"2609907"},"geometry":{"type":"Polygon","coordinates":[[[-40.197,-8.221],[-40.219,-8.221],[-40.229,-8.185],[-40.233,-8.174],[-40.234,-8.166],[-40.24,-8.161],[-40.249,-8.159],[-40.253,-8.155],[-40.256,-8.15],[-40.255,-8.145],[-40.258,-8.142],[-40.255,-8.137],[-40.25,-8.129],[-40.242,-8.127],[-40.24,-8.12],[-40.237,-8.119],[-40.23,-8.109],[-40.228,-8.1],[-40.225,-8.097],[-40.222,-8.089],[-40.217,-8.083],[-40.222,-8.075],[-40.229,-8.077],[-40.235,-8.074],[-40.241,-8.077],[-40.243,-8.077],[-40.249,-8.069],[-40.249,-8.067],[-40.255,-8.064],[-40.26,-8.056],[-40.263,-8.059],[-40.266,-8.06],[-40.272,-8.064],[-40.278,-8.064],[-40.289,-8.067],[-40.3,-8.064],[-40.303,-8.061],[-40.311,-8.058],[-40.318,-8.057],[-40.32,-8.062],[-40.324,-8.063],[-40.328,-8.068],[-40.333,-8.064],[-40.339,-8.066],[-40.346,-8.071],[-40.345,-8.073],[-40.354,-8.087],[-40.366,-8.083],[-40.375,-8.078],[-40.375,-8.075],[-40.381,-8.075],[-40.386,-8.077],[-40.388,-8.08],[-40.394,-8.078],[-40.398,-8.081],[-40.398,-8.084],[-40.405,-8.083],[-40.412,-8.083],[-40.419,-8.079],[-40.42,-8.076],[-40.425,-8.074],[-40.429,-8.07],[-40.429,-8.063],[-40.43,-8.057],[-40.429,-8.052],[-40.425,-8.048],[-40.426,-8.037],[-40.434,-8.032],[-40.571,-8.03],[-40.576,-8.03],[-40.561,-7.997],[-40.526,-7.997],[-40.525,-7.992],[-40.523,-7.991],[-40.52,-7.976],[-40.521,-7.974],[-40.52,-7.967],[-40.52,-7.965],[-40.517,-7.958],[-40.52,-7.952],[-40.512,-7.944],[-40.505,-7.944],[-40.501,-7.935],[-40.5,-7.929],[-40.496,-7.925],[-40.495,-7.919],[-40.492,-7.916],[-40.489,-7.916],[-40.486,-7.914],[-40.48,-7.914],[-40.479,-7.91],[-40.475,-7.905],[-40.468,-7.906],[-40.465,-7.905],[-40.466,-7.898],[-40.457,-7.892],[-40.455,-7.888],[-40.457,-7.886],[-40.457,-7.882],[-40.453,-7.876],[-40.442,-7.872],[-40.432,-7.873],[-40.428,-7.872],[-40.345,-7.849],[-40.237,-7.819],[-40.238,-7.685],[-40.212,-7.677],[-40.163,-7.703],[-40.104,-7.687],[-40.089,-7.778],[-40.095,-7.781],[-40.097,-7.784],[-40.094,-7.793],[-40.09,-7.795],[-40.083,-7.809],[-40.073,-7.81],[-40.065,-7.808],[-40.058,-7.805],[-40.054,-7.805],[-40.042,-7.799],[-40.032,-7.796],[-40.027,-7.796],[-40.019,-7.793],[-40.016,-7.794],[-40.01,-7.793],[-40.008,-7.797],[-40.003,-7.8],[-39.994,-7.801],[-39.992,-7.804],[-39.98,-7.804],[-39.977,-7.805],[-39.972,-7.809],[-39.968,-7.81],[-39.965,-7.813],[-39.955,-7.815],[-39.945,-7.819],[-39.937,-7.825],[-39.938,-7.832],[-39.933,-7.836],[-39.933,-7.846],[-39.928,-7.853],[-39.931,-7.86],[-39.934,-7.862],[-39.932,-7.864],[-39.934,-7.869],[-39.936,-7.869],[-39.934,-7.875],[-39.938,-7.88],[-39.936,-7.883],[-39.939,-7.885],[-39.937,-7.889],[-39.94,-7.889],[-39.943,-7.893],[-39.939,-7.896],[-39.938,-7.9],[-39.932,-7.902],[-39.929,-7.906],[-39.932,-7.907],[-39.933,-7.915],[-39.93,-7.916],[-39.927,-7.92],[-39.917,-7.932],[-39.91,-7.941],[-39.91,-7.951],[-39.911,-7.954],[-39.909,-7.957],[-39.908,-7.963],[-39.905,-7.969],[-39.903,-7.977],[-39.901,-7.978],[-39.899,-7.975],[-39.896,-7.976],[-39.892,-7.985],[-39.888,-7.991],[-39.882,-7.991],[-39.881,-7.997],[-39.878,-8.0],[-39.875,-8.0],[-39.874,-8.003],[-39.874,-8.01],[-39.871,-8.013],[-39.866,-8.014],[-39.861,-8.018],[-39.861,-8.022],[-39.855,-8.028],[-39.853,-8.028],[-39.94,-8.138],[-39.943,-8.143],[-39.943,-8.147],[-39.94,-8.15],[-39.942,-8.156],[-39.94,-8.165],[-39.935,-8.17],[-39.931,-8.176],[-39.934,-8.182],[-39.933,-8.186],[-39.93,-8.186],[-39.928,-8.192],[-39.923,-8.194],[-39.923,-8.197],[-39.92,-8.198],[-39.917,-8.193],[-39.914,-8.2],[-39.915,-8.203],[-39.912,-8.209],[-39.913,-8.212],[-39.906,-8.213],[-39.905,-8.217],[-39.908,-8.216],[-39.913,-8.217],[-39.915,-8.221],[-39.922,-8.22],[-39.924,-8.214],[-39.927,-8.219],[-39.933,-8.223],[-39.939,-8.22],[-39.941,-8.223],[-39.95,-8.222],[-39.956,-8.226],[-39.966,-8.216],[-39.973,-8.219],[-39.979,-8.214],[-39.982,-8.206],[-39.985,-8.205],[-39.988,-8.208],[-39.995,-8.203],[-39.993,-8.196],[-39.995,-8.194],[-40.002,-8.194],[-40.006,-8.189],[-40.004,-8.183],[-39.998,-8.179],[-40.001,-8.173],[-40.006,-8.17],[-40.009,-8.172],[-40.015,-8.173],[-40.016,-8.17],[-40.027,-8.166],[-40.03,-8.166],[-40.036,-8.171],[-40.042,-8.167],[-40.046,-8.171],[-40.052,-8.172],[-40.055,-8.169],[-40.061,-8.17],[-40.07,-8.167],[-40.07,-8.162],[-40.076,-8.158],[-40.078,-8.153],[-40.088,-8.152],[-40.091,-8.15],[-40.096,-8.152],[-40.098,-8.154],[-40.106,-8.156],[-40.109,-8.155],[-40.112,-8.157],[-40.117,-8.157],[-40.119,-8.154],[-40.121,-8.155],[-40.129,-8.154],[-40.136,-8.159],[-40.142,-8.16],[-40.146,-8.159],[-40.153,-8.161],[-40.158,-8.166],[-40.167,-8.169],[-40.171,-8.173],[-40.173,-8.173],[-40.177,-8.179],[-40.189,-8.152],[-40.195,-8.197],[-40.197,-8.221]]]}},{"type":"Feature","properties":{"c":"2610004"},"geometry":{"type":"Polygon","coordinates":[[[-35.538,-8.659],[-35.565,-8.684],[-35.558,-8.718],[-35.603,-8.742],[-35.6,-8.752],[-35.603,-8.759],[-35.609,-8.763],[-35.609,-8.767],[-35.606,-8.776],[-35.721,-8.801],[-35.663,-8.739],[-35.642,-8.729],[-35.667,-8.729],[-35.708,-8.73],[-35.669,-8.669],[-35.696,-8.633],[-35.691,-8.627],[-35.687,-8.625],[-35.684,-8.617],[-35.679,-8.612],[-35.678,-8.606],[-35.671,-8.602],[-35.67,-8.598],[-35.691,-8.597],[-35.694,-8.593],[-35.697,-8.593],[-35.692,-8.588],[-35.697,-8.579],[-35.701,-8.571],[-35.699,-8.568],[-35.701,-8.563],[-35.699,-8.558],[-35.698,-8.548],[-35.707,-8.549],[-35.711,-8.547],[-35.646,-8.534],[-35.64,-8.552],[-35.633,-8.55],[-35.623,-8.542],[-35.618,-8.54],[-35.619,-8.538],[-35.615,-8.534],[-35.616,-8.529],[-35.609,-8.53],[-35.602,-8.523],[-35.591,-8.516],[-35.591,-8.514],[-35.571,-8.63],[-35.567,-8.632],[-35.566,-8.636],[-35.561,-8.638],[-35.557,-8.642],[-35.544,-8.643],[-35.542,-8.65],[-35.544,-8.651],[-35.544,-8.658],[-35.542,-8.659],[-35.539,-8.657],[-35.538,-8.659]]]}},{"type":"Feature","properties":{"c":"2610103"},"geometry":{"type":"Polygon","coordinates":[[[-36.366,-9.019],[-36.378,-8.989],[-36.372,-8.99],[-36.369,-8.991],[-36.353,-8.986],[-36.345,-8.986],[-36.342,-8.985],[-36.34,-8.98],[-36.337,-8.98],[-36.333,-8.978],[-36.327,-8.976],[-36.316,-8.969],[-36.31,-8.964],[-36.309,-8.957],[-36.306,-8.953],[-36.256,-8.953],[-36.233,-8.933],[-36.241,-8.952],[-36.241,-8.964],[-36.24,-8.988],[-36.243,-8.993],[-36.246,-8.996],[-36.244,-9.0],[-36.237,-9.001],[-36.233,-9.003],[-36.228,-9.001],[-36.222,-9.003],[-36.219,-9.005],[-36.218,-9.024],[-36.2,-9.02],[-36.197,-9.022],[-36.195,-9.019],[-36.195,-9.023],[-36.19,-9.022],[-36.187,-9.027],[-36.187,-9.025],[-36.182,-9.021],[-36.179,-9.024],[-36.177,-9.021],[-36.174,-9.021],[-36.174,-9.025],[-36.169,-9.03],[-36.161,-9.028],[-36.159,-9.032],[-36.155,-9.033],[-36.151,-9.032],[-36.141,-9.03],[-36.135,-9.027],[-36.13,-9.027],[-36.127,-9.024],[-36.12,-9.022],[-36.116,-9.019],[-36.111,-9.018],[-36.115,-9.02],[-36.121,-9.027],[-36.127,-9.034],[-36.138,-9.036],[-36.141,-9.04],[-36.152,-9.043],[-36.155,-9.04],[-36.158,-9.042],[-36.164,-9.04],[-36.173,-9.044],[-36.179,-9.041],[-36.183,-9.044],[-36.189,-9.046],[-36.196,-9.045],[-36.253,-9.059],[-36.258,-9.058],[-36.263,-9.059],[-36.268,-9.055],[-36.271,-9.055],[-36.274,-9.053],[-36.28,-9.053],[-36.281,-9.055],[-36.287,-9.055],[-36.29,-9.051],[-36.295,-9.05],[-36.306,-9.051],[-36.311,-9.05],[-36.321,-9.049],[-36.334,-9.052],[-36.337,-9.05],[-36.342,-9.053],[-36.359,-9.047],[-36.366,-9.019]]]}},{"type":"Feature","properties":{"c":"2610202"},"geometry":{"type":"Polygon","coordinates":[[[-35.967,-8.743],[-35.966,-8.751],[-35.966,-8.762],[-35.97,-8.768],[-35.978,-8.77],[-35.986,-8.781],[-36.004,-8.78],[-36.027,-8.777],[-36.029,-8.78],[-36.027,-8.785],[-36.024,-8.788],[-36.025,-8.79],[-36.04,-8.763],[-36.056,-8.755],[-36.075,-8.771],[-36.076,-8.732],[-36.08,-8.734],[-36.083,-8.733],[-36.089,-8.735],[-36.094,-8.731],[-36.076,-8.721],[-36.124,-8.715],[-36.154,-8.69],[-36.182,-8.665],[-36.179,-8.66],[-36.165,-8.645],[-36.164,-8.642],[-36.157,-8.635],[-36.155,-8.631],[-36.151,-8.63],[-36.149,-8.626],[-36.14,-8.62],[-36.138,-8.62],[-36.13,-8.611],[-36.126,-8.611],[-36.121,-8.608],[-36.114,-8.605],[-36.11,-8.601],[-36.105,-8.603],[-36.101,-8.601],[-36.095,-8.593],[-36.095,-8.591],[-36.088,-8.594],[-36.085,-8.592],[-36.081,-8.586],[-36.079,-8.581],[-36.069,-8.579],[-36.065,-8.576],[-36.059,-8.577],[-36.057,-8.574],[-36.046,-8.568],[-36.03,-8.562],[-36.022,-8.556],[-36.015,-8.556],[-36.014,-8.551],[-36.01,-8.548],[-36.013,-8.544],[-36.012,-8.541],[-36.006,-8.538],[-36.003,-8.534],[-36.0,-8.534],[-36.0,-8.547],[-35.997,-8.547],[-35.97,-8.615],[-35.948,-8.629],[-35.973,-8.672],[-35.975,-8.693],[-35.973,-8.71],[-35.976,-8.711],[-35.979,-8.726],[-35.977,-8.732],[-35.974,-8.733],[-35.974,-8.744],[-35.969,-8.745],[-35.967,-8.743]]]}},{"type":"Feature","properties":{"c":"2610301"},"geometry":{"type":"Polygon","coordinates":[[[-36.865,-8.889],[-36.866,-8.888],[-36.869,-8.887],[-36.878,-8.883],[-36.868,-8.883],[-36.864,-8.883],[-36.85,-8.882],[-36.84,-8.884],[-36.836,-8.885],[-36.827,-8.893],[-36.778,-8.927],[-36.75,-8.892],[-36.748,-8.887],[-36.748,-8.883],[-36.756,-8.879],[-36.76,-8.881],[-36.777,-8.886],[-36.767,-8.842],[-36.759,-8.834],[-36.737,-8.833],[-36.667,-8.833],[-36.666,-8.839],[-36.667,-8.845],[-36.671,-8.849],[-36.672,-8.855],[-36.667,-8.861],[-36.666,-8.868],[-36.663,-8.869],[-36.652,-8.866],[-36.649,-8.87],[-36.645,-8.87],[-36.645,-8.874],[-36.639,-8.878],[-36.631,-8.887],[-36.628,-8.888],[-36.625,-8.893],[-36.619,-8.897],[-36.616,-8.904],[-36.612,-8.906],[-36.608,-8.911],[-36.606,-8.911],[-36.606,-8.921],[-36.614,-8.923],[-36.613,-8.928],[-36.609,-8.927],[-36.607,-8.934],[-36.605,-8.935],[-36.607,-8.942],[-36.619,-8.944],[-36.626,-8.947],[-36.629,-8.952],[-36.631,-8.956],[-36.632,-8.952],[-36.635,-8.944],[-36.641,-8.938],[-36.65,-8.934],[-36.661,-8.934],[-36.709,-8.941],[-36.714,-8.951],[-36.725,-8.952],[-36.729,-8.954],[-36.736,-8.95],[-36.865,-8.889]]]}},{"type":"Feature","properties":{"c":"2610400"},"geometry":{"type":"Polygon","coordinates":[[[-39.36,-8.05],[-39.364,-8.053],[-39.367,-8.052],[-39.37,-8.058],[-39.379,-8.064],[-39.379,-8.067],[-39.383,-8.067],[-39.389,-8.07],[-39.392,-8.076],[-39.397,-8.074],[-39.4,-8.081],[-39.398,-8.083],[-39.399,-8.088],[-39.402,-8.091],[-39.403,-8.098],[-39.406,-8.099],[-39.41,-8.102],[-39.407,-8.109],[-39.413,-8.111],[-39.415,-8.113],[-39.415,-8.119],[-39.419,-8.121],[-39.424,-8.119],[-39.43,-8.12],[-39.431,-8.127],[-39.425,-8.136],[-39.43,-8.143],[-39.426,-8.145],[-39.425,-8.15],[-39.429,-8.148],[-39.437,-8.151],[-39.439,-8.148],[-39.444,-8.146],[-39.447,-8.141],[-39.453,-8.145],[-39.457,-8.141],[-39.459,-8.142],[-39.464,-8.141],[-39.469,-8.143],[-39.473,-8.152],[-39.479,-8.155],[-39.538,-8.18],[-39.544,-8.184],[-39.548,-8.189],[-39.547,-8.198],[-39.544,-8.2],[-39.543,-8.205],[-39.534,-8.208],[-39.525,-8.217],[-39.522,-8.216],[-39.515,-8.212],[-39.507,-8.214],[-39.5,-8.219],[-39.496,-8.213],[-39.49,-8.219],[-39.482,-8.22],[-39.481,-8.224],[-39.476,-8.221],[-39.472,-8.221],[-39.471,-8.218],[-39.465,-8.223],[-39.465,-8.229],[-39.462,-8.236],[-39.464,-8.239],[-39.468,-8.237],[-39.477,-8.242],[-39.482,-8.242],[-39.484,-8.246],[-39.487,-8.245],[-39.495,-8.248],[-39.501,-8.246],[-39.509,-8.239],[-39.516,-8.238],[-39.521,-8.242],[-39.529,-8.241],[-39.53,-8.239],[-39.54,-8.238],[-39.543,-8.244],[-39.551,-8.244],[-39.555,-8.246],[-39.56,-8.245],[-39.569,-8.249],[-39.679,-8.347],[-39.683,-8.35],[-39.685,-8.357],[-39.685,-8.371],[-39.679,-8.381],[-39.67,-8.386],[-39.671,-8.39],[-39.668,-8.397],[-39.673,-8.403],[-39.675,-8.409],[-39.665,-8.417],[-39.666,-8.422],[-39.671,-8.425],[-39.674,-8.429],[-39.67,-8.44],[-39.67,-8.443],[-39.674,-8.449],[-39.672,-8.457],[-39.678,-8.451],[-39.679,-8.442],[-39.68,-8.439],[-39.688,-8.429],[-39.692,-8.426],[-39.702,-8.415],[-39.714,-8.41],[-39.714,-8.406],[-39.711,-8.401],[-39.711,-8.398],[-39.722,-8.393],[-39.723,-8.391],[-39.724,-8.382],[-39.727,-8.378],[-39.732,-8.376],[-39.735,-8.377],[-39.741,-8.377],[-39.744,-8.372],[-39.745,-8.358],[-39.747,-8.353],[-39.747,-8.348],[-39.751,-8.344],[-39.756,-8.345],[-39.762,-8.353],[-39.767,-8.353],[-39.771,-8.348],[-39.772,-8.341],[-39.773,-8.34],[-39.78,-8.341],[-39.783,-8.339],[-39.788,-8.333],[-39.797,-8.336],[-39.803,-8.334],[-39.808,-8.33],[-39.814,-8.329],[-39.82,-8.332],[-39.826,-8.332],[-39.834,-8.33],[-39.839,-8.333],[-39.844,-8.335],[-39.851,-8.336],[-39.856,-8.343],[-39.862,-8.35],[-39.867,-8.352],[-39.873,-8.359],[-39.882,-8.36],[-39.888,-8.368],[-39.898,-8.374],[-39.902,-8.373],[-39.908,-8.37],[-39.912,-8.37],[-39.918,-8.368],[-39.921,-8.37],[-39.93,-8.368],[-39.935,-8.364],[-39.94,-8.364],[-39.946,-8.37],[-39.953,-8.372],[-39.958,-8.378],[-39.964,-8.378],[-39.973,-8.372],[-39.977,-8.371],[-39.983,-8.367],[-39.99,-8.365],[-39.993,-8.359],[-40.004,-8.354],[-40.011,-8.356],[-40.015,-8.361],[-40.016,-8.366],[-40.019,-8.371],[-40.022,-8.374],[-40.03,-8.374],[-40.035,-8.369],[-40.043,-8.364],[-40.049,-8.366],[-40.056,-8.365],[-40.06,-8.37],[-40.064,-8.371],[-40.074,-8.37],[-40.082,-8.371],[-40.091,-8.367],[-40.092,-8.36],[-40.091,-8.358],[-40.095,-8.349],[-40.1,-8.347],[-40.109,-8.348],[-40.111,-8.343],[-40.087,-8.337],[-40.201,-8.256],[-40.197,-8.221],[-40.195,-8.197],[-40.189,-8.152],[-40.177,-8.179],[-40.173,-8.173],[-40.171,-8.173],[-40.167,-8.169],[-40.158,-8.166],[-40.153,-8.161],[-40.146,-8.159],[-40.142,-8.16],[-40.136,-8.159],[-40.129,-8.154],[-40.121,-8.155],[-40.119,-8.154],[-40.117,-8.157],[-40.112,-8.157],[-40.109,-8.155],[-40.106,-8.156],[-40.098,-8.154],[-40.096,-8.152],[-40.091,-8.15],[-40.088,-8.152],[-40.078,-8.153],[-40.076,-8.158],[-40.07,-8.162],[-40.07,-8.167],[-40.061,-8.17],[-40.055,-8.169],[-40.052,-8.172],[-40.046,-8.171],[-40.042,-8.167],[-40.036,-8.171],[-40.03,-8.166],[-40.027,-8.166],[-40.016,-8.17],[-40.015,-8.173],[-40.009,-8.172],[-40.006,-8.17],[-40.001,-8.173],[-39.998,-8.179],[-40.004,-8.183],[-40.006,-8.189],[-40.002,-8.194],[-39.995,-8.194],[-39.993,-8.196],[-39.995,-8.203],[-39.988,-8.208],[-39.985,-8.205],[-39.982,-8.206],[-39.979,-8.214],[-39.973,-8.219],[-39.966,-8.216],[-39.956,-8.226],[-39.95,-8.222],[-39.941,-8.223],[-39.939,-8.22],[-39.933,-8.223],[-39.927,-8.219],[-39.924,-8.214],[-39.922,-8.22],[-39.915,-8.221],[-39.913,-8.217],[-39.908,-8.216],[-39.905,-8.217],[-39.906,-8.213],[-39.913,-8.212],[-39.912,-8.209],[-39.915,-8.203],[-39.914,-8.2],[-39.917,-8.193],[-39.92,-8.198],[-39.923,-8.197],[-39.923,-8.194],[-39.928,-8.192],[-39.93,-8.186],[-39.933,-8.186],[-39.934,-8.182],[-39.931,-8.176],[-39.935,-8.17],[-39.94,-8.165],[-39.942,-8.156],[-39.94,-8.15],[-39.943,-8.147],[-39.943,-8.143],[-39.94,-8.138],[-39.853,-8.028],[-39.763,-7.913],[-39.574,-7.871],[-39.57,-7.872],[-39.566,-7.875],[-39.566,-7.878],[-39.569,-7.878],[-39.572,-7.88],[-39.573,-7.886],[-39.572,-7.896],[-39.568,-7.898],[-39.567,-7.902],[-39.56,-7.904],[-39.557,-7.911],[-39.559,-7.925],[-39.561,-7.926],[-39.566,-7.931],[-39.57,-7.931],[-39.577,-7.937],[-39.574,-7.94],[-39.572,-7.94],[-39.567,-7.951],[-39.572,-7.959],[-39.568,-7.963],[-39.572,-7.967],[-39.567,-7.971],[-39.566,-7.976],[-39.569,-7.981],[-39.569,-7.988],[-39.454,-7.952],[-39.459,-7.957],[-39.461,-7.966],[-39.464,-7.97],[-39.465,-7.977],[-39.47,-7.98],[-39.476,-7.991],[-39.481,-7.995],[-39.485,-8.001],[-39.487,-8.006],[-39.484,-8.013],[-39.484,-8.018],[-39.481,-8.024],[-39.48,-8.033],[-39.484,-8.038],[-39.479,-8.045],[-39.474,-8.048],[-39.472,-8.052],[-39.467,-8.056],[-39.463,-8.055],[-39.457,-8.057],[-39.453,-8.061],[-39.446,-8.058],[-39.437,-8.059],[-39.36,-8.05]]]}},{"type":"Feature","properties":{"c":"2610509"},"geometry":{"type":"Polygon","coordinates":[[[-35.457,-7.989],[-35.455,-7.994],[-35.462,-8.001],[-35.46,-8.008],[-35.462,-8.009],[-35.46,-8.013],[-35.464,-8.017],[-35.464,-8.021],[-35.466,-8.025],[-35.466,-8.031],[-35.439,-8.04],[-35.428,-8.081],[-35.43,-8.081],[-35.443,-8.08],[-35.463,-8.094],[-35.511,-8.058],[-35.552,-8.071],[-35.583,-8.079],[-35.63,-8.104],[-35.65,-8.105],[-35.651,-8.073],[-35.665,-8.047],[-35.661,-8.047],[-35.658,-8.05],[-35.654,-8.048],[-35.653,-8.044],[-35.645,-8.043],[-35.643,-8.04],[-35.64,-8.042],[-35.637,-8.037],[-35.638,-8.033],[-35.634,-8.029],[-35.633,-8.024],[-35.631,-8.026],[-35.623,-8.018],[-35.613,-8.022],[-35.61,-8.013],[-35.61,-8.011],[-35.654,-7.944],[-35.649,-7.942],[-35.642,-7.939],[-35.637,-7.942],[-35.63,-7.941],[-35.625,-7.945],[-35.62,-7.945],[-35.613,-7.94],[-35.613,-7.937],[-35.601,-7.936],[-35.596,-7.94],[-35.584,-7.943],[-35.58,-7.946],[-35.571,-7.944],[-35.562,-7.941],[-35.556,-7.941],[-35.553,-7.944],[-35.545,-7.947],[-35.538,-7.946],[-35.535,-7.942],[-35.535,-7.935],[-35.532,-7.931],[-35.523,-7.933],[-35.516,-7.94],[-35.514,-7.939],[-35.508,-7.927],[-35.504,-7.925],[-35.5,-7.92],[-35.442,-7.961],[-35.445,-7.968],[-35.449,-7.971],[-35.453,-7.978],[-35.452,-7.98],[-35.456,-7.984],[-35.457,-7.989]]]}},{"type":"Feature","properties":{"c":"2610608"},"geometry":{"type":"Polygon","coordinates":[[[-35.031,-7.93],[-35.029,-7.934],[-35.037,-7.94],[-35.046,-7.948],[-35.052,-7.944],[-35.064,-7.948],[-35.065,-7.947],[-35.074,-7.951],[-35.076,-7.95],[-35.077,-7.959],[-35.078,-7.961],[-35.092,-7.966],[-35.093,-7.968],[-35.099,-7.972],[-35.102,-7.969],[-35.109,-7.971],[-35.111,-7.968],[-35.116,-7.969],[-35.119,-7.973],[-35.13,-7.974],[-35.136,-7.971],[-35.14,-7.971],[-35.143,-7.969],[-35.144,-7.973],[-35.15,-7.972],[-35.156,-7.969],[-35.158,-7.973],[-35.165,-7.971],[-35.167,-7.973],[-35.166,-7.977],[-35.172,-7.975],[-35.171,-7.972],[-35.178,-7.972],[-35.177,-7.976],[-35.18,-7.977],[-35.184,-7.973],[-35.225,-7.956],[-35.257,-7.942],[-35.254,-7.916],[-35.254,-7.912],[-35.248,-7.905],[-35.25,-7.899],[-35.25,-7.896],[-35.244,-7.894],[-35.241,-7.888],[-35.234,-7.889],[-35.229,-7.888],[-35.218,-7.891],[-35.215,-7.889],[-35.226,-7.824],[-35.145,-7.826],[-35.14,-7.792],[-35.122,-7.849],[-35.123,-7.851],[-35.113,-7.857],[-35.11,-7.863],[-35.105,-7.873],[-35.102,-7.875],[-35.1,-7.882],[-35.096,-7.886],[-35.087,-7.889],[-35.077,-7.898],[-35.072,-7.9],[-35.066,-7.9],[-35.063,-7.906],[-35.058,-7.906],[-35.049,-7.909],[-35.043,-7.915],[-35.031,-7.93]]]}},{"type":"Feature","properties":{"c":"2610707"},"geometry":{"type":"Polygon","coordinates":[[[-34.914,-7.979],[-34.913,-7.97],[-34.91,-7.953],[-34.909,-7.944],[-34.911,-7.939],[-34.916,-7.935],[-34.918,-7.936],[-34.924,-7.934],[-34.928,-7.936],[-34.936,-7.932],[-34.938,-7.933],[-34.943,-7.93],[-34.948,-7.93],[-34.952,-7.935],[-34.958,-7.936],[-34.96,-7.938],[-34.968,-7.942],[-34.977,-7.94],[-34.988,-7.94],[-34.991,-7.938],[-34.991,-7.935],[-35.0,-7.929],[-35.007,-7.925],[-35.016,-7.926],[-35.021,-7.932],[-35.026,-7.932],[-35.029,-7.934],[-35.031,-7.93],[-35.025,-7.926],[-35.025,-7.92],[-35.021,-7.916],[-35.008,-7.917],[-34.997,-7.919],[-34.986,-7.92],[-34.965,-7.917],[-34.962,-7.916],[-34.958,-7.92],[-34.95,-7.92],[-34.943,-7.924],[-34.939,-7.926],[-34.934,-7.925],[-34.929,-7.926],[-34.924,-7.93],[-34.919,-7.927],[-34.913,-7.93],[-34.913,-7.934],[-34.906,-7.935],[-34.904,-7.932],[-34.9,-7.93],[-34.895,-7.921],[-34.897,-7.918],[-34.893,-7.913],[-34.889,-7.912],[-34.885,-7.914],[-34.881,-7.913],[-34.873,-7.91],[-34.866,-7.911],[-34.861,-7.91],[-34.863,-7.904],[-34.861,-7.897],[-34.865,-7.896],[-34.866,-7.891],[-34.862,-7.889],[-34.856,-7.877],[-34.855,-7.872],[-34.844,-7.866],[-34.841,-7.861],[-34.842,-7.857],[-34.841,-7.845],[-34.841,-7.841],[-34.838,-7.84],[-34.837,-7.844],[-34.834,-7.858],[-34.834,-7.869],[-34.831,-7.876],[-34.825,-7.884],[-34.824,-7.895],[-34.825,-7.904],[-34.821,-7.913],[-34.82,-7.917],[-34.821,-7.932],[-34.823,-7.937],[-34.823,-7.942],[-34.825,-7.951],[-34.829,-7.955],[-34.828,-7.959],[-34.831,-7.958],[-34.841,-7.961],[-34.845,-7.957],[-34.851,-7.955],[-34.855,-7.955],[-34.858,-7.967],[-34.851,-7.968],[-34.864,-7.975],[-34.868,-7.967],[-34.873,-7.97],[-34.869,-7.976],[-34.873,-7.976],[-34.873,-7.98],[-34.875,-7.981],[-34.882,-7.976],[-34.895,-7.976],[-34.904,-7.979],[-34.914,-7.979]]]}},{"type":"Feature","properties":{"c":"2610806"},"geometry":{"type":"Polygon","coordinates":[[[-36.993,-8.897],[-36.971,-8.711],[-36.989,-8.557],[-36.992,-8.556],[-36.996,-8.551],[-36.996,-8.545],[-37.002,-8.541],[-37.011,-8.542],[-37.022,-8.545],[-37.025,-8.543],[-37.03,-8.541],[-37.032,-8.539],[-37.039,-8.539],[-37.047,-8.542],[-37.051,-8.539],[-37.058,-8.539],[-37.059,-8.537],[-37.063,-8.535],[-37.072,-8.534],[-37.023,-8.499],[-37.02,-8.488],[-37.016,-8.484],[-37.012,-8.478],[-37.007,-8.474],[-37.004,-8.466],[-37.006,-8.458],[-37.003,-8.452],[-37.007,-8.447],[-36.999,-8.439],[-36.991,-8.436],[-36.988,-8.439],[-36.985,-8.445],[-36.986,-8.448],[-36.983,-8.451],[-36.979,-8.449],[-36.969,-8.444],[-36.964,-8.444],[-36.961,-8.445],[-36.959,-8.444],[-36.951,-8.445],[-36.95,-8.448],[-36.945,-8.444],[-36.938,-8.446],[-36.936,-8.448],[-36.933,-8.457],[-36.924,-8.464],[-36.918,-8.459],[-36.911,-8.449],[-36.904,-8.444],[-36.897,-8.442],[-36.894,-8.442],[-36.898,-8.438],[-36.889,-8.435],[-36.881,-8.435],[-36.879,-8.455],[-36.875,-8.452],[-36.873,-8.457],[-36.87,-8.458],[-36.867,-8.454],[-36.862,-8.454],[-36.853,-8.445],[-36.852,-8.441],[-36.849,-8.437],[-36.831,-8.426],[-36.821,-8.417],[-36.821,-8.418],[-36.822,-8.422],[-36.825,-8.433],[-36.83,-8.438],[-36.833,-8.444],[-36.839,-8.448],[-36.842,-8.455],[-36.842,-8.46],[-36.848,-8.466],[-36.848,-8.468],[-36.85,-8.476],[-36.849,-8.482],[-36.854,-8.49],[-36.859,-8.5],[-36.857,-8.504],[-36.859,-8.512],[-36.863,-8.513],[-36.863,-8.517],[-36.869,-8.531],[-36.875,-8.541],[-36.877,-8.543],[-36.881,-8.542],[-36.887,-8.55],[-36.888,-8.555],[-36.892,-8.556],[-36.896,-8.555],[-36.899,-8.562],[-36.906,-8.568],[-36.903,-8.574],[-36.9,-8.576],[-36.901,-8.582],[-36.905,-8.587],[-36.905,-8.592],[-36.91,-8.596],[-36.911,-8.599],[-36.912,-8.612],[-36.841,-8.664],[-36.817,-8.69],[-36.797,-8.702],[-36.791,-8.703],[-36.786,-8.706],[-36.786,-8.71],[-36.773,-8.732],[-36.771,-8.735],[-36.774,-8.762],[-36.772,-8.764],[-36.759,-8.775],[-36.76,-8.78],[-36.762,-8.784],[-36.773,-8.79],[-36.779,-8.792],[-36.78,-8.796],[-36.779,-8.802],[-36.768,-8.819],[-36.76,-8.826],[-36.755,-8.828],[-36.759,-8.834],[-36.767,-8.842],[-36.777,-8.886],[-36.76,-8.881],[-36.756,-8.879],[-36.748,-8.883],[-36.748,-8.887],[-36.75,-8.892],[-36.778,-8.927],[-36.827,-8.893],[-36.836,-8.885],[-36.84,-8.884],[-36.85,-8.882],[-36.864,-8.883],[-36.868,-8.883],[-36.878,-8.883],[-36.869,-8.887],[-36.874,-8.886],[-36.876,-8.891],[-36.88,-8.894],[-36.892,-8.896],[-36.896,-8.897],[-36.899,-8.903],[-36.901,-8.909],[-36.91,-8.908],[-36.921,-8.901],[-36.942,-8.898],[-36.951,-8.898],[-36.953,-8.901],[-36.959,-8.901],[-36.963,-8.899],[-36.974,-8.895],[-36.983,-8.896],[-36.988,-8.897],[-36.993,-8.897]]]}},{"type":"Feature","properties":{"c":"2610905"},"geometry":{"type":"Polygon","coordinates":[[[-36.821,-8.417],[-36.831,-8.426],[-36.849,-8.437],[-36.852,-8.441],[-36.853,-8.445],[-36.862,-8.454],[-36.867,-8.454],[-36.87,-8.458],[-36.873,-8.457],[-36.875,-8.452],[-36.879,-8.455],[-36.881,-8.435],[-36.889,-8.435],[-36.898,-8.438],[-36.894,-8.442],[-36.897,-8.442],[-36.907,-8.444],[-36.903,-8.438],[-36.913,-8.432],[-36.917,-8.433],[-36.922,-8.43],[-36.924,-8.427],[-36.928,-8.424],[-36.928,-8.393],[-36.918,-8.36],[-36.91,-8.296],[-36.91,-8.255],[-36.908,-8.253],[-36.903,-8.248],[-36.9,-8.244],[-36.896,-8.241],[-36.879,-8.236],[-36.869,-8.227],[-36.862,-8.222],[-36.852,-8.219],[-36.843,-8.217],[-36.824,-8.208],[-36.813,-8.205],[-36.806,-8.195],[-36.794,-8.19],[-36.788,-8.19],[-36.797,-8.197],[-36.803,-8.203],[-36.8,-8.209],[-36.803,-8.21],[-36.805,-8.218],[-36.809,-8.221],[-36.808,-8.226],[-36.812,-8.231],[-36.815,-8.232],[-36.818,-8.24],[-36.816,-8.243],[-36.817,-8.249],[-36.814,-8.256],[-36.806,-8.256],[-36.805,-8.261],[-36.803,-8.261],[-36.802,-8.27],[-36.803,-8.276],[-36.801,-8.278],[-36.793,-8.278],[-36.783,-8.276],[-36.781,-8.272],[-36.778,-8.271],[-36.776,-8.263],[-36.773,-8.26],[-36.769,-8.258],[-36.766,-8.26],[-36.747,-8.262],[-36.74,-8.263],[-36.739,-8.261],[-36.731,-8.259],[-36.725,-8.258],[-36.723,-8.261],[-36.725,-8.265],[-36.719,-8.27],[-36.713,-8.271],[-36.708,-8.27],[-36.687,-8.274],[-36.68,-8.273],[-36.671,-8.275],[-36.671,-8.278],[-36.668,-8.28],[-36.662,-8.28],[-36.657,-8.283],[-36.641,-8.285],[-36.64,-8.278],[-36.607,-8.22],[-36.606,-8.212],[-36.56,-8.282],[-36.568,-8.29],[-36.603,-8.311],[-36.628,-8.345],[-36.582,-8.464],[-36.558,-8.506],[-36.61,-8.549],[-36.614,-8.558],[-36.653,-8.586],[-36.657,-8.591],[-36.666,-8.594],[-36.668,-8.6],[-36.668,-8.608],[-36.671,-8.612],[-36.677,-8.612],[-36.68,-8.621],[-36.68,-8.624],[-36.688,-8.629],[-36.688,-8.634],[-36.677,-8.649],[-36.673,-8.652],[-36.666,-8.655],[-36.668,-8.662],[-36.676,-8.661],[-36.681,-8.663],[-36.68,-8.668],[-36.69,-8.67],[-36.725,-8.65],[-36.726,-8.646],[-36.723,-8.646],[-36.721,-8.642],[-36.724,-8.633],[-36.729,-8.63],[-36.731,-8.624],[-36.726,-8.62],[-36.727,-8.617],[-36.726,-8.606],[-36.732,-8.605],[-36.735,-8.603],[-36.743,-8.603],[-36.757,-8.599],[-36.766,-8.599],[-36.768,-8.603],[-36.773,-8.602],[-36.775,-8.605],[-36.784,-8.603],[-36.78,-8.596],[-36.781,-8.589],[-36.778,-8.589],[-36.756,-8.596],[-36.739,-8.567],[-36.731,-8.566],[-36.725,-8.56],[-36.724,-8.548],[-36.719,-8.539],[-36.716,-8.538],[-36.715,-8.535],[-36.709,-8.532],[-36.704,-8.531],[-36.698,-8.528],[-36.696,-8.525],[-36.69,-8.525],[-36.688,-8.529],[-36.677,-8.526],[-36.702,-8.421],[-36.785,-8.423],[-36.802,-8.426],[-36.821,-8.417]]]}},{"type":"Feature","properties":{"c":"2611002"},"geometry":{"type":"Polygon","coordinates":[[[-38.205,-9.104],[-38.313,-9.148],[-38.319,-9.141],[-38.321,-9.128],[-38.321,-9.117],[-38.315,-9.107],[-38.306,-9.102],[-38.305,-9.097],[-38.308,-9.095],[-38.315,-9.094],[-38.32,-9.091],[-38.323,-9.088],[-38.326,-9.081],[-38.325,-9.074],[-38.321,-9.07],[-38.312,-9.066],[-38.304,-9.062],[-38.297,-9.056],[-38.29,-9.047],[-38.289,-9.04],[-38.29,-9.036],[-38.296,-9.023],[-38.303,-9.014],[-38.317,-9.001],[-38.317,-8.995],[-38.321,-8.991],[-38.324,-8.99],[-38.34,-8.99],[-38.348,-8.993],[-38.362,-9.001],[-38.376,-9.016],[-38.386,-9.025],[-38.397,-9.033],[-38.404,-9.037],[-38.408,-9.039],[-38.418,-9.038],[-38.43,-9.034],[-38.441,-9.03],[-38.449,-9.026],[-38.468,-9.013],[-38.484,-9.001],[-38.488,-8.994],[-38.498,-8.985],[-38.504,-8.981],[-38.508,-8.974],[-38.511,-8.964],[-38.516,-8.958],[-38.52,-8.948],[-38.519,-8.939],[-38.517,-8.933],[-38.511,-8.925],[-38.502,-8.917],[-38.492,-8.913],[-38.484,-8.907],[-38.479,-8.902],[-38.477,-8.895],[-38.473,-8.89],[-38.47,-8.875],[-38.47,-8.866],[-38.467,-8.864],[-38.464,-8.854],[-38.457,-8.841],[-38.451,-8.836],[-38.447,-8.838],[-38.441,-8.83],[-38.437,-8.829],[-38.429,-8.824],[-38.417,-8.821],[-38.409,-8.817],[-38.405,-8.817],[-38.402,-8.809],[-38.4,-8.807],[-38.391,-8.805],[-38.39,-8.801],[-38.375,-8.79],[-38.37,-8.792],[-38.367,-8.79],[-38.359,-8.792],[-38.356,-8.786],[-38.354,-8.784],[-38.349,-8.785],[-38.346,-8.783],[-38.342,-8.779],[-38.337,-8.778],[-38.328,-8.781],[-38.324,-8.778],[-38.326,-8.774],[-38.321,-8.769],[-38.314,-8.766],[-38.313,-8.764],[-38.307,-8.762],[-38.308,-8.759],[-38.305,-8.754],[-38.299,-8.758],[-38.289,-8.76],[-38.286,-8.758],[-38.283,-8.753],[-38.275,-8.755],[-38.266,-8.752],[-38.265,-8.748],[-38.265,-8.74],[-38.266,-8.736],[-38.262,-8.734],[-38.262,-8.727],[-38.265,-8.724],[-38.263,-8.72],[-38.262,-8.711],[-38.26,-8.708],[-38.254,-8.705],[-38.252,-8.7],[-38.248,-8.697],[-38.242,-8.696],[-38.235,-8.692],[-38.233,-8.688],[-38.228,-8.69],[-38.21,-8.688],[-38.203,-8.685],[-38.201,-8.681],[-38.19,-8.677],[-38.185,-8.678],[-38.184,-8.68],[-38.177,-8.683],[-38.173,-8.687],[-38.168,-8.686],[-38.163,-8.69],[-38.157,-8.691],[-38.154,-8.696],[-38.149,-8.695],[-38.142,-8.697],[-38.137,-8.692],[-38.131,-8.691],[-38.127,-8.692],[-38.121,-8.692],[-38.116,-8.695],[-38.111,-8.694],[-38.109,-8.696],[-38.101,-8.696],[-38.098,-8.694],[-38.097,-8.691],[-38.09,-8.687],[-38.084,-8.686],[-38.082,-8.681],[-38.073,-8.68],[-38.065,-8.684],[-38.236,-8.855],[-38.232,-8.859],[-38.224,-8.866],[-38.218,-8.876],[-38.214,-8.887],[-38.216,-8.898],[-38.216,-8.904],[-38.211,-8.915],[-38.21,-8.921],[-38.211,-8.931],[-38.209,-8.939],[-38.206,-8.95],[-38.206,-8.956],[-38.21,-8.965],[-38.212,-8.976],[-38.213,-8.98],[-38.205,-9.104]]]}},{"type":"Feature","properties":{"c":"2611101"},"geometry":{"type":"Polygon","coordinates":[[[-40.959,-8.842],[-40.956,-8.837],[-40.948,-8.83],[-40.944,-8.824],[-40.942,-8.814],[-40.944,-8.809],[-40.942,-8.803],[-40.942,-8.797],[-40.944,-8.788],[-40.938,-8.778],[-40.935,-8.777],[-40.93,-8.773],[-40.93,-8.769],[-40.926,-8.77],[-40.924,-8.774],[-40.92,-8.772],[-40.911,-8.776],[-40.758,-8.623],[-40.58,-8.667],[-40.579,-8.667],[-40.429,-8.645],[-40.419,-8.658],[-40.418,-8.665],[-40.415,-8.668],[-40.406,-8.678],[-40.405,-8.686],[-40.403,-8.689],[-40.399,-8.689],[-40.393,-8.692],[-40.394,-8.7],[-40.392,-8.704],[-40.392,-8.711],[-40.395,-8.717],[-40.396,-8.723],[-40.393,-8.728],[-40.395,-8.738],[-40.397,-8.74],[-40.398,-8.744],[-40.396,-8.749],[-40.401,-8.752],[-40.402,-8.754],[-40.399,-8.758],[-40.4,-8.761],[-40.398,-8.764],[-40.393,-8.774],[-40.396,-8.774],[-40.398,-8.78],[-40.391,-8.783],[-40.392,-8.785],[-40.397,-8.792],[-40.393,-8.798],[-40.393,-8.801],[-40.388,-8.804],[-40.382,-8.81],[-40.38,-8.807],[-40.377,-8.812],[-40.365,-8.814],[-40.361,-8.82],[-40.363,-8.822],[-40.362,-8.832],[-40.363,-8.835],[-40.359,-8.836],[-40.363,-8.851],[-40.362,-8.853],[-40.355,-8.856],[-40.351,-8.861],[-40.349,-8.863],[-40.339,-8.864],[-40.336,-8.862],[-40.326,-8.865],[-40.322,-8.861],[-40.311,-8.862],[-40.305,-8.869],[-40.298,-8.871],[-40.297,-8.878],[-40.29,-8.883],[-40.285,-8.887],[-40.285,-8.89],[-40.28,-8.893],[-40.273,-8.901],[-40.275,-8.905],[-40.276,-8.91],[-40.273,-8.917],[-40.275,-8.925],[-40.271,-8.928],[-40.274,-8.931],[-40.285,-8.934],[-40.29,-8.94],[-40.296,-8.939],[-40.299,-8.945],[-40.305,-8.954],[-40.303,-8.96],[-40.297,-8.964],[-40.294,-8.971],[-40.294,-8.975],[-40.298,-8.981],[-40.299,-8.987],[-40.297,-8.99],[-40.297,-8.995],[-40.293,-8.997],[-40.292,-9.0],[-40.288,-9.001],[-40.284,-9.008],[-40.282,-9.009],[-40.271,-9.001],[-40.27,-8.999],[-40.264,-8.992],[-40.26,-8.99],[-40.251,-8.995],[-40.246,-9.001],[-40.243,-9.002],[-40.232,-9.017],[-40.231,-9.023],[-40.233,-9.031],[-40.23,-9.034],[-40.223,-9.039],[-40.22,-9.048],[-40.213,-9.054],[-40.209,-9.056],[-40.209,-9.064],[-40.213,-9.061],[-40.224,-9.057],[-40.232,-9.055],[-40.239,-9.054],[-40.248,-9.058],[-40.256,-9.063],[-40.264,-9.071],[-40.273,-9.082],[-40.279,-9.095],[-40.283,-9.108],[-40.287,-9.117],[-40.289,-9.13],[-40.293,-9.147],[-40.294,-9.152],[-40.293,-9.158],[-40.287,-9.171],[-40.286,-9.182],[-40.286,-9.186],[-40.29,-9.196],[-40.296,-9.214],[-40.298,-9.224],[-40.301,-9.231],[-40.302,-9.243],[-40.302,-9.252],[-40.305,-9.258],[-40.305,-9.263],[-40.31,-9.276],[-40.314,-9.282],[-40.319,-9.287],[-40.326,-9.306],[-40.333,-9.318],[-40.336,-9.327],[-40.337,-9.335],[-40.337,-9.342],[-40.334,-9.351],[-40.339,-9.36],[-40.349,-9.369],[-40.356,-9.377],[-40.364,-9.379],[-40.371,-9.379],[-40.391,-9.372],[-40.405,-9.363],[-40.41,-9.356],[-40.418,-9.352],[-40.431,-9.357],[-40.436,-9.362],[-40.439,-9.368],[-40.448,-9.387],[-40.453,-9.397],[-40.454,-9.404],[-40.456,-9.406],[-40.464,-9.413],[-40.468,-9.421],[-40.474,-9.421],[-40.478,-9.419],[-40.484,-9.414],[-40.497,-9.409],[-40.501,-9.409],[-40.511,-9.407],[-40.52,-9.412],[-40.532,-9.415],[-40.538,-9.421],[-40.542,-9.426],[-40.544,-9.433],[-40.545,-9.442],[-40.548,-9.449],[-40.556,-9.458],[-40.565,-9.464],[-40.573,-9.467],[-40.582,-9.468],[-40.587,-9.466],[-40.594,-9.467],[-40.6,-9.47],[-40.609,-9.477],[-40.617,-9.481],[-40.623,-9.483],[-40.636,-9.481],[-40.643,-9.478],[-40.652,-9.474],[-40.663,-9.472],[-40.681,-9.467],[-40.701,-9.458],[-40.715,-9.449],[-40.722,-9.446],[-40.745,-9.443],[-40.75,-9.444],[-40.758,-9.449],[-40.767,-9.453],[-40.777,-9.454],[-40.767,-9.446],[-40.761,-9.432],[-40.76,-9.426],[-40.765,-9.416],[-40.765,-9.413],[-40.761,-9.411],[-40.757,-9.41],[-40.743,-9.403],[-40.744,-9.396],[-40.743,-9.383],[-40.746,-9.371],[-40.745,-9.365],[-40.74,-9.358],[-40.738,-9.353],[-40.741,-9.347],[-40.737,-9.337],[-40.742,-9.327],[-40.752,-9.318],[-40.756,-9.315],[-40.752,-9.308],[-40.744,-9.306],[-40.743,-9.301],[-40.739,-9.297],[-40.723,-9.306],[-40.72,-9.306],[-40.708,-9.296],[-40.707,-9.293],[-40.709,-9.287],[-40.701,-9.282],[-40.692,-9.281],[-40.687,-9.278],[-40.685,-9.271],[-40.681,-9.263],[-40.68,-9.258],[-40.689,-9.257],[-40.69,-9.251],[-40.686,-9.244],[-40.689,-9.241],[-40.691,-9.234],[-40.695,-9.233],[-40.681,-9.212],[-40.682,-9.208],[-40.681,-9.2],[-40.677,-9.193],[-40.673,-9.193],[-40.67,-9.186],[-40.672,-9.179],[-40.671,-9.175],[-40.672,-9.172],[-40.667,-9.159],[-40.672,-9.157],[-40.678,-9.151],[-40.685,-9.138],[-40.687,-9.137],[-40.7,-9.142],[-40.71,-9.141],[-40.722,-9.134],[-40.729,-9.129],[-40.733,-9.124],[-40.743,-9.122],[-40.75,-9.118],[-40.755,-9.12],[-40.758,-9.119],[-40.756,-9.112],[-40.757,-9.105],[-40.763,-9.107],[-40.775,-9.101],[-40.78,-9.101],[-40.784,-9.104],[-40.787,-9.104],[-40.789,-9.099],[-40.799,-9.099],[-40.804,-9.098],[-40.81,-9.092],[-40.811,-9.086],[-40.813,-9.083],[-40.818,-9.082],[-40.821,-9.08],[-40.819,-9.069],[-40.824,-9.062],[-40.824,-9.057],[-40.823,-9.052],[-40.825,-9.046],[-40.825,-9.04],[-40.826,-9.037],[-40.832,-9.031],[-40.83,-9.027],[-40.834,-9.021],[-40.834,-9.011],[-40.837,-9.006],[-40.841,-9.002],[-40.847,-8.996],[-40.852,-8.98],[-40.851,-8.954],[-40.856,-8.949],[-40.861,-8.948],[-40.863,-8.943],[-40.866,-8.932],[-40.866,-8.923],[-40.873,-8.919],[-40.881,-8.916],[-40.883,-8.905],[-40.889,-8.899],[-40.895,-8.889],[-40.897,-8.881],[-40.896,-8.871],[-40.902,-8.866],[-40.903,-8.859],[-40.907,-8.857],[-40.915,-8.85],[-40.919,-8.837],[-40.921,-8.835],[-40.931,-8.837],[-40.946,-8.845],[-40.955,-8.844],[-40.959,-8.842]]]}},{"type":"Feature","properties":{"c":"2611200"},"geometry":{"type":"Polygon","coordinates":[[[-36.687,-8.156],[-36.686,-8.16],[-36.683,-8.162],[-36.682,-8.167],[-36.68,-8.171],[-36.679,-8.177],[-36.665,-8.181],[-36.656,-8.193],[-36.653,-8.198],[-36.647,-8.206],[-36.646,-8.208],[-36.635,-8.211],[-36.634,-8.214],[-36.628,-8.214],[-36.627,-8.212],[-36.621,-8.213],[-36.617,-8.209],[-36.617,-8.2],[-36.619,-8.194],[-36.618,-8.185],[-36.614,-8.173],[-36.613,-8.172],[-36.612,-8.166],[-36.606,-8.212],[-36.607,-8.22],[-36.64,-8.278],[-36.641,-8.285],[-36.657,-8.283],[-36.662,-8.28],[-36.668,-8.28],[-36.671,-8.278],[-36.671,-8.275],[-36.68,-8.273],[-36.687,-8.274],[-36.708,-8.27],[-36.713,-8.271],[-36.719,-8.27],[-36.725,-8.265],[-36.723,-8.261],[-36.725,-8.258],[-36.731,-8.259],[-36.739,-8.261],[-36.74,-8.263],[-36.747,-8.262],[-36.766,-8.26],[-36.769,-8.258],[-36.773,-8.26],[-36.776,-8.263],[-36.778,-8.271],[-36.781,-8.272],[-36.783,-8.276],[-36.793,-8.278],[-36.801,-8.278],[-36.803,-8.276],[-36.802,-8.27],[-36.803,-8.261],[-36.805,-8.261],[-36.806,-8.256],[-36.814,-8.256],[-36.817,-8.249],[-36.816,-8.243],[-36.818,-8.24],[-36.815,-8.232],[-36.812,-8.231],[-36.808,-8.226],[-36.809,-8.221],[-36.805,-8.218],[-36.803,-8.21],[-36.8,-8.209],[-36.803,-8.203],[-36.797,-8.197],[-36.788,-8.19],[-36.775,-8.191],[-36.767,-8.196],[-36.762,-8.196],[-36.754,-8.191],[-36.751,-8.186],[-36.75,-8.176],[-36.741,-8.172],[-36.724,-8.172],[-36.722,-8.168],[-36.716,-8.167],[-36.719,-8.162],[-36.726,-8.156],[-36.723,-8.151],[-36.704,-8.158],[-36.697,-8.155],[-36.687,-8.156]]]}},{"type":"Feature","properties":{"c":"2611309"},"geometry":{"type":"Polygon","coordinates":[[[-35.439,-8.253],[-35.438,-8.251],[-35.441,-8.244],[-35.444,-8.242],[-35.442,-8.239],[-35.442,-8.235],[-35.437,-8.231],[-35.431,-8.221],[-35.429,-8.216],[-35.432,-8.213],[-35.436,-8.185],[-35.433,-8.184],[-35.43,-8.179],[-35.433,-8.171],[-35.43,-8.17],[-35.43,-8.165],[-35.436,-8.166],[-35.449,-8.171],[-35.442,-8.147],[-35.439,-8.127],[-35.479,-8.104],[-35.463,-8.094],[-35.443,-8.08],[-35.43,-8.081],[-35.343,-8.118],[-35.318,-8.18],[-35.339,-8.278],[-35.366,-8.299],[-35.371,-8.298],[-35.374,-8.288],[-35.372,-8.285],[-35.365,-8.28],[-35.367,-8.275],[-35.373,-8.278],[-35.377,-8.273],[-35.377,-8.269],[-35.384,-8.266],[-35.388,-8.261],[-35.396,-8.26],[-35.403,-8.257],[-35.405,-8.262],[-35.409,-8.266],[-35.415,-8.268],[-35.424,-8.266],[-35.425,-8.263],[-35.425,-8.256],[-35.429,-8.253],[-35.434,-8.257],[-35.438,-8.255],[-35.439,-8.253]]]}},{"type":"Feature","properties":{"c":"2611408"},"geometry":{"type":"Polygon","coordinates":[[[-35.346,-8.428],[-35.352,-8.423],[-35.357,-8.421],[-35.365,-8.409],[-35.372,-8.425],[-35.388,-8.418],[-35.396,-8.431],[-35.403,-8.432],[-35.406,-8.438],[-35.407,-8.433],[-35.406,-8.428],[-35.374,-8.381],[-35.416,-8.33],[-35.467,-8.261],[-35.461,-8.266],[-35.455,-8.254],[-35.45,-8.253],[-35.445,-8.25],[-35.439,-8.253],[-35.438,-8.255],[-35.434,-8.257],[-35.429,-8.253],[-35.425,-8.256],[-35.425,-8.263],[-35.424,-8.266],[-35.415,-8.268],[-35.409,-8.266],[-35.405,-8.262],[-35.403,-8.257],[-35.396,-8.26],[-35.388,-8.261],[-35.384,-8.266],[-35.377,-8.269],[-35.377,-8.273],[-35.373,-8.278],[-35.367,-8.275],[-35.365,-8.28],[-35.372,-8.285],[-35.374,-8.288],[-35.371,-8.298],[-35.366,-8.299],[-35.36,-8.298],[-35.358,-8.301],[-35.355,-8.304],[-35.356,-8.311],[-35.354,-8.319],[-35.354,-8.324],[-35.351,-8.333],[-35.35,-8.343],[-35.346,-8.35],[-35.348,-8.349],[-35.349,-8.353],[-35.346,-8.359],[-35.339,-8.361],[-35.332,-8.362],[-35.333,-8.367],[-35.34,-8.37],[-35.343,-8.372],[-35.344,-8.376],[-35.354,-8.381],[-35.356,-8.38],[-35.364,-8.396],[-35.36,-8.398],[-35.357,-8.403],[-35.349,-8.408],[-35.348,-8.41],[-35.343,-8.41],[-35.342,-8.412],[-35.344,-8.424],[-35.346,-8.428]]]}},{"type":"Feature","properties":{"c":"2611507"},"geometry":{"type":"Polygon","coordinates":[[[-36.033,-8.908],[-36.042,-8.905],[-36.061,-8.895],[-36.125,-8.842],[-36.121,-8.837],[-36.091,-8.777],[-36.075,-8.771],[-36.056,-8.755],[-36.04,-8.763],[-36.025,-8.79],[-36.024,-8.788],[-36.027,-8.785],[-36.029,-8.78],[-36.027,-8.777],[-36.004,-8.78],[-35.986,-8.781],[-35.978,-8.77],[-35.97,-8.768],[-35.966,-8.762],[-35.966,-8.751],[-35.955,-8.813],[-35.955,-8.863],[-35.951,-8.892],[-35.956,-8.894],[-35.959,-8.893],[-35.962,-8.895],[-35.964,-8.902],[-35.968,-8.904],[-35.971,-8.9],[-35.98,-8.903],[-35.984,-8.905],[-35.986,-8.903],[-35.992,-8.905],[-36.005,-8.913],[-36.015,-8.912],[-36.026,-8.908],[-36.033,-8.908]]]}},{"type":"Feature","properties":{"c":"2611533"},"geometry":{"type":"Polygon","coordinates":[[[-37.847,-7.803],[-37.852,-7.797],[-37.859,-7.793],[-37.864,-7.793],[-37.869,-7.787],[-37.874,-7.789],[-37.879,-7.781],[-37.888,-7.782],[-37.894,-7.781],[-37.898,-7.779],[-37.902,-7.774],[-37.912,-7.773],[-37.916,-7.774],[-37.92,-7.772],[-37.945,-7.77],[-37.951,-7.771],[-37.958,-7.766],[-37.957,-7.762],[-37.953,-7.757],[-37.948,-7.756],[-37.943,-7.741],[-37.934,-7.735],[-37.927,-7.73],[-37.922,-7.724],[-37.924,-7.715],[-37.913,-7.709],[-37.905,-7.71],[-37.894,-7.714],[-37.892,-7.711],[-37.899,-7.706],[-37.903,-7.695],[-37.897,-7.691],[-37.891,-7.689],[-37.881,-7.684],[-37.873,-7.675],[-37.868,-7.665],[-37.857,-7.652],[-37.844,-7.647],[-37.842,-7.648],[-37.838,-7.645],[-37.834,-7.645],[-37.831,-7.647],[-37.824,-7.646],[-37.819,-7.647],[-37.816,-7.644],[-37.81,-7.644],[-37.803,-7.634],[-37.804,-7.631],[-37.801,-7.626],[-37.795,-7.627],[-37.791,-7.626],[-37.786,-7.626],[-37.782,-7.628],[-37.778,-7.635],[-37.778,-7.643],[-37.771,-7.647],[-37.768,-7.652],[-37.769,-7.655],[-37.767,-7.657],[-37.769,-7.676],[-37.757,-7.689],[-37.783,-7.684],[-37.798,-7.754],[-37.847,-7.803]]]}},{"type":"Feature","properties":{"c":"2611606"},"geometry":{"type":"Polygon","coordinates":[[[-35.017,-8.056],[-34.995,-8.046],[-34.993,-8.043],[-34.996,-8.037],[-34.996,-8.033],[-34.991,-8.032],[-34.986,-8.037],[-34.98,-8.033],[-34.979,-8.029],[-34.974,-8.029],[-34.966,-8.02],[-34.962,-8.021],[-34.964,-8.009],[-34.962,-7.99],[-34.964,-7.987],[-34.962,-7.982],[-34.962,-7.974],[-34.972,-7.972],[-34.975,-7.969],[-34.98,-7.97],[-34.99,-7.962],[-34.994,-7.962],[-35.0,-7.964],[-35.004,-7.96],[-34.999,-7.948],[-35.008,-7.946],[-35.0,-7.929],[-34.991,-7.935],[-34.991,-7.938],[-34.988,-7.94],[-34.977,-7.94],[-34.968,-7.942],[-34.96,-7.938],[-34.958,-7.936],[-34.952,-7.935],[-34.948,-7.93],[-34.943,-7.93],[-34.938,-7.933],[-34.936,-7.932],[-34.928,-7.936],[-34.924,-7.934],[-34.918,-7.936],[-34.916,-7.935],[-34.911,-7.939],[-34.909,-7.944],[-34.91,-7.953],[-34.913,-7.97],[-34.914,-7.979],[-34.917,-7.988],[-34.909,-7.993],[-34.906,-7.997],[-34.899,-8.002],[-34.891,-8.003],[-34.886,-8.006],[-34.88,-8.012],[-34.879,-8.016],[-34.873,-8.017],[-34.876,-8.03],[-34.876,-8.032],[-34.861,-8.044],[-34.859,-8.047],[-34.862,-8.048],[-34.87,-8.067],[-34.877,-8.083],[-34.882,-8.098],[-34.889,-8.114],[-34.896,-8.124],[-34.909,-8.155],[-34.914,-8.154],[-34.912,-8.15],[-34.915,-8.148],[-34.914,-8.145],[-34.922,-8.142],[-34.933,-8.142],[-34.937,-8.137],[-34.954,-8.139],[-34.956,-8.138],[-34.957,-8.134],[-34.952,-8.131],[-34.954,-8.124],[-34.956,-8.129],[-34.958,-8.13],[-34.961,-8.126],[-34.959,-8.122],[-34.96,-8.115],[-34.957,-8.111],[-34.963,-8.108],[-34.963,-8.1],[-34.962,-8.094],[-34.968,-8.091],[-34.97,-8.088],[-34.974,-8.086],[-34.971,-8.082],[-34.974,-8.078],[-34.976,-8.08],[-34.981,-8.075],[-34.986,-8.074],[-34.986,-8.072],[-34.993,-8.066],[-34.996,-8.061],[-35.0,-8.064],[-35.005,-8.063],[-35.007,-8.06],[-35.012,-8.059],[-35.017,-8.056]]]}},{"type":"Feature","properties":{"c":"2611705"},"geometry":{"type":"Polygon","coordinates":[[[-35.916,-8.005],[-35.914,-8.003],[-35.907,-8.006],[-35.903,-8.006],[-35.895,-8.001],[-35.887,-8.005],[-35.883,-8.001],[-35.885,-7.997],[-35.878,-7.99],[-35.873,-7.99],[-35.865,-7.994],[-35.853,-7.996],[-35.848,-7.993],[-35.843,-7.984],[-35.833,-7.983],[-35.824,-7.983],[-35.817,-7.982],[-35.811,-7.982],[-35.807,-7.979],[-35.805,-7.974],[-35.799,-7.973],[-35.787,-7.969],[-35.776,-7.97],[-35.767,-7.976],[-35.764,-7.979],[-35.758,-7.975],[-35.756,-7.98],[-35.758,-7.988],[-35.754,-7.989],[-35.755,-7.992],[-35.76,-7.992],[-35.76,-7.997],[-35.762,-8.001],[-35.765,-8.002],[-35.761,-8.006],[-35.759,-8.011],[-35.763,-8.013],[-35.772,-8.012],[-35.779,-8.015],[-35.786,-8.015],[-35.789,-8.023],[-35.795,-8.026],[-35.796,-8.031],[-35.799,-8.032],[-35.802,-8.028],[-35.803,-8.031],[-35.799,-8.037],[-35.8,-8.041],[-35.803,-8.044],[-35.814,-8.053],[-35.816,-8.057],[-35.826,-8.059],[-35.827,-8.055],[-35.829,-8.055],[-35.833,-8.06],[-35.831,-8.064],[-35.836,-8.067],[-35.84,-8.071],[-35.835,-8.084],[-35.837,-8.098],[-35.83,-8.106],[-35.836,-8.11],[-35.836,-8.114],[-35.837,-8.118],[-35.842,-8.119],[-35.844,-8.124],[-35.842,-8.126],[-35.846,-8.131],[-35.848,-8.138],[-35.846,-8.139],[-35.844,-8.146],[-35.849,-8.148],[-35.848,-8.154],[-35.849,-8.158],[-35.854,-8.162],[-35.858,-8.162],[-35.861,-8.165],[-35.868,-8.166],[-35.873,-8.162],[-35.883,-8.17],[-35.888,-8.172],[-35.891,-8.179],[-35.888,-8.19],[-35.883,-8.199],[-35.88,-8.206],[-35.917,-8.187],[-35.92,-8.194],[-35.921,-8.202],[-35.923,-8.203],[-35.976,-8.167],[-35.985,-8.144],[-35.97,-8.115],[-35.916,-8.005]]]}},{"type":"Feature","properties":{"c":"2611804"},"geometry":{"type":"Polygon","coordinates":[[[-35.471,-8.546],[-35.472,-8.541],[-35.477,-8.539],[-35.477,-8.533],[-35.479,-8.535],[-35.478,-8.526],[-35.48,-8.527],[-35.481,-8.524],[-35.484,-8.526],[-35.485,-8.521],[-35.489,-8.521],[-35.489,-8.516],[-35.486,-8.512],[-35.485,-8.507],[-35.487,-8.506],[-35.487,-8.499],[-35.491,-8.494],[-35.5,-8.498],[-35.504,-8.495],[-35.502,-8.491],[-35.506,-8.488],[-35.503,-8.479],[-35.486,-8.475],[-35.483,-8.475],[-35.467,-8.468],[-35.463,-8.465],[-35.459,-8.465],[-35.455,-8.462],[-35.455,-8.46],[-35.447,-8.455],[-35.446,-8.452],[-35.437,-8.442],[-35.432,-8.433],[-35.425,-8.427],[-35.421,-8.432],[-35.418,-8.428],[-35.412,-8.429],[-35.408,-8.426],[-35.406,-8.428],[-35.407,-8.433],[-35.406,-8.438],[-35.403,-8.432],[-35.396,-8.431],[-35.388,-8.418],[-35.372,-8.425],[-35.365,-8.409],[-35.357,-8.421],[-35.352,-8.423],[-35.346,-8.428],[-35.348,-8.438],[-35.345,-8.443],[-35.34,-8.444],[-35.337,-8.439],[-35.335,-8.44],[-35.331,-8.437],[-35.32,-8.424],[-35.318,-8.419],[-35.313,-8.42],[-35.325,-8.447],[-35.327,-8.449],[-35.326,-8.458],[-35.321,-8.463],[-35.319,-8.469],[-35.316,-8.475],[-35.316,-8.479],[-35.31,-8.485],[-35.302,-8.489],[-35.294,-8.471],[-35.29,-8.464],[-35.273,-8.488],[-35.268,-8.53],[-35.281,-8.561],[-35.268,-8.597],[-35.264,-8.631],[-35.265,-8.631],[-35.269,-8.629],[-35.279,-8.621],[-35.286,-8.616],[-35.292,-8.609],[-35.296,-8.605],[-35.298,-8.6],[-35.307,-8.593],[-35.311,-8.593],[-35.319,-8.586],[-35.327,-8.583],[-35.334,-8.577],[-35.336,-8.57],[-35.357,-8.541],[-35.36,-8.544],[-35.369,-8.546],[-35.375,-8.55],[-35.377,-8.545],[-35.381,-8.545],[-35.384,-8.541],[-35.387,-8.546],[-35.391,-8.554],[-35.397,-8.555],[-35.403,-8.55],[-35.413,-8.549],[-35.419,-8.543],[-35.428,-8.54],[-35.432,-8.536],[-35.43,-8.533],[-35.432,-8.527],[-35.431,-8.523],[-35.432,-8.519],[-35.429,-8.509],[-35.462,-8.513],[-35.466,-8.528],[-35.467,-8.529],[-35.467,-8.542],[-35.471,-8.546]]]}},{"type":"Feature","properties":{"c":"2611903"},"geometry":{"type":"Polygon","coordinates":[[[-35.342,-8.725],[-35.337,-8.722],[-35.34,-8.72],[-35.341,-8.706],[-35.344,-8.703],[-35.347,-8.704],[-35.35,-8.699],[-35.357,-8.693],[-35.358,-8.69],[-35.348,-8.662],[-35.343,-8.653],[-35.339,-8.65],[-35.331,-8.646],[-35.323,-8.635],[-35.32,-8.633],[-35.314,-8.632],[-35.309,-8.628],[-35.265,-8.631],[-35.264,-8.631],[-35.248,-8.654],[-35.24,-8.652],[-35.233,-8.654],[-35.229,-8.65],[-35.225,-8.652],[-35.221,-8.649],[-35.214,-8.648],[-35.212,-8.65],[-35.202,-8.64],[-35.198,-8.635],[-35.196,-8.628],[-35.193,-8.623],[-35.194,-8.62],[-35.189,-8.613],[-35.184,-8.603],[-35.184,-8.598],[-35.182,-8.594],[-35.182,-8.586],[-35.141,-8.646],[-35.137,-8.647],[-35.131,-8.644],[-35.126,-8.647],[-35.122,-8.658],[-35.12,-8.661],[-35.117,-8.661],[-35.116,-8.67],[-35.113,-8.679],[-35.108,-8.685],[-35.103,-8.686],[-35.105,-8.696],[-35.101,-8.709],[-35.096,-8.71],[-35.098,-8.72],[-35.097,-8.728],[-35.101,-8.73],[-35.104,-8.729],[-35.104,-8.733],[-35.114,-8.735],[-35.118,-8.738],[-35.124,-8.738],[-35.133,-8.741],[-35.137,-8.74],[-35.141,-8.735],[-35.264,-8.686],[-35.342,-8.725]]]}},{"type":"Feature","properties":{"c":"2612000"},"geometry":{"type":"Polygon","coordinates":[[[-35.758,-8.29],[-35.752,-8.288],[-35.747,-8.28],[-35.748,-8.277],[-35.744,-8.274],[-35.74,-8.273],[-35.738,-8.266],[-35.727,-8.255],[-35.725,-8.251],[-35.719,-8.249],[-35.719,-8.244],[-35.712,-8.236],[-35.712,-8.225],[-35.706,-8.221],[-35.704,-8.221],[-35.698,-8.217],[-35.691,-8.216],[-35.686,-8.212],[-35.673,-8.209],[-35.667,-8.209],[-35.659,-8.204],[-35.652,-8.203],[-35.645,-8.287],[-35.614,-8.344],[-35.635,-8.374],[-35.656,-8.378],[-35.7,-8.373],[-35.722,-8.388],[-35.724,-8.379],[-35.722,-8.377],[-35.733,-8.37],[-35.731,-8.363],[-35.733,-8.356],[-35.735,-8.352],[-35.737,-8.345],[-35.739,-8.341],[-35.738,-8.338],[-35.734,-8.334],[-35.735,-8.324],[-35.733,-8.322],[-35.73,-8.315],[-35.758,-8.29]]]}},{"type":"Feature","properties":{"c":"2612109"},"geometry":{"type":"Polygon","coordinates":[[[-35.654,-7.944],[-35.655,-7.941],[-35.653,-7.939],[-35.651,-7.933],[-35.656,-7.928],[-35.656,-7.926],[-35.664,-7.925],[-35.67,-7.918],[-35.677,-7.919],[-35.675,-7.912],[-35.681,-7.91],[-35.616,-7.88],[-35.587,-7.896],[-35.578,-7.896],[-35.568,-7.89],[-35.566,-7.891],[-35.561,-7.89],[-35.56,-7.892],[-35.557,-7.891],[-35.557,-7.895],[-35.552,-7.899],[-35.543,-7.896],[-35.541,-7.894],[-35.535,-7.895],[-35.532,-7.894],[-35.521,-7.904],[-35.514,-7.939],[-35.516,-7.94],[-35.523,-7.933],[-35.532,-7.931],[-35.535,-7.935],[-35.535,-7.942],[-35.538,-7.946],[-35.545,-7.947],[-35.553,-7.944],[-35.556,-7.941],[-35.562,-7.941],[-35.571,-7.944],[-35.58,-7.946],[-35.584,-7.943],[-35.596,-7.94],[-35.601,-7.936],[-35.613,-7.937],[-35.613,-7.94],[-35.62,-7.945],[-35.625,-7.945],[-35.63,-7.941],[-35.637,-7.942],[-35.642,-7.939],[-35.649,-7.942],[-35.654,-7.944]]]}},{"type":"Feature","properties":{"c":"2612208"},"geometry":{"type":"Polygon","coordinates":[[[-38.813,-8.235],[-38.817,-8.241],[-38.817,-8.245],[-38.821,-8.247],[-38.826,-8.255],[-38.832,-8.26],[-38.837,-8.268],[-38.84,-8.276],[-38.843,-8.276],[-38.849,-8.283],[-38.851,-8.286],[-38.858,-8.287],[-38.861,-8.292],[-38.863,-8.292],[-38.87,-8.298],[-38.883,-8.308],[-38.887,-8.31],[-38.89,-8.313],[-38.893,-8.314],[-38.898,-8.32],[-38.902,-8.321],[-38.907,-8.325],[-38.908,-8.328],[-38.911,-8.33],[-38.915,-8.334],[-38.915,-8.34],[-38.922,-8.347],[-38.928,-8.357],[-38.938,-8.354],[-38.94,-8.355],[-38.944,-8.354],[-38.95,-8.355],[-38.952,-8.357],[-38.961,-8.355],[-38.964,-8.351],[-38.968,-8.354],[-38.975,-8.353],[-38.979,-8.357],[-38.983,-8.354],[-38.988,-8.354],[-38.991,-8.357],[-38.994,-8.355],[-38.997,-8.366],[-38.995,-8.371],[-38.997,-8.374],[-39.009,-8.378],[-39.012,-8.38],[-39.015,-8.375],[-39.019,-8.374],[-39.023,-8.375],[-39.03,-8.373],[-39.037,-8.379],[-39.041,-8.378],[-39.041,-8.381],[-39.047,-8.38],[-39.124,-8.307],[-39.209,-8.227],[-39.249,-8.214],[-39.256,-8.218],[-39.273,-8.222],[-39.284,-8.222],[-39.298,-8.226],[-39.302,-8.227],[-39.317,-8.183],[-39.315,-8.18],[-39.311,-8.179],[-39.31,-8.174],[-39.306,-8.17],[-39.305,-8.166],[-39.301,-8.164],[-39.301,-8.161],[-39.297,-8.153],[-39.299,-8.145],[-39.299,-8.136],[-39.296,-8.133],[-39.298,-8.13],[-39.297,-8.125],[-39.299,-8.122],[-39.296,-8.117],[-39.292,-8.114],[-39.291,-8.111],[-39.295,-8.102],[-39.302,-8.098],[-39.303,-8.095],[-39.315,-8.092],[-39.298,-8.043],[-39.298,-8.045],[-39.289,-8.049],[-39.283,-8.046],[-39.282,-8.043],[-39.275,-8.044],[-39.275,-8.041],[-39.271,-8.039],[-39.264,-8.04],[-39.261,-8.033],[-39.257,-8.034],[-39.252,-8.031],[-39.248,-8.031],[-39.244,-8.03],[-39.238,-8.025],[-39.239,-8.016],[-39.232,-8.011],[-39.234,-8.005],[-39.237,-8.001],[-39.235,-7.997],[-39.236,-7.994],[-39.233,-7.988],[-39.235,-7.985],[-39.232,-7.982],[-39.231,-7.978],[-39.229,-7.976],[-39.227,-7.969],[-39.224,-7.965],[-39.225,-7.961],[-39.223,-7.956],[-39.223,-7.95],[-39.225,-7.944],[-39.228,-7.941],[-39.232,-7.933],[-39.224,-7.926],[-39.225,-7.915],[-39.222,-7.913],[-39.22,-7.906],[-39.22,-7.901],[-39.146,-7.827],[-39.146,-7.817],[-39.145,-7.814],[-39.142,-7.799],[-39.14,-7.795],[-39.135,-7.793],[-39.132,-7.788],[-39.126,-7.785],[-39.12,-7.778],[-39.116,-7.777],[-39.103,-7.771],[-39.1,-7.776],[-39.102,-7.785],[-39.101,-7.789],[-39.096,-7.795],[-39.094,-7.802],[-39.091,-7.81],[-39.093,-7.823],[-39.088,-7.833],[-39.09,-7.84],[-39.096,-7.846],[-39.097,-7.85],[-39.093,-7.858],[-39.09,-7.857],[-39.085,-7.852],[-39.068,-7.842],[-39.063,-7.837],[-39.058,-7.823],[-39.054,-7.819],[-39.04,-7.82],[-39.034,-7.822],[-39.029,-7.825],[-39.025,-7.823],[-39.022,-7.815],[-39.018,-7.813],[-39.018,-7.818],[-39.015,-7.825],[-39.016,-7.827],[-39.022,-7.833],[-39.026,-7.84],[-39.033,-7.845],[-39.036,-7.851],[-39.034,-7.858],[-39.038,-7.861],[-39.042,-7.867],[-39.049,-7.866],[-39.054,-7.87],[-39.056,-7.873],[-39.054,-7.877],[-39.059,-7.885],[-39.061,-7.893],[-39.061,-7.899],[-39.066,-7.902],[-39.077,-7.904],[-39.078,-7.908],[-39.081,-7.911],[-39.078,-7.916],[-39.081,-7.92],[-39.081,-7.925],[-39.076,-7.928],[-39.073,-7.927],[-39.07,-7.931],[-39.074,-7.941],[-39.074,-7.953],[-39.073,-7.954],[-39.075,-7.965],[-39.079,-7.968],[-39.08,-7.971],[-39.084,-7.973],[-39.087,-7.978],[-39.086,-7.987],[-39.089,-7.991],[-39.094,-7.994],[-39.097,-8.001],[-39.092,-8.004],[-39.092,-8.012],[-39.096,-8.018],[-39.1,-8.023],[-39.103,-8.024],[-39.103,-8.029],[-39.074,-8.081],[-39.065,-8.076],[-39.064,-8.073],[-39.066,-8.07],[-39.065,-8.061],[-39.05,-8.06],[-39.042,-8.061],[-39.038,-8.057],[-39.027,-8.058],[-39.027,-8.066],[-39.026,-8.069],[-39.02,-8.069],[-39.016,-8.075],[-39.012,-8.076],[-39.005,-8.067],[-39.005,-8.065],[-38.996,-8.062],[-38.994,-8.065],[-38.99,-8.064],[-38.983,-8.067],[-38.981,-8.071],[-38.977,-8.071],[-38.974,-8.076],[-38.971,-8.077],[-38.973,-8.081],[-38.977,-8.08],[-38.978,-8.083],[-38.975,-8.086],[-38.97,-8.085],[-38.968,-8.09],[-38.965,-8.091],[-38.959,-8.086],[-38.956,-8.09],[-38.945,-8.086],[-38.938,-8.091],[-38.93,-8.09],[-38.924,-8.094],[-38.911,-8.087],[-38.917,-8.094],[-38.925,-8.1],[-38.932,-8.107],[-38.936,-8.118],[-38.937,-8.125],[-38.92,-8.143],[-38.912,-8.145],[-38.91,-8.147],[-38.906,-8.159],[-38.901,-8.162],[-38.892,-8.164],[-38.882,-8.17],[-38.873,-8.168],[-38.87,-8.17],[-38.869,-8.179],[-38.867,-8.182],[-38.867,-8.188],[-38.869,-8.195],[-38.872,-8.201],[-38.88,-8.209],[-38.875,-8.214],[-38.866,-8.216],[-38.859,-8.222],[-38.851,-8.225],[-38.839,-8.224],[-38.83,-8.221],[-38.827,-8.222],[-38.827,-8.226],[-38.813,-8.235]]]}},{"type":"Feature","properties":{"c":"2612307"},"geometry":{"type":"Polygon","coordinates":[[[-36.637,-9.021],[-36.688,-9.02],[-36.705,-9.021],[-36.711,-9.026],[-36.712,-9.028],[-36.72,-9.037],[-36.723,-9.044],[-36.731,-9.053],[-36.731,-9.055],[-36.735,-9.058],[-36.735,-9.061],[-36.74,-9.062],[-36.744,-9.068],[-36.75,-9.082],[-36.75,-9.088],[-36.756,-9.092],[-36.761,-9.094],[-36.77,-9.092],[-36.774,-9.098],[-36.777,-9.098],[-36.776,-9.105],[-36.781,-9.106],[-36.785,-9.113],[-36.802,-9.086],[-36.787,-9.008],[-36.813,-8.97],[-36.823,-8.956],[-36.865,-8.889],[-36.736,-8.95],[-36.729,-8.954],[-36.725,-8.952],[-36.714,-8.951],[-36.709,-8.941],[-36.661,-8.934],[-36.65,-8.934],[-36.641,-8.938],[-36.635,-8.944],[-36.632,-8.952],[-36.631,-8.956],[-36.63,-8.976],[-36.637,-8.987],[-36.633,-8.994],[-36.627,-8.999],[-36.626,-9.003],[-36.631,-9.005],[-36.633,-9.008],[-36.637,-9.021]]]}},{"type":"Feature","properties":{"c":"2612406"},"geometry":{"type":"Polygon","coordinates":[[[-36.56,-8.282],[-36.56,-8.274],[-36.555,-8.272],[-36.553,-8.267],[-36.548,-8.262],[-36.541,-8.255],[-36.538,-8.255],[-36.536,-8.251],[-36.542,-8.248],[-36.542,-8.24],[-36.538,-8.238],[-36.53,-8.239],[-36.527,-8.246],[-36.525,-8.246],[-36.523,-8.239],[-36.517,-8.232],[-36.508,-8.231],[-36.504,-8.232],[-36.5,-8.236],[-36.494,-8.232],[-36.491,-8.236],[-36.486,-8.253],[-36.491,-8.26],[-36.498,-8.266],[-36.499,-8.27],[-36.495,-8.272],[-36.494,-8.279],[-36.498,-8.281],[-36.498,-8.288],[-36.52,-8.298],[-36.526,-8.303],[-36.525,-8.307],[-36.516,-8.313],[-36.515,-8.317],[-36.511,-8.321],[-36.501,-8.325],[-36.495,-8.323],[-36.494,-8.316],[-36.489,-8.316],[-36.485,-8.314],[-36.493,-8.384],[-36.511,-8.402],[-36.513,-8.405],[-36.51,-8.439],[-36.509,-8.454],[-36.558,-8.506],[-36.582,-8.464],[-36.628,-8.345],[-36.603,-8.311],[-36.568,-8.29],[-36.56,-8.282]]]}},{"type":"Feature","properties":{"c":"2612455"},"geometry":{"type":"Polygon","coordinates":[[[-40.435,-8.39],[-40.434,-8.386],[-40.432,-8.373],[-40.433,-8.364],[-40.431,-8.361],[-40.435,-8.358],[-40.433,-8.352],[-40.437,-8.345],[-40.44,-8.343],[-40.445,-8.343],[-40.448,-8.34],[-40.448,-8.337],[-40.444,-8.334],[-40.447,-8.328],[-40.447,-8.321],[-40.449,-8.316],[-40.454,-8.315],[-40.457,-8.31],[-40.46,-8.309],[-40.46,-8.302],[-40.456,-8.298],[-40.455,-8.288],[-40.45,-8.282],[-40.449,-8.278],[-40.446,-8.275],[-40.429,-8.07],[-40.425,-8.074],[-40.42,-8.076],[-40.419,-8.079],[-40.412,-8.083],[-40.405,-8.083],[-40.398,-8.084],[-40.398,-8.081],[-40.394,-8.078],[-40.388,-8.08],[-40.386,-8.077],[-40.381,-8.075],[-40.375,-8.075],[-40.375,-8.078],[-40.366,-8.083],[-40.354,-8.087],[-40.345,-8.073],[-40.346,-8.071],[-40.339,-8.066],[-40.333,-8.064],[-40.328,-8.068],[-40.324,-8.063],[-40.32,-8.062],[-40.318,-8.057],[-40.311,-8.058],[-40.303,-8.061],[-40.3,-8.064],[-40.289,-8.067],[-40.278,-8.064],[-40.272,-8.064],[-40.266,-8.06],[-40.263,-8.059],[-40.26,-8.056],[-40.255,-8.064],[-40.249,-8.067],[-40.249,-8.069],[-40.243,-8.077],[-40.241,-8.077],[-40.235,-8.074],[-40.229,-8.077],[-40.222,-8.075],[-40.217,-8.083],[-40.222,-8.089],[-40.225,-8.097],[-40.228,-8.1],[-40.23,-8.109],[-40.237,-8.119],[-40.24,-8.12],[-40.242,-8.127],[-40.25,-8.129],[-40.255,-8.137],[-40.258,-8.142],[-40.255,-8.145],[-40.256,-8.15],[-40.253,-8.155],[-40.249,-8.159],[-40.24,-8.161],[-40.234,-8.166],[-40.233,-8.174],[-40.229,-8.185],[-40.219,-8.221],[-40.197,-8.221],[-40.201,-8.256],[-40.087,-8.337],[-40.111,-8.343],[-40.109,-8.348],[-40.134,-8.361],[-40.137,-8.372],[-40.141,-8.378],[-40.14,-8.383],[-40.146,-8.395],[-40.149,-8.396],[-40.152,-8.401],[-40.152,-8.406],[-40.159,-8.406],[-40.165,-8.412],[-40.166,-8.418],[-40.169,-8.418],[-40.173,-8.422],[-40.178,-8.419],[-40.182,-8.423],[-40.182,-8.426],[-40.186,-8.434],[-40.189,-8.445],[-40.193,-8.449],[-40.194,-8.456],[-40.197,-8.461],[-40.195,-8.468],[-40.193,-8.479],[-40.194,-8.481],[-40.19,-8.488],[-40.192,-8.498],[-40.191,-8.504],[-40.192,-8.51],[-40.196,-8.512],[-40.199,-8.511],[-40.207,-8.503],[-40.212,-8.503],[-40.22,-8.506],[-40.228,-8.504],[-40.238,-8.511],[-40.245,-8.508],[-40.25,-8.507],[-40.256,-8.497],[-40.263,-8.498],[-40.264,-8.506],[-40.27,-8.51],[-40.275,-8.508],[-40.282,-8.508],[-40.285,-8.506],[-40.287,-8.5],[-40.29,-8.499],[-40.296,-8.501],[-40.297,-8.504],[-40.296,-8.508],[-40.3,-8.512],[-40.309,-8.513],[-40.315,-8.515],[-40.324,-8.513],[-40.33,-8.517],[-40.34,-8.516],[-40.344,-8.51],[-40.347,-8.509],[-40.35,-8.508],[-40.353,-8.501],[-40.355,-8.501],[-40.357,-8.497],[-40.354,-8.49],[-40.357,-8.481],[-40.355,-8.475],[-40.354,-8.468],[-40.359,-8.463],[-40.358,-8.453],[-40.363,-8.44],[-40.367,-8.439],[-40.365,-8.431],[-40.37,-8.429],[-40.373,-8.43],[-40.38,-8.422],[-40.38,-8.416],[-40.386,-8.415],[-40.387,-8.412],[-40.394,-8.416],[-40.396,-8.416],[-40.396,-8.408],[-40.4,-8.407],[-40.405,-8.408],[-40.408,-8.406],[-40.41,-8.402],[-40.418,-8.402],[-40.421,-8.404],[-40.428,-8.4],[-40.43,-8.396],[-40.435,-8.39]]]}},{"type":"Feature","properties":{"c":"2612471"},"geometry":{"type":"Polygon","coordinates":[[[-38.163,-7.905],[-38.238,-7.906],[-38.23,-7.897],[-38.226,-7.888],[-38.223,-7.886],[-38.224,-7.882],[-38.222,-7.878],[-38.224,-7.874],[-38.223,-7.87],[-38.225,-7.864],[-38.207,-7.838],[-38.222,-7.82],[-38.215,-7.815],[-38.213,-7.811],[-38.204,-7.808],[-38.184,-7.796],[-38.177,-7.788],[-38.175,-7.79],[-38.166,-7.783],[-38.164,-7.78],[-38.156,-7.78],[-38.148,-7.784],[-38.144,-7.783],[-38.139,-7.786],[-38.138,-7.789],[-38.131,-7.796],[-38.129,-7.806],[-38.126,-7.805],[-38.122,-7.807],[-38.124,-7.813],[-38.12,-7.819],[-38.148,-7.845],[-38.15,-7.861],[-38.148,-7.866],[-38.143,-7.869],[-38.141,-7.876],[-38.141,-7.882],[-38.136,-7.887],[-38.133,-7.893],[-38.12,-7.909],[-38.129,-7.905],[-38.163,-7.905]]]}},{"type":"Feature","properties":{"c":"2612505"},"geometry":{"type":"Polygon","coordinates":[[[-36.444,-7.92],[-36.446,-7.916],[-36.444,-7.915],[-36.446,-7.908],[-36.437,-7.9],[-36.43,-7.889],[-36.43,-7.887],[-36.433,-7.88],[-36.44,-7.879],[-36.44,-7.876],[-36.433,-7.873],[-36.429,-7.867],[-36.429,-7.858],[-36.431,-7.85],[-36.428,-7.833],[-36.43,-7.827],[-36.428,-7.82],[-36.424,-7.816],[-36.407,-7.814],[-36.395,-7.808],[-36.393,-7.808],[-36.373,-7.813],[-36.368,-7.812],[-36.363,-7.806],[-36.353,-7.808],[-36.349,-7.807],[-36.337,-7.809],[-36.321,-7.809],[-36.313,-7.806],[-36.302,-7.808],[-36.294,-7.812],[-36.285,-7.818],[-36.279,-7.825],[-36.271,-7.831],[-36.264,-7.832],[-36.266,-7.868],[-36.243,-7.892],[-36.195,-7.923],[-36.17,-7.94],[-36.172,-7.957],[-36.166,-7.962],[-36.165,-7.966],[-36.168,-7.969],[-36.178,-7.969],[-36.189,-7.962],[-36.191,-7.959],[-36.197,-7.958],[-36.203,-7.963],[-36.206,-7.963],[-36.213,-7.959],[-36.219,-7.959],[-36.227,-7.955],[-36.232,-7.956],[-36.242,-7.956],[-36.251,-7.954],[-36.263,-7.954],[-36.271,-7.948],[-36.276,-7.948],[-36.282,-7.945],[-36.292,-7.944],[-36.297,-7.945],[-36.3,-7.95],[-36.311,-7.96],[-36.325,-7.968],[-36.329,-7.968],[-36.338,-7.962],[-36.343,-7.959],[-36.346,-7.96],[-36.351,-7.963],[-36.354,-7.96],[-36.351,-7.956],[-36.36,-7.949],[-36.36,-7.953],[-36.372,-7.952],[-36.373,-7.945],[-36.381,-7.936],[-36.387,-7.939],[-36.401,-7.938],[-36.423,-7.922],[-36.44,-7.92],[-36.444,-7.92]]]}},{"type":"Feature","properties":{"c":"2612554"},"geometry":{"type":"Polygon","coordinates":[[[-40.78,-8.296],[-40.782,-8.293],[-40.778,-8.286],[-40.781,-8.28],[-40.78,-8.276],[-40.784,-8.262],[-40.784,-8.255],[-40.781,-8.253],[-40.773,-8.251],[-40.767,-8.248],[-40.763,-8.243],[-40.75,-8.24],[-40.745,-8.24],[-40.742,-8.235],[-40.737,-8.228],[-40.729,-8.225],[-40.723,-8.223],[-40.718,-8.225],[-40.711,-8.225],[-40.707,-8.223],[-40.703,-8.217],[-40.704,-8.209],[-40.701,-8.203],[-40.694,-8.201],[-40.692,-8.197],[-40.687,-8.192],[-40.684,-8.188],[-40.675,-8.185],[-40.673,-8.181],[-40.668,-8.175],[-40.666,-8.162],[-40.659,-8.157],[-40.645,-8.158],[-40.643,-8.155],[-40.643,-8.15],[-40.639,-8.148],[-40.637,-8.142],[-40.633,-8.139],[-40.629,-8.141],[-40.624,-8.14],[-40.618,-8.144],[-40.614,-8.147],[-40.611,-8.147],[-40.601,-8.15],[-40.602,-8.146],[-40.598,-8.141],[-40.591,-8.14],[-40.59,-8.138],[-40.591,-8.124],[-40.599,-8.116],[-40.601,-8.107],[-40.604,-8.104],[-40.602,-8.1],[-40.603,-8.095],[-40.601,-8.091],[-40.599,-8.081],[-40.576,-8.03],[-40.571,-8.03],[-40.434,-8.032],[-40.426,-8.037],[-40.425,-8.048],[-40.429,-8.052],[-40.43,-8.057],[-40.429,-8.063],[-40.429,-8.07],[-40.446,-8.275],[-40.449,-8.278],[-40.45,-8.282],[-40.455,-8.288],[-40.456,-8.298],[-40.46,-8.302],[-40.46,-8.309],[-40.457,-8.31],[-40.454,-8.315],[-40.449,-8.316],[-40.447,-8.321],[-40.447,-8.328],[-40.444,-8.334],[-40.448,-8.337],[-40.448,-8.34],[-40.445,-8.343],[-40.44,-8.343],[-40.437,-8.345],[-40.433,-8.352],[-40.435,-8.358],[-40.431,-8.361],[-40.433,-8.364],[-40.432,-8.373],[-40.434,-8.386],[-40.435,-8.39],[-40.438,-8.385],[-40.439,-8.378],[-40.442,-8.376],[-40.444,-8.371],[-40.453,-8.364],[-40.462,-8.361],[-40.465,-8.364],[-40.468,-8.366],[-40.472,-8.363],[-40.477,-8.362],[-40.486,-8.366],[-40.49,-8.364],[-40.495,-8.37],[-40.5,-8.369],[-40.503,-8.366],[-40.506,-8.369],[-40.51,-8.368],[-40.513,-8.371],[-40.522,-8.369],[-40.524,-8.366],[-40.529,-8.367],[-40.531,-8.368],[-40.535,-8.378],[-40.533,-8.381],[-40.54,-8.384],[-40.542,-8.378],[-40.548,-8.376],[-40.558,-8.372],[-40.565,-8.371],[-40.565,-8.367],[-40.573,-8.363],[-40.578,-8.364],[-40.582,-8.363],[-40.587,-8.364],[-40.589,-8.368],[-40.594,-8.368],[-40.597,-8.364],[-40.603,-8.369],[-40.605,-8.367],[-40.609,-8.368],[-40.611,-8.372],[-40.615,-8.369],[-40.622,-8.368],[-40.626,-8.372],[-40.629,-8.371],[-40.631,-8.376],[-40.636,-8.375],[-40.638,-8.377],[-40.641,-8.375],[-40.646,-8.379],[-40.646,-8.381],[-40.652,-8.38],[-40.656,-8.381],[-40.659,-8.379],[-40.658,-8.376],[-40.659,-8.371],[-40.664,-8.369],[-40.667,-8.371],[-40.672,-8.37],[-40.676,-8.374],[-40.679,-8.375],[-40.682,-8.369],[-40.681,-8.365],[-40.687,-8.363],[-40.686,-8.358],[-40.693,-8.355],[-40.703,-8.347],[-40.707,-8.347],[-40.713,-8.351],[-40.717,-8.351],[-40.729,-8.347],[-40.738,-8.341],[-40.743,-8.337],[-40.747,-8.339],[-40.749,-8.343],[-40.755,-8.342],[-40.758,-8.337],[-40.758,-8.329],[-40.756,-8.326],[-40.762,-8.318],[-40.761,-8.315],[-40.764,-8.303],[-40.767,-8.299],[-40.771,-8.297],[-40.78,-8.296]]]}},{"type":"Feature","properties":{"c":"2612604"},"geometry":{"type":"Polygon","coordinates":[[[-39.672,-8.457],[-39.67,-8.461],[-39.663,-8.462],[-39.66,-8.472],[-39.654,-8.478],[-39.654,-8.486],[-39.652,-8.49],[-39.652,-8.494],[-39.649,-8.498],[-39.642,-8.497],[-39.635,-8.501],[-39.631,-8.504],[-39.63,-8.507],[-39.635,-8.509],[-39.635,-8.515],[-39.642,-8.517],[-39.643,-8.519],[-39.646,-8.66],[-39.652,-8.66],[-39.661,-8.657],[-39.672,-8.659],[-39.689,-8.661],[-39.692,-8.664],[-39.693,-8.681],[-39.688,-8.693],[-39.682,-8.711],[-39.68,-8.723],[-39.678,-8.733],[-39.675,-8.737],[-39.674,-8.745],[-39.678,-8.757],[-39.675,-8.773],[-39.672,-8.778],[-39.673,-8.785],[-39.676,-8.788],[-39.68,-8.789],[-39.691,-8.796],[-39.695,-8.8],[-39.704,-8.8],[-39.71,-8.798],[-39.717,-8.798],[-39.722,-8.799],[-39.739,-8.795],[-39.748,-8.794],[-39.75,-8.797],[-39.762,-8.801],[-39.764,-8.805],[-39.775,-8.809],[-39.789,-8.819],[-39.793,-8.82],[-39.804,-8.819],[-39.815,-8.815],[-39.82,-8.813],[-39.83,-8.814],[-39.845,-8.818],[-39.863,-8.82],[-39.887,-8.825],[-39.893,-8.829],[-39.896,-8.833],[-39.901,-8.842],[-39.903,-8.851],[-39.903,-8.859],[-39.901,-8.864],[-39.884,-8.896],[-39.879,-8.902],[-39.878,-8.91],[-39.877,-8.922],[-39.873,-8.93],[-39.874,-8.937],[-39.883,-8.952],[-39.889,-8.966],[-39.899,-8.972],[-39.907,-8.982],[-39.917,-9.001],[-39.92,-9.002],[-39.927,-9.009],[-39.929,-9.013],[-39.934,-9.017],[-39.94,-9.026],[-39.953,-9.04],[-39.955,-9.046],[-39.958,-9.049],[-39.968,-9.053],[-39.981,-9.055],[-39.99,-9.059],[-39.998,-9.061],[-40.005,-9.06],[-40.024,-9.058],[-40.024,-9.046],[-40.027,-9.044],[-40.028,-9.036],[-40.027,-9.035],[-40.029,-9.027],[-40.024,-9.019],[-40.031,-9.006],[-40.038,-9.001],[-40.048,-8.997],[-40.047,-8.991],[-40.045,-8.986],[-40.037,-8.979],[-40.039,-8.975],[-40.044,-8.973],[-40.05,-8.973],[-40.067,-8.963],[-40.07,-8.96],[-40.072,-8.954],[-40.079,-8.953],[-40.086,-8.95],[-40.094,-8.954],[-40.097,-8.957],[-40.068,-8.75],[-40.074,-8.632],[-40.084,-8.633],[-40.087,-8.631],[-40.09,-8.624],[-40.092,-8.617],[-40.101,-8.612],[-40.117,-8.612],[-40.132,-8.607],[-40.138,-8.601],[-40.143,-8.596],[-40.146,-8.588],[-40.155,-8.583],[-40.157,-8.576],[-40.162,-8.576],[-40.166,-8.573],[-40.164,-8.567],[-40.166,-8.565],[-40.164,-8.555],[-40.165,-8.549],[-40.169,-8.544],[-40.178,-8.54],[-40.179,-8.538],[-40.176,-8.53],[-40.182,-8.525],[-40.187,-8.527],[-40.191,-8.524],[-40.191,-8.521],[-40.197,-8.513],[-40.196,-8.512],[-40.192,-8.51],[-40.191,-8.504],[-40.192,-8.498],[-40.19,-8.488],[-40.194,-8.481],[-40.193,-8.479],[-40.195,-8.468],[-40.197,-8.461],[-40.194,-8.456],[-40.193,-8.449],[-40.189,-8.445],[-40.186,-8.434],[-40.182,-8.426],[-40.182,-8.423],[-40.178,-8.419],[-40.173,-8.422],[-40.169,-8.418],[-40.166,-8.418],[-40.165,-8.412],[-40.159,-8.406],[-40.152,-8.406],[-40.152,-8.401],[-40.149,-8.396],[-40.146,-8.395],[-40.14,-8.383],[-40.141,-8.378],[-40.137,-8.372],[-40.134,-8.361],[-40.109,-8.348],[-40.1,-8.347],[-40.095,-8.349],[-40.091,-8.358],[-40.092,-8.36],[-40.091,-8.367],[-40.082,-8.371],[-40.074,-8.37],[-40.064,-8.371],[-40.06,-8.37],[-40.056,-8.365],[-40.049,-8.366],[-40.043,-8.364],[-40.035,-8.369],[-40.03,-8.374],[-40.022,-8.374],[-40.019,-8.371],[-40.016,-8.366],[-40.015,-8.361],[-40.011,-8.356],[-40.004,-8.354],[-39.993,-8.359],[-39.99,-8.365],[-39.983,-8.367],[-39.977,-8.371],[-39.973,-8.372],[-39.964,-8.378],[-39.958,-8.378],[-39.953,-8.372],[-39.946,-8.37],[-39.94,-8.364],[-39.935,-8.364],[-39.93,-8.368],[-39.921,-8.37],[-39.918,-8.368],[-39.912,-8.37],[-39.908,-8.37],[-39.902,-8.373],[-39.898,-8.374],[-39.888,-8.368],[-39.882,-8.36],[-39.873,-8.359],[-39.867,-8.352],[-39.862,-8.35],[-39.856,-8.343],[-39.851,-8.336],[-39.844,-8.335],[-39.839,-8.333],[-39.834,-8.33],[-39.826,-8.332],[-39.82,-8.332],[-39.814,-8.329],[-39.808,-8.33],[-39.803,-8.334],[-39.797,-8.336],[-39.788,-8.333],[-39.783,-8.339],[-39.78,-8.341],[-39.773,-8.34],[-39.772,-8.341],[-39.771,-8.348],[-39.767,-8.353],[-39.762,-8.353],[-39.756,-8.345],[-39.751,-8.344],[-39.747,-8.348],[-39.747,-8.353],[-39.745,-8.358],[-39.744,-8.372],[-39.741,-8.377],[-39.735,-8.377],[-39.732,-8.376],[-39.727,-8.378],[-39.724,-8.382],[-39.723,-8.391],[-39.722,-8.393],[-39.711,-8.398],[-39.711,-8.401],[-39.714,-8.406],[-39.714,-8.41],[-39.702,-8.415],[-39.692,-8.426],[-39.688,-8.429],[-39.68,-8.439],[-39.679,-8.442],[-39.678,-8.451],[-39.672,-8.457]]]}},{"type":"Feature","properties":{"c":"2612703"},"geometry":{"type":"Polygon","coordinates":[[[-35.881,-7.766],[-35.877,-7.769],[-35.871,-7.77],[-35.866,-7.775],[-35.853,-7.785],[-35.846,-7.809],[-35.822,-7.86],[-35.846,-7.864],[-35.864,-7.863],[-35.874,-7.864],[-35.885,-7.868],[-35.892,-7.87],[-35.906,-7.877],[-35.911,-7.879],[-35.914,-7.873],[-35.922,-7.867],[-35.922,-7.864],[-35.92,-7.862],[-35.915,-7.846],[-35.943,-7.79],[-35.939,-7.789],[-35.936,-7.785],[-35.928,-7.785],[-35.909,-7.793],[-35.904,-7.792],[-35.898,-7.789],[-35.894,-7.785],[-35.892,-7.78],[-35.884,-7.775],[-35.881,-7.766]]]}},{"type":"Feature","properties":{"c":"2612802"},"geometry":{"type":"Polygon","coordinates":[[[-37.432,-7.357],[-37.426,-7.364],[-37.427,-7.368],[-37.422,-7.37],[-37.418,-7.375],[-37.411,-7.38],[-37.394,-7.374],[-37.388,-7.374],[-37.382,-7.373],[-37.367,-7.379],[-37.368,-7.382],[-37.366,-7.391],[-37.367,-7.394],[-37.364,-7.396],[-37.366,-7.402],[-37.363,-7.403],[-37.364,-7.409],[-37.376,-7.474],[-37.424,-7.504],[-37.45,-7.535],[-37.448,-7.526],[-37.451,-7.521],[-37.45,-7.514],[-37.455,-7.505],[-37.461,-7.504],[-37.46,-7.5],[-37.463,-7.495],[-37.459,-7.491],[-37.46,-7.488],[-37.467,-7.488],[-37.474,-7.482],[-37.475,-7.477],[-37.478,-7.476],[-37.484,-7.468],[-37.489,-7.463],[-37.49,-7.458],[-37.496,-7.455],[-37.502,-7.453],[-37.522,-7.439],[-37.52,-7.437],[-37.514,-7.433],[-37.516,-7.428],[-37.511,-7.421],[-37.506,-7.419],[-37.5,-7.409],[-37.495,-7.399],[-37.487,-7.395],[-37.488,-7.389],[-37.492,-7.386],[-37.492,-7.383],[-37.498,-7.371],[-37.498,-7.367],[-37.496,-7.365],[-37.479,-7.36],[-37.466,-7.358],[-37.448,-7.361],[-37.434,-7.359],[-37.432,-7.357]]]}},{"type":"Feature","properties":{"c":"2612901"},"geometry":{"type":"Polygon","coordinates":[[[-35.845,-8.872],[-35.849,-8.872],[-35.85,-8.869],[-35.855,-8.863],[-35.861,-8.859],[-35.876,-8.859],[-35.884,-8.863],[-35.889,-8.863],[-35.893,-8.86],[-35.896,-8.854],[-35.901,-8.862],[-35.907,-8.863],[-35.911,-8.861],[-35.916,-8.868],[-35.922,-8.883],[-35.924,-8.885],[-35.933,-8.885],[-35.943,-8.886],[-35.95,-8.891],[-35.951,-8.892],[-35.955,-8.863],[-35.955,-8.813],[-35.966,-8.751],[-35.967,-8.743],[-35.965,-8.742],[-35.96,-8.743],[-35.951,-8.747],[-35.942,-8.747],[-35.929,-8.742],[-35.924,-8.744],[-35.919,-8.749],[-35.909,-8.75],[-35.863,-8.751],[-35.861,-8.751],[-35.862,-8.755],[-35.855,-8.76],[-35.847,-8.808],[-35.845,-8.872]]]}},{"type":"Feature","properties":{"c":"2613008"},"geometry":{"type":"Polygon","coordinates":[[[-36.361,-8.389],[-36.356,-8.426],[-36.327,-8.477],[-36.321,-8.488],[-36.307,-8.532],[-36.31,-8.538],[-36.312,-8.539],[-36.32,-8.55],[-36.322,-8.559],[-36.325,-8.561],[-36.326,-8.565],[-36.324,-8.567],[-36.328,-8.571],[-36.328,-8.577],[-36.327,-8.579],[-36.329,-8.588],[-36.326,-8.594],[-36.331,-8.6],[-36.333,-8.606],[-36.332,-8.615],[-36.382,-8.635],[-36.448,-8.658],[-36.452,-8.664],[-36.46,-8.667],[-36.466,-8.665],[-36.463,-8.669],[-36.468,-8.674],[-36.467,-8.678],[-36.469,-8.68],[-36.467,-8.685],[-36.468,-8.691],[-36.473,-8.694],[-36.479,-8.697],[-36.482,-8.703],[-36.487,-8.704],[-36.488,-8.698],[-36.497,-8.684],[-36.499,-8.68],[-36.502,-8.68],[-36.534,-8.659],[-36.543,-8.623],[-36.548,-8.629],[-36.557,-8.634],[-36.561,-8.643],[-36.568,-8.637],[-36.567,-8.631],[-36.568,-8.625],[-36.572,-8.626],[-36.573,-8.622],[-36.568,-8.619],[-36.568,-8.616],[-36.57,-8.613],[-36.571,-8.616],[-36.577,-8.617],[-36.583,-8.61],[-36.586,-8.601],[-36.588,-8.601],[-36.609,-8.606],[-36.603,-8.594],[-36.612,-8.58],[-36.616,-8.571],[-36.616,-8.564],[-36.613,-8.56],[-36.614,-8.558],[-36.61,-8.549],[-36.558,-8.506],[-36.509,-8.454],[-36.51,-8.439],[-36.513,-8.405],[-36.511,-8.402],[-36.504,-8.403],[-36.502,-8.409],[-36.499,-8.411],[-36.493,-8.409],[-36.485,-8.41],[-36.49,-8.406],[-36.487,-8.402],[-36.482,-8.402],[-36.481,-8.407],[-36.476,-8.405],[-36.478,-8.403],[-36.472,-8.402],[-36.469,-8.396],[-36.47,-8.391],[-36.466,-8.388],[-36.457,-8.391],[-36.454,-8.388],[-36.449,-8.398],[-36.447,-8.4],[-36.436,-8.399],[-36.424,-8.387],[-36.418,-8.386],[-36.413,-8.382],[-36.409,-8.382],[-36.408,-8.376],[-36.405,-8.375],[-36.399,-8.386],[-36.394,-8.39],[-36.385,-8.389],[-36.382,-8.391],[-36.375,-8.389],[-36.374,-8.391],[-36.361,-8.389]]]}},{"type":"Feature","properties":{"c":"2613107"},"geometry":{"type":"Polygon","coordinates":[[[-36.063,-8.383],[-36.071,-8.392],[-36.07,-8.397],[-36.071,-8.4],[-36.076,-8.399],[-36.08,-8.394],[-36.076,-8.382],[-36.077,-8.379],[-36.098,-8.383],[-36.119,-8.401],[-36.131,-8.401],[-36.134,-8.428],[-36.153,-8.441],[-36.194,-8.47],[-36.218,-8.488],[-36.224,-8.454],[-36.213,-8.452],[-36.217,-8.448],[-36.218,-8.442],[-36.215,-8.431],[-36.222,-8.424],[-36.221,-8.421],[-36.216,-8.418],[-36.217,-8.416],[-36.226,-8.409],[-36.232,-8.402],[-36.231,-8.394],[-36.227,-8.388],[-36.226,-8.38],[-36.222,-8.373],[-36.216,-8.371],[-36.214,-8.366],[-36.213,-8.36],[-36.209,-8.352],[-36.213,-8.344],[-36.211,-8.338],[-36.214,-8.337],[-36.218,-8.332],[-36.219,-8.325],[-36.214,-8.319],[-36.217,-8.314],[-36.214,-8.313],[-36.224,-8.313],[-36.223,-8.31],[-36.228,-8.293],[-36.228,-8.285],[-36.227,-8.284],[-36.216,-8.282],[-36.212,-8.28],[-36.212,-8.272],[-36.199,-8.266],[-36.187,-8.259],[-36.185,-8.256],[-36.193,-8.236],[-36.187,-8.232],[-36.18,-8.23],[-36.173,-8.223],[-36.162,-8.217],[-36.155,-8.209],[-36.149,-8.198],[-36.142,-8.193],[-36.139,-8.192],[-36.132,-8.197],[-36.129,-8.196],[-36.123,-8.187],[-36.082,-8.228],[-36.081,-8.235],[-36.076,-8.235],[-36.075,-8.242],[-36.062,-8.363],[-36.063,-8.383]]]}},{"type":"Feature","properties":{"c":"2613206"},"geometry":{"type":"Polygon","coordinates":[[[-36.306,-8.953],[-36.309,-8.957],[-36.31,-8.964],[-36.316,-8.969],[-36.327,-8.976],[-36.333,-8.978],[-36.337,-8.98],[-36.34,-8.98],[-36.342,-8.985],[-36.345,-8.986],[-36.353,-8.986],[-36.369,-8.991],[-36.372,-8.99],[-36.378,-8.989],[-36.385,-8.979],[-36.389,-8.977],[-36.391,-8.972],[-36.398,-8.959],[-36.4,-8.956],[-36.398,-8.946],[-36.398,-8.938],[-36.405,-8.934],[-36.41,-8.928],[-36.411,-8.923],[-36.41,-8.918],[-36.411,-8.912],[-36.416,-8.907],[-36.431,-8.903],[-36.448,-8.882],[-36.463,-8.845],[-36.46,-8.839],[-36.46,-8.832],[-36.458,-8.827],[-36.452,-8.822],[-36.452,-8.819],[-36.448,-8.813],[-36.448,-8.809],[-36.444,-8.801],[-36.44,-8.798],[-36.432,-8.798],[-36.428,-8.799],[-36.426,-8.796],[-36.421,-8.795],[-36.415,-8.787],[-36.408,-8.784],[-36.409,-8.781],[-36.401,-8.777],[-36.394,-8.777],[-36.394,-8.784],[-36.401,-8.783],[-36.399,-8.788],[-36.401,-8.791],[-36.394,-8.793],[-36.393,-8.791],[-36.385,-8.792],[-36.38,-8.793],[-36.38,-8.791],[-36.376,-8.793],[-36.373,-8.793],[-36.374,-8.798],[-36.37,-8.798],[-36.37,-8.795],[-36.362,-8.795],[-36.361,-8.792],[-36.354,-8.789],[-36.349,-8.785],[-36.347,-8.789],[-36.349,-8.792],[-36.346,-8.795],[-36.346,-8.802],[-36.342,-8.801],[-36.315,-8.843],[-36.322,-8.869],[-36.306,-8.953]]]}},{"type":"Feature","properties":{"c":"2613305"},"geometry":{"type":"Polygon","coordinates":[[[-35.825,-8.523],[-35.827,-8.528],[-35.833,-8.528],[-35.838,-8.526],[-35.842,-8.528],[-35.845,-8.533],[-35.842,-8.541],[-35.85,-8.541],[-35.854,-8.538],[-35.856,-8.539],[-35.839,-8.579],[-35.844,-8.58],[-35.847,-8.583],[-35.85,-8.593],[-35.873,-8.592],[-35.884,-8.576],[-35.882,-8.557],[-35.879,-8.547],[-35.901,-8.514],[-35.892,-8.5],[-35.888,-8.498],[-35.888,-8.493],[-35.89,-8.487],[-35.889,-8.476],[-35.891,-8.476],[-35.892,-8.473],[-35.888,-8.467],[-35.899,-8.462],[-35.904,-8.463],[-35.905,-8.456],[-35.903,-8.455],[-35.905,-8.447],[-35.901,-8.441],[-35.903,-8.435],[-35.898,-8.428],[-35.906,-8.425],[-35.913,-8.427],[-35.917,-8.425],[-35.917,-8.422],[-35.921,-8.42],[-35.919,-8.416],[-35.921,-8.415],[-35.92,-8.41],[-35.923,-8.408],[-35.918,-8.398],[-35.913,-8.396],[-35.909,-8.39],[-35.903,-8.384],[-35.897,-8.386],[-35.887,-8.383],[-35.884,-8.381],[-35.876,-8.378],[-35.869,-8.381],[-35.859,-8.375],[-35.846,-8.379],[-35.846,-8.391],[-35.839,-8.388],[-35.829,-8.389],[-35.821,-8.388],[-35.817,-8.386],[-35.773,-8.373],[-35.771,-8.38],[-35.768,-8.384],[-35.762,-8.384],[-35.752,-8.401],[-35.752,-8.407],[-35.76,-8.41],[-35.748,-8.43],[-35.769,-8.449],[-35.771,-8.454],[-35.775,-8.453],[-35.777,-8.456],[-35.781,-8.456],[-35.787,-8.46],[-35.799,-8.462],[-35.81,-8.469],[-35.812,-8.469],[-35.814,-8.465],[-35.816,-8.465],[-35.825,-8.461],[-35.829,-8.469],[-35.832,-8.472],[-35.839,-8.48],[-35.838,-8.484],[-35.824,-8.498],[-35.821,-8.505],[-35.823,-8.507],[-35.825,-8.523]]]}},{"type":"Feature","properties":{"c":"2613404"},"geometry":{"type":"Polygon","coordinates":[[[-35.13,-8.862],[-35.132,-8.861],[-35.133,-8.854],[-35.14,-8.843],[-35.135,-8.833],[-35.137,-8.83],[-35.264,-8.856],[-35.261,-8.856],[-35.255,-8.863],[-35.248,-8.869],[-35.246,-8.875],[-35.243,-8.88],[-35.235,-8.883],[-35.222,-8.887],[-35.22,-8.889],[-35.211,-8.889],[-35.209,-8.892],[-35.203,-8.888],[-35.198,-8.887],[-35.186,-8.89],[-35.182,-8.888],[-35.171,-8.891],[-35.165,-8.896],[-35.156,-8.903],[-35.156,-8.908],[-35.153,-8.914],[-35.151,-8.907],[-35.149,-8.903],[-35.144,-8.899],[-35.142,-8.886],[-35.137,-8.878],[-35.136,-8.874],[-35.129,-8.867],[-35.13,-8.862]]]}},{"type":"Feature","properties":{"c":"2613503"},"geometry":{"type":"Polygon","coordinates":[[[-38.878,-8.01],[-38.876,-8.004],[-38.875,-7.997],[-38.881,-7.992],[-38.881,-7.985],[-38.884,-7.979],[-38.891,-7.974],[-38.89,-7.966],[-38.891,-7.964],[-38.897,-7.961],[-38.908,-7.956],[-38.909,-7.951],[-38.908,-7.94],[-38.91,-7.931],[-38.911,-7.928],[-38.93,-7.916],[-38.933,-7.912],[-38.935,-7.903],[-38.938,-7.899],[-38.949,-7.892],[-38.952,-7.888],[-38.954,-7.882],[-38.955,-7.866],[-38.964,-7.857],[-38.964,-7.853],[-38.962,-7.844],[-38.96,-7.842],[-38.959,-7.838],[-38.965,-7.834],[-38.965,-7.83],[-38.958,-7.826],[-38.953,-7.819],[-38.953,-7.811],[-38.945,-7.804],[-38.94,-7.795],[-38.94,-7.792],[-38.945,-7.786],[-38.946,-7.781],[-38.941,-7.771],[-38.942,-7.764],[-38.94,-7.759],[-38.934,-7.759],[-38.928,-7.754],[-38.92,-7.755],[-38.916,-7.759],[-38.915,-7.754],[-38.918,-7.747],[-38.916,-7.744],[-38.907,-7.747],[-38.9,-7.745],[-38.895,-7.75],[-38.888,-7.748],[-38.881,-7.747],[-38.881,-7.738],[-38.879,-7.734],[-38.881,-7.728],[-38.88,-7.723],[-38.874,-7.719],[-38.873,-7.715],[-38.87,-7.712],[-38.864,-7.714],[-38.854,-7.716],[-38.846,-7.72],[-38.828,-7.72],[-38.822,-7.715],[-38.817,-7.706],[-38.818,-7.703],[-38.815,-7.697],[-38.816,-7.687],[-38.819,-7.685],[-38.82,-7.682],[-38.824,-7.678],[-38.821,-7.672],[-38.82,-7.665],[-38.816,-7.664],[-38.812,-7.669],[-38.806,-7.667],[-38.799,-7.669],[-38.792,-7.668],[-38.789,-7.67],[-38.783,-7.667],[-38.782,-7.662],[-38.775,-7.662],[-38.771,-7.659],[-38.761,-7.656],[-38.754,-7.66],[-38.743,-7.66],[-38.742,-7.648],[-38.738,-7.642],[-38.735,-7.64],[-38.737,-7.634],[-38.732,-7.634],[-38.724,-7.627],[-38.718,-7.627],[-38.715,-7.622],[-38.714,-7.623],[-38.705,-7.622],[-38.695,-7.633],[-38.691,-7.633],[-38.687,-7.635],[-38.683,-7.643],[-38.68,-7.645],[-38.675,-7.653],[-38.674,-7.657],[-38.67,-7.66],[-38.664,-7.658],[-38.654,-7.667],[-38.651,-7.669],[-38.651,-7.677],[-38.648,-7.679],[-38.642,-7.678],[-38.642,-7.686],[-38.628,-7.693],[-38.626,-7.696],[-38.626,-7.706],[-38.624,-7.71],[-38.621,-7.71],[-38.614,-7.716],[-38.613,-7.72],[-38.608,-7.727],[-38.609,-7.732],[-38.608,-7.739],[-38.601,-7.74],[-38.598,-7.742],[-38.596,-7.752],[-38.594,-7.754],[-38.624,-7.787],[-38.628,-7.822],[-38.555,-7.905],[-38.558,-7.94],[-38.608,-8.037],[-38.621,-8.099],[-38.598,-8.132],[-38.601,-8.14],[-38.603,-8.142],[-38.607,-8.143],[-38.618,-8.141],[-38.621,-8.138],[-38.628,-8.137],[-38.632,-8.139],[-38.635,-8.145],[-38.64,-8.141],[-38.651,-8.135],[-38.658,-8.129],[-38.657,-8.124],[-38.66,-8.118],[-38.663,-8.113],[-38.666,-8.112],[-38.668,-8.108],[-38.67,-8.109],[-38.67,-8.102],[-38.688,-8.1],[-38.69,-8.096],[-38.69,-8.088],[-38.691,-8.081],[-38.693,-8.074],[-38.691,-8.071],[-38.692,-8.066],[-38.697,-8.065],[-38.699,-8.062],[-38.699,-8.056],[-38.711,-8.043],[-38.717,-8.042],[-38.723,-8.038],[-38.729,-8.031],[-38.734,-8.029],[-38.739,-8.023],[-38.778,-8.003],[-38.83,-8.016],[-38.878,-8.01]]]}},{"type":"Feature","properties":{"c":"2613602"},"geometry":{"type":"Polygon","coordinates":[[[-37.377,-7.627],[-37.381,-7.626],[-37.385,-7.629],[-37.393,-7.629],[-37.398,-7.634],[-37.397,-7.636],[-37.402,-7.634],[-37.408,-7.635],[-37.411,-7.642],[-37.415,-7.643],[-37.417,-7.636],[-37.421,-7.632],[-37.425,-7.63],[-37.425,-7.624],[-37.429,-7.622],[-37.426,-7.617],[-37.429,-7.611],[-37.433,-7.607],[-37.434,-7.599],[-37.437,-7.596],[-37.429,-7.588],[-37.431,-7.583],[-37.432,-7.57],[-37.429,-7.564],[-37.428,-7.558],[-37.432,-7.55],[-37.431,-7.546],[-37.435,-7.543],[-37.438,-7.543],[-37.438,-7.538],[-37.443,-7.539],[-37.445,-7.536],[-37.45,-7.535],[-37.424,-7.504],[-37.376,-7.474],[-37.364,-7.409],[-37.363,-7.403],[-37.366,-7.402],[-37.364,-7.396],[-37.367,-7.394],[-37.366,-7.391],[-37.368,-7.382],[-37.367,-7.379],[-37.357,-7.378],[-37.357,-7.373],[-37.359,-7.37],[-37.357,-7.367],[-37.355,-7.359],[-37.352,-7.354],[-37.346,-7.37],[-37.339,-7.369],[-37.337,-7.367],[-37.324,-7.366],[-37.314,-7.367],[-37.305,-7.38],[-37.29,-7.395],[-37.27,-7.393],[-37.269,-7.408],[-37.253,-7.394],[-37.247,-7.395],[-37.249,-7.4],[-37.247,-7.402],[-37.241,-7.403],[-37.235,-7.408],[-37.227,-7.414],[-37.217,-7.414],[-37.214,-7.414],[-37.208,-7.412],[-37.202,-7.413],[-37.195,-7.426],[-37.198,-7.431],[-37.196,-7.439],[-37.193,-7.444],[-37.186,-7.453],[-37.182,-7.453],[-37.172,-7.45],[-37.154,-7.454],[-37.159,-7.458],[-37.159,-7.463],[-37.162,-7.465],[-37.162,-7.471],[-37.159,-7.476],[-37.163,-7.483],[-37.159,-7.484],[-37.159,-7.495],[-37.139,-7.485],[-37.135,-7.484],[-37.128,-7.481],[-37.125,-7.489],[-37.026,-7.497],[-37.035,-7.5],[-37.043,-7.504],[-37.054,-7.505],[-37.058,-7.508],[-37.063,-7.514],[-37.07,-7.517],[-37.079,-7.517],[-37.085,-7.517],[-37.095,-7.522],[-37.106,-7.531],[-37.118,-7.534],[-37.122,-7.536],[-37.129,-7.543],[-37.137,-7.555],[-37.142,-7.559],[-37.153,-7.566],[-37.164,-7.575],[-37.173,-7.588],[-37.179,-7.597],[-37.183,-7.613],[-37.186,-7.618],[-37.193,-7.624],[-37.197,-7.63],[-37.198,-7.635],[-37.197,-7.645],[-37.195,-7.652],[-37.188,-7.658],[-37.18,-7.667],[-37.177,-7.673],[-37.176,-7.679],[-37.174,-7.684],[-37.161,-7.698],[-37.155,-7.706],[-37.15,-7.717],[-37.154,-7.717],[-37.159,-7.71],[-37.164,-7.704],[-37.179,-7.707],[-37.183,-7.707],[-37.189,-7.713],[-37.192,-7.712],[-37.203,-7.7],[-37.208,-7.698],[-37.215,-7.697],[-37.217,-7.692],[-37.305,-7.603],[-37.305,-7.595],[-37.313,-7.595],[-37.313,-7.598],[-37.316,-7.601],[-37.322,-7.599],[-37.33,-7.599],[-37.33,-7.601],[-37.346,-7.603],[-37.348,-7.607],[-37.356,-7.612],[-37.355,-7.615],[-37.358,-7.62],[-37.37,-7.621],[-37.377,-7.627]]]}},{"type":"Feature","properties":{"c":"2613701"},"geometry":{"type":"Polygon","coordinates":[[[-34.996,-8.037],[-34.993,-8.043],[-34.995,-8.046],[-35.017,-8.056],[-35.042,-8.063],[-35.055,-8.067],[-35.057,-8.086],[-35.058,-8.088],[-35.063,-8.088],[-35.066,-8.09],[-35.067,-8.086],[-35.081,-8.086],[-35.087,-8.088],[-35.091,-8.087],[-35.102,-8.089],[-35.108,-8.083],[-35.108,-8.081],[-35.113,-8.079],[-35.124,-8.078],[-35.126,-8.075],[-35.128,-8.076],[-35.129,-8.081],[-35.133,-8.082],[-35.134,-8.087],[-35.139,-8.089],[-35.138,-8.091],[-35.143,-8.092],[-35.147,-8.088],[-35.15,-8.091],[-35.183,-8.083],[-35.198,-8.081],[-35.198,-8.058],[-35.204,-8.038],[-35.222,-8.019],[-35.205,-8.012],[-35.205,-8.008],[-35.202,-8.003],[-35.197,-8.0],[-35.194,-7.995],[-35.189,-7.994],[-35.185,-7.991],[-35.179,-7.995],[-35.169,-7.986],[-35.17,-7.983],[-35.165,-7.982],[-35.166,-7.977],[-35.167,-7.973],[-35.165,-7.971],[-35.158,-7.973],[-35.156,-7.969],[-35.15,-7.972],[-35.144,-7.973],[-35.143,-7.969],[-35.14,-7.971],[-35.136,-7.971],[-35.13,-7.974],[-35.119,-7.973],[-35.116,-7.969],[-35.111,-7.968],[-35.109,-7.971],[-35.102,-7.969],[-35.099,-7.972],[-35.093,-7.968],[-35.092,-7.966],[-35.078,-7.961],[-35.077,-7.959],[-35.076,-7.95],[-35.074,-7.951],[-35.065,-7.947],[-35.064,-7.948],[-35.052,-7.944],[-35.046,-7.948],[-35.037,-7.94],[-35.034,-7.943],[-35.034,-7.953],[-35.031,-7.958],[-35.023,-7.957],[-35.017,-7.96],[-35.015,-7.964],[-35.015,-7.969],[-35.009,-7.972],[-35.017,-7.99],[-35.011,-8.011],[-35.002,-8.018],[-35.017,-8.02],[-35.015,-8.023],[-35.012,-8.036],[-35.009,-8.038],[-35.002,-8.035],[-34.996,-8.037]]]}},{"type":"Feature","properties":{"c":"2613800"},"geometry":{"type":"Polygon","coordinates":[[[-35.522,-7.663],[-35.526,-7.659],[-35.527,-7.653],[-35.527,-7.645],[-35.522,-7.644],[-35.516,-7.644],[-35.515,-7.642],[-35.52,-7.64],[-35.53,-7.626],[-35.532,-7.622],[-35.526,-7.608],[-35.518,-7.606],[-35.521,-7.601],[-35.521,-7.596],[-35.515,-7.585],[-35.518,-7.585],[-35.524,-7.589],[-35.528,-7.59],[-35.536,-7.589],[-35.538,-7.587],[-35.537,-7.581],[-35.533,-7.574],[-35.527,-7.57],[-35.524,-7.559],[-35.52,-7.55],[-35.521,-7.541],[-35.52,-7.535],[-35.517,-7.531],[-35.512,-7.531],[-35.509,-7.523],[-35.509,-7.517],[-35.502,-7.513],[-35.496,-7.52],[-35.49,-7.532],[-35.49,-7.556],[-35.482,-7.556],[-35.477,-7.557],[-35.474,-7.553],[-35.466,-7.551],[-35.461,-7.554],[-35.463,-7.558],[-35.461,-7.559],[-35.455,-7.559],[-35.457,-7.562],[-35.455,-7.566],[-35.452,-7.578],[-35.456,-7.588],[-35.455,-7.591],[-35.458,-7.592],[-35.458,-7.598],[-35.451,-7.601],[-35.45,-7.603],[-35.459,-7.611],[-35.463,-7.617],[-35.461,-7.631],[-35.458,-7.638],[-35.449,-7.64],[-35.449,-7.645],[-35.445,-7.65],[-35.446,-7.693],[-35.465,-7.671],[-35.475,-7.678],[-35.516,-7.651],[-35.522,-7.663]]]}},{"type":"Feature","properties":{"c":"2613909"},"geometry":{"type":"Polygon","coordinates":[[[-38.028,-8.134],[-38.027,-8.139],[-38.033,-8.141],[-38.048,-8.151],[-38.057,-8.151],[-38.063,-8.148],[-38.086,-8.164],[-38.09,-8.173],[-38.093,-8.178],[-38.107,-8.187],[-38.11,-8.197],[-38.114,-8.202],[-38.113,-8.215],[-38.119,-8.221],[-38.127,-8.217],[-38.133,-8.216],[-38.141,-8.222],[-38.152,-8.223],[-38.154,-8.227],[-38.159,-8.23],[-38.163,-8.236],[-38.167,-8.239],[-38.174,-8.247],[-38.173,-8.251],[-38.169,-8.253],[-38.168,-8.256],[-38.167,-8.266],[-38.172,-8.266],[-38.178,-8.268],[-38.179,-8.273],[-38.179,-8.277],[-38.187,-8.278],[-38.192,-8.28],[-38.198,-8.279],[-38.205,-8.285],[-38.207,-8.285],[-38.214,-8.282],[-38.216,-8.279],[-38.222,-8.277],[-38.228,-8.272],[-38.232,-8.272],[-38.234,-8.268],[-38.238,-8.267],[-38.244,-8.261],[-38.251,-8.263],[-38.256,-8.259],[-38.265,-8.254],[-38.267,-8.259],[-38.271,-8.261],[-38.275,-8.267],[-38.279,-8.269],[-38.282,-8.275],[-38.285,-8.277],[-38.291,-8.285],[-38.295,-8.288],[-38.301,-8.288],[-38.303,-8.286],[-38.309,-8.287],[-38.314,-8.292],[-38.323,-8.292],[-38.327,-8.29],[-38.333,-8.29],[-38.334,-8.286],[-38.338,-8.283],[-38.347,-8.287],[-38.359,-8.285],[-38.364,-8.28],[-38.368,-8.281],[-38.377,-8.29],[-38.384,-8.294],[-38.387,-8.293],[-38.392,-8.298],[-38.4,-8.302],[-38.407,-8.306],[-38.41,-8.316],[-38.412,-8.316],[-38.418,-8.324],[-38.419,-8.329],[-38.417,-8.341],[-38.423,-8.343],[-38.423,-8.345],[-38.427,-8.344],[-38.431,-8.35],[-38.427,-8.355],[-38.432,-8.357],[-38.436,-8.356],[-38.44,-8.364],[-38.442,-8.37],[-38.45,-8.367],[-38.453,-8.37],[-38.453,-8.373],[-38.459,-8.379],[-38.463,-8.39],[-38.469,-8.394],[-38.469,-8.402],[-38.473,-8.408],[-38.479,-8.412],[-38.48,-8.415],[-38.486,-8.415],[-38.488,-8.417],[-38.489,-8.422],[-38.494,-8.421],[-38.496,-8.428],[-38.5,-8.435],[-38.509,-8.439],[-38.515,-8.439],[-38.518,-8.442],[-38.514,-8.429],[-38.516,-8.419],[-38.515,-8.408],[-38.514,-8.405],[-38.517,-8.401],[-38.514,-8.388],[-38.511,-8.384],[-38.512,-8.381],[-38.506,-8.369],[-38.504,-8.358],[-38.509,-8.352],[-38.506,-8.343],[-38.501,-8.336],[-38.491,-8.337],[-38.488,-8.334],[-38.486,-8.328],[-38.487,-8.315],[-38.492,-8.315],[-38.496,-8.319],[-38.5,-8.32],[-38.505,-8.318],[-38.503,-8.312],[-38.507,-8.307],[-38.515,-8.304],[-38.525,-8.296],[-38.54,-8.287],[-38.547,-8.29],[-38.549,-8.288],[-38.554,-8.275],[-38.554,-8.27],[-38.556,-8.266],[-38.554,-8.262],[-38.549,-8.258],[-38.549,-8.251],[-38.542,-8.249],[-38.537,-8.249],[-38.536,-8.252],[-38.53,-8.247],[-38.53,-8.237],[-38.537,-8.231],[-38.589,-8.128],[-38.597,-8.13],[-38.598,-8.132],[-38.621,-8.099],[-38.608,-8.037],[-38.558,-7.94],[-38.555,-7.905],[-38.628,-7.822],[-38.624,-7.787],[-38.594,-7.754],[-38.59,-7.756],[-38.584,-7.753],[-38.581,-7.748],[-38.578,-7.747],[-38.575,-7.754],[-38.572,-7.751],[-38.564,-7.757],[-38.558,-7.757],[-38.543,-7.749],[-38.539,-7.753],[-38.53,-7.755],[-38.525,-7.755],[-38.517,-7.749],[-38.507,-7.75],[-38.501,-7.751],[-38.497,-7.75],[-38.496,-7.739],[-38.491,-7.735],[-38.481,-7.732],[-38.472,-7.733],[-38.464,-7.731],[-38.458,-7.723],[-38.457,-7.718],[-38.445,-7.718],[-38.44,-7.721],[-38.434,-7.72],[-38.428,-7.73],[-38.419,-7.731],[-38.414,-7.73],[-38.41,-7.73],[-38.401,-7.72],[-38.404,-7.714],[-38.402,-7.713],[-38.382,-7.707],[-38.379,-7.703],[-38.373,-7.7],[-38.37,-7.697],[-38.37,-7.693],[-38.362,-7.686],[-38.357,-7.677],[-38.355,-7.678],[-38.353,-7.685],[-38.351,-7.686],[-38.345,-7.695],[-38.341,-7.696],[-38.336,-7.693],[-38.33,-7.696],[-38.327,-7.694],[-38.321,-7.698],[-38.321,-7.703],[-38.316,-7.709],[-38.318,-7.713],[-38.316,-7.716],[-38.312,-7.716],[-38.316,-7.728],[-38.313,-7.732],[-38.311,-7.739],[-38.309,-7.742],[-38.302,-7.745],[-38.306,-7.753],[-38.317,-7.765],[-38.311,-7.765],[-38.303,-7.762],[-38.299,-7.764],[-38.301,-7.769],[-38.295,-7.778],[-38.3,-7.783],[-38.303,-7.792],[-38.299,-7.797],[-38.298,-7.804],[-38.298,-7.814],[-38.293,-7.823],[-38.287,-7.828],[-38.287,-7.83],[-38.282,-7.831],[-38.275,-7.834],[-38.272,-7.834],[-38.268,-7.829],[-38.263,-7.828],[-38.257,-7.831],[-38.239,-7.831],[-38.235,-7.826],[-38.228,-7.824],[-38.222,-7.82],[-38.207,-7.838],[-38.225,-7.864],[-38.223,-7.87],[-38.224,-7.874],[-38.222,-7.878],[-38.224,-7.882],[-38.223,-7.886],[-38.226,-7.888],[-38.23,-7.897],[-38.238,-7.906],[-38.163,-7.905],[-38.168,-7.929],[-38.164,-7.934],[-38.155,-7.938],[-38.154,-7.942],[-38.149,-7.945],[-38.142,-7.96],[-38.097,-8.054],[-38.028,-8.134]]]}},{"type":"Feature","properties":{"c":"2614006"},"geometry":{"type":"Polygon","coordinates":[[[-39.298,-8.043],[-39.302,-8.049],[-39.315,-8.05],[-39.32,-8.048],[-39.324,-8.053],[-39.334,-8.053],[-39.337,-8.054],[-39.344,-8.054],[-39.35,-8.051],[-39.36,-8.05],[-39.437,-8.059],[-39.446,-8.058],[-39.453,-8.061],[-39.457,-8.057],[-39.463,-8.055],[-39.467,-8.056],[-39.472,-8.052],[-39.474,-8.048],[-39.479,-8.045],[-39.484,-8.038],[-39.48,-8.033],[-39.481,-8.024],[-39.484,-8.018],[-39.484,-8.013],[-39.487,-8.006],[-39.485,-8.001],[-39.481,-7.995],[-39.476,-7.991],[-39.47,-7.98],[-39.465,-7.977],[-39.464,-7.97],[-39.461,-7.966],[-39.459,-7.957],[-39.454,-7.952],[-39.569,-7.988],[-39.569,-7.981],[-39.566,-7.976],[-39.567,-7.971],[-39.572,-7.967],[-39.568,-7.963],[-39.572,-7.959],[-39.567,-7.951],[-39.572,-7.94],[-39.574,-7.94],[-39.577,-7.937],[-39.57,-7.931],[-39.566,-7.931],[-39.561,-7.926],[-39.559,-7.925],[-39.557,-7.911],[-39.56,-7.904],[-39.567,-7.902],[-39.568,-7.898],[-39.572,-7.896],[-39.573,-7.886],[-39.572,-7.88],[-39.569,-7.878],[-39.566,-7.878],[-39.566,-7.875],[-39.57,-7.872],[-39.574,-7.871],[-39.568,-7.862],[-39.566,-7.855],[-39.559,-7.853],[-39.562,-7.847],[-39.567,-7.845],[-39.574,-7.833],[-39.572,-7.827],[-39.574,-7.824],[-39.572,-7.821],[-39.567,-7.82],[-39.565,-7.817],[-39.562,-7.816],[-39.562,-7.813],[-39.572,-7.807],[-39.572,-7.798],[-39.57,-7.792],[-39.573,-7.787],[-39.583,-7.779],[-39.591,-7.776],[-39.588,-7.77],[-39.59,-7.766],[-39.587,-7.765],[-39.586,-7.761],[-39.583,-7.759],[-39.579,-7.76],[-39.576,-7.756],[-39.575,-7.75],[-39.574,-7.744],[-39.571,-7.743],[-39.568,-7.738],[-39.566,-7.741],[-39.562,-7.741],[-39.562,-7.744],[-39.558,-7.741],[-39.554,-7.74],[-39.541,-7.74],[-39.54,-7.742],[-39.529,-7.742],[-39.522,-7.739],[-39.517,-7.742],[-39.513,-7.74],[-39.513,-7.735],[-39.51,-7.734],[-39.514,-7.73],[-39.501,-7.727],[-39.504,-7.72],[-39.505,-7.713],[-39.51,-7.708],[-39.51,-7.698],[-39.506,-7.692],[-39.501,-7.689],[-39.501,-7.677],[-39.495,-7.678],[-39.492,-7.673],[-39.493,-7.67],[-39.486,-7.667],[-39.484,-7.668],[-39.476,-7.666],[-39.473,-7.663],[-39.467,-7.661],[-39.466,-7.658],[-39.456,-7.655],[-39.455,-7.653],[-39.45,-7.653],[-39.447,-7.659],[-39.442,-7.659],[-39.436,-7.652],[-39.429,-7.646],[-39.424,-7.645],[-39.418,-7.639],[-39.416,-7.634],[-39.408,-7.631],[-39.392,-7.608],[-39.384,-7.609],[-39.381,-7.611],[-39.376,-7.612],[-39.37,-7.618],[-39.368,-7.624],[-39.359,-7.627],[-39.355,-7.63],[-39.35,-7.631],[-39.342,-7.637],[-39.338,-7.645],[-39.324,-7.652],[-39.321,-7.654],[-39.311,-7.655],[-39.307,-7.665],[-39.298,-7.663],[-39.289,-7.665],[-39.284,-7.664],[-39.27,-7.66],[-39.266,-7.665],[-39.269,-7.672],[-39.269,-7.684],[-39.261,-7.688],[-39.259,-7.692],[-39.26,-7.698],[-39.263,-7.699],[-39.258,-7.701],[-39.259,-7.707],[-39.26,-7.708],[-39.262,-7.715],[-39.266,-7.719],[-39.265,-7.724],[-39.279,-7.734],[-39.277,-7.739],[-39.278,-7.745],[-39.282,-7.751],[-39.282,-7.756],[-39.278,-7.76],[-39.275,-7.768],[-39.271,-7.771],[-39.271,-7.775],[-39.273,-7.776],[-39.272,-7.781],[-39.274,-7.787],[-39.27,-7.789],[-39.116,-7.777],[-39.12,-7.778],[-39.126,-7.785],[-39.132,-7.788],[-39.135,-7.793],[-39.14,-7.795],[-39.142,-7.799],[-39.145,-7.814],[-39.146,-7.817],[-39.146,-7.827],[-39.22,-7.901],[-39.22,-7.906],[-39.222,-7.913],[-39.225,-7.915],[-39.224,-7.926],[-39.232,-7.933],[-39.228,-7.941],[-39.225,-7.944],[-39.223,-7.95],[-39.223,-7.956],[-39.225,-7.961],[-39.224,-7.965],[-39.227,-7.969],[-39.229,-7.976],[-39.231,-7.978],[-39.232,-7.982],[-39.235,-7.985],[-39.233,-7.988],[-39.236,-7.994],[-39.235,-7.997],[-39.237,-8.001],[-39.234,-8.005],[-39.232,-8.011],[-39.239,-8.016],[-39.238,-8.025],[-39.244,-8.03],[-39.248,-8.031],[-39.252,-8.031],[-39.257,-8.034],[-39.261,-8.033],[-39.264,-8.04],[-39.271,-8.039],[-39.275,-8.041],[-39.275,-8.044],[-39.282,-8.043],[-39.283,-8.046],[-39.289,-8.049],[-39.298,-8.045],[-39.298,-8.043]]]}},{"type":"Feature","properties":{"c":"2614105"},"geometry":{"type":"Polygon","coordinates":[[[-37.021,-8.29],[-37.032,-8.3],[-37.029,-8.304],[-37.036,-8.314],[-37.036,-8.322],[-37.044,-8.342],[-37.048,-8.348],[-37.058,-8.353],[-37.063,-8.351],[-37.071,-8.354],[-37.078,-8.361],[-37.082,-8.366],[-37.087,-8.369],[-37.094,-8.37],[-37.098,-8.373],[-37.101,-8.377],[-37.102,-8.384],[-37.11,-8.385],[-37.115,-8.392],[-37.119,-8.393],[-37.12,-8.396],[-37.126,-8.398],[-37.131,-8.398],[-37.142,-8.403],[-37.149,-8.403],[-37.16,-8.404],[-37.163,-8.407],[-37.164,-8.41],[-37.173,-8.415],[-37.185,-8.417],[-37.187,-8.42],[-37.192,-8.417],[-37.195,-8.419],[-37.199,-8.417],[-37.202,-8.419],[-37.206,-8.41],[-37.209,-8.407],[-37.22,-8.407],[-37.223,-8.405],[-37.233,-8.403],[-37.235,-8.398],[-37.241,-8.398],[-37.249,-8.391],[-37.255,-8.391],[-37.262,-8.4],[-37.274,-8.392],[-37.276,-8.393],[-37.281,-8.388],[-37.293,-8.392],[-37.295,-8.395],[-37.3,-8.396],[-37.308,-8.398],[-37.309,-8.402],[-37.314,-8.4],[-37.321,-8.402],[-37.333,-8.403],[-37.34,-8.405],[-37.348,-8.403],[-37.363,-8.406],[-37.369,-8.418],[-37.384,-8.413],[-37.384,-8.417],[-37.388,-8.417],[-37.391,-8.422],[-37.396,-8.423],[-37.396,-8.43],[-37.397,-8.431],[-37.404,-8.428],[-37.407,-8.434],[-37.411,-8.434],[-37.415,-8.438],[-37.418,-8.437],[-37.42,-8.443],[-37.42,-8.451],[-37.424,-8.452],[-37.428,-8.449],[-37.428,-8.445],[-37.43,-8.444],[-37.434,-8.446],[-37.435,-8.455],[-37.439,-8.457],[-37.442,-8.455],[-37.46,-8.459],[-37.462,-8.459],[-37.469,-8.449],[-37.476,-8.445],[-37.481,-8.44],[-37.488,-8.44],[-37.489,-8.442],[-37.495,-8.438],[-37.498,-8.441],[-37.504,-8.441],[-37.506,-8.437],[-37.51,-8.441],[-37.52,-8.438],[-37.526,-8.44],[-37.528,-8.434],[-37.535,-8.434],[-37.54,-8.431],[-37.546,-8.425],[-37.549,-8.423],[-37.551,-8.419],[-37.555,-8.418],[-37.557,-8.412],[-37.563,-8.413],[-37.572,-8.412],[-37.576,-8.406],[-37.58,-8.405],[-37.589,-8.408],[-37.6,-8.408],[-37.603,-8.411],[-37.606,-8.411],[-37.612,-8.415],[-37.619,-8.413],[-37.618,-8.4],[-37.619,-8.393],[-37.618,-8.387],[-37.619,-8.378],[-37.617,-8.375],[-37.619,-8.368],[-37.615,-8.368],[-37.613,-8.365],[-37.606,-8.361],[-37.605,-8.358],[-37.606,-8.35],[-37.603,-8.346],[-37.604,-8.341],[-37.602,-8.335],[-37.603,-8.327],[-37.6,-8.322],[-37.599,-8.318],[-37.596,-8.317],[-37.594,-8.313],[-37.586,-8.305],[-37.582,-8.298],[-37.581,-8.291],[-37.577,-8.284],[-37.574,-8.28],[-37.567,-8.276],[-37.568,-8.274],[-37.573,-8.271],[-37.574,-8.268],[-37.572,-8.265],[-37.566,-8.268],[-37.561,-8.265],[-37.561,-8.262],[-37.556,-8.26],[-37.554,-8.253],[-37.55,-8.25],[-37.545,-8.241],[-37.541,-8.235],[-37.537,-8.232],[-37.533,-8.228],[-37.533,-8.225],[-37.539,-8.223],[-37.538,-8.219],[-37.54,-8.215],[-37.538,-8.21],[-37.535,-8.207],[-37.537,-8.2],[-37.535,-8.199],[-37.529,-8.202],[-37.526,-8.196],[-37.519,-8.19],[-37.517,-8.186],[-37.515,-8.175],[-37.518,-8.17],[-37.516,-8.167],[-37.52,-8.156],[-37.524,-8.151],[-37.525,-8.143],[-37.531,-8.14],[-37.533,-8.135],[-37.532,-8.126],[-37.533,-8.116],[-37.53,-8.107],[-37.532,-8.102],[-37.53,-8.097],[-37.53,-8.091],[-37.525,-8.084],[-37.523,-8.08],[-37.518,-8.075],[-37.512,-8.06],[-37.511,-8.057],[-37.541,-7.979],[-37.532,-7.972],[-37.507,-7.968],[-37.494,-7.968],[-37.486,-7.973],[-37.482,-7.972],[-37.474,-7.965],[-37.469,-7.942],[-37.455,-7.951],[-37.447,-7.949],[-37.439,-7.949],[-37.436,-7.943],[-37.425,-7.94],[-37.403,-7.958],[-37.38,-7.958],[-37.375,-7.956],[-37.363,-7.957],[-37.355,-7.955],[-37.35,-7.949],[-37.348,-7.954],[-37.351,-7.961],[-37.352,-7.969],[-37.357,-7.975],[-37.341,-7.975],[-37.34,-7.98],[-37.334,-7.976],[-37.327,-7.975],[-37.321,-7.97],[-37.312,-7.968],[-37.303,-7.97],[-37.301,-7.966],[-37.292,-7.965],[-37.285,-7.97],[-37.277,-7.972],[-37.267,-7.97],[-37.264,-7.968],[-37.258,-7.97],[-37.247,-7.969],[-37.241,-7.973],[-37.235,-7.973],[-37.231,-7.969],[-37.23,-7.972],[-37.22,-7.973],[-37.218,-7.971],[-37.222,-7.963],[-37.221,-7.96],[-37.217,-7.956],[-37.208,-7.952],[-37.201,-7.957],[-37.193,-7.961],[-37.192,-7.968],[-37.192,-7.97],[-37.193,-7.984],[-37.188,-7.983],[-37.188,-7.988],[-37.184,-7.991],[-37.18,-7.99],[-37.177,-7.992],[-37.175,-7.997],[-37.168,-7.995],[-37.16,-7.997],[-37.158,-8.0],[-37.155,-8.006],[-37.152,-8.009],[-37.15,-8.015],[-37.148,-8.035],[-37.154,-8.045],[-37.158,-8.051],[-37.157,-8.065],[-37.147,-8.079],[-37.144,-8.088],[-37.148,-8.1],[-37.147,-8.109],[-37.143,-8.118],[-37.144,-8.125],[-37.153,-8.127],[-37.159,-8.139],[-37.152,-8.145],[-37.151,-8.15],[-37.157,-8.156],[-37.163,-8.159],[-37.164,-8.166],[-37.16,-8.17],[-37.15,-8.175],[-37.141,-8.177],[-37.133,-8.176],[-37.126,-8.174],[-37.118,-8.175],[-37.119,-8.184],[-37.124,-8.189],[-37.126,-8.191],[-37.123,-8.209],[-37.11,-8.226],[-37.104,-8.229],[-37.1,-8.234],[-37.09,-8.231],[-37.083,-8.222],[-37.081,-8.222],[-37.071,-8.229],[-37.067,-8.23],[-37.067,-8.233],[-37.074,-8.236],[-37.081,-8.241],[-37.082,-8.246],[-37.082,-8.262],[-37.081,-8.266],[-37.076,-8.268],[-37.058,-8.264],[-37.049,-8.265],[-37.043,-8.265],[-37.04,-8.266],[-37.032,-8.276],[-37.028,-8.283],[-37.021,-8.29]]]}},{"type":"Feature","properties":{"c":"2614204"},"geometry":{"type":"MultiPolygon","coordinates":[[[[-35.264,-8.631],[-35.268,-8.597],[-35.281,-8.561],[-35.268,-8.53],[-35.273,-8.488],[-35.273,-8.478],[-35.24,-8.475],[-35.223,-8.478],[-35.203,-8.479],[-35.168,-8.479],[-35.163,-8.486],[-35.157,-8.489],[-35.152,-8.487],[-35.145,-8.489],[-35.143,-8.492],[-35.142,-8.501],[-35.126,-8.519],[-35.078,-8.529],[-35.076,-8.536],[-35.078,-8.54],[-35.082,-8.543],[-35.083,-8.546],[-35.081,-8.556],[-35.075,-8.559],[-35.071,-8.564],[-35.069,-8.572],[-35.071,-8.579],[-35.073,-8.583],[-35.069,-8.584],[-35.063,-8.594],[-35.065,-8.597],[-35.06,-8.601],[-35.054,-8.607],[-35.05,-8.606],[-35.048,-8.609],[-35.048,-8.613],[-35.05,-8.614],[-35.055,-8.619],[-35.071,-8.65],[-35.073,-8.66],[-35.071,-8.668],[-35.072,-8.673],[-35.076,-8.674],[-35.084,-8.682],[-35.085,-8.689],[-35.088,-8.691],[-35.095,-8.688],[-35.103,-8.686],[-35.108,-8.685],[-35.113,-8.679],[-35.116,-8.67],[-35.117,-8.661],[-35.12,-8.661],[-35.122,-8.658],[-35.126,-8.647],[-35.131,-8.644],[-35.137,-8.647],[-35.141,-8.646],[-35.182,-8.586],[-35.182,-8.594],[-35.184,-8.598],[-35.184,-8.603],[-35.189,-8.613],[-35.194,-8.62],[-35.193,-8.623],[-35.196,-8.628],[-35.198,-8.635],[-35.202,-8.64],[-35.212,-8.65],[-35.214,-8.648],[-35.221,-8.649],[-35.225,-8.652],[-35.229,-8.65],[-35.233,-8.654],[-35.24,-8.652],[-35.248,-8.654],[-35.264,-8.631]]],[[[-35.02,-8.612],[-35.026,-8.613],[-35.024,-8.609],[-35.02,-8.612]]]]}},{"type":"Feature","properties":{"c":"2614303"},"geometry":{"type":"Polygon","coordinates":[[[-39.392,-7.608],[-39.408,-7.631],[-39.416,-7.634],[-39.418,-7.639],[-39.424,-7.645],[-39.429,-7.646],[-39.436,-7.652],[-39.442,-7.659],[-39.447,-7.659],[-39.45,-7.653],[-39.455,-7.653],[-39.456,-7.655],[-39.466,-7.658],[-39.467,-7.661],[-39.473,-7.663],[-39.476,-7.666],[-39.484,-7.668],[-39.486,-7.667],[-39.493,-7.67],[-39.492,-7.673],[-39.495,-7.678],[-39.501,-7.677],[-39.501,-7.689],[-39.506,-7.692],[-39.51,-7.698],[-39.51,-7.708],[-39.505,-7.713],[-39.504,-7.72],[-39.501,-7.727],[-39.514,-7.73],[-39.51,-7.734],[-39.513,-7.735],[-39.513,-7.74],[-39.517,-7.742],[-39.522,-7.739],[-39.529,-7.742],[-39.54,-7.742],[-39.541,-7.74],[-39.554,-7.74],[-39.558,-7.741],[-39.562,-7.744],[-39.562,-7.741],[-39.566,-7.741],[-39.568,-7.738],[-39.571,-7.743],[-39.574,-7.744],[-39.575,-7.75],[-39.576,-7.756],[-39.579,-7.76],[-39.583,-7.759],[-39.586,-7.761],[-39.587,-7.765],[-39.59,-7.766],[-39.594,-7.763],[-39.601,-7.756],[-39.608,-7.754],[-39.61,-7.751],[-39.61,-7.732],[-39.613,-7.729],[-39.617,-7.723],[-39.617,-7.72],[-39.612,-7.718],[-39.611,-7.712],[-39.614,-7.706],[-39.616,-7.704],[-39.613,-7.703],[-39.614,-7.697],[-39.61,-7.696],[-39.61,-7.69],[-39.606,-7.686],[-39.609,-7.68],[-39.605,-7.678],[-39.606,-7.673],[-39.609,-7.672],[-39.609,-7.668],[-39.613,-7.665],[-39.61,-7.662],[-39.611,-7.66],[-39.61,-7.654],[-39.615,-7.651],[-39.617,-7.644],[-39.615,-7.638],[-39.612,-7.639],[-39.609,-7.634],[-39.606,-7.633],[-39.602,-7.628],[-39.606,-7.621],[-39.602,-7.616],[-39.602,-7.611],[-39.599,-7.607],[-39.587,-7.601],[-39.585,-7.596],[-39.578,-7.597],[-39.578,-7.594],[-39.573,-7.589],[-39.573,-7.586],[-39.566,-7.577],[-39.563,-7.578],[-39.557,-7.571],[-39.554,-7.569],[-39.553,-7.565],[-39.555,-7.561],[-39.557,-7.549],[-39.561,-7.545],[-39.562,-7.54],[-39.559,-7.535],[-39.56,-7.532],[-39.555,-7.526],[-39.552,-7.525],[-39.55,-7.517],[-39.546,-7.51],[-39.546,-7.484],[-39.543,-7.485],[-39.536,-7.483],[-39.522,-7.473],[-39.512,-7.467],[-39.502,-7.464],[-39.492,-7.471],[-39.487,-7.473],[-39.476,-7.473],[-39.468,-7.47],[-39.461,-7.471],[-39.458,-7.474],[-39.457,-7.48],[-39.456,-7.502],[-39.457,-7.506],[-39.47,-7.521],[-39.477,-7.527],[-39.483,-7.53],[-39.485,-7.533],[-39.484,-7.541],[-39.477,-7.553],[-39.475,-7.563],[-39.473,-7.573],[-39.471,-7.576],[-39.466,-7.575],[-39.46,-7.576],[-39.448,-7.572],[-39.435,-7.574],[-39.423,-7.587],[-39.421,-7.603],[-39.419,-7.605],[-39.41,-7.605],[-39.392,-7.608]]]}},{"type":"Feature","properties":{"c":"2614402"},"geometry":{"type":"Polygon","coordinates":[[[-37.705,-7.617],[-37.708,-7.613],[-37.718,-7.616],[-37.721,-7.615],[-37.728,-7.616],[-37.734,-7.612],[-37.746,-7.609],[-37.741,-7.598],[-37.735,-7.597],[-37.731,-7.583],[-37.729,-7.58],[-37.721,-7.582],[-37.717,-7.58],[-37.707,-7.569],[-37.71,-7.56],[-37.708,-7.558],[-37.709,-7.554],[-37.707,-7.551],[-37.701,-7.55],[-37.692,-7.55],[-37.682,-7.548],[-37.678,-7.542],[-37.677,-7.536],[-37.665,-7.529],[-37.66,-7.523],[-37.656,-7.523],[-37.649,-7.531],[-37.641,-7.529],[-37.63,-7.533],[-37.627,-7.528],[-37.62,-7.526],[-37.584,-7.6],[-37.559,-7.639],[-37.565,-7.635],[-37.571,-7.633],[-37.579,-7.635],[-37.584,-7.633],[-37.583,-7.63],[-37.588,-7.63],[-37.594,-7.627],[-37.596,-7.63],[-37.599,-7.627],[-37.601,-7.629],[-37.607,-7.627],[-37.609,-7.629],[-37.612,-7.626],[-37.618,-7.628],[-37.62,-7.631],[-37.629,-7.634],[-37.634,-7.638],[-37.637,-7.638],[-37.64,-7.634],[-37.645,-7.634],[-37.651,-7.617],[-37.656,-7.614],[-37.658,-7.617],[-37.665,-7.618],[-37.673,-7.617],[-37.675,-7.61],[-37.677,-7.608],[-37.681,-7.614],[-37.685,-7.615],[-37.688,-7.618],[-37.693,-7.619],[-37.705,-7.617]]]}},{"type":"Feature","properties":{"c":"2614501"},"geometry":{"type":"Polygon","coordinates":[[[-35.805,-7.974],[-35.809,-7.97],[-35.81,-7.961],[-35.817,-7.957],[-35.817,-7.952],[-35.814,-7.948],[-35.814,-7.943],[-35.819,-7.938],[-35.818,-7.931],[-35.812,-7.929],[-35.809,-7.923],[-35.808,-7.916],[-35.814,-7.913],[-35.812,-7.907],[-35.812,-7.902],[-35.818,-7.896],[-35.818,-7.893],[-35.815,-7.891],[-35.817,-7.887],[-35.819,-7.874],[-35.822,-7.865],[-35.824,-7.861],[-35.822,-7.86],[-35.846,-7.809],[-35.844,-7.809],[-35.843,-7.813],[-35.839,-7.815],[-35.83,-7.814],[-35.829,-7.811],[-35.821,-7.809],[-35.819,-7.812],[-35.814,-7.811],[-35.808,-7.806],[-35.802,-7.803],[-35.797,-7.807],[-35.793,-7.806],[-35.79,-7.811],[-35.788,-7.81],[-35.778,-7.81],[-35.773,-7.813],[-35.767,-7.81],[-35.752,-7.809],[-35.751,-7.814],[-35.745,-7.815],[-35.743,-7.821],[-35.742,-7.826],[-35.739,-7.823],[-35.739,-7.817],[-35.734,-7.816],[-35.73,-7.823],[-35.726,-7.825],[-35.722,-7.832],[-35.718,-7.829],[-35.717,-7.826],[-35.712,-7.83],[-35.708,-7.831],[-35.702,-7.834],[-35.698,-7.843],[-35.7,-7.848],[-35.695,-7.847],[-35.688,-7.847],[-35.687,-7.859],[-35.687,-7.865],[-35.685,-7.87],[-35.69,-7.878],[-35.689,-7.89],[-35.695,-7.894],[-35.692,-7.897],[-35.694,-7.9],[-35.69,-7.902],[-35.687,-7.908],[-35.681,-7.91],[-35.675,-7.912],[-35.677,-7.919],[-35.67,-7.918],[-35.664,-7.925],[-35.656,-7.926],[-35.656,-7.928],[-35.651,-7.933],[-35.653,-7.939],[-35.655,-7.941],[-35.654,-7.944],[-35.668,-7.946],[-35.674,-7.951],[-35.689,-7.959],[-35.701,-7.957],[-35.714,-7.959],[-35.72,-7.962],[-35.735,-7.966],[-35.741,-7.966],[-35.758,-7.975],[-35.764,-7.979],[-35.767,-7.976],[-35.776,-7.97],[-35.787,-7.969],[-35.799,-7.973],[-35.805,-7.974]]]}},{"type":"Feature","properties":{"c":"2614600"},"geometry":{"type":"Polygon","coordinates":[[[-37.559,-7.639],[-37.584,-7.6],[-37.62,-7.526],[-37.616,-7.525],[-37.611,-7.519],[-37.61,-7.508],[-37.587,-7.499],[-37.58,-7.496],[-37.572,-7.489],[-37.557,-7.48],[-37.549,-7.479],[-37.543,-7.478],[-37.533,-7.473],[-37.528,-7.465],[-37.529,-7.456],[-37.527,-7.448],[-37.523,-7.444],[-37.522,-7.439],[-37.502,-7.453],[-37.496,-7.455],[-37.49,-7.458],[-37.489,-7.463],[-37.484,-7.468],[-37.478,-7.476],[-37.475,-7.477],[-37.474,-7.482],[-37.467,-7.488],[-37.46,-7.488],[-37.459,-7.491],[-37.463,-7.495],[-37.46,-7.5],[-37.461,-7.504],[-37.455,-7.505],[-37.45,-7.514],[-37.451,-7.521],[-37.448,-7.526],[-37.45,-7.535],[-37.445,-7.536],[-37.443,-7.539],[-37.438,-7.538],[-37.438,-7.543],[-37.435,-7.543],[-37.431,-7.546],[-37.432,-7.55],[-37.428,-7.558],[-37.429,-7.564],[-37.432,-7.57],[-37.431,-7.583],[-37.429,-7.588],[-37.437,-7.596],[-37.434,-7.599],[-37.433,-7.607],[-37.429,-7.611],[-37.426,-7.617],[-37.429,-7.622],[-37.425,-7.624],[-37.425,-7.63],[-37.421,-7.632],[-37.417,-7.636],[-37.415,-7.643],[-37.419,-7.649],[-37.424,-7.656],[-37.428,-7.657],[-37.432,-7.661],[-37.433,-7.665],[-37.437,-7.667],[-37.448,-7.669],[-37.454,-7.67],[-37.46,-7.669],[-37.461,-7.672],[-37.47,-7.673],[-37.476,-7.669],[-37.481,-7.671],[-37.484,-7.676],[-37.495,-7.681],[-37.495,-7.692],[-37.502,-7.694],[-37.5,-7.698],[-37.506,-7.702],[-37.509,-7.7],[-37.516,-7.703],[-37.518,-7.703],[-37.522,-7.71],[-37.528,-7.709],[-37.532,-7.709],[-37.538,-7.718],[-37.541,-7.717],[-37.544,-7.712],[-37.548,-7.712],[-37.551,-7.718],[-37.554,-7.719],[-37.557,-7.715],[-37.555,-7.707],[-37.552,-7.703],[-37.557,-7.695],[-37.558,-7.687],[-37.555,-7.686],[-37.553,-7.679],[-37.554,-7.672],[-37.557,-7.669],[-37.551,-7.666],[-37.55,-7.664],[-37.554,-7.661],[-37.55,-7.659],[-37.551,-7.651],[-37.56,-7.646],[-37.557,-7.643],[-37.559,-7.639]]]}},{"type":"Feature","properties":{"c":"2614709"},"geometry":{"type":"Polygon","coordinates":[[[-36.361,-8.389],[-36.335,-8.322],[-36.337,-8.319],[-36.337,-8.314],[-36.339,-8.305],[-36.333,-8.296],[-36.315,-8.291],[-36.316,-8.296],[-36.304,-8.286],[-36.288,-8.285],[-36.285,-8.283],[-36.28,-8.284],[-36.267,-8.284],[-36.264,-8.28],[-36.252,-8.276],[-36.242,-8.269],[-36.239,-8.263],[-36.231,-8.256],[-36.217,-8.245],[-36.215,-8.242],[-36.208,-8.239],[-36.206,-8.236],[-36.208,-8.229],[-36.207,-8.226],[-36.193,-8.236],[-36.185,-8.256],[-36.187,-8.259],[-36.199,-8.266],[-36.212,-8.272],[-36.212,-8.28],[-36.216,-8.282],[-36.227,-8.284],[-36.228,-8.285],[-36.228,-8.293],[-36.223,-8.31],[-36.224,-8.313],[-36.214,-8.313],[-36.217,-8.314],[-36.214,-8.319],[-36.219,-8.325],[-36.218,-8.332],[-36.214,-8.337],[-36.211,-8.338],[-36.213,-8.344],[-36.209,-8.352],[-36.213,-8.36],[-36.214,-8.366],[-36.216,-8.371],[-36.222,-8.373],[-36.226,-8.38],[-36.227,-8.388],[-36.231,-8.394],[-36.232,-8.402],[-36.226,-8.409],[-36.217,-8.416],[-36.216,-8.418],[-36.221,-8.421],[-36.222,-8.424],[-36.215,-8.431],[-36.218,-8.442],[-36.217,-8.448],[-36.213,-8.452],[-36.224,-8.454],[-36.336,-8.395],[-36.333,-8.382],[-36.361,-8.389]]]}},{"type":"Feature","properties":{"c":"2614808"},"geometry":{"type":"Polygon","coordinates":[[[-38.205,-9.104],[-38.213,-8.98],[-38.212,-8.976],[-38.21,-8.965],[-38.206,-8.956],[-38.206,-8.95],[-38.209,-8.939],[-38.211,-8.931],[-38.21,-8.921],[-38.211,-8.915],[-38.216,-8.904],[-38.216,-8.898],[-38.214,-8.887],[-38.218,-8.876],[-38.224,-8.866],[-38.232,-8.859],[-38.236,-8.855],[-38.065,-8.684],[-38.065,-8.689],[-38.062,-8.692],[-38.057,-8.691],[-38.049,-8.686],[-38.045,-8.68],[-38.042,-8.678],[-38.039,-8.673],[-38.041,-8.665],[-38.04,-8.659],[-38.035,-8.658],[-38.025,-8.652],[-38.019,-8.66],[-38.01,-8.668],[-38.006,-8.68],[-38.006,-8.814],[-38.005,-8.963],[-37.999,-8.975],[-37.996,-8.99],[-37.994,-8.997],[-37.988,-9.001],[-37.98,-9.015],[-37.978,-9.02],[-37.968,-9.007],[-37.964,-9.004],[-37.961,-9.0],[-37.957,-8.999],[-37.942,-8.999],[-37.937,-8.997],[-37.933,-8.998],[-37.922,-8.987],[-37.907,-8.976],[-37.904,-8.972],[-37.897,-8.965],[-37.892,-8.964],[-37.886,-8.958],[-37.885,-8.953],[-37.882,-8.951],[-37.875,-8.954],[-37.868,-8.959],[-37.865,-8.96],[-37.858,-8.954],[-37.852,-8.944],[-37.845,-8.939],[-37.826,-8.933],[-37.832,-8.953],[-37.834,-8.96],[-37.839,-8.978],[-37.846,-8.985],[-37.85,-8.992],[-37.853,-9.0],[-37.867,-9.012],[-37.874,-9.012],[-37.88,-9.015],[-37.875,-9.025],[-37.878,-9.035],[-37.881,-9.04],[-37.884,-9.04],[-37.888,-9.035],[-37.9,-9.038],[-37.905,-9.04],[-37.907,-9.043],[-37.907,-9.051],[-37.92,-9.064],[-37.93,-9.071],[-37.938,-9.08],[-37.943,-9.088],[-37.943,-9.092],[-37.951,-9.097],[-37.953,-9.103],[-37.955,-9.111],[-37.962,-9.12],[-37.971,-9.124],[-37.972,-9.131],[-37.976,-9.136],[-37.979,-9.148],[-37.985,-9.15],[-37.988,-9.154],[-37.994,-9.155],[-37.999,-9.152],[-38.011,-9.156],[-38.026,-9.156],[-38.029,-9.159],[-38.03,-9.165],[-38.045,-9.169],[-38.057,-9.168],[-38.061,-9.172],[-38.066,-9.174],[-38.075,-9.171],[-38.083,-9.171],[-38.092,-9.173],[-38.199,-9.152],[-38.205,-9.104]]]}},{"type":"Feature","properties":{"c":"2614857"},"geometry":{"type":"Polygon","coordinates":[[[-35.103,-8.785],[-35.105,-8.789],[-35.117,-8.797],[-35.12,-8.8],[-35.125,-8.801],[-35.129,-8.793],[-35.133,-8.788],[-35.137,-8.785],[-35.147,-8.782],[-35.152,-8.775],[-35.161,-8.778],[-35.163,-8.776],[-35.168,-8.777],[-35.17,-8.776],[-35.179,-8.775],[-35.181,-8.771],[-35.185,-8.77],[-35.186,-8.772],[-35.192,-8.774],[-35.201,-8.768],[-35.207,-8.762],[-35.213,-8.763],[-35.218,-8.756],[-35.224,-8.754],[-35.235,-8.757],[-35.247,-8.776],[-35.25,-8.775],[-35.25,-8.771],[-35.254,-8.773],[-35.261,-8.773],[-35.259,-8.778],[-35.254,-8.783],[-35.263,-8.784],[-35.265,-8.779],[-35.269,-8.782],[-35.284,-8.789],[-35.29,-8.787],[-35.294,-8.788],[-35.302,-8.792],[-35.313,-8.793],[-35.316,-8.792],[-35.324,-8.795],[-35.327,-8.797],[-35.333,-8.798],[-35.34,-8.798],[-35.354,-8.805],[-35.361,-8.806],[-35.34,-8.747],[-35.342,-8.725],[-35.264,-8.686],[-35.141,-8.735],[-35.137,-8.74],[-35.133,-8.741],[-35.124,-8.738],[-35.118,-8.738],[-35.114,-8.735],[-35.104,-8.733],[-35.104,-8.729],[-35.101,-8.73],[-35.097,-8.728],[-35.098,-8.72],[-35.096,-8.71],[-35.101,-8.709],[-35.105,-8.696],[-35.103,-8.686],[-35.095,-8.688],[-35.088,-8.691],[-35.09,-8.695],[-35.079,-8.704],[-35.079,-8.71],[-35.082,-8.712],[-35.088,-8.721],[-35.09,-8.729],[-35.087,-8.737],[-35.086,-8.747],[-35.092,-8.754],[-35.094,-8.758],[-35.1,-8.761],[-35.104,-8.765],[-35.106,-8.773],[-35.103,-8.785]]]}},{"type":"Feature","properties":{"c":"2615003"},"geometry":{"type":"Polygon","coordinates":[[[-36.071,-7.981],[-36.081,-7.992],[-36.098,-8.005],[-36.109,-8.004],[-36.112,-7.997],[-36.108,-7.988],[-36.109,-7.982],[-36.107,-7.979],[-36.111,-7.978],[-36.112,-7.97],[-36.114,-7.971],[-36.123,-7.969],[-36.126,-7.967],[-36.128,-7.97],[-36.132,-7.97],[-36.133,-7.967],[-36.136,-7.964],[-36.146,-7.963],[-36.149,-7.965],[-36.151,-7.968],[-36.15,-7.973],[-36.155,-7.974],[-36.159,-7.972],[-36.161,-7.966],[-36.165,-7.966],[-36.166,-7.962],[-36.172,-7.957],[-36.17,-7.94],[-36.195,-7.923],[-36.243,-7.892],[-36.266,-7.868],[-36.264,-7.832],[-36.253,-7.83],[-36.247,-7.826],[-36.24,-7.818],[-36.24,-7.811],[-36.242,-7.807],[-36.251,-7.805],[-36.254,-7.802],[-36.254,-7.796],[-36.252,-7.792],[-36.246,-7.785],[-36.234,-7.776],[-36.227,-7.77],[-36.217,-7.764],[-36.206,-7.77],[-36.205,-7.774],[-36.204,-7.783],[-36.201,-7.79],[-36.198,-7.79],[-36.184,-7.784],[-36.162,-7.784],[-36.143,-7.782],[-36.119,-7.786],[-36.104,-7.78],[-36.094,-7.778],[-36.081,-7.779],[-36.069,-7.781],[-36.064,-7.785],[-36.059,-7.792],[-36.056,-7.799],[-36.05,-7.801],[-36.045,-7.795],[-36.042,-7.794],[-36.034,-7.797],[-36.028,-7.803],[-36.026,-7.806],[-36.022,-7.81],[-36.015,-7.812],[-36.003,-7.813],[-36.002,-7.816],[-36.006,-7.818],[-36.011,-7.815],[-36.015,-7.814],[-36.018,-7.818],[-36.024,-7.82],[-36.025,-7.826],[-36.021,-7.827],[-36.022,-7.833],[-36.019,-7.835],[-36.021,-7.837],[-36.017,-7.838],[-36.016,-7.842],[-36.019,-7.845],[-36.015,-7.849],[-36.013,-7.854],[-36.01,-7.877],[-36.013,-7.896],[-36.018,-7.903],[-36.022,-7.904],[-36.027,-7.907],[-36.026,-7.91],[-36.031,-7.915],[-36.023,-7.922],[-36.037,-7.931],[-36.051,-7.953],[-36.051,-7.958],[-36.071,-7.981]]]}},{"type":"Feature","properties":{"c":"2615102"},"geometry":{"type":"Polygon","coordinates":[[[-36.533,-9.101],[-36.563,-9.119],[-36.608,-9.122],[-36.616,-9.116],[-36.622,-9.121],[-36.627,-9.115],[-36.633,-9.117],[-36.639,-9.122],[-36.644,-9.123],[-36.65,-9.126],[-36.655,-9.125],[-36.657,-9.128],[-36.663,-9.126],[-36.667,-9.123],[-36.677,-9.125],[-36.684,-9.12],[-36.695,-9.116],[-36.698,-9.115],[-36.703,-9.116],[-36.707,-9.114],[-36.705,-9.096],[-36.702,-9.091],[-36.692,-9.075],[-36.689,-9.069],[-36.691,-9.051],[-36.692,-9.041],[-36.688,-9.02],[-36.637,-9.021],[-36.601,-9.033],[-36.599,-9.036],[-36.593,-9.041],[-36.596,-9.045],[-36.597,-9.051],[-36.593,-9.05],[-36.589,-9.044],[-36.587,-9.044],[-36.586,-9.049],[-36.582,-9.051],[-36.582,-9.058],[-36.578,-9.059],[-36.579,-9.065],[-36.57,-9.065],[-36.57,-9.07],[-36.566,-9.071],[-36.562,-9.069],[-36.56,-9.071],[-36.567,-9.077],[-36.563,-9.078],[-36.559,-9.073],[-36.547,-9.079],[-36.544,-9.082],[-36.545,-9.085],[-36.543,-9.092],[-36.549,-9.095],[-36.545,-9.101],[-36.538,-9.101],[-36.535,-9.098],[-36.533,-9.101]]]}},{"type":"Feature","properties":{"c":"2615201"},"geometry":{"type":"Polygon","coordinates":[[[-39.464,-8.239],[-39.462,-8.236],[-39.465,-8.229],[-39.465,-8.223],[-39.471,-8.218],[-39.472,-8.221],[-39.476,-8.221],[-39.481,-8.224],[-39.482,-8.22],[-39.49,-8.219],[-39.496,-8.213],[-39.5,-8.219],[-39.507,-8.214],[-39.515,-8.212],[-39.522,-8.216],[-39.525,-8.217],[-39.534,-8.208],[-39.543,-8.205],[-39.544,-8.2],[-39.547,-8.198],[-39.548,-8.189],[-39.544,-8.184],[-39.538,-8.18],[-39.479,-8.155],[-39.473,-8.152],[-39.469,-8.143],[-39.464,-8.141],[-39.459,-8.142],[-39.457,-8.141],[-39.453,-8.145],[-39.447,-8.141],[-39.444,-8.146],[-39.439,-8.148],[-39.437,-8.151],[-39.429,-8.148],[-39.425,-8.15],[-39.426,-8.145],[-39.43,-8.143],[-39.425,-8.136],[-39.431,-8.127],[-39.43,-8.12],[-39.424,-8.119],[-39.419,-8.121],[-39.415,-8.119],[-39.415,-8.113],[-39.413,-8.111],[-39.407,-8.109],[-39.41,-8.102],[-39.406,-8.099],[-39.403,-8.098],[-39.402,-8.091],[-39.399,-8.088],[-39.398,-8.083],[-39.4,-8.081],[-39.397,-8.074],[-39.392,-8.076],[-39.389,-8.07],[-39.383,-8.067],[-39.379,-8.067],[-39.379,-8.064],[-39.37,-8.058],[-39.367,-8.052],[-39.364,-8.053],[-39.36,-8.05],[-39.35,-8.051],[-39.344,-8.054],[-39.337,-8.054],[-39.334,-8.053],[-39.324,-8.053],[-39.32,-8.048],[-39.315,-8.05],[-39.302,-8.049],[-39.298,-8.043],[-39.315,-8.092],[-39.303,-8.095],[-39.302,-8.098],[-39.295,-8.102],[-39.291,-8.111],[-39.292,-8.114],[-39.296,-8.117],[-39.299,-8.122],[-39.297,-8.125],[-39.298,-8.13],[-39.296,-8.133],[-39.299,-8.136],[-39.299,-8.145],[-39.297,-8.153],[-39.301,-8.161],[-39.301,-8.164],[-39.305,-8.166],[-39.306,-8.17],[-39.31,-8.174],[-39.311,-8.179],[-39.315,-8.18],[-39.317,-8.183],[-39.323,-8.182],[-39.33,-8.188],[-39.337,-8.185],[-39.338,-8.189],[-39.336,-8.194],[-39.343,-8.199],[-39.346,-8.197],[-39.349,-8.2],[-39.349,-8.203],[-39.354,-8.204],[-39.355,-8.198],[-39.358,-8.196],[-39.366,-8.201],[-39.367,-8.207],[-39.371,-8.213],[-39.377,-8.219],[-39.37,-8.224],[-39.373,-8.226],[-39.374,-8.232],[-39.38,-8.242],[-39.378,-8.245],[-39.375,-8.245],[-39.37,-8.248],[-39.371,-8.251],[-39.377,-8.254],[-39.379,-8.259],[-39.381,-8.259],[-39.385,-8.254],[-39.39,-8.255],[-39.395,-8.247],[-39.401,-8.249],[-39.408,-8.247],[-39.409,-8.242],[-39.42,-8.241],[-39.425,-8.246],[-39.429,-8.243],[-39.436,-8.245],[-39.439,-8.243],[-39.446,-8.246],[-39.454,-8.242],[-39.456,-8.243],[-39.462,-8.241],[-39.464,-8.239]]]}},{"type":"Feature","properties":{"c":"2615300"},"geometry":{"type":"Polygon","coordinates":[[[-35.208,-7.522],[-35.212,-7.526],[-35.217,-7.526],[-35.216,-7.528],[-35.22,-7.533],[-35.255,-7.544],[-35.272,-7.591],[-35.273,-7.591],[-35.286,-7.599],[-35.293,-7.599],[-35.3,-7.602],[-35.3,-7.604],[-35.307,-7.612],[-35.314,-7.61],[-35.318,-7.613],[-35.324,-7.61],[-35.335,-7.614],[-35.348,-7.611],[-35.356,-7.612],[-35.36,-7.616],[-35.364,-7.616],[-35.369,-7.612],[-35.373,-7.613],[-35.383,-7.612],[-35.387,-7.618],[-35.388,-7.617],[-35.396,-7.619],[-35.404,-7.617],[-35.408,-7.62],[-35.411,-7.62],[-35.415,-7.616],[-35.42,-7.614],[-35.429,-7.616],[-35.414,-7.577],[-35.42,-7.579],[-35.422,-7.582],[-35.426,-7.583],[-35.43,-7.579],[-35.423,-7.572],[-35.419,-7.565],[-35.413,-7.566],[-35.408,-7.562],[-35.409,-7.557],[-35.405,-7.555],[-35.411,-7.533],[-35.416,-7.495],[-35.434,-7.471],[-35.425,-7.474],[-35.415,-7.472],[-35.413,-7.471],[-35.41,-7.463],[-35.397,-7.456],[-35.392,-7.456],[-35.385,-7.45],[-35.376,-7.449],[-35.373,-7.444],[-35.368,-7.441],[-35.363,-7.443],[-35.353,-7.441],[-35.35,-7.439],[-35.349,-7.435],[-35.353,-7.424],[-35.351,-7.422],[-35.343,-7.422],[-35.334,-7.431],[-35.334,-7.436],[-35.338,-7.437],[-35.335,-7.441],[-35.332,-7.449],[-35.329,-7.455],[-35.32,-7.457],[-35.318,-7.467],[-35.315,-7.471],[-35.313,-7.478],[-35.313,-7.484],[-35.317,-7.484],[-35.319,-7.488],[-35.306,-7.5],[-35.259,-7.509],[-35.262,-7.491],[-35.232,-7.505],[-35.224,-7.52],[-35.222,-7.519],[-35.216,-7.524],[-35.213,-7.522],[-35.208,-7.522]]]}},{"type":"Feature","properties":{"c":"2615409"},"geometry":{"type":"Polygon","coordinates":[[[-36.098,-8.005],[-36.081,-7.992],[-36.071,-7.981],[-36.066,-7.98],[-36.056,-7.98],[-36.054,-7.983],[-36.049,-7.987],[-36.044,-7.988],[-36.042,-7.989],[-36.038,-7.988],[-36.037,-7.985],[-36.026,-7.984],[-36.024,-7.986],[-36.02,-7.984],[-36.012,-7.988],[-36.009,-7.994],[-36.011,-8.004],[-36.016,-8.005],[-36.035,-8.007],[-36.043,-8.006],[-36.061,-8.013],[-36.066,-8.015],[-36.073,-8.016],[-36.078,-8.018],[-36.082,-8.022],[-36.092,-8.015],[-36.098,-8.014],[-36.101,-8.012],[-36.096,-8.006],[-36.098,-8.005]]]}},{"type":"Feature","properties":{"c":"2615508"},"geometry":{"type":"Polygon","coordinates":[[[-35.1,-7.723],[-35.106,-7.727],[-35.111,-7.736],[-35.112,-7.741],[-35.11,-7.749],[-35.117,-7.757],[-35.12,-7.766],[-35.126,-7.77],[-35.136,-7.787],[-35.14,-7.792],[-35.145,-7.826],[-35.226,-7.824],[-35.252,-7.809],[-35.248,-7.796],[-35.242,-7.792],[-35.221,-7.78],[-35.212,-7.773],[-35.211,-7.772],[-35.2,-7.768],[-35.199,-7.762],[-35.193,-7.758],[-35.184,-7.76],[-35.18,-7.755],[-35.178,-7.756],[-35.176,-7.744],[-35.173,-7.744],[-35.174,-7.737],[-35.17,-7.735],[-35.168,-7.733],[-35.17,-7.727],[-35.165,-7.725],[-35.16,-7.726],[-35.156,-7.719],[-35.149,-7.714],[-35.151,-7.709],[-35.156,-7.709],[-35.161,-7.701],[-35.159,-7.699],[-35.157,-7.693],[-35.159,-7.689],[-35.149,-7.689],[-35.143,-7.685],[-35.14,-7.687],[-35.14,-7.683],[-35.135,-7.681],[-35.137,-7.657],[-35.132,-7.659],[-35.13,-7.662],[-35.127,-7.663],[-35.122,-7.669],[-35.122,-7.67],[-35.108,-7.679],[-35.092,-7.692],[-35.091,-7.697],[-35.095,-7.706],[-35.098,-7.709],[-35.098,-7.715],[-35.1,-7.723]]]}},{"type":"Feature","properties":{"c":"2615607"},"geometry":{"type":"Polygon","coordinates":[[[-40.238,-7.685],[-40.237,-7.819],[-40.345,-7.849],[-40.344,-7.842],[-40.346,-7.841],[-40.351,-7.833],[-40.353,-7.825],[-40.36,-7.712],[-40.36,-7.71],[-40.338,-7.672],[-40.324,-7.647],[-40.272,-7.562],[-40.238,-7.685]]]}},{"type":"Feature","properties":{"c":"2615706"},"geometry":{"type":"Polygon","coordinates":[[[-38.12,-7.909],[-38.133,-7.893],[-38.136,-7.887],[-38.141,-7.882],[-38.141,-7.876],[-38.143,-7.869],[-38.148,-7.866],[-38.15,-7.861],[-38.148,-7.845],[-38.12,-7.819],[-38.116,-7.823],[-38.106,-7.823],[-38.097,-7.827],[-38.083,-7.828],[-38.077,-7.831],[-38.069,-7.826],[-38.065,-7.82],[-38.069,-7.813],[-38.076,-7.805],[-38.076,-7.8],[-38.073,-7.794],[-38.076,-7.788],[-38.075,-7.782],[-38.071,-7.774],[-38.061,-7.767],[-38.052,-7.758],[-38.04,-7.748],[-38.03,-7.75],[-38.028,-7.753],[-38.023,-7.755],[-38.018,-7.758],[-38.012,-7.766],[-38.008,-7.767],[-38.005,-7.778],[-38.001,-7.779],[-38.021,-7.791],[-38.022,-7.799],[-38.021,-7.804],[-38.019,-7.804],[-38.018,-7.808],[-38.013,-7.816],[-38.009,-7.817],[-38.009,-7.834],[-38.007,-7.837],[-38.008,-7.847],[-38.01,-7.852],[-38.007,-7.859],[-38.005,-7.859],[-38.005,-7.864],[-38.002,-7.864],[-38.0,-7.869],[-38.002,-7.873],[-38.001,-7.876],[-38.005,-7.878],[-38.012,-7.881],[-38.013,-7.883],[-38.012,-7.89],[-38.015,-7.894],[-38.02,-7.897],[-38.024,-7.897],[-38.028,-7.9],[-38.025,-7.906],[-38.035,-7.912],[-38.045,-7.916],[-38.049,-7.92],[-38.052,-7.922],[-38.062,-7.923],[-38.066,-7.92],[-38.07,-7.92],[-38.073,-7.924],[-38.072,-7.927],[-38.074,-7.93],[-38.082,-7.937],[-38.085,-7.937],[-38.087,-7.933],[-38.086,-7.925],[-38.094,-7.922],[-38.12,-7.909]]]}},{"type":"Feature","properties":{"c":"2615805"},"geometry":{"type":"Polygon","coordinates":[[[-37.412,-8.815],[-37.391,-8.511],[-37.369,-8.418],[-37.363,-8.406],[-37.348,-8.403],[-37.34,-8.405],[-37.333,-8.403],[-37.321,-8.402],[-37.314,-8.4],[-37.309,-8.402],[-37.308,-8.398],[-37.3,-8.396],[-37.295,-8.395],[-37.293,-8.392],[-37.281,-8.388],[-37.276,-8.393],[-37.274,-8.392],[-37.262,-8.4],[-37.255,-8.391],[-37.249,-8.391],[-37.241,-8.398],[-37.235,-8.398],[-37.233,-8.403],[-37.223,-8.405],[-37.302,-8.642],[-37.29,-8.661],[-37.288,-8.684],[-37.298,-8.692],[-37.297,-8.7],[-37.295,-8.707],[-37.296,-8.716],[-37.288,-8.727],[-37.288,-8.73],[-37.285,-8.735],[-37.281,-8.736],[-37.28,-8.74],[-37.278,-8.742],[-37.278,-8.746],[-37.282,-8.751],[-37.271,-8.757],[-37.263,-8.756],[-37.256,-8.758],[-37.253,-8.757],[-37.252,-8.752],[-37.249,-8.75],[-37.241,-8.755],[-37.236,-8.751],[-37.236,-8.748],[-37.231,-8.747],[-37.228,-8.743],[-37.222,-8.746],[-37.212,-8.743],[-37.207,-8.745],[-37.2,-8.746],[-37.199,-8.749],[-37.194,-8.749],[-37.189,-8.753],[-37.184,-8.752],[-37.178,-8.756],[-37.179,-8.758],[-37.175,-8.766],[-37.169,-8.765],[-37.165,-8.767],[-37.161,-8.767],[-37.154,-8.768],[-37.156,-8.771],[-37.157,-8.779],[-37.151,-8.786],[-37.15,-8.791],[-37.143,-8.798],[-37.142,-8.8],[-37.135,-8.804],[-37.133,-8.807],[-37.128,-8.807],[-37.12,-8.812],[-37.117,-8.81],[-37.116,-8.821],[-37.113,-8.823],[-37.111,-8.827],[-37.108,-8.83],[-37.101,-8.832],[-37.097,-8.834],[-37.098,-8.839],[-37.092,-8.844],[-37.093,-8.847],[-37.087,-8.854],[-37.084,-8.855],[-37.078,-8.867],[-37.08,-8.87],[-37.082,-8.87],[-37.085,-8.874],[-37.084,-8.877],[-37.084,-8.881],[-37.087,-8.885],[-37.086,-8.891],[-37.088,-8.895],[-37.084,-8.901],[-37.085,-8.904],[-37.083,-8.909],[-37.081,-8.918],[-37.088,-8.929],[-37.085,-8.937],[-37.086,-8.939],[-37.089,-8.942],[-37.092,-8.949],[-37.093,-8.954],[-37.101,-8.96],[-37.107,-8.958],[-37.114,-8.96],[-37.118,-8.957],[-37.123,-8.957],[-37.135,-8.948],[-37.141,-8.946],[-37.144,-8.947],[-37.148,-8.945],[-37.152,-8.947],[-37.155,-8.946],[-37.158,-8.94],[-37.164,-8.939],[-37.169,-8.941],[-37.175,-8.934],[-37.18,-8.926],[-37.186,-8.924],[-37.188,-8.918],[-37.195,-8.913],[-37.199,-8.906],[-37.199,-8.9],[-37.206,-8.898],[-37.213,-8.888],[-37.22,-8.885],[-37.22,-8.878],[-37.225,-8.872],[-37.222,-8.867],[-37.227,-8.867],[-37.227,-8.861],[-37.224,-8.859],[-37.225,-8.854],[-37.229,-8.849],[-37.233,-8.847],[-37.236,-8.841],[-37.233,-8.837],[-37.237,-8.829],[-37.236,-8.827],[-37.242,-8.823],[-37.245,-8.823],[-37.25,-8.816],[-37.248,-8.814],[-37.255,-8.812],[-37.264,-8.817],[-37.267,-8.815],[-37.273,-8.821],[-37.277,-8.819],[-37.278,-8.817],[-37.283,-8.819],[-37.284,-8.823],[-37.29,-8.825],[-37.297,-8.823],[-37.303,-8.823],[-37.314,-8.828],[-37.318,-8.828],[-37.321,-8.836],[-37.326,-8.839],[-37.336,-8.835],[-37.336,-8.837],[-37.34,-8.837],[-37.343,-8.834],[-37.347,-8.833],[-37.35,-8.826],[-37.356,-8.826],[-37.358,-8.823],[-37.363,-8.82],[-37.365,-8.812],[-37.412,-8.815]]]}},{"type":"Feature","properties":{"c":"2615904"},"geometry":{"type":"Polygon","coordinates":[[[-37.324,-7.72],[-37.325,-7.715],[-37.331,-7.707],[-37.333,-7.701],[-37.34,-7.688],[-37.345,-7.688],[-37.35,-7.68],[-37.344,-7.667],[-37.343,-7.662],[-37.347,-7.651],[-37.355,-7.641],[-37.36,-7.64],[-37.372,-7.627],[-37.377,-7.627],[-37.37,-7.621],[-37.358,-7.62],[-37.355,-7.615],[-37.356,-7.612],[-37.348,-7.607],[-37.346,-7.603],[-37.33,-7.601],[-37.33,-7.599],[-37.322,-7.599],[-37.316,-7.601],[-37.313,-7.598],[-37.313,-7.595],[-37.305,-7.595],[-37.305,-7.603],[-37.217,-7.692],[-37.215,-7.697],[-37.208,-7.698],[-37.203,-7.7],[-37.192,-7.712],[-37.189,-7.713],[-37.183,-7.707],[-37.179,-7.707],[-37.164,-7.704],[-37.159,-7.71],[-37.154,-7.717],[-37.15,-7.717],[-37.151,-7.729],[-37.149,-7.734],[-37.14,-7.742],[-37.139,-7.746],[-37.144,-7.754],[-37.152,-7.762],[-37.154,-7.768],[-37.157,-7.773],[-37.157,-7.777],[-37.152,-7.78],[-37.158,-7.792],[-37.164,-7.796],[-37.171,-7.795],[-37.171,-7.8],[-37.176,-7.797],[-37.175,-7.794],[-37.177,-7.78],[-37.176,-7.773],[-37.175,-7.757],[-37.181,-7.748],[-37.187,-7.746],[-37.242,-7.742],[-37.241,-7.736],[-37.244,-7.729],[-37.249,-7.724],[-37.251,-7.719],[-37.264,-7.712],[-37.272,-7.714],[-37.277,-7.714],[-37.283,-7.71],[-37.285,-7.705],[-37.29,-7.706],[-37.293,-7.709],[-37.298,-7.711],[-37.299,-7.714],[-37.304,-7.713],[-37.313,-7.714],[-37.318,-7.716],[-37.324,-7.72]]]}},{"type":"Feature","properties":{"c":"2616001"},"geometry":{"type":"Polygon","coordinates":[[[-36.821,-8.418],[-36.826,-8.504],[-36.787,-8.545],[-36.789,-8.548],[-36.786,-8.556],[-36.779,-8.564],[-36.78,-8.57],[-36.783,-8.576],[-36.784,-8.581],[-36.783,-8.589],[-36.781,-8.589],[-36.78,-8.596],[-36.784,-8.603],[-36.775,-8.605],[-36.773,-8.602],[-36.768,-8.603],[-36.766,-8.599],[-36.757,-8.599],[-36.743,-8.603],[-36.735,-8.603],[-36.732,-8.605],[-36.726,-8.606],[-36.727,-8.617],[-36.726,-8.62],[-36.731,-8.624],[-36.729,-8.63],[-36.724,-8.633],[-36.721,-8.642],[-36.723,-8.646],[-36.726,-8.646],[-36.725,-8.65],[-36.69,-8.67],[-36.702,-8.724],[-36.773,-8.732],[-36.786,-8.71],[-36.786,-8.706],[-36.791,-8.703],[-36.797,-8.702],[-36.817,-8.69],[-36.841,-8.664],[-36.912,-8.612],[-36.911,-8.599],[-36.91,-8.596],[-36.905,-8.592],[-36.905,-8.587],[-36.901,-8.582],[-36.9,-8.576],[-36.903,-8.574],[-36.906,-8.568],[-36.899,-8.562],[-36.896,-8.555],[-36.892,-8.556],[-36.888,-8.555],[-36.887,-8.55],[-36.881,-8.542],[-36.877,-8.543],[-36.875,-8.541],[-36.869,-8.531],[-36.863,-8.517],[-36.863,-8.513],[-36.859,-8.512],[-36.857,-8.504],[-36.859,-8.5],[-36.854,-8.49],[-36.849,-8.482],[-36.85,-8.476],[-36.848,-8.468],[-36.848,-8.466],[-36.842,-8.46],[-36.842,-8.455],[-36.839,-8.448],[-36.833,-8.444],[-36.83,-8.438],[-36.825,-8.433],[-36.822,-8.422],[-36.821,-8.418]]]}},{"type":"Feature","properties":{"c":"2616100"},"geometry":{"type":"Polygon","coordinates":[[[-39.018,-7.813],[-39.012,-7.814],[-39.008,-7.824],[-39.005,-7.835],[-39.001,-7.84],[-38.995,-7.84],[-38.99,-7.844],[-38.982,-7.846],[-38.977,-7.846],[-38.975,-7.843],[-38.97,-7.846],[-38.962,-7.844],[-38.964,-7.853],[-38.964,-7.857],[-38.955,-7.866],[-38.954,-7.882],[-38.952,-7.888],[-38.949,-7.892],[-38.938,-7.899],[-38.935,-7.903],[-38.933,-7.912],[-38.93,-7.916],[-38.911,-7.928],[-38.91,-7.931],[-38.908,-7.94],[-38.909,-7.951],[-38.908,-7.956],[-38.897,-7.961],[-38.891,-7.964],[-38.89,-7.966],[-38.891,-7.974],[-38.884,-7.979],[-38.881,-7.985],[-38.881,-7.992],[-38.875,-7.997],[-38.876,-8.004],[-38.878,-8.01],[-38.878,-8.037],[-38.877,-8.04],[-38.872,-8.042],[-38.87,-8.045],[-38.879,-8.049],[-38.882,-8.052],[-38.911,-8.087],[-38.924,-8.094],[-38.93,-8.09],[-38.938,-8.091],[-38.945,-8.086],[-38.956,-8.09],[-38.959,-8.086],[-38.965,-8.091],[-38.968,-8.09],[-38.97,-8.085],[-38.975,-8.086],[-38.978,-8.083],[-38.977,-8.08],[-38.973,-8.081],[-38.971,-8.077],[-38.974,-8.076],[-38.977,-8.071],[-38.981,-8.071],[-38.983,-8.067],[-38.99,-8.064],[-38.994,-8.065],[-38.996,-8.062],[-39.005,-8.065],[-39.005,-8.067],[-39.012,-8.076],[-39.016,-8.075],[-39.02,-8.069],[-39.026,-8.069],[-39.027,-8.066],[-39.027,-8.058],[-39.038,-8.057],[-39.042,-8.061],[-39.05,-8.06],[-39.065,-8.061],[-39.066,-8.07],[-39.064,-8.073],[-39.065,-8.076],[-39.074,-8.081],[-39.103,-8.029],[-39.103,-8.024],[-39.1,-8.023],[-39.096,-8.018],[-39.092,-8.012],[-39.092,-8.004],[-39.097,-8.001],[-39.094,-7.994],[-39.089,-7.991],[-39.086,-7.987],[-39.087,-7.978],[-39.084,-7.973],[-39.08,-7.971],[-39.079,-7.968],[-39.075,-7.965],[-39.073,-7.954],[-39.074,-7.953],[-39.074,-7.941],[-39.07,-7.931],[-39.073,-7.927],[-39.076,-7.928],[-39.081,-7.925],[-39.081,-7.92],[-39.078,-7.916],[-39.081,-7.911],[-39.078,-7.908],[-39.077,-7.904],[-39.066,-7.902],[-39.061,-7.899],[-39.061,-7.893],[-39.059,-7.885],[-39.054,-7.877],[-39.056,-7.873],[-39.054,-7.87],[-39.049,-7.866],[-39.042,-7.867],[-39.038,-7.861],[-39.034,-7.858],[-39.036,-7.851],[-39.033,-7.845],[-39.026,-7.84],[-39.022,-7.833],[-39.016,-7.827],[-39.015,-7.825],[-39.018,-7.818],[-39.018,-7.813]]]}},{"type":"Feature","properties":{"c":"2616183"},"geometry":{"type":"Polygon","coordinates":[[[-35.79,-7.74],[-35.767,-7.772],[-35.767,-7.784],[-35.762,-7.793],[-35.76,-7.799],[-35.761,-7.803],[-35.752,-7.806],[-35.752,-7.809],[-35.767,-7.81],[-35.773,-7.813],[-35.778,-7.81],[-35.788,-7.81],[-35.79,-7.811],[-35.793,-7.806],[-35.797,-7.807],[-35.802,-7.803],[-35.808,-7.806],[-35.814,-7.811],[-35.819,-7.812],[-35.821,-7.809],[-35.829,-7.811],[-35.83,-7.814],[-35.839,-7.815],[-35.843,-7.813],[-35.844,-7.809],[-35.846,-7.809],[-35.853,-7.785],[-35.866,-7.775],[-35.871,-7.77],[-35.877,-7.769],[-35.881,-7.766],[-35.883,-7.762],[-35.882,-7.754],[-35.872,-7.75],[-35.862,-7.751],[-35.851,-7.748],[-35.842,-7.747],[-35.836,-7.748],[-35.832,-7.751],[-35.828,-7.752],[-35.825,-7.75],[-35.811,-7.745],[-35.804,-7.746],[-35.8,-7.742],[-35.795,-7.74],[-35.79,-7.74]]]}},{"type":"Feature","properties":{"c":"2616209"},"geometry":{"type":"Polygon","coordinates":[[[-35.958,-7.99],[-35.966,-7.988],[-35.977,-7.984],[-35.993,-7.982],[-36.0,-7.978],[-36.005,-7.976],[-36.011,-7.98],[-36.012,-7.988],[-36.02,-7.984],[-36.024,-7.986],[-36.026,-7.984],[-36.037,-7.985],[-36.038,-7.988],[-36.042,-7.989],[-36.044,-7.988],[-36.049,-7.987],[-36.054,-7.983],[-36.056,-7.98],[-36.066,-7.98],[-36.071,-7.981],[-36.051,-7.958],[-36.051,-7.953],[-36.037,-7.931],[-36.023,-7.922],[-36.031,-7.915],[-36.026,-7.91],[-36.027,-7.907],[-36.022,-7.904],[-36.018,-7.903],[-36.013,-7.896],[-36.01,-7.877],[-36.013,-7.854],[-36.015,-7.849],[-36.019,-7.845],[-36.016,-7.842],[-36.017,-7.838],[-36.021,-7.837],[-36.019,-7.835],[-36.022,-7.833],[-36.021,-7.827],[-36.025,-7.826],[-36.024,-7.82],[-36.018,-7.818],[-36.015,-7.814],[-36.011,-7.815],[-36.006,-7.818],[-36.002,-7.816],[-36.003,-7.813],[-35.997,-7.813],[-35.996,-7.804],[-35.991,-7.8],[-35.981,-7.803],[-35.978,-7.8],[-35.974,-7.792],[-35.97,-7.789],[-35.959,-7.787],[-35.955,-7.789],[-35.943,-7.79],[-35.915,-7.846],[-35.92,-7.862],[-35.922,-7.864],[-35.922,-7.867],[-35.914,-7.873],[-35.911,-7.879],[-35.91,-7.89],[-35.911,-7.895],[-35.957,-7.898],[-35.96,-7.904],[-35.967,-7.908],[-35.967,-7.917],[-35.965,-7.927],[-35.966,-7.93],[-35.971,-7.934],[-35.963,-7.939],[-35.958,-7.938],[-35.956,-7.945],[-35.963,-7.947],[-35.961,-7.952],[-35.965,-7.955],[-35.964,-7.96],[-35.967,-7.965],[-35.963,-7.965],[-35.968,-7.974],[-35.959,-7.978],[-35.958,-7.99]]]}},{"type":"Feature","properties":{"c":"2616308"},"geometry":{"type":"Polygon","coordinates":[[[-35.273,-7.591],[-35.257,-7.644],[-35.254,-7.647],[-35.255,-7.65],[-35.258,-7.652],[-35.256,-7.656],[-35.26,-7.655],[-35.261,-7.658],[-35.257,-7.661],[-35.258,-7.673],[-35.26,-7.676],[-35.296,-7.711],[-35.322,-7.703],[-35.34,-7.708],[-35.356,-7.71],[-35.363,-7.704],[-35.37,-7.696],[-35.385,-7.724],[-35.411,-7.734],[-35.413,-7.74],[-35.419,-7.721],[-35.428,-7.713],[-35.446,-7.693],[-35.445,-7.65],[-35.449,-7.645],[-35.449,-7.64],[-35.458,-7.638],[-35.461,-7.631],[-35.463,-7.617],[-35.459,-7.611],[-35.45,-7.603],[-35.448,-7.607],[-35.44,-7.61],[-35.429,-7.616],[-35.42,-7.614],[-35.415,-7.616],[-35.411,-7.62],[-35.408,-7.62],[-35.404,-7.617],[-35.396,-7.619],[-35.388,-7.617],[-35.387,-7.618],[-35.383,-7.612],[-35.373,-7.613],[-35.369,-7.612],[-35.364,-7.616],[-35.36,-7.616],[-35.356,-7.612],[-35.348,-7.611],[-35.335,-7.614],[-35.324,-7.61],[-35.318,-7.613],[-35.314,-7.61],[-35.307,-7.612],[-35.3,-7.604],[-35.3,-7.602],[-35.293,-7.599],[-35.286,-7.599],[-35.273,-7.591]]]}},{"type":"Feature","properties":{"c":"2616407"},"geometry":{"type":"Polygon","coordinates":[[[-35.258,-8.057],[-35.256,-8.059],[-35.251,-8.056],[-35.25,-8.054],[-35.237,-8.042],[-35.235,-8.04],[-35.23,-8.038],[-35.229,-8.032],[-35.225,-8.03],[-35.225,-8.023],[-35.222,-8.019],[-35.204,-8.038],[-35.198,-8.058],[-35.198,-8.081],[-35.209,-8.12],[-35.218,-8.124],[-35.227,-8.133],[-35.225,-8.139],[-35.218,-8.149],[-35.22,-8.152],[-35.227,-8.155],[-35.225,-8.163],[-35.223,-8.165],[-35.222,-8.18],[-35.219,-8.183],[-35.22,-8.186],[-35.215,-8.187],[-35.219,-8.188],[-35.228,-8.198],[-35.225,-8.202],[-35.227,-8.207],[-35.234,-8.209],[-35.237,-8.213],[-35.242,-8.211],[-35.241,-8.205],[-35.242,-8.195],[-35.245,-8.193],[-35.247,-8.187],[-35.25,-8.188],[-35.25,-8.194],[-35.25,-8.198],[-35.255,-8.203],[-35.254,-8.206],[-35.257,-8.209],[-35.255,-8.212],[-35.259,-8.218],[-35.258,-8.224],[-35.26,-8.228],[-35.263,-8.24],[-35.265,-8.243],[-35.265,-8.244],[-35.276,-8.285],[-35.269,-8.296],[-35.3,-8.308],[-35.323,-8.3],[-35.347,-8.294],[-35.358,-8.301],[-35.36,-8.298],[-35.366,-8.299],[-35.339,-8.278],[-35.318,-8.18],[-35.343,-8.118],[-35.43,-8.081],[-35.428,-8.081],[-35.425,-8.08],[-35.421,-8.082],[-35.416,-8.078],[-35.412,-8.079],[-35.412,-8.075],[-35.409,-8.076],[-35.404,-8.074],[-35.402,-8.077],[-35.397,-8.076],[-35.397,-8.075],[-35.392,-8.073],[-35.387,-8.075],[-35.382,-8.072],[-35.365,-8.064],[-35.364,-8.062],[-35.345,-8.052],[-35.341,-8.053],[-35.33,-8.061],[-35.326,-8.061],[-35.322,-8.064],[-35.309,-8.061],[-35.306,-8.066],[-35.298,-8.071],[-35.293,-8.071],[-35.285,-8.066],[-35.281,-8.067],[-35.281,-8.061],[-35.271,-8.054],[-35.263,-8.059],[-35.258,-8.057]]]}},{"type":"Feature","properties":{"c":"2616506"},"geometry":{"type":"Polygon","coordinates":[[[-35.583,-8.846],[-35.588,-8.849],[-35.594,-8.855],[-35.595,-8.86],[-35.606,-8.865],[-35.609,-8.864],[-35.614,-8.864],[-35.62,-8.869],[-35.623,-8.876],[-35.632,-8.881],[-35.644,-8.883],[-35.652,-8.882],[-35.656,-8.88],[-35.661,-8.883],[-35.663,-8.89],[-35.671,-8.897],[-35.677,-8.898],[-35.681,-8.897],[-35.692,-8.901],[-35.7,-8.907],[-35.708,-8.907],[-35.714,-8.905],[-35.723,-8.909],[-35.673,-8.866],[-35.721,-8.801],[-35.606,-8.776],[-35.616,-8.789],[-35.617,-8.795],[-35.616,-8.798],[-35.616,-8.803],[-35.622,-8.81],[-35.613,-8.814],[-35.607,-8.822],[-35.606,-8.823],[-35.606,-8.828],[-35.602,-8.834],[-35.597,-8.836],[-35.592,-8.834],[-35.592,-8.839],[-35.585,-8.84],[-35.587,-8.843],[-35.583,-8.846]]]}},{"type":"Feature","properties":{"u":"PE","uf":1},"geometry":{"type":"MultiPolygon","coordinates":[[[[-37.719,-8.908],[-37.722,-8.897],[-37.725,-8.896],[-37.728,-8.891],[-37.731,-8.891],[-37.729,-8.886],[-37.732,-8.879],[-37.738,-8.88],[-37.741,-8.876],[-37.743,-8.868],[-37.746,-8.859],[-37.75,-8.858],[-37.755,-8.846],[-37.761,-8.848],[-37.766,-8.854],[-37.774,-8.853],[-37.78,-8.86],[-37.785,-8.859],[-37.787,-8.862],[-37.786,-8.866],[-37.792,-8.869],[-37.793,-8.874],[-37.798,-8.876],[-37.81,-8.877],[-37.817,-8.883],[-37.822,-8.884],[-37.826,-8.889],[-37.823,-8.897],[-37.82,-8.9],[-37.82,-8.909],[-37.829,-8.919],[-37.829,-8.922],[-37.834,-8.926],[-37.826,-8.933],[-37.832,-8.953],[-37.834,-8.96],[-37.839,-8.978],[-37.846,-8.985],[-37.85,-8.992],[-37.853,-9.0],[-37.867,-9.012],[-37.874,-9.012],[-37.88,-9.015],[-37.875,-9.025],[-37.878,-9.035],[-37.881,-9.04],[-37.884,-9.04],[-37.888,-9.035],[-37.9,-9.038],[-37.905,-9.04],[-37.907,-9.043],[-37.907,-9.051],[-37.92,-9.064],[-37.93,-9.071],[-37.938,-9.08],[-37.943,-9.088],[-37.943,-9.092],[-37.951,-9.097],[-37.953,-9.103],[-37.955,-9.111],[-37.962,-9.12],[-37.971,-9.124],[-37.972,-9.131],[-37.976,-9.136],[-37.979,-9.148],[-37.985,-9.15],[-37.988,-9.154],[-37.994,-9.155],[-37.999,-9.152],[-38.011,-9.156],[-38.026,-9.156],[-38.029,-9.159],[-38.03,-9.165],[-38.045,-9.169],[-38.057,-9.168],[-38.061,-9.172],[-38.066,-9.174],[-38.075,-9.171],[-38.083,-9.171],[-38.092,-9.173],[-38.099,-9.179],[-38.103,-9.18],[-38.105,-9.185],[-38.114,-9.194],[-38.115,-9.198],[-38.128,-9.209],[-38.135,-9.214],[-38.144,-9.218],[-38.149,-9.231],[-38.152,-9.235],[-38.156,-9.242],[-38.156,-9.255],[-38.157,-9.263],[-38.161,-9.268],[-38.166,-9.271],[-38.174,-9.285],[-38.18,-9.291],[-38.192,-9.296],[-38.203,-9.297],[-38.221,-9.312],[-38.238,-9.33],[-38.241,-9.323],[-38.249,-9.299],[-38.251,-9.29],[-38.288,-9.217],[-38.287,-9.214],[-38.28,-9.207],[-38.28,-9.201],[-38.286,-9.179],[-38.289,-9.172],[-38.299,-9.164],[-38.306,-9.153],[-38.313,-9.148],[-38.319,-9.141],[-38.321,-9.128],[-38.321,-9.117],[-38.315,-9.107],[-38.306,-9.102],[-38.305,-9.097],[-38.308,-9.095],[-38.315,-9.094],[-38.32,-9.091],[-38.323,-9.088],[-38.326,-9.081],[-38.325,-9.074],[-38.321,-9.07],[-38.312,-9.066],[-38.304,-9.062],[-38.297,-9.056],[-38.29,-9.047],[-38.289,-9.04],[-38.29,-9.036],[-38.296,-9.023],[-38.303,-9.014],[-38.317,-9.001],[-38.317,-8.995],[-38.321,-8.991],[-38.324,-8.99],[-38.34,-8.99],[-38.348,-8.993],[-38.362,-9.001],[-38.376,-9.016],[-38.386,-9.025],[-38.397,-9.033],[-38.404,-9.037],[-38.408,-9.039],[-38.418,-9.038],[-38.43,-9.034],[-38.441,-9.03],[-38.449,-9.026],[-38.468,-9.013],[-38.484,-9.001],[-38.488,-8.994],[-38.498,-8.985],[-38.504,-8.981],[-38.508,-8.974],[-38.511,-8.964],[-38.516,-8.958],[-38.52,-8.948],[-38.519,-8.939],[-38.517,-8.933],[-38.511,-8.925],[-38.502,-8.917],[-38.492,-8.913],[-38.484,-8.907],[-38.479,-8.902],[-38.477,-8.895],[-38.473,-8.89],[-38.47,-8.875],[-38.47,-8.866],[-38.471,-8.862],[-38.475,-8.855],[-38.481,-8.849],[-38.502,-8.835],[-38.512,-8.831],[-38.531,-8.826],[-38.541,-8.823],[-38.552,-8.823],[-38.563,-8.826],[-38.57,-8.83],[-38.577,-8.837],[-38.58,-8.843],[-38.59,-8.857],[-38.604,-8.881],[-38.608,-8.893],[-38.608,-8.904],[-38.607,-8.918],[-38.609,-8.935],[-38.608,-8.95],[-38.61,-8.957],[-38.615,-8.964],[-38.624,-8.98],[-38.631,-8.985],[-38.635,-8.987],[-38.645,-8.987],[-38.658,-8.982],[-38.669,-8.976],[-38.674,-8.972],[-38.677,-8.966],[-38.681,-8.961],[-38.689,-8.947],[-38.693,-8.936],[-38.694,-8.925],[-38.694,-8.919],[-38.693,-8.913],[-38.694,-8.903],[-38.698,-8.882],[-38.702,-8.874],[-38.707,-8.862],[-38.717,-8.853],[-38.73,-8.847],[-38.74,-8.845],[-38.745,-8.839],[-38.751,-8.836],[-38.763,-8.826],[-38.766,-8.822],[-38.771,-8.817],[-38.775,-8.812],[-38.784,-8.805],[-38.789,-8.8],[-38.797,-8.793],[-38.807,-8.788],[-38.816,-8.786],[-38.83,-8.786],[-38.837,-8.785],[-38.855,-8.785],[-38.868,-8.784],[-38.876,-8.786],[-38.885,-8.79],[-38.899,-8.791],[-38.91,-8.794],[-38.916,-8.793],[-38.928,-8.796],[-38.937,-8.802],[-38.944,-8.804],[-38.952,-8.805],[-38.956,-8.802],[-38.963,-8.796],[-38.967,-8.794],[-38.975,-8.794],[-38.977,-8.793],[-38.986,-8.78],[-38.989,-8.772],[-38.992,-8.768],[-38.999,-8.761],[-39.011,-8.756],[-39.024,-8.747],[-39.026,-8.743],[-39.034,-8.736],[-39.043,-8.733],[-39.056,-8.733],[-39.07,-8.73],[-39.102,-8.72],[-39.113,-8.718],[-39.122,-8.716],[-39.129,-8.715],[-39.135,-8.714],[-39.144,-8.713],[-39.157,-8.707],[-39.162,-8.702],[-39.167,-8.693],[-39.17,-8.693],[-39.174,-8.701],[-39.181,-8.706],[-39.192,-8.707],[-39.195,-8.71],[-39.201,-8.711],[-39.218,-8.708],[-39.221,-8.711],[-39.229,-8.71],[-39.234,-8.705],[-39.241,-8.691],[-39.245,-8.684],[-39.246,-8.676],[-39.248,-8.669],[-39.245,-8.662],[-39.247,-8.654],[-39.247,-8.648],[-39.242,-8.642],[-39.242,-8.636],[-39.248,-8.625],[-39.253,-8.62],[-39.263,-8.615],[-39.268,-8.609],[-39.269,-8.604],[-39.273,-8.596],[-39.272,-8.59],[-39.273,-8.584],[-39.275,-8.577],[-39.281,-8.571],[-39.286,-8.564],[-39.293,-8.561],[-39.302,-8.561],[-39.312,-8.558],[-39.32,-8.56],[-39.332,-8.558],[-39.342,-8.56],[-39.345,-8.559],[-39.353,-8.55],[-39.357,-8.547],[-39.357,-8.545],[-39.364,-8.538],[-39.374,-8.534],[-39.38,-8.533],[-39.386,-8.533],[-39.4,-8.539],[-39.408,-8.538],[-39.416,-8.542],[-39.419,-8.546],[-39.425,-8.551],[-39.428,-8.559],[-39.435,-8.563],[-39.444,-8.562],[-39.452,-8.563],[-39.458,-8.569],[-39.46,-8.579],[-39.461,-8.582],[-39.47,-8.589],[-39.476,-8.593],[-39.482,-8.594],[-39.486,-8.596],[-39.503,-8.601],[-39.515,-8.603],[-39.519,-8.604],[-39.521,-8.608],[-39.526,-8.613],[-39.532,-8.614],[-39.545,-8.621],[-39.551,-8.621],[-39.557,-8.623],[-39.558,-8.629],[-39.565,-8.63],[-39.569,-8.637],[-39.581,-8.64],[-39.595,-8.651],[-39.6,-8.652],[-39.607,-8.656],[-39.614,-8.658],[-39.623,-8.655],[-39.629,-8.656],[-39.634,-8.658],[-39.646,-8.66],[-39.652,-8.66],[-39.661,-8.657],[-39.672,-8.659],[-39.689,-8.661],[-39.692,-8.664],[-39.693,-8.681],[-39.688,-8.693],[-39.682,-8.711],[-39.68,-8.723],[-39.678,-8.733],[-39.675,-8.737],[-39.674,-8.745],[-39.678,-8.757],[-39.675,-8.773],[-39.672,-8.778],[-39.673,-8.785],[-39.676,-8.788],[-39.68,-8.789],[-39.691,-8.796],[-39.695,-8.8],[-39.704,-8.8],[-39.71,-8.798],[-39.717,-8.798],[-39.722,-8.799],[-39.739,-8.795],[-39.748,-8.794],[-39.75,-8.797],[-39.762,-8.801],[-39.764,-8.805],[-39.775,-8.809],[-39.789,-8.819],[-39.793,-8.82],[-39.804,-8.819],[-39.815,-8.815],[-39.82,-8.813],[-39.83,-8.814],[-39.845,-8.818],[-39.863,-8.82],[-39.887,-8.825],[-39.893,-8.829],[-39.896,-8.833],[-39.901,-8.842],[-39.903,-8.851],[-39.903,-8.859],[-39.901,-8.864],[-39.884,-8.896],[-39.879,-8.902],[-39.878,-8.91],[-39.877,-8.922],[-39.873,-8.93],[-39.874,-8.937],[-39.883,-8.952],[-39.889,-8.966],[-39.899,-8.972],[-39.907,-8.982],[-39.917,-9.001],[-39.92,-9.002],[-39.927,-9.009],[-39.929,-9.013],[-39.934,-9.017],[-39.94,-9.026],[-39.953,-9.04],[-39.955,-9.046],[-39.958,-9.049],[-39.968,-9.053],[-39.981,-9.055],[-39.99,-9.059],[-39.998,-9.061],[-40.005,-9.06],[-40.024,-9.06],[-40.036,-9.062],[-40.042,-9.06],[-40.066,-9.063],[-40.07,-9.067],[-40.072,-9.073],[-40.077,-9.078],[-40.092,-9.086],[-40.102,-9.094],[-40.107,-9.097],[-40.111,-9.098],[-40.12,-9.102],[-40.124,-9.107],[-40.13,-9.11],[-40.144,-9.107],[-40.16,-9.108],[-40.163,-9.107],[-40.168,-9.103],[-40.171,-9.093],[-40.174,-9.091],[-40.184,-9.085],[-40.197,-9.072],[-40.209,-9.064],[-40.213,-9.061],[-40.224,-9.057],[-40.232,-9.055],[-40.239,-9.054],[-40.248,-9.058],[-40.256,-9.063],[-40.264,-9.071],[-40.273,-9.082],[-40.279,-9.095],[-40.283,-9.108],[-40.287,-9.117],[-40.289,-9.13],[-40.293,-9.147],[-40.294,-9.152],[-40.293,-9.158],[-40.287,-9.171],[-40.286,-9.182],[-40.286,-9.186],[-40.29,-9.196],[-40.296,-9.214],[-40.298,-9.224],[-40.301,-9.231],[-40.302,-9.243],[-40.302,-9.252],[-40.305,-9.258],[-40.305,-9.263],[-40.31,-9.276],[-40.314,-9.282],[-40.319,-9.287],[-40.326,-9.306],[-40.333,-9.318],[-40.336,-9.327],[-40.337,-9.335],[-40.337,-9.342],[-40.334,-9.351],[-40.339,-9.36],[-40.349,-9.369],[-40.356,-9.377],[-40.364,-9.379],[-40.371,-9.379],[-40.391,-9.372],[-40.405,-9.363],[-40.41,-9.356],[-40.418,-9.352],[-40.431,-9.357],[-40.436,-9.362],[-40.439,-9.368],[-40.448,-9.387],[-40.453,-9.397],[-40.454,-9.404],[-40.456,-9.406],[-40.464,-9.413],[-40.468,-9.421],[-40.474,-9.421],[-40.478,-9.419],[-40.484,-9.414],[-40.497,-9.409],[-40.501,-9.409],[-40.511,-9.407],[-40.52,-9.412],[-40.532,-9.415],[-40.538,-9.421],[-40.542,-9.426],[-40.544,-9.433],[-40.545,-9.442],[-40.548,-9.449],[-40.556,-9.458],[-40.565,-9.464],[-40.573,-9.467],[-40.582,-9.468],[-40.587,-9.466],[-40.594,-9.467],[-40.6,-9.47],[-40.609,-9.477],[-40.617,-9.481],[-40.623,-9.483],[-40.636,-9.481],[-40.643,-9.478],[-40.652,-9.474],[-40.663,-9.472],[-40.681,-9.467],[-40.701,-9.458],[-40.715,-9.449],[-40.722,-9.446],[-40.745,-9.443],[-40.75,-9.444],[-40.758,-9.449],[-40.767,-9.453],[-40.777,-9.454],[-40.767,-9.446],[-40.761,-9.432],[-40.76,-9.426],[-40.765,-9.416],[-40.765,-9.413],[-40.761,-9.411],[-40.757,-9.41],[-40.743,-9.403],[-40.744,-9.396],[-40.743,-9.383],[-40.746,-9.371],[-40.745,-9.365],[-40.74,-9.358],[-40.738,-9.353],[-40.741,-9.347],[-40.737,-9.337],[-40.742,-9.327],[-40.752,-9.318],[-40.756,-9.315],[-40.752,-9.308],[-40.744,-9.306],[-40.743,-9.301],[-40.739,-9.297],[-40.723,-9.306],[-40.72,-9.306],[-40.708,-9.296],[-40.707,-9.293],[-40.709,-9.287],[-40.701,-9.282],[-40.692,-9.281],[-40.687,-9.278],[-40.685,-9.271],[-40.681,-9.263],[-40.68,-9.258],[-40.689,-9.257],[-40.69,-9.251],[-40.686,-9.244],[-40.689,-9.241],[-40.691,-9.234],[-40.695,-9.233],[-40.681,-9.212],[-40.682,-9.208],[-40.681,-9.2],[-40.677,-9.193],[-40.673,-9.193],[-40.67,-9.186],[-40.672,-9.179],[-40.671,-9.175],[-40.672,-9.172],[-40.667,-9.159],[-40.672,-9.157],[-40.678,-9.151],[-40.685,-9.138],[-40.687,-9.137],[-40.7,-9.142],[-40.71,-9.141],[-40.722,-9.134],[-40.729,-9.129],[-40.733,-9.124],[-40.743,-9.122],[-40.75,-9.118],[-40.755,-9.12],[-40.758,-9.119],[-40.756,-9.112],[-40.757,-9.105],[-40.763,-9.107],[-40.775,-9.101],[-40.78,-9.101],[-40.784,-9.104],[-40.787,-9.104],[-40.789,-9.099],[-40.799,-9.099],[-40.804,-9.098],[-40.81,-9.092],[-40.811,-9.086],[-40.813,-9.083],[-40.818,-9.082],[-40.821,-9.08],[-40.819,-9.069],[-40.824,-9.062],[-40.824,-9.057],[-40.823,-9.052],[-40.825,-9.046],[-40.825,-9.04],[-40.826,-9.037],[-40.832,-9.031],[-40.83,-9.027],[-40.834,-9.021],[-40.834,-9.011],[-40.837,-9.006],[-40.841,-9.002],[-40.847,-8.996],[-40.852,-8.98],[-40.851,-8.954],[-40.856,-8.949],[-40.861,-8.948],[-40.863,-8.943],[-40.866,-8.932],[-40.866,-8.923],[-40.873,-8.919],[-40.881,-8.916],[-40.883,-8.905],[-40.889,-8.899],[-40.895,-8.889],[-40.897,-8.881],[-40.896,-8.871],[-40.902,-8.866],[-40.903,-8.859],[-40.907,-8.857],[-40.915,-8.85],[-40.919,-8.837],[-40.921,-8.835],[-40.931,-8.837],[-40.946,-8.845],[-40.955,-8.844],[-40.959,-8.842],[-40.961,-8.831],[-40.972,-8.828],[-40.979,-8.823],[-40.985,-8.825],[-40.99,-8.829],[-41.0,-8.829],[-41.01,-8.834],[-41.02,-8.844],[-41.025,-8.84],[-41.029,-8.838],[-41.031,-8.835],[-41.029,-8.825],[-41.027,-8.821],[-41.027,-8.814],[-41.025,-8.809],[-41.029,-8.802],[-41.032,-8.794],[-41.035,-8.792],[-41.036,-8.786],[-41.04,-8.784],[-41.044,-8.784],[-41.048,-8.787],[-41.059,-8.786],[-41.064,-8.781],[-41.07,-8.782],[-41.079,-8.789],[-41.082,-8.784],[-41.097,-8.781],[-41.101,-8.782],[-41.103,-8.78],[-41.106,-8.771],[-41.111,-8.77],[-41.116,-8.764],[-41.113,-8.76],[-41.118,-8.755],[-41.125,-8.753],[-41.129,-8.743],[-41.129,-8.74],[-41.126,-8.735],[-41.127,-8.729],[-41.123,-8.726],[-41.121,-8.722],[-41.123,-8.719],[-41.115,-8.712],[-41.112,-8.709],[-41.114,-8.704],[-41.117,-8.705],[-41.126,-8.706],[-41.131,-8.704],[-41.142,-8.707],[-41.153,-8.708],[-41.166,-8.71],[-41.172,-8.707],[-41.176,-8.711],[-41.182,-8.708],[-41.186,-8.711],[-41.191,-8.707],[-41.2,-8.707],[-41.205,-8.709],[-41.21,-8.707],[-41.219,-8.706],[-41.225,-8.705],[-41.229,-8.705],[-41.235,-8.71],[-41.24,-8.711],[-41.238,-8.719],[-41.252,-8.721],[-41.258,-8.72],[-41.263,-8.722],[-41.27,-8.731],[-41.274,-8.732],[-41.278,-8.735],[-41.284,-8.736],[-41.289,-8.735],[-41.295,-8.736],[-41.299,-8.733],[-41.305,-8.727],[-41.313,-8.726],[-41.321,-8.728],[-41.33,-8.728],[-41.334,-8.728],[-41.343,-8.722],[-41.354,-8.712],[-41.358,-8.708],[-41.345,-8.71],[-41.337,-8.708],[-41.33,-8.703],[-41.318,-8.698],[-41.308,-8.691],[-41.3,-8.682],[-41.298,-8.678],[-41.295,-8.67],[-41.287,-8.661],[-41.279,-8.661],[-41.269,-8.663],[-41.265,-8.662],[-41.259,-8.662],[-41.251,-8.662],[-41.249,-8.66],[-41.239,-8.656],[-41.237,-8.651],[-41.234,-8.648],[-41.227,-8.648],[-41.218,-8.646],[-41.214,-8.644],[-41.207,-8.633],[-41.207,-8.62],[-41.209,-8.616],[-41.208,-8.61],[-41.212,-8.604],[-41.212,-8.602],[-41.203,-8.599],[-41.199,-8.592],[-41.179,-8.593],[-41.179,-8.588],[-41.172,-8.586],[-41.167,-8.581],[-41.163,-8.57],[-41.157,-8.56],[-41.156,-8.553],[-41.152,-8.548],[-41.153,-8.544],[-41.148,-8.539],[-41.149,-8.534],[-41.143,-8.534],[-41.139,-8.533],[-41.135,-8.534],[-41.13,-8.541],[-41.127,-8.542],[-41.114,-8.535],[-41.108,-8.531],[-41.104,-8.522],[-41.098,-8.521],[-41.09,-8.513],[-41.085,-8.501],[-41.082,-8.491],[-41.082,-8.48],[-41.08,-8.474],[-41.077,-8.472],[-41.058,-8.478],[-41.053,-8.481],[-41.051,-8.48],[-41.05,-8.476],[-41.052,-8.465],[-41.05,-8.46],[-41.048,-8.446],[-41.044,-8.437],[-41.039,-8.432],[-41.034,-8.43],[-41.024,-8.428],[-41.02,-8.425],[-41.016,-8.424],[-41.007,-8.421],[-41.007,-8.418],[-41.003,-8.414],[-41.002,-8.411],[-41.003,-8.404],[-41.0,-8.4],[-40.987,-8.399],[-40.981,-8.398],[-40.979,-8.399],[-40.973,-8.407],[-40.965,-8.413],[-40.966,-8.416],[-40.957,-8.42],[-40.958,-8.422],[-40.954,-8.425],[-40.95,-8.43],[-40.941,-8.433],[-40.936,-8.439],[-40.927,-8.446],[-40.924,-8.445],[-40.917,-8.436],[-40.913,-8.436],[-40.909,-8.427],[-40.902,-8.423],[-40.903,-8.416],[-40.902,-8.41],[-40.903,-8.406],[-40.908,-8.401],[-40.906,-8.397],[-40.902,-8.397],[-40.895,-8.393],[-40.894,-8.39],[-40.89,-8.387],[-40.89,-8.383],[-40.893,-8.377],[-40.893,-8.372],[-40.897,-8.369],[-40.898,-8.367],[-40.895,-8.359],[-40.892,-8.356],[-40.882,-8.358],[-40.873,-8.357],[-40.87,-8.359],[-40.866,-8.363],[-40.862,-8.365],[-40.862,-8.371],[-40.857,-8.376],[-40.859,-8.38],[-40.85,-8.381],[-40.844,-8.379],[-40.837,-8.381],[-40.829,-8.374],[-40.823,-8.365],[-40.819,-8.361],[-40.821,-8.357],[-40.819,-8.352],[-40.82,-8.347],[-40.822,-8.341],[-40.822,-8.336],[-40.818,-8.33],[-40.82,-8.325],[-40.818,-8.32],[-40.802,-8.322],[-40.793,-8.32],[-40.791,-8.313],[-40.786,-8.306],[-40.781,-8.303],[-40.78,-8.296],[-40.782,-8.293],[-40.778,-8.286],[-40.781,-8.28],[-40.78,-8.276],[-40.784,-8.262],[-40.784,-8.255],[-40.781,-8.253],[-40.773,-8.251],[-40.767,-8.248],[-40.763,-8.243],[-40.75,-8.24],[-40.745,-8.24],[-40.742,-8.235],[-40.737,-8.228],[-40.729,-8.225],[-40.723,-8.223],[-40.718,-8.225],[-40.711,-8.225],[-40.707,-8.223],[-40.703,-8.217],[-40.704,-8.209],[-40.701,-8.203],[-40.694,-8.201],[-40.692,-8.197],[-40.687,-8.192],[-40.684,-8.188],[-40.675,-8.185],[-40.673,-8.181],[-40.668,-8.175],[-40.666,-8.162],[-40.659,-8.157],[-40.645,-8.158],[-40.643,-8.155],[-40.643,-8.15],[-40.639,-8.148],[-40.637,-8.142],[-40.633,-8.139],[-40.629,-8.141],[-40.624,-8.14],[-40.618,-8.144],[-40.614,-8.147],[-40.611,-8.147],[-40.601,-8.15],[-40.602,-8.146],[-40.598,-8.141],[-40.591,-8.14],[-40.59,-8.138],[-40.591,-8.124],[-40.599,-8.116],[-40.601,-8.107],[-40.604,-8.104],[-40.602,-8.1],[-40.603,-8.095],[-40.601,-8.091],[-40.599,-8.081],[-40.576,-8.03],[-40.561,-7.997],[-40.544,-7.965],[-40.544,-7.958],[-40.546,-7.937],[-40.541,-7.887],[-40.538,-7.874],[-40.538,-7.857],[-40.542,-7.838],[-40.548,-7.827],[-40.555,-7.818],[-40.568,-7.809],[-40.578,-7.805],[-40.629,-7.793],[-40.645,-7.787],[-40.654,-7.782],[-40.664,-7.775],[-40.67,-7.768],[-40.674,-7.762],[-40.676,-7.753],[-40.676,-7.748],[-40.673,-7.739],[-40.667,-7.726],[-40.661,-7.721],[-40.651,-7.714],[-40.639,-7.704],[-40.636,-7.7],[-40.628,-7.685],[-40.624,-7.673],[-40.622,-7.658],[-40.622,-7.651],[-40.627,-7.632],[-40.632,-7.618],[-40.637,-7.609],[-40.646,-7.595],[-40.651,-7.589],[-40.663,-7.579],[-40.677,-7.563],[-40.681,-7.558],[-40.694,-7.539],[-40.701,-7.526],[-40.704,-7.519],[-40.71,-7.501],[-40.714,-7.494],[-40.715,-7.488],[-40.715,-7.481],[-40.713,-7.473],[-40.706,-7.46],[-40.701,-7.456],[-40.672,-7.453],[-40.663,-7.449],[-40.657,-7.439],[-40.654,-7.438],[-40.652,-7.433],[-40.548,-7.393],[-40.543,-7.36],[-40.54,-7.341],[-40.542,-7.332],[-40.536,-7.327],[-40.524,-7.318],[-40.51,-7.323],[-40.5,-7.328],[-40.483,-7.339],[-40.476,-7.345],[-40.449,-7.361],[-40.434,-7.367],[-40.411,-7.369],[-40.394,-7.368],[-40.387,-7.367],[-40.373,-7.362],[-40.361,-7.356],[-40.358,-7.352],[-40.354,-7.344],[-40.351,-7.334],[-40.345,-7.329],[-40.329,-7.319],[-40.321,-7.306],[-40.311,-7.301],[-40.297,-7.301],[-40.284,-7.299],[-40.263,-7.301],[-40.256,-7.306],[-40.242,-7.318],[-40.229,-7.334],[-40.221,-7.341],[-40.196,-7.358],[-40.18,-7.363],[-40.157,-7.371],[-40.138,-7.379],[-40.128,-7.382],[-40.087,-7.383],[-40.076,-7.383],[-40.045,-7.381],[-40.001,-7.374],[-39.994,-7.371],[-39.953,-7.354],[-39.944,-7.349],[-39.938,-7.347],[-39.926,-7.341],[-39.91,-7.337],[-39.905,-7.338],[-39.898,-7.34],[-39.89,-7.34],[-39.884,-7.338],[-39.875,-7.332],[-39.858,-7.325],[-39.848,-7.325],[-39.84,-7.329],[-39.829,-7.332],[-39.824,-7.332],[-39.815,-7.329],[-39.812,-7.33],[-39.801,-7.33],[-39.797,-7.332],[-39.789,-7.332],[-39.776,-7.328],[-39.76,-7.326],[-39.741,-7.327],[-39.706,-7.338],[-39.698,-7.342],[-39.685,-7.35],[-39.671,-7.359],[-39.653,-7.372],[-39.646,-7.381],[-39.64,-7.396],[-39.634,-7.407],[-39.631,-7.415],[-39.629,-7.426],[-39.627,-7.427],[-39.616,-7.426],[-39.609,-7.424],[-39.606,-7.424],[-39.593,-7.432],[-39.588,-7.432],[-39.577,-7.428],[-39.572,-7.43],[-39.563,-7.46],[-39.557,-7.473],[-39.553,-7.481],[-39.546,-7.484],[-39.543,-7.485],[-39.536,-7.483],[-39.522,-7.473],[-39.512,-7.467],[-39.502,-7.464],[-39.492,-7.471],[-39.487,-7.473],[-39.476,-7.473],[-39.468,-7.47],[-39.461,-7.471],[-39.458,-7.474],[-39.457,-7.48],[-39.456,-7.502],[-39.457,-7.506],[-39.47,-7.521],[-39.477,-7.527],[-39.483,-7.53],[-39.485,-7.533],[-39.484,-7.541],[-39.477,-7.553],[-39.475,-7.563],[-39.473,-7.573],[-39.471,-7.576],[-39.466,-7.575],[-39.46,-7.576],[-39.448,-7.572],[-39.435,-7.574],[-39.423,-7.587],[-39.421,-7.603],[-39.419,-7.605],[-39.41,-7.605],[-39.392,-7.608],[-39.384,-7.609],[-39.381,-7.611],[-39.376,-7.612],[-39.37,-7.618],[-39.368,-7.624],[-39.359,-7.627],[-39.355,-7.63],[-39.35,-7.631],[-39.342,-7.637],[-39.338,-7.645],[-39.324,-7.652],[-39.321,-7.654],[-39.311,-7.655],[-39.307,-7.665],[-39.298,-7.663],[-39.289,-7.665],[-39.284,-7.664],[-39.27,-7.66],[-39.266,-7.665],[-39.265,-7.67],[-39.253,-7.677],[-39.25,-7.684],[-39.25,-7.688],[-39.247,-7.691],[-39.25,-7.693],[-39.248,-7.697],[-39.25,-7.698],[-39.253,-7.705],[-39.243,-7.705],[-39.238,-7.699],[-39.229,-7.696],[-39.223,-7.697],[-39.208,-7.689],[-39.201,-7.696],[-39.192,-7.697],[-39.188,-7.703],[-39.183,-7.706],[-39.181,-7.709],[-39.178,-7.71],[-39.171,-7.715],[-39.167,-7.714],[-39.163,-7.717],[-39.156,-7.716],[-39.142,-7.719],[-39.136,-7.723],[-39.133,-7.727],[-39.124,-7.743],[-39.118,-7.749],[-39.106,-7.76],[-39.103,-7.771],[-39.1,-7.776],[-39.102,-7.785],[-39.101,-7.789],[-39.096,-7.795],[-39.094,-7.802],[-39.091,-7.81],[-39.093,-7.823],[-39.088,-7.833],[-39.09,-7.84],[-39.096,-7.846],[-39.097,-7.85],[-39.093,-7.858],[-39.09,-7.857],[-39.085,-7.852],[-39.068,-7.842],[-39.063,-7.837],[-39.058,-7.823],[-39.054,-7.819],[-39.04,-7.82],[-39.034,-7.822],[-39.029,-7.825],[-39.025,-7.823],[-39.022,-7.815],[-39.018,-7.813],[-39.012,-7.814],[-39.008,-7.824],[-39.005,-7.835],[-39.001,-7.84],[-38.995,-7.84],[-38.99,-7.844],[-38.982,-7.846],[-38.977,-7.846],[-38.975,-7.843],[-38.97,-7.846],[-38.962,-7.844],[-38.96,-7.842],[-38.959,-7.838],[-38.965,-7.834],[-38.965,-7.83],[-38.958,-7.826],[-38.953,-7.819],[-38.953,-7.811],[-38.945,-7.804],[-38.94,-7.795],[-38.94,-7.792],[-38.945,-7.786],[-38.946,-7.781],[-38.941,-7.771],[-38.942,-7.764],[-38.94,-7.759],[-38.934,-7.759],[-38.928,-7.754],[-38.92,-7.755],[-38.916,-7.759],[-38.915,-7.754],[-38.918,-7.747],[-38.916,-7.744],[-38.907,-7.747],[-38.9,-7.745],[-38.895,-7.75],[-38.888,-7.748],[-38.881,-7.747],[-38.881,-7.738],[-38.879,-7.734],[-38.881,-7.728],[-38.88,-7.723],[-38.874,-7.719],[-38.873,-7.715],[-38.87,-7.712],[-38.864,-7.714],[-38.854,-7.716],[-38.846,-7.72],[-38.828,-7.72],[-38.822,-7.715],[-38.817,-7.706],[-38.818,-7.703],[-38.815,-7.697],[-38.816,-7.687],[-38.819,-7.685],[-38.82,-7.682],[-38.824,-7.678],[-38.821,-7.672],[-38.82,-7.665],[-38.816,-7.664],[-38.812,-7.669],[-38.806,-7.667],[-38.799,-7.669],[-38.792,-7.668],[-38.789,-7.67],[-38.783,-7.667],[-38.782,-7.662],[-38.775,-7.662],[-38.771,-7.659],[-38.761,-7.656],[-38.754,-7.66],[-38.743,-7.66],[-38.742,-7.648],[-38.738,-7.642],[-38.735,-7.64],[-38.737,-7.634],[-38.732,-7.634],[-38.724,-7.627],[-38.718,-7.627],[-38.715,-7.622],[-38.714,-7.623],[-38.705,-7.622],[-38.695,-7.633],[-38.691,-7.633],[-38.687,-7.635],[-38.683,-7.643],[-38.68,-7.645],[-38.675,-7.653],[-38.674,-7.657],[-38.67,-7.66],[-38.664,-7.658],[-38.654,-7.667],[-38.651,-7.669],[-38.651,-7.677],[-38.648,-7.679],[-38.642,-7.678],[-38.642,-7.686],[-38.628,-7.693],[-38.626,-7.696],[-38.626,-7.706],[-38.624,-7.71],[-38.621,-7.71],[-38.614,-7.716],[-38.613,-7.72],[-38.608,-7.727],[-38.609,-7.732],[-38.608,-7.739],[-38.601,-7.74],[-38.598,-7.742],[-38.596,-7.752],[-38.594,-7.754],[-38.59,-7.756],[-38.584,-7.753],[-38.581,-7.748],[-38.578,-7.747],[-38.575,-7.754],[-38.572,-7.751],[-38.564,-7.757],[-38.558,-7.757],[-38.543,-7.749],[-38.539,-7.753],[-38.53,-7.755],[-38.525,-7.755],[-38.517,-7.749],[-38.507,-7.75],[-38.501,-7.751],[-38.497,-7.75],[-38.496,-7.739],[-38.491,-7.735],[-38.481,-7.732],[-38.472,-7.733],[-38.464,-7.731],[-38.458,-7.723],[-38.457,-7.718],[-38.445,-7.718],[-38.44,-7.721],[-38.434,-7.72],[-38.428,-7.73],[-38.419,-7.731],[-38.414,-7.73],[-38.41,-7.73],[-38.401,-7.72],[-38.404,-7.714],[-38.402,-7.713],[-38.382,-7.707],[-38.379,-7.703],[-38.373,-7.7],[-38.37,-7.697],[-38.37,-7.693],[-38.362,-7.686],[-38.357,-7.677],[-38.355,-7.678],[-38.353,-7.685],[-38.351,-7.686],[-38.345,-7.695],[-38.341,-7.696],[-38.336,-7.693],[-38.33,-7.696],[-38.327,-7.694],[-38.321,-7.698],[-38.321,-7.703],[-38.316,-7.709],[-38.318,-7.713],[-38.316,-7.716],[-38.312,-7.716],[-38.316,-7.728],[-38.313,-7.732],[-38.311,-7.739],[-38.309,-7.742],[-38.302,-7.745],[-38.306,-7.753],[-38.317,-7.765],[-38.311,-7.765],[-38.303,-7.762],[-38.299,-7.764],[-38.301,-7.769],[-38.295,-7.778],[-38.3,-7.783],[-38.303,-7.792],[-38.299,-7.797],[-38.298,-7.804],[-38.298,-7.814],[-38.293,-7.823],[-38.287,-7.828],[-38.287,-7.83],[-38.282,-7.831],[-38.275,-7.834],[-38.272,-7.834],[-38.268,-7.829],[-38.263,-7.828],[-38.257,-7.831],[-38.239,-7.831],[-38.235,-7.826],[-38.228,-7.824],[-38.222,-7.82],[-38.215,-7.815],[-38.213,-7.811],[-38.204,-7.808],[-38.184,-7.796],[-38.177,-7.788],[-38.175,-7.79],[-38.166,-7.783],[-38.164,-7.78],[-38.156,-7.78],[-38.148,-7.784],[-38.144,-7.783],[-38.139,-7.786],[-38.138,-7.789],[-38.131,-7.796],[-38.129,-7.806],[-38.126,-7.805],[-38.122,-7.807],[-38.124,-7.813],[-38.12,-7.819],[-38.116,-7.823],[-38.106,-7.823],[-38.097,-7.827],[-38.083,-7.828],[-38.077,-7.831],[-38.069,-7.826],[-38.065,-7.82],[-38.069,-7.813],[-38.076,-7.805],[-38.076,-7.8],[-38.073,-7.794],[-38.076,-7.788],[-38.075,-7.782],[-38.071,-7.774],[-38.061,-7.767],[-38.052,-7.758],[-38.04,-7.748],[-38.03,-7.75],[-38.028,-7.753],[-38.023,-7.755],[-38.018,-7.758],[-38.012,-7.766],[-38.008,-7.767],[-38.005,-7.778],[-38.001,-7.779],[-37.99,-7.779],[-37.985,-7.773],[-37.976,-7.775],[-37.971,-7.778],[-37.959,-7.769],[-37.958,-7.766],[-37.957,-7.762],[-37.953,-7.757],[-37.948,-7.756],[-37.943,-7.741],[-37.934,-7.735],[-37.927,-7.73],[-37.922,-7.724],[-37.924,-7.715],[-37.913,-7.709],[-37.905,-7.71],[-37.894,-7.714],[-37.892,-7.711],[-37.899,-7.706],[-37.903,-7.695],[-37.897,-7.691],[-37.891,-7.689],[-37.881,-7.684],[-37.873,-7.675],[-37.868,-7.665],[-37.857,-7.652],[-37.844,-7.647],[-37.842,-7.648],[-37.838,-7.645],[-37.834,-7.645],[-37.831,-7.647],[-37.824,-7.646],[-37.819,-7.647],[-37.816,-7.644],[-37.81,-7.644],[-37.803,-7.634],[-37.804,-7.631],[-37.801,-7.626],[-37.795,-7.627],[-37.791,-7.626],[-37.786,-7.626],[-37.782,-7.628],[-37.778,-7.635],[-37.778,-7.643],[-37.771,-7.647],[-37.768,-7.652],[-37.769,-7.655],[-37.767,-7.657],[-37.761,-7.667],[-37.757,-7.667],[-37.751,-7.663],[-37.744,-7.654],[-37.743,-7.645],[-37.74,-7.636],[-37.742,-7.633],[-37.746,-7.628],[-37.753,-7.626],[-37.756,-7.62],[-37.746,-7.609],[-37.741,-7.598],[-37.735,-7.597],[-37.731,-7.583],[-37.729,-7.58],[-37.721,-7.582],[-37.717,-7.58],[-37.707,-7.569],[-37.71,-7.56],[-37.708,-7.558],[-37.709,-7.554],[-37.707,-7.551],[-37.701,-7.55],[-37.692,-7.55],[-37.682,-7.548],[-37.678,-7.542],[-37.677,-7.536],[-37.665,-7.529],[-37.66,-7.523],[-37.656,-7.523],[-37.649,-7.531],[-37.641,-7.529],[-37.63,-7.533],[-37.627,-7.528],[-37.62,-7.526],[-37.616,-7.525],[-37.611,-7.519],[-37.61,-7.508],[-37.587,-7.499],[-37.58,-7.496],[-37.572,-7.489],[-37.557,-7.48],[-37.549,-7.479],[-37.543,-7.478],[-37.533,-7.473],[-37.528,-7.465],[-37.529,-7.456],[-37.527,-7.448],[-37.523,-7.444],[-37.522,-7.439],[-37.52,-7.437],[-37.514,-7.433],[-37.516,-7.428],[-37.511,-7.421],[-37.506,-7.419],[-37.5,-7.409],[-37.495,-7.399],[-37.487,-7.395],[-37.488,-7.389],[-37.492,-7.386],[-37.492,-7.383],[-37.498,-7.371],[-37.498,-7.367],[-37.496,-7.365],[-37.479,-7.36],[-37.466,-7.358],[-37.448,-7.361],[-37.434,-7.359],[-37.432,-7.357],[-37.429,-7.353],[-37.426,-7.353],[-37.415,-7.362],[-37.41,-7.361],[-37.408,-7.358],[-37.402,-7.359],[-37.395,-7.359],[-37.386,-7.357],[-37.372,-7.351],[-37.365,-7.346],[-37.358,-7.341],[-37.351,-7.339],[-37.349,-7.335],[-37.357,-7.323],[-37.357,-7.321],[-37.352,-7.317],[-37.335,-7.295],[-37.333,-7.29],[-37.328,-7.288],[-37.32,-7.29],[-37.314,-7.289],[-37.288,-7.288],[-37.282,-7.279],[-37.275,-7.274],[-37.261,-7.274],[-37.253,-7.275],[-37.242,-7.273],[-37.234,-7.274],[-37.228,-7.28],[-37.223,-7.286],[-37.214,-7.291],[-37.205,-7.292],[-37.197,-7.295],[-37.191,-7.3],[-37.183,-7.306],[-37.177,-7.31],[-37.174,-7.316],[-37.169,-7.32],[-37.168,-7.324],[-37.168,-7.332],[-37.165,-7.337],[-37.157,-7.338],[-37.151,-7.335],[-37.145,-7.335],[-37.141,-7.341],[-37.135,-7.347],[-37.128,-7.344],[-37.122,-7.351],[-37.114,-7.351],[-37.102,-7.357],[-37.097,-7.354],[-37.092,-7.357],[-37.086,-7.358],[-37.079,-7.365],[-37.073,-7.368],[-37.071,-7.374],[-37.07,-7.38],[-37.067,-7.383],[-37.053,-7.379],[-37.05,-7.378],[-37.031,-7.386],[-37.026,-7.386],[-37.023,-7.393],[-37.019,-7.394],[-37.017,-7.402],[-37.013,-7.404],[-37.018,-7.411],[-37.024,-7.416],[-37.026,-7.422],[-37.018,-7.425],[-37.015,-7.43],[-37.024,-7.434],[-37.021,-7.44],[-37.013,-7.445],[-37.011,-7.454],[-37.003,-7.455],[-36.997,-7.459],[-36.994,-7.465],[-36.995,-7.473],[-36.993,-7.474],[-36.988,-7.474],[-36.985,-7.476],[-36.984,-7.482],[-36.994,-7.488],[-37.003,-7.496],[-37.007,-7.494],[-37.011,-7.49],[-37.022,-7.497],[-37.026,-7.497],[-37.035,-7.5],[-37.043,-7.504],[-37.054,-7.505],[-37.058,-7.508],[-37.063,-7.514],[-37.07,-7.517],[-37.079,-7.517],[-37.085,-7.517],[-37.095,-7.522],[-37.106,-7.531],[-37.118,-7.534],[-37.122,-7.536],[-37.129,-7.543],[-37.137,-7.555],[-37.142,-7.559],[-37.153,-7.566],[-37.164,-7.575],[-37.173,-7.588],[-37.179,-7.597],[-37.183,-7.613],[-37.186,-7.618],[-37.193,-7.624],[-37.197,-7.63],[-37.198,-7.635],[-37.197,-7.645],[-37.195,-7.652],[-37.188,-7.658],[-37.18,-7.667],[-37.177,-7.673],[-37.176,-7.679],[-37.174,-7.684],[-37.161,-7.698],[-37.155,-7.706],[-37.15,-7.717],[-37.151,-7.729],[-37.149,-7.734],[-37.14,-7.742],[-37.139,-7.746],[-37.144,-7.754],[-37.152,-7.762],[-37.154,-7.768],[-37.157,-7.773],[-37.157,-7.777],[-37.152,-7.78],[-37.158,-7.792],[-37.164,-7.796],[-37.171,-7.795],[-37.171,-7.8],[-37.174,-7.8],[-37.183,-7.791],[-37.192,-7.791],[-37.198,-7.799],[-37.217,-7.807],[-37.223,-7.804],[-37.231,-7.807],[-37.23,-7.813],[-37.244,-7.819],[-37.24,-7.823],[-37.232,-7.821],[-37.228,-7.821],[-37.227,-7.828],[-37.223,-7.836],[-37.222,-7.842],[-37.226,-7.845],[-37.238,-7.844],[-37.247,-7.847],[-37.248,-7.851],[-37.25,-7.855],[-37.246,-7.859],[-37.245,-7.864],[-37.247,-7.869],[-37.244,-7.874],[-37.252,-7.878],[-37.254,-7.882],[-37.262,-7.884],[-37.264,-7.888],[-37.27,-7.891],[-37.277,-7.898],[-37.282,-7.9],[-37.287,-7.904],[-37.296,-7.906],[-37.304,-7.904],[-37.308,-7.908],[-37.316,-7.908],[-37.322,-7.911],[-37.322,-7.913],[-37.313,-7.911],[-37.31,-7.912],[-37.308,-7.916],[-37.311,-7.922],[-37.308,-7.927],[-37.309,-7.934],[-37.316,-7.937],[-37.319,-7.943],[-37.323,-7.942],[-37.33,-7.945],[-37.335,-7.943],[-37.343,-7.947],[-37.349,-7.946],[-37.35,-7.949],[-37.348,-7.954],[-37.351,-7.961],[-37.352,-7.969],[-37.357,-7.975],[-37.341,-7.975],[-37.34,-7.98],[-37.334,-7.976],[-37.327,-7.975],[-37.321,-7.97],[-37.312,-7.968],[-37.303,-7.97],[-37.301,-7.966],[-37.292,-7.965],[-37.285,-7.97],[-37.277,-7.972],[-37.267,-7.97],[-37.264,-7.968],[-37.258,-7.97],[-37.247,-7.969],[-37.241,-7.973],[-37.235,-7.973],[-37.231,-7.969],[-37.23,-7.972],[-37.22,-7.973],[-37.218,-7.971],[-37.222,-7.963],[-37.221,-7.96],[-37.217,-7.956],[-37.208,-7.952],[-37.201,-7.957],[-37.193,-7.961],[-37.192,-7.968],[-37.192,-7.97],[-37.193,-7.984],[-37.188,-7.983],[-37.188,-7.988],[-37.184,-7.991],[-37.18,-7.99],[-37.177,-7.992],[-37.175,-7.997],[-37.168,-7.995],[-37.16,-7.997],[-37.158,-8.0],[-37.155,-8.006],[-37.152,-8.009],[-37.15,-8.015],[-37.148,-8.035],[-37.154,-8.045],[-37.158,-8.051],[-37.157,-8.065],[-37.147,-8.079],[-37.144,-8.088],[-37.148,-8.1],[-37.147,-8.109],[-37.143,-8.118],[-37.144,-8.125],[-37.153,-8.127],[-37.159,-8.139],[-37.152,-8.145],[-37.151,-8.15],[-37.157,-8.156],[-37.163,-8.159],[-37.164,-8.166],[-37.16,-8.17],[-37.15,-8.175],[-37.141,-8.177],[-37.133,-8.176],[-37.126,-8.174],[-37.118,-8.175],[-37.119,-8.184],[-37.124,-8.189],[-37.126,-8.191],[-37.123,-8.209],[-37.11,-8.226],[-37.104,-8.229],[-37.1,-8.234],[-37.09,-8.231],[-37.083,-8.222],[-37.081,-8.222],[-37.071,-8.229],[-37.067,-8.23],[-37.067,-8.233],[-37.074,-8.236],[-37.081,-8.241],[-37.082,-8.246],[-37.082,-8.262],[-37.081,-8.266],[-37.076,-8.268],[-37.058,-8.264],[-37.049,-8.265],[-37.043,-8.265],[-37.04,-8.266],[-37.032,-8.276],[-37.028,-8.283],[-37.021,-8.29],[-37.012,-8.294],[-37.004,-8.296],[-36.991,-8.303],[-36.985,-8.302],[-36.978,-8.297],[-36.975,-8.297],[-36.96,-8.3],[-36.955,-8.299],[-36.949,-8.295],[-36.947,-8.291],[-36.948,-8.284],[-36.947,-8.277],[-36.942,-8.274],[-36.933,-8.273],[-36.923,-8.27],[-36.914,-8.261],[-36.909,-8.253],[-36.908,-8.253],[-36.903,-8.248],[-36.9,-8.244],[-36.896,-8.241],[-36.879,-8.236],[-36.869,-8.227],[-36.862,-8.222],[-36.852,-8.219],[-36.843,-8.217],[-36.824,-8.208],[-36.813,-8.205],[-36.806,-8.195],[-36.794,-8.19],[-36.788,-8.19],[-36.775,-8.191],[-36.767,-8.196],[-36.762,-8.196],[-36.754,-8.191],[-36.751,-8.186],[-36.75,-8.176],[-36.741,-8.172],[-36.724,-8.172],[-36.722,-8.168],[-36.716,-8.167],[-36.719,-8.162],[-36.726,-8.156],[-36.723,-8.151],[-36.704,-8.158],[-36.697,-8.155],[-36.687,-8.156],[-36.687,-8.152],[-36.694,-8.144],[-36.694,-8.141],[-36.665,-8.123],[-36.654,-8.121],[-36.64,-8.12],[-36.629,-8.111],[-36.628,-8.103],[-36.637,-8.093],[-36.645,-8.093],[-36.648,-8.091],[-36.647,-8.086],[-36.65,-8.081],[-36.657,-8.082],[-36.659,-8.08],[-36.656,-8.073],[-36.654,-8.07],[-36.641,-8.062],[-36.629,-8.057],[-36.628,-8.052],[-36.629,-8.038],[-36.629,-8.025],[-36.627,-8.003],[-36.628,-7.986],[-36.623,-7.982],[-36.623,-7.97],[-36.619,-7.962],[-36.613,-7.957],[-36.612,-7.948],[-36.61,-7.948],[-36.605,-7.952],[-36.6,-7.953],[-36.595,-7.956],[-36.587,-7.959],[-36.577,-7.96],[-36.573,-7.957],[-36.574,-7.952],[-36.579,-7.95],[-36.58,-7.947],[-36.574,-7.94],[-36.573,-7.936],[-36.573,-7.931],[-36.578,-7.921],[-36.578,-7.915],[-36.576,-7.909],[-36.572,-7.904],[-36.564,-7.901],[-36.552,-7.899],[-36.543,-7.902],[-36.536,-7.902],[-36.531,-7.903],[-36.526,-7.907],[-36.513,-7.915],[-36.499,-7.92],[-36.492,-7.915],[-36.487,-7.916],[-36.48,-7.925],[-36.477,-7.924],[-36.47,-7.918],[-36.461,-7.915],[-36.453,-7.915],[-36.446,-7.916],[-36.444,-7.915],[-36.446,-7.908],[-36.437,-7.9],[-36.43,-7.889],[-36.43,-7.887],[-36.433,-7.88],[-36.44,-7.879],[-36.44,-7.876],[-36.433,-7.873],[-36.429,-7.867],[-36.429,-7.858],[-36.431,-7.85],[-36.428,-7.833],[-36.43,-7.827],[-36.428,-7.82],[-36.424,-7.816],[-36.407,-7.814],[-36.395,-7.808],[-36.393,-7.808],[-36.373,-7.813],[-36.368,-7.812],[-36.363,-7.806],[-36.353,-7.808],[-36.349,-7.807],[-36.337,-7.809],[-36.321,-7.809],[-36.313,-7.806],[-36.302,-7.808],[-36.294,-7.812],[-36.285,-7.818],[-36.279,-7.825],[-36.271,-7.831],[-36.264,-7.832],[-36.253,-7.83],[-36.247,-7.826],[-36.24,-7.818],[-36.24,-7.811],[-36.242,-7.807],[-36.251,-7.805],[-36.254,-7.802],[-36.254,-7.796],[-36.252,-7.792],[-36.246,-7.785],[-36.234,-7.776],[-36.227,-7.77],[-36.217,-7.764],[-36.206,-7.77],[-36.205,-7.774],[-36.204,-7.783],[-36.201,-7.79],[-36.198,-7.79],[-36.184,-7.784],[-36.162,-7.784],[-36.143,-7.782],[-36.119,-7.786],[-36.104,-7.78],[-36.094,-7.778],[-36.081,-7.779],[-36.069,-7.781],[-36.064,-7.785],[-36.059,-7.792],[-36.056,-7.799],[-36.05,-7.801],[-36.045,-7.795],[-36.042,-7.794],[-36.034,-7.797],[-36.028,-7.803],[-36.026,-7.806],[-36.022,-7.81],[-36.015,-7.812],[-36.003,-7.813],[-35.997,-7.813],[-35.996,-7.804],[-35.991,-7.8],[-35.981,-7.803],[-35.978,-7.8],[-35.974,-7.792],[-35.97,-7.789],[-35.959,-7.787],[-35.955,-7.789],[-35.943,-7.79],[-35.939,-7.789],[-35.936,-7.785],[-35.928,-7.785],[-35.909,-7.793],[-35.904,-7.792],[-35.898,-7.789],[-35.894,-7.785],[-35.892,-7.78],[-35.884,-7.775],[-35.881,-7.766],[-35.883,-7.762],[-35.882,-7.754],[-35.872,-7.75],[-35.862,-7.751],[-35.851,-7.748],[-35.842,-7.747],[-35.836,-7.748],[-35.832,-7.751],[-35.828,-7.752],[-35.825,-7.75],[-35.811,-7.745],[-35.804,-7.746],[-35.8,-7.742],[-35.795,-7.74],[-35.79,-7.74],[-35.781,-7.738],[-35.768,-7.727],[-35.759,-7.722],[-35.752,-7.724],[-35.747,-7.723],[-35.743,-7.714],[-35.737,-7.71],[-35.728,-7.708],[-35.721,-7.709],[-35.714,-7.707],[-35.709,-7.699],[-35.707,-7.696],[-35.7,-7.692],[-35.695,-7.694],[-35.694,-7.7],[-35.69,-7.701],[-35.684,-7.708],[-35.68,-7.704],[-35.667,-7.697],[-35.657,-7.698],[-35.645,-7.692],[-35.636,-7.684],[-35.632,-7.681],[-35.621,-7.669],[-35.625,-7.666],[-35.619,-7.663],[-35.615,-7.656],[-35.608,-7.653],[-35.597,-7.654],[-35.592,-7.653],[-35.588,-7.65],[-35.583,-7.651],[-35.577,-7.655],[-35.573,-7.655],[-35.572,-7.658],[-35.565,-7.657],[-35.56,-7.661],[-35.555,-7.659],[-35.55,-7.661],[-35.548,-7.657],[-35.535,-7.655],[-35.532,-7.654],[-35.532,-7.649],[-35.527,-7.645],[-35.522,-7.644],[-35.516,-7.644],[-35.515,-7.642],[-35.52,-7.64],[-35.53,-7.626],[-35.532,-7.622],[-35.526,-7.608],[-35.518,-7.606],[-35.521,-7.601],[-35.521,-7.596],[-35.515,-7.585],[-35.518,-7.585],[-35.524,-7.589],[-35.528,-7.59],[-35.536,-7.589],[-35.538,-7.587],[-35.537,-7.581],[-35.533,-7.574],[-35.527,-7.57],[-35.524,-7.559],[-35.52,-7.55],[-35.521,-7.541],[-35.52,-7.535],[-35.517,-7.531],[-35.512,-7.531],[-35.509,-7.523],[-35.509,-7.517],[-35.502,-7.513],[-35.504,-7.508],[-35.499,-7.498],[-35.497,-7.491],[-35.494,-7.491],[-35.494,-7.482],[-35.486,-7.477],[-35.483,-7.479],[-35.476,-7.476],[-35.471,-7.469],[-35.464,-7.462],[-35.458,-7.464],[-35.454,-7.463],[-35.45,-7.453],[-35.442,-7.457],[-35.438,-7.461],[-35.438,-7.467],[-35.434,-7.471],[-35.425,-7.474],[-35.415,-7.472],[-35.413,-7.471],[-35.41,-7.463],[-35.397,-7.456],[-35.392,-7.456],[-35.385,-7.45],[-35.376,-7.449],[-35.373,-7.444],[-35.368,-7.441],[-35.363,-7.443],[-35.353,-7.441],[-35.35,-7.439],[-35.349,-7.435],[-35.353,-7.424],[-35.351,-7.422],[-35.343,-7.422],[-35.339,-7.421],[-35.334,-7.423],[-35.332,-7.419],[-35.333,-7.415],[-35.335,-7.411],[-35.335,-7.407],[-35.331,-7.407],[-35.328,-7.41],[-35.324,-7.411],[-35.319,-7.41],[-35.318,-7.407],[-35.314,-7.406],[-35.309,-7.409],[-35.302,-7.404],[-35.296,-7.401],[-35.291,-7.398],[-35.285,-7.391],[-35.277,-7.385],[-35.264,-7.38],[-35.257,-7.378],[-35.249,-7.375],[-35.246,-7.376],[-35.24,-7.375],[-35.233,-7.378],[-35.217,-7.381],[-35.209,-7.385],[-35.2,-7.388],[-35.195,-7.396],[-35.191,-7.398],[-35.186,-7.395],[-35.181,-7.396],[-35.174,-7.392],[-35.172,-7.388],[-35.159,-7.392],[-35.154,-7.393],[-35.144,-7.396],[-35.135,-7.397],[-35.128,-7.402],[-35.123,-7.401],[-35.12,-7.404],[-35.116,-7.404],[-35.108,-7.406],[-35.102,-7.405],[-35.092,-7.401],[-35.076,-7.401],[-35.071,-7.399],[-35.066,-7.402],[-35.063,-7.407],[-35.054,-7.412],[-35.048,-7.418],[-35.04,-7.422],[-35.03,-7.426],[-35.02,-7.436],[-35.015,-7.443],[-35.007,-7.449],[-35.003,-7.454],[-34.985,-7.462],[-34.984,-7.469],[-34.988,-7.476],[-34.99,-7.489],[-34.986,-7.493],[-34.984,-7.508],[-34.979,-7.51],[-34.969,-7.521],[-34.961,-7.539],[-34.955,-7.539],[-34.951,-7.538],[-34.94,-7.53],[-34.933,-7.529],[-34.923,-7.534],[-34.917,-7.542],[-34.914,-7.544],[-34.91,-7.543],[-34.911,-7.539],[-34.9,-7.537],[-34.902,-7.542],[-34.901,-7.545],[-34.896,-7.545],[-34.891,-7.537],[-34.889,-7.536],[-34.882,-7.541],[-34.874,-7.543],[-34.872,-7.549],[-34.867,-7.548],[-34.865,-7.544],[-34.858,-7.538],[-34.849,-7.541],[-34.836,-7.546],[-34.833,-7.55],[-34.839,-7.554],[-34.837,-7.556],[-34.837,-7.563],[-34.833,-7.564],[-34.832,-7.568],[-34.832,-7.576],[-34.823,-7.594],[-34.813,-7.613],[-34.808,-7.617],[-34.807,-7.621],[-34.809,-7.63],[-34.814,-7.635],[-34.823,-7.651],[-34.828,-7.666],[-34.831,-7.679],[-34.835,-7.684],[-34.842,-7.682],[-34.848,-7.688],[-34.844,-7.69],[-34.84,-7.694],[-34.835,-7.697],[-34.832,-7.7],[-34.833,-7.706],[-34.833,-7.713],[-34.83,-7.726],[-34.826,-7.726],[-34.824,-7.735],[-34.823,-7.752],[-34.824,-7.756],[-34.83,-7.767],[-34.835,-7.785],[-34.837,-7.792],[-34.836,-7.806],[-34.838,-7.811],[-34.845,-7.813],[-34.845,-7.816],[-34.843,-7.828],[-34.845,-7.838],[-34.843,-7.845],[-34.841,-7.845],[-34.841,-7.841],[-34.838,-7.84],[-34.837,-7.844],[-34.834,-7.858],[-34.834,-7.869],[-34.831,-7.876],[-34.825,-7.884],[-34.824,-7.895],[-34.825,-7.904],[-34.821,-7.913],[-34.82,-7.917],[-34.821,-7.932],[-34.823,-7.937],[-34.823,-7.942],[-34.825,-7.951],[-34.829,-7.955],[-34.828,-7.959],[-34.83,-7.963],[-34.831,-7.97],[-34.835,-7.981],[-34.838,-7.991],[-34.837,-7.996],[-34.838,-7.998],[-34.84,-8.008],[-34.842,-8.013],[-34.851,-8.022],[-34.854,-8.023],[-34.859,-8.028],[-34.862,-8.034],[-34.864,-8.041],[-34.861,-8.044],[-34.859,-8.047],[-34.862,-8.048],[-34.87,-8.067],[-34.877,-8.083],[-34.882,-8.098],[-34.889,-8.114],[-34.896,-8.124],[-34.909,-8.155],[-34.915,-8.175],[-34.918,-8.186],[-34.916,-8.201],[-34.918,-8.212],[-34.919,-8.216],[-34.924,-8.222],[-34.929,-8.225],[-34.924,-8.229],[-34.925,-8.233],[-34.935,-8.243],[-34.94,-8.25],[-34.945,-8.264],[-34.945,-8.268],[-34.947,-8.279],[-34.95,-8.286],[-34.952,-8.298],[-34.95,-8.301],[-34.943,-8.305],[-34.95,-8.322],[-34.95,-8.337],[-34.948,-8.342],[-34.945,-8.345],[-34.941,-8.345],[-34.94,-8.352],[-34.944,-8.359],[-34.949,-8.359],[-34.953,-8.356],[-34.956,-8.356],[-34.959,-8.365],[-34.961,-8.367],[-34.966,-8.373],[-34.968,-8.368],[-34.971,-8.369],[-34.968,-8.377],[-34.973,-8.382],[-34.98,-8.381],[-34.98,-8.384],[-34.974,-8.385],[-34.97,-8.391],[-34.961,-8.396],[-34.965,-8.407],[-34.98,-8.439],[-34.984,-8.453],[-34.984,-8.458],[-34.988,-8.464],[-34.995,-8.475],[-35.0,-8.488],[-35.002,-8.497],[-35.0,-8.508],[-35.005,-8.515],[-35.007,-8.524],[-35.006,-8.534],[-35.003,-8.54],[-35.005,-8.543],[-35.003,-8.544],[-35.003,-8.548],[-35.009,-8.554],[-35.009,-8.557],[-35.007,-8.562],[-35.008,-8.565],[-35.014,-8.561],[-35.018,-8.56],[-35.023,-8.561],[-35.034,-8.572],[-35.038,-8.58],[-35.039,-8.586],[-35.044,-8.591],[-35.046,-8.598],[-35.045,-8.603],[-35.046,-8.606],[-35.049,-8.606],[-35.048,-8.609],[-35.048,-8.613],[-35.05,-8.614],[-35.055,-8.619],[-35.071,-8.65],[-35.073,-8.66],[-35.071,-8.668],[-35.072,-8.673],[-35.076,-8.674],[-35.084,-8.682],[-35.085,-8.689],[-35.088,-8.691],[-35.09,-8.695],[-35.079,-8.704],[-35.079,-8.71],[-35.082,-8.712],[-35.088,-8.721],[-35.09,-8.729],[-35.087,-8.737],[-35.086,-8.747],[-35.092,-8.754],[-35.094,-8.758],[-35.1,-8.761],[-35.104,-8.765],[-35.106,-8.773],[-35.103,-8.785],[-35.104,-8.79],[-35.107,-8.794],[-35.114,-8.798],[-35.118,-8.802],[-35.12,-8.808],[-35.125,-8.817],[-35.13,-8.825],[-35.134,-8.836],[-35.134,-8.843],[-35.13,-8.862],[-35.129,-8.867],[-35.136,-8.874],[-35.137,-8.878],[-35.142,-8.886],[-35.144,-8.899],[-35.149,-8.903],[-35.151,-8.907],[-35.153,-8.914],[-35.156,-8.908],[-35.156,-8.903],[-35.165,-8.896],[-35.171,-8.891],[-35.182,-8.888],[-35.186,-8.89],[-35.198,-8.887],[-35.203,-8.888],[-35.209,-8.892],[-35.211,-8.889],[-35.22,-8.889],[-35.222,-8.887],[-35.235,-8.883],[-35.238,-8.883],[-35.253,-8.887],[-35.265,-8.881],[-35.275,-8.877],[-35.278,-8.875],[-35.288,-8.877],[-35.395,-8.85],[-35.4,-8.85],[-35.408,-8.841],[-35.409,-8.838],[-35.414,-8.836],[-35.418,-8.839],[-35.422,-8.837],[-35.424,-8.839],[-35.432,-8.836],[-35.435,-8.84],[-35.44,-8.842],[-35.442,-8.84],[-35.449,-8.842],[-35.456,-8.841],[-35.459,-8.839],[-35.46,-8.832],[-35.463,-8.829],[-35.467,-8.828],[-35.463,-8.824],[-35.464,-8.816],[-35.468,-8.817],[-35.47,-8.813],[-35.471,-8.816],[-35.481,-8.82],[-35.482,-8.826],[-35.49,-8.827],[-35.493,-8.825],[-35.496,-8.828],[-35.5,-8.825],[-35.5,-8.82],[-35.503,-8.822],[-35.507,-8.819],[-35.514,-8.819],[-35.518,-8.817],[-35.52,-8.82],[-35.527,-8.824],[-35.529,-8.827],[-35.533,-8.827],[-35.535,-8.82],[-35.539,-8.82],[-35.547,-8.825],[-35.548,-8.828],[-35.554,-8.829],[-35.56,-8.833],[-35.562,-8.831],[-35.567,-8.835],[-35.568,-8.842],[-35.581,-8.845],[-35.583,-8.846],[-35.588,-8.849],[-35.594,-8.855],[-35.595,-8.86],[-35.606,-8.865],[-35.609,-8.864],[-35.614,-8.864],[-35.62,-8.869],[-35.623,-8.876],[-35.632,-8.881],[-35.644,-8.883],[-35.652,-8.882],[-35.656,-8.88],[-35.661,-8.883],[-35.663,-8.89],[-35.671,-8.897],[-35.677,-8.898],[-35.681,-8.897],[-35.692,-8.901],[-35.7,-8.907],[-35.708,-8.907],[-35.714,-8.905],[-35.723,-8.909],[-35.736,-8.912],[-35.745,-8.917],[-35.748,-8.917],[-35.761,-8.908],[-35.773,-8.906],[-35.778,-8.899],[-35.783,-8.898],[-35.779,-8.889],[-35.784,-8.882],[-35.779,-8.872],[-35.777,-8.869],[-35.776,-8.858],[-35.781,-8.861],[-35.783,-8.856],[-35.788,-8.851],[-35.791,-8.853],[-35.795,-8.848],[-35.8,-8.85],[-35.802,-8.854],[-35.808,-8.86],[-35.812,-8.86],[-35.816,-8.857],[-35.823,-8.857],[-35.825,-8.864],[-35.826,-8.87],[-35.831,-8.868],[-35.84,-8.87],[-35.845,-8.872],[-35.849,-8.872],[-35.85,-8.869],[-35.855,-8.863],[-35.861,-8.859],[-35.876,-8.859],[-35.884,-8.863],[-35.889,-8.863],[-35.893,-8.86],[-35.896,-8.854],[-35.901,-8.862],[-35.907,-8.863],[-35.911,-8.861],[-35.916,-8.868],[-35.922,-8.883],[-35.924,-8.885],[-35.933,-8.885],[-35.943,-8.886],[-35.95,-8.891],[-35.951,-8.892],[-35.956,-8.894],[-35.959,-8.893],[-35.962,-8.895],[-35.964,-8.902],[-35.968,-8.904],[-35.971,-8.9],[-35.98,-8.903],[-35.984,-8.905],[-35.986,-8.903],[-35.992,-8.905],[-36.005,-8.913],[-36.015,-8.912],[-36.026,-8.908],[-36.033,-8.908],[-36.047,-8.912],[-36.057,-8.913],[-36.064,-8.915],[-36.073,-8.926],[-36.076,-8.933],[-36.082,-8.941],[-36.091,-8.946],[-36.101,-8.949],[-36.113,-8.951],[-36.122,-8.953],[-36.128,-8.958],[-36.13,-8.966],[-36.128,-8.977],[-36.125,-8.983],[-36.112,-8.988],[-36.106,-8.994],[-36.104,-8.999],[-36.11,-9.005],[-36.109,-9.008],[-36.114,-9.009],[-36.115,-9.013],[-36.111,-9.018],[-36.115,-9.02],[-36.121,-9.027],[-36.127,-9.034],[-36.138,-9.036],[-36.141,-9.04],[-36.152,-9.043],[-36.155,-9.04],[-36.158,-9.042],[-36.164,-9.04],[-36.173,-9.044],[-36.179,-9.041],[-36.183,-9.044],[-36.189,-9.046],[-36.196,-9.045],[-36.199,-9.047],[-36.203,-9.062],[-36.203,-9.067],[-36.207,-9.072],[-36.21,-9.073],[-36.222,-9.073],[-36.222,-9.077],[-36.223,-9.083],[-36.222,-9.086],[-36.228,-9.095],[-36.236,-9.103],[-36.241,-9.099],[-36.252,-9.1],[-36.256,-9.103],[-36.267,-9.102],[-36.268,-9.104],[-36.267,-9.111],[-36.261,-9.119],[-36.264,-9.126],[-36.258,-9.133],[-36.257,-9.14],[-36.265,-9.166],[-36.262,-9.171],[-36.267,-9.172],[-36.274,-9.166],[-36.286,-9.17],[-36.286,-9.173],[-36.29,-9.174],[-36.295,-9.172],[-36.298,-9.177],[-36.3,-9.176],[-36.306,-9.179],[-36.309,-9.177],[-36.309,-9.173],[-36.312,-9.174],[-36.312,-9.18],[-36.322,-9.185],[-36.323,-9.191],[-36.325,-9.193],[-36.328,-9.201],[-36.339,-9.207],[-36.341,-9.207],[-36.351,-9.201],[-36.354,-9.201],[-36.354,-9.205],[-36.349,-9.213],[-36.349,-9.216],[-36.352,-9.217],[-36.354,-9.22],[-36.358,-9.218],[-36.36,-9.222],[-36.366,-9.223],[-36.371,-9.22],[-36.376,-9.217],[-36.38,-9.22],[-36.386,-9.221],[-36.387,-9.224],[-36.392,-9.225],[-36.403,-9.223],[-36.407,-9.221],[-36.411,-9.224],[-36.415,-9.23],[-36.42,-9.23],[-36.424,-9.226],[-36.425,-9.222],[-36.423,-9.216],[-36.432,-9.212],[-36.439,-9.214],[-36.441,-9.219],[-36.445,-9.22],[-36.448,-9.224],[-36.454,-9.226],[-36.454,-9.232],[-36.46,-9.234],[-36.463,-9.239],[-36.468,-9.241],[-36.471,-9.243],[-36.476,-9.244],[-36.482,-9.239],[-36.487,-9.24],[-36.49,-9.249],[-36.49,-9.253],[-36.493,-9.254],[-36.491,-9.262],[-36.496,-9.262],[-36.499,-9.265],[-36.5,-9.263],[-36.5,-9.265],[-36.553,-9.283],[-36.572,-9.293],[-36.574,-9.309],[-36.571,-9.316],[-36.572,-9.32],[-36.568,-9.318],[-36.564,-9.324],[-36.567,-9.325],[-36.567,-9.331],[-36.571,-9.332],[-36.578,-9.335],[-36.585,-9.336],[-36.586,-9.338],[-36.592,-9.335],[-36.595,-9.337],[-36.603,-9.338],[-36.603,-9.341],[-36.607,-9.341],[-36.609,-9.333],[-36.613,-9.334],[-36.616,-9.329],[-36.615,-9.324],[-36.619,-9.327],[-36.625,-9.328],[-36.625,-9.332],[-36.629,-9.332],[-36.629,-9.328],[-36.635,-9.327],[-36.635,-9.321],[-36.642,-9.32],[-36.645,-9.314],[-36.65,-9.315],[-36.655,-9.313],[-36.659,-9.316],[-36.663,-9.314],[-36.67,-9.313],[-36.673,-9.31],[-36.675,-9.31],[-36.678,-9.307],[-36.687,-9.301],[-36.689,-9.296],[-36.7,-9.293],[-36.762,-9.271],[-36.797,-9.28],[-36.836,-9.289],[-36.84,-9.288],[-36.847,-9.278],[-36.853,-9.276],[-36.858,-9.273],[-36.867,-9.269],[-36.873,-9.269],[-36.875,-9.274],[-36.88,-9.276],[-36.875,-9.277],[-36.89,-9.284],[-36.898,-9.281],[-36.901,-9.283],[-36.914,-9.296],[-36.918,-9.305],[-36.921,-9.31],[-36.922,-9.318],[-36.927,-9.323],[-36.927,-9.327],[-36.921,-9.332],[-36.922,-9.34],[-36.93,-9.347],[-36.937,-9.35],[-36.938,-9.356],[-36.937,-9.361],[-36.93,-9.37],[-36.933,-9.374],[-36.94,-9.38],[-36.946,-9.383],[-36.955,-9.381],[-36.969,-9.369],[-36.979,-9.36],[-36.991,-9.356],[-37.003,-9.353],[-37.007,-9.347],[-37.013,-9.339],[-37.018,-9.324],[-37.024,-9.316],[-37.032,-9.314],[-37.04,-9.316],[-37.048,-9.315],[-37.053,-9.308],[-37.055,-9.307],[-37.058,-9.318],[-37.062,-9.304],[-37.062,-9.297],[-37.058,-9.291],[-37.057,-9.282],[-37.063,-9.274],[-37.067,-9.267],[-37.078,-9.256],[-37.091,-9.246],[-37.099,-9.244],[-37.108,-9.239],[-37.116,-9.241],[-37.126,-9.253],[-37.13,-9.26],[-37.142,-9.268],[-37.153,-9.271],[-37.157,-9.273],[-37.164,-9.276],[-37.169,-9.272],[-37.169,-9.263],[-37.17,-9.258],[-37.168,-9.252],[-37.161,-9.244],[-37.159,-9.24],[-37.16,-9.238],[-37.198,-9.215],[-37.202,-9.218],[-37.207,-9.218],[-37.212,-9.221],[-37.216,-9.226],[-37.22,-9.228],[-37.23,-9.238],[-37.234,-9.24],[-37.234,-9.232],[-37.23,-9.23],[-37.229,-9.226],[-37.232,-9.222],[-37.233,-9.212],[-37.235,-9.205],[-37.239,-9.203],[-37.241,-9.198],[-37.247,-9.19],[-37.243,-9.186],[-37.247,-9.179],[-37.253,-9.173],[-37.26,-9.165],[-37.262,-9.164],[-37.263,-9.159],[-37.267,-9.159],[-37.271,-9.156],[-37.278,-9.153],[-37.282,-9.149],[-37.288,-9.136],[-37.297,-9.121],[-37.304,-9.117],[-37.311,-9.108],[-37.311,-9.1],[-37.317,-9.092],[-37.324,-9.094],[-37.328,-9.093],[-37.332,-9.089],[-37.334,-9.082],[-37.359,-9.054],[-37.391,-9.027],[-37.396,-9.028],[-37.397,-9.026],[-37.396,-9.02],[-37.402,-9.019],[-37.404,-9.014],[-37.411,-9.009],[-37.417,-9.007],[-37.431,-9.008],[-37.439,-9.006],[-37.453,-9.002],[-37.46,-9.001],[-37.468,-8.999],[-37.477,-8.993],[-37.48,-8.993],[-37.484,-8.989],[-37.493,-8.993],[-37.492,-8.988],[-37.496,-8.981],[-37.497,-8.972],[-37.499,-8.969],[-37.504,-8.965],[-37.509,-8.967],[-37.517,-8.966],[-37.519,-8.968],[-37.525,-8.963],[-37.528,-8.96],[-37.533,-8.96],[-37.546,-8.961],[-37.556,-8.97],[-37.56,-8.972],[-37.572,-8.972],[-37.596,-8.969],[-37.599,-8.971],[-37.61,-8.988],[-37.628,-8.998],[-37.629,-9.0],[-37.638,-9.004],[-37.641,-9.001],[-37.64,-8.995],[-37.645,-8.993],[-37.652,-8.995],[-37.658,-8.993],[-37.658,-8.986],[-37.667,-8.989],[-37.682,-8.997],[-37.687,-8.988],[-37.691,-8.99],[-37.698,-8.991],[-37.7,-8.984],[-37.698,-8.985],[-37.695,-8.982],[-37.687,-8.98],[-37.684,-8.976],[-37.679,-8.977],[-37.672,-8.974],[-37.689,-8.956],[-37.69,-8.949],[-37.699,-8.945],[-37.7,-8.94],[-37.699,-8.936],[-37.704,-8.922],[-37.719,-8.908]]],[[[-35.024,-8.609],[-35.02,-8.612],[-35.026,-8.613],[-35.024,-8.609]]],[[[-34.958,-8.386],[-34.962,-8.388],[-34.966,-8.387],[-34.968,-8.382],[-34.965,-8.372],[-34.958,-8.375],[-34.957,-8.38],[-34.958,-8.386]]],[[[-34.84,-7.817],[-34.84,-7.816],[-34.837,-7.817],[-34.84,-7.817]]],[[[-32.435,-3.873],[-32.434,-3.874],[-32.436,-3.875],[-32.435,-3.873]]],[[[-32.42,-3.871],[-32.417,-3.872],[-32.419,-3.872],[-32.42,-3.871]]],[[[-32.414,-3.867],[-32.414,-3.868],[-32.415,-3.868],[-32.414,-3.867]]],[[[-32.401,-3.861],[-32.402,-3.861],[-32.401,-3.86],[-32.401,-3.861]]],[[[-32.398,-3.828],[-32.397,-3.835],[-32.399,-3.837],[-32.397,-3.843],[-32.395,-3.85],[-32.392,-3.851],[-32.397,-3.853],[-32.397,-3.857],[-32.409,-3.858],[-32.41,-3.863],[-32.417,-3.863],[-32.418,-3.868],[-32.422,-3.869],[-32.422,-3.867],[-32.426,-3.867],[-32.426,-3.87],[-32.423,-3.872],[-32.426,-3.877],[-32.428,-3.871],[-32.43,-3.873],[-32.435,-3.87],[-32.442,-3.871],[-32.448,-3.875],[-32.451,-3.875],[-32.457,-3.878],[-32.457,-3.881],[-32.462,-3.878],[-32.464,-3.88],[-32.469,-3.877],[-32.475,-3.876],[-32.471,-3.875],[-32.468,-3.877],[-32.464,-3.873],[-32.46,-3.872],[-32.457,-3.866],[-32.453,-3.865],[-32.448,-3.862],[-32.449,-3.856],[-32.443,-3.853],[-32.444,-3.851],[-32.436,-3.849],[-32.426,-3.843],[-32.413,-3.84],[-32.41,-3.837],[-32.408,-3.838],[-32.401,-3.834],[-32.399,-3.831],[-32.401,-3.826],[-32.398,-3.828]]],[[[-32.442,-3.849],[-32.441,-3.849],[-32.441,-3.85],[-32.442,-3.849]]],[[[-32.442,-3.849],[-32.443,-3.849],[-32.442,-3.848],[-32.442,-3.849]]],[[[-32.392,-3.823],[-32.392,-3.825],[-32.395,-3.825],[-32.392,-3.823]]],[[[-32.395,-3.819],[-32.39,-3.818],[-32.392,-3.821],[-32.395,-3.819]]],[[[-32.378,-3.806],[-32.382,-3.814],[-32.39,-3.816],[-32.39,-3.813],[-32.394,-3.813],[-32.389,-3.81],[-32.388,-3.807],[-32.382,-3.811],[-32.379,-3.805],[-32.378,-3.806]]]]}}]}