{"type":"FeatureCollection","features":[{"type":"Feature","properties":{"c":"4200051"},"geometry":{"type":"Polygon","coordinates":[[[-51.179,-27.595],[-51.174,-27.593],[-51.171,-27.585],[-51.166,-27.584],[-51.161,-27.587],[-51.149,-27.582],[-51.143,-27.578],[-51.138,-27.562],[-51.134,-27.559],[-51.136,-27.551],[-51.134,-27.543],[-51.129,-27.54],[-51.125,-27.539],[-51.125,-27.533],[-51.122,-27.529],[-51.117,-27.53],[-51.116,-27.528],[-51.108,-27.527],[-51.105,-27.528],[-51.095,-27.526],[-51.094,-27.524],[-51.089,-27.522],[-51.089,-27.518],[-51.085,-27.512],[-51.083,-27.507],[-51.077,-27.508],[-51.073,-27.511],[-51.071,-27.513],[-51.068,-27.511],[-51.062,-27.509],[-51.059,-27.511],[-51.051,-27.508],[-51.044,-27.506],[-51.042,-27.504],[-51.034,-27.514],[-51.031,-27.515],[-51.028,-27.522],[-51.026,-27.525],[-51.022,-27.525],[-51.018,-27.531],[-51.011,-27.532],[-51.008,-27.531],[-51.0,-27.531],[-50.997,-27.533],[-50.99,-27.534],[-50.986,-27.531],[-50.973,-27.536],[-50.97,-27.534],[-50.964,-27.54],[-50.969,-27.549],[-50.964,-27.55],[-50.96,-27.555],[-50.959,-27.559],[-50.938,-27.567],[-50.932,-27.576],[-50.935,-27.58],[-50.941,-27.573],[-50.945,-27.571],[-50.956,-27.569],[-50.967,-27.57],[-50.969,-27.572],[-50.971,-27.577],[-50.964,-27.585],[-50.958,-27.587],[-50.955,-27.591],[-50.955,-27.598],[-50.963,-27.598],[-50.97,-27.601],[-50.987,-27.605],[-50.993,-27.61],[-50.994,-27.614],[-50.992,-27.619],[-50.985,-27.625],[-50.973,-27.631],[-50.969,-27.634],[-50.961,-27.642],[-50.959,-27.646],[-50.963,-27.653],[-50.971,-27.658],[-50.976,-27.661],[-50.985,-27.659],[-50.992,-27.659],[-51.002,-27.665],[-51.005,-27.663],[-51.005,-27.659],[-51.003,-27.655],[-50.995,-27.647],[-50.993,-27.643],[-50.997,-27.64],[-51.005,-27.639],[-51.017,-27.639],[-51.026,-27.643],[-51.03,-27.643],[-51.047,-27.64],[-51.051,-27.64],[-51.051,-27.645],[-51.044,-27.65],[-51.044,-27.653],[-51.053,-27.652],[-51.063,-27.647],[-51.069,-27.646],[-51.073,-27.648],[-51.081,-27.655],[-51.088,-27.655],[-51.088,-27.652],[-51.087,-27.645],[-51.082,-27.637],[-51.082,-27.632],[-51.086,-27.629],[-51.091,-27.63],[-51.097,-27.633],[-51.102,-27.634],[-51.106,-27.632],[-51.114,-27.623],[-51.12,-27.621],[-51.13,-27.624],[-51.136,-27.62],[-51.139,-27.614],[-51.146,-27.615],[-51.156,-27.625],[-51.16,-27.626],[-51.168,-27.626],[-51.177,-27.621],[-51.183,-27.62],[-51.186,-27.615],[-51.185,-27.609],[-51.178,-27.603],[-51.177,-27.6],[-51.179,-27.595]]]}},{"type":"Feature","properties":{"c":"4200101"},"geometry":{"type":"Polygon","coordinates":[[[-52.37,-26.67],[-52.372,-26.674],[-52.382,-26.674],[-52.384,-26.681],[-52.393,-26.684],[-52.397,-26.678],[-52.4,-26.671],[-52.407,-26.67],[-52.411,-26.665],[-52.411,-26.66],[-52.415,-26.658],[-52.409,-26.652],[-52.41,-26.65],[-52.4,-26.645],[-52.394,-26.645],[-52.393,-26.637],[-52.398,-26.635],[-52.399,-26.629],[-52.405,-26.621],[-52.412,-26.616],[-52.416,-26.615],[-52.416,-26.61],[-52.417,-26.606],[-52.414,-26.601],[-52.418,-26.593],[-52.418,-26.587],[-52.425,-26.582],[-52.432,-26.582],[-52.437,-26.585],[-52.446,-26.586],[-52.457,-26.584],[-52.459,-26.583],[-52.459,-26.577],[-52.465,-26.57],[-52.463,-26.567],[-52.464,-26.554],[-52.468,-26.554],[-52.468,-26.551],[-52.475,-26.545],[-52.478,-26.541],[-52.478,-26.532],[-52.48,-26.529],[-52.477,-26.527],[-52.473,-26.514],[-52.471,-26.516],[-52.466,-26.509],[-52.472,-26.508],[-52.474,-26.505],[-52.474,-26.5],[-52.476,-26.497],[-52.475,-26.492],[-52.48,-26.489],[-52.479,-26.487],[-52.479,-26.481],[-52.482,-26.476],[-52.479,-26.463],[-52.475,-26.458],[-52.465,-26.454],[-52.461,-26.454],[-52.455,-26.45],[-52.452,-26.45],[-52.443,-26.438],[-52.433,-26.44],[-52.429,-26.438],[-52.419,-26.437],[-52.411,-26.431],[-52.403,-26.428],[-52.4,-26.423],[-52.398,-26.429],[-52.393,-26.432],[-52.38,-26.439],[-52.377,-26.441],[-52.368,-26.433],[-52.361,-26.435],[-52.357,-26.44],[-52.352,-26.441],[-52.349,-26.441],[-52.345,-26.435],[-52.341,-26.435],[-52.338,-26.442],[-52.335,-26.443],[-52.332,-26.44],[-52.325,-26.442],[-52.324,-26.439],[-52.32,-26.44],[-52.312,-26.439],[-52.304,-26.441],[-52.293,-26.453],[-52.288,-26.457],[-52.277,-26.461],[-52.27,-26.46],[-52.262,-26.454],[-52.253,-26.457],[-52.241,-26.463],[-52.235,-26.464],[-52.23,-26.467],[-52.224,-26.467],[-52.222,-26.465],[-52.216,-26.464],[-52.203,-26.459],[-52.191,-26.446],[-52.186,-26.445],[-52.183,-26.447],[-52.177,-26.455],[-52.174,-26.456],[-52.167,-26.465],[-52.155,-26.468],[-52.148,-26.472],[-52.143,-26.473],[-52.137,-26.469],[-52.133,-26.472],[-52.133,-26.474],[-52.13,-26.477],[-52.12,-26.477],[-52.112,-26.475],[-52.107,-26.479],[-52.101,-26.482],[-52.097,-26.487],[-52.096,-26.498],[-52.098,-26.501],[-52.094,-26.513],[-52.091,-26.513],[-52.089,-26.509],[-52.082,-26.519],[-52.081,-26.525],[-52.079,-26.526],[-52.072,-26.526],[-52.065,-26.523],[-52.06,-26.53],[-52.057,-26.528],[-52.052,-26.53],[-52.048,-26.535],[-52.044,-26.535],[-52.042,-26.537],[-52.034,-26.54],[-52.031,-26.542],[-52.032,-26.547],[-52.029,-26.547],[-52.03,-26.552],[-52.025,-26.554],[-52.029,-26.556],[-52.028,-26.572],[-52.027,-26.581],[-52.035,-26.589],[-52.028,-26.593],[-52.033,-26.596],[-52.038,-26.597],[-52.038,-26.599],[-52.042,-26.6],[-52.047,-26.609],[-52.046,-26.614],[-52.05,-26.62],[-52.05,-26.625],[-52.054,-26.63],[-52.055,-26.637],[-52.053,-26.641],[-52.06,-26.655],[-52.069,-26.659],[-52.07,-26.661],[-52.065,-26.67],[-52.06,-26.671],[-52.066,-26.672],[-52.065,-26.676],[-52.067,-26.678],[-52.072,-26.677],[-52.081,-26.684],[-52.086,-26.687],[-52.088,-26.681],[-52.087,-26.676],[-52.093,-26.679],[-52.097,-26.678],[-52.096,-26.676],[-52.088,-26.673],[-52.087,-26.67],[-52.09,-26.669],[-52.094,-26.671],[-52.097,-26.674],[-52.101,-26.674],[-52.099,-26.68],[-52.102,-26.681],[-52.107,-26.679],[-52.109,-26.679],[-52.109,-26.687],[-52.111,-26.689],[-52.117,-26.688],[-52.116,-26.682],[-52.121,-26.681],[-52.125,-26.685],[-52.132,-26.686],[-52.134,-26.684],[-52.133,-26.679],[-52.138,-26.674],[-52.146,-26.671],[-52.148,-26.672],[-52.149,-26.677],[-52.144,-26.684],[-52.145,-26.687],[-52.142,-26.694],[-52.138,-26.695],[-52.135,-26.702],[-52.131,-26.705],[-52.134,-26.713],[-52.133,-26.718],[-52.128,-26.726],[-52.126,-26.724],[-52.123,-26.725],[-52.127,-26.726],[-52.133,-26.727],[-52.136,-26.723],[-52.141,-26.722],[-52.148,-26.724],[-52.152,-26.727],[-52.158,-26.725],[-52.163,-26.726],[-52.171,-26.724],[-52.176,-26.72],[-52.182,-26.717],[-52.185,-26.713],[-52.179,-26.704],[-52.178,-26.701],[-52.185,-26.698],[-52.186,-26.696],[-52.184,-26.69],[-52.186,-26.684],[-52.18,-26.68],[-52.186,-26.669],[-52.192,-26.668],[-52.198,-26.664],[-52.206,-26.664],[-52.214,-26.667],[-52.22,-26.666],[-52.216,-26.67],[-52.219,-26.674],[-52.227,-26.678],[-52.23,-26.678],[-52.233,-26.681],[-52.254,-26.676],[-52.281,-26.644],[-52.305,-26.653],[-52.333,-26.663],[-52.339,-26.667],[-52.347,-26.664],[-52.35,-26.666],[-52.352,-26.662],[-52.358,-26.661],[-52.36,-26.664],[-52.366,-26.664],[-52.37,-26.67]]]}},{"type":"Feature","properties":{"c":"4200200"},"geometry":{"type":"Polygon","coordinates":[[[-49.907,-27.432],[-49.906,-27.429],[-49.9,-27.423],[-49.892,-27.424],[-49.889,-27.42],[-49.887,-27.413],[-49.881,-27.41],[-49.875,-27.41],[-49.873,-27.406],[-49.872,-27.398],[-49.866,-27.393],[-49.862,-27.393],[-49.862,-27.388],[-49.866,-27.384],[-49.865,-27.378],[-49.863,-27.378],[-49.856,-27.368],[-49.857,-27.365],[-49.852,-27.361],[-49.85,-27.356],[-49.848,-27.357],[-49.841,-27.349],[-49.833,-27.348],[-49.831,-27.352],[-49.825,-27.355],[-49.825,-27.358],[-49.807,-27.355],[-49.805,-27.358],[-49.801,-27.358],[-49.797,-27.361],[-49.788,-27.363],[-49.781,-27.365],[-49.782,-27.368],[-49.779,-27.371],[-49.767,-27.375],[-49.766,-27.377],[-49.759,-27.379],[-49.759,-27.382],[-49.755,-27.383],[-49.755,-27.388],[-49.753,-27.39],[-49.75,-27.396],[-49.757,-27.402],[-49.764,-27.403],[-49.766,-27.406],[-49.771,-27.408],[-49.783,-27.414],[-49.789,-27.422],[-49.791,-27.422],[-49.794,-27.432],[-49.798,-27.434],[-49.803,-27.444],[-49.808,-27.444],[-49.809,-27.448],[-49.812,-27.448],[-49.812,-27.452],[-49.809,-27.455],[-49.81,-27.459],[-49.814,-27.466],[-49.817,-27.473],[-49.815,-27.48],[-49.811,-27.482],[-49.81,-27.485],[-49.805,-27.485],[-49.801,-27.487],[-49.794,-27.48],[-49.796,-27.478],[-49.788,-27.476],[-49.781,-27.471],[-49.776,-27.471],[-49.772,-27.469],[-49.771,-27.465],[-49.762,-27.468],[-49.769,-27.472],[-49.772,-27.476],[-49.778,-27.479],[-49.778,-27.485],[-49.784,-27.484],[-49.786,-27.488],[-49.783,-27.491],[-49.782,-27.497],[-49.787,-27.496],[-49.784,-27.501],[-49.779,-27.503],[-49.778,-27.507],[-49.775,-27.506],[-49.771,-27.509],[-49.756,-27.517],[-49.754,-27.521],[-49.756,-27.523],[-49.756,-27.532],[-49.76,-27.532],[-49.761,-27.539],[-49.763,-27.542],[-49.765,-27.551],[-49.762,-27.555],[-49.767,-27.558],[-49.769,-27.562],[-49.77,-27.569],[-49.768,-27.579],[-49.763,-27.58],[-49.763,-27.581],[-49.772,-27.584],[-49.775,-27.586],[-49.779,-27.586],[-49.784,-27.582],[-49.787,-27.578],[-49.791,-27.57],[-49.797,-27.567],[-49.802,-27.564],[-49.807,-27.563],[-49.811,-27.557],[-49.815,-27.558],[-49.821,-27.551],[-49.826,-27.55],[-49.825,-27.547],[-49.832,-27.539],[-49.835,-27.539],[-49.831,-27.536],[-49.834,-27.532],[-49.832,-27.53],[-49.84,-27.524],[-49.839,-27.522],[-49.845,-27.516],[-49.845,-27.513],[-49.849,-27.511],[-49.848,-27.507],[-49.851,-27.505],[-49.851,-27.5],[-49.848,-27.498],[-49.85,-27.494],[-49.867,-27.499],[-49.87,-27.497],[-49.88,-27.495],[-49.891,-27.498],[-49.894,-27.495],[-49.894,-27.49],[-49.888,-27.483],[-49.893,-27.484],[-49.893,-27.472],[-49.892,-27.468],[-49.888,-27.466],[-49.894,-27.461],[-49.894,-27.458],[-49.897,-27.46],[-49.899,-27.457],[-49.903,-27.455],[-49.901,-27.451],[-49.905,-27.446],[-49.907,-27.441],[-49.911,-27.442],[-49.911,-27.438],[-49.907,-27.434],[-49.907,-27.432]]]}},{"type":"Feature","properties":{"c":"4200309"},"geometry":{"type":"Polygon","coordinates":[[[-49.659,-27.388],[-49.66,-27.392],[-49.667,-27.393],[-49.675,-27.392],[-49.684,-27.394],[-49.691,-27.393],[-49.693,-27.391],[-49.703,-27.386],[-49.704,-27.389],[-49.708,-27.393],[-49.713,-27.394],[-49.716,-27.391],[-49.725,-27.389],[-49.73,-27.389],[-49.731,-27.391],[-49.737,-27.394],[-49.743,-27.398],[-49.75,-27.396],[-49.753,-27.39],[-49.755,-27.388],[-49.755,-27.383],[-49.759,-27.382],[-49.759,-27.379],[-49.766,-27.377],[-49.767,-27.375],[-49.763,-27.365],[-49.766,-27.355],[-49.764,-27.348],[-49.765,-27.345],[-49.769,-27.344],[-49.772,-27.342],[-49.768,-27.333],[-49.763,-27.329],[-49.762,-27.322],[-49.759,-27.311],[-49.759,-27.306],[-49.761,-27.297],[-49.758,-27.291],[-49.763,-27.288],[-49.761,-27.284],[-49.756,-27.28],[-49.755,-27.283],[-49.753,-27.28],[-49.756,-27.275],[-49.758,-27.27],[-49.766,-27.269],[-49.773,-27.267],[-49.779,-27.263],[-49.78,-27.261],[-49.778,-27.252],[-49.775,-27.251],[-49.773,-27.247],[-49.768,-27.248],[-49.763,-27.247],[-49.759,-27.245],[-49.754,-27.246],[-49.754,-27.248],[-49.749,-27.252],[-49.744,-27.257],[-49.74,-27.259],[-49.737,-27.263],[-49.732,-27.262],[-49.724,-27.257],[-49.72,-27.255],[-49.708,-27.25],[-49.705,-27.25],[-49.693,-27.245],[-49.691,-27.245],[-49.699,-27.25],[-49.696,-27.256],[-49.696,-27.269],[-49.694,-27.275],[-49.697,-27.281],[-49.695,-27.284],[-49.693,-27.29],[-49.684,-27.289],[-49.682,-27.291],[-49.689,-27.3],[-49.692,-27.304],[-49.687,-27.308],[-49.687,-27.311],[-49.69,-27.317],[-49.685,-27.319],[-49.681,-27.317],[-49.676,-27.324],[-49.673,-27.33],[-49.678,-27.333],[-49.676,-27.337],[-49.669,-27.338],[-49.668,-27.344],[-49.666,-27.349],[-49.666,-27.357],[-49.668,-27.36],[-49.664,-27.365],[-49.663,-27.37],[-49.66,-27.374],[-49.659,-27.388]]]}},{"type":"Feature","properties":{"c":"4200408"},"geometry":{"type":"Polygon","coordinates":[[[-51.6,-27.052],[-51.605,-27.046],[-51.604,-27.044],[-51.609,-27.042],[-51.61,-27.044],[-51.619,-27.041],[-51.619,-27.038],[-51.616,-27.035],[-51.618,-27.028],[-51.613,-27.019],[-51.613,-27.013],[-51.615,-27.002],[-51.612,-26.998],[-51.617,-26.993],[-51.613,-26.985],[-51.609,-26.983],[-51.609,-26.979],[-51.629,-26.979],[-51.632,-26.971],[-51.635,-26.966],[-51.636,-26.962],[-51.634,-26.956],[-51.635,-26.952],[-51.631,-26.947],[-51.633,-26.943],[-51.632,-26.941],[-51.618,-26.938],[-51.625,-26.936],[-51.64,-26.933],[-51.648,-26.934],[-51.66,-26.93],[-51.661,-26.931],[-51.666,-26.927],[-51.667,-26.931],[-51.674,-26.933],[-51.676,-26.931],[-51.681,-26.932],[-51.686,-26.93],[-51.691,-26.931],[-51.69,-26.929],[-51.689,-26.923],[-51.686,-26.914],[-51.676,-26.913],[-51.672,-26.912],[-51.671,-26.906],[-51.673,-26.905],[-51.674,-26.901],[-51.676,-26.898],[-51.675,-26.894],[-51.676,-26.889],[-51.673,-26.885],[-51.691,-26.89],[-51.69,-26.883],[-51.695,-26.877],[-51.694,-26.869],[-51.691,-26.857],[-51.694,-26.852],[-51.698,-26.852],[-51.702,-26.857],[-51.705,-26.857],[-51.707,-26.852],[-51.717,-26.852],[-51.718,-26.854],[-51.725,-26.853],[-51.722,-26.849],[-51.725,-26.847],[-51.725,-26.845],[-51.719,-26.841],[-51.714,-26.834],[-51.714,-26.829],[-51.713,-26.825],[-51.708,-26.825],[-51.701,-26.821],[-51.689,-26.819],[-51.688,-26.821],[-51.679,-26.818],[-51.702,-26.792],[-51.707,-26.79],[-51.717,-26.79],[-51.725,-26.787],[-51.73,-26.788],[-51.731,-26.79],[-51.734,-26.788],[-51.74,-26.786],[-51.742,-26.782],[-51.752,-26.777],[-51.752,-26.775],[-51.756,-26.775],[-51.761,-26.779],[-51.762,-26.784],[-51.766,-26.788],[-51.769,-26.786],[-51.77,-26.782],[-51.777,-26.781],[-51.776,-26.776],[-51.776,-26.769],[-51.779,-26.771],[-51.784,-26.772],[-51.786,-26.77],[-51.782,-26.769],[-51.785,-26.767],[-51.781,-26.763],[-51.784,-26.76],[-51.783,-26.757],[-51.774,-26.75],[-51.775,-26.745],[-51.765,-26.738],[-51.757,-26.736],[-51.77,-26.728],[-51.775,-26.718],[-51.779,-26.712],[-51.778,-26.709],[-51.782,-26.707],[-51.785,-26.708],[-51.79,-26.704],[-51.791,-26.701],[-51.798,-26.699],[-51.804,-26.698],[-51.805,-26.694],[-51.81,-26.693],[-51.812,-26.7],[-51.817,-26.699],[-51.821,-26.695],[-51.825,-26.696],[-51.825,-26.702],[-51.832,-26.701],[-51.834,-26.703],[-51.843,-26.7],[-51.847,-26.706],[-51.853,-26.71],[-51.856,-26.709],[-51.855,-26.695],[-51.853,-26.693],[-51.854,-26.689],[-51.847,-26.689],[-51.85,-26.682],[-51.854,-26.687],[-51.856,-26.686],[-51.862,-26.688],[-51.864,-26.691],[-51.87,-26.691],[-51.871,-26.687],[-51.88,-26.684],[-51.884,-26.679],[-51.883,-26.676],[-51.875,-26.677],[-51.867,-26.677],[-51.86,-26.673],[-51.855,-26.673],[-51.855,-26.669],[-51.852,-26.667],[-51.852,-26.663],[-51.846,-26.66],[-51.849,-26.66],[-51.849,-26.654],[-51.852,-26.654],[-51.853,-26.651],[-51.846,-26.648],[-51.848,-26.641],[-51.837,-26.631],[-51.833,-26.625],[-51.833,-26.619],[-51.831,-26.617],[-51.833,-26.613],[-51.832,-26.609],[-51.829,-26.608],[-51.833,-26.603],[-51.828,-26.601],[-51.822,-26.596],[-51.82,-26.586],[-51.824,-26.582],[-51.821,-26.579],[-51.814,-26.577],[-51.81,-26.581],[-51.811,-26.585],[-51.792,-26.588],[-51.784,-26.588],[-51.76,-26.581],[-51.738,-26.573],[-51.732,-26.572],[-51.72,-26.575],[-51.711,-26.575],[-51.704,-26.581],[-51.696,-26.581],[-51.693,-26.581],[-51.672,-26.565],[-51.664,-26.564],[-51.658,-26.565],[-51.65,-26.572],[-51.642,-26.577],[-51.632,-26.587],[-51.622,-26.588],[-51.611,-26.589],[-51.603,-26.584],[-51.597,-26.584],[-51.581,-26.588],[-51.57,-26.59],[-51.562,-26.588],[-51.551,-26.591],[-51.542,-26.59],[-51.536,-26.592],[-51.519,-26.588],[-51.511,-26.581],[-51.508,-26.581],[-51.5,-26.584],[-51.495,-26.587],[-51.489,-26.597],[-51.48,-26.606],[-51.479,-26.609],[-51.485,-26.61],[-51.485,-26.615],[-51.488,-26.623],[-51.485,-26.625],[-51.48,-26.621],[-51.475,-26.619],[-51.469,-26.621],[-51.455,-26.641],[-51.457,-26.646],[-51.456,-26.654],[-51.451,-26.658],[-51.447,-26.662],[-51.439,-26.667],[-51.437,-26.683],[-51.435,-26.688],[-51.425,-26.694],[-51.419,-26.695],[-51.411,-26.698],[-51.407,-26.701],[-51.41,-26.705],[-51.412,-26.714],[-51.411,-26.717],[-51.412,-26.721],[-51.441,-26.761],[-51.441,-26.764],[-51.446,-26.766],[-51.445,-26.768],[-51.448,-26.772],[-51.456,-26.774],[-51.457,-26.778],[-51.46,-26.783],[-51.468,-26.786],[-51.47,-26.794],[-51.468,-26.799],[-51.47,-26.803],[-51.462,-26.809],[-51.46,-26.813],[-51.452,-26.814],[-51.441,-26.822],[-51.432,-26.824],[-51.432,-26.83],[-51.426,-26.832],[-51.43,-26.838],[-51.425,-26.842],[-51.426,-26.845],[-51.436,-26.856],[-51.51,-26.839],[-51.53,-26.879],[-51.532,-26.893],[-51.537,-26.927],[-51.537,-26.93],[-51.54,-26.932],[-51.54,-26.94],[-51.535,-26.945],[-51.534,-26.949],[-51.526,-26.956],[-51.516,-26.962],[-51.515,-26.963],[-51.508,-26.96],[-51.504,-26.969],[-51.505,-26.97],[-51.503,-26.976],[-51.497,-26.979],[-51.495,-26.983],[-51.495,-26.987],[-51.489,-26.99],[-51.494,-26.993],[-51.49,-26.997],[-51.482,-27.0],[-51.474,-27.008],[-51.472,-27.012],[-51.465,-27.014],[-51.461,-27.014],[-51.459,-27.01],[-51.455,-27.012],[-51.455,-27.014],[-51.451,-27.018],[-51.462,-27.028],[-51.463,-27.036],[-51.459,-27.04],[-51.46,-27.045],[-51.457,-27.062],[-51.45,-27.067],[-51.457,-27.07],[-51.462,-27.064],[-51.465,-27.058],[-51.474,-27.06],[-51.474,-27.058],[-51.467,-27.052],[-51.467,-27.05],[-51.475,-27.054],[-51.479,-27.046],[-51.482,-27.045],[-51.48,-27.052],[-51.484,-27.054],[-51.489,-27.061],[-51.492,-27.062],[-51.495,-27.054],[-51.492,-27.054],[-51.489,-27.05],[-51.49,-27.048],[-51.497,-27.049],[-51.497,-27.054],[-51.502,-27.053],[-51.503,-27.058],[-51.506,-27.056],[-51.506,-27.049],[-51.509,-27.051],[-51.514,-27.049],[-51.518,-27.046],[-51.522,-27.049],[-51.522,-27.046],[-51.526,-27.046],[-51.527,-27.049],[-51.535,-27.054],[-51.541,-27.056],[-51.553,-27.055],[-51.56,-27.051],[-51.57,-27.048],[-51.576,-27.048],[-51.582,-27.052],[-51.589,-27.053],[-51.595,-27.049],[-51.6,-27.052]]]}},{"type":"Feature","properties":{"c":"4200507"},"geometry":{"type":"Polygon","coordinates":[[[-52.965,-26.963],[-52.957,-26.955],[-52.949,-26.95],[-52.942,-26.947],[-52.937,-26.947],[-52.934,-26.948],[-52.937,-26.956],[-52.943,-26.962],[-52.941,-26.966],[-52.927,-26.964],[-52.923,-26.965],[-52.915,-26.968],[-52.905,-26.974],[-52.903,-26.999],[-52.9,-27.033],[-52.897,-27.065],[-52.899,-27.065],[-52.898,-27.086],[-52.906,-27.082],[-52.914,-27.085],[-52.924,-27.089],[-52.927,-27.084],[-52.931,-27.085],[-52.931,-27.089],[-52.935,-27.089],[-52.934,-27.093],[-52.938,-27.093],[-52.942,-27.089],[-52.943,-27.091],[-52.943,-27.097],[-52.946,-27.096],[-52.951,-27.099],[-52.949,-27.103],[-52.952,-27.103],[-52.955,-27.099],[-52.959,-27.101],[-52.96,-27.109],[-52.963,-27.112],[-52.96,-27.115],[-52.964,-27.12],[-52.97,-27.123],[-52.971,-27.127],[-52.976,-27.129],[-52.983,-27.128],[-52.988,-27.132],[-52.986,-27.135],[-52.983,-27.136],[-52.984,-27.139],[-52.992,-27.14],[-52.995,-27.137],[-53.0,-27.135],[-53.006,-27.137],[-53.018,-27.153],[-53.026,-27.159],[-53.032,-27.159],[-53.038,-27.158],[-53.041,-27.153],[-53.044,-27.144],[-53.045,-27.134],[-53.041,-27.125],[-53.033,-27.116],[-53.025,-27.109],[-53.02,-27.105],[-53.018,-27.099],[-53.018,-27.093],[-53.013,-27.096],[-53.006,-27.098],[-52.993,-27.099],[-52.991,-27.094],[-52.99,-27.081],[-52.993,-27.073],[-52.994,-27.067],[-52.993,-27.065],[-52.987,-27.064],[-52.975,-27.068],[-52.97,-27.068],[-52.969,-27.064],[-52.982,-27.046],[-52.983,-27.039],[-52.982,-27.036],[-52.976,-27.036],[-52.971,-27.038],[-52.955,-27.041],[-52.946,-27.038],[-52.949,-27.033],[-52.952,-27.031],[-52.963,-27.029],[-52.968,-27.026],[-52.97,-27.023],[-52.969,-27.019],[-52.963,-27.015],[-52.951,-27.006],[-52.951,-27.003],[-52.957,-26.999],[-52.962,-26.996],[-52.969,-26.995],[-52.972,-26.993],[-52.98,-26.984],[-52.979,-26.978],[-52.976,-26.974],[-52.965,-26.963]]]}},{"type":"Feature","properties":{"c":"4200556"},"geometry":{"type":"Polygon","coordinates":[[[-52.906,-26.862],[-52.901,-26.858],[-52.901,-26.854],[-52.903,-26.85],[-52.907,-26.85],[-52.912,-26.854],[-52.916,-26.848],[-52.919,-26.846],[-52.92,-26.842],[-52.914,-26.836],[-52.908,-26.835],[-52.907,-26.83],[-52.905,-26.827],[-52.902,-26.827],[-52.895,-26.823],[-52.894,-26.814],[-52.892,-26.812],[-52.892,-26.807],[-52.884,-26.806],[-52.881,-26.8],[-52.876,-26.797],[-52.872,-26.798],[-52.865,-26.803],[-52.862,-26.808],[-52.856,-26.808],[-52.852,-26.812],[-52.852,-26.816],[-52.847,-26.824],[-52.843,-26.824],[-52.839,-26.829],[-52.835,-26.831],[-52.834,-26.836],[-52.805,-26.831],[-52.803,-26.833],[-52.806,-26.84],[-52.802,-26.849],[-52.797,-26.854],[-52.793,-26.853],[-52.786,-26.856],[-52.79,-26.86],[-52.788,-26.862],[-52.786,-26.872],[-52.788,-26.874],[-52.794,-26.875],[-52.8,-26.873],[-52.805,-26.867],[-52.811,-26.864],[-52.816,-26.865],[-52.819,-26.87],[-52.808,-26.88],[-52.805,-26.881],[-52.794,-26.88],[-52.789,-26.882],[-52.786,-26.886],[-52.786,-26.889],[-52.795,-26.891],[-52.803,-26.898],[-52.81,-26.896],[-52.815,-26.891],[-52.823,-26.89],[-52.826,-26.888],[-52.822,-26.881],[-52.826,-26.879],[-52.836,-26.879],[-52.843,-26.882],[-52.845,-26.885],[-52.845,-26.893],[-52.852,-26.888],[-52.854,-26.89],[-52.853,-26.896],[-52.857,-26.897],[-52.86,-26.895],[-52.876,-26.895],[-52.876,-26.893],[-52.872,-26.889],[-52.876,-26.886],[-52.879,-26.879],[-52.888,-26.877],[-52.894,-26.875],[-52.887,-26.872],[-52.885,-26.867],[-52.876,-26.865],[-52.876,-26.864],[-52.883,-26.861],[-52.887,-26.852],[-52.891,-26.85],[-52.897,-26.854],[-52.895,-26.864],[-52.903,-26.865],[-52.906,-26.862]]]}},{"type":"Feature","properties":{"c":"4200606"},"geometry":{"type":"Polygon","coordinates":[[[-48.882,-27.815],[-48.891,-27.81],[-48.896,-27.813],[-48.902,-27.814],[-48.902,-27.809],[-48.911,-27.811],[-48.916,-27.809],[-48.916,-27.814],[-48.918,-27.817],[-48.923,-27.821],[-48.934,-27.817],[-48.941,-27.818],[-48.949,-27.817],[-48.948,-27.818],[-48.951,-27.822],[-48.955,-27.824],[-48.956,-27.828],[-48.962,-27.828],[-48.969,-27.832],[-48.973,-27.831],[-48.976,-27.837],[-48.98,-27.837],[-48.981,-27.842],[-48.988,-27.848],[-48.992,-27.849],[-48.993,-27.851],[-48.997,-27.852],[-48.998,-27.857],[-49.008,-27.865],[-49.017,-27.866],[-49.021,-27.862],[-49.02,-27.856],[-49.022,-27.854],[-49.019,-27.848],[-49.018,-27.84],[-49.02,-27.837],[-49.027,-27.834],[-49.03,-27.831],[-49.031,-27.827],[-49.035,-27.824],[-49.031,-27.811],[-49.034,-27.807],[-49.033,-27.794],[-49.03,-27.787],[-49.03,-27.78],[-49.031,-27.774],[-49.027,-27.769],[-49.026,-27.76],[-49.023,-27.758],[-49.02,-27.747],[-49.019,-27.74],[-49.014,-27.736],[-49.015,-27.73],[-49.013,-27.725],[-49.011,-27.726],[-49.007,-27.721],[-49.006,-27.714],[-49.009,-27.711],[-49.007,-27.706],[-49.005,-27.705],[-49.007,-27.701],[-49.004,-27.701],[-48.999,-27.698],[-48.997,-27.701],[-48.993,-27.699],[-48.99,-27.692],[-48.986,-27.688],[-48.986,-27.685],[-48.983,-27.682],[-48.978,-27.68],[-48.975,-27.671],[-48.97,-27.668],[-48.961,-27.655],[-48.967,-27.653],[-48.969,-27.648],[-48.968,-27.641],[-48.97,-27.634],[-48.963,-27.635],[-48.962,-27.632],[-48.959,-27.632],[-48.956,-27.628],[-48.95,-27.627],[-48.845,-27.625],[-48.845,-27.629],[-48.841,-27.632],[-48.841,-27.636],[-48.844,-27.641],[-48.848,-27.64],[-48.855,-27.646],[-48.857,-27.652],[-48.86,-27.654],[-48.863,-27.66],[-48.861,-27.663],[-48.855,-27.665],[-48.856,-27.667],[-48.854,-27.671],[-48.85,-27.672],[-48.851,-27.674],[-48.847,-27.678],[-48.841,-27.679],[-48.84,-27.684],[-48.841,-27.688],[-48.836,-27.69],[-48.837,-27.692],[-48.829,-27.692],[-48.827,-27.691],[-48.815,-27.693],[-48.814,-27.692],[-48.814,-27.7],[-48.812,-27.704],[-48.808,-27.704],[-48.809,-27.709],[-48.817,-27.713],[-48.822,-27.71],[-48.825,-27.712],[-48.825,-27.717],[-48.829,-27.715],[-48.83,-27.712],[-48.832,-27.715],[-48.831,-27.718],[-48.833,-27.72],[-48.839,-27.716],[-48.841,-27.712],[-48.846,-27.709],[-48.85,-27.71],[-48.856,-27.714],[-48.861,-27.713],[-48.863,-27.717],[-48.868,-27.716],[-48.863,-27.725],[-48.862,-27.729],[-48.863,-27.735],[-48.866,-27.74],[-48.863,-27.743],[-48.861,-27.748],[-48.859,-27.755],[-48.869,-27.763],[-48.875,-27.766],[-48.873,-27.769],[-48.875,-27.774],[-48.883,-27.783],[-48.883,-27.795],[-48.876,-27.801],[-48.881,-27.805],[-48.877,-27.809],[-48.877,-27.813],[-48.882,-27.815]]]}},{"type":"Feature","properties":{"c":"4200705"},"geometry":{"type":"Polygon","coordinates":[[[-49.507,-27.601],[-49.502,-27.597],[-49.501,-27.598],[-49.498,-27.594],[-49.496,-27.594],[-49.497,-27.585],[-49.487,-27.583],[-49.487,-27.579],[-49.48,-27.574],[-49.481,-27.571],[-49.476,-27.57],[-49.473,-27.566],[-49.464,-27.568],[-49.463,-27.574],[-49.46,-27.575],[-49.452,-27.574],[-49.452,-27.577],[-49.448,-27.579],[-49.445,-27.584],[-49.443,-27.58],[-49.437,-27.584],[-49.434,-27.582],[-49.429,-27.584],[-49.426,-27.579],[-49.423,-27.579],[-49.419,-27.574],[-49.418,-27.572],[-49.413,-27.562],[-49.41,-27.561],[-49.404,-27.561],[-49.399,-27.565],[-49.394,-27.563],[-49.389,-27.564],[-49.386,-27.559],[-49.381,-27.558],[-49.373,-27.564],[-49.369,-27.565],[-49.354,-27.563],[-49.346,-27.57],[-49.337,-27.574],[-49.332,-27.578],[-49.33,-27.582],[-49.325,-27.583],[-49.323,-27.589],[-49.319,-27.59],[-49.311,-27.588],[-49.305,-27.583],[-49.301,-27.584],[-49.301,-27.594],[-49.306,-27.6],[-49.303,-27.604],[-49.302,-27.615],[-49.292,-27.621],[-49.29,-27.622],[-49.287,-27.627],[-49.286,-27.634],[-49.283,-27.643],[-49.272,-27.649],[-49.263,-27.651],[-49.261,-27.653],[-49.256,-27.655],[-49.25,-27.653],[-49.239,-27.654],[-49.235,-27.652],[-49.232,-27.654],[-49.227,-27.652],[-49.218,-27.653],[-49.216,-27.655],[-49.21,-27.654],[-49.202,-27.648],[-49.202,-27.645],[-49.198,-27.651],[-49.195,-27.652],[-49.195,-27.657],[-49.181,-27.662],[-49.169,-27.663],[-49.165,-27.662],[-49.157,-27.674],[-49.155,-27.675],[-49.147,-27.688],[-49.148,-27.697],[-49.156,-27.703],[-49.158,-27.707],[-49.155,-27.711],[-49.151,-27.713],[-49.156,-27.719],[-49.154,-27.721],[-49.158,-27.73],[-49.159,-27.737],[-49.156,-27.741],[-49.158,-27.744],[-49.16,-27.754],[-49.164,-27.758],[-49.165,-27.763],[-49.17,-27.766],[-49.172,-27.772],[-49.177,-27.775],[-49.181,-27.775],[-49.186,-27.78],[-49.186,-27.782],[-49.194,-27.787],[-49.192,-27.792],[-49.188,-27.795],[-49.187,-27.798],[-49.189,-27.806],[-49.192,-27.808],[-49.195,-27.814],[-49.199,-27.817],[-49.208,-27.819],[-49.211,-27.821],[-49.21,-27.826],[-49.213,-27.83],[-49.218,-27.83],[-49.223,-27.832],[-49.233,-27.831],[-49.236,-27.833],[-49.238,-27.841],[-49.242,-27.842],[-49.243,-27.846],[-49.246,-27.846],[-49.253,-27.85],[-49.257,-27.849],[-49.263,-27.851],[-49.271,-27.855],[-49.279,-27.867],[-49.281,-27.873],[-49.286,-27.872],[-49.293,-27.875],[-49.295,-27.875],[-49.297,-27.869],[-49.303,-27.864],[-49.301,-27.861],[-49.306,-27.856],[-49.311,-27.857],[-49.311,-27.855],[-49.307,-27.852],[-49.306,-27.848],[-49.31,-27.843],[-49.308,-27.84],[-49.313,-27.836],[-49.314,-27.832],[-49.322,-27.829],[-49.328,-27.83],[-49.336,-27.837],[-49.339,-27.837],[-49.343,-27.833],[-49.348,-27.823],[-49.355,-27.821],[-49.356,-27.812],[-49.366,-27.817],[-49.372,-27.816],[-49.377,-27.814],[-49.383,-27.815],[-49.382,-27.812],[-49.385,-27.809],[-49.389,-27.803],[-49.393,-27.802],[-49.399,-27.796],[-49.402,-27.796],[-49.405,-27.792],[-49.41,-27.79],[-49.415,-27.791],[-49.421,-27.787],[-49.426,-27.786],[-49.422,-27.784],[-49.419,-27.779],[-49.422,-27.779],[-49.427,-27.775],[-49.43,-27.774],[-49.424,-27.766],[-49.436,-27.758],[-49.442,-27.761],[-49.447,-27.759],[-49.449,-27.761],[-49.452,-27.759],[-49.458,-27.76],[-49.46,-27.752],[-49.469,-27.751],[-49.467,-27.747],[-49.471,-27.739],[-49.473,-27.73],[-49.472,-27.726],[-49.464,-27.72],[-49.464,-27.716],[-49.458,-27.711],[-49.462,-27.705],[-49.466,-27.701],[-49.466,-27.694],[-49.469,-27.69],[-49.468,-27.687],[-49.478,-27.682],[-49.48,-27.673],[-49.485,-27.67],[-49.488,-27.666],[-49.496,-27.659],[-49.497,-27.654],[-49.499,-27.655],[-49.504,-27.654],[-49.505,-27.651],[-49.508,-27.644],[-49.506,-27.638],[-49.51,-27.637],[-49.508,-27.632],[-49.51,-27.627],[-49.506,-27.622],[-49.509,-27.618],[-49.505,-27.612],[-49.507,-27.601]]]}},{"type":"Feature","properties":{"c":"4200754"},"geometry":{"type":"Polygon","coordinates":[[[-51.983,-27.375],[-51.991,-27.37],[-51.993,-27.366],[-51.992,-27.363],[-51.986,-27.365],[-51.978,-27.361],[-51.973,-27.36],[-51.972,-27.355],[-51.969,-27.355],[-51.959,-27.362],[-51.958,-27.358],[-51.964,-27.348],[-51.964,-27.344],[-51.962,-27.341],[-51.959,-27.347],[-51.952,-27.352],[-51.946,-27.35],[-51.946,-27.348],[-51.949,-27.344],[-51.955,-27.339],[-51.952,-27.334],[-51.949,-27.332],[-51.939,-27.336],[-51.937,-27.34],[-51.926,-27.347],[-51.923,-27.35],[-51.921,-27.356],[-51.923,-27.362],[-51.917,-27.382],[-51.919,-27.383],[-51.915,-27.39],[-51.902,-27.39],[-51.905,-27.395],[-51.893,-27.4],[-51.897,-27.401],[-51.89,-27.409],[-51.894,-27.411],[-51.892,-27.415],[-51.882,-27.426],[-51.886,-27.428],[-51.879,-27.433],[-51.879,-27.439],[-51.882,-27.45],[-51.882,-27.455],[-51.877,-27.456],[-51.87,-27.45],[-51.868,-27.452],[-51.863,-27.467],[-51.858,-27.47],[-51.858,-27.475],[-51.868,-27.477],[-51.876,-27.482],[-51.88,-27.487],[-51.88,-27.492],[-51.879,-27.499],[-51.875,-27.508],[-51.874,-27.513],[-51.875,-27.518],[-51.881,-27.521],[-51.891,-27.52],[-51.895,-27.517],[-51.901,-27.499],[-51.903,-27.491],[-51.9,-27.478],[-51.9,-27.464],[-51.904,-27.46],[-51.912,-27.458],[-51.918,-27.458],[-51.927,-27.462],[-51.937,-27.469],[-51.951,-27.475],[-51.956,-27.475],[-51.96,-27.473],[-51.964,-27.468],[-51.964,-27.464],[-51.962,-27.461],[-51.953,-27.457],[-51.942,-27.449],[-51.934,-27.439],[-51.933,-27.435],[-51.936,-27.429],[-51.951,-27.417],[-51.958,-27.414],[-51.969,-27.411],[-51.996,-27.41],[-52.003,-27.408],[-52.008,-27.402],[-52.007,-27.395],[-52.001,-27.391],[-51.991,-27.389],[-51.982,-27.389],[-51.976,-27.39],[-51.97,-27.392],[-51.957,-27.395],[-51.951,-27.395],[-51.949,-27.392],[-51.949,-27.386],[-51.952,-27.38],[-51.962,-27.375],[-51.968,-27.373],[-51.975,-27.372],[-51.983,-27.375]]]}},{"type":"Feature","properties":{"c":"4200804"},"geometry":{"type":"Polygon","coordinates":[[[-53.392,-26.621],[-53.394,-26.617],[-53.397,-26.617],[-53.403,-26.609],[-53.396,-26.593],[-53.413,-26.585],[-53.425,-26.603],[-53.429,-26.606],[-53.429,-26.614],[-53.437,-26.608],[-53.433,-26.6],[-53.433,-26.594],[-53.428,-26.59],[-53.428,-26.584],[-53.431,-26.583],[-53.439,-26.585],[-53.441,-26.593],[-53.449,-26.588],[-53.454,-26.587],[-53.455,-26.582],[-53.449,-26.586],[-53.444,-26.585],[-53.439,-26.579],[-53.432,-26.577],[-53.433,-26.574],[-53.44,-26.571],[-53.445,-26.565],[-53.448,-26.564],[-53.453,-26.567],[-53.458,-26.567],[-53.46,-26.563],[-53.453,-26.556],[-53.453,-26.554],[-53.462,-26.554],[-53.462,-26.551],[-53.459,-26.548],[-53.452,-26.548],[-53.446,-26.546],[-53.445,-26.549],[-53.438,-26.551],[-53.433,-26.547],[-53.426,-26.544],[-53.428,-26.542],[-53.433,-26.543],[-53.448,-26.536],[-53.447,-26.529],[-53.436,-26.532],[-53.433,-26.534],[-53.428,-26.53],[-53.428,-26.524],[-53.425,-26.518],[-53.429,-26.513],[-53.425,-26.512],[-53.418,-26.514],[-53.416,-26.518],[-53.419,-26.522],[-53.413,-26.523],[-53.408,-26.526],[-53.406,-26.525],[-53.408,-26.521],[-53.407,-26.518],[-53.404,-26.52],[-53.401,-26.524],[-53.401,-26.519],[-53.4,-26.512],[-53.396,-26.513],[-53.394,-26.515],[-53.389,-26.515],[-53.387,-26.513],[-53.38,-26.513],[-53.377,-26.515],[-53.373,-26.509],[-53.369,-26.511],[-53.369,-26.509],[-53.364,-26.508],[-53.363,-26.505],[-53.357,-26.503],[-53.355,-26.505],[-53.35,-26.504],[-53.353,-26.501],[-53.358,-26.5],[-53.361,-26.497],[-53.356,-26.496],[-53.362,-26.489],[-53.356,-26.488],[-53.353,-26.49],[-53.351,-26.486],[-53.348,-26.486],[-53.348,-26.482],[-53.35,-26.48],[-53.347,-26.477],[-53.342,-26.482],[-53.339,-26.481],[-53.34,-26.477],[-53.337,-26.479],[-53.333,-26.476],[-53.331,-26.472],[-53.333,-26.469],[-53.328,-26.465],[-53.326,-26.471],[-53.321,-26.469],[-53.323,-26.464],[-53.32,-26.461],[-53.313,-26.458],[-53.316,-26.462],[-53.313,-26.464],[-53.312,-26.468],[-53.306,-26.47],[-53.302,-26.467],[-53.305,-26.465],[-53.301,-26.462],[-53.303,-26.46],[-53.302,-26.457],[-53.297,-26.456],[-53.294,-26.459],[-53.29,-26.461],[-53.288,-26.455],[-53.283,-26.452],[-53.279,-26.454],[-53.271,-26.45],[-53.266,-26.451],[-53.264,-26.447],[-53.259,-26.449],[-53.258,-26.443],[-53.255,-26.447],[-53.253,-26.445],[-53.25,-26.449],[-53.249,-26.447],[-53.244,-26.448],[-53.239,-26.453],[-53.24,-26.457],[-53.233,-26.462],[-53.234,-26.464],[-53.23,-26.474],[-53.23,-26.482],[-53.231,-26.489],[-53.236,-26.496],[-53.243,-26.501],[-53.244,-26.507],[-53.242,-26.509],[-53.247,-26.514],[-53.243,-26.52],[-53.238,-26.522],[-53.241,-26.526],[-53.245,-26.523],[-53.248,-26.528],[-53.247,-26.533],[-53.239,-26.533],[-53.239,-26.538],[-53.237,-26.54],[-53.241,-26.54],[-53.239,-26.543],[-53.259,-26.55],[-53.254,-26.57],[-53.263,-26.567],[-53.275,-26.565],[-53.272,-26.575],[-53.303,-26.582],[-53.302,-26.584],[-53.331,-26.589],[-53.334,-26.59],[-53.339,-26.589],[-53.345,-26.585],[-53.392,-26.621]]]}},{"type":"Feature","properties":{"c":"4200903"},"geometry":{"type":"Polygon","coordinates":[[[-48.919,-27.462],[-48.921,-27.467],[-48.91,-27.47],[-48.906,-27.467],[-48.904,-27.469],[-48.904,-27.475],[-48.898,-27.478],[-48.897,-27.481],[-48.9,-27.486],[-48.9,-27.493],[-48.905,-27.498],[-48.903,-27.503],[-48.906,-27.505],[-48.908,-27.516],[-48.913,-27.52],[-48.916,-27.528],[-48.915,-27.532],[-48.92,-27.535],[-48.923,-27.539],[-48.923,-27.542],[-48.919,-27.548],[-48.922,-27.553],[-48.921,-27.557],[-48.923,-27.561],[-48.921,-27.564],[-48.925,-27.572],[-48.923,-27.572],[-48.923,-27.576],[-48.925,-27.577],[-48.927,-27.583],[-48.935,-27.585],[-48.934,-27.592],[-48.939,-27.597],[-48.944,-27.598],[-48.948,-27.601],[-48.954,-27.601],[-48.956,-27.606],[-48.955,-27.61],[-48.958,-27.612],[-48.956,-27.615],[-48.957,-27.62],[-48.952,-27.62],[-48.948,-27.624],[-48.95,-27.627],[-48.956,-27.628],[-48.959,-27.632],[-48.962,-27.632],[-48.963,-27.635],[-48.97,-27.634],[-48.974,-27.629],[-48.978,-27.627],[-48.983,-27.629],[-48.988,-27.633],[-48.989,-27.63],[-48.993,-27.631],[-48.997,-27.626],[-49.002,-27.627],[-49.007,-27.63],[-49.012,-27.625],[-49.01,-27.622],[-49.065,-27.649],[-49.081,-27.623],[-49.089,-27.585],[-49.129,-27.6],[-49.131,-27.597],[-49.135,-27.595],[-49.135,-27.592],[-49.138,-27.585],[-49.142,-27.587],[-49.142,-27.592],[-49.153,-27.593],[-49.154,-27.591],[-49.162,-27.59],[-49.168,-27.593],[-49.174,-27.593],[-49.178,-27.596],[-49.182,-27.591],[-49.19,-27.596],[-49.194,-27.596],[-49.205,-27.604],[-49.208,-27.611],[-49.205,-27.62],[-49.209,-27.629],[-49.214,-27.626],[-49.219,-27.625],[-49.222,-27.62],[-49.225,-27.621],[-49.228,-27.618],[-49.23,-27.612],[-49.234,-27.604],[-49.236,-27.601],[-49.241,-27.602],[-49.25,-27.593],[-49.253,-27.588],[-49.25,-27.582],[-49.252,-27.579],[-49.26,-27.577],[-49.263,-27.572],[-49.259,-27.566],[-49.256,-27.558],[-49.26,-27.546],[-49.257,-27.541],[-49.257,-27.537],[-49.253,-27.531],[-49.249,-27.528],[-49.249,-27.52],[-49.247,-27.518],[-49.246,-27.51],[-49.243,-27.508],[-49.243,-27.502],[-49.236,-27.502],[-49.225,-27.491],[-49.218,-27.496],[-49.214,-27.496],[-49.212,-27.5],[-49.198,-27.499],[-49.193,-27.497],[-49.188,-27.501],[-49.182,-27.503],[-49.174,-27.497],[-49.173,-27.494],[-49.166,-27.492],[-49.159,-27.494],[-49.156,-27.491],[-49.152,-27.491],[-49.147,-27.493],[-49.139,-27.501],[-49.131,-27.5],[-49.127,-27.502],[-49.122,-27.5],[-49.121,-27.495],[-49.119,-27.491],[-49.115,-27.49],[-49.113,-27.486],[-49.106,-27.486],[-49.103,-27.487],[-49.098,-27.485],[-49.096,-27.479],[-49.094,-27.47],[-49.091,-27.47],[-49.086,-27.466],[-49.082,-27.459],[-49.083,-27.457],[-49.079,-27.453],[-49.074,-27.454],[-49.073,-27.45],[-49.068,-27.447],[-49.058,-27.451],[-49.054,-27.449],[-49.051,-27.445],[-49.042,-27.445],[-49.043,-27.449],[-49.048,-27.451],[-49.049,-27.454],[-49.048,-27.457],[-49.043,-27.458],[-49.044,-27.461],[-49.039,-27.461],[-49.041,-27.466],[-49.04,-27.469],[-49.033,-27.476],[-49.035,-27.48],[-49.033,-27.484],[-49.025,-27.479],[-49.019,-27.482],[-49.016,-27.477],[-49.013,-27.477],[-49.01,-27.473],[-49.012,-27.47],[-49.007,-27.469],[-49.004,-27.464],[-48.998,-27.458],[-48.997,-27.456],[-48.99,-27.45],[-48.985,-27.45],[-48.972,-27.455],[-48.97,-27.452],[-48.965,-27.45],[-48.954,-27.449],[-48.954,-27.453],[-48.919,-27.462]]]}},{"type":"Feature","properties":{"c":"4201000"},"geometry":{"type":"Polygon","coordinates":[[[-51.273,-27.736],[-51.264,-27.739],[-51.26,-27.737],[-51.253,-27.731],[-51.244,-27.729],[-51.236,-27.72],[-51.227,-27.719],[-51.223,-27.723],[-51.213,-27.694],[-51.212,-27.686],[-51.209,-27.677],[-51.211,-27.671],[-51.205,-27.667],[-51.2,-27.665],[-51.2,-27.662],[-51.194,-27.658],[-51.193,-27.655],[-51.194,-27.65],[-51.199,-27.646],[-51.195,-27.645],[-51.198,-27.637],[-51.201,-27.635],[-51.206,-27.636],[-51.208,-27.633],[-51.206,-27.628],[-51.213,-27.625],[-51.215,-27.619],[-51.212,-27.619],[-51.206,-27.618],[-51.2,-27.612],[-51.201,-27.601],[-51.198,-27.597],[-51.195,-27.594],[-51.19,-27.593],[-51.179,-27.595],[-51.177,-27.6],[-51.178,-27.603],[-51.185,-27.609],[-51.186,-27.615],[-51.183,-27.62],[-51.177,-27.621],[-51.168,-27.626],[-51.16,-27.626],[-51.156,-27.625],[-51.146,-27.615],[-51.139,-27.614],[-51.136,-27.62],[-51.13,-27.624],[-51.12,-27.621],[-51.114,-27.623],[-51.106,-27.632],[-51.102,-27.634],[-51.097,-27.633],[-51.091,-27.63],[-51.086,-27.629],[-51.082,-27.632],[-51.082,-27.637],[-51.087,-27.645],[-51.088,-27.652],[-51.088,-27.655],[-51.081,-27.655],[-51.073,-27.648],[-51.069,-27.646],[-51.063,-27.647],[-51.053,-27.652],[-51.044,-27.653],[-51.044,-27.65],[-51.051,-27.645],[-51.051,-27.64],[-51.047,-27.64],[-51.03,-27.643],[-51.026,-27.643],[-51.017,-27.639],[-51.005,-27.639],[-50.997,-27.64],[-50.993,-27.643],[-50.995,-27.647],[-51.003,-27.655],[-51.005,-27.659],[-51.005,-27.663],[-51.002,-27.665],[-50.992,-27.659],[-50.985,-27.659],[-50.976,-27.661],[-50.971,-27.658],[-50.963,-27.653],[-50.959,-27.646],[-50.956,-27.644],[-50.953,-27.651],[-50.948,-27.647],[-50.945,-27.648],[-50.939,-27.656],[-50.943,-27.662],[-50.946,-27.665],[-50.945,-27.667],[-50.947,-27.67],[-50.945,-27.672],[-50.941,-27.67],[-50.936,-27.673],[-50.935,-27.67],[-50.93,-27.668],[-50.927,-27.673],[-50.929,-27.674],[-50.925,-27.677],[-50.924,-27.68],[-50.918,-27.673],[-50.91,-27.681],[-50.908,-27.679],[-50.905,-27.681],[-50.907,-27.684],[-50.91,-27.684],[-50.91,-27.689],[-50.914,-27.692],[-50.916,-27.702],[-50.918,-27.706],[-50.915,-27.711],[-50.916,-27.72],[-50.918,-27.723],[-50.921,-27.729],[-50.92,-27.732],[-50.927,-27.742],[-50.931,-27.745],[-50.933,-27.748],[-50.941,-27.753],[-50.944,-27.753],[-50.948,-27.755],[-50.951,-27.754],[-50.956,-27.754],[-50.959,-27.751],[-50.966,-27.752],[-50.96,-27.757],[-50.957,-27.767],[-50.96,-27.77],[-50.958,-27.776],[-50.959,-27.782],[-50.934,-27.817],[-50.941,-27.815],[-50.946,-27.817],[-50.949,-27.816],[-50.953,-27.818],[-50.956,-27.821],[-50.965,-27.823],[-50.971,-27.819],[-50.974,-27.819],[-50.982,-27.822],[-50.989,-27.819],[-50.998,-27.823],[-51.001,-27.827],[-51.004,-27.825],[-51.003,-27.828],[-51.011,-27.834],[-51.014,-27.833],[-51.021,-27.838],[-51.019,-27.84],[-51.022,-27.842],[-51.024,-27.848],[-51.028,-27.849],[-51.031,-27.855],[-51.036,-27.859],[-51.037,-27.863],[-51.043,-27.868],[-51.053,-27.869],[-51.057,-27.866],[-51.067,-27.865],[-51.074,-27.864],[-51.079,-27.862],[-51.08,-27.858],[-51.077,-27.849],[-51.077,-27.842],[-51.082,-27.834],[-51.09,-27.83],[-51.098,-27.827],[-51.111,-27.829],[-51.121,-27.833],[-51.127,-27.833],[-51.131,-27.83],[-51.129,-27.823],[-51.132,-27.807],[-51.135,-27.804],[-51.141,-27.803],[-51.154,-27.804],[-51.16,-27.801],[-51.188,-27.778],[-51.192,-27.776],[-51.203,-27.778],[-51.209,-27.777],[-51.22,-27.77],[-51.226,-27.771],[-51.232,-27.778],[-51.235,-27.78],[-51.24,-27.779],[-51.243,-27.776],[-51.246,-27.77],[-51.246,-27.761],[-51.248,-27.759],[-51.257,-27.754],[-51.272,-27.752],[-51.275,-27.748],[-51.275,-27.742],[-51.273,-27.736]]]}},{"type":"Feature","properties":{"c":"4201109"},"geometry":{"type":"Polygon","coordinates":[[[-49.308,-27.941],[-49.31,-27.933],[-49.307,-27.93],[-49.306,-27.922],[-49.307,-27.92],[-49.304,-27.913],[-49.301,-27.911],[-49.299,-27.902],[-49.293,-27.893],[-49.291,-27.892],[-49.287,-27.885],[-49.283,-27.884],[-49.284,-27.881],[-49.281,-27.873],[-49.279,-27.867],[-49.271,-27.855],[-49.263,-27.851],[-49.257,-27.849],[-49.253,-27.85],[-49.246,-27.846],[-49.243,-27.846],[-49.242,-27.842],[-49.238,-27.841],[-49.236,-27.833],[-49.233,-27.831],[-49.223,-27.832],[-49.218,-27.83],[-49.213,-27.83],[-49.21,-27.826],[-49.211,-27.821],[-49.208,-27.819],[-49.199,-27.817],[-49.195,-27.814],[-49.192,-27.808],[-49.189,-27.806],[-49.187,-27.798],[-49.188,-27.795],[-49.192,-27.792],[-49.194,-27.787],[-49.186,-27.782],[-49.186,-27.78],[-49.181,-27.775],[-49.177,-27.775],[-49.172,-27.772],[-49.17,-27.766],[-49.165,-27.763],[-49.164,-27.758],[-49.16,-27.754],[-49.158,-27.744],[-49.153,-27.743],[-49.148,-27.744],[-49.143,-27.742],[-49.141,-27.744],[-49.131,-27.746],[-49.126,-27.748],[-49.127,-27.756],[-49.125,-27.761],[-49.116,-27.77],[-49.107,-27.771],[-49.102,-27.764],[-49.096,-27.759],[-49.094,-27.753],[-49.091,-27.751],[-49.087,-27.754],[-49.084,-27.752],[-49.079,-27.751],[-49.076,-27.752],[-49.078,-27.756],[-49.072,-27.763],[-49.069,-27.759],[-49.063,-27.758],[-49.061,-27.765],[-49.058,-27.767],[-49.053,-27.772],[-49.048,-27.764],[-49.045,-27.763],[-49.041,-27.757],[-49.043,-27.754],[-49.039,-27.75],[-49.04,-27.746],[-49.038,-27.742],[-49.036,-27.736],[-49.033,-27.737],[-49.032,-27.741],[-49.029,-27.744],[-49.03,-27.747],[-49.029,-27.755],[-49.031,-27.763],[-49.031,-27.774],[-49.03,-27.78],[-49.03,-27.787],[-49.033,-27.794],[-49.034,-27.807],[-49.031,-27.811],[-49.035,-27.824],[-49.031,-27.827],[-49.03,-27.831],[-49.027,-27.834],[-49.02,-27.837],[-49.018,-27.84],[-49.019,-27.848],[-49.022,-27.854],[-49.02,-27.856],[-49.021,-27.862],[-49.017,-27.866],[-49.007,-27.874],[-49.008,-27.881],[-49.016,-27.882],[-49.015,-27.885],[-49.018,-27.89],[-49.017,-27.895],[-49.019,-27.898],[-49.016,-27.899],[-49.016,-27.909],[-49.021,-27.913],[-49.026,-27.913],[-49.025,-27.916],[-49.029,-27.921],[-49.036,-27.925],[-49.037,-27.931],[-49.041,-27.936],[-49.045,-27.936],[-49.043,-27.939],[-49.044,-27.946],[-49.039,-27.947],[-49.033,-27.953],[-49.033,-27.957],[-49.037,-27.959],[-49.043,-27.957],[-49.045,-27.959],[-49.039,-27.965],[-49.04,-27.969],[-49.044,-27.97],[-49.048,-27.973],[-49.048,-27.98],[-49.05,-27.983],[-49.049,-27.987],[-49.052,-27.99],[-49.104,-28.007],[-49.108,-28.003],[-49.116,-28.006],[-49.123,-28.005],[-49.124,-28.002],[-49.128,-28.005],[-49.136,-28.001],[-49.14,-28.004],[-49.147,-28.004],[-49.145,-27.997],[-49.149,-27.986],[-49.15,-27.982],[-49.153,-27.978],[-49.152,-27.973],[-49.157,-27.965],[-49.159,-27.965],[-49.161,-27.97],[-49.164,-27.972],[-49.168,-27.972],[-49.171,-27.977],[-49.177,-27.981],[-49.179,-27.979],[-49.182,-27.981],[-49.186,-27.98],[-49.193,-27.969],[-49.202,-27.965],[-49.219,-27.963],[-49.222,-27.961],[-49.228,-27.96],[-49.241,-27.951],[-49.246,-27.95],[-49.257,-27.953],[-49.27,-27.948],[-49.277,-27.943],[-49.283,-27.941],[-49.287,-27.937],[-49.293,-27.937],[-49.294,-27.939],[-49.299,-27.94],[-49.302,-27.939],[-49.304,-27.941],[-49.308,-27.941]]]}},{"type":"Feature","properties":{"c":"4201208"},"geometry":{"type":"Polygon","coordinates":[[[-48.723,-27.537],[-48.728,-27.541],[-48.726,-27.545],[-48.728,-27.554],[-48.738,-27.554],[-48.755,-27.555],[-48.763,-27.554],[-48.763,-27.556],[-48.77,-27.557],[-48.771,-27.552],[-48.774,-27.55],[-48.776,-27.547],[-48.781,-27.547],[-48.785,-27.552],[-48.788,-27.549],[-48.793,-27.549],[-48.795,-27.545],[-48.799,-27.548],[-48.799,-27.551],[-48.803,-27.549],[-48.808,-27.552],[-48.81,-27.55],[-48.816,-27.55],[-48.818,-27.551],[-48.819,-27.557],[-48.822,-27.559],[-48.825,-27.565],[-48.836,-27.563],[-48.837,-27.566],[-48.845,-27.57],[-48.847,-27.573],[-48.853,-27.576],[-48.855,-27.569],[-48.86,-27.572],[-48.864,-27.57],[-48.867,-27.567],[-48.879,-27.566],[-48.883,-27.563],[-48.885,-27.567],[-48.896,-27.568],[-48.9,-27.566],[-48.909,-27.566],[-48.911,-27.563],[-48.914,-27.562],[-48.918,-27.558],[-48.921,-27.557],[-48.922,-27.553],[-48.919,-27.548],[-48.923,-27.542],[-48.923,-27.539],[-48.92,-27.535],[-48.915,-27.532],[-48.916,-27.528],[-48.913,-27.52],[-48.908,-27.516],[-48.906,-27.505],[-48.903,-27.503],[-48.905,-27.498],[-48.9,-27.493],[-48.9,-27.486],[-48.897,-27.481],[-48.898,-27.478],[-48.904,-27.475],[-48.904,-27.469],[-48.906,-27.467],[-48.91,-27.47],[-48.921,-27.467],[-48.919,-27.462],[-48.917,-27.459],[-48.908,-27.455],[-48.906,-27.45],[-48.903,-27.45],[-48.899,-27.446],[-48.888,-27.44],[-48.889,-27.438],[-48.884,-27.433],[-48.879,-27.431],[-48.877,-27.434],[-48.873,-27.435],[-48.872,-27.438],[-48.868,-27.436],[-48.868,-27.433],[-48.855,-27.422],[-48.852,-27.414],[-48.845,-27.409],[-48.835,-27.397],[-48.83,-27.398],[-48.828,-27.4],[-48.823,-27.4],[-48.818,-27.405],[-48.813,-27.403],[-48.805,-27.404],[-48.8,-27.403],[-48.8,-27.409],[-48.802,-27.413],[-48.8,-27.416],[-48.801,-27.423],[-48.803,-27.426],[-48.803,-27.433],[-48.799,-27.438],[-48.801,-27.445],[-48.797,-27.45],[-48.794,-27.451],[-48.789,-27.456],[-48.787,-27.46],[-48.78,-27.466],[-48.772,-27.459],[-48.764,-27.46],[-48.756,-27.471],[-48.747,-27.476],[-48.745,-27.479],[-48.752,-27.486],[-48.754,-27.494],[-48.753,-27.498],[-48.739,-27.502],[-48.739,-27.507],[-48.741,-27.511],[-48.736,-27.518],[-48.733,-27.52],[-48.728,-27.518],[-48.724,-27.526],[-48.725,-27.53],[-48.723,-27.537]]]}},{"type":"Feature","properties":{"c":"4201257"},"geometry":{"type":"Polygon","coordinates":[[[-49.221,-27.163],[-49.225,-27.166],[-49.226,-27.172],[-49.229,-27.174],[-49.234,-27.173],[-49.24,-27.18],[-49.243,-27.181],[-49.245,-27.185],[-49.247,-27.196],[-49.247,-27.197],[-49.252,-27.203],[-49.256,-27.203],[-49.263,-27.211],[-49.269,-27.208],[-49.273,-27.209],[-49.284,-27.21],[-49.294,-27.216],[-49.3,-27.213],[-49.309,-27.213],[-49.312,-27.221],[-49.317,-27.226],[-49.319,-27.229],[-49.326,-27.233],[-49.332,-27.233],[-49.339,-27.235],[-49.343,-27.239],[-49.351,-27.236],[-49.353,-27.233],[-49.362,-27.23],[-49.369,-27.231],[-49.374,-27.228],[-49.384,-27.234],[-49.392,-27.236],[-49.4,-27.235],[-49.403,-27.232],[-49.407,-27.235],[-49.41,-27.234],[-49.415,-27.238],[-49.418,-27.245],[-49.418,-27.248],[-49.428,-27.254],[-49.439,-27.257],[-49.447,-27.255],[-49.446,-27.254],[-49.452,-27.25],[-49.45,-27.245],[-49.453,-27.242],[-49.462,-27.231],[-49.463,-27.224],[-49.458,-27.215],[-49.458,-27.208],[-49.455,-27.204],[-49.457,-27.2],[-49.45,-27.193],[-49.441,-27.188],[-49.445,-27.181],[-49.451,-27.181],[-49.452,-27.177],[-49.456,-27.176],[-49.46,-27.172],[-49.463,-27.171],[-49.459,-27.166],[-49.456,-27.158],[-49.456,-27.153],[-49.461,-27.148],[-49.46,-27.145],[-49.461,-27.139],[-49.465,-27.136],[-49.468,-27.122],[-49.465,-27.122],[-49.464,-27.119],[-49.47,-27.107],[-49.467,-27.105],[-49.479,-27.094],[-49.485,-27.092],[-49.493,-27.087],[-49.491,-27.085],[-49.496,-27.079],[-49.487,-27.081],[-49.481,-27.086],[-49.473,-27.089],[-49.47,-27.093],[-49.464,-27.097],[-49.462,-27.1],[-49.458,-27.101],[-49.46,-27.089],[-49.456,-27.084],[-49.459,-27.081],[-49.465,-27.077],[-49.469,-27.07],[-49.471,-27.069],[-49.472,-27.064],[-49.467,-27.06],[-49.466,-27.058],[-49.47,-27.054],[-49.467,-27.052],[-49.473,-27.044],[-49.468,-27.043],[-49.471,-27.039],[-49.467,-27.035],[-49.47,-27.029],[-49.469,-27.025],[-49.466,-27.023],[-49.467,-27.012],[-49.469,-27.005],[-49.461,-27.006],[-49.449,-27.013],[-49.441,-27.014],[-49.438,-27.012],[-49.43,-27.012],[-49.418,-27.009],[-49.414,-27.011],[-49.409,-27.009],[-49.401,-27.013],[-49.399,-27.011],[-49.392,-27.013],[-49.386,-27.011],[-49.382,-27.016],[-49.376,-27.015],[-49.378,-27.012],[-49.378,-27.0],[-49.384,-26.99],[-49.384,-26.987],[-49.38,-26.984],[-49.374,-26.982],[-49.372,-26.988],[-49.359,-26.993],[-49.352,-26.998],[-49.352,-27.001],[-49.345,-27.002],[-49.341,-27.005],[-49.34,-27.008],[-49.336,-27.014],[-49.331,-27.014],[-49.329,-27.02],[-49.318,-27.022],[-49.314,-27.034],[-49.301,-27.036],[-49.298,-27.039],[-49.302,-27.04],[-49.301,-27.044],[-49.298,-27.045],[-49.299,-27.05],[-49.297,-27.056],[-49.294,-27.059],[-49.286,-27.059],[-49.277,-27.054],[-49.267,-27.057],[-49.266,-27.063],[-49.264,-27.063],[-49.267,-27.072],[-49.269,-27.073],[-49.272,-27.08],[-49.261,-27.083],[-49.257,-27.084],[-49.256,-27.087],[-49.253,-27.088],[-49.257,-27.097],[-49.256,-27.102],[-49.25,-27.105],[-49.248,-27.119],[-49.25,-27.123],[-49.245,-27.125],[-49.247,-27.129],[-49.246,-27.132],[-49.241,-27.135],[-49.24,-27.139],[-49.236,-27.139],[-49.236,-27.147],[-49.234,-27.151],[-49.231,-27.152],[-49.23,-27.158],[-49.226,-27.158],[-49.221,-27.163]]]}},{"type":"Feature","properties":{"c":"4201273"},"geometry":{"type":"Polygon","coordinates":[[[-52.092,-27.157],[-52.087,-27.16],[-52.088,-27.166],[-52.086,-27.17],[-52.094,-27.169],[-52.1,-27.163],[-52.103,-27.163],[-52.105,-27.17],[-52.11,-27.171],[-52.115,-27.167],[-52.118,-27.168],[-52.12,-27.173],[-52.117,-27.184],[-52.128,-27.185],[-52.129,-27.181],[-52.135,-27.188],[-52.141,-27.18],[-52.149,-27.188],[-52.154,-27.186],[-52.157,-27.189],[-52.161,-27.188],[-52.165,-27.195],[-52.171,-27.192],[-52.174,-27.198],[-52.178,-27.201],[-52.18,-27.201],[-52.185,-27.195],[-52.188,-27.195],[-52.193,-27.2],[-52.198,-27.195],[-52.206,-27.19],[-52.21,-27.183],[-52.216,-27.179],[-52.224,-27.183],[-52.231,-27.183],[-52.233,-27.181],[-52.233,-27.177],[-52.237,-27.171],[-52.232,-27.17],[-52.236,-27.163],[-52.234,-27.161],[-52.234,-27.154],[-52.239,-27.151],[-52.24,-27.144],[-52.244,-27.145],[-52.25,-27.14],[-52.246,-27.141],[-52.245,-27.138],[-52.248,-27.133],[-52.252,-27.133],[-52.253,-27.128],[-52.249,-27.123],[-52.25,-27.12],[-52.247,-27.104],[-52.247,-27.097],[-52.244,-27.091],[-52.244,-27.088],[-52.237,-27.081],[-52.233,-27.073],[-52.228,-27.068],[-52.223,-27.072],[-52.218,-27.083],[-52.211,-27.085],[-52.204,-27.089],[-52.201,-27.094],[-52.192,-27.094],[-52.189,-27.096],[-52.178,-27.095],[-52.177,-27.1],[-52.17,-27.103],[-52.169,-27.1],[-52.161,-27.102],[-52.162,-27.098],[-52.158,-27.098],[-52.155,-27.104],[-52.15,-27.104],[-52.148,-27.101],[-52.142,-27.105],[-52.138,-27.105],[-52.132,-27.116],[-52.122,-27.13],[-52.12,-27.123],[-52.11,-27.139],[-52.103,-27.151],[-52.094,-27.157],[-52.092,-27.157]]]}},{"type":"Feature","properties":{"c":"4201307"},"geometry":{"type":"Polygon","coordinates":[[[-48.741,-26.56],[-48.747,-26.547],[-48.752,-26.54],[-48.757,-26.537],[-48.767,-26.531],[-48.773,-26.531],[-48.781,-26.527],[-48.785,-26.526],[-48.789,-26.524],[-48.795,-26.518],[-48.807,-26.513],[-48.813,-26.513],[-48.814,-26.519],[-48.818,-26.517],[-48.825,-26.515],[-48.827,-26.521],[-48.831,-26.521],[-48.834,-26.525],[-48.829,-26.528],[-48.832,-26.531],[-48.836,-26.531],[-48.84,-26.526],[-48.841,-26.53],[-48.846,-26.532],[-48.849,-26.528],[-48.853,-26.53],[-48.854,-26.535],[-48.856,-26.54],[-48.86,-26.541],[-48.859,-26.537],[-48.863,-26.536],[-48.864,-26.54],[-48.866,-26.537],[-48.87,-26.537],[-48.874,-26.535],[-48.876,-26.531],[-48.884,-26.524],[-48.884,-26.521],[-48.888,-26.514],[-48.891,-26.516],[-48.893,-26.514],[-48.898,-26.514],[-48.901,-26.508],[-48.9,-26.505],[-48.904,-26.502],[-48.905,-26.499],[-48.909,-26.496],[-48.902,-26.496],[-48.898,-26.496],[-48.902,-26.493],[-48.898,-26.493],[-48.899,-26.49],[-48.905,-26.491],[-48.904,-26.485],[-48.896,-26.478],[-48.893,-26.476],[-48.884,-26.478],[-48.88,-26.477],[-48.882,-26.472],[-48.879,-26.467],[-48.882,-26.459],[-48.876,-26.462],[-48.875,-26.46],[-48.871,-26.461],[-48.869,-26.458],[-48.874,-26.455],[-48.876,-26.452],[-48.875,-26.449],[-48.871,-26.449],[-48.866,-26.445],[-48.864,-26.448],[-48.86,-26.45],[-48.857,-26.448],[-48.859,-26.446],[-48.858,-26.442],[-48.854,-26.441],[-48.849,-26.443],[-48.847,-26.446],[-48.843,-26.444],[-48.839,-26.441],[-48.838,-26.445],[-48.835,-26.448],[-48.831,-26.448],[-48.828,-26.452],[-48.825,-26.449],[-48.826,-26.446],[-48.822,-26.443],[-48.823,-26.439],[-48.819,-26.434],[-48.807,-26.424],[-48.804,-26.419],[-48.804,-26.415],[-48.806,-26.414],[-48.813,-26.416],[-48.818,-26.413],[-48.824,-26.414],[-48.823,-26.41],[-48.823,-26.4],[-48.825,-26.4],[-48.821,-26.396],[-48.815,-26.396],[-48.808,-26.392],[-48.808,-26.381],[-48.805,-26.379],[-48.807,-26.376],[-48.805,-26.371],[-48.8,-26.367],[-48.788,-26.365],[-48.779,-26.358],[-48.778,-26.356],[-48.769,-26.357],[-48.768,-26.353],[-48.765,-26.352],[-48.759,-26.356],[-48.757,-26.361],[-48.747,-26.359],[-48.741,-26.355],[-48.736,-26.358],[-48.731,-26.354],[-48.733,-26.351],[-48.731,-26.348],[-48.724,-26.343],[-48.723,-26.34],[-48.727,-26.332],[-48.733,-26.323],[-48.743,-26.316],[-48.743,-26.314],[-48.752,-26.302],[-48.758,-26.299],[-48.757,-26.294],[-48.744,-26.289],[-48.74,-26.286],[-48.726,-26.299],[-48.722,-26.305],[-48.721,-26.31],[-48.722,-26.315],[-48.726,-26.322],[-48.725,-26.325],[-48.72,-26.329],[-48.71,-26.333],[-48.708,-26.335],[-48.705,-26.342],[-48.694,-26.347],[-48.687,-26.348],[-48.681,-26.352],[-48.671,-26.356],[-48.662,-26.361],[-48.667,-26.368],[-48.672,-26.369],[-48.688,-26.37],[-48.685,-26.376],[-48.672,-26.386],[-48.67,-26.413],[-48.674,-26.414],[-48.682,-26.421],[-48.693,-26.423],[-48.695,-26.425],[-48.702,-26.426],[-48.707,-26.431],[-48.71,-26.431],[-48.702,-26.446],[-48.682,-26.482],[-48.651,-26.547],[-48.665,-26.581],[-48.672,-26.578],[-48.679,-26.577],[-48.683,-26.573],[-48.689,-26.572],[-48.695,-26.575],[-48.697,-26.586],[-48.701,-26.587],[-48.704,-26.59],[-48.704,-26.594],[-48.708,-26.598],[-48.717,-26.599],[-48.723,-26.598],[-48.727,-26.596],[-48.729,-26.59],[-48.73,-26.573],[-48.732,-26.568],[-48.741,-26.56]]]}},{"type":"Feature","properties":{"c":"4201406"},"geometry":{"type":"Polygon","coordinates":[[[-49.566,-29.059],[-49.605,-29.031],[-49.623,-29.018],[-49.58,-28.984],[-49.583,-28.981],[-49.59,-28.978],[-49.593,-28.979],[-49.598,-28.976],[-49.596,-28.972],[-49.601,-28.967],[-49.604,-28.959],[-49.602,-28.956],[-49.606,-28.952],[-49.602,-28.946],[-49.603,-28.941],[-49.591,-28.938],[-49.588,-28.935],[-49.582,-28.938],[-49.581,-28.931],[-49.577,-28.931],[-49.574,-28.937],[-49.568,-28.934],[-49.566,-28.931],[-49.569,-28.929],[-49.573,-28.931],[-49.575,-28.93],[-49.573,-28.926],[-49.568,-28.923],[-49.557,-28.926],[-49.546,-28.926],[-49.534,-28.917],[-49.529,-28.913],[-49.52,-28.914],[-49.515,-28.917],[-49.516,-28.912],[-49.511,-28.91],[-49.512,-28.896],[-49.514,-28.892],[-49.509,-28.892],[-49.504,-28.891],[-49.5,-28.888],[-49.492,-28.885],[-49.489,-28.882],[-49.488,-28.887],[-49.474,-28.885],[-49.465,-28.89],[-49.462,-28.894],[-49.46,-28.902],[-49.452,-28.902],[-49.448,-28.904],[-49.444,-28.909],[-49.441,-28.91],[-49.433,-28.909],[-49.423,-28.882],[-49.417,-28.87],[-49.398,-28.834],[-49.351,-28.855],[-49.33,-28.865],[-49.29,-28.883],[-49.297,-28.89],[-49.304,-28.894],[-49.312,-28.9],[-49.314,-28.9],[-49.318,-28.905],[-49.331,-28.916],[-49.348,-28.931],[-49.376,-28.956],[-49.389,-28.945],[-49.409,-28.942],[-49.409,-28.945],[-49.414,-28.949],[-49.419,-28.951],[-49.426,-28.957],[-49.431,-28.959],[-49.446,-28.969],[-49.482,-28.997],[-49.482,-29.002],[-49.487,-29.005],[-49.496,-29.008],[-49.498,-29.011],[-49.511,-29.018],[-49.525,-29.023],[-49.528,-29.028],[-49.532,-29.027],[-49.536,-29.029],[-49.538,-29.033],[-49.544,-29.038],[-49.547,-29.048],[-49.553,-29.053],[-49.558,-29.056],[-49.566,-29.059]]]}},{"type":"Feature","properties":{"c":"4201505"},"geometry":{"type":"Polygon","coordinates":[[[-49.079,-28.274],[-49.08,-28.27],[-49.078,-28.266],[-49.081,-28.262],[-49.08,-28.257],[-49.083,-28.254],[-49.079,-28.25],[-49.082,-28.245],[-49.08,-28.243],[-49.078,-28.236],[-49.072,-28.235],[-49.069,-28.232],[-49.071,-28.226],[-49.07,-28.217],[-49.072,-28.215],[-49.068,-28.212],[-49.069,-28.205],[-49.067,-28.2],[-49.073,-28.195],[-49.074,-28.189],[-49.077,-28.19],[-49.08,-28.187],[-49.069,-28.174],[-49.061,-28.168],[-49.059,-28.164],[-49.056,-28.165],[-49.05,-28.159],[-49.046,-28.158],[-49.042,-28.161],[-49.037,-28.157],[-49.032,-28.155],[-49.031,-28.151],[-49.029,-28.15],[-49.019,-28.149],[-49.016,-28.152],[-49.013,-28.151],[-49.01,-28.157],[-49.013,-28.16],[-49.013,-28.164],[-49.01,-28.163],[-49.006,-28.167],[-48.997,-28.163],[-48.995,-28.169],[-48.998,-28.17],[-48.997,-28.174],[-48.992,-28.171],[-48.986,-28.179],[-48.985,-28.182],[-48.981,-28.181],[-48.98,-28.185],[-48.978,-28.187],[-48.973,-28.182],[-48.973,-28.185],[-48.971,-28.188],[-48.975,-28.192],[-48.974,-28.196],[-48.979,-28.199],[-48.973,-28.202],[-48.97,-28.204],[-48.975,-28.208],[-48.978,-28.212],[-48.972,-28.218],[-48.962,-28.222],[-48.964,-28.23],[-48.969,-28.231],[-48.966,-28.237],[-48.959,-28.236],[-48.957,-28.239],[-48.953,-28.237],[-48.945,-28.24],[-48.941,-28.237],[-48.929,-28.237],[-48.922,-28.235],[-48.921,-28.251],[-48.924,-28.25],[-48.932,-28.25],[-48.934,-28.249],[-48.941,-28.252],[-48.944,-28.262],[-48.947,-28.266],[-48.956,-28.269],[-48.955,-28.276],[-48.952,-28.279],[-48.952,-28.282],[-48.949,-28.289],[-48.954,-28.291],[-48.956,-28.294],[-48.956,-28.297],[-48.95,-28.299],[-48.951,-28.304],[-48.955,-28.311],[-48.955,-28.319],[-48.956,-28.318],[-48.967,-28.319],[-48.97,-28.312],[-48.976,-28.307],[-48.981,-28.307],[-48.986,-28.305],[-48.987,-28.301],[-48.993,-28.298],[-48.994,-28.301],[-49.017,-28.306],[-49.02,-28.299],[-49.026,-28.299],[-49.03,-28.302],[-49.038,-28.304],[-49.04,-28.3],[-49.047,-28.298],[-49.045,-28.293],[-49.057,-28.294],[-49.063,-28.292],[-49.065,-28.294],[-49.071,-28.294],[-49.074,-28.291],[-49.076,-28.283],[-49.078,-28.278],[-49.079,-28.274]]]}},{"type":"Feature","properties":{"c":"4201604"},"geometry":{"type":"Polygon","coordinates":[[[-51.368,-26.869],[-51.337,-26.877],[-51.337,-26.873],[-51.328,-26.869],[-51.325,-26.866],[-51.311,-26.869],[-51.307,-26.873],[-51.301,-26.873],[-51.289,-26.881],[-51.282,-26.878],[-51.279,-26.879],[-51.284,-26.882],[-51.286,-26.886],[-51.281,-26.888],[-51.279,-26.884],[-51.275,-26.888],[-51.278,-26.892],[-51.283,-26.893],[-51.285,-26.891],[-51.288,-26.895],[-51.283,-26.895],[-51.28,-26.899],[-51.275,-26.9],[-51.277,-26.905],[-51.275,-26.908],[-51.271,-26.909],[-51.27,-26.914],[-51.268,-26.918],[-51.273,-26.917],[-51.275,-26.919],[-51.28,-26.917],[-51.283,-26.921],[-51.283,-26.923],[-51.325,-26.957],[-51.351,-26.979],[-51.352,-26.981],[-51.362,-26.983],[-51.365,-26.981],[-51.37,-26.984],[-51.373,-26.981],[-51.38,-26.98],[-51.381,-26.977],[-51.377,-26.975],[-51.382,-26.969],[-51.385,-26.974],[-51.387,-26.971],[-51.392,-26.969],[-51.396,-26.97],[-51.399,-26.966],[-51.395,-26.964],[-51.398,-26.96],[-51.401,-26.958],[-51.402,-26.952],[-51.408,-26.955],[-51.408,-26.948],[-51.406,-26.943],[-51.363,-26.94],[-51.366,-26.939],[-51.364,-26.935],[-51.37,-26.929],[-51.368,-26.927],[-51.366,-26.93],[-51.365,-26.926],[-51.367,-26.923],[-51.363,-26.921],[-51.369,-26.917],[-51.368,-26.914],[-51.371,-26.911],[-51.362,-26.908],[-51.369,-26.906],[-51.369,-26.904],[-51.364,-26.902],[-51.362,-26.897],[-51.367,-26.896],[-51.367,-26.89],[-51.362,-26.888],[-51.365,-26.886],[-51.367,-26.889],[-51.371,-26.887],[-51.372,-26.884],[-51.369,-26.883],[-51.372,-26.881],[-51.37,-26.879],[-51.371,-26.875],[-51.373,-26.877],[-51.376,-26.872],[-51.373,-26.869],[-51.369,-26.872],[-51.368,-26.869]]]}},{"type":"Feature","properties":{"c":"4201653"},"geometry":{"type":"Polygon","coordinates":[[[-52.489,-27.114],[-52.481,-27.112],[-52.499,-27.1],[-52.509,-27.094],[-52.502,-27.092],[-52.498,-27.088],[-52.49,-27.091],[-52.488,-27.089],[-52.488,-27.084],[-52.485,-27.076],[-52.476,-27.073],[-52.47,-27.079],[-52.462,-27.079],[-52.458,-27.077],[-52.464,-27.073],[-52.471,-27.06],[-52.473,-27.05],[-52.479,-27.047],[-52.479,-27.045],[-52.474,-27.042],[-52.469,-27.041],[-52.46,-27.043],[-52.456,-27.05],[-52.454,-27.056],[-52.451,-27.057],[-52.445,-27.052],[-52.451,-27.04],[-52.449,-27.035],[-52.44,-27.032],[-52.437,-27.033],[-52.436,-27.031],[-52.447,-27.024],[-52.45,-27.03],[-52.462,-27.027],[-52.464,-27.02],[-52.467,-27.014],[-52.464,-27.003],[-52.457,-27.001],[-52.457,-26.997],[-52.453,-26.995],[-52.444,-26.992],[-52.441,-26.993],[-52.438,-26.997],[-52.436,-27.004],[-52.429,-27.012],[-52.426,-27.012],[-52.419,-27.006],[-52.414,-27.008],[-52.413,-27.035],[-52.404,-27.034],[-52.403,-27.052],[-52.4,-27.09],[-52.391,-27.09],[-52.395,-27.098],[-52.401,-27.1],[-52.404,-27.104],[-52.4,-27.108],[-52.405,-27.11],[-52.398,-27.111],[-52.402,-27.118],[-52.405,-27.119],[-52.433,-27.114],[-52.436,-27.12],[-52.44,-27.121],[-52.443,-27.124],[-52.451,-27.127],[-52.453,-27.126],[-52.46,-27.13],[-52.469,-27.13],[-52.471,-27.126],[-52.477,-27.122],[-52.486,-27.119],[-52.489,-27.114]]]}},{"type":"Feature","properties":{"c":"4201703"},"geometry":{"type":"Polygon","coordinates":[[[-49.469,-27.005],[-49.467,-26.998],[-49.464,-26.994],[-49.461,-26.983],[-49.461,-26.977],[-49.463,-26.976],[-49.46,-26.965],[-49.462,-26.949],[-49.466,-26.943],[-49.465,-26.94],[-49.461,-26.934],[-49.458,-26.936],[-49.453,-26.935],[-49.445,-26.926],[-49.444,-26.921],[-49.439,-26.92],[-49.437,-26.915],[-49.43,-26.915],[-49.42,-26.92],[-49.418,-26.924],[-49.406,-26.934],[-49.402,-26.931],[-49.39,-26.931],[-49.389,-26.934],[-49.385,-26.937],[-49.382,-26.937],[-49.382,-26.942],[-49.377,-26.944],[-49.367,-26.944],[-49.365,-26.948],[-49.36,-26.951],[-49.353,-26.958],[-49.341,-26.966],[-49.338,-26.966],[-49.33,-26.965],[-49.322,-26.965],[-49.318,-26.963],[-49.316,-26.959],[-49.313,-26.96],[-49.312,-26.966],[-49.315,-26.968],[-49.313,-26.97],[-49.314,-26.974],[-49.313,-26.979],[-49.306,-26.983],[-49.304,-26.99],[-49.3,-26.992],[-49.301,-26.997],[-49.305,-26.998],[-49.305,-27.001],[-49.31,-27.003],[-49.312,-27.007],[-49.31,-27.011],[-49.312,-27.015],[-49.317,-27.019],[-49.318,-27.022],[-49.329,-27.02],[-49.331,-27.014],[-49.336,-27.014],[-49.34,-27.008],[-49.341,-27.005],[-49.345,-27.002],[-49.352,-27.001],[-49.352,-26.998],[-49.359,-26.993],[-49.372,-26.988],[-49.374,-26.982],[-49.38,-26.984],[-49.384,-26.987],[-49.384,-26.99],[-49.378,-27.0],[-49.378,-27.012],[-49.376,-27.015],[-49.382,-27.016],[-49.386,-27.011],[-49.392,-27.013],[-49.399,-27.011],[-49.401,-27.013],[-49.409,-27.009],[-49.414,-27.011],[-49.418,-27.009],[-49.43,-27.012],[-49.438,-27.012],[-49.441,-27.014],[-49.449,-27.013],[-49.461,-27.006],[-49.469,-27.005]]]}},{"type":"Feature","properties":{"c":"4201802"},"geometry":{"type":"Polygon","coordinates":[[[-49.75,-27.396],[-49.743,-27.398],[-49.737,-27.394],[-49.731,-27.391],[-49.73,-27.389],[-49.725,-27.389],[-49.716,-27.391],[-49.713,-27.394],[-49.708,-27.393],[-49.704,-27.389],[-49.703,-27.386],[-49.693,-27.391],[-49.675,-27.459],[-49.692,-27.461],[-49.712,-27.467],[-49.747,-27.477],[-49.759,-27.474],[-49.762,-27.468],[-49.771,-27.465],[-49.772,-27.469],[-49.776,-27.471],[-49.781,-27.471],[-49.788,-27.476],[-49.796,-27.478],[-49.794,-27.48],[-49.801,-27.487],[-49.805,-27.485],[-49.81,-27.485],[-49.811,-27.482],[-49.815,-27.48],[-49.817,-27.473],[-49.814,-27.466],[-49.81,-27.459],[-49.809,-27.455],[-49.812,-27.452],[-49.812,-27.448],[-49.809,-27.448],[-49.808,-27.444],[-49.803,-27.444],[-49.798,-27.434],[-49.794,-27.432],[-49.791,-27.422],[-49.789,-27.422],[-49.783,-27.414],[-49.771,-27.408],[-49.766,-27.406],[-49.764,-27.403],[-49.757,-27.402],[-49.75,-27.396]]]}},{"type":"Feature","properties":{"c":"4201901"},"geometry":{"type":"Polygon","coordinates":[[[-49.659,-27.388],[-49.66,-27.374],[-49.663,-27.37],[-49.664,-27.365],[-49.668,-27.36],[-49.666,-27.357],[-49.666,-27.349],[-49.668,-27.344],[-49.669,-27.338],[-49.676,-27.337],[-49.678,-27.333],[-49.673,-27.33],[-49.676,-27.324],[-49.681,-27.317],[-49.685,-27.319],[-49.69,-27.317],[-49.687,-27.311],[-49.687,-27.308],[-49.692,-27.304],[-49.689,-27.3],[-49.682,-27.291],[-49.671,-27.289],[-49.665,-27.284],[-49.659,-27.283],[-49.659,-27.279],[-49.64,-27.276],[-49.636,-27.278],[-49.631,-27.278],[-49.625,-27.285],[-49.62,-27.285],[-49.612,-27.278],[-49.606,-27.278],[-49.598,-27.271],[-49.593,-27.271],[-49.587,-27.266],[-49.584,-27.262],[-49.579,-27.26],[-49.572,-27.268],[-49.569,-27.269],[-49.565,-27.276],[-49.557,-27.277],[-49.551,-27.275],[-49.548,-27.277],[-49.542,-27.277],[-49.53,-27.274],[-49.527,-27.272],[-49.52,-27.275],[-49.515,-27.275],[-49.51,-27.279],[-49.509,-27.283],[-49.505,-27.291],[-49.5,-27.297],[-49.495,-27.298],[-49.492,-27.301],[-49.481,-27.305],[-49.494,-27.315],[-49.496,-27.322],[-49.499,-27.325],[-49.499,-27.33],[-49.501,-27.332],[-49.503,-27.342],[-49.507,-27.344],[-49.51,-27.35],[-49.514,-27.352],[-49.519,-27.357],[-49.528,-27.363],[-49.531,-27.369],[-49.537,-27.374],[-49.54,-27.373],[-49.539,-27.378],[-49.542,-27.379],[-49.546,-27.384],[-49.55,-27.384],[-49.556,-27.392],[-49.563,-27.394],[-49.565,-27.399],[-49.576,-27.399],[-49.579,-27.394],[-49.588,-27.394],[-49.587,-27.396],[-49.591,-27.397],[-49.592,-27.395],[-49.596,-27.394],[-49.602,-27.391],[-49.605,-27.393],[-49.61,-27.387],[-49.611,-27.39],[-49.625,-27.396],[-49.632,-27.396],[-49.633,-27.397],[-49.639,-27.394],[-49.648,-27.396],[-49.65,-27.395],[-49.649,-27.389],[-49.659,-27.388]]]}},{"type":"Feature","properties":{"c":"4201950"},"geometry":{"type":"Polygon","coordinates":[[[-49.516,-29.096],[-49.566,-29.059],[-49.558,-29.056],[-49.553,-29.053],[-49.547,-29.048],[-49.544,-29.038],[-49.538,-29.033],[-49.536,-29.029],[-49.532,-29.027],[-49.528,-29.028],[-49.525,-29.023],[-49.511,-29.018],[-49.498,-29.011],[-49.496,-29.008],[-49.487,-29.005],[-49.482,-29.002],[-49.482,-28.997],[-49.446,-28.969],[-49.431,-28.959],[-49.426,-28.957],[-49.419,-28.951],[-49.414,-28.949],[-49.409,-28.945],[-49.409,-28.942],[-49.389,-28.945],[-49.376,-28.956],[-49.408,-28.985],[-49.422,-28.998],[-49.425,-29.001],[-49.45,-29.026],[-49.452,-29.028],[-49.473,-29.049],[-49.492,-29.07],[-49.493,-29.07],[-49.516,-29.096]]]}},{"type":"Feature","properties":{"c":"4202008"},"geometry":{"type":"MultiPolygon","coordinates":[[[[-48.683,-26.973],[-48.677,-26.971],[-48.673,-26.966],[-48.663,-26.963],[-48.661,-26.966],[-48.655,-26.964],[-48.648,-26.959],[-48.645,-26.959],[-48.642,-26.955],[-48.637,-26.954],[-48.633,-26.955],[-48.632,-26.958],[-48.628,-26.96],[-48.624,-26.961],[-48.627,-26.963],[-48.627,-26.971],[-48.633,-26.972],[-48.635,-26.977],[-48.634,-26.984],[-48.628,-26.993],[-48.619,-27.002],[-48.614,-27.005],[-48.609,-27.006],[-48.601,-27.004],[-48.604,-27.0],[-48.602,-26.995],[-48.598,-26.993],[-48.594,-26.997],[-48.589,-26.997],[-48.588,-26.993],[-48.583,-26.993],[-48.583,-27.0],[-48.581,-27.007],[-48.576,-27.012],[-48.572,-27.009],[-48.569,-27.009],[-48.571,-27.015],[-48.576,-27.019],[-48.575,-27.024],[-48.578,-27.023],[-48.582,-27.03],[-48.581,-27.039],[-48.58,-27.04],[-48.583,-27.043],[-48.587,-27.045],[-48.587,-27.054],[-48.589,-27.061],[-48.592,-27.058],[-48.601,-27.056],[-48.604,-27.051],[-48.609,-27.048],[-48.611,-27.048],[-48.616,-27.042],[-48.617,-27.036],[-48.616,-27.032],[-48.622,-27.032],[-48.625,-27.03],[-48.626,-27.018],[-48.624,-27.016],[-48.628,-27.013],[-48.634,-27.017],[-48.636,-27.015],[-48.642,-27.013],[-48.642,-27.011],[-48.646,-27.011],[-48.647,-27.009],[-48.645,-27.001],[-48.657,-26.996],[-48.662,-26.992],[-48.668,-26.985],[-48.68,-26.98],[-48.682,-26.977],[-48.683,-26.973]]],[[[-48.623,-26.986],[-48.623,-26.987],[-48.625,-26.987],[-48.623,-26.986]]],[[[-48.58,-26.993],[-48.58,-26.992],[-48.579,-26.992],[-48.58,-26.993]]]]}},{"type":"Feature","properties":{"c":"4202057"},"geometry":{"type":"MultiPolygon","coordinates":[[[[-48.651,-26.547],[-48.682,-26.482],[-48.702,-26.446],[-48.71,-26.431],[-48.707,-26.431],[-48.702,-26.426],[-48.695,-26.425],[-48.693,-26.423],[-48.682,-26.421],[-48.674,-26.414],[-48.67,-26.413],[-48.672,-26.386],[-48.685,-26.376],[-48.688,-26.37],[-48.672,-26.369],[-48.667,-26.368],[-48.662,-26.361],[-48.651,-26.367],[-48.643,-26.367],[-48.637,-26.369],[-48.633,-26.372],[-48.629,-26.377],[-48.624,-26.39],[-48.619,-26.399],[-48.619,-26.409],[-48.626,-26.429],[-48.626,-26.438],[-48.622,-26.443],[-48.611,-26.453],[-48.605,-26.455],[-48.597,-26.454],[-48.594,-26.452],[-48.594,-26.453],[-48.598,-26.459],[-48.606,-26.466],[-48.61,-26.472],[-48.627,-26.499],[-48.635,-26.513],[-48.645,-26.535],[-48.651,-26.547]]],[[[-48.577,-26.46],[-48.58,-26.462],[-48.583,-26.46],[-48.579,-26.454],[-48.577,-26.46]]],[[[-48.567,-26.461],[-48.571,-26.46],[-48.567,-26.458],[-48.567,-26.461]]],[[[-48.585,-26.498],[-48.584,-26.497],[-48.583,-26.498],[-48.585,-26.498]]],[[[-48.579,-26.468],[-48.582,-26.468],[-48.581,-26.466],[-48.579,-26.468]]]]}},{"type":"Feature","properties":{"c":"4202073"},"geometry":{"type":"Polygon","coordinates":[[[-49.645,-29.238],[-49.653,-29.233],[-49.661,-29.242],[-49.712,-29.206],[-49.704,-29.199],[-49.7,-29.192],[-49.698,-29.183],[-49.695,-29.176],[-49.687,-29.167],[-49.676,-29.16],[-49.671,-29.155],[-49.656,-29.143],[-49.652,-29.14],[-49.637,-29.137],[-49.629,-29.134],[-49.629,-29.133],[-49.615,-29.119],[-49.61,-29.115],[-49.604,-29.106],[-49.596,-29.083],[-49.596,-29.08],[-49.585,-29.075],[-49.576,-29.068],[-49.571,-29.06],[-49.566,-29.059],[-49.516,-29.096],[-49.523,-29.102],[-49.53,-29.111],[-49.543,-29.125],[-49.564,-29.147],[-49.566,-29.149],[-49.597,-29.183],[-49.61,-29.198],[-49.626,-29.216],[-49.632,-29.223],[-49.645,-29.238]]]}},{"type":"Feature","properties":{"c":"4202081"},"geometry":{"type":"Polygon","coordinates":[[[-53.596,-26.688],[-53.596,-26.69],[-53.589,-26.744],[-53.588,-26.758],[-53.588,-26.766],[-53.585,-26.774],[-53.58,-26.776],[-53.577,-26.78],[-53.577,-26.783],[-53.58,-26.784],[-53.579,-26.787],[-53.582,-26.788],[-53.579,-26.792],[-53.574,-26.791],[-53.575,-26.795],[-53.581,-26.797],[-53.582,-26.795],[-53.586,-26.796],[-53.584,-26.8],[-53.587,-26.802],[-53.59,-26.805],[-53.594,-26.803],[-53.592,-26.808],[-53.595,-26.809],[-53.6,-26.807],[-53.602,-26.804],[-53.605,-26.806],[-53.603,-26.811],[-53.606,-26.818],[-53.607,-26.819],[-53.613,-26.815],[-53.617,-26.811],[-53.619,-26.813],[-53.616,-26.817],[-53.619,-26.82],[-53.624,-26.819],[-53.628,-26.816],[-53.627,-26.812],[-53.633,-26.817],[-53.638,-26.817],[-53.64,-26.811],[-53.643,-26.813],[-53.646,-26.81],[-53.652,-26.809],[-53.651,-26.813],[-53.653,-26.818],[-53.662,-26.817],[-53.663,-26.824],[-53.656,-26.829],[-53.668,-26.834],[-53.663,-26.838],[-53.661,-26.841],[-53.665,-26.844],[-53.676,-26.843],[-53.677,-26.844],[-53.68,-26.843],[-53.684,-26.844],[-53.69,-26.848],[-53.694,-26.848],[-53.696,-26.843],[-53.689,-26.84],[-53.689,-26.837],[-53.698,-26.829],[-53.702,-26.818],[-53.709,-26.815],[-53.711,-26.81],[-53.709,-26.81],[-53.706,-26.815],[-53.699,-26.815],[-53.698,-26.812],[-53.701,-26.804],[-53.701,-26.798],[-53.709,-26.799],[-53.715,-26.789],[-53.716,-26.79],[-53.717,-26.782],[-53.715,-26.779],[-53.709,-26.774],[-53.7,-26.772],[-53.702,-26.768],[-53.708,-26.766],[-53.715,-26.767],[-53.716,-26.773],[-53.729,-26.774],[-53.733,-26.773],[-53.737,-26.767],[-53.744,-26.764],[-53.743,-26.762],[-53.74,-26.762],[-53.736,-26.764],[-53.73,-26.766],[-53.719,-26.76],[-53.714,-26.753],[-53.714,-26.751],[-53.707,-26.747],[-53.704,-26.738],[-53.696,-26.739],[-53.695,-26.733],[-53.693,-26.733],[-53.693,-26.726],[-53.685,-26.72],[-53.682,-26.722],[-53.678,-26.721],[-53.673,-26.717],[-53.668,-26.718],[-53.664,-26.717],[-53.658,-26.721],[-53.655,-26.72],[-53.653,-26.729],[-53.658,-26.726],[-53.663,-26.727],[-53.662,-26.73],[-53.655,-26.731],[-53.652,-26.734],[-53.65,-26.732],[-53.646,-26.735],[-53.642,-26.736],[-53.643,-26.73],[-53.642,-26.727],[-53.645,-26.724],[-53.647,-26.716],[-53.646,-26.711],[-53.64,-26.712],[-53.642,-26.717],[-53.628,-26.716],[-53.626,-26.715],[-53.63,-26.713],[-53.63,-26.707],[-53.624,-26.702],[-53.62,-26.705],[-53.619,-26.698],[-53.624,-26.694],[-53.618,-26.692],[-53.616,-26.697],[-53.614,-26.695],[-53.614,-26.691],[-53.618,-26.691],[-53.617,-26.688],[-53.613,-26.689],[-53.61,-26.688],[-53.611,-26.684],[-53.604,-26.684],[-53.608,-26.689],[-53.605,-26.692],[-53.601,-26.685],[-53.596,-26.688]]]}},{"type":"Feature","properties":{"c":"4202099"},"geometry":{"type":"Polygon","coordinates":[[[-53.495,-26.66],[-53.477,-26.644],[-53.474,-26.647],[-53.464,-26.638],[-53.462,-26.64],[-53.455,-26.635],[-53.447,-26.634],[-53.447,-26.628],[-53.429,-26.626],[-53.432,-26.621],[-53.42,-26.615],[-53.418,-26.609],[-53.413,-26.606],[-53.425,-26.603],[-53.413,-26.585],[-53.396,-26.593],[-53.403,-26.609],[-53.397,-26.617],[-53.394,-26.617],[-53.392,-26.621],[-53.393,-26.623],[-53.388,-26.631],[-53.39,-26.632],[-53.388,-26.646],[-53.394,-26.663],[-53.384,-26.666],[-53.391,-26.676],[-53.391,-26.68],[-53.397,-26.673],[-53.402,-26.678],[-53.397,-26.677],[-53.396,-26.681],[-53.409,-26.686],[-53.411,-26.688],[-53.411,-26.695],[-53.4,-26.695],[-53.399,-26.691],[-53.391,-26.694],[-53.393,-26.699],[-53.39,-26.703],[-53.386,-26.716],[-53.39,-26.715],[-53.393,-26.71],[-53.399,-26.711],[-53.404,-26.717],[-53.399,-26.721],[-53.398,-26.729],[-53.395,-26.731],[-53.387,-26.729],[-53.383,-26.719],[-53.378,-26.719],[-53.374,-26.723],[-53.368,-26.726],[-53.369,-26.729],[-53.368,-26.737],[-53.378,-26.737],[-53.385,-26.74],[-53.384,-26.745],[-53.392,-26.743],[-53.394,-26.744],[-53.404,-26.738],[-53.411,-26.738],[-53.42,-26.733],[-53.424,-26.728],[-53.423,-26.725],[-53.428,-26.72],[-53.429,-26.713],[-53.432,-26.707],[-53.444,-26.71],[-53.445,-26.704],[-53.495,-26.66]]]}},{"type":"Feature","properties":{"c":"4202107"},"geometry":{"type":"MultiPolygon","coordinates":[[[[-48.682,-26.718],[-48.702,-26.724],[-48.724,-26.731],[-48.727,-26.729],[-48.733,-26.731],[-48.738,-26.734],[-48.743,-26.739],[-48.751,-26.738],[-48.757,-26.741],[-48.762,-26.738],[-48.764,-26.735],[-48.762,-26.729],[-48.773,-26.708],[-48.777,-26.706],[-48.78,-26.706],[-48.79,-26.706],[-48.797,-26.709],[-48.801,-26.713],[-48.802,-26.709],[-48.807,-26.7],[-48.807,-26.693],[-48.803,-26.689],[-48.804,-26.683],[-48.802,-26.681],[-48.796,-26.673],[-48.787,-26.672],[-48.787,-26.666],[-48.784,-26.661],[-48.78,-26.661],[-48.777,-26.667],[-48.766,-26.668],[-48.765,-26.665],[-48.759,-26.664],[-48.754,-26.665],[-48.754,-26.659],[-48.757,-26.655],[-48.755,-26.651],[-48.759,-26.648],[-48.756,-26.644],[-48.757,-26.638],[-48.75,-26.632],[-48.743,-26.631],[-48.744,-26.593],[-48.74,-26.587],[-48.741,-26.576],[-48.744,-26.571],[-48.741,-26.56],[-48.732,-26.568],[-48.73,-26.573],[-48.729,-26.59],[-48.727,-26.596],[-48.723,-26.598],[-48.717,-26.599],[-48.708,-26.598],[-48.704,-26.594],[-48.704,-26.59],[-48.701,-26.587],[-48.697,-26.586],[-48.695,-26.575],[-48.689,-26.572],[-48.683,-26.573],[-48.679,-26.577],[-48.672,-26.578],[-48.665,-26.581],[-48.671,-26.596],[-48.676,-26.611],[-48.68,-26.627],[-48.681,-26.634],[-48.683,-26.639],[-48.683,-26.644],[-48.688,-26.671],[-48.688,-26.68],[-48.687,-26.688],[-48.679,-26.698],[-48.681,-26.703],[-48.682,-26.718]]],[[[-48.67,-26.633],[-48.671,-26.636],[-48.673,-26.633],[-48.67,-26.633]]],[[[-48.675,-26.696],[-48.677,-26.695],[-48.675,-26.694],[-48.675,-26.696]]],[[[-48.619,-26.71],[-48.618,-26.709],[-48.618,-26.71],[-48.619,-26.71]]]]}},{"type":"Feature","properties":{"c":"4202131"},"geometry":{"type":"Polygon","coordinates":[[[-50.4,-26.345],[-50.408,-26.345],[-50.41,-26.349],[-50.409,-26.354],[-50.411,-26.358],[-50.409,-26.364],[-50.411,-26.366],[-50.417,-26.366],[-50.42,-26.375],[-50.423,-26.378],[-50.422,-26.385],[-50.415,-26.396],[-50.415,-26.401],[-50.418,-26.403],[-50.417,-26.411],[-50.422,-26.415],[-50.423,-26.42],[-50.431,-26.426],[-50.434,-26.429],[-50.434,-26.435],[-50.432,-26.44],[-50.435,-26.447],[-50.435,-26.451],[-50.444,-26.455],[-50.449,-26.464],[-50.444,-26.475],[-50.445,-26.481],[-50.449,-26.488],[-50.452,-26.493],[-50.454,-26.502],[-50.452,-26.508],[-50.444,-26.518],[-50.435,-26.521],[-50.432,-26.525],[-50.429,-26.532],[-50.417,-26.545],[-50.413,-26.546],[-50.407,-26.554],[-50.401,-26.561],[-50.402,-26.566],[-50.406,-26.57],[-50.409,-26.57],[-50.415,-26.572],[-50.414,-26.577],[-50.416,-26.581],[-50.422,-26.581],[-50.433,-26.574],[-50.443,-26.579],[-50.442,-26.585],[-50.445,-26.59],[-50.439,-26.593],[-50.439,-26.595],[-50.429,-26.598],[-50.424,-26.597],[-50.424,-26.6],[-50.418,-26.606],[-50.412,-26.6],[-50.41,-26.609],[-50.416,-26.607],[-50.42,-26.607],[-50.426,-26.605],[-50.43,-26.606],[-50.435,-26.611],[-50.436,-26.615],[-50.44,-26.617],[-50.444,-26.615],[-50.452,-26.615],[-50.462,-26.626],[-50.471,-26.629],[-50.472,-26.631],[-50.487,-26.634],[-50.491,-26.638],[-50.492,-26.643],[-50.495,-26.643],[-50.502,-26.638],[-50.507,-26.637],[-50.509,-26.639],[-50.513,-26.637],[-50.514,-26.64],[-50.52,-26.634],[-50.518,-26.632],[-50.521,-26.628],[-50.524,-26.628],[-50.528,-26.622],[-50.524,-26.622],[-50.523,-26.618],[-50.53,-26.613],[-50.529,-26.609],[-50.527,-26.608],[-50.527,-26.603],[-50.52,-26.593],[-50.52,-26.59],[-50.517,-26.589],[-50.515,-26.583],[-50.516,-26.58],[-50.513,-26.579],[-50.517,-26.568],[-50.531,-26.549],[-50.538,-26.522],[-50.543,-26.518],[-50.543,-26.512],[-50.548,-26.508],[-50.552,-26.508],[-50.55,-26.502],[-50.547,-26.487],[-50.548,-26.486],[-50.534,-26.478],[-50.531,-26.475],[-50.529,-26.471],[-50.533,-26.464],[-50.543,-26.463],[-50.553,-26.457],[-50.555,-26.452],[-50.554,-26.448],[-50.558,-26.447],[-50.562,-26.441],[-50.568,-26.44],[-50.568,-26.436],[-50.572,-26.433],[-50.571,-26.427],[-50.573,-26.419],[-50.568,-26.415],[-50.568,-26.41],[-50.564,-26.401],[-50.563,-26.4],[-50.573,-26.389],[-50.575,-26.379],[-50.578,-26.375],[-50.583,-26.375],[-50.583,-26.371],[-50.581,-26.365],[-50.574,-26.364],[-50.573,-26.36],[-50.569,-26.355],[-50.575,-26.351],[-50.57,-26.345],[-50.568,-26.339],[-50.568,-26.336],[-50.565,-26.335],[-50.564,-26.33],[-50.561,-26.332],[-50.558,-26.33],[-50.555,-26.325],[-50.553,-26.318],[-50.558,-26.307],[-50.563,-26.302],[-50.567,-26.303],[-50.571,-26.295],[-50.567,-26.292],[-50.559,-26.287],[-50.564,-26.285],[-50.558,-26.284],[-50.553,-26.279],[-50.551,-26.274],[-50.547,-26.272],[-50.546,-26.267],[-50.537,-26.259],[-50.537,-26.254],[-50.502,-26.247],[-50.483,-26.235],[-50.479,-26.234],[-50.467,-26.233],[-50.463,-26.229],[-50.436,-26.237],[-50.437,-26.24],[-50.435,-26.244],[-50.431,-26.246],[-50.432,-26.248],[-50.431,-26.253],[-50.428,-26.253],[-50.427,-26.259],[-50.428,-26.262],[-50.426,-26.267],[-50.422,-26.267],[-50.42,-26.271],[-50.421,-26.274],[-50.418,-26.28],[-50.413,-26.283],[-50.41,-26.283],[-50.408,-26.287],[-50.404,-26.289],[-50.404,-26.297],[-50.408,-26.303],[-50.408,-26.309],[-50.407,-26.314],[-50.397,-26.317],[-50.394,-26.32],[-50.396,-26.326],[-50.395,-26.331],[-50.396,-26.335],[-50.4,-26.338],[-50.4,-26.345]]]}},{"type":"Feature","properties":{"c":"4202156"},"geometry":{"type":"Polygon","coordinates":[[[-53.675,-26.893],[-53.689,-26.891],[-53.694,-26.889],[-53.696,-26.884],[-53.69,-26.875],[-53.687,-26.872],[-53.68,-26.87],[-53.686,-26.867],[-53.693,-26.866],[-53.697,-26.862],[-53.694,-26.859],[-53.688,-26.861],[-53.672,-26.862],[-53.666,-26.865],[-53.661,-26.863],[-53.661,-26.859],[-53.663,-26.856],[-53.671,-26.853],[-53.677,-26.844],[-53.676,-26.843],[-53.665,-26.844],[-53.661,-26.841],[-53.663,-26.838],[-53.668,-26.834],[-53.656,-26.829],[-53.663,-26.824],[-53.662,-26.817],[-53.653,-26.818],[-53.651,-26.813],[-53.652,-26.809],[-53.646,-26.81],[-53.643,-26.813],[-53.64,-26.811],[-53.638,-26.817],[-53.633,-26.817],[-53.627,-26.812],[-53.628,-26.816],[-53.624,-26.819],[-53.619,-26.82],[-53.616,-26.817],[-53.619,-26.813],[-53.617,-26.811],[-53.613,-26.815],[-53.607,-26.819],[-53.606,-26.818],[-53.594,-26.824],[-53.591,-26.823],[-53.583,-26.825],[-53.574,-26.827],[-53.546,-26.834],[-53.549,-26.843],[-53.552,-26.84],[-53.557,-26.844],[-53.551,-26.849],[-53.552,-26.854],[-53.555,-26.857],[-53.558,-26.857],[-53.555,-26.86],[-53.557,-26.862],[-53.565,-26.856],[-53.565,-26.861],[-53.557,-26.87],[-53.559,-26.873],[-53.557,-26.875],[-53.554,-26.872],[-53.551,-26.873],[-53.552,-26.878],[-53.558,-26.881],[-53.557,-26.884],[-53.554,-26.884],[-53.556,-26.889],[-53.551,-26.89],[-53.559,-26.891],[-53.559,-26.894],[-53.575,-26.897],[-53.576,-26.896],[-53.585,-26.89],[-53.592,-26.89],[-53.6,-26.887],[-53.606,-26.889],[-53.611,-26.889],[-53.619,-26.893],[-53.626,-26.885],[-53.672,-26.893],[-53.675,-26.893]]]}},{"type":"Feature","properties":{"c":"4202206"},"geometry":{"type":"Polygon","coordinates":[[[-49.43,-26.915],[-49.437,-26.915],[-49.439,-26.92],[-49.444,-26.921],[-49.445,-26.926],[-49.453,-26.935],[-49.458,-26.936],[-49.461,-26.934],[-49.465,-26.94],[-49.475,-26.937],[-49.486,-26.937],[-49.494,-26.927],[-49.501,-26.926],[-49.507,-26.921],[-49.51,-26.91],[-49.512,-26.907],[-49.518,-26.908],[-49.519,-26.905],[-49.524,-26.904],[-49.526,-26.901],[-49.53,-26.901],[-49.532,-26.898],[-49.536,-26.897],[-49.537,-26.895],[-49.544,-26.892],[-49.547,-26.892],[-49.548,-26.882],[-49.551,-26.879],[-49.553,-26.867],[-49.549,-26.857],[-49.547,-26.858],[-49.541,-26.857],[-49.538,-26.853],[-49.531,-26.847],[-49.532,-26.842],[-49.535,-26.841],[-49.533,-26.835],[-49.534,-26.831],[-49.533,-26.828],[-49.528,-26.827],[-49.522,-26.821],[-49.524,-26.817],[-49.519,-26.812],[-49.516,-26.811],[-49.519,-26.803],[-49.518,-26.799],[-49.514,-26.797],[-49.51,-26.792],[-49.506,-26.789],[-49.496,-26.789],[-49.489,-26.785],[-49.489,-26.781],[-49.486,-26.779],[-49.479,-26.775],[-49.471,-26.774],[-49.47,-26.769],[-49.464,-26.765],[-49.454,-26.766],[-49.447,-26.759],[-49.451,-26.757],[-49.452,-26.754],[-49.449,-26.741],[-49.45,-26.73],[-49.448,-26.728],[-49.452,-26.724],[-49.449,-26.719],[-49.448,-26.715],[-49.455,-26.709],[-49.466,-26.706],[-49.468,-26.701],[-49.472,-26.701],[-49.475,-26.698],[-49.475,-26.686],[-49.471,-26.682],[-49.472,-26.678],[-49.478,-26.676],[-49.482,-26.67],[-49.487,-26.666],[-49.488,-26.66],[-49.486,-26.657],[-49.486,-26.652],[-49.482,-26.648],[-49.478,-26.649],[-49.473,-26.648],[-49.468,-26.651],[-49.464,-26.651],[-49.461,-26.649],[-49.456,-26.65],[-49.449,-26.648],[-49.444,-26.655],[-49.437,-26.658],[-49.431,-26.658],[-49.424,-26.66],[-49.42,-26.662],[-49.417,-26.661],[-49.412,-26.668],[-49.406,-26.67],[-49.399,-26.671],[-49.398,-26.675],[-49.391,-26.683],[-49.386,-26.685],[-49.38,-26.695],[-49.376,-26.696],[-49.373,-26.694],[-49.367,-26.696],[-49.366,-26.702],[-49.356,-26.71],[-49.357,-26.715],[-49.355,-26.724],[-49.345,-26.723],[-49.341,-26.725],[-49.338,-26.734],[-49.333,-26.735],[-49.333,-26.74],[-49.335,-26.746],[-49.334,-26.75],[-49.336,-26.754],[-49.339,-26.756],[-49.333,-26.764],[-49.334,-26.766],[-49.329,-26.77],[-49.329,-26.774],[-49.334,-26.775],[-49.331,-26.782],[-49.329,-26.784],[-49.329,-26.788],[-49.331,-26.791],[-49.334,-26.797],[-49.333,-26.8],[-49.329,-26.803],[-49.33,-26.808],[-49.334,-26.811],[-49.34,-26.816],[-49.347,-26.822],[-49.356,-26.821],[-49.36,-26.824],[-49.356,-26.832],[-49.364,-26.835],[-49.368,-26.84],[-49.372,-26.842],[-49.369,-26.847],[-49.371,-26.852],[-49.378,-26.854],[-49.381,-26.862],[-49.385,-26.865],[-49.392,-26.868],[-49.401,-26.868],[-49.403,-26.87],[-49.402,-26.878],[-49.407,-26.883],[-49.406,-26.887],[-49.41,-26.891],[-49.41,-26.899],[-49.415,-26.904],[-49.42,-26.904],[-49.424,-26.907],[-49.423,-26.912],[-49.426,-26.916],[-49.43,-26.915]]]}},{"type":"Feature","properties":{"c":"4202305"},"geometry":{"type":"Polygon","coordinates":[[[-48.585,-27.455],[-48.582,-27.466],[-48.583,-27.472],[-48.591,-27.484],[-48.589,-27.494],[-48.579,-27.507],[-48.576,-27.517],[-48.591,-27.521],[-48.606,-27.525],[-48.615,-27.527],[-48.631,-27.53],[-48.634,-27.532],[-48.636,-27.535],[-48.649,-27.543],[-48.65,-27.541],[-48.655,-27.544],[-48.657,-27.538],[-48.664,-27.532],[-48.666,-27.533],[-48.667,-27.537],[-48.671,-27.541],[-48.677,-27.536],[-48.68,-27.529],[-48.679,-27.523],[-48.69,-27.52],[-48.694,-27.525],[-48.712,-27.525],[-48.715,-27.529],[-48.719,-27.529],[-48.723,-27.537],[-48.725,-27.53],[-48.724,-27.526],[-48.728,-27.518],[-48.733,-27.52],[-48.736,-27.518],[-48.741,-27.511],[-48.739,-27.507],[-48.739,-27.502],[-48.753,-27.498],[-48.754,-27.494],[-48.752,-27.486],[-48.745,-27.479],[-48.747,-27.476],[-48.756,-27.471],[-48.764,-27.46],[-48.772,-27.459],[-48.78,-27.466],[-48.787,-27.46],[-48.789,-27.456],[-48.794,-27.451],[-48.797,-27.45],[-48.801,-27.445],[-48.799,-27.438],[-48.803,-27.433],[-48.803,-27.426],[-48.801,-27.423],[-48.8,-27.416],[-48.802,-27.413],[-48.8,-27.409],[-48.8,-27.403],[-48.805,-27.404],[-48.813,-27.403],[-48.818,-27.405],[-48.823,-27.4],[-48.828,-27.4],[-48.83,-27.398],[-48.835,-27.397],[-48.832,-27.393],[-48.823,-27.389],[-48.818,-27.387],[-48.816,-27.381],[-48.818,-27.379],[-48.812,-27.374],[-48.811,-27.369],[-48.804,-27.364],[-48.801,-27.358],[-48.794,-27.353],[-48.792,-27.354],[-48.789,-27.352],[-48.779,-27.35],[-48.776,-27.347],[-48.771,-27.347],[-48.768,-27.351],[-48.763,-27.348],[-48.764,-27.346],[-48.758,-27.343],[-48.752,-27.346],[-48.743,-27.342],[-48.739,-27.344],[-48.735,-27.341],[-48.727,-27.342],[-48.726,-27.345],[-48.719,-27.347],[-48.714,-27.349],[-48.71,-27.349],[-48.71,-27.352],[-48.705,-27.355],[-48.702,-27.352],[-48.695,-27.351],[-48.688,-27.342],[-48.681,-27.343],[-48.673,-27.342],[-48.671,-27.349],[-48.663,-27.347],[-48.659,-27.344],[-48.658,-27.338],[-48.656,-27.336],[-48.661,-27.33],[-48.661,-27.326],[-48.654,-27.321],[-48.641,-27.327],[-48.637,-27.327],[-48.627,-27.325],[-48.627,-27.34],[-48.633,-27.346],[-48.632,-27.356],[-48.634,-27.365],[-48.633,-27.373],[-48.631,-27.38],[-48.632,-27.389],[-48.629,-27.403],[-48.618,-27.402],[-48.616,-27.4],[-48.602,-27.399],[-48.598,-27.402],[-48.603,-27.409],[-48.604,-27.413],[-48.601,-27.422],[-48.605,-27.423],[-48.607,-27.426],[-48.608,-27.435],[-48.603,-27.443],[-48.596,-27.45],[-48.585,-27.455]]]}},{"type":"Feature","properties":{"c":"4202404"},"geometry":{"type":"Polygon","coordinates":[[[-49.057,-27.062],[-49.055,-27.064],[-49.06,-27.068],[-49.059,-27.076],[-49.059,-27.084],[-49.062,-27.086],[-49.058,-27.09],[-49.059,-27.099],[-49.067,-27.102],[-49.068,-27.106],[-49.066,-27.11],[-49.073,-27.114],[-49.079,-27.121],[-49.086,-27.122],[-49.091,-27.12],[-49.095,-27.116],[-49.098,-27.117],[-49.103,-27.115],[-49.106,-27.12],[-49.109,-27.12],[-49.117,-27.124],[-49.124,-27.124],[-49.129,-27.122],[-49.134,-27.128],[-49.134,-27.131],[-49.138,-27.133],[-49.143,-27.127],[-49.148,-27.127],[-49.149,-27.122],[-49.155,-27.12],[-49.152,-27.119],[-49.154,-27.112],[-49.156,-27.111],[-49.154,-27.107],[-49.157,-27.105],[-49.154,-27.102],[-49.155,-27.097],[-49.148,-27.091],[-49.144,-27.094],[-49.142,-27.091],[-49.137,-27.08],[-49.137,-27.074],[-49.135,-27.07],[-49.131,-27.068],[-49.133,-27.061],[-49.131,-27.056],[-49.134,-27.048],[-49.136,-27.047],[-49.133,-27.042],[-49.135,-27.04],[-49.131,-27.038],[-49.128,-27.032],[-49.132,-27.029],[-49.132,-27.025],[-49.135,-27.024],[-49.133,-27.019],[-49.137,-27.015],[-49.151,-27.011],[-49.151,-27.007],[-49.157,-27.005],[-49.161,-26.999],[-49.163,-26.99],[-49.161,-26.988],[-49.163,-26.984],[-49.162,-26.978],[-49.158,-26.97],[-49.16,-26.966],[-49.16,-26.96],[-49.165,-26.956],[-49.16,-26.953],[-49.163,-26.949],[-49.162,-26.945],[-49.166,-26.942],[-49.164,-26.938],[-49.159,-26.935],[-49.163,-26.934],[-49.169,-26.931],[-49.171,-26.924],[-49.177,-26.918],[-49.174,-26.905],[-49.165,-26.904],[-49.164,-26.901],[-49.166,-26.895],[-49.162,-26.894],[-49.153,-26.896],[-49.16,-26.886],[-49.18,-26.877],[-49.185,-26.88],[-49.187,-26.876],[-49.178,-26.873],[-49.174,-26.869],[-49.183,-26.862],[-49.187,-26.861],[-49.195,-26.855],[-49.196,-26.852],[-49.195,-26.846],[-49.198,-26.844],[-49.201,-26.838],[-49.201,-26.835],[-49.198,-26.836],[-49.199,-26.839],[-49.189,-26.84],[-49.183,-26.835],[-49.175,-26.834],[-49.166,-26.836],[-49.164,-26.838],[-49.128,-26.833],[-49.126,-26.823],[-49.124,-26.819],[-49.128,-26.81],[-49.128,-26.808],[-49.123,-26.803],[-49.12,-26.794],[-49.121,-26.788],[-49.119,-26.785],[-49.123,-26.781],[-49.126,-26.772],[-49.124,-26.768],[-49.124,-26.761],[-49.127,-26.759],[-49.127,-26.752],[-49.125,-26.748],[-49.121,-26.749],[-49.118,-26.745],[-49.11,-26.744],[-49.106,-26.741],[-49.107,-26.739],[-49.112,-26.74],[-49.114,-26.734],[-49.112,-26.732],[-49.112,-26.725],[-49.111,-26.722],[-49.114,-26.718],[-49.119,-26.723],[-49.121,-26.713],[-49.124,-26.713],[-49.123,-26.708],[-49.133,-26.709],[-49.132,-26.7],[-49.133,-26.694],[-49.129,-26.69],[-49.122,-26.686],[-49.124,-26.682],[-49.128,-26.68],[-49.129,-26.674],[-49.128,-26.671],[-49.131,-26.662],[-49.13,-26.658],[-49.133,-26.656],[-49.133,-26.651],[-49.131,-26.648],[-49.127,-26.647],[-49.127,-26.64],[-49.13,-26.636],[-49.132,-26.628],[-49.129,-26.621],[-49.123,-26.621],[-49.122,-26.618],[-49.114,-26.613],[-49.113,-26.62],[-49.114,-26.624],[-49.11,-26.631],[-49.111,-26.636],[-49.113,-26.637],[-49.114,-26.642],[-49.11,-26.645],[-49.112,-26.646],[-49.114,-26.653],[-49.113,-26.655],[-49.107,-26.653],[-49.107,-26.659],[-49.102,-26.66],[-49.1,-26.656],[-49.092,-26.658],[-49.089,-26.655],[-49.073,-26.654],[-49.074,-26.649],[-49.07,-26.648],[-49.069,-26.653],[-49.066,-26.654],[-49.059,-26.654],[-49.057,-26.657],[-49.054,-26.653],[-49.046,-26.65],[-49.042,-26.657],[-49.037,-26.659],[-49.035,-26.662],[-49.032,-26.662],[-49.018,-26.685],[-49.02,-26.686],[-49.026,-26.686],[-49.028,-26.69],[-49.031,-26.692],[-49.036,-26.7],[-49.043,-26.702],[-49.047,-26.705],[-49.049,-26.709],[-49.048,-26.719],[-49.045,-26.724],[-49.04,-26.729],[-49.04,-26.735],[-49.05,-26.742],[-49.047,-26.747],[-49.047,-26.752],[-49.044,-26.755],[-49.042,-26.766],[-49.036,-26.773],[-49.03,-26.778],[-49.046,-26.776],[-49.049,-26.779],[-49.055,-26.782],[-49.05,-26.789],[-49.054,-26.795],[-49.051,-26.796],[-49.05,-26.81],[-49.045,-26.814],[-49.046,-26.819],[-49.049,-26.819],[-49.049,-26.825],[-49.042,-26.828],[-49.039,-26.839],[-49.043,-26.845],[-49.043,-26.854],[-49.04,-26.858],[-49.044,-26.86],[-49.04,-26.864],[-49.044,-26.87],[-49.044,-26.878],[-49.017,-26.901],[-49.014,-26.9],[-49.012,-26.907],[-49.018,-26.912],[-49.017,-26.915],[-49.025,-26.922],[-49.029,-26.922],[-49.032,-26.93],[-49.028,-26.934],[-49.032,-26.938],[-49.034,-26.937],[-49.037,-26.94],[-49.041,-26.938],[-49.054,-26.948],[-49.057,-26.955],[-49.055,-26.96],[-49.052,-26.96],[-49.047,-26.964],[-49.045,-26.971],[-49.043,-26.971],[-49.041,-26.977],[-49.044,-26.982],[-49.042,-26.986],[-49.052,-26.994],[-49.056,-26.994],[-49.056,-26.999],[-49.059,-27.003],[-49.057,-27.003],[-49.056,-27.009],[-49.054,-27.012],[-49.059,-27.016],[-49.056,-27.024],[-49.054,-27.027],[-49.054,-27.034],[-49.063,-27.039],[-49.061,-27.042],[-49.066,-27.043],[-49.065,-27.049],[-49.063,-27.051],[-49.065,-27.055],[-49.062,-27.059],[-49.057,-27.062]]]}},{"type":"Feature","properties":{"c":"4202438"},"geometry":{"type":"Polygon","coordinates":[[[-50.067,-27.811],[-50.071,-27.805],[-50.07,-27.801],[-50.074,-27.797],[-50.077,-27.793],[-50.077,-27.783],[-50.068,-27.777],[-50.056,-27.773],[-50.051,-27.773],[-50.046,-27.774],[-50.043,-27.768],[-50.043,-27.764],[-50.041,-27.761],[-50.031,-27.757],[-50.029,-27.752],[-50.031,-27.748],[-50.027,-27.735],[-50.029,-27.725],[-50.032,-27.724],[-50.029,-27.716],[-50.031,-27.714],[-50.027,-27.711],[-50.025,-27.707],[-50.029,-27.701],[-50.028,-27.698],[-50.023,-27.696],[-50.027,-27.693],[-50.022,-27.684],[-50.018,-27.681],[-50.019,-27.678],[-50.014,-27.676],[-50.013,-27.672],[-50.004,-27.673],[-50.002,-27.674],[-50.001,-27.668],[-50.004,-27.665],[-49.999,-27.66],[-49.999,-27.65],[-50.002,-27.648],[-50.0,-27.641],[-49.996,-27.637],[-49.997,-27.634],[-50.003,-27.63],[-50.008,-27.625],[-50.01,-27.619],[-50.005,-27.619],[-49.999,-27.625],[-49.995,-27.626],[-49.989,-27.621],[-49.986,-27.619],[-49.984,-27.624],[-49.973,-27.632],[-49.973,-27.634],[-49.976,-27.636],[-49.982,-27.633],[-49.985,-27.633],[-49.99,-27.638],[-49.991,-27.642],[-49.987,-27.644],[-49.979,-27.643],[-49.976,-27.645],[-49.976,-27.648],[-49.971,-27.657],[-49.963,-27.661],[-49.954,-27.658],[-49.952,-27.655],[-49.954,-27.652],[-49.956,-27.645],[-49.955,-27.64],[-49.946,-27.637],[-49.944,-27.64],[-49.949,-27.646],[-49.945,-27.649],[-49.937,-27.648],[-49.93,-27.655],[-49.93,-27.657],[-49.925,-27.663],[-49.918,-27.669],[-49.909,-27.672],[-49.906,-27.669],[-49.908,-27.663],[-49.911,-27.66],[-49.917,-27.658],[-49.92,-27.656],[-49.919,-27.651],[-49.917,-27.651],[-49.911,-27.655],[-49.908,-27.655],[-49.902,-27.653],[-49.901,-27.658],[-49.898,-27.661],[-49.893,-27.663],[-49.891,-27.658],[-49.891,-27.65],[-49.886,-27.649],[-49.885,-27.653],[-49.885,-27.665],[-49.883,-27.67],[-49.873,-27.676],[-49.87,-27.68],[-49.874,-27.684],[-49.873,-27.687],[-49.865,-27.692],[-49.863,-27.692],[-49.865,-27.685],[-49.862,-27.68],[-49.862,-27.675],[-49.857,-27.671],[-49.85,-27.669],[-49.842,-27.669],[-49.835,-27.672],[-49.835,-27.678],[-49.839,-27.678],[-49.844,-27.678],[-49.847,-27.679],[-49.842,-27.685],[-49.844,-27.691],[-49.843,-27.698],[-49.841,-27.702],[-49.829,-27.7],[-49.822,-27.701],[-49.818,-27.705],[-49.814,-27.706],[-49.813,-27.701],[-49.81,-27.704],[-49.806,-27.705],[-49.802,-27.71],[-49.802,-27.714],[-49.8,-27.717],[-49.8,-27.72],[-49.798,-27.725],[-49.799,-27.736],[-49.789,-27.739],[-49.78,-27.733],[-49.774,-27.734],[-49.772,-27.737],[-49.775,-27.745],[-49.774,-27.747],[-49.769,-27.75],[-49.764,-27.749],[-49.761,-27.753],[-49.761,-27.757],[-49.766,-27.758],[-49.767,-27.754],[-49.771,-27.753],[-49.774,-27.756],[-49.778,-27.758],[-49.781,-27.763],[-49.78,-27.767],[-49.773,-27.768],[-49.77,-27.771],[-49.768,-27.776],[-49.768,-27.782],[-49.764,-27.786],[-49.76,-27.787],[-49.754,-27.791],[-49.754,-27.794],[-49.758,-27.798],[-49.759,-27.804],[-49.764,-27.809],[-49.763,-27.812],[-49.765,-27.813],[-49.768,-27.811],[-49.767,-27.805],[-49.762,-27.798],[-49.774,-27.798],[-49.778,-27.804],[-49.78,-27.811],[-49.784,-27.816],[-49.787,-27.82],[-49.787,-27.823],[-49.791,-27.828],[-49.796,-27.839],[-49.799,-27.842],[-49.804,-27.849],[-49.807,-27.855],[-49.805,-27.86],[-49.809,-27.864],[-49.809,-27.867],[-49.817,-27.868],[-49.823,-27.872],[-49.827,-27.876],[-49.832,-27.877],[-49.835,-27.881],[-49.834,-27.884],[-49.838,-27.888],[-49.847,-27.885],[-49.854,-27.89],[-49.859,-27.891],[-49.869,-27.9],[-49.873,-27.9],[-49.88,-27.894],[-49.878,-27.891],[-49.88,-27.885],[-49.886,-27.883],[-49.886,-27.88],[-49.888,-27.876],[-49.895,-27.872],[-49.896,-27.867],[-49.899,-27.865],[-49.897,-27.861],[-49.894,-27.859],[-49.901,-27.856],[-49.903,-27.853],[-49.908,-27.852],[-49.911,-27.854],[-49.911,-27.851],[-49.909,-27.846],[-49.92,-27.843],[-49.925,-27.843],[-49.931,-27.845],[-49.938,-27.844],[-49.941,-27.846],[-49.948,-27.846],[-49.952,-27.849],[-49.959,-27.848],[-49.964,-27.844],[-49.967,-27.84],[-49.966,-27.836],[-49.974,-27.833],[-49.978,-27.834],[-49.981,-27.829],[-49.99,-27.826],[-49.989,-27.822],[-49.985,-27.818],[-49.995,-27.809],[-49.999,-27.806],[-49.997,-27.801],[-50.001,-27.799],[-50.004,-27.796],[-50.006,-27.801],[-50.01,-27.802],[-50.012,-27.805],[-50.017,-27.808],[-50.026,-27.809],[-50.028,-27.815],[-50.035,-27.81],[-50.035,-27.814],[-50.041,-27.817],[-50.042,-27.81],[-50.052,-27.812],[-50.055,-27.81],[-50.06,-27.813],[-50.067,-27.811]]]}},{"type":"Feature","properties":{"c":"4202453"},"geometry":{"type":"MultiPolygon","coordinates":[[[[-48.578,-27.211],[-48.577,-27.207],[-48.579,-27.203],[-48.582,-27.202],[-48.585,-27.198],[-48.582,-27.192],[-48.576,-27.186],[-48.568,-27.185],[-48.562,-27.183],[-48.561,-27.179],[-48.556,-27.177],[-48.554,-27.173],[-48.552,-27.171],[-48.546,-27.173],[-48.541,-27.173],[-48.534,-27.163],[-48.531,-27.164],[-48.527,-27.158],[-48.529,-27.153],[-48.526,-27.15],[-48.526,-27.146],[-48.522,-27.141],[-48.524,-27.137],[-48.518,-27.129],[-48.519,-27.127],[-48.514,-27.124],[-48.512,-27.119],[-48.508,-27.115],[-48.508,-27.11],[-48.506,-27.119],[-48.509,-27.119],[-48.513,-27.126],[-48.514,-27.132],[-48.512,-27.135],[-48.504,-27.144],[-48.5,-27.146],[-48.495,-27.145],[-48.494,-27.147],[-48.488,-27.149],[-48.481,-27.147],[-48.478,-27.142],[-48.481,-27.138],[-48.479,-27.135],[-48.477,-27.141],[-48.475,-27.141],[-48.477,-27.144],[-48.475,-27.146],[-48.466,-27.143],[-48.466,-27.146],[-48.473,-27.149],[-48.475,-27.154],[-48.482,-27.153],[-48.485,-27.159],[-48.484,-27.161],[-48.486,-27.164],[-48.489,-27.163],[-48.496,-27.166],[-48.499,-27.173],[-48.5,-27.179],[-48.499,-27.19],[-48.495,-27.198],[-48.49,-27.203],[-48.484,-27.199],[-48.475,-27.2],[-48.477,-27.205],[-48.484,-27.211],[-48.487,-27.209],[-48.493,-27.213],[-48.498,-27.217],[-48.502,-27.215],[-48.507,-27.218],[-48.511,-27.216],[-48.512,-27.221],[-48.515,-27.221],[-48.516,-27.217],[-48.514,-27.214],[-48.507,-27.211],[-48.501,-27.206],[-48.499,-27.201],[-48.503,-27.194],[-48.514,-27.184],[-48.522,-27.181],[-48.532,-27.18],[-48.542,-27.183],[-48.552,-27.191],[-48.553,-27.194],[-48.558,-27.198],[-48.561,-27.197],[-48.572,-27.203],[-48.578,-27.211]]],[[[-48.4,-27.18],[-48.398,-27.179],[-48.397,-27.181],[-48.4,-27.18]]],[[[-48.402,-27.182],[-48.407,-27.184],[-48.408,-27.188],[-48.411,-27.188],[-48.409,-27.18],[-48.404,-27.177],[-48.402,-27.182]]],[[[-48.469,-27.206],[-48.463,-27.204],[-48.468,-27.211],[-48.47,-27.208],[-48.474,-27.209],[-48.474,-27.205],[-48.469,-27.203],[-48.469,-27.206]]]]}},{"type":"Feature","properties":{"c":"4202503"},"geometry":{"type":"Polygon","coordinates":[[[-49.816,-28.469],[-49.82,-28.469],[-49.818,-28.464],[-49.813,-28.464],[-49.804,-28.458],[-49.805,-28.456],[-49.811,-28.454],[-49.813,-28.445],[-49.813,-28.44],[-49.808,-28.434],[-49.808,-28.43],[-49.813,-28.428],[-49.814,-28.433],[-49.814,-28.438],[-49.816,-28.439],[-49.82,-28.437],[-49.822,-28.433],[-49.831,-28.427],[-49.831,-28.425],[-49.822,-28.421],[-49.814,-28.422],[-49.81,-28.421],[-49.81,-28.417],[-49.807,-28.416],[-49.804,-28.417],[-49.806,-28.421],[-49.806,-28.428],[-49.803,-28.433],[-49.8,-28.432],[-49.801,-28.426],[-49.799,-28.425],[-49.79,-28.428],[-49.787,-28.423],[-49.782,-28.422],[-49.784,-28.428],[-49.781,-28.43],[-49.773,-28.425],[-49.76,-28.421],[-49.754,-28.421],[-49.755,-28.418],[-49.758,-28.416],[-49.769,-28.417],[-49.77,-28.415],[-49.767,-28.41],[-49.763,-28.409],[-49.764,-28.406],[-49.771,-28.406],[-49.773,-28.404],[-49.772,-28.394],[-49.776,-28.392],[-49.782,-28.394],[-49.785,-28.392],[-49.786,-28.387],[-49.793,-28.385],[-49.798,-28.386],[-49.809,-28.385],[-49.809,-28.381],[-49.81,-28.371],[-49.807,-28.366],[-49.805,-28.367],[-49.799,-28.373],[-49.797,-28.373],[-49.796,-28.368],[-49.79,-28.368],[-49.786,-28.366],[-49.783,-28.367],[-49.78,-28.372],[-49.772,-28.376],[-49.772,-28.367],[-49.774,-28.358],[-49.778,-28.357],[-49.776,-28.354],[-49.771,-28.354],[-49.765,-28.35],[-49.765,-28.342],[-49.767,-28.34],[-49.765,-28.335],[-49.768,-28.332],[-49.771,-28.334],[-49.774,-28.331],[-49.774,-28.327],[-49.77,-28.325],[-49.773,-28.319],[-49.772,-28.316],[-49.768,-28.311],[-49.772,-28.31],[-49.77,-28.305],[-49.771,-28.301],[-49.767,-28.298],[-49.771,-28.298],[-49.77,-28.293],[-49.774,-28.285],[-49.772,-28.282],[-49.774,-28.279],[-49.773,-28.276],[-49.768,-28.274],[-49.768,-28.272],[-49.764,-28.269],[-49.761,-28.262],[-49.762,-28.258],[-49.758,-28.255],[-49.758,-28.253],[-49.749,-28.242],[-49.746,-28.241],[-49.742,-28.242],[-49.732,-28.239],[-49.73,-28.237],[-49.73,-28.232],[-49.722,-28.222],[-49.715,-28.224],[-49.709,-28.221],[-49.705,-28.223],[-49.701,-28.228],[-49.694,-28.226],[-49.69,-28.226],[-49.677,-28.233],[-49.672,-28.231],[-49.672,-28.227],[-49.67,-28.219],[-49.666,-28.214],[-49.668,-28.211],[-49.666,-28.203],[-49.669,-28.201],[-49.668,-28.189],[-49.67,-28.185],[-49.666,-28.184],[-49.66,-28.186],[-49.658,-28.182],[-49.657,-28.177],[-49.652,-28.177],[-49.648,-28.175],[-49.644,-28.17],[-49.643,-28.164],[-49.637,-28.163],[-49.634,-28.159],[-49.631,-28.16],[-49.625,-28.159],[-49.62,-28.161],[-49.614,-28.16],[-49.61,-28.164],[-49.605,-28.16],[-49.598,-28.16],[-49.589,-28.156],[-49.59,-28.153],[-49.583,-28.149],[-49.579,-28.15],[-49.576,-28.148],[-49.576,-28.141],[-49.573,-28.136],[-49.577,-28.134],[-49.576,-28.131],[-49.568,-28.129],[-49.565,-28.125],[-49.562,-28.116],[-49.558,-28.116],[-49.549,-28.118],[-49.548,-28.122],[-49.544,-28.126],[-49.537,-28.125],[-49.532,-28.124],[-49.526,-28.127],[-49.518,-28.124],[-49.51,-28.128],[-49.502,-28.126],[-49.498,-28.124],[-49.494,-28.125],[-49.494,-28.12],[-49.486,-28.122],[-49.482,-28.119],[-49.478,-28.12],[-49.477,-28.124],[-49.475,-28.126],[-49.482,-28.128],[-49.487,-28.128],[-49.487,-28.131],[-49.492,-28.134],[-49.49,-28.135],[-49.49,-28.141],[-49.493,-28.142],[-49.491,-28.146],[-49.494,-28.149],[-49.497,-28.147],[-49.501,-28.148],[-49.502,-28.152],[-49.507,-28.153],[-49.51,-28.156],[-49.51,-28.16],[-49.507,-28.16],[-49.512,-28.163],[-49.51,-28.168],[-49.517,-28.171],[-49.511,-28.173],[-49.515,-28.174],[-49.516,-28.178],[-49.521,-28.18],[-49.531,-28.188],[-49.527,-28.193],[-49.532,-28.198],[-49.53,-28.201],[-49.533,-28.207],[-49.528,-28.21],[-49.535,-28.219],[-49.535,-28.223],[-49.53,-28.224],[-49.539,-28.231],[-49.541,-28.235],[-49.55,-28.24],[-49.543,-28.242],[-49.535,-28.242],[-49.541,-28.247],[-49.535,-28.248],[-49.536,-28.25],[-49.532,-28.254],[-49.538,-28.257],[-49.537,-28.259],[-49.543,-28.259],[-49.545,-28.264],[-49.542,-28.265],[-49.548,-28.273],[-49.542,-28.27],[-49.543,-28.273],[-49.537,-28.271],[-49.534,-28.266],[-49.534,-28.268],[-49.53,-28.267],[-49.527,-28.267],[-49.526,-28.272],[-49.519,-28.269],[-49.519,-28.263],[-49.516,-28.262],[-49.515,-28.265],[-49.52,-28.273],[-49.52,-28.276],[-49.523,-28.276],[-49.527,-28.287],[-49.524,-28.296],[-49.522,-28.299],[-49.526,-28.307],[-49.523,-28.307],[-49.524,-28.309],[-49.531,-28.306],[-49.534,-28.308],[-49.535,-28.314],[-49.532,-28.315],[-49.535,-28.319],[-49.533,-28.325],[-49.536,-28.328],[-49.535,-28.33],[-49.537,-28.336],[-49.54,-28.335],[-49.539,-28.339],[-49.543,-28.341],[-49.546,-28.345],[-49.534,-28.342],[-49.53,-28.344],[-49.534,-28.351],[-49.54,-28.35],[-49.543,-28.352],[-49.55,-28.352],[-49.553,-28.355],[-49.551,-28.357],[-49.553,-28.362],[-49.55,-28.363],[-49.55,-28.367],[-49.559,-28.373],[-49.556,-28.374],[-49.556,-28.378],[-49.554,-28.376],[-49.551,-28.38],[-49.551,-28.385],[-49.543,-28.382],[-49.547,-28.387],[-49.544,-28.388],[-49.546,-28.391],[-49.549,-28.39],[-49.549,-28.394],[-49.553,-28.401],[-49.55,-28.401],[-49.544,-28.399],[-49.545,-28.403],[-49.552,-28.404],[-49.556,-28.407],[-49.558,-28.411],[-49.563,-28.411],[-49.567,-28.416],[-49.563,-28.418],[-49.562,-28.421],[-49.559,-28.423],[-49.558,-28.431],[-49.561,-28.435],[-49.556,-28.435],[-49.55,-28.437],[-49.551,-28.441],[-49.547,-28.437],[-49.542,-28.437],[-49.542,-28.434],[-49.538,-28.435],[-49.536,-28.429],[-49.534,-28.435],[-49.535,-28.436],[-49.543,-28.438],[-49.543,-28.443],[-49.547,-28.443],[-49.549,-28.449],[-49.547,-28.453],[-49.545,-28.455],[-49.549,-28.454],[-49.55,-28.452],[-49.555,-28.458],[-49.555,-28.46],[-49.56,-28.463],[-49.558,-28.466],[-49.562,-28.467],[-49.561,-28.471],[-49.555,-28.475],[-49.554,-28.481],[-49.55,-28.486],[-49.555,-28.49],[-49.554,-28.495],[-49.563,-28.495],[-49.57,-28.503],[-49.574,-28.502],[-49.577,-28.5],[-49.579,-28.503],[-49.582,-28.5],[-49.584,-28.502],[-49.587,-28.5],[-49.591,-28.5],[-49.59,-28.505],[-49.593,-28.503],[-49.599,-28.512],[-49.602,-28.516],[-49.601,-28.518],[-49.619,-28.532],[-49.625,-28.532],[-49.626,-28.537],[-49.632,-28.537],[-49.637,-28.539],[-49.64,-28.542],[-49.645,-28.542],[-49.647,-28.546],[-49.649,-28.547],[-49.649,-28.556],[-49.652,-28.562],[-49.655,-28.566],[-49.651,-28.57],[-49.649,-28.566],[-49.648,-28.576],[-49.645,-28.585],[-49.649,-28.588],[-49.646,-28.589],[-49.648,-28.592],[-49.653,-28.595],[-49.652,-28.597],[-49.647,-28.599],[-49.652,-28.6],[-49.654,-28.603],[-49.658,-28.602],[-49.667,-28.603],[-49.667,-28.605],[-49.671,-28.607],[-49.667,-28.611],[-49.671,-28.616],[-49.679,-28.62],[-49.683,-28.619],[-49.685,-28.621],[-49.685,-28.623],[-49.69,-28.624],[-49.692,-28.627],[-49.694,-28.626],[-49.701,-28.628],[-49.703,-28.629],[-49.694,-28.626],[-49.691,-28.621],[-49.692,-28.619],[-49.697,-28.615],[-49.698,-28.607],[-49.703,-28.604],[-49.704,-28.606],[-49.71,-28.604],[-49.709,-28.596],[-49.713,-28.594],[-49.71,-28.589],[-49.711,-28.587],[-49.708,-28.582],[-49.709,-28.579],[-49.713,-28.577],[-49.712,-28.572],[-49.718,-28.577],[-49.726,-28.57],[-49.727,-28.563],[-49.731,-28.551],[-49.737,-28.551],[-49.74,-28.547],[-49.746,-28.55],[-49.749,-28.546],[-49.749,-28.542],[-49.747,-28.535],[-49.735,-28.524],[-49.727,-28.519],[-49.728,-28.516],[-49.735,-28.514],[-49.739,-28.509],[-49.746,-28.507],[-49.744,-28.503],[-49.739,-28.5],[-49.743,-28.495],[-49.748,-28.494],[-49.754,-28.498],[-49.765,-28.501],[-49.771,-28.494],[-49.77,-28.488],[-49.765,-28.484],[-49.768,-28.477],[-49.764,-28.461],[-49.766,-28.459],[-49.772,-28.464],[-49.773,-28.468],[-49.781,-28.472],[-49.782,-28.474],[-49.778,-28.477],[-49.786,-28.488],[-49.785,-28.492],[-49.781,-28.495],[-49.782,-28.497],[-49.791,-28.496],[-49.795,-28.489],[-49.804,-28.484],[-49.809,-28.469],[-49.813,-28.468],[-49.816,-28.469]]]}},{"type":"Feature","properties":{"c":"4202537"},"geometry":{"type":"Polygon","coordinates":[[[-52.393,-26.684],[-52.384,-26.681],[-52.382,-26.674],[-52.372,-26.674],[-52.37,-26.67],[-52.367,-26.672],[-52.368,-26.674],[-52.366,-26.677],[-52.367,-26.682],[-52.362,-26.686],[-52.361,-26.691],[-52.362,-26.696],[-52.359,-26.709],[-52.364,-26.713],[-52.358,-26.716],[-52.354,-26.723],[-52.357,-26.728],[-52.361,-26.73],[-52.363,-26.737],[-52.369,-26.743],[-52.371,-26.749],[-52.367,-26.751],[-52.367,-26.754],[-52.362,-26.759],[-52.366,-26.766],[-52.36,-26.767],[-52.361,-26.769],[-52.36,-26.778],[-52.355,-26.785],[-52.363,-26.786],[-52.37,-26.794],[-52.391,-26.784],[-52.409,-26.782],[-52.409,-26.79],[-52.416,-26.795],[-52.421,-26.793],[-52.422,-26.791],[-52.42,-26.781],[-52.43,-26.779],[-52.434,-26.774],[-52.44,-26.771],[-52.43,-26.769],[-52.43,-26.767],[-52.424,-26.766],[-52.424,-26.763],[-52.419,-26.76],[-52.423,-26.75],[-52.422,-26.748],[-52.414,-26.748],[-52.409,-26.748],[-52.406,-26.745],[-52.409,-26.741],[-52.41,-26.737],[-52.413,-26.734],[-52.413,-26.73],[-52.418,-26.729],[-52.419,-26.725],[-52.424,-26.723],[-52.426,-26.716],[-52.425,-26.715],[-52.425,-26.707],[-52.416,-26.698],[-52.412,-26.699],[-52.409,-26.702],[-52.393,-26.705],[-52.388,-26.707],[-52.388,-26.698],[-52.386,-26.696],[-52.393,-26.684]]]}},{"type":"Feature","properties":{"c":"4202578"},"geometry":{"type":"Polygon","coordinates":[[[-53.07,-26.737],[-53.093,-26.739],[-53.109,-26.741],[-53.11,-26.739],[-53.106,-26.738],[-53.106,-26.73],[-53.115,-26.728],[-53.119,-26.73],[-53.123,-26.73],[-53.125,-26.728],[-53.123,-26.723],[-53.127,-26.723],[-53.128,-26.721],[-53.13,-26.72],[-53.129,-26.715],[-53.131,-26.712],[-53.127,-26.712],[-53.129,-26.708],[-53.125,-26.707],[-53.124,-26.703],[-53.122,-26.7],[-53.122,-26.696],[-53.119,-26.694],[-53.119,-26.688],[-53.116,-26.682],[-53.112,-26.68],[-53.126,-26.669],[-53.128,-26.665],[-53.126,-26.655],[-53.134,-26.648],[-53.137,-26.641],[-53.137,-26.64],[-53.134,-26.638],[-53.128,-26.638],[-53.122,-26.631],[-53.114,-26.63],[-53.107,-26.629],[-53.102,-26.627],[-53.097,-26.628],[-53.093,-26.631],[-53.087,-26.639],[-53.084,-26.639],[-53.078,-26.633],[-53.071,-26.634],[-53.068,-26.633],[-53.061,-26.641],[-53.063,-26.644],[-53.076,-26.67],[-53.071,-26.672],[-53.067,-26.676],[-53.067,-26.678],[-53.072,-26.681],[-53.07,-26.69],[-53.061,-26.695],[-53.061,-26.701],[-53.058,-26.704],[-53.061,-26.706],[-53.059,-26.708],[-53.059,-26.712],[-53.058,-26.715],[-53.06,-26.721],[-53.063,-26.722],[-53.061,-26.729],[-53.065,-26.731],[-53.064,-26.733],[-53.07,-26.732],[-53.07,-26.737]]]}},{"type":"Feature","properties":{"c":"4202602"},"geometry":{"type":"Polygon","coordinates":[[[-49.607,-27.901],[-49.61,-27.893],[-49.615,-27.895],[-49.623,-27.892],[-49.63,-27.885],[-49.638,-27.882],[-49.645,-27.88],[-49.646,-27.875],[-49.652,-27.871],[-49.652,-27.868],[-49.655,-27.861],[-49.658,-27.857],[-49.663,-27.855],[-49.667,-27.85],[-49.672,-27.848],[-49.682,-27.838],[-49.686,-27.838],[-49.687,-27.833],[-49.692,-27.834],[-49.697,-27.839],[-49.704,-27.842],[-49.712,-27.841],[-49.716,-27.838],[-49.727,-27.842],[-49.73,-27.846],[-49.735,-27.848],[-49.734,-27.852],[-49.74,-27.853],[-49.739,-27.848],[-49.745,-27.849],[-49.752,-27.855],[-49.754,-27.851],[-49.752,-27.845],[-49.754,-27.843],[-49.754,-27.838],[-49.759,-27.84],[-49.761,-27.838],[-49.76,-27.833],[-49.755,-27.827],[-49.75,-27.83],[-49.744,-27.835],[-49.743,-27.839],[-49.738,-27.838],[-49.736,-27.829],[-49.734,-27.827],[-49.733,-27.823],[-49.735,-27.823],[-49.744,-27.827],[-49.749,-27.826],[-49.754,-27.821],[-49.757,-27.815],[-49.762,-27.817],[-49.764,-27.822],[-49.769,-27.826],[-49.769,-27.83],[-49.772,-27.832],[-49.777,-27.831],[-49.78,-27.832],[-49.785,-27.831],[-49.781,-27.823],[-49.779,-27.822],[-49.776,-27.815],[-49.778,-27.804],[-49.774,-27.798],[-49.762,-27.798],[-49.767,-27.805],[-49.768,-27.811],[-49.765,-27.813],[-49.763,-27.812],[-49.764,-27.809],[-49.759,-27.804],[-49.758,-27.798],[-49.754,-27.794],[-49.754,-27.791],[-49.76,-27.787],[-49.764,-27.786],[-49.768,-27.782],[-49.768,-27.776],[-49.77,-27.771],[-49.773,-27.768],[-49.78,-27.767],[-49.781,-27.763],[-49.778,-27.758],[-49.774,-27.756],[-49.771,-27.753],[-49.767,-27.754],[-49.766,-27.758],[-49.761,-27.757],[-49.761,-27.753],[-49.764,-27.749],[-49.769,-27.75],[-49.774,-27.747],[-49.775,-27.745],[-49.772,-27.737],[-49.774,-27.734],[-49.78,-27.733],[-49.789,-27.739],[-49.799,-27.736],[-49.798,-27.725],[-49.8,-27.72],[-49.8,-27.717],[-49.802,-27.714],[-49.802,-27.71],[-49.806,-27.705],[-49.81,-27.704],[-49.813,-27.701],[-49.814,-27.706],[-49.818,-27.705],[-49.822,-27.701],[-49.829,-27.7],[-49.841,-27.702],[-49.843,-27.698],[-49.844,-27.691],[-49.842,-27.685],[-49.847,-27.679],[-49.844,-27.678],[-49.839,-27.678],[-49.833,-27.685],[-49.835,-27.687],[-49.827,-27.686],[-49.824,-27.683],[-49.821,-27.685],[-49.821,-27.691],[-49.813,-27.687],[-49.812,-27.682],[-49.809,-27.685],[-49.809,-27.68],[-49.805,-27.68],[-49.806,-27.678],[-49.801,-27.677],[-49.8,-27.671],[-49.796,-27.668],[-49.795,-27.665],[-49.792,-27.667],[-49.792,-27.67],[-49.787,-27.672],[-49.787,-27.668],[-49.784,-27.669],[-49.782,-27.666],[-49.777,-27.663],[-49.775,-27.665],[-49.775,-27.66],[-49.77,-27.66],[-49.766,-27.658],[-49.763,-27.659],[-49.764,-27.664],[-49.761,-27.665],[-49.759,-27.669],[-49.752,-27.668],[-49.744,-27.666],[-49.741,-27.669],[-49.74,-27.664],[-49.736,-27.662],[-49.731,-27.656],[-49.727,-27.655],[-49.723,-27.656],[-49.722,-27.653],[-49.714,-27.644],[-49.708,-27.644],[-49.702,-27.647],[-49.696,-27.648],[-49.69,-27.653],[-49.682,-27.652],[-49.675,-27.648],[-49.67,-27.65],[-49.663,-27.649],[-49.652,-27.642],[-49.65,-27.642],[-49.65,-27.638],[-49.644,-27.635],[-49.644,-27.634],[-49.637,-27.629],[-49.629,-27.62],[-49.627,-27.618],[-49.621,-27.619],[-49.62,-27.622],[-49.625,-27.627],[-49.624,-27.628],[-49.634,-27.64],[-49.637,-27.641],[-49.64,-27.648],[-49.637,-27.655],[-49.638,-27.66],[-49.635,-27.662],[-49.628,-27.663],[-49.624,-27.661],[-49.617,-27.66],[-49.609,-27.651],[-49.601,-27.649],[-49.597,-27.648],[-49.596,-27.645],[-49.588,-27.644],[-49.582,-27.639],[-49.582,-27.634],[-49.58,-27.63],[-49.574,-27.632],[-49.567,-27.628],[-49.569,-27.625],[-49.56,-27.621],[-49.557,-27.618],[-49.551,-27.618],[-49.548,-27.615],[-49.549,-27.612],[-49.544,-27.613],[-49.539,-27.611],[-49.53,-27.609],[-49.527,-27.605],[-49.522,-27.605],[-49.513,-27.601],[-49.507,-27.601],[-49.505,-27.612],[-49.509,-27.618],[-49.506,-27.622],[-49.51,-27.627],[-49.508,-27.632],[-49.51,-27.637],[-49.506,-27.638],[-49.508,-27.644],[-49.505,-27.651],[-49.504,-27.654],[-49.499,-27.655],[-49.497,-27.654],[-49.496,-27.659],[-49.488,-27.666],[-49.485,-27.67],[-49.48,-27.673],[-49.478,-27.682],[-49.468,-27.687],[-49.469,-27.69],[-49.466,-27.694],[-49.466,-27.701],[-49.462,-27.705],[-49.458,-27.711],[-49.464,-27.716],[-49.464,-27.72],[-49.472,-27.726],[-49.473,-27.73],[-49.471,-27.739],[-49.467,-27.747],[-49.469,-27.751],[-49.46,-27.752],[-49.458,-27.76],[-49.452,-27.759],[-49.449,-27.761],[-49.447,-27.759],[-49.442,-27.761],[-49.436,-27.758],[-49.424,-27.766],[-49.43,-27.774],[-49.427,-27.775],[-49.422,-27.779],[-49.419,-27.779],[-49.422,-27.784],[-49.426,-27.786],[-49.421,-27.787],[-49.415,-27.791],[-49.41,-27.79],[-49.405,-27.792],[-49.402,-27.796],[-49.399,-27.796],[-49.393,-27.802],[-49.389,-27.803],[-49.385,-27.809],[-49.382,-27.812],[-49.383,-27.815],[-49.377,-27.814],[-49.372,-27.816],[-49.366,-27.817],[-49.356,-27.812],[-49.355,-27.821],[-49.348,-27.823],[-49.343,-27.833],[-49.339,-27.837],[-49.336,-27.837],[-49.328,-27.83],[-49.322,-27.829],[-49.314,-27.832],[-49.313,-27.836],[-49.308,-27.84],[-49.31,-27.843],[-49.306,-27.848],[-49.307,-27.852],[-49.311,-27.855],[-49.311,-27.857],[-49.306,-27.856],[-49.301,-27.861],[-49.303,-27.864],[-49.297,-27.869],[-49.295,-27.875],[-49.293,-27.875],[-49.286,-27.872],[-49.281,-27.873],[-49.284,-27.881],[-49.283,-27.884],[-49.287,-27.885],[-49.291,-27.892],[-49.293,-27.893],[-49.299,-27.902],[-49.304,-27.9],[-49.309,-27.902],[-49.316,-27.903],[-49.32,-27.909],[-49.326,-27.913],[-49.323,-27.919],[-49.329,-27.924],[-49.333,-27.923],[-49.338,-27.925],[-49.342,-27.925],[-49.349,-27.927],[-49.351,-27.925],[-49.358,-27.924],[-49.365,-27.927],[-49.368,-27.935],[-49.377,-27.934],[-49.381,-27.943],[-49.389,-27.947],[-49.392,-27.946],[-49.399,-27.947],[-49.406,-27.951],[-49.414,-27.953],[-49.417,-27.953],[-49.423,-27.946],[-49.421,-27.942],[-49.426,-27.935],[-49.434,-27.937],[-49.437,-27.942],[-49.44,-27.941],[-49.446,-27.934],[-49.451,-27.932],[-49.457,-27.931],[-49.46,-27.932],[-49.461,-27.93],[-49.467,-27.927],[-49.475,-27.929],[-49.477,-27.931],[-49.492,-27.932],[-49.499,-27.93],[-49.508,-27.922],[-49.513,-27.92],[-49.514,-27.918],[-49.524,-27.913],[-49.534,-27.912],[-49.541,-27.913],[-49.542,-27.912],[-49.548,-27.91],[-49.55,-27.912],[-49.558,-27.911],[-49.566,-27.908],[-49.577,-27.902],[-49.579,-27.899],[-49.584,-27.9],[-49.591,-27.9],[-49.594,-27.905],[-49.599,-27.903],[-49.604,-27.904],[-49.607,-27.901]]]}},{"type":"Feature","properties":{"c":"4202701"},"geometry":{"type":"Polygon","coordinates":[[[-49.017,-27.165],[-49.007,-27.164],[-49.004,-27.157],[-48.988,-27.154],[-48.984,-27.16],[-48.986,-27.162],[-48.977,-27.169],[-48.981,-27.173],[-48.982,-27.176],[-48.986,-27.18],[-48.987,-27.184],[-48.992,-27.186],[-48.993,-27.188],[-48.998,-27.194],[-49.003,-27.196],[-49.007,-27.201],[-49.007,-27.21],[-49.011,-27.222],[-49.007,-27.232],[-49.013,-27.235],[-49.013,-27.237],[-49.02,-27.24],[-49.024,-27.244],[-49.021,-27.248],[-49.019,-27.256],[-49.026,-27.261],[-49.029,-27.266],[-49.038,-27.272],[-49.05,-27.27],[-49.051,-27.272],[-49.066,-27.276],[-49.068,-27.279],[-49.074,-27.278],[-49.073,-27.275],[-49.075,-27.271],[-49.083,-27.276],[-49.088,-27.277],[-49.094,-27.276],[-49.097,-27.277],[-49.101,-27.276],[-49.107,-27.276],[-49.111,-27.28],[-49.119,-27.279],[-49.122,-27.276],[-49.127,-27.282],[-49.131,-27.282],[-49.135,-27.28],[-49.141,-27.284],[-49.147,-27.284],[-49.152,-27.29],[-49.156,-27.292],[-49.158,-27.291],[-49.162,-27.293],[-49.166,-27.292],[-49.173,-27.295],[-49.177,-27.292],[-49.183,-27.292],[-49.189,-27.294],[-49.201,-27.293],[-49.205,-27.295],[-49.209,-27.301],[-49.217,-27.304],[-49.222,-27.309],[-49.228,-27.301],[-49.235,-27.296],[-49.242,-27.293],[-49.244,-27.289],[-49.243,-27.286],[-49.248,-27.279],[-49.238,-27.27],[-49.233,-27.261],[-49.234,-27.255],[-49.232,-27.248],[-49.227,-27.241],[-49.221,-27.237],[-49.222,-27.231],[-49.218,-27.23],[-49.216,-27.227],[-49.215,-27.23],[-49.212,-27.227],[-49.213,-27.224],[-49.21,-27.222],[-49.209,-27.214],[-49.202,-27.214],[-49.2,-27.209],[-49.197,-27.207],[-49.194,-27.208],[-49.191,-27.204],[-49.187,-27.204],[-49.189,-27.201],[-49.196,-27.199],[-49.197,-27.197],[-49.202,-27.195],[-49.198,-27.194],[-49.196,-27.189],[-49.198,-27.186],[-49.196,-27.183],[-49.198,-27.176],[-49.203,-27.166],[-49.203,-27.163],[-49.21,-27.16],[-49.211,-27.158],[-49.207,-27.156],[-49.205,-27.152],[-49.202,-27.154],[-49.199,-27.16],[-49.192,-27.154],[-49.194,-27.154],[-49.19,-27.148],[-49.194,-27.143],[-49.192,-27.139],[-49.186,-27.141],[-49.179,-27.136],[-49.17,-27.134],[-49.161,-27.124],[-49.161,-27.121],[-49.155,-27.12],[-49.149,-27.122],[-49.148,-27.127],[-49.143,-27.127],[-49.138,-27.133],[-49.139,-27.14],[-49.123,-27.141],[-49.116,-27.138],[-49.114,-27.139],[-49.108,-27.138],[-49.103,-27.139],[-49.1,-27.145],[-49.099,-27.156],[-49.1,-27.16],[-49.097,-27.163],[-49.096,-27.167],[-49.091,-27.171],[-49.087,-27.171],[-49.08,-27.175],[-49.074,-27.171],[-49.066,-27.173],[-49.062,-27.171],[-49.06,-27.168],[-49.056,-27.171],[-49.046,-27.174],[-49.044,-27.177],[-49.04,-27.186],[-49.027,-27.202],[-49.027,-27.198],[-49.031,-27.195],[-49.029,-27.188],[-49.025,-27.184],[-49.026,-27.181],[-49.024,-27.178],[-49.025,-27.174],[-49.015,-27.175],[-49.013,-27.173],[-49.009,-27.173],[-49.009,-27.17],[-49.014,-27.169],[-49.017,-27.165]]]}},{"type":"Feature","properties":{"c":"4202800"},"geometry":{"type":"Polygon","coordinates":[[[-49.2,-28.288],[-49.205,-28.273],[-49.218,-28.269],[-49.232,-28.256],[-49.255,-28.254],[-49.276,-28.248],[-49.265,-28.243],[-49.261,-28.245],[-49.256,-28.24],[-49.252,-28.241],[-49.251,-28.243],[-49.249,-28.241],[-49.245,-28.241],[-49.242,-28.239],[-49.236,-28.24],[-49.23,-28.237],[-49.223,-28.237],[-49.221,-28.239],[-49.216,-28.239],[-49.212,-28.241],[-49.208,-28.24],[-49.205,-28.246],[-49.2,-28.246],[-49.199,-28.251],[-49.193,-28.254],[-49.187,-28.251],[-49.183,-28.251],[-49.181,-28.261],[-49.181,-28.265],[-49.176,-28.262],[-49.175,-28.254],[-49.186,-28.244],[-49.186,-28.238],[-49.193,-28.232],[-49.195,-28.232],[-49.198,-28.228],[-49.199,-28.22],[-49.195,-28.218],[-49.196,-28.214],[-49.195,-28.205],[-49.2,-28.197],[-49.196,-28.194],[-49.194,-28.189],[-49.19,-28.185],[-49.189,-28.178],[-49.192,-28.176],[-49.194,-28.17],[-49.192,-28.166],[-49.193,-28.163],[-49.197,-28.161],[-49.199,-28.157],[-49.199,-28.155],[-49.172,-28.141],[-49.172,-28.145],[-49.17,-28.15],[-49.164,-28.152],[-49.163,-28.159],[-49.158,-28.159],[-49.154,-28.156],[-49.154,-28.16],[-49.149,-28.164],[-49.151,-28.166],[-49.149,-28.172],[-49.145,-28.171],[-49.143,-28.165],[-49.14,-28.163],[-49.136,-28.166],[-49.128,-28.162],[-49.116,-28.173],[-49.114,-28.171],[-49.109,-28.172],[-49.098,-28.17],[-49.094,-28.177],[-49.085,-28.173],[-49.081,-28.177],[-49.08,-28.184],[-49.082,-28.186],[-49.077,-28.19],[-49.074,-28.189],[-49.073,-28.195],[-49.067,-28.2],[-49.069,-28.205],[-49.068,-28.212],[-49.072,-28.215],[-49.07,-28.217],[-49.071,-28.226],[-49.069,-28.232],[-49.072,-28.235],[-49.078,-28.236],[-49.08,-28.243],[-49.082,-28.245],[-49.079,-28.25],[-49.083,-28.254],[-49.08,-28.257],[-49.081,-28.262],[-49.078,-28.266],[-49.08,-28.27],[-49.079,-28.274],[-49.082,-28.277],[-49.084,-28.29],[-49.091,-28.301],[-49.091,-28.304],[-49.086,-28.318],[-49.082,-28.32],[-49.087,-28.329],[-49.095,-28.334],[-49.101,-28.335],[-49.104,-28.343],[-49.106,-28.356],[-49.105,-28.359],[-49.115,-28.355],[-49.111,-28.349],[-49.113,-28.338],[-49.116,-28.338],[-49.119,-28.335],[-49.124,-28.333],[-49.125,-28.33],[-49.123,-28.325],[-49.124,-28.319],[-49.139,-28.319],[-49.142,-28.315],[-49.147,-28.314],[-49.148,-28.317],[-49.156,-28.318],[-49.156,-28.313],[-49.15,-28.306],[-49.158,-28.299],[-49.165,-28.301],[-49.172,-28.299],[-49.177,-28.303],[-49.187,-28.301],[-49.188,-28.298],[-49.192,-28.298],[-49.195,-28.296],[-49.197,-28.29],[-49.201,-28.291],[-49.2,-28.288]]]}},{"type":"Feature","properties":{"c":"4202859"},"geometry":{"type":"Polygon","coordinates":[[[-49.957,-27.402],[-49.954,-27.398],[-49.954,-27.392],[-49.949,-27.391],[-49.952,-27.382],[-49.945,-27.382],[-49.934,-27.376],[-49.932,-27.37],[-49.928,-27.368],[-49.933,-27.364],[-49.936,-27.359],[-49.936,-27.356],[-49.931,-27.353],[-49.938,-27.351],[-49.94,-27.347],[-49.941,-27.337],[-49.937,-27.334],[-49.937,-27.331],[-49.932,-27.327],[-49.931,-27.324],[-49.925,-27.324],[-49.912,-27.319],[-49.908,-27.314],[-49.903,-27.312],[-49.892,-27.306],[-49.885,-27.306],[-49.884,-27.306],[-49.875,-27.311],[-49.866,-27.311],[-49.864,-27.319],[-49.862,-27.321],[-49.857,-27.321],[-49.849,-27.327],[-49.852,-27.331],[-49.86,-27.337],[-49.864,-27.344],[-49.87,-27.347],[-49.872,-27.351],[-49.872,-27.361],[-49.868,-27.363],[-49.867,-27.369],[-49.868,-27.373],[-49.865,-27.378],[-49.866,-27.384],[-49.862,-27.388],[-49.862,-27.393],[-49.866,-27.393],[-49.872,-27.398],[-49.873,-27.406],[-49.875,-27.41],[-49.881,-27.41],[-49.887,-27.413],[-49.889,-27.42],[-49.892,-27.424],[-49.9,-27.423],[-49.906,-27.429],[-49.907,-27.432],[-49.913,-27.435],[-49.919,-27.431],[-49.917,-27.427],[-49.92,-27.423],[-49.924,-27.425],[-49.926,-27.422],[-49.923,-27.42],[-49.924,-27.417],[-49.93,-27.421],[-49.935,-27.42],[-49.938,-27.424],[-49.942,-27.425],[-49.946,-27.424],[-49.942,-27.42],[-49.941,-27.417],[-49.948,-27.418],[-49.951,-27.417],[-49.949,-27.41],[-49.955,-27.406],[-49.957,-27.402]]]}},{"type":"Feature","properties":{"c":"4202875"},"geometry":{"type":"Polygon","coordinates":[[[-50.96,-27.379],[-50.965,-27.37],[-50.964,-27.367],[-50.968,-27.362],[-50.968,-27.354],[-50.968,-27.352],[-50.971,-27.349],[-50.972,-27.345],[-50.97,-27.337],[-50.957,-27.335],[-50.948,-27.332],[-50.939,-27.331],[-50.932,-27.327],[-50.932,-27.325],[-50.937,-27.323],[-50.942,-27.318],[-50.944,-27.318],[-50.944,-27.315],[-50.932,-27.31],[-50.93,-27.304],[-50.934,-27.302],[-50.935,-27.299],[-50.932,-27.297],[-50.933,-27.292],[-50.927,-27.291],[-50.922,-27.285],[-50.918,-27.286],[-50.918,-27.283],[-50.914,-27.281],[-50.912,-27.277],[-50.904,-27.277],[-50.899,-27.272],[-50.893,-27.271],[-50.889,-27.272],[-50.883,-27.272],[-50.875,-27.273],[-50.873,-27.272],[-50.869,-27.264],[-50.866,-27.262],[-50.863,-27.258],[-50.86,-27.257],[-50.852,-27.251],[-50.854,-27.247],[-50.847,-27.25],[-50.844,-27.247],[-50.846,-27.24],[-50.845,-27.235],[-50.85,-27.235],[-50.852,-27.229],[-50.847,-27.23],[-50.833,-27.226],[-50.834,-27.231],[-50.831,-27.237],[-50.833,-27.242],[-50.828,-27.243],[-50.818,-27.242],[-50.818,-27.234],[-50.821,-27.233],[-50.821,-27.23],[-50.815,-27.228],[-50.808,-27.231],[-50.811,-27.238],[-50.8,-27.242],[-50.796,-27.241],[-50.796,-27.248],[-50.792,-27.249],[-50.787,-27.252],[-50.789,-27.256],[-50.797,-27.258],[-50.8,-27.26],[-50.799,-27.264],[-50.794,-27.268],[-50.787,-27.269],[-50.778,-27.267],[-50.776,-27.273],[-50.78,-27.277],[-50.775,-27.285],[-50.775,-27.29],[-50.779,-27.291],[-50.778,-27.295],[-50.773,-27.297],[-50.771,-27.305],[-50.765,-27.306],[-50.765,-27.313],[-50.76,-27.319],[-50.751,-27.322],[-50.75,-27.329],[-50.762,-27.342],[-50.764,-27.346],[-50.764,-27.35],[-50.761,-27.352],[-50.751,-27.349],[-50.743,-27.352],[-50.738,-27.351],[-50.738,-27.354],[-50.747,-27.359],[-50.751,-27.364],[-50.757,-27.364],[-50.759,-27.367],[-50.755,-27.373],[-50.756,-27.38],[-50.758,-27.383],[-50.756,-27.388],[-50.762,-27.397],[-50.768,-27.401],[-50.77,-27.404],[-50.762,-27.412],[-50.755,-27.417],[-50.754,-27.422],[-50.757,-27.426],[-50.762,-27.427],[-50.763,-27.433],[-50.768,-27.441],[-50.774,-27.443],[-50.778,-27.44],[-50.782,-27.431],[-50.789,-27.429],[-50.793,-27.43],[-50.796,-27.433],[-50.794,-27.437],[-50.781,-27.448],[-50.781,-27.45],[-50.784,-27.458],[-50.788,-27.46],[-50.801,-27.455],[-50.806,-27.457],[-50.808,-27.461],[-50.807,-27.469],[-50.81,-27.47],[-50.815,-27.465],[-50.818,-27.454],[-50.823,-27.452],[-50.824,-27.446],[-50.82,-27.439],[-50.821,-27.435],[-50.832,-27.435],[-50.835,-27.432],[-50.835,-27.429],[-50.839,-27.43],[-50.842,-27.432],[-50.84,-27.437],[-50.836,-27.441],[-50.842,-27.446],[-50.847,-27.442],[-50.849,-27.437],[-50.851,-27.435],[-50.85,-27.429],[-50.852,-27.428],[-50.857,-27.431],[-50.858,-27.429],[-50.864,-27.434],[-50.873,-27.434],[-50.876,-27.432],[-50.883,-27.423],[-50.888,-27.429],[-50.892,-27.429],[-50.892,-27.425],[-50.889,-27.423],[-50.892,-27.418],[-50.898,-27.414],[-50.901,-27.415],[-50.901,-27.41],[-50.899,-27.41],[-50.895,-27.406],[-50.898,-27.404],[-50.897,-27.4],[-50.908,-27.397],[-50.911,-27.392],[-50.907,-27.392],[-50.907,-27.388],[-50.903,-27.385],[-50.906,-27.378],[-50.91,-27.377],[-50.909,-27.379],[-50.914,-27.383],[-50.917,-27.382],[-50.925,-27.382],[-50.931,-27.38],[-50.933,-27.383],[-50.938,-27.386],[-50.941,-27.39],[-50.945,-27.39],[-50.95,-27.385],[-50.955,-27.384],[-50.957,-27.386],[-50.961,-27.384],[-50.96,-27.379]]]}},{"type":"Feature","properties":{"c":"4202909"},"geometry":{"type":"Polygon","coordinates":[[[-48.866,-27.003],[-48.869,-27.012],[-48.865,-27.015],[-48.864,-27.02],[-48.858,-27.022],[-48.857,-27.024],[-48.854,-27.025],[-48.857,-27.033],[-48.864,-27.033],[-48.864,-27.039],[-48.863,-27.044],[-48.855,-27.046],[-48.855,-27.052],[-48.847,-27.061],[-48.844,-27.068],[-48.837,-27.071],[-48.836,-27.075],[-48.834,-27.074],[-48.822,-27.074],[-48.816,-27.08],[-48.816,-27.083],[-48.811,-27.084],[-48.806,-27.09],[-48.801,-27.091],[-48.798,-27.093],[-48.793,-27.094],[-48.789,-27.097],[-48.791,-27.097],[-48.797,-27.102],[-48.798,-27.116],[-48.806,-27.123],[-48.803,-27.128],[-48.807,-27.132],[-48.812,-27.135],[-48.818,-27.138],[-48.824,-27.139],[-48.835,-27.151],[-48.843,-27.158],[-48.849,-27.157],[-48.856,-27.163],[-48.862,-27.163],[-48.866,-27.165],[-48.864,-27.169],[-48.87,-27.175],[-48.877,-27.176],[-48.882,-27.184],[-48.887,-27.183],[-48.895,-27.184],[-48.897,-27.189],[-48.9,-27.191],[-48.904,-27.189],[-48.91,-27.192],[-48.912,-27.197],[-48.918,-27.198],[-48.919,-27.2],[-48.924,-27.2],[-48.926,-27.202],[-48.931,-27.202],[-48.933,-27.212],[-48.942,-27.216],[-48.945,-27.218],[-48.954,-27.221],[-48.956,-27.224],[-48.961,-27.226],[-48.964,-27.232],[-48.969,-27.234],[-48.969,-27.237],[-48.975,-27.24],[-48.981,-27.245],[-48.984,-27.245],[-48.99,-27.249],[-48.997,-27.247],[-49.001,-27.25],[-49.009,-27.249],[-49.015,-27.255],[-49.019,-27.256],[-49.021,-27.248],[-49.024,-27.244],[-49.02,-27.24],[-49.013,-27.237],[-49.013,-27.235],[-49.007,-27.232],[-49.011,-27.222],[-49.007,-27.21],[-49.007,-27.201],[-49.003,-27.196],[-48.998,-27.194],[-48.993,-27.188],[-48.992,-27.186],[-48.987,-27.184],[-48.986,-27.18],[-48.982,-27.176],[-48.981,-27.173],[-48.977,-27.169],[-48.986,-27.162],[-48.984,-27.16],[-48.988,-27.154],[-49.004,-27.157],[-49.007,-27.164],[-49.017,-27.165],[-49.02,-27.161],[-49.022,-27.161],[-49.02,-27.157],[-49.023,-27.156],[-49.02,-27.153],[-49.018,-27.156],[-49.014,-27.15],[-49.021,-27.146],[-49.019,-27.144],[-49.016,-27.145],[-49.013,-27.142],[-49.007,-27.144],[-49.004,-27.143],[-49.0,-27.147],[-48.994,-27.145],[-48.989,-27.146],[-48.988,-27.143],[-48.984,-27.139],[-48.981,-27.144],[-48.976,-27.146],[-48.975,-27.143],[-48.978,-27.139],[-48.976,-27.138],[-48.98,-27.123],[-48.965,-27.112],[-48.959,-27.111],[-48.955,-27.107],[-48.95,-27.096],[-48.952,-27.088],[-48.949,-27.084],[-48.946,-27.084],[-48.951,-27.08],[-48.95,-27.07],[-48.94,-27.062],[-48.936,-27.061],[-48.939,-27.053],[-48.936,-27.053],[-48.933,-27.049],[-48.934,-27.046],[-48.928,-27.043],[-48.932,-27.034],[-48.934,-27.033],[-48.934,-27.028],[-48.928,-27.023],[-48.926,-27.02],[-48.914,-27.021],[-48.912,-27.018],[-48.909,-27.012],[-48.906,-27.011],[-48.894,-27.011],[-48.887,-27.003],[-48.882,-27.002],[-48.879,-26.999],[-48.871,-26.999],[-48.869,-27.003],[-48.866,-27.003]]]}},{"type":"Feature","properties":{"c":"4203006"},"geometry":{"type":"Polygon","coordinates":[[[-51.192,-26.851],[-51.197,-26.849],[-51.204,-26.851],[-51.217,-26.858],[-51.219,-26.86],[-51.219,-26.867],[-51.226,-26.867],[-51.228,-26.873],[-51.232,-26.875],[-51.241,-26.875],[-51.24,-26.879],[-51.243,-26.881],[-51.245,-26.886],[-51.247,-26.885],[-51.284,-26.874],[-51.28,-26.872],[-51.279,-26.869],[-51.272,-26.87],[-51.271,-26.867],[-51.272,-26.86],[-51.279,-26.864],[-51.282,-26.864],[-51.282,-26.859],[-51.276,-26.853],[-51.277,-26.851],[-51.267,-26.847],[-51.266,-26.843],[-51.262,-26.842],[-51.259,-26.838],[-51.254,-26.837],[-51.247,-26.832],[-51.243,-26.831],[-51.245,-26.827],[-51.24,-26.825],[-51.235,-26.826],[-51.24,-26.819],[-51.244,-26.817],[-51.239,-26.814],[-51.237,-26.814],[-51.238,-26.802],[-51.242,-26.797],[-51.248,-26.792],[-51.25,-26.788],[-51.252,-26.788],[-51.255,-26.774],[-51.26,-26.774],[-51.264,-26.771],[-51.272,-26.768],[-51.284,-26.766],[-51.293,-26.761],[-51.302,-26.754],[-51.312,-26.747],[-51.32,-26.746],[-51.33,-26.743],[-51.334,-26.736],[-51.339,-26.734],[-51.356,-26.734],[-51.36,-26.736],[-51.364,-26.735],[-51.37,-26.737],[-51.379,-26.737],[-51.385,-26.732],[-51.398,-26.728],[-51.403,-26.724],[-51.412,-26.721],[-51.411,-26.717],[-51.409,-26.715],[-51.4,-26.712],[-51.398,-26.71],[-51.393,-26.699],[-51.393,-26.692],[-51.393,-26.685],[-51.396,-26.681],[-51.402,-26.68],[-51.405,-26.676],[-51.401,-26.673],[-51.391,-26.663],[-51.385,-26.662],[-51.382,-26.66],[-51.376,-26.658],[-51.371,-26.66],[-51.366,-26.658],[-51.362,-26.656],[-51.358,-26.656],[-51.356,-26.652],[-51.347,-26.649],[-51.334,-26.65],[-51.332,-26.647],[-51.325,-26.649],[-51.323,-26.657],[-51.318,-26.654],[-51.315,-26.654],[-51.31,-26.651],[-51.302,-26.655],[-51.3,-26.653],[-51.294,-26.656],[-51.289,-26.653],[-51.283,-26.654],[-51.283,-26.65],[-51.284,-26.642],[-51.274,-26.641],[-51.277,-26.636],[-51.266,-26.636],[-51.263,-26.634],[-51.263,-26.631],[-51.258,-26.625],[-51.253,-26.629],[-51.25,-26.627],[-51.242,-26.627],[-51.239,-26.628],[-51.237,-26.631],[-51.237,-26.638],[-51.239,-26.638],[-51.238,-26.645],[-51.234,-26.646],[-51.231,-26.651],[-51.231,-26.663],[-51.233,-26.669],[-51.229,-26.674],[-51.218,-26.678],[-51.216,-26.676],[-51.212,-26.677],[-51.201,-26.676],[-51.2,-26.673],[-51.193,-26.669],[-51.187,-26.674],[-51.188,-26.678],[-51.18,-26.684],[-51.174,-26.682],[-51.171,-26.678],[-51.163,-26.684],[-51.158,-26.683],[-51.156,-26.688],[-51.151,-26.692],[-51.145,-26.7],[-51.135,-26.704],[-51.131,-26.703],[-51.131,-26.709],[-51.129,-26.708],[-51.119,-26.708],[-51.114,-26.706],[-51.113,-26.704],[-51.103,-26.705],[-51.1,-26.7],[-51.1,-26.697],[-51.091,-26.696],[-51.083,-26.697],[-51.069,-26.696],[-51.067,-26.698],[-51.06,-26.699],[-51.057,-26.699],[-51.053,-26.701],[-51.051,-26.7],[-51.049,-26.695],[-51.045,-26.692],[-51.042,-26.691],[-51.043,-26.688],[-51.039,-26.687],[-51.038,-26.685],[-51.034,-26.683],[-51.028,-26.682],[-51.026,-26.673],[-51.002,-26.658],[-50.996,-26.655],[-50.981,-26.654],[-50.978,-26.653],[-50.975,-26.656],[-50.976,-26.66],[-50.972,-26.661],[-50.968,-26.656],[-50.962,-26.656],[-50.958,-26.658],[-50.952,-26.657],[-50.954,-26.661],[-50.951,-26.663],[-50.947,-26.662],[-50.946,-26.672],[-50.94,-26.673],[-50.932,-26.67],[-50.927,-26.671],[-50.926,-26.674],[-50.922,-26.678],[-50.921,-26.682],[-50.924,-26.687],[-50.929,-26.688],[-50.929,-26.691],[-50.92,-26.694],[-50.915,-26.697],[-50.909,-26.697],[-50.905,-26.699],[-50.897,-26.707],[-50.898,-26.712],[-50.891,-26.714],[-50.886,-26.712],[-50.877,-26.718],[-50.874,-26.722],[-50.877,-26.729],[-50.874,-26.732],[-50.872,-26.729],[-50.868,-26.728],[-50.863,-26.73],[-50.857,-26.73],[-50.85,-26.732],[-50.851,-26.736],[-50.85,-26.742],[-50.85,-26.748],[-50.843,-26.747],[-50.843,-26.75],[-50.837,-26.749],[-50.829,-26.752],[-50.826,-26.756],[-50.819,-26.759],[-50.816,-26.759],[-50.817,-26.763],[-50.804,-26.766],[-50.8,-26.768],[-50.796,-26.778],[-50.804,-26.779],[-50.808,-26.787],[-50.813,-26.79],[-50.815,-26.794],[-50.82,-26.798],[-50.821,-26.803],[-50.82,-26.807],[-50.824,-26.812],[-50.825,-26.816],[-50.829,-26.818],[-50.829,-26.824],[-50.832,-26.828],[-50.831,-26.83],[-50.834,-26.834],[-50.842,-26.84],[-50.843,-26.844],[-50.846,-26.847],[-50.844,-26.849],[-50.851,-26.853],[-50.85,-26.856],[-50.85,-26.863],[-50.842,-26.869],[-50.846,-26.873],[-50.846,-26.87],[-50.855,-26.872],[-50.859,-26.875],[-50.869,-26.878],[-50.875,-26.878],[-50.88,-26.886],[-50.883,-26.887],[-50.886,-26.884],[-50.895,-26.887],[-50.9,-26.885],[-50.908,-26.891],[-50.908,-26.894],[-50.913,-26.896],[-50.916,-26.894],[-50.921,-26.894],[-50.922,-26.9],[-50.925,-26.902],[-50.93,-26.901],[-50.932,-26.899],[-50.937,-26.898],[-50.941,-26.889],[-50.946,-26.886],[-50.95,-26.889],[-50.955,-26.89],[-50.958,-26.893],[-50.963,-26.891],[-50.972,-26.898],[-50.975,-26.889],[-50.974,-26.886],[-50.971,-26.887],[-50.967,-26.884],[-50.977,-26.882],[-50.975,-26.878],[-50.987,-26.881],[-50.991,-26.876],[-50.989,-26.874],[-50.985,-26.873],[-50.982,-26.87],[-50.99,-26.867],[-50.991,-26.864],[-50.997,-26.862],[-50.996,-26.866],[-51.004,-26.871],[-51.007,-26.869],[-51.007,-26.863],[-51.015,-26.863],[-51.02,-26.857],[-51.024,-26.859],[-51.023,-26.864],[-51.026,-26.865],[-51.031,-26.862],[-51.034,-26.862],[-51.039,-26.867],[-51.042,-26.859],[-51.041,-26.854],[-51.042,-26.852],[-51.047,-26.853],[-51.049,-26.858],[-51.054,-26.859],[-51.053,-26.855],[-51.058,-26.851],[-51.051,-26.85],[-51.049,-26.844],[-51.055,-26.84],[-51.062,-26.84],[-51.077,-26.842],[-51.083,-26.841],[-51.087,-26.838],[-51.095,-26.84],[-51.099,-26.837],[-51.101,-26.834],[-51.105,-26.831],[-51.114,-26.836],[-51.117,-26.835],[-51.124,-26.842],[-51.126,-26.841],[-51.128,-26.837],[-51.136,-26.837],[-51.138,-26.839],[-51.155,-26.836],[-51.162,-26.834],[-51.17,-26.835],[-51.178,-26.832],[-51.184,-26.833],[-51.192,-26.851]]]}},{"type":"Feature","properties":{"c":"4203105"},"geometry":{"type":"Polygon","coordinates":[[[-53.296,-27.132],[-53.299,-27.129],[-53.309,-27.121],[-53.317,-27.119],[-53.325,-27.119],[-53.337,-27.121],[-53.346,-27.121],[-53.353,-27.115],[-53.355,-27.111],[-53.35,-27.111],[-53.347,-27.106],[-53.344,-27.104],[-53.341,-27.105],[-53.338,-27.111],[-53.335,-27.111],[-53.337,-27.107],[-53.333,-27.102],[-53.336,-27.097],[-53.334,-27.096],[-53.326,-27.1],[-53.325,-27.096],[-53.33,-27.092],[-53.33,-27.089],[-53.327,-27.088],[-53.324,-27.092],[-53.318,-27.086],[-53.318,-27.082],[-53.322,-27.081],[-53.325,-27.077],[-53.316,-27.073],[-53.313,-27.078],[-53.305,-27.074],[-53.311,-27.072],[-53.314,-27.07],[-53.311,-27.067],[-53.311,-27.062],[-53.301,-27.063],[-53.297,-27.062],[-53.293,-27.065],[-53.29,-27.064],[-53.294,-27.058],[-53.292,-27.055],[-53.296,-27.049],[-53.292,-27.046],[-53.288,-27.047],[-53.287,-27.046],[-53.293,-27.039],[-53.3,-27.038],[-53.301,-27.034],[-53.292,-27.031],[-53.287,-27.032],[-53.285,-27.031],[-53.284,-27.026],[-53.294,-27.026],[-53.296,-27.025],[-53.294,-27.02],[-53.297,-27.015],[-53.295,-27.013],[-53.289,-27.017],[-53.285,-27.009],[-53.295,-27.005],[-53.294,-27.003],[-53.289,-27.002],[-53.287,-26.998],[-53.281,-26.999],[-53.28,-26.997],[-53.285,-26.996],[-53.288,-26.99],[-53.294,-26.997],[-53.298,-26.995],[-53.302,-26.989],[-53.292,-26.984],[-53.289,-26.984],[-53.286,-26.982],[-53.285,-26.978],[-53.287,-26.972],[-53.284,-26.969],[-53.292,-26.968],[-53.296,-26.962],[-53.29,-26.958],[-53.289,-26.955],[-53.283,-26.953],[-53.282,-26.951],[-53.295,-26.945],[-53.29,-26.944],[-53.286,-26.939],[-53.281,-26.938],[-53.282,-26.936],[-53.291,-26.935],[-53.291,-26.928],[-53.289,-26.928],[-53.285,-26.931],[-53.283,-26.928],[-53.285,-26.924],[-53.281,-26.921],[-53.275,-26.919],[-53.264,-26.919],[-53.263,-26.917],[-53.248,-26.921],[-53.248,-26.928],[-53.251,-26.929],[-53.249,-26.932],[-53.25,-26.936],[-53.239,-26.937],[-53.233,-26.935],[-53.227,-26.935],[-53.228,-26.94],[-53.21,-26.94],[-53.208,-26.948],[-53.206,-26.95],[-53.191,-26.951],[-53.193,-26.966],[-53.193,-26.97],[-53.205,-26.968],[-53.211,-26.988],[-53.207,-26.989],[-53.22,-27.036],[-53.22,-27.048],[-53.227,-27.047],[-53.229,-27.048],[-53.225,-27.054],[-53.225,-27.058],[-53.222,-27.06],[-53.217,-27.057],[-53.217,-27.06],[-53.219,-27.065],[-53.217,-27.069],[-53.22,-27.07],[-53.23,-27.068],[-53.234,-27.071],[-53.233,-27.075],[-53.232,-27.084],[-53.235,-27.087],[-53.241,-27.085],[-53.243,-27.088],[-53.244,-27.093],[-53.249,-27.089],[-53.255,-27.091],[-53.254,-27.098],[-53.251,-27.1],[-53.25,-27.104],[-53.253,-27.106],[-53.256,-27.104],[-53.257,-27.107],[-53.26,-27.104],[-53.266,-27.103],[-53.265,-27.108],[-53.272,-27.11],[-53.265,-27.113],[-53.273,-27.116],[-53.272,-27.122],[-53.276,-27.119],[-53.281,-27.12],[-53.279,-27.127],[-53.283,-27.131],[-53.28,-27.132],[-53.276,-27.131],[-53.278,-27.14],[-53.281,-27.142],[-53.285,-27.135],[-53.29,-27.136],[-53.296,-27.132]]]}},{"type":"Feature","properties":{"c":"4203154"},"geometry":{"type":"Polygon","coordinates":[[[-51.239,-26.628],[-51.236,-26.625],[-51.237,-26.619],[-51.234,-26.619],[-51.233,-26.614],[-51.229,-26.617],[-51.227,-26.615],[-51.237,-26.608],[-51.237,-26.605],[-51.233,-26.604],[-51.228,-26.596],[-51.222,-26.594],[-51.211,-26.598],[-51.201,-26.599],[-51.2,-26.607],[-51.194,-26.607],[-51.188,-26.602],[-51.183,-26.592],[-51.178,-26.594],[-51.173,-26.602],[-51.169,-26.6],[-51.167,-26.602],[-51.156,-26.6],[-51.154,-26.604],[-51.148,-26.604],[-51.142,-26.602],[-51.138,-26.593],[-51.14,-26.59],[-51.138,-26.588],[-51.135,-26.588],[-51.137,-26.567],[-51.126,-26.558],[-51.122,-26.558],[-51.111,-26.563],[-51.108,-26.566],[-51.105,-26.565],[-51.105,-26.559],[-51.102,-26.553],[-51.101,-26.547],[-51.095,-26.544],[-51.094,-26.541],[-51.098,-26.54],[-51.085,-26.531],[-51.076,-26.515],[-51.051,-26.508],[-51.052,-26.51],[-51.046,-26.514],[-51.041,-26.511],[-51.038,-26.507],[-51.029,-26.504],[-51.023,-26.499],[-51.01,-26.494],[-51.006,-26.495],[-50.997,-26.506],[-50.992,-26.508],[-50.983,-26.51],[-50.982,-26.516],[-50.976,-26.519],[-50.973,-26.518],[-50.972,-26.523],[-50.967,-26.525],[-50.962,-26.522],[-50.961,-26.529],[-50.957,-26.531],[-50.955,-26.537],[-50.952,-26.542],[-50.952,-26.545],[-50.943,-26.548],[-50.942,-26.55],[-50.937,-26.551],[-50.931,-26.55],[-50.921,-26.553],[-50.915,-26.546],[-50.912,-26.549],[-50.908,-26.548],[-50.903,-26.553],[-50.902,-26.556],[-50.889,-26.555],[-50.856,-26.561],[-50.809,-26.653],[-50.807,-26.655],[-50.81,-26.658],[-50.807,-26.667],[-50.809,-26.668],[-50.811,-26.672],[-50.817,-26.674],[-50.818,-26.678],[-50.823,-26.682],[-50.825,-26.689],[-50.827,-26.689],[-50.83,-26.696],[-50.829,-26.703],[-50.831,-26.707],[-50.829,-26.716],[-50.828,-26.723],[-50.825,-26.723],[-50.826,-26.726],[-50.815,-26.731],[-50.811,-26.743],[-50.808,-26.743],[-50.805,-26.746],[-50.804,-26.744],[-50.797,-26.749],[-50.79,-26.752],[-50.784,-26.757],[-50.785,-26.762],[-50.8,-26.768],[-50.804,-26.766],[-50.817,-26.763],[-50.816,-26.759],[-50.819,-26.759],[-50.826,-26.756],[-50.829,-26.752],[-50.837,-26.749],[-50.843,-26.75],[-50.843,-26.747],[-50.85,-26.748],[-50.85,-26.742],[-50.851,-26.736],[-50.85,-26.732],[-50.857,-26.73],[-50.863,-26.73],[-50.868,-26.728],[-50.872,-26.729],[-50.874,-26.732],[-50.877,-26.729],[-50.874,-26.722],[-50.877,-26.718],[-50.886,-26.712],[-50.891,-26.714],[-50.898,-26.712],[-50.897,-26.707],[-50.905,-26.699],[-50.909,-26.697],[-50.915,-26.697],[-50.92,-26.694],[-50.929,-26.691],[-50.929,-26.688],[-50.924,-26.687],[-50.921,-26.682],[-50.922,-26.678],[-50.926,-26.674],[-50.927,-26.671],[-50.932,-26.67],[-50.94,-26.673],[-50.946,-26.672],[-50.947,-26.662],[-50.951,-26.663],[-50.954,-26.661],[-50.952,-26.657],[-50.958,-26.658],[-50.962,-26.656],[-50.968,-26.656],[-50.972,-26.661],[-50.976,-26.66],[-50.975,-26.656],[-50.978,-26.653],[-50.981,-26.654],[-50.996,-26.655],[-51.002,-26.658],[-51.026,-26.673],[-51.028,-26.682],[-51.034,-26.683],[-51.038,-26.685],[-51.039,-26.687],[-51.043,-26.688],[-51.042,-26.691],[-51.045,-26.692],[-51.049,-26.695],[-51.051,-26.7],[-51.053,-26.701],[-51.057,-26.699],[-51.06,-26.699],[-51.067,-26.698],[-51.069,-26.696],[-51.083,-26.697],[-51.091,-26.696],[-51.1,-26.697],[-51.1,-26.7],[-51.103,-26.705],[-51.113,-26.704],[-51.114,-26.706],[-51.119,-26.708],[-51.129,-26.708],[-51.131,-26.709],[-51.131,-26.703],[-51.135,-26.704],[-51.145,-26.7],[-51.151,-26.692],[-51.156,-26.688],[-51.158,-26.683],[-51.163,-26.684],[-51.171,-26.678],[-51.174,-26.682],[-51.18,-26.684],[-51.188,-26.678],[-51.187,-26.674],[-51.193,-26.669],[-51.2,-26.673],[-51.201,-26.676],[-51.212,-26.677],[-51.216,-26.676],[-51.218,-26.678],[-51.229,-26.674],[-51.233,-26.669],[-51.231,-26.663],[-51.231,-26.651],[-51.234,-26.646],[-51.238,-26.645],[-51.239,-26.638],[-51.237,-26.638],[-51.237,-26.631],[-51.239,-26.628]]]}},{"type":"Feature","properties":{"c":"4203204"},"geometry":{"type":"Polygon","coordinates":[[[-48.611,-27.048],[-48.615,-27.049],[-48.619,-27.061],[-48.615,-27.069],[-48.621,-27.07],[-48.626,-27.075],[-48.634,-27.079],[-48.64,-27.081],[-48.645,-27.085],[-48.652,-27.083],[-48.66,-27.08],[-48.661,-27.084],[-48.667,-27.091],[-48.679,-27.1],[-48.677,-27.106],[-48.673,-27.109],[-48.671,-27.114],[-48.666,-27.113],[-48.664,-27.12],[-48.662,-27.12],[-48.661,-27.125],[-48.664,-27.127],[-48.671,-27.129],[-48.687,-27.136],[-48.69,-27.141],[-48.692,-27.139],[-48.695,-27.14],[-48.698,-27.138],[-48.706,-27.142],[-48.708,-27.141],[-48.717,-27.144],[-48.725,-27.143],[-48.728,-27.145],[-48.731,-27.144],[-48.737,-27.148],[-48.751,-27.148],[-48.753,-27.143],[-48.752,-27.14],[-48.756,-27.134],[-48.763,-27.137],[-48.77,-27.134],[-48.775,-27.136],[-48.773,-27.14],[-48.773,-27.146],[-48.779,-27.152],[-48.789,-27.151],[-48.799,-27.155],[-48.8,-27.146],[-48.803,-27.141],[-48.806,-27.142],[-48.812,-27.135],[-48.807,-27.132],[-48.803,-27.128],[-48.806,-27.123],[-48.798,-27.116],[-48.797,-27.102],[-48.791,-27.097],[-48.789,-27.097],[-48.784,-27.096],[-48.784,-27.085],[-48.776,-27.077],[-48.778,-27.073],[-48.777,-27.067],[-48.778,-27.063],[-48.775,-27.06],[-48.777,-27.059],[-48.776,-27.055],[-48.772,-27.057],[-48.769,-27.054],[-48.766,-27.056],[-48.763,-27.05],[-48.764,-27.047],[-48.761,-27.044],[-48.756,-27.043],[-48.753,-27.038],[-48.755,-27.034],[-48.754,-27.029],[-48.751,-27.028],[-48.748,-27.023],[-48.74,-27.022],[-48.736,-27.018],[-48.727,-27.017],[-48.727,-27.015],[-48.722,-27.015],[-48.713,-27.007],[-48.711,-27.0],[-48.713,-26.998],[-48.685,-26.972],[-48.683,-26.973],[-48.682,-26.977],[-48.68,-26.98],[-48.668,-26.985],[-48.662,-26.992],[-48.657,-26.996],[-48.645,-27.001],[-48.647,-27.009],[-48.646,-27.011],[-48.642,-27.011],[-48.642,-27.013],[-48.636,-27.015],[-48.634,-27.017],[-48.628,-27.013],[-48.624,-27.016],[-48.626,-27.018],[-48.625,-27.03],[-48.622,-27.032],[-48.616,-27.032],[-48.617,-27.036],[-48.616,-27.042],[-48.611,-27.048]]]}},{"type":"Feature","properties":{"c":"4203253"},"geometry":{"type":"Polygon","coordinates":[[[-50.605,-27.833],[-50.601,-27.835],[-50.594,-27.833],[-50.586,-27.836],[-50.582,-27.84],[-50.576,-27.84],[-50.574,-27.844],[-50.565,-27.85],[-50.563,-27.85],[-50.558,-27.857],[-50.559,-27.86],[-50.552,-27.856],[-50.545,-27.865],[-50.544,-27.869],[-50.532,-27.875],[-50.517,-27.873],[-50.479,-27.863],[-50.472,-27.86],[-50.471,-27.857],[-50.467,-27.856],[-50.459,-27.856],[-50.458,-27.859],[-50.464,-27.863],[-50.455,-27.867],[-50.446,-27.865],[-50.443,-27.862],[-50.437,-27.874],[-50.43,-27.868],[-50.429,-27.86],[-50.427,-27.861],[-50.424,-27.869],[-50.413,-27.861],[-50.416,-27.867],[-50.413,-27.87],[-50.411,-27.869],[-50.408,-27.873],[-50.402,-27.876],[-50.394,-27.876],[-50.389,-27.883],[-50.387,-27.883],[-50.381,-27.88],[-50.378,-27.885],[-50.38,-27.89],[-50.377,-27.896],[-50.373,-27.899],[-50.373,-27.907],[-50.365,-27.908],[-50.365,-27.914],[-50.361,-27.916],[-50.36,-27.921],[-50.355,-27.926],[-50.358,-27.927],[-50.359,-27.931],[-50.366,-27.931],[-50.369,-27.933],[-50.372,-27.939],[-50.37,-27.942],[-50.37,-27.946],[-50.372,-27.949],[-50.37,-27.952],[-50.373,-27.954],[-50.37,-27.959],[-50.374,-27.966],[-50.386,-27.97],[-50.392,-27.971],[-50.396,-27.974],[-50.398,-27.974],[-50.403,-27.977],[-50.399,-27.984],[-50.404,-27.994],[-50.412,-28.0],[-50.414,-28.006],[-50.411,-28.008],[-50.41,-28.014],[-50.407,-28.011],[-50.398,-28.014],[-50.397,-28.017],[-50.393,-28.017],[-50.39,-28.019],[-50.39,-28.026],[-50.393,-28.034],[-50.395,-28.038],[-50.398,-28.039],[-50.401,-28.047],[-50.408,-28.051],[-50.419,-28.047],[-50.421,-28.048],[-50.423,-28.053],[-50.425,-28.053],[-50.426,-28.058],[-50.438,-28.073],[-50.444,-28.076],[-50.448,-28.082],[-50.463,-28.084],[-50.465,-28.081],[-50.473,-28.084],[-50.474,-28.088],[-50.479,-28.089],[-50.484,-28.094],[-50.483,-28.095],[-50.488,-28.096],[-50.495,-28.1],[-50.501,-28.106],[-50.499,-28.108],[-50.503,-28.117],[-50.509,-28.122],[-50.512,-28.122],[-50.514,-28.126],[-50.517,-28.125],[-50.521,-28.128],[-50.522,-28.134],[-50.525,-28.135],[-50.525,-28.138],[-50.517,-28.145],[-50.521,-28.147],[-50.523,-28.15],[-50.523,-28.159],[-50.52,-28.161],[-50.519,-28.171],[-50.51,-28.18],[-50.509,-28.184],[-50.509,-28.191],[-50.505,-28.194],[-50.511,-28.197],[-50.512,-28.201],[-50.509,-28.201],[-50.509,-28.204],[-50.514,-28.204],[-50.518,-28.207],[-50.512,-28.211],[-50.519,-28.22],[-50.524,-28.217],[-50.528,-28.217],[-50.535,-28.219],[-50.54,-28.224],[-50.539,-28.229],[-50.536,-28.234],[-50.546,-28.236],[-50.546,-28.239],[-50.541,-28.242],[-50.541,-28.245],[-50.545,-28.251],[-50.561,-28.251],[-50.563,-28.254],[-50.561,-28.259],[-50.566,-28.26],[-50.569,-28.259],[-50.574,-28.254],[-50.577,-28.26],[-50.573,-28.26],[-50.574,-28.267],[-50.579,-28.274],[-50.585,-28.277],[-50.586,-28.271],[-50.589,-28.266],[-50.593,-28.27],[-50.599,-28.274],[-50.601,-28.269],[-50.601,-28.276],[-50.605,-28.278],[-50.613,-28.279],[-50.615,-28.284],[-50.624,-28.285],[-50.623,-28.289],[-50.628,-28.286],[-50.631,-28.291],[-50.629,-28.295],[-50.631,-28.297],[-50.638,-28.294],[-50.643,-28.289],[-50.655,-28.293],[-50.658,-28.292],[-50.658,-28.285],[-50.662,-28.287],[-50.669,-28.288],[-50.673,-28.284],[-50.672,-28.28],[-50.665,-28.274],[-50.664,-28.27],[-50.668,-28.266],[-50.665,-28.257],[-50.667,-28.255],[-50.671,-28.255],[-50.677,-28.259],[-50.681,-28.264],[-50.684,-28.266],[-50.687,-28.27],[-50.694,-28.268],[-50.696,-28.27],[-50.699,-28.266],[-50.705,-28.267],[-50.711,-28.267],[-50.716,-28.263],[-50.73,-28.257],[-50.742,-28.25],[-50.747,-28.249],[-50.754,-28.245],[-50.753,-28.233],[-50.755,-28.225],[-50.756,-28.215],[-50.76,-28.207],[-50.761,-28.195],[-50.764,-28.189],[-50.768,-28.189],[-50.772,-28.196],[-50.777,-28.2],[-50.784,-28.201],[-50.789,-28.198],[-50.789,-28.189],[-50.784,-28.182],[-50.783,-28.176],[-50.787,-28.171],[-50.792,-28.161],[-50.792,-28.155],[-50.787,-28.151],[-50.785,-28.147],[-50.786,-28.142],[-50.794,-28.139],[-50.803,-28.139],[-50.809,-28.141],[-50.818,-28.141],[-50.822,-28.138],[-50.825,-28.124],[-50.827,-28.12],[-50.83,-28.118],[-50.837,-28.119],[-50.844,-28.127],[-50.859,-28.14],[-50.866,-28.141],[-50.872,-28.137],[-50.875,-28.131],[-50.874,-28.127],[-50.869,-28.116],[-50.869,-28.111],[-50.87,-28.106],[-50.876,-28.095],[-50.884,-28.09],[-50.889,-28.089],[-50.899,-28.09],[-50.903,-28.088],[-50.903,-28.083],[-50.898,-28.076],[-50.886,-28.072],[-50.879,-28.064],[-50.875,-28.054],[-50.875,-28.041],[-50.875,-28.039],[-50.862,-28.042],[-50.857,-28.045],[-50.85,-28.044],[-50.848,-28.04],[-50.844,-28.043],[-50.838,-28.045],[-50.837,-28.047],[-50.834,-28.051],[-50.831,-28.051],[-50.828,-28.047],[-50.829,-28.043],[-50.821,-28.041],[-50.816,-28.047],[-50.811,-28.048],[-50.805,-28.046],[-50.805,-28.043],[-50.811,-28.035],[-50.809,-28.032],[-50.801,-28.032],[-50.799,-28.017],[-50.796,-28.015],[-50.793,-28.015],[-50.789,-28.022],[-50.782,-28.02],[-50.779,-28.021],[-50.778,-28.028],[-50.767,-28.028],[-50.767,-28.031],[-50.762,-28.035],[-50.756,-28.032],[-50.753,-28.034],[-50.747,-28.042],[-50.744,-28.042],[-50.742,-28.037],[-50.73,-28.032],[-50.732,-28.027],[-50.737,-28.026],[-50.738,-28.029],[-50.742,-28.03],[-50.746,-28.018],[-50.749,-28.015],[-50.747,-28.014],[-50.742,-28.015],[-50.734,-28.015],[-50.732,-28.012],[-50.733,-28.009],[-50.728,-28.007],[-50.727,-28.012],[-50.723,-28.013],[-50.724,-28.009],[-50.723,-28.007],[-50.717,-28.007],[-50.716,-28.005],[-50.711,-28.002],[-50.712,-27.997],[-50.708,-27.996],[-50.703,-27.997],[-50.7,-28.001],[-50.697,-27.994],[-50.694,-27.995],[-50.687,-28.001],[-50.684,-27.996],[-50.682,-27.995],[-50.681,-27.99],[-50.675,-27.994],[-50.675,-27.996],[-50.67,-27.995],[-50.67,-27.991],[-50.665,-27.993],[-50.667,-27.987],[-50.659,-27.985],[-50.655,-27.986],[-50.652,-27.981],[-50.649,-27.979],[-50.648,-27.972],[-50.643,-27.973],[-50.64,-27.972],[-50.643,-27.966],[-50.637,-27.964],[-50.645,-27.957],[-50.642,-27.954],[-50.64,-27.955],[-50.635,-27.951],[-50.629,-27.95],[-50.628,-27.945],[-50.627,-27.938],[-50.625,-27.936],[-50.624,-27.93],[-50.63,-27.925],[-50.64,-27.92],[-50.649,-27.92],[-50.649,-27.918],[-50.647,-27.914],[-50.649,-27.905],[-50.644,-27.899],[-50.645,-27.895],[-50.638,-27.891],[-50.633,-27.886],[-50.629,-27.879],[-50.628,-27.874],[-50.621,-27.869],[-50.623,-27.86],[-50.619,-27.859],[-50.62,-27.853],[-50.617,-27.846],[-50.611,-27.845],[-50.605,-27.839],[-50.605,-27.833]]]}},{"type":"Feature","properties":{"c":"4203303"},"geometry":{"type":"Polygon","coordinates":[[[-49.203,-26.22],[-49.203,-26.221],[-49.2,-26.224],[-49.205,-26.226],[-49.205,-26.229],[-49.21,-26.232],[-49.215,-26.229],[-49.22,-26.229],[-49.228,-26.235],[-49.229,-26.241],[-49.228,-26.243],[-49.231,-26.246],[-49.225,-26.254],[-49.225,-26.264],[-49.228,-26.264],[-49.228,-26.268],[-49.233,-26.267],[-49.235,-26.268],[-49.238,-26.266],[-49.247,-26.269],[-49.253,-26.268],[-49.317,-26.229],[-49.326,-26.222],[-49.326,-26.2],[-49.344,-26.192],[-49.368,-26.192],[-49.373,-26.202],[-49.378,-26.198],[-49.382,-26.2],[-49.387,-26.198],[-49.391,-26.2],[-49.391,-26.197],[-49.393,-26.193],[-49.405,-26.187],[-49.408,-26.184],[-49.414,-26.186],[-49.415,-26.19],[-49.418,-26.19],[-49.418,-26.187],[-49.423,-26.183],[-49.426,-26.172],[-49.429,-26.17],[-49.431,-26.169],[-49.428,-26.167],[-49.422,-26.167],[-49.421,-26.164],[-49.417,-26.165],[-49.417,-26.162],[-49.419,-26.158],[-49.416,-26.153],[-49.415,-26.156],[-49.41,-26.157],[-49.409,-26.162],[-49.407,-26.162],[-49.403,-26.158],[-49.403,-26.155],[-49.4,-26.153],[-49.4,-26.151],[-49.392,-26.157],[-49.39,-26.16],[-49.388,-26.156],[-49.386,-26.156],[-49.372,-26.155],[-49.369,-26.153],[-49.372,-26.149],[-49.369,-26.149],[-49.363,-26.141],[-49.36,-26.141],[-49.359,-26.137],[-49.347,-26.128],[-49.342,-26.129],[-49.337,-26.125],[-49.334,-26.125],[-49.333,-26.119],[-49.327,-26.116],[-49.322,-26.11],[-49.32,-26.111],[-49.315,-26.109],[-49.308,-26.111],[-49.3,-26.111],[-49.298,-26.11],[-49.298,-26.102],[-49.289,-26.102],[-49.291,-26.099],[-49.294,-26.097],[-49.294,-26.088],[-49.296,-26.087],[-49.286,-26.078],[-49.281,-26.079],[-49.277,-26.083],[-49.274,-26.082],[-49.275,-26.08],[-49.27,-26.078],[-49.267,-26.081],[-49.266,-26.078],[-49.267,-26.076],[-49.265,-26.071],[-49.267,-26.069],[-49.264,-26.067],[-49.259,-26.07],[-49.255,-26.064],[-49.253,-26.063],[-49.252,-26.059],[-49.255,-26.059],[-49.252,-26.054],[-49.254,-26.051],[-49.249,-26.048],[-49.245,-26.044],[-49.243,-26.044],[-49.239,-26.039],[-49.239,-26.034],[-49.237,-26.03],[-49.233,-26.031],[-49.231,-26.028],[-49.228,-26.031],[-49.214,-26.024],[-49.208,-26.022],[-49.207,-26.016],[-49.204,-26.017],[-49.199,-26.015],[-49.192,-26.013],[-49.193,-26.009],[-49.186,-26.007],[-49.18,-26.008],[-49.177,-26.006],[-49.18,-26.003],[-49.174,-26.004],[-49.174,-26.0],[-49.168,-26.001],[-49.163,-26.006],[-49.16,-26.006],[-49.158,-26.009],[-49.154,-26.009],[-49.15,-26.013],[-49.147,-26.01],[-49.143,-26.011],[-49.141,-26.016],[-49.138,-26.015],[-49.137,-26.009],[-49.133,-26.009],[-49.129,-26.004],[-49.132,-26.0],[-49.126,-25.996],[-49.122,-25.997],[-49.119,-26.002],[-49.113,-26.005],[-49.11,-26.004],[-49.107,-25.999],[-49.106,-26.003],[-49.103,-26.004],[-49.103,-26.008],[-49.098,-26.01],[-49.092,-26.01],[-49.09,-26.007],[-49.092,-26.004],[-49.083,-26.004],[-49.08,-26.007],[-49.076,-26.005],[-49.073,-26.0],[-49.068,-26.003],[-49.069,-26.009],[-49.066,-26.013],[-49.06,-26.015],[-49.06,-26.018],[-49.053,-26.021],[-49.052,-26.017],[-49.05,-26.02],[-49.046,-26.018],[-49.043,-26.011],[-49.043,-26.005],[-49.029,-26.005],[-49.025,-26.009],[-49.027,-26.011],[-49.02,-26.016],[-49.011,-26.014],[-49.007,-26.016],[-49.005,-26.012],[-48.997,-26.009],[-48.994,-26.009],[-48.99,-26.005],[-48.984,-26.005],[-48.987,-26.0],[-48.982,-26.0],[-48.979,-25.989],[-48.975,-25.989],[-48.962,-25.984],[-48.96,-25.989],[-48.962,-25.99],[-48.959,-25.993],[-48.95,-25.99],[-48.955,-25.995],[-48.96,-25.997],[-48.959,-26.001],[-48.962,-26.003],[-48.962,-26.009],[-48.957,-26.01],[-48.956,-26.019],[-48.958,-26.021],[-48.962,-26.02],[-48.969,-26.023],[-48.971,-26.022],[-48.977,-26.026],[-48.985,-26.026],[-48.991,-26.024],[-48.996,-26.028],[-49.004,-26.026],[-49.007,-26.021],[-49.011,-26.019],[-49.019,-26.018],[-49.024,-26.016],[-49.027,-26.012],[-49.03,-26.01],[-49.033,-26.012],[-49.036,-26.01],[-49.037,-26.014],[-49.04,-26.014],[-49.039,-26.018],[-49.044,-26.022],[-49.045,-26.025],[-49.052,-26.028],[-49.052,-26.033],[-49.053,-26.035],[-49.052,-26.043],[-49.058,-26.048],[-49.055,-26.052],[-49.054,-26.06],[-49.056,-26.061],[-49.054,-26.064],[-49.056,-26.067],[-49.054,-26.07],[-49.057,-26.076],[-49.059,-26.077],[-49.065,-26.075],[-49.073,-26.075],[-49.075,-26.08],[-49.084,-26.083],[-49.086,-26.087],[-49.091,-26.09],[-49.1,-26.089],[-49.102,-26.091],[-49.106,-26.091],[-49.108,-26.094],[-49.112,-26.095],[-49.116,-26.1],[-49.124,-26.103],[-49.127,-26.1],[-49.131,-26.1],[-49.135,-26.106],[-49.135,-26.108],[-49.139,-26.109],[-49.14,-26.113],[-49.138,-26.117],[-49.142,-26.117],[-49.151,-26.112],[-49.159,-26.114],[-49.161,-26.124],[-49.16,-26.133],[-49.169,-26.133],[-49.179,-26.142],[-49.184,-26.141],[-49.189,-26.145],[-49.191,-26.15],[-49.183,-26.152],[-49.18,-26.155],[-49.178,-26.161],[-49.181,-26.161],[-49.183,-26.166],[-49.182,-26.169],[-49.177,-26.168],[-49.172,-26.169],[-49.17,-26.178],[-49.172,-26.184],[-49.168,-26.188],[-49.17,-26.194],[-49.169,-26.198],[-49.176,-26.208],[-49.181,-26.205],[-49.183,-26.201],[-49.191,-26.2],[-49.198,-26.207],[-49.201,-26.214],[-49.199,-26.217],[-49.203,-26.22]]]}},{"type":"Feature","properties":{"c":"4203402"},"geometry":{"type":"Polygon","coordinates":[[[-50.64,-27.714],[-50.64,-27.719],[-50.644,-27.722],[-50.644,-27.726],[-50.638,-27.733],[-50.631,-27.729],[-50.628,-27.73],[-50.629,-27.736],[-50.634,-27.738],[-50.635,-27.741],[-50.632,-27.743],[-50.634,-27.745],[-50.633,-27.749],[-50.634,-27.752],[-50.64,-27.757],[-50.636,-27.761],[-50.635,-27.758],[-50.632,-27.759],[-50.626,-27.757],[-50.622,-27.758],[-50.616,-27.754],[-50.615,-27.755],[-50.619,-27.758],[-50.621,-27.762],[-50.627,-27.765],[-50.619,-27.771],[-50.616,-27.77],[-50.616,-27.774],[-50.623,-27.776],[-50.627,-27.774],[-50.626,-27.779],[-50.63,-27.786],[-50.624,-27.787],[-50.616,-27.792],[-50.61,-27.791],[-50.609,-27.795],[-50.611,-27.803],[-50.618,-27.806],[-50.619,-27.81],[-50.612,-27.81],[-50.611,-27.814],[-50.606,-27.818],[-50.611,-27.821],[-50.61,-27.826],[-50.606,-27.829],[-50.605,-27.833],[-50.605,-27.839],[-50.611,-27.845],[-50.617,-27.846],[-50.62,-27.853],[-50.619,-27.859],[-50.623,-27.86],[-50.621,-27.869],[-50.628,-27.874],[-50.629,-27.879],[-50.633,-27.886],[-50.638,-27.891],[-50.645,-27.895],[-50.644,-27.899],[-50.649,-27.905],[-50.647,-27.914],[-50.649,-27.918],[-50.649,-27.92],[-50.64,-27.92],[-50.63,-27.925],[-50.624,-27.93],[-50.625,-27.936],[-50.627,-27.938],[-50.628,-27.945],[-50.629,-27.95],[-50.635,-27.951],[-50.64,-27.955],[-50.642,-27.954],[-50.645,-27.957],[-50.637,-27.964],[-50.643,-27.966],[-50.64,-27.972],[-50.643,-27.973],[-50.648,-27.972],[-50.649,-27.979],[-50.652,-27.981],[-50.655,-27.986],[-50.659,-27.985],[-50.667,-27.987],[-50.665,-27.993],[-50.67,-27.991],[-50.67,-27.995],[-50.675,-27.996],[-50.675,-27.994],[-50.681,-27.99],[-50.682,-27.995],[-50.684,-27.996],[-50.687,-28.001],[-50.694,-27.995],[-50.697,-27.994],[-50.7,-28.001],[-50.703,-27.997],[-50.708,-27.996],[-50.712,-27.997],[-50.711,-28.002],[-50.716,-28.005],[-50.717,-28.007],[-50.723,-28.007],[-50.724,-28.009],[-50.723,-28.013],[-50.727,-28.012],[-50.728,-28.007],[-50.733,-28.009],[-50.732,-28.012],[-50.734,-28.015],[-50.742,-28.015],[-50.747,-28.014],[-50.749,-28.015],[-50.746,-28.018],[-50.742,-28.03],[-50.738,-28.029],[-50.737,-28.026],[-50.732,-28.027],[-50.73,-28.032],[-50.742,-28.037],[-50.744,-28.042],[-50.747,-28.042],[-50.753,-28.034],[-50.756,-28.032],[-50.762,-28.035],[-50.767,-28.031],[-50.767,-28.028],[-50.778,-28.028],[-50.779,-28.021],[-50.782,-28.02],[-50.789,-28.022],[-50.793,-28.015],[-50.796,-28.015],[-50.799,-28.017],[-50.801,-28.032],[-50.809,-28.032],[-50.811,-28.035],[-50.805,-28.043],[-50.805,-28.046],[-50.811,-28.048],[-50.816,-28.047],[-50.821,-28.041],[-50.829,-28.043],[-50.828,-28.047],[-50.831,-28.051],[-50.834,-28.051],[-50.837,-28.047],[-50.838,-28.045],[-50.844,-28.043],[-50.848,-28.04],[-50.85,-28.044],[-50.857,-28.045],[-50.862,-28.042],[-50.875,-28.039],[-50.875,-28.041],[-50.877,-28.038],[-50.89,-28.023],[-50.895,-28.02],[-50.908,-28.015],[-50.92,-28.013],[-50.923,-28.012],[-50.924,-28.009],[-50.921,-28.001],[-50.926,-27.995],[-50.928,-27.991],[-50.923,-27.98],[-50.924,-27.972],[-50.926,-27.969],[-50.931,-27.968],[-50.94,-27.969],[-50.947,-27.967],[-50.959,-27.96],[-50.974,-27.954],[-50.977,-27.952],[-50.978,-27.948],[-50.97,-27.945],[-50.962,-27.945],[-50.959,-27.94],[-50.961,-27.935],[-50.955,-27.932],[-50.945,-27.932],[-50.942,-27.931],[-50.935,-27.931],[-50.935,-27.927],[-50.928,-27.93],[-50.926,-27.929],[-50.929,-27.923],[-50.924,-27.922],[-50.922,-27.918],[-50.925,-27.914],[-50.923,-27.912],[-50.925,-27.908],[-50.927,-27.907],[-50.927,-27.904],[-50.921,-27.902],[-50.917,-27.896],[-50.91,-27.898],[-50.908,-27.896],[-50.906,-27.898],[-50.897,-27.895],[-50.891,-27.896],[-50.89,-27.894],[-50.891,-27.886],[-50.888,-27.885],[-50.889,-27.882],[-50.884,-27.873],[-50.881,-27.871],[-50.881,-27.869],[-50.878,-27.866],[-50.879,-27.864],[-50.877,-27.858],[-50.878,-27.855],[-50.875,-27.848],[-50.876,-27.841],[-50.871,-27.838],[-50.871,-27.828],[-50.867,-27.819],[-50.86,-27.818],[-50.858,-27.816],[-50.857,-27.81],[-50.861,-27.808],[-50.863,-27.802],[-50.859,-27.796],[-50.863,-27.793],[-50.861,-27.79],[-50.856,-27.788],[-50.856,-27.784],[-50.859,-27.784],[-50.86,-27.781],[-50.858,-27.779],[-50.86,-27.774],[-50.855,-27.772],[-50.853,-27.769],[-50.849,-27.77],[-50.848,-27.765],[-50.843,-27.763],[-50.842,-27.752],[-50.845,-27.749],[-50.847,-27.741],[-50.854,-27.731],[-50.848,-27.7],[-50.847,-27.694],[-50.85,-27.69],[-50.851,-27.682],[-50.853,-27.681],[-50.855,-27.675],[-50.855,-27.663],[-50.858,-27.658],[-50.861,-27.65],[-50.86,-27.643],[-50.863,-27.631],[-50.857,-27.625],[-50.857,-27.621],[-50.86,-27.62],[-50.86,-27.617],[-50.864,-27.612],[-50.862,-27.607],[-50.865,-27.605],[-50.872,-27.605],[-50.875,-27.602],[-50.871,-27.598],[-50.868,-27.596],[-50.861,-27.597],[-50.854,-27.593],[-50.842,-27.595],[-50.843,-27.598],[-50.852,-27.604],[-50.848,-27.606],[-50.844,-27.603],[-50.834,-27.607],[-50.826,-27.611],[-50.816,-27.619],[-50.814,-27.618],[-50.813,-27.609],[-50.805,-27.602],[-50.8,-27.599],[-50.798,-27.602],[-50.802,-27.611],[-50.8,-27.615],[-50.793,-27.615],[-50.787,-27.616],[-50.787,-27.619],[-50.791,-27.624],[-50.791,-27.627],[-50.778,-27.635],[-50.766,-27.63],[-50.764,-27.626],[-50.758,-27.62],[-50.756,-27.625],[-50.758,-27.628],[-50.758,-27.638],[-50.754,-27.645],[-50.745,-27.649],[-50.742,-27.644],[-50.745,-27.638],[-50.744,-27.632],[-50.74,-27.632],[-50.736,-27.64],[-50.734,-27.647],[-50.729,-27.649],[-50.722,-27.647],[-50.718,-27.65],[-50.722,-27.656],[-50.726,-27.663],[-50.726,-27.669],[-50.723,-27.674],[-50.717,-27.677],[-50.704,-27.668],[-50.696,-27.67],[-50.7,-27.674],[-50.699,-27.68],[-50.706,-27.686],[-50.704,-27.691],[-50.695,-27.693],[-50.694,-27.696],[-50.686,-27.701],[-50.687,-27.705],[-50.683,-27.707],[-50.677,-27.715],[-50.669,-27.712],[-50.667,-27.709],[-50.663,-27.71],[-50.654,-27.726],[-50.651,-27.726],[-50.649,-27.717],[-50.64,-27.714]]]}},{"type":"Feature","properties":{"c":"4203501"},"geometry":{"type":"Polygon","coordinates":[[[-52.938,-26.362],[-52.939,-26.367],[-52.941,-26.371],[-52.947,-26.374],[-52.953,-26.379],[-52.952,-26.388],[-52.957,-26.398],[-52.962,-26.399],[-52.962,-26.405],[-52.964,-26.408],[-52.962,-26.409],[-52.965,-26.419],[-52.964,-26.423],[-52.971,-26.426],[-52.971,-26.431],[-52.968,-26.431],[-52.968,-26.438],[-52.966,-26.44],[-52.968,-26.441],[-52.971,-26.437],[-52.981,-26.435],[-52.988,-26.429],[-52.99,-26.427],[-52.998,-26.422],[-52.999,-26.418],[-53.007,-26.42],[-53.012,-26.417],[-53.01,-26.415],[-53.011,-26.412],[-53.018,-26.41],[-53.019,-26.408],[-53.025,-26.407],[-53.028,-26.411],[-53.03,-26.417],[-53.029,-26.424],[-53.033,-26.426],[-53.03,-26.427],[-53.034,-26.43],[-53.03,-26.435],[-53.033,-26.436],[-53.033,-26.439],[-53.044,-26.444],[-53.057,-26.472],[-53.062,-26.478],[-53.066,-26.48],[-53.066,-26.485],[-53.062,-26.487],[-53.062,-26.489],[-53.059,-26.496],[-53.06,-26.499],[-53.058,-26.502],[-53.054,-26.502],[-53.051,-26.507],[-53.048,-26.507],[-53.047,-26.512],[-53.042,-26.511],[-53.039,-26.509],[-53.032,-26.511],[-53.029,-26.517],[-53.027,-26.517],[-53.027,-26.522],[-53.02,-26.526],[-53.019,-26.532],[-53.045,-26.541],[-53.042,-26.546],[-53.045,-26.546],[-53.052,-26.547],[-53.064,-26.552],[-53.071,-26.551],[-53.076,-26.557],[-53.084,-26.56],[-53.092,-26.562],[-53.097,-26.564],[-53.101,-26.564],[-53.105,-26.566],[-53.111,-26.566],[-53.115,-26.57],[-53.123,-26.573],[-53.127,-26.574],[-53.129,-26.57],[-53.126,-26.567],[-53.128,-26.565],[-53.146,-26.555],[-53.145,-26.546],[-53.142,-26.544],[-53.144,-26.539],[-53.143,-26.536],[-53.143,-26.533],[-53.147,-26.528],[-53.156,-26.527],[-53.161,-26.526],[-53.161,-26.529],[-53.157,-26.532],[-53.161,-26.533],[-53.162,-26.535],[-53.172,-26.535],[-53.18,-26.531],[-53.185,-26.535],[-53.186,-26.533],[-53.191,-26.535],[-53.193,-26.533],[-53.195,-26.541],[-53.2,-26.54],[-53.201,-26.545],[-53.206,-26.545],[-53.205,-26.55],[-53.209,-26.56],[-53.212,-26.56],[-53.207,-26.565],[-53.211,-26.566],[-53.213,-26.563],[-53.217,-26.564],[-53.214,-26.571],[-53.216,-26.574],[-53.213,-26.578],[-53.218,-26.576],[-53.221,-26.573],[-53.223,-26.579],[-53.23,-26.577],[-53.227,-26.571],[-53.231,-26.568],[-53.224,-26.569],[-53.222,-26.568],[-53.223,-26.562],[-53.228,-26.559],[-53.234,-26.559],[-53.236,-26.553],[-53.235,-26.552],[-53.241,-26.55],[-53.237,-26.545],[-53.239,-26.543],[-53.241,-26.54],[-53.237,-26.54],[-53.239,-26.538],[-53.239,-26.533],[-53.247,-26.533],[-53.248,-26.528],[-53.245,-26.523],[-53.241,-26.526],[-53.238,-26.522],[-53.243,-26.52],[-53.247,-26.514],[-53.242,-26.509],[-53.244,-26.507],[-53.243,-26.501],[-53.236,-26.496],[-53.231,-26.489],[-53.23,-26.482],[-53.23,-26.474],[-53.234,-26.464],[-53.233,-26.462],[-53.24,-26.457],[-53.239,-26.453],[-53.244,-26.448],[-53.249,-26.447],[-53.25,-26.449],[-53.253,-26.445],[-53.255,-26.447],[-53.258,-26.443],[-53.259,-26.449],[-53.264,-26.447],[-53.266,-26.451],[-53.271,-26.45],[-53.279,-26.454],[-53.283,-26.452],[-53.281,-26.448],[-53.287,-26.447],[-53.287,-26.445],[-53.281,-26.442],[-53.281,-26.439],[-53.288,-26.439],[-53.288,-26.436],[-53.291,-26.432],[-53.289,-26.431],[-53.285,-26.433],[-53.286,-26.428],[-53.284,-26.423],[-53.287,-26.418],[-53.284,-26.417],[-53.281,-26.421],[-53.279,-26.418],[-53.276,-26.418],[-53.277,-26.415],[-53.283,-26.413],[-53.285,-26.409],[-53.28,-26.407],[-53.276,-26.411],[-53.271,-26.412],[-53.266,-26.41],[-53.269,-26.408],[-53.273,-26.409],[-53.276,-26.405],[-53.276,-26.398],[-53.27,-26.401],[-53.267,-26.401],[-53.267,-26.405],[-53.263,-26.401],[-53.264,-26.394],[-53.256,-26.387],[-53.257,-26.382],[-53.252,-26.381],[-53.252,-26.378],[-53.249,-26.378],[-53.247,-26.376],[-53.241,-26.375],[-53.238,-26.371],[-53.234,-26.371],[-53.231,-26.369],[-53.227,-26.37],[-53.22,-26.374],[-53.215,-26.373],[-53.212,-26.371],[-53.208,-26.371],[-53.203,-26.369],[-53.2,-26.366],[-53.196,-26.369],[-53.192,-26.369],[-53.184,-26.365],[-53.179,-26.364],[-53.17,-26.36],[-53.167,-26.356],[-53.163,-26.356],[-53.16,-26.351],[-53.151,-26.345],[-53.144,-26.345],[-53.146,-26.352],[-53.143,-26.352],[-53.14,-26.357],[-53.136,-26.358],[-53.132,-26.366],[-53.129,-26.366],[-53.127,-26.372],[-53.118,-26.377],[-53.11,-26.376],[-53.109,-26.381],[-53.102,-26.383],[-53.099,-26.381],[-53.093,-26.382],[-53.093,-26.392],[-53.084,-26.389],[-53.078,-26.39],[-53.074,-26.386],[-53.068,-26.388],[-53.063,-26.384],[-53.052,-26.383],[-53.046,-26.381],[-53.041,-26.377],[-53.037,-26.377],[-53.033,-26.372],[-53.026,-26.369],[-53.02,-26.364],[-53.016,-26.362],[-53.012,-26.363],[-53.005,-26.357],[-53.002,-26.357],[-52.999,-26.353],[-52.994,-26.351],[-52.993,-26.348],[-52.989,-26.346],[-52.983,-26.346],[-52.98,-26.352],[-52.968,-26.354],[-52.957,-26.36],[-52.95,-26.362],[-52.938,-26.362]]]}},{"type":"Feature","properties":{"c":"4203600"},"geometry":{"type":"Polygon","coordinates":[[[-51.073,-27.511],[-51.077,-27.508],[-51.083,-27.507],[-51.085,-27.512],[-51.089,-27.518],[-51.089,-27.522],[-51.094,-27.524],[-51.095,-27.526],[-51.105,-27.528],[-51.108,-27.527],[-51.116,-27.528],[-51.117,-27.53],[-51.122,-27.529],[-51.125,-27.533],[-51.125,-27.539],[-51.129,-27.54],[-51.134,-27.543],[-51.136,-27.551],[-51.134,-27.559],[-51.138,-27.562],[-51.143,-27.578],[-51.149,-27.582],[-51.161,-27.587],[-51.166,-27.584],[-51.171,-27.585],[-51.174,-27.593],[-51.179,-27.595],[-51.19,-27.593],[-51.195,-27.594],[-51.198,-27.597],[-51.201,-27.601],[-51.2,-27.612],[-51.206,-27.618],[-51.212,-27.619],[-51.215,-27.619],[-51.217,-27.615],[-51.219,-27.606],[-51.227,-27.6],[-51.233,-27.601],[-51.239,-27.604],[-51.247,-27.61],[-51.249,-27.614],[-51.25,-27.627],[-51.254,-27.632],[-51.263,-27.633],[-51.274,-27.633],[-51.286,-27.63],[-51.295,-27.625],[-51.297,-27.622],[-51.304,-27.62],[-51.311,-27.614],[-51.315,-27.602],[-51.323,-27.603],[-51.331,-27.6],[-51.336,-27.601],[-51.343,-27.594],[-51.345,-27.592],[-51.349,-27.594],[-51.353,-27.599],[-51.355,-27.608],[-51.361,-27.614],[-51.365,-27.615],[-51.375,-27.611],[-51.377,-27.599],[-51.384,-27.596],[-51.398,-27.596],[-51.408,-27.594],[-51.411,-27.589],[-51.416,-27.572],[-51.42,-27.566],[-51.425,-27.568],[-51.428,-27.572],[-51.43,-27.577],[-51.433,-27.581],[-51.44,-27.585],[-51.447,-27.592],[-51.449,-27.599],[-51.457,-27.607],[-51.462,-27.605],[-51.47,-27.603],[-51.475,-27.601],[-51.478,-27.596],[-51.478,-27.59],[-51.477,-27.579],[-51.478,-27.57],[-51.483,-27.563],[-51.491,-27.559],[-51.502,-27.556],[-51.508,-27.556],[-51.517,-27.558],[-51.525,-27.561],[-51.537,-27.563],[-51.548,-27.559],[-51.543,-27.554],[-51.54,-27.551],[-51.538,-27.545],[-51.534,-27.546],[-51.533,-27.542],[-51.534,-27.539],[-51.527,-27.539],[-51.526,-27.536],[-51.522,-27.534],[-51.523,-27.526],[-51.52,-27.524],[-51.518,-27.528],[-51.511,-27.528],[-51.507,-27.53],[-51.508,-27.524],[-51.505,-27.521],[-51.508,-27.516],[-51.507,-27.509],[-51.504,-27.508],[-51.501,-27.51],[-51.5,-27.506],[-51.502,-27.505],[-51.5,-27.502],[-51.502,-27.499],[-51.495,-27.495],[-51.498,-27.494],[-51.496,-27.488],[-51.498,-27.485],[-51.493,-27.485],[-51.491,-27.483],[-51.483,-27.481],[-51.48,-27.482],[-51.475,-27.481],[-51.472,-27.483],[-51.468,-27.482],[-51.468,-27.477],[-51.466,-27.475],[-51.463,-27.467],[-51.457,-27.464],[-51.448,-27.465],[-51.445,-27.461],[-51.445,-27.455],[-51.441,-27.45],[-51.442,-27.442],[-51.441,-27.436],[-51.446,-27.435],[-51.45,-27.427],[-51.447,-27.422],[-51.454,-27.423],[-51.463,-27.428],[-51.464,-27.434],[-51.47,-27.432],[-51.47,-27.428],[-51.474,-27.423],[-51.468,-27.421],[-51.47,-27.41],[-51.468,-27.403],[-51.463,-27.402],[-51.467,-27.389],[-51.469,-27.39],[-51.477,-27.398],[-51.482,-27.398],[-51.486,-27.396],[-51.495,-27.394],[-51.502,-27.391],[-51.51,-27.391],[-51.513,-27.39],[-51.517,-27.39],[-51.52,-27.388],[-51.521,-27.39],[-51.528,-27.39],[-51.537,-27.395],[-51.539,-27.394],[-51.544,-27.396],[-51.545,-27.394],[-51.55,-27.401],[-51.554,-27.399],[-51.554,-27.383],[-51.55,-27.383],[-51.533,-27.377],[-51.533,-27.37],[-51.536,-27.368],[-51.539,-27.369],[-51.542,-27.368],[-51.541,-27.359],[-51.546,-27.352],[-51.547,-27.349],[-51.552,-27.344],[-51.552,-27.34],[-51.555,-27.336],[-51.561,-27.336],[-51.565,-27.329],[-51.569,-27.329],[-51.573,-27.332],[-51.579,-27.331],[-51.581,-27.328],[-51.586,-27.332],[-51.592,-27.333],[-51.593,-27.33],[-51.598,-27.327],[-51.609,-27.33],[-51.612,-27.327],[-51.61,-27.322],[-51.598,-27.309],[-51.595,-27.298],[-51.595,-27.296],[-51.589,-27.291],[-51.584,-27.293],[-51.582,-27.296],[-51.581,-27.308],[-51.58,-27.312],[-51.577,-27.315],[-51.575,-27.311],[-51.573,-27.302],[-51.568,-27.298],[-51.563,-27.297],[-51.562,-27.292],[-51.563,-27.284],[-51.567,-27.276],[-51.565,-27.274],[-51.556,-27.276],[-51.549,-27.282],[-51.543,-27.283],[-51.54,-27.282],[-51.537,-27.287],[-51.529,-27.294],[-51.532,-27.3],[-51.53,-27.301],[-51.524,-27.3],[-51.523,-27.304],[-51.529,-27.306],[-51.534,-27.314],[-51.53,-27.316],[-51.518,-27.315],[-51.515,-27.317],[-51.511,-27.313],[-51.511,-27.31],[-51.507,-27.309],[-51.503,-27.312],[-51.5,-27.311],[-51.501,-27.307],[-51.487,-27.311],[-51.489,-27.314],[-51.487,-27.318],[-51.488,-27.321],[-51.484,-27.323],[-51.486,-27.329],[-51.476,-27.333],[-51.468,-27.332],[-51.466,-27.338],[-51.462,-27.339],[-51.459,-27.344],[-51.444,-27.32],[-51.441,-27.323],[-51.442,-27.327],[-51.438,-27.327],[-51.434,-27.323],[-51.436,-27.323],[-51.438,-27.316],[-51.437,-27.315],[-51.43,-27.32],[-51.424,-27.319],[-51.425,-27.313],[-51.422,-27.312],[-51.415,-27.314],[-51.413,-27.317],[-51.418,-27.322],[-51.412,-27.329],[-51.406,-27.326],[-51.403,-27.328],[-51.397,-27.33],[-51.394,-27.328],[-51.391,-27.333],[-51.388,-27.329],[-51.391,-27.322],[-51.39,-27.316],[-51.383,-27.319],[-51.385,-27.325],[-51.377,-27.323],[-51.372,-27.323],[-51.371,-27.326],[-51.376,-27.326],[-51.375,-27.332],[-51.37,-27.332],[-51.368,-27.334],[-51.374,-27.341],[-51.372,-27.344],[-51.369,-27.342],[-51.368,-27.339],[-51.361,-27.341],[-51.356,-27.341],[-51.358,-27.337],[-51.362,-27.335],[-51.358,-27.335],[-51.357,-27.327],[-51.355,-27.324],[-51.35,-27.326],[-51.343,-27.333],[-51.339,-27.331],[-51.34,-27.326],[-51.333,-27.33],[-51.324,-27.331],[-51.323,-27.333],[-51.325,-27.336],[-51.333,-27.336],[-51.332,-27.341],[-51.326,-27.346],[-51.319,-27.347],[-51.321,-27.341],[-51.323,-27.338],[-51.318,-27.338],[-51.312,-27.342],[-51.307,-27.341],[-51.31,-27.336],[-51.313,-27.334],[-51.313,-27.331],[-51.303,-27.333],[-51.297,-27.331],[-51.288,-27.324],[-51.291,-27.32],[-51.297,-27.319],[-51.298,-27.325],[-51.301,-27.323],[-51.312,-27.32],[-51.316,-27.315],[-51.304,-27.308],[-51.304,-27.303],[-51.307,-27.297],[-51.303,-27.295],[-51.3,-27.29],[-51.309,-27.282],[-51.311,-27.278],[-51.31,-27.272],[-51.317,-27.266],[-51.326,-27.261],[-51.327,-27.259],[-51.322,-27.252],[-51.312,-27.252],[-51.311,-27.248],[-51.314,-27.241],[-51.306,-27.237],[-51.298,-27.232],[-51.298,-27.225],[-51.294,-27.218],[-51.287,-27.214],[-51.281,-27.213],[-51.278,-27.22],[-51.27,-27.223],[-51.267,-27.228],[-51.263,-27.229],[-51.258,-27.234],[-51.25,-27.231],[-51.245,-27.233],[-51.244,-27.232],[-51.228,-27.233],[-51.227,-27.237],[-51.221,-27.236],[-51.217,-27.242],[-51.211,-27.246],[-51.215,-27.249],[-51.211,-27.254],[-51.21,-27.26],[-51.206,-27.26],[-51.201,-27.266],[-51.193,-27.268],[-51.188,-27.271],[-51.182,-27.278],[-51.174,-27.28],[-51.167,-27.278],[-51.164,-27.28],[-51.165,-27.284],[-51.158,-27.287],[-51.156,-27.282],[-51.151,-27.276],[-51.146,-27.274],[-51.143,-27.269],[-51.146,-27.265],[-51.145,-27.261],[-51.14,-27.26],[-51.132,-27.26],[-51.128,-27.254],[-51.125,-27.253],[-51.121,-27.254],[-51.117,-27.246],[-51.113,-27.239],[-51.107,-27.244],[-51.094,-27.247],[-51.094,-27.251],[-51.091,-27.252],[-51.087,-27.251],[-51.081,-27.254],[-51.079,-27.25],[-51.071,-27.252],[-51.066,-27.252],[-51.065,-27.249],[-51.063,-27.248],[-51.062,-27.244],[-51.054,-27.246],[-51.052,-27.242],[-51.046,-27.237],[-51.038,-27.237],[-51.036,-27.233],[-51.028,-27.234],[-51.022,-27.239],[-51.024,-27.242],[-51.017,-27.245],[-51.015,-27.25],[-51.015,-27.255],[-51.02,-27.256],[-51.018,-27.26],[-51.011,-27.263],[-51.003,-27.272],[-51.005,-27.276],[-51.0,-27.276],[-50.983,-27.271],[-50.984,-27.263],[-50.987,-27.256],[-50.985,-27.254],[-50.989,-27.25],[-50.983,-27.246],[-50.973,-27.243],[-50.971,-27.239],[-50.959,-27.239],[-50.953,-27.238],[-50.952,-27.236],[-50.911,-27.207],[-50.909,-27.21],[-50.904,-27.207],[-50.9,-27.208],[-50.899,-27.206],[-50.893,-27.209],[-50.896,-27.211],[-50.897,-27.215],[-50.896,-27.222],[-50.89,-27.223],[-50.886,-27.23],[-50.891,-27.23],[-50.894,-27.235],[-50.891,-27.233],[-50.881,-27.233],[-50.881,-27.231],[-50.877,-27.23],[-50.874,-27.232],[-50.873,-27.238],[-50.868,-27.243],[-50.86,-27.239],[-50.861,-27.242],[-50.858,-27.242],[-50.857,-27.247],[-50.854,-27.247],[-50.852,-27.251],[-50.86,-27.257],[-50.863,-27.258],[-50.866,-27.262],[-50.869,-27.264],[-50.873,-27.272],[-50.875,-27.273],[-50.883,-27.272],[-50.889,-27.272],[-50.893,-27.271],[-50.899,-27.272],[-50.904,-27.277],[-50.912,-27.277],[-50.914,-27.281],[-50.918,-27.283],[-50.918,-27.286],[-50.922,-27.285],[-50.927,-27.291],[-50.933,-27.292],[-50.932,-27.297],[-50.935,-27.299],[-50.934,-27.302],[-50.93,-27.304],[-50.932,-27.31],[-50.944,-27.315],[-50.944,-27.318],[-50.942,-27.318],[-50.937,-27.323],[-50.932,-27.325],[-50.932,-27.327],[-50.939,-27.331],[-50.948,-27.332],[-50.957,-27.335],[-50.97,-27.337],[-50.972,-27.345],[-50.971,-27.349],[-50.968,-27.352],[-50.968,-27.354],[-50.968,-27.362],[-50.964,-27.367],[-50.965,-27.37],[-50.96,-27.379],[-50.967,-27.382],[-50.973,-27.381],[-50.977,-27.387],[-50.978,-27.396],[-50.98,-27.398],[-50.992,-27.403],[-50.992,-27.401],[-50.999,-27.396],[-51.003,-27.394],[-51.008,-27.396],[-51.013,-27.394],[-51.017,-27.396],[-51.021,-27.393],[-51.028,-27.389],[-51.032,-27.392],[-51.036,-27.391],[-51.043,-27.394],[-51.044,-27.391],[-51.049,-27.392],[-51.048,-27.395],[-51.052,-27.401],[-51.063,-27.403],[-51.069,-27.405],[-51.07,-27.409],[-51.074,-27.412],[-51.081,-27.415],[-51.079,-27.418],[-51.086,-27.418],[-51.09,-27.416],[-51.095,-27.418],[-51.098,-27.423],[-51.103,-27.423],[-51.097,-27.434],[-51.093,-27.435],[-51.087,-27.44],[-51.08,-27.439],[-51.07,-27.443],[-51.065,-27.44],[-51.066,-27.455],[-51.062,-27.456],[-51.057,-27.46],[-51.056,-27.469],[-51.058,-27.47],[-51.048,-27.494],[-51.054,-27.497],[-51.063,-27.505],[-51.073,-27.511]]]}},{"type":"Feature","properties":{"c":"4203709"},"geometry":{"type":"Polygon","coordinates":[[[-48.794,-27.353],[-48.801,-27.358],[-48.802,-27.355],[-48.797,-27.351],[-48.796,-27.345],[-48.801,-27.334],[-48.799,-27.329],[-48.795,-27.325],[-48.794,-27.319],[-48.801,-27.307],[-48.799,-27.303],[-48.796,-27.302],[-48.798,-27.296],[-48.793,-27.288],[-48.794,-27.286],[-48.786,-27.278],[-48.786,-27.276],[-48.796,-27.275],[-48.798,-27.28],[-48.8,-27.276],[-48.804,-27.274],[-48.809,-27.275],[-48.813,-27.271],[-48.812,-27.269],[-48.816,-27.264],[-48.817,-27.261],[-48.813,-27.257],[-48.813,-27.252],[-48.816,-27.249],[-48.82,-27.25],[-48.828,-27.241],[-48.829,-27.238],[-48.834,-27.237],[-48.835,-27.232],[-48.843,-27.227],[-48.852,-27.224],[-48.861,-27.224],[-48.865,-27.222],[-48.865,-27.22],[-48.871,-27.217],[-48.876,-27.219],[-48.879,-27.215],[-48.889,-27.214],[-48.894,-27.217],[-48.897,-27.214],[-48.893,-27.208],[-48.893,-27.204],[-48.887,-27.199],[-48.887,-27.192],[-48.883,-27.189],[-48.882,-27.184],[-48.877,-27.176],[-48.87,-27.175],[-48.864,-27.169],[-48.866,-27.165],[-48.862,-27.163],[-48.856,-27.163],[-48.849,-27.157],[-48.843,-27.158],[-48.835,-27.151],[-48.824,-27.139],[-48.818,-27.138],[-48.812,-27.135],[-48.806,-27.142],[-48.803,-27.141],[-48.8,-27.146],[-48.799,-27.155],[-48.794,-27.162],[-48.796,-27.162],[-48.796,-27.166],[-48.804,-27.174],[-48.798,-27.176],[-48.798,-27.182],[-48.802,-27.184],[-48.804,-27.189],[-48.803,-27.194],[-48.799,-27.194],[-48.795,-27.196],[-48.789,-27.205],[-48.78,-27.211],[-48.772,-27.212],[-48.772,-27.218],[-48.769,-27.224],[-48.765,-27.227],[-48.764,-27.229],[-48.756,-27.231],[-48.756,-27.232],[-48.749,-27.233],[-48.745,-27.239],[-48.744,-27.245],[-48.746,-27.248],[-48.744,-27.249],[-48.742,-27.253],[-48.744,-27.259],[-48.749,-27.262],[-48.741,-27.265],[-48.743,-27.27],[-48.739,-27.268],[-48.734,-27.268],[-48.731,-27.263],[-48.726,-27.263],[-48.723,-27.266],[-48.717,-27.265],[-48.72,-27.263],[-48.715,-27.261],[-48.715,-27.264],[-48.711,-27.262],[-48.709,-27.266],[-48.704,-27.267],[-48.705,-27.265],[-48.701,-27.265],[-48.701,-27.271],[-48.708,-27.276],[-48.716,-27.277],[-48.717,-27.28],[-48.72,-27.279],[-48.723,-27.283],[-48.73,-27.287],[-48.732,-27.286],[-48.738,-27.289],[-48.742,-27.294],[-48.739,-27.298],[-48.741,-27.303],[-48.744,-27.307],[-48.757,-27.316],[-48.759,-27.316],[-48.765,-27.324],[-48.772,-27.326],[-48.77,-27.328],[-48.773,-27.332],[-48.779,-27.336],[-48.784,-27.338],[-48.784,-27.342],[-48.794,-27.353]]]}},{"type":"Feature","properties":{"c":"4203808"},"geometry":{"type":"Polygon","coordinates":[[[-50.296,-26.287],[-50.294,-26.292],[-50.299,-26.295],[-50.303,-26.296],[-50.305,-26.294],[-50.307,-26.296],[-50.311,-26.294],[-50.314,-26.297],[-50.318,-26.293],[-50.32,-26.296],[-50.324,-26.296],[-50.327,-26.3],[-50.33,-26.302],[-50.331,-26.305],[-50.336,-26.308],[-50.339,-26.306],[-50.345,-26.312],[-50.347,-26.317],[-50.357,-26.321],[-50.363,-26.325],[-50.371,-26.335],[-50.373,-26.334],[-50.38,-26.339],[-50.384,-26.338],[-50.387,-26.34],[-50.394,-26.341],[-50.395,-26.344],[-50.4,-26.345],[-50.4,-26.338],[-50.396,-26.335],[-50.395,-26.331],[-50.396,-26.326],[-50.394,-26.32],[-50.397,-26.317],[-50.407,-26.314],[-50.408,-26.309],[-50.408,-26.303],[-50.404,-26.297],[-50.404,-26.289],[-50.408,-26.287],[-50.41,-26.283],[-50.413,-26.283],[-50.418,-26.28],[-50.421,-26.274],[-50.42,-26.271],[-50.422,-26.267],[-50.426,-26.267],[-50.428,-26.262],[-50.427,-26.259],[-50.428,-26.253],[-50.431,-26.253],[-50.432,-26.248],[-50.431,-26.246],[-50.435,-26.244],[-50.437,-26.24],[-50.436,-26.237],[-50.463,-26.229],[-50.467,-26.233],[-50.479,-26.234],[-50.483,-26.235],[-50.502,-26.247],[-50.537,-26.254],[-50.537,-26.259],[-50.546,-26.267],[-50.547,-26.272],[-50.551,-26.274],[-50.553,-26.279],[-50.558,-26.284],[-50.564,-26.285],[-50.559,-26.287],[-50.567,-26.292],[-50.571,-26.295],[-50.567,-26.303],[-50.563,-26.302],[-50.558,-26.307],[-50.553,-26.318],[-50.555,-26.325],[-50.558,-26.33],[-50.561,-26.332],[-50.564,-26.33],[-50.565,-26.335],[-50.568,-26.336],[-50.568,-26.339],[-50.57,-26.345],[-50.575,-26.351],[-50.569,-26.355],[-50.573,-26.36],[-50.574,-26.364],[-50.581,-26.365],[-50.583,-26.371],[-50.583,-26.375],[-50.578,-26.375],[-50.575,-26.379],[-50.573,-26.389],[-50.563,-26.4],[-50.564,-26.401],[-50.568,-26.41],[-50.568,-26.415],[-50.573,-26.419],[-50.571,-26.427],[-50.572,-26.433],[-50.568,-26.436],[-50.568,-26.44],[-50.562,-26.441],[-50.558,-26.447],[-50.554,-26.448],[-50.555,-26.452],[-50.553,-26.457],[-50.543,-26.463],[-50.533,-26.464],[-50.529,-26.471],[-50.531,-26.475],[-50.534,-26.478],[-50.548,-26.486],[-50.547,-26.487],[-50.55,-26.502],[-50.552,-26.508],[-50.548,-26.508],[-50.543,-26.512],[-50.543,-26.518],[-50.538,-26.522],[-50.531,-26.549],[-50.517,-26.568],[-50.513,-26.579],[-50.516,-26.58],[-50.515,-26.583],[-50.517,-26.589],[-50.52,-26.59],[-50.52,-26.593],[-50.527,-26.603],[-50.527,-26.608],[-50.529,-26.609],[-50.533,-26.609],[-50.538,-26.606],[-50.542,-26.605],[-50.545,-26.608],[-50.551,-26.606],[-50.552,-26.609],[-50.558,-26.607],[-50.559,-26.609],[-50.564,-26.61],[-50.567,-26.608],[-50.565,-26.603],[-50.575,-26.604],[-50.576,-26.603],[-50.568,-26.598],[-50.564,-26.599],[-50.562,-26.593],[-50.568,-26.59],[-50.579,-26.584],[-50.582,-26.575],[-50.587,-26.571],[-50.598,-26.567],[-50.595,-26.566],[-50.598,-26.561],[-50.601,-26.559],[-50.603,-26.553],[-50.602,-26.55],[-50.605,-26.544],[-50.604,-26.542],[-50.61,-26.542],[-50.617,-26.539],[-50.621,-26.54],[-50.622,-26.537],[-50.627,-26.534],[-50.631,-26.534],[-50.632,-26.524],[-50.637,-26.521],[-50.639,-26.515],[-50.644,-26.511],[-50.647,-26.513],[-50.655,-26.512],[-50.654,-26.508],[-50.663,-26.504],[-50.662,-26.501],[-50.668,-26.501],[-50.669,-26.499],[-50.673,-26.5],[-50.677,-26.498],[-50.689,-26.5],[-50.697,-26.499],[-50.699,-26.5],[-50.655,-26.414],[-50.639,-26.377],[-50.647,-26.373],[-50.651,-26.374],[-50.655,-26.373],[-50.657,-26.369],[-50.655,-26.361],[-50.656,-26.357],[-50.654,-26.353],[-50.649,-26.352],[-50.645,-26.341],[-50.646,-26.338],[-50.646,-26.33],[-50.651,-26.321],[-50.655,-26.321],[-50.654,-26.318],[-50.657,-26.314],[-50.655,-26.309],[-50.656,-26.306],[-50.662,-26.303],[-50.666,-26.302],[-50.669,-26.299],[-50.672,-26.287],[-50.677,-26.286],[-50.679,-26.275],[-50.677,-26.27],[-50.67,-26.265],[-50.673,-26.26],[-50.672,-26.253],[-50.669,-26.252],[-50.672,-26.244],[-50.676,-26.24],[-50.679,-26.239],[-50.681,-26.235],[-50.679,-26.233],[-50.682,-26.228],[-50.681,-26.226],[-50.686,-26.222],[-50.688,-26.217],[-50.682,-26.214],[-50.683,-26.21],[-50.693,-26.211],[-50.696,-26.208],[-50.692,-26.205],[-50.692,-26.201],[-50.695,-26.198],[-50.702,-26.196],[-50.701,-26.188],[-50.703,-26.188],[-50.694,-26.178],[-50.686,-26.163],[-50.683,-26.154],[-50.679,-26.148],[-50.669,-26.142],[-50.66,-26.138],[-50.65,-26.132],[-50.648,-26.129],[-50.648,-26.122],[-50.656,-26.107],[-50.656,-26.101],[-50.653,-26.097],[-50.647,-26.093],[-50.644,-26.09],[-50.64,-26.079],[-50.636,-26.073],[-50.631,-26.065],[-50.626,-26.062],[-50.613,-26.065],[-50.595,-26.07],[-50.577,-26.067],[-50.571,-26.067],[-50.554,-26.059],[-50.552,-26.058],[-50.549,-26.047],[-50.551,-26.043],[-50.555,-26.042],[-50.565,-26.041],[-50.57,-26.043],[-50.576,-26.047],[-50.58,-26.048],[-50.586,-26.048],[-50.591,-26.043],[-50.592,-26.04],[-50.593,-26.027],[-50.589,-26.019],[-50.582,-26.014],[-50.579,-26.009],[-50.57,-26.002],[-50.564,-26.004],[-50.562,-26.006],[-50.56,-26.013],[-50.556,-26.018],[-50.554,-26.027],[-50.551,-26.038],[-50.545,-26.04],[-50.539,-26.036],[-50.53,-26.036],[-50.52,-26.031],[-50.513,-26.026],[-50.51,-26.027],[-50.507,-26.032],[-50.504,-26.031],[-50.501,-26.023],[-50.498,-26.023],[-50.494,-26.026],[-50.487,-26.024],[-50.479,-26.026],[-50.482,-26.032],[-50.48,-26.034],[-50.475,-26.034],[-50.477,-26.027],[-50.476,-26.023],[-50.469,-26.021],[-50.469,-26.027],[-50.461,-26.026],[-50.459,-26.028],[-50.461,-26.033],[-50.457,-26.037],[-50.456,-26.033],[-50.453,-26.031],[-50.444,-26.034],[-50.442,-26.037],[-50.446,-26.038],[-50.45,-26.041],[-50.448,-26.047],[-50.44,-26.051],[-50.437,-26.058],[-50.433,-26.062],[-50.43,-26.063],[-50.419,-26.061],[-50.412,-26.066],[-50.407,-26.066],[-50.408,-26.059],[-50.403,-26.057],[-50.401,-26.062],[-50.384,-26.071],[-50.377,-26.077],[-50.372,-26.079],[-50.368,-26.087],[-50.362,-26.093],[-50.362,-26.097],[-50.366,-26.107],[-50.37,-26.109],[-50.369,-26.112],[-50.366,-26.112],[-50.361,-26.118],[-50.356,-26.12],[-50.359,-26.121],[-50.36,-26.126],[-50.365,-26.125],[-50.361,-26.123],[-50.366,-26.119],[-50.37,-26.12],[-50.373,-26.115],[-50.378,-26.118],[-50.376,-26.121],[-50.38,-26.123],[-50.383,-26.132],[-50.384,-26.138],[-50.387,-26.144],[-50.386,-26.149],[-50.389,-26.151],[-50.389,-26.156],[-50.385,-26.159],[-50.381,-26.161],[-50.39,-26.163],[-50.388,-26.169],[-50.384,-26.167],[-50.377,-26.159],[-50.376,-26.155],[-50.368,-26.157],[-50.36,-26.159],[-50.358,-26.157],[-50.349,-26.153],[-50.348,-26.155],[-50.352,-26.158],[-50.358,-26.17],[-50.353,-26.178],[-50.353,-26.185],[-50.355,-26.188],[-50.356,-26.203],[-50.353,-26.205],[-50.345,-26.206],[-50.342,-26.204],[-50.332,-26.208],[-50.325,-26.207],[-50.326,-26.211],[-50.325,-26.215],[-50.325,-26.224],[-50.331,-26.235],[-50.336,-26.236],[-50.327,-26.239],[-50.324,-26.238],[-50.325,-26.244],[-50.322,-26.244],[-50.325,-26.253],[-50.322,-26.252],[-50.318,-26.258],[-50.319,-26.26],[-50.317,-26.268],[-50.315,-26.268],[-50.312,-26.261],[-50.308,-26.262],[-50.306,-26.259],[-50.302,-26.259],[-50.303,-26.262],[-50.3,-26.262],[-50.297,-26.264],[-50.3,-26.265],[-50.299,-26.276],[-50.295,-26.276],[-50.295,-26.279],[-50.299,-26.28],[-50.294,-26.281],[-50.296,-26.283],[-50.296,-26.287]]]}},{"type":"Feature","properties":{"c":"4203907"},"geometry":{"type":"Polygon","coordinates":[[[-51.633,-27.489],[-51.637,-27.489],[-51.643,-27.491],[-51.646,-27.497],[-51.647,-27.503],[-51.646,-27.51],[-51.647,-27.516],[-51.651,-27.52],[-51.66,-27.519],[-51.665,-27.517],[-51.676,-27.508],[-51.678,-27.505],[-51.677,-27.501],[-51.674,-27.498],[-51.673,-27.492],[-51.673,-27.488],[-51.678,-27.483],[-51.684,-27.48],[-51.692,-27.478],[-51.701,-27.48],[-51.701,-27.469],[-51.696,-27.465],[-51.694,-27.461],[-51.695,-27.452],[-51.689,-27.445],[-51.689,-27.44],[-51.686,-27.432],[-51.706,-27.426],[-51.711,-27.421],[-51.713,-27.414],[-51.712,-27.412],[-51.716,-27.411],[-51.715,-27.408],[-51.719,-27.405],[-51.724,-27.403],[-51.724,-27.401],[-51.729,-27.4],[-51.733,-27.392],[-51.731,-27.389],[-51.73,-27.375],[-51.734,-27.363],[-51.737,-27.36],[-51.735,-27.355],[-51.73,-27.357],[-51.723,-27.36],[-51.713,-27.367],[-51.706,-27.369],[-51.692,-27.369],[-51.689,-27.367],[-51.686,-27.361],[-51.689,-27.353],[-51.685,-27.352],[-51.678,-27.359],[-51.673,-27.359],[-51.67,-27.354],[-51.67,-27.351],[-51.671,-27.344],[-51.666,-27.339],[-51.659,-27.34],[-51.65,-27.35],[-51.643,-27.351],[-51.636,-27.345],[-51.631,-27.347],[-51.627,-27.352],[-51.622,-27.352],[-51.618,-27.345],[-51.602,-27.334],[-51.594,-27.335],[-51.592,-27.333],[-51.586,-27.332],[-51.581,-27.328],[-51.579,-27.331],[-51.573,-27.332],[-51.569,-27.329],[-51.565,-27.329],[-51.561,-27.336],[-51.555,-27.336],[-51.552,-27.34],[-51.552,-27.344],[-51.547,-27.349],[-51.546,-27.352],[-51.541,-27.359],[-51.542,-27.368],[-51.539,-27.369],[-51.536,-27.368],[-51.533,-27.37],[-51.533,-27.377],[-51.55,-27.383],[-51.554,-27.383],[-51.554,-27.399],[-51.553,-27.429],[-51.559,-27.438],[-51.558,-27.443],[-51.556,-27.444],[-51.556,-27.451],[-51.56,-27.458],[-51.565,-27.463],[-51.569,-27.462],[-51.574,-27.464],[-51.578,-27.47],[-51.582,-27.472],[-51.582,-27.476],[-51.59,-27.474],[-51.592,-27.475],[-51.592,-27.479],[-51.597,-27.481],[-51.597,-27.485],[-51.6,-27.487],[-51.608,-27.487],[-51.61,-27.488],[-51.61,-27.484],[-51.613,-27.482],[-51.618,-27.483],[-51.619,-27.479],[-51.63,-27.48],[-51.633,-27.489]]]}},{"type":"Feature","properties":{"c":"4203956"},"geometry":{"type":"Polygon","coordinates":[[[-48.979,-28.422],[-48.937,-28.384],[-48.938,-28.387],[-48.934,-28.393],[-48.933,-28.397],[-48.938,-28.402],[-48.937,-28.406],[-48.94,-28.412],[-48.939,-28.418],[-48.936,-28.419],[-48.936,-28.422],[-48.933,-28.424],[-48.931,-28.43],[-48.924,-28.437],[-48.923,-28.444],[-48.921,-28.446],[-48.921,-28.451],[-48.916,-28.458],[-48.914,-28.467],[-48.917,-28.474],[-48.916,-28.477],[-48.924,-28.485],[-48.925,-28.494],[-48.918,-28.495],[-48.914,-28.497],[-48.909,-28.51],[-48.9,-28.512],[-48.897,-28.514],[-48.897,-28.523],[-48.899,-28.525],[-48.904,-28.521],[-48.91,-28.521],[-48.911,-28.513],[-48.916,-28.511],[-48.92,-28.511],[-48.923,-28.513],[-48.928,-28.51],[-48.94,-28.507],[-48.945,-28.503],[-48.948,-28.493],[-48.954,-28.485],[-48.969,-28.473],[-48.974,-28.473],[-48.976,-28.469],[-48.974,-28.466],[-48.977,-28.462],[-48.981,-28.463],[-48.986,-28.46],[-48.984,-28.458],[-48.977,-28.457],[-48.977,-28.454],[-48.973,-28.453],[-48.972,-28.45],[-48.968,-28.445],[-48.97,-28.438],[-48.968,-28.433],[-48.97,-28.43],[-48.975,-28.428],[-48.975,-28.424],[-48.979,-28.422]]]}},{"type":"Feature","properties":{"c":"4204004"},"geometry":{"type":"Polygon","coordinates":[[[-51.676,-27.117],[-51.689,-27.113],[-51.693,-27.108],[-51.701,-27.105],[-51.713,-27.106],[-51.714,-27.11],[-51.721,-27.11],[-51.724,-27.112],[-51.728,-27.111],[-51.735,-27.108],[-51.742,-27.108],[-51.746,-27.106],[-51.748,-27.108],[-51.757,-27.104],[-51.762,-27.097],[-51.759,-27.093],[-51.763,-27.092],[-51.758,-27.087],[-51.76,-27.079],[-51.767,-27.083],[-51.773,-27.079],[-51.772,-27.075],[-51.776,-27.071],[-51.784,-27.079],[-51.781,-27.082],[-51.782,-27.088],[-51.79,-27.087],[-51.793,-27.083],[-51.794,-27.087],[-51.801,-27.086],[-51.803,-27.096],[-51.808,-27.093],[-51.812,-27.086],[-51.807,-27.083],[-51.811,-27.081],[-51.814,-27.084],[-51.82,-27.086],[-51.814,-27.091],[-51.822,-27.1],[-51.825,-27.098],[-51.824,-27.094],[-51.83,-27.086],[-51.831,-27.086],[-51.833,-27.083],[-51.833,-27.075],[-51.831,-27.066],[-51.827,-27.065],[-51.82,-27.06],[-51.822,-27.059],[-51.817,-27.049],[-51.808,-27.048],[-51.804,-27.044],[-51.802,-27.04],[-51.799,-27.043],[-51.794,-27.044],[-51.792,-27.046],[-51.793,-27.051],[-51.79,-27.05],[-51.787,-27.051],[-51.762,-27.05],[-51.758,-27.051],[-51.759,-27.046],[-51.764,-27.043],[-51.759,-27.041],[-51.754,-27.046],[-51.749,-27.046],[-51.745,-27.041],[-51.733,-27.04],[-51.73,-27.036],[-51.73,-27.032],[-51.726,-27.03],[-51.725,-27.027],[-51.721,-27.026],[-51.701,-27.005],[-51.691,-27.007],[-51.684,-27.008],[-51.683,-27.006],[-51.685,-27.002],[-51.684,-26.998],[-51.688,-26.997],[-51.695,-26.991],[-51.697,-26.986],[-51.69,-26.971],[-51.687,-26.969],[-51.686,-26.965],[-51.681,-26.958],[-51.673,-26.955],[-51.668,-26.959],[-51.663,-26.954],[-51.652,-26.948],[-51.652,-26.946],[-51.64,-26.946],[-51.633,-26.943],[-51.631,-26.947],[-51.635,-26.952],[-51.634,-26.956],[-51.636,-26.962],[-51.635,-26.966],[-51.632,-26.971],[-51.629,-26.979],[-51.609,-26.979],[-51.609,-26.983],[-51.613,-26.985],[-51.617,-26.993],[-51.612,-26.998],[-51.615,-27.002],[-51.613,-27.013],[-51.613,-27.019],[-51.618,-27.028],[-51.616,-27.035],[-51.619,-27.038],[-51.619,-27.041],[-51.624,-27.043],[-51.626,-27.049],[-51.624,-27.056],[-51.622,-27.059],[-51.626,-27.06],[-51.626,-27.063],[-51.636,-27.067],[-51.636,-27.071],[-51.632,-27.076],[-51.633,-27.079],[-51.64,-27.081],[-51.644,-27.087],[-51.641,-27.09],[-51.646,-27.093],[-51.65,-27.098],[-51.649,-27.103],[-51.659,-27.106],[-51.661,-27.113],[-51.668,-27.118],[-51.673,-27.119],[-51.676,-27.117]]]}},{"type":"Feature","properties":{"c":"4204103"},"geometry":{"type":"Polygon","coordinates":[[[-52.852,-27.113],[-52.85,-27.115],[-52.853,-27.117],[-52.85,-27.121],[-52.852,-27.124],[-52.857,-27.122],[-52.859,-27.127],[-52.856,-27.132],[-52.853,-27.13],[-52.851,-27.135],[-52.848,-27.137],[-52.845,-27.135],[-52.843,-27.137],[-52.84,-27.135],[-52.836,-27.137],[-52.837,-27.139],[-52.837,-27.147],[-52.843,-27.145],[-52.844,-27.148],[-52.838,-27.152],[-52.838,-27.157],[-52.846,-27.158],[-52.852,-27.169],[-52.851,-27.17],[-52.856,-27.17],[-52.867,-27.173],[-52.877,-27.177],[-52.885,-27.183],[-52.891,-27.19],[-52.899,-27.197],[-52.907,-27.201],[-52.918,-27.203],[-52.929,-27.204],[-52.937,-27.201],[-52.938,-27.197],[-52.936,-27.178],[-52.938,-27.171],[-52.942,-27.166],[-52.95,-27.163],[-52.957,-27.163],[-52.961,-27.169],[-52.966,-27.181],[-52.968,-27.19],[-52.969,-27.213],[-52.971,-27.218],[-52.979,-27.221],[-52.984,-27.221],[-52.992,-27.218],[-53.0,-27.207],[-53.003,-27.198],[-53.001,-27.187],[-52.998,-27.182],[-52.985,-27.17],[-52.983,-27.165],[-52.983,-27.159],[-52.985,-27.153],[-52.992,-27.14],[-52.984,-27.139],[-52.983,-27.136],[-52.986,-27.135],[-52.988,-27.132],[-52.983,-27.128],[-52.976,-27.129],[-52.971,-27.127],[-52.97,-27.123],[-52.964,-27.12],[-52.96,-27.115],[-52.963,-27.112],[-52.96,-27.109],[-52.959,-27.101],[-52.955,-27.099],[-52.952,-27.103],[-52.949,-27.103],[-52.951,-27.099],[-52.946,-27.096],[-52.943,-27.097],[-52.943,-27.091],[-52.942,-27.089],[-52.938,-27.093],[-52.934,-27.093],[-52.935,-27.089],[-52.931,-27.089],[-52.931,-27.085],[-52.927,-27.084],[-52.924,-27.089],[-52.914,-27.085],[-52.906,-27.082],[-52.898,-27.086],[-52.89,-27.086],[-52.881,-27.091],[-52.861,-27.102],[-52.861,-27.105],[-52.856,-27.108],[-52.852,-27.113]]]}},{"type":"Feature","properties":{"c":"4204152"},"geometry":{"type":"Polygon","coordinates":[[[-51.457,-27.607],[-51.449,-27.599],[-51.447,-27.592],[-51.44,-27.585],[-51.433,-27.581],[-51.43,-27.577],[-51.428,-27.572],[-51.425,-27.568],[-51.42,-27.566],[-51.416,-27.572],[-51.411,-27.589],[-51.408,-27.594],[-51.398,-27.596],[-51.384,-27.596],[-51.377,-27.599],[-51.375,-27.611],[-51.365,-27.615],[-51.361,-27.614],[-51.355,-27.608],[-51.353,-27.599],[-51.349,-27.594],[-51.345,-27.592],[-51.343,-27.594],[-51.336,-27.601],[-51.331,-27.6],[-51.323,-27.603],[-51.315,-27.602],[-51.311,-27.614],[-51.304,-27.62],[-51.297,-27.622],[-51.295,-27.625],[-51.286,-27.63],[-51.274,-27.633],[-51.263,-27.633],[-51.254,-27.632],[-51.25,-27.627],[-51.249,-27.614],[-51.247,-27.61],[-51.239,-27.604],[-51.233,-27.601],[-51.227,-27.6],[-51.219,-27.606],[-51.217,-27.615],[-51.215,-27.619],[-51.213,-27.625],[-51.206,-27.628],[-51.208,-27.633],[-51.206,-27.636],[-51.201,-27.635],[-51.198,-27.637],[-51.195,-27.645],[-51.199,-27.646],[-51.194,-27.65],[-51.193,-27.655],[-51.194,-27.658],[-51.2,-27.662],[-51.2,-27.665],[-51.205,-27.667],[-51.211,-27.671],[-51.209,-27.677],[-51.212,-27.686],[-51.213,-27.694],[-51.223,-27.723],[-51.227,-27.719],[-51.236,-27.72],[-51.244,-27.729],[-51.253,-27.731],[-51.26,-27.737],[-51.264,-27.739],[-51.273,-27.736],[-51.273,-27.73],[-51.274,-27.726],[-51.278,-27.723],[-51.283,-27.723],[-51.294,-27.725],[-51.301,-27.724],[-51.307,-27.721],[-51.31,-27.718],[-51.31,-27.713],[-51.303,-27.706],[-51.302,-27.703],[-51.311,-27.696],[-51.313,-27.692],[-51.313,-27.679],[-51.315,-27.675],[-51.319,-27.673],[-51.327,-27.671],[-51.332,-27.671],[-51.34,-27.674],[-51.35,-27.68],[-51.36,-27.679],[-51.37,-27.672],[-51.375,-27.667],[-51.378,-27.66],[-51.377,-27.657],[-51.37,-27.64],[-51.372,-27.634],[-51.381,-27.625],[-51.384,-27.624],[-51.389,-27.624],[-51.395,-27.626],[-51.405,-27.632],[-51.41,-27.64],[-51.412,-27.647],[-51.415,-27.652],[-51.419,-27.655],[-51.427,-27.656],[-51.432,-27.656],[-51.437,-27.652],[-51.438,-27.644],[-51.436,-27.634],[-51.437,-27.63],[-51.445,-27.619],[-51.457,-27.607]]]}},{"type":"Feature","properties":{"c":"4204178"},"geometry":{"type":"Polygon","coordinates":[[[-50.959,-27.646],[-50.961,-27.642],[-50.969,-27.634],[-50.973,-27.631],[-50.985,-27.625],[-50.992,-27.619],[-50.994,-27.614],[-50.993,-27.61],[-50.987,-27.605],[-50.97,-27.601],[-50.963,-27.598],[-50.955,-27.598],[-50.955,-27.591],[-50.958,-27.587],[-50.964,-27.585],[-50.971,-27.577],[-50.969,-27.572],[-50.967,-27.57],[-50.956,-27.569],[-50.945,-27.571],[-50.941,-27.573],[-50.935,-27.58],[-50.931,-27.582],[-50.925,-27.581],[-50.919,-27.576],[-50.912,-27.574],[-50.905,-27.575],[-50.901,-27.573],[-50.898,-27.575],[-50.899,-27.578],[-50.897,-27.587],[-50.89,-27.591],[-50.887,-27.587],[-50.882,-27.586],[-50.88,-27.588],[-50.882,-27.591],[-50.887,-27.596],[-50.886,-27.607],[-50.882,-27.61],[-50.875,-27.602],[-50.872,-27.605],[-50.865,-27.605],[-50.862,-27.607],[-50.864,-27.612],[-50.86,-27.617],[-50.86,-27.62],[-50.857,-27.621],[-50.857,-27.625],[-50.863,-27.631],[-50.86,-27.643],[-50.861,-27.65],[-50.858,-27.658],[-50.855,-27.663],[-50.855,-27.675],[-50.853,-27.681],[-50.851,-27.682],[-50.85,-27.69],[-50.847,-27.694],[-50.848,-27.7],[-50.854,-27.731],[-50.847,-27.741],[-50.845,-27.749],[-50.842,-27.752],[-50.843,-27.763],[-50.848,-27.765],[-50.849,-27.77],[-50.853,-27.769],[-50.855,-27.772],[-50.86,-27.774],[-50.858,-27.779],[-50.86,-27.781],[-50.859,-27.784],[-50.856,-27.784],[-50.856,-27.788],[-50.861,-27.79],[-50.863,-27.793],[-50.859,-27.796],[-50.863,-27.802],[-50.861,-27.808],[-50.857,-27.81],[-50.858,-27.816],[-50.86,-27.818],[-50.867,-27.819],[-50.871,-27.828],[-50.871,-27.838],[-50.876,-27.841],[-50.875,-27.848],[-50.878,-27.855],[-50.877,-27.858],[-50.879,-27.864],[-50.878,-27.866],[-50.881,-27.869],[-50.881,-27.871],[-50.884,-27.873],[-50.889,-27.882],[-50.888,-27.885],[-50.891,-27.886],[-50.89,-27.894],[-50.891,-27.896],[-50.897,-27.895],[-50.906,-27.898],[-50.908,-27.896],[-50.91,-27.898],[-50.917,-27.896],[-50.921,-27.902],[-50.927,-27.904],[-50.927,-27.907],[-50.925,-27.908],[-50.923,-27.912],[-50.925,-27.914],[-50.922,-27.918],[-50.924,-27.922],[-50.929,-27.923],[-50.926,-27.929],[-50.928,-27.93],[-50.935,-27.927],[-50.935,-27.931],[-50.942,-27.931],[-50.945,-27.932],[-50.955,-27.932],[-50.961,-27.935],[-50.959,-27.94],[-50.962,-27.945],[-50.97,-27.945],[-50.978,-27.948],[-50.982,-27.941],[-50.986,-27.941],[-50.994,-27.946],[-50.997,-27.953],[-51.001,-27.962],[-51.005,-27.965],[-51.009,-27.964],[-51.019,-27.957],[-51.021,-27.951],[-51.022,-27.945],[-51.016,-27.933],[-51.016,-27.926],[-51.02,-27.922],[-51.037,-27.915],[-51.041,-27.912],[-51.051,-27.908],[-51.056,-27.904],[-51.058,-27.897],[-51.056,-27.883],[-51.053,-27.874],[-51.053,-27.869],[-51.043,-27.868],[-51.037,-27.863],[-51.036,-27.859],[-51.031,-27.855],[-51.028,-27.849],[-51.024,-27.848],[-51.022,-27.842],[-51.019,-27.84],[-51.021,-27.838],[-51.014,-27.833],[-51.011,-27.834],[-51.003,-27.828],[-51.004,-27.825],[-51.001,-27.827],[-50.998,-27.823],[-50.989,-27.819],[-50.982,-27.822],[-50.974,-27.819],[-50.971,-27.819],[-50.965,-27.823],[-50.956,-27.821],[-50.953,-27.818],[-50.949,-27.816],[-50.946,-27.817],[-50.941,-27.815],[-50.934,-27.817],[-50.959,-27.782],[-50.958,-27.776],[-50.96,-27.77],[-50.957,-27.767],[-50.96,-27.757],[-50.966,-27.752],[-50.959,-27.751],[-50.956,-27.754],[-50.951,-27.754],[-50.948,-27.755],[-50.944,-27.753],[-50.941,-27.753],[-50.933,-27.748],[-50.931,-27.745],[-50.927,-27.742],[-50.92,-27.732],[-50.921,-27.729],[-50.918,-27.723],[-50.916,-27.72],[-50.915,-27.711],[-50.918,-27.706],[-50.916,-27.702],[-50.914,-27.692],[-50.91,-27.689],[-50.91,-27.684],[-50.907,-27.684],[-50.905,-27.681],[-50.908,-27.679],[-50.91,-27.681],[-50.918,-27.673],[-50.924,-27.68],[-50.925,-27.677],[-50.929,-27.674],[-50.927,-27.673],[-50.93,-27.668],[-50.935,-27.67],[-50.936,-27.673],[-50.941,-27.67],[-50.945,-27.672],[-50.947,-27.67],[-50.945,-27.667],[-50.946,-27.665],[-50.943,-27.662],[-50.939,-27.656],[-50.945,-27.648],[-50.948,-27.647],[-50.953,-27.651],[-50.956,-27.644],[-50.959,-27.646]]]}},{"type":"Feature","properties":{"c":"4204194"},"geometry":{"type":"Polygon","coordinates":[[[-49.592,-27.571],[-49.594,-27.568],[-49.589,-27.564],[-49.588,-27.558],[-49.583,-27.554],[-49.578,-27.552],[-49.577,-27.547],[-49.57,-27.537],[-49.567,-27.536],[-49.566,-27.531],[-49.56,-27.526],[-49.556,-27.519],[-49.55,-27.516],[-49.546,-27.512],[-49.542,-27.511],[-49.537,-27.513],[-49.533,-27.52],[-49.524,-27.519],[-49.518,-27.525],[-49.512,-27.523],[-49.512,-27.526],[-49.507,-27.526],[-49.502,-27.528],[-49.502,-27.531],[-49.494,-27.535],[-49.492,-27.535],[-49.49,-27.545],[-49.486,-27.553],[-49.486,-27.557],[-49.483,-27.557],[-49.478,-27.555],[-49.47,-27.556],[-49.473,-27.566],[-49.476,-27.57],[-49.481,-27.571],[-49.48,-27.574],[-49.487,-27.579],[-49.487,-27.583],[-49.497,-27.585],[-49.496,-27.594],[-49.498,-27.594],[-49.501,-27.598],[-49.502,-27.597],[-49.507,-27.601],[-49.513,-27.601],[-49.522,-27.605],[-49.527,-27.605],[-49.53,-27.609],[-49.539,-27.611],[-49.544,-27.613],[-49.549,-27.612],[-49.548,-27.615],[-49.551,-27.618],[-49.557,-27.618],[-49.56,-27.621],[-49.569,-27.625],[-49.567,-27.628],[-49.574,-27.632],[-49.58,-27.63],[-49.582,-27.634],[-49.582,-27.639],[-49.588,-27.644],[-49.596,-27.645],[-49.597,-27.648],[-49.601,-27.649],[-49.609,-27.651],[-49.617,-27.66],[-49.624,-27.661],[-49.628,-27.663],[-49.635,-27.662],[-49.638,-27.66],[-49.637,-27.655],[-49.64,-27.648],[-49.637,-27.641],[-49.634,-27.64],[-49.624,-27.628],[-49.625,-27.627],[-49.62,-27.622],[-49.621,-27.619],[-49.622,-27.613],[-49.621,-27.61],[-49.623,-27.607],[-49.619,-27.596],[-49.616,-27.59],[-49.615,-27.586],[-49.612,-27.585],[-49.601,-27.578],[-49.598,-27.579],[-49.59,-27.574],[-49.592,-27.571]]]}},{"type":"Feature","properties":{"c":"4204202"},"geometry":{"type":"Polygon","coordinates":[[[-52.586,-27.031],[-52.586,-27.035],[-52.577,-27.036],[-52.571,-27.041],[-52.572,-27.045],[-52.571,-27.049],[-52.572,-27.051],[-52.56,-27.052],[-52.557,-27.054],[-52.555,-27.06],[-52.56,-27.058],[-52.563,-27.059],[-52.556,-27.064],[-52.555,-27.069],[-52.552,-27.071],[-52.546,-27.071],[-52.545,-27.069],[-52.539,-27.078],[-52.537,-27.073],[-52.533,-27.076],[-52.531,-27.081],[-52.526,-27.079],[-52.522,-27.082],[-52.517,-27.082],[-52.514,-27.085],[-52.518,-27.089],[-52.515,-27.091],[-52.516,-27.094],[-52.512,-27.093],[-52.509,-27.094],[-52.499,-27.1],[-52.481,-27.112],[-52.489,-27.114],[-52.5,-27.112],[-52.501,-27.115],[-52.506,-27.117],[-52.501,-27.127],[-52.489,-27.134],[-52.489,-27.142],[-52.501,-27.144],[-52.508,-27.14],[-52.51,-27.146],[-52.518,-27.148],[-52.508,-27.155],[-52.507,-27.16],[-52.511,-27.161],[-52.515,-27.164],[-52.524,-27.166],[-52.52,-27.178],[-52.528,-27.179],[-52.52,-27.19],[-52.514,-27.191],[-52.52,-27.195],[-52.521,-27.198],[-52.52,-27.203],[-52.525,-27.208],[-52.529,-27.208],[-52.535,-27.211],[-52.536,-27.218],[-52.543,-27.219],[-52.544,-27.221],[-52.537,-27.23],[-52.537,-27.234],[-52.545,-27.235],[-52.545,-27.241],[-52.547,-27.239],[-52.553,-27.239],[-52.561,-27.248],[-52.566,-27.249],[-52.583,-27.247],[-52.589,-27.247],[-52.594,-27.25],[-52.605,-27.261],[-52.611,-27.264],[-52.618,-27.266],[-52.633,-27.265],[-52.645,-27.262],[-52.647,-27.259],[-52.65,-27.25],[-52.655,-27.242],[-52.66,-27.238],[-52.668,-27.238],[-52.672,-27.241],[-52.676,-27.246],[-52.678,-27.252],[-52.677,-27.263],[-52.68,-27.272],[-52.686,-27.281],[-52.689,-27.284],[-52.695,-27.284],[-52.703,-27.279],[-52.707,-27.275],[-52.707,-27.271],[-52.706,-27.263],[-52.706,-27.256],[-52.711,-27.244],[-52.714,-27.238],[-52.721,-27.235],[-52.727,-27.236],[-52.734,-27.243],[-52.739,-27.254],[-52.742,-27.258],[-52.749,-27.26],[-52.756,-27.258],[-52.761,-27.254],[-52.763,-27.249],[-52.764,-27.243],[-52.763,-27.238],[-52.758,-27.226],[-52.758,-27.217],[-52.761,-27.213],[-52.768,-27.21],[-52.775,-27.208],[-52.786,-27.206],[-52.784,-27.199],[-52.786,-27.196],[-52.786,-27.193],[-52.778,-27.192],[-52.775,-27.187],[-52.772,-27.186],[-52.768,-27.189],[-52.763,-27.189],[-52.757,-27.192],[-52.754,-27.19],[-52.749,-27.191],[-52.748,-27.186],[-52.75,-27.184],[-52.747,-27.182],[-52.753,-27.177],[-52.746,-27.172],[-52.749,-27.169],[-52.745,-27.166],[-52.742,-27.168],[-52.736,-27.167],[-52.734,-27.164],[-52.731,-27.163],[-52.732,-27.161],[-52.726,-27.158],[-52.726,-27.155],[-52.722,-27.153],[-52.724,-27.146],[-52.723,-27.138],[-52.718,-27.133],[-52.715,-27.133],[-52.716,-27.126],[-52.714,-27.125],[-52.711,-27.118],[-52.71,-27.109],[-52.706,-27.105],[-52.709,-27.098],[-52.707,-27.096],[-52.732,-27.084],[-52.729,-27.081],[-52.734,-27.074],[-52.734,-27.07],[-52.735,-27.064],[-52.734,-27.058],[-52.731,-27.058],[-52.729,-27.053],[-52.731,-27.046],[-52.728,-27.048],[-52.723,-27.045],[-52.722,-27.04],[-52.723,-27.037],[-52.729,-27.026],[-52.729,-27.021],[-52.738,-27.016],[-52.741,-27.011],[-52.745,-27.015],[-52.75,-27.017],[-52.76,-27.014],[-52.763,-27.016],[-52.762,-27.018],[-52.77,-27.033],[-52.769,-27.037],[-52.774,-27.043],[-52.774,-27.047],[-52.776,-27.047],[-52.779,-27.053],[-52.785,-27.053],[-52.795,-27.05],[-52.8,-27.05],[-52.805,-27.047],[-52.808,-27.051],[-52.811,-27.051],[-52.824,-27.047],[-52.826,-27.044],[-52.832,-27.044],[-52.834,-27.046],[-52.84,-27.044],[-52.84,-27.018],[-52.83,-27.017],[-52.821,-27.018],[-52.769,-26.995],[-52.762,-26.963],[-52.758,-26.942],[-52.754,-26.938],[-52.753,-26.941],[-52.746,-26.943],[-52.747,-26.939],[-52.739,-26.942],[-52.737,-26.949],[-52.729,-26.951],[-52.726,-26.956],[-52.719,-26.961],[-52.721,-26.963],[-52.721,-26.969],[-52.717,-26.973],[-52.714,-26.982],[-52.714,-26.985],[-52.691,-26.993],[-52.686,-26.988],[-52.675,-26.995],[-52.671,-26.993],[-52.642,-26.993],[-52.637,-27.0],[-52.61,-27.035],[-52.586,-27.031]]]}},{"type":"Feature","properties":{"c":"4204251"},"geometry":{"type":"Polygon","coordinates":[[[-49.253,-28.589],[-49.251,-28.591],[-49.245,-28.591],[-49.25,-28.594],[-49.254,-28.593],[-49.267,-28.599],[-49.272,-28.606],[-49.286,-28.613],[-49.287,-28.617],[-49.292,-28.621],[-49.298,-28.62],[-49.303,-28.622],[-49.309,-28.621],[-49.315,-28.626],[-49.321,-28.627],[-49.325,-28.624],[-49.332,-28.625],[-49.333,-28.631],[-49.337,-28.634],[-49.356,-28.637],[-49.359,-28.637],[-49.362,-28.637],[-49.369,-28.634],[-49.371,-28.633],[-49.373,-28.625],[-49.376,-28.621],[-49.385,-28.613],[-49.397,-28.608],[-49.397,-28.606],[-49.402,-28.601],[-49.401,-28.595],[-49.397,-28.593],[-49.388,-28.584],[-49.386,-28.58],[-49.383,-28.578],[-49.377,-28.576],[-49.369,-28.576],[-49.365,-28.575],[-49.364,-28.571],[-49.359,-28.567],[-49.35,-28.562],[-49.345,-28.565],[-49.337,-28.567],[-49.335,-28.568],[-49.322,-28.566],[-49.316,-28.566],[-49.314,-28.564],[-49.308,-28.57],[-49.304,-28.575],[-49.3,-28.575],[-49.293,-28.579],[-49.291,-28.578],[-49.284,-28.581],[-49.278,-28.582],[-49.276,-28.587],[-49.267,-28.587],[-49.259,-28.584],[-49.254,-28.586],[-49.253,-28.589]]]}},{"type":"Feature","properties":{"c":"4204301"},"geometry":{"type":"Polygon","coordinates":[[[-52.261,-27.257],[-52.257,-27.253],[-52.247,-27.248],[-52.243,-27.248],[-52.235,-27.251],[-52.231,-27.246],[-52.228,-27.242],[-52.229,-27.238],[-52.224,-27.232],[-52.219,-27.236],[-52.211,-27.238],[-52.209,-27.237],[-52.208,-27.228],[-52.207,-27.225],[-52.208,-27.22],[-52.2,-27.22],[-52.197,-27.223],[-52.19,-27.22],[-52.191,-27.218],[-52.196,-27.218],[-52.203,-27.213],[-52.204,-27.21],[-52.201,-27.209],[-52.198,-27.213],[-52.195,-27.212],[-52.194,-27.207],[-52.193,-27.2],[-52.188,-27.195],[-52.185,-27.195],[-52.18,-27.201],[-52.178,-27.201],[-52.174,-27.198],[-52.171,-27.192],[-52.165,-27.195],[-52.161,-27.188],[-52.157,-27.189],[-52.154,-27.186],[-52.149,-27.188],[-52.141,-27.18],[-52.135,-27.188],[-52.129,-27.181],[-52.128,-27.185],[-52.117,-27.184],[-52.12,-27.173],[-52.118,-27.168],[-52.115,-27.167],[-52.11,-27.171],[-52.105,-27.17],[-52.103,-27.163],[-52.1,-27.163],[-52.094,-27.169],[-52.086,-27.17],[-52.088,-27.166],[-52.087,-27.16],[-52.092,-27.157],[-52.087,-27.152],[-52.089,-27.148],[-52.083,-27.147],[-52.08,-27.144],[-52.077,-27.145],[-52.076,-27.151],[-52.07,-27.151],[-52.068,-27.154],[-52.064,-27.148],[-52.064,-27.145],[-52.069,-27.137],[-52.064,-27.136],[-52.062,-27.133],[-52.058,-27.132],[-52.055,-27.14],[-52.057,-27.144],[-52.056,-27.147],[-52.047,-27.147],[-52.044,-27.149],[-52.043,-27.146],[-52.048,-27.143],[-52.046,-27.141],[-52.04,-27.138],[-52.033,-27.141],[-52.031,-27.144],[-52.028,-27.139],[-52.024,-27.138],[-52.018,-27.14],[-52.017,-27.138],[-52.019,-27.134],[-52.017,-27.128],[-52.015,-27.126],[-52.009,-27.126],[-52.007,-27.132],[-51.997,-27.135],[-51.996,-27.13],[-51.994,-27.125],[-51.996,-27.122],[-51.994,-27.119],[-51.989,-27.123],[-51.988,-27.118],[-51.986,-27.116],[-51.984,-27.119],[-51.978,-27.119],[-51.976,-27.105],[-51.972,-27.109],[-51.965,-27.109],[-51.963,-27.105],[-51.957,-27.107],[-51.961,-27.119],[-51.958,-27.118],[-51.953,-27.114],[-51.953,-27.12],[-51.951,-27.121],[-51.946,-27.116],[-51.942,-27.116],[-51.944,-27.118],[-51.935,-27.124],[-51.93,-27.123],[-51.93,-27.128],[-51.926,-27.127],[-51.919,-27.128],[-51.916,-27.13],[-51.917,-27.135],[-51.913,-27.134],[-51.91,-27.127],[-51.906,-27.127],[-51.903,-27.129],[-51.9,-27.125],[-51.902,-27.12],[-51.899,-27.12],[-51.895,-27.115],[-51.891,-27.114],[-51.892,-27.121],[-51.883,-27.121],[-51.875,-27.122],[-51.868,-27.128],[-51.867,-27.134],[-51.865,-27.137],[-51.856,-27.141],[-51.846,-27.142],[-51.837,-27.143],[-51.83,-27.147],[-51.822,-27.146],[-51.822,-27.153],[-51.824,-27.158],[-51.827,-27.159],[-51.827,-27.162],[-51.824,-27.168],[-51.82,-27.18],[-51.815,-27.188],[-51.813,-27.192],[-51.817,-27.195],[-51.816,-27.201],[-51.818,-27.205],[-51.814,-27.208],[-51.816,-27.211],[-51.812,-27.216],[-51.812,-27.221],[-51.813,-27.223],[-51.818,-27.221],[-51.822,-27.224],[-51.824,-27.221],[-51.827,-27.223],[-51.827,-27.226],[-51.833,-27.231],[-51.829,-27.231],[-51.828,-27.234],[-51.833,-27.234],[-51.841,-27.229],[-51.845,-27.23],[-51.842,-27.237],[-51.839,-27.238],[-51.842,-27.243],[-51.84,-27.245],[-51.838,-27.25],[-51.837,-27.247],[-51.833,-27.249],[-51.831,-27.252],[-51.827,-27.25],[-51.824,-27.25],[-51.822,-27.246],[-51.818,-27.246],[-51.811,-27.252],[-51.807,-27.25],[-51.806,-27.252],[-51.8,-27.252],[-51.795,-27.253],[-51.795,-27.258],[-51.79,-27.259],[-51.788,-27.268],[-51.79,-27.274],[-51.795,-27.277],[-51.8,-27.283],[-51.798,-27.291],[-51.802,-27.287],[-51.807,-27.284],[-51.811,-27.286],[-51.812,-27.289],[-51.822,-27.296],[-51.828,-27.302],[-51.838,-27.306],[-51.841,-27.308],[-51.844,-27.307],[-51.845,-27.311],[-51.85,-27.313],[-51.853,-27.319],[-51.859,-27.319],[-51.862,-27.316],[-51.867,-27.316],[-51.867,-27.313],[-51.872,-27.309],[-51.877,-27.309],[-51.877,-27.305],[-51.882,-27.304],[-51.884,-27.301],[-51.887,-27.303],[-51.891,-27.301],[-51.891,-27.304],[-51.897,-27.304],[-51.9,-27.3],[-51.904,-27.301],[-51.906,-27.307],[-51.912,-27.304],[-51.916,-27.307],[-51.915,-27.309],[-51.909,-27.312],[-51.911,-27.316],[-51.915,-27.317],[-51.915,-27.323],[-51.917,-27.325],[-51.923,-27.323],[-51.928,-27.328],[-51.936,-27.327],[-51.935,-27.333],[-51.939,-27.336],[-51.949,-27.332],[-51.952,-27.334],[-51.955,-27.339],[-51.949,-27.344],[-51.946,-27.348],[-51.946,-27.35],[-51.952,-27.352],[-51.959,-27.347],[-51.962,-27.341],[-51.964,-27.344],[-51.964,-27.348],[-51.958,-27.358],[-51.959,-27.362],[-51.969,-27.355],[-51.972,-27.355],[-51.973,-27.36],[-51.978,-27.361],[-51.986,-27.365],[-51.992,-27.363],[-51.993,-27.366],[-51.991,-27.37],[-51.983,-27.375],[-51.992,-27.378],[-51.997,-27.378],[-52.006,-27.375],[-52.017,-27.368],[-52.023,-27.362],[-52.023,-27.355],[-52.011,-27.347],[-52.007,-27.339],[-52.008,-27.334],[-52.015,-27.331],[-52.02,-27.332],[-52.038,-27.344],[-52.047,-27.347],[-52.054,-27.345],[-52.062,-27.341],[-52.072,-27.338],[-52.079,-27.339],[-52.082,-27.34],[-52.092,-27.347],[-52.097,-27.348],[-52.103,-27.347],[-52.107,-27.343],[-52.111,-27.337],[-52.111,-27.333],[-52.106,-27.323],[-52.106,-27.313],[-52.108,-27.31],[-52.112,-27.306],[-52.119,-27.303],[-52.126,-27.303],[-52.134,-27.304],[-52.142,-27.306],[-52.161,-27.314],[-52.166,-27.314],[-52.169,-27.309],[-52.168,-27.304],[-52.161,-27.288],[-52.159,-27.282],[-52.161,-27.276],[-52.165,-27.272],[-52.172,-27.272],[-52.18,-27.277],[-52.188,-27.286],[-52.191,-27.292],[-52.203,-27.323],[-52.206,-27.327],[-52.209,-27.331],[-52.216,-27.333],[-52.226,-27.33],[-52.228,-27.327],[-52.231,-27.318],[-52.235,-27.311],[-52.241,-27.304],[-52.248,-27.302],[-52.254,-27.302],[-52.264,-27.304],[-52.273,-27.304],[-52.278,-27.3],[-52.278,-27.297],[-52.276,-27.291],[-52.268,-27.283],[-52.26,-27.279],[-52.242,-27.276],[-52.237,-27.274],[-52.234,-27.269],[-52.235,-27.264],[-52.241,-27.261],[-52.255,-27.256],[-52.261,-27.257]]]}},{"type":"Feature","properties":{"c":"4204350"},"geometry":{"type":"Polygon","coordinates":[[[-52.717,-26.973],[-52.685,-26.942],[-52.665,-26.922],[-52.632,-26.951],[-52.615,-26.934],[-52.614,-26.937],[-52.608,-26.94],[-52.604,-26.947],[-52.604,-26.949],[-52.598,-26.958],[-52.591,-26.962],[-52.594,-26.981],[-52.588,-26.979],[-52.588,-26.974],[-52.585,-26.974],[-52.59,-27.024],[-52.586,-27.031],[-52.61,-27.035],[-52.637,-27.0],[-52.642,-26.993],[-52.671,-26.993],[-52.675,-26.995],[-52.686,-26.988],[-52.691,-26.993],[-52.714,-26.985],[-52.714,-26.982],[-52.717,-26.973]]]}},{"type":"Feature","properties":{"c":"4204400"},"geometry":{"type":"Polygon","coordinates":[[[-52.717,-26.804],[-52.699,-26.82],[-52.697,-26.819],[-52.656,-26.854],[-52.621,-26.865],[-52.621,-26.871],[-52.624,-26.875],[-52.631,-26.877],[-52.633,-26.88],[-52.626,-26.885],[-52.625,-26.89],[-52.628,-26.897],[-52.616,-26.907],[-52.632,-26.921],[-52.628,-26.922],[-52.621,-26.926],[-52.619,-26.932],[-52.615,-26.934],[-52.632,-26.951],[-52.665,-26.922],[-52.685,-26.942],[-52.717,-26.973],[-52.721,-26.969],[-52.721,-26.963],[-52.719,-26.961],[-52.726,-26.956],[-52.729,-26.951],[-52.737,-26.949],[-52.739,-26.942],[-52.747,-26.939],[-52.746,-26.943],[-52.753,-26.941],[-52.754,-26.938],[-52.758,-26.942],[-52.759,-26.938],[-52.762,-26.942],[-52.763,-26.938],[-52.772,-26.932],[-52.774,-26.932],[-52.776,-26.928],[-52.783,-26.929],[-52.788,-26.923],[-52.788,-26.919],[-52.789,-26.916],[-52.795,-26.915],[-52.798,-26.908],[-52.803,-26.905],[-52.801,-26.902],[-52.807,-26.9],[-52.81,-26.904],[-52.812,-26.902],[-52.823,-26.904],[-52.827,-26.912],[-52.831,-26.91],[-52.833,-26.914],[-52.84,-26.91],[-52.843,-26.915],[-52.849,-26.913],[-52.857,-26.917],[-52.86,-26.913],[-52.859,-26.906],[-52.855,-26.902],[-52.846,-26.895],[-52.845,-26.893],[-52.845,-26.885],[-52.843,-26.882],[-52.836,-26.879],[-52.826,-26.879],[-52.822,-26.881],[-52.826,-26.888],[-52.823,-26.89],[-52.815,-26.891],[-52.81,-26.896],[-52.803,-26.898],[-52.795,-26.891],[-52.786,-26.889],[-52.786,-26.886],[-52.789,-26.882],[-52.794,-26.88],[-52.805,-26.881],[-52.808,-26.88],[-52.819,-26.87],[-52.816,-26.865],[-52.811,-26.864],[-52.805,-26.867],[-52.8,-26.873],[-52.794,-26.875],[-52.788,-26.874],[-52.786,-26.872],[-52.788,-26.862],[-52.79,-26.86],[-52.786,-26.856],[-52.793,-26.853],[-52.797,-26.854],[-52.802,-26.849],[-52.806,-26.84],[-52.803,-26.833],[-52.805,-26.831],[-52.806,-26.828],[-52.802,-26.818],[-52.806,-26.812],[-52.807,-26.808],[-52.804,-26.804],[-52.805,-26.797],[-52.803,-26.795],[-52.795,-26.796],[-52.793,-26.795],[-52.792,-26.789],[-52.787,-26.787],[-52.784,-26.788],[-52.783,-26.791],[-52.771,-26.808],[-52.767,-26.81],[-52.764,-26.819],[-52.756,-26.828],[-52.751,-26.832],[-52.747,-26.839],[-52.744,-26.84],[-52.742,-26.832],[-52.744,-26.826],[-52.744,-26.822],[-52.74,-26.819],[-52.733,-26.817],[-52.726,-26.819],[-52.719,-26.822],[-52.713,-26.821],[-52.713,-26.816],[-52.716,-26.809],[-52.717,-26.804]]]}},{"type":"Feature","properties":{"c":"4204459"},"geometry":{"type":"Polygon","coordinates":[[[-52.611,-26.49],[-52.608,-26.498],[-52.609,-26.505],[-52.61,-26.508],[-52.616,-26.511],[-52.616,-26.514],[-52.611,-26.518],[-52.612,-26.525],[-52.608,-26.527],[-52.61,-26.532],[-52.609,-26.538],[-52.607,-26.541],[-52.614,-26.551],[-52.619,-26.55],[-52.623,-26.552],[-52.625,-26.557],[-52.636,-26.561],[-52.636,-26.564],[-52.649,-26.57],[-52.65,-26.574],[-52.648,-26.577],[-52.652,-26.585],[-52.649,-26.587],[-52.661,-26.59],[-52.659,-26.593],[-52.664,-26.597],[-52.672,-26.601],[-52.673,-26.599],[-52.677,-26.601],[-52.68,-26.598],[-52.691,-26.592],[-52.697,-26.587],[-52.704,-26.589],[-52.707,-26.586],[-52.707,-26.584],[-52.699,-26.583],[-52.696,-26.584],[-52.689,-26.584],[-52.692,-26.58],[-52.696,-26.581],[-52.7,-26.576],[-52.691,-26.573],[-52.691,-26.571],[-52.698,-26.571],[-52.707,-26.566],[-52.704,-26.563],[-52.707,-26.558],[-52.711,-26.557],[-52.714,-26.561],[-52.718,-26.555],[-52.722,-26.552],[-52.721,-26.547],[-52.728,-26.547],[-52.73,-26.542],[-52.731,-26.536],[-52.729,-26.534],[-52.731,-26.531],[-52.736,-26.531],[-52.737,-26.527],[-52.746,-26.514],[-52.755,-26.512],[-52.756,-26.509],[-52.752,-26.507],[-52.749,-26.511],[-52.746,-26.511],[-52.745,-26.506],[-52.718,-26.504],[-52.685,-26.5],[-52.691,-26.5],[-52.692,-26.498],[-52.688,-26.494],[-52.691,-26.495],[-52.695,-26.492],[-52.69,-26.491],[-52.691,-26.489],[-52.685,-26.485],[-52.67,-26.483],[-52.662,-26.483],[-52.649,-26.49],[-52.649,-26.495],[-52.633,-26.499],[-52.63,-26.499],[-52.623,-26.492],[-52.618,-26.493],[-52.611,-26.49]]]}},{"type":"Feature","properties":{"c":"4204509"},"geometry":{"type":"Polygon","coordinates":[[[-49.169,-26.308],[-49.168,-26.31],[-49.17,-26.313],[-49.168,-26.32],[-49.168,-26.322],[-49.166,-26.326],[-49.169,-26.331],[-49.167,-26.333],[-49.167,-26.337],[-49.169,-26.343],[-49.163,-26.348],[-49.16,-26.351],[-49.166,-26.355],[-49.165,-26.358],[-49.159,-26.358],[-49.162,-26.368],[-49.165,-26.368],[-49.168,-26.374],[-49.167,-26.38],[-49.176,-26.38],[-49.185,-26.384],[-49.188,-26.39],[-49.185,-26.435],[-49.193,-26.433],[-49.196,-26.435],[-49.203,-26.438],[-49.208,-26.441],[-49.208,-26.443],[-49.203,-26.442],[-49.2,-26.445],[-49.202,-26.452],[-49.211,-26.455],[-49.212,-26.459],[-49.21,-26.466],[-49.214,-26.471],[-49.212,-26.478],[-49.213,-26.486],[-49.217,-26.49],[-49.223,-26.492],[-49.225,-26.495],[-49.231,-26.497],[-49.232,-26.495],[-49.241,-26.497],[-49.248,-26.501],[-49.25,-26.505],[-49.253,-26.506],[-49.259,-26.513],[-49.262,-26.516],[-49.262,-26.519],[-49.265,-26.525],[-49.269,-26.529],[-49.277,-26.535],[-49.28,-26.536],[-49.284,-26.543],[-49.289,-26.547],[-49.291,-26.547],[-49.293,-26.543],[-49.3,-26.539],[-49.304,-26.541],[-49.31,-26.539],[-49.319,-26.542],[-49.323,-26.542],[-49.329,-26.539],[-49.332,-26.539],[-49.337,-26.533],[-49.338,-26.527],[-49.341,-26.524],[-49.346,-26.523],[-49.348,-26.519],[-49.351,-26.52],[-49.356,-26.513],[-49.354,-26.503],[-49.357,-26.498],[-49.359,-26.499],[-49.363,-26.496],[-49.366,-26.491],[-49.369,-26.491],[-49.371,-26.489],[-49.377,-26.488],[-49.378,-26.493],[-49.383,-26.492],[-49.389,-26.496],[-49.391,-26.494],[-49.396,-26.499],[-49.405,-26.501],[-49.406,-26.506],[-49.413,-26.51],[-49.417,-26.51],[-49.422,-26.504],[-49.424,-26.498],[-49.429,-26.496],[-49.433,-26.495],[-49.434,-26.492],[-49.441,-26.489],[-49.449,-26.486],[-49.45,-26.484],[-49.462,-26.478],[-49.466,-26.472],[-49.467,-26.467],[-49.47,-26.466],[-49.472,-26.459],[-49.471,-26.455],[-49.475,-26.455],[-49.479,-26.447],[-49.485,-26.446],[-49.489,-26.44],[-49.492,-26.44],[-49.494,-26.43],[-49.496,-26.428],[-49.488,-26.427],[-49.484,-26.42],[-49.475,-26.426],[-49.471,-26.423],[-49.466,-26.424],[-49.46,-26.422],[-49.455,-26.427],[-49.446,-26.427],[-49.44,-26.419],[-49.442,-26.413],[-49.44,-26.411],[-49.441,-26.405],[-49.445,-26.402],[-49.442,-26.386],[-49.437,-26.381],[-49.437,-26.373],[-49.434,-26.369],[-49.43,-26.369],[-49.423,-26.366],[-49.421,-26.361],[-49.415,-26.354],[-49.412,-26.355],[-49.407,-26.352],[-49.406,-26.354],[-49.402,-26.349],[-49.397,-26.349],[-49.392,-26.353],[-49.389,-26.354],[-49.386,-26.352],[-49.38,-26.358],[-49.367,-26.362],[-49.364,-26.36],[-49.358,-26.366],[-49.36,-26.371],[-49.357,-26.377],[-49.353,-26.378],[-49.347,-26.377],[-49.344,-26.379],[-49.34,-26.379],[-49.337,-26.384],[-49.33,-26.384],[-49.328,-26.388],[-49.324,-26.388],[-49.321,-26.386],[-49.324,-26.377],[-49.326,-26.376],[-49.319,-26.37],[-49.309,-26.371],[-49.302,-26.368],[-49.3,-26.373],[-49.297,-26.374],[-49.296,-26.371],[-49.291,-26.371],[-49.289,-26.376],[-49.284,-26.379],[-49.282,-26.376],[-49.276,-26.384],[-49.273,-26.383],[-49.275,-26.389],[-49.27,-26.386],[-49.231,-26.397],[-49.221,-26.389],[-49.221,-26.386],[-49.217,-26.385],[-49.208,-26.385],[-49.199,-26.38],[-49.199,-26.373],[-49.196,-26.371],[-49.189,-26.37],[-49.187,-26.372],[-49.181,-26.37],[-49.176,-26.366],[-49.179,-26.358],[-49.185,-26.35],[-49.186,-26.346],[-49.185,-26.338],[-49.187,-26.335],[-49.186,-26.331],[-49.181,-26.324],[-49.179,-26.315],[-49.18,-26.311],[-49.177,-26.31],[-49.171,-26.31],[-49.169,-26.308]]]}},{"type":"Feature","properties":{"c":"4204558"},"geometry":{"type":"Polygon","coordinates":[[[-50.39,-27.73],[-50.412,-27.707],[-50.416,-27.708],[-50.42,-27.702],[-50.418,-27.697],[-50.422,-27.693],[-50.418,-27.689],[-50.422,-27.684],[-50.426,-27.683],[-50.427,-27.681],[-50.424,-27.679],[-50.426,-27.677],[-50.433,-27.676],[-50.437,-27.674],[-50.44,-27.677],[-50.445,-27.676],[-50.447,-27.672],[-50.451,-27.669],[-50.455,-27.671],[-50.457,-27.668],[-50.466,-27.666],[-50.469,-27.663],[-50.471,-27.658],[-50.478,-27.655],[-50.48,-27.656],[-50.482,-27.653],[-50.48,-27.649],[-50.484,-27.646],[-50.491,-27.647],[-50.489,-27.642],[-50.491,-27.64],[-50.488,-27.635],[-50.494,-27.635],[-50.494,-27.629],[-50.5,-27.627],[-50.504,-27.63],[-50.508,-27.63],[-50.518,-27.635],[-50.522,-27.633],[-50.515,-27.625],[-50.506,-27.62],[-50.508,-27.618],[-50.507,-27.611],[-50.509,-27.607],[-50.513,-27.606],[-50.511,-27.6],[-50.512,-27.596],[-50.517,-27.596],[-50.521,-27.598],[-50.525,-27.596],[-50.53,-27.603],[-50.537,-27.606],[-50.543,-27.603],[-50.541,-27.598],[-50.535,-27.593],[-50.534,-27.589],[-50.531,-27.586],[-50.526,-27.585],[-50.524,-27.582],[-50.526,-27.578],[-50.525,-27.57],[-50.528,-27.562],[-50.533,-27.559],[-50.537,-27.561],[-50.54,-27.55],[-50.545,-27.546],[-50.546,-27.537],[-50.55,-27.534],[-50.548,-27.529],[-50.558,-27.521],[-50.557,-27.518],[-50.561,-27.514],[-50.563,-27.508],[-50.56,-27.505],[-50.569,-27.504],[-50.559,-27.499],[-50.557,-27.496],[-50.546,-27.489],[-50.542,-27.485],[-50.532,-27.486],[-50.526,-27.492],[-50.522,-27.488],[-50.526,-27.474],[-50.534,-27.472],[-50.533,-27.468],[-50.514,-27.457],[-50.507,-27.458],[-50.505,-27.46],[-50.508,-27.464],[-50.506,-27.466],[-50.499,-27.467],[-50.493,-27.463],[-50.487,-27.459],[-50.486,-27.463],[-50.483,-27.465],[-50.472,-27.469],[-50.47,-27.471],[-50.469,-27.476],[-50.472,-27.48],[-50.484,-27.48],[-50.492,-27.483],[-50.493,-27.489],[-50.489,-27.49],[-50.482,-27.488],[-50.479,-27.484],[-50.468,-27.487],[-50.46,-27.493],[-50.455,-27.495],[-50.451,-27.5],[-50.449,-27.496],[-50.453,-27.485],[-50.448,-27.478],[-50.438,-27.481],[-50.435,-27.477],[-50.432,-27.475],[-50.427,-27.478],[-50.424,-27.484],[-50.422,-27.484],[-50.419,-27.478],[-50.407,-27.475],[-50.402,-27.475],[-50.395,-27.481],[-50.392,-27.486],[-50.386,-27.489],[-50.384,-27.493],[-50.386,-27.498],[-50.385,-27.499],[-50.379,-27.499],[-50.376,-27.502],[-50.38,-27.508],[-50.379,-27.514],[-50.383,-27.521],[-50.388,-27.524],[-50.392,-27.525],[-50.393,-27.529],[-50.388,-27.534],[-50.391,-27.541],[-50.395,-27.547],[-50.404,-27.549],[-50.408,-27.547],[-50.411,-27.549],[-50.407,-27.55],[-50.401,-27.555],[-50.392,-27.558],[-50.388,-27.554],[-50.384,-27.553],[-50.382,-27.557],[-50.384,-27.561],[-50.378,-27.563],[-50.375,-27.562],[-50.368,-27.553],[-50.368,-27.551],[-50.374,-27.546],[-50.371,-27.541],[-50.366,-27.536],[-50.358,-27.54],[-50.351,-27.538],[-50.344,-27.537],[-50.338,-27.531],[-50.33,-27.529],[-50.326,-27.526],[-50.321,-27.527],[-50.318,-27.529],[-50.312,-27.529],[-50.301,-27.524],[-50.294,-27.523],[-50.286,-27.526],[-50.28,-27.53],[-50.272,-27.537],[-50.269,-27.538],[-50.261,-27.538],[-50.263,-27.533],[-50.27,-27.525],[-50.268,-27.522],[-50.261,-27.521],[-50.257,-27.519],[-50.252,-27.524],[-50.249,-27.523],[-50.252,-27.52],[-50.251,-27.517],[-50.249,-27.519],[-50.243,-27.527],[-50.241,-27.518],[-50.235,-27.515],[-50.226,-27.513],[-50.227,-27.517],[-50.234,-27.52],[-50.235,-27.528],[-50.229,-27.527],[-50.228,-27.532],[-50.224,-27.532],[-50.226,-27.54],[-50.22,-27.547],[-50.215,-27.548],[-50.216,-27.552],[-50.21,-27.554],[-50.215,-27.56],[-50.204,-27.566],[-50.207,-27.569],[-50.208,-27.575],[-50.206,-27.58],[-50.198,-27.582],[-50.202,-27.586],[-50.199,-27.59],[-50.196,-27.588],[-50.191,-27.596],[-50.194,-27.601],[-50.191,-27.6],[-50.194,-27.606],[-50.19,-27.611],[-50.192,-27.616],[-50.195,-27.618],[-50.195,-27.623],[-50.193,-27.623],[-50.193,-27.63],[-50.194,-27.633],[-50.249,-27.659],[-50.265,-27.672],[-50.273,-27.676],[-50.31,-27.678],[-50.311,-27.68],[-50.308,-27.691],[-50.305,-27.696],[-50.298,-27.7],[-50.296,-27.708],[-50.301,-27.715],[-50.299,-27.718],[-50.304,-27.722],[-50.303,-27.731],[-50.307,-27.746],[-50.309,-27.749],[-50.327,-27.75],[-50.326,-27.747],[-50.335,-27.746],[-50.338,-27.742],[-50.342,-27.741],[-50.347,-27.741],[-50.347,-27.743],[-50.353,-27.747],[-50.354,-27.74],[-50.359,-27.739],[-50.36,-27.745],[-50.367,-27.747],[-50.372,-27.742],[-50.378,-27.739],[-50.377,-27.734],[-50.379,-27.73],[-50.381,-27.734],[-50.385,-27.731],[-50.39,-27.73]]]}},{"type":"Feature","properties":{"c":"4204608"},"geometry":{"type":"Polygon","coordinates":[[[-49.398,-28.834],[-49.425,-28.815],[-49.427,-28.813],[-49.421,-28.811],[-49.425,-28.808],[-49.42,-28.807],[-49.423,-28.801],[-49.42,-28.799],[-49.419,-28.794],[-49.423,-28.793],[-49.42,-28.787],[-49.424,-28.786],[-49.427,-28.776],[-49.43,-28.774],[-49.431,-28.771],[-49.436,-28.768],[-49.431,-28.766],[-49.435,-28.766],[-49.432,-28.764],[-49.433,-28.758],[-49.428,-28.757],[-49.427,-28.754],[-49.423,-28.755],[-49.425,-28.751],[-49.418,-28.752],[-49.413,-28.745],[-49.409,-28.742],[-49.407,-28.738],[-49.41,-28.732],[-49.413,-28.725],[-49.42,-28.72],[-49.421,-28.714],[-49.423,-28.713],[-49.477,-28.713],[-49.477,-28.709],[-49.474,-28.709],[-49.475,-28.704],[-49.474,-28.697],[-49.471,-28.697],[-49.471,-28.693],[-49.467,-28.691],[-49.46,-28.681],[-49.464,-28.675],[-49.464,-28.671],[-49.455,-28.663],[-49.455,-28.657],[-49.452,-28.634],[-49.402,-28.637],[-49.383,-28.634],[-49.377,-28.636],[-49.369,-28.634],[-49.362,-28.637],[-49.359,-28.637],[-49.359,-28.64],[-49.351,-28.64],[-49.348,-28.643],[-49.342,-28.642],[-49.34,-28.646],[-49.334,-28.644],[-49.332,-28.64],[-49.324,-28.642],[-49.317,-28.641],[-49.311,-28.641],[-49.305,-28.644],[-49.299,-28.64],[-49.291,-28.638],[-49.288,-28.64],[-49.288,-28.643],[-49.284,-28.646],[-49.272,-28.652],[-49.268,-28.652],[-49.264,-28.655],[-49.262,-28.66],[-49.259,-28.661],[-49.244,-28.675],[-49.263,-28.675],[-49.274,-28.68],[-49.279,-28.679],[-49.285,-28.68],[-49.292,-28.68],[-49.306,-28.677],[-49.319,-28.68],[-49.321,-28.679],[-49.327,-28.68],[-49.333,-28.679],[-49.332,-28.708],[-49.331,-28.712],[-49.331,-28.718],[-49.335,-28.754],[-49.357,-28.755],[-49.354,-28.806],[-49.351,-28.855],[-49.398,-28.834]]]}},{"type":"Feature","properties":{"c":"4204707"},"geometry":{"type":"Polygon","coordinates":[[[-53.285,-26.924],[-53.289,-26.92],[-53.288,-26.917],[-53.283,-26.918],[-53.28,-26.916],[-53.281,-26.913],[-53.287,-26.909],[-53.286,-26.904],[-53.29,-26.902],[-53.296,-26.898],[-53.291,-26.895],[-53.286,-26.896],[-53.286,-26.892],[-53.288,-26.888],[-53.287,-26.886],[-53.283,-26.886],[-53.279,-26.891],[-53.277,-26.89],[-53.277,-26.882],[-53.282,-26.879],[-53.285,-26.873],[-53.285,-26.869],[-53.275,-26.873],[-53.274,-26.872],[-53.278,-26.868],[-53.277,-26.867],[-53.271,-26.866],[-53.27,-26.864],[-53.272,-26.861],[-53.266,-26.856],[-53.262,-26.856],[-53.263,-26.86],[-53.258,-26.858],[-53.257,-26.86],[-53.251,-26.856],[-53.261,-26.852],[-53.251,-26.846],[-53.252,-26.844],[-53.251,-26.839],[-53.248,-26.841],[-53.246,-26.847],[-53.244,-26.846],[-53.246,-26.841],[-53.237,-26.837],[-53.241,-26.836],[-53.243,-26.83],[-53.248,-26.828],[-53.245,-26.825],[-53.24,-26.825],[-53.241,-26.813],[-53.238,-26.813],[-53.234,-26.816],[-53.232,-26.811],[-53.227,-26.809],[-53.219,-26.811],[-53.216,-26.81],[-53.217,-26.803],[-53.21,-26.807],[-53.209,-26.804],[-53.204,-26.808],[-53.203,-26.802],[-53.2,-26.803],[-53.196,-26.802],[-53.191,-26.805],[-53.188,-26.804],[-53.182,-26.807],[-53.173,-26.805],[-53.166,-26.806],[-53.157,-26.801],[-53.149,-26.804],[-53.144,-26.804],[-53.143,-26.807],[-53.135,-26.808],[-53.132,-26.81],[-53.121,-26.809],[-53.121,-26.81],[-53.116,-26.815],[-53.116,-26.819],[-53.125,-26.828],[-53.13,-26.827],[-53.132,-26.825],[-53.128,-26.842],[-53.123,-26.85],[-53.116,-26.851],[-53.116,-26.853],[-53.12,-26.854],[-53.125,-26.857],[-53.125,-26.861],[-53.115,-26.868],[-53.122,-26.873],[-53.118,-26.88],[-53.117,-26.889],[-53.115,-26.891],[-53.111,-26.89],[-53.109,-26.891],[-53.104,-26.891],[-53.106,-26.895],[-53.109,-26.898],[-53.111,-26.903],[-53.112,-26.91],[-53.11,-26.92],[-53.112,-26.924],[-53.12,-26.943],[-53.129,-26.941],[-53.143,-26.944],[-53.154,-26.948],[-53.167,-26.957],[-53.172,-26.955],[-53.176,-26.951],[-53.191,-26.951],[-53.206,-26.95],[-53.208,-26.948],[-53.21,-26.94],[-53.228,-26.94],[-53.227,-26.935],[-53.233,-26.935],[-53.239,-26.937],[-53.25,-26.936],[-53.249,-26.932],[-53.251,-26.929],[-53.248,-26.928],[-53.248,-26.921],[-53.263,-26.917],[-53.264,-26.919],[-53.275,-26.919],[-53.281,-26.921],[-53.285,-26.924]]]}},{"type":"Feature","properties":{"c":"4204756"},"geometry":{"type":"Polygon","coordinates":[[[-53.108,-27.031],[-53.113,-27.027],[-53.116,-27.029],[-53.118,-27.02],[-53.122,-27.02],[-53.125,-27.015],[-53.13,-27.015],[-53.127,-27.01],[-53.125,-27.003],[-53.13,-27.003],[-53.132,-27.001],[-53.129,-26.997],[-53.136,-26.993],[-53.129,-26.992],[-53.129,-26.989],[-53.135,-26.984],[-53.126,-26.984],[-53.125,-26.975],[-53.13,-26.97],[-53.136,-26.967],[-53.138,-26.965],[-53.134,-26.958],[-53.138,-26.954],[-53.137,-26.951],[-53.143,-26.944],[-53.129,-26.941],[-53.12,-26.943],[-53.112,-26.924],[-53.106,-26.924],[-53.099,-26.927],[-53.104,-26.936],[-53.103,-26.939],[-53.087,-26.943],[-53.088,-26.946],[-53.072,-26.951],[-53.07,-26.954],[-53.063,-26.957],[-53.061,-26.956],[-53.049,-26.957],[-53.053,-26.965],[-53.047,-26.965],[-53.047,-26.968],[-53.046,-26.97],[-53.052,-26.97],[-53.052,-26.974],[-53.066,-26.983],[-53.07,-26.982],[-53.07,-26.991],[-53.09,-26.991],[-53.091,-27.002],[-53.095,-27.028],[-53.103,-27.028],[-53.108,-27.031]]]}},{"type":"Feature","properties":{"c":"4204806"},"geometry":{"type":"Polygon","coordinates":[[[-50.754,-27.422],[-50.755,-27.417],[-50.762,-27.412],[-50.77,-27.404],[-50.768,-27.401],[-50.762,-27.397],[-50.756,-27.388],[-50.758,-27.383],[-50.756,-27.38],[-50.755,-27.373],[-50.759,-27.367],[-50.757,-27.364],[-50.751,-27.364],[-50.747,-27.359],[-50.738,-27.354],[-50.738,-27.351],[-50.743,-27.352],[-50.751,-27.349],[-50.761,-27.352],[-50.764,-27.35],[-50.764,-27.346],[-50.762,-27.342],[-50.75,-27.329],[-50.751,-27.322],[-50.76,-27.319],[-50.765,-27.313],[-50.765,-27.306],[-50.766,-27.3],[-50.769,-27.286],[-50.767,-27.281],[-50.759,-27.278],[-50.755,-27.282],[-50.75,-27.282],[-50.744,-27.286],[-50.741,-27.287],[-50.733,-27.281],[-50.732,-27.278],[-50.736,-27.272],[-50.74,-27.27],[-50.748,-27.271],[-50.756,-27.27],[-50.759,-27.266],[-50.759,-27.259],[-50.749,-27.249],[-50.744,-27.249],[-50.742,-27.252],[-50.728,-27.255],[-50.728,-27.251],[-50.732,-27.247],[-50.734,-27.243],[-50.732,-27.239],[-50.736,-27.231],[-50.741,-27.227],[-50.737,-27.224],[-50.724,-27.224],[-50.722,-27.223],[-50.723,-27.215],[-50.726,-27.214],[-50.731,-27.203],[-50.726,-27.199],[-50.72,-27.192],[-50.707,-27.187],[-50.702,-27.189],[-50.681,-27.157],[-50.691,-27.153],[-50.694,-27.154],[-50.699,-27.153],[-50.703,-27.153],[-50.709,-27.147],[-50.71,-27.144],[-50.699,-27.137],[-50.697,-27.132],[-50.701,-27.132],[-50.709,-27.136],[-50.714,-27.135],[-50.716,-27.134],[-50.709,-27.127],[-50.707,-27.118],[-50.708,-27.116],[-50.713,-27.115],[-50.719,-27.112],[-50.717,-27.105],[-50.71,-27.104],[-50.708,-27.101],[-50.707,-27.097],[-50.7,-27.096],[-50.698,-27.093],[-50.688,-27.094],[-50.691,-27.084],[-50.68,-27.084],[-50.674,-27.081],[-50.672,-27.086],[-50.664,-27.088],[-50.66,-27.09],[-50.658,-27.087],[-50.652,-27.081],[-50.651,-27.078],[-50.656,-27.075],[-50.656,-27.073],[-50.646,-27.074],[-50.641,-27.071],[-50.647,-27.067],[-50.648,-27.063],[-50.642,-27.058],[-50.638,-27.056],[-50.63,-27.056],[-50.628,-27.052],[-50.623,-27.054],[-50.628,-27.057],[-50.627,-27.064],[-50.62,-27.062],[-50.61,-27.065],[-50.604,-27.059],[-50.603,-27.053],[-50.601,-27.051],[-50.597,-27.051],[-50.592,-27.058],[-50.583,-27.055],[-50.583,-27.053],[-50.574,-27.053],[-50.568,-27.058],[-50.565,-27.057],[-50.561,-27.065],[-50.562,-27.072],[-50.555,-27.076],[-50.559,-27.083],[-50.556,-27.087],[-50.544,-27.074],[-50.54,-27.079],[-50.535,-27.081],[-50.53,-27.09],[-50.531,-27.103],[-50.526,-27.106],[-50.529,-27.109],[-50.529,-27.113],[-50.526,-27.12],[-50.526,-27.124],[-50.53,-27.131],[-50.529,-27.134],[-50.535,-27.133],[-50.538,-27.135],[-50.541,-27.133],[-50.548,-27.13],[-50.552,-27.13],[-50.552,-27.135],[-50.549,-27.134],[-50.538,-27.142],[-50.537,-27.146],[-50.541,-27.146],[-50.548,-27.142],[-50.55,-27.145],[-50.556,-27.144],[-50.56,-27.145],[-50.56,-27.149],[-50.562,-27.152],[-50.566,-27.148],[-50.564,-27.14],[-50.562,-27.139],[-50.563,-27.135],[-50.57,-27.132],[-50.573,-27.137],[-50.573,-27.142],[-50.579,-27.142],[-50.573,-27.156],[-50.577,-27.158],[-50.581,-27.156],[-50.581,-27.153],[-50.584,-27.145],[-50.587,-27.144],[-50.584,-27.141],[-50.593,-27.14],[-50.598,-27.148],[-50.601,-27.146],[-50.607,-27.145],[-50.611,-27.148],[-50.61,-27.152],[-50.617,-27.154],[-50.621,-27.154],[-50.627,-27.151],[-50.628,-27.156],[-50.62,-27.158],[-50.61,-27.164],[-50.606,-27.176],[-50.61,-27.176],[-50.613,-27.178],[-50.612,-27.184],[-50.61,-27.187],[-50.61,-27.191],[-50.606,-27.198],[-50.601,-27.201],[-50.598,-27.2],[-50.59,-27.201],[-50.581,-27.193],[-50.578,-27.195],[-50.571,-27.194],[-50.572,-27.201],[-50.566,-27.2],[-50.561,-27.202],[-50.557,-27.206],[-50.553,-27.215],[-50.549,-27.214],[-50.549,-27.211],[-50.543,-27.208],[-50.537,-27.211],[-50.534,-27.209],[-50.537,-27.207],[-50.533,-27.205],[-50.529,-27.209],[-50.523,-27.213],[-50.517,-27.21],[-50.507,-27.213],[-50.502,-27.218],[-50.5,-27.219],[-50.499,-27.226],[-50.501,-27.229],[-50.496,-27.234],[-50.496,-27.241],[-50.498,-27.243],[-50.496,-27.246],[-50.498,-27.249],[-50.5,-27.248],[-50.505,-27.251],[-50.504,-27.255],[-50.509,-27.258],[-50.506,-27.26],[-50.505,-27.264],[-50.506,-27.267],[-50.503,-27.272],[-50.499,-27.287],[-50.499,-27.299],[-50.496,-27.305],[-50.493,-27.306],[-50.492,-27.31],[-50.487,-27.308],[-50.482,-27.308],[-50.477,-27.314],[-50.471,-27.315],[-50.468,-27.317],[-50.466,-27.327],[-50.463,-27.329],[-50.463,-27.347],[-50.466,-27.352],[-50.465,-27.355],[-50.468,-27.36],[-50.464,-27.367],[-50.467,-27.373],[-50.474,-27.379],[-50.474,-27.385],[-50.478,-27.386],[-50.48,-27.394],[-50.489,-27.398],[-50.49,-27.402],[-50.488,-27.406],[-50.485,-27.401],[-50.481,-27.402],[-50.48,-27.407],[-50.481,-27.415],[-50.478,-27.416],[-50.481,-27.425],[-50.48,-27.427],[-50.487,-27.432],[-50.477,-27.441],[-50.476,-27.444],[-50.482,-27.446],[-50.483,-27.452],[-50.486,-27.455],[-50.487,-27.459],[-50.493,-27.463],[-50.499,-27.467],[-50.506,-27.466],[-50.508,-27.464],[-50.505,-27.46],[-50.507,-27.458],[-50.514,-27.457],[-50.533,-27.468],[-50.534,-27.472],[-50.526,-27.474],[-50.522,-27.488],[-50.526,-27.492],[-50.532,-27.486],[-50.542,-27.485],[-50.546,-27.489],[-50.557,-27.496],[-50.559,-27.499],[-50.569,-27.504],[-50.576,-27.504],[-50.578,-27.503],[-50.575,-27.496],[-50.574,-27.49],[-50.576,-27.485],[-50.571,-27.483],[-50.566,-27.476],[-50.564,-27.47],[-50.565,-27.466],[-50.569,-27.467],[-50.575,-27.465],[-50.582,-27.469],[-50.586,-27.467],[-50.591,-27.462],[-50.595,-27.46],[-50.597,-27.461],[-50.6,-27.468],[-50.604,-27.47],[-50.614,-27.462],[-50.625,-27.459],[-50.634,-27.454],[-50.64,-27.456],[-50.639,-27.46],[-50.636,-27.464],[-50.635,-27.47],[-50.644,-27.466],[-50.647,-27.463],[-50.647,-27.457],[-50.651,-27.452],[-50.655,-27.456],[-50.656,-27.461],[-50.665,-27.464],[-50.666,-27.468],[-50.67,-27.471],[-50.677,-27.466],[-50.678,-27.462],[-50.671,-27.458],[-50.671,-27.453],[-50.675,-27.449],[-50.676,-27.443],[-50.674,-27.44],[-50.68,-27.437],[-50.684,-27.44],[-50.686,-27.443],[-50.689,-27.442],[-50.688,-27.437],[-50.688,-27.43],[-50.69,-27.426],[-50.696,-27.427],[-50.7,-27.429],[-50.702,-27.433],[-50.7,-27.44],[-50.702,-27.443],[-50.707,-27.434],[-50.713,-27.43],[-50.716,-27.426],[-50.718,-27.426],[-50.72,-27.431],[-50.718,-27.439],[-50.714,-27.442],[-50.712,-27.448],[-50.715,-27.451],[-50.724,-27.451],[-50.73,-27.447],[-50.735,-27.438],[-50.739,-27.439],[-50.745,-27.45],[-50.75,-27.449],[-50.753,-27.431],[-50.742,-27.428],[-50.745,-27.422],[-50.749,-27.421],[-50.754,-27.422]]]}},{"type":"Feature","properties":{"c":"4204905"},"geometry":{"type":"Polygon","coordinates":[[[-53.536,-26.946],[-53.539,-26.938],[-53.542,-26.935],[-53.55,-26.931],[-53.552,-26.931],[-53.555,-26.928],[-53.556,-26.925],[-53.561,-26.926],[-53.561,-26.922],[-53.569,-26.911],[-53.57,-26.908],[-53.573,-26.906],[-53.577,-26.899],[-53.576,-26.896],[-53.575,-26.897],[-53.559,-26.894],[-53.559,-26.891],[-53.551,-26.89],[-53.556,-26.889],[-53.554,-26.884],[-53.557,-26.884],[-53.558,-26.881],[-53.552,-26.878],[-53.551,-26.873],[-53.554,-26.872],[-53.557,-26.875],[-53.559,-26.873],[-53.557,-26.87],[-53.565,-26.861],[-53.565,-26.856],[-53.557,-26.862],[-53.555,-26.86],[-53.558,-26.857],[-53.555,-26.857],[-53.552,-26.854],[-53.551,-26.849],[-53.557,-26.844],[-53.552,-26.84],[-53.549,-26.843],[-53.546,-26.834],[-53.574,-26.827],[-53.583,-26.825],[-53.591,-26.823],[-53.594,-26.824],[-53.606,-26.818],[-53.603,-26.811],[-53.605,-26.806],[-53.602,-26.804],[-53.6,-26.807],[-53.595,-26.809],[-53.592,-26.808],[-53.594,-26.803],[-53.59,-26.805],[-53.587,-26.802],[-53.532,-26.802],[-53.509,-26.8],[-53.506,-26.799],[-53.508,-26.793],[-53.503,-26.784],[-53.506,-26.776],[-53.449,-26.774],[-53.389,-26.771],[-53.388,-26.777],[-53.386,-26.783],[-53.382,-26.785],[-53.379,-26.781],[-53.376,-26.782],[-53.377,-26.792],[-53.382,-26.792],[-53.388,-26.788],[-53.392,-26.787],[-53.396,-26.789],[-53.397,-26.793],[-53.397,-26.798],[-53.394,-26.802],[-53.396,-26.807],[-53.401,-26.81],[-53.408,-26.81],[-53.414,-26.808],[-53.416,-26.805],[-53.42,-26.805],[-53.419,-26.808],[-53.413,-26.813],[-53.404,-26.824],[-53.399,-26.824],[-53.387,-26.821],[-53.379,-26.824],[-53.385,-26.833],[-53.387,-26.842],[-53.384,-26.849],[-53.387,-26.851],[-53.395,-26.848],[-53.407,-26.849],[-53.41,-26.851],[-53.416,-26.863],[-53.414,-26.868],[-53.407,-26.871],[-53.401,-26.877],[-53.408,-26.884],[-53.408,-26.889],[-53.414,-26.891],[-53.422,-26.888],[-53.424,-26.889],[-53.421,-26.895],[-53.419,-26.897],[-53.408,-26.9],[-53.406,-26.906],[-53.408,-26.916],[-53.408,-26.922],[-53.411,-26.927],[-53.398,-26.93],[-53.391,-26.934],[-53.39,-26.938],[-53.393,-26.942],[-53.399,-26.943],[-53.406,-26.941],[-53.409,-26.942],[-53.411,-26.946],[-53.411,-26.952],[-53.414,-26.949],[-53.419,-26.951],[-53.419,-26.947],[-53.425,-26.948],[-53.426,-26.944],[-53.424,-26.942],[-53.431,-26.94],[-53.435,-26.943],[-53.441,-26.943],[-53.446,-26.941],[-53.45,-26.944],[-53.462,-26.943],[-53.467,-26.941],[-53.474,-26.943],[-53.482,-26.943],[-53.496,-26.939],[-53.501,-26.935],[-53.503,-26.936],[-53.513,-26.936],[-53.517,-26.939],[-53.523,-26.941],[-53.533,-26.946],[-53.536,-26.946]]]}},{"type":"Feature","properties":{"c":"4205001"},"geometry":{"type":"Polygon","coordinates":[[[-53.342,-26.249],[-53.34,-26.259],[-53.342,-26.269],[-53.342,-26.28],[-53.345,-26.288],[-53.343,-26.297],[-53.348,-26.302],[-53.351,-26.3],[-53.35,-26.307],[-53.355,-26.306],[-53.359,-26.31],[-53.357,-26.314],[-53.36,-26.316],[-53.366,-26.317],[-53.363,-26.326],[-53.366,-26.328],[-53.371,-26.329],[-53.373,-26.333],[-53.366,-26.334],[-53.37,-26.339],[-53.371,-26.336],[-53.376,-26.336],[-53.376,-26.34],[-53.374,-26.34],[-53.371,-26.344],[-53.375,-26.343],[-53.379,-26.346],[-53.378,-26.348],[-53.382,-26.354],[-53.385,-26.352],[-53.387,-26.356],[-53.389,-26.352],[-53.389,-26.356],[-53.396,-26.36],[-53.396,-26.365],[-53.394,-26.366],[-53.397,-26.366],[-53.452,-26.369],[-53.526,-26.373],[-53.56,-26.375],[-53.564,-26.377],[-53.563,-26.38],[-53.566,-26.38],[-53.562,-26.384],[-53.565,-26.385],[-53.564,-26.389],[-53.568,-26.394],[-53.572,-26.391],[-53.573,-26.394],[-53.576,-26.393],[-53.576,-26.397],[-53.572,-26.398],[-53.575,-26.4],[-53.574,-26.403],[-53.58,-26.401],[-53.581,-26.406],[-53.576,-26.408],[-53.58,-26.41],[-53.586,-26.409],[-53.583,-26.413],[-53.584,-26.416],[-53.591,-26.41],[-53.604,-26.376],[-53.619,-26.377],[-53.62,-26.381],[-53.623,-26.385],[-53.627,-26.386],[-53.628,-26.389],[-53.634,-26.394],[-53.633,-26.396],[-53.641,-26.398],[-53.649,-26.41],[-53.654,-26.407],[-53.659,-26.408],[-53.655,-26.411],[-53.659,-26.415],[-53.659,-26.419],[-53.666,-26.413],[-53.671,-26.414],[-53.666,-26.418],[-53.666,-26.425],[-53.669,-26.425],[-53.678,-26.42],[-53.681,-26.416],[-53.681,-26.425],[-53.685,-26.426],[-53.685,-26.429],[-53.689,-26.429],[-53.694,-26.43],[-53.696,-26.423],[-53.699,-26.423],[-53.698,-26.416],[-53.703,-26.417],[-53.706,-26.415],[-53.705,-26.412],[-53.706,-26.409],[-53.701,-26.409],[-53.697,-26.402],[-53.702,-26.398],[-53.707,-26.395],[-53.71,-26.388],[-53.708,-26.386],[-53.703,-26.389],[-53.701,-26.385],[-53.699,-26.384],[-53.698,-26.377],[-53.702,-26.373],[-53.701,-26.37],[-53.7,-26.363],[-53.697,-26.365],[-53.696,-26.362],[-53.691,-26.361],[-53.69,-26.359],[-53.693,-26.356],[-53.696,-26.355],[-53.694,-26.352],[-53.69,-26.354],[-53.69,-26.347],[-53.686,-26.336],[-53.68,-26.334],[-53.677,-26.336],[-53.678,-26.331],[-53.674,-26.332],[-53.671,-26.331],[-53.673,-26.328],[-53.674,-26.324],[-53.67,-26.324],[-53.671,-26.32],[-53.667,-26.32],[-53.667,-26.318],[-53.664,-26.314],[-53.663,-26.308],[-53.658,-26.302],[-53.657,-26.297],[-53.655,-26.296],[-53.652,-26.29],[-53.647,-26.289],[-53.644,-26.282],[-53.646,-26.28],[-53.645,-26.273],[-53.643,-26.268],[-53.642,-26.26],[-53.646,-26.248],[-53.639,-26.251],[-53.64,-26.253],[-53.634,-26.254],[-53.629,-26.258],[-53.63,-26.261],[-53.626,-26.263],[-53.625,-26.26],[-53.621,-26.257],[-53.612,-26.259],[-53.607,-26.258],[-53.604,-26.26],[-53.593,-26.256],[-53.586,-26.256],[-53.584,-26.259],[-53.584,-26.267],[-53.582,-26.272],[-53.58,-26.272],[-53.575,-26.276],[-53.57,-26.276],[-53.57,-26.28],[-53.563,-26.283],[-53.564,-26.285],[-53.557,-26.287],[-53.554,-26.292],[-53.551,-26.294],[-53.55,-26.291],[-53.544,-26.291],[-53.535,-26.293],[-53.523,-26.292],[-53.513,-26.296],[-53.51,-26.3],[-53.496,-26.303],[-53.489,-26.298],[-53.485,-26.297],[-53.479,-26.293],[-53.479,-26.291],[-53.472,-26.29],[-53.465,-26.293],[-53.462,-26.296],[-53.459,-26.293],[-53.451,-26.29],[-53.449,-26.286],[-53.44,-26.282],[-53.432,-26.283],[-53.424,-26.28],[-53.412,-26.269],[-53.403,-26.264],[-53.399,-26.254],[-53.389,-26.249],[-53.385,-26.245],[-53.38,-26.249],[-53.378,-26.247],[-53.376,-26.242],[-53.373,-26.244],[-53.37,-26.244],[-53.366,-26.248],[-53.35,-26.251],[-53.342,-26.249]]]}},{"type":"Feature","properties":{"c":"4205100"},"geometry":{"type":"Polygon","coordinates":[[[-49.845,-27.024],[-49.863,-27.023],[-49.868,-27.026],[-49.872,-27.025],[-49.876,-27.021],[-49.876,-27.016],[-49.873,-27.007],[-49.872,-27.002],[-49.885,-26.998],[-49.886,-26.997],[-49.894,-26.998],[-49.896,-26.997],[-49.898,-26.994],[-49.912,-26.996],[-49.916,-26.992],[-49.911,-26.989],[-49.91,-26.98],[-49.913,-26.978],[-49.914,-26.972],[-49.912,-26.969],[-49.914,-26.964],[-49.908,-26.964],[-49.905,-26.962],[-49.899,-26.968],[-49.898,-26.962],[-49.895,-26.963],[-49.893,-26.961],[-49.889,-26.966],[-49.887,-26.973],[-49.889,-26.98],[-49.886,-26.978],[-49.881,-26.986],[-49.881,-26.973],[-49.885,-26.97],[-49.882,-26.967],[-49.885,-26.966],[-49.886,-26.961],[-49.883,-26.954],[-49.879,-26.957],[-49.876,-26.953],[-49.873,-26.951],[-49.867,-26.968],[-49.865,-26.973],[-49.862,-26.974],[-49.861,-26.964],[-49.859,-26.96],[-49.861,-26.949],[-49.856,-26.952],[-49.849,-26.948],[-49.846,-26.949],[-49.845,-26.953],[-49.847,-26.96],[-49.839,-26.96],[-49.836,-26.953],[-49.838,-26.948],[-49.834,-26.948],[-49.827,-26.944],[-49.824,-26.946],[-49.814,-26.944],[-49.819,-26.955],[-49.811,-26.958],[-49.809,-26.956],[-49.802,-26.96],[-49.801,-26.954],[-49.795,-26.945],[-49.791,-26.942],[-49.789,-26.944],[-49.793,-26.95],[-49.793,-26.954],[-49.784,-26.959],[-49.772,-26.954],[-49.771,-26.958],[-49.774,-26.963],[-49.768,-26.965],[-49.768,-26.967],[-49.762,-26.967],[-49.761,-26.962],[-49.758,-26.96],[-49.754,-26.963],[-49.75,-26.959],[-49.743,-26.962],[-49.738,-26.961],[-49.731,-26.961],[-49.721,-26.949],[-49.72,-26.944],[-49.714,-26.941],[-49.713,-26.927],[-49.71,-26.922],[-49.709,-26.918],[-49.7,-26.916],[-49.695,-26.914],[-49.686,-26.913],[-49.684,-26.917],[-49.687,-26.919],[-49.69,-26.925],[-49.696,-26.929],[-49.689,-26.936],[-49.688,-26.946],[-49.681,-26.953],[-49.681,-26.965],[-49.686,-26.969],[-49.682,-26.974],[-49.683,-26.984],[-49.687,-26.986],[-49.683,-26.988],[-49.68,-26.987],[-49.677,-26.99],[-49.675,-26.999],[-49.678,-26.999],[-49.683,-27.004],[-49.693,-26.995],[-49.7,-27.003],[-49.705,-27.014],[-49.709,-27.016],[-49.709,-27.022],[-49.705,-27.027],[-49.695,-27.025],[-49.69,-27.022],[-49.681,-27.02],[-49.672,-27.022],[-49.666,-27.023],[-49.67,-27.03],[-49.668,-27.033],[-49.674,-27.033],[-49.681,-27.029],[-49.686,-27.03],[-49.693,-27.037],[-49.694,-27.041],[-49.697,-27.043],[-49.705,-27.04],[-49.712,-27.041],[-49.719,-27.038],[-49.723,-27.03],[-49.723,-27.034],[-49.727,-27.04],[-49.734,-27.034],[-49.736,-27.028],[-49.737,-27.033],[-49.741,-27.034],[-49.738,-27.035],[-49.733,-27.047],[-49.73,-27.052],[-49.722,-27.059],[-49.727,-27.061],[-49.739,-27.055],[-49.746,-27.053],[-49.756,-27.049],[-49.758,-27.043],[-49.763,-27.039],[-49.763,-27.032],[-49.77,-27.033],[-49.771,-27.032],[-49.773,-27.025],[-49.776,-27.026],[-49.781,-27.023],[-49.791,-27.022],[-49.795,-27.02],[-49.801,-27.02],[-49.805,-27.018],[-49.816,-27.02],[-49.82,-27.017],[-49.821,-27.014],[-49.823,-27.015],[-49.828,-27.013],[-49.83,-27.014],[-49.838,-27.011],[-49.848,-27.012],[-49.848,-27.019],[-49.845,-27.024]]]}},{"type":"Feature","properties":{"c":"4205159"},"geometry":{"type":"Polygon","coordinates":[[[-49.681,-26.703],[-49.675,-26.7],[-49.671,-26.7],[-49.667,-26.694],[-49.664,-26.693],[-49.653,-26.694],[-49.652,-26.693],[-49.644,-26.694],[-49.639,-26.692],[-49.628,-26.699],[-49.622,-26.704],[-49.618,-26.704],[-49.616,-26.701],[-49.617,-26.693],[-49.614,-26.691],[-49.619,-26.674],[-49.619,-26.67],[-49.623,-26.664],[-49.62,-26.658],[-49.62,-26.653],[-49.618,-26.649],[-49.619,-26.643],[-49.616,-26.639],[-49.612,-26.639],[-49.608,-26.637],[-49.604,-26.637],[-49.603,-26.634],[-49.599,-26.634],[-49.594,-26.627],[-49.589,-26.627],[-49.586,-26.625],[-49.585,-26.615],[-49.583,-26.612],[-49.584,-26.603],[-49.581,-26.601],[-49.578,-26.596],[-49.58,-26.588],[-49.582,-26.585],[-49.58,-26.58],[-49.574,-26.575],[-49.571,-26.575],[-49.568,-26.572],[-49.567,-26.567],[-49.565,-26.566],[-49.554,-26.566],[-49.552,-26.568],[-49.543,-26.566],[-49.541,-26.567],[-49.537,-26.565],[-49.531,-26.565],[-49.525,-26.568],[-49.524,-26.57],[-49.517,-26.576],[-49.507,-26.578],[-49.509,-26.582],[-49.507,-26.594],[-49.508,-26.598],[-49.504,-26.601],[-49.497,-26.604],[-49.492,-26.608],[-49.486,-26.61],[-49.491,-26.62],[-49.495,-26.623],[-49.498,-26.63],[-49.498,-26.636],[-49.5,-26.638],[-49.496,-26.641],[-49.495,-26.646],[-49.502,-26.651],[-49.502,-26.655],[-49.498,-26.658],[-49.498,-26.662],[-49.494,-26.662],[-49.488,-26.66],[-49.487,-26.666],[-49.482,-26.67],[-49.478,-26.676],[-49.472,-26.678],[-49.471,-26.682],[-49.475,-26.686],[-49.475,-26.698],[-49.472,-26.701],[-49.468,-26.701],[-49.466,-26.706],[-49.455,-26.709],[-49.448,-26.715],[-49.449,-26.719],[-49.452,-26.724],[-49.448,-26.728],[-49.45,-26.73],[-49.449,-26.741],[-49.452,-26.754],[-49.451,-26.757],[-49.447,-26.759],[-49.454,-26.766],[-49.464,-26.765],[-49.47,-26.769],[-49.471,-26.774],[-49.479,-26.775],[-49.486,-26.779],[-49.489,-26.781],[-49.489,-26.785],[-49.496,-26.789],[-49.506,-26.789],[-49.51,-26.792],[-49.514,-26.797],[-49.518,-26.799],[-49.519,-26.803],[-49.516,-26.811],[-49.519,-26.812],[-49.524,-26.817],[-49.522,-26.821],[-49.528,-26.827],[-49.533,-26.828],[-49.534,-26.831],[-49.533,-26.835],[-49.535,-26.841],[-49.532,-26.842],[-49.531,-26.847],[-49.538,-26.853],[-49.541,-26.857],[-49.547,-26.858],[-49.549,-26.857],[-49.552,-26.854],[-49.554,-26.843],[-49.56,-26.835],[-49.563,-26.825],[-49.56,-26.813],[-49.566,-26.803],[-49.565,-26.801],[-49.565,-26.786],[-49.567,-26.783],[-49.572,-26.782],[-49.574,-26.778],[-49.581,-26.777],[-49.588,-26.781],[-49.599,-26.783],[-49.605,-26.783],[-49.607,-26.785],[-49.619,-26.785],[-49.621,-26.78],[-49.624,-26.78],[-49.632,-26.782],[-49.638,-26.779],[-49.643,-26.78],[-49.645,-26.774],[-49.646,-26.767],[-49.648,-26.763],[-49.653,-26.763],[-49.653,-26.755],[-49.655,-26.752],[-49.658,-26.75],[-49.657,-26.742],[-49.664,-26.742],[-49.669,-26.739],[-49.675,-26.727],[-49.674,-26.725],[-49.677,-26.721],[-49.681,-26.703]]]}},{"type":"Feature","properties":{"c":"4205175"},"geometry":{"type":"Polygon","coordinates":[[[-52.535,-26.809],[-52.544,-26.806],[-52.551,-26.801],[-52.55,-26.795],[-52.558,-26.794],[-52.562,-26.792],[-52.566,-26.792],[-52.57,-26.797],[-52.573,-26.798],[-52.58,-26.795],[-52.583,-26.801],[-52.591,-26.799],[-52.595,-26.793],[-52.599,-26.793],[-52.602,-26.789],[-52.604,-26.78],[-52.606,-26.777],[-52.612,-26.771],[-52.611,-26.769],[-52.605,-26.769],[-52.601,-26.766],[-52.604,-26.762],[-52.61,-26.766],[-52.618,-26.767],[-52.623,-26.772],[-52.628,-26.769],[-52.636,-26.768],[-52.639,-26.764],[-52.638,-26.761],[-52.629,-26.757],[-52.629,-26.754],[-52.638,-26.754],[-52.645,-26.751],[-52.647,-26.748],[-52.643,-26.745],[-52.636,-26.746],[-52.63,-26.744],[-52.627,-26.74],[-52.637,-26.732],[-52.637,-26.729],[-52.633,-26.728],[-52.627,-26.731],[-52.621,-26.73],[-52.619,-26.726],[-52.612,-26.723],[-52.606,-26.725],[-52.595,-26.724],[-52.598,-26.719],[-52.599,-26.709],[-52.601,-26.702],[-52.608,-26.705],[-52.614,-26.704],[-52.618,-26.7],[-52.616,-26.696],[-52.611,-26.693],[-52.608,-26.689],[-52.606,-26.677],[-52.607,-26.675],[-52.606,-26.67],[-52.6,-26.666],[-52.596,-26.668],[-52.595,-26.674],[-52.592,-26.68],[-52.589,-26.679],[-52.585,-26.67],[-52.585,-26.665],[-52.58,-26.668],[-52.58,-26.677],[-52.577,-26.679],[-52.567,-26.673],[-52.563,-26.672],[-52.557,-26.682],[-52.552,-26.687],[-52.551,-26.695],[-52.549,-26.701],[-52.543,-26.706],[-52.535,-26.711],[-52.535,-26.75],[-52.535,-26.809]]]}},{"type":"Feature","properties":{"c":"4205191"},"geometry":{"type":"Polygon","coordinates":[[[-49.606,-28.952],[-49.602,-28.956],[-49.604,-28.959],[-49.601,-28.967],[-49.596,-28.972],[-49.598,-28.976],[-49.593,-28.979],[-49.59,-28.978],[-49.583,-28.981],[-49.58,-28.984],[-49.623,-29.018],[-49.649,-29.018],[-49.699,-29.02],[-49.701,-29.017],[-49.705,-29.014],[-49.711,-29.014],[-49.711,-29.012],[-49.718,-29.006],[-49.726,-29.003],[-49.706,-28.967],[-49.702,-28.97],[-49.697,-28.966],[-49.695,-28.966],[-49.688,-28.97],[-49.679,-28.974],[-49.675,-28.978],[-49.667,-28.982],[-49.661,-28.981],[-49.656,-28.984],[-49.653,-28.984],[-49.649,-28.973],[-49.646,-28.975],[-49.637,-28.973],[-49.64,-28.966],[-49.648,-28.959],[-49.636,-28.948],[-49.634,-28.951],[-49.626,-28.955],[-49.62,-28.956],[-49.62,-28.952],[-49.616,-28.953],[-49.61,-28.95],[-49.61,-28.953],[-49.606,-28.952]]]}},{"type":"Feature","properties":{"c":"4205209"},"geometry":{"type":"Polygon","coordinates":[[[-51.54,-27.282],[-51.528,-27.282],[-51.523,-27.276],[-51.526,-27.27],[-51.539,-27.272],[-51.552,-27.271],[-51.555,-27.264],[-51.551,-27.263],[-51.543,-27.266],[-51.54,-27.263],[-51.539,-27.257],[-51.531,-27.254],[-51.528,-27.25],[-51.53,-27.245],[-51.529,-27.241],[-51.523,-27.24],[-51.52,-27.237],[-51.508,-27.235],[-51.501,-27.234],[-51.498,-27.235],[-51.493,-27.233],[-51.487,-27.233],[-51.476,-27.237],[-51.476,-27.227],[-51.467,-27.221],[-51.464,-27.221],[-51.459,-27.225],[-51.459,-27.227],[-51.452,-27.233],[-51.453,-27.239],[-51.447,-27.24],[-51.444,-27.238],[-51.439,-27.241],[-51.434,-27.242],[-51.429,-27.238],[-51.424,-27.237],[-51.414,-27.231],[-51.412,-27.234],[-51.405,-27.234],[-51.401,-27.24],[-51.396,-27.243],[-51.391,-27.244],[-51.387,-27.243],[-51.383,-27.244],[-51.374,-27.243],[-51.368,-27.247],[-51.364,-27.247],[-51.359,-27.249],[-51.35,-27.256],[-51.34,-27.257],[-51.337,-27.264],[-51.33,-27.263],[-51.326,-27.261],[-51.317,-27.266],[-51.31,-27.272],[-51.311,-27.278],[-51.309,-27.282],[-51.3,-27.29],[-51.303,-27.295],[-51.307,-27.297],[-51.304,-27.303],[-51.304,-27.308],[-51.316,-27.315],[-51.312,-27.32],[-51.301,-27.323],[-51.298,-27.325],[-51.297,-27.319],[-51.291,-27.32],[-51.288,-27.324],[-51.297,-27.331],[-51.303,-27.333],[-51.313,-27.331],[-51.313,-27.334],[-51.31,-27.336],[-51.307,-27.341],[-51.312,-27.342],[-51.318,-27.338],[-51.323,-27.338],[-51.321,-27.341],[-51.319,-27.347],[-51.326,-27.346],[-51.332,-27.341],[-51.333,-27.336],[-51.325,-27.336],[-51.323,-27.333],[-51.324,-27.331],[-51.333,-27.33],[-51.34,-27.326],[-51.339,-27.331],[-51.343,-27.333],[-51.35,-27.326],[-51.355,-27.324],[-51.357,-27.327],[-51.358,-27.335],[-51.362,-27.335],[-51.358,-27.337],[-51.356,-27.341],[-51.361,-27.341],[-51.368,-27.339],[-51.369,-27.342],[-51.372,-27.344],[-51.374,-27.341],[-51.368,-27.334],[-51.37,-27.332],[-51.375,-27.332],[-51.376,-27.326],[-51.371,-27.326],[-51.372,-27.323],[-51.377,-27.323],[-51.385,-27.325],[-51.383,-27.319],[-51.39,-27.316],[-51.391,-27.322],[-51.388,-27.329],[-51.391,-27.333],[-51.394,-27.328],[-51.397,-27.33],[-51.403,-27.328],[-51.406,-27.326],[-51.412,-27.329],[-51.418,-27.322],[-51.413,-27.317],[-51.415,-27.314],[-51.422,-27.312],[-51.425,-27.313],[-51.424,-27.319],[-51.43,-27.32],[-51.437,-27.315],[-51.438,-27.316],[-51.436,-27.323],[-51.434,-27.323],[-51.438,-27.327],[-51.442,-27.327],[-51.441,-27.323],[-51.444,-27.32],[-51.459,-27.344],[-51.462,-27.339],[-51.466,-27.338],[-51.468,-27.332],[-51.476,-27.333],[-51.486,-27.329],[-51.484,-27.323],[-51.488,-27.321],[-51.487,-27.318],[-51.489,-27.314],[-51.487,-27.311],[-51.501,-27.307],[-51.5,-27.311],[-51.503,-27.312],[-51.507,-27.309],[-51.511,-27.31],[-51.511,-27.313],[-51.515,-27.317],[-51.518,-27.315],[-51.53,-27.316],[-51.534,-27.314],[-51.529,-27.306],[-51.523,-27.304],[-51.524,-27.3],[-51.53,-27.301],[-51.532,-27.3],[-51.529,-27.294],[-51.537,-27.287],[-51.54,-27.282]]]}},{"type":"Feature","properties":{"c":"4205308"},"geometry":{"type":"Polygon","coordinates":[[[-52.155,-26.926],[-52.155,-26.93],[-52.154,-26.934],[-52.156,-26.938],[-52.156,-26.943],[-52.152,-26.948],[-52.154,-26.949],[-52.166,-26.949],[-52.171,-26.946],[-52.175,-26.951],[-52.175,-26.956],[-52.179,-26.954],[-52.183,-26.949],[-52.185,-26.95],[-52.185,-26.957],[-52.188,-26.96],[-52.193,-26.959],[-52.196,-26.956],[-52.204,-26.955],[-52.207,-26.957],[-52.21,-26.955],[-52.21,-26.953],[-52.213,-26.949],[-52.215,-26.949],[-52.219,-26.957],[-52.223,-26.958],[-52.22,-26.947],[-52.223,-26.946],[-52.234,-26.947],[-52.239,-26.95],[-52.242,-26.953],[-52.244,-26.945],[-52.25,-26.942],[-52.255,-26.938],[-52.258,-26.94],[-52.261,-26.94],[-52.264,-26.945],[-52.26,-26.946],[-52.264,-26.951],[-52.265,-26.959],[-52.27,-26.959],[-52.272,-26.954],[-52.281,-26.947],[-52.286,-26.948],[-52.286,-26.959],[-52.293,-26.962],[-52.299,-26.961],[-52.298,-26.956],[-52.307,-26.953],[-52.31,-26.954],[-52.313,-26.96],[-52.312,-26.966],[-52.313,-26.97],[-52.312,-26.974],[-52.314,-26.975],[-52.325,-26.97],[-52.331,-26.965],[-52.338,-26.965],[-52.341,-26.958],[-52.339,-26.955],[-52.336,-26.951],[-52.338,-26.945],[-52.333,-26.947],[-52.322,-26.944],[-52.315,-26.934],[-52.314,-26.929],[-52.316,-26.92],[-52.312,-26.914],[-52.308,-26.9],[-52.305,-26.897],[-52.3,-26.891],[-52.295,-26.888],[-52.315,-26.867],[-52.315,-26.863],[-52.312,-26.856],[-52.307,-26.849],[-52.307,-26.845],[-52.314,-26.841],[-52.318,-26.835],[-52.322,-26.834],[-52.325,-26.825],[-52.328,-26.82],[-52.326,-26.817],[-52.329,-26.815],[-52.325,-26.812],[-52.33,-26.808],[-52.337,-26.809],[-52.337,-26.802],[-52.34,-26.8],[-52.34,-26.794],[-52.343,-26.793],[-52.345,-26.789],[-52.352,-26.789],[-52.355,-26.785],[-52.36,-26.778],[-52.361,-26.769],[-52.36,-26.767],[-52.366,-26.766],[-52.362,-26.759],[-52.358,-26.759],[-52.354,-26.762],[-52.349,-26.756],[-52.343,-26.757],[-52.336,-26.762],[-52.33,-26.756],[-52.324,-26.756],[-52.317,-26.753],[-52.315,-26.755],[-52.315,-26.759],[-52.318,-26.767],[-52.317,-26.774],[-52.309,-26.778],[-52.304,-26.773],[-52.304,-26.764],[-52.297,-26.763],[-52.293,-26.764],[-52.291,-26.769],[-52.282,-26.774],[-52.276,-26.773],[-52.274,-26.769],[-52.278,-26.762],[-52.278,-26.758],[-52.274,-26.757],[-52.266,-26.76],[-52.265,-26.753],[-52.261,-26.752],[-52.257,-26.754],[-52.257,-26.762],[-52.251,-26.764],[-52.241,-26.763],[-52.233,-26.759],[-52.229,-26.761],[-52.226,-26.768],[-52.231,-26.774],[-52.226,-26.777],[-52.225,-26.771],[-52.221,-26.767],[-52.215,-26.767],[-52.214,-26.768],[-52.208,-26.767],[-52.206,-26.759],[-52.211,-26.751],[-52.211,-26.742],[-52.204,-26.737],[-52.196,-26.735],[-52.191,-26.73],[-52.189,-26.721],[-52.186,-26.719],[-52.185,-26.713],[-52.182,-26.717],[-52.176,-26.72],[-52.171,-26.724],[-52.163,-26.726],[-52.158,-26.725],[-52.152,-26.727],[-52.148,-26.724],[-52.141,-26.722],[-52.136,-26.723],[-52.133,-26.727],[-52.127,-26.726],[-52.123,-26.725],[-52.126,-26.728],[-52.129,-26.736],[-52.132,-26.736],[-52.134,-26.739],[-52.136,-26.749],[-52.138,-26.75],[-52.144,-26.757],[-52.148,-26.766],[-52.148,-26.772],[-52.152,-26.775],[-52.155,-26.781],[-52.167,-26.78],[-52.168,-26.778],[-52.18,-26.79],[-52.177,-26.793],[-52.198,-26.796],[-52.192,-26.806],[-52.19,-26.809],[-52.188,-26.818],[-52.19,-26.821],[-52.189,-26.825],[-52.186,-26.826],[-52.195,-26.834],[-52.197,-26.842],[-52.195,-26.846],[-52.198,-26.857],[-52.204,-26.867],[-52.199,-26.87],[-52.193,-26.875],[-52.181,-26.881],[-52.168,-26.892],[-52.163,-26.894],[-52.161,-26.911],[-52.16,-26.918],[-52.155,-26.923],[-52.155,-26.926]]]}},{"type":"Feature","properties":{"c":"4205357"},"geometry":{"type":"Polygon","coordinates":[[[-53.306,-26.721],[-53.304,-26.73],[-53.296,-26.727],[-53.293,-26.731],[-53.287,-26.735],[-53.293,-26.739],[-53.289,-26.747],[-53.292,-26.751],[-53.298,-26.749],[-53.299,-26.753],[-53.297,-26.755],[-53.305,-26.765],[-53.298,-26.769],[-53.296,-26.776],[-53.296,-26.784],[-53.311,-26.788],[-53.32,-26.794],[-53.326,-26.793],[-53.332,-26.791],[-53.337,-26.787],[-53.338,-26.793],[-53.336,-26.796],[-53.345,-26.798],[-53.351,-26.797],[-53.36,-26.8],[-53.365,-26.8],[-53.367,-26.802],[-53.38,-26.803],[-53.386,-26.804],[-53.386,-26.809],[-53.39,-26.808],[-53.392,-26.81],[-53.396,-26.807],[-53.394,-26.802],[-53.397,-26.798],[-53.397,-26.793],[-53.396,-26.789],[-53.392,-26.787],[-53.388,-26.788],[-53.382,-26.792],[-53.377,-26.792],[-53.376,-26.782],[-53.379,-26.781],[-53.382,-26.785],[-53.386,-26.783],[-53.388,-26.777],[-53.389,-26.771],[-53.39,-26.767],[-53.387,-26.765],[-53.379,-26.765],[-53.37,-26.767],[-53.365,-26.766],[-53.361,-26.766],[-53.357,-26.764],[-53.361,-26.755],[-53.366,-26.751],[-53.366,-26.749],[-53.356,-26.751],[-53.352,-26.755],[-53.35,-26.754],[-53.354,-26.748],[-53.353,-26.74],[-53.354,-26.732],[-53.353,-26.73],[-53.35,-26.733],[-53.35,-26.737],[-53.345,-26.738],[-53.335,-26.741],[-53.33,-26.747],[-53.328,-26.744],[-53.335,-26.737],[-53.334,-26.735],[-53.327,-26.736],[-53.325,-26.734],[-53.338,-26.724],[-53.343,-26.723],[-53.344,-26.721],[-53.341,-26.716],[-53.337,-26.713],[-53.335,-26.714],[-53.338,-26.718],[-53.338,-26.721],[-53.331,-26.722],[-53.327,-26.713],[-53.326,-26.704],[-53.323,-26.703],[-53.317,-26.71],[-53.319,-26.715],[-53.317,-26.718],[-53.31,-26.719],[-53.306,-26.721]]]}},{"type":"Feature","properties":{"c":"4205407"},"geometry":{"type":"MultiPolygon","coordinates":[[[[-48.577,-27.844],[-48.577,-27.826],[-48.578,-27.823],[-48.584,-27.815],[-48.59,-27.81],[-48.593,-27.801],[-48.592,-27.789],[-48.599,-27.784],[-48.602,-27.782],[-48.602,-27.778],[-48.596,-27.772],[-48.595,-27.77],[-48.598,-27.763],[-48.588,-27.752],[-48.588,-27.75],[-48.596,-27.741],[-48.599,-27.736],[-48.602,-27.719],[-48.598,-27.712],[-48.597,-27.702],[-48.599,-27.69],[-48.604,-27.674],[-48.603,-27.663],[-48.599,-27.653],[-48.595,-27.648],[-48.594,-27.643],[-48.608,-27.632],[-48.613,-27.623],[-48.613,-27.618],[-48.61,-27.609],[-48.605,-27.6],[-48.606,-27.589],[-48.601,-27.581],[-48.602,-27.578],[-48.597,-27.57],[-48.586,-27.561],[-48.57,-27.549],[-48.569,-27.546],[-48.575,-27.539],[-48.578,-27.526],[-48.576,-27.517],[-48.579,-27.507],[-48.589,-27.494],[-48.591,-27.484],[-48.583,-27.472],[-48.582,-27.466],[-48.585,-27.455],[-48.582,-27.452],[-48.568,-27.448],[-48.553,-27.442],[-48.541,-27.436],[-48.533,-27.428],[-48.526,-27.408],[-48.516,-27.4],[-48.506,-27.394],[-48.483,-27.378],[-48.417,-27.381],[-48.411,-27.384],[-48.412,-27.391],[-48.414,-27.392],[-48.413,-27.402],[-48.412,-27.405],[-48.406,-27.405],[-48.403,-27.409],[-48.404,-27.415],[-48.401,-27.422],[-48.396,-27.431],[-48.389,-27.437],[-48.385,-27.44],[-48.377,-27.444],[-48.37,-27.443],[-48.37,-27.44],[-48.366,-27.433],[-48.365,-27.433],[-48.361,-27.439],[-48.359,-27.44],[-48.362,-27.448],[-48.371,-27.45],[-48.374,-27.456],[-48.377,-27.465],[-48.374,-27.472],[-48.376,-27.478],[-48.376,-27.481],[-48.382,-27.481],[-48.394,-27.492],[-48.406,-27.507],[-48.414,-27.518],[-48.419,-27.528],[-48.427,-27.544],[-48.429,-27.555],[-48.43,-27.56],[-48.428,-27.568],[-48.425,-27.573],[-48.42,-27.574],[-48.415,-27.571],[-48.412,-27.573],[-48.412,-27.575],[-48.416,-27.579],[-48.42,-27.584],[-48.418,-27.589],[-48.419,-27.592],[-48.424,-27.592],[-48.427,-27.594],[-48.428,-27.599],[-48.431,-27.6],[-48.436,-27.608],[-48.436,-27.611],[-48.431,-27.616],[-48.434,-27.616],[-48.439,-27.618],[-48.438,-27.62],[-48.444,-27.624],[-48.447,-27.63],[-48.449,-27.629],[-48.455,-27.635],[-48.467,-27.651],[-48.474,-27.663],[-48.477,-27.67],[-48.481,-27.69],[-48.483,-27.694],[-48.489,-27.697],[-48.496,-27.704],[-48.501,-27.712],[-48.505,-27.724],[-48.508,-27.736],[-48.508,-27.744],[-48.505,-27.749],[-48.501,-27.75],[-48.497,-27.756],[-48.494,-27.757],[-48.488,-27.755],[-48.485,-27.761],[-48.478,-27.762],[-48.476,-27.77],[-48.482,-27.77],[-48.488,-27.776],[-48.488,-27.778],[-48.483,-27.783],[-48.488,-27.791],[-48.49,-27.79],[-48.493,-27.794],[-48.497,-27.795],[-48.504,-27.794],[-48.508,-27.79],[-48.507,-27.784],[-48.512,-27.781],[-48.518,-27.782],[-48.525,-27.785],[-48.529,-27.789],[-48.534,-27.796],[-48.534,-27.8],[-48.537,-27.805],[-48.535,-27.807],[-48.54,-27.817],[-48.543,-27.828],[-48.56,-27.839],[-48.56,-27.836],[-48.566,-27.834],[-48.571,-27.836],[-48.572,-27.841],[-48.577,-27.844]]],[[[-48.528,-27.833],[-48.53,-27.832],[-48.528,-27.829],[-48.528,-27.833]]],[[[-48.521,-27.838],[-48.524,-27.839],[-48.527,-27.845],[-48.53,-27.844],[-48.527,-27.837],[-48.519,-27.834],[-48.521,-27.838]]],[[[-48.369,-27.271],[-48.367,-27.275],[-48.359,-27.274],[-48.36,-27.281],[-48.358,-27.293],[-48.355,-27.295],[-48.357,-27.3],[-48.36,-27.296],[-48.366,-27.296],[-48.368,-27.289],[-48.371,-27.284],[-48.377,-27.283],[-48.377,-27.279],[-48.375,-27.279],[-48.372,-27.271],[-48.369,-27.271]]],[[[-48.334,-27.275],[-48.33,-27.269],[-48.33,-27.274],[-48.334,-27.275]]],[[[-48.355,-27.419],[-48.355,-27.418],[-48.354,-27.419],[-48.355,-27.419]]],[[[-48.366,-27.426],[-48.368,-27.425],[-48.367,-27.423],[-48.366,-27.426]]],[[[-48.347,-27.442],[-48.348,-27.444],[-48.349,-27.441],[-48.347,-27.442]]],[[[-48.361,-27.488],[-48.366,-27.49],[-48.364,-27.487],[-48.361,-27.488]]],[[[-48.357,-27.489],[-48.36,-27.488],[-48.355,-27.484],[-48.357,-27.489]]],[[[-48.502,-27.835],[-48.502,-27.84],[-48.505,-27.841],[-48.509,-27.838],[-48.506,-27.835],[-48.502,-27.835]]],[[[-48.392,-27.611],[-48.392,-27.61],[-48.391,-27.61],[-48.392,-27.611]]],[[[-48.385,-27.611],[-48.388,-27.612],[-48.385,-27.607],[-48.385,-27.611]]],[[[-48.39,-27.611],[-48.39,-27.61],[-48.389,-27.61],[-48.39,-27.611]]],[[[-48.464,-27.7],[-48.467,-27.704],[-48.468,-27.698],[-48.467,-27.693],[-48.464,-27.691],[-48.461,-27.692],[-48.464,-27.7]]],[[[-48.445,-27.854],[-48.445,-27.853],[-48.444,-27.853],[-48.445,-27.854]]],[[[-48.435,-27.848],[-48.431,-27.844],[-48.429,-27.845],[-48.435,-27.848]]],[[[-48.431,-27.841],[-48.432,-27.84],[-48.431,-27.84],[-48.431,-27.841]]],[[[-48.429,-27.842],[-48.43,-27.843],[-48.43,-27.842],[-48.429,-27.842]]]]}},{"type":"Feature","properties":{"c":"4205431"},"geometry":{"type":"Polygon","coordinates":[[[-52.744,-26.658],[-52.749,-26.658],[-52.753,-26.665],[-52.752,-26.674],[-52.758,-26.678],[-52.776,-26.672],[-52.788,-26.676],[-52.789,-26.678],[-52.798,-26.682],[-52.803,-26.686],[-52.81,-26.684],[-52.814,-26.68],[-52.819,-26.68],[-52.829,-26.683],[-52.834,-26.682],[-52.838,-26.674],[-52.846,-26.67],[-52.845,-26.669],[-52.845,-26.666],[-52.855,-26.655],[-52.852,-26.646],[-52.848,-26.644],[-52.846,-26.638],[-52.849,-26.635],[-52.847,-26.631],[-52.833,-26.631],[-52.838,-26.622],[-52.848,-26.618],[-52.851,-26.617],[-52.851,-26.612],[-52.84,-26.606],[-52.84,-26.593],[-52.824,-26.592],[-52.771,-26.588],[-52.76,-26.587],[-52.755,-26.589],[-52.753,-26.593],[-52.749,-26.595],[-52.746,-26.601],[-52.738,-26.611],[-52.737,-26.617],[-52.734,-26.621],[-52.728,-26.623],[-52.727,-26.638],[-52.731,-26.635],[-52.736,-26.637],[-52.742,-26.638],[-52.744,-26.641],[-52.743,-26.651],[-52.745,-26.654],[-52.744,-26.658]]]}},{"type":"Feature","properties":{"c":"4205456"},"geometry":{"type":"Polygon","coordinates":[[[-49.425,-28.815],[-49.426,-28.818],[-49.432,-28.819],[-49.43,-28.824],[-49.432,-28.827],[-49.436,-28.826],[-49.441,-28.826],[-49.443,-28.83],[-49.447,-28.83],[-49.448,-28.833],[-49.446,-28.841],[-49.449,-28.841],[-49.455,-28.845],[-49.46,-28.846],[-49.466,-28.845],[-49.467,-28.843],[-49.472,-28.844],[-49.475,-28.843],[-49.484,-28.846],[-49.482,-28.848],[-49.486,-28.849],[-49.488,-28.844],[-49.491,-28.847],[-49.489,-28.85],[-49.497,-28.851],[-49.501,-28.853],[-49.502,-28.849],[-49.507,-28.849],[-49.508,-28.857],[-49.515,-28.853],[-49.517,-28.858],[-49.52,-28.856],[-49.519,-28.851],[-49.523,-28.854],[-49.522,-28.85],[-49.525,-28.85],[-49.523,-28.845],[-49.525,-28.84],[-49.531,-28.843],[-49.534,-28.836],[-49.534,-28.831],[-49.544,-28.829],[-49.543,-28.826],[-49.548,-28.822],[-49.552,-28.822],[-49.55,-28.819],[-49.554,-28.816],[-49.557,-28.819],[-49.558,-28.814],[-49.565,-28.811],[-49.573,-28.803],[-49.595,-28.802],[-49.596,-28.776],[-49.586,-28.776],[-49.586,-28.764],[-49.572,-28.764],[-49.57,-28.761],[-49.572,-28.756],[-49.569,-28.753],[-49.571,-28.75],[-49.557,-28.75],[-49.557,-28.751],[-49.527,-28.751],[-49.516,-28.739],[-49.515,-28.729],[-49.512,-28.729],[-49.513,-28.721],[-49.488,-28.721],[-49.489,-28.719],[-49.479,-28.72],[-49.476,-28.723],[-49.477,-28.713],[-49.423,-28.713],[-49.421,-28.714],[-49.42,-28.72],[-49.413,-28.725],[-49.41,-28.732],[-49.407,-28.738],[-49.409,-28.742],[-49.413,-28.745],[-49.418,-28.752],[-49.425,-28.751],[-49.423,-28.755],[-49.427,-28.754],[-49.428,-28.757],[-49.433,-28.758],[-49.432,-28.764],[-49.435,-28.766],[-49.431,-28.766],[-49.436,-28.768],[-49.431,-28.771],[-49.43,-28.774],[-49.427,-28.776],[-49.424,-28.786],[-49.42,-28.787],[-49.423,-28.793],[-49.419,-28.794],[-49.42,-28.799],[-49.423,-28.801],[-49.42,-28.807],[-49.425,-28.808],[-49.421,-28.811],[-49.427,-28.813],[-49.425,-28.815]]]}},{"type":"Feature","properties":{"c":"4205506"},"geometry":{"type":"Polygon","coordinates":[[[-51.009,-27.12],[-51.011,-27.114],[-51.013,-27.113],[-51.007,-27.11],[-50.996,-27.11],[-50.994,-27.104],[-50.995,-27.102],[-50.992,-27.098],[-50.987,-27.1],[-50.983,-27.098],[-50.987,-27.095],[-50.984,-27.09],[-50.979,-27.09],[-50.978,-27.086],[-50.973,-27.084],[-50.973,-27.08],[-50.971,-27.077],[-50.972,-27.074],[-50.971,-27.069],[-50.973,-27.063],[-50.97,-27.06],[-50.968,-27.051],[-50.971,-27.048],[-50.971,-27.043],[-50.976,-27.037],[-50.977,-27.039],[-50.984,-27.038],[-50.991,-27.04],[-50.994,-27.035],[-50.999,-27.037],[-51.004,-27.037],[-51.006,-27.035],[-51.007,-27.027],[-51.013,-27.02],[-51.012,-27.018],[-51.015,-27.014],[-51.013,-27.006],[-51.02,-26.999],[-51.027,-26.996],[-51.026,-26.992],[-51.034,-26.988],[-51.036,-26.99],[-51.042,-26.992],[-51.045,-26.986],[-51.05,-26.982],[-51.046,-26.979],[-51.04,-26.981],[-51.036,-26.979],[-51.036,-26.973],[-51.032,-26.971],[-51.028,-26.973],[-51.025,-26.98],[-51.003,-26.982],[-51.003,-26.978],[-50.986,-26.979],[-50.982,-26.972],[-50.989,-26.966],[-50.99,-26.962],[-50.846,-26.873],[-50.841,-26.874],[-50.843,-26.877],[-50.84,-26.888],[-50.843,-26.895],[-50.842,-26.899],[-50.839,-26.902],[-50.839,-26.906],[-50.842,-26.91],[-50.843,-26.914],[-50.847,-26.919],[-50.848,-26.924],[-50.846,-26.926],[-50.844,-26.934],[-50.837,-26.938],[-50.834,-26.942],[-50.832,-26.948],[-50.836,-26.95],[-50.834,-26.952],[-50.835,-26.961],[-50.834,-26.967],[-50.829,-26.97],[-50.828,-26.973],[-50.822,-26.977],[-50.824,-26.979],[-50.822,-26.986],[-50.826,-26.989],[-50.821,-26.992],[-50.816,-26.989],[-50.814,-26.991],[-50.816,-26.995],[-50.815,-26.996],[-50.808,-26.997],[-50.803,-26.996],[-50.798,-26.998],[-50.797,-27.001],[-50.801,-27.003],[-50.803,-27.009],[-50.802,-27.014],[-50.799,-27.012],[-50.797,-27.014],[-50.789,-27.009],[-50.791,-27.004],[-50.781,-27.003],[-50.785,-27.0],[-50.782,-26.998],[-50.778,-27.0],[-50.777,-26.998],[-50.782,-26.992],[-50.773,-26.995],[-50.77,-26.998],[-50.764,-26.997],[-50.767,-26.989],[-50.764,-26.988],[-50.759,-26.994],[-50.759,-26.998],[-50.761,-27.001],[-50.759,-27.003],[-50.751,-26.999],[-50.747,-26.999],[-50.743,-27.003],[-50.748,-27.004],[-50.75,-27.009],[-50.746,-27.015],[-50.743,-27.016],[-50.733,-27.018],[-50.735,-27.025],[-50.748,-27.028],[-50.747,-27.032],[-50.737,-27.036],[-50.732,-27.035],[-50.732,-27.039],[-50.729,-27.041],[-50.732,-27.045],[-50.73,-27.05],[-50.724,-27.053],[-50.726,-27.055],[-50.721,-27.061],[-50.723,-27.064],[-50.731,-27.057],[-50.728,-27.064],[-50.732,-27.063],[-50.734,-27.068],[-50.731,-27.074],[-50.726,-27.077],[-50.726,-27.08],[-50.714,-27.084],[-50.713,-27.09],[-50.723,-27.091],[-50.721,-27.097],[-50.718,-27.1],[-50.708,-27.101],[-50.71,-27.104],[-50.717,-27.105],[-50.719,-27.112],[-50.713,-27.115],[-50.708,-27.116],[-50.707,-27.118],[-50.709,-27.127],[-50.716,-27.134],[-50.714,-27.135],[-50.709,-27.136],[-50.701,-27.132],[-50.697,-27.132],[-50.699,-27.137],[-50.7,-27.136],[-50.712,-27.139],[-50.719,-27.138],[-50.723,-27.136],[-50.731,-27.128],[-50.731,-27.125],[-50.735,-27.121],[-50.74,-27.122],[-50.749,-27.122],[-50.754,-27.124],[-50.759,-27.121],[-50.766,-27.119],[-50.77,-27.121],[-50.784,-27.118],[-50.797,-27.132],[-50.828,-27.158],[-50.827,-27.168],[-50.824,-27.171],[-50.828,-27.175],[-50.828,-27.177],[-50.835,-27.18],[-50.838,-27.184],[-50.845,-27.184],[-50.841,-27.179],[-50.844,-27.175],[-50.848,-27.174],[-50.842,-27.171],[-50.845,-27.168],[-50.841,-27.166],[-50.847,-27.162],[-50.846,-27.158],[-50.852,-27.158],[-50.854,-27.155],[-50.859,-27.154],[-50.862,-27.158],[-50.867,-27.156],[-50.871,-27.153],[-50.872,-27.149],[-50.877,-27.146],[-50.872,-27.144],[-50.876,-27.14],[-50.876,-27.132],[-50.88,-27.127],[-50.883,-27.127],[-50.89,-27.124],[-50.894,-27.125],[-50.901,-27.125],[-50.913,-27.119],[-50.92,-27.119],[-50.927,-27.12],[-50.93,-27.119],[-50.938,-27.119],[-50.944,-27.121],[-50.946,-27.126],[-50.952,-27.132],[-50.956,-27.132],[-50.957,-27.133],[-50.967,-27.134],[-50.973,-27.132],[-50.976,-27.134],[-50.987,-27.132],[-50.988,-27.134],[-50.996,-27.135],[-50.998,-27.137],[-51.004,-27.124],[-51.009,-27.12]]]}},{"type":"Feature","properties":{"c":"4205555"},"geometry":{"type":"Polygon","coordinates":[[[-50.765,-27.306],[-50.771,-27.305],[-50.773,-27.297],[-50.778,-27.295],[-50.779,-27.291],[-50.775,-27.29],[-50.775,-27.285],[-50.78,-27.277],[-50.776,-27.273],[-50.778,-27.267],[-50.787,-27.269],[-50.794,-27.268],[-50.799,-27.264],[-50.8,-27.26],[-50.797,-27.258],[-50.789,-27.256],[-50.787,-27.252],[-50.792,-27.249],[-50.796,-27.248],[-50.796,-27.241],[-50.8,-27.242],[-50.811,-27.238],[-50.808,-27.231],[-50.815,-27.228],[-50.821,-27.23],[-50.82,-27.227],[-50.823,-27.223],[-50.819,-27.221],[-50.822,-27.219],[-50.821,-27.217],[-50.817,-27.215],[-50.82,-27.212],[-50.818,-27.209],[-50.82,-27.206],[-50.826,-27.204],[-50.825,-27.199],[-50.827,-27.196],[-50.826,-27.192],[-50.833,-27.19],[-50.838,-27.184],[-50.835,-27.18],[-50.828,-27.177],[-50.828,-27.175],[-50.824,-27.171],[-50.827,-27.168],[-50.828,-27.158],[-50.797,-27.132],[-50.784,-27.118],[-50.77,-27.121],[-50.766,-27.119],[-50.759,-27.121],[-50.754,-27.124],[-50.749,-27.122],[-50.74,-27.122],[-50.735,-27.121],[-50.731,-27.125],[-50.731,-27.128],[-50.723,-27.136],[-50.719,-27.138],[-50.712,-27.139],[-50.7,-27.136],[-50.699,-27.137],[-50.71,-27.144],[-50.709,-27.147],[-50.703,-27.153],[-50.699,-27.153],[-50.694,-27.154],[-50.691,-27.153],[-50.681,-27.157],[-50.702,-27.189],[-50.707,-27.187],[-50.72,-27.192],[-50.726,-27.199],[-50.731,-27.203],[-50.726,-27.214],[-50.723,-27.215],[-50.722,-27.223],[-50.724,-27.224],[-50.737,-27.224],[-50.741,-27.227],[-50.736,-27.231],[-50.732,-27.239],[-50.734,-27.243],[-50.732,-27.247],[-50.728,-27.251],[-50.728,-27.255],[-50.742,-27.252],[-50.744,-27.249],[-50.749,-27.249],[-50.759,-27.259],[-50.759,-27.266],[-50.756,-27.27],[-50.748,-27.271],[-50.74,-27.27],[-50.736,-27.272],[-50.732,-27.278],[-50.733,-27.281],[-50.741,-27.287],[-50.744,-27.286],[-50.75,-27.282],[-50.755,-27.282],[-50.759,-27.278],[-50.767,-27.281],[-50.769,-27.286],[-50.766,-27.3],[-50.765,-27.306]]]}},{"type":"Feature","properties":{"c":"4205605"},"geometry":{"type":"Polygon","coordinates":[[[-52.611,-26.49],[-52.618,-26.493],[-52.623,-26.492],[-52.63,-26.499],[-52.633,-26.499],[-52.649,-26.495],[-52.649,-26.49],[-52.662,-26.483],[-52.67,-26.483],[-52.685,-26.485],[-52.691,-26.489],[-52.69,-26.491],[-52.695,-26.492],[-52.691,-26.495],[-52.688,-26.494],[-52.692,-26.498],[-52.691,-26.5],[-52.685,-26.5],[-52.718,-26.504],[-52.745,-26.506],[-52.746,-26.504],[-52.751,-26.501],[-52.753,-26.499],[-52.751,-26.497],[-52.746,-26.5],[-52.748,-26.49],[-52.738,-26.491],[-52.737,-26.488],[-52.746,-26.486],[-52.746,-26.485],[-52.739,-26.48],[-52.744,-26.481],[-52.747,-26.479],[-52.743,-26.471],[-52.739,-26.469],[-52.744,-26.464],[-52.741,-26.462],[-52.734,-26.462],[-52.731,-26.458],[-52.729,-26.46],[-52.725,-26.458],[-52.724,-26.453],[-52.727,-26.448],[-52.728,-26.445],[-52.73,-26.444],[-52.729,-26.44],[-52.717,-26.436],[-52.713,-26.432],[-52.707,-26.422],[-52.705,-26.423],[-52.701,-26.42],[-52.691,-26.423],[-52.687,-26.421],[-52.688,-26.419],[-52.693,-26.419],[-52.694,-26.415],[-52.691,-26.415],[-52.688,-26.41],[-52.684,-26.412],[-52.671,-26.412],[-52.669,-26.407],[-52.666,-26.407],[-52.664,-26.401],[-52.667,-26.395],[-52.662,-26.39],[-52.655,-26.388],[-52.649,-26.379],[-52.645,-26.381],[-52.637,-26.384],[-52.635,-26.39],[-52.631,-26.393],[-52.621,-26.396],[-52.617,-26.408],[-52.611,-26.412],[-52.603,-26.415],[-52.596,-26.416],[-52.588,-26.411],[-52.582,-26.41],[-52.58,-26.408],[-52.57,-26.408],[-52.568,-26.409],[-52.559,-26.408],[-52.557,-26.408],[-52.563,-26.415],[-52.567,-26.415],[-52.572,-26.418],[-52.574,-26.427],[-52.575,-26.426],[-52.577,-26.432],[-52.58,-26.431],[-52.584,-26.436],[-52.58,-26.442],[-52.584,-26.449],[-52.58,-26.453],[-52.582,-26.456],[-52.591,-26.455],[-52.593,-26.458],[-52.602,-26.461],[-52.599,-26.467],[-52.598,-26.472],[-52.601,-26.476],[-52.606,-26.475],[-52.611,-26.477],[-52.607,-26.481],[-52.607,-26.488],[-52.611,-26.49]]]}},{"type":"Feature","properties":{"c":"4205704"},"geometry":{"type":"MultiPolygon","coordinates":[[[[-48.634,-28.113],[-48.635,-28.111],[-48.639,-28.114],[-48.652,-28.115],[-48.667,-28.118],[-48.679,-28.106],[-48.695,-28.102],[-48.695,-28.101],[-48.702,-28.102],[-48.703,-28.097],[-48.701,-28.094],[-48.706,-28.092],[-48.702,-28.091],[-48.701,-28.089],[-48.707,-28.086],[-48.707,-28.083],[-48.704,-28.079],[-48.705,-28.074],[-48.708,-28.07],[-48.707,-28.067],[-48.711,-28.061],[-48.722,-28.061],[-48.725,-28.058],[-48.725,-28.055],[-48.719,-28.054],[-48.72,-28.046],[-48.718,-28.042],[-48.713,-28.039],[-48.709,-28.03],[-48.704,-28.024],[-48.698,-28.021],[-48.698,-28.017],[-48.696,-28.013],[-48.695,-28.017],[-48.689,-28.017],[-48.688,-28.019],[-48.685,-28.017],[-48.685,-28.012],[-48.681,-28.006],[-48.672,-28.008],[-48.672,-28.004],[-48.665,-27.998],[-48.664,-27.994],[-48.657,-27.988],[-48.66,-27.984],[-48.658,-27.979],[-48.656,-27.977],[-48.655,-27.971],[-48.651,-27.969],[-48.65,-27.966],[-48.645,-27.965],[-48.643,-27.967],[-48.638,-27.963],[-48.637,-27.956],[-48.624,-27.946],[-48.621,-27.945],[-48.625,-27.954],[-48.625,-27.96],[-48.62,-27.963],[-48.625,-27.972],[-48.628,-27.974],[-48.629,-27.982],[-48.632,-27.991],[-48.632,-28.0],[-48.629,-28.012],[-48.625,-28.018],[-48.62,-28.022],[-48.616,-28.023],[-48.61,-28.02],[-48.609,-28.016],[-48.604,-28.021],[-48.601,-28.029],[-48.598,-28.03],[-48.6,-28.035],[-48.603,-28.033],[-48.607,-28.037],[-48.61,-28.044],[-48.607,-28.048],[-48.606,-28.052],[-48.609,-28.062],[-48.617,-28.067],[-48.617,-28.071],[-48.622,-28.076],[-48.625,-28.075],[-48.629,-28.079],[-48.628,-28.083],[-48.631,-28.083],[-48.632,-28.086],[-48.631,-28.094],[-48.633,-28.096],[-48.634,-28.103],[-48.637,-28.103],[-48.637,-28.107],[-48.63,-28.108],[-48.634,-28.113]]],[[[-48.618,-27.988],[-48.617,-27.986],[-48.617,-27.988],[-48.618,-27.988]]],[[[-48.629,-28.089],[-48.63,-28.089],[-48.63,-28.088],[-48.629,-28.089]]],[[[-48.627,-28.102],[-48.627,-28.101],[-48.626,-28.102],[-48.627,-28.102]]]]}},{"type":"Feature","properties":{"c":"4205803"},"geometry":{"type":"Polygon","coordinates":[[[-49.057,-26.076],[-49.054,-26.07],[-49.056,-26.067],[-49.054,-26.064],[-49.056,-26.061],[-49.054,-26.06],[-49.055,-26.052],[-49.058,-26.048],[-49.052,-26.043],[-49.053,-26.035],[-49.052,-26.033],[-49.052,-26.028],[-49.045,-26.025],[-49.044,-26.022],[-49.039,-26.018],[-49.04,-26.014],[-49.037,-26.014],[-49.036,-26.01],[-49.033,-26.012],[-49.03,-26.01],[-49.027,-26.012],[-49.024,-26.016],[-49.019,-26.018],[-49.011,-26.019],[-49.007,-26.021],[-49.004,-26.026],[-48.996,-26.028],[-48.991,-26.024],[-48.985,-26.026],[-48.977,-26.026],[-48.971,-26.022],[-48.969,-26.023],[-48.962,-26.02],[-48.958,-26.021],[-48.956,-26.019],[-48.957,-26.01],[-48.962,-26.009],[-48.962,-26.003],[-48.959,-26.001],[-48.96,-25.997],[-48.955,-25.995],[-48.95,-25.99],[-48.96,-25.981],[-48.682,-25.984],[-48.684,-25.99],[-48.694,-25.996],[-48.696,-25.999],[-48.702,-25.997],[-48.703,-26.004],[-48.706,-26.007],[-48.712,-26.008],[-48.709,-26.013],[-48.713,-26.017],[-48.709,-26.02],[-48.709,-26.023],[-48.712,-26.024],[-48.714,-26.027],[-48.719,-26.03],[-48.716,-26.034],[-48.715,-26.037],[-48.717,-26.04],[-48.717,-26.044],[-48.702,-26.051],[-48.701,-26.054],[-48.705,-26.058],[-48.702,-26.059],[-48.704,-26.065],[-48.707,-26.07],[-48.698,-26.08],[-48.692,-26.083],[-48.698,-26.092],[-48.71,-26.094],[-48.722,-26.106],[-48.733,-26.108],[-48.735,-26.111],[-48.745,-26.117],[-48.745,-26.124],[-48.742,-26.127],[-48.746,-26.128],[-48.758,-26.137],[-48.764,-26.14],[-48.769,-26.139],[-48.773,-26.146],[-48.779,-26.149],[-48.784,-26.153],[-48.792,-26.137],[-48.794,-26.132],[-48.802,-26.13],[-48.809,-26.13],[-48.813,-26.128],[-48.818,-26.129],[-48.821,-26.126],[-48.822,-26.12],[-48.828,-26.123],[-48.975,-26.125],[-49.042,-26.114],[-49.047,-26.111],[-49.049,-26.107],[-49.047,-26.104],[-49.048,-26.099],[-49.045,-26.095],[-49.046,-26.089],[-49.05,-26.087],[-49.049,-26.084],[-49.052,-26.079],[-49.057,-26.076]]]}},{"type":"Feature","properties":{"c":"4205902"},"geometry":{"type":"Polygon","coordinates":[[[-48.866,-27.003],[-48.869,-27.003],[-48.871,-26.999],[-48.879,-26.999],[-48.882,-27.002],[-48.887,-27.003],[-48.894,-27.011],[-48.906,-27.011],[-48.909,-27.012],[-48.912,-27.018],[-48.914,-27.021],[-48.926,-27.02],[-48.928,-27.023],[-48.934,-27.028],[-48.937,-27.027],[-48.945,-27.028],[-48.957,-27.023],[-48.961,-27.023],[-48.962,-27.021],[-48.967,-27.026],[-48.973,-27.029],[-48.977,-27.028],[-48.984,-27.029],[-48.986,-27.031],[-48.987,-27.036],[-48.991,-27.037],[-48.999,-27.034],[-49.005,-27.038],[-49.009,-27.038],[-49.014,-27.041],[-49.016,-27.044],[-49.02,-27.046],[-49.022,-27.05],[-49.027,-27.048],[-49.037,-27.048],[-49.04,-27.043],[-49.045,-27.048],[-49.047,-27.053],[-49.053,-27.055],[-49.057,-27.062],[-49.062,-27.059],[-49.065,-27.055],[-49.063,-27.051],[-49.065,-27.049],[-49.066,-27.043],[-49.061,-27.042],[-49.063,-27.039],[-49.054,-27.034],[-49.054,-27.027],[-49.056,-27.024],[-49.059,-27.016],[-49.054,-27.012],[-49.056,-27.009],[-49.057,-27.003],[-49.059,-27.003],[-49.056,-26.999],[-49.056,-26.994],[-49.052,-26.994],[-49.042,-26.986],[-49.044,-26.982],[-49.041,-26.977],[-49.043,-26.971],[-49.045,-26.971],[-49.047,-26.964],[-49.052,-26.96],[-49.055,-26.96],[-49.057,-26.955],[-49.054,-26.948],[-49.041,-26.938],[-49.037,-26.94],[-49.034,-26.937],[-49.032,-26.938],[-49.028,-26.934],[-49.032,-26.93],[-49.029,-26.922],[-49.025,-26.922],[-49.017,-26.915],[-49.018,-26.912],[-49.012,-26.907],[-49.014,-26.9],[-49.017,-26.901],[-49.044,-26.878],[-49.044,-26.87],[-49.04,-26.864],[-49.044,-26.86],[-49.04,-26.858],[-49.043,-26.854],[-49.043,-26.845],[-49.039,-26.839],[-49.042,-26.828],[-49.049,-26.825],[-49.049,-26.819],[-49.046,-26.819],[-49.045,-26.814],[-49.05,-26.81],[-49.051,-26.796],[-49.054,-26.795],[-49.05,-26.789],[-49.055,-26.782],[-49.049,-26.779],[-49.046,-26.776],[-49.03,-26.778],[-49.022,-26.789],[-49.012,-26.789],[-49.006,-26.784],[-49.0,-26.788],[-49.002,-26.791],[-48.999,-26.798],[-49.0,-26.803],[-48.998,-26.805],[-48.987,-26.809],[-48.988,-26.814],[-48.986,-26.817],[-48.978,-26.821],[-48.984,-26.824],[-48.982,-26.829],[-48.976,-26.831],[-48.97,-26.837],[-48.961,-26.84],[-48.956,-26.836],[-48.95,-26.839],[-48.948,-26.841],[-48.943,-26.843],[-48.939,-26.842],[-48.934,-26.845],[-48.933,-26.85],[-48.927,-26.853],[-48.925,-26.859],[-48.921,-26.861],[-48.919,-26.864],[-48.915,-26.864],[-48.913,-26.869],[-48.904,-26.874],[-48.902,-26.88],[-48.898,-26.881],[-48.898,-26.886],[-48.894,-26.89],[-48.887,-26.891],[-48.881,-26.893],[-48.88,-26.896],[-48.875,-26.896],[-48.871,-26.9],[-48.866,-26.903],[-48.865,-26.91],[-48.851,-26.908],[-48.846,-26.907],[-48.847,-26.911],[-48.851,-26.91],[-48.854,-26.917],[-48.854,-26.921],[-48.843,-26.964],[-48.851,-26.98],[-48.856,-26.992],[-48.864,-26.999],[-48.866,-27.003]]]}},{"type":"Feature","properties":{"c":"4206009"},"geometry":{"type":"MultiPolygon","coordinates":[[[[-48.526,-27.408],[-48.533,-27.428],[-48.541,-27.436],[-48.553,-27.442],[-48.568,-27.448],[-48.582,-27.452],[-48.585,-27.455],[-48.596,-27.45],[-48.603,-27.443],[-48.608,-27.435],[-48.607,-27.426],[-48.605,-27.423],[-48.601,-27.422],[-48.604,-27.413],[-48.603,-27.409],[-48.598,-27.402],[-48.602,-27.399],[-48.616,-27.4],[-48.618,-27.402],[-48.629,-27.403],[-48.632,-27.389],[-48.631,-27.38],[-48.633,-27.373],[-48.634,-27.365],[-48.632,-27.356],[-48.633,-27.346],[-48.627,-27.34],[-48.627,-27.325],[-48.595,-27.316],[-48.589,-27.319],[-48.585,-27.32],[-48.58,-27.313],[-48.576,-27.315],[-48.572,-27.315],[-48.568,-27.309],[-48.564,-27.308],[-48.564,-27.315],[-48.56,-27.316],[-48.558,-27.313],[-48.556,-27.315],[-48.552,-27.312],[-48.553,-27.311],[-48.552,-27.305],[-48.548,-27.307],[-48.544,-27.301],[-48.544,-27.299],[-48.539,-27.299],[-48.541,-27.304],[-48.538,-27.306],[-48.539,-27.309],[-48.54,-27.32],[-48.538,-27.325],[-48.534,-27.333],[-48.531,-27.335],[-48.526,-27.333],[-48.526,-27.34],[-48.528,-27.341],[-48.526,-27.344],[-48.535,-27.35],[-48.533,-27.356],[-48.537,-27.357],[-48.535,-27.365],[-48.532,-27.373],[-48.529,-27.377],[-48.525,-27.377],[-48.534,-27.383],[-48.526,-27.408]]],[[[-48.528,-27.305],[-48.53,-27.308],[-48.533,-27.304],[-48.528,-27.305]]],[[[-48.525,-27.328],[-48.525,-27.329],[-48.526,-27.328],[-48.525,-27.328]]],[[[-48.526,-27.33],[-48.527,-27.33],[-48.525,-27.329],[-48.526,-27.33]]]]}},{"type":"Feature","properties":{"c":"4206108"},"geometry":{"type":"Polygon","coordinates":[[[-49.276,-28.248],[-49.28,-28.247],[-49.281,-28.249],[-49.286,-28.25],[-49.292,-28.253],[-49.3,-28.251],[-49.302,-28.253],[-49.306,-28.25],[-49.306,-28.246],[-49.311,-28.245],[-49.315,-28.242],[-49.324,-28.239],[-49.329,-28.24],[-49.335,-28.238],[-49.347,-28.239],[-49.352,-28.236],[-49.353,-28.229],[-49.357,-28.226],[-49.363,-28.227],[-49.367,-28.224],[-49.368,-28.22],[-49.371,-28.216],[-49.38,-28.208],[-49.383,-28.2],[-49.389,-28.198],[-49.391,-28.195],[-49.395,-28.195],[-49.397,-28.189],[-49.397,-28.181],[-49.393,-28.174],[-49.397,-28.168],[-49.398,-28.158],[-49.405,-28.155],[-49.405,-28.153],[-49.41,-28.151],[-49.412,-28.152],[-49.414,-28.149],[-49.43,-28.151],[-49.435,-28.144],[-49.435,-28.137],[-49.438,-28.136],[-49.44,-28.133],[-49.442,-28.128],[-49.437,-28.12],[-49.432,-28.114],[-49.43,-28.117],[-49.42,-28.116],[-49.414,-28.114],[-49.412,-28.116],[-49.405,-28.113],[-49.393,-28.11],[-49.395,-28.107],[-49.389,-28.103],[-49.389,-28.101],[-49.392,-28.099],[-49.4,-28.099],[-49.399,-28.088],[-49.403,-28.089],[-49.402,-28.085],[-49.404,-28.08],[-49.397,-28.081],[-49.397,-28.074],[-49.394,-28.074],[-49.394,-28.071],[-49.389,-28.068],[-49.389,-28.072],[-49.384,-28.071],[-49.383,-28.068],[-49.378,-28.066],[-49.372,-28.066],[-49.368,-28.062],[-49.369,-28.057],[-49.366,-28.052],[-49.369,-28.049],[-49.371,-28.046],[-49.364,-28.042],[-49.363,-28.037],[-49.355,-28.029],[-49.354,-28.026],[-49.357,-28.021],[-49.355,-28.019],[-49.355,-28.014],[-49.351,-28.011],[-49.347,-28.005],[-49.35,-28.0],[-49.349,-27.996],[-49.342,-27.993],[-49.339,-27.987],[-49.334,-27.986],[-49.327,-27.983],[-49.322,-27.984],[-49.326,-27.986],[-49.33,-27.994],[-49.327,-27.997],[-49.333,-27.997],[-49.335,-27.995],[-49.338,-28.006],[-49.341,-28.008],[-49.342,-28.017],[-49.339,-28.028],[-49.336,-28.029],[-49.33,-28.035],[-49.33,-28.039],[-49.325,-28.046],[-49.316,-28.049],[-49.307,-28.057],[-49.306,-28.064],[-49.307,-28.067],[-49.304,-28.07],[-49.305,-28.076],[-49.304,-28.081],[-49.301,-28.086],[-49.299,-28.094],[-49.3,-28.095],[-49.296,-28.101],[-49.297,-28.104],[-49.293,-28.108],[-49.289,-28.111],[-49.284,-28.112],[-49.277,-28.11],[-49.268,-28.112],[-49.267,-28.116],[-49.261,-28.12],[-49.26,-28.122],[-49.253,-28.13],[-49.252,-28.137],[-49.249,-28.138],[-49.248,-28.142],[-49.252,-28.146],[-49.252,-28.151],[-49.25,-28.153],[-49.246,-28.153],[-49.246,-28.156],[-49.241,-28.158],[-49.235,-28.156],[-49.226,-28.159],[-49.223,-28.162],[-49.216,-28.163],[-49.199,-28.155],[-49.199,-28.157],[-49.197,-28.161],[-49.193,-28.163],[-49.192,-28.166],[-49.194,-28.17],[-49.192,-28.176],[-49.189,-28.178],[-49.19,-28.185],[-49.194,-28.189],[-49.196,-28.194],[-49.2,-28.197],[-49.195,-28.205],[-49.196,-28.214],[-49.195,-28.218],[-49.199,-28.22],[-49.198,-28.228],[-49.195,-28.232],[-49.193,-28.232],[-49.186,-28.238],[-49.186,-28.244],[-49.175,-28.254],[-49.176,-28.262],[-49.181,-28.265],[-49.181,-28.261],[-49.183,-28.251],[-49.187,-28.251],[-49.193,-28.254],[-49.199,-28.251],[-49.2,-28.246],[-49.205,-28.246],[-49.208,-28.24],[-49.212,-28.241],[-49.216,-28.239],[-49.221,-28.239],[-49.223,-28.237],[-49.23,-28.237],[-49.236,-28.24],[-49.242,-28.239],[-49.245,-28.241],[-49.249,-28.241],[-49.251,-28.243],[-49.252,-28.241],[-49.256,-28.24],[-49.261,-28.245],[-49.265,-28.243],[-49.276,-28.248]]]}},{"type":"Feature","properties":{"c":"4206207"},"geometry":{"type":"Polygon","coordinates":[[[-49.101,-28.363],[-49.105,-28.359],[-49.106,-28.356],[-49.104,-28.343],[-49.101,-28.335],[-49.095,-28.334],[-49.087,-28.329],[-49.082,-28.32],[-49.086,-28.318],[-49.091,-28.304],[-49.091,-28.301],[-49.084,-28.29],[-49.082,-28.277],[-49.079,-28.274],[-49.078,-28.278],[-49.076,-28.283],[-49.074,-28.291],[-49.071,-28.294],[-49.065,-28.294],[-49.063,-28.292],[-49.057,-28.294],[-49.045,-28.293],[-49.047,-28.298],[-49.04,-28.3],[-49.038,-28.304],[-49.03,-28.302],[-49.026,-28.299],[-49.02,-28.299],[-49.017,-28.306],[-48.994,-28.301],[-48.993,-28.298],[-48.987,-28.301],[-48.986,-28.305],[-48.981,-28.307],[-48.976,-28.307],[-48.97,-28.312],[-48.967,-28.319],[-48.956,-28.318],[-48.955,-28.319],[-48.952,-28.322],[-48.952,-28.328],[-48.949,-28.334],[-48.949,-28.342],[-48.944,-28.345],[-48.948,-28.35],[-48.947,-28.358],[-48.948,-28.359],[-48.948,-28.361],[-48.94,-28.362],[-48.934,-28.365],[-48.938,-28.373],[-48.935,-28.375],[-48.933,-28.381],[-48.937,-28.384],[-48.979,-28.422],[-49.011,-28.417],[-49.02,-28.412],[-49.022,-28.409],[-49.021,-28.405],[-49.023,-28.404],[-49.023,-28.399],[-49.03,-28.4],[-49.034,-28.402],[-49.041,-28.4],[-49.045,-28.404],[-49.052,-28.404],[-49.055,-28.402],[-49.057,-28.398],[-49.059,-28.397],[-49.06,-28.392],[-49.065,-28.391],[-49.071,-28.397],[-49.072,-28.395],[-49.08,-28.388],[-49.082,-28.384],[-49.081,-28.379],[-49.087,-28.373],[-49.089,-28.373],[-49.092,-28.367],[-49.101,-28.363]]]}},{"type":"Feature","properties":{"c":"4206306"},"geometry":{"type":"Polygon","coordinates":[[[-48.934,-27.028],[-48.934,-27.033],[-48.932,-27.034],[-48.928,-27.043],[-48.934,-27.046],[-48.933,-27.049],[-48.936,-27.053],[-48.939,-27.053],[-48.936,-27.061],[-48.94,-27.062],[-48.95,-27.07],[-48.951,-27.08],[-48.946,-27.084],[-48.949,-27.084],[-48.952,-27.088],[-48.95,-27.096],[-48.955,-27.107],[-48.959,-27.111],[-48.965,-27.112],[-48.98,-27.123],[-48.976,-27.138],[-48.978,-27.139],[-48.975,-27.143],[-48.976,-27.146],[-48.981,-27.144],[-48.984,-27.139],[-48.988,-27.143],[-48.989,-27.146],[-48.994,-27.145],[-49.0,-27.147],[-49.004,-27.143],[-49.007,-27.144],[-49.013,-27.142],[-49.016,-27.145],[-49.019,-27.144],[-49.021,-27.146],[-49.014,-27.15],[-49.018,-27.156],[-49.02,-27.153],[-49.023,-27.156],[-49.02,-27.157],[-49.022,-27.161],[-49.02,-27.161],[-49.017,-27.165],[-49.014,-27.169],[-49.009,-27.17],[-49.009,-27.173],[-49.013,-27.173],[-49.015,-27.175],[-49.025,-27.174],[-49.024,-27.178],[-49.026,-27.181],[-49.025,-27.184],[-49.029,-27.188],[-49.031,-27.195],[-49.027,-27.198],[-49.027,-27.202],[-49.04,-27.186],[-49.044,-27.177],[-49.046,-27.174],[-49.056,-27.171],[-49.06,-27.168],[-49.062,-27.171],[-49.066,-27.173],[-49.074,-27.171],[-49.08,-27.175],[-49.087,-27.171],[-49.091,-27.171],[-49.096,-27.167],[-49.097,-27.163],[-49.1,-27.16],[-49.099,-27.156],[-49.1,-27.145],[-49.103,-27.139],[-49.108,-27.138],[-49.114,-27.139],[-49.116,-27.138],[-49.123,-27.141],[-49.139,-27.14],[-49.138,-27.133],[-49.134,-27.131],[-49.134,-27.128],[-49.129,-27.122],[-49.124,-27.124],[-49.117,-27.124],[-49.109,-27.12],[-49.106,-27.12],[-49.103,-27.115],[-49.098,-27.117],[-49.095,-27.116],[-49.091,-27.12],[-49.086,-27.122],[-49.079,-27.121],[-49.073,-27.114],[-49.066,-27.11],[-49.068,-27.106],[-49.067,-27.102],[-49.059,-27.099],[-49.058,-27.09],[-49.062,-27.086],[-49.059,-27.084],[-49.059,-27.076],[-49.06,-27.068],[-49.055,-27.064],[-49.057,-27.062],[-49.053,-27.055],[-49.047,-27.053],[-49.045,-27.048],[-49.04,-27.043],[-49.037,-27.048],[-49.027,-27.048],[-49.022,-27.05],[-49.02,-27.046],[-49.016,-27.044],[-49.014,-27.041],[-49.009,-27.038],[-49.005,-27.038],[-48.999,-27.034],[-48.991,-27.037],[-48.987,-27.036],[-48.986,-27.031],[-48.984,-27.029],[-48.977,-27.028],[-48.973,-27.029],[-48.967,-27.026],[-48.962,-27.021],[-48.961,-27.023],[-48.957,-27.023],[-48.945,-27.028],[-48.937,-27.027],[-48.934,-27.028]]]}},{"type":"Feature","properties":{"c":"4206405"},"geometry":{"type":"Polygon","coordinates":[[[-53.598,-26.658],[-53.602,-26.655],[-53.605,-26.658],[-53.608,-26.659],[-53.609,-26.655],[-53.615,-26.647],[-53.614,-26.643],[-53.632,-26.629],[-53.63,-26.619],[-53.623,-26.615],[-53.627,-26.613],[-53.629,-26.615],[-53.631,-26.612],[-53.644,-26.604],[-53.633,-26.592],[-53.648,-26.583],[-53.653,-26.59],[-53.675,-26.579],[-53.681,-26.58],[-53.683,-26.579],[-53.688,-26.582],[-53.688,-26.587],[-53.7,-26.581],[-53.7,-26.589],[-53.699,-26.592],[-53.706,-26.59],[-53.705,-26.593],[-53.71,-26.592],[-53.712,-26.596],[-53.71,-26.598],[-53.708,-26.595],[-53.704,-26.599],[-53.71,-26.599],[-53.712,-26.602],[-53.71,-26.605],[-53.712,-26.607],[-53.714,-26.602],[-53.718,-26.6],[-53.718,-26.603],[-53.721,-26.604],[-53.72,-26.597],[-53.724,-26.597],[-53.727,-26.604],[-53.731,-26.601],[-53.729,-26.594],[-53.733,-26.587],[-53.732,-26.586],[-53.725,-26.59],[-53.725,-26.584],[-53.722,-26.581],[-53.721,-26.57],[-53.723,-26.563],[-53.721,-26.562],[-53.709,-26.563],[-53.708,-26.56],[-53.711,-26.557],[-53.722,-26.559],[-53.726,-26.564],[-53.732,-26.567],[-53.736,-26.567],[-53.738,-26.565],[-53.735,-26.559],[-53.727,-26.56],[-53.725,-26.557],[-53.727,-26.551],[-53.73,-26.549],[-53.739,-26.548],[-53.742,-26.544],[-53.733,-26.539],[-53.724,-26.543],[-53.721,-26.538],[-53.719,-26.535],[-53.718,-26.54],[-53.713,-26.541],[-53.71,-26.545],[-53.707,-26.545],[-53.706,-26.543],[-53.713,-26.537],[-53.714,-26.531],[-53.712,-26.525],[-53.709,-26.527],[-53.711,-26.529],[-53.707,-26.531],[-53.706,-26.536],[-53.704,-26.534],[-53.705,-26.53],[-53.701,-26.529],[-53.701,-26.523],[-53.707,-26.52],[-53.708,-26.514],[-53.704,-26.512],[-53.697,-26.513],[-53.697,-26.52],[-53.692,-26.517],[-53.694,-26.512],[-53.687,-26.512],[-53.69,-26.511],[-53.691,-26.505],[-53.688,-26.5],[-53.682,-26.501],[-53.683,-26.505],[-53.677,-26.507],[-53.674,-26.512],[-53.669,-26.506],[-53.664,-26.51],[-53.66,-26.511],[-53.656,-26.513],[-53.654,-26.513],[-53.643,-26.516],[-53.637,-26.516],[-53.637,-26.526],[-53.619,-26.525],[-53.617,-26.521],[-53.608,-26.52],[-53.608,-26.516],[-53.581,-26.516],[-53.58,-26.521],[-53.583,-26.521],[-53.58,-26.527],[-53.575,-26.523],[-53.572,-26.528],[-53.564,-26.53],[-53.563,-26.528],[-53.555,-26.529],[-53.553,-26.524],[-53.545,-26.525],[-53.541,-26.522],[-53.535,-26.521],[-53.526,-26.523],[-53.518,-26.521],[-53.516,-26.518],[-53.494,-26.517],[-53.494,-26.521],[-53.471,-26.547],[-53.458,-26.547],[-53.459,-26.548],[-53.462,-26.551],[-53.462,-26.554],[-53.453,-26.554],[-53.453,-26.556],[-53.46,-26.563],[-53.458,-26.567],[-53.453,-26.567],[-53.448,-26.564],[-53.445,-26.565],[-53.44,-26.571],[-53.433,-26.574],[-53.432,-26.577],[-53.439,-26.579],[-53.444,-26.585],[-53.449,-26.586],[-53.455,-26.582],[-53.454,-26.587],[-53.449,-26.588],[-53.441,-26.593],[-53.439,-26.585],[-53.431,-26.583],[-53.428,-26.584],[-53.428,-26.59],[-53.433,-26.594],[-53.433,-26.6],[-53.437,-26.608],[-53.429,-26.614],[-53.429,-26.606],[-53.425,-26.603],[-53.413,-26.606],[-53.418,-26.609],[-53.42,-26.615],[-53.432,-26.621],[-53.429,-26.626],[-53.447,-26.628],[-53.447,-26.634],[-53.455,-26.635],[-53.462,-26.64],[-53.464,-26.638],[-53.474,-26.647],[-53.477,-26.644],[-53.495,-26.66],[-53.501,-26.654],[-53.517,-26.655],[-53.522,-26.652],[-53.528,-26.651],[-53.536,-26.647],[-53.542,-26.647],[-53.553,-26.645],[-53.555,-26.647],[-53.561,-26.647],[-53.564,-26.652],[-53.565,-26.652],[-53.57,-26.656],[-53.573,-26.655],[-53.585,-26.65],[-53.584,-26.653],[-53.591,-26.653],[-53.59,-26.656],[-53.597,-26.655],[-53.598,-26.658]]]}},{"type":"Feature","properties":{"c":"4206504"},"geometry":{"type":"Polygon","coordinates":[[[-48.839,-26.441],[-48.843,-26.444],[-48.847,-26.446],[-48.849,-26.443],[-48.854,-26.441],[-48.858,-26.442],[-48.859,-26.446],[-48.857,-26.448],[-48.86,-26.45],[-48.864,-26.448],[-48.866,-26.445],[-48.871,-26.449],[-48.875,-26.449],[-48.876,-26.452],[-48.874,-26.455],[-48.869,-26.458],[-48.871,-26.461],[-48.875,-26.46],[-48.876,-26.462],[-48.882,-26.459],[-48.879,-26.467],[-48.882,-26.472],[-48.88,-26.477],[-48.884,-26.478],[-48.893,-26.476],[-48.896,-26.478],[-48.904,-26.485],[-48.905,-26.491],[-48.899,-26.49],[-48.898,-26.493],[-48.902,-26.493],[-48.898,-26.496],[-48.902,-26.496],[-48.909,-26.496],[-48.905,-26.499],[-48.904,-26.502],[-48.9,-26.505],[-48.901,-26.508],[-48.898,-26.514],[-48.893,-26.514],[-48.891,-26.516],[-48.888,-26.514],[-48.884,-26.521],[-48.884,-26.524],[-48.876,-26.531],[-48.874,-26.535],[-48.87,-26.537],[-48.866,-26.537],[-48.864,-26.54],[-48.863,-26.536],[-48.859,-26.537],[-48.86,-26.541],[-48.856,-26.54],[-48.854,-26.535],[-48.853,-26.53],[-48.849,-26.528],[-48.846,-26.532],[-48.841,-26.53],[-48.84,-26.526],[-48.836,-26.531],[-48.832,-26.531],[-48.833,-26.537],[-48.832,-26.541],[-48.833,-26.546],[-48.837,-26.547],[-48.846,-26.544],[-48.848,-26.544],[-48.856,-26.55],[-48.86,-26.559],[-48.86,-26.563],[-48.878,-26.564],[-48.878,-26.559],[-48.882,-26.559],[-48.882,-26.552],[-48.884,-26.555],[-48.891,-26.554],[-48.897,-26.548],[-48.899,-26.542],[-48.904,-26.542],[-48.91,-26.543],[-48.915,-26.54],[-48.919,-26.542],[-48.927,-26.54],[-48.929,-26.543],[-48.935,-26.545],[-48.942,-26.545],[-48.946,-26.547],[-48.948,-26.555],[-48.954,-26.557],[-48.978,-26.573],[-48.98,-26.574],[-49.003,-26.57],[-49.012,-26.572],[-49.014,-26.568],[-49.014,-26.559],[-49.017,-26.553],[-49.016,-26.547],[-49.02,-26.542],[-49.019,-26.534],[-49.023,-26.533],[-49.027,-26.535],[-49.032,-26.535],[-49.045,-26.536],[-49.045,-26.533],[-49.05,-26.528],[-49.052,-26.522],[-49.051,-26.515],[-49.041,-26.516],[-49.036,-26.52],[-49.027,-26.515],[-49.022,-26.516],[-49.021,-26.511],[-49.016,-26.506],[-49.022,-26.501],[-49.028,-26.492],[-49.028,-26.488],[-49.021,-26.484],[-49.016,-26.484],[-49.015,-26.481],[-49.021,-26.478],[-49.032,-26.476],[-49.036,-26.468],[-49.034,-26.462],[-49.03,-26.461],[-49.029,-26.457],[-49.02,-26.455],[-49.016,-26.458],[-49.012,-26.459],[-49.01,-26.456],[-49.001,-26.453],[-48.994,-26.455],[-48.984,-26.457],[-48.985,-26.452],[-48.984,-26.448],[-48.98,-26.444],[-48.985,-26.437],[-48.991,-26.44],[-48.995,-26.438],[-49.0,-26.44],[-49.008,-26.439],[-49.011,-26.434],[-49.012,-26.428],[-49.017,-26.424],[-49.02,-26.418],[-49.019,-26.413],[-49.015,-26.412],[-49.013,-26.408],[-49.01,-26.407],[-49.009,-26.4],[-49.003,-26.398],[-49.002,-26.396],[-49.004,-26.389],[-49.001,-26.39],[-48.991,-26.389],[-48.988,-26.392],[-48.982,-26.395],[-48.976,-26.395],[-48.972,-26.398],[-48.966,-26.399],[-48.964,-26.403],[-48.954,-26.407],[-48.953,-26.412],[-48.951,-26.412],[-48.938,-26.419],[-48.93,-26.421],[-48.925,-26.418],[-48.924,-26.414],[-48.924,-26.404],[-48.921,-26.392],[-48.923,-26.385],[-48.924,-26.38],[-48.919,-26.377],[-48.906,-26.374],[-48.896,-26.375],[-48.876,-26.383],[-48.874,-26.392],[-48.869,-26.397],[-48.856,-26.411],[-48.854,-26.417],[-48.854,-26.422],[-48.842,-26.434],[-48.839,-26.441]]]}},{"type":"Feature","properties":{"c":"4206603"},"geometry":{"type":"Polygon","coordinates":[[[-53.541,-26.427],[-53.54,-26.425],[-53.553,-26.421],[-53.583,-26.413],[-53.586,-26.409],[-53.58,-26.41],[-53.576,-26.408],[-53.581,-26.406],[-53.58,-26.401],[-53.574,-26.403],[-53.575,-26.4],[-53.572,-26.398],[-53.576,-26.397],[-53.576,-26.393],[-53.573,-26.394],[-53.572,-26.391],[-53.568,-26.394],[-53.564,-26.389],[-53.565,-26.385],[-53.562,-26.384],[-53.566,-26.38],[-53.563,-26.38],[-53.564,-26.377],[-53.56,-26.375],[-53.526,-26.373],[-53.452,-26.369],[-53.397,-26.366],[-53.394,-26.366],[-53.399,-26.373],[-53.403,-26.373],[-53.402,-26.377],[-53.405,-26.379],[-53.397,-26.382],[-53.396,-26.386],[-53.399,-26.386],[-53.399,-26.391],[-53.403,-26.389],[-53.402,-26.394],[-53.407,-26.389],[-53.406,-26.398],[-53.403,-26.397],[-53.402,-26.408],[-53.408,-26.407],[-53.407,-26.412],[-53.412,-26.412],[-53.414,-26.415],[-53.412,-26.425],[-53.403,-26.428],[-53.402,-26.432],[-53.408,-26.432],[-53.411,-26.43],[-53.418,-26.434],[-53.424,-26.435],[-53.429,-26.432],[-53.433,-26.432],[-53.44,-26.426],[-53.452,-26.424],[-53.454,-26.421],[-53.454,-26.417],[-53.456,-26.413],[-53.465,-26.406],[-53.469,-26.422],[-53.488,-26.423],[-53.487,-26.425],[-53.493,-26.428],[-53.507,-26.428],[-53.511,-26.429],[-53.521,-26.428],[-53.526,-26.432],[-53.531,-26.431],[-53.541,-26.427]]]}},{"type":"Feature","properties":{"c":"4206652"},"geometry":{"type":"Polygon","coordinates":[[[-52.786,-27.206],[-52.808,-27.202],[-52.817,-27.203],[-52.821,-27.204],[-52.831,-27.21],[-52.84,-27.211],[-52.846,-27.207],[-52.847,-27.202],[-52.846,-27.191],[-52.843,-27.18],[-52.844,-27.175],[-52.847,-27.172],[-52.851,-27.17],[-52.852,-27.169],[-52.846,-27.158],[-52.838,-27.157],[-52.838,-27.152],[-52.844,-27.148],[-52.843,-27.145],[-52.837,-27.147],[-52.837,-27.139],[-52.836,-27.137],[-52.84,-27.135],[-52.843,-27.137],[-52.845,-27.135],[-52.848,-27.137],[-52.851,-27.135],[-52.853,-27.13],[-52.856,-27.132],[-52.859,-27.127],[-52.857,-27.122],[-52.852,-27.124],[-52.85,-27.121],[-52.853,-27.117],[-52.85,-27.115],[-52.852,-27.113],[-52.848,-27.108],[-52.846,-27.111],[-52.842,-27.108],[-52.837,-27.111],[-52.835,-27.108],[-52.829,-27.107],[-52.833,-27.103],[-52.832,-27.098],[-52.835,-27.091],[-52.833,-27.087],[-52.836,-27.086],[-52.835,-27.081],[-52.837,-27.08],[-52.837,-27.073],[-52.84,-27.069],[-52.845,-27.067],[-52.842,-27.058],[-52.845,-27.049],[-52.84,-27.044],[-52.834,-27.046],[-52.832,-27.044],[-52.826,-27.044],[-52.824,-27.047],[-52.811,-27.051],[-52.808,-27.051],[-52.805,-27.047],[-52.8,-27.05],[-52.795,-27.05],[-52.785,-27.053],[-52.779,-27.053],[-52.776,-27.047],[-52.774,-27.047],[-52.774,-27.043],[-52.769,-27.037],[-52.77,-27.033],[-52.762,-27.018],[-52.763,-27.016],[-52.76,-27.014],[-52.75,-27.017],[-52.745,-27.015],[-52.741,-27.011],[-52.738,-27.016],[-52.729,-27.021],[-52.729,-27.026],[-52.723,-27.037],[-52.722,-27.04],[-52.723,-27.045],[-52.728,-27.048],[-52.731,-27.046],[-52.729,-27.053],[-52.731,-27.058],[-52.734,-27.058],[-52.735,-27.064],[-52.734,-27.07],[-52.734,-27.074],[-52.729,-27.081],[-52.732,-27.084],[-52.707,-27.096],[-52.709,-27.098],[-52.706,-27.105],[-52.71,-27.109],[-52.711,-27.118],[-52.714,-27.125],[-52.716,-27.126],[-52.715,-27.133],[-52.718,-27.133],[-52.723,-27.138],[-52.724,-27.146],[-52.722,-27.153],[-52.726,-27.155],[-52.726,-27.158],[-52.732,-27.161],[-52.731,-27.163],[-52.734,-27.164],[-52.736,-27.167],[-52.742,-27.168],[-52.745,-27.166],[-52.749,-27.169],[-52.746,-27.172],[-52.753,-27.177],[-52.747,-27.182],[-52.75,-27.184],[-52.748,-27.186],[-52.749,-27.191],[-52.754,-27.19],[-52.757,-27.192],[-52.763,-27.189],[-52.768,-27.189],[-52.772,-27.186],[-52.775,-27.187],[-52.778,-27.192],[-52.786,-27.193],[-52.786,-27.196],[-52.784,-27.199],[-52.786,-27.206]]]}},{"type":"Feature","properties":{"c":"4206702"},"geometry":{"type":"Polygon","coordinates":[[[-51.53,-27.245],[-51.532,-27.242],[-51.54,-27.238],[-51.54,-27.234],[-51.532,-27.228],[-51.531,-27.223],[-51.531,-27.217],[-51.536,-27.208],[-51.536,-27.204],[-51.534,-27.201],[-51.527,-27.202],[-51.514,-27.208],[-51.509,-27.204],[-51.51,-27.194],[-51.504,-27.19],[-51.502,-27.175],[-51.497,-27.169],[-51.49,-27.165],[-51.483,-27.164],[-51.48,-27.162],[-51.482,-27.153],[-51.48,-27.145],[-51.475,-27.134],[-51.468,-27.135],[-51.463,-27.135],[-51.454,-27.131],[-51.448,-27.132],[-51.442,-27.134],[-51.438,-27.132],[-51.435,-27.127],[-51.434,-27.12],[-51.432,-27.117],[-51.423,-27.114],[-51.419,-27.114],[-51.412,-27.119],[-51.408,-27.121],[-51.409,-27.126],[-51.406,-27.125],[-51.407,-27.129],[-51.403,-27.135],[-51.394,-27.138],[-51.39,-27.141],[-51.389,-27.146],[-51.376,-27.146],[-51.376,-27.151],[-51.363,-27.151],[-51.357,-27.159],[-51.347,-27.159],[-51.346,-27.17],[-51.281,-27.213],[-51.287,-27.214],[-51.294,-27.218],[-51.298,-27.225],[-51.298,-27.232],[-51.306,-27.237],[-51.314,-27.241],[-51.311,-27.248],[-51.312,-27.252],[-51.322,-27.252],[-51.327,-27.259],[-51.326,-27.261],[-51.33,-27.263],[-51.337,-27.264],[-51.34,-27.257],[-51.35,-27.256],[-51.359,-27.249],[-51.364,-27.247],[-51.368,-27.247],[-51.374,-27.243],[-51.383,-27.244],[-51.387,-27.243],[-51.391,-27.244],[-51.396,-27.243],[-51.401,-27.24],[-51.405,-27.234],[-51.412,-27.234],[-51.414,-27.231],[-51.424,-27.237],[-51.429,-27.238],[-51.434,-27.242],[-51.439,-27.241],[-51.444,-27.238],[-51.447,-27.24],[-51.453,-27.239],[-51.452,-27.233],[-51.459,-27.227],[-51.459,-27.225],[-51.464,-27.221],[-51.467,-27.221],[-51.476,-27.227],[-51.476,-27.237],[-51.487,-27.233],[-51.493,-27.233],[-51.498,-27.235],[-51.501,-27.234],[-51.508,-27.235],[-51.52,-27.237],[-51.523,-27.24],[-51.529,-27.241],[-51.53,-27.245]]]}},{"type":"Feature","properties":{"c":"4206751"},"geometry":{"type":"Polygon","coordinates":[[[-51.281,-27.213],[-51.277,-27.209],[-51.282,-27.198],[-51.29,-27.189],[-51.299,-27.183],[-51.301,-27.179],[-51.306,-27.179],[-51.314,-27.173],[-51.314,-27.172],[-51.321,-27.168],[-51.322,-27.163],[-51.32,-27.158],[-51.321,-27.151],[-51.32,-27.153],[-51.307,-27.154],[-51.294,-27.162],[-51.286,-27.153],[-51.277,-27.153],[-51.274,-27.146],[-51.27,-27.141],[-51.263,-27.14],[-51.259,-27.137],[-51.25,-27.137],[-51.241,-27.139],[-51.233,-27.139],[-51.234,-27.143],[-51.227,-27.148],[-51.23,-27.153],[-51.228,-27.157],[-51.228,-27.162],[-51.224,-27.161],[-51.218,-27.161],[-51.212,-27.16],[-51.209,-27.164],[-51.203,-27.17],[-51.2,-27.171],[-51.194,-27.17],[-51.192,-27.177],[-51.186,-27.178],[-51.185,-27.183],[-51.186,-27.186],[-51.184,-27.19],[-51.183,-27.196],[-51.18,-27.199],[-51.174,-27.2],[-51.174,-27.205],[-51.168,-27.206],[-51.163,-27.214],[-51.155,-27.217],[-51.152,-27.22],[-51.144,-27.215],[-51.137,-27.219],[-51.131,-27.218],[-51.13,-27.221],[-51.125,-27.223],[-51.125,-27.23],[-51.115,-27.232],[-51.113,-27.239],[-51.117,-27.246],[-51.121,-27.254],[-51.125,-27.253],[-51.128,-27.254],[-51.132,-27.26],[-51.14,-27.26],[-51.145,-27.261],[-51.146,-27.265],[-51.143,-27.269],[-51.146,-27.274],[-51.151,-27.276],[-51.156,-27.282],[-51.158,-27.287],[-51.165,-27.284],[-51.164,-27.28],[-51.167,-27.278],[-51.174,-27.28],[-51.182,-27.278],[-51.188,-27.271],[-51.193,-27.268],[-51.201,-27.266],[-51.206,-27.26],[-51.21,-27.26],[-51.211,-27.254],[-51.215,-27.249],[-51.211,-27.246],[-51.217,-27.242],[-51.221,-27.236],[-51.227,-27.237],[-51.228,-27.233],[-51.244,-27.232],[-51.245,-27.233],[-51.25,-27.231],[-51.258,-27.234],[-51.263,-27.229],[-51.267,-27.228],[-51.27,-27.223],[-51.278,-27.22],[-51.281,-27.213]]]}},{"type":"Feature","properties":{"c":"4206801"},"geometry":{"type":"Polygon","coordinates":[[[-51.432,-27.117],[-51.436,-27.116],[-51.437,-27.112],[-51.43,-27.104],[-51.429,-27.101],[-51.434,-27.096],[-51.431,-27.091],[-51.427,-27.092],[-51.426,-27.084],[-51.428,-27.081],[-51.433,-27.083],[-51.436,-27.082],[-51.434,-27.077],[-51.43,-27.076],[-51.432,-27.069],[-51.435,-27.065],[-51.437,-27.066],[-51.435,-27.07],[-51.439,-27.071],[-51.441,-27.069],[-51.446,-27.069],[-51.449,-27.074],[-51.451,-27.074],[-51.459,-27.071],[-51.457,-27.07],[-51.45,-27.067],[-51.457,-27.062],[-51.46,-27.045],[-51.459,-27.04],[-51.463,-27.036],[-51.462,-27.028],[-51.421,-27.039],[-51.389,-27.04],[-51.345,-27.04],[-51.342,-27.038],[-51.348,-27.036],[-51.344,-27.034],[-51.345,-27.03],[-51.337,-27.023],[-51.334,-27.023],[-51.334,-27.02],[-51.333,-27.019],[-51.325,-27.018],[-51.322,-27.02],[-51.318,-27.019],[-51.318,-27.044],[-51.299,-27.058],[-51.293,-27.062],[-51.298,-27.067],[-51.303,-27.072],[-51.311,-27.076],[-51.319,-27.077],[-51.323,-27.083],[-51.322,-27.091],[-51.326,-27.103],[-51.326,-27.108],[-51.329,-27.109],[-51.332,-27.115],[-51.337,-27.117],[-51.334,-27.12],[-51.336,-27.125],[-51.333,-27.129],[-51.338,-27.132],[-51.332,-27.134],[-51.332,-27.137],[-51.334,-27.138],[-51.332,-27.146],[-51.321,-27.151],[-51.32,-27.158],[-51.322,-27.163],[-51.321,-27.168],[-51.314,-27.172],[-51.314,-27.173],[-51.306,-27.179],[-51.301,-27.179],[-51.299,-27.183],[-51.29,-27.189],[-51.282,-27.198],[-51.277,-27.209],[-51.281,-27.213],[-51.346,-27.17],[-51.347,-27.159],[-51.357,-27.159],[-51.363,-27.151],[-51.376,-27.151],[-51.376,-27.146],[-51.389,-27.146],[-51.39,-27.141],[-51.394,-27.138],[-51.403,-27.135],[-51.407,-27.129],[-51.406,-27.125],[-51.409,-27.126],[-51.408,-27.121],[-51.412,-27.119],[-51.419,-27.114],[-51.423,-27.114],[-51.432,-27.117]]]}},{"type":"Feature","properties":{"c":"4206900"},"geometry":{"type":"Polygon","coordinates":[[[-49.465,-26.94],[-49.466,-26.943],[-49.462,-26.949],[-49.46,-26.965],[-49.463,-26.976],[-49.461,-26.977],[-49.461,-26.983],[-49.464,-26.994],[-49.467,-26.998],[-49.469,-27.005],[-49.467,-27.012],[-49.466,-27.023],[-49.469,-27.025],[-49.47,-27.029],[-49.467,-27.035],[-49.471,-27.039],[-49.468,-27.043],[-49.473,-27.044],[-49.467,-27.052],[-49.47,-27.054],[-49.466,-27.058],[-49.467,-27.06],[-49.472,-27.064],[-49.471,-27.069],[-49.469,-27.07],[-49.465,-27.077],[-49.459,-27.081],[-49.456,-27.084],[-49.46,-27.089],[-49.458,-27.101],[-49.462,-27.1],[-49.464,-27.097],[-49.47,-27.093],[-49.473,-27.089],[-49.481,-27.086],[-49.487,-27.081],[-49.496,-27.079],[-49.5,-27.082],[-49.506,-27.083],[-49.51,-27.084],[-49.515,-27.08],[-49.52,-27.082],[-49.516,-27.088],[-49.51,-27.092],[-49.507,-27.097],[-49.502,-27.102],[-49.5,-27.108],[-49.504,-27.109],[-49.508,-27.106],[-49.514,-27.109],[-49.518,-27.114],[-49.516,-27.122],[-49.518,-27.129],[-49.515,-27.133],[-49.52,-27.136],[-49.525,-27.133],[-49.527,-27.134],[-49.53,-27.128],[-49.528,-27.124],[-49.537,-27.117],[-49.54,-27.118],[-49.545,-27.115],[-49.552,-27.116],[-49.554,-27.12],[-49.566,-27.124],[-49.569,-27.123],[-49.578,-27.129],[-49.587,-27.127],[-49.592,-27.128],[-49.591,-27.119],[-49.589,-27.116],[-49.595,-27.113],[-49.596,-27.108],[-49.595,-27.098],[-49.588,-27.093],[-49.586,-27.087],[-49.576,-27.08],[-49.587,-27.065],[-49.59,-27.047],[-49.593,-27.04],[-49.595,-27.036],[-49.593,-27.025],[-49.597,-27.02],[-49.601,-27.011],[-49.599,-27.009],[-49.595,-27.011],[-49.59,-27.009],[-49.59,-27.006],[-49.582,-27.002],[-49.581,-26.997],[-49.577,-26.992],[-49.578,-26.986],[-49.576,-26.98],[-49.578,-26.971],[-49.579,-26.964],[-49.577,-26.953],[-49.57,-26.942],[-49.57,-26.939],[-49.566,-26.934],[-49.558,-26.93],[-49.551,-26.921],[-49.544,-26.913],[-49.546,-26.907],[-49.544,-26.899],[-49.544,-26.892],[-49.537,-26.895],[-49.536,-26.897],[-49.532,-26.898],[-49.53,-26.901],[-49.526,-26.901],[-49.524,-26.904],[-49.519,-26.905],[-49.518,-26.908],[-49.512,-26.907],[-49.51,-26.91],[-49.507,-26.921],[-49.501,-26.926],[-49.494,-26.927],[-49.486,-26.937],[-49.475,-26.937],[-49.465,-26.94]]]}},{"type":"Feature","properties":{"c":"4207007"},"geometry":{"type":"Polygon","coordinates":[[[-49.244,-28.675],[-49.241,-28.677],[-49.232,-28.674],[-49.226,-28.671],[-49.214,-28.671],[-49.2,-28.678],[-49.193,-28.684],[-49.189,-28.683],[-49.185,-28.686],[-49.182,-28.684],[-49.176,-28.685],[-49.173,-28.694],[-49.174,-28.699],[-49.179,-28.711],[-49.176,-28.722],[-49.178,-28.728],[-49.184,-28.728],[-49.189,-28.734],[-49.193,-28.735],[-49.198,-28.74],[-49.204,-28.75],[-49.198,-28.753],[-49.195,-28.757],[-49.201,-28.76],[-49.202,-28.757],[-49.207,-28.763],[-49.207,-28.766],[-49.202,-28.769],[-49.205,-28.777],[-49.211,-28.769],[-49.215,-28.77],[-49.219,-28.773],[-49.222,-28.773],[-49.229,-28.776],[-49.234,-28.774],[-49.242,-28.779],[-49.242,-28.786],[-49.245,-28.789],[-49.245,-28.792],[-49.247,-28.796],[-49.251,-28.796],[-49.251,-28.798],[-49.255,-28.804],[-49.262,-28.806],[-49.269,-28.81],[-49.273,-28.815],[-49.273,-28.817],[-49.285,-28.823],[-49.286,-28.828],[-49.292,-28.834],[-49.298,-28.835],[-49.298,-28.841],[-49.303,-28.848],[-49.311,-28.853],[-49.319,-28.855],[-49.317,-28.857],[-49.327,-28.862],[-49.33,-28.865],[-49.351,-28.855],[-49.354,-28.806],[-49.357,-28.755],[-49.335,-28.754],[-49.331,-28.718],[-49.331,-28.712],[-49.332,-28.708],[-49.333,-28.679],[-49.327,-28.68],[-49.321,-28.679],[-49.319,-28.68],[-49.306,-28.677],[-49.292,-28.68],[-49.285,-28.68],[-49.279,-28.679],[-49.274,-28.68],[-49.263,-28.675],[-49.244,-28.675]]]}},{"type":"Feature","properties":{"c":"4207106"},"geometry":{"type":"Polygon","coordinates":[[[-48.843,-26.964],[-48.854,-26.921],[-48.854,-26.917],[-48.851,-26.91],[-48.847,-26.911],[-48.846,-26.907],[-48.851,-26.908],[-48.865,-26.91],[-48.866,-26.903],[-48.871,-26.9],[-48.875,-26.896],[-48.88,-26.896],[-48.881,-26.893],[-48.887,-26.891],[-48.894,-26.89],[-48.898,-26.886],[-48.898,-26.881],[-48.902,-26.88],[-48.904,-26.874],[-48.913,-26.869],[-48.915,-26.864],[-48.919,-26.864],[-48.921,-26.861],[-48.925,-26.859],[-48.927,-26.853],[-48.933,-26.85],[-48.934,-26.845],[-48.939,-26.842],[-48.943,-26.843],[-48.948,-26.841],[-48.95,-26.839],[-48.956,-26.836],[-48.961,-26.84],[-48.97,-26.837],[-48.976,-26.831],[-48.982,-26.829],[-48.984,-26.824],[-48.978,-26.821],[-48.986,-26.817],[-48.988,-26.814],[-48.987,-26.809],[-48.981,-26.804],[-48.98,-26.798],[-48.974,-26.794],[-48.971,-26.79],[-48.963,-26.788],[-48.954,-26.788],[-48.946,-26.782],[-48.942,-26.784],[-48.936,-26.78],[-48.927,-26.778],[-48.922,-26.772],[-48.913,-26.768],[-48.909,-26.765],[-48.906,-26.766],[-48.904,-26.764],[-48.898,-26.763],[-48.845,-26.803],[-48.835,-26.814],[-48.832,-26.814],[-48.826,-26.817],[-48.825,-26.82],[-48.82,-26.824],[-48.773,-26.833],[-48.761,-26.849],[-48.76,-26.855],[-48.762,-26.858],[-48.762,-26.869],[-48.763,-26.887],[-48.767,-26.89],[-48.767,-26.893],[-48.777,-26.901],[-48.786,-26.916],[-48.782,-26.919],[-48.763,-26.934],[-48.759,-26.936],[-48.761,-26.942],[-48.768,-26.95],[-48.771,-26.951],[-48.775,-26.954],[-48.784,-26.954],[-48.787,-26.955],[-48.794,-26.964],[-48.799,-26.967],[-48.81,-26.967],[-48.814,-26.965],[-48.819,-26.966],[-48.843,-26.964]]]}},{"type":"Feature","properties":{"c":"4207205"},"geometry":{"type":"Polygon","coordinates":[[[-48.948,-28.359],[-48.947,-28.358],[-48.948,-28.35],[-48.944,-28.345],[-48.949,-28.342],[-48.949,-28.334],[-48.952,-28.328],[-48.952,-28.322],[-48.955,-28.319],[-48.955,-28.311],[-48.951,-28.304],[-48.95,-28.299],[-48.956,-28.297],[-48.956,-28.294],[-48.954,-28.291],[-48.949,-28.289],[-48.952,-28.282],[-48.952,-28.279],[-48.955,-28.276],[-48.956,-28.269],[-48.947,-28.266],[-48.944,-28.262],[-48.941,-28.252],[-48.934,-28.249],[-48.932,-28.25],[-48.924,-28.25],[-48.921,-28.251],[-48.922,-28.235],[-48.918,-28.237],[-48.91,-28.235],[-48.911,-28.233],[-48.909,-28.228],[-48.911,-28.226],[-48.909,-28.222],[-48.911,-28.216],[-48.939,-28.175],[-48.926,-28.141],[-48.924,-28.146],[-48.916,-28.142],[-48.91,-28.145],[-48.909,-28.149],[-48.903,-28.15],[-48.901,-28.154],[-48.888,-28.153],[-48.884,-28.15],[-48.87,-28.096],[-48.87,-28.09],[-48.872,-28.083],[-48.869,-28.08],[-48.854,-28.076],[-48.848,-28.073],[-48.847,-28.075],[-48.832,-28.072],[-48.829,-28.073],[-48.826,-28.076],[-48.822,-28.074],[-48.818,-28.074],[-48.813,-28.079],[-48.811,-28.078],[-48.808,-28.087],[-48.807,-28.094],[-48.802,-28.095],[-48.789,-28.094],[-48.788,-28.091],[-48.782,-28.092],[-48.779,-28.089],[-48.77,-28.087],[-48.766,-28.09],[-48.762,-28.09],[-48.758,-28.093],[-48.759,-28.095],[-48.756,-28.1],[-48.759,-28.104],[-48.754,-28.106],[-48.758,-28.107],[-48.76,-28.11],[-48.756,-28.112],[-48.753,-28.112],[-48.751,-28.109],[-48.751,-28.114],[-48.748,-28.114],[-48.746,-28.116],[-48.748,-28.118],[-48.753,-28.116],[-48.754,-28.119],[-48.75,-28.124],[-48.748,-28.121],[-48.743,-28.121],[-48.74,-28.125],[-48.74,-28.128],[-48.744,-28.132],[-48.74,-28.132],[-48.739,-28.137],[-48.744,-28.137],[-48.748,-28.141],[-48.746,-28.142],[-48.74,-28.142],[-48.737,-28.145],[-48.737,-28.15],[-48.742,-28.152],[-48.738,-28.157],[-48.735,-28.154],[-48.731,-28.156],[-48.732,-28.162],[-48.734,-28.165],[-48.733,-28.172],[-48.73,-28.175],[-48.733,-28.18],[-48.736,-28.179],[-48.737,-28.189],[-48.732,-28.192],[-48.731,-28.199],[-48.734,-28.2],[-48.739,-28.199],[-48.739,-28.203],[-48.741,-28.209],[-48.741,-28.217],[-48.738,-28.228],[-48.736,-28.231],[-48.728,-28.237],[-48.725,-28.243],[-48.725,-28.253],[-48.729,-28.267],[-48.736,-28.287],[-48.741,-28.301],[-48.746,-28.31],[-48.754,-28.317],[-48.755,-28.325],[-48.752,-28.339],[-48.754,-28.346],[-48.759,-28.354],[-48.764,-28.359],[-48.769,-28.361],[-48.775,-28.361],[-48.782,-28.36],[-48.794,-28.355],[-48.801,-28.355],[-48.804,-28.356],[-48.85,-28.36],[-48.867,-28.36],[-48.892,-28.361],[-48.906,-28.359],[-48.906,-28.353],[-48.911,-28.352],[-48.919,-28.355],[-48.927,-28.35],[-48.935,-28.352],[-48.942,-28.359],[-48.948,-28.359]]]}},{"type":"Feature","properties":{"c":"4207304"},"geometry":{"type":"MultiPolygon","coordinates":[[[[-48.706,-28.341],[-48.755,-28.325],[-48.754,-28.317],[-48.746,-28.31],[-48.741,-28.301],[-48.736,-28.287],[-48.729,-28.267],[-48.725,-28.253],[-48.725,-28.243],[-48.728,-28.237],[-48.736,-28.231],[-48.738,-28.228],[-48.741,-28.217],[-48.741,-28.209],[-48.739,-28.203],[-48.739,-28.199],[-48.734,-28.2],[-48.731,-28.199],[-48.732,-28.192],[-48.737,-28.189],[-48.736,-28.179],[-48.733,-28.18],[-48.73,-28.175],[-48.733,-28.172],[-48.734,-28.165],[-48.732,-28.162],[-48.731,-28.156],[-48.735,-28.154],[-48.738,-28.157],[-48.742,-28.152],[-48.737,-28.15],[-48.737,-28.145],[-48.74,-28.142],[-48.746,-28.142],[-48.748,-28.141],[-48.744,-28.137],[-48.739,-28.137],[-48.74,-28.132],[-48.744,-28.132],[-48.74,-28.128],[-48.74,-28.125],[-48.743,-28.121],[-48.748,-28.121],[-48.75,-28.124],[-48.754,-28.119],[-48.753,-28.116],[-48.748,-28.118],[-48.746,-28.116],[-48.748,-28.114],[-48.751,-28.114],[-48.751,-28.109],[-48.753,-28.112],[-48.756,-28.112],[-48.76,-28.11],[-48.758,-28.107],[-48.754,-28.106],[-48.759,-28.104],[-48.756,-28.1],[-48.759,-28.095],[-48.758,-28.093],[-48.762,-28.09],[-48.707,-28.083],[-48.707,-28.086],[-48.701,-28.089],[-48.702,-28.091],[-48.706,-28.092],[-48.701,-28.094],[-48.703,-28.097],[-48.702,-28.102],[-48.695,-28.101],[-48.695,-28.102],[-48.679,-28.106],[-48.667,-28.118],[-48.652,-28.115],[-48.639,-28.114],[-48.635,-28.111],[-48.634,-28.113],[-48.636,-28.115],[-48.634,-28.119],[-48.63,-28.119],[-48.632,-28.123],[-48.637,-28.122],[-48.64,-28.124],[-48.642,-28.13],[-48.642,-28.137],[-48.64,-28.139],[-48.636,-28.139],[-48.639,-28.142],[-48.646,-28.144],[-48.647,-28.15],[-48.652,-28.154],[-48.658,-28.168],[-48.661,-28.175],[-48.663,-28.184],[-48.662,-28.192],[-48.657,-28.194],[-48.658,-28.198],[-48.661,-28.199],[-48.661,-28.203],[-48.665,-28.204],[-48.666,-28.207],[-48.662,-28.209],[-48.663,-28.212],[-48.667,-28.212],[-48.666,-28.219],[-48.661,-28.227],[-48.654,-28.232],[-48.65,-28.232],[-48.651,-28.229],[-48.649,-28.228],[-48.645,-28.234],[-48.648,-28.235],[-48.653,-28.24],[-48.657,-28.24],[-48.66,-28.244],[-48.668,-28.249],[-48.675,-28.256],[-48.683,-28.266],[-48.695,-28.286],[-48.703,-28.304],[-48.709,-28.323],[-48.709,-28.331],[-48.707,-28.335],[-48.703,-28.338],[-48.699,-28.336],[-48.698,-28.338],[-48.702,-28.34],[-48.703,-28.342],[-48.706,-28.341]]],[[[-48.641,-28.155],[-48.644,-28.152],[-48.641,-28.151],[-48.641,-28.155]]],[[[-48.656,-28.19],[-48.657,-28.189],[-48.656,-28.189],[-48.656,-28.19]]],[[[-48.655,-28.249],[-48.655,-28.247],[-48.653,-28.248],[-48.655,-28.249]]],[[[-48.65,-28.242],[-48.653,-28.241],[-48.651,-28.24],[-48.65,-28.242]]],[[[-48.65,-28.325],[-48.65,-28.322],[-48.646,-28.318],[-48.65,-28.325]]]]}},{"type":"Feature","properties":{"c":"4207403"},"geometry":{"type":"Polygon","coordinates":[[[-49.465,-27.446],[-49.455,-27.446],[-49.452,-27.443],[-49.445,-27.443],[-49.441,-27.446],[-49.436,-27.447],[-49.435,-27.451],[-49.431,-27.452],[-49.431,-27.456],[-49.428,-27.459],[-49.429,-27.465],[-49.427,-27.468],[-49.427,-27.472],[-49.421,-27.465],[-49.421,-27.459],[-49.416,-27.454],[-49.405,-27.449],[-49.396,-27.458],[-49.39,-27.456],[-49.385,-27.45],[-49.382,-27.452],[-49.383,-27.455],[-49.385,-27.458],[-49.382,-27.459],[-49.382,-27.461],[-49.387,-27.464],[-49.382,-27.466],[-49.386,-27.47],[-49.384,-27.471],[-49.375,-27.465],[-49.372,-27.46],[-49.37,-27.464],[-49.365,-27.464],[-49.368,-27.46],[-49.366,-27.457],[-49.368,-27.454],[-49.363,-27.449],[-49.361,-27.445],[-49.363,-27.441],[-49.359,-27.443],[-49.359,-27.45],[-49.358,-27.453],[-49.356,-27.449],[-49.35,-27.443],[-49.353,-27.453],[-49.357,-27.459],[-49.355,-27.467],[-49.357,-27.468],[-49.357,-27.473],[-49.351,-27.471],[-49.348,-27.475],[-49.349,-27.479],[-49.344,-27.475],[-49.346,-27.482],[-49.348,-27.487],[-49.354,-27.489],[-49.356,-27.497],[-49.359,-27.502],[-49.353,-27.503],[-49.354,-27.504],[-49.35,-27.507],[-49.358,-27.511],[-49.36,-27.514],[-49.362,-27.521],[-49.36,-27.523],[-49.363,-27.526],[-49.36,-27.531],[-49.36,-27.54],[-49.363,-27.544],[-49.363,-27.551],[-49.36,-27.555],[-49.355,-27.555],[-49.351,-27.559],[-49.346,-27.559],[-49.339,-27.557],[-49.335,-27.558],[-49.334,-27.561],[-49.327,-27.571],[-49.326,-27.574],[-49.32,-27.574],[-49.318,-27.572],[-49.316,-27.581],[-49.313,-27.584],[-49.308,-27.583],[-49.305,-27.581],[-49.301,-27.584],[-49.305,-27.583],[-49.311,-27.588],[-49.319,-27.59],[-49.323,-27.589],[-49.325,-27.583],[-49.33,-27.582],[-49.332,-27.578],[-49.337,-27.574],[-49.346,-27.57],[-49.354,-27.563],[-49.369,-27.565],[-49.373,-27.564],[-49.381,-27.558],[-49.386,-27.559],[-49.389,-27.564],[-49.394,-27.563],[-49.399,-27.565],[-49.404,-27.561],[-49.404,-27.558],[-49.415,-27.561],[-49.422,-27.565],[-49.42,-27.555],[-49.416,-27.553],[-49.415,-27.55],[-49.405,-27.551],[-49.405,-27.548],[-49.402,-27.545],[-49.395,-27.544],[-49.392,-27.54],[-49.394,-27.536],[-49.389,-27.54],[-49.388,-27.537],[-49.39,-27.532],[-49.387,-27.526],[-49.384,-27.529],[-49.385,-27.524],[-49.381,-27.522],[-49.39,-27.523],[-49.396,-27.528],[-49.404,-27.533],[-49.408,-27.539],[-49.414,-27.539],[-49.421,-27.542],[-49.425,-27.542],[-49.428,-27.537],[-49.422,-27.536],[-49.424,-27.531],[-49.419,-27.528],[-49.416,-27.529],[-49.414,-27.525],[-49.416,-27.526],[-49.421,-27.524],[-49.427,-27.523],[-49.427,-27.52],[-49.431,-27.517],[-49.438,-27.514],[-49.437,-27.519],[-49.442,-27.526],[-49.444,-27.532],[-49.452,-27.537],[-49.455,-27.537],[-49.46,-27.532],[-49.465,-27.532],[-49.469,-27.528],[-49.474,-27.532],[-49.477,-27.528],[-49.479,-27.528],[-49.48,-27.523],[-49.475,-27.52],[-49.477,-27.519],[-49.476,-27.514],[-49.478,-27.511],[-49.472,-27.505],[-49.477,-27.503],[-49.474,-27.501],[-49.473,-27.495],[-49.47,-27.495],[-49.461,-27.5],[-49.46,-27.504],[-49.456,-27.506],[-49.452,-27.501],[-49.446,-27.503],[-49.445,-27.502],[-49.451,-27.499],[-49.448,-27.495],[-49.459,-27.497],[-49.458,-27.491],[-49.464,-27.493],[-49.47,-27.488],[-49.468,-27.484],[-49.472,-27.483],[-49.473,-27.478],[-49.472,-27.472],[-49.468,-27.466],[-49.465,-27.465],[-49.466,-27.461],[-49.469,-27.463],[-49.472,-27.468],[-49.479,-27.474],[-49.481,-27.472],[-49.479,-27.469],[-49.475,-27.467],[-49.47,-27.46],[-49.465,-27.446]]]}},{"type":"Feature","properties":{"c":"4207502"},"geometry":{"type":"Polygon","coordinates":[[[-49.318,-27.022],[-49.317,-27.019],[-49.312,-27.015],[-49.31,-27.011],[-49.312,-27.007],[-49.31,-27.003],[-49.305,-27.001],[-49.305,-26.998],[-49.301,-26.997],[-49.3,-26.992],[-49.304,-26.99],[-49.306,-26.983],[-49.313,-26.979],[-49.314,-26.974],[-49.313,-26.97],[-49.315,-26.968],[-49.312,-26.966],[-49.313,-26.96],[-49.316,-26.959],[-49.322,-26.957],[-49.325,-26.952],[-49.322,-26.951],[-49.315,-26.954],[-49.304,-26.955],[-49.289,-26.95],[-49.315,-26.899],[-49.305,-26.848],[-49.285,-26.881],[-49.276,-26.877],[-49.271,-26.873],[-49.262,-26.868],[-49.258,-26.87],[-49.254,-26.87],[-49.207,-26.83],[-49.198,-26.836],[-49.201,-26.835],[-49.201,-26.838],[-49.198,-26.844],[-49.195,-26.846],[-49.196,-26.852],[-49.195,-26.855],[-49.187,-26.861],[-49.183,-26.862],[-49.174,-26.869],[-49.178,-26.873],[-49.187,-26.876],[-49.185,-26.88],[-49.18,-26.877],[-49.16,-26.886],[-49.153,-26.896],[-49.162,-26.894],[-49.166,-26.895],[-49.164,-26.901],[-49.165,-26.904],[-49.174,-26.905],[-49.177,-26.918],[-49.171,-26.924],[-49.169,-26.931],[-49.163,-26.934],[-49.159,-26.935],[-49.164,-26.938],[-49.166,-26.942],[-49.162,-26.945],[-49.163,-26.949],[-49.16,-26.953],[-49.165,-26.956],[-49.16,-26.96],[-49.16,-26.966],[-49.158,-26.97],[-49.162,-26.978],[-49.163,-26.984],[-49.161,-26.988],[-49.163,-26.99],[-49.161,-26.999],[-49.157,-27.005],[-49.151,-27.007],[-49.151,-27.011],[-49.137,-27.015],[-49.133,-27.019],[-49.135,-27.024],[-49.132,-27.025],[-49.132,-27.029],[-49.128,-27.032],[-49.131,-27.038],[-49.135,-27.04],[-49.133,-27.042],[-49.136,-27.047],[-49.134,-27.048],[-49.131,-27.056],[-49.133,-27.061],[-49.131,-27.068],[-49.135,-27.07],[-49.137,-27.074],[-49.137,-27.08],[-49.142,-27.091],[-49.144,-27.094],[-49.148,-27.091],[-49.155,-27.097],[-49.154,-27.102],[-49.157,-27.105],[-49.154,-27.107],[-49.156,-27.111],[-49.154,-27.112],[-49.152,-27.119],[-49.155,-27.12],[-49.161,-27.121],[-49.161,-27.124],[-49.17,-27.134],[-49.179,-27.136],[-49.186,-27.141],[-49.192,-27.139],[-49.194,-27.143],[-49.19,-27.148],[-49.194,-27.154],[-49.192,-27.154],[-49.199,-27.16],[-49.202,-27.154],[-49.205,-27.152],[-49.207,-27.156],[-49.211,-27.158],[-49.211,-27.163],[-49.214,-27.165],[-49.221,-27.163],[-49.226,-27.158],[-49.23,-27.158],[-49.231,-27.152],[-49.234,-27.151],[-49.236,-27.147],[-49.236,-27.139],[-49.24,-27.139],[-49.241,-27.135],[-49.246,-27.132],[-49.247,-27.129],[-49.245,-27.125],[-49.25,-27.123],[-49.248,-27.119],[-49.25,-27.105],[-49.256,-27.102],[-49.257,-27.097],[-49.253,-27.088],[-49.256,-27.087],[-49.257,-27.084],[-49.261,-27.083],[-49.272,-27.08],[-49.269,-27.073],[-49.267,-27.072],[-49.264,-27.063],[-49.266,-27.063],[-49.267,-27.057],[-49.277,-27.054],[-49.286,-27.059],[-49.294,-27.059],[-49.297,-27.056],[-49.299,-27.05],[-49.298,-27.045],[-49.301,-27.044],[-49.302,-27.04],[-49.298,-27.039],[-49.301,-27.036],[-49.314,-27.034],[-49.318,-27.022]]]}},{"type":"Feature","properties":{"c":"4207577"},"geometry":{"type":"Polygon","coordinates":[[[-51.283,-26.923],[-51.277,-26.928],[-51.273,-26.929],[-51.27,-26.928],[-51.27,-26.924],[-51.265,-26.926],[-51.266,-26.93],[-51.264,-26.932],[-51.266,-26.936],[-51.26,-26.939],[-51.259,-26.942],[-51.263,-26.947],[-51.265,-26.953],[-51.261,-26.956],[-51.264,-26.96],[-51.26,-26.965],[-51.264,-26.967],[-51.253,-26.971],[-51.249,-26.968],[-51.253,-26.964],[-51.252,-26.961],[-51.245,-26.964],[-51.242,-26.962],[-51.232,-26.962],[-51.232,-26.956],[-51.221,-26.958],[-51.217,-26.961],[-51.216,-26.964],[-51.22,-26.965],[-51.223,-26.972],[-51.218,-26.976],[-51.215,-26.975],[-51.215,-26.971],[-51.212,-26.973],[-51.21,-26.975],[-51.215,-26.979],[-51.216,-26.981],[-51.21,-26.983],[-51.211,-26.987],[-51.215,-26.992],[-51.206,-26.993],[-51.206,-26.998],[-51.201,-27.003],[-51.202,-27.006],[-51.2,-27.011],[-51.196,-27.014],[-51.196,-27.018],[-51.201,-27.021],[-51.196,-27.029],[-51.198,-27.032],[-51.201,-27.03],[-51.211,-27.02],[-51.216,-27.022],[-51.212,-27.027],[-51.212,-27.029],[-51.222,-27.03],[-51.226,-27.028],[-51.23,-27.028],[-51.232,-27.033],[-51.249,-27.034],[-51.318,-27.019],[-51.322,-27.02],[-51.325,-27.018],[-51.333,-27.019],[-51.334,-27.02],[-51.338,-27.017],[-51.344,-27.016],[-51.345,-27.013],[-51.343,-27.007],[-51.338,-27.005],[-51.345,-27.001],[-51.349,-27.004],[-51.352,-27.003],[-51.347,-26.999],[-51.34,-26.998],[-51.346,-26.994],[-51.348,-26.99],[-51.353,-26.988],[-51.349,-26.984],[-51.352,-26.981],[-51.351,-26.979],[-51.325,-26.957],[-51.283,-26.923]]]}},{"type":"Feature","properties":{"c":"4207601"},"geometry":{"type":"Polygon","coordinates":[[[-51.87,-27.45],[-51.877,-27.456],[-51.882,-27.455],[-51.882,-27.45],[-51.879,-27.439],[-51.879,-27.433],[-51.886,-27.428],[-51.882,-27.426],[-51.878,-27.427],[-51.883,-27.419],[-51.88,-27.42],[-51.877,-27.418],[-51.878,-27.413],[-51.874,-27.41],[-51.875,-27.406],[-51.872,-27.407],[-51.872,-27.404],[-51.868,-27.402],[-51.838,-27.372],[-51.818,-27.37],[-51.82,-27.348],[-51.822,-27.296],[-51.812,-27.289],[-51.811,-27.286],[-51.807,-27.284],[-51.802,-27.287],[-51.798,-27.291],[-51.796,-27.294],[-51.794,-27.288],[-51.785,-27.286],[-51.782,-27.283],[-51.778,-27.283],[-51.771,-27.282],[-51.768,-27.277],[-51.766,-27.281],[-51.756,-27.281],[-51.751,-27.286],[-51.758,-27.293],[-51.756,-27.299],[-51.761,-27.307],[-51.757,-27.311],[-51.75,-27.314],[-51.747,-27.318],[-51.742,-27.32],[-51.743,-27.323],[-51.74,-27.325],[-51.74,-27.331],[-51.737,-27.33],[-51.73,-27.336],[-51.731,-27.338],[-51.728,-27.341],[-51.73,-27.343],[-51.738,-27.341],[-51.735,-27.347],[-51.738,-27.348],[-51.734,-27.353],[-51.731,-27.351],[-51.729,-27.353],[-51.73,-27.357],[-51.735,-27.355],[-51.737,-27.36],[-51.734,-27.363],[-51.73,-27.375],[-51.731,-27.389],[-51.733,-27.392],[-51.735,-27.394],[-51.748,-27.392],[-51.759,-27.39],[-51.764,-27.391],[-51.761,-27.405],[-51.759,-27.408],[-51.759,-27.415],[-51.762,-27.417],[-51.771,-27.417],[-51.781,-27.42],[-51.786,-27.419],[-51.791,-27.423],[-51.791,-27.427],[-51.786,-27.427],[-51.778,-27.436],[-51.776,-27.442],[-51.777,-27.444],[-51.781,-27.444],[-51.786,-27.439],[-51.792,-27.437],[-51.802,-27.434],[-51.805,-27.429],[-51.8,-27.424],[-51.801,-27.421],[-51.808,-27.422],[-51.811,-27.425],[-51.818,-27.43],[-51.827,-27.432],[-51.834,-27.437],[-51.838,-27.445],[-51.839,-27.454],[-51.844,-27.463],[-51.848,-27.464],[-51.852,-27.456],[-51.853,-27.449],[-51.855,-27.445],[-51.861,-27.444],[-51.867,-27.446],[-51.87,-27.45]]]}},{"type":"Feature","properties":{"c":"4207650"},"geometry":{"type":"Polygon","coordinates":[[[-53.587,-27.009],[-53.582,-27.005],[-53.579,-27.006],[-53.576,-27.001],[-53.574,-27.002],[-53.57,-26.996],[-53.566,-26.993],[-53.559,-26.993],[-53.556,-26.987],[-53.557,-26.985],[-53.551,-26.979],[-53.553,-26.977],[-53.554,-26.972],[-53.555,-26.969],[-53.569,-26.964],[-53.571,-26.965],[-53.574,-26.961],[-53.583,-26.96],[-53.589,-26.965],[-53.591,-26.965],[-53.583,-26.958],[-53.583,-26.953],[-53.58,-26.953],[-53.575,-26.955],[-53.572,-26.95],[-53.567,-26.947],[-53.56,-26.95],[-53.56,-26.947],[-53.558,-26.945],[-53.547,-26.946],[-53.545,-26.948],[-53.54,-26.945],[-53.536,-26.946],[-53.533,-26.946],[-53.523,-26.941],[-53.517,-26.939],[-53.513,-26.936],[-53.503,-26.936],[-53.501,-26.935],[-53.496,-26.939],[-53.482,-26.943],[-53.474,-26.943],[-53.467,-26.941],[-53.462,-26.943],[-53.45,-26.944],[-53.446,-26.941],[-53.441,-26.943],[-53.435,-26.943],[-53.431,-26.94],[-53.424,-26.942],[-53.426,-26.944],[-53.425,-26.948],[-53.419,-26.947],[-53.419,-26.951],[-53.414,-26.949],[-53.411,-26.952],[-53.409,-26.953],[-53.4,-26.952],[-53.397,-26.955],[-53.398,-26.976],[-53.391,-26.979],[-53.391,-26.981],[-53.397,-26.984],[-53.397,-26.987],[-53.392,-26.995],[-53.388,-26.998],[-53.386,-26.998],[-53.382,-26.993],[-53.379,-26.997],[-53.38,-27.005],[-53.375,-27.015],[-53.377,-27.016],[-53.383,-27.012],[-53.39,-27.014],[-53.397,-27.01],[-53.4,-27.013],[-53.407,-27.014],[-53.412,-27.019],[-53.419,-27.019],[-53.423,-27.016],[-53.432,-27.014],[-53.44,-27.009],[-53.445,-27.008],[-53.45,-27.009],[-53.453,-27.016],[-53.446,-27.026],[-53.448,-27.029],[-53.446,-27.032],[-53.448,-27.039],[-53.452,-27.044],[-53.456,-27.044],[-53.463,-27.048],[-53.479,-27.063],[-53.475,-27.07],[-53.482,-27.072],[-53.486,-27.075],[-53.489,-27.082],[-53.503,-27.085],[-53.509,-27.08],[-53.52,-27.082],[-53.524,-27.08],[-53.527,-27.077],[-53.534,-27.09],[-53.547,-27.09],[-53.542,-27.087],[-53.545,-27.08],[-53.543,-27.08],[-53.542,-27.076],[-53.548,-27.076],[-53.545,-27.071],[-53.546,-27.061],[-53.547,-27.055],[-53.543,-27.048],[-53.541,-27.04],[-53.545,-27.033],[-53.543,-27.031],[-53.543,-27.028],[-53.547,-27.025],[-53.573,-27.025],[-53.577,-27.018],[-53.583,-27.014],[-53.587,-27.009]]]}},{"type":"Feature","properties":{"c":"4207684"},"geometry":{"type":"Polygon","coordinates":[[[-52.393,-26.684],[-52.386,-26.696],[-52.388,-26.698],[-52.388,-26.707],[-52.393,-26.705],[-52.409,-26.702],[-52.412,-26.699],[-52.416,-26.698],[-52.425,-26.707],[-52.425,-26.715],[-52.426,-26.716],[-52.424,-26.723],[-52.419,-26.725],[-52.418,-26.729],[-52.413,-26.73],[-52.413,-26.734],[-52.41,-26.737],[-52.409,-26.741],[-52.406,-26.745],[-52.409,-26.748],[-52.414,-26.748],[-52.422,-26.748],[-52.423,-26.75],[-52.419,-26.76],[-52.424,-26.763],[-52.424,-26.766],[-52.43,-26.767],[-52.435,-26.761],[-52.431,-26.753],[-52.442,-26.749],[-52.446,-26.75],[-52.454,-26.755],[-52.458,-26.754],[-52.461,-26.751],[-52.462,-26.757],[-52.468,-26.761],[-52.466,-26.766],[-52.471,-26.766],[-52.472,-26.761],[-52.479,-26.76],[-52.489,-26.764],[-52.498,-26.754],[-52.5,-26.755],[-52.493,-26.77],[-52.495,-26.773],[-52.501,-26.774],[-52.503,-26.778],[-52.499,-26.782],[-52.499,-26.789],[-52.503,-26.789],[-52.505,-26.785],[-52.51,-26.782],[-52.512,-26.777],[-52.517,-26.775],[-52.521,-26.775],[-52.523,-26.787],[-52.521,-26.79],[-52.517,-26.788],[-52.51,-26.789],[-52.506,-26.791],[-52.508,-26.796],[-52.515,-26.797],[-52.528,-26.805],[-52.535,-26.809],[-52.535,-26.75],[-52.535,-26.711],[-52.543,-26.706],[-52.549,-26.701],[-52.551,-26.695],[-52.552,-26.687],[-52.557,-26.682],[-52.563,-26.672],[-52.557,-26.67],[-52.558,-26.666],[-52.564,-26.662],[-52.572,-26.664],[-52.576,-26.663],[-52.576,-26.659],[-52.574,-26.65],[-52.564,-26.65],[-52.557,-26.654],[-52.547,-26.654],[-52.543,-26.664],[-52.539,-26.665],[-52.529,-26.66],[-52.529,-26.657],[-52.535,-26.651],[-52.534,-26.639],[-52.535,-26.635],[-52.541,-26.631],[-52.544,-26.623],[-52.543,-26.62],[-52.54,-26.62],[-52.533,-26.622],[-52.531,-26.626],[-52.529,-26.632],[-52.523,-26.635],[-52.515,-26.637],[-52.513,-26.634],[-52.519,-26.628],[-52.519,-26.621],[-52.521,-26.619],[-52.523,-26.613],[-52.526,-26.612],[-52.53,-26.614],[-52.541,-26.607],[-52.537,-26.602],[-52.528,-26.602],[-52.518,-26.607],[-52.513,-26.605],[-52.511,-26.602],[-52.503,-26.598],[-52.502,-26.595],[-52.494,-26.59],[-52.491,-26.593],[-52.494,-26.6],[-52.492,-26.604],[-52.49,-26.606],[-52.484,-26.603],[-52.48,-26.595],[-52.473,-26.592],[-52.472,-26.59],[-52.48,-26.588],[-52.488,-26.584],[-52.493,-26.583],[-52.496,-26.579],[-52.495,-26.576],[-52.487,-26.578],[-52.48,-26.578],[-52.478,-26.575],[-52.479,-26.57],[-52.475,-26.567],[-52.471,-26.567],[-52.465,-26.57],[-52.459,-26.577],[-52.459,-26.583],[-52.457,-26.584],[-52.446,-26.586],[-52.437,-26.585],[-52.432,-26.582],[-52.425,-26.582],[-52.418,-26.587],[-52.418,-26.593],[-52.414,-26.601],[-52.417,-26.606],[-52.416,-26.61],[-52.416,-26.615],[-52.412,-26.616],[-52.405,-26.621],[-52.399,-26.629],[-52.398,-26.635],[-52.393,-26.637],[-52.394,-26.645],[-52.4,-26.645],[-52.41,-26.65],[-52.409,-26.652],[-52.415,-26.658],[-52.411,-26.66],[-52.411,-26.665],[-52.407,-26.67],[-52.4,-26.671],[-52.397,-26.678],[-52.393,-26.684]]]}},{"type":"Feature","properties":{"c":"4207700"},"geometry":{"type":"Polygon","coordinates":[[[-52.228,-27.068],[-52.225,-27.062],[-52.228,-27.059],[-52.223,-27.053],[-52.22,-27.053],[-52.217,-27.048],[-52.22,-27.041],[-52.216,-27.036],[-52.22,-27.032],[-52.221,-27.027],[-52.224,-27.026],[-52.235,-27.028],[-52.241,-27.031],[-52.247,-27.037],[-52.245,-27.021],[-52.238,-26.985],[-52.234,-26.947],[-52.223,-26.946],[-52.22,-26.947],[-52.223,-26.958],[-52.219,-26.957],[-52.215,-26.949],[-52.213,-26.949],[-52.21,-26.953],[-52.21,-26.955],[-52.207,-26.957],[-52.204,-26.955],[-52.196,-26.956],[-52.193,-26.959],[-52.188,-26.96],[-52.185,-26.957],[-52.185,-26.95],[-52.183,-26.949],[-52.179,-26.954],[-52.175,-26.956],[-52.175,-26.951],[-52.171,-26.946],[-52.166,-26.949],[-52.154,-26.949],[-52.152,-26.948],[-52.156,-26.943],[-52.156,-26.938],[-52.154,-26.934],[-52.155,-26.93],[-52.155,-26.926],[-52.151,-26.926],[-52.149,-26.929],[-52.147,-26.932],[-52.14,-26.934],[-52.134,-26.931],[-52.131,-26.941],[-52.133,-26.943],[-52.128,-26.945],[-52.127,-26.948],[-52.12,-26.948],[-52.118,-26.946],[-52.114,-26.949],[-52.109,-26.948],[-52.109,-26.954],[-52.112,-26.962],[-52.117,-26.969],[-52.113,-26.973],[-52.117,-26.977],[-52.119,-26.982],[-52.115,-26.984],[-52.106,-26.997],[-52.117,-27.003],[-52.127,-27.007],[-52.126,-27.014],[-52.122,-27.014],[-52.123,-27.024],[-52.123,-27.041],[-52.119,-27.057],[-52.115,-27.053],[-52.104,-27.055],[-52.096,-27.055],[-52.095,-27.063],[-52.092,-27.068],[-52.091,-27.075],[-52.083,-27.074],[-52.083,-27.081],[-52.064,-27.081],[-52.064,-27.1],[-52.062,-27.101],[-52.049,-27.097],[-52.049,-27.1],[-52.046,-27.103],[-52.049,-27.107],[-52.046,-27.109],[-52.053,-27.114],[-52.053,-27.115],[-52.047,-27.118],[-52.049,-27.121],[-52.046,-27.125],[-52.046,-27.141],[-52.048,-27.143],[-52.043,-27.146],[-52.044,-27.149],[-52.047,-27.147],[-52.056,-27.147],[-52.057,-27.144],[-52.055,-27.14],[-52.058,-27.132],[-52.062,-27.133],[-52.064,-27.136],[-52.069,-27.137],[-52.064,-27.145],[-52.064,-27.148],[-52.068,-27.154],[-52.07,-27.151],[-52.076,-27.151],[-52.077,-27.145],[-52.08,-27.144],[-52.083,-27.147],[-52.089,-27.148],[-52.087,-27.152],[-52.092,-27.157],[-52.094,-27.157],[-52.103,-27.151],[-52.11,-27.139],[-52.12,-27.123],[-52.122,-27.13],[-52.132,-27.116],[-52.138,-27.105],[-52.142,-27.105],[-52.148,-27.101],[-52.15,-27.104],[-52.155,-27.104],[-52.158,-27.098],[-52.162,-27.098],[-52.161,-27.102],[-52.169,-27.1],[-52.17,-27.103],[-52.177,-27.1],[-52.178,-27.095],[-52.189,-27.096],[-52.192,-27.094],[-52.201,-27.094],[-52.204,-27.089],[-52.211,-27.085],[-52.218,-27.083],[-52.223,-27.072],[-52.228,-27.068]]]}},{"type":"Feature","properties":{"c":"4207759"},"geometry":{"type":"Polygon","coordinates":[[[-53.285,-26.924],[-53.283,-26.928],[-53.285,-26.931],[-53.289,-26.928],[-53.291,-26.928],[-53.294,-26.924],[-53.3,-26.919],[-53.319,-26.91],[-53.32,-26.912],[-53.325,-26.909],[-53.334,-26.899],[-53.335,-26.899],[-53.352,-26.896],[-53.356,-26.891],[-53.363,-26.887],[-53.369,-26.881],[-53.375,-26.876],[-53.377,-26.878],[-53.375,-26.881],[-53.377,-26.883],[-53.374,-26.887],[-53.384,-26.884],[-53.382,-26.887],[-53.389,-26.895],[-53.393,-26.892],[-53.395,-26.895],[-53.4,-26.892],[-53.403,-26.889],[-53.408,-26.889],[-53.408,-26.884],[-53.401,-26.877],[-53.407,-26.871],[-53.414,-26.868],[-53.416,-26.863],[-53.41,-26.851],[-53.407,-26.849],[-53.395,-26.848],[-53.387,-26.851],[-53.384,-26.849],[-53.387,-26.842],[-53.385,-26.833],[-53.379,-26.824],[-53.387,-26.821],[-53.399,-26.824],[-53.404,-26.824],[-53.413,-26.813],[-53.419,-26.808],[-53.42,-26.805],[-53.416,-26.805],[-53.414,-26.808],[-53.408,-26.81],[-53.401,-26.81],[-53.396,-26.807],[-53.392,-26.81],[-53.39,-26.808],[-53.386,-26.809],[-53.386,-26.804],[-53.38,-26.803],[-53.367,-26.802],[-53.365,-26.8],[-53.36,-26.8],[-53.351,-26.797],[-53.345,-26.798],[-53.336,-26.796],[-53.338,-26.793],[-53.337,-26.787],[-53.332,-26.791],[-53.326,-26.793],[-53.32,-26.794],[-53.311,-26.788],[-53.296,-26.784],[-53.277,-26.782],[-53.271,-26.792],[-53.266,-26.792],[-53.262,-26.79],[-53.256,-26.8],[-53.251,-26.804],[-53.249,-26.799],[-53.241,-26.813],[-53.24,-26.825],[-53.245,-26.825],[-53.248,-26.828],[-53.243,-26.83],[-53.241,-26.836],[-53.237,-26.837],[-53.246,-26.841],[-53.244,-26.846],[-53.246,-26.847],[-53.248,-26.841],[-53.251,-26.839],[-53.252,-26.844],[-53.251,-26.846],[-53.261,-26.852],[-53.251,-26.856],[-53.257,-26.86],[-53.258,-26.858],[-53.263,-26.86],[-53.262,-26.856],[-53.266,-26.856],[-53.272,-26.861],[-53.27,-26.864],[-53.271,-26.866],[-53.277,-26.867],[-53.278,-26.868],[-53.274,-26.872],[-53.275,-26.873],[-53.285,-26.869],[-53.285,-26.873],[-53.282,-26.879],[-53.277,-26.882],[-53.277,-26.89],[-53.279,-26.891],[-53.283,-26.886],[-53.287,-26.886],[-53.288,-26.888],[-53.286,-26.892],[-53.286,-26.896],[-53.291,-26.895],[-53.296,-26.898],[-53.29,-26.902],[-53.286,-26.904],[-53.287,-26.909],[-53.281,-26.913],[-53.28,-26.916],[-53.283,-26.918],[-53.288,-26.917],[-53.289,-26.92],[-53.285,-26.924]]]}},{"type":"Feature","properties":{"c":"4207809"},"geometry":{"type":"Polygon","coordinates":[[[-51.994,-27.119],[-51.995,-27.117],[-51.992,-27.113],[-51.992,-27.11],[-51.997,-27.102],[-51.995,-27.099],[-51.999,-27.097],[-51.996,-27.09],[-51.999,-27.088],[-51.998,-27.085],[-51.997,-27.074],[-51.998,-27.07],[-52.0,-27.052],[-51.996,-27.045],[-51.995,-27.039],[-51.999,-27.038],[-52.001,-27.035],[-52.007,-27.036],[-52.006,-27.028],[-52.006,-27.021],[-52.012,-27.022],[-52.02,-27.019],[-52.013,-27.01],[-52.012,-27.004],[-52.004,-27.0],[-52.004,-26.988],[-52.007,-26.985],[-51.998,-26.983],[-52.0,-26.979],[-52.001,-26.968],[-52.006,-26.958],[-52.014,-26.953],[-52.012,-26.948],[-52.008,-26.945],[-52.006,-26.941],[-52.003,-26.941],[-52.001,-26.947],[-51.996,-26.948],[-51.996,-26.944],[-51.993,-26.941],[-51.985,-26.942],[-51.98,-26.937],[-51.972,-26.941],[-51.968,-26.941],[-51.966,-26.947],[-51.962,-26.945],[-51.958,-26.948],[-51.956,-26.944],[-51.952,-26.939],[-51.942,-26.942],[-51.939,-26.936],[-51.931,-26.935],[-51.93,-26.929],[-51.923,-26.932],[-51.917,-26.93],[-51.917,-26.933],[-51.911,-26.935],[-51.905,-26.934],[-51.906,-26.936],[-51.9,-26.94],[-51.895,-26.936],[-51.892,-26.944],[-51.889,-26.942],[-51.884,-26.945],[-51.88,-26.94],[-51.882,-26.937],[-51.878,-26.937],[-51.876,-26.934],[-51.875,-26.93],[-51.872,-26.93],[-51.862,-26.934],[-51.864,-26.937],[-51.862,-26.94],[-51.855,-26.941],[-51.849,-26.945],[-51.847,-26.949],[-51.844,-26.943],[-51.837,-26.935],[-51.835,-26.93],[-51.83,-26.93],[-51.826,-26.923],[-51.823,-26.926],[-51.82,-26.937],[-51.825,-26.946],[-51.832,-26.954],[-51.836,-26.957],[-51.84,-26.963],[-51.844,-26.966],[-51.85,-26.967],[-51.856,-26.971],[-51.86,-26.976],[-51.863,-26.981],[-51.862,-26.984],[-51.857,-26.988],[-51.849,-26.991],[-51.839,-27.002],[-51.837,-27.003],[-51.831,-27.01],[-51.825,-27.016],[-51.821,-27.015],[-51.821,-27.019],[-51.813,-27.025],[-51.813,-27.031],[-51.805,-27.034],[-51.81,-27.036],[-51.802,-27.04],[-51.804,-27.044],[-51.808,-27.048],[-51.817,-27.049],[-51.822,-27.059],[-51.82,-27.06],[-51.827,-27.065],[-51.831,-27.066],[-51.833,-27.075],[-51.833,-27.083],[-51.831,-27.086],[-51.832,-27.091],[-51.841,-27.092],[-51.844,-27.097],[-51.847,-27.091],[-51.842,-27.09],[-51.842,-27.086],[-51.853,-27.089],[-51.853,-27.095],[-51.859,-27.101],[-51.862,-27.099],[-51.862,-27.096],[-51.876,-27.085],[-51.883,-27.085],[-51.884,-27.088],[-51.88,-27.092],[-51.881,-27.097],[-51.88,-27.104],[-51.885,-27.1],[-51.889,-27.101],[-51.886,-27.106],[-51.889,-27.111],[-51.883,-27.111],[-51.884,-27.115],[-51.883,-27.118],[-51.876,-27.118],[-51.875,-27.122],[-51.883,-27.121],[-51.892,-27.121],[-51.891,-27.114],[-51.895,-27.115],[-51.899,-27.12],[-51.902,-27.12],[-51.9,-27.125],[-51.903,-27.129],[-51.906,-27.127],[-51.91,-27.127],[-51.913,-27.134],[-51.917,-27.135],[-51.916,-27.13],[-51.919,-27.128],[-51.926,-27.127],[-51.93,-27.128],[-51.93,-27.123],[-51.935,-27.124],[-51.944,-27.118],[-51.942,-27.116],[-51.946,-27.116],[-51.951,-27.121],[-51.953,-27.12],[-51.953,-27.114],[-51.958,-27.118],[-51.961,-27.119],[-51.957,-27.107],[-51.963,-27.105],[-51.965,-27.109],[-51.972,-27.109],[-51.976,-27.105],[-51.978,-27.119],[-51.984,-27.119],[-51.986,-27.116],[-51.988,-27.118],[-51.989,-27.123],[-51.994,-27.119]]]}},{"type":"Feature","properties":{"c":"4207858"},"geometry":{"type":"Polygon","coordinates":[[[-52.941,-26.614],[-52.938,-26.611],[-52.933,-26.61],[-52.935,-26.605],[-52.928,-26.606],[-52.925,-26.601],[-52.925,-26.599],[-52.932,-26.597],[-52.928,-26.593],[-52.929,-26.588],[-52.935,-26.586],[-52.937,-26.582],[-52.935,-26.581],[-52.927,-26.583],[-52.926,-26.581],[-52.923,-26.58],[-52.91,-26.583],[-52.901,-26.581],[-52.89,-26.59],[-52.887,-26.588],[-52.881,-26.588],[-52.877,-26.595],[-52.84,-26.593],[-52.84,-26.606],[-52.851,-26.612],[-52.851,-26.617],[-52.848,-26.618],[-52.838,-26.622],[-52.833,-26.631],[-52.847,-26.631],[-52.849,-26.635],[-52.846,-26.638],[-52.848,-26.644],[-52.852,-26.646],[-52.855,-26.655],[-52.845,-26.666],[-52.845,-26.669],[-52.866,-26.671],[-52.908,-26.673],[-52.92,-26.673],[-52.917,-26.665],[-52.91,-26.667],[-52.907,-26.665],[-52.907,-26.657],[-52.913,-26.656],[-52.917,-26.656],[-52.922,-26.665],[-52.929,-26.659],[-52.923,-26.655],[-52.925,-26.649],[-52.932,-26.651],[-52.936,-26.649],[-52.933,-26.644],[-52.937,-26.639],[-52.934,-26.634],[-52.935,-26.622],[-52.937,-26.622],[-52.941,-26.626],[-52.945,-26.62],[-52.941,-26.614]]]}},{"type":"Feature","properties":{"c":"4207908"},"geometry":{"type":"Polygon","coordinates":[[[-50.9,-26.289],[-50.895,-26.288],[-50.886,-26.283],[-50.882,-26.279],[-50.879,-26.271],[-50.88,-26.263],[-50.879,-26.259],[-50.873,-26.246],[-50.87,-26.242],[-50.866,-26.241],[-50.861,-26.245],[-50.847,-26.266],[-50.841,-26.271],[-50.836,-26.271],[-50.831,-26.266],[-50.829,-26.254],[-50.828,-26.248],[-50.824,-26.245],[-50.811,-26.238],[-50.8,-26.231],[-50.794,-26.229],[-50.785,-26.227],[-50.781,-26.225],[-50.769,-26.225],[-50.763,-26.222],[-50.754,-26.223],[-50.748,-26.227],[-50.745,-26.235],[-50.746,-26.247],[-50.742,-26.249],[-50.731,-26.25],[-50.724,-26.248],[-50.716,-26.245],[-50.714,-26.241],[-50.715,-26.234],[-50.722,-26.223],[-50.728,-26.216],[-50.731,-26.209],[-50.73,-26.203],[-50.725,-26.2],[-50.717,-26.196],[-50.703,-26.188],[-50.701,-26.188],[-50.702,-26.196],[-50.695,-26.198],[-50.692,-26.201],[-50.692,-26.205],[-50.696,-26.208],[-50.693,-26.211],[-50.683,-26.21],[-50.682,-26.214],[-50.688,-26.217],[-50.686,-26.222],[-50.681,-26.226],[-50.682,-26.228],[-50.679,-26.233],[-50.681,-26.235],[-50.679,-26.239],[-50.676,-26.24],[-50.672,-26.244],[-50.669,-26.252],[-50.672,-26.253],[-50.673,-26.26],[-50.67,-26.265],[-50.677,-26.27],[-50.679,-26.275],[-50.677,-26.286],[-50.672,-26.287],[-50.669,-26.299],[-50.666,-26.302],[-50.662,-26.303],[-50.656,-26.306],[-50.655,-26.309],[-50.657,-26.314],[-50.654,-26.318],[-50.655,-26.321],[-50.651,-26.321],[-50.646,-26.33],[-50.646,-26.338],[-50.645,-26.341],[-50.649,-26.352],[-50.654,-26.353],[-50.656,-26.357],[-50.655,-26.361],[-50.657,-26.369],[-50.655,-26.373],[-50.651,-26.374],[-50.647,-26.373],[-50.639,-26.377],[-50.655,-26.414],[-50.699,-26.5],[-50.708,-26.505],[-50.74,-26.525],[-50.746,-26.525],[-50.753,-26.519],[-50.76,-26.52],[-50.77,-26.517],[-50.777,-26.516],[-50.781,-26.511],[-50.787,-26.507],[-50.795,-26.51],[-50.797,-26.508],[-50.794,-26.507],[-50.79,-26.503],[-50.786,-26.503],[-50.788,-26.494],[-50.798,-26.494],[-50.802,-26.492],[-50.803,-26.488],[-50.806,-26.486],[-50.805,-26.485],[-50.809,-26.482],[-50.811,-26.479],[-50.817,-26.478],[-50.816,-26.472],[-50.821,-26.468],[-50.822,-26.464],[-50.82,-26.462],[-50.81,-26.459],[-50.809,-26.458],[-50.81,-26.449],[-50.815,-26.441],[-50.833,-26.432],[-50.849,-26.428],[-50.844,-26.417],[-50.841,-26.409],[-50.841,-26.404],[-50.846,-26.391],[-50.846,-26.387],[-50.843,-26.384],[-50.843,-26.381],[-50.847,-26.378],[-50.857,-26.376],[-50.862,-26.38],[-50.868,-26.382],[-50.872,-26.386],[-50.88,-26.383],[-50.884,-26.38],[-50.885,-26.368],[-50.883,-26.362],[-50.884,-26.356],[-50.891,-26.354],[-50.894,-26.349],[-50.894,-26.345],[-50.887,-26.342],[-50.89,-26.337],[-50.896,-26.336],[-50.898,-26.331],[-50.894,-26.329],[-50.886,-26.329],[-50.88,-26.323],[-50.881,-26.318],[-50.886,-26.318],[-50.889,-26.326],[-50.894,-26.326],[-50.899,-26.323],[-50.899,-26.319],[-50.895,-26.316],[-50.895,-26.311],[-50.902,-26.308],[-50.901,-26.305],[-50.895,-26.306],[-50.89,-26.304],[-50.888,-26.302],[-50.894,-26.297],[-50.898,-26.29],[-50.9,-26.289]]]}},{"type":"Feature","properties":{"c":"4208005"},"geometry":{"type":"Polygon","coordinates":[[[-52.433,-27.218],[-52.43,-27.215],[-52.427,-27.217],[-52.424,-27.212],[-52.425,-27.209],[-52.421,-27.21],[-52.416,-27.208],[-52.415,-27.202],[-52.412,-27.203],[-52.412,-27.2],[-52.408,-27.199],[-52.402,-27.191],[-52.398,-27.19],[-52.392,-27.184],[-52.389,-27.185],[-52.386,-27.193],[-52.381,-27.19],[-52.375,-27.194],[-52.374,-27.197],[-52.369,-27.193],[-52.354,-27.206],[-52.356,-27.208],[-52.356,-27.214],[-52.357,-27.225],[-52.347,-27.226],[-52.34,-27.23],[-52.342,-27.235],[-52.341,-27.238],[-52.33,-27.236],[-52.322,-27.24],[-52.313,-27.24],[-52.313,-27.233],[-52.278,-27.224],[-52.274,-27.232],[-52.269,-27.227],[-52.262,-27.23],[-52.259,-27.224],[-52.261,-27.218],[-52.254,-27.213],[-52.251,-27.214],[-52.249,-27.211],[-52.256,-27.205],[-52.254,-27.2],[-52.249,-27.203],[-52.247,-27.2],[-52.249,-27.188],[-52.242,-27.187],[-52.239,-27.191],[-52.232,-27.189],[-52.236,-27.183],[-52.233,-27.181],[-52.231,-27.183],[-52.224,-27.183],[-52.216,-27.179],[-52.21,-27.183],[-52.206,-27.19],[-52.198,-27.195],[-52.193,-27.2],[-52.194,-27.207],[-52.195,-27.212],[-52.198,-27.213],[-52.201,-27.209],[-52.204,-27.21],[-52.203,-27.213],[-52.196,-27.218],[-52.191,-27.218],[-52.19,-27.22],[-52.197,-27.223],[-52.2,-27.22],[-52.208,-27.22],[-52.207,-27.225],[-52.208,-27.228],[-52.209,-27.237],[-52.211,-27.238],[-52.219,-27.236],[-52.224,-27.232],[-52.229,-27.238],[-52.228,-27.242],[-52.231,-27.246],[-52.235,-27.251],[-52.243,-27.248],[-52.247,-27.248],[-52.257,-27.253],[-52.261,-27.257],[-52.273,-27.261],[-52.278,-27.261],[-52.288,-27.258],[-52.294,-27.257],[-52.299,-27.258],[-52.305,-27.263],[-52.306,-27.266],[-52.305,-27.275],[-52.302,-27.285],[-52.296,-27.294],[-52.291,-27.305],[-52.292,-27.314],[-52.295,-27.317],[-52.3,-27.319],[-52.306,-27.317],[-52.313,-27.309],[-52.329,-27.302],[-52.332,-27.3],[-52.342,-27.29],[-52.345,-27.288],[-52.352,-27.289],[-52.357,-27.293],[-52.361,-27.299],[-52.367,-27.305],[-52.375,-27.305],[-52.378,-27.304],[-52.381,-27.295],[-52.383,-27.281],[-52.383,-27.272],[-52.381,-27.264],[-52.382,-27.258],[-52.386,-27.254],[-52.392,-27.251],[-52.395,-27.252],[-52.4,-27.257],[-52.4,-27.263],[-52.394,-27.283],[-52.396,-27.291],[-52.4,-27.293],[-52.407,-27.29],[-52.416,-27.285],[-52.427,-27.276],[-52.439,-27.264],[-52.442,-27.258],[-52.442,-27.251],[-52.437,-27.237],[-52.431,-27.227],[-52.43,-27.221],[-52.433,-27.218]]]}},{"type":"Feature","properties":{"c":"4208104"},"geometry":{"type":"Polygon","coordinates":[[[-49.829,-26.706],[-49.831,-26.699],[-49.84,-26.689],[-49.838,-26.678],[-49.839,-26.675],[-49.846,-26.673],[-49.847,-26.666],[-49.854,-26.66],[-49.856,-26.653],[-49.865,-26.651],[-49.872,-26.653],[-49.877,-26.648],[-49.881,-26.646],[-49.883,-26.641],[-49.879,-26.631],[-49.882,-26.624],[-49.881,-26.619],[-49.885,-26.617],[-49.886,-26.613],[-49.892,-26.609],[-49.896,-26.607],[-49.896,-26.603],[-49.9,-26.601],[-49.905,-26.603],[-49.911,-26.601],[-49.909,-26.597],[-49.91,-26.592],[-49.914,-26.585],[-49.918,-26.583],[-49.921,-26.579],[-49.928,-26.576],[-49.932,-26.572],[-49.938,-26.574],[-49.941,-26.573],[-49.944,-26.574],[-49.947,-26.57],[-49.952,-26.571],[-49.955,-26.568],[-49.956,-26.565],[-49.954,-26.562],[-49.958,-26.558],[-49.959,-26.553],[-49.956,-26.551],[-49.957,-26.545],[-49.961,-26.545],[-49.966,-26.539],[-49.966,-26.537],[-49.972,-26.532],[-49.97,-26.527],[-49.978,-26.522],[-49.983,-26.52],[-49.982,-26.517],[-49.993,-26.509],[-49.995,-26.506],[-50.008,-26.504],[-50.011,-26.505],[-50.017,-26.502],[-50.022,-26.505],[-50.027,-26.512],[-50.032,-26.519],[-50.039,-26.519],[-50.043,-26.521],[-50.048,-26.52],[-50.057,-26.522],[-50.063,-26.522],[-50.066,-26.52],[-50.075,-26.522],[-50.079,-26.526],[-50.088,-26.526],[-50.091,-26.524],[-50.093,-26.515],[-50.086,-26.508],[-50.085,-26.502],[-50.088,-26.499],[-50.086,-26.496],[-50.087,-26.491],[-50.086,-26.483],[-50.082,-26.478],[-50.084,-26.472],[-50.077,-26.467],[-50.075,-26.457],[-50.07,-26.451],[-50.071,-26.448],[-50.076,-26.443],[-50.076,-26.434],[-50.073,-26.427],[-50.075,-26.423],[-50.072,-26.413],[-50.074,-26.404],[-50.078,-26.401],[-50.079,-26.396],[-50.083,-26.394],[-50.082,-26.389],[-50.088,-26.387],[-50.088,-26.381],[-50.089,-26.377],[-50.089,-26.371],[-50.087,-26.367],[-50.084,-26.367],[-50.084,-26.363],[-50.086,-26.359],[-50.094,-26.35],[-50.1,-26.347],[-50.102,-26.35],[-50.106,-26.354],[-50.107,-26.352],[-50.112,-26.353],[-50.111,-26.348],[-50.113,-26.347],[-50.112,-26.339],[-50.116,-26.337],[-50.116,-26.332],[-50.119,-26.327],[-50.122,-26.328],[-50.124,-26.325],[-50.123,-26.316],[-50.118,-26.31],[-50.116,-26.31],[-50.117,-26.305],[-50.12,-26.305],[-50.121,-26.3],[-50.124,-26.3],[-50.128,-26.295],[-50.126,-26.291],[-50.121,-26.287],[-50.122,-26.284],[-50.118,-26.285],[-50.114,-26.29],[-50.112,-26.289],[-50.112,-26.283],[-50.108,-26.282],[-50.103,-26.285],[-50.102,-26.28],[-50.098,-26.278],[-50.095,-26.277],[-50.091,-26.279],[-50.092,-26.275],[-50.088,-26.272],[-50.082,-26.272],[-50.075,-26.278],[-50.074,-26.278],[-50.071,-26.283],[-50.067,-26.283],[-50.062,-26.275],[-50.058,-26.274],[-50.053,-26.275],[-50.047,-26.273],[-50.04,-26.269],[-50.04,-26.265],[-50.031,-26.269],[-50.027,-26.267],[-50.026,-26.268],[-50.018,-26.265],[-50.008,-26.271],[-50.005,-26.272],[-50.0,-26.28],[-49.991,-26.278],[-49.986,-26.276],[-49.979,-26.278],[-49.973,-26.269],[-49.97,-26.268],[-49.961,-26.257],[-49.947,-26.255],[-49.934,-26.253],[-49.92,-26.247],[-49.908,-26.247],[-49.908,-26.244],[-49.905,-26.237],[-49.899,-26.231],[-49.894,-26.237],[-49.89,-26.247],[-49.874,-26.251],[-49.861,-26.246],[-49.854,-26.239],[-49.849,-26.241],[-49.808,-26.303],[-49.809,-26.306],[-49.814,-26.307],[-49.812,-26.31],[-49.812,-26.315],[-49.807,-26.314],[-49.809,-26.32],[-49.813,-26.319],[-49.814,-26.325],[-49.806,-26.327],[-49.807,-26.334],[-49.805,-26.336],[-49.801,-26.335],[-49.8,-26.34],[-49.803,-26.339],[-49.801,-26.343],[-49.802,-26.347],[-49.805,-26.347],[-49.804,-26.344],[-49.809,-26.344],[-49.81,-26.348],[-49.813,-26.353],[-49.813,-26.357],[-49.817,-26.356],[-49.82,-26.367],[-49.819,-26.368],[-49.792,-26.402],[-49.789,-26.407],[-49.787,-26.417],[-49.787,-26.424],[-49.782,-26.427],[-49.814,-26.469],[-49.812,-26.476],[-49.815,-26.485],[-49.809,-26.488],[-49.801,-26.483],[-49.8,-26.486],[-49.794,-26.486],[-49.792,-26.483],[-49.792,-26.479],[-49.784,-26.483],[-49.78,-26.479],[-49.767,-26.474],[-49.767,-26.471],[-49.761,-26.471],[-49.759,-26.474],[-49.762,-26.475],[-49.761,-26.48],[-49.757,-26.486],[-49.758,-26.495],[-49.752,-26.499],[-49.751,-26.502],[-49.746,-26.506],[-49.742,-26.51],[-49.74,-26.518],[-49.737,-26.518],[-49.735,-26.523],[-49.735,-26.53],[-49.733,-26.536],[-49.734,-26.543],[-49.733,-26.549],[-49.725,-26.559],[-49.72,-26.559],[-49.716,-26.561],[-49.716,-26.564],[-49.711,-26.567],[-49.707,-26.572],[-49.701,-26.568],[-49.693,-26.574],[-49.692,-26.58],[-49.687,-26.588],[-49.686,-26.594],[-49.687,-26.602],[-49.686,-26.614],[-49.685,-26.62],[-49.68,-26.623],[-49.676,-26.624],[-49.678,-26.627],[-49.683,-26.63],[-49.686,-26.627],[-49.688,-26.63],[-49.693,-26.632],[-49.7,-26.638],[-49.702,-26.645],[-49.707,-26.648],[-49.707,-26.656],[-49.705,-26.662],[-49.707,-26.664],[-49.7,-26.675],[-49.694,-26.68],[-49.694,-26.687],[-49.686,-26.693],[-49.678,-26.694],[-49.671,-26.691],[-49.669,-26.689],[-49.663,-26.688],[-49.652,-26.693],[-49.653,-26.694],[-49.664,-26.693],[-49.667,-26.694],[-49.671,-26.7],[-49.675,-26.7],[-49.681,-26.703],[-49.689,-26.703],[-49.692,-26.698],[-49.697,-26.702],[-49.701,-26.704],[-49.704,-26.708],[-49.707,-26.717],[-49.711,-26.719],[-49.718,-26.721],[-49.722,-26.73],[-49.723,-26.739],[-49.728,-26.746],[-49.726,-26.757],[-49.728,-26.766],[-49.73,-26.767],[-49.732,-26.772],[-49.737,-26.775],[-49.742,-26.784],[-49.746,-26.785],[-49.75,-26.785],[-49.753,-26.777],[-49.761,-26.774],[-49.771,-26.774],[-49.773,-26.772],[-49.771,-26.767],[-49.774,-26.763],[-49.777,-26.756],[-49.782,-26.751],[-49.792,-26.75],[-49.795,-26.738],[-49.803,-26.729],[-49.806,-26.721],[-49.81,-26.712],[-49.82,-26.709],[-49.828,-26.707],[-49.829,-26.706]]]}},{"type":"Feature","properties":{"c":"4208203"},"geometry":{"type":"Polygon","coordinates":[[[-48.642,-26.913],[-48.642,-26.919],[-48.639,-26.922],[-48.636,-26.923],[-48.631,-26.929],[-48.623,-26.926],[-48.627,-26.933],[-48.628,-26.942],[-48.629,-26.955],[-48.628,-26.96],[-48.632,-26.958],[-48.633,-26.955],[-48.637,-26.954],[-48.642,-26.955],[-48.645,-26.959],[-48.648,-26.959],[-48.655,-26.964],[-48.661,-26.966],[-48.663,-26.963],[-48.673,-26.966],[-48.677,-26.971],[-48.683,-26.973],[-48.685,-26.972],[-48.713,-26.998],[-48.711,-27.0],[-48.713,-27.007],[-48.722,-27.015],[-48.727,-27.015],[-48.727,-27.017],[-48.736,-27.018],[-48.74,-27.022],[-48.748,-27.023],[-48.751,-27.028],[-48.754,-27.029],[-48.755,-27.034],[-48.753,-27.038],[-48.756,-27.043],[-48.761,-27.044],[-48.764,-27.047],[-48.763,-27.05],[-48.766,-27.056],[-48.769,-27.054],[-48.772,-27.057],[-48.776,-27.055],[-48.777,-27.059],[-48.775,-27.06],[-48.778,-27.063],[-48.777,-27.067],[-48.778,-27.073],[-48.776,-27.077],[-48.784,-27.085],[-48.784,-27.096],[-48.789,-27.097],[-48.793,-27.094],[-48.798,-27.093],[-48.801,-27.091],[-48.806,-27.09],[-48.811,-27.084],[-48.816,-27.083],[-48.816,-27.08],[-48.822,-27.074],[-48.834,-27.074],[-48.836,-27.075],[-48.837,-27.071],[-48.844,-27.068],[-48.847,-27.061],[-48.855,-27.052],[-48.855,-27.046],[-48.863,-27.044],[-48.864,-27.039],[-48.864,-27.033],[-48.857,-27.033],[-48.854,-27.025],[-48.857,-27.024],[-48.858,-27.022],[-48.864,-27.02],[-48.865,-27.015],[-48.869,-27.012],[-48.866,-27.003],[-48.864,-26.999],[-48.856,-26.992],[-48.851,-26.98],[-48.843,-26.964],[-48.819,-26.966],[-48.814,-26.965],[-48.81,-26.967],[-48.799,-26.967],[-48.794,-26.964],[-48.787,-26.955],[-48.784,-26.954],[-48.775,-26.954],[-48.771,-26.951],[-48.768,-26.95],[-48.761,-26.942],[-48.759,-26.936],[-48.763,-26.934],[-48.782,-26.919],[-48.786,-26.916],[-48.777,-26.901],[-48.767,-26.893],[-48.767,-26.89],[-48.763,-26.887],[-48.762,-26.869],[-48.762,-26.858],[-48.76,-26.855],[-48.749,-26.857],[-48.745,-26.857],[-48.739,-26.853],[-48.736,-26.85],[-48.733,-26.84],[-48.731,-26.838],[-48.726,-26.839],[-48.721,-26.842],[-48.718,-26.848],[-48.719,-26.854],[-48.726,-26.865],[-48.727,-26.867],[-48.724,-26.875],[-48.719,-26.878],[-48.711,-26.875],[-48.706,-26.868],[-48.7,-26.864],[-48.694,-26.864],[-48.691,-26.865],[-48.688,-26.871],[-48.691,-26.879],[-48.69,-26.884],[-48.688,-26.886],[-48.683,-26.887],[-48.674,-26.882],[-48.667,-26.883],[-48.665,-26.888],[-48.669,-26.892],[-48.67,-26.896],[-48.667,-26.898],[-48.657,-26.902],[-48.647,-26.911],[-48.642,-26.913]]]}},{"type":"Feature","properties":{"c":"4208302"},"geometry":{"type":"Polygon","coordinates":[[[-48.586,-27.145],[-48.592,-27.146],[-48.595,-27.144],[-48.604,-27.144],[-48.602,-27.139],[-48.607,-27.136],[-48.611,-27.136],[-48.615,-27.138],[-48.616,-27.142],[-48.623,-27.145],[-48.627,-27.145],[-48.63,-27.149],[-48.634,-27.15],[-48.639,-27.148],[-48.642,-27.146],[-48.646,-27.145],[-48.651,-27.15],[-48.655,-27.151],[-48.664,-27.148],[-48.679,-27.147],[-48.69,-27.141],[-48.687,-27.136],[-48.671,-27.129],[-48.664,-27.127],[-48.661,-27.125],[-48.662,-27.12],[-48.664,-27.12],[-48.666,-27.113],[-48.671,-27.114],[-48.673,-27.109],[-48.677,-27.106],[-48.679,-27.1],[-48.667,-27.091],[-48.661,-27.084],[-48.66,-27.08],[-48.652,-27.083],[-48.645,-27.085],[-48.64,-27.081],[-48.634,-27.079],[-48.626,-27.075],[-48.621,-27.07],[-48.615,-27.069],[-48.619,-27.061],[-48.615,-27.049],[-48.611,-27.048],[-48.609,-27.048],[-48.604,-27.051],[-48.601,-27.056],[-48.592,-27.058],[-48.589,-27.061],[-48.593,-27.061],[-48.595,-27.069],[-48.595,-27.074],[-48.592,-27.081],[-48.596,-27.085],[-48.595,-27.09],[-48.597,-27.089],[-48.601,-27.094],[-48.604,-27.094],[-48.605,-27.091],[-48.609,-27.092],[-48.612,-27.095],[-48.614,-27.1],[-48.612,-27.107],[-48.609,-27.115],[-48.601,-27.128],[-48.586,-27.145]]]}},{"type":"Feature","properties":{"c":"4208401"},"geometry":{"type":"Polygon","coordinates":[[[-53.733,-27.004],[-53.728,-27.005],[-53.726,-27.008],[-53.72,-27.01],[-53.714,-27.009],[-53.704,-27.011],[-53.702,-27.014],[-53.705,-27.017],[-53.704,-27.021],[-53.698,-27.028],[-53.694,-27.036],[-53.695,-27.038],[-53.69,-27.041],[-53.692,-27.045],[-53.682,-27.045],[-53.679,-27.044],[-53.686,-27.037],[-53.683,-27.031],[-53.677,-27.028],[-53.671,-27.03],[-53.669,-27.037],[-53.667,-27.034],[-53.653,-27.036],[-53.643,-27.044],[-53.646,-27.048],[-53.646,-27.056],[-53.639,-27.061],[-53.642,-27.068],[-53.653,-27.067],[-53.653,-27.076],[-53.654,-27.076],[-53.663,-27.108],[-53.648,-27.111],[-53.65,-27.117],[-53.653,-27.116],[-53.656,-27.12],[-53.655,-27.122],[-53.648,-27.123],[-53.645,-27.126],[-53.639,-27.127],[-53.641,-27.131],[-53.641,-27.135],[-53.645,-27.14],[-53.649,-27.142],[-53.641,-27.155],[-53.632,-27.156],[-53.624,-27.164],[-53.615,-27.166],[-53.606,-27.164],[-53.604,-27.161],[-53.606,-27.154],[-53.597,-27.149],[-53.597,-27.147],[-53.6,-27.141],[-53.598,-27.138],[-53.593,-27.142],[-53.591,-27.142],[-53.582,-27.152],[-53.58,-27.156],[-53.567,-27.16],[-53.564,-27.158],[-53.559,-27.159],[-53.553,-27.156],[-53.548,-27.156],[-53.548,-27.176],[-53.556,-27.173],[-53.563,-27.173],[-53.571,-27.176],[-53.591,-27.187],[-53.6,-27.189],[-53.613,-27.186],[-53.618,-27.187],[-53.622,-27.193],[-53.625,-27.202],[-53.631,-27.213],[-53.635,-27.217],[-53.642,-27.22],[-53.649,-27.218],[-53.651,-27.216],[-53.651,-27.21],[-53.648,-27.191],[-53.649,-27.184],[-53.651,-27.177],[-53.661,-27.166],[-53.666,-27.163],[-53.675,-27.161],[-53.686,-27.164],[-53.701,-27.17],[-53.706,-27.173],[-53.716,-27.182],[-53.731,-27.189],[-53.74,-27.192],[-53.748,-27.192],[-53.752,-27.188],[-53.757,-27.173],[-53.76,-27.162],[-53.765,-27.152],[-53.77,-27.149],[-53.776,-27.147],[-53.782,-27.151],[-53.79,-27.158],[-53.809,-27.173],[-53.815,-27.176],[-53.82,-27.176],[-53.83,-27.173],[-53.836,-27.169],[-53.833,-27.166],[-53.833,-27.162],[-53.837,-27.156],[-53.835,-27.152],[-53.829,-27.146],[-53.825,-27.145],[-53.813,-27.145],[-53.799,-27.147],[-53.798,-27.144],[-53.799,-27.136],[-53.812,-27.14],[-53.82,-27.139],[-53.824,-27.134],[-53.826,-27.129],[-53.823,-27.127],[-53.816,-27.13],[-53.807,-27.126],[-53.805,-27.123],[-53.807,-27.111],[-53.818,-27.105],[-53.819,-27.103],[-53.813,-27.098],[-53.809,-27.101],[-53.804,-27.108],[-53.795,-27.11],[-53.787,-27.105],[-53.777,-27.103],[-53.778,-27.102],[-53.785,-27.098],[-53.793,-27.091],[-53.801,-27.086],[-53.805,-27.083],[-53.806,-27.079],[-53.799,-27.067],[-53.795,-27.067],[-53.791,-27.073],[-53.789,-27.076],[-53.78,-27.079],[-53.772,-27.074],[-53.776,-27.071],[-53.783,-27.072],[-53.786,-27.071],[-53.798,-27.059],[-53.799,-27.052],[-53.802,-27.04],[-53.797,-27.039],[-53.79,-27.045],[-53.785,-27.054],[-53.779,-27.061],[-53.773,-27.066],[-53.768,-27.068],[-53.76,-27.065],[-53.76,-27.061],[-53.77,-27.056],[-53.777,-27.049],[-53.779,-27.04],[-53.785,-27.03],[-53.786,-27.026],[-53.78,-27.027],[-53.775,-27.031],[-53.77,-27.037],[-53.766,-27.045],[-53.763,-27.045],[-53.76,-27.035],[-53.749,-27.034],[-53.748,-27.032],[-53.75,-27.022],[-53.758,-27.019],[-53.761,-27.016],[-53.764,-27.009],[-53.761,-27.006],[-53.755,-27.005],[-53.75,-27.006],[-53.743,-27.014],[-53.741,-27.015],[-53.733,-27.008],[-53.733,-27.004]]]}},{"type":"Feature","properties":{"c":"4208450"},"geometry":{"type":"MultiPolygon","coordinates":[[[[-48.742,-26.127],[-48.745,-26.124],[-48.745,-26.117],[-48.735,-26.111],[-48.733,-26.108],[-48.722,-26.106],[-48.71,-26.094],[-48.698,-26.092],[-48.692,-26.083],[-48.698,-26.08],[-48.707,-26.07],[-48.704,-26.065],[-48.702,-26.059],[-48.705,-26.058],[-48.701,-26.054],[-48.702,-26.051],[-48.717,-26.044],[-48.717,-26.04],[-48.715,-26.037],[-48.716,-26.034],[-48.719,-26.03],[-48.714,-26.027],[-48.712,-26.024],[-48.709,-26.023],[-48.709,-26.02],[-48.713,-26.017],[-48.709,-26.013],[-48.712,-26.008],[-48.706,-26.007],[-48.703,-26.004],[-48.702,-25.997],[-48.696,-25.999],[-48.694,-25.996],[-48.684,-25.99],[-48.682,-25.984],[-48.677,-25.978],[-48.669,-25.979],[-48.662,-25.973],[-48.663,-25.969],[-48.656,-25.966],[-48.652,-25.963],[-48.651,-25.96],[-48.644,-25.956],[-48.639,-25.96],[-48.638,-25.963],[-48.64,-25.967],[-48.634,-25.969],[-48.633,-25.973],[-48.634,-25.978],[-48.624,-25.978],[-48.621,-25.975],[-48.622,-25.98],[-48.614,-25.982],[-48.614,-25.984],[-48.609,-25.984],[-48.612,-25.979],[-48.608,-25.981],[-48.601,-25.981],[-48.599,-25.977],[-48.595,-25.977],[-48.601,-25.996],[-48.603,-25.998],[-48.602,-26.002],[-48.606,-26.02],[-48.609,-26.036],[-48.61,-26.051],[-48.61,-26.066],[-48.605,-26.072],[-48.603,-26.072],[-48.603,-26.084],[-48.603,-26.1],[-48.6,-26.119],[-48.598,-26.129],[-48.589,-26.155],[-48.584,-26.161],[-48.581,-26.164],[-48.569,-26.168],[-48.572,-26.172],[-48.576,-26.177],[-48.599,-26.193],[-48.622,-26.207],[-48.627,-26.201],[-48.629,-26.193],[-48.627,-26.183],[-48.742,-26.127]]],[[[-48.591,-25.977],[-48.592,-25.977],[-48.59,-25.976],[-48.591,-25.977]]]]}},{"type":"Feature","properties":{"c":"4208500"},"geometry":{"type":"Polygon","coordinates":[[[-49.592,-27.571],[-49.603,-27.572],[-49.609,-27.572],[-49.613,-27.573],[-49.618,-27.577],[-49.619,-27.576],[-49.612,-27.571],[-49.605,-27.568],[-49.603,-27.561],[-49.6,-27.557],[-49.6,-27.55],[-49.609,-27.547],[-49.616,-27.548],[-49.612,-27.54],[-49.605,-27.537],[-49.606,-27.534],[-49.602,-27.529],[-49.604,-27.525],[-49.602,-27.52],[-49.595,-27.514],[-49.588,-27.505],[-49.587,-27.499],[-49.589,-27.493],[-49.59,-27.487],[-49.585,-27.484],[-49.586,-27.481],[-49.582,-27.477],[-49.605,-27.467],[-49.637,-27.452],[-49.649,-27.451],[-49.658,-27.452],[-49.661,-27.454],[-49.675,-27.459],[-49.693,-27.391],[-49.691,-27.393],[-49.684,-27.394],[-49.675,-27.392],[-49.667,-27.393],[-49.66,-27.392],[-49.659,-27.388],[-49.649,-27.389],[-49.65,-27.395],[-49.648,-27.396],[-49.639,-27.394],[-49.633,-27.397],[-49.632,-27.396],[-49.625,-27.396],[-49.611,-27.39],[-49.61,-27.387],[-49.605,-27.393],[-49.602,-27.391],[-49.596,-27.394],[-49.592,-27.395],[-49.591,-27.397],[-49.587,-27.396],[-49.588,-27.394],[-49.579,-27.394],[-49.576,-27.399],[-49.565,-27.399],[-49.563,-27.394],[-49.556,-27.392],[-49.55,-27.384],[-49.546,-27.384],[-49.542,-27.379],[-49.539,-27.378],[-49.54,-27.373],[-49.537,-27.374],[-49.531,-27.369],[-49.528,-27.363],[-49.519,-27.357],[-49.514,-27.352],[-49.51,-27.35],[-49.507,-27.344],[-49.503,-27.342],[-49.501,-27.332],[-49.499,-27.33],[-49.499,-27.325],[-49.496,-27.322],[-49.494,-27.315],[-49.481,-27.305],[-49.478,-27.306],[-49.479,-27.311],[-49.482,-27.315],[-49.482,-27.32],[-49.477,-27.321],[-49.475,-27.325],[-49.474,-27.335],[-49.47,-27.338],[-49.467,-27.344],[-49.464,-27.347],[-49.461,-27.354],[-49.458,-27.357],[-49.462,-27.359],[-49.466,-27.359],[-49.471,-27.367],[-49.47,-27.372],[-49.472,-27.376],[-49.468,-27.381],[-49.471,-27.384],[-49.468,-27.389],[-49.466,-27.396],[-49.47,-27.398],[-49.466,-27.406],[-49.463,-27.408],[-49.468,-27.417],[-49.469,-27.419],[-49.47,-27.426],[-49.463,-27.427],[-49.46,-27.429],[-49.459,-27.433],[-49.463,-27.439],[-49.466,-27.44],[-49.465,-27.446],[-49.47,-27.46],[-49.475,-27.467],[-49.479,-27.469],[-49.481,-27.472],[-49.479,-27.474],[-49.472,-27.468],[-49.469,-27.463],[-49.466,-27.461],[-49.465,-27.465],[-49.468,-27.466],[-49.472,-27.472],[-49.473,-27.478],[-49.472,-27.483],[-49.468,-27.484],[-49.47,-27.488],[-49.464,-27.493],[-49.458,-27.491],[-49.459,-27.497],[-49.448,-27.495],[-49.451,-27.499],[-49.445,-27.502],[-49.446,-27.503],[-49.452,-27.501],[-49.456,-27.506],[-49.46,-27.504],[-49.461,-27.5],[-49.47,-27.495],[-49.473,-27.495],[-49.474,-27.501],[-49.477,-27.503],[-49.472,-27.505],[-49.478,-27.511],[-49.476,-27.514],[-49.477,-27.519],[-49.475,-27.52],[-49.48,-27.523],[-49.479,-27.528],[-49.477,-27.528],[-49.474,-27.532],[-49.469,-27.528],[-49.465,-27.532],[-49.46,-27.532],[-49.455,-27.537],[-49.452,-27.537],[-49.444,-27.532],[-49.442,-27.526],[-49.437,-27.519],[-49.438,-27.514],[-49.431,-27.517],[-49.427,-27.52],[-49.427,-27.523],[-49.421,-27.524],[-49.416,-27.526],[-49.414,-27.525],[-49.416,-27.529],[-49.419,-27.528],[-49.424,-27.531],[-49.422,-27.536],[-49.428,-27.537],[-49.425,-27.542],[-49.421,-27.542],[-49.414,-27.539],[-49.408,-27.539],[-49.404,-27.533],[-49.396,-27.528],[-49.39,-27.523],[-49.381,-27.522],[-49.385,-27.524],[-49.384,-27.529],[-49.387,-27.526],[-49.39,-27.532],[-49.388,-27.537],[-49.389,-27.54],[-49.394,-27.536],[-49.392,-27.54],[-49.395,-27.544],[-49.402,-27.545],[-49.405,-27.548],[-49.405,-27.551],[-49.415,-27.55],[-49.416,-27.553],[-49.42,-27.555],[-49.422,-27.565],[-49.415,-27.561],[-49.404,-27.558],[-49.404,-27.561],[-49.41,-27.561],[-49.413,-27.562],[-49.418,-27.572],[-49.419,-27.574],[-49.423,-27.579],[-49.426,-27.579],[-49.429,-27.584],[-49.434,-27.582],[-49.437,-27.584],[-49.443,-27.58],[-49.445,-27.584],[-49.448,-27.579],[-49.452,-27.577],[-49.452,-27.574],[-49.46,-27.575],[-49.463,-27.574],[-49.464,-27.568],[-49.473,-27.566],[-49.47,-27.556],[-49.478,-27.555],[-49.483,-27.557],[-49.486,-27.557],[-49.486,-27.553],[-49.49,-27.545],[-49.492,-27.535],[-49.494,-27.535],[-49.502,-27.531],[-49.502,-27.528],[-49.507,-27.526],[-49.512,-27.526],[-49.512,-27.523],[-49.518,-27.525],[-49.524,-27.519],[-49.533,-27.52],[-49.537,-27.513],[-49.542,-27.511],[-49.546,-27.512],[-49.55,-27.516],[-49.556,-27.519],[-49.56,-27.526],[-49.566,-27.531],[-49.567,-27.536],[-49.57,-27.537],[-49.577,-27.547],[-49.578,-27.552],[-49.583,-27.554],[-49.588,-27.558],[-49.589,-27.564],[-49.594,-27.568],[-49.592,-27.571]]]}},{"type":"Feature","properties":{"c":"4208609"},"geometry":{"type":"Polygon","coordinates":[[[-51.676,-27.117],[-51.679,-27.122],[-51.684,-27.124],[-51.687,-27.13],[-51.684,-27.136],[-51.683,-27.141],[-51.683,-27.146],[-51.68,-27.147],[-51.68,-27.155],[-51.687,-27.155],[-51.692,-27.149],[-51.695,-27.149],[-51.692,-27.153],[-51.69,-27.162],[-51.688,-27.165],[-51.685,-27.178],[-51.685,-27.183],[-51.688,-27.184],[-51.694,-27.183],[-51.697,-27.185],[-51.699,-27.19],[-51.704,-27.192],[-51.708,-27.196],[-51.711,-27.196],[-51.717,-27.2],[-51.717,-27.204],[-51.725,-27.207],[-51.736,-27.208],[-51.741,-27.205],[-51.747,-27.206],[-51.755,-27.203],[-51.757,-27.205],[-51.765,-27.208],[-51.772,-27.207],[-51.775,-27.204],[-51.78,-27.203],[-51.786,-27.199],[-51.791,-27.198],[-51.796,-27.199],[-51.798,-27.195],[-51.798,-27.191],[-51.803,-27.184],[-51.809,-27.183],[-51.815,-27.188],[-51.82,-27.18],[-51.824,-27.168],[-51.827,-27.162],[-51.827,-27.159],[-51.824,-27.158],[-51.822,-27.153],[-51.822,-27.146],[-51.83,-27.147],[-51.837,-27.143],[-51.846,-27.142],[-51.856,-27.141],[-51.865,-27.137],[-51.867,-27.134],[-51.868,-27.128],[-51.875,-27.122],[-51.876,-27.118],[-51.883,-27.118],[-51.884,-27.115],[-51.883,-27.111],[-51.889,-27.111],[-51.886,-27.106],[-51.889,-27.101],[-51.885,-27.1],[-51.88,-27.104],[-51.881,-27.097],[-51.88,-27.092],[-51.884,-27.088],[-51.883,-27.085],[-51.876,-27.085],[-51.862,-27.096],[-51.862,-27.099],[-51.859,-27.101],[-51.853,-27.095],[-51.853,-27.089],[-51.842,-27.086],[-51.842,-27.09],[-51.847,-27.091],[-51.844,-27.097],[-51.841,-27.092],[-51.832,-27.091],[-51.831,-27.086],[-51.83,-27.086],[-51.824,-27.094],[-51.825,-27.098],[-51.822,-27.1],[-51.814,-27.091],[-51.82,-27.086],[-51.814,-27.084],[-51.811,-27.081],[-51.807,-27.083],[-51.812,-27.086],[-51.808,-27.093],[-51.803,-27.096],[-51.801,-27.086],[-51.794,-27.087],[-51.793,-27.083],[-51.79,-27.087],[-51.782,-27.088],[-51.781,-27.082],[-51.784,-27.079],[-51.776,-27.071],[-51.772,-27.075],[-51.773,-27.079],[-51.767,-27.083],[-51.76,-27.079],[-51.758,-27.087],[-51.763,-27.092],[-51.759,-27.093],[-51.762,-27.097],[-51.757,-27.104],[-51.748,-27.108],[-51.746,-27.106],[-51.742,-27.108],[-51.735,-27.108],[-51.728,-27.111],[-51.724,-27.112],[-51.721,-27.11],[-51.714,-27.11],[-51.713,-27.106],[-51.701,-27.105],[-51.693,-27.108],[-51.689,-27.113],[-51.676,-27.117]]]}},{"type":"Feature","properties":{"c":"4208708"},"geometry":{"type":"Polygon","coordinates":[[[-49.743,-29.039],[-49.799,-29.068],[-49.798,-29.073],[-49.801,-29.077],[-49.801,-29.08],[-49.805,-29.084],[-49.809,-29.082],[-49.81,-29.084],[-49.822,-29.08],[-49.824,-29.083],[-49.825,-29.089],[-49.834,-29.092],[-49.834,-29.095],[-49.833,-29.098],[-49.835,-29.107],[-49.832,-29.113],[-49.832,-29.122],[-49.838,-29.116],[-49.844,-29.109],[-49.851,-29.103],[-49.866,-29.101],[-49.869,-29.097],[-49.877,-29.095],[-49.882,-29.098],[-49.893,-29.101],[-49.899,-29.1],[-49.904,-29.103],[-49.916,-29.103],[-49.917,-29.1],[-49.923,-29.094],[-49.926,-29.093],[-49.928,-29.089],[-49.932,-29.085],[-49.938,-29.084],[-49.951,-29.073],[-49.955,-29.073],[-49.958,-29.068],[-49.949,-29.069],[-49.952,-29.066],[-49.951,-29.061],[-49.945,-29.063],[-49.942,-29.059],[-49.946,-29.056],[-49.957,-29.063],[-49.957,-29.066],[-49.965,-29.066],[-49.97,-29.069],[-49.968,-29.065],[-49.973,-29.066],[-49.98,-29.069],[-49.985,-29.068],[-49.988,-29.069],[-49.986,-29.073],[-49.99,-29.07],[-49.994,-29.07],[-50.003,-29.073],[-50.002,-29.069],[-49.994,-29.066],[-49.993,-29.064],[-49.986,-29.063],[-49.981,-29.059],[-49.977,-29.059],[-49.97,-29.054],[-49.97,-29.052],[-49.961,-29.051],[-49.96,-29.047],[-49.961,-29.044],[-49.956,-29.042],[-49.955,-29.038],[-49.956,-29.035],[-49.951,-29.034],[-49.946,-29.031],[-49.948,-29.027],[-49.941,-29.021],[-49.947,-29.021],[-49.951,-29.024],[-49.95,-29.021],[-49.961,-29.023],[-49.966,-29.023],[-49.963,-29.018],[-49.957,-29.012],[-49.959,-29.01],[-49.954,-29.006],[-49.945,-28.992],[-49.943,-28.993],[-49.943,-28.998],[-49.94,-28.992],[-49.945,-28.989],[-49.942,-28.982],[-49.938,-28.979],[-49.936,-28.98],[-49.936,-28.985],[-49.934,-28.982],[-49.928,-28.979],[-49.924,-28.981],[-49.924,-28.983],[-49.92,-28.978],[-49.925,-28.976],[-49.931,-28.976],[-49.934,-28.966],[-49.942,-28.963],[-49.954,-28.962],[-49.958,-28.963],[-49.955,-28.952],[-49.956,-28.949],[-49.956,-28.941],[-49.953,-28.939],[-49.945,-28.942],[-49.947,-28.936],[-49.949,-28.925],[-49.945,-28.924],[-49.939,-28.92],[-49.93,-28.921],[-49.929,-28.917],[-49.922,-28.912],[-49.921,-28.91],[-49.907,-28.901],[-49.902,-28.896],[-49.899,-28.895],[-49.896,-28.89],[-49.893,-28.888],[-49.888,-28.889],[-49.88,-28.882],[-49.875,-28.884],[-49.87,-28.883],[-49.868,-28.88],[-49.859,-28.88],[-49.85,-28.883],[-49.847,-28.881],[-49.842,-28.881],[-49.833,-28.887],[-49.831,-28.89],[-49.82,-28.89],[-49.817,-28.887],[-49.812,-28.886],[-49.807,-28.889],[-49.808,-28.895],[-49.798,-28.898],[-49.795,-28.901],[-49.792,-28.901],[-49.788,-28.905],[-49.783,-28.904],[-49.778,-28.906],[-49.778,-28.908],[-49.769,-28.915],[-49.765,-28.915],[-49.762,-28.917],[-49.764,-28.921],[-49.761,-28.924],[-49.763,-28.926],[-49.769,-28.926],[-49.768,-28.932],[-49.771,-28.939],[-49.765,-28.942],[-49.769,-28.944],[-49.765,-28.947],[-49.758,-28.948],[-49.746,-28.952],[-49.744,-28.957],[-49.74,-28.957],[-49.733,-28.963],[-49.729,-28.961],[-49.728,-28.963],[-49.719,-28.963],[-49.717,-28.968],[-49.706,-28.967],[-49.726,-29.003],[-49.718,-29.006],[-49.711,-29.012],[-49.711,-29.014],[-49.705,-29.014],[-49.701,-29.017],[-49.699,-29.02],[-49.743,-29.039]]]}},{"type":"Feature","properties":{"c":"4208807"},"geometry":{"type":"Polygon","coordinates":[[[-49.188,-28.802],[-49.19,-28.796],[-49.198,-28.793],[-49.206,-28.788],[-49.208,-28.785],[-49.205,-28.777],[-49.202,-28.769],[-49.207,-28.766],[-49.207,-28.763],[-49.202,-28.757],[-49.201,-28.76],[-49.195,-28.757],[-49.198,-28.753],[-49.204,-28.75],[-49.198,-28.74],[-49.193,-28.735],[-49.189,-28.734],[-49.184,-28.728],[-49.178,-28.728],[-49.176,-28.722],[-49.179,-28.711],[-49.174,-28.699],[-49.17,-28.698],[-49.169,-28.7],[-49.163,-28.7],[-49.16,-28.701],[-49.154,-28.702],[-49.151,-28.699],[-49.142,-28.694],[-49.127,-28.693],[-49.118,-28.692],[-49.112,-28.693],[-49.111,-28.69],[-49.099,-28.685],[-49.076,-28.669],[-49.08,-28.664],[-49.084,-28.661],[-49.085,-28.655],[-49.076,-28.65],[-49.07,-28.645],[-49.078,-28.639],[-49.076,-28.632],[-49.071,-28.627],[-49.103,-28.593],[-49.03,-28.55],[-49.03,-28.544],[-49.026,-28.536],[-49.019,-28.533],[-49.015,-28.536],[-49.014,-28.539],[-49.009,-28.541],[-49.005,-28.551],[-48.994,-28.559],[-48.989,-28.557],[-48.985,-28.559],[-48.975,-28.557],[-48.975,-28.554],[-48.971,-28.553],[-48.967,-28.556],[-48.964,-28.562],[-48.97,-28.568],[-48.971,-28.572],[-48.969,-28.575],[-48.962,-28.575],[-48.959,-28.582],[-48.954,-28.586],[-48.952,-28.589],[-48.945,-28.594],[-48.935,-28.591],[-48.929,-28.592],[-48.917,-28.602],[-48.909,-28.606],[-48.903,-28.604],[-48.898,-28.6],[-48.892,-28.597],[-48.881,-28.597],[-48.867,-28.599],[-48.863,-28.602],[-48.858,-28.616],[-48.862,-28.617],[-48.888,-28.628],[-48.921,-28.644],[-48.953,-28.66],[-48.96,-28.664],[-48.975,-28.671],[-49.006,-28.69],[-49.017,-28.696],[-49.056,-28.72],[-49.075,-28.73],[-49.08,-28.733],[-49.12,-28.758],[-49.166,-28.788],[-49.186,-28.802],[-49.188,-28.802]]]}},{"type":"Feature","properties":{"c":"4208906"},"geometry":{"type":"Polygon","coordinates":[[[-49.051,-26.515],[-49.055,-26.517],[-49.058,-26.524],[-49.058,-26.528],[-49.06,-26.53],[-49.059,-26.534],[-49.061,-26.544],[-49.066,-26.542],[-49.068,-26.544],[-49.078,-26.544],[-49.08,-26.548],[-49.09,-26.548],[-49.092,-26.554],[-49.089,-26.558],[-49.093,-26.563],[-49.09,-26.57],[-49.093,-26.572],[-49.098,-26.572],[-49.103,-26.578],[-49.107,-26.581],[-49.106,-26.585],[-49.108,-26.595],[-49.106,-26.6],[-49.108,-26.601],[-49.111,-26.607],[-49.11,-26.61],[-49.114,-26.613],[-49.122,-26.618],[-49.123,-26.621],[-49.129,-26.621],[-49.132,-26.628],[-49.13,-26.636],[-49.136,-26.639],[-49.14,-26.639],[-49.142,-26.642],[-49.147,-26.642],[-49.148,-26.644],[-49.154,-26.646],[-49.158,-26.645],[-49.161,-26.648],[-49.164,-26.648],[-49.166,-26.634],[-49.165,-26.631],[-49.172,-26.618],[-49.175,-26.614],[-49.183,-26.614],[-49.189,-26.618],[-49.193,-26.618],[-49.198,-26.622],[-49.201,-26.622],[-49.204,-26.618],[-49.208,-26.617],[-49.223,-26.621],[-49.22,-26.619],[-49.221,-26.612],[-49.224,-26.612],[-49.236,-26.617],[-49.245,-26.614],[-49.246,-26.611],[-49.25,-26.611],[-49.251,-26.614],[-49.258,-26.615],[-49.262,-26.617],[-49.265,-26.613],[-49.272,-26.614],[-49.276,-26.608],[-49.285,-26.607],[-49.287,-26.604],[-49.289,-26.599],[-49.288,-26.59],[-49.29,-26.586],[-49.296,-26.578],[-49.299,-26.571],[-49.29,-26.561],[-49.291,-26.547],[-49.289,-26.547],[-49.284,-26.543],[-49.28,-26.536],[-49.277,-26.535],[-49.269,-26.529],[-49.265,-26.525],[-49.262,-26.519],[-49.262,-26.516],[-49.259,-26.513],[-49.253,-26.506],[-49.25,-26.505],[-49.248,-26.501],[-49.241,-26.497],[-49.232,-26.495],[-49.231,-26.497],[-49.225,-26.495],[-49.223,-26.492],[-49.217,-26.49],[-49.213,-26.486],[-49.212,-26.478],[-49.214,-26.471],[-49.21,-26.466],[-49.212,-26.459],[-49.211,-26.455],[-49.202,-26.452],[-49.2,-26.445],[-49.203,-26.442],[-49.208,-26.443],[-49.208,-26.441],[-49.203,-26.438],[-49.196,-26.435],[-49.193,-26.433],[-49.185,-26.435],[-49.188,-26.39],[-49.185,-26.384],[-49.176,-26.38],[-49.167,-26.38],[-49.168,-26.374],[-49.165,-26.368],[-49.162,-26.368],[-49.159,-26.358],[-49.165,-26.358],[-49.166,-26.355],[-49.16,-26.351],[-49.163,-26.348],[-49.169,-26.343],[-49.167,-26.337],[-49.167,-26.333],[-49.169,-26.331],[-49.166,-26.326],[-49.168,-26.322],[-49.168,-26.32],[-49.17,-26.313],[-49.168,-26.31],[-49.169,-26.308],[-49.202,-26.293],[-49.253,-26.268],[-49.247,-26.269],[-49.238,-26.266],[-49.235,-26.268],[-49.233,-26.267],[-49.228,-26.268],[-49.228,-26.264],[-49.225,-26.264],[-49.225,-26.254],[-49.231,-26.246],[-49.228,-26.243],[-49.229,-26.241],[-49.228,-26.235],[-49.22,-26.229],[-49.215,-26.229],[-49.21,-26.232],[-49.205,-26.229],[-49.205,-26.226],[-49.2,-26.224],[-49.203,-26.221],[-49.203,-26.22],[-49.192,-26.22],[-49.186,-26.217],[-49.178,-26.22],[-49.173,-26.218],[-49.17,-26.218],[-49.171,-26.229],[-49.169,-26.238],[-49.172,-26.243],[-49.169,-26.245],[-49.173,-26.249],[-49.172,-26.253],[-49.176,-26.257],[-49.174,-26.261],[-49.176,-26.266],[-49.172,-26.264],[-49.167,-26.272],[-49.164,-26.272],[-49.162,-26.278],[-49.163,-26.284],[-49.159,-26.284],[-49.156,-26.288],[-49.158,-26.291],[-49.154,-26.298],[-49.155,-26.301],[-49.152,-26.303],[-49.143,-26.303],[-49.145,-26.309],[-49.143,-26.311],[-49.145,-26.316],[-49.146,-26.327],[-49.142,-26.332],[-49.138,-26.335],[-49.134,-26.341],[-49.13,-26.344],[-49.129,-26.35],[-49.118,-26.362],[-49.113,-26.371],[-49.109,-26.371],[-49.109,-26.374],[-49.113,-26.376],[-49.111,-26.379],[-49.116,-26.381],[-49.113,-26.386],[-49.109,-26.388],[-49.114,-26.392],[-49.112,-26.396],[-49.108,-26.398],[-49.102,-26.403],[-49.099,-26.401],[-49.096,-26.401],[-49.094,-26.408],[-49.09,-26.412],[-49.085,-26.413],[-49.085,-26.416],[-49.075,-26.422],[-49.079,-26.421],[-49.079,-26.426],[-49.076,-26.428],[-49.073,-26.432],[-49.067,-26.435],[-49.064,-26.438],[-49.057,-26.441],[-49.053,-26.446],[-49.047,-26.448],[-49.045,-26.447],[-49.044,-26.454],[-49.04,-26.454],[-49.032,-26.457],[-49.029,-26.457],[-49.03,-26.461],[-49.034,-26.462],[-49.036,-26.468],[-49.032,-26.476],[-49.021,-26.478],[-49.015,-26.481],[-49.016,-26.484],[-49.021,-26.484],[-49.028,-26.488],[-49.028,-26.492],[-49.022,-26.501],[-49.016,-26.506],[-49.021,-26.511],[-49.022,-26.516],[-49.027,-26.515],[-49.036,-26.52],[-49.041,-26.516],[-49.051,-26.515]]]}},{"type":"Feature","properties":{"c":"4208955"},"geometry":{"type":"Polygon","coordinates":[[[-52.845,-26.669],[-52.846,-26.67],[-52.847,-26.672],[-52.843,-26.679],[-52.843,-26.684],[-52.837,-26.692],[-52.836,-26.695],[-52.833,-26.698],[-52.827,-26.7],[-52.823,-26.714],[-52.819,-26.717],[-52.82,-26.721],[-52.822,-26.723],[-52.819,-26.727],[-52.82,-26.732],[-52.817,-26.734],[-52.82,-26.739],[-52.834,-26.743],[-52.843,-26.743],[-52.845,-26.74],[-52.851,-26.744],[-52.856,-26.745],[-52.859,-26.747],[-52.869,-26.739],[-52.875,-26.741],[-52.876,-26.747],[-52.879,-26.754],[-52.884,-26.755],[-52.887,-26.76],[-52.892,-26.764],[-52.898,-26.77],[-52.902,-26.773],[-52.904,-26.778],[-52.911,-26.78],[-52.912,-26.783],[-52.916,-26.783],[-52.918,-26.783],[-52.918,-26.78],[-52.924,-26.777],[-52.925,-26.773],[-52.918,-26.771],[-52.913,-26.772],[-52.917,-26.767],[-52.923,-26.762],[-52.923,-26.76],[-52.918,-26.762],[-52.914,-26.761],[-52.908,-26.758],[-52.908,-26.753],[-52.915,-26.747],[-52.908,-26.742],[-52.898,-26.742],[-52.897,-26.74],[-52.902,-26.737],[-52.903,-26.731],[-52.906,-26.729],[-52.91,-26.731],[-52.91,-26.726],[-52.913,-26.718],[-52.911,-26.716],[-52.902,-26.721],[-52.898,-26.72],[-52.893,-26.717],[-52.886,-26.716],[-52.89,-26.712],[-52.896,-26.713],[-52.9,-26.709],[-52.904,-26.708],[-52.903,-26.705],[-52.9,-26.706],[-52.895,-26.704],[-52.889,-26.707],[-52.886,-26.706],[-52.897,-26.698],[-52.905,-26.697],[-52.906,-26.694],[-52.901,-26.693],[-52.901,-26.686],[-52.894,-26.684],[-52.895,-26.682],[-52.9,-26.682],[-52.908,-26.679],[-52.917,-26.682],[-52.92,-26.673],[-52.908,-26.673],[-52.866,-26.671],[-52.845,-26.669]]]}},{"type":"Feature","properties":{"c":"4209003"},"geometry":{"type":"Polygon","coordinates":[[[-51.54,-27.238],[-51.546,-27.242],[-51.549,-27.239],[-51.548,-27.234],[-51.553,-27.233],[-51.559,-27.236],[-51.562,-27.235],[-51.56,-27.233],[-51.565,-27.228],[-51.571,-27.228],[-51.576,-27.227],[-51.575,-27.224],[-51.579,-27.225],[-51.591,-27.224],[-51.599,-27.22],[-51.605,-27.219],[-51.609,-27.216],[-51.614,-27.215],[-51.614,-27.212],[-51.619,-27.21],[-51.623,-27.207],[-51.629,-27.206],[-51.634,-27.204],[-51.637,-27.199],[-51.641,-27.2],[-51.644,-27.203],[-51.647,-27.202],[-51.656,-27.202],[-51.665,-27.202],[-51.669,-27.201],[-51.676,-27.194],[-51.679,-27.188],[-51.685,-27.186],[-51.685,-27.183],[-51.685,-27.178],[-51.688,-27.165],[-51.69,-27.162],[-51.692,-27.153],[-51.695,-27.149],[-51.692,-27.149],[-51.687,-27.155],[-51.68,-27.155],[-51.68,-27.147],[-51.683,-27.146],[-51.683,-27.141],[-51.684,-27.136],[-51.687,-27.13],[-51.684,-27.124],[-51.679,-27.122],[-51.676,-27.117],[-51.673,-27.119],[-51.668,-27.118],[-51.661,-27.113],[-51.659,-27.106],[-51.649,-27.103],[-51.65,-27.098],[-51.646,-27.093],[-51.641,-27.09],[-51.644,-27.087],[-51.64,-27.081],[-51.633,-27.079],[-51.632,-27.076],[-51.636,-27.071],[-51.636,-27.067],[-51.626,-27.063],[-51.626,-27.06],[-51.622,-27.059],[-51.624,-27.056],[-51.626,-27.049],[-51.624,-27.043],[-51.619,-27.041],[-51.61,-27.044],[-51.609,-27.042],[-51.604,-27.044],[-51.605,-27.046],[-51.6,-27.052],[-51.598,-27.055],[-51.602,-27.058],[-51.602,-27.062],[-51.599,-27.065],[-51.6,-27.068],[-51.595,-27.072],[-51.593,-27.072],[-51.591,-27.079],[-51.572,-27.084],[-51.57,-27.086],[-51.569,-27.092],[-51.564,-27.094],[-51.556,-27.102],[-51.558,-27.105],[-51.557,-27.109],[-51.547,-27.114],[-51.54,-27.119],[-51.536,-27.119],[-51.534,-27.123],[-51.527,-27.125],[-51.524,-27.13],[-51.518,-27.131],[-51.512,-27.135],[-51.509,-27.136],[-51.502,-27.139],[-51.497,-27.138],[-51.49,-27.141],[-51.49,-27.143],[-51.485,-27.145],[-51.48,-27.145],[-51.482,-27.153],[-51.48,-27.162],[-51.483,-27.164],[-51.49,-27.165],[-51.497,-27.169],[-51.502,-27.175],[-51.504,-27.19],[-51.51,-27.194],[-51.509,-27.204],[-51.514,-27.208],[-51.527,-27.202],[-51.534,-27.201],[-51.536,-27.204],[-51.536,-27.208],[-51.531,-27.217],[-51.531,-27.223],[-51.532,-27.228],[-51.54,-27.234],[-51.54,-27.238]]]}},{"type":"Feature","properties":{"c":"4209102"},"geometry":{"type":"Polygon","coordinates":[[[-48.784,-26.153],[-48.781,-26.158],[-48.76,-26.189],[-48.756,-26.197],[-48.756,-26.203],[-48.763,-26.207],[-48.764,-26.215],[-48.76,-26.227],[-48.757,-26.234],[-48.746,-26.248],[-48.742,-26.261],[-48.74,-26.286],[-48.744,-26.289],[-48.757,-26.294],[-48.758,-26.299],[-48.752,-26.302],[-48.743,-26.314],[-48.743,-26.316],[-48.733,-26.323],[-48.727,-26.332],[-48.723,-26.34],[-48.724,-26.343],[-48.731,-26.348],[-48.733,-26.351],[-48.731,-26.354],[-48.736,-26.358],[-48.741,-26.355],[-48.747,-26.359],[-48.757,-26.361],[-48.759,-26.356],[-48.765,-26.352],[-48.768,-26.353],[-48.769,-26.357],[-48.778,-26.356],[-48.779,-26.358],[-48.788,-26.365],[-48.8,-26.367],[-48.805,-26.371],[-48.807,-26.376],[-48.805,-26.379],[-48.808,-26.381],[-48.808,-26.392],[-48.815,-26.396],[-48.821,-26.396],[-48.825,-26.4],[-48.823,-26.4],[-48.823,-26.41],[-48.824,-26.414],[-48.818,-26.413],[-48.813,-26.416],[-48.806,-26.414],[-48.804,-26.415],[-48.804,-26.419],[-48.807,-26.424],[-48.819,-26.434],[-48.823,-26.439],[-48.822,-26.443],[-48.826,-26.446],[-48.825,-26.449],[-48.828,-26.452],[-48.831,-26.448],[-48.835,-26.448],[-48.838,-26.445],[-48.839,-26.441],[-48.842,-26.434],[-48.854,-26.422],[-48.854,-26.417],[-48.856,-26.411],[-48.869,-26.397],[-48.874,-26.392],[-48.876,-26.383],[-48.896,-26.375],[-48.906,-26.374],[-48.919,-26.377],[-48.924,-26.38],[-48.923,-26.385],[-48.921,-26.392],[-48.924,-26.404],[-48.924,-26.414],[-48.925,-26.418],[-48.93,-26.421],[-48.938,-26.419],[-48.951,-26.412],[-48.953,-26.412],[-48.954,-26.407],[-48.964,-26.403],[-48.966,-26.399],[-48.972,-26.398],[-48.976,-26.395],[-48.982,-26.395],[-48.988,-26.392],[-48.991,-26.389],[-49.001,-26.39],[-49.004,-26.389],[-49.007,-26.385],[-49.005,-26.382],[-49.006,-26.375],[-49.004,-26.368],[-49.009,-26.363],[-49.012,-26.364],[-49.017,-26.36],[-49.018,-26.353],[-49.021,-26.351],[-49.017,-26.345],[-49.017,-26.339],[-49.012,-26.326],[-49.006,-26.323],[-49.003,-26.318],[-48.999,-26.317],[-48.996,-26.312],[-49.005,-26.309],[-49.01,-26.311],[-49.02,-26.311],[-49.027,-26.307],[-49.028,-26.31],[-49.035,-26.314],[-49.039,-26.308],[-49.048,-26.307],[-49.051,-26.31],[-49.055,-26.311],[-49.059,-26.315],[-49.063,-26.313],[-49.059,-26.302],[-49.053,-26.297],[-49.054,-26.29],[-49.05,-26.288],[-49.049,-26.284],[-49.043,-26.283],[-49.041,-26.279],[-49.035,-26.278],[-49.031,-26.276],[-49.029,-26.272],[-49.032,-26.269],[-49.033,-26.262],[-49.04,-26.263],[-49.041,-26.268],[-49.047,-26.273],[-49.048,-26.276],[-49.045,-26.278],[-49.051,-26.28],[-49.056,-26.278],[-49.058,-26.28],[-49.058,-26.285],[-49.063,-26.29],[-49.061,-26.294],[-49.063,-26.297],[-49.068,-26.298],[-49.072,-26.297],[-49.072,-26.294],[-49.083,-26.295],[-49.083,-26.299],[-49.086,-26.302],[-49.083,-26.311],[-49.088,-26.317],[-49.086,-26.32],[-49.092,-26.324],[-49.095,-26.33],[-49.097,-26.327],[-49.107,-26.318],[-49.106,-26.311],[-49.103,-26.308],[-49.104,-26.304],[-49.102,-26.296],[-49.111,-26.295],[-49.111,-26.299],[-49.118,-26.304],[-49.123,-26.303],[-49.13,-26.309],[-49.136,-26.31],[-49.137,-26.314],[-49.14,-26.317],[-49.141,-26.315],[-49.145,-26.316],[-49.143,-26.311],[-49.145,-26.309],[-49.143,-26.303],[-49.152,-26.303],[-49.155,-26.301],[-49.154,-26.298],[-49.158,-26.291],[-49.156,-26.288],[-49.159,-26.284],[-49.163,-26.284],[-49.162,-26.278],[-49.164,-26.272],[-49.167,-26.272],[-49.172,-26.264],[-49.176,-26.266],[-49.174,-26.261],[-49.176,-26.257],[-49.172,-26.253],[-49.173,-26.249],[-49.169,-26.245],[-49.172,-26.243],[-49.169,-26.238],[-49.171,-26.229],[-49.17,-26.218],[-49.173,-26.218],[-49.178,-26.22],[-49.186,-26.217],[-49.192,-26.22],[-49.203,-26.22],[-49.199,-26.217],[-49.201,-26.214],[-49.198,-26.207],[-49.191,-26.2],[-49.183,-26.201],[-49.181,-26.205],[-49.176,-26.208],[-49.169,-26.198],[-49.17,-26.194],[-49.168,-26.188],[-49.172,-26.184],[-49.17,-26.178],[-49.172,-26.169],[-49.177,-26.168],[-49.182,-26.169],[-49.183,-26.166],[-49.181,-26.161],[-49.178,-26.161],[-49.18,-26.155],[-49.183,-26.152],[-49.191,-26.15],[-49.189,-26.145],[-49.184,-26.141],[-49.179,-26.142],[-49.169,-26.133],[-49.16,-26.133],[-49.161,-26.124],[-49.159,-26.114],[-49.151,-26.112],[-49.142,-26.117],[-49.138,-26.117],[-49.14,-26.113],[-49.139,-26.109],[-49.135,-26.108],[-49.135,-26.106],[-49.131,-26.1],[-49.127,-26.1],[-49.124,-26.103],[-49.116,-26.1],[-49.112,-26.095],[-49.108,-26.094],[-49.106,-26.091],[-49.102,-26.091],[-49.1,-26.089],[-49.091,-26.09],[-49.086,-26.087],[-49.084,-26.083],[-49.075,-26.08],[-49.073,-26.075],[-49.065,-26.075],[-49.059,-26.077],[-49.057,-26.076],[-49.052,-26.079],[-49.049,-26.084],[-49.05,-26.087],[-49.046,-26.089],[-49.045,-26.095],[-49.048,-26.099],[-49.047,-26.104],[-49.049,-26.107],[-49.047,-26.111],[-49.042,-26.114],[-48.975,-26.125],[-48.828,-26.123],[-48.822,-26.12],[-48.821,-26.126],[-48.818,-26.129],[-48.813,-26.128],[-48.809,-26.13],[-48.802,-26.13],[-48.794,-26.132],[-48.792,-26.137],[-48.784,-26.153]]]}},{"type":"Feature","properties":{"c":"4209151"},"geometry":{"type":"Polygon","coordinates":[[[-49.709,-26.918],[-49.724,-26.918],[-49.725,-26.912],[-49.739,-26.913],[-49.746,-26.908],[-49.759,-26.904],[-49.769,-26.897],[-49.771,-26.893],[-49.769,-26.889],[-49.759,-26.884],[-49.753,-26.884],[-49.747,-26.882],[-49.741,-26.876],[-49.738,-26.875],[-49.719,-26.859],[-49.707,-26.869],[-49.706,-26.869],[-49.705,-26.859],[-49.708,-26.852],[-49.706,-26.846],[-49.711,-26.842],[-49.718,-26.831],[-49.725,-26.824],[-49.735,-26.817],[-49.736,-26.813],[-49.743,-26.806],[-49.744,-26.8],[-49.751,-26.797],[-49.755,-26.792],[-49.75,-26.787],[-49.75,-26.785],[-49.746,-26.785],[-49.742,-26.784],[-49.737,-26.775],[-49.732,-26.772],[-49.73,-26.767],[-49.728,-26.766],[-49.726,-26.757],[-49.728,-26.746],[-49.723,-26.739],[-49.722,-26.73],[-49.718,-26.721],[-49.711,-26.719],[-49.707,-26.717],[-49.704,-26.708],[-49.701,-26.704],[-49.697,-26.702],[-49.692,-26.698],[-49.689,-26.703],[-49.681,-26.703],[-49.677,-26.721],[-49.674,-26.725],[-49.675,-26.727],[-49.669,-26.739],[-49.664,-26.742],[-49.657,-26.742],[-49.658,-26.75],[-49.655,-26.752],[-49.653,-26.755],[-49.653,-26.763],[-49.648,-26.763],[-49.646,-26.767],[-49.645,-26.774],[-49.643,-26.78],[-49.638,-26.779],[-49.632,-26.782],[-49.624,-26.78],[-49.621,-26.78],[-49.619,-26.785],[-49.607,-26.785],[-49.605,-26.783],[-49.599,-26.783],[-49.588,-26.781],[-49.581,-26.777],[-49.574,-26.778],[-49.572,-26.782],[-49.567,-26.783],[-49.565,-26.786],[-49.565,-26.801],[-49.566,-26.803],[-49.56,-26.813],[-49.563,-26.825],[-49.56,-26.835],[-49.554,-26.843],[-49.552,-26.854],[-49.549,-26.857],[-49.553,-26.867],[-49.551,-26.879],[-49.548,-26.882],[-49.547,-26.892],[-49.544,-26.892],[-49.544,-26.899],[-49.546,-26.907],[-49.544,-26.913],[-49.551,-26.921],[-49.558,-26.93],[-49.566,-26.934],[-49.57,-26.939],[-49.57,-26.942],[-49.577,-26.953],[-49.579,-26.964],[-49.578,-26.971],[-49.576,-26.98],[-49.578,-26.986],[-49.577,-26.992],[-49.581,-26.997],[-49.582,-27.002],[-49.59,-27.006],[-49.59,-27.009],[-49.595,-27.011],[-49.599,-27.009],[-49.601,-27.011],[-49.605,-27.004],[-49.612,-27.003],[-49.626,-26.999],[-49.632,-26.994],[-49.634,-26.988],[-49.637,-26.985],[-49.641,-26.976],[-49.651,-26.97],[-49.654,-26.966],[-49.657,-26.959],[-49.67,-26.951],[-49.676,-26.949],[-49.68,-26.944],[-49.68,-26.942],[-49.69,-26.929],[-49.69,-26.925],[-49.687,-26.919],[-49.684,-26.917],[-49.686,-26.913],[-49.695,-26.914],[-49.7,-26.916],[-49.709,-26.918]]]}},{"type":"Feature","properties":{"c":"4209177"},"geometry":{"type":"Polygon","coordinates":[[[-52.645,-26.381],[-52.649,-26.379],[-52.655,-26.388],[-52.662,-26.39],[-52.667,-26.395],[-52.664,-26.401],[-52.666,-26.407],[-52.669,-26.407],[-52.671,-26.412],[-52.684,-26.412],[-52.688,-26.41],[-52.691,-26.415],[-52.694,-26.415],[-52.693,-26.419],[-52.688,-26.419],[-52.687,-26.421],[-52.691,-26.423],[-52.701,-26.42],[-52.705,-26.423],[-52.707,-26.422],[-52.713,-26.432],[-52.717,-26.436],[-52.729,-26.44],[-52.73,-26.444],[-52.728,-26.445],[-52.727,-26.448],[-52.724,-26.453],[-52.725,-26.458],[-52.729,-26.46],[-52.731,-26.458],[-52.734,-26.462],[-52.741,-26.462],[-52.739,-26.461],[-52.742,-26.459],[-52.738,-26.457],[-52.739,-26.453],[-52.745,-26.449],[-52.745,-26.446],[-52.748,-26.446],[-52.746,-26.45],[-52.747,-26.458],[-52.755,-26.454],[-52.759,-26.455],[-52.761,-26.458],[-52.768,-26.455],[-52.769,-26.453],[-52.764,-26.453],[-52.765,-26.451],[-52.76,-26.451],[-52.764,-26.447],[-52.761,-26.443],[-52.757,-26.445],[-52.749,-26.443],[-52.751,-26.44],[-52.751,-26.436],[-52.759,-26.437],[-52.758,-26.432],[-52.759,-26.43],[-52.763,-26.433],[-52.764,-26.43],[-52.767,-26.43],[-52.762,-26.427],[-52.76,-26.421],[-52.763,-26.419],[-52.762,-26.416],[-52.758,-26.417],[-52.759,-26.412],[-52.762,-26.411],[-52.766,-26.416],[-52.767,-26.412],[-52.771,-26.408],[-52.769,-26.407],[-52.763,-26.408],[-52.764,-26.405],[-52.76,-26.4],[-52.76,-26.397],[-52.768,-26.392],[-52.771,-26.386],[-52.777,-26.382],[-52.776,-26.38],[-52.77,-26.372],[-52.761,-26.36],[-52.763,-26.354],[-52.756,-26.353],[-52.756,-26.349],[-52.752,-26.345],[-52.742,-26.345],[-52.738,-26.342],[-52.731,-26.347],[-52.727,-26.348],[-52.717,-26.357],[-52.709,-26.355],[-52.703,-26.357],[-52.698,-26.358],[-52.691,-26.353],[-52.686,-26.356],[-52.68,-26.353],[-52.677,-26.354],[-52.675,-26.358],[-52.668,-26.365],[-52.664,-26.369],[-52.66,-26.374],[-52.647,-26.379],[-52.645,-26.381]]]}},{"type":"Feature","properties":{"c":"4209201"},"geometry":{"type":"Polygon","coordinates":[[[-51.54,-27.282],[-51.543,-27.283],[-51.549,-27.282],[-51.556,-27.276],[-51.565,-27.274],[-51.567,-27.276],[-51.563,-27.284],[-51.562,-27.292],[-51.563,-27.297],[-51.568,-27.298],[-51.573,-27.302],[-51.575,-27.311],[-51.577,-27.315],[-51.58,-27.312],[-51.581,-27.308],[-51.582,-27.296],[-51.584,-27.293],[-51.589,-27.291],[-51.595,-27.296],[-51.595,-27.298],[-51.598,-27.294],[-51.601,-27.292],[-51.603,-27.287],[-51.601,-27.286],[-51.602,-27.279],[-51.597,-27.271],[-51.628,-27.256],[-51.635,-27.262],[-51.649,-27.236],[-51.646,-27.235],[-51.644,-27.23],[-51.636,-27.231],[-51.633,-27.225],[-51.641,-27.219],[-51.642,-27.22],[-51.648,-27.214],[-51.647,-27.217],[-51.651,-27.22],[-51.65,-27.216],[-51.656,-27.21],[-51.652,-27.208],[-51.656,-27.202],[-51.647,-27.202],[-51.644,-27.203],[-51.641,-27.2],[-51.637,-27.199],[-51.634,-27.204],[-51.629,-27.206],[-51.623,-27.207],[-51.619,-27.21],[-51.614,-27.212],[-51.614,-27.215],[-51.609,-27.216],[-51.605,-27.219],[-51.599,-27.22],[-51.591,-27.224],[-51.579,-27.225],[-51.575,-27.224],[-51.576,-27.227],[-51.571,-27.228],[-51.565,-27.228],[-51.56,-27.233],[-51.562,-27.235],[-51.559,-27.236],[-51.553,-27.233],[-51.548,-27.234],[-51.549,-27.239],[-51.546,-27.242],[-51.54,-27.238],[-51.532,-27.242],[-51.53,-27.245],[-51.528,-27.25],[-51.531,-27.254],[-51.539,-27.257],[-51.54,-27.263],[-51.543,-27.266],[-51.551,-27.263],[-51.555,-27.264],[-51.552,-27.271],[-51.539,-27.272],[-51.526,-27.27],[-51.523,-27.276],[-51.528,-27.282],[-51.54,-27.282]]]}},{"type":"Feature","properties":{"c":"4209300"},"geometry":{"type":"Polygon","coordinates":[[[-50.067,-27.811],[-50.069,-27.816],[-50.067,-27.818],[-50.067,-27.829],[-50.072,-27.834],[-50.072,-27.841],[-50.076,-27.842],[-50.078,-27.839],[-50.082,-27.844],[-50.091,-27.849],[-50.096,-27.846],[-50.095,-27.85],[-50.096,-27.855],[-50.101,-27.854],[-50.108,-27.857],[-50.109,-27.853],[-50.112,-27.852],[-50.114,-27.856],[-50.117,-27.855],[-50.122,-27.857],[-50.125,-27.855],[-50.131,-27.859],[-50.137,-27.854],[-50.141,-27.853],[-50.142,-27.858],[-50.147,-27.857],[-50.163,-27.861],[-50.164,-27.864],[-50.169,-27.869],[-50.18,-27.863],[-50.182,-27.866],[-50.19,-27.866],[-50.196,-27.863],[-50.2,-27.863],[-50.205,-27.867],[-50.201,-27.87],[-50.205,-27.871],[-50.209,-27.87],[-50.211,-27.874],[-50.214,-27.875],[-50.212,-27.886],[-50.214,-27.89],[-50.213,-27.897],[-50.211,-27.897],[-50.208,-27.906],[-50.204,-27.91],[-50.199,-27.912],[-50.199,-27.914],[-50.192,-27.915],[-50.193,-27.92],[-50.188,-27.926],[-50.189,-27.928],[-50.185,-27.932],[-50.184,-27.936],[-50.181,-27.941],[-50.182,-27.942],[-50.189,-27.957],[-50.195,-27.963],[-50.198,-27.976],[-50.195,-27.98],[-50.195,-27.986],[-50.2,-27.993],[-50.192,-28.089],[-50.196,-28.095],[-50.195,-28.098],[-50.199,-28.1],[-50.199,-28.105],[-50.201,-28.109],[-50.198,-28.112],[-50.196,-28.117],[-50.196,-28.124],[-50.193,-28.132],[-50.189,-28.134],[-50.19,-28.14],[-50.178,-28.149],[-50.175,-28.153],[-50.176,-28.157],[-50.174,-28.161],[-50.181,-28.164],[-50.186,-28.162],[-50.188,-28.165],[-50.187,-28.169],[-50.183,-28.172],[-50.182,-28.177],[-50.176,-28.18],[-50.171,-28.185],[-50.172,-28.188],[-50.182,-28.19],[-50.183,-28.191],[-50.18,-28.194],[-50.169,-28.197],[-50.166,-28.201],[-50.169,-28.203],[-50.175,-28.203],[-50.178,-28.208],[-50.182,-28.207],[-50.19,-28.201],[-50.194,-28.203],[-50.187,-28.212],[-50.188,-28.216],[-50.192,-28.218],[-50.196,-28.217],[-50.201,-28.213],[-50.202,-28.206],[-50.208,-28.207],[-50.218,-28.207],[-50.226,-28.212],[-50.233,-28.221],[-50.229,-28.222],[-50.22,-28.22],[-50.218,-28.222],[-50.217,-28.231],[-50.219,-28.237],[-50.225,-28.234],[-50.227,-28.235],[-50.229,-28.243],[-50.224,-28.244],[-50.218,-28.247],[-50.217,-28.251],[-50.225,-28.257],[-50.23,-28.259],[-50.237,-28.259],[-50.24,-28.257],[-50.246,-28.257],[-50.248,-28.264],[-50.245,-28.274],[-50.244,-28.29],[-50.242,-28.293],[-50.232,-28.295],[-50.231,-28.301],[-50.238,-28.302],[-50.246,-28.306],[-50.253,-28.303],[-50.255,-28.303],[-50.256,-28.307],[-50.249,-28.312],[-50.249,-28.315],[-50.253,-28.315],[-50.264,-28.311],[-50.271,-28.31],[-50.279,-28.312],[-50.279,-28.322],[-50.276,-28.327],[-50.272,-28.326],[-50.266,-28.328],[-50.265,-28.33],[-50.269,-28.335],[-50.272,-28.343],[-50.277,-28.348],[-50.281,-28.35],[-50.288,-28.346],[-50.293,-28.348],[-50.299,-28.35],[-50.306,-28.354],[-50.314,-28.355],[-50.316,-28.36],[-50.32,-28.363],[-50.326,-28.365],[-50.336,-28.368],[-50.337,-28.371],[-50.333,-28.376],[-50.333,-28.38],[-50.34,-28.383],[-50.362,-28.38],[-50.367,-28.38],[-50.37,-28.372],[-50.375,-28.371],[-50.381,-28.375],[-50.384,-28.379],[-50.385,-28.385],[-50.391,-28.39],[-50.399,-28.39],[-50.404,-28.392],[-50.407,-28.399],[-50.405,-28.407],[-50.404,-28.413],[-50.407,-28.424],[-50.413,-28.423],[-50.417,-28.423],[-50.419,-28.428],[-50.425,-28.433],[-50.429,-28.434],[-50.436,-28.431],[-50.447,-28.424],[-50.449,-28.422],[-50.455,-28.412],[-50.457,-28.411],[-50.47,-28.415],[-50.475,-28.415],[-50.489,-28.412],[-50.501,-28.413],[-50.508,-28.407],[-50.514,-28.405],[-50.523,-28.403],[-50.528,-28.404],[-50.532,-28.408],[-50.529,-28.415],[-50.528,-28.423],[-50.531,-28.429],[-50.538,-28.43],[-50.544,-28.428],[-50.551,-28.42],[-50.559,-28.417],[-50.565,-28.413],[-50.569,-28.408],[-50.569,-28.403],[-50.577,-28.394],[-50.587,-28.386],[-50.593,-28.382],[-50.601,-28.382],[-50.605,-28.388],[-50.61,-28.393],[-50.614,-28.394],[-50.624,-28.393],[-50.626,-28.392],[-50.632,-28.383],[-50.633,-28.379],[-50.632,-28.375],[-50.629,-28.37],[-50.629,-28.364],[-50.64,-28.355],[-50.645,-28.348],[-50.655,-28.342],[-50.662,-28.34],[-50.665,-28.338],[-50.664,-28.333],[-50.659,-28.326],[-50.659,-28.323],[-50.665,-28.313],[-50.678,-28.3],[-50.695,-28.289],[-50.696,-28.285],[-50.694,-28.277],[-50.696,-28.27],[-50.694,-28.268],[-50.687,-28.27],[-50.684,-28.266],[-50.681,-28.264],[-50.677,-28.259],[-50.671,-28.255],[-50.667,-28.255],[-50.665,-28.257],[-50.668,-28.266],[-50.664,-28.27],[-50.665,-28.274],[-50.672,-28.28],[-50.673,-28.284],[-50.669,-28.288],[-50.662,-28.287],[-50.658,-28.285],[-50.658,-28.292],[-50.655,-28.293],[-50.643,-28.289],[-50.638,-28.294],[-50.631,-28.297],[-50.629,-28.295],[-50.631,-28.291],[-50.628,-28.286],[-50.623,-28.289],[-50.624,-28.285],[-50.615,-28.284],[-50.613,-28.279],[-50.605,-28.278],[-50.601,-28.276],[-50.601,-28.269],[-50.599,-28.274],[-50.593,-28.27],[-50.589,-28.266],[-50.586,-28.271],[-50.585,-28.277],[-50.579,-28.274],[-50.574,-28.267],[-50.573,-28.26],[-50.577,-28.26],[-50.574,-28.254],[-50.569,-28.259],[-50.566,-28.26],[-50.561,-28.259],[-50.563,-28.254],[-50.561,-28.251],[-50.545,-28.251],[-50.541,-28.245],[-50.541,-28.242],[-50.546,-28.239],[-50.546,-28.236],[-50.536,-28.234],[-50.539,-28.229],[-50.54,-28.224],[-50.535,-28.219],[-50.528,-28.217],[-50.524,-28.217],[-50.519,-28.22],[-50.512,-28.211],[-50.518,-28.207],[-50.514,-28.204],[-50.509,-28.204],[-50.509,-28.201],[-50.512,-28.201],[-50.511,-28.197],[-50.505,-28.194],[-50.509,-28.191],[-50.509,-28.184],[-50.51,-28.18],[-50.519,-28.171],[-50.52,-28.161],[-50.523,-28.159],[-50.523,-28.15],[-50.521,-28.147],[-50.517,-28.145],[-50.525,-28.138],[-50.525,-28.135],[-50.522,-28.134],[-50.521,-28.128],[-50.517,-28.125],[-50.514,-28.126],[-50.512,-28.122],[-50.509,-28.122],[-50.503,-28.117],[-50.499,-28.108],[-50.501,-28.106],[-50.495,-28.1],[-50.488,-28.096],[-50.483,-28.095],[-50.484,-28.094],[-50.479,-28.089],[-50.474,-28.088],[-50.473,-28.084],[-50.465,-28.081],[-50.463,-28.084],[-50.448,-28.082],[-50.444,-28.076],[-50.438,-28.073],[-50.426,-28.058],[-50.425,-28.053],[-50.423,-28.053],[-50.421,-28.048],[-50.419,-28.047],[-50.408,-28.051],[-50.401,-28.047],[-50.398,-28.039],[-50.395,-28.038],[-50.393,-28.034],[-50.39,-28.026],[-50.39,-28.019],[-50.393,-28.017],[-50.397,-28.017],[-50.398,-28.014],[-50.407,-28.011],[-50.41,-28.014],[-50.411,-28.008],[-50.414,-28.006],[-50.412,-28.0],[-50.404,-27.994],[-50.399,-27.984],[-50.403,-27.977],[-50.398,-27.974],[-50.396,-27.974],[-50.392,-27.971],[-50.386,-27.97],[-50.374,-27.966],[-50.37,-27.959],[-50.373,-27.954],[-50.37,-27.952],[-50.372,-27.949],[-50.37,-27.946],[-50.37,-27.942],[-50.372,-27.939],[-50.369,-27.933],[-50.366,-27.931],[-50.359,-27.931],[-50.358,-27.927],[-50.355,-27.926],[-50.36,-27.921],[-50.361,-27.916],[-50.365,-27.914],[-50.365,-27.908],[-50.373,-27.907],[-50.373,-27.899],[-50.377,-27.896],[-50.38,-27.89],[-50.378,-27.885],[-50.381,-27.88],[-50.387,-27.883],[-50.389,-27.883],[-50.394,-27.876],[-50.402,-27.876],[-50.408,-27.873],[-50.411,-27.869],[-50.413,-27.87],[-50.416,-27.867],[-50.413,-27.861],[-50.424,-27.869],[-50.427,-27.861],[-50.429,-27.86],[-50.43,-27.868],[-50.437,-27.874],[-50.443,-27.862],[-50.446,-27.865],[-50.455,-27.867],[-50.464,-27.863],[-50.458,-27.859],[-50.459,-27.856],[-50.467,-27.856],[-50.471,-27.857],[-50.472,-27.86],[-50.479,-27.863],[-50.517,-27.873],[-50.532,-27.875],[-50.544,-27.869],[-50.545,-27.865],[-50.552,-27.856],[-50.559,-27.86],[-50.558,-27.857],[-50.563,-27.85],[-50.565,-27.85],[-50.574,-27.844],[-50.576,-27.84],[-50.582,-27.84],[-50.586,-27.836],[-50.594,-27.833],[-50.601,-27.835],[-50.605,-27.833],[-50.606,-27.829],[-50.61,-27.826],[-50.611,-27.821],[-50.606,-27.818],[-50.611,-27.814],[-50.612,-27.81],[-50.619,-27.81],[-50.618,-27.806],[-50.611,-27.803],[-50.609,-27.795],[-50.61,-27.791],[-50.616,-27.792],[-50.624,-27.787],[-50.63,-27.786],[-50.626,-27.779],[-50.627,-27.774],[-50.623,-27.776],[-50.616,-27.774],[-50.616,-27.77],[-50.619,-27.771],[-50.627,-27.765],[-50.621,-27.762],[-50.619,-27.758],[-50.615,-27.755],[-50.616,-27.754],[-50.622,-27.758],[-50.626,-27.757],[-50.632,-27.759],[-50.635,-27.758],[-50.636,-27.761],[-50.64,-27.757],[-50.634,-27.752],[-50.633,-27.749],[-50.634,-27.745],[-50.632,-27.743],[-50.635,-27.741],[-50.634,-27.738],[-50.629,-27.736],[-50.628,-27.73],[-50.631,-27.729],[-50.638,-27.733],[-50.644,-27.726],[-50.644,-27.722],[-50.64,-27.719],[-50.64,-27.714],[-50.636,-27.715],[-50.634,-27.709],[-50.628,-27.708],[-50.625,-27.713],[-50.624,-27.719],[-50.617,-27.722],[-50.617,-27.725],[-50.607,-27.727],[-50.605,-27.729],[-50.603,-27.727],[-50.598,-27.72],[-50.599,-27.715],[-50.595,-27.709],[-50.591,-27.711],[-50.59,-27.714],[-50.585,-27.714],[-50.581,-27.708],[-50.575,-27.715],[-50.579,-27.719],[-50.578,-27.722],[-50.583,-27.728],[-50.581,-27.731],[-50.578,-27.731],[-50.576,-27.725],[-50.571,-27.727],[-50.568,-27.733],[-50.566,-27.728],[-50.562,-27.729],[-50.557,-27.724],[-50.553,-27.727],[-50.553,-27.732],[-50.551,-27.735],[-50.543,-27.735],[-50.546,-27.743],[-50.555,-27.75],[-50.556,-27.753],[-50.554,-27.756],[-50.548,-27.755],[-50.542,-27.752],[-50.54,-27.758],[-50.545,-27.762],[-50.542,-27.765],[-50.534,-27.766],[-50.532,-27.765],[-50.529,-27.767],[-50.525,-27.766],[-50.522,-27.769],[-50.527,-27.772],[-50.53,-27.776],[-50.522,-27.778],[-50.518,-27.783],[-50.518,-27.787],[-50.513,-27.787],[-50.505,-27.782],[-50.504,-27.783],[-50.499,-27.778],[-50.495,-27.777],[-50.494,-27.772],[-50.496,-27.769],[-50.49,-27.768],[-50.486,-27.771],[-50.481,-27.772],[-50.48,-27.769],[-50.475,-27.77],[-50.47,-27.767],[-50.468,-27.771],[-50.471,-27.773],[-50.468,-27.774],[-50.465,-27.771],[-50.46,-27.773],[-50.452,-27.771],[-50.448,-27.774],[-50.444,-27.773],[-50.444,-27.775],[-50.437,-27.772],[-50.434,-27.774],[-50.432,-27.768],[-50.427,-27.769],[-50.424,-27.763],[-50.418,-27.762],[-50.418,-27.76],[-50.414,-27.758],[-50.411,-27.754],[-50.406,-27.753],[-50.406,-27.748],[-50.397,-27.751],[-50.393,-27.748],[-50.391,-27.742],[-50.392,-27.737],[-50.39,-27.73],[-50.385,-27.731],[-50.381,-27.734],[-50.379,-27.73],[-50.377,-27.734],[-50.378,-27.739],[-50.372,-27.742],[-50.367,-27.747],[-50.36,-27.745],[-50.359,-27.739],[-50.354,-27.74],[-50.353,-27.747],[-50.347,-27.743],[-50.347,-27.741],[-50.342,-27.741],[-50.338,-27.742],[-50.335,-27.746],[-50.326,-27.747],[-50.327,-27.75],[-50.309,-27.749],[-50.307,-27.746],[-50.303,-27.731],[-50.304,-27.722],[-50.299,-27.718],[-50.301,-27.715],[-50.296,-27.708],[-50.298,-27.7],[-50.305,-27.696],[-50.308,-27.691],[-50.311,-27.68],[-50.31,-27.678],[-50.273,-27.676],[-50.265,-27.672],[-50.249,-27.659],[-50.194,-27.633],[-50.188,-27.64],[-50.184,-27.642],[-50.186,-27.65],[-50.182,-27.655],[-50.179,-27.654],[-50.175,-27.657],[-50.167,-27.661],[-50.162,-27.667],[-50.162,-27.661],[-50.157,-27.658],[-50.153,-27.652],[-50.151,-27.653],[-50.15,-27.66],[-50.147,-27.665],[-50.137,-27.708],[-50.135,-27.704],[-50.135,-27.697],[-50.133,-27.694],[-50.13,-27.694],[-50.125,-27.691],[-50.121,-27.685],[-50.118,-27.684],[-50.112,-27.678],[-50.111,-27.679],[-50.105,-27.676],[-50.105,-27.671],[-50.103,-27.662],[-50.099,-27.658],[-50.09,-27.65],[-50.091,-27.647],[-50.085,-27.64],[-50.086,-27.636],[-50.082,-27.631],[-50.08,-27.631],[-50.08,-27.627],[-50.079,-27.625],[-50.074,-27.626],[-50.072,-27.623],[-50.068,-27.627],[-50.068,-27.625],[-50.061,-27.623],[-50.062,-27.618],[-50.055,-27.618],[-50.057,-27.611],[-50.054,-27.605],[-50.056,-27.604],[-50.051,-27.598],[-50.054,-27.596],[-50.052,-27.593],[-50.047,-27.591],[-50.049,-27.587],[-50.047,-27.585],[-50.049,-27.579],[-50.047,-27.579],[-50.044,-27.583],[-50.04,-27.585],[-50.033,-27.583],[-50.027,-27.571],[-50.022,-27.569],[-50.019,-27.57],[-50.013,-27.578],[-50.014,-27.582],[-50.018,-27.586],[-50.023,-27.587],[-50.03,-27.593],[-50.028,-27.597],[-50.016,-27.602],[-50.013,-27.607],[-50.015,-27.611],[-50.02,-27.612],[-50.02,-27.616],[-50.015,-27.619],[-50.013,-27.623],[-50.014,-27.626],[-50.018,-27.625],[-50.022,-27.626],[-50.024,-27.631],[-50.022,-27.634],[-50.016,-27.634],[-50.009,-27.632],[-50.006,-27.633],[-50.0,-27.641],[-50.002,-27.648],[-49.999,-27.65],[-49.999,-27.66],[-50.004,-27.665],[-50.001,-27.668],[-50.002,-27.674],[-50.004,-27.673],[-50.013,-27.672],[-50.014,-27.676],[-50.019,-27.678],[-50.018,-27.681],[-50.022,-27.684],[-50.027,-27.693],[-50.023,-27.696],[-50.028,-27.698],[-50.029,-27.701],[-50.025,-27.707],[-50.027,-27.711],[-50.031,-27.714],[-50.029,-27.716],[-50.032,-27.724],[-50.029,-27.725],[-50.027,-27.735],[-50.031,-27.748],[-50.029,-27.752],[-50.031,-27.757],[-50.041,-27.761],[-50.043,-27.764],[-50.043,-27.768],[-50.046,-27.774],[-50.051,-27.773],[-50.056,-27.773],[-50.068,-27.777],[-50.077,-27.783],[-50.077,-27.793],[-50.074,-27.797],[-50.07,-27.801],[-50.071,-27.805],[-50.067,-27.811]]]}},{"type":"Feature","properties":{"c":"4209409"},"geometry":{"type":"MultiPolygon","coordinates":[[[[-48.858,-28.616],[-48.863,-28.602],[-48.867,-28.599],[-48.881,-28.597],[-48.892,-28.597],[-48.898,-28.6],[-48.903,-28.604],[-48.909,-28.606],[-48.917,-28.602],[-48.929,-28.592],[-48.935,-28.591],[-48.945,-28.594],[-48.94,-28.587],[-48.904,-28.533],[-48.903,-28.529],[-48.912,-28.524],[-48.919,-28.516],[-48.923,-28.513],[-48.92,-28.511],[-48.916,-28.511],[-48.911,-28.513],[-48.91,-28.521],[-48.904,-28.521],[-48.899,-28.525],[-48.897,-28.523],[-48.897,-28.514],[-48.9,-28.512],[-48.909,-28.51],[-48.914,-28.497],[-48.918,-28.495],[-48.925,-28.494],[-48.924,-28.485],[-48.916,-28.477],[-48.917,-28.474],[-48.914,-28.467],[-48.899,-28.467],[-48.894,-28.47],[-48.889,-28.468],[-48.889,-28.466],[-48.886,-28.459],[-48.886,-28.455],[-48.883,-28.453],[-48.882,-28.446],[-48.881,-28.445],[-48.872,-28.448],[-48.868,-28.446],[-48.866,-28.447],[-48.861,-28.437],[-48.86,-28.433],[-48.852,-28.427],[-48.85,-28.429],[-48.842,-28.429],[-48.827,-28.428],[-48.823,-28.426],[-48.822,-28.417],[-48.83,-28.402],[-48.833,-28.396],[-48.833,-28.39],[-48.832,-28.386],[-48.828,-28.382],[-48.817,-28.375],[-48.809,-28.361],[-48.804,-28.356],[-48.801,-28.355],[-48.794,-28.355],[-48.782,-28.36],[-48.775,-28.361],[-48.769,-28.361],[-48.764,-28.359],[-48.759,-28.354],[-48.754,-28.346],[-48.752,-28.339],[-48.755,-28.325],[-48.706,-28.341],[-48.711,-28.344],[-48.717,-28.352],[-48.728,-28.367],[-48.736,-28.379],[-48.744,-28.396],[-48.746,-28.405],[-48.747,-28.416],[-48.745,-28.421],[-48.742,-28.421],[-48.738,-28.423],[-48.746,-28.427],[-48.756,-28.44],[-48.761,-28.45],[-48.765,-28.46],[-48.766,-28.469],[-48.765,-28.485],[-48.763,-28.491],[-48.76,-28.495],[-48.753,-28.494],[-48.748,-28.495],[-48.747,-28.505],[-48.748,-28.508],[-48.75,-28.506],[-48.756,-28.511],[-48.761,-28.518],[-48.762,-28.526],[-48.759,-28.527],[-48.762,-28.533],[-48.762,-28.536],[-48.77,-28.538],[-48.782,-28.549],[-48.789,-28.559],[-48.789,-28.564],[-48.785,-28.565],[-48.786,-28.568],[-48.791,-28.567],[-48.796,-28.569],[-48.804,-28.575],[-48.813,-28.585],[-48.817,-28.593],[-48.817,-28.601],[-48.812,-28.603],[-48.813,-28.605],[-48.819,-28.609],[-48.822,-28.607],[-48.828,-28.607],[-48.837,-28.61],[-48.837,-28.613],[-48.84,-28.61],[-48.852,-28.613],[-48.858,-28.616]]],[[[-48.821,-28.611],[-48.822,-28.61],[-48.821,-28.61],[-48.821,-28.611]]],[[[-48.707,-28.447],[-48.709,-28.449],[-48.71,-28.447],[-48.707,-28.447]]],[[[-48.759,-28.54],[-48.76,-28.539],[-48.758,-28.539],[-48.759,-28.54]]]]}},{"type":"Feature","properties":{"c":"4209458"},"geometry":{"type":"Polygon","coordinates":[[[-52.551,-26.801],[-52.544,-26.806],[-52.535,-26.809],[-52.53,-26.814],[-52.529,-26.823],[-52.53,-26.827],[-52.529,-26.83],[-52.525,-26.83],[-52.519,-26.835],[-52.513,-26.835],[-52.507,-26.838],[-52.506,-26.841],[-52.489,-26.844],[-52.481,-26.845],[-52.473,-26.85],[-52.47,-26.857],[-52.478,-26.855],[-52.487,-26.861],[-52.5,-26.868],[-52.504,-26.868],[-52.506,-26.871],[-52.511,-26.868],[-52.515,-26.873],[-52.519,-26.872],[-52.522,-26.874],[-52.53,-26.878],[-52.534,-26.875],[-52.54,-26.878],[-52.54,-26.874],[-52.553,-26.875],[-52.557,-26.885],[-52.588,-26.893],[-52.607,-26.886],[-52.621,-26.865],[-52.613,-26.86],[-52.605,-26.861],[-52.607,-26.859],[-52.607,-26.849],[-52.602,-26.846],[-52.603,-26.844],[-52.59,-26.839],[-52.583,-26.841],[-52.579,-26.843],[-52.575,-26.842],[-52.575,-26.836],[-52.573,-26.837],[-52.569,-26.845],[-52.564,-26.844],[-52.559,-26.846],[-52.554,-26.844],[-52.553,-26.841],[-52.554,-26.836],[-52.558,-26.832],[-52.557,-26.827],[-52.559,-26.81],[-52.557,-26.807],[-52.556,-26.802],[-52.551,-26.801]]]}},{"type":"Feature","properties":{"c":"4209508"},"geometry":{"type":"Polygon","coordinates":[[[-49.717,-27.144],[-49.715,-27.15],[-49.71,-27.151],[-49.711,-27.153],[-49.706,-27.16],[-49.706,-27.174],[-49.702,-27.178],[-49.702,-27.182],[-49.705,-27.186],[-49.699,-27.188],[-49.693,-27.191],[-49.689,-27.196],[-49.685,-27.199],[-49.692,-27.202],[-49.697,-27.201],[-49.698,-27.206],[-49.694,-27.205],[-49.69,-27.21],[-49.695,-27.215],[-49.699,-27.217],[-49.698,-27.229],[-49.691,-27.23],[-49.688,-27.24],[-49.691,-27.245],[-49.693,-27.245],[-49.705,-27.25],[-49.708,-27.25],[-49.72,-27.255],[-49.724,-27.257],[-49.732,-27.262],[-49.737,-27.263],[-49.74,-27.259],[-49.744,-27.257],[-49.749,-27.252],[-49.754,-27.248],[-49.754,-27.246],[-49.759,-27.245],[-49.763,-27.247],[-49.768,-27.248],[-49.773,-27.247],[-49.775,-27.251],[-49.778,-27.252],[-49.787,-27.248],[-49.792,-27.254],[-49.802,-27.248],[-49.799,-27.245],[-49.803,-27.242],[-49.798,-27.238],[-49.794,-27.241],[-49.789,-27.241],[-49.783,-27.237],[-49.781,-27.232],[-49.778,-27.229],[-49.776,-27.224],[-49.766,-27.222],[-49.766,-27.219],[-49.769,-27.217],[-49.77,-27.212],[-49.768,-27.209],[-49.764,-27.208],[-49.758,-27.202],[-49.761,-27.197],[-49.759,-27.194],[-49.753,-27.18],[-49.752,-27.175],[-49.758,-27.175],[-49.76,-27.174],[-49.755,-27.153],[-49.747,-27.149],[-49.743,-27.146],[-49.736,-27.149],[-49.727,-27.145],[-49.717,-27.144]]]}},{"type":"Feature","properties":{"c":"4209607"},"geometry":{"type":"Polygon","coordinates":[[[-49.336,-28.418],[-49.342,-28.421],[-49.345,-28.417],[-49.352,-28.418],[-49.356,-28.415],[-49.364,-28.413],[-49.365,-28.417],[-49.364,-28.419],[-49.368,-28.426],[-49.366,-28.433],[-49.367,-28.437],[-49.372,-28.44],[-49.377,-28.445],[-49.376,-28.449],[-49.381,-28.456],[-49.389,-28.46],[-49.39,-28.462],[-49.398,-28.465],[-49.403,-28.461],[-49.41,-28.462],[-49.412,-28.464],[-49.423,-28.459],[-49.424,-28.461],[-49.428,-28.459],[-49.432,-28.458],[-49.439,-28.454],[-49.445,-28.452],[-49.451,-28.447],[-49.461,-28.444],[-49.468,-28.437],[-49.473,-28.44],[-49.477,-28.444],[-49.483,-28.441],[-49.486,-28.442],[-49.493,-28.439],[-49.504,-28.437],[-49.507,-28.439],[-49.511,-28.438],[-49.515,-28.439],[-49.52,-28.437],[-49.531,-28.44],[-49.535,-28.436],[-49.534,-28.435],[-49.536,-28.429],[-49.538,-28.435],[-49.542,-28.434],[-49.542,-28.437],[-49.547,-28.437],[-49.551,-28.441],[-49.55,-28.437],[-49.556,-28.435],[-49.561,-28.435],[-49.558,-28.431],[-49.559,-28.423],[-49.562,-28.421],[-49.563,-28.418],[-49.567,-28.416],[-49.563,-28.411],[-49.558,-28.411],[-49.556,-28.407],[-49.552,-28.404],[-49.545,-28.403],[-49.544,-28.399],[-49.55,-28.401],[-49.553,-28.401],[-49.549,-28.394],[-49.549,-28.39],[-49.546,-28.391],[-49.544,-28.388],[-49.547,-28.387],[-49.543,-28.382],[-49.551,-28.385],[-49.551,-28.38],[-49.554,-28.376],[-49.556,-28.378],[-49.556,-28.374],[-49.559,-28.373],[-49.55,-28.367],[-49.55,-28.363],[-49.553,-28.362],[-49.551,-28.357],[-49.553,-28.355],[-49.55,-28.352],[-49.543,-28.352],[-49.54,-28.35],[-49.534,-28.351],[-49.53,-28.344],[-49.534,-28.342],[-49.546,-28.345],[-49.543,-28.341],[-49.539,-28.339],[-49.54,-28.335],[-49.537,-28.336],[-49.535,-28.33],[-49.536,-28.328],[-49.533,-28.325],[-49.535,-28.319],[-49.532,-28.315],[-49.535,-28.314],[-49.534,-28.308],[-49.531,-28.306],[-49.524,-28.309],[-49.523,-28.307],[-49.519,-28.305],[-49.514,-28.304],[-49.502,-28.307],[-49.501,-28.305],[-49.496,-28.305],[-49.493,-28.306],[-49.483,-28.304],[-49.48,-28.307],[-49.471,-28.31],[-49.459,-28.32],[-49.452,-28.322],[-49.446,-28.322],[-49.435,-28.316],[-49.425,-28.318],[-49.422,-28.321],[-49.418,-28.322],[-49.417,-28.327],[-49.408,-28.33],[-49.406,-28.333],[-49.408,-28.334],[-49.403,-28.336],[-49.403,-28.334],[-49.396,-28.335],[-49.397,-28.337],[-49.385,-28.336],[-49.376,-28.343],[-49.375,-28.339],[-49.361,-28.341],[-49.358,-28.346],[-49.359,-28.352],[-49.356,-28.355],[-49.359,-28.362],[-49.356,-28.366],[-49.348,-28.364],[-49.34,-28.365],[-49.34,-28.376],[-49.339,-28.374],[-49.339,-28.401],[-49.337,-28.4],[-49.333,-28.404],[-49.337,-28.405],[-49.343,-28.41],[-49.336,-28.418]]]}},{"type":"Feature","properties":{"c":"4209706"},"geometry":{"type":"Polygon","coordinates":[[[-50.846,-26.873],[-50.842,-26.869],[-50.85,-26.863],[-50.85,-26.856],[-50.851,-26.853],[-50.844,-26.849],[-50.846,-26.847],[-50.843,-26.844],[-50.842,-26.84],[-50.834,-26.834],[-50.831,-26.83],[-50.832,-26.828],[-50.829,-26.824],[-50.829,-26.818],[-50.825,-26.816],[-50.824,-26.812],[-50.82,-26.807],[-50.821,-26.803],[-50.82,-26.798],[-50.815,-26.794],[-50.813,-26.79],[-50.808,-26.787],[-50.804,-26.779],[-50.796,-26.778],[-50.8,-26.768],[-50.785,-26.762],[-50.784,-26.757],[-50.79,-26.752],[-50.797,-26.749],[-50.804,-26.744],[-50.805,-26.746],[-50.808,-26.743],[-50.811,-26.743],[-50.815,-26.731],[-50.826,-26.726],[-50.825,-26.723],[-50.828,-26.723],[-50.829,-26.716],[-50.831,-26.707],[-50.829,-26.703],[-50.83,-26.696],[-50.827,-26.689],[-50.825,-26.689],[-50.823,-26.682],[-50.818,-26.678],[-50.817,-26.674],[-50.811,-26.672],[-50.809,-26.668],[-50.807,-26.667],[-50.81,-26.658],[-50.807,-26.655],[-50.783,-26.682],[-50.757,-26.692],[-50.753,-26.683],[-50.75,-26.682],[-50.738,-26.686],[-50.735,-26.689],[-50.728,-26.684],[-50.72,-26.687],[-50.717,-26.684],[-50.716,-26.68],[-50.718,-26.676],[-50.704,-26.674],[-50.706,-26.668],[-50.702,-26.661],[-50.699,-26.661],[-50.695,-26.658],[-50.685,-26.659],[-50.681,-26.666],[-50.678,-26.662],[-50.674,-26.663],[-50.676,-26.667],[-50.673,-26.671],[-50.67,-26.673],[-50.663,-26.674],[-50.658,-26.677],[-50.649,-26.7],[-50.65,-26.705],[-50.655,-26.705],[-50.654,-26.709],[-50.648,-26.714],[-50.645,-26.712],[-50.636,-26.713],[-50.635,-26.717],[-50.629,-26.72],[-50.626,-26.719],[-50.615,-26.728],[-50.612,-26.729],[-50.606,-26.734],[-50.604,-26.74],[-50.591,-26.739],[-50.59,-26.748],[-50.584,-26.755],[-50.578,-26.756],[-50.574,-26.755],[-50.565,-26.766],[-50.562,-26.771],[-50.556,-26.771],[-50.549,-26.767],[-50.546,-26.771],[-50.545,-26.775],[-50.542,-26.772],[-50.54,-26.776],[-50.532,-26.778],[-50.529,-26.782],[-50.527,-26.781],[-50.513,-26.791],[-50.508,-26.798],[-50.506,-26.808],[-50.501,-26.809],[-50.498,-26.812],[-50.496,-26.812],[-50.485,-26.818],[-50.497,-26.818],[-50.503,-26.823],[-50.509,-26.824],[-50.513,-26.826],[-50.516,-26.823],[-50.52,-26.822],[-50.526,-26.826],[-50.531,-26.826],[-50.533,-26.829],[-50.542,-26.835],[-50.551,-26.831],[-50.558,-26.833],[-50.564,-26.838],[-50.562,-26.842],[-50.569,-26.846],[-50.57,-26.843],[-50.576,-26.844],[-50.575,-26.846],[-50.576,-26.852],[-50.58,-26.857],[-50.583,-26.857],[-50.584,-26.86],[-50.587,-26.861],[-50.588,-26.865],[-50.582,-26.868],[-50.578,-26.866],[-50.574,-26.871],[-50.579,-26.874],[-50.582,-26.872],[-50.587,-26.873],[-50.587,-26.876],[-50.584,-26.894],[-50.59,-26.892],[-50.592,-26.894],[-50.589,-26.897],[-50.594,-26.902],[-50.594,-26.905],[-50.6,-26.909],[-50.6,-26.913],[-50.593,-26.917],[-50.595,-26.92],[-50.591,-26.921],[-50.592,-26.924],[-50.591,-26.928],[-50.595,-26.934],[-50.599,-26.937],[-50.604,-26.934],[-50.61,-26.94],[-50.611,-26.945],[-50.608,-26.946],[-50.608,-26.95],[-50.616,-26.954],[-50.615,-26.959],[-50.617,-26.96],[-50.615,-26.966],[-50.612,-26.97],[-50.609,-26.971],[-50.614,-26.972],[-50.614,-26.975],[-50.61,-26.975],[-50.603,-26.973],[-50.602,-26.975],[-50.605,-26.977],[-50.601,-26.984],[-50.605,-26.992],[-50.609,-26.992],[-50.612,-26.988],[-50.619,-26.989],[-50.625,-26.991],[-50.619,-26.997],[-50.62,-27.003],[-50.632,-27.01],[-50.629,-27.02],[-50.634,-27.023],[-50.637,-27.029],[-50.641,-27.031],[-50.645,-27.028],[-50.648,-27.028],[-50.656,-27.027],[-50.656,-27.031],[-50.654,-27.034],[-50.65,-27.042],[-50.653,-27.044],[-50.656,-27.049],[-50.654,-27.051],[-50.657,-27.054],[-50.662,-27.055],[-50.664,-27.059],[-50.657,-27.065],[-50.664,-27.07],[-50.67,-27.072],[-50.672,-27.075],[-50.669,-27.079],[-50.665,-27.081],[-50.658,-27.087],[-50.66,-27.09],[-50.664,-27.088],[-50.672,-27.086],[-50.674,-27.081],[-50.68,-27.084],[-50.691,-27.084],[-50.688,-27.094],[-50.698,-27.093],[-50.7,-27.096],[-50.707,-27.097],[-50.708,-27.101],[-50.718,-27.1],[-50.721,-27.097],[-50.723,-27.091],[-50.713,-27.09],[-50.714,-27.084],[-50.726,-27.08],[-50.726,-27.077],[-50.731,-27.074],[-50.734,-27.068],[-50.732,-27.063],[-50.728,-27.064],[-50.731,-27.057],[-50.723,-27.064],[-50.721,-27.061],[-50.726,-27.055],[-50.724,-27.053],[-50.73,-27.05],[-50.732,-27.045],[-50.729,-27.041],[-50.732,-27.039],[-50.732,-27.035],[-50.737,-27.036],[-50.747,-27.032],[-50.748,-27.028],[-50.735,-27.025],[-50.733,-27.018],[-50.743,-27.016],[-50.746,-27.015],[-50.75,-27.009],[-50.748,-27.004],[-50.743,-27.003],[-50.747,-26.999],[-50.751,-26.999],[-50.759,-27.003],[-50.761,-27.001],[-50.759,-26.998],[-50.759,-26.994],[-50.764,-26.988],[-50.767,-26.989],[-50.764,-26.997],[-50.77,-26.998],[-50.773,-26.995],[-50.782,-26.992],[-50.777,-26.998],[-50.778,-27.0],[-50.782,-26.998],[-50.785,-27.0],[-50.781,-27.003],[-50.791,-27.004],[-50.789,-27.009],[-50.797,-27.014],[-50.799,-27.012],[-50.802,-27.014],[-50.803,-27.009],[-50.801,-27.003],[-50.797,-27.001],[-50.798,-26.998],[-50.803,-26.996],[-50.808,-26.997],[-50.815,-26.996],[-50.816,-26.995],[-50.814,-26.991],[-50.816,-26.989],[-50.821,-26.992],[-50.826,-26.989],[-50.822,-26.986],[-50.824,-26.979],[-50.822,-26.977],[-50.828,-26.973],[-50.829,-26.97],[-50.834,-26.967],[-50.835,-26.961],[-50.834,-26.952],[-50.836,-26.95],[-50.832,-26.948],[-50.834,-26.942],[-50.837,-26.938],[-50.844,-26.934],[-50.846,-26.926],[-50.848,-26.924],[-50.847,-26.919],[-50.843,-26.914],[-50.842,-26.91],[-50.839,-26.906],[-50.839,-26.902],[-50.842,-26.899],[-50.843,-26.895],[-50.84,-26.888],[-50.843,-26.877],[-50.841,-26.874],[-50.846,-26.873]]]}},{"type":"Feature","properties":{"c":"4209805"},"geometry":{"type":"Polygon","coordinates":[[[-49.301,-27.584],[-49.305,-27.581],[-49.308,-27.583],[-49.313,-27.584],[-49.316,-27.581],[-49.318,-27.572],[-49.321,-27.563],[-49.326,-27.562],[-49.328,-27.557],[-49.322,-27.553],[-49.32,-27.546],[-49.324,-27.545],[-49.322,-27.537],[-49.326,-27.533],[-49.325,-27.529],[-49.327,-27.525],[-49.322,-27.518],[-49.315,-27.512],[-49.313,-27.507],[-49.307,-27.499],[-49.307,-27.497],[-49.303,-27.494],[-49.301,-27.484],[-49.297,-27.478],[-49.293,-27.474],[-49.293,-27.468],[-49.297,-27.467],[-49.295,-27.465],[-49.297,-27.457],[-49.3,-27.456],[-49.301,-27.45],[-49.298,-27.448],[-49.294,-27.439],[-49.297,-27.435],[-49.296,-27.428],[-49.305,-27.419],[-49.309,-27.407],[-49.309,-27.399],[-49.311,-27.396],[-49.305,-27.387],[-49.306,-27.385],[-49.299,-27.381],[-49.296,-27.376],[-49.293,-27.37],[-49.296,-27.365],[-49.296,-27.358],[-49.286,-27.35],[-49.28,-27.348],[-49.281,-27.344],[-49.278,-27.334],[-49.273,-27.333],[-49.268,-27.33],[-49.265,-27.332],[-49.259,-27.331],[-49.25,-27.327],[-49.245,-27.326],[-49.24,-27.328],[-49.233,-27.328],[-49.227,-27.325],[-49.224,-27.321],[-49.215,-27.325],[-49.212,-27.33],[-49.206,-27.33],[-49.202,-27.328],[-49.199,-27.332],[-49.194,-27.331],[-49.193,-27.334],[-49.19,-27.336],[-49.188,-27.343],[-49.183,-27.346],[-49.184,-27.351],[-49.181,-27.351],[-49.177,-27.356],[-49.175,-27.356],[-49.169,-27.364],[-49.161,-27.371],[-49.164,-27.374],[-49.164,-27.377],[-49.169,-27.378],[-49.168,-27.38],[-49.173,-27.384],[-49.181,-27.385],[-49.181,-27.391],[-49.188,-27.4],[-49.188,-27.408],[-49.196,-27.41],[-49.202,-27.408],[-49.21,-27.413],[-49.212,-27.413],[-49.221,-27.422],[-49.217,-27.426],[-49.214,-27.432],[-49.216,-27.435],[-49.222,-27.44],[-49.224,-27.443],[-49.219,-27.45],[-49.219,-27.456],[-49.223,-27.459],[-49.22,-27.471],[-49.224,-27.473],[-49.226,-27.476],[-49.222,-27.483],[-49.218,-27.484],[-49.224,-27.488],[-49.225,-27.491],[-49.236,-27.502],[-49.243,-27.502],[-49.243,-27.508],[-49.246,-27.51],[-49.247,-27.518],[-49.249,-27.52],[-49.249,-27.528],[-49.253,-27.531],[-49.257,-27.537],[-49.257,-27.541],[-49.26,-27.546],[-49.256,-27.558],[-49.259,-27.566],[-49.263,-27.572],[-49.26,-27.577],[-49.252,-27.579],[-49.25,-27.582],[-49.253,-27.588],[-49.25,-27.593],[-49.241,-27.602],[-49.236,-27.601],[-49.234,-27.604],[-49.23,-27.612],[-49.228,-27.618],[-49.225,-27.621],[-49.222,-27.62],[-49.219,-27.625],[-49.214,-27.626],[-49.209,-27.629],[-49.21,-27.634],[-49.206,-27.638],[-49.206,-27.642],[-49.202,-27.645],[-49.202,-27.648],[-49.21,-27.654],[-49.216,-27.655],[-49.218,-27.653],[-49.227,-27.652],[-49.232,-27.654],[-49.235,-27.652],[-49.239,-27.654],[-49.25,-27.653],[-49.256,-27.655],[-49.261,-27.653],[-49.263,-27.651],[-49.272,-27.649],[-49.283,-27.643],[-49.286,-27.634],[-49.287,-27.627],[-49.29,-27.622],[-49.292,-27.621],[-49.302,-27.615],[-49.303,-27.604],[-49.306,-27.6],[-49.301,-27.594],[-49.301,-27.584]]]}},{"type":"Feature","properties":{"c":"4209854"},"geometry":{"type":"Polygon","coordinates":[[[-52.109,-26.954],[-52.1,-26.949],[-52.094,-26.951],[-52.094,-26.946],[-52.082,-26.952],[-52.081,-26.949],[-52.077,-26.947],[-52.076,-26.944],[-52.072,-26.942],[-52.073,-26.946],[-52.067,-26.96],[-52.063,-26.959],[-52.054,-26.96],[-52.053,-26.958],[-52.056,-26.951],[-52.049,-26.951],[-52.042,-26.957],[-52.039,-26.953],[-52.041,-26.946],[-52.035,-26.947],[-52.033,-26.942],[-52.03,-26.945],[-52.031,-26.947],[-52.024,-26.95],[-52.016,-26.941],[-52.014,-26.942],[-52.012,-26.948],[-52.014,-26.953],[-52.006,-26.958],[-52.001,-26.968],[-52.0,-26.979],[-51.998,-26.983],[-52.007,-26.985],[-52.004,-26.988],[-52.004,-27.0],[-52.012,-27.004],[-52.013,-27.01],[-52.02,-27.019],[-52.012,-27.022],[-52.006,-27.021],[-52.006,-27.028],[-52.007,-27.036],[-52.001,-27.035],[-51.999,-27.038],[-51.995,-27.039],[-51.996,-27.045],[-52.0,-27.052],[-51.998,-27.07],[-51.997,-27.074],[-51.998,-27.085],[-51.999,-27.088],[-51.996,-27.09],[-51.999,-27.097],[-51.995,-27.099],[-51.997,-27.102],[-51.992,-27.11],[-51.992,-27.113],[-51.995,-27.117],[-51.994,-27.119],[-51.996,-27.122],[-51.994,-27.125],[-51.996,-27.13],[-51.997,-27.135],[-52.007,-27.132],[-52.009,-27.126],[-52.015,-27.126],[-52.017,-27.128],[-52.019,-27.134],[-52.017,-27.138],[-52.018,-27.14],[-52.024,-27.138],[-52.028,-27.139],[-52.031,-27.144],[-52.033,-27.141],[-52.04,-27.138],[-52.046,-27.141],[-52.046,-27.125],[-52.049,-27.121],[-52.047,-27.118],[-52.053,-27.115],[-52.053,-27.114],[-52.046,-27.109],[-52.049,-27.107],[-52.046,-27.103],[-52.049,-27.1],[-52.049,-27.097],[-52.062,-27.101],[-52.064,-27.1],[-52.064,-27.081],[-52.083,-27.081],[-52.083,-27.074],[-52.091,-27.075],[-52.092,-27.068],[-52.095,-27.063],[-52.096,-27.055],[-52.104,-27.055],[-52.115,-27.053],[-52.119,-27.057],[-52.123,-27.041],[-52.123,-27.024],[-52.122,-27.014],[-52.126,-27.014],[-52.127,-27.007],[-52.117,-27.003],[-52.106,-26.997],[-52.115,-26.984],[-52.119,-26.982],[-52.117,-26.977],[-52.113,-26.973],[-52.117,-26.969],[-52.112,-26.962],[-52.109,-26.954]]]}},{"type":"Feature","properties":{"c":"4209904"},"geometry":{"type":"Polygon","coordinates":[[[-49.592,-27.128],[-49.587,-27.127],[-49.578,-27.129],[-49.569,-27.123],[-49.566,-27.124],[-49.554,-27.12],[-49.552,-27.116],[-49.545,-27.115],[-49.54,-27.118],[-49.537,-27.117],[-49.528,-27.124],[-49.53,-27.128],[-49.527,-27.134],[-49.525,-27.133],[-49.52,-27.136],[-49.515,-27.133],[-49.518,-27.129],[-49.516,-27.122],[-49.518,-27.114],[-49.514,-27.109],[-49.508,-27.106],[-49.504,-27.109],[-49.5,-27.108],[-49.502,-27.102],[-49.507,-27.097],[-49.51,-27.092],[-49.516,-27.088],[-49.52,-27.082],[-49.515,-27.08],[-49.51,-27.084],[-49.506,-27.083],[-49.5,-27.082],[-49.496,-27.079],[-49.491,-27.085],[-49.493,-27.087],[-49.485,-27.092],[-49.479,-27.094],[-49.467,-27.105],[-49.47,-27.107],[-49.464,-27.119],[-49.465,-27.122],[-49.468,-27.122],[-49.465,-27.136],[-49.461,-27.139],[-49.46,-27.145],[-49.461,-27.148],[-49.456,-27.153],[-49.456,-27.158],[-49.459,-27.166],[-49.463,-27.171],[-49.46,-27.172],[-49.456,-27.176],[-49.452,-27.177],[-49.451,-27.181],[-49.445,-27.181],[-49.441,-27.188],[-49.45,-27.193],[-49.457,-27.2],[-49.455,-27.204],[-49.458,-27.208],[-49.458,-27.215],[-49.463,-27.224],[-49.462,-27.231],[-49.453,-27.242],[-49.45,-27.245],[-49.452,-27.25],[-49.446,-27.254],[-49.447,-27.255],[-49.449,-27.258],[-49.45,-27.267],[-49.454,-27.274],[-49.465,-27.278],[-49.476,-27.289],[-49.485,-27.293],[-49.486,-27.296],[-49.492,-27.301],[-49.495,-27.298],[-49.5,-27.297],[-49.505,-27.291],[-49.509,-27.283],[-49.51,-27.279],[-49.515,-27.275],[-49.52,-27.275],[-49.527,-27.272],[-49.531,-27.27],[-49.532,-27.264],[-49.535,-27.261],[-49.534,-27.258],[-49.539,-27.253],[-49.543,-27.253],[-49.551,-27.24],[-49.552,-27.234],[-49.55,-27.232],[-49.545,-27.23],[-49.543,-27.219],[-49.548,-27.216],[-49.548,-27.213],[-49.551,-27.212],[-49.557,-27.207],[-49.559,-27.201],[-49.566,-27.194],[-49.564,-27.192],[-49.576,-27.171],[-49.572,-27.143],[-49.59,-27.143],[-49.592,-27.128]]]}},{"type":"Feature","properties":{"c":"4210001"},"geometry":{"type":"Polygon","coordinates":[[[-48.987,-26.809],[-48.998,-26.805],[-49.0,-26.803],[-48.999,-26.798],[-49.002,-26.791],[-49.0,-26.788],[-49.006,-26.784],[-49.012,-26.789],[-49.022,-26.789],[-49.03,-26.778],[-49.036,-26.773],[-49.032,-26.768],[-49.023,-26.765],[-49.015,-26.764],[-49.015,-26.756],[-49.013,-26.746],[-49.009,-26.745],[-48.999,-26.748],[-48.995,-26.747],[-48.99,-26.737],[-48.98,-26.737],[-48.974,-26.731],[-48.974,-26.726],[-48.968,-26.725],[-48.966,-26.72],[-48.962,-26.718],[-48.949,-26.705],[-48.948,-26.701],[-48.942,-26.696],[-48.937,-26.693],[-48.938,-26.684],[-48.934,-26.681],[-48.933,-26.674],[-48.93,-26.673],[-48.924,-26.668],[-48.923,-26.663],[-48.92,-26.66],[-48.922,-26.655],[-48.919,-26.647],[-48.915,-26.645],[-48.911,-26.647],[-48.91,-26.652],[-48.901,-26.648],[-48.899,-26.658],[-48.889,-26.657],[-48.886,-26.658],[-48.884,-26.651],[-48.881,-26.649],[-48.882,-26.646],[-48.88,-26.642],[-48.871,-26.642],[-48.87,-26.637],[-48.862,-26.637],[-48.856,-26.634],[-48.855,-26.635],[-48.852,-26.632],[-48.845,-26.631],[-48.844,-26.628],[-48.837,-26.63],[-48.834,-26.629],[-48.832,-26.635],[-48.833,-26.639],[-48.83,-26.64],[-48.823,-26.638],[-48.817,-26.639],[-48.817,-26.642],[-48.815,-26.652],[-48.816,-26.657],[-48.808,-26.658],[-48.809,-26.662],[-48.805,-26.669],[-48.805,-26.673],[-48.801,-26.678],[-48.802,-26.681],[-48.804,-26.683],[-48.803,-26.689],[-48.807,-26.693],[-48.807,-26.7],[-48.802,-26.709],[-48.801,-26.713],[-48.807,-26.718],[-48.809,-26.722],[-48.815,-26.738],[-48.818,-26.741],[-48.822,-26.743],[-48.824,-26.752],[-48.822,-26.759],[-48.823,-26.761],[-48.82,-26.762],[-48.815,-26.767],[-48.81,-26.77],[-48.81,-26.775],[-48.811,-26.79],[-48.81,-26.792],[-48.802,-26.794],[-48.802,-26.799],[-48.796,-26.801],[-48.795,-26.807],[-48.8,-26.81],[-48.806,-26.812],[-48.807,-26.814],[-48.811,-26.814],[-48.815,-26.816],[-48.811,-26.82],[-48.817,-26.821],[-48.82,-26.824],[-48.825,-26.82],[-48.826,-26.817],[-48.832,-26.814],[-48.835,-26.814],[-48.845,-26.803],[-48.898,-26.763],[-48.904,-26.764],[-48.906,-26.766],[-48.909,-26.765],[-48.913,-26.768],[-48.922,-26.772],[-48.927,-26.778],[-48.936,-26.78],[-48.942,-26.784],[-48.946,-26.782],[-48.954,-26.788],[-48.963,-26.788],[-48.971,-26.79],[-48.974,-26.794],[-48.98,-26.798],[-48.981,-26.804],[-48.987,-26.809]]]}},{"type":"Feature","properties":{"c":"4210035"},"geometry":{"type":"Polygon","coordinates":[[[-51.48,-27.145],[-51.485,-27.145],[-51.49,-27.143],[-51.49,-27.141],[-51.497,-27.138],[-51.502,-27.139],[-51.509,-27.136],[-51.512,-27.135],[-51.518,-27.131],[-51.524,-27.13],[-51.527,-27.125],[-51.534,-27.123],[-51.536,-27.119],[-51.54,-27.119],[-51.547,-27.114],[-51.557,-27.109],[-51.558,-27.105],[-51.556,-27.102],[-51.564,-27.094],[-51.569,-27.092],[-51.57,-27.086],[-51.572,-27.084],[-51.591,-27.079],[-51.593,-27.072],[-51.595,-27.072],[-51.6,-27.068],[-51.599,-27.065],[-51.602,-27.062],[-51.602,-27.058],[-51.598,-27.055],[-51.6,-27.052],[-51.595,-27.049],[-51.589,-27.053],[-51.582,-27.052],[-51.576,-27.048],[-51.57,-27.048],[-51.56,-27.051],[-51.553,-27.055],[-51.541,-27.056],[-51.535,-27.054],[-51.527,-27.049],[-51.526,-27.046],[-51.522,-27.046],[-51.522,-27.049],[-51.518,-27.046],[-51.514,-27.049],[-51.509,-27.051],[-51.506,-27.049],[-51.506,-27.056],[-51.503,-27.058],[-51.502,-27.053],[-51.497,-27.054],[-51.497,-27.049],[-51.49,-27.048],[-51.489,-27.05],[-51.492,-27.054],[-51.495,-27.054],[-51.492,-27.062],[-51.489,-27.061],[-51.484,-27.054],[-51.48,-27.052],[-51.482,-27.045],[-51.479,-27.046],[-51.475,-27.054],[-51.467,-27.05],[-51.467,-27.052],[-51.474,-27.058],[-51.474,-27.06],[-51.465,-27.058],[-51.462,-27.064],[-51.457,-27.07],[-51.459,-27.071],[-51.451,-27.074],[-51.449,-27.074],[-51.446,-27.069],[-51.441,-27.069],[-51.439,-27.071],[-51.435,-27.07],[-51.437,-27.066],[-51.435,-27.065],[-51.432,-27.069],[-51.43,-27.076],[-51.434,-27.077],[-51.436,-27.082],[-51.433,-27.083],[-51.428,-27.081],[-51.426,-27.084],[-51.427,-27.092],[-51.431,-27.091],[-51.434,-27.096],[-51.429,-27.101],[-51.43,-27.104],[-51.437,-27.112],[-51.436,-27.116],[-51.432,-27.117],[-51.434,-27.12],[-51.435,-27.127],[-51.438,-27.132],[-51.442,-27.134],[-51.448,-27.132],[-51.454,-27.131],[-51.463,-27.135],[-51.468,-27.135],[-51.475,-27.134],[-51.48,-27.145]]]}},{"type":"Feature","properties":{"c":"4210050"},"geometry":{"type":"Polygon","coordinates":[[[-51.436,-26.856],[-51.426,-26.845],[-51.425,-26.842],[-51.43,-26.838],[-51.426,-26.832],[-51.432,-26.83],[-51.432,-26.824],[-51.441,-26.822],[-51.452,-26.814],[-51.46,-26.813],[-51.462,-26.809],[-51.47,-26.803],[-51.468,-26.799],[-51.47,-26.794],[-51.468,-26.786],[-51.46,-26.783],[-51.457,-26.778],[-51.456,-26.774],[-51.448,-26.772],[-51.445,-26.768],[-51.446,-26.766],[-51.441,-26.764],[-51.441,-26.761],[-51.412,-26.721],[-51.403,-26.724],[-51.398,-26.728],[-51.385,-26.732],[-51.379,-26.737],[-51.37,-26.737],[-51.364,-26.735],[-51.36,-26.736],[-51.356,-26.734],[-51.339,-26.734],[-51.334,-26.736],[-51.33,-26.743],[-51.32,-26.746],[-51.312,-26.747],[-51.302,-26.754],[-51.293,-26.761],[-51.284,-26.766],[-51.272,-26.768],[-51.264,-26.771],[-51.26,-26.774],[-51.255,-26.774],[-51.252,-26.788],[-51.25,-26.788],[-51.248,-26.792],[-51.242,-26.797],[-51.238,-26.802],[-51.237,-26.814],[-51.239,-26.814],[-51.244,-26.817],[-51.24,-26.819],[-51.235,-26.826],[-51.24,-26.825],[-51.245,-26.827],[-51.243,-26.831],[-51.247,-26.832],[-51.254,-26.837],[-51.259,-26.838],[-51.262,-26.842],[-51.266,-26.843],[-51.267,-26.847],[-51.277,-26.851],[-51.276,-26.853],[-51.282,-26.859],[-51.282,-26.864],[-51.279,-26.864],[-51.272,-26.86],[-51.271,-26.867],[-51.272,-26.87],[-51.279,-26.869],[-51.28,-26.872],[-51.284,-26.874],[-51.282,-26.878],[-51.289,-26.881],[-51.301,-26.873],[-51.307,-26.873],[-51.311,-26.869],[-51.325,-26.866],[-51.328,-26.869],[-51.337,-26.873],[-51.337,-26.877],[-51.368,-26.869],[-51.371,-26.866],[-51.376,-26.866],[-51.379,-26.869],[-51.382,-26.866],[-51.436,-26.856]]]}},{"type":"Feature","properties":{"c":"4210100"},"geometry":{"type":"Polygon","coordinates":[[[-50.098,-26.278],[-50.105,-26.277],[-50.11,-26.273],[-50.114,-26.276],[-50.114,-26.28],[-50.117,-26.281],[-50.124,-26.273],[-50.123,-26.269],[-50.118,-26.267],[-50.114,-26.264],[-50.112,-26.258],[-50.117,-26.254],[-50.122,-26.253],[-50.124,-26.257],[-50.129,-26.256],[-50.133,-26.25],[-50.135,-26.252],[-50.14,-26.249],[-50.148,-26.249],[-50.145,-26.242],[-50.144,-26.239],[-50.141,-26.239],[-50.141,-26.242],[-50.138,-26.241],[-50.137,-26.238],[-50.141,-26.231],[-50.146,-26.227],[-50.14,-26.222],[-50.146,-26.222],[-50.15,-26.221],[-50.153,-26.216],[-50.151,-26.211],[-50.153,-26.209],[-50.152,-26.207],[-50.148,-26.208],[-50.144,-26.2],[-50.141,-26.204],[-50.137,-26.202],[-50.13,-26.207],[-50.126,-26.205],[-50.125,-26.199],[-50.131,-26.192],[-50.131,-26.183],[-50.134,-26.183],[-50.134,-26.176],[-50.135,-26.17],[-50.128,-26.17],[-50.128,-26.164],[-50.135,-26.164],[-50.143,-26.168],[-50.145,-26.161],[-50.147,-26.16],[-50.146,-26.152],[-50.154,-26.151],[-50.152,-26.148],[-50.157,-26.149],[-50.161,-26.141],[-50.154,-26.136],[-50.16,-26.132],[-50.161,-26.128],[-50.165,-26.125],[-50.166,-26.132],[-50.17,-26.135],[-50.174,-26.128],[-50.172,-26.123],[-50.169,-26.122],[-50.167,-26.117],[-50.169,-26.116],[-50.171,-26.121],[-50.177,-26.119],[-50.185,-26.112],[-50.187,-26.104],[-50.186,-26.097],[-50.191,-26.089],[-50.194,-26.089],[-50.196,-26.084],[-50.207,-26.086],[-50.208,-26.081],[-50.201,-26.074],[-50.191,-26.073],[-50.19,-26.07],[-50.186,-26.072],[-50.183,-26.078],[-50.178,-26.079],[-50.176,-26.074],[-50.175,-26.066],[-50.172,-26.063],[-50.168,-26.064],[-50.167,-26.06],[-50.162,-26.058],[-50.155,-26.047],[-50.153,-26.04],[-50.161,-26.035],[-50.162,-26.042],[-50.169,-26.041],[-50.172,-26.04],[-50.172,-26.035],[-50.176,-26.032],[-50.18,-26.032],[-50.178,-26.028],[-50.167,-26.025],[-50.162,-26.026],[-50.158,-26.025],[-50.149,-26.023],[-50.14,-26.027],[-50.142,-26.033],[-50.144,-26.035],[-50.145,-26.04],[-50.148,-26.045],[-50.15,-26.052],[-50.147,-26.059],[-50.145,-26.058],[-50.142,-26.05],[-50.132,-26.042],[-50.124,-26.051],[-50.121,-26.061],[-50.118,-26.064],[-50.116,-26.061],[-50.116,-26.051],[-50.112,-26.051],[-50.109,-26.053],[-50.108,-26.059],[-50.097,-26.05],[-50.096,-26.046],[-50.092,-26.045],[-50.089,-26.042],[-50.087,-26.035],[-50.087,-26.029],[-50.083,-26.024],[-50.079,-26.025],[-50.08,-26.039],[-50.078,-26.045],[-50.076,-26.046],[-50.073,-26.042],[-50.072,-26.036],[-50.067,-26.033],[-50.063,-26.033],[-50.055,-26.036],[-50.049,-26.032],[-50.042,-26.032],[-50.039,-26.028],[-50.03,-26.028],[-50.022,-26.032],[-50.016,-26.038],[-50.008,-26.045],[-50.006,-26.046],[-50.002,-26.043],[-50.003,-26.038],[-50.005,-26.035],[-50.011,-26.026],[-50.011,-26.013],[-49.999,-26.016],[-49.996,-26.012],[-49.992,-26.011],[-49.984,-26.014],[-49.977,-26.014],[-49.97,-26.018],[-49.965,-26.023],[-49.963,-26.028],[-49.967,-26.042],[-49.976,-26.05],[-49.977,-26.055],[-49.972,-26.058],[-49.968,-26.056],[-49.967,-26.052],[-49.962,-26.049],[-49.958,-26.043],[-49.955,-26.035],[-49.949,-26.032],[-49.948,-26.029],[-49.955,-26.024],[-49.96,-26.022],[-49.959,-26.02],[-49.954,-26.02],[-49.951,-26.014],[-49.944,-26.009],[-49.942,-26.008],[-49.939,-26.016],[-49.934,-26.017],[-49.94,-26.025],[-49.94,-26.028],[-49.935,-26.033],[-49.931,-26.03],[-49.915,-26.025],[-49.906,-26.026],[-49.901,-26.031],[-49.9,-26.035],[-49.891,-26.029],[-49.884,-26.031],[-49.876,-26.032],[-49.869,-26.033],[-49.869,-26.036],[-49.865,-26.036],[-49.865,-26.038],[-49.871,-26.043],[-49.866,-26.045],[-49.863,-26.048],[-49.864,-26.055],[-49.861,-26.057],[-49.845,-26.065],[-49.839,-26.064],[-49.839,-26.06],[-49.836,-26.053],[-49.832,-26.054],[-49.832,-26.059],[-49.835,-26.069],[-49.841,-26.069],[-49.843,-26.072],[-49.841,-26.077],[-49.837,-26.072],[-49.83,-26.069],[-49.829,-26.077],[-49.831,-26.083],[-49.827,-26.091],[-49.824,-26.094],[-49.815,-26.094],[-49.813,-26.09],[-49.807,-26.089],[-49.808,-26.094],[-49.807,-26.102],[-49.803,-26.11],[-49.799,-26.11],[-49.796,-26.113],[-49.791,-26.114],[-49.787,-26.111],[-49.79,-26.101],[-49.788,-26.098],[-49.783,-26.112],[-49.78,-26.119],[-49.774,-26.119],[-49.768,-26.11],[-49.774,-26.108],[-49.777,-26.109],[-49.779,-26.107],[-49.777,-26.102],[-49.774,-26.101],[-49.768,-26.104],[-49.765,-26.114],[-49.761,-26.118],[-49.753,-26.119],[-49.749,-26.125],[-49.75,-26.136],[-49.748,-26.14],[-49.74,-26.139],[-49.737,-26.142],[-49.729,-26.142],[-49.725,-26.145],[-49.727,-26.149],[-49.737,-26.157],[-49.734,-26.165],[-49.728,-26.171],[-49.72,-26.166],[-49.713,-26.155],[-49.708,-26.158],[-49.701,-26.159],[-49.699,-26.163],[-49.699,-26.166],[-49.693,-26.171],[-49.691,-26.177],[-49.685,-26.177],[-49.678,-26.176],[-49.677,-26.178],[-49.682,-26.183],[-49.687,-26.184],[-49.691,-26.188],[-49.69,-26.19],[-49.681,-26.187],[-49.678,-26.188],[-49.675,-26.192],[-49.673,-26.19],[-49.674,-26.185],[-49.669,-26.186],[-49.665,-26.192],[-49.662,-26.188],[-49.654,-26.187],[-49.653,-26.194],[-49.648,-26.196],[-49.652,-26.2],[-49.651,-26.208],[-49.65,-26.209],[-49.643,-26.21],[-49.634,-26.203],[-49.636,-26.197],[-49.635,-26.194],[-49.637,-26.191],[-49.634,-26.19],[-49.629,-26.192],[-49.63,-26.197],[-49.625,-26.202],[-49.629,-26.206],[-49.633,-26.206],[-49.632,-26.209],[-49.626,-26.212],[-49.622,-26.216],[-49.619,-26.216],[-49.616,-26.208],[-49.613,-26.208],[-49.613,-26.213],[-49.609,-26.214],[-49.605,-26.212],[-49.603,-26.215],[-49.603,-26.227],[-49.606,-26.225],[-49.612,-26.226],[-49.613,-26.231],[-49.615,-26.23],[-49.618,-26.234],[-49.615,-26.241],[-49.621,-26.24],[-49.622,-26.244],[-49.617,-26.251],[-49.618,-26.257],[-49.621,-26.262],[-49.619,-26.266],[-49.622,-26.269],[-49.627,-26.272],[-49.623,-26.28],[-49.626,-26.285],[-49.633,-26.287],[-49.632,-26.29],[-49.627,-26.289],[-49.622,-26.291],[-49.618,-26.292],[-49.617,-26.294],[-49.628,-26.296],[-49.631,-26.294],[-49.63,-26.298],[-49.633,-26.302],[-49.633,-26.307],[-49.626,-26.305],[-49.624,-26.306],[-49.626,-26.31],[-49.619,-26.314],[-49.612,-26.313],[-49.613,-26.316],[-49.619,-26.316],[-49.621,-26.322],[-49.613,-26.329],[-49.611,-26.336],[-49.616,-26.338],[-49.622,-26.335],[-49.622,-26.332],[-49.625,-26.33],[-49.628,-26.336],[-49.625,-26.342],[-49.629,-26.345],[-49.631,-26.345],[-49.629,-26.341],[-49.638,-26.343],[-49.64,-26.341],[-49.644,-26.343],[-49.646,-26.346],[-49.652,-26.348],[-49.652,-26.354],[-49.65,-26.353],[-49.644,-26.355],[-49.65,-26.355],[-49.646,-26.359],[-49.65,-26.361],[-49.651,-26.365],[-49.64,-26.363],[-49.635,-26.361],[-49.636,-26.365],[-49.64,-26.366],[-49.639,-26.37],[-49.632,-26.372],[-49.633,-26.38],[-49.636,-26.381],[-49.635,-26.377],[-49.639,-26.374],[-49.643,-26.377],[-49.649,-26.38],[-49.65,-26.377],[-49.656,-26.38],[-49.665,-26.379],[-49.665,-26.384],[-49.668,-26.386],[-49.671,-26.391],[-49.677,-26.393],[-49.684,-26.387],[-49.688,-26.391],[-49.69,-26.388],[-49.692,-26.391],[-49.688,-26.392],[-49.688,-26.395],[-49.698,-26.396],[-49.697,-26.402],[-49.697,-26.407],[-49.699,-26.403],[-49.703,-26.402],[-49.704,-26.405],[-49.701,-26.407],[-49.703,-26.41],[-49.706,-26.406],[-49.709,-26.407],[-49.707,-26.411],[-49.712,-26.414],[-49.712,-26.424],[-49.715,-26.421],[-49.714,-26.413],[-49.721,-26.415],[-49.724,-26.425],[-49.728,-26.429],[-49.728,-26.422],[-49.726,-26.421],[-49.73,-26.417],[-49.73,-26.421],[-49.737,-26.425],[-49.739,-26.427],[-49.74,-26.434],[-49.747,-26.434],[-49.748,-26.436],[-49.744,-26.442],[-49.744,-26.445],[-49.75,-26.447],[-49.75,-26.457],[-49.758,-26.458],[-49.762,-26.462],[-49.758,-26.463],[-49.753,-26.468],[-49.749,-26.469],[-49.753,-26.471],[-49.755,-26.47],[-49.761,-26.471],[-49.767,-26.471],[-49.767,-26.474],[-49.78,-26.479],[-49.784,-26.483],[-49.792,-26.479],[-49.792,-26.483],[-49.794,-26.486],[-49.8,-26.486],[-49.801,-26.483],[-49.809,-26.488],[-49.815,-26.485],[-49.812,-26.476],[-49.814,-26.469],[-49.782,-26.427],[-49.787,-26.424],[-49.787,-26.417],[-49.789,-26.407],[-49.792,-26.402],[-49.819,-26.368],[-49.82,-26.367],[-49.817,-26.356],[-49.813,-26.357],[-49.813,-26.353],[-49.81,-26.348],[-49.809,-26.344],[-49.804,-26.344],[-49.805,-26.347],[-49.802,-26.347],[-49.801,-26.343],[-49.803,-26.339],[-49.8,-26.34],[-49.801,-26.335],[-49.805,-26.336],[-49.807,-26.334],[-49.806,-26.327],[-49.814,-26.325],[-49.813,-26.319],[-49.809,-26.32],[-49.807,-26.314],[-49.812,-26.315],[-49.812,-26.31],[-49.814,-26.307],[-49.809,-26.306],[-49.808,-26.303],[-49.849,-26.241],[-49.854,-26.239],[-49.861,-26.246],[-49.874,-26.251],[-49.89,-26.247],[-49.894,-26.237],[-49.899,-26.231],[-49.905,-26.237],[-49.908,-26.244],[-49.908,-26.247],[-49.92,-26.247],[-49.934,-26.253],[-49.947,-26.255],[-49.961,-26.257],[-49.97,-26.268],[-49.973,-26.269],[-49.979,-26.278],[-49.986,-26.276],[-49.991,-26.278],[-50.0,-26.28],[-50.005,-26.272],[-50.008,-26.271],[-50.018,-26.265],[-50.026,-26.268],[-50.027,-26.267],[-50.031,-26.269],[-50.04,-26.265],[-50.04,-26.269],[-50.047,-26.273],[-50.053,-26.275],[-50.058,-26.274],[-50.062,-26.275],[-50.067,-26.283],[-50.071,-26.283],[-50.074,-26.278],[-50.075,-26.278],[-50.082,-26.272],[-50.088,-26.272],[-50.092,-26.275],[-50.091,-26.279],[-50.095,-26.277],[-50.098,-26.278]]]}},{"type":"Feature","properties":{"c":"4210209"},"geometry":{"type":"Polygon","coordinates":[[[-48.942,-27.339],[-48.94,-27.341],[-48.941,-27.345],[-48.938,-27.351],[-48.928,-27.354],[-48.925,-27.359],[-48.926,-27.365],[-48.922,-27.367],[-48.917,-27.367],[-48.901,-27.381],[-48.904,-27.385],[-48.906,-27.394],[-48.904,-27.408],[-48.906,-27.411],[-48.909,-27.419],[-48.906,-27.425],[-48.902,-27.427],[-48.898,-27.426],[-48.883,-27.429],[-48.884,-27.433],[-48.889,-27.438],[-48.888,-27.44],[-48.899,-27.446],[-48.903,-27.45],[-48.906,-27.45],[-48.908,-27.455],[-48.917,-27.459],[-48.919,-27.462],[-48.954,-27.453],[-48.954,-27.449],[-48.965,-27.45],[-48.97,-27.452],[-48.972,-27.455],[-48.985,-27.45],[-48.99,-27.45],[-48.997,-27.456],[-48.998,-27.458],[-49.004,-27.464],[-49.007,-27.469],[-49.012,-27.47],[-49.01,-27.473],[-49.013,-27.477],[-49.016,-27.477],[-49.019,-27.482],[-49.025,-27.479],[-49.033,-27.484],[-49.035,-27.48],[-49.033,-27.476],[-49.04,-27.469],[-49.041,-27.466],[-49.039,-27.461],[-49.044,-27.461],[-49.043,-27.458],[-49.048,-27.457],[-49.049,-27.454],[-49.048,-27.451],[-49.043,-27.449],[-49.042,-27.445],[-49.051,-27.445],[-49.054,-27.449],[-49.058,-27.451],[-49.068,-27.447],[-49.073,-27.45],[-49.074,-27.454],[-49.079,-27.453],[-49.083,-27.457],[-49.082,-27.459],[-49.086,-27.466],[-49.091,-27.47],[-49.094,-27.47],[-49.096,-27.479],[-49.098,-27.485],[-49.103,-27.487],[-49.106,-27.486],[-49.113,-27.486],[-49.115,-27.49],[-49.119,-27.491],[-49.121,-27.495],[-49.122,-27.5],[-49.127,-27.502],[-49.131,-27.5],[-49.139,-27.501],[-49.147,-27.493],[-49.152,-27.491],[-49.156,-27.491],[-49.159,-27.494],[-49.166,-27.492],[-49.173,-27.494],[-49.174,-27.497],[-49.182,-27.503],[-49.188,-27.501],[-49.193,-27.497],[-49.198,-27.499],[-49.212,-27.5],[-49.214,-27.496],[-49.218,-27.496],[-49.225,-27.491],[-49.224,-27.488],[-49.218,-27.484],[-49.222,-27.483],[-49.226,-27.476],[-49.224,-27.473],[-49.22,-27.471],[-49.223,-27.459],[-49.219,-27.456],[-49.219,-27.45],[-49.224,-27.443],[-49.222,-27.44],[-49.216,-27.435],[-49.214,-27.432],[-49.217,-27.426],[-49.221,-27.422],[-49.212,-27.413],[-49.21,-27.413],[-49.202,-27.408],[-49.196,-27.41],[-49.188,-27.408],[-49.183,-27.41],[-49.181,-27.413],[-49.176,-27.415],[-49.172,-27.415],[-49.169,-27.418],[-49.161,-27.421],[-49.155,-27.419],[-49.147,-27.422],[-49.142,-27.426],[-49.135,-27.424],[-49.131,-27.422],[-49.124,-27.414],[-49.124,-27.407],[-49.121,-27.406],[-49.123,-27.401],[-49.117,-27.397],[-49.104,-27.395],[-49.1,-27.397],[-49.097,-27.396],[-49.093,-27.399],[-49.089,-27.399],[-49.085,-27.403],[-49.081,-27.404],[-49.081,-27.401],[-49.074,-27.4],[-49.067,-27.396],[-49.063,-27.398],[-49.057,-27.393],[-49.056,-27.387],[-49.044,-27.384],[-49.041,-27.377],[-49.038,-27.375],[-49.025,-27.371],[-49.011,-27.371],[-49.01,-27.376],[-49.007,-27.376],[-48.999,-27.362],[-48.987,-27.358],[-48.981,-27.355],[-48.981,-27.352],[-48.976,-27.35],[-48.971,-27.345],[-48.971,-27.342],[-48.969,-27.338],[-48.963,-27.339],[-48.949,-27.338],[-48.942,-27.339]]]}},{"type":"Feature","properties":{"c":"4210308"},"geometry":{"type":"Polygon","coordinates":[[[-50.412,-26.73],[-50.421,-26.725],[-50.423,-26.722],[-50.429,-26.718],[-50.433,-26.717],[-50.432,-26.714],[-50.436,-26.714],[-50.444,-26.71],[-50.448,-26.712],[-50.454,-26.711],[-50.458,-26.707],[-50.461,-26.703],[-50.467,-26.7],[-50.47,-26.701],[-50.473,-26.698],[-50.471,-26.694],[-50.472,-26.69],[-50.472,-26.681],[-50.469,-26.676],[-50.47,-26.661],[-50.476,-26.66],[-50.476,-26.657],[-50.48,-26.653],[-50.484,-26.653],[-50.488,-26.655],[-50.493,-26.648],[-50.488,-26.646],[-50.492,-26.643],[-50.491,-26.638],[-50.487,-26.634],[-50.472,-26.631],[-50.471,-26.629],[-50.462,-26.626],[-50.452,-26.615],[-50.444,-26.615],[-50.44,-26.617],[-50.436,-26.615],[-50.435,-26.611],[-50.43,-26.606],[-50.426,-26.605],[-50.42,-26.607],[-50.416,-26.607],[-50.41,-26.609],[-50.412,-26.6],[-50.418,-26.606],[-50.424,-26.6],[-50.424,-26.597],[-50.429,-26.598],[-50.439,-26.595],[-50.439,-26.593],[-50.445,-26.59],[-50.442,-26.585],[-50.443,-26.579],[-50.433,-26.574],[-50.422,-26.581],[-50.416,-26.581],[-50.414,-26.577],[-50.415,-26.572],[-50.409,-26.57],[-50.406,-26.57],[-50.402,-26.566],[-50.401,-26.561],[-50.407,-26.554],[-50.413,-26.546],[-50.417,-26.545],[-50.429,-26.532],[-50.432,-26.525],[-50.435,-26.521],[-50.444,-26.518],[-50.452,-26.508],[-50.454,-26.502],[-50.452,-26.493],[-50.449,-26.488],[-50.445,-26.481],[-50.444,-26.475],[-50.449,-26.464],[-50.444,-26.455],[-50.435,-26.451],[-50.435,-26.447],[-50.432,-26.44],[-50.434,-26.435],[-50.434,-26.429],[-50.431,-26.426],[-50.423,-26.42],[-50.422,-26.415],[-50.417,-26.411],[-50.418,-26.403],[-50.415,-26.401],[-50.415,-26.396],[-50.422,-26.385],[-50.423,-26.378],[-50.42,-26.375],[-50.417,-26.366],[-50.411,-26.366],[-50.409,-26.364],[-50.411,-26.358],[-50.409,-26.354],[-50.41,-26.349],[-50.408,-26.345],[-50.4,-26.345],[-50.395,-26.344],[-50.394,-26.341],[-50.387,-26.34],[-50.384,-26.338],[-50.38,-26.339],[-50.373,-26.334],[-50.371,-26.335],[-50.363,-26.325],[-50.357,-26.321],[-50.347,-26.317],[-50.345,-26.312],[-50.339,-26.306],[-50.336,-26.308],[-50.331,-26.305],[-50.33,-26.302],[-50.327,-26.3],[-50.324,-26.296],[-50.32,-26.296],[-50.318,-26.293],[-50.314,-26.297],[-50.311,-26.294],[-50.307,-26.296],[-50.305,-26.294],[-50.303,-26.296],[-50.299,-26.295],[-50.294,-26.292],[-50.296,-26.287],[-50.288,-26.291],[-50.287,-26.293],[-50.289,-26.296],[-50.285,-26.302],[-50.287,-26.307],[-50.285,-26.308],[-50.281,-26.312],[-50.284,-26.312],[-50.284,-26.317],[-50.282,-26.319],[-50.278,-26.316],[-50.279,-26.32],[-50.276,-26.325],[-50.28,-26.331],[-50.285,-26.333],[-50.284,-26.337],[-50.28,-26.335],[-50.284,-26.341],[-50.281,-26.344],[-50.286,-26.347],[-50.283,-26.35],[-50.286,-26.355],[-50.284,-26.362],[-50.287,-26.366],[-50.289,-26.373],[-50.291,-26.373],[-50.287,-26.38],[-50.281,-26.389],[-50.28,-26.394],[-50.288,-26.404],[-50.294,-26.408],[-50.29,-26.415],[-50.287,-26.415],[-50.282,-26.417],[-50.277,-26.416],[-50.279,-26.414],[-50.276,-26.412],[-50.275,-26.415],[-50.272,-26.412],[-50.271,-26.406],[-50.266,-26.407],[-50.266,-26.41],[-50.27,-26.414],[-50.267,-26.417],[-50.273,-26.421],[-50.275,-26.427],[-50.269,-26.436],[-50.268,-26.439],[-50.269,-26.444],[-50.271,-26.447],[-50.268,-26.451],[-50.271,-26.46],[-50.266,-26.464],[-50.27,-26.469],[-50.268,-26.472],[-50.267,-26.47],[-50.26,-26.477],[-50.264,-26.479],[-50.264,-26.485],[-50.261,-26.493],[-50.248,-26.5],[-50.243,-26.496],[-50.24,-26.499],[-50.241,-26.503],[-50.235,-26.507],[-50.232,-26.514],[-50.238,-26.523],[-50.234,-26.527],[-50.239,-26.531],[-50.237,-26.533],[-50.239,-26.535],[-50.244,-26.534],[-50.254,-26.538],[-50.254,-26.535],[-50.262,-26.534],[-50.261,-26.531],[-50.263,-26.528],[-50.273,-26.53],[-50.272,-26.541],[-50.279,-26.543],[-50.286,-26.542],[-50.293,-26.545],[-50.295,-26.546],[-50.293,-26.555],[-50.299,-26.554],[-50.303,-26.557],[-50.301,-26.56],[-50.307,-26.563],[-50.313,-26.559],[-50.313,-26.557],[-50.318,-26.557],[-50.317,-26.559],[-50.325,-26.558],[-50.329,-26.559],[-50.332,-26.566],[-50.337,-26.567],[-50.341,-26.57],[-50.346,-26.57],[-50.35,-26.573],[-50.353,-26.571],[-50.36,-26.577],[-50.365,-26.575],[-50.364,-26.578],[-50.365,-26.584],[-50.361,-26.594],[-50.365,-26.602],[-50.368,-26.603],[-50.37,-26.607],[-50.373,-26.606],[-50.375,-26.61],[-50.375,-26.618],[-50.377,-26.622],[-50.375,-26.627],[-50.381,-26.63],[-50.383,-26.634],[-50.386,-26.635],[-50.387,-26.641],[-50.391,-26.641],[-50.393,-26.645],[-50.398,-26.648],[-50.404,-26.646],[-50.408,-26.649],[-50.411,-26.647],[-50.414,-26.65],[-50.42,-26.642],[-50.424,-26.647],[-50.435,-26.653],[-50.441,-26.654],[-50.432,-26.661],[-50.426,-26.67],[-50.431,-26.677],[-50.436,-26.682],[-50.432,-26.688],[-50.435,-26.695],[-50.437,-26.697],[-50.433,-26.704],[-50.429,-26.707],[-50.422,-26.709],[-50.422,-26.712],[-50.417,-26.716],[-50.415,-26.72],[-50.415,-26.724],[-50.412,-26.726],[-50.412,-26.73]]]}},{"type":"Feature","properties":{"c":"4210407"},"geometry":{"type":"Polygon","coordinates":[[[-49.514,-28.892],[-49.513,-28.886],[-49.518,-28.879],[-49.519,-28.877],[-49.523,-28.874],[-49.521,-28.862],[-49.517,-28.858],[-49.515,-28.853],[-49.508,-28.857],[-49.507,-28.849],[-49.502,-28.849],[-49.501,-28.853],[-49.497,-28.851],[-49.489,-28.85],[-49.491,-28.847],[-49.488,-28.844],[-49.486,-28.849],[-49.482,-28.848],[-49.484,-28.846],[-49.475,-28.843],[-49.472,-28.844],[-49.467,-28.843],[-49.466,-28.845],[-49.46,-28.846],[-49.455,-28.845],[-49.449,-28.841],[-49.446,-28.841],[-49.448,-28.833],[-49.447,-28.83],[-49.443,-28.83],[-49.441,-28.826],[-49.436,-28.826],[-49.432,-28.827],[-49.43,-28.824],[-49.432,-28.819],[-49.426,-28.818],[-49.425,-28.815],[-49.398,-28.834],[-49.417,-28.87],[-49.423,-28.882],[-49.433,-28.909],[-49.441,-28.91],[-49.444,-28.909],[-49.448,-28.904],[-49.452,-28.902],[-49.46,-28.902],[-49.462,-28.894],[-49.465,-28.89],[-49.474,-28.885],[-49.488,-28.887],[-49.489,-28.882],[-49.492,-28.885],[-49.5,-28.888],[-49.504,-28.891],[-49.509,-28.892],[-49.514,-28.892]]]}},{"type":"Feature","properties":{"c":"4210506"},"geometry":{"type":"Polygon","coordinates":[[[-53.128,-26.721],[-53.127,-26.723],[-53.123,-26.723],[-53.125,-26.728],[-53.123,-26.73],[-53.119,-26.73],[-53.115,-26.728],[-53.106,-26.73],[-53.106,-26.738],[-53.11,-26.739],[-53.109,-26.741],[-53.102,-26.743],[-53.101,-26.747],[-53.105,-26.751],[-53.109,-26.748],[-53.11,-26.751],[-53.108,-26.754],[-53.102,-26.757],[-53.102,-26.759],[-53.092,-26.763],[-53.091,-26.767],[-53.095,-26.767],[-53.097,-26.771],[-53.107,-26.775],[-53.11,-26.774],[-53.113,-26.777],[-53.117,-26.783],[-53.126,-26.785],[-53.123,-26.788],[-53.126,-26.791],[-53.122,-26.793],[-53.122,-26.796],[-53.125,-26.802],[-53.121,-26.809],[-53.132,-26.81],[-53.135,-26.808],[-53.143,-26.807],[-53.144,-26.804],[-53.149,-26.804],[-53.157,-26.801],[-53.166,-26.806],[-53.173,-26.805],[-53.182,-26.807],[-53.188,-26.804],[-53.191,-26.805],[-53.196,-26.802],[-53.2,-26.803],[-53.203,-26.802],[-53.204,-26.808],[-53.209,-26.804],[-53.21,-26.807],[-53.217,-26.803],[-53.216,-26.81],[-53.219,-26.811],[-53.227,-26.809],[-53.232,-26.811],[-53.234,-26.816],[-53.238,-26.813],[-53.241,-26.813],[-53.249,-26.799],[-53.251,-26.804],[-53.256,-26.8],[-53.262,-26.79],[-53.266,-26.792],[-53.271,-26.792],[-53.277,-26.782],[-53.296,-26.784],[-53.296,-26.776],[-53.298,-26.769],[-53.305,-26.765],[-53.297,-26.755],[-53.299,-26.753],[-53.298,-26.749],[-53.292,-26.751],[-53.289,-26.747],[-53.293,-26.739],[-53.287,-26.735],[-53.284,-26.731],[-53.277,-26.73],[-53.272,-26.724],[-53.272,-26.719],[-53.265,-26.719],[-53.26,-26.716],[-53.255,-26.716],[-53.236,-26.721],[-53.23,-26.718],[-53.22,-26.727],[-53.211,-26.726],[-53.206,-26.724],[-53.202,-26.716],[-53.196,-26.711],[-53.198,-26.708],[-53.196,-26.701],[-53.194,-26.699],[-53.178,-26.691],[-53.177,-26.705],[-53.17,-26.71],[-53.166,-26.718],[-53.162,-26.714],[-53.159,-26.72],[-53.146,-26.722],[-53.138,-26.726],[-53.128,-26.721]]]}},{"type":"Feature","properties":{"c":"4210555"},"geometry":{"type":"Polygon","coordinates":[[[-52.551,-26.801],[-52.556,-26.802],[-52.557,-26.807],[-52.559,-26.81],[-52.557,-26.827],[-52.558,-26.832],[-52.554,-26.836],[-52.553,-26.841],[-52.554,-26.844],[-52.559,-26.846],[-52.564,-26.844],[-52.569,-26.845],[-52.573,-26.837],[-52.575,-26.836],[-52.575,-26.842],[-52.579,-26.843],[-52.583,-26.841],[-52.59,-26.839],[-52.603,-26.844],[-52.602,-26.846],[-52.607,-26.849],[-52.607,-26.859],[-52.605,-26.861],[-52.613,-26.86],[-52.621,-26.865],[-52.656,-26.854],[-52.697,-26.819],[-52.699,-26.82],[-52.717,-26.804],[-52.714,-26.8],[-52.705,-26.801],[-52.694,-26.8],[-52.686,-26.807],[-52.682,-26.805],[-52.677,-26.801],[-52.669,-26.798],[-52.668,-26.797],[-52.664,-26.787],[-52.668,-26.783],[-52.677,-26.78],[-52.685,-26.773],[-52.696,-26.769],[-52.698,-26.763],[-52.695,-26.761],[-52.689,-26.762],[-52.678,-26.764],[-52.675,-26.763],[-52.664,-26.756],[-52.657,-26.753],[-52.651,-26.753],[-52.649,-26.755],[-52.652,-26.763],[-52.641,-26.775],[-52.634,-26.78],[-52.629,-26.779],[-52.624,-26.777],[-52.623,-26.772],[-52.618,-26.767],[-52.61,-26.766],[-52.604,-26.762],[-52.601,-26.766],[-52.605,-26.769],[-52.611,-26.769],[-52.612,-26.771],[-52.606,-26.777],[-52.604,-26.78],[-52.602,-26.789],[-52.599,-26.793],[-52.595,-26.793],[-52.591,-26.799],[-52.583,-26.801],[-52.58,-26.795],[-52.573,-26.798],[-52.57,-26.797],[-52.566,-26.792],[-52.562,-26.792],[-52.558,-26.794],[-52.55,-26.795],[-52.551,-26.801]]]}},{"type":"Feature","properties":{"c":"4210605"},"geometry":{"type":"Polygon","coordinates":[[[-48.86,-26.563],[-48.857,-26.578],[-48.862,-26.583],[-48.859,-26.588],[-48.858,-26.591],[-48.852,-26.595],[-48.851,-26.598],[-48.855,-26.599],[-48.856,-26.609],[-48.855,-26.617],[-48.853,-26.621],[-48.852,-26.626],[-48.854,-26.634],[-48.856,-26.634],[-48.862,-26.637],[-48.87,-26.637],[-48.871,-26.642],[-48.88,-26.642],[-48.882,-26.646],[-48.881,-26.649],[-48.884,-26.651],[-48.886,-26.658],[-48.889,-26.657],[-48.899,-26.658],[-48.901,-26.648],[-48.91,-26.652],[-48.911,-26.647],[-48.915,-26.645],[-48.919,-26.647],[-48.922,-26.655],[-48.92,-26.66],[-48.923,-26.663],[-48.924,-26.668],[-48.93,-26.673],[-48.933,-26.674],[-48.934,-26.681],[-48.938,-26.684],[-48.937,-26.693],[-48.942,-26.696],[-48.948,-26.701],[-48.949,-26.705],[-48.962,-26.718],[-48.966,-26.72],[-48.968,-26.725],[-48.974,-26.726],[-48.974,-26.731],[-48.98,-26.737],[-48.99,-26.737],[-48.995,-26.747],[-48.999,-26.748],[-49.009,-26.745],[-49.013,-26.746],[-49.015,-26.756],[-49.015,-26.764],[-49.023,-26.765],[-49.032,-26.768],[-49.036,-26.773],[-49.042,-26.766],[-49.044,-26.755],[-49.047,-26.752],[-49.047,-26.747],[-49.05,-26.742],[-49.04,-26.735],[-49.04,-26.729],[-49.045,-26.724],[-49.048,-26.719],[-49.049,-26.709],[-49.047,-26.705],[-49.043,-26.702],[-49.036,-26.7],[-49.031,-26.692],[-49.028,-26.69],[-49.026,-26.686],[-49.02,-26.686],[-49.018,-26.685],[-49.032,-26.662],[-49.035,-26.662],[-49.037,-26.659],[-49.042,-26.657],[-49.046,-26.65],[-49.054,-26.653],[-49.057,-26.657],[-49.059,-26.654],[-49.066,-26.654],[-49.069,-26.653],[-49.07,-26.648],[-49.074,-26.649],[-49.073,-26.654],[-49.089,-26.655],[-49.092,-26.658],[-49.1,-26.656],[-49.102,-26.66],[-49.107,-26.659],[-49.107,-26.653],[-49.113,-26.655],[-49.114,-26.653],[-49.112,-26.646],[-49.11,-26.645],[-49.114,-26.642],[-49.113,-26.637],[-49.111,-26.636],[-49.11,-26.631],[-49.114,-26.624],[-49.113,-26.62],[-49.114,-26.613],[-49.11,-26.61],[-49.111,-26.607],[-49.108,-26.601],[-49.106,-26.6],[-49.108,-26.595],[-49.106,-26.585],[-49.107,-26.581],[-49.103,-26.578],[-49.098,-26.572],[-49.093,-26.572],[-49.09,-26.57],[-49.093,-26.563],[-49.089,-26.558],[-49.092,-26.554],[-49.09,-26.548],[-49.08,-26.548],[-49.078,-26.544],[-49.068,-26.544],[-49.066,-26.542],[-49.061,-26.544],[-49.059,-26.534],[-49.06,-26.53],[-49.058,-26.528],[-49.058,-26.524],[-49.055,-26.517],[-49.051,-26.515],[-49.052,-26.522],[-49.05,-26.528],[-49.045,-26.533],[-49.045,-26.536],[-49.032,-26.535],[-49.027,-26.535],[-49.023,-26.533],[-49.019,-26.534],[-49.02,-26.542],[-49.016,-26.547],[-49.017,-26.553],[-49.014,-26.559],[-49.014,-26.568],[-49.012,-26.572],[-49.003,-26.57],[-48.98,-26.574],[-48.978,-26.573],[-48.954,-26.557],[-48.948,-26.555],[-48.946,-26.547],[-48.942,-26.545],[-48.935,-26.545],[-48.929,-26.543],[-48.927,-26.54],[-48.919,-26.542],[-48.915,-26.54],[-48.91,-26.543],[-48.904,-26.542],[-48.899,-26.542],[-48.897,-26.548],[-48.891,-26.554],[-48.884,-26.555],[-48.882,-26.552],[-48.882,-26.559],[-48.878,-26.559],[-48.878,-26.564],[-48.86,-26.563]]]}},{"type":"Feature","properties":{"c":"4210704"},"geometry":{"type":"Polygon","coordinates":[[[-51.01,-26.494],[-51.023,-26.499],[-51.029,-26.504],[-51.038,-26.507],[-51.041,-26.511],[-51.046,-26.514],[-51.052,-26.51],[-51.051,-26.508],[-51.076,-26.515],[-51.085,-26.531],[-51.098,-26.54],[-51.094,-26.541],[-51.095,-26.544],[-51.101,-26.547],[-51.102,-26.553],[-51.105,-26.559],[-51.105,-26.565],[-51.108,-26.566],[-51.111,-26.563],[-51.122,-26.558],[-51.126,-26.558],[-51.137,-26.567],[-51.135,-26.588],[-51.138,-26.588],[-51.14,-26.59],[-51.138,-26.593],[-51.142,-26.602],[-51.148,-26.604],[-51.154,-26.604],[-51.156,-26.6],[-51.167,-26.602],[-51.169,-26.6],[-51.173,-26.602],[-51.178,-26.594],[-51.183,-26.592],[-51.188,-26.602],[-51.194,-26.607],[-51.2,-26.607],[-51.201,-26.599],[-51.211,-26.598],[-51.222,-26.594],[-51.225,-26.592],[-51.226,-26.586],[-51.222,-26.58],[-51.225,-26.576],[-51.22,-26.572],[-51.215,-26.571],[-51.216,-26.567],[-51.223,-26.567],[-51.228,-26.564],[-51.229,-26.555],[-51.225,-26.553],[-51.225,-26.549],[-51.232,-26.549],[-51.236,-26.544],[-51.24,-26.545],[-51.242,-26.544],[-51.238,-26.54],[-51.241,-26.538],[-51.247,-26.538],[-51.247,-26.527],[-51.251,-26.519],[-51.257,-26.519],[-51.261,-26.515],[-51.261,-26.513],[-51.266,-26.512],[-51.262,-26.509],[-51.262,-26.507],[-51.268,-26.507],[-51.271,-26.503],[-51.267,-26.501],[-51.273,-26.498],[-51.273,-26.496],[-51.269,-26.494],[-51.266,-26.489],[-51.263,-26.49],[-51.26,-26.489],[-51.264,-26.485],[-51.265,-26.481],[-51.259,-26.48],[-51.255,-26.475],[-51.253,-26.476],[-51.251,-26.472],[-51.258,-26.472],[-51.259,-26.469],[-51.256,-26.467],[-51.253,-26.462],[-51.257,-26.461],[-51.267,-26.46],[-51.271,-26.456],[-51.275,-26.459],[-51.277,-26.458],[-51.279,-26.454],[-51.274,-26.446],[-51.276,-26.443],[-51.28,-26.442],[-51.282,-26.439],[-51.288,-26.439],[-51.293,-26.434],[-51.293,-26.428],[-51.294,-26.425],[-51.3,-26.418],[-51.289,-26.415],[-51.287,-26.412],[-51.292,-26.404],[-51.288,-26.399],[-51.286,-26.398],[-51.28,-26.402],[-51.275,-26.401],[-51.274,-26.399],[-51.278,-26.394],[-51.277,-26.389],[-51.27,-26.387],[-51.268,-26.387],[-51.265,-26.393],[-51.262,-26.395],[-51.261,-26.399],[-51.255,-26.4],[-51.253,-26.403],[-51.239,-26.407],[-51.234,-26.407],[-51.229,-26.409],[-51.227,-26.412],[-51.219,-26.417],[-51.216,-26.421],[-51.207,-26.424],[-51.205,-26.427],[-51.201,-26.427],[-51.2,-26.433],[-51.204,-26.438],[-51.202,-26.443],[-51.19,-26.452],[-51.189,-26.451],[-51.157,-26.43],[-51.158,-26.427],[-51.157,-26.423],[-51.155,-26.423],[-51.154,-26.419],[-51.147,-26.416],[-51.14,-26.416],[-51.138,-26.413],[-51.133,-26.41],[-51.127,-26.399],[-51.121,-26.4],[-51.118,-26.399],[-51.119,-26.395],[-51.115,-26.391],[-51.109,-26.393],[-51.106,-26.391],[-51.1,-26.394],[-51.099,-26.391],[-51.094,-26.394],[-51.09,-26.393],[-51.089,-26.391],[-51.074,-26.398],[-51.069,-26.398],[-51.063,-26.402],[-51.062,-26.398],[-51.057,-26.394],[-51.053,-26.398],[-51.053,-26.4],[-51.049,-26.399],[-51.048,-26.396],[-51.041,-26.395],[-51.037,-26.398],[-51.032,-26.403],[-51.025,-26.406],[-51.022,-26.403],[-51.011,-26.405],[-50.996,-26.403],[-50.992,-26.406],[-50.985,-26.405],[-50.965,-26.428],[-50.971,-26.426],[-50.976,-26.429],[-50.98,-26.428],[-50.977,-26.442],[-50.989,-26.449],[-50.997,-26.448],[-50.999,-26.45],[-50.998,-26.455],[-51.0,-26.457],[-51.008,-26.459],[-51.004,-26.465],[-50.998,-26.463],[-50.997,-26.465],[-50.999,-26.468],[-50.995,-26.484],[-51.006,-26.485],[-51.007,-26.489],[-51.01,-26.49],[-51.01,-26.494]]]}},{"type":"Feature","properties":{"c":"4210803"},"geometry":{"type":"Polygon","coordinates":[[[-49.677,-28.868],[-49.671,-28.826],[-49.664,-28.827],[-49.657,-28.826],[-49.648,-28.821],[-49.656,-28.814],[-49.657,-28.811],[-49.663,-28.808],[-49.661,-28.804],[-49.663,-28.802],[-49.661,-28.799],[-49.663,-28.795],[-49.669,-28.79],[-49.668,-28.785],[-49.666,-28.783],[-49.665,-28.777],[-49.663,-28.773],[-49.666,-28.758],[-49.67,-28.754],[-49.658,-28.75],[-49.648,-28.747],[-49.65,-28.749],[-49.642,-28.756],[-49.635,-28.76],[-49.634,-28.757],[-49.628,-28.751],[-49.605,-28.752],[-49.607,-28.757],[-49.606,-28.76],[-49.597,-28.765],[-49.596,-28.767],[-49.596,-28.776],[-49.595,-28.802],[-49.573,-28.803],[-49.565,-28.811],[-49.558,-28.814],[-49.557,-28.819],[-49.554,-28.816],[-49.55,-28.819],[-49.552,-28.822],[-49.548,-28.822],[-49.543,-28.826],[-49.544,-28.829],[-49.534,-28.831],[-49.534,-28.836],[-49.531,-28.843],[-49.525,-28.84],[-49.523,-28.845],[-49.525,-28.85],[-49.522,-28.85],[-49.523,-28.854],[-49.519,-28.851],[-49.52,-28.856],[-49.517,-28.858],[-49.521,-28.862],[-49.523,-28.874],[-49.519,-28.877],[-49.518,-28.879],[-49.513,-28.886],[-49.514,-28.892],[-49.512,-28.896],[-49.511,-28.91],[-49.516,-28.912],[-49.515,-28.917],[-49.52,-28.914],[-49.529,-28.913],[-49.534,-28.917],[-49.539,-28.917],[-49.538,-28.913],[-49.542,-28.906],[-49.544,-28.907],[-49.546,-28.903],[-49.554,-28.9],[-49.564,-28.906],[-49.569,-28.905],[-49.574,-28.909],[-49.585,-28.905],[-49.595,-28.906],[-49.603,-28.904],[-49.602,-28.906],[-49.606,-28.908],[-49.608,-28.902],[-49.61,-28.903],[-49.61,-28.908],[-49.612,-28.905],[-49.619,-28.907],[-49.621,-28.903],[-49.624,-28.904],[-49.626,-28.901],[-49.64,-28.9],[-49.642,-28.895],[-49.641,-28.887],[-49.644,-28.889],[-49.648,-28.888],[-49.654,-28.888],[-49.657,-28.884],[-49.659,-28.886],[-49.661,-28.882],[-49.666,-28.881],[-49.665,-28.879],[-49.67,-28.875],[-49.676,-28.874],[-49.676,-28.87],[-49.68,-28.87],[-49.677,-28.868]]]}},{"type":"Feature","properties":{"c":"4210852"},"geometry":{"type":"Polygon","coordinates":[[[-50.004,-27.213],[-50.016,-27.211],[-50.023,-27.219],[-50.027,-27.222],[-50.035,-27.22],[-50.04,-27.22],[-50.044,-27.217],[-50.042,-27.212],[-50.046,-27.211],[-50.046,-27.206],[-50.051,-27.208],[-50.052,-27.212],[-50.058,-27.217],[-50.063,-27.218],[-50.065,-27.222],[-50.059,-27.226],[-50.072,-27.239],[-50.081,-27.241],[-50.088,-27.244],[-50.091,-27.241],[-50.095,-27.247],[-50.1,-27.246],[-50.103,-27.251],[-50.11,-27.255],[-50.12,-27.264],[-50.123,-27.271],[-50.13,-27.274],[-50.143,-27.272],[-50.147,-27.275],[-50.154,-27.275],[-50.157,-27.273],[-50.161,-27.274],[-50.167,-27.275],[-50.172,-27.27],[-50.175,-27.269],[-50.179,-27.267],[-50.183,-27.254],[-50.19,-27.252],[-50.194,-27.244],[-50.199,-27.237],[-50.203,-27.238],[-50.202,-27.241],[-50.204,-27.243],[-50.216,-27.248],[-50.223,-27.246],[-50.228,-27.241],[-50.237,-27.242],[-50.243,-27.237],[-50.246,-27.233],[-50.258,-27.233],[-50.259,-27.23],[-50.266,-27.226],[-50.267,-27.219],[-50.264,-27.216],[-50.264,-27.21],[-50.262,-27.205],[-50.262,-27.201],[-50.267,-27.198],[-50.265,-27.205],[-50.273,-27.211],[-50.276,-27.209],[-50.283,-27.214],[-50.286,-27.213],[-50.291,-27.216],[-50.291,-27.212],[-50.29,-27.21],[-50.289,-27.205],[-50.291,-27.2],[-50.288,-27.192],[-50.29,-27.188],[-50.288,-27.185],[-50.288,-27.18],[-50.293,-27.181],[-50.294,-27.178],[-50.29,-27.176],[-50.287,-27.169],[-50.294,-27.165],[-50.301,-27.166],[-50.303,-27.17],[-50.307,-27.164],[-50.304,-27.157],[-50.304,-27.152],[-50.31,-27.152],[-50.314,-27.146],[-50.319,-27.147],[-50.316,-27.139],[-50.318,-27.134],[-50.313,-27.131],[-50.316,-27.128],[-50.315,-27.123],[-50.317,-27.121],[-50.32,-27.12],[-50.322,-27.116],[-50.32,-27.114],[-50.324,-27.111],[-50.326,-27.108],[-50.329,-27.113],[-50.334,-27.099],[-50.339,-27.096],[-50.34,-27.097],[-50.336,-27.1],[-50.336,-27.103],[-50.344,-27.098],[-50.348,-27.101],[-50.349,-27.094],[-50.343,-27.09],[-50.343,-27.087],[-50.34,-27.085],[-50.337,-27.08],[-50.331,-27.075],[-50.326,-27.073],[-50.322,-27.075],[-50.315,-27.074],[-50.315,-27.076],[-50.312,-27.081],[-50.31,-27.08],[-50.312,-27.089],[-50.315,-27.09],[-50.31,-27.096],[-50.306,-27.106],[-50.301,-27.11],[-50.293,-27.11],[-50.289,-27.108],[-50.286,-27.105],[-50.287,-27.101],[-50.284,-27.094],[-50.275,-27.096],[-50.273,-27.094],[-50.269,-27.098],[-50.26,-27.097],[-50.259,-27.101],[-50.257,-27.098],[-50.254,-27.102],[-50.25,-27.1],[-50.247,-27.104],[-50.248,-27.106],[-50.245,-27.11],[-50.246,-27.113],[-50.241,-27.12],[-50.235,-27.124],[-50.234,-27.128],[-50.232,-27.13],[-50.232,-27.134],[-50.23,-27.139],[-50.232,-27.143],[-50.227,-27.147],[-50.227,-27.151],[-50.216,-27.149],[-50.213,-27.151],[-50.205,-27.152],[-50.203,-27.154],[-50.198,-27.151],[-50.192,-27.15],[-50.19,-27.148],[-50.175,-27.151],[-50.174,-27.149],[-50.168,-27.15],[-50.166,-27.145],[-50.158,-27.141],[-50.153,-27.134],[-50.147,-27.133],[-50.145,-27.135],[-50.139,-27.133],[-50.137,-27.135],[-50.132,-27.141],[-50.123,-27.143],[-50.119,-27.142],[-50.11,-27.144],[-50.105,-27.148],[-50.097,-27.144],[-50.093,-27.144],[-50.093,-27.146],[-50.084,-27.146],[-50.082,-27.145],[-50.075,-27.148],[-50.071,-27.15],[-50.065,-27.149],[-50.062,-27.15],[-50.051,-27.176],[-50.049,-27.175],[-50.051,-27.172],[-50.046,-27.169],[-50.037,-27.175],[-50.035,-27.173],[-50.022,-27.173],[-50.017,-27.175],[-50.014,-27.173],[-50.005,-27.173],[-50.001,-27.181],[-49.992,-27.19],[-49.997,-27.196],[-50.004,-27.213]]]}},{"type":"Feature","properties":{"c":"4210902"},"geometry":{"type":"Polygon","coordinates":[[[-52.974,-26.745],[-52.97,-26.744],[-52.965,-26.749],[-52.969,-26.749],[-52.968,-26.752],[-52.963,-26.754],[-52.958,-26.755],[-52.961,-26.755],[-52.963,-26.76],[-52.973,-26.763],[-52.976,-26.768],[-52.983,-26.77],[-52.989,-26.775],[-52.998,-26.773],[-53.001,-26.772],[-53.005,-26.775],[-53.004,-26.776],[-53.008,-26.779],[-53.003,-26.787],[-52.997,-26.791],[-52.997,-26.797],[-53.001,-26.804],[-53.012,-26.804],[-53.018,-26.808],[-53.027,-26.806],[-53.031,-26.808],[-53.034,-26.808],[-53.034,-26.815],[-53.042,-26.814],[-53.041,-26.812],[-53.049,-26.809],[-53.055,-26.81],[-53.063,-26.808],[-53.068,-26.81],[-53.07,-26.809],[-53.081,-26.809],[-53.086,-26.807],[-53.097,-26.806],[-53.098,-26.81],[-53.104,-26.814],[-53.105,-26.817],[-53.116,-26.815],[-53.121,-26.81],[-53.121,-26.809],[-53.125,-26.802],[-53.122,-26.796],[-53.122,-26.793],[-53.126,-26.791],[-53.123,-26.788],[-53.126,-26.785],[-53.117,-26.783],[-53.113,-26.777],[-53.11,-26.774],[-53.107,-26.775],[-53.097,-26.771],[-53.095,-26.767],[-53.091,-26.767],[-53.092,-26.763],[-53.102,-26.759],[-53.102,-26.757],[-53.108,-26.754],[-53.11,-26.751],[-53.109,-26.748],[-53.105,-26.751],[-53.101,-26.747],[-53.102,-26.743],[-53.109,-26.741],[-53.093,-26.739],[-53.07,-26.737],[-53.066,-26.737],[-53.049,-26.733],[-53.048,-26.739],[-53.049,-26.746],[-53.028,-26.743],[-53.027,-26.746],[-53.021,-26.747],[-53.022,-26.754],[-53.014,-26.753],[-53.007,-26.75],[-53.004,-26.744],[-53.003,-26.741],[-52.994,-26.74],[-52.989,-26.742],[-52.984,-26.742],[-52.982,-26.745],[-52.979,-26.744],[-52.975,-26.746],[-52.974,-26.745]]]}},{"type":"Feature","properties":{"c":"4211009"},"geometry":{"type":"Polygon","coordinates":[[[-53.375,-27.015],[-53.378,-27.029],[-53.383,-27.031],[-53.389,-27.03],[-53.397,-27.025],[-53.401,-27.026],[-53.402,-27.029],[-53.397,-27.035],[-53.394,-27.037],[-53.384,-27.037],[-53.372,-27.036],[-53.367,-27.038],[-53.37,-27.044],[-53.368,-27.051],[-53.367,-27.058],[-53.369,-27.064],[-53.367,-27.067],[-53.348,-27.07],[-53.346,-27.075],[-53.348,-27.077],[-53.33,-27.089],[-53.33,-27.092],[-53.325,-27.096],[-53.326,-27.1],[-53.334,-27.096],[-53.336,-27.097],[-53.333,-27.102],[-53.337,-27.107],[-53.335,-27.111],[-53.338,-27.111],[-53.341,-27.105],[-53.344,-27.104],[-53.347,-27.106],[-53.35,-27.111],[-53.355,-27.111],[-53.36,-27.101],[-53.365,-27.094],[-53.371,-27.091],[-53.376,-27.091],[-53.381,-27.094],[-53.387,-27.101],[-53.393,-27.109],[-53.396,-27.113],[-53.399,-27.125],[-53.406,-27.137],[-53.412,-27.141],[-53.418,-27.144],[-53.432,-27.146],[-53.449,-27.155],[-53.455,-27.157],[-53.464,-27.155],[-53.468,-27.151],[-53.476,-27.139],[-53.484,-27.134],[-53.491,-27.132],[-53.503,-27.135],[-53.507,-27.139],[-53.508,-27.151],[-53.505,-27.161],[-53.503,-27.166],[-53.492,-27.177],[-53.49,-27.18],[-53.488,-27.194],[-53.49,-27.201],[-53.496,-27.204],[-53.507,-27.204],[-53.518,-27.202],[-53.526,-27.198],[-53.531,-27.195],[-53.542,-27.181],[-53.548,-27.176],[-53.548,-27.156],[-53.548,-27.15],[-53.539,-27.146],[-53.537,-27.14],[-53.531,-27.137],[-53.526,-27.131],[-53.527,-27.123],[-53.523,-27.12],[-53.521,-27.114],[-53.523,-27.11],[-53.522,-27.099],[-53.527,-27.092],[-53.52,-27.082],[-53.509,-27.08],[-53.503,-27.085],[-53.489,-27.082],[-53.486,-27.075],[-53.482,-27.072],[-53.475,-27.07],[-53.479,-27.063],[-53.463,-27.048],[-53.456,-27.044],[-53.452,-27.044],[-53.448,-27.039],[-53.446,-27.032],[-53.448,-27.029],[-53.446,-27.026],[-53.453,-27.016],[-53.45,-27.009],[-53.445,-27.008],[-53.44,-27.009],[-53.432,-27.014],[-53.423,-27.016],[-53.419,-27.019],[-53.412,-27.019],[-53.407,-27.014],[-53.4,-27.013],[-53.397,-27.01],[-53.39,-27.014],[-53.383,-27.012],[-53.377,-27.016],[-53.375,-27.015]]]}},{"type":"Feature","properties":{"c":"4211058"},"geometry":{"type":"Polygon","coordinates":[[[-50.838,-27.184],[-50.833,-27.19],[-50.826,-27.192],[-50.827,-27.196],[-50.825,-27.199],[-50.826,-27.204],[-50.82,-27.206],[-50.818,-27.209],[-50.82,-27.212],[-50.817,-27.215],[-50.821,-27.217],[-50.822,-27.219],[-50.819,-27.221],[-50.823,-27.223],[-50.82,-27.227],[-50.821,-27.23],[-50.821,-27.233],[-50.818,-27.234],[-50.818,-27.242],[-50.828,-27.243],[-50.833,-27.242],[-50.831,-27.237],[-50.834,-27.231],[-50.833,-27.226],[-50.847,-27.23],[-50.852,-27.229],[-50.85,-27.235],[-50.845,-27.235],[-50.846,-27.24],[-50.844,-27.247],[-50.847,-27.25],[-50.854,-27.247],[-50.857,-27.247],[-50.858,-27.242],[-50.861,-27.242],[-50.86,-27.239],[-50.868,-27.243],[-50.873,-27.238],[-50.874,-27.232],[-50.877,-27.23],[-50.881,-27.231],[-50.881,-27.233],[-50.891,-27.233],[-50.894,-27.235],[-50.891,-27.23],[-50.886,-27.23],[-50.89,-27.223],[-50.896,-27.222],[-50.897,-27.215],[-50.896,-27.211],[-50.893,-27.209],[-50.899,-27.206],[-50.9,-27.208],[-50.904,-27.207],[-50.909,-27.21],[-50.911,-27.207],[-50.952,-27.236],[-50.953,-27.238],[-50.959,-27.239],[-50.971,-27.239],[-50.973,-27.243],[-50.983,-27.246],[-50.989,-27.25],[-50.985,-27.254],[-50.987,-27.256],[-50.984,-27.263],[-50.983,-27.271],[-51.0,-27.276],[-51.005,-27.276],[-51.003,-27.272],[-51.011,-27.263],[-51.018,-27.26],[-51.02,-27.256],[-51.015,-27.255],[-51.015,-27.25],[-51.017,-27.245],[-51.024,-27.242],[-51.022,-27.239],[-51.028,-27.234],[-51.036,-27.233],[-51.032,-27.227],[-51.026,-27.221],[-51.029,-27.214],[-51.024,-27.211],[-51.025,-27.206],[-51.023,-27.203],[-51.026,-27.2],[-51.026,-27.195],[-51.019,-27.193],[-51.019,-27.188],[-51.013,-27.185],[-51.013,-27.182],[-51.008,-27.178],[-51.011,-27.175],[-51.006,-27.172],[-50.995,-27.172],[-50.992,-27.167],[-50.987,-27.162],[-50.978,-27.163],[-50.975,-27.158],[-50.972,-27.159],[-50.968,-27.157],[-50.965,-27.154],[-50.961,-27.155],[-50.958,-27.149],[-50.954,-27.147],[-50.953,-27.145],[-50.947,-27.143],[-50.946,-27.138],[-50.94,-27.13],[-50.936,-27.131],[-50.938,-27.128],[-50.937,-27.123],[-50.93,-27.119],[-50.927,-27.12],[-50.92,-27.119],[-50.913,-27.119],[-50.901,-27.125],[-50.894,-27.125],[-50.89,-27.124],[-50.883,-27.127],[-50.88,-27.127],[-50.876,-27.132],[-50.876,-27.14],[-50.872,-27.144],[-50.877,-27.146],[-50.872,-27.149],[-50.871,-27.153],[-50.867,-27.156],[-50.862,-27.158],[-50.859,-27.154],[-50.854,-27.155],[-50.852,-27.158],[-50.846,-27.158],[-50.847,-27.162],[-50.841,-27.166],[-50.845,-27.168],[-50.842,-27.171],[-50.848,-27.174],[-50.844,-27.175],[-50.841,-27.179],[-50.845,-27.184],[-50.838,-27.184]]]}},{"type":"Feature","properties":{"c":"4211108"},"geometry":{"type":"Polygon","coordinates":[[[-50.22,-26.814],[-50.222,-26.815],[-50.224,-26.823],[-50.229,-26.829],[-50.229,-26.831],[-50.24,-26.837],[-50.243,-26.844],[-50.242,-26.851],[-50.245,-26.853],[-50.251,-26.851],[-50.254,-26.856],[-50.253,-26.859],[-50.254,-26.863],[-50.254,-26.859],[-50.26,-26.854],[-50.263,-26.853],[-50.269,-26.854],[-50.269,-26.851],[-50.272,-26.847],[-50.277,-26.847],[-50.28,-26.842],[-50.28,-26.837],[-50.283,-26.835],[-50.289,-26.836],[-50.294,-26.839],[-50.3,-26.841],[-50.308,-26.837],[-50.313,-26.837],[-50.322,-26.835],[-50.328,-26.838],[-50.328,-26.833],[-50.33,-26.831],[-50.337,-26.83],[-50.342,-26.827],[-50.341,-26.822],[-50.343,-26.821],[-50.341,-26.81],[-50.339,-26.805],[-50.34,-26.802],[-50.337,-26.8],[-50.334,-26.796],[-50.337,-26.79],[-50.335,-26.786],[-50.337,-26.78],[-50.335,-26.776],[-50.33,-26.778],[-50.32,-26.777],[-50.315,-26.773],[-50.32,-26.769],[-50.321,-26.765],[-50.326,-26.762],[-50.333,-26.763],[-50.335,-26.76],[-50.339,-26.761],[-50.342,-26.764],[-50.346,-26.761],[-50.351,-26.762],[-50.349,-26.756],[-50.354,-26.755],[-50.355,-26.75],[-50.351,-26.747],[-50.346,-26.747],[-50.345,-26.742],[-50.352,-26.74],[-50.354,-26.737],[-50.367,-26.739],[-50.371,-26.735],[-50.379,-26.738],[-50.38,-26.737],[-50.385,-26.739],[-50.399,-26.734],[-50.401,-26.735],[-50.407,-26.731],[-50.408,-26.724],[-50.412,-26.73],[-50.412,-26.726],[-50.415,-26.724],[-50.415,-26.72],[-50.417,-26.716],[-50.422,-26.712],[-50.422,-26.709],[-50.429,-26.707],[-50.433,-26.704],[-50.437,-26.697],[-50.435,-26.695],[-50.432,-26.688],[-50.436,-26.682],[-50.431,-26.677],[-50.426,-26.67],[-50.432,-26.661],[-50.441,-26.654],[-50.435,-26.653],[-50.424,-26.647],[-50.42,-26.642],[-50.414,-26.65],[-50.411,-26.647],[-50.408,-26.649],[-50.404,-26.646],[-50.398,-26.648],[-50.393,-26.645],[-50.391,-26.641],[-50.387,-26.641],[-50.386,-26.635],[-50.383,-26.634],[-50.381,-26.63],[-50.375,-26.627],[-50.377,-26.622],[-50.375,-26.618],[-50.375,-26.61],[-50.373,-26.606],[-50.37,-26.607],[-50.368,-26.603],[-50.365,-26.602],[-50.361,-26.594],[-50.365,-26.584],[-50.364,-26.578],[-50.365,-26.575],[-50.36,-26.577],[-50.353,-26.571],[-50.35,-26.573],[-50.346,-26.57],[-50.341,-26.57],[-50.337,-26.567],[-50.332,-26.566],[-50.329,-26.559],[-50.325,-26.558],[-50.317,-26.559],[-50.318,-26.557],[-50.313,-26.557],[-50.313,-26.559],[-50.307,-26.563],[-50.301,-26.56],[-50.303,-26.557],[-50.299,-26.554],[-50.293,-26.555],[-50.295,-26.546],[-50.293,-26.545],[-50.286,-26.542],[-50.279,-26.543],[-50.272,-26.541],[-50.273,-26.53],[-50.263,-26.528],[-50.261,-26.531],[-50.262,-26.534],[-50.254,-26.535],[-50.254,-26.538],[-50.244,-26.534],[-50.239,-26.535],[-50.237,-26.533],[-50.239,-26.531],[-50.234,-26.527],[-50.238,-26.523],[-50.232,-26.514],[-50.235,-26.507],[-50.241,-26.503],[-50.24,-26.499],[-50.243,-26.496],[-50.248,-26.5],[-50.261,-26.493],[-50.264,-26.485],[-50.264,-26.479],[-50.26,-26.477],[-50.267,-26.47],[-50.268,-26.472],[-50.27,-26.469],[-50.266,-26.464],[-50.271,-26.46],[-50.268,-26.451],[-50.271,-26.447],[-50.269,-26.444],[-50.263,-26.445],[-50.256,-26.448],[-50.251,-26.446],[-50.246,-26.452],[-50.242,-26.448],[-50.237,-26.451],[-50.236,-26.45],[-50.223,-26.451],[-50.221,-26.447],[-50.217,-26.448],[-50.21,-26.445],[-50.196,-26.448],[-50.193,-26.445],[-50.185,-26.445],[-50.187,-26.455],[-50.182,-26.459],[-50.179,-26.46],[-50.174,-26.464],[-50.172,-26.468],[-50.169,-26.47],[-50.19,-26.48],[-50.189,-26.485],[-50.194,-26.489],[-50.193,-26.494],[-50.195,-26.503],[-50.202,-26.513],[-50.202,-26.517],[-50.206,-26.52],[-50.204,-26.53],[-50.205,-26.532],[-50.202,-26.538],[-50.2,-26.539],[-50.2,-26.55],[-50.203,-26.553],[-50.205,-26.559],[-50.203,-26.568],[-50.204,-26.58],[-50.199,-26.583],[-50.2,-26.588],[-50.196,-26.59],[-50.196,-26.595],[-50.199,-26.604],[-50.202,-26.61],[-50.208,-26.617],[-50.207,-26.624],[-50.208,-26.63],[-50.207,-26.636],[-50.205,-26.639],[-50.209,-26.651],[-50.213,-26.661],[-50.217,-26.662],[-50.218,-26.667],[-50.216,-26.674],[-50.22,-26.674],[-50.223,-26.68],[-50.231,-26.684],[-50.235,-26.69],[-50.242,-26.694],[-50.247,-26.699],[-50.245,-26.706],[-50.248,-26.711],[-50.247,-26.714],[-50.252,-26.719],[-50.251,-26.724],[-50.252,-26.732],[-50.253,-26.735],[-50.248,-26.738],[-50.247,-26.741],[-50.242,-26.744],[-50.245,-26.75],[-50.241,-26.754],[-50.242,-26.759],[-50.232,-26.761],[-50.228,-26.764],[-50.224,-26.764],[-50.219,-26.777],[-50.218,-26.783],[-50.216,-26.785],[-50.221,-26.79],[-50.22,-26.801],[-50.216,-26.804],[-50.218,-26.812],[-50.22,-26.814]]]}},{"type":"Feature","properties":{"c":"4211207"},"geometry":{"type":"Polygon","coordinates":[[[-49.244,-28.675],[-49.259,-28.661],[-49.262,-28.66],[-49.264,-28.655],[-49.268,-28.652],[-49.272,-28.652],[-49.284,-28.646],[-49.288,-28.643],[-49.288,-28.64],[-49.291,-28.638],[-49.299,-28.64],[-49.305,-28.644],[-49.311,-28.641],[-49.317,-28.641],[-49.324,-28.642],[-49.332,-28.64],[-49.334,-28.644],[-49.34,-28.646],[-49.342,-28.642],[-49.348,-28.643],[-49.351,-28.64],[-49.359,-28.64],[-49.359,-28.637],[-49.356,-28.637],[-49.337,-28.634],[-49.333,-28.631],[-49.332,-28.625],[-49.325,-28.624],[-49.321,-28.627],[-49.315,-28.626],[-49.309,-28.621],[-49.303,-28.622],[-49.298,-28.62],[-49.292,-28.621],[-49.287,-28.617],[-49.286,-28.613],[-49.272,-28.606],[-49.267,-28.599],[-49.254,-28.593],[-49.25,-28.594],[-49.245,-28.591],[-49.243,-28.59],[-49.239,-28.59],[-49.234,-28.592],[-49.233,-28.597],[-49.229,-28.6],[-49.224,-28.6],[-49.223,-28.604],[-49.219,-28.606],[-49.212,-28.612],[-49.208,-28.614],[-49.204,-28.614],[-49.2,-28.619],[-49.201,-28.624],[-49.196,-28.632],[-49.195,-28.636],[-49.182,-28.641],[-49.175,-28.645],[-49.175,-28.654],[-49.176,-28.674],[-49.176,-28.685],[-49.182,-28.684],[-49.185,-28.686],[-49.189,-28.683],[-49.193,-28.684],[-49.2,-28.678],[-49.214,-28.671],[-49.226,-28.671],[-49.232,-28.674],[-49.241,-28.677],[-49.244,-28.675]]]}},{"type":"Feature","properties":{"c":"4211256"},"geometry":{"type":"Polygon","coordinates":[[[-49.84,-28.713],[-49.836,-28.708],[-49.842,-28.708],[-49.842,-28.706],[-49.84,-28.701],[-49.835,-28.698],[-49.834,-28.693],[-49.827,-28.692],[-49.823,-28.694],[-49.815,-28.688],[-49.814,-28.686],[-49.823,-28.688],[-49.825,-28.687],[-49.831,-28.689],[-49.838,-28.69],[-49.836,-28.687],[-49.84,-28.686],[-49.837,-28.681],[-49.837,-28.678],[-49.841,-28.677],[-49.838,-28.672],[-49.839,-28.667],[-49.834,-28.666],[-49.831,-28.668],[-49.825,-28.666],[-49.823,-28.659],[-49.816,-28.658],[-49.811,-28.652],[-49.823,-28.655],[-49.813,-28.648],[-49.816,-28.647],[-49.815,-28.643],[-49.819,-28.643],[-49.814,-28.636],[-49.809,-28.635],[-49.807,-28.628],[-49.804,-28.628],[-49.798,-28.624],[-49.798,-28.618],[-49.795,-28.615],[-49.791,-28.614],[-49.783,-28.61],[-49.781,-28.612],[-49.785,-28.62],[-49.784,-28.624],[-49.781,-28.626],[-49.779,-28.629],[-49.772,-28.627],[-49.766,-28.621],[-49.757,-28.615],[-49.757,-28.622],[-49.755,-28.624],[-49.757,-28.627],[-49.754,-28.628],[-49.744,-28.624],[-49.737,-28.624],[-49.728,-28.624],[-49.723,-28.626],[-49.716,-28.624],[-49.706,-28.628],[-49.704,-28.63],[-49.705,-28.636],[-49.71,-28.64],[-49.708,-28.648],[-49.712,-28.658],[-49.712,-28.664],[-49.708,-28.67],[-49.699,-28.682],[-49.69,-28.687],[-49.687,-28.687],[-49.676,-28.697],[-49.674,-28.703],[-49.675,-28.709],[-49.675,-28.719],[-49.672,-28.723],[-49.674,-28.726],[-49.673,-28.729],[-49.676,-28.733],[-49.681,-28.735],[-49.682,-28.738],[-49.677,-28.74],[-49.67,-28.754],[-49.666,-28.758],[-49.663,-28.773],[-49.665,-28.777],[-49.666,-28.783],[-49.668,-28.785],[-49.669,-28.79],[-49.663,-28.795],[-49.661,-28.799],[-49.663,-28.802],[-49.661,-28.804],[-49.663,-28.808],[-49.657,-28.811],[-49.656,-28.814],[-49.648,-28.821],[-49.657,-28.826],[-49.664,-28.827],[-49.671,-28.826],[-49.677,-28.868],[-49.68,-28.863],[-49.686,-28.859],[-49.684,-28.857],[-49.687,-28.853],[-49.693,-28.852],[-49.692,-28.849],[-49.697,-28.844],[-49.703,-28.844],[-49.723,-28.807],[-49.727,-28.808],[-49.733,-28.804],[-49.737,-28.803],[-49.738,-28.8],[-49.745,-28.797],[-49.75,-28.791],[-49.752,-28.792],[-49.768,-28.78],[-49.773,-28.773],[-49.778,-28.76],[-49.78,-28.758],[-49.788,-28.756],[-49.797,-28.753],[-49.799,-28.752],[-49.799,-28.745],[-49.797,-28.737],[-49.799,-28.732],[-49.798,-28.714],[-49.801,-28.713],[-49.806,-28.717],[-49.823,-28.721],[-49.824,-28.716],[-49.831,-28.717],[-49.834,-28.716],[-49.839,-28.717],[-49.84,-28.713]]]}},{"type":"Feature","properties":{"c":"4211306"},"geometry":{"type":"MultiPolygon","coordinates":[[[[-48.76,-26.855],[-48.761,-26.849],[-48.773,-26.833],[-48.82,-26.824],[-48.817,-26.821],[-48.811,-26.82],[-48.815,-26.816],[-48.811,-26.814],[-48.807,-26.814],[-48.806,-26.812],[-48.8,-26.81],[-48.795,-26.807],[-48.796,-26.801],[-48.802,-26.799],[-48.802,-26.794],[-48.81,-26.792],[-48.811,-26.79],[-48.81,-26.775],[-48.81,-26.77],[-48.815,-26.767],[-48.82,-26.762],[-48.823,-26.761],[-48.822,-26.759],[-48.824,-26.752],[-48.822,-26.743],[-48.818,-26.741],[-48.809,-26.746],[-48.804,-26.746],[-48.803,-26.758],[-48.801,-26.761],[-48.796,-26.764],[-48.794,-26.76],[-48.789,-26.758],[-48.779,-26.766],[-48.772,-26.763],[-48.769,-26.77],[-48.767,-26.772],[-48.762,-26.773],[-48.751,-26.784],[-48.747,-26.783],[-48.746,-26.787],[-48.747,-26.805],[-48.745,-26.808],[-48.71,-26.816],[-48.708,-26.816],[-48.709,-26.835],[-48.711,-26.842],[-48.702,-26.846],[-48.696,-26.844],[-48.69,-26.84],[-48.685,-26.84],[-48.679,-26.838],[-48.674,-26.841],[-48.669,-26.841],[-48.66,-26.836],[-48.656,-26.829],[-48.645,-26.831],[-48.642,-26.826],[-48.639,-26.827],[-48.633,-26.825],[-48.634,-26.823],[-48.629,-26.82],[-48.62,-26.825],[-48.621,-26.826],[-48.624,-26.828],[-48.628,-26.833],[-48.632,-26.846],[-48.636,-26.86],[-48.643,-26.9],[-48.643,-26.91],[-48.642,-26.913],[-48.647,-26.911],[-48.657,-26.902],[-48.667,-26.898],[-48.67,-26.896],[-48.669,-26.892],[-48.665,-26.888],[-48.667,-26.883],[-48.674,-26.882],[-48.683,-26.887],[-48.688,-26.886],[-48.69,-26.884],[-48.691,-26.879],[-48.688,-26.871],[-48.691,-26.865],[-48.694,-26.864],[-48.7,-26.864],[-48.706,-26.868],[-48.711,-26.875],[-48.719,-26.878],[-48.724,-26.875],[-48.727,-26.867],[-48.726,-26.865],[-48.719,-26.854],[-48.718,-26.848],[-48.721,-26.842],[-48.726,-26.839],[-48.731,-26.838],[-48.733,-26.84],[-48.736,-26.85],[-48.739,-26.853],[-48.745,-26.857],[-48.749,-26.857],[-48.76,-26.855]]],[[[-48.622,-26.832],[-48.623,-26.831],[-48.621,-26.832],[-48.622,-26.832]]],[[[-48.639,-26.913],[-48.64,-26.911],[-48.636,-26.913],[-48.639,-26.913]]]]}},{"type":"Feature","properties":{"c":"4211405"},"geometry":{"type":"Polygon","coordinates":[[[-52.845,-26.893],[-52.846,-26.895],[-52.855,-26.902],[-52.859,-26.906],[-52.86,-26.913],[-52.857,-26.917],[-52.852,-26.922],[-52.854,-26.925],[-52.859,-26.926],[-52.867,-26.92],[-52.87,-26.916],[-52.883,-26.903],[-52.889,-26.905],[-52.89,-26.909],[-52.891,-26.917],[-52.89,-26.92],[-52.882,-26.933],[-52.875,-26.941],[-52.877,-26.944],[-52.889,-26.944],[-52.902,-26.942],[-52.908,-26.934],[-52.91,-26.922],[-52.915,-26.918],[-52.919,-26.92],[-52.921,-26.927],[-52.92,-26.934],[-52.918,-26.94],[-52.916,-26.944],[-52.908,-26.95],[-52.898,-26.958],[-52.892,-26.968],[-52.894,-26.975],[-52.9,-26.977],[-52.905,-26.974],[-52.915,-26.968],[-52.923,-26.965],[-52.927,-26.964],[-52.941,-26.966],[-52.943,-26.962],[-52.937,-26.956],[-52.934,-26.948],[-52.931,-26.951],[-52.93,-26.946],[-52.934,-26.938],[-52.934,-26.935],[-52.929,-26.931],[-52.927,-26.926],[-52.93,-26.923],[-52.934,-26.923],[-52.936,-26.92],[-52.941,-26.918],[-52.942,-26.907],[-52.94,-26.905],[-52.943,-26.903],[-52.94,-26.897],[-52.94,-26.893],[-52.943,-26.888],[-52.946,-26.886],[-52.948,-26.882],[-52.951,-26.868],[-52.918,-26.863],[-52.906,-26.862],[-52.903,-26.865],[-52.895,-26.864],[-52.897,-26.854],[-52.891,-26.85],[-52.887,-26.852],[-52.883,-26.861],[-52.876,-26.864],[-52.876,-26.865],[-52.885,-26.867],[-52.887,-26.872],[-52.894,-26.875],[-52.888,-26.877],[-52.879,-26.879],[-52.876,-26.886],[-52.872,-26.889],[-52.876,-26.893],[-52.876,-26.895],[-52.86,-26.895],[-52.857,-26.897],[-52.853,-26.896],[-52.854,-26.89],[-52.852,-26.888],[-52.845,-26.893]]]}},{"type":"Feature","properties":{"c":"4211454"},"geometry":{"type":"Polygon","coordinates":[[[-52.758,-26.942],[-52.762,-26.963],[-52.769,-26.995],[-52.821,-27.018],[-52.83,-27.017],[-52.84,-27.018],[-52.84,-27.01],[-52.892,-27.011],[-52.894,-26.975],[-52.892,-26.968],[-52.898,-26.958],[-52.908,-26.95],[-52.916,-26.944],[-52.918,-26.94],[-52.92,-26.934],[-52.921,-26.927],[-52.919,-26.92],[-52.915,-26.918],[-52.91,-26.922],[-52.908,-26.934],[-52.902,-26.942],[-52.889,-26.944],[-52.877,-26.944],[-52.875,-26.941],[-52.882,-26.933],[-52.89,-26.92],[-52.891,-26.917],[-52.89,-26.909],[-52.889,-26.905],[-52.883,-26.903],[-52.87,-26.916],[-52.867,-26.92],[-52.859,-26.926],[-52.854,-26.925],[-52.852,-26.922],[-52.857,-26.917],[-52.849,-26.913],[-52.843,-26.915],[-52.84,-26.91],[-52.833,-26.914],[-52.831,-26.91],[-52.827,-26.912],[-52.823,-26.904],[-52.812,-26.902],[-52.81,-26.904],[-52.807,-26.9],[-52.801,-26.902],[-52.803,-26.905],[-52.798,-26.908],[-52.795,-26.915],[-52.789,-26.916],[-52.788,-26.919],[-52.788,-26.923],[-52.783,-26.929],[-52.776,-26.928],[-52.774,-26.932],[-52.772,-26.932],[-52.763,-26.938],[-52.762,-26.942],[-52.759,-26.938],[-52.758,-26.942]]]}},{"type":"Feature","properties":{"c":"4211504"},"geometry":{"type":"Polygon","coordinates":[[[-48.942,-27.339],[-48.949,-27.338],[-48.963,-27.339],[-48.969,-27.338],[-48.971,-27.342],[-48.971,-27.345],[-48.976,-27.35],[-48.981,-27.352],[-48.981,-27.355],[-48.987,-27.358],[-48.999,-27.362],[-49.007,-27.376],[-49.01,-27.376],[-49.011,-27.371],[-49.025,-27.371],[-49.038,-27.375],[-49.041,-27.377],[-49.044,-27.384],[-49.056,-27.387],[-49.057,-27.393],[-49.063,-27.398],[-49.067,-27.396],[-49.074,-27.4],[-49.081,-27.401],[-49.081,-27.404],[-49.085,-27.403],[-49.089,-27.399],[-49.093,-27.399],[-49.097,-27.396],[-49.1,-27.397],[-49.104,-27.395],[-49.117,-27.397],[-49.123,-27.401],[-49.121,-27.406],[-49.124,-27.407],[-49.124,-27.414],[-49.131,-27.422],[-49.135,-27.424],[-49.142,-27.426],[-49.147,-27.422],[-49.155,-27.419],[-49.161,-27.421],[-49.169,-27.418],[-49.172,-27.415],[-49.176,-27.415],[-49.181,-27.413],[-49.183,-27.41],[-49.188,-27.408],[-49.188,-27.4],[-49.181,-27.391],[-49.181,-27.385],[-49.173,-27.384],[-49.168,-27.38],[-49.169,-27.378],[-49.164,-27.377],[-49.164,-27.374],[-49.161,-27.371],[-49.169,-27.364],[-49.175,-27.356],[-49.177,-27.356],[-49.181,-27.351],[-49.184,-27.351],[-49.183,-27.346],[-49.188,-27.343],[-49.19,-27.336],[-49.193,-27.334],[-49.194,-27.331],[-49.199,-27.332],[-49.202,-27.328],[-49.206,-27.33],[-49.212,-27.33],[-49.215,-27.325],[-49.224,-27.321],[-49.226,-27.315],[-49.222,-27.309],[-49.217,-27.304],[-49.209,-27.301],[-49.205,-27.295],[-49.201,-27.293],[-49.189,-27.294],[-49.183,-27.292],[-49.177,-27.292],[-49.173,-27.295],[-49.166,-27.292],[-49.162,-27.293],[-49.158,-27.291],[-49.156,-27.292],[-49.152,-27.29],[-49.147,-27.284],[-49.141,-27.284],[-49.135,-27.28],[-49.131,-27.282],[-49.127,-27.282],[-49.122,-27.276],[-49.119,-27.279],[-49.111,-27.28],[-49.107,-27.276],[-49.101,-27.276],[-49.097,-27.277],[-49.094,-27.276],[-49.088,-27.277],[-49.083,-27.276],[-49.075,-27.271],[-49.073,-27.275],[-49.074,-27.278],[-49.068,-27.279],[-49.066,-27.276],[-49.051,-27.272],[-49.05,-27.27],[-49.038,-27.272],[-49.029,-27.266],[-49.026,-27.261],[-49.019,-27.256],[-49.015,-27.255],[-49.009,-27.249],[-49.001,-27.25],[-48.997,-27.247],[-48.99,-27.249],[-48.984,-27.245],[-48.981,-27.245],[-48.975,-27.24],[-48.969,-27.237],[-48.969,-27.234],[-48.964,-27.232],[-48.961,-27.226],[-48.956,-27.224],[-48.954,-27.221],[-48.945,-27.218],[-48.942,-27.216],[-48.933,-27.212],[-48.931,-27.202],[-48.926,-27.202],[-48.924,-27.2],[-48.919,-27.2],[-48.918,-27.198],[-48.912,-27.197],[-48.91,-27.192],[-48.904,-27.189],[-48.9,-27.191],[-48.897,-27.189],[-48.895,-27.184],[-48.887,-27.183],[-48.882,-27.184],[-48.883,-27.189],[-48.887,-27.192],[-48.887,-27.199],[-48.893,-27.204],[-48.893,-27.208],[-48.897,-27.214],[-48.894,-27.217],[-48.889,-27.214],[-48.879,-27.215],[-48.876,-27.219],[-48.871,-27.217],[-48.865,-27.22],[-48.869,-27.219],[-48.875,-27.224],[-48.877,-27.23],[-48.876,-27.23],[-48.875,-27.236],[-48.881,-27.235],[-48.883,-27.239],[-48.884,-27.243],[-48.892,-27.248],[-48.898,-27.25],[-48.884,-27.29],[-48.882,-27.292],[-48.884,-27.297],[-48.882,-27.306],[-48.888,-27.305],[-48.892,-27.308],[-48.899,-27.306],[-48.903,-27.314],[-48.91,-27.317],[-48.91,-27.319],[-48.917,-27.322],[-48.917,-27.326],[-48.923,-27.33],[-48.927,-27.328],[-48.937,-27.329],[-48.942,-27.339]]]}},{"type":"Feature","properties":{"c":"4211603"},"geometry":{"type":"Polygon","coordinates":[[[-49.477,-28.713],[-49.476,-28.723],[-49.479,-28.72],[-49.489,-28.719],[-49.488,-28.721],[-49.513,-28.721],[-49.512,-28.729],[-49.515,-28.729],[-49.516,-28.739],[-49.527,-28.751],[-49.557,-28.751],[-49.557,-28.75],[-49.571,-28.75],[-49.569,-28.753],[-49.572,-28.756],[-49.57,-28.761],[-49.572,-28.764],[-49.586,-28.764],[-49.586,-28.776],[-49.596,-28.776],[-49.596,-28.767],[-49.597,-28.765],[-49.606,-28.76],[-49.607,-28.757],[-49.605,-28.752],[-49.628,-28.751],[-49.634,-28.757],[-49.635,-28.76],[-49.642,-28.756],[-49.65,-28.749],[-49.648,-28.747],[-49.658,-28.75],[-49.67,-28.754],[-49.677,-28.74],[-49.682,-28.738],[-49.681,-28.735],[-49.676,-28.733],[-49.673,-28.729],[-49.674,-28.726],[-49.672,-28.723],[-49.675,-28.719],[-49.675,-28.709],[-49.674,-28.703],[-49.676,-28.697],[-49.687,-28.687],[-49.69,-28.687],[-49.699,-28.682],[-49.708,-28.67],[-49.712,-28.664],[-49.712,-28.658],[-49.708,-28.648],[-49.71,-28.64],[-49.705,-28.636],[-49.704,-28.63],[-49.703,-28.629],[-49.701,-28.628],[-49.694,-28.626],[-49.692,-28.627],[-49.69,-28.624],[-49.685,-28.623],[-49.685,-28.621],[-49.533,-28.629],[-49.49,-28.631],[-49.452,-28.634],[-49.455,-28.657],[-49.455,-28.663],[-49.464,-28.671],[-49.464,-28.675],[-49.46,-28.681],[-49.467,-28.691],[-49.471,-28.693],[-49.471,-28.697],[-49.474,-28.697],[-49.475,-28.704],[-49.474,-28.709],[-49.477,-28.709],[-49.477,-28.713]]]}},{"type":"Feature","properties":{"c":"4211652"},"geometry":{"type":"Polygon","coordinates":[[[-52.755,-26.454],[-52.747,-26.458],[-52.746,-26.45],[-52.748,-26.446],[-52.745,-26.446],[-52.745,-26.449],[-52.739,-26.453],[-52.738,-26.457],[-52.742,-26.459],[-52.739,-26.461],[-52.741,-26.462],[-52.744,-26.464],[-52.739,-26.469],[-52.743,-26.471],[-52.747,-26.479],[-52.744,-26.481],[-52.739,-26.48],[-52.746,-26.485],[-52.746,-26.486],[-52.737,-26.488],[-52.738,-26.491],[-52.748,-26.49],[-52.746,-26.5],[-52.751,-26.497],[-52.753,-26.499],[-52.751,-26.501],[-52.746,-26.504],[-52.745,-26.506],[-52.746,-26.511],[-52.749,-26.511],[-52.752,-26.507],[-52.756,-26.509],[-52.755,-26.512],[-52.746,-26.514],[-52.737,-26.527],[-52.736,-26.531],[-52.731,-26.531],[-52.729,-26.534],[-52.731,-26.536],[-52.73,-26.542],[-52.728,-26.547],[-52.721,-26.547],[-52.722,-26.552],[-52.718,-26.555],[-52.714,-26.561],[-52.711,-26.557],[-52.707,-26.558],[-52.704,-26.563],[-52.707,-26.566],[-52.698,-26.571],[-52.691,-26.571],[-52.691,-26.573],[-52.7,-26.576],[-52.696,-26.581],[-52.692,-26.58],[-52.689,-26.584],[-52.696,-26.584],[-52.699,-26.583],[-52.707,-26.584],[-52.72,-26.582],[-52.724,-26.583],[-52.728,-26.581],[-52.732,-26.584],[-52.734,-26.584],[-52.749,-26.595],[-52.753,-26.593],[-52.755,-26.589],[-52.76,-26.587],[-52.763,-26.585],[-52.766,-26.579],[-52.771,-26.573],[-52.773,-26.567],[-52.774,-26.562],[-52.766,-26.55],[-52.768,-26.547],[-52.776,-26.548],[-52.783,-26.546],[-52.787,-26.541],[-52.788,-26.538],[-52.795,-26.535],[-52.793,-26.529],[-52.794,-26.526],[-52.794,-26.521],[-52.791,-26.518],[-52.777,-26.512],[-52.778,-26.507],[-52.782,-26.503],[-52.783,-26.504],[-52.789,-26.5],[-52.8,-26.497],[-52.8,-26.493],[-52.842,-26.5],[-52.842,-26.505],[-52.845,-26.513],[-52.851,-26.513],[-52.851,-26.517],[-52.859,-26.52],[-52.86,-26.522],[-52.867,-26.525],[-52.87,-26.519],[-52.87,-26.509],[-52.875,-26.504],[-52.876,-26.499],[-52.882,-26.494],[-52.883,-26.49],[-52.877,-26.489],[-52.88,-26.479],[-52.877,-26.471],[-52.873,-26.464],[-52.873,-26.456],[-52.871,-26.451],[-52.87,-26.443],[-52.866,-26.442],[-52.862,-26.434],[-52.866,-26.43],[-52.871,-26.429],[-52.871,-26.419],[-52.867,-26.419],[-52.864,-26.415],[-52.862,-26.411],[-52.857,-26.414],[-52.854,-26.412],[-52.853,-26.408],[-52.85,-26.404],[-52.847,-26.405],[-52.836,-26.412],[-52.831,-26.419],[-52.828,-26.419],[-52.826,-26.423],[-52.82,-26.426],[-52.82,-26.428],[-52.816,-26.427],[-52.811,-26.429],[-52.808,-26.435],[-52.797,-26.438],[-52.794,-26.443],[-52.786,-26.446],[-52.785,-26.45],[-52.776,-26.452],[-52.775,-26.456],[-52.769,-26.459],[-52.769,-26.462],[-52.767,-26.466],[-52.761,-26.463],[-52.755,-26.454]]]}},{"type":"Feature","properties":{"c":"4211702"},"geometry":{"type":"Polygon","coordinates":[[[-49.336,-28.418],[-49.343,-28.41],[-49.337,-28.405],[-49.333,-28.404],[-49.337,-28.4],[-49.339,-28.401],[-49.339,-28.374],[-49.34,-28.376],[-49.34,-28.365],[-49.348,-28.364],[-49.356,-28.366],[-49.359,-28.362],[-49.356,-28.355],[-49.359,-28.352],[-49.358,-28.346],[-49.361,-28.341],[-49.375,-28.339],[-49.376,-28.343],[-49.385,-28.336],[-49.397,-28.337],[-49.396,-28.335],[-49.403,-28.334],[-49.403,-28.336],[-49.408,-28.334],[-49.406,-28.333],[-49.408,-28.33],[-49.417,-28.327],[-49.418,-28.322],[-49.422,-28.321],[-49.425,-28.318],[-49.435,-28.316],[-49.446,-28.322],[-49.452,-28.322],[-49.459,-28.32],[-49.471,-28.31],[-49.48,-28.307],[-49.483,-28.304],[-49.493,-28.306],[-49.496,-28.305],[-49.501,-28.305],[-49.502,-28.307],[-49.514,-28.304],[-49.519,-28.305],[-49.523,-28.307],[-49.526,-28.307],[-49.522,-28.299],[-49.524,-28.296],[-49.527,-28.287],[-49.523,-28.276],[-49.52,-28.276],[-49.52,-28.273],[-49.515,-28.265],[-49.516,-28.262],[-49.519,-28.263],[-49.519,-28.269],[-49.526,-28.272],[-49.527,-28.267],[-49.53,-28.267],[-49.534,-28.268],[-49.534,-28.266],[-49.537,-28.271],[-49.543,-28.273],[-49.542,-28.27],[-49.548,-28.273],[-49.542,-28.265],[-49.545,-28.264],[-49.543,-28.259],[-49.537,-28.259],[-49.538,-28.257],[-49.532,-28.254],[-49.536,-28.25],[-49.535,-28.248],[-49.541,-28.247],[-49.535,-28.242],[-49.543,-28.242],[-49.55,-28.24],[-49.541,-28.235],[-49.539,-28.231],[-49.53,-28.224],[-49.535,-28.223],[-49.535,-28.219],[-49.528,-28.21],[-49.533,-28.207],[-49.53,-28.201],[-49.532,-28.198],[-49.527,-28.193],[-49.531,-28.188],[-49.521,-28.18],[-49.516,-28.178],[-49.515,-28.174],[-49.511,-28.173],[-49.517,-28.171],[-49.51,-28.168],[-49.512,-28.163],[-49.507,-28.16],[-49.51,-28.16],[-49.51,-28.156],[-49.507,-28.153],[-49.502,-28.152],[-49.501,-28.148],[-49.497,-28.147],[-49.494,-28.149],[-49.491,-28.146],[-49.493,-28.142],[-49.49,-28.141],[-49.49,-28.135],[-49.492,-28.134],[-49.487,-28.131],[-49.487,-28.128],[-49.482,-28.128],[-49.475,-28.126],[-49.471,-28.127],[-49.477,-28.132],[-49.475,-28.135],[-49.461,-28.136],[-49.461,-28.139],[-49.457,-28.138],[-49.453,-28.139],[-49.451,-28.135],[-49.447,-28.136],[-49.44,-28.133],[-49.438,-28.136],[-49.435,-28.137],[-49.435,-28.144],[-49.43,-28.151],[-49.414,-28.149],[-49.412,-28.152],[-49.41,-28.151],[-49.405,-28.153],[-49.405,-28.155],[-49.398,-28.158],[-49.397,-28.168],[-49.393,-28.174],[-49.397,-28.181],[-49.397,-28.189],[-49.395,-28.195],[-49.391,-28.195],[-49.389,-28.198],[-49.383,-28.2],[-49.38,-28.208],[-49.371,-28.216],[-49.368,-28.22],[-49.367,-28.224],[-49.363,-28.227],[-49.357,-28.226],[-49.353,-28.229],[-49.352,-28.236],[-49.347,-28.239],[-49.335,-28.238],[-49.329,-28.24],[-49.324,-28.239],[-49.315,-28.242],[-49.311,-28.245],[-49.306,-28.246],[-49.306,-28.25],[-49.302,-28.253],[-49.3,-28.251],[-49.292,-28.253],[-49.286,-28.25],[-49.281,-28.249],[-49.28,-28.247],[-49.276,-28.248],[-49.255,-28.254],[-49.232,-28.256],[-49.218,-28.269],[-49.205,-28.273],[-49.2,-28.288],[-49.218,-28.289],[-49.224,-28.295],[-49.223,-28.298],[-49.215,-28.301],[-49.215,-28.306],[-49.212,-28.328],[-49.214,-28.33],[-49.212,-28.335],[-49.22,-28.344],[-49.217,-28.344],[-49.215,-28.351],[-49.216,-28.357],[-49.215,-28.363],[-49.221,-28.364],[-49.225,-28.366],[-49.226,-28.371],[-49.223,-28.372],[-49.222,-28.375],[-49.224,-28.38],[-49.217,-28.385],[-49.215,-28.389],[-49.211,-28.386],[-49.205,-28.388],[-49.197,-28.383],[-49.198,-28.38],[-49.195,-28.382],[-49.194,-28.386],[-49.19,-28.389],[-49.211,-28.401],[-49.211,-28.408],[-49.207,-28.41],[-49.204,-28.418],[-49.197,-28.423],[-49.205,-28.427],[-49.208,-28.432],[-49.211,-28.434],[-49.221,-28.433],[-49.221,-28.427],[-49.217,-28.427],[-49.213,-28.423],[-49.214,-28.422],[-49.222,-28.423],[-49.224,-28.418],[-49.229,-28.418],[-49.232,-28.416],[-49.236,-28.419],[-49.24,-28.418],[-49.238,-28.413],[-49.245,-28.414],[-49.246,-28.42],[-49.254,-28.42],[-49.259,-28.417],[-49.259,-28.421],[-49.265,-28.42],[-49.266,-28.418],[-49.272,-28.417],[-49.276,-28.415],[-49.279,-28.417],[-49.283,-28.413],[-49.288,-28.413],[-49.287,-28.409],[-49.289,-28.408],[-49.285,-28.403],[-49.292,-28.403],[-49.289,-28.401],[-49.288,-28.396],[-49.297,-28.398],[-49.3,-28.403],[-49.302,-28.399],[-49.305,-28.403],[-49.309,-28.404],[-49.309,-28.407],[-49.316,-28.404],[-49.316,-28.406],[-49.325,-28.405],[-49.328,-28.407],[-49.33,-28.409],[-49.327,-28.411],[-49.333,-28.417],[-49.336,-28.418]]]}},{"type":"Feature","properties":{"c":"4211751"},"geometry":{"type":"Polygon","coordinates":[[[-50.182,-27.446],[-50.175,-27.452],[-50.173,-27.449],[-50.177,-27.449],[-50.176,-27.445],[-50.171,-27.441],[-50.168,-27.443],[-50.169,-27.438],[-50.164,-27.441],[-50.165,-27.435],[-50.168,-27.434],[-50.161,-27.431],[-50.162,-27.427],[-50.159,-27.43],[-50.157,-27.426],[-50.159,-27.425],[-50.158,-27.422],[-50.155,-27.422],[-50.158,-27.419],[-50.155,-27.413],[-50.15,-27.414],[-50.151,-27.412],[-50.156,-27.412],[-50.158,-27.409],[-50.153,-27.406],[-50.153,-27.402],[-50.145,-27.402],[-50.148,-27.4],[-50.145,-27.398],[-50.147,-27.39],[-50.145,-27.377],[-50.139,-27.379],[-50.141,-27.377],[-50.139,-27.372],[-50.141,-27.37],[-50.137,-27.37],[-50.139,-27.364],[-50.134,-27.364],[-50.13,-27.36],[-50.126,-27.361],[-50.127,-27.351],[-50.12,-27.348],[-50.111,-27.346],[-50.113,-27.342],[-50.108,-27.338],[-50.103,-27.341],[-50.102,-27.335],[-50.099,-27.335],[-50.099,-27.332],[-50.102,-27.327],[-50.097,-27.325],[-50.095,-27.329],[-50.09,-27.328],[-50.089,-27.321],[-50.09,-27.318],[-50.088,-27.313],[-50.089,-27.309],[-50.076,-27.305],[-50.071,-27.304],[-50.073,-27.308],[-50.071,-27.311],[-50.064,-27.31],[-50.062,-27.314],[-50.059,-27.313],[-50.063,-27.317],[-50.061,-27.322],[-50.058,-27.318],[-50.055,-27.32],[-50.051,-27.319],[-50.052,-27.317],[-50.048,-27.317],[-50.041,-27.322],[-50.035,-27.322],[-50.033,-27.324],[-50.018,-27.325],[-50.018,-27.322],[-50.012,-27.32],[-50.013,-27.322],[-50.017,-27.326],[-50.019,-27.332],[-50.022,-27.329],[-50.026,-27.331],[-50.023,-27.335],[-50.028,-27.344],[-50.034,-27.343],[-50.041,-27.335],[-50.044,-27.335],[-50.041,-27.342],[-50.044,-27.349],[-50.042,-27.349],[-50.038,-27.354],[-50.03,-27.357],[-50.031,-27.367],[-50.028,-27.367],[-50.033,-27.372],[-50.025,-27.376],[-50.023,-27.373],[-50.019,-27.374],[-50.02,-27.376],[-50.014,-27.38],[-50.014,-27.384],[-50.01,-27.388],[-50.017,-27.395],[-50.012,-27.401],[-50.011,-27.398],[-50.006,-27.398],[-50.007,-27.402],[-50.002,-27.405],[-49.996,-27.413],[-49.99,-27.414],[-49.988,-27.418],[-49.98,-27.418],[-49.984,-27.415],[-49.99,-27.406],[-49.988,-27.404],[-49.978,-27.408],[-49.971,-27.412],[-49.97,-27.409],[-49.965,-27.411],[-49.961,-27.405],[-49.957,-27.407],[-49.957,-27.402],[-49.955,-27.406],[-49.949,-27.41],[-49.951,-27.417],[-49.948,-27.418],[-49.941,-27.417],[-49.942,-27.42],[-49.946,-27.424],[-49.942,-27.425],[-49.938,-27.424],[-49.935,-27.42],[-49.93,-27.421],[-49.924,-27.417],[-49.923,-27.42],[-49.926,-27.422],[-49.924,-27.425],[-49.92,-27.423],[-49.917,-27.427],[-49.919,-27.431],[-49.913,-27.435],[-49.907,-27.432],[-49.907,-27.434],[-49.911,-27.438],[-49.911,-27.442],[-49.907,-27.441],[-49.905,-27.446],[-49.901,-27.451],[-49.903,-27.455],[-49.899,-27.457],[-49.897,-27.46],[-49.894,-27.458],[-49.894,-27.461],[-49.888,-27.466],[-49.892,-27.468],[-49.893,-27.472],[-49.893,-27.484],[-49.888,-27.483],[-49.894,-27.49],[-49.894,-27.495],[-49.891,-27.498],[-49.88,-27.495],[-49.87,-27.497],[-49.867,-27.499],[-49.85,-27.494],[-49.848,-27.498],[-49.851,-27.5],[-49.851,-27.505],[-49.848,-27.507],[-49.849,-27.511],[-49.845,-27.513],[-49.845,-27.516],[-49.839,-27.522],[-49.84,-27.524],[-49.832,-27.53],[-49.834,-27.532],[-49.831,-27.536],[-49.835,-27.539],[-49.832,-27.539],[-49.825,-27.547],[-49.826,-27.55],[-49.821,-27.551],[-49.815,-27.558],[-49.811,-27.557],[-49.807,-27.563],[-49.802,-27.564],[-49.797,-27.567],[-49.791,-27.57],[-49.787,-27.578],[-49.784,-27.582],[-49.779,-27.586],[-49.775,-27.586],[-49.772,-27.584],[-49.763,-27.581],[-49.765,-27.583],[-49.763,-27.589],[-49.758,-27.59],[-49.756,-27.592],[-49.758,-27.595],[-49.755,-27.599],[-49.754,-27.596],[-49.75,-27.596],[-49.746,-27.604],[-49.744,-27.604],[-49.738,-27.614],[-49.732,-27.619],[-49.733,-27.622],[-49.738,-27.63],[-49.742,-27.631],[-49.74,-27.636],[-49.741,-27.643],[-49.737,-27.649],[-49.731,-27.652],[-49.731,-27.656],[-49.736,-27.662],[-49.74,-27.664],[-49.741,-27.669],[-49.744,-27.666],[-49.752,-27.668],[-49.759,-27.669],[-49.761,-27.665],[-49.764,-27.664],[-49.763,-27.659],[-49.766,-27.658],[-49.77,-27.66],[-49.775,-27.66],[-49.775,-27.665],[-49.777,-27.663],[-49.782,-27.666],[-49.784,-27.669],[-49.787,-27.668],[-49.787,-27.672],[-49.792,-27.67],[-49.792,-27.667],[-49.795,-27.665],[-49.796,-27.668],[-49.8,-27.671],[-49.801,-27.677],[-49.806,-27.678],[-49.805,-27.68],[-49.809,-27.68],[-49.809,-27.685],[-49.812,-27.682],[-49.813,-27.687],[-49.821,-27.691],[-49.821,-27.685],[-49.824,-27.683],[-49.827,-27.686],[-49.835,-27.687],[-49.833,-27.685],[-49.839,-27.678],[-49.835,-27.678],[-49.835,-27.672],[-49.842,-27.669],[-49.85,-27.669],[-49.857,-27.671],[-49.862,-27.675],[-49.862,-27.68],[-49.865,-27.685],[-49.863,-27.692],[-49.865,-27.692],[-49.873,-27.687],[-49.874,-27.684],[-49.87,-27.68],[-49.873,-27.676],[-49.883,-27.67],[-49.885,-27.665],[-49.885,-27.653],[-49.886,-27.649],[-49.891,-27.65],[-49.891,-27.658],[-49.893,-27.663],[-49.898,-27.661],[-49.901,-27.658],[-49.902,-27.653],[-49.908,-27.655],[-49.911,-27.655],[-49.917,-27.651],[-49.919,-27.651],[-49.92,-27.656],[-49.917,-27.658],[-49.911,-27.66],[-49.908,-27.663],[-49.906,-27.669],[-49.909,-27.672],[-49.918,-27.669],[-49.925,-27.663],[-49.93,-27.657],[-49.93,-27.655],[-49.937,-27.648],[-49.945,-27.649],[-49.949,-27.646],[-49.944,-27.64],[-49.946,-27.637],[-49.955,-27.64],[-49.956,-27.645],[-49.954,-27.652],[-49.952,-27.655],[-49.954,-27.658],[-49.963,-27.661],[-49.971,-27.657],[-49.976,-27.648],[-49.976,-27.645],[-49.979,-27.643],[-49.987,-27.644],[-49.991,-27.642],[-49.99,-27.638],[-49.985,-27.633],[-49.982,-27.633],[-49.976,-27.636],[-49.973,-27.634],[-49.973,-27.632],[-49.984,-27.624],[-49.986,-27.619],[-49.989,-27.621],[-49.995,-27.626],[-49.999,-27.625],[-50.005,-27.619],[-50.01,-27.619],[-50.008,-27.625],[-50.003,-27.63],[-49.997,-27.634],[-49.996,-27.637],[-50.0,-27.641],[-50.006,-27.633],[-50.009,-27.632],[-50.016,-27.634],[-50.022,-27.634],[-50.024,-27.631],[-50.022,-27.626],[-50.018,-27.625],[-50.014,-27.626],[-50.013,-27.623],[-50.015,-27.619],[-50.02,-27.616],[-50.02,-27.612],[-50.015,-27.611],[-50.013,-27.607],[-50.016,-27.602],[-50.028,-27.597],[-50.03,-27.593],[-50.023,-27.587],[-50.018,-27.586],[-50.014,-27.582],[-50.013,-27.578],[-50.019,-27.57],[-50.022,-27.569],[-50.027,-27.571],[-50.033,-27.583],[-50.04,-27.585],[-50.044,-27.583],[-50.047,-27.579],[-50.048,-27.573],[-50.053,-27.566],[-50.052,-27.562],[-50.048,-27.563],[-50.044,-27.561],[-50.044,-27.559],[-50.048,-27.556],[-50.052,-27.557],[-50.057,-27.561],[-50.062,-27.567],[-50.067,-27.568],[-50.072,-27.565],[-50.075,-27.558],[-50.079,-27.557],[-50.081,-27.562],[-50.078,-27.567],[-50.089,-27.567],[-50.1,-27.562],[-50.102,-27.554],[-50.099,-27.548],[-50.094,-27.544],[-50.094,-27.541],[-50.098,-27.537],[-50.105,-27.532],[-50.114,-27.53],[-50.113,-27.532],[-50.118,-27.536],[-50.125,-27.538],[-50.139,-27.528],[-50.133,-27.515],[-50.139,-27.512],[-50.139,-27.504],[-50.138,-27.503],[-50.128,-27.499],[-50.127,-27.496],[-50.127,-27.493],[-50.132,-27.493],[-50.135,-27.498],[-50.15,-27.503],[-50.155,-27.499],[-50.151,-27.493],[-50.144,-27.492],[-50.144,-27.487],[-50.154,-27.478],[-50.159,-27.476],[-50.16,-27.47],[-50.156,-27.466],[-50.157,-27.464],[-50.165,-27.46],[-50.179,-27.461],[-50.181,-27.455],[-50.18,-27.45],[-50.182,-27.446]]]}},{"type":"Feature","properties":{"c":"4211801"},"geometry":{"type":"Polygon","coordinates":[[[-51.73,-27.357],[-51.729,-27.353],[-51.731,-27.351],[-51.734,-27.353],[-51.738,-27.348],[-51.735,-27.347],[-51.738,-27.341],[-51.73,-27.343],[-51.728,-27.341],[-51.731,-27.338],[-51.73,-27.336],[-51.737,-27.33],[-51.74,-27.331],[-51.74,-27.325],[-51.743,-27.323],[-51.742,-27.32],[-51.747,-27.318],[-51.75,-27.314],[-51.757,-27.311],[-51.761,-27.307],[-51.756,-27.299],[-51.758,-27.293],[-51.751,-27.286],[-51.756,-27.281],[-51.758,-27.276],[-51.761,-27.274],[-51.761,-27.268],[-51.765,-27.26],[-51.762,-27.254],[-51.758,-27.255],[-51.754,-27.258],[-51.751,-27.252],[-51.745,-27.249],[-51.747,-27.248],[-51.743,-27.245],[-51.739,-27.246],[-51.737,-27.241],[-51.734,-27.239],[-51.735,-27.235],[-51.731,-27.229],[-51.726,-27.228],[-51.725,-27.222],[-51.72,-27.217],[-51.725,-27.207],[-51.717,-27.204],[-51.717,-27.2],[-51.711,-27.196],[-51.708,-27.196],[-51.704,-27.192],[-51.699,-27.19],[-51.697,-27.185],[-51.694,-27.183],[-51.688,-27.184],[-51.685,-27.183],[-51.685,-27.186],[-51.679,-27.188],[-51.676,-27.194],[-51.669,-27.201],[-51.665,-27.202],[-51.656,-27.202],[-51.652,-27.208],[-51.656,-27.21],[-51.65,-27.216],[-51.651,-27.22],[-51.647,-27.217],[-51.648,-27.214],[-51.642,-27.22],[-51.641,-27.219],[-51.633,-27.225],[-51.636,-27.231],[-51.644,-27.23],[-51.646,-27.235],[-51.649,-27.236],[-51.635,-27.262],[-51.628,-27.256],[-51.597,-27.271],[-51.602,-27.279],[-51.601,-27.286],[-51.603,-27.287],[-51.601,-27.292],[-51.598,-27.294],[-51.595,-27.298],[-51.598,-27.309],[-51.61,-27.322],[-51.612,-27.327],[-51.609,-27.33],[-51.598,-27.327],[-51.593,-27.33],[-51.592,-27.333],[-51.594,-27.335],[-51.602,-27.334],[-51.618,-27.345],[-51.622,-27.352],[-51.627,-27.352],[-51.631,-27.347],[-51.636,-27.345],[-51.643,-27.351],[-51.65,-27.35],[-51.659,-27.34],[-51.666,-27.339],[-51.671,-27.344],[-51.67,-27.351],[-51.67,-27.354],[-51.673,-27.359],[-51.678,-27.359],[-51.685,-27.352],[-51.689,-27.353],[-51.686,-27.361],[-51.689,-27.367],[-51.692,-27.369],[-51.706,-27.369],[-51.713,-27.367],[-51.723,-27.36],[-51.73,-27.357]]]}},{"type":"Feature","properties":{"c":"4211850"},"geometry":{"type":"Polygon","coordinates":[[[-52.362,-26.759],[-52.367,-26.754],[-52.367,-26.751],[-52.371,-26.749],[-52.369,-26.743],[-52.363,-26.737],[-52.361,-26.73],[-52.357,-26.728],[-52.354,-26.723],[-52.358,-26.716],[-52.364,-26.713],[-52.359,-26.709],[-52.362,-26.696],[-52.361,-26.691],[-52.362,-26.686],[-52.367,-26.682],[-52.366,-26.677],[-52.368,-26.674],[-52.367,-26.672],[-52.37,-26.67],[-52.366,-26.664],[-52.36,-26.664],[-52.358,-26.661],[-52.352,-26.662],[-52.35,-26.666],[-52.347,-26.664],[-52.339,-26.667],[-52.333,-26.663],[-52.305,-26.653],[-52.281,-26.644],[-52.254,-26.676],[-52.233,-26.681],[-52.23,-26.678],[-52.227,-26.678],[-52.219,-26.674],[-52.216,-26.67],[-52.22,-26.666],[-52.214,-26.667],[-52.206,-26.664],[-52.198,-26.664],[-52.192,-26.668],[-52.186,-26.669],[-52.18,-26.68],[-52.186,-26.684],[-52.184,-26.69],[-52.186,-26.696],[-52.185,-26.698],[-52.178,-26.701],[-52.179,-26.704],[-52.185,-26.713],[-52.186,-26.719],[-52.189,-26.721],[-52.191,-26.73],[-52.196,-26.735],[-52.204,-26.737],[-52.211,-26.742],[-52.211,-26.751],[-52.206,-26.759],[-52.208,-26.767],[-52.214,-26.768],[-52.215,-26.767],[-52.221,-26.767],[-52.225,-26.771],[-52.226,-26.777],[-52.231,-26.774],[-52.226,-26.768],[-52.229,-26.761],[-52.233,-26.759],[-52.241,-26.763],[-52.251,-26.764],[-52.257,-26.762],[-52.257,-26.754],[-52.261,-26.752],[-52.265,-26.753],[-52.266,-26.76],[-52.274,-26.757],[-52.278,-26.758],[-52.278,-26.762],[-52.274,-26.769],[-52.276,-26.773],[-52.282,-26.774],[-52.291,-26.769],[-52.293,-26.764],[-52.297,-26.763],[-52.304,-26.764],[-52.304,-26.773],[-52.309,-26.778],[-52.317,-26.774],[-52.318,-26.767],[-52.315,-26.759],[-52.315,-26.755],[-52.317,-26.753],[-52.324,-26.756],[-52.33,-26.756],[-52.336,-26.762],[-52.343,-26.757],[-52.349,-26.756],[-52.354,-26.762],[-52.358,-26.759],[-52.362,-26.759]]]}},{"type":"Feature","properties":{"c":"4211876"},"geometry":{"type":"Polygon","coordinates":[[[-52.545,-27.241],[-52.545,-27.235],[-52.537,-27.234],[-52.537,-27.23],[-52.544,-27.221],[-52.543,-27.219],[-52.536,-27.218],[-52.535,-27.211],[-52.529,-27.208],[-52.525,-27.208],[-52.52,-27.203],[-52.521,-27.198],[-52.52,-27.195],[-52.514,-27.191],[-52.52,-27.19],[-52.528,-27.179],[-52.52,-27.178],[-52.524,-27.166],[-52.515,-27.164],[-52.511,-27.161],[-52.507,-27.16],[-52.496,-27.167],[-52.484,-27.168],[-52.48,-27.172],[-52.478,-27.17],[-52.469,-27.174],[-52.465,-27.172],[-52.461,-27.173],[-52.456,-27.176],[-52.453,-27.183],[-52.444,-27.192],[-52.438,-27.194],[-52.439,-27.197],[-52.434,-27.199],[-52.433,-27.19],[-52.436,-27.188],[-52.439,-27.183],[-52.432,-27.181],[-52.421,-27.19],[-52.414,-27.183],[-52.402,-27.191],[-52.408,-27.199],[-52.412,-27.2],[-52.412,-27.203],[-52.415,-27.202],[-52.416,-27.208],[-52.421,-27.21],[-52.425,-27.209],[-52.424,-27.212],[-52.427,-27.217],[-52.43,-27.215],[-52.433,-27.218],[-52.44,-27.216],[-52.448,-27.218],[-52.462,-27.229],[-52.467,-27.231],[-52.475,-27.233],[-52.48,-27.236],[-52.482,-27.241],[-52.482,-27.247],[-52.476,-27.259],[-52.479,-27.266],[-52.483,-27.267],[-52.493,-27.267],[-52.508,-27.264],[-52.519,-27.263],[-52.527,-27.263],[-52.536,-27.26],[-52.539,-27.256],[-52.542,-27.244],[-52.545,-27.241]]]}},{"type":"Feature","properties":{"c":"4211892"},"geometry":{"type":"Polygon","coordinates":[[[-50.055,-28.094],[-50.057,-28.09],[-50.06,-28.089],[-50.063,-28.092],[-50.064,-28.098],[-50.072,-28.101],[-50.072,-28.105],[-50.065,-28.107],[-50.06,-28.11],[-50.059,-28.113],[-50.066,-28.111],[-50.075,-28.114],[-50.081,-28.11],[-50.083,-28.111],[-50.081,-28.115],[-50.076,-28.12],[-50.077,-28.123],[-50.092,-28.117],[-50.099,-28.11],[-50.101,-28.112],[-50.095,-28.121],[-50.098,-28.124],[-50.104,-28.124],[-50.107,-28.13],[-50.115,-28.138],[-50.115,-28.141],[-50.112,-28.145],[-50.111,-28.15],[-50.103,-28.16],[-50.104,-28.161],[-50.111,-28.162],[-50.116,-28.157],[-50.125,-28.159],[-50.134,-28.154],[-50.131,-28.148],[-50.133,-28.146],[-50.138,-28.15],[-50.14,-28.156],[-50.142,-28.154],[-50.145,-28.144],[-50.148,-28.142],[-50.153,-28.144],[-50.158,-28.155],[-50.165,-28.158],[-50.168,-28.162],[-50.174,-28.161],[-50.176,-28.157],[-50.175,-28.153],[-50.178,-28.149],[-50.19,-28.14],[-50.189,-28.134],[-50.193,-28.132],[-50.196,-28.124],[-50.196,-28.117],[-50.198,-28.112],[-50.201,-28.109],[-50.199,-28.105],[-50.199,-28.1],[-50.195,-28.098],[-50.196,-28.095],[-50.192,-28.089],[-50.2,-27.993],[-50.195,-27.986],[-50.195,-27.98],[-50.198,-27.976],[-50.195,-27.963],[-50.189,-27.957],[-50.182,-27.942],[-50.181,-27.941],[-50.184,-27.936],[-50.185,-27.932],[-50.189,-27.928],[-50.188,-27.926],[-50.193,-27.92],[-50.192,-27.915],[-50.199,-27.914],[-50.199,-27.912],[-50.204,-27.91],[-50.208,-27.906],[-50.211,-27.897],[-50.213,-27.897],[-50.214,-27.89],[-50.212,-27.886],[-50.214,-27.875],[-50.211,-27.874],[-50.209,-27.87],[-50.205,-27.871],[-50.201,-27.87],[-50.205,-27.867],[-50.2,-27.863],[-50.196,-27.863],[-50.19,-27.866],[-50.182,-27.866],[-50.18,-27.863],[-50.169,-27.869],[-50.164,-27.864],[-50.163,-27.861],[-50.147,-27.857],[-50.142,-27.858],[-50.141,-27.853],[-50.137,-27.854],[-50.131,-27.859],[-50.125,-27.855],[-50.122,-27.857],[-50.117,-27.855],[-50.114,-27.856],[-50.112,-27.852],[-50.109,-27.853],[-50.108,-27.857],[-50.101,-27.854],[-50.096,-27.855],[-50.095,-27.85],[-50.096,-27.846],[-50.091,-27.849],[-50.082,-27.844],[-50.078,-27.839],[-50.076,-27.842],[-50.072,-27.841],[-50.072,-27.834],[-50.067,-27.829],[-50.067,-27.818],[-50.069,-27.816],[-50.067,-27.811],[-50.06,-27.813],[-50.055,-27.81],[-50.052,-27.812],[-50.042,-27.81],[-50.041,-27.817],[-50.035,-27.814],[-50.035,-27.81],[-50.028,-27.815],[-50.026,-27.809],[-50.017,-27.808],[-50.012,-27.805],[-50.01,-27.802],[-50.006,-27.801],[-50.004,-27.796],[-50.001,-27.799],[-49.997,-27.801],[-49.999,-27.806],[-49.995,-27.809],[-49.985,-27.818],[-49.989,-27.822],[-49.99,-27.826],[-49.981,-27.829],[-49.978,-27.834],[-49.974,-27.833],[-49.966,-27.836],[-49.967,-27.84],[-49.964,-27.844],[-49.959,-27.848],[-49.952,-27.849],[-49.948,-27.846],[-49.941,-27.846],[-49.938,-27.844],[-49.931,-27.845],[-49.925,-27.843],[-49.92,-27.843],[-49.909,-27.846],[-49.911,-27.851],[-49.911,-27.854],[-49.908,-27.852],[-49.903,-27.853],[-49.901,-27.856],[-49.894,-27.859],[-49.897,-27.861],[-49.899,-27.865],[-49.896,-27.867],[-49.895,-27.872],[-49.888,-27.876],[-49.886,-27.88],[-49.886,-27.883],[-49.88,-27.885],[-49.878,-27.891],[-49.88,-27.894],[-49.873,-27.9],[-49.869,-27.9],[-49.868,-27.903],[-49.87,-27.908],[-49.866,-27.911],[-49.913,-27.93],[-49.919,-27.93],[-49.934,-27.936],[-49.941,-27.943],[-49.943,-27.95],[-49.949,-27.952],[-49.962,-27.954],[-49.966,-27.956],[-49.963,-27.961],[-49.967,-27.965],[-49.963,-27.967],[-49.961,-27.97],[-49.963,-27.974],[-49.966,-27.974],[-49.969,-27.978],[-49.969,-27.984],[-49.964,-27.99],[-49.968,-27.993],[-49.967,-27.996],[-49.973,-27.996],[-49.981,-27.997],[-49.984,-28.0],[-49.986,-28.005],[-49.993,-28.005],[-49.998,-28.002],[-50.001,-28.003],[-50.0,-28.006],[-50.001,-28.015],[-50.003,-28.018],[-50.0,-28.019],[-49.999,-28.026],[-49.994,-28.027],[-49.997,-28.031],[-50.006,-28.031],[-50.012,-28.034],[-50.013,-28.037],[-50.008,-28.039],[-50.007,-28.044],[-50.012,-28.044],[-50.014,-28.043],[-50.018,-28.046],[-50.014,-28.05],[-50.01,-28.057],[-50.011,-28.062],[-50.017,-28.061],[-50.019,-28.065],[-50.015,-28.068],[-50.017,-28.071],[-50.019,-28.07],[-50.023,-28.072],[-50.025,-28.067],[-50.031,-28.066],[-50.034,-28.069],[-50.036,-28.066],[-50.04,-28.067],[-50.044,-28.076],[-50.049,-28.078],[-50.053,-28.078],[-50.052,-28.082],[-50.046,-28.085],[-50.043,-28.089],[-50.046,-28.09],[-50.049,-28.094],[-50.055,-28.094]]]}},{"type":"Feature","properties":{"c":"4211900"},"geometry":{"type":"Polygon","coordinates":[[[-48.74,-27.795],[-48.74,-27.792],[-48.737,-27.787],[-48.732,-27.787],[-48.723,-27.781],[-48.718,-27.776],[-48.704,-27.773],[-48.7,-27.769],[-48.687,-27.765],[-48.684,-27.761],[-48.675,-27.757],[-48.681,-27.759],[-48.686,-27.754],[-48.687,-27.752],[-48.69,-27.749],[-48.696,-27.734],[-48.696,-27.73],[-48.698,-27.724],[-48.701,-27.722],[-48.7,-27.718],[-48.703,-27.715],[-48.702,-27.706],[-48.703,-27.701],[-48.706,-27.7],[-48.706,-27.696],[-48.715,-27.69],[-48.724,-27.689],[-48.72,-27.68],[-48.731,-27.679],[-48.744,-27.642],[-48.742,-27.641],[-48.744,-27.636],[-48.742,-27.629],[-48.743,-27.627],[-48.738,-27.615],[-48.706,-27.611],[-48.689,-27.613],[-48.679,-27.616],[-48.671,-27.62],[-48.669,-27.616],[-48.668,-27.607],[-48.662,-27.609],[-48.655,-27.621],[-48.646,-27.626],[-48.643,-27.629],[-48.642,-27.634],[-48.64,-27.638],[-48.643,-27.645],[-48.637,-27.651],[-48.632,-27.654],[-48.619,-27.659],[-48.603,-27.663],[-48.604,-27.674],[-48.599,-27.69],[-48.597,-27.702],[-48.598,-27.712],[-48.602,-27.719],[-48.599,-27.736],[-48.596,-27.741],[-48.588,-27.75],[-48.588,-27.752],[-48.598,-27.763],[-48.595,-27.77],[-48.596,-27.772],[-48.602,-27.778],[-48.602,-27.782],[-48.599,-27.784],[-48.592,-27.789],[-48.593,-27.801],[-48.59,-27.81],[-48.584,-27.815],[-48.578,-27.823],[-48.577,-27.826],[-48.577,-27.844],[-48.577,-27.849],[-48.581,-27.853],[-48.581,-27.849],[-48.585,-27.848],[-48.59,-27.848],[-48.596,-27.851],[-48.601,-27.859],[-48.602,-27.868],[-48.601,-27.874],[-48.598,-27.88],[-48.593,-27.885],[-48.591,-27.885],[-48.589,-27.882],[-48.586,-27.881],[-48.579,-27.883],[-48.576,-27.88],[-48.576,-27.884],[-48.573,-27.885],[-48.575,-27.892],[-48.579,-27.894],[-48.582,-27.9],[-48.583,-27.907],[-48.587,-27.904],[-48.591,-27.905],[-48.597,-27.908],[-48.602,-27.914],[-48.609,-27.917],[-48.618,-27.913],[-48.621,-27.914],[-48.624,-27.911],[-48.633,-27.912],[-48.634,-27.915],[-48.638,-27.914],[-48.637,-27.911],[-48.642,-27.906],[-48.642,-27.909],[-48.647,-27.912],[-48.644,-27.907],[-48.648,-27.907],[-48.647,-27.903],[-48.652,-27.901],[-48.656,-27.91],[-48.661,-27.91],[-48.665,-27.908],[-48.681,-27.907],[-48.688,-27.905],[-48.691,-27.902],[-48.696,-27.904],[-48.702,-27.901],[-48.704,-27.896],[-48.71,-27.897],[-48.717,-27.895],[-48.718,-27.896],[-48.724,-27.895],[-48.724,-27.887],[-48.726,-27.886],[-48.73,-27.876],[-48.73,-27.872],[-48.738,-27.863],[-48.737,-27.855],[-48.735,-27.852],[-48.736,-27.849],[-48.736,-27.843],[-48.744,-27.834],[-48.748,-27.828],[-48.741,-27.825],[-48.742,-27.821],[-48.745,-27.817],[-48.741,-27.811],[-48.738,-27.798],[-48.74,-27.795]]]}},{"type":"Feature","properties":{"c":"4212007"},"geometry":{"type":"Polygon","coordinates":[[[-53.16,-26.351],[-53.163,-26.356],[-53.167,-26.356],[-53.17,-26.36],[-53.179,-26.364],[-53.184,-26.365],[-53.192,-26.369],[-53.196,-26.369],[-53.2,-26.366],[-53.203,-26.369],[-53.208,-26.371],[-53.212,-26.371],[-53.215,-26.373],[-53.22,-26.374],[-53.227,-26.37],[-53.231,-26.369],[-53.234,-26.371],[-53.238,-26.371],[-53.241,-26.375],[-53.247,-26.376],[-53.249,-26.378],[-53.252,-26.378],[-53.252,-26.381],[-53.257,-26.382],[-53.256,-26.387],[-53.264,-26.394],[-53.263,-26.401],[-53.267,-26.405],[-53.267,-26.401],[-53.27,-26.401],[-53.276,-26.398],[-53.276,-26.405],[-53.273,-26.409],[-53.269,-26.408],[-53.266,-26.41],[-53.271,-26.412],[-53.276,-26.411],[-53.28,-26.407],[-53.285,-26.409],[-53.283,-26.413],[-53.277,-26.415],[-53.276,-26.418],[-53.279,-26.418],[-53.281,-26.421],[-53.284,-26.417],[-53.287,-26.418],[-53.284,-26.423],[-53.286,-26.428],[-53.285,-26.433],[-53.289,-26.431],[-53.291,-26.432],[-53.288,-26.436],[-53.288,-26.439],[-53.281,-26.439],[-53.281,-26.442],[-53.287,-26.445],[-53.287,-26.447],[-53.281,-26.448],[-53.283,-26.452],[-53.288,-26.455],[-53.29,-26.461],[-53.294,-26.459],[-53.297,-26.456],[-53.302,-26.457],[-53.303,-26.46],[-53.301,-26.462],[-53.305,-26.465],[-53.302,-26.467],[-53.306,-26.47],[-53.312,-26.468],[-53.313,-26.464],[-53.316,-26.462],[-53.313,-26.458],[-53.32,-26.461],[-53.323,-26.464],[-53.321,-26.469],[-53.326,-26.471],[-53.328,-26.465],[-53.333,-26.469],[-53.331,-26.472],[-53.333,-26.476],[-53.337,-26.479],[-53.34,-26.477],[-53.339,-26.481],[-53.342,-26.482],[-53.347,-26.477],[-53.35,-26.48],[-53.348,-26.482],[-53.348,-26.486],[-53.351,-26.486],[-53.353,-26.49],[-53.356,-26.488],[-53.362,-26.489],[-53.356,-26.496],[-53.361,-26.497],[-53.358,-26.5],[-53.353,-26.501],[-53.35,-26.504],[-53.355,-26.505],[-53.357,-26.503],[-53.363,-26.505],[-53.364,-26.508],[-53.369,-26.509],[-53.369,-26.511],[-53.373,-26.509],[-53.377,-26.515],[-53.38,-26.513],[-53.387,-26.513],[-53.389,-26.515],[-53.394,-26.515],[-53.396,-26.513],[-53.4,-26.512],[-53.401,-26.519],[-53.401,-26.524],[-53.404,-26.52],[-53.407,-26.518],[-53.41,-26.515],[-53.419,-26.509],[-53.418,-26.507],[-53.41,-26.511],[-53.407,-26.508],[-53.408,-26.505],[-53.413,-26.502],[-53.416,-26.497],[-53.417,-26.494],[-53.412,-26.493],[-53.405,-26.494],[-53.406,-26.49],[-53.415,-26.483],[-53.415,-26.481],[-53.411,-26.484],[-53.402,-26.482],[-53.403,-26.48],[-53.41,-26.477],[-53.407,-26.473],[-53.41,-26.465],[-53.407,-26.461],[-53.404,-26.466],[-53.391,-26.463],[-53.389,-26.459],[-53.383,-26.459],[-53.384,-26.456],[-53.38,-26.449],[-53.377,-26.452],[-53.373,-26.453],[-53.371,-26.451],[-53.376,-26.449],[-53.373,-26.446],[-53.37,-26.447],[-53.369,-26.441],[-53.377,-26.438],[-53.379,-26.435],[-53.372,-26.434],[-53.372,-26.431],[-53.364,-26.432],[-53.363,-26.429],[-53.368,-26.428],[-53.369,-26.424],[-53.361,-26.421],[-53.392,-26.424],[-53.403,-26.428],[-53.412,-26.425],[-53.414,-26.415],[-53.412,-26.412],[-53.407,-26.412],[-53.408,-26.407],[-53.402,-26.408],[-53.403,-26.397],[-53.406,-26.398],[-53.407,-26.389],[-53.402,-26.394],[-53.403,-26.389],[-53.399,-26.391],[-53.399,-26.386],[-53.396,-26.386],[-53.397,-26.382],[-53.405,-26.379],[-53.402,-26.377],[-53.403,-26.373],[-53.399,-26.373],[-53.394,-26.366],[-53.396,-26.365],[-53.396,-26.36],[-53.389,-26.356],[-53.389,-26.352],[-53.387,-26.356],[-53.385,-26.352],[-53.382,-26.354],[-53.378,-26.348],[-53.379,-26.346],[-53.375,-26.343],[-53.371,-26.344],[-53.374,-26.34],[-53.376,-26.34],[-53.376,-26.336],[-53.371,-26.336],[-53.37,-26.339],[-53.366,-26.334],[-53.373,-26.333],[-53.371,-26.329],[-53.366,-26.328],[-53.363,-26.326],[-53.366,-26.317],[-53.36,-26.316],[-53.357,-26.314],[-53.359,-26.31],[-53.355,-26.306],[-53.35,-26.307],[-53.351,-26.3],[-53.348,-26.302],[-53.343,-26.297],[-53.345,-26.288],[-53.342,-26.28],[-53.342,-26.269],[-53.34,-26.259],[-53.342,-26.249],[-53.338,-26.248],[-53.332,-26.253],[-53.305,-26.261],[-53.304,-26.258],[-53.289,-26.248],[-53.284,-26.246],[-53.28,-26.247],[-53.278,-26.252],[-53.28,-26.257],[-53.278,-26.26],[-53.272,-26.26],[-53.271,-26.262],[-53.268,-26.262],[-53.268,-26.266],[-53.265,-26.271],[-53.265,-26.276],[-53.262,-26.277],[-53.264,-26.289],[-53.261,-26.288],[-53.253,-26.289],[-53.253,-26.294],[-53.247,-26.298],[-53.24,-26.3],[-53.235,-26.31],[-53.232,-26.312],[-53.226,-26.318],[-53.222,-26.319],[-53.206,-26.329],[-53.2,-26.331],[-53.198,-26.33],[-53.196,-26.333],[-53.192,-26.334],[-53.187,-26.342],[-53.183,-26.345],[-53.178,-26.344],[-53.17,-26.348],[-53.165,-26.351],[-53.16,-26.351]]]}},{"type":"Feature","properties":{"c":"4212056"},"geometry":{"type":"Polygon","coordinates":[[[-50.27,-27.525],[-50.273,-27.523],[-50.285,-27.518],[-50.291,-27.516],[-50.298,-27.509],[-50.301,-27.503],[-50.299,-27.496],[-50.291,-27.497],[-50.284,-27.495],[-50.277,-27.497],[-50.273,-27.496],[-50.273,-27.49],[-50.282,-27.482],[-50.279,-27.472],[-50.277,-27.468],[-50.268,-27.461],[-50.266,-27.455],[-50.266,-27.446],[-50.263,-27.446],[-50.261,-27.448],[-50.251,-27.455],[-50.247,-27.466],[-50.247,-27.471],[-50.245,-27.476],[-50.238,-27.478],[-50.233,-27.483],[-50.23,-27.484],[-50.221,-27.483],[-50.226,-27.471],[-50.213,-27.458],[-50.212,-27.455],[-50.206,-27.455],[-50.201,-27.459],[-50.194,-27.46],[-50.189,-27.456],[-50.191,-27.45],[-50.188,-27.441],[-50.185,-27.442],[-50.182,-27.446],[-50.18,-27.45],[-50.181,-27.455],[-50.179,-27.461],[-50.165,-27.46],[-50.157,-27.464],[-50.156,-27.466],[-50.16,-27.47],[-50.159,-27.476],[-50.154,-27.478],[-50.144,-27.487],[-50.144,-27.492],[-50.151,-27.493],[-50.155,-27.499],[-50.15,-27.503],[-50.135,-27.498],[-50.132,-27.493],[-50.127,-27.493],[-50.127,-27.496],[-50.128,-27.499],[-50.138,-27.503],[-50.139,-27.504],[-50.139,-27.512],[-50.133,-27.515],[-50.139,-27.528],[-50.125,-27.538],[-50.118,-27.536],[-50.113,-27.532],[-50.114,-27.53],[-50.105,-27.532],[-50.098,-27.537],[-50.094,-27.541],[-50.094,-27.544],[-50.099,-27.548],[-50.102,-27.554],[-50.1,-27.562],[-50.089,-27.567],[-50.078,-27.567],[-50.081,-27.562],[-50.079,-27.557],[-50.075,-27.558],[-50.072,-27.565],[-50.067,-27.568],[-50.062,-27.567],[-50.057,-27.561],[-50.052,-27.557],[-50.048,-27.556],[-50.044,-27.559],[-50.044,-27.561],[-50.048,-27.563],[-50.052,-27.562],[-50.053,-27.566],[-50.048,-27.573],[-50.047,-27.579],[-50.049,-27.579],[-50.047,-27.585],[-50.049,-27.587],[-50.047,-27.591],[-50.052,-27.593],[-50.054,-27.596],[-50.051,-27.598],[-50.056,-27.604],[-50.054,-27.605],[-50.057,-27.611],[-50.055,-27.618],[-50.062,-27.618],[-50.061,-27.623],[-50.068,-27.625],[-50.068,-27.627],[-50.072,-27.623],[-50.074,-27.626],[-50.079,-27.625],[-50.08,-27.627],[-50.08,-27.631],[-50.082,-27.631],[-50.086,-27.636],[-50.085,-27.64],[-50.091,-27.647],[-50.09,-27.65],[-50.099,-27.658],[-50.103,-27.662],[-50.105,-27.671],[-50.105,-27.676],[-50.111,-27.679],[-50.112,-27.678],[-50.118,-27.684],[-50.121,-27.685],[-50.125,-27.691],[-50.13,-27.694],[-50.133,-27.694],[-50.135,-27.697],[-50.135,-27.704],[-50.137,-27.708],[-50.147,-27.665],[-50.15,-27.66],[-50.151,-27.653],[-50.153,-27.652],[-50.157,-27.658],[-50.162,-27.661],[-50.162,-27.667],[-50.167,-27.661],[-50.175,-27.657],[-50.179,-27.654],[-50.182,-27.655],[-50.186,-27.65],[-50.184,-27.642],[-50.188,-27.64],[-50.194,-27.633],[-50.193,-27.63],[-50.193,-27.623],[-50.195,-27.623],[-50.195,-27.618],[-50.192,-27.616],[-50.19,-27.611],[-50.194,-27.606],[-50.191,-27.6],[-50.194,-27.601],[-50.191,-27.596],[-50.196,-27.588],[-50.199,-27.59],[-50.202,-27.586],[-50.198,-27.582],[-50.206,-27.58],[-50.208,-27.575],[-50.207,-27.569],[-50.204,-27.566],[-50.215,-27.56],[-50.21,-27.554],[-50.216,-27.552],[-50.215,-27.548],[-50.22,-27.547],[-50.226,-27.54],[-50.224,-27.532],[-50.228,-27.532],[-50.229,-27.527],[-50.235,-27.528],[-50.234,-27.52],[-50.227,-27.517],[-50.226,-27.513],[-50.235,-27.515],[-50.241,-27.518],[-50.243,-27.527],[-50.249,-27.519],[-50.251,-27.517],[-50.252,-27.52],[-50.249,-27.523],[-50.252,-27.524],[-50.257,-27.519],[-50.261,-27.521],[-50.268,-27.522],[-50.27,-27.525]]]}},{"type":"Feature","properties":{"c":"4212106"},"geometry":{"type":"Polygon","coordinates":[[[-53.108,-27.031],[-53.111,-27.034],[-53.109,-27.039],[-53.106,-27.038],[-53.103,-27.04],[-53.103,-27.043],[-53.111,-27.043],[-53.113,-27.046],[-53.101,-27.054],[-53.106,-27.058],[-53.103,-27.061],[-53.103,-27.064],[-53.107,-27.066],[-53.104,-27.068],[-53.098,-27.068],[-53.095,-27.065],[-53.094,-27.066],[-53.094,-27.071],[-53.098,-27.075],[-53.099,-27.079],[-53.094,-27.081],[-53.087,-27.08],[-53.083,-27.085],[-53.076,-27.089],[-53.075,-27.092],[-53.08,-27.093],[-53.084,-27.091],[-53.088,-27.094],[-53.087,-27.097],[-53.083,-27.099],[-53.077,-27.108],[-53.079,-27.116],[-53.078,-27.121],[-53.076,-27.128],[-53.072,-27.135],[-53.07,-27.146],[-53.07,-27.152],[-53.071,-27.157],[-53.075,-27.162],[-53.08,-27.164],[-53.096,-27.167],[-53.113,-27.172],[-53.127,-27.179],[-53.132,-27.18],[-53.14,-27.176],[-53.142,-27.171],[-53.144,-27.161],[-53.147,-27.149],[-53.15,-27.144],[-53.155,-27.141],[-53.159,-27.14],[-53.17,-27.144],[-53.172,-27.148],[-53.174,-27.156],[-53.175,-27.172],[-53.178,-27.182],[-53.182,-27.189],[-53.192,-27.193],[-53.197,-27.193],[-53.217,-27.18],[-53.232,-27.171],[-53.235,-27.171],[-53.245,-27.173],[-53.26,-27.183],[-53.268,-27.187],[-53.286,-27.194],[-53.293,-27.197],[-53.301,-27.205],[-53.304,-27.211],[-53.308,-27.217],[-53.311,-27.219],[-53.319,-27.217],[-53.323,-27.212],[-53.321,-27.198],[-53.317,-27.191],[-53.309,-27.182],[-53.303,-27.165],[-53.296,-27.152],[-53.293,-27.141],[-53.296,-27.132],[-53.29,-27.136],[-53.285,-27.135],[-53.281,-27.142],[-53.278,-27.14],[-53.276,-27.131],[-53.28,-27.132],[-53.283,-27.131],[-53.279,-27.127],[-53.281,-27.12],[-53.276,-27.119],[-53.272,-27.122],[-53.273,-27.116],[-53.265,-27.113],[-53.272,-27.11],[-53.265,-27.108],[-53.266,-27.103],[-53.26,-27.104],[-53.257,-27.107],[-53.256,-27.104],[-53.253,-27.106],[-53.25,-27.104],[-53.251,-27.1],[-53.254,-27.098],[-53.255,-27.091],[-53.249,-27.089],[-53.244,-27.093],[-53.243,-27.088],[-53.241,-27.085],[-53.235,-27.087],[-53.232,-27.084],[-53.233,-27.075],[-53.234,-27.071],[-53.23,-27.068],[-53.22,-27.07],[-53.217,-27.069],[-53.219,-27.065],[-53.217,-27.06],[-53.217,-27.057],[-53.222,-27.06],[-53.225,-27.058],[-53.225,-27.054],[-53.229,-27.048],[-53.227,-27.047],[-53.22,-27.048],[-53.22,-27.036],[-53.207,-26.989],[-53.211,-26.988],[-53.205,-26.968],[-53.193,-26.97],[-53.193,-26.966],[-53.191,-26.951],[-53.176,-26.951],[-53.172,-26.955],[-53.167,-26.957],[-53.154,-26.948],[-53.143,-26.944],[-53.137,-26.951],[-53.138,-26.954],[-53.134,-26.958],[-53.138,-26.965],[-53.136,-26.967],[-53.13,-26.97],[-53.125,-26.975],[-53.126,-26.984],[-53.135,-26.984],[-53.129,-26.989],[-53.129,-26.992],[-53.136,-26.993],[-53.129,-26.997],[-53.132,-27.001],[-53.13,-27.003],[-53.125,-27.003],[-53.127,-27.01],[-53.13,-27.015],[-53.125,-27.015],[-53.122,-27.02],[-53.118,-27.02],[-53.116,-27.029],[-53.113,-27.027],[-53.108,-27.031]]]}},{"type":"Feature","properties":{"c":"4212205"},"geometry":{"type":"Polygon","coordinates":[[[-50.22,-26.814],[-50.218,-26.812],[-50.216,-26.804],[-50.22,-26.801],[-50.221,-26.79],[-50.216,-26.785],[-50.218,-26.783],[-50.219,-26.777],[-50.224,-26.764],[-50.228,-26.764],[-50.232,-26.761],[-50.242,-26.759],[-50.241,-26.754],[-50.245,-26.75],[-50.242,-26.744],[-50.247,-26.741],[-50.248,-26.738],[-50.253,-26.735],[-50.252,-26.732],[-50.251,-26.724],[-50.252,-26.719],[-50.247,-26.714],[-50.248,-26.711],[-50.245,-26.706],[-50.247,-26.699],[-50.242,-26.694],[-50.235,-26.69],[-50.231,-26.684],[-50.223,-26.68],[-50.22,-26.674],[-50.216,-26.674],[-50.218,-26.667],[-50.217,-26.662],[-50.213,-26.661],[-50.209,-26.651],[-50.205,-26.639],[-50.207,-26.636],[-50.208,-26.63],[-50.207,-26.624],[-50.208,-26.617],[-50.202,-26.61],[-50.199,-26.604],[-50.196,-26.595],[-50.196,-26.59],[-50.2,-26.588],[-50.199,-26.583],[-50.204,-26.58],[-50.203,-26.568],[-50.205,-26.559],[-50.203,-26.553],[-50.2,-26.55],[-50.2,-26.539],[-50.202,-26.538],[-50.205,-26.532],[-50.204,-26.53],[-50.206,-26.52],[-50.202,-26.517],[-50.202,-26.513],[-50.195,-26.503],[-50.193,-26.494],[-50.194,-26.489],[-50.189,-26.485],[-50.19,-26.48],[-50.169,-26.47],[-50.172,-26.468],[-50.174,-26.464],[-50.179,-26.46],[-50.182,-26.459],[-50.187,-26.455],[-50.185,-26.445],[-50.193,-26.445],[-50.196,-26.448],[-50.21,-26.445],[-50.217,-26.448],[-50.221,-26.447],[-50.223,-26.451],[-50.236,-26.45],[-50.237,-26.451],[-50.242,-26.448],[-50.246,-26.452],[-50.251,-26.446],[-50.256,-26.448],[-50.263,-26.445],[-50.269,-26.444],[-50.268,-26.439],[-50.269,-26.436],[-50.275,-26.427],[-50.273,-26.421],[-50.267,-26.417],[-50.27,-26.414],[-50.266,-26.41],[-50.266,-26.407],[-50.271,-26.406],[-50.272,-26.412],[-50.275,-26.415],[-50.276,-26.412],[-50.279,-26.414],[-50.277,-26.416],[-50.282,-26.417],[-50.287,-26.415],[-50.29,-26.415],[-50.294,-26.408],[-50.288,-26.404],[-50.28,-26.394],[-50.281,-26.389],[-50.287,-26.38],[-50.291,-26.373],[-50.289,-26.373],[-50.287,-26.366],[-50.284,-26.362],[-50.286,-26.355],[-50.283,-26.35],[-50.286,-26.347],[-50.281,-26.344],[-50.284,-26.341],[-50.28,-26.335],[-50.284,-26.337],[-50.285,-26.333],[-50.28,-26.331],[-50.276,-26.325],[-50.279,-26.32],[-50.278,-26.316],[-50.282,-26.319],[-50.284,-26.317],[-50.284,-26.312],[-50.281,-26.312],[-50.285,-26.308],[-50.224,-26.289],[-50.217,-26.29],[-50.211,-26.285],[-50.207,-26.285],[-50.205,-26.277],[-50.202,-26.276],[-50.192,-26.275],[-50.187,-26.271],[-50.187,-26.261],[-50.188,-26.258],[-50.185,-26.253],[-50.187,-26.248],[-50.183,-26.243],[-50.182,-26.239],[-50.186,-26.234],[-50.183,-26.231],[-50.182,-26.226],[-50.186,-26.226],[-50.189,-26.222],[-50.189,-26.218],[-50.179,-26.215],[-50.179,-26.212],[-50.169,-26.212],[-50.168,-26.214],[-50.163,-26.216],[-50.163,-26.212],[-50.159,-26.209],[-50.153,-26.209],[-50.151,-26.211],[-50.153,-26.216],[-50.15,-26.221],[-50.146,-26.222],[-50.14,-26.222],[-50.146,-26.227],[-50.141,-26.231],[-50.137,-26.238],[-50.138,-26.241],[-50.141,-26.242],[-50.141,-26.239],[-50.144,-26.239],[-50.145,-26.242],[-50.148,-26.249],[-50.14,-26.249],[-50.135,-26.252],[-50.133,-26.25],[-50.129,-26.256],[-50.124,-26.257],[-50.122,-26.253],[-50.117,-26.254],[-50.112,-26.258],[-50.114,-26.264],[-50.118,-26.267],[-50.123,-26.269],[-50.124,-26.273],[-50.117,-26.281],[-50.114,-26.28],[-50.114,-26.276],[-50.11,-26.273],[-50.105,-26.277],[-50.098,-26.278],[-50.102,-26.28],[-50.103,-26.285],[-50.108,-26.282],[-50.112,-26.283],[-50.112,-26.289],[-50.114,-26.29],[-50.118,-26.285],[-50.122,-26.284],[-50.121,-26.287],[-50.126,-26.291],[-50.128,-26.295],[-50.124,-26.3],[-50.121,-26.3],[-50.12,-26.305],[-50.117,-26.305],[-50.116,-26.31],[-50.118,-26.31],[-50.123,-26.316],[-50.124,-26.325],[-50.122,-26.328],[-50.119,-26.327],[-50.116,-26.332],[-50.116,-26.337],[-50.112,-26.339],[-50.113,-26.347],[-50.111,-26.348],[-50.112,-26.353],[-50.107,-26.352],[-50.106,-26.354],[-50.102,-26.35],[-50.1,-26.347],[-50.094,-26.35],[-50.086,-26.359],[-50.084,-26.363],[-50.084,-26.367],[-50.087,-26.367],[-50.089,-26.371],[-50.089,-26.377],[-50.088,-26.381],[-50.088,-26.387],[-50.082,-26.389],[-50.083,-26.394],[-50.079,-26.396],[-50.078,-26.401],[-50.074,-26.404],[-50.072,-26.413],[-50.075,-26.423],[-50.073,-26.427],[-50.076,-26.434],[-50.076,-26.443],[-50.071,-26.448],[-50.07,-26.451],[-50.075,-26.457],[-50.077,-26.467],[-50.084,-26.472],[-50.082,-26.478],[-50.086,-26.483],[-50.087,-26.491],[-50.086,-26.496],[-50.088,-26.499],[-50.085,-26.502],[-50.086,-26.508],[-50.093,-26.515],[-50.091,-26.524],[-50.096,-26.524],[-50.104,-26.517],[-50.107,-26.517],[-50.112,-26.519],[-50.116,-26.518],[-50.118,-26.522],[-50.125,-26.523],[-50.126,-26.525],[-50.126,-26.531],[-50.124,-26.534],[-50.126,-26.539],[-50.125,-26.542],[-50.128,-26.549],[-50.131,-26.552],[-50.124,-26.555],[-50.123,-26.56],[-50.13,-26.561],[-50.13,-26.562],[-50.122,-26.562],[-50.119,-26.564],[-50.122,-26.567],[-50.125,-26.578],[-50.129,-26.575],[-50.133,-26.577],[-50.125,-26.585],[-50.125,-26.587],[-50.131,-26.586],[-50.134,-26.591],[-50.13,-26.592],[-50.13,-26.589],[-50.126,-26.592],[-50.13,-26.593],[-50.132,-26.596],[-50.129,-26.598],[-50.129,-26.602],[-50.125,-26.604],[-50.12,-26.603],[-50.121,-26.605],[-50.129,-26.607],[-50.125,-26.612],[-50.121,-26.611],[-50.119,-26.613],[-50.125,-26.613],[-50.118,-26.618],[-50.113,-26.617],[-50.113,-26.621],[-50.111,-26.625],[-50.116,-26.627],[-50.111,-26.633],[-50.115,-26.636],[-50.118,-26.634],[-50.118,-26.63],[-50.121,-26.63],[-50.128,-26.644],[-50.132,-26.64],[-50.138,-26.643],[-50.134,-26.647],[-50.129,-26.649],[-50.131,-26.653],[-50.129,-26.655],[-50.132,-26.66],[-50.132,-26.663],[-50.135,-26.664],[-50.132,-26.671],[-50.132,-26.677],[-50.126,-26.684],[-50.125,-26.688],[-50.121,-26.687],[-50.119,-26.695],[-50.116,-26.699],[-50.119,-26.701],[-50.116,-26.702],[-50.116,-26.707],[-50.114,-26.71],[-50.115,-26.718],[-50.119,-26.72],[-50.118,-26.728],[-50.12,-26.731],[-50.118,-26.732],[-50.121,-26.737],[-50.115,-26.743],[-50.116,-26.749],[-50.111,-26.751],[-50.108,-26.755],[-50.106,-26.762],[-50.107,-26.763],[-50.104,-26.782],[-50.106,-26.789],[-50.104,-26.797],[-50.1,-26.801],[-50.091,-26.805],[-50.086,-26.81],[-50.089,-26.814],[-50.092,-26.812],[-50.098,-26.817],[-50.104,-26.817],[-50.107,-26.813],[-50.11,-26.813],[-50.115,-26.809],[-50.117,-26.805],[-50.12,-26.806],[-50.123,-26.802],[-50.132,-26.804],[-50.139,-26.802],[-50.144,-26.796],[-50.143,-26.795],[-50.155,-26.796],[-50.157,-26.798],[-50.162,-26.789],[-50.174,-26.792],[-50.173,-26.795],[-50.178,-26.798],[-50.18,-26.798],[-50.184,-26.805],[-50.192,-26.808],[-50.193,-26.81],[-50.201,-26.814],[-50.207,-26.811],[-50.209,-26.814],[-50.22,-26.814]]]}},{"type":"Feature","properties":{"c":"4212239"},"geometry":{"type":"Polygon","coordinates":[[[-53.598,-26.658],[-53.591,-26.668],[-53.59,-26.67],[-53.592,-26.674],[-53.592,-26.679],[-53.599,-26.678],[-53.6,-26.681],[-53.596,-26.684],[-53.596,-26.688],[-53.601,-26.685],[-53.605,-26.692],[-53.608,-26.689],[-53.604,-26.684],[-53.611,-26.684],[-53.61,-26.688],[-53.613,-26.689],[-53.617,-26.688],[-53.618,-26.691],[-53.614,-26.691],[-53.614,-26.695],[-53.616,-26.697],[-53.618,-26.692],[-53.624,-26.694],[-53.619,-26.698],[-53.62,-26.705],[-53.624,-26.702],[-53.63,-26.707],[-53.63,-26.713],[-53.626,-26.715],[-53.628,-26.716],[-53.642,-26.717],[-53.64,-26.712],[-53.646,-26.711],[-53.647,-26.716],[-53.645,-26.724],[-53.642,-26.727],[-53.643,-26.73],[-53.642,-26.736],[-53.646,-26.735],[-53.65,-26.732],[-53.652,-26.734],[-53.655,-26.731],[-53.662,-26.73],[-53.663,-26.727],[-53.658,-26.726],[-53.653,-26.729],[-53.655,-26.72],[-53.658,-26.721],[-53.664,-26.717],[-53.668,-26.718],[-53.673,-26.717],[-53.678,-26.721],[-53.682,-26.722],[-53.685,-26.72],[-53.693,-26.726],[-53.693,-26.733],[-53.695,-26.733],[-53.696,-26.739],[-53.704,-26.738],[-53.707,-26.747],[-53.714,-26.751],[-53.723,-26.746],[-53.729,-26.739],[-53.73,-26.732],[-53.734,-26.732],[-53.736,-26.741],[-53.74,-26.742],[-53.75,-26.742],[-53.75,-26.737],[-53.744,-26.734],[-53.744,-26.73],[-53.748,-26.726],[-53.757,-26.722],[-53.758,-26.721],[-53.758,-26.713],[-53.754,-26.71],[-53.751,-26.714],[-53.749,-26.719],[-53.738,-26.72],[-53.735,-26.717],[-53.735,-26.709],[-53.733,-26.701],[-53.737,-26.695],[-53.742,-26.691],[-53.743,-26.68],[-53.739,-26.681],[-53.732,-26.691],[-53.727,-26.692],[-53.721,-26.686],[-53.718,-26.685],[-53.717,-26.681],[-53.722,-26.68],[-53.732,-26.68],[-53.731,-26.676],[-53.727,-26.673],[-53.726,-26.667],[-53.721,-26.669],[-53.719,-26.667],[-53.721,-26.651],[-53.725,-26.648],[-53.726,-26.65],[-53.723,-26.656],[-53.724,-26.659],[-53.728,-26.659],[-53.733,-26.655],[-53.734,-26.648],[-53.737,-26.646],[-53.745,-26.648],[-53.757,-26.644],[-53.76,-26.642],[-53.758,-26.638],[-53.75,-26.636],[-53.743,-26.644],[-53.74,-26.644],[-53.742,-26.638],[-53.74,-26.629],[-53.734,-26.631],[-53.734,-26.626],[-53.73,-26.62],[-53.73,-26.617],[-53.734,-26.614],[-53.736,-26.61],[-53.735,-26.607],[-53.73,-26.608],[-53.731,-26.601],[-53.727,-26.604],[-53.724,-26.597],[-53.72,-26.597],[-53.721,-26.604],[-53.718,-26.603],[-53.718,-26.6],[-53.714,-26.602],[-53.712,-26.607],[-53.71,-26.605],[-53.712,-26.602],[-53.71,-26.599],[-53.704,-26.599],[-53.708,-26.595],[-53.71,-26.598],[-53.712,-26.596],[-53.71,-26.592],[-53.705,-26.593],[-53.706,-26.59],[-53.699,-26.592],[-53.7,-26.589],[-53.7,-26.581],[-53.688,-26.587],[-53.688,-26.582],[-53.683,-26.579],[-53.681,-26.58],[-53.675,-26.579],[-53.653,-26.59],[-53.648,-26.583],[-53.633,-26.592],[-53.644,-26.604],[-53.631,-26.612],[-53.629,-26.615],[-53.627,-26.613],[-53.623,-26.615],[-53.63,-26.619],[-53.632,-26.629],[-53.614,-26.643],[-53.615,-26.647],[-53.609,-26.655],[-53.608,-26.659],[-53.605,-26.658],[-53.602,-26.655],[-53.598,-26.658]]]}},{"type":"Feature","properties":{"c":"4212254"},"geometry":{"type":"Polygon","coordinates":[[[-49.792,-29.286],[-49.791,-29.286],[-49.778,-29.237],[-49.776,-29.24],[-49.754,-29.252],[-49.752,-29.254],[-49.753,-29.261],[-49.744,-29.255],[-49.74,-29.25],[-49.74,-29.243],[-49.736,-29.238],[-49.728,-29.227],[-49.72,-29.213],[-49.717,-29.208],[-49.712,-29.206],[-49.661,-29.242],[-49.653,-29.233],[-49.645,-29.238],[-49.684,-29.283],[-49.71,-29.317],[-49.713,-29.326],[-49.723,-29.327],[-49.731,-29.329],[-49.734,-29.326],[-49.739,-29.326],[-49.741,-29.329],[-49.744,-29.329],[-49.747,-29.324],[-49.744,-29.32],[-49.731,-29.318],[-49.734,-29.312],[-49.738,-29.31],[-49.737,-29.314],[-49.739,-29.315],[-49.744,-29.311],[-49.745,-29.307],[-49.741,-29.307],[-49.742,-29.302],[-49.739,-29.302],[-49.742,-29.299],[-49.749,-29.297],[-49.754,-29.299],[-49.762,-29.3],[-49.768,-29.3],[-49.777,-29.297],[-49.78,-29.291],[-49.783,-29.29],[-49.792,-29.286]]]}},{"type":"Feature","properties":{"c":"4212270"},"geometry":{"type":"Polygon","coordinates":[[[-52.115,-26.859],[-52.119,-26.859],[-52.132,-26.853],[-52.136,-26.853],[-52.136,-26.846],[-52.136,-26.84],[-52.139,-26.84],[-52.142,-26.836],[-52.14,-26.832],[-52.142,-26.832],[-52.14,-26.825],[-52.14,-26.819],[-52.139,-26.813],[-52.14,-26.805],[-52.143,-26.806],[-52.147,-26.804],[-52.141,-26.796],[-52.139,-26.796],[-52.134,-26.791],[-52.127,-26.79],[-52.119,-26.788],[-52.109,-26.79],[-52.106,-26.781],[-52.103,-26.777],[-52.095,-26.781],[-52.087,-26.777],[-52.077,-26.782],[-52.074,-26.782],[-52.073,-26.779],[-52.069,-26.779],[-52.061,-26.775],[-52.054,-26.776],[-52.052,-26.773],[-52.048,-26.776],[-52.039,-26.775],[-52.038,-26.771],[-52.043,-26.767],[-52.046,-26.765],[-52.044,-26.763],[-52.045,-26.759],[-52.043,-26.754],[-52.049,-26.751],[-52.051,-26.744],[-52.05,-26.74],[-52.051,-26.735],[-52.06,-26.728],[-52.06,-26.717],[-52.056,-26.714],[-52.052,-26.709],[-52.049,-26.702],[-52.048,-26.695],[-52.058,-26.692],[-52.057,-26.69],[-52.05,-26.687],[-52.053,-26.684],[-52.059,-26.686],[-52.071,-26.685],[-52.067,-26.678],[-52.065,-26.676],[-52.066,-26.672],[-52.06,-26.671],[-52.065,-26.67],[-52.07,-26.661],[-52.069,-26.659],[-52.06,-26.655],[-52.053,-26.641],[-52.055,-26.637],[-52.054,-26.63],[-52.05,-26.625],[-52.05,-26.62],[-52.046,-26.614],[-52.047,-26.609],[-52.042,-26.6],[-52.038,-26.599],[-52.038,-26.597],[-52.033,-26.596],[-52.028,-26.593],[-52.035,-26.589],[-52.027,-26.581],[-52.028,-26.572],[-52.029,-26.556],[-52.025,-26.554],[-52.03,-26.552],[-52.029,-26.547],[-52.021,-26.549],[-52.022,-26.551],[-52.016,-26.555],[-52.014,-26.562],[-52.009,-26.567],[-52.006,-26.564],[-52.001,-26.567],[-51.998,-26.566],[-51.988,-26.567],[-51.985,-26.565],[-51.982,-26.569],[-51.974,-26.567],[-51.97,-26.568],[-51.966,-26.572],[-51.96,-26.574],[-51.954,-26.571],[-51.948,-26.57],[-51.943,-26.571],[-51.938,-26.577],[-51.928,-26.584],[-51.909,-26.582],[-51.9,-26.579],[-51.897,-26.58],[-51.891,-26.585],[-51.883,-26.585],[-51.881,-26.59],[-51.879,-26.593],[-51.878,-26.598],[-51.873,-26.599],[-51.865,-26.598],[-51.86,-26.596],[-51.856,-26.591],[-51.846,-26.594],[-51.838,-26.59],[-51.834,-26.59],[-51.826,-26.583],[-51.824,-26.582],[-51.82,-26.586],[-51.822,-26.596],[-51.828,-26.601],[-51.833,-26.603],[-51.829,-26.608],[-51.832,-26.609],[-51.833,-26.613],[-51.831,-26.617],[-51.833,-26.619],[-51.833,-26.625],[-51.837,-26.631],[-51.848,-26.641],[-51.846,-26.648],[-51.853,-26.651],[-51.852,-26.654],[-51.849,-26.654],[-51.849,-26.66],[-51.846,-26.66],[-51.852,-26.663],[-51.852,-26.667],[-51.855,-26.669],[-51.855,-26.673],[-51.86,-26.673],[-51.867,-26.677],[-51.875,-26.677],[-51.883,-26.676],[-51.884,-26.679],[-51.88,-26.684],[-51.871,-26.687],[-51.87,-26.691],[-51.864,-26.691],[-51.862,-26.688],[-51.856,-26.686],[-51.854,-26.687],[-51.85,-26.682],[-51.847,-26.689],[-51.854,-26.689],[-51.853,-26.693],[-51.855,-26.695],[-51.856,-26.709],[-51.853,-26.71],[-51.847,-26.706],[-51.843,-26.7],[-51.834,-26.703],[-51.832,-26.701],[-51.825,-26.702],[-51.825,-26.696],[-51.821,-26.695],[-51.817,-26.699],[-51.812,-26.7],[-51.81,-26.693],[-51.805,-26.694],[-51.804,-26.698],[-51.798,-26.699],[-51.791,-26.701],[-51.79,-26.704],[-51.785,-26.708],[-51.782,-26.707],[-51.778,-26.709],[-51.779,-26.712],[-51.775,-26.718],[-51.77,-26.728],[-51.757,-26.736],[-51.765,-26.738],[-51.775,-26.745],[-51.774,-26.75],[-51.783,-26.757],[-51.784,-26.76],[-51.795,-26.76],[-51.798,-26.767],[-51.8,-26.769],[-51.803,-26.767],[-51.801,-26.765],[-51.804,-26.761],[-51.809,-26.761],[-51.809,-26.765],[-51.822,-26.759],[-51.825,-26.755],[-51.828,-26.755],[-51.826,-26.761],[-51.826,-26.767],[-51.837,-26.768],[-51.84,-26.763],[-51.847,-26.765],[-51.846,-26.771],[-51.849,-26.772],[-51.853,-26.769],[-51.858,-26.769],[-51.861,-26.772],[-51.866,-26.772],[-51.869,-26.775],[-51.874,-26.775],[-51.878,-26.773],[-51.884,-26.774],[-51.886,-26.778],[-51.889,-26.776],[-51.891,-26.78],[-51.897,-26.775],[-51.896,-26.779],[-51.899,-26.778],[-51.904,-26.782],[-51.899,-26.786],[-51.908,-26.787],[-51.907,-26.784],[-51.918,-26.782],[-51.923,-26.787],[-51.931,-26.786],[-51.93,-26.782],[-51.927,-26.781],[-51.927,-26.778],[-51.93,-26.777],[-51.932,-26.781],[-51.94,-26.782],[-51.938,-26.785],[-51.945,-26.781],[-51.959,-26.781],[-51.964,-26.779],[-51.966,-26.784],[-51.97,-26.783],[-51.97,-26.778],[-51.98,-26.778],[-51.98,-26.783],[-51.981,-26.785],[-51.977,-26.788],[-51.978,-26.791],[-51.983,-26.793],[-51.983,-26.797],[-51.98,-26.8],[-51.986,-26.804],[-51.995,-26.814],[-52.014,-26.846],[-52.044,-26.839],[-52.052,-26.844],[-52.055,-26.847],[-52.056,-26.856],[-52.067,-26.852],[-52.089,-26.855],[-52.103,-26.854],[-52.107,-26.854],[-52.115,-26.859]]]}},{"type":"Feature","properties":{"c":"4212304"},"geometry":{"type":"MultiPolygon","coordinates":[[[[-48.707,-28.083],[-48.762,-28.09],[-48.766,-28.09],[-48.77,-28.087],[-48.779,-28.089],[-48.782,-28.092],[-48.788,-28.091],[-48.789,-28.094],[-48.802,-28.095],[-48.807,-28.094],[-48.808,-28.087],[-48.811,-28.078],[-48.813,-28.079],[-48.818,-28.074],[-48.822,-28.074],[-48.826,-28.076],[-48.829,-28.073],[-48.832,-28.072],[-48.847,-28.075],[-48.848,-28.073],[-48.854,-28.076],[-48.869,-28.08],[-48.869,-28.076],[-48.872,-28.077],[-48.874,-28.072],[-48.877,-28.075],[-48.882,-28.075],[-48.889,-28.082],[-48.894,-28.08],[-48.89,-28.078],[-48.89,-28.072],[-48.884,-28.063],[-48.885,-28.058],[-48.881,-28.051],[-48.877,-28.05],[-48.874,-28.052],[-48.871,-28.051],[-48.871,-28.049],[-48.864,-28.047],[-48.859,-28.04],[-48.855,-28.04],[-48.854,-28.035],[-48.855,-28.026],[-48.854,-28.021],[-48.849,-28.017],[-48.848,-28.014],[-48.844,-28.008],[-48.841,-27.998],[-48.843,-27.991],[-48.837,-27.979],[-48.837,-27.974],[-48.839,-27.963],[-48.841,-27.964],[-48.844,-27.958],[-48.848,-27.953],[-48.849,-27.95],[-48.846,-27.944],[-48.84,-27.943],[-48.837,-27.932],[-48.838,-27.927],[-48.841,-27.924],[-48.846,-27.923],[-48.846,-27.914],[-48.844,-27.91],[-48.845,-27.908],[-48.842,-27.901],[-48.832,-27.908],[-48.828,-27.906],[-48.825,-27.909],[-48.824,-27.906],[-48.824,-27.893],[-48.826,-27.889],[-48.831,-27.89],[-48.837,-27.887],[-48.837,-27.882],[-48.841,-27.881],[-48.843,-27.873],[-48.842,-27.871],[-48.844,-27.867],[-48.841,-27.865],[-48.842,-27.861],[-48.84,-27.859],[-48.834,-27.85],[-48.831,-27.849],[-48.825,-27.842],[-48.823,-27.841],[-48.82,-27.834],[-48.82,-27.827],[-48.817,-27.826],[-48.817,-27.831],[-48.811,-27.829],[-48.808,-27.83],[-48.798,-27.83],[-48.797,-27.832],[-48.791,-27.836],[-48.786,-27.836],[-48.782,-27.833],[-48.772,-27.834],[-48.766,-27.838],[-48.763,-27.843],[-48.757,-27.838],[-48.759,-27.835],[-48.763,-27.833],[-48.763,-27.827],[-48.76,-27.826],[-48.76,-27.82],[-48.758,-27.814],[-48.753,-27.81],[-48.75,-27.81],[-48.748,-27.803],[-48.743,-27.804],[-48.741,-27.8],[-48.74,-27.795],[-48.738,-27.798],[-48.741,-27.811],[-48.745,-27.817],[-48.742,-27.821],[-48.741,-27.825],[-48.748,-27.828],[-48.744,-27.834],[-48.736,-27.843],[-48.736,-27.849],[-48.735,-27.852],[-48.737,-27.855],[-48.738,-27.863],[-48.73,-27.872],[-48.73,-27.876],[-48.726,-27.886],[-48.724,-27.887],[-48.724,-27.895],[-48.718,-27.896],[-48.717,-27.895],[-48.71,-27.897],[-48.704,-27.896],[-48.702,-27.901],[-48.696,-27.904],[-48.691,-27.902],[-48.688,-27.905],[-48.681,-27.907],[-48.665,-27.908],[-48.661,-27.91],[-48.656,-27.91],[-48.652,-27.901],[-48.647,-27.903],[-48.648,-27.907],[-48.644,-27.907],[-48.647,-27.912],[-48.642,-27.909],[-48.642,-27.906],[-48.637,-27.911],[-48.638,-27.914],[-48.634,-27.915],[-48.633,-27.912],[-48.624,-27.911],[-48.621,-27.914],[-48.618,-27.913],[-48.609,-27.917],[-48.602,-27.914],[-48.597,-27.908],[-48.591,-27.905],[-48.587,-27.904],[-48.597,-27.914],[-48.604,-27.922],[-48.613,-27.933],[-48.621,-27.945],[-48.624,-27.946],[-48.637,-27.956],[-48.638,-27.963],[-48.643,-27.967],[-48.645,-27.965],[-48.65,-27.966],[-48.651,-27.969],[-48.655,-27.971],[-48.656,-27.977],[-48.658,-27.979],[-48.66,-27.984],[-48.657,-27.988],[-48.664,-27.994],[-48.665,-27.998],[-48.672,-28.004],[-48.672,-28.008],[-48.681,-28.006],[-48.685,-28.012],[-48.685,-28.017],[-48.688,-28.019],[-48.689,-28.017],[-48.695,-28.017],[-48.696,-28.013],[-48.698,-28.017],[-48.698,-28.021],[-48.704,-28.024],[-48.709,-28.03],[-48.713,-28.039],[-48.718,-28.042],[-48.72,-28.046],[-48.719,-28.054],[-48.725,-28.055],[-48.725,-28.058],[-48.722,-28.061],[-48.711,-28.061],[-48.707,-28.067],[-48.708,-28.07],[-48.705,-28.074],[-48.704,-28.079],[-48.707,-28.083]]],[[[-48.54,-27.938],[-48.543,-27.941],[-48.546,-27.935],[-48.542,-27.932],[-48.54,-27.938]]]]}},{"type":"Feature","properties":{"c":"4212403"},"geometry":{"type":"Polygon","coordinates":[[[-49.19,-28.389],[-49.191,-28.392],[-49.188,-28.396],[-49.19,-28.397],[-49.192,-28.403],[-49.19,-28.407],[-49.187,-28.408],[-49.186,-28.411],[-49.183,-28.409],[-49.181,-28.414],[-49.161,-28.406],[-49.161,-28.401],[-49.156,-28.401],[-49.154,-28.403],[-49.146,-28.408],[-49.146,-28.412],[-49.138,-28.414],[-49.133,-28.418],[-49.123,-28.42],[-49.123,-28.423],[-49.117,-28.431],[-49.112,-28.444],[-49.114,-28.446],[-49.12,-28.449],[-49.122,-28.449],[-49.124,-28.454],[-49.121,-28.46],[-49.123,-28.466],[-49.122,-28.47],[-49.122,-28.475],[-49.129,-28.476],[-49.13,-28.474],[-49.136,-28.473],[-49.143,-28.474],[-49.18,-28.498],[-49.243,-28.59],[-49.245,-28.591],[-49.251,-28.591],[-49.253,-28.589],[-49.254,-28.584],[-49.256,-28.584],[-49.261,-28.578],[-49.259,-28.573],[-49.25,-28.567],[-49.251,-28.558],[-49.257,-28.553],[-49.256,-28.549],[-49.252,-28.544],[-49.254,-28.541],[-49.251,-28.536],[-49.257,-28.533],[-49.261,-28.535],[-49.264,-28.531],[-49.266,-28.533],[-49.27,-28.528],[-49.278,-28.52],[-49.282,-28.515],[-49.286,-28.514],[-49.288,-28.507],[-49.29,-28.504],[-49.288,-28.498],[-49.281,-28.492],[-49.279,-28.484],[-49.271,-28.482],[-49.268,-28.478],[-49.265,-28.478],[-49.257,-28.474],[-49.259,-28.466],[-49.255,-28.462],[-49.245,-28.459],[-49.244,-28.455],[-49.237,-28.458],[-49.235,-28.448],[-49.227,-28.44],[-49.228,-28.437],[-49.226,-28.434],[-49.221,-28.433],[-49.211,-28.434],[-49.208,-28.432],[-49.205,-28.427],[-49.197,-28.423],[-49.204,-28.418],[-49.207,-28.41],[-49.211,-28.408],[-49.211,-28.401],[-49.19,-28.389]]]}},{"type":"Feature","properties":{"c":"4212502"},"geometry":{"type":"MultiPolygon","coordinates":[[[[-48.621,-26.826],[-48.62,-26.825],[-48.629,-26.82],[-48.634,-26.823],[-48.633,-26.825],[-48.639,-26.827],[-48.642,-26.826],[-48.645,-26.831],[-48.656,-26.829],[-48.66,-26.836],[-48.669,-26.841],[-48.674,-26.841],[-48.679,-26.838],[-48.685,-26.84],[-48.69,-26.84],[-48.696,-26.844],[-48.702,-26.846],[-48.711,-26.842],[-48.709,-26.835],[-48.708,-26.816],[-48.703,-26.813],[-48.702,-26.811],[-48.677,-26.797],[-48.676,-26.792],[-48.663,-26.775],[-48.661,-26.771],[-48.653,-26.772],[-48.648,-26.763],[-48.641,-26.766],[-48.638,-26.773],[-48.633,-26.78],[-48.627,-26.786],[-48.62,-26.789],[-48.611,-26.79],[-48.605,-26.789],[-48.602,-26.782],[-48.604,-26.78],[-48.599,-26.772],[-48.598,-26.779],[-48.596,-26.783],[-48.591,-26.786],[-48.588,-26.783],[-48.584,-26.784],[-48.588,-26.791],[-48.586,-26.795],[-48.588,-26.798],[-48.592,-26.797],[-48.596,-26.802],[-48.598,-26.808],[-48.598,-26.811],[-48.6,-26.815],[-48.599,-26.819],[-48.603,-26.828],[-48.605,-26.826],[-48.611,-26.828],[-48.61,-26.827],[-48.616,-26.826],[-48.619,-26.828],[-48.621,-26.826]]],[[[-48.637,-26.743],[-48.634,-26.745],[-48.639,-26.746],[-48.637,-26.743]]]]}},{"type":"Feature","properties":{"c":"4212601"},"geometry":{"type":"Polygon","coordinates":[[[-51.939,-27.336],[-51.935,-27.333],[-51.936,-27.327],[-51.928,-27.328],[-51.923,-27.323],[-51.917,-27.325],[-51.915,-27.323],[-51.915,-27.317],[-51.911,-27.316],[-51.909,-27.312],[-51.915,-27.309],[-51.916,-27.307],[-51.912,-27.304],[-51.906,-27.307],[-51.904,-27.301],[-51.9,-27.3],[-51.897,-27.304],[-51.891,-27.304],[-51.891,-27.301],[-51.887,-27.303],[-51.884,-27.301],[-51.882,-27.304],[-51.877,-27.305],[-51.877,-27.309],[-51.872,-27.309],[-51.867,-27.313],[-51.867,-27.316],[-51.862,-27.316],[-51.859,-27.319],[-51.853,-27.319],[-51.85,-27.313],[-51.845,-27.311],[-51.844,-27.307],[-51.841,-27.308],[-51.838,-27.306],[-51.828,-27.302],[-51.822,-27.296],[-51.82,-27.348],[-51.818,-27.37],[-51.838,-27.372],[-51.868,-27.402],[-51.872,-27.404],[-51.872,-27.407],[-51.875,-27.406],[-51.874,-27.41],[-51.878,-27.413],[-51.877,-27.418],[-51.88,-27.42],[-51.883,-27.419],[-51.878,-27.427],[-51.882,-27.426],[-51.892,-27.415],[-51.894,-27.411],[-51.89,-27.409],[-51.897,-27.401],[-51.893,-27.4],[-51.905,-27.395],[-51.902,-27.39],[-51.915,-27.39],[-51.919,-27.383],[-51.917,-27.382],[-51.923,-27.362],[-51.921,-27.356],[-51.923,-27.35],[-51.926,-27.347],[-51.937,-27.34],[-51.939,-27.336]]]}},{"type":"Feature","properties":{"c":"4212650"},"geometry":{"type":"Polygon","coordinates":[[[-48.804,-28.356],[-48.809,-28.361],[-48.817,-28.375],[-48.828,-28.382],[-48.832,-28.386],[-48.833,-28.39],[-48.833,-28.396],[-48.83,-28.402],[-48.822,-28.417],[-48.823,-28.426],[-48.827,-28.428],[-48.842,-28.429],[-48.85,-28.429],[-48.852,-28.427],[-48.86,-28.433],[-48.861,-28.437],[-48.866,-28.447],[-48.868,-28.446],[-48.872,-28.448],[-48.881,-28.445],[-48.882,-28.446],[-48.883,-28.453],[-48.886,-28.455],[-48.886,-28.459],[-48.889,-28.466],[-48.889,-28.468],[-48.894,-28.47],[-48.899,-28.467],[-48.914,-28.467],[-48.916,-28.458],[-48.921,-28.451],[-48.921,-28.446],[-48.923,-28.444],[-48.924,-28.437],[-48.931,-28.43],[-48.933,-28.424],[-48.936,-28.422],[-48.936,-28.419],[-48.939,-28.418],[-48.94,-28.412],[-48.937,-28.406],[-48.938,-28.402],[-48.933,-28.397],[-48.934,-28.393],[-48.938,-28.387],[-48.937,-28.384],[-48.933,-28.381],[-48.935,-28.375],[-48.938,-28.373],[-48.934,-28.365],[-48.94,-28.362],[-48.948,-28.361],[-48.948,-28.359],[-48.942,-28.359],[-48.935,-28.352],[-48.927,-28.35],[-48.919,-28.355],[-48.911,-28.352],[-48.906,-28.353],[-48.906,-28.359],[-48.892,-28.361],[-48.867,-28.36],[-48.85,-28.36],[-48.804,-28.356]]]}},{"type":"Feature","properties":{"c":"4212700"},"geometry":{"type":"Polygon","coordinates":[[[-49.763,-27.581],[-49.763,-27.58],[-49.768,-27.579],[-49.77,-27.569],[-49.769,-27.562],[-49.767,-27.558],[-49.762,-27.555],[-49.765,-27.551],[-49.763,-27.542],[-49.761,-27.539],[-49.76,-27.532],[-49.756,-27.532],[-49.756,-27.523],[-49.754,-27.521],[-49.756,-27.517],[-49.771,-27.509],[-49.775,-27.506],[-49.778,-27.507],[-49.779,-27.503],[-49.784,-27.501],[-49.787,-27.496],[-49.782,-27.497],[-49.783,-27.491],[-49.786,-27.488],[-49.784,-27.484],[-49.778,-27.485],[-49.778,-27.479],[-49.772,-27.476],[-49.769,-27.472],[-49.762,-27.468],[-49.759,-27.474],[-49.747,-27.477],[-49.712,-27.467],[-49.692,-27.461],[-49.675,-27.459],[-49.661,-27.454],[-49.658,-27.452],[-49.649,-27.451],[-49.637,-27.452],[-49.605,-27.467],[-49.582,-27.477],[-49.586,-27.481],[-49.585,-27.484],[-49.59,-27.487],[-49.589,-27.493],[-49.587,-27.499],[-49.588,-27.505],[-49.595,-27.514],[-49.602,-27.52],[-49.604,-27.525],[-49.602,-27.529],[-49.606,-27.534],[-49.605,-27.537],[-49.612,-27.54],[-49.616,-27.548],[-49.609,-27.547],[-49.6,-27.55],[-49.6,-27.557],[-49.603,-27.561],[-49.605,-27.568],[-49.612,-27.571],[-49.619,-27.576],[-49.618,-27.577],[-49.613,-27.573],[-49.609,-27.572],[-49.603,-27.572],[-49.592,-27.571],[-49.59,-27.574],[-49.598,-27.579],[-49.601,-27.578],[-49.612,-27.585],[-49.615,-27.586],[-49.616,-27.59],[-49.619,-27.596],[-49.623,-27.607],[-49.621,-27.61],[-49.622,-27.613],[-49.621,-27.619],[-49.627,-27.618],[-49.629,-27.62],[-49.637,-27.629],[-49.644,-27.634],[-49.644,-27.635],[-49.65,-27.638],[-49.65,-27.642],[-49.652,-27.642],[-49.663,-27.649],[-49.67,-27.65],[-49.675,-27.648],[-49.682,-27.652],[-49.69,-27.653],[-49.696,-27.648],[-49.702,-27.647],[-49.708,-27.644],[-49.714,-27.644],[-49.722,-27.653],[-49.723,-27.656],[-49.727,-27.655],[-49.731,-27.656],[-49.731,-27.652],[-49.737,-27.649],[-49.741,-27.643],[-49.74,-27.636],[-49.742,-27.631],[-49.738,-27.63],[-49.733,-27.622],[-49.732,-27.619],[-49.738,-27.614],[-49.744,-27.604],[-49.746,-27.604],[-49.75,-27.596],[-49.754,-27.596],[-49.755,-27.599],[-49.758,-27.595],[-49.756,-27.592],[-49.758,-27.59],[-49.763,-27.589],[-49.765,-27.583],[-49.763,-27.581]]]}},{"type":"Feature","properties":{"c":"4212809"},"geometry":{"type":"Polygon","coordinates":[[[-48.661,-26.771],[-48.663,-26.775],[-48.676,-26.792],[-48.677,-26.797],[-48.702,-26.811],[-48.703,-26.813],[-48.708,-26.816],[-48.71,-26.816],[-48.745,-26.808],[-48.747,-26.805],[-48.746,-26.787],[-48.747,-26.783],[-48.751,-26.784],[-48.762,-26.773],[-48.767,-26.772],[-48.769,-26.77],[-48.772,-26.763],[-48.779,-26.766],[-48.789,-26.758],[-48.794,-26.76],[-48.796,-26.764],[-48.801,-26.761],[-48.803,-26.758],[-48.804,-26.746],[-48.809,-26.746],[-48.818,-26.741],[-48.815,-26.738],[-48.809,-26.722],[-48.807,-26.718],[-48.801,-26.713],[-48.797,-26.709],[-48.79,-26.706],[-48.78,-26.706],[-48.777,-26.706],[-48.773,-26.708],[-48.762,-26.729],[-48.764,-26.735],[-48.762,-26.738],[-48.757,-26.741],[-48.751,-26.738],[-48.743,-26.739],[-48.738,-26.734],[-48.733,-26.731],[-48.727,-26.729],[-48.724,-26.731],[-48.702,-26.724],[-48.682,-26.718],[-48.682,-26.724],[-48.676,-26.75],[-48.674,-26.759],[-48.668,-26.768],[-48.661,-26.771]]]}},{"type":"Feature","properties":{"c":"4212908"},"geometry":{"type":"Polygon","coordinates":[[[-52.958,-26.755],[-52.954,-26.753],[-52.951,-26.759],[-52.956,-26.761],[-52.949,-26.764],[-52.943,-26.77],[-52.94,-26.767],[-52.936,-26.773],[-52.929,-26.774],[-52.932,-26.777],[-52.941,-26.776],[-52.942,-26.78],[-52.928,-26.785],[-52.926,-26.789],[-52.928,-26.797],[-52.93,-26.798],[-52.935,-26.795],[-52.941,-26.793],[-52.944,-26.795],[-52.942,-26.798],[-52.935,-26.802],[-52.932,-26.803],[-52.926,-26.801],[-52.918,-26.802],[-52.917,-26.805],[-52.919,-26.81],[-52.917,-26.82],[-52.913,-26.82],[-52.91,-26.813],[-52.906,-26.811],[-52.904,-26.812],[-52.906,-26.818],[-52.914,-26.825],[-52.924,-26.827],[-52.929,-26.832],[-52.93,-26.835],[-52.927,-26.837],[-52.922,-26.839],[-52.922,-26.845],[-52.919,-26.846],[-52.916,-26.848],[-52.912,-26.854],[-52.907,-26.85],[-52.903,-26.85],[-52.901,-26.854],[-52.901,-26.858],[-52.906,-26.862],[-52.918,-26.863],[-52.951,-26.868],[-52.948,-26.882],[-52.96,-26.884],[-52.968,-26.887],[-52.979,-26.887],[-52.978,-26.885],[-52.993,-26.884],[-52.993,-26.887],[-53.008,-26.887],[-53.008,-26.876],[-53.016,-26.873],[-53.022,-26.876],[-53.036,-26.876],[-53.038,-26.873],[-53.036,-26.868],[-53.043,-26.865],[-53.044,-26.861],[-53.038,-26.857],[-53.04,-26.854],[-53.044,-26.855],[-53.045,-26.85],[-53.052,-26.847],[-53.052,-26.838],[-53.047,-26.841],[-53.044,-26.841],[-53.043,-26.838],[-53.048,-26.834],[-53.048,-26.831],[-53.044,-26.828],[-53.041,-26.83],[-53.036,-26.83],[-53.033,-26.827],[-53.033,-26.821],[-53.036,-26.822],[-53.041,-26.82],[-53.042,-26.814],[-53.034,-26.815],[-53.034,-26.808],[-53.031,-26.808],[-53.027,-26.806],[-53.018,-26.808],[-53.012,-26.804],[-53.001,-26.804],[-52.997,-26.797],[-52.997,-26.791],[-53.003,-26.787],[-53.008,-26.779],[-53.004,-26.776],[-53.005,-26.775],[-53.001,-26.772],[-52.998,-26.773],[-52.989,-26.775],[-52.983,-26.77],[-52.976,-26.768],[-52.973,-26.763],[-52.963,-26.76],[-52.961,-26.755],[-52.958,-26.755]]]}},{"type":"Feature","properties":{"c":"4213005"},"geometry":{"type":"Polygon","coordinates":[[[-51.299,-27.058],[-51.318,-27.044],[-51.318,-27.019],[-51.249,-27.034],[-51.232,-27.033],[-51.23,-27.028],[-51.226,-27.028],[-51.222,-27.03],[-51.212,-27.029],[-51.212,-27.027],[-51.216,-27.022],[-51.211,-27.02],[-51.201,-27.03],[-51.198,-27.032],[-51.196,-27.029],[-51.195,-27.026],[-51.184,-27.033],[-51.167,-27.071],[-51.157,-27.09],[-51.163,-27.089],[-51.166,-27.086],[-51.172,-27.088],[-51.175,-27.082],[-51.204,-27.079],[-51.204,-27.074],[-51.214,-27.074],[-51.213,-27.068],[-51.244,-27.064],[-51.247,-27.069],[-51.25,-27.064],[-51.253,-27.062],[-51.271,-27.067],[-51.275,-27.063],[-51.284,-27.059],[-51.284,-27.051],[-51.289,-27.051],[-51.295,-27.054],[-51.298,-27.055],[-51.299,-27.058]]]}},{"type":"Feature","properties":{"c":"4213104"},"geometry":{"type":"Polygon","coordinates":[[[-51.733,-27.392],[-51.729,-27.4],[-51.724,-27.401],[-51.724,-27.403],[-51.719,-27.405],[-51.715,-27.408],[-51.716,-27.411],[-51.712,-27.412],[-51.713,-27.414],[-51.711,-27.421],[-51.706,-27.426],[-51.686,-27.432],[-51.689,-27.44],[-51.689,-27.445],[-51.695,-27.452],[-51.694,-27.461],[-51.696,-27.465],[-51.701,-27.469],[-51.701,-27.48],[-51.71,-27.488],[-51.714,-27.499],[-51.717,-27.511],[-51.72,-27.514],[-51.728,-27.513],[-51.733,-27.51],[-51.738,-27.504],[-51.744,-27.495],[-51.752,-27.488],[-51.76,-27.487],[-51.776,-27.49],[-51.786,-27.491],[-51.794,-27.49],[-51.799,-27.491],[-51.802,-27.494],[-51.803,-27.499],[-51.802,-27.504],[-51.798,-27.509],[-51.789,-27.514],[-51.785,-27.521],[-51.786,-27.528],[-51.791,-27.531],[-51.799,-27.53],[-51.808,-27.525],[-51.815,-27.517],[-51.822,-27.513],[-51.827,-27.513],[-51.831,-27.515],[-51.837,-27.522],[-51.843,-27.525],[-51.85,-27.525],[-51.855,-27.518],[-51.854,-27.513],[-51.851,-27.507],[-51.846,-27.498],[-51.843,-27.489],[-51.844,-27.483],[-51.848,-27.478],[-51.858,-27.475],[-51.858,-27.47],[-51.863,-27.467],[-51.868,-27.452],[-51.87,-27.45],[-51.867,-27.446],[-51.861,-27.444],[-51.855,-27.445],[-51.853,-27.449],[-51.852,-27.456],[-51.848,-27.464],[-51.844,-27.463],[-51.839,-27.454],[-51.838,-27.445],[-51.834,-27.437],[-51.827,-27.432],[-51.818,-27.43],[-51.811,-27.425],[-51.808,-27.422],[-51.801,-27.421],[-51.8,-27.424],[-51.805,-27.429],[-51.802,-27.434],[-51.792,-27.437],[-51.786,-27.439],[-51.781,-27.444],[-51.777,-27.444],[-51.776,-27.442],[-51.778,-27.436],[-51.786,-27.427],[-51.791,-27.427],[-51.791,-27.423],[-51.786,-27.419],[-51.781,-27.42],[-51.771,-27.417],[-51.762,-27.417],[-51.759,-27.415],[-51.759,-27.408],[-51.761,-27.405],[-51.764,-27.391],[-51.759,-27.39],[-51.748,-27.392],[-51.735,-27.394],[-51.733,-27.392]]]}},{"type":"Feature","properties":{"c":"4213153"},"geometry":{"type":"Polygon","coordinates":[[[-52.898,-27.086],[-52.899,-27.065],[-52.897,-27.065],[-52.9,-27.033],[-52.903,-26.999],[-52.905,-26.974],[-52.9,-26.977],[-52.894,-26.975],[-52.892,-27.011],[-52.84,-27.01],[-52.84,-27.018],[-52.84,-27.044],[-52.845,-27.049],[-52.842,-27.058],[-52.845,-27.067],[-52.84,-27.069],[-52.837,-27.073],[-52.837,-27.08],[-52.835,-27.081],[-52.836,-27.086],[-52.833,-27.087],[-52.835,-27.091],[-52.832,-27.098],[-52.833,-27.103],[-52.829,-27.107],[-52.835,-27.108],[-52.837,-27.111],[-52.842,-27.108],[-52.846,-27.111],[-52.848,-27.108],[-52.852,-27.113],[-52.856,-27.108],[-52.861,-27.105],[-52.861,-27.102],[-52.881,-27.091],[-52.89,-27.086],[-52.898,-27.086]]]}},{"type":"Feature","properties":{"c":"4213203"},"geometry":{"type":"Polygon","coordinates":[[[-49.198,-26.836],[-49.207,-26.83],[-49.207,-26.829],[-49.201,-26.822],[-49.204,-26.818],[-49.207,-26.816],[-49.209,-26.812],[-49.208,-26.809],[-49.21,-26.806],[-49.207,-26.799],[-49.199,-26.797],[-49.195,-26.793],[-49.198,-26.787],[-49.206,-26.778],[-49.205,-26.776],[-49.208,-26.77],[-49.206,-26.766],[-49.205,-26.758],[-49.214,-26.755],[-49.223,-26.752],[-49.231,-26.751],[-49.232,-26.746],[-49.235,-26.745],[-49.233,-26.742],[-49.233,-26.738],[-49.236,-26.73],[-49.233,-26.725],[-49.234,-26.712],[-49.23,-26.708],[-49.233,-26.702],[-49.234,-26.698],[-49.232,-26.695],[-49.234,-26.69],[-49.226,-26.684],[-49.226,-26.68],[-49.223,-26.676],[-49.224,-26.673],[-49.223,-26.667],[-49.217,-26.667],[-49.218,-26.661],[-49.215,-26.655],[-49.218,-26.647],[-49.217,-26.644],[-49.221,-26.641],[-49.223,-26.635],[-49.218,-26.629],[-49.219,-26.626],[-49.217,-26.624],[-49.22,-26.62],[-49.223,-26.621],[-49.208,-26.617],[-49.204,-26.618],[-49.201,-26.622],[-49.198,-26.622],[-49.193,-26.618],[-49.189,-26.618],[-49.183,-26.614],[-49.175,-26.614],[-49.172,-26.618],[-49.165,-26.631],[-49.166,-26.634],[-49.164,-26.648],[-49.161,-26.648],[-49.158,-26.645],[-49.154,-26.646],[-49.148,-26.644],[-49.147,-26.642],[-49.142,-26.642],[-49.14,-26.639],[-49.136,-26.639],[-49.13,-26.636],[-49.127,-26.64],[-49.127,-26.647],[-49.131,-26.648],[-49.133,-26.651],[-49.133,-26.656],[-49.13,-26.658],[-49.131,-26.662],[-49.128,-26.671],[-49.129,-26.674],[-49.128,-26.68],[-49.124,-26.682],[-49.122,-26.686],[-49.129,-26.69],[-49.133,-26.694],[-49.132,-26.7],[-49.133,-26.709],[-49.123,-26.708],[-49.124,-26.713],[-49.121,-26.713],[-49.119,-26.723],[-49.114,-26.718],[-49.111,-26.722],[-49.112,-26.725],[-49.112,-26.732],[-49.114,-26.734],[-49.112,-26.74],[-49.107,-26.739],[-49.106,-26.741],[-49.11,-26.744],[-49.118,-26.745],[-49.121,-26.749],[-49.125,-26.748],[-49.127,-26.752],[-49.127,-26.759],[-49.124,-26.761],[-49.124,-26.768],[-49.126,-26.772],[-49.123,-26.781],[-49.119,-26.785],[-49.121,-26.788],[-49.12,-26.794],[-49.123,-26.803],[-49.128,-26.808],[-49.128,-26.81],[-49.124,-26.819],[-49.126,-26.823],[-49.128,-26.833],[-49.164,-26.838],[-49.166,-26.836],[-49.175,-26.834],[-49.183,-26.835],[-49.189,-26.84],[-49.199,-26.839],[-49.198,-26.836]]]}},{"type":"Feature","properties":{"c":"4213302"},"geometry":{"type":"Polygon","coordinates":[[[-50.487,-27.459],[-50.486,-27.455],[-50.483,-27.452],[-50.482,-27.446],[-50.476,-27.444],[-50.477,-27.441],[-50.487,-27.432],[-50.48,-27.427],[-50.481,-27.425],[-50.478,-27.416],[-50.481,-27.415],[-50.48,-27.407],[-50.481,-27.402],[-50.485,-27.401],[-50.488,-27.406],[-50.49,-27.402],[-50.489,-27.398],[-50.48,-27.394],[-50.478,-27.386],[-50.474,-27.385],[-50.474,-27.379],[-50.467,-27.373],[-50.464,-27.367],[-50.461,-27.365],[-50.455,-27.369],[-50.45,-27.367],[-50.449,-27.363],[-50.444,-27.359],[-50.437,-27.359],[-50.429,-27.365],[-50.429,-27.367],[-50.422,-27.365],[-50.417,-27.365],[-50.413,-27.363],[-50.4,-27.362],[-50.395,-27.358],[-50.39,-27.357],[-50.387,-27.352],[-50.381,-27.349],[-50.379,-27.351],[-50.374,-27.351],[-50.372,-27.347],[-50.369,-27.345],[-50.363,-27.348],[-50.358,-27.346],[-50.359,-27.343],[-50.315,-27.345],[-50.219,-27.346],[-50.208,-27.346],[-50.199,-27.343],[-50.198,-27.336],[-50.2,-27.333],[-50.197,-27.328],[-50.188,-27.326],[-50.185,-27.323],[-50.186,-27.319],[-50.182,-27.312],[-50.182,-27.307],[-50.178,-27.3],[-50.188,-27.293],[-50.189,-27.288],[-50.188,-27.28],[-50.189,-27.275],[-50.187,-27.274],[-50.18,-27.273],[-50.175,-27.269],[-50.172,-27.27],[-50.167,-27.275],[-50.161,-27.274],[-50.157,-27.273],[-50.154,-27.275],[-50.147,-27.275],[-50.143,-27.272],[-50.13,-27.274],[-50.124,-27.276],[-50.121,-27.281],[-50.116,-27.282],[-50.11,-27.292],[-50.103,-27.294],[-50.099,-27.299],[-50.097,-27.296],[-50.094,-27.298],[-50.087,-27.297],[-50.09,-27.301],[-50.076,-27.305],[-50.089,-27.309],[-50.088,-27.313],[-50.09,-27.318],[-50.089,-27.321],[-50.09,-27.328],[-50.095,-27.329],[-50.097,-27.325],[-50.102,-27.327],[-50.099,-27.332],[-50.099,-27.335],[-50.102,-27.335],[-50.103,-27.341],[-50.108,-27.338],[-50.113,-27.342],[-50.111,-27.346],[-50.12,-27.348],[-50.127,-27.351],[-50.126,-27.361],[-50.13,-27.36],[-50.134,-27.364],[-50.139,-27.364],[-50.137,-27.37],[-50.141,-27.37],[-50.139,-27.372],[-50.141,-27.377],[-50.139,-27.379],[-50.145,-27.377],[-50.147,-27.39],[-50.145,-27.398],[-50.148,-27.4],[-50.145,-27.402],[-50.153,-27.402],[-50.153,-27.406],[-50.158,-27.409],[-50.156,-27.412],[-50.151,-27.412],[-50.15,-27.414],[-50.155,-27.413],[-50.158,-27.419],[-50.155,-27.422],[-50.158,-27.422],[-50.159,-27.425],[-50.157,-27.426],[-50.159,-27.43],[-50.162,-27.427],[-50.161,-27.431],[-50.168,-27.434],[-50.165,-27.435],[-50.164,-27.441],[-50.169,-27.438],[-50.168,-27.443],[-50.171,-27.441],[-50.176,-27.445],[-50.177,-27.449],[-50.173,-27.449],[-50.175,-27.452],[-50.182,-27.446],[-50.185,-27.442],[-50.188,-27.441],[-50.191,-27.45],[-50.189,-27.456],[-50.194,-27.46],[-50.201,-27.459],[-50.206,-27.455],[-50.212,-27.455],[-50.213,-27.458],[-50.226,-27.471],[-50.221,-27.483],[-50.23,-27.484],[-50.233,-27.483],[-50.238,-27.478],[-50.245,-27.476],[-50.247,-27.471],[-50.247,-27.466],[-50.251,-27.455],[-50.261,-27.448],[-50.263,-27.446],[-50.266,-27.446],[-50.266,-27.455],[-50.268,-27.461],[-50.277,-27.468],[-50.279,-27.472],[-50.282,-27.482],[-50.273,-27.49],[-50.273,-27.496],[-50.277,-27.497],[-50.284,-27.495],[-50.291,-27.497],[-50.299,-27.496],[-50.301,-27.503],[-50.298,-27.509],[-50.291,-27.516],[-50.285,-27.518],[-50.273,-27.523],[-50.27,-27.525],[-50.263,-27.533],[-50.261,-27.538],[-50.269,-27.538],[-50.272,-27.537],[-50.28,-27.53],[-50.286,-27.526],[-50.294,-27.523],[-50.301,-27.524],[-50.312,-27.529],[-50.318,-27.529],[-50.321,-27.527],[-50.326,-27.526],[-50.33,-27.529],[-50.338,-27.531],[-50.344,-27.537],[-50.351,-27.538],[-50.358,-27.54],[-50.366,-27.536],[-50.371,-27.541],[-50.374,-27.546],[-50.368,-27.551],[-50.368,-27.553],[-50.375,-27.562],[-50.378,-27.563],[-50.384,-27.561],[-50.382,-27.557],[-50.384,-27.553],[-50.388,-27.554],[-50.392,-27.558],[-50.401,-27.555],[-50.407,-27.55],[-50.411,-27.549],[-50.408,-27.547],[-50.404,-27.549],[-50.395,-27.547],[-50.391,-27.541],[-50.388,-27.534],[-50.393,-27.529],[-50.392,-27.525],[-50.388,-27.524],[-50.383,-27.521],[-50.379,-27.514],[-50.38,-27.508],[-50.376,-27.502],[-50.379,-27.499],[-50.385,-27.499],[-50.386,-27.498],[-50.384,-27.493],[-50.386,-27.489],[-50.392,-27.486],[-50.395,-27.481],[-50.402,-27.475],[-50.407,-27.475],[-50.419,-27.478],[-50.422,-27.484],[-50.424,-27.484],[-50.427,-27.478],[-50.432,-27.475],[-50.435,-27.477],[-50.438,-27.481],[-50.448,-27.478],[-50.453,-27.485],[-50.449,-27.496],[-50.451,-27.5],[-50.455,-27.495],[-50.46,-27.493],[-50.468,-27.487],[-50.479,-27.484],[-50.482,-27.488],[-50.489,-27.49],[-50.493,-27.489],[-50.492,-27.483],[-50.484,-27.48],[-50.472,-27.48],[-50.469,-27.476],[-50.47,-27.471],[-50.472,-27.469],[-50.483,-27.465],[-50.486,-27.463],[-50.487,-27.459]]]}},{"type":"Feature","properties":{"c":"4213351"},"geometry":{"type":"Polygon","coordinates":[[[-50.502,-27.218],[-50.507,-27.213],[-50.517,-27.21],[-50.523,-27.213],[-50.529,-27.209],[-50.533,-27.205],[-50.537,-27.207],[-50.534,-27.209],[-50.537,-27.211],[-50.543,-27.208],[-50.549,-27.211],[-50.549,-27.214],[-50.553,-27.215],[-50.557,-27.206],[-50.561,-27.202],[-50.566,-27.2],[-50.572,-27.201],[-50.571,-27.194],[-50.578,-27.195],[-50.581,-27.193],[-50.59,-27.201],[-50.598,-27.2],[-50.601,-27.201],[-50.606,-27.198],[-50.61,-27.191],[-50.61,-27.187],[-50.612,-27.184],[-50.613,-27.178],[-50.61,-27.176],[-50.606,-27.176],[-50.61,-27.164],[-50.62,-27.158],[-50.628,-27.156],[-50.627,-27.151],[-50.621,-27.154],[-50.617,-27.154],[-50.61,-27.152],[-50.611,-27.148],[-50.607,-27.145],[-50.601,-27.146],[-50.598,-27.148],[-50.593,-27.14],[-50.584,-27.141],[-50.587,-27.144],[-50.584,-27.145],[-50.581,-27.153],[-50.581,-27.156],[-50.577,-27.158],[-50.573,-27.156],[-50.579,-27.142],[-50.573,-27.142],[-50.573,-27.137],[-50.57,-27.132],[-50.563,-27.135],[-50.562,-27.139],[-50.564,-27.14],[-50.566,-27.148],[-50.562,-27.152],[-50.56,-27.149],[-50.56,-27.145],[-50.556,-27.144],[-50.55,-27.145],[-50.548,-27.142],[-50.541,-27.146],[-50.537,-27.146],[-50.538,-27.142],[-50.549,-27.134],[-50.552,-27.135],[-50.552,-27.13],[-50.548,-27.13],[-50.541,-27.133],[-50.538,-27.135],[-50.535,-27.133],[-50.529,-27.134],[-50.53,-27.131],[-50.526,-27.124],[-50.526,-27.12],[-50.523,-27.122],[-50.515,-27.122],[-50.45,-27.112],[-50.445,-27.114],[-50.439,-27.109],[-50.437,-27.114],[-50.433,-27.111],[-50.428,-27.112],[-50.431,-27.102],[-50.426,-27.096],[-50.422,-27.095],[-50.425,-27.108],[-50.418,-27.111],[-50.413,-27.111],[-50.413,-27.109],[-50.408,-27.111],[-50.402,-27.111],[-50.399,-27.113],[-50.391,-27.115],[-50.388,-27.118],[-50.384,-27.116],[-50.38,-27.118],[-50.381,-27.115],[-50.379,-27.11],[-50.38,-27.108],[-50.377,-27.105],[-50.349,-27.094],[-50.348,-27.101],[-50.344,-27.098],[-50.336,-27.103],[-50.336,-27.1],[-50.34,-27.097],[-50.339,-27.096],[-50.334,-27.099],[-50.329,-27.113],[-50.326,-27.108],[-50.324,-27.111],[-50.32,-27.114],[-50.322,-27.116],[-50.32,-27.12],[-50.317,-27.121],[-50.315,-27.123],[-50.316,-27.128],[-50.313,-27.131],[-50.318,-27.134],[-50.316,-27.139],[-50.319,-27.147],[-50.314,-27.146],[-50.31,-27.152],[-50.304,-27.152],[-50.304,-27.157],[-50.307,-27.164],[-50.303,-27.17],[-50.301,-27.166],[-50.294,-27.165],[-50.287,-27.169],[-50.29,-27.176],[-50.294,-27.178],[-50.293,-27.181],[-50.288,-27.18],[-50.288,-27.185],[-50.29,-27.188],[-50.288,-27.192],[-50.291,-27.2],[-50.289,-27.205],[-50.29,-27.21],[-50.291,-27.212],[-50.291,-27.216],[-50.286,-27.213],[-50.283,-27.214],[-50.276,-27.209],[-50.273,-27.211],[-50.265,-27.205],[-50.267,-27.198],[-50.262,-27.201],[-50.262,-27.205],[-50.264,-27.21],[-50.264,-27.216],[-50.267,-27.219],[-50.266,-27.226],[-50.259,-27.23],[-50.258,-27.233],[-50.246,-27.233],[-50.243,-27.237],[-50.243,-27.238],[-50.249,-27.244],[-50.25,-27.247],[-50.257,-27.255],[-50.259,-27.26],[-50.257,-27.263],[-50.268,-27.268],[-50.274,-27.268],[-50.278,-27.264],[-50.279,-27.265],[-50.286,-27.259],[-50.289,-27.258],[-50.294,-27.254],[-50.294,-27.252],[-50.298,-27.25],[-50.304,-27.253],[-50.309,-27.258],[-50.309,-27.265],[-50.312,-27.264],[-50.316,-27.265],[-50.318,-27.269],[-50.325,-27.266],[-50.332,-27.261],[-50.341,-27.267],[-50.348,-27.264],[-50.357,-27.265],[-50.357,-27.256],[-50.361,-27.258],[-50.362,-27.255],[-50.366,-27.253],[-50.362,-27.25],[-50.359,-27.255],[-50.356,-27.249],[-50.358,-27.243],[-50.355,-27.24],[-50.35,-27.238],[-50.352,-27.237],[-50.358,-27.238],[-50.362,-27.236],[-50.367,-27.238],[-50.368,-27.241],[-50.371,-27.235],[-50.37,-27.232],[-50.374,-27.224],[-50.379,-27.222],[-50.38,-27.228],[-50.378,-27.232],[-50.378,-27.235],[-50.382,-27.237],[-50.381,-27.243],[-50.377,-27.243],[-50.377,-27.247],[-50.391,-27.249],[-50.39,-27.252],[-50.394,-27.256],[-50.395,-27.262],[-50.391,-27.265],[-50.396,-27.264],[-50.397,-27.262],[-50.401,-27.26],[-50.404,-27.258],[-50.404,-27.254],[-50.409,-27.253],[-50.411,-27.25],[-50.416,-27.249],[-50.409,-27.241],[-50.418,-27.238],[-50.421,-27.234],[-50.425,-27.236],[-50.429,-27.236],[-50.436,-27.233],[-50.44,-27.234],[-50.444,-27.228],[-50.453,-27.228],[-50.454,-27.231],[-50.457,-27.228],[-50.458,-27.22],[-50.461,-27.217],[-50.47,-27.215],[-50.474,-27.219],[-50.478,-27.229],[-50.486,-27.224],[-50.493,-27.218],[-50.497,-27.217],[-50.502,-27.218]]]}},{"type":"Feature","properties":{"c":"4213401"},"geometry":{"type":"Polygon","coordinates":[[[-51.826,-26.923],[-51.83,-26.93],[-51.835,-26.93],[-51.837,-26.935],[-51.844,-26.943],[-51.847,-26.949],[-51.849,-26.945],[-51.855,-26.941],[-51.862,-26.94],[-51.864,-26.937],[-51.862,-26.934],[-51.872,-26.93],[-51.875,-26.93],[-51.876,-26.934],[-51.878,-26.937],[-51.882,-26.937],[-51.88,-26.94],[-51.884,-26.945],[-51.889,-26.942],[-51.892,-26.944],[-51.895,-26.936],[-51.9,-26.94],[-51.906,-26.936],[-51.905,-26.934],[-51.911,-26.935],[-51.917,-26.933],[-51.917,-26.93],[-51.923,-26.932],[-51.93,-26.929],[-51.931,-26.935],[-51.939,-26.936],[-51.942,-26.942],[-51.952,-26.939],[-51.956,-26.944],[-51.958,-26.948],[-51.962,-26.945],[-51.966,-26.947],[-51.968,-26.941],[-51.972,-26.941],[-51.98,-26.937],[-51.985,-26.942],[-51.993,-26.941],[-51.996,-26.944],[-51.996,-26.948],[-52.001,-26.947],[-52.003,-26.941],[-52.006,-26.941],[-52.008,-26.945],[-52.012,-26.948],[-52.014,-26.942],[-52.016,-26.941],[-52.024,-26.95],[-52.031,-26.947],[-52.03,-26.945],[-52.033,-26.942],[-52.035,-26.947],[-52.041,-26.946],[-52.039,-26.953],[-52.042,-26.957],[-52.049,-26.951],[-52.056,-26.951],[-52.053,-26.958],[-52.054,-26.96],[-52.063,-26.959],[-52.067,-26.96],[-52.073,-26.946],[-52.072,-26.942],[-52.076,-26.944],[-52.077,-26.947],[-52.081,-26.949],[-52.082,-26.952],[-52.094,-26.946],[-52.094,-26.951],[-52.1,-26.949],[-52.109,-26.954],[-52.109,-26.948],[-52.114,-26.949],[-52.118,-26.946],[-52.12,-26.948],[-52.127,-26.948],[-52.128,-26.945],[-52.133,-26.943],[-52.131,-26.941],[-52.134,-26.931],[-52.14,-26.934],[-52.147,-26.932],[-52.149,-26.929],[-52.145,-26.928],[-52.141,-26.916],[-52.144,-26.91],[-52.139,-26.905],[-52.141,-26.904],[-52.143,-26.897],[-52.154,-26.893],[-52.162,-26.888],[-52.166,-26.888],[-52.132,-26.869],[-52.115,-26.859],[-52.107,-26.854],[-52.103,-26.854],[-52.089,-26.855],[-52.067,-26.852],[-52.056,-26.856],[-52.055,-26.847],[-52.052,-26.844],[-52.044,-26.839],[-52.014,-26.846],[-51.995,-26.814],[-51.986,-26.804],[-51.98,-26.8],[-51.983,-26.797],[-51.983,-26.793],[-51.978,-26.791],[-51.977,-26.788],[-51.981,-26.785],[-51.98,-26.783],[-51.98,-26.778],[-51.97,-26.778],[-51.97,-26.783],[-51.966,-26.784],[-51.964,-26.779],[-51.959,-26.781],[-51.945,-26.781],[-51.938,-26.785],[-51.94,-26.782],[-51.932,-26.781],[-51.93,-26.777],[-51.927,-26.778],[-51.927,-26.781],[-51.93,-26.782],[-51.931,-26.786],[-51.923,-26.787],[-51.918,-26.782],[-51.907,-26.784],[-51.908,-26.787],[-51.899,-26.786],[-51.904,-26.782],[-51.899,-26.778],[-51.896,-26.779],[-51.897,-26.775],[-51.891,-26.78],[-51.889,-26.776],[-51.886,-26.778],[-51.884,-26.774],[-51.878,-26.773],[-51.874,-26.775],[-51.869,-26.775],[-51.866,-26.772],[-51.861,-26.772],[-51.858,-26.769],[-51.853,-26.769],[-51.849,-26.772],[-51.846,-26.771],[-51.847,-26.765],[-51.84,-26.763],[-51.837,-26.768],[-51.826,-26.767],[-51.826,-26.761],[-51.828,-26.755],[-51.825,-26.755],[-51.822,-26.759],[-51.809,-26.765],[-51.809,-26.761],[-51.804,-26.761],[-51.801,-26.765],[-51.803,-26.767],[-51.8,-26.769],[-51.798,-26.767],[-51.795,-26.76],[-51.784,-26.76],[-51.781,-26.763],[-51.785,-26.767],[-51.782,-26.769],[-51.786,-26.77],[-51.784,-26.772],[-51.779,-26.771],[-51.776,-26.769],[-51.776,-26.776],[-51.777,-26.781],[-51.77,-26.782],[-51.769,-26.786],[-51.766,-26.788],[-51.762,-26.784],[-51.761,-26.779],[-51.756,-26.775],[-51.752,-26.775],[-51.752,-26.777],[-51.742,-26.782],[-51.74,-26.786],[-51.734,-26.788],[-51.731,-26.79],[-51.73,-26.788],[-51.725,-26.787],[-51.717,-26.79],[-51.707,-26.79],[-51.702,-26.792],[-51.679,-26.818],[-51.688,-26.821],[-51.689,-26.819],[-51.701,-26.821],[-51.708,-26.825],[-51.713,-26.825],[-51.714,-26.829],[-51.714,-26.834],[-51.719,-26.841],[-51.725,-26.845],[-51.725,-26.847],[-51.729,-26.846],[-51.727,-26.852],[-51.73,-26.852],[-51.735,-26.849],[-51.735,-26.852],[-51.739,-26.851],[-51.738,-26.846],[-51.743,-26.848],[-51.745,-26.844],[-51.749,-26.841],[-51.749,-26.847],[-51.754,-26.844],[-51.757,-26.845],[-51.753,-26.841],[-51.757,-26.839],[-51.76,-26.84],[-51.765,-26.845],[-51.767,-26.84],[-51.77,-26.84],[-51.771,-26.853],[-51.78,-26.856],[-51.783,-26.852],[-51.788,-26.85],[-51.796,-26.853],[-51.794,-26.86],[-51.803,-26.858],[-51.802,-26.865],[-51.807,-26.863],[-51.807,-26.858],[-51.811,-26.856],[-51.806,-26.853],[-51.808,-26.851],[-51.814,-26.855],[-51.815,-26.854],[-51.811,-26.846],[-51.816,-26.845],[-51.82,-26.85],[-51.824,-26.85],[-51.823,-26.852],[-51.818,-26.852],[-51.818,-26.861],[-51.815,-26.869],[-51.819,-26.874],[-51.817,-26.878],[-51.817,-26.881],[-51.821,-26.882],[-51.819,-26.891],[-51.82,-26.903],[-51.821,-26.905],[-51.826,-26.906],[-51.827,-26.91],[-51.824,-26.912],[-51.824,-26.916],[-51.826,-26.923]]]}},{"type":"Feature","properties":{"c":"4213500"},"geometry":{"type":"MultiPolygon","coordinates":[[[[-48.508,-27.11],[-48.508,-27.115],[-48.512,-27.119],[-48.514,-27.124],[-48.519,-27.127],[-48.518,-27.129],[-48.524,-27.137],[-48.522,-27.141],[-48.526,-27.146],[-48.526,-27.15],[-48.529,-27.153],[-48.527,-27.158],[-48.531,-27.164],[-48.534,-27.163],[-48.541,-27.173],[-48.546,-27.173],[-48.552,-27.171],[-48.554,-27.173],[-48.556,-27.177],[-48.561,-27.179],[-48.562,-27.183],[-48.568,-27.185],[-48.576,-27.186],[-48.582,-27.192],[-48.585,-27.198],[-48.582,-27.202],[-48.579,-27.203],[-48.577,-27.207],[-48.578,-27.211],[-48.581,-27.209],[-48.586,-27.212],[-48.59,-27.215],[-48.602,-27.22],[-48.603,-27.218],[-48.604,-27.213],[-48.608,-27.211],[-48.616,-27.213],[-48.622,-27.211],[-48.659,-27.215],[-48.662,-27.216],[-48.667,-27.213],[-48.67,-27.208],[-48.669,-27.201],[-48.683,-27.196],[-48.688,-27.191],[-48.69,-27.184],[-48.688,-27.183],[-48.689,-27.178],[-48.686,-27.173],[-48.688,-27.168],[-48.69,-27.167],[-48.682,-27.167],[-48.681,-27.163],[-48.685,-27.159],[-48.683,-27.155],[-48.686,-27.151],[-48.691,-27.149],[-48.69,-27.141],[-48.679,-27.147],[-48.664,-27.148],[-48.655,-27.151],[-48.651,-27.15],[-48.646,-27.145],[-48.642,-27.146],[-48.639,-27.148],[-48.634,-27.15],[-48.63,-27.149],[-48.627,-27.145],[-48.623,-27.145],[-48.616,-27.142],[-48.615,-27.138],[-48.611,-27.136],[-48.607,-27.136],[-48.602,-27.139],[-48.604,-27.144],[-48.595,-27.144],[-48.592,-27.146],[-48.586,-27.145],[-48.575,-27.151],[-48.564,-27.156],[-48.558,-27.152],[-48.556,-27.156],[-48.548,-27.157],[-48.542,-27.151],[-48.537,-27.15],[-48.533,-27.145],[-48.538,-27.142],[-48.534,-27.137],[-48.53,-27.135],[-48.526,-27.13],[-48.525,-27.126],[-48.529,-27.127],[-48.528,-27.123],[-48.524,-27.122],[-48.522,-27.118],[-48.519,-27.121],[-48.516,-27.121],[-48.509,-27.114],[-48.508,-27.11]]],[[[-48.539,-27.136],[-48.541,-27.142],[-48.546,-27.145],[-48.55,-27.145],[-48.549,-27.142],[-48.541,-27.136],[-48.539,-27.136]]]]}},{"type":"Feature","properties":{"c":"4213609"},"geometry":{"type":"Polygon","coordinates":[[[-51.27,-26.387],[-51.263,-26.383],[-51.262,-26.379],[-51.259,-26.379],[-51.251,-26.374],[-51.257,-26.372],[-51.257,-26.369],[-51.26,-26.365],[-51.258,-26.359],[-51.256,-26.357],[-51.251,-26.349],[-51.257,-26.344],[-51.254,-26.336],[-51.248,-26.33],[-51.241,-26.327],[-51.227,-26.324],[-51.224,-26.322],[-51.22,-26.315],[-51.216,-26.316],[-51.214,-26.312],[-51.211,-26.305],[-51.207,-26.296],[-51.192,-26.302],[-51.181,-26.299],[-51.172,-26.295],[-51.17,-26.292],[-51.164,-26.292],[-51.162,-26.29],[-51.163,-26.284],[-51.156,-26.283],[-51.154,-26.28],[-51.148,-26.279],[-51.143,-26.284],[-51.135,-26.286],[-51.136,-26.28],[-51.131,-26.278],[-51.129,-26.28],[-51.12,-26.28],[-51.118,-26.277],[-51.111,-26.273],[-51.105,-26.274],[-51.102,-26.273],[-51.101,-26.262],[-51.096,-26.262],[-51.095,-26.259],[-51.097,-26.255],[-51.093,-26.253],[-51.088,-26.247],[-51.086,-26.234],[-51.083,-26.229],[-51.079,-26.227],[-51.077,-26.231],[-51.068,-26.24],[-51.062,-26.243],[-51.057,-26.244],[-51.049,-26.243],[-51.042,-26.24],[-51.034,-26.24],[-51.019,-26.236],[-51.005,-26.231],[-51.001,-26.23],[-50.995,-26.233],[-50.977,-26.243],[-50.973,-26.246],[-50.971,-26.254],[-50.971,-26.261],[-50.966,-26.267],[-50.953,-26.27],[-50.949,-26.275],[-50.947,-26.282],[-50.943,-26.282],[-50.938,-26.279],[-50.935,-26.276],[-50.932,-26.268],[-50.932,-26.263],[-50.935,-26.257],[-50.944,-26.244],[-50.944,-26.238],[-50.941,-26.234],[-50.933,-26.234],[-50.914,-26.246],[-50.909,-26.249],[-50.907,-26.257],[-50.906,-26.27],[-50.909,-26.284],[-50.908,-26.286],[-50.903,-26.289],[-50.9,-26.289],[-50.898,-26.29],[-50.894,-26.297],[-50.888,-26.302],[-50.89,-26.304],[-50.895,-26.306],[-50.901,-26.305],[-50.902,-26.308],[-50.895,-26.311],[-50.895,-26.316],[-50.899,-26.319],[-50.899,-26.323],[-50.894,-26.326],[-50.889,-26.326],[-50.886,-26.318],[-50.881,-26.318],[-50.88,-26.323],[-50.886,-26.329],[-50.894,-26.329],[-50.898,-26.331],[-50.896,-26.336],[-50.89,-26.337],[-50.887,-26.342],[-50.894,-26.345],[-50.894,-26.349],[-50.891,-26.354],[-50.884,-26.356],[-50.883,-26.362],[-50.885,-26.368],[-50.884,-26.38],[-50.88,-26.383],[-50.872,-26.386],[-50.868,-26.382],[-50.862,-26.38],[-50.857,-26.376],[-50.847,-26.378],[-50.843,-26.381],[-50.843,-26.384],[-50.846,-26.387],[-50.846,-26.391],[-50.841,-26.404],[-50.841,-26.409],[-50.844,-26.417],[-50.849,-26.428],[-50.833,-26.432],[-50.815,-26.441],[-50.81,-26.449],[-50.809,-26.458],[-50.81,-26.459],[-50.82,-26.462],[-50.822,-26.464],[-50.821,-26.468],[-50.816,-26.472],[-50.817,-26.478],[-50.811,-26.479],[-50.809,-26.482],[-50.805,-26.485],[-50.806,-26.486],[-50.803,-26.488],[-50.802,-26.492],[-50.798,-26.494],[-50.788,-26.494],[-50.786,-26.503],[-50.79,-26.503],[-50.794,-26.507],[-50.797,-26.508],[-50.802,-26.508],[-50.803,-26.512],[-50.802,-26.519],[-50.81,-26.523],[-50.819,-26.533],[-50.818,-26.541],[-50.825,-26.548],[-50.831,-26.55],[-50.836,-26.55],[-50.842,-26.555],[-50.847,-26.556],[-50.856,-26.561],[-50.889,-26.555],[-50.902,-26.556],[-50.903,-26.553],[-50.908,-26.548],[-50.912,-26.549],[-50.915,-26.546],[-50.921,-26.553],[-50.931,-26.55],[-50.937,-26.551],[-50.942,-26.55],[-50.943,-26.548],[-50.952,-26.545],[-50.952,-26.542],[-50.955,-26.537],[-50.957,-26.531],[-50.961,-26.529],[-50.962,-26.522],[-50.967,-26.525],[-50.972,-26.523],[-50.973,-26.518],[-50.976,-26.519],[-50.982,-26.516],[-50.983,-26.51],[-50.992,-26.508],[-50.997,-26.506],[-51.006,-26.495],[-51.01,-26.494],[-51.01,-26.49],[-51.007,-26.489],[-51.006,-26.485],[-50.995,-26.484],[-50.999,-26.468],[-50.997,-26.465],[-50.998,-26.463],[-51.004,-26.465],[-51.008,-26.459],[-51.0,-26.457],[-50.998,-26.455],[-50.999,-26.45],[-50.997,-26.448],[-50.989,-26.449],[-50.977,-26.442],[-50.98,-26.428],[-50.976,-26.429],[-50.971,-26.426],[-50.965,-26.428],[-50.985,-26.405],[-50.992,-26.406],[-50.996,-26.403],[-51.011,-26.405],[-51.022,-26.403],[-51.025,-26.406],[-51.032,-26.403],[-51.037,-26.398],[-51.041,-26.395],[-51.048,-26.396],[-51.049,-26.399],[-51.053,-26.4],[-51.053,-26.398],[-51.057,-26.394],[-51.062,-26.398],[-51.063,-26.402],[-51.069,-26.398],[-51.074,-26.398],[-51.089,-26.391],[-51.09,-26.393],[-51.094,-26.394],[-51.099,-26.391],[-51.1,-26.394],[-51.106,-26.391],[-51.109,-26.393],[-51.115,-26.391],[-51.119,-26.395],[-51.118,-26.399],[-51.121,-26.4],[-51.127,-26.399],[-51.133,-26.41],[-51.138,-26.413],[-51.14,-26.416],[-51.147,-26.416],[-51.154,-26.419],[-51.155,-26.423],[-51.157,-26.423],[-51.158,-26.427],[-51.157,-26.43],[-51.189,-26.451],[-51.19,-26.452],[-51.202,-26.443],[-51.204,-26.438],[-51.2,-26.433],[-51.201,-26.427],[-51.205,-26.427],[-51.207,-26.424],[-51.216,-26.421],[-51.219,-26.417],[-51.227,-26.412],[-51.229,-26.409],[-51.234,-26.407],[-51.239,-26.407],[-51.253,-26.403],[-51.255,-26.4],[-51.261,-26.399],[-51.262,-26.395],[-51.265,-26.393],[-51.268,-26.387],[-51.27,-26.387]]]}},{"type":"Feature","properties":{"c":"4213708"},"geometry":{"type":"Polygon","coordinates":[[[-49.885,-27.306],[-49.892,-27.306],[-49.903,-27.312],[-49.908,-27.314],[-49.912,-27.319],[-49.925,-27.324],[-49.931,-27.324],[-49.932,-27.327],[-49.937,-27.331],[-49.937,-27.334],[-49.941,-27.337],[-49.94,-27.347],[-49.938,-27.351],[-49.931,-27.353],[-49.936,-27.356],[-49.936,-27.359],[-49.933,-27.364],[-49.928,-27.368],[-49.932,-27.37],[-49.934,-27.376],[-49.945,-27.382],[-49.952,-27.382],[-49.949,-27.391],[-49.954,-27.392],[-49.954,-27.398],[-49.957,-27.402],[-49.957,-27.407],[-49.961,-27.405],[-49.965,-27.411],[-49.97,-27.409],[-49.971,-27.412],[-49.978,-27.408],[-49.988,-27.404],[-49.99,-27.406],[-49.984,-27.415],[-49.98,-27.418],[-49.988,-27.418],[-49.99,-27.414],[-49.996,-27.413],[-50.002,-27.405],[-50.007,-27.402],[-50.006,-27.398],[-50.011,-27.398],[-50.012,-27.401],[-50.017,-27.395],[-50.01,-27.388],[-50.014,-27.384],[-50.014,-27.38],[-50.02,-27.376],[-50.019,-27.374],[-50.023,-27.373],[-50.025,-27.376],[-50.033,-27.372],[-50.028,-27.367],[-50.031,-27.367],[-50.03,-27.357],[-50.038,-27.354],[-50.042,-27.349],[-50.044,-27.349],[-50.041,-27.342],[-50.044,-27.335],[-50.041,-27.335],[-50.034,-27.343],[-50.028,-27.344],[-50.023,-27.335],[-50.026,-27.331],[-50.022,-27.329],[-50.019,-27.332],[-50.017,-27.326],[-50.013,-27.322],[-50.012,-27.32],[-50.018,-27.322],[-50.018,-27.325],[-50.033,-27.324],[-50.035,-27.322],[-50.041,-27.322],[-50.048,-27.317],[-50.052,-27.317],[-50.051,-27.319],[-50.055,-27.32],[-50.058,-27.318],[-50.061,-27.322],[-50.063,-27.317],[-50.059,-27.313],[-50.062,-27.314],[-50.064,-27.31],[-50.071,-27.311],[-50.073,-27.308],[-50.071,-27.304],[-50.076,-27.305],[-50.09,-27.301],[-50.087,-27.297],[-50.094,-27.298],[-50.097,-27.296],[-50.099,-27.299],[-50.103,-27.294],[-50.11,-27.292],[-50.116,-27.282],[-50.121,-27.281],[-50.124,-27.276],[-50.13,-27.274],[-50.123,-27.271],[-50.12,-27.264],[-50.11,-27.255],[-50.103,-27.251],[-50.1,-27.246],[-50.095,-27.247],[-50.091,-27.241],[-50.088,-27.244],[-50.081,-27.241],[-50.072,-27.239],[-50.059,-27.226],[-50.065,-27.222],[-50.063,-27.218],[-50.058,-27.217],[-50.052,-27.212],[-50.051,-27.208],[-50.046,-27.206],[-50.046,-27.211],[-50.042,-27.212],[-50.044,-27.217],[-50.04,-27.22],[-50.035,-27.22],[-50.027,-27.222],[-50.023,-27.219],[-50.016,-27.211],[-50.004,-27.213],[-50.001,-27.212],[-49.997,-27.214],[-49.992,-27.211],[-49.991,-27.208],[-49.982,-27.202],[-49.98,-27.203],[-49.976,-27.2],[-49.97,-27.2],[-49.965,-27.196],[-49.941,-27.214],[-49.933,-27.195],[-49.933,-27.189],[-49.919,-27.189],[-49.916,-27.194],[-49.913,-27.219],[-49.896,-27.224],[-49.848,-27.235],[-49.846,-27.233],[-49.843,-27.236],[-49.84,-27.243],[-49.836,-27.247],[-49.833,-27.248],[-49.83,-27.252],[-49.829,-27.258],[-49.826,-27.26],[-49.823,-27.265],[-49.829,-27.264],[-49.836,-27.267],[-49.839,-27.273],[-49.844,-27.272],[-49.847,-27.276],[-49.852,-27.278],[-49.857,-27.278],[-49.862,-27.288],[-49.865,-27.29],[-49.871,-27.296],[-49.875,-27.297],[-49.883,-27.303],[-49.885,-27.306]]]}},{"type":"Feature","properties":{"c":"4213807"},"geometry":{"type":"Polygon","coordinates":[[[-49.958,-29.2],[-49.965,-29.199],[-49.968,-29.203],[-49.971,-29.205],[-49.969,-29.211],[-49.976,-29.215],[-49.979,-29.219],[-49.997,-29.228],[-50.005,-29.225],[-50.01,-29.225],[-50.017,-29.228],[-50.021,-29.228],[-50.026,-29.231],[-50.035,-29.233],[-50.037,-29.238],[-50.041,-29.24],[-50.047,-29.239],[-50.052,-29.242],[-50.056,-29.241],[-50.061,-29.241],[-50.065,-29.244],[-50.063,-29.247],[-50.067,-29.249],[-50.068,-29.245],[-50.071,-29.248],[-50.079,-29.251],[-50.082,-29.25],[-50.089,-29.254],[-50.095,-29.251],[-50.101,-29.256],[-50.108,-29.253],[-50.106,-29.256],[-50.111,-29.258],[-50.114,-29.258],[-50.115,-29.262],[-50.112,-29.267],[-50.114,-29.268],[-50.108,-29.276],[-50.109,-29.279],[-50.101,-29.284],[-50.1,-29.288],[-50.092,-29.294],[-50.092,-29.298],[-50.088,-29.299],[-50.076,-29.308],[-50.069,-29.312],[-50.065,-29.311],[-50.063,-29.315],[-50.059,-29.316],[-50.051,-29.324],[-50.051,-29.329],[-50.049,-29.333],[-50.045,-29.335],[-50.043,-29.34],[-50.035,-29.348],[-50.035,-29.35],[-50.041,-29.355],[-50.039,-29.347],[-50.047,-29.34],[-50.051,-29.339],[-50.06,-29.344],[-50.06,-29.341],[-50.056,-29.339],[-50.069,-29.342],[-50.066,-29.339],[-50.06,-29.339],[-50.06,-29.335],[-50.066,-29.336],[-50.065,-29.333],[-50.058,-29.33],[-50.058,-29.328],[-50.071,-29.329],[-50.074,-29.328],[-50.066,-29.323],[-50.075,-29.324],[-50.072,-29.321],[-50.078,-29.323],[-50.081,-29.321],[-50.088,-29.324],[-50.088,-29.322],[-50.085,-29.315],[-50.088,-29.315],[-50.091,-29.311],[-50.099,-29.311],[-50.104,-29.31],[-50.104,-29.307],[-50.111,-29.306],[-50.113,-29.304],[-50.106,-29.301],[-50.106,-29.298],[-50.116,-29.299],[-50.12,-29.297],[-50.117,-29.292],[-50.124,-29.287],[-50.123,-29.282],[-50.128,-29.282],[-50.13,-29.287],[-50.13,-29.292],[-50.128,-29.298],[-50.131,-29.304],[-50.136,-29.3],[-50.136,-29.297],[-50.139,-29.293],[-50.145,-29.294],[-50.14,-29.29],[-50.141,-29.287],[-50.144,-29.284],[-50.14,-29.282],[-50.144,-29.28],[-50.15,-29.285],[-50.143,-29.276],[-50.144,-29.266],[-50.14,-29.267],[-50.146,-29.262],[-50.146,-29.257],[-50.14,-29.257],[-50.139,-29.254],[-50.149,-29.254],[-50.149,-29.25],[-50.152,-29.248],[-50.156,-29.253],[-50.161,-29.255],[-50.162,-29.252],[-50.155,-29.248],[-50.17,-29.25],[-50.177,-29.249],[-50.172,-29.247],[-50.152,-29.243],[-50.141,-29.238],[-50.139,-29.232],[-50.142,-29.232],[-50.141,-29.228],[-50.151,-29.23],[-50.15,-29.226],[-50.147,-29.219],[-50.144,-29.219],[-50.143,-29.217],[-50.135,-29.215],[-50.137,-29.213],[-50.134,-29.208],[-50.14,-29.207],[-50.141,-29.202],[-50.149,-29.202],[-50.161,-29.204],[-50.158,-29.202],[-50.146,-29.198],[-50.138,-29.194],[-50.138,-29.198],[-50.131,-29.196],[-50.127,-29.198],[-50.12,-29.198],[-50.127,-29.201],[-50.118,-29.202],[-50.121,-29.204],[-50.115,-29.206],[-50.116,-29.209],[-50.111,-29.208],[-50.108,-29.211],[-50.099,-29.211],[-50.093,-29.213],[-50.099,-29.22],[-50.098,-29.222],[-50.102,-29.225],[-50.105,-29.226],[-50.11,-29.223],[-50.113,-29.225],[-50.111,-29.229],[-50.106,-29.229],[-50.111,-29.235],[-50.112,-29.239],[-50.108,-29.235],[-50.102,-29.231],[-50.099,-29.227],[-50.094,-29.224],[-50.092,-29.227],[-50.099,-29.236],[-50.094,-29.237],[-50.091,-29.233],[-50.084,-29.227],[-50.088,-29.223],[-50.085,-29.217],[-50.081,-29.215],[-50.074,-29.217],[-50.067,-29.215],[-50.05,-29.215],[-50.053,-29.213],[-50.067,-29.214],[-50.074,-29.216],[-50.084,-29.214],[-50.091,-29.22],[-50.089,-29.216],[-50.092,-29.217],[-50.09,-29.212],[-50.085,-29.205],[-50.085,-29.198],[-50.09,-29.201],[-50.097,-29.2],[-50.085,-29.194],[-50.089,-29.192],[-50.087,-29.189],[-50.088,-29.184],[-50.091,-29.18],[-50.098,-29.181],[-50.093,-29.178],[-50.097,-29.175],[-50.096,-29.166],[-50.102,-29.164],[-50.1,-29.16],[-50.097,-29.159],[-50.09,-29.161],[-50.081,-29.158],[-50.08,-29.155],[-50.063,-29.155],[-50.068,-29.157],[-50.062,-29.158],[-50.068,-29.159],[-50.073,-29.157],[-50.08,-29.158],[-50.077,-29.159],[-50.09,-29.164],[-50.093,-29.168],[-50.093,-29.171],[-50.086,-29.171],[-50.09,-29.173],[-50.089,-29.175],[-50.08,-29.175],[-50.078,-29.176],[-50.082,-29.18],[-50.081,-29.182],[-50.074,-29.181],[-50.079,-29.185],[-50.073,-29.188],[-50.061,-29.175],[-50.06,-29.18],[-50.067,-29.191],[-50.068,-29.195],[-50.063,-29.186],[-50.054,-29.183],[-50.051,-29.18],[-50.051,-29.185],[-50.043,-29.184],[-50.039,-29.177],[-50.032,-29.175],[-50.031,-29.178],[-50.016,-29.183],[-50.012,-29.183],[-50.022,-29.177],[-50.019,-29.174],[-50.029,-29.172],[-50.024,-29.167],[-50.028,-29.165],[-50.023,-29.164],[-50.022,-29.168],[-50.018,-29.163],[-50.021,-29.158],[-50.021,-29.151],[-50.018,-29.155],[-50.016,-29.153],[-50.009,-29.157],[-50.011,-29.15],[-50.006,-29.15],[-50.009,-29.146],[-50.005,-29.141],[-50.01,-29.139],[-50.007,-29.134],[-50.012,-29.132],[-50.013,-29.127],[-50.008,-29.121],[-50.004,-29.121],[-50.009,-29.126],[-50.006,-29.129],[-50.002,-29.127],[-49.998,-29.131],[-49.994,-29.131],[-49.99,-29.129],[-49.989,-29.132],[-49.992,-29.136],[-49.986,-29.136],[-49.982,-29.139],[-49.978,-29.137],[-49.979,-29.134],[-49.984,-29.137],[-49.987,-29.126],[-49.989,-29.124],[-49.993,-29.118],[-49.983,-29.117],[-49.982,-29.119],[-49.977,-29.116],[-49.978,-29.119],[-49.969,-29.116],[-49.969,-29.121],[-49.963,-29.117],[-49.964,-29.115],[-49.968,-29.115],[-49.968,-29.109],[-49.97,-29.101],[-49.964,-29.1],[-49.967,-29.094],[-49.966,-29.089],[-49.968,-29.084],[-49.965,-29.082],[-49.956,-29.085],[-49.954,-29.077],[-49.959,-29.074],[-49.96,-29.071],[-49.958,-29.068],[-49.955,-29.073],[-49.951,-29.073],[-49.938,-29.084],[-49.932,-29.085],[-49.928,-29.089],[-49.926,-29.093],[-49.923,-29.094],[-49.917,-29.1],[-49.916,-29.103],[-49.904,-29.103],[-49.899,-29.1],[-49.893,-29.101],[-49.882,-29.098],[-49.877,-29.095],[-49.869,-29.097],[-49.866,-29.101],[-49.851,-29.103],[-49.844,-29.109],[-49.838,-29.116],[-49.832,-29.122],[-49.829,-29.128],[-49.826,-29.144],[-49.82,-29.149],[-49.819,-29.152],[-49.825,-29.149],[-49.83,-29.151],[-49.827,-29.156],[-49.831,-29.156],[-49.838,-29.154],[-49.838,-29.159],[-49.835,-29.16],[-49.838,-29.163],[-49.84,-29.16],[-49.844,-29.165],[-49.848,-29.166],[-49.852,-29.165],[-49.855,-29.167],[-49.858,-29.166],[-49.861,-29.169],[-49.872,-29.171],[-49.878,-29.169],[-49.88,-29.172],[-49.885,-29.171],[-49.884,-29.175],[-49.891,-29.175],[-49.894,-29.181],[-49.904,-29.191],[-49.912,-29.192],[-49.911,-29.195],[-49.923,-29.194],[-49.924,-29.197],[-49.929,-29.197],[-49.932,-29.199],[-49.938,-29.198],[-49.94,-29.201],[-49.947,-29.199],[-49.958,-29.2]]]}},{"type":"Feature","properties":{"c":"4213906"},"geometry":{"type":"Polygon","coordinates":[[[-51.815,-27.188],[-51.809,-27.183],[-51.803,-27.184],[-51.798,-27.191],[-51.798,-27.195],[-51.796,-27.199],[-51.791,-27.198],[-51.786,-27.199],[-51.78,-27.203],[-51.775,-27.204],[-51.772,-27.207],[-51.765,-27.208],[-51.757,-27.205],[-51.755,-27.203],[-51.747,-27.206],[-51.741,-27.205],[-51.736,-27.208],[-51.725,-27.207],[-51.72,-27.217],[-51.725,-27.222],[-51.726,-27.228],[-51.731,-27.229],[-51.735,-27.235],[-51.734,-27.239],[-51.737,-27.241],[-51.739,-27.246],[-51.743,-27.245],[-51.747,-27.248],[-51.745,-27.249],[-51.751,-27.252],[-51.754,-27.258],[-51.758,-27.255],[-51.762,-27.254],[-51.765,-27.26],[-51.761,-27.268],[-51.761,-27.274],[-51.758,-27.276],[-51.756,-27.281],[-51.766,-27.281],[-51.768,-27.277],[-51.771,-27.282],[-51.778,-27.283],[-51.782,-27.283],[-51.785,-27.286],[-51.794,-27.288],[-51.796,-27.294],[-51.798,-27.291],[-51.8,-27.283],[-51.795,-27.277],[-51.79,-27.274],[-51.788,-27.268],[-51.79,-27.259],[-51.795,-27.258],[-51.795,-27.253],[-51.8,-27.252],[-51.806,-27.252],[-51.807,-27.25],[-51.811,-27.252],[-51.818,-27.246],[-51.822,-27.246],[-51.824,-27.25],[-51.827,-27.25],[-51.831,-27.252],[-51.833,-27.249],[-51.837,-27.247],[-51.838,-27.25],[-51.84,-27.245],[-51.842,-27.243],[-51.839,-27.238],[-51.842,-27.237],[-51.845,-27.23],[-51.841,-27.229],[-51.833,-27.234],[-51.828,-27.234],[-51.829,-27.231],[-51.833,-27.231],[-51.827,-27.226],[-51.827,-27.223],[-51.824,-27.221],[-51.822,-27.224],[-51.818,-27.221],[-51.813,-27.223],[-51.812,-27.221],[-51.812,-27.216],[-51.816,-27.211],[-51.814,-27.208],[-51.818,-27.205],[-51.816,-27.201],[-51.817,-27.195],[-51.813,-27.192],[-51.815,-27.188]]]}},{"type":"Feature","properties":{"c":"4214003"},"geometry":{"type":"Polygon","coordinates":[[[-49.586,-27.087],[-49.591,-27.088],[-49.599,-27.086],[-49.603,-27.082],[-49.616,-27.08],[-49.619,-27.086],[-49.626,-27.089],[-49.627,-27.092],[-49.634,-27.1],[-49.636,-27.107],[-49.643,-27.108],[-49.656,-27.103],[-49.659,-27.105],[-49.665,-27.11],[-49.667,-27.118],[-49.674,-27.12],[-49.678,-27.119],[-49.694,-27.126],[-49.696,-27.124],[-49.701,-27.131],[-49.709,-27.133],[-49.709,-27.137],[-49.714,-27.139],[-49.717,-27.144],[-49.727,-27.145],[-49.736,-27.149],[-49.743,-27.146],[-49.746,-27.144],[-49.747,-27.137],[-49.757,-27.134],[-49.761,-27.135],[-49.764,-27.132],[-49.767,-27.133],[-49.77,-27.138],[-49.777,-27.139],[-49.785,-27.135],[-49.786,-27.131],[-49.794,-27.13],[-49.795,-27.132],[-49.803,-27.129],[-49.804,-27.12],[-49.812,-27.115],[-49.814,-27.116],[-49.821,-27.112],[-49.824,-27.114],[-49.835,-27.114],[-49.833,-27.11],[-49.835,-27.105],[-49.835,-27.099],[-49.836,-27.091],[-49.835,-27.089],[-49.838,-27.08],[-49.84,-27.079],[-49.843,-27.071],[-49.846,-27.068],[-49.846,-27.06],[-49.844,-27.053],[-49.84,-27.048],[-49.842,-27.046],[-49.841,-27.042],[-49.843,-27.038],[-49.84,-27.033],[-49.846,-27.027],[-49.845,-27.024],[-49.848,-27.019],[-49.848,-27.012],[-49.838,-27.011],[-49.83,-27.014],[-49.828,-27.013],[-49.823,-27.015],[-49.821,-27.014],[-49.82,-27.017],[-49.816,-27.02],[-49.805,-27.018],[-49.801,-27.02],[-49.795,-27.02],[-49.791,-27.022],[-49.781,-27.023],[-49.776,-27.026],[-49.773,-27.025],[-49.771,-27.032],[-49.77,-27.033],[-49.763,-27.032],[-49.763,-27.039],[-49.758,-27.043],[-49.756,-27.049],[-49.746,-27.053],[-49.739,-27.055],[-49.727,-27.061],[-49.722,-27.059],[-49.73,-27.052],[-49.733,-27.047],[-49.738,-27.035],[-49.741,-27.034],[-49.737,-27.033],[-49.736,-27.028],[-49.734,-27.034],[-49.727,-27.04],[-49.723,-27.034],[-49.723,-27.03],[-49.719,-27.038],[-49.712,-27.041],[-49.705,-27.04],[-49.697,-27.043],[-49.694,-27.041],[-49.693,-27.037],[-49.686,-27.03],[-49.681,-27.029],[-49.674,-27.033],[-49.668,-27.033],[-49.67,-27.03],[-49.666,-27.023],[-49.672,-27.022],[-49.681,-27.02],[-49.69,-27.022],[-49.695,-27.025],[-49.705,-27.027],[-49.709,-27.022],[-49.709,-27.016],[-49.705,-27.014],[-49.7,-27.003],[-49.693,-26.995],[-49.683,-27.004],[-49.678,-26.999],[-49.675,-26.999],[-49.677,-26.99],[-49.68,-26.987],[-49.683,-26.988],[-49.687,-26.986],[-49.683,-26.984],[-49.682,-26.974],[-49.686,-26.969],[-49.681,-26.965],[-49.681,-26.953],[-49.688,-26.946],[-49.689,-26.936],[-49.696,-26.929],[-49.69,-26.925],[-49.69,-26.929],[-49.68,-26.942],[-49.68,-26.944],[-49.676,-26.949],[-49.67,-26.951],[-49.657,-26.959],[-49.654,-26.966],[-49.651,-26.97],[-49.641,-26.976],[-49.637,-26.985],[-49.634,-26.988],[-49.632,-26.994],[-49.626,-26.999],[-49.612,-27.003],[-49.605,-27.004],[-49.601,-27.011],[-49.597,-27.02],[-49.593,-27.025],[-49.595,-27.036],[-49.593,-27.04],[-49.59,-27.047],[-49.587,-27.065],[-49.576,-27.08],[-49.586,-27.087]]]}},{"type":"Feature","properties":{"c":"4214102"},"geometry":{"type":"Polygon","coordinates":[[[-49.221,-27.163],[-49.214,-27.165],[-49.211,-27.163],[-49.211,-27.158],[-49.21,-27.16],[-49.203,-27.163],[-49.203,-27.166],[-49.198,-27.176],[-49.196,-27.183],[-49.198,-27.186],[-49.196,-27.189],[-49.198,-27.194],[-49.202,-27.195],[-49.197,-27.197],[-49.196,-27.199],[-49.189,-27.201],[-49.187,-27.204],[-49.191,-27.204],[-49.194,-27.208],[-49.197,-27.207],[-49.2,-27.209],[-49.202,-27.214],[-49.209,-27.214],[-49.21,-27.222],[-49.213,-27.224],[-49.212,-27.227],[-49.215,-27.23],[-49.216,-27.227],[-49.218,-27.23],[-49.222,-27.231],[-49.227,-27.232],[-49.231,-27.231],[-49.234,-27.231],[-49.235,-27.235],[-49.237,-27.233],[-49.239,-27.236],[-49.243,-27.235],[-49.246,-27.237],[-49.253,-27.238],[-49.252,-27.244],[-49.257,-27.246],[-49.257,-27.248],[-49.265,-27.248],[-49.269,-27.249],[-49.27,-27.245],[-49.276,-27.247],[-49.274,-27.249],[-49.276,-27.252],[-49.281,-27.255],[-49.286,-27.261],[-49.289,-27.259],[-49.303,-27.256],[-49.305,-27.261],[-49.302,-27.262],[-49.3,-27.268],[-49.304,-27.268],[-49.304,-27.273],[-49.309,-27.272],[-49.309,-27.275],[-49.312,-27.277],[-49.31,-27.282],[-49.317,-27.286],[-49.314,-27.29],[-49.314,-27.296],[-49.319,-27.304],[-49.319,-27.307],[-49.316,-27.309],[-49.314,-27.314],[-49.317,-27.312],[-49.318,-27.317],[-49.321,-27.317],[-49.321,-27.323],[-49.326,-27.32],[-49.328,-27.315],[-49.335,-27.316],[-49.337,-27.315],[-49.348,-27.314],[-49.351,-27.317],[-49.357,-27.319],[-49.363,-27.323],[-49.368,-27.323],[-49.373,-27.325],[-49.376,-27.324],[-49.386,-27.326],[-49.39,-27.325],[-49.397,-27.328],[-49.399,-27.334],[-49.398,-27.337],[-49.401,-27.343],[-49.405,-27.344],[-49.41,-27.348],[-49.41,-27.352],[-49.413,-27.354],[-49.416,-27.354],[-49.419,-27.351],[-49.438,-27.349],[-49.443,-27.351],[-49.452,-27.35],[-49.456,-27.352],[-49.458,-27.357],[-49.461,-27.354],[-49.464,-27.347],[-49.467,-27.344],[-49.47,-27.338],[-49.474,-27.335],[-49.475,-27.325],[-49.477,-27.321],[-49.482,-27.32],[-49.482,-27.315],[-49.479,-27.311],[-49.478,-27.306],[-49.481,-27.305],[-49.492,-27.301],[-49.486,-27.296],[-49.485,-27.293],[-49.476,-27.289],[-49.465,-27.278],[-49.454,-27.274],[-49.45,-27.267],[-49.449,-27.258],[-49.447,-27.255],[-49.439,-27.257],[-49.428,-27.254],[-49.418,-27.248],[-49.418,-27.245],[-49.415,-27.238],[-49.41,-27.234],[-49.407,-27.235],[-49.403,-27.232],[-49.4,-27.235],[-49.392,-27.236],[-49.384,-27.234],[-49.374,-27.228],[-49.369,-27.231],[-49.362,-27.23],[-49.353,-27.233],[-49.351,-27.236],[-49.343,-27.239],[-49.339,-27.235],[-49.332,-27.233],[-49.326,-27.233],[-49.319,-27.229],[-49.317,-27.226],[-49.312,-27.221],[-49.309,-27.213],[-49.3,-27.213],[-49.294,-27.216],[-49.284,-27.21],[-49.273,-27.209],[-49.269,-27.208],[-49.263,-27.211],[-49.256,-27.203],[-49.252,-27.203],[-49.247,-27.197],[-49.247,-27.196],[-49.245,-27.185],[-49.243,-27.181],[-49.24,-27.18],[-49.234,-27.173],[-49.229,-27.174],[-49.226,-27.172],[-49.225,-27.166],[-49.221,-27.163]]]}},{"type":"Feature","properties":{"c":"4214151"},"geometry":{"type":"Polygon","coordinates":[[[-53.688,-26.443],[-53.689,-26.436],[-53.688,-26.432],[-53.689,-26.429],[-53.685,-26.429],[-53.685,-26.426],[-53.681,-26.425],[-53.681,-26.416],[-53.678,-26.42],[-53.669,-26.425],[-53.666,-26.425],[-53.666,-26.418],[-53.671,-26.414],[-53.666,-26.413],[-53.659,-26.419],[-53.659,-26.415],[-53.655,-26.411],[-53.659,-26.408],[-53.654,-26.407],[-53.649,-26.41],[-53.641,-26.398],[-53.633,-26.396],[-53.634,-26.394],[-53.628,-26.389],[-53.627,-26.386],[-53.623,-26.385],[-53.62,-26.381],[-53.619,-26.377],[-53.604,-26.376],[-53.591,-26.41],[-53.584,-26.416],[-53.583,-26.413],[-53.553,-26.421],[-53.54,-26.425],[-53.541,-26.427],[-53.544,-26.426],[-53.55,-26.437],[-53.556,-26.444],[-53.559,-26.45],[-53.557,-26.454],[-53.56,-26.454],[-53.56,-26.468],[-53.569,-26.465],[-53.571,-26.468],[-53.567,-26.471],[-53.576,-26.483],[-53.577,-26.48],[-53.582,-26.477],[-53.625,-26.473],[-53.632,-26.467],[-53.633,-26.47],[-53.64,-26.465],[-53.64,-26.452],[-53.638,-26.449],[-53.667,-26.444],[-53.688,-26.443]]]}},{"type":"Feature","properties":{"c":"4214201"},"geometry":{"type":"Polygon","coordinates":[[[-52.626,-26.646],[-52.629,-26.651],[-52.626,-26.655],[-52.623,-26.656],[-52.62,-26.655],[-52.615,-26.655],[-52.612,-26.651],[-52.608,-26.654],[-52.607,-26.659],[-52.61,-26.665],[-52.619,-26.667],[-52.62,-26.669],[-52.618,-26.672],[-52.613,-26.673],[-52.607,-26.675],[-52.606,-26.677],[-52.608,-26.689],[-52.611,-26.693],[-52.616,-26.696],[-52.618,-26.7],[-52.614,-26.704],[-52.608,-26.705],[-52.601,-26.702],[-52.599,-26.709],[-52.598,-26.719],[-52.595,-26.724],[-52.606,-26.725],[-52.612,-26.723],[-52.619,-26.726],[-52.621,-26.73],[-52.627,-26.731],[-52.633,-26.728],[-52.637,-26.729],[-52.637,-26.732],[-52.627,-26.74],[-52.63,-26.744],[-52.636,-26.746],[-52.643,-26.745],[-52.647,-26.748],[-52.645,-26.751],[-52.638,-26.754],[-52.629,-26.754],[-52.629,-26.757],[-52.638,-26.761],[-52.639,-26.764],[-52.636,-26.768],[-52.628,-26.769],[-52.623,-26.772],[-52.624,-26.777],[-52.629,-26.779],[-52.634,-26.78],[-52.641,-26.775],[-52.652,-26.763],[-52.649,-26.755],[-52.651,-26.753],[-52.657,-26.753],[-52.664,-26.756],[-52.675,-26.763],[-52.678,-26.764],[-52.689,-26.762],[-52.695,-26.761],[-52.698,-26.763],[-52.696,-26.769],[-52.685,-26.773],[-52.677,-26.78],[-52.668,-26.783],[-52.664,-26.787],[-52.668,-26.797],[-52.669,-26.798],[-52.677,-26.801],[-52.682,-26.805],[-52.686,-26.807],[-52.694,-26.8],[-52.705,-26.801],[-52.714,-26.8],[-52.717,-26.804],[-52.716,-26.809],[-52.713,-26.816],[-52.713,-26.821],[-52.719,-26.822],[-52.726,-26.819],[-52.733,-26.817],[-52.74,-26.819],[-52.744,-26.822],[-52.744,-26.826],[-52.742,-26.832],[-52.744,-26.84],[-52.747,-26.839],[-52.751,-26.832],[-52.756,-26.828],[-52.764,-26.819],[-52.767,-26.81],[-52.771,-26.808],[-52.783,-26.791],[-52.784,-26.788],[-52.787,-26.787],[-52.792,-26.789],[-52.795,-26.786],[-52.799,-26.779],[-52.802,-26.776],[-52.801,-26.767],[-52.804,-26.764],[-52.801,-26.76],[-52.803,-26.756],[-52.803,-26.75],[-52.81,-26.747],[-52.814,-26.741],[-52.814,-26.738],[-52.817,-26.734],[-52.82,-26.732],[-52.819,-26.727],[-52.822,-26.723],[-52.82,-26.721],[-52.819,-26.717],[-52.823,-26.714],[-52.827,-26.7],[-52.833,-26.698],[-52.836,-26.695],[-52.837,-26.692],[-52.843,-26.684],[-52.843,-26.679],[-52.847,-26.672],[-52.846,-26.67],[-52.838,-26.674],[-52.834,-26.682],[-52.829,-26.683],[-52.819,-26.68],[-52.814,-26.68],[-52.81,-26.684],[-52.803,-26.686],[-52.798,-26.682],[-52.789,-26.678],[-52.788,-26.676],[-52.776,-26.672],[-52.758,-26.678],[-52.752,-26.674],[-52.753,-26.665],[-52.749,-26.658],[-52.744,-26.658],[-52.741,-26.658],[-52.736,-26.66],[-52.725,-26.668],[-52.718,-26.672],[-52.709,-26.674],[-52.697,-26.671],[-52.679,-26.673],[-52.678,-26.67],[-52.673,-26.668],[-52.67,-26.668],[-52.667,-26.665],[-52.663,-26.663],[-52.664,-26.661],[-52.662,-26.655],[-52.656,-26.651],[-52.65,-26.652],[-52.639,-26.648],[-52.637,-26.645],[-52.631,-26.642],[-52.626,-26.646]]]}},{"type":"Feature","properties":{"c":"4214300"},"geometry":{"type":"Polygon","coordinates":[[[-49.158,-27.744],[-49.156,-27.741],[-49.159,-27.737],[-49.158,-27.73],[-49.154,-27.721],[-49.156,-27.719],[-49.151,-27.713],[-49.155,-27.711],[-49.158,-27.707],[-49.156,-27.703],[-49.148,-27.697],[-49.147,-27.688],[-49.155,-27.675],[-49.157,-27.674],[-49.165,-27.662],[-49.169,-27.663],[-49.181,-27.662],[-49.195,-27.657],[-49.195,-27.652],[-49.198,-27.651],[-49.202,-27.645],[-49.206,-27.642],[-49.206,-27.638],[-49.21,-27.634],[-49.209,-27.629],[-49.205,-27.62],[-49.208,-27.611],[-49.205,-27.604],[-49.194,-27.596],[-49.19,-27.596],[-49.182,-27.591],[-49.178,-27.596],[-49.174,-27.593],[-49.168,-27.593],[-49.162,-27.59],[-49.154,-27.591],[-49.153,-27.593],[-49.142,-27.592],[-49.142,-27.587],[-49.138,-27.585],[-49.135,-27.592],[-49.135,-27.595],[-49.131,-27.597],[-49.129,-27.6],[-49.089,-27.585],[-49.081,-27.623],[-49.065,-27.649],[-49.01,-27.622],[-49.012,-27.625],[-49.007,-27.63],[-49.002,-27.627],[-48.997,-27.626],[-48.993,-27.631],[-48.989,-27.63],[-48.988,-27.633],[-48.983,-27.629],[-48.978,-27.627],[-48.974,-27.629],[-48.97,-27.634],[-48.968,-27.641],[-48.969,-27.648],[-48.967,-27.653],[-48.961,-27.655],[-48.97,-27.668],[-48.975,-27.671],[-48.978,-27.68],[-48.983,-27.682],[-48.986,-27.685],[-48.986,-27.688],[-48.99,-27.692],[-48.993,-27.699],[-48.997,-27.701],[-48.999,-27.698],[-49.004,-27.701],[-49.007,-27.701],[-49.005,-27.705],[-49.007,-27.706],[-49.009,-27.711],[-49.006,-27.714],[-49.007,-27.721],[-49.011,-27.726],[-49.013,-27.725],[-49.015,-27.73],[-49.014,-27.736],[-49.019,-27.74],[-49.02,-27.747],[-49.023,-27.758],[-49.026,-27.76],[-49.027,-27.769],[-49.031,-27.774],[-49.031,-27.763],[-49.029,-27.755],[-49.03,-27.747],[-49.029,-27.744],[-49.032,-27.741],[-49.033,-27.737],[-49.036,-27.736],[-49.038,-27.742],[-49.04,-27.746],[-49.039,-27.75],[-49.043,-27.754],[-49.041,-27.757],[-49.045,-27.763],[-49.048,-27.764],[-49.053,-27.772],[-49.058,-27.767],[-49.061,-27.765],[-49.063,-27.758],[-49.069,-27.759],[-49.072,-27.763],[-49.078,-27.756],[-49.076,-27.752],[-49.079,-27.751],[-49.084,-27.752],[-49.087,-27.754],[-49.091,-27.751],[-49.094,-27.753],[-49.096,-27.759],[-49.102,-27.764],[-49.107,-27.771],[-49.116,-27.77],[-49.125,-27.761],[-49.127,-27.756],[-49.126,-27.748],[-49.131,-27.746],[-49.141,-27.744],[-49.143,-27.742],[-49.148,-27.744],[-49.153,-27.743],[-49.158,-27.744]]]}},{"type":"Feature","properties":{"c":"4214409"},"geometry":{"type":"Polygon","coordinates":[[[-51.192,-26.851],[-51.184,-26.833],[-51.178,-26.832],[-51.17,-26.835],[-51.162,-26.834],[-51.155,-26.836],[-51.138,-26.839],[-51.136,-26.837],[-51.128,-26.837],[-51.126,-26.841],[-51.124,-26.842],[-51.117,-26.835],[-51.114,-26.836],[-51.105,-26.831],[-51.101,-26.834],[-51.099,-26.837],[-51.095,-26.84],[-51.087,-26.838],[-51.083,-26.841],[-51.077,-26.842],[-51.062,-26.84],[-51.055,-26.84],[-51.049,-26.844],[-51.051,-26.85],[-51.058,-26.851],[-51.053,-26.855],[-51.054,-26.859],[-51.049,-26.858],[-51.047,-26.853],[-51.042,-26.852],[-51.041,-26.854],[-51.042,-26.859],[-51.039,-26.867],[-51.034,-26.862],[-51.031,-26.862],[-51.026,-26.865],[-51.023,-26.864],[-51.024,-26.859],[-51.02,-26.857],[-51.015,-26.863],[-51.007,-26.863],[-51.007,-26.869],[-51.004,-26.871],[-50.996,-26.866],[-50.997,-26.862],[-50.991,-26.864],[-50.99,-26.867],[-50.982,-26.87],[-50.985,-26.873],[-50.989,-26.874],[-50.991,-26.876],[-50.987,-26.881],[-50.975,-26.878],[-50.977,-26.882],[-50.967,-26.884],[-50.971,-26.887],[-50.974,-26.886],[-50.975,-26.889],[-50.972,-26.898],[-50.963,-26.891],[-50.958,-26.893],[-50.955,-26.89],[-50.95,-26.889],[-50.946,-26.886],[-50.941,-26.889],[-50.937,-26.898],[-50.932,-26.899],[-50.93,-26.901],[-50.925,-26.902],[-50.922,-26.9],[-50.921,-26.894],[-50.916,-26.894],[-50.913,-26.896],[-50.908,-26.894],[-50.908,-26.891],[-50.9,-26.885],[-50.895,-26.887],[-50.886,-26.884],[-50.883,-26.887],[-50.88,-26.886],[-50.875,-26.878],[-50.869,-26.878],[-50.859,-26.875],[-50.855,-26.872],[-50.846,-26.87],[-50.846,-26.873],[-50.99,-26.962],[-50.989,-26.966],[-50.982,-26.972],[-50.986,-26.979],[-51.003,-26.978],[-51.003,-26.982],[-51.025,-26.98],[-51.028,-26.973],[-51.032,-26.971],[-51.036,-26.973],[-51.036,-26.979],[-51.04,-26.981],[-51.046,-26.979],[-51.05,-26.982],[-51.045,-26.986],[-51.049,-26.991],[-51.053,-26.988],[-51.064,-26.988],[-51.062,-26.985],[-51.07,-26.981],[-51.117,-26.984],[-51.121,-26.982],[-51.123,-26.977],[-51.123,-26.967],[-51.126,-26.961],[-51.135,-26.964],[-51.138,-26.963],[-51.135,-26.959],[-51.14,-26.953],[-51.144,-26.952],[-51.149,-26.957],[-51.154,-26.958],[-51.155,-26.955],[-51.16,-26.954],[-51.163,-26.942],[-51.163,-26.94],[-51.167,-26.934],[-51.163,-26.928],[-51.167,-26.922],[-51.179,-26.917],[-51.179,-26.912],[-51.178,-26.906],[-51.182,-26.901],[-51.178,-26.896],[-51.182,-26.891],[-51.183,-26.884],[-51.18,-26.881],[-51.18,-26.877],[-51.177,-26.871],[-51.178,-26.868],[-51.182,-26.864],[-51.186,-26.862],[-51.19,-26.857],[-51.189,-26.852],[-51.192,-26.851]]]}},{"type":"Feature","properties":{"c":"4214508"},"geometry":{"type":"Polygon","coordinates":[[[-50.291,-26.97],[-50.287,-26.964],[-50.286,-26.959],[-50.288,-26.955],[-50.282,-26.952],[-50.282,-26.946],[-50.28,-26.944],[-50.282,-26.94],[-50.272,-26.93],[-50.273,-26.922],[-50.277,-26.919],[-50.272,-26.913],[-50.273,-26.91],[-50.271,-26.903],[-50.267,-26.902],[-50.265,-26.899],[-50.265,-26.894],[-50.261,-26.892],[-50.263,-26.889],[-50.261,-26.881],[-50.266,-26.879],[-50.271,-26.879],[-50.276,-26.882],[-50.282,-26.878],[-50.274,-26.868],[-50.27,-26.868],[-50.267,-26.871],[-50.262,-26.868],[-50.259,-26.863],[-50.254,-26.863],[-50.253,-26.859],[-50.254,-26.856],[-50.251,-26.851],[-50.245,-26.853],[-50.242,-26.851],[-50.243,-26.844],[-50.24,-26.837],[-50.229,-26.831],[-50.229,-26.829],[-50.224,-26.823],[-50.222,-26.815],[-50.22,-26.814],[-50.209,-26.814],[-50.207,-26.811],[-50.201,-26.814],[-50.193,-26.81],[-50.192,-26.808],[-50.184,-26.805],[-50.18,-26.798],[-50.178,-26.798],[-50.173,-26.795],[-50.174,-26.792],[-50.162,-26.789],[-50.157,-26.798],[-50.155,-26.796],[-50.143,-26.795],[-50.144,-26.796],[-50.139,-26.802],[-50.132,-26.804],[-50.123,-26.802],[-50.12,-26.806],[-50.117,-26.805],[-50.115,-26.809],[-50.11,-26.813],[-50.107,-26.813],[-50.104,-26.817],[-50.098,-26.817],[-50.092,-26.812],[-50.089,-26.814],[-50.086,-26.81],[-50.078,-26.81],[-50.072,-26.807],[-50.066,-26.809],[-50.071,-26.818],[-50.072,-26.827],[-50.072,-26.833],[-50.068,-26.839],[-50.065,-26.84],[-50.063,-26.833],[-50.057,-26.822],[-50.053,-26.817],[-50.047,-26.816],[-50.046,-26.813],[-50.039,-26.813],[-50.032,-26.814],[-50.028,-26.812],[-50.022,-26.812],[-50.015,-26.811],[-50.014,-26.807],[-49.999,-26.805],[-49.995,-26.802],[-49.991,-26.804],[-49.991,-26.801],[-49.987,-26.798],[-49.984,-26.799],[-49.978,-26.795],[-49.973,-26.799],[-49.969,-26.803],[-49.965,-26.804],[-49.952,-26.802],[-49.95,-26.808],[-49.95,-26.812],[-49.947,-26.816],[-49.95,-26.817],[-49.949,-26.82],[-49.952,-26.821],[-49.95,-26.829],[-49.953,-26.84],[-49.957,-26.845],[-49.955,-26.851],[-49.96,-26.861],[-49.963,-26.865],[-49.967,-26.866],[-49.969,-26.869],[-49.973,-26.868],[-49.975,-26.87],[-49.984,-26.872],[-49.986,-26.876],[-49.994,-26.875],[-50.007,-26.88],[-50.009,-26.888],[-50.017,-26.894],[-50.017,-26.898],[-50.02,-26.901],[-50.018,-26.902],[-50.015,-26.909],[-50.017,-26.913],[-50.022,-26.914],[-50.024,-26.921],[-50.026,-26.923],[-50.032,-26.923],[-50.037,-26.927],[-50.041,-26.928],[-50.044,-26.931],[-50.048,-26.931],[-50.055,-26.936],[-50.059,-26.943],[-50.062,-26.947],[-50.067,-26.954],[-50.069,-26.961],[-50.072,-26.967],[-50.071,-26.972],[-50.075,-26.971],[-50.079,-26.975],[-50.082,-26.974],[-50.087,-26.975],[-50.091,-26.978],[-50.09,-26.986],[-50.092,-26.988],[-50.068,-27.033],[-50.072,-27.029],[-50.077,-27.027],[-50.091,-27.023],[-50.094,-27.021],[-50.094,-27.025],[-50.101,-27.02],[-50.111,-27.015],[-50.116,-27.015],[-50.107,-27.01],[-50.103,-27.009],[-50.111,-27.005],[-50.112,-27.003],[-50.11,-27.0],[-50.102,-26.999],[-50.1,-26.996],[-50.105,-26.996],[-50.105,-26.99],[-50.115,-26.99],[-50.12,-26.987],[-50.13,-26.986],[-50.134,-26.985],[-50.147,-26.989],[-50.152,-26.986],[-50.168,-26.984],[-50.177,-26.982],[-50.236,-26.986],[-50.265,-26.977],[-50.291,-26.97]]]}},{"type":"Feature","properties":{"c":"4214607"},"geometry":{"type":"Polygon","coordinates":[[[-49.802,-27.248],[-49.808,-27.259],[-49.809,-27.263],[-49.812,-27.266],[-49.816,-27.267],[-49.82,-27.264],[-49.823,-27.265],[-49.826,-27.26],[-49.829,-27.258],[-49.83,-27.252],[-49.833,-27.248],[-49.836,-27.247],[-49.84,-27.243],[-49.843,-27.236],[-49.846,-27.233],[-49.848,-27.235],[-49.896,-27.224],[-49.913,-27.219],[-49.916,-27.194],[-49.919,-27.189],[-49.933,-27.189],[-49.927,-27.181],[-49.928,-27.177],[-49.925,-27.175],[-49.921,-27.164],[-49.917,-27.158],[-49.917,-27.154],[-49.915,-27.145],[-49.909,-27.152],[-49.908,-27.15],[-49.911,-27.145],[-49.908,-27.14],[-49.901,-27.137],[-49.903,-27.141],[-49.902,-27.15],[-49.901,-27.151],[-49.896,-27.148],[-49.894,-27.148],[-49.891,-27.143],[-49.893,-27.122],[-49.895,-27.112],[-49.895,-27.107],[-49.899,-27.103],[-49.876,-27.021],[-49.872,-27.025],[-49.868,-27.026],[-49.863,-27.023],[-49.845,-27.024],[-49.846,-27.027],[-49.84,-27.033],[-49.843,-27.038],[-49.841,-27.042],[-49.842,-27.046],[-49.84,-27.048],[-49.844,-27.053],[-49.846,-27.06],[-49.846,-27.068],[-49.843,-27.071],[-49.84,-27.079],[-49.838,-27.08],[-49.835,-27.089],[-49.836,-27.091],[-49.835,-27.099],[-49.835,-27.105],[-49.833,-27.11],[-49.835,-27.114],[-49.824,-27.114],[-49.821,-27.112],[-49.814,-27.116],[-49.812,-27.115],[-49.804,-27.12],[-49.803,-27.129],[-49.795,-27.132],[-49.794,-27.13],[-49.786,-27.131],[-49.785,-27.135],[-49.777,-27.139],[-49.77,-27.138],[-49.767,-27.133],[-49.764,-27.132],[-49.761,-27.135],[-49.757,-27.134],[-49.747,-27.137],[-49.746,-27.144],[-49.743,-27.146],[-49.747,-27.149],[-49.755,-27.153],[-49.76,-27.174],[-49.758,-27.175],[-49.752,-27.175],[-49.753,-27.18],[-49.759,-27.194],[-49.761,-27.197],[-49.758,-27.202],[-49.764,-27.208],[-49.768,-27.209],[-49.77,-27.212],[-49.769,-27.217],[-49.766,-27.219],[-49.766,-27.222],[-49.776,-27.224],[-49.778,-27.229],[-49.781,-27.232],[-49.783,-27.237],[-49.789,-27.241],[-49.794,-27.241],[-49.798,-27.238],[-49.803,-27.242],[-49.799,-27.245],[-49.802,-27.248]]]}},{"type":"Feature","properties":{"c":"4214706"},"geometry":{"type":"Polygon","coordinates":[[[-49.335,-26.746],[-49.333,-26.74],[-49.333,-26.735],[-49.338,-26.734],[-49.341,-26.725],[-49.345,-26.723],[-49.355,-26.724],[-49.357,-26.715],[-49.356,-26.71],[-49.366,-26.702],[-49.367,-26.696],[-49.373,-26.694],[-49.376,-26.696],[-49.38,-26.695],[-49.386,-26.685],[-49.391,-26.683],[-49.398,-26.675],[-49.399,-26.671],[-49.406,-26.67],[-49.412,-26.668],[-49.417,-26.661],[-49.42,-26.662],[-49.424,-26.66],[-49.431,-26.658],[-49.437,-26.658],[-49.444,-26.655],[-49.449,-26.648],[-49.456,-26.65],[-49.461,-26.649],[-49.464,-26.651],[-49.468,-26.651],[-49.473,-26.648],[-49.478,-26.649],[-49.482,-26.648],[-49.486,-26.652],[-49.486,-26.657],[-49.488,-26.66],[-49.494,-26.662],[-49.498,-26.662],[-49.498,-26.658],[-49.502,-26.655],[-49.502,-26.651],[-49.495,-26.646],[-49.496,-26.641],[-49.5,-26.638],[-49.498,-26.636],[-49.498,-26.63],[-49.495,-26.623],[-49.491,-26.62],[-49.486,-26.61],[-49.492,-26.608],[-49.497,-26.604],[-49.504,-26.601],[-49.508,-26.598],[-49.507,-26.594],[-49.509,-26.582],[-49.507,-26.578],[-49.517,-26.576],[-49.524,-26.57],[-49.525,-26.568],[-49.531,-26.565],[-49.537,-26.565],[-49.541,-26.567],[-49.543,-26.566],[-49.552,-26.568],[-49.554,-26.566],[-49.565,-26.566],[-49.565,-26.557],[-49.562,-26.553],[-49.562,-26.549],[-49.559,-26.548],[-49.558,-26.545],[-49.552,-26.541],[-49.549,-26.537],[-49.551,-26.534],[-49.547,-26.526],[-49.542,-26.527],[-49.538,-26.523],[-49.533,-26.526],[-49.519,-26.525],[-49.515,-26.522],[-49.504,-26.518],[-49.5,-26.513],[-49.492,-26.508],[-49.487,-26.508],[-49.48,-26.511],[-49.47,-26.508],[-49.463,-26.502],[-49.458,-26.504],[-49.452,-26.502],[-49.448,-26.495],[-49.441,-26.489],[-49.434,-26.492],[-49.433,-26.495],[-49.429,-26.496],[-49.424,-26.498],[-49.422,-26.504],[-49.417,-26.51],[-49.413,-26.51],[-49.406,-26.506],[-49.405,-26.501],[-49.396,-26.499],[-49.391,-26.494],[-49.389,-26.496],[-49.383,-26.492],[-49.378,-26.493],[-49.377,-26.488],[-49.371,-26.489],[-49.369,-26.491],[-49.366,-26.491],[-49.363,-26.496],[-49.359,-26.499],[-49.357,-26.498],[-49.354,-26.503],[-49.356,-26.513],[-49.351,-26.52],[-49.348,-26.519],[-49.346,-26.523],[-49.341,-26.524],[-49.338,-26.527],[-49.337,-26.533],[-49.332,-26.539],[-49.329,-26.539],[-49.323,-26.542],[-49.319,-26.542],[-49.31,-26.539],[-49.304,-26.541],[-49.3,-26.539],[-49.293,-26.543],[-49.291,-26.547],[-49.29,-26.561],[-49.299,-26.571],[-49.296,-26.578],[-49.29,-26.586],[-49.288,-26.59],[-49.289,-26.599],[-49.287,-26.604],[-49.285,-26.607],[-49.276,-26.608],[-49.272,-26.614],[-49.265,-26.613],[-49.262,-26.617],[-49.258,-26.615],[-49.251,-26.614],[-49.25,-26.611],[-49.246,-26.611],[-49.245,-26.614],[-49.236,-26.617],[-49.224,-26.612],[-49.221,-26.612],[-49.22,-26.619],[-49.223,-26.621],[-49.22,-26.62],[-49.217,-26.624],[-49.219,-26.626],[-49.218,-26.629],[-49.223,-26.635],[-49.221,-26.641],[-49.217,-26.644],[-49.218,-26.647],[-49.215,-26.655],[-49.218,-26.661],[-49.217,-26.667],[-49.223,-26.667],[-49.224,-26.673],[-49.223,-26.676],[-49.226,-26.68],[-49.226,-26.684],[-49.234,-26.69],[-49.232,-26.695],[-49.234,-26.698],[-49.233,-26.702],[-49.23,-26.708],[-49.234,-26.712],[-49.233,-26.725],[-49.236,-26.73],[-49.233,-26.738],[-49.233,-26.742],[-49.235,-26.745],[-49.232,-26.746],[-49.231,-26.751],[-49.223,-26.752],[-49.214,-26.755],[-49.224,-26.773],[-49.272,-26.764],[-49.335,-26.746]]]}},{"type":"Feature","properties":{"c":"4214805"},"geometry":{"type":"Polygon","coordinates":[[[-49.586,-27.087],[-49.588,-27.093],[-49.595,-27.098],[-49.596,-27.108],[-49.595,-27.113],[-49.589,-27.116],[-49.591,-27.119],[-49.592,-27.128],[-49.59,-27.143],[-49.572,-27.143],[-49.576,-27.171],[-49.564,-27.192],[-49.566,-27.194],[-49.559,-27.201],[-49.557,-27.207],[-49.551,-27.212],[-49.548,-27.213],[-49.548,-27.216],[-49.543,-27.219],[-49.545,-27.23],[-49.55,-27.232],[-49.552,-27.234],[-49.551,-27.24],[-49.543,-27.253],[-49.539,-27.253],[-49.534,-27.258],[-49.535,-27.261],[-49.532,-27.264],[-49.531,-27.27],[-49.527,-27.272],[-49.53,-27.274],[-49.542,-27.277],[-49.548,-27.277],[-49.551,-27.275],[-49.557,-27.277],[-49.565,-27.276],[-49.569,-27.269],[-49.572,-27.268],[-49.579,-27.26],[-49.584,-27.262],[-49.587,-27.266],[-49.593,-27.271],[-49.598,-27.271],[-49.606,-27.278],[-49.612,-27.278],[-49.62,-27.285],[-49.625,-27.285],[-49.631,-27.278],[-49.636,-27.278],[-49.64,-27.276],[-49.659,-27.279],[-49.659,-27.283],[-49.665,-27.284],[-49.671,-27.289],[-49.682,-27.291],[-49.684,-27.289],[-49.693,-27.29],[-49.695,-27.284],[-49.697,-27.281],[-49.694,-27.275],[-49.696,-27.269],[-49.696,-27.256],[-49.699,-27.25],[-49.691,-27.245],[-49.688,-27.24],[-49.691,-27.23],[-49.698,-27.229],[-49.699,-27.217],[-49.695,-27.215],[-49.69,-27.21],[-49.694,-27.205],[-49.698,-27.206],[-49.697,-27.201],[-49.692,-27.202],[-49.685,-27.199],[-49.689,-27.196],[-49.693,-27.191],[-49.699,-27.188],[-49.705,-27.186],[-49.702,-27.182],[-49.702,-27.178],[-49.706,-27.174],[-49.706,-27.16],[-49.711,-27.153],[-49.71,-27.151],[-49.715,-27.15],[-49.717,-27.144],[-49.714,-27.139],[-49.709,-27.137],[-49.709,-27.133],[-49.701,-27.131],[-49.696,-27.124],[-49.694,-27.126],[-49.678,-27.119],[-49.674,-27.12],[-49.667,-27.118],[-49.665,-27.11],[-49.659,-27.105],[-49.656,-27.103],[-49.643,-27.108],[-49.636,-27.107],[-49.634,-27.1],[-49.627,-27.092],[-49.626,-27.089],[-49.619,-27.086],[-49.616,-27.08],[-49.603,-27.082],[-49.599,-27.086],[-49.591,-27.088],[-49.586,-27.087]]]}},{"type":"Feature","properties":{"c":"4214904"},"geometry":{"type":"Polygon","coordinates":[[[-49.199,-28.155],[-49.216,-28.163],[-49.223,-28.162],[-49.226,-28.159],[-49.235,-28.156],[-49.241,-28.158],[-49.246,-28.156],[-49.246,-28.153],[-49.25,-28.153],[-49.252,-28.151],[-49.252,-28.146],[-49.248,-28.142],[-49.249,-28.138],[-49.252,-28.137],[-49.253,-28.13],[-49.26,-28.122],[-49.261,-28.12],[-49.267,-28.116],[-49.268,-28.112],[-49.277,-28.11],[-49.284,-28.112],[-49.289,-28.111],[-49.293,-28.108],[-49.297,-28.104],[-49.296,-28.101],[-49.3,-28.095],[-49.299,-28.094],[-49.301,-28.086],[-49.304,-28.081],[-49.305,-28.076],[-49.304,-28.07],[-49.307,-28.067],[-49.306,-28.064],[-49.307,-28.057],[-49.316,-28.049],[-49.325,-28.046],[-49.33,-28.039],[-49.33,-28.035],[-49.336,-28.029],[-49.339,-28.028],[-49.342,-28.017],[-49.341,-28.008],[-49.338,-28.006],[-49.335,-27.995],[-49.333,-27.997],[-49.327,-27.997],[-49.33,-27.994],[-49.326,-27.986],[-49.322,-27.984],[-49.317,-27.983],[-49.311,-27.972],[-49.308,-27.97],[-49.304,-27.978],[-49.301,-27.986],[-49.292,-27.991],[-49.289,-27.997],[-49.291,-28.004],[-49.286,-28.015],[-49.282,-28.018],[-49.28,-28.023],[-49.277,-28.023],[-49.274,-28.026],[-49.268,-28.03],[-49.261,-28.029],[-49.256,-28.026],[-49.252,-28.021],[-49.24,-28.02],[-49.241,-28.017],[-49.237,-28.017],[-49.235,-28.022],[-49.232,-28.024],[-49.229,-28.021],[-49.223,-28.022],[-49.219,-28.026],[-49.221,-28.029],[-49.221,-28.035],[-49.214,-28.037],[-49.216,-28.041],[-49.208,-28.046],[-49.202,-28.048],[-49.196,-28.053],[-49.193,-28.057],[-49.193,-28.061],[-49.19,-28.061],[-49.185,-28.066],[-49.189,-28.067],[-49.191,-28.071],[-49.189,-28.074],[-49.186,-28.07],[-49.183,-28.073],[-49.18,-28.073],[-49.172,-28.079],[-49.171,-28.078],[-49.165,-28.081],[-49.165,-28.083],[-49.158,-28.085],[-49.155,-28.09],[-49.082,-28.046],[-49.07,-28.053],[-49.063,-28.06],[-49.062,-28.064],[-49.065,-28.067],[-49.063,-28.075],[-49.064,-28.089],[-49.06,-28.09],[-49.064,-28.098],[-49.062,-28.105],[-49.066,-28.112],[-49.063,-28.112],[-49.064,-28.116],[-49.059,-28.12],[-49.057,-28.126],[-49.059,-28.127],[-49.056,-28.132],[-49.056,-28.138],[-49.052,-28.143],[-49.044,-28.145],[-49.04,-28.151],[-49.035,-28.148],[-49.031,-28.151],[-49.032,-28.155],[-49.037,-28.157],[-49.042,-28.161],[-49.046,-28.158],[-49.05,-28.159],[-49.056,-28.165],[-49.059,-28.164],[-49.061,-28.168],[-49.069,-28.174],[-49.08,-28.187],[-49.077,-28.19],[-49.082,-28.186],[-49.08,-28.184],[-49.081,-28.177],[-49.085,-28.173],[-49.094,-28.177],[-49.098,-28.17],[-49.109,-28.172],[-49.114,-28.171],[-49.116,-28.173],[-49.128,-28.162],[-49.136,-28.166],[-49.14,-28.163],[-49.143,-28.165],[-49.145,-28.171],[-49.149,-28.172],[-49.151,-28.166],[-49.149,-28.164],[-49.154,-28.16],[-49.154,-28.156],[-49.158,-28.159],[-49.163,-28.159],[-49.164,-28.152],[-49.17,-28.15],[-49.172,-28.145],[-49.172,-28.141],[-49.199,-28.155]]]}},{"type":"Feature","properties":{"c":"4215000"},"geometry":{"type":"Polygon","coordinates":[[[-49.487,-26.194],[-49.484,-26.195],[-49.483,-26.198],[-49.485,-26.206],[-49.483,-26.212],[-49.478,-26.217],[-49.48,-26.221],[-49.477,-26.225],[-49.477,-26.23],[-49.471,-26.241],[-49.47,-26.281],[-49.474,-26.284],[-49.479,-26.282],[-49.481,-26.289],[-49.475,-26.291],[-49.471,-26.294],[-49.475,-26.295],[-49.477,-26.303],[-49.472,-26.302],[-49.47,-26.306],[-49.468,-26.301],[-49.466,-26.306],[-49.469,-26.311],[-49.466,-26.313],[-49.469,-26.315],[-49.469,-26.318],[-49.466,-26.322],[-49.469,-26.324],[-49.465,-26.332],[-49.467,-26.337],[-49.464,-26.34],[-49.467,-26.345],[-49.466,-26.352],[-49.468,-26.359],[-49.471,-26.362],[-49.466,-26.363],[-49.461,-26.372],[-49.461,-26.375],[-49.459,-26.382],[-49.454,-26.39],[-49.463,-26.399],[-49.465,-26.408],[-49.468,-26.415],[-49.474,-26.421],[-49.484,-26.42],[-49.488,-26.427],[-49.496,-26.428],[-49.494,-26.43],[-49.492,-26.44],[-49.489,-26.44],[-49.485,-26.446],[-49.479,-26.447],[-49.475,-26.455],[-49.471,-26.455],[-49.472,-26.459],[-49.47,-26.466],[-49.467,-26.467],[-49.466,-26.472],[-49.462,-26.478],[-49.45,-26.484],[-49.449,-26.486],[-49.441,-26.489],[-49.448,-26.495],[-49.452,-26.502],[-49.458,-26.504],[-49.463,-26.502],[-49.47,-26.508],[-49.48,-26.511],[-49.487,-26.508],[-49.492,-26.508],[-49.5,-26.513],[-49.504,-26.518],[-49.515,-26.522],[-49.519,-26.525],[-49.533,-26.526],[-49.538,-26.523],[-49.542,-26.527],[-49.547,-26.526],[-49.551,-26.534],[-49.549,-26.537],[-49.552,-26.541],[-49.558,-26.545],[-49.559,-26.548],[-49.562,-26.549],[-49.562,-26.553],[-49.565,-26.557],[-49.565,-26.566],[-49.567,-26.567],[-49.568,-26.572],[-49.571,-26.575],[-49.574,-26.575],[-49.58,-26.58],[-49.582,-26.585],[-49.58,-26.588],[-49.578,-26.596],[-49.581,-26.601],[-49.584,-26.603],[-49.583,-26.612],[-49.585,-26.615],[-49.586,-26.625],[-49.589,-26.627],[-49.594,-26.627],[-49.599,-26.634],[-49.603,-26.634],[-49.604,-26.637],[-49.608,-26.637],[-49.612,-26.639],[-49.616,-26.639],[-49.619,-26.643],[-49.618,-26.649],[-49.62,-26.653],[-49.62,-26.658],[-49.623,-26.664],[-49.619,-26.67],[-49.619,-26.674],[-49.614,-26.691],[-49.617,-26.693],[-49.616,-26.701],[-49.618,-26.704],[-49.622,-26.704],[-49.628,-26.699],[-49.639,-26.692],[-49.644,-26.694],[-49.652,-26.693],[-49.663,-26.688],[-49.669,-26.689],[-49.671,-26.691],[-49.678,-26.694],[-49.686,-26.693],[-49.694,-26.687],[-49.694,-26.68],[-49.7,-26.675],[-49.707,-26.664],[-49.705,-26.662],[-49.707,-26.656],[-49.707,-26.648],[-49.702,-26.645],[-49.7,-26.638],[-49.693,-26.632],[-49.688,-26.63],[-49.686,-26.627],[-49.683,-26.63],[-49.678,-26.627],[-49.676,-26.624],[-49.68,-26.623],[-49.685,-26.62],[-49.686,-26.614],[-49.687,-26.602],[-49.686,-26.594],[-49.687,-26.588],[-49.692,-26.58],[-49.693,-26.574],[-49.701,-26.568],[-49.707,-26.572],[-49.711,-26.567],[-49.716,-26.564],[-49.716,-26.561],[-49.72,-26.559],[-49.725,-26.559],[-49.733,-26.549],[-49.734,-26.543],[-49.733,-26.536],[-49.735,-26.53],[-49.735,-26.523],[-49.737,-26.518],[-49.74,-26.518],[-49.742,-26.51],[-49.746,-26.506],[-49.751,-26.502],[-49.752,-26.499],[-49.758,-26.495],[-49.757,-26.486],[-49.761,-26.48],[-49.762,-26.475],[-49.759,-26.474],[-49.761,-26.471],[-49.755,-26.47],[-49.753,-26.471],[-49.749,-26.469],[-49.753,-26.468],[-49.758,-26.463],[-49.762,-26.462],[-49.758,-26.458],[-49.75,-26.457],[-49.75,-26.447],[-49.744,-26.445],[-49.744,-26.442],[-49.748,-26.436],[-49.747,-26.434],[-49.74,-26.434],[-49.739,-26.427],[-49.737,-26.425],[-49.73,-26.421],[-49.73,-26.417],[-49.726,-26.421],[-49.728,-26.422],[-49.728,-26.429],[-49.724,-26.425],[-49.721,-26.415],[-49.714,-26.413],[-49.715,-26.421],[-49.712,-26.424],[-49.712,-26.414],[-49.707,-26.411],[-49.709,-26.407],[-49.706,-26.406],[-49.703,-26.41],[-49.701,-26.407],[-49.704,-26.405],[-49.703,-26.402],[-49.699,-26.403],[-49.697,-26.407],[-49.697,-26.402],[-49.698,-26.396],[-49.688,-26.395],[-49.688,-26.392],[-49.692,-26.391],[-49.69,-26.388],[-49.688,-26.391],[-49.684,-26.387],[-49.677,-26.393],[-49.671,-26.391],[-49.668,-26.386],[-49.665,-26.384],[-49.665,-26.379],[-49.656,-26.38],[-49.65,-26.377],[-49.649,-26.38],[-49.643,-26.377],[-49.639,-26.374],[-49.635,-26.377],[-49.636,-26.381],[-49.633,-26.38],[-49.632,-26.372],[-49.639,-26.37],[-49.64,-26.366],[-49.636,-26.365],[-49.635,-26.361],[-49.64,-26.363],[-49.651,-26.365],[-49.65,-26.361],[-49.646,-26.359],[-49.65,-26.355],[-49.644,-26.355],[-49.65,-26.353],[-49.652,-26.354],[-49.652,-26.348],[-49.646,-26.346],[-49.644,-26.343],[-49.64,-26.341],[-49.638,-26.343],[-49.629,-26.341],[-49.631,-26.345],[-49.629,-26.345],[-49.625,-26.342],[-49.628,-26.336],[-49.625,-26.33],[-49.622,-26.332],[-49.622,-26.335],[-49.616,-26.338],[-49.611,-26.336],[-49.613,-26.329],[-49.621,-26.322],[-49.619,-26.316],[-49.613,-26.316],[-49.612,-26.313],[-49.619,-26.314],[-49.626,-26.31],[-49.624,-26.306],[-49.626,-26.305],[-49.633,-26.307],[-49.633,-26.302],[-49.63,-26.298],[-49.631,-26.294],[-49.628,-26.296],[-49.617,-26.294],[-49.618,-26.292],[-49.622,-26.291],[-49.627,-26.289],[-49.632,-26.29],[-49.633,-26.287],[-49.626,-26.285],[-49.623,-26.28],[-49.627,-26.272],[-49.622,-26.269],[-49.619,-26.266],[-49.621,-26.262],[-49.618,-26.257],[-49.617,-26.251],[-49.622,-26.244],[-49.621,-26.24],[-49.615,-26.241],[-49.618,-26.234],[-49.615,-26.23],[-49.613,-26.231],[-49.612,-26.226],[-49.606,-26.225],[-49.603,-26.227],[-49.601,-26.228],[-49.6,-26.223],[-49.597,-26.221],[-49.593,-26.223],[-49.588,-26.217],[-49.587,-26.219],[-49.589,-26.226],[-49.592,-26.229],[-49.591,-26.232],[-49.583,-26.23],[-49.579,-26.228],[-49.581,-26.225],[-49.58,-26.218],[-49.578,-26.214],[-49.571,-26.225],[-49.567,-26.233],[-49.56,-26.237],[-49.554,-26.237],[-49.552,-26.233],[-49.55,-26.233],[-49.547,-26.228],[-49.552,-26.226],[-49.545,-26.225],[-49.538,-26.23],[-49.536,-26.226],[-49.541,-26.226],[-49.543,-26.224],[-49.54,-26.22],[-49.542,-26.214],[-49.538,-26.213],[-49.534,-26.216],[-49.533,-26.221],[-49.529,-26.224],[-49.531,-26.219],[-49.529,-26.217],[-49.522,-26.221],[-49.521,-26.227],[-49.512,-26.221],[-49.509,-26.225],[-49.505,-26.227],[-49.502,-26.22],[-49.496,-26.221],[-49.498,-26.219],[-49.496,-26.216],[-49.491,-26.214],[-49.49,-26.211],[-49.495,-26.211],[-49.498,-26.208],[-49.5,-26.203],[-49.497,-26.202],[-49.494,-26.204],[-49.487,-26.194]]]}},{"type":"Feature","properties":{"c":"4215059"},"geometry":{"type":"Polygon","coordinates":[[[-49.866,-27.911],[-49.87,-27.908],[-49.868,-27.903],[-49.869,-27.9],[-49.859,-27.891],[-49.854,-27.89],[-49.847,-27.885],[-49.838,-27.888],[-49.834,-27.884],[-49.835,-27.881],[-49.832,-27.877],[-49.827,-27.876],[-49.823,-27.872],[-49.817,-27.868],[-49.809,-27.867],[-49.809,-27.864],[-49.805,-27.86],[-49.807,-27.855],[-49.804,-27.849],[-49.799,-27.842],[-49.796,-27.839],[-49.791,-27.828],[-49.787,-27.823],[-49.787,-27.82],[-49.784,-27.816],[-49.78,-27.811],[-49.778,-27.804],[-49.776,-27.815],[-49.779,-27.822],[-49.781,-27.823],[-49.785,-27.831],[-49.78,-27.832],[-49.777,-27.831],[-49.772,-27.832],[-49.769,-27.83],[-49.769,-27.826],[-49.764,-27.822],[-49.762,-27.817],[-49.757,-27.815],[-49.754,-27.821],[-49.749,-27.826],[-49.744,-27.827],[-49.735,-27.823],[-49.733,-27.823],[-49.734,-27.827],[-49.736,-27.829],[-49.738,-27.838],[-49.743,-27.839],[-49.744,-27.835],[-49.75,-27.83],[-49.755,-27.827],[-49.76,-27.833],[-49.761,-27.838],[-49.759,-27.84],[-49.754,-27.838],[-49.754,-27.843],[-49.752,-27.845],[-49.754,-27.851],[-49.752,-27.855],[-49.745,-27.849],[-49.739,-27.848],[-49.74,-27.853],[-49.734,-27.852],[-49.735,-27.848],[-49.73,-27.846],[-49.727,-27.842],[-49.716,-27.838],[-49.712,-27.841],[-49.704,-27.842],[-49.697,-27.839],[-49.692,-27.834],[-49.687,-27.833],[-49.686,-27.838],[-49.682,-27.838],[-49.672,-27.848],[-49.667,-27.85],[-49.663,-27.855],[-49.658,-27.857],[-49.655,-27.861],[-49.652,-27.868],[-49.652,-27.871],[-49.646,-27.875],[-49.645,-27.88],[-49.638,-27.882],[-49.63,-27.885],[-49.623,-27.892],[-49.615,-27.895],[-49.61,-27.893],[-49.607,-27.901],[-49.613,-27.902],[-49.623,-27.908],[-49.628,-27.905],[-49.636,-27.908],[-49.639,-27.906],[-49.645,-27.908],[-49.652,-27.906],[-49.658,-27.909],[-49.667,-27.91],[-49.675,-27.912],[-49.686,-27.917],[-49.692,-27.918],[-49.7,-27.917],[-49.703,-27.918],[-49.705,-27.924],[-49.709,-27.93],[-49.708,-27.937],[-49.713,-27.942],[-49.715,-27.942],[-49.716,-27.951],[-49.713,-27.954],[-49.714,-27.956],[-49.714,-27.963],[-49.715,-27.967],[-49.715,-27.975],[-49.712,-27.98],[-49.714,-27.989],[-49.711,-27.996],[-49.712,-27.998],[-49.71,-28.007],[-49.716,-28.014],[-49.715,-28.023],[-49.716,-28.029],[-49.719,-28.029],[-49.724,-28.025],[-49.727,-28.025],[-49.734,-28.03],[-49.739,-28.027],[-49.742,-28.028],[-49.745,-28.032],[-49.752,-28.026],[-49.754,-28.022],[-49.76,-28.021],[-49.763,-28.014],[-49.765,-28.013],[-49.767,-28.005],[-49.773,-28.001],[-49.774,-27.998],[-49.779,-27.998],[-49.783,-28.001],[-49.785,-27.998],[-49.794,-27.993],[-49.792,-27.987],[-49.794,-27.982],[-49.801,-27.98],[-49.805,-27.976],[-49.804,-27.971],[-49.806,-27.966],[-49.812,-27.963],[-49.815,-27.964],[-49.82,-27.971],[-49.823,-27.971],[-49.832,-27.967],[-49.834,-27.964],[-49.842,-27.961],[-49.847,-27.957],[-49.846,-27.954],[-49.855,-27.95],[-49.851,-27.946],[-49.846,-27.943],[-49.84,-27.937],[-49.848,-27.934],[-49.855,-27.924],[-49.855,-27.918],[-49.859,-27.914],[-49.866,-27.911]]]}},{"type":"Feature","properties":{"c":"4215075"},"geometry":{"type":"Polygon","coordinates":[[[-53.33,-27.089],[-53.348,-27.077],[-53.346,-27.075],[-53.348,-27.07],[-53.367,-27.067],[-53.369,-27.064],[-53.367,-27.058],[-53.368,-27.051],[-53.37,-27.044],[-53.367,-27.038],[-53.372,-27.036],[-53.384,-27.037],[-53.394,-27.037],[-53.397,-27.035],[-53.402,-27.029],[-53.401,-27.026],[-53.397,-27.025],[-53.389,-27.03],[-53.383,-27.031],[-53.378,-27.029],[-53.375,-27.015],[-53.38,-27.005],[-53.379,-26.997],[-53.382,-26.993],[-53.386,-26.998],[-53.388,-26.998],[-53.392,-26.995],[-53.397,-26.987],[-53.397,-26.984],[-53.391,-26.981],[-53.391,-26.979],[-53.398,-26.976],[-53.397,-26.955],[-53.4,-26.952],[-53.409,-26.953],[-53.411,-26.952],[-53.411,-26.946],[-53.409,-26.942],[-53.406,-26.941],[-53.399,-26.943],[-53.393,-26.942],[-53.39,-26.938],[-53.391,-26.934],[-53.398,-26.93],[-53.411,-26.927],[-53.408,-26.922],[-53.408,-26.916],[-53.406,-26.906],[-53.408,-26.9],[-53.419,-26.897],[-53.421,-26.895],[-53.424,-26.889],[-53.422,-26.888],[-53.414,-26.891],[-53.408,-26.889],[-53.403,-26.889],[-53.4,-26.892],[-53.395,-26.895],[-53.393,-26.892],[-53.389,-26.895],[-53.382,-26.887],[-53.384,-26.884],[-53.374,-26.887],[-53.377,-26.883],[-53.375,-26.881],[-53.377,-26.878],[-53.375,-26.876],[-53.369,-26.881],[-53.363,-26.887],[-53.356,-26.891],[-53.352,-26.896],[-53.335,-26.899],[-53.334,-26.899],[-53.325,-26.909],[-53.32,-26.912],[-53.319,-26.91],[-53.3,-26.919],[-53.294,-26.924],[-53.291,-26.928],[-53.291,-26.935],[-53.282,-26.936],[-53.281,-26.938],[-53.286,-26.939],[-53.29,-26.944],[-53.295,-26.945],[-53.282,-26.951],[-53.283,-26.953],[-53.289,-26.955],[-53.29,-26.958],[-53.296,-26.962],[-53.292,-26.968],[-53.284,-26.969],[-53.287,-26.972],[-53.285,-26.978],[-53.286,-26.982],[-53.289,-26.984],[-53.292,-26.984],[-53.302,-26.989],[-53.298,-26.995],[-53.294,-26.997],[-53.288,-26.99],[-53.285,-26.996],[-53.28,-26.997],[-53.281,-26.999],[-53.287,-26.998],[-53.289,-27.002],[-53.294,-27.003],[-53.295,-27.005],[-53.285,-27.009],[-53.289,-27.017],[-53.295,-27.013],[-53.297,-27.015],[-53.294,-27.02],[-53.296,-27.025],[-53.294,-27.026],[-53.284,-27.026],[-53.285,-27.031],[-53.287,-27.032],[-53.292,-27.031],[-53.301,-27.034],[-53.3,-27.038],[-53.293,-27.039],[-53.287,-27.046],[-53.288,-27.047],[-53.292,-27.046],[-53.296,-27.049],[-53.292,-27.055],[-53.294,-27.058],[-53.29,-27.064],[-53.293,-27.065],[-53.297,-27.062],[-53.301,-27.063],[-53.311,-27.062],[-53.311,-27.067],[-53.314,-27.07],[-53.311,-27.072],[-53.305,-27.074],[-53.313,-27.078],[-53.316,-27.073],[-53.325,-27.077],[-53.322,-27.081],[-53.318,-27.082],[-53.318,-27.086],[-53.324,-27.092],[-53.327,-27.088],[-53.33,-27.089]]]}},{"type":"Feature","properties":{"c":"4215109"},"geometry":{"type":"Polygon","coordinates":[[[-49.43,-26.915],[-49.426,-26.916],[-49.423,-26.912],[-49.424,-26.907],[-49.42,-26.904],[-49.415,-26.904],[-49.41,-26.899],[-49.41,-26.891],[-49.406,-26.887],[-49.407,-26.883],[-49.402,-26.878],[-49.403,-26.87],[-49.401,-26.868],[-49.392,-26.868],[-49.385,-26.865],[-49.381,-26.862],[-49.378,-26.854],[-49.371,-26.852],[-49.369,-26.847],[-49.372,-26.842],[-49.368,-26.84],[-49.364,-26.835],[-49.356,-26.832],[-49.36,-26.824],[-49.356,-26.821],[-49.347,-26.822],[-49.34,-26.816],[-49.334,-26.811],[-49.33,-26.808],[-49.325,-26.817],[-49.324,-26.822],[-49.317,-26.825],[-49.315,-26.83],[-49.311,-26.827],[-49.31,-26.834],[-49.305,-26.848],[-49.315,-26.899],[-49.289,-26.95],[-49.304,-26.955],[-49.315,-26.954],[-49.322,-26.951],[-49.325,-26.952],[-49.322,-26.957],[-49.316,-26.959],[-49.318,-26.963],[-49.322,-26.965],[-49.33,-26.965],[-49.338,-26.966],[-49.341,-26.966],[-49.353,-26.958],[-49.36,-26.951],[-49.365,-26.948],[-49.367,-26.944],[-49.377,-26.944],[-49.382,-26.942],[-49.382,-26.937],[-49.385,-26.937],[-49.389,-26.934],[-49.39,-26.931],[-49.402,-26.931],[-49.406,-26.934],[-49.418,-26.924],[-49.42,-26.92],[-49.43,-26.915]]]}},{"type":"Feature","properties":{"c":"4215208"},"geometry":{"type":"Polygon","coordinates":[[[-53.239,-26.543],[-53.237,-26.545],[-53.241,-26.55],[-53.235,-26.552],[-53.236,-26.553],[-53.234,-26.559],[-53.228,-26.559],[-53.223,-26.562],[-53.222,-26.568],[-53.224,-26.569],[-53.231,-26.568],[-53.227,-26.571],[-53.23,-26.577],[-53.223,-26.579],[-53.227,-26.583],[-53.231,-26.581],[-53.23,-26.586],[-53.225,-26.587],[-53.223,-26.585],[-53.22,-26.588],[-53.223,-26.591],[-53.228,-26.589],[-53.233,-26.59],[-53.236,-26.588],[-53.243,-26.59],[-53.239,-26.595],[-53.235,-26.595],[-53.233,-26.599],[-53.23,-26.601],[-53.233,-26.604],[-53.232,-26.606],[-53.237,-26.608],[-53.233,-26.612],[-53.235,-26.617],[-53.231,-26.62],[-53.234,-26.622],[-53.235,-26.627],[-53.229,-26.628],[-53.227,-26.63],[-53.231,-26.632],[-53.232,-26.634],[-53.227,-26.639],[-53.226,-26.643],[-53.228,-26.647],[-53.232,-26.644],[-53.237,-26.642],[-53.237,-26.648],[-53.23,-26.65],[-53.231,-26.655],[-53.236,-26.654],[-53.244,-26.65],[-53.25,-26.644],[-53.253,-26.645],[-53.251,-26.651],[-53.257,-26.655],[-53.258,-26.657],[-53.249,-26.659],[-53.246,-26.662],[-53.252,-26.666],[-53.254,-26.669],[-53.257,-26.665],[-53.261,-26.666],[-53.26,-26.672],[-53.256,-26.679],[-53.258,-26.68],[-53.267,-26.677],[-53.277,-26.678],[-53.275,-26.684],[-53.278,-26.685],[-53.285,-26.678],[-53.287,-26.685],[-53.293,-26.688],[-53.292,-26.693],[-53.287,-26.692],[-53.283,-26.694],[-53.287,-26.697],[-53.291,-26.696],[-53.294,-26.7],[-53.286,-26.702],[-53.282,-26.705],[-53.292,-26.709],[-53.298,-26.706],[-53.303,-26.705],[-53.303,-26.701],[-53.306,-26.698],[-53.31,-26.698],[-53.31,-26.702],[-53.313,-26.706],[-53.312,-26.711],[-53.305,-26.716],[-53.306,-26.721],[-53.31,-26.719],[-53.317,-26.718],[-53.319,-26.715],[-53.317,-26.71],[-53.323,-26.703],[-53.326,-26.704],[-53.327,-26.713],[-53.331,-26.722],[-53.338,-26.721],[-53.338,-26.718],[-53.335,-26.714],[-53.337,-26.713],[-53.341,-26.716],[-53.344,-26.721],[-53.343,-26.723],[-53.338,-26.724],[-53.325,-26.734],[-53.327,-26.736],[-53.334,-26.735],[-53.335,-26.737],[-53.328,-26.744],[-53.33,-26.747],[-53.335,-26.741],[-53.345,-26.738],[-53.35,-26.737],[-53.35,-26.733],[-53.353,-26.73],[-53.354,-26.732],[-53.353,-26.74],[-53.354,-26.748],[-53.35,-26.754],[-53.352,-26.755],[-53.356,-26.751],[-53.366,-26.749],[-53.366,-26.751],[-53.361,-26.755],[-53.357,-26.764],[-53.361,-26.766],[-53.365,-26.766],[-53.363,-26.761],[-53.363,-26.759],[-53.367,-26.754],[-53.369,-26.755],[-53.371,-26.76],[-53.378,-26.753],[-53.388,-26.753],[-53.392,-26.751],[-53.394,-26.744],[-53.392,-26.743],[-53.384,-26.745],[-53.385,-26.74],[-53.378,-26.737],[-53.368,-26.737],[-53.369,-26.729],[-53.368,-26.726],[-53.374,-26.723],[-53.378,-26.719],[-53.383,-26.719],[-53.387,-26.729],[-53.395,-26.731],[-53.398,-26.729],[-53.399,-26.721],[-53.404,-26.717],[-53.399,-26.711],[-53.393,-26.71],[-53.39,-26.715],[-53.386,-26.716],[-53.39,-26.703],[-53.393,-26.699],[-53.391,-26.694],[-53.399,-26.691],[-53.4,-26.695],[-53.411,-26.695],[-53.411,-26.688],[-53.409,-26.686],[-53.396,-26.681],[-53.397,-26.677],[-53.402,-26.678],[-53.397,-26.673],[-53.391,-26.68],[-53.391,-26.676],[-53.384,-26.666],[-53.394,-26.663],[-53.388,-26.646],[-53.39,-26.632],[-53.388,-26.631],[-53.393,-26.623],[-53.392,-26.621],[-53.345,-26.585],[-53.339,-26.589],[-53.334,-26.59],[-53.331,-26.589],[-53.302,-26.584],[-53.303,-26.582],[-53.272,-26.575],[-53.275,-26.565],[-53.263,-26.567],[-53.254,-26.57],[-53.259,-26.55],[-53.239,-26.543]]]}},{"type":"Feature","properties":{"c":"4215307"},"geometry":{"type":"Polygon","coordinates":[[[-49.946,-26.995],[-49.947,-27.003],[-49.96,-27.003],[-49.96,-27.011],[-49.976,-27.01],[-49.976,-27.047],[-50.033,-27.047],[-50.048,-27.048],[-50.046,-27.042],[-50.053,-27.029],[-50.055,-27.029],[-50.061,-27.034],[-50.068,-27.033],[-50.092,-26.988],[-50.09,-26.986],[-50.091,-26.978],[-50.087,-26.975],[-50.082,-26.974],[-50.079,-26.975],[-50.075,-26.971],[-50.071,-26.972],[-50.072,-26.967],[-50.069,-26.961],[-50.067,-26.954],[-50.062,-26.947],[-50.059,-26.943],[-50.055,-26.936],[-50.048,-26.931],[-50.044,-26.931],[-50.041,-26.928],[-50.037,-26.927],[-50.032,-26.923],[-50.026,-26.923],[-50.024,-26.921],[-50.022,-26.914],[-50.017,-26.913],[-50.015,-26.909],[-50.018,-26.902],[-50.02,-26.901],[-50.017,-26.898],[-50.017,-26.894],[-50.009,-26.888],[-50.007,-26.88],[-49.994,-26.875],[-49.986,-26.876],[-49.984,-26.872],[-49.975,-26.87],[-49.973,-26.868],[-49.969,-26.869],[-49.967,-26.876],[-49.963,-26.878],[-49.964,-26.884],[-49.959,-26.886],[-49.957,-26.891],[-49.957,-26.895],[-49.962,-26.901],[-49.957,-26.907],[-49.956,-26.901],[-49.95,-26.904],[-49.951,-26.908],[-49.957,-26.914],[-49.958,-26.921],[-49.952,-26.928],[-49.951,-26.927],[-49.956,-26.931],[-49.956,-26.935],[-49.959,-26.942],[-49.956,-26.948],[-49.956,-26.953],[-49.96,-26.956],[-49.957,-26.965],[-49.957,-26.971],[-49.953,-26.975],[-49.954,-26.978],[-49.948,-26.985],[-49.949,-26.988],[-49.946,-26.988],[-49.946,-26.995]]]}},{"type":"Feature","properties":{"c":"4215356"},"geometry":{"type":"Polygon","coordinates":[[[-53.114,-26.63],[-53.111,-26.621],[-53.104,-26.617],[-53.104,-26.614],[-53.1,-26.612],[-53.095,-26.602],[-53.096,-26.599],[-53.093,-26.596],[-53.093,-26.593],[-53.106,-26.585],[-53.116,-26.58],[-53.123,-26.573],[-53.115,-26.57],[-53.111,-26.566],[-53.105,-26.566],[-53.101,-26.564],[-53.097,-26.564],[-53.092,-26.562],[-53.084,-26.56],[-53.076,-26.557],[-53.071,-26.551],[-53.064,-26.552],[-53.052,-26.547],[-53.045,-26.546],[-53.042,-26.546],[-53.045,-26.541],[-53.019,-26.532],[-53.021,-26.536],[-53.02,-26.541],[-53.017,-26.544],[-53.01,-26.542],[-53.001,-26.542],[-52.992,-26.548],[-52.985,-26.54],[-52.984,-26.536],[-52.977,-26.536],[-52.973,-26.544],[-52.965,-26.553],[-52.946,-26.567],[-52.944,-26.569],[-52.933,-26.573],[-52.928,-26.573],[-52.926,-26.575],[-52.926,-26.581],[-52.927,-26.583],[-52.935,-26.581],[-52.937,-26.582],[-52.935,-26.586],[-52.929,-26.588],[-52.928,-26.593],[-52.932,-26.597],[-52.925,-26.599],[-52.925,-26.601],[-52.928,-26.606],[-52.935,-26.605],[-52.933,-26.61],[-52.938,-26.611],[-52.941,-26.614],[-52.998,-26.635],[-53.063,-26.644],[-53.061,-26.641],[-53.068,-26.633],[-53.071,-26.634],[-53.078,-26.633],[-53.084,-26.639],[-53.087,-26.639],[-53.093,-26.631],[-53.097,-26.628],[-53.102,-26.627],[-53.107,-26.629],[-53.114,-26.63]]]}},{"type":"Feature","properties":{"c":"4215406"},"geometry":{"type":"Polygon","coordinates":[[[-51.436,-26.856],[-51.382,-26.866],[-51.379,-26.869],[-51.376,-26.866],[-51.371,-26.866],[-51.368,-26.869],[-51.369,-26.872],[-51.373,-26.869],[-51.376,-26.872],[-51.373,-26.877],[-51.371,-26.875],[-51.37,-26.879],[-51.372,-26.881],[-51.369,-26.883],[-51.372,-26.884],[-51.371,-26.887],[-51.367,-26.889],[-51.365,-26.886],[-51.362,-26.888],[-51.367,-26.89],[-51.367,-26.896],[-51.362,-26.897],[-51.364,-26.902],[-51.369,-26.904],[-51.369,-26.906],[-51.362,-26.908],[-51.371,-26.911],[-51.368,-26.914],[-51.369,-26.917],[-51.363,-26.921],[-51.367,-26.923],[-51.365,-26.926],[-51.366,-26.93],[-51.368,-26.927],[-51.37,-26.929],[-51.364,-26.935],[-51.366,-26.939],[-51.363,-26.94],[-51.406,-26.943],[-51.408,-26.942],[-51.412,-26.947],[-51.413,-26.942],[-51.415,-26.945],[-51.42,-26.944],[-51.437,-26.94],[-51.438,-26.934],[-51.436,-26.934],[-51.439,-26.929],[-51.44,-26.932],[-51.446,-26.937],[-51.446,-26.934],[-51.45,-26.93],[-51.453,-26.931],[-51.456,-26.929],[-51.462,-26.929],[-51.464,-26.933],[-51.466,-26.931],[-51.475,-26.929],[-51.479,-26.924],[-51.477,-26.911],[-51.48,-26.908],[-51.477,-26.906],[-51.481,-26.902],[-51.479,-26.898],[-51.485,-26.893],[-51.486,-26.888],[-51.488,-26.884],[-51.487,-26.877],[-51.492,-26.872],[-51.494,-26.864],[-51.488,-26.859],[-51.493,-26.851],[-51.494,-26.847],[-51.496,-26.845],[-51.501,-26.846],[-51.506,-26.845],[-51.51,-26.841],[-51.51,-26.839],[-51.436,-26.856]]]}},{"type":"Feature","properties":{"c":"4215455"},"geometry":{"type":"Polygon","coordinates":[[[-49.174,-28.699],[-49.173,-28.694],[-49.176,-28.685],[-49.176,-28.674],[-49.175,-28.654],[-49.175,-28.645],[-49.182,-28.641],[-49.143,-28.618],[-49.103,-28.593],[-49.071,-28.627],[-49.076,-28.632],[-49.078,-28.639],[-49.07,-28.645],[-49.076,-28.65],[-49.085,-28.655],[-49.084,-28.661],[-49.08,-28.664],[-49.076,-28.669],[-49.099,-28.685],[-49.111,-28.69],[-49.112,-28.693],[-49.118,-28.692],[-49.127,-28.693],[-49.142,-28.694],[-49.151,-28.699],[-49.154,-28.702],[-49.16,-28.701],[-49.163,-28.7],[-49.169,-28.7],[-49.17,-28.698],[-49.174,-28.699]]]}},{"type":"Feature","properties":{"c":"4215505"},"geometry":{"type":"Polygon","coordinates":[[[-50.658,-27.087],[-50.665,-27.081],[-50.669,-27.079],[-50.672,-27.075],[-50.67,-27.072],[-50.664,-27.07],[-50.657,-27.065],[-50.664,-27.059],[-50.662,-27.055],[-50.657,-27.054],[-50.654,-27.051],[-50.656,-27.049],[-50.653,-27.044],[-50.65,-27.042],[-50.654,-27.034],[-50.656,-27.031],[-50.656,-27.027],[-50.648,-27.028],[-50.645,-27.028],[-50.641,-27.031],[-50.637,-27.029],[-50.634,-27.023],[-50.629,-27.02],[-50.632,-27.01],[-50.62,-27.003],[-50.619,-26.997],[-50.625,-26.991],[-50.619,-26.989],[-50.612,-26.988],[-50.609,-26.992],[-50.605,-26.992],[-50.601,-26.984],[-50.605,-26.977],[-50.602,-26.975],[-50.603,-26.973],[-50.61,-26.975],[-50.614,-26.975],[-50.614,-26.972],[-50.609,-26.971],[-50.612,-26.97],[-50.615,-26.966],[-50.617,-26.96],[-50.615,-26.959],[-50.616,-26.954],[-50.608,-26.95],[-50.608,-26.946],[-50.611,-26.945],[-50.61,-26.94],[-50.604,-26.934],[-50.599,-26.937],[-50.595,-26.934],[-50.591,-26.928],[-50.592,-26.924],[-50.591,-26.921],[-50.595,-26.92],[-50.593,-26.917],[-50.6,-26.913],[-50.6,-26.909],[-50.594,-26.905],[-50.594,-26.902],[-50.589,-26.897],[-50.592,-26.894],[-50.59,-26.892],[-50.584,-26.894],[-50.587,-26.876],[-50.587,-26.873],[-50.582,-26.872],[-50.579,-26.874],[-50.574,-26.871],[-50.578,-26.866],[-50.582,-26.868],[-50.588,-26.865],[-50.587,-26.861],[-50.584,-26.86],[-50.583,-26.857],[-50.58,-26.857],[-50.576,-26.852],[-50.575,-26.846],[-50.576,-26.844],[-50.57,-26.843],[-50.569,-26.846],[-50.562,-26.842],[-50.564,-26.838],[-50.558,-26.833],[-50.551,-26.831],[-50.542,-26.835],[-50.533,-26.829],[-50.531,-26.826],[-50.526,-26.826],[-50.52,-26.822],[-50.516,-26.823],[-50.513,-26.826],[-50.509,-26.824],[-50.503,-26.823],[-50.497,-26.818],[-50.485,-26.818],[-50.496,-26.812],[-50.498,-26.812],[-50.501,-26.809],[-50.506,-26.808],[-50.508,-26.798],[-50.513,-26.791],[-50.527,-26.781],[-50.526,-26.776],[-50.521,-26.778],[-50.517,-26.774],[-50.513,-26.772],[-50.508,-26.773],[-50.505,-26.769],[-50.5,-26.771],[-50.494,-26.759],[-50.5,-26.756],[-50.504,-26.748],[-50.504,-26.743],[-50.506,-26.737],[-50.508,-26.736],[-50.51,-26.73],[-50.512,-26.729],[-50.514,-26.72],[-50.516,-26.715],[-50.505,-26.695],[-50.512,-26.696],[-50.514,-26.687],[-50.513,-26.681],[-50.506,-26.672],[-50.506,-26.669],[-50.502,-26.666],[-50.5,-26.658],[-50.497,-26.656],[-50.493,-26.648],[-50.488,-26.655],[-50.484,-26.653],[-50.48,-26.653],[-50.476,-26.657],[-50.476,-26.66],[-50.47,-26.661],[-50.469,-26.676],[-50.472,-26.681],[-50.472,-26.69],[-50.471,-26.694],[-50.473,-26.698],[-50.47,-26.701],[-50.467,-26.7],[-50.461,-26.703],[-50.458,-26.707],[-50.454,-26.711],[-50.448,-26.712],[-50.444,-26.71],[-50.436,-26.714],[-50.432,-26.714],[-50.433,-26.717],[-50.429,-26.718],[-50.423,-26.722],[-50.421,-26.725],[-50.412,-26.73],[-50.408,-26.724],[-50.407,-26.731],[-50.401,-26.735],[-50.399,-26.734],[-50.385,-26.739],[-50.38,-26.737],[-50.379,-26.738],[-50.371,-26.735],[-50.367,-26.739],[-50.354,-26.737],[-50.352,-26.74],[-50.345,-26.742],[-50.346,-26.747],[-50.351,-26.747],[-50.355,-26.75],[-50.354,-26.755],[-50.349,-26.756],[-50.351,-26.762],[-50.346,-26.761],[-50.342,-26.764],[-50.339,-26.761],[-50.335,-26.76],[-50.333,-26.763],[-50.326,-26.762],[-50.321,-26.765],[-50.32,-26.769],[-50.315,-26.773],[-50.32,-26.777],[-50.33,-26.778],[-50.335,-26.776],[-50.337,-26.78],[-50.335,-26.786],[-50.337,-26.79],[-50.334,-26.796],[-50.337,-26.8],[-50.34,-26.802],[-50.339,-26.805],[-50.341,-26.81],[-50.343,-26.821],[-50.341,-26.822],[-50.342,-26.827],[-50.337,-26.83],[-50.33,-26.831],[-50.328,-26.833],[-50.328,-26.838],[-50.322,-26.835],[-50.313,-26.837],[-50.308,-26.837],[-50.3,-26.841],[-50.294,-26.839],[-50.289,-26.836],[-50.283,-26.835],[-50.28,-26.837],[-50.28,-26.842],[-50.277,-26.847],[-50.272,-26.847],[-50.269,-26.851],[-50.269,-26.854],[-50.263,-26.853],[-50.26,-26.854],[-50.254,-26.859],[-50.254,-26.863],[-50.259,-26.863],[-50.262,-26.868],[-50.267,-26.871],[-50.27,-26.868],[-50.274,-26.868],[-50.282,-26.878],[-50.276,-26.882],[-50.271,-26.879],[-50.266,-26.879],[-50.261,-26.881],[-50.263,-26.889],[-50.261,-26.892],[-50.265,-26.894],[-50.265,-26.899],[-50.267,-26.902],[-50.271,-26.903],[-50.273,-26.91],[-50.272,-26.913],[-50.277,-26.919],[-50.273,-26.922],[-50.272,-26.93],[-50.282,-26.94],[-50.28,-26.944],[-50.282,-26.946],[-50.282,-26.952],[-50.288,-26.955],[-50.286,-26.959],[-50.287,-26.964],[-50.291,-26.97],[-50.295,-26.972],[-50.294,-26.976],[-50.294,-26.984],[-50.291,-26.986],[-50.296,-26.993],[-50.301,-26.992],[-50.309,-26.993],[-50.312,-26.998],[-50.309,-27.004],[-50.308,-27.01],[-50.313,-27.008],[-50.317,-27.008],[-50.315,-27.012],[-50.32,-27.015],[-50.317,-27.019],[-50.319,-27.022],[-50.316,-27.024],[-50.317,-27.03],[-50.314,-27.03],[-50.315,-27.034],[-50.323,-27.044],[-50.323,-27.046],[-50.317,-27.05],[-50.317,-27.054],[-50.321,-27.054],[-50.323,-27.06],[-50.328,-27.058],[-50.331,-27.058],[-50.332,-27.062],[-50.329,-27.062],[-50.323,-27.066],[-50.316,-27.066],[-50.311,-27.068],[-50.314,-27.071],[-50.315,-27.076],[-50.315,-27.074],[-50.322,-27.075],[-50.326,-27.073],[-50.331,-27.075],[-50.337,-27.08],[-50.34,-27.085],[-50.343,-27.087],[-50.343,-27.09],[-50.349,-27.094],[-50.377,-27.105],[-50.38,-27.108],[-50.379,-27.11],[-50.381,-27.115],[-50.38,-27.118],[-50.384,-27.116],[-50.388,-27.118],[-50.391,-27.115],[-50.399,-27.113],[-50.402,-27.111],[-50.408,-27.111],[-50.413,-27.109],[-50.413,-27.111],[-50.418,-27.111],[-50.425,-27.108],[-50.422,-27.095],[-50.426,-27.096],[-50.431,-27.102],[-50.428,-27.112],[-50.433,-27.111],[-50.437,-27.114],[-50.439,-27.109],[-50.445,-27.114],[-50.45,-27.112],[-50.515,-27.122],[-50.523,-27.122],[-50.526,-27.12],[-50.529,-27.113],[-50.529,-27.109],[-50.526,-27.106],[-50.531,-27.103],[-50.53,-27.09],[-50.535,-27.081],[-50.54,-27.079],[-50.544,-27.074],[-50.556,-27.087],[-50.559,-27.083],[-50.555,-27.076],[-50.562,-27.072],[-50.561,-27.065],[-50.565,-27.057],[-50.568,-27.058],[-50.574,-27.053],[-50.583,-27.053],[-50.583,-27.055],[-50.592,-27.058],[-50.597,-27.051],[-50.601,-27.051],[-50.603,-27.053],[-50.604,-27.059],[-50.61,-27.065],[-50.62,-27.062],[-50.627,-27.064],[-50.628,-27.057],[-50.623,-27.054],[-50.628,-27.052],[-50.63,-27.056],[-50.638,-27.056],[-50.642,-27.058],[-50.648,-27.063],[-50.647,-27.067],[-50.641,-27.071],[-50.646,-27.074],[-50.656,-27.073],[-50.656,-27.075],[-50.651,-27.078],[-50.652,-27.081],[-50.658,-27.087]]]}},{"type":"Feature","properties":{"c":"4215554"},"geometry":{"type":"Polygon","coordinates":[[[-53.672,-26.943],[-53.673,-26.941],[-53.686,-26.937],[-53.693,-26.934],[-53.697,-26.93],[-53.697,-26.927],[-53.689,-26.921],[-53.679,-26.915],[-53.674,-26.913],[-53.675,-26.911],[-53.68,-26.909],[-53.68,-26.903],[-53.677,-26.899],[-53.671,-26.896],[-53.675,-26.893],[-53.672,-26.893],[-53.626,-26.885],[-53.619,-26.893],[-53.611,-26.889],[-53.606,-26.889],[-53.6,-26.887],[-53.592,-26.89],[-53.585,-26.89],[-53.576,-26.896],[-53.577,-26.899],[-53.573,-26.906],[-53.57,-26.908],[-53.569,-26.911],[-53.561,-26.922],[-53.561,-26.926],[-53.556,-26.925],[-53.555,-26.928],[-53.552,-26.931],[-53.55,-26.931],[-53.542,-26.935],[-53.539,-26.938],[-53.536,-26.946],[-53.54,-26.945],[-53.545,-26.948],[-53.547,-26.946],[-53.558,-26.945],[-53.56,-26.947],[-53.56,-26.95],[-53.567,-26.947],[-53.572,-26.95],[-53.575,-26.955],[-53.58,-26.953],[-53.583,-26.953],[-53.632,-26.951],[-53.636,-26.953],[-53.646,-26.95],[-53.651,-26.95],[-53.658,-26.946],[-53.664,-26.946],[-53.672,-26.943]]]}},{"type":"Feature","properties":{"c":"4215604"},"geometry":{"type":"Polygon","coordinates":[[[-49.308,-27.97],[-49.309,-27.962],[-49.312,-27.959],[-49.311,-27.952],[-49.308,-27.947],[-49.308,-27.941],[-49.304,-27.941],[-49.302,-27.939],[-49.299,-27.94],[-49.294,-27.939],[-49.293,-27.937],[-49.287,-27.937],[-49.283,-27.941],[-49.277,-27.943],[-49.27,-27.948],[-49.257,-27.953],[-49.246,-27.95],[-49.241,-27.951],[-49.228,-27.96],[-49.222,-27.961],[-49.219,-27.963],[-49.202,-27.965],[-49.193,-27.969],[-49.186,-27.98],[-49.182,-27.981],[-49.179,-27.979],[-49.177,-27.981],[-49.171,-27.977],[-49.168,-27.972],[-49.164,-27.972],[-49.161,-27.97],[-49.159,-27.965],[-49.157,-27.965],[-49.152,-27.973],[-49.153,-27.978],[-49.15,-27.982],[-49.149,-27.986],[-49.145,-27.997],[-49.147,-28.004],[-49.14,-28.004],[-49.136,-28.001],[-49.128,-28.005],[-49.124,-28.002],[-49.123,-28.005],[-49.116,-28.006],[-49.108,-28.003],[-49.104,-28.007],[-49.052,-27.99],[-49.052,-27.995],[-49.048,-27.998],[-49.048,-28.004],[-49.049,-28.005],[-49.044,-28.012],[-49.044,-28.017],[-49.046,-28.023],[-49.046,-28.028],[-49.051,-28.031],[-49.052,-28.035],[-49.06,-28.034],[-49.063,-28.041],[-49.06,-28.042],[-49.057,-28.047],[-49.059,-28.047],[-49.056,-28.054],[-49.056,-28.057],[-49.063,-28.06],[-49.07,-28.053],[-49.082,-28.046],[-49.155,-28.09],[-49.158,-28.085],[-49.165,-28.083],[-49.165,-28.081],[-49.171,-28.078],[-49.172,-28.079],[-49.18,-28.073],[-49.183,-28.073],[-49.186,-28.07],[-49.189,-28.074],[-49.191,-28.071],[-49.189,-28.067],[-49.185,-28.066],[-49.19,-28.061],[-49.193,-28.061],[-49.193,-28.057],[-49.196,-28.053],[-49.202,-28.048],[-49.208,-28.046],[-49.216,-28.041],[-49.214,-28.037],[-49.221,-28.035],[-49.221,-28.029],[-49.219,-28.026],[-49.223,-28.022],[-49.229,-28.021],[-49.232,-28.024],[-49.235,-28.022],[-49.237,-28.017],[-49.241,-28.017],[-49.24,-28.02],[-49.252,-28.021],[-49.256,-28.026],[-49.261,-28.029],[-49.268,-28.03],[-49.274,-28.026],[-49.277,-28.023],[-49.28,-28.023],[-49.282,-28.018],[-49.286,-28.015],[-49.291,-28.004],[-49.289,-27.997],[-49.292,-27.991],[-49.301,-27.986],[-49.304,-27.978],[-49.308,-27.97]]]}},{"type":"Feature","properties":{"c":"4215653"},"geometry":{"type":"Polygon","coordinates":[[[-49.834,-29.095],[-49.834,-29.092],[-49.825,-29.089],[-49.824,-29.083],[-49.822,-29.08],[-49.81,-29.084],[-49.809,-29.082],[-49.805,-29.084],[-49.801,-29.08],[-49.801,-29.077],[-49.798,-29.073],[-49.799,-29.068],[-49.743,-29.039],[-49.735,-29.04],[-49.731,-29.045],[-49.743,-29.057],[-49.747,-29.061],[-49.743,-29.064],[-49.744,-29.067],[-49.739,-29.074],[-49.736,-29.072],[-49.733,-29.074],[-49.728,-29.071],[-49.716,-29.072],[-49.714,-29.077],[-49.708,-29.078],[-49.703,-29.083],[-49.7,-29.103],[-49.697,-29.109],[-49.697,-29.114],[-49.69,-29.113],[-49.678,-29.125],[-49.673,-29.126],[-49.67,-29.131],[-49.665,-29.133],[-49.664,-29.137],[-49.656,-29.143],[-49.671,-29.155],[-49.676,-29.16],[-49.687,-29.167],[-49.695,-29.176],[-49.698,-29.183],[-49.7,-29.192],[-49.704,-29.199],[-49.712,-29.206],[-49.764,-29.17],[-49.834,-29.095]]]}},{"type":"Feature","properties":{"c":"4215679"},"geometry":{"type":"Polygon","coordinates":[[[-49.829,-26.706],[-49.836,-26.705],[-49.842,-26.71],[-49.847,-26.71],[-49.847,-26.711],[-49.855,-26.715],[-49.857,-26.719],[-49.86,-26.719],[-49.866,-26.725],[-49.872,-26.728],[-49.877,-26.734],[-49.88,-26.733],[-49.882,-26.736],[-49.882,-26.74],[-49.885,-26.74],[-49.888,-26.744],[-49.891,-26.743],[-49.889,-26.747],[-49.89,-26.755],[-49.896,-26.759],[-49.896,-26.766],[-49.898,-26.77],[-49.901,-26.77],[-49.902,-26.774],[-49.906,-26.78],[-49.907,-26.787],[-49.914,-26.784],[-49.916,-26.79],[-49.922,-26.788],[-49.929,-26.79],[-49.929,-26.794],[-49.931,-26.795],[-49.93,-26.798],[-49.935,-26.796],[-49.938,-26.797],[-49.937,-26.8],[-49.939,-26.802],[-49.943,-26.802],[-49.946,-26.807],[-49.95,-26.808],[-49.952,-26.802],[-49.965,-26.804],[-49.969,-26.803],[-49.973,-26.799],[-49.978,-26.795],[-49.984,-26.799],[-49.987,-26.798],[-49.991,-26.801],[-49.991,-26.804],[-49.995,-26.802],[-49.999,-26.805],[-50.014,-26.807],[-50.015,-26.811],[-50.022,-26.812],[-50.028,-26.812],[-50.032,-26.814],[-50.039,-26.813],[-50.046,-26.813],[-50.047,-26.816],[-50.053,-26.817],[-50.057,-26.822],[-50.063,-26.833],[-50.065,-26.84],[-50.068,-26.839],[-50.072,-26.833],[-50.072,-26.827],[-50.071,-26.818],[-50.066,-26.809],[-50.072,-26.807],[-50.078,-26.81],[-50.086,-26.81],[-50.091,-26.805],[-50.1,-26.801],[-50.104,-26.797],[-50.106,-26.789],[-50.104,-26.782],[-50.107,-26.763],[-50.106,-26.762],[-50.108,-26.755],[-50.111,-26.751],[-50.116,-26.749],[-50.115,-26.743],[-50.121,-26.737],[-50.118,-26.732],[-50.12,-26.731],[-50.118,-26.728],[-50.119,-26.72],[-50.115,-26.718],[-50.114,-26.71],[-50.116,-26.707],[-50.116,-26.702],[-50.119,-26.701],[-50.116,-26.699],[-50.119,-26.695],[-50.121,-26.687],[-50.125,-26.688],[-50.126,-26.684],[-50.132,-26.677],[-50.132,-26.671],[-50.135,-26.664],[-50.132,-26.663],[-50.132,-26.66],[-50.129,-26.655],[-50.131,-26.653],[-50.129,-26.649],[-50.134,-26.647],[-50.138,-26.643],[-50.132,-26.64],[-50.128,-26.644],[-50.121,-26.63],[-50.118,-26.63],[-50.118,-26.634],[-50.115,-26.636],[-50.111,-26.633],[-50.116,-26.627],[-50.111,-26.625],[-50.113,-26.621],[-50.113,-26.617],[-50.118,-26.618],[-50.125,-26.613],[-50.119,-26.613],[-50.121,-26.611],[-50.125,-26.612],[-50.129,-26.607],[-50.121,-26.605],[-50.12,-26.603],[-50.125,-26.604],[-50.129,-26.602],[-50.129,-26.598],[-50.132,-26.596],[-50.13,-26.593],[-50.126,-26.592],[-50.13,-26.589],[-50.13,-26.592],[-50.134,-26.591],[-50.131,-26.586],[-50.125,-26.587],[-50.125,-26.585],[-50.133,-26.577],[-50.129,-26.575],[-50.125,-26.578],[-50.122,-26.567],[-50.119,-26.564],[-50.122,-26.562],[-50.13,-26.562],[-50.13,-26.561],[-50.123,-26.56],[-50.124,-26.555],[-50.131,-26.552],[-50.128,-26.549],[-50.125,-26.542],[-50.126,-26.539],[-50.124,-26.534],[-50.126,-26.531],[-50.126,-26.525],[-50.125,-26.523],[-50.118,-26.522],[-50.116,-26.518],[-50.112,-26.519],[-50.107,-26.517],[-50.104,-26.517],[-50.096,-26.524],[-50.091,-26.524],[-50.088,-26.526],[-50.079,-26.526],[-50.075,-26.522],[-50.066,-26.52],[-50.063,-26.522],[-50.057,-26.522],[-50.048,-26.52],[-50.043,-26.521],[-50.039,-26.519],[-50.032,-26.519],[-50.027,-26.512],[-50.022,-26.505],[-50.017,-26.502],[-50.011,-26.505],[-50.008,-26.504],[-49.995,-26.506],[-49.993,-26.509],[-49.982,-26.517],[-49.983,-26.52],[-49.978,-26.522],[-49.97,-26.527],[-49.972,-26.532],[-49.966,-26.537],[-49.966,-26.539],[-49.961,-26.545],[-49.957,-26.545],[-49.956,-26.551],[-49.959,-26.553],[-49.958,-26.558],[-49.954,-26.562],[-49.956,-26.565],[-49.955,-26.568],[-49.952,-26.571],[-49.947,-26.57],[-49.944,-26.574],[-49.941,-26.573],[-49.938,-26.574],[-49.932,-26.572],[-49.928,-26.576],[-49.921,-26.579],[-49.918,-26.583],[-49.914,-26.585],[-49.91,-26.592],[-49.909,-26.597],[-49.911,-26.601],[-49.905,-26.603],[-49.9,-26.601],[-49.896,-26.603],[-49.896,-26.607],[-49.892,-26.609],[-49.886,-26.613],[-49.885,-26.617],[-49.881,-26.619],[-49.882,-26.624],[-49.879,-26.631],[-49.883,-26.641],[-49.881,-26.646],[-49.877,-26.648],[-49.872,-26.653],[-49.865,-26.651],[-49.856,-26.653],[-49.854,-26.66],[-49.847,-26.666],[-49.846,-26.673],[-49.839,-26.675],[-49.838,-26.678],[-49.84,-26.689],[-49.831,-26.699],[-49.829,-26.706]]]}},{"type":"Feature","properties":{"c":"4215687"},"geometry":{"type":"Polygon","coordinates":[[[-53.114,-26.63],[-53.122,-26.631],[-53.128,-26.638],[-53.134,-26.638],[-53.137,-26.64],[-53.139,-26.637],[-53.143,-26.639],[-53.148,-26.64],[-53.151,-26.635],[-53.155,-26.635],[-53.157,-26.638],[-53.159,-26.634],[-53.164,-26.631],[-53.165,-26.637],[-53.169,-26.636],[-53.172,-26.639],[-53.174,-26.633],[-53.176,-26.636],[-53.18,-26.638],[-53.183,-26.636],[-53.186,-26.639],[-53.19,-26.637],[-53.191,-26.641],[-53.194,-26.638],[-53.199,-26.641],[-53.199,-26.635],[-53.202,-26.633],[-53.202,-26.64],[-53.205,-26.642],[-53.208,-26.644],[-53.214,-26.641],[-53.219,-26.643],[-53.227,-26.639],[-53.232,-26.634],[-53.231,-26.632],[-53.227,-26.63],[-53.229,-26.628],[-53.235,-26.627],[-53.234,-26.622],[-53.231,-26.62],[-53.235,-26.617],[-53.233,-26.612],[-53.237,-26.608],[-53.232,-26.606],[-53.233,-26.604],[-53.23,-26.601],[-53.233,-26.599],[-53.235,-26.595],[-53.239,-26.595],[-53.243,-26.59],[-53.236,-26.588],[-53.233,-26.59],[-53.228,-26.589],[-53.223,-26.591],[-53.22,-26.588],[-53.223,-26.585],[-53.225,-26.587],[-53.23,-26.586],[-53.231,-26.581],[-53.227,-26.583],[-53.223,-26.579],[-53.221,-26.573],[-53.218,-26.576],[-53.213,-26.578],[-53.216,-26.574],[-53.214,-26.571],[-53.217,-26.564],[-53.213,-26.563],[-53.211,-26.566],[-53.207,-26.565],[-53.212,-26.56],[-53.209,-26.56],[-53.205,-26.55],[-53.206,-26.545],[-53.201,-26.545],[-53.2,-26.54],[-53.195,-26.541],[-53.193,-26.533],[-53.191,-26.535],[-53.186,-26.533],[-53.185,-26.535],[-53.18,-26.531],[-53.172,-26.535],[-53.162,-26.535],[-53.161,-26.533],[-53.157,-26.532],[-53.161,-26.529],[-53.161,-26.526],[-53.156,-26.527],[-53.147,-26.528],[-53.143,-26.533],[-53.143,-26.536],[-53.144,-26.539],[-53.142,-26.544],[-53.145,-26.546],[-53.146,-26.555],[-53.128,-26.565],[-53.126,-26.567],[-53.129,-26.57],[-53.127,-26.574],[-53.123,-26.573],[-53.116,-26.58],[-53.106,-26.585],[-53.093,-26.593],[-53.093,-26.596],[-53.096,-26.599],[-53.095,-26.602],[-53.1,-26.612],[-53.104,-26.614],[-53.104,-26.617],[-53.111,-26.621],[-53.114,-26.63]]]}},{"type":"Feature","properties":{"c":"4215695"},"geometry":{"type":"Polygon","coordinates":[[[-52.749,-26.595],[-52.734,-26.584],[-52.732,-26.584],[-52.728,-26.581],[-52.724,-26.583],[-52.72,-26.582],[-52.707,-26.584],[-52.707,-26.586],[-52.704,-26.589],[-52.697,-26.587],[-52.691,-26.592],[-52.68,-26.598],[-52.677,-26.601],[-52.673,-26.599],[-52.672,-26.601],[-52.67,-26.613],[-52.675,-26.618],[-52.672,-26.621],[-52.662,-26.619],[-52.661,-26.622],[-52.663,-26.624],[-52.662,-26.631],[-52.659,-26.63],[-52.653,-26.634],[-52.65,-26.632],[-52.648,-26.626],[-52.646,-26.627],[-52.644,-26.634],[-52.639,-26.631],[-52.641,-26.623],[-52.636,-26.626],[-52.633,-26.627],[-52.633,-26.635],[-52.625,-26.635],[-52.62,-26.637],[-52.618,-26.642],[-52.626,-26.646],[-52.631,-26.642],[-52.637,-26.645],[-52.639,-26.648],[-52.65,-26.652],[-52.656,-26.651],[-52.662,-26.655],[-52.664,-26.661],[-52.663,-26.663],[-52.667,-26.665],[-52.67,-26.668],[-52.673,-26.668],[-52.678,-26.67],[-52.679,-26.673],[-52.697,-26.671],[-52.709,-26.674],[-52.718,-26.672],[-52.725,-26.668],[-52.736,-26.66],[-52.741,-26.658],[-52.744,-26.658],[-52.745,-26.654],[-52.743,-26.651],[-52.744,-26.641],[-52.742,-26.638],[-52.736,-26.637],[-52.731,-26.635],[-52.727,-26.638],[-52.728,-26.623],[-52.734,-26.621],[-52.737,-26.617],[-52.738,-26.611],[-52.746,-26.601],[-52.749,-26.595]]]}},{"type":"Feature","properties":{"c":"4215703"},"geometry":{"type":"Polygon","coordinates":[[[-48.74,-27.795],[-48.741,-27.8],[-48.743,-27.804],[-48.748,-27.803],[-48.75,-27.81],[-48.753,-27.81],[-48.758,-27.814],[-48.76,-27.82],[-48.76,-27.826],[-48.763,-27.827],[-48.763,-27.833],[-48.759,-27.835],[-48.757,-27.838],[-48.763,-27.843],[-48.766,-27.838],[-48.772,-27.834],[-48.782,-27.833],[-48.786,-27.836],[-48.791,-27.836],[-48.797,-27.832],[-48.798,-27.83],[-48.808,-27.83],[-48.811,-27.829],[-48.817,-27.831],[-48.817,-27.826],[-48.82,-27.827],[-48.82,-27.834],[-48.823,-27.841],[-48.825,-27.842],[-48.831,-27.849],[-48.834,-27.85],[-48.84,-27.859],[-48.842,-27.861],[-48.85,-27.861],[-48.853,-27.87],[-48.861,-27.873],[-48.863,-27.872],[-48.869,-27.876],[-48.872,-27.876],[-48.876,-27.872],[-48.877,-27.867],[-48.876,-27.861],[-48.877,-27.86],[-48.884,-27.859],[-48.887,-27.856],[-48.895,-27.855],[-48.901,-27.844],[-48.905,-27.843],[-48.911,-27.844],[-48.914,-27.839],[-48.907,-27.83],[-48.902,-27.82],[-48.899,-27.819],[-48.896,-27.822],[-48.893,-27.818],[-48.888,-27.816],[-48.882,-27.815],[-48.877,-27.813],[-48.877,-27.809],[-48.881,-27.805],[-48.876,-27.801],[-48.883,-27.795],[-48.883,-27.783],[-48.875,-27.774],[-48.873,-27.769],[-48.875,-27.766],[-48.869,-27.763],[-48.859,-27.755],[-48.861,-27.748],[-48.863,-27.743],[-48.866,-27.74],[-48.863,-27.735],[-48.862,-27.729],[-48.863,-27.725],[-48.868,-27.716],[-48.863,-27.717],[-48.861,-27.713],[-48.856,-27.714],[-48.85,-27.71],[-48.846,-27.709],[-48.841,-27.712],[-48.839,-27.716],[-48.833,-27.72],[-48.831,-27.718],[-48.832,-27.715],[-48.83,-27.712],[-48.829,-27.715],[-48.825,-27.717],[-48.825,-27.712],[-48.822,-27.71],[-48.817,-27.713],[-48.809,-27.709],[-48.808,-27.704],[-48.812,-27.704],[-48.814,-27.7],[-48.814,-27.692],[-48.815,-27.693],[-48.827,-27.691],[-48.829,-27.692],[-48.837,-27.692],[-48.836,-27.69],[-48.841,-27.688],[-48.84,-27.684],[-48.841,-27.679],[-48.847,-27.678],[-48.851,-27.674],[-48.85,-27.672],[-48.854,-27.671],[-48.856,-27.667],[-48.855,-27.665],[-48.861,-27.663],[-48.863,-27.66],[-48.86,-27.654],[-48.857,-27.652],[-48.855,-27.646],[-48.848,-27.64],[-48.844,-27.641],[-48.841,-27.636],[-48.841,-27.632],[-48.845,-27.629],[-48.845,-27.625],[-48.746,-27.615],[-48.738,-27.615],[-48.743,-27.627],[-48.742,-27.629],[-48.744,-27.636],[-48.742,-27.641],[-48.744,-27.642],[-48.731,-27.679],[-48.72,-27.68],[-48.724,-27.689],[-48.715,-27.69],[-48.706,-27.696],[-48.706,-27.7],[-48.703,-27.701],[-48.702,-27.706],[-48.703,-27.715],[-48.7,-27.718],[-48.701,-27.722],[-48.698,-27.724],[-48.696,-27.73],[-48.696,-27.734],[-48.69,-27.749],[-48.687,-27.752],[-48.686,-27.754],[-48.681,-27.759],[-48.675,-27.757],[-48.684,-27.761],[-48.687,-27.765],[-48.7,-27.769],[-48.704,-27.773],[-48.718,-27.776],[-48.723,-27.781],[-48.732,-27.787],[-48.737,-27.787],[-48.74,-27.792],[-48.74,-27.795]]]}},{"type":"Feature","properties":{"c":"4215752"},"geometry":{"type":"Polygon","coordinates":[[[-52.946,-26.567],[-52.965,-26.553],[-52.973,-26.544],[-52.977,-26.536],[-52.984,-26.536],[-52.985,-26.54],[-52.992,-26.548],[-53.001,-26.542],[-53.01,-26.542],[-53.017,-26.544],[-53.02,-26.541],[-53.021,-26.536],[-53.019,-26.532],[-53.02,-26.526],[-53.027,-26.522],[-53.027,-26.517],[-53.029,-26.517],[-53.032,-26.511],[-53.039,-26.509],[-53.042,-26.511],[-53.047,-26.512],[-53.048,-26.507],[-53.051,-26.507],[-53.054,-26.502],[-53.058,-26.502],[-53.06,-26.499],[-53.059,-26.496],[-53.062,-26.489],[-53.062,-26.487],[-53.066,-26.485],[-53.066,-26.48],[-53.062,-26.478],[-53.057,-26.472],[-53.044,-26.444],[-53.033,-26.439],[-53.033,-26.436],[-53.03,-26.435],[-53.034,-26.43],[-53.03,-26.427],[-53.033,-26.426],[-53.029,-26.424],[-53.03,-26.417],[-53.028,-26.411],[-53.025,-26.407],[-53.019,-26.408],[-53.018,-26.41],[-53.011,-26.412],[-53.01,-26.415],[-53.012,-26.417],[-53.007,-26.42],[-52.999,-26.418],[-52.998,-26.422],[-52.99,-26.427],[-52.988,-26.429],[-52.981,-26.435],[-52.971,-26.437],[-52.968,-26.441],[-52.965,-26.444],[-52.962,-26.442],[-52.96,-26.444],[-52.937,-26.443],[-52.937,-26.447],[-52.931,-26.451],[-52.932,-26.457],[-52.93,-26.46],[-52.933,-26.463],[-52.935,-26.471],[-52.929,-26.477],[-52.928,-26.482],[-52.924,-26.488],[-52.918,-26.491],[-52.921,-26.494],[-52.913,-26.497],[-52.917,-26.499],[-52.915,-26.5],[-52.91,-26.5],[-52.91,-26.502],[-52.912,-26.507],[-52.917,-26.505],[-52.918,-26.502],[-52.921,-26.507],[-52.923,-26.505],[-52.927,-26.512],[-52.923,-26.519],[-52.928,-26.517],[-52.93,-26.512],[-52.935,-26.521],[-52.934,-26.525],[-52.938,-26.523],[-52.941,-26.524],[-52.94,-26.527],[-52.943,-26.524],[-52.946,-26.525],[-52.941,-26.529],[-52.935,-26.537],[-52.93,-26.536],[-52.925,-26.542],[-52.927,-26.543],[-52.931,-26.543],[-52.932,-26.55],[-52.926,-26.555],[-52.927,-26.559],[-52.922,-26.558],[-52.922,-26.561],[-52.93,-26.561],[-52.935,-26.563],[-52.937,-26.566],[-52.943,-26.566],[-52.946,-26.567]]]}},{"type":"Feature","properties":{"c":"4215802"},"geometry":{"type":"Polygon","coordinates":[[[-49.253,-26.268],[-49.202,-26.293],[-49.169,-26.308],[-49.171,-26.31],[-49.177,-26.31],[-49.18,-26.311],[-49.179,-26.315],[-49.181,-26.324],[-49.186,-26.331],[-49.187,-26.335],[-49.185,-26.338],[-49.186,-26.346],[-49.185,-26.35],[-49.179,-26.358],[-49.176,-26.366],[-49.181,-26.37],[-49.187,-26.372],[-49.189,-26.37],[-49.196,-26.371],[-49.199,-26.373],[-49.199,-26.38],[-49.208,-26.385],[-49.217,-26.385],[-49.221,-26.386],[-49.221,-26.389],[-49.231,-26.397],[-49.27,-26.386],[-49.275,-26.389],[-49.273,-26.383],[-49.276,-26.384],[-49.282,-26.376],[-49.284,-26.379],[-49.289,-26.376],[-49.291,-26.371],[-49.296,-26.371],[-49.297,-26.374],[-49.3,-26.373],[-49.302,-26.368],[-49.309,-26.371],[-49.319,-26.37],[-49.326,-26.376],[-49.324,-26.377],[-49.321,-26.386],[-49.324,-26.388],[-49.328,-26.388],[-49.33,-26.384],[-49.337,-26.384],[-49.34,-26.379],[-49.344,-26.379],[-49.347,-26.377],[-49.353,-26.378],[-49.357,-26.377],[-49.36,-26.371],[-49.358,-26.366],[-49.364,-26.36],[-49.367,-26.362],[-49.38,-26.358],[-49.386,-26.352],[-49.389,-26.354],[-49.392,-26.353],[-49.397,-26.349],[-49.402,-26.349],[-49.406,-26.354],[-49.407,-26.352],[-49.412,-26.355],[-49.415,-26.354],[-49.421,-26.361],[-49.423,-26.366],[-49.43,-26.369],[-49.434,-26.369],[-49.437,-26.373],[-49.437,-26.381],[-49.442,-26.386],[-49.445,-26.402],[-49.441,-26.405],[-49.44,-26.411],[-49.442,-26.413],[-49.44,-26.419],[-49.446,-26.427],[-49.455,-26.427],[-49.46,-26.422],[-49.466,-26.424],[-49.471,-26.423],[-49.475,-26.426],[-49.484,-26.42],[-49.474,-26.421],[-49.468,-26.415],[-49.465,-26.408],[-49.463,-26.399],[-49.454,-26.39],[-49.459,-26.382],[-49.461,-26.375],[-49.461,-26.372],[-49.466,-26.363],[-49.471,-26.362],[-49.468,-26.359],[-49.466,-26.352],[-49.467,-26.345],[-49.464,-26.34],[-49.467,-26.337],[-49.465,-26.332],[-49.469,-26.324],[-49.466,-26.322],[-49.469,-26.318],[-49.469,-26.315],[-49.466,-26.313],[-49.469,-26.311],[-49.466,-26.306],[-49.468,-26.301],[-49.47,-26.306],[-49.472,-26.302],[-49.477,-26.303],[-49.475,-26.295],[-49.471,-26.294],[-49.475,-26.291],[-49.481,-26.289],[-49.479,-26.282],[-49.474,-26.284],[-49.47,-26.281],[-49.471,-26.241],[-49.477,-26.23],[-49.477,-26.225],[-49.48,-26.221],[-49.478,-26.217],[-49.483,-26.212],[-49.485,-26.206],[-49.483,-26.198],[-49.484,-26.195],[-49.487,-26.194],[-49.49,-26.19],[-49.487,-26.189],[-49.485,-26.184],[-49.487,-26.18],[-49.483,-26.182],[-49.483,-26.185],[-49.48,-26.187],[-49.479,-26.184],[-49.475,-26.182],[-49.473,-26.178],[-49.468,-26.176],[-49.468,-26.173],[-49.465,-26.174],[-49.462,-26.171],[-49.464,-26.168],[-49.461,-26.162],[-49.457,-26.164],[-49.452,-26.162],[-49.445,-26.163],[-49.444,-26.165],[-49.44,-26.164],[-49.437,-26.167],[-49.436,-26.172],[-49.434,-26.169],[-49.429,-26.17],[-49.426,-26.172],[-49.423,-26.183],[-49.418,-26.187],[-49.418,-26.19],[-49.415,-26.19],[-49.414,-26.186],[-49.408,-26.184],[-49.405,-26.187],[-49.393,-26.193],[-49.391,-26.197],[-49.391,-26.2],[-49.387,-26.198],[-49.382,-26.2],[-49.378,-26.198],[-49.373,-26.202],[-49.368,-26.192],[-49.344,-26.192],[-49.326,-26.2],[-49.326,-26.222],[-49.317,-26.229],[-49.253,-26.268]]]}},{"type":"Feature","properties":{"c":"4215901"},"geometry":{"type":"Polygon","coordinates":[[[-49.052,-27.99],[-49.049,-27.987],[-49.05,-27.983],[-49.048,-27.98],[-49.048,-27.973],[-49.044,-27.97],[-49.04,-27.969],[-49.039,-27.965],[-49.045,-27.959],[-49.043,-27.957],[-49.037,-27.959],[-49.033,-27.957],[-49.033,-27.953],[-49.039,-27.947],[-49.044,-27.946],[-49.043,-27.939],[-49.045,-27.936],[-49.041,-27.936],[-49.037,-27.931],[-49.036,-27.925],[-49.029,-27.921],[-49.025,-27.916],[-49.026,-27.913],[-49.021,-27.913],[-49.016,-27.909],[-49.016,-27.899],[-49.019,-27.898],[-49.017,-27.895],[-49.018,-27.89],[-49.015,-27.885],[-49.016,-27.882],[-49.008,-27.881],[-49.007,-27.874],[-49.017,-27.866],[-49.008,-27.865],[-48.998,-27.857],[-48.997,-27.852],[-48.993,-27.851],[-48.992,-27.849],[-48.988,-27.848],[-48.981,-27.842],[-48.98,-27.837],[-48.976,-27.837],[-48.973,-27.831],[-48.969,-27.832],[-48.962,-27.828],[-48.956,-27.828],[-48.955,-27.824],[-48.951,-27.822],[-48.948,-27.818],[-48.949,-27.817],[-48.941,-27.818],[-48.934,-27.817],[-48.923,-27.821],[-48.918,-27.817],[-48.916,-27.814],[-48.916,-27.809],[-48.911,-27.811],[-48.902,-27.809],[-48.902,-27.814],[-48.896,-27.813],[-48.891,-27.81],[-48.882,-27.815],[-48.888,-27.816],[-48.893,-27.818],[-48.896,-27.822],[-48.899,-27.819],[-48.902,-27.82],[-48.907,-27.83],[-48.914,-27.839],[-48.911,-27.844],[-48.905,-27.843],[-48.901,-27.844],[-48.895,-27.855],[-48.887,-27.856],[-48.884,-27.859],[-48.877,-27.86],[-48.876,-27.861],[-48.877,-27.867],[-48.876,-27.872],[-48.872,-27.876],[-48.869,-27.876],[-48.863,-27.872],[-48.861,-27.873],[-48.853,-27.87],[-48.85,-27.861],[-48.842,-27.861],[-48.841,-27.865],[-48.844,-27.867],[-48.842,-27.871],[-48.843,-27.873],[-48.841,-27.881],[-48.837,-27.882],[-48.837,-27.887],[-48.831,-27.89],[-48.826,-27.889],[-48.824,-27.893],[-48.824,-27.906],[-48.825,-27.909],[-48.828,-27.906],[-48.832,-27.908],[-48.842,-27.901],[-48.845,-27.908],[-48.844,-27.91],[-48.846,-27.914],[-48.846,-27.923],[-48.841,-27.924],[-48.838,-27.927],[-48.837,-27.932],[-48.84,-27.943],[-48.846,-27.944],[-48.849,-27.95],[-48.848,-27.953],[-48.844,-27.958],[-48.841,-27.964],[-48.839,-27.963],[-48.837,-27.974],[-48.837,-27.979],[-48.843,-27.991],[-48.841,-27.998],[-48.844,-28.008],[-48.848,-28.014],[-48.849,-28.017],[-48.854,-28.021],[-48.855,-28.026],[-48.854,-28.035],[-48.855,-28.04],[-48.859,-28.04],[-48.864,-28.047],[-48.871,-28.049],[-48.871,-28.051],[-48.874,-28.052],[-48.877,-28.05],[-48.881,-28.051],[-48.885,-28.058],[-48.884,-28.063],[-48.89,-28.072],[-48.89,-28.078],[-48.894,-28.08],[-48.902,-28.061],[-48.932,-28.072],[-48.937,-28.073],[-48.938,-28.08],[-48.942,-28.083],[-48.942,-28.086],[-48.937,-28.09],[-48.944,-28.091],[-48.947,-28.097],[-48.952,-28.098],[-48.95,-28.107],[-48.953,-28.108],[-48.97,-28.108],[-48.972,-28.102],[-48.969,-28.099],[-48.972,-28.092],[-48.971,-28.089],[-48.972,-28.085],[-48.969,-28.082],[-48.975,-28.08],[-48.975,-28.079],[-48.98,-28.076],[-48.983,-28.076],[-48.987,-28.073],[-48.989,-28.068],[-48.998,-28.065],[-48.998,-28.062],[-49.004,-28.059],[-49.006,-28.054],[-49.013,-28.053],[-49.018,-28.049],[-49.023,-28.048],[-49.021,-28.045],[-49.025,-28.04],[-49.031,-28.039],[-49.035,-28.035],[-49.038,-28.024],[-49.039,-28.02],[-49.035,-28.015],[-49.035,-28.011],[-49.038,-28.007],[-49.041,-28.007],[-49.044,-28.004],[-49.044,-27.996],[-49.045,-27.994],[-49.05,-27.993],[-49.052,-27.99]]]}},{"type":"Feature","properties":{"c":"4216008"},"geometry":{"type":"Polygon","coordinates":[[[-53.018,-27.093],[-53.019,-27.089],[-53.024,-27.085],[-53.034,-27.082],[-53.048,-27.084],[-53.055,-27.086],[-53.064,-27.092],[-53.073,-27.102],[-53.077,-27.108],[-53.083,-27.099],[-53.087,-27.097],[-53.088,-27.094],[-53.084,-27.091],[-53.08,-27.093],[-53.075,-27.092],[-53.076,-27.089],[-53.083,-27.085],[-53.087,-27.08],[-53.094,-27.081],[-53.099,-27.079],[-53.098,-27.075],[-53.094,-27.071],[-53.094,-27.066],[-53.095,-27.065],[-53.098,-27.068],[-53.104,-27.068],[-53.107,-27.066],[-53.103,-27.064],[-53.103,-27.061],[-53.106,-27.058],[-53.101,-27.054],[-53.113,-27.046],[-53.111,-27.043],[-53.103,-27.043],[-53.103,-27.04],[-53.106,-27.038],[-53.109,-27.039],[-53.111,-27.034],[-53.108,-27.031],[-53.103,-27.028],[-53.095,-27.028],[-53.091,-27.002],[-53.09,-26.991],[-53.07,-26.991],[-53.07,-26.982],[-53.066,-26.983],[-53.052,-26.974],[-53.052,-26.97],[-53.046,-26.97],[-53.047,-26.968],[-53.041,-26.967],[-52.992,-26.968],[-52.982,-26.956],[-52.977,-26.957],[-52.974,-26.956],[-52.973,-26.962],[-52.965,-26.963],[-52.976,-26.974],[-52.979,-26.978],[-52.98,-26.984],[-52.972,-26.993],[-52.969,-26.995],[-52.962,-26.996],[-52.957,-26.999],[-52.951,-27.003],[-52.951,-27.006],[-52.963,-27.015],[-52.969,-27.019],[-52.97,-27.023],[-52.968,-27.026],[-52.963,-27.029],[-52.952,-27.031],[-52.949,-27.033],[-52.946,-27.038],[-52.955,-27.041],[-52.971,-27.038],[-52.976,-27.036],[-52.982,-27.036],[-52.983,-27.039],[-52.982,-27.046],[-52.969,-27.064],[-52.97,-27.068],[-52.975,-27.068],[-52.987,-27.064],[-52.993,-27.065],[-52.994,-27.067],[-52.993,-27.073],[-52.99,-27.081],[-52.991,-27.094],[-52.993,-27.099],[-53.006,-27.098],[-53.013,-27.096],[-53.018,-27.093]]]}},{"type":"Feature","properties":{"c":"4216057"},"geometry":{"type":"Polygon","coordinates":[[[-50.243,-27.237],[-50.237,-27.242],[-50.228,-27.241],[-50.223,-27.246],[-50.216,-27.248],[-50.204,-27.243],[-50.202,-27.241],[-50.203,-27.238],[-50.199,-27.237],[-50.194,-27.244],[-50.19,-27.252],[-50.183,-27.254],[-50.179,-27.267],[-50.175,-27.269],[-50.18,-27.273],[-50.187,-27.274],[-50.189,-27.275],[-50.188,-27.28],[-50.189,-27.288],[-50.188,-27.293],[-50.178,-27.3],[-50.182,-27.307],[-50.182,-27.312],[-50.186,-27.319],[-50.185,-27.323],[-50.188,-27.326],[-50.197,-27.328],[-50.2,-27.333],[-50.198,-27.336],[-50.199,-27.343],[-50.208,-27.346],[-50.219,-27.346],[-50.315,-27.345],[-50.359,-27.343],[-50.358,-27.346],[-50.363,-27.348],[-50.369,-27.345],[-50.372,-27.347],[-50.374,-27.351],[-50.379,-27.351],[-50.381,-27.349],[-50.387,-27.352],[-50.39,-27.357],[-50.395,-27.358],[-50.4,-27.362],[-50.413,-27.363],[-50.417,-27.365],[-50.422,-27.365],[-50.429,-27.367],[-50.429,-27.365],[-50.437,-27.359],[-50.444,-27.359],[-50.449,-27.363],[-50.45,-27.367],[-50.455,-27.369],[-50.461,-27.365],[-50.464,-27.367],[-50.468,-27.36],[-50.465,-27.355],[-50.466,-27.352],[-50.463,-27.347],[-50.463,-27.329],[-50.466,-27.327],[-50.468,-27.317],[-50.471,-27.315],[-50.477,-27.314],[-50.482,-27.308],[-50.487,-27.308],[-50.492,-27.31],[-50.493,-27.306],[-50.496,-27.305],[-50.499,-27.299],[-50.499,-27.287],[-50.503,-27.272],[-50.506,-27.267],[-50.505,-27.264],[-50.506,-27.26],[-50.509,-27.258],[-50.504,-27.255],[-50.505,-27.251],[-50.5,-27.248],[-50.498,-27.249],[-50.496,-27.246],[-50.498,-27.243],[-50.496,-27.241],[-50.496,-27.234],[-50.501,-27.229],[-50.499,-27.226],[-50.5,-27.219],[-50.502,-27.218],[-50.497,-27.217],[-50.493,-27.218],[-50.486,-27.224],[-50.478,-27.229],[-50.474,-27.219],[-50.47,-27.215],[-50.461,-27.217],[-50.458,-27.22],[-50.457,-27.228],[-50.454,-27.231],[-50.453,-27.228],[-50.444,-27.228],[-50.44,-27.234],[-50.436,-27.233],[-50.429,-27.236],[-50.425,-27.236],[-50.421,-27.234],[-50.418,-27.238],[-50.409,-27.241],[-50.416,-27.249],[-50.411,-27.25],[-50.409,-27.253],[-50.404,-27.254],[-50.404,-27.258],[-50.401,-27.26],[-50.397,-27.262],[-50.396,-27.264],[-50.391,-27.265],[-50.395,-27.262],[-50.394,-27.256],[-50.39,-27.252],[-50.391,-27.249],[-50.377,-27.247],[-50.377,-27.243],[-50.381,-27.243],[-50.382,-27.237],[-50.378,-27.235],[-50.378,-27.232],[-50.38,-27.228],[-50.379,-27.222],[-50.374,-27.224],[-50.37,-27.232],[-50.371,-27.235],[-50.368,-27.241],[-50.367,-27.238],[-50.362,-27.236],[-50.358,-27.238],[-50.352,-27.237],[-50.35,-27.238],[-50.355,-27.24],[-50.358,-27.243],[-50.356,-27.249],[-50.359,-27.255],[-50.362,-27.25],[-50.366,-27.253],[-50.362,-27.255],[-50.361,-27.258],[-50.357,-27.256],[-50.357,-27.265],[-50.348,-27.264],[-50.341,-27.267],[-50.332,-27.261],[-50.325,-27.266],[-50.318,-27.269],[-50.316,-27.265],[-50.312,-27.264],[-50.309,-27.265],[-50.309,-27.258],[-50.304,-27.253],[-50.298,-27.25],[-50.294,-27.252],[-50.294,-27.254],[-50.289,-27.258],[-50.286,-27.259],[-50.279,-27.265],[-50.278,-27.264],[-50.274,-27.268],[-50.268,-27.268],[-50.257,-27.263],[-50.259,-27.26],[-50.257,-27.255],[-50.25,-27.247],[-50.249,-27.244],[-50.243,-27.238],[-50.243,-27.237]]]}},{"type":"Feature","properties":{"c":"4216107"},"geometry":{"type":"Polygon","coordinates":[[[-52.563,-26.672],[-52.567,-26.673],[-52.577,-26.679],[-52.58,-26.677],[-52.58,-26.668],[-52.585,-26.665],[-52.585,-26.67],[-52.589,-26.679],[-52.592,-26.68],[-52.595,-26.674],[-52.596,-26.668],[-52.6,-26.666],[-52.606,-26.67],[-52.607,-26.675],[-52.613,-26.673],[-52.618,-26.672],[-52.62,-26.669],[-52.619,-26.667],[-52.61,-26.665],[-52.607,-26.659],[-52.608,-26.654],[-52.612,-26.651],[-52.615,-26.655],[-52.62,-26.655],[-52.623,-26.656],[-52.626,-26.655],[-52.629,-26.651],[-52.626,-26.646],[-52.618,-26.642],[-52.62,-26.637],[-52.625,-26.635],[-52.633,-26.635],[-52.633,-26.627],[-52.636,-26.626],[-52.641,-26.623],[-52.639,-26.631],[-52.644,-26.634],[-52.646,-26.627],[-52.648,-26.626],[-52.65,-26.632],[-52.653,-26.634],[-52.659,-26.63],[-52.662,-26.631],[-52.663,-26.624],[-52.661,-26.622],[-52.662,-26.619],[-52.672,-26.621],[-52.675,-26.618],[-52.67,-26.613],[-52.672,-26.601],[-52.664,-26.597],[-52.659,-26.593],[-52.661,-26.59],[-52.649,-26.587],[-52.652,-26.585],[-52.648,-26.577],[-52.65,-26.574],[-52.649,-26.57],[-52.636,-26.564],[-52.636,-26.561],[-52.625,-26.557],[-52.623,-26.552],[-52.619,-26.55],[-52.614,-26.551],[-52.607,-26.541],[-52.609,-26.538],[-52.61,-26.532],[-52.608,-26.527],[-52.612,-26.525],[-52.611,-26.518],[-52.616,-26.514],[-52.616,-26.511],[-52.61,-26.508],[-52.609,-26.505],[-52.608,-26.498],[-52.611,-26.49],[-52.607,-26.488],[-52.607,-26.481],[-52.611,-26.477],[-52.606,-26.475],[-52.601,-26.476],[-52.598,-26.472],[-52.599,-26.467],[-52.602,-26.461],[-52.593,-26.458],[-52.591,-26.455],[-52.582,-26.456],[-52.58,-26.453],[-52.584,-26.449],[-52.58,-26.442],[-52.584,-26.436],[-52.58,-26.431],[-52.577,-26.432],[-52.575,-26.426],[-52.574,-26.427],[-52.572,-26.418],[-52.567,-26.415],[-52.563,-26.415],[-52.557,-26.408],[-52.555,-26.411],[-52.553,-26.412],[-52.546,-26.408],[-52.543,-26.408],[-52.539,-26.404],[-52.535,-26.403],[-52.532,-26.401],[-52.524,-26.399],[-52.518,-26.402],[-52.511,-26.408],[-52.499,-26.416],[-52.496,-26.42],[-52.492,-26.421],[-52.486,-26.42],[-52.478,-26.421],[-52.469,-26.427],[-52.469,-26.433],[-52.464,-26.44],[-52.459,-26.441],[-52.45,-26.441],[-52.443,-26.438],[-52.452,-26.45],[-52.455,-26.45],[-52.461,-26.454],[-52.465,-26.454],[-52.475,-26.458],[-52.479,-26.463],[-52.482,-26.476],[-52.479,-26.481],[-52.479,-26.487],[-52.48,-26.489],[-52.475,-26.492],[-52.476,-26.497],[-52.474,-26.5],[-52.474,-26.505],[-52.472,-26.508],[-52.466,-26.509],[-52.471,-26.516],[-52.473,-26.514],[-52.477,-26.527],[-52.48,-26.529],[-52.478,-26.532],[-52.478,-26.541],[-52.475,-26.545],[-52.468,-26.551],[-52.468,-26.554],[-52.464,-26.554],[-52.463,-26.567],[-52.465,-26.57],[-52.471,-26.567],[-52.475,-26.567],[-52.479,-26.57],[-52.478,-26.575],[-52.48,-26.578],[-52.487,-26.578],[-52.495,-26.576],[-52.496,-26.579],[-52.493,-26.583],[-52.488,-26.584],[-52.48,-26.588],[-52.472,-26.59],[-52.473,-26.592],[-52.48,-26.595],[-52.484,-26.603],[-52.49,-26.606],[-52.492,-26.604],[-52.494,-26.6],[-52.491,-26.593],[-52.494,-26.59],[-52.502,-26.595],[-52.503,-26.598],[-52.511,-26.602],[-52.513,-26.605],[-52.518,-26.607],[-52.528,-26.602],[-52.537,-26.602],[-52.541,-26.607],[-52.53,-26.614],[-52.526,-26.612],[-52.523,-26.613],[-52.521,-26.619],[-52.519,-26.621],[-52.519,-26.628],[-52.513,-26.634],[-52.515,-26.637],[-52.523,-26.635],[-52.529,-26.632],[-52.531,-26.626],[-52.533,-26.622],[-52.54,-26.62],[-52.543,-26.62],[-52.544,-26.623],[-52.541,-26.631],[-52.535,-26.635],[-52.534,-26.639],[-52.535,-26.651],[-52.529,-26.657],[-52.529,-26.66],[-52.539,-26.665],[-52.543,-26.664],[-52.547,-26.654],[-52.557,-26.654],[-52.564,-26.65],[-52.574,-26.65],[-52.576,-26.659],[-52.576,-26.663],[-52.572,-26.664],[-52.564,-26.662],[-52.558,-26.666],[-52.557,-26.67],[-52.563,-26.672]]]}},{"type":"Feature","properties":{"c":"4216206"},"geometry":{"type":"MultiPolygon","coordinates":[[[[-48.594,-26.452],[-48.597,-26.454],[-48.605,-26.455],[-48.611,-26.453],[-48.622,-26.443],[-48.626,-26.438],[-48.626,-26.429],[-48.619,-26.409],[-48.619,-26.399],[-48.624,-26.39],[-48.629,-26.377],[-48.633,-26.372],[-48.637,-26.369],[-48.643,-26.367],[-48.651,-26.367],[-48.662,-26.361],[-48.671,-26.356],[-48.681,-26.352],[-48.687,-26.348],[-48.694,-26.347],[-48.705,-26.342],[-48.708,-26.335],[-48.71,-26.333],[-48.72,-26.329],[-48.725,-26.325],[-48.726,-26.322],[-48.722,-26.315],[-48.721,-26.31],[-48.722,-26.305],[-48.726,-26.299],[-48.74,-26.286],[-48.742,-26.261],[-48.746,-26.248],[-48.757,-26.234],[-48.76,-26.227],[-48.764,-26.215],[-48.763,-26.207],[-48.756,-26.203],[-48.756,-26.197],[-48.76,-26.189],[-48.781,-26.158],[-48.784,-26.153],[-48.779,-26.149],[-48.773,-26.146],[-48.769,-26.139],[-48.764,-26.14],[-48.758,-26.137],[-48.746,-26.128],[-48.742,-26.127],[-48.627,-26.183],[-48.629,-26.193],[-48.627,-26.201],[-48.622,-26.207],[-48.599,-26.193],[-48.576,-26.177],[-48.572,-26.172],[-48.569,-26.168],[-48.547,-26.171],[-48.54,-26.17],[-48.535,-26.167],[-48.536,-26.166],[-48.532,-26.163],[-48.527,-26.164],[-48.524,-26.169],[-48.524,-26.173],[-48.528,-26.185],[-48.528,-26.197],[-48.525,-26.21],[-48.52,-26.219],[-48.515,-26.224],[-48.508,-26.226],[-48.503,-26.226],[-48.497,-26.216],[-48.493,-26.219],[-48.496,-26.222],[-48.497,-26.228],[-48.5,-26.229],[-48.5,-26.236],[-48.503,-26.236],[-48.526,-26.272],[-48.538,-26.295],[-48.546,-26.31],[-48.552,-26.323],[-48.558,-26.336],[-48.562,-26.351],[-48.567,-26.364],[-48.583,-26.389],[-48.59,-26.402],[-48.598,-26.422],[-48.599,-26.432],[-48.599,-26.44],[-48.597,-26.449],[-48.594,-26.452]]],[[[-48.487,-26.182],[-48.489,-26.181],[-48.487,-26.18],[-48.487,-26.182]]],[[[-48.483,-26.164],[-48.485,-26.166],[-48.486,-26.164],[-48.483,-26.164]]],[[[-48.482,-26.167],[-48.482,-26.165],[-48.481,-26.166],[-48.482,-26.167]]],[[[-48.484,-26.183],[-48.486,-26.177],[-48.485,-26.174],[-48.482,-26.175],[-48.484,-26.183]]],[[[-48.491,-26.203],[-48.493,-26.203],[-48.491,-26.202],[-48.491,-26.203]]],[[[-48.525,-26.387],[-48.525,-26.385],[-48.524,-26.386],[-48.525,-26.387]]],[[[-48.525,-26.384],[-48.525,-26.381],[-48.523,-26.381],[-48.525,-26.384]]],[[[-48.522,-26.37],[-48.523,-26.368],[-48.521,-26.369],[-48.522,-26.37]]],[[[-48.522,-26.374],[-48.523,-26.372],[-48.52,-26.37],[-48.522,-26.374]]]]}},{"type":"Feature","properties":{"c":"4216255"},"geometry":{"type":"Polygon","coordinates":[[[-53.52,-27.082],[-53.527,-27.092],[-53.522,-27.099],[-53.523,-27.11],[-53.521,-27.114],[-53.523,-27.12],[-53.527,-27.123],[-53.526,-27.131],[-53.531,-27.137],[-53.537,-27.14],[-53.539,-27.146],[-53.548,-27.15],[-53.548,-27.156],[-53.553,-27.156],[-53.559,-27.159],[-53.564,-27.158],[-53.567,-27.16],[-53.58,-27.156],[-53.582,-27.152],[-53.591,-27.142],[-53.593,-27.142],[-53.598,-27.138],[-53.6,-27.141],[-53.597,-27.147],[-53.597,-27.149],[-53.606,-27.154],[-53.604,-27.161],[-53.606,-27.164],[-53.615,-27.166],[-53.624,-27.164],[-53.632,-27.156],[-53.641,-27.155],[-53.649,-27.142],[-53.645,-27.14],[-53.641,-27.135],[-53.641,-27.131],[-53.639,-27.127],[-53.645,-27.126],[-53.648,-27.123],[-53.655,-27.122],[-53.656,-27.12],[-53.653,-27.116],[-53.65,-27.117],[-53.648,-27.111],[-53.663,-27.108],[-53.654,-27.076],[-53.653,-27.076],[-53.653,-27.067],[-53.642,-27.068],[-53.639,-27.061],[-53.646,-27.056],[-53.646,-27.048],[-53.643,-27.044],[-53.641,-27.041],[-53.637,-27.044],[-53.632,-27.039],[-53.622,-27.034],[-53.624,-27.029],[-53.624,-27.021],[-53.62,-27.018],[-53.62,-27.022],[-53.617,-27.022],[-53.617,-27.024],[-53.611,-27.026],[-53.607,-27.023],[-53.608,-27.019],[-53.606,-27.016],[-53.604,-27.018],[-53.598,-27.017],[-53.599,-27.013],[-53.598,-27.01],[-53.595,-27.012],[-53.592,-27.009],[-53.587,-27.009],[-53.583,-27.014],[-53.577,-27.018],[-53.573,-27.025],[-53.547,-27.025],[-53.543,-27.028],[-53.543,-27.031],[-53.545,-27.033],[-53.541,-27.04],[-53.543,-27.048],[-53.547,-27.055],[-53.546,-27.061],[-53.545,-27.071],[-53.548,-27.076],[-53.542,-27.076],[-53.543,-27.08],[-53.545,-27.08],[-53.542,-27.087],[-53.547,-27.09],[-53.534,-27.09],[-53.527,-27.077],[-53.524,-27.08],[-53.52,-27.082]]]}},{"type":"Feature","properties":{"c":"4216305"},"geometry":{"type":"Polygon","coordinates":[[[-48.801,-27.358],[-48.804,-27.364],[-48.811,-27.369],[-48.812,-27.374],[-48.818,-27.379],[-48.816,-27.381],[-48.818,-27.387],[-48.823,-27.389],[-48.832,-27.393],[-48.835,-27.397],[-48.845,-27.409],[-48.852,-27.414],[-48.855,-27.422],[-48.868,-27.433],[-48.868,-27.436],[-48.872,-27.438],[-48.873,-27.435],[-48.877,-27.434],[-48.879,-27.431],[-48.884,-27.433],[-48.883,-27.429],[-48.898,-27.426],[-48.902,-27.427],[-48.906,-27.425],[-48.909,-27.419],[-48.906,-27.411],[-48.904,-27.408],[-48.906,-27.394],[-48.904,-27.385],[-48.901,-27.381],[-48.917,-27.367],[-48.922,-27.367],[-48.926,-27.365],[-48.925,-27.359],[-48.928,-27.354],[-48.938,-27.351],[-48.941,-27.345],[-48.94,-27.341],[-48.942,-27.339],[-48.937,-27.329],[-48.927,-27.328],[-48.923,-27.33],[-48.917,-27.326],[-48.917,-27.322],[-48.91,-27.319],[-48.91,-27.317],[-48.903,-27.314],[-48.899,-27.306],[-48.892,-27.308],[-48.888,-27.305],[-48.882,-27.306],[-48.884,-27.297],[-48.882,-27.292],[-48.884,-27.29],[-48.898,-27.25],[-48.892,-27.248],[-48.884,-27.243],[-48.883,-27.239],[-48.881,-27.235],[-48.875,-27.236],[-48.876,-27.23],[-48.877,-27.23],[-48.875,-27.224],[-48.869,-27.219],[-48.865,-27.22],[-48.865,-27.222],[-48.861,-27.224],[-48.852,-27.224],[-48.843,-27.227],[-48.835,-27.232],[-48.834,-27.237],[-48.829,-27.238],[-48.828,-27.241],[-48.82,-27.25],[-48.816,-27.249],[-48.813,-27.252],[-48.813,-27.257],[-48.817,-27.261],[-48.816,-27.264],[-48.812,-27.269],[-48.813,-27.271],[-48.809,-27.275],[-48.804,-27.274],[-48.8,-27.276],[-48.798,-27.28],[-48.796,-27.275],[-48.786,-27.276],[-48.786,-27.278],[-48.794,-27.286],[-48.793,-27.288],[-48.798,-27.296],[-48.796,-27.302],[-48.799,-27.303],[-48.801,-27.307],[-48.794,-27.319],[-48.795,-27.325],[-48.799,-27.329],[-48.801,-27.334],[-48.796,-27.345],[-48.797,-27.351],[-48.802,-27.355],[-48.801,-27.358]]]}},{"type":"Feature","properties":{"c":"4216354"},"geometry":{"type":"Polygon","coordinates":[[[-48.802,-26.681],[-48.801,-26.678],[-48.805,-26.673],[-48.805,-26.669],[-48.809,-26.662],[-48.808,-26.658],[-48.816,-26.657],[-48.815,-26.652],[-48.817,-26.642],[-48.817,-26.639],[-48.823,-26.638],[-48.83,-26.64],[-48.833,-26.639],[-48.832,-26.635],[-48.834,-26.629],[-48.837,-26.63],[-48.844,-26.628],[-48.845,-26.631],[-48.852,-26.632],[-48.855,-26.635],[-48.856,-26.634],[-48.854,-26.634],[-48.852,-26.626],[-48.853,-26.621],[-48.855,-26.617],[-48.856,-26.609],[-48.855,-26.599],[-48.851,-26.598],[-48.852,-26.595],[-48.858,-26.591],[-48.859,-26.588],[-48.862,-26.583],[-48.857,-26.578],[-48.86,-26.563],[-48.86,-26.559],[-48.856,-26.55],[-48.848,-26.544],[-48.846,-26.544],[-48.837,-26.547],[-48.833,-26.546],[-48.832,-26.541],[-48.833,-26.537],[-48.832,-26.531],[-48.829,-26.528],[-48.834,-26.525],[-48.831,-26.521],[-48.827,-26.521],[-48.825,-26.515],[-48.818,-26.517],[-48.814,-26.519],[-48.813,-26.513],[-48.807,-26.513],[-48.795,-26.518],[-48.789,-26.524],[-48.785,-26.526],[-48.781,-26.527],[-48.773,-26.531],[-48.767,-26.531],[-48.757,-26.537],[-48.752,-26.54],[-48.747,-26.547],[-48.741,-26.56],[-48.744,-26.571],[-48.741,-26.576],[-48.74,-26.587],[-48.744,-26.593],[-48.743,-26.631],[-48.75,-26.632],[-48.757,-26.638],[-48.756,-26.644],[-48.759,-26.648],[-48.755,-26.651],[-48.757,-26.655],[-48.754,-26.659],[-48.754,-26.665],[-48.759,-26.664],[-48.765,-26.665],[-48.766,-26.668],[-48.777,-26.667],[-48.78,-26.661],[-48.784,-26.661],[-48.787,-26.666],[-48.787,-26.672],[-48.796,-26.673],[-48.802,-26.681]]]}},{"type":"Feature","properties":{"c":"4216404"},"geometry":{"type":"Polygon","coordinates":[[[-49.792,-29.286],[-49.796,-29.289],[-49.799,-29.287],[-49.81,-29.287],[-49.812,-29.284],[-49.816,-29.286],[-49.822,-29.283],[-49.824,-29.278],[-49.826,-29.279],[-49.83,-29.276],[-49.833,-29.277],[-49.836,-29.275],[-49.838,-29.279],[-49.841,-29.276],[-49.843,-29.278],[-49.847,-29.272],[-49.843,-29.271],[-49.845,-29.268],[-49.842,-29.263],[-49.844,-29.259],[-49.855,-29.257],[-49.852,-29.253],[-49.853,-29.25],[-49.849,-29.25],[-49.849,-29.247],[-49.853,-29.244],[-49.857,-29.245],[-49.859,-29.242],[-49.856,-29.24],[-49.857,-29.233],[-49.87,-29.224],[-49.877,-29.225],[-49.878,-29.223],[-49.888,-29.219],[-49.891,-29.219],[-49.898,-29.214],[-49.903,-29.215],[-49.906,-29.212],[-49.913,-29.208],[-49.917,-29.208],[-49.925,-29.206],[-49.933,-29.208],[-49.943,-29.206],[-49.946,-29.201],[-49.954,-29.201],[-49.958,-29.2],[-49.947,-29.199],[-49.94,-29.201],[-49.938,-29.198],[-49.932,-29.199],[-49.929,-29.197],[-49.924,-29.197],[-49.923,-29.194],[-49.911,-29.195],[-49.912,-29.192],[-49.904,-29.191],[-49.894,-29.181],[-49.891,-29.175],[-49.884,-29.175],[-49.885,-29.171],[-49.88,-29.172],[-49.878,-29.169],[-49.872,-29.171],[-49.861,-29.169],[-49.858,-29.166],[-49.855,-29.167],[-49.852,-29.165],[-49.848,-29.166],[-49.844,-29.165],[-49.84,-29.16],[-49.838,-29.163],[-49.835,-29.16],[-49.838,-29.159],[-49.838,-29.154],[-49.831,-29.156],[-49.827,-29.156],[-49.83,-29.151],[-49.825,-29.149],[-49.819,-29.152],[-49.82,-29.149],[-49.826,-29.144],[-49.829,-29.128],[-49.832,-29.122],[-49.832,-29.113],[-49.835,-29.107],[-49.833,-29.098],[-49.834,-29.095],[-49.764,-29.17],[-49.712,-29.206],[-49.717,-29.208],[-49.72,-29.213],[-49.728,-29.227],[-49.736,-29.238],[-49.74,-29.243],[-49.74,-29.25],[-49.744,-29.255],[-49.753,-29.261],[-49.752,-29.254],[-49.754,-29.252],[-49.776,-29.24],[-49.778,-29.237],[-49.791,-29.286],[-49.792,-29.286]]]}},{"type":"Feature","properties":{"c":"4216503"},"geometry":{"type":"Polygon","coordinates":[[[-49.85,-28.102],[-49.853,-28.11],[-49.849,-28.11],[-49.845,-28.109],[-49.837,-28.111],[-49.833,-28.11],[-49.825,-28.11],[-49.825,-28.113],[-49.83,-28.116],[-49.829,-28.119],[-49.819,-28.115],[-49.816,-28.118],[-49.808,-28.117],[-49.803,-28.118],[-49.802,-28.111],[-49.798,-28.109],[-49.793,-28.111],[-49.793,-28.117],[-49.795,-28.121],[-49.795,-28.126],[-49.789,-28.13],[-49.785,-28.128],[-49.785,-28.132],[-49.782,-28.135],[-49.782,-28.139],[-49.777,-28.142],[-49.777,-28.145],[-49.767,-28.151],[-49.76,-28.153],[-49.755,-28.162],[-49.751,-28.166],[-49.747,-28.166],[-49.745,-28.171],[-49.743,-28.172],[-49.743,-28.175],[-49.739,-28.177],[-49.734,-28.182],[-49.73,-28.181],[-49.727,-28.185],[-49.722,-28.182],[-49.722,-28.186],[-49.717,-28.192],[-49.709,-28.195],[-49.706,-28.2],[-49.702,-28.2],[-49.701,-28.207],[-49.698,-28.21],[-49.685,-28.212],[-49.682,-28.22],[-49.679,-28.223],[-49.672,-28.229],[-49.672,-28.231],[-49.677,-28.233],[-49.69,-28.226],[-49.694,-28.226],[-49.701,-28.228],[-49.705,-28.223],[-49.709,-28.221],[-49.715,-28.224],[-49.722,-28.222],[-49.73,-28.232],[-49.73,-28.237],[-49.732,-28.239],[-49.742,-28.242],[-49.746,-28.241],[-49.749,-28.242],[-49.758,-28.253],[-49.758,-28.255],[-49.762,-28.258],[-49.761,-28.262],[-49.764,-28.269],[-49.768,-28.272],[-49.768,-28.274],[-49.773,-28.276],[-49.774,-28.279],[-49.772,-28.282],[-49.774,-28.285],[-49.77,-28.293],[-49.771,-28.298],[-49.767,-28.298],[-49.771,-28.301],[-49.77,-28.305],[-49.772,-28.31],[-49.768,-28.311],[-49.772,-28.316],[-49.773,-28.319],[-49.77,-28.325],[-49.774,-28.327],[-49.774,-28.331],[-49.771,-28.334],[-49.768,-28.332],[-49.765,-28.335],[-49.767,-28.34],[-49.765,-28.342],[-49.765,-28.35],[-49.771,-28.354],[-49.776,-28.354],[-49.778,-28.357],[-49.774,-28.358],[-49.772,-28.367],[-49.772,-28.376],[-49.78,-28.372],[-49.783,-28.367],[-49.786,-28.366],[-49.79,-28.368],[-49.796,-28.368],[-49.797,-28.373],[-49.799,-28.373],[-49.805,-28.367],[-49.807,-28.366],[-49.81,-28.371],[-49.809,-28.381],[-49.809,-28.385],[-49.798,-28.386],[-49.793,-28.385],[-49.786,-28.387],[-49.785,-28.392],[-49.782,-28.394],[-49.776,-28.392],[-49.772,-28.394],[-49.773,-28.404],[-49.771,-28.406],[-49.764,-28.406],[-49.763,-28.409],[-49.767,-28.41],[-49.77,-28.415],[-49.769,-28.417],[-49.758,-28.416],[-49.755,-28.418],[-49.754,-28.421],[-49.76,-28.421],[-49.773,-28.425],[-49.781,-28.43],[-49.784,-28.428],[-49.782,-28.422],[-49.787,-28.423],[-49.79,-28.428],[-49.799,-28.425],[-49.801,-28.426],[-49.8,-28.432],[-49.803,-28.433],[-49.806,-28.428],[-49.806,-28.421],[-49.804,-28.417],[-49.807,-28.416],[-49.81,-28.417],[-49.81,-28.421],[-49.814,-28.422],[-49.822,-28.421],[-49.831,-28.425],[-49.831,-28.427],[-49.822,-28.433],[-49.82,-28.437],[-49.816,-28.439],[-49.814,-28.438],[-49.814,-28.433],[-49.813,-28.428],[-49.808,-28.43],[-49.808,-28.434],[-49.813,-28.44],[-49.813,-28.445],[-49.811,-28.454],[-49.805,-28.456],[-49.804,-28.458],[-49.813,-28.464],[-49.818,-28.464],[-49.82,-28.469],[-49.816,-28.469],[-49.817,-28.47],[-49.816,-28.48],[-49.811,-28.483],[-49.812,-28.485],[-49.818,-28.484],[-49.824,-28.479],[-49.827,-28.48],[-49.829,-28.485],[-49.832,-28.487],[-49.836,-28.494],[-49.839,-28.496],[-49.845,-28.495],[-49.845,-28.491],[-49.84,-28.487],[-49.844,-28.485],[-49.852,-28.488],[-49.864,-28.489],[-49.867,-28.489],[-49.869,-28.481],[-49.863,-28.472],[-49.864,-28.463],[-49.873,-28.459],[-49.878,-28.455],[-49.871,-28.451],[-49.861,-28.45],[-49.856,-28.448],[-49.854,-28.445],[-49.86,-28.442],[-49.87,-28.442],[-49.877,-28.444],[-49.88,-28.447],[-49.886,-28.446],[-49.888,-28.442],[-49.893,-28.44],[-49.898,-28.443],[-49.898,-28.446],[-49.893,-28.45],[-49.889,-28.457],[-49.889,-28.459],[-49.893,-28.463],[-49.9,-28.465],[-49.906,-28.464],[-49.908,-28.462],[-49.919,-28.458],[-49.923,-28.453],[-49.929,-28.451],[-49.932,-28.454],[-49.937,-28.457],[-49.938,-28.46],[-49.934,-28.461],[-49.929,-28.467],[-49.929,-28.472],[-49.936,-28.477],[-49.942,-28.482],[-49.946,-28.482],[-49.948,-28.473],[-49.951,-28.467],[-49.952,-28.451],[-49.956,-28.449],[-49.961,-28.451],[-49.965,-28.456],[-49.969,-28.453],[-49.971,-28.44],[-49.973,-28.439],[-49.981,-28.441],[-49.988,-28.445],[-49.99,-28.448],[-49.986,-28.455],[-49.989,-28.457],[-49.995,-28.457],[-50.002,-28.458],[-50.014,-28.451],[-50.02,-28.452],[-50.024,-28.459],[-50.024,-28.468],[-50.027,-28.474],[-50.034,-28.476],[-50.04,-28.48],[-50.045,-28.479],[-50.051,-28.476],[-50.06,-28.476],[-50.066,-28.477],[-50.073,-28.481],[-50.082,-28.473],[-50.086,-28.473],[-50.091,-28.476],[-50.097,-28.484],[-50.1,-28.486],[-50.103,-28.484],[-50.105,-28.476],[-50.111,-28.473],[-50.122,-28.476],[-50.126,-28.474],[-50.127,-28.466],[-50.117,-28.456],[-50.113,-28.452],[-50.111,-28.445],[-50.112,-28.441],[-50.116,-28.437],[-50.126,-28.429],[-50.13,-28.43],[-50.127,-28.437],[-50.129,-28.441],[-50.139,-28.443],[-50.147,-28.45],[-50.147,-28.457],[-50.149,-28.461],[-50.151,-28.459],[-50.157,-28.458],[-50.161,-28.46],[-50.159,-28.465],[-50.146,-28.477],[-50.144,-28.481],[-50.143,-28.488],[-50.139,-28.493],[-50.14,-28.495],[-50.146,-28.496],[-50.154,-28.498],[-50.159,-28.497],[-50.163,-28.495],[-50.162,-28.491],[-50.162,-28.479],[-50.165,-28.471],[-50.173,-28.459],[-50.178,-28.452],[-50.188,-28.453],[-50.199,-28.445],[-50.204,-28.444],[-50.207,-28.45],[-50.216,-28.46],[-50.223,-28.463],[-50.236,-28.457],[-50.239,-28.445],[-50.241,-28.44],[-50.242,-28.432],[-50.247,-28.428],[-50.25,-28.43],[-50.257,-28.438],[-50.264,-28.443],[-50.263,-28.446],[-50.257,-28.446],[-50.25,-28.447],[-50.251,-28.449],[-50.255,-28.449],[-50.273,-28.457],[-50.292,-28.451],[-50.301,-28.439],[-50.306,-28.437],[-50.315,-28.438],[-50.323,-28.434],[-50.329,-28.434],[-50.336,-28.437],[-50.34,-28.441],[-50.338,-28.448],[-50.337,-28.456],[-50.34,-28.462],[-50.346,-28.464],[-50.352,-28.457],[-50.352,-28.449],[-50.348,-28.435],[-50.348,-28.432],[-50.351,-28.425],[-50.356,-28.421],[-50.361,-28.42],[-50.368,-28.421],[-50.375,-28.43],[-50.377,-28.435],[-50.376,-28.443],[-50.379,-28.446],[-50.382,-28.447],[-50.39,-28.444],[-50.392,-28.436],[-50.394,-28.433],[-50.41,-28.434],[-50.416,-28.433],[-50.425,-28.433],[-50.419,-28.428],[-50.417,-28.423],[-50.413,-28.423],[-50.407,-28.424],[-50.404,-28.413],[-50.405,-28.407],[-50.407,-28.399],[-50.404,-28.392],[-50.399,-28.39],[-50.391,-28.39],[-50.385,-28.385],[-50.384,-28.379],[-50.381,-28.375],[-50.375,-28.371],[-50.37,-28.372],[-50.367,-28.38],[-50.362,-28.38],[-50.34,-28.383],[-50.333,-28.38],[-50.333,-28.376],[-50.337,-28.371],[-50.336,-28.368],[-50.326,-28.365],[-50.32,-28.363],[-50.316,-28.36],[-50.314,-28.355],[-50.306,-28.354],[-50.299,-28.35],[-50.293,-28.348],[-50.288,-28.346],[-50.281,-28.35],[-50.277,-28.348],[-50.272,-28.343],[-50.269,-28.335],[-50.265,-28.33],[-50.266,-28.328],[-50.272,-28.326],[-50.276,-28.327],[-50.279,-28.322],[-50.279,-28.312],[-50.271,-28.31],[-50.264,-28.311],[-50.253,-28.315],[-50.249,-28.315],[-50.249,-28.312],[-50.256,-28.307],[-50.255,-28.303],[-50.253,-28.303],[-50.246,-28.306],[-50.238,-28.302],[-50.231,-28.301],[-50.232,-28.295],[-50.242,-28.293],[-50.244,-28.29],[-50.245,-28.274],[-50.248,-28.264],[-50.246,-28.257],[-50.24,-28.257],[-50.237,-28.259],[-50.23,-28.259],[-50.225,-28.257],[-50.217,-28.251],[-50.218,-28.247],[-50.224,-28.244],[-50.229,-28.243],[-50.227,-28.235],[-50.225,-28.234],[-50.219,-28.237],[-50.217,-28.231],[-50.218,-28.222],[-50.22,-28.22],[-50.229,-28.222],[-50.233,-28.221],[-50.226,-28.212],[-50.218,-28.207],[-50.208,-28.207],[-50.202,-28.206],[-50.201,-28.213],[-50.196,-28.217],[-50.192,-28.218],[-50.188,-28.216],[-50.187,-28.212],[-50.194,-28.203],[-50.19,-28.201],[-50.182,-28.207],[-50.178,-28.208],[-50.175,-28.203],[-50.169,-28.203],[-50.166,-28.201],[-50.169,-28.197],[-50.18,-28.194],[-50.183,-28.191],[-50.182,-28.19],[-50.172,-28.188],[-50.171,-28.185],[-50.176,-28.18],[-50.182,-28.177],[-50.183,-28.172],[-50.187,-28.169],[-50.188,-28.165],[-50.186,-28.162],[-50.181,-28.164],[-50.174,-28.161],[-50.168,-28.162],[-50.165,-28.158],[-50.158,-28.155],[-50.153,-28.144],[-50.148,-28.142],[-50.145,-28.144],[-50.142,-28.154],[-50.14,-28.156],[-50.138,-28.15],[-50.133,-28.146],[-50.131,-28.148],[-50.134,-28.154],[-50.125,-28.159],[-50.116,-28.157],[-50.111,-28.162],[-50.104,-28.161],[-50.103,-28.16],[-50.111,-28.15],[-50.112,-28.145],[-50.115,-28.141],[-50.115,-28.138],[-50.107,-28.13],[-50.104,-28.124],[-50.098,-28.124],[-50.095,-28.121],[-50.101,-28.112],[-50.099,-28.11],[-50.092,-28.117],[-50.077,-28.123],[-50.076,-28.12],[-50.081,-28.115],[-50.083,-28.111],[-50.081,-28.11],[-50.075,-28.114],[-50.066,-28.111],[-50.059,-28.113],[-50.06,-28.11],[-50.065,-28.107],[-50.072,-28.105],[-50.072,-28.101],[-50.064,-28.098],[-50.063,-28.092],[-50.06,-28.089],[-50.057,-28.09],[-50.055,-28.094],[-50.053,-28.096],[-50.049,-28.098],[-50.039,-28.099],[-50.037,-28.102],[-50.033,-28.103],[-50.034,-28.099],[-50.03,-28.098],[-50.027,-28.101],[-50.023,-28.103],[-50.021,-28.096],[-50.018,-28.091],[-50.011,-28.088],[-50.003,-28.088],[-50.001,-28.09],[-50.003,-28.095],[-50.011,-28.098],[-50.011,-28.103],[-50.007,-28.104],[-50.004,-28.1],[-49.999,-28.098],[-49.988,-28.104],[-49.986,-28.101],[-49.987,-28.098],[-49.984,-28.094],[-49.979,-28.095],[-49.976,-28.1],[-49.979,-28.104],[-49.975,-28.109],[-49.97,-28.104],[-49.968,-28.098],[-49.964,-28.099],[-49.958,-28.096],[-49.954,-28.097],[-49.952,-28.103],[-49.948,-28.108],[-49.941,-28.111],[-49.94,-28.106],[-49.942,-28.102],[-49.941,-28.098],[-49.936,-28.1],[-49.93,-28.103],[-49.928,-28.097],[-49.919,-28.1],[-49.918,-28.107],[-49.914,-28.109],[-49.907,-28.112],[-49.904,-28.11],[-49.905,-28.106],[-49.909,-28.103],[-49.904,-28.104],[-49.904,-28.096],[-49.9,-28.093],[-49.895,-28.093],[-49.892,-28.096],[-49.885,-28.098],[-49.882,-28.106],[-49.883,-28.109],[-49.879,-28.112],[-49.875,-28.112],[-49.874,-28.109],[-49.878,-28.103],[-49.87,-28.097],[-49.867,-28.097],[-49.864,-28.102],[-49.856,-28.103],[-49.853,-28.101],[-49.85,-28.102]]]}},{"type":"Feature","properties":{"c":"4216602"},"geometry":{"type":"Polygon","coordinates":[[[-48.738,-27.615],[-48.746,-27.615],[-48.744,-27.61],[-48.745,-27.603],[-48.744,-27.598],[-48.743,-27.595],[-48.736,-27.591],[-48.736,-27.587],[-48.731,-27.583],[-48.736,-27.582],[-48.735,-27.579],[-48.731,-27.575],[-48.732,-27.568],[-48.731,-27.563],[-48.727,-27.561],[-48.729,-27.557],[-48.728,-27.554],[-48.726,-27.545],[-48.728,-27.541],[-48.723,-27.537],[-48.719,-27.529],[-48.715,-27.529],[-48.712,-27.525],[-48.694,-27.525],[-48.69,-27.52],[-48.679,-27.523],[-48.68,-27.529],[-48.677,-27.536],[-48.671,-27.541],[-48.667,-27.537],[-48.666,-27.533],[-48.664,-27.532],[-48.657,-27.538],[-48.655,-27.544],[-48.65,-27.541],[-48.649,-27.543],[-48.636,-27.535],[-48.634,-27.532],[-48.631,-27.53],[-48.615,-27.527],[-48.606,-27.525],[-48.591,-27.521],[-48.576,-27.517],[-48.578,-27.526],[-48.575,-27.539],[-48.569,-27.546],[-48.57,-27.549],[-48.586,-27.561],[-48.597,-27.57],[-48.602,-27.578],[-48.601,-27.581],[-48.606,-27.589],[-48.605,-27.6],[-48.61,-27.609],[-48.613,-27.618],[-48.613,-27.623],[-48.608,-27.632],[-48.594,-27.643],[-48.595,-27.648],[-48.599,-27.653],[-48.603,-27.663],[-48.619,-27.659],[-48.632,-27.654],[-48.637,-27.651],[-48.643,-27.645],[-48.64,-27.638],[-48.642,-27.634],[-48.643,-27.629],[-48.646,-27.626],[-48.655,-27.621],[-48.662,-27.609],[-48.668,-27.607],[-48.669,-27.616],[-48.671,-27.62],[-48.679,-27.616],[-48.689,-27.613],[-48.706,-27.611],[-48.738,-27.615]]]}},{"type":"Feature","properties":{"c":"4216701"},"geometry":{"type":"Polygon","coordinates":[[[-53.407,-26.518],[-53.408,-26.521],[-53.406,-26.525],[-53.408,-26.526],[-53.413,-26.523],[-53.419,-26.522],[-53.416,-26.518],[-53.418,-26.514],[-53.425,-26.512],[-53.429,-26.513],[-53.425,-26.518],[-53.428,-26.524],[-53.428,-26.53],[-53.433,-26.534],[-53.436,-26.532],[-53.447,-26.529],[-53.448,-26.536],[-53.433,-26.543],[-53.428,-26.542],[-53.426,-26.544],[-53.433,-26.547],[-53.438,-26.551],[-53.445,-26.549],[-53.446,-26.546],[-53.452,-26.548],[-53.459,-26.548],[-53.458,-26.547],[-53.471,-26.547],[-53.494,-26.521],[-53.494,-26.517],[-53.516,-26.518],[-53.518,-26.521],[-53.526,-26.523],[-53.535,-26.521],[-53.541,-26.522],[-53.545,-26.525],[-53.553,-26.524],[-53.555,-26.529],[-53.563,-26.528],[-53.564,-26.53],[-53.572,-26.528],[-53.575,-26.523],[-53.58,-26.527],[-53.583,-26.521],[-53.58,-26.521],[-53.581,-26.516],[-53.608,-26.516],[-53.608,-26.52],[-53.617,-26.521],[-53.619,-26.525],[-53.637,-26.526],[-53.637,-26.516],[-53.643,-26.516],[-53.654,-26.513],[-53.656,-26.513],[-53.66,-26.511],[-53.664,-26.51],[-53.669,-26.506],[-53.674,-26.512],[-53.677,-26.507],[-53.683,-26.505],[-53.682,-26.501],[-53.688,-26.5],[-53.691,-26.505],[-53.69,-26.511],[-53.687,-26.512],[-53.694,-26.512],[-53.692,-26.517],[-53.697,-26.52],[-53.697,-26.513],[-53.704,-26.512],[-53.708,-26.514],[-53.707,-26.52],[-53.701,-26.523],[-53.701,-26.529],[-53.705,-26.53],[-53.704,-26.534],[-53.706,-26.536],[-53.707,-26.531],[-53.711,-26.529],[-53.709,-26.527],[-53.712,-26.525],[-53.714,-26.531],[-53.713,-26.537],[-53.706,-26.543],[-53.707,-26.545],[-53.71,-26.545],[-53.713,-26.541],[-53.718,-26.54],[-53.719,-26.535],[-53.721,-26.538],[-53.725,-26.535],[-53.723,-26.53],[-53.717,-26.528],[-53.718,-26.525],[-53.723,-26.528],[-53.727,-26.526],[-53.729,-26.52],[-53.729,-26.513],[-53.731,-26.51],[-53.73,-26.502],[-53.724,-26.502],[-53.721,-26.507],[-53.717,-26.504],[-53.711,-26.505],[-53.706,-26.509],[-53.704,-26.508],[-53.706,-26.503],[-53.709,-26.502],[-53.706,-26.494],[-53.703,-26.49],[-53.697,-26.491],[-53.7,-26.48],[-53.696,-26.475],[-53.701,-26.473],[-53.703,-26.474],[-53.706,-26.481],[-53.708,-26.481],[-53.709,-26.474],[-53.714,-26.473],[-53.716,-26.471],[-53.71,-26.465],[-53.704,-26.464],[-53.702,-26.468],[-53.699,-26.47],[-53.699,-26.462],[-53.697,-26.455],[-53.703,-26.45],[-53.705,-26.444],[-53.703,-26.441],[-53.698,-26.44],[-53.698,-26.445],[-53.694,-26.443],[-53.688,-26.443],[-53.667,-26.444],[-53.638,-26.449],[-53.64,-26.452],[-53.64,-26.465],[-53.633,-26.47],[-53.632,-26.467],[-53.625,-26.473],[-53.582,-26.477],[-53.577,-26.48],[-53.576,-26.483],[-53.567,-26.471],[-53.571,-26.468],[-53.569,-26.465],[-53.56,-26.468],[-53.56,-26.454],[-53.557,-26.454],[-53.559,-26.45],[-53.556,-26.444],[-53.55,-26.437],[-53.544,-26.426],[-53.541,-26.427],[-53.531,-26.431],[-53.526,-26.432],[-53.521,-26.428],[-53.511,-26.429],[-53.507,-26.428],[-53.493,-26.428],[-53.487,-26.425],[-53.488,-26.423],[-53.469,-26.422],[-53.465,-26.406],[-53.456,-26.413],[-53.454,-26.417],[-53.454,-26.421],[-53.452,-26.424],[-53.44,-26.426],[-53.433,-26.432],[-53.429,-26.432],[-53.424,-26.435],[-53.418,-26.434],[-53.411,-26.43],[-53.408,-26.432],[-53.402,-26.432],[-53.403,-26.428],[-53.392,-26.424],[-53.361,-26.421],[-53.369,-26.424],[-53.368,-26.428],[-53.363,-26.429],[-53.364,-26.432],[-53.372,-26.431],[-53.372,-26.434],[-53.379,-26.435],[-53.377,-26.438],[-53.369,-26.441],[-53.37,-26.447],[-53.373,-26.446],[-53.376,-26.449],[-53.371,-26.451],[-53.373,-26.453],[-53.377,-26.452],[-53.38,-26.449],[-53.384,-26.456],[-53.383,-26.459],[-53.389,-26.459],[-53.391,-26.463],[-53.404,-26.466],[-53.407,-26.461],[-53.41,-26.465],[-53.407,-26.473],[-53.41,-26.477],[-53.403,-26.48],[-53.402,-26.482],[-53.411,-26.484],[-53.415,-26.481],[-53.415,-26.483],[-53.406,-26.49],[-53.405,-26.494],[-53.412,-26.493],[-53.417,-26.494],[-53.416,-26.497],[-53.413,-26.502],[-53.408,-26.505],[-53.407,-26.508],[-53.41,-26.511],[-53.418,-26.507],[-53.419,-26.509],[-53.41,-26.515],[-53.407,-26.518]]]}},{"type":"Feature","properties":{"c":"4216800"},"geometry":{"type":"Polygon","coordinates":[[[-50.875,-27.602],[-50.882,-27.61],[-50.886,-27.607],[-50.887,-27.596],[-50.882,-27.591],[-50.88,-27.588],[-50.882,-27.586],[-50.887,-27.587],[-50.89,-27.591],[-50.897,-27.587],[-50.899,-27.578],[-50.898,-27.575],[-50.901,-27.573],[-50.905,-27.575],[-50.912,-27.574],[-50.919,-27.576],[-50.925,-27.581],[-50.931,-27.582],[-50.935,-27.58],[-50.932,-27.576],[-50.938,-27.567],[-50.959,-27.559],[-50.96,-27.555],[-50.959,-27.553],[-50.951,-27.551],[-50.938,-27.553],[-50.93,-27.558],[-50.919,-27.561],[-50.913,-27.559],[-50.912,-27.555],[-50.915,-27.539],[-50.911,-27.534],[-50.906,-27.533],[-50.902,-27.539],[-50.902,-27.543],[-50.904,-27.552],[-50.899,-27.561],[-50.895,-27.56],[-50.887,-27.547],[-50.888,-27.542],[-50.887,-27.537],[-50.882,-27.536],[-50.873,-27.546],[-50.861,-27.544],[-50.86,-27.542],[-50.862,-27.537],[-50.866,-27.532],[-50.864,-27.528],[-50.856,-27.522],[-50.852,-27.517],[-50.852,-27.511],[-50.847,-27.509],[-50.84,-27.512],[-50.835,-27.516],[-50.832,-27.515],[-50.828,-27.506],[-50.825,-27.503],[-50.812,-27.5],[-50.802,-27.495],[-50.801,-27.488],[-50.804,-27.485],[-50.808,-27.482],[-50.821,-27.481],[-50.831,-27.478],[-50.834,-27.475],[-50.834,-27.469],[-50.832,-27.463],[-50.825,-27.453],[-50.823,-27.452],[-50.818,-27.454],[-50.815,-27.465],[-50.81,-27.47],[-50.807,-27.469],[-50.808,-27.461],[-50.806,-27.457],[-50.801,-27.455],[-50.788,-27.46],[-50.784,-27.458],[-50.781,-27.45],[-50.781,-27.448],[-50.794,-27.437],[-50.796,-27.433],[-50.793,-27.43],[-50.789,-27.429],[-50.782,-27.431],[-50.778,-27.44],[-50.774,-27.443],[-50.768,-27.441],[-50.763,-27.433],[-50.762,-27.427],[-50.757,-27.426],[-50.754,-27.422],[-50.749,-27.421],[-50.745,-27.422],[-50.742,-27.428],[-50.753,-27.431],[-50.75,-27.449],[-50.745,-27.45],[-50.739,-27.439],[-50.735,-27.438],[-50.73,-27.447],[-50.724,-27.451],[-50.715,-27.451],[-50.712,-27.448],[-50.714,-27.442],[-50.718,-27.439],[-50.72,-27.431],[-50.718,-27.426],[-50.716,-27.426],[-50.713,-27.43],[-50.707,-27.434],[-50.702,-27.443],[-50.7,-27.44],[-50.702,-27.433],[-50.7,-27.429],[-50.696,-27.427],[-50.69,-27.426],[-50.688,-27.43],[-50.688,-27.437],[-50.689,-27.442],[-50.686,-27.443],[-50.684,-27.44],[-50.68,-27.437],[-50.674,-27.44],[-50.676,-27.443],[-50.675,-27.449],[-50.671,-27.453],[-50.671,-27.458],[-50.678,-27.462],[-50.677,-27.466],[-50.67,-27.471],[-50.666,-27.468],[-50.665,-27.464],[-50.656,-27.461],[-50.655,-27.456],[-50.651,-27.452],[-50.647,-27.457],[-50.647,-27.463],[-50.644,-27.466],[-50.635,-27.47],[-50.636,-27.464],[-50.639,-27.46],[-50.64,-27.456],[-50.634,-27.454],[-50.625,-27.459],[-50.614,-27.462],[-50.604,-27.47],[-50.6,-27.468],[-50.597,-27.461],[-50.595,-27.46],[-50.591,-27.462],[-50.586,-27.467],[-50.582,-27.469],[-50.575,-27.465],[-50.569,-27.467],[-50.565,-27.466],[-50.564,-27.47],[-50.566,-27.476],[-50.571,-27.483],[-50.576,-27.485],[-50.574,-27.49],[-50.575,-27.496],[-50.578,-27.503],[-50.576,-27.504],[-50.569,-27.504],[-50.56,-27.505],[-50.563,-27.508],[-50.561,-27.514],[-50.557,-27.518],[-50.558,-27.521],[-50.548,-27.529],[-50.55,-27.534],[-50.546,-27.537],[-50.545,-27.546],[-50.54,-27.55],[-50.537,-27.561],[-50.533,-27.559],[-50.528,-27.562],[-50.525,-27.57],[-50.526,-27.578],[-50.524,-27.582],[-50.526,-27.585],[-50.531,-27.586],[-50.534,-27.589],[-50.535,-27.593],[-50.541,-27.598],[-50.543,-27.603],[-50.537,-27.606],[-50.53,-27.603],[-50.525,-27.596],[-50.521,-27.598],[-50.517,-27.596],[-50.512,-27.596],[-50.511,-27.6],[-50.513,-27.606],[-50.509,-27.607],[-50.507,-27.611],[-50.508,-27.618],[-50.506,-27.62],[-50.515,-27.625],[-50.522,-27.633],[-50.518,-27.635],[-50.508,-27.63],[-50.504,-27.63],[-50.5,-27.627],[-50.494,-27.629],[-50.494,-27.635],[-50.488,-27.635],[-50.491,-27.64],[-50.489,-27.642],[-50.491,-27.647],[-50.484,-27.646],[-50.48,-27.649],[-50.482,-27.653],[-50.48,-27.656],[-50.478,-27.655],[-50.471,-27.658],[-50.469,-27.663],[-50.466,-27.666],[-50.457,-27.668],[-50.455,-27.671],[-50.451,-27.669],[-50.447,-27.672],[-50.445,-27.676],[-50.44,-27.677],[-50.437,-27.674],[-50.433,-27.676],[-50.426,-27.677],[-50.424,-27.679],[-50.427,-27.681],[-50.426,-27.683],[-50.422,-27.684],[-50.418,-27.689],[-50.422,-27.693],[-50.418,-27.697],[-50.42,-27.702],[-50.416,-27.708],[-50.412,-27.707],[-50.39,-27.73],[-50.392,-27.737],[-50.391,-27.742],[-50.393,-27.748],[-50.397,-27.751],[-50.406,-27.748],[-50.406,-27.753],[-50.411,-27.754],[-50.414,-27.758],[-50.418,-27.76],[-50.418,-27.762],[-50.424,-27.763],[-50.427,-27.769],[-50.432,-27.768],[-50.434,-27.774],[-50.437,-27.772],[-50.444,-27.775],[-50.444,-27.773],[-50.448,-27.774],[-50.452,-27.771],[-50.46,-27.773],[-50.465,-27.771],[-50.468,-27.774],[-50.471,-27.773],[-50.468,-27.771],[-50.47,-27.767],[-50.475,-27.77],[-50.48,-27.769],[-50.481,-27.772],[-50.486,-27.771],[-50.49,-27.768],[-50.496,-27.769],[-50.494,-27.772],[-50.495,-27.777],[-50.499,-27.778],[-50.504,-27.783],[-50.505,-27.782],[-50.513,-27.787],[-50.518,-27.787],[-50.518,-27.783],[-50.522,-27.778],[-50.53,-27.776],[-50.527,-27.772],[-50.522,-27.769],[-50.525,-27.766],[-50.529,-27.767],[-50.532,-27.765],[-50.534,-27.766],[-50.542,-27.765],[-50.545,-27.762],[-50.54,-27.758],[-50.542,-27.752],[-50.548,-27.755],[-50.554,-27.756],[-50.556,-27.753],[-50.555,-27.75],[-50.546,-27.743],[-50.543,-27.735],[-50.551,-27.735],[-50.553,-27.732],[-50.553,-27.727],[-50.557,-27.724],[-50.562,-27.729],[-50.566,-27.728],[-50.568,-27.733],[-50.571,-27.727],[-50.576,-27.725],[-50.578,-27.731],[-50.581,-27.731],[-50.583,-27.728],[-50.578,-27.722],[-50.579,-27.719],[-50.575,-27.715],[-50.581,-27.708],[-50.585,-27.714],[-50.59,-27.714],[-50.591,-27.711],[-50.595,-27.709],[-50.599,-27.715],[-50.598,-27.72],[-50.603,-27.727],[-50.605,-27.729],[-50.607,-27.727],[-50.617,-27.725],[-50.617,-27.722],[-50.624,-27.719],[-50.625,-27.713],[-50.628,-27.708],[-50.634,-27.709],[-50.636,-27.715],[-50.64,-27.714],[-50.649,-27.717],[-50.651,-27.726],[-50.654,-27.726],[-50.663,-27.71],[-50.667,-27.709],[-50.669,-27.712],[-50.677,-27.715],[-50.683,-27.707],[-50.687,-27.705],[-50.686,-27.701],[-50.694,-27.696],[-50.695,-27.693],[-50.704,-27.691],[-50.706,-27.686],[-50.699,-27.68],[-50.7,-27.674],[-50.696,-27.67],[-50.704,-27.668],[-50.717,-27.677],[-50.723,-27.674],[-50.726,-27.669],[-50.726,-27.663],[-50.722,-27.656],[-50.718,-27.65],[-50.722,-27.647],[-50.729,-27.649],[-50.734,-27.647],[-50.736,-27.64],[-50.74,-27.632],[-50.744,-27.632],[-50.745,-27.638],[-50.742,-27.644],[-50.745,-27.649],[-50.754,-27.645],[-50.758,-27.638],[-50.758,-27.628],[-50.756,-27.625],[-50.758,-27.62],[-50.764,-27.626],[-50.766,-27.63],[-50.778,-27.635],[-50.791,-27.627],[-50.791,-27.624],[-50.787,-27.619],[-50.787,-27.616],[-50.793,-27.615],[-50.8,-27.615],[-50.802,-27.611],[-50.798,-27.602],[-50.8,-27.599],[-50.805,-27.602],[-50.813,-27.609],[-50.814,-27.618],[-50.816,-27.619],[-50.826,-27.611],[-50.834,-27.607],[-50.844,-27.603],[-50.848,-27.606],[-50.852,-27.604],[-50.843,-27.598],[-50.842,-27.595],[-50.854,-27.593],[-50.861,-27.597],[-50.868,-27.596],[-50.871,-27.598],[-50.875,-27.602]]]}},{"type":"Feature","properties":{"c":"4216909"},"geometry":{"type":"Polygon","coordinates":[[[-52.76,-26.587],[-52.771,-26.588],[-52.824,-26.592],[-52.84,-26.593],[-52.877,-26.595],[-52.881,-26.588],[-52.887,-26.588],[-52.89,-26.59],[-52.901,-26.581],[-52.91,-26.583],[-52.923,-26.58],[-52.926,-26.581],[-52.926,-26.575],[-52.928,-26.573],[-52.933,-26.573],[-52.944,-26.569],[-52.946,-26.567],[-52.943,-26.566],[-52.937,-26.566],[-52.935,-26.563],[-52.93,-26.561],[-52.922,-26.561],[-52.922,-26.558],[-52.927,-26.559],[-52.926,-26.555],[-52.932,-26.55],[-52.931,-26.543],[-52.927,-26.543],[-52.925,-26.542],[-52.93,-26.536],[-52.935,-26.537],[-52.941,-26.529],[-52.946,-26.525],[-52.943,-26.524],[-52.94,-26.527],[-52.941,-26.524],[-52.938,-26.523],[-52.934,-26.525],[-52.935,-26.521],[-52.93,-26.512],[-52.928,-26.517],[-52.923,-26.519],[-52.927,-26.512],[-52.923,-26.505],[-52.921,-26.507],[-52.918,-26.502],[-52.917,-26.505],[-52.912,-26.507],[-52.91,-26.502],[-52.91,-26.5],[-52.915,-26.5],[-52.917,-26.499],[-52.913,-26.497],[-52.921,-26.494],[-52.918,-26.491],[-52.924,-26.488],[-52.928,-26.482],[-52.929,-26.477],[-52.935,-26.471],[-52.933,-26.463],[-52.93,-26.46],[-52.932,-26.457],[-52.931,-26.451],[-52.937,-26.447],[-52.937,-26.443],[-52.96,-26.444],[-52.962,-26.442],[-52.965,-26.444],[-52.968,-26.441],[-52.966,-26.44],[-52.968,-26.438],[-52.968,-26.431],[-52.971,-26.431],[-52.971,-26.426],[-52.964,-26.423],[-52.965,-26.419],[-52.962,-26.409],[-52.964,-26.408],[-52.962,-26.405],[-52.962,-26.399],[-52.957,-26.398],[-52.952,-26.388],[-52.953,-26.379],[-52.947,-26.374],[-52.941,-26.371],[-52.939,-26.367],[-52.938,-26.362],[-52.933,-26.36],[-52.927,-26.361],[-52.922,-26.357],[-52.917,-26.356],[-52.91,-26.358],[-52.906,-26.361],[-52.892,-26.361],[-52.882,-26.36],[-52.874,-26.361],[-52.874,-26.358],[-52.866,-26.358],[-52.86,-26.354],[-52.853,-26.347],[-52.847,-26.344],[-52.842,-26.349],[-52.839,-26.347],[-52.825,-26.344],[-52.812,-26.345],[-52.808,-26.346],[-52.796,-26.348],[-52.791,-26.352],[-52.785,-26.348],[-52.78,-26.349],[-52.775,-26.348],[-52.77,-26.351],[-52.763,-26.354],[-52.761,-26.36],[-52.77,-26.372],[-52.776,-26.38],[-52.777,-26.382],[-52.771,-26.386],[-52.768,-26.392],[-52.76,-26.397],[-52.76,-26.4],[-52.764,-26.405],[-52.763,-26.408],[-52.769,-26.407],[-52.771,-26.408],[-52.767,-26.412],[-52.766,-26.416],[-52.762,-26.411],[-52.759,-26.412],[-52.758,-26.417],[-52.762,-26.416],[-52.763,-26.419],[-52.76,-26.421],[-52.762,-26.427],[-52.767,-26.43],[-52.764,-26.43],[-52.763,-26.433],[-52.759,-26.43],[-52.758,-26.432],[-52.759,-26.437],[-52.751,-26.436],[-52.751,-26.44],[-52.749,-26.443],[-52.757,-26.445],[-52.761,-26.443],[-52.764,-26.447],[-52.76,-26.451],[-52.765,-26.451],[-52.764,-26.453],[-52.769,-26.453],[-52.768,-26.455],[-52.761,-26.458],[-52.759,-26.455],[-52.755,-26.454],[-52.761,-26.463],[-52.767,-26.466],[-52.769,-26.462],[-52.769,-26.459],[-52.775,-26.456],[-52.776,-26.452],[-52.785,-26.45],[-52.786,-26.446],[-52.794,-26.443],[-52.797,-26.438],[-52.808,-26.435],[-52.811,-26.429],[-52.816,-26.427],[-52.82,-26.428],[-52.82,-26.426],[-52.826,-26.423],[-52.828,-26.419],[-52.831,-26.419],[-52.836,-26.412],[-52.847,-26.405],[-52.85,-26.404],[-52.853,-26.408],[-52.854,-26.412],[-52.857,-26.414],[-52.862,-26.411],[-52.864,-26.415],[-52.867,-26.419],[-52.871,-26.419],[-52.871,-26.429],[-52.866,-26.43],[-52.862,-26.434],[-52.866,-26.442],[-52.87,-26.443],[-52.871,-26.451],[-52.873,-26.456],[-52.873,-26.464],[-52.877,-26.471],[-52.88,-26.479],[-52.877,-26.489],[-52.883,-26.49],[-52.882,-26.494],[-52.876,-26.499],[-52.875,-26.504],[-52.87,-26.509],[-52.87,-26.519],[-52.867,-26.525],[-52.86,-26.522],[-52.859,-26.52],[-52.851,-26.517],[-52.851,-26.513],[-52.845,-26.513],[-52.842,-26.505],[-52.842,-26.5],[-52.8,-26.493],[-52.8,-26.497],[-52.789,-26.5],[-52.783,-26.504],[-52.782,-26.503],[-52.778,-26.507],[-52.777,-26.512],[-52.791,-26.518],[-52.794,-26.521],[-52.794,-26.526],[-52.793,-26.529],[-52.795,-26.535],[-52.788,-26.538],[-52.787,-26.541],[-52.783,-26.546],[-52.776,-26.548],[-52.768,-26.547],[-52.766,-26.55],[-52.774,-26.562],[-52.773,-26.567],[-52.771,-26.573],[-52.766,-26.579],[-52.763,-26.585],[-52.76,-26.587]]]}},{"type":"Feature","properties":{"c":"4217006"},"geometry":{"type":"Polygon","coordinates":[[[-49.105,-28.359],[-49.101,-28.363],[-49.128,-28.397],[-49.13,-28.402],[-49.133,-28.406],[-49.138,-28.409],[-49.138,-28.414],[-49.146,-28.412],[-49.146,-28.408],[-49.154,-28.403],[-49.156,-28.401],[-49.161,-28.401],[-49.161,-28.406],[-49.181,-28.414],[-49.183,-28.409],[-49.186,-28.411],[-49.187,-28.408],[-49.19,-28.407],[-49.192,-28.403],[-49.19,-28.397],[-49.188,-28.396],[-49.191,-28.392],[-49.19,-28.389],[-49.194,-28.386],[-49.195,-28.382],[-49.198,-28.38],[-49.197,-28.383],[-49.205,-28.388],[-49.211,-28.386],[-49.215,-28.389],[-49.217,-28.385],[-49.224,-28.38],[-49.222,-28.375],[-49.223,-28.372],[-49.226,-28.371],[-49.225,-28.366],[-49.221,-28.364],[-49.215,-28.363],[-49.216,-28.357],[-49.215,-28.351],[-49.217,-28.344],[-49.22,-28.344],[-49.212,-28.335],[-49.214,-28.33],[-49.212,-28.328],[-49.215,-28.306],[-49.215,-28.301],[-49.223,-28.298],[-49.224,-28.295],[-49.218,-28.289],[-49.2,-28.288],[-49.201,-28.291],[-49.197,-28.29],[-49.195,-28.296],[-49.192,-28.298],[-49.188,-28.298],[-49.187,-28.301],[-49.177,-28.303],[-49.172,-28.299],[-49.165,-28.301],[-49.158,-28.299],[-49.15,-28.306],[-49.156,-28.313],[-49.156,-28.318],[-49.148,-28.317],[-49.147,-28.314],[-49.142,-28.315],[-49.139,-28.319],[-49.124,-28.319],[-49.123,-28.325],[-49.125,-28.33],[-49.124,-28.333],[-49.119,-28.335],[-49.116,-28.338],[-49.113,-28.338],[-49.111,-28.349],[-49.115,-28.355],[-49.105,-28.359]]]}},{"type":"Feature","properties":{"c":"4217105"},"geometry":{"type":"Polygon","coordinates":[[[-49.031,-28.151],[-49.035,-28.148],[-49.04,-28.151],[-49.044,-28.145],[-49.052,-28.143],[-49.056,-28.138],[-49.056,-28.132],[-49.059,-28.127],[-49.057,-28.126],[-49.059,-28.12],[-49.064,-28.116],[-49.063,-28.112],[-49.066,-28.112],[-49.062,-28.105],[-49.064,-28.098],[-49.06,-28.09],[-49.064,-28.089],[-49.063,-28.075],[-49.065,-28.067],[-49.062,-28.064],[-49.063,-28.06],[-49.056,-28.057],[-49.056,-28.054],[-49.059,-28.047],[-49.057,-28.047],[-49.06,-28.042],[-49.063,-28.041],[-49.06,-28.034],[-49.052,-28.035],[-49.051,-28.031],[-49.046,-28.028],[-49.046,-28.023],[-49.044,-28.017],[-49.044,-28.012],[-49.049,-28.005],[-49.048,-28.004],[-49.048,-27.998],[-49.052,-27.995],[-49.052,-27.99],[-49.05,-27.993],[-49.045,-27.994],[-49.044,-27.996],[-49.044,-28.004],[-49.041,-28.007],[-49.038,-28.007],[-49.035,-28.011],[-49.035,-28.015],[-49.039,-28.02],[-49.038,-28.024],[-49.035,-28.035],[-49.031,-28.039],[-49.025,-28.04],[-49.021,-28.045],[-49.023,-28.048],[-49.018,-28.049],[-49.013,-28.053],[-49.006,-28.054],[-49.004,-28.059],[-48.998,-28.062],[-48.998,-28.065],[-48.989,-28.068],[-48.987,-28.073],[-48.983,-28.076],[-48.98,-28.076],[-48.975,-28.079],[-48.975,-28.08],[-48.969,-28.082],[-48.972,-28.085],[-48.971,-28.089],[-48.972,-28.092],[-48.969,-28.099],[-48.972,-28.102],[-48.97,-28.108],[-48.953,-28.108],[-48.95,-28.107],[-48.952,-28.098],[-48.947,-28.097],[-48.944,-28.091],[-48.937,-28.09],[-48.942,-28.086],[-48.942,-28.083],[-48.938,-28.08],[-48.937,-28.073],[-48.932,-28.072],[-48.902,-28.061],[-48.894,-28.08],[-48.889,-28.082],[-48.882,-28.075],[-48.877,-28.075],[-48.874,-28.072],[-48.872,-28.077],[-48.869,-28.076],[-48.869,-28.08],[-48.872,-28.083],[-48.87,-28.09],[-48.87,-28.096],[-48.884,-28.15],[-48.888,-28.153],[-48.901,-28.154],[-48.903,-28.15],[-48.909,-28.149],[-48.91,-28.145],[-48.916,-28.142],[-48.924,-28.146],[-48.926,-28.141],[-48.939,-28.175],[-48.911,-28.216],[-48.909,-28.222],[-48.911,-28.226],[-48.909,-28.228],[-48.911,-28.233],[-48.91,-28.235],[-48.918,-28.237],[-48.922,-28.235],[-48.929,-28.237],[-48.941,-28.237],[-48.945,-28.24],[-48.953,-28.237],[-48.957,-28.239],[-48.959,-28.236],[-48.966,-28.237],[-48.969,-28.231],[-48.964,-28.23],[-48.962,-28.222],[-48.972,-28.218],[-48.978,-28.212],[-48.975,-28.208],[-48.97,-28.204],[-48.973,-28.202],[-48.979,-28.199],[-48.974,-28.196],[-48.975,-28.192],[-48.971,-28.188],[-48.973,-28.185],[-48.973,-28.182],[-48.978,-28.187],[-48.98,-28.185],[-48.981,-28.181],[-48.985,-28.182],[-48.986,-28.179],[-48.992,-28.171],[-48.997,-28.174],[-48.998,-28.17],[-48.995,-28.169],[-48.997,-28.163],[-49.006,-28.167],[-49.01,-28.163],[-49.013,-28.164],[-49.013,-28.16],[-49.01,-28.157],[-49.013,-28.151],[-49.016,-28.152],[-49.019,-28.149],[-49.029,-28.15],[-49.031,-28.151]]]}},{"type":"Feature","properties":{"c":"4217154"},"geometry":{"type":"Polygon","coordinates":[[[-53.227,-26.639],[-53.219,-26.643],[-53.214,-26.641],[-53.208,-26.644],[-53.205,-26.642],[-53.199,-26.65],[-53.197,-26.658],[-53.191,-26.657],[-53.188,-26.663],[-53.187,-26.671],[-53.194,-26.699],[-53.196,-26.701],[-53.198,-26.708],[-53.196,-26.711],[-53.202,-26.716],[-53.206,-26.724],[-53.211,-26.726],[-53.22,-26.727],[-53.23,-26.718],[-53.236,-26.721],[-53.255,-26.716],[-53.26,-26.716],[-53.265,-26.719],[-53.272,-26.719],[-53.272,-26.724],[-53.277,-26.73],[-53.284,-26.731],[-53.287,-26.735],[-53.293,-26.731],[-53.296,-26.727],[-53.304,-26.73],[-53.306,-26.721],[-53.305,-26.716],[-53.312,-26.711],[-53.313,-26.706],[-53.31,-26.702],[-53.31,-26.698],[-53.306,-26.698],[-53.303,-26.701],[-53.303,-26.705],[-53.298,-26.706],[-53.292,-26.709],[-53.282,-26.705],[-53.286,-26.702],[-53.294,-26.7],[-53.291,-26.696],[-53.287,-26.697],[-53.283,-26.694],[-53.287,-26.692],[-53.292,-26.693],[-53.293,-26.688],[-53.287,-26.685],[-53.285,-26.678],[-53.278,-26.685],[-53.275,-26.684],[-53.277,-26.678],[-53.267,-26.677],[-53.258,-26.68],[-53.256,-26.679],[-53.26,-26.672],[-53.261,-26.666],[-53.257,-26.665],[-53.254,-26.669],[-53.252,-26.666],[-53.246,-26.662],[-53.249,-26.659],[-53.258,-26.657],[-53.257,-26.655],[-53.251,-26.651],[-53.253,-26.645],[-53.25,-26.644],[-53.244,-26.65],[-53.236,-26.654],[-53.231,-26.655],[-53.23,-26.65],[-53.237,-26.648],[-53.237,-26.642],[-53.232,-26.644],[-53.228,-26.647],[-53.226,-26.643],[-53.227,-26.639]]]}},{"type":"Feature","properties":{"c":"4217204"},"geometry":{"type":"Polygon","coordinates":[[[-53.394,-26.744],[-53.392,-26.751],[-53.388,-26.753],[-53.378,-26.753],[-53.371,-26.76],[-53.369,-26.755],[-53.367,-26.754],[-53.363,-26.759],[-53.363,-26.761],[-53.365,-26.766],[-53.37,-26.767],[-53.379,-26.765],[-53.387,-26.765],[-53.39,-26.767],[-53.389,-26.771],[-53.449,-26.774],[-53.506,-26.776],[-53.503,-26.784],[-53.508,-26.793],[-53.506,-26.799],[-53.509,-26.8],[-53.532,-26.802],[-53.587,-26.802],[-53.584,-26.8],[-53.586,-26.796],[-53.582,-26.795],[-53.581,-26.797],[-53.575,-26.795],[-53.574,-26.791],[-53.579,-26.792],[-53.582,-26.788],[-53.579,-26.787],[-53.58,-26.784],[-53.577,-26.783],[-53.577,-26.78],[-53.58,-26.776],[-53.585,-26.774],[-53.588,-26.766],[-53.588,-26.758],[-53.589,-26.744],[-53.596,-26.69],[-53.596,-26.688],[-53.596,-26.684],[-53.6,-26.681],[-53.599,-26.678],[-53.592,-26.679],[-53.592,-26.674],[-53.59,-26.67],[-53.591,-26.668],[-53.598,-26.658],[-53.597,-26.655],[-53.59,-26.656],[-53.591,-26.653],[-53.584,-26.653],[-53.585,-26.65],[-53.573,-26.655],[-53.57,-26.656],[-53.565,-26.652],[-53.564,-26.652],[-53.561,-26.647],[-53.555,-26.647],[-53.553,-26.645],[-53.542,-26.647],[-53.536,-26.647],[-53.528,-26.651],[-53.522,-26.652],[-53.517,-26.655],[-53.501,-26.654],[-53.495,-26.66],[-53.445,-26.704],[-53.444,-26.71],[-53.432,-26.707],[-53.429,-26.713],[-53.428,-26.72],[-53.423,-26.725],[-53.424,-26.728],[-53.42,-26.733],[-53.411,-26.738],[-53.404,-26.738],[-53.394,-26.744]]]}},{"type":"Feature","properties":{"c":"4217253"},"geometry":{"type":"Polygon","coordinates":[[[-48.746,-27.615],[-48.845,-27.625],[-48.95,-27.627],[-48.948,-27.624],[-48.952,-27.62],[-48.957,-27.62],[-48.956,-27.615],[-48.958,-27.612],[-48.955,-27.61],[-48.956,-27.606],[-48.954,-27.601],[-48.948,-27.601],[-48.944,-27.598],[-48.939,-27.597],[-48.934,-27.592],[-48.935,-27.585],[-48.927,-27.583],[-48.925,-27.577],[-48.923,-27.576],[-48.923,-27.572],[-48.925,-27.572],[-48.921,-27.564],[-48.923,-27.561],[-48.921,-27.557],[-48.918,-27.558],[-48.914,-27.562],[-48.911,-27.563],[-48.909,-27.566],[-48.9,-27.566],[-48.896,-27.568],[-48.885,-27.567],[-48.883,-27.563],[-48.879,-27.566],[-48.867,-27.567],[-48.864,-27.57],[-48.86,-27.572],[-48.855,-27.569],[-48.853,-27.576],[-48.847,-27.573],[-48.845,-27.57],[-48.837,-27.566],[-48.836,-27.563],[-48.825,-27.565],[-48.822,-27.559],[-48.819,-27.557],[-48.818,-27.551],[-48.816,-27.55],[-48.81,-27.55],[-48.808,-27.552],[-48.803,-27.549],[-48.799,-27.551],[-48.799,-27.548],[-48.795,-27.545],[-48.793,-27.549],[-48.788,-27.549],[-48.785,-27.552],[-48.781,-27.547],[-48.776,-27.547],[-48.774,-27.55],[-48.771,-27.552],[-48.77,-27.557],[-48.763,-27.556],[-48.763,-27.554],[-48.755,-27.555],[-48.738,-27.554],[-48.728,-27.554],[-48.729,-27.557],[-48.727,-27.561],[-48.731,-27.563],[-48.732,-27.568],[-48.731,-27.575],[-48.735,-27.579],[-48.736,-27.582],[-48.731,-27.583],[-48.736,-27.587],[-48.736,-27.591],[-48.743,-27.595],[-48.744,-27.598],[-48.745,-27.603],[-48.744,-27.61],[-48.746,-27.615]]]}},{"type":"Feature","properties":{"c":"4217303"},"geometry":{"type":"Polygon","coordinates":[[[-52.965,-26.963],[-52.973,-26.962],[-52.974,-26.956],[-52.977,-26.957],[-52.982,-26.956],[-52.992,-26.968],[-53.041,-26.967],[-53.047,-26.968],[-53.047,-26.965],[-53.053,-26.965],[-53.049,-26.957],[-53.061,-26.956],[-53.063,-26.957],[-53.07,-26.954],[-53.072,-26.951],[-53.088,-26.946],[-53.087,-26.943],[-53.103,-26.939],[-53.104,-26.936],[-53.099,-26.927],[-53.106,-26.924],[-53.112,-26.924],[-53.11,-26.92],[-53.112,-26.91],[-53.111,-26.903],[-53.109,-26.898],[-53.106,-26.895],[-53.104,-26.891],[-53.109,-26.891],[-53.111,-26.89],[-53.115,-26.891],[-53.117,-26.889],[-53.118,-26.88],[-53.122,-26.873],[-53.115,-26.868],[-53.125,-26.861],[-53.125,-26.857],[-53.12,-26.854],[-53.116,-26.853],[-53.116,-26.851],[-53.123,-26.85],[-53.128,-26.842],[-53.132,-26.825],[-53.13,-26.827],[-53.125,-26.828],[-53.116,-26.819],[-53.116,-26.815],[-53.105,-26.817],[-53.104,-26.814],[-53.098,-26.81],[-53.097,-26.806],[-53.086,-26.807],[-53.081,-26.809],[-53.07,-26.809],[-53.068,-26.81],[-53.063,-26.808],[-53.055,-26.81],[-53.049,-26.809],[-53.041,-26.812],[-53.042,-26.814],[-53.041,-26.82],[-53.036,-26.822],[-53.033,-26.821],[-53.033,-26.827],[-53.036,-26.83],[-53.041,-26.83],[-53.044,-26.828],[-53.048,-26.831],[-53.048,-26.834],[-53.043,-26.838],[-53.044,-26.841],[-53.047,-26.841],[-53.052,-26.838],[-53.052,-26.847],[-53.045,-26.85],[-53.044,-26.855],[-53.04,-26.854],[-53.038,-26.857],[-53.044,-26.861],[-53.043,-26.865],[-53.036,-26.868],[-53.038,-26.873],[-53.036,-26.876],[-53.022,-26.876],[-53.016,-26.873],[-53.008,-26.876],[-53.008,-26.887],[-52.993,-26.887],[-52.993,-26.884],[-52.978,-26.885],[-52.979,-26.887],[-52.968,-26.887],[-52.96,-26.884],[-52.948,-26.882],[-52.946,-26.886],[-52.943,-26.888],[-52.94,-26.893],[-52.94,-26.897],[-52.943,-26.903],[-52.94,-26.905],[-52.942,-26.907],[-52.941,-26.918],[-52.936,-26.92],[-52.934,-26.923],[-52.93,-26.923],[-52.927,-26.926],[-52.929,-26.931],[-52.934,-26.935],[-52.934,-26.938],[-52.93,-26.946],[-52.931,-26.951],[-52.934,-26.948],[-52.937,-26.947],[-52.942,-26.947],[-52.949,-26.95],[-52.957,-26.955],[-52.965,-26.963]]]}},{"type":"Feature","properties":{"c":"4217402"},"geometry":{"type":"Polygon","coordinates":[[[-49.145,-26.316],[-49.141,-26.315],[-49.14,-26.317],[-49.137,-26.314],[-49.136,-26.31],[-49.13,-26.309],[-49.123,-26.303],[-49.118,-26.304],[-49.111,-26.299],[-49.111,-26.295],[-49.102,-26.296],[-49.104,-26.304],[-49.103,-26.308],[-49.106,-26.311],[-49.107,-26.318],[-49.097,-26.327],[-49.095,-26.33],[-49.092,-26.324],[-49.086,-26.32],[-49.088,-26.317],[-49.083,-26.311],[-49.086,-26.302],[-49.083,-26.299],[-49.083,-26.295],[-49.072,-26.294],[-49.072,-26.297],[-49.068,-26.298],[-49.063,-26.297],[-49.061,-26.294],[-49.063,-26.29],[-49.058,-26.285],[-49.058,-26.28],[-49.056,-26.278],[-49.051,-26.28],[-49.045,-26.278],[-49.048,-26.276],[-49.047,-26.273],[-49.041,-26.268],[-49.04,-26.263],[-49.033,-26.262],[-49.032,-26.269],[-49.029,-26.272],[-49.031,-26.276],[-49.035,-26.278],[-49.041,-26.279],[-49.043,-26.283],[-49.049,-26.284],[-49.05,-26.288],[-49.054,-26.29],[-49.053,-26.297],[-49.059,-26.302],[-49.063,-26.313],[-49.059,-26.315],[-49.055,-26.311],[-49.051,-26.31],[-49.048,-26.307],[-49.039,-26.308],[-49.035,-26.314],[-49.028,-26.31],[-49.027,-26.307],[-49.02,-26.311],[-49.01,-26.311],[-49.005,-26.309],[-48.996,-26.312],[-48.999,-26.317],[-49.003,-26.318],[-49.006,-26.323],[-49.012,-26.326],[-49.017,-26.339],[-49.017,-26.345],[-49.021,-26.351],[-49.018,-26.353],[-49.017,-26.36],[-49.012,-26.364],[-49.009,-26.363],[-49.004,-26.368],[-49.006,-26.375],[-49.005,-26.382],[-49.007,-26.385],[-49.004,-26.389],[-49.002,-26.396],[-49.003,-26.398],[-49.009,-26.4],[-49.01,-26.407],[-49.013,-26.408],[-49.015,-26.412],[-49.019,-26.413],[-49.02,-26.418],[-49.017,-26.424],[-49.012,-26.428],[-49.011,-26.434],[-49.008,-26.439],[-49.0,-26.44],[-48.995,-26.438],[-48.991,-26.44],[-48.985,-26.437],[-48.98,-26.444],[-48.984,-26.448],[-48.985,-26.452],[-48.984,-26.457],[-48.994,-26.455],[-49.001,-26.453],[-49.01,-26.456],[-49.012,-26.459],[-49.016,-26.458],[-49.02,-26.455],[-49.029,-26.457],[-49.032,-26.457],[-49.04,-26.454],[-49.044,-26.454],[-49.045,-26.447],[-49.047,-26.448],[-49.053,-26.446],[-49.057,-26.441],[-49.064,-26.438],[-49.067,-26.435],[-49.073,-26.432],[-49.076,-26.428],[-49.079,-26.426],[-49.079,-26.421],[-49.075,-26.422],[-49.085,-26.416],[-49.085,-26.413],[-49.09,-26.412],[-49.094,-26.408],[-49.096,-26.401],[-49.099,-26.401],[-49.102,-26.403],[-49.108,-26.398],[-49.112,-26.396],[-49.114,-26.392],[-49.109,-26.388],[-49.113,-26.386],[-49.116,-26.381],[-49.111,-26.379],[-49.113,-26.376],[-49.109,-26.374],[-49.109,-26.371],[-49.113,-26.371],[-49.118,-26.362],[-49.129,-26.35],[-49.13,-26.344],[-49.134,-26.341],[-49.138,-26.335],[-49.142,-26.332],[-49.146,-26.327],[-49.145,-26.316]]]}},{"type":"Feature","properties":{"c":"4217501"},"geometry":{"type":"Polygon","coordinates":[[[-52.402,-27.191],[-52.414,-27.183],[-52.421,-27.19],[-52.432,-27.181],[-52.439,-27.183],[-52.436,-27.188],[-52.433,-27.19],[-52.434,-27.199],[-52.439,-27.197],[-52.438,-27.194],[-52.444,-27.192],[-52.453,-27.183],[-52.456,-27.176],[-52.461,-27.173],[-52.465,-27.172],[-52.469,-27.174],[-52.478,-27.17],[-52.48,-27.172],[-52.484,-27.168],[-52.496,-27.167],[-52.507,-27.16],[-52.508,-27.155],[-52.518,-27.148],[-52.51,-27.146],[-52.508,-27.14],[-52.501,-27.144],[-52.489,-27.142],[-52.489,-27.134],[-52.501,-27.127],[-52.506,-27.117],[-52.501,-27.115],[-52.5,-27.112],[-52.489,-27.114],[-52.486,-27.119],[-52.477,-27.122],[-52.471,-27.126],[-52.469,-27.13],[-52.46,-27.13],[-52.453,-27.126],[-52.451,-27.127],[-52.443,-27.124],[-52.44,-27.121],[-52.436,-27.12],[-52.433,-27.114],[-52.405,-27.119],[-52.402,-27.118],[-52.398,-27.111],[-52.405,-27.11],[-52.4,-27.108],[-52.404,-27.104],[-52.401,-27.1],[-52.395,-27.098],[-52.391,-27.09],[-52.381,-27.09],[-52.381,-27.087],[-52.345,-27.085],[-52.345,-27.091],[-52.332,-27.089],[-52.332,-27.091],[-52.322,-27.09],[-52.322,-27.091],[-52.312,-27.091],[-52.312,-27.088],[-52.299,-27.085],[-52.299,-27.082],[-52.272,-27.079],[-52.272,-27.077],[-52.263,-27.077],[-52.263,-27.071],[-52.255,-27.071],[-52.256,-27.069],[-52.251,-27.069],[-52.247,-27.037],[-52.241,-27.031],[-52.235,-27.028],[-52.224,-27.026],[-52.221,-27.027],[-52.22,-27.032],[-52.216,-27.036],[-52.22,-27.041],[-52.217,-27.048],[-52.22,-27.053],[-52.223,-27.053],[-52.228,-27.059],[-52.225,-27.062],[-52.228,-27.068],[-52.233,-27.073],[-52.237,-27.081],[-52.244,-27.088],[-52.244,-27.091],[-52.247,-27.097],[-52.247,-27.104],[-52.25,-27.12],[-52.249,-27.123],[-52.253,-27.128],[-52.252,-27.133],[-52.248,-27.133],[-52.245,-27.138],[-52.246,-27.141],[-52.25,-27.14],[-52.244,-27.145],[-52.24,-27.144],[-52.239,-27.151],[-52.234,-27.154],[-52.234,-27.161],[-52.236,-27.163],[-52.232,-27.17],[-52.237,-27.171],[-52.233,-27.177],[-52.233,-27.181],[-52.236,-27.183],[-52.232,-27.189],[-52.239,-27.191],[-52.242,-27.187],[-52.249,-27.188],[-52.247,-27.2],[-52.249,-27.203],[-52.254,-27.2],[-52.256,-27.205],[-52.249,-27.211],[-52.251,-27.214],[-52.254,-27.213],[-52.261,-27.218],[-52.259,-27.224],[-52.262,-27.23],[-52.269,-27.227],[-52.274,-27.232],[-52.278,-27.224],[-52.313,-27.233],[-52.313,-27.24],[-52.322,-27.24],[-52.33,-27.236],[-52.341,-27.238],[-52.342,-27.235],[-52.34,-27.23],[-52.347,-27.226],[-52.357,-27.225],[-52.356,-27.214],[-52.356,-27.208],[-52.354,-27.206],[-52.369,-27.193],[-52.374,-27.197],[-52.375,-27.194],[-52.381,-27.19],[-52.386,-27.193],[-52.389,-27.185],[-52.392,-27.184],[-52.398,-27.19],[-52.402,-27.191]]]}},{"type":"Feature","properties":{"c":"4217550"},"geometry":{"type":"Polygon","coordinates":[[[-53.07,-26.737],[-53.07,-26.732],[-53.064,-26.733],[-53.065,-26.731],[-53.061,-26.729],[-53.063,-26.722],[-53.06,-26.721],[-53.058,-26.715],[-53.059,-26.712],[-53.059,-26.708],[-53.061,-26.706],[-53.058,-26.704],[-53.061,-26.701],[-53.061,-26.695],[-53.07,-26.69],[-53.072,-26.681],[-53.067,-26.678],[-53.067,-26.676],[-53.071,-26.672],[-53.076,-26.67],[-53.063,-26.644],[-52.998,-26.635],[-52.995,-26.637],[-52.997,-26.641],[-53.0,-26.64],[-52.999,-26.645],[-52.997,-26.645],[-52.994,-26.649],[-52.995,-26.655],[-52.992,-26.654],[-52.985,-26.659],[-52.986,-26.663],[-52.988,-26.661],[-52.992,-26.663],[-52.993,-26.666],[-52.99,-26.669],[-52.985,-26.672],[-52.994,-26.678],[-52.988,-26.68],[-52.99,-26.686],[-52.986,-26.685],[-52.982,-26.693],[-52.985,-26.695],[-52.985,-26.698],[-52.981,-26.698],[-52.982,-26.703],[-52.985,-26.702],[-52.991,-26.704],[-52.989,-26.71],[-52.987,-26.711],[-52.988,-26.715],[-52.983,-26.717],[-52.984,-26.721],[-52.989,-26.724],[-52.985,-26.725],[-52.98,-26.732],[-52.981,-26.74],[-52.974,-26.735],[-52.97,-26.737],[-52.974,-26.744],[-52.974,-26.745],[-52.975,-26.746],[-52.979,-26.744],[-52.982,-26.745],[-52.984,-26.742],[-52.989,-26.742],[-52.994,-26.74],[-53.003,-26.741],[-53.004,-26.744],[-53.007,-26.75],[-53.014,-26.753],[-53.022,-26.754],[-53.021,-26.747],[-53.027,-26.746],[-53.028,-26.743],[-53.049,-26.746],[-53.048,-26.739],[-53.049,-26.733],[-53.066,-26.737],[-53.07,-26.737]]]}},{"type":"Feature","properties":{"c":"4217600"},"geometry":{"type":"Polygon","coordinates":[[[-49.452,-28.634],[-49.49,-28.631],[-49.533,-28.629],[-49.685,-28.621],[-49.683,-28.619],[-49.679,-28.62],[-49.671,-28.616],[-49.667,-28.611],[-49.671,-28.607],[-49.667,-28.605],[-49.667,-28.603],[-49.658,-28.602],[-49.654,-28.603],[-49.652,-28.6],[-49.647,-28.599],[-49.652,-28.597],[-49.653,-28.595],[-49.648,-28.592],[-49.646,-28.589],[-49.649,-28.588],[-49.645,-28.585],[-49.648,-28.576],[-49.649,-28.566],[-49.651,-28.57],[-49.655,-28.566],[-49.652,-28.562],[-49.649,-28.556],[-49.649,-28.547],[-49.647,-28.546],[-49.645,-28.542],[-49.64,-28.542],[-49.637,-28.539],[-49.632,-28.537],[-49.626,-28.537],[-49.625,-28.532],[-49.619,-28.532],[-49.601,-28.518],[-49.602,-28.516],[-49.599,-28.512],[-49.593,-28.503],[-49.59,-28.505],[-49.591,-28.5],[-49.587,-28.5],[-49.584,-28.502],[-49.582,-28.5],[-49.579,-28.503],[-49.577,-28.5],[-49.574,-28.502],[-49.57,-28.503],[-49.567,-28.507],[-49.569,-28.511],[-49.567,-28.513],[-49.557,-28.515],[-49.548,-28.525],[-49.548,-28.531],[-49.547,-28.533],[-49.541,-28.533],[-49.535,-28.536],[-49.531,-28.54],[-49.527,-28.551],[-49.491,-28.551],[-49.488,-28.553],[-49.49,-28.56],[-49.481,-28.571],[-49.482,-28.579],[-49.485,-28.581],[-49.482,-28.583],[-49.471,-28.575],[-49.474,-28.573],[-49.472,-28.571],[-49.467,-28.572],[-49.468,-28.564],[-49.465,-28.564],[-49.465,-28.559],[-49.457,-28.564],[-49.45,-28.565],[-49.444,-28.561],[-49.442,-28.555],[-49.436,-28.55],[-49.436,-28.547],[-49.428,-28.542],[-49.425,-28.538],[-49.422,-28.537],[-49.422,-28.541],[-49.41,-28.541],[-49.408,-28.525],[-49.402,-28.525],[-49.4,-28.53],[-49.403,-28.539],[-49.402,-28.546],[-49.393,-28.555],[-49.39,-28.556],[-49.389,-28.561],[-49.386,-28.564],[-49.388,-28.569],[-49.39,-28.571],[-49.386,-28.58],[-49.388,-28.584],[-49.397,-28.593],[-49.401,-28.595],[-49.402,-28.601],[-49.397,-28.606],[-49.397,-28.608],[-49.385,-28.613],[-49.376,-28.621],[-49.373,-28.625],[-49.371,-28.633],[-49.369,-28.634],[-49.377,-28.636],[-49.383,-28.634],[-49.402,-28.637],[-49.452,-28.634]]]}},{"type":"Feature","properties":{"c":"4217709"},"geometry":{"type":"Polygon","coordinates":[[[-49.743,-29.039],[-49.699,-29.02],[-49.649,-29.018],[-49.623,-29.018],[-49.605,-29.031],[-49.566,-29.059],[-49.571,-29.06],[-49.576,-29.068],[-49.585,-29.075],[-49.596,-29.08],[-49.596,-29.083],[-49.604,-29.106],[-49.61,-29.115],[-49.615,-29.119],[-49.629,-29.133],[-49.629,-29.134],[-49.637,-29.137],[-49.652,-29.14],[-49.656,-29.143],[-49.664,-29.137],[-49.665,-29.133],[-49.67,-29.131],[-49.673,-29.126],[-49.678,-29.125],[-49.69,-29.113],[-49.697,-29.114],[-49.697,-29.109],[-49.7,-29.103],[-49.703,-29.083],[-49.708,-29.078],[-49.714,-29.077],[-49.716,-29.072],[-49.728,-29.071],[-49.733,-29.074],[-49.736,-29.072],[-49.739,-29.074],[-49.744,-29.067],[-49.743,-29.064],[-49.747,-29.061],[-49.743,-29.057],[-49.731,-29.045],[-49.735,-29.04],[-49.743,-29.039]]]}},{"type":"Feature","properties":{"c":"4217758"},"geometry":{"type":"Polygon","coordinates":[[[-52.974,-26.745],[-52.974,-26.744],[-52.97,-26.737],[-52.974,-26.735],[-52.981,-26.74],[-52.98,-26.732],[-52.985,-26.725],[-52.989,-26.724],[-52.984,-26.721],[-52.983,-26.717],[-52.988,-26.715],[-52.987,-26.711],[-52.989,-26.71],[-52.991,-26.704],[-52.985,-26.702],[-52.982,-26.703],[-52.981,-26.698],[-52.985,-26.698],[-52.985,-26.695],[-52.982,-26.693],[-52.986,-26.685],[-52.99,-26.686],[-52.988,-26.68],[-52.994,-26.678],[-52.985,-26.672],[-52.99,-26.669],[-52.993,-26.666],[-52.992,-26.663],[-52.988,-26.661],[-52.986,-26.663],[-52.985,-26.659],[-52.992,-26.654],[-52.995,-26.655],[-52.994,-26.649],[-52.997,-26.645],[-52.999,-26.645],[-53.0,-26.64],[-52.997,-26.641],[-52.995,-26.637],[-52.998,-26.635],[-52.941,-26.614],[-52.945,-26.62],[-52.941,-26.626],[-52.937,-26.622],[-52.935,-26.622],[-52.934,-26.634],[-52.937,-26.639],[-52.933,-26.644],[-52.936,-26.649],[-52.932,-26.651],[-52.925,-26.649],[-52.923,-26.655],[-52.929,-26.659],[-52.922,-26.665],[-52.917,-26.656],[-52.913,-26.656],[-52.907,-26.657],[-52.907,-26.665],[-52.91,-26.667],[-52.917,-26.665],[-52.92,-26.673],[-52.917,-26.682],[-52.908,-26.679],[-52.9,-26.682],[-52.895,-26.682],[-52.894,-26.684],[-52.901,-26.686],[-52.901,-26.693],[-52.906,-26.694],[-52.905,-26.697],[-52.897,-26.698],[-52.886,-26.706],[-52.889,-26.707],[-52.895,-26.704],[-52.9,-26.706],[-52.903,-26.705],[-52.904,-26.708],[-52.9,-26.709],[-52.896,-26.713],[-52.89,-26.712],[-52.886,-26.716],[-52.893,-26.717],[-52.898,-26.72],[-52.902,-26.721],[-52.911,-26.716],[-52.913,-26.718],[-52.91,-26.726],[-52.91,-26.731],[-52.906,-26.729],[-52.903,-26.731],[-52.902,-26.737],[-52.897,-26.74],[-52.898,-26.742],[-52.908,-26.742],[-52.915,-26.747],[-52.908,-26.753],[-52.908,-26.758],[-52.914,-26.761],[-52.918,-26.762],[-52.923,-26.76],[-52.923,-26.762],[-52.917,-26.767],[-52.913,-26.772],[-52.918,-26.771],[-52.925,-26.773],[-52.924,-26.777],[-52.918,-26.78],[-52.918,-26.783],[-52.926,-26.779],[-52.932,-26.777],[-52.929,-26.774],[-52.936,-26.773],[-52.94,-26.767],[-52.943,-26.77],[-52.949,-26.764],[-52.956,-26.761],[-52.951,-26.759],[-52.954,-26.753],[-52.958,-26.755],[-52.963,-26.754],[-52.968,-26.752],[-52.969,-26.749],[-52.965,-26.749],[-52.97,-26.744],[-52.974,-26.745]]]}},{"type":"Feature","properties":{"c":"4217808"},"geometry":{"type":"Polygon","coordinates":[[[-50.315,-27.076],[-50.314,-27.071],[-50.311,-27.068],[-50.316,-27.066],[-50.323,-27.066],[-50.329,-27.062],[-50.332,-27.062],[-50.331,-27.058],[-50.328,-27.058],[-50.323,-27.06],[-50.321,-27.054],[-50.317,-27.054],[-50.317,-27.05],[-50.323,-27.046],[-50.323,-27.044],[-50.315,-27.034],[-50.314,-27.03],[-50.317,-27.03],[-50.316,-27.024],[-50.319,-27.022],[-50.317,-27.019],[-50.32,-27.015],[-50.315,-27.012],[-50.317,-27.008],[-50.313,-27.008],[-50.308,-27.01],[-50.309,-27.004],[-50.312,-26.998],[-50.309,-26.993],[-50.301,-26.992],[-50.296,-26.993],[-50.291,-26.986],[-50.294,-26.984],[-50.294,-26.976],[-50.295,-26.972],[-50.291,-26.97],[-50.265,-26.977],[-50.236,-26.986],[-50.177,-26.982],[-50.168,-26.984],[-50.152,-26.986],[-50.147,-26.989],[-50.134,-26.985],[-50.13,-26.986],[-50.12,-26.987],[-50.115,-26.99],[-50.105,-26.99],[-50.105,-26.996],[-50.1,-26.996],[-50.102,-26.999],[-50.11,-27.0],[-50.112,-27.003],[-50.111,-27.005],[-50.103,-27.009],[-50.107,-27.01],[-50.116,-27.015],[-50.111,-27.015],[-50.101,-27.02],[-50.094,-27.025],[-50.094,-27.021],[-50.091,-27.023],[-50.077,-27.027],[-50.072,-27.029],[-50.068,-27.033],[-50.061,-27.034],[-50.055,-27.029],[-50.053,-27.029],[-50.046,-27.042],[-50.048,-27.048],[-50.033,-27.047],[-49.976,-27.047],[-49.976,-27.01],[-49.96,-27.011],[-49.96,-27.003],[-49.947,-27.003],[-49.946,-26.995],[-49.923,-27.002],[-49.897,-26.999],[-49.896,-26.997],[-49.894,-26.998],[-49.886,-26.997],[-49.885,-26.998],[-49.872,-27.002],[-49.873,-27.007],[-49.876,-27.016],[-49.876,-27.021],[-49.899,-27.103],[-49.895,-27.107],[-49.895,-27.112],[-49.893,-27.122],[-49.891,-27.143],[-49.894,-27.148],[-49.896,-27.148],[-49.901,-27.151],[-49.902,-27.15],[-49.903,-27.141],[-49.901,-27.137],[-49.908,-27.14],[-49.911,-27.145],[-49.908,-27.15],[-49.909,-27.152],[-49.915,-27.145],[-49.917,-27.154],[-49.917,-27.158],[-49.921,-27.164],[-49.925,-27.175],[-49.928,-27.177],[-49.927,-27.181],[-49.933,-27.189],[-49.933,-27.195],[-49.941,-27.214],[-49.965,-27.196],[-49.97,-27.2],[-49.976,-27.2],[-49.98,-27.203],[-49.982,-27.202],[-49.991,-27.208],[-49.992,-27.211],[-49.997,-27.214],[-50.001,-27.212],[-50.004,-27.213],[-49.997,-27.196],[-49.992,-27.19],[-50.001,-27.181],[-50.005,-27.173],[-50.014,-27.173],[-50.017,-27.175],[-50.022,-27.173],[-50.035,-27.173],[-50.037,-27.175],[-50.046,-27.169],[-50.051,-27.172],[-50.049,-27.175],[-50.051,-27.176],[-50.062,-27.15],[-50.065,-27.149],[-50.071,-27.15],[-50.075,-27.148],[-50.082,-27.145],[-50.084,-27.146],[-50.093,-27.146],[-50.093,-27.144],[-50.097,-27.144],[-50.105,-27.148],[-50.11,-27.144],[-50.119,-27.142],[-50.123,-27.143],[-50.132,-27.141],[-50.137,-27.135],[-50.139,-27.133],[-50.145,-27.135],[-50.147,-27.133],[-50.153,-27.134],[-50.158,-27.141],[-50.166,-27.145],[-50.168,-27.15],[-50.174,-27.149],[-50.175,-27.151],[-50.19,-27.148],[-50.192,-27.15],[-50.198,-27.151],[-50.203,-27.154],[-50.205,-27.152],[-50.213,-27.151],[-50.216,-27.149],[-50.227,-27.151],[-50.227,-27.147],[-50.232,-27.143],[-50.23,-27.139],[-50.232,-27.134],[-50.232,-27.13],[-50.234,-27.128],[-50.235,-27.124],[-50.241,-27.12],[-50.246,-27.113],[-50.245,-27.11],[-50.248,-27.106],[-50.247,-27.104],[-50.25,-27.1],[-50.254,-27.102],[-50.257,-27.098],[-50.259,-27.101],[-50.26,-27.097],[-50.269,-27.098],[-50.273,-27.094],[-50.275,-27.096],[-50.284,-27.094],[-50.287,-27.101],[-50.286,-27.105],[-50.289,-27.108],[-50.293,-27.11],[-50.301,-27.11],[-50.306,-27.106],[-50.31,-27.096],[-50.315,-27.09],[-50.312,-27.089],[-50.31,-27.08],[-50.312,-27.081],[-50.315,-27.076]]]}},{"type":"Feature","properties":{"c":"4217907"},"geometry":{"type":"Polygon","coordinates":[[[-51.321,-27.151],[-51.332,-27.146],[-51.334,-27.138],[-51.332,-27.137],[-51.332,-27.134],[-51.338,-27.132],[-51.333,-27.129],[-51.336,-27.125],[-51.334,-27.12],[-51.337,-27.117],[-51.332,-27.115],[-51.329,-27.109],[-51.326,-27.108],[-51.326,-27.103],[-51.322,-27.091],[-51.323,-27.083],[-51.319,-27.077],[-51.311,-27.076],[-51.303,-27.072],[-51.298,-27.067],[-51.293,-27.062],[-51.299,-27.058],[-51.298,-27.055],[-51.295,-27.054],[-51.289,-27.051],[-51.284,-27.051],[-51.284,-27.059],[-51.275,-27.063],[-51.271,-27.067],[-51.253,-27.062],[-51.25,-27.064],[-51.247,-27.069],[-51.244,-27.064],[-51.213,-27.068],[-51.214,-27.074],[-51.204,-27.074],[-51.204,-27.079],[-51.175,-27.082],[-51.172,-27.088],[-51.166,-27.086],[-51.163,-27.089],[-51.157,-27.09],[-51.154,-27.086],[-51.152,-27.093],[-51.149,-27.094],[-51.142,-27.1],[-51.141,-27.108],[-51.144,-27.112],[-51.141,-27.114],[-51.135,-27.115],[-51.129,-27.112],[-51.13,-27.11],[-51.136,-27.109],[-51.133,-27.107],[-51.13,-27.107],[-51.129,-27.104],[-51.132,-27.101],[-51.127,-27.098],[-51.125,-27.103],[-51.121,-27.104],[-51.12,-27.101],[-51.116,-27.097],[-51.113,-27.097],[-51.108,-27.103],[-51.102,-27.102],[-51.1,-27.099],[-51.095,-27.1],[-51.086,-27.097],[-51.089,-27.103],[-51.094,-27.107],[-51.098,-27.109],[-51.1,-27.111],[-51.097,-27.115],[-51.092,-27.115],[-51.084,-27.122],[-51.082,-27.125],[-51.08,-27.123],[-51.071,-27.123],[-51.069,-27.124],[-51.069,-27.12],[-51.072,-27.118],[-51.077,-27.12],[-51.077,-27.114],[-51.075,-27.111],[-51.071,-27.113],[-51.072,-27.116],[-51.064,-27.117],[-51.066,-27.111],[-51.064,-27.109],[-51.067,-27.107],[-51.057,-27.104],[-51.055,-27.101],[-51.056,-27.096],[-51.05,-27.097],[-51.053,-27.106],[-51.036,-27.107],[-51.033,-27.11],[-51.034,-27.111],[-51.041,-27.113],[-51.045,-27.116],[-51.043,-27.121],[-51.041,-27.122],[-51.039,-27.118],[-51.033,-27.118],[-51.029,-27.124],[-51.024,-27.128],[-51.021,-27.127],[-51.019,-27.12],[-51.013,-27.119],[-51.009,-27.12],[-51.004,-27.124],[-50.998,-27.137],[-50.996,-27.135],[-50.988,-27.134],[-50.987,-27.132],[-50.976,-27.134],[-50.973,-27.132],[-50.967,-27.134],[-50.957,-27.133],[-50.956,-27.132],[-50.952,-27.132],[-50.946,-27.126],[-50.944,-27.121],[-50.938,-27.119],[-50.93,-27.119],[-50.937,-27.123],[-50.938,-27.128],[-50.936,-27.131],[-50.94,-27.13],[-50.946,-27.138],[-50.947,-27.143],[-50.953,-27.145],[-50.954,-27.147],[-50.958,-27.149],[-50.961,-27.155],[-50.965,-27.154],[-50.968,-27.157],[-50.972,-27.159],[-50.975,-27.158],[-50.978,-27.163],[-50.987,-27.162],[-50.992,-27.167],[-50.995,-27.172],[-51.006,-27.172],[-51.011,-27.175],[-51.008,-27.178],[-51.013,-27.182],[-51.013,-27.185],[-51.019,-27.188],[-51.019,-27.193],[-51.026,-27.195],[-51.026,-27.2],[-51.023,-27.203],[-51.025,-27.206],[-51.024,-27.211],[-51.029,-27.214],[-51.026,-27.221],[-51.032,-27.227],[-51.036,-27.233],[-51.038,-27.237],[-51.046,-27.237],[-51.052,-27.242],[-51.054,-27.246],[-51.062,-27.244],[-51.063,-27.248],[-51.065,-27.249],[-51.066,-27.252],[-51.071,-27.252],[-51.079,-27.25],[-51.081,-27.254],[-51.087,-27.251],[-51.091,-27.252],[-51.094,-27.251],[-51.094,-27.247],[-51.107,-27.244],[-51.113,-27.239],[-51.115,-27.232],[-51.125,-27.23],[-51.125,-27.223],[-51.13,-27.221],[-51.131,-27.218],[-51.137,-27.219],[-51.144,-27.215],[-51.152,-27.22],[-51.155,-27.217],[-51.163,-27.214],[-51.168,-27.206],[-51.174,-27.205],[-51.174,-27.2],[-51.18,-27.199],[-51.183,-27.196],[-51.184,-27.19],[-51.186,-27.186],[-51.185,-27.183],[-51.186,-27.178],[-51.192,-27.177],[-51.194,-27.17],[-51.2,-27.171],[-51.203,-27.17],[-51.209,-27.164],[-51.212,-27.16],[-51.218,-27.161],[-51.224,-27.161],[-51.228,-27.162],[-51.228,-27.157],[-51.23,-27.153],[-51.227,-27.148],[-51.234,-27.143],[-51.233,-27.139],[-51.241,-27.139],[-51.25,-27.137],[-51.259,-27.137],[-51.263,-27.14],[-51.27,-27.141],[-51.274,-27.146],[-51.277,-27.153],[-51.286,-27.153],[-51.294,-27.162],[-51.307,-27.154],[-51.32,-27.153],[-51.321,-27.151]]]}},{"type":"Feature","properties":{"c":"4217956"},"geometry":{"type":"Polygon","coordinates":[[[-53.137,-26.64],[-53.137,-26.641],[-53.134,-26.648],[-53.126,-26.655],[-53.128,-26.665],[-53.126,-26.669],[-53.112,-26.68],[-53.116,-26.682],[-53.119,-26.688],[-53.119,-26.694],[-53.122,-26.696],[-53.122,-26.7],[-53.124,-26.703],[-53.125,-26.707],[-53.129,-26.708],[-53.127,-26.712],[-53.131,-26.712],[-53.129,-26.715],[-53.13,-26.72],[-53.128,-26.721],[-53.138,-26.726],[-53.146,-26.722],[-53.159,-26.72],[-53.162,-26.714],[-53.166,-26.718],[-53.17,-26.71],[-53.177,-26.705],[-53.178,-26.691],[-53.194,-26.699],[-53.187,-26.671],[-53.188,-26.663],[-53.191,-26.657],[-53.197,-26.658],[-53.199,-26.65],[-53.205,-26.642],[-53.202,-26.64],[-53.202,-26.633],[-53.199,-26.635],[-53.199,-26.641],[-53.194,-26.638],[-53.191,-26.641],[-53.19,-26.637],[-53.186,-26.639],[-53.183,-26.636],[-53.18,-26.638],[-53.176,-26.636],[-53.174,-26.633],[-53.172,-26.639],[-53.169,-26.636],[-53.165,-26.637],[-53.164,-26.631],[-53.159,-26.634],[-53.157,-26.638],[-53.155,-26.635],[-53.151,-26.635],[-53.148,-26.64],[-53.143,-26.639],[-53.139,-26.637],[-53.137,-26.64]]]}},{"type":"Feature","properties":{"c":"4218004"},"geometry":{"type":"Polygon","coordinates":[[[-48.595,-27.316],[-48.627,-27.325],[-48.637,-27.327],[-48.641,-27.327],[-48.654,-27.321],[-48.661,-27.326],[-48.661,-27.33],[-48.656,-27.336],[-48.658,-27.338],[-48.659,-27.344],[-48.663,-27.347],[-48.671,-27.349],[-48.673,-27.342],[-48.681,-27.343],[-48.688,-27.342],[-48.695,-27.351],[-48.702,-27.352],[-48.705,-27.355],[-48.71,-27.352],[-48.71,-27.349],[-48.714,-27.349],[-48.719,-27.347],[-48.726,-27.345],[-48.727,-27.342],[-48.735,-27.341],[-48.739,-27.344],[-48.743,-27.342],[-48.752,-27.346],[-48.758,-27.343],[-48.764,-27.346],[-48.763,-27.348],[-48.768,-27.351],[-48.771,-27.347],[-48.776,-27.347],[-48.779,-27.35],[-48.789,-27.352],[-48.792,-27.354],[-48.794,-27.353],[-48.784,-27.342],[-48.784,-27.338],[-48.779,-27.336],[-48.773,-27.332],[-48.77,-27.328],[-48.772,-27.326],[-48.765,-27.324],[-48.759,-27.316],[-48.757,-27.316],[-48.744,-27.307],[-48.741,-27.303],[-48.739,-27.298],[-48.742,-27.294],[-48.738,-27.289],[-48.732,-27.286],[-48.73,-27.287],[-48.723,-27.283],[-48.72,-27.279],[-48.717,-27.28],[-48.716,-27.277],[-48.708,-27.276],[-48.701,-27.271],[-48.701,-27.265],[-48.705,-27.265],[-48.704,-27.267],[-48.709,-27.266],[-48.711,-27.262],[-48.715,-27.264],[-48.715,-27.261],[-48.72,-27.263],[-48.717,-27.265],[-48.723,-27.266],[-48.726,-27.263],[-48.731,-27.263],[-48.734,-27.268],[-48.739,-27.268],[-48.743,-27.27],[-48.741,-27.265],[-48.749,-27.262],[-48.744,-27.259],[-48.742,-27.253],[-48.744,-27.249],[-48.746,-27.248],[-48.744,-27.245],[-48.745,-27.239],[-48.749,-27.233],[-48.756,-27.232],[-48.756,-27.231],[-48.764,-27.229],[-48.765,-27.227],[-48.769,-27.224],[-48.772,-27.218],[-48.772,-27.212],[-48.78,-27.211],[-48.789,-27.205],[-48.795,-27.196],[-48.799,-27.194],[-48.803,-27.194],[-48.804,-27.189],[-48.802,-27.184],[-48.798,-27.182],[-48.798,-27.176],[-48.804,-27.174],[-48.796,-27.166],[-48.796,-27.162],[-48.794,-27.162],[-48.799,-27.155],[-48.789,-27.151],[-48.779,-27.152],[-48.773,-27.146],[-48.773,-27.14],[-48.775,-27.136],[-48.77,-27.134],[-48.763,-27.137],[-48.756,-27.134],[-48.752,-27.14],[-48.753,-27.143],[-48.751,-27.148],[-48.737,-27.148],[-48.731,-27.144],[-48.728,-27.145],[-48.725,-27.143],[-48.717,-27.144],[-48.708,-27.141],[-48.706,-27.142],[-48.698,-27.138],[-48.695,-27.14],[-48.692,-27.139],[-48.69,-27.141],[-48.691,-27.149],[-48.686,-27.151],[-48.683,-27.155],[-48.685,-27.159],[-48.681,-27.163],[-48.682,-27.167],[-48.69,-27.167],[-48.688,-27.168],[-48.686,-27.173],[-48.689,-27.178],[-48.688,-27.183],[-48.69,-27.184],[-48.688,-27.191],[-48.683,-27.196],[-48.669,-27.201],[-48.67,-27.208],[-48.667,-27.213],[-48.662,-27.216],[-48.659,-27.215],[-48.622,-27.211],[-48.616,-27.213],[-48.608,-27.211],[-48.604,-27.213],[-48.603,-27.218],[-48.608,-27.221],[-48.612,-27.232],[-48.614,-27.24],[-48.614,-27.251],[-48.615,-27.255],[-48.615,-27.272],[-48.612,-27.283],[-48.604,-27.301],[-48.595,-27.316]]]}},{"type":"Feature","properties":{"c":"4218103"},"geometry":{"type":"Polygon","coordinates":[[[-49.733,-28.804],[-49.746,-28.817],[-49.745,-28.826],[-49.749,-28.831],[-49.792,-28.854],[-49.868,-28.88],[-49.87,-28.883],[-49.875,-28.884],[-49.88,-28.882],[-49.888,-28.889],[-49.893,-28.888],[-49.896,-28.89],[-49.899,-28.895],[-49.902,-28.896],[-49.907,-28.901],[-49.921,-28.91],[-49.922,-28.912],[-49.929,-28.917],[-49.93,-28.921],[-49.939,-28.92],[-49.945,-28.924],[-49.949,-28.925],[-49.947,-28.936],[-49.945,-28.942],[-49.953,-28.939],[-49.956,-28.941],[-49.956,-28.949],[-49.959,-28.945],[-49.958,-28.939],[-49.96,-28.936],[-49.956,-28.929],[-49.952,-28.93],[-49.95,-28.936],[-49.951,-28.927],[-49.953,-28.926],[-49.96,-28.927],[-49.965,-28.926],[-49.969,-28.922],[-49.963,-28.919],[-49.963,-28.914],[-49.958,-28.906],[-49.958,-28.902],[-49.952,-28.9],[-49.95,-28.898],[-49.95,-28.894],[-49.952,-28.893],[-49.948,-28.89],[-49.951,-28.888],[-49.946,-28.885],[-49.944,-28.88],[-49.937,-28.879],[-49.936,-28.875],[-49.932,-28.872],[-49.938,-28.873],[-49.941,-28.876],[-49.951,-28.881],[-49.954,-28.88],[-49.949,-28.876],[-49.952,-28.874],[-49.952,-28.87],[-49.957,-28.87],[-49.969,-28.877],[-49.969,-28.87],[-49.962,-28.864],[-49.957,-28.862],[-49.956,-28.857],[-49.962,-28.852],[-49.962,-28.846],[-49.96,-28.841],[-49.96,-28.838],[-49.957,-28.835],[-49.958,-28.829],[-49.965,-28.828],[-49.966,-28.82],[-49.964,-28.811],[-49.962,-28.807],[-49.963,-28.799],[-49.96,-28.798],[-49.951,-28.802],[-49.958,-28.795],[-49.959,-28.787],[-49.957,-28.784],[-49.961,-28.781],[-49.962,-28.778],[-49.959,-28.776],[-49.961,-28.772],[-49.954,-28.767],[-49.951,-28.767],[-49.95,-28.763],[-49.953,-28.76],[-49.952,-28.757],[-49.949,-28.757],[-49.951,-28.753],[-49.946,-28.752],[-49.942,-28.753],[-49.937,-28.757],[-49.928,-28.754],[-49.929,-28.75],[-49.922,-28.746],[-49.927,-28.74],[-49.931,-28.738],[-49.929,-28.733],[-49.932,-28.732],[-49.935,-28.726],[-49.931,-28.723],[-49.926,-28.718],[-49.917,-28.717],[-49.905,-28.708],[-49.906,-28.712],[-49.908,-28.714],[-49.914,-28.724],[-49.909,-28.722],[-49.905,-28.718],[-49.898,-28.721],[-49.897,-28.726],[-49.893,-28.723],[-49.883,-28.717],[-49.881,-28.722],[-49.885,-28.726],[-49.886,-28.73],[-49.891,-28.738],[-49.887,-28.74],[-49.889,-28.746],[-49.881,-28.747],[-49.878,-28.744],[-49.88,-28.74],[-49.878,-28.737],[-49.883,-28.738],[-49.868,-28.722],[-49.875,-28.723],[-49.869,-28.716],[-49.872,-28.717],[-49.87,-28.709],[-49.872,-28.703],[-49.869,-28.701],[-49.863,-28.7],[-49.861,-28.704],[-49.852,-28.704],[-49.853,-28.706],[-49.846,-28.704],[-49.847,-28.71],[-49.843,-28.708],[-49.845,-28.714],[-49.84,-28.713],[-49.839,-28.717],[-49.834,-28.716],[-49.831,-28.717],[-49.824,-28.716],[-49.823,-28.721],[-49.806,-28.717],[-49.801,-28.713],[-49.798,-28.714],[-49.799,-28.732],[-49.797,-28.737],[-49.799,-28.745],[-49.799,-28.752],[-49.797,-28.753],[-49.788,-28.756],[-49.78,-28.758],[-49.778,-28.76],[-49.773,-28.773],[-49.768,-28.78],[-49.752,-28.792],[-49.75,-28.791],[-49.745,-28.797],[-49.738,-28.8],[-49.737,-28.803],[-49.733,-28.804]]]}},{"type":"Feature","properties":{"c":"4218202"},"geometry":{"type":"Polygon","coordinates":[[[-49.305,-26.848],[-49.31,-26.834],[-49.311,-26.827],[-49.315,-26.83],[-49.317,-26.825],[-49.324,-26.822],[-49.325,-26.817],[-49.33,-26.808],[-49.329,-26.803],[-49.333,-26.8],[-49.334,-26.797],[-49.331,-26.791],[-49.329,-26.788],[-49.329,-26.784],[-49.331,-26.782],[-49.334,-26.775],[-49.329,-26.774],[-49.329,-26.77],[-49.334,-26.766],[-49.333,-26.764],[-49.339,-26.756],[-49.336,-26.754],[-49.334,-26.75],[-49.335,-26.746],[-49.272,-26.764],[-49.224,-26.773],[-49.214,-26.755],[-49.205,-26.758],[-49.206,-26.766],[-49.208,-26.77],[-49.205,-26.776],[-49.206,-26.778],[-49.198,-26.787],[-49.195,-26.793],[-49.199,-26.797],[-49.207,-26.799],[-49.21,-26.806],[-49.208,-26.809],[-49.209,-26.812],[-49.207,-26.816],[-49.204,-26.818],[-49.201,-26.822],[-49.207,-26.829],[-49.207,-26.83],[-49.254,-26.87],[-49.258,-26.87],[-49.262,-26.868],[-49.271,-26.873],[-49.276,-26.877],[-49.285,-26.881],[-49.305,-26.848]]]}},{"type":"Feature","properties":{"c":"4218251"},"geometry":{"type":"Polygon","coordinates":[[[-50.807,-26.655],[-50.809,-26.653],[-50.856,-26.561],[-50.847,-26.556],[-50.842,-26.555],[-50.836,-26.55],[-50.831,-26.55],[-50.825,-26.548],[-50.818,-26.541],[-50.819,-26.533],[-50.81,-26.523],[-50.802,-26.519],[-50.803,-26.512],[-50.802,-26.508],[-50.797,-26.508],[-50.795,-26.51],[-50.787,-26.507],[-50.781,-26.511],[-50.777,-26.516],[-50.77,-26.517],[-50.76,-26.52],[-50.753,-26.519],[-50.746,-26.525],[-50.74,-26.525],[-50.708,-26.505],[-50.699,-26.5],[-50.697,-26.499],[-50.689,-26.5],[-50.677,-26.498],[-50.673,-26.5],[-50.669,-26.499],[-50.668,-26.501],[-50.662,-26.501],[-50.663,-26.504],[-50.654,-26.508],[-50.655,-26.512],[-50.647,-26.513],[-50.644,-26.511],[-50.639,-26.515],[-50.637,-26.521],[-50.632,-26.524],[-50.631,-26.534],[-50.627,-26.534],[-50.622,-26.537],[-50.621,-26.54],[-50.617,-26.539],[-50.61,-26.542],[-50.604,-26.542],[-50.605,-26.544],[-50.602,-26.55],[-50.603,-26.553],[-50.601,-26.559],[-50.598,-26.561],[-50.595,-26.566],[-50.598,-26.567],[-50.587,-26.571],[-50.582,-26.575],[-50.579,-26.584],[-50.568,-26.59],[-50.562,-26.593],[-50.564,-26.599],[-50.568,-26.598],[-50.576,-26.603],[-50.575,-26.604],[-50.565,-26.603],[-50.567,-26.608],[-50.564,-26.61],[-50.559,-26.609],[-50.558,-26.607],[-50.552,-26.609],[-50.551,-26.606],[-50.545,-26.608],[-50.542,-26.605],[-50.538,-26.606],[-50.533,-26.609],[-50.529,-26.609],[-50.53,-26.613],[-50.523,-26.618],[-50.524,-26.622],[-50.528,-26.622],[-50.524,-26.628],[-50.521,-26.628],[-50.518,-26.632],[-50.52,-26.634],[-50.514,-26.64],[-50.513,-26.637],[-50.509,-26.639],[-50.507,-26.637],[-50.502,-26.638],[-50.495,-26.643],[-50.492,-26.643],[-50.488,-26.646],[-50.493,-26.648],[-50.497,-26.656],[-50.5,-26.658],[-50.502,-26.666],[-50.506,-26.669],[-50.506,-26.672],[-50.513,-26.681],[-50.514,-26.687],[-50.512,-26.696],[-50.505,-26.695],[-50.516,-26.715],[-50.514,-26.72],[-50.512,-26.729],[-50.51,-26.73],[-50.508,-26.736],[-50.506,-26.737],[-50.504,-26.743],[-50.504,-26.748],[-50.5,-26.756],[-50.494,-26.759],[-50.5,-26.771],[-50.505,-26.769],[-50.508,-26.773],[-50.513,-26.772],[-50.517,-26.774],[-50.521,-26.778],[-50.526,-26.776],[-50.527,-26.781],[-50.529,-26.782],[-50.532,-26.778],[-50.54,-26.776],[-50.542,-26.772],[-50.545,-26.775],[-50.546,-26.771],[-50.549,-26.767],[-50.556,-26.771],[-50.562,-26.771],[-50.565,-26.766],[-50.574,-26.755],[-50.578,-26.756],[-50.584,-26.755],[-50.59,-26.748],[-50.591,-26.739],[-50.604,-26.74],[-50.606,-26.734],[-50.612,-26.729],[-50.615,-26.728],[-50.626,-26.719],[-50.629,-26.72],[-50.635,-26.717],[-50.636,-26.713],[-50.645,-26.712],[-50.648,-26.714],[-50.654,-26.709],[-50.655,-26.705],[-50.65,-26.705],[-50.649,-26.7],[-50.658,-26.677],[-50.663,-26.674],[-50.67,-26.673],[-50.673,-26.671],[-50.676,-26.667],[-50.674,-26.663],[-50.678,-26.662],[-50.681,-26.666],[-50.685,-26.659],[-50.695,-26.658],[-50.699,-26.661],[-50.702,-26.661],[-50.706,-26.668],[-50.704,-26.674],[-50.718,-26.676],[-50.716,-26.68],[-50.717,-26.684],[-50.72,-26.687],[-50.728,-26.684],[-50.735,-26.689],[-50.738,-26.686],[-50.75,-26.682],[-50.753,-26.683],[-50.757,-26.692],[-50.783,-26.682],[-50.807,-26.655]]]}},{"type":"Feature","properties":{"c":"4218301"},"geometry":{"type":"Polygon","coordinates":[[[-50.366,-26.112],[-50.361,-26.11],[-50.36,-26.117],[-50.352,-26.119],[-50.35,-26.124],[-50.345,-26.125],[-50.341,-26.13],[-50.334,-26.135],[-50.331,-26.133],[-50.33,-26.13],[-50.327,-26.129],[-50.327,-26.133],[-50.324,-26.135],[-50.322,-26.134],[-50.322,-26.126],[-50.324,-26.126],[-50.329,-26.127],[-50.334,-26.125],[-50.332,-26.122],[-50.329,-26.125],[-50.325,-26.122],[-50.326,-26.115],[-50.332,-26.109],[-50.333,-26.1],[-50.331,-26.098],[-50.327,-26.099],[-50.325,-26.096],[-50.332,-26.085],[-50.331,-26.083],[-50.323,-26.081],[-50.322,-26.073],[-50.32,-26.07],[-50.315,-26.066],[-50.309,-26.064],[-50.307,-26.06],[-50.297,-26.054],[-50.293,-26.056],[-50.287,-26.056],[-50.284,-26.053],[-50.277,-26.052],[-50.273,-26.049],[-50.267,-26.043],[-50.262,-26.045],[-50.255,-26.052],[-50.251,-26.05],[-50.255,-26.038],[-50.253,-26.032],[-50.247,-26.03],[-50.243,-26.034],[-50.236,-26.035],[-50.235,-26.048],[-50.228,-26.055],[-50.225,-26.056],[-50.225,-26.06],[-50.222,-26.06],[-50.22,-26.057],[-50.214,-26.056],[-50.208,-26.057],[-50.208,-26.061],[-50.203,-26.061],[-50.199,-26.065],[-50.193,-26.065],[-50.19,-26.07],[-50.191,-26.073],[-50.201,-26.074],[-50.208,-26.081],[-50.207,-26.086],[-50.196,-26.084],[-50.194,-26.089],[-50.191,-26.089],[-50.186,-26.097],[-50.187,-26.104],[-50.185,-26.112],[-50.177,-26.119],[-50.171,-26.121],[-50.169,-26.116],[-50.167,-26.117],[-50.169,-26.122],[-50.172,-26.123],[-50.174,-26.128],[-50.17,-26.135],[-50.166,-26.132],[-50.165,-26.125],[-50.161,-26.128],[-50.16,-26.132],[-50.154,-26.136],[-50.161,-26.141],[-50.157,-26.149],[-50.152,-26.148],[-50.154,-26.151],[-50.146,-26.152],[-50.147,-26.16],[-50.145,-26.161],[-50.143,-26.168],[-50.135,-26.164],[-50.128,-26.164],[-50.128,-26.17],[-50.135,-26.17],[-50.134,-26.176],[-50.134,-26.183],[-50.131,-26.183],[-50.131,-26.192],[-50.125,-26.199],[-50.126,-26.205],[-50.13,-26.207],[-50.137,-26.202],[-50.141,-26.204],[-50.144,-26.2],[-50.148,-26.208],[-50.152,-26.207],[-50.153,-26.209],[-50.159,-26.209],[-50.163,-26.212],[-50.163,-26.216],[-50.168,-26.214],[-50.169,-26.212],[-50.179,-26.212],[-50.179,-26.215],[-50.189,-26.218],[-50.189,-26.222],[-50.186,-26.226],[-50.182,-26.226],[-50.183,-26.231],[-50.186,-26.234],[-50.182,-26.239],[-50.183,-26.243],[-50.187,-26.248],[-50.185,-26.253],[-50.188,-26.258],[-50.187,-26.261],[-50.187,-26.271],[-50.192,-26.275],[-50.202,-26.276],[-50.205,-26.277],[-50.207,-26.285],[-50.211,-26.285],[-50.217,-26.29],[-50.224,-26.289],[-50.285,-26.308],[-50.287,-26.307],[-50.285,-26.302],[-50.289,-26.296],[-50.287,-26.293],[-50.288,-26.291],[-50.296,-26.287],[-50.296,-26.283],[-50.294,-26.281],[-50.299,-26.28],[-50.295,-26.279],[-50.295,-26.276],[-50.299,-26.276],[-50.3,-26.265],[-50.297,-26.264],[-50.3,-26.262],[-50.303,-26.262],[-50.302,-26.259],[-50.306,-26.259],[-50.308,-26.262],[-50.312,-26.261],[-50.315,-26.268],[-50.317,-26.268],[-50.319,-26.26],[-50.318,-26.258],[-50.322,-26.252],[-50.325,-26.253],[-50.322,-26.244],[-50.325,-26.244],[-50.324,-26.238],[-50.327,-26.239],[-50.336,-26.236],[-50.331,-26.235],[-50.325,-26.224],[-50.325,-26.215],[-50.326,-26.211],[-50.325,-26.207],[-50.332,-26.208],[-50.342,-26.204],[-50.345,-26.206],[-50.353,-26.205],[-50.356,-26.203],[-50.355,-26.188],[-50.353,-26.185],[-50.353,-26.178],[-50.358,-26.17],[-50.352,-26.158],[-50.348,-26.155],[-50.349,-26.153],[-50.358,-26.157],[-50.36,-26.159],[-50.368,-26.157],[-50.376,-26.155],[-50.377,-26.159],[-50.384,-26.167],[-50.388,-26.169],[-50.39,-26.163],[-50.381,-26.161],[-50.385,-26.159],[-50.389,-26.156],[-50.389,-26.151],[-50.386,-26.149],[-50.387,-26.144],[-50.384,-26.138],[-50.383,-26.132],[-50.38,-26.123],[-50.376,-26.121],[-50.378,-26.118],[-50.373,-26.115],[-50.37,-26.12],[-50.366,-26.119],[-50.361,-26.123],[-50.365,-26.125],[-50.36,-26.126],[-50.359,-26.121],[-50.356,-26.12],[-50.361,-26.118],[-50.366,-26.112]]]}},{"type":"Feature","properties":{"c":"4218350"},"geometry":{"type":"Polygon","coordinates":[[[-49.422,-28.537],[-49.425,-28.538],[-49.428,-28.542],[-49.436,-28.547],[-49.436,-28.55],[-49.442,-28.555],[-49.444,-28.561],[-49.45,-28.565],[-49.457,-28.564],[-49.465,-28.559],[-49.465,-28.564],[-49.468,-28.564],[-49.467,-28.572],[-49.472,-28.571],[-49.474,-28.573],[-49.471,-28.575],[-49.482,-28.583],[-49.485,-28.581],[-49.482,-28.579],[-49.481,-28.571],[-49.49,-28.56],[-49.488,-28.553],[-49.491,-28.551],[-49.527,-28.551],[-49.531,-28.54],[-49.535,-28.536],[-49.541,-28.533],[-49.547,-28.533],[-49.548,-28.531],[-49.548,-28.525],[-49.557,-28.515],[-49.567,-28.513],[-49.569,-28.511],[-49.567,-28.507],[-49.57,-28.503],[-49.563,-28.495],[-49.554,-28.495],[-49.555,-28.49],[-49.55,-28.486],[-49.554,-28.481],[-49.555,-28.475],[-49.561,-28.471],[-49.562,-28.467],[-49.558,-28.466],[-49.56,-28.463],[-49.555,-28.46],[-49.555,-28.458],[-49.55,-28.452],[-49.549,-28.454],[-49.545,-28.455],[-49.547,-28.453],[-49.549,-28.449],[-49.547,-28.443],[-49.543,-28.443],[-49.543,-28.438],[-49.535,-28.436],[-49.531,-28.44],[-49.52,-28.437],[-49.515,-28.439],[-49.511,-28.438],[-49.507,-28.439],[-49.504,-28.437],[-49.493,-28.439],[-49.486,-28.442],[-49.483,-28.441],[-49.477,-28.444],[-49.473,-28.44],[-49.468,-28.437],[-49.461,-28.444],[-49.451,-28.447],[-49.445,-28.452],[-49.439,-28.454],[-49.432,-28.458],[-49.428,-28.459],[-49.428,-28.47],[-49.426,-28.47],[-49.426,-28.509],[-49.422,-28.509],[-49.422,-28.537]]]}},{"type":"Feature","properties":{"c":"4218400"},"geometry":{"type":"Polygon","coordinates":[[[-49.03,-28.55],[-49.103,-28.593],[-49.143,-28.618],[-49.182,-28.641],[-49.195,-28.636],[-49.196,-28.632],[-49.201,-28.624],[-49.2,-28.619],[-49.204,-28.614],[-49.208,-28.614],[-49.212,-28.612],[-49.219,-28.606],[-49.223,-28.604],[-49.224,-28.6],[-49.229,-28.6],[-49.233,-28.597],[-49.234,-28.592],[-49.239,-28.59],[-49.243,-28.59],[-49.18,-28.498],[-49.182,-28.509],[-49.179,-28.512],[-49.175,-28.512],[-49.172,-28.509],[-49.167,-28.507],[-49.168,-28.502],[-49.163,-28.501],[-49.159,-28.503],[-49.149,-28.502],[-49.143,-28.498],[-49.133,-28.499],[-49.132,-28.503],[-49.072,-28.546],[-49.067,-28.552],[-49.056,-28.556],[-49.055,-28.559],[-49.045,-28.557],[-49.03,-28.55]]]}},{"type":"Feature","properties":{"c":"4218509"},"geometry":{"type":"Polygon","coordinates":[[[-51.406,-26.943],[-51.408,-26.948],[-51.408,-26.955],[-51.402,-26.952],[-51.401,-26.958],[-51.398,-26.96],[-51.395,-26.964],[-51.399,-26.966],[-51.396,-26.97],[-51.392,-26.969],[-51.387,-26.971],[-51.385,-26.974],[-51.382,-26.969],[-51.377,-26.975],[-51.381,-26.977],[-51.38,-26.98],[-51.373,-26.981],[-51.37,-26.984],[-51.365,-26.981],[-51.362,-26.983],[-51.352,-26.981],[-51.349,-26.984],[-51.353,-26.988],[-51.348,-26.99],[-51.346,-26.994],[-51.34,-26.998],[-51.347,-26.999],[-51.352,-27.003],[-51.349,-27.004],[-51.345,-27.001],[-51.338,-27.005],[-51.343,-27.007],[-51.345,-27.013],[-51.344,-27.016],[-51.338,-27.017],[-51.334,-27.02],[-51.334,-27.023],[-51.337,-27.023],[-51.345,-27.03],[-51.344,-27.034],[-51.348,-27.036],[-51.342,-27.038],[-51.345,-27.04],[-51.389,-27.04],[-51.421,-27.039],[-51.462,-27.028],[-51.451,-27.018],[-51.455,-27.014],[-51.455,-27.012],[-51.459,-27.01],[-51.461,-27.014],[-51.465,-27.014],[-51.472,-27.012],[-51.474,-27.008],[-51.482,-27.0],[-51.49,-26.997],[-51.494,-26.993],[-51.489,-26.99],[-51.495,-26.987],[-51.495,-26.983],[-51.497,-26.979],[-51.503,-26.976],[-51.505,-26.97],[-51.504,-26.969],[-51.508,-26.96],[-51.515,-26.963],[-51.516,-26.962],[-51.526,-26.956],[-51.534,-26.949],[-51.535,-26.945],[-51.54,-26.94],[-51.54,-26.932],[-51.537,-26.93],[-51.537,-26.927],[-51.532,-26.893],[-51.53,-26.879],[-51.51,-26.839],[-51.51,-26.841],[-51.506,-26.845],[-51.501,-26.846],[-51.496,-26.845],[-51.494,-26.847],[-51.493,-26.851],[-51.488,-26.859],[-51.494,-26.864],[-51.492,-26.872],[-51.487,-26.877],[-51.488,-26.884],[-51.486,-26.888],[-51.485,-26.893],[-51.479,-26.898],[-51.481,-26.902],[-51.477,-26.906],[-51.48,-26.908],[-51.477,-26.911],[-51.479,-26.924],[-51.475,-26.929],[-51.466,-26.931],[-51.464,-26.933],[-51.462,-26.929],[-51.456,-26.929],[-51.453,-26.931],[-51.45,-26.93],[-51.446,-26.934],[-51.446,-26.937],[-51.44,-26.932],[-51.439,-26.929],[-51.436,-26.934],[-51.438,-26.934],[-51.437,-26.94],[-51.42,-26.944],[-51.415,-26.945],[-51.413,-26.942],[-51.412,-26.947],[-51.408,-26.942],[-51.406,-26.943]]]}},{"type":"Feature","properties":{"c":"4218608"},"geometry":{"type":"Polygon","coordinates":[[[-49.767,-27.375],[-49.779,-27.371],[-49.782,-27.368],[-49.781,-27.365],[-49.788,-27.363],[-49.797,-27.361],[-49.801,-27.358],[-49.805,-27.358],[-49.807,-27.355],[-49.825,-27.358],[-49.825,-27.355],[-49.831,-27.352],[-49.833,-27.348],[-49.841,-27.349],[-49.848,-27.357],[-49.85,-27.356],[-49.852,-27.361],[-49.857,-27.365],[-49.856,-27.368],[-49.863,-27.378],[-49.865,-27.378],[-49.868,-27.373],[-49.867,-27.369],[-49.868,-27.363],[-49.872,-27.361],[-49.872,-27.351],[-49.87,-27.347],[-49.864,-27.344],[-49.86,-27.337],[-49.852,-27.331],[-49.849,-27.327],[-49.857,-27.321],[-49.862,-27.321],[-49.864,-27.319],[-49.866,-27.311],[-49.875,-27.311],[-49.884,-27.306],[-49.885,-27.306],[-49.883,-27.303],[-49.875,-27.297],[-49.871,-27.296],[-49.865,-27.29],[-49.862,-27.288],[-49.857,-27.278],[-49.852,-27.278],[-49.847,-27.276],[-49.844,-27.272],[-49.839,-27.273],[-49.836,-27.267],[-49.829,-27.264],[-49.823,-27.265],[-49.82,-27.264],[-49.816,-27.267],[-49.812,-27.266],[-49.809,-27.263],[-49.808,-27.259],[-49.802,-27.248],[-49.792,-27.254],[-49.787,-27.248],[-49.778,-27.252],[-49.78,-27.261],[-49.779,-27.263],[-49.773,-27.267],[-49.766,-27.269],[-49.758,-27.27],[-49.756,-27.275],[-49.753,-27.28],[-49.755,-27.283],[-49.756,-27.28],[-49.761,-27.284],[-49.763,-27.288],[-49.758,-27.291],[-49.761,-27.297],[-49.759,-27.306],[-49.759,-27.311],[-49.762,-27.322],[-49.763,-27.329],[-49.768,-27.333],[-49.772,-27.342],[-49.769,-27.344],[-49.765,-27.345],[-49.764,-27.348],[-49.766,-27.355],[-49.763,-27.365],[-49.767,-27.375]]]}},{"type":"Feature","properties":{"c":"4218707"},"geometry":{"type":"Polygon","coordinates":[[[-49.03,-28.55],[-49.045,-28.557],[-49.055,-28.559],[-49.056,-28.556],[-49.067,-28.552],[-49.072,-28.546],[-49.132,-28.503],[-49.133,-28.499],[-49.143,-28.498],[-49.149,-28.502],[-49.159,-28.503],[-49.163,-28.501],[-49.168,-28.502],[-49.167,-28.507],[-49.172,-28.509],[-49.175,-28.512],[-49.179,-28.512],[-49.182,-28.509],[-49.18,-28.498],[-49.143,-28.474],[-49.136,-28.473],[-49.13,-28.474],[-49.129,-28.476],[-49.122,-28.475],[-49.122,-28.47],[-49.123,-28.466],[-49.121,-28.46],[-49.124,-28.454],[-49.122,-28.449],[-49.12,-28.449],[-49.114,-28.446],[-49.112,-28.444],[-49.117,-28.431],[-49.123,-28.423],[-49.123,-28.42],[-49.133,-28.418],[-49.138,-28.414],[-49.138,-28.409],[-49.133,-28.406],[-49.13,-28.402],[-49.128,-28.397],[-49.101,-28.363],[-49.092,-28.367],[-49.089,-28.373],[-49.087,-28.373],[-49.081,-28.379],[-49.082,-28.384],[-49.08,-28.388],[-49.072,-28.395],[-49.071,-28.397],[-49.065,-28.391],[-49.06,-28.392],[-49.059,-28.397],[-49.057,-28.398],[-49.055,-28.402],[-49.052,-28.404],[-49.045,-28.404],[-49.041,-28.4],[-49.034,-28.402],[-49.03,-28.4],[-49.023,-28.399],[-49.023,-28.404],[-49.021,-28.405],[-49.022,-28.409],[-49.02,-28.412],[-49.011,-28.417],[-48.979,-28.422],[-48.975,-28.424],[-48.975,-28.428],[-48.97,-28.43],[-48.968,-28.433],[-48.97,-28.438],[-48.968,-28.445],[-48.972,-28.45],[-48.973,-28.453],[-48.977,-28.454],[-48.977,-28.457],[-48.984,-28.458],[-48.986,-28.46],[-48.981,-28.463],[-48.977,-28.462],[-48.974,-28.466],[-48.976,-28.469],[-48.974,-28.473],[-48.969,-28.473],[-48.954,-28.485],[-48.948,-28.493],[-48.945,-28.503],[-48.94,-28.507],[-48.928,-28.51],[-48.923,-28.513],[-48.919,-28.516],[-48.912,-28.524],[-48.903,-28.529],[-48.904,-28.533],[-48.94,-28.587],[-48.945,-28.594],[-48.952,-28.589],[-48.954,-28.586],[-48.959,-28.582],[-48.962,-28.575],[-48.969,-28.575],[-48.971,-28.572],[-48.97,-28.568],[-48.964,-28.562],[-48.967,-28.556],[-48.971,-28.553],[-48.975,-28.554],[-48.975,-28.557],[-48.985,-28.559],[-48.989,-28.557],[-48.994,-28.559],[-49.005,-28.551],[-49.009,-28.541],[-49.014,-28.539],[-49.015,-28.536],[-49.019,-28.533],[-49.026,-28.536],[-49.03,-28.544],[-49.03,-28.55]]]}},{"type":"Feature","properties":{"c":"4218756"},"geometry":{"type":"Polygon","coordinates":[[[-53.583,-26.953],[-53.583,-26.958],[-53.591,-26.965],[-53.589,-26.965],[-53.583,-26.96],[-53.574,-26.961],[-53.571,-26.965],[-53.569,-26.964],[-53.555,-26.969],[-53.554,-26.972],[-53.553,-26.977],[-53.551,-26.979],[-53.557,-26.985],[-53.556,-26.987],[-53.559,-26.993],[-53.566,-26.993],[-53.57,-26.996],[-53.574,-27.002],[-53.576,-27.001],[-53.579,-27.006],[-53.582,-27.005],[-53.587,-27.009],[-53.592,-27.009],[-53.595,-27.012],[-53.598,-27.01],[-53.599,-27.013],[-53.598,-27.017],[-53.604,-27.018],[-53.606,-27.016],[-53.608,-27.019],[-53.607,-27.023],[-53.611,-27.026],[-53.617,-27.024],[-53.617,-27.022],[-53.62,-27.022],[-53.62,-27.018],[-53.624,-27.021],[-53.624,-27.029],[-53.622,-27.034],[-53.632,-27.039],[-53.637,-27.044],[-53.641,-27.041],[-53.643,-27.044],[-53.653,-27.036],[-53.667,-27.034],[-53.669,-27.037],[-53.671,-27.03],[-53.677,-27.028],[-53.683,-27.031],[-53.686,-27.037],[-53.679,-27.044],[-53.682,-27.045],[-53.692,-27.045],[-53.69,-27.041],[-53.695,-27.038],[-53.694,-27.036],[-53.698,-27.028],[-53.704,-27.021],[-53.705,-27.017],[-53.702,-27.014],[-53.704,-27.011],[-53.714,-27.009],[-53.72,-27.01],[-53.726,-27.008],[-53.728,-27.005],[-53.733,-27.004],[-53.735,-27.002],[-53.744,-26.995],[-53.742,-26.991],[-53.737,-26.991],[-53.728,-26.994],[-53.724,-26.994],[-53.719,-26.991],[-53.717,-26.988],[-53.719,-26.984],[-53.73,-26.98],[-53.737,-26.976],[-53.737,-26.974],[-53.731,-26.973],[-53.729,-26.964],[-53.727,-26.959],[-53.723,-26.959],[-53.719,-26.963],[-53.712,-26.965],[-53.703,-26.959],[-53.701,-26.954],[-53.71,-26.941],[-53.71,-26.935],[-53.707,-26.933],[-53.695,-26.937],[-53.686,-26.943],[-53.674,-26.946],[-53.672,-26.943],[-53.664,-26.946],[-53.658,-26.946],[-53.651,-26.95],[-53.646,-26.95],[-53.636,-26.953],[-53.632,-26.951],[-53.583,-26.953]]]}},{"type":"Feature","properties":{"c":"4218806"},"geometry":{"type":"Polygon","coordinates":[[[-49.868,-28.88],[-49.792,-28.854],[-49.749,-28.831],[-49.745,-28.826],[-49.746,-28.817],[-49.733,-28.804],[-49.727,-28.808],[-49.723,-28.807],[-49.703,-28.844],[-49.697,-28.844],[-49.692,-28.849],[-49.693,-28.852],[-49.687,-28.853],[-49.684,-28.857],[-49.686,-28.859],[-49.68,-28.863],[-49.677,-28.868],[-49.68,-28.87],[-49.676,-28.87],[-49.676,-28.874],[-49.67,-28.875],[-49.665,-28.879],[-49.666,-28.881],[-49.661,-28.882],[-49.659,-28.886],[-49.657,-28.884],[-49.654,-28.888],[-49.648,-28.888],[-49.644,-28.889],[-49.641,-28.887],[-49.642,-28.895],[-49.64,-28.9],[-49.626,-28.901],[-49.624,-28.904],[-49.621,-28.903],[-49.619,-28.907],[-49.612,-28.905],[-49.61,-28.908],[-49.61,-28.903],[-49.608,-28.902],[-49.606,-28.908],[-49.602,-28.906],[-49.603,-28.904],[-49.595,-28.906],[-49.585,-28.905],[-49.574,-28.909],[-49.569,-28.905],[-49.564,-28.906],[-49.554,-28.9],[-49.546,-28.903],[-49.544,-28.907],[-49.542,-28.906],[-49.538,-28.913],[-49.539,-28.917],[-49.534,-28.917],[-49.546,-28.926],[-49.557,-28.926],[-49.568,-28.923],[-49.573,-28.926],[-49.575,-28.93],[-49.573,-28.931],[-49.569,-28.929],[-49.566,-28.931],[-49.568,-28.934],[-49.574,-28.937],[-49.577,-28.931],[-49.581,-28.931],[-49.582,-28.938],[-49.588,-28.935],[-49.591,-28.938],[-49.603,-28.941],[-49.602,-28.946],[-49.606,-28.952],[-49.61,-28.953],[-49.61,-28.95],[-49.616,-28.953],[-49.62,-28.952],[-49.62,-28.956],[-49.626,-28.955],[-49.634,-28.951],[-49.636,-28.948],[-49.648,-28.959],[-49.64,-28.966],[-49.637,-28.973],[-49.646,-28.975],[-49.649,-28.973],[-49.653,-28.984],[-49.656,-28.984],[-49.661,-28.981],[-49.667,-28.982],[-49.675,-28.978],[-49.679,-28.974],[-49.688,-28.97],[-49.695,-28.966],[-49.697,-28.966],[-49.702,-28.97],[-49.706,-28.967],[-49.717,-28.968],[-49.719,-28.963],[-49.728,-28.963],[-49.729,-28.961],[-49.733,-28.963],[-49.74,-28.957],[-49.744,-28.957],[-49.746,-28.952],[-49.758,-28.948],[-49.765,-28.947],[-49.769,-28.944],[-49.765,-28.942],[-49.771,-28.939],[-49.768,-28.932],[-49.769,-28.926],[-49.763,-28.926],[-49.761,-28.924],[-49.764,-28.921],[-49.762,-28.917],[-49.765,-28.915],[-49.769,-28.915],[-49.778,-28.908],[-49.778,-28.906],[-49.783,-28.904],[-49.788,-28.905],[-49.792,-28.901],[-49.795,-28.901],[-49.798,-28.898],[-49.808,-28.895],[-49.807,-28.889],[-49.812,-28.886],[-49.817,-28.887],[-49.82,-28.89],[-49.831,-28.89],[-49.833,-28.887],[-49.842,-28.881],[-49.847,-28.881],[-49.85,-28.883],[-49.859,-28.88],[-49.868,-28.88]]]}},{"type":"Feature","properties":{"c":"4218855"},"geometry":{"type":"Polygon","coordinates":[[[-52.817,-26.734],[-52.814,-26.738],[-52.814,-26.741],[-52.81,-26.747],[-52.803,-26.75],[-52.803,-26.756],[-52.801,-26.76],[-52.804,-26.764],[-52.801,-26.767],[-52.802,-26.776],[-52.799,-26.779],[-52.795,-26.786],[-52.792,-26.789],[-52.793,-26.795],[-52.795,-26.796],[-52.803,-26.795],[-52.805,-26.797],[-52.804,-26.804],[-52.807,-26.808],[-52.806,-26.812],[-52.802,-26.818],[-52.806,-26.828],[-52.805,-26.831],[-52.834,-26.836],[-52.835,-26.831],[-52.839,-26.829],[-52.843,-26.824],[-52.847,-26.824],[-52.852,-26.816],[-52.852,-26.812],[-52.856,-26.808],[-52.862,-26.808],[-52.865,-26.803],[-52.872,-26.798],[-52.876,-26.797],[-52.881,-26.8],[-52.884,-26.806],[-52.892,-26.807],[-52.892,-26.812],[-52.894,-26.814],[-52.895,-26.823],[-52.902,-26.827],[-52.905,-26.827],[-52.907,-26.83],[-52.908,-26.835],[-52.914,-26.836],[-52.92,-26.842],[-52.919,-26.846],[-52.922,-26.845],[-52.922,-26.839],[-52.927,-26.837],[-52.93,-26.835],[-52.929,-26.832],[-52.924,-26.827],[-52.914,-26.825],[-52.906,-26.818],[-52.904,-26.812],[-52.906,-26.811],[-52.91,-26.813],[-52.913,-26.82],[-52.917,-26.82],[-52.919,-26.81],[-52.917,-26.805],[-52.918,-26.802],[-52.926,-26.801],[-52.932,-26.803],[-52.935,-26.802],[-52.942,-26.798],[-52.944,-26.795],[-52.941,-26.793],[-52.935,-26.795],[-52.93,-26.798],[-52.928,-26.797],[-52.926,-26.789],[-52.928,-26.785],[-52.942,-26.78],[-52.941,-26.776],[-52.932,-26.777],[-52.926,-26.779],[-52.918,-26.783],[-52.916,-26.783],[-52.912,-26.783],[-52.911,-26.78],[-52.904,-26.778],[-52.902,-26.773],[-52.898,-26.77],[-52.892,-26.764],[-52.887,-26.76],[-52.884,-26.755],[-52.879,-26.754],[-52.876,-26.747],[-52.875,-26.741],[-52.869,-26.739],[-52.859,-26.747],[-52.856,-26.745],[-52.851,-26.744],[-52.845,-26.74],[-52.843,-26.743],[-52.834,-26.743],[-52.82,-26.739],[-52.817,-26.734]]]}},{"type":"Feature","properties":{"c":"4218905"},"geometry":{"type":"Polygon","coordinates":[[[-49.44,-28.133],[-49.447,-28.136],[-49.451,-28.135],[-49.453,-28.139],[-49.457,-28.138],[-49.461,-28.139],[-49.461,-28.136],[-49.475,-28.135],[-49.477,-28.132],[-49.471,-28.127],[-49.475,-28.126],[-49.477,-28.124],[-49.478,-28.12],[-49.482,-28.119],[-49.486,-28.122],[-49.494,-28.12],[-49.494,-28.125],[-49.498,-28.124],[-49.502,-28.126],[-49.51,-28.128],[-49.518,-28.124],[-49.526,-28.127],[-49.532,-28.124],[-49.537,-28.125],[-49.544,-28.126],[-49.548,-28.122],[-49.549,-28.118],[-49.558,-28.116],[-49.562,-28.116],[-49.565,-28.125],[-49.568,-28.129],[-49.576,-28.131],[-49.577,-28.134],[-49.573,-28.136],[-49.576,-28.141],[-49.576,-28.148],[-49.579,-28.15],[-49.583,-28.149],[-49.59,-28.153],[-49.589,-28.156],[-49.598,-28.16],[-49.605,-28.16],[-49.61,-28.164],[-49.614,-28.16],[-49.62,-28.161],[-49.625,-28.159],[-49.631,-28.16],[-49.634,-28.159],[-49.637,-28.163],[-49.643,-28.164],[-49.644,-28.17],[-49.648,-28.175],[-49.652,-28.177],[-49.657,-28.177],[-49.658,-28.182],[-49.66,-28.186],[-49.666,-28.184],[-49.67,-28.185],[-49.668,-28.189],[-49.669,-28.201],[-49.666,-28.203],[-49.668,-28.211],[-49.666,-28.214],[-49.67,-28.219],[-49.672,-28.227],[-49.672,-28.231],[-49.672,-28.229],[-49.679,-28.223],[-49.682,-28.22],[-49.685,-28.212],[-49.698,-28.21],[-49.701,-28.207],[-49.702,-28.2],[-49.706,-28.2],[-49.709,-28.195],[-49.717,-28.192],[-49.722,-28.186],[-49.722,-28.182],[-49.727,-28.185],[-49.73,-28.181],[-49.734,-28.182],[-49.739,-28.177],[-49.743,-28.175],[-49.743,-28.172],[-49.745,-28.171],[-49.747,-28.166],[-49.751,-28.166],[-49.755,-28.162],[-49.76,-28.153],[-49.767,-28.151],[-49.777,-28.145],[-49.777,-28.142],[-49.782,-28.139],[-49.782,-28.135],[-49.785,-28.132],[-49.785,-28.128],[-49.789,-28.13],[-49.795,-28.126],[-49.795,-28.121],[-49.793,-28.117],[-49.793,-28.111],[-49.798,-28.109],[-49.802,-28.111],[-49.803,-28.118],[-49.808,-28.117],[-49.816,-28.118],[-49.819,-28.115],[-49.829,-28.119],[-49.83,-28.116],[-49.825,-28.113],[-49.825,-28.11],[-49.833,-28.11],[-49.837,-28.111],[-49.845,-28.109],[-49.849,-28.11],[-49.853,-28.11],[-49.85,-28.102],[-49.847,-28.097],[-49.843,-28.098],[-49.84,-28.088],[-49.838,-28.085],[-49.833,-28.087],[-49.827,-28.08],[-49.823,-28.079],[-49.818,-28.066],[-49.813,-28.064],[-49.814,-28.059],[-49.81,-28.055],[-49.808,-28.055],[-49.802,-28.05],[-49.797,-28.05],[-49.796,-28.047],[-49.79,-28.047],[-49.789,-28.041],[-49.784,-28.034],[-49.777,-28.033],[-49.771,-28.024],[-49.763,-28.027],[-49.76,-28.031],[-49.753,-28.033],[-49.745,-28.032],[-49.742,-28.028],[-49.739,-28.027],[-49.734,-28.03],[-49.727,-28.025],[-49.724,-28.025],[-49.719,-28.029],[-49.716,-28.029],[-49.715,-28.023],[-49.716,-28.014],[-49.71,-28.007],[-49.712,-27.998],[-49.711,-27.996],[-49.714,-27.989],[-49.712,-27.98],[-49.715,-27.975],[-49.715,-27.967],[-49.714,-27.963],[-49.714,-27.956],[-49.713,-27.954],[-49.716,-27.951],[-49.715,-27.942],[-49.713,-27.942],[-49.708,-27.937],[-49.709,-27.93],[-49.705,-27.924],[-49.703,-27.918],[-49.7,-27.917],[-49.692,-27.918],[-49.686,-27.917],[-49.675,-27.912],[-49.667,-27.91],[-49.658,-27.909],[-49.652,-27.906],[-49.645,-27.908],[-49.639,-27.906],[-49.636,-27.908],[-49.628,-27.905],[-49.623,-27.908],[-49.613,-27.902],[-49.607,-27.901],[-49.604,-27.904],[-49.599,-27.903],[-49.594,-27.905],[-49.591,-27.9],[-49.584,-27.9],[-49.579,-27.899],[-49.577,-27.902],[-49.566,-27.908],[-49.558,-27.911],[-49.55,-27.912],[-49.548,-27.91],[-49.542,-27.912],[-49.541,-27.913],[-49.534,-27.912],[-49.524,-27.913],[-49.514,-27.918],[-49.513,-27.92],[-49.508,-27.922],[-49.499,-27.93],[-49.492,-27.932],[-49.477,-27.931],[-49.475,-27.929],[-49.467,-27.927],[-49.461,-27.93],[-49.46,-27.932],[-49.457,-27.931],[-49.451,-27.932],[-49.446,-27.934],[-49.44,-27.941],[-49.437,-27.942],[-49.434,-27.937],[-49.426,-27.935],[-49.421,-27.942],[-49.423,-27.946],[-49.417,-27.953],[-49.414,-27.953],[-49.406,-27.951],[-49.399,-27.947],[-49.392,-27.946],[-49.389,-27.947],[-49.381,-27.943],[-49.377,-27.934],[-49.368,-27.935],[-49.365,-27.927],[-49.358,-27.924],[-49.351,-27.925],[-49.349,-27.927],[-49.342,-27.925],[-49.338,-27.925],[-49.333,-27.923],[-49.329,-27.924],[-49.323,-27.919],[-49.326,-27.913],[-49.32,-27.909],[-49.316,-27.903],[-49.309,-27.902],[-49.304,-27.9],[-49.299,-27.902],[-49.301,-27.911],[-49.304,-27.913],[-49.307,-27.92],[-49.306,-27.922],[-49.307,-27.93],[-49.31,-27.933],[-49.308,-27.941],[-49.308,-27.947],[-49.311,-27.952],[-49.312,-27.959],[-49.309,-27.962],[-49.308,-27.97],[-49.311,-27.972],[-49.317,-27.983],[-49.322,-27.984],[-49.327,-27.983],[-49.334,-27.986],[-49.339,-27.987],[-49.342,-27.993],[-49.349,-27.996],[-49.35,-28.0],[-49.347,-28.005],[-49.351,-28.011],[-49.355,-28.014],[-49.355,-28.019],[-49.357,-28.021],[-49.354,-28.026],[-49.355,-28.029],[-49.363,-28.037],[-49.364,-28.042],[-49.371,-28.046],[-49.369,-28.049],[-49.366,-28.052],[-49.369,-28.057],[-49.368,-28.062],[-49.372,-28.066],[-49.378,-28.066],[-49.383,-28.068],[-49.384,-28.071],[-49.389,-28.072],[-49.389,-28.068],[-49.394,-28.071],[-49.394,-28.074],[-49.397,-28.074],[-49.397,-28.081],[-49.404,-28.08],[-49.402,-28.085],[-49.403,-28.089],[-49.399,-28.088],[-49.4,-28.099],[-49.392,-28.099],[-49.389,-28.101],[-49.389,-28.103],[-49.395,-28.107],[-49.393,-28.11],[-49.405,-28.113],[-49.412,-28.116],[-49.414,-28.114],[-49.42,-28.116],[-49.43,-28.117],[-49.432,-28.114],[-49.437,-28.12],[-49.442,-28.128],[-49.44,-28.133]]]}},{"type":"Feature","properties":{"c":"4218954"},"geometry":{"type":"Polygon","coordinates":[[[-50.055,-28.094],[-50.049,-28.094],[-50.046,-28.09],[-50.043,-28.089],[-50.046,-28.085],[-50.052,-28.082],[-50.053,-28.078],[-50.049,-28.078],[-50.044,-28.076],[-50.04,-28.067],[-50.036,-28.066],[-50.034,-28.069],[-50.031,-28.066],[-50.025,-28.067],[-50.023,-28.072],[-50.019,-28.07],[-50.017,-28.071],[-50.015,-28.068],[-50.019,-28.065],[-50.017,-28.061],[-50.011,-28.062],[-50.01,-28.057],[-50.014,-28.05],[-50.018,-28.046],[-50.014,-28.043],[-50.012,-28.044],[-50.007,-28.044],[-50.008,-28.039],[-50.013,-28.037],[-50.012,-28.034],[-50.006,-28.031],[-49.997,-28.031],[-49.994,-28.027],[-49.999,-28.026],[-50.0,-28.019],[-50.003,-28.018],[-50.001,-28.015],[-50.0,-28.006],[-50.001,-28.003],[-49.998,-28.002],[-49.993,-28.005],[-49.986,-28.005],[-49.984,-28.0],[-49.981,-27.997],[-49.973,-27.996],[-49.967,-27.996],[-49.968,-27.993],[-49.964,-27.99],[-49.969,-27.984],[-49.969,-27.978],[-49.966,-27.974],[-49.963,-27.974],[-49.961,-27.97],[-49.963,-27.967],[-49.967,-27.965],[-49.963,-27.961],[-49.966,-27.956],[-49.962,-27.954],[-49.949,-27.952],[-49.943,-27.95],[-49.941,-27.943],[-49.934,-27.936],[-49.919,-27.93],[-49.913,-27.93],[-49.866,-27.911],[-49.859,-27.914],[-49.855,-27.918],[-49.855,-27.924],[-49.848,-27.934],[-49.84,-27.937],[-49.846,-27.943],[-49.851,-27.946],[-49.855,-27.95],[-49.846,-27.954],[-49.847,-27.957],[-49.842,-27.961],[-49.834,-27.964],[-49.832,-27.967],[-49.823,-27.971],[-49.82,-27.971],[-49.815,-27.964],[-49.812,-27.963],[-49.806,-27.966],[-49.804,-27.971],[-49.805,-27.976],[-49.801,-27.98],[-49.794,-27.982],[-49.792,-27.987],[-49.794,-27.993],[-49.785,-27.998],[-49.783,-28.001],[-49.779,-27.998],[-49.774,-27.998],[-49.773,-28.001],[-49.767,-28.005],[-49.765,-28.013],[-49.763,-28.014],[-49.76,-28.021],[-49.754,-28.022],[-49.752,-28.026],[-49.745,-28.032],[-49.753,-28.033],[-49.76,-28.031],[-49.763,-28.027],[-49.771,-28.024],[-49.777,-28.033],[-49.784,-28.034],[-49.789,-28.041],[-49.79,-28.047],[-49.796,-28.047],[-49.797,-28.05],[-49.802,-28.05],[-49.808,-28.055],[-49.81,-28.055],[-49.814,-28.059],[-49.813,-28.064],[-49.818,-28.066],[-49.823,-28.079],[-49.827,-28.08],[-49.833,-28.087],[-49.838,-28.085],[-49.84,-28.088],[-49.843,-28.098],[-49.847,-28.097],[-49.85,-28.102],[-49.853,-28.101],[-49.856,-28.103],[-49.864,-28.102],[-49.867,-28.097],[-49.87,-28.097],[-49.878,-28.103],[-49.874,-28.109],[-49.875,-28.112],[-49.879,-28.112],[-49.883,-28.109],[-49.882,-28.106],[-49.885,-28.098],[-49.892,-28.096],[-49.895,-28.093],[-49.9,-28.093],[-49.904,-28.096],[-49.904,-28.104],[-49.909,-28.103],[-49.905,-28.106],[-49.904,-28.11],[-49.907,-28.112],[-49.914,-28.109],[-49.918,-28.107],[-49.919,-28.1],[-49.928,-28.097],[-49.93,-28.103],[-49.936,-28.1],[-49.941,-28.098],[-49.942,-28.102],[-49.94,-28.106],[-49.941,-28.111],[-49.948,-28.108],[-49.952,-28.103],[-49.954,-28.097],[-49.958,-28.096],[-49.964,-28.099],[-49.968,-28.098],[-49.97,-28.104],[-49.975,-28.109],[-49.979,-28.104],[-49.976,-28.1],[-49.979,-28.095],[-49.984,-28.094],[-49.987,-28.098],[-49.986,-28.101],[-49.988,-28.104],[-49.999,-28.098],[-50.004,-28.1],[-50.007,-28.104],[-50.011,-28.103],[-50.011,-28.098],[-50.003,-28.095],[-50.001,-28.09],[-50.003,-28.088],[-50.011,-28.088],[-50.018,-28.091],[-50.021,-28.096],[-50.023,-28.103],[-50.027,-28.101],[-50.03,-28.098],[-50.034,-28.099],[-50.033,-28.103],[-50.037,-28.102],[-50.039,-28.099],[-50.049,-28.098],[-50.053,-28.096],[-50.055,-28.094]]]}},{"type":"Feature","properties":{"c":"4219002"},"geometry":{"type":"Polygon","coordinates":[[[-49.386,-28.58],[-49.39,-28.571],[-49.388,-28.569],[-49.386,-28.564],[-49.389,-28.561],[-49.39,-28.556],[-49.393,-28.555],[-49.402,-28.546],[-49.403,-28.539],[-49.4,-28.53],[-49.402,-28.525],[-49.408,-28.525],[-49.41,-28.541],[-49.422,-28.541],[-49.422,-28.537],[-49.422,-28.509],[-49.426,-28.509],[-49.426,-28.47],[-49.428,-28.47],[-49.428,-28.459],[-49.424,-28.461],[-49.423,-28.459],[-49.412,-28.464],[-49.41,-28.462],[-49.403,-28.461],[-49.398,-28.465],[-49.39,-28.462],[-49.389,-28.46],[-49.381,-28.456],[-49.376,-28.449],[-49.377,-28.445],[-49.372,-28.44],[-49.367,-28.437],[-49.366,-28.433],[-49.368,-28.426],[-49.364,-28.419],[-49.365,-28.417],[-49.364,-28.413],[-49.356,-28.415],[-49.352,-28.418],[-49.345,-28.417],[-49.342,-28.421],[-49.336,-28.418],[-49.333,-28.417],[-49.327,-28.411],[-49.33,-28.409],[-49.328,-28.407],[-49.325,-28.405],[-49.316,-28.406],[-49.316,-28.404],[-49.309,-28.407],[-49.309,-28.404],[-49.305,-28.403],[-49.302,-28.399],[-49.3,-28.403],[-49.297,-28.398],[-49.288,-28.396],[-49.289,-28.401],[-49.292,-28.403],[-49.285,-28.403],[-49.289,-28.408],[-49.287,-28.409],[-49.288,-28.413],[-49.283,-28.413],[-49.279,-28.417],[-49.276,-28.415],[-49.272,-28.417],[-49.266,-28.418],[-49.265,-28.42],[-49.259,-28.421],[-49.259,-28.417],[-49.254,-28.42],[-49.246,-28.42],[-49.245,-28.414],[-49.238,-28.413],[-49.24,-28.418],[-49.236,-28.419],[-49.232,-28.416],[-49.229,-28.418],[-49.224,-28.418],[-49.222,-28.423],[-49.214,-28.422],[-49.213,-28.423],[-49.217,-28.427],[-49.221,-28.427],[-49.221,-28.433],[-49.226,-28.434],[-49.228,-28.437],[-49.227,-28.44],[-49.235,-28.448],[-49.237,-28.458],[-49.244,-28.455],[-49.245,-28.459],[-49.255,-28.462],[-49.259,-28.466],[-49.257,-28.474],[-49.265,-28.478],[-49.268,-28.478],[-49.271,-28.482],[-49.279,-28.484],[-49.281,-28.492],[-49.288,-28.498],[-49.29,-28.504],[-49.288,-28.507],[-49.286,-28.514],[-49.282,-28.515],[-49.278,-28.52],[-49.27,-28.528],[-49.266,-28.533],[-49.264,-28.531],[-49.261,-28.535],[-49.257,-28.533],[-49.251,-28.536],[-49.254,-28.541],[-49.252,-28.544],[-49.256,-28.549],[-49.257,-28.553],[-49.251,-28.558],[-49.25,-28.567],[-49.259,-28.573],[-49.261,-28.578],[-49.256,-28.584],[-49.254,-28.584],[-49.253,-28.589],[-49.254,-28.586],[-49.259,-28.584],[-49.267,-28.587],[-49.276,-28.587],[-49.278,-28.582],[-49.284,-28.581],[-49.291,-28.578],[-49.293,-28.579],[-49.3,-28.575],[-49.304,-28.575],[-49.308,-28.57],[-49.314,-28.564],[-49.316,-28.566],[-49.322,-28.566],[-49.335,-28.568],[-49.337,-28.567],[-49.345,-28.565],[-49.35,-28.562],[-49.359,-28.567],[-49.364,-28.571],[-49.365,-28.575],[-49.369,-28.576],[-49.377,-28.576],[-49.383,-28.578],[-49.386,-28.58]]]}},{"type":"Feature","properties":{"c":"4219101"},"geometry":{"type":"Polygon","coordinates":[[[-52.123,-26.725],[-52.126,-26.724],[-52.128,-26.726],[-52.133,-26.718],[-52.134,-26.713],[-52.131,-26.705],[-52.135,-26.702],[-52.138,-26.695],[-52.142,-26.694],[-52.145,-26.687],[-52.144,-26.684],[-52.149,-26.677],[-52.148,-26.672],[-52.146,-26.671],[-52.138,-26.674],[-52.133,-26.679],[-52.134,-26.684],[-52.132,-26.686],[-52.125,-26.685],[-52.121,-26.681],[-52.116,-26.682],[-52.117,-26.688],[-52.111,-26.689],[-52.109,-26.687],[-52.109,-26.679],[-52.107,-26.679],[-52.102,-26.681],[-52.099,-26.68],[-52.101,-26.674],[-52.097,-26.674],[-52.094,-26.671],[-52.09,-26.669],[-52.087,-26.67],[-52.088,-26.673],[-52.096,-26.676],[-52.097,-26.678],[-52.093,-26.679],[-52.087,-26.676],[-52.088,-26.681],[-52.086,-26.687],[-52.081,-26.684],[-52.072,-26.677],[-52.067,-26.678],[-52.071,-26.685],[-52.059,-26.686],[-52.053,-26.684],[-52.05,-26.687],[-52.057,-26.69],[-52.058,-26.692],[-52.048,-26.695],[-52.049,-26.702],[-52.052,-26.709],[-52.056,-26.714],[-52.06,-26.717],[-52.06,-26.728],[-52.051,-26.735],[-52.05,-26.74],[-52.051,-26.744],[-52.049,-26.751],[-52.043,-26.754],[-52.045,-26.759],[-52.044,-26.763],[-52.046,-26.765],[-52.043,-26.767],[-52.038,-26.771],[-52.039,-26.775],[-52.048,-26.776],[-52.052,-26.773],[-52.054,-26.776],[-52.061,-26.775],[-52.069,-26.779],[-52.073,-26.779],[-52.074,-26.782],[-52.077,-26.782],[-52.087,-26.777],[-52.095,-26.781],[-52.103,-26.777],[-52.106,-26.781],[-52.109,-26.79],[-52.119,-26.788],[-52.127,-26.79],[-52.134,-26.791],[-52.139,-26.796],[-52.141,-26.796],[-52.147,-26.804],[-52.143,-26.806],[-52.14,-26.805],[-52.139,-26.813],[-52.14,-26.819],[-52.14,-26.825],[-52.142,-26.832],[-52.14,-26.832],[-52.142,-26.836],[-52.139,-26.84],[-52.136,-26.84],[-52.136,-26.846],[-52.136,-26.853],[-52.132,-26.853],[-52.119,-26.859],[-52.115,-26.859],[-52.132,-26.869],[-52.166,-26.888],[-52.162,-26.888],[-52.154,-26.893],[-52.143,-26.897],[-52.141,-26.904],[-52.139,-26.905],[-52.144,-26.91],[-52.141,-26.916],[-52.145,-26.928],[-52.149,-26.929],[-52.151,-26.926],[-52.155,-26.926],[-52.155,-26.923],[-52.16,-26.918],[-52.161,-26.911],[-52.163,-26.894],[-52.168,-26.892],[-52.181,-26.881],[-52.193,-26.875],[-52.199,-26.87],[-52.204,-26.867],[-52.198,-26.857],[-52.195,-26.846],[-52.197,-26.842],[-52.195,-26.834],[-52.186,-26.826],[-52.189,-26.825],[-52.19,-26.821],[-52.188,-26.818],[-52.19,-26.809],[-52.192,-26.806],[-52.198,-26.796],[-52.177,-26.793],[-52.18,-26.79],[-52.168,-26.778],[-52.167,-26.78],[-52.155,-26.781],[-52.152,-26.775],[-52.148,-26.772],[-52.148,-26.766],[-52.144,-26.757],[-52.138,-26.75],[-52.136,-26.749],[-52.134,-26.739],[-52.132,-26.736],[-52.129,-26.736],[-52.126,-26.728],[-52.123,-26.725]]]}},{"type":"Feature","properties":{"c":"4219150"},"geometry":{"type":"Polygon","coordinates":[[[-51.073,-27.511],[-51.063,-27.505],[-51.054,-27.497],[-51.048,-27.494],[-51.058,-27.47],[-51.056,-27.469],[-51.057,-27.46],[-51.062,-27.456],[-51.066,-27.455],[-51.065,-27.44],[-51.07,-27.443],[-51.08,-27.439],[-51.087,-27.44],[-51.093,-27.435],[-51.097,-27.434],[-51.103,-27.423],[-51.098,-27.423],[-51.095,-27.418],[-51.09,-27.416],[-51.086,-27.418],[-51.079,-27.418],[-51.081,-27.415],[-51.074,-27.412],[-51.07,-27.409],[-51.069,-27.405],[-51.063,-27.403],[-51.052,-27.401],[-51.048,-27.395],[-51.049,-27.392],[-51.044,-27.391],[-51.043,-27.394],[-51.036,-27.391],[-51.032,-27.392],[-51.028,-27.389],[-51.021,-27.393],[-51.017,-27.396],[-51.013,-27.394],[-51.008,-27.396],[-51.003,-27.394],[-50.999,-27.396],[-50.992,-27.401],[-50.992,-27.403],[-50.98,-27.398],[-50.978,-27.396],[-50.977,-27.387],[-50.973,-27.381],[-50.967,-27.382],[-50.96,-27.379],[-50.961,-27.384],[-50.957,-27.386],[-50.955,-27.384],[-50.95,-27.385],[-50.945,-27.39],[-50.941,-27.39],[-50.938,-27.386],[-50.933,-27.383],[-50.931,-27.38],[-50.925,-27.382],[-50.917,-27.382],[-50.914,-27.383],[-50.909,-27.379],[-50.91,-27.377],[-50.906,-27.378],[-50.903,-27.385],[-50.907,-27.388],[-50.907,-27.392],[-50.911,-27.392],[-50.908,-27.397],[-50.897,-27.4],[-50.898,-27.404],[-50.895,-27.406],[-50.899,-27.41],[-50.901,-27.41],[-50.901,-27.415],[-50.898,-27.414],[-50.892,-27.418],[-50.889,-27.423],[-50.892,-27.425],[-50.892,-27.429],[-50.888,-27.429],[-50.883,-27.423],[-50.876,-27.432],[-50.873,-27.434],[-50.864,-27.434],[-50.858,-27.429],[-50.857,-27.431],[-50.852,-27.428],[-50.85,-27.429],[-50.851,-27.435],[-50.849,-27.437],[-50.847,-27.442],[-50.842,-27.446],[-50.836,-27.441],[-50.84,-27.437],[-50.842,-27.432],[-50.839,-27.43],[-50.835,-27.429],[-50.835,-27.432],[-50.832,-27.435],[-50.821,-27.435],[-50.82,-27.439],[-50.824,-27.446],[-50.823,-27.452],[-50.825,-27.453],[-50.832,-27.463],[-50.834,-27.469],[-50.834,-27.475],[-50.831,-27.478],[-50.821,-27.481],[-50.808,-27.482],[-50.804,-27.485],[-50.801,-27.488],[-50.802,-27.495],[-50.812,-27.5],[-50.825,-27.503],[-50.828,-27.506],[-50.832,-27.515],[-50.835,-27.516],[-50.84,-27.512],[-50.847,-27.509],[-50.852,-27.511],[-50.852,-27.517],[-50.856,-27.522],[-50.864,-27.528],[-50.866,-27.532],[-50.862,-27.537],[-50.86,-27.542],[-50.861,-27.544],[-50.873,-27.546],[-50.882,-27.536],[-50.887,-27.537],[-50.888,-27.542],[-50.887,-27.547],[-50.895,-27.56],[-50.899,-27.561],[-50.904,-27.552],[-50.902,-27.543],[-50.902,-27.539],[-50.906,-27.533],[-50.911,-27.534],[-50.915,-27.539],[-50.912,-27.555],[-50.913,-27.559],[-50.919,-27.561],[-50.93,-27.558],[-50.938,-27.553],[-50.951,-27.551],[-50.959,-27.553],[-50.96,-27.555],[-50.964,-27.55],[-50.969,-27.549],[-50.964,-27.54],[-50.97,-27.534],[-50.973,-27.536],[-50.986,-27.531],[-50.99,-27.534],[-50.997,-27.533],[-51.0,-27.531],[-51.008,-27.531],[-51.011,-27.532],[-51.018,-27.531],[-51.022,-27.525],[-51.026,-27.525],[-51.028,-27.522],[-51.031,-27.515],[-51.034,-27.514],[-51.042,-27.504],[-51.044,-27.506],[-51.051,-27.508],[-51.059,-27.511],[-51.062,-27.509],[-51.068,-27.511],[-51.071,-27.513],[-51.073,-27.511]]]}},{"type":"Feature","properties":{"c":"4219176"},"geometry":{"type":"Polygon","coordinates":[[[-51.826,-26.923],[-51.824,-26.916],[-51.824,-26.912],[-51.827,-26.91],[-51.826,-26.906],[-51.821,-26.905],[-51.82,-26.903],[-51.819,-26.891],[-51.821,-26.882],[-51.817,-26.881],[-51.817,-26.878],[-51.819,-26.874],[-51.815,-26.869],[-51.818,-26.861],[-51.818,-26.852],[-51.823,-26.852],[-51.824,-26.85],[-51.82,-26.85],[-51.816,-26.845],[-51.811,-26.846],[-51.815,-26.854],[-51.814,-26.855],[-51.808,-26.851],[-51.806,-26.853],[-51.811,-26.856],[-51.807,-26.858],[-51.807,-26.863],[-51.802,-26.865],[-51.803,-26.858],[-51.794,-26.86],[-51.796,-26.853],[-51.788,-26.85],[-51.783,-26.852],[-51.78,-26.856],[-51.771,-26.853],[-51.77,-26.84],[-51.767,-26.84],[-51.765,-26.845],[-51.76,-26.84],[-51.757,-26.839],[-51.753,-26.841],[-51.757,-26.845],[-51.754,-26.844],[-51.749,-26.847],[-51.749,-26.841],[-51.745,-26.844],[-51.743,-26.848],[-51.738,-26.846],[-51.739,-26.851],[-51.735,-26.852],[-51.735,-26.849],[-51.73,-26.852],[-51.727,-26.852],[-51.729,-26.846],[-51.725,-26.847],[-51.722,-26.849],[-51.725,-26.853],[-51.718,-26.854],[-51.717,-26.852],[-51.707,-26.852],[-51.705,-26.857],[-51.702,-26.857],[-51.698,-26.852],[-51.694,-26.852],[-51.691,-26.857],[-51.694,-26.869],[-51.695,-26.877],[-51.69,-26.883],[-51.691,-26.89],[-51.673,-26.885],[-51.676,-26.889],[-51.675,-26.894],[-51.676,-26.898],[-51.674,-26.901],[-51.673,-26.905],[-51.671,-26.906],[-51.672,-26.912],[-51.676,-26.913],[-51.686,-26.914],[-51.689,-26.923],[-51.69,-26.929],[-51.691,-26.931],[-51.686,-26.93],[-51.681,-26.932],[-51.676,-26.931],[-51.674,-26.933],[-51.667,-26.931],[-51.666,-26.927],[-51.661,-26.931],[-51.66,-26.93],[-51.648,-26.934],[-51.64,-26.933],[-51.625,-26.936],[-51.618,-26.938],[-51.632,-26.941],[-51.633,-26.943],[-51.64,-26.946],[-51.652,-26.946],[-51.652,-26.948],[-51.663,-26.954],[-51.668,-26.959],[-51.673,-26.955],[-51.681,-26.958],[-51.686,-26.965],[-51.687,-26.969],[-51.69,-26.971],[-51.697,-26.986],[-51.695,-26.991],[-51.688,-26.997],[-51.684,-26.998],[-51.685,-27.002],[-51.683,-27.006],[-51.684,-27.008],[-51.691,-27.007],[-51.701,-27.005],[-51.721,-27.026],[-51.725,-27.027],[-51.726,-27.03],[-51.73,-27.032],[-51.73,-27.036],[-51.733,-27.04],[-51.745,-27.041],[-51.749,-27.046],[-51.754,-27.046],[-51.759,-27.041],[-51.764,-27.043],[-51.759,-27.046],[-51.758,-27.051],[-51.762,-27.05],[-51.787,-27.051],[-51.79,-27.05],[-51.793,-27.051],[-51.792,-27.046],[-51.794,-27.044],[-51.799,-27.043],[-51.802,-27.04],[-51.81,-27.036],[-51.805,-27.034],[-51.813,-27.031],[-51.813,-27.025],[-51.821,-27.019],[-51.821,-27.015],[-51.825,-27.016],[-51.831,-27.01],[-51.837,-27.003],[-51.839,-27.002],[-51.849,-26.991],[-51.857,-26.988],[-51.862,-26.984],[-51.863,-26.981],[-51.86,-26.976],[-51.856,-26.971],[-51.85,-26.967],[-51.844,-26.966],[-51.84,-26.963],[-51.836,-26.957],[-51.832,-26.954],[-51.825,-26.946],[-51.82,-26.937],[-51.823,-26.926],[-51.826,-26.923]]]}},{"type":"Feature","properties":{"c":"4219200"},"geometry":{"type":"Polygon","coordinates":[[[-49.465,-27.446],[-49.466,-27.44],[-49.463,-27.439],[-49.459,-27.433],[-49.46,-27.429],[-49.463,-27.427],[-49.47,-27.426],[-49.469,-27.419],[-49.468,-27.417],[-49.463,-27.408],[-49.466,-27.406],[-49.47,-27.398],[-49.466,-27.396],[-49.468,-27.389],[-49.471,-27.384],[-49.468,-27.381],[-49.472,-27.376],[-49.47,-27.372],[-49.471,-27.367],[-49.466,-27.359],[-49.462,-27.359],[-49.458,-27.357],[-49.456,-27.352],[-49.452,-27.35],[-49.443,-27.351],[-49.438,-27.349],[-49.419,-27.351],[-49.416,-27.354],[-49.413,-27.354],[-49.41,-27.352],[-49.41,-27.348],[-49.405,-27.344],[-49.401,-27.343],[-49.398,-27.337],[-49.399,-27.334],[-49.397,-27.328],[-49.39,-27.325],[-49.386,-27.326],[-49.376,-27.324],[-49.373,-27.325],[-49.368,-27.323],[-49.363,-27.323],[-49.357,-27.319],[-49.351,-27.317],[-49.348,-27.314],[-49.337,-27.315],[-49.335,-27.316],[-49.328,-27.315],[-49.326,-27.32],[-49.321,-27.323],[-49.321,-27.317],[-49.318,-27.317],[-49.317,-27.312],[-49.314,-27.314],[-49.316,-27.309],[-49.319,-27.307],[-49.319,-27.304],[-49.314,-27.296],[-49.314,-27.29],[-49.317,-27.286],[-49.31,-27.282],[-49.312,-27.277],[-49.309,-27.275],[-49.309,-27.272],[-49.304,-27.273],[-49.304,-27.268],[-49.3,-27.268],[-49.302,-27.262],[-49.305,-27.261],[-49.303,-27.256],[-49.289,-27.259],[-49.286,-27.261],[-49.281,-27.255],[-49.276,-27.252],[-49.274,-27.249],[-49.276,-27.247],[-49.27,-27.245],[-49.269,-27.249],[-49.265,-27.248],[-49.257,-27.248],[-49.257,-27.246],[-49.252,-27.244],[-49.253,-27.238],[-49.246,-27.237],[-49.243,-27.235],[-49.239,-27.236],[-49.237,-27.233],[-49.235,-27.235],[-49.234,-27.231],[-49.231,-27.231],[-49.227,-27.232],[-49.222,-27.231],[-49.221,-27.237],[-49.227,-27.241],[-49.232,-27.248],[-49.234,-27.255],[-49.233,-27.261],[-49.238,-27.27],[-49.248,-27.279],[-49.243,-27.286],[-49.244,-27.289],[-49.242,-27.293],[-49.235,-27.296],[-49.228,-27.301],[-49.222,-27.309],[-49.226,-27.315],[-49.224,-27.321],[-49.227,-27.325],[-49.233,-27.328],[-49.24,-27.328],[-49.245,-27.326],[-49.25,-27.327],[-49.259,-27.331],[-49.265,-27.332],[-49.268,-27.33],[-49.273,-27.333],[-49.278,-27.334],[-49.281,-27.344],[-49.28,-27.348],[-49.286,-27.35],[-49.296,-27.358],[-49.296,-27.365],[-49.293,-27.37],[-49.296,-27.376],[-49.299,-27.381],[-49.306,-27.385],[-49.305,-27.387],[-49.311,-27.396],[-49.309,-27.399],[-49.309,-27.407],[-49.305,-27.419],[-49.296,-27.428],[-49.297,-27.435],[-49.294,-27.439],[-49.298,-27.448],[-49.301,-27.45],[-49.3,-27.456],[-49.297,-27.457],[-49.295,-27.465],[-49.297,-27.467],[-49.293,-27.468],[-49.293,-27.474],[-49.297,-27.478],[-49.301,-27.484],[-49.303,-27.494],[-49.307,-27.497],[-49.307,-27.499],[-49.313,-27.507],[-49.315,-27.512],[-49.322,-27.518],[-49.327,-27.525],[-49.325,-27.529],[-49.326,-27.533],[-49.322,-27.537],[-49.324,-27.545],[-49.32,-27.546],[-49.322,-27.553],[-49.328,-27.557],[-49.326,-27.562],[-49.321,-27.563],[-49.318,-27.572],[-49.32,-27.574],[-49.326,-27.574],[-49.327,-27.571],[-49.334,-27.561],[-49.335,-27.558],[-49.339,-27.557],[-49.346,-27.559],[-49.351,-27.559],[-49.355,-27.555],[-49.36,-27.555],[-49.363,-27.551],[-49.363,-27.544],[-49.36,-27.54],[-49.36,-27.531],[-49.363,-27.526],[-49.36,-27.523],[-49.362,-27.521],[-49.36,-27.514],[-49.358,-27.511],[-49.35,-27.507],[-49.354,-27.504],[-49.353,-27.503],[-49.359,-27.502],[-49.356,-27.497],[-49.354,-27.489],[-49.348,-27.487],[-49.346,-27.482],[-49.344,-27.475],[-49.349,-27.479],[-49.348,-27.475],[-49.351,-27.471],[-49.357,-27.473],[-49.357,-27.468],[-49.355,-27.467],[-49.357,-27.459],[-49.353,-27.453],[-49.35,-27.443],[-49.356,-27.449],[-49.358,-27.453],[-49.359,-27.45],[-49.359,-27.443],[-49.363,-27.441],[-49.361,-27.445],[-49.363,-27.449],[-49.368,-27.454],[-49.366,-27.457],[-49.368,-27.46],[-49.365,-27.464],[-49.37,-27.464],[-49.372,-27.46],[-49.375,-27.465],[-49.384,-27.471],[-49.386,-27.47],[-49.382,-27.466],[-49.387,-27.464],[-49.382,-27.461],[-49.382,-27.459],[-49.385,-27.458],[-49.383,-27.455],[-49.382,-27.452],[-49.385,-27.45],[-49.39,-27.456],[-49.396,-27.458],[-49.405,-27.449],[-49.416,-27.454],[-49.421,-27.459],[-49.421,-27.465],[-49.427,-27.472],[-49.427,-27.468],[-49.429,-27.465],[-49.428,-27.459],[-49.431,-27.456],[-49.431,-27.452],[-49.435,-27.451],[-49.436,-27.447],[-49.441,-27.446],[-49.445,-27.443],[-49.452,-27.443],[-49.455,-27.446],[-49.465,-27.446]]]}},{"type":"Feature","properties":{"c":"4219309"},"geometry":{"type":"Polygon","coordinates":[[[-51.157,-27.09],[-51.167,-27.071],[-51.184,-27.033],[-51.195,-27.026],[-51.196,-27.029],[-51.201,-27.021],[-51.196,-27.018],[-51.196,-27.014],[-51.2,-27.011],[-51.202,-27.006],[-51.201,-27.003],[-51.206,-26.998],[-51.206,-26.993],[-51.215,-26.992],[-51.211,-26.987],[-51.21,-26.983],[-51.216,-26.981],[-51.215,-26.979],[-51.21,-26.975],[-51.212,-26.973],[-51.215,-26.971],[-51.215,-26.975],[-51.218,-26.976],[-51.223,-26.972],[-51.22,-26.965],[-51.216,-26.964],[-51.217,-26.961],[-51.221,-26.958],[-51.232,-26.956],[-51.232,-26.962],[-51.242,-26.962],[-51.245,-26.964],[-51.252,-26.961],[-51.253,-26.964],[-51.249,-26.968],[-51.253,-26.971],[-51.264,-26.967],[-51.26,-26.965],[-51.264,-26.96],[-51.261,-26.956],[-51.265,-26.953],[-51.263,-26.947],[-51.259,-26.942],[-51.26,-26.939],[-51.266,-26.936],[-51.264,-26.932],[-51.266,-26.93],[-51.265,-26.926],[-51.27,-26.924],[-51.27,-26.928],[-51.273,-26.929],[-51.277,-26.928],[-51.283,-26.923],[-51.283,-26.921],[-51.28,-26.917],[-51.275,-26.919],[-51.273,-26.917],[-51.268,-26.918],[-51.27,-26.914],[-51.271,-26.909],[-51.275,-26.908],[-51.277,-26.905],[-51.275,-26.9],[-51.28,-26.899],[-51.283,-26.895],[-51.288,-26.895],[-51.285,-26.891],[-51.283,-26.893],[-51.278,-26.892],[-51.275,-26.888],[-51.279,-26.884],[-51.281,-26.888],[-51.286,-26.886],[-51.284,-26.882],[-51.279,-26.879],[-51.282,-26.878],[-51.284,-26.874],[-51.247,-26.885],[-51.245,-26.886],[-51.243,-26.881],[-51.24,-26.879],[-51.241,-26.875],[-51.232,-26.875],[-51.228,-26.873],[-51.226,-26.867],[-51.219,-26.867],[-51.219,-26.86],[-51.217,-26.858],[-51.204,-26.851],[-51.197,-26.849],[-51.192,-26.851],[-51.189,-26.852],[-51.19,-26.857],[-51.186,-26.862],[-51.182,-26.864],[-51.178,-26.868],[-51.177,-26.871],[-51.18,-26.877],[-51.18,-26.881],[-51.183,-26.884],[-51.182,-26.891],[-51.178,-26.896],[-51.182,-26.901],[-51.178,-26.906],[-51.179,-26.912],[-51.179,-26.917],[-51.167,-26.922],[-51.163,-26.928],[-51.167,-26.934],[-51.163,-26.94],[-51.163,-26.942],[-51.16,-26.954],[-51.155,-26.955],[-51.154,-26.958],[-51.149,-26.957],[-51.144,-26.952],[-51.14,-26.953],[-51.135,-26.959],[-51.138,-26.963],[-51.135,-26.964],[-51.126,-26.961],[-51.123,-26.967],[-51.123,-26.977],[-51.121,-26.982],[-51.117,-26.984],[-51.07,-26.981],[-51.062,-26.985],[-51.064,-26.988],[-51.053,-26.988],[-51.049,-26.991],[-51.045,-26.986],[-51.042,-26.992],[-51.036,-26.99],[-51.034,-26.988],[-51.026,-26.992],[-51.027,-26.996],[-51.02,-26.999],[-51.013,-27.006],[-51.015,-27.014],[-51.012,-27.018],[-51.013,-27.02],[-51.007,-27.027],[-51.006,-27.035],[-51.004,-27.037],[-50.999,-27.037],[-50.994,-27.035],[-50.991,-27.04],[-50.984,-27.038],[-50.977,-27.039],[-50.976,-27.037],[-50.971,-27.043],[-50.971,-27.048],[-50.968,-27.051],[-50.97,-27.06],[-50.973,-27.063],[-50.971,-27.069],[-50.972,-27.074],[-50.971,-27.077],[-50.973,-27.08],[-50.973,-27.084],[-50.978,-27.086],[-50.979,-27.09],[-50.984,-27.09],[-50.987,-27.095],[-50.983,-27.098],[-50.987,-27.1],[-50.992,-27.098],[-50.995,-27.102],[-50.994,-27.104],[-50.996,-27.11],[-51.007,-27.11],[-51.013,-27.113],[-51.011,-27.114],[-51.009,-27.12],[-51.013,-27.119],[-51.019,-27.12],[-51.021,-27.127],[-51.024,-27.128],[-51.029,-27.124],[-51.033,-27.118],[-51.039,-27.118],[-51.041,-27.122],[-51.043,-27.121],[-51.045,-27.116],[-51.041,-27.113],[-51.034,-27.111],[-51.033,-27.11],[-51.036,-27.107],[-51.053,-27.106],[-51.05,-27.097],[-51.056,-27.096],[-51.055,-27.101],[-51.057,-27.104],[-51.067,-27.107],[-51.064,-27.109],[-51.066,-27.111],[-51.064,-27.117],[-51.072,-27.116],[-51.071,-27.113],[-51.075,-27.111],[-51.077,-27.114],[-51.077,-27.12],[-51.072,-27.118],[-51.069,-27.12],[-51.069,-27.124],[-51.071,-27.123],[-51.08,-27.123],[-51.082,-27.125],[-51.084,-27.122],[-51.092,-27.115],[-51.097,-27.115],[-51.1,-27.111],[-51.098,-27.109],[-51.094,-27.107],[-51.089,-27.103],[-51.086,-27.097],[-51.095,-27.1],[-51.1,-27.099],[-51.102,-27.102],[-51.108,-27.103],[-51.113,-27.097],[-51.116,-27.097],[-51.12,-27.101],[-51.121,-27.104],[-51.125,-27.103],[-51.127,-27.098],[-51.132,-27.101],[-51.129,-27.104],[-51.13,-27.107],[-51.133,-27.107],[-51.136,-27.109],[-51.13,-27.11],[-51.129,-27.112],[-51.135,-27.115],[-51.141,-27.114],[-51.144,-27.112],[-51.141,-27.108],[-51.142,-27.1],[-51.149,-27.094],[-51.152,-27.093],[-51.154,-27.086],[-51.157,-27.09]]]}},{"type":"Feature","properties":{"c":"4219358"},"geometry":{"type":"Polygon","coordinates":[[[-49.829,-26.706],[-49.828,-26.707],[-49.82,-26.709],[-49.81,-26.712],[-49.806,-26.721],[-49.803,-26.729],[-49.795,-26.738],[-49.792,-26.75],[-49.782,-26.751],[-49.777,-26.756],[-49.774,-26.763],[-49.771,-26.767],[-49.773,-26.772],[-49.771,-26.774],[-49.761,-26.774],[-49.753,-26.777],[-49.75,-26.785],[-49.75,-26.787],[-49.755,-26.792],[-49.751,-26.797],[-49.744,-26.8],[-49.743,-26.806],[-49.736,-26.813],[-49.735,-26.817],[-49.725,-26.824],[-49.718,-26.831],[-49.711,-26.842],[-49.706,-26.846],[-49.708,-26.852],[-49.705,-26.859],[-49.706,-26.869],[-49.707,-26.869],[-49.719,-26.859],[-49.738,-26.875],[-49.741,-26.876],[-49.747,-26.882],[-49.753,-26.884],[-49.759,-26.884],[-49.769,-26.889],[-49.775,-26.89],[-49.78,-26.893],[-49.781,-26.885],[-49.784,-26.885],[-49.789,-26.89],[-49.785,-26.893],[-49.796,-26.89],[-49.802,-26.892],[-49.805,-26.892],[-49.804,-26.896],[-49.808,-26.898],[-49.808,-26.894],[-49.814,-26.891],[-49.818,-26.894],[-49.818,-26.897],[-49.821,-26.897],[-49.822,-26.892],[-49.826,-26.897],[-49.83,-26.899],[-49.833,-26.896],[-49.834,-26.9],[-49.841,-26.899],[-49.841,-26.903],[-49.844,-26.907],[-49.847,-26.905],[-49.852,-26.905],[-49.858,-26.909],[-49.863,-26.91],[-49.865,-26.907],[-49.867,-26.911],[-49.869,-26.91],[-49.869,-26.916],[-49.873,-26.917],[-49.876,-26.915],[-49.878,-26.917],[-49.88,-26.91],[-49.882,-26.911],[-49.885,-26.906],[-49.888,-26.905],[-49.893,-26.912],[-49.923,-26.913],[-49.934,-26.926],[-49.941,-26.928],[-49.951,-26.927],[-49.952,-26.928],[-49.958,-26.921],[-49.957,-26.914],[-49.951,-26.908],[-49.95,-26.904],[-49.956,-26.901],[-49.957,-26.907],[-49.962,-26.901],[-49.957,-26.895],[-49.957,-26.891],[-49.959,-26.886],[-49.964,-26.884],[-49.963,-26.878],[-49.967,-26.876],[-49.969,-26.869],[-49.967,-26.866],[-49.963,-26.865],[-49.96,-26.861],[-49.955,-26.851],[-49.957,-26.845],[-49.953,-26.84],[-49.95,-26.829],[-49.952,-26.821],[-49.949,-26.82],[-49.95,-26.817],[-49.947,-26.816],[-49.95,-26.812],[-49.95,-26.808],[-49.946,-26.807],[-49.943,-26.802],[-49.939,-26.802],[-49.937,-26.8],[-49.938,-26.797],[-49.935,-26.796],[-49.93,-26.798],[-49.931,-26.795],[-49.929,-26.794],[-49.929,-26.79],[-49.922,-26.788],[-49.916,-26.79],[-49.914,-26.784],[-49.907,-26.787],[-49.906,-26.78],[-49.902,-26.774],[-49.901,-26.77],[-49.898,-26.77],[-49.896,-26.766],[-49.896,-26.759],[-49.89,-26.755],[-49.889,-26.747],[-49.891,-26.743],[-49.888,-26.744],[-49.885,-26.74],[-49.882,-26.74],[-49.882,-26.736],[-49.88,-26.733],[-49.877,-26.734],[-49.872,-26.728],[-49.866,-26.725],[-49.86,-26.719],[-49.857,-26.719],[-49.855,-26.715],[-49.847,-26.711],[-49.847,-26.71],[-49.842,-26.71],[-49.836,-26.705],[-49.829,-26.706]]]}},{"type":"Feature","properties":{"c":"4219408"},"geometry":{"type":"Polygon","coordinates":[[[-49.896,-26.997],[-49.897,-26.999],[-49.923,-27.002],[-49.946,-26.995],[-49.946,-26.988],[-49.949,-26.988],[-49.948,-26.985],[-49.954,-26.978],[-49.953,-26.975],[-49.957,-26.971],[-49.957,-26.965],[-49.96,-26.956],[-49.956,-26.953],[-49.956,-26.948],[-49.959,-26.942],[-49.956,-26.935],[-49.956,-26.931],[-49.951,-26.927],[-49.941,-26.928],[-49.934,-26.926],[-49.923,-26.913],[-49.893,-26.912],[-49.888,-26.905],[-49.885,-26.906],[-49.882,-26.911],[-49.88,-26.91],[-49.878,-26.917],[-49.876,-26.915],[-49.873,-26.917],[-49.869,-26.916],[-49.869,-26.91],[-49.867,-26.911],[-49.865,-26.907],[-49.863,-26.91],[-49.858,-26.909],[-49.852,-26.905],[-49.847,-26.905],[-49.844,-26.907],[-49.841,-26.903],[-49.841,-26.899],[-49.834,-26.9],[-49.833,-26.896],[-49.83,-26.899],[-49.826,-26.897],[-49.822,-26.892],[-49.821,-26.897],[-49.818,-26.897],[-49.818,-26.894],[-49.814,-26.891],[-49.808,-26.894],[-49.808,-26.898],[-49.804,-26.896],[-49.805,-26.892],[-49.802,-26.892],[-49.796,-26.89],[-49.785,-26.893],[-49.789,-26.89],[-49.784,-26.885],[-49.781,-26.885],[-49.78,-26.893],[-49.775,-26.89],[-49.769,-26.889],[-49.771,-26.893],[-49.769,-26.897],[-49.759,-26.904],[-49.746,-26.908],[-49.739,-26.913],[-49.725,-26.912],[-49.724,-26.918],[-49.709,-26.918],[-49.71,-26.922],[-49.713,-26.927],[-49.714,-26.941],[-49.72,-26.944],[-49.721,-26.949],[-49.731,-26.961],[-49.738,-26.961],[-49.743,-26.962],[-49.75,-26.959],[-49.754,-26.963],[-49.758,-26.96],[-49.761,-26.962],[-49.762,-26.967],[-49.768,-26.967],[-49.768,-26.965],[-49.774,-26.963],[-49.771,-26.958],[-49.772,-26.954],[-49.784,-26.959],[-49.793,-26.954],[-49.793,-26.95],[-49.789,-26.944],[-49.791,-26.942],[-49.795,-26.945],[-49.801,-26.954],[-49.802,-26.96],[-49.809,-26.956],[-49.811,-26.958],[-49.819,-26.955],[-49.814,-26.944],[-49.824,-26.946],[-49.827,-26.944],[-49.834,-26.948],[-49.838,-26.948],[-49.836,-26.953],[-49.839,-26.96],[-49.847,-26.96],[-49.845,-26.953],[-49.846,-26.949],[-49.849,-26.948],[-49.856,-26.952],[-49.861,-26.949],[-49.859,-26.96],[-49.861,-26.964],[-49.862,-26.974],[-49.865,-26.973],[-49.867,-26.968],[-49.873,-26.951],[-49.876,-26.953],[-49.879,-26.957],[-49.883,-26.954],[-49.886,-26.961],[-49.885,-26.966],[-49.882,-26.967],[-49.885,-26.97],[-49.881,-26.973],[-49.881,-26.986],[-49.886,-26.978],[-49.889,-26.98],[-49.887,-26.973],[-49.889,-26.966],[-49.893,-26.961],[-49.895,-26.963],[-49.898,-26.962],[-49.899,-26.968],[-49.905,-26.962],[-49.908,-26.964],[-49.914,-26.964],[-49.912,-26.969],[-49.914,-26.972],[-49.913,-26.978],[-49.91,-26.98],[-49.911,-26.989],[-49.916,-26.992],[-49.912,-26.996],[-49.898,-26.994],[-49.896,-26.997]]]}},{"type":"Feature","properties":{"c":"4219507"},"geometry":{"type":"Polygon","coordinates":[[[-52.338,-26.945],[-52.339,-26.943],[-52.344,-26.946],[-52.348,-26.946],[-52.354,-26.943],[-52.355,-26.944],[-52.353,-26.949],[-52.351,-26.949],[-52.348,-26.952],[-52.351,-26.959],[-52.346,-26.959],[-52.345,-26.96],[-52.351,-26.966],[-52.352,-26.971],[-52.356,-26.97],[-52.363,-26.972],[-52.364,-26.969],[-52.368,-26.97],[-52.369,-26.968],[-52.377,-26.974],[-52.375,-26.976],[-52.374,-26.983],[-52.378,-26.983],[-52.383,-26.977],[-52.386,-26.982],[-52.394,-26.986],[-52.395,-26.99],[-52.393,-26.992],[-52.393,-26.997],[-52.396,-26.999],[-52.403,-26.99],[-52.406,-26.991],[-52.405,-26.994],[-52.409,-26.998],[-52.417,-27.001],[-52.419,-27.006],[-52.426,-27.012],[-52.429,-27.012],[-52.436,-27.004],[-52.438,-26.997],[-52.441,-26.993],[-52.444,-26.992],[-52.453,-26.995],[-52.452,-26.989],[-52.455,-26.984],[-52.454,-26.98],[-52.456,-26.973],[-52.453,-26.972],[-52.457,-26.969],[-52.461,-26.965],[-52.461,-26.961],[-52.457,-26.958],[-52.459,-26.952],[-52.468,-26.943],[-52.469,-26.94],[-52.471,-26.934],[-52.471,-26.931],[-52.475,-26.929],[-52.475,-26.925],[-52.481,-26.922],[-52.479,-26.917],[-52.48,-26.91],[-52.481,-26.899],[-52.479,-26.894],[-52.476,-26.89],[-52.472,-26.89],[-52.466,-26.892],[-52.47,-26.857],[-52.473,-26.85],[-52.481,-26.845],[-52.489,-26.844],[-52.506,-26.841],[-52.507,-26.838],[-52.513,-26.835],[-52.519,-26.835],[-52.525,-26.83],[-52.529,-26.83],[-52.53,-26.827],[-52.529,-26.823],[-52.53,-26.814],[-52.535,-26.809],[-52.528,-26.805],[-52.515,-26.797],[-52.508,-26.796],[-52.506,-26.791],[-52.51,-26.789],[-52.517,-26.788],[-52.521,-26.79],[-52.523,-26.787],[-52.521,-26.775],[-52.517,-26.775],[-52.512,-26.777],[-52.51,-26.782],[-52.505,-26.785],[-52.503,-26.789],[-52.499,-26.789],[-52.499,-26.782],[-52.503,-26.778],[-52.501,-26.774],[-52.495,-26.773],[-52.493,-26.77],[-52.5,-26.755],[-52.498,-26.754],[-52.489,-26.764],[-52.479,-26.76],[-52.472,-26.761],[-52.471,-26.766],[-52.466,-26.766],[-52.468,-26.761],[-52.462,-26.757],[-52.461,-26.751],[-52.458,-26.754],[-52.454,-26.755],[-52.446,-26.75],[-52.442,-26.749],[-52.431,-26.753],[-52.435,-26.761],[-52.43,-26.767],[-52.43,-26.769],[-52.44,-26.771],[-52.434,-26.774],[-52.43,-26.779],[-52.42,-26.781],[-52.422,-26.791],[-52.421,-26.793],[-52.416,-26.795],[-52.409,-26.79],[-52.409,-26.782],[-52.391,-26.784],[-52.37,-26.794],[-52.363,-26.786],[-52.355,-26.785],[-52.352,-26.789],[-52.345,-26.789],[-52.343,-26.793],[-52.34,-26.794],[-52.34,-26.8],[-52.337,-26.802],[-52.337,-26.809],[-52.33,-26.808],[-52.325,-26.812],[-52.329,-26.815],[-52.326,-26.817],[-52.328,-26.82],[-52.325,-26.825],[-52.322,-26.834],[-52.318,-26.835],[-52.314,-26.841],[-52.307,-26.845],[-52.307,-26.849],[-52.312,-26.856],[-52.315,-26.863],[-52.315,-26.867],[-52.295,-26.888],[-52.3,-26.891],[-52.305,-26.897],[-52.308,-26.9],[-52.312,-26.914],[-52.316,-26.92],[-52.314,-26.929],[-52.315,-26.934],[-52.322,-26.944],[-52.333,-26.947],[-52.338,-26.945]]]}},{"type":"Feature","properties":{"c":"4219606"},"geometry":{"type":"Polygon","coordinates":[[[-52.391,-27.09],[-52.4,-27.09],[-52.403,-27.052],[-52.404,-27.034],[-52.413,-27.035],[-52.414,-27.008],[-52.419,-27.006],[-52.417,-27.001],[-52.409,-26.998],[-52.405,-26.994],[-52.406,-26.991],[-52.403,-26.99],[-52.396,-26.999],[-52.393,-26.997],[-52.393,-26.992],[-52.395,-26.99],[-52.394,-26.986],[-52.386,-26.982],[-52.383,-26.977],[-52.378,-26.983],[-52.374,-26.983],[-52.375,-26.976],[-52.377,-26.974],[-52.369,-26.968],[-52.368,-26.97],[-52.364,-26.969],[-52.363,-26.972],[-52.356,-26.97],[-52.352,-26.971],[-52.351,-26.966],[-52.345,-26.96],[-52.346,-26.959],[-52.351,-26.959],[-52.348,-26.952],[-52.351,-26.949],[-52.353,-26.949],[-52.355,-26.944],[-52.354,-26.943],[-52.348,-26.946],[-52.344,-26.946],[-52.339,-26.943],[-52.338,-26.945],[-52.336,-26.951],[-52.339,-26.955],[-52.341,-26.958],[-52.338,-26.965],[-52.331,-26.965],[-52.325,-26.97],[-52.314,-26.975],[-52.312,-26.974],[-52.313,-26.97],[-52.312,-26.966],[-52.313,-26.96],[-52.31,-26.954],[-52.307,-26.953],[-52.298,-26.956],[-52.299,-26.961],[-52.293,-26.962],[-52.286,-26.959],[-52.286,-26.948],[-52.281,-26.947],[-52.272,-26.954],[-52.27,-26.959],[-52.265,-26.959],[-52.264,-26.951],[-52.26,-26.946],[-52.264,-26.945],[-52.261,-26.94],[-52.258,-26.94],[-52.255,-26.938],[-52.25,-26.942],[-52.244,-26.945],[-52.242,-26.953],[-52.239,-26.95],[-52.234,-26.947],[-52.238,-26.985],[-52.245,-27.021],[-52.247,-27.037],[-52.251,-27.069],[-52.256,-27.069],[-52.255,-27.071],[-52.263,-27.071],[-52.263,-27.077],[-52.272,-27.077],[-52.272,-27.079],[-52.299,-27.082],[-52.299,-27.085],[-52.312,-27.088],[-52.312,-27.091],[-52.322,-27.091],[-52.322,-27.09],[-52.332,-27.091],[-52.332,-27.089],[-52.345,-27.091],[-52.345,-27.085],[-52.381,-27.087],[-52.381,-27.09],[-52.391,-27.09]]]}},{"type":"Feature","properties":{"c":"4219705"},"geometry":{"type":"Polygon","coordinates":[[[-52.586,-27.031],[-52.59,-27.024],[-52.585,-26.974],[-52.588,-26.974],[-52.588,-26.979],[-52.594,-26.981],[-52.591,-26.962],[-52.598,-26.958],[-52.604,-26.949],[-52.604,-26.947],[-52.608,-26.94],[-52.614,-26.937],[-52.615,-26.934],[-52.619,-26.932],[-52.621,-26.926],[-52.628,-26.922],[-52.632,-26.921],[-52.616,-26.907],[-52.628,-26.897],[-52.625,-26.89],[-52.626,-26.885],[-52.633,-26.88],[-52.631,-26.877],[-52.624,-26.875],[-52.621,-26.871],[-52.621,-26.865],[-52.607,-26.886],[-52.588,-26.893],[-52.557,-26.885],[-52.553,-26.875],[-52.54,-26.874],[-52.54,-26.878],[-52.534,-26.875],[-52.53,-26.878],[-52.522,-26.874],[-52.519,-26.872],[-52.515,-26.873],[-52.511,-26.868],[-52.506,-26.871],[-52.504,-26.868],[-52.5,-26.868],[-52.487,-26.861],[-52.478,-26.855],[-52.47,-26.857],[-52.466,-26.892],[-52.472,-26.89],[-52.476,-26.89],[-52.479,-26.894],[-52.481,-26.899],[-52.48,-26.91],[-52.479,-26.917],[-52.481,-26.922],[-52.475,-26.925],[-52.475,-26.929],[-52.471,-26.931],[-52.471,-26.934],[-52.469,-26.94],[-52.468,-26.943],[-52.459,-26.952],[-52.457,-26.958],[-52.461,-26.961],[-52.461,-26.965],[-52.457,-26.969],[-52.453,-26.972],[-52.456,-26.973],[-52.454,-26.98],[-52.455,-26.984],[-52.452,-26.989],[-52.453,-26.995],[-52.457,-26.997],[-52.457,-27.001],[-52.464,-27.003],[-52.467,-27.014],[-52.464,-27.02],[-52.462,-27.027],[-52.45,-27.03],[-52.447,-27.024],[-52.436,-27.031],[-52.437,-27.033],[-52.44,-27.032],[-52.449,-27.035],[-52.451,-27.04],[-52.445,-27.052],[-52.451,-27.057],[-52.454,-27.056],[-52.456,-27.05],[-52.46,-27.043],[-52.469,-27.041],[-52.474,-27.042],[-52.479,-27.045],[-52.479,-27.047],[-52.473,-27.05],[-52.471,-27.06],[-52.464,-27.073],[-52.458,-27.077],[-52.462,-27.079],[-52.47,-27.079],[-52.476,-27.073],[-52.485,-27.076],[-52.488,-27.084],[-52.488,-27.089],[-52.49,-27.091],[-52.498,-27.088],[-52.502,-27.092],[-52.509,-27.094],[-52.512,-27.093],[-52.516,-27.094],[-52.515,-27.091],[-52.518,-27.089],[-52.514,-27.085],[-52.517,-27.082],[-52.522,-27.082],[-52.526,-27.079],[-52.531,-27.081],[-52.533,-27.076],[-52.537,-27.073],[-52.539,-27.078],[-52.545,-27.069],[-52.546,-27.071],[-52.552,-27.071],[-52.555,-27.069],[-52.556,-27.064],[-52.563,-27.059],[-52.56,-27.058],[-52.555,-27.06],[-52.557,-27.054],[-52.56,-27.052],[-52.572,-27.051],[-52.571,-27.049],[-52.572,-27.045],[-52.571,-27.041],[-52.577,-27.036],[-52.586,-27.035],[-52.586,-27.031]]]}},{"type":"Feature","properties":{"c":"4219853"},"geometry":{"type":"Polygon","coordinates":[[[-51.554,-27.399],[-51.55,-27.401],[-51.545,-27.394],[-51.544,-27.396],[-51.539,-27.394],[-51.537,-27.395],[-51.528,-27.39],[-51.521,-27.39],[-51.52,-27.388],[-51.517,-27.39],[-51.513,-27.39],[-51.51,-27.391],[-51.502,-27.391],[-51.495,-27.394],[-51.486,-27.396],[-51.482,-27.398],[-51.477,-27.398],[-51.469,-27.39],[-51.467,-27.389],[-51.463,-27.402],[-51.468,-27.403],[-51.47,-27.41],[-51.468,-27.421],[-51.474,-27.423],[-51.47,-27.428],[-51.47,-27.432],[-51.464,-27.434],[-51.463,-27.428],[-51.454,-27.423],[-51.447,-27.422],[-51.45,-27.427],[-51.446,-27.435],[-51.441,-27.436],[-51.442,-27.442],[-51.441,-27.45],[-51.445,-27.455],[-51.445,-27.461],[-51.448,-27.465],[-51.457,-27.464],[-51.463,-27.467],[-51.466,-27.475],[-51.468,-27.477],[-51.468,-27.482],[-51.472,-27.483],[-51.475,-27.481],[-51.48,-27.482],[-51.483,-27.481],[-51.491,-27.483],[-51.493,-27.485],[-51.498,-27.485],[-51.496,-27.488],[-51.498,-27.494],[-51.495,-27.495],[-51.502,-27.499],[-51.5,-27.502],[-51.502,-27.505],[-51.5,-27.506],[-51.501,-27.51],[-51.504,-27.508],[-51.507,-27.509],[-51.508,-27.516],[-51.505,-27.521],[-51.508,-27.524],[-51.507,-27.53],[-51.511,-27.528],[-51.518,-27.528],[-51.52,-27.524],[-51.523,-27.526],[-51.522,-27.534],[-51.526,-27.536],[-51.527,-27.539],[-51.534,-27.539],[-51.533,-27.542],[-51.534,-27.546],[-51.538,-27.545],[-51.54,-27.551],[-51.543,-27.554],[-51.548,-27.559],[-51.552,-27.56],[-51.555,-27.564],[-51.556,-27.575],[-51.558,-27.58],[-51.561,-27.583],[-51.567,-27.584],[-51.572,-27.583],[-51.579,-27.576],[-51.586,-27.57],[-51.587,-27.563],[-51.58,-27.545],[-51.578,-27.53],[-51.58,-27.524],[-51.585,-27.522],[-51.591,-27.523],[-51.599,-27.529],[-51.608,-27.541],[-51.615,-27.545],[-51.623,-27.546],[-51.631,-27.541],[-51.632,-27.538],[-51.631,-27.527],[-51.625,-27.517],[-51.62,-27.502],[-51.62,-27.497],[-51.623,-27.493],[-51.633,-27.489],[-51.63,-27.48],[-51.619,-27.479],[-51.618,-27.483],[-51.613,-27.482],[-51.61,-27.484],[-51.61,-27.488],[-51.608,-27.487],[-51.6,-27.487],[-51.597,-27.485],[-51.597,-27.481],[-51.592,-27.479],[-51.592,-27.475],[-51.59,-27.474],[-51.582,-27.476],[-51.582,-27.472],[-51.578,-27.47],[-51.574,-27.464],[-51.569,-27.462],[-51.565,-27.463],[-51.56,-27.458],[-51.556,-27.451],[-51.556,-27.444],[-51.558,-27.443],[-51.559,-27.438],[-51.553,-27.429],[-51.554,-27.399]]]}},{"type":"Feature","properties":{"c":"4220000"},"geometry":{"type":"Polygon","coordinates":[[[-49.205,-28.777],[-49.208,-28.785],[-49.206,-28.788],[-49.198,-28.793],[-49.19,-28.796],[-49.188,-28.802],[-49.189,-28.804],[-49.205,-28.815],[-49.213,-28.822],[-49.231,-28.835],[-49.245,-28.846],[-49.268,-28.865],[-49.285,-28.879],[-49.29,-28.883],[-49.33,-28.865],[-49.327,-28.862],[-49.317,-28.857],[-49.319,-28.855],[-49.311,-28.853],[-49.303,-28.848],[-49.298,-28.841],[-49.298,-28.835],[-49.292,-28.834],[-49.286,-28.828],[-49.285,-28.823],[-49.273,-28.817],[-49.273,-28.815],[-49.269,-28.81],[-49.262,-28.806],[-49.255,-28.804],[-49.251,-28.798],[-49.251,-28.796],[-49.247,-28.796],[-49.245,-28.792],[-49.245,-28.789],[-49.242,-28.786],[-49.242,-28.779],[-49.234,-28.774],[-49.229,-28.776],[-49.222,-28.773],[-49.219,-28.773],[-49.215,-28.77],[-49.211,-28.769],[-49.205,-28.777]]]}},{"type":"Feature","properties":{"u":"SC","uf":1},"geometry":{"type":"MultiPolygon","coordinates":[[[[-52.907,-27.201],[-52.918,-27.203],[-52.929,-27.204],[-52.937,-27.201],[-52.938,-27.197],[-52.936,-27.178],[-52.938,-27.171],[-52.942,-27.166],[-52.95,-27.163],[-52.957,-27.163],[-52.961,-27.169],[-52.966,-27.181],[-52.968,-27.19],[-52.969,-27.213],[-52.971,-27.218],[-52.979,-27.221],[-52.984,-27.221],[-52.992,-27.218],[-53.0,-27.207],[-53.003,-27.198],[-53.001,-27.187],[-52.998,-27.182],[-52.985,-27.17],[-52.983,-27.165],[-52.983,-27.159],[-52.985,-27.153],[-52.992,-27.14],[-52.995,-27.137],[-53.0,-27.135],[-53.006,-27.137],[-53.018,-27.153],[-53.026,-27.159],[-53.032,-27.159],[-53.038,-27.158],[-53.041,-27.153],[-53.044,-27.144],[-53.045,-27.134],[-53.041,-27.125],[-53.033,-27.116],[-53.025,-27.109],[-53.02,-27.105],[-53.018,-27.099],[-53.018,-27.093],[-53.019,-27.089],[-53.024,-27.085],[-53.034,-27.082],[-53.048,-27.084],[-53.055,-27.086],[-53.064,-27.092],[-53.073,-27.102],[-53.077,-27.108],[-53.079,-27.116],[-53.078,-27.121],[-53.076,-27.128],[-53.072,-27.135],[-53.07,-27.146],[-53.07,-27.152],[-53.071,-27.157],[-53.075,-27.162],[-53.08,-27.164],[-53.096,-27.167],[-53.113,-27.172],[-53.127,-27.179],[-53.132,-27.18],[-53.14,-27.176],[-53.142,-27.171],[-53.144,-27.161],[-53.147,-27.149],[-53.15,-27.144],[-53.155,-27.141],[-53.159,-27.14],[-53.17,-27.144],[-53.172,-27.148],[-53.174,-27.156],[-53.175,-27.172],[-53.178,-27.182],[-53.182,-27.189],[-53.192,-27.193],[-53.197,-27.193],[-53.217,-27.18],[-53.232,-27.171],[-53.235,-27.171],[-53.245,-27.173],[-53.26,-27.183],[-53.268,-27.187],[-53.286,-27.194],[-53.293,-27.197],[-53.301,-27.205],[-53.304,-27.211],[-53.308,-27.217],[-53.311,-27.219],[-53.319,-27.217],[-53.323,-27.212],[-53.321,-27.198],[-53.317,-27.191],[-53.309,-27.182],[-53.303,-27.165],[-53.296,-27.152],[-53.293,-27.141],[-53.296,-27.132],[-53.299,-27.129],[-53.309,-27.121],[-53.317,-27.119],[-53.325,-27.119],[-53.337,-27.121],[-53.346,-27.121],[-53.353,-27.115],[-53.355,-27.111],[-53.36,-27.101],[-53.365,-27.094],[-53.371,-27.091],[-53.376,-27.091],[-53.381,-27.094],[-53.387,-27.101],[-53.393,-27.109],[-53.396,-27.113],[-53.399,-27.125],[-53.406,-27.137],[-53.412,-27.141],[-53.418,-27.144],[-53.432,-27.146],[-53.449,-27.155],[-53.455,-27.157],[-53.464,-27.155],[-53.468,-27.151],[-53.476,-27.139],[-53.484,-27.134],[-53.491,-27.132],[-53.503,-27.135],[-53.507,-27.139],[-53.508,-27.151],[-53.505,-27.161],[-53.503,-27.166],[-53.492,-27.177],[-53.49,-27.18],[-53.488,-27.194],[-53.49,-27.201],[-53.496,-27.204],[-53.507,-27.204],[-53.518,-27.202],[-53.526,-27.198],[-53.531,-27.195],[-53.542,-27.181],[-53.548,-27.176],[-53.556,-27.173],[-53.563,-27.173],[-53.571,-27.176],[-53.591,-27.187],[-53.6,-27.189],[-53.613,-27.186],[-53.618,-27.187],[-53.622,-27.193],[-53.625,-27.202],[-53.631,-27.213],[-53.635,-27.217],[-53.642,-27.22],[-53.649,-27.218],[-53.651,-27.216],[-53.651,-27.21],[-53.648,-27.191],[-53.649,-27.184],[-53.651,-27.177],[-53.661,-27.166],[-53.666,-27.163],[-53.675,-27.161],[-53.686,-27.164],[-53.701,-27.17],[-53.706,-27.173],[-53.716,-27.182],[-53.731,-27.189],[-53.74,-27.192],[-53.748,-27.192],[-53.752,-27.188],[-53.757,-27.173],[-53.76,-27.162],[-53.765,-27.152],[-53.77,-27.149],[-53.776,-27.147],[-53.782,-27.151],[-53.79,-27.158],[-53.809,-27.173],[-53.815,-27.176],[-53.82,-27.176],[-53.83,-27.173],[-53.836,-27.169],[-53.833,-27.166],[-53.833,-27.162],[-53.837,-27.156],[-53.835,-27.152],[-53.829,-27.146],[-53.825,-27.145],[-53.813,-27.145],[-53.799,-27.147],[-53.798,-27.144],[-53.799,-27.136],[-53.812,-27.14],[-53.82,-27.139],[-53.824,-27.134],[-53.826,-27.129],[-53.823,-27.127],[-53.816,-27.13],[-53.807,-27.126],[-53.805,-27.123],[-53.807,-27.111],[-53.818,-27.105],[-53.819,-27.103],[-53.813,-27.098],[-53.809,-27.101],[-53.804,-27.108],[-53.795,-27.11],[-53.787,-27.105],[-53.777,-27.103],[-53.778,-27.102],[-53.785,-27.098],[-53.793,-27.091],[-53.801,-27.086],[-53.805,-27.083],[-53.806,-27.079],[-53.799,-27.067],[-53.795,-27.067],[-53.791,-27.073],[-53.789,-27.076],[-53.78,-27.079],[-53.772,-27.074],[-53.776,-27.071],[-53.783,-27.072],[-53.786,-27.071],[-53.798,-27.059],[-53.799,-27.052],[-53.802,-27.04],[-53.797,-27.039],[-53.79,-27.045],[-53.785,-27.054],[-53.779,-27.061],[-53.773,-27.066],[-53.768,-27.068],[-53.76,-27.065],[-53.76,-27.061],[-53.77,-27.056],[-53.777,-27.049],[-53.779,-27.04],[-53.785,-27.03],[-53.786,-27.026],[-53.78,-27.027],[-53.775,-27.031],[-53.77,-27.037],[-53.766,-27.045],[-53.763,-27.045],[-53.76,-27.035],[-53.749,-27.034],[-53.748,-27.032],[-53.75,-27.022],[-53.758,-27.019],[-53.761,-27.016],[-53.764,-27.009],[-53.761,-27.006],[-53.755,-27.005],[-53.75,-27.006],[-53.743,-27.014],[-53.741,-27.015],[-53.733,-27.008],[-53.733,-27.004],[-53.735,-27.002],[-53.744,-26.995],[-53.742,-26.991],[-53.737,-26.991],[-53.728,-26.994],[-53.724,-26.994],[-53.719,-26.991],[-53.717,-26.988],[-53.719,-26.984],[-53.73,-26.98],[-53.737,-26.976],[-53.737,-26.974],[-53.731,-26.973],[-53.729,-26.964],[-53.727,-26.959],[-53.723,-26.959],[-53.719,-26.963],[-53.712,-26.965],[-53.703,-26.959],[-53.701,-26.954],[-53.71,-26.941],[-53.71,-26.935],[-53.707,-26.933],[-53.695,-26.937],[-53.686,-26.943],[-53.674,-26.946],[-53.672,-26.943],[-53.673,-26.941],[-53.686,-26.937],[-53.693,-26.934],[-53.697,-26.93],[-53.697,-26.927],[-53.689,-26.921],[-53.679,-26.915],[-53.674,-26.913],[-53.675,-26.911],[-53.68,-26.909],[-53.68,-26.903],[-53.677,-26.899],[-53.671,-26.896],[-53.675,-26.893],[-53.689,-26.891],[-53.694,-26.889],[-53.696,-26.884],[-53.69,-26.875],[-53.687,-26.872],[-53.68,-26.87],[-53.686,-26.867],[-53.693,-26.866],[-53.697,-26.862],[-53.694,-26.859],[-53.688,-26.861],[-53.672,-26.862],[-53.666,-26.865],[-53.661,-26.863],[-53.661,-26.859],[-53.663,-26.856],[-53.671,-26.853],[-53.677,-26.844],[-53.68,-26.843],[-53.684,-26.844],[-53.69,-26.848],[-53.694,-26.848],[-53.696,-26.843],[-53.689,-26.84],[-53.689,-26.837],[-53.698,-26.829],[-53.702,-26.818],[-53.709,-26.815],[-53.711,-26.81],[-53.709,-26.81],[-53.706,-26.815],[-53.699,-26.815],[-53.698,-26.812],[-53.701,-26.804],[-53.701,-26.798],[-53.709,-26.799],[-53.715,-26.789],[-53.716,-26.79],[-53.717,-26.782],[-53.715,-26.779],[-53.709,-26.774],[-53.7,-26.772],[-53.702,-26.768],[-53.708,-26.766],[-53.715,-26.767],[-53.716,-26.773],[-53.729,-26.774],[-53.733,-26.773],[-53.737,-26.767],[-53.744,-26.764],[-53.743,-26.762],[-53.74,-26.762],[-53.736,-26.764],[-53.73,-26.766],[-53.719,-26.76],[-53.714,-26.753],[-53.714,-26.751],[-53.723,-26.746],[-53.729,-26.739],[-53.73,-26.732],[-53.734,-26.732],[-53.736,-26.741],[-53.74,-26.742],[-53.75,-26.742],[-53.75,-26.737],[-53.744,-26.734],[-53.744,-26.73],[-53.748,-26.726],[-53.757,-26.722],[-53.758,-26.721],[-53.758,-26.713],[-53.754,-26.71],[-53.751,-26.714],[-53.749,-26.719],[-53.738,-26.72],[-53.735,-26.717],[-53.735,-26.709],[-53.733,-26.701],[-53.737,-26.695],[-53.742,-26.691],[-53.743,-26.68],[-53.739,-26.681],[-53.732,-26.691],[-53.727,-26.692],[-53.721,-26.686],[-53.718,-26.685],[-53.717,-26.681],[-53.722,-26.68],[-53.732,-26.68],[-53.731,-26.676],[-53.727,-26.673],[-53.726,-26.667],[-53.721,-26.669],[-53.719,-26.667],[-53.721,-26.651],[-53.725,-26.648],[-53.726,-26.65],[-53.723,-26.656],[-53.724,-26.659],[-53.728,-26.659],[-53.733,-26.655],[-53.734,-26.648],[-53.737,-26.646],[-53.745,-26.648],[-53.757,-26.644],[-53.76,-26.642],[-53.758,-26.638],[-53.75,-26.636],[-53.743,-26.644],[-53.74,-26.644],[-53.742,-26.638],[-53.74,-26.629],[-53.734,-26.631],[-53.734,-26.626],[-53.73,-26.62],[-53.73,-26.617],[-53.734,-26.614],[-53.736,-26.61],[-53.735,-26.607],[-53.73,-26.608],[-53.731,-26.601],[-53.729,-26.594],[-53.733,-26.587],[-53.732,-26.586],[-53.725,-26.59],[-53.725,-26.584],[-53.722,-26.581],[-53.721,-26.57],[-53.723,-26.563],[-53.721,-26.562],[-53.709,-26.563],[-53.708,-26.56],[-53.711,-26.557],[-53.722,-26.559],[-53.726,-26.564],[-53.732,-26.567],[-53.736,-26.567],[-53.738,-26.565],[-53.735,-26.559],[-53.727,-26.56],[-53.725,-26.557],[-53.727,-26.551],[-53.73,-26.549],[-53.739,-26.548],[-53.742,-26.544],[-53.733,-26.539],[-53.724,-26.543],[-53.721,-26.538],[-53.725,-26.535],[-53.723,-26.53],[-53.717,-26.528],[-53.718,-26.525],[-53.723,-26.528],[-53.727,-26.526],[-53.729,-26.52],[-53.729,-26.513],[-53.731,-26.51],[-53.73,-26.502],[-53.724,-26.502],[-53.721,-26.507],[-53.717,-26.504],[-53.711,-26.505],[-53.706,-26.509],[-53.704,-26.508],[-53.706,-26.503],[-53.709,-26.502],[-53.706,-26.494],[-53.703,-26.49],[-53.697,-26.491],[-53.7,-26.48],[-53.696,-26.475],[-53.701,-26.473],[-53.703,-26.474],[-53.706,-26.481],[-53.708,-26.481],[-53.709,-26.474],[-53.714,-26.473],[-53.716,-26.471],[-53.71,-26.465],[-53.704,-26.464],[-53.702,-26.468],[-53.699,-26.47],[-53.699,-26.462],[-53.697,-26.455],[-53.703,-26.45],[-53.705,-26.444],[-53.703,-26.441],[-53.698,-26.44],[-53.698,-26.445],[-53.694,-26.443],[-53.688,-26.443],[-53.689,-26.436],[-53.688,-26.432],[-53.689,-26.429],[-53.694,-26.43],[-53.696,-26.423],[-53.699,-26.423],[-53.698,-26.416],[-53.703,-26.417],[-53.706,-26.415],[-53.705,-26.412],[-53.706,-26.409],[-53.701,-26.409],[-53.697,-26.402],[-53.702,-26.398],[-53.707,-26.395],[-53.71,-26.388],[-53.708,-26.386],[-53.703,-26.389],[-53.701,-26.385],[-53.699,-26.384],[-53.698,-26.377],[-53.702,-26.373],[-53.701,-26.37],[-53.7,-26.363],[-53.697,-26.365],[-53.696,-26.362],[-53.691,-26.361],[-53.69,-26.359],[-53.693,-26.356],[-53.696,-26.355],[-53.694,-26.352],[-53.69,-26.354],[-53.69,-26.347],[-53.686,-26.336],[-53.68,-26.334],[-53.677,-26.336],[-53.678,-26.331],[-53.674,-26.332],[-53.671,-26.331],[-53.673,-26.328],[-53.674,-26.324],[-53.67,-26.324],[-53.671,-26.32],[-53.667,-26.32],[-53.667,-26.318],[-53.664,-26.314],[-53.663,-26.308],[-53.658,-26.302],[-53.657,-26.297],[-53.655,-26.296],[-53.652,-26.29],[-53.647,-26.289],[-53.644,-26.282],[-53.646,-26.28],[-53.645,-26.273],[-53.643,-26.268],[-53.642,-26.26],[-53.646,-26.248],[-53.639,-26.251],[-53.64,-26.253],[-53.634,-26.254],[-53.629,-26.258],[-53.63,-26.261],[-53.626,-26.263],[-53.625,-26.26],[-53.621,-26.257],[-53.612,-26.259],[-53.607,-26.258],[-53.604,-26.26],[-53.593,-26.256],[-53.586,-26.256],[-53.584,-26.259],[-53.584,-26.267],[-53.582,-26.272],[-53.58,-26.272],[-53.575,-26.276],[-53.57,-26.276],[-53.57,-26.28],[-53.563,-26.283],[-53.564,-26.285],[-53.557,-26.287],[-53.554,-26.292],[-53.551,-26.294],[-53.55,-26.291],[-53.544,-26.291],[-53.535,-26.293],[-53.523,-26.292],[-53.513,-26.296],[-53.51,-26.3],[-53.496,-26.303],[-53.489,-26.298],[-53.485,-26.297],[-53.479,-26.293],[-53.479,-26.291],[-53.472,-26.29],[-53.465,-26.293],[-53.462,-26.296],[-53.459,-26.293],[-53.451,-26.29],[-53.449,-26.286],[-53.44,-26.282],[-53.432,-26.283],[-53.424,-26.28],[-53.412,-26.269],[-53.403,-26.264],[-53.399,-26.254],[-53.389,-26.249],[-53.385,-26.245],[-53.38,-26.249],[-53.378,-26.247],[-53.376,-26.242],[-53.373,-26.244],[-53.37,-26.244],[-53.366,-26.248],[-53.35,-26.251],[-53.342,-26.249],[-53.338,-26.248],[-53.332,-26.253],[-53.305,-26.261],[-53.304,-26.258],[-53.289,-26.248],[-53.284,-26.246],[-53.28,-26.247],[-53.278,-26.252],[-53.28,-26.257],[-53.278,-26.26],[-53.272,-26.26],[-53.271,-26.262],[-53.268,-26.262],[-53.268,-26.266],[-53.265,-26.271],[-53.265,-26.276],[-53.262,-26.277],[-53.264,-26.289],[-53.261,-26.288],[-53.253,-26.289],[-53.253,-26.294],[-53.247,-26.298],[-53.24,-26.3],[-53.235,-26.31],[-53.232,-26.312],[-53.226,-26.318],[-53.222,-26.319],[-53.206,-26.329],[-53.2,-26.331],[-53.198,-26.33],[-53.196,-26.333],[-53.192,-26.334],[-53.187,-26.342],[-53.183,-26.345],[-53.178,-26.344],[-53.17,-26.348],[-53.165,-26.351],[-53.16,-26.351],[-53.151,-26.345],[-53.144,-26.345],[-53.146,-26.352],[-53.143,-26.352],[-53.14,-26.357],[-53.136,-26.358],[-53.132,-26.366],[-53.129,-26.366],[-53.127,-26.372],[-53.118,-26.377],[-53.11,-26.376],[-53.109,-26.381],[-53.102,-26.383],[-53.099,-26.381],[-53.093,-26.382],[-53.093,-26.392],[-53.084,-26.389],[-53.078,-26.39],[-53.074,-26.386],[-53.068,-26.388],[-53.063,-26.384],[-53.052,-26.383],[-53.046,-26.381],[-53.041,-26.377],[-53.037,-26.377],[-53.033,-26.372],[-53.026,-26.369],[-53.02,-26.364],[-53.016,-26.362],[-53.012,-26.363],[-53.005,-26.357],[-53.002,-26.357],[-52.999,-26.353],[-52.994,-26.351],[-52.993,-26.348],[-52.989,-26.346],[-52.983,-26.346],[-52.98,-26.352],[-52.968,-26.354],[-52.957,-26.36],[-52.95,-26.362],[-52.938,-26.362],[-52.933,-26.36],[-52.927,-26.361],[-52.922,-26.357],[-52.917,-26.356],[-52.91,-26.358],[-52.906,-26.361],[-52.892,-26.361],[-52.882,-26.36],[-52.874,-26.361],[-52.874,-26.358],[-52.866,-26.358],[-52.86,-26.354],[-52.853,-26.347],[-52.847,-26.344],[-52.842,-26.349],[-52.839,-26.347],[-52.825,-26.344],[-52.812,-26.345],[-52.808,-26.346],[-52.796,-26.348],[-52.791,-26.352],[-52.785,-26.348],[-52.78,-26.349],[-52.775,-26.348],[-52.77,-26.351],[-52.763,-26.354],[-52.756,-26.353],[-52.756,-26.349],[-52.752,-26.345],[-52.742,-26.345],[-52.738,-26.342],[-52.731,-26.347],[-52.727,-26.348],[-52.717,-26.357],[-52.709,-26.355],[-52.703,-26.357],[-52.698,-26.358],[-52.691,-26.353],[-52.686,-26.356],[-52.68,-26.353],[-52.677,-26.354],[-52.675,-26.358],[-52.668,-26.365],[-52.664,-26.369],[-52.66,-26.374],[-52.647,-26.379],[-52.645,-26.381],[-52.637,-26.384],[-52.635,-26.39],[-52.631,-26.393],[-52.621,-26.396],[-52.617,-26.408],[-52.611,-26.412],[-52.603,-26.415],[-52.596,-26.416],[-52.588,-26.411],[-52.582,-26.41],[-52.58,-26.408],[-52.57,-26.408],[-52.568,-26.409],[-52.559,-26.408],[-52.557,-26.408],[-52.555,-26.411],[-52.553,-26.412],[-52.546,-26.408],[-52.543,-26.408],[-52.539,-26.404],[-52.535,-26.403],[-52.532,-26.401],[-52.524,-26.399],[-52.518,-26.402],[-52.511,-26.408],[-52.499,-26.416],[-52.496,-26.42],[-52.492,-26.421],[-52.486,-26.42],[-52.478,-26.421],[-52.469,-26.427],[-52.469,-26.433],[-52.464,-26.44],[-52.459,-26.441],[-52.45,-26.441],[-52.443,-26.438],[-52.433,-26.44],[-52.429,-26.438],[-52.419,-26.437],[-52.411,-26.431],[-52.403,-26.428],[-52.4,-26.423],[-52.398,-26.429],[-52.393,-26.432],[-52.38,-26.439],[-52.377,-26.441],[-52.368,-26.433],[-52.361,-26.435],[-52.357,-26.44],[-52.352,-26.441],[-52.349,-26.441],[-52.345,-26.435],[-52.341,-26.435],[-52.338,-26.442],[-52.335,-26.443],[-52.332,-26.44],[-52.325,-26.442],[-52.324,-26.439],[-52.32,-26.44],[-52.312,-26.439],[-52.304,-26.441],[-52.293,-26.453],[-52.288,-26.457],[-52.277,-26.461],[-52.27,-26.46],[-52.262,-26.454],[-52.253,-26.457],[-52.241,-26.463],[-52.235,-26.464],[-52.23,-26.467],[-52.224,-26.467],[-52.222,-26.465],[-52.216,-26.464],[-52.203,-26.459],[-52.191,-26.446],[-52.186,-26.445],[-52.183,-26.447],[-52.177,-26.455],[-52.174,-26.456],[-52.167,-26.465],[-52.155,-26.468],[-52.148,-26.472],[-52.143,-26.473],[-52.137,-26.469],[-52.133,-26.472],[-52.133,-26.474],[-52.13,-26.477],[-52.12,-26.477],[-52.112,-26.475],[-52.107,-26.479],[-52.101,-26.482],[-52.097,-26.487],[-52.096,-26.498],[-52.098,-26.501],[-52.094,-26.513],[-52.091,-26.513],[-52.089,-26.509],[-52.082,-26.519],[-52.081,-26.525],[-52.079,-26.526],[-52.072,-26.526],[-52.065,-26.523],[-52.06,-26.53],[-52.057,-26.528],[-52.052,-26.53],[-52.048,-26.535],[-52.044,-26.535],[-52.042,-26.537],[-52.034,-26.54],[-52.031,-26.542],[-52.032,-26.547],[-52.029,-26.547],[-52.021,-26.549],[-52.022,-26.551],[-52.016,-26.555],[-52.014,-26.562],[-52.009,-26.567],[-52.006,-26.564],[-52.001,-26.567],[-51.998,-26.566],[-51.988,-26.567],[-51.985,-26.565],[-51.982,-26.569],[-51.974,-26.567],[-51.97,-26.568],[-51.966,-26.572],[-51.96,-26.574],[-51.954,-26.571],[-51.948,-26.57],[-51.943,-26.571],[-51.938,-26.577],[-51.928,-26.584],[-51.909,-26.582],[-51.9,-26.579],[-51.897,-26.58],[-51.891,-26.585],[-51.883,-26.585],[-51.881,-26.59],[-51.879,-26.593],[-51.878,-26.598],[-51.873,-26.599],[-51.865,-26.598],[-51.86,-26.596],[-51.856,-26.591],[-51.846,-26.594],[-51.838,-26.59],[-51.834,-26.59],[-51.826,-26.583],[-51.824,-26.582],[-51.821,-26.579],[-51.814,-26.577],[-51.81,-26.581],[-51.811,-26.585],[-51.792,-26.588],[-51.784,-26.588],[-51.76,-26.581],[-51.738,-26.573],[-51.732,-26.572],[-51.72,-26.575],[-51.711,-26.575],[-51.704,-26.581],[-51.696,-26.581],[-51.693,-26.581],[-51.672,-26.565],[-51.664,-26.564],[-51.658,-26.565],[-51.65,-26.572],[-51.642,-26.577],[-51.632,-26.587],[-51.622,-26.588],[-51.611,-26.589],[-51.603,-26.584],[-51.597,-26.584],[-51.581,-26.588],[-51.57,-26.59],[-51.562,-26.588],[-51.551,-26.591],[-51.542,-26.59],[-51.536,-26.592],[-51.519,-26.588],[-51.511,-26.581],[-51.508,-26.581],[-51.5,-26.584],[-51.495,-26.587],[-51.489,-26.597],[-51.48,-26.606],[-51.479,-26.609],[-51.485,-26.61],[-51.485,-26.615],[-51.488,-26.623],[-51.485,-26.625],[-51.48,-26.621],[-51.475,-26.619],[-51.469,-26.621],[-51.455,-26.641],[-51.457,-26.646],[-51.456,-26.654],[-51.451,-26.658],[-51.447,-26.662],[-51.439,-26.667],[-51.437,-26.683],[-51.435,-26.688],[-51.425,-26.694],[-51.419,-26.695],[-51.411,-26.698],[-51.407,-26.701],[-51.41,-26.705],[-51.412,-26.714],[-51.411,-26.717],[-51.409,-26.715],[-51.4,-26.712],[-51.398,-26.71],[-51.393,-26.699],[-51.393,-26.692],[-51.393,-26.685],[-51.396,-26.681],[-51.402,-26.68],[-51.405,-26.676],[-51.401,-26.673],[-51.391,-26.663],[-51.385,-26.662],[-51.382,-26.66],[-51.376,-26.658],[-51.371,-26.66],[-51.366,-26.658],[-51.362,-26.656],[-51.358,-26.656],[-51.356,-26.652],[-51.347,-26.649],[-51.334,-26.65],[-51.332,-26.647],[-51.325,-26.649],[-51.323,-26.657],[-51.318,-26.654],[-51.315,-26.654],[-51.31,-26.651],[-51.302,-26.655],[-51.3,-26.653],[-51.294,-26.656],[-51.289,-26.653],[-51.283,-26.654],[-51.283,-26.65],[-51.284,-26.642],[-51.274,-26.641],[-51.277,-26.636],[-51.266,-26.636],[-51.263,-26.634],[-51.263,-26.631],[-51.258,-26.625],[-51.253,-26.629],[-51.25,-26.627],[-51.242,-26.627],[-51.239,-26.628],[-51.236,-26.625],[-51.237,-26.619],[-51.234,-26.619],[-51.233,-26.614],[-51.229,-26.617],[-51.227,-26.615],[-51.237,-26.608],[-51.237,-26.605],[-51.233,-26.604],[-51.228,-26.596],[-51.222,-26.594],[-51.225,-26.592],[-51.226,-26.586],[-51.222,-26.58],[-51.225,-26.576],[-51.22,-26.572],[-51.215,-26.571],[-51.216,-26.567],[-51.223,-26.567],[-51.228,-26.564],[-51.229,-26.555],[-51.225,-26.553],[-51.225,-26.549],[-51.232,-26.549],[-51.236,-26.544],[-51.24,-26.545],[-51.242,-26.544],[-51.238,-26.54],[-51.241,-26.538],[-51.247,-26.538],[-51.247,-26.527],[-51.251,-26.519],[-51.257,-26.519],[-51.261,-26.515],[-51.261,-26.513],[-51.266,-26.512],[-51.262,-26.509],[-51.262,-26.507],[-51.268,-26.507],[-51.271,-26.503],[-51.267,-26.501],[-51.273,-26.498],[-51.273,-26.496],[-51.269,-26.494],[-51.266,-26.489],[-51.263,-26.49],[-51.26,-26.489],[-51.264,-26.485],[-51.265,-26.481],[-51.259,-26.48],[-51.255,-26.475],[-51.253,-26.476],[-51.251,-26.472],[-51.258,-26.472],[-51.259,-26.469],[-51.256,-26.467],[-51.253,-26.462],[-51.257,-26.461],[-51.267,-26.46],[-51.271,-26.456],[-51.275,-26.459],[-51.277,-26.458],[-51.279,-26.454],[-51.274,-26.446],[-51.276,-26.443],[-51.28,-26.442],[-51.282,-26.439],[-51.288,-26.439],[-51.293,-26.434],[-51.293,-26.428],[-51.294,-26.425],[-51.3,-26.418],[-51.289,-26.415],[-51.287,-26.412],[-51.292,-26.404],[-51.288,-26.399],[-51.286,-26.398],[-51.28,-26.402],[-51.275,-26.401],[-51.274,-26.399],[-51.278,-26.394],[-51.277,-26.389],[-51.27,-26.387],[-51.263,-26.383],[-51.262,-26.379],[-51.259,-26.379],[-51.251,-26.374],[-51.257,-26.372],[-51.257,-26.369],[-51.26,-26.365],[-51.258,-26.359],[-51.256,-26.357],[-51.251,-26.349],[-51.257,-26.344],[-51.254,-26.336],[-51.248,-26.33],[-51.241,-26.327],[-51.227,-26.324],[-51.224,-26.322],[-51.22,-26.315],[-51.216,-26.316],[-51.214,-26.312],[-51.211,-26.305],[-51.207,-26.296],[-51.192,-26.302],[-51.181,-26.299],[-51.172,-26.295],[-51.17,-26.292],[-51.164,-26.292],[-51.162,-26.29],[-51.163,-26.284],[-51.156,-26.283],[-51.154,-26.28],[-51.148,-26.279],[-51.143,-26.284],[-51.135,-26.286],[-51.136,-26.28],[-51.131,-26.278],[-51.129,-26.28],[-51.12,-26.28],[-51.118,-26.277],[-51.111,-26.273],[-51.105,-26.274],[-51.102,-26.273],[-51.101,-26.262],[-51.096,-26.262],[-51.095,-26.259],[-51.097,-26.255],[-51.093,-26.253],[-51.088,-26.247],[-51.086,-26.234],[-51.083,-26.229],[-51.079,-26.227],[-51.077,-26.231],[-51.068,-26.24],[-51.062,-26.243],[-51.057,-26.244],[-51.049,-26.243],[-51.042,-26.24],[-51.034,-26.24],[-51.019,-26.236],[-51.005,-26.231],[-51.001,-26.23],[-50.995,-26.233],[-50.977,-26.243],[-50.973,-26.246],[-50.971,-26.254],[-50.971,-26.261],[-50.966,-26.267],[-50.953,-26.27],[-50.949,-26.275],[-50.947,-26.282],[-50.943,-26.282],[-50.938,-26.279],[-50.935,-26.276],[-50.932,-26.268],[-50.932,-26.263],[-50.935,-26.257],[-50.944,-26.244],[-50.944,-26.238],[-50.941,-26.234],[-50.933,-26.234],[-50.914,-26.246],[-50.909,-26.249],[-50.907,-26.257],[-50.906,-26.27],[-50.909,-26.284],[-50.908,-26.286],[-50.903,-26.289],[-50.9,-26.289],[-50.895,-26.288],[-50.886,-26.283],[-50.882,-26.279],[-50.879,-26.271],[-50.88,-26.263],[-50.879,-26.259],[-50.873,-26.246],[-50.87,-26.242],[-50.866,-26.241],[-50.861,-26.245],[-50.847,-26.266],[-50.841,-26.271],[-50.836,-26.271],[-50.831,-26.266],[-50.829,-26.254],[-50.828,-26.248],[-50.824,-26.245],[-50.811,-26.238],[-50.8,-26.231],[-50.794,-26.229],[-50.785,-26.227],[-50.781,-26.225],[-50.769,-26.225],[-50.763,-26.222],[-50.754,-26.223],[-50.748,-26.227],[-50.745,-26.235],[-50.746,-26.247],[-50.742,-26.249],[-50.731,-26.25],[-50.724,-26.248],[-50.716,-26.245],[-50.714,-26.241],[-50.715,-26.234],[-50.722,-26.223],[-50.728,-26.216],[-50.731,-26.209],[-50.73,-26.203],[-50.725,-26.2],[-50.717,-26.196],[-50.703,-26.188],[-50.694,-26.178],[-50.686,-26.163],[-50.683,-26.154],[-50.679,-26.148],[-50.669,-26.142],[-50.66,-26.138],[-50.65,-26.132],[-50.648,-26.129],[-50.648,-26.122],[-50.656,-26.107],[-50.656,-26.101],[-50.653,-26.097],[-50.647,-26.093],[-50.644,-26.09],[-50.64,-26.079],[-50.636,-26.073],[-50.631,-26.065],[-50.626,-26.062],[-50.613,-26.065],[-50.595,-26.07],[-50.577,-26.067],[-50.571,-26.067],[-50.554,-26.059],[-50.552,-26.058],[-50.549,-26.047],[-50.551,-26.043],[-50.555,-26.042],[-50.565,-26.041],[-50.57,-26.043],[-50.576,-26.047],[-50.58,-26.048],[-50.586,-26.048],[-50.591,-26.043],[-50.592,-26.04],[-50.593,-26.027],[-50.589,-26.019],[-50.582,-26.014],[-50.579,-26.009],[-50.57,-26.002],[-50.564,-26.004],[-50.562,-26.006],[-50.56,-26.013],[-50.556,-26.018],[-50.554,-26.027],[-50.551,-26.038],[-50.545,-26.04],[-50.539,-26.036],[-50.53,-26.036],[-50.52,-26.031],[-50.513,-26.026],[-50.51,-26.027],[-50.507,-26.032],[-50.504,-26.031],[-50.501,-26.023],[-50.498,-26.023],[-50.494,-26.026],[-50.487,-26.024],[-50.479,-26.026],[-50.482,-26.032],[-50.48,-26.034],[-50.475,-26.034],[-50.477,-26.027],[-50.476,-26.023],[-50.469,-26.021],[-50.469,-26.027],[-50.461,-26.026],[-50.459,-26.028],[-50.461,-26.033],[-50.457,-26.037],[-50.456,-26.033],[-50.453,-26.031],[-50.444,-26.034],[-50.442,-26.037],[-50.446,-26.038],[-50.45,-26.041],[-50.448,-26.047],[-50.44,-26.051],[-50.437,-26.058],[-50.433,-26.062],[-50.43,-26.063],[-50.419,-26.061],[-50.412,-26.066],[-50.407,-26.066],[-50.408,-26.059],[-50.403,-26.057],[-50.401,-26.062],[-50.384,-26.071],[-50.377,-26.077],[-50.372,-26.079],[-50.368,-26.087],[-50.362,-26.093],[-50.362,-26.097],[-50.366,-26.107],[-50.37,-26.109],[-50.369,-26.112],[-50.366,-26.112],[-50.361,-26.11],[-50.36,-26.117],[-50.352,-26.119],[-50.35,-26.124],[-50.345,-26.125],[-50.341,-26.13],[-50.334,-26.135],[-50.331,-26.133],[-50.33,-26.13],[-50.327,-26.129],[-50.327,-26.133],[-50.324,-26.135],[-50.322,-26.134],[-50.322,-26.126],[-50.324,-26.126],[-50.329,-26.127],[-50.334,-26.125],[-50.332,-26.122],[-50.329,-26.125],[-50.325,-26.122],[-50.326,-26.115],[-50.332,-26.109],[-50.333,-26.1],[-50.331,-26.098],[-50.327,-26.099],[-50.325,-26.096],[-50.332,-26.085],[-50.331,-26.083],[-50.323,-26.081],[-50.322,-26.073],[-50.32,-26.07],[-50.315,-26.066],[-50.309,-26.064],[-50.307,-26.06],[-50.297,-26.054],[-50.293,-26.056],[-50.287,-26.056],[-50.284,-26.053],[-50.277,-26.052],[-50.273,-26.049],[-50.267,-26.043],[-50.262,-26.045],[-50.255,-26.052],[-50.251,-26.05],[-50.255,-26.038],[-50.253,-26.032],[-50.247,-26.03],[-50.243,-26.034],[-50.236,-26.035],[-50.235,-26.048],[-50.228,-26.055],[-50.225,-26.056],[-50.225,-26.06],[-50.222,-26.06],[-50.22,-26.057],[-50.214,-26.056],[-50.208,-26.057],[-50.208,-26.061],[-50.203,-26.061],[-50.199,-26.065],[-50.193,-26.065],[-50.19,-26.07],[-50.186,-26.072],[-50.183,-26.078],[-50.178,-26.079],[-50.176,-26.074],[-50.175,-26.066],[-50.172,-26.063],[-50.168,-26.064],[-50.167,-26.06],[-50.162,-26.058],[-50.155,-26.047],[-50.153,-26.04],[-50.161,-26.035],[-50.162,-26.042],[-50.169,-26.041],[-50.172,-26.04],[-50.172,-26.035],[-50.176,-26.032],[-50.18,-26.032],[-50.178,-26.028],[-50.167,-26.025],[-50.162,-26.026],[-50.158,-26.025],[-50.149,-26.023],[-50.14,-26.027],[-50.142,-26.033],[-50.144,-26.035],[-50.145,-26.04],[-50.148,-26.045],[-50.15,-26.052],[-50.147,-26.059],[-50.145,-26.058],[-50.142,-26.05],[-50.132,-26.042],[-50.124,-26.051],[-50.121,-26.061],[-50.118,-26.064],[-50.116,-26.061],[-50.116,-26.051],[-50.112,-26.051],[-50.109,-26.053],[-50.108,-26.059],[-50.097,-26.05],[-50.096,-26.046],[-50.092,-26.045],[-50.089,-26.042],[-50.087,-26.035],[-50.087,-26.029],[-50.083,-26.024],[-50.079,-26.025],[-50.08,-26.039],[-50.078,-26.045],[-50.076,-26.046],[-50.073,-26.042],[-50.072,-26.036],[-50.067,-26.033],[-50.063,-26.033],[-50.055,-26.036],[-50.049,-26.032],[-50.042,-26.032],[-50.039,-26.028],[-50.03,-26.028],[-50.022,-26.032],[-50.016,-26.038],[-50.008,-26.045],[-50.006,-26.046],[-50.002,-26.043],[-50.003,-26.038],[-50.005,-26.035],[-50.011,-26.026],[-50.011,-26.013],[-49.999,-26.016],[-49.996,-26.012],[-49.992,-26.011],[-49.984,-26.014],[-49.977,-26.014],[-49.97,-26.018],[-49.965,-26.023],[-49.963,-26.028],[-49.967,-26.042],[-49.976,-26.05],[-49.977,-26.055],[-49.972,-26.058],[-49.968,-26.056],[-49.967,-26.052],[-49.962,-26.049],[-49.958,-26.043],[-49.955,-26.035],[-49.949,-26.032],[-49.948,-26.029],[-49.955,-26.024],[-49.96,-26.022],[-49.959,-26.02],[-49.954,-26.02],[-49.951,-26.014],[-49.944,-26.009],[-49.942,-26.008],[-49.939,-26.016],[-49.934,-26.017],[-49.94,-26.025],[-49.94,-26.028],[-49.935,-26.033],[-49.931,-26.03],[-49.915,-26.025],[-49.906,-26.026],[-49.901,-26.031],[-49.9,-26.035],[-49.891,-26.029],[-49.884,-26.031],[-49.876,-26.032],[-49.869,-26.033],[-49.869,-26.036],[-49.865,-26.036],[-49.865,-26.038],[-49.871,-26.043],[-49.866,-26.045],[-49.863,-26.048],[-49.864,-26.055],[-49.861,-26.057],[-49.845,-26.065],[-49.839,-26.064],[-49.839,-26.06],[-49.836,-26.053],[-49.832,-26.054],[-49.832,-26.059],[-49.835,-26.069],[-49.841,-26.069],[-49.843,-26.072],[-49.841,-26.077],[-49.837,-26.072],[-49.83,-26.069],[-49.829,-26.077],[-49.831,-26.083],[-49.827,-26.091],[-49.824,-26.094],[-49.815,-26.094],[-49.813,-26.09],[-49.807,-26.089],[-49.808,-26.094],[-49.807,-26.102],[-49.803,-26.11],[-49.799,-26.11],[-49.796,-26.113],[-49.791,-26.114],[-49.787,-26.111],[-49.79,-26.101],[-49.788,-26.098],[-49.783,-26.112],[-49.78,-26.119],[-49.774,-26.119],[-49.768,-26.11],[-49.774,-26.108],[-49.777,-26.109],[-49.779,-26.107],[-49.777,-26.102],[-49.774,-26.101],[-49.768,-26.104],[-49.765,-26.114],[-49.761,-26.118],[-49.753,-26.119],[-49.749,-26.125],[-49.75,-26.136],[-49.748,-26.14],[-49.74,-26.139],[-49.737,-26.142],[-49.729,-26.142],[-49.725,-26.145],[-49.727,-26.149],[-49.737,-26.157],[-49.734,-26.165],[-49.728,-26.171],[-49.72,-26.166],[-49.713,-26.155],[-49.708,-26.158],[-49.701,-26.159],[-49.699,-26.163],[-49.699,-26.166],[-49.693,-26.171],[-49.691,-26.177],[-49.685,-26.177],[-49.678,-26.176],[-49.677,-26.178],[-49.682,-26.183],[-49.687,-26.184],[-49.691,-26.188],[-49.69,-26.19],[-49.681,-26.187],[-49.678,-26.188],[-49.675,-26.192],[-49.673,-26.19],[-49.674,-26.185],[-49.669,-26.186],[-49.665,-26.192],[-49.662,-26.188],[-49.654,-26.187],[-49.653,-26.194],[-49.648,-26.196],[-49.652,-26.2],[-49.651,-26.208],[-49.65,-26.209],[-49.643,-26.21],[-49.634,-26.203],[-49.636,-26.197],[-49.635,-26.194],[-49.637,-26.191],[-49.634,-26.19],[-49.629,-26.192],[-49.63,-26.197],[-49.625,-26.202],[-49.629,-26.206],[-49.633,-26.206],[-49.632,-26.209],[-49.626,-26.212],[-49.622,-26.216],[-49.619,-26.216],[-49.616,-26.208],[-49.613,-26.208],[-49.613,-26.213],[-49.609,-26.214],[-49.605,-26.212],[-49.603,-26.215],[-49.603,-26.227],[-49.601,-26.228],[-49.6,-26.223],[-49.597,-26.221],[-49.593,-26.223],[-49.588,-26.217],[-49.587,-26.219],[-49.589,-26.226],[-49.592,-26.229],[-49.591,-26.232],[-49.583,-26.23],[-49.579,-26.228],[-49.581,-26.225],[-49.58,-26.218],[-49.578,-26.214],[-49.571,-26.225],[-49.567,-26.233],[-49.56,-26.237],[-49.554,-26.237],[-49.552,-26.233],[-49.55,-26.233],[-49.547,-26.228],[-49.552,-26.226],[-49.545,-26.225],[-49.538,-26.23],[-49.536,-26.226],[-49.541,-26.226],[-49.543,-26.224],[-49.54,-26.22],[-49.542,-26.214],[-49.538,-26.213],[-49.534,-26.216],[-49.533,-26.221],[-49.529,-26.224],[-49.531,-26.219],[-49.529,-26.217],[-49.522,-26.221],[-49.521,-26.227],[-49.512,-26.221],[-49.509,-26.225],[-49.505,-26.227],[-49.502,-26.22],[-49.496,-26.221],[-49.498,-26.219],[-49.496,-26.216],[-49.491,-26.214],[-49.49,-26.211],[-49.495,-26.211],[-49.498,-26.208],[-49.5,-26.203],[-49.497,-26.202],[-49.494,-26.204],[-49.487,-26.194],[-49.49,-26.19],[-49.487,-26.189],[-49.485,-26.184],[-49.487,-26.18],[-49.483,-26.182],[-49.483,-26.185],[-49.48,-26.187],[-49.479,-26.184],[-49.475,-26.182],[-49.473,-26.178],[-49.468,-26.176],[-49.468,-26.173],[-49.465,-26.174],[-49.462,-26.171],[-49.464,-26.168],[-49.461,-26.162],[-49.457,-26.164],[-49.452,-26.162],[-49.445,-26.163],[-49.444,-26.165],[-49.44,-26.164],[-49.437,-26.167],[-49.436,-26.172],[-49.434,-26.169],[-49.429,-26.17],[-49.431,-26.169],[-49.428,-26.167],[-49.422,-26.167],[-49.421,-26.164],[-49.417,-26.165],[-49.417,-26.162],[-49.419,-26.158],[-49.416,-26.153],[-49.415,-26.156],[-49.41,-26.157],[-49.409,-26.162],[-49.407,-26.162],[-49.403,-26.158],[-49.403,-26.155],[-49.4,-26.153],[-49.4,-26.151],[-49.392,-26.157],[-49.39,-26.16],[-49.388,-26.156],[-49.386,-26.156],[-49.372,-26.155],[-49.369,-26.153],[-49.372,-26.149],[-49.369,-26.149],[-49.363,-26.141],[-49.36,-26.141],[-49.359,-26.137],[-49.347,-26.128],[-49.342,-26.129],[-49.337,-26.125],[-49.334,-26.125],[-49.333,-26.119],[-49.327,-26.116],[-49.322,-26.11],[-49.32,-26.111],[-49.315,-26.109],[-49.308,-26.111],[-49.3,-26.111],[-49.298,-26.11],[-49.298,-26.102],[-49.289,-26.102],[-49.291,-26.099],[-49.294,-26.097],[-49.294,-26.088],[-49.296,-26.087],[-49.286,-26.078],[-49.281,-26.079],[-49.277,-26.083],[-49.274,-26.082],[-49.275,-26.08],[-49.27,-26.078],[-49.267,-26.081],[-49.266,-26.078],[-49.267,-26.076],[-49.265,-26.071],[-49.267,-26.069],[-49.264,-26.067],[-49.259,-26.07],[-49.255,-26.064],[-49.253,-26.063],[-49.252,-26.059],[-49.255,-26.059],[-49.252,-26.054],[-49.254,-26.051],[-49.249,-26.048],[-49.245,-26.044],[-49.243,-26.044],[-49.239,-26.039],[-49.239,-26.034],[-49.237,-26.03],[-49.233,-26.031],[-49.231,-26.028],[-49.228,-26.031],[-49.214,-26.024],[-49.208,-26.022],[-49.207,-26.016],[-49.204,-26.017],[-49.199,-26.015],[-49.192,-26.013],[-49.193,-26.009],[-49.186,-26.007],[-49.18,-26.008],[-49.177,-26.006],[-49.18,-26.003],[-49.174,-26.004],[-49.174,-26.0],[-49.168,-26.001],[-49.163,-26.006],[-49.16,-26.006],[-49.158,-26.009],[-49.154,-26.009],[-49.15,-26.013],[-49.147,-26.01],[-49.143,-26.011],[-49.141,-26.016],[-49.138,-26.015],[-49.137,-26.009],[-49.133,-26.009],[-49.129,-26.004],[-49.132,-26.0],[-49.126,-25.996],[-49.122,-25.997],[-49.119,-26.002],[-49.113,-26.005],[-49.11,-26.004],[-49.107,-25.999],[-49.106,-26.003],[-49.103,-26.004],[-49.103,-26.008],[-49.098,-26.01],[-49.092,-26.01],[-49.09,-26.007],[-49.092,-26.004],[-49.083,-26.004],[-49.08,-26.007],[-49.076,-26.005],[-49.073,-26.0],[-49.068,-26.003],[-49.069,-26.009],[-49.066,-26.013],[-49.06,-26.015],[-49.06,-26.018],[-49.053,-26.021],[-49.052,-26.017],[-49.05,-26.02],[-49.046,-26.018],[-49.043,-26.011],[-49.043,-26.005],[-49.029,-26.005],[-49.025,-26.009],[-49.027,-26.011],[-49.02,-26.016],[-49.011,-26.014],[-49.007,-26.016],[-49.005,-26.012],[-48.997,-26.009],[-48.994,-26.009],[-48.99,-26.005],[-48.984,-26.005],[-48.987,-26.0],[-48.982,-26.0],[-48.979,-25.989],[-48.975,-25.989],[-48.962,-25.984],[-48.96,-25.989],[-48.962,-25.99],[-48.959,-25.993],[-48.95,-25.99],[-48.96,-25.981],[-48.682,-25.984],[-48.677,-25.978],[-48.669,-25.979],[-48.662,-25.973],[-48.663,-25.969],[-48.656,-25.966],[-48.652,-25.963],[-48.651,-25.96],[-48.644,-25.956],[-48.639,-25.96],[-48.638,-25.963],[-48.64,-25.967],[-48.634,-25.969],[-48.633,-25.973],[-48.634,-25.978],[-48.624,-25.978],[-48.621,-25.975],[-48.622,-25.98],[-48.614,-25.982],[-48.614,-25.984],[-48.609,-25.984],[-48.612,-25.979],[-48.608,-25.981],[-48.601,-25.981],[-48.599,-25.977],[-48.595,-25.977],[-48.601,-25.996],[-48.603,-25.998],[-48.602,-26.002],[-48.606,-26.02],[-48.609,-26.036],[-48.61,-26.051],[-48.61,-26.066],[-48.605,-26.072],[-48.603,-26.072],[-48.603,-26.084],[-48.603,-26.1],[-48.6,-26.119],[-48.598,-26.129],[-48.589,-26.155],[-48.584,-26.161],[-48.581,-26.164],[-48.569,-26.168],[-48.547,-26.171],[-48.54,-26.17],[-48.535,-26.167],[-48.536,-26.166],[-48.532,-26.163],[-48.527,-26.164],[-48.524,-26.169],[-48.524,-26.173],[-48.528,-26.185],[-48.528,-26.197],[-48.525,-26.21],[-48.52,-26.219],[-48.515,-26.224],[-48.508,-26.226],[-48.503,-26.226],[-48.497,-26.216],[-48.493,-26.219],[-48.496,-26.222],[-48.497,-26.228],[-48.5,-26.229],[-48.5,-26.236],[-48.503,-26.236],[-48.526,-26.272],[-48.538,-26.295],[-48.546,-26.31],[-48.552,-26.323],[-48.558,-26.336],[-48.562,-26.351],[-48.567,-26.364],[-48.583,-26.389],[-48.59,-26.402],[-48.598,-26.422],[-48.599,-26.432],[-48.599,-26.44],[-48.597,-26.449],[-48.594,-26.452],[-48.594,-26.453],[-48.598,-26.459],[-48.606,-26.466],[-48.61,-26.472],[-48.627,-26.499],[-48.635,-26.513],[-48.645,-26.535],[-48.651,-26.547],[-48.665,-26.581],[-48.671,-26.596],[-48.676,-26.611],[-48.68,-26.627],[-48.681,-26.634],[-48.683,-26.639],[-48.683,-26.644],[-48.688,-26.671],[-48.688,-26.68],[-48.687,-26.688],[-48.679,-26.698],[-48.681,-26.703],[-48.682,-26.718],[-48.682,-26.724],[-48.676,-26.75],[-48.674,-26.759],[-48.668,-26.768],[-48.661,-26.771],[-48.653,-26.772],[-48.648,-26.763],[-48.641,-26.766],[-48.638,-26.773],[-48.633,-26.78],[-48.627,-26.786],[-48.62,-26.789],[-48.611,-26.79],[-48.605,-26.789],[-48.602,-26.782],[-48.604,-26.78],[-48.599,-26.772],[-48.598,-26.779],[-48.596,-26.783],[-48.591,-26.786],[-48.588,-26.783],[-48.584,-26.784],[-48.588,-26.791],[-48.586,-26.795],[-48.588,-26.798],[-48.592,-26.797],[-48.596,-26.802],[-48.598,-26.808],[-48.598,-26.811],[-48.6,-26.815],[-48.599,-26.819],[-48.603,-26.828],[-48.605,-26.826],[-48.611,-26.828],[-48.61,-26.827],[-48.616,-26.826],[-48.619,-26.828],[-48.621,-26.826],[-48.624,-26.828],[-48.628,-26.833],[-48.632,-26.846],[-48.636,-26.86],[-48.643,-26.9],[-48.643,-26.91],[-48.642,-26.913],[-48.642,-26.919],[-48.639,-26.922],[-48.636,-26.923],[-48.631,-26.929],[-48.623,-26.926],[-48.627,-26.933],[-48.628,-26.942],[-48.629,-26.955],[-48.628,-26.96],[-48.624,-26.961],[-48.627,-26.963],[-48.627,-26.971],[-48.633,-26.972],[-48.635,-26.977],[-48.634,-26.984],[-48.628,-26.993],[-48.619,-27.002],[-48.614,-27.005],[-48.609,-27.006],[-48.601,-27.004],[-48.604,-27.0],[-48.602,-26.995],[-48.598,-26.993],[-48.594,-26.997],[-48.589,-26.997],[-48.588,-26.993],[-48.583,-26.993],[-48.583,-27.0],[-48.581,-27.007],[-48.576,-27.012],[-48.572,-27.009],[-48.569,-27.009],[-48.571,-27.015],[-48.576,-27.019],[-48.575,-27.024],[-48.578,-27.023],[-48.582,-27.03],[-48.581,-27.039],[-48.58,-27.04],[-48.583,-27.043],[-48.587,-27.045],[-48.587,-27.054],[-48.589,-27.061],[-48.593,-27.061],[-48.595,-27.069],[-48.595,-27.074],[-48.592,-27.081],[-48.596,-27.085],[-48.595,-27.09],[-48.597,-27.089],[-48.601,-27.094],[-48.604,-27.094],[-48.605,-27.091],[-48.609,-27.092],[-48.612,-27.095],[-48.614,-27.1],[-48.612,-27.107],[-48.609,-27.115],[-48.601,-27.128],[-48.586,-27.145],[-48.575,-27.151],[-48.564,-27.156],[-48.558,-27.152],[-48.556,-27.156],[-48.548,-27.157],[-48.542,-27.151],[-48.537,-27.15],[-48.533,-27.145],[-48.538,-27.142],[-48.534,-27.137],[-48.53,-27.135],[-48.526,-27.13],[-48.525,-27.126],[-48.529,-27.127],[-48.528,-27.123],[-48.524,-27.122],[-48.522,-27.118],[-48.519,-27.121],[-48.516,-27.121],[-48.509,-27.114],[-48.508,-27.11],[-48.506,-27.119],[-48.509,-27.119],[-48.513,-27.126],[-48.514,-27.132],[-48.512,-27.135],[-48.504,-27.144],[-48.5,-27.146],[-48.495,-27.145],[-48.494,-27.147],[-48.488,-27.149],[-48.481,-27.147],[-48.478,-27.142],[-48.481,-27.138],[-48.479,-27.135],[-48.477,-27.141],[-48.475,-27.141],[-48.477,-27.144],[-48.475,-27.146],[-48.466,-27.143],[-48.466,-27.146],[-48.473,-27.149],[-48.475,-27.154],[-48.482,-27.153],[-48.485,-27.159],[-48.484,-27.161],[-48.486,-27.164],[-48.489,-27.163],[-48.496,-27.166],[-48.499,-27.173],[-48.5,-27.179],[-48.499,-27.19],[-48.495,-27.198],[-48.49,-27.203],[-48.484,-27.199],[-48.475,-27.2],[-48.477,-27.205],[-48.484,-27.211],[-48.487,-27.209],[-48.493,-27.213],[-48.498,-27.217],[-48.502,-27.215],[-48.507,-27.218],[-48.511,-27.216],[-48.512,-27.221],[-48.515,-27.221],[-48.516,-27.217],[-48.514,-27.214],[-48.507,-27.211],[-48.501,-27.206],[-48.499,-27.201],[-48.503,-27.194],[-48.514,-27.184],[-48.522,-27.181],[-48.532,-27.18],[-48.542,-27.183],[-48.552,-27.191],[-48.553,-27.194],[-48.558,-27.198],[-48.561,-27.197],[-48.572,-27.203],[-48.578,-27.211],[-48.581,-27.209],[-48.586,-27.212],[-48.59,-27.215],[-48.602,-27.22],[-48.603,-27.218],[-48.608,-27.221],[-48.612,-27.232],[-48.614,-27.24],[-48.614,-27.251],[-48.615,-27.255],[-48.615,-27.272],[-48.612,-27.283],[-48.604,-27.301],[-48.595,-27.316],[-48.589,-27.319],[-48.585,-27.32],[-48.58,-27.313],[-48.576,-27.315],[-48.572,-27.315],[-48.568,-27.309],[-48.564,-27.308],[-48.564,-27.315],[-48.56,-27.316],[-48.558,-27.313],[-48.556,-27.315],[-48.552,-27.312],[-48.553,-27.311],[-48.552,-27.305],[-48.548,-27.307],[-48.544,-27.301],[-48.544,-27.299],[-48.539,-27.299],[-48.541,-27.304],[-48.538,-27.306],[-48.539,-27.309],[-48.54,-27.32],[-48.538,-27.325],[-48.534,-27.333],[-48.531,-27.335],[-48.526,-27.333],[-48.526,-27.34],[-48.528,-27.341],[-48.526,-27.344],[-48.535,-27.35],[-48.533,-27.356],[-48.537,-27.357],[-48.535,-27.365],[-48.532,-27.373],[-48.529,-27.377],[-48.525,-27.377],[-48.534,-27.383],[-48.526,-27.408],[-48.516,-27.4],[-48.506,-27.394],[-48.483,-27.378],[-48.417,-27.381],[-48.411,-27.384],[-48.412,-27.391],[-48.414,-27.392],[-48.413,-27.402],[-48.412,-27.405],[-48.406,-27.405],[-48.403,-27.409],[-48.404,-27.415],[-48.401,-27.422],[-48.396,-27.431],[-48.389,-27.437],[-48.385,-27.44],[-48.377,-27.444],[-48.37,-27.443],[-48.37,-27.44],[-48.366,-27.433],[-48.365,-27.433],[-48.361,-27.439],[-48.359,-27.44],[-48.362,-27.448],[-48.371,-27.45],[-48.374,-27.456],[-48.377,-27.465],[-48.374,-27.472],[-48.376,-27.478],[-48.376,-27.481],[-48.382,-27.481],[-48.394,-27.492],[-48.406,-27.507],[-48.414,-27.518],[-48.419,-27.528],[-48.427,-27.544],[-48.429,-27.555],[-48.43,-27.56],[-48.428,-27.568],[-48.425,-27.573],[-48.42,-27.574],[-48.415,-27.571],[-48.412,-27.573],[-48.412,-27.575],[-48.416,-27.579],[-48.42,-27.584],[-48.418,-27.589],[-48.419,-27.592],[-48.424,-27.592],[-48.427,-27.594],[-48.428,-27.599],[-48.431,-27.6],[-48.436,-27.608],[-48.436,-27.611],[-48.431,-27.616],[-48.434,-27.616],[-48.439,-27.618],[-48.438,-27.62],[-48.444,-27.624],[-48.447,-27.63],[-48.449,-27.629],[-48.455,-27.635],[-48.467,-27.651],[-48.474,-27.663],[-48.477,-27.67],[-48.481,-27.69],[-48.483,-27.694],[-48.489,-27.697],[-48.496,-27.704],[-48.501,-27.712],[-48.505,-27.724],[-48.508,-27.736],[-48.508,-27.744],[-48.505,-27.749],[-48.501,-27.75],[-48.497,-27.756],[-48.494,-27.757],[-48.488,-27.755],[-48.485,-27.761],[-48.478,-27.762],[-48.476,-27.77],[-48.482,-27.77],[-48.488,-27.776],[-48.488,-27.778],[-48.483,-27.783],[-48.488,-27.791],[-48.49,-27.79],[-48.493,-27.794],[-48.497,-27.795],[-48.504,-27.794],[-48.508,-27.79],[-48.507,-27.784],[-48.512,-27.781],[-48.518,-27.782],[-48.525,-27.785],[-48.529,-27.789],[-48.534,-27.796],[-48.534,-27.8],[-48.537,-27.805],[-48.535,-27.807],[-48.54,-27.817],[-48.543,-27.828],[-48.56,-27.839],[-48.56,-27.836],[-48.566,-27.834],[-48.571,-27.836],[-48.572,-27.841],[-48.577,-27.844],[-48.577,-27.849],[-48.581,-27.853],[-48.581,-27.849],[-48.585,-27.848],[-48.59,-27.848],[-48.596,-27.851],[-48.601,-27.859],[-48.602,-27.868],[-48.601,-27.874],[-48.598,-27.88],[-48.593,-27.885],[-48.591,-27.885],[-48.589,-27.882],[-48.586,-27.881],[-48.579,-27.883],[-48.576,-27.88],[-48.576,-27.884],[-48.573,-27.885],[-48.575,-27.892],[-48.579,-27.894],[-48.582,-27.9],[-48.583,-27.907],[-48.587,-27.904],[-48.597,-27.914],[-48.604,-27.922],[-48.613,-27.933],[-48.621,-27.945],[-48.625,-27.954],[-48.625,-27.96],[-48.62,-27.963],[-48.625,-27.972],[-48.628,-27.974],[-48.629,-27.982],[-48.632,-27.991],[-48.632,-28.0],[-48.629,-28.012],[-48.625,-28.018],[-48.62,-28.022],[-48.616,-28.023],[-48.61,-28.02],[-48.609,-28.016],[-48.604,-28.021],[-48.601,-28.029],[-48.598,-28.03],[-48.6,-28.035],[-48.603,-28.033],[-48.607,-28.037],[-48.61,-28.044],[-48.607,-28.048],[-48.606,-28.052],[-48.609,-28.062],[-48.617,-28.067],[-48.617,-28.071],[-48.622,-28.076],[-48.625,-28.075],[-48.629,-28.079],[-48.628,-28.083],[-48.631,-28.083],[-48.632,-28.086],[-48.631,-28.094],[-48.633,-28.096],[-48.634,-28.103],[-48.637,-28.103],[-48.637,-28.107],[-48.63,-28.108],[-48.634,-28.113],[-48.636,-28.115],[-48.634,-28.119],[-48.63,-28.119],[-48.632,-28.123],[-48.637,-28.122],[-48.64,-28.124],[-48.642,-28.13],[-48.642,-28.137],[-48.64,-28.139],[-48.636,-28.139],[-48.639,-28.142],[-48.646,-28.144],[-48.647,-28.15],[-48.652,-28.154],[-48.658,-28.168],[-48.661,-28.175],[-48.663,-28.184],[-48.662,-28.192],[-48.657,-28.194],[-48.658,-28.198],[-48.661,-28.199],[-48.661,-28.203],[-48.665,-28.204],[-48.666,-28.207],[-48.662,-28.209],[-48.663,-28.212],[-48.667,-28.212],[-48.666,-28.219],[-48.661,-28.227],[-48.654,-28.232],[-48.65,-28.232],[-48.651,-28.229],[-48.649,-28.228],[-48.645,-28.234],[-48.648,-28.235],[-48.653,-28.24],[-48.657,-28.24],[-48.66,-28.244],[-48.668,-28.249],[-48.675,-28.256],[-48.683,-28.266],[-48.695,-28.286],[-48.703,-28.304],[-48.709,-28.323],[-48.709,-28.331],[-48.707,-28.335],[-48.703,-28.338],[-48.699,-28.336],[-48.698,-28.338],[-48.702,-28.34],[-48.703,-28.342],[-48.706,-28.341],[-48.711,-28.344],[-48.717,-28.352],[-48.728,-28.367],[-48.736,-28.379],[-48.744,-28.396],[-48.746,-28.405],[-48.747,-28.416],[-48.745,-28.421],[-48.742,-28.421],[-48.738,-28.423],[-48.746,-28.427],[-48.756,-28.44],[-48.761,-28.45],[-48.765,-28.46],[-48.766,-28.469],[-48.765,-28.485],[-48.763,-28.491],[-48.76,-28.495],[-48.753,-28.494],[-48.748,-28.495],[-48.747,-28.505],[-48.748,-28.508],[-48.75,-28.506],[-48.756,-28.511],[-48.761,-28.518],[-48.762,-28.526],[-48.759,-28.527],[-48.762,-28.533],[-48.762,-28.536],[-48.77,-28.538],[-48.782,-28.549],[-48.789,-28.559],[-48.789,-28.564],[-48.785,-28.565],[-48.786,-28.568],[-48.791,-28.567],[-48.796,-28.569],[-48.804,-28.575],[-48.813,-28.585],[-48.817,-28.593],[-48.817,-28.601],[-48.812,-28.603],[-48.813,-28.605],[-48.819,-28.609],[-48.822,-28.607],[-48.828,-28.607],[-48.837,-28.61],[-48.837,-28.613],[-48.84,-28.61],[-48.852,-28.613],[-48.858,-28.616],[-48.862,-28.617],[-48.888,-28.628],[-48.921,-28.644],[-48.953,-28.66],[-48.96,-28.664],[-48.975,-28.671],[-49.006,-28.69],[-49.017,-28.696],[-49.056,-28.72],[-49.075,-28.73],[-49.08,-28.733],[-49.12,-28.758],[-49.166,-28.788],[-49.186,-28.802],[-49.188,-28.802],[-49.189,-28.804],[-49.205,-28.815],[-49.213,-28.822],[-49.231,-28.835],[-49.245,-28.846],[-49.268,-28.865],[-49.285,-28.879],[-49.29,-28.883],[-49.297,-28.89],[-49.304,-28.894],[-49.312,-28.9],[-49.314,-28.9],[-49.318,-28.905],[-49.331,-28.916],[-49.348,-28.931],[-49.376,-28.956],[-49.408,-28.985],[-49.422,-28.998],[-49.425,-29.001],[-49.45,-29.026],[-49.452,-29.028],[-49.473,-29.049],[-49.492,-29.07],[-49.493,-29.07],[-49.516,-29.096],[-49.523,-29.102],[-49.53,-29.111],[-49.543,-29.125],[-49.564,-29.147],[-49.566,-29.149],[-49.597,-29.183],[-49.61,-29.198],[-49.626,-29.216],[-49.632,-29.223],[-49.645,-29.238],[-49.684,-29.283],[-49.71,-29.317],[-49.713,-29.326],[-49.723,-29.327],[-49.731,-29.329],[-49.734,-29.326],[-49.739,-29.326],[-49.741,-29.329],[-49.744,-29.329],[-49.747,-29.324],[-49.744,-29.32],[-49.731,-29.318],[-49.734,-29.312],[-49.738,-29.31],[-49.737,-29.314],[-49.739,-29.315],[-49.744,-29.311],[-49.745,-29.307],[-49.741,-29.307],[-49.742,-29.302],[-49.739,-29.302],[-49.742,-29.299],[-49.749,-29.297],[-49.754,-29.299],[-49.762,-29.3],[-49.768,-29.3],[-49.777,-29.297],[-49.78,-29.291],[-49.783,-29.29],[-49.792,-29.286],[-49.796,-29.289],[-49.799,-29.287],[-49.81,-29.287],[-49.812,-29.284],[-49.816,-29.286],[-49.822,-29.283],[-49.824,-29.278],[-49.826,-29.279],[-49.83,-29.276],[-49.833,-29.277],[-49.836,-29.275],[-49.838,-29.279],[-49.841,-29.276],[-49.843,-29.278],[-49.847,-29.272],[-49.843,-29.271],[-49.845,-29.268],[-49.842,-29.263],[-49.844,-29.259],[-49.855,-29.257],[-49.852,-29.253],[-49.853,-29.25],[-49.849,-29.25],[-49.849,-29.247],[-49.853,-29.244],[-49.857,-29.245],[-49.859,-29.242],[-49.856,-29.24],[-49.857,-29.233],[-49.87,-29.224],[-49.877,-29.225],[-49.878,-29.223],[-49.888,-29.219],[-49.891,-29.219],[-49.898,-29.214],[-49.903,-29.215],[-49.906,-29.212],[-49.913,-29.208],[-49.917,-29.208],[-49.925,-29.206],[-49.933,-29.208],[-49.943,-29.206],[-49.946,-29.201],[-49.954,-29.201],[-49.958,-29.2],[-49.965,-29.199],[-49.968,-29.203],[-49.971,-29.205],[-49.969,-29.211],[-49.976,-29.215],[-49.979,-29.219],[-49.997,-29.228],[-50.005,-29.225],[-50.01,-29.225],[-50.017,-29.228],[-50.021,-29.228],[-50.026,-29.231],[-50.035,-29.233],[-50.037,-29.238],[-50.041,-29.24],[-50.047,-29.239],[-50.052,-29.242],[-50.056,-29.241],[-50.061,-29.241],[-50.065,-29.244],[-50.063,-29.247],[-50.067,-29.249],[-50.068,-29.245],[-50.071,-29.248],[-50.079,-29.251],[-50.082,-29.25],[-50.089,-29.254],[-50.095,-29.251],[-50.101,-29.256],[-50.108,-29.253],[-50.106,-29.256],[-50.111,-29.258],[-50.114,-29.258],[-50.115,-29.262],[-50.112,-29.267],[-50.114,-29.268],[-50.108,-29.276],[-50.109,-29.279],[-50.101,-29.284],[-50.1,-29.288],[-50.092,-29.294],[-50.092,-29.298],[-50.088,-29.299],[-50.076,-29.308],[-50.069,-29.312],[-50.065,-29.311],[-50.063,-29.315],[-50.059,-29.316],[-50.051,-29.324],[-50.051,-29.329],[-50.049,-29.333],[-50.045,-29.335],[-50.043,-29.34],[-50.035,-29.348],[-50.035,-29.35],[-50.041,-29.355],[-50.039,-29.347],[-50.047,-29.34],[-50.051,-29.339],[-50.06,-29.344],[-50.06,-29.341],[-50.056,-29.339],[-50.069,-29.342],[-50.066,-29.339],[-50.06,-29.339],[-50.06,-29.335],[-50.066,-29.336],[-50.065,-29.333],[-50.058,-29.33],[-50.058,-29.328],[-50.071,-29.329],[-50.074,-29.328],[-50.066,-29.323],[-50.075,-29.324],[-50.072,-29.321],[-50.078,-29.323],[-50.081,-29.321],[-50.088,-29.324],[-50.088,-29.322],[-50.085,-29.315],[-50.088,-29.315],[-50.091,-29.311],[-50.099,-29.311],[-50.104,-29.31],[-50.104,-29.307],[-50.111,-29.306],[-50.113,-29.304],[-50.106,-29.301],[-50.106,-29.298],[-50.116,-29.299],[-50.12,-29.297],[-50.117,-29.292],[-50.124,-29.287],[-50.123,-29.282],[-50.128,-29.282],[-50.13,-29.287],[-50.13,-29.292],[-50.128,-29.298],[-50.131,-29.304],[-50.136,-29.3],[-50.136,-29.297],[-50.139,-29.293],[-50.145,-29.294],[-50.14,-29.29],[-50.141,-29.287],[-50.144,-29.284],[-50.14,-29.282],[-50.144,-29.28],[-50.15,-29.285],[-50.143,-29.276],[-50.144,-29.266],[-50.14,-29.267],[-50.146,-29.262],[-50.146,-29.257],[-50.14,-29.257],[-50.139,-29.254],[-50.149,-29.254],[-50.149,-29.25],[-50.152,-29.248],[-50.156,-29.253],[-50.161,-29.255],[-50.162,-29.252],[-50.155,-29.248],[-50.17,-29.25],[-50.177,-29.249],[-50.172,-29.247],[-50.152,-29.243],[-50.141,-29.238],[-50.139,-29.232],[-50.142,-29.232],[-50.141,-29.228],[-50.151,-29.23],[-50.15,-29.226],[-50.147,-29.219],[-50.144,-29.219],[-50.143,-29.217],[-50.135,-29.215],[-50.137,-29.213],[-50.134,-29.208],[-50.14,-29.207],[-50.141,-29.202],[-50.149,-29.202],[-50.161,-29.204],[-50.158,-29.202],[-50.146,-29.198],[-50.138,-29.194],[-50.138,-29.198],[-50.131,-29.196],[-50.127,-29.198],[-50.12,-29.198],[-50.127,-29.201],[-50.118,-29.202],[-50.121,-29.204],[-50.115,-29.206],[-50.116,-29.209],[-50.111,-29.208],[-50.108,-29.211],[-50.099,-29.211],[-50.093,-29.213],[-50.099,-29.22],[-50.098,-29.222],[-50.102,-29.225],[-50.105,-29.226],[-50.11,-29.223],[-50.113,-29.225],[-50.111,-29.229],[-50.106,-29.229],[-50.111,-29.235],[-50.112,-29.239],[-50.108,-29.235],[-50.102,-29.231],[-50.099,-29.227],[-50.094,-29.224],[-50.092,-29.227],[-50.099,-29.236],[-50.094,-29.237],[-50.091,-29.233],[-50.084,-29.227],[-50.088,-29.223],[-50.085,-29.217],[-50.081,-29.215],[-50.074,-29.217],[-50.067,-29.215],[-50.05,-29.215],[-50.053,-29.213],[-50.067,-29.214],[-50.074,-29.216],[-50.084,-29.214],[-50.091,-29.22],[-50.089,-29.216],[-50.092,-29.217],[-50.09,-29.212],[-50.085,-29.205],[-50.085,-29.198],[-50.09,-29.201],[-50.097,-29.2],[-50.085,-29.194],[-50.089,-29.192],[-50.087,-29.189],[-50.088,-29.184],[-50.091,-29.18],[-50.098,-29.181],[-50.093,-29.178],[-50.097,-29.175],[-50.096,-29.166],[-50.102,-29.164],[-50.1,-29.16],[-50.097,-29.159],[-50.09,-29.161],[-50.081,-29.158],[-50.08,-29.155],[-50.063,-29.155],[-50.068,-29.157],[-50.062,-29.158],[-50.068,-29.159],[-50.073,-29.157],[-50.08,-29.158],[-50.077,-29.159],[-50.09,-29.164],[-50.093,-29.168],[-50.093,-29.171],[-50.086,-29.171],[-50.09,-29.173],[-50.089,-29.175],[-50.08,-29.175],[-50.078,-29.176],[-50.082,-29.18],[-50.081,-29.182],[-50.074,-29.181],[-50.079,-29.185],[-50.073,-29.188],[-50.061,-29.175],[-50.06,-29.18],[-50.067,-29.191],[-50.068,-29.195],[-50.063,-29.186],[-50.054,-29.183],[-50.051,-29.18],[-50.051,-29.185],[-50.043,-29.184],[-50.039,-29.177],[-50.032,-29.175],[-50.031,-29.178],[-50.016,-29.183],[-50.012,-29.183],[-50.022,-29.177],[-50.019,-29.174],[-50.029,-29.172],[-50.024,-29.167],[-50.028,-29.165],[-50.023,-29.164],[-50.022,-29.168],[-50.018,-29.163],[-50.021,-29.158],[-50.021,-29.151],[-50.018,-29.155],[-50.016,-29.153],[-50.009,-29.157],[-50.011,-29.15],[-50.006,-29.15],[-50.009,-29.146],[-50.005,-29.141],[-50.01,-29.139],[-50.007,-29.134],[-50.012,-29.132],[-50.013,-29.127],[-50.008,-29.121],[-50.004,-29.121],[-50.009,-29.126],[-50.006,-29.129],[-50.002,-29.127],[-49.998,-29.131],[-49.994,-29.131],[-49.99,-29.129],[-49.989,-29.132],[-49.992,-29.136],[-49.986,-29.136],[-49.982,-29.139],[-49.978,-29.137],[-49.979,-29.134],[-49.984,-29.137],[-49.987,-29.126],[-49.989,-29.124],[-49.993,-29.118],[-49.983,-29.117],[-49.982,-29.119],[-49.977,-29.116],[-49.978,-29.119],[-49.969,-29.116],[-49.969,-29.121],[-49.963,-29.117],[-49.964,-29.115],[-49.968,-29.115],[-49.968,-29.109],[-49.97,-29.101],[-49.964,-29.1],[-49.967,-29.094],[-49.966,-29.089],[-49.968,-29.084],[-49.965,-29.082],[-49.956,-29.085],[-49.954,-29.077],[-49.959,-29.074],[-49.96,-29.071],[-49.958,-29.068],[-49.949,-29.069],[-49.952,-29.066],[-49.951,-29.061],[-49.945,-29.063],[-49.942,-29.059],[-49.946,-29.056],[-49.957,-29.063],[-49.957,-29.066],[-49.965,-29.066],[-49.97,-29.069],[-49.968,-29.065],[-49.973,-29.066],[-49.98,-29.069],[-49.985,-29.068],[-49.988,-29.069],[-49.986,-29.073],[-49.99,-29.07],[-49.994,-29.07],[-50.003,-29.073],[-50.002,-29.069],[-49.994,-29.066],[-49.993,-29.064],[-49.986,-29.063],[-49.981,-29.059],[-49.977,-29.059],[-49.97,-29.054],[-49.97,-29.052],[-49.961,-29.051],[-49.96,-29.047],[-49.961,-29.044],[-49.956,-29.042],[-49.955,-29.038],[-49.956,-29.035],[-49.951,-29.034],[-49.946,-29.031],[-49.948,-29.027],[-49.941,-29.021],[-49.947,-29.021],[-49.951,-29.024],[-49.95,-29.021],[-49.961,-29.023],[-49.966,-29.023],[-49.963,-29.018],[-49.957,-29.012],[-49.959,-29.01],[-49.954,-29.006],[-49.945,-28.992],[-49.943,-28.993],[-49.943,-28.998],[-49.94,-28.992],[-49.945,-28.989],[-49.942,-28.982],[-49.938,-28.979],[-49.936,-28.98],[-49.936,-28.985],[-49.934,-28.982],[-49.928,-28.979],[-49.924,-28.981],[-49.924,-28.983],[-49.92,-28.978],[-49.925,-28.976],[-49.931,-28.976],[-49.934,-28.966],[-49.942,-28.963],[-49.954,-28.962],[-49.958,-28.963],[-49.955,-28.952],[-49.956,-28.949],[-49.959,-28.945],[-49.958,-28.939],[-49.96,-28.936],[-49.956,-28.929],[-49.952,-28.93],[-49.95,-28.936],[-49.951,-28.927],[-49.953,-28.926],[-49.96,-28.927],[-49.965,-28.926],[-49.969,-28.922],[-49.963,-28.919],[-49.963,-28.914],[-49.958,-28.906],[-49.958,-28.902],[-49.952,-28.9],[-49.95,-28.898],[-49.95,-28.894],[-49.952,-28.893],[-49.948,-28.89],[-49.951,-28.888],[-49.946,-28.885],[-49.944,-28.88],[-49.937,-28.879],[-49.936,-28.875],[-49.932,-28.872],[-49.938,-28.873],[-49.941,-28.876],[-49.951,-28.881],[-49.954,-28.88],[-49.949,-28.876],[-49.952,-28.874],[-49.952,-28.87],[-49.957,-28.87],[-49.969,-28.877],[-49.969,-28.87],[-49.962,-28.864],[-49.957,-28.862],[-49.956,-28.857],[-49.962,-28.852],[-49.962,-28.846],[-49.96,-28.841],[-49.96,-28.838],[-49.957,-28.835],[-49.958,-28.829],[-49.965,-28.828],[-49.966,-28.82],[-49.964,-28.811],[-49.962,-28.807],[-49.963,-28.799],[-49.96,-28.798],[-49.951,-28.802],[-49.958,-28.795],[-49.959,-28.787],[-49.957,-28.784],[-49.961,-28.781],[-49.962,-28.778],[-49.959,-28.776],[-49.961,-28.772],[-49.954,-28.767],[-49.951,-28.767],[-49.95,-28.763],[-49.953,-28.76],[-49.952,-28.757],[-49.949,-28.757],[-49.951,-28.753],[-49.946,-28.752],[-49.942,-28.753],[-49.937,-28.757],[-49.928,-28.754],[-49.929,-28.75],[-49.922,-28.746],[-49.927,-28.74],[-49.931,-28.738],[-49.929,-28.733],[-49.932,-28.732],[-49.935,-28.726],[-49.931,-28.723],[-49.926,-28.718],[-49.917,-28.717],[-49.905,-28.708],[-49.906,-28.712],[-49.908,-28.714],[-49.914,-28.724],[-49.909,-28.722],[-49.905,-28.718],[-49.898,-28.721],[-49.897,-28.726],[-49.893,-28.723],[-49.883,-28.717],[-49.881,-28.722],[-49.885,-28.726],[-49.886,-28.73],[-49.891,-28.738],[-49.887,-28.74],[-49.889,-28.746],[-49.881,-28.747],[-49.878,-28.744],[-49.88,-28.74],[-49.878,-28.737],[-49.883,-28.738],[-49.868,-28.722],[-49.875,-28.723],[-49.869,-28.716],[-49.872,-28.717],[-49.87,-28.709],[-49.872,-28.703],[-49.869,-28.701],[-49.863,-28.7],[-49.861,-28.704],[-49.852,-28.704],[-49.853,-28.706],[-49.846,-28.704],[-49.847,-28.71],[-49.843,-28.708],[-49.845,-28.714],[-49.84,-28.713],[-49.836,-28.708],[-49.842,-28.708],[-49.842,-28.706],[-49.84,-28.701],[-49.835,-28.698],[-49.834,-28.693],[-49.827,-28.692],[-49.823,-28.694],[-49.815,-28.688],[-49.814,-28.686],[-49.823,-28.688],[-49.825,-28.687],[-49.831,-28.689],[-49.838,-28.69],[-49.836,-28.687],[-49.84,-28.686],[-49.837,-28.681],[-49.837,-28.678],[-49.841,-28.677],[-49.838,-28.672],[-49.839,-28.667],[-49.834,-28.666],[-49.831,-28.668],[-49.825,-28.666],[-49.823,-28.659],[-49.816,-28.658],[-49.811,-28.652],[-49.823,-28.655],[-49.813,-28.648],[-49.816,-28.647],[-49.815,-28.643],[-49.819,-28.643],[-49.814,-28.636],[-49.809,-28.635],[-49.807,-28.628],[-49.804,-28.628],[-49.798,-28.624],[-49.798,-28.618],[-49.795,-28.615],[-49.791,-28.614],[-49.783,-28.61],[-49.781,-28.612],[-49.785,-28.62],[-49.784,-28.624],[-49.781,-28.626],[-49.779,-28.629],[-49.772,-28.627],[-49.766,-28.621],[-49.757,-28.615],[-49.757,-28.622],[-49.755,-28.624],[-49.757,-28.627],[-49.754,-28.628],[-49.744,-28.624],[-49.737,-28.624],[-49.728,-28.624],[-49.723,-28.626],[-49.716,-28.624],[-49.706,-28.628],[-49.704,-28.63],[-49.703,-28.629],[-49.694,-28.626],[-49.691,-28.621],[-49.692,-28.619],[-49.697,-28.615],[-49.698,-28.607],[-49.703,-28.604],[-49.704,-28.606],[-49.71,-28.604],[-49.709,-28.596],[-49.713,-28.594],[-49.71,-28.589],[-49.711,-28.587],[-49.708,-28.582],[-49.709,-28.579],[-49.713,-28.577],[-49.712,-28.572],[-49.718,-28.577],[-49.726,-28.57],[-49.727,-28.563],[-49.731,-28.551],[-49.737,-28.551],[-49.74,-28.547],[-49.746,-28.55],[-49.749,-28.546],[-49.749,-28.542],[-49.747,-28.535],[-49.735,-28.524],[-49.727,-28.519],[-49.728,-28.516],[-49.735,-28.514],[-49.739,-28.509],[-49.746,-28.507],[-49.744,-28.503],[-49.739,-28.5],[-49.743,-28.495],[-49.748,-28.494],[-49.754,-28.498],[-49.765,-28.501],[-49.771,-28.494],[-49.77,-28.488],[-49.765,-28.484],[-49.768,-28.477],[-49.764,-28.461],[-49.766,-28.459],[-49.772,-28.464],[-49.773,-28.468],[-49.781,-28.472],[-49.782,-28.474],[-49.778,-28.477],[-49.786,-28.488],[-49.785,-28.492],[-49.781,-28.495],[-49.782,-28.497],[-49.791,-28.496],[-49.795,-28.489],[-49.804,-28.484],[-49.809,-28.469],[-49.813,-28.468],[-49.816,-28.469],[-49.817,-28.47],[-49.816,-28.48],[-49.811,-28.483],[-49.812,-28.485],[-49.818,-28.484],[-49.824,-28.479],[-49.827,-28.48],[-49.829,-28.485],[-49.832,-28.487],[-49.836,-28.494],[-49.839,-28.496],[-49.845,-28.495],[-49.845,-28.491],[-49.84,-28.487],[-49.844,-28.485],[-49.852,-28.488],[-49.864,-28.489],[-49.867,-28.489],[-49.869,-28.481],[-49.863,-28.472],[-49.864,-28.463],[-49.873,-28.459],[-49.878,-28.455],[-49.871,-28.451],[-49.861,-28.45],[-49.856,-28.448],[-49.854,-28.445],[-49.86,-28.442],[-49.87,-28.442],[-49.877,-28.444],[-49.88,-28.447],[-49.886,-28.446],[-49.888,-28.442],[-49.893,-28.44],[-49.898,-28.443],[-49.898,-28.446],[-49.893,-28.45],[-49.889,-28.457],[-49.889,-28.459],[-49.893,-28.463],[-49.9,-28.465],[-49.906,-28.464],[-49.908,-28.462],[-49.919,-28.458],[-49.923,-28.453],[-49.929,-28.451],[-49.932,-28.454],[-49.937,-28.457],[-49.938,-28.46],[-49.934,-28.461],[-49.929,-28.467],[-49.929,-28.472],[-49.936,-28.477],[-49.942,-28.482],[-49.946,-28.482],[-49.948,-28.473],[-49.951,-28.467],[-49.952,-28.451],[-49.956,-28.449],[-49.961,-28.451],[-49.965,-28.456],[-49.969,-28.453],[-49.971,-28.44],[-49.973,-28.439],[-49.981,-28.441],[-49.988,-28.445],[-49.99,-28.448],[-49.986,-28.455],[-49.989,-28.457],[-49.995,-28.457],[-50.002,-28.458],[-50.014,-28.451],[-50.02,-28.452],[-50.024,-28.459],[-50.024,-28.468],[-50.027,-28.474],[-50.034,-28.476],[-50.04,-28.48],[-50.045,-28.479],[-50.051,-28.476],[-50.06,-28.476],[-50.066,-28.477],[-50.073,-28.481],[-50.082,-28.473],[-50.086,-28.473],[-50.091,-28.476],[-50.097,-28.484],[-50.1,-28.486],[-50.103,-28.484],[-50.105,-28.476],[-50.111,-28.473],[-50.122,-28.476],[-50.126,-28.474],[-50.127,-28.466],[-50.117,-28.456],[-50.113,-28.452],[-50.111,-28.445],[-50.112,-28.441],[-50.116,-28.437],[-50.126,-28.429],[-50.13,-28.43],[-50.127,-28.437],[-50.129,-28.441],[-50.139,-28.443],[-50.147,-28.45],[-50.147,-28.457],[-50.149,-28.461],[-50.151,-28.459],[-50.157,-28.458],[-50.161,-28.46],[-50.159,-28.465],[-50.146,-28.477],[-50.144,-28.481],[-50.143,-28.488],[-50.139,-28.493],[-50.14,-28.495],[-50.146,-28.496],[-50.154,-28.498],[-50.159,-28.497],[-50.163,-28.495],[-50.162,-28.491],[-50.162,-28.479],[-50.165,-28.471],[-50.173,-28.459],[-50.178,-28.452],[-50.188,-28.453],[-50.199,-28.445],[-50.204,-28.444],[-50.207,-28.45],[-50.216,-28.46],[-50.223,-28.463],[-50.236,-28.457],[-50.239,-28.445],[-50.241,-28.44],[-50.242,-28.432],[-50.247,-28.428],[-50.25,-28.43],[-50.257,-28.438],[-50.264,-28.443],[-50.263,-28.446],[-50.257,-28.446],[-50.25,-28.447],[-50.251,-28.449],[-50.255,-28.449],[-50.273,-28.457],[-50.292,-28.451],[-50.301,-28.439],[-50.306,-28.437],[-50.315,-28.438],[-50.323,-28.434],[-50.329,-28.434],[-50.336,-28.437],[-50.34,-28.441],[-50.338,-28.448],[-50.337,-28.456],[-50.34,-28.462],[-50.346,-28.464],[-50.352,-28.457],[-50.352,-28.449],[-50.348,-28.435],[-50.348,-28.432],[-50.351,-28.425],[-50.356,-28.421],[-50.361,-28.42],[-50.368,-28.421],[-50.375,-28.43],[-50.377,-28.435],[-50.376,-28.443],[-50.379,-28.446],[-50.382,-28.447],[-50.39,-28.444],[-50.392,-28.436],[-50.394,-28.433],[-50.41,-28.434],[-50.416,-28.433],[-50.425,-28.433],[-50.429,-28.434],[-50.436,-28.431],[-50.447,-28.424],[-50.449,-28.422],[-50.455,-28.412],[-50.457,-28.411],[-50.47,-28.415],[-50.475,-28.415],[-50.489,-28.412],[-50.501,-28.413],[-50.508,-28.407],[-50.514,-28.405],[-50.523,-28.403],[-50.528,-28.404],[-50.532,-28.408],[-50.529,-28.415],[-50.528,-28.423],[-50.531,-28.429],[-50.538,-28.43],[-50.544,-28.428],[-50.551,-28.42],[-50.559,-28.417],[-50.565,-28.413],[-50.569,-28.408],[-50.569,-28.403],[-50.577,-28.394],[-50.587,-28.386],[-50.593,-28.382],[-50.601,-28.382],[-50.605,-28.388],[-50.61,-28.393],[-50.614,-28.394],[-50.624,-28.393],[-50.626,-28.392],[-50.632,-28.383],[-50.633,-28.379],[-50.632,-28.375],[-50.629,-28.37],[-50.629,-28.364],[-50.64,-28.355],[-50.645,-28.348],[-50.655,-28.342],[-50.662,-28.34],[-50.665,-28.338],[-50.664,-28.333],[-50.659,-28.326],[-50.659,-28.323],[-50.665,-28.313],[-50.678,-28.3],[-50.695,-28.289],[-50.696,-28.285],[-50.694,-28.277],[-50.696,-28.27],[-50.699,-28.266],[-50.705,-28.267],[-50.711,-28.267],[-50.716,-28.263],[-50.73,-28.257],[-50.742,-28.25],[-50.747,-28.249],[-50.754,-28.245],[-50.753,-28.233],[-50.755,-28.225],[-50.756,-28.215],[-50.76,-28.207],[-50.761,-28.195],[-50.764,-28.189],[-50.768,-28.189],[-50.772,-28.196],[-50.777,-28.2],[-50.784,-28.201],[-50.789,-28.198],[-50.789,-28.189],[-50.784,-28.182],[-50.783,-28.176],[-50.787,-28.171],[-50.792,-28.161],[-50.792,-28.155],[-50.787,-28.151],[-50.785,-28.147],[-50.786,-28.142],[-50.794,-28.139],[-50.803,-28.139],[-50.809,-28.141],[-50.818,-28.141],[-50.822,-28.138],[-50.825,-28.124],[-50.827,-28.12],[-50.83,-28.118],[-50.837,-28.119],[-50.844,-28.127],[-50.859,-28.14],[-50.866,-28.141],[-50.872,-28.137],[-50.875,-28.131],[-50.874,-28.127],[-50.869,-28.116],[-50.869,-28.111],[-50.87,-28.106],[-50.876,-28.095],[-50.884,-28.09],[-50.889,-28.089],[-50.899,-28.09],[-50.903,-28.088],[-50.903,-28.083],[-50.898,-28.076],[-50.886,-28.072],[-50.879,-28.064],[-50.875,-28.054],[-50.875,-28.041],[-50.877,-28.038],[-50.89,-28.023],[-50.895,-28.02],[-50.908,-28.015],[-50.92,-28.013],[-50.923,-28.012],[-50.924,-28.009],[-50.921,-28.001],[-50.926,-27.995],[-50.928,-27.991],[-50.923,-27.98],[-50.924,-27.972],[-50.926,-27.969],[-50.931,-27.968],[-50.94,-27.969],[-50.947,-27.967],[-50.959,-27.96],[-50.974,-27.954],[-50.977,-27.952],[-50.978,-27.948],[-50.982,-27.941],[-50.986,-27.941],[-50.994,-27.946],[-50.997,-27.953],[-51.001,-27.962],[-51.005,-27.965],[-51.009,-27.964],[-51.019,-27.957],[-51.021,-27.951],[-51.022,-27.945],[-51.016,-27.933],[-51.016,-27.926],[-51.02,-27.922],[-51.037,-27.915],[-51.041,-27.912],[-51.051,-27.908],[-51.056,-27.904],[-51.058,-27.897],[-51.056,-27.883],[-51.053,-27.874],[-51.053,-27.869],[-51.057,-27.866],[-51.067,-27.865],[-51.074,-27.864],[-51.079,-27.862],[-51.08,-27.858],[-51.077,-27.849],[-51.077,-27.842],[-51.082,-27.834],[-51.09,-27.83],[-51.098,-27.827],[-51.111,-27.829],[-51.121,-27.833],[-51.127,-27.833],[-51.131,-27.83],[-51.129,-27.823],[-51.132,-27.807],[-51.135,-27.804],[-51.141,-27.803],[-51.154,-27.804],[-51.16,-27.801],[-51.188,-27.778],[-51.192,-27.776],[-51.203,-27.778],[-51.209,-27.777],[-51.22,-27.77],[-51.226,-27.771],[-51.232,-27.778],[-51.235,-27.78],[-51.24,-27.779],[-51.243,-27.776],[-51.246,-27.77],[-51.246,-27.761],[-51.248,-27.759],[-51.257,-27.754],[-51.272,-27.752],[-51.275,-27.748],[-51.275,-27.742],[-51.273,-27.736],[-51.273,-27.73],[-51.274,-27.726],[-51.278,-27.723],[-51.283,-27.723],[-51.294,-27.725],[-51.301,-27.724],[-51.307,-27.721],[-51.31,-27.718],[-51.31,-27.713],[-51.303,-27.706],[-51.302,-27.703],[-51.311,-27.696],[-51.313,-27.692],[-51.313,-27.679],[-51.315,-27.675],[-51.319,-27.673],[-51.327,-27.671],[-51.332,-27.671],[-51.34,-27.674],[-51.35,-27.68],[-51.36,-27.679],[-51.37,-27.672],[-51.375,-27.667],[-51.378,-27.66],[-51.377,-27.657],[-51.37,-27.64],[-51.372,-27.634],[-51.381,-27.625],[-51.384,-27.624],[-51.389,-27.624],[-51.395,-27.626],[-51.405,-27.632],[-51.41,-27.64],[-51.412,-27.647],[-51.415,-27.652],[-51.419,-27.655],[-51.427,-27.656],[-51.432,-27.656],[-51.437,-27.652],[-51.438,-27.644],[-51.436,-27.634],[-51.437,-27.63],[-51.445,-27.619],[-51.457,-27.607],[-51.462,-27.605],[-51.47,-27.603],[-51.475,-27.601],[-51.478,-27.596],[-51.478,-27.59],[-51.477,-27.579],[-51.478,-27.57],[-51.483,-27.563],[-51.491,-27.559],[-51.502,-27.556],[-51.508,-27.556],[-51.517,-27.558],[-51.525,-27.561],[-51.537,-27.563],[-51.548,-27.559],[-51.552,-27.56],[-51.555,-27.564],[-51.556,-27.575],[-51.558,-27.58],[-51.561,-27.583],[-51.567,-27.584],[-51.572,-27.583],[-51.579,-27.576],[-51.586,-27.57],[-51.587,-27.563],[-51.58,-27.545],[-51.578,-27.53],[-51.58,-27.524],[-51.585,-27.522],[-51.591,-27.523],[-51.599,-27.529],[-51.608,-27.541],[-51.615,-27.545],[-51.623,-27.546],[-51.631,-27.541],[-51.632,-27.538],[-51.631,-27.527],[-51.625,-27.517],[-51.62,-27.502],[-51.62,-27.497],[-51.623,-27.493],[-51.633,-27.489],[-51.637,-27.489],[-51.643,-27.491],[-51.646,-27.497],[-51.647,-27.503],[-51.646,-27.51],[-51.647,-27.516],[-51.651,-27.52],[-51.66,-27.519],[-51.665,-27.517],[-51.676,-27.508],[-51.678,-27.505],[-51.677,-27.501],[-51.674,-27.498],[-51.673,-27.492],[-51.673,-27.488],[-51.678,-27.483],[-51.684,-27.48],[-51.692,-27.478],[-51.701,-27.48],[-51.71,-27.488],[-51.714,-27.499],[-51.717,-27.511],[-51.72,-27.514],[-51.728,-27.513],[-51.733,-27.51],[-51.738,-27.504],[-51.744,-27.495],[-51.752,-27.488],[-51.76,-27.487],[-51.776,-27.49],[-51.786,-27.491],[-51.794,-27.49],[-51.799,-27.491],[-51.802,-27.494],[-51.803,-27.499],[-51.802,-27.504],[-51.798,-27.509],[-51.789,-27.514],[-51.785,-27.521],[-51.786,-27.528],[-51.791,-27.531],[-51.799,-27.53],[-51.808,-27.525],[-51.815,-27.517],[-51.822,-27.513],[-51.827,-27.513],[-51.831,-27.515],[-51.837,-27.522],[-51.843,-27.525],[-51.85,-27.525],[-51.855,-27.518],[-51.854,-27.513],[-51.851,-27.507],[-51.846,-27.498],[-51.843,-27.489],[-51.844,-27.483],[-51.848,-27.478],[-51.858,-27.475],[-51.868,-27.477],[-51.876,-27.482],[-51.88,-27.487],[-51.88,-27.492],[-51.879,-27.499],[-51.875,-27.508],[-51.874,-27.513],[-51.875,-27.518],[-51.881,-27.521],[-51.891,-27.52],[-51.895,-27.517],[-51.901,-27.499],[-51.903,-27.491],[-51.9,-27.478],[-51.9,-27.464],[-51.904,-27.46],[-51.912,-27.458],[-51.918,-27.458],[-51.927,-27.462],[-51.937,-27.469],[-51.951,-27.475],[-51.956,-27.475],[-51.96,-27.473],[-51.964,-27.468],[-51.964,-27.464],[-51.962,-27.461],[-51.953,-27.457],[-51.942,-27.449],[-51.934,-27.439],[-51.933,-27.435],[-51.936,-27.429],[-51.951,-27.417],[-51.958,-27.414],[-51.969,-27.411],[-51.996,-27.41],[-52.003,-27.408],[-52.008,-27.402],[-52.007,-27.395],[-52.001,-27.391],[-51.991,-27.389],[-51.982,-27.389],[-51.976,-27.39],[-51.97,-27.392],[-51.957,-27.395],[-51.951,-27.395],[-51.949,-27.392],[-51.949,-27.386],[-51.952,-27.38],[-51.962,-27.375],[-51.968,-27.373],[-51.975,-27.372],[-51.983,-27.375],[-51.992,-27.378],[-51.997,-27.378],[-52.006,-27.375],[-52.017,-27.368],[-52.023,-27.362],[-52.023,-27.355],[-52.011,-27.347],[-52.007,-27.339],[-52.008,-27.334],[-52.015,-27.331],[-52.02,-27.332],[-52.038,-27.344],[-52.047,-27.347],[-52.054,-27.345],[-52.062,-27.341],[-52.072,-27.338],[-52.079,-27.339],[-52.082,-27.34],[-52.092,-27.347],[-52.097,-27.348],[-52.103,-27.347],[-52.107,-27.343],[-52.111,-27.337],[-52.111,-27.333],[-52.106,-27.323],[-52.106,-27.313],[-52.108,-27.31],[-52.112,-27.306],[-52.119,-27.303],[-52.126,-27.303],[-52.134,-27.304],[-52.142,-27.306],[-52.161,-27.314],[-52.166,-27.314],[-52.169,-27.309],[-52.168,-27.304],[-52.161,-27.288],[-52.159,-27.282],[-52.161,-27.276],[-52.165,-27.272],[-52.172,-27.272],[-52.18,-27.277],[-52.188,-27.286],[-52.191,-27.292],[-52.203,-27.323],[-52.206,-27.327],[-52.209,-27.331],[-52.216,-27.333],[-52.226,-27.33],[-52.228,-27.327],[-52.231,-27.318],[-52.235,-27.311],[-52.241,-27.304],[-52.248,-27.302],[-52.254,-27.302],[-52.264,-27.304],[-52.273,-27.304],[-52.278,-27.3],[-52.278,-27.297],[-52.276,-27.291],[-52.268,-27.283],[-52.26,-27.279],[-52.242,-27.276],[-52.237,-27.274],[-52.234,-27.269],[-52.235,-27.264],[-52.241,-27.261],[-52.255,-27.256],[-52.261,-27.257],[-52.273,-27.261],[-52.278,-27.261],[-52.288,-27.258],[-52.294,-27.257],[-52.299,-27.258],[-52.305,-27.263],[-52.306,-27.266],[-52.305,-27.275],[-52.302,-27.285],[-52.296,-27.294],[-52.291,-27.305],[-52.292,-27.314],[-52.295,-27.317],[-52.3,-27.319],[-52.306,-27.317],[-52.313,-27.309],[-52.329,-27.302],[-52.332,-27.3],[-52.342,-27.29],[-52.345,-27.288],[-52.352,-27.289],[-52.357,-27.293],[-52.361,-27.299],[-52.367,-27.305],[-52.375,-27.305],[-52.378,-27.304],[-52.381,-27.295],[-52.383,-27.281],[-52.383,-27.272],[-52.381,-27.264],[-52.382,-27.258],[-52.386,-27.254],[-52.392,-27.251],[-52.395,-27.252],[-52.4,-27.257],[-52.4,-27.263],[-52.394,-27.283],[-52.396,-27.291],[-52.4,-27.293],[-52.407,-27.29],[-52.416,-27.285],[-52.427,-27.276],[-52.439,-27.264],[-52.442,-27.258],[-52.442,-27.251],[-52.437,-27.237],[-52.431,-27.227],[-52.43,-27.221],[-52.433,-27.218],[-52.44,-27.216],[-52.448,-27.218],[-52.462,-27.229],[-52.467,-27.231],[-52.475,-27.233],[-52.48,-27.236],[-52.482,-27.241],[-52.482,-27.247],[-52.476,-27.259],[-52.479,-27.266],[-52.483,-27.267],[-52.493,-27.267],[-52.508,-27.264],[-52.519,-27.263],[-52.527,-27.263],[-52.536,-27.26],[-52.539,-27.256],[-52.542,-27.244],[-52.545,-27.241],[-52.547,-27.239],[-52.553,-27.239],[-52.561,-27.248],[-52.566,-27.249],[-52.583,-27.247],[-52.589,-27.247],[-52.594,-27.25],[-52.605,-27.261],[-52.611,-27.264],[-52.618,-27.266],[-52.633,-27.265],[-52.645,-27.262],[-52.647,-27.259],[-52.65,-27.25],[-52.655,-27.242],[-52.66,-27.238],[-52.668,-27.238],[-52.672,-27.241],[-52.676,-27.246],[-52.678,-27.252],[-52.677,-27.263],[-52.68,-27.272],[-52.686,-27.281],[-52.689,-27.284],[-52.695,-27.284],[-52.703,-27.279],[-52.707,-27.275],[-52.707,-27.271],[-52.706,-27.263],[-52.706,-27.256],[-52.711,-27.244],[-52.714,-27.238],[-52.721,-27.235],[-52.727,-27.236],[-52.734,-27.243],[-52.739,-27.254],[-52.742,-27.258],[-52.749,-27.26],[-52.756,-27.258],[-52.761,-27.254],[-52.763,-27.249],[-52.764,-27.243],[-52.763,-27.238],[-52.758,-27.226],[-52.758,-27.217],[-52.761,-27.213],[-52.768,-27.21],[-52.775,-27.208],[-52.786,-27.206],[-52.808,-27.202],[-52.817,-27.203],[-52.821,-27.204],[-52.831,-27.21],[-52.84,-27.211],[-52.846,-27.207],[-52.847,-27.202],[-52.846,-27.191],[-52.843,-27.18],[-52.844,-27.175],[-52.847,-27.172],[-52.851,-27.17],[-52.856,-27.17],[-52.867,-27.173],[-52.877,-27.177],[-52.885,-27.183],[-52.891,-27.19],[-52.899,-27.197],[-52.907,-27.201]]],[[[-48.821,-28.611],[-48.822,-28.61],[-48.821,-28.61],[-48.821,-28.611]]],[[[-48.759,-28.54],[-48.76,-28.539],[-48.758,-28.539],[-48.759,-28.54]]],[[[-48.707,-28.447],[-48.709,-28.449],[-48.71,-28.447],[-48.707,-28.447]]],[[[-48.646,-28.318],[-48.65,-28.325],[-48.65,-28.322],[-48.646,-28.318]]],[[[-48.655,-28.249],[-48.655,-28.247],[-48.653,-28.248],[-48.655,-28.249]]],[[[-48.65,-28.242],[-48.653,-28.241],[-48.651,-28.24],[-48.65,-28.242]]],[[[-48.656,-28.189],[-48.656,-28.19],[-48.657,-28.189],[-48.656,-28.189]]],[[[-48.641,-28.151],[-48.641,-28.155],[-48.644,-28.152],[-48.641,-28.151]]],[[[-48.626,-28.102],[-48.627,-28.102],[-48.627,-28.101],[-48.626,-28.102]]],[[[-48.629,-28.089],[-48.63,-28.089],[-48.63,-28.088],[-48.629,-28.089]]],[[[-48.618,-27.988],[-48.617,-27.986],[-48.617,-27.988],[-48.618,-27.988]]],[[[-48.579,-26.992],[-48.58,-26.993],[-48.58,-26.992],[-48.579,-26.992]]],[[[-48.623,-26.986],[-48.623,-26.987],[-48.625,-26.987],[-48.623,-26.986]]],[[[-48.636,-26.913],[-48.639,-26.913],[-48.64,-26.911],[-48.636,-26.913]]],[[[-48.622,-26.832],[-48.623,-26.831],[-48.621,-26.832],[-48.622,-26.832]]],[[[-48.637,-26.743],[-48.634,-26.745],[-48.639,-26.746],[-48.637,-26.743]]],[[[-48.618,-26.71],[-48.619,-26.71],[-48.618,-26.709],[-48.618,-26.71]]],[[[-48.675,-26.696],[-48.677,-26.695],[-48.675,-26.694],[-48.675,-26.696]]],[[[-48.673,-26.633],[-48.67,-26.633],[-48.671,-26.636],[-48.673,-26.633]]],[[[-48.585,-26.498],[-48.584,-26.497],[-48.583,-26.498],[-48.585,-26.498]]],[[[-48.581,-26.466],[-48.579,-26.468],[-48.582,-26.468],[-48.581,-26.466]]],[[[-48.58,-26.462],[-48.583,-26.46],[-48.579,-26.454],[-48.577,-26.46],[-48.58,-26.462]]],[[[-48.59,-25.976],[-48.591,-25.977],[-48.592,-25.977],[-48.59,-25.976]]],[[[-48.543,-27.941],[-48.546,-27.935],[-48.542,-27.932],[-48.54,-27.938],[-48.543,-27.941]]],[[[-48.445,-27.854],[-48.445,-27.853],[-48.444,-27.853],[-48.445,-27.854]]],[[[-48.429,-27.845],[-48.435,-27.848],[-48.431,-27.844],[-48.429,-27.845]]],[[[-48.43,-27.842],[-48.429,-27.842],[-48.43,-27.843],[-48.43,-27.842]]],[[[-48.431,-27.84],[-48.431,-27.841],[-48.432,-27.84],[-48.431,-27.84]]],[[[-48.53,-27.844],[-48.527,-27.837],[-48.519,-27.834],[-48.521,-27.838],[-48.524,-27.839],[-48.527,-27.845],[-48.53,-27.844]]],[[[-48.509,-27.838],[-48.506,-27.835],[-48.502,-27.835],[-48.502,-27.84],[-48.505,-27.841],[-48.509,-27.838]]],[[[-48.528,-27.833],[-48.53,-27.832],[-48.528,-27.829],[-48.528,-27.833]]],[[[-48.468,-27.698],[-48.467,-27.693],[-48.464,-27.691],[-48.461,-27.692],[-48.464,-27.7],[-48.467,-27.704],[-48.468,-27.698]]],[[[-48.39,-27.611],[-48.39,-27.61],[-48.389,-27.61],[-48.39,-27.611]]],[[[-48.391,-27.61],[-48.392,-27.611],[-48.392,-27.61],[-48.391,-27.61]]],[[[-48.385,-27.611],[-48.388,-27.612],[-48.385,-27.607],[-48.385,-27.611]]],[[[-48.361,-27.488],[-48.366,-27.49],[-48.364,-27.487],[-48.361,-27.488]]],[[[-48.355,-27.484],[-48.357,-27.489],[-48.36,-27.488],[-48.355,-27.484]]],[[[-48.347,-27.442],[-48.348,-27.444],[-48.349,-27.441],[-48.347,-27.442]]],[[[-48.366,-27.426],[-48.368,-27.425],[-48.367,-27.423],[-48.366,-27.426]]],[[[-48.354,-27.419],[-48.355,-27.419],[-48.355,-27.418],[-48.354,-27.419]]],[[[-48.526,-27.33],[-48.527,-27.33],[-48.525,-27.329],[-48.526,-27.33]]],[[[-48.525,-27.328],[-48.525,-27.329],[-48.526,-27.328],[-48.525,-27.328]]],[[[-48.533,-27.304],[-48.528,-27.305],[-48.53,-27.308],[-48.533,-27.304]]],[[[-48.368,-27.289],[-48.371,-27.284],[-48.377,-27.283],[-48.377,-27.279],[-48.375,-27.279],[-48.372,-27.271],[-48.369,-27.271],[-48.367,-27.275],[-48.359,-27.274],[-48.36,-27.281],[-48.358,-27.293],[-48.355,-27.295],[-48.357,-27.3],[-48.36,-27.296],[-48.366,-27.296],[-48.368,-27.289]]],[[[-48.334,-27.275],[-48.33,-27.269],[-48.33,-27.274],[-48.334,-27.275]]],[[[-48.463,-27.204],[-48.468,-27.211],[-48.47,-27.208],[-48.474,-27.209],[-48.474,-27.205],[-48.469,-27.203],[-48.469,-27.206],[-48.463,-27.204]]],[[[-48.411,-27.188],[-48.409,-27.18],[-48.404,-27.177],[-48.402,-27.182],[-48.407,-27.184],[-48.408,-27.188],[-48.411,-27.188]]],[[[-48.4,-27.18],[-48.398,-27.179],[-48.397,-27.181],[-48.4,-27.18]]],[[[-48.55,-27.145],[-48.549,-27.142],[-48.541,-27.136],[-48.539,-27.136],[-48.541,-27.142],[-48.546,-27.145],[-48.55,-27.145]]],[[[-48.567,-26.461],[-48.571,-26.46],[-48.567,-26.458],[-48.567,-26.461]]],[[[-48.525,-26.387],[-48.525,-26.385],[-48.524,-26.386],[-48.525,-26.387]]],[[[-48.523,-26.381],[-48.525,-26.384],[-48.525,-26.381],[-48.523,-26.381]]],[[[-48.522,-26.374],[-48.523,-26.372],[-48.52,-26.37],[-48.522,-26.374]]],[[[-48.522,-26.37],[-48.523,-26.368],[-48.521,-26.369],[-48.522,-26.37]]],[[[-48.491,-26.202],[-48.491,-26.203],[-48.493,-26.203],[-48.491,-26.202]]],[[[-48.487,-26.182],[-48.489,-26.181],[-48.487,-26.18],[-48.487,-26.182]]],[[[-48.486,-26.177],[-48.485,-26.174],[-48.482,-26.175],[-48.484,-26.183],[-48.486,-26.177]]],[[[-48.481,-26.166],[-48.482,-26.167],[-48.482,-26.165],[-48.481,-26.166]]],[[[-48.483,-26.164],[-48.485,-26.166],[-48.486,-26.164],[-48.483,-26.164]]]]}}]}