pessoa,nome,nome_urna,externo
g10004,João Paulo Ferreira,João Paulo,False
g1003,Antonio Francisco Lucio,Guil Lucio,False
g10044,Lucas Almeida Coelho,Lucas Teixeira,False
g10048,Jose William Moreira,Moreirão,False
g10070,Maria Cidaria Lopes dos Santos,Cidaria,False
g10114,Patrícia Araújo Costa,Patricia de Helio,False
g10130,Jose do Bonfim Ferreira de Sousa,Douglas do Alto,False
g10138,Silvana Maria Alves Maciel,Silvana Maciel,False
g10140,Antonia Calda Gomes Olimpio,Claudia do Pt,False
g10158,Francisco Eudes de Freitas Correia,Eudes Freitas,False
g1016,Jose Calixto de Brito Neto,Neto Brito,False
g10195,Leocassio Bruno Cavalcante,Léo Moto Taxi,False
g10200,Francisco Evando de Sousa,Professor Evando,False
g10206,Alberto Anderson Barros Alves,Anderson Alves,False
g10217,Francisco Antonio Soares,Irmão Soares,False
g10228,Maria Santelma Saldanha Pinheiro,Santelma Saldanha,False
g1025,Cosme Epitácio de Sousa,Cosme Epitácio,False
g10320,Raimunda Nonata de Souza,Nonata de Souza,False
g10328,Joao Edeltrudes Soares Neto,João Bonfim,False
g10331,Francisco Evandro Moura da Silva,Evandro da Loterica,False
g10347,Lais Helena Lopes da Silva,Lais Helena,False
g10348,Adailton Josino Alves,Adailton das Uvas,False
g10371,João Francisco Nogueira,Piquet Nogueira,False
g10408,Carlos Antonio Uchoa e Silva,Professor Carlão,False
g10422,Danilo Cavalcante de Sousa,Danilo do Francimar,False
g10423,Maria Evanir Diogenes,Didica Diogenes,False
g10439,Ronilson Francisco de Oliveira,Ronilson Oliveira,False
g10457,Maria Adriana Silva Albino,Adriana do Mansueto,False
g1046,Francisco Antônio Pinheiro,Professor França Pinheiro,False
g10476,Robson Soares de Souza,Ropinha,False
g10478,Antonio Almir da Silva Costa,Almir do Meirús,False
g10493,Daniel Fagner Rodrigues de Sousa,Daniel Sousa,False
g10496,João Paulo de Oliveira Couto Napoli,Paulinho Oliveira,False
g10507,Raimundo Nonato Gomes do Nascimento,Nonatim do Pt,False
g10516,Antonio Amaro Pereira Oliveira,Amaro Pereira,False
g10549,Francisca Leonarda Pereira da Silva,Leonarda do Rdo do Senhorzinho,False
g10568,Vera Lucia Sousa Bezerra,Vera do Violete,False
g1058,Antônio Sérgio de Araújo,Sérgio Araújo,False
g10583,Cosme do Vale Aquino,Cosme Aquino,False
g10584,Maria Helena de Sant Anna,Helena Sant Anna,False
g10592,Jaquelineide Rebouças da Silva,Jaquelineide Silva,False
g10614,Manoel Rodrigues da Silva,Emidio Silva,False
g10636,Francisco Cesar Oliveira de Sousa,Cesar do Julio,False
g10652,Mara Rosele Goncalves de Lima,Mara de Ivete,False
g10653,Maria de Lourdes Paz Felix,Lourdinha Félix,False
g10669,Danilo Policarpo Saraiva,Danilo Saraiva,False
g10678,Robério Nunes da Silva,Irmão Robério da Saúde,False
g10683,Vaniclecio Nogueira de Queiroz,Vaniclecio Nogueira,False
g1069,Francisco Jean Serpa Chaves,Jean Serpa,False
g10715,Maria de Fatima de Sousa Lima,Fatima Sousa,False
g10719,Antonio Bernardino da Silva Filho,Mamá,False
g10725,Rosangela Rodrigues Lima,Rosangela Rodrigues,False
g1083,Francisco de Assis Nunes Cunha,Kico Cunha,False
g10846,Luiza Adeiuza Clementino de Souza,Luh Souza,False
g10873,Antonio Carlos Pereira da Silva,Professor Antonio Carlos,False
g10878,Antonia Leiliene Gomes Tomaz Sousa,Leila do Itapaí,False
g1088,José Flávio Rocha Gonçalves,Flávio Rocha,False
g10905,Maria Sueli Furtado Leite,Sueli Furtado,False
g10922,Valdemir Alves da Silva,Valdemir Silva,False
g10972,Joao Bandeira Filho,João Filho,False
g1098,Francisco Eligiano Borges Pereira,Lila Borges,False
g10998,Valdemir de Sousa Dourado,Valdemir Braga,False
g1100,Antonio Morais Brito,Antonio Morais,False
g11016,Jose Ferreira de Sousa,Grosso de Garças,False
g1102,Milton Bezerra Lima Romão,Milton Romão,False
g11048,Francisco Erieudes Bessa Nobre,Erieudes Bessa,False
g11074,João Batista da Silva Reinaldo,Batista Reinaldo,False
g11075,Raimundo Nonato Etelvino Silva,Nonato Etelvino,False
g11079,Thyciani Maria Gomes Medeiros Leal,Thyciani,False
g11080,Fabio Gomes Oliveira,Fabinho,False
g11108,Francisco Jose Magalhaes Carneiro,Franzé Carneiro,False
g11113,Francisco Rubens Abreu de Souza,Rubinho do Zezé,False
g11118,Noadias Sousa de Oliveira,Noadias das Comunidades,False
g11137,Maria de Fátima Araujo,Fátima Gomes,False
g11142,Valdeci de Oliveira Paixão,Beto Serrano,False
g11157,Marcondes Muniz Vieira,Bilu,False
g11178,Jose Maciel Silva,Maciel da Lanchonete,False
g11221,Francisco Vildan Garcia de Souza,Poeira do Ico,False
g11245,Jorge Gomes do Nascimento,Jorge Gomes,False
g11262,Francisca Moreira Fontenele,Neta Bira,False
g113,Jose Bernardo Tavares,Hildo Tavares,False
g11306,Maria das Graças Gomes Sales,Gracinha,False
g11342,Jose Paulino Pereira,Ze Gordinho,False
g11348,Frederico Menezes da Silva Farias,Fredy de Tantico,False
g11386,Francisca Sabrina Xavier Lima,Sabrina Xavier,False
g11388,Cristovam Colombo Cirqueira Ferreira Filho,Colombo,False
g11394,José Nairton Macedo Costa,Nairton Macedo,False
g11396,Francisca Iderlandia da Silva Souza Sá,Iderlandia,False
g11398,Josué Martins Ferreira,Capitão Martins,False
g11407,Valter Gonçalves Moreira Filho,Valter,False
g1143,Wesley Cardia Lima Coutinho,Cardia Coutinho,False
g1144,Reginaldo Alves de Oliveira,Cheroso,False
g11457,Jose Ivanildo Bezerra Luz,Bezerra da Sinuca,False
g11474,Francisco Leudimar de Jesus Lima,Leudimar de Quixeré,False
g11492,Antonio Deusivan Pinheiro de Araújo,Maninho Pinheiro,False
g11524,Antonio Wilson do Nascimento,Wilson do Vamos Ver,False
g11537,Carlos Daniel da Silva Sousa,Carlos Daniel,False
g11543,Rita Janaina Rodrigues,Janaina do Carlao,False
g11565,Antonio Adalberto Sousa,Adalberto Sousa,False
g11587,Francisco Danilo dos Santos Oliveira,Professor Danilo Oliveira,False
g11598,Jose Edner Nogueira da Silva,Edinho,False
g1160,Rui Darly Domingos de Oliveira,Rui Darly Domingos,False
g11604,Anderson Barroso de Mesquita,Anderson Mesquita,False
g11614,Maria do Rosário Ferreira Sousa,Rosário da Aldeota,False
g11648,Jacira Ferreira de Sousa Saldanha,Jacira Sousa,False
g11674,Veridiano Saraiva,Veridiano,False
g11677,Jose Carlos Sales Lira,Carlim do Tata,False
g11713,Said Rabelo Maia,Said Rabelo,False
g11721,Francisco Jair Rodrigues Tavares,Jair Tavares,False
g11781,Francisco Inácio Rodrigues,Aurélio do Ovo,False
g11782,Breno Estevao de Sousa,Breno Loureto,False
g11783,Edy Oliveira Lopes,Edy Lopes,False
g1179,Luis Claudio Celestino de Souza,Luis Claudio da Saúde,False
g11795,Lucas Neto da Silva Rodrigues,Neto do Custodio,False
g11810,Antonio Inácio de Sousa Filho,Mundicão,False
g11811,Ana Cristina Costa de Sousa Fernandes,Cristina do Sindicato,False
g11812,Joao Victor Firmo Oliveira,Joao Victor de Joao Helio,False
g11824,Francisco Eugênio Barros do Nascimento,Eugênio Barros,False
g11846,Vitória Rayanne Coelho Clemente,Rayanne Clemente,False
g11880,Francisco Antonio de Sousa Holanda,Francisco Holanda,False
g11886,Lais Paula Costa Freitas,Paulinha do Paulo de Tarso,False
g11889,José Guilherme Lopes,Guilherme,False
g11902,Antonio Raimundo Matias Feitosa,Matias,False
g1193,Francisco Claudemir Nunes Jorge,Claudemir da Colônia,False
g11933,Bruna Virgínia Torres da Silva,Bruna Virgínia,False
g11947,Jose Solario Crispim,Bom Bibi,False
g11960,Francisco Airton Saboia Monteiro,Airton,False
g11989,Antonia Alizandra Gomes dos Santos Rodrigues,Alizandra,False
g120,Reginaldo Sousa Freitas,Reginaldo das Lages,False
g12029,Luiz Pereira Lemos,Luiz Lemos,False
g12095,Marcos Antonio Chaves de Oliveira,Marcos Chaves,False
g12099,Carlos Roberto Bandeira,Docinho de Coco,False
g12106,Raimundo Nonato Marinho de Andrades,Raimundo Bibi,False
g12115,Eldiluci da Silva Sousa,Lucinha Sousa,False
g12129,Edna Pedro Carneiro,Edna Carneiro,False
g12151,José Soares da Silva Filho,Soares Filho,False
g1217,Luis Antonio Ferreira da Silva,Luis Antonio,False
g12178,Antonio Machado Furtado,Machado Furtado,False
g12180,Joao Gilvan Caetano de Moraes,Gilvan Moraes,False
g12234,José Carlos Souza Rodrigues Junior,Junior Rodrigues,False
g12243,Paulo Jose Alves de Morais,Zeca do Seguro,False
g12254,Celso Gomes da Silva Neto,Celso Gomes,False
g12261,Catarina Neves Alves Bezerra,Katarina de Chagas,False
g12265,Jâni Mesquita Rodrigues,Jane Mesquita,False
g12276,Flávio Júnior Félix da Silva,Júnior do Baixio,False
g12282,Jose Claudenir Silveira Sousa,Professor Claudenir Silveira,False
g12286,Audino Lopes dos Santos,Audino Lopes,False
g12325,Karlos Andre Sampaio Goncalves,André de Milsin,False
g12337,Luiz Luzier da Silva Sousa,Luzier,False
g12376,Clebe Lima de Sousa,Clebe da Ambulancia,False
g12412,Leiliana da Silva Lima,Leiliana Lima,False
g1242,Paulo Sergio do Nascimento Sousa,Paulo Sergio,False
g12434,Jessica Brito de Albuquerque,Jessica Albuquerque,False
g12435,Francisco de Assis Pereira Pinto,Professor Assis,False
g12463,Mires Maria Marques de Sousa Santos,Mires Marques Bibi,False
g12498,Luiza dos Santos Pereira,Professora Luh Santos,False
g12499,Damião Edvanildo Alves,Damião,False
g125,Pedro Filho Silva Santos,Pastor Pedro Pescador,False
g1250,Jose Weliton Souza Leite,Zé Weliton,False
g12507,Josefa Eunice Ferreira da Silva,Zefinha do Posto,False
g12517,Dalila Kecia Rodrigues Albuquerque,Dalila Trajano,False
g12533,Thiago Jose de Almeida Sampaio,Thiago Motos,False
g12572,Dijalma Martins,Dijalma,False
g12573,Miguel Quadro de Oliveira,Irmão Miguel,False
g12579,Francisco Higino Pinto Abreu,Gino Abreu,False
g12587,Jose Herton Alves de Sousa,Herton Alves,False
g12602,Tais Lopes Soares,Tais Lopes,False
g12613,Luísa Nascimento de Melo,Luísa Canuto,False
g12615,Fábio Henrique Ferreira da Silva,Fabinho da Favela,False
g12620,Paulo Siqueira Tenorio,Paulo Siqueira,False
g12626,Joana Angélica Matias Costa,Joana Matias,False
g12630,Lúcia de Fátima de Oliveira Felipe,Lucinha Felipe,False
g12640,Wellington Peixoto de Sousa,Wellington Peixoto,False
g12657,Luciana dos Santos Moura,Luciana Moura,False
g12662,Hélcio dos Santos Ferreira,Hélcio Santos,False
g1267,Francisca Juciene Oliveira de Sousa,Irmã Tiene,False
g1271,Antônio Paulo Cordeiro Belezia,Paulo Belezia,False
g12725,Francinira Martins da Silva,Francinira Martins,False
g12726,Sabryna Lays Cunha da Rocha,Sabryna Rocha,False
g12731,Maria Evania de Sousa Oliveira,Professora Vanvan Oliveira,False
g12741,Vanderlene Bezerra dos Santos,Nena Santos,False
g12800,Antonio Gleudson Gurgel Candido,Gleudson do Sindicato,False
g12802,Juliana Avelino Pereira do Nascimento,Juliana do Brilhoso,False
g1284,Ailton da Silva Felipe,Ailton de Areias,False
g12848,Jose Ricardo dos Santos Barbosa,Ricardo do Dedé,False
g12860,Rosana Alves de Freitas,Rosana Didiça,False
g12876,Jean Fernandes de Oliveira,Jean Fernandes,False
g12894,José Genário Costa de Almeida,Gen´Ário Almeida,False
g12965,Francisco Roberto Sousa Moura,Roberto Motos,False
g12974,Ana Celia Alves da Silva,Ana Célia de Umari,False
g12986,Warlly Elias Batista,Warlly Elias,False
g13044,Camila Nascimento da Mota,Camila Mota,False
g13046,Uhelder Moreira,Uhelder Moreira,False
g13088,Aparecida Michelyane Alves Braga de Freitas,Michelyane,False
g13105,Jose Moraes Feitosa,Neto Feitosa,False
g13114,Marleide Sabino Lucio Alencar,Marleide,False
g13116,Paulo Eduardo dos Santos Patricio,Paulo Eduardo,False
g13138,Silvia Helena Meneses de Sousa,Helena,False
g13145,Francisco Paulo Pereira,Paulo do Espirito Santo,False
g13151,Antonio Carlos Marques,Carlos Joel,False
g13159,Francisco Arnaldo Mesquita Gomes,Arnaldo  Gomes,False
g13169,Maria do Socorro Alves Barboza Lima,Socorro do João Rico,False
g13191,Francisco Edson Rodrigues Vieira,Professor Edinho,False
g13206,Matheus Guedes Araújo,Matheus Araújo,False
g13228,Maria Vilene da Silva Barbosa,Vilene do Esporte,False
g13232,Francisca Santos Silva,Irma Francisca,False
g13268,Jose Ivanilson Araujo Reboucas,Ivanilson Vanvan,False
g13274,Diego Alano do Nascimento,Diego Alano,False
g13278,Francisco Reginaldo de Vasconcelos,Reginaldo Jeri,False
g13288,Antonio Nonato Silva,Professor Nonato,False
g13291,Marcos Paulo Sousa Lima,Marcos do Dorim,False
g13327,Raiana Oliveira Morais,Raiana Oliveira,False
g13352,Joaquim Eudo Nunes de Oliveira,Eudinho Jerônimo,False
g13366,Cicero Marconi de Souza,Marconi Souza,False
g13416,Placido Otavio Gomes Neto,Placido Placinho,False
g13426,Helton Braga de Paulo,Helton Braga,False
g13434,Francisco Pereira Sales,Gerismar Pereira,False
g13457,Cícero Neilson Gomes de Oliveira,Cicim da Serra,False
g13470,Sergio Lourenço dos Santos,Sérgio do Planalto,False
g13501,Antonia Noélia Agostinho Bastos,Professora Noélia Bastos,False
g13509,Carlos Zandro Pereira da Silva,Carlos Zandro,False
g13538,Roberto Passos de Olivindo,Roberto Passos de Olivindo,False
g13552,Priscila Rena Holanda Magalhães,Priscila Magalhães,False
g13558,Paulo Gilberio Gonçalves,Gilberio Gonçalves,False
g1364,Silvia Gomes Viana do Nascimento,Silvia Gomes,False
g13663,José Hilton Camelo Mourão,Hilton Belém,False
g13670,Katia Regina Felix da Silva Novaes,Professora Kátia,False
g13673,Gleilson Rebouças da Silva,Bebé,False
g13724,Aristeu Alves Eduardo,Aristeu Eduardo,False
g13737,Rose Mayre Monteiro Oliveira,Rosemeire Monteiro,False
g1374,Francisca das Chagas de Carvalho Andrade,Chaguinha,False
g13741,Ismael Santos Ramos,Ismael Ramos,False
g13747,Tarik Augusto Santos da Silva,Tarik Silva,False
g13791,Wilton Magno Viana Pinheiro,Magno Viana,False
g13817,Andre Luiz Nogueira de Medeiros,André Medeiros,False
g13824,Francisco Wellington Honório de Abreu,Etim do Posto,False
g13861,Ana Livia Albino de Amorim,Livia Amorim,False
g13872,Francivalda de Sousa Costa,Valdinha Amiga do Povo,False
g1388,Ricardo Antonio Teixeira de Oliveira Filho,Ricardo da Saude,False
g13897,José Hildernando Bezerra Barreto,Hildernando Barreto,False
g13912,Patricia Gonçalo Grimauth,Professora Patricia,False
g13930,Vicente Regis Rego Neto,Vicente Neto,False
g13938,Jonatas de Oliveira Domingues,Jonatas da Academia,False
g13968,Francisco Roque da Silva,Francisco Roque,False
g13977,Josenildo Paulino de Freitas,Galeguinho do Dner,False
g13978,Regina Maria de Araújo,Regina Araújo,False
g14004,Ana Lucia dos Santos,Ana Lúcia,False
g14023,José Augusto Florencio,Zé Augusto,False
g14029,Adrielliton Ferreira Braga,Professor Adrielliton,False
g1403,Karla Débora da Costa Lima,Professora Karla Débora,False
g14070,Francisca Valdilene Nogueira Sousa,Val do Planalto,False
g14075,David Alves da Silva Junior,David Junior,False
g14085,Antonio Clarindo,Adalto do Pt,False
g14090,Raimundo Nonato da Silva,O Nonato,False
g14097,Maria Rejane Rodrigues da Costa,Rejane,False
g14102,Edvaldo Maciel Almeida Silveira,Maciel Bacurau,False
g14126,Ronielly Masciel da Costa,Ronielly da Aldeia,False
g1413,Marco Antonio de Araujo Bica Junior,Marquinho da Ana,False
g14132,Francisca Liziany Medeiros de Oliveira,Liziany Medeiros,False
g14139,Paulo Roberto de Sousa,Paulo da Tuina,False
g14143,Antonio José Romano,Romano,False
g14147,Françuildo Silveira Pereira,Cacá Jr,False
g14162,Alexandre Ferreira Rodrigues da Silva,Alexandre da Padaria,False
g14173,Luis Ferreira de Carvalho,Luis do Góis,False
g14186,Francisco Aldir Chaves da Silva,Branco do Angelim,False
g142,Mauro Sergio Borges do Nascimento,Mauro Borges,False
g14213,Ricardo Weibe Nascimento Costa,Weibe Tapeba,False
g14225,Maria Elionete Leite do Nascimento,Elionete Leite,False
g14241,João Paulo Pereira Teixeira,Louro do Gás,False
g14243,Carlos Eduardo Bezerra Marques,Carlos Eduardo Bancário,False
g14245,Francisco de Jesus Rodrigues da Costa,Jack Chan,False
g14265,Jodeal Oliveira de Alcântara,Pr Jodeal Alcântara,False
g14290,Eneas Lopes Silva,Enéas Filho,False
g14300,Jose Deuzivan da Silva,Professor Deuzivan,False
g14339,Francisco Diego Loiola Cardoso,Diego Cardoso,False
g14346,Francisco Telmo Camelo,Telmo Camelo,False
g14347,Rochelly Pitigliane de Holanda,Rochelly Pitigliane,False
g14379,Debora Marjorie Soares Barbosa Saraiva,Debora Marjorie,False
g14383,Erica dos Santos da Silva Aguiar,Erica do João Coutinho,False
g14400,Antonio Aryldo de Souza Rodrigues,Aryldo de Ivan,False
g14407,Cícero Lusdênio Souza Ferreira,Eng Lusdênio Souza,False
g14438,Katia Maria da Silva,Katia Silva,False
g14454,Pedro Ferreira de Oliveira Neto,Pedro Neto,False
g14465,José Marques de Araujo,Professor Zé Marques,False
g14468,Francisca Erlene Otaviano da Silva,Erlene Otaviano,False
g14478,Eduana Maria dos Santos,Eduana,False
g1449,José Sidney do Nascimento Gomes,Magal da Ambulância,False
g14492,Debhora de Araujo Pereira,Debhora Araujo,False
g14501,Arthur Johnny Ventura Ricarte,Arthur,False
g14527,Maria Oliveira Santos,Maria de Sula,False
g14555,Cristiana Nobre da Silva,Cris Nobre,False
g14578,Maria Jocelma Santana Furtado,Celminha Santana,False
g1459,Raimundo José Lima de Araujo,Raimundo Lima,False
g14622,Francisca Chagas de Castro Gomes,Chaguinha,False
g14633,Israel Braga de Souza,Israel Braga,False
g14640,Virgilio Nepomuceno Neto,Virgilio,False
g14651,Francisco de Assis de Vasconcelos Correia,Deassis do Gecer,False
g14711,Lucas Mateus dos Santos,Pafonso Jr,False
g14718,Samuel Eneias Pinheiro Viana,Dr Samuel Viana,False
g14722,Joaquim Albério Feitosa,Albério Feitosa,False
g14729,Tamara Claudia Morais Souza,Claudinha Morais,False
g14764,Leide Laura de Oliveira Braga,Leide Laura,False
g14811,Rita de Carcia Rodrigues Feitosa Sales,Rita Rodrigues,False
g14820,Francisco das Chagas de Oliveira Lima,Chiquinho Cacholé,False
g14832,Wellerson Santos de Sousa,Wellerson Sousa,False
g14866,Ivanildo Bezerra Feitosa,Bode Feitosa,False
g14868,Francisco Sales Sousa,Chiquinho Sousa,False
g14879,Ticiana Anglarill Pinheiro,Ticiana Pinheiro,False
g14880,Luiz Luzanilton Fideles,Duzentos,False
g14891,Jose Ivanisio da Rocha Souza,Ivanizo Rocha,False
g14900,Joao Alfredo Matos,Professor Alfredo,False
g14911,Jose Oliveira Ribeiro,Zé Patu,False
g14931,Jucelio Ferreira de Sousa,Jucelio Ferreira,False
g14936,Erileuda Nunes Pinheiro,Leleda Nunes,False
g14947,Miguel Carvalho Neto,Netao do Povo,False
g14969,Claudio Marcelo Cassiano de Farias,Marcelo Motorista,False
g14977,Ana Paula Vieira da Silva,Ana Paula,False
g14984,José Adil Vieira Junior,Adil Júnior,False
g14985,Antonio Roberio Otoni Lucas,Roberio Lucas,False
g15011,Alberto Pinheiro Roberto,Beto do Aleixo,False
g15028,Maria Lilia Meneses de Sousa,Mara Lilia,False
g15051,Willys da Silva Cardoso,Willys Nakamura,False
g15101,José Francisco Matias da Silva,Chico Matias,False
g15128,Acleriana Mota Ferreira,Acleriana Mota,False
g15167,Gislene Alencar Falcão,Gislene Alencar Falcão,False
g15175,Larissa Cordeiro Lima,Larissa do Pet,False
g15181,Evaristo Raimundo de Sousa,Evaristo Sousa,False
g15203,Marcio Gley Nascimento Silva,Chaveirinho,False
g1522,Valdeir Pinheiro de Moura,Valdeir Pinheiro,False
g15231,Yngrid Lourrana Chaves de Sousa,Yngrid Lourrana,False
g15237,Antônio Francisco Delmiro,Professor Antônio Delmiro,False
g15250,Cristina Cabo Lima,Diguinha Cabó,False
g15268,Hebert dos Santos Lima,Hebert Lima,False
g15283,Jose Arivelton Moura Paulo,Professor Ary,False
g15292,Francisco Salomão de Araújo Sousa,Salomão,False
g15298,Jamily Fortes de Souza,Jamily Fortes,False
g15306,Emerson Cristiano Santos do Nascimento,Emerson,False
g15312,Luiza Amelia de Araujo Arcanjo,Professora Luiza,False
g15324,Maria Lailda Silva Souza,Prof. Lailda,False
g15332,Jose Ulisses Bastos Guanabara,Ulisses da Civil,False
g15342,José Hélio Bezerra de Castro,Helio Bezerra,False
g15386,Maria Luiza Maia Ferreira,Luiza Maia,False
g15405,Antonio Raimundo de Moura,Mundinho Emergência,False
g15409,Antonio Moreira da Rocha,Antonio da Alka,False
g15449,Getulia Maria das Neves Ferreira,Getulia,False
g15464,Francre Alves de Oliveira,Frank,False
g15468,Maria Gloria Alves dos Santos,Gloria Cruz,False
g15478,Francisco de Assis Ferreira Rocha,Chico Rocha,False
g15480,Francisco Sales Alves de Araujo,Sales André,False
g15494,Taiza Cristiele da Costa Gomes,Taiza Cristiele,False
g15498,Jonas Chaves Ferreira,Jonas do Duca,False
g15519,Elisangela Barros de Gois Valente,Elisangela Gois,False
g15520,José Armando Fernandes Pereira,Armando Fernandes,False
g15521,Maria Diana Brito,Diana do Pastel,False
g15536,Fausto Tomé Aguiar,Fausto Tomé,False
g15538,Luiz Alves de Araújo,Luiz Pintado,False
g15592,Maria Lucinda Saraiva Fernandes,Lucinda Saraiva,False
g15593,Francisco das Chagas Neto,Netao do Dourado,False
g15603,Maria Vanusa Ferreira dos Santos,Vanusa Santos,False
g15611,Ádyla Hanny Rodrigues Procópio,Ádyla,False
g15621,Benta Elidia de Sousa,Professora Elidia,False
g15655,Francisco Carlos Santana Alexandre,Carlos Alexandre,False
g1570,Hugo Carvalho da Silva,Hugo do Sindicato,False
g15717,Hugo Sousa Sampaio,Hugo Sampaio,False
g15734,Claudemir Rodrigues de Souza,Claudemir Rodrigues,False
g1578,Maria de Lourdes Oliveira Pereira,Lurdinha,False
g15787,Roberto Carlos de Lima Ribeiro,Painho,False
g15789,Manoel Silvino da Silva,Nelzinho do Realejo,False
g15791,Antonio Fabio de Sousa,Fabio Sousa,False
g15801,Erisson Horlando Ferreira Mateus,Birobiro do Chico,False
g1581,Vanessa Alves Costa,Vanessa Costa,False
g15821,Ivanilda Benedito de Sousa,Ivana Sousa,False
g15863,Raimundo Alves Lopes,Raimundo do Milton,False
g15892,Erivan Bezerra da Mata,Erivan,False
g15895,Cristiana Pinheiro Rodrigues Alves,Cris,False
g15898,Raimundo Ancelho Chaves Pessoa,Ancelho Chaves,False
g15899,Gutemberg Queiroz Pelegrine Filho,Guto da Glaudisel,False
g15900,Francisco Wilson Cordeiro de Brito,Wilson Cordeiro de Brito,False
g15941,Jaercio Pereira Barbosa,Jaercio do Gás,False
g15958,Marcos Eldenio de Sousa Farias,Marcos Eldenio,False
g15960,Vagner Edson Silveira Ribeiro,Gaguinha do Cedro,False
g15969,Narcizio Carlos de Almeida,Narcizio Carlos,False
g15999,Juteleifer Leitao Ferreira,Teleifão,False
g16011,Pedro Edvaldo da Costa,Pedro Galego,False
g16024,Hilmar Sergio Pinto da Cunha,Hilmar Sergio,False
g16039,Ana Zélia da Silva,Ana Zélia,False
g16055,Joao Pereira de Sousa,Toty,False
g16077,Jose Iran da Silva,Iran Construções,False
g16079,Maria das Graças da Silva,Fitinha,False
g16086,Absolon Mendes de Carvalho,Bio do Inharé,False
g16087,Maria Aparecida Gomes Inácio,Cida Sousa,False
g16107,Antonio Jorge Andrade,Antonio Jorge,False
g16141,Taisleno Rodrigues da Silva,Leno Rodrigues,False
g1617,Francisco Nelson da Silva Costa,Dr Nelson Costa,False
g16184,Maria das Graças Costa,Graça Costa,False
g16199,Alberta Cryslayne de Sousa Bernardo,Crys Bernardo,False
g16207,Maria Valdevania da Silva Lima,Val do Kabiar,False
g16216,Filipe Gomes do Nascimento,Filipe Gomes,False
g16246,Edivaldo Costa dos Santos,Edivaldo Costa,False
g16264,Antonio Carlos da Silva Morais,Carlinhos Morais,False
g16267,Wirles Silva Costa,Wirles Silva,False
g16333,Maria Norma Dantas Muniz,Norma Dantas,False
g1634,Gabriel Ferreira dos Santos,Gabriel Brandao,False
g16344,Francisca Isabel de Paula,Isabel,False
g16352,Lenice dos Santos Castro,Lenice Castro,False
g16356,Vanusia de Amorim Mendes,Vanusia Belo,False
g16370,Rita Casimiro Rodrigues,Rita Casimiro,False
g16378,José Lino de Oliveira,Zequinha do Sindicato,False
g16402,Eliana Nunes Estrela,Eliana Estrela,False
g16406,Antonio Carlos de Carvalho,Antonio Dandão,False
g16438,João Vianney dos Santos Aires Pedrosa,Vianney,False
g16454,Vera Lúcia Campos Gonçalves,Verinha Campos,False
g16472,Edivaldo Salustiano de Brito,Edivaldo Brito,False
g16506,Luiz Gerônimo do Nascimento,Luiz Gerônimo,False
g16508,Francisco Alexandre Nascimento de Souza,Alexandre da Francilene,False
g16515,Raimundo Amadeu de Freitas,Amadeu de Freitas,False
g1653,Carlos Felipe Tavares de Medeiros,Felipe de Zé Tavares,False
g16588,Antonio Mendes da Silva,Jusso,False
g16599,Jose Arnaildo Rodrigues de Castro,Arnaildo Castro,False
g166,Antonio Ricardo Barbosa,Professor Ricardo Barbosa,False
g16636,Francisco Vieira Neto,Irmão Neto Lopes,False
g1664,Ana Maria da Silva,Professora Ana Maria,False
g16695,Natália Ferreira de Souza,Professora Natália,False
g16704,Adeildo Batista Queiroz de Castro,Professor Adeildo,False
g16719,Maria Gervane Ricardo de Araujo,Gervane Ricardo,False
g1672,Pedro Henrique  Gomes Bezerra,Pedro Henrique,False
g16743,Nazareno Montenegro Teixeira,Professor Nazareno Montenegro,False
g16768,Jose Alves Rodrigues Junior,Ze do Leite,False
g16813,Danilo Freitas da Silva,Danilo Freitas,False
g16819,Faeinia Barbosa de Moura,Faeinia,False
g16835,Cristiane Cabral de Alencar Braulio,Cristiane Cabral,False
g16860,Eliabe Crispim da Silva,Eliabe Crispim,False
g16877,Ana Brena Silva Ferreira,Brena do Bedeu,False
g16883,Cicero Francisco Nogueira de Oliveira,Cicero Nogueira,False
g16886,João Elias Mariano,Joãozinho Davi,False
g16895,Nathizael Gonçalves Leandro,Nathizael,False
g1693,Josefa Medeiros Farias,Jô Farias,False
g16969,Jose Gladstone do Nascimento Lima,Toninho do Canindezinho,False
g16972,Adauto Sousa Silva,Adauto do Dr Haroldo,False
g16973,João Costa Lima Filho,João Filho,False
g16991,Maria da Piedade Saturnino de Souza,Piedade de Souza,False
g16996,Yarle Maria Lima Sousa,Yarle,False
g17001,Paulo Sergio Andrade Bonfim,Paulo Sergio Bonfim,False
g17018,Monalice Magalhaes da Silva,Monalice Magalhães,False
g17027,Elcirene Camurca Ferreira,Professora Elcirene,False
g17057,Antonio Claudio Lima,Antonio Claudio do Sindicato,False
g17096,Jacqueline Ferreira Gouveia,Jacqueline Gouveia,False
g17110,José Ruberto dos Santos,Zé de Ananias,False
g17111,Francisco Valmir Pinto,Valmir Pinto,False
g17135,Roberto Badger Lopes de Souza Filho,Betinho,False
g17136,Jeova da Rocha Brito,Jeova Brito,False
g17138,Francisco das Chagas Melo Rosa,Chagas Melo,False
g1716,Francisco Manassés Nogueira de Lima,Manassés Nogueira,False
g17185,Maria Lenimar Vieira da Silva,Leni do Valdo,False
g17199,Luiz Carlos Nogueira de Lima,Carlos Kotty,False
g17263,Afonso Tavares Leite,Afonso Tavares,False
g17278,Rosimeire da Silva Lima,Rosimeire Lima,False
g1729,Antonio Aldemir Ferreira Silva,Aldemir Ferreira,False
g17290,Manuel Ernani Pereira Junior,Ernani Junior,False
g17291,Enilson Alves da Silva,Louro Tv,False
g17309,Ruberlandio José Silva,Ruberlandio de Najla,False
g17327,Rafaella Girao Torres,Rafaella Girao,False
g17331,Antonio Rodrigues Sousa,Nenem do Calugi,False
g17352,Lua Alencar Alves Soares,Lua Almino,False
g17359,Adriana Fernandes dos Santos,Dedê do Edy,False
g17379,Francisca Maria Gomes Felicio,Dijé da Lagoa,False
g17398,José Fabio Correia de Sousa,Fabio Correia,False
g17415,Antonio Nildo Souza dos Rezes,Celim,False
g17420,Marcos Rayan Mota de Lima,Rayan Mota,False
g17439,Antônio Messias da Silva,Messias do Cipo,False
g17452,Davidson Kennedy Ferrer Campos Sousa,Representa,False
g17458,Antônio Rodrigues de Moraes,Sassá da Serra,False
g17461,Ester de Freitas Saraiva,Ester de Ferreira,False
g17471,Eliano Ferreira de Sousa,Professor Eliano,False
g17481,Gilberto Rodrigues Sampaio,Gilberto Enfermeiro,False
g1750,Ana Claudia da Silva Albuquerque,Ana Claudia,False
g17518,Jose Airton Felix Cirilo da Silva,José Airton,False
g17562,Jose Siqueira Monteiro,Jucelho do Acordeon,False
g17590,Jovino Mendes Neto,Jovino Mendes,False
g17604,Maria Ester Correia Lima,Ester Correia,False
g17640,Humbergue Castro Silva Almeida,Bergue Vigilante,False
g17650,Jares Bezerra de Macedo,Jairim Lobo,False
g17654,José Demogenes Cabral de Souza,Demógenes Cabral,False
g17668,Antônio da Costa Santos,Antônio Chico,False
g17673,Israel Vagner Pinheiro da Silva,Thays Perpetua,False
g17688,Jade Afonso Romero,Jade Romero,False
g17720,José Edson de Lira,Tom da  Caninana,False
g17741,Francisco Alexsandre Pinheiro Carnauba,Alexsandre Carnauba,False
g17746,Maria Luciene Soares,Luciene Soares,False
g17752,Vicente Ricarte Beserra,Vicentão,False
g17775,Raimunda Rodrigues Chaves Marinho,Raimundinha Marinho,False
g17782,Gleirton Dias Figueredo,Gleirton Dias,False
g17783,Luis Carlos Correia Araujo,Carlinhos Araujo,False
g17790,Jose Mauricio Carvalho,Zé Maurício,False
g17797,Giovani Araújo da Cunha,Dr Giovani,False
g17802,Erinaldo Ferreira dos Santos,Galeguinho dos Moveis,False
g17817,Francisco Jose Mesquita Avelino,Nem Avelino,False
g17826,Francisco Wilame Barbosa de Sousa,Prof Wilame Dandão,False
g17830,Luciana de Oliveira Beserra,Luciana Oliveira,False
g17832,Maria das Graças de Oliveira Lima,Graça do Sinval,False
g17841,Leonice Rodrigues Arruda Alves,Caçula,False
g17868,Maria Ivoneth Braga de Sousa,Ivoneth Braga,False
g17873,Rita Helicia Rocha Pinto,Ritinha do Sindicato,False
g1790,Maria Garlenni Rodrigues de Sá,Garlenni,False
g17905,Cicero Nailton Tavares Salviano,Nailton Tavares,False
g17906,Jose de Assis Rodrigues Lima,Deassis do Gola,False
g17947,Roberto Vieira Gomes,Beto da Timbauba,False
g17955,Raimundo Nonato da Silva,Raimundo do Posto,False
g17958,Geraldo Lourenço de Lima,Geraldo Lourenço,False
g17966,Vicente Eugênio Pereira,Vicente de Lica,False
g18,Francisco Jose de Sousa Pinheiro,Kim do Sindicato,False
g18012,Perpetuo do Nascimento,Perpetuo Som,False
g18027,Francisco Antonio Melo Bonfim,Tintim Bonfim,False
g18058,Sheila Pereira Damasceno,Sheila Damasceno,False
g18130,Gonçala Furtado Soares,Gonçalinha Furtado,False
g18158,Lucimar de Matos Lima da Silva,Lucimar Matos,False
g18161,Maria Bonfim Tavares dos  Santos,Arliza,False
g18164,Maria Creuza da Silva,Creuza,False
g18227,Francisco Pedro Gonçalves de Souza Ximenes,Dr Pedro Ximenes,False
g18240,Antonio Airton Lima Bezerra,Airton Bezerra,False
g18265,Maria Salete Crisostomo Secundino,Salete Crisostomo,False
g1829,Tereza Wyana Ferreira Viana,Wyana Viana,False
g18290,Antonio Alvares Coutinho Neto,Neto Couto,False
g18296,Maria Aparecida Ferreira Lirio,Aparecida do Cotovelo,False
g18372,Francisco Antonio Chaves Portela,Professor Francisco Antonio,False
g1838,Aurora Maria Loiola Lacerda,Aurora Lacerda,False
g1840,Ednardo Pereira Santana,Ednardo Santana,False
g18462,Raimundo Nonato de Souza,Nonato Jerônimo,False
g1850,Herbeth Diogenes Lima,Guerreiro,False
g1853,Maria Gerlâny Maciel Maia,Gerlâny,False
g18536,Jose Adenir Muniz,Adenir Muniz,False
g18542,Atila Almeida Ferreira,Atila Ferreira,False
g18561,Maria Pastora da Silva,Maria Pastora,False
g18566,Francisco Laeste dos Santos,Laeste dos Santos,False
g18572,Luiz Acacio Machado Leite,Acacio Leite,False
g18599,Espedito Marcos de Sousa,Marcos Sousa,False
g18659,Samuel Cidade Werton,Dr. Samuel,False
g18663,Victor Cirino Vidal,Victor Vidal,False
g18664,Adriano Dutra Araujo,Adriano Dutra,False
g18689,Cledilson Rodrigues da Silva,Cledilson,False
g18698,Maria Denise Rocha Menezes,Dra. Denise,False
g18702,Francisco Rivanildo de Souza,Nildinho Vem Aí,False
g18710,Marlene Cunha dos Reis,Marlene,False
g18712,Luana Valim da Silva Souza,Luana Valim,False
g18735,Amélia Maria Cabó Queiroz,Amélia Cabó,False
g18758,Marcelo Alves da Silva,Marcelo Alves,False
g18762,Antonio de Sousa Freire,Cézar da Campina,False
g18765,Regina Celia Cavalcante da Silva Leite,Regina da Educação,False
g18790,João Pereira Silva Filho,João Alves Filho,False
g18842,Francisco Lucio de Souza,Lúcio Souza,False
g18845,Angela Maria Pereira da Silva,Anginha,False
g18859,Antonio de Paiva Almeida,Antonio Chiquim,False
g18863,Normando Nonato da Silva,Normando Silva,False
g18876,Jonas Monteiro Cunha,Jonas Monteiro,False
g1888,Hirailton Carneiro Gomes,Hirailton Timbauba,False
g18892,Rafaela Gonçalves Rodrigues,Rafaela Gonçalves,False
g18897,Iranildo Barbosa de Freitas,Iranildo Bacurim,False
g18916,Carlos Antonio Rodrigues Pereira,Carlos Antonio,False
g18937,Francisco Edinaldo de Souza,Ednaldo Souza,False
g18960,Lidocasio Honorato da Silva,Cassio do Banguê,False
g18978,Kleyton Vidal dos Santos,Kleyton Vidal,False
g19004,Joao Paulo Paulino de Oliveira,João Paulo Oliveira,False
g19035,Manoel Araujo de Lima,Professor Ricardo,False
g19040,Joaquim Sérgio Pereira de Mesquita,Sérgio Mesquita,False
g19075,Francisca Balbino da Silva,Coni,False
g19100,Carlos Augusto Gois de Araújo,Carlos Gois,False
g19107,Maria Gabriele Pinheiro Silveira,Gabi Pinheiro,False
g19112,Yasmin da Silva Gòis Santiago,Yasmin Santiago,False
g19132,Francisco Kenedy Fernandes,Kenedy Treinador,False
g19149,Luciano da Rocha Felipe,Luciano da Saúde,False
g19150,Térlia Maria Oliveira Leorne,Térlia  Leorne,False
g19165,Victor Silva do Carmo,Professor Victor,False
g19200,Maria de Fátima de Moraes Sousa,Fatinha do Barreiro,False
g19206,Eriberto Evangelista de Santana,Betão,False
g19209,Bruna Vieira dos Santos,Bruna Turé,False
g19225,Jose Garcia de Oliveira,Graçu do Pt,False
g19226,Luiz Carlos Valentim dos Santos,Lulinha,False
g1924,Clara de Assis Fraga Ferreira,Clara do Jamilo,False
g19250,Marinalva Pereira da Silva,Nalva da Serra,False
g19260,Iatagã Matias de Lima,Iatagã de Chico Manduca,False
g19265,Gadyel Goncalves de Aguiar Paula,Gadyel,False
g19266,Ilanna Moura Azevedo Cirilo,Ilanna Cirilo,False
g19273,Márcio Ralfe Alves Bezerra,Marcio Ralf,False
g1929,Antonio Josenildo Germano dos Santos,Professor Josenildo Lula,False
g19294,Maria das Graças Moreira Lima,Gracinha Moreira,False
g19315,João Raimundo da Guia Filho,Dão Aninha,False
g19319,Joaquim Gomes da Silva Neto,Joaquim Gomes,False
g19325,Doroteu Honório Guedes Filho,Dadá Guedes,False
g19354,Vicente de Paulo Machado Lima,Vicente dos Correios,False
g19360,Benjamim da Silva Lima,Benjamim Macario,False
g19367,Raimundo Filho da Silva,Raimundo Lamboca,False
g194,Luzenilda Gomes de Deus,Dinha de Astrogildo,False
g19415,Maria Marismar de Alencar Santos,Marismar Alencar,False
g19416,Joao Ribeiro de Sousa,João Ribeiro,False
g19433,Natanael Portela Souza,Natal Portela,False
g19439,Jakeline Carneiro Braga,Jakeline,False
g19440,Francisco de Souza Nascimento,Chiquinho Cabo,False
g19460,Francisco Jair Carlos de Sousa Nascimento,Jair do Assentamento,False
g19470,Marcio Daniel Ricarte Vasconcelos,Dandan,False
g19511,Luciano Lopes Peixoto,Luciano Peixoto,False
g19515,Maria da Assunção de Oliveira Costa,Mariazinha,False
g19522,Elis Regina Leite Inacio,Elis Regina,False
g19576,Francisco Tiago Sales da Silva,Tiago Sales,False
g19580,Carlos Roberto Lima de Araujo,Carlos Roberto,False
g19582,José Acácio de Sousa,Professor Acácio,False
g1959,Ricardo Leite de Figueiredo,Ricardo Leite,False
g19621,Ana Paula Fernandes Câmara,Paula Camara,False
g19635,Tancredo Ribeiro da Silva,Tancredo Ribeiro,False
g19648,Francisco Mauricio Lima Souto,Maico do Côco,False
g19659,Erineu Rodrigues de Paula,Professor Erineu,False
g19701,Paulo Geaneo de Moura,Gean,False
g19704,Maria Evandira de Melo,Evandira do Sindicato,False
g1972,Antônio Paulino Filgueira,Antônio Paulino,False
g19739,Josefinne,Josefinne,False
g19765,Armerson Vilanova Tenorio,Alemão,False
g1979,José Cleilton de Freitas,Cleilton do Sindicato,False
g19793,Ana Maria Eugenio da Silva,Ana Eugenia,False
g19805,Jean Carlos Ferreira de Sousa,Pastor Jean Sousa,False
g19816,Severina Berto da Silva,Severina do Sindicato,False
g19828,Acicleide Cassiano da Silva Marcondes,Acicleide,False
g19854,Joao Carlos Candido de Paulo,Joao Carlos do Massarico,False
g19878,Jose Candido da Silva Filho,Josué do Fradinho,False
g19887,Clautenis Maria Braz Ricardo,Neguinha,False
g1991,Jovane Ribeiro dos Santos,Jovane Ribeiro,False
g19920,Maria Auxiliadora de Sousa Moura,Auxiliadora,False
g19921,Fernando Negreiros Batista,Fernando Negreiros,False
g19924,Elis Regina da Silva,Elis Regina,False
g19943,Augostinho Ferreira Lima,Augostinho,False
g20013,Marcondes Herbster Ferraz,Marcondes Ferraz,False
g20037,Ana Lucia Vitorino de Almeida,Ana Lúcia Vitorino,False
g20062,Antonia de Maria Ximenes Caetano,Dra Antonia de Maria,False
g2007,Flavio Dellano Bessa da Silva,Flavio Dellano,False
g20104,Simiao Fernandes de Magalhaes,Simiao Magalhaes,False
g20113,Andre Luiz de Almeida Pereira,Andre Luiz,False
g20116,Henrique Barbosa Silva Vieira,Henrique Silva,False
g20155,Apolinário Gomes de Souza,Apolinário Gomes,False
g20183,Marcia Sampaio Cidrack,Márcia Sampaio,False
g20233,Joaquim Ribeiro do Nascimento,Joaquim Pezão,False
g20249,José Valderlon Deodato Lima,Valderlon Deodato,False
g20269,Maria Adelidia Rodrigues de Souza,Adelídia Rodrigues,False
g20272,Ana Patricia Sousa Ximenes,Patricia Ximenes,False
g20338,Angela Maria Carlos,Angela Maria,False
g20352,Antonio Erivardo Barros de Oliveira,Antonio da Uruanan,False
g20377,Clesia Maria Guimaraes Viana,Clesia da Mirtes,False
g20385,Gerlásio Martins de Loiola,Gerlásio Play,False
g20432,Eliardo Magalhaes Lino,Gavião,False
g20442,Jose Gonçalves Filho,Coquinho,False
g20454,Rachel Silva Bernardino Eduardo,Rachel Eduardo,False
g20462,Samara Batista Oliveira,Samara Oliveira,False
g20463,Francisco Anailson de Oliveira,Anailson Oliveira,False
g20531,Antonio Pereira da Silva,Toin Izidio,False
g20594,José Maria de Meneses Queiroz,Zé Maria da Art Vidro,False
g20625,Julio Brizzi Neto,Julio Brizzi,False
g20628,Antonia Elieuda Sebastiana da Silva,Elieuda,False
g2064,Maria Audenir de Souza,Danny do Gonzagão,False
g20651,Raimundo Valyres de Sousa,Mosquito,False
g20673,Jose Arnaldo Alves da Silva,Arnaldo Cazuza,False
g20676,Luiz Frede Ramos Xavier,Luiz Fred,False
g20686,Francinete dos Santos Lima,Neide do Horto,False
g20713,Raimunda Lucia Pessoa de Lima,Raimunda Lúcia,False
g20738,Margarida Lilia Uchoa Guimarães Mota,Lilia Mota,False
g20741,Irisnaldo Alves Carneiro,Irisnaldo Carneiro,False
g20747,Márcio Glei Maranhão,Márcio  Maranhão,False
g20750,Joao de Oliveira Costa,João Filho,False
g2077,Francisco Lúcio da Silva Bernardes,Lúcio Bernardes,False
g20790,Etelvina Guerreiro Mota de Oliveira,Etelvina Mota,False
g20829,Antonio Carlos Ribeiro da Silva,Carlos Ribeiro,False
g20837,Expedita Rodrigues Vieira,Expedita,False
g20842,Kleber Barbosa da Silva,Kleber do Pastel,False
g20848,Antônio Mairam da Silva,Mairam do Mm,False
g20902,Francisco Israel Santos de Sousa,Israel Santos,False
g20984,Maria Janielle Azevedo Xavier Silva,Jane do Sindicato,False
g20994,Marcone Tavares de Luna,Marcone Tavares,False
g20998,Carlos Antonio de Souza,Carlinhos da Bulandeira,False
g21003,Josefa de Sales Fernandes,Zélia do Doutor Amarilo,False
g21022,Simone Pereira da Silva,Simone da Lagos dos Paulinos,False
g21027,Antonio Sivanildo Teixeira da Mota,Nildo Teixeira,False
g21034,Maria Tereza das Chagas Albano Cardoso,Tereza do Sindicato,False
g21045,Jaciene do Nascimento Gomes,Jaciene Gomes,False
g211,Antonio Lucilio Saturnino,Til,False
g21107,Estênio da Silva Lima,Estênio Lima,False
g21128,Francisco Antônio Gomes de Souza,Gatissimo,False
g21145,Davi Duarte da Silva,Davi Duarte,False
g2118,Francisca Barbosa Sousa de Queiroz,Francisca Barbosa,False
g21193,Eliran Moreira Gouveia Tomaz Alexandre,Lirinha Gouveia,False
g21199,Francisco Joatan Freitas Santos Junior,Prof. Joatan Freitas,False
g2120,Roberto Viana Teixeira,Roberto,False
g21225,Valdemir Mesquita de Sousa,Pé de Mola,False
g21238,João Airton da Silva,João de Tazan,False
g21245,Carlos Elias de Oliveira Nunes,Prof. Elias,False
g21255,Carlos Antonio Araujo Pires,Professor Carlos Pires,False
g21256,Maria Leda Nogueira do Nascimento,Leda Nogueira,False
g21265,Raimunda Nonata de Melo Luciano,Preta,False
g21286,Raimundo Nonato da Silva,Nonato,False
g21290,Manuel Nestor Sousa,Nestor Sousa,False
g21310,Clovis Matos de Oliveira,Clovis,False
g21349,Glaydson Antonio Rodrigues Mota,Glaydson Mota,False
g21368,Teofilo Joaquim do Nascimento Neto,Teófilo Neto,False
g2137,Luiz Alberto de Freitas,Luiz Alberto,False
g21410,Antonio Francisco dos Santos,Tõe do Sindicato,False
g21453,Maria Claudiana Avelino,Claudiana Avelino,False
g21469,Thalles Alves de Oliveira,Thalles Alves,False
g21475,Joel Mayk Nobre Lemos,Joel Mayk,False
g21487,Ricardo Bruno Diogenes Sousa,Bruno,False
g21524,Manoel Auri Pinto Soares Junior,Junior Soares do Pt,False
g21532,Paulo Sergio Flor,Paulo Flor,False
g21610,Dinajar da Silva Lima,Dinajar Lima,False
g21634,Francisco Marcio Caetano de Castro,Marcio Caetano,False
g21642,Antonio Luiz dos Santos Neto,Dr Neto,False
g21656,Regina Adelaide Farias Alves,Regina Adelaide,False
g21686,Takeo Windsor Oliveira Martins,Takeo Martins,False
g21690,Erlandson Muniz de Araújo Martins,Erlandson Muniz,False
g2170,Vânia Regina Farias Oliveira,Vânia do Zezé,False
g21706,Antonio Marcos de Sousa Ferreira,Tomarco,False
g21718,Maria Jose Araujo Martins,Mara Pitaguary,False
g21773,Jorge Gomes Alves,Jorge do Vilemar,False
g21777,Raimundo Moreira de Almeida,Raimundo da Gangorrinha,False
g2179,Sebastião Vieira da Silva,Sebastião,False
g21798,Alan Robson Ricardo Alves,Alan Robson,False
g218,Aldenia Romualdo de Andrade Bezerra,Tia Aldenia,False
g21823,Jacqueline Vasconcelos Rodrigues Sousa,Jacqueline Sousa,False
g21846,Francisco Charles da Silva Nogueira,Charles Nogueira,False
g21859,Henrique Borba Guerreiro,Henrique Guerreiro,False
g21876,Francisco Aroldo de Castro Sales,Aroldo Sales,False
g21903,Renato Catunda Mesquita,Renato Catunda,False
g21906,Edna Francisca do Nascimento,Edna Israel,False
g21912,Mauro Rodrigues Amaro Araujo,Mauro Rodrigues,False
g21941,Francisco Ronivon Carneiro,Ronivon Carneiro,False
g21965,Nadson Mamertino Macário da Costa,Nadson Virtualnet,False
g21971,Cristiane Leila Vasconcelos,Cristina Vasconcelos,False
g22023,Everton Oliveira Calixto,Everton Calixto,False
g22032,Ednaldo Bessa Borges,Preto Borges,False
g22064,José Bertulino da Silva,Neguim do Pinto Madeira,False
g22075,Jose Eudasio Barbosa dos Santos,Zé Barbosa,False
g22108,William Vieira,William Vieira,False
g22115,Joelma Batista dos Santos Bandeira,Joelma Batista,False
g22152,Antonia Elizabete Batista Lima,Elizabete Batista,False
g2216,Ricardo Lopes Oliveira,Ricardo Lopes,False
g22160,Waldemir Catanho de Sena Junior,Catanho,False
g22178,Salete Pereira da Silva,Salete Pereira,False
g22188,Antonia Patricia Santos Alves,Patrícia do Paquito,False
g22205,Maria de Jesus Costa Uchoa,Jeysse Uchoa,False
g22219,Francisco Gerardo Martins,Chiquinho do Araticum,False
g22261,Joao Emilson da Silva,Inspetor Emilson,False
g22263,Juliano Juvenal de Moura,Juliano Juvenal,False
g22275,Margarida Maciel da Silva,Margarida,False
g22309,Joana D Arc de Sousa Ferreira,Joana do Sindicato,False
g22348,Maria Fernanda Martins de Carvalho,Fernanda Carvalho,False
g22403,Francisca Penha Roberto,Francisca Penha,False
g22407,Antonio José de Lima,Antonio da Coopar,False
g22408,Silvia Leticia Forte Camelo,Leticia Camelo,False
g2242,José Iram da Silva,Iram Silva,False
g22481,Elza Gonçalves,Elza,False
g22489,Antonio Ludugerio dos Santos,Neguim do Cavaco,False
g22496,Luzerlani Rodrigues de Sousa,Luzerlani Rodrigues,False
g22525,José de Sousa Cartaxo,Cartaxo,False
g22577,Liliane da Silveira Araujo,Liliane do Pt,False
g2260,Ana Osanira Pereira Barbosa,Ana Osanira Barbosa,False
g22618,Paula da Silva Rodrigues,Paula Rodrigues,False
g22634,Manoel de Melo Oliveira,Manoel Melo,False
g22641,Francisca Juliana Martins Elmiro Mororó,Professora Juliana Mororó,False
g22651,Francisco Jose da Fonseca,Dedé Fonseca,False
g22670,José Jeovane Maia Barros,Jeovane Barros,False
g2268,Vagner Alcântara da Costa,Vagner Alcântara,False
g22682,Francisco Lucieldo Muniz da Silva,Ciéldo do Tico,False
g22719,João Costa da Silva,João dos Anjos,False
g22728,Jose Jefferson Pontes dos Santos,Tom Pontes,False
g22747,Francisco Fabio Barbosa Rodrigues,Fabinho do Esporte,False
g22761,Brenna Kezzia Rodrigues de Freitas,Brenna Freitas,False
g22776,Gleicimar Martins de Oliveira,Gleison do Pesqueiro,False
g22777,Raimundo Nonato de Sousa,Nonato de Geso,False
g22786,Caroline Oliveira da Silva,Carol Oliveira,False
g2281,Maria Luiza de Sousa Lima,Maria Luiza,False
g22818,Francisca Jeanne da Silva Carneiro,Jeanne,False
g22828,Maria Ferreira de Andrade Barbosa,Maria Bila,False
g22873,Cicero Garcia de Moura,Garcia,False
g22890,Antonio Claudio Matias de Sa,Minuto,False
g22897,Maria Socorro Lima,Socorrinha do Bnh,False
g22907,Francisco Marcilio Ramos Pinto,Marcilio Ramos,False
g22920,Inara Alves de Oliveira,Professora Inara,False
g2294,Dorivan Amaro dos Santos,Dorivan Amaro,False
g22955,Maria Elenilda Gonçalves Lima,Elenilda,False
g22962,Willian Fernando Domingues Vilela,Prof Willian,False
g22989,Francisco de Assis Alexandre,Moral Alexandre,False
g22991,Ana Virginia Ribeiro de Oliveira,Virginia Reis,False
g2301,Antonio Marcos Pinheiro Santos,Antonio Marcos,False
g23013,José Carlos de Sousa,Zé Carlos,False
g2302,Renata Maria da Costa Santos,Renata Capui,False
g23032,Francisca das Chagas Rodrigues de Freitas,Quinha,False
g2304,Maria Neuza Ferreira de Lima,Neuzinha Ferreira,False
g23077,Cicero Felix de Figueredo,Cícero de Zé Félix,False
g23078,Maria Jardele da Silva Queiroz,Jardele Queiroz,False
g23080,Iriszetiere Siqueira Lima,Tiere Lima,False
g23087,Degivana do Carmo Sousa,Degivana,False
g23099,Francisco Silva de Sousa,Chiquinho,False
g23115,Sebastiao Paula de Negreiros,Sebastiao Negreiros,False
g23139,Narcelio dos Anjos Almeida,Narcelio Almeida,False
g23149,Eduardo Leite Ferreira,Eduardo Ferreira,False
g23158,Damiao Aureliano Ferreira de Souza,Aureliano Souza,False
g23200,Analia Maria Rosa Freire,Analia Rosa,False
g23212,Antonio Erivaldo Magalhaes Moura,Erivaldo dos Bastioes,False
g23214,Marcilene de Lima Silva,Marcilene Lima,False
g23217,Lucia Gleidevania Rabelo,Gleide Rabelo,False
g2323,Juliana Maia Freire,Juliana de Tó,False
g23260,Reginaldo Alves,Regys Alves,False
g23262,Antonio Carneiro Andrade,Branco Cabeleireiro,False
g23263,Raimundo Castro Mesquita,Raimundo Mesquita,False
g23271,Maria de Fátima Fernandes Farias,Fátima Aragão,False
g23283,Jose Rafael da Silva Santos,Rafael Silva,False
g23351,Elizabeth Rocha do Nascimento,Beth Nascimento,False
g23362,José Luciano Marques,Luciano Marques,False
g23378,Francisco de Assis Lira,Lira,False
g23414,Antonia Solange Batista de Sousa,Solange Batista,False
g2342,Gerardo Menezes da Silva Filho,Geraldinho,False
g23445,Jose Gomes Bernardino,Jose Bernardino,False
g2345,Natalia Pereira Alves,Natalia Alves,False
g23462,Hermantine Barbosa da Costa,Professora Hermantine,False
g23470,Vanderglei Feitosa de Alencar,Wanderley Feitosa,False
g23485,Manoel Jerônimo da Silva,Baleu,False
g23510,Francisco Danilo do Nascimento Alcides,Danilo Alcides,False
g23531,Roberio do Nascimento Souza,Roberio da California,False
g23539,Celio Laurentino dos Santos,Celio Pescador,False
g23573,Joao Jose da Rocha,Joao do Sesp,False
g23587,Milena Abreu de Almeida Ximenes,Milena Ximenes,False
g23592,Francinara Pereira Figueiredo,Nara de Cicim,False
g23607,Felipe Souza Pinheiro,Felipe Pinheiro,False
g23637,Karine de Castro Bezerra,Dra. Karine Bezerra,False
g23698,Verilândia Guedes Lopes,Verilândia Guedes,False
g2371,Francisco Ednardo Anjos Ferreira,Professor Tinardo,False
g23713,Francisco Bandeira Maia Neto,Bandeira Maia,False
g23729,Cirio Jorge Simao Lira,Cirio Jorge,False
g23738,Maria Adriana do Nascimento Vieira,Adriana Vieira,False
g23756,Maria Juliana Moreira de Souza,Mãe Ju,False
g23784,Francisco da Silva,Francisco de Chagão,False
g23785,Rogerio de Souza Santana,Rogerio Santana,False
g2380,Flavio Alves Pereira,Professor Flavio Alves,False
g23811,Francisca Keilhiane Vieira de Sousa,Keilhiane,False
g23818,Matheus Verone Oliveira Brito,Matheus do Monte Pio,False
g23819,Luzia Luziene de Oliveira Sousa,Luziene,False
g23846,Jose Rodrigues Teixeira,Kabana,False
g23865,Joao Cassimiro do Nascimento Neto,Cassimiro Tapeba,False
g23867,Erbson Dyonnes de Sousa Brito,Johnny Brito,False
g23877,Francinalva Cosme Ferreira,Fia da Carnaúba,False
g23879,José Tomaz Neto,Tomaz,False
g23886,Regina Claudia Mendes Gomes Chagas,Claudia Hora,False
g23902,Francisca Cristiane Oliveira da Silva,Cris Oliveira,False
g23927,José Airton de Oliveira,Airton Lourão,False
g23928,Jose Arimatea Ferreira da Costa,Teinha do Espinho,False
g23961,Jose Nobre Guimaraes,Guimarães do Pt,False
g23981,Rita de Cássia Freitas Peixoto Rebouças,Rita Peixoto,False
g24,Antonio Correia Araujo,Firmeza,False
g2401,Ana Cristina da Silva Costa,Cristina,False
g2405,José Onete Bezerra Lopes,Zé Onete,False
g24080,Edinaldo Alves da Costa,Naldim da Prata,False
g24087,Jose Valber Menezes dos Santos,Valber Menezes,False
g24091,Francisco das Chagas Torres Junior,Torrim,False
g24107,Edivanda de Azevedo,Edivanda,False
g24123,Damiana Edna da Silva Pereira,Damiana da Saúde,False
g24129,Yanne Marina Leite Oliveira,Marina Leite,False
g24135,Maria Tereza Alencar,Tereza Alencar,False
g24144,Ana Celia Martins da Silva,Ana Celia,False
g24165,Francisca Freire de Carvalho,Professora Fran,False
g24197,Maciel Bezerra Lima,Chapa Quente,False
g24224,Antonio Rodrigues Ferreira,Brau,False
g24235,Leda Vasconcelos Carvalho,Leda Vasconcelos,False
g24242,Jarder Cedro Nascimento,Bibi,False
g2425,Francisco Eliseu Moreira Filho,Lulu,False
g2428,Maria Betania de Andrade Sousa,Betânia Andrade,False
g24296,Natalia Rodrigues da Rocha Martins,Natália Rocha,False
g24311,Estefanny dos Santos Sousa,Estefanny Sousa,False
g24315,Francisco de Paulo dos Santos,Paulinho Santos,False
g24316,Maria Helena Pereira da Silva,Selena Silva,False
g24324,Maria Erilene da Silva,Professora. Erilene Silva,False
g24352,Maria Fernanda Vieira da Silva,Fernanda Vieira,False
g24354,Francisco Telmo Barbosa Alves,Telmo Alves,False
g24370,Maria Solange Nunes de Sousa,Solange Nunes,False
g24387,Paulo Emilio Cordeiro Campos,Paulo Emilio Campos,False
g24401,Ediglê Cardoso Ferreira,Ediglê da Pousada,False
g24416,Francisco de Assis da Silva,Francivaldo,False
g24424,Luis Everardo Fraga Leao,Professor Everardo,False
g24467,Paulo Sergio Ribeiro Pinto,Paulo dos Piloes,False
g24483,José Rodrigues de Lima,Didi Lima,False
g24486,Antonio Adonys Farias Sobrinho,Adonys Farias,False
g24508,Alessandra Luzia Alves do Nascimento Celedônio,Enf Alessandra do Oliveira,False
g24548,Jardel da Costa Ribeiro,Jardel da Saúde,False
g24561,Francisco Eudes Melo Lobo,Eudes Melo,False
g24563,José Alderi Fialho Cavalcante,Alderi Fialho,False
g2461,Francisco Gutembergue Lima Batista,Bergue Lima,False
g24629,Jose Edivaldo de Sousa Rodrigues,Edivaldo Sousa,False
g24641,Juliano Gerônimo Nobre,Juliano Gerônimo,False
g24666,Eriquiane Pires Rebouças Gondim,Erica Pires,False
g2467,Ailton Sampaio da Costa,Ailton Sampaio,False
g24673,Edmilson Galvão Matos,Edmilson Gasolina,False
g24684,Joaquim Delanio de Moura,Delanio,False
g24685,Maria Eliaci Bezerra Gomes Cabo,Professora Eliaci,False
g24699,Maria Eliete da Silva,Eliete da Silva,False
g24712,Valdemiro Carneiro de Oliveira Junior,Valdemiro Júnior,False
g24723,Almerio Graça Pereira,Almerio Graça,False
g24728,Francisco Jose da Silva,Chicão,False
g2473,Luiz Vicente de Oliveira,Luisté,False
g24731,Iara Maria Lima do Carmo,Iara Cleide,False
g2474,Anny Karolyny Felizardo Guerra,Karol Guerra,False
g24773,Francisco Greiutonyles Gouveia Nascimento,Greiutonyles Gouveia,False
g24775,Geraldo Diodato do Nascimento,Geraldo Diodato,False
g24787,Renato Gonçalves Ferreira,Rena,False
g24790,Maria Ozaneide de Paulo,Ozaneide do Sindicato,False
g24856,Christianne Marie Aguiar Coelho,Christianne,False
g24860,Ana Lucia Alves Silva,Professora Ana Lúcia,False
g24875,Francisco Inaldo de Lima,Inaldo Lima,False
g24918,Elmo da Rocha Cavalcante,Guilherme Cavalcante,False
g24919,Rosely Francisca Lopes,Rosely de Zé Siqueira,False
g24968,Karlos Rikaryo Mourão Pinheiro,Rikáryo Mourão,False
g24985,Francinaldo Andrelino da Silva,Pelé do Morro,False
g24990,Maria Gislene Diogenes Oliveira,Gigi Diógenes,False
g25015,Maria Socorro Araújo  Braga,Socorro Araújo,False
g25045,Jose Gilson Macambira Filho,Gilsinho,False
g25052,Alice Dias Duarte,Alice,False
g25076,Thiago de Sousa Oliveira,Thiago do Jiqui,False
g25081,Claudio Paulino Barbosa,Claudinho do Roncador,False
g2509,Cosma Bezerra de Souza,Cosma Bezerra,False
g2512,Sieuda dos Santos Silva Sousa,Sieuda,False
g25168,Raquel Furtado Pessoa,Raquel Furtado,False
g25196,Poliana Rufino,Poliana Rufino,False
g25260,Maria Luziana da Costa,Professora Luziana,False
g25270,Tereza Batista da Silva,Tereza Batista,False
g25297,Albani Cirilo do Nascimento,Albani Cirilo,False
g253,Odair José de Matos,Professor Odair Matos,False
g2530,Francisco Franco Gomes Farias,Franco Farias,False
g25306,Antonio Fabio Dias Ferreira,Fabinho do Esporte,False
g2534,João de Deus Gomes,João de Deus,False
g25355,Francisco Jaisinho Mendes de Andrade,Jaibara,False
g25362,Franciena Lopes Gurgel Swidzinski,Nena Gurgel A Mulher do Picolé,False
g25389,João Batista Silva Ferreira,João Uchoa,False
g25397,Cicera Alves de Sousa,Cícera Alves,False
g25407,Nara Núbia Rufino de Sousa Pereira,Nara  Núbia,False
g25454,Alexandre Oliveira Sousa,Alexandre da Roça Velha,False
g25474,Marcos Aurélio Lopes,Marcos Aurélio,False
g25481,William Axel da Silva Moreira,William Axel,False
g25487,Francisca Edilane de Sousa,Edilane do Pt,False
g25488,Romulo Jerri Carlos de Andrade,Professor Romulo Jerri,False
g25494,Midian Gomes Barroso,Midian Gomes,False
g25512,Carlos Osvaldino Miranda da Silva,Cacá,False
g25528,Francisco Carliando de Almeida,Carliando Almeida,False
g25543,Tarcisio Soares Mourao Filho,Dr Tarcisio Filho,False
g25556,Anderson Ribeiro Duarte Vieira,Dercinho,False
g25558,Cícero Hélio Campos Costa,Hélio Campos,False
g2556,Suzilene de Sousa Ribeiro,Suzy do Sindicato,False
g25574,Ednilson Lima Ferreira da Costa,Ednilson Ferreira,False
g25580,Francisco Antonio Barbosa,Francisco do Cruzeiro,False
g25581,Francisco Martins do Nascimento Neto,Chico Louvado,False
g256,Maria do Socorro Silva Lima,Socorro do Bastos,False
g25610,Adeilma Silva Araujo,Adeilma Araujo,False
g25626,Carlos Cesar de  Carvalho,Carlão,False
g25653,Ana Maria Moura Castro,Ana Maria,False
g25665,João Paulo de Oliveira Brito,João Paulo do Cicero Neco,False
g25737,Marculino Franco Rodrigues,Marculino Franco,False
g25743,Jose Fabricio da Costa,Fabricio da Costa,False
g25746,Paulo Ruberto Cavalcante Mota,Paulo Ruberto,False
g25790,Paulo Wilkson de Oliveira Assuncao,Paulo Assunção,False
g25801,Izac Maciel Loiola,Izac Maciel,False
g25809,Maria Evania Sousa Furtado,Evânia Furtado,False
g25821,Alleson Alves da Silva,Alleson Alves,False
g25858,Antonio Jose Fernandes,Macarrão,False
g25870,Maria Helena de Sousa,Helena Galega,False
g25872,Francisco de Assis Roque Gomes,Diassis Roque,False
g25875,Nilton Paulino Morais,Nilton Morais,False
g25878,Elenildo Rodrigues de Sousa,Irmão Elenildo,False
g2588,Henrique Cesar de Sousa,Henrique da Ambulância,False
g25954,Jose Nilson Soares,Zé Soares,False
g26016,Rebeca dos Santos,Rebeca,False
g26081,Amanajás de Araújo Pereira,Amanajás Araújo,False
g26089,Hegarmênio Oliveira Galdino,Hegarmênio,False
g26095,Francisco Narlyns Placido da Silva,Narlyns Placido,False
g26097,Aluisio Alves de Sousa Filho,Filho de Aluisio,False
g26106,Francisco José Mendes de Freitas,Professor Mendes,False
g26116,Lurdirene Sales de Oliveira,Lurdirene Sales,False
g26124,Magda Maria Barbosa,Magda Barbosa,False
g26129,Jose Valdenes Penha,Valdenes da Carne,False
g26139,Carlos Higor do Nascimento Morais,Higor Morais,False
g26157,Adriano Amaro de Moura,Adriano do Povo,False
g26168,Magno Alexandre Castro de Sousa,Magno Alexandre,False
g26173,Maxilon Rufino da Silva,Professor Maxilon,False
g26175,Jose Adriano de Oliveira,Adriano Oliveira,False
g26177,Sirineu Clares Moreno,Sirineu Moreno,False
g26210,Marcilene Alexandre de Sousa Josué,Marcilene Alexandre,False
g26215,Luis de Matos Lima,Luis de Matos,False
g26222,Regina Maria Matias Maia,Irma Regina,False
g26224,Francisco Lopes Lima,Professor Lopes,False
g2625,Roberto Silva da Costa,Roberto Papagaio,False
g26268,Francisco Josimar do Nascimento Dias,Josimar Dias,False
g26295,Maria Francisco da Silva,Maria da Amélia,False
g26306,Eliana Correia Leite Oliveira,Eliana do Ze Antonio,False
g26329,Franci Paulo Isaias Araujo,Dr Franci Paulo,False
g26349,Francisco Antonio Ferreira Lopes,Kim Lopes,False
g26352,Jonas José da Silva,Jonas do Zé Benedito,False
g26370,Gerivando Quaresma Andrade,Neguinho Quaresma,False
g26380,Adriano Alves de Oliveira,Adriano Epifânio,False
g26410,João Ermeson de Lima,João Ermeson,False
g26415,Welinádia Alves de Lima,Welinádia de Pretim Tavares,False
g26425,Francisco Gildenou Coelho Araújo,Gildenou Coelho,False
g26446,Jan Kennedy Paiva Aquino,Kennedy Aquino,False
g26473,Josefa Zuleide Ferreira,Zuleide Ferreira,False
g26475,Maria do Socorro Mourao Celestino Prado,Socorro Mourão,False
g26478,Claudia Maria de Lima  Alves Silva,Claudia Alves,False
g26496,Rosa Cristina Pereira Regis,Professora Rosa Regis,False
g26523,Francisco Aelio de Sousa,Aelio do Asfalto,False
g26535,Francisca Eridan Rodrigues Paiva,Eridan do Luiz do Gonzaga,False
g2654,José Francisco Marinho,Dezim da Água Vermelha,False
g26547,Raimunda Ferreira Inacio do Rego,Mundinha,False
g26556,Lara Maria Nogueira de Mesquita,Lara Mesquita,False
g26598,Maria Daniela Tavares,Daniele de Zemar,False
g26599,Francisco Holanda Vieira,Chaú,False
g2660,Bruno Torquato Pedrosa,Bruno Pedrosa,False
g26611,Francisco Célio de Araújo Assunção Lima,Célio Neto,False
g2663,Francisco Carlos de Melo,Carlos Filho,False
g26633,Francisco Antonio Batista,Professor Toinho Batista,False
g26645,Genivaldo Marques de Oliveira Filho,Genivaldo,False
g26677,Andreia Torres da Silva,Andreia Torres,False
g26700,Maria Eliziane Maia Pereira,Eliziane do Cabo Roque,False
g26702,Maria Eliene Magalhães da Silva,Professora Eliene Magalhães,False
g26762,Nelço Rodrigues Candido Filho,Nelço Filho,False
g26770,Diodato Carlos Rodrigues,Diodato,False
g26776,Flaviano Irineu Gomes,Flavio do Mst,False
g26792,Yara Virginio de Almeida,Yara,False
g26816,Antonia Euzenir Andrade da Silva,Teté do Monte,False
g26854,Vicente Idelfonso Carneiro Neto,Idelfonso,False
g2686,Antonia Aparecida Cardoso Bezerra,Paloma Bezerra,False
g26864,Luizianne de Oliveira Lins,Luizianne,False
g26867,Lucia Irbenia de Lima Oliveira Ferreira,Bena,False
g26929,Marciano Pereira Bezerra,Marciano da Agrovila,False
g26993,Arthur Rodrigues da Silva,Arthur Angel,False
g27018,Bernisangela Maria da Silva,Bernisangela,False
g27033,Susana Pereira de Oliveira,Susana Oliveira,False
g27067,Monalisa Lima de Sousa,Dra. Monalisa,False
g2708,Antonio Roberto Uchoa de Almeida,Roberto Uchôa,False
g27117,Mauricio Alves de Macedo,Preto do Paredão,False
g27126,Vicente Bezerra da Silva,Vicente Bezerra,False
g27178,Mirian Brito dos Santos Dias,Mirian Brito,False
g27189,Francisca Maciel Ferreira Nogueira,Francisca Maciel,False
g27193,Gislanny Rodrigues Oliveira,Gislanny Oliveira,False
g2722,Jose Ronald Palacio Queiroz,Ronald Risadinha,False
g27223,Conrado Hermes Brito Vieira,Conrado Hermes,False
g27235,Jobson Almeida da Silva,Jobson Silva,False
g2726,José Bibiano Pinheiro de Oliveira,Bibiano Pinheiro,False
g27264,Jorge Ryan Teixeira Alcantara,Jorge Ryan,False
g27269,Francisco Valdemir Silva Oliveira,Mimi Moto Assunção,False
g27311,Kátia Cilene Gonçalves Silvestre,Kátia Silvestre,False
g27314,Jose Alves Neto,Ze Neto,False
g27316,Reginaldo Mendes Justino,Reginaldo Justino,False
g27339,Robério Costa de Oliveira,Roberio Costa,False
g27340,Jaskejhan Jorge Emidio,Jaskejhan Jorge,False
g27421,Maria Claudia de Moraes Xavier,Claudia Moraes,False
g27430,Francisco José de Sousa Palácio,Dr Francisco Jose,False
g27455,Erialdo Jeronimo da Silva,Erialdo Jeronimo,False
g27488,Francisco Inacio Saraiva Costa,Inácio,False
g27491,Mario Martins Silva,Mario Martins,False
g27523,Evandro Pereira de Mesquita,Professor Evandro,False
g27533,José Elizeu Matias dos Santos,Zé Elizeu da Torta,False
g27553,Fagner Pereira Lopes,Fagner Lopes,False
g27569,Maria Olavia Gomes Barbosa,Olavia Barbosa,False
g27573,Milena Damasceno Carneiro,Milena Damasceno,False
g27578,Cicero Antonio Lobo Soares,Tota Lobo,False
g2760,Isaias Souza do Nascimento,Isaias do Citônio,False
g27608,Francisco Elizeu Martins Araujo,Elizeu Martins,False
g27622,Manoel da Cruz de Souza,Nequinha da Eletrônica,False
g27629,Antonio Alves Monteiro,Toninho,False
g27637,Paulo Guedes Bezerra Neto,Paulo Guedes,False
g27656,Lucinete do Nascimento Ziegler,Lucinete Ziegler,False
g27702,Carlucio Campos de Souza,Carlucio Campos,False
g27703,Jose Reginaldo do Nascimento,Regis Nascimento,False
g27710,Sebastião de Souza Campos,Bastião do Doce,False
g27730,Adriano Braz da Silva Carvalho,Irmão Adriano,False
g27751,Francisco Wendeel Soares,Wendel Benvindo,False
g27758,Francisco Ademar de Assis Sampaio,Ademar Sampaio,False
g27772,José Ribamar Barros Filho,Ribinha,False
g27778,Daniel Holanda Baima,Daniel Baima,False
g27809,Francisco Eldimar Rodrigues Lima,Eldinho do Tomé,False
g27828,Moises Braz Ricardo,Moisés Braz,False
g27838,Danio Antonio Braga Tavares,Danio Braga,False
g27856,Shirliane Moreira Ferreira,Shirliane Ferreira,False
g2786,Jose Cileudo Magalhães Pessoa,Cileudo Albuquerque,False
g27870,Jose Maria Lopes Sampaio,Zé Maria Nogueira,False
g27913,Maria Eunice Ribeiro de Lima,Nice do Sindicato,False
g27949,Antonio Domingos da Silva,Antonio Dantas,False
g2796,Rejane Maria Ferreira de Abreu,Rejane Abreu,False
g27970,Jose Leonardo Bispo Nascimento,Leonardo do Acarau,False
g27997,Antonio Carlos Cunha,Carlinhos Lanches,False
g28055,Nicodemos Rodrigues da Fonseca,Nicodemos,False
g28063,José Josimar Domingos da Silva,Professor Josimar Domingos,False
g28068,Davi dos Santos Lima,Davi Careca,False
g28078,Antonio Bezerra Gomes,Antonio Mambira,False
g28090,Francisco Sueudo Merencio de Lima,Sueudo do Sindicato,False
g28107,Maria Auxiliadora Lucia,Auxiliadora,False
g28142,Francisco Ailton Ricardo da Silva,Ricardo do Sindicato,False
g28151,Raimundo dos Santos Vasconcelos,Raimundo Inacio,False
g28177,Sebastião Costa do Nascimento,Sebastião Costa,False
g28217,Edilson Tome dos Santos,Edilson Tome,False
g28232,Jose Francisco Lino de Abreu,Jf Lino Abreu,False
g28235,Maria Tereza Coelho Bastos Norjosa,Maria Teraza,False
g28256,Maria Jose Lima Beserra,Zeze do Adolfo,False
g28271,Raimundo Nonato Costa Nascimento,Saiota,False
g28313,Klécio Félix Novaes,Klecio Novaes,False
g28337,Maria Luciene de Freitas Guimaraes,Nena Lourenço,False
g28346,Maria Gisele Conceição Lima,Gisele Lima,False
g28380,Samuel Queiroga Correia,Samuel Correia,False
g28395,Maria Jose de Oliveira,Maria Jô,False
g28427,Manoel Rosa Filho,Manoelzinho Canafistula,False
g28449,Ronier Dilson Brandão,Rony Brandão,False
g28480,Leonardo Santos de Oliveira,Léo do Paredão,False
g28504,Ana Amalia da Silva,Amalia Silva,False
g28549,Bianca Sthefanny Barreto Oliveira,Bianca Oliveira,False
g28550,Antônio Agrimar Felinto de Araújo,Antônio de Alda,False
g28560,Inácio Neudo de Azevedo,Neudo Borges,False
g28604,Hatus Tommas de Almeida Freire,Tommas do Açude dos Pinheiros,False
g28605,Zenir Luiz da Silva,Zenir,False
g28621,Antonio Erivaldo Ferreira dos Santos,Erivaldo Ferreira,False
g28635,Alex Ponciano Barbosa,Alex Ponciano,False
g28651,Francisco Marcos Lima,Marcos Lima,False
g28652,Renan dos Santos Silva,Professor Renan Santos,False
g28687,Samara do Nascimento Umbelino Teles,Samara do Sindicato,False
g28698,Antonia Magalhaes Alves,Tonha do Angelim,False
g28700,Marcos Tiberio Castelo Aires,Dr. Tibério,False
g28714,Gerardina Almeida Maia,Dina,False
g28721,Jair Jose da Silva,Jair Silva,False
g28744,Antonio Evaldo Aguiar,Azedão,False
g28820,Vicente Pedro de Sousa Neto,Dom Pedro,False
g28827,Rondilson de Alencar Ribeiro,Rondilson,False
g2883,Francisco Elenildo da Silva Costa,Nil Costa,False
g28854,Francisca Chagas da Costa,Chaguinha,False
g28868,Risalva Gomes da Silva,Risalva,False
g28932,Marli Sousa Nascimento,Marli Farias,False
g28987,Carliane Carvalho dos Santos,Professora Carliane,False
g29002,Adriana Ferreira Gomes,Adriana Gomes,False
g29012,Antonia Lene de Lima,Moça,False
g2902,Jose Ronaldo da Silva,Ronaldo Silva,False
g29031,Maria Lúcia de Carvalho,Vera Carvalho,False
g29048,Francisco Carlos Furtado Sales,Carlinhos Anacleto,False
g29049,Eloirles Regina Farias de Souza Rocha,Nenem do  Eloi,False
g29059,Cicera Moreno da Silva,Regia Moreno,False
g2906,Maria do Carmo Gomes Boto,Carmem Bôto,False
g29073,Emanuel Iago Lima Ramos,Iago Ramos,False
g29075,Jose Rocélio Leite Trigueiro,Rocelio Trigueiro,False
g29080,Roberto Amora dos Santos,Roberto Motos,False
g29091,Francisco Jardel Sousa Pinho,Professor Jardel,False
g2910,Carlos Rodrigues de Carvalho,Carlinhos da Serraria,False
g29103,Francisco de Fatima Bezerra de Oliveira,Bidô do Povão,False
g29106,Eridiana Ribeiro da Silva,Eridiana Ribeiro,False
g29124,Conceição de Maria Silva Gomes,Conceição Gomes,False
g29127,Antonia Patricia Gomes de Paula,Patricia Gomes,False
g29158,Silvelino Rodrigues de Sena,Rino da Eva,False
g29165,Raimundo Silvanildo Paulino Menezes,Silvanildo Pipeiro,False
g29185,Luís Miguel de Oliveira,Carlos Miguel,False
g29197,Jose Tarcisio Ribeiro de Lima,Cizim,False
g2922,Adriana Tavares Teles de Luna,Adriana de Ze do Gas,False
g29235,Suyara Henrique do Nascimento,Yara do Pt,False
g29246,Arimar Silva de Lima,Mazinho Ribeiro,False
g2927,Jose Fernandes Alves,Fernandes Alves,False
g29288,Cícero da Silva Máximo,Cícero Máximo,False
g29298,Maria Goreth Gomes Araujo,Goreth do Hospital,False
g293,Francilda Pereira da Silva,Fofa,False
g29302,Antonio Cleidson Arruda Nogueira,Cleidson Nogueira,False
g29307,Ana Angelica de Sousa,Ana Angelica,False
g29309,Jose Freire Neto,Prof Freire Neto,False
g2932,Francisca Geane Moreira Moura,Jane Moura,False
g29322,Carla Leoneide da Silva Rodrigues,Carla Rodrigues,False
g29333,Ivanildo Nunes da Silva,Dinho do Zé do Honório,False
g29342,Mauricelia Rodrigues,Mauricelia Rodregues,False
g29357,Josafá Lima de Araújo,Josafá do Sintraf,False
g29407,José Joseni Josué,Jaca Josué,False
g2943,Clairton Almeida Maia,Professor Clairton,False
g29431,Maria Mikaele do Nascimento,Mikaele,False
g2944,Emanoel Bezerra Marques,Emanoel Marques,False
g29509,Francisco Leudiclê Alves da Silva,Leudiclê Alves,False
g29516,Antonio José Marques Costa,Antônio José do Cloves,False
g29546,Pedro Neto Lobo Soares,Pedro Lobo,False
g29585,Francisco Sales Henrique,Velho Chico,False
g29589,Wilyano Pinheiro Cavalcante,Wilyano Pinheiro,False
g29620,Maria Verônica Bezerra,Veronica,False
g29631,Vanessa de Souza Lima,Melzinha,False
g2966,Maria Jose de Souza Nascimento,Maria Jose,False
g29660,Fabiana Ferreira Fernandes,Fabiana Fernandes,False
g29670,Jose Welington Ribeiro da Silva,Welington Ribeiro,False
g29678,Marconiêr Chagas Mota,Marconiêr Mota,False
g29683,Francisco Reginaldo Alves Brasileira,Regis Alves,False
g29684,Francisco Valdécio Rocha Souza,Valdécio Rocha,False
g29686,Ivano Paulino da Silva,Vonin do Alencar,False
g29710,Antonio Onesio Rodrigues de Lima,Onesio Lima,False
g29714,Valdísia Araújo Prudêncio,Professora Valdisia,False
g29724,Maria Iris de Oliveira,Iris Bacana,False
g29731,Genilson Mendes da Silveira,Genilson,False
g29741,Francimar Viana Pereira,Francy Viana,False
g29759,Otaviano Severiano Ferreira da Silva,Otaviano,False
g29768,Antonio Joaquim Gonçalves de Oliveira,Toinho do Banco,False
g29828,Francisco Antenor Nunes Mariano,Antenor,False
g29830,Carlos Henrique Alves Oliveira,Carlos Henrique,False
g29833,Maria Lúcia Silva de Holanda,Lúcia Holanda,False
g29903,Maria Elicia Domingos Nascimento de Paula,Elicia de Paula,False
g29918,Cícero Moreira Barreto,Barreto,False
g29992,Joao Eduardo Souza,Joao da Parocha,False
g30033,Adriano Alves Barbosa,Adriano do Coité,False
g30063,Marta Coelho Bezerra Dantas,Marta Dantas,False
g3007,Estevão José Saraiva Mustafa,Dr. Estevão Mustafa,False
g30108,Rogerio Chaves dos Santos,Rogério Babau,False
g30120,David Barros Araújo,Davi Barros,False
g30125,Nildilene Silva Ferreira,Nildilene,False
g30128,Monico Fernandes de Pinho,Monico Pinho,False
g3013,Augusto Sandro Chaves Costa,Sandro,False
g30183,Jose Aurino Cardozo Gomes,Zé Aurino (Zé do Povo),False
g30192,Genivaldo dos Santos Ferreira,Genivaldo Ferreira,False
g3021,João Paulo Oliveira Mota,João Paulo Mota,False
g30267,Etevaldo Gomes Lima,Etevaldo,False
g30283,Marcio Jose de Morais,Marcio Morais,False
g30315,Claudio Luis Gomes Pereira,Claudio Luis,False
g30325,Janaina Oliveira Teixeira,Janaina Oliveira,False
g3036,Valério Lima Damasceno,Valério Lima,False
g30362,Antonio Edinaldo de Morais,Tonho de Dedi,False
g30367,Francisca da Silva Alves,Francisca Alves,False
g30384,Joaquim Crisantemo Salu,Joaquim Salu,False
g30396,Giuliano Cesar Brito do Nascimento,Giuliano Cesar,False
g30413,João Calaça de Sousa Neto,João Calaça,False
g30414,Daniel de Alencar Santos Gomes,Daniel da Agua Boa,False
g30445,Fabíola Neusa Rodrigues,Fabíola Rodrigues,False
g30447,Maria Angela da Conceição Silva,Angela Juntas Jessica,False
g30474,Maria Rosilania Ferreira Sousa,Rosilania Ferreira,False
g30523,Victoria  Moreira de Sousa,Victória Moreira,False
g30541,Tarcisio Andrade Junior,Junior Andrade,False
g30551,Antonio Alailson Oliveira Saldanha,Alailson Saldanha,False
g30559,Francisco Eliosmar Ferreira,Eliosmar da Saude,False
g30561,Antonia Eridan Vieira Lopes,Eridan,False
g30587,Antonio Narciso Varela Mororó,Narciso,False
g30593,Doroteia Andrade Silva,Doroteia Andrade,False
g30603,Rangel Alves de Sousa,Irmão Rangel,False
g30608,Antonio Jose Fernandes Lima,Antonio Jose da Augusta Brito,False
g30610,Lucileia Marques de Sousa,Lucinha do Dino,False
g30611,Fabel Franklin de Souza Maia,Fabel da Educaçao,False
g30617,Geovar Alves Freires,Geovar Domandor,False
g30633,Aluisio Soares Pacheco,Aluisio da Ramada,False
g30682,Francieudo Barbosa Nunes,Francieudo do Sindicato,False
g30700,Felipe Lopes de Lima Carvalho,Dr. Felipe Carvalho,False
g30706,Joao Aglaylson Figueredo Barbosa,Aglaylson,False
g30714,Francisca Natália Gomes Barreto,Natália Gomes,False
g30730,Maria de Fatima Oliveira Silva,Fatinha de Canaã,False
g30732,Francisco das Chagas Soares,Chiquinho do Povo,False
g30747,Fabiano Fernandes de Souza,Fabiano Fernandes,False
g3075,Luiz Carlos de Oliveira Sales,Luiz Carlos,False
g30758,Jose Ilo Alves Dantas Neto,Ilo Neto,False
g30764,Marcio Apolinario da Silva,Marcio Silva Taxista,False
g30771,Maria Aurieda Marques,Aurieda Marques,False
g30791,Vagna Brito de Lima,Vagna Lima,False
g30802,Antônio Marcos Sales Menezes,Marcos do Pastel,False
g30812,Jose Felipe Josino,Felipe Josino,False
g30868,Liduina Maria Pinho Araújo,Liduína do Pial,False
g30946,Víctor André Gaspar Lima,André Gaspar,False
g30962,Antonio Sergio Barbosa da Silva,Professor Sergio,False
g30964,Erasmo de Sousa Lima,Erasmo Lopes,False
g30968,Maria Adriana dos Santos,Adriana Balbino,False
g30976,Antonia Cicera Silva,Professora Silvinha,False
g30991,Henrique Jorge Moura da Silva,Jorge da Barra Nova,False
g30997,Maria Irismar da Silva Cavalcante,Irismar Cavalcante,False
g30998,Danna Rabelo de Menezes,Danna Rabelo,False
g310,Paulo Cesar Uchoa Braga,Pc Uchoa,False
g31000,Adalberto de Brito Linhares,Adaltim,False
g31040,Antonio Valdemir Eufrasio da Silva,Valdemir Eufrásio,False
g31062,Maria Emídio Moreira Lourenco,Nelvy de Albertão,False
g31075,Marcelo Alves Ribeiro,Marcelo Paz,False
g31097,Antonio Rodrigues de Melo Filho,Filho Melo,False
g31152,Valter Pires Rodrigues,Valtim,False
g31153,Tiago Santos Rocha,Tiago Rocha,False
g3119,Francisco Rodrigues de Araujo,Edmilson Rodrigues,False
g31241,Rildo Eduardo Veras Gouveia,Rildo,False
g31253,Otacilio Neves de Castro Feitosa,Ferrin Feitosa,False
g31286,Josauro Alves dos Santos,Professor Josauro Mariano,False
g3129,Antonia Maria Gamileira Nascimento,Toinha do Sindicato,False
g31320,Maria Daniele Lourenço,Daniele Lourenço,False
g31331,Breno Castro Barros da Silva,Breno,False
g31374,Alessio Costa Lima,Alessio,False
g31384,Valdemar Dias Sobrinho,Demar Dias,False
g31389,Paulo Roberto Santos da Silva,Roberto do Cajubras,False
g31402,Raimundo Nonato Araujo de Sousa,Raimundo Bié,False
g31440,Maria Darc Oliveira de Sousa,Darc Filó,False
g31471,Merisangela Alves Bringel,Merisangela Bringel,False
g31472,José Roberto Matias dos Santos,Roberto Matias,False
g31485,Ivaneiça Vieira da Costa,Mima Costa,False
g31506,Amanda Ferreira de Souza,Amanda Ferreira,False
g31508,Nikaelly Pinheiro,Nikaelly Pinheiro,False
g31512,Edna Natalia de Sousa Bezerra,Natalia Bezerra,False
g31515,Genival Ponciano da Silva,Genival,False
g31546,José Jenilton Aquino Costa,Jenilton,False
g31591,José César Barbosa Barros,Cezinha,False
g31615,Flavio Teixeira Saboia,Saboia,False
g31654,Josiane Paula Silva Maciel,Duda,False
g31659,Francisca Mairla Germano de Souza,Mairla Germano,False
g31668,Paloma Martins Lucio,Paloma Martins,False
g31676,Paulo de Tasso Oliveira da Costa,Paulo de Tasso,False
g31743,Eunice Magalhães Felinto,Eunice Magalhães,False
g31749,Nilia Mota Menezes,Nilia Mota,False
g31754,William dos Santos Bazilio,Bilinha,False
g31780,Patricio de Sousa Vitoriano,Patricio Vitoriano,False
g31800,Erineudo Luis de Lima,Erineudo do Pt,False
g31817,Joaquim João Furtado,Joaquim Furtado,False
g31838,Cicero Petronio da Silva Gonçalves,Petronio Cicero,False
g31851,Antonio Valdete Lucena Braga,Valdete Braga,False
g31874,Cicero Fernando Sampaio Gomes,Fernando Sampaio,False
g31879,Nildlaide Andreza Queiroz Gondim,Andreza Queiroz,False
g31889,Eufrázio Silva Batista,Eufrázio Batista,False
g31890,Solange Mary Holanda Campelo Balbino,Solange Campelo,False
g31908,Marta Helena Maciel Alberto de Meneses,Marta Meneses,False
g31922,André Barreto Esmeraldo,André Barreto,False
g31934,Francisco Juarez Cruz de Vasconcelos Filho,Dr. Juarez Vasconcelos,False
g3195,Maria Nilma Rodrigues do Nascimento,Nilma do Sindicato,False
g31958,Cícero Nunes Rodrigues Filho,Neto Gato,False
g31973,Max Swell Veras Ribeiro,Max Swell Decreto do Bem,False
g31992,Manoel Alves de Oliveira,Manoel Alves,False
g320,Cleomilson Alves de Oliveira,Professor Cleomilson Alves,False
g32005,Joao Martins da Silva,Joao do Zito,False
g32006,Erasmo Vieira da Silva,Pingota,False
g32022,Pedro Martins da Silva Neto,Pedro de Lia,False
g32039,Sulenir da Silva,Sulenir Silva,False
g32069,Tayná Silva de Sousa,Tayná Sousa,False
g32098,Francisco Dariomar Rodrigues Soares,Dariomar,False
g32108,Aurinimara dos Santos Araújo,Mara de Aurinilo,False
g32114,Juliano Abreu Cruz,Juliano Cruz,False
g32125,Maria Cleide de Lima,Cleide Ferreira,False
g32197,Ivancelio Moreira Canuto,Ivancelio do Sindicato,False
g32219,Monica Maria Bezerra Borges Pelegrine,Monica do Guto,False
g3223,Carlos Alberto Brasil Pereira,Carlim do Litro,False
g32235,Antonio Marcos Caracas,Marcos Caracas,False
g32275,Cicera Rodrigues de Lima de Matos,Cicera Matos,False
g323,Claudenira Cavalcante Melo,Claudenira Melo,False
g32315,Katia Maria Lima Torres,Katia do Sindicato,False
g32318,Cícero Palácio Rodrigues,Cícero Palácio,False
g32351,Antonio Marcos Gomes de Sousa,Marcos,False
g32353,Josenir Lobo Fonteles,Nego do Ze Valmir,False
g32355,Francisca Eugênia Alves Ramos,Eugênia Alves,False
g32389,Ana Paula Gomes de Sousa Machado,Paula do Almeida,False
g32396,Manoel Santana Vieira,Manoel Santana,False
g324,Adailton Marques da Silva,Adailton Marques,False
g32417,Pedro Santana de Almeida Filho,Pedro Filho,False
g32449,Valcir Viana Pereira,Valcir Viana,False
g3245,Francisco Magno Martins de Brito,Magno Pecém,False
g32450,José Marcelo Rodrigues da Costa,Marcelo Cabeleleiro,False
g32580,José Italo Bezerra de Sousa,Italo Sousa,False
g32613,Antonio Augusto Carneiro de Castro,Augustinho Carneiro,False
g32617,Carolina Carreiro Marinho,Carolina Marinho,False
g3267,Lusia Helena Almeida Rocha,Lusia Rocha,False
g32673,Caubi Freitas dos Santos,Caubi Freitas,False
g32679,Paulo Sergio Mariz Santos,Paulo Feijó,False
g32689,Meirislucia Viana da Costa,Meire Viana,False
g32740,Francisco Jucier Rodrigues de Oliveira,Jucier Oliveira,False
g32750,Luiz Moura do Nascimento,Luiz Moura,False
g32769,Antonio Cleuderson Santos de Almeida,Santinho,False
g32779,José Vandevelder Freitas Francelino,Dr Vandevelder,False
g3278,Antonio Vito Mendes Barbosa,Vito da Van,False
g3279,Vera Lucia Bezerra Carneiro Furtado,Vera Carneiro,False
g32792,Raimundo Nonato da Silva,Raimundo Vigilante,False
g32797,Alberice Maria de Andrade,Alberice,False
g32804,José Antonio Leite,Dedé do Inharé,False
g32836,Francisca Francizete de Lima,Francizete Lima,False
g32871,Cleudiberto Dantas da Silva,Cleudiberto Dantas,False
g3289,Elisabete Moreira Arrais de Sousa,Betinha Arrais,False
g32893,Vilanice Oliveira da Silva,Vilanice Oliveira,False
g32895,Lusia Lopes de Sousa Oliveira,Lusia da Saúde,False
g32907,Maria Amaral Lafayete Lima,Amaral Lafayete,False
g3291,Joao Paulo da Silva,Paulo Silva,False
g32928,Patricio Farias dos Santos Junior,Patricio Farias,False
g32932,Valdir Júnior Fernandes Rodrigues,Valdir Júnior,False
g32954,Ana Evangilina Elias Sousa,Irmã Ana Elias,False
g32959,Luzia Marcia da Costa,Luzia do Povo,False
g32967,Francisco Julimar Abreu Sousa,Kiko,False
g32976,Deuzimar dos Santos Silva,Branquinho,False
g3299,Francisco Jose Costa de Oliveira,Costa Brazil,False
g32997,Francisco Erivan Bessa de Castro,Professor Erivan,False
g32999,Milena Soares,Millena Soares,False
g33063,Francisca Joceli Assuncao Tavares Silva,Joceli Silva,False
g33079,Tony Werison de Sousa Ramos Ribeiro,Professor Tony Ramos,False
g33084,Antério Fernandes Moreira,Anterio do Sindicato,False
g33135,Antonio Marcelo dos Santos,Marcelo do Gadelha,False
g33136,Jose Vandeva da Silva,Brancoso,False
g33145,Geraldo de Araujo Silva,Geraldo,False
g33146,Benedita Neta da Silva,Professora Bené,False
g3320,Maria Vladivra Lima de Paulo,Vladiva,False
g33204,Regilla Maria de Oliveira Forte da Silva,Regilla Forte da Assistencia,False
g33256,Diana Lacerda Antunes,Professora Diana Lacerda,False
g33265,Paulo Berg Melgaco,Paulo Berg,False
g33283,Eusebio Ferreira da Silva,Eusebio Ferreira,False
g33294,Maria da Conceição Costa de Paiva,Conceição do Povo,False
g33310,Francinaldo José Rodrigues,Violeiro,False
g33313,Thiago Marques de Albuquerque,Thiago Marques,False
g33325,Isaac Lennon de Andrade Moura,Isaac Moura,False
g33326,Luiz Saraiva de Lemos,Didi do Camara,False
g33328,Antonia Lucivania Pereira da Silva,Sheila Silva,False
g33343,Jose Roberto Vieira de Lima,Zé Roberto,False
g33347,Irene Mateus da Silva  Joia,Joinha,False
g33348,João Victor Queiroz Oliveira,Victor Queiroz,False
g33351,Hilton Alves de Queiros,Hilton do Arere,False
g33370,Luzaneire Maria Pimentel Ferreira da Silveira,Luzaneire,False
g33388,Danilo Belarmino dos Santos,Danilo do Paredão,False
g33389,Maria Juraci da Silva Ribeiro,Juraci Ribeiro,False
g33404,Gledson Luiz Viana Bezerra,Gledson do Banco,False
g33406,Jesus Rodrigues Magalhaes,Jesus Magalhaes,False
g33432,Celiane David Bispo,Celiane do Sindicato,False
g33474,Jose Maria de Carvalho Junior,Junior Carvalho,False
g33481,Jose Ferreira de Sousa Filho,Van,False
g3350,Daniel da Silva Nunes,Daniel do Cercado do Meio,False
g33506,Werbeth Aguiar Costa,Werbeth Aguiar,False
g33517,Maria Eloisa Oliveira Bezerra,Maria Eloisa,False
g33521,Maria do Carmo Ximenes Marques,Kaka do Flavio Marques,False
g3358,Agostinho Ferreira Câmara,Agostinho Bran S,False
g33596,Leila de Souza Santos,Leila Medeiros,False
g33605,Maria Dalva de Sousa,Dalva Sousa,False
g33606,Emanoel Magalhães Feitosa,Manim Negão,False
g33614,Arnaldo Tavares Grangeiro,Arnaldo da Baixa Dantas,False
g33624,Glendha Castro Alves,Glendha,False
g33639,Jose Mauricio de Sousa,Mauricio de Sousa,False
g33676,Maria Janaina Silva Gomes,Janaina Gomes,False
g33685,Luciano Macedo Batista,Lulu Macedo,False
g337,Francisco Edvan dos Santos,Edvan do Sertao,False
g33701,Maria Beatriz Silva Carvalho,Beatriz Carvalho,False
g33732,Antonio Fernando Coutinho,Dr. Antonio Coutinho,False
g33764,Abelardo Sousa Barros,Abelardo Barros,False
g33787,Francisca Aurília Martins,Bia Martins,False
g3379,Vicente de Paulo Furtado Marques,Vicente da Federação,False
g33798,Thiago Carvalho Mendes,Thiago de Miguel,False
g33811,Silvia Jacqueline Moura de Oliveira,Silvia Moura,False
g33826,Ricardo Brito Vaz,Ricardo Vaz,False
g33846,Jose Alberni da Silva,Alberni,False
g33852,Antônio de Oliveira Gomes,Nilson do Pt,False
g33864,Elmano de Freitas da Costa,Elmano de Freitas,False
g33877,Antônia Almiza Pessoa Lira,Almiza,False
g33879,Saul Lima Maciel,Saul,False
g339,Maria Conceição de Moraes Bezerra,Ceiça Moraes,False
g33906,Madalena Barbosa Prata,Madalena Quilombola,False
g33922,Francisca das Chagas de Oliveira,Chaguinha,False
g33949,Cícero Felix da Silva,Cicero Bagaceira,False
g33966,Roberto Carlos da Silva Soares,Manguita do Futebol,False
g3398,José Reijanildo da Silva Maciel,Bodim,False
g33987,Maria Cristilania Siqueira Souza,Cris,False
g34011,Leide Isabel Freitas Cavalcante,Leide do Sindicato,False
g34024,Antonio Aldeniso de Oliveira,Aldeniso Oliveira,False
g34046,Antônia Luzia de Oliveira Costa,Luzia Costa,False
g34073,Maria Aparecida Coutinho Sousa,Cida do Bss,False
g34123,Anestil Rodrigues Magalhaes,Anestil Magalhaes,False
g34134,Francisco Claudio de Sousa Silva,Professor Cláudio,False
g3414,Francisco Romario Gomes Monteiro,Romario Romualdo,False
g34147,Antonia Melo Lisboa Neta,Netinha Lisbôa,False
g34158,Maria do Socorro Ferreira,Socorro Ferreira,False
g34164,Aparecido Hildenio Alves Dutra,Denis Dutra,False
g34170,Marcos Antonio Moreira Xavier,Marcos Xavier,False
g34199,Carlos Roberto de Maria,Kaká Urbano,False
g34206,Marcos Ronys Lima da Silva,Ronys Lima,False
g34212,Lucia Helena Oliveira Fernandes,Lucinha Fernandez,False
g34220,Rivaldo Benício de Souza,Rivaldo Benício,False
g34227,José Maria Sabino Delfino,Ze Maria Sabino,False
g34257,Joelmeberg da Rocha,Berguinha,False
g3426,Hérica Amanda Cavalcante Moura,Amanda de Ubelardo,False
g34277,Ricardo Feitosa Frota Ribeiro,Dr Ricardo,False
g34288,Joaquim Paulino da Silva Junior,Júnior do Povo,False
g34289,Antonio Alberto de Sousa,Antonio Alberto,False
g34316,Ana Karolyne Rodrigues Bezerra,Preta Karol,False
g34344,Aurinete de Oliveira Maia,Neta Maia,False
g34352,Jose Julio Santos,Julio Santos,False
g34378,Francisco Aquino de Sousa,Aquino,False
g34389,Elano Cesar Diogenes Tavares,Professor Elano,False
g34396,Francicleido Bento Vieira,Subtenente Bento,False
g34425,Jardel Fernandes Coelho,Jardel Coelho,False
g34426,Francisca Felix da Costa Silva,Francisca do Sindicato,False
g34455,Mairlon Junior Barros Gomes do Nascimento,Mairlon Jr,False
g34474,Jose Fernandes Bezerra Neto,Jose Fernandes,False
g34479,José Maria Matos da Silva,Bahia,False
g345,Lilian Rodrigues Cavalcante,Lilian Cavalcante,False
g34507,Antônia de Siqueira Sousa,Antônia Siqueira,False
g34520,Francisco Geomar Sotero,Geomar Sotero,False
g34524,Andreia Sales da Silva,Andreia Sales,False
g34528,Antônio Narciso Vicente Martins,Narciso Martins,False
g34533,Rafael Barbosa dos Santos,Irmão Rafael,False
g34603,Francisco Jose Araujo de Oliveira,Grilo,False
g34607,Sandra Alves Licurci,Sandrinha,False
g34613,Rodrigo da Rocha Freire,Rodrigo Canoa,False
g34614,Joselio Alves Albuquerque,Helio Albuquerque,False
g34663,Maria Zilma Costa Alves,Zilma,False
g34665,Janaina Araújo de Olivindo,Janaina Araújo,False
g34678,Esmeralda Silva Alves,Esmeralda,False
g34684,Francisco Pereira de Castro,Tarim,False
g34728,Efigenia Mendes Garcia,Efigenia Garcia,False
g34743,Paulo Sérgio Mesquita da Silva,Serjão,False
g34745,Francisco Divaldo Bruno Dantas,Bruno Dantas,False
g34757,Francisco Ribamar de Sousa Bezerra,Cabeção,False
g34761,José Valdir Oliveira Neto,Neto Vaulino,False
g34783,Francisco Mauricio da Silva Martins,Mauricio Martins,False
g34794,Jayro Nikson Cavalcante Carvalho,Professor Jayro Nikson,False
g34807,Francisco Carlos Almeida Maia,Carlos Maia,False
g34840,Maria Elivana Sousa Lima,Elivana Lima,False
g34841,Raimundo Eudivan da Silva,Eudivan Silva,False
g34848,Isaac Gomes da Silva Junior,Junior,False
g3487,Francisco Umbelino de Morais Junior,Professor Junior Mello,False
g34887,Antonia Izabel Pinto Chaves Alves,Professora Izabel Chaves,False
g34894,Antônio Giovani Galeno Silva,Giovani Galeno,False
g349,Raimunda Chaves Moura,Vanir Chaves,False
g34913,Francisco Teixeira Sobrinho,Teixeira Sobrinho,False
g3494,Maria Michele Santos,Michele,False
g34943,Francisca Núbia Lopes da Silva,Núbia Lopes,False
g34947,Jailma Herculano da Silva,Negona Jailma,False
g34973,Carlos Wagner Cavalcante Araujo,Peinha,False
g34982,Ana Deborah Ferreira Lima Lopes,Ana Deborah,False
g34994,Marneide Alves Aires,Professora Marneide Aires,False
g34998,Ramiris de Alencar Alves,Ramiris Alencar,False
g35004,Francisco Willyton Pinheiro,Neguim de Vóvó,False
g35014,Edson Ferreira Lima,Dr Edson Ferreira,False
g35140,Antonio Carlos Vieira Correia,Carlos Vieira,False
g35146,Eufrasio Parente de Sá Barreto,Farrim do Cartório,False
g35159,Cicero Romão da Silva,Cicero Romão,False
g35199,Carlos Alberto Leite Arruda,Beto Arruda,False
g35208,Jose Ailton de Sousa Brasil,Zé Ailton,False
g35225,José Clodomir Freire,Professor Clodomir,False
g35237,Leonardo Pinheiro,Léo de Valrinete,False
g35258,Josie Camelo Mesquita,Josie Mesquita,False
g35284,Jackson Alencar Nocrato,Jackson Nocrato,False
g35312,Jose Evandier da Silva,Diê Silva,False
g3535,Luciano Martins Santos,Luciano de Valter,False
g35404,Francisco Wil e Silva Pereira,Wil Pereira,False
g35408,Valma Maria Gomes da Silva,Valma Gomes,False
g35434,Francisco Everardo do Nascimento Morais,Everardo Morais,False
g35440,Maria Edilene Félix da Silva,Edilene,False
g35455,Delaide Martins da Silva,Delaide Martins,False
g35474,Francisco Elizaudo da Silva,Elizaudo,False
g35497,Roberto Vicente Rodrigues,Roberto do Simao,False
g35510,Vera Lucia Daniel da Rocha,Vera Daniel,False
g3552,Francisco Maciel Gomes,Galego Vendedor,False
g35539,Larissa Maria Fernandes Gaspar da Costa,Larissa Gaspar,False
g35545,Izabel Martins Frota,Izabel Frota,False
g35557,Ana Elisa de Sousa Vianna,Professora Aninha,False
g35569,Aurilene Damasceno dos Santos Amaral,Aurilene Loura,False
g35577,Antonio Wilson de Sousa,Nilson Sousa,False
g35586,Maria do Socorro de Souza Oliviera,Dra Help,False
g35591,Ligia Maria Benevinuto de Sousa Protasio,Dra Ligia,False
g35609,Francisco Antonio de Souza,Cajú,False
g35641,Claudiane Pereira Mariano,Claudiane Acs,False
g35646,Adelitta Monteiro Nunes,Adelita Monteiro,False
g35649,Francisco das Chagas Mateus,Chagas Mateus do Pt,False
g35663,Cleison Vagner Nascimento,Cleison Miliano,False
g3568,Francisco Silvan Dantas Cavalcante,Silvan Cavalcante,False
g35681,Maria Erivanda Franca de Oliveira,Vandinha do Sindicato,False
g35697,Maria do Socorro do Nascimento Vieira,Corrinha de Leila,False
g35699,Antonio Fernando Chaves de Lima,Fernando Chaves,False
g35706,José Luciano Vieira,Luciano,False
g35707,Jose Alves Sarmento,Dedé das Roupas,False
g35718,Raimundo Filho dos Santos,Pequeno do Maceio,False
g35739,José Gerardo de Araujo,Rai Mototáxi,False
g35744,Raimundo Martins Pereira,Raimundo Martins,False
g35762,Brena Pereira de Souza,Brena Pereira,False
g35764,João Everardo Ferreira Barros,Tio João Muniz,False
g35783,Maria Auderiana de Araujo,Auderiana Araujo,False
g35796,Cícero Gilvan Furtado Félix,Gilvan Nazinha,False
g3581,Maria Salete dos Santos Nogueira,Salete Santos,False
g35814,Cicero Antonio Gomes de Lima,Cicinho de Juliana,False
g35848,Ramilson Santos,Ramilson Santos,False
g35849,Regino Ribeiro do Nascimento Silva,Caburé,False
g35856,Francisco Haroldo Vieira de Araujo,Haroldo do Cocalzinho,False
g35879,Davi Arruda Quaresma,Davi Arruda,False
g35889,Francisco Sales Araujo da Cruz,Sales do Sindicato,False
g35910,Tadeu Matos Freitas,Tadeu da Carqueja,False
g35924,Antonio Sérgio da Silva,Sérgio Motos,False
g35925,José Vieira Barreto,Vieirinha,False
g35952,Antonio Silvio Pinto Lima,Silvio Pinto,False
g35958,Tomas Santiago Alves Duarte,Tomas Duarte,False
g35959,Samara Maria Dantas,Samara Enfermeira,False
g35963,Ivan Lucas Oliveira Magalhães,Ivan Lucas,False
g35976,Lourdylla Sunshinne Rolim Ferreira,Lourdylla Sunshinne,False
g35996,Francisca Neiva Esteves da Silveira,Neiva do Sindicato,False
g36,Antonia Elizabete Pereira Mendes,Betinha Andre,False
g36007,Manoel Almeida Pinho,Tibiju,False
g3601,Jose Max Santana,Max Santana,False
g36019,Monica Rosany Pereira Mariano,Monica Mariano,False
g3602,Maria Marcilane Sousa Fontenele,Marcilane,False
g36025,Jailton Costa de Alencar,Jailton Costa,False
g36037,Manoel Gildázio de Lemos Nobre,Gildázio,False
g361,Carlos Alexandre Matoso Chagas,Alexandre Matoso,False
g3610,Francisco Antonio de Araujo,Kim Poli,False
g36104,Rita Alves Sales,Riter Alves,False
g3611,Sônia Maria Martins Cardoso,Sônia de Aglaisio,False
g36116,Eduardo Araujo Andrade,Dudu do Clisanto,False
g36120,Antonio Renato Lopes,Renato Noé,False
g36129,Romênia Uchôa Pereira de Araújo,Dra Romênia,False
g36166,Luciana Maria de Alencar,Luciana da Loterica,False
g36175,Rosilane de Carvalho Correia,Rosilane Correia,False
g36186,Evandro Holanda Vitorino da Silva,Evandro Holanda,False
g36198,Joao Neto Dias,Neto de Mateus,False
g36220,Jose Valdir da Silva,Valdir do Balneário,False
g36232,Cicero Miguel do Nascimento,Tutulho,False
g36244,Rômulo Pessoa Silva Araújo,Rômulo,False
g3628,Lilia Jaciara dos Santos Melo,Jaciara Melo,False
g36302,Adriana Torquato Pedrosa,Adriana Pedrosa,False
g36305,Antônio Vilmar Batista da Silva,Pastor Vilmar,False
g3631,Maria Ziltamar Fernandes de Sousa,Professora Ziltamar,False
g36376,Maria Mislene de Sousa,Mislene de Messias Machado,False
g36387,Tiarles dos Santos Guerra,Thiarles Guerra,False
g36389,Roberval Araujo Rocha,Roberval dos Poços,False
g36390,Francisco Luzia Nazaré,Louro,False
g364,Francisco Conrado da Silva,Conrado Silva,False
g36409,Neila Maria Vitoriano de Sousa,Neila,False
g3641,Maria Sandra Caetano,Sandra Caetano,False
g3642,Francisco de Assis da Silva Silveira,Diassis Silveira,False
g3644,Antonio Hélio Diniz Bezerra,Antonio Hélio,False
g36480,Luis Rogerio Ribeiro do Nascimento,Luis Rogerio,False
g36487,Heldo Duarte Pereira,Heldo Duarte,False
g3649,Vicente de Paulo da Silva Santos Junior,Vicente do Jereissati,False
g36491,Cícera Soares da Silva,Cícera Silva,False
g36503,Raimundo Nonato Gomes da Silva,Tica do Zezê,False
g36520,Francisca Claudia de Lima Silva,Professora Claudia,False
g3653,Ana Michelle Lima Barroso de Souza,Michelle Barroso,False
g36539,Maria Gorete de Almeida Monte,Gorete Agente de Saúde,False
g36558,Enedina Soares da Silva,Enedina,False
g36605,Rivanda Alves Simões,Rivanda Simões,False
g36627,Jose Jurandi Vicente Martins,Jurandi do Povao,False
g36637,Francisco de Almeida Cavalcante,Dari Lorel,False
g36652,Evarista Rodrigues de Lira,Evarista Carvalho,False
g3667,Marcos Aurélio Monteiro,Marquinhos do Pontal,False
g36675,Cicera Edna Pereira Teles,Cicera Edna,False
g36683,Francisco Mauro dos  Santos,Mauro do  Eusébio,False
g36695,Antonia Edna Dias da Silveira,Edna Silveira,False
g36728,João Ramos Chaves,Abeguer Moral,False
g3674,Otavio Simão Nogueira Neto,Neto do Quinha,False
g36747,Jose Anchieta Rodrigues,Anchieta,False
g36753,José Bezerra da Silva Filho,Laércio do São José,False
g36807,Wladiza Mesquita Silva,Wladiza Mesquita,False
g36839,Deiser Freitas de Souza Castro,Deiser Freitas,False
g36874,Joaquim Pedro dos Santos,Joaquim Pedro,False
g36882,Antônia Ferreira Fernandes,Neide do Pt,False
g36904,Maria Ivanilza de Souza,Ivanilza,False
g36921,Elisa Mara Ferreira Gomes,Elisa Mara,False
g36924,Natalia Vitória Vieira de Souza,Natália Vitória,False
g36933,Adriana Lopes de Sousa,Adriana Lopes,False
g36954,Jose Helio Alves de Araujo,Zé Helio,False
g36957,Ana Pamela Pedrosa Gomes,Pamela,False
g36959,Celso Fernandes da Gama,Celso de Bia,False
g36974,Erika Santiago de Oliveira,Erika do Dinho,False
g3702,Maria Ivani Nunes Alves,Maria Ivani,False
g37023,Francisca Simone Braga de Sousa,Simone Braga,False
g37026,Valbert Furtado Rabelo,Rabelinho,False
g37031,Cícero Genaldo dos Santos,Dr Cícero da Farmácia,False
g37040,Marcelo Ferreira Teles,Professor Marcelão,False
g37052,Francisco Lourenço de Andrade,Chicão da Canabrava,False
g37064,João Luiz Lima Santos,João Luiz,False
g3709,Ninivia Maciel Evangelista Sousa Campos,Ninivia Campos,False
g37100,Joao Mick Rooney do Nascimento,Mick Rooney,False
g37102,Francisco Pereira de Sousa,Professor Ozelito,False
g37149,Silvia Helena da Costa,Professora Silvia Costa,False
g37154,Vladimir Almeida da Fonseca,Didi do Aquiraz,False
g37178,Rubens Linhares Mendonça Lopes,Rubinho,False
g37179,Marilene Aureliano Silva,Marilene,False
g37205,Maria Cleide Rodrigues de Freitas,Cleide Freitas,False
g37229,Randerson Saraiva de Oliveira,Randim,False
g37239,Francisco Moreira da Silva,Baralho,False
g37255,Edsonilson Vieira Guerra,Edson Guerra,False
g37276,Maria do Socorro Pereira Torres,Corrinha,False
g37278,Brena Távora Uchoa,Brena Uchoa,False
g37281,Magda Praciano Magalhaes,Magda Magalhaes,False
g3731,Renato de Albuquerque Mendes,Renato Albuquerque,False
g37319,Juracir Pereira dos Santos,Juracir do Sindicato,False
g37352,Adriana Ribeiro de Lima,Adriana Ribeiro,False
g37356,Antonio Senhor de Oliveira,Antonio Senhor,False
g37374,Jakson Silva Lima,Cambel,False
g37378,Antonia Sônia Ferreira Silva,Sônia do Bonfim,False
g37382,Olavo Alves Pires,Professor Olavo,False
g37386,José Dinamerico Silva Magalhães,Dinamerico,False
g37397,Luiz Inácio Lula da Silva,Lula,True
g37399,Camila de Sousa França,Camila França,False
g37411,Antonia Gomes Matias,Toinha,False
g37412,José Rogers Winchester de Sabóia,Rogim Sabóia,False
g37452,José Ilário Gonçalves Marques,Ilário Marques,False
g37464,Antonio Lima Uchoa,Antônio de Dé,False
g37484,Euvaldete Ferro da Rocha Oliveira,Euvaldete Ferro,False
g37554,Walmar de Andrade Braga Filho,Walmar Braga,False
g37585,Adriano Caetano Castro,Adriano Caetano,False
g37587,Germana Miranda Sales,Germana Sales,False
g37619,Tereza Cristina Filgueira de Almeida,Cristina do Geraldo,False
g37644,Kerginaldo Candido Pereira,Kerginaldo Candido,False
g37650,Jose Arteiro Alves dos Santos,Ze Moura,False
g37653,Maria Adelia Carneiro,Adelia Carneiro,False
g37661,Marcio Alves de Souza,Marcio Congão,False
g37675,Cristiane Maria Mendes Parente,Cristiane do Leu,False
g37720,Rivânia Maria Gomes Raquel,Rivânia Raquel,False
g37759,Fernando do Nascimento de Sá,Fernando Sá,False
g37773,Ronaldo Maia Martins,Ronaldo Frios,False
g37776,Francisco Auri Alves Junior,Auri Junior,False
g37777,Valberto Pereira Alves,Valberto da Funerária,False
g37796,Manoel Pereira de Sousa Neto,Professor Manoel Neto,False
g37830,José Ademir de Sousa,Irmão Dedé de Mecier,False
g37832,Edna Maria Martiniano,Edna Martiniano,False
g37841,Maria de Fatima Inacio Soares,Fátima Inacio Ex Prof. Cnec,False
g37873,Liana Sales de Miranda Gomes,Liana Cordeiro,False
g37880,Maria Edileuda Oliveira Lima,Leuzinha de Francisco de Maura,False
g3789,Manoel Missias Bezerra,Missias Dias,False
g37893,Francisco de Assis Brito de Oliveira,Didi Felicio,False
g37905,Rangel Cartaxo de Melo,Rangel Cartaxo,False
g37953,Luana Soares da Silva,Luana Soares,False
g37985,Manoel Antonio de Souza,Messias Potência,False
g38020,Jose Jocelio Fernandes Pinheiro Barbosa,Jocelio Barbosa,False
g38051,Maria Rejane Viana da Costa,Rejane Viana,False
g38064,João Batista de Almeida da Mota,Professor João Mota,False
g38070,Antonio Laurilandio Pereira,Laurilandio,False
g38077,Jozé Ivan Araújo Mororó,Dr Zé Ivan Mororó,False
g38146,Francisco Martins de Sousa,Minha Jóia,False
g38179,Maria de Fatima Gonzaga Alves de Carvalho,Fatima Carvalho,False
g38190,Francisca de Assis Alves de Sousa,Professora Ceriza,False
g38193,Francisco Palacio Leite,Professor Palacio,False
g38214,Marciana Silva de Oliveira,Marciana Silva,False
g38259,Bruna da Silva Lourenço,Adriana do Buiu  Dona Bruna,False
g38277,Maria do Socorro Barros Sbrissa,Socorro Barros,False
g38283,Aleandro Castro dos Santos,Aleandro Santos,False
g38288,Julio Emidio da Costa Neto,Julio Neto,False
g38325,Jose Acrisio de Sena,Acrísio Sena,False
g38326,Raimunda Freitas da Silva,Raimundinha da Casa de Apoio,False
g38331,Ilauro Peixoto de Lima,Ilauro,False
g38339,Francisco Jose Soares da Silva,Chico Jose,False
g38341,Francisco Fernandes dos Santos,Chicão Fernandes,False
g38352,Renata Monteiro Bôto,Renata Bôto,False
g38358,Rejane Pinheiro Jardelino,Prof.  Rejane Pinheiro,False
g38369,Levi Damasceno Bessa,Levi Damasceno,False
g38387,Laurely Gonçalves dos Santos,Laurely,False
g38401,Francisco Alysson da Silva Frota,Alysson Frota,False
g38429,Diernis Samara Peixoto Gama,Samara Peixoto,False
g38483,Antonny Lucas de Oliveira Dantas,Antonny Lucas,False
g38493,Francisco Eudes Rodrigues Cruz,Eudes Cruz,False
g38494,Aryanne Freitas Oliveira,Aryanne Almeida,False
g3850,Marcos Antonio Fernandes de Sousa,Marquinhos da Reriusat,False
g38533,Ana Teresa Barbosa de Carvalho,Ana Teresa,False
g38546,Jose Anchieta Rodrigues,Anchieta Rodrigues,False
g38628,Isabel Cristina Marques de Andrade,Professora Isabel (Bel),False
g38666,Paulo Céza da Silva,Paulo Céza,False
g38693,Antonio Anterio da Silva,Anterio Silva,False
g38707,Francisco Henrique Jeronimo Pereira,Henrique Jeronimo,False
g38723,Antonia Beatriz Alves da Silva,Beatriz Alves,False
g38732,Maria do Socorro Alves de Matos,Socorro Matos,False
g38758,Rui Teixeira Pinto,Rui Teixeira,False
g38766,Joao Francismar Dias,Amar Dias,False
g38774,Michele Magalhaes Catunda Almeida,Enfermeira Michele,False
g38788,Adelina Melo Marinho,Adelina Marinho,False
g3879,Francisco Batista e Silva,Chico Batista,False
g38817,Maria do Socorro Morais Moreno,Socorro Moreno,False
g38854,Luiz Gonzaga Martins da Rocha,Luiz Capivara,False
g38858,Afra Silva Magalhaes Mesquita,Afra Magalhaes,False
g38884,Maria das Graças Silva Bessa,Graça Bessa,False
g38888,Antonio dos Santos Vieira,Antonio do Mel,False
g38914,Carlos Eduardo Pereira Alves,Carlos Eduardo,False
g38923,Regiane Oliveira da Silva,Regiane Filha de Riso,False
g38933,Antonia Marciana Rodrigues Bezerra,Marciana Rodrigues,False
g38966,Francisca Jesiane Coelho da Silva,Geysa,False
g38969,Ana Edjane Pinheiro,Professora Ana Edjane,False
g38972,Ana Antonia Arruda Belarmino,Professora Paula,False
g38981,Vicente Teixeira Pinto,Vicente  Pinto,False
g38983,Romeu e Silva Filho,Romeu e Silva,False
g38992,Hilton Jose de Sousa,Hiltinho do Case,False
g39048,Cicero Evandro Lobo da Silva,Evandro Lobo,False
g39049,Joel Lima dos Santos,Joel Lima,False
g39056,Maria Josiana Pereira da Silva,Professora Josiana,False
g39061,Anny Caroline Gonçalves de Lima,Anny Caroline,False
g39097,Antonio Lucivaldo Viana Nunes,Irmâo Pirulito,False
g39107,Danilo Lima da Silva,Danilo Lima,False
g39109,Auricelio Delfino da Costa,Auricelio Delfino,False
g39122,Francisco Antonio de Araujo,Dr. Cidade,False
g39133,Glauton José Gonçalves,Professor Glauton,False
g39137,Valdery Cavalcante Calisto,Valdery Cavalcante,False
g39155,Antonio Erlan Matos do Nascimento,Erlan Nascimento,False
g39185,Carlos Henrique Eufrasio de Sousa,Carlos Henrique,False
g39219,Edvaldo Lourenco Sobrinho,Edvaldo Lourenco,False
g3923,Sebastião da Silva Ferreira,Tião Dora,False
g39254,Alexandre Pereira da Silva,Alexandre Pereira,False
g39275,José Elder Batista Pereira,Professor Novinho,False
g39295,Márcio Michael do Nascimento Farias,Michael,False
g39321,Samara Gomes Marinho,Samara Marinho,False
g39324,Antônio Marcelo Soares Oliveira,Marcelo da Regina,False
g39327,Anailson Alexandre Parnaíba,Baxim Taxista,False
g39357,Luiz Gonzaga de Oliveira Junior,Luizinho,False
g39376,Sara Jane Rocha,Sara Jane,False
g39393,Jose Josafá Cedro Alves,Josafá Cedro,False
g39404,Maria Rafaela Nascimento Sousa,Rafaela Sousa,False
g39419,Maria Ivania da Costa Santos,Ivania,False
g39421,Feliciana Alves de Sousa,Feliciana Alves,False
g39428,Francisca Mayle do Carmo,Mayle do Zezinho,False
g39445,Ewerton dos Santos Ferreira,Neguim Lutador,False
g39446,Samya Grasielle Pereira de Freitas,Sâmya de Avelardo,False
g39447,Raimundo Nonato Ferreira da Silva,Raimundinho Mariano,False
g39449,Antonio Bezerra Primo,Julinho da Saúde,False
g39452,Luis Carlos de Sousa,Luis Carlos,False
g39465,Jafe Beserra Rodrigues,Jafe,False
g39495,Jayres Brena Morais de Sousa,Breninha,False
g39498,Odair Jose de Menezes,Odair Menezes,False
g39503,Natalicia de Jesus Souza Brito,Natalicia do Sindicato,False
g39557,Maria Auxiliadora Patricio Oliveira Carvalho,Auxiliadora Oliveira,False
g39561,Ana Celi de Souza,Ana Celi,False
g39562,José Ronildo Beserra de Brito,Zé Ronildo,False
g39582,Francisco Edvan Araujo de Abreu,Edvan Abreu,False
g39586,Cobra Preta dos Santos Galvao,Cobra Preta,False
g39597,Paulo Roberto Galdino da Silva,Paulinho da Pavuna,False
g39637,Angelo Furtado Sampaio,Angim,False
g39665,Antonio Mauricio Gomes,Maurício Doido,False
g39681,Paulo Estevam da Rocha,Paulo de Mundim,False
g39699,Francisco Ivan de Oliveira,Prof Ivan e As Vozes da Cidade,False
g39708,Maria Edla da Silva Lima,Edla Lima,False
g39725,Daniel de Sá Barreto Cordeiro,Daniel Vereador,False
g39734,Francisco Julio de Araujo,Julio Maciano,False
g39752,José Iran de Barros,Iran Diogo,False
g39779,Lucileide Lourenço Castro,Lu Castro,False
g39783,Luzimar Elesbão,Luzimar Elesbão,False
g39799,Francisco Arisergio da Rocha,Arisergio,False
g398,Francisco Marcio de Oliveira Luz,Dr Marcio Luz,False
g39812,Edialédo de Souza Carlos,Edialedo Carlos,False
g39813,Aristides Tavares do Nascimento,Tido,False
g39814,Daniela Araujo do Nascimento,Daniela do Sindicato,False
g39834,Cicera Rejane da Silva,Rejane,False
g39886,Antonio Candido Neto,Tonozinho,False
g39902,Antonia Camila Dias de Queiroz Silva,Camila Dias,False
g39912,Francisco Carlos de Lima,Neném,False
g39914,Maria Lúcia da Silva Feitosa,Lucinha,False
g39918,Leomario Muniz Passos,Leomario Muniz,False
g39936,Jose Nilson Carneiro da Cunha Silva,Jose Nilson,False
g39943,Valdelice Bezerra da Costa,Valdelice Costa,False
g3996,Antônia Maria Gino Felipe,Antônia Felipe,False
g39998,Edicarla Pereira da Silva,Carla do Povo,False
g4000,Renata Martins da Cunha,Professora Renata,False
g40006,Jose Antonio Viana da Silva,Irmão Toinho da Serra,False
g40023,Maria Conceiçao da Silva Castro,Conceiçao Castro,False
g40024,Paulo Afonso de Oliveira,Paulo Afonso,False
g40037,Francinaldo de Oliveira Dias,Francinaldo Topógrafo,False
g40055,José Mauricio de Sousa,Maurício de Flecheiras,False
g40093,Maria de Lourdes Pinheiro Teles,Professora Lourdes de Carlim,False
g40111,Raimundo Jose Barbosa da Silva,Raimundo do Agreste,False
g40141,Orlando Victor Bezerra Lopes,Orlando Victor,False
g40142,Zelia Maria Bezerra da Silva,Zelia Cordola,False
g40143,Brena Karoline de Almeida,Brena Almeida,False
g40153,Julio Cezar de Souza,Professor Julio Cezar,False
g40167,Jose Eudenir Ferreira Barros,Eudes Barros,False
g40177,Francisco Felipe de Matos,Neguim de Titico,False
g40185,Maria Alice de Oliveira,Alice Oliveira,False
g40208,Maria Aurisvanda Nascimento do Carmo Rodrigues,Yane Rodrigues,False
g40215,Jose Claudio Domingos da Silva,Claudinho,False
g40218,Mariana Vieira Lacerda,Mari Lacerda,False
g40219,Raimundo Marques de Macedo,Raimundinho Marques,False
g40220,Ronaldo Izaias Brito,Ronaldo Cabecinha,False
g40226,Gilson Pereira de Lima,Gilson Pereira,False
g40279,José Mario Alves Pereira,Zé Mário,False
g4029,Gilliard Honorato dos Santos,Gilliard Honorato,False
g40320,Rita Maria de Sousa Soares,Rita Maria,False
g40321,Lasaro de Lima Cavalcante,Lasaro do Mazagão,False
g40326,Raimundo Neno Silva Meneses,Neno Meneses,False
g40330,Wilian Bezerra da Silva,Wilian Bezerra,False
g4034,Geyirlane Deyse da Silva Lourenço,Geyirlane do Tintin,False
g40361,Francisco Adalberto Severino Teixeira,Adalberto Teixeira,False
g40395,Maria das Graças Nascimento dos Santos,Graça Sitio Pará,False
g40408,Jose Edival Cordeiro,Ze Dival,False
g40425,José Deuzimar de Deus Lima,Deuzimar Lima,False
g40426,Carmem Naiane Rodrigues Abreu,Naiane Rodrigues,False
g40435,Patrícia Rodrigues de Brito,Patrícia Brito,False
g40471,Raimunda Helena Silva de Sousa,Raimunda Helena,False
g40505,Raimundo Beserra Moreira,Raimundo da Dena,False
g40520,Annick Eva de Lima Meier,Annick Meier,False
g40535,Eduardo Cesar de Sousa,Eduardo Padre Haroldo,False
g40612,Rogerio Barreira Pinheiro,Rogerio,False
g40624,Jardel Holanda Baima,Jardel Baima,False
g40653,Francisco Jacinto Gomes da Silva,Ivo Gomes,False
g40663,Maria Ivoneide Teixeira Mota,Professora Ivoneide,False
g4067,Luisa Cela de Arruda Coelho,Luisa Cela,False
g40676,Alison Ferreira da Silva,Alison Ferreira,False
g40680,Jose Feitosa Araujo,Zé Feitosa,False
g40691,Claudia Virginia da Silva,Claudia do Sindicato,False
g40727,Hermano Jose Matos Luz,Prof. Hermano,False
g4073,Ciete Bezerra Alves,Ciete do Sindicato,False
g40739,Maria Gabriella de Alencar Arrais,Gabriella de Visselmo,False
g40775,Damião Barbosa de Oliveira,César do Caldo,False
g40776,João Paulo Sales Cordeiro,João Paulo Cordeiro,False
g40807,Miro Leandro Faheina Gomes,Miro Faheina,False
g40830,Lucca Ferreira Freitas,Lucca,False
g40833,Alexandre Lima de Souza,Professor Alexandre Souza,False
g40850,Maria Luzia de Figueiredo Lima,Mazinha,False
g40863,Iris Maria Cruz de Lima,Iris,False
g40868,Raimundo Rodrigues Martins Neto,Raimundo do Pretinho,False
g40876,Antonio Nicolau da Silva,Louro Moral,False
g40911,Benocelio da Silva Carneiro,Benocelio Carneiro,False
g40917,Ana Karoliny Rodrigues Abreu,Karoliny Rodrigues,False
g40928,Francisco Diego Ribeiro Leandro,Diego de Sabiá,False
g40939,Michele Bento da Silva,Michele Filha do Netinho,False
g40951,Sebastião Matias de Carvalho Neto,Sebastião Matias,False
g40992,Everaldo Custódio de Lima,Everaldo Ding Dong,False
g41003,Washington de Moura Lopes,Professor Washington,False
g41020,Raimundo Nonato Martins Rodrigues Filho,Nonato Filho,False
g41035,Francisca Aurijane Martins da Cunha,Jane Martins,False
g41043,Solange Maria de Freitas Bezerra,Solange Freitas,False
g41051,Mauro Cesar Barros Timbo,Mauro Timbó,False
g41054,Francisca de Sousa Morais,Fransquinha do Sindicato,False
g41083,Francisco Cleilson Lourenço da Silva,Cojack Silva,False
g41097,Otaciano Vitorio de Oliveira,Taciano Vitorio,False
g41117,Vicente Pinto de Macedo,Vicente Macedo,False
g41120,João Soares de Souza,João Melin,False
g41128,Sebastião Xavier Mapurunga,Sebastião do Pt,False
g41154,Antonia Maria Ferreira da Silva,Antonia Silva,False
g41158,Antonieta de Aguiar Camurça,Antonieta Aguiar,False
g41173,Jose Eraldo Gonçalo Dias,Eraldo,False
g41187,Lilian Maria Pinto da Silva,Lilian do Sindicato,False
g4120,Maria Aurineide Martins,Aurineide Martins,False
g41242,Carlos Eduardo Peixoto Barros,Carlinho de Manel,False
g41246,Charlene Pereira Silva Medeiros,Charlene,False
g41261,Damião Epitácio de Souza,Damião do Pt,False
g41310,Vlaovecanandes de Alencar,Vlaodes Alencar,False
g41313,Ana Gonçalves de Lemos Neta,Dra. Ana de Lemos,False
g41316,Francisca Gorbelina Lopes Sales,Gorbelina Sales,False
g4132,Carlos Forte da Silva Neto,Professor Carlos Forte,False
g41340,Emilio de Oliveira Silva,Emilio,False
g41383,Manoel Loiola de Sena,Nezinho Loiola,False
g41399,Marcos Venicios Norjosa Gonzaga,Dr Marcos,False
g41407,Geisa Maria Fernades Mota,Geisa Fernandes,False
g41470,Anizio Santos de Melo,Professor Anízio,False
g41498,Francisco Lusimario Mendes de Lucena,Nando Mendes,False
g41523,Maximiliano da Silva Viana,Marquinho Viana,False
g41559,Evandro Sa Barreto Leitao,Evandro Leitão,False
g4158,Maria Ediniza Martins,Enfermeira Ediniza,False
g41580,Mauricio Vidal Victor,Maurício Vidal,False
g4162,Antonio Carlos Pessoa Chaves,Dr Antonio Carlos,False
g41624,Francisco Venancio de Jesus Martins,Venancio Martins,False
g41633,Jaildo Rodrigues da Silva,Jaildo Rodrigues,False
g41641,José Raimundo Cordeiro,Jr José Raimundo,False
g41671,Antonia Edna Nogueira da Silva Guedes,Edna Nogueira,False
g41679,Francisca Luciene de Oliveira Brito,Luciene do Sindicato,False
g41703,Sonia Maria Lopes Matos,Dra Sonia,False
g41707,Francisco Henrique da Conceição,Professor Henrique,False
g4177,Francisco Tadeu Marques de Sousa,Tadeu Marques,False
g41778,Viviane de Jesus Martins,Viviane Martins,False
g41846,Francisco das Chagas Carneiro,Martins,False
g41849,Francisca Cristovão Barbosa Gomes,Morena do Seminário,False
g4186,Weliton Paulino Nepomuceno,Welinton Paulino,False
g41896,Francisca Regilania de Oliveira Freitas,Regilania Oliveira,False
g41909,Fábio Bernardo da Costa,Fábio Costa,False
g41913,Odair José Mendes de Vasconcelos,Adauto,False
g41934,Antonio Silva Santos,Nelson,False
g41986,Evila Moncao Silva,Évila Silva,False
g41993,Maria da Conceição Teixeira,Girlene Teixeira,False
g41995,Ana Lais Peixoto Correia Nunes,Lais Nunes,False
g420,Fábio Rodrigues da Silva,Fábio do Gesso,False
g42014,Anderson Sampaio Rocha,Andim,False
g42017,Geraldo de Figueiredo Andrade Netto,Geraldo Netto,False
g4202,Jose Nilton de Sousa,Ze Nilton da Logoa do Mato,False
g4203,Jefson Borges dos Reis,Jefson Reis,False
g42037,Hermelinda Pereira de Araújo,Hermelinda Pereira,False
g42059,Maria das Dores Neta Souza,Maria de Geraldinho,False
g42067,Luis Carlos Firmino de Souza,Luiz Carlos,False
g42100,Antônio Damiao da Silva Ramos,Damiao Silva,False
g42102,Cícero Alves de Vasconcelos,Cícero da Terra Seca,False
g42120,Pedro Henrique Lopes Gonçalves,Pedro Henrique,False
g42175,Francisco de Assis Diniz,De Assis Diniz,False
g42179,Antonio Eraldo Batista Lima,Eraldo Lima,False
g42202,Mariana Rodrigues da Silva Batista,Mariana Rodrigues,False
g42222,Francisco Wellington Chagas Roberto,Welington Roberto,False
g42249,Slana Marta Marques de Lima,Slana Lima,False
g42253,Roseana Oliveira Rodrigues,Bispa Roseana,False
g42270,Francisca Eliane da Silva,Eliane Silva,False
g42284,Gerusa Chaves Belo,Gerusa Chaves,False
g4229,Karol Ingred Barros de Oliveira,Karol Barros,False
g42300,Carlúcio Gomes de Oliveira,Lorinho,False
g42309,Cicero Liromar Bezerra Balduino Moreira,Liromar Moreira,False
g42321,Jose Raimundo de Oliveira,Ze Abel,False
g42348,Maria Gorete Freire Matos,Gorete Freire,False
g42354,Luis Ricardo Meneses Onofre Junior,Ricardo Meneses,False
g42368,Marcelo Melo de Oliveira,Professor Marcelo Melo,False
g42382,Joice Carneiro Mesquita Mororo,Joice Mororó,False
g42419,Erika Costa da Silva,Erika Silva,False
g42431,Galvão Bueno de Souza Rodrigues,Galvao da Saude,False
g42444,Manoel Vanderlei Gonçalves,Vanderlei Gonçalves,False
g42465,Francisco José de Lima,Dr Tico de Tonha,False
g42469,Antonio Alves Melo,Toinho Contábil,False
g42488,Maria Sulamita Cosmo da Costa,Anita do Juvenal,False
g42490,Pedro Adjedan David de Sousa,Professor Pedro Adjedan,False
g4250,Regina Celia Saraiva Lucio,Regina Lucio,False
g42522,Jose Elanio Soares da Silva,Fernando Soares,False
g42533,Geraldo Gislásio Sampaio,Bilu,False
g42559,Jose Barbosa dos Santos Neto,Barbosa Neto,False
g42585,Clarissa Lopes Calado,Clarissa Calado,False
g42599,Livia Maria Rodrigues de Freitas,Livia do José Wênio,False
g42611,Francisco Irairton de Matos,Irairton Matos,False
g42680,Alex Sandro Saraiva,Sandrinho Saraiva,False
g4269,Jose Iran da Silva Filho,Iran Filho,False
g42690,Maria Geane Teofilo da Silva,Geane Teofilo,False
g42749,Sebastiao Angelo de Negreiros,Sebastiao Angelo,False
g42754,João Leite Medeiros,João Dubreu,False
g42763,Francisco Jocélio Benício de Sousa,Professor Jocelio,False
g42764,Jose Fernando de Souza Ribeiro,Fernando Moreno,False
g42786,Antonia Claudia Alencar de Lavor,Prof. Claudia Lavor,False
g42801,Francisco Luan Carvalho Sampaio,Luan Sampaio,False
g42857,Damião Ernesto de Aquino,Damião Cancão,False
g4288,Irisman Lopes de Sousa,Irisman Lopes,False
g42887,Antonio Cesar da Silva Oliveira,Cesar do Mudo,False
g42897,Eliane Lima Lemos,Eliane Lemos,False
g42907,Antonio Valdenizo da Costa,Nizo Costa,False
g42913,Luciana de Sousa Santos,Luciana,False
g42918,Francisca Martír da Silva,Martír Silva,False
g42945,Cláudio Juvenal Ximenes Aguiar,Cláudio Cocó,False
g42982,Maria Furtado de Lucena Sampaio,Corrinha Lucena,False
g42999,Otacilio Rodrigues de Lima,Otacílio Janu,False
g43023,Livia Oliveira de Meneses,Livia Meneses,False
g43047,Maria Elisabete Gomes Dias Queirós,Elisabete Dias,False
g43054,Jose Edmundo Araujo Oliveira,Edmundo Araujo,False
g43087,Edinete Neli Ribeiro,Maria do Boboco,False
g43157,Maria Cyda do Alecrim Teixeira Rocha,Cyda do Brito,False
g4317,Francisco Alves Rodrigues,Chiquinho Carnaúba,False
g43173,Luis Fabiano Bernardino Barros Filho,Fabiano Barros,False
g43177,Algaci Abreu de Mesquita,Algaci Abreu,False
g43185,José Ailton Araújo Brandão,Brandãozinho,False
g43188,Amyr D Aracele Fontenele de Oliveira,Amyr Tintina,False
g43193,Herb Venancio Gonçalves,Dr Herb Gonçalves,False
g43229,Antonia Adriana Pereira Gomes,Adriana Elias,False
g43256,Douglas de Araújo Lima,Douglas Lima,False
g43277,Jose Vanderley Nogueira,Vanderley Nogueira,False
g43281,Francisco Edicleton Teodosio da Silva,Pão,False
g43287,Antônio Gregório de Lima Neto,Gregório,False
g43308,Ronald Robson Rodrigues Santos,Ronald Santos,False
g43329,Carlos Antonio Costa de Alencar,Nem Cabeção,False
g43340,José Tavares de Lucena,Deda Jó,False
g43430,Rosa Alice Pereira da Silva Mourão,Rosinha Portela,False
g43441,Paulo Heron Aquino e Silva,Heron Aquino,False
g43442,José Odair de Freitas,Zé da Tapioca,False
g43456,Roberto Ruy Coelho Correia,Dr Roberto Ruy,False
g43480,Antonio Rodrigues de Lima,Tonho Formiga,False
g43489,Jose Mario de Lima Alves,Irmao Jose Mario,False
g43500,João Batista Matias,Joao Batista,False
g43504,Aurieli Santos Souza,Aurieli Santos,False
g43566,Raimundo Carneiro Portela,Raimundo Carneiro,False
g43617,Edmilson Feijo Pinto,Edmilson Feijó,False
g43621,Cicero Ulichali Silva,Professor Ulichali,False
g43623,Francisco Rogério dos Santos,Rogério Ribeiro,False
g43630,Francisco Nildo de Lima,Didi de Cilon,False
g43638,Josenildo Silva Sousa,Josenildo Miguel,False
g43642,Ozarino Moureira da Rocha,Ozarino Moreira,False
g43645,Antonia das Dores Bezerra da Silva,Dorinha da Vazante,False
g43652,Nanou Maria Cavalcante,Nanou do Araçás,False
g43665,Dario Araujo Felipe Rocha,Dario Araujo,False
g4367,Francisco Helio Fernandes Reboucas,Helio Fernandes,False
g43712,Viviane Nogueira Rocha,Viviane,False
g43718,Cícero Alves de Souza,Cicinho de Laudecir,False
g43719,Viviane Nascimento da Silva,Viviane Nascimento,False
g43784,Raimunda Maria Alves Sales,Raimunda Alves,False
g43798,Maria Silvania de Andrade,Silvania,False
g43824,Emanuela Basilio de Sousa Leite,Dra. Emanuela Basílio,False
g43829,Silvia da Silva Reis,Silvia Reis,False
g43838,Edmilson de Sena Lustosa Filho,Nego Sena,False
g43862,Everardo José de Paiva,Everardo Paiva,False
g43891,Samanda Simplicio da Silva,Samanda Simplicio,False
g43933,Roberto Simao da Silva,Roberto Simão,False
g43934,Valdivino Félix da Silva,Valdivino Félix,False
g43939,Francisco Brito Oliveira,Pantico Brito,False
g43960,Maria Eliane Lobo Ramos,Eliane do Sindicato,False
g43978,Francisco Divanilson Bezerra Silva,Divanilson Bezerra,False
g43984,Elano Rodrigues da Silva,Elano Rodrigues,False
g44082,Maria Lira Neves Oliveira,Maria Lyra,False
g44094,Guilherme Alves Sucupira,Guilherme,False
g44102,Maria da Conceição Cruz,Conceição Cruz,False
g44118,Cicero Rodrigues Nobre de Lima,Neguinho de Ouro,False
g44152,Fernanda Mara Mota Braga Carneiro,Fernanda Braga,False
g4416,Jose Edson Vasconcelos,Edson Bulegão,False
g44165,Sebastião Carlos Pereira da Costa,Carlos Costa,False
g44170,Jose Adauto Eloi de Almeida,Prof Eloi,False
g4418,Francisco Edvan Peres da Silva,Monga,False
g44180,Donizete Maria Carvalho Coutinho Roriz,Dra. Donizete,False
g44185,Paulino Vieira da Silva,Professor Paulino,False
g44197,Josafa Teixeira de Castro Filho,Josa Filho,False
g44219,Marcos Antonio Moreira,Professor Marcos Moreira,False
g44230,Francisco Erivelto Ponte Mendes Sousa,Erivelton,False
g44233,Erivaldo Alves da Silva,Dadá do Cartório,False
g44242,Francisco Tadeu Negrao de Sousa,Tadeu Oliver,False
g4425,Thiago Moreira de Alencar,Thiago Alencar,False
g44266,Francimey Gomes Meira,Francimey Meira,False
g44270,Maria Ivone Guedes Silvestre,Ivone Guedes,False
g44272,Martinia Maria Monteiro da Silva,Martinia,False
g44280,Antonio Jackson Rodrigues do Nascimento,Jackson,False
g44305,Francisco Denis de Oliveira Souza,Denis Oliveira,False
g44310,Francisco Clerton Almeida do Carmo,Tim,False
g44333,Francisca Magda Assis de Sales,Magda Sales,False
g44362,Antonia Regiane Ferreira Lemos,Regiane do Aldemir,False
g44415,Joao Pedro de Sousa Filgueira,Joao Pedro de Smeraldo,False
g44427,Anita Beserra do Nascimento Fonseca,Anita do Patativa,False
g44436,Francisco José Vidal de Queiroz,Professor Chico do Zeca,False
g44437,Inacio Rodrigues Dutra,Inacio de Biluca,False
g44475,Benedito Fontenele Aragão,Jb Aragão,False
g44510,Luciana Freire Castelo Branco,Luciana Castelo Branco,False
g44529,Francisco Alex Silva Barros,Alex Barros,False
g4453,Francisco Rafael Rabelo Neto,Rafael Rabelo,False
g44544,Aluisio Gomes da Rocha,Aluisio do Sindicato,False
g44559,Maria de Fatima Farias de Medeiros Jorge,Fatima Farias,False
g4456,Jose Alves de Oliveira Neto,Professor Neto,False
g44587,Antonia Eloneide Moreno Ribeiro Oliveira,Eloneide Ribeiro,False
g44589,Francisco Gomes Viana,Lekão das Frutas,False
g44626,Jackson Ferreira Dantas,Jackson Dantas,False
g44652,Clésio José Felipe Tavares,Clésio,False
g44669,Antonia Zuleide Ferreira de Oliveira Santos,Zuleide,False
g44672,Maria Iolanda de Melo,Iolanda do Sindicato,False
g44696,Perecles Leite Ribeiro,Galego da Lanchonete,False
g44703,Maria Bezerra Felix,Tia Santa,False
g44780,João Paulo Dum Nascimento,João Paulo do Crediario,False
g44781,Micael Eneas da Silva,Micael do Genivaldo,False
g44782,Jose Neldo de Sousa,Cebolinha,False
g44784,Francisco Germano de Sousa,Chico Pinto,False
g448,Ricardo Rocha dos Santos Araujo,Rochinha Araujo,False
g44819,Francisco Marcelo Saraiva Neves Júnior,Marcelo Júnior,False
g44822,Francisco Moraes da Silva,Moraes,False
g44824,José Alex Saraiva de Sá Barreto,Alex de Daniel,False
g44829,Laura Cavalcante Torres Fernandes,Laura Cavalcante,False
g44877,Leonardo Pereira de Brito Neves,Leo,False
g4489,Antonio Ferreira do Nascimento,Antonio das Porteiras,False
g4490,Francisco Doglas Sousa da Silva,Doglas Silva,False
g4491,Claudeir da Silva Firmiano,Deir da Santina,False
g44913,Marla Samille Ferreira Fernandes,Marla Samille,False
g44935,Rafael Fernandes Ferreira,Rafael Fernandes,False
g4494,Tainah Gomes Marinho Aldigueri Arruda,Tainah Marinho,False
g44943,Helio Carlos da Costa,Helinho do Povão,False
g44978,Alex Cesar de Azevedo,Alex Cesar,False
g44986,Raimundo Freire de Araujo,Professor Tim,False
g44999,Estela Cátia Almeida Maciel,Kátia Fernandes,False
g45009,Clerton Assis Furtado,Clerton Furtado,False
g45036,Marcos Barreto da Silva,Marquinhos da Julinha,False
g45050,Jefferson Patrick de Oliveira Campos,Jefferson Patrick,False
g45066,Sofia Lucivane de Lima Victor,Professora Sofia,False
g4508,Mardonio de Freitas Gomes,Mardonio Freitas,False
g45139,Jose Juvino Neto,Zé de Taxim,False
g45145,Nádia Kaline Alves da Silva,Professora Nádia,False
g45166,Francisco Jonas Gomes da Silva,Jonas do Inhuçu,False
g45171,Antonia da Silva Sousa,Antonia Silva,False
g45177,Maria Abreu de Mesquita,Mariinha Abreu,False
g45207,Matheus da Silva Teixeira Perdigão,Perdigão,False
g45208,Antonia Valda Alves de Melo,Valda Melo,False
g45241,Francisco Wellton Vieira,Wellton Vieira,False
g45253,Camilly Alves de Lima,Camilly do Zé Roberto,False
g45258,José Fabrício Pereira da Silva,Fabrício de Ariston,False
g45272,Elias Guilherme Soares,Elias Guilherme,False
g45279,Alexandre Vieira de Almeida,Cabo Alexandre,False
g45310,José Orlando Teixeira de Oliveira,Orlandinho da Saúde,False
g45320,José Renato Barros Timbó,Renato Timbó,False
g45327,Raimundo Josifran Alves Sales,Josifran da Francisca Alves,False
g4533,Antonio Vanderlôr Silva Pereira,Professor Vanderlor,False
g45340,Raimunda Silva Vieira,Professora Jacinta Silva,False
g45343,Adail Gabriel do Nascimento,Adail Gabriel,False
g45385,Rafael Taveira de Almeida,Rafael Almeida,False
g45394,Carlos Alcides Fernandes Coelho,Carlos Alcides,False
g45395,Cícero Moura do Nascimento Filho,Cícero Moura,False
g45401,Marcelo Roque de Matos,Marcelo Matos,False
g45403,Maria Aurilene Cavalcante,Aurilene Cavalcante,False
g45443,Leticia Pedrosa Viana,Leticia Pedrosa,False
g45462,Rebeca Milena da Silva Barbosa,Rebeca,False
g45512,Barbara Porto Cavalcante,Barbara Porto,False
g45517,André William Marinho Fama,André Marinho,False
g45532,Mateus Oliveira de Aquino,Prof. Mateus Oliveira,False
g45545,Maria Claudia Alves de Oliveira,Claudia Alves,False
g45566,Maria do Amparo Ferreira do Vale,Amparo,False
g4558,Israel Lopes Silva Sousa,Israel Lopes,False
g45587,Francisca Helione Monteiro Caetano,Helione Caetano,False
g45608,Antônio Rodrigues de Souza,Leandro  Souza,False
g45616,Odesio Soares Sales Silva,Odesio Sales,False
g45630,Francisco Hildo Pereira da Silva,Professor Hildo Pereira,False
g4564,Claudio Arthur Sousa Lopes,Arthur Multimarcas,False
g45642,Marcondes Sousa Barbosa,Marcondes,False
g45665,João Paulo Furtado,João Paulo,False
g45699,Jocilene Matos Maia,Leninha Maia,False
g457,Antonio Gilderlande Oliveira Saraiva,Landim Saraiva,False
g45702,José Gildo Matos Lopes Júnior,Gildo Gás,False
g45715,Inacia Fernandes Bastos,Inacia Bastos,False
g45753,Romaria Meneses Oliveira,Romaria Oliveira,False
g45767,Cesar Augusto Mello,Cesar Mello,False
g45783,Lucicleide Nogueira da Silva,Cleide Nogueira,False
g45794,Cicero Arnaldo de Lima,Cícero do Pão,False
g45806,Magilson do Nascimento,Magilson Nascimento,False
g45812,Camilo Sobreira de Santana,Camilo,False
g45834,Romualdo Gonçalves Mota,Romulo Aldo Mota,False
g45896,Carlos Michel de Sousa Ferreira,Michel do Povo,False
g45916,Cícero Cruz da Silva,Alan  de Valdemi,False
g45923,Antonia Edileusa Inacio do Nascimento,Edileusa da Saúde,False
g45928,Luana do Nascimento Araujo,Luana Araujo,False
g4593,Leiry Daianne Maciel Sousa,Leiry Maciel,False
g45957,Francisca Maria da Cruz,Tica Sem Terra,False
g45974,Alexandre Francisco de Barros,Neto Barros,False
g46025,Francisca Valdécia Pereira de Sousa,Professora Lourinha,False
g46038,Silvania Clésia Matias de Souza Bezerra,Prof Silvana Bezerra,False
g4605,Marcos Antônio Teixeira Magalhães,Marcão,False
g46077,Jose Eliomar da Silva,Eliomar Carão,False
g46093,José Irruan Soares Álvaro de Sousa,Irruan Soares,False
g46107,Joelma Lima Freire Martins,Joelma do Zezim Dandão,False
g4613,Messias Cassimiro Albuquerque,Messias Cassimiro,False
g46138,Luis Carlos Duarte Sobreira Saraiva,Luis Carlos Saraiva,False
g46145,Guilherme Resendes Mourão,Guilherme Mourão,False
g46149,José Aristides Alves de Oliveira,Bigode do Berí,False
g46208,Jarilson Alexandre Aires,Jarilson Aires,False
g4627,Maria Elieuda Queiroz Maia,Dra Elieuda Queiroz,False
g46271,Francisco Luciano Silva Sampaio,Sampaio do Shopping,False
g46297,Francisca Vanubia Bezerra,Vanúbia Bezerra,False
g46299,Aderbaldo Silva Sousa,Bal da Barragem,False
g4630,Antonio Ferreira Alves,Toin de Deda,False
g46300,Joel Lopes Mendes,Joel Mendes,False
g46314,Evilaques Araujo da Silva,Gago,False
g46340,Maria Salete Almeida da Silva,Salete da Bicicletinha,False
g46353,Daniel Carvalho da Silva,Daniel Carvalho,False
g46359,José Wilson Moreira de Matos,Radialista Wilson Matos,False
g4636,Pedro Jose de Araujo,Pedro Uchoa,False
g46376,Fernando Matos Santana,Fernando Santana,False
g46378,Francisco dos Santos Sousa,Chico da Burra,False
g46394,Davi de Sousa Oliveira,Dr Davi Sousa,False
g46399,Antoniel Max Silva Holanda,Antoniel Holanda,False
g46472,Francisca Estefania Rodrigues da Silva,Estefânia Rodrigues,False
g4654,Jose Luciano Silva,José do Lalá,False
g46549,Ozório Alves Dantas,Ozório Dantas,False
g46553,Gleyciane Medeiros de Oliveira,Gleyciane Medeiros,False
g46613,Francisco Erivaldo Teles de Sousa,Erivaldo Show,False
g46647,Raimundo Nonato Feitosa Monteiro,Nonato Feitosa,False
g46658,Renata Sayonara dos Santos Vieira,Sayonara,False
g46662,Maria Roselene Buriti Lima,Rosa Buriti,False
g46670,Ortolonildo Alexandre Almeida,Xandy do Paredao,False
g46685,Julio Cesar Costa Lima Junior,Julinho,False
g46696,Flavio Cesar Bruno Teixeira Filho,Flávio Filho,False
g46702,Mara Marilia Alves da Silva,Mara Marília,False
g46711,Janaina de Souza dos Santos,Janaina Souza,False
g46712,Francisco Vande Araújo Matos,Vande Araújo,False
g46720,Maria Liraneide Cruz Macedo Vieira,Liraneide Cruz,False
g46761,Vital Nunes da Rocha,Professor Vital,False
g46764,Felipe Ronner de Aguiar Chaves,Felipe Aguiar,False
g46767,Patricia Maria Fernandes Palacio,Patricia Palacio,False
g46775,Francisco Gleidson de Araújo da Silva,Professor Gleidson Araujo,False
g46777,Marcus Antônio Ferreira de Sousa,Marcus do Pt,False
g46789,Gideonne Feitosa de Oliveira,Gideonne Feitosa,False
g46806,Antonio Helio Marques,Toim do Edio,False
g46843,Mauro Ramos Morais,Maurao,False
g4685,Angelliny Brito Bastos Feitosa,Angelliny,False
g46910,Maya Eliz Sousa Lima,Professora Maya Eliz,False
g46918,Francisco de Assis Rodrigues Alves,Diassis Neguinho,False
g4692,Alexandre de Castro Falcao,Alexandre Falcao,False
g46921,Alyne Alencar Silva Novo Cuba,Dra Alyne Alencar,False
g46957,Mirla Alves Lacerda Mendes,Mirla Lacerda,False
g46959,Francisco José Rocha,Tico Rocha do Pt,False
g46967,Sandra Regina Barbosa Bezerra,Sandra Regina,False
g46968,Francisco Ademir de Araujo,Prof Ademir Marques,False
g4697,Carlos Emanuel Silva de Abreu,Carlos Emanuel,False
g4698,Damiana da Silva Lima,Damiana Silva,False
g47004,Ivanildo Laurentino da Silva,Ivanildo Laurentino,False
g47008,Antonio Francisco de Freitas,Antonio Francisco,False
g47019,Joao Paulo Saldanha Barros,Joao Paulo da Fazenda,False
g47021,Rita de Cássia do Nascimento Xavier,Rita do Rosário,False
g4705,Francisco Niclezio Bezerra Vieira,Niclezio,False
g47053,Gleiciana Viana Monteiro da Silva,Gleiciana,False
g47093,Raimunda Ione da Silva,Ione do Chico Diogenes,False
g47094,Raimundo Nonato Rosendo,Nonato Rosendo,False
g47114,Erdenia Cristina Ribeiro Melo,Erdenia de Darcie,False
g47140,Jose Erivando Vieira Domingos,Zé da Luiza do Dao,False
g47148,Osvaldo Honorio Lemos Neto,Osvaldo Neto,False
g47163,Maria do Socorro Paulino de Souza,Socorro Paulino,False
g47164,Irenir Sousa Pinheiro,Irenir Pinheiro,False
g47189,Nycoly Dourado de Araújo,Nycoly Dourado,False
g47207,Francisco Jacildo de Castro Feitosa,Jacildo,False
g47221,Valmir Lucio de Alencar Júnior,Valmir Júnior,False
g4727,Fabia Correia de Sousa Aragao,Irmã Fabia,False
g47284,Francisco Claudovino Nogueira Soares,Deza Soares,False
g47300,Ana Júlia Gomes Magalhães de Andrade,Ana Júlia Advogada,False
g47309,Yury Barroso,Dr Yury Alves,False
g47318,Regiane Veras Rodrigues,Regiane,False
g47334,Daniele Soares,Daniele Soares,False
g47445,Luis Gonzaga Paulino Santos,Luizinho,False
g47449,José Maria Rosa,Zé Maria Rosa,False
g47512,Larissa Ferreira de Oliveira,Larissa Ferreira,False
g47537,Maria Joelma Vasconcelos,Joelma  Vasconcelos,False
g4754,Josefa Nunes Pinheiro,Kacilda,False
g47557,Emilly Caroline Santiago Martins,Emilly Martins,False
g47568,Elieusa Avelino de Brito,Professora Elieusa  Brito,False
g47569,Sebastiao Nascimento Neto,Alan do Catolé,False
g47578,Francisco Célio dos Santos,Célio das Comunidades,False
g4758,Valteno Gomes Soares,Valteno Soares Universitário,False
g47593,Igo Rodrigues Gilo,Igo Gilo,False
g476,Regis Alves Pires,Professor Regis,False
g47616,Claudiomar Lopes de Sousa,Kêba Rafael,False
g4762,Gleiciano Vieira de Morais,Gleiciano Morais,False
g47629,Francisco Holanda Saboia,Holanda,False
g47662,Anderson Kessio de Oliveira Linhares,Kessio Cultura,False
g47664,Eduardo Mancini Choer,Eduardo Mano,False
g47665,Antonio Lourenco Cardoso,Toinho da Grota,False
g47682,Priscila Ferreira Alves,Priscila Ferreira,False
g47709,Bárbara Yohana Alves Coelho,Bárbara Coelho,False
g47711,Rozilda Maria dos Santos,Rozilda,False
g47725,José Cláudio Mendes de Sousa,Zé Cláudio da Serrota,False
g47727,Tânia Maria Teixeira Alencar,Tânia Alencar,False
g47743,Antonio Kildery Amorim de Souza,Amorim,False
g47751,Hylnara Moraes de Brito,Dra. Hylnara Brito,False
g47760,Maria Bernadete Lima Chaves,Beta Ivo,False
g47829,Jose Jonairton Alves Sales,Jonairton Alves,False
g47858,Leocacio Mariano Alves,Leocacio do Cal,False
g47882,José Edielson Cunha da Silva,Essim da Pitombeira,False
g47889,Jardel Batista Moncão,Jardel Monção,False
g47892,Maria Josiana Bento de Oliveira,Josy Oliveira,False
g47897,Maria Magnólia Arrais Fortaleza,Magnólia Arrais,False
g47906,Manoel Bezerra Ferreira,Manoel Cândido,False
g47961,Francisco Fernando Freitas Araujo,Fernando Freitas,False
g4798,Antonio Simiao Chaves,Cabilouro,False
g47983,Julio Cesar Souza Machado,Conselheiro Julio Cesar,False
g48067,Maria Luciene Pereira de Oliveira Sousa,Luciene da Farmacia,False
g48069,Cleene Firmiano Moreira,Cleene Moreira,False
g48073,Milton Ciriaco da Costa,Milton Ciriaco,False
g48090,Francisco de Assis Sousa,Tiquinho da Vila Nova I,False
g48098,Francisco Paulo Gomes Cavalcante,Paulo Gomes,False
g48246,Joaquim Gadelha Gomes Junior,Junior Gadelha,False
g48247,Darliany Maria Nunes de Oliveira Mendonca,Irmã Mariazinha,False
g48258,Cleano Alves da Silva,Cleano Alves,False
g48263,João Marcelo Petrola Cordeiro,João Marcelo,False
g48282,Antonio Ricardo Ribeiro de Sousa,Ricardo Mocambo,False
g48286,Maria Angela Cassimiro,Angela Cassimiro,False
g48302,Josifrance Rodrigues de Oliveira,Benzin do Gargoê,False
g48313,Antonio Wilton de Sousa,Hildo do Riacho do Gado,False
g48315,Ananias José de Freitas,Cicero Galego,False
g48357,Paulo César Sousa de Oliveira,Paulo César,False
g48385,Osasco de Souza Gonçalves,Osasco Gonçalves,False
g48418,Francisco Leomar Alves Sampaio,Leomar Sampaio,False
g4844,Jose Renezito Ribeiro de Sousa Junior,Prof  Renezito,False
g48448,José Evando da Silva,Dr. Evando,False
g48467,Joãozito Coelho Bastos,Zito do Sindicato,False
g48497,Lorena Maria Gomes Mourão Matias,Lorena Matias,False
g48516,Jose Melo Mota,Professor Mota,False
g48523,Geraldo Henrique Brasil,Geraldo Brasil,False
g48531,Bartolomeu Irineu dos Santos,Irmão Bartolomeu,False
g48547,José Bezerra de Freitas,Zé Bolacha,False
g48578,Francisco Martins Cavalcante,Wilker Martins,False
g48588,Carlos Alberto Barros,Carlim Barros,False
g48643,Caio Coelho de Sá Fontenele,Caio Coelho,False
g48645,Ana Nívea Gonçalves Santos Benício,Nivea da Ingazeiras,False
g48667,Jose Diogenes Holanda,Dede de Gentil,False
g48694,Maria Fernandes de Freitas,Fernanda,False
g48720,Maria Aparecida Emiliano Guilherme,Aparecida Guilherme,False
g48738,Tamires Sena Santos Silva,Tamires Sena,False
g48749,Francisco Teixeira da Silva Filho,Titico do Parquinho,False
g48814,Raimundo José Rocha das Chagas,Raimundo Rocha,False
g48826,Arthur Cordeiro dos Santos Silva,Arthur,False
g4883,Josefa Iara Pereira da Silva,Iara Silva,False
g48832,Francisco Itamar Franco Marinho,Itamar Franco,False
g48833,Voitilia Maria Costa,Voitilia,False
g48846,Nelson Rodrigues Alves de Souza,Nelson  da Farmácia,False
g48856,Rafael Ferreira Angelo,Dr. Rafael Ferreira Angelo,False
g48862,Janaina Carla Farias,Janaina Farias,False
g48867,Francisco Jardeny do Nascimento,Jardeny Nascimento,False
g4888,Ana Célia da Silva Maria,Ana Célia,False
g48890,Alcinda Canuto Dativo,Alcinda Canuto,False
g48901,Antonio Wadir de Lima Guerreiro,Adir Guerreiro,False
g48924,Uillane Gonsalves Lopes,Uillane Gonçalves,False
g48993,Cicero Jose Lima de Lavor,Ciçao do Bar,False
g49001,Jerônimo Neto Brandão,Jerônimo Brandão,False
g49011,Jocikely Leite Pinto,Dra Jocikely,False
g49033,Antonio Marcelo Barbosa Matos,Marcelo da Auto Escola,False
g49069,Antônia Magnólia Rogério Leitão de Paula,Professora Magnólia,False
g49115,Luiz Veras Braga,Aluisio Veras,False
g49124,Antonio Eduardo Barbosa de Sousa,Dudu Pacatuba,False
g49159,Hortência Martins de Sousa,Hortencia Bombom,False
g49174,Germano de Moraes Alves,Germano Alves,False
g49175,William Maciel de Souza,Will Maciel,False
g49178,Fabiana Francisca de Jesus Carvalho,Fabiana Carvalho,False
g49183,Olga Rodrigues Loiola,Olga Amorim,False
g49191,Antonio Edmilson Sampaio,Antonio do Milton,False
g49192,Antonio Elvis do Nascimento,Percebe,False
g49253,Juliana de Holanda Lucena Rodrigues,Juliana Lucena,False
g49254,Henrique Amarante Maia,Henrique Capa Loka,False
g49257,Tiago Martins Alencar,Tiago Martins,False
g49276,Vicente de Paulo Pinto da Costa,Dr Vicente,False
g49327,José Ilca de Oliveira,Zé Ilca,False
g49333,Wellington da Silva Franco,Wellington Franco,False
g49362,Antônio Wilamar Palacio de Oliveira,Wilamar Palacio,False
g49376,Donizete Evangelista Dantas,Donizete,False
g49378,Lucia Alves de Brito,Lucia Brito,False
g49398,Francisco José da Costa,Dedezinho,False
g4943,João Humberto de Lima,Humberto,False
g49435,Alana Pereira da Silva,Alana Pereira,False
g49442,Sergio Barbosa de Paula,Sergio,False
g49471,Mercedes Izquierdo Nobrega,Meire,False
g49479,Creuza Alves de Moura Moreira,Creuza Moura,False
g49491,Victor Ximenes Marques,Professor Victor Marques,False
g49503,Fernando Vieira Araujo,Fernando Vieira,False
g49504,Luis Felipe Oliveira Lima,Felipe Mercier,False
g49534,Erialdo Maciel Silva,Erialdo O Gatto,False
g49548,Angela Cecilia Ferreira da Silva,Professora Cecilia,False
g49561,Augusto Paulo de Queiroz,Augustinho Queiroz,False
g49563,Jose Elias de Oliveira,Elias do Sargento,False
g49602,Edvan Abreu Esteves,Edvan Abreu,False
g49611,José James Rodrigues Veras,James Veras,False
g49614,Antonio Mauro Mesquita,Zizico Tota,False
g49645,Francisco Romario Lucas Fernandes,Romário Fernandes,False
g49682,Ester Bernardo dos Santos Silva,Ester Bernardo,False
g4970,Arlindo Lopes de Sousa,Arlindo Lopes,False
g49718,Maria Virginia Oliveira Nunes,Professora Virginia,False
g4972,Joana Darc Nogueira de Lima,Joana Darc,False
g49733,Antônio Fábio da Silva Araújo,Bim Araújo,False
g4978,Ananias Filho Mota,Ananias Mota,False
g49828,Antônio Erivan Pinheiro da Silva,Erivan Pinheiro,False
g49834,Francisca Auxiliadora Barbosa Rodrigues,Lele Barbosa,False
g49848,Francisco Xenofonte Morais,Antonio de Mano,False
g49861,Maria Terto de Oliveira,Terta Oliveira,False
g49898,Antonio Carneiro Gomes Filho,Junior Maçal,False
g49902,Francisco Cleber Gomes Bonfim,Cleber Bonfim,False
g49923,José Carlos Ferreira Rogério,Zé Carlos do Arapari,False
g49934,Aldemir Leite de Lacerda,Demir Leite,False
g49942,Francisco Delandio Lima Vieira,Delandio do Triunfo,False
g49979,Ricardo de Sousa Barreto,Ricardo Barreto,False
g50023,Maria Neylianny da Rocha Alves Gomes,Neylianny Olinda,False
g50030,Clériston Aurélio da Silva Nobre,Clériston Aurélio,False
g50062,Marcia de Oliveira Cunha,Marcia Barão,False
g50067,José Quirino de Oliveira,Wilson Quirino,False
g50100,Antonio Jose Monteiro da Silva,Professor Antônio José,False
g50150,Aristides Napoleão Sampaio Neves Aires,Aristides Sampaio,False
g50156,Tiago Borges Machado,Tiago de Rossini,False
g50164,Lucas Emmanuel Lopes da Silveira,Dr Lucas Silveira,False
g50255,Tatiana Dias de Oliveira Saldanha,Tatiana Cassimiro,False
g50259,Francisco Eurivan de Paula,Eurivan,False
g50272,Valdemir da Silva Barbosa,Valdemir Primo,False
g50280,Edvan Paiva Azevedo,Edvan do Sindicato,False
g50303,Francisco Antonio Pereira,Toninho do Mst,False
g50307,Robério Angelo Carneiro,Robério do Mst,False
g50314,Francisco Nacelio da Silva Lima,Nacelio do Marmoré,False
g50316,Antonio Edvar de Paula,Edvar da Pindoba,False
g5032,Simone Abreu Lima,Simone Abreu,False
g50355,Antônia Roselena Maciel Uchôa de Oliveira,Roselena Uchôa,False
g5037,Menesia Simião Leonardo,Menesia,False
g50395,Ligianne Paiva Lemos Gomes de Lima,Lili Lemos,False
g50405,Marli Alves Bezerra,Marli Bezerra,False
g5041,Nathieli Sousa Vieira,Nathielly Vieira,False
g50410,Manoel Erasmo Vasconcelos Feijão,Manoel do Nenem,False
g50412,Francisco Sidnei Silva Campos,Sidney Campos,False
g50438,Marcelo Freitas Barbosa,Marcelo Freitas,False
g50442,Sara Raquel Morais Viana,Sara do Alemão,False
g50458,Jorge Demétrio de Brito Filho,Jorge Brito,False
g50486,Francisco Wanderley Sales Teixeira,Wandy do Pt,False
g5049,Nailton Nunes,Nailton Nunes,False
g5050,Gilmar Alves Neto,Dr Gilmar,False
g50510,José Ilton dos Santos,Ilton  Santos,False
g5052,Valmir Costa Gonçalves,Dr Valmir,False
g50528,Maria Sheila Sousa de Andrade,Sheila Andrade,False
g50585,Nailton Paulo de Mesquita Marques,Nailton Marques,False
g50589,Raimundo Nonato do Nascimento,Junim do Povo,False
g50630,Clara Sandra Silva Prado,Sandra Prado,False
g50640,Kennedy Sousa da Rocha,Kennedy Rocha,False
g50664,Maria do Socorro Carneiro Ribeiro,Socorro de Baiana,False
g50674,Francisco das Chagas Rodrigues Sousa,Chiquinho da Padaria,False
g50694,Eriberto Pas de Castro,Eriberto Castro,False
g50730,Lidiane Sheila de Vasconcelos,Lidiane Vasconcelos,False
g50755,Antonio André Pereira Melo,André das Areias,False
g50791,Cláudia Regina Bezerra de Carvalho,Cláudia do Escritório,False
g5081,José Almir Martins de Freitas,Zé Almir,False
g50815,Francisco Gilsomar Alves,Gilsomar Alves,False
g50824,Elisangela Vasconcelos Melo,Zanzan Vasconcelos,False
g50839,Vivian Ribeiro da Silva,Vivian de Tavares,False
g50854,Luis Pereira de Lima,Luis Magno,False
g50877,Antonio Ferreira Oliveira,Antonio do Sindicato,False
g509,Francisco Jucelino Vasconcelos Filho,Jucelino Filho,False
g50906,Manoel Mosilanio Malaquias da Cruz,Professor Pixote,False
g50926,Vera Lucia Cardozo,Vera Cardozo,False
g50934,Agnaldo de Sousa Costa,Agnaldo Costa,False
g50949,Ronaldo de Araujo,Ronaldo das Lutas,False
g50957,Manoel Eudasio Dutra Campos,Eudasio Eletricista,False
g50971,Leidimar Alves de Oliveira,Leidimar Alves,False
g50993,Paulo Pereira da Silva,Paulo Pereira,False
g50994,Raimundo Nonato Portela do Prado,Portela Prado,False
g51030,Aline Moura de Almeida,Aline Moura,False
g51037,Germana Farias Aragao,Germana Aragão,False
g5104,Dionathan Pacheco Menezes,Dionathan Pacheco,False
g51051,Paulo Bezerra Mourão,Paulo Bezerra,False
g51053,Antônio Renato da Cruz,Renato Cruz,False
g51065,João Damasceno Chaves,Doutor Damasceno,False
g51098,Jose Hermano do Nascimento Nogueira,Ze de Moacir,False
g511,Damião Rodrigues Lucas,Gil Rodrigues,False
g51168,Antonio Fabio Cavalcante de Brito,Dr. Brito,False
g51178,Sebastiao Freitas Araujo,Tiao do Sindicato,False
g51194,Francisco Edvalso Braz,Edvalso Braz,False
g51199,Luciene Maria da Silva,Luciene Silva,False
g51213,Antonio Eudes Xavier,Eudes Xavier,False
g51217,Francisco Roberio Rodrigues Forte,Roberinho do Choro,False
g51218,Raimundo Gilliard de Melo Carneiro,Gil Carneiro,False
g51233,Luiz Flavio Mendes de Carvalho,Luizinho,False
g51246,Gabriel Maciel Ponciano,Gabriel Ponciano,False
g51250,Núbia Laudelina Novaes Campos,Nubia Novaes,False
g51261,Pedro Antonio de Lavor,Pedro Lavor,False
g51269,Antonio Ricardo Lima,Totonho,False
g51285,Selma Pereira de Melo,Selma Melo,False
g51295,Francisca Ivaniza Pinto de Castro,Ivaniza Castro,False
g51297,Francisca Giane Costa da Cruz,Giane da Saude,False
g51314,Jose Alvares Coutinho Junior,Junior Coutinho,False
g51327,José Ocleciano Marçal de Oliveira,Oclécio Marçal,False
g51331,Jose Edvar do Nascimento Filho,Edvar Jr,False
g51335,Francisca de Fátima Rodrigues Lima,Pretinha Rodrigues,False
g51341,Antonia Consuelha de Aquino da Silva,Consuelha Agente de Saúde,False
g51349,Francisca Marcela Santos Cabral de Mesquita,Marcela Miranda,False
g51357,Maria de Fátima Moreira Fernandes Trajano,Fatinha Fernandes,False
g5136,Raimundo Nonato Neves Anselmo,Johnson de Lafaiete,False
g5139,Noé Rubens Saraiva,Noé,False
g5148,Raimundo do Nascimento Barbosa,Professor Raimundo,False
g5205,Marcileuda Pereira de Araujo,Bi Aráujo,False
g5207,Lucas Ribeiro Rozzoline Muniz,Lucas Rozzoline,False
g5243,Kaio Coelho Monteiro,Kaio Monteiro,False
g5253,Moisses da Silva Nascimento,Moisses Silva,False
g5305,Maria Clenilda de Freitas,Clenilda da Saude,False
g5329,Antonia Leni Freitas,Leni Freitas,False
g5334,Paulo Sergio Santos Bezerra,Paulo Sergio,False
g5362,Sandra Lúcia Campos Melo,Adriana do Mauro,False
g537,Valdenice Rodrigues dos Santos Dantas,Valdenice do Sindicato,False
g5394,Maria da Conceição Patricio Gomes,Conceição Gomes,False
g5420,Antonia Lucia David de Sousa Jales,Bebê,False
g5445,Maria do Socorro de Alencar,Socorrinha de Ronaldo,False
g5462,Ednardo Ferreira da Silva,Ednardo Cabeleireiro,False
g5474,Charles Moreira de Queiroz,Charles Moreira,False
g550,Maria Lucia de Souza Silva,Lucia,False
g5532,Maria Wilian de Sousa Leite Rodrigues,William,False
g5544,Ana Claudia Xavier dos Santos,Claudinha da Saude,False
g5545,Claudio Moura Teixeira,Claudio Teixeira,False
g5561,Francisco Romário de Lima,Romário Lima,False
g558,Lindomar Monteiro de Lima,Lindomar Monteiro,False
g5623,Jose Ivandir de Lima,Ze do Gas,False
g5665,Maria Mariluce Oliveira Silva,Mariluce Oliveira,False
g5705,Renato dos Santos,Professor Renato,False
g5722,Francisco Pereira da Silva,Cicinho Paraibano,False
g5730,Maria Alzenir Camelo,Alzenir do Sindicato,False
g5731,Gleison José Bezerra Matos,Gleison Matos,False
g5756,Cicero Pereira de Moura,Pereirinha,False
g5792,Camila Cavalcante dos Santos,Camila Abreu,False
g5816,Joaquim Sansão da Silva,Sansão,False
g5825,Rosileuda Soares de Carvalho,Enfermeira Leuda Carvalho,False
g5892,Maria Claudia Sales Silva,Claudia Sales,False
g5908,Francisco da Silva,F Silva,False
g5925,Jairo Cesar Oliveira,Jairo do Morro,False
g5939,Cicero Romão Bezerra,Cicero Romão,False
g5960,Guilherme Sampaio Saraiva,Guilherme Saraiva,False
g598,Francisco Alan Diniz Alencar,Alan Diniz,False
g5992,Murilo de Andrade Diogenes,Murilo Diogenes,False
g5997,José Ribamar de Sousa e Silva,Ribamar da Ambulância,False
g6005,Francisco Italo Morais Aragao,Italo Morais,False
g6012,Cleiciane Mendes de Souza,Cleiciane Mendes,False
g6020,Diógenes Inácio dos Santos Filho,Diógenes,False
g6031,Reginaldo César Queiroz do Ó,Reginaldo do Ó,False
g6054,Odair Jose Ferreira Barros,Odair Grampão,False
g6066,Marcos Antonio de Sousa,Ferrugem,False
g607,Antonio Elio Cruz,Elio Cruz,False
g6072,Rodolfo Nogueira Saldanha,Rodolfo Saldanha,False
g6077,Isabella Juacema de Araújo Manzolillo,Isabella de Araújo,False
g609,Francisco Edimilson de Sousa Filho,Melão,False
g6090,Lindomar de Araujo Brito,Lindomar Brito,False
g6096,Jociara Maria Dias de Almeida Souza,Jociara,False
g6097,Francisco Antonio Marques de Sousa,Coca,False
g6133,Claudio Roberto Chaves da Silva,Claudio Maroca,False
g615,Jose Ilo Barros Dias,Nem Dias,False
g6150,Maria Luzanira Freitas Mendes,Lulu,False
g6158,Rosiane de Paulo da Silva,Rosiane,False
g6167,Francisca Fabiana Alves Pereira,Fabiana,False
g618,Francisca Leila Freitas de Lucena,Leila Freitas,False
g6200,Antonio Edson Brandão,Professor Edson Brandão,False
g621,Maria Eliane Oliveira de Morais,Eliane Cursino,False
g6270,Lucimar Bernardo Fernandes,Nininha do Sindicato,False
g6276,João Gomes da Silva,João Bilu,False
g6322,Andrea Lopes,Andrea Lopes,False
g6326,Luciene Feitoza da Silveira,Luciene Feitoza,False
g6335,Francisco José Pontes Sales,Professor Pontes,False
g6349,Maria José Silva de Castro,Mazé Artesã,False
g6376,Antonio Anderson Araujo Alencar,Anderson Araujo,False
g6402,Francisco Diones Rodrigues Saboia,Diones da Aroeira,False
g6432,Socorro Maria Costa de Paulo dos Anjos,Socorrinha da Farmacia,False
g6455,Filomena Rocha dos Santos Matos,Filozinha das Trufas,False
g6474,Francisco Edson Firmino de Lima,Loro Rocha,False
g6476,Emanuel Jose Matias Maciel,Emanuel Maciel,False
g6491,Adriano Rodrigues de Araújo,Adriano Araújo,False
g6503,Jose Pedro da Silva,Zezão,False
g6516,Nielen dos Reis Costa,Nielen Costa,False
g6529,Francisco Vanilson Souza Evangelista,Vanilson de Genésio,False
g653,Joao Olivardo Mendes,Olivardo Mendes,False
g6534,Franciedina Maria de Lemos Freitas,Franciedina Lemos,False
g6571,Maria Rejane Mesquita Mateus,Rejane Mateus,False
g6592,Raimundo das Neves Germano,Sacy Germano,False
g6639,Francisco das Chagas Alves de Sousa,Chico Pessoa,False
g6640,Carlos Jean Santos de Souza,Dr. Jean,False
g6646,Raimundo Nonato Ferreira,Raimundo Nonato,False
g6656,Francisco de Assis Gomes de Sousa,Didi do Monte,False
g6681,Clairton Fonteles Gomes,Clairton Fonteles,False
g6691,Francisco Vinicio Nobre da Silva,Vinicios dos Tucuns,False
g6698,Rosa Gislandia Laurindo dos Santos,Gislandia Gonçalves,False
g67,Francisco Weliton Pereira Evangelista,Weliton Evangelista,False
g6704,Rui da Silva Louro,Rui de Chichico,False
g6723,Márcio José Lopes Lima,Professor Márcio,False
g6728,Raimundo Cicero da Silva,Mundinho Inacio,False
g6731,Leonardo Soares da Silva,Leonardo da Portelinha,False
g6733,Francisco Ronnaks Paula Oliveira,Ronakks das Aguas,False
g677,Gisele Lopes da Costa,Gisele Araujo,False
g6785,Ana Lucia de Macedo Andrade,Ana Batata,False
g6802,Francisco Claudio Silva Sousa,Claudio Gordo,False
g6816,Antonio Clerton da Cruz,Antonio do Moacir,False
g6852,Noelma Ferreira da Silva,Noelma Ferreira,False
g6858,Edvani Gonçalves Silva,Edvani Gonçalves,False
g6904,Ednaldo Alves do Carmo,Ednaldo Alves,False
g6912,Wanderley Holanda Perdigão,Prof Wanderley Perdigao,False
g6926,Antonio Ricardo de Azevedo,Ricardo Lourenço,False
g6934,Ana Maria Lima Azevedo,Tia Ana,False
g6937,Teresinha de Jesus dos Santos,Professora Teresinha,False
g7005,Tanires Sezar Silva,Tanires do Morro,False
g7020,Raimundo Jairlon da Silva Ferreira,Jairlon do Lameirão,False
g7021,Guilherme de Figueiredo Sampaio,Guilherme Sampaio,False
g7060,Ana Celia Teixeira Gomes,Célia Gomes,False
g7062,Luiz Vilmar Pereira Leal,Vilmar Leal,False
g7065,Raimundo Veras dos Santos,Veras Santos,False
g7068,Valdeci Paulino da Silva,Derci Paulino,False
g7076,Avila Nayra Mendes da Silva,Avila Mendes,False
g7134,Heloisa Helena de Araújo Andrade Rodrigues,Heloísa Helena,False
g7160,Raimundo Alexandre Vieira,Nonato Filomeno,False
g718,Jose Ozeas de Souza Ferreira,Ozeas Jiló,False
g7185,Regina Maria da Silva,Regina Maria,False
g7198,José Omar de Araújo,Zé Omar,False
g7211,Francisco Edmilson Mendes,Menga Mendes,False
g7216,Antonio Ronivaldo da Silva Maia,Ronivaldo Maia,False
g7250,Antonia Tatielle Carreiro da Silva Feitosa,Tatielle Carreiro,False
g7260,Francisco Geovani Santos de Sousa,Geovani do Pt,False
g7285,Maria Lidiane Gomes dos Santos,Lidiane Gomes,False
g7321,Fernando Gomes de Andrade,Fernando Tiririca,False
g7323,Maria Diana Alves de Sousa,Professora Diana,False
g7372,Francisco Jose Lima Lemos,Chico do Peixe,False
g7385,Daiane Costa Rodrigues,Daiane Costa,False
g7389,Ana Mayara Fortunato,Mayara Fortunato,False
g7393,Francisco Ataide Araujo da Silva,Ataíde da Clemente Construções,False
g7402,Ismael Caldas Grangeiro,Ismael Grangeiro,False
g7419,Emanuel Batista de Medeiros,Nina Saldanha Medeiros,False
g7457,Manoel Luiz Alves Filho,Manoel Alves,False
g7479,Raquel Menezes Girão,Raquel Girão,False
g7487,Bruno Rafael de Lima Costa,Bruno do Basquete,False
g7496,Gercivaldo de Sousa Maciel,Irmao Gecivaldo,False
g751,Divaldo Franco de Sousa,Dr Franco,False
g7510,Gerlandio Rocha da Silva,Gato Rocha,False
g7534,Silvana Roberta Figueiredo Sampaio,Silvana Roberta,False
g7545,Aurileda Batista Abreu Gadelha,Professora Aurileda,False
g7577,Valdir Leonardo de Oliveira,Bacana,False
g7584,Maria do Carmo de Sousa,Madel de Sousa,False
g7604,Antonio de Barros Herculano,Lula Barros,False
g7624,Leilson Barros Oliveira,Professor Leilson,False
g7628,Manoel Everardo Lemos Maia,Everardo Maia,False
g7640,Raimundo Teixeira Lima Filho,Raimundo Filho O Raimundão,False
g7679,Ana Maria Silva Souza,Ana Maria,False
g7693,Jose Jair Silva de Vasconcelos,Jair Silva,False
g7714,Elias Eliesito Gomes Chaves,Elias Chaves,False
g7737,Marlene Florêncio Freitas,Marlene do Anauá,False
g7796,Antonio Teixeira de Oliveira,Teixeira,False
g7840,José Charle Freitas Vidal,Charles Vidal,False
g7844,Antonio Erison Gomes Fernandes,Erison,False
g7852,Aurineide Amaro de Sousa,Professora Aurineide,False
g7857,Francisca Neurilene Gerônimo da Silva Marques,Neurilene,False
g787,Andrea Rufino da Silva,Andrea Kariri,False
g7870,Maria Santa Silva,Santa da Fisioterapia,False
g7877,Jose Francinaldo Filho,Naldo da Lagoa Nova,False
g794,José Dorgival Henrique Sudario Lins,Dorgival Lins,False
g7962,Maria Léa Fontinelle da Silveira,Léa de Seu Waldir,False
g7999,Ana Patricia Dote Meira,Patricia Meira,False
g8004,Tarcido Francisco de Lima Baia,Tasso Baia,False
g8039,Ilario Benjamim de Alencar,Ilario Alencar,False
g8053,Francisco Felix Gomes,Cimar,False
g8066,Fabiano de Sousa Veloso,Fabiano Veloso,False
g8072,Antonio Rodrigues Vasconcelos,Antonio do Sindicato,False
g8084,Antonio Wellington Uchoa Sousa,Heltin do Sindicato,False
g8085,Marcos Antonio Matias,Marcos Cocada,False
g8099,Francisca Eliane Batista,Lanne Santos,False
g8102,Felipe Trigueiro Brasil,Felipe Trigueiro,False
g8122,Fernanda Santos de Araujo,Fernanda Araujo,False
g8145,Jorgeanne Pinheiro Arruda,Jorgeanne Pinheiro,False
g8152,Cidmary Ximenes de Melo,Cidmary Ximenes,False
g8163,Celso Farias Ferreira,Celso Farias,False
g8196,Edmilson Bernardo da Silva,Edmilson,False
g8228,Adilton Melo Chaves,Dj Satan,False
g8230,Elizabete Claudino de Sousa,Bel do Romao,False
g8235,Michele Duarte Rosa Araujo,Michele Rosa,False
g8237,Orlando Angola da Silva,Orlando Piá,False
g8259,Hailton de Sousa Castro,Hailton Castro,False
g8281,Atila Carvalho Lira,Atila do Gelo,False
g8283,Maria de Fátima de Sousa Silva,Professora Fatima Sousa,False
g8303,Expedito Garcia Souza Filho,Expedito Garcia Nossa Vez,False
g8319,Francisco Elivelson Rodrigues Costa,Elivelson Rodrigues,False
g8345,Antonio Ricardo de Lima,Ricardo Motos,False
g8352,Matias Uchoa Martins,Matias da Saúde,False
g836,Israelita Silva Araújo Lira,Israelita,False
g8397,Regina Clésia Chaves Lima,Clésia de Beata,False
g8400,Maria Lilian de Sousa,Lilian Sousa,False
g8437,Antonio Gilson Magalhães,Gilson Magalhães,False
g8462,Geane Cristovão da Silva,Geane Silva,False
g8473,Francisco Pereira Leandro,Chiquim do São Tomé,False
g8480,Judeni Bezerra da Silva,Judeni do Maracujá,False
g8485,Francisco Lucilando Biserra,Francisco Caravela,False
g8515,Natália Soares Abel,Natália do Donato,False
g8569,Maria Francineuda Oliveira Barbosa,Neuda Barbosa,False
g8575,Laurindo da Silva Filho,Lauro Ração,False
g8580,Francisco Orlando Pinheiro Filho,Orlando Pinheiro,False
g8592,Helder Batista de Oliveira,Professor Helder,False
g8599,Gabriel Mayson Alves da Silva Lopes,Gabriel Mayson,False
g8615,João Dias Vieira,João Dias,False
g8627,Dennylson Camelo Oliveira,Nanzão Camelo,False
g868,Maria Sirnara Saldanha Freitas,Sirnara Saldanha,False
g8738,Beatriz Goes Ribeiro,Beatriz Goes,False
g8740,Emiliando Raimundo da Silva,Dr. Emiliando,False
g8743,Adriana de Sousa Almeida,Professora Adriana Almeida,False
g8751,Adriano Lauro,Adriano Lauro,False
g8763,Maria das Gracas dos Santos,Graça de Pinto,False
g8805,Narcelio da Silva Santana,Narcelio Santana,False
g8825,Cleiton Pereira da Silva,Professor Cleiton,False
g8829,Alzeni Correia Vieira,Alzeni do Geovane,False
g8831,José Newton Gama,Gama,False
g8846,Francisco Luiz Miguel,Cleno,False
g8894,Will Platinni de Freitas Nascimento,Will Platinni,False
g8923,Antonia da Silva Viração,Toinha Viração,False
g8949,Antonia Mayara Guimaraes de Oliveira,Mayara Guimarães,False
g8986,Francisco Ernaldo de Carvalho,Ernaldo de Carvalho,False
g8994,Vandelson Lima Aguiar,Professor Vandelson,False
g9002,Antônia Marsilvia Almeida dos Santos,Professora Marsilvia,False
g9006,Paulo Jose Gomes Ferreira,Paulo Ferreira,False
g9034,Francisco Bezerra Silva,Professor Bezerra,False
g905,Jardel de Lima de Oliveira,Jardel Oliveira,False
g9095,Thamires da Conceição Veras,Thamires Veras,False
g9097,Francisco Ednardo Lima da Silva,Manin,False
g9102,Manoel Filho Ribeiro,Maninho,False
g9110,Joel Pereira de Sousa,Joel Pereira,False
g9117,José Silverlan Pereira Estevam,Nego do Totolec,False
g9128,Rivaldo Freitas de Lima,Bil dos Moreiras,False
g9135,Francisco Fernandes de Lima Junior,Irmão Junior,False
g9138,Maria Gorete Marques,Dra Gorete,False
g9147,Francisco Santiago,Junior do Paulinho,False
g915,Ericlaudio Holanda Rafael,Ericlaudio,False
g9164,Francisco Alex Dantas Oliveira,Alex Dantas,False
g9214,André Lacerda Barros Filho,André Lacerda,False
g9233,José Sérgio Martins Juvêncio,Sérgio Martins,False
g9234,Lucia Helena Holanda da Silveira,Lucinha,False
g9239,Edinalva Francisca Lima Silva,Edinalva do Sindicato,False
g9257,Daniel Tony Celestino da Silva,Daniel da Topique,False
g9262,Jose Sanjeval Rodrigues Marques,Professor Sange,False
g9336,Cicero Alves de Assunção,Cícero Conrado,False
g9340,Alexandre Felix Dutra,Dr. Alexandre Felix,False
g9362,Jose Jackson Saraiva de Azevedo,Jackson da Ema,False
g9375,Maria do Socorro dos Santos,Corrinha do Sindicato,False
g9406,Hazelelponi Carneiro Ferreira Rodrigues,Eleponi Ferreira,False
g9427,David Guerra Vieira,David Vieira,False
g9453,Francisco Thiago Fernandes Holanda,Maskara Holanda,False
g9461,Antonio Fernandes Freitas,Antonio do Sindicato,False
g9465,Jose Iris Carlos de Morais,Ze Iris da Vila Patos,False
g947,Antonia Jeovania Canuto Ribeiro Oliveira,Geovana Ribeiro,False
g9487,Edna Maria Eufrasio Moura,Edna Moura,False
g9491,Erika Vieira Lima Carvalho,Érika Carvalho,False
g950,Francisco Anibal Oliveira de Arruda Coelho Filho,Anibal Filho,False
g9523,Rubens de Almeida Bessa,Rubens Bessa,False
g955,Josué Saraiva Nogueira,Cangatir da Barra,False
g9553,Pedro Silva do Nascimento,Pedro Silva,False
g9555,Francisco Roberto Lira de Farias,Roberto do Garrone,False
g9586,Francisco de Lima Mendes,Moacir,False
g9600,Pedro Henrique de Oliveira Coelho,Pedro Coelho,False
g9651,Jose Francisco do Nascimento,Zé Francisco,False
g9667,Luciane Martins da Silva,Luciane Martins,False
g9705,Francisco Cleiton de Oliveira dos Santos,Cleitim da Ambulância,False
g9726,Antonio Herminio Alves Brasil,Herminio Brasil,False
g9737,Antonio Clertiano da Silva Sousa,Clertiano da Fábrica,False
g9805,Joao Bosco Rodrigues Fernandes,Joao Bosco,False
g9814,José Edicarlos Dias,Edicarlos,False
g9819,Fabia Napoleão Andrade,Fábia Napoleao,False
g9837,Joao Batista da Cruz,Joao Batista,False
g9873,Jose Correia Braga,Jose Braga,False
g9884,Glauber Lopes de Holanda,Glauber,False
g9903,Jose Maurilio de Souza Pereira,Maurilio de Caiçola,False
g9960,Emilly Albuquerque,Emily Albuquerque,False
g9968,Eduarda Hulle Pereira Dantas,Eduarda Dantas,False
g9972,Pericles Macedo Bezerra Lima,Dr Pericles Macedo,False
g9980,Silvia Helena Herculano Rocha,Silvinha,False
g9997,Marcos Caio Magalhaes Rodrigues,Caio Rodrigues,False
