pessoa,nome,nome_urna,externo
g1,Felipe Ribeiro Gonçalves,Felipe da Construção,False
g10,Marcia Alves Miranda,Marcinha do Pt,False
g10006,Barbara Cristina Guimaraes da Silva,Bárbara Guimaraes,False
g10009,Luciene Barros Verissimo da Silva,Luciene Diretora,False
g10017,Eliana Moretti,Eliana Moretti,False
g10019,Edcarla Rosena Molina,Carlinha,False
g10023,Otacilio Batista da Silva,Otacílio Churrasqueiro,False
g10026,Diego Rafael Baldo Manço,Diego Rafael,False
g10027,Vinicius Rodrigues Costa,Vinicius Rodrigues,False
g10031,Vagner Sergio dos Santos,Professor Vagner,False
g1004,Francisca Nilmar Arraes Manoel,Dilma Arraes,False
g10042,Francisco Clarindo de Sousa,França,False
g10062,Salete dos Santos Vieira Santos,Salete Vieira,False
g10063,Sandra Lucia Perseguin Drudi,Sandra Drudi,False
g10064,Maria Cristina Veiga de Assis Lage,Cristina Lage,False
g10076,Adete Moreira Santos Silva,Dete,False
g10077,José Roberto Abdo Domingos,José Roberto Abdo   Beto,False
g10093,Enoir Rodrigues Soares,Enoir Ico Jardineiro,False
g10099,José Roberto da Silva,Prof Robertinho,False
g101,Erica Oliveira dos Santos,Erica Camelô,False
g10101,Nilton Cardoso Dias,Niltinho da Agricultura,False
g10104,Maria Emanuele de Mello Rigobello Mello,Emanuele Rigobelo,False
g10108,Ademir Oliveira Santos,Ademir Montanha,False
g10117,Adélia Oliveira de Farias,Adélia,False
g1014,Heston Jorge Barbosa,Ton Heston,False
g10159,Alex Sandro Marinho Reis,Alex Sandro Reis,False
g10160,Gustavo Henrique dos Santos,Gustavo,False
g10179,Rosana Garcia Menegoli Tamaso,Professora Rosana,False
g10193,Daniela Renata Sorzi,Dani Cuidadora,False
g10203,Adauto Vizoto,Adauto Vizoto,False
g10210,Cristiane Conceição Duarte de Souza,Cristiane do Zezé,False
g10237,Wanderley dos Santos,Wanderley Cabeleireiro,False
g10239,Caio Parise Bellintani,Caio Bellintani,False
g10244,Priscila Franciele Barbosa dos Santos,Priscila Barbosa,False
g10251,Sandey Fernandes Alves Pereira,Sandey,False
g10254,Rogério Alves da Silva Ponciano,Rógerio Ponciano,False
g10263,Leonardo Vaz dos Santos,Irmão Leonardo,False
g10293,Zilda Aparecida Rodrigues Carvalho,Prof  Zilda,False
g103,Fabio Rodrigues Alves,Fabio Quati,False
g10300,Adervaldo José dos Santos,Dr Adervaldo,False
g10315,Claraci Sousa Silva,Clara Sousa,False
g1032,Jose Carlos de Oliveira,Jose Carlos de Oliveira,False
g10322,Araldo Oliveira dos Santos,Araldo do Pt,False
g10345,Vera Martins dos Santos Neves,Vera Neves,False
g10365,Rodrigo Melo Silveira,Rodrigo Silveira,False
g10366,Gildevan Novais de Jesus,Gildevan,False
g10388,Jussara Oliveira da Silva,Jussara,False
g1039,José Carlos de Souza,Zé do Corinto,False
g10394,Joao Joaquim de Freitas Filho,Joao Freitas,False
g10398,Cleuza Sueli Bueno da Silva,Cleuza Sueli,False
g10401,Juan Jose Blanco Prada,Juan do Pagú,False
g10428,Pedro Gonçalves de Almeida,Pedrinho do Canela,False
g10431,Terezinha Aparecida de Souza Diniz,Teca,False
g10451,Munique Bassoli,Munique Bassoli,False
g10455,Isabel da Silva Barbosa,Isabel Barbosa,False
g10456,Jose Maria Marchi da Silva,Zequinha da Cadeira de Rodas,False
g10465,Antônia do Carmo Marchese,Prof Toninha Marchese,False
g10475,Roseclei Neves Munhoz,Prof Roseclei Neves,False
g1048,Ana Soares de Almeida,Santinha,False
g10483,Jose Genilson da Silva,Genilson Moto,False
g10494,Douglas Souza Carvalho,Douglas Souza,False
g105,Isaias Ferreira dos Santos,Isaias Carequinha,False
g10504,Natanael Tenório da Silva,Natanael Lider Comunitario,False
g1052,Carlos Roberto dos Santos,Carlão da Apeoesp,False
g10520,Celda Pereira Gomes,Celda Nice,False
g10529,João Ananias Moreira Silva,João Ananias,False
g10532,Paulo Afonso Prado e Silva Junior,Paulão do Meio Ambiente,False
g10535,Ernani Luiz Donatti Gragnanello,Ernani,False
g1054,Eliana Nascimento Ferreira,Lia Novo Horizonte,False
g10545,Reginaldo Luiz de Araujo,Reginaldo Dipirona,False
g10565,Adelson Rodrigues Ramalho,Tidé,False
g10571,Fabiola Pereira do Carmo,Fabíola,False
g10574,Jose Nilson da Silva,Baixinho da Comunidade,False
g1059,Laercio Mendes da Cruz,Laercio Pintor,False
g10599,Jose Antonio Alves Maropo,Maropo,False
g10603,Admilson Moreira da Silva,Admilson Porteira,False
g10604,Jeluci Gabriel,Prof..  Jeluci,False
g10605,Antonino Prota da Silva Junior,Dr Prota Advogado do Povo,False
g10606,Marcia Rodrigues Rocha,Marcia Rocha,False
g10613,Francieli Aparecida Ferreira,Francieli Ferreira,False
g10615,Denise Cesar,Denise Cesar,False
g10620,Sueli Aparecida Ferreira,Sueli Ferreira,False
g10637,Maria de Fátima Silva,Dra Fatima do Mst,False
g10638,José Francisco Ramos,José Francisco,False
g10641,Robison Luis de Oliveira,Robison,False
g10646,Anderson Dalécio Feliciano,Dalécio,False
g10647,Reginaldo Donizetti Fernandes,Negão do Matador,False
g10654,Carlos Alberto Vieira Coelho,Coelho Padre,False
g10656,Rodrigo Mengato Lima,Diguinho,False
g10659,Cristiano Antonio Avelino Teixeira,Cris do Rabecão,False
g10680,Tarciza Ribeiro de Oliveira,Tarciza Ribeiro,False
g10686,Rogerio Wong de Oliveira,Rogerio Xing,False
g10687,Francisco Furtado Sobreira,Sobreira,False
g10707,Francisco Ferreira Monteiro,Dedé Monteiro,False
g1072,Roberta Garbeloti Palma,Roberta Palma,False
g10746,Vanilda Martins,Vanilda Martins,False
g10748,Marcelo Camargo Pinto,Marcelo Camargo,False
g10767,Renan Oliveira Arraes,Renan Arraes,False
g10777,Jose de Arimatéia Bezerra de Oliveira,Ari Poeta,False
g108,Almir da Silveira,Almir Orfeu,False
g10808,Marcos Augusto de Campos,Zanata,False
g10811,Lucas Pascoto,Lucas Pascoto,False
g10815,Alice Rosa Xavier,Alice Rosa,False
g10830,Wilson Francisco da Silva,Wilson  Silva,False
g10831,Edson Concolato,Edson Concolato,False
g10859,Francisco das Chagas Ramos Leite,Chaguinha do Refugio,False
g10869,Aldecir Ramos Francisco,Carioca,False
g10882,Celso Luiz da Silva,Celso,False
g10884,Mainá Santos Duda,Mainá,False
g10888,Jose Anselmo Testa Tambellini,Anselmo Tambellini,False
g10889,Jose Pereira de Oliveira,Zé Pereira da Rádio,False
g10898,Jorge Paulo Mendonça,Jorge Mendonça,False
g10947,Carlos Sobral da Silva,Carlos Sobral,False
g10950,Daniel Henrique de Souza Oliveira,Derél,False
g10981,Miguel Duarte da Silva,Miguel Duarte,False
g10983,Mylena Kaneshiro Epaminondas Pimentel,Mylena Kaneshiro,False
g10990,Euripedes Donizeti Mariano,Oripão do Lanche,False
g11028,Dirce Thomazelli Vitorio,Dirce Thomazelli,False
g11038,Cicero Bezerra da Silva,Cicero Bezerra,False
g11041,Marciel dos Santos Bispo,Marciel Bispo,False
g11057,Wagner do Nascimento,Wagner Nascimento,False
g11058,Jose Luiz Horacio,Jose Luiz,False
g11061,Claudinei de Jesus Oliveira,Claudinei Oliveira,False
g11067,Manoel Alves de Sousa,Manoel Maranhão,False
g11071,Edson da Paz,Edson da Paz,False
g11090,Valdemir Jairo Lisos,Jairo Lisos,False
g11105,Adamis Oliveira de Moura,Adamis Oliveira,False
g11112,Wellington Paranhos,Wellington Paranhos,False
g11114,Jossimar Rocha Ferreira,Baiano Pedreiro,False
g11115,Patricia Pereira de Souza,Patty Dbs,False
g11120,Sidinei Marques de Oliveira,Sidinei Oliveira Verdureiro,False
g11150,José Ferreira de Souza,Zé Ferreira,False
g11158,Jose Andrade de Lima,Zé Andrade,False
g11159,Adriana Rodrigues Simões,Adriana do Bar Império,False
g11166,Analia Maria da Silva,Analia do Coletivo de Mulheres,False
g11176,Jose Durval dos Santos,Jose Durval,False
g11179,Paulo Roberto Botão,Professor Botão,False
g11184,Mascimo Irone Alves Mendonça,Max,False
g11208,Zenaide dos Santos e Silva,Zenaide,False
g11210,Diana Maria Andrade Barbosa,Diana Andrade,False
g11226,Marcos Antonio do Nascimento,Psicólogo Marcos Vargas,False
g11236,Angela Amélia Silva,Professora Angela,False
g11255,Jose Cicero de Oliveira Silva,Lagoa,False
g11260,Leonario Rosa da Silva,Leonario Felix,False
g11266,Edenilton Moreira de Souza,Ratão,False
g11276,Paula Rosa Augusto,Paula Rosa,False
g11290,Murilo Antonio Bevilacqua Nascimento,Prof Murilo Bevilacqua,False
g1132,Claudinei Silva dos Santos,Claudinei dos Predinhos,False
g11322,Jose Bernardo Filho,Indio Bernardo,False
g11354,Guilherme Beraramo Gasques,Guilherme Gasques,False
g11369,Maria Lúcia Quirino de Castro,Lucia Castro,False
g1138,Francisco Eráquio Lopes Carneiro,Francsico Ceará,False
g11381,Fabio dos Santos,Fábio Dasher,False
g11404,Auri Antonio de Oliveira,Auri Antônio,False
g11412,Elizabeth Sampaio Rodrigues Pereira,Beth Sampaio,False
g11426,Rodinei Jose Correa,Raspadinha,False
g11434,Agnaldo Jose Correa de Campos,Agnaldo Correa,False
g11438,Edson Antonio Edinho da Silva,Edinho Silva,False
g11441,Valderice Oliveira Ramos,Toquinho,False
g11468,Jaspe Lopes Bastos,Jasper e Povo do Sol,False
g11494,Claudia Luciana Palmeira,Professora Claudia Palmeira,False
g11498,Rosilda Cristina Leite Werneque Ribas,Rosilda Leite,False
g11525,Juracy Eduardo Gomes,Pastor Juracy,False
g11538,Adaide Pereira dos Santos,Ataide,False
g11539,Antônio Valdecir Machado,Valdecir Machado,False
g11540,Telma Sandra Augusto de Souza,Telma de Souza,False
g11551,Wagner Roberto Leonel Junior,Wagner Leonel,False
g11556,Aucelio Jose Leite,Celinho Patricia,False
g11561,João Domingos Fioramonte,João Fioramonte,False
g11562,Orlando Antonio Pereira,Orlando,False
g11564,Luís Henrique Alves Paiva,Luis Paiva,False
g11567,Valfredo Alves Siqueira,Prof Valfredo,False
g1157,Mirian Ponzio,Mirian Ponzio,False
g11578,Ailton Francisco Cabral,Dita Cabral,False
g11586,Angela Pereira da Silva,Angela Coletivo do Povo,False
g1159,Joelino Antônio da Silva,Joelino,False
g11591,Rita de Cássia Gomes,Rita Gomes,False
g11592,José Cleude Rocha,Rochinha,False
g11606,Paolla Catherine dos Santos Miguel Agard,Paolla Miguel,False
g11609,Valmi Monteiro Rocha,Valmi Alemão,False
g11640,Alexsander dos Santos,Alex Caixa,False
g11641,Ângela Maria Eliziário,Ângela Eliziário,False
g11654,Jose Claudio de Lima,Jose Claudio,False
g11657,Anderson Donizeti Gaspar dos Santos,Anderson Gaspar,False
g1166,Andréa Bertazini,Déinha do Jequitibá,False
g11665,Rodrigo Souza Ferreira Antonietti,Rodrigo Doselli,False
g11673,Patrícia Rodrigues Uzun,Patricia Uzun,False
g11694,Daniela Luzia Teixeira de Oliveira,Daniela,False
g11703,Luiz Felipe Sobrinho,Luiz Felipe,False
g11714,Adão Pereira Barbosa,Adão do Pt,False
g11716,Amanda Pereira Teixeira,Amanda,False
g1173,Rodrigo Rubens Martins Peguin,Rodrigo Peguin,False
g11733,Antônio José da Silva,Tonho da Ilha Bela,False
g11734,Regivaldo Borges Pereira,Prof Régis,False
g11738,Eliane Aparecida Braga Barbosa,Eliane Braga,False
g11744,Patricia Braga Cardoso,Patt Braga,False
g11752,Adllayne Vitorino Dambroski Pedroso,Dí,False
g11753,Aparecido Reginaldo da Silva,Aparecido Fio,False
g11756,Maria Jose Ferreira,Mazé,False
g11759,Maria Aparecida da Cunha Sanches,Cida Cunha,False
g11760,José Aparecido Silva da Cruz,Sidinho Silva,False
g11763,Necliudo Moreira da Silva,Mala do Bar,False
g11770,Eleandra Cristina Dias Ferreira,Eleandra Advogada,False
g11775,Helio Ferreira dos Santos,Helião,False
g11776,Cristiane Araujo da Silva,Cristiane Araújo,False
g11796,Antonio Lourival Tenorio,Toninho Tenório,False
g11799,Paulo Aparecido Alberto,Paulão,False
g11802,Flavia Paixão,Flavia Paixão,False
g11807,Paulo Cesar Prado,Paulo Prado,False
g11813,Ademilson Paes da Silva,Zacarias,False
g11815,Adaguimar Joelson Carvalho de Souza,Professor Adaguimar,False
g11816,Edinete dos Santos Batista Braga,Risonha do Badra,False
g11826,Jean Wyllys de Matos Santos,Jean Wyllys,False
g11831,Maria Aparecida Ferraz,Marion Ferraz,False
g11833,Dionatas Aparecido Gobbo,Dionatas Gobbo,False
g11851,Mayke Marcolino,Mayke Marcolino,False
g11856,Laercio Aparecido Sanches,Laercio Sanches,False
g11867,Sebastião Pereira da Silva,Tião da Areia,False
g11879,Janaina Corrêa Falconeris,Janaina Corrêa,False
g11896,Isabel Cristina Galdino da Silva,Bel Silva,False
g11898,Sebastião Donizete de Oliveira,Moscou,False
g11900,José Sebastião de Gois,Sebastião do Concreto,False
g11909,José Rogério Moreira Santana,Rogério Santana,False
g11914,Jose Antonio de Francisco,Prof  Zé Antonio,False
g11938,Lucélia Helena Moura,Lucélia Moura,False
g11951,Osvaldo Elóy Nery Filho,Elóy Nery,False
g11953,José Ferreira de Andrade,Ferreirinha,False
g11955,Fernando Rodrigo Nogueira,Fernando Nogueira,False
g11961,Carlos Milton Xavier,Xavier,False
g11965,Jose de Aquino Simão,Zezinho do Pt,False
g11969,Márcia Marília de Moraes,Márcia Marília de Moraes,False
g12005,Jaques Artur Munhoz,Dr Jaques,False
g12006,Valdemir dos Santos Batista,Abençoado,False
g12042,Marina Vicência Quintino,Marina do Dr André,False
g12069,Liria Aparecida Barbosa Marques,Liria Marques,False
g12072,Caulo Nicodemo de Moura,Caulo de Moura,False
g1209,Bruno Marino Mariano Fernandes,Bruno Marino,False
g12108,Magda Maria da Costa Arôxa,Magda Arôxa,False
g12110,Benedito da Cruz Sobrinho,Dito Cruz,False
g12122,Diego Santos,Diego Varjão,False
g12133,Danilo Gomes de Matos,Danilo Gomes,False
g12141,Gerson Florindo de Souza,Gerson Florindo,False
g12145,Maria Aparecida Gonçalves,Cidinha,False
g12152,João Luciano,João Luciano,False
g12155,Jefferson Pecori Viana,Jefferson Pecori,False
g12170,Flávia Fernanda Gomez Sanchez,Flavinha O Afeto Cura,False
g12179,Ronaldo de Oliveira Silva,Ronaldinho Fiscal do Povo,False
g12198,André Luiz Carvalho Pinto Pedry,André Carvalho Pinto,False
g1221,José de Assis Ferreira dos Santos,Zé Ailton,False
g12232,Maria Jose Evangelista Borges,Maria Jose Costureira,False
g12239,Patricia Oliva Cavicchioli,Diretora Patricia,False
g1224,Patrícia Duarte Tovar,Patrícia,False
g12247,Robson Maurício Neto Bouças,Robson Samu,False
g12250,Sileno Ricarte de Carvalho,Sileno Ricarte,False
g12255,Sérgio Carlos dos Santos,Sérgio Caic,False
g12269,Jose Augusto Nogueira da Silva,Lagoinha de Capela,False
g1227,Roberto Francisco da Silva,Roberto,False
g12277,Jose Antonio do Carmo Cruz,Jose Antonio,False
g12284,Flávio Gonzaga dos Santos Faleira,Flavio Gonzaga,False
g12285,Helton de Oliveira Martins,Helton,False
g1231,Robson Jose Dias,Dr Robson,False
g12310,Adalberto dos Santos Benedito,Mandi,False
g12315,Núbia Nascimento Silva de Almeida,Núbia de Almeida,False
g12318,Regina Aparecida dos Santos Agrella,Regina Pretinha,False
g12324,Tânia Regina Rocha de Araújo,Tânia Araújo,False
g1234,Denise do Amaral Lemos de Paula Santos,Professora Denise,False
g12340,Antonio Ferreira,Toninho do Camargo,False
g12346,Vagner da Silva Barros,Vagner Barros,False
g1237,Aloísio Gama de Santana,Aloísio Gama de Santana,False
g12372,Edson Nilo dos Santos Junior,Edson Nilo,False
g12378,Adalberto Deyvid de Assis Silva,Beto,False
g1238,Fabio Padilha Cesar,Fabio Padilha,False
g12380,Vicente Martins de Oliveira Junior,Vicentinho,False
g12421,Jorge Rodrigo Valverde Santana,Rodrigo Valverde,False
g12426,Wagner Lima,Wagner Lima,False
g12427,Marcelo da Silva Cavalheiro Mendes,Marcelo Maquininha,False
g12428,Claudia Maria da Silva Verônico,Claudia Silva,False
g12429,Marcos Paulo Rodrigues Franco,Marcos Franco,False
g12439,Beatriz Aparecida Graia,Bia Graia,False
g12442,Francisco dos Santos Souza,Francisco Quim,False
g12453,Isleia Mendes Silva,Isleia,False
g12456,Wilton Reis Brito,Wilton Brito,False
g12471,Maria Aparecida Malagueta Miyazaki,Professora Cida Malagueta,False
g12484,Mônica Santos,Mônica Santos,False
g12491,Luiz Carlos Cardoso,Gorde,False
g12511,Dulcemar Ferreira Gimenes,Dulcimara Ferreira,False
g12513,Roseli Beck de Souza,Roseli Beck,False
g12520,Luciana Leite,Professora Luciana Leite,False
g12522,Carla Aparecida Mas Leite,Carla Leite,False
g12529,Archimedes Felicio Lazzeri,Archimedes Lazzeri,False
g12532,Gilmar de Oliveira,Giba,False
g12536,Alessandra Freitas de Moraes Urias dos Santos,Alessandra Freitas,False
g12547,Lúcia Marlene Dias Paes dos Santos,Lucia Dias,False
g12551,Helton Aparecido Duarte Ferreira,Helton Gaúcho,False
g12552,Célia Aparecida Assumpção,Célinha Assumpção,False
g1256,Piter Paulino de Lima,Piter Lima,False
g12569,Juvenal Lopes da Silva,Juvenal,False
g12598,Nadja Carneiro de Oliveira,Nadja Oliveira,False
g12607,Leonaldo Pinheiro Macedo,Leonaldo Pinheiro Macedo,False
g12618,Waldemar Chagas Junior,Mazinho Vidraceiro,False
g12619,Vânia Lucia Cordeiro,Vania Cordeiro,False
g12628,Rafaela Vieira Evaristo,Rafa do Futebol,False
g12632,Hercilio Hipolito de Sousa Coutinho,Hercilio,False
g12638,Vanderlei Brizola de Oliveira,Vanderlei Brisola,False
g12651,Maria Rosa Pereira Oliveira,Rosa Oliveira,False
g12656,Maura Aparecida de Paula,Nega Pinah,False
g12669,Waldomir Sebastião Ferreira,Vardo do Manchester,False
g12675,Rafael Santos de Abreu,Rafael Abreu,False
g12676,Jose Carlos Ferreira,Leão da Cipa,False
g1268,Satira Cordeiro Santos,Satira Cordeiro,False
g12683,Altair Maciel Almeida,Altair do Pt,False
g12702,Reginaldo Mizael da Silva,Mizael Silva,False
g12714,Mauro Vieira Machado,Maurinho,False
g12723,José Geraldo Fábio,Professor Zé Geraldo,False
g12730,Onofre Delbson Baraldi,Onofre Baraldi,False
g1274,Carla Graciele Baroni,Dra. Carla Baroni,False
g12749,Eduardo Davi Loureiro da Silva,Prof Eduardo David,False
g1275,Maria Madalena Belisse,Madalena,False
g12755,Amadeu Aparecido de Souza,Cidinho Eletricista,False
g12757,Leandro Buscarini de Meira,Leandro Filho do Meira,False
g12760,Jose Carlos Sahade,Sahade,False
g12766,Everton de Oliveira Ribeiro,Everton do Skate,False
g12774,Antônio Carlos Limeiras,Dr Limeiras,False
g1278,Maria Guilherme de Almeida,Bancada Mulheres Mais Política,False
g12789,Maria Fernanda Franco,Maria Fernanda,False
g12791,Vitoria Regina Lima Ramos,Vitoria Ramos,False
g12797,Pedro Henrique Barnabe,Pedro Barnabé,False
g12799,Sandra Rubens Evangelista Paizinho,Sandra Paizinho,False
g12806,Dayane Souza Ribeiro,Dayane Ribeiro,False
g12813,Francisco Rogerio Taboza da Silva,Rogerio Tabosa,False
g12827,Dorgivaldo Ribeiro Rocha,Dorjão Turmeiro,False
g12832,Claudia Ferreira,Claudinha do Pt,False
g12833,Evanilda Rosa Cardoso Tiago,Vanda do Hamilton,False
g12834,Valdir Aparecido de Lima,Professor Valdir,False
g12835,Augusto Pereira Machado Filho,Guto Machado,False
g12836,Vera Lucia Ferreira Leão Oliveira,Verinha da Gleba,False
g12849,Benedita Elizabeth da Cruz,Beth Professora,False
g12854,Benedita Aparecida Rosa,Professora  Bene Rosa,False
g1286,Celia Maria Feltrim,Celia Feltrim,False
g12864,Sidney Batista de Araújo,Sidão,False
g12875,Sidney da Silva Lima,Liminha da Radio,False
g12879,Paulo Macedo Rodrigues,Paulo Macedo,False
g12881,Ana Marcia Carolina Santos Henrique,Ana Marcia,False
g12882,Joselito da Silva Borges,Professor Joselito,False
g12886,Francisco Valeriano Rodrigues,Professor Chiquinho,False
g12893,Sidney Donisete Gasparotto,Sidney Gasparotto,False
g12897,Maria Aparecida Bolognezzi,Cida,False
g12898,Benedita Candido Martins,Dita do Paulinho Pedreiro,False
g12901,Antonio Carvalho Veras,Pezão,False
g12908,Lucilete Borges da Silva,Lucilete,False
g12914,Adao de Camargo,Adao,False
g12920,Micaele Bariotto,Professora Micaele,False
g12932,Luiz Raimundo de Souza,Luiz Raimundo,False
g12938,Neusa Batista Cardoso,Neusa Cardoso,False
g12944,Anilton Antonio,Anilton - Branco Enfermeiro,False
g12958,Mauro Gabriel de Camargo,Mauro Camargo,False
g12959,Edwiges Malavazi Cavalini,Edwiges,False
g12970,Thais de Fatima Carvalho,Thais,False
g12981,Jose Valdete Machado de Souza,Jose Valdete,False
g12983,Marizete Pereira de Jesus,Mary,False
g12988,Maria Aparecida de Mattos,Cida Mattos da Moradia,False
g12997,Samira Jaqueline Mafra,Samira,False
g13001,João Ferreira Neto,Dão Ferreira,False
g13003,Mauricio Donizeti Oliveira Silva,Pirulito,False
g13022,Erika Monteiro Moraes,Professora Erika Monteiro,False
g13025,Marcio Augusto Verrengia,Marcio Verrengia,False
g13032,Andreia Lopes Ramos,Andreia Ramos,False
g13036,Joana Darque Rocha Felipe,Joana,False
g13062,Antonia Esteves Romalholi,Antonia Esteves,False
g13065,Lucas Jose da Costa Macedo,Luquinhas da Sorocabana,False
g13066,Marcelo de Medeiros,Marcelo,False
g13067,Viviane Reis da Silva,Vivi Reis,False
g13072,Zelídio Barbosa  Lima,Zelídio da Moradia,False
g13075,Genivaldo Chaves Pinheiro,Gino,False
g13086,Jeto Luiz da Silva Pereira,Jeto Luiz,False
g13099,Celio dos Santos Fagundes,Dr Celio Fagundes,False
g13104,Geraldo Alves de Oliveira Junior,Geraldo Jr,False
g13108,Lilian Cristina Maia,Lilian Maia,False
g13139,José Luiz da Silva,Luiz Padeiro,False
g13160,Maria Dolores Zundt,Professora Dolores,False
g13163,Ronaldo Alexandre Gomes,Ronaldo Coiffeur,False
g132,Alcides Luis de Carvalho,Cidão Mineiro,False
g13219,Jose Carlos de Aquino,Carlos Aquino,False
g13223,Sergio da Costa Merces,Sergio Merces,False
g13225,Carmen Aparecida Moraes Padilha,Prof. Carmen Padilha,False
g13233,Sebastião Donizete Rorato,Professor Donizete,False
g13236,Getulio de Araujo,Getúlio Tapeceiro,False
g13242,Bruno Monteiro Carlos,Bruno Monteiro,False
g13243,Crislaine Santana dos Santos,Cris,False
g13247,Marcia Costa,Marcia Costa,False
g13252,Sonia Maria Bueno Carreiro,Sonia Carreiro,False
g13257,Jose Celio Raposo do Nascimento,Celio Raposo,False
g13262,Patrícia Aparecida Coppi Rodrigues,Patrícia Coppi,False
g13282,Aristides Oliveira Ribas de Andrade,Professor Aristides,False
g13285,Leandra de Cassia Valerio,Professora Leandra,False
g13290,Francisco Pereira Filho,Chicão Pereira,False
g13298,Ricardo Belem Placido,Mestre Tubarão,False
g13309,Conceição Aparecida da Rocha Oliveira,Conceição Rocha,False
g13335,Jose Alves Pereira,Zezinho,False
g13336,Luiz Fernando de Carvalho Amorim Franco,Zambo do Pt,False
g1334,João Vitor Calvo Pereira,Vitor Calvo,False
g13341,Ivo Santos Rosa,Ivo Sapatu,False
g13343,Luciano Barbosa da Silva,Luciano Barbosa,False
g13346,Jaqueline Correia Gil,Jaque Gil,False
g1335,José Machado da Silva,Zé Machado,False
g13359,Regina Aparecida Moreira Araújo,Regina Moreira,False
g13360,Jose Evaristo de Matos Filho,Professor Eva,False
g13372,José Moreira Almeida,Zézinho Almeida,False
g13397,Martha Amabile Picado Prudente,Prof Martha Amabile da Apeoesp,False
g13398,Sueli Correia Rocha,Sueli,False
g13412,José Geraldo de Camargo,Prof Gê,False
g13419,Elivelton Moniz Scaramuzza,Reh Moniz,False
g1342,Antonia Margarida Salvati,Professora Toninha,False
g13428,Aureo Bacelar da Silva,Aureo Bacelar,False
g13432,Ricardo Santana de Arruda Leme,Ricardo Santana,False
g13448,Carlos Tatto,Carlos Tatto,False
g13451,Katia Regiane Maciel Cesar,Katia Cesar,False
g13453,Iracema Mendes Casimiro,Iracema,False
g13458,Cosmelita Silva Lopes,Cosmelita da Rodoviária,False
g13466,Nilda Virginia da Silva,Nilda Zabumba,False
g13473,Jose Carlos de Souza,Ze Carlos dos Condutores,False
g13479,Marcelo Henrique Gonçalves,Marcelo Faz,False
g13485,Ari Guimarães Soares,Ari,False
g13494,Vantuil Jose da Cruz,Vantuil da Central,False
g13533,Valmir Machado de Souza,Valmir Machado,False
g13543,Alexandre Gerolamo de Almeida,Alexandre Almeida do Pt,False
g13545,Fabiana Gomes,Fabiana Gomes,False
g13556,Joana Affonso Matielo,Joana Matielo,False
g13567,João Santana de Oliveira Rosa,João Santana,False
g13579,Damaris Fernanda Rodrigues,Damaris das Balas Baianas,False
g13599,Maria Neuza Alves da Cunha Dias,Neuza Dias,False
g1363,Umberto Luiz Siqueira,Beto do Taxi,False
g13640,Idelfonso Ferreira de Araujo,Véio do Dé,False
g13644,Anderson William da Costa,Professor Dãozinho,False
g13657,Beatris Aparecida Barbosa Verdu,Prof Bia Verdu,False
g1368,Agripino Miguel Costa,Prof Agripino,False
g13680,Cibele Sanches,Cibele Sanches,False
g13685,Thainara Karoline Faria,Thainara Faria,False
g13717,Gilberto Risolino Sebastião,Gilberto Risolino,False
g13722,Marcio Rogério Tomazzi Estevo,Marcio Estevo,False
g13738,Edson Gordiano da Silva,Edinho do Soma,False
g13745,Sussinéia Miotto Farias,Sussi Miotto Amada,False
g13750,Antonio de Souza,Rolinha,False
g13757,Jhonatas Israel Oliveira,Jhonatas Ar Condicionados,False
g13767,Patrícia Aparecida Henrique,Paty Gata,False
g13771,Raimundo de Araujo,Raimundo de Araujo,False
g13779,Luana Bezerra da Silva,Professora Luana,False
g13783,Francisco dos Santos Timoteo,Francisco Chiquinho,False
g1379,Paulo Roberto Mizael,Paulinho do Pt,False
g13802,Vania Maria de Souza,Vânia da Vila,False
g13804,Monica Aparecida Fogaça dos Santos,Mônica Fogaça,False
g13815,Jose Timoteo da Silva Neto,Zé Borracha,False
g13820,Luis Alberto de Souza,Prof. Luis,False
g1383,João Maria Correa,João Maria,False
g13844,Zelia Lucas Patricio,Agora É Com Elas Zélia Lucas,False
g13846,Maria Aparecida de Souza Maia,Cida Maia,False
g13852,Garry Deralus,Garry do Povo,False
g13854,Antônio Rodrigues da Silva,Matita,False
g13858,José Aparecido Martins,Lamparina,False
g13868,Gustavo Manoel Domingos,Gustavo Pezão,False
g13887,Gleidson dos Santos,Jotta Mello,False
g13895,Neusa Liane Grillo Menegon,Neusa Menegon,False
g13908,Luana de Jesus Camargo,Luanna Alves,False
g13915,Célia Nair Soares,Célia Nair,False
g13920,Devair de Andrade Ferrer,Beinha da Vidraçaria,False
g13928,Esmeralda Farias,Esmeralda da Reciclagem,False
g13937,Jose Aimore Fechter Junior,Jr,False
g1394,Everaldo Batista Neves,Everaldo Lulinha,False
g13966,Diogo Ribeiro de Carvalho Canina,Diogo Canina,False
g13994,Fausto Aizza,Fausto do Pt,False
g14001,Renato Moreira dos Santos,Renato Moreira,False
g14002,Fernandes Francisco da Silva,Fernandinho Cabeleireiro,False
g14006,Telma Oliveira dos Santos,Telma Santos,False
g14010,André Luís Maceno,André Maceno,False
g14039,Viliana Camargo,Viliana,False
g1404,Antonio Carlos de Melo Sa,Toninho Kalunga,False
g14041,Igor Aparecido de Souza,Igor Bigu,False
g14042,Valderes de Andrade Dieguez,Valderes,False
g14045,Zildene Carvalho de Oliveira Fernandes,Bispa Zildene,False
g14047,Osmir Odacio Lio,Zica,False
g14052,Kátia Silva de Oliveira,Professora Kátia Oliveira,False
g14058,Sebastiao Severino Neto,Professor Sebastiao,False
g14059,Edcarlos da Graças Gonçalves,Edcarlos Ticalão,False
g14067,Leonardo Neves Cintra,Leonardo Cintra,False
g14099,Paulo Jose Ribeiro da Silva,Coronel Paulo Ribeiro,False
g1410,Carolina Malavazzi Galvão,Dra. Calu - Coletiva Plural,False
g14100,Leonardo Malta Mariano,Leonardo Malta,False
g14101,Mauricio Lourenço da Silva,Mauricio Lourenço,False
g14103,Adinaldo Aparecido Lemos Batista,Batista do Mega Fone,False
g14113,Douglas Cleber Virginia,Villa,False
g14130,Rafael Domingos Briense,Rafael Briense,False
g14133,Fernando Alves Tremura Filho,Fernando Tremura,False
g14146,Blay Soares,Professor Blay,False
g14149,Emidio Pereira de Souza,Emídio,False
g14158,Luiz Fernando Brunelli Clemente,Fernando Brunelli,False
g14170,Gilmara Vaz Cardoso,Gilmara da Loja,False
g14184,Karolina Derossi de Oliveira Ribeiro,Karol da Academia,False
g14191,Creusa Aparecida Izidoro,Creusa,False
g14207,Josete Alves Menezes,Josete Advogada,False
g14220,Cleusa Maria Soares,Professora Cleusa Maria,False
g14237,Sergio Henrique Mendes,Serginho Mendes,False
g1426,Roberto Rivelino Toledo,Roberto da Coleta,False
g14261,Simone Alves Ferreira dos Santos,Simone Alves,False
g14266,Daiane Cristina Freire,Daiane do Leco,False
g14307,Maria Neide da Silva,Neide Show,False
g14319,Guilherme Ribeiro dos Santos,Guilherme Santos,False
g14333,Cicero Pedro Petrica,Cicero Petrica,False
g14343,Lindolfo Palhares Ferreira,Lindolfo Palhares,False
g14346,Francisco Telmo Camelo,Cabo Telmo,False
g1435,Alexandre Nunes da Silva,Valber Nunes,False
g14355,João Luiz Vicente,João Luiz,False
g14359,Germano Luiz Ferrari Busato,Professor Germano,False
g14370,Dirce de Souza,Dirce de Souza,False
g14377,Alex Sandro Gomes,Alex Minduin,False
g14397,Danilo Avelino de Aguiar,Danilo Enfermeiro,False
g1440,Celso Justo do Monte,Celso Justo,False
g14428,Gilberto Rocha da Silva,Gilberto Rocha,False
g14431,Luis Eduardo Alvares,Prof. Luis Eduardo,False
g14433,Ana Maria Fraga Ribeiro,Ana Maria Fraga,False
g1444,Severino Pedro Januário,Severo da Cafeeira,False
g14447,Almir Maximiano da Silva,Almir do Milho,False
g14449,Rosa Alves da Silva,Rosa Alves,False
g14458,Luiz Bérgamo,Luizinho,False
g14461,Maria Cristina Briani,Cris Briani,False
g14463,Gislaine Aparecida de Souza Daniel,Gislaine Daniel,False
g14464,Renan Rodrigues de Morais,Renan Morais,False
g14502,Enio Francisco Tatto,Enio Tatto,False
g1451,Mauro Rodrigues,Mauro Rodrigues,False
g1452,Maria Raimunda da Cruz,Maria Cabeleireira,False
g14520,Priscila Elisandra dos Santos Firmino de Melo,Priscila Firmino,False
g14529,Anelise Sales de Sousa,Anelise Sales,False
g14533,Levir Vito de Araújo,Levir Vito,False
g14534,Laércio Lourenço Rosa,Maguila Jardineiro,False
g14536,Sandra de Paula Ferreira,Sandra Ferreira,False
g14540,Maria Aparecida Vieira,Professora Cidinha,False
g14542,José Carlos Aguirre Monteiro,Zeca Monteiro,False
g14550,Maria Isabel Zanzotti de Oliveira,Professora Bel,False
g14562,Aparecido Molina Filho,Molina,False
g14565,Douglas Valter Rodrigues,Douglas Valter,False
g14582,Vanderli Ferreira Dourado,Derli Dourado,False
g14586,Francilda Alves Carvalho,Fran,False
g14592,Georgenis Henrique de Oliveira Soares,Jorjão,False
g14598,Patrick de Sousa Fernandes Brischiliari,Patrick Fernandes,False
g146,Maria Raimunda Fernandes,Maria Manicure,False
g14608,Jodeline Mauricio dos Santos,Jodeline Mauricio,False
g14628,Joao Marcelo Luiz,Professor João,False
g14656,José Cândido Santos Carvalho,Professor Didô,False
g14664,Helena Vieira Moraes,Helena da Vila Sonia,False
g14667,Cristiane Moreira da Silva,Professora Kris,False
g14673,José Roberto Pereira de Mello,José Mello,False
g1468,Edvandro Márcio de Araujo,Vando Araujo,False
g14681,Joilda Paulino do Nascimento Domingues,Jô da Cohab Ii,False
g14682,Silene Lopes de Lima,Silene Lopes,False
g14689,Simone Aparecida dos Santos,Simone,False
g14705,Luciana Aparecida de Aguiar Silva,Luciana Aguiar,False
g14715,Rosemeire dos Santos Ramos,Rose Chocolate,False
g14720,Fatima Regina Medej,Prof. Fatima Medej,False
g14723,Arlindo Maia Gomes,Arlindo Maia,False
g14735,Paulo Silva de Oliveira,Paulinho Anjo Querubim,False
g14753,Wellington de Moraes Coutinho,Wellington do Coletivo Itaquá,False
g14762,Alberto da Silva Nogueira,Alberto Silva,False
g14766,Debora Cristina Teixeira,Prof Debora Teixeira,False
g14769,Valter Luiz Lara,Valter Lara,False
g14783,Emerson dos Santos,Emerson Santos,False
g14788,Monica Cibele Maria da Silva,Monica Silva,False
g14790,Aparecido de Jesus Magalhaes,Aparecido,False
g14809,Heleno Bispo de Oliveira,Shell do Areião,False
g14816,Estelita Borges dos Santos,Professora Estelita,False
g1482,Maria Rosa da Silva,Rosa do Pt,False
g14822,Luiz Carlos Fenerick,Luiz Carlos Japonês,False
g14843,Cristiano Ribeiro Barbosa,Breu,False
g1486,Davi Luis Neves,Davi Luis,False
g14887,Antonio Wilson Gomes da Silva,Antonio Wilson Totó,False
g1489,Clarice Della Nina Lopes,Clarice Lopes,False
g149,Dejanir Neves Dourado,Deja do Leite,False
g14910,Tiago Roberto de França,Pakote França,False
g14915,Antonia Lucia Pereira,Lucia Galvao,False
g14919,Valdinei Aparecido de Almeida,Biro Biro do Longa Vida,False
g14920,Gabriel Aparecido Gomes da Silva,Gabriel Silva,False
g14933,Suelen Cristina dos Santos,Nala Suê,False
g14934,Edmar Marcondes de Toledo,Edmar da Van,False
g14937,Lucileia Siqueira dos Santos,Leia Siqueira,False
g14940,Jacqueline Carneiro Barth Matos,Jacqueline Barth,False
g14964,Jose Ramalho Leite,Zé Ramallho,False
g1497,José Ricardo Benedito,Zé Ricardo Zóio de Sapo,False
g14972,Jacinto Pinheiro Neto,Jacinto,False
g14982,João Muniz,João Rei da Cocada,False
g14986,Mikael Simões de Oliveira,Mikael Oliveira,False
g14989,Ana Carla Navarro Paulino,Ana Carla  Adi,False
g14991,Lindinaldo Martins dos Santos,Lindinaldo Santos,False
g14994,Mario Rosa de Lima,Mário Rosa de Lima,False
g15002,José Ferreira da Silva,Zé das Cadeiras,False
g15013,Jandyra Massue Uehara Alves,Jandyra Uehara,False
g15024,Josue de Souza Santos,Josue de Souza Santos,False
g15026,Camila Gorete da Silva,Camila Silva,False
g15034,Carmen Leslaine Araujo,`Professora Carmen,False
g15042,Baltasar Rosa da Silva,Baltasar,False
g15046,Antonio Carlos dos Santos,Abacaxi da Lanchonete,False
g15053,Jose Henrique Genesio,Henrique do Pt,False
g1506,João Antonio de Moraes Neto,Alemão,False
g15068,Natalino Donizeti Ribeiro de Lima,Natalino da Conferência,False
g15073,Naider Tadeu Porcel,Professor Naider Porcel,False
g15081,Isabella Aparecida Lopes de Mello,Isa Lopes,False
g15084,Veralucia Freitas Barreto Rocha,Professora Vera,False
g15085,Expedito Bento da Silva,Expedito,False
g15087,Luciano Garcia,Luciano Garcia,False
g15089,Barbara Amaral da Silva,Prô Barbara,False
g15104,Eduardo de Macedo Cunha,Eduardo Cunha,False
g15105,Ailton da Paixão Ferreira Nunes,Ailton do Gesso,False
g15108,Julio Aparecido Lizardo,Julio da Educação,False
g15112,Marcos Jeferson Pedro,Marcos Pedro,False
g15120,Cirineu Ferreira da Silva,Cirineu,False
g15127,Francisco Oliveira Santos,Francisco,False
g15139,Cristina Aparecida Garcia dos Santos Reis,Cristina Garcia Reis,False
g15142,Clóvis Carlos da Silva,Kavas,False
g15143,Jeronimo Ferreira de Souza,Jeronimo da Vila Baiana,False
g15147,Marcia de Morais Crepaldi,Marcia Crepaldi Enfermeira,False
g15149,Orlando Soares Ferreira,Orlando Soares,False
g15189,Jarrie Barbosa Santos,Jarrie Barbosa,False
g15208,Maria Dias da Silva,Maria Dias,False
g15224,Maria Rosa Lazinho,Rosa Lazinho,False
g15228,Antonio Carlos Guerra Junior,Juninho Assistente Social,False
g15240,Sebastião de Araujo Vieira,Tião,False
g1525,Walmir Tavares Bongiovane,Walmir Fioco,False
g15253,Edileuza de Souza Batista Campos,Dinha das Verduras,False
g15262,Expedito Gaspar da Silva,Maggayver Expedito,False
g15263,Érica Cordeiro Miranda dos Santos,Érica,False
g15285,Heber Luís de Souza,Professor Hebinho,False
g15290,Wilson Pereira Santos Junior,Tiurso,False
g15294,Jean Henrique Pedro,Jean Pedro,False
g15297,Maria Angélica Zanqueta Pereira,Professora Angélica Zanqueta,False
g153,Elcio Capareli,Elcio do Censo,False
g15307,Antonio Francisco Maia de Oliveira,Chico Maia,False
g15309,Claudio de Oliveira,Coronel Cláudio,False
g15321,Charles Francisco de França,Charles França,False
g15337,Djalma Benedito Mathias,Professor Djalma,False
g15340,Marcos Donizete Gonçalves,Marcos Donizete Boi,False
g15343,Delfino Lima de Jesus,Lima,False
g15348,Antonia Xavier Guedes,Sandra Guedes,False
g1535,Luis Especiato,Professor Luis Especiato,False
g15354,Vicente Gonçalves Martins Júnior,Baninho,False
g15355,Judith Ferreira Pinto,Juh Ferreira,False
g15361,Júlio César Dias da Costa,Júlio Cesar do Conselho,False
g15366,Diogo Archanjo,Diogo Archanjo,False
g15374,Claudia Snell de Melo,Claudinha do Pt,False
g15390,Francisco Carlos Iano,Chico Iano,False
g15398,Laírton Martins de Oliveira,Laírton do Mst,False
g154,Rogério Ramos Figueredo,Roges Figueredo,False
g1543,Fernando Aparecido da Silva,Fernando Sucata,False
g15443,Claudemir Rodrigues da Costa,Dene do Barreiro,False
g15463,Sandra Aparecida Cordeiro,Sandra Cordeiro,False
g15469,Jose Alves Bonfim,Jose Alves,False
g15481,Adauto Aparecido Scardoelli,Adauto,False
g15490,Donisete Antonio Corrêa Barbosa,Donisete Lilico,False
g15509,Mauro Antonio de Brito,Mauro Verdureiro,False
g15517,José Osmar da Silva,Jose Osmar Bigode,False
g1555,Hilda Rodrigues Lima,Hilda do Restaurante,False
g15557,Gelsiane Santana da Silva,Josy Cabeleireira,False
g15564,Maciel Rogerio Alves,Maciel Alves,False
g15568,Maria de Fatima dos Santos Cupertino,Fatima Santos,False
g15572,Viviani Vieira da Silva,Engenheira Viviani Vieira,False
g15575,Barnabé Rodrigues de Oliveira,Barnabé,False
g15577,Luis Henrique da Silva,Ricoluis,False
g1560,Sidnei Carlos Leal Dias,Sidnei,False
g15605,Juliana Cardoso,Juliana Cardoso,False
g15609,Joao Paulo Rillo,João Paulo Rillo,False
g1561,Lourdes Donizete Gomes de Oliveira,Lurdinha,False
g15629,Amarildo César de Oliveira,Amarildo,False
g15635,Elinaldo Ribeiro Vieira,Elinaldo,False
g15637,Yasmim Hemily Mendes da Silva,Yasmim Hemily,False
g15639,Silvana Santos Silveira,Silvana Silveira,False
g15654,Raniere Alves Aciole de Morais,Raniere Aciole,False
g15662,Vera Lucia de Santana,Vera Baiana,False
g15664,Abigail Dias Moraes,Abigail,False
g15685,Maria de Lourdes Barbosa,Maria de Lourdes,False
g15689,Luiz Carlos Dias de França,Carlinhos França,False
g15691,Gilberto Barbosa da Silva,Beto Carroceiro,False
g15692,William de Lucca Martinez,De Lucca,False
g157,Viviane Lima de Sousa,Vivi Vieira,False
g15700,Flavio Roberto da Cunha,Flavio Cunha,False
g15747,Sebastião Nicomedes de Oliveira,Tião Nicomedes,False
g1575,Luciane Cristina Rodrigues,Luciane de Rodrigues,False
g15772,Reginaldo Nascimento de Oliveira Leal,Régis Nascimento,False
g1579,Sandro Roberto da Cruz,Professor Sandro Sanzurc,False
g15793,José Américo Ascêncio Dias,José Américo,False
g15795,Antonio Altamir Ferreira,Gaucho,False
g15802,Almira de Melo Farias,Miriam,False
g15808,Claudete Alves da Silva,Claudete Alves Coletivo Vozes,False
g15815,Antenor de Sousa,Irmão Antenor,False
g15820,Julia Ester de Moura Brito,Julia Moura,False
g15823,Marcia Silva de Almeida Silva,Marcinha,False
g15839,Matheus Amancio Piotto,Matheus Piotto,False
g15840,Enio Pereira dos Santos,Enio Santos,False
g15841,Edson Luiz dos Santos,Edson Santos,False
g15857,Maria Angelica dos Santos,Angelica,False
g15859,Floracir Lins de Oliveira,Flora,False
g15871,Roseneide Soares da Silva,Neide do Transporte Escolar,False
g15872,Jonas Rodrigues Alves,Jonas,False
g15879,Caio Aschermann de Almeida Braz,Caio Aschermann,False
g15888,Fabio Gomes Soares,Fabio do Kuxixo,False
g15896,Cheizon Tavares Manoel,Cheizon,False
g15904,Tiago Braga Francisco,Professor Tiago Braga,False
g15905,Rosiane Aparecida da Silva Trigo,Rosiane Trigo,False
g15914,Celio Ferreira,Celio Ferreira,False
g15928,João Victor de Oliveira dos Santos,João do Pc do Paiol,False
g15940,Russel Langel de Lima,Russo Baiano,False
g15947,Sebastião Aparecido de Oliveira Reis,Reis,False
g15961,Daniel Mauricio da Silva,Daniel Mauricio,False
g15965,Paulo Antonio Piffer Junior,Paulinho da Dengue,False
g15995,Marisa Higina da Silva,Marisa da Comunidade,False
g16003,Heleno de Oliveira Bezerra,Huga Huga,False
g1601,Rosineire Aparecida de Oliveira Gonçalves,Meire,False
g16013,Akiyki Ode Tolentino Leite,Akiyki Ode,False
g16016,Nilto Ignacio Tatto,Nilto Tatto,False
g16020,Francisco Rogel de Souza Neto,Chicao da Vila Volpi,False
g16035,Maria Edneusa da Silva Santos,Neusa,False
g16040,Fani Almeida de Andrade,Fani,False
g16045,Felipe Forato Pereira,Felipe Forato,False
g16064,Wellington Roberto Costa Silva,Wellington Testa,False
g16069,Cicera Damazio de Albuquerque,Cissa Albuquerque,False
g1607,Lucas Campos Patricio,Lucas,False
g16072,Vagner Marques Luiz,Vaguinho Luiz,False
g1608,Florinda da Silva,Flor,False
g16092,Reverton Expedito da Silva,Noninho,False
g16121,Maria de Carvalho Farias Sabino,Maria da Rodeio,False
g16129,Renato Luis Albanes,Renatinho Albanes,False
g16132,José Alexandre Pena Devesa,Zé Alexandre,False
g16134,Benedito Ursulino dos Santos,Dito Maozinha,False
g16142,Luciano Alexandre de Araujo,Luciano do Abilio,False
g16166,Adriel de Oliveira Nascimento,Professor Adriel,False
g16172,Maria Eloina Lima Schultz Dias,Helo da Radio,False
g16188,José Giacomo Baccarin,Baccarin,False
g1620,Edilson de Oliveira Lima,Edilson Lima,False
g16203,Alan Kazuo Modolo Sagayama,Alan Sagayama,False
g1623,Geraldo Jeremias dos Santos,Geraldo,False
g16232,Sergio Roberto D Angelo,Serjão do Pt,False
g16237,Rosilene Maria Sabbatini,Professora Rose Lanche,False
g16268,Edison Evaristo Vieira Junior,Edison Evaristo  Edinho,False
g1628,Sandra Cristina dos Santos,Sandra Santos,False
g16312,Ildete Fernandes de Souza Jorge,Ildete,False
g16322,Paulo Pereira da Silva,Paulo Granada,False
g16336,Sueli Aparecida Antonio,Sueli da Circular,False
g16339,Adriano dos Santos,Dr. Adriano Santos,False
g16362,Paulo Henrique Turcatti,Paulo Turcatti,False
g16367,Espedito Pereira de Lima,Espedito Lulinha,False
g16375,Dominique Bueno Garuffe,Dominique Garuffe,False
g16384,Luiz Gilberto Piccoli,Professor Piccoli,False
g16399,Margarete Walter Pereira,Margarete,False
g16404,Helio de Souza,Hélio de Souza,False
g16405,Cristian Rafael de Sousa,Rafael,False
g16414,Jorge Felipe Silva Mendonça,Jorge Mendonça,False
g16417,Fabio Selles Ribeiro,Fábio Selles,False
g16429,Cristina Aparecida Dias Pereira,Negra Cris do Pt,False
g16430,Alessandra Oshiro Ceregatti,Alessandra Oshiro,False
g16431,Simone Eliza Marcondes,Simone Marcondes,False
g16456,Regina Albano da Silva,Regina Albano,False
g16462,Francimar Lira de Sa,Cima Calha,False
g16465,Robson Vigato Donato,Robson Vigato Donato,False
g16478,Thais Baptista Mistura,Thais Mistura,False
g16484,Helio Batista Veloso,Helio Veloso,False
g16490,Jhony Emanuel Ferreira de Lima,Jhony Lima,False
g16511,Pedro Modesto Ferreira,Pedro Modesto,False
g16522,Cicero Neto Filho,Cícero do Pt,False
g16530,Alvanir Evangelista,Irmão Vaninho,False
g16545,Maria Madalena Sepulveda Grogorio da Costa,Marlene do Micuim,False
g16554,Jair  Jose Tatto,Jair Tatto,False
g16555,Evandro Marcos Morandi,Evandro Morandi,False
g16561,Edgar Martins Filho,Professor Edgar Martins,False
g16569,Maria Rosária Silva da Rocha,Rosária do Buré,False
g16584,Eni Fernandes,Eni Fernandes,False
g16594,Everaldo Antunes de Lima,Everaldo do Eurico,False
g16600,Paulo Bururu Henrique Barjud,Paulinho Bururu,False
g16601,Silvia Andreia dos Santos Silva,Silvia da Reciclagem,False
g16618,Maria Antonia da Cruz Bartolomeu,Tonha do Mato Dentro,False
g16622,Letícia Bandoni Tatiyama,Letícia Bandoni,False
g16624,Lilian Barbosa Jabur,Lilian Jabur,False
g16666,Mario Augusto da Silva,Marinho Silva,False
g16667,Antonio Francisco Araujo de Almeida,Rapadura,False
g16670,Aparecido Mobile Filho,Cidoca,False
g16677,Silvino Vieira de Amaral,Teco da Shopee,False
g16684,Romildo Antonio da Silva,Romildo Antonio,False
g167,Jacqueline de Campos Medeiros,Jaque Medeiros,False
g16712,Givanildo Galindo da Silva,Shell Galindo,False
g16718,Jose Antonio dos Santos,Alex do Frete,False
g16723,Enoc Santiago Silva,Enoc,False
g16745,Cristian Gomes,Professor Cristian,False
g16749,Samuel dos Santos,Samuel Santos,False
g16758,Felipe Eduardo de Oliveira Salvioni,Dudu Oliveira,False
g16762,Marilza Gonçalves Mendes,Professora Mariza Formiguinha,False
g16774,Cesario Valdomiro Machado,Valdomiro Machado,False
g16777,Leandro Pimenta da Silva,Leandro Pimenta,False
g16781,Antonio Carlos Domingos,Paulo Sardinha,False
g16788,Aparecido Donizete Amado,Amado do Táxi,False
g16789,Anivaldo Ribeiro Dutra,Nivaldinho da Vila Mazzei,False
g16797,Sergio Luis Aparecido Furtado de Avila,Professor Sergio Avila,False
g16807,Silza Helena da Silva Martins,Silza Helena,False
g16831,Sidnei de Lima,Nei,False
g1686,Fábio Henrique Granados Sardinha,Fábio Sardinha Mandato Popular,False
g16863,Geovah Nogueira da Silva,Geovah,False
g16871,Liu Soares Costa,Liu da Lotação,False
g16880,Carlos Alberto Santa Rosa Filho,Carlinhos Santa Rosa,False
g16902,Fabiana Cristina Xavier,Fabiana Xavier,False
g16910,José Olímpio de Sousa Rocha,Mello Rocha,False
g16924,Marcos Roberto da Silva,Marquinhos Piolho,False
g16930,Petronilia Pereira de Castro,Petronilia,False
g16939,Romildo Gervasio,Campeão,False
g16941,Simoni Aparecida de Oliveira,Simoni,False
g16951,Benício Alves Filho,Benicinho,False
g16955,Josue Amador da Silva,Josué Amador,False
g1696,Nairan D Assumpção Ballesta,Professor Nairan,False
g16960,Geraldo Simão Ribeiro,Geraldo Simão,False
g16962,Antônio Caetano da Silva,Caetano Silva,False
g16964,Marta Guedes de Morais dos Santos,Marta Guedes,False
g16966,Scheila Fernandez de Almeida Clássere,Professora Scheila,False
g16975,Luis Eduardo Costa Alves,Luisão da Ambulância,False
g16997,Selma Alves dos Santos de Mello,Selma Mello,False
g17000,Jean Carlos Antônio dos Santos,Jean,False
g17002,Claudio Roberto de Oliveira,Claudio Garrafão,False
g17003,Francisco Aparecido dos Santos,Cido Deja,False
g1701,Daniel Neres de Jesus,Daniel Neres,False
g17010,Constancia Regina Silva,Prof Constancia,False
g1703,Luciana Bonosque Figueiredo,Luciana Figueiredo,False
g17035,Agnaldo de Jesus Barbosa,Agnaldo Barbosa,False
g17042,Waléria Lira de Oliveira,Waléria Lira,False
g17047,Valesca Leandro Castro de Souza,Frailan,False
g17049,Belchior dos Reis Patricio,Belchior dos Reis Bazar,False
g1705,Jucineia Aparecida dos Santos,Tuca,False
g17059,Sebastiana Aparecida Rocha Ferreira,Aninha,False
g1706,Jucelindo Dias de Andrade,Jucelino das Arvores,False
g17067,Nazaré Aparecido Custódio da Silva Oliveira,Nazaré Vergel,False
g17071,Thiago de Souza Castro,Professor Thiagão,False
g17074,Jose Aguinaldo dos Santos,Aguinaldo,False
g17091,Marcio Roberto de Oliveira,Márcio,False
g17097,Márcio Luiz Gusmão Coelho,Márcio Coelho,False
g171,Normando Costa de Andrade Filho,Normandy Pantera Negra,False
g17103,Antonio Amaral Junior,Toninho do Pt,False
g1711,Cauã Campos de Souza,Dr. Cauã,False
g17117,Bruna Moreira Garcez,Bruna Garcez,False
g17119,Marcelo Richardes Andrade,Marcelo Richardes,False
g17120,Mariana Rosseto Santos,Professora Mariana,False
g1713,Sidnei da Silva,Sidnei da Fita,False
g17142,Jose Maria Lopes de Oliveira,Zé Maria,False
g1715,Getúlio Batista de Andrade Junior,Juninho Getúlio,False
g17159,Reinaldo Luiz Batista,Re Carteiro,False
g17170,Vinicius dos Santos Pereira,Vinicius Pereira,False
g17172,Iracy Rodrigues Leal,Iracy Leal,False
g17174,Rosivaldo de Paula,Rosivaldo da Coapar,False
g17186,Demenciano Silveira dos Santos,Gaúcho do Pt,False
g17189,Vãnia Mara Garcia,Professora Vânia Garcia,False
g17196,Danila Silva Costa,Danila,False
g17206,Luis Vanderlei Larguesa,Vanderlei Larguesa,False
g17212,Robson Jean Riqueza,Jean Moto Taxi,False
g17216,Bruno Henrique Castelo Branco Arena,Bruno Arena,False
g17223,Rita Silverio,Rita do Vale,False
g17233,Rosemeire Forato,Rose Forato,False
g17244,Ana Paula da Silva,Paulinha,False
g17266,Cássia Pinheiro Freitas,Cássia do Aliança,False
g17277,Andre Brambilla da Costa,Andre Brambilla,False
g17279,José Aparecido Ramos,Zé Carteiro,False
g17289,Rute da Silva Hessel,Prof Ruth Hessel,False
g17296,Luciano Jurcovichi Costa,Luciano Lub,False
g17300,Joao Pereira Monteiro,Joaozinho do Julio de Mesquita,False
g17306,Edilson Moraes da Silva,Edilson Moraes,False
g17314,Andrea Uchoa de Oliveira,Andrea Uchoa,False
g1732,Tiago Soares da Silva,Tiago Sherek,False
g17320,Rosana Emilia Gaspar,Rosana Gaspar,False
g17324,Maria Amélia Domingues,Dona Amélia,False
g17337,Arlindo Leite,Arlindo Leite,False
g17339,Danilo Araujo Sant Ana,Buiu Amigão,False
g17344,Adrialbi Reginaldo Monteiro,Rejão Fashion,False
g17353,Daniele Lima de Santana,Danny,False
g17354,Josevan de Carvalho,Vanzinho Carvalho,False
g17362,Eduardo Matarazzo Suplicy,Eduardo Suplicy,False
g17373,Vladimir Sergio Guilherme,Vladimir Guilherme,False
g1738,Ana Lucia Lippaus Perugini,Ana Perugini,False
g17381,Bruno Silva do Nascimento,Bruno Silva,False
g17384,Vivian Aparecida Euzebio Malaio,Vivian Malaio,False
g17386,Rosangela Guaraciaba Costa Santos,Rosângela Guaraciaba,False
g17408,Luiz Rosalino,Luiz Rosalino  Véio de Igaraí,False
g1741,Elaine Cristina Ferracini,Elaine Enfermeira,False
g17416,Elias Adelino Framesqui,Professor Elias,False
g1742,Vinicius da Costa Vaz,Professor Vinicius Costa,False
g17422,Dilton da Conceição dos Santos,Diltão,False
g1743,Jorge Luis de Sousa Gomes,Jorginho Minhoca,False
g17447,Jorge Luiz Borges Leite de Campos,Jorge New da Hora do Leite,False
g17459,Priscilla Custódio Silva,Priscillapreu Negraloira,False
g17473,Mauricio de Figueiredo Borges,Mauricio Borges,False
g17474,Fabiano Laperuta,Fabiano Fininho Laperuta,False
g17475,Hilda Maria da Silva,Hilda do Ovo,False
g17478,Fabio Gonzaga da Cunha,Professor Fabio,False
g17509,Eva Aparecida Ribeiro Camargo,Eva Ribeiro,False
g1751,Libia Gessica da Silva Porto,Libia Porto,False
g17513,Manoel Juvenal da Silva,Manoel Carreteiro,False
g17517,Mauro da Silva,Mauro Silva,False
g17534,Joao Batista Pinheiro Santos Filho,Joao Batista,False
g17543,Marcelo Foratini,Zero Bala,False
g17549,João Adalberto dos Santos Pereira,João Baiano,False
g1755,Carlos Alberto Pinheiro de Souza,Arquiteto Carlos Pinheiro,False
g17558,Valdir Martins de Souza,Marrom do Pinheirinho,False
g17560,Thiago Henrique Dias Serpa de Oliveira,Thiago Serpa,False
g17578,Clovis Aparecido de Oliveira,Clovis Oliveira,False
g17585,Anair Patrícia dos Santos Silva,Patrícia da Serralheria,False
g17595,Antonio Carlos Moreira,Parana,False
g1762,Paulo Sergio dos Santos,Paulão,False
g17627,José Geraldo de Souza,José Geraldo,False
g17652,Enilza Mercedes Amador Galindo,Nilza Galindo,False
g17680,Luan Ribas Nogueira,Luan Pedreiro,False
g17685,Antonio Carlos do Nascimento,Antonio Carlos da Habitação,False
g1769,Gustavo Olympio Romeiro Ramos Mello,Gugu Mello,False
g17690,Franciele Machado,Fran Machado,False
g17701,Ines Vitorio dos Santos,Ines Vitorio,False
g17707,Adalberto de Carvalho Branco,Betinho,False
g17714,Raimundo Nonato Miranda dos Santos,Nonato da Construção Civil,False
g17718,Ivanilton de Araujo Santos,Cabelo do Pt,False
g17728,Manoel Consoni,Totó,False
g17729,Vanessa Dias Paião,Vanessa Paiao,False
g17749,Paulo Sergio Pasquini,Dr. Paulo Pasquini,False
g17750,Camila Alves Casagrande,Camila Casagrande,False
g17754,Gervani Gonçalves dos Santos,Jô da Radio,False
g17755,Isabel Cristina Arcanjo Riqueti,Isabel Cristina,False
g1776,Emerson Jose Righi,Professor Emerson Mia,False
g17765,Luiz Marinho,Luiz Marinho,False
g17786,Vilma Aparecida Santana Rosa,Vilma da Saúde,False
g1780,Daniel Dias Pereira,Coronel,False
g17804,Rosadete Rodrigues e Silva,Rosa Rodrigues,False
g17815,Valdemir Henrique,Valdemir Henrique,False
g17825,Amanda Machado de Jesus,Tia Amanda da Educação,False
g17828,Eduardo Marchiori Leite da Silva,Eduardo Leite,False
g17834,Skalabrynny Sulferynno Cardoso Valério da Silva,Skalabrynny Sulferynno,False
g17857,Euclides Marques,Marquinho Companheiro,False
g17860,Edevaldo de Oliveira Aparecido,Ede,False
g17867,Antonio Carlos da Silva,Toninho da Lanchonete,False
g17869,Monica Maria de Lima Nogueira,Dra. Mônica,False
g17872,Antonio Alves de Oliveira,Antonio Alves de Oliveira,False
g17875,Julio Cesar de Andrade,Julio Piriquito,False
g1788,Maria Iraides da Silva,Ninica Silva,False
g17880,Dirce Ropero Fermiano,Dirce Ropero,False
g17882,Cleide Mirian Freire de Jesus Bremer,Cleide Bremer,False
g17884,Fernanda Mendes Prado,Fernanda Prado,False
g1789,Alberto Carlos Andreone de Souza,Albert Andreone,False
g17890,Claudemar Alvarenga de Sousa,Meio Kilo,False
g17900,Sebastião Macedo Pereira,Tião Macedo,False
g1791,Rogerio Castejon,Dr Rogerio Castejon,False
g17918,Bernadete Cristina de Oliveira Moraes,Profa Berna,False
g17919,Helder Souza Lima,Prof e Dr Helder de Souza Lima,False
g17926,Ana Maria Duarte dos Santos,Vó Ana,False
g1793,Ana Luiza Batista Barbosa,Ana Luiza,False
g17936,Dejanira da Silva Avelino,Deja Avelino,False
g17940,Evanildo Daniel dos Santos,Doquinha,False
g17943,Erik Carlos da Silva,Erik,False
g17945,Deusdete Bispo da Silva,Prof Deusdete,False
g17948,Maria Madalena de Morais,Madalena Val Luciano,False
g17951,Cristiano Alves Souza Cruz,Cristiano Alves do Sindicato,False
g17980,Fabiano Edirlei Amaral,Fabiano Amaral Poço Artesiano,False
g17985,Marcelo Gimenez Bernardes da Silva,Dr Marcelo Gimenez,False
g17991,José Lima dos Santos,Zé Lima,False
g17994,Luis Flávio Dias,Luís Flávio Flavinho,False
g17996,Dirce Candido,Dirce Candido Mais Coletivo,False
g17997,Sheila Moura Rosa,Sheila Petista,False
g18019,Leonice da Silva,Nyce do Bar,False
g18029,Raquel Diniz Campos,Raquel Diniz,False
g18034,Gilberto Antônio Luiz,Dr Gilberto,False
g18048,Sirlene Almeida Camargo,Sirlene,False
g18049,Sidney Alves de Souza,Ney da Creche,False
g18053,Aparecido Ferrari,Cido Ferrari,False
g18055,Nicodemos Neves Sena,Nicodemos Sena,False
g18062,Francisco Paulo Costa Silva,Paulinho Costa,False
g18067,Gilvan dos Reis Sousa,Gilvan,False
g18082,Luan Townsend dos Anjos Lopes,Luan Lopes,False
g18096,Geraldo Daniel Alves Bosso,Daniel Bosso,False
g181,Aparecido José Ramos,Zezinho do Pt,False
g18106,Gilson Jose Luiz de Moraes,Gilson Moraes,False
g18108,Osvaldo Ferreira Melo,Osvaldo Melo,False
g18109,Fernando Henrique Piardi,Drão da União Veículos,False
g18116,Marco Antonio de Souza,Marquinho do Sindicato,False
g18119,Paulo Cesar Rodrigues da Silva,Professor Paulo César,False
g18123,Tania Maria Guirão de Lima,Tania Guirão,False
g18125,Iara Castro Lourenço,Iara Castro,False
g1813,Marli Aparecida Candido Bonato,Marli Bonato,False
g18135,Jaime Galindo,Jaime,False
g18139,Celina Aparecida Steidel,Celina Fisioterapeuta,False
g18147,Valter Gomes dos Santos,Valter Cabeleireiro,False
g1815,Caio Fernando Aguiar,Caio Aguiar,False
g1816,Thalita da Silva Carvalho,Thalita do Mst,False
g18171,Lilian Dionizio Alves,Lilian Dionizio,False
g18192,Nelson Gonçalves Campos Filho,Nelson Triunfo,False
g18194,Reinaldo Moraes dos Santos,Paraná do Sindicato,False
g18222,Weder Filippe dos Santos,Eder da Saúde,False
g18231,Carlos Jose Bueno,Carlos Bueno,False
g18236,Sidney Domingues de Oliveira,Sidney da Raia,False
g18243,Ana Paula Roque dos Santos,Ana Paula Roque,False
g18245,Veralice da Silva,Vera do Adauto,False
g18266,Rosalba Ramos Reis,Professora Rosalba,False
g18278,Armando José Cassemiro de Mesquita,Armando,False
g18284,Flavio Alexandre de Souza,Flavio do São José,False
g18289,Brigida Pianta Fernandes,Brigida,False
g18298,Ana Cristina Lopes,Ana da Enfermagem,False
g18310,Maria Aparecida Cardoso de Oliveira,Maria do Belo,False
g18315,Carlos Alberto Mendes,Palhaço Pirulito Carlos Mendes,False
g18324,Adelina Costa Dinalli,Adelina Dinalli,False
g18345,Rodney Francisco Rocha,Dr Rodney Rocha,False
g1835,Edione Aparecida Castao,Prof. Edione Castao,False
g18352,Miguel Quessada,Miguel Quessada,False
g18355,José Antonio Brás da Silva,Raposão,False
g18363,Eliseu Vaz da Silva Cavalcante,Eliseu,False
g18367,Carlos Bernardino de Oliveira,Bernardino,False
g18397,Dionizia Aparecida Pereira de Godoy,Nena Godoy,False
g18398,Rosineia Maria da Silva dos Santos,Néia,False
g18412,Cícero Santos Quirino,Juruna,False
g1842,Fabio Leite de Oliveira,Fabio Leite,False
g18422,André Ricardo Cordeiro,André Cordeiro,False
g18429,Júlio Eduardo de Lima,Julinho,False
g1843,Lorival Santana,Dola,False
g18434,Roberto Silva,Roberto Passarinho,False
g18453,Amauri Pereira da Silva,Amauri Silva,False
g18463,Maria Ines Gonçalves Araujo,Maria Ines,False
g18469,Fatima Aparecida Gradim da Silva,Fatima Gradim,False
g1847,Clauber Valentim Lindolfo,Clauber,False
g18509,Darlene Aparecida Rafael,Darlene Rafael,False
g18523,Fausto Junior Stopa,Fausto,False
g18545,Maria Gabriela de Moura Rosa,Biela da Landinha,False
g18553,Márcia Maria Gomes da Cruz,Márcia - Coletiva de Mulheres,False
g18562,Adnei Brandão dos Santos,Adnei Batoré,False
g18577,Valéria dos Santos Machado,Professora Valéria,False
g18595,Francisco França da Silva,Francisco França,False
g18597,Jaime Cunha,Jaime Cunha,False
g186,Nelson de Oliveira Rozario,Nelson,False
g1861,Amarildo Fernandes Bezerra,Amarildo,False
g18618,Zenaide Alves da Silva,Zenaide Alves da Silva,False
g18633,Rui Albano Barbosa,Rui Albano,False
g18648,Rosa Maria Barreto Cardoso,Tia Rosa,False
g18657,Carlos Cesar Marcandali,Carlos Marcandali,False
g18658,Maria Vanúbia Oliveira dos Santos,Vanubia do Assentamento,False
g18671,Mateus Costa Ferreira,Dr Mateus Costa,False
g18675,Erika Fernanda Candido,Professora Erika Candido,False
g18683,Daniela Pellizzari Zaneti,Daniela  Pellizzari,False
g18700,Maria Eduarda Alencar Hidalgo,Duda Hidalgo,False
g18706,Carlos Roberto Silva,Romarim,False
g18736,Gineth Isabel Espinoza Gutierrez,Gineth Advogada,False
g18743,Luisa Andrea Defendi Santillo,Luisa Santillo,False
g18764,Marco Aurelio Barbosa,Marcão Adf,False
g18772,Nelcilene Batista de Souza,Cilene do Morrinhos,False
g1878,Eduardo José da Silva,Eduardinho,False
g18796,Anelite Souza Silva,Iti da Pop,False
g18800,Cássia Gonçalves de Jesus,Cássia do Pt,False
g18826,Claudia Vieira Muhammad,Professora Claudia,False
g18834,Maria Aparecida Pereira da Silva,Nica,False
g18838,Ricardo Dias Souza,Ricardo Dias,False
g18849,Edson Jerônimo da Silveira,Edson Jerônimo,False
g18866,José Francisco Paulo,José Paulo,False
g18868,Antonio Carlos Qualtieri,Carlos Qualtieri,False
g1887,Marcos Aurélio Basilio de França,Marquinho da Associação,False
g18872,Aparecida Marcuci de Souza de Araujo,Cida Marcuci,False
g18879,Ewerton Roberto Souza de Oliveira,Ewerton Oliveira (Ewe),False
g18881,Jonas Gonçalves Arruda,Jonas,False
g18882,Raildo Alfredo dos Santos,Victor Oliveira,False
g18886,Clarice de Fatima Gouveia,Clarice Gouveia,False
g1889,Carlos Roberto de Almeida Motta,Carlos Motta,False
g18896,Maria de Fatima Francisco da Silva e Souza,Fatima do Bar,False
g18899,Luiz Claudio Marcolino,Marcolino,False
g189,Arnaldo Alves Santana,Arnaldo da Padaria,False
g18900,Elaine Cristina de Sousa Cordeiro,Elaine da Jurema,False
g18901,Marcelino da Silva Torres,Marcelão São Francisco,False
g18905,Francisco José Lopes da Silva,Arquiteto Francisco José,False
g18907,Keila Euzébio Fagundes dos Santos,Professora Keila,False
g18919,Maria Cicera dos Santos,Cicera do Pedrinho,False
g18922,Blener da Costa Ferreira,Blener Costa,False
g18948,Tharcis José Leite da Silva,Tharcis Leite,False
g18954,Marcio Coimbra Massei,Marcio Massei,False
g18975,Rosangela de Fátima Simão,Rosangela Assistente Social,False
g18980,Vinicius Rondina Haccourt,Vinicius Rondina,False
g18987,Terezinha Pontes de Santana,Terezinha da Itaoca,False
g19003,Mariel Oliveira Ventura,Mariel Gusman,False
g19008,José Carlos do Nascimento,Prof.. Zeca,False
g1901,Erilio da Silva,Erilio,False
g19017,Isaias Vieira de Andrade,Isaias do Frango,False
g19022,Sérgio Nunes de Souza,Serjão da Cecap,False
g19027,Francisco Carlos Bernardi,Chico Bernardi,False
g1903,Maria Cristina Vieira Lucas,Maria Cristina,False
g19031,Aparecida Francisca dos Santos,Cida Social,False
g19033,Estela Maris Pinto Alves,Estela Maris,False
g19037,Rosimeire Aparecida Antunes da Silva,Meire Silva,False
g1904,Luiz Adriano Veronezi Magalhães,Pelegão,False
g19056,Karlliny Martins da Silva,Karlliny Martins,False
g19062,Marcos Jose Ferreira,Marcão,False
g19065,Edison de Oliveira,Ferreirinha,False
g19068,Daniel Siqueira,Daniel São Paulino,False
g1907,Gerson de Jesus Prado,Gerson Prado,False
g19095,Marco Antonio Correa,Professor Marcão,False
g19102,Joao da Silva dos Santos,Coro de Sapo,False
g19105,Midiã Uldem dos Santos Nascimento,Professora Midiã,False
g19110,Lea Malaquias Ribeiro,Léa Ribeiro,False
g19116,Aparecida Luiza de Oliveira Silva,Cida do Sacole,False
g19119,Joelma Marisa Sampaio Valentin,Marisa Sampaio,False
g19125,Diego Urcioulli,Diego Urcioulli,False
g19129,Gustavo Tadeu Pinto,Professor Gustavo,False
g19130,Alan Rodrigues,Professor Allan,False
g19135,Joilson Santos Carvalho,Joilson Santos,False
g19147,Izadora Gomes da Silva,Izadora Gomes,False
g19171,Sandra Regina Dorta,Sandra Dorta,False
g19172,Raphael Bonavides de Andrade,Bonavides,False
g19193,Jose Alexandre dos Santos,Jose Alexandre,False
g19196,Oswaldo Osny Figueira Antunes,Dinho do Pt,False
g19205,Jose Bertuol,Prof Bertuol,False
g1922,Gracinda Aparecida Maria da Silva,Gracinda Silva,False
g19232,Marco Antonio Camara de Andrade,Marco Antonio do Rbbc,False
g19240,Joice Aparecida Lopes,Joice da Cooperativa,False
g19248,Benedito Rodrigues,Pastor Dito,False
g19252,Nelson Balbino dos Santos,Nelson Balbino,False
g19264,Renan Augusto Paulino da Cruz,Renan Augusto,False
g19280,Jose Pires da Silva,Jose Pires,False
g19285,Pricila Hadijjia Nunes de Souza,Pricila Nunes,False
g19286,Aline Vitória França Araújo,Aline Vitória,False
g19290,Sidnei Gonçalves de Siqueira,Biscoito,False
g19311,João Aparecido Barra,João Barrá,False
g19316,Benedito Petranski,Dito Petranski,False
g19323,Daniel Esteves de Souza,Prof Daniel,False
g19329,Mário Yukiyasu Teruya,Prof. Mário Teruya,False
g1934,Gabriel Alves de Oliveira,Gabriel de Oliveira,False
g19343,Márcia Maria da Silva Pupo,Marcinha Esperança,False
g19347,Izabel Lucia Geraldo Ferreira,Bel Coletivo das Pretas,False
g19348,Joelma Santos Oliveira,Joelma,False
g19366,Cosmo Jose da Silva,Cosmo Silva,False
g19378,Cicero Rodrigues Leite,Engenheiro Cicero,False
g19379,Valdir Gouveia dos Anjos,Valdir Mano Val,False
g19386,Regiane Marcela Secco,Regiane Secco,False
g19387,Flavia Maria Lombardi,Flavia Taxista,False
g19392,Reginaldo Muniz Teixeira,Dado,False
g19394,Marta Silva Bueno dos Santos,Marta Santos,False
g19408,Gilvan Correia da Silva,Lagoa Jardinagem,False
g19424,Norton Vinícius da Silva Cunha,Norton Cunha,False
g19428,Solange Aparecida Figueiredo Fernandes,Solange da Saúde,False
g19430,Maria Aparecida Hanario de França,Cida do Cci,False
g1944,Julio Roberto Sicard Salomão de Freitas,Professor Julio Salomao,False
g19455,Leonardo Ernesto Rocco Felipe,Léo Rocco,False
g19475,Josefina Falcão,Josefina da Vila Nova,False
g19483,Anderson Luis Sene da Silva,Pandão da Bundy,False
g19487,Rosangela Marcelina Aparecido,Rô do Saciloto Ii,False
g19488,Altamiro Antonio Coelho,Tamiro Coelho,False
g19492,Marcio Rodrigo Alves de Oliveira,Marcinho da Moradia Social,False
g1950,Roberto Melo da Silva,Roberto Melo,False
g19521,Walter Luiz da Costa,Waltinho do Pt,False
g19538,Renildo Souza Batista,Tam da Praça,False
g19544,Rubens Ramos,Rubão do Povo,False
g19548,Jéssica Raimundo de Morais dos Santos,Jéssica,False
g19561,Jacinto Cardoso,Educador Beda,False
g19577,Silvano Aparecido de Oliveira,Silvano Enseada,False
g19596,Claudia Aparecida de Souza,Claudinha do Pastel,False
g19597,Marta Cristina Manji,Marta Manji,False
g19602,Alexandre dos Santos Pinto,Alexandre Xandão,False
g19607,Marcia Cristina Figueira da Silva,Marcia Figueira Mais Coletivo,False
g19610,Ricardo Silva da Cruz,Ricardinho,False
g19614,Sérgio Mauricio,Sergio Trovão,False
g19623,Antônio Silva Marques,Professor Antônio,False
g19625,Walter Luis Evaristo Meirelles,Waltinho Meirelles,False
g19644,Ruberci Batista de Morais,Ruberci,False
g1965,Adriana de Souza,Professora Adriana,False
g19650,Patricia Claudia Aguiar,Patricia Aguiar,False
g19652,Glaucia da Silva Reis,Glaucia Reis,False
g19654,Francisco Afonso Gongora,Tenente Gongora,False
g19660,Oséias da Silva Reis,Oséias Reis,False
g19669,Nilton Ferreira de Sales,Nilton Sales,False
g19673,Orlando de Jesus Santos,Orlando da Cruz Grande,False
g19674,Sandra Arces Delgado,Sandra Arces,False
g19675,José Claudio Isidro da Silva,Cal,False
g1968,Eliezer Lopes de Souza,Potiguar,False
g19691,Natalia Cunha Destro,Natália Cunha,False
g19722,Hendyl Nathaly Pereira Santos,Hendyl da Saúde,False
g19735,Valdemir Munhoz,Valdemir Munhoz,False
g19736,Evanilda Maria Gonçalves de Oliveira,Vanilda Índia,False
g19742,Cleber Antonio de Souza,Clebinho,False
g19748,Pedro Inacio de Campos,Pedro Inacio,False
g19762,Arlindo de Oliveira,Arlindo,False
g1977,Maria Rita da Silva,Maria Rita,False
g1978,Silmara Kanada Cordeiro,Silmara Kanada,False
g19786,Silvana Souza das Neves,Silvana Ferreira A Original,False
g19787,Antonio Roberto da Silva,Robertinho,False
g19795,Ivo José de Oliveira,Ivo da Ferrinha,False
g19796,Dirce Mariano de Aguiar Rosa,Dirce do Rosely Nunes,False
g19797,João Cláudio de Miranda Santos,João Cláudio Cau,False
g1980,Elaine Ribeiro Pinto,Elaine Enfermeira,False
g19807,Ricardo Storino,Storino,False
g19810,Jacson Gomes Santana,Professor Jacson,False
g1983,Paulo Rogerio Pessoni,Paulinho Viskondão,False
g19837,Tiago Fernando Gimenez Martins,Tiago Bidu,False
g19848,Cleuza Aparecida de Morais Biasi,Cleuza da Natureza,False
g19849,Israel Ruivo,Israel Ruivo,False
g19852,Carlos Alberto de Matos,Carlinhos Matos,False
g19860,Genival Souza Conceição,Azulão,False
g19879,Obemayer Angelo Perondi,Erik Wober Perondi,False
g19882,Luiz Fernando Vidal Mina,Fernando da Funeraria,False
g19918,Manoel Antonio da Silva,Prof. Manoel,False
g1992,William Gilberto de Vasconcelos Oliveira,Coletivo Ubuntu,False
g19927,Denis Lazaro Sanches de Carvalho,Denis Sanches,False
g19931,Luis Paulo Martins Ramalho,Luis Paulo Martins,False
g19933,Maria Aparecida Pereira França,Cidinha A Amiga de Sempre,False
g19934,Marcia Angelica Vieira,Márcia da Padaria do Deusdét,False
g19937,Rita de Cássia Segatto,Cássia Segatto,False
g19944,Cleiton Gomes de Lima,Cleiton Filho do Alemão,False
g1997,Marcelo Borges da Silva,Marcelo Cara Preta,False
g19971,Kelly Franciane de Arruda,Kelly Arruda,False
g19981,Marcelo Nobrega da Silva,Marcelo Nobrega,False
g20,Maria Aparecida de Souza Baldini,Cida Baldini,False
g2000,Luis Lopes Alves,Gargamel,False
g20021,Regis Marques Ribeiro,Diretor Regis,False
g20024,Sandra Lúcia Roncolato Vieira Lima,Professora Sandra Roncolato,False
g20030,Rodrigo Francisco Silva,Rodrigo Mar,False
g20031,Admilson Lucio Oliveira,Admilson Oliveira,False
g20052,Robson Fernandes,Robson Fernandes,False
g20059,Joao Alfredo de Oliveira,Joao Alfredo,False
g20060,Alexandro Garcia Ribeiro,Sandro Garcia,False
g20064,João de Lima Machado,João Datai,False
g20067,Amelia Fernanda Viana de Moraes,Amélia Moraes,False
g20076,Maria Euza Guedes da Silva,Euza Guedes,False
g2009,Pedro Valentim Benedito,Pedro Valentim,False
g20097,Jose Delzuito de Oliveira,Dell,False
g20099,Fabio Bispo da Silva,Fabio,False
g20101,Geraldo Masélio dos Santos,Geraldo,False
g20111,Marco Antonio Fogaça de Almeida,Camarão do Gueto,False
g20117,Lucineia Marques,Néia Marques,False
g20118,Anabela Bastos dos Santos,Dra Anabela,False
g20119,Carlos Roberto Ferreira,Batata Mecânico,False
g20129,João Carlos Cardoso,João Carlos,False
g20145,Erick Pereira da Silva,Erick Silva,False
g20146,Luciano de Oliveira Marques,Luciano Menino,False
g20151,Rosangela de Lima,Rosangela de Lima,False
g20160,Fernando Luís dos Santos Zar,Fernando Zar,False
g20161,Reginaldo da Silva,Totta do Novo Bonfim,False
g20175,Jose Reis dos Santos,São Paulino,False
g20177,Josemar Bernardes Andre,Josemar do Sindicato,False
g20179,Maria de Fatima Andrade da Silva Prado,Fatima Andrade,False
g2018,Aparecido Jose Rufino,Cidão,False
g20187,Antonio Carlos Delfino,Tôin Barriga,False
g20194,Jecivaldo Albuquerque Alexandre,Dr Jecivaldo,False
g20200,Maria de Lourdes Nunes Pellegrino,Prof Ju Lourdinha,False
g20223,Ailton Graciano de Campos,Primo,False
g2023,Maria José Leite da Silva,Zezé do Vitória,False
g20243,Alex Pereira Bahia,Alex Bahia,False
g20246,Agnaldo Vitório Ferreira,Agnaldo Cedro,False
g20258,Jaime Dias Tenorio,Jaime,False
g20270,Sonia Regina dos Santos Miranda,Marrom da Vierge,False
g20278,André Dias Dourado,André Dourado,False
g20279,David Jose Feliciano,David Feliciano,False
g2028,Viviane Ferreira de Lima,Viviane Ferreira,False
g20289,Marcus Roberto Mariano,Cuca da Gente,False
g20300,Elisiario Cupertino Ferreira,Elisiario Maximus,False
g20304,Sandra Regina Vieira,Sandra,False
g20319,Maria Marta Cassiano Freitas,Maria Preta,False
g20321,Jose Carlos Barreiros,Barreiros,False
g20327,Henrique Mendes Lucarelli,Professor Henrique,False
g20339,Clarissa Ramos Guimaraes Kimura,Clarissa Kimura,False
g20340,Romildo da Silva Negromonte,Romildo Negromonte Nordestino,False
g20354,Maria Madalena Tavares,Madalena,False
g20358,Vera Aparecida de Oliveira,Professora Vera,False
g20361,Paulo Martins Lopes,Paulo Martins,False
g20365,Keli Cristina Martins,Keli Martins,False
g20373,Claudinei Luiz da Silva,Claudinei,False
g20383,Julio Scarabelo,Julio do Colina,False
g20396,Marilza Eudocio de Araujo,Marilza,False
g20406,Emerson Marcelo Vieira,Marcelo Carteiro,False
g20408,Alessandra Novais de Souza Santos,Missionária Alessandra,False
g2041,Maria Elenilda Mota Sousa,Nilda Mota,False
g20413,Josemar Fernandes Pinheiro,Josemar Fernandes,False
g20418,Marisa Aparecida de Sá,Professora Marisa de Sá,False
g20424,Jose Gervasio Alves dos Santos,Baiano,False
g2044,Maria de Lourdes Galeano,Lu Cabeleireira,False
g20459,Maria Amelia Lopes de Campos Maravieski,Maria Amelia Maravieski,False
g20467,Elisangela Cristina dos Santos,Elisangela Mirta,False
g20472,João Batista Mourato da Silva,João Mourato,False
g20490,Ronaldo Amador,Ronaldo Amador,False
g20506,Alexandre Breviglieri Alves Castilho,Alexandre Castilho,False
g20517,Vivian Pelodan Vieira,Vivian Pelodan,False
g20519,Antonio Darci Moreno,Lambari Pai do Felix,False
g20533,Mario Janio do Nascimento,Mario Janio,False
g20542,Janete Rocha Pieta,Janete Pietá,False
g20545,Joel Antonio Tintore,Joel Pedreiro,False
g20547,Carlos Alexandre de Oliveira,Carlão Catira,False
g20551,Gabriel Augusto de Lara Silveira,Gabriel Lara,False
g20574,Reginaldo dos Santos Rosa,Othelo Rosa,False
g20583,Silvio Jorge Ferreira,Silvio Fordinho,False
g20602,Reginaldo Alexandre Martins,Prof Reginaldo Che,False
g2061,Iraci Santos de Brito Martins,Iraci Brito,False
g20610,Ana Maria Fontana Bernardi,Ana Fontana,False
g20619,Elizabeth dos Santos Fernandes Silva,Lili da Saúde,False
g20642,Afrânio Barreto da Silva,Afrânio Barreto,False
g20644,Sandro Rogerio Leite Gobi,Sandro,False
g20658,Evelyn Silva do Nascimento Vicente da Silva,Evelyn Silva,False
g20667,Adenilson Domingos Ormeda,Denilson da Vistoria,False
g20670,Maria dos Anjos da Rocha Mendes,Marisa do Bar,False
g20690,Francisco Almeida do Nascimento,Chico Almeida,False
g20693,Juarez Bispo Mateus,Juarez Mateus,False
g20696,Nelson Eiiti Murai,Nelson Murai,False
g20698,Tobias Expedito Gasparini,Prof. Tobias Gasparini,False
g20700,Mayara Viana Suzuki Vac,Mayara Professora,False
g20702,Ediomar Jose dos Santos,Diomar da Serraria,False
g20710,Valdeci Donizeti Marques,Tubaca Eletricista,False
g20712,Michele Previero Souza,Michele Previero,False
g20717,Lincoln Cesar Rosa Ferreira,Lincoln,False
g20724,Marta Mariano Fernandes Domingos,Marta Fernandes,False
g20733,Denise Aparecida Januaria Assunção,Denise Assunção,False
g20756,Helbert Carlos de Souza,Sensei Helbert Souza,False
g20766,Renata Cristina Nunes,Renata Nunes,False
g20767,Ademir Lagroteria,Ademir Lagroteria,False
g20772,Julio Cesar Mansani,Jc do Pt,False
g20775,Edma Ribeiro dos Santos Murta Silva,Edna Depiladora,False
g20777,Laudemir de Almeida,Laudemir Ratinho,False
g20784,Cledison dos Santos de Almeida,Gu da Verdura,False
g20794,Marcia Cristina Salvador Melhado,Marcia Melhado,False
g20803,Maicon Oliveira Araujo dos Santos,Maicon Oliveira,False
g20807,Iraedson Jose da Silva,Iraedson,False
g2081,João Caetano,João Caetano,False
g20835,Maria de Lourdes da Silva,Lurdes do Barba,False
g20839,Wendel Abener Santos Souza,Abner da Feira,False
g20841,Givanildo Goncalves dos Santos,Givanildo Gonçalves,False
g20851,Gilberto Jefferson de Barros,Jefferson Barros,False
g20854,Benedito Donizeti Salustiano,Ditinho do Ver e Conhecer,False
g20857,Paulo Celso de Andrade,Paulinho Mioto,False
g20858,Francisca Lopes dos Santos,Tica,False
g20865,Larissa Bernardes Ferreira,Larissa Bernardes,False
g20870,Marcos Rogério de Jesus,Mano Rogério,False
g20879,Alessandro Moreira da Silva,Lapada,False
g20880,Karoline de Macedo Alchapar,Karol Filha do Xuxa,False
g2090,Sabrina Fontinele de Souza,Sabrina Chaverox,False
g20905,Marcelo José Pereira de Camargo,Marcelo Camargo,False
g20918,Misael Acacio Marcondes Vaicêulionis,Misael Marcondes,False
g20934,José Luis Ferrarezi,Ferrarezi,False
g20935,Rosenilton Anorato da Silva,Nilton Anorato,False
g20952,Carlos Roberto Alves,Carlinhos Sind. e Prof e Dinho,False
g20957,Alessandro Lopes,Alessandro Babà,False
g2097,Plinio Garcia de Almeida,Plinio Garcia,False
g21007,Aparecido de Fátima Guerra,Aparecido Guerra,False
g21014,Kelly Pereira Paim da Silva,King Abraba,False
g21018,Izaias Paulista de Oliveira,Belezura,False
g21020,Paulo César Corrêa Custódio,Paulo Custodio,False
g21023,Thiago dos Reis Pereira dos Santos,Thiago dos Reis,False
g21028,Cleber de Oliveira Silva,Cleber Silva Servidor,False
g21037,Walter Costa Silva,Walter Costa Inspetor de Aluno,False
g2104,Paulo Sergio Dantas,Paulo Dantas,False
g21054,Ana Maria Ramos dos Santos,Professora Ana Ramos,False
g21062,Elizete Gomes dos Santos Souza,Barbosinha,False
g21078,Beatriz Boigues,Beatriz Boigues,False
g21087,Marcia Aparecida dos Santos Fonseca,Enfermeira Márcia,False
g21093,Marcelo Jesus Cardoso,Marcelo do Gonçalo,False
g21102,Fernando Rodrigues Brandão,Nando Brandão,False
g21103,Ana Maria Amancia Neves,Ana Neves Mandato Coletivo,False
g21104,Lilian Aparecida Morceli,Lilian Moceli,False
g21136,Cleusa Oliveira Costa,Prof. Cleusa Oliveira,False
g21146,Ana Maria Barbosa da Silva Martins,Ana do Eduardo,False
g21156,Valéria Tayar,Valéria Tayar,False
g21168,Maria Zelia de Abreu Trinca,Zelia Trinca,False
g21172,Givaldo dos Santos,Pelé Givaldo dos Santos,False
g21176,Neucenir Rossi,Cabrita,False
g21178,Rodolfo Antonio Techi,Rodolfo Techi,False
g21180,Claudiceia de Lima Ferreira,Ceceia de Lima,False
g2119,Ana Cristina Cavazone da Silva,Ana Cavazone,False
g21200,Elaine Isabel de Oliveira Francisco,Elaine do Dema,False
g21203,José Aparecido Martins,Zé Gordão,False
g21210,Deneci do Prado Santos,Deneci Prado,False
g21224,Neide de Fatima Cordeiro,Neide,False
g21232,Rogério Antonio Alves,Professor Rogério Alves,False
g21237,Isaltino Cordeiro de Oliveira,Isaltino Cordeiro,False
g2124,Diego Zazieski de Deus,Diego Zazieski do Esporte,False
g21246,Valdir Miguel do Nascimento,Valdir Professor,False
g21248,Angelina Ramos da Silva Oliveira,Hina,False
g21257,Juarez Diogo da Silva,Juarez Diogo,False
g21259,Jederson Ricardo de Oliveira Marques,Tico Variedades,False
g2126,Valdecir Toledo,Nene do Bar,False
g21270,José Carlos da Silva,Zé Pé Na Cova,False
g21272,José Francisco da Silva Damasceno,Zé Lucas,False
g21285,Erasmo Carlos Dias de Oliveira,Erasmo das Casinhas,False
g21287,Lindinalva da Silva e Silva,Nalva,False
g21294,Katia Guerra de Almeida,Katia Guerra,False
g2130,Luiz Pinto da Silva,Luiz Cabeleireiro,False
g21308,Elton Fernando de Lima,Elton da Anzai,False
g2131,Sebastiao Martins dos Santos,Tiãozinho da Ambulância,False
g21314,Marina dos Santos Torres,Marina Torres,False
g21320,Jaqueline Lasarete de Bem,Jaque de Bem,False
g21331,Alessandro Santos Diolino,Alessandro  Santos,False
g21333,Divanete Ribeiro da Silva,Divanete Ribeiro,False
g21359,Edler Antonio da Silva,Edler Trabalhista,False
g21362,Laine Aparecida Santos de Souza,Laine Mãe de Autista,False
g21383,José de Filippi Junior,Filippi,False
g21392,Eduardo Corveloni Junior,Dú Corveloni,False
g21394,Cristiane Aparecida dos Santos Oliveira,Cris Santos,False
g21395,Reginaldo Rogério Raimundo,Reginaldo do Sindicato,False
g21397,Letícia Ribeiro Monteiro Murgo,Letícia Ribeiro Monteiro Murgo,False
g21429,Patricia Delfino da Silva,Professora Patrícia Delfino,False
g21439,Alex Sandro Domingues Santos,Alex,False
g21447,Genilda Sueli Bernardes,Genilda,False
g21452,Mara Regina do Carmo Andrade,Mara Andrade,False
g21456,Jair Mendes Goes,Jair Mendes,False
g21462,Manoel Pereira dos Santos,Preto da Coca,False
g21474,João Adolfo Benk,João Benk,False
g21478,Dilma Guedes de Oliveira,Dilma Guedes,False
g21495,Geraldo Antonio da Silva,Geraldo do Pt,False
g21497,André Luiz Pasqual,Professor Pasqual,False
g21500,Elsa Cicera Pusso da Rocha,Elsa,False
g21510,Heitor Borges Pilarski,Heitor Pilarski,False
g2152,Lucio Dias Batista,Lucio Acougueiro,False
g21525,Edna Alves Ribeiro,Edna Ribeiro,False
g21528,Fernando de Souza,Tatu,False
g21533,Jaime Gomes Ferreira,Jaime,False
g21544,Nilton Natal Libanori,Nilton Libanori,False
g21547,Maria das Dores da Silva Celço,Maria das Dores,False
g2155,Valdomiro Antônio Gomes,Miro,False
g21551,Carlos Alberto Bernardino,Gordinho da Ambulância,False
g21553,Rafael Henrique Pott,Rafael Pott,False
g21556,Jose Aparecido Dornel,Jose Dornel Saravá,False
g21564,Ricardo Rodrigues Jimenez,Ricardo Jimenez,False
g21569,Júlio César Linhares,Júlio Velho,False
g2162,Maurilio Bérgamo,Professor Maurilio,False
g21641,Vivian Oliveira Mendes,Vivi Mendes,False
g2165,Paulo Fernando Paes Landim,Paulo Landim,False
g21658,Daniel Augusto de Aguiar Costa,Daniel Daxuxa,False
g21674,Tifani Caroline Castro da Silva,Tifani Caroline,False
g21682,Ana Paula Paz Ferreira,Paula Paz,False
g21696,Marcos Antonio Rodrigues Izidio,Marquinho Funileiro,False
g21700,Marcio Rodrigues de Lima,Marcio do Orides,False
g21705,Edson Rodrigues de Oliveira,Ditão,False
g21709,Tiago Nogueira,Tiago Nogueira,False
g21723,Elza Alves de Lima,Elzinha da Vila Nova,False
g21724,Sandro Komauer,Guarda Sandro Komauer,False
g21725,Sônia Cristina Beraldo,Sonia Beraldo,False
g21729,Maria Lucia Onishi,Lucia Onishi,False
g21732,Ana Patricia dos Santos Zambom,Professora Ana Patricia,False
g2175,Marli de Souza Alves Freitas,Marli da Locadora,False
g21752,José Carlos Conceição Melo,Baiano da Bucha,False
g21758,João Luiz Rondan Luz,João Grenha,False
g21781,Katia Regina de Paula,Katinha do Moto Taxi,False
g21812,Ademar Donizetti Dutra,Dutra Mecânico,False
g21816,Manoel Alexandre dos Santos Neto,Manoel Sim,False
g21818,Jairo Celso Pereira,Jairão,False
g21820,Juliana Helena Delfino Brito,Juliana Delfino Ju Raizes,False
g21825,José Satil da Cunha,Satil,False
g21828,Santo Aparecido Vicente,Chacrinha Vicente,False
g21830,Carlos Augusto Manetta,Carlos Manetta,False
g21836,Eurípedes Donizeti Firmino,Firmino,False
g21842,Antônio Estevão Rocha,Estevao Rocha,False
g2186,Adilson Henrique da Silva,Adilson Móveis,False
g21869,Wagner Jesus da Cunha,Professor Wagão,False
g21873,Carlos Wilson de Oliveira,Carlinhos,False
g2188,Marcos Antonio Alves de Lima,Marcos da Comunidade,False
g21880,Carlos Alberto Grana,Carlos Grana,False
g21881,Marisol Monteiro de Oliveira,Tia Nina,False
g21892,Kely Aparecida Teodoro,Kely Teodoro,False
g21911,Matheus Lennys Ambrosio de Oliveira,Matheus Lennys,False
g21923,Jair dos Santos,Jair Manga,False
g21926,Thaise Bezerra Pacheco Santos,Thaíse Pacheco,False
g21945,Aparecida Justina da Silva,Cida do Chapeu,False
g21950,Jacqueline Chanel,Jacque Chanel,False
g21986,Joaquim Jorge Moreira de Souza,Joaquim Pedreiro,False
g21990,Marcos de Souza Morais,Marcos Morais - Marcão,False
g22009,Antonio Valdemar Ribeiro,Ratinho do Pt,False
g2201,Tranquilino Carvalho de Souza,Tranculino,False
g22012,Carlos Alberto Pereira Bezerra,Bezerra Carlos,False
g22021,Maria Aparecida  Rocha da Silva Segantin,Maria Rocha,False
g22027,Natalino Gustavo Santana,Nathy Kaspeer,False
g22030,Gracilene Fernandes da Veiga,Cilene Veiga,False
g22036,Patricia Apolinario,Patricia Apolinario,False
g2206,Alexandro Fermiano,Alexandro Fermiano,False
g22087,Tiago Fernando Lima,Tiago Lima,False
g22114,Eros José Alonso,Eros Alonso,False
g22123,Carlos Elias Cesar,Carlos Elias Cesar,False
g22127,Estefalyn Cristina Fracasso Martins,Estefalyn Fracasso,False
g22131,Claudia de Almeida,Claudia de Almeida,False
g22150,Rosilene Pereira da Silva,Rose do Brígida,False
g22175,Ailton Rodrigues Prates,Ailton Prates,False
g22177,João Claúdio de Almeida Barros,João Claúdio Barros,False
g22182,Rodrigo Vicente de Moraes,Rodrigo Capela,False
g22193,Abrahão José Pedro Neto,Abrahão Pedro,False
g22201,Marcelo Rodrigues Ribeiro,Marcelo Ribeiro,False
g22207,Paulo Sergio de Camargo,Bil Tristão,False
g22216,Gustavo Ramos de Macedo,Gustavo,False
g2222,Tauan Rodrigues Oliveira Dias Pereira,Tauan Rodrigues,False
g22229,Andreza Janaina da Silva,Dede,False
g22248,Ismael da Silva Alves,Ismael Alves,False
g22273,Claudemiro Jacintho,Miro do Sindicato,False
g22281,Marcelo Aparecido Souza Mendroti,Marcelo Mendroti,False
g22285,Luiz Carlos Charleaux Junior,Juninho,False
g2229,Silvio Balsi,Gubani Pt,False
g22297,Suelys Ruthe Sousa Figueiredo,Suelys Figueiredo,False
g22298,Flávio Henrique de Souza,Flávio Henrique,False
g22299,Valdemar Correr,Professor Valdemar Correr,False
g223,Laion Manoel Pessatto Siqueira,Laion,False
g22324,Nelsi Rodrigues de Almeida,Nelsi Rodrigues,False
g22326,José Roberto Chagas,Chagas,False
g2236,Eduardo Bispo dos Santos,Eduardo do Derci,False
g22374,Edmilson Luis Muoio,Edmilson Muoio,False
g2238,Raul Felipe Melo Fajardo,Felipe Fajardo,False
g22390,Edson Luís Borges dos Santos,Edson Cebola,False
g22394,Vilson Maria Luiz,Vilson Luiz,False
g22397,Ines da Silveira,Professora Ines,False
g2240,Wagner de Melo Romão,Professor Wagner Romão,False
g22405,Marcelo Pasini Junior,Professor Marcelo,False
g22422,Antonio Maria Andrade Coelho Junior,Antonio Coelho,False
g22437,Amelia Naomi Omura,Amelia Naomi,False
g22438,Rute Teodoro da Silva,Rute Teodoro,False
g2245,Juliane de Jesus Araujo,Ju Araujo,False
g22458,Joao Aparecido Lima,Joãozinho Trinta,False
g2246,Américo Tabian Junior,Américo Tabian,False
g22463,Vanessa Bomtorin de Azevedo,Vanessa Advogada,False
g22464,Paulo Sérgio Bianchi,Paulinho do Bar da 13,False
g22468,Jose Roberto de Oliveira,Beto Barracão,False
g2247,Jose Angelo da Silva,Zezinho da Agrovila Ii,False
g2248,Luiz Antonio da Silva,Prof Luizinho,False
g22495,Sergio Donizete da Costa,Sergio Motorista,False
g22499,Glaucia Alessandra do Amaral,Glaucia Moura,False
g22505,Thiago Basilio de Oliveira,Prof  Thiago,False
g22509,Luiz de Lara Dias,Dlara,False
g22519,Carlos José da Silva Nascimento,Ze Bede,False
g22528,José Ramos de Almeida,Zé Ramos,False
g22552,Vitor Marinho Santos,Leo Vitor Embu,False
g22554,Eleandro Naves,Leandro Paraná,False
g22557,Gabriel Porto Boaventura,Gabriel Boaventura,False
g2256,Milton Donizete de Lima,Miltinho Lara,False
g22560,Regina Peixoto da Silva,Regina Peixoto,False
g22564,Fernando Augusto Carneiro Pinto,Dr. Fernando,False
g22596,Anderson Luis Marcelino,Anderson Borracha,False
g2261,Vania Maria Braga,Vania Braga,False
g22616,Maria José Manoel,Tata,False
g22622,Geraldo Donizeti Fosaluza,Donizeti Piu Piu,False
g22624,Samuel Aparecido Freire,Samuel Freire,False
g22626,Orlando César Andretta,Orlando Andretta,False
g22629,Antonio Moacir Rinaldo,Moacir Rinaldo,False
g22648,Jose Clementino Serio Filho,Cachorrinho,False
g22653,Sergio Joao da Silva,Sergio Silva,False
g22657,Daniel Constantino Pedro,Tita do Sindicato,False
g22661,Juracy Dias de Souza,Jô Cabeleireira,False
g22668,Florisvaldo Queiroz Bispo,Florisvaldo,False
g22674,Silvio Lopes Oliveira,Silvio Lopes,False
g22677,Henrique Aparecido Pereira,Rick Pereira,False
g22688,Sandra Scaramal,Sandra Scaramal,False
g2269,Marcos Vinicius Flores de Paula,Marcos de Paula,False
g22690,Maria Elisabete Ferreira da Silva,Elisabete Silva,False
g22705,Joselito Basilio,Celito,False
g22723,Eliane Lourenço da Silva,Eliane Lourenço Garagem,False
g22744,Adilton Ferreira Reis,Adilton,False
g22751,Brenner Nascimento de Jesus,Brenner,False
g22752,Luiz Carlos da Silva,Luizão do Povão,False
g22772,Rudnei da Silveira Junior,Rudnei,False
g22784,Léo Huber,Professor Léo Huber,False
g2279,Renata Alves Leopoldo,Prof. Renata Leopoldo,False
g22801,Antonio Donizette Maranini,Zete Maranini,False
g22812,Cesar Augusto de Oliveira,Cesar Alemão,False
g22820,Elhiliana Paula da Silva,Professora Lili,False
g22824,André Luiz dos Santos,Rapper Pirata Bancada Hip Hop,False
g22848,Tarcisio Bruno Guidi,Tarcísio Bruno Guidi,False
g22855,Sidney Donizete Antonio Filho,Sidney Carteiro,False
g22879,Bruno Magioli Ramiel,Bruno Brasileiro,False
g22883,Milton Pastor da Silva,Pastor Camelô,False
g22895,Mauricio Veronez,Mauricio Veronez,False
g22929,Maria Christina Martines Dias,Chris Dias,False
g22946,Maria Ivanete Pedro,Maria Ivanete da Rádio,False
g22960,Nivaldo Jose da Silva,Nivaldinho,False
g22965,Cristiaine Fatima dos Santos Nunes,Cristiaine da Alda,False
g22992,Aparecida Clarete Bortuluzi dos Santos,Clarete Bortuluzi,False
g23021,Eclesiana Nogueira dos Santos,Dra Eclesiana,False
g23028,Cicera Maria da Conceicao,Cicera Maria,False
g23037,Luiz Felipe Rodrigues da Silva,Luiz Felipe Carioca da Silva,False
g23071,João Carlos França de Paula Santos,Dr João Carlos,False
g23088,Jocenita Silva dos Santos,Jô Silva,False
g23090,Robson de Paula Araujo,Robson Araujo,False
g23093,Maria Aparecida Nascimento da Silva Carmo,Cida Flor,False
g2312,Evair Januario de Paula,Baiano,False
g23138,Adriana Thomaz Corrêa,Adriana Tomaz,False
g23140,Juliano Rodrigo Azali Moreno,Juliano Porta-Voz do Povo,False
g23162,Carlos Eduardo Lisboa,Eduardo Kurashiki,False
g23175,Selma Gomes de Oliveira,Selma Sell,False
g23176,Marcos Alexandre Alves Junior,Marcosnorthcoast,False
g23177,Anibal Antonio Munhoz,Aníbal Munhoz,False
g23185,Cintia Juliana de Azevedo,Cintia da Escola,False
g2322,Thiago Nascimento de Moraes,Thiago Moraes,False
g23235,Marcos Porfirio dos Santos,Marcão,False
g23237,Judite Ferreira da Silva,Judite da Associação,False
g23255,Roque Lúcio,Professor Roque,False
g23265,Ana Paula da Conceição Santos,Paulinha Santos,False
g23290,Silmara Corrêa da Silva,Silmara Corrêa - Loira,False
g23291,Almir Aparecido Fragoso,Chicória,False
g23297,Sebastião Dias Bittencourt,Tião da Garapa,False
g23299,Marcia Aparecida Ovejaneda Lia,Marcia Lia,False
g23302,Joselina Flor da Cruz,Zelina Flor,False
g23314,Aelton Tomaz da Silva,Aelton Carequinha,False
g23345,Edivaldo Braz de Oliveira,Dinho Nova,False
g23346,Marcos Rogério Andrade da Silva,Alemão,False
g23349,Nicole Rodrigues,Nicole Rodrigues,False
g23350,Angela Maria Graciano Alves,Angela da Banca,False
g23352,Jose Maria Pereira da Cruz,Ze Maria do Sindicato,False
g2336,Josefa Bueno de Lima,Prof Jô Bueno,False
g23372,Dilza Chagas,Dilza,False
g23387,Benedicto Aparecido da Silva,Professor Benedicto do Zanaga,False
g23398,Ilza Aparecida Dantas,Ilza Dantas,False
g23407,Carlos Rodrigo Horacio,Diguinho Horacio,False
g23441,Antonio Carlos Bonaite,Antonio Carlos Bonaite,False
g23442,Marcos Andre Santos de Oliveira Junior,Marcos de Oliveira Jr,False
g23443,Rita de Cassia Fagundes,Ritinha,False
g2346,Roseli Gaspar,Rose Gaspar,False
g23471,José Aparecido de Oliveira,Zecão do Gringo e da Saúde,False
g23473,Miriam dos Santos Novais,Miriam Novais,False
g23478,Silvane Aparecida Matias,Silvane da Silverio,False
g23482,Gilvano Marques da Silva,Professor Geovane,False
g23487,Luiz Alberto Ferreira de Araújo,Luiz Alberto,False
g23499,Geny Costa Ramil,Geny,False
g23500,João Paulo de Araújo Vieira,Paulo Araújo,False
g23505,Monica dos Santos,Monica do Pt,False
g23506,João Batista Borges,João Borges,False
g23511,Maria de Lurdes Bordin Santos,Lurdes Bordin,False
g23513,Carlos Frederico da Silva Caetano,Tuta Caetano,False
g23527,Mariano Medeiros da Costa,Mariano Costa,False
g23544,Adalberto de Sousa Brito,Adalberto Brito,False
g2355,Rubinaldo da Silva,Rubinaldo,False
g23551,Luiz Carlos Rios,Rios,False
g23566,João Carlos de Moraes,João Moraes,False
g23580,Lucas da Silva Camargo,Lucas Camargo,False
g23595,Guilherme Oliveira Zagarino,Guilherme Zagarino,False
g23601,Luiza Brazuna Bicudo Mattos,Luiza Brazuna,False
g2361,Alex Marcelo de Campos,Professor Alex,False
g23634,Ana Júlia dos Santos Rocha,Ana Julia Rocha,False
g23638,Andrea Maria Torrente,Andrea Passeadora de Cães,False
g23653,Joselito Gonçalves de Santana,Joselito,False
g23656,Ivanilde dos Anjos Santos Pereira,Ivanilde Pereira,False
g2366,Livia Carolina Galvão Costa Bottura,Livia Assistente Social,False
g23661,Andreia Teixeira Batista,Deiazulu,False
g23665,Herivelto dos Santos Moraes,Herivelto Vela,False
g23669,Saulo Lino Cabral Ramires,Saulo Guarani,False
g23676,Euricilda de Souza Prado Del Bel Belluz,Profa Uda do Movieducas,False
g23681,Diego Antunes Cordeiro,Apostolo Diego Cordeiro,False
g23683,Jairo Navarro Dias,Jairo Navarro,False
g23695,Henrique Alves Martins de Oliveira,Henrique Martins,False
g23701,Madalena Angelo de Deus Calassans,Dona Madalena Calassans,False
g23703,Vainon Francisco da Silva,Vandão da Tereza,False
g23705,Angela Caneo,Angela Caneo,False
g23736,Maria Aparecida Marques de Simoni,Maria de Simoni,False
g23743,Marleide da Cruz Teixeira,Marleide Cruz,False
g23745,Reinaldo Braz,Reinaldo Braz,False
g23754,Florisvaldo Roberto,Florisvaldo Kiko,False
g23755,Fábio de Jesus Silva,Fábio de Jesus,False
g23758,Rosângela Bueno da Silva,Rosângela da Associação,False
g23767,Abel Antonio de Oliveira,Prof. Abel,False
g23773,Marli Pereira Coimbra,Professora Marli,False
g23775,Luis Honório Ciambelli,Prof. Luis,False
g23777,João Barbosa da Silva,Joâozinho Barbosa,False
g23788,Sergio Pereira,Serjao,False
g23806,Edmundo Antonio Teles de Menezes,Baiano da Vela,False
g23823,Silvana da Silva Hidalgo,Silvana Hidalgo,False
g23828,Antonio Rodrigues,Rodrigues,False
g23842,Lúcio Rangel Alves Ortiz,Lúcio  Ortiz,False
g23844,Mariza Marques Vila Verde,Mariza Marques,False
g2385,Andre Custodio Alves,Andre Alves,False
g23866,Júlio Cesar Carneiro,Pastor Júlio Carneiro,False
g23869,Marlene Pedrina de Lima Neves,Marlene Neves,False
g23908,Odair Pereira Leal,Odair,False
g23913,Andre Mafra Calderan,Andre Mafra,False
g23915,Mauricio Silva do Nascimento,Mauricio do 40,False
g23949,Amanda Silvina Sass Castejon,Amanda Sass,False
g23950,João de Souza,João de Souza,False
g23954,Aparecido Nonato Nunes,Nonato,False
g23971,Pedro Moreira dos Santos,Pedro Moreira,False
g23980,Débora Susan Teixeira,Debora Susan,False
g23988,Ednilson Pereira dos Santos,Sorriso,False
g23993,Rafael de Souza Brito,Rafael Brito,False
g24005,Maria Elenice dos Santos,Prof Nice,False
g24024,Cristiane Regina Paes,Professora Cristiane Paes,False
g24029,Rogerio Munhoz,Rogerio Munhoz,False
g24031,Janaina Agostinho Araújo,Janaina Araujo,False
g24044,Estevam Luis da Silva Campos,Estevam Campos,False
g24059,Roseli Lourenco da Costa,Roseli Costa,False
g24068,Justino Diôgo dos Santos,Professor Justino,False
g24075,Felipe Alan Romancini,Dr. Felipe,False
g24085,Luiz Carlos Lotti,Luiz Capitani,False
g24104,Jose Cicero da Silva,Zé Rita,False
g24114,Marcelo Gonçalves da Costa,Marcelinho do Carrinho de Mão,False
g24117,Nelson Donizetti Jacon,Tuta Jacon,False
g24122,Ondina de Oliveira Araujo,Professora Ondina,False
g24128,Rosangela Aparecida Pereira,Rosangela Pereira,False
g24133,Ricardo Pires dos Santos,Ricardo Pires,False
g24147,Helder Zei Mazarão,Helder Mazarão,False
g24152,Jorge Antonio Santana Araruna,Jorge Araruna,False
g2416,Wagner Dauberto Mastelaro,Wagner Mastelaro,False
g24166,Renata Marques,Renata Marques,False
g24167,Milton Pinto Bernardo,Milton Bernardo,False
g24169,Elito Carlos de Jesus,Elito,False
g24188,Osvaldo Gonçalves Junior,Junior do Teatro,False
g24191,Maria Salete dos Santos,Maria Salete,False
g242,Aparecido da Silva,Cabelinho,False
g24210,Ana Maria Pereira Urias,Ana Urias,False
g24236,Gleston Santana,Gleston,False
g24238,Marcio Tadeu Teixeira de Oliveira,Marcio,False
g24239,Gustavo Diniz de Faria,Professor Gustavo,False
g2424,Maiara Fermiano dos Santos,Maiara Fermiano,False
g24245,Reginaldo do Prado,Reginaldo do Prado,False
g24260,Isabelly Fabiane Oliveira da Silva,Isabelly,False
g24263,Allephy Jhonatta Zanatta,Alle Zanatta,False
g24264,João Leonardo Corbisier Nunes,João Corbisier da Integrale,False
g24276,Janilson Leonardo Alves,Johnny,False
g24287,Adilson Carlos de Carvalho,Dilsin Cohab 2,False
g24288,Manoel Francisco Pessoa Freire,Chicão do Peron,False
g24293,Flavia Brazuna Bicudo Mattos,Flavia Brazuna,False
g24298,Alex Sander Cardoso dos Santos,Alex Navarro,False
g24305,Fabiana Cristina Honorato,Fabiana do Salgado,False
g24320,Benedito Florêncio Pires de Paula,Flo do Pátio,False
g24325,Geraldo Maranim Filho,Geraldo Gg,False
g24336,Aparecido Bispo dos Santos,Cidim,False
g24357,Juliano Feliciano,Juliano  Água Suco,False
g2437,Deise Armelinda Lozano,Deise Lozano,False
g24379,Diego Oliveira Turato,Diego Turato,False
g24384,Fábio Rogério Mauro Betti,Fabio Betti,False
g24386,Wesley Dias Galdino,Wesley Galdino,False
g24396,Evandro Luis da Silva Felis,Xexeu,False
g24398,Rosileide Nogueira Gama Santana,Leda da Imobiliária,False
g24400,Athanis Molas Rodrigues,Athanis Rodrigues,False
g24406,Jilmar Augustinho Tatto,Jilmar Tatto,False
g24419,Eden Ramos da Cruz,Eden Ramos,False
g24430,Dalvio Silva,Dalvinho,False
g24432,Francieli Gonçalves Vincoletto Gomes Leal,Fran Assistente Social,False
g24434,Lourdes Angelita de Sousa,Lurdona,False
g24437,Ana Paula de Almeida,Ana Paula,False
g24449,Jorge de Souza Baptista,Jorge da Cocada,False
g24453,Cicero da Silva,Circinho Brito,False
g24468,Elza Maria da Silva,Elza do Csu,False
g24469,Cesar Perciliano Vieira,Cesinha,False
g24472,Valmir Paze,Professor Valmir,False
g24473,Olivia da Silva Abreu,Olivia Abreu,False
g24475,Carlos da Rocha Antonio,Carlinho da Pitita,False
g24490,Marilis de Cassia Barbosa Rissato,Marilis Educadora,False
g24498,Luis Antonio Canzaroli,Luiz Canzaroli,False
g24500,Marcelo Ribeiro da Silva,Marcelo Ribeiro,False
g24510,Claudio Geraldo Batista Junior,Junior Pica Pau,False
g24511,Luciene Souza Ribeiro,Luciene,False
g24528,Cesar Duarte de Alencar,César Alencar,False
g2454,Maria Solange Seminara,Sol do Bar,False
g24541,Sandra Mara Lins Chaves,Sandra Lins,False
g24549,Bruno Eduardo Pires,Bruno Eduardo,False
g2455,Reginaldo de Arruda,Reginaldo,False
g24575,Cesar Felix Vieira,Cesinha,False
g24579,Ana Nice Martins de Carvalho,Ana Nice,False
g24587,Erotides Teixeira,Teixeira,False
g24598,Castálide Benetom de Campos Lopes,Castálide Benetom,False
g24601,Gilberto Aparecido Paes,Gilberto Paes,False
g24607,Rinaldo Pinheiro da Silva,Tarzan,False
g24616,Antonio Jesus Spalla,Toninho Spalla,False
g24638,Manoel Ferreira  da  Silva,Professor Manoel,False
g24642,Gení Modesto,Geni Barbinha,False
g24643,Jorge Alves de Oliveira,Prof. Jorginho,False
g24657,Marcelo de Almeida Colombini,Marcelo Colombini,False
g24675,Mônica Marques de Paula,Prof.  Mônica Marques,False
g24678,Marlene Camargo Rocha Vitolla,Marlene Camargo,False
g24686,Henrique Gomes do Amaral,Henrique Amaral,False
g24687,Gisele Cristina da Silva Lima,Professora Gisele Lima,False
g24689,Antonio Pereira,Pereira,False
g24698,Elidinalva Alves Barreto,Baiana do Gramado,False
g2470,Everton Furtado,Everton Furtado,False
g24713,Nerlandia Ferreira de Oliveira,Nerlandia Oliveira,False
g2472,Francisco Daniel Celeguim de Morais,Kiko Celeguim,False
g24739,Ailton Gomes de Oliveira,Gugu Pbr,False
g24744,Gilmara Latorre Garcia Melo,Gilmara,False
g24745,Nairço Mendes de Araujo,Nairço Araujo,False
g24749,Dercilene Mendes Boaro,Leninha,False
g24760,Fábio Antônio Leite,Fabinho da Ponte Alta,False
g24761,Alvacir Gabriel da Silva,Karudão,False
g24770,Benedito Paes,Dito Paes,False
g24779,Luiz Carlos Cassimiro,Luiz Cassimiro,False
g24792,Marlene de Jesus da Silva,Marlene Silva,False
g24796,Jose Cesar Caetano da Cruz,Jose Cesar,False
g248,Maria Izabel Azevedo Noronha,Professora Bebel,False
g24804,Claudio Vaz Pedroso,Tio da Vila,False
g24811,Odair Cirilo dos Santos,Odair Cirilo,False
g24817,Giseuda Gomes de Almeida,Gisa Gomes,False
g24829,Daniel de Castro Dutra,Daniel Dutra,False
g24833,Mozart Peixoto Inacio,Zalo,False
g24834,Roberto Teixeira de Souza,Roberto Mirantão,False
g24895,Vanessa Aparecida Ribeiro Marcilio,Vanessa Ribeiro,False
g24906,Antonio Jose de Jesus Nascimento,Toninho Vem Comigo,False
g24907,Edmundo Octavio Raspanti,Dr Edmundo Raspanti,False
g2491,Renato Moreni Aires da Silva,Renato Moreni,False
g24925,Adilson Jesus da Silva,Adilson,False
g24938,Isabel Camargo Becheli,Isabel da Lojinha,False
g24943,Valdinei Claudino da Silva,Dinei do Depósito,False
g2495,Vanda Maria da Silva,Vanda,False
g24957,Eliane Cristina Salomão,Eliane Salomão,False
g24969,Hamilton Pereira,Hamilton Pereira,False
g24972,Edson Lopes de Lima,Edson Lima,False
g24977,Lucivaine Aparecida Tavares,Tuvane,False
g24980,Jairo Donizeti Paulino,Jairão do João Paulo Ii,False
g24983,Lourival Plácido de Paula,Lourival do Mst,False
g24984,Maria das Graça Torres Thomaz,Graça Thomaz da Praça,False
g24994,Cleide Guimaraes Pires de Almeida,Cleide Guimaraes,False
g24997,Sebastiao Ribeiro Celestino,Tiãozinho da Serra,False
g25020,Roberto Trapp de Castro,Roberto Trapp,False
g25036,Odair José de Oliveira Amorim,Odair Amorim,False
g25042,Mariângela Leocárdio Jacomini,Professora Mariângela,False
g25058,Vera Lucia Scudeiro Santana,Vera Scudeiro,False
g25061,Sandro Herminio,Sandro Alemão,False
g25078,Talita Aparecida Orlandin,Talita Orlandin,False
g25083,Susana Kathleen de Meneses Costa,Susana Kathleen,False
g25090,João Aparecido Moreira dos Santos,João Paraiba,False
g25093,Rogério Nunes,Rogério Nunes,False
g25097,Jeder Augusto Favaro,Gutto Mazzoni,False
g25130,Valdir Granito,Valdir Granito,False
g2514,Sueli dos Santos Silva Barbosa,Sueli Barbosa,False
g25150,Wilton do Carmo Ferreira,Billy,False
g25174,Cleusa Maria Simoes Gutierres,Cleusa Gutierres,False
g25182,Manoel Rafael da Silva,Kelé Fest,False
g25184,Landerson Aparecido Batista,Landerson Batata,False
g25186,Rogeria Almeida Luiz,Professora Rogéria Almeida,False
g2520,Eliane Guaicuru Sanches,Professora Eliane Guaicuru,False
g25200,João Alexandre Miguel de Lima,João Alexandre Lima,False
g25204,Fatima Aparecida Rodrigues dos Santos de Campos,Professora Fátima,False
g25206,José Helio da Silva,Prof José Helio,False
g25209,Andrea Aparecida dos Santos,Andrea Santos,False
g25220,Arinaldo Gomes da Costa,Arinaldo Gomes da Costa,False
g25231,Mauro Themoteo de Andrade,Mauro Themoteo,False
g25232,José Cicero da Silva,Zé da Feira,False
g25243,Madalena Feliciano de Jesus,Madalena,False
g25247,Maria das Neves Ferreira Moura,Maria Moura,False
g25248,Rafael da Rocha Oliveira,Rafael Caliu,False
g25250,Fabricio Alves,Fabricio Alves,False
g25255,Sonia Aparecida Dutra Gomes,Sonia Verissimo,False
g25268,Daniela Cruz Rodrigues Souza,Dani Cruz,False
g2527,Sebastião Alan Ferreira,Professor Alan,False
g25274,Gilmar Evangelista de Sales,Gilmar Sales,False
g25280,Denilson Aparecido Ferreira,Deno,False
g25289,Rosineia Braga Rodrigues,Neia do 70,False
g2529,Ewelin Roberta Sobral Lima,Ewelin Roberta,False
g25307,Josue da Silva Passos,Josue Pintor,False
g25320,Ildo Batista da Silva,Ildo Batista Pé Quebrado,False
g2533,Geremias Ribeiro Pinto,Geremias,False
g25366,Rogerio Aparecido Santos do Prado,Varão da Reciclagem,False
g25372,Jailson da Luz,Jailson da Luz,False
g25380,Cloves Alves dos Santos,Garçom Cloves Alves,False
g25382,Paulo Marcio Sikota,Paulo Sikota,False
g25395,Joseildo Rodrigues de Queiroz,Cica,False
g25401,Rita Maria Serafim Fonseca,Rita Maria,False
g25404,Luiz Carlos Rodrigues dos Santos,Luiz Queijinho,False
g25405,Paulo Enrique Ramires,Paulo Rhamires,False
g25409,Adalberto Andrade Camargo,Adalberto Camargo,False
g25410,Sandra Dias,Sandra Dias,False
g25414,Maíra Lotos de Moraes,Maíra Lotus,False
g25419,Marcelo Alfredo de Oliveira,Marcelinho,False
g25437,Paulo Sergio Correa,Gago,False
g25438,Cristiane Valeria da Silva,Cristiane Valeria,False
g25444,Ana Paula de Oliveira,Ana Paula,False
g25464,Simone Onorio Cortez,Simone Cortez,False
g25502,Stefanno Maluf Bueno,Stefanno Maluf,False
g25525,Raissa Cristina Basilio,Raissa Gata,False
g25526,Yeda Gomes da Silva,Yeda Gomes,False
g25534,Adriana Aparecida Biasiolo,Adriana Biasiolo,False
g25539,Lislei Alvarenga Rodrigues,Psicologa Lislei,False
g2555,Jaci Maximinio da Silva,Jaci Maximinio,False
g25575,Bruno Lopes da Silva,Bruno Lopes,False
g2558,Julinha Aparecida Andrade de Souza Mello,Profa Julinha Andrade,False
g25585,Edson Thomaz  Martins,Edson Thomaz do Pt,False
g2559,Eunice Malzinoti,Nice do Sindicato da Saúde,False
g25594,Elza Coelho Batista Araujo,Elza da Zn,False
g25597,Carlos Alberto Correa Orpham,Carlos Orpham,False
g2560,Gilmar Teles Rodrigues,Gilmar Teles,False
g25602,Marcia Aparecida Julio,Marcia Julio,False
g25619,Angela Soares,Professora Angela,False
g2562,Carlos Augusto Franco,Carlos Tinga,False
g25620,Marcia Araujo Reis,Marcia Guerreira,False
g25621,Aurea Maria de Azevedo Sugahara,Aurea Azevedo,False
g2563,Leontter Reche,Leontter,False
g25648,Sergio Bandeira Oliveira,Sergio Bandeira,False
g25661,Ivanice da Silveira Santos,Ivanice dos Bancarios,False
g25664,Ewerton Luis Valentin Pigão,Ewerton Pigão,False
g25676,Selma Aparecida Martins Barbosa,Selma,False
g2568,Adalberto Ferreira de Carvalho,Adalberto Carvalho,False
g25686,Paulo Sergio Nunes de Brito,Paulo Nunes,False
g25687,Patricia de Almeida Souza Leal,Patricia do Caneco,False
g2570,Vilene Souza Lacerda Oliveira,Vilene Lacerda,False
g25705,Daniel Daveis,Daniel,False
g25739,Gilberto Carlos de Souza Oliveira,Beto Preto,False
g25744,Mikail Domício de Carvalho,Mikail Gabriel,False
g25747,Ezequiel Melo dos Santos,Ezequiel Melo,False
g25759,Alessandra Scanholato,Alessandra Scanholato,False
g25760,José Claudio Alves dos Santos,Lagoa,False
g25767,João Gomes dos Santos,Negão do Monte Verde,False
g25794,Deuziran Pereira de Lima,Pastor Ceará,False
g25808,Gilberto de Souza Lima,Gilberto,False
g25817,Wallace Rafael de Oliveira Bedurin,Wallace Bill,False
g25819,Milton Evangelista,Miltão,False
g25836,Tayná Wine Rodrigues Reis,Tayná Wine,False
g25844,Rodolfo Ferreira Penteado,Rodolfo Ferreira,False
g2586,Solange Nunes de Souza,Sol,False
g25863,Maria Cristina Theodoro,Cris dos Conselhos,False
g25874,Sebastião Lucio de Oliveira,Lucio,False
g25886,Vinicius Marinho Almeida Ortega,Dr Vinicius Ortega,False
g25890,Érica Cristina Oliveira,Erica Oliveira,False
g25892,João Batista Rodrigues Bremer,Dr João Bremer,False
g25905,Maria Sueli Lopes da Silva,Maria Sueli da Saude,False
g25912,Jaqueline Scalon Ferrari,Prof Jaqueline Ferrari,False
g25919,Marco Tulio Parodi,Tulio Parodi,False
g25924,Arlindo da Silva,Arlindo do Assentamento,False
g25933,Fernanda Lúcia César da Silva,Professora Fernanda Lúcia,False
g25938,Giseli Domingos Camillo,Giseli Domingos,False
g25944,Stéfani Brustolin Pressoto,Stéfani Pressoto,False
g25964,Jose Carlos Moreira Prado,Jc Carlão,False
g25966,Vinicius Jose de Souza,Vinicius Souza,False
g2598,Maria Angela dos Santos Proença de Siqueira Silva,Fiona,False
g25996,Micheli Alexandra Nogueira,Micheli Nogueira do Mvt,False
g2602,Erick José Eloi do Nascimento,Enfermeiro Erick Eloí,False
g26022,Luciene Santos Faustino,Cica India,False
g26027,Andre Bastianon Pontes,Andre Bastianon,False
g26030,Gilson Benvindo Candido,Gilson Benvindo,False
g26032,Clediomiro Ribeiro da Silva,Lico,False
g26038,Luis Alberto de Toledo,Luis Toledo,False
g26040,Veronildo Francisco  da Silva,Vero Tigrão,False
g26056,Eliete Sandra Cavalcante,Eliete do Pt,False
g26057,Edviges Maria Bezerra,Edviges Tica,False
g26065,Mauro de Souza,Mauro de Souza,False
g26069,José Jucie Menino,Bigode da Laranjeira,False
g26071,Alcides Borghi,Seu Doca,False
g26087,Valmir Anastacio de Souza,Valmir da Carriola,False
g26091,Carmen Sylvia Franco Tolentino,Carmen Tolentino,False
g26094,Rosilene Pereira,Rosilene do Povão,False
g26099,Ruth Maria Canto Cury,Dra Ruth,False
g26105,Petrônio Rodrigues Neves,Petrônio,False
g2611,Maria Helena Borges Vannuchi,Maria Helena,False
g26114,Sergio de Mello,Sergio de Mello,False
g26121,Anselmo de Assis Fortes,Anselmo Fortes,False
g26136,Jucelem Barbosa de Souza,Jucelem,False
g2614,Lázaro Heitor da Silva,Lázaro da Saúde,False
g26143,Leda Marcia dos Santos Reis,Leda Márcia,False
g26146,Otavio Silva Rodrigues,Otavio do Garantia de Luta,False
g2616,Willian Miranda Cabeconi,Japones Mst,False
g26169,Edigar Miguel dos Santos,Edigar da Bomboniere,False
g2617,Israel Augusto de Oliveira,Israel da Eletrica,False
g26187,Anisia Lucia da Silva Maia,Professora Anisia,False
g26206,Liédja Maria da Silva,Liédja Silva,False
g26228,Danilo Fuzatto Gonçalves,Danilo Fuzatto,False
g2623,Zezito Moura,Zezito Moura,False
g26256,Jóciton Pereira da Conceição,Tom Sis,False
g26261,Leda Maria Porto,Leda Porto Coletivo Juntas,False
g26266,Ana Maria Grolla Martins,Professora Ana,False
g26269,José Luiz Padilha Aguilar,Prof Padilha,False
g26273,Débora Gisele de Lima Rocha,Débora Rocha,False
g26277,Silvana Pereira da Silva,Silvana do Lequinha,False
g26287,Ronaldo Jose Alves de Souza,Ronaldo da Agricultura,False
g26299,Francisco Rodolfo das Neves,Rodolfo,False
g2630,Euzemar Ferreira de Moraes,Marin da Lanchonete,False
g26315,Vanderli Cândido,Tem,False
g26325,Norival Catarino de Oliveira,Norival Catarino,False
g26327,Carlos César Maurício,Dr Carlos César,False
g26369,Adriano Ezequiel Fonseca,Professor Adriano,False
g26371,Tania Arruda de Oliveira,Tania Oliveira,False
g26378,Aretusa Azevedo,Aretusa Azevedo,False
g26379,Andre Vidal Luz,Andre Vidal,False
g26402,Aparecida Marlise Casssassola,Marlise Cassassola,False
g26413,Maria Zoraide da Silva Bragante,Zoraide,False
g26427,Raimundo Morato Subrinho,Raimundo Morato,False
g26430,Mara Pereira Wenzel,Professora Mara Cardin,False
g26434,Lucia Maria de Souza Felix,Profa Lucia Felix,False
g26440,Maria Aparecida Pestana,Professora Cidinha,False
g2646,Antonio Carlos da Silva,Toninho,False
g26469,Marta Regina Domingues,Professora Martinha,False
g26474,Jesus do Vale Lopes,Jesus Lopes,False
g2649,Evania Mendes dos Santos Silva,Evania Mendes,False
g26504,Conceição de Lourdes Ribeiro Cassetário,Conceição Cassetário,False
g26507,Vanilza Sousa Oliveira,Vanilza  Nena,False
g26513,Jordanio Freire Rodrigues,Jordanio Rodrigues,False
g26516,Margratinéia Aparecida Rezende de Oliveira,Margra do Praga,False
g2652,Luiza Fany Desoti Fernandes,Luiza Fany,False
g2653,Ricardo Kumazawa,Ricardo Nippo,False
g26541,Natalia Eduardo da Silva,Natalia da Vó,False
g2655,Ana Maria Pereira Matos,Dona Ana Enfermeira,False
g2656,Reinaldo Cesar da Silveira,Veio do Pt,False
g26565,Benedito Osmar da Silva Felizardo,Osmar Samanno,False
g26568,Maria Aparecida Marinho,Cida Marinho,False
g26579,Paulo Sergio dos Santos,Paulo Piseiro,False
g26597,Angela Maria da Silva,Assistente Social Angela,False
g26606,Emerson Aparecido Vicente,Emerson da Operária,False
g2661,Celia Helena da Silva,Prof. Célia do Sarau,False
g26610,João Victor Assandre da Silva,João Assandre,False
g26614,Celso Henrique dos Santos Buturi,Henrique Buturi Babal,False
g26623,Fatima Aparecida Leonel,Fátima Leonel,False
g26631,Rosana Aparecida Gomes do Nascimento,Professora Rosana,False
g26649,Gildo Francisco Guimarães,Professor Gildo Formigão,False
g26662,Nery Nice Osmondes Travassos,Professora Nery,False
g26663,Gregory França Naressi,Gregory França,False
g26667,Marcos Paulo Pereira,Marcão da Capoeira,False
g2667,Reginaldo dos Santos Souza,Professor Reginaldo,False
g26670,Alexandre Nunes Barbedo,Xande,False
g26690,Jose Raimundo da Cruz,Perninha,False
g26694,Domingos Neves do Nascimento,Domingos Neves,False
g26695,Cristiane de Falco Amaral,Cris de Falco,False
g26703,Anderson Luiz Zanatti,Deção,False
g26705,Sebastião Dias Cornélio,Sebastião das Lâmpadas,False
g26708,Adalton Brandão Maia,Adalton Maia,False
g26709,Pedro Simôes,Pedrinho do Bar,False
g26721,Nanci Ferreira,Nanci Ferreira,False
g26739,Emilia Correia dos Santos,Professora Emilia do Mab,False
g26740,Vera Lucia Severiano,Prof. Vera Severiano,False
g26754,João Vitor do Nascimento Emidio,João Emidio Filho da Valquiria,False
g26769,Lucélia Matilde Ferrari,Lú Ferrari,False
g26771,Gerriel Guilherme Fernandes Palmeira,Gerriel do Dorth,False
g26784,Adriele Fernanda dos Santos,Adriele,False
g26798,Alcione Michele Castro Consoni,Alcione Enfermeira,False
g26806,Donizetti de Melo Oliveira,Donizetti do Palma,False
g26820,Giacomo Vitorio Longo Roveri,Giacomo Roveri,False
g26833,Carlos Henrique de Oliveira,Carlos Henrique,False
g26840,Anderson Ventura de Araújo,Anderson Ventura,False
g26859,Bruno Lopes Solposto Santana,Bruno Baiano,False
g26888,Aleci Borges de Souza,Aleci Prata,False
g26900,Fatima Cabrera,Fatima Cabrera,False
g26920,Katiuscia Cristina Pereira,Katiuscia,False
g2693,Laercio Aparecido Fernandes,Laercio Fernandes,False
g26930,Jair Batista de Santana,Jair Com Gil,False
g26945,Antonio Fernandes dos Santos,Prof. Toni,False
g26947,Alex Pereira de Sousa,Professor Alex,False
g26952,Andréa Pereira Castro de Jesus,Andréa Castro,False
g26962,Marco Aurelio de Souza,Marco Aurélio,False
g26965,Rita de Cassia Camargo Freitas,Cassya Freitas,False
g26967,Maria Carlota Niero Rocha,Professora Carlota,False
g26971,Nezionete Honorato Amorim,Amorim Stela Azevedo,False
g26975,Jose Renato de Andrade,Renato de Andrade da Itaoca,False
g26989,Jose Donisete da Silva,Zé da Vara,False
g26996,Cleide Etelvina Tameirão de Almeida,Cleide Tameirão,False
g26999,João Paulo Rodrigues Amorim,Dr João Paulo,False
g27002,Carlos Roberto Cunha Amorim,Prof Carlos Amorim Coletivo,False
g27003,Jose Paulo Santos,Paulinho do Hospital,False
g27009,Fernando Fantim,Fernando Fantim,False
g27017,Luiz Carlos de Oliveira,Luiz Carlos Cuidador,False
g27040,Denise Mariana dos Santos do Nascimento,Denise Nascimento,False
g27043,Jose Marques do Espirito Santo Oliveira,Marks Oliveira,False
g27051,Francisco Vanderley Sarmento de Andrade,Vanderley Canela,False
g27056,Gilmar Antonio dos Santos,Gilmar Santos da Moradia,False
g2706,Dirce Valdelice Correa,Dirce do Lanche,False
g27066,Maria Jose Viturino Bezerra,Maria José,False
g27068,Donária de Fátima Ferreira,Donária Assistente Social,False
g2707,Airton Neves de Almeida Junior,Junior Almeida,False
g27079,Paulo Ricardo Pereira Torres,Paulo Carioca,False
g2709,Ezilda Alves do Nascimento Pereira,Ezilda,False
g27091,Ana Eliza Piazentin Nabas Michelan,Ana Eliza,False
g27107,Samuel de Paula Oliveira,Muca Dr Samuel,False
g2711,Laercio Marques Pereira,Pastor Laercio,False
g27113,Edmar Rodrigues de Lima,Edmar Pitico,False
g27120,Wagner Pereira Neto,Wagner Neto,False
g27128,Vanderlei Wilson Giuliani,Vanderlei do Pt,False
g27147,José Pereira,Zé da Reciclagem,False
g27149,Nivaldo Francisco Ferres Conde,Nivaldo Ferres,False
g2715,Alexia Moraes da Silva,Alexia do Posto,False
g27160,André Ricardo Andrade Gomes,Andrezinho,False
g27168,Francisco Mendes Monteiro,Francisco Francismar,False
g27176,Ronaldo de Araujo Couto,Ronaldo dos Veteranos,False
g27182,Joao Amaro Xavier da Silva,Amaro,False
g27207,Mario Francisco da Silva,Mario Silva,False
g27214,Joâo Leonel de Lima Pereira,Joâo Leonel,False
g27218,Carlos Mauro dos Santos,Carlão,False
g2723,Aparecida Ivanir Monico Silva,Dona Vânia,False
g27240,Helio Batista Ramos,Helio Ramos,False
g2725,Dogival Pereira da Costa,Dodó Tapeceiro,False
g27251,Joao Victor Alves de Lima,Joao Victor,False
g27261,Beatris de Fátima Martins Toledo,Bia Toledo,False
g27266,Sandra Kennedy Viana,Sandra Kennedy,False
g27296,Iracema de Fátima Martins,Iracema Martins,False
g27299,Marta da Conceição da Silva Silveira Andrade,Cissa,False
g27302,Lourivaldo Antonio Barbosa,Nego do Bar,False
g27310,José Augusto Miranda,Zé Careca,False
g27312,Pamela Soares Marcelino,Pamela do Pt,False
g27317,Sandra Alves da Silva,Sandra do Miro,False
g2733,Rosemiro Aparecido Ferreira,Miro Aparecido,False
g27332,Silvio Camargo de Oliveira,Silvio Serrinha,False
g27341,Valdineia Oliveira da Silva,Val da Enfermagem,False
g27349,Lucas de Oliveira,Lucas,False
g27372,Gutemberg Ferreira de Melo,Prof Gutemberg (Guto),False
g27377,Marcelo Nunes Seminaldo,Marcelo Seminaldo,False
g27386,Antonia Claudia de Oliveira,Antonia Claudia Protetora,False
g27389,Jose Aparecido da Silva,Neno,False
g27394,Sadraque de Oliveira Souza,Dadá do Esporte,False
g27415,Valmir Augusto Galindo,Valmir Galindo,False
g27425,Rosana Pires Pereira,Tia Rosana,False
g27438,Augusto Alves dos Santos,Augusto O Marrom Pinturas,False
g27439,Terezinha das Graças Garcez da Silva,Terezinha Garcez,False
g27441,Regis Benedito dos Santos,Regis Santos,False
g27443,Cleide Correa,Cleidinha,False
g27447,Camila Aparecida Moreira,Camila Moreira,False
g27454,Brenda Prado dos Santos,Brenda Prado,False
g27460,Fabio Jose de Freitas,Professor Fabio Freitas,False
g2747,Leandro de Campos Reina,Leandro Reina,False
g27477,Samuel Carlos Gomes Ribeiro,Samuel Ribeiro,False
g27485,Edna Joana de Camargo,Edna Camargo,False
g27487,Cláudia Maria Queiroz,Claudia,False
g27505,Marta Beatriz dos Santos Firmino,Marta,False
g27534,Luciane Aparecida de Lara Siqueira Galdino,Luciane Siqueira,False
g27538,Pedro Iarley Lins da Silva,Pedro Lins,False
g27539,Edmilson Felix da Silva,Botina,False
g27540,Silvia Helena Nobrega Lencioni Senne,Silvia Lencioni,False
g27568,Maria Jose Santos de Oliveira Silva,Mazé Nova Conquista,False
g27585,Adilson Peres,Prof Adilson Peres,False
g27586,Sidney Andrade da Penha Filho,Sidney Borracheiro,False
g27589,Fabricio Cesar do Santo,Fabricio Boi,False
g27591,Daniele Cristina dos Santos da Silva,Daniele,False
g27604,Antonio Timóteo de Andrade,Antonio Timóteo,False
g27613,Rosenilda Aparecida da Silva Cruz,Preta,False
g27616,Aurea Camargo Silva,Mãe Aurea,False
g27620,Ednaldo Souza Silva,Prof Naldo,False
g27640,Roberto Carlos de Mendonca,Professor Mendonça,False
g2766,Marcos Antonio Francisco,Manguinha,False
g27661,Ana Lucia da Conceição de Souza,Lucinha Guerreira,False
g27678,João Paulo Fernandes Filho,Dr. João Paulo,False
g27690,Flávio Michelazzo Amorim Júnior,Flávio Michelazzo,False
g27697,Geraldo Antônio Celestino,Geraldo Celestino,False
g27701,Giovane Vieira Seabra,Giovane Seabra Vigilante,False
g27705,Marizabel Nabas Claro,Bél,False
g27715,Joao Teodoro Cassimiro,João Boiadeiro,False
g27724,Pedro Henrique Fernandes,Pedro Fernandes,False
g27727,Joâo Gilberto Rodrigues de Araujo,Joâo Gilberto,False
g27735,Vitor Zuntine do Amaral,Vitinho Amaral,False
g27744,Nabil Georges Bonduki,Nabil Bonduki,False
g27745,Vitor José Belchior,Vitor Belchior,False
g2775,Sandro Moreli,Sandro Moreli,False
g27752,Katia Cristina Malagoni,Katia Artesã,False
g27757,Edna da Silva Della Nina,Edna Della Nina,False
g27767,Edimilson Joaquim Justiniano,Baixinho,False
g27782,Ronaldo Vieira Rocha,Ronaldo Vieira,False
g27789,Maria Auxiliadora de Andrade,Auci Mãezona da Mirim,False
g27820,Maria Thereza dos Santos,Maria Thereza,False
g27832,Melvim Kazuo de Paiva Eto,Melvim Eto,False
g27847,Gilmar Alves dos Santos,Gilmar Perebinha,False
g27866,Marcos Antonio Vieira de Medeiros,Marcos Medeiros,False
g27869,Jane da Silva Santos,Jane,False
g27875,José Afonso Reis,Afonso Reis,False
g27876,Walisson Jonas Ramos de Melo,Walisson Fofão Pinda,False
g2788,Pedro Alves Cardoso,Prof Pedro,False
g27883,Carlos do Nascimento Pereira,Carlos Nascimento - Carlão,False
g27897,Divina Aparecida Gomes da Cruz,Divina Cruz,False
g27909,Claudio Rodrigues Lago,Claudio Lago,False
g27911,Carmen Ligia Soares Cruz Barbosa,Ligia,False
g27918,Stefeli Silva da Cruz Marcelino Gomes,Stefeli Cruz,False
g27919,Silvio Cesar de Jesus Costa,Silvio do Grêmio,False
g27934,Edemilcio Vicente Vieira,Edemilcio Vieira,False
g27942,Filipe dos Santos Alves,Filipe Santos,False
g27985,Armando Pereira,Professor Armando Pereira,False
g27986,Aline Cristina da Silva,Aline Cristina,False
g27996,Severo Luiz da Silva,Severo,False
g28,Edson de Souza Lima,Ferruge Carteiro,False
g28002,Aparecido Dias Evangelista,Cidão,False
g28004,Jose Francisco Barbosa,Chiquinho,False
g2801,Sthela Simões Freire,Doutora Sthela Freire,False
g28010,Jordão dos Santos Brito,Jordão Jordania,False
g28018,Yago Mateus Veloso Rodrigues,Mateus Rodrigues,False
g2802,Arcibílio Ribeiro de Sá,Arcíbilio dos Padilha,False
g28026,Jaime Andrade Junior,Juninho,False
g28028,Antenor de Oliveira Filho,Tuca do Pt,False
g28035,Geisa da Silva Ribeiro,Geisa Ribeiro,False
g28039,Fabiana Cristina Damas,Fabianadamas,False
g28041,Mariana Correia Ferreira Lima,Mari Lima,False
g2807,Gildo Oliveira Anastácio,Gildo,False
g28074,Luiz Carlos Carneiro,Luiz Carneiro,False
g28076,Pascoal Trefilio Neto,Pascoal do Banespa,False
g28083,Clovis Kaue Girardi Castardo,Clovis Girardi,False
g28106,Reinaldo de Oliveira Pedro,Reinaldo Dentinho,False
g28114,Anderson Jose Fidelis,Tuca,False
g28115,Izildinha Lopes da Silva,Zilda Silva,False
g28116,Eliete  de Almeida Lima,Eliete de Almeida,False
g28117,Laerte Vital,Laerte Vital,False
g28118,Leandro Costa Silva,Leandro Silva,False
g28137,Gislaine Gonçalves dos Santos Ostrowski,Professora Gihh,False
g28169,Elizabeti da Silva,Beta do Nenzim,False
g28184,Roberta Pini Sanches,Roberta Sanches,False
g28205,Cristiane Aparecida Galvao,Cris Galvão,False
g28211,Sidnei Aparecido Geronimo,Pinguim,False
g28212,Amadeu Pereira de Sousa,Amadeu do Meio Ambiente,False
g28228,Elisabete Pereira Barboza,Bete Assentamento Nova Canaã,False
g28239,Edison Luis Alves,Edison Luis,False
g28251,Miriam Sarmento de Sousa,Miriam Paraiba,False
g28253,João Vitor Gonçalves,João Vitor,False
g28254,Antonio Alberto Machado,Machado,False
g28257,Sandra Maria Muller da Silva,Sandra Muller,False
g28258,João Luiz Augustinho,João Pedreiro,False
g28261,Carlos Gustavo Fabiano de Matos,Carlos Matos,False
g28269,Vanessa da Silva Gomes,Vanessa,False
g28282,Domingos João dos Santos,Pastor Domingos,False
g28290,Alcidia Maria Furlan,Alcidia Furlan,False
g28292,Augusto Cesar da Silva,Tinho do Bar,False
g28297,Luiz Antonio da Silva,China,False
g28300,Marta Regina Nogueira,Marta Nogueira,False
g28311,Alaene Mariano da Silva Henrique,Professora Alaene,False
g2832,Alessandro dos Santos Rodrigues,Tomate,False
g28321,Gabriel Jose de Souza Neto,Dentinho,False
g28328,Wagner Luis Vieira Cunha de Souza,Wagner Vieira Loucuras de Amor,False
g28331,Reginaldo Ferreira Moreira Borges,Reginaldo Testa,False
g2834,João Carlos Dias do Valle,João Valle,False
g28349,Luciano Souza de Oliveira,Luciano Black,False
g28363,Cristalino Luiz Coimbra,Cristalino,False
g28368,Nilza Aparecida Garcias,Nilza Irmã do Bodão,False
g2837,José Américo Sargi,Sargi,False
g28382,Claudio Fernandes Beserra,Claudio do Sindicato,False
g28396,Marli Aparecida Martins,Marli Verdureira,False
g2840,Amevaldo Arlindo do Carmo,Amevaldo,False
g28405,Guilherme Oliveira de Carvalho Pinheiro,Gui Pinheiro,False
g2842,Mauricio Junior Alves,Junior Eletricista,False
g28448,Maycon William Cardoso Antunes,Maycon Cardoso,False
g28450,Pedro Dutra Correia,Pedro Dutra,False
g28454,Sirlene Maria de Oliveira,Sirlene da Afuse,False
g28457,Anesio Donizeti de Oliveira,Prof Anésio,False
g28460,Aline Oliveira de Souza,Aline Souza,False
g28462,Claudio Dutra Barros,Claudio Dutra,False
g28466,José Roberto dos Santos,Beto Paraiba,False
g28474,Geraldo Ramos da Silva,Geraldo Ramos,False
g28489,Luiz Carlos de Freitas,Freitas,False
g2849,Antonio Edison dos Santos Bento,Dr Antonio Bento,False
g28494,Thiago Bruno Paiva Gonçalves,Thiago Gordão,False
g28495,Nicole Gonçalves,Nicole Níkaya,False
g28496,Breno Tadeu Ros de Almeida,Breno da Agricultura,False
g285,Roberta Morais Diniz,Professora Roberta Diniz,False
g28517,Laercio Vieira de Araujo,Laercio (Tatu),False
g28523,Hermenegildo Antonio Jose,Hermenegildo Sembraneli,False
g28526,Karina da Costa Florentino,Karina Florentino,False
g28537,Eliana Aparecida Mori Honain,Eliana Honain,False
g28568,José Antônio Goncalves,Zé Antônio,False
g2857,Gentil Sanches,Mulequito,False
g28578,Sidnei Braz dos Santos,Sidnei da Cidinha,False
g28586,Mauro Batista dos Santos,Mauro Batista,False
g28592,Miguel Domicio de Carvalho,Miguel Gabriel,False
g28593,Dejair Jose da Silva,Deja da Cutrale,False
g28608,Erlandio Ancelmo Duarte,Dedé do Pt,False
g28623,Rafael Rodrigues Coelho da Rosa,Rafael Cobrador,False
g28636,Flavio Augusto Rodrigues,Flavim Rodrigues,False
g28639,Neon dos Afonso Cunha,Neon Cunha,False
g28649,Luiz Alfredo Scapini,Luiz Scapini,False
g28663,Jose Supriano dos Santos,Ze Tabaco,False
g28682,Newton Cezar Freires,Newton Cesar,False
g28685,José  Luiz Divino Gonçalves,Divino,False
g28699,José Aguinaldo Sampaio Nunes,Goiaba José Aguinaldo,False
g28709,Eduardo Dias da Cunha,Prof Eduardodias Juntos Por Oz,False
g28716,Maria Eduarda dos Santos Iwassaki,Prof Maria Duda,False
g28743,Iziquiel Vieira dos Santos,Iziquiel Vieira,False
g28750,Rangel Souza da Silva,Rangel Souza,False
g28753,Fabiana Sandoval,Fabiana Sandoval,False
g28755,Antonio Camargo de Oliveira,Serrinha,False
g2876,Rosângela Oliveira de Sá Albuquerque,Ro Albuquerque,False
g28762,Juliana Juliete de Oliveira,Professora Juliana,False
g28769,Maria Luiza Euzebio,Luiza Euzebio,False
g28772,Rodrigo de Souza Vignoto,Rodrigueira,False
g28779,Elisabete Tonobohn Siraque,Bete Siraque,False
g28787,Ricardo Barbosa de Souza,Ricardo Kaka,False
g2879,Mauricio Wagner Jorge,Mauricio Jorge,False
g28794,Agostinho Baltazar Diniz,Professor Agostinho,False
g28808,Ana Claudia Brandão Cidreira,Ana Brandão,False
g28834,Jorlan Sousa Santos,Jorlan,False
g28836,Jessica Trevisan de Deus Batista,Jessica Trevisan,False
g28838,Jose Carlos Dias Pedro,Zégordinho,False
g28841,Luiz Carlos Teixeira de Souza,Luiz Picolezeiro,False
g28851,Joaquim Francisco de Oliveira,Chico do Banco,False
g28870,Silvano Donizete Sanches,Silvano Sanches,False
g28873,Eduardo Teixeira Alves,Eduardo Teixeira Alves,False
g28883,Marcelo André dos Santos,Marcelo André,False
g28888,Ângela Valentin Gonçalves,Dona Angela,False
g2889,Claudio Godoi Batista França Silva,Claudio Macarrão,False
g28913,César José Simões dos Santos,César Português,False
g28930,João Vicente,João Vicente,False
g28937,Sheila Cristina Delgatto Oliveira,Sheila Delgatto,False
g28938,Marcia Adriana Sensulini Leme,Marcia Sensulini,False
g28951,Delio Brasil Bezerra,Delio,False
g28957,Sabrina Brandão Torrezan,Sabrina Brandão,False
g28962,Everaldo da Silva,Everaldo,False
g2897,Sidney Santana e Silva,Cido Santana,False
g28982,Claudia Antonia Beserra,Claudia Adamo,False
g28984,Cintia Regina Secario de Oliveira,Cintia Secario,False
g28989,Fabia Luciana Ramos de Oliveira Camargo,Fabia Camargo,False
g28996,Jean Faria da Silva,Jean Alemão,False
g29003,Maria Silvana Calia Bastos,Sil Riviera,False
g29006,Cristiane Luci Simão,Táta,False
g29009,Valdemar José de Souza,Valdemar do Sindicato,False
g29016,Angela Camargo Spineli,Angela Spineli,False
g29017,Silvana Rodrigues da Silva,Silvana,False
g29032,Tassya Rita Gaia da Costa Monteiro,Tassya Monteiro,False
g29039,Marta Silvana Reis Ferreira Vieira,Marta do Ppa,False
g29040,Nelson Luis de Oliveira,Nelson Minga Escrivão,False
g29046,Tiago Martins de Jesus,Tiago Et,False
g2905,Alzira Cypriano de Oliveira,Professora Alzira,False
g29051,Waldemar Roberto do Nascimento,Roberto Nascimento,False
g29054,Ovenildo Nepomucena Monteiro,Jarabaia,False
g29056,João Pedro Martin Sastre Miranda,João Pedro Sastre,False
g29057,Ioilte Francisco Vieira,Kiko,False
g29060,Maria Raquel Miguel Alves,Maria Raquel,False
g29061,Arnaldo Rosa de Pontes,Preto do At,False
g29066,Antonio Carlos Abuabud Junior,Junior da Farmácia,False
g29069,Everton Verga,Everton Verga,False
g29083,Valdecir Geraldo Colaciti,Valdecircolaciti,False
g29085,Joyce Maira de Souza,Joyce Souza,False
g2909,Felipe Augusto Cintra Magalhães,Prof Felipe Magalhães,False
g29093,Lazara Marina Caroli,Marina Caroli,False
g29099,Elcio Duarte Ribeiro,Professor Elcio O Véio,False
g29101,Bernadete Rodrigues de Queiroz,Professora Bernadete Queiroz,False
g29104,Antônio Paulo Sposito,Paola,False
g29108,Rita Miranda Silvestre,Rita Miranda,False
g2911,João Luís Lemos de Paula Santos,Professor  João Luís,False
g29115,Maria Aparecida Candida Malaquias,Maria Malaquias,False
g29116,Jose Benedito de Meira,Meirinha,False
g29117,Débora Dias,Agora É Com Elas - Débora,False
g2912,Odair Jose Polido,Odair Polido,False
g29125,Valdir Marcelo da Silveira,Prof Valdir,False
g2913,Janete Aparecida da Silva,Janete,False
g29136,Maria Luísa Ferreira Marins,Luísa Marins,False
g29144,João Bosco Martns,João Bosco,False
g29161,Ana Maria de Paula,Ana Maria,False
g29180,João Carlos Gonçalves,João do Pt,False
g29232,Mariluci Aparecida Seguro Pimenta,Mariluci Pimenta,False
g29239,Elisângela Alves Calmon dos Santos,Prof Elisângela Calmon,False
g2924,Marcos Guido Bomfilio,Marquinho Bomfiglio,False
g29240,Hannah Carolina Silva Ferreira,Hannah Ferreira,False
g29265,Vagner da Silva Carvalho,Vagner Carvalho,False
g2928,Aparecida da Graça Carlos,Professora Cida Carlos,False
g29291,Mauricio Humberto Fornari Moromizato,Maurício,False
g2931,Eder Martins Menossi,Eder Menossi,False
g29310,Cirso Perpétuo Caires Lima,Mazão,False
g29315,Roberta Stopa,Roberta Stopa,False
g29318,Mauro Sergio Neri da Silva,Mauro Veracidade,False
g29340,Klauss Moura Bernardino,Professor Klauss,False
g29348,Luiz Antonio Alves,Carlitinho,False
g29359,Roberto Bergamaschi,Roberto Bergamaschi,False
g29385,Valdirene da Silva Sá,Valdirene Sá,False
g29395,Dawson Alves de Oliveira Silva,Dr Dawson,False
g29401,Esdras Rodrigues,Azulão Esdras,False
g29421,Basilio Vido,Basilio Vido,False
g29430,Jose Arquias Ferreira Alves,Zé Arquias,False
g29435,Maria Madalena de Freitas Gomes,Madalena,False
g29440,Ademir de Souza,Ademir de Souza,False
g29450,Luciane Ribeiro Rodrigues,Luciane,False
g29456,Edna de Fatima Rodrigues de Camargo Santos,Edna Camargo Comadre,False
g2946,Maria Francisca de Oliveira Borali,Dona Francisca,False
g29474,Francis Estevam Mesquita da Silva,Francis Estevam,False
g29478,Joana D Arc Ferreira,Joana D Arc A Guerreira,False
g2948,José Matosinho de Moura,Pelé,False
g29484,Patricia Rodrigues da Silva,Pagu Rodrigues,False
g29485,Joao Queiroz Fernandes Filho,Queiroz,False
g29491,Maria Ileide Teixeira,Maria da Terra,False
g29494,Maria Oneida de Melo Albuquerque,Maria Oneida,False
g29500,Teonilio Monteiro da Costa,Barba,False
g2951,Tamiris Scarpeto Teixeira,Tamiris Teixeira,False
g29510,Maria Aparecida Vieira Lima,Pastora Maria Aparecida,False
g2953,Sônia de Fatima Calidone,Sônia Recchia,False
g29553,Antonio Carlos dos Santos,Toninho Eletricista,False
g29561,Eriberto Aparecido Mendes,Eriberto Mendes,False
g29572,Gislene Lima dos Santos,Prof Gislene Lima,False
g29578,Liliane de Jesus Neves,Liliane do Postinho,False
g29579,Jenifer de Paula Ferreira,Jenifer Ferreira,False
g29590,Thalia Maura Jordão,Thalia Trans,False
g29591,Gislene Aparecida Costa Viana Santos,Gi Viana,False
g29595,José Célio dos Santos,Célio Santos,False
g29607,Zildinha Aparecida Camargo,Zildinha Camargo,False
g29610,Manoel Borges Brandão,Seu Manoel,False
g29611,Antoninho Perondi,Toninho Perondi,False
g29614,Thiago Pereira Villis Klava,Thiago do Jacutinga,False
g29623,Waldomiro Almeida dos Santos,Waldomiro,False
g29626,Rejane Gomes do Nascimento,Rejane Gomes,False
g29628,Amadir Ribeiro Silva,Amadir Ribeiro,False
g29634,Marcelo Massoni Pereira,Prof Marcelo,False
g29637,Paulo Henrique de Campos,Paulinho Campos,False
g29639,Jaci Pinheiro da Silva,Jaci Pinheiro,False
g29648,Deise Josiane da Silva Casale,Deise Casale,False
g29656,Alcilene Vicente de Carvalho,Leni Cuidadora,False
g29657,Marcela Nayara dos Santos Fernandes,Marcela Nayara,False
g29665,Luis Carlos dos Santos,Carlão Santos,False
g29669,Catia Gould,Professora Catia Gould,False
g29675,Luciana Oliveira Barboza,Luciana da Maturi,False
g29676,Paulo Iram Pereira Machado,Paulo do Som,False
g29687,Paulo Sérgio dos Santos,Paulo Sergio Bombeiro,False
g29707,João Vitor Alves de Oliveira,João Vitor,False
g29720,Marcia Valeriano Costa Rossi,Marcinha Valeriano,False
g29721,Matilde Cortiço Fernandes de Almeida,Prof Matilde,False
g29723,Aparecida de Fatima Aguiar,Cidinha Tabachi,False
g29728,Luiz Antonio Ribeiro dos Santos,Marmita,False
g2973,Pollyanna do Valle Atagiba,Atagiba,False
g29751,Hilton Alessandro Marques de Oliveira,Hilton Marques,False
g29758,Antonio Carlos Silva Sousa,Carlinhos Padeiro,False
g29763,João Domingues da Fonseca Filho,Tatá,False
g29785,Cleber Sena Bastos da Silva,Lebrão,False
g29800,Patrícia Leandro Marinho,Patricia Marinho,False
g29809,Antonio Jociel da Silva,Jociel da Bom Pastor,False
g29820,Anisio Clementino Leal,Anisio Clementino,False
g29821,Willian de Oliveira Gimenes,Willian Gimenes,False
g2983,Ivone Ivani de Sousa,Ivone Ivani,False
g29838,Neusa Ramos da Silva,Neusa Silva,False
g2984,Jefte Orivaldo Reis,Jefte do Esporte,False
g29843,Milton Pires de Oliveira,Minhoca,False
g29860,Wagner Luis da Silva,Wagner Luis,False
g29864,Antonio Armando Felipe de Oliveira,Antônio Armando,False
g2987,Antonio Dutra da Silva,Tonhao Dutra,False
g29874,Moises Albacete Erran,Moises Erran,False
g29876,Vanessa Aparecida dos Santos,Vanessa do Ditão Virgílio,False
g29885,Elaine Cristina da Silva,Elaine Silva,False
g29897,Maria Nildes dos Santos Nascimento,Nildes Nascimento,False
g29899,Fernanda Stefani Curti,Fernanda Curti,False
g29905,Conceiçao Aparecida Calixto,Conceiçao Calixto,False
g29906,Amauri Fernando da Silva,Gordo Motorista,False
g29910,Daniel Caribé Lima Ramil,Daniel Caribé,False
g29917,Denilson Jardim Moreira,Denilson Cavalinho,False
g29919,Regina Celia de Oliveira,Professora Regina,False
g29933,Vera Lucia Zirnberger,Prof Vera Z,False
g29937,Vicente Januário Alves,Vicentinho de Palmeiras,False
g29942,Celso Heraldo dos Reis,Celso Reis,False
g29945,José Sebastião Ribeiro,Sebastião Vela,False
g2995,Hercules Rodrigues de Souza,Hércules Rodrigues,False
g2996,Rosana Aparecida Caruso,Rosana Caruso,False
g29975,José Pereira da Silva,Zé Capelão,False
g29997,Caio Augusto Gomes da Silva,Caio Silva,False
g300,Luciana de Freitas Telles Peres,Luciana Telles,False
g3000,Luiz Cezar da Silva Junior,Luizinho,False
g30006,Maria Lúcia Rodrigues,Du Rodrigues,False
g30011,Reginaldo Ferreira da Silva,Regis da Toca do Espeto,False
g30064,Israel Gustavo Coelho de Moraes,Rael Coelho,False
g30066,Marcelo Alves de Lima,Marcelo Segurança,False
g30073,Isaque Josias Francisco Cassiano Sampaio,Isaque Sampaio,False
g30079,Carlos Werneck do Amaral,Carlinhos Werneck,False
g3008,Ivanildo Valentim dos Santos,Ni do Portal Filho do Fiapo,False
g30082,Maria Regina Ferreira,Regina Ferreira,False
g30084,Moises Batista da Silva,Moises Batista,False
g30094,Alex Gouveia Silva,Alex da Servidão,False
g30116,José Rodrigues,Zé Buchinha,False
g30166,Carlos Alberto Caporicci,Beto Motorista,False
g3018,Silvia Helena Trombetti Vieira,Silvia Helena,False
g30181,Edson Batista Sobrinho,Edson dos Abacaxis,False
g30193,Maria das Dores Delfino Mineiro,Maria Lenita,False
g30205,Julia Correa da Silva Almeida,Julia Almeida,False
g30227,Julio Cezar de Jesus Sobral,Julio Cezar,False
g30239,Andreia Aparecida Mafra Rosa,Pastora  Andréia Mafra,False
g30242,Djalma Sutero da Silva,Djalma do Sindicato,False
g30247,Advan Alexandre da Silva,Baixinho da Reciclagem,False
g30256,Edmilson de Lima,Edmilson de Lima,False
g30276,Osmar Marques Penha,Osmar Peña,False
g30297,Rodrigo Marinho Rodrigues da Silva,Rodrigo Quilombola,False
g30298,Diogo Luis de Oliveira Silva,Diogo Coriolano,False
g30301,Joaquim de Almeida Barros,Joaquim Barros,False
g30305,Osvaldo Padovan,Osvaldo Padovan,False
g30306,Ramiro Gomes do Paço,Prof Ramiro,False
g30320,Jair Ribeiro,Jair Carteiro,False
g30341,Marcelo Aparecido Teixeira,Marcelo Teixeira O Azarro,False
g30366,Wallace Borges da Costa,Wallace Borges,False
g30392,Vera Lúcia Ferreira Camargo,Vera Camargo,False
g30409,Abenevaldo Ramos de Oliveira,Benê Ramos,False
g3041,Milena Fernanda de Brito,Milena Brito,False
g30410,Luis Paulo Valente,Valente,False
g30411,João Tabermam,João Tabermam,False
g30420,Marilsa Candelária de Brito Silva,Marilsa Brito,False
g30435,Paulo Roberto Moura de Oliveira,Paulinho Faz Tudo,False
g30448,Maria Gabriela Gonçalves Coquelet,Gabi Coquelet,False
g3047,Carmen Célia de Oliveira,Celinha Oliveira,False
g30472,Maria Neide Vieira,Neide Costureira,False
g30484,Regiane Fernandes Melittio,Regiane,False
g30489,Dorgival Adorismo Xavier,Val,False
g30513,Valdecir Candia,Valdecir Paraguaio,False
g30527,Adalberto da Silva Rocha Lobato,Beto Rocha,False
g3053,Angela Maria Quintanilha Lopes,Angela Quintanilha,False
g30531,José Prado Junior,Juninho,False
g30571,Solange Silva Faria,Sol,False
g30583,Manoel Correia Dias,Mané do Comboio,False
g30585,João Carlos dos Santos,João Santos,False
g30606,Rodrigo Jalloul,Sheik Rodrigo Jalloul,False
g30612,Agostinho Gomes,Agostinho Gomes,False
g30614,Carlos Jose Pereira Pinto,Carlão,False
g30618,Maria Aparecida Nunes,Dinha Nunes,False
g30620,Luiz Eduardo Pereira,Eduardo do Yoga,False
g30634,Willian Eduardo Calvete,Willian Calvete,False
g30647,Claudinei de Souza,Ney Souza,False
g30656,Aparecida Ferreira da Silva,Doca,False
g30665,Elenita de Souza Búfalo,Lena de Terra É Vida,False
g30667,Aparecido Simões Meira,Cido do Caju,False
g30672,João Batista Lopes,João Batista,False
g30673,Carlos Januario,Carlos Januario,False
g30677,Douglas Samoel Fonseca,Douglas Frente Democrática,False
g30684,Everaldo Vitor Pereira de Brito,Everaldo Brito,False
g30686,Luiz Antonio Dalecio,Luiz Dalecio da Farmácia,False
g30692,Clotildes Oliveira Borges Almeida,Clotildes Borges,False
g30709,Laercio Flavio,Jacaré,False
g3071,Maria Lucia Avelar da Silva,Maria Lúcia Avelar,False
g30712,Alcyone Galvão Vieira Bérgamo,Alcyone do Dagoberto,False
g30728,Fabiana Tomazine,Biluka,False
g30734,Juliano Morais dos Santos,Juliano Auto Capas,False
g30753,Catia Cardoso da Silva,Catia Cardoso,False
g30766,Adilson de Souza,Adilson de Souza,False
g30774,Luis Fernandes Pereira de Souza,Fernandes Pernambuco,False
g30788,Carlos Alberto Rolim Zarattini,Carlos Zarattini,False
g30803,Denise Bernardo Mollo,Denise Bernardo Mollo,False
g30806,Edmir Aparecido Correa,Edmir,False
g30810,Cleso Barbosa Rocha,Cleso,False
g30817,Luciano da Silva Santos,Luciano,False
g30819,Pedro Fabricio de Araujo Cesar,Fabrício,False
g30823,Wagner Ocimar Balieiro,Wagner Balieiro,False
g3083,Antonio Pereira Feitoza,Feitoza do São Pedro,False
g30853,Deusdete Rodrigues da Cruz,Gildete,False
g30877,Danilo Cavalcante dos Santos,Danilo Badaró,False
g30902,Adalto Antonio da Costa,Adalto dos Robôs,False
g30917,Sidineu Jesus dos Santos,Guinel Santos,False
g30927,Jose Francisco de Sousa Silva,Pezão,False
g30931,Antonio Florentino Brito Rodrigues,Baiano do Maria Luiza,False
g30935,Rita de Cássia Ferreira,Rita Ferreira,False
g30945,Claudinei Aparecido Wenceslau,Preto do Zé Branco,False
g30980,Nilson Pereira Ramos,Nenzinho Gato,False
g30988,Katia Pereira Miranda,Katia,False
g31022,Aparecido do Carmo de Souza,Cidinho,False
g31023,Sandro Douglas Eugenio,Sandro do Bar,False
g31032,Shirley Santos Tessari,Shirley do Postinho Ipiranga,False
g31042,Thais Jeremias dos Santos,Professora Thais,False
g31044,Leoneide Pinheiro Aquino,Leide Aquino,False
g31056,Luiz Fernando dos Santos,Luiz Fernando,False
g31063,Eduardo Pereira Martins,Eduardão,False
g31067,Valci Silva,Valci Psicólogo,False
g3107,Allan Aparecido Raimundo de Andrade,Allan Andrade,False
g31076,Rogerio Ramos Santos,Roger Santos,False
g31078,Gledson Pedro de Siqueira,Gledson Pedro,False
g31079,Márcia Silva Loureiro,Marcia Loureiro,False
g31093,Everalda Aparecida de Souza Flores,Vera Flores,False
g311,Jorge Augusto Roque Souza,Roque,False
g31106,Silvana Carla dos Santos,Silvana da Saúde,False
g31117,Custódio Campos de Oliveira,Custódio Campos,False
g31120,Vivian Cristina dos Santos Carlos,Prof Vivian Carlos,False
g31145,Perpetuo Ribeiro Lima,Perpetuo Ceara,False
g31156,Samantha Zduniak,Samantha Zduniak,False
g31160,Roberto Francisco Rosa,Roberto da Jardinagem,False
g31163,Valter Rodrigues,Valter Rodrigues,False
g31164,Aline Castilho dos Santos Fillippi,Aline Fillippi,False
g31170,Setembrino da Guia Marinho,Setembrino dos Quilombos,False
g31173,Salomão Costa Mariano,Salomão Simprão,False
g31174,Verônica Barbosa,Verônica Barbosa,False
g31177,Douglas Martins de Souza,Douglas Martins,False
g31178,Luiz Carlos de Amorim,Carlos Amorim,False
g31192,Antonio Cesar Barbosa,Cesar da Maquina,False
g31197,Maria Cristina Almeida,Maria Cristina,False
g312,Fabio Aparecido de Godoy,Fabio do Gás,False
g31202,Lais Aparecida Feliciano,Laís Feliciano,False
g31203,Pedro de Souza Rezende,Pedro de Souza,False
g31206,Ivone Crescencio da Silva Mendonça,Ivone Mendonça,False
g3121,Rafael Pereira de Souza,Rafa Street,False
g3122,Andreza do Nascimento Almeida,Zazá,False
g31235,Nair Torres,Nair Torres,False
g31236,Djalma Macedo Martins,Neguinho D Agua,False
g31246,Luciana Mariano da Silva,Lu do Mercado,False
g31255,Gecine Paula Borges,Gecine Borges,False
g31278,Geni Siqueira,Geni da Areia Branca,False
g31283,José Carlos Gomes da Silva,Zé do Mazim,False
g31284,Antonio Ferreira Santos,Toninho Ferreira,False
g3131,Valmir Pereira Roque,Valmir Roque,False
g31314,Danilo Alves da Conceição,Prof. Danilo Alves,False
g31333,Rogério Domingos,Rogério Açougueiro,False
g31338,Joyce Oliviane de Lima,Joyce Cabeleireira,False
g3135,Carlos Diego Divino,Dj Pretho,False
g31352,Judeti de Freitas Pimenta Zilli,Coletivo Popular Judeti Zilli,False
g31356,Valdemar Bombini Pinto,Valdemar Bombini,False
g31371,Valdeci Aparecida da Silva,Val Silva,False
g31372,Antônio Lúcio Inocêncio,Edi Ali,False
g3138,Edson Luiz de Castro Machado,Edinho Machado,False
g31394,Claudio Murilo Miki,Murilo Miki,False
g31408,Alisom Duarte,Alisom Duarte,False
g31419,Iduigues Ferreira Martins,Iduigues Martins,False
g3142,Divaldo Aparecido dos Santos,Garotinho,False
g31422,Maraly Aparecida Adami,Mara,False
g31431,Iolanda Carlos Monteiro,Yolanda Monteiro,False
g31442,Adenir Granza,Miro Granza,False
g3145,Marisol Costa Silverio,Marisol Silverio,False
g31451,Claudilson Leite Pereira,Claudilson Pezâo,False
g31454,Renato José Alves,Renato do Pt,False
g31457,Hugo Cesar Cavalini Severiano,Hugo Investigador,False
g31459,Geraldo Antonio da Silva,Gel Antonio,False
g31467,Messias Pereira da Silva,Apóstolo Messias,False
g31491,Rigoberto Ribeiro Costa,Ringo,False
g315,Cesar Luis Fuzatto,Cesinha,False
g3150,Givanilda Alves da Costa,Gil dos Passes,False
g31503,Geni Xavier da Silva,Vera Verão,False
g31507,Marino do Amaral Goes,Ney Amaral O Malacabado,False
g31516,Regina Célia da Silva,Regina Rê,False
g3152,Adeilson dos Santos Jardim,Tuka Cabeleireiro,False
g31520,Regina Adelaide dos Santos,Regina Capão,False
g31524,Pascoal Carrasco da Silva,Pascoal,False
g31537,Thiago Henrique Maia Soratto,Thiago Soratto,False
g31553,Edio Lopes dos Santos,Édio Lopes,False
g3156,Jilvane Andrade Mendes,Jil Mendes,False
g31575,Lafaiete Pereira Biet,Dr Lafaiete do Pt,False
g31582,Paula Eduarda Siqueira Canhadas Dias,Professora Paula Eduarda,False
g31586,Pedro Jose Sanches de Souza,Professor Pedro Sanches,False
g31589,Maria de Lourdes da Silva Oliveira,Lurde do Nardo,False
g31595,Fabiola Scaramal,Fabi Scaramal,False
g31598,Odisseia Ferreira Faundez Urbina,Dra Seia Ferreira,False
g31604,Ricardo Rodrigues Martins,Kai Kai,False
g31607,Claudinei Bagatini da Silva,Bagatini,False
g31616,Pedro Fernandes Sobrinho,Pedrinho da Capela,False
g31622,Michele de Oliveira Santos,Michele,False
g31630,Juliana Assunção do Amaral,Juliana Amaral,False
g31650,Carlos Vanderlei de Mello,Carlos Mello,False
g31697,Heloiza Bersiliera Marques,Professora Heloiza,False
g31721,Alessandro de Oliveira Soares,Ale Soares,False
g31730,Ilza Tardelli,Ilza Tardelli,False
g3174,Olga dos Santos Castro,Olga do Bar,False
g31744,Roberto Rodrigues Araujo,Roberto Bi,False
g31758,Edmar Castanho de Camargo,Dema,False
g3177,Tânia Maria Lopes Jesus da Fonseca,Tânia Gadita,False
g31788,Jeronimo Caetano de Souza,Jê Pintor,False
g31789,Paulo Roberto Fiorilo,Paulo Fiorilo,False
g3179,Jose Maria Silva,Zé Maria da Radio Total Fm,False
g31797,Nilza Mateus dos Santos,Tia Nilza Inspetora,False
g31803,Jose Geraldo de Lima,Zé Bigode,False
g31807,Valmira Oliveira de Santana,Val,False
g31813,Iraci Pereira de Jesus,Iraci Pereira,False
g3182,Rafael Ferreira de Oliveira,Rafael Ferreira,False
g31822,Daiana da Conceicao Teixeira,Dra Daiana Teixeira,False
g31844,Daniela Gomes Malta,Dani Gomes,False
g31847,Robson Paixão de Albuquerque,Robinho do Aracaré,False
g31849,Denison Soldani Santos,Prof Denison Soldani,False
g31859,Isamar da Silva dos Santos,Isa da Motinha Amarela,False
g31872,Adilson Mendes Gomes,Careca,False
g31876,Joyce Aparecida dos Santos Oliveira,Joyce Oliveira,False
g31891,Wilson Pinto de Abreu,Wilson,False
g31904,Etrio Luiz Bispo,Chicão da Roxa,False
g31909,Cibele Cristina Mathias Borba,Cibele Borba,False
g31910,José Marques Sobrinho,Marques,False
g31911,José Francisco Alves Lopes,Dr Fran,False
g31916,Maria da Gloria Montemor,Gloria Montemor,False
g31942,Josely Nunes Villela,Jô Nunes,False
g31948,Vera Lucia Gomes Machado,Vera da Verdura,False
g31956,Fatima Aparecida Marin da Penha,Fátima Borracheira,False
g31967,Cicero Carlos da Silva,Carlim Zé do Gado,False
g31970,Eleny Roberta de Oliveira Carlos,Eleny,False
g31983,Sidia Daiane Souza Barboza,Sidia,False
g32012,Ligia Santana Oliveira,Ligia Santana,False
g32027,Solange de Oliveira Souza,Solange Oliveira,False
g32028,Marly Gomes Caldas,Marly Caldas,False
g3203,Samuel  Marcos de Oliveira,Samuel Oliveira,False
g32032,Thamara Cristina Pupim Pozzetti,Thamara Lula da Silva,False
g32037,Valmir Santos de Oliveira,Valmir de Oliveira  Pai,False
g3206,Juliana Maciel Cavalcanti,Juh Maciel,False
g32072,Ademar Celestino de Brito,Ademar de Brito,False
g32077,Marina Carvejani da Fonseca,Marina Carvejani,False
g32082,Fabrício Marquesini,Fabrício Marquesini,False
g32093,Osvaldo Ribas,Osvaldo dos Cosméticos,False
g32110,Lino Leandro de Barros,Lino,False
g32126,Antonio Moreno Rodrigues,Toninho do Pt,False
g3214,Bianca Martins Fernandes,Bianca Fernandes,False
g32184,Terezinha Donizete da Silva,Terezinha Cobradora,False
g32187,Demercio de Almeida,Professor Demercio,False
g32195,Telma da Silva Pinho,Telma Pinho,False
g32201,Silvana Nascimento Fabeni,Silvana Fabeni,False
g32204,Galhardo Alfonso,Professor Galhardo,False
g32212,Vinicius de Carvalho Bernardini,Vinição do Pt,False
g32236,Odete Alves,Dona Odete,False
g32271,Valdelice Basilio Nobrega,Valdelice Nobrega,False
g32274,Sonia Maria Coelho Gomes Orellana,Sonia Coelho,False
g32285,Renata Angela da Rosa Inocencio,Renata,False
g32294,Maria Osmarina Poiati dos Santos,Professora Osmarina,False
g32302,Ruth Mary da Silva,Professora Ruth Silva,False
g32307,Geovane Inacio da Silva,Gê do Pt,False
g32308,Maria das Gracias de Siqueira Leiva,Gracias Leiva,False
g32313,Maria Aparecida Monteiro de Carvalho,Kika - Coletivo Prata Popular,False
g32319,Mirian da Costa Moreira Machado,Mirian Costa,False
g32321,Ed Carlos de Souza,Gato Turmeiro,False
g32331,Marcos Guerra,Marcos Guerra,False
g32333,Francisco Moreira da Silva,Chiquinho do Esporte,False
g3234,Railson Valdomiro Pereira Amado,Railson Amado,False
g32340,Rosimeire dos Santos Valencio,Meire Valencio,False
g32345,Marco Antonio Rillo,Marco Rillo,False
g32348,Anderson Paes da Silva Alves,Anderson Paes,False
g32360,Paulo Gonçalves de Oliveira,Paulo do São Manoel,False
g32376,Marina Neves de Paula,Marina do Porco,False
g32395,Aparecida de Fatima Machado da Costa,Fatima Gomes,False
g32416,Jozimar Rodrigues,Jozimar Rodrigues,False
g32426,João Bertoni Neto,Dão Bertoni,False
g32446,Maria Simplício Nascimento,Maria Simplício,False
g32448,José Luiz Pacheco de Lima,Pachequinho,False
g32455,Edson Roberto de Amorim,Edson Amorim,False
g3247,Marta da Silva,Tia Martinha,False
g32474,Aguinaldo Lopes da Silva,Fiu O Ricardo Camargo,False
g32499,Agnaldo Antonio Soares de Almeida,Gugu,False
g3250,Renato Foresto,Renato Foresto,False
g32509,Carlos Alberto dos Santos,Badaró,False
g32511,Maria Conceição de Almeida Barbosa,Missionária Maria Conceição,False
g32541,Renata Oliveira de Souza,Renata Oliveira,False
g32549,Daniel Jose Nunes,Daniel Nunes,False
g32553,Cicera Maria de Lima Zani,Lili,False
g3256,Giovanni Pereira de Souza,Gil do Bar,False
g32562,Osvaldo Rosa,Osvaldo Rosa,False
g32564,Nilson Silva,Prof Nilson,False
g32575,Marcos Rogerio Gouveia,Rogerio do Pt,False
g32579,Eugenio Said,Eugenio Said,False
g32583,Antônio Fernando Barbosa da Silva,Zebra,False
g3259,Antonio Pedro Henrique Batista,Pedro Batista,False
g32593,Maria Clara Rodrigues Eleutério,Clarinha,False
g3261,Rui Goethe da Costa Falcão,Rui Falcão,False
g32620,Gizele Gracine Teixeira,Gizele Gracine,False
g32622,Rita de Cássia Santos,Rita do Pt,False
g32626,Daniel Rodrigo Proença,Daniel Proença,False
g32627,Leila Aparecida da Costa,Leila,False
g32629,Maria Nosangela Borges Sampaio,Miga Diniz,False
g32631,Eduardo Fonseca de Luca,Eduardo Dentista,False
g32632,Andre Luiz de Mello Costa,Andre Luiz,False
g32637,Nerivaldo Ferreira Farias,Neri Ferreira,False
g32640,Antonio Lopes Neto,Toninho Lopes,False
g32644,João Fernando de Souza Amorim,João Amorim,False
g3265,Vanderci Machado Filho,Vanderci Filho,False
g32658,Ederson Nunes dos Santos,Gema,False
g32697,Eulino Alves de Sousa,Lino da Terceira Idade,False
g32699,Antonio Machado de Lima,Antonio Machado,False
g32710,Maria Luiza da Silva,Professora Maria Luiza,False
g32711,Luiz Fernando Galvão Ferrari,Dr Luiz Fernando Dentista,False
g32733,Jurandi Pereira Fonsêca,Jureba,False
g32734,Romulo Ornelas de Oliveira,Prof Rômulo,False
g32735,Almir Santos Gonçalves,Almir Boralá,False
g32736,Débora Rodrigues Teixeira Menezes,Dra. Débora,False
g32767,Hildo Xavier de Sousa,Hildo Bom Pra Cachorro,False
g32821,Paulo Sergio de Carvalho,Cojak,False
g32828,Anedino Bispo dos Santos,Barba,False
g32841,Claudinei Cardoso Coutinho,Claudinei Tuca,False
g32848,Marcela de Cassia Macedo Quirino Lorenzotti,Mel Lorenzotti,False
g32853,Ideval Rogerio Cardoso,Ideval do Sinserp,False
g32859,Izaias Leite,Professor Izaias,False
g32862,Thais Bernardes Morais,Thais Bernardes,False
g32868,Reginaldo Sérgio de Oliveira,Reginaldo Speed,False
g32873,Cirlei Alves de Avila,Cirlei Avila Mat. Contrução,False
g32877,Maria Isabel da Silva Domingues,Maria Isabel Filha Professor,False
g32878,Marcos Robério de Brito Ferreira,Professor Gaguinho,False
g32879,Joilson Silva Peruna,Ge do Posto,False
g3288,Márcio Ramos,Márcio Ramos,False
g32883,Jussânia de Fátima Leite Aleixo,Jussânia,False
g32890,Gabriela Peixoto Ortega Pereira da Silva,Gabriela Ortega,False
g32897,Cleberson Aparecido Bernardes da Silva,Kebinha do Açougue,False
g32913,Lenice de Paula Silva,Lenice Silva,False
g32919,Diego Francisco Martins Gonçalves,Diego Gonçalves,False
g32920,Laercio Andrieti,Laercio da Borracharia,False
g3293,Ana Claudia da Conceição de Jesus,Claudia,False
g32933,Maria Angélica de Souza Rosa Pinarelli,Maria Angélica Pinarelli,False
g32944,Andira Coutinho,Andira do Bar Capela,False
g32946,Katia Cristina Pereira do Nascimento Santos,Katia do Primavera,False
g32950,Andréia Muniz Alves,Andréia Feijó,False
g32966,Pedro José de Oliveira,Pedro José,False
g32974,Raphael da Silva Cruz,Raphael Novidade,False
g32975,Arthur Godoy Caires,Arthur Godoy,False
g32978,Ismael Francisco do Nascimento Filho,Kimba,False
g32985,Leticia de Oliveira Cintra,Leticia Cintra,False
g32986,Reinaldo Carias de Morais,Scooby,False
g32988,Ariovaldo Alves de Oliveira,Vado Julien,False
g32998,Nilson Aparecido Galoni,Prof. Nilson Galoni,False
g33013,Luiz Fernando de Oliveira,Bombeiro Luiz Fernando,False
g33015,Maria Isolda Lima,Isolda,False
g3302,Humberto de Toledo Câmara Neder,Delegado Humberto Neder,False
g33020,Guilherme Glauco Pereira de Lima,Guilherme Anky,False
g33026,Sérgio Desiderá,Sérgio Desiderá,False
g3304,Monica Aparecida Jorge  Fessel,Monica  Fessel,False
g33051,Luiz Otavio Ricco Vieira,Otavio Ricco,False
g33057,Angelica Patricia Ignacio de Barros Faria,Patricia do Cidinho Sindicato,False
g33065,Osana Martir Dias Nilsen,Professora Osana Nilsen,False
g3308,Manoel Magalhães Guilherme,Manoel da Padaria,False
g33100,Maykon Araújo do Nascimento,Maykon Luza Luza,False
g33106,Hamilton Ribeiro Mota,Hamilton Mota,False
g33110,Elisabeth Sahão,Beth Sahao,False
g33113,José Aparecido dos Santos,Tejota,False
g33115,Sonia Maria da Conceição de Oliveira,Sonia Maria,False
g33119,Raphael Seles de Aquino,Pastor Raphael,False
g33120,Vera Lucia Ferreira,Verinha,False
g33122,Jailson de Souza Maia,Jailson Maia,False
g33123,Fabiana Bueno Gomes Mantovani,Professora Fabiana Bueno,False
g33153,Eliel Dias Rodrigues,Eliel Gas,False
g33166,Enelzita Fernandes Pereira Gasparino,Enelzita Gasparino,False
g33168,Flávia Cristina Barbosa Boccanera,Flavinha Boccanera,False
g33172,Lindoval Alves da Silva,Val da Van,False
g33173,Valdir Ferreira de Freitas,Valdir,False
g33180,Laercio Pereira Honorato,Laercio Honorato,False
g33184,Viviane Pereira da Silva,Viviane Silva,False
g33195,Luiz Agostinho Amora,Luiz Amora,False
g332,Marilsa de Oliveira,Mah de Oliveira,False
g33201,Luciano de Sousa Mendes,Luciano Sousa,False
g33207,Manoel Messias de Almeida,Messias,False
g3322,Henrique Nunes dos Santos,Henrique Jacaré,False
g33227,Adriana Oliveira de Almeida,Adriana Oliveira,False
g33239,Darci Ribeiro Guimarães,Darci Pedreiro,False
g33246,Laércio Aparecido de Souza,Laércio,False
g33247,Fabiana Soler dos Santos Andrade,Fabiana Soler,False
g33274,Nestor Flausino da Silva,Nestor,False
g33276,Williams George Gonçalves Montini,George Montini,False
g33277,Carlos Roberto de Oliveira,"Carlão Nossa Gente, Nossa Voz",False
g33285,José Antonio do Vale,José da Comunidade,False
g3329,Elza Rodrigues da Silva,Elza,False
g33296,Neide Maria da Silva Jacob,Neide Jacob,False
g333,Gleidinilson Arcanja da Silva,Denilson Barbearia do Povo,False
g33316,Fernando Tsuyoshi Oba,Fernandinho Oba,False
g3332,Ana Maria Borges de Olinda,Profa Ana Olinda,False
g33323,Almir de Araujo Amorim,Prof Almir Amorim,False
g3335,Elisabeth de Fátima Sona,Dra Beth Sona,False
g33350,Paulo Rogerio Beraldo,Paulo Beraldo,False
g33357,Paulo Marcelo Mendonça,Marcelo Mendonça,False
g3337,João Aparecido Afonso,João Afonso,False
g33372,Marcos Aparecido da Silva,Marquinhos do Pt,False
g33387,Edson Bispo Gonçalves,Edson Bispo,False
g33416,Ana Claudia Scardovelli de Almeida,Ana Claudia,False
g33423,Paulo Cezar da Silva,Paulinho do Max,False
g33424,Vera Lúcia Mandolini Marcatti,Vera Mandolini Marcatti,False
g33427,Celia Regina Brandani,Célia Brandani,False
g33457,Joelma Oliveira e Silva,Joelma do Joel,False
g33458,Liliane Marques da Silva,Liliane Marques,False
g33464,Wilson Roberto Veronez Júnior,Wilson Veronez,False
g33469,Santo Furlanetti Pereira,Santo Furlanetti,False
g33494,Claudia Regina Romão,Claudia Romão,False
g33497,Juliano de Souza Martins,Juliano Art Mais,False
g33499,Iara Cristina da Costa,Professora Iara Costa,False
g3351,Luiz Alberto Melchert de Carvalho e Silva,Prof Luiz Alberto,False
g33522,Jose Aparecido Nascimento,Aparecido Marabraz,False
g33526,Marcos Antonio Coelho,Tatu do Bar,False
g33530,Marcio Henrique Ladeia,Marcio Ladeia,False
g33542,José Carlos Codeco,Codeco,False
g33550,Cristiane de Paula Filigoi,Cris Filigoi,False
g33570,Sidenham Moacir Marinho,Sideam da Fármacia,False
g33580,Simone Diniz Di Stadio de Araujo,Simone Protetora,False
g3359,Marisol de Oliveira Candido,Sol de Oliveira,False
g33594,Raquel Auxiliadora dos Santos,Raquel Auxiliadora,False
g33607,Anselmo de Figueiredo,Anselmo Figueiredo,False
g33616,Marçal Fernando de Oliveira,Marçal,False
g33633,Nilton Cesar Ribeiro,Niltinho,False
g33634,Dione Batista,Dione Batista,False
g33635,Daniela Aparecida Marcílio,Dani Marcílio,False
g33645,Roberto Rodrigues de Lima,Beto do Pt,False
g3366,Angela Maria Leite de Lima,Angela Maria,False
g33679,Marcia Paes Gori,Marcia Gori,False
g33694,Renato Bispo Caroba,Renato Caroba,False
g33708,Inês Moraes,Inês Moraes,False
g33710,Alex Sandro Miguel Miranda,Alex do Horto,False
g33712,Orlando Vitoriano de Oliveira,Orlando Vitoriano,False
g33721,Renata Aparecida Leonardo Pinto da Silva,Renata Leonardo,False
g33728,Edson de Freitas,Edson Ferrugem,False
g33729,Jucimara Boldrin Granadier,Mara da Escola,False
g33733,Rosana Aparecida de Oliveira,Rosana do Carvão,False
g33737,Alexandre José da Silva,Alexandre Bacalhau,False
g33739,Antonio da Silva,Roberto do Gesso,False
g3374,Marcos de Almeida Barbosa,Marcos Barbosa,False
g33763,Odete Modolo,Odete Modolo,False
g33765,Eduardo Carlos Rodrigues,Mestre Eduardo,False
g33812,Cecilia Romaneto,Ceci,False
g33813,Pablo Robert Freitas do Nascimento,Pablo Robert,False
g33848,Welliton Anselmo Gomes,Welliton Gomes,False
g33868,Pedro Felipe Marques de Paula,Pedro Marques,False
g3387,Mara da Conceição dos Santos,Maura do Conselho,False
g33881,Elenice Araujo Cacciatore,Elenice Cacciatore,False
g3390,Adão Pereira da Silva,Adão Pereira,False
g33904,Antonio Cordeiro dos Santos,Cordeiro,False
g33908,Pedro Sérgio de Lira,Sérgio Jiu Jitsu,False
g3391,Tiago Soares de Oliveira,Tiago Soares,False
g33919,Ronildo José da Silva,Ronildo,False
g33921,José Nicolau da Silva,Nicolau,False
g33931,Silvana Aparecida Rodrigues,Silvana Rodrigues,False
g33945,Maria Rodrigues da Silva,Maria Rodrigues,False
g33962,Gediane Galhoti,Gediane Galhoti,False
g33970,Joao Gomes Pereira Filho,Dr João,False
g33989,Leci de Lurdes Pereira da Silva,Leci Pereira,False
g33998,João Isaias de Carvalho,Isaías,False
g3400,Clovis de Carvalho Peixinho,Professor Peixinho,False
g34012,Gustavo Rodrigues Costa,Bancada Antifascista,False
g34014,Benedicto Braz Ferreira,Ditinho da Farmácia,False
g34027,Erinaldo José de Macedo,Erinaldo Macedo,False
g34033,João Alberto Nogueira Junior,Coronel João Alberto,False
g34036,Francisca Veloso,Francisca Veloso,False
g34048,Margarida Barbosa de Souza,Guida,False
g3407,César Renato Gomes de Oliveira,Prof. Cesar,False
g34070,Pedro de Oliveira,Pedro da Coca,False
g34075,Márcio José Ramos,Márcio Ramos,False
g34082,Paulo Eduardo Santiago de Castro,Paulinho,False
g3410,Leonor Penteado dos Santos Peres,Professora Leonor,False
g34102,Daiany Maquea Neres de Jesus,Daiany Maquea da Enfermagem,False
g34106,José Patrício Dias,Paraíba,False
g34112,Ananda Basilio Diniz,Ananda Diniz,False
g3412,Luiz Antônio Rocha,Rochinha,False
g34132,José Carlos da Silva,Professor José Carlos,False
g34143,Gilmar Silva de Sousa,Irmão Gilmar,False
g34150,Jonatan Silva Truchlaeff,Jhow,False
g34165,Miriam Manetta Algarra,Miriam Algarra,False
g34174,Alcindo Sabino dos Santos,Alcindo Sabino,False
g34181,Hudson Martins Rodrigues,Professor Hudson Martins,False
g34186,José Augusto Toledo,Toledo,False
g34189,Gabriela Aparecida Vitoria Ferreira do Nascimento,Gaby,False
g34210,Emily Caroline Idalgo Oliveira,Emily Idalgo,False
g34213,Francisco Jose Campos Rodrigues,Campos,False
g34247,Roberta Cardoso Araújo,Professora Roberta Araujo,False
g34249,Monique Calderaro da Rocha Santos,Monique Calderaro,False
g34251,Silvia Ferreira de Jesus,Silvia Filha do Silvão,False
g34263,Nádia Helena Nogueira e Silva,Nádia Nogueira,False
g34272,José Henrique da Silva,Henrique Men,False
g34276,Marcio Dias Moreno,Marcinho Garçom,False
g34278,Jairo Baroni,Jairo Baroni,False
g34279,Benedito Scabini,Dito Scabini,False
g34281,Jean Batista Campos,Jean Triunfo,False
g3432,Kerllyn de Oliveira Menegusse,Kerllyn Oliveira,False
g34323,Luis Antonio de Sousa,Luis de Sousa,False
g34348,Rafael Lucas de Souza,Rafael Lucas,False
g34349,Patricia Oliveira Antoniolli,Patricia Antoniolli,False
g34351,Antonio Marcos Donaton,Professor Donaton,False
g34368,Natalia Miazzo Pereira,Natália Mandata de Mãos Dadas,False
g34386,Amarildo Donizete Boza,Prof Amarildo,False
g34388,Claudiney Soares de Melo,Coca,False
g34401,Camila Squiziato dos Santos,Camila Furacão,False
g34407,Carlos Alberto Alves,Tampinha,False
g34415,Gilvania de Oliveira Moreira,Nega Gilvania,False
g34418,Creusa Maria de Carvalho,Professora Creusa de Carvalho,False
g34421,Elisabete Corrêa dos Santos Aguilera,Betinha,False
g34434,Sebastião Mateus Batista,Tião Mateus,False
g34438,Jose Antonio da Silva,Zé Antônio,False
g34450,Josué Julio da Silva Júnior,Jota Júnior,False
g34461,Josiene dos Santos,Josiene,False
g34465,Cristiane Rigatti,Tia Loira,False
g3447,Janete Sarti do Amaral,Janete Sarti,False
g34475,Heldevare Jose Correia,Devar Correia,False
g34487,Claudio Teixeira,Claudio Zuza,False
g34532,Tatiane Priscila de Oliveira Santos,Tatiane,False
g34540,Erika Cristhiane Camargo Marques,Dra Érika Marques,False
g34543,Ednei Pinto Laureano,Laureano Corretor,False
g34560,Márcio Bono Machado,Márcio Bono,False
g34575,Rafael Silva Duda,Duda,False
g34576,Any Caroline dos Santos Menossi,Carol Menossi,False
g34585,Edfranco Pasotti Andrieti,Edinho da Rotatória,False
g34586,Mariane Palhares Lima,Mari Palhares,False
g34604,Elizabeth Kolbe,Tia Beth,False
g3463,Delson Monteiro Lopes,Delson Lopes,False
g34638,Edenilda Alves de Santana dos Santos,Edenilda Enfermeira,False
g34643,Gleison Henrique Teixeira Moreira,Gleison Teixeira,False
g34645,Suelen Cristina Lourenço dos Santos,Suelen Agrovila 3,False
g34646,Rosimari Tenorio da Silva,Rose Tenorio,False
g34648,Miriã Sol Splicigo,Miriã Sol,False
g34653,João Batista Rodrigues,Prof João do Brasileirinho,False
g34658,Raquel de Araújo Santos,Raquel Araújo,False
g34675,Olimpio Dias,Olimpio Dias,False
g34676,Valdecir Cesar da Silva Cavalcante,Cesar Cavalcante,False
g34689,Tatiana Perpétua Martins,Tati Martins,False
g34703,Sara Ribeiro dos Santos,Sara,False
g34712,Thais Marconi Cardoso,Thais Marconi Filha do Lau,False
g3473,Rodrigo Espeleta Nicoletti,Banana do Espetinho,False
g34735,Geovane Correa de Souza,Geovane Corrêa,False
g34747,Marcos Baltazar Santos,Prof Marquinho Baltazar,False
g3476,Camila Vieira,Camila Vieira,False
g34770,Luciano Andre Comparini Moreira,Enfermeiro Luciano Comparini,False
g3479,Nayde de Oliveira Nascimento,Nayde O Eletricista,False
g34797,Adauto Silva de Paula,Adauto de Paula,False
g348,Marta Maria da Silva Freitas,Nita,False
g34814,Francisco Duarte de Lima,Alemão Duarte,False
g34818,Jose Geraldo Ura,Ura,False
g34819,Daglair Postigo Pucineli,Daglair do Clube de Campo,False
g34821,Edna Rodrigues Nascimento,Edna Rodrigues,False
g34824,Marcelo José Ribeiro da Silva,Vovô,False
g34826,Dirceu de Brito Farias,Dirceu Brito,False
g34838,Aparecida Socorro Rodrigues Teixeira,Carlinha Socorro,False
g34844,Rosângela Aparecida Dias Paschoal,Rosinha,False
g34853,Luis Fernando Dergabio,Fernando Dergabio,False
g34856,Maria de Lourdes Lauriano de Almeida,Lourdes Lauriano,False
g34862,Paula Faria Dias,Profa Paula Faria,False
g34875,Antonia Maria Ribeiro de Angelis,Toninha do Pt,False
g34880,Henrique de Jesus Brito,Henrique Brito,False
g34899,Maria Goreti Moreira Moura dos Santos,Goreti,False
g34907,Walnice Helena Zuffo,Nice Zuffo,False
g34915,Ana Lucia Alves Dias,Lucia Dias,False
g34920,Luiza Erica Neto Carvalho,Eryka Carvalho,False
g34928,José Abreu de Lucena,Zé Abreu,False
g34933,Rosangela Silva dos Santos,Rosângela Santos,False
g34937,Devair Stefano,Neco da Cohab,False
g34940,Marcelo Cezar Duarte Cavinato,Marcelo Cavinato,False
g34946,Jurandir Marques da Silva,Jurandir Guerreiro,False
g34965,Junio Cesar Farias,Juninho da B Dois,False
g34978,Marcia Ignacio de Barros,Marcia,False
g3498,Jose Rodrigues Carvalheiro Neto,Neto Carvalheiro,False
g34980,Raimundo Leite Lemos,Raimundo Lemos,False
g34987,Luiz Lamartine Godoy,Luiz Lamartine Godoy,False
g34988,João Carlos Cardoso da Silva,João Cardoso,False
g34989,Jose Renato Jonas,Renato Jonas,False
g350,Willian Rodrigues da Silva,Willian Rorigues,False
g3500,Leticia Monteiro Martins,Leticia Martins,False
g35013,Osmar de Camargo,Professor Osmar de Carmargo,False
g35024,Antonio Luiz Cunha Geremias,Geremias,False
g35025,Sebastião Antonio de Morais,Tiãozinho,False
g35037,Wanderley Tadeu Ramazzini,Wanderley Ramazzini,False
g35038,Thiago Ricardo Nielsen,Thiago Nielsen,False
g35048,Jose Mario de Queiroz,Jeca da Raia,False
g35062,Lucinda de Almeida Noronha,Lucinda,False
g35079,Sinomar Jesus Martins Pinto,Sinomar Oreia,False
g35093,Veronica Galvao Munhoz,Veronica Manicure,False
g35098,Fabiana Rodrigues Pereira Dallapé,Fabiana,False
g35105,Alexandre Moreira de Oliveira,Alexandre Moreira,False
g35109,Sergio Fioravante Alvarez,Professor Padre Sergio,False
g3512,Jose Raimundo de Santana,Chimbinha,False
g3513,Juvenal de Aguiar Penteado Neto,Prof. Juvenal da Apeoesp,False
g35148,Jair dos Santos Chagas,Jair dos Saude,False
g3515,Elias Carlos Montecino,Lia Montecino,False
g35153,Elias Ramos Junior,Elias Junior,False
g35162,Priscila Boveto de Campos,Priscila Boveto,False
g35180,Diene Aparecida Ferraz Ramos,Diene Ramos,False
g35183,Carlos dos Santos Penha,Carlos Penha - Carlinhos,False
g35185,Marcelo Mendes da Silva,Gestor Marcelo Mendes,False
g35197,Sebastiao Pereira dos Santos,Fião,False
g35209,Sidinei Aparecido da Silva,Sidinei Bom Preço,False
g35214,David Mendes Rodrigues,David do Pt,False
g35220,Luis Antonio dos Santos,Toiço,False
g35223,Louracy Borges dos Santos,Louracy Borges  Loura,False
g35230,Thiago Fernandes de Oliveira,Thiago Fernandes,False
g35247,Carlos Alberto Gonçalves Prestes,Carlinhos Prestes,False
g35263,Lucia Mangueira dos Santos,Professora Lúcia,False
g35274,Tatiane Ferreira Lopes da Silva,Tati Unha,False
g35278,Erica Cristina do Prado Lahlali,Tia Erica,False
g35281,Jheniffer Lauana de Andrade Junqueira,Jheniffer,False
g35283,Roberto Brandão Rodrigues,Robertinho,False
g3530,Enzo de Paula,Professor Enzo,False
g35302,Eredice Brandão,Professora Erê,False
g35305,Maricelma Aparecida Dias,Maricelma,False
g35325,Valderi Antonio dos Santos,Valderi Baiano,False
g35329,Maria de Fatima Vieira da Silva Gaudensi,Fatima Gaudensi,False
g35344,Sueli Aparecida Moreira,Sueli Moreira,False
g35352,Deise Maria de Lima,Deise do Quilombo do Jaó,False
g35353,José Carlos dos Santos,José Carlos,False
g35356,Ademir Mendes de Godoy,Ademir Godoy,False
g35358,Joalice Pinto Gallindo,Joalice Gallindo,False
g35368,Ricardo José dos Santos,Leitão,False
g35369,Sandra Clarice Giovanni,Sandra Giovanni,False
g35373,Francisco Zeferino Antonio,Zé Bodin,False
g35378,Daniele Thati Leme Pereira,Dani,False
g35384,Jonas Soares,Jonas 30 Horas,False
g354,Antonio Carolino Filho,Carolino,False
g35409,Jeronica Oliveira de Santana Barbosa,Jeronica Oliveira,False
g35415,Danny Lopes Santana,Daniel Espada,False
g35429,Joana Benedita Aparecida de Souza Perdigão,Joana Perdigão,False
g35451,José Roberto Tomaz,José Roberto,False
g35461,Andreia Coelho da Costa da Silva,Andreia Costa,False
g35482,Jose Marcos Duarte,Mandato Coletivo da Educação,False
g35500,Silene Germano Robes,Silene Germano,False
g35501,Joselita Maria de Oliveira,Josy Oliveira,False
g35514,João da Silva,João da Silva,False
g35515,Sônia Maria Teixeira,Sonia Sealia,False
g3553,Fábio Camilo dos Santos,Fábio Betera,False
g35531,Douglas dos Santos,Toco Barber,False
g35541,Edicarlos da Silva Oliveira,Pépe Moreno,False
g3555,Ivanilda Souza Marques,Ivanilda do Calaça,False
g35550,Zildinei Campos de Oliveira,Dr Zildinei,False
g35554,Ana Lucia Pires do Rio e Souza Oliveira,Analu Oliveira,False
g35561,Alexia Dias Rezende,Alexia Dias,False
g35563,Maiara de Souza Robattini,Maiara do Sindicato,False
g35589,Silvana Aparecida da Silva,Silvana de Cascalho,False
g35593,Saturnino Marques,Saturnino,False
g356,Francisco Marcio dos Santos Pereira,Márcio do Coletivo de Lutas,False
g35604,Maria Vilma Dutra de Souza Cruz,Prof Vilma,False
g35619,Ricardo Leandro de Araujo,Ricardo da Santana,False
g35621,Edson da Silva,Presbítero Edson,False
g35636,Andrea Silva Ribeiro,Andrea do Jero Som,False
g35637,Luiz Antonio Mariano de Oliveira,Luiz Mariano,False
g35654,Edison Luiz de Souza,Edison Carteiro,False
g35659,Juliano Henrique Davoli Finelli,Juliano Davoli,False
g35664,Heber da Cunha Lima,Binho Limah,False
g35688,Gilberto Campos Carrasco,Gilberto Campos Carrasco,False
g35693,Dulcilene Morais dos Santos,Dulcilene Morais,False
g35719,Cristovao Calaca Alves de Moraes,Tovinho do Povo,False
g35720,Dalva Batista Gracini,Dalvinha da Anhumas,False
g35728,Katia de Souza Pinheiro,Katia Pinheiro,False
g35729,Maria Cavalcante dos Santos,Maria,False
g35740,Neusa Valeria do Amaral da Silva,Valéria Amaral,False
g35751,Valdemir Gomes da Silva Amorim,Valdemir Conde,False
g35754,Mauro Cesar dos Reis,Zuza,False
g3579,Ricardo Xavier Cordeiro,Prof Ricardo Xavier,False
g35800,Romulo Cesar Fernandes,Rômulo,False
g35808,Caio Roberto de Souza Filho,Caio Filho,False
g35809,João Pedro Marchina,João Pedro,False
g35810,Neuza Olimpia da Silva,Neuza Artesã,False
g35816,Eliana Aparecida Buono da Silva Ribeiro,Lana Buono,False
g3582,Debora Barbosa do Nascimento,Professora Débora Baby,False
g35833,Tarcísio Aparecido Bagatin,Tarcisio Bagatin,False
g35843,Otelino Lopes de Souza,Otelino,False
g35845,Inaldo Cassimiro Ramos,Chiquinho,False
g3586,Luis César Bueno Gaspar,Cezika Tattoo,False
g35865,Jimmy Andrey Araujo,Prof Jimmy,False
g3587,Maria Auxiliadora Peixoto da Silva,Professora Dorinha,False
g35873,Carlos Pereira dos Santos,Carlos Índio,False
g35886,José Donizeti do Prado Maia,Doni Maia,False
g35887,Francisco Jose Nogueira da Silva,Chico do Settaport,False
g35893,Deise Lima Ribeiro Costa,Deise Lima,False
g35899,Cristiane Lilian Xavier da Silva,Cristiane Xavier,False
g35900,Claudia da Silva Matheus Justino,Claudia Tataruga,False
g35905,Filipa Brunelli Iani,Filipa Brunelli,False
g35906,Alex Barreiro,Alex Barreiro,False
g35913,Valdecir Aparecido Novaes,Val Novaes,False
g35930,Reginaldo Rodrigues Maranhão,Professor Reis,False
g35940,Rosa Manica Basilio,Rosa Pessoa,False
g35951,Clóvis Batista Pereira,Professor Clóvis,False
g35965,Dinah de Araujo Barros,Dinah Barros,False
g35969,Joao Siqueira,Taquara,False
g3599,Driele Beatriz Pedroso Dias,Driele Dias,False
g35994,Joaquim Lopes Filho,Joaquim Lopes do Pt,False
g36009,Sergio Santos Silva,Serginho,False
g36010,Eliab Abmael Martins Lopes,Eliab,False
g36013,Celi Regina da Cruz,Celi Regina,False
g36034,Rubiane Cristina de França,Rubi França Vozes Periféricas,False
g3605,Adailton Manoel da Silva,Adailton do Sem Teto,False
g36069,Aurilene Dourado Sampaio,Aurilene Sampaio,False
g36073,Alessandra da Silva Moreno,Alessandra Moreno,False
g36101,Lazaro Custodio da Silva Filho,Lazin,False
g36128,Andre Luiz de Oliveira,Andre Zanga,False
g36135,Luciano Ceregato,Luciano Ceregato,False
g36142,Sidney Aparecido Fernandes Teruel,Teruel,False
g36149,Ananias Andrade,Ananias Andrade,False
g36154,Fátima Aparecida de Oliveira Batista,Fatona do Pedro Saturno,False
g36159,Gilberto Gouvea Calisto,Gilberto Calisto,False
g3616,Carlos Alberto Pinto,Português do Espetinho,False
g36165,Romildo da Silva Melo,Fumaça,False
g36169,Carlos Eduardo Silva de Amorim,Professor Amorim,False
g36182,Ricardo Alessandro Camargo,Ricardo Alessandro,False
g3619,Vagner Monteiro de Almeida,Vagner Monteiro,False
g36191,Claudete Vieira da Silva,Professora Claudete,False
g36199,Alexandre Hussar,Alemão,False
g36212,Danilo Tosetto,Tosetto Policial Antifascismo,False
g36225,Marcelo Augusto dos Santos,Marcelo Record,False
g36230,Iara Bernardi,Iara Bernardi,False
g36231,Gloria Aparecida Oliveira Sposito da Silva,Glória da Causa Animal,False
g36237,Marcia Regina Damaceno Silveira,Marcia Damaceno,False
g3624,Serafim Fernandes,Professor Serafim,False
g3625,Luiz Augusto de Sousa Pereira,Luiz Augusto,False
g36262,Dheison Renan Silva,Dheison,False
g36270,Joao Marcos da Silva Filho,Marcão,False
g36272,Claudinei Norberto Batista,Nei Batista,False
g36281,Rita de Cacia Ferreira,Rita Ferreira,False
g36287,Rafael Macedo da Silva,Rafael Macedo,False
g36301,Juvenal Marques de Oliveira,Juvenal da Baixada,False
g36311,Debora Rubin de Toledo,Debora Rubin,False
g36316,Glaucio Luiz da Costa,Glaucio,False
g36317,Marcia Cardoso Almeida,Marcia do Beto Cohab,False
g3632,Leide Silva dos Santos Garcia Leal,Professora Leide,False
g36327,Nadir Aparecido Siqueira,Nadir da Anta Magra,False
g36330,Andreia Farias do Nascimento,Andréia,False
g36332,Diego Nadir de Castro Helleno,Diego Castro Helleno,False
g3634,Marcos Rodrigues da Silva,Marcão do Povo,False
g36354,Antonio Marcos da Silva,Antonio Lemão,False
g36359,Alfeu de Jesus Bispo,Pastor Alfeu,False
g3636,Avelar Alexandre Martins,Avelar Martins,False
g36368,José Pereira Diniz Filho,José Diniz,False
g36391,Maria Cristina Bueno da Silva Bonfim Lima,Cris Bueno,False
g36392,Aparecida de Fatima Paulino da Silva,Cida Paulino,False
g36395,Valmir Bertoletti,Valmir do Sindicato,False
g36412,Pedro Magalhães Valentim,Professor Pedro,False
g36419,Leonardo Figueiredo de Angeli,Professor Léo,False
g36440,Pascoalina Souza Silva,Lili,False
g36452,Cleiton Goveia,Cleiton Gouveia,False
g36457,Jonathan Leme Alves,Jhol Art Papel,False
g3646,Jhonatan Felipe Milla,Jhonatan Juntos Por Penápolis,False
g36464,Luis Claudio Rocha,Tio Luis Claudio,False
g36475,Francisco Jose dos Santos,Chiquinho,False
g36495,Oswaldo Marcelo Deeke,Oswaldo do Pt,False
g36500,Antonio Flavio de Fazio,Professor de Fazio,False
g36506,Lucelia Helena de Campos Reis,Lucelya Reis,False
g36530,Ademir Pires da Cunha,Francine,False
g36531,Gildásio Fernandes Souza,Gildásio Fernandes,False
g36535,José Antonio Ferreira,Panela,False
g36548,Marcus Brandino Celeguim de Morais,Bran Celeguim,False
g36553,Rita de Cassia Nascimento,Prof Rita,False
g3656,Zilda Alves da Silva Farias,Zilda,False
g36571,Cheila Maria Subenko Olalla,Cheila Olalla,False
g36575,Leonardo Almeida de Oliveira,Léo Almeida,False
g36579,Ademir Constantino,Mirão,False
g36590,Clayton dos Santos Farias,Clayton Farias,False
g36606,Joel da Silva Ferreira,Joel Ferreira,False
g36610,Maria Cleuza Cardoso Bellaroza,Maria Cleuza,False
g36617,Claudia da Silva Santos,Claudinha,False
g36621,Miriam Cristina Silva Cruz de Campos,Miriam Cruz,False
g36636,Valdir da Silva Santos,Valdir do Altos de Santana,False
g36648,Julio Ferreira da Silva,Júlio Silva,False
g36659,Pedro Alves Costa,Pedro  do Enxoval,False
g36666,Vânia Cândida da Cruz,Vãnia Morena,False
g36674,Janaina Ferrato Elias,Janaina do Coletivo Ecossistem,False
g36699,Sandra Maribel Ilha de Campos Parisotto,Sandra Parisotto,False
g3670,Marlei Ferrari de Sousa,Marlei Bonfim,False
g36701,Fabrício Perpétuo de Souza,Fabrício de Souza,False
g3671,Francisco de Assis Rolim,Chico da Pipoca,False
g36711,Nilton Cezar Bucino,Niltinho do Pt,False
g36718,D Liene Gomes Vieira,Deliene Vieira,False
g36723,Jose Goncalves Filho,Jose Goncalves Filho (Paraiba),False
g36725,Milton Santos,Miltão,False
g36731,José Cláudio Moscatelli,Moscatelli,False
g36742,Mauricio Gouvea,Mauricio Gouvea,False
g36759,Luiz Fernando Sapun,Fernando Sapun,False
g36770,Anderson Carolino de Souza,Anderson de Souza,False
g36791,Jaci Mendes da Silva,Jaci Mendes,False
g36794,Roberto Carlos dos Santos,Roberto Carlos,False
g36812,José Arnaldo dos Santos,Vadinho da Vila,False
g36814,Edmar de Oliveira Lima,Dema dos Transportes,False
g36815,Antônio Gandini Junior,Professor Gandini,False
g36849,Joana D Arc de Almeida Miranda,Joana D Arc,False
g36851,Elizabeth Mariano da Paz,Beth Mariano,False
g3686,Elisangela Gomes dos Santos,Elisangela Gomes,False
g36875,Maria Aparecida do Amaral,Cida Amaral,False
g36884,Jofre Assis Sandim Guimaraes,Jofre Sandim,False
g36891,Francisco Granado Pádua,Chico Chaveiro,False
g36901,Silvana Maria Biscalchim,Sil Biscalchim,False
g36902,Abraão Lopes Santana,Abraão Santana,False
g36903,Marcos Roberto Campos,Marquinhos da Cultura,False
g36919,Jhon Eder da Silva,Jhon Eder,False
g36927,Maria José Floriano Borges,Zeza,False
g36946,Geremias dos Santos Correa,Geré,False
g36947,Mauro Roberto Perissato,Mauro Perissato,False
g36987,Yasmin Fernanda Araujo,Yasmin Araujo,False
g36992,Sandro Rogerius Barbosa,Sandrão Rzo,False
g37003,Armando de Oliveira Silva Junior,Junior do Bar,False
g37019,Marcio Henrique da Silva,Marcio,False
g37038,Geovane Antônio Kenidy de Sena,Geovane Senna,False
g37057,Rafael Camargo dos Santos Oliveira,Rafael Serrinha,False
g37065,Ivanildo de Jesus,Ivanildo Tapeceiro,False
g37081,Luciana Galante,Professora Luciana,False
g37090,Moacir da Silva Filho,Tomate,False
g37101,Sara Taís Maia da Silva Justino,Sara Taís,False
g37108,Maria Francisca Tavares de Oliveira,Professora Francis,False
g37118,Antonio Marcos Fernandes,Marquinho Coletor,False
g3712,Anilda Rodrigues de Souza,Nilda Rodrigues,False
g37124,Nilson Aureliano dos Santos,Nilson Aureliano,False
g37142,Rosana Maria Caveanha,Prof Rosana Caveanha,False
g37152,Fabio Viegas Pereira de Proenca,Fábio Corvo e Bancada Popular,False
g37162,Tatiane Fernanda Devietro Braga,Tati do Bar,False
g37168,Ricardo Alves Marinho,Ricardo Marinho,False
g37172,Ana Maria dos Santos Giudice,Ana da Casa do Mel,False
g37223,Kauana Arruda de Aguiar,Kauana Aguiar,False
g37227,Lucas Trajano Gois da Silva,Lucas Trajano,False
g37247,José Luiz Cassimiro,Zé Luiz Cassimiro,False
g37250,Valquíria de Cássia Braz Francisco,Professora Val,False
g37252,Luana Maria Rissatto,Luana Rissatto,False
g3726,Joao da Silva,Joao Mosquito,False
g37268,Paulo Sergio Bozi,Paulo Bozi,False
g3727,Carlos da Silva Vieira,Carlão Ceará,False
g373,Gilvandro Jose Alves de Oliveira Filho,Gil do Povo,False
g37312,Maria Gercina Sampaio,Gercina Sampaio,False
g37313,Renato Ponzio Scardoelli,Renato Scardoelli,False
g37322,Fabio Moreira Assuncao,Fabio Belem,False
g37326,João Soares,João de Mamãe,False
g37345,Victor da Silva Reis,Vitinho,False
g37346,Domitilia Silva Ribeiro,Dodô,False
g37351,Emerson Clayton dos Santos,Doidão do Parque Ester,False
g37355,Nair da Silva Brum,Nair Brum,False
g37366,Lucas Rodrigues de Andrade,Lucas Andrade,False
g37373,Rosicler Helena de Moraes e Souza,Professora Rosicler,False
g37376,Jose Cicero Barbosa da Silva,Cicinho,False
g3738,Acir Pereira,Acir do Bar,False
g37397,Luiz Inácio Lula da Silva,Lula,True
g37398,Andreina Lisbeth de Aleixo Bravo,Dra. Andreina Bravo,False
g37400,Viviane Sayuri Miyoshi,Viviane Sayuri,False
g37434,Ana Beatriz Zanatta,Bia Z,False
g37442,Severino Santos Ferreira,Tiririca de Sumare,False
g37450,Marcos Diego de Almeida,Marcos da Canabis Medicinal,False
g37451,Niderley da Rocha Coutinho,Levy do Sindicato,False
g37475,Rômulo Henrique Prestes Rodrigues,Henrique Prestes,False
g37486,Nemia Jose de Queiroz,Nino Queiroz,False
g37491,João Pereira dos Santos Junior,Tio João,False
g375,Marcio Pereira Batista,Marcio Batista,False
g37505,Albertina de Souza Penna,Albertina Penna,False
g37538,Cibele Aparecida Fialho,Cibele Fialho,False
g37544,Pedro Bellarmino,Pedro Bellarmino,False
g37549,Alfredo Martins Alves,Alfredo Martins,False
g37569,Érica Lemes da Silva,Prof Érica,False
g37586,Filipe Pereira Silva,Filipe Bassi,False
g37588,Letícia Murbach Prestes,Leticia Prestes,False
g37614,Luiz Carlos Facina,Luiz Facina,False
g37617,Diego Pacheco Santos,Diego Pacheco,False
g37620,Rosemario Martins Bernadino,Rosemario Moreno,False
g37621,Alana Farias de Jesus Menezes,Alana Menezes,False
g37628,Thuani Telesforo Mariano,Thuani Veterinária,False
g37635,Maria Sylvia Martignoni Spinola,Vivi Spinola,False
g37637,Reinaldo de Oliveira Ferreira,Reinaldo,False
g37643,Marineide Raul,Mari Raul,False
g37656,Carlos Alberto Pauperio,Prof Carlos Pauperio,False
g37665,Clodoaldo de Oliveira Neto,Neto Negri,False
g37672,Adriano Luis Remonti,Adriano do Tchê,False
g37674,Gerson dos Santos,Gel,False
g3768,Adilson Jose Pinto,Adilsinho Uber do Paulista,False
g37690,Rafaela Pâmela da Silva Pimenta Pascoal,Rafaela Pimenta,False
g37695,Daiane Cristina dos Santos de Aquino,Daiane,False
g37704,Luiz Gustavo Euci Santos,Nego Théo,False
g37712,Carlos Henrique Coelho Junior,Dj Henrique,False
g37717,Francisca dos Santos,Fran do Cruzeiro,False
g37718,Henrique Soares,Henrique Soares A Voz do Povo,False
g37732,Rodrigo Antonio Macelari,Rodrigo Macelari,False
g37738,Ricardo Rubim de Toledo,Dr Ricardo Rubim,False
g37739,Julio Cesar Barbosa,Juca,False
g37741,Rafael de Castro Hirabahasi,Rafael Barata,False
g37745,Luis Carlos da Silva,Lula,False
g3775,Ana Paula Candido,Ana Paula Candido,False
g37755,Zenaide de Sena Rogério,Zenaide,False
g3776,Simone Flores da Cunha,Simone da Loja,False
g37761,Jose Roberto Campos,Pastor Zé Roberto,False
g37767,Jessica Caroline Santos Pinto,Jessica Caroline,False
g37771,Katia Regina Lopes Oliveira,Kátia do Sérgio,False
g37778,Joaquim Domingos Paião Neto,Joaquim Paião,False
g37785,José Sebastião Lemos,Zé Lemos,False
g3779,Eduardo Henrique Correa de Castro,Eduardo Correa,False
g37799,Ana Paula Delfino Falanqui,Paula,False
g37804,Vlademir Aparecido de Oliveira,Vlade do Churrasquinho,False
g37814,José Neto da Silva,Zé Neto,False
g37835,Matheus Henrique de Freitas Vaz,Matheus Vaz,False
g37844,Maria José Favarão,Professora Mazé Favarão,False
g37848,Maria Jose Grigol,Maria Jose Grigol,False
g37854,Maria de Lourdes Salvador de Santos Ginetti,Lurdinha Ginetti,False
g37875,Vania Olindina Felipe,Vania Pelega,False
g37884,Luciano Manoel do Nascimento,Dr Luciano Theta,False
g37894,Regivaldo Cantor dos Santos Junior,Junior Itiban,False
g37897,João Batista Barbosa,João Barbosa,False
g37898,Valdete Barbosa,Valdete Mineiro,False
g37907,Ubiratan da Silva Jesus,Ubiratan,False
g37909,Reginaldo Camilo dos Santos,Zezinho,False
g37939,Nivaldo Virgilio de Araujo Filho,Nene Nivaldo,False
g3794,Ana Cristina da Silva de Paiva Dias,Professora Cristina Paiva,False
g37960,José Raimundo dos Santos,Irmão Raimundo,False
g37973,Evelise de Almeida Moreira,Ize,False
g37974,Elaine Cristina dos Santos,Elaine,False
g3798,Perla Carolina Leal Silva Muller,Perla Müller,False
g37992,Ezequiel Favarão,Favarão Cabeleireiro,False
g37995,Aguinaldo do Amaral,Agnaldo Amaral,False
g38,Arnaldo Martins da Silva,Professor Arnaldo,False
g38005,Antonio Carlos da Silva,Antonio Carlos,False
g38016,Ivanildo Vieira de Souza,Ivan Souza,False
g3802,Ana Claudia Maurino Fortunato,Professora Kk Fortunato,False
g38026,Matheus Felipe Ferreira,Matheus Felipe,False
g38037,Adenilson de Marins,Adenilson Marins,False
g38038,Ronaldo de Abreu Almeida,Coletivo Ronaldo Almeida,False
g3805,João Maria dos Santos,João Bodinho,False
g38052,Vera Lucia Rodrigues de Faria,Vera Faria,False
g3807,Sônia Regina Magalhães da Silva,Sônia Ducadu,False
g38079,Maria Sissa de Fatima da Silva Costa,Dona Sissa,False
g38088,Cicero Lima de Souza,Cicero da Segurança,False
g38092,Geovam Batista da Silva,Mico Preto,False
g38093,Josiel Aparecido Costa,Josiel,False
g38108,Pedro Ipolito Vieira Filho,Pedrinho,False
g38110,Leandro Pereira da Silva,Leandro do Ribeirão Verde Pcd,False
g38118,Marcos Donizeti Rodrigues Faria,Tuca,False
g38129,Rogerio da Cruz Santos,Rogerio Borracha,False
g38136,Julio Yamamoto,Julio Yamamoto,False
g38137,Divani Francisca de Souza do Nascimento,Diva Nascimento,False
g38138,João Carlos Antunes de Brito,Jc Carretinha,False
g38144,Francisco Lopes Dias,Chiquinho,False
g38156,André de Aguiar Tertuliano dos Santos,André Tertuliano,False
g38157,Esmênia Aparecida Silva,Esmênia Silva,False
g38162,Ivaneti de Araújo,Neti Araújo,False
g38183,Gilson Vilela Reis,Gilson Vilela,False
g38189,Paulo Batista dos Reis,Reis,False
g38196,Maria de Fátima de Oliveira Fusari,Professora Fatima Fusari,False
g38207,Deise Alves,Deise do Coletivo de Mulheres,False
g38216,Alan Marcel Carneiro de Oliveira,Alan Cebola Cadeirante,False
g38224,Jonatha Alex Santana Santos,Jonatha,False
g38231,Divonice Marques Gonçalves,Nicinha Marques,False
g38235,Maria Cristina Navarro de Campos,Cris Navarro Bancada Humanas,False
g38236,Lucival Almeida da Cruz,Sanclear Cruz,False
g3825,Maria das Dores Saturnino Souza,Dorinha,False
g38272,Lais Bispo dos Santos Silva,Lais Santos,False
g38290,João Bernardino Leite,João Leite,False
g38305,Valéria Lívia Borges Chiari,Valéria Chiari,False
g3831,Lucas Almir do Amaral,Buiu do Bicicross,False
g38310,Rodrigo Neves Gândara,Rodrigo Gândara,False
g38315,Valdir Donizete de Freitas,Valdir de Freitas,False
g38323,Flávia Saletti Grecco Dotoli,Flávia Dotoli,False
g38327,Silvia Helena Gasparino,Silvia Bill,False
g38356,Julio Cesar Candido Apolinario,Julio (Filho do Pe Na Cova),False
g3836,Gabrieli de Deus,Gabi de Deus,False
g38365,Sandro Bomfim Silva,Sandro Sorta Sorta,False
g38372,Salvador George Donizeti Khuriyeh,Salvador Khuriyeh,False
g38385,Erika Silvia Dona Cipriano,Erika Cipriano,False
g38389,Leandro Ribeiro de Piza,Leandro Piza,False
g38394,Weslley Santos Neris,Wesley Santtos,False
g38399,Amancio Emiliano dos Santos Filho,Amancio Pintor,False
g38414,Marcos Aurelio Portela,Marcos Portela,False
g38421,Maria Juscelina da Silva,Celina,False
g38422,Gilson Machado da Costa,Gilson Machado,False
g38427,Helio Ferreira dos Santos,Hélio do Pt,False
g38434,Dionio Lopes de Sá,Dio do Jd Magário,False
g38458,Fernando Alves da Silva,Fernando Alves,False
g38474,Robelvania Pires de Barros Costa,Robel,False
g38491,José Augusto Dias,Zé Paraná,False
g38504,Valdemir Silva Gouveia,Lola,False
g38507,Jones Silva Bezerra,Padim,False
g38510,Arnaldo Ferreira,Arnaldo Ferreira,False
g38515,Maria Dulce do Nascimento Bodelon,Dona Dulce,False
g38521,Veridiana Kelly Madureira,Veridiana,False
g38526,Milton Vecchiatti Junior,Mirtão,False
g38528,Antonio Donato Madormo,Donato,False
g38537,Ana Lucia Afonso de Farias,Ana Afonso,False
g3854,Jose Aparecido de Souza,Nego do Óleo,False
g38541,Claudiana Pinheiro Amorim dos Santos,Diana Filha do Mestre Miro,False
g38542,Maria Clara Sargi,Maria Clara Sargi,False
g38553,Willian de Santana Fonseca,Padre Willian,False
g38555,Geraldo Medeiros da Silva,Geraldo Medeiros,False
g38563,Isadete de Souza Pereira,Isadete,False
g38576,José Carlos Francisco de Souza,Carlão da Ambulância,False
g38577,Gabriel Bentancor Albuquerque Dantas,Gabriel Dantas,False
g38588,Izabel de Freitas Moraes da Silva,Izabel Moraes,False
g3860,Marcelo Marcos Silva,Professor Marcelo,False
g38602,Eliane Bilard de Carvalho,Billa,False
g38605,Senival Pereira de Moura,Senival Moura,False
g38611,Cleilton Alves,Cleilton Paraná,False
g38617,Antonio Gesuneide Galdino,Tonho das Pimentas,False
g38623,Lauro Nunes de Lima,Lauro Afiador,False
g38635,Daniela Fonseca da Mota,Daniela Mota,False
g38640,Manoel Aparecido Benedicto,Manoel Benedicto,False
g38650,Rita de Cassia Rezende da Costa Vieira,Rita Vieira,False
g38659,Valmir Caetano dos Santos,Professor Valmir,False
g38671,Luna Zarattini Brandão,Luna Zarattini,False
g38696,Dulcelina Vanzella do Nascimento,Celina,False
g38702,Edgar José Nogueira,Edgar Nogueira Músico,False
g38745,Maria Eduarda Negretto,Duda Negretto,False
g38762,Manoel Silva Almeida,Manoel Almeida,False
g38764,William Vieira de Goes,William Vieira,False
g38771,Evani Ferreira da Silva,Mãe Vani de Xangô,False
g38780,Maria Eugênia Cavalcanti Araújo,Maria Eugênia,False
g38796,Junior Pereira Leite,Prof Junior Leite,False
g38799,Antonia Moreira de Oliveira Olinda,Professora Antonia,False
g38824,Raquel Ercilio Antunes de Souza,Raquel da Saúde,False
g38853,Ricardo Jair dos Santos,Ricardo Santos,False
g38868,Sara da Penha Matias,Sara Matias,False
g38872,Maria Joana Barbosa,Maria Joana,False
g38874,Jandira Aparecida da Silva Baldoino,Lira,False
g38881,Moacir Alves Filho,Moacir Alves,False
g3889,Valéria Aparecida Lopes,Valéria Lopes,False
g38896,Thiago Rogeri da Silva,Thiago Rogeri,False
g38907,Veralmir Pereira Leite,Veralmir Noventa Leite,False
g38920,Claudio Bispo,Claudio Itaverá,False
g38937,Luiz Carlos Borges,Professor Luiz Carlos,False
g38944,Maria Neusa Felix da Silva,Neusa Felix,False
g38945,Edson de Moraes Dutra,Edson Dutra,False
g38949,José Elias da Silva,Elias Silva,False
g38963,Marcelo Pereira Felix,Enfermeiro Marcelo Garça,False
g38976,Vania Maria Nogueira Colen,Vania Colen,False
g38993,Maria Aparecida de Oliveira,Cida Oliveira,False
g3900,José Antônio Azevedo,Prof José Antônio,False
g39005,Carlos Eduardo Monteiro Domingues,Kadu Domingues,False
g3902,Thiago Henrique Alves dos Santos,Thiago Alves,False
g3903,Marcos Eduardo Rubin Tonon,Marcos Tonon,False
g39035,Jorge Pereira da Costa,Tio Jorge,False
g39042,Fabio Ortiz Junior,Prof. Fabio Ortiz,False
g39059,Edgar Indalécio Smaniotto,Professor Edgar,False
g39069,Edna Braga Rodrigues,Edna,False
g39082,Carlos Eduardo Bonfim Rodrigues,Carlos Tuk Tuk,False
g39083,Emanuela Oliveira de Almeida Barros,Manu Barros,False
g39094,Eduardo Pereira dos Santos,Duda,False
g39095,Paulino Arbano Ramos,Professor Paulino,False
g39108,Selivaldo dos Santos,Pastor Sélio,False
g39112,Ronaldo Lopes de Oliveira,Ronaldo Lopes,False
g39113,Mara Celis Pedro,Mara Pedro,False
g39120,Sandra Aparecida Furtado,Mãe Sandra,False
g39121,Benedito Sancler Teles dos Santos,Sancler,False
g39140,Olympia Graca de Navasques Marcelino,Olympia,False
g39142,Cibele Roberta Nunes de Souza,Cibele da Vila Municipal,False
g39149,Vandinei Mendes,Dine Bigode Enfermeiro,False
g39153,Geraldo de Paula,Geraldo de Paula,False
g3916,Lindomar de Oliveira Macedo,Dr. Lindomar,False
g39164,Sandro de Oliveira Rosa,Sandro Oliveira,False
g39178,José Simon,Casadinho,False
g39188,Rutineia Soares,Rutineia,False
g39194,Luiz Antonio Marques,Luiz Barriga,False
g39208,Irene Alves de Souza,Irene Cabeleireira,False
g39212,Aristoteles Macgayver Reyes Jacob,Ha Totty,False
g39217,Astrogildo Cândido de Sousa Júnior,Defensor Junior Souza,False
g39230,Caio Cavalheiro Lima,Caio do Romilson,False
g39232,Julio Cesar de Oliveira,Professor Julio,False
g39247,Edson Brito Bolito,Edinho Bolito,False
g39248,Lucas Iego de Almeida Tomazela,Lucas Tomazela,False
g39255,Murilo Rodella,Murilo Rodella,False
g39256,Murilo Cesar Lima Amorim,Murilo Lima,False
g39257,Maurilei Rocha,Maurilei,False
g39258,Carlos Alberto Sibim,Carlos Sibim,False
g39266,Simone Aparecida Sanches Pivatti,Simone Sanches,False
g39279,Wilderaldo Jose Ancheschi,Wilderaldo,False
g39281,João Pedro Leite de Oliveira,João Pedro,False
g3929,Marcos Gonçalves Jacinto,Marcos Jacinto,False
g39293,Edna Aparecida Antunes,Edna Antunes,False
g39306,José Luiz Ramos,Zé Luiz,False
g39309,Leandro Cesar Santini,Leandro Santini,False
g39314,Eliana Souza da Silva,Eliana Souza,False
g39315,Ana Salete Coelho da Silva,Salete Silva,False
g39326,Cleber Cássio Bento,Professor Cleber Bento,False
g39341,Silvana Braga de Oliveira,Silvana Braga,False
g39346,Jéssica Iavinin de Oliveira,Jéssica de Oliveira,False
g39351,Shirlei Pereira Pimenta,Shirlei Pimenta,False
g39364,Reinaldo  Mattes,Xexéu,False
g39373,Júlio Cesar Pacherotti,Juninho do Bar,False
g39374,Rafael de Paula da Silva,Rafael da Silva,False
g39378,Victor Flavio Paulino Queiroz,Vitinho,False
g39391,Gabriela Palombo,Gabriela Palombo,False
g39398,Paulo Tomaz de Moura,Paulo Tomaz,False
g39402,José Santino,Zezinho Leiteiro,False
g39427,Jose Thomaz de Assis Filho,Thomaz,False
g39430,Adilson Jose da Silva,Adilson Silva,False
g39437,Cirineu Argemiro Leoncio,Cirineu Leoncio,False
g39443,Maria da Conceição Barroso,Conceição da Ong,False
g39460,Cecilio Serafim dos Santos,Cecílio Santos,False
g39461,Adriano Rodrigues de Moura,Kebec,False
g3948,Paulo Jose Rovai,Paulo Rovai,False
g39480,Rosana Cardoso de Brito,Rosana Brito,False
g39482,Tiago Alves da Silva,Prof Tiago,False
g39489,Welington Giovani Maximiano Bonfim,Bonfim,False
g3949,Zenilson Antonio Costa Padilha,Zenilson Costa,False
g39492,Marcio Roberto Rodrigues Bastos,Marcio Bola,False
g3950,Vanderleia de Souza Nascimento Filipe,Nena do Povo,False
g39514,Lucia Viviane Mota Santos,Lucia Viviane Mota,False
g3953,Gildenor Alves Freire,Gil Freire,False
g3954,Maria Aparecida Dallari Guirelli,Pici Dallari,False
g39541,Neusa da Costa,Neusa Costa,False
g39546,Marta Maria Rodrigues de Carvalho,Marta Maria,False
g39566,Claudio Teles de Almeida,Claudio,False
g39571,Manoel Santos Cruz Filho,Prof Manoel,False
g39572,Juarez Alves de Lima Júnior,Juarez Júnior,False
g39577,Edilson Aparecido de Grandi,Edilson,False
g39584,Claudia Isabel Ribeiro Santos,Claudia Ribeiro,False
g39588,Elaine Lopes da Silva,Elaine do Banhado,False
g39589,Jonathan Henrique Marques,Jonathan Motorista do Busão,False
g39606,Odir Aires Pimenta,Odir Pimenta,False
g39617,Edu Souza de Oliveira,Edu da Escola,False
g39624,Renato Silva,Renato Silva,False
g39646,Patricia Cristina do Amaral,Paty das Marmitas,False
g39650,Wagner Antonoel de Sousa Caprioli,Wagner do Pt,False
g39655,Maria de Fatima Novais,Fatima Novaes,False
g39656,Airton Lopes Paixão,Airton Paixão,False
g3968,Douglas Martins Izzo,Professor Douglas Izzo,False
g39684,Janaina Malta Farias,Janaina Durango,False
g39687,Ednilson Cezar Barbosa,Dê,False
g39712,Aniltão Firmino de Souza,Aniltão,False
g39715,Ronério Jose Ribeiro de Sousa,Professor Ronério Ribeiro,False
g39728,Jose Augustinho dos Santos,Augusto do Jornal,False
g39765,Joel Rodrigues de Carvalho,Joel Carvalho,False
g39772,Alexandre Strapasson,Alexandre,False
g39786,Luiz Carlos de Lima,Professor Luiz Carlos Lima,False
g39790,Lindolfo dos Santos,Lindolfo Santos,False
g39797,Mario Alves Paixão Filho,Mario Paixão,False
g39803,Ronaldo Leite de Carvalho,Ronaldo  da Piedade,False
g3981,Wellington Carvalho do Nascimento,Wellington Técnico,False
g39819,Everton Cesar Lopes Ferrari,Éverton César,False
g39826,Jesué Paulo Alves,Zuza,False
g39839,Carlos Alberto Rezende Lopes,Linho,False
g39843,Admauro Nunes de Oliveira,Dio,False
g39872,Hélio Rodrigues de Andrade,Hélio Rodrigues,False
g39875,Marcia Aparecida Moreira,Marcinha do Pelé,False
g39887,William de Souza Rosa,Willian Souza,False
g39895,Maria da Natividade Pereira Lima,Maria da Natividade,False
g39897,Luciana Andrelisa Alferes Lima,Lu Alferes,False
g399,Reinaldo Farto Nunes,Português,False
g39908,Wagner Dias da Silva,Tio Wagner,False
g39922,Ana Claudia Matarazzo Garcia,Matarazzo,False
g39924,Francisco Matias Fiuza de Sousa,Matias Fiuza,False
g39925,Maria Fernanda dos Santos,Fernandinha da Gicelma,False
g39931,Maria Aparecida Moura,Professora Cidinha,False
g39937,Antonio Marcos da Silva,Paiacan,False
g39947,Mario Ferreira Neves,Leão Lanche,False
g39949,Maria Aparecida Rodrigues Ferreira Barbosa,Cida Barbosa,False
g39953,Ivonete Fagundes,Nety Fagundes,False
g39972,Osmar Barbosa,Osmar,False
g39982,Aparecido Lourencio de Brito,Brito,False
g39989,Maria Aparecida Fogaça Terra Knob,Cidinha Assistente Social,False
g4,William Aparecido Cavalheiro,Boto,False
g40000,Maria Aparecida Lopes Isiara,Cidinha Isiara,False
g40004,Raquel Elorza Rodrigues Alves,Raquel Elorza,False
g40007,Wellington de Souza,Wellington Souza,False
g40012,José Roque dos Santos,Zé Roque,False
g40015,Shirlei Aparecida de Souza,Shirlei do Pt,False
g4002,Carlos Augusto da Silva Barbosa Marchiori,Carlinhos,False
g40022,William Rosa da Silva,William Ambulanceiro,False
g4003,Joseares Jesus de Araujo,Zé da Área de Lazer,False
g40063,Orlando José Sanches,Juquinha,False
g4007,Tadeu Bellintani Trench,Tadeu Trench,False
g40081,Silvia Helena Ribeiro Fontoura,Silvinha da Saúde,False
g40088,Jorge Antonio Soriano Moura,Jorge Moura,False
g40101,Constantino Cury Neto,Dr. Constantino Cury,False
g40116,Jorge Luiz Brandão de Moraes,Fator,False
g40118,Homero Marin Alarcon,Homero Alarcon,False
g40139,Luciana Regina Matelli,Luciana Matelli,False
g40140,Gilda Gomes Teixeira Maciel,Gilda Maciel,False
g40150,Jorge Xavier,Jorge Xavier,False
g40151,Benedito Domingues França,Cabrito França,False
g40154,Vanessa Alves Bassanelli,Pastora Vanessa Bassanelli,False
g40169,Adnilson Correia da Silva,Neno,False
g40176,Joana D Arc Augusto do Carmo Galliani,Nene Tik Tok,False
g40188,Luciane Fredo de Lima,Luciane Lima,False
g40199,Aylton Tavares Avelino,Escova,False
g40203,Eduardo Correa Gonçalves Afonso,Edu da Caminhada Democratica,False
g40216,Valdirene Maria da Silva,Valdirene,False
g4022,Noemia Bento de Oliveira,Noemia Oliveira,False
g40225,Vanderlei Antonino Conejo,Delei,False
g40251,Norton Turbuk,Norton Turbuk,False
g40256,Berenice de Souza,Berenice Souza,False
g40267,Tatiane Oliveira de Sousa,Tati Maria Bonita,False
g4027,Saul Nunes da Silva,Saul,False
g40277,Ademir Marinho,Ademir Motorista,False
g40284,João Alfredo da Silva,João Garçom,False
g40336,Marcia Vieira Silverio,Marcia Silvério,False
g40345,Andreia Aparecida Firmino,Andreia do Mulecao,False
g40356,Roberson Alves da Silva,Bituka,False
g40364,Aparecido Ferreira da Silva,Cidinho Mineiro,False
g40368,Isaias Pereira da Silva,Isaias,False
g40373,Alessandra Serafim Freitas,Alê Serafim,False
g40374,Ildéia Maria de Souza,Déia,False
g40378,Maria Gabriela de Souza Gasparino,Gabi Ganzeba,False
g40415,Altair Manoel,Altair Manoel,False
g40430,Katia Cristina do Nascimento Silva,Katia Nascimento,False
g40434,Marcos Montani Caseiro,Dr. Caseiro,False
g40451,Claudemi José de Sales,Marcelinho,False
g40463,Edvaldo Aparecido Alves Bitencourt,Edvaldo Mercadinho Vila Belém,False
g40464,Taciana dos Santos Silva de Jesus,Professora Taci  Santos,False
g4047,Sergio Francisco Morais,Sergio Meeiro,False
g40476,Josemara de Lourdes de Oliveira Gomes,Mara Gomes,False
g40478,Luana Cristhina Frade Emboaba da Silva,Luana Frade,False
g4048,Jair Cardoso da Silva,Jair Motorista,False
g40485,Vileides Oliveira dos Santos,Capixaba,False
g40486,Matheus Alves Albino,Matheus Albino,False
g4052,Walter de Oliveira Martins,Walter,False
g40521,Ana Paula Pereira Batista,Paulinha,False
g40546,Raimundo Rodrigues de Oliveira,Raimundo Oliveira,False
g40549,Luciana José da Silva,Lucia do Ateliê,False
g4055,Luzia Alessandra Mori,Professora Mori,False
g40557,Tomas Henrique da Silveira Cruz,Dr Tomas Cruz,False
g40566,Joselino Marçal,Zelão,False
g40572,Edson Felipe Gomes,Edson Felipe,False
g40575,Douglas Elias Belchior,Douglas Belchior,False
g40584,Simone Aparecida Hofmann,Simone Hofmann,False
g40594,Wilson Helio Santana,Wilson Santana,False
g40600,Adnilson Bispo do Nascimento,Berrérra,False
g40614,Silvano Porto Rodrigues,Silvano Porto,False
g40627,Zuleide Conceição Santos,Zu Santos,False
g40628,Marcos Rogério Ferreira Pardim,Rogério Pardim,False
g40640,Jose Wilson Cardoso de Souza,Wilson Cardoso,False
g40646,Geronimo Alberto Pereira da Luz,Geronimo da Luz,False
g40664,Tais Damiana de Souza,Prô Tais Souza,False
g40684,Jorge Luis Ramos de Oliveira Silva,Jorge Filho do Mario Preto,False
g40696,Rosivaldo Travassos de Melo,Travassos,False
g40699,Geovani dos Santos Pereira,Geovani do Esporte,False
g40703,Gabriéli Caroline de Camargos,Gabriéli Camargos,False
g40714,Lucia Helena Milanez Vasconcelos,Dra Lucia Helena,False
g40717,Edilson Gonçalves de Oliveira,Professor Edilson,False
g40735,Helio Carmello,Helio Carmello,False
g40738,Sergio João de Brito,Sergio Brito,False
g40744,Angela Maria da Silva,Angela do Xacau Bar,False
g40746,Diogo Brinqui,Diogo Brinqui,False
g40763,Cauane Greize Novais,Cauane,False
g40765,Irma Paze dos Santos,Irma Paze,False
g40781,Odécio Maréga Junior,Odécio,False
g40782,Clarinda Elisa Doria Roqueto,Clarinda Roqueto,False
g40788,José dos Santos Marques,Zé Mário,False
g4079,Lourival Loureano Ferreira,Lourival Ferreira,False
g40792,Paulo Rogério Silva Duca,Duca da Pizzaria,False
g40796,João Batista Pereira do Nascimento,João Canela,False
g40810,Ironir Guimarães,Ironir Guimarães,False
g40821,Vanessa Mattar Maamari Martimiano,Vanessa Mattar,False
g40829,Sara Roseno da Silva,Sara Roseno,False
g4084,Quiteria Guilherme dos Santos,Kika Celulares,False
g40843,Heliana Alves Ferreira Paulo,Heliana Ferreira,False
g40853,Renato Martins,Renato do Sinpolsan,False
g40855,Salete Campari,Salete Campari,False
g40862,Ricardo Sanchez Pessoa,Ricardo Sanchez,False
g40872,Jose Iram Venancio Neto,General,False
g40875,Rafael Bruxellas Parra,Bruxellas,False
g40881,Gunara Virgilio Maciel,Professora Gunara,False
g40893,Eloiza Gomes Silva Cavalcante,Professora Eloiza Cavalcante,False
g409,Jussier Feitosa Rosendo,Professor Jussier Rosendo,False
g40919,Mario Augusto Candido,Mario Augusto,False
g40930,Lilian Godoy Christiano,Lilian Godoy,False
g40941,Vanessa Gabriela Paulino Bruiere,Vanessa Paulino,False
g40952,Delvita Rodrigues de Oliveira,Delvita Rodrigues,False
g40964,Maria Helena de Carvalho Mandu,Maria Mandu,False
g40966,Maria Lúcia Calório,Lucinha Calório,False
g40973,Anilza dos Santos Pedreira,Nilza Santos,False
g40987,Agnerio Neri Ferreira,Professor Agnério,False
g40993,Eduardo Gomes de Aguiar Amaral,Eduardo do Pinhalzinho,False
g40994,Cleuza de Souza Marinho,Cleuza,False
g40995,Maria Cirlene da Silva,Cirlene Mãe do Marquinho,False
g41,Carlito Antonio dos Santos,Carlito,False
g410,Bartolomeu Dias da Silva,Bartolomeu Barto,False
g41000,Maria Aparecida da Silva Ferreira Leite,Aparecida,False
g41018,Flaudio Azevedo Limas,Professor Flaudio,False
g41039,Adriano Barbosa Mendes,Adriano,False
g4105,Jose Mauro de Souza,Zé Mauro,False
g41065,Valdemar Sousa dos Santos,Valdemar Dodô,False
g41079,Carlos Henrique Felisberto,Pai Henrique,False
g41080,Joao Vianelle Pinto,Cebolinha,False
g41082,Valderico Claudino,Valderico,False
g41087,Juliano Monteiro Roberto,Mestre Caju Coletivo Juliano,False
g41096,Janete Faustino de Oliveira,Jane Oliveira,False
g41108,Marcos Godinho,Marquinhos do Taxi,False
g41112,Jose Onides Ribeiro,Jose Onides,False
g41115,Niceia Aparecida da Silva Fagnani,Niceia Fagnani,False
g41124,Jose Pereira da Silva,Sinho,False
g41126,Eder Gomes de Freitas,Eder Freitas,False
g41153,Jose Arteiro Sobrinho,Zezinho dos Teclados,False
g41156,Benedito Mendes de Oliveira,Dito Mendes,False
g41161,Sonia Aparecida Picinato Mazuchelli,Assist. Social Sonia,False
g41169,Sergio Eduardo de Queiroz,Pé de Ferro,False
g412,Isilda do Carmo Telles,Isilda Telles,False
g41204,Elcides dos Santos Paixão,Cidinho da Costela,False
g41215,Nathalia de Miranda,Nathalia Miranda,False
g41216,Mara Rubia Firmino Barbosa,Mara Rubia,False
g41217,Alexandrina Rodrigues do Carmo,Nina do Mst,False
g4122,Regina Helena Rodrigues Moreira,Tia Re,False
g41238,Rafael Jorge do Espírito Santo,Rafael Jorge,False
g4124,Anderson Aparecido da Silva,Professor Anderson,False
g41243,José André da Silva,André Silva,False
g41254,Valdir Aparecido Gibim,Gibim,False
g41262,Edmilson Jose Alfredo,Edmilson,False
g41268,Marcia Tavares de Lima,Marcia Tavares,False
g41269,Emerson da Silva dos Santos,Professor Emerson,False
g41278,Vanessa de Almeida Proença,Vanessa Pereirão,False
g41283,Wilson Nunes Cerqueira,Wilson Cerqueira,False
g41289,Givaldo Ferreira de Lima,Giba do Pt,False
g41298,Manoel Mota Paiva,Manezinho do Imperial,False
g413,Ilka Pereira Batista,Dra Ilka,False
g4130,Lucelia Terezinha Avelino,Professora Lucelia,False
g41311,Vitória Régia Pereira de Lima,Vitória,False
g41315,Mario Augusto Batista Leite,Dida,False
g41324,Maria Lucia de Jesus Rocha,Lucia Rocha,False
g41328,Daniele Rebelo,Daniele Rebelo,False
g41332,Ademir Lopes,Ademir Letrista,False
g41339,Fernando Durval Silva Martins,Fernando da Máquina,False
g41345,Sônia Lucas da Silva,Sônia Cuidadora,False
g41347,Silvia Aparecida Guimarães,Silvia Guimarães,False
g41355,Maria Isabel da Silva Sá,Nena,False
g41389,Maria das Graças Bezerra Ferreira,Graças Pernambuco,False
g41393,Ireide dos Santos Silva,Profa Ireide Santos,False
g41405,Francisca Selda de Queiroz Maia da Silva,Selda Maia,False
g41406,Expedito Ferreira dos Santos,Palhaço Dito,False
g41419,Maria Idália Lima da Silva,Idália Lima,False
g41422,Breno Gonçalves Costa,Brenin do Depósito,False
g41434,Nilton Fernando Lessa Vital,Nilton do Projeto Acreditar,False
g41436,Silvino Bomfim de Oliveira Filho,Prof. Silvino,False
g41450,Larissa Tabanes Hernandes Marson,Leonardo Hernandes,False
g41460,Marcos Aparecido do Nascimento,Marquinhos,False
g41464,Rosana Maria Barbetta Poli,Professora Rosana,False
g41468,Marcos Antonio Giraldi Mielli,Marcos Prancha,False
g41471,Giseli Garofolo Agostini,Gi da Saúde,False
g41490,Jorge Eduardo Parada Hurtado,Dr Jorge Parada,False
g41492,Alex Batista Alves,Alex Evangélico,False
g41493,Paulo Afonso Mendonça de Siqueira,Paulo Afonso,False
g41502,Maria Luiza Ramalho de Souza,Malu Ramalho,False
g41504,Juliana Corrêa da Costa Rigolet,Juliana Corrêa,False
g41506,Marcio Antonio de Castro Meira,Marcio Protético,False
g41516,Walter Luiz Leme Cavalheiro,Professor Waltão,False
g41521,Daniele Azevedo da Cunha,Dani do Taxi,False
g4153,Andrea Alves dos Santos Strabello,Andrea Alves,False
g41531,Manoel Del Rio Blas Filho,Manoel Del Rio,False
g41537,Aguida Gomes da Silva,Enfermeira Aguida,False
g41543,Luzicleide Colado Santos,Baiana,False
g41550,João Pedro Garcia,Pastor João Pedro,False
g4157,Ingrid Dourado Mancini de Jesus Castao,Ingrid,False
g41573,Roberta Barbinato,Roberta do Pt,False
g41582,Luciana Marile dos Santos,Luciana Marile da Taxa do Lixo,False
g41583,Daniela Rodrigues de Almeida,Dani Almeida,False
g41622,Nelson Joventino da Silva,Jacare do Taxi,False
g41637,Vargas Ferreira Cardoso Mendes,Vargas,False
g41639,Luis Aparecido da Cunha Santos,Luis Santos,False
g4164,José Hamilton Bezerra,Miltinho do Esporte,False
g41662,Ademir Silva de Almeida Damato,Ceará,False
g41672,Débora Garcia da Silva,Debora Garcia,False
g41680,Roque Landia da Paixão Gonçalves Correia,Roquelandia Paixão,False
g41681,Rosinei Gomes,Rose da Garagem,False
g41690,Edival Alves de Araujo,Val Araujo,False
g41699,Jose Lopes de Sousa,Jose Lopes Dinho,False
g41709,Sara da Silva Rodrigues,Sara da Vila Pacheco,False
g41720,Damião Higino de Oliveira,Damião Oliveira,False
g41721,Julio José Amaral Ferreira,Professor Julio Ferreira,False
g41729,Thiago Beroco,Thiago Beroco,False
g4173,Leonel de Souza Oliveira Barros,Leonel Barros,False
g41738,Vitória de Sá Alcantara da Matta,Vitória,False
g41746,Gislaine Corrêa dos Santos,Gi,False
g41753,Elisangela da Silva Moraes,Professora Elisangela,False
g41756,Celio Raimundo Gomes de Carvalho,Tora,False
g41794,Wilson Rampasso,Wilson Barba,False
g41804,Cleiton Oliveira Gomes,Cleiton Teixeira,False
g41816,Robson Americo Lucio,Preto da Agrovila,False
g41837,Romilton Wlademy Gonçalves de Sá,Miltinho Guaruja,False
g41842,Celia Regina de Souza Dias,Mãe Celia,False
g41850,Antonio Crescenti Filho,Antonio Crescenti,False
g41860,Cristiano Fogaça Camargo,Cristiano Fogaça Beiço,False
g41861,Maria Auxiliadora Bezerra,Flavia Monteiro,False
g4187,Josue Mariano de Oliveira,Josué do Judiciário,False
g41874,Mizael Cassimiro da Silva,Mizael Cassimiro,False
g41878,Lucas Alexandre Pessoa Fernandes,Professor Lucas,False
g41882,Mariana Negri Vidotti Amorim,Mariana Negri,False
g41906,Juracy Francisco de Jesus,Jura,False
g41911,Basilio Lopes Munhoz,Professor Basilio,False
g4192,José Geraldo da Silva,Prof Zé Geraldo,False
g41923,Oriana Maria Dias Chaves,Oriana Chaves,False
g41957,Jozenildo Conceição Carvalho,Samuray,False
g41964,Jose Maria Caria,Jose Caria,False
g41968,Antonio Rodrigues dos Santos,Toninho do Pt,False
g41984,Izaias Bueno de Camargo,Izaias da Internet,False
g4199,Romildo Vitorino Dias,Prof. Romildo Dias,False
g41994,Valter Ivan Gava,Gigante do Pt,False
g42007,Matheus Felipe Rezende da Silva,Matheus do Coletivo Conecta,False
g42012,José Maurício Barbosa dos Santos,Professor Maurício,False
g42025,Ademir Mantovanelli,Canelinha,False
g42040,Adriana Lucia Barbosa,Adriana,False
g42044,Eloi Alfredo Pieta,Elói Pietá,False
g42064,Milton Rol,Miltinho Rol,False
g42090,Adriana Antunes de Souza,Adriana,False
g42108,Orestes Quércia da Silva,Orestes Quércia,False
g42127,Daiane Carneiro,Podologa Daiane Carneiro,False
g4213,Andressa Silva de Oliveira,Andressa Silva,False
g42145,Antônio Carlos Cortez,Pastor Antônio Carlos,False
g42147,Valdecir Alves Chaves,Chaves,False
g42148,Daniele de Proença Reis,Dani Reis,False
g42149,Maria Celeste Alves,Celeste Alves - Cabeleireira,False
g42153,Maria Inêz de Castro Dias,Maria Inez,False
g42173,Marcelo Pereira Ramos,Marcelo Farmacêutico,False
g42182,Monica Santos Souza,Prof Monica Souza,False
g42187,Marcio Della Bella,Marcio Della Bella,False
g4219,Eliana França da Silva Cano,Professora Eliana,False
g42190,Jose Luiz Rocha,Rochinha,False
g42193,Rosemeire Theodoro da Costa,Rosemeire Theodoro,False
g42194,Isaac Jarbas Mascarenhas do Carmo,Isaac do Carmo,False
g4220,Lazaro Cesar da Silva,Lázaro César,False
g42214,Jair Donizeti Balestra,Jair Balestra,False
g42219,Sergio Balthazar Rodrigues de Oliveira,Sergio Balthazar,False
g42226,Rachel Fogaça Machado,Rachel Fogaça,False
g4223,Celia Mara dos Santos,Celinha do Bicão,False
g42238,Marcio Jose Leite de Oliveira,Marcio Biriba Leite,False
g42245,André Luiz Souza da Silva,Deca,False
g42259,Manoel José de Oliveira,Manoel do Restaurante,False
g4226,Aparecido Lima dos Santos,Cidinho,False
g42263,Carlos Alexandre Spunchiado,Alexandre Spunchiado,False
g42283,Ademir de Souza Vale,Ademir Vale,False
g42289,Ivanildo Araujo de Lima,Ivanildo Lima,False
g42297,Marilene Pinheiro da Cruz,Marilene Pinheiro,False
g4230,Luiz Gonzaga Dias Sobrinho,Gonzaga,False
g42301,Gisele do Nascimento Veloso Gonçalves,Gisele Nascimento,False
g4231,Gildecio Ferreira dos Santos,Gildecio,False
g4232,Izilda da Penha Barros Cecotti,Professora Izilda,False
g42336,Valdecir Alves Moreira,Valdecir Alves,False
g42339,Bruno Cardoso,Bruno Cardoso,False
g42350,Fabio Alves Santana,Fabio Santana,False
g42361,Davison Jose Tosadori,Davison Sensei,False
g42364,Geanne Oliveira Lopes Garcia,Geanne Garcia,False
g42371,José da Silva Lemes,Zé Neguinho Lemes,False
g42372,Silvana Mendes dos Santos,Silvana Bambam,False
g42381,Marcio Roberto Conceição de Oliveira,Marcio da Associação,False
g42384,Marcelo Medeiros de Araujo,Marcelo Alemao,False
g42395,Cristiane da Silva Regis,Tia Cris,False
g42396,Luciano Aparecido Oliveira,Luciano,False
g42400,Marcia Ferreira da Silva,Marcia Ferreira,False
g42404,Adriano Luis Correa,Adriano Branco,False
g42416,Samuel Goncalves de Lima,Samuel,False
g42417,Aguinaldo Barbosa de Paula,Aguinaldo Barbosa,False
g4245,Marile Francisca Bezerra de Alencar,Marile Alencar,False
g42457,Renato Granito Dias,Professor Renato Granito,False
g42459,Edileusa Maria da Silva,Edileusa,False
g42470,Ivanildo Morais de Assis,Paraiba do Sertão,False
g42475,José Geraldo Araújo,Geraldo da Bancada Periférica,False
g42496,Gilberto dos Santos Brandão,Prof Gilberto Brandão,False
g42505,Katrini Alves da Silva,Katrini Alves,False
g42509,Weber Luis Parreira,Weber,False
g42513,Mario Antônio Rodrigues,Mario Chumbinho,False
g42523,Eduardo Cosme de Almeida Cardoso,Eduardo Cardoso,False
g4255,Vania Rodrigues Sousa,Vania Elas Por Elas,False
g42560,Bernardo Lerer,Bernardo Lerer,False
g42566,Maria Elisa do Nascimento,Elisa Nascimento,False
g4257,Jacson Dourado Santa Barbara,Jakson Dourado,False
g42579,Alan Roberto Ferreira,Alan Ferreira,False
g42582,Fernanda Ferreira Baylon,Fernanda Baylon,False
g42583,Kelvin Joelmir de Morais,Kelvin,False
g42584,Glaiton Graças Leite,Shasça Leite,False
g42604,Nayara Cristina da Conceição,Nayara Cristina,False
g42610,Maria Luiza Carvalho,Maria Irma do Biro Biro,False
g42617,Valdir Guedes,Guedes Bombeiro,False
g42629,Luciano dos Santos Silva,Luciano do Assentamento,False
g4263,Rita de Cassia Oliveira,Professora Rita de Oliveira,False
g42631,Josimo Ramos da Silva,Josimo Ramos,False
g42633,Jose Carlos Pereira,Jacaré,False
g42635,Renan Jouberth de Almeida Silva,Renan Jouberth,False
g42638,Juares Ferreira da Silva Junior,Juares Ferreira,False
g42639,Deubaldino Raimundo da Cruz,Dedé Cruz,False
g42648,Jacira Gomes,Jacira da Reciclagem,False
g42654,Marli Josefa Calixto,Professora Marli Calixto,False
g42657,Adão José da Silva,Adão,False
g42660,José Henrique Montagner,Henrique,False
g42667,Nivea Maria do Nascimento,Professora Nivea,False
g4267,Gilberto Dias Soares,Giba Soares,False
g42675,Tania Maria Neves Barbosa,Tania Maria,False
g42678,José Antonio Avelino dos Santos,Antonio Avelino,False
g42706,Joao Paulo da Silva,Professor Joao Paulo,False
g42712,Lindaura do Nascimento França,Daura,False
g42714,Geraldo de Oliveira Lima,Geraldo,False
g42721,Natalia Aparecida Oliveira,Natalia,False
g42730,Midian Maximo de Araujo,Midian,False
g42755,Roberto Carlos Vieira,Roberto Mariano,False
g42765,Cristian Neves Polizeli,Titu Ovo Frito,False
g42767,Teresa Cristina Andrade da Silva,Cristinahh,False
g42781,Eliane dos Santos Fernandes,Nega,False
g42784,Marielle Manzeppe Alves,Marielle Manzeppe,False
g42785,Denizeth Pereira da Silva,Denise Silva,False
g4279,Carlos Pereira Castro,Carlos Kalquito,False
g4282,Paulo de Oliveira Cordeiro,Dr. Paulo Cordeiro,False
g4283,Ednelson Bueno Albuquerque,Enfermeiro Ednelson,False
g42855,Liamar de Fátima de Melo,Mara Melo,False
g4286,Lais Ruiz Rodrigues,Lais Ruiz Agente de Saude,False
g42863,Marilandia Frazão de Espinosa,Marilandia Frazao Negras Vozes,False
g42869,Douglas de Sena Quina,Douglas Quina,False
g42878,Matheus Corrêa Siqueira,Professor Matheus Siqueira,False
g42885,José Moacir Tigre,Painha,False
g42890,Lucidalva Rosa da Silva,Baiana,False
g42904,Antônio José Rollas de Brito,Antônio do Pt,False
g42905,Renato Candido de Lima,Renato Candido Cineasta,False
g42909,Paulo Roberto Cabral Coelho,Paulo Roberto,False
g42929,Simone Paulina da Costa,Simone Paulina,False
g42952,Edmar Silva,Edmar Silva,False
g42955,Donizete Cirillo Nogueira,Donizete da Santa Cruz,False
g42960,Augustinho Ropero,Augustinho Ropero,False
g42973,Janaina Otero,Janaina  Otero,False
g42976,Jose Henrique Antonelli,Antonelli Escrivão de Polícia,False
g42978,Hícaro Costa,Professor Hícaro,False
g42995,Adriana Aparecida Vilela,Adriana Vilela,False
g42996,Antonio Carlos Aparecido Guerreiro,Nê Guerreiro,False
g43000,Irani Assumpção Gomes,Irani Siqueira,False
g43001,Waldecy Alves da Silva,Val do Jandaia,False
g43009,Nicodemos Pereira Gomes,Nicodemos Nico,False
g43017,Ismael Ferreira Cézar,Ismael,False
g43028,José da Costa,Zé da Costa da Jc Imóveis,False
g43039,Jose Paulo de Oliveira,Ze Paulo do Pt,False
g43044,Lourival de Souza Pereira,Lourival do Coticenter,False
g43057,Abraao Borges Menezes,Abraão Menezes,False
g43065,Josiane de Fátima Ferreira Ligeiro,Josi,False
g4307,Germano Carvalho de Jesus,Professor Germano,False
g43071,Vanilda da Anunciacao Pereira Santos,Vanilda Anunciação,False
g43072,Tania de Toledo Nardy,Tania Nardy,False
g43106,Carlos Eduardo da Costa,Carlos Eduardo,False
g43107,Luzia Oliveira da Silva,Luzia Oliveira,False
g43111,Pedro Ivan de Jesus,Pitt Bull do Ovo,False
g43116,Milton Orlando,Seu Milton,False
g43146,Maria de Lourdes Tavares Gomes,Lourdinha,False
g43165,Fernanda Benedita Silveira,Fernanda,False
g43184,Edilaine Nunes Benfica,Edilaine Benfica,False
g43189,Alexsandro Saraiva do Nascimento,Alex Rei do Aço,False
g43204,Anderson Pereira Lima,Anderson Lima,False
g43207,Everton da Silva Luiz,Betão,False
g43214,Luis Carlos Alves,Luis Bombeiro,False
g43218,Gabriel Cesar Bitencourt,Gabriel Bitencourt,False
g43222,Horácio Aparecido Ribeiro dos Santos,Horácio Ribeiro,False
g4323,José Reinaldo Werneck de Andrade,Zé Reinaldo,False
g43240,Aline de Fatima Pretel,Aline Pretel,False
g43246,Luiz Antonio da Silva,Locutor Bicudo,False
g43251,Edilson Rodrigues de Souza,Dil do Taxi,False
g43255,Salomao Zatiti Neto,Dr  Salomão,False
g43264,Rui Pinheiro Camargo Penteado,Rui Penteado,False
g43269,João Miguel de Amorim,João Amorim,False
g43283,Cláudio da Silva,Claudinho,False
g43291,Rodrigo Prado,Rodrigo Smul,False
g43301,Vilson Nunes Damião,Doutor Damião,False
g4331,Gilmar Aparecido Santos Costa,Gilmar do São Gotardo,False
g43316,Pedro Machado,Pedrão da Saúde,False
g4332,Andre Felipe Dardis,Andre Felipe,False
g43320,Cesar Vitorino da Costa,Arquiteto Vitorino,False
g43324,João de Paulo,João de Paulo,False
g43372,Estela Alexandre Almagro,Estela Almagro,False
g43388,Mauricio Martins de Camargo,Mauricio Camargo,False
g43392,João Carlos de Almeida,João Trovão,False
g43420,Belmiro Aparecido Moreira,Belmiro Moreira,False
g43421,Rogerio Jose da Silva,Rogerim do Pesqueiro,False
g43423,Pedro Eraldo Pessoa D Avila,Pedro D Avila,False
g43425,Dione Crei de Oliveira,Oliveira Nego Meu Fi,False
g4343,Alfredo Alves Cavalcante,Alfredinho,False
g43432,Luciano Neves da Silva,Apóstolo Luciano,False
g43444,Antonio Ferrari,Toninho Ferrari,False
g43446,Edvaldo Cardoso da Silva,Cardoso,False
g43459,Daniele da Silva Barbosa,Daniele Barbosa,False
g43465,Marly Silva do Nascimento,Professora Marly Silva,False
g4347,Maria Aparecida Fernandes,Maria do Gosto Caipira,False
g43481,Gustavo Adolfo Calsolari de Barros,Gustavo Calsolari,False
g43491,Eva Aparecida Biscaino Bernardo,Eva Biscaino,False
g43494,Sidnei de Freitas Cruz,Misterio,False
g43505,Pedro Ferrari,Pedro Ferrari,False
g43508,Irandir Santos da Conceição,Irandir do Itaguaçú,False
g43511,Feliciano Ribeiro de Sousa,Zé Roberto,False
g43512,Taynara Aparecida Vilas Boas,Taynara,False
g43516,Elisete Aparecida Borba Evangelista,Elisete Borba,False
g43523,Ricardo Barbosa Silva,Ricardo Barbosa,False
g43543,Reinaldo da Silva Sobral,Reinaldo Sobral Régis,False
g43557,Angela Ribeiro  Dias,Angela Defensora dos Animais,False
g4356,Luciano Aquino da Silva,Luciano Aquino,False
g43561,Silvana dos Santos Domingues,Nega da Capoeira,False
g43570,William Santos Rezende,William Rezende,False
g43571,Evanio Viana Nobre,Professor Evanio Nobre,False
g43573,Simone Cristina Castro Cassiano,Simone Castro,False
g43575,Dilton  Alves de Medeiros,Dilton Alves Lulinha,False
g43579,Luckson Joseph,Luckson Joseph,False
g43586,Alessandro Mariano de Souza,Peludo Beronha,False
g43594,Jose Frabio de Oliveira,Magaiver,False
g43605,Pedro Nunes da Silva,Pedro Nunes,False
g43613,Paulo Antunes da Silva,Paulinho do Telhado,False
g43651,Mario Luiz Guimarães Cano,Baianinho do Didi,False
g43655,Vicente Paulo da Silva,Vicentinho,False
g43668,Cleiton Guedes,Cleitão,False
g43677,Selma de Campos Penhalver,Selminha,False
g43679,Riama Celia Viegas Miyazato,Riama,False
g4368,Gabriel Mancini Giudilli,Gabriel Giudilli,False
g43686,Robson Cruz do Nascimento,Robson Bororó Cascuudo,False
g43698,Geraldo Jose Michelin,Geraldo Michelin,False
g43725,Domingos Pereira Filho,Domingos de Hortolândia,False
g43738,Cristovio Batista Domingues,Cristóvio,False
g43744,Edson Pedro da Silva,Edson Silva,False
g43758,Leonardo Santos Gomes,Professor Leonardo,False
g43763,Liliane da Silva Graciel dos Santos,Liliane Graciel,False
g43772,Sonia Maria da Silva Stelato,Sonia Stelato,False
g43807,Paulo Roberto Baratelli,Paulinho da Iara,False
g43836,Dóri Edson Lopes,Dóri,False
g4384,Jose Gonsalves dos Reis,Zé Aranha,False
g43842,Adriana Regina Rodrigues,Adriana Enfermeira do Trabalho,False
g43843,Alexandre Rocha Santos Padilha,Alexandre Padilha,False
g43846,Robson de Souza,Robson  Souza,False
g43875,Pedro Cesar de Campos,Pedro da Força,False
g4388,Sabrina Telles Ernandes Mendonça,Sabrina Ernandes,False
g43880,Claudia Pereira de Souza,Claudia Souza Dinha,False
g43882,Gilmara Benedita dos Santos,Gilmara Santos,False
g43894,Robson Pires Arruda,Robson Pires,False
g4390,João Antonio de Paula,João de Paula,False
g43909,Juliete Santos Costa,Professora Juliete,False
g4393,Valdelson dos Santos,Valdelson dos Santos,False
g43932,Andre de Campos Pereira,Dudu A Três P,False
g43935,Diego de Souza Gonçalves,Diego do Sindsel,False
g43959,Simone Aparecida Bueno Muniz,Simone Muniz,False
g43967,Nerli Fatima Perondi,Mana Fátima do Sus,False
g43979,Zidoneide Amaral da Rocha,Zidoneide Rocha,False
g4398,João Gois Neto,João Gois,False
g4399,José Carlos Cezilio,Carlinhos Vigilante,False
g43999,Marcos Alberto Vieira,Baltazar,False
g44001,Maria dos Anjos Soares Miranda,Maria Miranda,False
g44035,Clistobal Rodrigues de Franca,Jean Rodrigues,False
g44048,Wagner Cintra de Farias Lopes,Dr Wagner Lopes,False
g44051,Antônio José Silva,Antônio da Construção,False
g44056,Adriano Couto de Arruda,Adriano Nano,False
g4407,Gabriela Martins da Silva Costa,Gabriela Martins,False
g44070,Gilvan de Jesus Santos,Neno,False
g44074,Angelica de Jesus Carriel,Angelica Carriel,False
g44076,Tadeu Jose Alves dos Santos,Tadeu Alves,False
g44090,Miguel Paiao Junior,Miguel Paiao,False
g44105,Bruno Fermino Dias,Bruno,False
g44125,Tuliani Mayara do Prado,Tuliani do Prado,False
g44130,Vicente Santos Oliveira,Vicente,False
g4414,Luiz Fernando Teixeira Ferreira,Luiz Fernando,False
g44140,Luiz Manoel Tonon,Luiz Tonon,False
g44147,Jessy Dayane Silva Santos,Jessy Dayane,False
g44168,Didier David Pozza,Professor Didi,False
g44171,Luis Carlos Ildefonso,Luis da Sapolândia,False
g44202,Mário Mendes de Andrade,Mário Mendes,False
g44204,Rodrigo Fernando Paiva,Professorrodrigo,False
g44205,Jose Francisco de Oliveira,Zé Galinha,False
g44206,Aparecida Donizete Ferraz,Zety Ferraz,False
g44229,Pedro Alves dos Santos,Pedrão do Pt,False
g44268,José Carlos Pereira da Silva,Zé Carlos Carteiro,False
g44271,Kevin Gabriel Pires,Kevin Pires,False
g44278,Sebastião Rodrigues Moreira,Tião Macalé,False
g44285,Ricardo Freitas dos Santos,Ricardo Pit,False
g44288,Carlos Alberto Fernandes Pinto,Carlinhos Tiaca,False
g4429,Gildemar Clementino Costa,Professor Gil,False
g44290,Maria Neuza de Souza Viana Morato da Silva,Neuza Viana,False
g44293,Antonio de Fatima Graciano,Toninho Uber,False
g44295,Rosa Maria Chiquetto,Rosa Chiquetto,False
g44297,Carlos Alberto Jorge,Cuca Jorge,False
g44317,Norma Bernardo da Silva,Professora Norma,False
g44319,Gilson Donizete Pelizaro,Gilson Pelizaro,False
g44321,Helenice de Barros Leite,Helenice Barros,False
g44325,Iverson Paulo Nobre,Iverson Careca,False
g44328,Sidnei Luiz Pereira,Sidnei Taliba,False
g44329,Josemar Gomes,Niko Gomes,False
g44349,Jose Augusto Lopes Valim,Jose Augusto Valim,False
g44352,Claudia Rodrigues Carmona Slavez,Claudinha do Tute,False
g44355,Gilsoney Miranda,Gilsoney Miranda,False
g44360,Michele Costa de Jesus,Michele Marinho,False
g44369,Marcelino Mancini,Marcelo - Marcelino Mancini,False
g44371,José Gomes da Costa,Zé Gomes,False
g44381,Diego Koster Oliveira,Prof Diego Koster,False
g44394,Luiz Antonio Navarro Magalhães Luz,Lineu Navarro,False
g44401,Elisangela Schirlei Antunes,Li,False
g44406,Marina dos Santos Duarte,Marina Duarte,False
g44468,Marciel da Silva Teixeira,Marciel,False
g44480,Rita de Cássia Rodrigues Lopes,Rita Lopes,False
g44491,Amanda Rodrigues Zanotti,Amanda Zanotti,False
g44509,Julio Cesar Cantuária Cardoso,Julio Cantuária,False
g44511,Edson Ocimar Costa,Edson da Chacara,False
g44517,Juliana Soares do Nascimento,Professora Juliana,False
g44520,Lucimara Regina Gonçalves Duraes,Professora Lucimara,False
g44535,Ismael Franco de Godoy,Ismael Franco,False
g4454,Orlando Mauricio Junior,Maurício Brinquinho,False
g44540,Carlos Sena de Souza,Carlos Senna,False
g44547,Jailson Frankilin Moreira,Jailson Enfermeiro,False
g44553,Eden Prata,Eden Prata,False
g44560,Guilherme Rocha Camilo,Professor Guilherme,False
g44562,João Paulo Alves dos Santos,Joãozinho,False
g44563,Valdir Voltarelli,Valdir Voltarelli,False
g44564,Edvanio Mendes dos Santos,Edvanio Mendes,False
g44572,Milton Santos Soares,Tim Pedreiro,False
g44578,Gilmar Cano,Gilmar Cano,False
g44595,Leonardo Cesarino dos Santos,Leonardo do Tamandua,False
g44600,Paulo Batista dos Santos,Painha,False
g44606,Sullivan Bruno Maciel,Professor Sullivan,False
g44611,Rafael de Mori de Matos,Rafael de Mori,False
g44623,Ulisses Nunes Gomes,Ulisses Gomes,False
g44631,Emily Mickeline Marques Pereira,Emily Marques,False
g44634,Maria Aparecida Ferreira da Silva,Maria India da Capela,False
g44655,Bernardete Maria dos Santos,Professora Bernardete,False
g44668,Marcos Roberto da Silva Soares,Marquinho Bozó,False
g44683,Fabricio de Queiroz Tuquim,Fabricio Carteiro,False
g44691,Cibele Aparecida da Silva,Cibele da Silva,False
g44697,Antonio Sergio Caldeira,Sergio Caldeira,False
g44705,Andre Delfino da Silva,Andre Silva,False
g44721,Osmar Aparecido Alves,Osmar Alves,False
g44723,Luan Melo dos Santos,Luan Melo,False
g44736,Antonio Mardevanio Goncalves da Rocha,Mardevanio,False
g44746,Joyce Vasconcelos Campos,Joyce Campos,False
g44752,Fernanda Cristina da Silva,Fernanda Segurança,False
g44755,Manoel Ramos da Silva,Barata,False
g44756,Marilucia Pereira de Souza,Tita do Assentamento,False
g44762,Marcelo Pimenta Donato,Marcelo Pimenta,False
g44786,Maria José de Oliveira Rosa Nogueira,Maria José,False
g44787,Odimar Carneiro de Almeida,Odimar Carneiro,False
g44791,Rogilmar Luiz Guimaraes Tobias,Primo,False
g44795,Vitor Paulo da Silva Liporaci,Vitor Liporaci,False
g44802,Nereu Barbioti de Almeida,Nereu Barbioti,False
g44816,Patricia Ferreira,Patty Ferreira,False
g44817,Márcia Aparecida de Oliveira,Duda do Quebra Gaio,False
g4482,Maria Helena Mozena,Maria Helena Mozena,False
g44836,Francieli Cristina Romualdo Guartieri,Francieli Romualdo,False
g44867,Alan Carlos Rios,Alan,False
g44878,Matheus Fortunato Bonifacio,Matheus Fortunato,False
g44880,Edimilson Antonio Theodoro,Edimilson Babalu,False
g44921,Fabio Vinicius Rodrigues,Fabinho,False
g44926,Rosangela Laurentino dos Santos,Zanza Santos,False
g44929,Paloma dos Santos,Paloma Santos,False
g44946,Heleno Donizete Novaes Almeida,Heleno Donizete,False
g44954,Janaina da Conceição Cerqueira Xavier,Janaina Xavier,False
g44955,Luiz Carlos Barbosa,Barbosinha,False
g44957,Cibele Pereira de Oliveira,Cibele Morandi,False
g44959,Ana Paula Gabriel,Paula Mãe da Roberta,False
g44968,Elza Maria de Andrade,Professora Elza Andrade,False
g44971,Almir Rogerio da Silva,Mizito,False
g44974,Poliana Muniz de Souza,Professora Poli,False
g44976,Roseli de Oliveira Rodrigues Trebbi,Roseli Trebbi,False
g44988,Alice Ester Sanches de Freitas,Ester Sanches,False
g4499,Leticia Vitoria da Silva Cruz,Leticia Cruz,False
g44997,Nilza Maria Cunha Rosas,Nilza da Saúde,False
g45000,Thiago Franco Florindo,Thiago Franco,False
g45007,Rochelle Cristhine Bernardes Paulino,Enfermeira Rochelle,False
g45012,Rosemeire Ramos,Rose Ramos,False
g45014,João Baptista de Souza,João Bolão,False
g45021,Ademir Jovaneli,Ademir Jovaneli,False
g45025,Teotonio Alencar Neto,Teotônio,False
g45027,Jose Aparecido Alves,Ze Calhas,False
g4503,André Lucas  Marques de Paula,André Menininho,False
g45049,Arlete Martins Cintra Santos,Professora Arlete,False
g45056,Carlos Eduardo de Paula,Carlos Eduardo de Paula,False
g45083,Geraldo Martins de Souza,Geraldo Martins,False
g45091,Ademir de Jesus Leme,Picuá,False
g45099,Arnobis Rodrigues Chaves,Arnobis da Nova Esperança,False
g45108,Marcos Antonio Alves,Marcão Papeleiro,False
g45115,Jose Ivan Miguel de Sousa,Ivan de Souza,False
g45121,Carlos Alberto Paulo Correa de Souza,Cuca,False
g45123,Renata Caetano,Renata Caetano Barbearia,False
g45131,José Claudio Pereira,Zelão,False
g45138,Edivaldo de Jesus Santos,Brown James,False
g45141,Benedito Marciano Vicente,Dito do Pt,False
g45148,Juvenal Pereira da Silva,Ju do Pt,False
g45151,Jose Alfredo,Jose Alfredo,False
g45164,Fernando da Cruz Martins,Fernando da Escola,False
g45170,Luiz Roberto Simione,Luiz Simione,False
g45189,Jose Franco Monte Sião,Prof Franco,False
g45191,Vitor Vicente Pereira da Silva,Vitor Pereira,False
g45199,Pedrina de Sousa da Silva,Pedrina,False
g45200,Adelson Aparecido Sampaio,Adelson Jacaré,False
g45203,Paula Andréa da Silva,Paula Assistente Social,False
g45226,Ubiratan Roberto Alves Ferreira,Ubiratan Ferrera,False
g45232,Fabiano Soares dos Santos Lima,Fabiano do Pt,False
g45234,Jairo Ricardo Pires,Thó,False
g4524,José Guilherme Quilice,Guilherme Quilice,False
g45246,José Carlos Lopes de Souza,Zé Lopes Comunitário,False
g45265,Antonia Lucimar Alves Costa,Lu Costa,False
g45267,Nancy Michelle Moussa Nehme,Nancy Moussa,False
g45275,José Antonio Pessoa,Zé Pessoa,False
g45288,Flavia Fonseca Falcao Li,Flavia Falcao,False
g45289,Andreia de Oliveira Silva,Prof. Andreia da Juntas,False
g4529,Bruna Thainara Tavares de Souza,Bruna Thainara,False
g45305,Weslen Cristian Gonçalves Pedroso,Cris do Oridão,False
g45307,Valdir Pereira Roque,Valdir Roque,False
g45311,Paulo João Estausia,Paulinho do Transporte,False
g45312,Pâmela Aparecida Roque dos Santos,Professora Pâmela Roque,False
g45324,Ismael Domingos de Assis,Ismael do Leite,False
g45341,Marcelo Samuel da Costa,Professor Marcelo Costa,False
g4535,Luiz Fernando Cuer Ferreira,Dr Luiz Cuer,False
g45366,Marco Antonio Coelho de Moraes,Maestro Coelho de Moraes Prof.,False
g45381,Arselino Roque Tatto,Arselino Tatto,False
g45386,Adilson de Moura,Moura,False
g45407,José Vicente Felizardo da Silva,Zé Vicente,False
g45409,Salvador de Oliveira,Salvador Rolim,False
g45411,Valdemir Braga Soares,Valdemir Braga,False
g45413,Nelson Alves da Costa,Nelson Lanches,False
g45434,Leonel de Souza Morais,Leonel,False
g45458,Ailton Porto do Nascimento,Ailton,False
g45465,Rosana Olivia Morano,Rosana Morano,False
g45470,Rosangela das Graças Carlos,Rose Carlos,False
g45474,Benedito Lélis Renó,Lélis Renó,False
g45494,Rodrigo Crivelaro,Professor Rodrigo Crivelaro,False
g45500,Luiz Fernando de Souza da Silva,Bolacha Cerqueiro,False
g45502,João Rocha,João Rocha,False
g4552,Venicio de Oliveira,Venicio Tininho,False
g45525,Raimundo Aparecido dos Santos,Raimundo do Zanaga,False
g4553,Julio Guerra Fiuza Filho,Julio Guerra,False
g45536,Mateus Cesar de Oliveira,Teus,False
g45539,Lucas Fernandes de Paula,Prof.. Lucas de Paula,False
g45540,Eloisa Aparecida Roque,Eloisa Roque Borracheira,False
g45542,Estevam Maier Claudio,Estevinho,False
g45548,Daniel da Silva de Assis,Daniel Gigante,False
g45560,Rogerio Aparecido Fiorini,Rogerinho Fiorini,False
g45584,Janeina Kroger Ribeiro,Educadora Janeina Kroger,False
g45586,Getulio Batista Cangussu,Getúlio do Amarelinho,False
g4559,João Guilherme Benetti Ramos,João Guilherme,False
g45599,Milton dos Santos Ribeiro,Milton da Coleta,False
g45600,Paulo Cesar Raxkid Simeoni,Dr Paulo,False
g45623,Samuel Alves Costa,Samuel Costa,False
g45637,Luiz Carlos Rosa dos Santos,Prof Luiz Negão,False
g4565,Aline Fabiane dos Santos,Aline do Pantamar,False
g45657,Fernanda Henrique Souza de Lima,Fernanda Henrique,False
g45681,Gabriel Santana Benedito,Gabriel Santana,False
g4569,Benedito Bueno da Silva,Mestre Bê,False
g45694,Erivaldo dos Santos Martins de Oliveira,Erivaldo Sergipe,False
g45697,Antônio Roberto de Souza,Roberto Enfermeiro,False
g4570,Vanderlei Matheus Rodrigues,Vand,False
g45707,Aurélio Limber Martins de Araújo,Aurélio Araújo,False
g45720,Gabriela Ramos Bello,Gabriela Ramos,False
g45721,Vanilton Balsalobre Rossi,Rossi,False
g45728,Nilton César Andrade,Professor Nenê,False
g45729,Antonio Carlos de Souza,Antonio Carlos Tonho do Papel,False
g45732,André Luiz Costa de Oliveira,Professor André,False
g45737,Antonio Pedro da Paixao,Pedro do Lava Rápido,False
g45758,Angelo Colarullo Filho,Angelo do Banco do Povo,False
g45792,Kelly Luciana Guimarães de Sá,Mãe Kelly,False
g45796,Eliseu Leite,Eliseu Leite,False
g45819,Valdesom Marques de Sousa,Derson,False
g45823,Marcia Cristina Felix Lourenço,Marcia Félix,False
g45826,Oriel Rodrigues de Moraes,Dr Oriel,False
g45829,Rogerio Ananias Ferreira,Sapo Joe,False
g45855,Claudio de Souza Barrozo,Claudinho,False
g45856,Marisa da Silveira,Pastora Marisa,False
g4586,Sebastião Donizete Xavier,Professor Doni,False
g45866,Albanise Aparecida Dionisio Bettoni,Albanise Bettoni,False
g45878,Juliana Fraga e Silva de Souza,Juliana Fraga,False
g45880,Euripedes Amaro,Gambá,False
g45914,Heber Rocha Farias,Heber do Juntoz,False
g45919,Joice Tatiane Medeiros Queiroz,Joice do Banco,False
g45926,Luiz Fernando Garcia Lima,Luiz Fernando O Tio Luiz,False
g45932,Ezequias Simões de Almeida,Zeca do Pt,False
g45939,Diego Sá de Sousa,Diego de Sá,False
g45941,Gustavo de Souza Pinto,Professor Joey,False
g45945,Wilson Leonardo da Silva,Wilson Moto Taxi,False
g45947,Jose Carlos da Silva,Zelão,False
g4596,Ronaldo Rodrigues Jesus,Ronaldo Uber,False
g45963,Vicente Souza Duarte,Zoinho,False
g4597,Izaura Alves,Izaura do Pt,False
g45986,Marcelo Sussumu Yanachi Yoshida,Prof. Marcelo Yoshida,False
g46007,Vanessa Bandeira Bernardo,Vanessa,False
g46008,Isac Alves Gomes,Isac,False
g46041,Alvaro Augusto da Silva,Alvaro Augusto,False
g46043,Maria Clara Multini Belchior,Clarinha Belchior,False
g4608,Valdirene Aparecida de Lima,Valdirene Aparecida,False
g46082,Alex Simplicio Furtado,Alex Simplicio,False
g46087,Mario Henrique Lopes de Moura,Mario Moura,False
g46102,Luciano Siqueira da Silva,Lu Siqueira,False
g46127,Elvis Antunes Ruas,Don Elvis,False
g46129,Ivone Aparecida Monteiro Alves Batistela,Professora Ivone Batistela,False
g46130,Jayme Faustino do Nascimento,Jayme Sorriso,False
g46142,Daniel Teixeira de Oliveira,Daniel Oliveira,False
g46166,Djalma Fregnani Junior,Dr Djalma,False
g46197,Rosemara Rodrigues,Rose,False
g46203,Enio Luciano Ferreira,Enio Ferreira,False
g46205,Rivaldo Rodrigues de Almeida,Prof Rivaldo,False
g46218,Margareth Aparecida de Azevedo Pereira,Margareth Aparecida,False
g4622,Luciano Rizzo Guimarães,Luciano Guimarães,False
g46222,Alessandro Aparecido dos Santos,Buiu,False
g46223,Conceição Miranda Franco,Conceição da Cooperativa,False
g46227,Edson dos Santos Matutino,Edson  do Staff,False
g46240,Elisabete Pinezio,Bete Pinezio,False
g46259,Laerte Martins de Oliveira,Engenheiro Laerte,False
g46263,Ednaldo de Oliveira,Naldão,False
g46264,Ana Claudia Alves Martins,Ana Claudia Martins,False
g46267,Gizelia Aparecida da Silva Araujo,Giza Araujo,False
g46269,Juliano Gabriel Pereira,Juliano Pedreiro,False
g46290,Oscar Azeredo Gutierrez,Oscar do Uber,False
g46301,Roberval Moreira Vieira,Roberval Vieira,False
g46310,Aloisia Helena de Paula Souza,Aloisia,False
g46318,Rosalina de Oliveira Ramos,Rosa Solidária,False
g4632,Gabriel da Conceição de Oliveira,Gabriel Radialista,False
g46326,Humberto Pinto de Carvalho,Carvalho,False
g46328,José Luiz Dias Toffoli,Zé Luiz Toffoli,False
g46329,Sueli Aparecida Furian,Sueli Furian,False
g46335,Leni dos Santos Paiva Souza,Leni Paiva,False
g46337,Olival Nogueira de Matos,Engenheiro Olival,False
g46341,Leandro Alves Thomazini,Leandro Thomazini,False
g46367,Fernando Marçari,Fernando Dagata,False
g46383,Tiliãno Martin de Siqueira,Tiliâno Martin,False
g46389,Edlaine Santos da Cruz,Edlaine Santos,False
g46395,Nelma Ferreira de Oliveira,Nelma,False
g46396,Joel Aristides Belarmino,Joel Cabeleireiro,False
g46398,Andre Floriano Alves,Andre Floriano,False
g46404,Armando Romao,Armando Romão,False
g46405,Eufrasia do Espírito Santo Oliveira,Eufrásia,False
g46412,Lucio Vieira,Lucio da Bateia,False
g46415,André Luiz Furtado,Andre do Pizolim,False
g46425,Antonio Sérgio dos Santos Bomfim,Sérgio Bomfim,False
g4645,Isabel da Silva Aguiar,Isabel Aguiar,False
g46456,Moises Selerges Junior,Moises Selerges,False
g46460,Maria Elvirande Mendes,Elvirande,False
g46476,Renata Aparecida Batista,Renata,False
g46493,Antonio Cicero Ferreira de Araujo,Cicero Araujo Professor,False
g46497,Willian Oliveira Peniche,Dr Willian Peniche,False
g46514,Oderlan Pereira de Souza,Professor Oderlan,False
g46521,Joaquim Rogerio dos Santos,Joaquim Pé Na Porta,False
g46526,Claudio Aparecido da Silva,Claudinho Ouvidor,False
g46561,Militino Pereira de Andrade,Militino Andrade,False
g46566,José Paulo Miranda,Paulão da Feirinha,False
g46567,Marcos Soares Fernandes,Tunai do Pt,False
g46568,Kayky Moreira Silva Barroso,Kayky Moreira,False
g4658,Sérgio Aparecido Nogueira,Sérgio Irmãozinho,False
g46580,Caroline Ribas Cabeça,Carol Ribas,False
g46590,Wilson Jose de Sousa,Wilson Jose,False
g46593,Rosicleide Oliveira da Silva,Irmã Rosicleide,False
g46600,Nelson Donizeti Rodrigues,Nelsinho Sapateiro,False
g46609,Lazaro Tadeu Franco de Souza,Lazinho,False
g46612,Elaine Pilat,Elaine,False
g46641,Sandra Massae Kaibara,Sandra Kaibara,False
g46646,Sergio Pedroso Luis,Maradona,False
g46654,Vilmar da Silva,Vilmar da Silva,False
g46655,Eleandro Pereira da Silva,Leandrao Careca,False
g46660,Marcelo Lima Rodrigues,Marcelo,False
g46676,Elizabeth Aparecida Antunes de Souza,Elizabeth Antunes,False
g46688,Manoel Azevedo Noronha Filho,Nelinho Noronha,False
g46689,Fernando Gerônimo Ferro,Fernando Ferro,False
g46703,Marciano Fernandes Silva,Marciano Fernandes,False
g46707,Anderson Cristiano Rodrigues,Professor Anderson,False
g46717,Alexandre Pereira da Silva,Alexandre Silva,False
g4672,Rui Fernando Murari,Professor Rui,False
g46736,Luiz Angelo,Luizinho,False
g46740,Roberlei Gabriel Giovanni,Roberlei Magá,False
g46741,João Raposo Pereira,João Raposo,False
g46744,Elaine Aparecida de Morais Vieira de Souza,Elaine da Saúde,False
g46757,Irton Pereira,Nenê,False
g4676,Neide Maria do Carmo Marques,Neide Marques,False
g46760,Marcelo Silva de Barros,Professor Marcelo Barros,False
g46773,Marco Antônio Júlio,Domingão,False
g46795,Mauricio Duarte Pinto,Mauricio Pinto,False
g46796,Sebastião Bezerra Sobrinho,Tião Bezerra,False
g46797,Bruno Ramos da Silva,Bruno Ramos,False
g46809,Mauricio Marsura,Prof Mauricio Marsura,False
g46810,Cícero Quirino da Costa,Professor Cicero,False
g46826,Alex Douglas Pires,Alex Ovelha,False
g46830,Juraci Santana,Jura Santana,False
g46834,Maria Cristina de Paula Machado,Cristina Machado,False
g46836,Iara Aparecida da Silva Ribeiro Fogar,Iara Ribeiro,False
g46880,Dorival Carlos Tetzner,Dorival do Imposto de Renda,False
g469,Nelson Aparecido Leite,Tico do Transporte,False
g46902,Leandro Candido Soares,Leandro Soares,False
g46906,Altair Neri Bezerra,Taga,False
g46908,Santo Carneiro da Silva,Santo Carneiro,False
g46917,Thais Cristina Tristão Santos,Thaís do Acojamba,False
g46931,Cândido Parreira Duarte Neto,Cândido Duarte,False
g46943,Odecio Alves Furquim,Decinho Furquim,False
g46949,Naiara Cardoso de Almeida,Naiara do Posto,False
g46960,Adeilton Alves de Souza,Del Carteiro,False
g46961,Yara Laine Teles Rodrigues de Campos,Laine Teles,False
g46970,Juliana Candida Feliciano,Professora Juliana,False
g46972,Carlos Augusto Bellintani,Tinho Bellintani,False
g46996,Ricardo Rodrigues Maria,Ricardo Maria,False
g46997,Fernando Carlos Joaquim,Fernando Joaquim,False
g47015,Mario Maurici de Lima Morais,Maurici,False
g4702,Otelino Barbosa de Almeida,Otelino,False
g47030,Iaidhine Cardozo,Agner,False
g47035,Edivilson Candido,Vilson,False
g47038,Eliel Camilo das Neves,Eliel Eletricista,False
g47039,Katia Aparecida dos Santos,Kátia da Saúde,False
g47052,Jessica Cristina Rodrigues,Jessica,False
g47058,Ana Caroline Oliveira dos Santos,Carol Filha da Toca,False
g4706,Theo de Jesus Barroti,Theo Barroti,False
g47072,Giovana de Cassia de Oliveira Eugênio,Giovana do Ronaldo,False
g47088,Daiane da Silva Gomes Augusto,Daiane Filha do Pipa,False
g47090,Liliani Cristina Confortini,Liliani Confortini,False
g47097,Joao Benicio da Silva,João Benicio,False
g47101,Juliano Augusto da Costa Rodrigues Peinado,Juba Guerreiro Pezinhos,False
g47104,João Batista de Carvalho,Joãozinho do Açougue,False
g47155,Djalma Jose da Silva,Djalma Jose da Silva,False
g47191,Joao Octavio Borges dos Santos,Jão Jão Barber,False
g47194,Renato Lourenço Linz,Renato Linz,False
g47204,Cleci Teresinha Ledur Lima,Cleci,False
g47215,Silvana Queiroz de Souza,Sil Cabelereira,False
g47222,Sandra Sobrinho,Professora Sandra Sobrinho,False
g47235,Jurandyr do Prado,Pradinho,False
g47237,Bruna Napier dos Santos,Bruna Napier,False
g47245,José Eduardo Coienca,Eduardo Coienca,False
g47272,Ronaldo da Silva,Ronaldo Sid,False
g4729,Kiusam Regina de Oliveira,Kiusam de Oliveira,False
g47314,Maria Vanuza Barbosa dos Santos,Vanuza,False
g47316,Simone Alves de Carvalho Nunes,Simone,False
g47323,Leandro Ferraz,Lê Ferraz,False
g47326,Maria Aparecida da Silva,Cida do Rddr,False
g47336,Giovanna Pavesi Porto,Gigi Pavesi,False
g4734,Beatriz Galvão Nogueira,Bia Galvão Cand Coletiva,False
g47341,Izamar Nunes da Silva,Izamar,False
g47375,Edson Oliveira Pereira,Edson do Pandeiro,False
g47381,Henry Manfrim Ozorio Dias,Henry Ozorio,False
g47385,Arthur Grigolin Ferreira,Arthur Grigolin,False
g47386,Renato Pereira Novaes,Buzina,False
g47397,Waltemir Alves Dantes,Waltemir Dantes,False
g47402,Marcia Moreira Lobato,Marcinha,False
g47405,André Victor Okamoto de Lima,André Okamoto,False
g47411,Jair Aparecido Rosa,Jair Rosa,False
g47425,Sergio Vilares dos Santos,Sergio Santos,False
g47429,Enedina dos Santos,Edna,False
g47433,Rodrigo Américo Pereira Paixão,Rodrigo Paixão,False
g47436,Celso Melo de Oliveira,Celso Diretora,False
g47450,Thiago Marcon de Camargo,Thiago Marcon,False
g47455,Maria Helena Rosa de Campos,Maria Helena,False
g47464,Marinete Tenório Cavalcante Vaz,Marinete,False
g4747,Deividi Davi de Oliveira,Deividi,False
g47495,Giovana Batista de Carvalho,Giovana Carvalho,False
g47498,Valdecir Antonio Alexandre,Professor Valdecir,False
g47504,Luiz Amaro Barrozo Ferreira,Ceará dos Blocos,False
g47509,Marcelo Aparecido de Moraes,Marcelo Bom,False
g47528,Pablo Daniel Ferreira,Pablo,False
g47539,Miguel Claudio Batista,Miguel do Sindicato,False
g4756,Alexandrina Maria Aparecida Citadini,Alexandrina Citadini,False
g47565,Edson Arantes de Oliveira,Edson Arantes É 10,False
g47576,Patricia Gleici Alberto Soboyejo,Patricia Gleici,False
g47585,Marcelo do Prado,Marcelo do Extintor,False
g4759,Adriana Martins de Souza,Professora Adriana Martins,False
g47590,Fabio Alves de Sá,Fabio Alves,False
g47591,Paulo Sergio de Oliveira,Paulo Oliveira,False
g47592,Rafael Moreira de Assis,Dr Rafa Assis,False
g47594,Flavio Barbosa de Lima,Flavio Mst,False
g47596,Bruniely Caroline Lima Lemos,Bruniely Lemos,False
g47605,Sandra Bonini,Sandra Bonini,False
g47623,Wanderson Pereira Alves Ychihara,Wanderson San,False
g47624,Ingrid Rodrigues de Sa,Ingrid de Sa,False
g47625,Tamires Gomes Sampaio,Tamires Sampaio,False
g47641,Gisleine Aparecida Domingues Beato,Professora Gisleine Beato,False
g47674,Luana Clineia Isidoro Leite,India Luana Leite,False
g47690,Gelson Stuqui,Gelson Stuqui Jiló,False
g47694,Fatima Aparecida de Oliveira dos Santos,Enfermeira Fatima,False
g47695,Anderson Ferreira das Neves,Pixote,False
g47702,Paulo Sergio David Neves,Paulo Cantor,False
g47704,Jose Carlos da Mata,Zé da Mata,False
g47720,Solange Aparecida Polastro,Solange Polastro,False
g47741,Bruno Henrique Marinelli,Prof Bruno Marinelli Filosofia,False
g47750,Jucelino Soares de Almeida,Filé Almeida,False
g47754,Rosilene Paulino de Carvalho,Rosi Paulino,False
g47773,Sirleide Caetano Looze Pimentel,Neide Looze,False
g47780,Claudemir Ferreira de Souza,Claudemir Souza,False
g47788,Simão Pedro Chiovetti,Simão Pedro,False
g47790,Maria Doraci do Nascimento,Dora Nascimento,False
g47796,Andrea Aparecida da Rocha,Andrea Rocha,False
g47799,Milton Aparecido Pereira,Milton Maquinão,False
g47803,Volnei José Barbosa,Volnei,False
g47809,Ester Ferreira da Silva,Ester Ferreira,False
g47810,Sergio Ribeiro Silva,Sergio Ribeiro,False
g47811,José Roberto Squisatti,Roberto Squisatti,False
g47825,Vivian Maria Tito,Vivian Fotografa,False
g47832,Joel de Barros Lima,Joel de  Barros,False
g47834,Luiz Alberto Ribeiro,Luizinho Ribeiro,False
g47866,Fabio Dotta Groke,Fabio Groke,False
g47878,Paulo José Penalva Mancini,Paulo Mancini Em Mutirão,False
g47880,Xisto Hiroshi Macena,Xisto Macena,False
g47895,Erick de Paula,Erick de Paula,False
g47927,Mauro de Almeida Rosa,Mauro Rosa,False
g47937,Carlos Adão Correa,Zadão,False
g47951,Ruth Lopes Costa,Ruth Lopes,False
g47954,Eliede Aparecida Fraga,Eliede Fraga,False
g47990,Matheus Guerreiro Catasse,Matheus Guerreiro Catasse,False
g47991,Erielson Pedreira Coelho,Boy Soldador,False
g47996,Jonas de Souza Amaral,Jonas Amaral,False
g48001,Carlos Henrique da Silva,Carlos,False
g48043,Expedito José Gonçalves,Jottha Gonçalves,False
g48044,Luiz Gonzaga de Meira,Zaga Motorista Escolar,False
g4805,Julio Cesar da Silva,Prof Julio Cesar,False
g48052,Ivete Aparecida Barbosa,Ivete Custódio,False
g48076,Paulo Rogerio Ribeiro Garcia,Rogério Garcia,False
g48078,José Amaro Pinto,José Amaro,False
g48079,Thiago Bernardes dos Reis,Thiago Bernardes,False
g48083,Matheus Marcos Eloi,Matheus Eloi,False
g48099,Aparecida Margarida Pereira da Silva,Cida Santa Zélia,False
g48108,Alexandre Cardoso Velloso,Velloso da Hocus Pocus,False
g48118,Jose Dirceu de Oliveira e Silva,Zé Dirceu,False
g48146,Aparecido Jose Silvano de Almeida,Fião Pula,False
g48167,Gabriel Nunes da Silva,Professor Gabriel Nunes,False
g48170,Messias Paulo Ribeiro,Messias do Bar,False
g48193,Cintia Bezerra dos Santos,Cintia Santos,False
g48209,José da Silva,Zezinho Silva,False
g48212,Altamiro dos Santos,Tamir da Vila Nova,False
g48213,João Flávio Bueno,João Bueno,False
g48224,Walther Jockner Junior,Walthinho Jockner,False
g48227,Claudia Abreu da Silva,Claudia Abreu,False
g48232,Jefferson Lima Duque,Jefferson Duque,False
g48236,Candido Augusto Pires Neto,Neto,False
g48252,Ana Maria do Carmo Rosseto,Ana do Carmo,False
g48277,Izilda Francisca Arena,Izilda Arena,False
g48278,Marcelo da Rocha,Marcelo da Rocha,False
g48281,Ricardo Aparecido Custodio Marques,Professor Ricardo,False
g4829,Flavio Augusto Salum Laranjeira,Flavio Laranjeira,False
g48291,Francisca Trajano dos Santos,Dra Cida Trajano,False
g48298,Laercio Ferracini,Laercio Pedreiro Cristão,False
g48311,Helio Ramos,Helião,False
g48322,Luzia Mantovani,Professora Luzia Mantovani,False
g48326,Érika de Oliveira Correa Macarini,Érika Macarini,False
g48329,Nivaldo Sadao Hatamoto,Nivaldo Japonês,False
g48342,Raquel Aparecida dos Santos,Raquel do Cipó,False
g48343,Aferbeca Aguiar Bacelar,Beca Bacelar,False
g48345,Camila Aquino dos Santos,Camila Aquino,False
g4836,Samuel Lucas Luciano,Samuel Luciano,False
g48365,Sergio França,Sergio França do Pastel,False
g48375,Maria Aparecida Brazil,Cida Brazil,False
g48377,Romildo Americo Junior,Romildo Americo,False
g48390,Jamilton Emidio Pereira,Jamilton,False
g48395,Ana Claudia Candolato,Pitita,False
g48397,Adonay dos Santos,Adonay,False
g48403,Augusto Reis da Silva,Popular Dumato,False
g48409,José Paulo de Araujo,Zé Paulo,False
g48413,Filomena Aparecida Silva,Filoh Poeta,False
g48414,Eurico Francisco Misael,Eurico Misael,False
g48417,Jose Romeu Raphael,Professor Raphael,False
g48419,Pedro Erbsti Neto,Pedro do Táxi,False
g4843,Durvalino Pereira da Silva,Juby da Farmácia,False
g48432,Marcio Peres Molina,Marcio Peres,False
g48464,Aloisio Calsoni Bozzini,Prof. Bibo Bozzini,False
g48466,Nobuko Shiguihara,Nobuko,False
g48479,Celso de Souza,Celso,False
g48480,Carlos Alberto Lourençon,Lourençon,False
g48485,Antonio de Fatima Lu,Antonio de Fatima Lu,False
g48498,Laurindo Antonio de Goes,Laurindo da Associação,False
g48503,Josinete Nunes da Silva,Josi Nunes,False
g48510,Eliana Aparecida dos Santos,Eliana,False
g48524,Ronaldo da Silva Palma,Ronaldo Palma,False
g48525,Manuel Antonio Gonçalves,Professor Manuel,False
g48529,Ocimar Jose Rodrigues,Professor Ocimar,False
g48534,Manoel Vanderlei Barbosa dos Santos,Bahia da Zona Sul,False
g48548,Jorge Rogerio Pequin,Prof Jorge,False
g48553,Bruno Sérgio Pilatde Oliveira,Bruno Pillat,False
g48557,Patricia Rosa,Patricia Rosa,False
g48558,Marcos Soares Ribeiro,Marcos Frentista,False
g4857,Aloisio Jose dos Santos,Aloisio Pb,False
g48575,Hamilton Carlos de Souza Mendes,Hamiltinho Mendes,False
g48581,Marcos Antonio dos Santos,Marcos Santos,False
g48582,Benedito Carlos dos Santos,Professor Carlos,False
g48585,Antônio Marco Pigato,Marco Pigato,False
g48599,João Vitor do Nascimento Honorio,Joao Vitor do Nascimento,False
g48601,Fábio Silva Calixto,Fábio Calixto,False
g48604,Clarice Godoi,Clarice Godoi,False
g48624,Jobson Clayton de Pierri,Jobson Pierri,False
g48625,Pedro Tourinho de Siqueira,Pedro Tourinho,False
g48626,João Luis de Souza Almeida,João Luis,False
g48637,Vanessa Sanches de Andrade,Vanessa da Ozélia,False
g48646,Adriana de Souza de Lima,Adriana Lima,False
g48651,José Valter Moreira Pinto,Pelé,False
g48655,Francisco Alves Barreto,Chicão do Bar,False
g48678,Sueli Silva,Sueli Silva,False
g487,Sebastiao Antonio Lovo,Tião Lovo,False
g48701,Simone Aparecida Malaspina,Simone Malaspina,False
g48705,Claudio Correa Dadazio,Dadazio,False
g48710,Fabiano Peres Gandolfo,Fabiano Gandolfo,False
g4872,Lucimara Nunes Garcia Oliveira,Mara Nunes,False
g4873,Valdeci Augusto da Silva,Zidane do Sindicato,False
g48730,Maria do Socorro Silva Rafino,Socorro Rafino,False
g48752,Aline Paula Ramos,Aline Ramos,False
g48757,Dorival Narciso,Dorival Narciso,False
g48775,Carlos Pedro da Silva,Carlos do Pinhal,False
g48780,Antônio Carlos Garcia,Professor Garcia,False
g48792,Juvenil Rocha,Juvenil,False
g48806,Pedro Wilson Romano,Pedrão,False
g48811,Ângela Rodrigues dos Santos Gomes,Ângela Rodrigues,False
g48817,Sandra Valeria Rodrigues de Oliveira,Sandra Valéria,False
g48818,Fabiana Ponzio Scardoelli Petrucelli,Fabiana Scardoelli,False
g48820,Silvana do Carmo Fortunato,Silvana Fortunato,False
g48834,Roque Carneiro de Oliveira,Dr Raiz,False
g48844,Luiz Angelo Aguiar,Luiz Cabeleireiro,False
g48864,Kelly Cristina Ribeiro da Silva,Kelly das Tranças,False
g48869,Cosme Campos Dias,Nec Campos,False
g48879,Michel Oliveira Rodrigues da Silva,Chell Oliveira,False
g48880,Ricardo Gênio Ferreira,Ricardo Di Gênio,False
g48887,José Márcio de Carvalho,Márcio Santista,False
g48888,Meire Ana Richardes da Rocha,Meire Assistente Social,False
g48898,Mauro Pereira,Mauro do Pt,False
g48903,Fabiana Antonia da Cunha,Fabiana Cunha,False
g48909,Elenita do Carmo Oliveira Martins,Elenita Martins,False
g48916,Josemundo Dario Queiroz,Josa,False
g4892,Fabiano da Silva Castilho,Fabiano do Lanche,False
g48953,Willians Bezerra da Silva,Willians Bezerra,False
g48966,Joelson Santos de Jesus,Joelson,False
g4897,Orlando Silvio Pedroso Bento,Orlando Pedroso,False
g48977,Vagner Joaquim dos Santos,Vagner Santos,False
g48984,João Batista da Silva,João Terra,False
g48989,Raimunda Ferreira de Almeida,Rai de Almeida,False
g48995,Rosemeire Gonçalves Mendes,Rose Mendes,False
g49012,Nelci da Silva,Nelci Empreiteira,False
g49049,Hudson Ananias,Hudson Ananias,False
g49056,Jair de Souza Campos,Jair Corretor,False
g49057,Cláudio de Almeida Goes,Cláudio Rato,False
g4906,Luis Carlos Alves,Luis Alves,False
g49070,Darcy dos Remédios Toledo,Darcy Toledo,False
g49089,Alcides Jesuino Burhoff,Borinha Burhoff,False
g49090,Érica Cristina Martins Juvenal,Érica,False
g49097,Renata Cristina Nascimento Souza Silva,Renata Souza,False
g49101,Everton Santos Veronese,Vertão Veronese,False
g49105,Joao Batista da Luz,Coletivo Jb,False
g49120,Gilberto Santos Batista,Lídio Santos,False
g49121,Hamed Mauch Bittar,Professor Hamed Bittar,False
g49148,Paula Ravanelli Losada,Paula Ravanelli,False
g49164,Verginia Rocha Batista,Verginia do Pt,False
g49173,Michel Felipe dos Santos Moreira,Professor Michel,False
g49207,Kleber Antonio da Silva Dan,Prof Kleber Dan,False
g4921,Mônica Valéria de Assis Evaristo,Mônica Assis,False
g49211,Paulo Rodrigo da Cruz Gouveia,Paulo Rodrigo,False
g49236,Gabriel Firmino Alves da Silva,Gabriel Pato,False
g49238,Adjanir Soares Souza,Adjanir Cabeleleiro,False
g49252,Fernanda Delciza Pinto Campos,Nanda Campos,False
g49267,Douglas Barbosa da Silva,Douglas Vilela,False
g49287,Carlos Roberto Pereira do Carmo,Tio Beto,False
g49290,Maria de Lourdes Moraes,Lourdes Lieje,False
g49293,Maria de Lourdes Santos Evangelista,Lourdes,False
g4930,Alef Contrin dos Santos,Alef Contrin,False
g49311,Carlos Alberto Marcos,Alemão da Assojuris,False
g49336,Jair Antonio Meneguelli,Jair Meneguelli,False
g49357,Estela Maria Escorcio dos Santos,Prof. Estela Escorcio,False
g4938,Lucimeire Pereira da Cruz,Lucimeire,False
g49384,Fernando Souza Puga,Fernando Puga,False
g49388,Silvani da Silva,Silvani Silva,False
g49395,Ademir Francisco Truzzi,Ademir Truzzi,False
g49404,Vanessa Cristina Silva Andrade,Vanessa Canela,False
g49422,Wilson Luiz da Silva,Wilson Obama,False
g49427,Walcy de Oliveira,Walcy de Oliveira,False
g49441,Joao Nicolau Nogueira Alves,Professor Nicolau,False
g49446,Daiane Cristina Mendes,Daiane Mendes Day,False
g49461,Cibelly de Jesus,Cibelly Vilhena,False
g49468,Ronaldo Pereira,Professor Ronaldo,False
g49475,Sérgio Antônio Nery,Serjão,False
g49483,Ruan Douglas do Nascimento,Ruan Douglas,False
g49488,Jilceane Silva das Neves,Juci Neves,False
g49499,Luiz Paulo Teixeira Ferreira,Paulo Teixeira,False
g49512,Katia Correia Torres,Tia Katia,False
g49518,Humberto Soares Célio,Humberto,False
g49519,Wallace Junio dos Santos,Wallace Junior,False
g49526,Cesar Aparecido Vieira,Cesar da Cadeira,False
g49531,José Rodrigues da Rocha Filho,Zé Preto Motorista,False
g4954,Luiz Antonio da Cruz,Luizão,False
g49544,Carlos Jose Santana de Miranda,Professor Carlos Santana,False
g49552,Silvana de Oliveira Santos,Silvana de Oliveira Santos,False
g49553,Jardel Cidade Souza,Jardel Cidade,False
g49572,Maria Isabel Bucci Amorim Nogueira,Bel Amorim,False
g49585,Marilza Medina Fim,Marilza Fim,False
g49592,Mário Sérgio Ferreira Silva,Marião da Caic,False
g49598,Irma Maria de Moraes Santos,Dra Irma Moraes,False
g49604,Benedito dos Santos Germano,Dito da Néia,False
g49605,Valdenir Crespilho,Valdenir Crespilho Zenon,False
g49622,Antonio de Carvalho Almeida,Professor Toninho,False
g49623,Fabiana Florentino de Oliveira,Fabi Oliveira,False
g49629,Luciana Barbosa do Nascimento,Dra Luciana Barbosa,False
g49650,Rafael Bove Bueno,Rafael Bove,False
g49654,Leandra Santana Diniz,Leandra Diniz,False
g49687,Camila Floriano Duarte,Camila Duarte Mandato Coletivo,False
g49715,Gervasio Marcio Hernandes,Gervasio Hernandes,False
g49717,Rosanete da Silva,Rose,False
g49720,Maria Aparecida da Silva,Maria da Saúde,False
g49726,Maria de Lourdes Limeira,Lurdinha Limeira,False
g49729,Gilmar de Oliveira Bonato,Gilmar da Farmácia,False
g49767,Maria Aparecida da Silva,Cidinha,False
g49771,Elivaldo Antonio de Carvalho,Vado,False
g49815,Julio Cesar Cassiani,Julio Cassiani,False
g49827,Sebastião Romão da Silva,Tião Romão,False
g49831,Luiz Paulo da Silva Mello,Luiz Paulo,False
g49842,Marcos Roberto Nogueira dos Santos,Padre Marcos,False
g49843,Alziro Alan Cardek Negrini,Alziro Alan Kardec,False
g49869,Marcia de Andrade Bargas,Professora Márcia,False
g49872,José Andrade Santana,Zé do Pt,False
g49873,Augusto Gabriel Meira,Augusto Lixeiro,False
g49876,Cassia Gonçalves de Lima,Cássia Lima,False
g49894,Rosa Pereira Fonseca Peres,Rosa Peres,False
g49903,Neuza Senhorini Ferreira dos Santos,Neuza Senhorini,False
g49905,Marcos Aparecido Ferreira,Marquinhos Ferreira,False
g49908,Geraldo Aparecido Correia dos Santos,Geraldo Correia,False
g49910,Ariovaldo Ferreira da Costa,Ariovaldo Costa,False
g49924,Alexandre Frederico,Zoio Mototaxista,False
g49927,Albenisia Souza Nascimento,Nina Suplicy,False
g49929,Willians de Paula Damaceno,Willians Kalmy,False
g49936,Denise Milano Pereira de Campos,Denise Campos,False
g49946,Maria Andrea da Silva Ferreira,Andrea do Ferreira,False
g49949,Silvio José Marques,Silvio Marques,False
g49954,Francisco Erasmo Andrade dos Santos,Erasmo da Fazenda,False
g49961,Maria do Socorro Figuerêdo Silva Rubio,Socorro,False
g49964,Patrícia Cugler,Patrícia Cugler,False
g49983,Kallas Mariano Fonseca,Kallas,False
g49986,Luiz Fernando Silva Curti,Dr. Luiz Curti,False
g5,Symmy Larrat Brito de Carvalho,Symmy Larrat,False
g50011,Géssica Patrícia Cardoso,Gessica Filha do Ideval,False
g50015,Cristhian Alexandre de Albuquerque,Cristhian Albuquerque,False
g50017,Claudenilson Cesar Antonio,Clau,False
g50025,Marcos Ferreira,Marquinho do Pt,False
g50026,Eder Gonçalves de Lima,Agente Eder Lima,False
g50029,Lucas Prata Penteado,Lucas Penteado,False
g50033,Benedito Jose Martins de Oliveira,Dito Funileiro,False
g50061,Mateus Luis de Luca,Mateus Metalurgico,False
g5008,Claudia Sueli Francisco,Claudia,False
g50081,Edvaldo da Costa Correia,Di da Limpeza,False
g50097,Bras Donizetti Correa,Pardal Táxi,False
g501,Julieti Francisca dos Santos,Ju do Mandela,False
g50110,João Cardoso da Silva Bueno,João Cardoso Esperançar,False
g50124,Elieide de Jesus Araujo,Eli Assistente Social,False
g50128,Celimara Ines Garbim Avelino,Professora Celimara,False
g50130,Jucelino Souza de Novais Junior,Jucelino Júnior,False
g50148,Maria Paula Mendonça Vieira,Maria Paula,False
g50165,Geraldo Gonçalves Gomes,Geraldo Taxista,False
g50170,Reginaldo Amaro,Nardão Amaro,False
g50184,Normaci Sousa Sampaio,Nadir Sampaio,False
g50189,Jesuino Teixeira Pereira,Zininho,False
g5019,Maria Julia de Oliveira,Julia Noivas,False
g50191,Simone de Oliveira Silva Pires,Simone Pires,False
g50195,Magda Maria Alves Varela Pastro,Magda Pastro,False
g502,Carlos Batista de Lima,Carlão do Pt,False
g50200,Luiz Bezerra de Melo,Mestre Luiz Bezerra,False
g50201,Agnaldo Rodrigues de Almeida,Agnaldo da Saude,False
g50236,Osvaldo Assis dos Santos,Osvaldo Assis,False
g50242,Robson Gomes Figueira,Robinho,False
g50243,Natalia Caroline Lino de Carvalho,Natalia Carvalho,False
g50248,Jose Carlos da Silva Sousa,Zezinho,False
g5026,Donizetti Silva Marques,Donizetti Marques,False
g50273,Antonio do Carmo Rosa,Tio Tonho,False
g50277,Suziane da Silva Santos,Suzy,False
g50304,Maria Jose de Brito Santana,Maria do São Pedro Deda,False
g50311,Regina Estela Vieira dos Santos,Regina Estela,False
g50312,Jose Maria de Souza,Jota Maria,False
g50315,Felipe Rafael Rodrigues de Lima,Rafael do Orides,False
g50321,Jose Arilton Gama de Santana,Arilton Gama,False
g50326,Silvia de Campos,Silvia de Campos,False
g50334,Denis Carvalho dos Santos,Denis Carvalho,False
g50340,Everton Paulo dos Santos,Tom Eletricista,False
g50347,Tadeu José Zaupa,Tadeu,False
g50370,Milena Dias Tanaka,Milena Tanaka,False
g50377,Jennifer Alice Moraes,Jennifer Moraes,False
g50378,Rosangela Ribeiro da Silva Sales,Rose Salles,False
g50380,Elisa Helena de Souza Modesto,Elisa Modesto,False
g50389,Braz Rodrigues da Silva,Braz da Pizzaria,False
g50417,Alexandre Leal dos Santos Cortinoz,Xandão do Lói,False
g50420,Thálitha Michelle dos Santos Estevam Barboza,Thálitha Barboza,False
g50425,Marilurdes Silva Farias,Lurdinha,False
g50433,Silvana dos Santos,Silvana Vaninha,False
g50440,Alvaro Maitan e Barros,Alvaro Maitan,False
g50454,Eliel Pereira Leal,Eliel,False
g50461,Nivaldo de Siqueira Gomes,Nivaldinho,False
g50468,Oziel Gonçalves,Oziel Ozzy,False
g50471,Leonardo Aleksandros Mesquita Kalfas,Leonardo Kalfas,False
g5048,Maércio Tadeu Garbelotti,Maércio Garbelotti,False
g50481,Denise Aparecida Barbosa,Denise Loira Jardim da Paz,False
g50487,Roberto Carlos Pain,Gaúcho,False
g50501,Aparecido Donizete Campissi,Cido do Pt,False
g50512,Iraci Soares de Camargo,Iraci Protetora,False
g50513,Adilson da Hora Pires,Adilson Dahora,False
g50517,Jeferson Ferreira de Oliveira,Jeferson da Casa do Norte,False
g50518,Clayton Michael Belo de Sousa,Clayton,False
g50524,Renata Santana Julio Scarelli,Renata Santana Scarelli,False
g50540,Paulo Faustino Paiva,Paulo Paiva,False
g50545,Clodoaldo Cardoso Lopes,Mazinho Lopes,False
g50548,Ivanir de Fatima Bernachi,Ivanir Bernachi,False
g50557,Marcelle Pereira Bernardo,Professora Marcelle,False
g50560,Alexandro Rodrigo Echeverria,Rodrigo Echeverria,False
g50561,Jair Bezerra Camargo,Vanderil da Rádio,False
g50562,Jacques de Oliveira Ferreira,Jacques Cobra,False
g50576,Rosemeire Pereira Santos,Rose Aleixo,False
g50580,Valter Carneiro da Silva Júnior,Professor Valter,False
g50597,Liberato Rodrigues Sulato,Liberato,False
g50600,Milene Angioletti Rocha,Milene Rocha,False
g50643,Aparecido de Freitas,Té,False
g50647,Francisco Queiroz Godinho,Prof Xikão,False
g50654,Cleunice Correa Gomes,Cleonice,False
g50669,Edivania Costa Avilles,Edivânia Avilles,False
g50671,Divalda Tomazia de Araujo Medeiros,Divalda Venâncio,False
g50678,Paulo Cesar Ferreira da Silva,Paulo Stocco,False
g50680,Sandro Rodrigues Lima,Sandrinho,False
g50682,Luis Alexandre Braz Pinto,Xandao,False
g50687,Alberto Augusto de Queiroz,Pastor Alberto Augusto,False
g50693,Ariana de Cássia Rumstain,Ariana Rumstain,False
g5070,Marcos Cezar Gomes da Silva,Marcos Arizona,False
g50700,Rogerio Pereira,Rogerinho,False
g50701,Maicon José de Faria Milanezi,Professor Maicon Milanezi,False
g50718,Juliano Correa,Dj Juliano,False
g50729,Jorge do Carmo Silva,Jorge do Carmo,False
g50734,Claudinei de Jesus Gonzaga Ferreira,Kal,False
g50742,Elizomar do Nascimento,Elizomar,False
g50754,Marcos Baptista,Marquinhos Baptista,False
g50756,Paulo Roberto de Matos Rodolfo,Paulo Matos,False
g50760,Adilson Luiz Campos,Adilson Campos,False
g5077,Nilson Rufino dos Santos,Seu Nilson,False
g50772,Priscila Fernandes Ribeiro,Priscila Ribeiro,False
g50782,Eliane Cristina da Silva,Cris Corintiana,False
g50793,Alessandro Pavim Midea Santos,Alessandro Pavim,False
g50816,Flavio do Amaral Hernandez,Flavio Hernandez,False
g50819,Artur Alexandre Neto,Arthur Alexandre,False
g50851,Fatima Regina Rodrigues Cestaro,Fatima,False
g50858,Maria Tereza da Silva Lopes,Maria Tereza,False
g5089,Fabiana de Souza Pereira,Fabiana do Jhoninha,False
g50891,Luis Henrique Fernandes da Silva,Luis Henrique,False
g50907,Isabel Cristina Rodrigues Mattos,Isabel Mattos,False
g50908,Raquel Maria de Melo,Raquel Melo,False
g50913,Ivaldo Benedito de Melo,Dito Melo,False
g50918,Israel Ferreira de Brito,Israel Brito,False
g50925,Odenil Gonçalves Leonel,Denis da Moradia,False
g50927,Luiz Henrique Mitsunaga,Mitsunaga,False
g50937,Thiago Buscarioli Colares,Thiago Buscarioli,False
g50944,Marcos Eurípedes de Oliveira Silva,Marquinho,False
g50959,Camila Carla da Silva Sella Pedrine,Camila Pedrine,False
g50970,Sandro Ricardo da Silva Maciel,Sandro Maciel,False
g50979,Leandro Jose Gonçalves Moreno,Leandro Moreno,False
g5099,Celio da Silva Junior,Celinho da Zona Leste,False
g51004,Amir Sciotta de Brito,Amir de Brito,False
g51006,Francisco Barreto de Monte Neto,Barreto do Mercado,False
g51012,Marinez de Luca,Professora Marinez,False
g5102,Ivonete Vasconcelos Leão,Ivonete Leão,False
g51022,Viviane dos Santos Dias,Vivi,False
g51025,Aderval Costa de Oliveira,Aderval Deva,False
g51050,Silvana Cristina Ribeiro,Professora Silvana Ribeiro,False
g51061,Oziane Rosa Furquim,Nany,False
g51063,Milton José da Silva,Dr Milton,False
g51078,Andrew Thiago de Oliveira Campos,Maradona,False
g51079,Roberto Carlos Di Bastiani,Roberto Di Bastiani,False
g51087,Margarete Antonio da Silva Oliveira,Margarete da Rodoviaria,False
g5109,Samara Margareth Conceicao Faustino,Samara Faustino,False
g51105,Cintia Rafaela Braghim Beltran,Cintia Dança,False
g51123,Danilo Augusto Barbosa Benedicto,Danilo Benedicto,False
g51124,Caetano Rodrigues Filho,Caetano,False
g51134,Maria Betania Ferreira,Professora Betânia,False
g51142,Joao Paulo Cunha,Joao Paulo Cunha,False
g51150,Claudia Romana de Oliveira Bento,Claudia Romana,False
g51190,Jorinei Jose Volches,Jorinei,False
g51202,Edilson Dias de Andrade,Edilson Dias,False
g51205,Miguel Santana Prada,Miguel Buiú,False
g51210,Flavio Rodrigues Minervino,Flavio do Bocage,False
g51222,Claudionor Rodrigues de Souza,Toba,False
g51223,Carlos Thiago Saran,Thiago Saran,False
g5123,Davidi Soares Barbalho,Davidi Barbalho,False
g51238,Delmiro José Teixeira Neto,Delmiro Teixeira,False
g51242,Marcio Roberto Mendonça,Marcio Mendonça,False
g51243,Osvaldo Crivelari,Vado,False
g51259,Josenaldo Gonçalves dos Santos,Naldo Bahia,False
g51271,Luis Augusto Simon,Menon,False
g51279,Ademir de Jesus Alves Lima,Sensei Ademir,False
g5128,Vitoria Taina Oliveira da Conceicao Souza,Vitória Tainá,False
g51282,Christiane Grace Guimaraes da Silva,Prof. Chris Grace,False
g51290,Valquiria Augusto Bezerra,Valquiria do Suarão,False
g51299,Juliana Antonio,Juliana do Baiano,False
g51306,Paulo Donizete Rezende,Paulo Rezende,False
g51308,Edmilson Bento,Edmilson Bento,False
g51309,Rodrigo Carlos de Moraes,Rodrigo Moraes,False
g51317,Edineide Maria de Oliveira Pupo,Neide Pupo,False
g5132,John Lennon Pereira Hansem,John Lennon,False
g51322,Ercil de Amorim,Amorim Corretor,False
g51324,Patrícia Cristina dos Santos Firmino,Patrícia do Circular,False
g51344,Rodrigo Almeida da Silva,Rodrigo Almeida,False
g51347,Aline Evangelista Novais,Aline Novais,False
g51352,Neusa Fátima de Souza,Neusa do Nova Cerqueira,False
g5138,Antonio Marcelino de Almeida Mesquita,Marcelo Thelo,False
g5141,Raimundo Nonato Dantas de Oliveira,Raimundo Nonato,False
g5142,Charlles Sacamoto de Queiroz,Professor Charlles,False
g515,Ana Paula dos Santos Ferreira,Ana Ferreira,False
g5155,Vitor de Arruda Campos Machado Luz,Vitor Luz,False
g516,Fabiana Cristina Virgílio,Fabi Virgílio,False
g5162,Fabio de Lima,Fabio Lima,False
g5167,Gusttavo de Melo Maximiano,Gusttavo Melo,False
g5206,Paulo Antonio Villas Boas Silva,Professor Paulo,False
g5212,Emerson Ricardo Aguiar,Emerson Aguiar,False
g5215,Jose Rozeno do Nascimento Filho,Nino,False
g5235,Daniela da Camara,Daniela,False
g5237,Paulo Fernando Cavalcante,Paulinho da Vila Palmira,False
g5244,Marcos Antonio de Souza,Marcão do Istor Luppi,False
g5257,Wellington Vieira Montesso,Charuto,False
g5258,Mario Sergio Rodolfo de Lima,Mario Sergio Biro,False
g526,Noemia de Oliveira Santos,Neguinha do Acarajé,False
g5262,Antonio José Tomaz da Rocha,Antônio Rocha,False
g5264,Rivanilde Souza da Silva,Riva,False
g5273,Jose Aparecido de Souza,Cidinho,False
g530,José Tadeu de Souza,Tadeu,False
g5314,Caio Teixeira Vieira,Caio Vieira,False
g5325,Reginaldo Macedo,Professor Reginaldo,False
g5332,Tiago Amorim Pacheco,Tiago Amorim,False
g5335,Rafael Joaquim Franco de Mello,Rafael Mello,False
g5341,José Nilson Santana Oliveira,Prof Nilson da Capoeira,False
g5348,Willian Antonio Zanolli,Willian Zanolli,False
g5359,João Brito dos Santos,João Brito,False
g5374,Sandro Aparecido de Oliveira e Silva,Pr Sandro Silva,False
g5380,Casturina de Lima,Casturina Lima,False
g5388,Adão de Jesus Custódio Prestes dos Santos,Adão da Xuxeva,False
g5399,Lucas Marinho Santos,Lucas Marinho,False
g5405,Jorge Cassiano de Lima,Pedro Doido,False
g5416,Paulo Ricardo do Amaral,Paulinho,False
g5421,Helenice de Jesus Santos,Lena do Mercado,False
g543,Lucas Costa Ribeiro,Lucas do Dito,False
g5450,Rodrigo Silva Lemos,Rodrigo Lemos,False
g5476,Cristiano Aparecido Capello,Capello,False
g5477,José Tadeu da Cruz Azevedo,Tadeu Cruz,False
g5495,Gilson de Oliveira Souza,Caboclo,False
g5497,Renato José de Oliveira,Prof Renato Oliveira,False
g5506,Antonio Cesar Macedo Gomes,Cesinha do Pt,False
g5515,Arildo da Silva,Arildo Conan,False
g5536,Alexsander Rodrigues Caetano,Alex Coletivo Esperançar,False
g5579,Irineu João Simonetti Filho,Irineu Simonetti,False
g5584,Sandra Aparecida Pires,Sandra Enfermeira,False
g5589,Jose Augusto Aparecido Alves,Jose Augusto Bombinha,False
g5592,Davi Ferreira Costa,Davi Costa,False
g5593,Ingrid Stefannie de Jesus,Ingrid,False
g560,Maria Aparecida Horacio,Maria Horacio,False
g5604,Anderson Florentino,Florentino do Povo,False
g5614,Marlucia Vitoriano de Oliveira Camelo,Marluce Vitorino,False
g5619,Jeferson Ricardo Ramos Antunes,Buduga,False
g5621,Maria Lúcia Fernandes de Andrade,Professora Mariah Fernandes,False
g5632,Gabriel Cintra dos Santos,Gabriel Cintra,False
g5647,Edilson Alves de Souza,Edilson Alves,False
g5651,Abrão Pereira da Cruz,Abrão do Varandão,False
g5653,Efraim Alves Teles,Efraim Cabeleireiro,False
g5681,Roseli Rodrigues Ramos de Oliveira,Roseli Rodrigues,False
g5683,Naye de Camargo Brisola,Naye Brisola,False
g5688,Vanderlei Duarte Lima,Pastor Duarte,False
g570,João Luiz Felipe Fernandes,Joãozinho Cipó,False
g5713,Gerson Manoel dos Reis Junior,Gerson,False
g5720,Evangelista Gomes da Cruz,Mandioqueiro,False
g5726,Antonio Rufino de Souza,Jandaia,False
g5728,Marcio Anselmo Farina,Marcio Carteiro,False
g5737,Juliana Maria de Oliveira,Juliana do Alvorada,False
g5739,Renan Henrique dos Santos,Renan Henrique,False
g5746,Lilian Aparecida da Silva Cabrera,Lilian Cabrera,False
g575,Thais da Silva Nogueira,Thais Nogueira,False
g5750,Jair Alves de Oliveira,Jair Marceneiro,False
g5758,Antônio Augusto Cintra Filho,Toninho Cintra,False
g5767,Jovita Fernandes da Silva,Jovita Fernandes,False
g5768,Arlindo Chignalia Junior,Arlindo Chinaglia,False
g5799,Barbara Cristina Pereira,Iyá Bárbara,False
g5807,Alice Aparecida de Aguiar Oliveira,Alice Aguiar,False
g5810,Vani do Nascimento Alves,Vani Alves,False
g5817,Lucimara Aparecida dos Santos,Lucimara  Santos,False
g582,Eric Clapton Valini,Eric Valini,False
g5831,Sebastiao Antonio Pereira,Tião Bahia,False
g5836,Jose Julio de Paula Filho,Jose Julio Chita,False
g5837,Valdeci Pereira de Souza,Val do Plimec,False
g5839,Edinilton Araújo dos Santos,Niltão da Tooth Som,False
g5843,Mauricio dos Passos,Mauríciopassos,False
g5867,Danielle Ferreira,Dani Country,False
g5868,Priscilla Leite Ferreira,Prih Motorista,False
g5888,Paulo Roberto de Almeida,Paulinho,False
g5890,Roberto Luiz de Morais,Roberto do Postinho,False
g5899,Ezequias do Nascimento Barros,Prof Ezequias,False
g5900,Maria Teresinha Cirilo dos Santos,Tê do Pt,False
g5913,Nelsino Marques da Silva,Nelsino do Assentamento,False
g5914,Daniel Barbosa,Daniel Enfermeiro,False
g5917,Juarez da Silva Campos,Dr. Juarez,False
g5918,Paulo Isaias Felipe,Paulo Felipe,False
g5923,Elisabete Aparecida de Paula Oliveira,Elisabete Professora,False
g5933,Valdir Fernandes de Lima,Valdir Lima,False
g5976,Adriana Santos de Menezes,Adriana Menezes,False
g5983,Sandro Mendonça da Silva,Carlinhos do Bar,False
g6008,Francisco Gilvan Candido de Souza,Gil Candido,False
g6021,Guilherme Seixas Santana de Lima,Guilherme,False
g6029,Ana Gabriela Almeida Soterio,Ana Gabriela Almeida,False
g6037,Edvaldo Freixeira da Silva,Freixeira Portuga,False
g6038,Ederli Batista de Paulo,Ederli Batista,False
g6040,Cassia Aparecida da Silva,Cassia Silva,False
g6048,Marcos Aurelio do Prado de Araujo,Marcao,False
g6055,Ulisses Gomes Oliveira Francisco,Professor Ulisses,False
g6061,Emerson Soares da Silva,Emerson do Bar,False
g6070,Sergio Candido de Moraes,Peva,False
g6089,Jorge Luiz da Rocha,Jorginho Rocha,False
g6098,Márcio Pereira Barboza,Márcio do Ipê,False
g6100,Alexsandro Rodrigues de Morais,Alex Silvina,False
g6102,Eliana Aparecida Mendes,Eliana Mendes,False
g6109,Michele de Fatima Mendes,Michele,False
g6116,Agnes Luiza Alves Gama,Agnes Gama,False
g6128,Dirley Aparecido de Moura,Professor Dirley Paco,False
g6134,Denise Cleide Vinco Lima,Denise Lima,False
g6137,Elio de Abreu Francischini,Elinho Japonês,False
g6142,Airton Antonio de Oliveira,Airton Construtor,False
g6147,Leila Vieira da Silva,Leila Itaverá,False
g6154,Baltazar Lulio,Baltazar Lulio,False
g6161,Carlos Alberto Queiroz Rita,Somália,False
g6163,Gerson Lima da Silva,Gerson Chapolin,False
g6168,Raimundo Vieira Bonfim,Raimundo Bonfim,False
g6169,Pedro Marcelo Maximiano,Marcelo Maximiano,False
g6175,Edna Penha da Silva,Edna Penha,False
g6176,Isabela Cristina Galego Fernandes,Isabela Galego,False
g6187,José Expedito Camilo do Nascimento,Camilo Carteiro,False
g6207,Andreza Raquel Aguiar de Paula,Andreza do Sabâo,False
g6224,Norberto de Souza Neto,Norberto de Souza,False
g6235,Alessandro Neri,Alessandro Neri,False
g6237,Sergio Belarmino dos Santos,Sergio Belarmino,False
g6250,Daniel Sanches,Mulekão,False
g6251,Victor Pereira Rosa,Dalsinho,False
g6256,Leonardo Penafiel Pinho,Léo Pinho,False
g6294,Emerson de Abreu Santana,Macarrão,False
g6301,Manuel Luiz Garcia,Manuel Garcia,False
g6310,Renan Wisney Teixeira,Renan Teixeira,False
g6316,Jadilza da Silva Oliveira,Jade Silva,False
g6327,Sandra Lucia Fantoni,Sandra Fantoni,False
g6375,Rozangela Galanti Nilsen,Rozangela,False
g6380,Nilbrison Santana dos Santos,Nilbrison,False
g6382,Marina de Andrade,Marina de Andrade,False
g6418,Marcos de Souza Paixão,Markin Madruga,False
g6423,Alcir Rosa de Araújo,Picurico da Cerâmica,False
g6442,Steyce Chaves Gomes,Steyce Chaves,False
g6454,Fernando Haddad,Fernando Haddad,False
g6458,Claudinei Batista de Almeida,Kal da Ambulância,False
g646,Dário da Silva,Dário da Saúde,False
g6473,Nilo Cícero de Almeida,Nilo do Banco,False
g6475,Vinicius Leon Lagoeiro,Vinicius Lagoeiro,False
g6485,Marlyzabeth Aparecida de Souza,Bel de Souza da Lua,False
g6488,Luciana Silva de Oliveira Moraes,Luciana Moraes,False
g6494,Rodrigo da Silva Udemburgo de Lima,Rodrigo Soberana,False
g651,Priscila Cintra Neves Gomide,Professora Priscila,False
g6511,Zélia Maria de Aguiar,Zélia,False
g6515,Wilson da Silva Ribeiro,Silvinho Padeiro,False
g6550,Adão Vanderlei Barbosa,Barbosa,False
g6557,Guilherme Peace Geraldo,Guilherme Peace,False
g6568,Antonio Batista dos Santos,Antonio Batista,False
g6569,Maria Glauciene Ribeiro,Professora Glau,False
g6570,Donato Henrique Derrico,Donato Derrico,False
g6584,Jair Cardoso,Jair Cardoso,False
g6588,Silvia de Freitas,Silvia,False
g659,Naira de Freitas Viana,Naira Viana,False
g6597,Wilson Roberto Di Santo,Wilson Tampa,False
g66,Laudemio Martins do Nascimento,Lau,False
g6607,Givanildo de Jesus Santos,Gil Santos,False
g661,Sergio de Araujo,Serginho Araujo,False
g6614,Mario de Jesus Carlino,Mario Carlino,False
g6622,Edno da Rocha Campos,Paraná Cantor,False
g6626,Sebastião Batista de Oliveira,Tião Padeiro,False
g6631,Jaqueline Luiza da Conceição,Jaqueline,False
g6632,Carlos Henrique da Silva,Carlinhos da Cut,False
g6655,Maria de Fátima dos Santos Gonçalves,Fátima,False
g6674,Carlos Augusto Vasconi,Carlinhos Vasconi,False
g6687,Renee Giorgio Chimati,Renee do Bloco dos Gemeos,False
g6696,Joice Miller Martins,Joice Martins,False
g6699,José Tavares da Silva,José Tavares,False
g670,Alessandra Amorim Milani Rodrigues,Dra Alessandra Milani,False
g6706,Edivaldo José de Moura,Edivaldo Moura Pula Pula,False
g6712,Maria Aparecida Nogueira,Cidinha Nogueira,False
g674,Rafael Marques Mendes,Professor Rafael,False
g6740,Jair Aparecido de Campos,Jairzinho do Pt,False
g6746,Paola Florencio da Silva,Paola Florencio,False
g675,Maria Auxiliadora Vieira,Nora Vieira,False
g6752,Antonio Carlos Gomes Cardoso,Cardoso,False
g6771,Luiz Carlos Felicidade,Luiz Felicidade,False
g6775,Thais Tatiane Bortoleto Fernandes,Thais Fernandes,False
g6779,Iracilda Aparecida dos Santos,Nega Representatividade,False
g678,Paulo Tolentino de Matos,Paulo Tolentino,False
g679,Silvana Graciano Pereira,Silvana Graciano,False
g6793,Luciana de Carvalho,Lu da Costura,False
g6806,Vicente Roberto Serroni,Vicente Serroni,False
g6811,Jorge Jose da Silva,Jorge Mengueli,False
g6821,Marcelo Baptista dos Santos,Marcelo da Moradia,False
g6830,Milton Carlos dos Santos,Milton Furacão,False
g6841,Gilson Joao de Carvalho,Gilson Cabeleireiro,False
g6854,Rayane Oliveira Morais,Rayane do Joao Mineiro,False
g6864,Luciano Adão Fani,Gaucho do Gelo,False
g6880,Raphael Augusto Fresnedas,Raphael Trena Governo Operário,False
g6906,Priscila Gomes da Silva,Priscila Gomes,False
g6920,Jose Almeida Freire,Almeida Freire,False
g6922,Vitorino Lourenço da Silva,Vitorino,False
g6924,Sílvia Forato de Camargo,Silvinha Forato,False
g6925,Fuad Abrão Isaac,Fuad,False
g6930,Pedro Paulo Tobias Rosa,Pedro Rosa,False
g6942,Sebastião Florencio da Cruz,Sebastião Florencio,False
g6949,Roseane Leite da Silva,Rosa do Aliança,False
g696,Miguel Aparecido do Espírito Santo,Miguel do Espírito Santo,False
g6962,Newton Lima Neto,Newton Lima,False
g6968,Jose Aparecido Gargaro,Gargáro,False
g6972,Elezer Samuel Nicoletti,Nicoletti,False
g6987,Adriano Diogo,Adriano Diogo,False
g7008,Flordeia Tomas de Oliveira,Professora Flordéia,False
g7012,Fernanda Olímpio Ribeiro,Fernanda,False
g7014,Darci Sebastiao Pereira da Silva,Professor Darci,False
g7018,Antonio Paulo Ferreira Costa,Paulinho Ferreira,False
g7027,Francisco Marcelo de Oliveira,Marcelo Oliveira,False
g7028,José Carlos dos Santos,Jose Carlos,False
g7040,Margarida da Silva Calixto,Guida Calixto,False
g7042,Edson Marcos Martins,Edson do Lanche,False
g7044,Maria Tania Ramos Silva,Tânia Ramos,False
g7061,Amauri Aparecido Rissati,Amauri Pintor,False
g7064,Paulo Cesar de Jesus,Pc Paulinho Pintor,False
g7066,Romildo Alves de Freitas,Afanasio do Capoeira,False
g7078,Vanessa Fagundes de Oliveira,Vanessa Fagundes,False
g7080,Jocastra Simões Sanches,Jocastra,False
g7095,Wilson dos Santos,Wilson Pirata,False
g7099,Nora Jeane Santos Silva,Professora Nora,False
g710,José Roberto Pinheiro,Roberto Pinheiro,False
g7105,Celso Romão Batista Filho,Celso Romão,False
g7106,Vítor Augusto Monteiro,Vítor Augusto Monteiro,False
g7108,Adriana da Silva,Adryanna Pop Star,False
g7112,Maurilio Francisco de Assis,Murilo Servidores,False
g7119,Taís Dantas dos Santos,Taís Dantas / Coletiva Elas,False
g7123,Ronaldo Vicente Barbosa,Paraíba das Cômodas,False
g713,Cristiano Lopes Ferreira dos Santos,Cristiano Lopes,False
g7131,Andre Luiz Borduchi,Professor André,False
g7143,Maria Aparecida Albuquerque Moura,Cida Moura,False
g7152,José Donizete do Amaral,Zé Amaral,False
g7161,Itamar Venâncio,Venancio,False
g7171,Newton Borali,Dr Newton Borali,False
g7181,Taise Aparecida Braz,Taise Braz,False
g7183,Danilo José da Silva,Professor Danilo,False
g7192,Channi Ferraz de Oliveira,Channi Ferraz Soufrida Flora,False
g720,Marcus Vinicius Comenale Pujol,Marcus Vinicius Pujol,False
g7202,José Aparecido dos Santos,José dos Santos,False
g7227,Fernando Lopes da Silva,Fernandinho Motoboy,False
g7229,Sebastiao Alves de Oliveira Junior,Sebastião Junior,False
g7233,Evanice Gomes da Silva,Nice Gomes,False
g7243,Sérgio José Custódio,Sérgio José Custódio,False
g7247,Wendell Silva Soares,Wendell,False
g7253,Gustavo Henrique Silva,Gustavo Gudobela,False
g7258,Ozano Aparecido dos Santos,Ozama,False
g726,João Batista Alves da Silva,Batista,False
g7266,Rodrigo da Silva Costa,Rodrigo Costa,False
g7280,Sandra Seabra Fernandes,Sandra Perrenoud,False
g7288,Kelly Santos Silva,Kelly Santos,False
g7294,José Everaldo da Rocha,Everaldo Rocha,False
g7305,Valter Nunes dos Santos,Valter Nunes,False
g731,Flávia Maria Amorim Nogueira,Flavia Maria,False
g7311,Alessandro Cezar Araujo Azevedo,Alessandro Cultura Viva,False
g7315,Karoline Batista Santos,Karol,False
g7325,Rafael Victor de Almeida Schiavo,Rafa Schiavo,False
g733,Antonio Gilioti Filho,Toninho Gilioti,False
g7343,Edmar Leal de Sousa,Edmar Leal,False
g7345,Paulo Rogério Toledo,Paulo Rogerio,False
g7346,Ailton Pereira da Silva,Ailton da Padaria,False
g7366,Carlos Adao Martins,Carlinhos Açougue,False
g7379,Antonio Tomaz Fernandes,Toninho do Mel,False
g7382,Luiza Helena Corona,Lu Corona,False
g7390,Isaura Deolinda Camargo Dantonio,Isaura Dantonio,False
g7391,Jose Renato Sessino Toledo Barbosa,Professor Ze Renato,False
g7403,Paulo de Souza Ferreira,Paulo Souza O Cambau,False
g7404,Florisvaldo Ferreira Alves,Flor,False
g7407,Adelino Francisco de Oliveira,Professor Adelino,False
g7411,Roberto Pereira Bezerra,Paraíba do Bar,False
g7416,Giovani Alves Gonçalves,Professor Giovani,False
g7417,João Vitor Azeredo Silva,João Azeredo,False
g7429,Priscila Dayane Almeida de Oliveira Amorim,Priscila,False
g7445,Silvana Olimpio Monteiro,Silvana do Arlindo Violeiro,False
g7452,Diego Ferreira de Oliveira,Diego Gago,False
g7458,Ulisses Correia,Prof Ulisses,False
g7467,Anisio Carlos de Almeida Nardi,Anisio Marginá,False
g7481,Maria Aparecida de Sales,Maria de Sales,False
g7483,Jackson Alexandre Menezes Padovani,Jackson Padovani,False
g7499,Caíque Palma de Souza,Caíque Palma,False
g75,Perolin Meliza de Moraes Lopes Pereira da Silva,Perolin  Tita,False
g7502,Renato Carlos de Moraes,Renato Moraes,False
g7505,Jak Bolten,Jakão Tapeceiro,False
g7506,Maurício Zucchi,Professor Maurício Zucchi,False
g7508,Antônio José de Sousa,Carrapicho,False
g7515,Jose Adenilton Ferreira,Paraiba,False
g7522,Santino Luis da Silva,Santino,False
g7523,Maria de Fatima dos Santos,Fatiminha do Alvorada,False
g7525,Camila de Castro,Camila Castro,False
g7544,Leonardo Silva Erroy,Leonardo do Pt,False
g7568,Viviane Maniçoba Portela,Viviara Maniçoba,False
g7583,Magali Fernanda Henrique Rosa,Magali (Magá),False
g7589,Aguinaldo Luiz da Silva,Aguinaldo Silva,False
g76,Joel Alves Irineu,Joel da Agua,False
g7600,Allan Lourenço de Brito,Allan Brito,False
g761,Joaz Ferreira,Joaz Ferreira,False
g7610,Mariana Ferreira Reis,Mariana,False
g7614,Neide Maximiano de Almeida,Neide Maximiano,False
g7631,Fernando da Silva Honorio,Blaky,False
g7637,Paulo Aparecido Silva Cayres,Paulão Cayres,False
g7646,Mario Lucio Vieira dos Santos,Prof Lucio,False
g7649,Sandra Aparecida Madeu Ida,Sandra Madeu,False
g7659,Silvia Pedrina Panchame Krumpanzl,Missionaria Silvia Krump,False
g766,Alexandre da Cruz,Alexandre da Cruz,False
g7664,Gervásio Batista Pozza,Gervásio,False
g7666,Isabelly Maria de Carvalho,Isabelly Carvalho,False
g7667,Luiz Ferreira de Freitas,Luiz Freitas,False
g7674,Jovano Amaral Silva,Jovano Amaral,False
g7688,André Aparecido Martins,Educador André,False
g7697,Adriana Gonçalves de Oliveira Saturnino,Adriana Saturnino,False
g7698,Inglid Rodrigues da Silva,Inglid Rodrigues,False
g7701,Renata Borges de Oliveira,Renata Borges,False
g7720,Jandineia Aparecida dos Santos Fernandes,Professora Jandineia,False
g7723,Silvio Baldassari,Silvio Pipoqueiro,False
g773,Geraldo Soares de Jesus,Geraldinho Biro Biro,False
g7744,José Antonio Fernandes Paiva,Paiva,False
g7755,Jairo Rafael de Oliveira,Jairo do Dandara,False
g777,Honara dos Santos Melquiades,Honara,False
g7789,Sebastiana Pinheiro de Oliveira,Professora Anna Pinheiro,False
g7798,Poliana do Carmo de Barros Camargo,Poliana,False
g7799,Gustavo Pires Rodrigues,Gustavo Capetinha,False
g7804,Ravana Fagundes de Lima,Ravana,False
g7806,Daniela de Fatima Almeida,Daniela Barreto,False
g7810,Antonio da Silva Doria Sobrinho,Antonio Doria,False
g7836,Edna Benedita Cordeiro,Edna Cordeiro,False
g7843,Francisco Pedro da Costa Sobrinho,Francisco do Bar,False
g7845,Evandro Cardoso Lins,Evandro Terraplanagem,False
g7850,Midian Amélia da Silva,Midian Amélia,False
g7864,Ariani da Silva Paz,Ariani Paz,False
g7888,Agnaldo Donizeti da Silva,Tio Guina,False
g7928,Nemeis Teixeira de Souza,Professor Nemeis,False
g7931,Aparecido Batista Teixeira,Cidinho,False
g7949,Jaqueline Heloísa Massarotto dos Santos,Missionária Jaqueline,False
g7971,Marcos Paixao,Marcos Paixao,False
g7974,Elizangela Aparecida Fernandes,Elizangela,False
g7975,Durvalino Caetano,Durvalino Caetano,False
g798,Dulcinei Aparecida Mininel,Professora Dulce,False
g7982,Daniele Cristine Dias da Costa,Dani Costa,False
g7987,Eli Batista Mota,Eli Batista,False
g7996,Valter Godoi,Pitinha do Ourinhense,False
g7997,Lucas do Nascimento Ferreira,Cross,False
g8045,Manoel Antonio da Silva,Tonho da Tijuca,False
g8054,Sérgio da Cruz,Sérgio Chaplin,False
g806,Joao de Jesus Santos,Joao das Fraldas,False
g8079,Antonio Domingos de Souza Carvalho,Pouca Roupa,False
g8087,Luiz Fernando Ferreira,Bozão,False
g809,Eunice Barbosa,Nina Barbosa,False
g8103,Alessandro Guedes dos Santos,Alessandro Guedes,False
g8115,Andreia Oliveira de Souza Santos,Andreia Oliveira,False
g8118,Jeferson Leite Ribeiro,Jeferson Leite,False
g812,Francisco da Silva,Chiquinho,False
g8120,Diego Santos de Lima,Diego Hd,False
g8129,Maria Lucia da Costa,Lucia Reinoso,False
g813,Emerson Batista dos Santos,Emerson Batista,False
g8130,Nilson Aparecido Gonçalves,Kung,False
g8147,Reginaldo Antônio da Silva,Prof Reginaldo,False
g815,Henrique Alves da Hora,Henrique da Hora,False
g8153,Daikiti Eduardo Tanimoto,Daikiti,False
g8157,Maria Aparecida Apolinario Pereira,Cida Apolinario,False
g8185,Rosemary de França Rodrighero,Prof. Rose Rodrighero,False
g8201,Maria Aparecida de Lima Muniz,Cida Lima,False
g8204,Rogério Grossi de Britto,Rogério Grossi,False
g8212,Adriano Renato Manzini dos Santos,Manzini,False
g8214,Adriana Nunes da Silva de Oliveira,Adriana Nunes Coureiro,False
g822,Daniela Colagrossi,Daniela Colagrossi,False
g8221,Marinalva Martins Diniz,Mary,False
g8223,José Álvaro Saraiva,Dr. Saraiva,False
g825,Fábio Souza da Silva,Fábio Silva,False
g828,Adelia Aparecida Mendes,Adelia,False
g829,Izidio de Brito Correia,Izidio,False
g830,Helder Geraldo Diniz Castro,Helder da Farmacia,False
g8311,Luciano Nunes Malheiro,Luciano Malheiro,False
g8316,Maria Natalina da Silva Souza Fonseca,Professora Natalina,False
g8317,Eliakim Adorno Verissimo,Kim,False
g8322,Jorgina Flamino Severo,Gina Lava Jato,False
g8330,Maria Iracilda de Oliveira,Iracilda,False
g8337,Marta Rafaela de Oliveira,Martinha do Seu Mauro,False
g8371,Sandra Maria Lazzarini,Professora Sandra Lazzarini,False
g8373,Aluisio Finazzi Porto,Aluisio Porto,False
g838,Eduardo Dade Sallum,Eduardo Sallum,False
g8401,Charles Souza Silva,Charles Padeiro,False
g8402,Obed Martins de Souza,Obed Paraná,False
g8403,Fabiana Gomes dos Santos,Fabiana Gomes,False
g8410,Alexya Lucas Evangelista Salvador,Professora Alexya Salvador,False
g8416,Marcelo Dino Fraccaro,Marcelo Dino,False
g8428,Allan Rodrigo Cardoso Tiago,Allan Rodrigo,False
g843,Thales Fernandes Margri,Thales da Professora Melita,False
g8438,Urias de Oliveira,Prof Urias,False
g8442,Vladimir de Souza Cunha,Vladimir,False
g8445,Vitor Nascimento de França,Vitor do Madureira,False
g8450,Gilberto Bispo da Silva,Gilberto Bispo,False
g8455,Odair Gonçalves,Odair,False
g8465,Valdomiro Marcianinha Pinto,Nico do Broa,False
g8470,Clayton Donizetti Camargo,Clayton Camargo,False
g8472,Danylo Machado de Jesus,Danylo Machado,False
g8475,Reginaldo Cesar Machado da Silva,Reginaldo do Ultra,False
g8489,Anna Carolina Alencar Betine,Anna Betine,False
g8501,Teresinha de Fátima Erculin,Fátima do Samambaia,False
g8507,Rosângela Aparecida Batista Macinham Ferreira,Rô Batista,False
g8529,Mateus Oliveira Moro,Mateus Moro,False
g8537,Leonardo dos Reis Adorno Becker Grandini,Leonardo Grandini,False
g8550,Alzira Rodrigues Brito,Alzira Brito da Saúde,False
g8556,Guilherme dos Santos Elias,Guilherme Elias,False
g8561,Mariana Cergoli Janeiro,Mariana Janeiro,False
g8565,Karina Carmen do Nascimento Pereira,Professora Karina,False
g8568,Pedro Marques Inforsato,Pedro Inforsato,False
g858,Carlos Augusto de Andrade,Carlos Augusto Sassá,False
g8597,José Geraldo de Souza,Zé do Boné,False
g8603,Jose Sergio Vieira da Silva,Sergio Vieira,False
g8610,Marcos Aparecido Navarro,Navarro,False
g8617,Alencar Santana Braga,Alencar Santana,False
g8629,Gabriel Roque Brito de Passos,Gabriel Roque,False
g8644,Leandro Marcolino Pinto,Leandro Pinto,False
g8649,Marco Aurelio dos Santos Souza,Marco Aurelio,False
g8668,Maria de Souza Silva,Maria Jessica Aliança Feminina,False
g8670,Valdir Alves de Souza,Valdir Alves,False
g8671,Michele Gonçalves do Rego,Michele Gonçalves,False
g8680,Vaudir Aparecido Basso,Vaudir Basso,False
g8692,Andre Ribas dos Santos,Andre Ribas,False
g8693,Matheus Silva Loureiro,Matheus Loureiro,False
g870,Eliane Guedes de Freitas,Dra Guedes,False
g8702,Joaquim José de Oliveira,Joaquim Oliveira,False
g8704,Marco Antonio da Silva,Feijão da Perua Escolar,False
g8721,Vitorio Tamaso Neto,Vitorio Tamaso Neto,False
g873,Claudete Maria Ferreira,Claudete,False
g8730,Marta de Souza Sobral,Marta Sobral Coletivo Esporte,False
g8750,Uriel de Sousa Biazin,Uriel Biazin,False
g8765,Douglas Rafael Gonçalves Alexandre,Douglas do Ze Carlos,False
g8774,Jair Rodrigues de Carvalho,Professor Jair Tatai,False
g8781,Dirce Ferreira da Silva,Prof Dirce,False
g8796,Marcia de Ramos,Marcia Ramos,False
g8799,Luciana Bertipaglia,Mistiça,False
g8800,Ederson Felipe do Carmo Arruda,Ederson Felipe,False
g8801,Pedro Neto do Nascimento,Pedro Neto,False
g8806,Alexandra Marcelino Okuma da Costa,Alê Okuma,False
g8851,Sônia Fogaça de Almeida Lima,Sônia Fogaça,False
g8854,Élcio Pereira Vieira,Élcio Maradona,False
g8855,Sheila Ferreira Batista,Sheila da Saúde,False
g8861,Cristiane Scrivani Jacob,Cris Jacob,False
g8885,Oliane Cristina Gonçalves,Oliane,False
g8893,Clodoaldo Zanerato de Oliveira,Clodoaldo Zanerato,False
g8907,João dos Santos de Souza,João Palmeirense,False
g8910,Ramon Alvaro Velasquez,Ramon Velasquez,False
g8915,Ivone Maria da Silva,Ivone Silva,False
g8918,Geraldo Ferreira da Silva,Geraldinho da Van,False
g8925,Elizabete Pereira Pardinho,Prof. Bete Pardinho,False
g8932,Josias Monteiro da Silva,Josias Monteiro,False
g8967,Robson Souza de Carvalho,Robson Carvalho,False
g8971,Paula Aparecida Amaro,Paula Protetora dos Animais,False
g8974,Paulo Roberto Roitberg,Dr Paulo,False
g8976,Simone Alves da Cruz,Simone do Macarrão,False
g8992,Luiza Xavier do Nascimento,Luiza Nascimento,False
g8999,Luiz Antonio de Souza,Luizinho Chaveiro,False
g9005,Vicente Paulo de Souza,Vicente da Santo Antonio,False
g903,Rogéria Cristina dos Santos,Rogéria Cristina,False
g9031,Julio Cesar Delfino de Oliveira,Prof Julio,False
g9033,Jose Flávio Rodrigues Lima,Flávio Fonttinny,False
g9037,Damaris Bueno de Oliveira,Damaris Bueno,False
g9056,Mara Sandra Bassan,Mara Bassan da Cultura,False
g9058,Josenaldo Moises de Santana,Paraiba,False
g9066,Gilson Pereira Junior,Gilson Junior,False
g9071,Joaquim Serafim,Joaquim Taiquara,False
g9082,Gabriel Silva dos Reis,Zetelo,False
g9089,Clecio de Araujo,Clecio de Araujo,False
g9093,Terezinha Aparecida de Matos Vasconcelos,Terezinha Matos,False
g9099,Valquíria Alves Lima,Valkirya da Baixinha,False
g910,Dulcilene das Dores Ribeiro,Dulce Studio A,False
g9111,Valter Cirino dos Santos,Chaveirinho do Gás,False
g9112,Reinaldo Franco de Souza,Professor Reinaldo,False
g9118,Jeanne da Silva Carvalho Branco,Jeanne Branco,False
g9125,Rodinei Pereira Domingues,Ney Domingues,False
g9126,Cicero Rodrigues Fiuza,Fiuza,False
g9154,Marina Jordan Ottoni de Carvalho Gonçalves,Marina Ottoni,False
g9160,Leandro Cesar Mathias,Leandro do Geada,False
g9181,Rildo Revelino Vieira,Mestre Rildo,False
g9183,Gildete Maria de Jesus dos Santos,Dete do Tik Tok,False
g9185,Maurilis Aparecido Constancio,Zico da Capoeira,False
g9186,Senira Coleti Martins,Sinira,False
g9187,Herica da Silva Geronymo Oliveira de França,Dra. Herica Veryano,False
g9194,Matheus Manoel Matos de Souza,Matheus Matos,False
g9195,Valdir Aparecido da Cruz,Mandi,False
g9196,Claudia Aparecida Miguel,Claudia Miguel,False
g9205,Demetrios Jose de Paula,Demetrios,False
g9212,Celeste Aparecida Braga,Cida Braga,False
g9226,Adao Floriano da Silva,Adao da Água,False
g9229,Benedito Aparecido de Oliveira Zanona,Bene Zanona,False
g9232,Vera Lúcia Canela,Vera Canela,False
g9273,Jose Aparecido Lopes do Nascimento,Zé da Grama,False
g9275,Rosaura Aparecida de Almeida,Rosaura Almeida,False
g9298,José Jairo Cuer de França,Jairo Cuer,False
g9305,Claudio Jose Betzler,Claudio Betzler,False
g9312,Raul Moreno Calazans,Raul Calazans,False
g9333,Jorglan Gino,Pelado,False
g9334,Fabio de Sousa Rodrigues,Fábio Dj Bio,False
g9338,Gilberto Severo da Silva,Giba do Estacionamento,False
g9339,Eliton Rogerio Quirino,Eliton Quirino,False
g9342,Rogerio Davi dos Anjos,Rogério da Ane Zelo,False
g9346,Alice Melchert Chiapesan,Alice Melchert,False
g9372,Deusdedit Alves de Araújo,Deusdedit Araújo,False
g9376,Célia Rodrigues Cardoso de Oliveira,Célia Professora,False
g9383,Cristiano Castro Cotrim,Cris da Abb,False
g9388,Angela Maria dos Santos,Angela do Assentamento,False
g9403,Conceição Aparecida Nascimento Sandoval,Ceiça Sandoval,False
g9419,Jose Lucio Flavio Oliveira Eloi,Lucio Flavio,False
g9421,Odete dos Santos,Eng Odete,False
g9433,Thais Menezes,Thais Menezes,False
g9434,Joel Hurtado Sierra,Joel Hurtado Protético,False
g9437,Neuri Lucia da Silva,Lucia Guerra,False
g9452,Everaldo Aparecido de Carvalho,Balinha,False
g9462,Josival Souza Alves,Josival,False
g9469,Miguel José da Silva,Miguel Campos Silva,False
g9473,Emile Camily Dias Marche,Emile Camily,False
g9475,Ednei da Silva Cruz,Pézão,False
g9477,Rosária Cristina Vidiri dos Reis,Rosária Vidiri,False
g9495,Maria de Lurdes dos Santos,Lurdes Santos,False
g9513,Claudio Ramos Moreira,Claudio Ramos,False
g9528,Adriana Menecucci Gutierrez,Adriana Menecucci,False
g9530,George Carlos Pires Moro,George Moro,False
g9538,Claudio Francisco Barbosa Ventura,Professor do Fim do Mundo,False
g9561,Janete da Silva Bispo Goncalves,Janete Bispo,False
g9563,Olga Souza Grillo Rodrigues Pires,Professora Olga Grillo,False
g9566,Fabio Leissmann,Professor Fabio,False
g9569,Silvana Donatti,Silvana,False
g9590,Jussara Miranda Correa Michelin,Jussara Miranda Michelin,False
g9591,Luiz Francisco Fernandes,Dr Luiz Pelanca,False
g961,Marcelo Del Passe Gregório,Marcelo Coletor da Pevi,False
g9611,Antero Bispo dos Santos,Antero do Sesi,False
g9629,Denis Wilson Zarpao Pereira Campos,Denis Vermeio,False
g9630,Paulo Sergio da Silva,Paulinho de Itaquá,False
g9632,Severino José da Silva Filho,Doutor Severino,False
g9641,Kelly de Fátima Martins Ribeiro Magalhães,Kelly Martins,False
g9643,Manoel Antônio Siqueira Filho,Manoel Motorista,False
g9663,Sebastião de Souza Almeida,Tião da Volks,False
g9665,Rita Sabino,Ritinha,False
g9681,Consuelo Mendes,Prof.. Consuelo,False
g9688,Florisvaldo Gonçalves Fernandes,Lin Fernandes,False
g9691,Aparecido Siqueira Gonçalves,Aparecydo Corretor,False
g9721,Marco Antonio Thomaz da Costa,Thomaz Pezão,False
g9727,Renata Gonçalves Dias Carvalho,Renata do Pt,False
g9730,Simoni dos Santos Pereira Silva,Simoni Pereira,False
g9732,Carlos Roberto Demetrio,Lico do Pt,False
g9741,Cíntia Gushiken Imperatriz,Cíntia Gushiken,False
g9743,Zenilde Batista,Zenilde Zê,False
g9751,Fátima Aparecida Silva,Fátima do Olga Benário,False
g9770,Bruno César Castro Cunha,Bruno Castro,False
g9777,Luiz Fernando Rangel,Fernando Rangel,False
g9798,Mercia Carvalho de Almeida,Mércia Carvalho,False
g9800,Jose Ubirajara Targino da Silva,Tio Bira,False
g981,Jose Fernando Araujo Geribello,Fernandinho,False
g9810,Carmen da Silva Ferreira,Carmen Silva,False
g9817,Reginaldo Francisco Neto,Reginaldo da Lojinha,False
g9833,Roberto Nunes Ferreira,Roberto Ferreira,False
g9835,Joao Natan Pereira,Juninho,False
g9843,Cássia Regina Silva,Cássia Silva,False
g9852,Jacqueline Ribeiro da Silva,Jacque,False
g9855,Cleonice Bernardes dos Santos Marques,Professora Cleonice,False
g9859,José Marcelo Cassaro,Marcelo Cassaro,False
g9870,Alicio Marques Barcelos,Alicio Marques,False
g9875,Joaquim Pereira Cardoso,Joka,False
g988,Renan Aparecido Barbosa,Renan Barbosa,False
g9893,Jose Pereira dos Santos Gomes,Bisteca,False
g990,Cleusa Santiago Cosme da Silva,Cleusa de São Lourenço,False
g9900,Marcelo Iglesias Moraes,Marcelo Iglesias,False
g9902,Maria Luiza da Silva,Maria Luiza,False
g9905,Pedro Goulart Madureira,Pedrão Madureira,False
g9907,Paulo Pinto de Oliveira Neto,Paulo Pinto,False
g9917,Joaci Ferreira da Silva,Joaci Silva,False
g9920,Divaldo Cassimiro,Divaldo,False
g9938,Hamis Katy Takahashi,Hamis Mantelli,False
g9984,Jeniffer Reducino Ferraz,Jeniffer Ferraz,False
g9985,Solange Loureiro Pozzuto,Professora Solange Pozzuto,False
g9995,Zilda Danzi,Zilda Danzi,False
